Date,Open,High,Low,Close,Adj Close,Volume
1992-05-21,400.0,400.0,355.0,360.0,360.0,12410
1992-05-22,360.0,370.0,360.0,360.0,360.0,3458
1992-05-26,360.0,370.0,330.0,340.0,340.0,4235
1992-05-27,350.0,350.0,320.0,340.0,340.0,865
1992-05-28,330.0,350.0,330.0,340.0,340.0,2010
1992-05-29,340.0,370.0,340.0,370.0,370.0,2828
1992-06-01,370.0,375.0,360.0,360.0,360.0,2350
1992-06-02,370.0,370.0,360.0,360.0,360.0,6558
1992-06-03,360.0,370.0,360.0,360.0,360.0,1213
1992-06-04,350.0,370.0,350.0,370.0,370.0,10
1992-06-05,370.0,370.0,350.0,360.0,360.0,1010
1992-06-08,370.0,370.0,350.0,350.0,350.0,290
1992-06-09,350.0,360.0,330.0,330.0,330.0,1650
1992-06-10,360.0,360.0,330.0,330.0,330.0,1403
1992-06-11,350.0,350.0,330.0,335.0,335.0,173
1992-06-12,350.0,350.0,320.0,340.0,340.0,2258
1992-06-15,320.0,340.0,320.0,320.0,320.0,90
1992-06-16,320.0,350.0,320.0,350.0,350.0,258
1992-06-17,330.0,350.0,320.0,320.0,320.0,595
1992-06-18,350.0,350.0,340.0,340.0,340.0,105
1992-06-19,340.0,360.0,340.0,360.0,360.0,893
1992-06-22,340.0,360.0,340.0,340.0,340.0,338
1992-06-23,360.0,360.0,350.0,360.0,360.0,13
1992-06-24,340.0,360.0,340.0,340.0,340.0,198
1992-06-25,340.0,340.0,340.0,340.0,340.0,190
1992-06-26,340.0,360.0,340.0,350.0,350.0,235
1992-06-29,360.0,360.0,340.0,360.0,360.0,183
1992-06-30,340.0,340.0,340.0,340.0,340.0,38
1992-07-01,340.0,360.0,340.0,340.0,340.0,140
1992-07-02,360.0,360.0,350.0,360.0,360.0,78
1992-07-06,360.0,360.0,340.0,340.0,340.0,113
1992-07-07,360.0,360.0,340.0,350.0,350.0,318
1992-07-08,340.0,360.0,340.0,360.0,360.0,83
1992-07-09,340.0,400.0,340.0,380.0,380.0,3775
1992-07-10,430.0,430.0,390.0,400.0,400.0,4658
1992-07-13,420.0,420.0,390.0,390.0,390.0,1545
1992-07-14,420.0,420.0,400.0,415.0,415.0,1278
1992-07-15,420.0,450.0,410.0,450.0,450.0,3050
1992-07-16,450.0,480.0,440.0,460.0,460.0,3710
1992-07-17,470.0,470.0,450.0,470.0,470.0,2045
1992-07-20,450.0,500.0,450.0,480.0,480.0,790
1992-07-21,500.0,500.0,470.0,470.0,470.0,2085
1992-07-22,500.0,500.0,440.0,470.0,470.0,1770
1992-07-23,470.0,470.0,450.0,450.0,450.0,558
1992-07-24,450.0,470.0,450.0,460.0,460.0,335
1992-07-27,450.0,450.0,450.0,450.0,450.0,55
1992-07-28,450.0,500.0,450.0,500.0,500.0,4458
1992-07-29,500.0,570.0,470.0,570.0,570.0,5108
1992-07-30,580.0,580.0,530.0,560.0,560.0,1623
1992-07-31,560.0,560.0,540.0,550.0,550.0,3653
1992-08-03,560.0,560.0,540.0,560.0,560.0,843
1992-08-04,570.0,570.0,550.0,550.0,550.0,125
1992-08-05,550.0,550.0,550.0,550.0,550.0,8
1992-08-06,550.0,560.0,550.0,560.0,560.0,203
1992-08-07,560.0,560.0,520.0,520.0,520.0,825
1992-08-10,540.0,540.0,520.0,540.0,540.0,610
1992-08-11,550.0,550.0,550.0,550.0,550.0,20
1992-08-12,550.0,550.0,520.0,520.0,520.0,130
1992-08-13,520.0,550.0,520.0,550.0,550.0,30
1992-08-14,550.0,550.0,530.0,530.0,530.0,93
1992-08-17,540.0,550.0,530.0,550.0,550.0,395
1992-08-18,530.0,550.0,530.0,530.0,530.0,165
1992-08-19,550.0,550.0,530.0,545.0,545.0,605
1992-08-20,550.0,550.0,530.0,530.0,530.0,143
1992-08-21,530.0,570.0,530.0,560.0,560.0,9390
1992-08-24,580.0,580.0,550.0,570.0,570.0,1960
1992-08-25,580.0,580.0,560.0,570.0,570.0,593
1992-08-26,580.0,580.0,560.0,570.0,570.0,258
1992-08-27,580.0,660.0,570.0,640.0,640.0,3943
1992-08-28,640.0,695.0,620.0,680.0,680.0,2253
1992-08-31,680.0,700.0,660.0,690.0,690.0,2225
1992-09-01,660.0,690.0,650.0,690.0,690.0,2325
1992-09-02,660.0,690.0,660.0,680.0,680.0,1363
1992-09-03,680.0,680.0,660.0,670.0,670.0,625
1992-09-04,660.0,680.0,660.0,670.0,670.0,1623
1992-09-08,680.0,680.0,660.0,660.0,660.0,565
1992-09-09,650.0,670.0,640.0,650.0,650.0,123
1992-09-10,640.0,670.0,640.0,660.0,660.0,1250
1992-09-11,670.0,690.0,640.0,690.0,690.0,1105
1992-09-14,690.0,810.0,690.0,780.0,780.0,2553
1992-09-15,790.0,790.0,700.0,720.0,720.0,3300
1992-09-16,700.0,730.0,680.0,730.0,730.0,508
1992-09-17,730.0,730.0,700.0,725.0,725.0,573
1992-09-18,720.0,745.0,720.0,745.0,745.0,743
1992-09-21,760.0,800.0,730.0,780.0,780.0,1398
1992-09-22,790.0,790.0,710.0,710.0,710.0,918
1992-09-23,710.0,740.0,710.0,735.0,735.0,2208
1992-09-24,750.0,750.0,670.0,710.0,710.0,1810
1992-09-25,680.0,710.0,660.0,660.0,660.0,2325
1992-09-28,690.0,690.0,630.0,655.0,655.0,1188
1992-09-29,630.0,650.0,630.0,630.0,630.0,98
1992-09-30,670.0,670.0,630.0,640.0,640.0,153
1992-10-01,670.0,690.0,630.0,670.0,670.0,360
1992-10-02,650.0,655.0,650.0,650.0,650.0,70
1992-10-05,670.0,680.0,580.0,680.0,680.0,1780
1992-10-06,680.0,690.0,660.0,680.0,680.0,88
1992-10-07,660.0,710.0,660.0,700.0,700.0,285
1992-10-08,740.0,780.0,720.0,770.0,770.0,2500
1992-10-09,740.0,770.0,740.0,770.0,770.0,313
1992-10-12,760.0,780.0,750.0,750.0,750.0,610
1992-10-13,780.0,780.0,750.0,780.0,780.0,735
1992-10-14,740.0,770.0,690.0,695.0,695.0,3178
1992-10-15,640.0,680.0,540.0,590.0,590.0,11355
1992-10-16,590.0,590.0,550.0,550.0,550.0,6483
1992-10-19,550.0,610.0,550.0,610.0,610.0,8828
1992-10-20,635.0,640.0,610.0,620.0,620.0,7183
1992-10-21,640.0,640.0,570.0,585.0,585.0,1583
1992-10-22,590.0,610.0,570.0,600.0,600.0,4418
1992-10-23,600.0,620.0,600.0,600.0,600.0,625
1992-10-26,580.0,600.0,550.0,570.0,570.0,1470
1992-10-27,590.0,590.0,550.0,560.0,560.0,878
1992-10-28,560.0,610.0,560.0,610.0,610.0,2203
1992-10-29,620.0,660.0,600.0,650.0,650.0,1713
1992-10-30,650.0,670.0,620.0,650.0,650.0,1050
1992-11-02,640.0,660.0,610.0,620.0,620.0,378
1992-11-03,600.0,610.0,580.0,585.0,585.0,2378
1992-11-04,580.0,610.0,580.0,610.0,610.0,43
1992-11-05,580.0,610.0,580.0,595.0,595.0,1083
1992-11-06,610.0,610.0,580.0,600.0,600.0,3645
1992-11-09,580.0,620.0,580.0,580.0,580.0,415
1992-11-10,620.0,620.0,580.0,580.0,580.0,1615
1992-11-11,620.0,620.0,580.0,580.0,580.0,678
1992-11-12,620.0,620.0,580.0,590.0,590.0,608
1992-11-13,580.0,620.0,580.0,590.0,590.0,1658
1992-11-16,580.0,600.0,560.0,585.0,585.0,7395
1992-11-17,590.0,600.0,570.0,590.0,590.0,340
1992-11-18,600.0,640.0,580.0,640.0,640.0,1585
1992-11-19,640.0,660.0,620.0,620.0,620.0,4293
1992-11-20,640.0,640.0,620.0,630.0,630.0,2958
1992-11-23,640.0,640.0,620.0,635.0,635.0,908
1992-11-24,640.0,640.0,610.0,630.0,630.0,5113
1992-11-25,620.0,680.0,620.0,680.0,680.0,16040
1992-11-27,680.0,720.0,670.0,700.0,700.0,3323
1992-11-30,720.0,720.0,680.0,680.0,680.0,13398
1992-12-01,690.0,700.0,670.0,690.0,690.0,2560
1992-12-02,690.0,740.0,690.0,700.0,700.0,19380
1992-12-03,700.0,730.0,700.0,720.0,720.0,7473
1992-12-04,730.0,730.0,650.0,680.0,680.0,2340
1992-12-07,660.0,690.0,660.0,660.0,660.0,2955
1992-12-08,660.0,680.0,660.0,660.0,660.0,538
1992-12-09,680.0,710.0,660.0,680.0,680.0,1170
1992-12-10,670.0,690.0,670.0,670.0,670.0,150
1992-12-11,670.0,690.0,670.0,680.0,680.0,2820
1992-12-14,680.0,690.0,670.0,670.0,670.0,493
1992-12-15,670.0,670.0,650.0,650.0,650.0,3743
1992-12-16,650.0,680.0,630.0,650.0,650.0,10960
1992-12-17,650.0,670.0,610.0,620.0,620.0,2125
1992-12-18,640.0,640.0,610.0,610.0,610.0,733
1992-12-21,640.0,650.0,610.0,645.0,645.0,663
1992-12-22,630.0,650.0,630.0,645.0,645.0,205
1992-12-23,640.0,650.0,630.0,650.0,650.0,515
1992-12-24,630.0,650.0,630.0,640.0,640.0,93
1992-12-28,640.0,660.0,640.0,660.0,660.0,310
1992-12-29,640.0,670.0,640.0,640.0,640.0,30
1992-12-30,670.0,670.0,640.0,670.0,670.0,1423
1992-12-31,710.0,710.0,680.0,700.0,700.0,2518
1993-01-04,690.0,720.0,690.0,720.0,720.0,380
1993-01-05,720.0,730.0,700.0,720.0,720.0,3023
1993-01-06,720.0,720.0,690.0,690.0,690.0,1505
1993-01-07,720.0,720.0,690.0,705.0,705.0,1210
1993-01-08,700.0,710.0,670.0,700.0,700.0,258
1993-01-11,670.0,690.0,660.0,680.0,680.0,573
1993-01-12,700.0,700.0,680.0,695.0,695.0,1353
1993-01-13,690.0,700.0,660.0,680.0,680.0,650
1993-01-14,680.0,700.0,680.0,690.0,690.0,5510
1993-01-15,700.0,770.0,690.0,760.0,760.0,8563
1993-01-18,760.0,790.0,740.0,775.0,775.0,2778
1993-01-19,800.0,840.0,770.0,830.0,830.0,4648
1993-01-20,830.0,830.0,775.0,810.0,810.0,3255
1993-01-21,810.0,840.0,780.0,815.0,815.0,3630
1993-01-22,820.0,930.0,820.0,890.0,890.0,7025
1993-01-25,890.0,920.0,880.0,880.0,880.0,3583
1993-01-26,900.0,900.0,820.0,830.0,830.0,2905
1993-01-27,820.0,850.0,790.0,805.0,805.0,1193
1993-01-28,790.0,820.0,710.0,780.0,780.0,3210
1993-01-29,760.0,770.0,750.0,750.0,750.0,1293
1993-02-01,780.0,820.0,750.0,810.0,810.0,1215
1993-02-02,800.0,820.0,790.0,820.0,820.0,338
1993-02-03,840.0,880.0,820.0,860.0,860.0,3155
1993-02-04,870.0,870.0,840.0,850.0,850.0,2283
1993-02-05,870.0,870.0,770.0,800.0,800.0,1330
1993-02-08,800.0,810.0,780.0,790.0,790.0,163
1993-02-09,780.0,800.0,720.0,740.0,740.0,1245
1993-02-10,750.0,770.0,720.0,770.0,770.0,475
1993-02-11,780.0,790.0,750.0,780.0,780.0,435
1993-02-12,750.0,780.0,740.0,750.0,750.0,1065
1993-02-16,750.0,750.0,640.0,650.0,650.0,4618
1993-02-17,670.0,670.0,570.0,575.0,575.0,10438
1993-02-18,610.0,700.0,610.0,690.0,690.0,9953
1993-02-19,700.0,740.0,680.0,700.0,700.0,1358
1993-02-22,700.0,700.0,680.0,680.0,680.0,575
1993-02-23,680.0,700.0,640.0,680.0,680.0,930
1993-02-24,690.0,690.0,660.0,660.0,660.0,1280
1993-02-25,650.0,680.0,650.0,660.0,660.0,1670
1993-02-26,680.0,680.0,650.0,660.0,660.0,305
1993-03-01,660.0,670.0,650.0,660.0,660.0,1745
1993-03-02,670.0,670.0,650.0,670.0,670.0,100
1993-03-03,670.0,710.0,660.0,700.0,700.0,3195
1993-03-04,700.0,700.0,670.0,695.0,695.0,658
1993-03-05,710.0,710.0,670.0,680.0,680.0,2908
1993-03-08,660.0,695.0,630.0,690.0,690.0,3325
1993-03-09,670.0,700.0,670.0,700.0,700.0,90
1993-03-10,700.0,700.0,660.0,660.0,660.0,3530
1993-03-11,690.0,690.0,630.0,650.0,650.0,1403
1993-03-12,650.0,650.0,600.0,650.0,650.0,2290
1993-03-15,660.0,680.0,640.0,650.0,650.0,1270
1993-03-16,640.0,670.0,640.0,650.0,650.0,348
1993-03-17,650.0,670.0,610.0,640.0,640.0,3378
1993-03-18,640.0,650.0,610.0,630.0,630.0,1085
1993-03-19,620.0,640.0,600.0,620.0,620.0,988
1993-03-22,610.0,620.0,600.0,620.0,620.0,1750
1993-03-23,620.0,650.0,600.0,620.0,620.0,293
1993-03-24,635.0,650.0,610.0,620.0,620.0,490
1993-03-25,630.0,640.0,615.0,640.0,640.0,600
1993-03-26,610.0,620.0,550.0,590.0,590.0,3518
1993-03-29,590.0,590.0,570.0,590.0,590.0,358
1993-03-30,590.0,610.0,570.0,585.0,585.0,1008
1993-03-31,610.0,620.0,600.0,620.0,620.0,658
1993-04-01,620.0,640.0,600.0,620.0,620.0,1298
1993-04-02,590.0,620.0,580.0,590.0,590.0,555
1993-04-05,580.0,590.0,550.0,565.0,565.0,2340
1993-04-06,570.0,570.0,540.0,540.0,540.0,860
1993-04-07,530.0,570.0,530.0,545.0,545.0,148
1993-04-08,530.0,560.0,530.0,530.0,530.0,100
1993-04-12,570.0,570.0,530.0,540.0,540.0,1073
1993-04-13,540.0,550.0,490.0,520.0,520.0,2413
1993-04-14,520.0,530.0,440.0,450.0,450.0,6688
1993-04-15,470.0,500.0,450.0,500.0,500.0,1923
1993-04-16,500.0,550.0,500.0,550.0,550.0,1335
1993-04-19,580.0,610.0,540.0,610.0,610.0,1685
1993-04-20,640.0,650.0,580.0,605.0,605.0,1705
1993-04-21,605.0,605.0,580.0,580.0,580.0,563
1993-04-22,360.0,460.0,350.0,460.0,460.0,14558
1993-04-23,470.0,470.0,440.0,465.0,465.0,808
1993-04-26,450.0,470.0,440.0,440.0,440.0,1000
1993-04-27,430.0,450.0,420.0,440.0,440.0,1278
1993-04-28,440.0,440.0,420.0,430.0,430.0,1520
1993-04-29,440.0,450.0,430.0,450.0,450.0,2158
1993-04-30,450.0,450.0,430.0,440.0,440.0,2253
1993-05-03,430.0,440.0,430.0,430.0,430.0,1938
1993-05-04,440.0,440.0,420.0,430.0,430.0,825
1993-05-05,420.0,440.0,420.0,440.0,440.0,3168
1993-05-06,440.0,440.0,420.0,435.0,435.0,1828
1993-05-07,440.0,510.0,440.0,510.0,510.0,1188
1993-05-10,490.0,530.0,490.0,530.0,530.0,503
1993-05-11,530.0,530.0,510.0,530.0,530.0,175
1993-05-12,530.0,530.0,510.0,530.0,530.0,333
1993-05-13,510.0,530.0,500.0,500.0,500.0,715
1993-05-14,515.0,520.0,470.0,490.0,490.0,1410
1993-05-17,470.0,490.0,470.0,490.0,490.0,310
1993-05-18,480.0,480.0,470.0,480.0,480.0,235
1993-05-19,470.0,480.0,460.0,480.0,480.0,2118
1993-05-20,480.0,480.0,460.0,465.0,465.0,685
1993-05-21,470.0,520.0,460.0,520.0,520.0,2348
1993-05-24,500.0,560.0,500.0,560.0,560.0,1175
1993-05-25,560.0,560.0,530.0,550.0,550.0,1338
1993-05-26,560.0,560.0,540.0,560.0,560.0,303
1993-05-27,560.0,560.0,540.0,550.0,550.0,615
1993-05-28,540.0,570.0,540.0,570.0,570.0,6973
1993-06-01,580.0,610.0,560.0,610.0,610.0,3090
1993-06-02,620.0,620.0,570.0,580.0,580.0,3373
1993-06-03,570.0,570.0,530.0,550.0,550.0,4685
1993-06-04,530.0,550.0,480.0,520.0,520.0,5563
1993-06-07,510.0,530.0,510.0,510.0,510.0,818
1993-06-08,530.0,530.0,470.0,480.0,480.0,1415
1993-06-09,460.0,510.0,455.0,500.0,500.0,1718
1993-06-10,520.0,520.0,490.0,510.0,510.0,1148
1993-06-11,530.0,530.0,520.0,530.0,530.0,143
1993-06-14,520.0,580.0,520.0,540.0,540.0,1800
1993-06-15,550.0,550.0,530.0,530.0,530.0,348
1993-06-16,530.0,550.0,520.0,550.0,550.0,738
1993-06-17,520.0,550.0,500.0,500.0,500.0,1270
1993-06-18,520.0,520.0,510.0,510.0,510.0,48
1993-06-21,500.0,520.0,500.0,500.0,500.0,295
1993-06-22,500.0,510.0,450.0,480.0,480.0,1333
1993-06-23,460.0,490.0,460.0,490.0,490.0,900
1993-06-24,470.0,490.0,470.0,485.0,485.0,578
1993-06-25,500.0,500.0,480.0,485.0,485.0,585
1993-06-28,500.0,570.0,480.0,540.0,540.0,3623
1993-06-29,560.0,570.0,540.0,540.0,540.0,793
1993-06-30,555.0,560.0,530.0,540.0,540.0,1525
1993-07-01,530.0,560.0,520.0,540.0,540.0,800
1993-07-02,530.0,540.0,500.0,515.0,515.0,988
1993-07-06,520.0,550.0,520.0,530.0,530.0,1518
1993-07-07,540.0,540.0,520.0,535.0,535.0,760
1993-07-08,540.0,540.0,500.0,510.0,510.0,1485
1993-07-09,510.0,520.0,510.0,515.0,515.0,1283
1993-07-12,520.0,520.0,490.0,520.0,520.0,188
1993-07-13,505.0,520.0,500.0,520.0,520.0,548
1993-07-14,505.0,520.0,500.0,500.0,500.0,578
1993-07-15,500.0,520.0,500.0,500.0,500.0,798
1993-07-16,505.0,520.0,500.0,510.0,510.0,815
1993-07-19,510.0,510.0,490.0,490.0,490.0,1343
1993-07-20,510.0,510.0,470.0,480.0,480.0,1525
1993-07-21,480.0,500.0,480.0,490.0,490.0,1153
1993-07-22,500.0,570.0,500.0,545.0,545.0,6765
1993-07-23,545.0,610.0,545.0,610.0,610.0,6045
1993-07-26,610.0,630.0,610.0,615.0,615.0,4093
1993-07-27,620.0,630.0,610.0,610.0,610.0,4490
1993-07-28,610.0,640.0,610.0,640.0,640.0,2145
1993-07-29,630.0,650.0,620.0,620.0,620.0,3915
1993-07-30,620.0,640.0,600.0,600.0,600.0,4970
1993-08-02,600.0,610.0,590.0,590.0,590.0,1300
1993-08-03,600.0,600.0,580.0,580.0,580.0,1073
1993-08-04,580.0,580.0,560.0,560.0,560.0,1420
1993-08-05,580.0,580.0,550.0,550.0,550.0,913
1993-08-06,550.0,570.0,550.0,555.0,555.0,118
1993-08-09,570.0,570.0,550.0,555.0,555.0,1460
1993-08-10,560.0,600.0,560.0,575.0,575.0,578
1993-08-11,570.0,590.0,570.0,580.0,580.0,363
1993-08-12,570.0,590.0,550.0,570.0,570.0,1155
1993-08-13,550.0,570.0,550.0,570.0,570.0,268
1993-08-16,550.0,570.0,550.0,550.0,550.0,178
1993-08-17,580.0,590.0,560.0,590.0,590.0,1588
1993-08-18,600.0,610.0,580.0,590.0,590.0,553
1993-08-19,580.0,670.0,580.0,670.0,670.0,4200
1993-08-20,640.0,690.0,640.0,665.0,665.0,2820
1993-08-23,680.0,700.0,650.0,690.0,690.0,3335
1993-08-24,700.0,710.0,690.0,690.0,690.0,2425
1993-08-25,700.0,700.0,655.0,690.0,690.0,2115
1993-08-26,670.0,670.0,650.0,650.0,650.0,883
1993-08-27,650.0,650.0,610.0,640.0,640.0,1068
1993-08-30,650.0,650.0,620.0,635.0,635.0,873
1993-08-31,620.0,670.0,620.0,660.0,660.0,1713
1993-09-01,670.0,670.0,650.0,650.0,650.0,335
1993-09-02,650.0,700.0,640.0,690.0,690.0,2620
1993-09-03,680.0,730.0,680.0,720.0,720.0,2183
1993-09-07,710.0,720.0,680.0,690.0,690.0,2845
1993-09-08,670.0,690.0,655.0,670.0,670.0,4395
1993-09-09,440.0,460.0,400.0,445.0,445.0,33865
1993-09-10,445.0,445.0,400.0,420.0,420.0,11343
1993-09-13,400.0,430.0,400.0,410.0,410.0,1778
1993-09-14,410.0,430.0,400.0,415.0,415.0,2083
1993-09-15,420.0,420.0,400.0,400.0,400.0,708
1993-09-16,400.0,410.0,390.0,400.0,400.0,2070
1993-09-17,410.0,420.0,400.0,410.0,410.0,868
1993-09-20,420.0,420.0,390.0,410.0,410.0,1490
1993-09-21,410.0,410.0,360.0,370.0,370.0,4563
1993-09-22,400.0,420.0,360.0,420.0,420.0,2428
1993-09-23,420.0,420.0,400.0,420.0,420.0,618
1993-09-24,420.0,420.0,390.0,410.0,410.0,180
1993-09-27,390.0,410.0,390.0,390.0,390.0,548
1993-09-28,390.0,410.0,380.0,400.0,400.0,320
1993-09-29,400.0,400.0,360.0,365.0,365.0,805
1993-09-30,380.0,390.0,360.0,370.0,370.0,658
1993-10-01,390.0,390.0,370.0,385.0,385.0,498
1993-10-04,390.0,390.0,380.0,380.0,380.0,338
1993-10-05,390.0,390.0,370.0,385.0,385.0,920
1993-10-06,390.0,390.0,370.0,370.0,370.0,953
1993-10-07,370.0,390.0,370.0,380.0,380.0,235
1993-10-08,370.0,390.0,370.0,390.0,390.0,820
1993-10-11,390.0,390.0,370.0,370.0,370.0,515
1993-10-12,385.0,390.0,370.0,380.0,380.0,1140
1993-10-13,385.0,410.0,380.0,395.0,395.0,3300
1993-10-14,395.0,420.0,390.0,410.0,410.0,1513
1993-10-15,420.0,430.0,400.0,415.0,415.0,1853
1993-10-18,420.0,430.0,410.0,430.0,430.0,493
1993-10-19,430.0,430.0,400.0,400.0,400.0,660
1993-10-20,410.0,420.0,400.0,400.0,400.0,823
1993-10-21,380.0,400.0,360.0,390.0,390.0,1040
1993-10-22,380.0,420.0,380.0,415.0,415.0,945
1993-10-25,400.0,420.0,400.0,420.0,420.0,150
1993-10-26,400.0,420.0,400.0,415.0,415.0,78
1993-10-27,400.0,420.0,400.0,410.0,410.0,223
1993-10-28,420.0,425.0,410.0,410.0,410.0,118
1993-10-29,420.0,460.0,420.0,435.0,435.0,985
1993-11-01,440.0,440.0,430.0,430.0,430.0,275
1993-11-02,440.0,440.0,420.0,420.0,420.0,413
1993-11-03,420.0,440.0,400.0,420.0,420.0,1513
1993-11-04,410.0,440.0,410.0,420.0,420.0,478
1993-11-05,420.0,460.0,410.0,440.0,440.0,1643
1993-11-08,460.0,490.0,450.0,490.0,490.0,3765
1993-11-09,530.0,560.0,500.0,515.0,515.0,4545
1993-11-10,530.0,530.0,490.0,490.0,490.0,678
1993-11-11,520.0,530.0,490.0,510.0,510.0,148
1993-11-12,530.0,530.0,500.0,500.0,500.0,230
1993-11-15,530.0,550.0,510.0,520.0,520.0,1968
1993-11-16,510.0,530.0,490.0,500.0,500.0,1400
1993-11-17,510.0,520.0,490.0,490.0,490.0,578
1993-11-18,490.0,510.0,490.0,490.0,490.0,1090
1993-11-19,480.0,500.0,480.0,500.0,500.0,75
1993-11-22,460.0,500.0,440.0,440.0,440.0,308
1993-11-23,480.0,480.0,470.0,470.0,470.0,265
1993-11-24,470.0,470.0,460.0,460.0,460.0,118
1993-11-26,450.0,480.0,450.0,480.0,480.0,50
1993-11-29,480.0,480.0,460.0,480.0,480.0,208
1993-11-30,480.0,480.0,450.0,470.0,470.0,203
1993-12-01,480.0,480.0,470.0,480.0,480.0,63
1993-12-02,480.0,490.0,460.0,490.0,490.0,200
1993-12-03,490.0,490.0,460.0,490.0,490.0,38
1993-12-06,480.0,480.0,450.0,450.0,450.0,235
1993-12-07,450.0,490.0,450.0,490.0,490.0,470
1993-12-08,460.0,485.0,460.0,480.0,480.0,673
1993-12-09,460.0,490.0,460.0,475.0,475.0,693
1993-12-10,460.0,490.0,460.0,460.0,460.0,110
1993-12-13,460.0,480.0,460.0,470.0,470.0,738
1993-12-14,470.0,480.0,470.0,470.0,470.0,218
1993-12-15,470.0,490.0,465.0,465.0,465.0,203
1993-12-16,465.0,490.0,465.0,480.0,480.0,210
1993-12-17,490.0,510.0,465.0,485.0,485.0,3633
1993-12-20,480.0,510.0,480.0,495.0,495.0,260
1993-12-21,510.0,510.0,490.0,500.0,500.0,168
1993-12-22,490.0,520.0,490.0,490.0,490.0,920
1993-12-23,495.0,520.0,495.0,500.0,500.0,595
1993-12-27,520.0,530.0,500.0,530.0,530.0,385
1993-12-28,530.0,560.0,530.0,560.0,560.0,588
1993-12-29,560.0,560.0,545.0,545.0,545.0,880
1993-12-30,540.0,550.0,530.0,550.0,550.0,393
1993-12-31,530.0,550.0,530.0,550.0,550.0,483
1994-01-03,540.0,545.0,540.0,540.0,540.0,960
1994-01-04,530.0,530.0,530.0,530.0,530.0,253
1994-01-05,540.0,540.0,530.0,530.0,530.0,508
1994-01-06,535.0,550.0,535.0,535.0,535.0,673
1994-01-07,530.0,550.0,530.0,550.0,550.0,213
1994-01-10,530.0,550.0,530.0,550.0,550.0,388
1994-01-11,540.0,550.0,510.0,510.0,510.0,1678
1994-01-12,540.0,540.0,510.0,520.0,520.0,540
1994-01-13,510.0,540.0,500.0,510.0,510.0,520
1994-01-14,490.0,520.0,490.0,500.0,500.0,50
1994-01-17,490.0,520.0,490.0,490.0,490.0,83
1994-01-18,490.0,520.0,490.0,520.0,520.0,115
1994-01-19,490.0,510.0,490.0,495.0,495.0,270
1994-01-20,490.0,510.0,490.0,500.0,500.0,320
1994-01-21,520.0,520.0,500.0,520.0,520.0,828
1994-01-24,520.0,530.0,500.0,520.0,520.0,60
1994-01-25,530.0,530.0,490.0,490.0,490.0,613
1994-01-26,500.0,500.0,470.0,470.0,470.0,673
1994-01-27,490.0,490.0,480.0,480.0,480.0,180
1994-01-28,470.0,485.0,470.0,485.0,485.0,125
1994-01-31,490.0,500.0,470.0,500.0,500.0,185
1994-02-01,480.0,500.0,480.0,480.0,480.0,425
1994-02-02,500.0,520.0,500.0,520.0,520.0,335
1994-02-03,500.0,530.0,500.0,520.0,520.0,1198
1994-02-04,530.0,530.0,510.0,510.0,510.0,670
1994-02-07,500.0,500.0,460.0,480.0,480.0,1423
1994-02-08,480.0,490.0,465.0,475.0,475.0,1193
1994-02-09,460.0,480.0,450.0,450.0,450.0,665
1994-02-10,450.0,460.0,430.0,440.0,440.0,2135
1994-02-11,430.0,450.0,430.0,430.0,430.0,400
1994-02-14,450.0,450.0,430.0,440.0,440.0,2898
1994-02-15,450.0,500.0,430.0,500.0,500.0,2608
1994-02-16,560.0,590.0,540.0,560.0,560.0,4683
1994-02-17,550.0,580.0,550.0,580.0,580.0,1508
1994-02-18,580.0,580.0,540.0,560.0,560.0,365
1994-02-22,560.0,570.0,530.0,570.0,570.0,290
1994-02-23,570.0,570.0,550.0,565.0,565.0,453
1994-02-24,570.0,570.0,530.0,530.0,530.0,843
1994-02-25,530.0,550.0,530.0,540.0,540.0,428
1994-02-28,540.0,540.0,520.0,540.0,540.0,343
1994-03-01,540.0,540.0,520.0,530.0,530.0,1760
1994-03-02,500.0,520.0,500.0,510.0,510.0,1015
1994-03-03,510.0,530.0,510.0,510.0,510.0,253
1994-03-04,525.0,530.0,510.0,520.0,520.0,725
1994-03-07,530.0,560.0,530.0,530.0,530.0,793
1994-03-08,560.0,560.0,540.0,545.0,545.0,323
1994-03-09,550.0,560.0,540.0,550.0,550.0,883
1994-03-10,540.0,550.0,530.0,530.0,530.0,825
1994-03-11,550.0,560.0,530.0,555.0,555.0,33
1994-03-14,560.0,560.0,540.0,545.0,545.0,530
1994-03-15,540.0,560.0,540.0,545.0,545.0,590
1994-03-16,540.0,560.0,540.0,545.0,545.0,1013
1994-03-17,540.0,560.0,540.0,555.0,555.0,1578
1994-03-18,570.0,580.0,550.0,560.0,560.0,2010
1994-03-21,570.0,620.0,550.0,620.0,620.0,3340
1994-03-22,620.0,660.0,590.0,650.0,650.0,5585
1994-03-23,630.0,675.0,630.0,670.0,670.0,1650
1994-03-24,650.0,670.0,620.0,640.0,640.0,2568
1994-03-25,620.0,660.0,620.0,640.0,640.0,683
1994-03-28,660.0,660.0,640.0,655.0,655.0,1778
1994-03-29,660.0,710.0,650.0,680.0,680.0,923
1994-03-30,680.0,700.0,640.0,650.0,650.0,2288
1994-03-31,640.0,660.0,620.0,660.0,660.0,3050
1994-04-04,620.0,650.0,600.0,635.0,635.0,1653
1994-04-05,660.0,670.0,640.0,665.0,665.0,903
1994-04-06,680.0,690.0,650.0,660.0,660.0,793
1994-04-07,690.0,690.0,660.0,665.0,665.0,290
1994-04-08,670.0,670.0,660.0,660.0,660.0,580
1994-04-11,660.0,680.0,660.0,675.0,675.0,258
1994-04-12,660.0,680.0,660.0,660.0,660.0,850
1994-04-13,660.0,680.0,620.0,640.0,640.0,3433
1994-04-14,630.0,650.0,630.0,640.0,640.0,480
1994-04-15,640.0,675.0,640.0,670.0,670.0,1158
1994-04-18,680.0,690.0,650.0,670.0,670.0,1233
1994-04-19,690.0,690.0,620.0,620.0,620.0,1643
1994-04-20,630.0,640.0,620.0,620.0,620.0,555
1994-04-21,650.0,670.0,640.0,640.0,640.0,1970
1994-04-22,680.0,710.0,660.0,660.0,660.0,2283
1994-04-25,680.0,690.0,660.0,690.0,690.0,765
1994-04-26,670.0,690.0,670.0,670.0,670.0,280
1994-04-28,690.0,690.0,640.0,645.0,645.0,1575
1994-04-29,640.0,650.0,640.0,650.0,650.0,80
1994-05-02,640.0,660.0,640.0,655.0,655.0,208
1994-05-03,640.0,660.0,640.0,647.5,647.5,743
1994-05-04,640.0,655.0,640.0,655.0,655.0,360
1994-05-05,650.0,660.0,640.0,660.0,660.0,665
1994-05-06,640.0,660.0,640.0,655.0,655.0,388
1994-05-09,640.0,680.0,640.0,650.0,650.0,1603
1994-05-10,660.0,680.0,650.0,660.0,660.0,930
1994-05-11,680.0,680.0,650.0,667.5,667.5,1515
1994-05-12,680.0,680.0,650.0,670.0,670.0,210
1994-05-13,650.0,660.0,650.0,650.0,650.0,4610
1994-05-16,650.0,670.0,650.0,670.0,670.0,898
1994-05-17,650.0,660.0,640.0,640.0,640.0,1083
1994-05-18,640.0,650.0,640.0,640.0,640.0,823
1994-05-19,640.0,650.0,630.0,630.0,630.0,1100
1994-05-20,630.0,650.0,630.0,630.0,630.0,110
1994-05-23,630.0,650.0,620.0,650.0,650.0,580
1994-05-24,640.0,640.0,620.0,630.0,630.0,145
1994-05-25,630.0,635.0,620.0,630.0,630.0,400
1994-05-26,650.0,650.0,620.0,650.0,650.0,1145
1994-05-27,630.0,650.0,630.0,630.0,630.0,108
1994-05-31,650.0,650.0,630.0,630.0,630.0,90
1994-06-01,630.0,640.0,600.0,630.0,630.0,538
1994-06-02,600.0,630.0,600.0,630.0,630.0,413
1994-06-03,600.0,600.0,600.0,600.0,600.0,28
1994-06-06,630.0,630.0,610.0,615.0,615.0,300
1994-06-07,630.0,650.0,610.0,630.0,630.0,420
1994-06-08,620.0,630.0,600.0,620.0,620.0,615
1994-06-09,620.0,620.0,590.0,590.0,590.0,65
1994-06-10,590.0,600.0,570.0,582.5,582.5,490
1994-06-13,550.0,580.0,500.0,570.0,570.0,3083
1994-06-14,580.0,580.0,560.0,560.0,560.0,288
1994-06-15,560.0,570.0,560.0,570.0,570.0,343
1994-06-16,570.0,577.5,560.0,560.0,560.0,130
1994-06-17,580.0,590.0,570.0,590.0,590.0,200
1994-06-20,560.0,580.0,560.0,565.0,565.0,393
1994-06-21,560.0,565.0,540.0,560.0,560.0,575
1994-06-22,560.0,560.0,545.0,545.0,545.0,85
1994-06-23,540.0,550.0,530.0,530.0,530.0,415
1994-06-24,530.0,530.0,500.0,505.0,505.0,733
1994-06-27,480.0,530.0,480.0,530.0,530.0,663
1994-06-28,520.0,530.0,500.0,510.0,510.0,653
1994-06-29,510.0,530.0,500.0,520.0,520.0,283
1994-06-30,520.0,530.0,510.0,510.0,510.0,443
1994-07-01,510.0,530.0,510.0,510.0,510.0,223
1994-07-05,530.0,530.0,530.0,530.0,530.0,8
1994-07-06,530.0,540.0,520.0,530.0,530.0,180
1994-07-07,550.0,570.0,550.0,565.0,565.0,418
1994-07-08,555.0,570.0,550.0,570.0,570.0,675
1994-07-11,550.0,580.0,550.0,565.0,565.0,220
1994-07-12,580.0,580.0,560.0,560.0,560.0,8
1994-07-13,575.0,580.0,575.0,575.0,575.0,20
1994-07-14,580.0,580.0,580.0,580.0,580.0,40
1994-07-15,560.0,580.0,560.0,570.0,570.0,350
1994-07-18,570.0,580.0,560.0,580.0,580.0,3428
1994-07-19,580.0,630.0,560.0,620.0,620.0,1258
1994-07-20,640.0,650.0,630.0,630.0,630.0,2023
1994-07-21,630.0,660.0,630.0,645.0,645.0,3678
1994-07-22,640.0,660.0,630.0,650.0,650.0,1760
1994-07-25,630.0,640.0,630.0,637.5,637.5,715
1994-07-26,630.0,640.0,630.0,630.0,630.0,505
1994-07-27,630.0,670.0,630.0,640.0,640.0,1233
1994-07-28,640.0,670.0,640.0,642.5,642.5,1285
1994-07-29,640.0,660.0,640.0,642.5,642.5,738
1994-08-01,640.0,650.0,640.0,640.0,640.0,98
1994-08-02,640.0,650.0,640.0,650.0,650.0,85
1994-08-03,640.0,650.0,640.0,650.0,650.0,30
1994-08-04,640.0,650.0,640.0,645.0,645.0,610
1994-08-05,640.0,645.0,630.0,632.5,632.5,1373
1994-08-08,630.0,645.0,630.0,645.0,645.0,475
1994-08-09,640.0,645.0,630.0,630.0,630.0,583
1994-08-10,630.0,635.0,630.0,630.0,630.0,160
1994-08-11,630.0,635.0,630.0,635.0,635.0,73
1994-08-12,630.0,640.0,630.0,640.0,640.0,425
1994-08-15,630.0,635.0,630.0,635.0,635.0,10
1994-08-16,640.0,660.0,635.0,640.0,640.0,965
1994-08-17,645.0,660.0,645.0,655.0,655.0,425
1994-08-18,640.0,660.0,640.0,660.0,660.0,168
1994-08-19,660.0,660.0,640.0,640.0,640.0,125
1994-08-22,660.0,660.0,640.0,640.0,640.0,90
1994-08-23,670.0,680.0,650.0,665.0,665.0,710
1994-08-24,660.0,660.0,660.0,660.0,660.0,25
1994-08-25,650.0,660.0,650.0,650.0,650.0,110
1994-08-26,660.0,680.0,650.0,650.0,650.0,218
1994-08-29,665.0,665.0,665.0,665.0,665.0,8
1994-08-30,680.0,690.0,660.0,685.0,685.0,860
1994-08-31,670.0,730.0,670.0,730.0,730.0,3375
1994-09-01,730.0,737.5,710.0,737.5,737.5,1385
1994-09-02,720.0,740.0,710.0,720.0,720.0,540
1994-09-06,740.0,750.0,710.0,750.0,750.0,473
1994-09-07,730.0,740.0,710.0,720.0,720.0,1403
1994-09-08,720.0,740.0,720.0,730.0,730.0,205
1994-09-09,730.0,750.0,730.0,730.0,730.0,200
1994-09-12,720.0,740.0,720.0,740.0,740.0,180
1994-09-13,720.0,740.0,720.0,720.0,720.0,190
1994-09-14,740.0,752.5,730.0,740.0,740.0,530
1994-09-15,730.0,760.0,730.0,760.0,760.0,240
1994-09-16,760.0,760.0,740.0,750.0,750.0,273
1994-09-19,770.0,800.0,750.0,750.0,750.0,1488
1994-09-20,740.0,770.0,730.0,730.0,730.0,268
1994-09-21,730.0,740.0,690.0,700.0,700.0,915
1994-09-22,680.0,710.0,680.0,710.0,710.0,130
1994-09-23,710.0,730.0,700.0,730.0,730.0,198
1994-09-26,710.0,725.0,710.0,710.0,710.0,65
1994-09-27,710.0,730.0,710.0,730.0,730.0,28
1994-09-28,730.0,740.0,720.0,735.0,735.0,170
1994-09-29,750.0,770.0,740.0,760.0,760.0,743
1994-09-30,750.0,770.0,750.0,770.0,770.0,633
1994-10-03,750.0,760.0,730.0,740.0,740.0,393
1994-10-04,730.0,755.0,730.0,740.0,740.0,2748
1994-10-05,730.0,740.0,710.0,720.0,720.0,353
1994-10-06,720.0,720.0,720.0,720.0,720.0,5
1994-10-07,720.0,730.0,700.0,715.0,715.0,423
1994-10-10,700.0,710.0,680.0,680.0,680.0,445
1994-10-11,680.0,700.0,680.0,695.0,695.0,558
1994-10-12,720.0,720.0,710.0,720.0,720.0,415
1994-10-13,720.0,720.0,680.0,685.0,685.0,540
1994-10-14,700.0,700.0,680.0,700.0,700.0,163
1994-10-17,680.0,760.0,680.0,750.0,750.0,1340
1994-10-18,730.0,760.0,730.0,735.0,735.0,153
1994-10-19,730.0,760.0,730.0,760.0,760.0,1045
1994-10-20,800.0,830.0,770.0,770.0,770.0,5580
1994-10-21,800.0,800.0,760.0,775.0,775.0,298
1994-10-24,790.0,790.0,750.0,750.0,750.0,388
1994-10-25,740.0,760.0,735.0,740.0,740.0,610
1994-10-26,740.0,740.0,720.0,725.0,725.0,883
1994-10-27,720.0,730.0,720.0,730.0,730.0,1018
1994-10-28,730.0,760.0,720.0,745.0,745.0,1230
1994-10-31,760.0,820.0,740.0,820.0,820.0,2090
1994-11-01,820.0,820.0,760.0,780.0,780.0,708
1994-11-02,770.0,830.0,760.0,825.0,825.0,2548
1994-11-03,800.0,880.0,800.0,860.0,860.0,5598
1994-11-04,880.0,940.0,860.0,930.0,930.0,3780
1994-11-07,910.0,920.0,880.0,895.0,895.0,2390
1994-11-08,910.0,910.0,880.0,910.0,910.0,665
1994-11-09,880.0,910.0,860.0,885.0,885.0,1188
1994-11-10,885.0,890.0,830.0,860.0,860.0,683
1994-11-11,830.0,870.0,830.0,850.0,850.0,370
1994-11-14,870.0,930.0,860.0,925.0,925.0,3445
1994-11-15,960.0,990.0,950.0,955.0,955.0,6148
1994-11-16,965.0,980.0,950.0,955.0,955.0,1763
1994-11-17,970.0,970.0,940.0,940.0,940.0,1528
1994-11-18,945.0,1000.0,940.0,990.0,990.0,4120
1994-11-21,1020.0,1050.0,995.0,1020.0,1020.0,6500
1994-11-22,1000.0,1060.0,980.0,1050.0,1050.0,5218
1994-11-23,1010.0,1050.0,1000.0,1020.0,1020.0,6180
1994-11-25,1030.0,1030.0,1010.0,1010.0,1010.0,173
1994-11-28,1030.0,1040.0,1000.0,1015.0,1015.0,2725
1994-11-29,1030.0,1030.0,990.0,1000.0,1000.0,1285
1994-11-30,1010.0,1030.0,990.0,995.0,995.0,2155
1994-12-01,1000.0,1010.0,990.0,990.0,990.0,608
1994-12-02,980.0,990.0,970.0,970.0,970.0,233
1994-12-05,990.0,1010.0,940.0,1010.0,1010.0,2400
1994-12-06,1010.0,1020.0,995.0,1010.0,1010.0,2655
1994-12-07,1010.0,1010.0,980.0,1000.0,1000.0,2768
1994-12-08,1000.0,1000.0,900.0,900.0,900.0,1755
1994-12-09,890.0,900.0,840.0,870.0,870.0,2305
1994-12-12,890.0,930.0,870.0,930.0,930.0,1180
1994-12-13,920.0,1000.0,920.0,970.0,970.0,1668
1994-12-14,1010.0,1060.0,1000.0,1040.0,1040.0,3110
1994-12-15,1040.0,1080.0,1020.0,1040.0,1040.0,1633
1994-12-16,1020.0,1080.0,1020.0,1060.0,1060.0,2440
1994-12-19,1070.0,1110.0,1070.0,1100.0,1100.0,1385
1994-12-20,1090.0,1120.0,1070.0,1110.0,1110.0,2703
1994-12-21,1120.0,1190.0,1100.0,1150.0,1150.0,6983
1994-12-22,1170.0,1170.0,1160.0,1165.0,1165.0,5180
1994-12-23,1160.0,1170.0,1150.0,1170.0,1170.0,595
1994-12-27,1170.0,1170.0,1150.0,1160.0,1160.0,1063
1994-12-28,1150.0,1170.0,1150.0,1160.0,1160.0,5813
1994-12-29,1160.0,1190.0,1150.0,1180.0,1180.0,10295
1994-12-30,1190.0,1190.0,1160.0,1165.0,1165.0,798
1995-01-03,1170.0,1170.0,1030.0,1040.0,1040.0,6873
1995-01-04,1060.0,1130.0,1030.0,1120.0,1120.0,5970
1995-01-05,1140.0,1200.0,1110.0,1190.0,1190.0,4195
1995-01-06,1200.0,1250.0,1180.0,1190.0,1190.0,5805
1995-01-09,1170.0,1200.0,1160.0,1190.0,1190.0,1810
1995-01-10,1180.0,1220.0,1180.0,1190.0,1190.0,3693
1995-01-11,1200.0,1260.0,1190.0,1250.0,1250.0,7405
1995-01-12,1270.0,1360.0,1240.0,1320.0,1320.0,6493
1995-01-13,1320.0,1350.0,1290.0,1320.0,1320.0,3355
1995-01-16,1320.0,1330.0,1290.0,1315.0,1315.0,1750
1995-01-17,1300.0,1380.0,1290.0,1380.0,1380.0,2435
1995-01-18,1400.0,1450.0,1370.0,1430.0,1430.0,5050
1995-01-19,1410.0,1430.0,1350.0,1390.0,1390.0,2525
1995-01-20,1380.0,1400.0,1340.0,1360.0,1360.0,1313
1995-01-23,1320.0,1350.0,1310.0,1350.0,1350.0,1290
1995-01-24,1360.0,1370.0,1330.0,1330.0,1330.0,805
1995-01-25,1300.0,1350.0,1280.0,1320.0,1320.0,1948
1995-01-26,1320.0,1360.0,1320.0,1340.0,1340.0,1263
1995-01-27,1360.0,1370.0,1340.0,1360.0,1360.0,510
1995-01-30,1370.0,1390.0,1360.0,1375.0,1375.0,4035
1995-01-31,1370.0,1390.0,1240.0,1280.0,1280.0,6623
1995-02-01,1270.0,1280.0,1230.0,1250.0,1250.0,2653
1995-02-02,1230.0,1270.0,1230.0,1270.0,1270.0,983
1995-02-03,1280.0,1330.0,1270.0,1320.0,1320.0,1865
1995-02-06,1380.0,1390.0,1320.0,1350.0,1350.0,4060
1995-02-07,1350.0,1400.0,1320.0,1370.0,1370.0,3143
1995-02-08,1390.0,1390.0,1350.0,1350.0,1350.0,1150
1995-02-09,1340.0,1360.0,1340.0,1340.0,1340.0,390
1995-02-10,1360.0,1360.0,1320.0,1330.0,1330.0,1223
1995-02-13,1350.0,1350.0,1330.0,1330.0,1330.0,440
1995-02-14,1350.0,1430.0,1330.0,1430.0,1430.0,4030
1995-02-15,1430.0,1500.0,1430.0,1460.0,1460.0,7738
1995-02-16,1470.0,1480.0,1350.0,1390.0,1390.0,5163
1995-02-17,1380.0,1400.0,1300.0,1330.0,1330.0,2555
1995-02-21,1330.0,1330.0,1280.0,1290.0,1290.0,1860
1995-02-22,1290.0,1310.0,1190.0,1220.0,1220.0,5200
1995-02-23,1220.0,1250.0,1150.0,1192.5,1192.5,7750
1995-02-24,1220.0,1220.0,1110.0,1120.0,1120.0,10208
1995-02-27,1090.0,1110.0,1020.0,1070.0,1070.0,12495
1995-02-28,1090.0,1170.0,1070.0,1080.0,1080.0,8730
1995-03-01,1080.0,1100.0,1050.0,1070.0,1070.0,4198
1995-03-02,1060.0,1080.0,1050.0,1070.0,1070.0,3168
1995-03-03,1060.0,1120.0,1060.0,1090.0,1090.0,3910
1995-03-06,1080.0,1100.0,1060.0,1080.0,1080.0,620
1995-03-07,1070.0,1100.0,1070.0,1070.0,1070.0,945
1995-03-08,1090.0,1140.0,1090.0,1130.0,1130.0,2445
1995-03-09,1110.0,1220.0,1110.0,1220.0,1220.0,4085
1995-03-10,1190.0,1270.0,1190.0,1240.0,1240.0,4435
1995-03-13,1260.0,1260.0,1240.0,1255.0,1255.0,1658
1995-03-14,1250.0,1330.0,1250.0,1320.0,1320.0,3238
1995-03-15,1330.0,1380.0,1320.0,1333.75,1333.75,11245
1995-03-16,1330.0,1370.0,1320.0,1340.0,1340.0,5590
1995-03-17,1340.0,1360.0,1320.0,1330.0,1330.0,4075
1995-03-20,1330.0,1360.0,1330.0,1335.0,1335.0,1468
1995-03-21,1330.0,1340.0,1300.0,1300.0,1300.0,1508
1995-03-22,1320.0,1350.0,1255.0,1350.0,1350.0,3968
1995-03-23,1320.0,1360.0,1320.0,1350.0,1350.0,2493
1995-03-24,1370.0,1410.0,1340.0,1400.0,1400.0,4338
1995-03-27,1410.0,1430.0,1380.0,1422.5,1422.5,3570
1995-03-28,1430.0,1460.0,1410.0,1430.0,1430.0,3075
1995-03-29,1420.0,1470.0,1420.0,1443.125,1443.125,4218
1995-03-30,1430.0,1435.0,1350.0,1410.0,1410.0,3943
1995-03-31,1390.0,1410.0,1360.0,1390.0,1390.0,2095
1995-04-03,1370.0,1440.0,1360.0,1430.0,1430.0,4018
1995-04-04,1460.0,1540.0,1460.0,1510.0,1510.0,5583
1995-04-05,1510.0,1530.0,1480.0,1525.0,1525.0,2935
1995-04-06,1540.0,1540.0,1480.0,1480.0,1480.0,2320
1995-04-07,1480.0,1490.0,1380.0,1410.0,1410.0,2135
1995-04-10,1410.0,1470.0,1380.0,1450.0,1450.0,2308
1995-04-11,1480.0,1520.0,1450.0,1510.0,1510.0,2945
1995-04-12,1490.0,1520.0,1480.0,1510.0,1510.0,855
1995-04-13,1520.0,1540.0,1490.0,1510.0,1510.0,1240
1995-04-17,1510.0,1600.0,1500.0,1530.0,1530.0,6070
1995-04-18,1590.0,1600.0,1520.0,1520.0,1520.0,7315
1995-04-19,1520.0,1530.0,1430.0,1500.0,1500.0,5690
1995-04-20,1490.0,1510.0,1470.0,1497.5,1497.5,3033
1995-04-21,1500.0,1500.0,1460.0,1460.0,1460.0,1660
1995-04-24,1460.0,1510.0,1435.0,1480.0,1480.0,1440
1995-04-25,1510.0,1550.0,1480.0,1535.0,1535.0,2593
1995-04-26,1530.0,1550.0,1510.0,1520.0,1520.0,950
1995-04-27,1540.0,1680.0,1510.0,1640.0,1640.0,9213
1995-04-28,1640.0,1660.0,1590.0,1620.0,1620.0,2990
1995-05-01,1620.0,1680.0,1610.0,1680.0,1680.0,4480
1995-05-02,1660.0,1890.0,1660.0,1870.0,1870.0,10233
1995-05-03,1920.0,1920.0,1790.0,1810.0,1810.0,5093
1995-05-04,1810.0,1830.0,1700.0,1710.0,1710.0,2890
1995-05-05,1710.0,1760.0,1680.0,1760.0,1760.0,3225
1995-05-08,1800.0,1800.0,1680.0,1720.0,1720.0,1339
1995-05-09,1720.0,1860.0,1680.0,1780.0,1780.0,2474
1995-05-10,1820.0,1820.0,1740.0,1760.0,1760.0,1176
1995-05-11,1740.0,1800.0,1740.0,1780.0,1780.0,3263
1995-05-12,1800.0,1800.0,1740.0,1780.0,1780.0,1693
1995-05-15,1800.0,1800.0,1720.0,1720.0,1720.0,1159
1995-05-16,1760.0,1760.0,1700.0,1760.0,1760.0,918
1995-05-17,1700.0,1940.0,1700.0,1940.0,1940.0,4919
1995-05-18,1980.0,2000.0,1900.0,1900.0,1900.0,1948
1995-05-19,1900.0,1980.0,1900.0,1960.0,1960.0,2885
1995-05-22,1940.0,1960.0,1900.0,1950.0,1950.0,776
1995-05-23,1960.0,1960.0,1900.0,1920.0,1920.0,993
1995-05-24,1940.0,1960.0,1860.0,1875.0,1875.0,1515
1995-05-25,1840.0,1900.0,1800.0,1860.0,1860.0,356
1995-05-26,1840.0,1860.0,1780.0,1840.0,1840.0,473
1995-05-30,1820.0,1860.0,1720.0,1800.0,1800.0,2700
1995-05-31,1780.0,1860.0,1780.0,1840.0,1840.0,668
1995-06-01,1860.0,1860.0,1820.0,1840.0,1840.0,340
1995-06-02,1820.0,1860.0,1820.0,1860.0,1860.0,205
1995-06-05,1820.0,1860.0,1820.0,1820.0,1820.0,289
1995-06-06,1780.0,1880.0,1780.0,1840.0,1840.0,1310
1995-06-07,1860.0,1860.0,1820.0,1820.0,1820.0,154
1995-06-08,1860.0,1860.0,1820.0,1860.0,1860.0,111
1995-06-09,1860.0,1860.0,1820.0,1840.0,1840.0,491
1995-06-12,1820.0,1860.0,1820.0,1820.0,1820.0,184
1995-06-13,1860.0,1900.0,1820.0,1880.0,1880.0,898
1995-06-14,1880.0,1880.0,1760.0,1780.0,1780.0,699
1995-06-15,1780.0,1860.0,1780.0,1836.25,1836.25,851
1995-06-16,1820.0,1840.0,1800.0,1820.0,1820.0,268
1995-06-19,1820.0,1910.0,1820.0,1870.0,1870.0,2010
1995-06-20,1840.0,2060.0,1840.0,2000.0,2000.0,5503
1995-06-21,2060.0,2060.0,1980.0,2000.0,2000.0,3166
1995-06-22,2020.0,2100.0,1980.0,2080.0,2080.0,4123
1995-06-23,2140.0,2240.0,2140.0,2140.0,2140.0,1650
1995-06-26,2180.0,2180.0,2000.0,2100.0,2100.0,1331
1995-06-27,2060.0,2080.0,1980.0,1980.0,1980.0,684
1995-06-28,1980.0,2040.0,1940.0,1960.0,1960.0,1403
1995-06-29,1900.0,2100.0,1900.0,2070.0,2070.0,2866
1995-06-30,2100.0,2120.0,2060.0,2100.0,2100.0,813
1995-07-03,2060.0,2120.0,2000.0,2000.0,2000.0,313
1995-07-05,2000.0,2120.0,2000.0,2100.0,2100.0,898
1995-07-06,2160.0,2180.0,2080.0,2180.0,2180.0,1174
1995-07-07,2160.0,2400.0,2140.0,2340.0,2340.0,3610
1995-07-10,2340.0,2480.0,2300.0,2460.0,2460.0,2964
1995-07-11,2400.0,2440.0,2360.0,2360.0,2360.0,971
1995-07-12,2440.0,2440.0,2320.0,2380.0,2380.0,1899
1995-07-13,2360.0,2460.0,2300.0,2300.0,2300.0,2050
1995-07-14,2280.0,2480.0,2280.0,2480.0,2480.0,2346
1995-07-17,2480.0,2540.0,2440.0,2520.0,2520.0,2165
1995-07-18,2580.0,2640.0,2520.0,2580.0,2580.0,3776
1995-07-19,2520.0,2540.0,2220.0,2340.0,2340.0,2784
1995-07-20,2420.0,2420.0,2360.0,2420.0,2420.0,1788
1995-07-21,2360.0,2440.0,2360.0,2380.0,2380.0,1440
1995-07-24,2460.0,2540.0,2400.0,2520.0,2520.0,1085
1995-07-25,2560.0,2600.0,2460.0,2500.0,2500.0,2628
1995-07-26,2540.0,2540.0,2420.0,2420.0,2420.0,1681
1995-07-27,2420.0,2620.0,2420.0,2520.0,2520.0,3101
1995-07-28,2560.0,2580.0,2500.0,2560.0,2560.0,1658
1995-07-31,2560.0,2560.0,2470.0,2500.0,2500.0,1178
1995-08-01,2470.0,2500.0,2380.0,2470.0,2470.0,1349
1995-08-02,2540.0,2640.0,2440.0,2480.0,2480.0,3331
1995-08-03,2360.0,2480.0,2340.0,2460.0,2460.0,1285
1995-08-04,2440.0,2500.0,2380.0,2400.0,2400.0,1274
1995-08-07,2440.0,2460.0,2380.0,2430.0,2430.0,565
1995-08-08,2400.0,2440.0,2360.0,2400.0,2400.0,948
1995-08-09,2380.0,2500.0,2380.0,2440.0,2440.0,1694
1995-08-10,2440.0,2440.0,2340.0,2380.0,2380.0,660
1995-08-11,2380.0,2380.0,2300.0,2320.0,2320.0,431
1995-08-14,2340.0,2340.0,2280.0,2280.0,2280.0,211
1995-08-15,2280.0,2340.0,2260.0,2340.0,2340.0,915
1995-08-16,2380.0,2460.0,2340.0,2420.0,2420.0,1363
1995-08-17,2460.0,2480.0,2380.0,2460.0,2460.0,1345
1995-08-18,2440.0,2500.0,2420.0,2440.0,2440.0,793
1995-08-21,2560.0,2580.0,2480.0,2520.0,2520.0,3281
1995-08-22,2500.0,2580.0,2500.0,2580.0,2580.0,1268
1995-08-23,2580.0,2660.0,2540.0,2660.0,2660.0,4340
1995-08-24,2660.0,2660.0,2580.0,2590.0,2590.0,2018
1995-08-25,2560.0,2650.0,2560.0,2600.0,2600.0,824
1995-08-28,2600.0,2680.0,2600.0,2660.0,2660.0,1854
1995-08-29,2620.0,2640.0,2420.0,2500.0,2500.0,2269
1995-08-30,2520.0,2560.0,2460.0,2500.0,2500.0,496
1995-08-31,2500.0,2660.0,2460.0,2620.0,2620.0,2485
1995-09-01,2620.0,2735.0,2600.0,2710.0,2710.0,3115
1995-09-05,2720.0,3020.0,2718.75,2980.0,2980.0,5141
1995-09-06,3000.0,3200.0,3000.0,3080.0,3080.0,8288
1995-09-07,3080.0,3120.0,3080.0,3120.0,3120.0,2704
1995-09-08,3120.0,3320.0,3080.0,3240.0,3240.0,3998
1995-09-11,3280.0,3280.0,3180.0,3220.0,3220.0,760
1995-09-12,3180.0,3220.0,3080.0,3120.0,3120.0,1464
1995-09-13,3120.0,3140.0,3060.0,3100.0,3100.0,1966
1995-09-14,3100.0,3100.0,2940.0,3060.0,3060.0,3415
1995-09-15,3020.0,3120.0,3000.0,3080.0,3080.0,1440
1995-09-18,3040.0,3210.0,3040.0,3180.0,3180.0,1851
1995-09-19,3120.0,3380.0,3120.0,3260.0,3260.0,3225
1995-09-20,3260.0,3460.0,3260.0,3380.0,3380.0,6200
1995-09-21,3300.0,3360.0,3220.0,3220.0,3220.0,2741
1995-09-22,3220.0,3220.0,3160.0,3200.0,3200.0,1258
1995-09-25,3200.0,3200.0,3060.0,3090.0,3090.0,1678
1995-09-26,3120.0,3200.0,3080.0,3140.0,3140.0,1525
1995-09-27,3080.0,3120.0,2880.0,3020.0,3020.0,1953
1995-09-28,3020.0,3180.0,3020.0,3180.0,3180.0,2201
1995-09-29,3220.0,3220.0,3080.0,3120.0,3120.0,2275
1995-10-02,3180.0,3180.0,2940.0,2970.0,2970.0,1536
1995-10-03,3000.0,3000.0,2800.0,2900.0,2900.0,2315
1995-10-04,2840.0,2920.0,2680.0,2800.0,2800.0,3828
1995-10-05,2760.0,2860.0,2720.0,2820.0,2820.0,2235
1995-10-06,2840.0,3020.0,2820.0,2940.0,2940.0,4849
1995-10-09,2940.0,2940.0,2580.0,2640.0,2640.0,3816
1995-10-10,2480.0,2520.0,2360.0,2440.0,2440.0,6353
1995-10-11,2560.0,2560.0,2480.0,2520.0,2520.0,3458
1995-10-12,2540.0,2740.0,2500.0,2720.0,2720.0,4729
1995-10-13,2760.0,2940.0,2740.0,2900.0,2900.0,3734
1995-10-16,2860.0,3000.0,2860.0,2940.0,2940.0,2516
1995-10-17,2960.0,3000.0,2620.0,2640.0,2640.0,6420
1995-10-18,2660.0,2720.0,2200.0,2230.0,2230.0,12763
1995-10-19,2220.0,2500.0,2200.0,2290.0,2290.0,16055
1995-10-20,2340.0,2420.0,2280.0,2390.0,2390.0,3018
1995-10-23,2320.0,2440.0,2300.0,2392.5,2392.5,2700
1995-10-24,2430.0,2430.0,2340.0,2340.0,2340.0,1200
1995-10-25,2380.0,2380.0,2220.0,2260.0,2260.0,2366
1995-10-26,2280.0,2280.0,2080.0,2160.0,2160.0,2469
1995-10-27,2180.0,2260.0,2120.0,2260.0,2260.0,3506
1995-10-30,2260.0,2440.0,2260.0,2400.0,2400.0,4131
1995-10-31,2440.0,2480.0,2340.0,2390.0,2390.0,3280
1995-11-01,2380.0,2420.0,2340.0,2420.0,2420.0,1518
1995-11-02,2440.0,2440.0,2360.0,2380.0,2380.0,1910
1995-11-03,2400.0,2440.0,2320.0,2380.0,2380.0,2446
1995-11-06,2340.0,2360.0,2260.0,2290.0,2290.0,1011
1995-11-07,2240.0,2280.0,2180.0,2260.0,2260.0,1340
1995-11-08,2300.0,2440.0,2260.0,2380.0,2380.0,3480
1995-11-09,2420.0,2420.0,2360.0,2420.0,2420.0,1640
1995-11-10,2360.0,2580.0,2360.0,2520.0,2520.0,4410
1995-11-13,2540.0,2700.0,2490.0,2600.0,2600.0,4928
1995-11-14,2580.0,2620.0,2540.0,2560.0,2560.0,2034
1995-11-15,2540.0,2780.0,2520.0,2740.0,2740.0,7024
1995-11-16,2740.0,2740.0,2640.0,2700.0,2700.0,3641
1995-11-17,2720.0,2720.0,2640.0,2690.0,2690.0,3135
1995-11-20,2660.0,2700.0,2420.0,2420.0,2420.0,2245
1995-11-21,2340.0,2420.0,2280.0,2380.0,2380.0,5496
1995-11-22,2360.0,2420.0,2260.0,2320.0,2320.0,2928
1995-11-24,2320.0,2320.0,2240.0,2320.0,2320.0,465
1995-11-27,2340.0,2340.0,2000.0,2010.0,2010.0,6834
1995-11-28,1980.0,2020.0,1760.0,1920.0,1920.0,5888
1995-11-29,1860.0,2000.0,1860.0,1900.0,1900.0,4671
1995-11-30,1900.0,1920.0,1620.0,1660.0,1660.0,7668
1995-12-01,2020.0,2060.0,1900.0,1980.0,1980.0,7540
1995-12-04,1980.0,1980.0,1780.0,1825.0,1825.0,3463
1995-12-05,1840.0,1880.0,1760.0,1780.0,1780.0,4216
1995-12-06,1800.0,1800.0,1640.0,1760.0,1760.0,3371
1995-12-07,1700.0,1800.0,1700.0,1770.0,1770.0,2966
1995-12-08,1760.0,1920.0,1740.0,1880.0,1880.0,3209
1995-12-11,1820.0,1880.0,1740.0,1760.0,1760.0,2266
1995-12-12,1740.0,1780.0,1580.0,1640.0,1640.0,7814
1995-12-13,1760.0,1760.0,1650.0,1660.0,1660.0,2975
1995-12-14,1720.0,1800.0,1680.0,1760.0,1760.0,8815
1995-12-15,1760.0,1860.0,1740.0,1790.0,1790.0,7688
1995-12-18,1820.0,1820.0,1600.0,1610.0,1610.0,3976
1995-12-19,1620.0,1780.0,1620.0,1700.0,1700.0,4015
1995-12-20,1740.0,1800.0,1700.0,1750.0,1750.0,2093
1995-12-21,1780.0,1960.0,1740.0,1920.0,1920.0,3735
1995-12-22,1920.0,1960.0,1850.0,1900.0,1900.0,4050
1995-12-26,1880.0,1920.0,1860.0,1880.0,1880.0,694
1995-12-27,1880.0,1920.0,1860.0,1860.0,1860.0,1031
1995-12-28,1860.0,2080.0,1860.0,2000.0,2000.0,5814
1995-12-29,2000.0,2080.0,1940.0,2020.0,2020.0,2265
1996-01-02,2020.0,2020.0,1780.0,1880.0,1880.0,7261
1996-01-03,1880.0,1920.0,1820.0,1900.0,1900.0,2724
1996-01-04,1900.0,1900.0,1700.0,1810.0,1810.0,4060
1996-01-05,1760.0,1780.0,1650.0,1650.0,1650.0,2278
1996-01-08,1640.0,1680.0,1640.0,1680.0,1680.0,504
1996-01-09,1680.0,1700.0,1580.0,1580.0,1580.0,1849
1996-01-10,1520.0,1640.0,1500.0,1600.0,1600.0,2100
1996-01-11,1640.0,1800.0,1620.0,1740.0,1740.0,6238
1996-01-12,1778.75,1780.0,1660.0,1700.0,1700.0,1978
1996-01-15,1700.0,1700.0,1600.0,1600.0,1600.0,1338
1996-01-16,1600.0,1640.0,1500.0,1520.0,1520.0,3520
1996-01-17,1500.0,1600.0,1500.0,1540.0,1540.0,3218
1996-01-18,1560.0,1600.0,1560.0,1580.0,1580.0,1115
1996-01-19,1560.0,1600.0,1560.0,1580.0,1580.0,4855
1996-01-22,1560.0,1800.0,1560.0,1760.0,1760.0,10400
1996-01-23,1780.0,1960.0,1670.0,1860.0,1860.0,8168
1996-01-24,1800.0,1820.0,1420.0,1490.0,1490.0,38135
1996-01-25,1520.0,1560.0,1480.0,1510.0,1510.0,14538
1996-01-26,1520.0,1560.0,1500.0,1540.0,1540.0,6199
1996-01-29,1500.0,1540.0,1440.0,1470.0,1470.0,3223
1996-01-30,1440.0,1450.0,1420.0,1440.0,1440.0,3251
1996-01-31,1440.0,1440.0,1360.0,1380.0,1380.0,4826
1996-02-01,1360.0,1600.0,1360.0,1530.0,1530.0,4825
1996-02-02,1540.0,1640.0,1480.0,1560.0,1560.0,4404
1996-02-05,1560.0,1600.0,1540.0,1540.0,1540.0,1900
1996-02-06,1600.0,1740.0,1560.0,1720.0,1720.0,4553
1996-02-07,1660.0,1800.0,1660.0,1720.0,1720.0,4783
1996-02-08,1680.0,1760.0,1680.0,1760.0,1760.0,2728
1996-02-09,1700.0,2080.0,1700.0,2040.0,2040.0,21209
1996-02-12,2060.0,2120.0,2020.0,2040.0,2040.0,4068
1996-02-13,1960.0,2040.0,1920.0,1970.0,1970.0,2815
1996-02-14,1940.0,2100.0,1940.0,2100.0,2100.0,7736
1996-02-15,2060.0,2280.0,2060.0,2240.0,2240.0,10856
1996-02-16,2240.0,2280.0,2140.0,2220.0,2220.0,3371
1996-02-20,2180.0,2320.0,2140.0,2230.0,2230.0,5211
1996-02-21,2220.0,2240.0,2160.0,2220.0,2220.0,4216
1996-02-22,2200.0,2240.0,2160.0,2190.0,2190.0,2181
1996-02-23,2180.0,2320.0,2180.0,2300.0,2300.0,5555
1996-02-26,2300.0,2320.0,2200.0,2240.0,2240.0,7090
1996-02-27,2220.0,2320.0,2220.0,2280.0,2280.0,1705
1996-02-28,2260.0,2280.0,2200.0,2230.0,2230.0,2855
1996-02-29,2240.0,2240.0,2180.0,2200.0,2200.0,1053
1996-03-01,2160.0,2180.0,2020.0,2090.0,2090.0,7033
1996-03-04,2060.0,2120.0,2060.0,2110.0,2110.0,896
1996-03-05,2080.0,2120.0,2000.0,2020.0,2020.0,4310
1996-03-06,2000.0,2025.0,1820.0,1820.0,1820.0,2965
1996-03-07,1840.0,1840.0,1680.0,1710.0,1710.0,7504
1996-03-08,1640.0,1780.0,1580.0,1640.0,1640.0,6341
1996-03-11,1620.0,1680.0,1620.0,1680.0,1680.0,5069
1996-03-12,1680.0,1680.0,1640.0,1680.0,1680.0,849
1996-03-13,1680.0,1740.0,1640.0,1710.0,1710.0,6773
1996-03-14,1720.0,1980.0,1720.0,1880.0,1880.0,8011
1996-03-15,1860.0,1960.0,1820.0,1930.0,1930.0,2439
1996-03-18,1920.0,1960.0,1900.0,1920.0,1920.0,3839
1996-03-19,1920.0,1920.0,1800.0,1860.0,1860.0,2470
1996-03-20,1840.0,1860.0,1830.0,1830.0,1830.0,1300
1996-03-21,1830.0,1860.0,1820.0,1840.0,1840.0,2013
1996-03-22,1840.0,1860.0,1840.0,1850.0,1850.0,1490
1996-03-25,1840.0,1880.0,1840.0,1870.0,1870.0,3178
1996-03-26,1880.0,1880.0,1800.0,1800.0,1800.0,2766
1996-03-27,1820.0,1820.0,1770.0,1785.0,1785.0,7399
1996-03-28,1760.0,1780.0,1620.0,1630.0,1630.0,8349
1996-03-29,1660.0,1680.0,1640.0,1640.0,1640.0,4614
1996-04-01,1680.0,1760.0,1640.0,1720.0,1720.0,7044
1996-04-02,1720.0,1740.0,1660.0,1685.0,1685.0,4666
1996-04-03,1720.0,1720.0,1640.0,1680.0,1680.0,2933
1996-04-04,1660.0,1680.0,1640.0,1670.0,1670.0,1625
1996-04-08,1620.0,1620.0,1520.0,1570.0,1570.0,5633
1996-04-09,1580.0,1610.0,1560.0,1600.0,1600.0,2629
1996-04-10,1600.0,1600.0,1540.0,1580.0,1580.0,1403
1996-04-11,1580.0,1600.0,1530.0,1560.0,1560.0,2153
1996-04-12,1540.0,1580.0,1540.0,1540.0,1540.0,1728
1996-04-15,1560.0,1620.0,1540.0,1560.0,1560.0,2958
1996-04-16,1540.0,1740.0,1540.0,1730.0,1730.0,9078
1996-04-17,1730.0,1780.0,1660.0,1730.0,1730.0,5398
1996-04-18,1720.0,1800.0,1700.0,1740.0,1740.0,2124
1996-04-19,1740.0,1760.0,1650.0,1660.0,1660.0,1166
1996-04-22,1680.0,1780.0,1640.0,1760.0,1760.0,1938
1996-04-23,1810.0,1960.0,1800.0,1960.0,1960.0,8234
1996-04-24,1960.0,1980.0,1860.0,1925.0,1925.0,2608
1996-04-25,1900.0,2040.0,1900.0,1960.0,1960.0,4159
1996-04-26,2020.0,2060.0,1940.0,1980.0,1980.0,2254
1996-04-29,1980.0,2180.0,1940.0,2160.0,2160.0,6478
1996-04-30,2160.0,2200.0,2080.0,2190.0,2190.0,6759
1996-05-01,2200.0,2200.0,2040.0,2080.0,2080.0,2900
1996-05-02,2040.0,2060.0,1940.0,1960.0,1960.0,3389
1996-05-03,1960.0,2060.0,1930.0,1980.0,1980.0,1774
1996-05-06,1960.0,2040.0,1960.0,1980.0,1980.0,588
1996-05-07,1980.0,2040.0,1940.0,1960.0,1960.0,1195
1996-05-08,2000.0,2000.0,1880.0,1960.0,1960.0,1109
1996-05-09,1940.0,1990.0,1920.0,1950.0,1950.0,1084
1996-05-10,2000.0,2000.0,1920.0,1920.0,1920.0,2235
1996-05-13,1930.0,2020.0,1930.0,2000.0,2000.0,1565
1996-05-14,1980.0,2040.0,1960.0,2000.0,2000.0,1136
1996-05-15,2000.0,2000.0,1840.0,1880.0,1880.0,1944
1996-05-16,1820.0,1940.0,1800.0,1920.0,1920.0,2365
1996-05-17,1940.0,1960.0,1900.0,1930.0,1930.0,608
1996-05-20,1960.0,2000.0,1920.0,1990.0,1990.0,705
1996-05-21,1960.0,2000.0,1900.0,1900.0,1900.0,1055
1996-05-22,1900.0,2000.0,1880.0,1950.0,1950.0,3138
1996-05-23,1930.0,1960.0,1900.0,1900.0,1900.0,1064
1996-05-24,1960.0,1960.0,1880.0,1900.0,1900.0,571
1996-05-28,1940.0,1940.0,1800.0,1840.0,1840.0,1580
1996-05-29,1880.0,1880.0,1820.0,1860.0,1860.0,314
1996-05-30,1820.0,1860.0,1820.0,1820.0,1820.0,790
1996-05-31,1820.0,1860.0,1800.0,1840.0,1840.0,1243
1996-06-03,1840.0,1840.0,1760.0,1790.0,1790.0,950
1996-06-04,1820.0,1900.0,1760.0,1900.0,1900.0,2120
1996-06-05,1900.0,1980.0,1880.0,1940.0,1940.0,3041
1996-06-06,1940.0,2000.0,1890.0,1980.0,1980.0,2499
1996-06-07,1940.0,2000.0,1910.0,1990.0,1990.0,1786
1996-06-10,2000.0,2040.0,1960.0,2030.0,2030.0,866
1996-06-11,2040.0,2040.0,1980.0,2030.0,2030.0,936
1996-06-12,2000.0,2070.0,1950.0,1960.0,1960.0,1786
1996-06-13,1940.0,2000.0,1900.0,1940.0,1940.0,1249
1996-06-14,1920.0,1960.0,1910.0,1920.0,1920.0,919
1996-06-17,1920.0,1960.0,1900.0,1930.0,1930.0,1196
1996-06-18,1920.0,1960.0,1880.0,1880.0,1880.0,396
1996-06-19,1880.0,1920.0,1860.0,1870.0,1870.0,5874
1996-06-20,1860.0,1900.0,1800.0,1820.0,1820.0,2549
1996-06-21,1820.0,1840.0,1820.0,1820.0,1820.0,428
1996-06-24,1820.0,1880.0,1820.0,1880.0,1880.0,1304
1996-06-25,1840.0,1880.0,1820.0,1820.0,1820.0,633
1996-06-26,1820.0,1860.0,1760.0,1760.0,1760.0,855
1996-06-27,1760.0,1780.0,1700.0,1720.0,1720.0,1200
1996-06-28,1700.0,1780.0,1700.0,1760.0,1760.0,3314
1996-07-01,1760.0,1840.0,1720.0,1840.0,1840.0,3384
1996-07-02,1840.0,1860.0,1720.0,1760.0,1760.0,649
1996-07-03,1700.0,1720.0,1595.0,1595.0,1595.0,2824
1996-07-05,1600.0,1640.0,1580.0,1610.0,1610.0,1968
1996-07-08,1620.0,1620.0,1360.0,1380.0,1380.0,9386
1996-07-09,1360.0,1520.0,1340.0,1510.0,1510.0,6009
1996-07-10,1520.0,1520.0,1460.0,1490.0,1490.0,2388
1996-07-11,1500.0,1500.0,1450.0,1480.0,1480.0,913
1996-07-12,1500.0,1500.0,1420.0,1440.0,1440.0,983
1996-07-15,1440.0,1460.0,1390.0,1400.0,1400.0,889
1996-07-16,1340.0,1580.0,1320.0,1520.0,1520.0,10186
1996-07-17,1560.0,1630.0,1530.0,1620.0,1620.0,2478
1996-07-18,1620.0,1760.0,1610.0,1720.0,1720.0,4435
1996-07-19,1720.0,1720.0,1620.0,1720.0,1720.0,1410
1996-07-22,1640.0,1680.0,1580.0,1585.0,1585.0,1404
1996-07-23,1580.0,1620.0,1500.0,1520.0,1520.0,878
1996-07-24,1480.0,1620.0,1420.0,1530.0,1530.0,3361
1996-07-25,1600.0,1660.0,1560.0,1600.0,1600.0,885
1996-07-26,1640.0,1640.0,1560.0,1560.0,1560.0,471
1996-07-29,1540.0,1580.0,1480.0,1490.0,1490.0,653
1996-07-30,1520.0,1540.0,1460.0,1520.0,1520.0,385
1996-07-31,1480.0,1600.0,1480.0,1600.0,1600.0,1276
1996-08-01,1600.0,1740.0,1580.0,1690.0,1690.0,2796
1996-08-02,1700.0,1750.0,1680.0,1740.0,1740.0,969
1996-08-05,1760.0,1760.0,1680.0,1700.0,1700.0,303
1996-08-06,1720.0,1720.0,1660.0,1680.0,1680.0,844
1996-08-07,1700.0,1720.0,1660.0,1720.0,1720.0,549
1996-08-08,1700.0,1760.0,1700.0,1700.0,1700.0,925
1996-08-09,1680.0,1720.0,1680.0,1720.0,1720.0,319
1996-08-12,1720.0,1780.0,1680.0,1750.0,1750.0,1461
1996-08-13,1740.0,1760.0,1720.0,1730.0,1730.0,825
1996-08-14,1710.0,1760.0,1700.0,1760.0,1760.0,336
1996-08-15,1700.0,1760.0,1700.0,1730.0,1730.0,1154
1996-08-16,1740.0,1740.0,1600.0,1630.0,1630.0,1235
1996-08-19,1660.0,1660.0,1540.0,1580.0,1580.0,601
1996-08-20,1550.0,1580.0,1500.0,1520.0,1520.0,773
1996-08-21,1500.0,1540.0,1500.0,1500.0,1500.0,859
1996-08-22,1540.0,1560.0,1480.0,1560.0,1560.0,1241
1996-08-23,1560.0,1560.0,1460.0,1460.0,1460.0,1523
1996-08-26,1440.0,1620.0,1440.0,1600.0,1600.0,2838
1996-08-27,1600.0,1680.0,1570.0,1680.0,1680.0,1725
1996-08-28,1640.0,1720.0,1640.0,1700.0,1700.0,728
1996-08-29,1700.0,1700.0,1580.0,1580.0,1580.0,1258
1996-08-30,1580.0,1600.0,1520.0,1565.0,1565.0,878
1996-09-03,1540.0,1620.0,1500.0,1620.0,1620.0,834
1996-09-04,1620.0,1630.0,1580.0,1610.0,1610.0,345
1996-09-05,1580.0,1600.0,1520.0,1520.0,1520.0,513
1996-09-06,1521.25,1620.0,1520.0,1580.0,1580.0,806
1996-09-09,1560.0,1660.0,1560.0,1650.0,1650.0,1109
1996-09-10,1620.0,1780.0,1620.0,1760.0,1760.0,2010
1996-09-11,1740.0,1740.0,1640.0,1660.0,1660.0,1315
1996-09-12,1690.0,1920.0,1660.0,1860.0,1860.0,7813
1996-09-13,1920.0,1940.0,1450.0,1490.0,1490.0,22816
1996-09-16,1520.0,1540.0,1460.0,1470.0,1470.0,6709
1996-09-17,1500.0,1500.0,1380.0,1448.75,1448.75,5049
1996-09-18,1460.0,1460.0,1400.0,1410.0,1410.0,2484
1996-09-19,1400.0,1420.0,1320.0,1360.0,1360.0,6729
1996-09-20,1320.0,1420.0,1320.0,1410.0,1410.0,2768
1996-09-23,1420.0,1460.0,1380.0,1440.0,1440.0,1331
1996-09-24,1440.0,1440.0,1350.0,1360.0,1360.0,1859
1996-09-25,1350.0,1380.0,1340.0,1360.0,1360.0,2866
1996-09-26,1350.0,1370.0,1330.0,1350.0,1350.0,1921
1996-09-27,1330.0,1370.0,1330.0,1360.0,1360.0,2005
1996-09-30,1370.0,1390.0,1350.0,1360.0,1360.0,1928
1996-10-01,1370.0,1370.0,1300.0,1330.0,1330.0,2121
1996-10-02,1320.0,1320.0,1240.0,1240.0,1240.0,2111
1996-10-03,1260.0,1260.0,1190.0,1210.0,1210.0,2776
1996-10-04,1201.25,1270.0,1200.0,1258.75,1258.75,1558
1996-10-07,1260.0,1260.0,1200.0,1220.0,1220.0,1198
1996-10-08,1201.25,1220.0,1180.0,1200.0,1200.0,738
1996-10-09,1200.0,1220.0,1180.0,1190.0,1190.0,816
1996-10-10,1160.0,1210.0,1140.0,1200.0,1200.0,1068
1996-10-11,1180.0,1270.0,1120.0,1240.0,1240.0,2838
1996-10-14,1270.0,1360.0,1220.0,1235.0,1235.0,2769
1996-10-15,1060.0,1180.0,1060.0,1110.0,1110.0,13080
1996-10-16,1100.0,1130.0,1060.0,1095.0,1095.0,3653
1996-10-17,1100.0,1120.0,1040.0,1110.0,1110.0,3789
1996-10-18,1110.0,1150.0,1090.0,1120.0,1120.0,3376
1996-10-21,1130.0,1160.0,1110.0,1131.25,1131.25,1811
1996-10-22,1130.0,1150.0,1130.0,1140.0,1140.0,1518
1996-10-23,1130.0,1140.0,1115.0,1120.0,1120.0,1041
1996-10-24,1120.0,1210.0,1120.0,1200.0,1200.0,2060
1996-10-25,1190.0,1260.0,1190.0,1245.0,1245.0,1579
1996-10-28,1260.0,1260.0,1200.0,1202.5,1202.5,963
1996-10-29,1220.0,1220.0,1140.0,1140.0,1140.0,958
1996-10-30,1170.0,1230.0,1160.0,1220.0,1220.0,3041
1996-10-31,1210.0,1230.0,1150.0,1170.0,1170.0,1671
1996-11-01,1170.0,1170.0,1150.0,1150.0,1150.0,345
1996-11-04,1150.0,1170.0,1150.0,1160.0,1160.0,614
1996-11-05,1150.0,1170.0,1140.0,1145.0,1145.0,554
1996-11-06,1140.0,1160.0,1100.0,1120.0,1120.0,2908
1996-11-07,1110.0,1130.0,1110.0,1120.0,1120.0,1310
1996-11-08,1130.0,1140.0,1120.0,1121.25,1121.25,606
1996-11-11,1140.0,1140.0,1120.0,1120.0,1120.0,479
1996-11-12,1120.0,1140.0,1120.0,1120.0,1120.0,1166
1996-11-13,1120.0,1130.0,1110.0,1110.0,1110.0,644
1996-11-14,1100.0,1110.0,1060.0,1080.0,1080.0,985
1996-11-15,1060.0,1080.0,1020.0,1020.0,1020.0,2196
1996-11-18,1020.0,1030.0,950.0,1020.0,1020.0,2384
1996-11-19,1000.0,1090.0,980.0,1090.0,1090.0,2888
1996-11-20,1090.0,1090.0,1050.0,1050.0,1050.0,1519
1996-11-21,1070.0,1100.0,1050.0,1070.0,1070.0,1569
1996-11-22,1090.0,1090.0,1070.0,1075.0,1075.0,1219
1996-11-25,1070.0,1080.0,1060.0,1080.0,1080.0,1300
1996-11-26,1080.0,1120.0,1060.0,1080.0,1080.0,2683
1996-11-27,1090.0,1100.0,1040.0,1080.0,1080.0,1551
1996-11-29,1070.0,1080.0,1070.0,1070.0,1070.0,1329
1996-12-02,1070.0,1080.0,1060.0,1061.25,1061.25,1236
1996-12-03,1080.0,1140.0,1060.0,1100.0,1100.0,3183
1996-12-04,1100.0,1150.0,1100.0,1150.0,1150.0,1541
1996-12-05,1150.0,1170.0,1110.0,1110.0,1110.0,1471
1996-12-06,1110.0,1115.0,1040.0,1050.0,1050.0,1009
1996-12-09,1070.0,1100.0,1051.25,1090.0,1090.0,773
1996-12-10,1090.0,1100.0,1070.0,1080.0,1080.0,539
1996-12-11,1050.0,1070.0,1050.0,1070.0,1070.0,936
1996-12-12,1070.0,1100.0,1060.0,1080.0,1080.0,1141
1996-12-13,1070.0,1110.0,1060.0,1090.0,1090.0,1438
1996-12-16,1090.0,1110.0,1060.0,1090.0,1090.0,1164
1996-12-17,1060.0,1090.0,1060.0,1060.0,1060.0,929
1996-12-18,1060.0,1080.0,1010.0,1010.0,1010.0,1355
1996-12-19,1030.0,1040.0,970.0,970.0,970.0,2141
1996-12-20,970.0,990.0,920.0,960.0,960.0,2756
1996-12-23,970.0,970.0,900.0,910.0,910.0,1769
1996-12-24,910.0,950.0,910.0,940.0,940.0,905
1996-12-26,940.0,950.0,900.0,915.0,915.0,1818
1996-12-27,910.0,1010.0,910.0,995.0,995.0,4863
1996-12-30,990.0,1010.0,960.0,975.0,975.0,2884
1996-12-31,970.0,990.0,940.0,960.0,960.0,5138
1997-01-02,970.0,1040.0,960.0,1040.0,1040.0,2551
1997-01-03,1040.0,1060.0,1000.0,1060.0,1060.0,1333
1997-01-06,1040.0,1080.0,1030.0,1070.0,1070.0,988
1997-01-07,1080.0,1110.0,1060.0,1110.0,1110.0,1208
1997-01-08,1120.0,1120.0,1080.0,1090.0,1090.0,1339
1997-01-09,1100.0,1100.0,1090.0,1100.0,1100.0,1353
1997-01-10,1080.0,1120.0,1080.0,1100.0,1100.0,2513
1997-01-13,1110.0,1110.0,1070.0,1080.0,1080.0,449
1997-01-14,1090.0,1110.0,1070.0,1110.0,1110.0,966
1997-01-15,1110.0,1110.0,1080.0,1100.0,1100.0,934
1997-01-16,1080.0,1110.0,1080.0,1100.0,1100.0,561
1997-01-17,1100.0,1180.0,1090.0,1150.0,1150.0,2698
1997-01-20,1160.0,1180.0,1140.0,1160.0,1160.0,1669
1997-01-21,1160.0,1170.0,1140.0,1160.0,1160.0,1886
1997-01-22,1140.0,1160.0,1140.0,1160.0,1160.0,490
1997-01-23,1160.0,1160.0,1110.0,1110.0,1110.0,1683
1997-01-24,1090.0,1170.0,1050.0,1155.0,1155.0,3254
1997-01-27,1150.0,1275.0,1130.0,1250.0,1250.0,4788
1997-01-28,1320.0,1350.0,1280.0,1280.0,1280.0,6746
1997-01-29,1290.0,1340.0,1270.0,1300.0,1300.0,3361
1997-01-30,1290.0,1340.0,1270.0,1290.0,1290.0,3279
1997-01-31,1280.0,1330.0,1280.0,1310.0,1310.0,1189
1997-02-03,1290.0,1320.0,1260.0,1263.75,1263.75,1988
1997-02-04,1270.0,1270.0,1240.0,1240.0,1240.0,1186
1997-02-05,1260.0,1260.0,1230.0,1230.0,1230.0,849
1997-02-06,1230.0,1250.0,1230.0,1240.0,1240.0,543
1997-02-07,1250.0,1320.0,1250.0,1275.0,1275.0,2140
1997-02-10,1270.0,1290.0,1250.0,1260.0,1260.0,1048
1997-02-11,1250.0,1260.0,1250.0,1250.0,1250.0,456
1997-02-12,1240.0,1260.0,1240.0,1250.0,1250.0,644
1997-02-13,1260.0,1260.0,1230.0,1230.0,1230.0,649
1997-02-14,1220.0,1230.0,1160.0,1160.0,1160.0,1224
1997-02-18,1180.0,1240.0,1160.0,1210.0,1210.0,1243
1997-02-19,1210.0,1210.0,1190.0,1200.0,1200.0,808
1997-02-20,1210.0,1210.0,1190.0,1190.0,1190.0,471
1997-02-21,1200.0,1200.0,1150.0,1150.0,1150.0,608
1997-02-24,1270.0,1420.0,1240.0,1340.0,1340.0,12020
1997-02-25,1380.0,1510.0,1360.0,1450.0,1450.0,17688
1997-02-26,1500.0,1500.0,1400.0,1460.0,1460.0,11188
1997-02-27,1510.0,1540.0,1450.0,1460.0,1460.0,13534
1997-02-28,1470.0,1470.0,1380.0,1390.0,1390.0,10046
1997-03-03,1400.0,1510.0,1380.0,1435.0,1435.0,8261
1997-03-04,1460.0,1480.0,1420.0,1420.0,1420.0,2791
1997-03-05,1470.0,1470.0,1430.0,1440.0,1440.0,2199
1997-03-06,1450.0,1460.0,1400.0,1410.0,1410.0,1873
1997-03-07,1400.0,1440.0,1320.0,1320.0,1320.0,3790
1997-03-10,1330.0,1430.0,1320.0,1430.0,1430.0,2914
1997-03-11,1470.0,1490.0,1330.0,1340.0,1340.0,5959
1997-03-12,1350.0,1350.0,1320.0,1325.0,1325.0,3813
1997-03-13,1330.0,1330.0,1290.0,1310.0,1310.0,2439
1997-03-14,1310.0,1330.0,1290.0,1320.0,1320.0,1444
1997-03-17,1320.0,1320.0,1240.0,1255.0,1255.0,3881
1997-03-18,1270.0,1270.0,1135.0,1150.0,1150.0,6944
1997-03-19,1080.0,1080.0,1030.0,1045.0,1045.0,12215
1997-03-20,1060.0,1080.0,1040.0,1060.0,1060.0,4353
1997-03-21,1080.0,1080.0,1000.0,1000.0,1000.0,4743
1997-03-24,1010.0,1050.0,1000.0,1010.0,1010.0,4619
1997-03-25,1020.0,1040.0,1000.0,1015.0,1015.0,4279
1997-03-26,1010.0,1030.0,860.0,905.0,905.0,13128
1997-03-27,940.0,990.0,920.0,920.0,920.0,5938
1997-03-31,940.0,1000.0,920.0,1000.0,1000.0,3446
1997-04-01,1000.0,1000.0,928.75,948.75,948.75,3005
1997-04-02,950.0,960.0,930.0,950.0,950.0,1253
1997-04-03,950.0,990.0,930.0,940.0,940.0,2439
1997-04-04,940.0,970.0,940.0,960.0,960.0,1095
1997-04-07,970.0,980.0,940.0,955.0,955.0,1190
1997-04-08,960.0,960.0,930.0,950.0,950.0,866
1997-04-09,970.0,970.0,940.0,945.0,945.0,889
1997-04-10,950.0,970.0,920.0,965.0,965.0,714
1997-04-11,960.0,970.0,920.0,940.0,940.0,845
1997-04-14,960.0,970.0,930.0,940.0,940.0,1079
1997-04-15,940.0,950.0,890.0,910.0,910.0,2098
1997-04-16,790.0,930.0,780.0,910.0,910.0,6704
1997-04-17,910.0,960.0,890.0,950.0,950.0,1530
1997-04-18,950.0,980.0,920.0,970.0,970.0,1430
1997-04-21,967.5,980.0,940.0,950.0,950.0,2584
1997-04-22,980.0,980.0,930.0,970.0,970.0,2301
1997-04-23,970.0,970.0,940.0,960.0,960.0,1615
1997-04-24,960.0,970.0,950.0,960.0,960.0,805
1997-04-25,970.0,980.0,940.0,980.0,980.0,659
1997-04-28,950.0,980.0,940.0,960.0,960.0,848
1997-04-29,970.0,970.0,940.0,960.0,960.0,480
1997-04-30,960.0,970.0,940.0,970.0,970.0,571
1997-05-01,960.0,1010.0,950.0,1010.0,1010.0,828
1997-05-02,1020.0,1190.0,1010.0,1180.0,1180.0,3975
1997-05-05,1210.0,1260.0,1190.0,1200.0,1200.0,2803
1997-05-06,1200.0,1210.0,1110.0,1160.0,1160.0,1791
1997-05-07,1160.0,1190.0,1130.0,1190.0,1190.0,1326
1997-05-08,1170.0,1210.0,1170.0,1200.0,1200.0,1351
1997-05-09,1180.0,1210.0,1150.0,1160.0,1160.0,984
1997-05-12,1170.0,1170.0,1130.0,1130.0,1130.0,660
1997-05-13,1130.0,1140.0,1110.0,1115.0,1115.0,1244
1997-05-14,1100.0,1130.0,1070.0,1090.0,1090.0,1180
1997-05-15,1070.0,1220.0,1070.0,1190.0,1190.0,3425
1997-05-16,1190.0,1280.0,1190.0,1250.0,1250.0,3255
1997-05-19,1250.0,1270.0,1230.0,1250.0,1250.0,1109
1997-05-20,1230.0,1260.0,1210.0,1260.0,1260.0,1058
1997-05-21,1240.0,1290.0,1240.0,1280.0,1280.0,1299
1997-05-22,1290.0,1290.0,1250.0,1280.0,1280.0,2803
1997-05-23,1270.0,1290.0,1270.0,1270.0,1270.0,305
1997-05-27,1270.0,1290.0,1270.0,1270.0,1270.0,696
1997-05-28,1270.0,1320.0,1270.0,1310.0,1310.0,1589
1997-05-29,1320.0,1320.0,1270.0,1280.0,1280.0,1049
1997-05-30,1230.0,1305.0,1220.0,1295.0,1295.0,1946
1997-06-02,1280.0,1310.0,1280.0,1310.0,1310.0,539
1997-06-03,1280.0,1290.0,1240.0,1240.0,1240.0,1823
1997-06-04,1240.0,1260.0,1230.0,1240.0,1240.0,1084
1997-06-05,1260.0,1260.0,1240.0,1250.0,1250.0,1214
1997-06-06,1240.0,1260.0,1220.0,1230.0,1230.0,468
1997-06-09,1230.0,1260.0,1170.0,1190.0,1190.0,1128
1997-06-10,1120.0,1150.0,1030.0,1040.0,1040.0,3190
1997-06-11,1080.0,1080.0,1020.0,1030.0,1030.0,1133
1997-06-12,1020.0,1050.0,940.0,950.0,950.0,2741
1997-06-13,970.0,1020.0,950.0,995.0,995.0,3026
1997-06-16,1000.0,1070.0,980.0,1030.0,1030.0,2105
1997-06-17,1040.0,1050.0,990.0,1015.0,1015.0,676
1997-06-18,1000.0,1040.0,1000.0,1030.0,1030.0,696
1997-06-19,1020.0,1040.0,1020.0,1035.0,1035.0,298
1997-06-20,1020.0,1030.0,1010.0,1010.0,1010.0,654
1997-06-23,1010.0,1035.0,1010.0,1035.0,1035.0,173
1997-06-24,1030.0,1050.0,1030.0,1030.0,1030.0,515
1997-06-25,1030.0,1060.0,1020.0,1020.0,1020.0,1516
1997-06-26,1010.0,1030.0,990.0,1000.0,1000.0,486
1997-06-27,990.0,1010.0,950.0,1000.0,1000.0,908
1997-06-30,1010.0,1010.0,950.0,950.0,950.0,1556
1997-07-01,960.0,1050.0,940.0,1050.0,1050.0,2509
1997-07-02,1040.0,1050.0,1010.0,1045.0,1045.0,865
1997-07-03,1060.0,1090.0,1050.0,1080.0,1080.0,2866
1997-07-07,1070.0,1100.0,1060.0,1085.0,1085.0,1720
1997-07-08,1090.0,1090.0,1050.0,1070.0,1070.0,539
1997-07-09,1050.0,1070.0,1040.0,1050.0,1050.0,2181
1997-07-10,1040.0,1060.0,1040.0,1050.0,1050.0,1098
1997-07-11,1060.0,1060.0,1020.0,1050.0,1050.0,1206
1997-07-14,1040.0,1110.0,1040.0,1100.0,1100.0,3085
1997-07-15,1110.0,1110.0,1040.0,1060.0,1060.0,2099
1997-07-16,980.0,1050.0,970.0,1000.0,1000.0,3884
1997-07-17,1000.0,1010.0,930.0,960.0,960.0,3516
1997-07-18,940.0,970.0,940.0,950.0,950.0,1050
1997-07-21,940.0,980.0,930.0,960.0,960.0,640
1997-07-22,960.0,960.0,930.0,940.0,940.0,440
1997-07-23,940.0,950.0,930.0,930.0,930.0,586
1997-07-24,930.0,950.0,910.0,910.0,910.0,968
1997-07-25,910.0,940.0,890.0,900.0,900.0,958
1997-07-28,900.0,900.0,870.0,895.0,895.0,1133
1997-07-29,895.0,900.0,870.0,890.0,890.0,595
1997-07-30,890.0,910.0,880.0,895.0,895.0,741
1997-07-31,910.0,920.0,890.0,910.0,910.0,723
1997-08-01,900.0,920.0,900.0,910.0,910.0,460
1997-08-04,900.0,910.0,900.0,910.0,910.0,260
1997-08-05,900.0,915.0,900.0,905.0,905.0,313
1997-08-06,910.0,950.0,910.0,930.0,930.0,1481
1997-08-07,920.0,935.0,910.0,920.0,920.0,1015
1997-08-08,900.0,905.0,840.0,855.0,855.0,818
1997-08-11,840.0,870.0,840.0,840.0,840.0,609
1997-08-12,840.0,870.0,840.0,860.0,860.0,874
1997-08-13,850.0,870.0,840.0,860.0,860.0,339
1997-08-14,860.0,900.0,840.0,880.0,880.0,603
1997-08-15,860.0,885.0,850.0,850.0,850.0,123
1997-08-18,840.0,880.0,840.0,840.0,840.0,163
1997-08-19,870.0,880.0,840.0,840.0,840.0,618
1997-08-20,840.0,875.0,840.0,850.0,850.0,521
1997-08-21,850.0,890.0,850.0,880.0,880.0,1005
1997-08-22,850.0,860.0,835.0,840.0,840.0,326
1997-08-25,841.25,860.0,840.0,850.0,850.0,324
1997-08-26,850.0,860.0,840.0,850.0,850.0,1309
1997-08-27,860.0,870.0,840.0,840.0,840.0,1780
1997-08-28,850.0,860.0,800.0,801.25,801.25,2381
1997-08-29,810.0,855.0,800.0,855.0,855.0,1590
1997-09-02,845.0,870.0,845.0,865.0,865.0,553
1997-09-03,845.0,910.0,845.0,890.0,890.0,1573
1997-09-04,905.0,920.0,880.0,915.0,915.0,954
1997-09-05,905.0,915.0,870.0,890.0,890.0,419
1997-09-08,870.0,890.0,860.0,875.0,875.0,674
1997-09-09,880.0,880.0,870.0,870.0,870.0,238
1997-09-10,880.0,880.0,850.0,860.0,860.0,470
1997-09-11,845.0,860.0,840.0,850.0,850.0,1168
1997-09-12,860.0,860.0,840.0,850.0,850.0,206
1997-09-15,840.0,860.0,840.0,840.0,840.0,369
1997-09-16,841.25,860.0,830.0,850.0,850.0,576
1997-09-17,840.0,870.0,840.0,855.0,855.0,640
1997-09-18,865.0,1000.0,850.0,920.0,920.0,5001
1997-09-19,980.0,1100.0,960.0,1060.0,1060.0,5756
1997-09-22,1100.0,1160.0,1055.0,1095.0,1095.0,3628
1997-09-23,1090.0,1090.0,980.0,1020.0,1020.0,1983
1997-09-24,1010.0,1080.0,1010.0,1070.0,1070.0,1915
1997-09-25,1060.0,1100.0,1040.0,1060.0,1060.0,1106
1997-09-26,1070.0,1085.0,1040.0,1070.0,1070.0,1441
1997-09-29,1070.0,1070.0,1020.0,1030.0,1030.0,709
1997-09-30,1020.0,1080.0,1020.0,1075.0,1075.0,2213
1997-10-01,1060.0,1075.0,1040.0,1040.0,1040.0,854
1997-10-02,1055.0,1055.0,925.0,940.0,940.0,3205
1997-10-03,930.0,950.0,870.0,870.0,870.0,2811
1997-10-06,875.0,885.0,855.0,885.0,885.0,1744
1997-10-07,885.0,885.0,870.0,885.0,885.0,469
1997-10-08,870.0,890.0,840.0,870.0,870.0,946
1997-10-09,870.0,885.0,855.0,880.0,880.0,1561
1997-10-10,875.0,885.0,860.0,880.0,880.0,700
1997-10-13,860.0,880.0,860.0,865.0,865.0,639
1997-10-14,875.0,875.0,840.0,845.0,845.0,656
1997-10-15,840.0,920.0,840.0,920.0,920.0,2820
1997-10-16,900.0,910.0,840.0,890.0,890.0,2116
1997-10-17,900.0,900.0,860.0,890.0,890.0,836
1997-10-20,900.0,900.0,870.0,880.0,880.0,2350
1997-10-21,900.0,955.0,880.0,930.0,930.0,1345
1997-10-22,950.0,950.0,905.0,905.0,905.0,750
1997-10-23,890.0,900.0,860.0,870.0,870.0,600
1997-10-24,900.0,905.0,855.0,880.0,880.0,703
1997-10-27,850.0,900.0,840.0,840.0,840.0,608
1997-10-28,820.0,870.0,790.0,820.0,820.0,1496
1997-10-29,880.0,880.0,835.0,840.0,840.0,631
1997-10-30,830.0,840.0,800.0,810.0,810.0,821
1997-10-31,810.0,840.0,790.0,830.0,830.0,610
1997-11-03,810.0,840.0,810.0,830.0,830.0,488
1997-11-04,840.0,840.0,790.0,800.0,800.0,448
1997-11-05,830.0,840.0,800.0,835.0,835.0,825
1997-11-06,830.0,835.0,830.0,830.0,830.0,579
1997-11-07,810.0,820.0,780.0,795.0,795.0,1126
1997-11-10,790.0,810.0,770.0,780.0,780.0,674
1997-11-11,790.0,800.0,780.0,780.0,780.0,676
1997-11-12,800.0,800.0,655.0,680.0,680.0,1883
1997-11-13,700.0,720.0,695.0,715.0,715.0,1073
1997-11-14,720.0,735.0,710.0,730.0,730.0,380
1997-11-17,720.0,725.0,690.0,710.0,710.0,3406
1997-11-18,705.0,715.0,695.0,695.0,695.0,2146
1997-11-19,690.0,720.0,690.0,710.0,710.0,1123
1997-11-20,715.0,720.0,705.0,710.0,710.0,363
1997-11-21,710.0,720.0,700.0,710.0,710.0,1370
1997-11-24,700.0,700.0,670.0,685.0,685.0,2371
1997-11-25,685.0,710.0,685.0,705.0,705.0,1295
1997-11-26,720.0,720.0,685.0,685.0,685.0,1071
1997-11-28,685.0,690.0,660.0,675.0,675.0,611
1997-12-01,690.0,690.0,560.0,635.0,635.0,2319
1997-12-02,600.0,630.0,590.0,610.0,610.0,1436
1997-12-03,610.0,610.0,585.0,595.0,595.0,1328
1997-12-04,580.0,640.0,570.0,640.0,640.0,1715
1997-12-05,650.0,650.0,620.0,635.0,635.0,575
1997-12-08,630.0,635.0,605.0,620.0,620.0,619
1997-12-09,605.0,615.0,605.0,610.0,610.0,1021
1997-12-10,600.0,605.0,560.0,560.0,560.0,1378
1997-12-11,560.0,560.0,480.0,515.0,515.0,1749
1997-12-12,500.0,535.0,490.0,510.0,510.0,2254
1997-12-15,530.0,530.0,460.0,470.0,470.0,1676
1997-12-16,450.0,550.0,450.0,540.0,540.0,1456
1997-12-17,530.0,560.0,530.0,530.0,530.0,731
1997-12-18,530.0,530.0,470.0,470.0,470.0,1028
1997-12-19,470.0,475.0,415.0,440.0,440.0,2861
1997-12-22,455.0,500.0,455.0,475.0,475.0,1594
1997-12-23,485.0,505.0,470.0,485.0,485.0,2426
1997-12-24,510.0,510.0,480.0,490.0,490.0,2301
1997-12-26,490.0,510.0,490.0,505.0,505.0,1325
1997-12-29,515.0,540.0,470.0,470.0,470.0,3610
1997-12-30,470.0,490.0,450.0,465.0,465.0,3378
1997-12-31,460.0,560.0,420.0,515.0,515.0,6809
1998-01-02,560.0,560.0,520.0,535.0,535.0,684
1998-01-05,540.0,605.0,535.0,605.0,605.0,1918
1998-01-06,610.0,640.0,590.0,635.0,635.0,1569
1998-01-07,660.0,660.0,600.0,615.0,615.0,981
1998-01-08,615.0,615.0,560.0,575.0,575.0,684
1998-01-09,560.0,580.0,520.0,532.5,532.5,984
1998-01-12,520.0,545.0,510.0,535.0,535.0,613
1998-01-13,545.0,560.0,535.0,545.0,545.0,416
1998-01-14,545.0,565.0,540.0,565.0,565.0,518
1998-01-15,580.0,610.0,560.0,600.0,600.0,666
1998-01-16,615.0,635.0,590.0,625.0,625.0,1241
1998-01-20,610.0,635.0,590.0,606.25,606.25,698
1998-01-21,595.0,610.0,575.0,590.0,590.0,640
1998-01-22,430.0,530.0,430.0,520.0,520.0,2690
1998-01-23,540.0,540.0,520.0,540.0,540.0,508
1998-01-26,540.0,540.0,510.0,520.0,520.0,481
1998-01-27,525.0,580.0,520.0,555.0,555.0,1019
1998-01-28,565.0,585.0,565.0,572.5,572.5,476
1998-01-29,580.0,600.0,560.0,575.0,575.0,556
1998-01-30,570.0,600.0,570.0,600.0,600.0,354
1998-02-02,600.0,610.0,600.0,605.0,605.0,550
1998-02-03,610.0,620.0,565.0,580.0,580.0,624
1998-02-04,580.0,580.0,550.0,560.0,560.0,651
1998-02-05,570.0,575.0,550.0,550.0,550.0,313
1998-02-06,560.0,570.0,540.0,555.0,555.0,315
1998-02-09,555.0,565.0,530.0,560.0,560.0,530
1998-02-10,530.0,560.0,530.0,545.0,545.0,175
1998-02-11,540.0,550.0,530.0,530.0,530.0,345
1998-02-12,520.0,535.0,510.0,510.0,510.0,424
1998-02-13,520.0,550.0,515.0,535.0,535.0,1220
1998-02-17,540.0,550.0,520.0,520.0,520.0,528
1998-02-18,520.0,540.0,520.0,520.0,520.0,223
1998-02-19,520.0,540.0,510.0,515.0,515.0,335
1998-02-20,510.0,540.0,510.0,540.0,540.0,540
1998-02-23,540.0,550.0,520.0,532.5,532.5,298
1998-02-24,520.0,545.0,520.0,540.0,540.0,469
1998-02-25,545.0,550.0,540.0,550.0,550.0,364
1998-02-26,540.0,550.0,525.0,540.0,540.0,488
1998-02-27,530.0,560.0,530.0,540.0,540.0,626
1998-03-02,550.0,560.0,540.0,560.0,560.0,623
1998-03-03,555.0,560.0,540.0,560.0,560.0,389
1998-03-04,560.0,570.0,540.0,545.0,545.0,886
1998-03-05,560.0,560.0,540.0,545.0,545.0,266
1998-03-06,550.0,550.0,530.0,550.0,550.0,1738
1998-03-09,560.0,560.0,530.0,555.0,555.0,379
1998-03-10,535.0,560.0,510.0,535.0,535.0,808
1998-03-11,545.0,545.0,510.0,510.0,510.0,711
1998-03-12,515.0,515.0,500.0,500.0,500.0,625
1998-03-13,490.0,495.0,460.0,480.0,480.0,1133
1998-03-16,475.0,490.0,465.0,490.0,490.0,316
1998-03-17,470.0,490.0,470.0,482.5,482.5,304
1998-03-18,482.5,490.0,470.0,470.0,470.0,405
1998-03-19,470.0,480.0,465.0,470.0,470.0,453
1998-03-20,470.0,480.0,460.0,480.0,480.0,278
1998-03-23,480.0,485.0,470.0,480.0,480.0,869
1998-03-24,485.0,485.0,470.0,470.0,470.0,481
1998-03-25,470.0,480.0,470.0,475.0,475.0,518
1998-03-26,470.0,480.0,470.0,480.0,480.0,535
1998-03-27,480.0,480.0,465.0,465.0,465.0,378
1998-03-30,460.0,480.0,460.0,465.0,465.0,241
1998-03-31,470.0,480.0,460.0,480.0,480.0,276
1998-04-01,470.0,480.0,460.0,472.5,472.5,331
1998-04-02,460.0,480.0,460.0,470.0,470.0,278
1998-04-03,480.0,480.0,460.0,475.0,475.0,330
1998-04-06,460.0,480.0,450.0,457.5,457.5,1196
1998-04-07,465.0,465.0,440.0,440.0,440.0,2368
1998-04-08,435.0,450.0,435.0,435.0,435.0,699
1998-04-09,445.0,470.0,430.0,470.0,470.0,2366
1998-04-13,470.0,470.0,440.0,440.0,440.0,788
1998-04-14,450.0,455.0,420.0,435.0,435.0,991
1998-04-15,450.0,450.0,430.0,445.0,445.0,1949
1998-04-16,430.0,475.0,430.0,465.0,465.0,1986
1998-04-17,470.0,480.0,450.0,460.0,460.0,766
1998-04-20,450.0,470.0,450.0,460.0,460.0,904
1998-04-21,470.0,620.0,460.0,620.0,620.0,11786
1998-04-22,630.0,720.0,590.0,600.0,600.0,5273
1998-04-23,610.0,640.0,580.0,620.0,620.0,1244
1998-04-24,625.0,630.0,605.0,610.0,610.0,1058
1998-04-27,580.0,615.0,580.0,607.5,607.5,670
1998-04-28,590.0,620.0,590.0,620.0,620.0,1139
1998-04-29,645.0,680.0,620.0,670.0,670.0,1653
1998-04-30,690.0,775.0,680.0,730.0,730.0,4639
1998-05-01,710.0,715.0,640.0,680.0,680.0,2290
1998-05-04,680.0,680.0,640.0,650.0,650.0,656
1998-05-05,650.0,700.0,650.0,695.0,695.0,914
1998-05-06,690.0,720.0,685.0,720.0,720.0,825
1998-05-07,720.0,720.0,690.0,700.0,700.0,1174
1998-05-08,680.0,760.0,680.0,720.0,720.0,2364
1998-05-11,700.0,735.0,670.0,670.0,670.0,696
1998-05-12,680.0,700.0,665.0,670.0,670.0,369
1998-05-13,680.0,710.0,660.0,670.0,670.0,750
1998-05-14,695.0,695.0,640.0,640.0,640.0,479
1998-05-15,650.0,655.0,610.0,620.0,620.0,651
1998-05-18,615.0,640.0,560.0,585.0,585.0,1084
1998-05-19,590.0,620.0,590.0,605.0,605.0,605
1998-05-20,605.0,610.0,595.0,610.0,610.0,429
1998-05-21,605.0,635.0,590.0,590.0,590.0,706
1998-05-22,620.0,630.0,590.0,625.0,625.0,443
1998-05-26,600.0,635.0,590.0,590.0,590.0,518
1998-05-27,620.0,620.0,570.0,570.0,570.0,760
1998-05-28,590.0,590.0,520.0,560.0,560.0,1230
1998-05-29,545.0,570.0,530.0,545.0,545.0,415
1998-06-01,560.0,560.0,520.0,535.0,535.0,340
1998-06-02,560.0,560.0,490.0,510.0,510.0,880
1998-06-03,510.0,530.0,480.0,480.0,480.0,614
1998-06-04,490.0,530.0,490.0,510.0,510.0,560
1998-06-05,540.0,550.0,530.0,540.0,540.0,555
1998-06-08,540.0,545.0,510.0,510.0,510.0,639
1998-06-09,510.0,540.0,480.0,480.0,480.0,629
1998-06-10,510.0,515.0,480.0,485.0,485.0,968
1998-06-11,485.0,505.0,480.0,500.0,500.0,609
1998-06-12,500.0,500.0,485.0,495.0,495.0,424
1998-06-15,500.0,500.0,480.0,490.0,490.0,441
1998-06-16,480.0,500.0,460.0,470.0,470.0,803
1998-06-17,480.0,490.0,450.0,465.0,465.0,1275
1998-06-18,470.0,470.0,440.0,440.0,440.0,859
1998-06-19,470.0,470.0,435.0,460.0,460.0,878
1998-06-22,470.0,480.0,460.0,475.0,475.0,396
1998-06-23,475.0,480.0,455.0,460.0,460.0,580
1998-06-24,455.0,460.0,440.0,440.0,440.0,823
1998-06-25,450.0,490.0,440.0,460.0,460.0,1083
1998-06-26,470.0,470.0,440.0,450.0,450.0,471
1998-06-29,440.0,470.0,430.0,430.0,430.0,580
1998-06-30,445.0,540.0,445.0,520.0,520.0,2179
1998-07-01,545.0,545.0,500.0,500.0,500.0,786
1998-07-02,515.0,520.0,490.0,500.0,500.0,843
1998-07-06,490.0,520.0,490.0,500.0,500.0,691
1998-07-07,500.0,520.0,500.0,510.0,510.0,729
1998-07-08,510.0,520.0,505.0,510.0,510.0,1285
1998-07-09,510.0,580.0,510.0,580.0,580.0,1029
1998-07-10,580.0,630.0,580.0,620.0,620.0,564
1998-07-13,630.0,640.0,600.0,605.0,605.0,1031
1998-07-14,590.0,630.0,560.0,580.0,580.0,898
1998-07-15,560.0,630.0,560.0,620.0,620.0,473
1998-07-16,637.5,640.0,560.0,560.0,560.0,1166
1998-07-17,590.0,590.0,560.0,575.0,575.0,361
1998-07-20,580.0,590.0,540.0,570.0,570.0,821
1998-07-21,570.0,570.0,505.0,505.0,505.0,423
1998-07-22,500.0,545.0,490.0,500.0,500.0,328
1998-07-23,490.0,540.0,480.0,480.0,480.0,588
1998-07-24,470.0,500.0,460.0,460.0,460.0,416
1998-07-27,460.0,510.0,460.0,500.0,500.0,325
1998-07-28,495.0,522.5,480.0,485.0,485.0,393
1998-07-29,490.0,520.0,480.0,480.0,480.0,156
1998-07-30,480.0,500.0,470.0,490.0,490.0,500
1998-07-31,490.0,490.0,470.0,480.0,480.0,533
1998-08-03,470.0,480.0,430.0,440.0,440.0,884
1998-08-04,445.0,460.0,445.0,450.0,450.0,360
1998-08-05,450.0,465.0,430.0,445.0,445.0,510
1998-08-06,435.0,450.0,430.0,435.0,435.0,395
1998-08-07,430.0,455.0,430.0,440.0,440.0,355
1998-08-10,450.0,450.0,440.0,450.0,450.0,230
1998-08-11,450.0,455.0,440.0,440.0,440.0,710
1998-08-12,455.0,465.0,440.0,450.0,450.0,384
1998-08-13,470.0,525.0,460.0,500.0,500.0,1295
1998-08-14,510.0,510.0,470.0,475.0,475.0,153
1998-08-17,500.0,500.0,460.0,465.0,465.0,200
1998-08-18,480.0,490.0,450.0,460.0,460.0,339
1998-08-19,480.0,480.0,440.0,440.0,440.0,278
1998-08-20,440.0,465.0,440.0,440.0,440.0,250
1998-08-21,440.0,465.0,430.0,465.0,465.0,450
1998-08-24,440.0,470.0,440.0,450.0,450.0,365
1998-08-25,470.0,520.0,440.0,455.0,455.0,2234
1998-08-26,460.0,470.0,440.0,465.0,465.0,429
1998-08-27,450.0,465.0,440.0,465.0,465.0,754
1998-08-28,460.0,465.0,440.0,450.0,450.0,165
1998-08-31,460.0,460.0,360.0,365.0,365.0,1553
1998-09-01,380.0,420.0,340.0,420.0,420.0,824
1998-09-02,390.0,430.0,375.0,380.0,380.0,786
1998-09-03,380.0,380.0,290.0,320.0,320.0,3408
1998-09-04,330.0,340.0,290.0,300.0,300.0,1360
1998-09-08,320.0,350.0,310.0,335.0,335.0,1331
1998-09-09,330.0,335.0,310.0,320.0,320.0,1315
1998-09-10,320.0,320.0,260.0,295.0,295.0,1561
1998-09-11,280.0,300.0,275.0,295.0,295.0,1050
1998-09-14,305.0,305.0,280.0,280.0,280.0,1313
1998-09-15,270.0,300.0,250.0,270.0,270.0,886
1998-09-16,260.0,300.0,260.0,290.0,290.0,1335
1998-09-17,270.0,290.0,250.0,255.0,255.0,1536
1998-09-18,250.0,280.0,250.0,270.0,270.0,2433
1998-09-21,250.0,270.0,250.0,265.0,265.0,303
1998-09-22,280.0,280.0,245.0,275.0,275.0,1291
1998-09-23,275.0,285.0,260.0,265.0,265.0,824
1998-09-24,260.0,280.0,260.0,260.0,260.0,333
1998-09-25,260.0,310.0,260.0,290.0,290.0,769
1998-09-28,295.0,430.0,290.0,380.0,380.0,3090
1998-09-29,370.0,380.0,320.0,340.0,340.0,473
1998-09-30,330.0,380.0,330.0,360.0,360.0,1186
1998-10-01,355.0,360.0,320.0,325.0,325.0,635
1998-10-02,320.0,340.0,260.0,300.0,300.0,1475
1998-10-05,300.0,310.0,260.0,280.0,280.0,323
1998-10-06,270.0,310.0,260.0,270.0,270.0,1136
1998-10-07,290.0,310.0,270.0,310.0,310.0,826
1998-10-08,310.0,320.0,270.0,320.0,320.0,896
1998-10-09,320.0,345.0,310.0,310.0,310.0,933
1998-10-12,320.0,320.0,285.0,310.0,310.0,388
1998-10-13,285.0,315.0,285.0,290.0,290.0,265
1998-10-14,280.0,320.0,280.0,320.0,320.0,399
1998-10-15,280.0,310.0,260.0,300.0,300.0,1731
1998-10-16,285.0,305.0,280.0,290.0,290.0,476
1998-10-19,280.0,290.0,280.0,290.0,290.0,96
1998-10-20,280.0,310.0,280.0,280.0,280.0,620
1998-10-21,280.0,315.0,265.0,280.0,280.0,1509
1998-10-22,270.0,290.0,270.0,290.0,290.0,319
1998-10-23,295.0,295.0,275.0,275.0,275.0,411
1998-10-26,275.0,285.0,275.0,280.0,280.0,224
1998-10-27,275.0,285.0,265.0,265.0,265.0,284
1998-10-28,260.0,280.0,255.0,280.0,280.0,764
1998-10-29,282.5,290.0,265.0,280.0,280.0,959
1998-10-30,280.0,287.5,210.0,265.0,265.0,3743
1998-11-02,250.0,280.0,250.0,280.0,280.0,978
1998-11-03,280.0,290.0,265.0,265.0,265.0,363
1998-11-04,280.0,290.0,270.0,270.0,270.0,469
1998-11-05,280.0,285.0,265.0,285.0,285.0,846
1998-11-06,270.0,285.0,270.0,270.0,270.0,493
1998-11-09,270.0,300.0,270.0,280.0,280.0,794
1998-11-10,280.0,335.0,270.0,280.0,280.0,5896
1998-11-11,290.0,300.0,270.0,280.0,280.0,1976
1998-11-12,265.0,290.0,265.0,270.0,270.0,1909
1998-11-13,270.0,285.0,265.0,270.0,270.0,381
1998-11-16,270.0,280.0,260.0,270.0,270.0,765
1998-11-17,265.0,290.0,265.0,275.0,275.0,876
1998-11-18,285.0,297.5,260.0,280.0,280.0,1213
1998-11-19,295.0,310.0,270.0,295.0,295.0,494
1998-11-20,305.0,310.0,270.0,285.0,285.0,948
1998-11-23,305.0,305.0,260.0,260.0,260.0,694
1998-11-24,255.0,270.0,255.0,262.5,262.5,860
1998-11-25,260.0,275.0,255.0,260.0,260.0,1156
1998-11-27,270.0,285.0,270.0,270.0,270.0,239
1998-11-30,260.0,280.0,255.0,265.0,265.0,596
1998-12-01,265.0,270.0,235.0,260.0,260.0,966
1998-12-02,260.0,270.0,245.0,250.0,250.0,519
1998-12-03,240.0,260.0,240.0,245.0,245.0,443
1998-12-04,245.0,260.0,240.0,240.0,240.0,489
1998-12-07,260.0,260.0,220.0,220.0,220.0,724
1998-12-08,220.0,237.5,220.0,227.5,227.5,1129
1998-12-09,240.0,240.0,195.0,210.0,210.0,1403
1998-12-10,200.0,240.0,200.0,210.0,210.0,790
1998-12-11,200.0,220.0,200.0,200.0,200.0,1096
1998-12-14,205.0,210.0,190.0,200.0,200.0,930
1998-12-15,202.5,217.5,200.0,200.0,200.0,1073
1998-12-16,200.0,205.0,180.0,190.0,190.0,1863
1998-12-17,200.0,220.0,190.0,210.0,210.0,1818
1998-12-18,210.0,215.0,185.0,192.5,192.5,1110
1998-12-21,215.0,220.0,170.0,190.0,190.0,2176
1998-12-22,175.0,200.0,172.5,180.0,180.0,2669
1998-12-23,190.0,190.0,170.0,190.0,190.0,3028
1998-12-24,200.0,210.0,185.0,200.0,200.0,1541
1998-12-28,180.0,200.0,180.0,192.5,192.5,1710
1998-12-29,182.5,205.0,180.0,185.0,185.0,3293
1998-12-30,205.0,210.0,180.0,205.0,205.0,5005
1998-12-31,205.0,240.0,200.0,240.0,240.0,4834
1999-01-04,265.0,280.0,250.0,270.0,270.0,3706
1999-01-05,275.0,292.5,265.0,285.0,285.0,1681
1999-01-06,295.0,320.0,280.0,310.0,310.0,2058
1999-01-07,310.0,340.0,280.0,340.0,340.0,2328
1999-01-08,340.0,400.0,337.5,390.0,390.0,4068
1999-01-11,410.0,410.0,340.0,340.0,340.0,2633
1999-01-12,370.0,370.0,280.0,310.0,310.0,1703
1999-01-13,280.0,360.0,280.0,325.0,325.0,946
1999-01-14,320.0,335.0,310.0,322.5,322.5,1246
1999-01-15,320.0,330.0,320.0,325.0,325.0,376
1999-01-19,330.0,340.0,320.0,340.0,340.0,459
1999-01-20,355.0,360.0,325.0,350.0,350.0,754
1999-01-21,320.0,347.5,300.0,335.0,335.0,2418
1999-01-22,330.0,390.0,315.0,385.0,385.0,2981
1999-01-25,390.0,440.0,380.0,405.0,405.0,3765
1999-01-26,440.0,450.0,400.0,425.0,425.0,2156
1999-01-27,435.0,435.0,390.0,400.0,400.0,1248
1999-01-28,370.0,440.0,360.0,435.0,435.0,1675
1999-01-29,440.0,440.0,400.0,420.0,420.0,753
1999-02-01,435.0,435.0,400.0,410.0,410.0,718
1999-02-02,427.5,427.5,400.0,420.0,420.0,744
1999-02-03,405.0,435.0,400.0,415.0,415.0,881
1999-02-04,400.0,415.0,370.0,400.0,400.0,458
1999-02-05,395.0,405.0,365.0,380.0,380.0,463
1999-02-08,410.0,415.0,360.0,380.0,380.0,459
1999-02-09,380.0,390.0,340.0,345.0,345.0,934
1999-02-10,365.0,365.0,340.0,355.0,355.0,325
1999-02-11,340.0,400.0,340.0,400.0,400.0,651
1999-02-12,400.0,400.0,360.0,365.0,365.0,588
1999-02-16,360.0,380.0,350.0,360.0,360.0,625
1999-02-17,340.0,360.0,330.0,330.0,330.0,629
1999-02-18,330.0,380.0,330.0,340.0,340.0,670
1999-02-19,335.0,340.0,330.0,335.0,335.0,348
1999-02-22,325.0,350.0,320.0,320.0,320.0,463
1999-02-23,355.0,355.0,310.0,310.0,310.0,659
1999-02-24,310.0,340.0,310.0,320.0,320.0,345
1999-02-25,340.0,340.0,310.0,320.0,320.0,445
1999-02-26,320.0,320.0,265.0,290.0,290.0,1923
1999-03-01,270.0,300.0,260.0,270.0,270.0,339
1999-03-02,300.0,300.0,265.0,280.0,280.0,380
1999-03-03,280.0,310.0,280.0,285.0,285.0,86
1999-03-04,285.0,310.0,285.0,310.0,310.0,398
1999-03-05,310.0,320.0,300.0,320.0,320.0,271
1999-03-08,325.0,325.0,300.0,305.0,305.0,193
1999-03-09,290.0,305.0,285.0,295.0,295.0,614
1999-03-10,285.0,310.0,285.0,295.0,295.0,304
1999-03-11,285.0,305.0,285.0,290.0,290.0,631
1999-03-12,290.0,305.0,285.0,285.0,285.0,329
1999-03-15,285.0,295.0,280.0,287.5,287.5,704
1999-03-16,287.5,320.0,287.5,315.0,315.0,771
1999-03-17,310.0,325.0,285.0,285.0,285.0,675
1999-03-18,285.0,305.0,280.0,285.0,285.0,199
1999-03-19,285.0,290.0,280.0,280.0,280.0,306
1999-03-22,280.0,300.0,280.0,295.0,295.0,153
1999-03-23,295.0,300.0,270.0,270.0,270.0,269
1999-03-24,290.0,290.0,265.0,270.0,270.0,298
1999-03-25,270.0,280.0,260.0,260.0,260.0,260
1999-03-26,280.0,280.0,260.0,266.25,266.25,358
1999-03-29,265.0,270.0,245.0,245.0,245.0,624
1999-03-30,242.5,245.0,225.0,240.0,240.0,606
1999-03-31,235.0,255.0,200.0,225.0,225.0,1103
1999-04-01,225.0,245.0,210.0,240.0,240.0,531
1999-04-05,240.0,255.0,220.0,230.0,230.0,439
1999-04-06,245.0,250.0,230.0,250.0,250.0,728
1999-04-07,240.0,250.0,220.0,240.0,240.0,300
1999-04-08,220.0,240.0,210.0,225.0,225.0,794
1999-04-09,220.0,240.0,220.0,230.0,230.0,304
1999-04-12,220.0,250.0,200.0,240.0,240.0,631
1999-04-13,250.0,250.0,230.0,245.0,245.0,358
1999-04-14,250.0,280.0,235.0,270.0,270.0,1075
1999-04-15,270.0,290.0,270.0,270.0,270.0,489
1999-04-16,280.0,295.0,265.0,295.0,295.0,510
1999-04-19,300.0,300.0,270.0,270.0,270.0,465
1999-04-20,260.0,285.0,210.0,240.0,240.0,520
1999-04-21,260.0,260.0,235.0,260.0,260.0,633
1999-04-22,245.0,260.0,245.0,260.0,260.0,645
1999-04-23,255.0,280.0,255.0,267.5,267.5,714
1999-04-26,280.0,335.0,270.0,335.0,335.0,1363
1999-04-27,292.5,310.0,290.0,295.0,295.0,758
1999-04-28,310.0,310.0,295.0,295.0,295.0,76
1999-04-29,295.0,330.0,295.0,315.0,315.0,786
1999-04-30,330.0,337.5,310.0,310.0,310.0,338
1999-05-03,330.0,330.0,290.0,320.0,320.0,304
1999-05-04,300.0,325.0,300.0,325.0,325.0,540
1999-05-05,315.0,330.0,310.0,315.0,315.0,484
1999-05-06,310.0,320.0,300.0,310.0,310.0,360
1999-05-07,320.0,320.0,310.0,320.0,320.0,890
1999-05-10,300.0,330.0,300.0,320.0,320.0,655
1999-05-11,300.0,330.0,300.0,320.0,320.0,343
1999-05-12,302.5,330.0,300.0,330.0,330.0,578
1999-05-13,320.0,330.0,310.0,310.0,310.0,489
1999-05-14,310.0,320.0,300.0,315.0,315.0,353
1999-05-17,300.0,340.0,300.0,330.0,330.0,1038
1999-05-18,330.0,350.0,300.0,315.0,315.0,513
1999-05-19,300.0,330.0,280.0,320.0,320.0,698
1999-05-20,300.0,320.0,295.0,300.0,300.0,229
1999-05-21,300.0,300.0,290.0,300.0,300.0,374
1999-05-24,320.0,320.0,270.0,270.0,270.0,736
1999-05-25,300.0,300.0,260.0,280.0,280.0,219
1999-05-26,290.0,290.0,270.0,280.0,280.0,236
1999-05-27,275.0,280.0,270.0,270.0,270.0,123
1999-05-28,270.0,270.0,260.0,270.0,270.0,371
1999-06-01,275.0,280.0,270.0,280.0,280.0,260
1999-06-02,270.0,285.0,270.0,270.0,270.0,146
1999-06-03,270.0,300.0,270.0,287.5,287.5,355
1999-06-04,287.5,300.0,285.0,290.0,290.0,288
1999-06-07,300.0,300.0,290.0,295.0,295.0,125
1999-06-08,307.5,332.5,305.0,332.5,332.5,1284
1999-06-09,330.0,340.0,305.0,340.0,340.0,290
1999-06-10,330.0,340.0,330.0,335.0,335.0,449
1999-06-11,335.0,340.0,335.0,340.0,340.0,486
1999-06-14,335.0,337.5,275.0,275.0,275.0,808
1999-06-15,300.0,300.0,280.0,295.0,295.0,104
1999-06-16,295.0,295.0,280.0,280.0,280.0,258
1999-06-17,280.0,300.0,270.0,300.0,300.0,698
1999-06-18,310.0,320.0,310.0,310.0,310.0,170
1999-06-21,300.0,320.0,300.0,310.0,310.0,374
1999-06-22,315.0,317.5,290.0,315.0,315.0,275
1999-06-23,295.0,340.0,292.5,315.0,315.0,1588
1999-06-24,320.0,320.0,300.0,310.0,310.0,183
1999-06-25,320.0,320.0,300.0,310.0,310.0,40
1999-06-28,300.0,320.0,290.0,310.0,310.0,275
1999-06-29,300.0,320.0,300.0,310.0,310.0,301
1999-06-30,310.0,320.0,300.0,315.0,315.0,123
1999-07-01,320.0,340.0,315.0,335.0,335.0,1263
1999-07-02,331.25,395.0,327.5,380.0,380.0,1210
1999-07-06,395.0,395.0,365.0,380.0,380.0,810
1999-07-07,395.0,395.0,370.0,370.0,370.0,660
1999-07-08,380.0,410.0,380.0,400.0,400.0,1881
1999-07-09,410.0,420.0,390.0,390.0,390.0,740
1999-07-12,390.0,460.0,385.0,455.0,455.0,2116
1999-07-13,475.0,630.0,472.5,560.0,560.0,7471
1999-07-14,575.0,575.0,530.0,575.0,575.0,8325
1999-07-15,595.0,597.5,470.0,540.0,540.0,5394
1999-07-16,537.5,540.0,450.0,530.0,530.0,2105
1999-07-19,515.0,530.0,470.0,490.0,490.0,1596
1999-07-20,487.5,540.0,455.0,520.0,520.0,2223
1999-07-21,535.0,540.0,520.0,520.0,520.0,749
1999-07-22,530.0,540.0,500.0,500.0,500.0,521
1999-07-23,500.0,510.0,470.0,470.0,470.0,1165
1999-07-26,475.0,515.0,410.0,500.0,500.0,634
1999-07-27,500.0,540.0,460.0,480.0,480.0,1163
1999-07-28,475.0,485.0,465.0,465.0,465.0,639
1999-07-29,465.0,485.0,450.0,460.0,460.0,683
1999-07-30,445.0,500.0,445.0,460.0,460.0,1249
1999-08-02,470.0,480.0,455.0,455.0,455.0,330
1999-08-03,465.0,470.0,400.0,440.0,440.0,516
1999-08-04,435.0,445.0,400.0,415.0,415.0,500
1999-08-05,417.5,445.0,400.0,440.0,440.0,670
1999-08-06,450.0,460.0,420.0,430.0,430.0,786
1999-08-09,445.0,460.0,420.0,430.0,430.0,618
1999-08-10,455.0,455.0,410.0,415.0,415.0,738
1999-08-11,420.0,420.0,400.0,410.0,410.0,265
1999-08-12,410.0,425.0,410.0,410.0,410.0,304
1999-08-13,420.0,440.0,415.0,435.0,435.0,714
1999-08-16,435.0,440.0,415.0,420.0,420.0,510
1999-08-17,415.0,420.0,400.0,410.0,410.0,553
1999-08-18,420.0,425.0,400.0,420.0,420.0,740
1999-08-19,400.0,420.0,400.0,410.0,410.0,495
1999-08-20,420.0,435.0,410.0,430.0,430.0,665
1999-08-23,405.0,430.0,405.0,405.0,405.0,640
1999-08-24,415.0,415.0,385.0,400.0,400.0,1014
1999-08-25,420.0,420.0,390.0,400.0,400.0,910
1999-08-26,390.0,400.0,370.0,400.0,400.0,386
1999-08-27,370.0,420.0,370.0,385.0,385.0,939
1999-08-30,382.5,405.0,375.0,375.0,375.0,781
1999-08-31,375.0,400.0,360.0,365.0,365.0,548
1999-09-01,360.0,415.0,360.0,390.0,390.0,285
1999-09-02,400.0,400.0,380.0,400.0,400.0,1250
1999-09-03,395.0,450.0,395.0,450.0,450.0,1296
1999-09-07,440.0,550.0,440.0,540.0,540.0,1726
1999-09-08,532.5,540.0,495.0,515.0,515.0,929
1999-09-09,500.0,520.0,450.0,475.0,475.0,883
1999-09-10,477.5,500.0,460.0,500.0,500.0,648
1999-09-13,510.0,510.0,460.0,480.0,480.0,491
1999-09-14,470.0,480.0,460.0,460.0,460.0,1060
1999-09-15,460.0,475.0,455.0,470.0,470.0,519
1999-09-16,450.0,470.0,437.5,440.0,440.0,486
1999-09-17,450.0,495.0,450.0,490.0,490.0,1320
1999-09-20,495.0,500.0,475.0,477.5,477.5,2858
1999-09-21,480.0,480.0,440.0,450.0,450.0,1528
1999-09-22,452.5,460.0,445.0,450.0,450.0,435
1999-09-23,445.0,450.0,415.0,415.0,415.0,745
1999-09-24,435.0,435.0,410.0,430.0,430.0,88
1999-09-27,417.5,610.0,417.5,562.5,562.5,23515
1999-09-28,520.0,540.0,455.0,460.0,460.0,8043
1999-09-29,470.0,485.0,422.5,450.0,450.0,1333
1999-09-30,450.0,480.0,450.0,457.5,457.5,1183
1999-10-01,460.0,472.5,440.0,450.0,450.0,1058
1999-10-04,440.0,455.0,415.0,425.0,425.0,1429
1999-10-05,427.5,445.0,395.0,407.5,407.5,3768
1999-10-06,406.25,430.0,402.5,420.0,420.0,1450
1999-10-07,420.0,445.0,410.0,425.0,425.0,844
1999-10-08,417.5,440.0,415.0,430.0,430.0,655
1999-10-11,430.0,460.0,420.0,460.0,460.0,614
1999-10-12,460.0,470.0,430.0,440.0,440.0,1103
1999-10-13,420.0,460.0,410.0,460.0,460.0,1040
1999-10-14,470.0,470.0,430.0,430.0,430.0,635
1999-10-15,415.0,460.0,390.0,410.0,410.0,3239
1999-10-18,407.5,430.0,395.0,410.0,410.0,1733
1999-10-19,420.0,465.0,420.0,460.0,460.0,753
1999-10-20,440.0,455.0,430.0,450.0,450.0,496
1999-10-21,440.0,480.0,440.0,465.0,465.0,585
1999-10-22,480.0,510.0,475.0,510.0,510.0,1798
1999-10-25,507.5,520.0,480.0,490.0,490.0,3850
1999-10-26,490.0,520.0,485.0,500.0,500.0,1155
1999-10-27,485.0,525.0,485.0,525.0,525.0,1571
1999-10-28,520.0,535.0,500.0,510.0,510.0,1285
1999-10-29,497.5,510.0,470.0,480.0,480.0,1503
1999-11-01,490.0,530.0,490.0,525.0,525.0,554
1999-11-02,520.0,530.0,490.0,520.0,520.0,464
1999-11-03,520.0,540.0,510.0,510.0,510.0,911
1999-11-04,520.0,540.0,520.0,530.0,530.0,478
1999-11-05,530.0,545.0,510.0,545.0,545.0,1821
1999-11-08,527.5,545.0,525.0,530.0,530.0,511
1999-11-09,535.0,565.0,530.0,562.5,562.5,1818
1999-11-10,557.5,580.0,552.5,580.0,580.0,3070
1999-11-11,580.0,690.0,565.0,640.0,640.0,5165
1999-11-12,670.0,680.0,635.0,665.0,665.0,3894
1999-11-15,665.0,710.0,660.0,705.0,705.0,2503
1999-11-16,705.0,720.0,685.0,695.0,695.0,2229
1999-11-17,690.0,700.0,600.0,630.0,630.0,1971
1999-11-18,620.0,650.0,620.0,630.0,630.0,870
1999-11-19,650.0,700.0,620.0,670.0,670.0,2589
1999-11-22,665.0,690.0,610.0,632.5,632.5,1795
1999-11-23,640.0,640.0,612.5,620.0,620.0,1216
1999-11-24,640.0,650.0,600.0,610.0,610.0,769
1999-11-26,610.0,655.0,610.0,640.0,640.0,499
1999-11-29,630.0,640.0,600.0,617.5,617.5,653
1999-11-30,630.0,670.0,630.0,650.0,650.0,1785
1999-12-01,642.5,675.0,635.0,670.0,670.0,979
1999-12-02,675.0,775.0,670.0,720.0,720.0,3399
1999-12-03,730.0,810.0,715.0,790.0,790.0,3521
1999-12-06,770.0,840.0,700.0,800.0,800.0,3920
1999-12-07,795.0,870.0,795.0,860.0,860.0,2280
1999-12-08,865.0,1125.0,855.0,1080.0,1080.0,8590
1999-12-09,1115.0,1145.0,1040.0,1070.0,1070.0,6254
1999-12-10,1060.0,1100.0,920.0,950.0,950.0,3546
1999-12-13,930.0,1075.0,930.0,990.0,990.0,1910
1999-12-14,1035.0,1050.0,1005.0,1010.0,1010.0,1470
1999-12-15,1012.5,1015.0,845.0,1000.0,1000.0,2878
1999-12-16,930.0,990.0,925.0,925.0,925.0,1973
1999-12-17,925.0,970.0,900.0,960.0,960.0,1514
1999-12-20,935.0,985.0,880.0,880.0,880.0,990
1999-12-21,880.0,890.0,820.0,850.0,850.0,1020
1999-12-22,845.0,880.0,760.0,855.0,855.0,1454
1999-12-23,845.0,860.0,845.0,855.0,855.0,1126
1999-12-27,852.5,930.0,850.0,895.0,895.0,814
1999-12-28,870.0,880.0,840.0,860.0,860.0,1258
1999-12-29,880.0,910.0,800.0,810.0,810.0,2595
1999-12-30,797.5,800.0,680.0,710.0,710.0,11443
1999-12-31,680.0,770.0,680.0,725.0,725.0,2341
2000-01-03,725.0,770.0,690.0,750.0,750.0,2485
2000-01-04,720.0,750.0,670.0,695.0,695.0,2318
2000-01-05,680.0,745.0,680.0,710.0,710.0,1328
2000-01-06,690.0,720.0,685.0,695.0,695.0,973
2000-01-07,695.0,720.0,680.0,715.0,715.0,491
2000-01-10,720.0,790.0,717.5,785.0,785.0,1103
2000-01-11,777.5,795.0,770.0,770.0,770.0,1113
2000-01-12,760.0,795.0,720.0,760.0,760.0,718
2000-01-13,740.0,760.0,720.0,720.0,720.0,389
2000-01-14,717.5,775.0,710.0,730.0,730.0,1424
2000-01-18,720.0,980.0,690.0,980.0,980.0,4220
2000-01-19,970.0,980.0,837.5,915.0,915.0,2835
2000-01-20,897.5,900.0,840.0,860.0,860.0,1503
2000-01-21,870.0,1000.0,795.0,960.0,960.0,4020
2000-01-24,965.0,990.0,820.0,840.0,840.0,1820
2000-01-25,870.0,910.0,850.0,900.0,900.0,1278
2000-01-26,910.0,920.0,870.0,875.0,875.0,1025
2000-01-27,870.0,910.0,850.0,880.0,880.0,1155
2000-01-28,870.0,920.0,800.0,800.0,800.0,1120
2000-01-31,825.0,840.0,770.0,800.0,800.0,1726
2000-02-01,795.0,810.0,780.0,795.0,795.0,471
2000-02-02,795.0,860.0,780.0,840.0,840.0,1720
2000-02-03,830.0,885.0,790.0,870.0,870.0,1143
2000-02-04,900.0,900.0,860.0,865.0,865.0,489
2000-02-07,895.0,898.75,835.0,850.0,850.0,701
2000-02-08,890.0,960.0,870.0,960.0,960.0,3025
2000-02-09,970.0,1310.0,970.0,1200.0,1200.0,15794
2000-02-10,1230.0,1420.0,1150.0,1335.0,1335.0,14948
2000-02-11,1360.0,1415.0,1220.0,1280.0,1280.0,7113
2000-02-14,1355.0,1510.0,1320.0,1470.0,1470.0,10229
2000-02-15,1475.0,1480.0,1340.0,1435.0,1435.0,4350
2000-02-16,1440.0,1450.0,1340.0,1355.0,1355.0,2235
2000-02-17,1355.0,1430.0,1290.0,1405.0,1405.0,6131
2000-02-18,1397.5,1440.0,1380.0,1380.0,1380.0,2439
2000-02-22,1400.0,1435.0,1380.0,1400.0,1400.0,1663
2000-02-23,1385.0,1620.0,1340.0,1600.0,1600.0,10298
2000-02-24,1640.0,1760.0,1625.0,1760.0,1760.0,5309
2000-02-25,1750.0,1807.5,1710.0,1720.0,1720.0,3390
2000-02-28,1750.0,1770.0,1590.0,1595.0,1595.0,1963
2000-02-29,1600.0,1670.0,1595.0,1610.0,1610.0,1894
2000-03-01,1620.0,2010.0,1620.0,1985.0,1985.0,8280
2000-03-02,1885.0,2010.0,1860.0,1890.0,1890.0,3694
2000-03-03,1995.0,2155.0,1920.0,2080.0,2080.0,4298
2000-03-06,2180.0,2180.0,2035.0,2120.0,2120.0,6246
2000-03-07,2130.0,2130.0,1930.0,2000.0,2000.0,4205
2000-03-08,2050.0,2080.0,1960.0,2080.0,2080.0,3138
2000-03-09,2070.0,2390.0,2020.0,2330.0,2330.0,3579
2000-03-10,2300.0,2520.0,2270.0,2440.0,2440.0,7295
2000-03-13,2400.0,2420.0,2160.0,2380.0,2380.0,6771
2000-03-14,2395.0,2420.0,2170.0,2250.0,2250.0,5603
2000-03-15,2220.0,2240.0,1860.0,2090.0,2090.0,5019
2000-03-16,2070.0,2085.0,1860.0,2045.0,2045.0,4646
2000-03-17,2045.0,2070.0,1900.0,2030.0,2030.0,2040
2000-03-20,2035.0,2035.0,1620.0,1680.0,1680.0,3809
2000-03-21,1665.0,1855.0,1560.0,1845.0,1845.0,4100
2000-03-22,1845.0,2080.0,1840.0,2030.0,2030.0,1630
2000-03-23,1960.0,2080.0,1861.25,1990.0,1990.0,1820
2000-03-24,1950.0,2060.0,1870.0,1895.0,1895.0,934
2000-03-27,1895.0,1938.75,1760.0,1770.0,1770.0,1290
2000-03-28,1780.0,1810.0,1760.0,1800.0,1800.0,1068
2000-03-29,1810.0,2080.0,1790.0,2080.0,2080.0,1935
2000-03-30,2060.0,2085.0,1875.0,2000.0,2000.0,3470
2000-03-31,2040.0,2080.0,1875.0,1920.0,1920.0,791
2000-04-03,1875.0,1920.0,1520.0,1525.0,1525.0,1874
2000-04-04,1590.0,1650.0,1405.0,1445.0,1445.0,4130
2000-04-05,1427.5,1550.0,1427.5,1485.0,1485.0,2963
2000-04-06,1482.5,1700.0,1482.5,1650.0,1650.0,3315
2000-04-07,1675.0,1700.0,1630.0,1675.0,1675.0,1400
2000-04-10,1680.0,1680.0,1575.0,1575.0,1575.0,686
2000-04-11,1470.0,1480.0,1360.0,1360.0,1360.0,3156
2000-04-12,1265.0,1320.0,1080.0,1090.0,1090.0,3935
2000-04-13,1130.0,1280.0,1080.0,1100.0,1100.0,3875
2000-04-14,1085.0,1085.0,960.0,1020.0,1020.0,7690
2000-04-17,980.0,1090.0,980.0,1075.0,1075.0,3901
2000-04-18,1080.0,1360.0,1075.0,1245.0,1245.0,3804
2000-04-19,1300.0,1400.0,1250.0,1260.0,1260.0,1700
2000-04-20,1300.0,1310.0,1260.0,1260.0,1260.0,1090
2000-04-24,1265.0,1270.0,1190.0,1260.0,1260.0,1544
2000-04-25,1260.0,1370.0,1260.0,1360.0,1360.0,946
2000-04-26,1355.0,1470.0,1350.0,1355.0,1355.0,1304
2000-04-27,1315.0,1360.0,1315.0,1355.0,1355.0,639
2000-04-28,1350.0,1470.0,1350.0,1470.0,1470.0,533
2000-05-01,1430.0,1670.0,1400.0,1580.0,1580.0,2195
2000-05-02,1580.0,1587.5,1420.0,1420.0,1420.0,1423
2000-05-03,1515.0,1515.0,1330.0,1460.0,1460.0,1109
2000-05-04,1415.0,1480.0,1310.0,1350.0,1350.0,1816
2000-05-05,1320.0,1390.0,1320.0,1375.0,1375.0,228
2000-05-08,1310.0,1520.0,1310.0,1365.0,1365.0,801
2000-05-09,1415.0,1415.0,1260.0,1365.0,1365.0,938
2000-05-10,1286.25,1330.0,1230.0,1230.0,1230.0,1353
2000-05-11,1220.0,1370.0,1220.0,1320.0,1320.0,1191
2000-05-12,1320.0,1330.0,1290.0,1300.0,1300.0,1030
2000-05-15,1310.0,1340.0,1280.0,1340.0,1340.0,1096
2000-05-16,1300.0,1332.5,1290.0,1300.0,1300.0,841
2000-05-17,1290.0,1290.0,1260.0,1260.0,1260.0,773
2000-05-18,1250.0,1272.5,1060.0,1090.0,1090.0,1710
2000-05-19,1080.0,1080.0,990.0,1005.0,1005.0,1470
2000-05-22,980.0,1260.0,980.0,1240.0,1240.0,1485
2000-05-23,1180.0,1200.0,1040.0,1040.0,1040.0,1569
2000-05-24,1040.0,1200.0,970.0,1200.0,1200.0,1074
2000-05-25,1150.0,1200.0,1030.0,1045.0,1045.0,976
2000-05-26,1100.0,1115.0,1010.0,1100.0,1100.0,524
2000-05-30,1115.0,1260.0,1040.0,1240.0,1240.0,711
2000-05-31,1180.0,1240.0,1100.0,1190.0,1190.0,544
2000-06-01,1200.0,1280.0,1190.0,1230.0,1230.0,304
2000-06-02,1200.0,1360.0,1200.0,1300.0,1300.0,1103
2000-06-05,1300.0,1360.0,1290.0,1300.0,1300.0,541
2000-06-06,1345.0,1345.0,1280.0,1300.0,1300.0,1144
2000-06-07,1322.5,1325.0,1275.0,1325.0,1325.0,503
2000-06-08,1320.0,1380.0,1315.0,1335.0,1335.0,2300
2000-06-09,1340.0,1345.0,1260.0,1320.0,1320.0,546
2000-06-12,1320.0,1375.0,1280.0,1360.0,1360.0,1621
2000-06-13,1285.0,1320.0,675.0,705.0,705.0,40623
2000-06-14,730.0,780.0,700.0,735.0,735.0,13949
2000-06-15,750.0,760.0,652.5,695.0,695.0,4585
2000-06-16,695.0,700.0,605.0,640.0,640.0,7055
2000-06-19,640.0,655.0,620.0,640.0,640.0,5744
2000-06-20,647.5,695.0,640.0,690.0,690.0,8051
2000-06-21,687.5,750.0,680.0,740.0,740.0,4291
2000-06-22,750.0,800.0,745.0,770.0,770.0,3791
2000-06-23,780.0,785.0,730.0,747.5,747.5,2441
2000-06-26,770.0,845.0,745.0,845.0,845.0,2479
2000-06-27,845.0,875.0,840.0,857.5,857.5,3708
2000-06-28,865.0,870.0,810.0,870.0,870.0,5203
2000-06-29,860.0,930.0,815.0,885.0,885.0,4926
2000-06-30,895.0,960.0,850.0,905.0,905.0,6283
2000-07-03,895.0,955.0,890.0,940.0,940.0,939
2000-07-05,952.5,955.0,855.0,865.0,865.0,3203
2000-07-06,867.5,950.0,850.0,940.0,940.0,3068
2000-07-07,890.0,940.0,890.0,930.0,930.0,1219
2000-07-10,920.0,970.0,900.0,925.0,925.0,1381
2000-07-11,940.0,965.0,925.0,935.0,935.0,3659
2000-07-12,942.5,950.0,935.0,950.0,950.0,1021
2000-07-13,940.0,950.0,920.0,930.0,930.0,1113
2000-07-14,932.5,960.0,840.0,945.0,945.0,1863
2000-07-17,950.0,955.0,920.0,950.0,950.0,673
2000-07-18,950.0,1060.0,950.0,1055.0,1055.0,1558
2000-07-19,1065.0,1065.0,920.0,985.0,985.0,1918
2000-07-20,990.0,1040.0,975.0,995.0,995.0,1380
2000-07-21,985.0,985.0,910.0,910.0,910.0,1118
2000-07-24,922.5,922.5,840.0,855.0,855.0,899
2000-07-25,862.5,960.0,830.0,955.0,955.0,954
2000-07-26,935.0,970.0,890.0,955.0,955.0,464
2000-07-27,952.5,952.5,840.0,860.0,860.0,519
2000-07-28,860.0,885.0,820.0,835.0,835.0,364
2000-07-31,837.5,880.0,780.0,870.0,870.0,849
2000-08-01,825.0,855.0,790.0,850.0,850.0,904
2000-08-02,802.5,890.0,775.0,785.0,785.0,751
2000-08-03,725.0,765.0,725.0,742.5,742.5,641
2000-08-04,742.5,765.0,725.0,740.0,740.0,1091
2000-08-07,740.0,820.0,740.0,800.0,800.0,1076
2000-08-08,802.5,855.0,785.0,855.0,855.0,1099
2000-08-09,850.0,875.0,850.0,860.0,860.0,1456
2000-08-10,855.0,860.0,770.0,770.0,770.0,445
2000-08-11,770.0,780.0,750.0,767.5,767.5,1460
2000-08-14,770.0,790.0,740.0,745.0,745.0,585
2000-08-15,735.0,775.0,720.0,725.0,725.0,971
2000-08-16,735.0,780.0,725.0,770.0,770.0,1085
2000-08-17,755.0,860.0,750.0,845.0,845.0,3435
2000-08-18,845.0,860.0,805.0,820.0,820.0,563
2000-08-21,825.0,835.0,775.0,800.0,800.0,486
2000-08-22,832.5,1080.0,832.5,915.0,915.0,9035
2000-08-23,905.0,980.0,880.0,975.0,975.0,2030
2000-08-24,995.0,1040.0,990.0,1025.0,1025.0,2258
2000-08-25,1025.0,1030.0,965.0,980.0,980.0,721
2000-08-28,985.0,1070.0,970.0,1040.0,1040.0,1889
2000-08-29,1045.0,1045.0,985.0,1030.0,1030.0,814
2000-08-30,1020.0,1070.0,995.0,1050.0,1050.0,2321
2000-08-31,1080.0,1200.0,1072.5,1190.0,1190.0,3521
2000-09-01,1200.0,1235.0,1190.0,1230.0,1230.0,3120
2000-09-05,1240.0,1265.0,1220.0,1245.0,1245.0,1800
2000-09-06,1245.0,1330.0,1245.0,1325.0,1325.0,2068
2000-09-07,1380.0,1380.0,1185.0,1230.0,1230.0,1610
2000-09-08,1200.0,1215.0,1190.0,1190.0,1190.0,640
2000-09-11,1185.0,1195.0,1080.0,1155.0,1155.0,1173
2000-09-12,1150.0,1150.0,1100.0,1110.0,1110.0,218
2000-09-13,1085.0,1200.0,1030.0,1195.0,1195.0,1569
2000-09-14,1167.5,1290.0,1167.5,1280.0,1280.0,1670
2000-09-15,1252.5,1360.0,1220.0,1320.0,1320.0,2145
2000-09-18,1340.0,1360.0,1130.0,1155.0,1155.0,1176
2000-09-19,1177.5,1250.0,1130.0,1235.0,1235.0,478
2000-09-20,1270.0,1270.0,1205.0,1240.0,1240.0,789
2000-09-21,1235.0,1240.0,1130.0,1130.0,1130.0,460
2000-09-22,1132.5,1250.0,1080.0,1250.0,1250.0,819
2000-09-25,1227.5,1255.0,1200.0,1230.0,1230.0,611
2000-09-26,1220.0,1245.0,1190.0,1210.0,1210.0,909
2000-09-27,1212.5,1212.5,935.0,950.0,950.0,2898
2000-09-28,880.0,1030.0,880.0,965.0,965.0,2684
2000-09-29,965.0,1020.0,940.0,950.0,950.0,1279
2000-10-02,942.5,990.0,900.0,910.0,910.0,1046
2000-10-03,945.0,945.0,850.0,860.0,860.0,480
2000-10-04,860.0,880.0,780.0,840.0,840.0,1779
2000-10-05,840.0,840.0,740.0,790.0,790.0,1024
2000-10-06,790.0,820.0,720.0,725.0,725.0,904
2000-10-09,730.0,730.0,640.0,715.0,715.0,1369
2000-10-10,713.75,740.0,662.5,690.0,690.0,2203
2000-10-11,665.0,730.0,620.0,700.0,700.0,1590
2000-10-12,700.0,705.0,615.0,615.0,615.0,535
2000-10-13,616.25,800.0,615.0,765.0,765.0,1224
2000-10-16,775.0,880.0,765.0,810.0,810.0,1610
2000-10-17,866.25,880.0,740.0,740.0,740.0,1495
2000-10-18,790.0,810.0,735.0,760.0,760.0,1020
2000-10-19,740.0,815.0,715.0,790.0,790.0,2165
2000-10-20,770.0,770.0,620.0,670.0,670.0,2828
2000-10-23,640.0,658.75,600.0,630.0,630.0,2194
2000-10-24,650.0,700.0,625.0,695.0,695.0,1020
2000-10-25,640.0,720.0,620.0,670.0,670.0,508
2000-10-26,667.5,700.0,640.0,700.0,700.0,418
2000-10-27,698.75,740.0,680.0,727.5,727.5,643
2000-10-30,720.0,725.0,660.0,725.0,725.0,1329
2000-10-31,727.5,850.0,727.5,820.0,820.0,1329
2000-11-01,835.0,835.0,775.0,790.0,790.0,55
2000-11-02,825.0,880.0,782.5,850.0,850.0,663
2000-11-03,840.0,960.0,840.0,950.0,950.0,1513
2000-11-06,935.0,960.0,910.0,940.0,940.0,880
2000-11-07,930.0,930.0,895.0,905.0,905.0,540
2000-11-08,895.0,915.0,890.0,892.5,892.5,1019
2000-11-09,901.25,960.0,890.0,900.0,900.0,715
2000-11-10,940.0,1000.0,895.0,913.75,913.75,621
2000-11-13,905.0,970.0,865.0,940.0,940.0,1115
2000-11-14,940.0,950.0,890.0,935.0,935.0,346
2000-11-15,930.0,930.0,895.0,910.0,910.0,149
2000-11-16,920.0,940.0,890.0,905.0,905.0,508
2000-11-17,895.0,955.0,875.0,935.0,935.0,1141
2000-11-20,880.0,880.0,775.0,775.0,775.0,985
2000-11-21,790.0,790.0,710.0,730.0,730.0,739
2000-11-22,730.0,775.0,660.0,775.0,775.0,821
2000-11-24,760.0,840.0,680.0,810.0,810.0,414
2000-11-27,761.25,855.0,750.0,755.0,755.0,910
2000-11-28,765.0,765.0,680.0,695.0,695.0,289
2000-11-29,685.0,700.0,620.0,645.0,645.0,963
2000-11-30,640.0,690.0,595.0,670.0,670.0,809
2000-12-01,685.0,700.0,625.0,680.0,680.0,739
2000-12-04,655.0,680.0,620.0,650.0,650.0,968
2000-12-05,642.5,680.0,580.0,680.0,680.0,1073
2000-12-06,668.75,675.0,625.0,675.0,675.0,341
2000-12-07,637.5,660.0,590.0,600.0,600.0,503
2000-12-08,600.0,660.0,600.0,630.0,630.0,673
2000-12-11,653.75,653.75,590.0,600.0,600.0,740
2000-12-12,610.0,610.0,550.0,580.0,580.0,528
2000-12-13,580.0,610.0,470.0,525.0,525.0,1225
2000-12-14,555.0,555.0,460.0,480.0,480.0,1615
2000-12-15,485.0,485.0,370.0,430.0,430.0,1320
2000-12-18,430.0,435.0,395.0,400.0,400.0,1299
2000-12-19,401.25,410.0,330.0,335.0,335.0,2401
2000-12-20,340.0,390.0,325.0,370.0,370.0,2185
2000-12-21,330.0,360.0,240.0,255.0,255.0,1963
2000-12-22,292.5,380.0,280.0,360.0,360.0,6161
2000-12-26,307.5,357.5,230.0,300.0,300.0,3160
2000-12-27,242.5,320.0,240.0,295.0,295.0,1679
2000-12-28,285.0,320.0,265.0,320.0,320.0,3409
2000-12-29,300.0,400.0,295.0,380.0,380.0,5724
2001-01-02,390.0,405.0,320.0,385.0,385.0,920
2001-01-03,388.75,480.0,370.0,475.0,475.0,601
2001-01-04,421.25,470.0,390.0,430.0,430.0,575
2001-01-05,400.0,440.0,340.0,382.5,382.5,473
2001-01-08,435.0,437.5,360.0,365.0,365.0,640
2001-01-09,383.75,400.0,360.0,380.0,380.0,441
2001-01-10,390.0,400.0,365.0,390.0,390.0,560
2001-01-11,390.0,440.0,390.0,440.0,440.0,575
2001-01-12,427.5,440.0,420.0,440.0,440.0,1156
2001-01-16,438.75,440.0,420.0,435.0,435.0,280
2001-01-17,440.0,440.0,400.0,400.0,400.0,1080
2001-01-18,428.75,500.0,405.0,480.0,480.0,2778
2001-01-19,467.5,470.0,405.0,420.0,420.0,1169
2001-01-22,450.0,600.0,430.0,560.0,560.0,2733
2001-01-23,560.0,570.0,510.0,530.0,530.0,839
2001-01-24,538.75,540.0,510.0,510.0,510.0,923
2001-01-25,520.0,530.0,500.0,505.0,505.0,533
2001-01-26,520.0,520.0,480.0,510.0,510.0,606
2001-01-29,507.5,530.0,505.0,515.0,515.0,368
2001-01-30,501.25,525.0,480.0,525.0,525.0,1139
2001-01-31,515.0,680.0,515.0,590.0,590.0,3103
2001-02-01,598.75,660.0,555.0,570.0,570.0,1231
2001-02-02,577.5,595.0,530.0,537.5,537.5,448
2001-02-05,527.5,550.0,500.0,520.0,520.0,373
2001-02-06,525.0,530.0,500.0,510.0,510.0,411
2001-02-07,510.0,510.0,470.0,485.0,485.0,899
2001-02-08,498.75,500.0,460.0,470.0,470.0,546
2001-02-09,460.0,480.0,420.0,440.0,440.0,615
2001-02-12,430.0,430.0,395.0,425.0,425.0,870
2001-02-13,428.75,430.0,350.0,365.0,365.0,1346
2001-02-14,360.0,370.0,305.0,360.0,360.0,3033
2001-02-15,358.75,428.75,336.25,400.0,400.0,1118
2001-02-16,387.5,400.0,365.0,365.0,365.0,561
2001-02-20,392.5,395.0,340.0,350.0,350.0,1428
2001-02-21,360.0,360.0,350.0,350.0,350.0,270
2001-02-22,360.0,360.0,335.0,347.5,347.5,93
2001-02-23,335.0,360.0,325.0,345.0,345.0,176
2001-02-26,355.0,365.0,320.0,330.0,330.0,1166
2001-02-27,340.0,355.0,315.0,350.0,350.0,780
2001-02-28,340.0,355.0,330.0,350.0,350.0,910
2001-03-01,335.0,340.0,300.0,325.0,325.0,531
2001-03-02,310.0,355.0,307.5,355.0,355.0,1725
2001-03-05,345.0,357.5,330.0,345.0,345.0,436
2001-03-06,346.25,350.0,320.0,320.0,320.0,2998
2001-03-07,340.0,347.5,330.0,335.0,335.0,1204
2001-03-08,335.0,355.0,335.0,345.0,345.0,314
2001-03-09,342.5,347.5,325.0,325.0,325.0,430
2001-03-12,300.0,330.0,290.0,320.0,320.0,396
2001-03-13,311.25,335.0,285.0,300.0,300.0,1340
2001-03-14,285.0,317.5,285.0,312.5,312.5,201
2001-03-15,316.25,320.0,292.5,317.5,317.5,408
2001-03-16,316.25,316.25,280.0,280.0,280.0,513
2001-03-19,295.0,330.0,290.0,315.0,315.0,1366
2001-03-20,330.0,330.0,290.0,292.5,292.5,338
2001-03-21,320.0,320.0,280.0,280.0,280.0,329
2001-03-22,291.25,305.0,260.0,302.5,302.5,674
2001-03-23,300.0,315.0,300.0,305.0,305.0,369
2001-03-26,312.5,332.5,307.5,310.0,310.0,834
2001-03-27,312.5,312.5,280.0,305.0,305.0,364
2001-03-28,303.75,303.75,275.0,280.0,280.0,199
2001-03-29,287.5,290.0,275.0,275.0,275.0,95
2001-03-30,270.0,320.0,260.0,320.0,320.0,525
2001-04-02,301.25,322.5,295.0,295.0,295.0,438
2001-04-03,305.0,305.0,250.0,260.0,260.0,320
2001-04-04,262.5,262.5,250.0,250.0,250.0,714
2001-04-05,250.0,280.0,250.0,280.0,280.0,470
2001-04-06,280.0,300.0,262.5,270.0,270.0,396
2001-04-09,272.79998779296875,273.6000061035156,260.0,269.6000061035156,269.6000061035156,324
2001-04-10,272.0,276.0,250.39999389648438,253.60000610351562,253.60000610351562,2330
2001-04-11,256.0,286.3999938964844,252.0,256.79998779296875,256.79998779296875,2216
2001-04-12,276.0,276.0,249.60000610351562,250.39999389648438,250.39999389648438,433
2001-04-16,249.60000610351562,276.0,249.60000610351562,260.0,260.0,318
2001-04-17,298.3999938964844,299.20001220703125,249.60000610351562,249.60000610351562,249.60000610351562,429
2001-04-18,249.60000610351562,306.3999938964844,239.1999969482422,240.0,240.0,4231
2001-04-19,276.0,296.0,256.79998779296875,272.79998779296875,272.79998779296875,1584
2001-04-20,296.0,296.0,220.0,244.8000030517578,244.8000030517578,1381
2001-04-23,245.60000610351562,252.0,240.0,242.39999389648438,242.39999389648438,1015
2001-04-24,241.60000610351562,269.6000061035156,241.60000610351562,252.0,252.0,1086
2001-04-25,250.39999389648438,284.79998779296875,249.60000610351562,284.0,284.0,1694
2001-04-26,284.0,288.0,260.0,288.0,288.0,614
2001-04-27,289.6000061035156,320.0,282.3999938964844,320.0,320.0,520
2001-04-30,329.6000061035156,392.0,320.0,360.0,360.0,1075
2001-05-01,364.0,368.0,332.0,340.0,340.0,136
2001-05-02,348.79998779296875,352.0,324.0,342.3999938964844,342.3999938964844,588
2001-05-03,344.79998779296875,344.79998779296875,320.0,321.6000061035156,321.6000061035156,474
2001-05-04,335.20001220703125,336.0,324.0,328.0,328.0,553
2001-05-07,328.0,336.0,324.79998779296875,330.3999938964844,330.3999938964844,353
2001-05-08,332.0,332.0,320.0,325.6000061035156,325.6000061035156,119
2001-05-09,314.3999938964844,360.0,314.3999938964844,344.79998779296875,344.79998779296875,856
2001-05-10,348.0,352.0,330.3999938964844,335.20001220703125,335.20001220703125,226
2001-05-11,332.0,332.79998779296875,324.0,324.79998779296875,324.79998779296875,119
2001-05-14,325.6000061035156,326.3999938964844,280.0,290.3999938964844,290.3999938964844,598
2001-05-15,284.0,284.0,272.0,272.0,272.0,329
2001-05-16,268.79998779296875,285.6000061035156,255.1999969482422,260.79998779296875,260.79998779296875,960
2001-05-17,277.6000061035156,312.0,258.3999938964844,296.79998779296875,296.79998779296875,956
2001-05-18,301.6000061035156,319.20001220703125,244.8000030517578,246.39999389648438,246.39999389648438,1640
2001-05-21,266.3999938964844,304.0,261.6000061035156,280.0,280.0,640
2001-05-22,296.0,296.0,264.0,275.20001220703125,275.20001220703125,473
2001-05-23,272.0,272.79998779296875,260.0,271.20001220703125,271.20001220703125,234
2001-05-24,272.79998779296875,288.0,264.79998779296875,274.3999938964844,274.3999938964844,281
2001-05-25,272.0,276.0,251.1999969482422,264.0,264.0,968
2001-05-29,260.0,262.3999938964844,252.0,256.0,256.0,466
2001-05-30,252.8000030517578,252.8000030517578,240.8000030517578,243.1999969482422,243.1999969482422,588
2001-05-31,243.1999969482422,263.20001220703125,230.39999389648438,241.60000610351562,241.60000610351562,1016
2001-06-01,255.1999969482422,263.20001220703125,220.0,232.0,232.0,1264
2001-06-04,236.0,260.0,232.0,244.8000030517578,244.8000030517578,323
2001-06-05,246.39999389648438,249.60000610351562,240.0,240.0,240.0,943
2001-06-06,248.8000030517578,260.0,238.39999389648438,256.0,256.0,415
2001-06-07,254.39999389648438,260.0,249.60000610351562,257.6000061035156,257.6000061035156,316
2001-06-08,256.0,260.0,244.8000030517578,248.0,248.0,400
2001-06-11,245.60000610351562,256.0,245.60000610351562,246.39999389648438,246.39999389648438,413
2001-06-12,244.8000030517578,262.3999938964844,244.8000030517578,260.0,260.0,639
2001-06-13,259.20001220703125,264.0,248.0,259.20001220703125,259.20001220703125,158
2001-06-14,260.0,292.0,256.0,284.0,284.0,1258
2001-06-15,278.3999938964844,293.6000061035156,262.3999938964844,289.6000061035156,289.6000061035156,933
2001-06-18,289.6000061035156,289.6000061035156,248.0,266.3999938964844,266.3999938964844,480
2001-06-19,272.0,294.3999938964844,271.20001220703125,293.6000061035156,293.6000061035156,776
2001-06-20,292.79998779296875,307.20001220703125,288.0,304.79998779296875,304.79998779296875,643
2001-06-21,296.0,323.20001220703125,296.0,312.0,312.0,1216
2001-06-22,307.20001220703125,326.3999938964844,307.20001220703125,316.0,316.0,1100
2001-06-25,324.0,340.0,320.0,326.3999938964844,326.3999938964844,859
2001-06-26,334.3999938964844,336.0,312.0,317.6000061035156,317.6000061035156,581
2001-06-27,320.79998779296875,336.0,320.0,328.0,328.0,533
2001-06-28,325.6000061035156,326.3999938964844,297.6000061035156,304.0,304.0,1716
2001-06-29,296.0,307.20001220703125,252.0,279.20001220703125,279.20001220703125,2830
2001-07-02,279.20001220703125,324.0,279.20001220703125,310.3999938964844,310.3999938964844,884
2001-07-03,308.0,331.20001220703125,308.0,320.0,320.0,323
2001-07-05,312.0,326.3999938964844,284.0,292.0,292.0,466
2001-07-06,292.0,297.6000061035156,280.0,297.6000061035156,297.6000061035156,470
2001-07-09,297.6000061035156,297.6000061035156,288.0,292.0,292.0,215
2001-07-10,296.0,316.0,278.3999938964844,278.3999938964844,278.3999938964844,661
2001-07-11,276.79998779296875,276.79998779296875,244.0,272.0,272.0,1365
2001-07-12,271.20001220703125,271.20001220703125,260.0,264.79998779296875,264.79998779296875,230
2001-07-13,260.79998779296875,281.6000061035156,260.79998779296875,281.6000061035156,281.6000061035156,241
2001-07-16,268.0,311.20001220703125,268.0,296.0,296.0,808
2001-07-17,280.0,319.20001220703125,280.0,319.20001220703125,319.20001220703125,340
2001-07-18,307.20001220703125,323.20001220703125,291.20001220703125,296.0,296.0,428
2001-07-19,288.0,329.6000061035156,288.0,306.3999938964844,306.3999938964844,1050
2001-07-20,296.79998779296875,324.79998779296875,268.0,273.6000061035156,273.6000061035156,381
2001-07-23,272.79998779296875,289.6000061035156,256.79998779296875,256.79998779296875,256.79998779296875,1031
2001-07-24,256.79998779296875,264.0,240.0,240.8000030517578,240.8000030517578,454
2001-07-25,248.0,248.0,238.39999389648438,240.0,240.0,728
2001-07-26,239.1999969482422,240.0,219.1999969482422,236.0,236.0,726
2001-07-27,236.0,244.0,220.8000030517578,221.60000610351562,221.60000610351562,1435
2001-07-30,233.60000610351562,233.60000610351562,226.39999389648438,228.0,228.0,415
2001-07-31,228.0,229.60000610351562,200.0,216.0,216.0,611
2001-08-01,216.0,240.0,180.0,194.39999389648438,194.39999389648438,1009
2001-08-02,192.0,200.0,186.39999389648438,195.1999969482422,195.1999969482422,334
2001-08-03,196.8000030517578,197.60000610351562,172.0,172.0,172.0,469
2001-08-06,172.0,186.39999389648438,170.39999389648438,175.1999969482422,175.1999969482422,463
2001-08-07,172.0,177.60000610351562,168.0,173.60000610351562,173.60000610351562,211
2001-08-08,168.8000030517578,172.0,155.1999969482422,156.0,156.0,891
2001-08-09,153.60000610351562,153.60000610351562,125.5999984741211,136.0,136.0,1643
2001-08-10,141.60000610351562,141.60000610351562,118.4000015258789,135.1999969482422,135.1999969482422,909
2001-08-13,131.1999969482422,146.39999389648438,131.1999969482422,146.39999389648438,146.39999389648438,154
2001-08-14,140.0,160.0,138.39999389648438,138.39999389648438,138.39999389648438,425
2001-08-15,152.0,152.0,132.0,137.60000610351562,137.60000610351562,268
2001-08-16,133.60000610351562,142.39999389648438,129.60000610351562,142.39999389648438,142.39999389648438,163
2001-08-17,144.8000030517578,145.60000610351562,130.39999389648438,137.60000610351562,137.60000610351562,206
2001-08-20,136.8000030517578,144.0,120.0,136.0,136.0,240
2001-08-21,132.0,136.8000030517578,132.0,135.1999969482422,135.1999969482422,120
2001-08-22,136.8000030517578,144.0,116.80000305175781,128.0,128.0,551
2001-08-23,124.80000305175781,129.60000610351562,120.80000305175781,120.80000305175781,120.80000305175781,351
2001-08-24,127.19999694824219,144.0,124.0,128.0,128.0,433
2001-08-27,125.5999984741211,136.0,125.5999984741211,128.0,128.0,266
2001-08-28,128.0,132.0,127.19999694824219,129.60000610351562,129.60000610351562,141
2001-08-29,128.8000030517578,132.0,120.80000305175781,132.0,132.0,211
2001-08-30,128.8000030517578,150.39999389648438,128.8000030517578,144.0,144.0,278
2001-08-31,145.60000610351562,200.0,140.0,200.0,200.0,440
2001-09-04,200.0,200.0,167.1999969482422,167.1999969482422,167.1999969482422,436
2001-09-05,172.0,175.1999969482422,148.0,148.0,148.0,339
2001-09-06,154.39999389648438,167.1999969482422,148.8000030517578,148.8000030517578,148.8000030517578,359
2001-09-07,148.8000030517578,156.0,124.80000305175781,140.0,140.0,733
2001-09-10,130.39999389648438,144.0,128.0,132.0,132.0,349
2001-09-17,130.39999389648438,136.0,128.0,131.1999969482422,131.1999969482422,213
2001-09-18,131.1999969482422,131.1999969482422,124.0,128.0,128.0,308
2001-09-19,123.19999694824219,126.4000015258789,96.0,106.4000015258789,106.4000015258789,290
2001-09-20,104.80000305175781,130.39999389648438,104.80000305175781,116.0,116.0,400
2001-09-21,115.19999694824219,115.19999694824219,93.5999984741211,104.0,104.0,258
2001-09-24,100.0,114.4000015258789,92.80000305175781,114.4000015258789,114.4000015258789,358
2001-09-25,114.4000015258789,118.4000015258789,106.4000015258789,111.19999694824219,111.19999694824219,420
2001-09-26,111.19999694824219,125.5999984741211,97.5999984741211,100.0,100.0,800
2001-09-27,100.80000305175781,100.80000305175781,72.0,86.4000015258789,86.4000015258789,1219
2001-09-28,86.4000015258789,88.0,79.19999694824219,80.0,80.0,2438
2001-10-01,80.0,81.5999984741211,74.4000015258789,75.19999694824219,75.19999694824219,623
2001-10-02,79.19999694824219,80.0,49.599998474121094,60.0,60.0,4373
2001-10-03,63.20000076293945,71.19999694824219,60.0,68.0,68.0,1559
2001-10-04,66.4000015258789,97.5999984741211,66.4000015258789,96.0,96.0,1635
2001-10-05,71.19999694824219,97.5999984741211,70.4000015258789,96.0,96.0,681
2001-10-08,92.0,92.80000305175781,87.19999694824219,92.0,92.0,118
2001-10-09,90.4000015258789,90.4000015258789,72.0,75.19999694824219,75.19999694824219,1130
2001-10-10,74.4000015258789,84.80000305175781,68.0,76.80000305175781,76.80000305175781,1600
2001-10-11,75.19999694824219,88.0,75.19999694824219,76.0,76.0,499
2001-10-12,80.80000305175781,81.5999984741211,76.0,80.0,80.0,548
2001-10-15,72.80000305175781,82.4000015258789,72.80000305175781,82.4000015258789,82.4000015258789,374
2001-10-16,95.19999694824219,99.19999694824219,80.80000305175781,92.80000305175781,92.80000305175781,1075
2001-10-17,90.4000015258789,110.4000015258789,88.0,104.80000305175781,104.80000305175781,1366
2001-10-18,111.19999694824219,111.19999694824219,80.0,92.0,92.0,805
2001-10-19,89.5999984741211,89.5999984741211,76.80000305175781,84.0,84.0,988
2001-10-22,84.0,96.0,81.5999984741211,89.5999984741211,89.5999984741211,1350
2001-10-23,89.5999984741211,94.4000015258789,88.80000305175781,88.80000305175781,88.80000305175781,268
2001-10-24,92.80000305175781,96.0,81.5999984741211,95.19999694824219,95.19999694824219,788
2001-10-25,88.0,91.19999694824219,81.5999984741211,88.0,88.0,543
2001-10-26,88.80000305175781,104.80000305175781,86.4000015258789,96.80000305175781,96.80000305175781,803
2001-10-29,95.19999694824219,104.0,80.80000305175781,84.0,84.0,2204
2001-10-30,86.4000015258789,87.19999694824219,80.0,80.80000305175781,80.80000305175781,395
2001-10-31,81.5999984741211,86.4000015258789,81.5999984741211,81.5999984741211,81.5999984741211,248
2001-11-01,88.0,88.0,84.0,85.5999984741211,85.5999984741211,1241
2001-11-02,86.4000015258789,110.4000015258789,84.0,102.4000015258789,102.4000015258789,1119
2001-11-05,102.4000015258789,113.5999984741211,89.5999984741211,113.5999984741211,113.5999984741211,905
2001-11-06,108.80000305175781,119.19999694824219,96.0,96.0,96.0,2569
2001-11-07,99.19999694824219,114.4000015258789,99.19999694824219,104.0,104.0,998
2001-11-08,104.0,151.1999969482422,104.0,132.0,132.0,963
2001-11-09,132.0,160.0,132.0,144.8000030517578,144.8000030517578,1249
2001-11-12,148.8000030517578,153.60000610351562,120.0,140.0,140.0,454
2001-11-13,144.0,158.39999389648438,135.1999969482422,144.8000030517578,144.8000030517578,969
2001-11-14,140.8000030517578,143.1999969482422,133.60000610351562,133.60000610351562,133.60000610351562,1115
2001-11-15,137.60000610351562,141.60000610351562,132.0,135.1999969482422,135.1999969482422,1234
2001-11-16,136.8000030517578,142.39999389648438,123.19999694824219,136.0,136.0,1854
2001-11-19,132.0,162.39999389648438,132.0,160.0,160.0,365
2001-11-20,154.39999389648438,169.60000610351562,145.60000610351562,148.0,148.0,378
2001-11-21,148.0,172.0,145.60000610351562,172.0,172.0,704
2001-11-23,169.60000610351562,172.0,160.0,164.8000030517578,164.8000030517578,373
2001-11-26,171.1999969482422,171.1999969482422,152.0,156.0,156.0,698
2001-11-27,156.0,160.0,152.0,156.8000030517578,156.8000030517578,611
2001-11-28,152.0,160.0,140.8000030517578,143.1999969482422,143.1999969482422,824
2001-11-29,143.1999969482422,167.1999969482422,142.39999389648438,153.60000610351562,153.60000610351562,414
2001-11-30,156.0,160.0,143.1999969482422,153.60000610351562,153.60000610351562,844
2001-12-03,149.60000610351562,155.1999969482422,138.39999389648438,143.1999969482422,143.1999969482422,761
2001-12-04,142.39999389648438,155.1999969482422,142.39999389648438,155.1999969482422,155.1999969482422,326
2001-12-05,156.8000030517578,159.1999969482422,140.0,152.0,152.0,1195
2001-12-06,152.0,152.0,141.60000610351562,144.0,144.0,123
2001-12-07,144.0,155.1999969482422,140.0,140.0,140.0,696
2001-12-10,140.8000030517578,143.1999969482422,124.0,132.0,132.0,554
2001-12-11,132.0,151.1999969482422,130.39999389648438,140.0,140.0,706
2001-12-12,140.0,142.39999389648438,132.8000030517578,137.60000610351562,137.60000610351562,846
2001-12-13,137.60000610351562,140.0,132.0,138.39999389648438,138.39999389648438,335
2001-12-14,137.60000610351562,153.60000610351562,84.80000305175781,128.0,128.0,2601
2001-12-17,135.1999969482422,143.1999969482422,122.4000015258789,132.0,132.0,938
2001-12-18,134.39999389648438,142.39999389648438,129.60000610351562,131.1999969482422,131.1999969482422,1083
2001-12-19,133.60000610351562,141.60000610351562,132.8000030517578,141.60000610351562,141.60000610351562,664
2001-12-20,136.8000030517578,148.0,136.0,144.8000030517578,144.8000030517578,606
2001-12-21,148.8000030517578,160.8000030517578,144.8000030517578,152.0,152.0,1354
2001-12-24,152.0,156.0,144.8000030517578,154.39999389648438,154.39999389648438,554
2001-12-26,152.0,152.0,135.1999969482422,136.0,136.0,706
2001-12-27,135.1999969482422,135.1999969482422,120.0,128.0,128.0,914
2001-12-28,128.0,154.39999389648438,115.19999694824219,129.60000610351562,129.60000610351562,1588
2001-12-31,124.80000305175781,152.0,124.80000305175781,137.60000610351562,137.60000610351562,895
2002-01-02,142.39999389648438,152.0,142.39999389648438,147.1999969482422,147.1999969482422,123
2002-01-03,151.1999969482422,172.0,150.39999389648438,164.8000030517578,164.8000030517578,933
2002-01-04,167.1999969482422,167.1999969482422,148.0,156.0,156.0,169
2002-01-07,151.1999969482422,160.8000030517578,147.1999969482422,160.8000030517578,160.8000030517578,171
2002-01-08,160.0,160.0,142.39999389648438,148.0,148.0,159
2002-01-09,148.8000030517578,155.1999969482422,143.1999969482422,143.1999969482422,143.1999969482422,196
2002-01-10,150.39999389648438,166.39999389648438,142.39999389648438,152.0,152.0,265
2002-01-11,156.0,156.0,140.0,142.39999389648438,142.39999389648438,640
2002-01-14,140.0,140.0,131.1999969482422,131.1999969482422,131.1999969482422,251
2002-01-15,136.8000030517578,163.1999969482422,133.60000610351562,136.0,136.0,450
2002-01-16,132.0,137.60000610351562,132.0,136.0,136.0,81
2002-01-17,145.60000610351562,145.60000610351562,139.1999969482422,139.1999969482422,139.1999969482422,281
2002-01-18,144.8000030517578,144.8000030517578,144.8000030517578,144.8000030517578,144.8000030517578,19
2002-01-22,140.0,140.0,125.5999984741211,125.5999984741211,125.5999984741211,560
2002-01-23,131.1999969482422,140.0,125.5999984741211,126.4000015258789,126.4000015258789,263
2002-01-24,130.39999389648438,143.1999969482422,123.19999694824219,131.1999969482422,131.1999969482422,355
2002-01-25,132.0,159.1999969482422,128.0,136.8000030517578,136.8000030517578,771
2002-01-28,136.8000030517578,140.0,132.0,132.0,132.0,128
2002-01-29,144.0,144.8000030517578,132.0,133.60000610351562,133.60000610351562,386
2002-01-30,132.8000030517578,135.1999969482422,125.5999984741211,128.0,128.0,643
2002-01-31,126.4000015258789,144.0,126.4000015258789,137.60000610351562,137.60000610351562,1065
2002-02-01,132.8000030517578,144.0,129.60000610351562,140.8000030517578,140.8000030517578,1015
2002-02-04,137.60000610351562,148.0,125.5999984741211,140.8000030517578,140.8000030517578,2485
2002-02-05,148.0,148.0,136.0,140.0,140.0,528
2002-02-06,142.39999389648438,142.39999389648438,132.0,132.0,132.0,1036
2002-02-07,132.0,139.1999969482422,128.8000030517578,133.60000610351562,133.60000610351562,3464
2002-02-08,134.39999389648438,134.39999389648438,124.80000305175781,125.5999984741211,125.5999984741211,740
2002-02-11,125.5999984741211,132.0,120.0,120.0,120.0,360
2002-02-12,120.0,124.0,99.19999694824219,112.0,112.0,6200
2002-02-13,112.0,118.4000015258789,108.80000305175781,111.19999694824219,111.19999694824219,106
2002-02-14,108.80000305175781,120.0,108.80000305175781,120.0,120.0,744
2002-02-15,117.5999984741211,120.0,116.0,116.0,116.0,978
2002-02-19,115.19999694824219,115.19999694824219,102.4000015258789,114.4000015258789,114.4000015258789,291
2002-02-20,108.0,115.19999694824219,100.80000305175781,108.80000305175781,108.80000305175781,260
2002-02-21,103.19999694824219,108.0,96.0,104.0,104.0,1269
2002-02-22,100.0,112.0,99.19999694824219,105.5999984741211,105.5999984741211,326
2002-02-25,107.19999694824219,113.5999984741211,103.19999694824219,108.0,108.0,599
2002-02-26,108.0,108.0,100.80000305175781,108.0,108.0,285
2002-02-27,108.0,108.0,101.5999984741211,101.5999984741211,101.5999984741211,190
2002-02-28,100.80000305175781,120.0,100.80000305175781,112.80000305175781,112.80000305175781,428
2002-03-01,117.5999984741211,128.0,108.0,126.4000015258789,126.4000015258789,474
2002-03-04,126.4000015258789,127.19999694824219,121.5999984741211,126.4000015258789,126.4000015258789,231
2002-03-05,125.5999984741211,125.5999984741211,116.0,118.4000015258789,118.4000015258789,545
2002-03-06,122.4000015258789,128.8000030517578,122.4000015258789,128.0,128.0,259
2002-03-07,128.0,131.1999969482422,121.5999984741211,126.4000015258789,126.4000015258789,373
2002-03-08,119.19999694824219,127.19999694824219,116.0,124.80000305175781,124.80000305175781,183
2002-03-11,122.4000015258789,122.4000015258789,119.19999694824219,121.5999984741211,121.5999984741211,21
2002-03-12,127.19999694824219,136.8000030517578,121.5999984741211,128.8000030517578,128.8000030517578,284
2002-03-13,127.19999694824219,138.39999389648438,121.5999984741211,128.0,128.0,134
2002-03-14,135.1999969482422,147.1999969482422,135.1999969482422,143.1999969482422,143.1999969482422,198
2002-03-15,137.60000610351562,140.0,128.0,140.0,140.0,114
2002-03-18,132.0,143.1999969482422,125.5999984741211,143.1999969482422,143.1999969482422,141
2002-03-19,136.0,140.0,133.60000610351562,140.0,140.0,169
2002-03-20,133.60000610351562,140.8000030517578,124.0,139.1999969482422,139.1999969482422,296
2002-03-21,124.0,140.0,124.0,134.39999389648438,134.39999389648438,515
2002-03-22,132.0,136.0,124.80000305175781,124.80000305175781,124.80000305175781,156
2002-03-25,131.1999969482422,131.1999969482422,117.5999984741211,120.0,120.0,105
2002-03-26,122.4000015258789,137.60000610351562,122.4000015258789,130.39999389648438,130.39999389648438,184
2002-03-27,137.60000610351562,138.39999389648438,130.39999389648438,138.39999389648438,138.39999389648438,85
2002-03-28,140.0,140.0,136.0,139.1999969482422,139.1999969482422,41
2002-04-01,139.1999969482422,140.0,132.0,136.0,136.0,158
2002-04-02,144.0,144.8000030517578,132.0,140.8000030517578,140.8000030517578,589
2002-04-03,140.8000030517578,146.39999389648438,140.0,140.0,140.0,356
2002-04-04,128.0,144.8000030517578,128.0,144.0,144.0,301
2002-04-05,144.8000030517578,146.39999389648438,124.80000305175781,138.39999389648438,138.39999389648438,201
2002-04-08,136.0,148.0,128.0,144.0,144.0,648
2002-04-09,143.1999969482422,143.1999969482422,128.8000030517578,136.0,136.0,340
2002-04-10,130.39999389648438,131.1999969482422,126.4000015258789,126.4000015258789,126.4000015258789,120
2002-04-11,126.4000015258789,132.8000030517578,126.4000015258789,130.39999389648438,130.39999389648438,13
2002-04-12,130.39999389648438,137.60000610351562,129.60000610351562,137.60000610351562,137.60000610351562,134
2002-04-15,137.60000610351562,138.39999389648438,131.1999969482422,134.39999389648438,134.39999389648438,104
2002-04-16,136.0,138.39999389648438,124.0,133.60000610351562,133.60000610351562,101
2002-04-17,128.0,134.39999389648438,120.80000305175781,128.8000030517578,128.8000030517578,134
2002-04-18,132.0,132.0,117.5999984741211,124.80000305175781,124.80000305175781,381
2002-04-19,125.5999984741211,125.5999984741211,94.4000015258789,104.0,104.0,1490
2002-04-22,99.19999694824219,104.0,96.0,103.19999694824219,103.19999694824219,845
2002-04-23,100.0,105.5999984741211,94.4000015258789,100.0,100.0,238
2002-04-24,102.4000015258789,108.80000305175781,100.80000305175781,108.80000305175781,108.80000305175781,336
2002-04-25,109.5999984741211,119.19999694824219,104.0,104.0,104.0,305
2002-04-26,111.19999694824219,116.0,99.19999694824219,106.4000015258789,106.4000015258789,1009
2002-04-29,110.4000015258789,115.19999694824219,104.0,104.0,104.0,523
2002-04-30,104.0,108.80000305175781,102.4000015258789,104.80000305175781,104.80000305175781,146
2002-05-01,103.19999694824219,114.4000015258789,103.19999694824219,108.80000305175781,108.80000305175781,268
2002-05-02,108.80000305175781,115.19999694824219,108.80000305175781,112.0,112.0,144
2002-05-03,112.0,115.19999694824219,108.80000305175781,108.80000305175781,108.80000305175781,273
2002-05-06,108.0,112.0,105.5999984741211,108.0,108.0,220
2002-05-07,112.80000305175781,113.5999984741211,108.0,112.0,112.0,95
2002-05-08,113.5999984741211,113.5999984741211,104.0,112.0,112.0,150
2002-05-09,105.5999984741211,105.5999984741211,103.19999694824219,105.5999984741211,105.5999984741211,54
2002-05-10,103.19999694824219,112.0,103.19999694824219,109.5999984741211,109.5999984741211,206
2002-05-13,104.0,107.19999694824219,100.0,102.4000015258789,102.4000015258789,163
2002-05-14,104.80000305175781,112.80000305175781,101.5999984741211,111.19999694824219,111.19999694824219,210
2002-05-15,113.5999984741211,116.0,104.0,116.0,116.0,480
2002-05-16,112.0,115.19999694824219,104.0,115.19999694824219,115.19999694824219,306
2002-05-17,113.5999984741211,118.4000015258789,108.0,113.5999984741211,113.5999984741211,456
2002-05-20,112.0,117.5999984741211,101.5999984741211,114.4000015258789,114.4000015258789,129
2002-05-21,104.0,113.5999984741211,104.0,112.80000305175781,112.80000305175781,9
2002-05-22,104.0,108.0,104.0,104.0,104.0,26
2002-05-23,104.0,104.0,104.0,104.0,104.0,26
2002-05-24,104.0,105.5999984741211,100.0,105.5999984741211,105.5999984741211,66
2002-05-28,100.0,100.0,100.0,100.0,100.0,43
2002-05-29,100.0,100.0,99.19999694824219,99.19999694824219,99.19999694824219,28
2002-05-30,100.0,106.4000015258789,98.4000015258789,104.0,104.0,778
2002-05-31,108.0,120.0,100.0,103.19999694824219,103.19999694824219,61
2002-06-03,100.80000305175781,100.80000305175781,99.19999694824219,99.19999694824219,99.19999694824219,36
2002-06-04,99.19999694824219,115.19999694824219,99.19999694824219,108.80000305175781,108.80000305175781,203
2002-06-05,114.4000015258789,114.4000015258789,101.5999984741211,101.5999984741211,101.5999984741211,105
2002-06-06,104.80000305175781,111.19999694824219,85.5999984741211,104.0,104.0,346
2002-06-07,95.19999694824219,104.0,89.5999984741211,98.4000015258789,98.4000015258789,29
2002-06-10,95.19999694824219,103.19999694824219,84.0,103.19999694824219,103.19999694824219,193
2002-06-11,88.80000305175781,104.0,88.80000305175781,88.80000305175781,88.80000305175781,44
2002-06-12,104.0,111.19999694824219,80.0,80.0,80.0,309
2002-06-13,80.80000305175781,88.80000305175781,79.19999694824219,85.5999984741211,85.5999984741211,238
2002-06-14,84.0,97.5999984741211,80.0,83.19999694824219,83.19999694824219,200
2002-06-17,91.19999694824219,94.4000015258789,84.0,91.19999694824219,91.19999694824219,124
2002-06-18,84.80000305175781,92.0,75.19999694824219,80.80000305175781,80.80000305175781,460
2002-06-19,80.80000305175781,90.4000015258789,76.0,76.0,76.0,475
2002-06-20,76.0,78.4000015258789,76.0,76.80000305175781,76.80000305175781,81
2002-06-21,76.80000305175781,76.80000305175781,76.0,76.0,76.0,86
2002-06-24,76.0,76.0,64.0,64.0,64.0,209
2002-06-25,66.4000015258789,88.80000305175781,64.80000305175781,80.0,80.0,628
2002-06-26,76.0,84.0,60.79999923706055,74.4000015258789,74.4000015258789,83
2002-06-27,66.4000015258789,112.80000305175781,64.0,88.0,88.0,328
2002-06-28,84.0,84.0,60.79999923706055,76.0,76.0,748
2002-07-01,80.0,83.19999694824219,64.80000305175781,73.5999984741211,73.5999984741211,178
2002-07-02,78.4000015258789,83.19999694824219,68.0,71.19999694824219,71.19999694824219,389
2002-07-03,64.80000305175781,70.4000015258789,60.79999923706055,70.4000015258789,70.4000015258789,223
2002-07-05,70.4000015258789,70.4000015258789,60.79999923706055,60.79999923706055,60.79999923706055,144
2002-07-08,65.5999984741211,89.5999984741211,65.5999984741211,76.0,76.0,209
2002-07-09,77.5999984741211,77.5999984741211,60.79999923706055,68.0,68.0,224
2002-07-10,72.0,76.0,64.80000305175781,76.0,76.0,124
2002-07-11,72.0,72.0,56.79999923706055,72.0,72.0,203
2002-07-12,75.19999694824219,75.19999694824219,52.0,52.79999923706055,52.79999923706055,141
2002-07-15,56.0,60.0,48.0,48.0,48.0,1041
2002-07-16,47.20000076293945,55.20000076293945,44.0,52.0,52.0,340
2002-07-17,51.20000076293945,76.0,51.20000076293945,76.0,76.0,428
2002-07-18,68.0,76.0,52.79999923706055,56.0,56.0,525
2002-07-19,60.79999923706055,61.599998474121094,33.599998474121094,51.20000076293945,51.20000076293945,1923
2002-07-22,51.20000076293945,58.400001525878906,49.599998474121094,58.400001525878906,58.400001525878906,206
2002-07-23,49.599998474121094,62.400001525878906,49.599998474121094,62.400001525878906,62.400001525878906,74
2002-07-24,56.0,56.0,55.20000076293945,56.0,56.0,500
2002-07-25,52.0,52.0,49.599998474121094,49.599998474121094,49.599998474121094,436
2002-07-26,52.0,60.0,39.20000076293945,59.20000076293945,59.20000076293945,421
2002-07-29,50.400001525878906,60.0,47.20000076293945,59.20000076293945,59.20000076293945,228
2002-07-30,44.79999923706055,58.400001525878906,44.79999923706055,56.0,56.0,1051
2002-07-31,56.0,56.0,40.0,44.79999923706055,44.79999923706055,1245
2002-08-01,46.400001525878906,53.599998474121094,40.79999923706055,46.400001525878906,46.400001525878906,100
2002-08-02,42.400001525878906,51.20000076293945,42.400001525878906,50.400001525878906,50.400001525878906,58
2002-08-05,44.79999923706055,50.400001525878906,40.0,44.0,44.0,89
2002-08-06,44.0,55.20000076293945,40.0,40.0,40.0,349
2002-08-07,40.0,46.400001525878906,40.0,40.0,40.0,250
2002-08-08,47.20000076293945,51.20000076293945,46.400001525878906,51.20000076293945,51.20000076293945,61
2002-08-09,51.20000076293945,55.20000076293945,40.0,51.20000076293945,51.20000076293945,898
2002-08-12,40.79999923706055,43.20000076293945,40.0,40.0,40.0,419
2002-08-13,40.0,42.400001525878906,40.0,42.400001525878906,42.400001525878906,46
2002-08-14,43.20000076293945,46.400001525878906,40.0,41.599998474121094,41.599998474121094,95
2002-08-15,40.0,44.0,37.599998474121094,44.0,44.0,228
2002-08-16,36.0,41.599998474121094,35.20000076293945,40.0,40.0,225
2002-08-19,47.20000076293945,47.20000076293945,30.399999618530273,40.0,40.0,294
2002-08-20,32.0,61.599998474121094,31.200000762939453,60.0,60.0,605
2002-08-21,48.79999923706055,54.400001525878906,45.599998474121094,52.79999923706055,52.79999923706055,235
2002-08-22,44.79999923706055,53.599998474121094,41.599998474121094,53.599998474121094,53.599998474121094,148
2002-08-23,44.0,56.0,44.0,54.400001525878906,54.400001525878906,280
2002-08-26,56.0,56.79999923706055,40.79999923706055,45.599998474121094,45.599998474121094,189
2002-08-27,44.79999923706055,52.79999923706055,34.400001525878906,42.400001525878906,42.400001525878906,653
2002-08-28,36.79999923706055,42.400001525878906,36.79999923706055,42.400001525878906,42.400001525878906,94
2002-08-29,38.400001525878906,50.400001525878906,34.400001525878906,40.79999923706055,40.79999923706055,808
2002-08-30,40.79999923706055,41.599998474121094,40.0,40.0,40.0,48
2002-09-03,38.400001525878906,40.79999923706055,36.0,38.400001525878906,38.400001525878906,125
2002-09-04,34.400001525878906,38.400001525878906,34.400001525878906,37.599998474121094,37.599998474121094,103
2002-09-05,36.0,38.400001525878906,36.0,36.79999923706055,36.79999923706055,34
2002-09-06,39.20000076293945,39.20000076293945,34.400001525878906,34.400001525878906,34.400001525878906,113
2002-09-09,32.79999923706055,47.20000076293945,32.79999923706055,37.599998474121094,37.599998474121094,651
2002-09-10,36.79999923706055,36.79999923706055,33.599998474121094,33.599998474121094,33.599998474121094,16
2002-09-11,40.0,41.599998474121094,32.79999923706055,33.599998474121094,33.599998474121094,155
2002-09-12,32.79999923706055,36.79999923706055,32.0,32.0,32.0,70
2002-09-13,35.20000076293945,37.599998474121094,30.399999618530273,37.599998474121094,37.599998474121094,253
2002-09-16,31.200000762939453,39.20000076293945,30.399999618530273,32.0,32.0,160
2002-09-17,35.20000076293945,36.79999923706055,28.0,28.799999237060547,28.799999237060547,250
2002-09-18,28.799999237060547,32.79999923706055,0.800000011920929,32.0,32.0,1494
2002-09-19,24.799999237060547,29.600000381469727,24.799999237060547,28.0,28.0,89
2002-09-20,28.0,28.0,26.399999618530273,26.399999618530273,26.399999618530273,83
2002-09-23,39.20000076293945,39.20000076293945,24.799999237060547,24.799999237060547,24.799999237060547,286
2002-09-24,25.600000381469727,28.0,24.799999237060547,27.200000762939453,27.200000762939453,171
2002-09-25,26.399999618530273,26.399999618530273,20.799999237060547,26.399999618530273,26.399999618530273,230
2002-09-26,26.399999618530273,28.799999237060547,22.399999618530273,28.799999237060547,28.799999237060547,340
2002-09-27,28.799999237060547,31.200000762939453,28.0,29.600000381469727,29.600000381469727,376
2002-09-30,28.799999237060547,30.399999618530273,24.0,29.600000381469727,29.600000381469727,249
2002-10-01,28.799999237060547,32.79999923706055,28.0,32.0,32.0,239
2002-10-02,28.0,32.0,26.399999618530273,29.600000381469727,29.600000381469727,130
2002-10-03,28.0,35.20000076293945,28.0,30.399999618530273,30.399999618530273,150
2002-10-04,29.600000381469727,36.79999923706055,28.799999237060547,36.79999923706055,36.79999923706055,548
2002-10-07,35.20000076293945,47.20000076293945,35.20000076293945,47.20000076293945,47.20000076293945,863
2002-10-08,40.0,40.0,25.600000381469727,35.20000076293945,35.20000076293945,256
2002-10-09,32.0,36.0,30.399999618530273,30.399999618530273,30.399999618530273,416
2002-10-10,29.600000381469727,31.200000762939453,28.0,29.600000381469727,29.600000381469727,168
2002-10-11,32.79999923706055,34.400001525878906,28.0,31.200000762939453,31.200000762939453,419
2002-10-14,28.0,31.200000762939453,28.0,29.600000381469727,29.600000381469727,68
2002-10-15,29.600000381469727,32.79999923706055,25.600000381469727,28.799999237060547,28.799999237060547,523
2002-10-16,27.200000762939453,28.799999237060547,24.0,25.600000381469727,25.600000381469727,265
2002-10-17,27.200000762939453,36.79999923706055,27.200000762939453,36.0,36.0,899
2002-10-18,34.400001525878906,36.79999923706055,28.799999237060547,36.0,36.0,211
2002-10-21,36.0,36.79999923706055,22.399999618530273,36.79999923706055,36.79999923706055,343
2002-10-22,34.400001525878906,34.400001525878906,29.600000381469727,32.79999923706055,32.79999923706055,20
2002-10-23,29.600000381469727,29.600000381469727,25.600000381469727,27.200000762939453,27.200000762939453,183
2002-10-24,31.200000762939453,33.599998474121094,29.600000381469727,33.599998474121094,33.599998474121094,190
2002-10-25,30.399999618530273,36.79999923706055,30.399999618530273,33.599998474121094,33.599998474121094,503
2002-10-28,33.599998474121094,33.599998474121094,29.600000381469727,29.600000381469727,29.600000381469727,104
2002-10-29,29.600000381469727,29.600000381469727,22.399999618530273,28.799999237060547,28.799999237060547,519
2002-10-30,28.799999237060547,28.799999237060547,25.600000381469727,26.399999618530273,26.399999618530273,150
2002-10-31,25.600000381469727,34.400001525878906,25.600000381469727,32.0,32.0,258
2002-11-01,32.79999923706055,34.400001525878906,32.0,32.0,32.0,199
2002-11-04,28.0,34.400001525878906,28.0,31.200000762939453,31.200000762939453,240
2002-11-05,29.600000381469727,30.399999618530273,25.600000381469727,29.600000381469727,29.600000381469727,458
2002-11-06,28.0,33.599998474121094,28.0,30.399999618530273,30.399999618530273,590
2002-11-07,33.599998474121094,45.599998474121094,30.399999618530273,45.599998474121094,45.599998474121094,686
2002-11-08,44.0,44.0,36.0,40.79999923706055,40.79999923706055,373
2002-11-11,37.599998474121094,38.400001525878906,28.0,36.0,36.0,720
2002-11-12,36.79999923706055,40.0,36.79999923706055,36.79999923706055,36.79999923706055,89
2002-11-13,37.599998474121094,40.79999923706055,36.0,40.0,40.0,228
2002-11-14,40.0,44.0,33.599998474121094,33.599998474121094,33.599998474121094,165
2002-11-15,36.79999923706055,43.20000076293945,33.599998474121094,42.400001525878906,42.400001525878906,370
2002-11-18,39.20000076293945,50.400001525878906,39.20000076293945,44.0,44.0,1553
2002-11-19,48.79999923706055,52.0,46.400001525878906,49.599998474121094,49.599998474121094,368
2002-11-20,52.0,52.79999923706055,44.0,49.599998474121094,49.599998474121094,533
2002-11-21,49.599998474121094,54.400001525878906,49.599998474121094,52.0,52.0,354
2002-11-22,55.20000076293945,55.20000076293945,46.400001525878906,47.20000076293945,47.20000076293945,180
2002-11-25,50.400001525878906,52.79999923706055,43.20000076293945,47.20000076293945,47.20000076293945,164
2002-11-26,43.20000076293945,44.79999923706055,40.79999923706055,40.79999923706055,40.79999923706055,49
2002-11-27,40.79999923706055,48.0,38.400001525878906,42.400001525878906,42.400001525878906,349
2002-11-29,38.400001525878906,38.400001525878906,32.0,32.0,32.0,154
2002-12-02,32.0,41.599998474121094,32.0,41.599998474121094,41.599998474121094,375
2002-12-03,33.599998474121094,39.20000076293945,32.0,35.20000076293945,35.20000076293945,233
2002-12-04,36.0,37.599998474121094,35.20000076293945,37.599998474121094,37.599998474121094,94
2002-12-05,38.400001525878906,41.599998474121094,35.20000076293945,40.79999923706055,40.79999923706055,373
2002-12-06,41.599998474121094,41.599998474121094,35.20000076293945,35.20000076293945,35.20000076293945,561
2002-12-09,36.0,40.0,35.20000076293945,38.400001525878906,38.400001525878906,303
2002-12-10,35.20000076293945,40.0,35.20000076293945,37.599998474121094,37.599998474121094,243
2002-12-11,36.0,38.400001525878906,36.0,36.0,36.0,148
2002-12-12,35.20000076293945,36.0,30.399999618530273,32.0,32.0,708
2002-12-13,30.399999618530273,38.400001525878906,30.399999618530273,32.79999923706055,32.79999923706055,328
2002-12-16,32.79999923706055,38.400001525878906,31.200000762939453,35.20000076293945,35.20000076293945,439
2002-12-17,34.400001525878906,39.20000076293945,33.599998474121094,38.400001525878906,38.400001525878906,596
2002-12-18,36.79999923706055,38.400001525878906,31.200000762939453,36.0,36.0,224
2002-12-19,30.399999618530273,37.599998474121094,30.399999618530273,30.399999618530273,30.399999618530273,286
2002-12-20,32.0,35.20000076293945,31.200000762939453,31.200000762939453,31.200000762939453,328
2002-12-23,30.399999618530273,31.200000762939453,27.200000762939453,28.799999237060547,28.799999237060547,826
2002-12-24,28.799999237060547,28.799999237060547,24.0,24.0,24.0,708
2002-12-26,24.0,26.399999618530273,19.200000762939453,23.200000762939453,23.200000762939453,969
2002-12-27,21.600000381469727,33.599998474121094,20.0,30.399999618530273,30.399999618530273,654
2002-12-30,25.600000381469727,26.399999618530273,21.600000381469727,24.799999237060547,24.799999237060547,315
2002-12-31,24.799999237060547,30.399999618530273,20.799999237060547,25.600000381469727,25.600000381469727,576
2003-01-02,28.0,31.200000762939453,28.0,31.200000762939453,31.200000762939453,210
2003-01-03,28.799999237060547,28.799999237060547,28.799999237060547,28.799999237060547,28.799999237060547,5
2003-01-06,28.799999237060547,28.799999237060547,28.0,28.0,28.0,43
2003-01-07,30.399999618530273,36.0,28.799999237060547,35.20000076293945,35.20000076293945,171
2003-01-08,31.200000762939453,36.0,28.0,36.0,36.0,78
2003-01-09,32.79999923706055,36.0,32.0,32.0,32.0,31
2003-01-10,32.79999923706055,32.79999923706055,32.79999923706055,32.79999923706055,32.79999923706055,3
2003-01-13,32.79999923706055,35.20000076293945,32.0,32.79999923706055,32.79999923706055,111
2003-01-14,30.399999618530273,40.0,30.399999618530273,40.0,40.0,80
2003-01-15,34.400001525878906,36.79999923706055,32.0,32.79999923706055,32.79999923706055,108
2003-01-16,33.599998474121094,33.599998474121094,30.399999618530273,30.399999618530273,30.399999618530273,125
2003-01-17,30.399999618530273,40.0,30.399999618530273,36.79999923706055,36.79999923706055,33
2003-01-21,34.400001525878906,34.400001525878906,33.599998474121094,33.599998474121094,33.599998474121094,46
2003-01-22,32.0,35.20000076293945,31.200000762939453,35.20000076293945,35.20000076293945,118
2003-01-23,32.79999923706055,32.79999923706055,32.79999923706055,32.79999923706055,32.79999923706055,6
2003-01-24,32.79999923706055,32.79999923706055,28.0,28.0,28.0,246
2003-01-27,28.0,32.79999923706055,25.600000381469727,32.0,32.0,145
2003-01-28,25.600000381469727,32.0,25.600000381469727,30.399999618530273,30.399999618530273,889
2003-01-29,30.399999618530273,34.400001525878906,29.600000381469727,34.400001525878906,34.400001525878906,95
2003-01-30,29.600000381469727,34.400001525878906,29.600000381469727,33.599998474121094,33.599998474121094,74
2003-01-31,29.600000381469727,30.399999618530273,22.399999618530273,24.0,24.0,476
2003-02-03,22.399999618530273,23.200000762939453,17.600000381469727,19.200000762939453,19.200000762939453,1269
2003-02-04,18.399999618530273,27.200000762939453,18.399999618530273,22.399999618530273,22.399999618530273,614
2003-02-05,24.0,25.600000381469727,21.600000381469727,23.200000762939453,23.200000762939453,288
2003-02-06,20.799999237060547,22.399999618530273,19.200000762939453,20.0,20.0,251
2003-02-07,18.399999618530273,23.200000762939453,18.399999618530273,21.600000381469727,21.600000381469727,189
2003-02-10,23.200000762939453,23.200000762939453,19.200000762939453,20.0,20.0,144
2003-02-11,20.0,20.0,20.0,20.0,20.0,94
2003-02-12,19.200000762939453,20.0,19.200000762939453,19.200000762939453,19.200000762939453,151
2003-02-13,20.799999237060547,22.399999618530273,19.200000762939453,19.200000762939453,19.200000762939453,33
2003-02-14,21.600000381469727,22.399999618530273,21.600000381469727,22.399999618530273,22.399999618530273,113
2003-02-18,20.0,20.0,20.0,20.0,20.0,14
2003-02-19,20.0,22.399999618530273,20.0,20.0,20.0,25
2003-02-20,20.799999237060547,20.799999237060547,20.0,20.0,20.0,60
2003-02-21,20.0,22.399999618530273,18.399999618530273,18.399999618530273,18.399999618530273,334
2003-02-24,20.799999237060547,21.600000381469727,18.399999618530273,18.399999618530273,18.399999618530273,16
2003-02-25,20.0,21.600000381469727,16.799999237060547,20.0,20.0,39
2003-02-26,18.399999618530273,20.0,18.399999618530273,20.0,20.0,9
2003-02-27,19.200000762939453,20.799999237060547,19.200000762939453,20.799999237060547,20.799999237060547,70
2003-02-28,20.799999237060547,20.799999237060547,20.0,20.0,20.0,16
2003-03-03,20.0,20.0,20.0,20.0,20.0,60
2003-03-04,20.0,20.0,12.0,16.0,16.0,134
2003-03-05,18.399999618530273,20.799999237060547,16.0,16.0,16.0,33
2003-03-06,12.800000190734863,15.199999809265137,12.800000190734863,15.199999809265137,15.199999809265137,36
2003-03-07,16.799999237060547,16.799999237060547,13.600000381469727,13.600000381469727,13.600000381469727,75
2003-03-10,16.0,20.0,16.0,16.799999237060547,16.799999237060547,48
2003-03-11,18.399999618530273,18.399999618530273,18.399999618530273,18.399999618530273,18.399999618530273,208
2003-03-12,18.399999618530273,18.399999618530273,12.800000190734863,14.399999618530273,14.399999618530273,114
2003-03-13,18.399999618530273,18.399999618530273,16.0,16.0,16.0,78
2003-03-14,18.399999618530273,18.399999618530273,16.0,16.0,16.0,35
2003-03-17,16.799999237060547,17.600000381469727,16.0,17.600000381469727,17.600000381469727,45
2003-03-18,16.0,16.799999237060547,16.0,16.799999237060547,16.799999237060547,30
2003-03-19,16.0,17.600000381469727,16.0,16.799999237060547,16.799999237060547,41
2003-03-20,17.600000381469727,18.399999618530273,17.600000381469727,18.399999618530273,18.399999618530273,29
2003-03-21,17.600000381469727,20.799999237060547,17.600000381469727,20.799999237060547,20.799999237060547,215
2003-03-24,20.799999237060547,20.799999237060547,20.799999237060547,20.799999237060547,20.799999237060547,0
2003-03-25,20.0,20.799999237060547,20.0,20.0,20.0,60
2003-03-26,20.0,20.0,20.0,20.0,20.0,5
2003-03-27,20.799999237060547,20.799999237060547,20.0,20.0,20.0,83
2003-03-28,20.0,20.0,20.0,20.0,20.0,0
2003-03-31,17.600000381469727,18.399999618530273,16.799999237060547,18.399999618530273,18.399999618530273,26
2003-04-01,20.0,20.0,20.0,20.0,20.0,39
2003-04-02,20.799999237060547,23.200000762939453,19.200000762939453,19.200000762939453,19.200000762939453,153
2003-04-03,20.799999237060547,21.600000381469727,20.0,20.0,20.0,154
2003-04-04,19.200000762939453,19.200000762939453,18.399999618530273,18.399999618530273,18.399999618530273,13
2003-04-07,16.0,18.399999618530273,16.0,16.799999237060547,16.799999237060547,170
2003-04-08,19.200000762939453,20.799999237060547,19.200000762939453,20.799999237060547,20.799999237060547,15
2003-04-09,16.799999237060547,20.799999237060547,16.799999237060547,20.799999237060547,20.799999237060547,11
2003-04-10,17.600000381469727,20.799999237060547,17.600000381469727,20.799999237060547,20.799999237060547,75
2003-04-11,16.0,24.0,16.0,22.399999618530273,22.399999618530273,383
2003-04-14,20.0,20.799999237060547,16.799999237060547,19.200000762939453,19.200000762939453,265
2003-04-15,19.200000762939453,19.200000762939453,9.600000381469727,11.199999809265137,11.199999809265137,1685
2003-04-16,16.799999237060547,17.600000381469727,14.399999618530273,15.199999809265137,15.199999809265137,768
2003-04-17,14.399999618530273,18.399999618530273,14.399999618530273,14.399999618530273,14.399999618530273,540
2003-04-21,16.0,17.600000381469727,14.399999618530273,16.0,16.0,345
2003-04-22,16.799999237060547,17.600000381469727,14.399999618530273,17.600000381469727,17.600000381469727,230
2003-04-23,15.199999809265137,15.199999809265137,15.199999809265137,15.199999809265137,15.199999809265137,4
2003-04-24,16.0,17.600000381469727,16.0,16.0,16.0,301
2003-04-25,17.600000381469727,19.200000762939453,17.600000381469727,19.200000762939453,19.200000762939453,400
2003-04-28,20.799999237060547,21.600000381469727,20.0,20.0,20.0,205
2003-04-29,20.0,22.399999618530273,18.399999618530273,21.600000381469727,21.600000381469727,75
2003-04-30,21.600000381469727,21.600000381469727,20.0,20.0,20.0,171
2003-05-01,20.0,21.600000381469727,20.0,21.600000381469727,21.600000381469727,61
2003-05-02,22.399999618530273,22.399999618530273,20.0,22.399999618530273,22.399999618530273,103
2003-05-05,22.399999618530273,24.799999237060547,22.399999618530273,24.799999237060547,24.799999237060547,449
2003-05-06,25.600000381469727,28.0,23.200000762939453,28.0,28.0,330
2003-05-07,26.399999618530273,39.20000076293945,26.399999618530273,33.599998474121094,33.599998474121094,1195
2003-05-08,36.0,36.0,32.0,34.400001525878906,34.400001525878906,138
2003-05-09,33.599998474121094,33.599998474121094,30.399999618530273,30.399999618530273,30.399999618530273,88
2003-05-12,30.399999618530273,32.0,24.799999237060547,32.0,32.0,403
2003-05-13,32.0,40.0,29.600000381469727,40.0,40.0,320
2003-05-14,39.20000076293945,43.20000076293945,36.79999923706055,41.599998474121094,41.599998474121094,936
2003-05-15,43.20000076293945,46.400001525878906,39.20000076293945,39.20000076293945,39.20000076293945,824
2003-05-16,39.20000076293945,40.0,38.400001525878906,38.400001525878906,38.400001525878906,223
2003-05-19,38.400001525878906,40.0,38.400001525878906,40.0,40.0,111
2003-05-20,40.0,40.0,32.0,34.400001525878906,34.400001525878906,351
2003-05-21,36.79999923706055,36.79999923706055,33.599998474121094,34.400001525878906,34.400001525878906,104
2003-05-22,35.20000076293945,36.0,33.599998474121094,33.599998474121094,33.599998474121094,99
2003-05-23,35.20000076293945,35.20000076293945,34.400001525878906,34.400001525878906,34.400001525878906,33
2003-05-27,36.0,36.0,36.0,36.0,36.0,8
2003-05-28,37.599998474121094,38.400001525878906,36.0,38.400001525878906,38.400001525878906,39
2003-05-29,36.0,41.599998474121094,36.0,37.599998474121094,37.599998474121094,428
2003-05-30,34.400001525878906,38.400001525878906,31.200000762939453,38.400001525878906,38.400001525878906,611
2003-06-02,38.400001525878906,39.20000076293945,36.79999923706055,37.599998474121094,37.599998474121094,155
2003-06-03,37.599998474121094,37.599998474121094,28.0,34.400001525878906,34.400001525878906,106
2003-06-04,31.200000762939453,34.400001525878906,31.200000762939453,32.79999923706055,32.79999923706055,150
2003-06-05,32.79999923706055,32.79999923706055,29.600000381469727,32.0,32.0,61
2003-06-06,33.599998474121094,40.0,30.399999618530273,32.79999923706055,32.79999923706055,410
2003-06-09,35.20000076293945,37.599998474121094,32.0,35.20000076293945,35.20000076293945,258
2003-06-10,37.599998474121094,37.599998474121094,31.200000762939453,36.0,36.0,224
2003-06-11,35.20000076293945,47.20000076293945,35.20000076293945,47.20000076293945,47.20000076293945,1391
2003-06-12,42.400001525878906,48.0,42.400001525878906,44.79999923706055,44.79999923706055,181
2003-06-13,47.20000076293945,48.0,42.400001525878906,47.20000076293945,47.20000076293945,400
2003-06-16,45.599998474121094,53.599998474121094,45.599998474121094,51.20000076293945,51.20000076293945,403
2003-06-17,51.20000076293945,60.0,50.400001525878906,55.20000076293945,55.20000076293945,676
2003-06-18,56.0,67.19999694824219,53.599998474121094,62.400001525878906,62.400001525878906,758
2003-06-19,64.80000305175781,79.19999694824219,62.400001525878906,68.80000305175781,68.80000305175781,751
2003-06-20,72.0,80.0,69.5999984741211,76.80000305175781,76.80000305175781,686
2003-06-23,80.0,92.0,73.5999984741211,78.4000015258789,78.4000015258789,1300
2003-06-24,83.19999694824219,83.19999694824219,66.4000015258789,68.0,68.0,499
2003-06-25,66.4000015258789,72.0,60.0,60.79999923706055,60.79999923706055,463
2003-06-26,60.0,60.0,49.599998474121094,52.79999923706055,52.79999923706055,615
2003-06-27,49.599998474121094,56.0,49.599998474121094,56.0,56.0,394
2003-06-30,60.0,64.0,55.20000076293945,60.0,60.0,116
2003-07-01,60.0,62.400001525878906,60.0,61.599998474121094,61.599998474121094,218
2003-07-02,56.79999923706055,63.20000076293945,56.79999923706055,60.79999923706055,60.79999923706055,36
2003-07-03,63.20000076293945,64.0,59.20000076293945,59.20000076293945,59.20000076293945,48
2003-07-07,59.20000076293945,63.20000076293945,59.20000076293945,60.79999923706055,60.79999923706055,258
2003-07-08,60.79999923706055,64.0,58.400001525878906,63.20000076293945,63.20000076293945,320
2003-07-09,66.4000015258789,66.4000015258789,59.20000076293945,64.0,64.0,218
2003-07-10,66.4000015258789,75.19999694824219,64.80000305175781,75.19999694824219,75.19999694824219,285
2003-07-11,72.80000305175781,72.80000305175781,68.0,72.0,72.0,134
2003-07-14,68.0,68.80000305175781,61.599998474121094,68.0,68.0,189
2003-07-15,67.19999694824219,67.19999694824219,64.0,64.0,64.0,49
2003-07-16,68.0,75.19999694824219,68.0,68.80000305175781,68.80000305175781,341
2003-07-17,68.0,72.0,68.0,69.5999984741211,69.5999984741211,18
2003-07-18,69.5999984741211,69.5999984741211,67.19999694824219,68.80000305175781,68.80000305175781,140
2003-07-21,72.0,72.0,66.4000015258789,68.0,68.0,124
2003-07-22,67.19999694824219,69.5999984741211,62.400001525878906,63.20000076293945,63.20000076293945,185
2003-07-23,62.400001525878906,68.80000305175781,62.400001525878906,63.20000076293945,63.20000076293945,121
2003-07-24,62.400001525878906,68.0,62.400001525878906,68.0,68.0,141
2003-07-25,68.80000305175781,70.4000015258789,55.20000076293945,56.79999923706055,56.79999923706055,503
2003-07-28,56.79999923706055,62.400001525878906,52.79999923706055,52.79999923706055,52.79999923706055,428
2003-07-29,56.0,56.0,52.79999923706055,52.79999923706055,52.79999923706055,81
2003-07-30,55.20000076293945,60.0,48.79999923706055,49.599998474121094,49.599998474121094,231
2003-07-31,47.20000076293945,52.0,44.79999923706055,52.0,52.0,683
2003-08-01,53.599998474121094,88.80000305175781,53.599998474121094,80.0,80.0,9094
2003-08-04,79.19999694824219,80.0,64.0,71.19999694824219,71.19999694824219,2623
2003-08-05,69.5999984741211,69.5999984741211,60.0,63.20000076293945,63.20000076293945,895
2003-08-06,64.0,65.5999984741211,56.0,56.79999923706055,56.79999923706055,410
2003-08-07,59.20000076293945,59.20000076293945,52.79999923706055,52.79999923706055,52.79999923706055,556
2003-08-08,54.400001525878906,64.0,53.599998474121094,58.400001525878906,58.400001525878906,146
2003-08-11,64.0,64.0,55.20000076293945,58.400001525878906,58.400001525878906,85
2003-08-12,58.400001525878906,60.0,56.0,56.0,56.0,28
2003-08-13,56.0,56.0,48.0,52.0,52.0,991
2003-08-14,51.20000076293945,62.400001525878906,51.20000076293945,60.0,60.0,238
2003-08-15,60.0,60.79999923706055,60.0,60.0,60.0,53
2003-08-18,57.599998474121094,62.400001525878906,46.400001525878906,52.0,52.0,324
2003-08-19,53.599998474121094,59.20000076293945,53.599998474121094,56.0,56.0,195
2003-08-20,56.0,58.400001525878906,52.0,53.599998474121094,53.599998474121094,330
2003-08-21,56.0,60.0,53.599998474121094,56.79999923706055,56.79999923706055,91
2003-08-22,54.400001525878906,76.80000305175781,54.400001525878906,73.5999984741211,73.5999984741211,4919
2003-08-25,73.5999984741211,75.19999694824219,66.4000015258789,69.5999984741211,69.5999984741211,1064
2003-08-26,70.4000015258789,70.4000015258789,58.400001525878906,60.0,60.0,339
2003-08-27,74.4000015258789,74.4000015258789,61.599998474121094,63.20000076293945,63.20000076293945,611
2003-08-28,64.80000305175781,96.0,64.80000305175781,93.5999984741211,93.5999984741211,5656
2003-08-29,94.4000015258789,94.4000015258789,79.19999694824219,88.0,88.0,2593
2003-09-02,92.0,94.4000015258789,80.80000305175781,84.0,84.0,869
2003-09-03,84.0,91.19999694824219,74.4000015258789,80.0,80.0,585
2003-09-04,80.0,87.19999694824219,76.0,82.4000015258789,82.4000015258789,724
2003-09-05,88.0,91.19999694824219,80.80000305175781,84.0,84.0,765
2003-09-08,88.0,88.80000305175781,81.5999984741211,81.5999984741211,81.5999984741211,1044
2003-09-09,84.0,84.80000305175781,80.80000305175781,84.0,84.0,554
2003-09-10,80.80000305175781,84.80000305175781,80.80000305175781,81.5999984741211,81.5999984741211,166
2003-09-11,80.0,87.19999694824219,80.0,85.5999984741211,85.5999984741211,370
2003-09-12,80.0,80.80000305175781,79.19999694824219,79.19999694824219,79.19999694824219,723
2003-09-15,80.0,81.5999984741211,76.80000305175781,78.4000015258789,78.4000015258789,205
2003-09-16,78.4000015258789,82.4000015258789,78.4000015258789,78.4000015258789,78.4000015258789,23
2003-09-17,80.80000305175781,83.19999694824219,78.4000015258789,78.4000015258789,78.4000015258789,228
2003-09-18,76.80000305175781,83.19999694824219,76.80000305175781,77.5999984741211,77.5999984741211,61
2003-09-19,77.5999984741211,79.19999694824219,72.0,73.5999984741211,73.5999984741211,790
2003-09-22,73.5999984741211,74.4000015258789,73.5999984741211,73.5999984741211,73.5999984741211,25
2003-09-23,73.5999984741211,74.4000015258789,60.0,67.19999694824219,67.19999694824219,1045
2003-09-24,68.0,71.19999694824219,62.400001525878906,63.20000076293945,63.20000076293945,674
2003-09-25,64.0,68.80000305175781,60.0,60.79999923706055,60.79999923706055,851
2003-09-26,60.79999923706055,65.5999984741211,60.0,60.0,60.0,313
2003-09-29,67.19999694824219,69.5999984741211,63.20000076293945,64.80000305175781,64.80000305175781,591
2003-09-30,68.0,69.5999984741211,65.5999984741211,67.19999694824219,67.19999694824219,254
2003-10-01,67.19999694824219,69.5999984741211,56.79999923706055,63.20000076293945,63.20000076293945,311
2003-10-02,65.5999984741211,66.4000015258789,64.80000305175781,65.5999984741211,65.5999984741211,148
2003-10-03,68.0,69.5999984741211,60.0,68.80000305175781,68.80000305175781,1790
2003-10-06,67.19999694824219,70.4000015258789,63.20000076293945,68.0,68.0,1409
2003-10-07,72.0,76.80000305175781,70.4000015258789,72.0,72.0,1726
2003-10-08,73.5999984741211,76.0,68.80000305175781,70.4000015258789,70.4000015258789,444
2003-10-09,72.0,72.0,66.4000015258789,67.19999694824219,67.19999694824219,218
2003-10-10,73.5999984741211,77.5999984741211,70.4000015258789,74.4000015258789,74.4000015258789,2129
2003-10-13,75.19999694824219,76.0,64.0,67.19999694824219,67.19999694824219,830
2003-10-14,70.4000015258789,80.0,68.0,80.0,80.0,1726
2003-10-15,80.0,83.19999694824219,72.0,75.19999694824219,75.19999694824219,678
2003-10-16,71.19999694824219,76.80000305175781,68.80000305175781,72.80000305175781,72.80000305175781,465
2003-10-17,71.19999694824219,72.80000305175781,66.4000015258789,69.5999984741211,69.5999984741211,614
2003-10-20,72.80000305175781,75.19999694824219,69.5999984741211,70.4000015258789,70.4000015258789,810
2003-10-21,75.19999694824219,76.80000305175781,69.5999984741211,69.5999984741211,69.5999984741211,1461
2003-10-22,75.19999694824219,75.19999694824219,68.0,72.0,72.0,958
2003-10-23,66.4000015258789,68.0,62.400001525878906,65.5999984741211,65.5999984741211,1175
2003-10-24,64.80000305175781,65.5999984741211,60.0,60.79999923706055,60.79999923706055,735
2003-10-27,64.80000305175781,66.4000015258789,59.20000076293945,61.599998474121094,61.599998474121094,713
2003-10-28,68.80000305175781,68.80000305175781,60.79999923706055,62.400001525878906,62.400001525878906,465
2003-10-29,64.0,66.4000015258789,61.599998474121094,61.599998474121094,61.599998474121094,369
2003-10-30,64.0,64.0,48.79999923706055,49.599998474121094,49.599998474121094,2249
2003-10-31,48.0,52.79999923706055,48.0,50.400001525878906,50.400001525878906,1170
2003-11-03,52.79999923706055,58.400001525878906,48.0,56.0,56.0,7808
2003-11-04,59.20000076293945,62.400001525878906,58.400001525878906,60.79999923706055,60.79999923706055,4406
2003-11-05,60.79999923706055,88.0,56.79999923706055,80.80000305175781,80.80000305175781,14121
2003-11-06,80.0,110.4000015258789,74.4000015258789,98.4000015258789,98.4000015258789,11090
2003-11-07,105.5999984741211,106.4000015258789,82.4000015258789,88.0,88.0,4786
2003-11-10,88.0,92.80000305175781,74.4000015258789,87.19999694824219,87.19999694824219,4315
2003-11-11,87.19999694824219,92.0,80.0,88.80000305175781,88.80000305175781,3598
2003-11-12,93.5999984741211,101.5999984741211,82.4000015258789,88.0,88.0,2334
2003-11-13,84.80000305175781,87.19999694824219,74.4000015258789,79.19999694824219,79.19999694824219,4000
2003-11-14,72.0,74.4000015258789,64.0,68.0,68.0,3145
2003-11-17,64.0,67.19999694824219,60.0,63.20000076293945,63.20000076293945,2785
2003-11-18,64.0,70.4000015258789,62.400001525878906,64.80000305175781,64.80000305175781,2553
2003-11-19,67.19999694824219,77.5999984741211,64.80000305175781,66.4000015258789,66.4000015258789,2518
2003-11-20,68.0,72.80000305175781,67.19999694824219,68.80000305175781,68.80000305175781,941
2003-11-21,77.5999984741211,77.5999984741211,60.79999923706055,62.400001525878906,62.400001525878906,1908
2003-11-24,62.400001525878906,65.5999984741211,61.599998474121094,64.0,64.0,720
2003-11-25,68.0,68.0,62.400001525878906,62.400001525878906,62.400001525878906,399
2003-11-26,61.599998474121094,64.80000305175781,60.0,61.599998474121094,61.599998474121094,831
2003-11-28,60.0,61.599998474121094,60.0,60.0,60.0,104
2003-12-01,60.0,65.5999984741211,56.0,60.79999923706055,60.79999923706055,2181
2003-12-02,56.0,62.400001525878906,56.0,57.599998474121094,57.599998474121094,1793
2003-12-03,57.599998474121094,68.0,56.0,58.400001525878906,58.400001525878906,8108
2003-12-04,61.599998474121094,61.599998474121094,55.20000076293945,58.400001525878906,58.400001525878906,3743
2003-12-05,59.20000076293945,59.20000076293945,54.400001525878906,56.0,56.0,3030
2003-12-08,56.79999923706055,60.0,54.400001525878906,56.0,56.0,1286
2003-12-09,55.20000076293945,56.79999923706055,52.0,55.20000076293945,55.20000076293945,678
2003-12-10,53.599998474121094,56.0,50.400001525878906,51.20000076293945,51.20000076293945,1713
2003-12-11,52.79999923706055,55.20000076293945,50.400001525878906,51.20000076293945,51.20000076293945,1094
2003-12-12,54.400001525878906,54.400001525878906,50.400001525878906,52.0,52.0,796
2003-12-15,52.79999923706055,54.400001525878906,50.400001525878906,51.20000076293945,51.20000076293945,659
2003-12-16,52.79999923706055,52.79999923706055,49.599998474121094,49.599998474121094,49.599998474121094,609
2003-12-17,49.599998474121094,50.400001525878906,41.599998474121094,46.400001525878906,46.400001525878906,1255
2003-12-18,45.599998474121094,52.79999923706055,43.20000076293945,46.400001525878906,46.400001525878906,3121
2003-12-19,46.400001525878906,48.79999923706055,44.79999923706055,45.599998474121094,45.599998474121094,1384
2003-12-22,48.0,48.0,41.599998474121094,44.0,44.0,1581
2003-12-23,42.400001525878906,46.400001525878906,42.400001525878906,43.20000076293945,43.20000076293945,468
2003-12-24,42.400001525878906,45.599998474121094,39.20000076293945,45.599998474121094,45.599998474121094,1865
2003-12-26,46.400001525878906,50.400001525878906,42.400001525878906,46.400001525878906,46.400001525878906,584
2003-12-29,46.400001525878906,51.20000076293945,44.0,46.400001525878906,46.400001525878906,1644
2003-12-30,47.20000076293945,49.599998474121094,44.0,46.400001525878906,46.400001525878906,1098
2003-12-31,45.599998474121094,48.0,44.0,47.20000076293945,47.20000076293945,803
2004-01-02,48.79999923706055,53.599998474121094,48.0,51.20000076293945,51.20000076293945,2734
2004-01-05,50.400001525878906,53.599998474121094,49.599998474121094,51.20000076293945,51.20000076293945,1924
2004-01-06,52.0,54.400001525878906,49.599998474121094,51.20000076293945,51.20000076293945,1198
2004-01-07,51.20000076293945,53.599998474121094,51.20000076293945,51.20000076293945,51.20000076293945,474
2004-01-08,52.79999923706055,59.20000076293945,50.400001525878906,59.20000076293945,59.20000076293945,6466
2004-01-09,60.0,66.4000015258789,54.400001525878906,63.20000076293945,63.20000076293945,7155
2004-01-12,64.0,65.5999984741211,55.20000076293945,59.20000076293945,59.20000076293945,2294
2004-01-13,60.0,60.79999923706055,55.20000076293945,56.0,56.0,2521
2004-01-14,60.0,60.0,55.20000076293945,56.0,56.0,1135
2004-01-15,55.20000076293945,56.79999923706055,52.79999923706055,53.599998474121094,53.599998474121094,1790
2004-01-16,53.599998474121094,71.19999694824219,53.599998474121094,64.80000305175781,64.80000305175781,14024
2004-01-20,66.4000015258789,68.80000305175781,59.20000076293945,60.79999923706055,60.79999923706055,3669
2004-01-21,60.79999923706055,62.400001525878906,56.79999923706055,57.599998474121094,57.599998474121094,2345
2004-01-22,56.0,58.400001525878906,32.0,40.0,40.0,7620
2004-01-23,40.0,52.0,40.0,50.400001525878906,50.400001525878906,5453
2004-01-26,52.79999923706055,60.79999923706055,50.400001525878906,56.79999923706055,56.79999923706055,6348
2004-01-27,57.599998474121094,63.20000076293945,52.0,59.20000076293945,59.20000076293945,4379
2004-01-28,60.79999923706055,61.599998474121094,53.599998474121094,56.0,56.0,2741
2004-01-29,52.0,57.599998474121094,50.400001525878906,54.400001525878906,54.400001525878906,1378
2004-01-30,55.20000076293945,56.0,48.0,50.400001525878906,50.400001525878906,3258
2004-02-02,49.599998474121094,53.599998474121094,48.0,51.20000076293945,51.20000076293945,1980
2004-02-03,48.0,56.0,48.0,55.20000076293945,55.20000076293945,2469
2004-02-04,55.20000076293945,56.79999923706055,49.599998474121094,53.599998474121094,53.599998474121094,1291
2004-02-05,55.20000076293945,58.400001525878906,51.20000076293945,53.599998474121094,53.599998474121094,2603
2004-02-06,56.0,68.0,54.400001525878906,67.19999694824219,67.19999694824219,7265
2004-02-09,67.19999694824219,81.5999984741211,64.0,72.80000305175781,72.80000305175781,9079
2004-02-10,70.4000015258789,76.0,65.5999984741211,71.19999694824219,71.19999694824219,4548
2004-02-11,66.4000015258789,78.4000015258789,66.4000015258789,76.0,76.0,7653
2004-02-12,76.0,80.0,66.4000015258789,77.5999984741211,77.5999984741211,4656
2004-02-13,78.4000015258789,88.0,75.19999694824219,80.0,80.0,8024
2004-02-17,84.80000305175781,84.80000305175781,77.5999984741211,80.80000305175781,80.80000305175781,3526
2004-02-18,80.80000305175781,83.19999694824219,76.0,77.5999984741211,77.5999984741211,2815
2004-02-19,76.80000305175781,80.0,73.5999984741211,78.4000015258789,78.4000015258789,1336
2004-02-20,79.19999694824219,79.19999694824219,62.400001525878906,70.4000015258789,70.4000015258789,2459
2004-02-23,72.0,78.4000015258789,66.4000015258789,74.4000015258789,74.4000015258789,1710
2004-02-24,78.4000015258789,78.4000015258789,68.0,69.5999984741211,69.5999984741211,1614
2004-02-25,72.0,72.80000305175781,64.80000305175781,68.80000305175781,68.80000305175781,984
2004-02-26,70.4000015258789,70.4000015258789,65.5999984741211,69.5999984741211,69.5999984741211,723
2004-02-27,65.5999984741211,71.19999694824219,65.5999984741211,70.4000015258789,70.4000015258789,890
2004-03-01,65.5999984741211,70.4000015258789,65.5999984741211,69.5999984741211,69.5999984741211,776
2004-03-02,65.5999984741211,71.19999694824219,65.5999984741211,70.4000015258789,70.4000015258789,1610
2004-03-03,64.0,70.4000015258789,62.400001525878906,68.80000305175781,68.80000305175781,2403
2004-03-04,68.80000305175781,69.5999984741211,64.0,67.19999694824219,67.19999694824219,1405
2004-03-05,68.80000305175781,70.4000015258789,66.4000015258789,68.80000305175781,68.80000305175781,1400
2004-03-08,66.4000015258789,75.19999694824219,66.4000015258789,69.5999984741211,69.5999984741211,2268
2004-03-09,66.4000015258789,71.19999694824219,66.4000015258789,68.80000305175781,68.80000305175781,828
2004-03-10,70.4000015258789,71.19999694824219,57.599998474121094,60.0,60.0,2486
2004-03-11,59.20000076293945,65.5999984741211,59.20000076293945,62.400001525878906,62.400001525878906,526
2004-03-12,65.5999984741211,65.5999984741211,58.400001525878906,62.400001525878906,62.400001525878906,639
2004-03-15,64.0,64.0,59.20000076293945,63.20000076293945,63.20000076293945,879
2004-03-16,59.20000076293945,66.4000015258789,59.20000076293945,66.4000015258789,66.4000015258789,855
2004-03-17,64.0,66.4000015258789,60.0,64.80000305175781,64.80000305175781,1059
2004-03-18,61.599998474121094,64.80000305175781,58.400001525878906,60.79999923706055,60.79999923706055,1024
2004-03-19,57.599998474121094,64.0,57.599998474121094,64.0,64.0,229
2004-03-22,60.79999923706055,64.80000305175781,56.79999923706055,64.0,64.0,1033
2004-03-23,57.599998474121094,64.0,57.599998474121094,64.0,64.0,604
2004-03-24,62.400001525878906,62.400001525878906,57.599998474121094,61.599998474121094,61.599998474121094,611
2004-03-25,64.0,64.0,57.599998474121094,61.599998474121094,61.599998474121094,1083
2004-03-26,61.599998474121094,64.0,60.0,61.599998474121094,61.599998474121094,1354
2004-03-29,59.0,69.4000015258789,59.0,67.5999984741211,67.5999984741211,75
2004-03-30,45.599998474121094,65.0,45.0,60.0,60.0,435
2004-03-31,60.0,60.599998474121094,45.400001525878906,59.0,59.0,4090
2004-04-01,57.20000076293945,61.0,48.400001525878906,58.599998474121094,58.599998474121094,1830
2004-04-02,58.0,60.599998474121094,50.20000076293945,59.0,59.0,590
2004-04-05,55.599998474121094,65.0,49.599998474121094,63.0,63.0,2285
2004-04-06,64.80000305175781,64.80000305175781,61.0,64.0,64.0,665
2004-04-07,64.80000305175781,65.0,58.599998474121094,64.0,64.0,615
2004-04-08,65.0,70.0,65.0,69.80000305175781,69.80000305175781,690
2004-04-12,70.5999984741211,70.5999984741211,64.5999984741211,70.19999694824219,70.19999694824219,450
2004-04-13,70.0,77.19999694824219,64.0,73.19999694824219,73.19999694824219,1690
2004-04-14,76.19999694824219,76.19999694824219,69.80000305175781,73.5999984741211,73.5999984741211,1085
2004-04-15,70.5999984741211,77.5999984741211,62.79999923706055,72.0,72.0,1245
2004-04-16,71.19999694824219,75.0,65.80000305175781,71.4000015258789,71.4000015258789,2155
2004-04-19,70.0,73.0,62.0,73.0,73.0,370
2004-04-20,69.80000305175781,73.80000305175781,62.0,72.5999984741211,72.5999984741211,390
2004-04-21,64.0,76.0,50.599998474121094,59.79999923706055,59.79999923706055,9235
2004-04-22,60.20000076293945,68.0,55.0,57.599998474121094,57.599998474121094,885
2004-04-23,57.0,57.0,46.0,53.599998474121094,53.599998474121094,2535
2004-04-26,52.0,57.0,51.20000076293945,57.0,57.0,1765
2004-04-27,57.0,59.0,55.599998474121094,58.20000076293945,58.20000076293945,1050
2004-04-28,59.0,59.0,55.0,58.0,58.0,540
2004-04-29,57.79999923706055,57.79999923706055,45.0,52.79999923706055,52.79999923706055,2005
2004-04-30,52.0,54.400001525878906,48.79999923706055,51.599998474121094,51.599998474121094,1125
2004-05-03,48.79999923706055,58.599998474121094,44.20000076293945,46.599998474121094,46.599998474121094,3920
2004-05-04,52.0,52.0,45.20000076293945,48.20000076293945,48.20000076293945,1300
2004-05-05,45.20000076293945,48.79999923706055,45.20000076293945,48.20000076293945,48.20000076293945,155
2004-05-06,45.20000076293945,47.0,44.20000076293945,45.400001525878906,45.400001525878906,505
2004-05-07,47.0,47.0,45.0,45.0,45.0,315
2004-05-10,45.0,46.79999923706055,42.20000076293945,44.79999923706055,44.79999923706055,560
2004-05-11,45.400001525878906,45.599998474121094,44.20000076293945,45.400001525878906,45.400001525878906,325
2004-05-12,44.0,44.0,42.0,42.599998474121094,42.599998474121094,590
2004-05-13,42.0,42.0,40.20000076293945,41.79999923706055,41.79999923706055,695
2004-05-14,41.0,44.20000076293945,31.799999237060547,35.20000076293945,35.20000076293945,2570
2004-05-17,34.79999923706055,38.20000076293945,28.799999237060547,35.400001525878906,35.400001525878906,1175
2004-05-18,35.0,36.20000076293945,35.0,35.0,35.0,170
2004-05-19,34.79999923706055,35.79999923706055,34.599998474121094,34.599998474121094,34.599998474121094,145
2004-05-20,35.0,35.20000076293945,32.400001525878906,35.20000076293945,35.20000076293945,195
2004-05-21,35.400001525878906,35.599998474121094,28.799999237060547,35.20000076293945,35.20000076293945,715
2004-05-24,35.400001525878906,35.400001525878906,34.0,34.79999923706055,34.79999923706055,85
2004-05-25,34.599998474121094,40.20000076293945,34.599998474121094,40.20000076293945,40.20000076293945,650
2004-05-26,39.79999923706055,42.20000076293945,38.20000076293945,40.400001525878906,40.400001525878906,950
2004-05-27,40.20000076293945,42.0,40.20000076293945,42.0,42.0,30
2004-05-28,42.20000076293945,42.20000076293945,38.599998474121094,39.599998474121094,39.599998474121094,675
2004-06-01,42.20000076293945,42.20000076293945,39.0,40.79999923706055,40.79999923706055,190
2004-06-02,40.0,41.0,38.599998474121094,38.599998474121094,38.599998474121094,395
2004-06-03,38.599998474121094,39.20000076293945,34.0,39.20000076293945,39.20000076293945,230
2004-06-04,35.0,39.79999923706055,35.0,39.599998474121094,39.599998474121094,280
2004-06-07,39.79999923706055,40.0,35.20000076293945,38.20000076293945,38.20000076293945,320
2004-06-08,41.79999923706055,41.79999923706055,31.0,33.79999923706055,33.79999923706055,230
2004-06-09,33.79999923706055,38.400001525878906,31.0,38.20000076293945,38.20000076293945,815
2004-06-10,37.20000076293945,40.0,33.400001525878906,40.0,40.0,725
2004-06-14,41.20000076293945,41.20000076293945,38.20000076293945,40.0,40.0,435
2004-06-15,38.400001525878906,42.0,38.400001525878906,42.0,42.0,530
2004-06-16,42.0,42.0,39.79999923706055,40.79999923706055,40.79999923706055,555
2004-06-17,40.20000076293945,42.20000076293945,34.0,42.20000076293945,42.20000076293945,905
2004-06-18,43.599998474121094,44.599998474121094,39.79999923706055,42.79999923706055,42.79999923706055,370
2004-06-21,44.20000076293945,44.599998474121094,42.0,44.0,44.0,415
2004-06-22,41.0,42.20000076293945,40.0,40.0,40.0,445
2004-06-23,38.20000076293945,39.599998474121094,35.400001525878906,35.599998474121094,35.599998474121094,385
2004-06-24,34.20000076293945,36.599998474121094,34.20000076293945,36.400001525878906,36.400001525878906,545
2004-06-25,36.599998474121094,38.79999923706055,36.20000076293945,37.0,37.0,125
2004-06-28,35.0,38.79999923706055,35.0,35.0,35.0,290
2004-06-29,35.0,38.400001525878906,35.0,38.400001525878906,38.400001525878906,205
2004-06-30,38.400001525878906,39.599998474121094,34.20000076293945,39.599998474121094,39.599998474121094,55
2004-07-01,39.599998474121094,39.599998474121094,34.599998474121094,35.599998474121094,35.599998474121094,95
2004-07-02,37.400001525878906,39.0,35.0,39.0,39.0,40
2004-07-06,36.0,38.79999923706055,34.599998474121094,34.599998474121094,34.599998474121094,85
2004-07-07,37.599998474121094,37.599998474121094,30.200000762939453,31.0,31.0,565
2004-07-08,32.0,35.0,30.799999237060547,34.0,34.0,240
2004-07-09,30.200000762939453,35.0,30.200000762939453,33.599998474121094,33.599998474121094,220
2004-07-12,33.599998474121094,33.599998474121094,30.200000762939453,32.20000076293945,32.20000076293945,135
2004-07-13,33.79999923706055,33.79999923706055,33.400001525878906,33.400001525878906,33.400001525878906,45
2004-07-14,33.0,33.400001525878906,32.20000076293945,32.20000076293945,32.20000076293945,45
2004-07-15,33.0,33.599998474121094,28.0,28.399999618530273,28.399999618530273,720
2004-07-16,33.79999923706055,33.79999923706055,30.0,30.399999618530273,30.399999618530273,190
2004-07-19,27.0,32.0,25.799999237060547,26.600000381469727,26.600000381469727,830
2004-07-20,26.399999618530273,26.799999237060547,23.200000762939453,25.600000381469727,25.600000381469727,945
2004-07-21,25.399999618530273,25.399999618530273,22.0,24.799999237060547,24.799999237060547,410
2004-07-22,25.0,25.0,21.200000762939453,22.200000762939453,22.200000762939453,655
2004-07-23,20.799999237060547,24.399999618530273,20.0,21.600000381469727,21.600000381469727,555
2004-07-26,20.0,21.600000381469727,19.200000762939453,20.799999237060547,20.799999237060547,300
2004-07-27,19.200000762939453,25.399999618530273,18.200000762939453,23.399999618530273,23.399999618530273,750
2004-07-28,23.399999618530273,23.399999618530273,23.200000762939453,23.399999618530273,23.399999618530273,95
2004-07-29,19.399999618530273,23.399999618530273,19.399999618530273,23.399999618530273,23.399999618530273,125
2004-07-30,23.0,23.200000762939453,22.399999618530273,23.0,23.0,220
2004-08-02,23.200000762939453,23.600000381469727,22.399999618530273,23.600000381469727,23.600000381469727,140
2004-08-03,23.600000381469727,23.600000381469727,23.600000381469727,23.600000381469727,23.600000381469727,0
2004-08-04,24.0,24.0,22.399999618530273,23.799999237060547,23.799999237060547,135
2004-08-05,18.200000762939453,27.0,18.200000762939453,22.399999618530273,22.399999618530273,175
2004-08-06,23.200000762939453,25.799999237060547,20.0,23.799999237060547,23.799999237060547,455
2004-08-09,23.799999237060547,24.399999618530273,21.600000381469727,24.399999618530273,24.399999618530273,90
2004-08-10,24.600000381469727,29.0,24.0,28.0,28.0,690
2004-08-11,21.799999237060547,28.0,21.0,27.799999237060547,27.799999237060547,580
2004-08-12,27.799999237060547,27.799999237060547,23.799999237060547,27.200000762939453,27.200000762939453,230
2004-08-13,26.0,26.600000381469727,24.600000381469727,26.399999618530273,26.399999618530273,170
2004-08-16,24.0,24.399999618530273,23.0,24.200000762939453,24.200000762939453,285
2004-08-17,24.0,24.0,20.600000381469727,21.600000381469727,21.600000381469727,530
2004-08-18,23.0,23.200000762939453,20.799999237060547,21.799999237060547,21.799999237060547,160
2004-08-19,20.600000381469727,21.799999237060547,18.600000381469727,20.799999237060547,20.799999237060547,465
2004-08-20,20.600000381469727,21.600000381469727,20.0,21.399999618530273,21.399999618530273,470
2004-08-23,21.0,22.0,21.0,22.0,22.0,520
2004-08-24,21.600000381469727,22.0,21.600000381469727,22.0,22.0,1560
2004-08-25,24.0,24.0,20.0,22.0,22.0,820
2004-08-26,17.200000762939453,26.200000762939453,17.200000762939453,22.0,22.0,345
2004-08-27,23.0,23.0,18.200000762939453,22.0,22.0,915
2004-08-30,21.600000381469727,26.0,21.600000381469727,24.200000762939453,24.200000762939453,705
2004-08-31,22.600000381469727,24.200000762939453,21.399999618530273,24.0,24.0,250
2004-09-01,24.0,32.599998474121094,24.0,29.0,29.0,2300
2004-09-02,29.399999618530273,35.0,29.399999618530273,32.79999923706055,32.79999923706055,1330
2004-09-03,33.0,35.599998474121094,30.0,35.599998474121094,35.599998474121094,280
2004-09-07,35.0,36.0,35.0,36.0,36.0,295
2004-09-08,37.0,37.0,34.20000076293945,37.0,37.0,260
2004-09-09,38.0,38.0,24.0,29.799999237060547,29.799999237060547,3240
2004-09-10,29.200000762939453,31.399999618530273,28.0,30.200000762939453,30.200000762939453,770
2004-09-13,29.399999618530273,33.20000076293945,29.399999618530273,33.0,33.0,605
2004-09-14,32.20000076293945,37.79999923706055,30.399999618530273,35.20000076293945,35.20000076293945,640
2004-09-15,36.79999923706055,36.79999923706055,35.0,35.0,35.0,375
2004-09-16,36.0,36.0,34.0,35.79999923706055,35.79999923706055,105
2004-09-17,36.0,36.0,31.0,31.0,31.0,115
2004-09-20,37.0,37.0,31.0,35.0,35.0,215
2004-09-21,35.79999923706055,36.0,35.0,35.599998474121094,35.599998474121094,490
2004-09-22,36.79999923706055,36.79999923706055,35.0,35.0,35.0,195
2004-09-23,36.0,37.0,36.0,37.0,37.0,330
2004-09-24,36.79999923706055,37.0,35.0,35.0,35.0,55
2004-09-27,34.79999923706055,40.0,34.79999923706055,40.0,40.0,1340
2004-09-28,40.0,40.0,40.0,40.0,40.0,25
2004-09-29,40.0,40.0,39.20000076293945,39.20000076293945,39.20000076293945,20
2004-09-30,39.400001525878906,39.400001525878906,39.400001525878906,39.400001525878906,39.400001525878906,65
2004-10-01,38.400001525878906,38.400001525878906,38.400001525878906,38.400001525878906,38.400001525878906,5
2004-10-04,38.0,38.400001525878906,35.0,37.79999923706055,37.79999923706055,265
2004-10-05,40.0,40.0,38.20000076293945,38.20000076293945,38.20000076293945,15
2004-10-06,38.20000076293945,38.20000076293945,37.400001525878906,38.20000076293945,38.20000076293945,40
2004-10-07,37.20000076293945,37.20000076293945,35.0,37.0,37.0,130
2004-10-08,37.0,37.0,37.0,37.0,37.0,0
2004-10-11,36.79999923706055,36.79999923706055,34.79999923706055,35.400001525878906,35.400001525878906,70
2004-10-12,36.599998474121094,36.599998474121094,34.20000076293945,35.79999923706055,35.79999923706055,35
2004-10-13,34.0,36.0,30.0,34.599998474121094,34.599998474121094,140
2004-10-14,34.0,36.79999923706055,34.0,36.79999923706055,36.79999923706055,120
2004-10-15,36.79999923706055,36.79999923706055,36.79999923706055,36.79999923706055,36.79999923706055,0
2004-10-18,36.0,37.0,32.20000076293945,36.599998474121094,36.599998474121094,200
2004-10-19,37.0,37.599998474121094,35.79999923706055,37.599998474121094,37.599998474121094,155
2004-10-20,37.0,37.20000076293945,34.20000076293945,37.20000076293945,37.20000076293945,4535
2004-10-21,37.20000076293945,37.20000076293945,29.200000762939453,36.400001525878906,36.400001525878906,1105
2004-10-22,35.0,35.599998474121094,35.0,35.599998474121094,35.599998474121094,135
2004-10-25,35.599998474121094,35.79999923706055,33.0,35.400001525878906,35.400001525878906,150
2004-10-26,35.79999923706055,35.79999923706055,34.400001525878906,35.599998474121094,35.599998474121094,60
2004-10-27,35.0,35.0,32.20000076293945,34.20000076293945,34.20000076293945,180
2004-10-28,35.79999923706055,35.79999923706055,30.799999237060547,35.79999923706055,35.79999923706055,155
2004-10-29,32.599998474121094,35.79999923706055,32.599998474121094,35.20000076293945,35.20000076293945,480
2004-11-01,33.79999923706055,35.79999923706055,33.0,35.79999923706055,35.79999923706055,90
2004-11-02,34.599998474121094,34.599998474121094,30.200000762939453,30.399999618530273,30.399999618530273,330
2004-11-03,35.0,35.0,33.0,34.599998474121094,34.599998474121094,230
2004-11-04,32.599998474121094,33.599998474121094,30.600000381469727,33.599998474121094,33.599998474121094,95
2004-11-05,32.400001525878906,33.20000076293945,28.600000381469727,33.20000076293945,33.20000076293945,440
2004-11-08,31.799999237060547,33.0,29.399999618530273,31.600000381469727,31.600000381469727,160
2004-11-09,33.20000076293945,33.20000076293945,30.799999237060547,31.799999237060547,31.799999237060547,115
2004-11-10,34.400001525878906,34.599998474121094,31.600000381469727,34.599998474121094,34.599998474121094,135
2004-11-11,32.599998474121094,32.599998474121094,30.399999618530273,32.20000076293945,32.20000076293945,125
2004-11-12,32.400001525878906,32.400001525878906,28.799999237060547,30.399999618530273,30.399999618530273,585
2004-11-15,28.200000762939453,34.79999923706055,28.0,30.799999237060547,30.799999237060547,360
2004-11-16,32.0,32.0,26.600000381469727,29.600000381469727,29.600000381469727,305
2004-11-17,30.200000762939453,33.0,28.0,32.0,32.0,795
2004-11-18,33.20000076293945,33.20000076293945,30.200000762939453,32.0,32.0,405
2004-11-19,32.0,32.0,32.0,32.0,32.0,10
2004-11-22,30.0,32.0,30.0,31.0,31.0,125
2004-11-23,30.200000762939453,31.799999237060547,30.200000762939453,31.0,31.0,230
2004-11-24,30.200000762939453,30.799999237060547,29.0,30.799999237060547,30.799999237060547,155
2004-11-26,31.0,31.600000381469727,30.0,30.399999618530273,30.399999618530273,530
2004-11-29,26.0,31.799999237060547,26.0,28.600000381469727,28.600000381469727,925
2004-11-30,30.0,30.200000762939453,28.600000381469727,28.799999237060547,28.799999237060547,190
2004-12-01,30.600000381469727,30.600000381469727,29.0,29.600000381469727,29.600000381469727,100
2004-12-02,30.600000381469727,59.79999923706055,27.200000762939453,48.0,48.0,19410
2004-12-03,50.0,64.0,45.0,49.0,49.0,23730
2004-12-06,49.599998474121094,55.400001525878906,48.0,49.0,49.0,5500
2004-12-07,48.599998474121094,52.79999923706055,45.79999923706055,49.0,49.0,2820
2004-12-08,48.599998474121094,53.0,48.400001525878906,51.20000076293945,51.20000076293945,3045
2004-12-09,44.0,56.0,44.0,55.79999923706055,55.79999923706055,7215
2004-12-10,56.0,69.19999694824219,52.400001525878906,63.79999923706055,63.79999923706055,11220
2004-12-13,75.0,75.0,57.400001525878906,58.599998474121094,58.599998474121094,30385
2004-12-14,56.599998474121094,58.79999923706055,53.0,55.0,55.0,3480
2004-12-15,59.79999923706055,60.0,52.0,55.599998474121094,55.599998474121094,3890
2004-12-16,50.79999923706055,55.599998474121094,50.79999923706055,55.400001525878906,55.400001525878906,995
2004-12-17,55.79999923706055,56.79999923706055,55.0,55.20000076293945,55.20000076293945,2270
2004-12-20,59.0,59.599998474121094,53.0,55.599998474121094,55.599998474121094,1995
2004-12-21,57.20000076293945,59.0,54.20000076293945,54.599998474121094,54.599998474121094,1110
2004-12-22,52.79999923706055,56.400001525878906,47.79999923706055,52.599998474121094,52.599998474121094,2995
2004-12-23,46.79999923706055,53.0,46.79999923706055,52.79999923706055,52.79999923706055,1450
2004-12-27,45.400001525878906,53.400001525878906,45.0,47.400001525878906,47.400001525878906,3460
2004-12-28,47.400001525878906,54.0,46.400001525878906,53.20000076293945,53.20000076293945,3430
2004-12-29,50.79999923706055,57.20000076293945,50.79999923706055,55.400001525878906,55.400001525878906,2455
2004-12-30,51.79999923706055,59.599998474121094,51.79999923706055,57.20000076293945,57.20000076293945,1140
2004-12-31,59.20000076293945,62.0,53.0,58.20000076293945,58.20000076293945,3545
2005-01-03,62.0,63.599998474121094,55.0,56.0,56.0,5805
2005-01-04,107.5999984741211,124.0,84.0,87.5999984741211,87.5999984741211,363835
2005-01-05,90.0,92.4000015258789,75.0,76.0,76.0,42490
2005-01-06,79.19999694824219,80.0,70.0,71.19999694824219,71.19999694824219,16825
2005-01-07,71.19999694824219,75.0,65.19999694824219,68.0,68.0,15915
2005-01-10,70.4000015258789,72.5999984741211,64.4000015258789,65.0,65.0,10755
2005-01-11,64.0,65.4000015258789,60.0,61.599998474121094,61.599998474121094,9440
2005-01-12,60.599998474121094,67.0,57.400001525878906,63.0,63.0,15425
2005-01-13,63.400001525878906,67.4000015258789,61.0,62.400001525878906,62.400001525878906,6900
2005-01-14,61.400001525878906,66.5999984741211,58.20000076293945,66.5999984741211,66.5999984741211,5780
2005-01-18,66.19999694824219,71.0,64.5999984741211,67.80000305175781,67.80000305175781,3865
2005-01-19,68.0,69.0,60.599998474121094,64.19999694824219,64.19999694824219,5840
2005-01-20,60.79999923706055,65.19999694824219,58.0,60.0,60.0,3770
2005-01-21,58.400001525878906,61.79999923706055,58.20000076293945,58.400001525878906,58.400001525878906,1995
2005-01-24,57.0,61.599998474121094,57.0,57.599998474121094,57.599998474121094,3305
2005-01-25,58.0,61.0,54.599998474121094,55.79999923706055,55.79999923706055,3210
2005-01-26,55.79999923706055,58.0,55.0,57.0,57.0,2630
2005-01-27,55.400001525878906,58.20000076293945,55.400001525878906,57.0,57.0,1500
2005-01-28,55.0,61.79999923706055,55.0,61.599998474121094,61.599998474121094,1970
2005-01-31,60.0,66.0,59.599998474121094,64.0,64.0,3210
2005-02-01,62.400001525878906,65.5999984741211,61.0,63.79999923706055,63.79999923706055,915
2005-02-02,64.0,65.4000015258789,55.79999923706055,62.79999923706055,62.79999923706055,3775
2005-02-03,61.0,63.400001525878906,60.0,63.20000076293945,63.20000076293945,1595
2005-02-04,61.20000076293945,63.20000076293945,60.79999923706055,60.79999923706055,60.79999923706055,1455
2005-02-07,60.0,63.0,58.599998474121094,60.0,60.0,2490
2005-02-08,59.20000076293945,73.5999984741211,58.400001525878906,72.19999694824219,72.19999694824219,7560
2005-02-09,72.19999694824219,85.0,72.19999694824219,80.4000015258789,80.4000015258789,28870
2005-02-10,81.19999694824219,81.4000015258789,76.0,79.0,79.0,8935
2005-02-11,80.0,80.0,67.19999694824219,70.19999694824219,70.19999694824219,9605
2005-02-14,69.5999984741211,69.80000305175781,67.4000015258789,68.80000305175781,68.80000305175781,3960
2005-02-15,69.0,71.80000305175781,66.4000015258789,66.4000015258789,66.4000015258789,3380
2005-02-16,67.5999984741211,67.5999984741211,61.0,63.599998474121094,63.599998474121094,5175
2005-02-17,63.400001525878906,66.0,61.79999923706055,63.79999923706055,63.79999923706055,4570
2005-02-18,62.20000076293945,64.80000305175781,62.20000076293945,64.19999694824219,64.19999694824219,915
2005-02-22,62.20000076293945,67.0,62.0,62.400001525878906,62.400001525878906,1590
2005-02-23,64.0,66.80000305175781,60.0,61.20000076293945,61.20000076293945,2380
2005-02-24,60.400001525878906,65.0,60.400001525878906,62.79999923706055,62.79999923706055,2230
2005-02-25,61.400001525878906,67.0,61.400001525878906,63.0,63.0,2535
2005-02-28,67.19999694824219,67.19999694824219,61.599998474121094,67.0,67.0,1450
2005-03-01,65.0,67.0,63.599998474121094,67.0,67.0,1455
2005-03-02,67.80000305175781,68.4000015258789,63.79999923706055,65.0,65.0,950
2005-03-03,63.20000076293945,65.80000305175781,60.400001525878906,62.400001525878906,62.400001525878906,2150
2005-03-04,63.79999923706055,64.0,61.0,62.0,62.0,810
2005-03-07,62.20000076293945,62.20000076293945,60.599998474121094,61.20000076293945,61.20000076293945,845
2005-03-08,61.79999923706055,62.0,58.20000076293945,58.599998474121094,58.599998474121094,2290
2005-03-09,58.0,59.400001525878906,55.20000076293945,59.0,59.0,1175
2005-03-10,59.0,59.599998474121094,55.79999923706055,57.20000076293945,57.20000076293945,505
2005-03-11,55.400001525878906,65.80000305175781,55.400001525878906,57.0,57.0,4150
2005-03-14,57.0,61.20000076293945,56.599998474121094,57.599998474121094,57.599998474121094,1200
2005-03-15,56.400001525878906,61.20000076293945,56.400001525878906,61.20000076293945,61.20000076293945,960
2005-03-16,61.20000076293945,62.20000076293945,59.599998474121094,61.599998474121094,61.599998474121094,440
2005-03-17,61.0,61.0,59.0,59.599998474121094,59.599998474121094,400
2005-03-18,57.599998474121094,61.0,56.20000076293945,60.79999923706055,60.79999923706055,520
2005-03-21,66.5999984741211,66.5999984741211,57.0,61.599998474121094,61.599998474121094,830
2005-03-22,61.599998474121094,61.599998474121094,56.79999923706055,59.0,59.0,1465
2005-03-23,58.0,59.599998474121094,55.400001525878906,55.400001525878906,55.400001525878906,1330
2005-03-24,55.400001525878906,58.20000076293945,53.79999923706055,53.79999923706055,53.79999923706055,1085
2005-03-28,53.400001525878906,59.79999923706055,53.0,54.0,54.0,1355
2005-03-29,53.0,53.0,43.0,46.599998474121094,46.599998474121094,2400
2005-03-30,48.0,48.0,42.0,45.0,45.0,3310
2005-03-31,43.79999923706055,45.400001525878906,42.0,42.79999923706055,42.79999923706055,1270
2005-04-01,43.20000076293945,44.0,42.0,42.79999923706055,42.79999923706055,1585
2005-04-04,40.79999923706055,43.20000076293945,40.20000076293945,42.0,42.0,350
2005-04-05,40.0,42.20000076293945,38.400001525878906,41.400001525878906,41.400001525878906,2470
2005-04-06,40.20000076293945,43.599998474121094,40.20000076293945,43.599998474121094,43.599998474121094,1320
2005-04-07,44.0,48.0,42.79999923706055,46.79999923706055,46.79999923706055,1405
2005-04-08,48.0,51.0,45.79999923706055,45.79999923706055,45.79999923706055,2785
2005-04-11,50.400001525878906,83.0,50.400001525878906,56.0,56.0,111230
2005-04-12,55.79999923706055,55.79999923706055,48.0,49.599998474121094,49.599998474121094,20465
2005-04-13,48.79999923706055,52.400001525878906,48.20000076293945,49.599998474121094,49.599998474121094,5880
2005-04-14,50.0,50.0,46.0,49.79999923706055,49.79999923706055,4630
2005-04-15,49.599998474121094,49.599998474121094,42.0,45.400001525878906,45.400001525878906,2550
2005-04-18,45.0,48.0,44.0,44.599998474121094,44.599998474121094,3140
2005-04-19,44.400001525878906,46.0,42.0,44.0,44.0,1620
2005-04-20,43.599998474121094,46.400001525878906,43.599998474121094,44.0,44.0,1350
2005-04-21,43.20000076293945,48.0,43.0,46.0,46.0,1225
2005-04-22,48.0,48.20000076293945,45.0,46.79999923706055,46.79999923706055,365
2005-04-25,48.0,48.0,45.599998474121094,46.20000076293945,46.20000076293945,645
2005-04-26,45.20000076293945,46.400001525878906,42.0,44.400001525878906,44.400001525878906,710
2005-04-27,43.79999923706055,45.20000076293945,41.599998474121094,43.0,43.0,280
2005-04-28,44.0,44.0,42.20000076293945,43.400001525878906,43.400001525878906,780
2005-04-29,44.599998474121094,44.599998474121094,42.20000076293945,43.20000076293945,43.20000076293945,395
2005-05-02,44.0,69.80000305175781,44.0,50.20000076293945,50.20000076293945,10170
2005-05-03,53.400001525878906,53.400001525878906,46.599998474121094,53.0,53.0,3530
2005-05-04,55.0,55.0,45.0,48.400001525878906,48.400001525878906,2930
2005-05-05,46.400001525878906,53.0,46.400001525878906,51.0,51.0,2035
2005-05-06,50.0,52.0,48.20000076293945,51.0,51.0,705
2005-05-09,50.400001525878906,51.0,49.0,50.79999923706055,50.79999923706055,625
2005-05-10,49.79999923706055,50.79999923706055,48.20000076293945,48.20000076293945,48.20000076293945,640
2005-05-11,47.0,47.79999923706055,43.0,43.599998474121094,43.599998474121094,2795
2005-05-12,43.599998474121094,46.599998474121094,43.599998474121094,45.400001525878906,45.400001525878906,460
2005-05-13,44.20000076293945,51.79999923706055,44.0,45.20000076293945,45.20000076293945,1885
2005-05-16,44.0,48.0,44.0,45.79999923706055,45.79999923706055,545
2005-05-17,46.79999923706055,48.0,45.0,46.20000076293945,46.20000076293945,220
2005-05-18,47.0,49.599998474121094,47.0,49.20000076293945,49.20000076293945,715
2005-05-19,49.79999923706055,49.79999923706055,46.0,46.20000076293945,46.20000076293945,1325
2005-05-20,47.79999923706055,47.79999923706055,46.0,46.599998474121094,46.599998474121094,655
2005-05-23,47.0,48.0,47.0,47.0,47.0,460
2005-05-24,46.599998474121094,47.0,46.599998474121094,46.599998474121094,46.599998474121094,335
2005-05-25,46.599998474121094,47.0,46.0,47.0,47.0,2275
2005-05-26,47.0,53.400001525878906,46.400001525878906,52.400001525878906,52.400001525878906,3610
2005-05-27,55.0,57.0,53.20000076293945,55.400001525878906,55.400001525878906,3450
2005-05-31,54.79999923706055,57.79999923706055,54.79999923706055,56.400001525878906,56.400001525878906,1060
2005-06-01,55.400001525878906,63.20000076293945,55.400001525878906,59.79999923706055,59.79999923706055,2665
2005-06-02,61.400001525878906,63.79999923706055,61.20000076293945,62.0,62.0,3090
2005-06-03,60.599998474121094,63.0,55.599998474121094,57.599998474121094,57.599998474121094,1270
2005-06-06,57.79999923706055,58.0,56.79999923706055,57.0,57.0,365
2005-06-07,59.20000076293945,60.0,55.0,56.20000076293945,56.20000076293945,810
2005-06-08,55.20000076293945,55.79999923706055,54.20000076293945,54.20000076293945,54.20000076293945,960
2005-06-09,54.599998474121094,54.599998474121094,51.599998474121094,53.79999923706055,53.79999923706055,415
2005-06-10,53.79999923706055,54.599998474121094,52.79999923706055,54.599998474121094,54.599998474121094,630
2005-06-13,56.79999923706055,66.5999984741211,53.20000076293945,57.599998474121094,57.599998474121094,3870
2005-06-14,65.0,65.0,59.0,61.599998474121094,61.599998474121094,1180
2005-06-15,63.0,63.0,55.599998474121094,58.20000076293945,58.20000076293945,1040
2005-06-16,62.79999923706055,63.0,58.400001525878906,63.0,63.0,2455
2005-06-17,63.0,63.0,60.0,60.599998474121094,60.599998474121094,1200
2005-06-20,58.400001525878906,61.599998474121094,58.400001525878906,61.599998474121094,61.599998474121094,2120
2005-06-21,61.0,72.0,61.0,62.0,62.0,16375
2005-06-22,65.0,69.80000305175781,62.400001525878906,69.80000305175781,69.80000305175781,3400
2005-06-23,66.80000305175781,69.0,66.19999694824219,67.4000015258789,67.4000015258789,1335
2005-06-24,66.0,66.5999984741211,64.19999694824219,65.80000305175781,65.80000305175781,1010
2005-06-27,64.4000015258789,64.4000015258789,63.20000076293945,63.599998474121094,63.599998474121094,645
2005-06-28,63.0,67.0,63.0,67.0,67.0,2210
2005-06-29,68.80000305175781,68.80000305175781,66.4000015258789,68.0,68.0,705
2005-06-30,66.80000305175781,68.0,65.5999984741211,66.0,66.0,775
2005-07-01,64.80000305175781,65.0,63.79999923706055,65.0,65.0,1115
2005-07-05,66.0,66.0,62.79999923706055,63.20000076293945,63.20000076293945,1945
2005-07-06,64.5999984741211,64.5999984741211,62.0,64.4000015258789,64.4000015258789,920
2005-07-07,63.0,64.19999694824219,62.20000076293945,64.19999694824219,64.19999694824219,1235
2005-07-08,65.4000015258789,66.0,63.400001525878906,65.4000015258789,65.4000015258789,2695
2005-07-11,67.4000015258789,67.80000305175781,64.5999984741211,65.4000015258789,65.4000015258789,2225
2005-07-12,65.5999984741211,68.0,63.20000076293945,66.0,66.0,1430
2005-07-13,63.79999923706055,66.4000015258789,63.79999923706055,65.0,65.0,3640
2005-07-14,67.80000305175781,67.80000305175781,64.0,64.0,64.0,285
2005-07-15,64.19999694824219,64.80000305175781,63.0,64.0,64.0,390
2005-07-18,64.0,65.0,60.20000076293945,64.5999984741211,64.5999984741211,440
2005-07-19,64.80000305175781,65.19999694824219,61.599998474121094,61.599998474121094,61.599998474121094,2185
2005-07-20,60.79999923706055,71.80000305175781,60.599998474121094,63.20000076293945,63.20000076293945,16960
2005-07-21,67.0,67.0,62.0,64.0,64.0,2555
2005-07-22,62.79999923706055,63.20000076293945,62.0,62.0,62.0,1100
2005-07-25,61.79999923706055,64.0,61.79999923706055,63.20000076293945,63.20000076293945,2005
2005-07-26,66.19999694824219,66.19999694824219,63.400001525878906,65.5999984741211,65.5999984741211,665
2005-07-27,64.5999984741211,64.5999984741211,62.0,62.0,62.0,1370
2005-07-28,61.0,63.0,60.20000076293945,61.79999923706055,61.79999923706055,555
2005-07-29,60.79999923706055,62.79999923706055,60.400001525878906,61.599998474121094,61.599998474121094,300
2005-08-01,60.20000076293945,62.400001525878906,60.20000076293945,62.400001525878906,62.400001525878906,640
2005-08-02,59.79999923706055,62.20000076293945,59.79999923706055,60.20000076293945,60.20000076293945,570
2005-08-03,60.0,60.400001525878906,59.79999923706055,60.400001525878906,60.400001525878906,240
2005-08-04,60.79999923706055,64.4000015258789,59.0,59.20000076293945,59.20000076293945,2000
2005-08-05,63.20000076293945,63.20000076293945,52.20000076293945,55.599998474121094,55.599998474121094,4225
2005-08-08,52.599998474121094,61.0,52.599998474121094,54.400001525878906,54.400001525878906,2620
2005-08-09,55.0,59.0,54.400001525878906,58.79999923706055,58.79999923706055,755
2005-08-10,58.0,59.599998474121094,57.599998474121094,59.0,59.0,740
2005-08-11,59.599998474121094,59.599998474121094,55.79999923706055,57.400001525878906,57.400001525878906,630
2005-08-12,56.599998474121094,61.0,56.599998474121094,60.0,60.0,1885
2005-08-15,58.0,59.79999923706055,58.0,59.0,59.0,255
2005-08-16,58.400001525878906,59.20000076293945,58.400001525878906,59.0,59.0,460
2005-08-17,59.0,64.0,59.0,60.20000076293945,60.20000076293945,755
2005-08-18,60.0,60.0,59.20000076293945,60.0,60.0,365
2005-08-19,58.20000076293945,61.400001525878906,54.79999923706055,58.400001525878906,58.400001525878906,1425
2005-08-22,60.0,60.0,57.400001525878906,59.0,59.0,425
2005-08-23,60.0,61.0,57.20000076293945,61.0,61.0,650
2005-08-24,59.0,59.79999923706055,58.20000076293945,58.599998474121094,58.599998474121094,645
2005-08-25,59.0,61.400001525878906,59.0,60.20000076293945,60.20000076293945,75
2005-08-26,58.79999923706055,61.79999923706055,58.79999923706055,60.400001525878906,60.400001525878906,355
2005-08-29,60.400001525878906,62.0,60.0,62.0,62.0,270
2005-08-30,62.0,62.0,59.79999923706055,59.79999923706055,59.79999923706055,70
2005-08-31,59.599998474121094,59.599998474121094,56.20000076293945,59.20000076293945,59.20000076293945,540
2005-09-01,60.20000076293945,60.79999923706055,58.599998474121094,59.0,59.0,170
2005-09-02,62.0,64.0,59.400001525878906,61.79999923706055,61.79999923706055,1335
2005-09-06,60.400001525878906,64.0,55.20000076293945,61.0,61.0,770
2005-09-07,61.400001525878906,61.599998474121094,58.0,59.599998474121094,59.599998474121094,1215
2005-09-08,64.0,64.0,59.79999923706055,61.400001525878906,61.400001525878906,530
2005-09-09,60.20000076293945,63.0,59.79999923706055,59.79999923706055,59.79999923706055,270
2005-09-12,60.0,60.0,58.79999923706055,59.0,59.0,745
2005-09-13,58.599998474121094,60.0,55.400001525878906,58.599998474121094,58.599998474121094,930
2005-09-14,56.0,56.20000076293945,55.599998474121094,55.79999923706055,55.79999923706055,270
2005-09-15,56.20000076293945,63.599998474121094,55.79999923706055,61.20000076293945,61.20000076293945,1030
2005-09-16,58.400001525878906,60.400001525878906,58.400001525878906,58.400001525878906,58.400001525878906,345
2005-09-19,58.599998474121094,58.599998474121094,56.400001525878906,57.400001525878906,57.400001525878906,500
2005-09-20,56.0,58.79999923706055,56.0,58.20000076293945,58.20000076293945,325
2005-09-21,58.20000076293945,58.20000076293945,56.20000076293945,57.599998474121094,57.599998474121094,250
2005-09-22,56.20000076293945,56.400001525878906,56.20000076293945,56.20000076293945,56.20000076293945,105
2005-09-23,56.0,63.0,56.0,62.79999923706055,62.79999923706055,1315
2005-09-26,61.20000076293945,65.0,61.0,64.80000305175781,64.80000305175781,2240
2005-09-27,64.0,66.4000015258789,60.400001525878906,64.4000015258789,64.4000015258789,2565
2005-09-28,64.4000015258789,67.0,62.0,64.4000015258789,64.4000015258789,1200
2005-09-29,62.599998474121094,67.4000015258789,62.599998474121094,67.0,67.0,2450
2005-09-30,65.5999984741211,67.5999984741211,64.0,64.5999984741211,64.5999984741211,735
2005-10-03,63.79999923706055,64.0,63.0,63.599998474121094,63.599998474121094,175
2005-10-04,62.79999923706055,65.80000305175781,62.79999923706055,63.400001525878906,63.400001525878906,275
2005-10-05,62.599998474121094,65.0,62.599998474121094,63.20000076293945,63.20000076293945,1205
2005-10-06,63.0,63.0,63.0,63.0,63.0,100
2005-10-07,62.79999923706055,65.0,62.0,63.0,63.0,665
2005-10-10,62.20000076293945,65.5999984741211,56.400001525878906,61.0,61.0,1755
2005-10-11,60.20000076293945,62.0,60.0,62.0,62.0,520
2005-10-12,58.599998474121094,61.599998474121094,57.599998474121094,60.20000076293945,60.20000076293945,380
2005-10-13,57.20000076293945,60.0,57.20000076293945,58.599998474121094,58.599998474121094,65
2005-10-14,58.599998474121094,62.0,57.400001525878906,62.0,62.0,745
2005-10-17,61.0,62.79999923706055,61.0,62.79999923706055,62.79999923706055,175
2005-10-18,61.20000076293945,62.20000076293945,59.0,62.0,62.0,290
2005-10-19,59.400001525878906,62.599998474121094,59.400001525878906,62.20000076293945,62.20000076293945,760
2005-10-20,60.400001525878906,61.20000076293945,58.0,59.79999923706055,59.79999923706055,275
2005-10-21,58.400001525878906,59.0,58.400001525878906,58.599998474121094,58.599998474121094,545
2005-10-24,58.79999923706055,61.79999923706055,58.599998474121094,59.599998474121094,59.599998474121094,465
2005-10-25,59.79999923706055,61.400001525878906,59.599998474121094,61.400001525878906,61.400001525878906,610
2005-10-26,59.0,59.400001525878906,59.0,59.20000076293945,59.20000076293945,75
2005-10-27,59.599998474121094,60.599998474121094,59.400001525878906,59.400001525878906,59.400001525878906,1655
2005-10-28,62.0,62.0,58.599998474121094,61.0,61.0,240
2005-10-31,58.400001525878906,59.79999923706055,58.0,59.0,59.0,500
2005-11-01,57.20000076293945,60.599998474121094,56.79999923706055,59.599998474121094,59.599998474121094,590
2005-11-02,57.79999923706055,58.20000076293945,56.599998474121094,56.599998474121094,56.599998474121094,535
2005-11-03,57.0,58.79999923706055,54.599998474121094,55.20000076293945,55.20000076293945,490
2005-11-04,60.0,62.0,55.599998474121094,57.79999923706055,57.79999923706055,1815
2005-11-07,59.400001525878906,60.0,57.599998474121094,57.79999923706055,57.79999923706055,3245
2005-11-08,58.0,58.79999923706055,57.0,58.79999923706055,58.79999923706055,325
2005-11-09,57.0,58.20000076293945,56.400001525878906,56.599998474121094,56.599998474121094,265
2005-11-10,56.599998474121094,58.400001525878906,56.0,58.20000076293945,58.20000076293945,1075
2005-11-11,57.599998474121094,57.79999923706055,56.0,56.0,56.0,130
2005-11-14,55.20000076293945,55.20000076293945,51.599998474121094,54.400001525878906,54.400001525878906,1210
2005-11-15,53.400001525878906,54.79999923706055,52.0,53.20000076293945,53.20000076293945,650
2005-11-16,54.0,59.79999923706055,52.400001525878906,54.599998474121094,54.599998474121094,875
2005-11-17,54.20000076293945,56.0,54.0,56.0,56.0,835
2005-11-18,54.400001525878906,56.0,54.0,54.400001525878906,54.400001525878906,185
2005-11-21,58.0,58.0,51.599998474121094,51.599998474121094,51.599998474121094,315
2005-11-22,50.400001525878906,56.0,48.400001525878906,56.0,56.0,965
2005-11-23,56.0,56.0,52.599998474121094,53.0,53.0,185
2005-11-25,53.0,54.20000076293945,49.400001525878906,49.400001525878906,49.400001525878906,225
2005-11-28,52.0,52.0,49.0,50.79999923706055,50.79999923706055,630
2005-11-29,55.79999923706055,55.79999923706055,49.20000076293945,49.599998474121094,49.599998474121094,200
2005-11-30,52.79999923706055,54.599998474121094,50.0,53.79999923706055,53.79999923706055,475
2005-12-01,51.20000076293945,52.20000076293945,51.20000076293945,51.79999923706055,51.79999923706055,240
2005-12-02,51.79999923706055,51.79999923706055,51.79999923706055,51.79999923706055,51.79999923706055,0
2005-12-05,50.20000076293945,50.20000076293945,44.400001525878906,48.400001525878906,48.400001525878906,2045
2005-12-06,45.400001525878906,48.0,45.400001525878906,48.0,48.0,145
2005-12-07,46.599998474121094,47.400001525878906,44.400001525878906,44.400001525878906,44.400001525878906,975
2005-12-08,44.20000076293945,45.20000076293945,43.20000076293945,43.400001525878906,43.400001525878906,1100
2005-12-09,43.0,45.400001525878906,41.20000076293945,45.0,45.0,1100
2005-12-12,50.0,50.0,44.599998474121094,45.20000076293945,45.20000076293945,605
2005-12-13,45.0,45.400001525878906,42.20000076293945,43.400001525878906,43.400001525878906,665
2005-12-14,42.20000076293945,44.20000076293945,42.20000076293945,43.400001525878906,43.400001525878906,415
2005-12-15,44.0,44.20000076293945,43.0,43.0,43.0,485
2005-12-16,43.79999923706055,43.79999923706055,40.400001525878906,41.599998474121094,41.599998474121094,575
2005-12-19,43.79999923706055,43.79999923706055,41.599998474121094,43.0,43.0,410
2005-12-20,43.0,43.0,37.400001525878906,41.0,41.0,6115
2005-12-21,40.20000076293945,41.599998474121094,38.400001525878906,41.599998474121094,41.599998474121094,1490
2005-12-22,40.400001525878906,41.0,39.0,39.0,39.0,700
2005-12-23,39.20000076293945,41.599998474121094,39.20000076293945,41.599998474121094,41.599998474121094,485
2005-12-27,40.20000076293945,41.400001525878906,39.79999923706055,41.400001525878906,41.400001525878906,750
2005-12-28,38.20000076293945,41.400001525878906,38.20000076293945,39.20000076293945,39.20000076293945,665
2005-12-29,38.0,40.0,38.0,39.599998474121094,39.599998474121094,720
2005-12-30,38.400001525878906,42.0,38.400001525878906,42.0,42.0,1040
2006-01-03,38.599998474121094,41.400001525878906,38.599998474121094,40.0,40.0,395
2006-01-04,39.599998474121094,41.79999923706055,39.599998474121094,41.599998474121094,41.599998474121094,570
2006-01-05,42.0,42.599998474121094,40.400001525878906,42.599998474121094,42.599998474121094,305
2006-01-06,41.599998474121094,41.599998474121094,40.0,40.400001525878906,40.400001525878906,560
2006-01-09,41.599998474121094,41.599998474121094,39.79999923706055,40.0,40.0,575
2006-01-10,41.0,41.400001525878906,39.0,39.20000076293945,39.20000076293945,750
2006-01-11,39.20000076293945,39.20000076293945,36.0,37.0,37.0,2910
2006-01-12,38.0,38.0,35.0,35.79999923706055,35.79999923706055,1765
2006-01-13,35.79999923706055,36.79999923706055,34.0,35.599998474121094,35.599998474121094,1800
2006-01-17,35.599998474121094,35.599998474121094,32.599998474121094,35.400001525878906,35.400001525878906,2425
2006-01-18,33.0,35.0,33.0,34.0,34.0,1170
2006-01-19,34.0,35.400001525878906,34.0,35.400001525878906,35.400001525878906,770
2006-01-20,36.0,36.0,34.599998474121094,34.599998474121094,34.599998474121094,160
2006-01-23,32.599998474121094,35.79999923706055,32.599998474121094,34.0,34.0,590
2006-01-24,34.0,35.0,34.0,34.79999923706055,34.79999923706055,465
2006-01-25,35.79999923706055,35.79999923706055,34.20000076293945,34.599998474121094,34.599998474121094,130
2006-01-26,34.599998474121094,35.0,34.20000076293945,34.599998474121094,34.599998474121094,255
2006-01-27,35.20000076293945,37.599998474121094,35.0,37.400001525878906,37.400001525878906,2270
2006-01-30,37.20000076293945,37.400001525878906,37.0,37.0,37.0,510
2006-01-31,37.20000076293945,39.0,37.0,38.79999923706055,38.79999923706055,290
2006-02-01,37.79999923706055,39.20000076293945,37.400001525878906,38.79999923706055,38.79999923706055,200
2006-02-02,39.0,57.20000076293945,39.0,44.0,44.0,11065
2006-02-03,43.0,53.0,43.0,53.0,53.0,8005
2006-02-06,57.400001525878906,57.400001525878906,50.0,53.599998474121094,53.599998474121094,3370
2006-02-07,53.599998474121094,55.20000076293945,48.0,49.79999923706055,49.79999923706055,1970
2006-02-08,53.599998474121094,53.599998474121094,47.599998474121094,48.79999923706055,48.79999923706055,1285
2006-02-09,48.79999923706055,52.79999923706055,47.400001525878906,49.0,49.0,2180
2006-02-10,43.20000076293945,47.0,40.20000076293945,41.400001525878906,41.400001525878906,3695
2006-02-13,42.0,42.0,40.20000076293945,40.599998474121094,40.599998474121094,1160
2006-02-14,42.0,44.599998474121094,40.20000076293945,40.599998474121094,40.599998474121094,1095
2006-02-15,40.599998474121094,41.79999923706055,39.400001525878906,39.79999923706055,39.79999923706055,1830
2006-02-16,40.20000076293945,41.0,39.79999923706055,40.0,40.0,300
2006-02-17,40.0,40.20000076293945,38.400001525878906,38.400001525878906,38.400001525878906,760
2006-02-21,38.400001525878906,39.599998474121094,38.400001525878906,38.79999923706055,38.79999923706055,570
2006-02-22,39.0,39.400001525878906,39.0,39.20000076293945,39.20000076293945,360
2006-02-23,39.400001525878906,39.400001525878906,38.20000076293945,38.20000076293945,38.20000076293945,2050
2006-02-24,38.20000076293945,39.400001525878906,38.20000076293945,39.400001525878906,39.400001525878906,125
2006-02-27,39.0,39.599998474121094,38.599998474121094,39.599998474121094,39.599998474121094,575
2006-02-28,40.0,40.0,38.599998474121094,39.0,39.0,755
2006-03-01,39.0,39.400001525878906,38.400001525878906,39.400001525878906,39.400001525878906,690
2006-03-02,39.400001525878906,40.400001525878906,37.599998474121094,38.0,38.0,815
2006-03-03,38.20000076293945,39.0,37.599998474121094,37.79999923706055,37.79999923706055,625
2006-03-06,37.79999923706055,37.79999923706055,36.20000076293945,36.599998474121094,36.599998474121094,1185
2006-03-07,36.20000076293945,37.400001525878906,35.0,36.20000076293945,36.20000076293945,1525
2006-03-08,36.599998474121094,36.599998474121094,35.79999923706055,36.20000076293945,36.20000076293945,200
2006-03-09,35.79999923706055,37.0,35.20000076293945,36.20000076293945,36.20000076293945,880
2006-03-10,36.599998474121094,36.79999923706055,36.20000076293945,36.20000076293945,36.20000076293945,240
2006-03-13,37.0,37.20000076293945,36.0,36.0,36.0,510
2006-03-14,36.20000076293945,36.400001525878906,36.0,36.20000076293945,36.20000076293945,290
2006-03-15,36.0,36.400001525878906,31.600000381469727,32.79999923706055,32.79999923706055,7565
2006-03-16,33.400001525878906,34.0,32.79999923706055,33.79999923706055,33.79999923706055,2175
2006-03-17,33.0,33.599998474121094,31.399999618530273,31.399999618530273,31.399999618530273,1870
2006-03-20,30.799999237060547,32.0,28.0,29.200000762939453,29.200000762939453,5065
2006-03-21,29.200000762939453,30.0,29.200000762939453,29.200000762939453,29.200000762939453,670
2006-03-22,30.600000381469727,30.600000381469727,27.799999237060547,28.0,28.0,1725
2006-03-23,29.0,29.799999237060547,26.399999618530273,28.200000762939453,28.200000762939453,2415
2006-03-24,33.79999923706055,33.79999923706055,27.0,27.200000762939453,27.200000762939453,3115
2006-03-27,27.0,29.0,26.0,26.799999237060547,26.799999237060547,3510
2006-03-28,27.200000762939453,27.200000762939453,25.600000381469727,25.799999237060547,25.799999237060547,1740
2006-03-29,26.600000381469727,28.600000381469727,26.200000762939453,28.600000381469727,28.600000381469727,1685
2006-03-30,29.399999618530273,29.600000381469727,27.600000381469727,29.0,29.0,1235
2006-03-31,29.0,29.0,28.0,28.399999618530273,28.399999618530273,700
2006-04-03,28.0,29.399999618530273,28.0,28.600000381469727,28.600000381469727,1445
2006-04-04,28.799999237060547,28.799999237060547,28.600000381469727,28.600000381469727,28.600000381469727,845
2006-04-05,28.799999237060547,28.799999237060547,28.200000762939453,28.200000762939453,28.200000762939453,495
2006-04-06,27.799999237060547,28.0,27.200000762939453,27.799999237060547,27.799999237060547,315
2006-04-07,27.200000762939453,28.399999618530273,27.200000762939453,28.399999618530273,28.399999618530273,915
2006-04-10,28.399999618530273,28.399999618530273,27.600000381469727,27.600000381469727,27.600000381469727,235
2006-04-11,27.600000381469727,28.0,27.200000762939453,27.600000381469727,27.600000381469727,355
2006-04-12,27.799999237060547,30.399999618530273,27.799999237060547,29.200000762939453,29.200000762939453,2935
2006-04-13,30.0,30.0,28.200000762939453,28.600000381469727,28.600000381469727,1320
2006-04-17,28.600000381469727,28.600000381469727,27.600000381469727,28.0,28.0,850
2006-04-18,28.0,28.200000762939453,27.399999618530273,28.0,28.0,435
2006-04-19,27.200000762939453,28.600000381469727,27.0,27.799999237060547,27.799999237060547,2040
2006-04-20,27.0,27.600000381469727,26.0,27.399999618530273,27.399999618530273,710
2006-04-21,26.200000762939453,27.0,26.0,26.399999618530273,26.399999618530273,550
2006-04-24,29.600000381469727,29.600000381469727,26.0,27.600000381469727,27.600000381469727,690
2006-04-25,26.799999237060547,27.600000381469727,26.799999237060547,27.600000381469727,27.600000381469727,185
2006-04-26,26.200000762939453,27.600000381469727,26.200000762939453,27.399999618530273,27.399999618530273,330
2006-04-27,26.399999618530273,26.799999237060547,26.0,26.799999237060547,26.799999237060547,380
2006-04-28,26.0,26.399999618530273,25.0,26.399999618530273,26.399999618530273,485
2006-05-01,25.0,26.799999237060547,25.0,26.799999237060547,26.799999237060547,190
2006-05-02,26.600000381469727,26.799999237060547,25.399999618530273,26.799999237060547,26.799999237060547,325
2006-05-03,26.0,28.399999618530273,26.0,27.600000381469727,27.600000381469727,460
2006-05-04,26.600000381469727,27.200000762939453,26.399999618530273,27.200000762939453,27.200000762939453,50
2006-05-05,26.200000762939453,27.200000762939453,26.200000762939453,27.200000762939453,27.200000762939453,120
2006-05-08,27.0,27.399999618530273,26.799999237060547,27.399999618530273,27.399999618530273,295
2006-05-09,26.200000762939453,27.399999618530273,26.200000762939453,27.399999618530273,27.399999618530273,1310
2006-05-10,27.0,27.399999618530273,26.799999237060547,26.799999237060547,26.799999237060547,545
2006-05-11,26.399999618530273,26.600000381469727,25.200000762939453,26.600000381469727,26.600000381469727,600
2006-05-12,25.0,25.0,18.399999618530273,19.399999618530273,19.399999618530273,7630
2006-05-15,18.0,18.799999237060547,16.600000381469727,17.0,17.0,5925
2006-05-16,17.0,18.0,16.399999618530273,17.0,17.0,445
2006-05-17,17.0,17.399999618530273,15.0,15.800000190734863,15.800000190734863,1595
2006-05-18,15.600000381469727,17.0,14.600000381469727,16.799999237060547,16.799999237060547,2550
2006-05-19,16.799999237060547,18.0,16.600000381469727,17.799999237060547,17.799999237060547,2535
2006-05-22,17.600000381469727,18.0,17.200000762939453,17.200000762939453,17.200000762939453,550
2006-05-23,16.799999237060547,16.799999237060547,13.399999618530273,13.399999618530273,13.399999618530273,1665
2006-05-24,12.800000190734863,13.399999618530273,11.199999809265137,11.600000381469727,11.600000381469727,3345
2006-05-25,11.199999809265137,12.600000381469727,10.600000381469727,12.199999809265137,12.199999809265137,1555
2006-05-26,12.199999809265137,14.800000190734863,12.0,14.0,14.0,4210
2006-05-30,13.399999618530273,14.600000381469727,13.0,13.0,13.0,2115
2006-05-31,13.199999809265137,13.800000190734863,12.0,12.800000190734863,12.800000190734863,790
2006-06-01,12.399999618530273,12.399999618530273,10.600000381469727,11.600000381469727,11.600000381469727,3630
2006-06-02,11.199999809265137,12.0,11.199999809265137,12.0,12.0,735
2006-06-05,12.0,12.0,11.0,11.0,11.0,910
2006-06-06,11.800000190734863,11.800000190734863,11.199999809265137,11.800000190734863,11.800000190734863,925
2006-06-07,11.600000381469727,12.800000190734863,11.600000381469727,12.600000381469727,12.600000381469727,835
2006-06-08,12.399999618530273,12.399999618530273,11.199999809265137,11.600000381469727,11.600000381469727,1065
2006-06-09,12.600000381469727,12.800000190734863,12.0,12.0,12.0,300
2006-06-12,11.800000190734863,12.0,11.600000381469727,11.800000190734863,11.800000190734863,235
2006-06-13,15.0,17.0,11.800000190734863,12.0,12.0,4555
2006-06-14,12.800000190734863,12.800000190734863,11.800000190734863,12.199999809265137,12.199999809265137,635
2006-06-15,12.199999809265137,12.199999809265137,12.0,12.0,12.0,150
2006-06-16,12.399999618530273,15.399999618530273,11.800000190734863,12.0,12.0,11620
2006-06-19,12.399999618530273,12.399999618530273,11.399999618530273,11.800000190734863,11.800000190734863,580
2006-06-20,11.399999618530273,15.0,11.399999618530273,13.199999809265137,13.199999809265137,30070
2006-06-21,12.399999618530273,12.600000381469727,9.0,9.600000381469727,9.600000381469727,22015
2006-06-22,9.600000381469727,10.0,8.0,8.600000381469727,8.600000381469727,11745
2006-06-23,8.600000381469727,8.800000190734863,8.199999809265137,8.399999618530273,8.399999618530273,1565
2006-06-26,8.399999618530273,8.600000381469727,8.0,8.600000381469727,8.600000381469727,1615
2006-06-27,8.600000381469727,8.600000381469727,8.199999809265137,8.399999618530273,8.399999618530273,730
2006-06-28,8.199999809265137,8.399999618530273,8.0,8.399999618530273,8.399999618530273,750
2006-06-29,8.199999809265137,8.399999618530273,8.0,8.399999618530273,8.399999618530273,2100
2006-06-30,8.399999618530273,8.399999618530273,8.0,8.399999618530273,8.399999618530273,900
2006-07-03,8.399999618530273,8.399999618530273,8.399999618530273,8.399999618530273,8.399999618530273,565
2006-07-05,8.0,8.399999618530273,8.0,8.199999809265137,8.199999809265137,1735
2006-07-06,8.0,8.600000381469727,8.0,8.600000381469727,8.600000381469727,1415
2006-07-07,8.399999618530273,8.600000381469727,7.800000190734863,8.600000381469727,8.600000381469727,1975
2006-07-10,8.600000381469727,8.600000381469727,8.0,8.0,8.0,730
2006-07-11,8.0,8.199999809265137,7.800000190734863,8.199999809265137,8.199999809265137,1585
2006-07-12,8.0,8.399999618530273,8.0,8.399999618530273,8.399999618530273,1375
2006-07-13,8.199999809265137,8.399999618530273,7.199999809265137,8.199999809265137,8.199999809265137,3395
2006-07-14,7.800000190734863,8.199999809265137,7.800000190734863,7.800000190734863,7.800000190734863,550
2006-07-17,7.800000190734863,8.0,7.400000095367432,7.800000190734863,7.800000190734863,1740
2006-07-18,8.0,8.199999809265137,7.400000095367432,8.199999809265137,8.199999809265137,3675
2006-07-19,8.0,8.600000381469727,8.0,8.399999618530273,8.399999618530273,3070
2006-07-20,8.0,8.399999618530273,7.800000190734863,8.199999809265137,8.199999809265137,405
2006-07-21,7.199999809265137,8.399999618530273,7.199999809265137,8.399999618530273,8.399999618530273,1080
2006-07-24,7.400000095367432,8.399999618530273,7.400000095367432,8.399999618530273,8.399999618530273,555
2006-07-25,8.399999618530273,8.399999618530273,8.0,8.399999618530273,8.399999618530273,740
2006-07-26,8.399999618530273,8.600000381469727,8.0,8.600000381469727,8.600000381469727,1825
2006-07-27,8.399999618530273,8.399999618530273,7.400000095367432,8.199999809265137,8.199999809265137,1435
2006-07-28,8.199999809265137,8.800000190734863,7.400000095367432,8.399999618530273,8.399999618530273,1620
2006-07-31,8.0,8.600000381469727,8.0,8.600000381469727,8.600000381469727,305
2006-08-01,8.399999618530273,8.399999618530273,7.400000095367432,8.199999809265137,8.199999809265137,185
2006-08-02,8.199999809265137,8.600000381469727,8.199999809265137,8.600000381469727,8.600000381469727,110
2006-08-03,8.600000381469727,8.600000381469727,8.0,8.600000381469727,8.600000381469727,735
2006-08-04,7.400000095367432,8.600000381469727,7.400000095367432,8.199999809265137,8.199999809265137,1485
2006-08-07,8.399999618530273,8.800000190734863,8.199999809265137,8.600000381469727,8.600000381469727,2335
2006-08-08,8.399999618530273,8.600000381469727,7.599999904632568,8.199999809265137,8.199999809265137,2015
2006-08-09,7.800000190734863,7.800000190734863,6.199999809265137,7.0,7.0,3250
2006-08-10,7.599999904632568,8.0,7.199999809265137,7.400000095367432,7.400000095367432,820
2006-08-11,8.0,8.0,7.800000190734863,8.0,8.0,155
2006-08-14,7.400000095367432,7.400000095367432,5.599999904632568,7.0,7.0,1195
2006-08-15,7.199999809265137,14.399999618530273,7.199999809265137,9.0,9.0,20290
2006-08-16,10.0,11.600000381469727,8.399999618530273,9.600000381469727,9.600000381469727,4330
2006-08-17,9.600000381469727,9.600000381469727,8.399999618530273,9.199999809265137,9.199999809265137,545
2006-08-18,8.399999618530273,9.199999809265137,8.399999618530273,8.800000190734863,8.800000190734863,1030
2006-08-21,9.0,9.0,8.600000381469727,9.0,9.0,295
2006-08-22,8.600000381469727,9.199999809265137,7.400000095367432,8.199999809265137,8.199999809265137,650
2006-08-23,8.199999809265137,9.399999618530273,7.800000190734863,9.399999618530273,9.399999618530273,5130
2006-08-24,8.399999618530273,9.600000381469727,8.399999618530273,9.0,9.0,2090
2006-08-25,9.0,9.800000190734863,8.399999618530273,9.0,9.0,310
2006-08-28,9.0,9.0,8.199999809265137,8.399999618530273,8.399999618530273,1695
2006-08-29,8.199999809265137,9.0,8.0,9.0,9.0,945
2006-08-30,8.600000381469727,9.0,8.0,9.0,9.0,3055
2006-08-31,8.399999618530273,8.800000190734863,8.399999618530273,8.800000190734863,8.800000190734863,20
2006-09-01,8.0,8.199999809265137,8.0,8.199999809265137,8.199999809265137,475
2006-09-05,8.0,8.199999809265137,8.0,8.199999809265137,8.199999809265137,25
2006-09-06,8.0,8.0,7.800000190734863,8.0,8.0,280
2006-09-07,8.0,8.0,7.599999904632568,7.800000190734863,7.800000190734863,90
2006-09-08,7.599999904632568,7.599999904632568,6.199999809265137,7.400000095367432,7.400000095367432,660
2006-09-11,7.400000095367432,7.400000095367432,6.599999904632568,6.800000190734863,6.800000190734863,240
2006-09-12,6.599999904632568,6.599999904632568,6.199999809265137,6.199999809265137,6.199999809265137,2660
2006-09-13,6.400000095367432,6.800000190734863,6.400000095367432,6.400000095367432,6.400000095367432,1050
2006-09-14,6.400000095367432,6.800000190734863,6.199999809265137,6.800000190734863,6.800000190734863,770
2006-09-15,6.800000190734863,7.0,6.400000095367432,7.0,7.0,220
2006-09-18,7.0,7.599999904632568,6.599999904632568,7.400000095367432,7.400000095367432,2390
2006-09-19,6.599999904632568,7.0,6.599999904632568,6.800000190734863,6.800000190734863,265
2006-09-20,7.199999809265137,7.599999904632568,7.199999809265137,7.599999904632568,7.599999904632568,665
2006-09-21,7.599999904632568,7.599999904632568,7.199999809265137,7.199999809265137,7.199999809265137,355
2006-09-22,6.599999904632568,7.199999809265137,6.599999904632568,7.199999809265137,7.199999809265137,450
2006-09-25,6.800000190734863,7.599999904632568,6.599999904632568,7.599999904632568,7.599999904632568,115
2006-09-26,6.599999904632568,7.400000095367432,6.599999904632568,7.199999809265137,7.199999809265137,700
2006-09-27,6.800000190734863,7.0,6.0,6.599999904632568,6.599999904632568,1115
2006-09-28,6.800000190734863,6.800000190734863,6.599999904632568,6.599999904632568,6.599999904632568,385
2006-09-29,6.599999904632568,6.599999904632568,6.599999904632568,6.599999904632568,6.599999904632568,5
2006-10-02,6.199999809265137,6.800000190734863,6.0,6.400000095367432,6.400000095367432,395
2006-10-03,6.599999904632568,6.599999904632568,6.400000095367432,6.400000095367432,6.400000095367432,200
2006-10-04,6.599999904632568,7.400000095367432,6.0,7.400000095367432,7.400000095367432,435
2006-10-05,7.400000095367432,7.400000095367432,7.0,7.199999809265137,7.199999809265137,435
2006-10-06,7.199999809265137,7.199999809265137,7.199999809265137,7.199999809265137,7.199999809265137,0
2006-10-09,7.199999809265137,7.199999809265137,7.199999809265137,7.199999809265137,7.199999809265137,0
2006-10-10,6.599999904632568,7.199999809265137,6.199999809265137,7.0,7.0,685
2006-10-11,6.0,6.0,4.599999904632568,5.400000095367432,5.400000095367432,7405
2006-10-12,5.0,6.0,5.0,5.400000095367432,5.400000095367432,1920
2006-10-13,5.199999809265137,5.400000095367432,5.199999809265137,5.400000095367432,5.400000095367432,6195
2006-10-16,5.400000095367432,5.400000095367432,5.0,5.0,5.0,1970
2006-10-17,5.0,6.0,5.0,6.0,6.0,735
2006-10-18,5.199999809265137,6.0,5.199999809265137,6.0,6.0,1040
2006-10-19,5.400000095367432,6.599999904632568,5.400000095367432,6.599999904632568,6.599999904632568,555
2006-10-20,5.400000095367432,6.599999904632568,4.400000095367432,5.0,5.0,6750
2006-10-23,5.0,5.0,5.0,5.0,5.0,145
2006-10-24,5.0,5.0,5.0,5.0,5.0,0
2006-10-25,4.800000190734863,5.0,4.800000190734863,5.0,5.0,510
2006-10-26,5.0,5.0,5.0,5.0,5.0,110
2006-10-27,5.800000190734863,7.0,5.800000190734863,6.800000190734863,6.800000190734863,6595
2006-10-30,6.400000095367432,6.400000095367432,5.400000095367432,6.400000095367432,6.400000095367432,1970
2006-10-31,5.599999904632568,5.599999904632568,5.599999904632568,5.599999904632568,5.599999904632568,180
2006-11-01,6.0,6.199999809265137,5.800000190734863,6.0,6.0,1510
2006-11-02,6.0,6.0,6.0,6.0,6.0,165
2006-11-03,6.0,6.599999904632568,6.0,6.599999904632568,6.599999904632568,1355
2006-11-06,6.0,6.199999809265137,5.599999904632568,5.599999904632568,5.599999904632568,1270
2006-11-07,5.599999904632568,5.599999904632568,5.599999904632568,5.599999904632568,5.599999904632568,15
2006-11-08,5.599999904632568,5.599999904632568,5.599999904632568,5.599999904632568,5.599999904632568,0
2006-11-09,6.0,6.0,6.0,6.0,6.0,50
2006-11-10,6.199999809265137,6.400000095367432,6.199999809265137,6.400000095367432,6.400000095367432,735
2006-11-13,6.0,6.599999904632568,6.0,6.599999904632568,6.599999904632568,810
2006-11-14,6.599999904632568,7.0,6.599999904632568,7.0,7.0,2405
2006-11-15,7.0,7.0,6.199999809265137,6.199999809265137,6.199999809265137,1630
2006-11-16,6.599999904632568,7.199999809265137,6.599999904632568,7.0,7.0,1600
2006-11-17,7.800000190734863,9.399999618530273,7.0,9.199999809265137,9.199999809265137,4270
2006-11-20,8.600000381469727,10.199999809265137,7.599999904632568,9.199999809265137,9.199999809265137,3790
2006-11-21,9.0,10.0,9.0,10.0,10.0,470
2006-11-22,10.0,10.600000381469727,9.0,9.0,9.0,395
2006-11-24,9.0,9.0,9.0,9.0,9.0,265
2006-11-27,8.399999618530273,9.199999809265137,8.199999809265137,8.199999809265137,8.199999809265137,1590
2006-11-28,8.0,8.600000381469727,8.0,8.0,8.0,900
2006-11-29,8.0,8.0,8.0,8.0,8.0,350
2006-11-30,8.0,9.0,8.0,8.0,8.0,700
2006-12-01,8.0,8.0,7.599999904632568,7.599999904632568,7.599999904632568,360
2006-12-04,7.599999904632568,8.0,7.199999809265137,8.0,8.0,875
2006-12-05,7.199999809265137,8.0,6.800000190734863,7.800000190734863,7.800000190734863,3175
2006-12-06,6.800000190734863,8.199999809265137,6.800000190734863,8.199999809265137,8.199999809265137,2040
2006-12-07,8.199999809265137,8.199999809265137,8.199999809265137,8.199999809265137,8.199999809265137,865
2006-12-08,8.199999809265137,8.600000381469727,8.199999809265137,8.199999809265137,8.199999809265137,640
2006-12-11,8.199999809265137,8.600000381469727,7.199999809265137,7.199999809265137,7.199999809265137,945
2006-12-12,7.199999809265137,7.800000190734863,6.800000190734863,7.0,7.0,3565
2006-12-13,7.400000095367432,7.400000095367432,7.400000095367432,7.400000095367432,7.400000095367432,3120
2006-12-14,6.800000190734863,7.400000095367432,6.800000190734863,6.800000190734863,6.800000190734863,885
2006-12-15,6.800000190734863,7.0,6.800000190734863,7.0,7.0,5770
2006-12-18,6.800000190734863,7.400000095367432,6.599999904632568,6.599999904632568,6.599999904632568,4850
2006-12-19,6.599999904632568,6.800000190734863,6.0,6.800000190734863,6.800000190734863,6880
2006-12-20,6.0,6.400000095367432,5.800000190734863,6.400000095367432,6.400000095367432,5700
2006-12-21,6.599999904632568,7.199999809265137,6.199999809265137,6.599999904632568,6.599999904632568,3745
2006-12-22,6.599999904632568,6.800000190734863,6.199999809265137,6.599999904632568,6.599999904632568,4290
2006-12-26,6.400000095367432,6.800000190734863,6.400000095367432,6.800000190734863,6.800000190734863,835
2006-12-27,7.0,7.599999904632568,6.599999904632568,6.599999904632568,6.599999904632568,3625
2006-12-28,6.599999904632568,7.599999904632568,6.599999904632568,7.599999904632568,7.599999904632568,3350
2006-12-29,7.800000190734863,9.800000190734863,7.199999809265137,9.199999809265137,9.199999809265137,5835
2007-01-03,9.800000190734863,11.0,9.800000190734863,10.600000381469727,10.600000381469727,6015
2007-01-04,10.600000381469727,12.600000381469727,10.0,12.0,12.0,9190
2007-01-05,12.0,12.800000190734863,11.800000190734863,11.800000190734863,11.800000190734863,2750
2007-01-08,12.0,14.0,11.800000190734863,12.399999618530273,12.399999618530273,10830
2007-01-09,11.600000381469727,13.0,11.600000381469727,13.0,13.0,340
2007-01-10,12.399999618530273,12.399999618530273,12.0,12.399999618530273,12.399999618530273,1140
2007-01-11,12.199999809265137,13.0,12.199999809265137,13.0,13.0,365
2007-01-12,13.0,13.0,11.0,12.399999618530273,12.399999618530273,1655
2007-01-16,12.800000190734863,12.800000190734863,12.800000190734863,12.800000190734863,12.800000190734863,400
2007-01-17,12.800000190734863,12.800000190734863,12.600000381469727,12.800000190734863,12.800000190734863,875
2007-01-18,12.399999618530273,12.399999618530273,11.199999809265137,11.199999809265137,11.199999809265137,1225
2007-01-19,11.600000381469727,12.0,11.199999809265137,12.0,12.0,550
2007-01-22,11.0,12.0,11.0,11.399999618530273,11.399999618530273,240
2007-01-23,12.199999809265137,13.199999809265137,12.0,13.0,13.0,2660
2007-01-24,13.399999618530273,13.800000190734863,12.600000381469727,12.600000381469727,12.600000381469727,415
2007-01-25,13.0,13.600000381469727,12.199999809265137,12.399999618530273,12.399999618530273,395
2007-01-26,12.399999618530273,12.399999618530273,12.399999618530273,12.399999618530273,12.399999618530273,250
2007-01-29,12.399999618530273,15.0,12.399999618530273,15.0,15.0,2540
2007-01-30,13.399999618530273,15.0,13.399999618530273,13.399999618530273,13.399999618530273,1505
2007-01-31,13.0,13.0,12.0,12.0,12.0,1175
2007-02-01,11.0,13.399999618530273,10.199999809265137,11.199999809265137,11.199999809265137,1715
2007-02-02,11.600000381469727,12.0,11.600000381469727,11.600000381469727,11.600000381469727,785
2007-02-05,11.800000190734863,11.800000190734863,11.800000190734863,11.800000190734863,11.800000190734863,200
2007-02-06,11.600000381469727,13.0,11.600000381469727,13.0,13.0,1375
2007-02-07,12.0,13.0,12.0,12.600000381469727,12.600000381469727,300
2007-02-08,12.399999618530273,13.0,11.600000381469727,11.600000381469727,11.600000381469727,535
2007-02-09,12.399999618530273,12.399999618530273,11.600000381469727,12.399999618530273,12.399999618530273,785
2007-02-12,12.800000190734863,12.800000190734863,10.800000190734863,11.600000381469727,11.600000381469727,3730
2007-02-13,10.800000190734863,10.800000190734863,10.800000190734863,10.800000190734863,10.800000190734863,345
2007-02-14,12.199999809265137,12.199999809265137,10.800000190734863,10.800000190734863,10.800000190734863,615
2007-02-15,10.600000381469727,10.600000381469727,10.399999618530273,10.399999618530273,10.399999618530273,495
2007-02-16,10.399999618530273,10.600000381469727,10.0,10.0,10.0,1390
2007-02-20,10.0,10.0,9.399999618530273,9.399999618530273,9.399999618530273,1725
2007-02-21,10.800000190734863,10.800000190734863,10.800000190734863,10.800000190734863,10.800000190734863,425
2007-02-22,10.800000190734863,10.800000190734863,10.399999618530273,10.399999618530273,10.399999618530273,535
2007-02-23,9.600000381469727,10.399999618530273,9.600000381469727,10.399999618530273,10.399999618530273,60
2007-02-26,10.399999618530273,10.399999618530273,9.399999618530273,10.0,10.0,2190
2007-02-27,10.0,10.0,9.399999618530273,9.399999618530273,9.399999618530273,3225
2007-02-28,10.0,10.0,9.0,9.0,9.0,3265
2007-03-01,8.600000381469727,9.0,8.600000381469727,9.0,9.0,655
2007-03-02,8.600000381469727,9.800000190734863,8.600000381469727,9.800000190734863,9.800000190734863,365
2007-03-05,8.800000190734863,9.800000190734863,8.800000190734863,9.800000190734863,9.800000190734863,320
2007-03-06,8.600000381469727,9.0,8.600000381469727,8.600000381469727,8.600000381469727,470
2007-03-07,8.800000190734863,9.800000190734863,8.600000381469727,9.399999618530273,9.399999618530273,1185
2007-03-08,8.600000381469727,13.0,8.600000381469727,10.399999618530273,10.399999618530273,11105
2007-03-09,10.399999618530273,10.399999618530273,10.399999618530273,10.399999618530273,10.399999618530273,85
2007-03-12,10.399999618530273,10.399999618530273,10.199999809265137,10.199999809265137,10.199999809265137,900
2007-03-13,9.399999618530273,9.600000381469727,9.399999618530273,9.600000381469727,9.600000381469727,260
2007-03-14,9.600000381469727,9.600000381469727,9.600000381469727,9.600000381469727,9.600000381469727,0
2007-03-15,9.600000381469727,9.600000381469727,9.600000381469727,9.600000381469727,9.600000381469727,0
2007-03-16,9.199999809265137,11.0,9.199999809265137,10.800000190734863,10.800000190734863,4980
2007-03-19,11.0,11.0,9.399999618530273,9.399999618530273,9.399999618530273,1795
2007-03-20,9.399999618530273,9.399999618530273,9.399999618530273,9.399999618530273,9.399999618530273,25
2007-03-21,9.399999618530273,9.399999618530273,9.399999618530273,9.399999618530273,9.399999618530273,65
2007-03-22,9.600000381469727,9.600000381469727,9.600000381469727,9.600000381469727,9.600000381469727,125
2007-03-23,9.399999618530273,10.0,9.399999618530273,10.0,10.0,665
2007-03-26,11.0,11.0,10.399999618530273,11.0,11.0,1850
2007-03-27,11.0,11.0,10.399999618530273,10.399999618530273,10.399999618530273,500
2007-03-28,10.399999618530273,10.399999618530273,10.399999618530273,10.399999618530273,10.399999618530273,0
2007-03-29,9.399999618530273,10.0,9.399999618530273,10.0,10.0,290
2007-03-30,11.0,11.0,10.399999618530273,10.399999618530273,10.399999618530273,950
2007-04-02,10.0,10.0,9.399999618530273,9.600000381469727,9.600000381469727,1010
2007-04-03,9.600000381469727,10.199999809265137,9.600000381469727,9.600000381469727,9.600000381469727,1305
2007-04-04,9.399999618530273,10.0,9.399999618530273,10.0,10.0,325
2007-04-05,9.399999618530273,10.199999809265137,9.399999618530273,10.199999809265137,10.199999809265137,1275
2007-04-09,10.199999809265137,10.199999809265137,10.0,10.0,10.0,625
2007-04-10,9.399999618530273,9.399999618530273,9.399999618530273,9.399999618530273,9.399999618530273,25
2007-04-11,10.199999809265137,10.199999809265137,10.0,10.0,10.0,120
2007-04-12,9.199999809265137,9.399999618530273,9.199999809265137,9.399999618530273,9.399999618530273,465
2007-04-13,9.199999809265137,9.600000381469727,9.199999809265137,9.600000381469727,9.600000381469727,275
2007-04-16,9.199999809265137,9.399999618530273,9.199999809265137,9.399999618530273,9.399999618530273,575
2007-04-17,9.399999618530273,9.399999618530273,9.199999809265137,9.199999809265137,9.199999809265137,3075
2007-04-18,9.0,9.399999618530273,9.0,9.399999618530273,9.399999618530273,415
2007-04-19,9.199999809265137,9.800000190734863,9.199999809265137,9.199999809265137,9.199999809265137,160
2007-04-20,9.199999809265137,9.199999809265137,9.199999809265137,9.199999809265137,9.199999809265137,20
2007-04-23,9.199999809265137,9.800000190734863,8.800000190734863,9.800000190734863,9.800000190734863,1750
2007-04-24,9.800000190734863,9.800000190734863,9.800000190734863,9.800000190734863,9.800000190734863,500
2007-04-25,8.600000381469727,8.600000381469727,8.600000381469727,8.600000381469727,8.600000381469727,40
2007-04-26,10.800000190734863,10.800000190734863,8.800000190734863,8.800000190734863,8.800000190734863,50
2007-04-27,8.800000190734863,8.800000190734863,8.800000190734863,8.800000190734863,8.800000190734863,0
2007-04-30,10.800000190734863,10.800000190734863,10.199999809265137,10.199999809265137,10.199999809265137,375
2007-05-01,10.0,10.0,9.199999809265137,9.600000381469727,9.600000381469727,510
2007-05-02,8.600000381469727,8.600000381469727,8.600000381469727,8.600000381469727,8.600000381469727,40
2007-05-03,8.600000381469727,9.800000190734863,8.600000381469727,9.800000190734863,9.800000190734863,255
2007-05-04,10.0,10.0,8.800000190734863,8.800000190734863,8.800000190734863,625
2007-05-07,9.600000381469727,9.600000381469727,8.600000381469727,8.600000381469727,8.600000381469727,15
2007-05-08,8.800000190734863,8.800000190734863,8.600000381469727,8.800000190734863,8.800000190734863,75
2007-05-09,8.600000381469727,9.800000190734863,8.600000381469727,9.800000190734863,9.800000190734863,1150
2007-05-10,8.600000381469727,9.0,8.600000381469727,8.600000381469727,8.600000381469727,410
2007-05-11,8.600000381469727,8.600000381469727,8.399999618530273,8.600000381469727,8.600000381469727,1500
2007-05-14,8.600000381469727,8.600000381469727,8.600000381469727,8.600000381469727,8.600000381469727,10
2007-05-15,9.0,9.0,7.800000190734863,7.800000190734863,7.800000190734863,65
2007-05-16,9.0,9.0,7.800000190734863,8.0,8.0,135
2007-05-17,7.800000190734863,9.0,7.800000190734863,9.0,9.0,1450
2007-05-18,8.0,8.0,8.0,8.0,8.0,235
2007-05-21,9.0,9.0,8.199999809265137,9.0,9.0,200
2007-05-22,8.0,8.0,8.0,8.0,8.0,175
2007-05-23,8.0,8.199999809265137,8.0,8.199999809265137,8.199999809265137,875
2007-05-24,8.199999809265137,8.199999809265137,8.199999809265137,8.199999809265137,8.199999809265137,0
2007-05-25,8.0,8.0,8.0,8.0,8.0,100
2007-05-29,8.0,8.0,8.0,8.0,8.0,0
2007-05-30,8.0,8.0,8.0,8.0,8.0,40
2007-05-31,8.0,8.199999809265137,8.0,8.199999809265137,8.199999809265137,200
2007-06-01,8.800000190734863,8.800000190734863,8.800000190734863,8.800000190734863,8.800000190734863,30
2007-06-04,8.800000190734863,8.800000190734863,8.0,8.0,8.0,110
2007-06-05,8.0,8.0,8.0,8.0,8.0,20
2007-06-06,8.0,8.199999809265137,8.0,8.199999809265137,8.199999809265137,4815
2007-06-07,8.0,8.0,8.0,8.0,8.0,2865
2007-06-08,8.0,8.0,7.800000190734863,7.800000190734863,7.800000190734863,2105
2007-06-11,8.0,8.0,8.0,8.0,8.0,525
2007-06-12,8.0,8.0,8.0,8.0,8.0,460
2007-06-13,8.0,8.0,8.0,8.0,8.0,275
2007-06-14,8.0,8.0,8.0,8.0,8.0,0
2007-06-15,8.0,8.800000190734863,8.0,8.800000190734863,8.800000190734863,165
2007-06-18,8.0,8.0,8.0,8.0,8.0,165
2007-06-19,8.0,8.800000190734863,8.0,8.0,8.0,500
2007-06-20,8.0,8.0,8.0,8.0,8.0,575
2007-06-21,8.0,8.0,8.0,8.0,8.0,0
2007-06-22,8.0,8.0,8.0,8.0,8.0,10
2007-06-25,8.800000190734863,8.800000190734863,8.399999618530273,8.399999618530273,8.399999618530273,50
2007-06-26,8.399999618530273,8.399999618530273,8.399999618530273,8.399999618530273,8.399999618530273,0
2007-06-27,8.399999618530273,8.399999618530273,8.399999618530273,8.399999618530273,8.399999618530273,0
2007-06-28,7.800000190734863,8.800000190734863,7.599999904632568,8.0,8.0,210
2007-06-29,8.0,8.0,7.400000095367432,7.400000095367432,7.400000095367432,650
2007-07-02,7.400000095367432,7.400000095367432,7.400000095367432,7.400000095367432,7.400000095367432,20
2007-07-03,8.0,8.0,8.0,8.0,8.0,55
2007-07-05,8.0,8.0,8.0,8.0,8.0,10
2007-07-06,8.0,8.0,8.0,8.0,8.0,5
2007-07-09,8.0,8.0,8.0,8.0,8.0,0
2007-07-10,7.800000190734863,9.0,7.800000190734863,8.399999618530273,8.399999618530273,340
2007-07-11,8.800000190734863,8.800000190734863,8.199999809265137,8.399999618530273,8.399999618530273,630
2007-07-12,8.399999618530273,8.600000381469727,8.399999618530273,8.600000381469727,8.600000381469727,270
2007-07-13,8.600000381469727,8.600000381469727,8.600000381469727,8.600000381469727,8.600000381469727,0
2007-07-16,8.600000381469727,8.800000190734863,8.399999618530273,8.600000381469727,8.600000381469727,3175
2007-07-17,8.399999618530273,8.399999618530273,8.399999618530273,8.399999618530273,8.399999618530273,210
2007-07-18,8.399999618530273,8.399999618530273,8.399999618530273,8.399999618530273,8.399999618530273,75
2007-07-19,8.600000381469727,8.600000381469727,8.399999618530273,8.399999618530273,8.399999618530273,190
2007-07-20,8.399999618530273,8.399999618530273,8.399999618530273,8.399999618530273,8.399999618530273,270
2007-07-23,8.399999618530273,8.399999618530273,8.399999618530273,8.399999618530273,8.399999618530273,115
2007-07-24,8.399999618530273,8.399999618530273,8.399999618530273,8.399999618530273,8.399999618530273,160
2007-07-25,8.399999618530273,8.399999618530273,8.399999618530273,8.399999618530273,8.399999618530273,495
2007-07-26,8.399999618530273,8.399999618530273,8.399999618530273,8.399999618530273,8.399999618530273,500
2007-07-27,8.399999618530273,8.399999618530273,8.399999618530273,8.399999618530273,8.399999618530273,300
2007-07-30,8.399999618530273,8.600000381469727,8.399999618530273,8.399999618530273,8.399999618530273,800
2007-07-31,8.399999618530273,8.399999618530273,8.399999618530273,8.399999618530273,8.399999618530273,100
2007-08-01,8.399999618530273,8.600000381469727,8.399999618530273,8.600000381469727,8.600000381469727,300
2007-08-02,8.399999618530273,8.600000381469727,8.399999618530273,8.600000381469727,8.600000381469727,370
2007-08-03,8.399999618530273,8.399999618530273,8.399999618530273,8.399999618530273,8.399999618530273,165
2007-08-06,8.399999618530273,8.399999618530273,7.800000190734863,7.800000190734863,7.800000190734863,2060
2007-08-07,7.800000190734863,7.800000190734863,7.800000190734863,7.800000190734863,7.800000190734863,50
2007-08-08,7.599999904632568,7.800000190734863,7.599999904632568,7.800000190734863,7.800000190734863,1195
2007-08-09,8.199999809265137,8.199999809265137,8.199999809265137,8.199999809265137,8.199999809265137,50
2007-08-10,8.199999809265137,8.199999809265137,8.0,8.0,8.0,290
2007-08-13,8.0,8.0,8.0,8.0,8.0,40
2007-08-14,8.0,8.0,8.0,8.0,8.0,160
2007-08-15,7.599999904632568,7.599999904632568,7.599999904632568,7.599999904632568,7.599999904632568,25
2007-08-16,7.599999904632568,7.599999904632568,7.599999904632568,7.599999904632568,7.599999904632568,0
2007-08-17,7.599999904632568,7.599999904632568,7.599999904632568,7.599999904632568,7.599999904632568,150
2007-08-20,7.599999904632568,7.599999904632568,7.599999904632568,7.599999904632568,7.599999904632568,220
2007-08-21,8.0,8.0,8.0,8.0,8.0,40
2007-08-22,8.0,8.0,8.0,8.0,8.0,0
2007-08-23,7.599999904632568,7.599999904632568,7.599999904632568,7.599999904632568,7.599999904632568,115
2007-08-24,7.599999904632568,7.599999904632568,7.599999904632568,7.599999904632568,7.599999904632568,0
2007-08-27,7.599999904632568,7.599999904632568,7.599999904632568,7.599999904632568,7.599999904632568,20
2007-08-28,7.400000095367432,7.599999904632568,7.400000095367432,7.599999904632568,7.599999904632568,560
2007-08-29,7.400000095367432,7.800000190734863,7.400000095367432,7.400000095367432,7.400000095367432,140
2007-08-30,7.599999904632568,7.800000190734863,7.599999904632568,7.800000190734863,7.800000190734863,535
2007-08-31,7.599999904632568,7.599999904632568,7.599999904632568,7.599999904632568,7.599999904632568,155
2007-09-04,7.599999904632568,7.599999904632568,7.599999904632568,7.599999904632568,7.599999904632568,1635
2007-09-05,7.599999904632568,7.599999904632568,7.599999904632568,7.599999904632568,7.599999904632568,250
2007-09-06,7.400000095367432,8.0,7.400000095367432,8.0,8.0,335
2007-09-07,7.599999904632568,7.599999904632568,7.599999904632568,7.599999904632568,7.599999904632568,110
2007-09-10,8.0,8.0,7.599999904632568,7.599999904632568,7.599999904632568,60
2007-09-11,7.599999904632568,7.599999904632568,7.599999904632568,7.599999904632568,7.599999904632568,25
2007-09-12,7.599999904632568,7.599999904632568,7.599999904632568,7.599999904632568,7.599999904632568,470
2007-09-13,7.599999904632568,7.599999904632568,7.599999904632568,7.599999904632568,7.599999904632568,0
2007-09-14,7.599999904632568,7.599999904632568,7.599999904632568,7.599999904632568,7.599999904632568,50
2007-09-17,7.599999904632568,7.599999904632568,7.599999904632568,7.599999904632568,7.599999904632568,425
2007-09-18,7.599999904632568,7.599999904632568,7.599999904632568,7.599999904632568,7.599999904632568,265
2007-09-19,7.599999904632568,7.599999904632568,7.599999904632568,7.599999904632568,7.599999904632568,320
2007-09-20,7.599999904632568,7.599999904632568,7.599999904632568,7.599999904632568,7.599999904632568,80
2007-09-21,7.599999904632568,7.599999904632568,7.599999904632568,7.599999904632568,7.599999904632568,40
2007-09-24,7.599999904632568,7.599999904632568,7.199999809265137,7.400000095367432,7.400000095367432,3390
2007-09-25,7.400000095367432,7.400000095367432,7.0,7.0,7.0,4050
2007-09-26,7.0,7.400000095367432,7.0,7.0,7.0,3395
2007-09-27,6.800000190734863,7.199999809265137,6.0,7.199999809265137,7.199999809265137,2275
2007-09-28,6.400000095367432,7.400000095367432,6.400000095367432,7.400000095367432,7.400000095367432,270
2007-10-01,6.599999904632568,6.599999904632568,6.599999904632568,6.599999904632568,6.599999904632568,350
2007-10-02,6.800000190734863,6.800000190734863,6.800000190734863,6.800000190734863,6.800000190734863,105
2007-10-03,7.400000095367432,7.400000095367432,6.800000190734863,6.800000190734863,6.800000190734863,235
2007-10-04,6.800000190734863,6.800000190734863,6.800000190734863,6.800000190734863,6.800000190734863,0
2007-10-05,7.400000095367432,7.400000095367432,7.400000095367432,7.400000095367432,7.400000095367432,25
2007-10-08,7.400000095367432,7.400000095367432,7.400000095367432,7.400000095367432,7.400000095367432,1065
2007-10-09,7.400000095367432,7.400000095367432,7.400000095367432,7.400000095367432,7.400000095367432,0
2007-10-10,8.0,8.199999809265137,7.599999904632568,8.199999809265137,8.199999809265137,1210
2007-10-11,8.199999809265137,8.399999618530273,8.199999809265137,8.399999618530273,8.399999618530273,1165
2007-10-12,8.399999618530273,8.399999618530273,8.399999618530273,8.399999618530273,8.399999618530273,500
2007-10-15,8.399999618530273,8.399999618530273,8.399999618530273,8.399999618530273,8.399999618530273,0
2007-10-16,7.599999904632568,7.800000190734863,7.400000095367432,7.400000095367432,7.400000095367432,3065
2007-10-17,7.599999904632568,7.599999904632568,7.599999904632568,7.599999904632568,7.599999904632568,30
2007-10-18,7.599999904632568,7.599999904632568,7.599999904632568,7.599999904632568,7.599999904632568,250
2007-10-19,7.599999904632568,7.599999904632568,7.599999904632568,7.599999904632568,7.599999904632568,0
2007-10-22,7.400000095367432,7.599999904632568,7.400000095367432,7.599999904632568,7.599999904632568,35
2007-10-23,7.400000095367432,8.0,7.400000095367432,8.0,8.0,100
2007-10-24,8.0,8.0,8.0,8.0,8.0,0
2007-10-25,8.0,8.0,8.0,8.0,8.0,0
2007-10-26,7.199999809265137,7.199999809265137,7.199999809265137,7.199999809265137,7.199999809265137,10
2007-10-29,7.199999809265137,7.199999809265137,7.199999809265137,7.199999809265137,7.199999809265137,0
2007-10-30,7.0,7.199999809265137,7.0,7.0,7.0,3235
2007-10-31,6.599999904632568,6.599999904632568,6.599999904632568,6.599999904632568,6.599999904632568,35
2007-11-01,6.800000190734863,6.800000190734863,6.400000095367432,6.400000095367432,6.400000095367432,20
2007-11-02,6.800000190734863,6.800000190734863,6.599999904632568,6.599999904632568,6.599999904632568,3445
2007-11-05,6.0,6.599999904632568,6.0,6.599999904632568,6.599999904632568,1035
2007-11-06,6.199999809265137,6.199999809265137,6.199999809265137,6.199999809265137,6.199999809265137,130
2007-11-07,6.400000095367432,7.0,6.199999809265137,7.0,7.0,1500
2007-11-08,7.0,7.0,7.0,7.0,7.0,0
2007-11-09,7.0,7.0,7.0,7.0,7.0,0
2007-11-12,6.400000095367432,7.0,6.400000095367432,6.599999904632568,6.599999904632568,1345
2007-11-13,6.199999809265137,6.199999809265137,6.199999809265137,6.199999809265137,6.199999809265137,25
2007-11-14,6.400000095367432,6.400000095367432,6.400000095367432,6.400000095367432,6.400000095367432,150
2007-11-15,6.199999809265137,6.199999809265137,6.199999809265137,6.199999809265137,6.199999809265137,60
2007-11-16,6.800000190734863,6.800000190734863,6.400000095367432,6.400000095367432,6.400000095367432,695
2007-11-19,6.599999904632568,7.0,6.599999904632568,7.0,7.0,310
2007-11-20,6.400000095367432,6.599999904632568,6.400000095367432,6.400000095367432,6.400000095367432,3000
2007-11-21,6.199999809265137,6.199999809265137,6.199999809265137,6.199999809265137,6.199999809265137,45
2007-11-23,6.199999809265137,6.199999809265137,6.0,6.199999809265137,6.199999809265137,75
2007-11-26,6.0,6.599999904632568,6.0,6.0,6.0,6110
2007-11-27,5.800000190734863,5.800000190734863,5.800000190734863,5.800000190734863,5.800000190734863,535
2007-11-28,5.599999904632568,5.599999904632568,5.599999904632568,5.599999904632568,5.599999904632568,1355
2007-11-29,5.599999904632568,6.0,5.599999904632568,6.0,6.0,1290
2007-11-30,6.0,6.0,6.0,6.0,6.0,200
2007-12-03,5.599999904632568,5.599999904632568,5.400000095367432,5.400000095367432,5.400000095367432,1125
2007-12-04,5.400000095367432,5.800000190734863,5.400000095367432,5.800000190734863,5.800000190734863,1020
2007-12-05,5.400000095367432,5.800000190734863,5.400000095367432,5.800000190734863,5.800000190734863,1420
2007-12-06,5.400000095367432,5.800000190734863,5.0,5.800000190734863,5.800000190734863,315
2007-12-07,5.199999809265137,5.599999904632568,5.199999809265137,5.599999904632568,5.599999904632568,70
2007-12-10,5.199999809265137,5.599999904632568,5.199999809265137,5.599999904632568,5.599999904632568,15
2007-12-11,5.199999809265137,5.599999904632568,5.199999809265137,5.599999904632568,5.599999904632568,320
2007-12-12,5.199999809265137,5.599999904632568,5.199999809265137,5.599999904632568,5.599999904632568,325
2007-12-13,5.0,5.199999809265137,4.199999809265137,5.199999809265137,5.199999809265137,2340
2007-12-14,4.400000095367432,5.400000095367432,4.400000095367432,5.0,5.0,315
2007-12-17,4.0,4.800000190734863,4.0,4.800000190734863,4.800000190734863,2725
2007-12-18,4.400000095367432,4.800000190734863,4.400000095367432,4.800000190734863,4.800000190734863,30
2007-12-19,4.0,4.800000190734863,4.0,4.800000190734863,4.800000190734863,760
2007-12-20,4.400000095367432,4.400000095367432,3.799999952316284,4.400000095367432,4.400000095367432,1680
2007-12-21,4.0,4.400000095367432,3.799999952316284,4.400000095367432,4.400000095367432,1855
2007-12-24,3.799999952316284,4.400000095367432,3.799999952316284,4.400000095367432,4.400000095367432,55
2007-12-26,3.5999999046325684,4.400000095367432,3.0,4.0,4.0,3420
2007-12-27,3.4000000953674316,4.0,3.4000000953674316,4.0,4.0,875
2007-12-28,3.200000047683716,4.0,3.200000047683716,4.0,4.0,945
2007-12-31,3.200000047683716,3.5999999046325684,3.200000047683716,3.4000000953674316,3.4000000953674316,1135
2008-01-02,3.5999999046325684,4.0,3.200000047683716,3.200000047683716,3.200000047683716,2125
2008-01-03,3.4000000953674316,3.4000000953674316,3.4000000953674316,3.4000000953674316,3.4000000953674316,25
2008-01-04,3.4000000953674316,3.4000000953674316,3.4000000953674316,3.4000000953674316,3.4000000953674316,0
2008-01-07,4.400000095367432,4.400000095367432,4.400000095367432,4.400000095367432,4.400000095367432,10
2008-01-08,4.400000095367432,4.400000095367432,4.400000095367432,4.400000095367432,4.400000095367432,0
2008-01-09,4.400000095367432,4.400000095367432,4.400000095367432,4.400000095367432,4.400000095367432,0
2008-01-10,4.400000095367432,4.400000095367432,3.4000000953674316,3.4000000953674316,3.4000000953674316,100
2008-01-11,3.4000000953674316,4.400000095367432,3.4000000953674316,4.400000095367432,4.400000095367432,15
2008-01-14,3.4000000953674316,3.4000000953674316,3.4000000953674316,3.4000000953674316,3.4000000953674316,1545
2008-01-15,3.4000000953674316,3.4000000953674316,3.4000000953674316,3.4000000953674316,3.4000000953674316,0
2008-01-16,3.200000047683716,4.199999809265137,3.200000047683716,4.199999809265137,4.199999809265137,55
2008-01-17,4.199999809265137,4.199999809265137,4.199999809265137,4.199999809265137,4.199999809265137,0
2008-01-18,4.199999809265137,4.199999809265137,4.199999809265137,4.199999809265137,4.199999809265137,600
2008-01-22,4.199999809265137,4.400000095367432,4.199999809265137,4.400000095367432,4.400000095367432,1500
2008-01-23,3.200000047683716,4.400000095367432,3.200000047683716,4.400000095367432,4.400000095367432,155
2008-01-24,3.200000047683716,4.400000095367432,3.200000047683716,4.400000095367432,4.400000095367432,60
2008-01-25,3.200000047683716,4.400000095367432,3.200000047683716,4.400000095367432,4.400000095367432,30
2008-01-28,3.200000047683716,4.400000095367432,3.200000047683716,4.400000095367432,4.400000095367432,595
2008-01-29,3.200000047683716,4.400000095367432,3.200000047683716,4.400000095367432,4.400000095367432,60
2008-01-30,4.400000095367432,4.400000095367432,4.400000095367432,4.400000095367432,4.400000095367432,0
2008-01-31,4.400000095367432,4.400000095367432,4.400000095367432,4.400000095367432,4.400000095367432,0
2008-02-01,3.200000047683716,4.0,3.200000047683716,4.0,4.0,270
2008-02-04,3.200000047683716,4.0,3.200000047683716,4.0,4.0,15
2008-02-05,3.4000000953674316,4.0,3.4000000953674316,4.0,4.0,20
2008-02-06,3.799999952316284,4.0,2.5999999046325684,3.4000000953674316,3.4000000953674316,3865
2008-02-07,3.0,3.4000000953674316,3.0,3.4000000953674316,3.4000000953674316,140
2008-02-08,3.4000000953674316,3.4000000953674316,3.4000000953674316,3.4000000953674316,3.4000000953674316,0
2008-02-11,3.4000000953674316,3.4000000953674316,3.4000000953674316,3.4000000953674316,3.4000000953674316,0
2008-02-12,3.4000000953674316,3.4000000953674316,3.4000000953674316,3.4000000953674316,3.4000000953674316,0
2008-02-13,2.5999999046325684,3.4000000953674316,2.5999999046325684,3.4000000953674316,3.4000000953674316,85
2008-02-14,2.799999952316284,3.4000000953674316,2.799999952316284,3.4000000953674316,3.4000000953674316,40
2008-02-15,3.4000000953674316,3.4000000953674316,3.4000000953674316,3.4000000953674316,3.4000000953674316,0
2008-02-19,3.0,3.0,3.0,3.0,3.0,2280
2008-02-20,3.0,3.799999952316284,3.0,3.799999952316284,3.799999952316284,1310
2008-02-21,2.799999952316284,4.199999809265137,2.799999952316284,4.199999809265137,4.199999809265137,105
2008-02-22,2.799999952316284,4.0,2.799999952316284,4.0,4.0,195
2008-02-25,2.799999952316284,3.799999952316284,2.799999952316284,3.799999952316284,3.799999952316284,55
2008-02-26,2.799999952316284,3.799999952316284,2.799999952316284,3.799999952316284,3.799999952316284,130
2008-02-27,2.799999952316284,3.799999952316284,2.799999952316284,3.799999952316284,3.799999952316284,780
2008-02-28,2.799999952316284,2.799999952316284,2.799999952316284,2.799999952316284,2.799999952316284,25
2008-02-29,3.0,3.0,3.0,3.0,3.0,20
2008-03-03,2.799999952316284,3.799999952316284,2.799999952316284,3.799999952316284,3.799999952316284,15
2008-03-04,3.799999952316284,3.799999952316284,3.799999952316284,3.799999952316284,3.799999952316284,0
2008-03-05,2.799999952316284,3.799999952316284,2.799999952316284,3.799999952316284,3.799999952316284,70
2008-03-06,2.799999952316284,3.799999952316284,2.799999952316284,3.799999952316284,3.799999952316284,105
2008-03-07,3.799999952316284,3.799999952316284,2.799999952316284,2.799999952316284,2.799999952316284,125
2008-03-10,2.799999952316284,2.799999952316284,2.799999952316284,2.799999952316284,2.799999952316284,125
2008-03-11,2.799999952316284,2.799999952316284,2.799999952316284,2.799999952316284,2.799999952316284,5
2008-03-12,2.799999952316284,2.799999952316284,2.799999952316284,2.799999952316284,2.799999952316284,0
2008-03-13,2.799999952316284,2.799999952316284,2.799999952316284,2.799999952316284,2.799999952316284,0
2008-03-14,2.799999952316284,2.799999952316284,2.799999952316284,2.799999952316284,2.799999952316284,360
2008-03-17,2.799999952316284,2.799999952316284,2.799999952316284,2.799999952316284,2.799999952316284,800
2008-03-18,2.5999999046325684,2.5999999046325684,2.5999999046325684,2.5999999046325684,2.5999999046325684,535
2008-03-19,2.5999999046325684,2.5999999046325684,2.5999999046325684,2.5999999046325684,2.5999999046325684,0
2008-03-20,2.5999999046325684,2.5999999046325684,2.5999999046325684,2.5999999046325684,2.5999999046325684,5
2008-03-24,2.5999999046325684,2.5999999046325684,2.5999999046325684,2.5999999046325684,2.5999999046325684,0
2008-03-25,3.0,3.0,3.0,3.0,3.0,125
2008-03-26,3.0,3.0,3.0,3.0,3.0,720
2008-03-27,3.0,3.0,3.0,3.0,3.0,0
2008-03-28,3.0,3.0,3.0,3.0,3.0,0
2008-03-31,3.799999952316284,3.799999952316284,3.0,3.799999952316284,3.799999952316284,165
2008-04-01,3.799999952316284,3.799999952316284,3.799999952316284,3.799999952316284,3.799999952316284,0
2008-04-02,3.799999952316284,3.799999952316284,3.799999952316284,3.799999952316284,3.799999952316284,250
2008-04-03,3.799999952316284,3.799999952316284,3.799999952316284,3.799999952316284,3.799999952316284,0
2008-04-04,3.200000047683716,3.799999952316284,3.200000047683716,3.799999952316284,3.799999952316284,10
2008-04-07,4.0,4.0,4.0,4.0,4.0,25
2008-04-08,4.0,4.0,4.0,4.0,4.0,0
2008-04-09,4.0,4.0,4.0,4.0,4.0,0
2008-04-10,3.200000047683716,4.0,3.200000047683716,4.0,4.0,255
2008-04-11,4.0,4.0,4.0,4.0,4.0,0
2008-04-14,4.0,4.0,3.200000047683716,3.200000047683716,3.200000047683716,240
2008-04-15,3.200000047683716,3.200000047683716,3.200000047683716,3.200000047683716,3.200000047683716,0
2008-04-16,3.200000047683716,3.200000047683716,3.200000047683716,3.200000047683716,3.200000047683716,430
2008-04-17,3.200000047683716,3.200000047683716,3.200000047683716,3.200000047683716,3.200000047683716,0
2008-04-18,3.200000047683716,3.200000047683716,3.200000047683716,3.200000047683716,3.200000047683716,0
2008-04-21,3.0,3.4000000953674316,3.0,3.0,3.0,655
2008-04-22,3.0,3.0,3.0,3.0,3.0,0
2008-04-23,3.0,3.0,3.0,3.0,3.0,60
2008-04-24,3.0,3.0,3.0,3.0,3.0,0
2008-04-25,3.0,3.0,3.0,3.0,3.0,0
2008-04-28,3.0,3.0,3.0,3.0,3.0,115
2008-04-29,3.0,3.0,3.0,3.0,3.0,0
2008-04-30,3.0,3.0,3.0,3.0,3.0,0
2008-05-01,3.0,3.0,3.0,3.0,3.0,995
2008-05-02,3.0,3.0,3.0,3.0,3.0,0
2008-05-05,3.0,3.4000000953674316,2.799999952316284,3.4000000953674316,3.4000000953674316,770
2008-05-06,3.4000000953674316,3.4000000953674316,3.4000000953674316,3.4000000953674316,3.4000000953674316,0
2008-05-07,3.4000000953674316,3.4000000953674316,3.4000000953674316,3.4000000953674316,3.4000000953674316,0
2008-05-08,2.799999952316284,3.4000000953674316,2.799999952316284,3.4000000953674316,3.4000000953674316,255
2008-05-09,3.4000000953674316,3.4000000953674316,3.4000000953674316,3.4000000953674316,3.4000000953674316,0
2008-05-12,2.799999952316284,2.799999952316284,2.799999952316284,2.799999952316284,2.799999952316284,1000
2008-05-13,4.199999809265137,4.199999809265137,4.0,4.0,4.0,40
2008-05-14,4.0,4.199999809265137,2.799999952316284,4.199999809265137,4.199999809265137,120
2008-05-15,3.799999952316284,3.799999952316284,3.799999952316284,3.799999952316284,3.799999952316284,745
2008-05-16,3.799999952316284,3.799999952316284,3.799999952316284,3.799999952316284,3.799999952316284,0
2008-05-19,3.200000047683716,4.0,3.200000047683716,3.799999952316284,3.799999952316284,75
2008-05-20,3.4000000953674316,4.0,3.4000000953674316,4.0,4.0,30
2008-05-21,4.0,4.0,4.0,4.0,4.0,0
2008-05-22,3.4000000953674316,4.0,3.4000000953674316,4.0,4.0,55
2008-05-23,3.4000000953674316,4.0,3.4000000953674316,4.0,4.0,115
2008-05-27,3.4000000953674316,4.0,3.4000000953674316,4.0,4.0,175
2008-05-28,4.0,4.0,4.0,4.0,4.0,0
2008-05-29,4.0,4.0,4.0,4.0,4.0,1240
2008-05-30,4.400000095367432,4.400000095367432,4.400000095367432,4.400000095367432,4.400000095367432,50
2008-06-02,4.400000095367432,4.400000095367432,4.400000095367432,4.400000095367432,4.400000095367432,0
2008-06-03,4.0,4.0,4.0,4.0,4.0,1350
2008-06-04,3.4000000953674316,3.799999952316284,3.4000000953674316,3.799999952316284,3.799999952316284,755
2008-06-05,3.4000000953674316,4.400000095367432,3.4000000953674316,4.400000095367432,4.400000095367432,825
2008-06-06,4.400000095367432,4.400000095367432,4.400000095367432,4.400000095367432,4.400000095367432,0
2008-06-09,4.400000095367432,4.400000095367432,4.400000095367432,4.400000095367432,4.400000095367432,0
2008-06-10,3.200000047683716,4.199999809265137,3.200000047683716,4.199999809265137,4.199999809265137,80
2008-06-11,3.200000047683716,4.199999809265137,3.200000047683716,4.199999809265137,4.199999809265137,150
2008-06-12,4.199999809265137,4.199999809265137,4.199999809265137,4.199999809265137,4.199999809265137,0
2008-06-13,4.199999809265137,4.199999809265137,4.199999809265137,4.199999809265137,4.199999809265137,0
2008-06-16,4.199999809265137,4.199999809265137,4.199999809265137,4.199999809265137,4.199999809265137,0
2008-06-17,4.199999809265137,4.199999809265137,4.199999809265137,4.199999809265137,4.199999809265137,0
2008-06-18,4.199999809265137,4.199999809265137,4.199999809265137,4.199999809265137,4.199999809265137,0
2008-06-19,4.199999809265137,4.199999809265137,4.199999809265137,4.199999809265137,4.199999809265137,0
2008-06-20,4.199999809265137,4.199999809265137,4.199999809265137,4.199999809265137,4.199999809265137,0
2008-06-23,4.199999809265137,4.800000190734863,4.0,4.800000190734863,4.800000190734863,2990
2008-06-24,5.599999904632568,5.599999904632568,4.800000190734863,4.800000190734863,4.800000190734863,10
2008-06-25,4.800000190734863,4.800000190734863,4.800000190734863,4.800000190734863,4.800000190734863,0
2008-06-26,4.400000095367432,4.400000095367432,3.4000000953674316,3.4000000953674316,3.4000000953674316,2255
2008-06-27,3.4000000953674316,3.4000000953674316,3.4000000953674316,3.4000000953674316,3.4000000953674316,0
2008-06-30,3.4000000953674316,4.0,3.4000000953674316,4.0,4.0,335
2008-07-01,4.0,4.0,4.0,4.0,4.0,0
2008-07-02,3.4000000953674316,4.0,3.4000000953674316,4.0,4.0,200
2008-07-03,4.0,4.0,4.0,4.0,4.0,0
2008-07-07,3.4000000953674316,4.0,3.4000000953674316,4.0,4.0,40
2008-07-08,4.0,4.0,4.0,4.0,4.0,0
2008-07-09,4.0,4.0,4.0,4.0,4.0,0
2008-07-10,4.0,4.0,4.0,4.0,4.0,0
2008-07-11,4.0,4.0,4.0,4.0,4.0,0
2008-07-14,3.4000000953674316,3.4000000953674316,3.4000000953674316,3.4000000953674316,3.4000000953674316,40
2008-07-15,3.4000000953674316,4.0,3.4000000953674316,4.0,4.0,65
2008-07-16,4.0,4.0,4.0,4.0,4.0,0
2008-07-17,4.0,4.0,4.0,4.0,4.0,0
2008-07-18,3.4000000953674316,3.4000000953674316,3.4000000953674316,3.4000000953674316,3.4000000953674316,15
2008-07-21,3.4000000953674316,4.0,3.4000000953674316,4.0,4.0,45
2008-07-22,4.0,4.0,4.0,4.0,4.0,0
2008-07-23,4.0,4.0,4.0,4.0,4.0,0
2008-07-24,3.5999999046325684,4.0,3.5999999046325684,4.0,4.0,40
2008-07-25,4.0,4.0,4.0,4.0,4.0,0
2008-07-28,4.0,4.0,4.0,4.0,4.0,0
2008-07-29,4.0,4.0,4.0,4.0,4.0,0
2008-07-30,3.5999999046325684,4.0,3.5999999046325684,4.0,4.0,200
2008-07-31,4.0,4.0,4.0,4.0,4.0,0
2008-08-01,3.5999999046325684,3.5999999046325684,3.5999999046325684,3.5999999046325684,3.5999999046325684,10
2008-08-04,3.5999999046325684,4.0,3.5999999046325684,4.0,4.0,75
2008-08-05,3.5999999046325684,3.5999999046325684,3.5999999046325684,3.5999999046325684,3.5999999046325684,285
2008-08-06,4.0,4.0,4.0,4.0,4.0,50
2008-08-07,4.0,4.0,4.0,4.0,4.0,225
2008-08-08,3.5999999046325684,4.0,3.5999999046325684,3.5999999046325684,3.5999999046325684,200
2008-08-11,3.5999999046325684,3.5999999046325684,3.5999999046325684,3.5999999046325684,3.5999999046325684,0
2008-08-12,3.5999999046325684,3.5999999046325684,3.5999999046325684,3.5999999046325684,3.5999999046325684,0
2008-08-13,3.5999999046325684,4.0,3.5999999046325684,4.0,4.0,370
2008-08-14,5.599999904632568,8.199999809265137,5.599999904632568,8.199999809265137,8.199999809265137,7330
2008-08-15,8.399999618530273,8.399999618530273,6.199999809265137,8.0,8.0,295
2008-08-18,8.0,8.0,6.199999809265137,8.0,8.0,160
2008-08-19,8.0,8.0,8.0,8.0,8.0,100
2008-08-20,6.400000095367432,7.599999904632568,6.400000095367432,7.599999904632568,7.599999904632568,150
2008-08-21,7.599999904632568,7.599999904632568,7.599999904632568,7.599999904632568,7.599999904632568,0
2008-08-22,6.599999904632568,7.800000190734863,6.400000095367432,7.800000190734863,7.800000190734863,1085
2008-08-25,7.800000190734863,7.800000190734863,7.800000190734863,7.800000190734863,7.800000190734863,0
2008-08-26,7.800000190734863,7.800000190734863,7.800000190734863,7.800000190734863,7.800000190734863,0
2008-08-27,7.0,7.0,7.0,7.0,7.0,500
2008-08-28,6.800000190734863,7.599999904632568,6.400000095367432,7.599999904632568,7.599999904632568,1110
2008-08-29,7.599999904632568,7.599999904632568,7.599999904632568,7.599999904632568,7.599999904632568,0
2008-09-02,7.599999904632568,7.599999904632568,7.599999904632568,7.599999904632568,7.599999904632568,0
2008-09-03,7.599999904632568,7.599999904632568,7.400000095367432,7.400000095367432,7.400000095367432,1100
2008-09-04,7.400000095367432,7.400000095367432,7.400000095367432,7.400000095367432,7.400000095367432,0
2008-09-05,7.400000095367432,7.400000095367432,7.400000095367432,7.400000095367432,7.400000095367432,0
2008-09-08,6.199999809265137,6.199999809265137,6.199999809265137,6.199999809265137,6.199999809265137,15
2008-09-09,6.400000095367432,7.400000095367432,6.199999809265137,7.400000095367432,7.400000095367432,610
2008-09-10,5.199999809265137,7.0,5.199999809265137,7.0,7.0,50
2008-09-11,7.0,7.0,7.0,7.0,7.0,0
2008-09-12,7.0,7.0,7.0,7.0,7.0,0
2008-09-15,5.599999904632568,5.599999904632568,4.0,5.599999904632568,5.599999904632568,795
2008-09-16,5.599999904632568,5.599999904632568,5.599999904632568,5.599999904632568,5.599999904632568,0
2008-09-17,5.599999904632568,5.599999904632568,5.599999904632568,5.599999904632568,5.599999904632568,0
2008-09-18,5.599999904632568,5.599999904632568,5.599999904632568,5.599999904632568,5.599999904632568,0
2008-09-19,5.0,5.599999904632568,5.0,5.599999904632568,5.599999904632568,250
2008-09-22,5.599999904632568,7.0,5.0,6.800000190734863,6.800000190734863,525
2008-09-23,5.599999904632568,6.599999904632568,5.599999904632568,6.599999904632568,6.599999904632568,525
2008-09-24,5.599999904632568,5.599999904632568,5.599999904632568,5.599999904632568,5.599999904632568,555
2008-09-25,5.599999904632568,5.599999904632568,5.599999904632568,5.599999904632568,5.599999904632568,60
2008-09-26,5.599999904632568,6.599999904632568,5.599999904632568,5.599999904632568,5.599999904632568,965
2008-09-29,6.599999904632568,6.599999904632568,5.599999904632568,5.599999904632568,5.599999904632568,50
2008-09-30,6.599999904632568,6.599999904632568,5.599999904632568,6.400000095367432,6.400000095367432,540
2008-10-01,4.199999809265137,6.400000095367432,4.199999809265137,6.400000095367432,6.400000095367432,55
2008-10-02,6.400000095367432,6.400000095367432,6.400000095367432,6.400000095367432,6.400000095367432,0
2008-10-03,4.800000190734863,4.800000190734863,4.800000190734863,4.800000190734863,4.800000190734863,200
2008-10-06,4.400000095367432,5.0,4.400000095367432,5.0,5.0,130
2008-10-07,4.400000095367432,4.400000095367432,4.400000095367432,4.400000095367432,4.400000095367432,10
2008-10-08,4.400000095367432,4.400000095367432,4.400000095367432,4.400000095367432,4.400000095367432,20
2008-10-09,6.400000095367432,6.400000095367432,4.199999809265137,4.199999809265137,4.199999809265137,350
2008-10-10,5.0,5.0,5.0,5.0,5.0,860
2008-10-13,4.0,6.400000095367432,4.0,6.400000095367432,6.400000095367432,15
2008-10-14,4.400000095367432,5.800000190734863,4.400000095367432,5.800000190734863,5.800000190734863,225
2008-10-15,5.800000190734863,5.800000190734863,5.800000190734863,5.800000190734863,5.800000190734863,0
2008-10-16,5.800000190734863,5.800000190734863,5.800000190734863,5.800000190734863,5.800000190734863,0
2008-10-17,5.800000190734863,5.800000190734863,5.800000190734863,5.800000190734863,5.800000190734863,0
2008-10-20,5.800000190734863,5.800000190734863,5.800000190734863,5.800000190734863,5.800000190734863,150
2008-10-21,5.800000190734863,5.800000190734863,5.800000190734863,5.800000190734863,5.800000190734863,750
2008-10-22,5.800000190734863,5.800000190734863,5.800000190734863,5.800000190734863,5.800000190734863,0
2008-10-23,6.199999809265137,6.199999809265137,6.199999809265137,6.199999809265137,6.199999809265137,250
2008-10-24,6.199999809265137,6.199999809265137,6.199999809265137,6.199999809265137,6.199999809265137,0
2008-10-27,5.0,5.0,5.0,5.0,5.0,50
2008-10-28,5.0,5.800000190734863,5.0,5.800000190734863,5.800000190734863,270
2008-10-29,6.199999809265137,6.199999809265137,5.0,5.800000190734863,5.800000190734863,350
2008-10-30,4.0,4.0,4.0,4.0,4.0,35
2008-10-31,5.400000095367432,5.400000095367432,5.400000095367432,5.400000095367432,5.400000095367432,5
2008-11-03,5.400000095367432,5.400000095367432,5.400000095367432,5.400000095367432,5.400000095367432,0
2008-11-04,5.800000190734863,7.800000190734863,5.800000190734863,7.800000190734863,7.800000190734863,640
2008-11-05,6.0,6.0,6.0,6.0,6.0,100
2008-11-06,10.199999809265137,10.199999809265137,7.599999904632568,7.599999904632568,7.599999904632568,170
2008-11-07,5.400000095367432,5.400000095367432,5.400000095367432,5.400000095367432,5.400000095367432,155
2008-11-10,6.0,7.800000190734863,6.0,7.800000190734863,7.800000190734863,95
2008-11-11,5.599999904632568,5.599999904632568,5.599999904632568,5.599999904632568,5.599999904632568,50
2008-11-12,5.599999904632568,5.599999904632568,5.599999904632568,5.599999904632568,5.599999904632568,0
2008-11-13,7.800000190734863,7.800000190734863,5.599999904632568,7.800000190734863,7.800000190734863,590
2008-11-14,7.800000190734863,7.800000190734863,7.800000190734863,7.800000190734863,7.800000190734863,0
2008-11-17,5.599999904632568,7.800000190734863,5.599999904632568,6.0,6.0,115
2008-11-18,6.0,6.0,6.0,6.0,6.0,0
2008-11-19,5.599999904632568,7.0,5.400000095367432,7.0,7.0,395
2008-11-20,7.0,7.0,7.0,7.0,7.0,0
2008-11-21,7.0,7.0,7.0,7.0,7.0,0
2008-11-24,5.599999904632568,6.599999904632568,5.400000095367432,6.599999904632568,6.599999904632568,195
2008-11-25,6.599999904632568,6.599999904632568,6.599999904632568,6.599999904632568,6.599999904632568,0
2008-11-26,4.400000095367432,4.400000095367432,4.400000095367432,4.400000095367432,4.400000095367432,50
2008-11-28,6.400000095367432,6.400000095367432,6.400000095367432,6.400000095367432,6.400000095367432,750
2008-12-01,6.400000095367432,6.400000095367432,6.400000095367432,6.400000095367432,6.400000095367432,0
2008-12-02,6.400000095367432,6.400000095367432,6.400000095367432,6.400000095367432,6.400000095367432,0
2008-12-03,5.199999809265137,7.800000190734863,5.199999809265137,7.800000190734863,7.800000190734863,20
2008-12-04,7.800000190734863,7.800000190734863,7.800000190734863,7.800000190734863,7.800000190734863,0
2008-12-05,4.400000095367432,6.0,4.400000095367432,6.0,6.0,665
2008-12-08,5.800000190734863,5.800000190734863,5.800000190734863,5.800000190734863,5.800000190734863,45
2008-12-09,4.800000190734863,5.800000190734863,4.800000190734863,4.800000190734863,4.800000190734863,385
2008-12-10,5.599999904632568,5.599999904632568,4.599999904632568,4.599999904632568,4.599999904632568,35
2008-12-11,4.800000190734863,7.0,4.800000190734863,4.800000190734863,4.800000190734863,70
2008-12-12,4.800000190734863,4.800000190734863,4.800000190734863,4.800000190734863,4.800000190734863,10
2008-12-15,4.800000190734863,6.800000190734863,4.800000190734863,6.800000190734863,6.800000190734863,25
2008-12-16,4.800000190734863,4.800000190734863,4.800000190734863,4.800000190734863,4.800000190734863,440
2008-12-17,4.800000190734863,4.800000190734863,4.800000190734863,4.800000190734863,4.800000190734863,50
2008-12-18,6.0,6.0,4.199999809265137,5.0,5.0,4390
2008-12-19,5.0,5.0,4.199999809265137,5.0,5.0,1340
2008-12-22,5.0,6.599999904632568,5.0,6.599999904632568,6.599999904632568,115
2008-12-23,5.0,5.0,5.0,5.0,5.0,50
2008-12-24,6.599999904632568,6.599999904632568,6.599999904632568,6.599999904632568,6.599999904632568,35
2008-12-26,5.0,6.599999904632568,5.0,5.0,5.0,85
2008-12-29,5.0,5.0,5.0,5.0,5.0,40
2008-12-30,6.599999904632568,6.599999904632568,5.0,5.0,5.0,50
2008-12-31,5.0,7.0,5.0,7.0,7.0,770
2009-01-02,4.400000095367432,7.0,4.400000095367432,7.0,7.0,75
2009-01-05,5.0,7.0,4.599999904632568,7.0,7.0,1465
2009-01-06,7.0,7.0,7.0,7.0,7.0,0
2009-01-07,4.800000190734863,7.0,4.800000190734863,7.0,7.0,15
2009-01-08,4.800000190734863,4.800000190734863,4.800000190734863,4.800000190734863,4.800000190734863,100
2009-01-09,7.0,7.0,4.800000190734863,4.800000190734863,4.800000190734863,55
2009-01-12,6.800000190734863,6.800000190734863,4.800000190734863,4.800000190734863,4.800000190734863,270
2009-01-13,4.800000190734863,4.800000190734863,4.800000190734863,4.800000190734863,4.800000190734863,0
2009-01-14,4.800000190734863,4.800000190734863,4.800000190734863,4.800000190734863,4.800000190734863,0
2009-01-15,4.800000190734863,4.800000190734863,4.800000190734863,4.800000190734863,4.800000190734863,15
2009-01-16,6.599999904632568,6.599999904632568,6.599999904632568,6.599999904632568,6.599999904632568,25
2009-01-20,4.800000190734863,4.800000190734863,4.800000190734863,4.800000190734863,4.800000190734863,50
2009-01-21,6.599999904632568,6.599999904632568,6.599999904632568,6.599999904632568,6.599999904632568,25
2009-01-22,4.800000190734863,4.800000190734863,4.800000190734863,4.800000190734863,4.800000190734863,115
2009-01-23,4.800000190734863,4.800000190734863,4.800000190734863,4.800000190734863,4.800000190734863,120
2009-01-26,4.800000190734863,4.800000190734863,4.800000190734863,4.800000190734863,4.800000190734863,0
2009-01-27,4.800000190734863,4.800000190734863,4.800000190734863,4.800000190734863,4.800000190734863,0
2009-01-28,6.599999904632568,6.599999904632568,6.599999904632568,6.599999904632568,6.599999904632568,15
2009-01-29,4.800000190734863,5.199999809265137,4.800000190734863,5.199999809265137,5.199999809265137,80
2009-01-30,5.199999809265137,5.199999809265137,3.799999952316284,5.199999809265137,5.199999809265137,60
2009-02-02,5.199999809265137,5.199999809265137,5.199999809265137,5.199999809265137,5.199999809265137,0
2009-02-03,5.199999809265137,5.199999809265137,5.199999809265137,5.199999809265137,5.199999809265137,0
2009-02-04,3.799999952316284,5.599999904632568,3.799999952316284,5.599999904632568,5.599999904632568,20
2009-02-05,3.799999952316284,5.599999904632568,3.799999952316284,5.599999904632568,5.599999904632568,160
2009-02-06,3.799999952316284,5.599999904632568,3.799999952316284,5.599999904632568,5.599999904632568,30
2009-02-09,5.599999904632568,5.599999904632568,5.599999904632568,5.599999904632568,5.599999904632568,0
2009-02-10,3.799999952316284,5.599999904632568,3.799999952316284,5.599999904632568,5.599999904632568,135
2009-02-11,5.599999904632568,5.599999904632568,5.599999904632568,5.599999904632568,5.599999904632568,0
2009-02-12,5.599999904632568,5.599999904632568,5.599999904632568,5.599999904632568,5.599999904632568,0
2009-02-13,5.599999904632568,5.599999904632568,5.599999904632568,5.599999904632568,5.599999904632568,0
2009-02-17,5.599999904632568,5.599999904632568,5.599999904632568,5.599999904632568,5.599999904632568,0
2009-02-18,4.800000190734863,4.800000190734863,4.800000190734863,4.800000190734863,4.800000190734863,40
2009-02-19,5.599999904632568,6.0,5.599999904632568,6.0,6.0,90
2009-02-20,6.0,6.0,6.0,6.0,6.0,0
2009-02-23,5.599999904632568,6.400000095367432,3.5999999046325684,6.400000095367432,6.400000095367432,105
2009-02-24,3.5999999046325684,6.400000095367432,3.5999999046325684,6.400000095367432,6.400000095367432,30
2009-02-25,6.400000095367432,6.400000095367432,6.400000095367432,6.400000095367432,6.400000095367432,0
2009-02-26,6.400000095367432,6.400000095367432,6.400000095367432,6.400000095367432,6.400000095367432,0
2009-02-27,3.799999952316284,6.0,3.799999952316284,6.0,6.0,100
2009-03-02,4.0,6.0,4.0,6.0,6.0,450
2009-03-03,3.799999952316284,6.0,3.799999952316284,6.0,6.0,105
2009-03-04,3.5999999046325684,5.599999904632568,3.5999999046325684,5.599999904632568,5.599999904632568,15
2009-03-05,3.799999952316284,4.0,3.5999999046325684,3.5999999046325684,3.5999999046325684,1750
2009-03-06,4.0,4.400000095367432,2.5999999046325684,4.400000095367432,4.400000095367432,5810
2009-03-09,2.5999999046325684,4.199999809265137,2.5999999046325684,4.199999809265137,4.199999809265137,225
2009-03-10,4.199999809265137,4.199999809265137,4.199999809265137,4.199999809265137,4.199999809265137,0
2009-03-11,4.400000095367432,5.0,3.0,5.0,5.0,570
2009-03-12,5.0,5.0,5.0,5.0,5.0,0
2009-03-13,3.0,5.400000095367432,3.0,5.400000095367432,5.400000095367432,165
2009-03-16,5.400000095367432,5.400000095367432,5.400000095367432,5.400000095367432,5.400000095367432,365
2009-03-17,5.400000095367432,5.400000095367432,5.400000095367432,5.400000095367432,5.400000095367432,0
2009-03-18,5.400000095367432,5.400000095367432,5.400000095367432,5.400000095367432,5.400000095367432,0
2009-03-19,5.400000095367432,5.400000095367432,5.400000095367432,5.400000095367432,5.400000095367432,0
2009-03-20,5.400000095367432,5.400000095367432,5.400000095367432,5.400000095367432,5.400000095367432,0
2009-03-23,5.400000095367432,5.400000095367432,5.400000095367432,5.400000095367432,5.400000095367432,0
2009-03-24,5.400000095367432,5.400000095367432,5.400000095367432,5.400000095367432,5.400000095367432,0
2009-03-25,5.400000095367432,5.400000095367432,5.400000095367432,5.400000095367432,5.400000095367432,0
2009-03-26,5.400000095367432,5.400000095367432,5.400000095367432,5.400000095367432,5.400000095367432,0
2009-03-27,4.400000095367432,6.0,4.400000095367432,6.0,6.0,455
2009-03-30,6.0,6.0,6.0,6.0,6.0,0
2009-03-31,5.800000190734863,5.800000190734863,5.800000190734863,5.800000190734863,5.800000190734863,500
2009-04-01,4.400000095367432,4.400000095367432,4.400000095367432,4.400000095367432,4.400000095367432,155
2009-04-02,4.400000095367432,6.199999809265137,4.400000095367432,6.199999809265137,6.199999809265137,65
2009-04-03,4.400000095367432,6.0,4.400000095367432,6.0,6.0,80
2009-04-06,4.199999809265137,4.599999904632568,4.199999809265137,4.599999904632568,4.599999904632568,1190
2009-04-07,4.599999904632568,4.599999904632568,4.599999904632568,4.599999904632568,4.599999904632568,25
2009-04-08,4.599999904632568,4.599999904632568,4.599999904632568,4.599999904632568,4.599999904632568,0
2009-04-09,5.599999904632568,5.599999904632568,5.599999904632568,5.599999904632568,5.599999904632568,300
2009-04-13,5.400000095367432,5.400000095367432,5.400000095367432,5.400000095367432,5.400000095367432,605
2009-04-14,7.400000095367432,7.400000095367432,7.400000095367432,7.400000095367432,7.400000095367432,255
2009-04-15,4.599999904632568,4.599999904632568,4.599999904632568,4.599999904632568,4.599999904632568,25
2009-04-16,6.0,6.0,4.800000190734863,4.800000190734863,4.800000190734863,35
2009-04-17,4.800000190734863,4.800000190734863,4.800000190734863,4.800000190734863,4.800000190734863,0
2009-04-20,4.800000190734863,4.800000190734863,4.800000190734863,4.800000190734863,4.800000190734863,0
2009-04-21,4.800000190734863,4.800000190734863,4.800000190734863,4.800000190734863,4.800000190734863,0
2009-04-22,4.800000190734863,4.800000190734863,4.800000190734863,4.800000190734863,4.800000190734863,200
2009-04-23,4.800000190734863,4.800000190734863,4.800000190734863,4.800000190734863,4.800000190734863,0
2009-04-24,4.800000190734863,4.800000190734863,4.800000190734863,4.800000190734863,4.800000190734863,0
2009-04-27,4.800000190734863,4.800000190734863,4.199999809265137,4.199999809265137,4.199999809265137,405
2009-04-28,4.199999809265137,4.199999809265137,4.199999809265137,4.199999809265137,4.199999809265137,0
2009-04-29,4.199999809265137,4.199999809265137,4.199999809265137,4.199999809265137,4.199999809265137,0
2009-04-30,4.199999809265137,4.199999809265137,3.799999952316284,3.799999952316284,3.799999952316284,335
2009-05-01,6.0,8.0,5.800000190734863,7.599999904632568,7.599999904632568,4950
2009-05-04,7.599999904632568,9.399999618530273,6.400000095367432,9.399999618530273,9.399999618530273,1405
2009-05-05,7.199999809265137,7.400000095367432,7.199999809265137,7.400000095367432,7.400000095367432,210
2009-05-06,9.0,9.0,7.0,7.0,7.0,1295
2009-05-07,7.400000095367432,8.0,7.400000095367432,8.0,8.0,3860
2009-05-08,6.599999904632568,7.599999904632568,6.599999904632568,7.599999904632568,7.599999904632568,890
2009-05-11,7.599999904632568,8.0,7.599999904632568,8.0,8.0,455
2009-05-12,7.800000190734863,7.800000190734863,7.800000190734863,7.800000190734863,7.800000190734863,240
2009-05-13,8.0,8.0,8.0,8.0,8.0,175
2009-05-14,8.0,8.0,8.0,8.0,8.0,335
2009-05-15,7.599999904632568,7.599999904632568,7.599999904632568,7.599999904632568,7.599999904632568,570
2009-05-18,7.599999904632568,8.0,7.599999904632568,8.0,8.0,1410
2009-05-19,8.0,8.0,7.400000095367432,7.400000095367432,7.400000095367432,315
2009-05-20,8.399999618530273,9.399999618530273,8.399999618530273,9.399999618530273,9.399999618530273,2415
2009-05-21,8.199999809265137,8.199999809265137,8.199999809265137,8.199999809265137,8.199999809265137,340
2009-05-22,8.199999809265137,8.199999809265137,8.199999809265137,8.199999809265137,8.199999809265137,470
2009-05-26,8.199999809265137,9.0,6.400000095367432,9.0,9.0,665
2009-05-27,9.399999618530273,11.199999809265137,9.199999809265137,10.199999809265137,10.199999809265137,1635
2009-05-28,11.0,11.800000190734863,10.199999809265137,11.800000190734863,11.800000190734863,2345
2009-05-29,11.399999618530273,12.199999809265137,11.199999809265137,12.199999809265137,12.199999809265137,320
2009-06-01,12.399999618530273,12.399999618530273,10.0,10.0,10.0,675
2009-06-02,10.0,10.0,10.0,10.0,10.0,0
2009-06-03,10.0,10.0,10.0,10.0,10.0,75
2009-06-04,9.0,9.0,9.0,9.0,9.0,60
2009-06-05,9.0,9.0,9.0,9.0,9.0,0
2009-06-08,11.399999618530273,11.399999618530273,11.399999618530273,11.399999618530273,11.399999618530273,10
2009-06-09,14.0,16.799999237060547,13.600000381469727,13.600000381469727,13.600000381469727,1785
2009-06-10,13.0,15.800000190734863,13.0,15.0,15.0,565
2009-06-11,15.0,15.0,15.0,15.0,15.0,0
2009-06-12,13.0,14.0,12.800000190734863,14.0,14.0,725
2009-06-15,14.0,14.0,14.0,14.0,14.0,0
2009-06-16,14.0,14.0,14.0,14.0,14.0,0
2009-06-17,11.0,11.0,11.0,11.0,11.0,10
2009-06-18,14.800000190734863,14.800000190734863,14.600000381469727,14.600000381469727,14.600000381469727,65
2009-06-19,11.0,11.0,11.0,11.0,11.0,125
2009-06-22,11.0,11.0,11.0,11.0,11.0,40
2009-06-23,11.0,11.0,11.0,11.0,11.0,525
2009-06-24,11.0,11.0,11.0,11.0,11.0,150
2009-06-25,11.0,11.0,11.0,11.0,11.0,125
2009-06-26,11.0,11.0,11.0,11.0,11.0,50
2009-06-29,11.0,12.0,11.0,12.0,12.0,120
2009-06-30,12.0,12.0,12.0,12.0,12.0,0
2009-07-01,11.0,11.0,11.0,11.0,11.0,105
2009-07-02,11.0,11.0,11.0,11.0,11.0,135
2009-07-06,10.0,10.0,10.0,10.0,10.0,25
2009-07-07,10.0,10.0,10.0,10.0,10.0,0
2009-07-08,10.0,10.199999809265137,10.0,10.199999809265137,10.199999809265137,275
2009-07-09,12.0,14.399999618530273,12.0,14.399999618530273,14.399999618530273,275
2009-07-10,14.199999809265137,14.199999809265137,14.199999809265137,14.199999809265137,14.199999809265137,10
2009-07-13,14.199999809265137,14.199999809265137,14.199999809265137,14.199999809265137,14.199999809265137,0
2009-07-14,14.199999809265137,14.199999809265137,14.199999809265137,14.199999809265137,14.199999809265137,0
2009-07-15,14.0,14.0,11.399999618530273,11.399999618530273,11.399999618530273,35
2009-07-16,11.399999618530273,14.199999809265137,11.399999618530273,14.199999809265137,14.199999809265137,115
2009-07-17,14.199999809265137,14.199999809265137,14.199999809265137,14.199999809265137,14.199999809265137,0
2009-07-20,10.199999809265137,11.0,10.199999809265137,11.0,11.0,15
2009-07-21,11.0,11.0,11.0,11.0,11.0,0
2009-07-22,11.399999618530273,13.0,11.399999618530273,13.0,13.0,955
2009-07-23,12.399999618530273,14.199999809265137,12.199999809265137,14.199999809265137,14.199999809265137,2040
2009-07-24,12.600000381469727,12.600000381469727,12.600000381469727,12.600000381469727,12.600000381469727,600
2009-07-27,12.600000381469727,12.600000381469727,12.600000381469727,12.600000381469727,12.600000381469727,0
2009-07-28,10.199999809265137,10.199999809265137,10.199999809265137,10.199999809265137,10.199999809265137,10
2009-07-29,11.0,11.0,11.0,11.0,11.0,75
2009-07-30,11.0,11.0,11.0,11.0,11.0,0
2009-07-31,11.0,11.0,11.0,11.0,11.0,1025
2009-08-03,11.0,13.800000190734863,11.0,13.800000190734863,13.800000190734863,90
2009-08-04,11.0,11.0,10.199999809265137,11.0,11.0,950
2009-08-05,13.0,13.600000381469727,12.399999618530273,13.399999618530273,13.399999618530273,1100
2009-08-06,12.0,14.199999809265137,12.0,14.199999809265137,14.199999809265137,1275
2009-08-07,14.800000190734863,14.800000190734863,12.199999809265137,12.199999809265137,12.199999809265137,425
2009-08-10,12.199999809265137,12.199999809265137,12.199999809265137,12.199999809265137,12.199999809265137,0
2009-08-11,12.199999809265137,12.199999809265137,12.199999809265137,12.199999809265137,12.199999809265137,0
2009-08-12,12.199999809265137,12.199999809265137,12.199999809265137,12.199999809265137,12.199999809265137,0
2009-08-13,12.399999618530273,13.199999809265137,12.0,13.199999809265137,13.199999809265137,2945
2009-08-14,13.199999809265137,13.199999809265137,13.199999809265137,13.199999809265137,13.199999809265137,0
2009-08-17,10.600000381469727,10.600000381469727,10.600000381469727,10.600000381469727,10.600000381469727,135
2009-08-18,10.600000381469727,10.600000381469727,10.600000381469727,10.600000381469727,10.600000381469727,0
2009-08-19,9.0,9.0,9.0,9.0,9.0,15
2009-08-20,11.800000190734863,11.800000190734863,11.800000190734863,11.800000190734863,11.800000190734863,20
2009-08-21,11.800000190734863,11.800000190734863,11.800000190734863,11.800000190734863,11.800000190734863,0
2009-08-24,11.0,11.0,11.0,11.0,11.0,135
2009-08-25,11.0,11.0,11.0,11.0,11.0,0
2009-08-26,8.0,11.0,7.0,7.0,7.0,100
2009-08-27,14.800000190734863,14.800000190734863,14.800000190734863,14.800000190734863,14.800000190734863,20
2009-08-28,9.199999809265137,9.199999809265137,9.199999809265137,9.199999809265137,9.199999809265137,60
2009-08-31,14.800000190734863,14.800000190734863,14.800000190734863,14.800000190734863,14.800000190734863,15
2009-09-01,14.399999618530273,14.399999618530273,10.199999809265137,10.199999809265137,10.199999809265137,190
2009-09-02,14.600000381469727,14.600000381469727,14.600000381469727,14.600000381469727,14.600000381469727,25
2009-09-03,14.600000381469727,14.600000381469727,14.600000381469727,14.600000381469727,14.600000381469727,50
2009-09-04,11.0,11.0,11.0,11.0,11.0,575
2009-09-08,11.0,11.0,11.0,11.0,11.0,0
2009-09-09,11.0,11.0,11.0,11.0,11.0,0
2009-09-10,11.0,11.0,11.0,11.0,11.0,0
2009-09-11,9.0,9.0,9.0,9.0,9.0,80
2009-09-14,14.199999809265137,14.199999809265137,14.199999809265137,14.199999809265137,14.199999809265137,20
2009-09-15,9.0,14.0,9.0,14.0,14.0,20
2009-09-16,9.0,9.0,9.0,9.0,9.0,15
2009-09-17,9.0,13.0,9.0,10.0,10.0,1790
2009-09-18,10.0,10.0,10.0,10.0,10.0,0
2009-09-21,10.0,10.0,10.0,10.0,10.0,0
2009-09-22,10.0,10.0,9.199999809265137,9.199999809265137,9.199999809265137,820
2009-09-23,8.0,8.0,8.0,8.0,8.0,5
2009-09-24,8.0,8.0,8.0,8.0,8.0,65
2009-09-25,8.0,8.0,8.0,8.0,8.0,0
2009-09-28,8.0,11.0,8.0,11.0,11.0,1085
2009-09-29,11.0,11.0,11.0,11.0,11.0,0
2009-09-30,7.0,7.0,7.0,7.0,7.0,125
2009-10-01,7.0,7.0,7.0,7.0,7.0,0
2009-10-02,11.600000381469727,14.199999809265137,11.600000381469727,14.199999809265137,14.199999809265137,50
2009-10-05,8.0,8.600000381469727,8.0,8.600000381469727,8.600000381469727,55
2009-10-06,8.600000381469727,8.600000381469727,8.600000381469727,8.600000381469727,8.600000381469727,0
2009-10-07,8.600000381469727,8.600000381469727,8.600000381469727,8.600000381469727,8.600000381469727,0
2009-10-08,14.0,14.0,8.600000381469727,11.199999809265137,11.199999809265137,255
2009-10-09,8.600000381469727,8.600000381469727,8.600000381469727,8.600000381469727,8.600000381469727,10
2009-10-12,8.600000381469727,8.600000381469727,8.600000381469727,8.600000381469727,8.600000381469727,5
2009-10-13,8.600000381469727,8.600000381469727,8.600000381469727,8.600000381469727,8.600000381469727,20
2009-10-14,8.399999618530273,14.0,8.399999618530273,14.0,14.0,30
2009-10-15,14.0,14.0,14.0,14.0,14.0,0
2009-10-16,14.0,14.0,14.0,14.0,14.0,0
2009-10-19,8.0,8.0,8.0,8.0,8.0,45
2009-10-20,8.399999618530273,8.399999618530273,8.0,8.0,8.0,210
2009-10-21,8.0,8.0,8.0,8.0,8.0,0
2009-10-22,8.0,8.0,8.0,8.0,8.0,70
2009-10-23,13.800000190734863,13.800000190734863,13.800000190734863,13.800000190734863,13.800000190734863,10
2009-10-26,13.800000190734863,13.800000190734863,13.800000190734863,13.800000190734863,13.800000190734863,0
2009-10-27,13.800000190734863,13.800000190734863,13.800000190734863,13.800000190734863,13.800000190734863,0
2009-10-28,13.800000190734863,13.800000190734863,13.800000190734863,13.800000190734863,13.800000190734863,0
2009-10-29,12.0,12.0,8.0,8.0,8.0,75
2009-10-30,8.0,8.0,8.0,8.0,8.0,0
2009-11-02,8.0,8.0,8.0,8.0,8.0,0
2009-11-03,8.0,8.0,8.0,8.0,8.0,10
2009-11-04,8.0,8.0,8.0,8.0,8.0,0
2009-11-05,8.0,8.0,8.0,8.0,8.0,0
2009-11-06,8.0,8.0,8.0,8.0,8.0,60
2009-11-09,8.0,8.0,8.0,8.0,8.0,50
2009-11-10,12.0,12.0,8.0,8.0,8.0,175
2009-11-11,11.800000190734863,12.0,11.800000190734863,12.0,12.0,20
2009-11-12,12.0,12.0,12.0,12.0,12.0,0
2009-11-13,8.0,12.0,8.0,12.0,12.0,50
2009-11-16,12.0,12.0,8.0,12.0,12.0,45
2009-11-17,12.0,12.0,12.0,12.0,12.0,0
2009-11-18,8.0,8.0,8.0,8.0,8.0,85
2009-11-19,8.0,8.0,8.0,8.0,8.0,50
2009-11-20,8.0,8.0,8.0,8.0,8.0,0
2009-11-23,8.399999618530273,8.399999618530273,8.399999618530273,8.399999618530273,8.399999618530273,295
2009-11-24,8.399999618530273,8.399999618530273,8.399999618530273,8.399999618530273,8.399999618530273,0
2009-11-25,8.0,9.0,8.0,9.0,9.0,250
2009-11-27,9.0,9.0,9.0,9.0,9.0,0
2009-11-30,9.0,9.0,9.0,9.0,9.0,0
2009-12-01,9.0,9.0,9.0,9.0,9.0,0
2009-12-02,7.0,7.0,7.0,7.0,7.0,15
2009-12-03,7.0,7.0,7.0,7.0,7.0,10
2009-12-04,7.0,7.0,7.0,7.0,7.0,70
2009-12-07,7.0,7.0,7.0,7.0,7.0,0
2009-12-08,7.0,7.0,7.0,7.0,7.0,0
2009-12-09,7.0,7.0,7.0,7.0,7.0,0
2009-12-10,7.0,7.0,7.0,7.0,7.0,0
2009-12-11,7.0,7.0,7.0,7.0,7.0,40
2009-12-14,7.0,7.0,7.0,7.0,7.0,45
2009-12-15,7.0,7.0,7.0,7.0,7.0,65
2009-12-16,7.0,7.0,7.0,7.0,7.0,70
2009-12-17,7.0,7.0,7.0,7.0,7.0,0
2009-12-18,7.0,7.0,7.0,7.0,7.0,370
2009-12-21,7.0,7.0,7.0,7.0,7.0,140
2009-12-22,7.0,7.0,7.0,7.0,7.0,50
2009-12-23,8.0,8.0,8.0,8.0,8.0,535
2009-12-24,8.0,8.0,8.0,8.0,8.0,0
2009-12-28,8.0,8.0,8.0,8.0,8.0,505
2009-12-29,8.0,8.0,7.0,8.0,8.0,2445
2009-12-30,8.0,8.0,8.0,8.0,8.0,1250
2009-12-31,8.0,8.0,8.0,8.0,8.0,0
2010-01-04,7.400000095367432,8.0,7.400000095367432,8.0,8.0,175
2010-01-05,8.0,8.0,8.0,8.0,8.0,0
2010-01-06,10.0,10.0,10.0,10.0,10.0,465
2010-01-07,10.0,10.0,10.0,10.0,10.0,0
2010-01-08,8.0,8.0,8.0,8.0,8.0,10
2010-01-11,10.0,11.800000190734863,10.0,11.800000190734863,11.800000190734863,590
2010-01-12,11.800000190734863,11.800000190734863,11.800000190734863,11.800000190734863,11.800000190734863,0
2010-01-13,11.800000190734863,11.800000190734863,11.800000190734863,11.800000190734863,11.800000190734863,0
2010-01-14,8.0,8.0,8.0,8.0,8.0,150
2010-01-15,8.0,8.0,8.0,8.0,8.0,45
2010-01-19,7.400000095367432,7.400000095367432,7.400000095367432,7.400000095367432,7.400000095367432,15
2010-01-20,7.400000095367432,7.400000095367432,7.400000095367432,7.400000095367432,7.400000095367432,0
2010-01-21,7.400000095367432,7.400000095367432,7.400000095367432,7.400000095367432,7.400000095367432,0
2010-01-22,8.0,8.0,8.0,8.0,8.0,40
2010-01-25,8.0,8.0,8.0,8.0,8.0,0
2010-01-26,8.0,8.0,8.0,8.0,8.0,0
2010-01-27,12.0,12.0,12.0,12.0,12.0,150
2010-01-28,8.0,8.0,8.0,8.0,8.0,95
2010-01-29,8.0,8.0,8.0,8.0,8.0,0
2010-02-01,8.199999809265137,8.199999809265137,8.199999809265137,8.199999809265137,8.199999809265137,225
2010-02-02,8.0,8.0,8.0,8.0,8.0,30
2010-02-03,8.0,8.0,8.0,8.0,8.0,0
2010-02-04,8.0,8.0,8.0,8.0,8.0,0
2010-02-05,8.0,8.0,8.0,8.0,8.0,0
2010-02-08,8.0,8.0,8.0,8.0,8.0,0
2010-02-09,8.0,8.0,8.0,8.0,8.0,0
2010-02-10,11.800000190734863,12.0,11.800000190734863,12.0,12.0,675
2010-02-11,11.800000190734863,12.0,10.199999809265137,11.399999618530273,11.399999618530273,1025
2010-02-12,10.399999618530273,10.399999618530273,10.399999618530273,10.399999618530273,10.399999618530273,10
2010-02-16,10.199999809265137,10.199999809265137,10.199999809265137,10.199999809265137,10.199999809265137,5
2010-02-17,12.0,12.0,11.0,11.0,11.0,475
2010-02-18,10.399999618530273,15.0,10.399999618530273,15.0,15.0,3940
2010-02-19,12.0,15.0,12.0,15.0,15.0,45
2010-02-22,12.0,14.399999618530273,12.0,14.399999618530273,14.399999618530273,115
2010-02-23,12.0,14.0,12.0,12.0,12.0,165
2010-02-24,12.0,12.0,12.0,12.0,12.0,0
2010-02-25,12.0,12.0,12.0,12.0,12.0,0
2010-02-26,12.0,12.0,12.0,12.0,12.0,0
2010-03-01,12.399999618530273,15.0,12.399999618530273,15.0,15.0,240
2010-03-02,14.0,14.0,14.0,14.0,14.0,125
2010-03-03,17.0,17.0,14.199999809265137,14.199999809265137,14.199999809265137,205
2010-03-04,14.399999618530273,16.0,14.199999809265137,16.0,16.0,1200
2010-03-05,17.0,19.799999237060547,17.0,19.799999237060547,19.799999237060547,445
2010-03-08,19.799999237060547,19.799999237060547,19.799999237060547,19.799999237060547,19.799999237060547,0
2010-03-09,15.199999809265137,15.199999809265137,15.199999809265137,15.199999809265137,15.199999809265137,10
2010-03-10,20.0,20.0,15.199999809265137,19.799999237060547,19.799999237060547,525
2010-03-11,19.799999237060547,19.799999237060547,19.799999237060547,19.799999237060547,19.799999237060547,0
2010-03-12,15.199999809265137,15.199999809265137,15.199999809265137,15.199999809265137,15.199999809265137,70
2010-03-15,17.600000381469727,18.0,15.199999809265137,18.0,18.0,415
2010-03-16,16.0,16.200000762939453,16.0,16.200000762939453,16.200000762939453,175
2010-03-17,17.0,17.0,16.0,16.0,16.0,250
2010-03-18,16.399999618530273,18.200000762939453,16.399999618530273,17.0,17.0,1055
2010-03-19,15.199999809265137,15.199999809265137,15.199999809265137,15.199999809265137,15.199999809265137,5
2010-03-22,15.199999809265137,15.199999809265137,15.199999809265137,15.199999809265137,15.199999809265137,10
2010-03-23,15.199999809265137,15.199999809265137,15.199999809265137,15.199999809265137,15.199999809265137,15
2010-03-24,15.199999809265137,15.199999809265137,15.199999809265137,15.199999809265137,15.199999809265137,0
2010-03-25,15.199999809265137,15.199999809265137,15.199999809265137,15.199999809265137,15.199999809265137,0
2010-03-26,15.199999809265137,15.199999809265137,14.199999809265137,14.199999809265137,14.199999809265137,380
2010-03-29,14.199999809265137,18.200000762939453,14.199999809265137,18.200000762939453,18.200000762939453,1340
2010-03-30,18.200000762939453,18.200000762939453,16.0,16.0,16.0,15
2010-03-31,18.200000762939453,18.200000762939453,18.200000762939453,18.200000762939453,18.200000762939453,500
2010-04-01,16.0,16.0,16.0,16.0,16.0,125
2010-04-05,18.0,18.200000762939453,16.200000762939453,18.200000762939453,18.200000762939453,445
2010-04-06,18.200000762939453,18.200000762939453,18.200000762939453,18.200000762939453,18.200000762939453,0
2010-04-07,16.600000381469727,19.0,16.600000381469727,19.0,19.0,85
2010-04-08,19.0,19.0,19.0,19.0,19.0,0
2010-04-09,16.799999237060547,18.600000381469727,16.799999237060547,18.600000381469727,18.600000381469727,530
2010-04-12,17.0,17.0,17.0,17.0,17.0,10
2010-04-13,18.0,18.200000762939453,17.0,17.0,17.0,1330
2010-04-14,18.0,18.0,16.0,16.0,16.0,635
2010-04-15,15.199999809265137,16.399999618530273,15.199999809265137,16.399999618530273,16.399999618530273,315
2010-04-16,15.800000190734863,15.800000190734863,15.800000190734863,15.800000190734863,15.800000190734863,5
2010-04-19,15.800000190734863,15.800000190734863,15.800000190734863,15.800000190734863,15.800000190734863,0
2010-04-20,16.799999237060547,17.600000381469727,16.0,16.0,16.0,640
2010-04-21,15.600000381469727,17.600000381469727,15.600000381469727,17.600000381469727,17.600000381469727,160
2010-04-22,17.600000381469727,17.600000381469727,17.600000381469727,17.600000381469727,17.600000381469727,0
2010-04-23,17.600000381469727,17.600000381469727,17.600000381469727,17.600000381469727,17.600000381469727,0
2010-04-26,16.0,16.0,15.0,15.0,15.0,260
2010-04-27,15.0,15.0,15.0,15.0,15.0,0
2010-04-28,15.199999809265137,15.199999809265137,15.199999809265137,15.199999809265137,15.199999809265137,50
2010-04-29,15.199999809265137,15.199999809265137,15.199999809265137,15.199999809265137,15.199999809265137,0
2010-04-30,15.199999809265137,15.199999809265137,15.199999809265137,15.199999809265137,15.199999809265137,0
2010-05-03,15.199999809265137,15.199999809265137,15.199999809265137,15.199999809265137,15.199999809265137,0
2010-05-04,15.199999809265137,15.199999809265137,15.199999809265137,15.199999809265137,15.199999809265137,0
2010-05-05,15.199999809265137,15.199999809265137,15.199999809265137,15.199999809265137,15.199999809265137,0
2010-05-06,15.0,15.0,15.0,15.0,15.0,100
2010-05-07,15.399999618530273,15.399999618530273,15.399999618530273,15.399999618530273,15.399999618530273,410
2010-05-10,15.399999618530273,15.399999618530273,15.399999618530273,15.399999618530273,15.399999618530273,0
2010-05-11,15.399999618530273,15.399999618530273,15.399999618530273,15.399999618530273,15.399999618530273,150
2010-05-12,15.0,15.0,15.0,15.0,15.0,40
2010-05-13,15.0,15.0,15.0,15.0,15.0,0
2010-05-14,14.0,15.399999618530273,13.600000381469727,15.399999618530273,15.399999618530273,1005
2010-05-17,16.600000381469727,16.600000381469727,13.600000381469727,15.800000190734863,15.800000190734863,55
2010-05-18,15.800000190734863,15.800000190734863,15.800000190734863,15.800000190734863,15.800000190734863,0
2010-05-19,14.199999809265137,16.0,14.199999809265137,16.0,16.0,230
2010-05-20,14.0,16.600000381469727,14.0,16.600000381469727,16.600000381469727,30
2010-05-21,16.600000381469727,16.600000381469727,16.600000381469727,16.600000381469727,16.600000381469727,0
2010-05-24,16.600000381469727,16.600000381469727,16.600000381469727,16.600000381469727,16.600000381469727,0
2010-05-25,16.600000381469727,16.600000381469727,14.399999618530273,14.399999618530273,14.399999618530273,270
2010-05-26,16.600000381469727,16.600000381469727,14.399999618530273,14.399999618530273,14.399999618530273,35
2010-05-27,14.399999618530273,16.600000381469727,14.399999618530273,16.600000381469727,16.600000381469727,45
2010-05-28,16.600000381469727,16.600000381469727,16.600000381469727,16.600000381469727,16.600000381469727,0
2010-06-01,17.600000381469727,17.600000381469727,17.600000381469727,17.600000381469727,17.600000381469727,55
2010-06-02,14.399999618530273,17.600000381469727,14.399999618530273,17.600000381469727,17.600000381469727,65
2010-06-03,17.600000381469727,17.600000381469727,17.600000381469727,17.600000381469727,17.600000381469727,0
2010-06-04,17.600000381469727,17.600000381469727,17.600000381469727,17.600000381469727,17.600000381469727,0
2010-06-07,17.600000381469727,17.600000381469727,17.600000381469727,17.600000381469727,17.600000381469727,0
2010-06-08,17.600000381469727,17.600000381469727,17.600000381469727,17.600000381469727,17.600000381469727,0
2010-06-09,15.0,17.600000381469727,15.0,17.600000381469727,17.600000381469727,650
2010-06-10,15.399999618530273,15.399999618530273,15.399999618530273,15.399999618530273,15.399999618530273,20
2010-06-11,15.399999618530273,15.399999618530273,15.399999618530273,15.399999618530273,15.399999618530273,0
2010-06-14,17.600000381469727,17.600000381469727,15.399999618530273,17.600000381469727,17.600000381469727,55
2010-06-15,17.600000381469727,17.600000381469727,17.600000381469727,17.600000381469727,17.600000381469727,0
2010-06-16,17.600000381469727,17.600000381469727,17.600000381469727,17.600000381469727,17.600000381469727,0
2010-06-17,17.600000381469727,17.600000381469727,17.600000381469727,17.600000381469727,17.600000381469727,0
2010-06-18,17.600000381469727,17.600000381469727,17.600000381469727,17.600000381469727,17.600000381469727,0
2010-06-21,17.600000381469727,17.600000381469727,17.600000381469727,17.600000381469727,17.600000381469727,0
2010-06-22,17.600000381469727,17.600000381469727,17.600000381469727,17.600000381469727,17.600000381469727,0
2010-06-23,17.600000381469727,17.600000381469727,17.600000381469727,17.600000381469727,17.600000381469727,0
2010-06-24,17.600000381469727,17.600000381469727,17.600000381469727,17.600000381469727,17.600000381469727,0
2010-06-25,15.399999618530273,15.399999618530273,15.399999618530273,15.399999618530273,15.399999618530273,250
2010-06-28,17.399999618530273,17.399999618530273,17.399999618530273,17.399999618530273,17.399999618530273,25
2010-06-29,17.399999618530273,17.399999618530273,17.399999618530273,17.399999618530273,17.399999618530273,0
2010-06-30,14.0,14.199999809265137,14.0,14.199999809265137,14.199999809265137,5010
2010-07-01,14.199999809265137,14.199999809265137,14.199999809265137,14.199999809265137,14.199999809265137,0
2010-07-02,14.199999809265137,14.199999809265137,14.199999809265137,14.199999809265137,14.199999809265137,0
2010-07-06,14.399999618530273,14.399999618530273,14.399999618530273,14.399999618530273,14.399999618530273,65
2010-07-07,14.399999618530273,14.399999618530273,14.399999618530273,14.399999618530273,14.399999618530273,0
2010-07-08,14.399999618530273,14.399999618530273,14.399999618530273,14.399999618530273,14.399999618530273,0
2010-07-09,14.399999618530273,14.399999618530273,14.399999618530273,14.399999618530273,14.399999618530273,60
2010-07-12,14.399999618530273,14.399999618530273,14.399999618530273,14.399999618530273,14.399999618530273,0
2010-07-13,14.399999618530273,14.399999618530273,14.399999618530273,14.399999618530273,14.399999618530273,0
2010-07-14,14.399999618530273,14.399999618530273,14.399999618530273,14.399999618530273,14.399999618530273,0
2010-07-15,15.0,15.0,15.0,15.0,15.0,15
2010-07-16,15.0,15.0,15.0,15.0,15.0,0
2010-07-19,15.0,15.0,15.0,15.0,15.0,0
2010-07-20,15.0,15.0,15.0,15.0,15.0,0
2010-07-21,14.399999618530273,16.799999237060547,14.399999618530273,16.799999237060547,16.799999237060547,550
2010-07-22,16.799999237060547,16.799999237060547,16.799999237060547,16.799999237060547,16.799999237060547,0
2010-07-23,16.799999237060547,16.799999237060547,16.799999237060547,16.799999237060547,16.799999237060547,0
2010-07-26,14.800000190734863,15.600000381469727,14.800000190734863,15.600000381469727,15.600000381469727,135
2010-07-27,16.799999237060547,16.799999237060547,14.800000190734863,14.800000190734863,14.800000190734863,305
2010-07-28,16.799999237060547,16.799999237060547,16.799999237060547,16.799999237060547,16.799999237060547,25
2010-07-29,14.800000190734863,17.399999618530273,14.800000190734863,17.399999618530273,17.399999618530273,275
2010-07-30,17.399999618530273,17.399999618530273,17.399999618530273,17.399999618530273,17.399999618530273,0
2010-08-02,17.399999618530273,17.399999618530273,17.399999618530273,17.399999618530273,17.399999618530273,0
2010-08-03,17.399999618530273,17.399999618530273,17.399999618530273,17.399999618530273,17.399999618530273,0
2010-08-04,17.399999618530273,17.399999618530273,17.399999618530273,17.399999618530273,17.399999618530273,0
2010-08-05,17.399999618530273,17.399999618530273,17.399999618530273,17.399999618530273,17.399999618530273,0
2010-08-06,17.399999618530273,21.799999237060547,17.399999618530273,20.799999237060547,20.799999237060547,2565
2010-08-09,20.0,21.799999237060547,15.0,20.0,20.0,735
2010-08-10,20.0,20.0,20.0,20.0,20.0,0
2010-08-11,20.0,20.0,20.0,20.0,20.0,0
2010-08-12,20.0,20.0,20.0,20.0,20.0,0
2010-08-13,19.799999237060547,20.0,15.0,20.0,20.0,3715
2010-08-16,20.0,21.799999237060547,20.0,20.0,20.0,1640
2010-08-17,20.0,20.0,20.0,20.0,20.0,0
2010-08-18,20.0,20.0,20.0,20.0,20.0,0
2010-08-19,20.0,20.0,20.0,20.0,20.0,475
2010-08-20,16.0,21.200000762939453,16.0,21.200000762939453,21.200000762939453,45
2010-08-23,19.0,21.799999237060547,19.0,21.799999237060547,21.799999237060547,30
2010-08-24,16.0,21.0,16.0,21.0,21.0,15
2010-08-25,20.0,20.0,16.0,20.0,20.0,715
2010-08-26,20.0,20.0,20.0,20.0,20.0,0
2010-08-27,16.0,20.399999618530273,16.0,20.399999618530273,20.399999618530273,800
2010-08-30,20.0,20.0,20.0,20.0,20.0,65
2010-08-31,16.600000381469727,21.799999237060547,16.600000381469727,21.799999237060547,21.799999237060547,355
2010-09-01,21.799999237060547,21.799999237060547,21.799999237060547,21.799999237060547,21.799999237060547,50
2010-09-02,18.200000762939453,21.799999237060547,18.200000762939453,21.799999237060547,21.799999237060547,65
2010-09-03,21.799999237060547,21.799999237060547,21.799999237060547,21.799999237060547,21.799999237060547,5
2010-09-07,21.799999237060547,21.799999237060547,21.799999237060547,21.799999237060547,21.799999237060547,0
2010-09-08,21.799999237060547,21.799999237060547,21.799999237060547,21.799999237060547,21.799999237060547,5
2010-09-09,21.799999237060547,21.799999237060547,21.799999237060547,21.799999237060547,21.799999237060547,15
2010-09-10,21.799999237060547,21.799999237060547,21.799999237060547,21.799999237060547,21.799999237060547,0
2010-09-13,21.799999237060547,21.799999237060547,21.799999237060547,21.799999237060547,21.799999237060547,0
2010-09-14,21.799999237060547,21.799999237060547,21.799999237060547,21.799999237060547,21.799999237060547,0
2010-09-15,21.799999237060547,21.799999237060547,21.799999237060547,21.799999237060547,21.799999237060547,0
2010-09-16,19.0,20.0,19.0,20.0,20.0,165
2010-09-17,20.0,20.0,20.0,20.0,20.0,0
2010-09-20,19.0,20.399999618530273,19.0,20.399999618530273,20.399999618530273,320
2010-09-21,20.399999618530273,20.399999618530273,20.399999618530273,20.399999618530273,20.399999618530273,0
2010-09-22,18.399999618530273,21.600000381469727,18.399999618530273,21.600000381469727,21.600000381469727,70
2010-09-23,19.0,19.0,19.0,19.0,19.0,25
2010-09-24,19.0,19.0,19.0,19.0,19.0,0
2010-09-27,19.0,19.0,19.0,19.0,19.0,0
2010-09-28,21.799999237060547,21.799999237060547,21.799999237060547,21.799999237060547,21.799999237060547,25
2010-09-29,20.399999618530273,21.799999237060547,20.399999618530273,21.799999237060547,21.799999237060547,495
2010-09-30,21.0,21.799999237060547,21.0,21.799999237060547,21.799999237060547,100
2010-10-01,21.799999237060547,21.799999237060547,21.799999237060547,21.799999237060547,21.799999237060547,140
2010-10-04,20.200000762939453,20.200000762939453,20.200000762939453,20.200000762939453,20.200000762939453,40
2010-10-05,20.200000762939453,20.200000762939453,20.200000762939453,20.200000762939453,20.200000762939453,0
2010-10-06,22.0,22.0,22.0,22.0,22.0,10
2010-10-07,17.399999618530273,20.0,17.399999618530273,20.0,20.0,940
2010-10-08,17.600000381469727,17.600000381469727,17.600000381469727,17.600000381469727,17.600000381469727,10
2010-10-11,19.799999237060547,19.799999237060547,19.799999237060547,19.799999237060547,19.799999237060547,75
2010-10-12,20.200000762939453,20.200000762939453,19.0,19.0,19.0,310
2010-10-13,19.0,19.0,19.0,19.0,19.0,25
2010-10-14,19.0,19.0,19.0,19.0,19.0,0
2010-10-15,17.200000762939453,20.0,17.200000762939453,17.200000762939453,17.200000762939453,350
2010-10-18,20.0,20.0,20.0,20.0,20.0,300
2010-10-19,20.0,20.0,20.0,20.0,20.0,10
2010-10-20,17.399999618530273,19.799999237060547,17.399999618530273,19.799999237060547,19.799999237060547,20
2010-10-21,19.799999237060547,19.799999237060547,19.799999237060547,19.799999237060547,19.799999237060547,0
2010-10-22,19.799999237060547,19.799999237060547,19.799999237060547,19.799999237060547,19.799999237060547,0
2010-10-25,19.799999237060547,19.799999237060547,19.799999237060547,19.799999237060547,19.799999237060547,0
2010-10-26,19.0,19.0,19.0,19.0,19.0,40
2010-10-27,20.0,20.0,20.0,20.0,20.0,10
2010-10-28,19.0,19.0,19.0,19.0,19.0,15
2010-10-29,19.0,19.0,17.0,17.0,17.0,100
2010-11-01,17.0,17.0,17.0,17.0,17.0,0
2010-11-02,17.0,17.0,17.0,17.0,17.0,15
2010-11-03,16.399999618530273,16.399999618530273,16.399999618530273,16.399999618530273,16.399999618530273,5
2010-11-04,20.0,20.0,16.799999237060547,16.799999237060547,16.799999237060547,75
2010-11-05,16.399999618530273,16.799999237060547,16.399999618530273,16.799999237060547,16.799999237060547,25
2010-11-08,20.0,20.0,20.0,20.0,20.0,25
2010-11-09,20.0,20.0,20.0,20.0,20.0,0
2010-11-10,16.399999618530273,16.399999618530273,16.399999618530273,16.399999618530273,16.399999618530273,25
2010-11-11,20.0,20.0,20.0,20.0,20.0,25
2010-11-12,20.0,20.0,20.0,20.0,20.0,0
2010-11-15,16.399999618530273,20.0,16.399999618530273,20.0,20.0,70
2010-11-16,15.800000190734863,18.0,15.800000190734863,18.0,18.0,375
2010-11-17,18.0,18.0,18.0,18.0,18.0,0
2010-11-18,18.0,18.0,18.0,18.0,18.0,0
2010-11-19,15.800000190734863,15.800000190734863,15.800000190734863,15.800000190734863,15.800000190734863,50
2010-11-22,16.399999618530273,16.399999618530273,16.399999618530273,16.399999618530273,16.399999618530273,65
2010-11-23,16.399999618530273,16.399999618530273,16.399999618530273,16.399999618530273,16.399999618530273,0
2010-11-24,15.800000190734863,15.800000190734863,15.800000190734863,15.800000190734863,15.800000190734863,15
2010-11-26,15.800000190734863,15.800000190734863,15.800000190734863,15.800000190734863,15.800000190734863,0
2010-11-29,15.800000190734863,15.800000190734863,15.800000190734863,15.800000190734863,15.800000190734863,0
2010-11-30,18.0,18.0,15.800000190734863,15.800000190734863,15.800000190734863,625
2010-12-01,15.800000190734863,15.800000190734863,15.800000190734863,15.800000190734863,15.800000190734863,165
2010-12-02,15.800000190734863,15.800000190734863,15.800000190734863,15.800000190734863,15.800000190734863,0
2010-12-03,15.800000190734863,15.800000190734863,15.800000190734863,15.800000190734863,15.800000190734863,25
2010-12-06,15.199999809265137,15.199999809265137,14.199999809265137,14.199999809265137,14.199999809265137,1695
2010-12-07,14.600000381469727,14.600000381469727,14.600000381469727,14.600000381469727,14.600000381469727,150
2010-12-08,17.0,17.0,17.0,17.0,17.0,75
2010-12-09,13.600000381469727,17.0,13.600000381469727,17.0,17.0,35
2010-12-10,15.0,18.0,15.0,18.0,18.0,225
2010-12-13,13.600000381469727,13.800000190734863,12.399999618530273,12.399999618530273,12.399999618530273,1185
2010-12-14,12.399999618530273,12.399999618530273,12.399999618530273,12.399999618530273,12.399999618530273,0
2010-12-15,18.0,18.0,18.0,18.0,18.0,50
2010-12-16,17.799999237060547,17.799999237060547,17.799999237060547,17.799999237060547,17.799999237060547,15
2010-12-17,17.799999237060547,17.799999237060547,17.799999237060547,17.799999237060547,17.799999237060547,0
2010-12-20,13.800000190734863,15.0,13.800000190734863,15.0,15.0,135
2010-12-21,13.600000381469727,15.0,13.600000381469727,15.0,15.0,265
2010-12-22,15.0,15.0,13.600000381469727,13.600000381469727,13.600000381469727,540
2010-12-23,14.0,14.0,14.0,14.0,14.0,45
2010-12-27,14.0,14.0,13.600000381469727,13.600000381469727,13.600000381469727,115
2010-12-28,13.600000381469727,13.600000381469727,13.600000381469727,13.600000381469727,13.600000381469727,10
2010-12-29,13.199999809265137,13.199999809265137,13.199999809265137,13.199999809265137,13.199999809265137,135
2010-12-30,14.0,14.0,14.0,14.0,14.0,100
2010-12-31,14.800000190734863,16.0,14.800000190734863,14.800000190734863,14.800000190734863,480
2011-01-03,14.800000190734863,14.800000190734863,14.800000190734863,14.800000190734863,14.800000190734863,0
2011-01-04,15.0,16.0,15.0,16.0,16.0,330
2011-01-05,16.0,16.0,16.0,16.0,16.0,65
2011-01-06,16.0,16.0,16.0,16.0,16.0,5
2011-01-07,16.0,16.0,16.0,16.0,16.0,0
2011-01-10,14.0,16.200000762939453,14.0,16.200000762939453,16.200000762939453,45
2011-01-11,14.0,14.0,14.0,14.0,14.0,100
2011-01-12,13.399999618530273,13.399999618530273,13.399999618530273,13.399999618530273,13.399999618530273,15
2011-01-13,13.399999618530273,13.399999618530273,13.399999618530273,13.399999618530273,13.399999618530273,0
2011-01-14,13.399999618530273,13.399999618530273,13.399999618530273,13.399999618530273,13.399999618530273,0
2011-01-18,12.600000381469727,13.600000381469727,12.600000381469727,13.600000381469727,13.600000381469727,365
2011-01-19,13.600000381469727,13.600000381469727,13.600000381469727,13.600000381469727,13.600000381469727,0
2011-01-20,12.800000190734863,12.800000190734863,12.800000190734863,12.800000190734863,12.800000190734863,15
2011-01-21,14.0,14.0,12.800000190734863,12.800000190734863,12.800000190734863,600
2011-01-24,12.800000190734863,12.800000190734863,12.800000190734863,12.800000190734863,12.800000190734863,0
2011-01-25,12.800000190734863,12.800000190734863,12.800000190734863,12.800000190734863,12.800000190734863,20
2011-01-26,12.800000190734863,12.800000190734863,12.800000190734863,12.800000190734863,12.800000190734863,15
2011-01-27,12.800000190734863,15.0,12.800000190734863,15.0,15.0,250
2011-01-28,15.0,15.0,15.0,15.0,15.0,0
2011-01-31,15.0,15.0,15.0,15.0,15.0,0
2011-02-01,14.0,14.0,14.0,14.0,14.0,5
2011-02-02,14.0,14.0,14.0,14.0,14.0,155
2011-02-03,14.0,14.0,14.0,14.0,14.0,0
2011-02-04,14.0,14.0,14.0,14.0,14.0,10
2011-02-07,12.800000190734863,12.800000190734863,12.800000190734863,12.800000190734863,12.800000190734863,50
2011-02-08,12.800000190734863,12.800000190734863,12.800000190734863,12.800000190734863,12.800000190734863,0
2011-02-09,12.800000190734863,12.800000190734863,12.800000190734863,12.800000190734863,12.800000190734863,0
2011-02-10,12.800000190734863,12.800000190734863,12.800000190734863,12.800000190734863,12.800000190734863,0
2011-02-11,11.600000381469727,11.600000381469727,11.600000381469727,11.600000381469727,11.600000381469727,5
2011-02-14,11.600000381469727,11.600000381469727,11.600000381469727,11.600000381469727,11.600000381469727,0
2011-02-15,11.600000381469727,11.600000381469727,11.600000381469727,11.600000381469727,11.600000381469727,0
2011-02-16,11.600000381469727,11.600000381469727,11.600000381469727,11.600000381469727,11.600000381469727,0
2011-02-17,11.600000381469727,11.600000381469727,11.600000381469727,11.600000381469727,11.600000381469727,0
2011-02-18,17.0,17.0,16.0,16.799999237060547,16.799999237060547,110
2011-02-22,11.600000381469727,16.399999618530273,11.600000381469727,11.600000381469727,11.600000381469727,90
2011-02-23,11.0,12.600000381469727,10.600000381469727,12.600000381469727,12.600000381469727,530
2011-02-24,10.199999809265137,10.199999809265137,10.199999809265137,10.199999809265137,10.199999809265137,10
2011-02-25,10.199999809265137,10.199999809265137,10.199999809265137,10.199999809265137,10.199999809265137,0
2011-02-28,10.199999809265137,10.199999809265137,10.199999809265137,10.199999809265137,10.199999809265137,0
2011-03-01,10.199999809265137,10.199999809265137,10.199999809265137,10.199999809265137,10.199999809265137,10
2011-03-02,10.199999809265137,10.199999809265137,10.199999809265137,10.199999809265137,10.199999809265137,0
2011-03-03,10.199999809265137,10.199999809265137,10.199999809265137,10.199999809265137,10.199999809265137,0
2011-03-04,10.199999809265137,10.199999809265137,10.199999809265137,10.199999809265137,10.199999809265137,25
2011-03-07,10.199999809265137,10.600000381469727,10.199999809265137,10.600000381469727,10.600000381469727,80
2011-03-08,10.600000381469727,10.600000381469727,10.600000381469727,10.600000381469727,10.600000381469727,0
2011-03-09,10.600000381469727,10.600000381469727,10.600000381469727,10.600000381469727,10.600000381469727,0
2011-03-10,10.600000381469727,10.600000381469727,10.600000381469727,10.600000381469727,10.600000381469727,0
2011-03-11,10.600000381469727,10.600000381469727,10.600000381469727,10.600000381469727,10.600000381469727,0
2011-03-14,8.199999809265137,13.800000190734863,8.199999809265137,12.0,12.0,100
2011-03-15,12.0,12.0,12.0,12.0,12.0,0
2011-03-16,12.0,12.0,12.0,12.0,12.0,0
2011-03-17,8.199999809265137,8.199999809265137,8.199999809265137,8.199999809265137,8.199999809265137,55
2011-03-18,8.199999809265137,8.199999809265137,8.199999809265137,8.199999809265137,8.199999809265137,75
2011-03-21,11.800000190734863,13.800000190734863,11.800000190734863,13.800000190734863,13.800000190734863,50
2011-03-22,9.0,13.800000190734863,9.0,13.800000190734863,13.800000190734863,75
2011-03-23,13.800000190734863,13.800000190734863,13.800000190734863,13.800000190734863,13.800000190734863,0
2011-03-24,13.800000190734863,13.800000190734863,13.800000190734863,13.800000190734863,13.800000190734863,0
2011-03-25,9.0,13.800000190734863,9.0,13.800000190734863,13.800000190734863,45
2011-03-28,13.800000190734863,13.800000190734863,13.800000190734863,13.800000190734863,13.800000190734863,0
2011-03-29,9.0,13.800000190734863,9.0,13.800000190734863,13.800000190734863,70
2011-03-30,13.800000190734863,13.800000190734863,13.800000190734863,13.800000190734863,13.800000190734863,0
2011-03-31,9.0,9.0,9.0,9.0,9.0,15
2011-04-01,13.800000190734863,13.800000190734863,9.399999618530273,9.399999618530273,9.399999618530273,40
2011-04-04,9.0,9.0,8.800000190734863,9.0,9.0,475
2011-04-05,6.400000095367432,10.0,6.400000095367432,10.0,10.0,275
2011-04-06,6.800000190734863,11.0,6.800000190734863,11.0,11.0,275
2011-04-07,7.0,11.0,7.0,11.0,11.0,30
2011-04-08,11.0,11.0,11.0,11.0,11.0,0
2011-04-11,8.199999809265137,11.0,8.199999809265137,11.0,11.0,150
2011-04-12,11.0,11.0,11.0,11.0,11.0,0
2011-04-13,11.0,11.0,11.0,11.0,11.0,0
2011-04-14,11.0,11.0,11.0,11.0,11.0,0
2011-04-15,11.0,11.0,11.0,11.0,11.0,0
2011-04-18,11.0,13.800000190734863,11.0,13.800000190734863,13.800000190734863,125
2011-04-19,13.800000190734863,13.800000190734863,13.800000190734863,13.800000190734863,13.800000190734863,0
2011-04-20,13.800000190734863,13.800000190734863,13.800000190734863,13.800000190734863,13.800000190734863,0
2011-04-21,13.800000190734863,13.800000190734863,13.800000190734863,13.800000190734863,13.800000190734863,0
2011-04-25,13.800000190734863,13.800000190734863,13.800000190734863,13.800000190734863,13.800000190734863,0
2011-04-26,11.0,13.800000190734863,11.0,13.800000190734863,13.800000190734863,55
2011-04-27,13.800000190734863,13.800000190734863,13.800000190734863,13.800000190734863,13.800000190734863,0
2011-04-28,13.800000190734863,13.800000190734863,13.800000190734863,13.800000190734863,13.800000190734863,0
2011-04-29,11.0,11.0,11.0,11.0,11.0,105
2011-05-02,13.800000190734863,13.800000190734863,13.800000190734863,13.800000190734863,13.800000190734863,50
2011-05-03,11.0,11.0,11.0,11.0,11.0,125
2011-05-04,11.0,11.0,11.0,11.0,11.0,5
2011-05-05,13.800000190734863,14.0,9.399999618530273,9.399999618530273,9.399999618530273,1420
2011-05-06,9.399999618530273,9.399999618530273,9.399999618530273,9.399999618530273,9.399999618530273,0
2011-05-09,9.0,9.0,9.0,9.0,9.0,10
2011-05-10,9.0,9.0,9.0,9.0,9.0,0
2011-05-11,9.0,9.0,9.0,9.0,9.0,0
2011-05-12,9.0,9.0,9.0,9.0,9.0,200
2011-05-13,10.199999809265137,10.199999809265137,10.199999809265137,10.199999809265137,10.199999809265137,125
2011-05-16,8.199999809265137,11.800000190734863,8.199999809265137,11.800000190734863,11.800000190734863,40
2011-05-17,11.800000190734863,11.800000190734863,11.800000190734863,11.800000190734863,11.800000190734863,0
2011-05-18,11.800000190734863,11.800000190734863,11.800000190734863,11.800000190734863,11.800000190734863,0
2011-05-19,11.800000190734863,11.800000190734863,11.800000190734863,11.800000190734863,11.800000190734863,0
2011-05-20,8.199999809265137,11.800000190734863,8.199999809265137,11.800000190734863,11.800000190734863,50
2011-05-23,11.800000190734863,11.800000190734863,11.800000190734863,11.800000190734863,11.800000190734863,0
2011-05-24,8.199999809265137,11.800000190734863,8.199999809265137,11.800000190734863,11.800000190734863,30
2011-05-25,11.800000190734863,11.800000190734863,11.800000190734863,11.800000190734863,11.800000190734863,0
2011-05-26,11.800000190734863,11.800000190734863,11.800000190734863,11.800000190734863,11.800000190734863,0
2011-05-27,11.800000190734863,11.800000190734863,11.800000190734863,11.800000190734863,11.800000190734863,0
2011-05-31,11.800000190734863,11.800000190734863,11.800000190734863,11.800000190734863,11.800000190734863,0
2011-06-01,11.800000190734863,11.800000190734863,11.800000190734863,11.800000190734863,11.800000190734863,0
2011-06-02,8.399999618530273,11.800000190734863,8.399999618530273,11.800000190734863,11.800000190734863,60
2011-06-03,11.800000190734863,11.800000190734863,11.800000190734863,11.800000190734863,11.800000190734863,0
2011-06-06,11.800000190734863,11.800000190734863,11.800000190734863,11.800000190734863,11.800000190734863,0
2011-06-07,11.800000190734863,11.800000190734863,11.800000190734863,11.800000190734863,11.800000190734863,0
2011-06-08,8.199999809265137,8.199999809265137,8.199999809265137,8.199999809265137,8.199999809265137,335
2011-06-09,8.199999809265137,8.199999809265137,8.199999809265137,8.199999809265137,8.199999809265137,0
2011-06-10,8.199999809265137,8.199999809265137,8.199999809265137,8.199999809265137,8.199999809265137,0
2011-06-13,8.0,8.0,8.0,8.0,8.0,130
2011-06-14,10.199999809265137,10.199999809265137,10.199999809265137,10.199999809265137,10.199999809265137,125
2011-06-15,7.599999904632568,7.599999904632568,7.599999904632568,7.599999904632568,7.599999904632568,360
2011-06-16,7.599999904632568,7.599999904632568,7.599999904632568,7.599999904632568,7.599999904632568,0
2011-06-17,7.599999904632568,7.599999904632568,7.599999904632568,7.599999904632568,7.599999904632568,0
2011-06-20,7.599999904632568,7.599999904632568,7.599999904632568,7.599999904632568,7.599999904632568,0
2011-06-21,10.199999809265137,10.199999809265137,10.199999809265137,10.199999809265137,10.199999809265137,10
2011-06-22,10.199999809265137,10.199999809265137,10.199999809265137,10.199999809265137,10.199999809265137,0
2011-06-23,7.199999809265137,7.199999809265137,7.199999809265137,7.199999809265137,7.199999809265137,15
2011-06-24,7.199999809265137,7.199999809265137,7.199999809265137,7.199999809265137,7.199999809265137,0
2011-06-27,7.199999809265137,7.199999809265137,7.199999809265137,7.199999809265137,7.199999809265137,0
2011-06-28,7.199999809265137,7.199999809265137,7.199999809265137,7.199999809265137,7.199999809265137,20
2011-06-29,7.199999809265137,7.199999809265137,7.199999809265137,7.199999809265137,7.199999809265137,0
2011-06-30,10.199999809265137,10.199999809265137,7.400000095367432,7.400000095367432,7.400000095367432,100
2011-07-01,7.400000095367432,7.400000095367432,7.400000095367432,7.400000095367432,7.400000095367432,5
2011-07-05,7.400000095367432,7.400000095367432,7.400000095367432,7.400000095367432,7.400000095367432,0
2011-07-06,7.400000095367432,7.400000095367432,7.400000095367432,7.400000095367432,7.400000095367432,0
2011-07-07,7.400000095367432,7.400000095367432,7.400000095367432,7.400000095367432,7.400000095367432,0
2011-07-08,7.400000095367432,7.400000095367432,7.400000095367432,7.400000095367432,7.400000095367432,0
2011-07-11,7.400000095367432,7.400000095367432,7.400000095367432,7.400000095367432,7.400000095367432,0
2011-07-12,7.400000095367432,7.400000095367432,7.400000095367432,7.400000095367432,7.400000095367432,0
2011-07-13,7.400000095367432,7.400000095367432,7.400000095367432,7.400000095367432,7.400000095367432,15
2011-07-14,7.400000095367432,7.400000095367432,7.400000095367432,7.400000095367432,7.400000095367432,10
2011-07-15,7.400000095367432,7.400000095367432,7.400000095367432,7.400000095367432,7.400000095367432,0
2011-07-18,14.0,14.0,11.0,11.0,11.0,615
2011-07-19,11.0,11.0,11.0,11.0,11.0,0
2011-07-20,11.0,11.0,11.0,11.0,11.0,0
2011-07-21,11.0,11.0,11.0,11.0,11.0,0
2011-07-22,11.0,11.0,11.0,11.0,11.0,0
2011-07-25,7.400000095367432,7.400000095367432,7.400000095367432,7.400000095367432,7.400000095367432,475
2011-07-26,7.400000095367432,7.400000095367432,7.400000095367432,7.400000095367432,7.400000095367432,0
2011-07-27,11.0,12.0,11.0,12.0,12.0,25
2011-07-28,7.400000095367432,7.400000095367432,7.400000095367432,7.400000095367432,7.400000095367432,30
2011-07-29,8.0,8.0,8.0,8.0,8.0,5
2011-08-01,8.0,8.0,8.0,8.0,8.0,0
2011-08-02,8.0,8.0,8.0,8.0,8.0,505
2011-08-03,8.0,8.0,8.0,8.0,8.0,0
2011-08-04,8.0,8.0,8.0,8.0,8.0,0
2011-08-05,7.400000095367432,7.400000095367432,6.0,6.0,6.0,40
2011-08-08,7.0,7.0,7.0,7.0,7.0,915
2011-08-09,7.0,7.0,7.0,7.0,7.0,150
2011-08-10,7.0,7.0,7.0,7.0,7.0,0
2011-08-11,7.0,7.0,7.0,7.0,7.0,0
2011-08-12,7.0,7.0,7.0,7.0,7.0,0
2011-08-15,7.0,7.0,7.0,7.0,7.0,0
2011-08-16,6.0,7.0,6.0,7.0,7.0,1050
2011-08-17,9.600000381469727,9.600000381469727,9.600000381469727,9.600000381469727,9.600000381469727,250
2011-08-18,9.600000381469727,9.600000381469727,9.600000381469727,9.600000381469727,9.600000381469727,0
2011-08-19,9.600000381469727,9.600000381469727,9.600000381469727,9.600000381469727,9.600000381469727,0
2011-08-22,9.600000381469727,9.600000381469727,9.600000381469727,9.600000381469727,9.600000381469727,0
2011-08-23,9.600000381469727,9.600000381469727,9.600000381469727,9.600000381469727,9.600000381469727,0
2011-08-24,9.600000381469727,9.600000381469727,9.600000381469727,9.600000381469727,9.600000381469727,0
2011-08-25,9.600000381469727,9.600000381469727,9.600000381469727,9.600000381469727,9.600000381469727,0
2011-08-26,9.600000381469727,9.600000381469727,9.600000381469727,9.600000381469727,9.600000381469727,0
2011-08-29,6.599999904632568,10.399999618530273,6.599999904632568,10.399999618530273,10.399999618530273,55
2011-08-30,10.399999618530273,10.399999618530273,10.399999618530273,10.399999618530273,10.399999618530273,0
2011-08-31,10.399999618530273,10.399999618530273,10.399999618530273,10.399999618530273,10.399999618530273,0
2011-09-01,10.399999618530273,10.399999618530273,10.399999618530273,10.399999618530273,10.399999618530273,0
2011-09-02,10.399999618530273,10.399999618530273,10.399999618530273,10.399999618530273,10.399999618530273,0
2011-09-06,10.399999618530273,10.399999618530273,10.399999618530273,10.399999618530273,10.399999618530273,0
2011-09-07,10.399999618530273,10.399999618530273,10.399999618530273,10.399999618530273,10.399999618530273,0
2011-09-08,10.399999618530273,10.399999618530273,10.399999618530273,10.399999618530273,10.399999618530273,0
2011-09-09,10.399999618530273,10.399999618530273,10.399999618530273,10.399999618530273,10.399999618530273,0
2011-09-12,10.399999618530273,10.399999618530273,10.399999618530273,10.399999618530273,10.399999618530273,0
2011-09-13,6.599999904632568,10.600000381469727,6.599999904632568,10.600000381469727,10.600000381469727,55
2011-09-14,10.600000381469727,10.600000381469727,10.600000381469727,10.600000381469727,10.600000381469727,0
2011-09-15,10.600000381469727,10.600000381469727,10.600000381469727,10.600000381469727,10.600000381469727,0
2011-09-16,10.600000381469727,10.600000381469727,10.600000381469727,10.600000381469727,10.600000381469727,0
2011-09-19,16.0,16.0,16.0,16.0,16.0,45
2011-09-20,8.0,16.0,8.0,16.0,16.0,35
2011-09-21,16.0,16.0,16.0,16.0,16.0,0
2011-09-22,16.0,16.0,16.0,16.0,16.0,0
2011-09-23,8.0,16.0,8.0,16.0,16.0,55
2011-09-26,8.0,16.0,8.0,16.0,16.0,35
2011-09-27,16.0,16.0,8.0,8.0,8.0,40
2011-09-28,8.0,16.0,8.0,10.199999809265137,10.199999809265137,60
2011-09-29,14.600000381469727,15.0,8.0,15.0,15.0,80
2011-09-30,8.0,15.0,8.0,15.0,15.0,40
2011-10-03,15.0,15.0,15.0,15.0,15.0,0
2011-10-04,8.0,14.399999618530273,8.0,14.399999618530273,14.399999618530273,60
2011-10-05,14.399999618530273,14.399999618530273,14.399999618530273,14.399999618530273,14.399999618530273,0
2011-10-06,14.399999618530273,14.399999618530273,14.399999618530273,14.399999618530273,14.399999618530273,0
2011-10-07,14.399999618530273,14.399999618530273,14.399999618530273,14.399999618530273,14.399999618530273,0
2011-10-10,14.399999618530273,14.399999618530273,14.399999618530273,14.399999618530273,14.399999618530273,0
2011-10-11,14.399999618530273,14.399999618530273,14.399999618530273,14.399999618530273,14.399999618530273,0
2011-10-12,15.0,15.0,8.399999618530273,15.0,15.0,30
2011-10-13,15.0,15.0,15.0,15.0,15.0,0
2011-10-14,15.0,15.0,15.0,15.0,15.0,0
2011-10-17,15.0,15.0,15.0,15.0,15.0,0
2011-10-18,15.0,15.0,15.0,15.0,15.0,0
2011-10-19,9.0,14.800000190734863,9.0,14.800000190734863,14.800000190734863,40
2011-10-20,14.800000190734863,14.800000190734863,14.800000190734863,14.800000190734863,14.800000190734863,0
2011-10-21,14.800000190734863,14.800000190734863,14.800000190734863,14.800000190734863,14.800000190734863,0
2011-10-24,14.800000190734863,14.800000190734863,14.800000190734863,14.800000190734863,14.800000190734863,0
2011-10-25,14.399999618530273,14.399999618530273,14.399999618530273,14.399999618530273,14.399999618530273,350
2011-10-26,15.0,15.0,15.0,15.0,15.0,20
2011-10-27,15.0,15.0,15.0,15.0,15.0,0
2011-10-28,15.0,15.0,15.0,15.0,15.0,0
2011-10-31,15.0,15.0,15.0,15.0,15.0,0
2011-11-01,15.0,15.0,15.0,15.0,15.0,0
2011-11-02,15.0,15.0,15.0,15.0,15.0,0
2011-11-03,8.0,14.0,8.0,14.0,14.0,385
2011-11-04,9.0,14.0,9.0,14.0,14.0,75
2011-11-07,9.0,9.0,9.0,9.0,9.0,10
2011-11-08,9.0,9.0,9.0,9.0,9.0,0
2011-11-09,14.0,14.0,14.0,14.0,14.0,25
2011-11-10,9.0,14.0,9.0,14.0,14.0,165
2011-11-11,9.0,14.0,9.0,14.0,14.0,130
2011-11-14,10.0,14.0,10.0,14.0,14.0,95
2011-11-15,9.199999809265137,14.0,9.199999809265137,14.0,14.0,55
2011-11-16,9.199999809265137,15.0,9.0,15.0,15.0,1065
2011-11-17,15.0,15.0,15.0,15.0,15.0,0
2011-11-18,9.600000381469727,15.0,9.600000381469727,9.600000381469727,9.600000381469727,60
2011-11-21,11.0,15.0,11.0,15.0,15.0,170
2011-11-22,6.199999809265137,14.0,6.199999809265137,14.0,14.0,90
2011-11-23,6.199999809265137,14.800000190734863,6.199999809265137,14.800000190734863,14.800000190734863,40
2011-11-25,14.800000190734863,14.800000190734863,14.800000190734863,14.800000190734863,14.800000190734863,0
2011-11-28,14.800000190734863,14.800000190734863,14.800000190734863,14.800000190734863,14.800000190734863,0
2011-11-29,14.800000190734863,14.800000190734863,14.800000190734863,14.800000190734863,14.800000190734863,0
2011-11-30,6.199999809265137,15.0,6.199999809265137,14.0,14.0,260
2011-12-01,8.0,14.0,8.0,14.0,14.0,165
2011-12-02,8.399999618530273,14.0,8.399999618530273,14.0,14.0,30
2011-12-05,14.0,14.0,14.0,14.0,14.0,0
2011-12-06,8.800000190734863,14.800000190734863,8.800000190734863,8.800000190734863,8.800000190734863,445
2011-12-07,10.800000190734863,13.800000190734863,10.800000190734863,13.800000190734863,13.800000190734863,150
2011-12-08,9.600000381469727,13.800000190734863,9.600000381469727,13.800000190734863,13.800000190734863,30
2011-12-09,14.0,14.0,14.0,14.0,14.0,25
2011-12-12,14.0,14.0,14.0,14.0,14.0,0
2011-12-13,10.199999809265137,15.0,10.199999809265137,13.0,13.0,620
2011-12-14,13.0,13.0,13.0,13.0,13.0,0
2011-12-15,10.199999809265137,15.0,10.199999809265137,11.0,11.0,115
2011-12-16,11.0,11.0,11.0,11.0,11.0,0
2011-12-19,10.0,12.0,9.600000381469727,12.0,12.0,570
2011-12-20,15.0,15.0,15.0,15.0,15.0,125
2011-12-21,9.600000381469727,15.0,9.600000381469727,15.0,15.0,45
2011-12-22,9.600000381469727,15.0,9.600000381469727,15.0,15.0,305
2011-12-23,15.0,15.0,15.0,15.0,15.0,0
2011-12-27,9.600000381469727,10.199999809265137,9.600000381469727,9.600000381469727,9.600000381469727,175
2011-12-28,14.800000190734863,14.800000190734863,14.800000190734863,14.800000190734863,14.800000190734863,25
2011-12-29,14.800000190734863,14.800000190734863,14.800000190734863,14.800000190734863,14.800000190734863,0
2011-12-30,9.600000381469727,15.0,9.600000381469727,15.0,15.0,1450
2012-01-03,15.0,15.0,15.0,15.0,15.0,5
2012-01-04,15.0,15.0,15.0,15.0,15.0,0
2012-01-05,15.0,15.0,15.0,15.0,15.0,0
2012-01-06,15.0,15.0,15.0,15.0,15.0,0
2012-01-09,6.199999809265137,15.0,6.199999809265137,15.0,15.0,50
2012-01-10,6.199999809265137,6.199999809265137,6.199999809265137,6.199999809265137,6.199999809265137,15
2012-01-11,15.0,15.0,6.599999904632568,13.0,13.0,70
2012-01-12,13.0,13.0,13.0,13.0,13.0,0
2012-01-13,13.0,13.0,13.0,13.0,13.0,0
2012-01-17,9.800000190734863,13.0,9.800000190734863,13.0,13.0,125
2012-01-18,7.0,12.0,7.0,12.0,12.0,1050
2012-01-19,12.0,12.0,12.0,12.0,12.0,0
2012-01-20,8.600000381469727,13.0,8.600000381469727,13.0,13.0,20
2012-01-23,13.0,13.0,13.0,13.0,13.0,0
2012-01-24,11.0,13.0,9.800000190734863,13.0,13.0,55
2012-01-25,12.800000190734863,12.800000190734863,12.800000190734863,12.800000190734863,12.800000190734863,70
2012-01-26,12.800000190734863,12.800000190734863,12.800000190734863,12.800000190734863,12.800000190734863,0
2012-01-27,13.0,13.0,13.0,13.0,13.0,25
2012-01-30,11.399999618530273,13.0,11.399999618530273,13.0,13.0,50
2012-01-31,13.0,13.0,13.0,13.0,13.0,0
2012-02-01,10.399999618530273,10.399999618530273,10.199999809265137,10.199999809265137,10.199999809265137,350
2012-02-02,10.199999809265137,10.199999809265137,10.199999809265137,10.199999809265137,10.199999809265137,10
2012-02-03,13.0,13.0,13.0,13.0,13.0,30
2012-02-06,13.0,13.0,13.0,13.0,13.0,25
2012-02-07,13.0,13.0,13.0,13.0,13.0,0
2012-02-08,13.0,13.0,13.0,13.0,13.0,0
2012-02-09,13.0,13.0,13.0,13.0,13.0,0
2012-02-10,13.0,13.0,13.0,13.0,13.0,0
2012-02-13,9.600000381469727,10.0,9.600000381469727,10.0,10.0,170
2012-02-14,10.0,10.0,10.0,10.0,10.0,0
2012-02-15,10.0,10.0,10.0,10.0,10.0,0
2012-02-16,10.0,10.0,10.0,10.0,10.0,0
2012-02-17,9.600000381469727,9.600000381469727,9.600000381469727,9.600000381469727,9.600000381469727,325
2012-02-21,9.600000381469727,9.600000381469727,9.600000381469727,9.600000381469727,9.600000381469727,0
2012-02-22,9.800000190734863,9.800000190734863,9.800000190734863,9.800000190734863,9.800000190734863,265
2012-02-23,12.0,12.0,11.800000190734863,12.0,12.0,1080
2012-02-24,12.0,12.0,12.0,12.0,12.0,0
2012-02-27,13.0,13.0,13.0,13.0,13.0,50
2012-02-28,13.0,13.0,13.0,13.0,13.0,2500
2012-02-29,9.800000190734863,14.0,9.800000190734863,14.0,14.0,850
2012-03-01,14.0,14.0,14.0,14.0,14.0,0
2012-03-02,14.0,14.0,14.0,14.0,14.0,25
2012-03-05,14.0,14.0,14.0,14.0,14.0,0
2012-03-06,14.0,14.0,14.0,14.0,14.0,0
2012-03-07,13.0,13.0,13.0,13.0,13.0,50
2012-03-08,10.0,12.0,10.0,12.0,12.0,115
2012-03-09,10.0,13.0,10.0,13.0,13.0,30
2012-03-12,13.0,13.0,13.0,13.0,13.0,0
2012-03-13,13.0,13.0,13.0,13.0,13.0,0
2012-03-14,13.0,13.0,13.0,13.0,13.0,0
2012-03-15,13.0,13.0,13.0,13.0,13.0,0
2012-03-16,13.0,13.0,13.0,13.0,13.0,40
2012-03-19,10.0,13.0,10.0,13.0,13.0,30
2012-03-20,13.0,13.0,13.0,13.0,13.0,0
2012-03-21,13.0,13.0,13.0,13.0,13.0,0
2012-03-22,10.199999809265137,13.0,10.199999809265137,13.0,13.0,60
2012-03-23,13.0,13.0,13.0,13.0,13.0,0
2012-03-26,13.0,13.0,13.0,13.0,13.0,40
2012-03-27,10.399999618530273,13.0,10.399999618530273,13.0,13.0,95
2012-03-28,10.399999618530273,12.800000190734863,10.399999618530273,12.800000190734863,12.800000190734863,35
2012-03-29,10.399999618530273,12.800000190734863,10.399999618530273,12.800000190734863,12.800000190734863,75
2012-03-30,11.0,13.0,11.0,13.0,13.0,220
2012-04-02,13.0,13.0,13.0,13.0,13.0,0
2012-04-03,13.0,13.0,13.0,13.0,13.0,0
2012-04-04,13.0,13.0,13.0,13.0,13.0,0
2012-04-05,13.0,13.0,13.0,13.0,13.0,0
2012-04-09,13.0,13.0,13.0,13.0,13.0,0
2012-04-10,13.0,13.0,13.0,13.0,13.0,0
2012-04-11,10.600000381469727,13.0,10.600000381469727,10.600000381469727,10.600000381469727,245
2012-04-12,13.0,13.0,13.0,13.0,13.0,25
2012-04-13,13.0,13.0,13.0,13.0,13.0,0
2012-04-16,13.0,13.0,13.0,13.0,13.0,0
2012-04-17,13.0,13.0,13.0,13.0,13.0,0
2012-04-18,6.199999809265137,13.0,6.199999809265137,13.0,13.0,120
2012-04-19,10.800000190734863,12.0,7.400000095367432,7.400000095367432,7.400000095367432,45
2012-04-20,12.0,12.0,12.0,12.0,12.0,20
2012-04-23,12.0,12.0,12.0,12.0,12.0,0
2012-04-24,12.0,12.0,12.0,12.0,12.0,20
2012-04-25,12.0,12.0,12.0,12.0,12.0,0
2012-04-26,12.0,12.0,12.0,12.0,12.0,25
2012-04-27,12.0,12.0,12.0,12.0,12.0,0
2012-04-30,10.0,12.0,10.0,12.0,12.0,240
2012-05-01,12.0,12.0,12.0,12.0,12.0,0
2012-05-02,6.199999809265137,12.0,6.199999809265137,12.0,12.0,35
2012-05-03,12.0,12.0,12.0,12.0,12.0,0
2012-05-04,12.0,12.0,12.0,12.0,12.0,0
2012-05-07,12.0,12.0,12.0,12.0,12.0,50
2012-05-08,10.0,12.0,10.0,12.0,12.0,55
2012-05-09,10.0,12.0,10.0,12.0,12.0,75
2012-05-10,12.0,12.0,12.0,12.0,12.0,0
2012-05-11,6.199999809265137,12.0,6.199999809265137,12.0,12.0,35
2012-05-14,12.0,12.0,12.0,12.0,12.0,0
2012-05-15,12.0,12.0,12.0,12.0,12.0,0
2012-05-16,12.0,12.0,12.0,12.0,12.0,0
2012-05-17,12.0,12.0,12.0,12.0,12.0,0
2012-05-18,12.0,12.0,12.0,12.0,12.0,0
2012-05-21,12.0,12.0,12.0,12.0,12.0,0
2012-05-22,12.0,12.0,12.0,12.0,12.0,0
2012-05-23,12.0,12.0,12.0,12.0,12.0,0
2012-05-24,10.600000381469727,12.0,10.399999618530273,12.0,12.0,65
2012-05-25,12.0,12.0,12.0,12.0,12.0,0
2012-05-29,10.0,12.0,7.599999904632568,12.0,12.0,60
2012-05-30,12.0,12.0,12.0,12.0,12.0,0
2012-05-31,12.0,12.0,12.0,12.0,12.0,0
2012-06-01,12.0,12.0,12.0,12.0,12.0,65
2012-06-04,12.0,12.0,12.0,12.0,12.0,0
2012-06-05,12.0,12.0,12.0,12.0,12.0,0
2012-06-06,6.199999809265137,12.0,6.199999809265137,12.0,12.0,20
2012-06-07,12.0,12.0,12.0,12.0,12.0,0
2012-06-08,7.0,12.0,7.0,12.0,12.0,65
2012-06-11,12.0,12.0,12.0,12.0,12.0,0
2012-06-12,12.0,12.0,12.0,12.0,12.0,0
2012-06-13,12.0,12.0,12.0,12.0,12.0,25
2012-06-14,8.199999809265137,8.199999809265137,7.0,7.0,7.0,65
2012-06-15,12.0,12.0,12.0,12.0,12.0,10
2012-06-18,12.0,12.0,12.0,12.0,12.0,0
2012-06-19,12.0,12.0,12.0,12.0,12.0,0
2012-06-20,12.0,12.0,12.0,12.0,12.0,0
2012-06-21,12.0,12.0,12.0,12.0,12.0,0
2012-06-22,12.0,12.0,12.0,12.0,12.0,10
2012-06-25,12.0,12.0,12.0,12.0,12.0,0
2012-06-26,7.0,12.0,7.0,12.0,12.0,20
2012-06-27,12.0,12.0,12.0,12.0,12.0,15
2012-06-28,12.0,12.0,12.0,12.0,12.0,0
2012-06-29,7.0,12.0,7.0,12.0,12.0,165
2012-07-02,12.0,12.0,12.0,12.0,12.0,0
2012-07-03,12.0,12.0,12.0,12.0,12.0,0
2012-07-05,3.0,8.199999809265137,3.0,8.199999809265137,8.199999809265137,185
2012-07-06,6.199999809265137,6.199999809265137,6.199999809265137,6.199999809265137,6.199999809265137,15
2012-07-09,12.0,12.0,7.0,11.0,11.0,25
2012-07-10,6.400000095367432,12.0,6.400000095367432,12.0,12.0,70
2012-07-11,12.0,12.0,12.0,12.0,12.0,0
2012-07-12,12.0,12.0,12.0,12.0,12.0,0
2012-07-13,12.0,12.0,12.0,12.0,12.0,0
2012-07-16,12.0,12.0,12.0,12.0,12.0,0
2012-07-17,12.0,12.0,12.0,12.0,12.0,0
2012-07-18,12.0,12.0,12.0,12.0,12.0,0
2012-07-19,6.599999904632568,12.0,6.599999904632568,12.0,12.0,55
2012-07-20,12.0,12.0,12.0,12.0,12.0,0
2012-07-23,12.0,12.0,12.0,12.0,12.0,0
2012-07-24,12.0,12.0,12.0,12.0,12.0,0
2012-07-25,12.0,12.0,12.0,12.0,12.0,0
2012-07-26,4.400000095367432,11.399999618530273,4.400000095367432,11.399999618530273,11.399999618530273,75
2012-07-27,7.199999809265137,11.399999618530273,7.199999809265137,11.399999618530273,11.399999618530273,15
2012-07-30,11.399999618530273,11.399999618530273,11.399999618530273,11.399999618530273,11.399999618530273,0
2012-07-31,7.199999809265137,11.399999618530273,7.199999809265137,11.399999618530273,11.399999618530273,35
2012-08-01,11.399999618530273,11.399999618530273,11.399999618530273,11.399999618530273,11.399999618530273,0
2012-08-02,11.399999618530273,11.399999618530273,11.399999618530273,11.399999618530273,11.399999618530273,0
2012-08-03,11.399999618530273,11.399999618530273,11.399999618530273,11.399999618530273,11.399999618530273,0
2012-08-06,5.0,11.399999618530273,5.0,11.399999618530273,11.399999618530273,110
2012-08-07,11.399999618530273,11.399999618530273,11.399999618530273,11.399999618530273,11.399999618530273,0
2012-08-08,11.399999618530273,11.399999618530273,11.399999618530273,11.399999618530273,11.399999618530273,0
2012-08-09,5.0,5.0,5.0,5.0,5.0,10
2012-08-10,11.199999809265137,11.199999809265137,7.199999809265137,11.199999809265137,11.199999809265137,115
2012-08-13,11.199999809265137,11.199999809265137,11.199999809265137,11.199999809265137,11.199999809265137,0
2012-08-14,11.199999809265137,11.199999809265137,11.199999809265137,11.199999809265137,11.199999809265137,0
2012-08-15,11.199999809265137,11.199999809265137,11.199999809265137,11.199999809265137,11.199999809265137,0
2012-08-16,9.399999618530273,11.199999809265137,9.399999618530273,11.199999809265137,11.199999809265137,100
2012-08-17,11.199999809265137,11.199999809265137,11.199999809265137,11.199999809265137,11.199999809265137,0
2012-08-20,11.199999809265137,11.199999809265137,11.199999809265137,11.199999809265137,11.199999809265137,0
2012-08-21,11.199999809265137,11.199999809265137,11.199999809265137,11.199999809265137,11.199999809265137,0
2012-08-22,11.199999809265137,11.199999809265137,11.199999809265137,11.199999809265137,11.199999809265137,0
2012-08-23,6.800000190734863,6.800000190734863,6.800000190734863,6.800000190734863,6.800000190734863,10
2012-08-24,6.800000190734863,10.600000381469727,6.800000190734863,10.600000381469727,10.600000381469727,110
2012-08-27,10.600000381469727,10.600000381469727,10.600000381469727,10.600000381469727,10.600000381469727,0
2012-08-28,6.800000190734863,10.600000381469727,6.800000190734863,10.600000381469727,10.600000381469727,20
2012-08-29,10.600000381469727,10.600000381469727,10.600000381469727,10.600000381469727,10.600000381469727,0
2012-08-30,7.0,10.600000381469727,7.0,10.600000381469727,10.600000381469727,20
2012-08-31,10.600000381469727,10.600000381469727,10.600000381469727,10.600000381469727,10.600000381469727,0
2012-09-04,10.600000381469727,10.600000381469727,10.600000381469727,10.600000381469727,10.600000381469727,0
2012-09-05,10.600000381469727,10.600000381469727,10.600000381469727,10.600000381469727,10.600000381469727,0
2012-09-06,10.600000381469727,10.600000381469727,10.600000381469727,10.600000381469727,10.600000381469727,0
2012-09-07,10.600000381469727,10.600000381469727,10.600000381469727,10.600000381469727,10.600000381469727,0
2012-09-10,7.0,10.600000381469727,7.0,10.600000381469727,10.600000381469727,15
2012-09-11,10.600000381469727,10.600000381469727,10.600000381469727,10.600000381469727,10.600000381469727,0
2012-09-12,10.600000381469727,10.600000381469727,10.600000381469727,10.600000381469727,10.600000381469727,0
2012-09-13,10.600000381469727,10.600000381469727,10.600000381469727,10.600000381469727,10.600000381469727,0
2012-09-14,10.600000381469727,10.600000381469727,10.600000381469727,10.600000381469727,10.600000381469727,0
2012-09-17,10.600000381469727,10.600000381469727,10.600000381469727,10.600000381469727,10.600000381469727,0
2012-09-18,10.600000381469727,10.600000381469727,10.600000381469727,10.600000381469727,10.600000381469727,0
2012-09-19,10.600000381469727,10.600000381469727,10.600000381469727,10.600000381469727,10.600000381469727,0
2012-09-20,7.0,10.600000381469727,7.0,10.600000381469727,10.600000381469727,30
2012-09-21,7.0,10.600000381469727,7.0,10.600000381469727,10.600000381469727,325
2012-09-24,10.600000381469727,10.600000381469727,10.600000381469727,10.600000381469727,10.600000381469727,0
2012-09-25,10.600000381469727,10.600000381469727,10.600000381469727,10.600000381469727,10.600000381469727,0
2012-09-26,10.600000381469727,10.600000381469727,10.600000381469727,10.600000381469727,10.600000381469727,0
2012-09-27,10.600000381469727,10.600000381469727,10.600000381469727,10.600000381469727,10.600000381469727,0
2012-09-28,10.600000381469727,10.600000381469727,10.600000381469727,10.600000381469727,10.600000381469727,0
2012-10-01,10.600000381469727,10.600000381469727,10.600000381469727,10.600000381469727,10.600000381469727,0
2012-10-02,10.600000381469727,10.600000381469727,10.600000381469727,10.600000381469727,10.600000381469727,0
2012-10-03,5.0,10.399999618530273,5.0,10.399999618530273,10.399999618530273,145
2012-10-04,8.199999809265137,10.600000381469727,7.199999809265137,10.399999618530273,10.399999618530273,300
2012-10-05,10.399999618530273,10.399999618530273,10.399999618530273,10.399999618530273,10.399999618530273,0
2012-10-08,10.399999618530273,10.399999618530273,10.399999618530273,10.399999618530273,10.399999618530273,0
2012-10-09,10.399999618530273,10.399999618530273,10.399999618530273,10.399999618530273,10.399999618530273,0
2012-10-10,5.199999809265137,10.399999618530273,5.199999809265137,10.399999618530273,10.399999618530273,45
2012-10-11,10.399999618530273,10.399999618530273,10.399999618530273,10.399999618530273,10.399999618530273,0
2012-10-12,10.399999618530273,10.399999618530273,10.399999618530273,10.399999618530273,10.399999618530273,0
2012-10-15,10.399999618530273,10.399999618530273,10.399999618530273,10.399999618530273,10.399999618530273,0
2012-10-16,10.399999618530273,10.399999618530273,10.399999618530273,10.399999618530273,10.399999618530273,0
2012-10-17,10.399999618530273,10.399999618530273,10.399999618530273,10.399999618530273,10.399999618530273,0
2012-10-18,10.399999618530273,10.399999618530273,10.399999618530273,10.399999618530273,10.399999618530273,0
2012-10-19,5.199999809265137,11.0,5.199999809265137,11.0,11.0,45
2012-10-22,11.0,11.0,11.0,11.0,11.0,0
2012-10-23,11.0,11.0,11.0,11.0,11.0,0
2012-10-24,11.0,11.0,11.0,11.0,11.0,0
2012-10-25,11.0,11.0,11.0,11.0,11.0,0
2012-10-26,6.400000095367432,11.0,6.400000095367432,11.0,11.0,40
2012-10-31,7.400000095367432,9.399999618530273,7.400000095367432,9.399999618530273,9.399999618530273,40
2012-11-01,9.399999618530273,9.399999618530273,9.399999618530273,9.399999618530273,9.399999618530273,0
2012-11-02,9.399999618530273,9.399999618530273,9.399999618530273,9.399999618530273,9.399999618530273,0
2012-11-05,9.399999618530273,9.399999618530273,9.399999618530273,9.399999618530273,9.399999618530273,0
2012-11-06,9.399999618530273,9.399999618530273,9.399999618530273,9.399999618530273,9.399999618530273,0
2012-11-07,9.399999618530273,9.399999618530273,9.399999618530273,9.399999618530273,9.399999618530273,0
2012-11-08,9.399999618530273,9.399999618530273,9.399999618530273,9.399999618530273,9.399999618530273,0
2012-11-09,9.399999618530273,9.399999618530273,9.399999618530273,9.399999618530273,9.399999618530273,0
2012-11-12,9.399999618530273,9.399999618530273,9.399999618530273,9.399999618530273,9.399999618530273,0
2012-11-13,9.399999618530273,9.399999618530273,9.399999618530273,9.399999618530273,9.399999618530273,0
2012-11-14,9.399999618530273,9.399999618530273,9.399999618530273,9.399999618530273,9.399999618530273,0
2012-11-15,6.400000095367432,10.0,6.400000095367432,9.600000381469727,9.600000381469727,115
2012-11-16,9.600000381469727,9.600000381469727,9.600000381469727,9.600000381469727,9.600000381469727,0
2012-11-19,9.600000381469727,9.600000381469727,9.600000381469727,9.600000381469727,9.600000381469727,0
2012-11-20,6.400000095367432,10.0,6.400000095367432,10.0,10.0,25
2012-11-21,10.0,10.0,10.0,10.0,10.0,0
2012-11-23,10.0,10.0,10.0,10.0,10.0,0
2012-11-26,10.0,10.0,9.0,10.0,10.0,20
2012-11-27,6.599999904632568,10.0,6.599999904632568,10.0,10.0,45
2012-11-28,10.0,10.0,10.0,10.0,10.0,0
2012-11-29,10.0,10.0,10.0,10.0,10.0,0
2012-11-30,6.599999904632568,10.0,6.599999904632568,10.0,10.0,165
2012-12-03,6.599999904632568,10.0,6.599999904632568,6.599999904632568,6.599999904632568,35
2012-12-04,6.599999904632568,10.0,6.599999904632568,10.0,10.0,95
2012-12-05,6.599999904632568,10.0,6.599999904632568,10.0,10.0,40
2012-12-06,10.0,10.0,10.0,10.0,10.0,0
2012-12-07,10.0,10.0,10.0,10.0,10.0,0
2012-12-10,10.0,10.0,10.0,10.0,10.0,0
2012-12-11,6.599999904632568,10.0,6.599999904632568,10.0,10.0,75
2012-12-12,6.599999904632568,10.0,6.599999904632568,6.599999904632568,6.599999904632568,40
2012-12-13,10.0,10.0,10.0,10.0,10.0,10
2012-12-14,5.199999809265137,9.800000190734863,5.0,9.800000190734863,9.800000190734863,250
2012-12-17,5.0,10.0,5.0,10.0,10.0,20
2012-12-18,5.0,10.0,5.0,9.0,9.0,140
2012-12-19,5.0,10.0,5.0,10.0,10.0,30
2012-12-20,5.0,10.0,5.0,10.0,10.0,370
2012-12-21,5.0,9.800000190734863,5.0,9.800000190734863,9.800000190734863,1625
2012-12-24,9.800000190734863,9.800000190734863,9.800000190734863,9.800000190734863,9.800000190734863,0
2012-12-26,3.5999999046325684,9.800000190734863,3.5999999046325684,9.0,9.0,150
2012-12-27,5.0,9.800000190734863,5.0,9.800000190734863,9.800000190734863,25
2012-12-28,3.799999952316284,10.0,3.799999952316284,10.0,10.0,35
2012-12-31,6.0,9.800000190734863,6.0,9.800000190734863,9.800000190734863,865
2013-01-02,4.199999809265137,8.800000190734863,4.199999809265137,7.800000190734863,7.800000190734863,1060
2013-01-03,7.800000190734863,7.800000190734863,7.800000190734863,7.800000190734863,7.800000190734863,0
2013-01-04,4.199999809265137,7.800000190734863,4.199999809265137,7.599999904632568,7.599999904632568,120
2013-01-07,7.599999904632568,7.599999904632568,7.599999904632568,7.599999904632568,7.599999904632568,0
2013-01-08,7.599999904632568,7.599999904632568,7.599999904632568,7.599999904632568,7.599999904632568,0
2013-01-09,7.599999904632568,7.599999904632568,7.599999904632568,7.599999904632568,7.599999904632568,0
2013-01-10,5.199999809265137,7.800000190734863,5.199999809265137,7.599999904632568,7.599999904632568,70
2013-01-11,7.599999904632568,7.599999904632568,7.599999904632568,7.599999904632568,7.599999904632568,0
2013-01-14,7.599999904632568,7.599999904632568,7.599999904632568,7.599999904632568,7.599999904632568,0
2013-01-15,7.599999904632568,7.599999904632568,7.599999904632568,7.599999904632568,7.599999904632568,0
2013-01-16,7.599999904632568,7.599999904632568,7.599999904632568,7.599999904632568,7.599999904632568,0
2013-01-17,5.199999809265137,9.800000190734863,5.199999809265137,9.800000190734863,9.800000190734863,175
2013-01-18,9.800000190734863,9.800000190734863,9.800000190734863,9.800000190734863,9.800000190734863,0
2013-01-22,9.800000190734863,9.800000190734863,9.800000190734863,9.800000190734863,9.800000190734863,0
2013-01-23,9.800000190734863,9.800000190734863,9.800000190734863,9.800000190734863,9.800000190734863,0
2013-01-24,9.800000190734863,9.800000190734863,9.800000190734863,9.800000190734863,9.800000190734863,0
2013-01-25,5.800000190734863,6.599999904632568,5.800000190734863,6.599999904632568,6.599999904632568,250
2013-01-28,9.800000190734863,9.800000190734863,9.800000190734863,9.800000190734863,9.800000190734863,10
2013-01-29,9.800000190734863,9.800000190734863,9.800000190734863,9.800000190734863,9.800000190734863,0
2013-01-30,5.400000095367432,9.800000190734863,5.400000095367432,9.800000190734863,9.800000190734863,55
2013-01-31,7.199999809265137,10.0,7.199999809265137,10.0,10.0,780
2013-02-01,10.0,10.0,10.0,10.0,10.0,0
2013-02-04,10.0,10.0,10.0,10.0,10.0,0
2013-02-05,10.0,10.0,10.0,10.0,10.0,0
2013-02-06,10.0,10.0,10.0,10.0,10.0,0
2013-02-07,6.0,9.600000381469727,6.0,9.600000381469727,9.600000381469727,70
2013-02-08,7.0,7.800000190734863,6.800000190734863,7.800000190734863,7.800000190734863,1175
2013-02-11,8.399999618530273,8.399999618530273,8.399999618530273,8.399999618530273,8.399999618530273,10
2013-02-12,8.399999618530273,8.399999618530273,8.399999618530273,8.399999618530273,8.399999618530273,0
2013-02-13,8.399999618530273,8.399999618530273,8.399999618530273,8.399999618530273,8.399999618530273,0
2013-02-14,8.399999618530273,8.399999618530273,8.399999618530273,8.399999618530273,8.399999618530273,0
2013-02-15,8.800000190734863,8.800000190734863,8.800000190734863,8.800000190734863,8.800000190734863,245
2013-02-19,8.800000190734863,8.800000190734863,8.800000190734863,8.800000190734863,8.800000190734863,0
2013-02-20,8.800000190734863,8.800000190734863,8.800000190734863,8.800000190734863,8.800000190734863,0
2013-02-21,8.800000190734863,8.800000190734863,8.800000190734863,8.800000190734863,8.800000190734863,0
2013-02-22,8.800000190734863,8.800000190734863,8.800000190734863,8.800000190734863,8.800000190734863,0
2013-02-25,8.800000190734863,8.800000190734863,8.800000190734863,8.800000190734863,8.800000190734863,0
2013-02-26,10.0,10.0,5.199999809265137,5.199999809265137,5.199999809265137,2875
2013-02-27,2.4000000953674316,11.199999809265137,2.4000000953674316,10.0,10.0,30
2013-02-28,10.0,10.0,10.0,10.0,10.0,40
2013-03-01,10.0,10.0,10.0,10.0,10.0,40
2013-03-04,5.199999809265137,10.0,5.199999809265137,10.0,10.0,25
2013-03-05,5.199999809265137,10.0,5.199999809265137,10.0,10.0,45
2013-03-06,10.0,10.0,10.0,10.0,10.0,0
2013-03-07,10.0,10.0,10.0,10.0,10.0,0
2013-03-08,10.0,10.0,10.0,10.0,10.0,0
2013-03-11,10.0,10.0,10.0,10.0,10.0,0
2013-03-12,10.0,10.0,10.0,10.0,10.0,0
2013-03-13,5.199999809265137,9.0,5.199999809265137,5.199999809265137,5.199999809265137,90
2013-03-14,9.0,9.0,9.0,9.0,9.0,10
2013-03-15,1.600000023841858,9.0,1.600000023841858,4.0,4.0,110
2013-03-18,4.0,4.0,4.0,4.0,4.0,0
2013-03-19,9.0,9.0,9.0,9.0,9.0,10
2013-03-20,4.199999809265137,9.0,4.199999809265137,6.599999904632568,6.599999904632568,145
2013-03-21,6.599999904632568,6.599999904632568,6.599999904632568,6.599999904632568,6.599999904632568,0
2013-03-22,9.0,9.0,9.0,9.0,9.0,10
2013-03-25,9.0,9.0,9.0,9.0,9.0,0
2013-03-26,9.0,9.0,9.0,9.0,9.0,10
2013-03-27,5.0,9.0,5.0,9.0,9.0,60
2013-03-28,9.0,9.0,9.0,9.0,9.0,0
2013-04-01,9.0,9.0,9.0,9.0,9.0,0
2013-04-02,5.0,5.0,5.0,5.0,5.0,10
2013-04-03,9.0,9.0,9.0,9.0,9.0,10
2013-04-04,5.0,9.0,5.0,9.0,9.0,35
2013-04-05,9.0,9.0,9.0,9.0,9.0,0
2013-04-08,9.0,9.0,9.0,9.0,9.0,0
2013-04-09,5.199999809265137,9.0,5.199999809265137,7.800000190734863,7.800000190734863,865
2013-04-10,6.400000095367432,10.0,6.400000095367432,10.0,10.0,300
2013-04-11,10.0,10.0,10.0,10.0,10.0,0
2013-04-12,10.0,10.0,10.0,10.0,10.0,0
2013-04-15,10.0,10.0,10.0,10.0,10.0,0
2013-04-16,9.800000190734863,10.0,6.400000095367432,9.0,9.0,125
2013-04-17,9.0,9.0,9.0,9.0,9.0,0
2013-04-18,9.600000381469727,9.600000381469727,9.600000381469727,9.600000381469727,9.600000381469727,95
2013-04-19,9.600000381469727,9.600000381469727,9.600000381469727,9.600000381469727,9.600000381469727,0
2013-04-22,9.600000381469727,9.600000381469727,9.600000381469727,9.600000381469727,9.600000381469727,0
2013-04-23,9.600000381469727,9.600000381469727,9.600000381469727,9.600000381469727,9.600000381469727,0
2013-04-24,9.600000381469727,9.600000381469727,9.600000381469727,9.600000381469727,9.600000381469727,0
2013-04-25,9.600000381469727,9.600000381469727,9.600000381469727,9.600000381469727,9.600000381469727,10
2013-04-26,9.600000381469727,9.600000381469727,9.600000381469727,9.600000381469727,9.600000381469727,0
2013-04-29,7.400000095367432,9.0,5.400000095367432,9.0,9.0,720
2013-04-30,5.800000190734863,9.0,5.800000190734863,9.0,9.0,55
2013-05-01,9.0,9.0,9.0,9.0,9.0,0
2013-05-02,9.0,9.0,9.0,9.0,9.0,0
2013-05-03,9.0,9.0,9.0,9.0,9.0,0
2013-05-06,6.800000190734863,9.0,6.599999904632568,9.0,9.0,45
2013-05-07,6.199999809265137,9.399999618530273,6.199999809265137,9.399999618530273,9.399999618530273,30
2013-05-08,7.0,7.0,7.0,7.0,7.0,120
2013-05-09,7.0,7.0,7.0,7.0,7.0,0
2013-05-10,7.0,7.0,7.0,7.0,7.0,0
2013-05-13,7.0,7.0,7.0,7.0,7.0,0
2013-05-14,7.0,7.0,7.0,7.0,7.0,0
2013-05-15,9.600000381469727,9.600000381469727,6.199999809265137,9.0,9.0,55
2013-05-16,9.0,9.0,9.0,9.0,9.0,0
2013-05-17,9.0,9.0,9.0,9.0,9.0,0
2013-05-20,8.800000190734863,9.0,7.0,9.0,9.0,650
2013-05-21,9.0,9.0,9.0,9.0,9.0,0
2013-05-22,9.0,9.0,9.0,9.0,9.0,0
2013-05-23,9.0,9.0,9.0,9.0,9.0,0
2013-05-24,9.399999618530273,10.0,9.399999618530273,9.800000190734863,9.800000190734863,1025
2013-05-28,10.199999809265137,10.199999809265137,10.0,10.0,10.0,470
2013-05-29,10.0,10.0,10.0,10.0,10.0,250
2013-05-30,10.0,10.0,10.0,10.0,10.0,260
2013-05-31,11.199999809265137,11.199999809265137,9.800000190734863,10.800000190734863,10.800000190734863,555
2013-06-03,10.800000190734863,10.800000190734863,10.800000190734863,10.800000190734863,10.800000190734863,0
2013-06-04,10.800000190734863,10.800000190734863,10.800000190734863,10.800000190734863,10.800000190734863,0
2013-06-05,10.800000190734863,10.800000190734863,10.800000190734863,10.800000190734863,10.800000190734863,0
2013-06-06,10.800000190734863,10.800000190734863,10.800000190734863,10.800000190734863,10.800000190734863,0
2013-06-07,9.800000190734863,11.199999809265137,9.800000190734863,11.199999809265137,11.199999809265137,100
2013-06-10,9.800000190734863,10.399999618530273,9.800000190734863,10.399999618530273,10.399999618530273,70
2013-06-11,10.399999618530273,10.399999618530273,10.399999618530273,10.399999618530273,10.399999618530273,0
2013-06-12,10.399999618530273,10.399999618530273,10.399999618530273,10.399999618530273,10.399999618530273,0
2013-06-13,10.399999618530273,10.399999618530273,10.399999618530273,10.399999618530273,10.399999618530273,10
2013-06-14,11.199999809265137,11.199999809265137,11.199999809265137,11.199999809265137,11.199999809265137,35
2013-06-17,12.399999618530273,12.399999618530273,12.399999618530273,12.399999618530273,12.399999618530273,205
2013-06-18,13.0,13.600000381469727,13.0,13.600000381469727,13.600000381469727,300
2013-06-19,13.600000381469727,13.600000381469727,13.600000381469727,13.600000381469727,13.600000381469727,0
2013-06-20,13.600000381469727,13.600000381469727,13.600000381469727,13.600000381469727,13.600000381469727,0
2013-06-21,13.600000381469727,13.600000381469727,13.600000381469727,13.600000381469727,13.600000381469727,0
2013-06-24,13.600000381469727,13.600000381469727,13.600000381469727,13.600000381469727,13.600000381469727,0
2013-06-25,12.600000381469727,12.600000381469727,12.600000381469727,12.600000381469727,12.600000381469727,300
2013-06-26,12.600000381469727,12.600000381469727,12.600000381469727,12.600000381469727,12.600000381469727,0
2013-06-27,14.600000381469727,14.600000381469727,14.600000381469727,14.600000381469727,14.600000381469727,5
2013-06-28,14.600000381469727,14.600000381469727,14.600000381469727,14.600000381469727,14.600000381469727,50
2013-07-01,12.600000381469727,12.600000381469727,12.600000381469727,12.600000381469727,12.600000381469727,1005
2013-07-02,14.600000381469727,14.600000381469727,13.600000381469727,14.0,14.0,760
2013-07-03,14.0,14.0,14.0,14.0,14.0,0
2013-07-05,14.0,14.0,14.0,14.0,14.0,0
2013-07-08,13.600000381469727,13.600000381469727,13.0,13.0,13.0,1480
2013-07-09,13.0,13.0,13.0,13.0,13.0,0
2013-07-10,14.600000381469727,14.600000381469727,14.600000381469727,14.600000381469727,14.600000381469727,250
2013-07-11,14.600000381469727,14.600000381469727,14.600000381469727,14.600000381469727,14.600000381469727,0
2013-07-12,14.600000381469727,14.600000381469727,14.600000381469727,14.600000381469727,14.600000381469727,0
2013-07-15,13.800000190734863,13.800000190734863,13.800000190734863,13.800000190734863,13.800000190734863,70
2013-07-16,13.800000190734863,13.800000190734863,13.800000190734863,13.800000190734863,13.800000190734863,0
2013-07-17,13.600000381469727,13.600000381469727,13.600000381469727,13.600000381469727,13.600000381469727,50
2013-07-18,13.600000381469727,13.600000381469727,13.600000381469727,13.600000381469727,13.600000381469727,110
2013-07-19,13.600000381469727,13.600000381469727,13.600000381469727,13.600000381469727,13.600000381469727,0
2013-07-22,15.0,15.0,15.0,15.0,15.0,560
2013-07-23,16.399999618530273,16.399999618530273,16.399999618530273,16.399999618530273,16.399999618530273,10
2013-07-24,16.399999618530273,16.399999618530273,16.399999618530273,16.399999618530273,16.399999618530273,0
2013-07-25,15.0,15.0,15.0,15.0,15.0,10
2013-07-26,15.0,16.0,15.0,16.0,16.0,640
2013-07-29,16.399999618530273,16.399999618530273,16.399999618530273,16.399999618530273,16.399999618530273,115
2013-07-30,16.399999618530273,16.399999618530273,16.399999618530273,16.399999618530273,16.399999618530273,0
2013-07-31,17.0,17.0,17.0,17.0,17.0,130
2013-08-01,17.0,17.0,17.0,17.0,17.0,0
2013-08-02,17.0,17.0,17.0,17.0,17.0,0
2013-08-05,16.399999618530273,17.0,16.399999618530273,17.0,17.0,130
2013-08-06,17.0,17.0,17.0,17.0,17.0,5
2013-08-07,17.0,17.0,17.0,17.0,17.0,175
2013-08-08,17.0,18.399999618530273,17.0,18.399999618530273,18.399999618530273,270
2013-08-09,18.399999618530273,20.799999237060547,17.200000762939453,18.200000762939453,18.200000762939453,890
2013-08-12,17.200000762939453,17.200000762939453,11.399999618530273,17.0,17.0,3300
2013-08-13,17.0,17.0,17.0,17.0,17.0,10
2013-08-14,19.200000762939453,20.0,19.200000762939453,20.0,20.0,550
2013-08-15,20.0,20.0,18.0,19.799999237060547,19.799999237060547,470
2013-08-16,19.799999237060547,19.799999237060547,19.799999237060547,19.799999237060547,19.799999237060547,0
2013-08-19,20.0,20.0,18.0,20.0,20.0,120
2013-08-20,18.399999618530273,20.0,18.399999618530273,20.0,20.0,65
2013-08-21,18.399999618530273,18.399999618530273,18.399999618530273,18.399999618530273,18.399999618530273,20
2013-08-22,21.0,21.600000381469727,20.0,21.600000381469727,21.600000381469727,1105
2013-08-23,21.600000381469727,21.600000381469727,21.600000381469727,21.600000381469727,21.600000381469727,0
2013-08-26,21.600000381469727,25.600000381469727,21.600000381469727,23.0,23.0,2945
2013-08-27,23.0,23.0,23.0,23.0,23.0,5
2013-08-28,20.0,22.799999237060547,20.0,22.799999237060547,22.799999237060547,20
2013-08-29,22.799999237060547,22.799999237060547,22.799999237060547,22.799999237060547,22.799999237060547,50
2013-08-30,24.0,24.0,24.0,24.0,24.0,290
2013-09-03,25.0,25.0,24.0,24.0,24.0,55
2013-09-04,24.0,24.0,24.0,24.0,24.0,0
2013-09-05,24.0,24.0,24.0,24.0,24.0,0
2013-09-06,24.0,24.0,24.0,24.0,24.0,0
2013-09-09,22.200000762939453,22.200000762939453,22.200000762939453,22.200000762939453,22.200000762939453,5
2013-09-10,22.200000762939453,22.200000762939453,22.200000762939453,22.200000762939453,22.200000762939453,0
2013-09-11,22.200000762939453,22.200000762939453,22.200000762939453,22.200000762939453,22.200000762939453,0
2013-09-12,22.200000762939453,22.200000762939453,22.200000762939453,22.200000762939453,22.200000762939453,0
2013-09-13,22.200000762939453,22.200000762939453,22.200000762939453,22.200000762939453,22.200000762939453,0
2013-09-16,20.0,20.0,20.0,20.0,20.0,60
2013-09-17,20.0,20.0,20.0,20.0,20.0,0
2013-09-18,20.0,20.0,20.0,20.0,20.0,15
2013-09-19,22.0,22.0,22.0,22.0,22.0,10
2013-09-20,20.0,21.0,17.0,17.399999618530273,17.399999618530273,205
2013-09-23,17.399999618530273,17.399999618530273,17.399999618530273,17.399999618530273,17.399999618530273,0
2013-09-24,19.0,20.200000762939453,19.0,20.0,20.0,325
2013-09-25,20.0,20.0,20.0,20.0,20.0,200
2013-09-26,20.0,20.0,20.0,20.0,20.0,260
2013-09-27,21.0,21.0,21.0,21.0,21.0,10
2013-09-30,21.0,21.0,21.0,21.0,21.0,0
2013-10-01,22.0,22.0,20.0,20.0,20.0,1340
2013-10-02,20.0,20.0,20.0,20.0,20.0,200
2013-10-03,20.0,21.600000381469727,20.0,21.600000381469727,21.600000381469727,880
2013-10-04,21.600000381469727,21.600000381469727,21.600000381469727,21.600000381469727,21.600000381469727,765
2013-10-07,21.600000381469727,21.600000381469727,21.600000381469727,21.600000381469727,21.600000381469727,0
2013-10-08,22.0,22.0,22.0,22.0,22.0,275
2013-10-09,22.0,22.0,22.0,22.0,22.0,0
2013-10-10,22.0,22.0,22.0,22.0,22.0,0
2013-10-11,22.0,22.0,22.0,22.0,22.0,0
2013-10-14,22.0,22.0,22.0,22.0,22.0,0
2013-10-15,23.0,23.0,23.0,23.0,23.0,395
2013-10-16,21.0,21.0,20.0,20.0,20.0,115
2013-10-17,21.600000381469727,22.0,21.600000381469727,22.0,22.0,485
2013-10-18,22.0,22.0,22.0,22.0,22.0,0
2013-10-21,20.399999618530273,20.399999618530273,20.399999618530273,20.399999618530273,20.399999618530273,50
2013-10-22,20.399999618530273,20.399999618530273,20.399999618530273,20.399999618530273,20.399999618530273,65
2013-10-23,22.0,22.0,22.0,22.0,22.0,225
2013-10-24,22.0,22.0,22.0,22.0,22.0,0
2013-10-25,22.0,22.200000762939453,22.0,22.200000762939453,22.200000762939453,85
2013-10-28,22.200000762939453,22.200000762939453,22.200000762939453,22.200000762939453,22.200000762939453,0
2013-10-29,22.200000762939453,22.200000762939453,22.200000762939453,22.200000762939453,22.200000762939453,55
2013-10-30,23.0,23.399999618530273,23.0,23.200000762939453,23.200000762939453,1250
2013-10-31,22.0,22.0,22.0,22.0,22.0,10
2013-11-01,23.200000762939453,24.799999237060547,23.200000762939453,24.799999237060547,24.799999237060547,225
2013-11-04,22.0,22.0,22.0,22.0,22.0,150
2013-11-05,22.0,22.0,22.0,22.0,22.0,200
2013-11-06,20.600000381469727,22.0,20.600000381469727,22.0,22.0,115
2013-11-07,22.0,22.0,22.0,22.0,22.0,0
2013-11-08,22.200000762939453,22.200000762939453,22.200000762939453,22.200000762939453,22.200000762939453,160
2013-11-11,23.200000762939453,23.200000762939453,23.200000762939453,23.200000762939453,23.200000762939453,5
2013-11-12,23.200000762939453,23.200000762939453,22.0,22.0,22.0,355
2013-11-13,24.0,25.0,24.0,24.799999237060547,24.799999237060547,1285
2013-11-14,24.0,26.0,24.0,26.0,26.0,4675
2013-11-15,26.600000381469727,28.600000381469727,26.600000381469727,28.200000762939453,28.200000762939453,3460
2013-11-18,28.600000381469727,29.799999237060547,28.600000381469727,29.799999237060547,29.799999237060547,1160
2013-11-19,29.0,29.0,29.0,29.0,29.0,60
2013-11-20,29.0,31.799999237060547,29.0,31.600000381469727,31.600000381469727,2985
2013-11-21,31.600000381469727,31.600000381469727,29.0,31.600000381469727,31.600000381469727,50
2013-11-22,31.600000381469727,31.600000381469727,31.600000381469727,31.600000381469727,31.600000381469727,0
2013-11-25,31.0,31.600000381469727,31.0,31.600000381469727,31.600000381469727,225
2013-11-26,31.600000381469727,31.600000381469727,31.600000381469727,31.600000381469727,31.600000381469727,0
2013-11-27,31.600000381469727,33.0,31.600000381469727,32.20000076293945,32.20000076293945,3230
2013-11-29,32.20000076293945,32.20000076293945,32.20000076293945,32.20000076293945,32.20000076293945,0
2013-12-02,32.599998474121094,32.599998474121094,29.0,29.0,29.0,485
2013-12-03,29.0,30.0,21.0,29.399999618530273,29.399999618530273,2785
2013-12-04,29.0,30.0,27.200000762939453,30.0,30.0,165
2013-12-05,29.0,31.0,29.0,31.0,31.0,60
2013-12-06,32.0,32.20000076293945,32.0,32.0,32.0,150
2013-12-09,32.0,32.0,32.0,32.0,32.0,0
2013-12-10,29.399999618530273,32.0,29.0,31.0,31.0,165
2013-12-11,31.399999618530273,31.399999618530273,27.0,29.0,29.0,115
2013-12-12,29.0,32.0,29.0,32.0,32.0,135
2013-12-13,32.0,32.0,32.0,32.0,32.0,0
2013-12-16,31.600000381469727,31.600000381469727,30.0,31.0,31.0,275
2013-12-17,31.0,31.0,31.0,31.0,31.0,1315
2013-12-18,30.0,30.0,28.0,29.0,29.0,820
2013-12-19,29.0,31.600000381469727,29.0,31.600000381469727,31.600000381469727,75
2013-12-20,29.200000762939453,31.0,27.0,30.0,30.0,680
2013-12-23,27.600000381469727,27.600000381469727,23.0,27.0,27.0,1875
2013-12-24,25.600000381469727,29.0,25.600000381469727,29.0,29.0,80
2013-12-26,23.399999618530273,30.0,23.399999618530273,30.0,30.0,910
2013-12-27,30.0,30.0,30.0,30.0,30.0,0
2013-12-30,29.0,30.799999237060547,29.0,30.0,30.0,5475
2013-12-31,31.399999618530273,32.599998474121094,26.399999618530273,26.399999618530273,26.399999618530273,1230
2014-01-02,32.599998474121094,32.599998474121094,30.799999237060547,30.799999237060547,30.799999237060547,25
2014-01-03,30.799999237060547,33.20000076293945,29.600000381469727,32.0,32.0,740
2014-01-06,33.0,33.0,30.0,32.0,32.0,605
2014-01-07,32.0,32.20000076293945,32.0,32.20000076293945,32.20000076293945,700
2014-01-08,33.79999923706055,33.79999923706055,33.400001525878906,33.400001525878906,33.400001525878906,965
2014-01-09,35.0,38.400001525878906,34.400001525878906,38.0,38.0,2465
2014-01-10,37.599998474121094,37.599998474121094,30.600000381469727,33.0,33.0,2295
2014-01-13,31.200000762939453,33.0,31.200000762939453,33.0,33.0,25
2014-01-14,32.0,33.20000076293945,32.0,32.0,32.0,1315
2014-01-15,34.0,34.599998474121094,34.0,34.599998474121094,34.599998474121094,550
2014-01-16,34.79999923706055,34.79999923706055,34.0,34.0,34.0,960
2014-01-17,34.0,34.0,34.0,34.0,34.0,530
2014-01-21,32.0,33.79999923706055,32.0,33.0,33.0,355
2014-01-22,33.0,33.0,33.0,33.0,33.0,340
2014-01-23,33.0,33.0,32.0,32.0,32.0,500
2014-01-24,32.0,32.0,32.0,32.0,32.0,0
2014-01-27,33.0,33.0,33.0,33.0,33.0,10
2014-01-28,33.0,33.0,33.0,33.0,33.0,365
2014-01-29,32.0,32.0,32.0,32.0,32.0,40
2014-01-30,33.0,33.0,33.0,33.0,33.0,510
2014-01-31,33.0,33.0,33.0,33.0,33.0,0
2014-02-03,33.0,33.0,33.0,33.0,33.0,500
2014-02-04,33.0,33.0,33.0,33.0,33.0,175
2014-02-05,33.0,33.0,33.0,33.0,33.0,50
2014-02-06,33.20000076293945,36.0,33.20000076293945,36.0,36.0,760
2014-02-07,36.0,36.0,36.0,36.0,36.0,0
2014-02-10,36.0,37.0,36.0,36.0,36.0,110
2014-02-11,36.0,36.400001525878906,36.0,36.400001525878906,36.400001525878906,190
2014-02-12,36.20000076293945,36.20000076293945,34.0,34.0,34.0,60
2014-02-13,35.79999923706055,37.0,35.0,37.0,37.0,1740
2014-02-14,37.0,38.0,37.0,38.0,38.0,905
2014-02-18,38.0,45.599998474121094,37.599998474121094,39.79999923706055,39.79999923706055,2775
2014-02-19,39.79999923706055,43.400001525878906,39.79999923706055,43.0,43.0,4650
2014-02-20,42.599998474121094,44.0,42.0,44.0,44.0,2475
2014-02-21,44.0,46.0,44.0,45.599998474121094,45.599998474121094,2005
2014-02-24,45.0,47.0,45.0,45.0,45.0,680
2014-02-25,45.0,45.0,45.0,45.0,45.0,910
2014-02-26,45.20000076293945,45.20000076293945,45.0,45.0,45.0,955
2014-02-27,45.79999923706055,46.0,44.0,46.0,46.0,1620
2014-02-28,46.20000076293945,46.20000076293945,43.0,44.79999923706055,44.79999923706055,1155
2014-03-03,45.0,45.400001525878906,40.20000076293945,44.0,44.0,1055
2014-03-04,45.0,47.0,45.0,47.0,47.0,160
2014-03-05,45.0,46.79999923706055,45.0,46.79999923706055,46.79999923706055,65
2014-03-06,45.400001525878906,45.400001525878906,45.400001525878906,45.400001525878906,45.400001525878906,35
2014-03-07,46.79999923706055,46.79999923706055,45.400001525878906,45.400001525878906,45.400001525878906,25
2014-03-10,46.20000076293945,46.20000076293945,46.0,46.0,46.0,800
2014-03-11,46.79999923706055,47.0,46.79999923706055,47.0,47.0,615
2014-03-12,47.0,47.0,47.0,47.0,47.0,0
2014-03-13,47.20000076293945,47.20000076293945,46.79999923706055,46.79999923706055,46.79999923706055,550
2014-03-14,48.20000076293945,48.79999923706055,43.0,43.0,43.0,395
2014-03-17,42.79999923706055,42.79999923706055,36.0,36.0,36.0,4920
2014-03-18,39.0,45.0,37.0,45.0,45.0,1125
2014-03-19,42.599998474121094,42.599998474121094,42.599998474121094,42.599998474121094,42.599998474121094,35
2014-03-20,42.599998474121094,42.599998474121094,42.599998474121094,42.599998474121094,42.599998474121094,0
2014-03-21,44.0,44.0,43.0,44.0,44.0,65
2014-03-24,44.0,45.0,44.0,44.0,44.0,230
2014-03-25,43.79999923706055,44.0,43.79999923706055,44.0,44.0,125
2014-03-26,44.0,44.0,44.0,44.0,44.0,40
2014-03-27,43.79999923706055,44.0,42.400001525878906,44.0,44.0,775
2014-03-28,44.79999923706055,45.0,44.79999923706055,45.0,45.0,650
2014-03-31,44.599998474121094,46.0,44.599998474121094,46.0,46.0,105
2014-04-01,46.0,46.0,46.0,46.0,46.0,605
2014-04-02,45.599998474121094,46.0,45.599998474121094,46.0,46.0,25
2014-04-03,46.0,46.0,45.599998474121094,45.599998474121094,45.599998474121094,140
2014-04-04,44.79999923706055,44.79999923706055,43.400001525878906,44.0,44.0,205
2014-04-07,42.0,45.599998474121094,42.0,45.599998474121094,45.599998474121094,245
2014-04-08,45.599998474121094,45.599998474121094,45.599998474121094,45.599998474121094,45.599998474121094,535
2014-04-09,45.599998474121094,45.599998474121094,45.0,45.0,45.0,180
2014-04-10,45.400001525878906,45.400001525878906,45.20000076293945,45.400001525878906,45.400001525878906,135
2014-04-11,45.20000076293945,45.599998474121094,45.20000076293945,45.599998474121094,45.599998474121094,205
2014-04-14,45.599998474121094,45.599998474121094,45.0,45.0,45.0,200
2014-04-15,44.599998474121094,45.599998474121094,42.400001525878906,45.599998474121094,45.599998474121094,410
2014-04-16,45.599998474121094,45.599998474121094,45.0,45.0,45.0,300
2014-04-17,45.0,45.599998474121094,41.0,45.599998474121094,45.599998474121094,445
2014-04-21,41.0,45.599998474121094,41.0,45.599998474121094,45.599998474121094,1365
2014-04-22,45.599998474121094,46.0,45.599998474121094,46.0,46.0,100
2014-04-23,46.0,46.400001525878906,46.0,46.400001525878906,46.400001525878906,705
2014-04-24,46.0,46.0,45.400001525878906,46.0,46.0,180
2014-04-25,45.599998474121094,46.0,45.0,45.599998474121094,45.599998474121094,100
2014-04-28,47.0,49.400001525878906,47.0,47.599998474121094,47.599998474121094,1540
2014-04-29,49.400001525878906,49.400001525878906,45.20000076293945,47.400001525878906,47.400001525878906,625
2014-04-30,47.0,47.0,45.0,45.599998474121094,45.599998474121094,730
2014-05-01,47.400001525878906,47.400001525878906,45.400001525878906,46.0,46.0,560
2014-05-02,46.0,46.0,45.20000076293945,46.0,46.0,1005
2014-05-05,45.0,45.0,43.0,44.79999923706055,44.79999923706055,975
2014-05-06,41.599998474121094,50.0,41.599998474121094,50.0,50.0,1145
2014-05-07,47.0,47.0,42.20000076293945,42.79999923706055,42.79999923706055,1710
2014-05-08,42.400001525878906,42.400001525878906,42.400001525878906,42.400001525878906,42.400001525878906,220
2014-05-09,41.0,42.0,40.0,41.0,41.0,1245
2014-05-12,41.0,42.0,41.0,42.0,42.0,145
2014-05-13,40.0,42.0,38.599998474121094,42.0,42.0,725
2014-05-14,41.0,42.0,40.79999923706055,42.0,42.0,410
2014-05-15,41.79999923706055,41.79999923706055,41.0,41.599998474121094,41.599998474121094,155
2014-05-16,42.400001525878906,42.400001525878906,40.20000076293945,42.400001525878906,42.400001525878906,470
2014-05-19,42.400001525878906,42.400001525878906,42.400001525878906,42.400001525878906,42.400001525878906,185
2014-05-20,42.20000076293945,42.20000076293945,39.0,40.0,40.0,675
2014-05-21,39.400001525878906,40.0,36.599998474121094,40.0,40.0,570
2014-05-22,40.0,40.0,40.0,40.0,40.0,120
2014-05-23,40.0,42.0,39.599998474121094,40.0,40.0,845
2014-05-27,40.0,40.0,39.79999923706055,40.0,40.0,55
2014-05-28,37.0,41.0,35.0,40.0,40.0,250
2014-05-29,37.599998474121094,41.0,37.599998474121094,39.79999923706055,39.79999923706055,270
2014-05-30,39.79999923706055,39.79999923706055,39.79999923706055,39.79999923706055,39.79999923706055,0
2014-06-02,39.79999923706055,39.79999923706055,38.599998474121094,39.79999923706055,39.79999923706055,30
2014-06-03,40.599998474121094,40.599998474121094,39.20000076293945,39.20000076293945,39.20000076293945,25
2014-06-04,39.20000076293945,39.20000076293945,34.79999923706055,35.0,35.0,865
2014-06-05,34.79999923706055,38.0,34.20000076293945,38.0,38.0,55
2014-06-06,38.0,38.599998474121094,38.0,38.599998474121094,38.599998474121094,150
2014-06-09,38.599998474121094,38.599998474121094,35.0,35.20000076293945,35.20000076293945,420
2014-06-10,34.20000076293945,36.0,29.799999237060547,36.0,36.0,500
2014-06-11,35.0,35.400001525878906,35.0,35.0,35.0,165
2014-06-12,35.0,38.599998474121094,35.0,38.0,38.0,540
2014-06-13,35.599998474121094,37.20000076293945,32.0,36.599998474121094,36.599998474121094,685
2014-06-16,37.599998474121094,37.599998474121094,35.0,35.400001525878906,35.400001525878906,270
2014-06-17,35.400001525878906,35.400001525878906,35.400001525878906,35.400001525878906,35.400001525878906,0
2014-06-18,35.0,35.0,35.0,35.0,35.0,100
2014-06-19,35.0,35.599998474121094,35.0,35.599998474121094,35.599998474121094,160
2014-06-20,36.0,36.0,36.0,36.0,36.0,100
2014-06-23,34.0,36.0,34.0,36.0,36.0,125
2014-06-24,36.0,36.0,36.0,36.0,36.0,0
2014-06-25,34.0,34.599998474121094,34.0,34.599998474121094,34.599998474121094,175
2014-06-26,33.20000076293945,35.0,33.20000076293945,34.0,34.0,285
2014-06-27,33.20000076293945,37.79999923706055,32.79999923706055,37.400001525878906,37.400001525878906,405
2014-06-30,36.79999923706055,36.79999923706055,36.0,36.79999923706055,36.79999923706055,250
2014-07-01,36.599998474121094,36.599998474121094,36.599998474121094,36.599998474121094,36.599998474121094,130
2014-07-02,34.20000076293945,36.0,34.20000076293945,36.0,36.0,120
2014-07-03,36.400001525878906,36.400001525878906,36.0,36.400001525878906,36.400001525878906,225
2014-07-07,36.20000076293945,36.20000076293945,36.20000076293945,36.20000076293945,36.20000076293945,10
2014-07-08,36.0,39.599998474121094,36.0,39.599998474121094,39.599998474121094,215
2014-07-09,36.400001525878906,38.0,36.20000076293945,37.0,37.0,230
2014-07-10,36.20000076293945,36.20000076293945,36.20000076293945,36.20000076293945,36.20000076293945,5
2014-07-11,34.79999923706055,36.0,33.599998474121094,36.0,36.0,105
2014-07-14,36.0,36.0,36.0,36.0,36.0,0
2014-07-15,36.0,37.0,36.0,36.0,36.0,150
2014-07-16,34.599998474121094,36.0,34.599998474121094,35.20000076293945,35.20000076293945,145
2014-07-17,34.599998474121094,35.0,34.599998474121094,35.0,35.0,30
2014-07-18,34.79999923706055,34.79999923706055,34.79999923706055,34.79999923706055,34.79999923706055,75
2014-07-21,32.20000076293945,32.20000076293945,31.0,31.600000381469727,31.600000381469727,1005
2014-07-22,31.0,34.0,31.0,34.0,34.0,40
2014-07-23,30.600000381469727,37.0,30.399999618530273,37.0,37.0,255
2014-07-24,35.0,38.0,35.0,38.0,38.0,265
2014-07-25,35.0,38.20000076293945,34.79999923706055,35.0,35.0,585
2014-07-28,35.0,37.20000076293945,34.400001525878906,34.79999923706055,34.79999923706055,130
2014-07-29,34.20000076293945,34.599998474121094,34.0,34.0,34.0,130
2014-07-30,34.0,34.79999923706055,34.0,34.20000076293945,34.20000076293945,130
2014-07-31,34.20000076293945,34.20000076293945,34.20000076293945,34.20000076293945,34.20000076293945,0
2014-08-01,34.20000076293945,34.20000076293945,34.20000076293945,34.20000076293945,34.20000076293945,0
2014-08-04,34.20000076293945,34.20000076293945,34.20000076293945,34.20000076293945,34.20000076293945,0
2014-08-05,33.20000076293945,36.599998474121094,30.200000762939453,34.0,34.0,270
2014-08-06,34.0,34.0,34.0,34.0,34.0,20
2014-08-07,34.0,34.0,34.0,34.0,34.0,0
2014-08-08,30.799999237060547,34.0,30.799999237060547,34.0,34.0,70
2014-08-11,34.0,34.0,33.20000076293945,33.400001525878906,33.400001525878906,135
2014-08-12,32.0,37.0,32.0,37.0,37.0,570
2014-08-13,37.0,37.599998474121094,33.0,36.0,36.0,2375
2014-08-14,35.599998474121094,37.0,34.0,37.0,37.0,160
2014-08-15,37.0,37.0,37.0,37.0,37.0,0
2014-08-18,36.0,38.20000076293945,35.0,38.20000076293945,38.20000076293945,230
2014-08-19,38.20000076293945,40.0,38.20000076293945,40.0,40.0,720
2014-08-20,39.79999923706055,39.79999923706055,39.79999923706055,39.79999923706055,39.79999923706055,300
2014-08-21,41.0,45.0,41.0,44.599998474121094,44.599998474121094,180
2014-08-22,45.0,53.599998474121094,45.0,51.79999923706055,51.79999923706055,640
2014-08-25,48.0,50.0,43.20000076293945,49.400001525878906,49.400001525878906,2805
2014-08-26,49.400001525878906,53.79999923706055,48.599998474121094,53.79999923706055,53.79999923706055,465
2014-08-27,53.0,53.0,50.79999923706055,53.0,53.0,190
2014-08-28,51.0,53.0,49.0,53.0,53.0,350
2014-08-29,53.0,56.0,46.400001525878906,56.0,56.0,380
2014-09-02,55.20000076293945,57.400001525878906,52.20000076293945,57.400001525878906,57.400001525878906,475
2014-09-03,56.79999923706055,56.79999923706055,55.0,56.599998474121094,56.599998474121094,110
2014-09-04,57.0,57.20000076293945,57.0,57.0,57.0,80
2014-09-05,57.0,57.0,57.0,57.0,57.0,0
2014-09-08,57.20000076293945,60.0,54.0,60.0,60.0,780
2014-09-09,60.0,60.0,60.0,60.0,60.0,0
2014-09-10,59.79999923706055,59.79999923706055,59.0,59.0,59.0,25
2014-09-11,59.599998474121094,59.599998474121094,54.0,58.79999923706055,58.79999923706055,335
2014-09-12,58.79999923706055,58.79999923706055,58.79999923706055,58.79999923706055,58.79999923706055,60
2014-09-15,58.20000076293945,58.20000076293945,54.0,57.0,57.0,255
2014-09-16,58.0,58.0,57.20000076293945,58.0,58.0,125
2014-09-17,58.0,58.599998474121094,58.0,58.599998474121094,58.599998474121094,50
2014-09-18,58.400001525878906,58.599998474121094,57.0,58.599998474121094,58.599998474121094,260
2014-09-19,58.79999923706055,58.79999923706055,57.599998474121094,58.79999923706055,58.79999923706055,155
2014-09-22,58.400001525878906,58.79999923706055,58.400001525878906,58.79999923706055,58.79999923706055,20
2014-09-23,58.79999923706055,58.79999923706055,58.79999923706055,58.79999923706055,58.79999923706055,0
2014-09-24,58.79999923706055,58.79999923706055,58.79999923706055,58.79999923706055,58.79999923706055,20
2014-09-25,58.79999923706055,58.79999923706055,58.79999923706055,58.79999923706055,58.79999923706055,0
2014-09-26,58.79999923706055,59.20000076293945,58.79999923706055,59.20000076293945,59.20000076293945,65
2014-09-29,58.599998474121094,59.599998474121094,47.0,59.599998474121094,59.599998474121094,795
2014-09-30,58.79999923706055,59.599998474121094,58.0,59.599998474121094,59.599998474121094,285
2014-10-01,59.0,59.0,57.79999923706055,58.0,58.0,535
2014-10-02,56.0,56.0,54.0,56.0,56.0,130
2014-10-03,55.79999923706055,55.79999923706055,52.599998474121094,54.0,54.0,455
2014-10-06,53.79999923706055,53.79999923706055,50.79999923706055,53.79999923706055,53.79999923706055,365
2014-10-07,53.79999923706055,53.79999923706055,53.20000076293945,53.79999923706055,53.79999923706055,275
2014-10-08,53.400001525878906,53.79999923706055,50.0,53.79999923706055,53.79999923706055,400
2014-10-09,53.0,53.79999923706055,50.79999923706055,53.79999923706055,53.79999923706055,310
2014-10-10,53.599998474121094,53.599998474121094,52.400001525878906,53.0,53.0,275
2014-10-13,53.20000076293945,53.20000076293945,50.400001525878906,53.20000076293945,53.20000076293945,285
2014-10-14,52.20000076293945,53.20000076293945,40.0,53.20000076293945,53.20000076293945,2235
2014-10-15,49.599998474121094,53.20000076293945,46.0,53.20000076293945,53.20000076293945,725
2014-10-16,53.20000076293945,54.400001525878906,53.0,54.400001525878906,54.400001525878906,1500
2014-10-17,53.79999923706055,54.400001525878906,53.0,54.400001525878906,54.400001525878906,300
2014-10-20,53.400001525878906,54.400001525878906,53.0,54.400001525878906,54.400001525878906,270
2014-10-21,53.0,57.400001525878906,53.0,57.400001525878906,57.400001525878906,1470
2014-10-22,57.0,57.0,54.0,56.79999923706055,56.79999923706055,215
2014-10-23,57.0,58.20000076293945,57.0,58.0,58.0,160
2014-10-24,56.400001525878906,58.599998474121094,56.0,58.599998474121094,58.599998474121094,285
2014-10-27,56.0,58.400001525878906,56.0,58.400001525878906,58.400001525878906,290
2014-10-28,58.20000076293945,58.599998474121094,57.0,58.400001525878906,58.400001525878906,655
2014-10-29,58.0,58.400001525878906,58.0,58.0,58.0,190
2014-10-30,49.400001525878906,58.599998474121094,49.400001525878906,58.599998474121094,58.599998474121094,520
2014-10-31,58.79999923706055,58.79999923706055,57.400001525878906,58.0,58.0,1285
2014-11-03,57.400001525878906,59.400001525878906,49.400001525878906,59.400001525878906,59.400001525878906,500
2014-11-04,59.400001525878906,59.79999923706055,49.400001525878906,59.79999923706055,59.79999923706055,780
2014-11-05,59.599998474121094,59.79999923706055,59.599998474121094,59.79999923706055,59.79999923706055,165
2014-11-06,59.400001525878906,59.400001525878906,52.400001525878906,58.20000076293945,58.20000076293945,930
2014-11-07,56.599998474121094,58.400001525878906,56.599998474121094,58.400001525878906,58.400001525878906,855
2014-11-10,58.0,58.0,57.79999923706055,58.0,58.0,50
2014-11-11,57.79999923706055,58.0,52.0,57.400001525878906,57.400001525878906,475
2014-11-12,57.400001525878906,57.400001525878906,57.400001525878906,57.400001525878906,57.400001525878906,0
2014-11-13,57.400001525878906,57.79999923706055,56.79999923706055,57.79999923706055,57.79999923706055,355
2014-11-14,55.400001525878906,58.0,55.400001525878906,58.0,58.0,315
2014-11-17,57.79999923706055,58.599998474121094,55.79999923706055,58.599998474121094,58.599998474121094,190
2014-11-18,58.0,58.0,57.79999923706055,58.0,58.0,180
2014-11-19,57.79999923706055,58.0,57.79999923706055,58.0,58.0,135
2014-11-20,57.79999923706055,58.0,57.0,58.0,58.0,40
2014-11-21,58.0,58.0,58.0,58.0,58.0,0
2014-11-24,57.79999923706055,57.79999923706055,57.79999923706055,57.79999923706055,57.79999923706055,5
2014-11-25,57.79999923706055,57.79999923706055,57.599998474121094,57.599998474121094,57.599998474121094,10
2014-11-26,58.0,58.0,57.0,57.0,57.0,90
2014-11-28,58.0,58.0,56.0,57.0,57.0,260
2014-12-01,55.79999923706055,57.79999923706055,55.20000076293945,57.79999923706055,57.79999923706055,155
2014-12-02,57.79999923706055,57.79999923706055,57.400001525878906,57.599998474121094,57.599998474121094,55
2014-12-03,57.400001525878906,58.0,55.400001525878906,58.0,58.0,340
2014-12-04,58.0,58.0,57.400001525878906,57.400001525878906,57.400001525878906,185
2014-12-05,57.0,57.0,57.0,57.0,57.0,10
2014-12-08,55.20000076293945,56.0,55.20000076293945,56.0,56.0,45
2014-12-09,57.0,57.0,57.0,57.0,57.0,65
2014-12-10,57.0,57.0,57.0,57.0,57.0,0
2014-12-11,57.79999923706055,57.79999923706055,57.79999923706055,57.79999923706055,57.79999923706055,105
2014-12-12,57.599998474121094,57.79999923706055,55.20000076293945,57.79999923706055,57.79999923706055,245
2014-12-15,57.400001525878906,58.400001525878906,55.79999923706055,56.79999923706055,56.79999923706055,200
2014-12-16,56.0,57.0,56.0,57.0,57.0,280
2014-12-17,57.0,57.0,57.0,57.0,57.0,0
2014-12-18,56.400001525878906,57.0,55.0,56.0,56.0,180
2014-12-19,56.0,56.20000076293945,55.400001525878906,56.0,56.0,175
2014-12-22,56.0,56.79999923706055,56.0,56.79999923706055,56.79999923706055,20
2014-12-23,56.0,57.0,56.0,57.0,57.0,90
2014-12-24,56.0,57.0,56.0,57.0,57.0,155
2014-12-26,57.0,57.0,57.0,57.0,57.0,0
2014-12-29,56.79999923706055,57.0,56.599998474121094,56.599998474121094,56.599998474121094,120
2014-12-30,56.599998474121094,56.599998474121094,55.79999923706055,56.400001525878906,56.400001525878906,350
2014-12-31,57.0,57.0,56.20000076293945,56.400001525878906,56.400001525878906,310
2015-01-02,56.0,56.0,56.0,56.0,56.0,10
2015-01-05,56.400001525878906,56.400001525878906,56.400001525878906,56.400001525878906,56.400001525878906,5
2015-01-06,56.400001525878906,56.599998474121094,56.400001525878906,56.599998474121094,56.599998474121094,140
2015-01-07,56.79999923706055,56.79999923706055,56.599998474121094,56.79999923706055,56.79999923706055,125
2015-01-08,56.599998474121094,57.400001525878906,56.0,57.400001525878906,57.400001525878906,235
2015-01-09,57.20000076293945,57.20000076293945,55.0,55.0,55.0,40
2015-01-12,51.79999923706055,54.599998474121094,47.0,54.599998474121094,54.599998474121094,250
2015-01-13,54.599998474121094,54.599998474121094,54.400001525878906,54.599998474121094,54.599998474121094,55
2015-01-14,54.400001525878906,54.599998474121094,54.400001525878906,54.599998474121094,54.599998474121094,140
2015-01-15,54.400001525878906,55.0,54.400001525878906,55.0,55.0,75
2015-01-16,54.79999923706055,55.20000076293945,52.0,55.0,55.0,120
2015-01-20,55.0,55.0,55.0,55.0,55.0,190
2015-01-21,54.79999923706055,54.79999923706055,54.79999923706055,54.79999923706055,54.79999923706055,10
2015-01-22,54.79999923706055,54.79999923706055,54.79999923706055,54.79999923706055,54.79999923706055,70
2015-01-23,54.79999923706055,54.79999923706055,54.79999923706055,54.79999923706055,54.79999923706055,140
2015-01-26,53.400001525878906,55.0,52.20000076293945,55.0,55.0,75
2015-01-27,54.79999923706055,54.79999923706055,54.0,54.400001525878906,54.400001525878906,85
2015-01-28,54.400001525878906,54.79999923706055,54.0,54.0,54.0,170
2015-01-29,53.599998474121094,55.599998474121094,53.599998474121094,55.20000076293945,55.20000076293945,235
2015-01-30,55.20000076293945,55.79999923706055,54.0,54.79999923706055,54.79999923706055,180
2015-02-02,52.20000076293945,54.79999923706055,52.20000076293945,54.0,54.0,155
2015-02-03,52.79999923706055,54.0,52.79999923706055,54.0,54.0,175
2015-02-04,54.0,54.0,54.0,54.0,54.0,0
2015-02-05,54.0,54.599998474121094,54.0,54.599998474121094,54.599998474121094,170
2015-02-06,54.599998474121094,55.599998474121094,51.599998474121094,54.79999923706055,54.79999923706055,385
2015-02-09,54.79999923706055,54.79999923706055,51.599998474121094,54.0,54.0,160
2015-02-10,53.599998474121094,53.599998474121094,50.0,50.400001525878906,50.400001525878906,260
2015-02-11,49.0,49.0,45.0,48.79999923706055,48.79999923706055,2475
2015-02-12,49.20000076293945,49.20000076293945,46.79999923706055,46.79999923706055,46.79999923706055,550
2015-02-13,46.0,46.0,38.20000076293945,43.0,43.0,1975
2015-02-17,42.599998474121094,42.599998474121094,40.0,40.0,40.0,805
2015-02-18,40.0,44.400001525878906,37.400001525878906,44.0,44.0,2390
2015-02-19,43.0,43.400001525878906,42.400001525878906,43.400001525878906,43.400001525878906,580
2015-02-20,43.0,43.0,41.400001525878906,42.599998474121094,42.599998474121094,545
2015-02-23,40.79999923706055,46.79999923706055,40.79999923706055,46.79999923706055,46.79999923706055,245
2015-02-24,47.0,47.599998474121094,44.400001525878906,45.79999923706055,45.79999923706055,635
2015-02-25,44.0,45.79999923706055,43.0,43.0,43.0,210
2015-02-26,42.79999923706055,42.79999923706055,39.599998474121094,42.0,42.0,185
2015-02-27,40.20000076293945,43.0,38.599998474121094,43.0,43.0,315
2015-03-02,42.599998474121094,42.599998474121094,42.599998474121094,42.599998474121094,42.599998474121094,5
2015-03-03,41.20000076293945,42.0,41.20000076293945,42.0,42.0,140
2015-03-04,40.599998474121094,42.0,40.599998474121094,42.0,42.0,30
2015-03-05,43.0,43.0,43.0,43.0,43.0,10
2015-03-06,43.0,43.0,43.0,43.0,43.0,10
2015-03-09,42.79999923706055,42.79999923706055,42.79999923706055,42.79999923706055,42.79999923706055,5
2015-03-10,42.79999923706055,42.79999923706055,41.79999923706055,42.400001525878906,42.400001525878906,95
2015-03-11,42.400001525878906,42.400001525878906,42.0,42.0,42.0,180
2015-03-12,41.79999923706055,42.0,40.0,40.0,40.0,60
2015-03-13,40.0,40.0,40.0,40.0,40.0,0
2015-03-16,38.20000076293945,40.0,38.20000076293945,40.0,40.0,150
2015-03-17,40.0,41.0,38.20000076293945,39.79999923706055,39.79999923706055,35
2015-03-18,39.79999923706055,40.0,39.0,40.0,40.0,60
2015-03-19,40.0,40.0,33.400001525878906,37.79999923706055,37.79999923706055,380
2015-03-20,37.79999923706055,37.79999923706055,37.79999923706055,37.79999923706055,37.79999923706055,0
2015-03-23,37.79999923706055,37.79999923706055,37.79999923706055,37.79999923706055,37.79999923706055,10
2015-03-24,37.0,37.0,37.0,37.0,37.0,50
2015-03-25,37.0,37.0,33.0,36.0,36.0,160
2015-03-26,36.0,36.0,36.0,36.0,36.0,5
2015-03-27,36.0,36.0,36.0,36.0,36.0,5
2015-03-30,36.0,37.599998474121094,36.0,37.599998474121094,37.599998474121094,75
2015-03-31,37.0,38.0,37.0,38.0,38.0,25
2015-04-01,38.0,38.0,38.0,38.0,38.0,0
2015-04-02,37.79999923706055,37.79999923706055,37.0,37.0,37.0,245
2015-04-06,37.0,37.0,37.0,37.0,37.0,0
2015-04-07,37.0,37.0,37.0,37.0,37.0,0
2015-04-08,37.0,37.0,37.0,37.0,37.0,0
2015-04-09,37.0,37.0,37.0,37.0,37.0,0
2015-04-10,37.599998474121094,37.599998474121094,34.0,34.0,34.0,160
2015-04-13,36.0,36.0,36.0,36.0,36.0,10
2015-04-14,34.0,36.0,32.20000076293945,36.0,36.0,100
2015-04-15,36.0,37.599998474121094,34.0,37.599998474121094,37.599998474121094,40
2015-04-16,36.0,37.400001525878906,33.0,37.0,37.0,60
2015-04-17,37.0,37.0,37.0,37.0,37.0,0
2015-04-20,36.20000076293945,37.0,36.0,37.0,37.0,75
2015-04-21,37.0,37.0,37.0,37.0,37.0,0
2015-04-22,37.0,37.0,37.0,37.0,37.0,0
2015-04-23,35.79999923706055,37.599998474121094,35.79999923706055,37.599998474121094,37.599998474121094,15
2015-04-24,37.599998474121094,37.599998474121094,37.599998474121094,37.599998474121094,37.599998474121094,0
2015-04-27,37.599998474121094,37.599998474121094,37.0,37.0,37.0,60
2015-04-28,36.599998474121094,36.599998474121094,36.599998474121094,36.599998474121094,36.599998474121094,5
2015-04-29,36.599998474121094,36.599998474121094,36.599998474121094,36.599998474121094,36.599998474121094,0
2015-04-30,37.20000076293945,37.20000076293945,32.0,36.79999923706055,36.79999923706055,600
2015-05-01,35.0,36.79999923706055,35.0,36.79999923706055,36.79999923706055,35
2015-05-04,36.79999923706055,36.79999923706055,36.79999923706055,36.79999923706055,36.79999923706055,15
2015-05-05,36.79999923706055,36.79999923706055,36.79999923706055,36.79999923706055,36.79999923706055,0
2015-05-06,36.79999923706055,36.79999923706055,36.79999923706055,36.79999923706055,36.79999923706055,50
2015-05-07,36.79999923706055,36.79999923706055,36.79999923706055,36.79999923706055,36.79999923706055,0
2015-05-08,36.79999923706055,36.79999923706055,36.79999923706055,36.79999923706055,36.79999923706055,0
2015-05-11,36.79999923706055,36.79999923706055,36.79999923706055,36.79999923706055,36.79999923706055,30
2015-05-12,32.20000076293945,40.0,32.0,40.0,40.0,335
2015-05-13,38.0,41.0,38.0,41.0,41.0,305
2015-05-14,41.0,41.0,41.0,41.0,41.0,0
2015-05-15,39.0,41.0,38.0,40.0,40.0,340
2015-05-18,37.0,39.599998474121094,36.599998474121094,39.400001525878906,39.400001525878906,170
2015-05-19,39.400001525878906,39.400001525878906,39.400001525878906,39.400001525878906,39.400001525878906,0
2015-05-20,39.400001525878906,39.400001525878906,39.400001525878906,39.400001525878906,39.400001525878906,0
2015-05-21,39.400001525878906,39.400001525878906,39.400001525878906,39.400001525878906,39.400001525878906,0
2015-05-22,39.400001525878906,39.400001525878906,39.400001525878906,39.400001525878906,39.400001525878906,0
2015-05-26,39.400001525878906,39.400001525878906,39.400001525878906,39.400001525878906,39.400001525878906,0
2015-05-27,39.400001525878906,39.400001525878906,39.400001525878906,39.400001525878906,39.400001525878906,0
2015-05-28,38.0,39.0,38.0,39.0,39.0,235
2015-05-29,36.20000076293945,39.0,36.0,39.0,39.0,170
2015-06-01,39.0,39.0,39.0,39.0,39.0,0
2015-06-02,34.400001525878906,39.0,34.400001525878906,39.0,39.0,80
2015-06-03,36.79999923706055,37.79999923706055,32.79999923706055,37.79999923706055,37.79999923706055,330
2015-06-04,35.79999923706055,37.0,33.0,36.599998474121094,36.599998474121094,40
2015-06-05,36.599998474121094,36.599998474121094,36.599998474121094,36.599998474121094,36.599998474121094,0
2015-06-08,36.599998474121094,36.599998474121094,36.599998474121094,36.599998474121094,36.599998474121094,0
2015-06-09,36.599998474121094,36.599998474121094,36.599998474121094,36.599998474121094,36.599998474121094,0
2015-06-10,32.79999923706055,37.599998474121094,32.79999923706055,37.599998474121094,37.599998474121094,50
2015-06-11,37.400001525878906,37.400001525878906,33.400001525878906,37.20000076293945,37.20000076293945,20
2015-06-12,37.400001525878906,37.400001525878906,37.400001525878906,37.400001525878906,37.400001525878906,30
2015-06-15,37.400001525878906,37.400001525878906,37.400001525878906,37.400001525878906,37.400001525878906,0
2015-06-16,37.400001525878906,37.400001525878906,37.400001525878906,37.400001525878906,37.400001525878906,0
2015-06-17,37.400001525878906,37.400001525878906,37.400001525878906,37.400001525878906,37.400001525878906,0
2015-06-18,37.400001525878906,37.400001525878906,37.400001525878906,37.400001525878906,37.400001525878906,25
2015-06-19,37.400001525878906,37.400001525878906,37.400001525878906,37.400001525878906,37.400001525878906,0
2015-06-22,36.0,37.0,32.400001525878906,37.0,37.0,585
2015-06-23,37.0,37.0,37.0,37.0,37.0,0
2015-06-24,37.0,37.0,37.0,37.0,37.0,15
2015-06-25,37.0,37.0,37.0,37.0,37.0,0
2015-06-26,34.79999923706055,39.0,32.400001525878906,39.0,39.0,395
2015-06-29,38.79999923706055,39.0,38.79999923706055,39.0,39.0,25
2015-06-30,37.400001525878906,37.400001525878906,37.400001525878906,37.400001525878906,37.400001525878906,10
2015-07-01,35.0,36.20000076293945,33.400001525878906,36.20000076293945,36.20000076293945,95
2015-07-02,36.20000076293945,36.20000076293945,36.20000076293945,36.20000076293945,36.20000076293945,0
2015-07-06,36.20000076293945,36.20000076293945,36.20000076293945,36.20000076293945,36.20000076293945,0
2015-07-07,36.20000076293945,36.20000076293945,36.20000076293945,36.20000076293945,36.20000076293945,0
2015-07-08,36.400001525878906,36.400001525878906,36.400001525878906,36.400001525878906,36.400001525878906,15
2015-07-09,36.400001525878906,36.400001525878906,36.400001525878906,36.400001525878906,36.400001525878906,0
2015-07-10,36.400001525878906,36.400001525878906,36.400001525878906,36.400001525878906,36.400001525878906,0
2015-07-13,33.20000076293945,36.400001525878906,33.20000076293945,36.400001525878906,36.400001525878906,70
2015-07-14,36.400001525878906,36.400001525878906,36.400001525878906,36.400001525878906,36.400001525878906,0
2015-07-15,35.79999923706055,36.400001525878906,35.599998474121094,35.599998474121094,35.599998474121094,50
2015-07-16,35.599998474121094,35.599998474121094,35.599998474121094,35.599998474121094,35.599998474121094,0
2015-07-17,35.599998474121094,35.599998474121094,35.599998474121094,35.599998474121094,35.599998474121094,0
2015-07-20,36.400001525878906,36.400001525878906,36.0,36.0,36.0,115
2015-07-21,36.0,36.0,36.0,36.0,36.0,0
2015-07-22,35.79999923706055,37.599998474121094,27.600000381469727,37.599998474121094,37.599998474121094,785
2015-07-23,37.599998474121094,37.599998474121094,37.599998474121094,37.599998474121094,37.599998474121094,0
2015-07-24,37.599998474121094,37.599998474121094,37.599998474121094,37.599998474121094,37.599998474121094,0
2015-07-27,35.0,35.0,35.0,35.0,35.0,40
2015-07-28,34.0,34.0,33.599998474121094,33.599998474121094,33.599998474121094,15
2015-07-29,33.0,33.0,33.0,33.0,33.0,100
2015-07-30,32.599998474121094,33.599998474121094,32.599998474121094,33.599998474121094,33.599998474121094,30
2015-07-31,32.20000076293945,33.599998474121094,32.20000076293945,33.0,33.0,180
2015-08-03,33.599998474121094,34.0,32.0,34.0,34.0,205
2015-08-04,32.0,32.400001525878906,29.799999237060547,32.400001525878906,32.400001525878906,115
2015-08-05,32.400001525878906,32.400001525878906,32.400001525878906,32.400001525878906,32.400001525878906,0
2015-08-06,30.0,32.0,30.0,32.0,32.0,25
2015-08-07,29.799999237060547,30.0,28.200000762939453,29.600000381469727,29.600000381469727,280
2015-08-10,29.600000381469727,29.600000381469727,27.799999237060547,28.600000381469727,28.600000381469727,490
2015-08-11,32.79999923706055,32.79999923706055,28.0,29.0,29.0,380
2015-08-12,30.0,30.0,30.0,30.0,30.0,10
2015-08-13,28.0,32.0,27.399999618530273,32.0,32.0,370
2015-08-14,27.799999237060547,29.200000762939453,27.399999618530273,27.399999618530273,27.399999618530273,50
2015-08-17,31.0,31.0,31.0,31.0,31.0,10
2015-08-18,31.600000381469727,31.600000381469727,31.600000381469727,31.600000381469727,31.600000381469727,10
2015-08-19,31.600000381469727,31.600000381469727,31.600000381469727,31.600000381469727,31.600000381469727,0
2015-08-20,31.600000381469727,31.600000381469727,31.600000381469727,31.600000381469727,31.600000381469727,0
2015-08-21,31.600000381469727,31.600000381469727,27.0,31.600000381469727,31.600000381469727,75
2015-08-24,31.600000381469727,33.0,31.600000381469727,33.0,33.0,10
2015-08-25,33.0,33.0,33.0,33.0,33.0,5
2015-08-26,31.200000762939453,32.0,30.0,30.399999618530273,30.399999618530273,225
2015-08-27,30.0,30.0,30.0,30.0,30.0,5
2015-08-28,30.0,30.0,30.0,30.0,30.0,70
2015-08-31,30.0,31.200000762939453,30.0,31.200000762939453,31.200000762939453,80
2015-09-01,31.200000762939453,31.200000762939453,31.200000762939453,31.200000762939453,31.200000762939453,0
2015-09-02,32.0,32.0,32.0,32.0,32.0,15
2015-09-03,34.0,34.0,34.0,34.0,34.0,10
2015-09-04,30.0,34.0,30.0,34.0,34.0,70
2015-09-08,30.0,33.0,28.799999237060547,32.599998474121094,32.599998474121094,125
2015-09-09,32.599998474121094,32.599998474121094,32.599998474121094,32.599998474121094,32.599998474121094,0
2015-09-10,32.599998474121094,33.79999923706055,32.599998474121094,33.79999923706055,33.79999923706055,30
2015-09-11,33.79999923706055,33.79999923706055,33.79999923706055,33.79999923706055,33.79999923706055,0
2015-09-14,33.79999923706055,33.79999923706055,33.79999923706055,33.79999923706055,33.79999923706055,0
2015-09-15,32.79999923706055,33.79999923706055,28.200000762939453,33.79999923706055,33.79999923706055,100
2015-09-16,28.399999618530273,34.0,28.399999618530273,34.0,34.0,75
2015-09-17,34.0,34.0,34.0,34.0,34.0,0
2015-09-18,32.0,34.0,29.799999237060547,34.0,34.0,85
2015-09-21,32.79999923706055,32.79999923706055,32.79999923706055,32.79999923706055,32.79999923706055,15
2015-09-22,30.600000381469727,33.79999923706055,30.600000381469727,33.79999923706055,33.79999923706055,120
2015-09-23,32.0,32.0,32.0,32.0,32.0,70
2015-09-24,32.0,32.0,32.0,32.0,32.0,0
2015-09-25,32.0,32.0,32.0,32.0,32.0,0
2015-09-28,32.0,33.599998474121094,32.0,33.599998474121094,33.599998474121094,40
2015-09-29,32.0,32.0,30.0,32.0,32.0,165
2015-09-30,28.0,34.0,28.0,34.0,34.0,185
2015-10-01,30.0,33.599998474121094,30.0,30.399999618530273,30.399999618530273,125
2015-10-02,30.399999618530273,32.0,30.0,30.0,30.0,125
2015-10-05,28.200000762939453,28.200000762939453,28.0,28.0,28.0,65
2015-10-06,28.0,28.0,28.0,28.0,28.0,0
2015-10-07,28.0,28.0,26.0,26.0,26.0,35
2015-10-08,26.0,26.399999618530273,26.0,26.0,26.0,430
2015-10-09,27.600000381469727,27.600000381469727,27.600000381469727,27.600000381469727,27.600000381469727,10
2015-10-12,27.600000381469727,29.399999618530273,27.0,29.399999618530273,29.399999618530273,250
2015-10-13,25.0,29.399999618530273,25.0,29.399999618530273,29.399999618530273,20
2015-10-14,28.0,28.0,26.399999618530273,28.0,28.0,55
2015-10-15,28.0,28.0,28.0,28.0,28.0,0
2015-10-16,28.0,28.0,28.0,28.0,28.0,10
2015-10-19,28.0,28.0,28.0,28.0,28.0,0
2015-10-20,28.0,28.0,28.0,28.0,28.0,0
2015-10-21,28.0,28.0,28.0,28.0,28.0,0
2015-10-22,28.0,28.0,28.0,28.0,28.0,0
2015-10-23,28.0,28.0,28.0,28.0,28.0,0
2015-10-26,27.600000381469727,27.799999237060547,26.399999618530273,26.399999618530273,26.399999618530273,560
2015-10-27,25.0,25.799999237060547,22.0,25.799999237060547,25.799999237060547,230
2015-10-28,23.399999618530273,25.799999237060547,23.399999618530273,25.799999237060547,25.799999237060547,25
2015-10-29,23.0,26.0,22.0,22.0,22.0,215
2015-10-30,22.0,27.200000762939453,22.0,27.200000762939453,27.200000762939453,510
2015-11-02,24.600000381469727,27.0,24.600000381469727,27.0,27.0,155
2015-11-03,27.0,27.0,27.0,27.0,27.0,0
2015-11-04,24.600000381469727,25.0,24.0,25.0,25.0,250
2015-11-05,23.200000762939453,25.0,20.0,25.0,25.0,925
2015-11-06,23.399999618530273,23.399999618530273,22.0,22.0,22.0,25
2015-11-09,22.0,22.0,22.0,22.0,22.0,0
2015-11-10,22.0,22.0,22.0,22.0,22.0,40
2015-11-11,22.0,22.0,22.0,22.0,22.0,0
2015-11-12,22.0,22.0,22.0,22.0,22.0,0
2015-11-13,22.0,22.0,22.0,22.0,22.0,0
2015-11-16,22.0,22.0,22.0,22.0,22.0,0
2015-11-17,22.0,22.0,22.0,22.0,22.0,0
2015-11-18,22.0,22.0,22.0,22.0,22.0,0
2015-11-19,22.0,22.0,22.0,22.0,22.0,0
2015-11-20,22.0,22.0,22.0,22.0,22.0,15
2015-11-23,22.0,22.0,22.0,22.0,22.0,0
2015-11-24,22.0,22.0,22.0,22.0,22.0,0
2015-11-25,20.399999618530273,22.0,20.399999618530273,22.0,22.0,25
2015-11-27,22.0,22.0,22.0,22.0,22.0,0
2015-11-30,20.399999618530273,22.0,20.399999618530273,22.0,22.0,135
2015-12-01,20.399999618530273,22.0,20.399999618530273,22.0,22.0,30
2015-12-02,22.0,22.0,22.0,22.0,22.0,0
2015-12-03,20.200000762939453,22.0,15.0,22.0,22.0,130
2015-12-04,22.0,22.0,22.0,22.0,22.0,0
2015-12-07,22.0,22.0,22.0,22.0,22.0,0
2015-12-08,22.0,22.0,22.0,22.0,22.0,0
2015-12-09,19.200000762939453,21.0,19.200000762939453,21.0,21.0,75
2015-12-10,21.0,21.0,21.0,21.0,21.0,0
2015-12-11,21.600000381469727,22.0,21.600000381469727,22.0,22.0,10
2015-12-14,22.0,22.0,22.0,22.0,22.0,0
2015-12-15,19.799999237060547,22.0,19.799999237060547,22.0,22.0,85
2015-12-16,20.600000381469727,22.0,20.600000381469727,22.0,22.0,70
2015-12-17,20.799999237060547,22.0,20.799999237060547,22.0,22.0,55
2015-12-18,20.0,22.0,20.0,21.600000381469727,21.600000381469727,85
2015-12-21,21.600000381469727,21.600000381469727,21.600000381469727,21.600000381469727,21.600000381469727,0
2015-12-22,22.0,22.0,22.0,22.0,22.0,25
2015-12-23,21.600000381469727,22.0,21.600000381469727,22.0,22.0,170
2015-12-24,22.0,22.0,22.0,22.0,22.0,0
2015-12-28,22.0,22.0,22.0,22.0,22.0,0
2015-12-29,22.0,22.0,22.0,22.0,22.0,0
2015-12-30,21.799999237060547,21.799999237060547,20.0,20.399999618530273,20.399999618530273,85
2015-12-31,20.0,21.799999237060547,17.0,21.799999237060547,21.799999237060547,910
2016-01-04,21.799999237060547,21.799999237060547,21.799999237060547,21.799999237060547,21.799999237060547,0
2016-01-05,21.799999237060547,21.799999237060547,21.799999237060547,21.799999237060547,21.799999237060547,0
2016-01-06,21.799999237060547,21.799999237060547,21.799999237060547,21.799999237060547,21.799999237060547,0
2016-01-07,21.200000762939453,21.600000381469727,21.200000762939453,21.600000381469727,21.600000381469727,15
2016-01-08,21.600000381469727,21.600000381469727,21.600000381469727,21.600000381469727,21.600000381469727,0
2016-01-11,21.0,21.0,21.0,21.0,21.0,10
2016-01-12,21.0,21.0,21.0,21.0,21.0,10
2016-01-13,21.0,21.0,21.0,21.0,21.0,0
2016-01-14,21.0,21.0,21.0,21.0,21.0,0
2016-01-15,21.0,21.0,21.0,21.0,21.0,0
2016-01-19,21.0,21.0,21.0,21.0,21.0,0
2016-01-20,21.0,21.0,21.0,21.0,21.0,0
2016-01-21,21.0,21.0,21.0,21.0,21.0,0
2016-01-22,21.0,21.0,16.799999237060547,17.600000381469727,17.600000381469727,1240
2016-01-25,17.600000381469727,17.600000381469727,16.399999618530273,17.399999618530273,17.399999618530273,125
2016-01-26,16.399999618530273,16.600000381469727,16.399999618530273,16.600000381469727,16.600000381469727,65
2016-01-27,16.600000381469727,16.600000381469727,16.600000381469727,16.600000381469727,16.600000381469727,0
2016-01-28,16.600000381469727,16.600000381469727,16.600000381469727,16.600000381469727,16.600000381469727,0
2016-01-29,15.399999618530273,16.399999618530273,15.0,16.399999618530273,16.399999618530273,45
2016-02-01,16.399999618530273,16.399999618530273,16.399999618530273,16.399999618530273,16.399999618530273,0
2016-02-02,16.600000381469727,16.600000381469727,16.600000381469727,16.600000381469727,16.600000381469727,10
2016-02-03,16.600000381469727,16.600000381469727,16.600000381469727,16.600000381469727,16.600000381469727,0
2016-02-04,16.600000381469727,16.600000381469727,16.600000381469727,16.600000381469727,16.600000381469727,0
2016-02-05,16.600000381469727,16.600000381469727,16.600000381469727,16.600000381469727,16.600000381469727,0
2016-02-08,16.600000381469727,16.600000381469727,16.600000381469727,16.600000381469727,16.600000381469727,0
2016-02-09,15.0,16.600000381469727,15.0,16.600000381469727,16.600000381469727,60
2016-02-10,16.600000381469727,16.600000381469727,16.600000381469727,16.600000381469727,16.600000381469727,0
2016-02-11,15.0,16.600000381469727,15.0,16.600000381469727,16.600000381469727,150
2016-02-12,16.600000381469727,16.600000381469727,16.600000381469727,16.600000381469727,16.600000381469727,0
2016-02-16,16.600000381469727,16.600000381469727,16.600000381469727,16.600000381469727,16.600000381469727,0
2016-02-17,16.600000381469727,16.600000381469727,16.600000381469727,16.600000381469727,16.600000381469727,0
2016-02-18,16.600000381469727,16.600000381469727,16.600000381469727,16.600000381469727,16.600000381469727,0
2016-02-19,16.600000381469727,16.600000381469727,16.600000381469727,16.600000381469727,16.600000381469727,0
2016-02-22,16.600000381469727,16.600000381469727,16.600000381469727,16.600000381469727,16.600000381469727,0
2016-02-23,14.600000381469727,16.600000381469727,13.800000190734863,13.800000190734863,13.800000190734863,315
2016-02-24,15.600000381469727,15.600000381469727,15.600000381469727,15.600000381469727,15.600000381469727,10
2016-02-25,15.600000381469727,15.600000381469727,15.600000381469727,15.600000381469727,15.600000381469727,0
2016-02-26,15.600000381469727,15.600000381469727,15.600000381469727,15.600000381469727,15.600000381469727,0
2016-02-29,15.600000381469727,15.600000381469727,15.600000381469727,15.600000381469727,15.600000381469727,200
2016-03-01,15.600000381469727,15.600000381469727,15.600000381469727,15.600000381469727,15.600000381469727,0
2016-03-02,15.600000381469727,15.600000381469727,15.600000381469727,15.600000381469727,15.600000381469727,0
2016-03-03,15.600000381469727,15.600000381469727,15.600000381469727,15.600000381469727,15.600000381469727,0
2016-03-04,13.600000381469727,15.199999809265137,13.600000381469727,15.199999809265137,15.199999809265137,15
2016-03-07,13.600000381469727,15.600000381469727,13.600000381469727,15.0,15.0,140
2016-03-08,13.600000381469727,15.600000381469727,13.600000381469727,15.600000381469727,15.600000381469727,110
2016-03-09,15.600000381469727,15.600000381469727,15.600000381469727,15.600000381469727,15.600000381469727,0
2016-03-10,15.0,15.600000381469727,15.0,15.600000381469727,15.600000381469727,15
2016-03-11,15.600000381469727,15.600000381469727,15.600000381469727,15.600000381469727,15.600000381469727,0
2016-03-14,15.600000381469727,15.600000381469727,15.600000381469727,15.600000381469727,15.600000381469727,0
2016-03-15,15.199999809265137,15.199999809265137,15.0,15.0,15.0,250
2016-03-16,15.0,15.0,15.0,15.0,15.0,0
2016-03-17,15.600000381469727,15.600000381469727,14.0,14.0,14.0,260
2016-03-18,13.0,15.0,13.0,13.0,13.0,65
2016-03-21,13.0,13.0,13.0,13.0,13.0,300
2016-03-22,13.0,13.0,13.0,13.0,13.0,250
2016-03-23,13.0,13.0,13.0,13.0,13.0,15
2016-03-24,13.0,13.0,13.0,13.0,13.0,0
2016-03-28,15.600000381469727,15.600000381469727,15.600000381469727,15.600000381469727,15.600000381469727,50
2016-03-29,12.600000381469727,12.600000381469727,10.199999809265137,12.0,12.0,340
2016-03-30,12.0,12.0,12.0,12.0,12.0,0
2016-03-31,12.0,14.0,12.0,14.0,14.0,760
2016-04-01,10.399999618530273,12.0,10.399999618530273,12.0,12.0,20
2016-04-04,10.800000190734863,10.800000190734863,8.399999618530273,9.800000190734863,9.800000190734863,1465
2016-04-05,9.800000190734863,9.800000190734863,9.800000190734863,9.800000190734863,9.800000190734863,0
2016-04-06,8.800000190734863,9.800000190734863,8.800000190734863,8.800000190734863,8.800000190734863,315
2016-04-07,9.600000381469727,9.600000381469727,9.600000381469727,9.600000381469727,9.600000381469727,25
2016-04-08,8.399999618530273,9.0,7.0,9.0,9.0,285
2016-04-11,7.0,9.0,7.0,9.0,9.0,890
2016-04-12,9.600000381469727,10.399999618530273,9.600000381469727,10.399999618530273,10.399999618530273,15
2016-04-13,10.399999618530273,10.399999618530273,10.399999618530273,10.399999618530273,10.399999618530273,0
2016-04-14,10.199999809265137,10.199999809265137,10.199999809265137,10.199999809265137,10.199999809265137,65
2016-04-15,10.199999809265137,10.199999809265137,10.199999809265137,10.199999809265137,10.199999809265137,0
2016-04-18,7.0,10.199999809265137,7.0,10.199999809265137,10.199999809265137,40
2016-04-19,10.199999809265137,10.199999809265137,10.199999809265137,10.199999809265137,10.199999809265137,0
2016-04-20,10.199999809265137,10.199999809265137,10.199999809265137,10.199999809265137,10.199999809265137,0
2016-04-21,7.400000095367432,9.800000190734863,7.400000095367432,9.800000190734863,9.800000190734863,40
2016-04-22,9.800000190734863,9.800000190734863,9.800000190734863,9.800000190734863,9.800000190734863,0
2016-04-25,9.800000190734863,9.800000190734863,9.800000190734863,9.800000190734863,9.800000190734863,0
2016-04-26,7.400000095367432,10.199999809265137,6.400000095367432,10.199999809265137,10.199999809265137,500
2016-04-27,10.199999809265137,10.199999809265137,10.199999809265137,10.199999809265137,10.199999809265137,0
2016-04-28,10.199999809265137,10.199999809265137,10.199999809265137,10.199999809265137,10.199999809265137,0
2016-04-29,10.199999809265137,10.199999809265137,10.199999809265137,10.199999809265137,10.199999809265137,0
2016-05-02,8.800000190734863,10.199999809265137,6.0,8.0,8.0,3645
2016-05-03,8.0,8.0,8.0,8.0,8.0,0
2016-05-04,8.0,8.0,8.0,8.0,8.0,0
2016-05-05,6.800000190734863,8.0,6.800000190734863,8.0,8.0,25
2016-05-06,8.0,8.0,8.0,8.0,8.0,0
2016-05-09,6.800000190734863,6.800000190734863,6.800000190734863,6.800000190734863,6.800000190734863,500
2016-05-10,7.599999904632568,8.0,6.199999809265137,6.199999809265137,6.199999809265137,420
2016-05-11,8.0,8.0,7.0,7.0,7.0,1030
2016-05-12,6.400000095367432,7.599999904632568,6.400000095367432,6.400000095367432,6.400000095367432,865
2016-05-13,8.600000381469727,8.600000381469727,8.600000381469727,8.600000381469727,8.600000381469727,15
2016-05-16,6.400000095367432,8.0,6.400000095367432,8.0,8.0,625
2016-05-17,8.0,8.0,8.0,8.0,8.0,0
2016-05-18,6.0,8.0,6.0,8.0,8.0,75
2016-05-19,8.0,8.0,8.0,8.0,8.0,0
2016-05-20,8.0,8.0,8.0,8.0,8.0,0
2016-05-23,8.0,8.0,8.0,8.0,8.0,0
2016-05-24,6.0,6.400000095367432,6.0,6.400000095367432,6.400000095367432,1075
2016-05-25,6.400000095367432,6.400000095367432,6.400000095367432,6.400000095367432,6.400000095367432,0
2016-05-26,6.0,6.0,6.0,6.0,6.0,440
2016-05-27,6.0,6.0,6.0,6.0,6.0,0
2016-05-31,5.0,5.0,5.0,5.0,5.0,5
2016-06-01,6.0,6.0,6.0,6.0,6.0,125
2016-06-02,5.0,6.0,5.0,6.0,6.0,90
2016-06-03,6.0,6.0,6.0,6.0,6.0,0
2016-06-06,6.0,6.0,6.0,6.0,6.0,0
2016-06-07,6.0,6.0,6.0,6.0,6.0,0
2016-06-08,6.0,6.0,6.0,6.0,6.0,0
2016-06-09,6.0,6.0,6.0,6.0,6.0,0
2016-06-10,7.0,7.0,7.0,7.0,7.0,50
2016-06-13,7.0,7.0,7.0,7.0,7.0,0
2016-06-14,7.0,7.0,7.0,7.0,7.0,0
2016-06-15,7.0,7.0,7.0,7.0,7.0,0
2016-06-16,7.0,7.0,7.0,7.0,7.0,0
2016-06-17,5.0,6.0,5.0,6.0,6.0,415
2016-06-20,6.0,6.0,6.0,6.0,6.0,0
2016-06-21,5.0,6.0,5.0,6.0,6.0,65
2016-06-22,6.0,6.0,6.0,6.0,6.0,0
2016-06-23,6.0,6.0,6.0,6.0,6.0,0
2016-06-24,6.0,6.0,6.0,6.0,6.0,25
2016-06-27,6.0,6.0,6.0,6.0,6.0,0
2016-06-28,5.199999809265137,6.0,5.0,6.0,6.0,120
2016-06-29,6.0,6.0,6.0,6.0,6.0,0
2016-06-30,5.199999809265137,6.0,5.199999809265137,6.0,6.0,35
2016-07-01,7.0,7.0,7.0,7.0,7.0,25
2016-07-05,7.0,7.0,7.0,7.0,7.0,0
2016-07-06,5.0,5.0,5.0,5.0,5.0,15
2016-07-07,6.0,6.0,6.0,6.0,6.0,25
2016-07-08,5.199999809265137,6.0,5.199999809265137,6.0,6.0,50
2016-07-11,6.0,6.0,6.0,6.0,6.0,0
2016-07-12,6.0,6.0,6.0,6.0,6.0,0
2016-07-13,6.0,6.0,6.0,6.0,6.0,0
2016-07-14,6.0,6.0,6.0,6.0,6.0,0
2016-07-15,8.199999809265137,8.600000381469727,7.0,7.0,7.0,25
2016-07-18,5.599999904632568,5.599999904632568,5.599999904632568,5.599999904632568,5.599999904632568,20
2016-07-19,5.599999904632568,5.599999904632568,5.599999904632568,5.599999904632568,5.599999904632568,0
2016-07-20,5.599999904632568,5.599999904632568,4.0,5.0,5.0,2085
2016-07-21,5.0,5.400000095367432,5.0,5.400000095367432,5.400000095367432,500
2016-07-22,5.400000095367432,5.400000095367432,5.400000095367432,5.400000095367432,5.400000095367432,0
2016-07-25,5.199999809265137,5.599999904632568,5.199999809265137,5.599999904632568,5.599999904632568,350
2016-07-26,5.0,5.400000095367432,4.599999904632568,5.400000095367432,5.400000095367432,30
2016-07-27,5.400000095367432,5.400000095367432,5.400000095367432,5.400000095367432,5.400000095367432,0
2016-07-28,5.400000095367432,5.400000095367432,5.400000095367432,5.400000095367432,5.400000095367432,0
2016-07-29,4.800000190734863,5.400000095367432,4.599999904632568,5.400000095367432,5.400000095367432,30
2016-08-01,4.800000190734863,5.400000095367432,4.599999904632568,5.400000095367432,5.400000095367432,135
2016-08-02,5.400000095367432,5.400000095367432,5.400000095367432,5.400000095367432,5.400000095367432,0
2016-08-03,5.400000095367432,5.400000095367432,5.400000095367432,5.400000095367432,5.400000095367432,0
2016-08-04,5.400000095367432,5.400000095367432,5.400000095367432,5.400000095367432,5.400000095367432,0
2016-08-05,5.400000095367432,5.400000095367432,5.400000095367432,5.400000095367432,5.400000095367432,0
2016-08-08,5.400000095367432,5.599999904632568,5.400000095367432,5.599999904632568,5.599999904632568,205
2016-08-09,5.599999904632568,5.599999904632568,5.599999904632568,5.599999904632568,5.599999904632568,0
2016-08-10,5.599999904632568,5.599999904632568,5.599999904632568,5.599999904632568,5.599999904632568,0
2016-08-11,5.599999904632568,5.599999904632568,5.599999904632568,5.599999904632568,5.599999904632568,0
2016-08-12,5.599999904632568,5.599999904632568,5.599999904632568,5.599999904632568,5.599999904632568,0
2016-08-15,5.599999904632568,5.599999904632568,5.599999904632568,5.599999904632568,5.599999904632568,0
2016-08-16,5.599999904632568,5.599999904632568,5.599999904632568,5.599999904632568,5.599999904632568,0
2016-08-17,5.599999904632568,5.599999904632568,5.599999904632568,5.599999904632568,5.599999904632568,0
2016-08-18,5.599999904632568,5.599999904632568,5.599999904632568,5.599999904632568,5.599999904632568,0
2016-08-19,5.0,5.599999904632568,4.599999904632568,5.599999904632568,5.599999904632568,25
2016-08-22,5.599999904632568,5.599999904632568,5.599999904632568,5.599999904632568,5.599999904632568,0
2016-08-23,5.599999904632568,5.599999904632568,5.599999904632568,5.599999904632568,5.599999904632568,0
2016-08-24,5.599999904632568,5.599999904632568,5.599999904632568,5.599999904632568,5.599999904632568,0
2016-08-25,5.599999904632568,5.599999904632568,5.599999904632568,5.599999904632568,5.599999904632568,0
2016-08-26,5.599999904632568,5.599999904632568,5.599999904632568,5.599999904632568,5.599999904632568,0
2016-08-29,5.599999904632568,5.599999904632568,5.599999904632568,5.599999904632568,5.599999904632568,0
2016-08-30,5.599999904632568,5.599999904632568,5.599999904632568,5.599999904632568,5.599999904632568,0
2016-08-31,4.800000190734863,5.599999904632568,4.599999904632568,5.599999904632568,5.599999904632568,65
2016-09-01,5.599999904632568,5.599999904632568,5.599999904632568,5.599999904632568,5.599999904632568,0
2016-09-02,5.599999904632568,5.599999904632568,5.599999904632568,5.599999904632568,5.599999904632568,0
2016-09-06,5.800000190734863,5.800000190734863,5.599999904632568,5.800000190734863,5.800000190734863,300
2016-09-07,5.800000190734863,5.800000190734863,5.800000190734863,5.800000190734863,5.800000190734863,0
2016-09-08,5.800000190734863,5.800000190734863,5.800000190734863,5.800000190734863,5.800000190734863,0
2016-09-09,5.800000190734863,5.800000190734863,5.800000190734863,5.800000190734863,5.800000190734863,5
2016-09-12,5.800000190734863,5.800000190734863,5.800000190734863,5.800000190734863,5.800000190734863,0
2016-09-13,5.0,5.599999904632568,5.0,5.599999904632568,5.599999904632568,75
2016-09-14,5.599999904632568,5.599999904632568,5.599999904632568,5.599999904632568,5.599999904632568,0
2016-09-15,5.599999904632568,5.599999904632568,5.599999904632568,5.599999904632568,5.599999904632568,0
2016-09-16,5.599999904632568,5.599999904632568,5.599999904632568,5.599999904632568,5.599999904632568,0
2016-09-19,5.0,5.400000095367432,4.199999809265137,5.400000095367432,5.400000095367432,625
2016-09-20,5.400000095367432,5.400000095367432,5.400000095367432,5.400000095367432,5.400000095367432,0
2016-09-21,4.800000190734863,4.800000190734863,4.800000190734863,4.800000190734863,4.800000190734863,10
2016-09-22,4.800000190734863,4.800000190734863,4.800000190734863,4.800000190734863,4.800000190734863,0
2016-09-23,4.599999904632568,4.800000190734863,4.599999904632568,4.800000190734863,4.800000190734863,40
2016-09-26,4.800000190734863,4.800000190734863,4.800000190734863,4.800000190734863,4.800000190734863,0
2016-09-27,4.800000190734863,4.800000190734863,4.800000190734863,4.800000190734863,4.800000190734863,0
2016-09-28,4.800000190734863,4.800000190734863,4.800000190734863,4.800000190734863,4.800000190734863,0
2016-09-29,4.800000190734863,4.800000190734863,4.800000190734863,4.800000190734863,4.800000190734863,0
2016-09-30,4.199999809265137,4.199999809265137,4.199999809265137,4.199999809265137,4.199999809265137,125
2016-10-03,3.200000047683716,3.200000047683716,3.200000047683716,3.200000047683716,3.200000047683716,1380
2016-10-04,2.4000000953674316,4.0,2.4000000953674316,3.200000047683716,3.200000047683716,1580
2016-10-05,3.0,5.599999904632568,3.0,5.599999904632568,5.599999904632568,110
2016-10-06,3.5999999046325684,5.800000190734863,3.5999999046325684,5.800000190734863,5.800000190734863,595
2016-10-07,5.800000190734863,5.800000190734863,5.800000190734863,5.800000190734863,5.800000190734863,0
2016-10-10,5.800000190734863,5.800000190734863,5.800000190734863,5.800000190734863,5.800000190734863,0
2016-10-11,4.800000190734863,19.200000762939453,4.800000190734863,5.599999904632568,5.599999904632568,20
2016-10-12,5.599999904632568,5.599999904632568,5.599999904632568,5.599999904632568,5.599999904632568,0
2016-10-13,5.599999904632568,5.599999904632568,5.599999904632568,5.599999904632568,5.599999904632568,0
2016-10-14,5.599999904632568,5.599999904632568,5.599999904632568,5.599999904632568,5.599999904632568,0
2016-10-17,5.599999904632568,5.599999904632568,5.599999904632568,5.599999904632568,5.599999904632568,0
2016-10-18,19.200000762939453,20.0,5.0,10.0,10.0,670
2016-10-19,10.0,10.0,10.0,10.0,10.0,0
2016-10-20,10.0,10.0,10.0,10.0,10.0,0
2016-10-21,10.0,10.0,10.0,10.0,10.0,0
2016-10-24,10.0,10.0,10.0,10.0,10.0,0
2016-10-25,10.0,10.0,10.0,10.0,10.0,0
2016-10-26,10.0,10.0,10.0,10.0,10.0,0
2016-10-27,10.0,10.0,10.0,10.0,10.0,0
2016-10-28,10.0,10.0,10.0,10.0,10.0,0
2016-10-31,10.0,10.0,10.0,10.0,10.0,0
2016-11-01,5.0,9.800000190734863,5.0,9.800000190734863,9.800000190734863,2215
2016-11-02,5.0,9.0,5.0,9.0,9.0,15
2016-11-03,9.0,9.0,9.0,9.0,9.0,0
2016-11-04,9.0,9.0,9.0,9.0,9.0,0
2016-11-07,9.0,9.0,9.0,9.0,9.0,0
2016-11-08,9.0,9.0,9.0,9.0,9.0,0
2016-11-09,9.0,9.0,9.0,9.0,9.0,0
2016-11-10,9.0,9.0,9.0,9.0,9.0,0
2016-11-11,9.0,9.0,9.0,9.0,9.0,0
2016-11-14,9.0,9.0,9.0,9.0,9.0,0
2016-11-15,5.0,8.0,3.0,3.5999999046325684,3.5999999046325684,6895
2016-11-16,8.0,8.0,8.0,8.0,8.0,15
2016-11-17,4.0,6.800000190734863,3.5999999046325684,6.800000190734863,6.800000190734863,590
2016-11-18,3.4000000953674316,6.0,3.4000000953674316,6.0,6.0,960
2016-11-21,6.800000190734863,6.800000190734863,6.800000190734863,6.800000190734863,6.800000190734863,500
2016-11-22,6.800000190734863,6.800000190734863,6.800000190734863,6.800000190734863,6.800000190734863,0
2016-11-23,6.800000190734863,6.800000190734863,6.800000190734863,6.800000190734863,6.800000190734863,0
2016-11-25,6.0,6.0,6.0,6.0,6.0,135
2016-11-28,6.0,6.0,6.0,6.0,6.0,0
2016-11-29,6.0,6.0,6.0,6.0,6.0,0
2016-11-30,2.799999952316284,6.0,2.799999952316284,6.0,6.0,55
2016-12-01,3.5999999046325684,5.800000190734863,3.5999999046325684,5.800000190734863,5.800000190734863,470
2016-12-02,3.200000047683716,5.400000095367432,3.200000047683716,5.400000095367432,5.400000095367432,195
2016-12-05,3.200000047683716,5.800000190734863,3.200000047683716,5.800000190734863,5.800000190734863,60
2016-12-06,5.800000190734863,5.800000190734863,5.800000190734863,5.800000190734863,5.800000190734863,0
2016-12-07,5.800000190734863,5.800000190734863,5.800000190734863,5.800000190734863,5.800000190734863,0
2016-12-08,3.799999952316284,5.400000095367432,3.799999952316284,5.400000095367432,5.400000095367432,260
2016-12-09,5.400000095367432,5.800000190734863,4.400000095367432,5.800000190734863,5.800000190734863,65
2016-12-12,5.800000190734863,5.800000190734863,5.800000190734863,5.800000190734863,5.800000190734863,0
2016-12-13,3.5999999046325684,5.800000190734863,3.5999999046325684,5.800000190734863,5.800000190734863,130
2016-12-14,3.799999952316284,5.0,3.799999952316284,5.0,5.0,3390
2016-12-15,4.800000190734863,5.599999904632568,4.0,5.599999904632568,5.599999904632568,530
2016-12-16,5.599999904632568,5.599999904632568,5.599999904632568,5.599999904632568,5.599999904632568,0
2016-12-19,5.599999904632568,5.599999904632568,5.599999904632568,5.599999904632568,5.599999904632568,0
2016-12-20,5.599999904632568,5.599999904632568,5.599999904632568,5.599999904632568,5.599999904632568,0
2016-12-21,4.199999809265137,5.599999904632568,3.799999952316284,5.599999904632568,5.599999904632568,1090
2016-12-22,5.599999904632568,5.599999904632568,5.599999904632568,5.599999904632568,5.599999904632568,0
2016-12-23,5.199999809265137,8.0,5.199999809265137,8.0,8.0,5920
2016-12-27,8.0,8.0,8.0,8.0,8.0,0
2016-12-28,8.0,8.0,8.0,8.0,8.0,0
2016-12-29,5.199999809265137,8.0,5.0,8.0,8.0,12030
2016-12-30,5.0,8.600000381469727,5.0,8.600000381469727,8.600000381469727,305
2017-01-03,8.600000381469727,8.600000381469727,3.799999952316284,8.600000381469727,8.600000381469727,25
2017-01-04,5.800000190734863,7.800000190734863,5.800000190734863,7.800000190734863,7.800000190734863,135
2017-01-05,7.800000190734863,7.800000190734863,7.800000190734863,7.800000190734863,7.800000190734863,0
2017-01-06,7.800000190734863,7.800000190734863,7.800000190734863,7.800000190734863,7.800000190734863,0
2017-01-09,7.800000190734863,7.800000190734863,7.800000190734863,7.800000190734863,7.800000190734863,0
2017-01-10,7.800000190734863,7.800000190734863,7.800000190734863,7.800000190734863,7.800000190734863,0
2017-01-11,7.800000190734863,7.800000190734863,7.800000190734863,7.800000190734863,7.800000190734863,0
2017-01-12,7.0,7.0,6.0,6.0,6.0,510
2017-01-13,5.599999904632568,6.0,5.599999904632568,6.0,6.0,165
2017-01-17,6.0,6.0,6.0,6.0,6.0,0
2017-01-18,6.0,6.0,6.0,6.0,6.0,0
2017-01-19,6.0,6.0,6.0,6.0,6.0,0
2017-01-20,6.0,6.0,6.0,6.0,6.0,0
2017-01-23,5.199999809265137,5.599999904632568,5.199999809265137,5.599999904632568,5.599999904632568,25
2017-01-24,5.599999904632568,5.599999904632568,5.599999904632568,5.599999904632568,5.599999904632568,0
2017-01-25,5.599999904632568,5.599999904632568,5.599999904632568,5.599999904632568,5.599999904632568,0
2017-01-26,5.0,5.0,5.0,5.0,5.0,230
2017-01-27,4.599999904632568,5.0,4.599999904632568,5.0,5.0,25
2017-01-30,5.0,5.0,5.0,5.0,5.0,0
2017-01-31,5.0,5.0,5.0,5.0,5.0,0
2017-02-01,5.0,5.0,5.0,5.0,5.0,0
2017-02-02,4.400000095367432,5.0,4.400000095367432,5.0,5.0,20
2017-02-03,5.0,5.0,5.0,5.0,5.0,15
2017-02-06,5.0,5.0,5.0,5.0,5.0,0
2017-02-07,5.0,5.0,5.0,5.0,5.0,0
2017-02-08,5.0,5.0,5.0,5.0,5.0,0
2017-02-09,5.0,5.0,5.0,5.0,5.0,0
2017-02-10,5.0,5.0,5.0,5.0,5.0,0
2017-02-13,5.0,5.0,5.0,5.0,5.0,0
2017-02-14,5.0,5.0,5.0,5.0,5.0,0
2017-02-15,5.0,5.0,5.0,5.0,5.0,0
2017-02-16,4.400000095367432,4.800000190734863,4.400000095367432,4.800000190734863,4.800000190734863,25
2017-02-17,4.800000190734863,4.800000190734863,4.800000190734863,4.800000190734863,4.800000190734863,0
2017-02-21,4.800000190734863,4.800000190734863,4.800000190734863,4.800000190734863,4.800000190734863,0
2017-02-22,4.800000190734863,4.800000190734863,4.800000190734863,4.800000190734863,4.800000190734863,0
2017-02-23,4.800000190734863,6.800000190734863,4.800000190734863,6.800000190734863,6.800000190734863,545
2017-02-24,6.800000190734863,6.800000190734863,6.800000190734863,6.800000190734863,6.800000190734863,0
2017-02-27,6.800000190734863,6.800000190734863,6.800000190734863,6.800000190734863,6.800000190734863,0
2017-02-28,5.599999904632568,6.800000190734863,5.0,6.800000190734863,6.800000190734863,1035
2017-03-01,6.199999809265137,6.800000190734863,5.599999904632568,6.800000190734863,6.800000190734863,2020
2017-03-02,6.800000190734863,6.800000190734863,6.800000190734863,6.800000190734863,6.800000190734863,5
2017-03-03,5.199999809265137,5.199999809265137,5.199999809265137,5.199999809265137,5.199999809265137,375
2017-03-06,6.800000190734863,6.800000190734863,5.0,6.599999904632568,6.599999904632568,40
2017-03-07,5.199999809265137,5.199999809265137,5.0,5.0,5.0,5375
2017-03-08,5.0,5.0,5.0,5.0,5.0,0
2017-03-09,6.800000190734863,6.800000190734863,6.0,6.0,6.0,50
2017-03-10,6.0,6.0,6.0,6.0,6.0,0
2017-03-13,6.0,6.0,6.0,6.0,6.0,0
2017-03-14,6.0,6.0,6.0,6.0,6.0,0
2017-03-15,6.0,6.0,6.0,6.0,6.0,0
2017-03-16,6.0,6.0,6.0,6.0,6.0,0
2017-03-17,6.0,6.0,6.0,6.0,6.0,0
2017-03-20,6.0,6.0,6.0,6.0,6.0,0
2017-03-21,6.0,6.0,6.0,6.0,6.0,0
2017-03-22,6.0,6.0,6.0,6.0,6.0,0
2017-03-23,6.0,6.0,6.0,6.0,6.0,0
2017-03-24,6.0,6.0,6.0,6.0,6.0,0
2017-03-27,6.0,6.0,6.0,6.0,6.0,0
2017-03-28,6.0,6.0,6.0,6.0,6.0,0
2017-03-29,6.0,6.0,6.0,6.0,6.0,0
2017-03-30,5.0,6.0,4.599999904632568,5.800000190734863,5.800000190734863,55
2017-03-31,5.800000190734863,5.800000190734863,5.800000190734863,5.800000190734863,5.800000190734863,0
2017-04-03,5.800000190734863,5.800000190734863,5.800000190734863,5.800000190734863,5.800000190734863,0
2017-04-04,5.800000190734863,5.800000190734863,5.800000190734863,5.800000190734863,5.800000190734863,0
2017-04-05,4.599999904632568,6.0,4.599999904632568,6.0,6.0,60
2017-04-06,5.0,6.0,5.0,6.0,6.0,25
2017-04-07,4.599999904632568,6.199999809265137,4.599999904632568,6.199999809265137,6.199999809265137,85
2017-04-10,5.0,5.0,5.0,5.0,5.0,220
2017-04-11,6.199999809265137,6.199999809265137,6.199999809265137,6.199999809265137,6.199999809265137,15
2017-04-12,6.199999809265137,6.199999809265137,6.199999809265137,6.199999809265137,6.199999809265137,0
2017-04-13,4.599999904632568,6.199999809265137,4.599999904632568,6.199999809265137,6.199999809265137,60
2017-04-17,6.199999809265137,6.199999809265137,6.199999809265137,6.199999809265137,6.199999809265137,0
2017-04-18,6.199999809265137,6.199999809265137,6.199999809265137,6.199999809265137,6.199999809265137,0
2017-04-19,6.199999809265137,6.199999809265137,6.199999809265137,6.199999809265137,6.199999809265137,0
2017-04-20,6.199999809265137,6.199999809265137,6.199999809265137,6.199999809265137,6.199999809265137,0
2017-04-21,6.199999809265137,6.199999809265137,6.199999809265137,6.199999809265137,6.199999809265137,0
2017-04-24,4.599999904632568,6.0,4.599999904632568,4.599999904632568,4.599999904632568,2175
2017-04-25,6.0,6.0,5.199999809265137,5.800000190734863,5.800000190734863,5090
2017-04-26,4.599999904632568,6.199999809265137,4.599999904632568,6.199999809265137,6.199999809265137,255
2017-04-27,6.199999809265137,6.199999809265137,6.199999809265137,6.199999809265137,6.199999809265137,0
2017-04-28,4.599999904632568,6.199999809265137,4.599999904632568,6.0,6.0,300
2017-05-01,6.0,6.0,6.0,6.0,6.0,0
2017-05-02,4.800000190734863,6.0,4.800000190734863,6.0,6.0,640
2017-05-03,6.0,6.0,6.0,6.0,6.0,0
2017-05-04,6.0,6.0,6.0,6.0,6.0,0
2017-05-05,6.0,6.0,6.0,6.0,6.0,0
2017-05-08,6.0,6.0,6.0,6.0,6.0,0
2017-05-09,6.0,6.0,6.0,6.0,6.0,0
2017-05-10,6.0,6.0,6.0,6.0,6.0,0
2017-05-11,6.0,6.0,6.0,6.0,6.0,0
2017-05-12,6.0,6.0,6.0,6.0,6.0,0
2017-05-15,6.0,6.0,6.0,6.0,6.0,0
2017-05-16,6.0,6.0,6.0,6.0,6.0,0
2017-05-17,8.399999618530273,8.399999618530273,8.399999618530273,8.399999618530273,8.399999618530273,10
2017-05-18,8.399999618530273,8.399999618530273,8.399999618530273,8.399999618530273,8.399999618530273,0
2017-05-19,7.400000095367432,7.400000095367432,7.400000095367432,7.400000095367432,7.400000095367432,190
2017-05-22,7.400000095367432,7.400000095367432,7.400000095367432,7.400000095367432,7.400000095367432,200
2017-05-23,5.0,7.599999904632568,5.0,7.599999904632568,7.599999904632568,60
2017-05-24,7.599999904632568,7.599999904632568,7.599999904632568,7.599999904632568,7.599999904632568,0
2017-05-25,7.0,7.0,7.0,7.0,7.0,250
2017-05-26,10.199999809265137,11.0,8.800000190734863,8.800000190734863,8.800000190734863,30
2017-05-30,8.800000190734863,8.800000190734863,8.800000190734863,8.800000190734863,8.800000190734863,0
2017-05-31,8.199999809265137,8.199999809265137,8.199999809265137,8.199999809265137,8.199999809265137,150
2017-06-01,8.199999809265137,8.199999809265137,8.199999809265137,8.199999809265137,8.199999809265137,0
2017-06-02,8.199999809265137,8.199999809265137,8.199999809265137,8.199999809265137,8.199999809265137,0
2017-06-05,8.199999809265137,8.199999809265137,8.199999809265137,8.199999809265137,8.199999809265137,0
2017-06-06,8.199999809265137,8.199999809265137,8.199999809265137,8.199999809265137,8.199999809265137,0
2017-06-07,8.199999809265137,8.199999809265137,8.199999809265137,8.199999809265137,8.199999809265137,0
2017-06-08,8.199999809265137,8.199999809265137,8.199999809265137,8.199999809265137,8.199999809265137,0
2017-06-09,8.199999809265137,8.199999809265137,8.199999809265137,8.199999809265137,8.199999809265137,0
2017-06-12,8.199999809265137,8.199999809265137,8.199999809265137,8.199999809265137,8.199999809265137,0
2017-06-13,8.199999809265137,8.199999809265137,8.199999809265137,8.199999809265137,8.199999809265137,0
2017-06-14,8.199999809265137,8.199999809265137,8.199999809265137,8.199999809265137,8.199999809265137,0
2017-06-15,8.199999809265137,8.199999809265137,8.199999809265137,8.199999809265137,8.199999809265137,0
2017-06-16,6.0,11.0,6.0,9.800000190734863,9.800000190734863,200
2017-06-19,9.800000190734863,9.800000190734863,9.800000190734863,9.800000190734863,9.800000190734863,0
2017-06-20,9.800000190734863,9.800000190734863,9.800000190734863,9.800000190734863,9.800000190734863,0
2017-06-21,6.0,8.199999809265137,6.0,8.199999809265137,8.199999809265137,20
2017-06-22,6.199999809265137,8.199999809265137,6.199999809265137,8.199999809265137,8.199999809265137,25
2017-06-23,8.199999809265137,9.0,6.0,8.600000381469727,8.600000381469727,320
2017-06-26,8.600000381469727,8.600000381469727,8.600000381469727,8.600000381469727,8.600000381469727,0
2017-06-27,8.600000381469727,8.600000381469727,8.600000381469727,8.600000381469727,8.600000381469727,0
2017-06-28,8.600000381469727,8.600000381469727,8.600000381469727,8.600000381469727,8.600000381469727,0
2017-06-29,8.600000381469727,8.600000381469727,8.600000381469727,8.600000381469727,8.600000381469727,0
2017-06-30,8.800000190734863,8.800000190734863,8.800000190734863,8.800000190734863,8.800000190734863,100
2017-07-03,6.599999904632568,8.800000190734863,6.0,8.800000190734863,8.800000190734863,60
2017-07-05,6.0,8.800000190734863,6.0,8.800000190734863,8.800000190734863,510
2017-07-06,8.800000190734863,8.800000190734863,8.800000190734863,8.800000190734863,8.800000190734863,0
2017-07-07,8.199999809265137,8.199999809265137,8.199999809265137,8.199999809265137,8.199999809265137,45
2017-07-10,8.199999809265137,8.199999809265137,8.199999809265137,8.199999809265137,8.199999809265137,0
2017-07-11,8.199999809265137,8.199999809265137,8.199999809265137,8.199999809265137,8.199999809265137,0
2017-07-12,8.199999809265137,8.199999809265137,8.199999809265137,8.199999809265137,8.199999809265137,0
2017-07-13,8.199999809265137,8.199999809265137,8.199999809265137,8.199999809265137,8.199999809265137,0
2017-07-14,8.199999809265137,8.199999809265137,8.199999809265137,8.199999809265137,8.199999809265137,0
2017-07-17,8.199999809265137,8.199999809265137,8.199999809265137,8.199999809265137,8.199999809265137,0
2017-07-18,8.199999809265137,8.199999809265137,8.199999809265137,8.199999809265137,8.199999809265137,0
2017-07-19,8.199999809265137,8.199999809265137,8.199999809265137,8.199999809265137,8.199999809265137,0
2017-07-20,6.400000095367432,8.600000381469727,6.400000095367432,8.600000381469727,8.600000381469727,65
2017-07-21,8.600000381469727,8.600000381469727,8.600000381469727,8.600000381469727,8.600000381469727,0
2017-07-24,7.800000190734863,7.800000190734863,6.400000095367432,7.800000190734863,7.800000190734863,430
2017-07-25,7.800000190734863,7.800000190734863,7.800000190734863,7.800000190734863,7.800000190734863,0
2017-07-26,7.800000190734863,7.800000190734863,7.800000190734863,7.800000190734863,7.800000190734863,0
2017-07-27,7.800000190734863,7.800000190734863,7.800000190734863,7.800000190734863,7.800000190734863,0
2017-07-28,6.800000190734863,6.800000190734863,6.800000190734863,6.800000190734863,6.800000190734863,15
2017-07-31,6.800000190734863,6.800000190734863,6.800000190734863,6.800000190734863,6.800000190734863,0
2017-08-01,6.800000190734863,6.800000190734863,6.800000190734863,6.800000190734863,6.800000190734863,0
2017-08-02,6.800000190734863,6.800000190734863,6.800000190734863,6.800000190734863,6.800000190734863,435
2017-08-03,6.800000190734863,6.800000190734863,6.800000190734863,6.800000190734863,6.800000190734863,5
2017-08-04,5.400000095367432,6.800000190734863,5.400000095367432,6.800000190734863,6.800000190734863,15
2017-08-07,5.400000095367432,6.800000190734863,5.400000095367432,6.800000190734863,6.800000190734863,20
2017-08-08,5.400000095367432,6.800000190734863,5.0,6.800000190734863,6.800000190734863,425
2017-08-09,6.800000190734863,6.800000190734863,6.800000190734863,6.800000190734863,6.800000190734863,0
2017-08-10,6.800000190734863,6.800000190734863,6.800000190734863,6.800000190734863,6.800000190734863,0
2017-08-11,6.800000190734863,6.800000190734863,6.800000190734863,6.800000190734863,6.800000190734863,0
2017-08-14,6.800000190734863,6.800000190734863,6.800000190734863,6.800000190734863,6.800000190734863,0
2017-08-15,6.800000190734863,7.800000190734863,6.800000190734863,7.800000190734863,7.800000190734863,905
2017-08-16,7.800000190734863,7.800000190734863,7.800000190734863,7.800000190734863,7.800000190734863,0
2017-08-17,7.800000190734863,7.800000190734863,7.800000190734863,7.800000190734863,7.800000190734863,0
2017-08-18,7.800000190734863,8.0,7.800000190734863,7.800000190734863,7.800000190734863,7095
2017-08-21,7.800000190734863,7.800000190734863,6.0,7.800000190734863,7.800000190734863,505
2017-08-22,8.399999618530273,8.399999618530273,8.399999618530273,8.399999618530273,8.399999618530273,35
2017-08-23,8.199999809265137,8.199999809265137,8.199999809265137,8.199999809265137,8.199999809265137,135
2017-08-24,8.199999809265137,8.600000381469727,8.199999809265137,8.600000381469727,8.600000381469727,500
2017-08-25,8.600000381469727,8.600000381469727,8.600000381469727,8.600000381469727,8.600000381469727,0
2017-08-28,8.0,8.600000381469727,8.0,8.600000381469727,8.600000381469727,290
2017-08-29,7.800000190734863,8.800000190734863,7.800000190734863,8.800000190734863,8.800000190734863,110
2017-08-30,8.800000190734863,9.600000381469727,7.800000190734863,9.600000381469727,9.600000381469727,1435
2017-08-31,9.600000381469727,9.600000381469727,9.0,9.600000381469727,9.600000381469727,40
2017-09-01,9.600000381469727,9.600000381469727,9.600000381469727,9.600000381469727,9.600000381469727,0
2017-09-05,9.600000381469727,9.600000381469727,9.600000381469727,9.600000381469727,9.600000381469727,0
2017-09-06,8.399999618530273,9.600000381469727,8.399999618530273,9.600000381469727,9.600000381469727,50
2017-09-07,9.600000381469727,9.600000381469727,9.600000381469727,9.600000381469727,9.600000381469727,0
2017-09-08,9.0,9.800000190734863,9.0,9.800000190734863,9.800000190734863,945
2017-09-11,8.600000381469727,9.800000190734863,8.600000381469727,9.800000190734863,9.800000190734863,75
2017-09-12,9.800000190734863,9.800000190734863,9.800000190734863,9.800000190734863,9.800000190734863,0
2017-09-13,8.600000381469727,9.399999618530273,8.600000381469727,9.399999618530273,9.399999618530273,40
2017-09-14,9.399999618530273,9.399999618530273,9.399999618530273,9.399999618530273,9.399999618530273,0
2017-09-15,8.600000381469727,12.199999809265137,8.600000381469727,10.399999618530273,10.399999618530273,155
2017-09-18,8.600000381469727,10.600000381469727,8.600000381469727,10.399999618530273,10.399999618530273,630
2017-09-19,10.399999618530273,10.399999618530273,10.399999618530273,10.399999618530273,10.399999618530273,0
2017-09-20,10.399999618530273,10.399999618530273,10.399999618530273,10.399999618530273,10.399999618530273,0
2017-09-21,10.399999618530273,10.399999618530273,10.399999618530273,10.399999618530273,10.399999618530273,0
2017-09-22,10.399999618530273,10.399999618530273,10.399999618530273,10.399999618530273,10.399999618530273,0
2017-09-25,10.399999618530273,10.399999618530273,10.399999618530273,10.399999618530273,10.399999618530273,0
2017-09-26,10.399999618530273,10.399999618530273,10.399999618530273,10.399999618530273,10.399999618530273,0
2017-09-27,10.399999618530273,10.399999618530273,10.399999618530273,10.399999618530273,10.399999618530273,0
2017-09-28,10.399999618530273,10.399999618530273,10.399999618530273,10.399999618530273,10.399999618530273,0
2017-09-29,8.600000381469727,8.600000381469727,8.600000381469727,8.600000381469727,8.600000381469727,485
2017-10-02,10.0,10.199999809265137,8.600000381469727,8.600000381469727,8.600000381469727,200
2017-10-03,8.600000381469727,8.600000381469727,8.600000381469727,8.600000381469727,8.600000381469727,605
2017-10-04,8.800000190734863,8.800000190734863,8.600000381469727,8.600000381469727,8.600000381469727,170
2017-10-05,8.600000381469727,8.600000381469727,8.600000381469727,8.600000381469727,8.600000381469727,0
2017-10-06,8.600000381469727,8.600000381469727,8.600000381469727,8.600000381469727,8.600000381469727,0
2017-10-09,8.600000381469727,8.600000381469727,8.600000381469727,8.600000381469727,8.600000381469727,0
2017-10-10,8.600000381469727,8.600000381469727,8.600000381469727,8.600000381469727,8.600000381469727,0
2017-10-11,8.399999618530273,8.399999618530273,8.399999618530273,8.399999618530273,8.399999618530273,445
2017-10-12,8.399999618530273,8.399999618530273,8.399999618530273,8.399999618530273,8.399999618530273,0
2017-10-13,8.399999618530273,8.399999618530273,8.399999618530273,8.399999618530273,8.399999618530273,0
2017-10-16,8.399999618530273,8.399999618530273,8.399999618530273,8.399999618530273,8.399999618530273,0
2017-10-17,8.399999618530273,8.399999618530273,8.399999618530273,8.399999618530273,8.399999618530273,0
2017-10-18,6.599999904632568,8.199999809265137,6.599999904632568,8.199999809265137,8.199999809265137,180
2017-10-19,6.599999904632568,6.599999904632568,6.599999904632568,6.599999904632568,6.599999904632568,180
2017-10-20,8.199999809265137,8.199999809265137,8.199999809265137,8.199999809265137,8.199999809265137,150
2017-10-23,8.199999809265137,8.199999809265137,6.599999904632568,8.0,8.0,80
2017-10-24,8.0,8.0,8.0,8.0,8.0,0
2017-10-25,8.0,8.0,8.0,8.0,8.0,0
2017-10-26,8.0,8.0,8.0,8.0,8.0,0
2017-10-27,8.0,8.0,8.0,8.0,8.0,0
2017-10-30,6.599999904632568,8.0,6.599999904632568,6.599999904632568,6.599999904632568,410
2017-10-31,5.400000095367432,7.0,5.400000095367432,7.0,7.0,270
2017-11-01,7.0,7.0,7.0,7.0,7.0,0
2017-11-02,6.0,6.599999904632568,6.0,6.599999904632568,6.599999904632568,60
2017-11-03,6.599999904632568,6.599999904632568,5.199999809265137,6.400000095367432,6.400000095367432,630
2017-11-06,6.400000095367432,6.400000095367432,6.400000095367432,6.400000095367432,6.400000095367432,135
2017-11-07,6.400000095367432,6.400000095367432,6.400000095367432,6.400000095367432,6.400000095367432,125
2017-11-08,6.400000095367432,6.400000095367432,6.400000095367432,6.400000095367432,6.400000095367432,0
2017-11-09,6.0,6.0,6.0,6.0,6.0,50
2017-11-10,6.0,6.0,6.0,6.0,6.0,0
2017-11-13,6.0,6.0,6.0,6.0,6.0,0
2017-11-14,6.599999904632568,8.600000381469727,6.599999904632568,8.0,8.0,5090
2017-11-15,8.399999618530273,9.0,8.399999618530273,9.0,9.0,475
2017-11-16,9.199999809265137,11.199999809265137,9.199999809265137,11.199999809265137,11.199999809265137,2665
2017-11-17,10.800000190734863,11.800000190734863,10.0,11.0,11.0,1845
2017-11-20,11.399999618530273,12.800000190734863,11.399999618530273,12.800000190734863,12.800000190734863,3165
2017-11-21,11.800000190734863,15.399999618530273,11.800000190734863,15.399999618530273,15.399999618530273,3535
2017-11-22,16.0,19.600000381469727,16.0,17.0,17.0,1840
2017-11-24,19.0,19.0,19.0,19.0,19.0,105
2017-11-27,19.0,20.799999237060547,19.0,19.799999237060547,19.799999237060547,1310
2017-11-28,21.200000762939453,21.399999618530273,19.799999237060547,21.399999618530273,21.399999618530273,895
2017-11-29,21.600000381469727,24.0,21.200000762939453,23.0,23.0,1050
2017-11-30,23.799999237060547,23.799999237060547,20.600000381469727,22.399999618530273,22.399999618530273,3520
2017-12-01,22.399999618530273,22.799999237060547,22.399999618530273,22.399999618530273,22.399999618530273,65
2017-12-04,21.399999618530273,22.399999618530273,17.0,20.799999237060547,20.799999237060547,205
2017-12-05,17.200000762939453,20.600000381469727,17.200000762939453,20.600000381469727,20.600000381469727,205
2017-12-06,20.600000381469727,20.600000381469727,20.600000381469727,20.600000381469727,20.600000381469727,0
2017-12-07,20.600000381469727,20.600000381469727,20.600000381469727,20.600000381469727,20.600000381469727,0
2017-12-08,18.0,21.0,18.0,18.0,18.0,965
2017-12-11,17.0,18.799999237060547,17.0,18.799999237060547,18.799999237060547,330
2017-12-12,18.799999237060547,18.799999237060547,18.799999237060547,18.799999237060547,18.799999237060547,0
2017-12-13,18.799999237060547,18.799999237060547,18.799999237060547,18.799999237060547,18.799999237060547,0
2017-12-14,18.799999237060547,18.799999237060547,18.799999237060547,18.799999237060547,18.799999237060547,0
2017-12-15,18.200000762939453,25.0,18.200000762939453,23.0,23.0,195
2017-12-18,27.0,27.0,24.0,24.0,24.0,140
2017-12-19,24.0,24.0,18.0,24.0,24.0,615
2017-12-20,24.0,24.0,24.0,24.0,24.0,100
2017-12-21,17.200000762939453,24.0,17.200000762939453,23.399999618530273,23.399999618530273,355
2017-12-22,20.0,24.799999237060547,17.200000762939453,20.0,20.0,485
2017-12-26,24.600000381469727,24.600000381469727,22.0,22.0,22.0,25
2017-12-27,17.399999618530273,23.0,17.399999618530273,23.0,23.0,40
2017-12-28,22.200000762939453,23.799999237060547,17.799999237060547,23.799999237060547,23.799999237060547,525
2017-12-29,23.799999237060547,25.0,18.0,25.0,25.0,910
2018-01-02,24.0,24.0,20.0,24.0,24.0,685
2018-01-03,20.0,24.0,18.0,24.0,24.0,210
2018-01-04,20.0,23.799999237060547,18.0,23.799999237060547,23.799999237060547,260
2018-01-05,20.0,22.799999237060547,20.0,22.799999237060547,22.799999237060547,550
2018-01-08,22.399999618530273,22.399999618530273,22.399999618530273,22.399999618530273,22.399999618530273,30
2018-01-09,20.0,21.600000381469727,20.0,21.600000381469727,21.600000381469727,160
2018-01-10,21.600000381469727,21.600000381469727,21.600000381469727,21.600000381469727,21.600000381469727,0
2018-01-11,21.600000381469727,21.600000381469727,21.600000381469727,21.600000381469727,21.600000381469727,0
2018-01-12,21.600000381469727,21.600000381469727,21.600000381469727,21.600000381469727,21.600000381469727,0
2018-01-16,20.0,22.0,17.600000381469727,22.0,22.0,225
2018-01-17,22.0,22.0,22.0,22.0,22.0,0
2018-01-18,22.0,22.0,22.0,22.0,22.0,0
2018-01-19,22.0,22.0,22.0,22.0,22.0,0
2018-01-22,26.399999618530273,26.399999618530273,18.0,23.200000762939453,23.200000762939453,240
2018-01-23,20.200000762939453,21.799999237060547,18.600000381469727,20.799999237060547,20.799999237060547,330
2018-01-24,19.600000381469727,19.600000381469727,19.600000381469727,19.600000381469727,19.600000381469727,50
2018-01-25,18.399999618530273,19.799999237060547,18.399999618530273,19.799999237060547,19.799999237060547,40
2018-01-26,18.200000762939453,21.799999237060547,18.200000762939453,21.799999237060547,21.799999237060547,190
2018-01-29,21.600000381469727,21.600000381469727,21.600000381469727,21.600000381469727,21.600000381469727,100
2018-01-30,21.600000381469727,21.600000381469727,21.600000381469727,21.600000381469727,21.600000381469727,0
2018-01-31,20.0,20.0,20.0,20.0,20.0,50
2018-02-01,20.0,20.0,20.0,20.0,20.0,0
2018-02-02,20.0,20.0,20.0,20.0,20.0,0
2018-02-05,20.0,20.0,20.0,20.0,20.0,0
2018-02-06,18.399999618530273,20.0,18.399999618530273,20.0,20.0,115
2018-02-07,20.0,20.0,20.0,20.0,20.0,0
2018-02-08,18.399999618530273,20.0,18.399999618530273,20.0,20.0,75
2018-02-09,18.399999618530273,20.0,18.399999618530273,20.0,20.0,25
2018-02-12,18.600000381469727,20.0,18.399999618530273,18.399999618530273,18.399999618530273,220
2018-02-13,20.0,22.0,20.0,22.0,22.0,1940
2018-02-14,22.399999618530273,22.399999618530273,22.399999618530273,22.399999618530273,22.399999618530273,70
2018-02-15,22.799999237060547,24.200000762939453,22.799999237060547,24.200000762939453,24.200000762939453,10
2018-02-16,24.200000762939453,24.200000762939453,24.200000762939453,24.200000762939453,24.200000762939453,0
2018-02-20,24.200000762939453,24.200000762939453,24.200000762939453,24.200000762939453,24.200000762939453,0
2018-02-21,21.399999618530273,24.200000762939453,20.600000381469727,24.200000762939453,24.200000762939453,35
2018-02-22,20.600000381469727,24.0,18.0,24.0,24.0,330
2018-02-23,24.0,24.0,24.0,24.0,24.0,5
2018-02-26,24.399999618530273,24.399999618530273,24.399999618530273,24.399999618530273,24.399999618530273,10
2018-02-27,24.399999618530273,24.399999618530273,24.399999618530273,24.399999618530273,24.399999618530273,0
2018-02-28,23.0,24.399999618530273,23.0,23.0,23.0,260
2018-03-01,24.399999618530273,24.399999618530273,24.399999618530273,24.399999618530273,24.399999618530273,15
2018-03-02,22.799999237060547,24.399999618530273,22.799999237060547,24.399999618530273,24.399999618530273,65
2018-03-05,24.399999618530273,24.399999618530273,24.399999618530273,24.399999618530273,24.399999618530273,15
2018-03-06,24.399999618530273,24.399999618530273,24.399999618530273,24.399999618530273,24.399999618530273,50
2018-03-07,24.399999618530273,25.0,21.0,25.0,25.0,55
2018-03-08,25.0,25.0,25.0,25.0,25.0,25
2018-03-09,25.0,25.0,25.0,25.0,25.0,0
2018-03-12,21.0,24.799999237060547,21.0,24.799999237060547,24.799999237060547,45
2018-03-13,24.799999237060547,24.799999237060547,24.799999237060547,24.799999237060547,24.799999237060547,0
2018-03-14,23.0,23.0,23.0,23.0,23.0,20
2018-03-15,23.0,23.0,23.0,23.0,23.0,0
2018-03-16,23.0,23.0,23.0,23.0,23.0,0
2018-03-19,21.0,23.0,21.0,23.0,23.0,110
2018-03-20,21.0,21.0,16.200000762939453,20.0,20.0,620
2018-03-21,20.0,20.0,20.0,20.0,20.0,0
2018-03-22,20.0,20.0,20.0,20.0,20.0,0
2018-03-23,20.0,20.0,20.0,20.0,20.0,0
2018-03-26,20.0,20.0,20.0,20.0,20.0,0
2018-03-27,20.0,20.0,20.0,20.0,20.0,0
2018-03-28,20.0,20.0,20.0,20.0,20.0,0
2018-03-29,20.0,20.0,20.0,20.0,20.0,30
2018-04-02,20.0,20.0,20.0,20.0,20.0,0
2018-04-03,20.0,20.0,20.0,20.0,20.0,0
2018-04-04,20.0,20.0,20.0,20.0,20.0,0
2018-04-05,20.0,20.0,20.0,20.0,20.0,0
2018-04-06,20.0,20.0,20.0,20.0,20.0,0
2018-04-09,20.0,20.0,20.0,20.0,20.0,0
2018-04-10,16.399999618530273,20.0,16.399999618530273,20.0,20.0,40
2018-04-11,20.0,20.0,20.0,20.0,20.0,0
2018-04-12,20.0,20.0,20.0,20.0,20.0,0
2018-04-13,20.0,20.0,20.0,20.0,20.0,0
2018-04-16,20.0,20.0,20.0,20.0,20.0,50
2018-04-17,20.0,20.0,20.0,20.0,20.0,0
2018-04-18,16.399999618530273,20.0,16.399999618530273,20.0,20.0,305
2018-04-19,20.0,20.0,20.0,20.0,20.0,5
2018-04-20,20.0,20.0,20.0,20.0,20.0,0
2018-04-23,20.0,20.0,20.0,20.0,20.0,0
2018-04-24,20.0,20.0,20.0,20.0,20.0,5
2018-04-25,20.0,20.0,20.0,20.0,20.0,0
2018-04-26,20.0,20.0,20.0,20.0,20.0,0
2018-04-27,20.0,20.0,20.0,20.0,20.0,0
2018-04-30,20.0,20.0,20.0,20.0,20.0,25
2018-05-01,16.399999618530273,20.0,16.399999618530273,20.0,20.0,155
2018-05-02,20.0,20.0,20.0,20.0,20.0,0
2018-05-03,20.0,20.0,20.0,20.0,20.0,10
2018-05-04,20.0,20.0,20.0,20.0,20.0,0
2018-05-07,19.799999237060547,19.799999237060547,19.799999237060547,19.799999237060547,19.799999237060547,400
2018-05-08,20.0,20.0,19.799999237060547,19.799999237060547,19.799999237060547,255
2018-05-09,19.799999237060547,19.799999237060547,19.799999237060547,19.799999237060547,19.799999237060547,185
2018-05-10,20.0,22.799999237060547,16.399999618530273,22.799999237060547,22.799999237060547,1300
2018-05-11,20.0,22.0,20.0,22.0,22.0,260
2018-05-14,21.600000381469727,22.0,21.600000381469727,22.0,22.0,305
2018-05-15,22.0,22.0,22.0,22.0,22.0,25
2018-05-16,22.0,22.0,22.0,22.0,22.0,5
2018-05-17,22.0,23.0,21.0,23.0,23.0,880
2018-05-18,23.0,26.0,21.399999618530273,26.0,26.0,2145
2018-05-21,21.600000381469727,27.0,21.600000381469727,27.0,27.0,155
2018-05-22,27.0,30.0,22.0,29.0,29.0,1525
2018-05-23,28.200000762939453,31.0,25.399999618530273,29.0,29.0,1290
2018-05-24,27.0,30.399999618530273,27.0,29.0,29.0,300
2018-05-25,29.0,30.200000762939453,25.399999618530273,29.399999618530273,29.399999618530273,265
2018-05-29,28.0,29.399999618530273,27.799999237060547,29.399999618530273,29.399999618530273,85
2018-05-30,30.200000762939453,30.200000762939453,28.600000381469727,30.200000762939453,30.200000762939453,165
2018-05-31,30.200000762939453,30.200000762939453,30.200000762939453,30.200000762939453,30.200000762939453,0
2018-06-01,30.200000762939453,30.200000762939453,30.200000762939453,30.200000762939453,30.200000762939453,0
2018-06-04,30.600000381469727,31.0,28.600000381469727,31.0,31.0,75
2018-06-05,30.799999237060547,31.0,28.600000381469727,30.0,30.0,245
2018-06-06,30.600000381469727,30.600000381469727,28.600000381469727,30.0,30.0,145
2018-06-07,28.799999237060547,30.200000762939453,28.799999237060547,29.0,29.0,115
2018-06-08,29.0,29.0,29.0,29.0,29.0,0
2018-06-11,28.600000381469727,30.0,28.0,30.0,30.0,560
2018-06-12,30.200000762939453,30.200000762939453,28.200000762939453,30.200000762939453,30.200000762939453,85
2018-06-13,28.799999237060547,30.200000762939453,28.799999237060547,30.200000762939453,30.200000762939453,275
2018-06-14,29.0,29.799999237060547,29.0,29.799999237060547,29.799999237060547,40
2018-06-15,29.799999237060547,30.600000381469727,28.600000381469727,30.600000381469727,30.600000381469727,220
2018-06-18,29.0,29.799999237060547,29.0,29.799999237060547,29.799999237060547,50
2018-06-19,29.799999237060547,29.799999237060547,29.799999237060547,29.799999237060547,29.799999237060547,35
2018-06-20,29.0,29.799999237060547,29.0,29.799999237060547,29.799999237060547,20
2018-06-21,29.799999237060547,30.600000381469727,29.799999237060547,30.600000381469727,30.600000381469727,545
2018-06-22,30.600000381469727,30.600000381469727,30.600000381469727,30.600000381469727,30.600000381469727,75
2018-06-25,30.200000762939453,30.200000762939453,30.200000762939453,30.200000762939453,30.200000762939453,65
2018-06-26,30.200000762939453,30.200000762939453,30.200000762939453,30.200000762939453,30.200000762939453,50
2018-06-27,30.799999237060547,31.0,30.799999237060547,31.0,31.0,245
2018-06-28,31.0,32.0,31.0,32.0,32.0,580
2018-06-29,32.599998474121094,32.599998474121094,32.599998474121094,32.599998474121094,32.599998474121094,100
2018-07-02,32.20000076293945,32.20000076293945,32.20000076293945,32.20000076293945,32.20000076293945,15
2018-07-03,32.20000076293945,32.20000076293945,30.799999237060547,32.20000076293945,32.20000076293945,75
2018-07-05,32.0,32.0,32.0,32.0,32.0,165
2018-07-06,31.0,32.20000076293945,31.0,32.20000076293945,32.20000076293945,35
2018-07-09,30.200000762939453,32.20000076293945,30.200000762939453,32.20000076293945,32.20000076293945,215
2018-07-10,30.200000762939453,32.79999923706055,30.200000762939453,31.200000762939453,31.200000762939453,75
2018-07-11,31.200000762939453,31.200000762939453,31.200000762939453,31.200000762939453,31.200000762939453,0
2018-07-12,31.0,32.599998474121094,31.0,32.599998474121094,32.599998474121094,505
2018-07-13,32.599998474121094,32.599998474121094,32.599998474121094,32.599998474121094,32.599998474121094,0
2018-07-16,31.0,32.0,29.600000381469727,31.0,31.0,2885
2018-07-17,31.0,32.20000076293945,31.0,32.0,32.0,1735
2018-07-18,31.799999237060547,32.400001525878906,31.399999618530273,31.600000381469727,31.600000381469727,1115
2018-07-19,31.399999618530273,32.0,31.399999618530273,32.0,32.0,120
2018-07-20,32.0,32.0,32.0,32.0,32.0,0
2018-07-23,32.0,32.0,32.0,32.0,32.0,305
2018-07-24,31.399999618530273,31.399999618530273,29.0,30.0,30.0,85
2018-07-25,29.200000762939453,32.0,28.0,31.0,31.0,185
2018-07-26,30.0,30.0,23.0,29.0,29.0,530
2018-07-27,28.0,30.0,28.0,30.0,30.0,60
2018-07-30,27.0,31.0,27.0,31.0,31.0,90
2018-07-31,30.399999618530273,32.0,30.399999618530273,32.0,32.0,60
2018-08-01,30.399999618530273,32.20000076293945,29.0,32.20000076293945,32.20000076293945,230
2018-08-02,31.0,33.0,30.0,33.0,33.0,205
2018-08-03,33.0,33.0,20.200000762939453,32.0,32.0,610
2018-08-06,30.0,31.0,28.0,30.0,30.0,945
2018-08-07,30.0,30.0,30.0,30.0,30.0,0
2018-08-08,30.0,30.0,30.0,30.0,30.0,0
2018-08-09,30.0,30.0,30.0,30.0,30.0,5
2018-08-10,30.0,30.0,24.399999618530273,29.0,29.0,430
2018-08-13,27.600000381469727,29.0,27.600000381469727,29.0,29.0,20
2018-08-14,28.200000762939453,29.0,28.200000762939453,29.0,29.0,615
2018-08-15,32.0,38.79999923706055,32.0,38.599998474121094,38.599998474121094,5410
2018-08-16,39.0,40.20000076293945,38.0,40.20000076293945,40.20000076293945,905
2018-08-17,40.20000076293945,40.20000076293945,30.799999237060547,39.0,39.0,5420
2018-08-20,39.0,39.0,38.400001525878906,39.0,39.0,185
2018-08-21,38.400001525878906,39.0,32.400001525878906,38.0,38.0,1550
2018-08-22,38.79999923706055,40.79999923706055,38.0,40.79999923706055,40.79999923706055,550
2018-08-23,40.0,41.79999923706055,40.0,40.0,40.0,2330
2018-08-24,40.599998474121094,41.79999923706055,36.20000076293945,41.20000076293945,41.20000076293945,135
2018-08-27,41.400001525878906,41.79999923706055,33.400001525878906,41.79999923706055,41.79999923706055,225
2018-08-28,41.400001525878906,42.0,38.400001525878906,42.0,42.0,500
2018-08-29,42.0,42.79999923706055,41.79999923706055,42.79999923706055,42.79999923706055,55
2018-08-30,41.0,42.0,37.400001525878906,39.599998474121094,39.599998474121094,1820
2018-08-31,38.0,42.599998474121094,38.0,42.0,42.0,555
2018-09-04,42.79999923706055,42.79999923706055,42.599998474121094,42.599998474121094,42.599998474121094,180
2018-09-05,42.0,43.599998474121094,34.0,43.599998474121094,43.599998474121094,410
2018-09-06,43.79999923706055,43.79999923706055,35.20000076293945,43.599998474121094,43.599998474121094,305
2018-09-07,43.0,43.79999923706055,43.0,43.20000076293945,43.20000076293945,200
2018-09-10,43.20000076293945,43.20000076293945,43.20000076293945,43.20000076293945,43.20000076293945,0
2018-09-11,43.0,43.0,43.0,43.0,43.0,5
2018-09-12,43.400001525878906,43.400001525878906,43.20000076293945,43.20000076293945,43.20000076293945,10
2018-09-13,42.599998474121094,43.20000076293945,42.599998474121094,43.20000076293945,43.20000076293945,90
2018-09-14,42.79999923706055,42.79999923706055,42.79999923706055,42.79999923706055,42.79999923706055,65
2018-09-17,43.20000076293945,43.20000076293945,43.0,43.0,43.0,235
2018-09-18,43.400001525878906,43.400001525878906,43.400001525878906,43.400001525878906,43.400001525878906,125
2018-09-19,42.79999923706055,43.20000076293945,42.79999923706055,43.20000076293945,43.20000076293945,60
2018-09-20,42.0,43.599998474121094,42.0,43.599998474121094,43.599998474121094,125
2018-09-21,43.20000076293945,43.400001525878906,43.20000076293945,43.400001525878906,43.400001525878906,10
2018-09-24,42.599998474121094,43.79999923706055,42.599998474121094,43.79999923706055,43.79999923706055,55
2018-09-25,43.20000076293945,43.79999923706055,42.0,43.79999923706055,43.79999923706055,30
2018-09-26,43.400001525878906,43.79999923706055,42.0,43.79999923706055,43.79999923706055,250
2018-09-27,43.79999923706055,46.400001525878906,43.79999923706055,46.400001525878906,46.400001525878906,140
2018-09-28,48.400001525878906,50.599998474121094,47.0,50.599998474121094,50.599998474121094,520
2018-10-01,50.0,50.599998474121094,50.0,50.599998474121094,50.599998474121094,95
2018-10-02,50.599998474121094,50.599998474121094,50.599998474121094,50.599998474121094,50.599998474121094,0
2018-10-03,50.599998474121094,50.599998474121094,50.20000076293945,50.20000076293945,50.20000076293945,80
2018-10-04,50.20000076293945,51.79999923706055,50.20000076293945,51.79999923706055,51.79999923706055,60
2018-10-05,51.400001525878906,51.400001525878906,48.400001525878906,51.0,51.0,280
2018-10-08,50.400001525878906,50.400001525878906,48.400001525878906,49.599998474121094,49.599998474121094,215
2018-10-09,49.20000076293945,50.0,49.0,49.20000076293945,49.20000076293945,310
2018-10-10,48.79999923706055,50.400001525878906,48.400001525878906,50.400001525878906,50.400001525878906,255
2018-10-11,48.400001525878906,50.0,44.79999923706055,49.0,49.0,425
2018-10-12,48.79999923706055,49.20000076293945,48.79999923706055,49.0,49.0,60
2018-10-15,49.0,49.400001525878906,40.400001525878906,49.400001525878906,49.400001525878906,155
2018-10-16,49.400001525878906,50.79999923706055,38.79999923706055,50.79999923706055,50.79999923706055,285
2018-10-17,51.20000076293945,51.599998474121094,50.0,51.599998474121094,51.599998474121094,470
2018-10-18,51.79999923706055,51.79999923706055,51.79999923706055,51.79999923706055,51.79999923706055,35
2018-10-19,51.79999923706055,51.79999923706055,51.79999923706055,51.79999923706055,51.79999923706055,0
2018-10-22,52.0,52.0,46.400001525878906,52.0,52.0,230
2018-10-23,51.79999923706055,52.0,51.0,51.20000076293945,51.20000076293945,270
2018-10-24,51.0,52.0,46.400001525878906,51.599998474121094,51.599998474121094,335
2018-10-25,51.0,52.0,50.79999923706055,51.400001525878906,51.400001525878906,50
2018-10-26,50.79999923706055,52.0,48.79999923706055,52.0,52.0,355
2018-10-29,51.599998474121094,52.20000076293945,51.599998474121094,52.20000076293945,52.20000076293945,400
2018-10-30,52.20000076293945,52.20000076293945,51.599998474121094,52.20000076293945,52.20000076293945,105
2018-10-31,52.0,53.20000076293945,46.20000076293945,53.20000076293945,53.20000076293945,220
2018-11-01,53.20000076293945,53.400001525878906,48.0,53.400001525878906,53.400001525878906,520
2018-11-02,53.400001525878906,53.79999923706055,49.0,53.599998474121094,53.599998474121094,480
2018-11-05,53.20000076293945,53.599998474121094,53.20000076293945,53.599998474121094,53.599998474121094,90
2018-11-06,53.400001525878906,53.599998474121094,52.79999923706055,53.599998474121094,53.599998474121094,70
2018-11-07,53.599998474121094,53.599998474121094,53.599998474121094,53.599998474121094,53.599998474121094,5
2018-11-08,53.599998474121094,53.599998474121094,53.599998474121094,53.599998474121094,53.599998474121094,0
2018-11-09,48.400001525878906,53.599998474121094,48.400001525878906,53.599998474121094,53.599998474121094,110
2018-11-12,53.400001525878906,53.400001525878906,53.400001525878906,53.400001525878906,53.400001525878906,10
2018-11-13,54.0,62.0,54.0,61.0,61.0,2590
2018-11-14,60.0,61.79999923706055,59.0,61.599998474121094,61.599998474121094,640
2018-11-15,61.79999923706055,66.0,61.599998474121094,66.0,66.0,1475
2018-11-16,65.80000305175781,67.0,65.0,66.80000305175781,66.80000305175781,1370
2018-11-19,67.0,67.0,66.5999984741211,67.0,67.0,285
2018-11-20,66.4000015258789,67.4000015258789,65.19999694824219,66.5999984741211,66.5999984741211,620
2018-11-21,69.0,73.80000305175781,68.0,73.0,73.0,5405
2018-11-23,73.0,74.0,71.0,73.80000305175781,73.80000305175781,105
2018-11-26,74.19999694824219,74.5999984741211,68.19999694824219,74.19999694824219,74.19999694824219,460
2018-11-27,74.19999694824219,74.19999694824219,71.0,74.0,74.0,290
2018-11-28,74.0,75.4000015258789,64.0,75.4000015258789,75.4000015258789,4920
2018-11-29,75.80000305175781,75.80000305175781,67.0,72.0,72.0,445
2018-11-30,73.0,73.0,64.5999984741211,70.19999694824219,70.19999694824219,4240
2018-12-03,69.0,73.0,63.0,72.0,72.0,2270
2018-12-04,66.0,72.0,66.0,68.0,68.0,1455
2018-12-06,67.80000305175781,68.19999694824219,66.5999984741211,67.80000305175781,67.80000305175781,410
2018-12-07,67.80000305175781,69.0,67.19999694824219,67.80000305175781,67.80000305175781,300
2018-12-10,68.0,68.0,67.5999984741211,68.0,68.0,325
2018-12-11,67.80000305175781,68.0,66.19999694824219,68.0,68.0,85
2018-12-12,69.80000305175781,70.0,69.4000015258789,70.0,70.0,245
2018-12-13,69.5999984741211,74.0,66.19999694824219,70.19999694824219,70.19999694824219,550
2018-12-14,70.19999694824219,71.0,68.0,71.0,71.0,420
2018-12-17,67.80000305175781,71.5999984741211,65.4000015258789,68.0,68.0,1410
2018-12-18,69.80000305175781,69.80000305175781,68.19999694824219,69.80000305175781,69.80000305175781,35
2018-12-19,68.19999694824219,71.5999984741211,68.19999694824219,71.5999984741211,71.5999984741211,200
2018-12-20,71.5999984741211,72.4000015258789,71.4000015258789,71.80000305175781,71.80000305175781,275
2018-12-21,71.80000305175781,76.19999694824219,71.80000305175781,76.0,76.0,2590
2018-12-24,76.0,76.0,75.0,75.80000305175781,75.80000305175781,310
2018-12-26,76.0,76.5999984741211,70.0,76.19999694824219,76.19999694824219,1890
2018-12-27,76.0,76.0,72.19999694824219,76.0,76.0,1305
2018-12-28,76.5999984741211,78.19999694824219,71.19999694824219,76.0,76.0,2070
2018-12-31,74.0,78.19999694824219,72.80000305175781,76.19999694824219,76.19999694824219,1020
2019-01-02,76.19999694824219,78.0,72.5999984741211,76.0,76.0,1090
2019-01-03,74.4000015258789,76.4000015258789,73.80000305175781,76.0,76.0,430
2019-01-04,75.4000015258789,77.4000015258789,75.4000015258789,77.4000015258789,77.4000015258789,1480
2019-01-07,77.0,77.80000305175781,76.4000015258789,77.4000015258789,77.4000015258789,305
2019-01-08,77.19999694824219,77.80000305175781,71.0,77.5999984741211,77.5999984741211,705
2019-01-09,76.80000305175781,77.80000305175781,75.0,77.0,77.0,545
2019-01-10,77.0,77.80000305175781,76.0,77.80000305175781,77.80000305175781,145
2019-01-11,77.4000015258789,77.4000015258789,74.0,76.5999984741211,76.5999984741211,120
2019-01-14,76.0,76.80000305175781,72.4000015258789,75.0,75.0,140
2019-01-15,74.0,76.4000015258789,58.0,75.5999984741211,75.5999984741211,1000
2019-01-16,75.0,75.80000305175781,73.19999694824219,75.0,75.0,775
2019-01-17,74.4000015258789,75.0,73.0,75.0,75.0,3485
2019-01-18,74.80000305175781,75.5999984741211,73.19999694824219,75.19999694824219,75.19999694824219,835
2019-01-22,74.80000305175781,74.80000305175781,72.0,74.80000305175781,74.80000305175781,160
2019-01-23,74.4000015258789,75.19999694824219,74.0,75.19999694824219,75.19999694824219,290
2019-01-24,75.0,76.80000305175781,73.0,75.0,75.0,440
2019-01-25,74.4000015258789,78.80000305175781,68.4000015258789,77.4000015258789,77.4000015258789,1415
2019-01-28,77.5999984741211,79.0,77.4000015258789,79.0,79.0,2055
2019-01-29,79.5999984741211,80.0,78.5999984741211,79.0,79.0,240
2019-01-30,79.0,80.0,79.0,79.0,79.0,440
2019-01-31,77.0,79.0,68.4000015258789,79.0,79.0,1035
2019-02-01,77.4000015258789,78.80000305175781,76.5999984741211,78.5999984741211,78.5999984741211,385
2019-02-04,78.0,78.5999984741211,78.0,78.0,78.0,415
2019-02-05,77.4000015258789,78.5999984741211,77.4000015258789,78.0,78.0,1710
2019-02-06,78.0,82.0,78.0,80.19999694824219,80.19999694824219,2285
2019-02-07,80.5999984741211,81.4000015258789,79.80000305175781,80.5999984741211,80.5999984741211,1510
2019-02-08,80.80000305175781,81.0,79.5999984741211,81.0,81.0,505
2019-02-11,81.0,86.80000305175781,73.0,86.80000305175781,86.80000305175781,2480
2019-02-12,85.0,85.0,79.0,83.0,83.0,1750
2019-02-13,82.5999984741211,82.80000305175781,80.0,82.80000305175781,82.80000305175781,625
2019-02-14,81.4000015258789,81.4000015258789,80.0,80.0,80.0,195
2019-02-15,74.80000305175781,89.0,74.80000305175781,84.80000305175781,84.80000305175781,460
2019-02-19,84.5999984741211,85.5999984741211,79.5999984741211,81.4000015258789,81.4000015258789,1780
2019-02-20,81.19999694824219,85.0,80.0,84.5999984741211,84.5999984741211,1025
2019-02-21,83.80000305175781,83.80000305175781,80.0,82.0,82.0,1350
2019-02-22,82.0,82.0,80.0,82.0,82.0,2250
2019-02-25,81.5999984741211,81.80000305175781,79.0,81.80000305175781,81.80000305175781,190
2019-02-26,79.5999984741211,81.19999694824219,79.5999984741211,81.0,81.0,110
2019-02-27,75.4000015258789,81.0,75.4000015258789,80.0,80.0,2045
2019-02-28,78.0,80.0,77.4000015258789,79.0,79.0,1035
2019-03-01,81.80000305175781,82.4000015258789,80.0,82.0,82.0,560
2019-03-04,82.0,82.19999694824219,79.0,82.19999694824219,82.19999694824219,520
2019-03-05,82.0,82.19999694824219,81.0,82.19999694824219,82.19999694824219,780
2019-03-06,82.0,82.19999694824219,81.5999984741211,82.19999694824219,82.19999694824219,40
2019-03-07,82.19999694824219,82.19999694824219,82.19999694824219,82.19999694824219,82.19999694824219,5
2019-03-08,79.80000305175781,82.19999694824219,79.80000305175781,82.19999694824219,82.19999694824219,15
2019-03-11,82.19999694824219,82.19999694824219,81.4000015258789,82.19999694824219,82.19999694824219,170
2019-03-12,81.4000015258789,82.19999694824219,81.4000015258789,82.19999694824219,82.19999694824219,50
2019-03-13,82.19999694824219,82.19999694824219,82.19999694824219,82.19999694824219,82.19999694824219,80
2019-03-14,82.19999694824219,82.19999694824219,82.19999694824219,82.19999694824219,82.19999694824219,0
2019-03-15,82.0,82.0,76.19999694824219,82.0,82.0,225
2019-03-18,81.80000305175781,81.80000305175781,81.80000305175781,81.80000305175781,81.80000305175781,15
2019-03-19,81.80000305175781,81.80000305175781,81.80000305175781,81.80000305175781,81.80000305175781,5
2019-03-20,81.4000015258789,81.80000305175781,80.4000015258789,81.80000305175781,81.80000305175781,110
2019-03-21,81.80000305175781,82.19999694824219,81.80000305175781,82.19999694824219,82.19999694824219,115
2019-03-22,82.19999694824219,82.80000305175781,82.0,82.0,82.0,490
2019-03-25,81.4000015258789,82.80000305175781,81.4000015258789,82.4000015258789,82.4000015258789,360
2019-03-26,82.4000015258789,83.0,82.0,83.0,83.0,540
2019-03-27,83.0,83.0,82.0,83.0,83.0,185
2019-03-28,83.0,83.5999984741211,83.0,83.5999984741211,83.5999984741211,190
2019-03-29,84.0,87.0,83.0,86.0,86.0,220
2019-04-01,86.0,86.5999984741211,85.0,86.5999984741211,86.5999984741211,455
2019-04-02,86.5999984741211,86.5999984741211,86.0,86.5999984741211,86.5999984741211,595
2019-04-03,86.0,87.0,86.0,86.0,86.0,195
2019-04-04,86.0,86.0,86.0,86.0,86.0,0
2019-04-05,85.0,86.0,84.0,86.0,86.0,270
2019-04-08,85.0,86.0,80.19999694824219,85.0,85.0,90
2019-04-09,76.5999984741211,84.0,74.5999984741211,82.80000305175781,82.80000305175781,1895
2019-04-10,82.80000305175781,82.80000305175781,82.80000305175781,82.80000305175781,82.80000305175781,5
2019-04-11,82.80000305175781,84.5999984741211,77.0,83.0,83.0,2080
2019-04-12,83.0,83.80000305175781,83.0,83.80000305175781,83.80000305175781,175
2019-04-15,85.5999984741211,86.80000305175781,85.0,86.80000305175781,86.80000305175781,255
2019-04-16,86.80000305175781,86.80000305175781,86.80000305175781,86.80000305175781,86.80000305175781,5
2019-04-17,86.80000305175781,87.0,86.80000305175781,87.0,87.0,120
2019-04-18,86.19999694824219,87.0,82.0,87.0,87.0,115
2019-04-22,86.19999694824219,87.0,86.19999694824219,86.5999984741211,86.5999984741211,115
2019-04-23,87.0,87.0,87.0,87.0,87.0,25
2019-04-24,87.0,87.0,87.0,87.0,87.0,0
2019-04-25,87.0,87.0,87.0,87.0,87.0,5
2019-04-26,87.0,87.0,87.0,87.0,87.0,5
2019-04-29,86.80000305175781,87.0,86.80000305175781,87.0,87.0,25
2019-04-30,87.0,89.19999694824219,87.0,89.0,89.0,2120
2019-05-01,88.19999694824219,89.0,88.19999694824219,89.0,89.0,265
2019-05-02,89.0,89.0,89.0,89.0,89.0,5
2019-05-03,85.0,88.80000305175781,80.0,88.80000305175781,88.80000305175781,675
2019-05-06,89.0,89.0,88.0,89.0,89.0,30
2019-05-07,87.0,89.5999984741211,86.0,89.5999984741211,89.5999984741211,105
2019-05-08,89.4000015258789,89.4000015258789,89.0,89.0,89.0,105
2019-05-09,86.5999984741211,89.0,86.5999984741211,89.0,89.0,35
2019-05-10,88.0,89.19999694824219,88.0,89.19999694824219,89.19999694824219,165
2019-05-13,88.19999694824219,89.19999694824219,80.0,88.80000305175781,88.80000305175781,1200
2019-05-14,89.5999984741211,89.5999984741211,80.19999694824219,85.19999694824219,85.19999694824219,3715
2019-05-15,85.5999984741211,86.19999694824219,85.0,85.80000305175781,85.80000305175781,440
2019-05-16,86.19999694824219,86.80000305175781,82.80000305175781,85.0,85.0,840
2019-05-17,86.80000305175781,89.19999694824219,83.0,88.80000305175781,88.80000305175781,360
2019-05-20,88.80000305175781,88.80000305175781,86.0,88.80000305175781,88.80000305175781,80
2019-05-21,88.80000305175781,88.80000305175781,88.80000305175781,88.80000305175781,88.80000305175781,0
2019-05-22,85.0,89.19999694824219,85.0,89.0,89.0,380
2019-05-23,89.0,89.4000015258789,88.0,89.4000015258789,89.4000015258789,700
2019-05-24,90.0,90.19999694824219,87.0,88.0,88.0,405
2019-05-28,87.0,88.19999694824219,86.0,88.0,88.0,250
2019-05-29,88.0,88.0,87.0,88.0,88.0,165
2019-05-30,88.19999694824219,88.5999984741211,87.0,88.5999984741211,88.5999984741211,245
2019-05-31,84.0,91.0,83.4000015258789,91.0,91.0,2900
2019-06-03,91.5999984741211,92.19999694824219,91.4000015258789,92.19999694824219,92.19999694824219,210
2019-06-04,92.4000015258789,94.0,92.4000015258789,94.0,94.0,380
2019-06-05,94.0,94.0,94.0,94.0,94.0,15
2019-06-06,94.5999984741211,94.5999984741211,94.0,94.5999984741211,94.5999984741211,100
2019-06-07,94.0,94.0,94.0,94.0,94.0,45
2019-06-10,94.5999984741211,95.5999984741211,94.0,95.5999984741211,95.5999984741211,1650
2019-06-11,96.0,98.80000305175781,96.0,98.80000305175781,98.80000305175781,520
2019-06-12,98.80000305175781,99.80000305175781,97.0,99.80000305175781,99.80000305175781,925
2019-06-13,100.0,100.19999694824219,100.0,100.19999694824219,100.19999694824219,50
2019-06-14,100.19999694824219,100.19999694824219,100.19999694824219,100.19999694824219,100.19999694824219,0
2019-06-17,99.0,99.0,97.5999984741211,99.0,99.0,85
2019-06-18,99.0,100.0,98.0,100.0,100.0,505
2019-06-19,100.0,100.0,100.0,100.0,100.0,5
2019-06-20,100.0,100.0,99.0,100.0,100.0,735
2019-06-21,98.19999694824219,100.0,94.4000015258789,100.0,100.0,265
2019-06-24,99.5999984741211,100.0,98.0,99.0,99.0,205
2019-06-25,99.0,99.0,97.0,99.0,99.0,160
2019-06-26,99.0,99.0,98.0,99.0,99.0,75
2019-06-27,99.0,99.0,98.80000305175781,99.0,99.0,65
2019-06-28,98.80000305175781,100.0,94.80000305175781,100.0,100.0,475
2019-07-01,99.5999984741211,100.0,99.5999984741211,100.0,100.0,30
2019-07-02,100.0,100.0,100.0,100.0,100.0,30
2019-07-03,99.0,100.0,98.80000305175781,100.0,100.0,105
2019-07-05,98.0,99.0,95.0,99.0,99.0,100
2019-07-08,100.0,100.0,99.0,99.0,99.0,370
2019-07-09,98.80000305175781,99.0,98.80000305175781,98.80000305175781,98.80000305175781,60
2019-07-10,99.0,99.0,99.0,99.0,99.0,20
2019-07-11,99.5999984741211,100.0,98.80000305175781,99.0,99.0,50
2019-07-12,98.0,99.5999984741211,98.0,99.5999984741211,99.5999984741211,85
2019-07-15,99.4000015258789,99.5999984741211,99.19999694824219,99.5999984741211,99.5999984741211,90
2019-07-16,95.4000015258789,99.5999984741211,95.4000015258789,99.5999984741211,99.5999984741211,15
2019-07-17,98.0,98.0,95.19999694824219,97.5999984741211,97.5999984741211,145
2019-07-18,96.0,98.0,95.0,98.0,98.0,465
2019-07-19,97.0,97.0,94.0,95.80000305175781,95.80000305175781,295
2019-07-22,94.5999984741211,98.0,91.80000305175781,96.5999984741211,96.5999984741211,325
2019-07-23,96.5999984741211,96.5999984741211,96.0,96.5999984741211,96.5999984741211,65
2019-07-24,96.5999984741211,96.5999984741211,95.80000305175781,96.19999694824219,96.19999694824219,65
2019-07-25,96.19999694824219,96.19999694824219,83.80000305175781,96.0,96.0,275
2019-07-26,94.0,96.0,90.5999984741211,94.5999984741211,94.5999984741211,320
2019-07-29,92.0,92.80000305175781,89.5999984741211,91.5999984741211,91.5999984741211,70
2019-07-30,90.5999984741211,91.80000305175781,90.4000015258789,91.80000305175781,91.80000305175781,65
2019-07-31,90.19999694824219,91.5999984741211,85.19999694824219,91.5999984741211,91.5999984741211,370
2019-08-01,91.5999984741211,91.5999984741211,87.0,90.80000305175781,90.80000305175781,1305
2019-08-02,92.0,92.80000305175781,90.4000015258789,92.19999694824219,92.19999694824219,2270
2019-08-05,91.4000015258789,92.19999694824219,87.19999694824219,92.19999694824219,92.19999694824219,705
2019-08-06,93.5999984741211,93.5999984741211,85.5999984741211,92.0,92.0,730
2019-08-07,92.0,93.80000305175781,92.0,93.80000305175781,93.80000305175781,145
2019-08-08,94.80000305175781,94.80000305175781,92.0,92.0,92.0,30
2019-08-09,93.5999984741211,93.5999984741211,85.4000015258789,89.5999984741211,89.5999984741211,140
2019-08-12,88.80000305175781,90.0,88.0,89.19999694824219,89.19999694824219,435
2019-08-13,101.0,101.0,92.80000305175781,95.0,95.0,1350
2019-08-14,99.0,99.80000305175781,91.0,94.0,94.0,530
2019-08-15,93.5999984741211,95.0,87.4000015258789,91.4000015258789,91.4000015258789,295
2019-08-16,91.4000015258789,91.4000015258789,91.4000015258789,91.4000015258789,91.4000015258789,0
2019-08-19,91.0,91.4000015258789,87.19999694824219,90.0,90.0,555
2019-08-20,90.0,90.0,90.0,90.0,90.0,0
2019-08-21,87.0,90.0,85.80000305175781,86.4000015258789,86.4000015258789,410
2019-08-22,83.4000015258789,84.0,80.0,83.80000305175781,83.80000305175781,410
2019-08-23,83.4000015258789,84.0,80.19999694824219,84.0,84.0,325
2019-08-26,84.80000305175781,84.80000305175781,81.19999694824219,84.5999984741211,84.5999984741211,125
2019-08-27,84.19999694824219,85.4000015258789,84.0,84.19999694824219,84.19999694824219,155
2019-08-28,84.0,85.19999694824219,83.5999984741211,85.0,85.0,170
2019-08-29,84.19999694824219,85.0,84.19999694824219,84.4000015258789,84.4000015258789,75
2019-08-30,81.19999694824219,85.5999984741211,75.80000305175781,83.80000305175781,83.80000305175781,2250
2019-09-03,82.0,84.80000305175781,81.0,83.4000015258789,83.4000015258789,475
2019-09-04,82.5999984741211,84.5999984741211,82.5999984741211,84.5999984741211,84.5999984741211,540
2019-09-05,85.19999694824219,85.80000305175781,85.19999694824219,85.80000305175781,85.80000305175781,25
2019-09-06,85.80000305175781,85.80000305175781,85.80000305175781,85.80000305175781,85.80000305175781,0
2019-09-09,85.5999984741211,86.19999694824219,85.0,86.0,86.0,75
2019-09-10,85.5999984741211,85.5999984741211,84.5999984741211,85.0,85.0,95
2019-09-11,85.19999694824219,86.80000305175781,84.80000305175781,86.19999694824219,86.19999694824219,210
2019-09-12,86.19999694824219,90.0,85.0,90.0,90.0,165
2019-09-13,89.80000305175781,89.80000305175781,86.80000305175781,88.0,88.0,175
2019-09-16,89.5999984741211,89.5999984741211,89.5999984741211,89.5999984741211,89.5999984741211,10
2019-09-17,88.0,89.80000305175781,84.19999694824219,89.80000305175781,89.80000305175781,70
2019-09-18,82.4000015258789,89.19999694824219,82.4000015258789,89.19999694824219,89.19999694824219,110
2019-09-19,89.80000305175781,89.80000305175781,82.80000305175781,89.0,89.0,215
2019-09-20,89.0,90.19999694824219,84.4000015258789,90.19999694824219,90.19999694824219,195
2019-09-23,90.19999694824219,94.4000015258789,86.5999984741211,93.80000305175781,93.80000305175781,150
2019-09-24,95.4000015258789,95.4000015258789,93.4000015258789,94.5999984741211,94.5999984741211,195
2019-09-25,94.19999694824219,94.19999694824219,90.19999694824219,90.80000305175781,90.80000305175781,155
2019-09-26,84.4000015258789,89.80000305175781,84.0,84.0,84.0,2610
2019-09-27,84.0,89.5999984741211,84.0,89.5999984741211,89.5999984741211,1055
2019-09-30,89.5999984741211,89.5999984741211,87.4000015258789,87.4000015258789,87.4000015258789,105
2019-10-01,85.0,86.0,80.4000015258789,85.80000305175781,85.80000305175781,305
2019-10-02,84.0,84.0,82.4000015258789,83.80000305175781,83.80000305175781,515
2019-10-03,84.0,88.4000015258789,83.5999984741211,88.19999694824219,88.19999694824219,725
2019-10-04,88.19999694824219,88.19999694824219,88.19999694824219,88.19999694824219,88.19999694824219,5
2019-10-07,83.80000305175781,85.80000305175781,83.0,85.19999694824219,85.19999694824219,1885
2019-10-08,88.0,89.0,87.0,89.0,89.0,65
2019-10-09,86.5999984741211,88.4000015258789,84.19999694824219,88.4000015258789,88.4000015258789,700
2019-10-10,88.4000015258789,88.5999984741211,84.80000305175781,88.5999984741211,88.5999984741211,525
2019-10-11,89.0,92.0,85.0,92.0,92.0,235
2019-10-14,88.0,91.4000015258789,85.0,89.0,89.0,1150
2019-10-15,89.0,89.5999984741211,89.0,89.5999984741211,89.5999984741211,740
2019-10-16,91.0,91.80000305175781,90.0,91.0,91.0,1050
2019-10-17,90.0,91.0,90.0,91.0,91.0,20
2019-10-18,90.4000015258789,91.0,89.4000015258789,91.0,91.0,225
2019-10-21,91.0,98.0,91.0,95.19999694824219,95.19999694824219,425
2019-10-22,95.0,95.0,89.19999694824219,94.0,94.0,190
2019-10-23,94.0,94.0,94.0,94.0,94.0,0
2019-10-24,90.5999984741211,95.0,90.5999984741211,95.0,95.0,200
2019-10-25,96.0,96.0,89.5999984741211,95.80000305175781,95.80000305175781,125
2019-10-28,94.80000305175781,94.80000305175781,94.80000305175781,94.80000305175781,94.80000305175781,85
2019-10-29,95.0,96.4000015258789,95.0,96.4000015258789,96.4000015258789,80
2019-10-30,93.0,99.0,93.0,99.0,99.0,285
2019-10-31,93.19999694824219,97.80000305175781,93.0,96.0,96.0,160
2019-11-01,96.0,96.0,91.4000015258789,95.0,95.0,205
2019-11-04,90.80000305175781,95.0,90.4000015258789,95.0,95.0,55
2019-11-05,95.0,95.0,95.0,95.0,95.0,5
2019-11-06,90.4000015258789,95.80000305175781,90.4000015258789,94.80000305175781,94.80000305175781,205
2019-11-07,93.5999984741211,95.80000305175781,93.5999984741211,95.0,95.0,90
2019-11-08,94.4000015258789,95.0,92.5999984741211,94.80000305175781,94.80000305175781,90
2019-11-11,94.5999984741211,95.0,90.5999984741211,90.5999984741211,90.5999984741211,165
2019-11-12,95.0,102.80000305175781,95.0,100.0,100.0,4375
2019-11-13,100.80000305175781,103.0,96.19999694824219,103.0,103.0,250
2019-11-14,100.0,104.0,96.0,103.5999984741211,103.5999984741211,2670
2019-11-15,103.5999984741211,104.0,100.0,104.0,104.0,280
2019-11-18,103.0,108.0,101.0,108.0,108.0,705
2019-11-19,109.80000305175781,109.80000305175781,107.4000015258789,108.0,108.0,140
2019-11-20,108.5999984741211,109.0,107.5999984741211,109.0,109.0,60
2019-11-21,104.0,106.0,98.0,103.0,103.0,185
2019-11-22,103.80000305175781,108.0,103.80000305175781,108.0,108.0,105
2019-11-25,106.0,108.0,103.0,108.0,108.0,175
2019-11-26,105.19999694824219,106.19999694824219,105.19999694824219,106.19999694824219,106.19999694824219,155
2019-11-27,108.0,108.0,104.0,105.0,105.0,145
2019-11-29,105.5999984741211,108.0,102.5999984741211,108.0,108.0,195
2019-12-02,108.0,108.0,108.0,108.0,108.0,10
2019-12-03,103.4000015258789,108.0,103.4000015258789,108.0,108.0,65
2019-12-04,107.0,107.0,107.0,107.0,107.0,20
2019-12-05,107.0,108.0,105.5999984741211,107.5999984741211,107.5999984741211,320
2019-12-06,107.5999984741211,108.0,107.5999984741211,108.0,108.0,230
2019-12-09,108.0,108.0,104.19999694824219,108.0,108.0,205
2019-12-10,108.0,108.0,105.19999694824219,108.0,108.0,115
2019-12-11,106.80000305175781,108.0,105.5999984741211,108.0,108.0,165
2019-12-12,108.0,108.0,102.5999984741211,107.0,107.0,560
2019-12-13,102.80000305175781,106.80000305175781,102.80000305175781,106.80000305175781,106.80000305175781,80
2019-12-16,106.5999984741211,108.0,103.0,108.0,108.0,410
2019-12-17,108.0,108.0,108.0,108.0,108.0,0
2019-12-18,106.0,108.0,106.0,108.0,108.0,195
2019-12-19,106.80000305175781,108.0,104.5999984741211,108.0,108.0,415
2019-12-20,108.0,108.0,108.0,108.0,108.0,0
2019-12-23,104.19999694824219,108.0,104.19999694824219,108.0,108.0,85
2019-12-24,106.0,108.0,104.19999694824219,108.0,108.0,140
2019-12-26,108.0,108.0,108.0,108.0,108.0,0
2019-12-27,108.0,108.0,108.0,108.0,108.0,0
2019-12-30,108.0,108.80000305175781,108.0,108.80000305175781,108.80000305175781,150
2019-12-31,108.80000305175781,111.0,108.80000305175781,110.0,110.0,270
2020-01-02,110.0,110.0,110.0,110.0,110.0,0
2020-01-03,107.0,110.5999984741211,107.0,110.4000015258789,110.4000015258789,110
2020-01-06,110.5999984741211,113.5999984741211,107.0,112.80000305175781,112.80000305175781,955
2020-01-07,112.4000015258789,116.0,111.0,116.0,116.0,360
2020-01-08,116.0,116.0,113.0,116.0,116.0,355
2020-01-09,116.0,116.0,111.0,116.0,116.0,225
2020-01-10,116.0,116.5999984741211,110.80000305175781,116.5999984741211,116.5999984741211,170
2020-01-13,117.0,120.4000015258789,116.0,120.0,120.0,1630
2020-01-14,120.0,130.0,120.0,122.0,122.0,705
2020-01-15,122.0,124.4000015258789,120.80000305175781,121.80000305175781,121.80000305175781,1420
2020-01-16,122.0,122.0,120.0,122.0,122.0,220
2020-01-17,120.0,122.0,120.0,122.0,122.0,80
2020-01-21,121.5999984741211,121.5999984741211,117.80000305175781,120.80000305175781,120.80000305175781,240
2020-01-22,120.0,120.0,117.0,120.0,120.0,165
2020-01-23,120.0,121.0,117.19999694824219,121.0,121.0,565
2020-01-24,118.4000015258789,120.0,118.4000015258789,120.0,120.0,135
2020-01-27,118.5999984741211,120.0,116.4000015258789,120.0,120.0,115
2020-01-28,119.5999984741211,119.5999984741211,119.5999984741211,119.5999984741211,119.5999984741211,85
2020-01-29,117.4000015258789,119.5999984741211,117.4000015258789,119.5999984741211,119.5999984741211,75
2020-01-30,117.0,117.0,110.4000015258789,116.5999984741211,116.5999984741211,565
2020-01-31,117.0,120.0,110.0,119.4000015258789,119.4000015258789,760
2020-02-03,111.4000015258789,119.0,111.4000015258789,119.0,119.0,220
2020-02-04,119.0,120.5999984741211,119.0,120.0,120.0,470
2020-02-05,118.5999984741211,121.0,118.5999984741211,120.0,120.0,645
2020-02-06,120.4000015258789,120.5999984741211,119.19999694824219,120.5999984741211,120.5999984741211,390
2020-02-07,120.19999694824219,120.4000015258789,120.0,120.0,120.0,225
2020-02-10,119.0,119.0,115.0,118.0,118.0,385
2020-02-11,120.19999694824219,120.5999984741211,119.0,119.0,119.0,210
2020-02-12,118.5999984741211,119.0,116.0,119.0,119.0,160
2020-02-13,119.0,119.0,118.5999984741211,119.0,119.0,30
2020-02-14,119.0,119.0,118.0,118.5999984741211,118.5999984741211,560
2020-02-18,111.80000305175781,118.0,109.4000015258789,117.0,117.0,790
2020-02-19,110.0,116.4000015258789,110.0,116.4000015258789,116.4000015258789,205
2020-02-20,114.0,117.0,114.0,117.0,117.0,200
2020-02-21,116.5999984741211,117.0,116.5999984741211,117.0,117.0,325
2020-02-24,113.0,117.0,112.19999694824219,115.0,115.0,305
2020-02-25,109.4000015258789,109.4000015258789,87.5999984741211,96.0,96.0,10870
2020-02-26,96.4000015258789,99.19999694824219,89.19999694824219,99.19999694824219,99.19999694824219,4360
2020-02-27,95.0,98.80000305175781,89.5999984741211,97.0,97.0,485
2020-02-28,93.5999984741211,98.80000305175781,63.0,98.80000305175781,98.80000305175781,1430
2020-03-02,92.0,98.0,90.5999984741211,97.0,97.0,200
2020-03-03,97.0,97.0,88.5999984741211,92.4000015258789,92.4000015258789,315
2020-03-04,84.0,91.80000305175781,82.0,91.80000305175781,91.80000305175781,90
2020-03-05,88.0,92.0,82.0,92.0,92.0,755
2020-03-06,85.80000305175781,91.80000305175781,85.80000305175781,91.5999984741211,91.5999984741211,255
2020-03-09,92.4000015258789,92.4000015258789,75.5999984741211,77.0,77.0,1295
2020-03-10,77.80000305175781,77.80000305175781,72.0,74.0,74.0,285
2020-03-11,74.0,74.4000015258789,73.0,73.80000305175781,73.80000305175781,165
2020-03-12,72.0,72.0,62.20000076293945,68.4000015258789,68.4000015258789,480
2020-03-13,63.0,66.19999694824219,61.0,66.0,66.0,305
2020-03-16,61.20000076293945,66.0,57.599998474121094,65.19999694824219,65.19999694824219,460
2020-03-17,65.5999984741211,65.5999984741211,58.0,65.5999984741211,65.5999984741211,75
2020-03-18,65.5999984741211,65.5999984741211,49.79999923706055,58.0,58.0,655
2020-03-19,55.0,64.0,49.599998474121094,60.0,60.0,1065
2020-03-20,54.599998474121094,59.599998474121094,54.0,59.599998474121094,59.599998474121094,445
2020-03-23,46.79999923706055,58.400001525878906,46.79999923706055,54.0,54.0,335
2020-03-24,56.599998474121094,61.0,56.400001525878906,60.0,60.0,615
2020-03-25,60.0,67.5999984741211,60.0,67.5999984741211,67.5999984741211,270
2020-03-26,67.5999984741211,71.0,67.5999984741211,71.0,71.0,70
2020-03-27,62.20000076293945,68.0,45.20000076293945,68.0,68.0,550
2020-03-30,59.0,69.0,53.0,66.0,66.0,460
2020-03-31,61.79999923706055,67.0,61.599998474121094,67.0,67.0,220
2020-04-01,62.0,66.0,62.0,66.0,66.0,90
2020-04-02,66.0,68.0,59.599998474121094,68.0,68.0,1150
2020-04-03,63.400001525878906,67.80000305175781,63.400001525878906,67.0,67.0,125
2020-04-06,65.5999984741211,68.80000305175781,62.0,63.0,63.0,300
2020-04-07,63.599998474121094,67.80000305175781,61.20000076293945,62.0,62.0,460
2020-04-08,59.400001525878906,62.0,59.400001525878906,61.0,61.0,465
2020-04-09,58.0,65.0,58.0,64.0,64.0,555
2020-04-13,73.0,73.0,65.5999984741211,65.5999984741211,65.5999984741211,145
2020-04-14,61.599998474121094,66.0,59.599998474121094,66.0,66.0,1430
2020-04-15,63.0,63.0,61.599998474121094,62.0,62.0,70
2020-04-16,60.599998474121094,62.0,60.0,62.0,62.0,55
2020-04-17,61.400001525878906,62.0,58.0,62.0,62.0,380
2020-04-20,62.0,65.5999984741211,57.79999923706055,64.0,64.0,1640
2020-04-21,61.400001525878906,64.0,61.400001525878906,63.0,63.0,115
2020-04-22,61.599998474121094,68.0,61.0,68.0,68.0,230
2020-04-23,62.0,69.80000305175781,62.0,67.19999694824219,67.19999694824219,80
2020-04-24,67.19999694824219,67.19999694824219,63.20000076293945,67.0,67.0,190
2020-04-27,64.0,67.80000305175781,63.400001525878906,67.80000305175781,67.80000305175781,395
2020-04-28,68.0,68.0,60.0,61.0,61.0,3795
2020-04-29,61.0,64.0,56.599998474121094,59.79999923706055,59.79999923706055,1520
2020-04-30,58.79999923706055,67.80000305175781,58.79999923706055,64.0,64.0,360
2020-05-01,63.0,66.0,62.0,66.0,66.0,2685
2020-05-04,62.0,70.5999984741211,61.400001525878906,70.0,70.0,2420
2020-05-05,68.4000015258789,71.80000305175781,68.0,71.80000305175781,71.80000305175781,705
2020-05-06,68.4000015258789,72.80000305175781,68.4000015258789,71.5999984741211,71.5999984741211,415
2020-05-07,72.4000015258789,85.4000015258789,72.4000015258789,81.5999984741211,81.5999984741211,375
2020-05-08,81.5999984741211,82.80000305175781,73.5999984741211,82.80000305175781,82.80000305175781,1670
2020-05-11,82.80000305175781,87.0,82.80000305175781,87.0,87.0,385
2020-05-12,87.0,91.4000015258789,82.80000305175781,90.5999984741211,90.5999984741211,735
2020-05-13,90.4000015258789,90.4000015258789,83.19999694824219,90.0,90.0,380
2020-05-14,84.80000305175781,88.0,84.80000305175781,86.5999984741211,86.5999984741211,240
2020-05-15,82.0,82.0,71.80000305175781,79.19999694824219,79.19999694824219,16490
2020-05-18,79.80000305175781,88.19999694824219,79.80000305175781,85.0,85.0,5085
2020-05-19,84.80000305175781,85.0,81.0,83.0,83.0,1800
2020-05-20,84.4000015258789,85.80000305175781,80.80000305175781,83.5999984741211,83.5999984741211,2175
2020-05-21,83.0,85.0,80.5999984741211,84.80000305175781,84.80000305175781,1965
2020-05-22,84.4000015258789,86.5999984741211,84.0,86.0,86.0,1475
2020-05-26,84.5999984741211,93.80000305175781,84.5999984741211,90.80000305175781,90.80000305175781,1600
2020-05-27,90.80000305175781,90.80000305175781,79.19999694824219,80.4000015258789,80.4000015258789,6805
2020-05-28,81.5999984741211,88.0,81.5999984741211,88.0,88.0,3190
2020-05-29,84.0,94.0,80.0,94.0,94.0,4170
2020-06-01,89.0,92.0,86.19999694824219,92.0,92.0,3040
2020-06-02,90.19999694824219,97.0,90.19999694824219,97.0,97.0,1580
2020-06-03,101.0,104.80000305175781,98.0,100.0,100.0,7205
2020-06-04,103.0,104.0,100.0,100.80000305175781,100.80000305175781,5135
2020-06-05,100.4000015258789,104.0,100.4000015258789,104.0,104.0,215
2020-06-08,104.4000015258789,114.80000305175781,104.0,114.0,114.0,2355
2020-06-09,115.0,117.0,115.0,116.5999984741211,116.5999984741211,2235
2020-06-10,115.0,121.5999984741211,113.5999984741211,121.5999984741211,121.5999984741211,1935
2020-06-11,116.19999694824219,121.0,108.0,120.5999984741211,120.5999984741211,2015
2020-06-12,120.4000015258789,123.0,120.0,123.0,123.0,1125
2020-06-15,122.80000305175781,130.0,122.80000305175781,130.0,130.0,6740
2020-06-16,131.60000610351562,133.60000610351562,120.0,133.60000610351562,133.60000610351562,1555
2020-06-17,132.0,140.0,128.0,139.60000610351562,139.60000610351562,3175
2020-06-18,128.0,138.0,127.4000015258789,138.0,138.0,400
2020-06-19,138.0,143.60000610351562,138.0,143.60000610351562,143.60000610351562,4360
2020-06-22,143.0,146.0,143.0,146.0,146.0,850
2020-06-23,148.0,148.0,143.0,146.39999389648438,146.39999389648438,185
2020-06-24,144.8000030517578,144.8000030517578,127.0,136.0,136.0,855
2020-06-25,134.0,140.0,125.4000015258789,131.0,131.0,615
2020-06-26,131.0,140.0,128.60000610351562,135.0,135.0,360
2020-06-29,135.0,142.0,117.80000305175781,119.0,119.0,9545
2020-06-30,120.0,124.4000015258789,114.0,114.80000305175781,114.80000305175781,2000
2020-07-01,116.0,124.19999694824219,116.0,124.19999694824219,124.19999694824219,1670
2020-07-02,123.80000305175781,126.80000305175781,119.80000305175781,123.0,123.0,610
2020-07-06,123.0,124.19999694824219,115.80000305175781,123.80000305175781,123.80000305175781,1205
2020-07-07,123.80000305175781,124.5999984741211,121.0,123.4000015258789,123.4000015258789,215
2020-07-08,123.0,123.0,116.19999694824219,119.80000305175781,119.80000305175781,345
2020-07-09,121.80000305175781,123.4000015258789,115.19999694824219,115.19999694824219,115.19999694824219,210
2020-07-10,116.0,120.0,116.0,119.0,119.0,550
2020-07-13,117.0,120.0,113.0,113.5999984741211,113.5999984741211,335
2020-07-14,114.19999694824219,114.19999694824219,105.4000015258789,109.5999984741211,109.5999984741211,490
2020-07-15,110.0,115.80000305175781,109.5999984741211,115.80000305175781,115.80000305175781,845
2020-07-16,116.0,117.0,115.80000305175781,117.0,117.0,385
2020-07-17,116.0,121.4000015258789,116.0,121.4000015258789,121.4000015258789,600
2020-07-20,121.4000015258789,125.80000305175781,121.19999694824219,123.80000305175781,123.80000305175781,4240
2020-07-21,125.4000015258789,137.0,123.80000305175781,132.0,132.0,215
2020-07-22,150.8000030517578,177.60000610351562,149.60000610351562,176.0,176.0,11150
2020-07-23,173.60000610351562,183.8000030517578,170.1999969482422,175.8000030517578,175.8000030517578,3910
2020-07-24,175.8000030517578,182.0,172.0,182.0,182.0,2740
2020-07-27,183.0,184.1999969482422,182.0,184.1999969482422,184.1999969482422,2680
2020-07-28,188.1999969482422,200.1999969482422,184.8000030517578,200.1999969482422,200.1999969482422,4310
2020-07-29,200.60000610351562,200.60000610351562,189.60000610351562,195.60000610351562,195.60000610351562,1160
2020-07-30,196.39999389648438,200.0,193.1999969482422,199.0,199.0,995
2020-07-31,200.39999389648438,204.0,198.39999389648438,204.0,204.0,2700
2020-08-03,209.8000030517578,209.8000030517578,199.0,201.39999389648438,201.39999389648438,1785
2020-08-04,201.0,201.0,198.39999389648438,200.60000610351562,200.60000610351562,1110
2020-08-05,200.8000030517578,200.8000030517578,195.0,195.0,195.0,705
2020-08-06,196.0,196.0,173.0,174.39999389648438,174.39999389648438,1660
2020-08-07,173.0,185.8000030517578,173.0,184.8000030517578,184.8000030517578,525
2020-08-10,185.8000030517578,196.1999969482422,185.39999389648438,194.60000610351562,194.60000610351562,800
2020-08-11,196.0,197.0,193.1999969482422,197.0,197.0,740
2020-08-12,197.0,199.0,194.0,194.1999969482422,194.1999969482422,1050
2020-08-13,188.1999969482422,194.0,186.1999969482422,189.1999969482422,189.1999969482422,470
2020-08-14,192.39999389648438,221.0,192.39999389648438,209.39999389648438,209.39999389648438,4535
2020-08-17,219.0,243.8000030517578,218.39999389648438,243.39999389648438,243.39999389648438,3340
2020-08-18,254.0,254.0,234.1999969482422,240.0,240.0,1235
2020-08-19,239.8000030517578,240.0,222.8000030517578,228.0,228.0,1030
2020-08-20,230.0,238.39999389648438,228.60000610351562,236.0,236.0,670
2020-08-21,237.0,241.39999389648438,231.0,241.39999389648438,241.39999389648438,1500
2020-08-24,242.0,267.0,240.0,263.6000061035156,263.6000061035156,1470
2020-08-25,266.0,276.0,266.0,274.3999938964844,274.3999938964844,2425
2020-08-26,277.20001220703125,294.0,276.0,290.0,290.0,2015
2020-08-27,294.0,294.0,252.8000030517578,259.3999938964844,259.3999938964844,2220
2020-08-28,263.6000061035156,263.6000061035156,205.1999969482422,217.1999969482422,217.1999969482422,3695
2020-08-31,216.0,258.79998779296875,216.0,229.8000030517578,229.8000030517578,1610
2020-09-01,225.0,229.0,218.0,220.0,220.0,1035
2020-09-02,223.0,230.0,220.0,225.0,225.0,1995
2020-09-03,226.0,226.0,220.0,220.60000610351562,220.60000610351562,875
2020-09-04,223.0,255.1999969482422,220.0,234.60000610351562,234.60000610351562,3085
2020-09-08,230.0,263.0,230.0,260.20001220703125,260.20001220703125,1065
2020-09-09,271.6000061035156,280.20001220703125,263.6000061035156,280.0,280.0,1720
2020-09-10,268.0,280.20001220703125,268.0,280.20001220703125,280.20001220703125,1785
2020-09-11,282.79998779296875,284.6000061035156,279.20001220703125,284.6000061035156,284.6000061035156,2650
2020-09-14,284.79998779296875,300.0,283.0,294.0,294.0,2530
2020-09-15,300.6000061035156,332.20001220703125,300.6000061035156,332.0,332.0,4475
2020-09-16,333.0,344.0,328.20001220703125,341.0,341.0,2715
2020-09-17,339.0,369.79998779296875,335.0,363.6000061035156,363.6000061035156,3505
2020-09-18,367.0,370.79998779296875,353.0,361.0,361.0,2830
2020-09-21,361.79998779296875,361.79998779296875,331.6000061035156,340.0,340.0,1495
2020-09-22,342.0,345.79998779296875,330.0,344.0,344.0,1255
2020-09-23,345.79998779296875,345.79998779296875,323.3999938964844,339.0,339.0,555
2020-09-24,321.20001220703125,333.79998779296875,286.20001220703125,297.0,297.0,2160
2020-09-25,297.0,305.3999938964844,297.0,304.0,304.0,530
2020-09-28,297.20001220703125,309.79998779296875,297.0,297.0,297.0,2210
2020-09-29,297.20001220703125,309.79998779296875,290.0,297.0,297.0,875
2020-09-30,290.0,294.0,286.0,290.3999938964844,290.3999938964844,990
2020-10-01,292.0,292.0,241.39999389648438,259.3999938964844,259.3999938964844,2970
2020-10-02,253.0,292.0,253.0,286.3999938964844,286.3999938964844,435
2020-10-05,291.0,311.0,278.0,311.0,311.0,2780
2020-10-06,312.0,319.79998779296875,288.0,289.6000061035156,289.6000061035156,1515
2020-10-07,300.0,300.0,265.6000061035156,272.0,272.0,3010
2020-10-08,271.79998779296875,271.79998779296875,220.0,220.0,220.0,14810
2020-10-09,168.0,199.0,165.0,182.1999969482422,182.1999969482422,59700
2020-10-12,198.0,227.1999969482422,194.0,210.0,210.0,17400
2020-10-13,215.39999389648438,228.0,210.0,217.8000030517578,217.8000030517578,6015
2020-10-14,220.0,256.0,220.0,224.0,224.0,11190
2020-10-15,228.0,228.0,218.60000610351562,225.0,225.0,3350
2020-10-16,225.39999389648438,226.0,214.60000610351562,219.39999389648438,219.39999389648438,3715
2020-10-19,217.0,224.39999389648438,217.0,223.1999969482422,223.1999969482422,3510
2020-10-20,227.60000610351562,230.0,211.0,226.0,226.0,7925
2020-10-21,228.39999389648438,230.60000610351562,218.0,221.0,221.0,3325
2020-10-22,220.0,227.0,220.0,222.1999969482422,222.1999969482422,2860
2020-10-23,225.1999969482422,225.1999969482422,217.0,218.39999389648438,218.39999389648438,2490
2020-10-26,218.39999389648438,222.0,208.0,210.0,210.0,3785
2020-10-27,213.39999389648438,213.39999389648438,205.0,208.1999969482422,208.1999969482422,4215
2020-10-28,208.0,212.8000030517578,203.60000610351562,209.1999969482422,209.1999969482422,2780
2020-10-29,207.60000610351562,209.60000610351562,200.0,204.0,204.0,3435
2020-10-30,204.0,206.0,194.0,202.1999969482422,202.1999969482422,5495
2020-11-02,206.8000030517578,206.8000030517578,194.8000030517578,196.60000610351562,196.60000610351562,3815
2020-11-03,198.0,206.8000030517578,193.0,199.0,199.0,1850
2020-11-04,201.8000030517578,205.0,198.0,205.0,205.0,2255
2020-11-05,207.0,220.0,207.0,218.0,218.0,1225
2020-11-06,219.8000030517578,219.8000030517578,202.8000030517578,207.0,207.0,1625
2020-11-09,229.60000610351562,229.60000610351562,200.60000610351562,206.0,206.0,2680
2020-11-10,207.0,212.0,200.1999969482422,212.0,212.0,1950
2020-11-11,212.8000030517578,222.0,211.39999389648438,220.0,220.0,4445
2020-11-12,222.1999969482422,222.1999969482422,214.39999389648438,218.8000030517578,218.8000030517578,1275
2020-11-13,210.0,226.8000030517578,198.0,207.39999389648438,207.39999389648438,8540
2020-11-16,239.0,239.0,211.1999969482422,215.0,215.0,2530
2020-11-17,215.0,220.8000030517578,205.0,218.39999389648438,218.39999389648438,2470
2020-11-18,218.39999389648438,238.1999969482422,218.39999389648438,231.60000610351562,231.60000610351562,6535
2020-11-19,232.0,261.0,232.0,255.0,255.0,2910
2020-11-20,249.8000030517578,294.6000061035156,245.1999969482422,250.0,250.0,9440
2020-11-23,259.0,272.79998779296875,250.0,256.20001220703125,256.20001220703125,1985
2020-11-24,265.79998779296875,270.3999938964844,260.0,265.0,265.0,2840
2020-11-25,264.79998779296875,268.20001220703125,258.6000061035156,264.20001220703125,264.20001220703125,1445
2020-11-27,266.0,274.6000061035156,261.20001220703125,270.0,270.0,1660
2020-11-30,270.0,270.0,226.8000030517578,242.39999389648438,242.39999389648438,5165
2020-12-01,253.1999969482422,280.0,245.1999969482422,280.0,280.0,3515
2020-12-02,279.0,287.0,270.0,284.0,284.0,2915
2020-12-03,287.3999938964844,338.0,280.0,322.0,322.0,8000
2020-12-04,320.20001220703125,356.20001220703125,320.0,356.20001220703125,356.20001220703125,6285
2020-12-07,356.0,358.0,263.3999938964844,278.20001220703125,278.20001220703125,10175
2020-12-08,278.0,298.3999938964844,272.6000061035156,280.20001220703125,280.20001220703125,3400
2020-12-09,281.0,288.6000061035156,278.0,281.20001220703125,281.20001220703125,3850
2020-12-10,305.0,305.0,280.0,293.0,293.0,4240
2020-12-11,293.0,297.3999938964844,283.20001220703125,290.0,290.0,1625
2020-12-14,291.79998779296875,318.0,289.3999938964844,318.0,318.0,9030
2020-12-15,326.3999938964844,326.3999938964844,304.0,321.3999938964844,321.3999938964844,3495
2020-12-16,322.0,322.0,308.6000061035156,321.0,321.0,5185
2020-12-17,321.0,351.0,321.0,351.0,351.0,8130
2020-12-18,352.20001220703125,380.0,340.0,359.0,359.0,35205
2020-12-21,359.0,379.0,335.20001220703125,373.6000061035156,373.6000061035156,8085
2020-12-22,374.6000061035156,385.6000061035156,361.6000061035156,379.79998779296875,379.79998779296875,11600
2020-12-23,379.79998779296875,394.3999938964844,372.3999938964844,381.79998779296875,381.79998779296875,6885
2020-12-24,377.3999938964844,377.3999938964844,365.0,372.20001220703125,372.20001220703125,1140
2020-12-28,370.20001220703125,373.20001220703125,339.6000061035156,345.0,345.0,4880
2020-12-29,343.3999938964844,360.0,330.0,346.3999938964844,346.3999938964844,4680
2020-12-30,345.0,358.6000061035156,342.79998779296875,350.3999938964844,350.3999938964844,2180
2020-12-31,352.0,360.0,338.0,352.3999938964844,352.3999938964844,4490
2021-01-04,357.6000061035156,357.6000061035156,338.0,342.20001220703125,342.20001220703125,5835
2021-01-05,342.20001220703125,363.6000061035156,342.20001220703125,355.3999938964844,355.3999938964844,2265
2021-01-06,357.0,376.3999938964844,353.20001220703125,369.6000061035156,369.6000061035156,3025
2021-01-07,373.0,373.0,357.79998779296875,364.79998779296875,364.79998779296875,2040
2021-01-08,360.20001220703125,406.3999938964844,359.79998779296875,371.20001220703125,371.20001220703125,12430
2021-01-11,367.20001220703125,367.20001220703125,337.79998779296875,344.6000061035156,344.6000061035156,4555
2021-01-12,346.79998779296875,435.6000061035156,344.0,402.6000061035156,402.6000061035156,17125
2021-01-13,429.3999938964844,493.79998779296875,406.20001220703125,477.6000061035156,477.6000061035156,22300
2021-01-14,507.3999938964844,552.7999877929688,454.6000061035156,499.3999938964844,499.3999938964844,19165
2021-01-15,508.3999938964844,517.7999877929688,445.6000061035156,460.79998779296875,460.79998779296875,10885
2021-01-19,480.20001220703125,520.0,475.0,500.20001220703125,500.20001220703125,15260
2021-01-20,510.0,517.0,475.3999938964844,485.0,485.0,9585
2021-01-21,507.0,509.79998779296875,481.3999938964844,491.0,491.0,8755
2021-01-22,482.3999938964844,506.79998779296875,477.0,495.6000061035156,495.6000061035156,5280
2021-01-25,503.0,504.0,481.20001220703125,504.0,504.0,6280
2021-01-26,504.0,504.0,473.6000061035156,479.79998779296875,479.79998779296875,5735
2021-01-27,468.3999938964844,468.3999938964844,404.0,414.6000061035156,414.6000061035156,12110
2021-01-28,418.20001220703125,485.6000061035156,416.0,434.0,434.0,9470
2021-01-29,440.0,459.6000061035156,406.0,414.0,414.0,8150
2021-02-01,424.6000061035156,445.6000061035156,415.3999938964844,428.0,428.0,4590
2021-02-02,438.0,444.6000061035156,422.6000061035156,443.79998779296875,443.79998779296875,3250
2021-02-03,450.0,470.20001220703125,430.3999938964844,466.0,466.0,4260
2021-02-04,478.6000061035156,491.3999938964844,466.79998779296875,489.0,489.0,3960
2021-02-05,490.0,521.5999755859375,485.0,504.20001220703125,504.20001220703125,9230
2021-02-08,523.2000122070312,537.7999877929688,492.0,519.0,519.0,9575
2021-02-09,520.0,554.0,519.0,554.0,554.0,7030
2021-02-10,560.0,565.0,490.0,501.3999938964844,501.3999938964844,7255
2021-02-11,510.0,523.0,446.6000061035156,471.3999938964844,471.3999938964844,8830
2021-02-12,473.0,489.6000061035156,456.0,463.0,463.0,3720
2021-02-16,469.3999938964844,475.6000061035156,442.0,463.6000061035156,463.6000061035156,6820
2021-02-17,452.20001220703125,483.3999938964844,444.0,455.0,455.0,6875
2021-02-18,441.3999938964844,454.20001220703125,434.20001220703125,437.6000061035156,437.6000061035156,6170
2021-02-19,451.20001220703125,459.3999938964844,430.3999938964844,435.0,435.0,3085
2021-02-22,430.20001220703125,452.6000061035156,416.0,425.6000061035156,425.6000061035156,3910
2021-02-23,415.0,422.79998779296875,380.0,415.6000061035156,415.6000061035156,10435
2021-02-24,414.6000061035156,438.0,391.20001220703125,401.20001220703125,401.20001220703125,5530
2021-02-25,405.6000061035156,419.0,370.20001220703125,375.3999938964844,375.3999938964844,6300
2021-02-26,400.0,545.7999877929688,377.79998779296875,487.6000061035156,487.6000061035156,45895
2021-03-01,493.0,498.3999938964844,437.6000061035156,452.20001220703125,452.20001220703125,12585
2021-03-02,451.79998779296875,485.0,442.0,470.3999938964844,470.3999938964844,6410
2021-03-03,469.6000061035156,469.6000061035156,366.0,371.3999938964844,371.3999938964844,16740
2021-03-04,374.79998779296875,394.0,351.0,367.79998779296875,367.79998779296875,15200
2021-03-05,370.0,389.6000061035156,352.20001220703125,363.20001220703125,363.20001220703125,11855
2021-03-08,360.0,425.0,357.6000061035156,391.0,391.0,9000
2021-03-09,408.20001220703125,430.0,403.79998779296875,413.79998779296875,413.79998779296875,8380
2021-03-10,418.79998779296875,479.0,413.20001220703125,468.79998779296875,468.79998779296875,12465
2021-03-11,473.20001220703125,495.0,414.6000061035156,450.0,450.0,11115
2021-03-12,464.79998779296875,500.0,463.79998779296875,467.20001220703125,467.20001220703125,14955
2021-03-15,468.0,598.0,464.3999938964844,539.5999755859375,539.5999755859375,27085
2021-03-16,540.0,555.4000244140625,506.0,533.4000244140625,533.4000244140625,10485
2021-03-17,523.2000122070312,534.0,494.20001220703125,514.0,514.0,12495
2021-03-18,514.0,520.0,467.3999938964844,469.3999938964844,469.3999938964844,6740
2021-03-19,488.20001220703125,539.4000244140625,471.6000061035156,536.7999877929688,536.7999877929688,27705
2021-03-22,527.0,558.0,521.0,548.7999877929688,548.7999877929688,6875
2021-03-23,541.7999877929688,550.0,518.0,542.4000244140625,542.4000244140625,4205
2021-03-24,567.4000244140625,575.5999755859375,478.20001220703125,480.0,480.0,7700
2021-03-25,476.79998779296875,500.20001220703125,460.0,477.6000061035156,477.6000061035156,6665
2021-03-26,480.0,496.20001220703125,433.3999938964844,461.0,461.0,9860
2021-03-29,459.79998779296875,460.0,410.0,418.79998779296875,418.79998779296875,7235
2021-03-30,418.20001220703125,419.79998779296875,380.20001220703125,393.20001220703125,393.20001220703125,15820
2021-03-31,395.0,511.3999938964844,390.79998779296875,467.3999938964844,467.3999938964844,33725
2021-04-01,477.79998779296875,518.0,463.20001220703125,504.20001220703125,504.20001220703125,17825
2021-04-05,510.20001220703125,549.0,481.6000061035156,533.0,533.0,20555
2021-04-06,532.0,559.7999877929688,505.20001220703125,520.0,520.0,16650
2021-04-07,512.0,570.0,501.20001220703125,544.7999877929688,544.7999877929688,18920
2021-04-08,541.0,572.0,528.7999877929688,554.2000122070312,554.2000122070312,10925
2021-04-09,553.2000122070312,553.2000122070312,511.79998779296875,542.7999877929688,542.7999877929688,22040
2021-04-12,542.5999755859375,542.7999877929688,461.0,474.0,474.0,36125
2021-04-13,500.20001220703125,575.4000244140625,490.0,565.0,565.0,65835
2021-04-14,497.6000061035156,528.5999755859375,470.0,475.0,475.0,70020
2021-04-15,456.20001220703125,457.3999938964844,381.3999938964844,410.6000061035156,410.6000061035156,109005
2021-04-16,407.79998779296875,407.79998779296875,350.3999938964844,369.3999938964844,369.3999938964844,75055
2021-04-19,369.3999938964844,369.3999938964844,310.0,314.3999938964844,314.3999938964844,43885
2021-04-20,310.20001220703125,314.79998779296875,283.20001220703125,284.6000061035156,284.6000061035156,32000
2021-04-21,289.3999938964844,316.3999938964844,285.0,312.6000061035156,312.6000061035156,24850
2021-04-22,317.0,337.79998779296875,311.20001220703125,315.20001220703125,315.20001220703125,25915
2021-04-23,320.0,331.79998779296875,303.0,310.6000061035156,310.6000061035156,18890
2021-04-26,320.0,377.3999938964844,316.20001220703125,359.79998779296875,359.79998779296875,22485
2021-04-27,363.0,375.0,348.0,360.79998779296875,360.79998779296875,18255
2021-04-28,360.0,377.0,352.0,363.3999938964844,363.3999938964844,9170
2021-04-29,364.0,364.0,344.0,353.79998779296875,353.79998779296875,5830
2021-04-30,346.0,368.79998779296875,346.0,366.3999938964844,366.3999938964844,13980
2021-05-03,367.0,368.6000061035156,292.6000061035156,296.0,296.0,21780
2021-05-04,293.20001220703125,299.20001220703125,286.20001220703125,288.0,288.0,15265
2021-05-05,203.1999969482422,219.0,194.39999389648438,205.0,205.0,71765
2021-05-06,199.0,214.8000030517578,176.39999389648438,203.0,203.0,57440
2021-05-07,203.0,221.60000610351562,196.1999969482422,203.60000610351562,203.60000610351562,37430
2021-05-10,204.1999969482422,205.0,183.0,183.1999969482422,183.1999969482422,24270
2021-05-11,183.60000610351562,199.1999969482422,179.60000610351562,198.8000030517578,198.8000030517578,21325
2021-05-12,197.0,214.8000030517578,186.60000610351562,202.0,202.0,22835
2021-05-13,204.0,209.60000610351562,175.1999969482422,177.8000030517578,177.8000030517578,23405
2021-05-14,180.0,233.1999969482422,179.8000030517578,216.8000030517578,216.8000030517578,36560
2021-05-17,211.60000610351562,250.60000610351562,205.60000610351562,246.60000610351562,246.60000610351562,25795
2021-05-18,249.0,262.79998779296875,235.39999389648438,254.1999969482422,254.1999969482422,14290
2021-05-19,248.60000610351562,272.20001220703125,245.0,260.0,260.0,12700
2021-05-20,261.6000061035156,311.3999938964844,260.79998779296875,301.6000061035156,301.6000061035156,23460
2021-05-21,305.0,314.6000061035156,285.20001220703125,298.6000061035156,298.6000061035156,14970
2021-05-24,296.0,303.79998779296875,281.0,298.3999938964844,298.3999938964844,9090
2021-05-25,300.79998779296875,307.6000061035156,284.0,294.0,294.0,13545
2021-05-26,295.0,312.79998779296875,241.0,253.60000610351562,253.60000610351562,40710
2021-05-27,258.20001220703125,294.79998779296875,254.0,280.0,280.0,23240
2021-05-28,282.79998779296875,298.20001220703125,260.20001220703125,297.20001220703125,297.20001220703125,28005
2021-06-01,294.0,306.0,282.0,301.20001220703125,301.20001220703125,5830
2021-06-02,303.3999938964844,367.20001220703125,303.0,364.79998779296875,364.79998779296875,15655
2021-06-03,353.20001220703125,356.3999938964844,326.20001220703125,347.3999938964844,347.3999938964844,8710
2021-06-04,346.0,349.3999938964844,326.79998779296875,328.6000061035156,328.6000061035156,5420
2021-06-07,324.0,328.6000061035156,293.20001220703125,300.0,300.0,18915
2021-06-08,300.3999938964844,344.3999938964844,300.3999938964844,334.0,334.0,10500
2021-06-09,331.6000061035156,337.6000061035156,319.79998779296875,332.79998779296875,332.79998779296875,8445
2021-06-10,326.79998779296875,339.79998779296875,320.6000061035156,330.0,330.0,9015
2021-06-11,326.79998779296875,343.79998779296875,323.0,341.3999938964844,341.3999938964844,13420
2021-06-14,331.3999938964844,342.20001220703125,328.0,340.0,340.0,6690
2021-06-15,339.79998779296875,339.79998779296875,312.3999938964844,316.3999938964844,316.3999938964844,7690
2021-06-16,312.20001220703125,317.79998779296875,303.3999938964844,311.79998779296875,311.79998779296875,4435
2021-06-17,306.20001220703125,318.20001220703125,306.20001220703125,314.20001220703125,314.20001220703125,5295
2021-06-18,309.20001220703125,316.79998779296875,281.6000061035156,283.0,283.0,13760
2021-06-21,281.6000061035156,291.79998779296875,264.79998779296875,267.0,267.0,10185
2021-06-22,264.79998779296875,274.3999938964844,256.0,268.79998779296875,268.79998779296875,4850
2021-06-23,265.3999938964844,282.79998779296875,265.3999938964844,281.3999938964844,281.3999938964844,3990
2021-06-24,278.3999938964844,299.79998779296875,278.3999938964844,296.0,296.0,3075
2021-06-25,293.0,300.0,286.6000061035156,290.0,290.0,9045
2021-06-28,285.20001220703125,303.6000061035156,281.0,302.3999938964844,302.3999938964844,10210
2021-06-29,296.20001220703125,333.3999938964844,295.3999938964844,327.79998779296875,327.79998779296875,5155
2021-06-30,320.79998779296875,327.20001220703125,307.20001220703125,308.20001220703125,308.20001220703125,4615
2021-07-01,304.3999938964844,308.3999938964844,291.20001220703125,296.0,296.0,3275
2021-07-02,287.20001220703125,291.6000061035156,266.3999938964844,268.6000061035156,268.6000061035156,6250
2021-07-06,262.79998779296875,279.0,262.79998779296875,272.20001220703125,272.20001220703125,5530
2021-07-07,273.0,273.0,231.39999389648438,243.1999969482422,243.1999969482422,13385
2021-07-08,238.39999389648438,242.60000610351562,225.39999389648438,234.0,234.0,19085
2021-07-09,232.1999969482422,237.60000610351562,224.0,224.8000030517578,224.8000030517578,5755
2021-07-12,220.1999969482422,221.1999969482422,192.39999389648438,200.39999389648438,200.39999389648438,30675
2021-07-13,196.60000610351562,197.60000610351562,180.0,186.0,186.0,32345
2021-07-14,186.39999389648438,205.60000610351562,177.60000610351562,179.39999389648438,179.39999389648438,30580
2021-07-15,178.60000610351562,190.8000030517578,172.1999969482422,185.8000030517578,185.8000030517578,21385
2021-07-16,186.39999389648438,217.60000610351562,180.1999969482422,200.0,200.0,41925
2021-07-19,193.0,193.0,157.60000610351562,170.0,170.0,32875
2021-07-20,101.19999694824219,101.80000305175781,80.4000015258789,85.19999694824219,85.19999694824219,134275
2021-07-21,81.19999694824219,85.0,77.80000305175781,84.19999694824219,84.19999694824219,39595
2021-07-22,83.4000015258789,87.0,80.4000015258789,82.5999984741211,82.5999984741211,21015
2021-07-23,82.5999984741211,84.4000015258789,76.0,77.4000015258789,77.4000015258789,18685
2021-07-26,75.19999694824219,75.19999694824219,66.5999984741211,67.5999984741211,67.5999984741211,24750
2021-07-27,67.0,145.0,67.0,102.80000305175781,102.80000305175781,3909130
2021-07-28,89.19999694824219,101.80000305175781,86.19999694824219,100.19999694824219,100.19999694824219,301045
2021-07-29,98.4000015258789,110.0,88.5999984741211,89.4000015258789,89.4000015258789,158090
2021-07-30,87.0,94.80000305175781,87.0,90.80000305175781,90.80000305175781,37750
2021-08-02,89.0,90.80000305175781,79.4000015258789,89.80000305175781,89.80000305175781,53360
2021-08-03,88.80000305175781,92.0,83.5999984741211,86.0,86.0,31305
2021-08-04,82.0,94.19999694824219,82.0,85.80000305175781,85.80000305175781,32665
2021-08-05,83.5999984741211,95.0,83.4000015258789,94.0,94.0,42795
2021-08-06,90.4000015258789,96.4000015258789,86.5999984741211,86.80000305175781,86.80000305175781,29620
2021-08-09,86.4000015258789,95.80000305175781,85.19999694824219,92.4000015258789,92.4000015258789,18995
2021-08-10,94.0,95.0,87.0,88.80000305175781,88.80000305175781,13145
2021-08-11,87.80000305175781,92.0,85.19999694824219,91.5999984741211,91.5999984741211,17125
2021-08-12,89.19999694824219,95.0,86.4000015258789,90.5999984741211,90.5999984741211,14640
2021-08-13,86.4000015258789,100.5999984741211,86.4000015258789,93.19999694824219,93.19999694824219,25570
2021-08-16,90.19999694824219,105.5999984741211,90.19999694824219,93.80000305175781,93.80000305175781,42325
2021-08-17,93.80000305175781,96.80000305175781,89.80000305175781,90.5999984741211,90.5999984741211,7390
2021-08-18,91.4000015258789,91.4000015258789,87.5999984741211,89.5999984741211,89.5999984741211,8495
2021-08-19,88.19999694824219,89.5999984741211,83.0,84.0,84.0,12115
2021-08-20,83.0,86.80000305175781,81.5999984741211,83.0,83.0,9815
2021-08-23,83.0,88.4000015258789,82.80000305175781,87.5999984741211,87.5999984741211,11185
2021-08-24,90.19999694824219,95.4000015258789,87.19999694824219,94.0,94.0,24010
2021-08-25,93.0,95.4000015258789,90.5999984741211,95.19999694824219,95.19999694824219,12945
2021-08-26,92.0,94.0,84.5999984741211,87.0,87.0,17390
2021-08-27,87.0,91.4000015258789,86.19999694824219,87.0,87.0,10495
2021-08-30,86.19999694824219,90.0,84.5999984741211,89.0,89.0,8000
2021-08-31,87.19999694824219,91.0,86.80000305175781,90.0,90.0,7600
2021-09-01,89.0,93.80000305175781,88.5999984741211,89.19999694824219,89.19999694824219,7470
2021-09-02,88.19999694824219,94.0,87.19999694824219,91.0,91.0,9625
2021-09-03,90.19999694824219,91.5999984741211,88.0,89.4000015258789,89.4000015258789,5425
2021-09-07,90.0,90.0,86.0,89.4000015258789,89.4000015258789,4065
2021-09-08,88.80000305175781,101.5999984741211,87.19999694824219,100.4000015258789,100.4000015258789,87665
2021-09-09,101.0,102.0,88.80000305175781,91.19999694824219,91.19999694824219,24370
2021-09-10,91.19999694824219,91.5999984741211,85.0,85.19999694824219,85.19999694824219,9730
2021-09-13,85.19999694824219,85.19999694824219,78.80000305175781,81.19999694824219,81.19999694824219,20865
2021-09-14,82.80000305175781,83.4000015258789,80.0,81.0,81.0,10175
2021-09-15,81.5999984741211,84.80000305175781,80.0,83.0,83.0,6360
2021-09-16,83.5999984741211,83.5999984741211,79.5999984741211,80.80000305175781,80.80000305175781,11690
2021-09-17,83.0,86.19999694824219,80.0,86.19999694824219,86.19999694824219,33215
2021-09-20,82.5999984741211,85.5999984741211,79.4000015258789,80.80000305175781,80.80000305175781,8540
2021-09-21,81.4000015258789,85.0,80.19999694824219,81.80000305175781,81.80000305175781,7600
2021-09-22,81.0,83.0,80.4000015258789,81.5999984741211,81.5999984741211,3985
2021-09-23,80.5999984741211,88.19999694824219,80.5999984741211,87.80000305175781,87.80000305175781,9205
2021-09-24,86.80000305175781,90.19999694824219,84.80000305175781,89.4000015258789,89.4000015258789,9190
2021-09-27,88.80000305175781,88.80000305175781,81.0,84.5999984741211,84.5999984741211,24515
2021-09-28,84.5999984741211,85.19999694824219,79.0,79.80000305175781,79.80000305175781,9705
2021-09-29,80.0,81.5999984741211,74.4000015258789,75.19999694824219,75.19999694824219,13285
2021-09-30,76.0,82.0,73.19999694824219,81.19999694824219,81.19999694824219,10910
2021-10-01,81.19999694824219,82.0,75.4000015258789,79.19999694824219,79.19999694824219,6790
2021-10-04,78.80000305175781,80.0,73.4000015258789,74.0,74.0,5700
2021-10-05,75.0,83.0,75.0,78.0,78.0,10965
2021-10-06,77.19999694824219,79.80000305175781,77.0,78.5999984741211,78.5999984741211,2610
2021-10-07,79.80000305175781,82.0,77.4000015258789,78.19999694824219,78.19999694824219,5115
2021-10-08,77.80000305175781,80.0,74.0,74.4000015258789,74.4000015258789,4285
2021-10-11,74.4000015258789,76.4000015258789,72.19999694824219,73.4000015258789,73.4000015258789,2125
2021-10-12,72.4000015258789,73.80000305175781,70.0,70.5999984741211,70.5999984741211,5960
2021-10-13,72.0,76.5999984741211,71.5999984741211,76.19999694824219,76.19999694824219,2945
2021-10-14,78.0,78.80000305175781,72.0,74.4000015258789,74.4000015258789,4095
2021-10-15,74.4000015258789,77.4000015258789,72.80000305175781,73.5999984741211,73.5999984741211,3900
2021-10-18,77.5999984741211,77.5999984741211,72.5999984741211,77.4000015258789,77.4000015258789,4315
2021-10-19,78.0,78.0,74.0,77.19999694824219,77.19999694824219,2650
2021-10-20,76.80000305175781,76.80000305175781,73.19999694824219,75.4000015258789,75.4000015258789,2730
2021-10-21,74.5999984741211,75.5999984741211,71.19999694824219,73.0,73.0,5660
2021-10-22,71.19999694824219,72.80000305175781,70.0,72.5999984741211,72.5999984741211,3870
2021-10-25,72.19999694824219,76.4000015258789,71.5999984741211,75.0,75.0,3920
2021-10-26,76.0,79.5999984741211,74.0,76.19999694824219,76.19999694824219,7920
2021-10-27,74.80000305175781,79.19999694824219,74.5999984741211,76.19999694824219,76.19999694824219,3540
2021-10-28,74.80000305175781,82.0,74.80000305175781,78.80000305175781,78.80000305175781,7410
2021-10-29,77.4000015258789,81.5999984741211,77.19999694824219,78.80000305175781,78.80000305175781,3815
2021-11-01,78.80000305175781,81.80000305175781,76.5999984741211,80.5999984741211,80.5999984741211,3935
2021-11-02,81.5999984741211,87.5999984741211,77.80000305175781,86.80000305175781,86.80000305175781,7210
2021-11-03,86.5999984741211,89.4000015258789,83.5999984741211,89.4000015258789,89.4000015258789,6035
2021-11-04,88.5999984741211,90.19999694824219,77.80000305175781,83.0,83.0,6740
2021-11-05,84.0,84.0,76.19999694824219,77.0,77.0,4560
2021-11-08,77.19999694824219,81.0,73.80000305175781,78.0,78.0,9405
2021-11-09,77.19999694824219,77.5999984741211,72.0,75.0,75.0,8730
2021-11-10,73.80000305175781,78.19999694824219,73.0,74.80000305175781,74.80000305175781,5925
2021-11-11,75.80000305175781,79.5999984741211,73.4000015258789,75.5999984741211,75.5999984741211,11225
2021-11-12,84.0,95.80000305175781,81.0,90.0,90.0,90095
2021-11-15,86.19999694824219,89.0,82.0,86.19999694824219,86.19999694824219,14610
2021-11-16,86.19999694824219,86.19999694824219,77.0,82.19999694824219,82.19999694824219,15775
2021-11-17,80.5999984741211,84.4000015258789,76.0,78.0,78.0,8605
2021-11-18,77.5999984741211,78.80000305175781,73.80000305175781,73.80000305175781,73.80000305175781,10770
2021-11-19,75.80000305175781,77.80000305175781,74.0,76.80000305175781,76.80000305175781,3500
2021-11-22,75.19999694824219,76.0,70.4000015258789,73.0,73.0,10110
2021-11-23,74.0,77.4000015258789,70.80000305175781,76.5999984741211,76.5999984741211,7905
2021-11-24,76.19999694824219,80.80000305175781,75.0,80.80000305175781,80.80000305175781,4600
2021-11-26,80.80000305175781,81.19999694824219,77.0,80.19999694824219,80.19999694824219,2870
2021-11-29,79.5999984741211,81.0,74.80000305175781,79.4000015258789,79.4000015258789,7115
2021-11-30,78.19999694824219,79.0,71.19999694824219,71.19999694824219,71.19999694824219,5135
2021-12-01,73.80000305175781,75.4000015258789,69.19999694824219,69.19999694824219,69.19999694824219,4150
2021-12-02,69.19999694824219,71.19999694824219,61.0,70.0,70.0,9155
2021-12-03,69.5999984741211,70.80000305175781,65.4000015258789,68.19999694824219,68.19999694824219,3480
2021-12-06,68.0,69.19999694824219,65.19999694824219,65.5999984741211,65.5999984741211,6245
2021-12-07,66.19999694824219,75.5999984741211,66.19999694824219,73.5999984741211,73.5999984741211,4795
2021-12-08,72.4000015258789,81.19999694824219,72.4000015258789,80.4000015258789,80.4000015258789,8800
2021-12-09,80.0,81.0,75.19999694824219,80.5999984741211,80.5999984741211,4200
2021-12-10,79.4000015258789,81.4000015258789,77.19999694824219,78.0,78.0,2515
2021-12-13,77.19999694824219,81.19999694824219,76.4000015258789,79.4000015258789,79.4000015258789,4780
2021-12-14,78.5999984741211,84.0,77.0,83.4000015258789,83.4000015258789,6350
2021-12-15,83.0,83.4000015258789,77.80000305175781,81.0,81.0,4695
2021-12-16,81.80000305175781,84.0,79.4000015258789,81.19999694824219,81.19999694824219,5940
2021-12-17,80.5999984741211,83.0,79.19999694824219,80.19999694824219,80.19999694824219,4875
2021-12-20,79.5999984741211,81.19999694824219,78.80000305175781,78.80000305175781,78.80000305175781,2635
2021-12-21,80.0,81.19999694824219,77.0,77.0,77.0,4940
2021-12-22,78.0,81.80000305175781,78.0,80.19999694824219,80.19999694824219,4710
2021-12-23,79.80000305175781,80.5999984741211,75.4000015258789,77.80000305175781,77.80000305175781,5270
2021-12-27,77.80000305175781,80.0,72.0,73.19999694824219,73.19999694824219,6840
2021-12-28,72.80000305175781,76.0,70.5999984741211,70.5999984741211,70.5999984741211,6375
2021-12-29,70.19999694824219,72.19999694824219,68.0,71.19999694824219,71.19999694824219,5080
2021-12-30,70.19999694824219,72.80000305175781,69.5999984741211,71.5999984741211,71.5999984741211,6400
2021-12-31,70.4000015258789,73.0,68.5999984741211,68.80000305175781,68.80000305175781,7325
2022-01-03,69.0,76.4000015258789,69.0,76.19999694824219,76.19999694824219,2295
2022-01-04,76.19999694824219,78.0,73.5999984741211,75.0,75.0,1720
2022-01-05,75.4000015258789,76.5999984741211,69.80000305175781,70.19999694824219,70.19999694824219,2850
2022-01-06,69.0,70.80000305175781,66.5999984741211,69.19999694824219,69.19999694824219,3710
2022-01-07,69.19999694824219,71.5999984741211,67.0,68.0,68.0,2455
2022-01-10,67.5999984741211,74.0,66.5999984741211,72.5999984741211,72.5999984741211,3700
2022-01-11,73.0,78.19999694824219,70.80000305175781,76.80000305175781,76.80000305175781,3260
2022-01-12,76.4000015258789,77.19999694824219,72.5999984741211,73.19999694824219,73.19999694824219,2665
2022-01-13,74.19999694824219,75.80000305175781,72.0,72.80000305175781,72.80000305175781,2525
2022-01-14,73.19999694824219,74.80000305175781,70.80000305175781,72.0,72.0,1570
2022-01-18,70.19999694824219,71.5999984741211,66.5999984741211,68.0,68.0,3705
2022-01-19,68.80000305175781,73.80000305175781,68.19999694824219,73.80000305175781,73.80000305175781,3215
2022-01-20,73.80000305175781,80.5999984741211,73.4000015258789,76.19999694824219,76.19999694824219,5420
2022-01-21,74.19999694824219,78.80000305175781,72.19999694824219,77.0,77.0,3975
2022-01-24,78.0,78.0,68.0,72.4000015258789,72.4000015258789,4670
2022-01-25,76.0,76.5999984741211,70.4000015258789,73.4000015258789,73.4000015258789,1930
2022-01-26,73.80000305175781,73.80000305175781,67.19999694824219,67.4000015258789,67.4000015258789,2205
2022-01-27,69.0,69.4000015258789,57.400001525878906,58.20000076293945,58.20000076293945,6825
2022-01-28,56.79999923706055,59.20000076293945,56.79999923706055,58.79999923706055,58.79999923706055,2675
2022-01-31,60.20000076293945,67.5999984741211,58.599998474121094,66.4000015258789,66.4000015258789,3900
2022-02-01,67.19999694824219,71.80000305175781,65.19999694824219,71.80000305175781,71.80000305175781,1575
2022-02-02,71.80000305175781,71.80000305175781,65.4000015258789,66.19999694824219,66.19999694824219,750
2022-02-03,64.80000305175781,67.0,63.400001525878906,65.5999984741211,65.5999984741211,1615
2022-02-04,66.0,70.80000305175781,61.599998474121094,68.80000305175781,68.80000305175781,2620
2022-02-07,69.4000015258789,74.0,68.5999984741211,72.80000305175781,72.80000305175781,2080
2022-02-08,73.19999694824219,75.0,70.0,74.0,74.0,970
2022-02-09,74.4000015258789,77.80000305175781,65.5999984741211,68.5999984741211,68.5999984741211,14005
2022-02-10,67.0,73.19999694824219,67.0,72.0,72.0,1495
2022-02-11,72.0,74.0,69.0,72.80000305175781,72.80000305175781,3080
2022-02-14,71.80000305175781,74.80000305175781,69.5999984741211,71.0,71.0,1580
2022-02-15,71.80000305175781,78.19999694824219,71.19999694824219,77.5999984741211,77.5999984741211,4565
2022-02-16,76.0,77.4000015258789,72.80000305175781,73.5999984741211,73.5999984741211,2355
2022-02-17,71.80000305175781,73.5999984741211,68.80000305175781,68.80000305175781,68.80000305175781,1415
2022-02-18,71.80000305175781,72.0,66.0,69.80000305175781,69.80000305175781,2305
2022-02-22,70.5999984741211,73.5999984741211,65.80000305175781,65.80000305175781,65.80000305175781,1755
2022-02-23,65.80000305175781,66.5999984741211,60.0,60.400001525878906,60.400001525878906,5030
2022-02-24,59.20000076293945,79.19999694824219,57.400001525878906,75.0,75.0,86150
2022-02-25,75.0,83.19999694824219,65.4000015258789,70.5999984741211,70.5999984741211,67330
2022-02-28,70.4000015258789,72.0,66.80000305175781,71.5999984741211,71.5999984741211,7555
2022-03-01,70.0,78.5999984741211,69.80000305175781,78.19999694824219,78.19999694824219,14195
2022-03-02,79.4000015258789,79.5999984741211,73.4000015258789,78.0,78.0,7215
2022-03-03,77.4000015258789,79.4000015258789,73.5999984741211,75.5999984741211,75.5999984741211,6375
2022-03-04,74.0,75.0,68.0,68.80000305175781,68.80000305175781,6750
2022-03-07,68.0,73.5999984741211,66.19999694824219,70.19999694824219,70.19999694824219,7765
2022-03-08,69.80000305175781,82.19999694824219,66.19999694824219,75.80000305175781,75.80000305175781,63965
2022-03-09,74.0,74.0,57.599998474121094,59.79999923706055,59.79999923706055,91810
2022-03-10,61.599998474121094,63.79999923706055,59.0,61.599998474121094,61.599998474121094,34640
2022-03-11,61.20000076293945,62.0,57.400001525878906,59.20000076293945,59.20000076293945,18945
2022-03-14,60.79999923706055,60.79999923706055,37.0,39.400001525878906,39.400001525878906,51155
2022-03-15,40.20000076293945,41.20000076293945,36.0,40.0,40.0,16820
2022-03-16,40.0,46.0,40.0,44.599998474121094,44.599998474121094,6760
2022-03-17,42.79999923706055,50.79999923706055,42.400001525878906,47.0,47.0,9380
2022-03-18,48.0,52.79999923706055,46.0,50.400001525878906,50.400001525878906,15115
2022-03-21,49.79999923706055,56.599998474121094,48.0,51.79999923706055,51.79999923706055,38710
2022-03-22,56.599998474121094,58.20000076293945,50.20000076293945,52.79999923706055,52.79999923706055,13625
2022-03-23,51.400001525878906,57.0,50.20000076293945,56.400001525878906,56.400001525878906,6980
2022-03-24,56.0,56.0,52.0,54.79999923706055,54.79999923706055,4215
2022-03-25,55.599998474121094,57.400001525878906,50.20000076293945,51.79999923706055,51.79999923706055,3785
2022-03-28,51.599998474121094,53.599998474121094,48.0,50.20000076293945,50.20000076293945,2945
2022-03-29,49.20000076293945,51.400001525878906,46.20000076293945,46.79999923706055,46.79999923706055,4385
2022-03-30,46.79999923706055,50.79999923706055,46.599998474121094,50.0,50.0,3985
2022-03-31,51.20000076293945,51.79999923706055,48.0,49.599998474121094,49.599998474121094,3510
2022-04-01,50.400001525878906,50.79999923706055,47.599998474121094,49.20000076293945,49.20000076293945,1650
2022-04-04,47.599998474121094,51.0,47.599998474121094,50.0,50.0,1290
2022-04-05,48.400001525878906,50.79999923706055,45.20000076293945,48.0,48.0,4625
2022-04-06,48.0,50.0,44.79999923706055,45.599998474121094,45.599998474121094,2700
2022-04-07,46.400001525878906,46.400001525878906,41.20000076293945,42.0,42.0,3370
2022-04-08,41.599998474121094,43.400001525878906,41.599998474121094,43.20000076293945,43.20000076293945,1640
2022-04-11,42.0,44.0,42.0,43.599998474121094,43.599998474121094,830
2022-04-12,45.599998474121094,45.599998474121094,43.400001525878906,43.400001525878906,43.400001525878906,1075
2022-04-13,42.20000076293945,43.599998474121094,42.0,43.0,43.0,1170
2022-04-14,42.20000076293945,44.20000076293945,42.0,42.400001525878906,42.400001525878906,1140
2022-04-18,41.20000076293945,42.0,40.599998474121094,41.20000076293945,41.20000076293945,2390
2022-04-19,40.79999923706055,42.599998474121094,40.79999923706055,41.599998474121094,41.599998474121094,2560
2022-04-20,41.0,43.599998474121094,41.0,42.20000076293945,42.20000076293945,1860
2022-04-21,43.0,43.0,38.400001525878906,40.400001525878906,40.400001525878906,4060
2022-04-22,39.400001525878906,40.79999923706055,37.20000076293945,38.0,38.0,1640
2022-04-25,37.79999923706055,38.79999923706055,36.0,36.20000076293945,36.20000076293945,2105
2022-04-26,36.0,38.79999923706055,34.79999923706055,37.79999923706055,37.79999923706055,2335
2022-04-27,39.400001525878906,42.20000076293945,38.400001525878906,41.0,41.0,2110
2022-04-28,39.79999923706055,41.20000076293945,38.400001525878906,41.0,41.0,1480
2022-04-29,41.400001525878906,42.79999923706055,40.400001525878906,42.79999923706055,42.79999923706055,845
2022-05-02,43.20000076293945,47.79999923706055,41.79999923706055,44.599998474121094,44.599998474121094,1805
2022-05-03,44.0,47.400001525878906,42.599998474121094,45.0,45.0,1660
2022-05-04,46.0,47.0,44.79999923706055,46.20000076293945,46.20000076293945,535
2022-05-05,46.400001525878906,46.400001525878906,43.400001525878906,43.79999923706055,43.79999923706055,1475
2022-05-06,44.400001525878906,45.79999923706055,41.79999923706055,43.79999923706055,43.79999923706055,770
2022-05-09,42.599998474121094,43.400001525878906,40.0,40.0,40.0,1390
2022-05-10,42.599998474121094,43.79999923706055,39.0,40.79999923706055,40.79999923706055,1015
2022-05-11,38.79999923706055,45.79999923706055,38.79999923706055,43.20000076293945,43.20000076293945,2625
2022-05-12,40.20000076293945,43.79999923706055,38.400001525878906,40.0,40.0,3890
2022-05-13,38.400001525878906,48.79999923706055,35.400001525878906,47.599998474121094,47.599998474121094,16555
2022-05-16,47.0,54.0,46.599998474121094,53.0,53.0,4095
2022-05-17,54.0,58.0,51.79999923706055,55.20000076293945,55.20000076293945,3250
2022-05-18,57.0,57.0,43.0,56.0,56.0,5225
2022-05-19,55.79999923706055,55.79999923706055,50.79999923706055,51.599998474121094,51.599998474121094,395
2022-05-20,51.599998474121094,51.599998474121094,46.599998474121094,49.79999923706055,49.79999923706055,1205
2022-05-23,48.79999923706055,52.599998474121094,47.0,51.79999923706055,51.79999923706055,1585
2022-05-24,50.400001525878906,55.400001525878906,50.0,53.20000076293945,53.20000076293945,1715
2022-05-25,50.599998474121094,58.0,50.599998474121094,55.400001525878906,55.400001525878906,2080
2022-05-26,57.599998474121094,61.0,57.20000076293945,60.400001525878906,60.400001525878906,1090
2022-05-27,61.599998474121094,64.5999984741211,60.20000076293945,64.5999984741211,64.5999984741211,1965
2022-05-31,64.4000015258789,64.5999984741211,51.20000076293945,51.20000076293945,51.20000076293945,7960
2022-06-01,49.20000076293945,58.0,49.20000076293945,56.400001525878906,56.400001525878906,1940
2022-06-02,56.400001525878906,68.0,56.20000076293945,65.0,65.0,6405
2022-06-03,67.80000305175781,67.80000305175781,59.0,63.599998474121094,63.599998474121094,2760
2022-06-06,62.20000076293945,66.80000305175781,60.599998474121094,65.5999984741211,65.5999984741211,3780
2022-06-07,64.19999694824219,70.0,64.19999694824219,69.5999984741211,69.5999984741211,2840
2022-06-08,68.19999694824219,76.80000305175781,68.19999694824219,74.5999984741211,74.5999984741211,4530
2022-06-09,75.0,78.0,74.0,75.5999984741211,75.5999984741211,5390
2022-06-10,74.80000305175781,78.5999984741211,70.19999694824219,73.4000015258789,73.4000015258789,3040
2022-06-13,72.5999984741211,72.5999984741211,68.80000305175781,72.5999984741211,72.5999984741211,3915
2022-06-14,72.0,75.5999984741211,70.0,75.0,75.0,3855
2022-06-15,75.0,76.19999694824219,73.19999694824219,74.5999984741211,74.5999984741211,1675
2022-06-16,72.19999694824219,79.19999694824219,72.19999694824219,76.80000305175781,76.80000305175781,3875
2022-06-17,77.80000305175781,79.4000015258789,75.5999984741211,77.80000305175781,77.80000305175781,4095
2022-06-21,77.80000305175781,78.0,73.4000015258789,75.5999984741211,75.5999984741211,4020
2022-06-22,73.19999694824219,78.80000305175781,73.19999694824219,74.19999694824219,74.19999694824219,2605
2022-06-23,75.4000015258789,78.4000015258789,74.5999984741211,76.80000305175781,76.80000305175781,1605
2022-06-24,78.80000305175781,78.80000305175781,76.19999694824219,76.5999984741211,76.5999984741211,1585
2022-06-27,75.5999984741211,77.4000015258789,74.0,76.5999984741211,76.5999984741211,945
2022-06-28,77.0,79.4000015258789,76.5999984741211,78.4000015258789,78.4000015258789,1785
2022-06-29,79.19999694824219,80.0,76.0,79.4000015258789,79.4000015258789,5840
2022-06-30,78.0,79.4000015258789,75.19999694824219,78.19999694824219,78.19999694824219,1870
2022-07-01,76.80000305175781,78.4000015258789,75.0,76.80000305175781,76.80000305175781,1215
2022-07-05,77.4000015258789,79.4000015258789,76.19999694824219,79.4000015258789,79.4000015258789,585
2022-07-06,79.0,79.0,75.4000015258789,75.4000015258789,75.4000015258789,620
2022-07-07,75.19999694824219,78.19999694824219,75.19999694824219,75.80000305175781,75.80000305175781,1115
2022-07-08,76.0,78.80000305175781,76.0,77.5999984741211,77.5999984741211,1415
2022-07-11,77.4000015258789,83.80000305175781,77.4000015258789,83.80000305175781,83.80000305175781,1675
2022-07-12,85.80000305175781,109.4000015258789,84.5999984741211,86.5999984741211,86.5999984741211,11370
2022-07-13,82.4000015258789,86.0,82.4000015258789,84.4000015258789,84.4000015258789,2600
2022-07-14,82.5999984741211,83.5999984741211,75.19999694824219,77.0,77.0,1650
2022-07-15,77.0,84.0,74.5999984741211,76.0,76.0,2510
2022-07-18,77.5999984741211,79.0,72.4000015258789,76.5999984741211,76.5999984741211,1195
2022-07-19,75.19999694824219,78.19999694824219,75.19999694824219,76.19999694824219,76.19999694824219,945
2022-07-20,80.4000015258789,80.4000015258789,75.5999984741211,76.19999694824219,76.19999694824219,715
2022-07-21,76.19999694824219,78.4000015258789,75.19999694824219,78.0,78.0,565
2022-07-22,77.80000305175781,77.80000305175781,75.0,75.19999694824219,75.19999694824219,525
2022-07-25,78.19999694824219,78.19999694824219,75.0,75.0,75.0,985
2022-07-26,75.4000015258789,76.4000015258789,75.19999694824219,75.4000015258789,75.4000015258789,435
2022-07-27,78.80000305175781,78.80000305175781,76.19999694824219,77.5999984741211,77.5999984741211,740
2022-07-28,76.80000305175781,78.80000305175781,76.80000305175781,77.80000305175781,77.80000305175781,3420
2022-07-29,77.80000305175781,79.80000305175781,77.80000305175781,79.4000015258789,79.4000015258789,1335
2022-08-01,78.19999694824219,79.4000015258789,77.4000015258789,77.4000015258789,77.4000015258789,915
2022-08-02,78.0,79.80000305175781,77.0,77.4000015258789,77.4000015258789,1510
2022-08-03,78.0,87.5999984741211,77.19999694824219,85.80000305175781,85.80000305175781,1915
2022-08-04,86.19999694824219,98.80000305175781,86.19999694824219,97.4000015258789,97.4000015258789,3400
2022-08-05,87.80000305175781,93.19999694824219,76.80000305175781,78.80000305175781,78.80000305175781,4245
2022-08-08,78.19999694824219,85.0,78.19999694824219,83.0,83.0,2055
2022-08-09,87.19999694824219,90.0,84.0,88.80000305175781,88.80000305175781,2755
2022-08-10,89.4000015258789,95.0,84.19999694824219,86.0,86.0,3960
2022-08-11,85.19999694824219,86.0,80.0,80.0,80.0,1915
2022-08-12,80.0,84.0,79.19999694824219,84.0,84.0,3245
2022-08-15,83.80000305175781,83.80000305175781,80.5999984741211,81.19999694824219,81.19999694824219,780
2022-08-16,80.5999984741211,82.80000305175781,80.19999694824219,82.0,82.0,3230
2022-08-17,80.19999694824219,85.19999694824219,80.19999694824219,84.4000015258789,84.4000015258789,1100
2022-08-18,84.80000305175781,87.4000015258789,80.5999984741211,83.19999694824219,83.19999694824219,3815
2022-08-19,83.19999694824219,83.5999984741211,80.19999694824219,82.4000015258789,82.4000015258789,355
2022-08-22,80.0,89.80000305175781,80.0,88.5999984741211,88.5999984741211,1125
2022-08-23,89.19999694824219,95.0,86.0,91.0,91.0,1760
2022-08-24,89.0,92.5999984741211,85.0,86.0,86.0,2445
2022-08-25,85.19999694824219,86.4000015258789,79.0,79.0,79.0,2950
2022-08-26,81.80000305175781,83.19999694824219,80.80000305175781,82.0,82.0,1445
2022-08-29,87.4000015258789,87.4000015258789,81.19999694824219,86.19999694824219,86.19999694824219,1455
2022-08-30,86.19999694824219,87.4000015258789,82.4000015258789,84.5999984741211,84.5999984741211,875
2022-08-31,83.5999984741211,85.5999984741211,74.4000015258789,81.4000015258789,81.4000015258789,2655
2022-09-01,80.0,80.0,75.0,77.0,77.0,1105
2022-09-02,80.0,80.0,76.80000305175781,80.0,80.0,295
2022-09-06,78.5999984741211,82.4000015258789,78.5999984741211,81.80000305175781,81.80000305175781,615
2022-09-07,81.19999694824219,85.5999984741211,78.80000305175781,85.5999984741211,85.5999984741211,480
2022-09-08,84.4000015258789,86.0,80.19999694824219,85.5999984741211,85.5999984741211,1030
2022-09-09,84.5999984741211,88.0,79.0,83.4000015258789,83.4000015258789,2910
2022-09-12,80.5999984741211,85.5999984741211,80.0,82.4000015258789,82.4000015258789,3275
2022-09-13,84.0,92.4000015258789,83.4000015258789,88.80000305175781,88.80000305175781,2110
2022-09-14,87.5999984741211,90.0,87.5999984741211,87.80000305175781,87.80000305175781,2540
2022-09-15,88.5999984741211,89.19999694824219,85.80000305175781,87.5999984741211,87.5999984741211,585
2022-09-16,86.0,101.0,83.4000015258789,100.19999694824219,100.19999694824219,14715
2022-09-19,96.19999694824219,96.5999984741211,86.19999694824219,87.0,87.0,4820
2022-09-20,83.19999694824219,86.4000015258789,83.19999694824219,84.4000015258789,84.4000015258789,665
2022-09-21,85.5999984741211,88.80000305175781,85.19999694824219,88.80000305175781,88.80000305175781,620
2022-09-22,91.5999984741211,91.5999984741211,86.4000015258789,90.0,90.0,710
2022-09-23,90.0,90.0,83.80000305175781,84.80000305175781,84.80000305175781,1415
2022-09-26,83.0,85.5999984741211,80.4000015258789,83.4000015258789,83.4000015258789,580
2022-09-27,83.19999694824219,86.4000015258789,82.5999984741211,84.4000015258789,84.4000015258789,675
2022-09-28,83.19999694824219,98.0,82.0,97.5999984741211,97.5999984741211,2430
2022-09-29,98.5999984741211,100.0,94.4000015258789,98.5999984741211,98.5999984741211,440
2022-09-30,98.19999694824219,101.19999694824219,96.4000015258789,96.4000015258789,96.4000015258789,1455
2022-10-03,96.0,97.80000305175781,93.5999984741211,94.5999984741211,94.5999984741211,1825
2022-10-04,96.80000305175781,100.0,95.5999984741211,98.4000015258789,98.4000015258789,865
2022-10-05,99.0,103.0,98.0,98.19999694824219,98.19999694824219,730
2022-10-06,98.19999694824219,110.0,96.19999694824219,108.80000305175781,108.80000305175781,2190
2022-10-07,105.5999984741211,109.5999984741211,103.19999694824219,106.5999984741211,106.5999984741211,1385
2022-10-10,106.0,112.19999694824219,106.0,110.5999984741211,110.5999984741211,1360
2022-10-11,115.4000015258789,115.4000015258789,94.0,94.5999984741211,94.5999984741211,2325
2022-10-12,94.19999694824219,99.19999694824219,94.19999694824219,96.4000015258789,96.4000015258789,890
2022-10-13,95.80000305175781,99.80000305175781,95.19999694824219,99.0,99.0,5470
2022-10-14,97.19999694824219,109.0,97.19999694824219,102.19999694824219,102.19999694824219,2830
2022-10-17,106.80000305175781,106.80000305175781,95.5999984741211,104.19999694824219,104.19999694824219,2775
2022-10-18,105.19999694824219,105.19999694824219,99.19999694824219,104.80000305175781,104.80000305175781,1635
2022-10-19,102.19999694824219,105.80000305175781,98.80000305175781,103.19999694824219,103.19999694824219,1065
2022-10-20,103.19999694824219,104.80000305175781,100.0,100.0,100.0,515
2022-10-21,97.19999694824219,103.80000305175781,96.5999984741211,103.4000015258789,103.4000015258789,1075
2022-10-24,105.80000305175781,106.80000305175781,101.80000305175781,103.5999984741211,103.5999984741211,2175
2022-10-25,103.4000015258789,103.80000305175781,99.19999694824219,102.4000015258789,102.4000015258789,1440
2022-10-26,102.4000015258789,102.4000015258789,96.5999984741211,99.5999984741211,99.5999984741211,1135
2022-10-27,99.0,101.0,99.0,100.19999694824219,100.19999694824219,1170
2022-10-28,98.4000015258789,102.4000015258789,98.4000015258789,102.0,102.0,1115
2022-10-31,100.4000015258789,102.0,98.80000305175781,99.5999984741211,99.5999984741211,2715
2022-11-01,100.0,102.0,98.4000015258789,98.80000305175781,98.80000305175781,1420
2022-11-02,99.80000305175781,99.80000305175781,94.4000015258789,94.4000015258789,94.4000015258789,390
2022-11-03,93.5999984741211,95.19999694824219,89.19999694824219,90.0,90.0,1180
2022-11-04,89.4000015258789,91.80000305175781,87.19999694824219,89.80000305175781,89.80000305175781,1880
2022-11-07,89.0,89.0,82.0,83.4000015258789,83.4000015258789,1560
2022-11-08,84.0,84.0,74.4000015258789,74.5999984741211,74.5999984741211,2505
2022-11-09,74.4000015258789,74.5999984741211,62.400001525878906,62.400001525878906,62.400001525878906,3035
2022-11-10,63.20000076293945,69.0,62.599998474121094,69.0,69.0,670
2022-11-11,68.19999694824219,72.80000305175781,68.19999694824219,69.80000305175781,69.80000305175781,945
2022-11-14,65.5999984741211,67.0,62.599998474121094,63.0,63.0,1635
2022-11-15,62.400001525878906,72.19999694824219,62.400001525878906,70.5999984741211,70.5999984741211,1155
2022-11-16,69.0,70.80000305175781,64.0,67.80000305175781,67.80000305175781,740
2022-11-17,67.19999694824219,68.0,66.0,68.0,68.0,155
2022-11-18,67.80000305175781,67.80000305175781,61.79999923706055,63.79999923706055,63.79999923706055,760
2022-11-21,66.0,66.0,62.599998474121094,63.0,63.0,625
2022-11-22,63.400001525878906,64.5999984741211,62.20000076293945,62.79999923706055,62.79999923706055,620
2022-11-23,64.0,66.0,63.20000076293945,66.0,66.0,645
2022-11-25,65.5999984741211,68.80000305175781,65.5999984741211,68.80000305175781,68.80000305175781,130
2022-11-28,68.0,68.0,64.80000305175781,67.0,67.0,790
2022-11-29,64.80000305175781,67.0,57.79999923706055,60.599998474121094,60.599998474121094,3415
2022-11-30,60.0,61.599998474121094,58.0,61.400001525878906,61.400001525878906,1495
2022-12-01,60.0,61.400001525878906,57.79999923706055,60.400001525878906,60.400001525878906,850
2022-12-02,60.20000076293945,60.20000076293945,59.20000076293945,59.79999923706055,59.79999923706055,270
2022-12-05,60.400001525878906,71.0,59.20000076293945,71.0,71.0,3110
2022-12-06,71.4000015258789,74.0,69.80000305175781,71.4000015258789,71.4000015258789,805
2022-12-07,73.5999984741211,81.4000015258789,71.5999984741211,79.0,79.0,2095
2022-12-08,80.0,80.0,75.5999984741211,78.4000015258789,78.4000015258789,1575
2022-12-09,76.19999694824219,79.0,75.0,75.5999984741211,75.5999984741211,805
2022-12-12,75.4000015258789,76.5999984741211,70.19999694824219,76.5999984741211,76.5999984741211,380
2022-12-13,76.80000305175781,81.5999984741211,72.19999694824219,74.0,74.0,1185
2022-12-14,72.0,73.19999694824219,67.80000305175781,69.0,69.0,440
2022-12-15,68.80000305175781,71.80000305175781,68.80000305175781,69.0,69.0,865
2022-12-16,68.80000305175781,70.80000305175781,64.80000305175781,64.80000305175781,64.80000305175781,915
2022-12-19,63.0,70.5999984741211,62.20000076293945,64.4000015258789,64.4000015258789,1255
2022-12-20,62.79999923706055,64.19999694824219,54.0,56.0,56.0,2575
2022-12-21,55.599998474121094,66.19999694824219,55.599998474121094,59.0,59.0,1595
2022-12-22,56.400001525878906,61.0,54.400001525878906,56.0,56.0,1570
2022-12-23,55.20000076293945,62.0,55.20000076293945,56.599998474121094,56.599998474121094,1490
2022-12-27,56.20000076293945,58.79999923706055,55.20000076293945,55.79999923706055,55.79999923706055,1550
2022-12-28,58.20000076293945,58.20000076293945,49.79999923706055,50.20000076293945,50.20000076293945,3805
2022-12-29,50.599998474121094,56.79999923706055,50.599998474121094,53.400001525878906,53.400001525878906,1010
2022-12-30,52.400001525878906,65.0,52.20000076293945,63.20000076293945,63.20000076293945,2000
2023-01-03,65.19999694824219,65.19999694824219,59.0,63.79999923706055,63.79999923706055,185
2023-01-04,60.400001525878906,66.0,60.20000076293945,66.0,66.0,720
2023-01-05,63.599998474121094,66.19999694824219,59.599998474121094,61.79999923706055,61.79999923706055,750
2023-01-06,62.0,63.79999923706055,61.400001525878906,62.599998474121094,62.599998474121094,2445
2023-01-09,58.599998474121094,63.0,57.79999923706055,61.20000076293945,61.20000076293945,605
2023-01-10,61.0,62.599998474121094,61.0,62.599998474121094,62.599998474121094,210
2023-01-11,63.0,63.0,58.400001525878906,58.400001525878906,58.400001525878906,495
2023-01-12,59.599998474121094,61.0,58.400001525878906,59.0,59.0,885
2023-01-13,60.20000076293945,61.20000076293945,56.599998474121094,58.20000076293945,58.20000076293945,1495
2023-01-17,60.0,60.0,55.79999923706055,57.79999923706055,57.79999923706055,1250
2023-01-18,61.0,61.0,55.599998474121094,55.599998474121094,55.599998474121094,805
2023-01-19,56.0,56.0,53.79999923706055,53.79999923706055,53.79999923706055,1090
2023-01-20,55.20000076293945,57.599998474121094,55.20000076293945,57.20000076293945,57.20000076293945,285
2023-01-23,57.400001525878906,58.20000076293945,55.79999923706055,58.20000076293945,58.20000076293945,340
2023-01-24,58.79999923706055,63.599998474121094,54.79999923706055,63.599998474121094,63.599998474121094,545
2023-01-25,62.79999923706055,65.0,62.79999923706055,65.0,65.0,250
2023-01-26,67.19999694824219,75.0,67.19999694824219,75.0,75.0,1670
2023-01-27,75.4000015258789,79.19999694824219,73.80000305175781,78.0,78.0,1115
2023-01-30,75.80000305175781,77.19999694824219,68.80000305175781,70.5999984741211,70.5999984741211,895
2023-01-31,74.80000305175781,74.80000305175781,70.0,70.80000305175781,70.80000305175781,1850
2023-02-01,70.80000305175781,72.0,70.5999984741211,70.5999984741211,70.5999984741211,3630
2023-02-02,73.4000015258789,73.5999984741211,69.0,69.80000305175781,69.80000305175781,910
2023-02-03,69.5999984741211,71.4000015258789,68.19999694824219,69.5999984741211,69.5999984741211,1020
2023-02-06,65.80000305175781,69.0,63.20000076293945,64.0,64.0,1420
2023-02-07,61.0,63.0,57.79999923706055,61.0,61.0,1035
2023-02-08,59.0,61.79999923706055,58.400001525878906,58.79999923706055,58.79999923706055,700
2023-02-09,61.79999923706055,62.400001525878906,58.79999923706055,62.400001525878906,62.400001525878906,640
2023-02-10,61.0,61.0,58.400001525878906,59.599998474121094,59.599998474121094,475
2023-02-13,60.0,60.20000076293945,56.79999923706055,56.79999923706055,56.79999923706055,635
2023-02-14,56.20000076293945,57.599998474121094,55.0,56.20000076293945,56.20000076293945,935
2023-02-15,56.20000076293945,56.20000076293945,54.599998474121094,55.20000076293945,55.20000076293945,300
2023-02-16,54.400001525878906,56.79999923706055,54.400001525878906,55.79999923706055,55.79999923706055,815
2023-02-17,55.0,56.400001525878906,55.0,55.400001525878906,55.400001525878906,425
2023-02-21,54.0,55.599998474121094,51.400001525878906,51.599998474121094,51.599998474121094,945
2023-02-22,50.79999923706055,52.79999923706055,50.20000076293945,50.20000076293945,50.20000076293945,700
2023-02-23,52.0,52.0,49.0,49.0,49.0,325
2023-02-24,49.0,49.0,44.400001525878906,44.599998474121094,44.599998474121094,1950
2023-02-27,45.400001525878906,47.0,42.20000076293945,44.400001525878906,44.400001525878906,2195
2023-02-28,44.0,48.599998474121094,42.400001525878906,48.400001525878906,48.400001525878906,840
2023-03-01,48.79999923706055,48.79999923706055,44.20000076293945,45.79999923706055,45.79999923706055,1005
2023-03-02,44.79999923706055,45.0,43.79999923706055,44.79999923706055,44.79999923706055,290
2023-03-03,42.599998474121094,46.0,42.599998474121094,44.20000076293945,44.20000076293945,1715
2023-03-06,43.79999923706055,45.0,42.599998474121094,44.79999923706055,44.79999923706055,1525
2023-03-07,31.399999618530273,35.400001525878906,29.0,30.600000381469727,30.600000381469727,14735
2023-03-08,30.799999237060547,30.799999237060547,25.0,25.600000381469727,25.600000381469727,4150
2023-03-09,25.0,28.200000762939453,25.0,26.799999237060547,26.799999237060547,7990
2023-03-10,27.200000762939453,27.200000762939453,26.0,26.399999618530273,26.399999618530273,680
2023-03-13,27.799999237060547,27.799999237060547,26.200000762939453,26.600000381469727,26.600000381469727,1135
2023-03-14,25.799999237060547,28.200000762939453,25.399999618530273,25.399999618530273,25.399999618530273,2100
2023-03-15,25.799999237060547,26.200000762939453,23.0,24.0,24.0,2770
2023-03-16,24.200000762939453,26.200000762939453,23.0,25.0,25.0,2370
2023-03-17,25.399999618530273,25.399999618530273,23.200000762939453,23.799999237060547,23.799999237060547,2855
2023-03-20,23.799999237060547,23.799999237060547,22.200000762939453,22.600000381469727,22.600000381469727,1520
2023-03-21,23.0,25.0,22.799999237060547,24.200000762939453,24.200000762939453,750
2023-03-22,24.799999237060547,26.600000381469727,23.600000381469727,26.399999618530273,26.399999618530273,1320
2023-03-23,27.200000762939453,28.0,26.399999618530273,27.399999618530273,27.399999618530273,2565
2023-03-24,27.799999237060547,29.799999237060547,27.600000381469727,29.799999237060547,29.799999237060547,1645
2023-03-27,30.600000381469727,30.600000381469727,25.600000381469727,26.399999618530273,26.399999618530273,3135
2023-03-28,26.0,26.600000381469727,23.399999618530273,24.0,24.0,7075
2023-03-29,23.799999237060547,23.799999237060547,22.799999237060547,23.200000762939453,23.200000762939453,2770
2023-03-30,23.399999618530273,24.0,22.600000381469727,23.200000762939453,23.200000762939453,2195
2023-03-31,24.200000762939453,24.600000381469727,23.399999618530273,23.399999618530273,23.399999618530273,1005
2023-04-03,24.799999237060547,24.799999237060547,23.0,23.399999618530273,23.399999618530273,2045
2023-04-04,23.600000381469727,26.799999237060547,23.399999618530273,26.0,26.0,5390
2023-04-05,26.399999618530273,27.0,26.0,26.399999618530273,26.399999618530273,390
2023-04-06,25.799999237060547,25.799999237060547,25.0,25.200000762939453,25.200000762939453,230
2023-04-10,23.200000762939453,25.600000381469727,22.799999237060547,23.399999618530273,23.399999618530273,7255
2023-04-11,24.200000762939453,25.399999618530273,24.0,25.0,25.0,1930
2023-04-12,25.0,25.399999618530273,24.600000381469727,25.399999618530273,25.399999618530273,605
2023-04-13,25.600000381469727,26.399999618530273,25.0,25.200000762939453,25.200000762939453,1265
2023-04-14,24.799999237060547,25.200000762939453,24.399999618530273,24.399999618530273,24.399999618530273,860
2023-04-17,24.399999618530273,25.399999618530273,24.399999618530273,25.0,25.0,930
2023-04-18,24.600000381469727,25.200000762939453,24.600000381469727,25.0,25.0,380
2023-04-19,25.200000762939453,25.399999618530273,24.799999237060547,24.799999237060547,24.799999237060547,870
2023-04-20,24.0,24.799999237060547,24.0,24.0,24.0,210
2023-04-21,24.0,24.799999237060547,24.0,24.200000762939453,24.200000762939453,780
2023-04-24,24.600000381469727,25.0,23.200000762939453,23.600000381469727,23.600000381469727,695
2023-04-25,23.399999618530273,23.399999618530273,21.799999237060547,21.799999237060547,21.799999237060547,1820
2023-04-26,22.0,22.0,20.200000762939453,20.600000381469727,20.600000381469727,1165
2023-04-27,20.600000381469727,20.799999237060547,19.0,19.0,19.0,785
2023-04-28,19.399999618530273,21.0,19.0,20.200000762939453,20.200000762939453,1080
2023-05-01,21.799999237060547,21.799999237060547,20.600000381469727,21.200000762939453,21.200000762939453,1395
2023-05-02,21.600000381469727,21.600000381469727,19.600000381469727,20.600000381469727,20.600000381469727,770
2023-05-03,21.200000762939453,21.799999237060547,20.799999237060547,21.0,21.0,620
2023-05-04,21.200000762939453,22.399999618530273,21.200000762939453,22.399999618530273,22.399999618530273,390
2023-05-05,21.600000381469727,24.600000381469727,21.600000381469727,23.600000381469727,23.600000381469727,615
2023-05-08,24.0,25.399999618530273,24.0,24.600000381469727,24.600000381469727,1635
2023-05-09,25.0,25.600000381469727,24.600000381469727,25.200000762939453,25.200000762939453,970
2023-05-10,25.0,28.799999237060547,25.0,28.0,28.0,1270
2023-05-11,30.0,39.599998474121094,30.0,34.0,34.0,11330
2023-05-12,32.0,32.0,25.799999237060547,26.799999237060547,26.799999237060547,3410
2023-05-15,28.799999237060547,28.799999237060547,26.0,27.799999237060547,27.799999237060547,1990
2023-05-16,30.0,30.799999237060547,25.200000762939453,26.200000762939453,26.200000762939453,7210
2023-05-17,27.799999237060547,28.200000762939453,26.200000762939453,28.200000762939453,28.200000762939453,3740
2023-05-18,28.200000762939453,30.799999237060547,26.399999618530273,27.600000381469727,27.600000381469727,7500
2023-05-19,29.0,29.0,26.399999618530273,26.399999618530273,26.399999618530273,4000
2023-05-22,26.0,27.0,22.399999618530273,24.200000762939453,24.200000762939453,8455
2023-05-23,26.0,27.0,25.200000762939453,26.399999618530273,26.399999618530273,3415
2023-05-24,27.200000762939453,28.799999237060547,26.0,26.200000762939453,26.200000762939453,2260
2023-05-25,25.799999237060547,27.200000762939453,25.200000762939453,25.600000381469727,25.600000381469727,2025
2023-05-26,26.600000381469727,27.200000762939453,26.0,27.0,27.0,3845
2023-05-30,28.399999618530273,31.799999237060547,28.200000762939453,31.600000381469727,31.600000381469727,7970
2023-05-31,33.599998474121094,34.400001525878906,30.600000381469727,31.200000762939453,31.200000762939453,15365
2023-06-01,32.0,32.400001525878906,28.0,28.399999618530273,28.399999618530273,6665
2023-06-02,28.799999237060547,29.600000381469727,25.0,25.399999618530273,25.399999618530273,9845
2023-06-05,27.0,28.0,26.399999618530273,27.399999618530273,27.399999618530273,8445
2023-06-06,28.200000762939453,28.399999618530273,27.0,28.399999618530273,28.399999618530273,7725
2023-06-07,28.200000762939453,31.0,28.200000762939453,30.600000381469727,30.600000381469727,9250
2023-06-08,31.799999237060547,32.20000076293945,29.600000381469727,31.200000762939453,31.200000762939453,9645
2023-06-09,32.400001525878906,32.400001525878906,29.600000381469727,30.0,30.0,3785
2023-06-12,32.599998474121094,32.79999923706055,29.0,29.799999237060547,29.799999237060547,8800
2023-06-13,30.399999618530273,30.399999618530273,29.200000762939453,29.600000381469727,29.600000381469727,6120
2023-06-14,30.600000381469727,31.200000762939453,27.600000381469727,27.799999237060547,27.799999237060547,6190
2023-06-15,27.799999237060547,29.399999618530273,26.799999237060547,28.600000381469727,28.600000381469727,10110
2023-06-16,30.0,31.0,25.799999237060547,26.799999237060547,26.799999237060547,8325
2023-06-20,27.600000381469727,27.600000381469727,26.0,26.600000381469727,26.600000381469727,7250
2023-06-21,27.0,27.0,24.399999618530273,25.200000762939453,25.200000762939453,4205
2023-06-22,25.799999237060547,26.399999618530273,25.0,26.399999618530273,26.399999618530273,2610
2023-06-23,26.799999237060547,27.0,24.399999618530273,24.399999618530273,24.399999618530273,5340
2023-06-26,24.399999618530273,25.799999237060547,23.399999618530273,24.399999618530273,24.399999618530273,6615
2023-06-27,24.0,24.799999237060547,23.600000381469727,24.200000762939453,24.200000762939453,1900
2023-06-28,24.399999618530273,24.399999618530273,22.600000381469727,23.200000762939453,23.200000762939453,5080
2023-06-29,22.799999237060547,24.399999618530273,22.200000762939453,24.200000762939453,24.200000762939453,5640
2023-06-30,23.799999237060547,24.799999237060547,23.799999237060547,24.399999618530273,24.399999618530273,7495
2023-07-03,24.799999237060547,25.200000762939453,24.399999618530273,24.600000381469727,24.600000381469727,2410
2023-07-05,24.799999237060547,25.0,23.799999237060547,24.200000762939453,24.200000762939453,10825
2023-07-06,24.200000762939453,24.399999618530273,23.200000762939453,23.600000381469727,23.600000381469727,5190
2023-07-07,23.200000762939453,23.600000381469727,21.600000381469727,21.799999237060547,21.799999237060547,9995
2023-07-10,22.200000762939453,22.399999618530273,21.799999237060547,22.399999618530273,22.399999618530273,6245
2023-07-11,22.0,22.399999618530273,21.799999237060547,22.0,22.0,5615
2023-07-12,21.799999237060547,22.200000762939453,21.200000762939453,21.399999618530273,21.399999618530273,6010
2023-07-13,22.0,23.0,21.399999618530273,22.200000762939453,22.200000762939453,7920
2023-07-14,23.399999618530273,23.399999618530273,21.399999618530273,22.0,22.0,3590
2023-07-17,22.0,22.399999618530273,19.799999237060547,21.399999618530273,21.399999618530273,24200
2023-07-18,20.399999618530273,21.399999618530273,19.600000381469727,20.399999618530273,20.399999618530273,7160
2023-07-19,21.0,21.200000762939453,19.799999237060547,21.0,21.0,16280
2023-07-20,21.399999618530273,21.399999618530273,20.200000762939453,20.799999237060547,20.799999237060547,5700
2023-07-21,21.200000762939453,21.399999618530273,20.600000381469727,21.0,21.0,3360
2023-07-24,21.799999237060547,21.799999237060547,20.200000762939453,20.600000381469727,20.600000381469727,4110
2023-07-25,21.399999618530273,22.0,20.0,21.399999618530273,21.399999618530273,11200
2023-07-26,21.799999237060547,21.799999237060547,20.600000381469727,21.0,21.0,4565
2023-07-27,21.0,21.399999618530273,20.799999237060547,21.200000762939453,21.200000762939453,2705
2023-07-28,21.200000762939453,21.600000381469727,20.600000381469727,21.399999618530273,21.399999618530273,5490
2023-07-31,21.600000381469727,21.600000381469727,20.399999618530273,21.0,21.0,9135
2023-08-01,21.200000762939453,21.399999618530273,20.0,20.399999618530273,20.399999618530273,20940
2023-08-02,20.399999618530273,20.399999618530273,20.0,20.200000762939453,20.200000762939453,7345
2023-08-03,20.200000762939453,20.399999618530273,20.0,20.200000762939453,20.200000762939453,4365
2023-08-04,20.399999618530273,20.399999618530273,20.200000762939453,20.399999618530273,20.399999618530273,4310
2023-08-07,21.200000762939453,21.200000762939453,20.0,20.399999618530273,20.399999618530273,6135
2023-08-08,20.799999237060547,20.799999237060547,20.399999618530273,20.600000381469727,20.600000381469727,8525
2023-08-09,20.799999237060547,21.200000762939453,20.600000381469727,20.799999237060547,20.799999237060547,5780
2023-08-10,21.0,21.200000762939453,20.0,20.600000381469727,20.600000381469727,7170
2023-08-11,20.600000381469727,20.600000381469727,20.200000762939453,20.399999618530273,20.399999618530273,10845
2023-08-14,19.399999618530273,20.0,18.0,20.0,20.0,18985
2023-08-15,19.600000381469727,19.600000381469727,17.200000762939453,17.399999618530273,17.399999618530273,9150
2023-08-16,17.200000762939453,17.399999618530273,17.0,17.200000762939453,17.200000762939453,5870
2023-08-17,17.799999237060547,17.799999237060547,15.399999618530273,15.399999618530273,15.399999618530273,7805
2023-08-18,15.399999618530273,15.399999618530273,15.0,15.199999809265137,15.199999809265137,6415
2023-08-21,15.600000381469727,15.800000190734863,14.0,14.800000190734863,14.800000190734863,6470
2023-08-22,15.0,15.0,12.0,14.600000381469727,14.600000381469727,20375
2023-08-23,15.0,15.199999809265137,14.0,15.0,15.0,12370
2023-08-24,15.399999618530273,16.0,13.399999618530273,13.600000381469727,13.600000381469727,8765
2023-08-25,13.800000190734863,13.800000190734863,13.199999809265137,13.399999618530273,13.399999618530273,6935
2023-08-28,13.399999618530273,15.199999809265137,13.399999618530273,13.600000381469727,13.600000381469727,10610
2023-08-29,13.399999618530273,14.0,13.0,13.800000190734863,13.800000190734863,14210
2023-08-30,14.0,14.399999618530273,13.600000381469727,14.199999809265137,14.199999809265137,15155
2023-08-31,14.600000381469727,18.0,14.399999618530273,16.200000762939453,16.200000762939453,15370
2023-09-01,16.600000381469727,17.799999237060547,16.200000762939453,16.200000762939453,16.200000762939453,20675
2023-09-05,17.399999618530273,17.600000381469727,16.600000381469727,17.0,17.0,9175
2023-09-06,17.399999618530273,17.399999618530273,15.800000190734863,16.399999618530273,16.399999618530273,11710
2023-09-07,15.399999618530273,15.800000190734863,13.600000381469727,13.800000190734863,13.800000190734863,13390
2023-09-08,14.0,14.199999809265137,13.399999618530273,13.399999618530273,13.399999618530273,11980
2023-09-11,13.600000381469727,13.600000381469727,12.0,12.0,12.0,21970
2023-09-12,12.0,12.199999809265137,11.600000381469727,11.800000190734863,11.800000190734863,8850
2023-09-13,12.0,12.0,10.600000381469727,11.199999809265137,11.199999809265137,24510
2023-09-14,11.399999618530273,11.399999618530273,11.0,11.0,11.0,12065
2023-09-15,11.0,11.0,8.0,8.0,8.0,25195
2023-09-18,8.800000190734863,9.399999618530273,8.199999809265137,8.199999809265137,8.199999809265137,14905
2023-09-19,8.0,8.199999809265137,6.800000190734863,7.199999809265137,7.199999809265137,15290
2023-09-20,7.199999809265137,7.199999809265137,7.0,7.199999809265137,7.199999809265137,12825
2023-09-21,7.0,8.399999618530273,6.400000095367432,8.0,8.0,27850
2023-09-22,8.199999809265137,8.600000381469727,6.400000095367432,6.800000190734863,6.800000190734863,17355
2023-09-25,6.599999904632568,6.800000190734863,6.0,6.400000095367432,6.400000095367432,13340
2023-09-26,6.599999904632568,7.0,6.400000095367432,6.800000190734863,6.800000190734863,18960
2023-09-27,7.599999904632568,7.599999904632568,6.199999809265137,6.400000095367432,6.400000095367432,13775
2023-09-28,6.800000190734863,6.800000190734863,6.199999809265137,6.800000190734863,6.800000190734863,28545
2023-09-29,6.800000190734863,7.0,6.599999904632568,7.0,7.0,11015
2023-10-02,7.0,7.199999809265137,7.0,7.0,7.0,4595
2023-10-03,7.400000095367432,7.400000095367432,6.599999904632568,6.800000190734863,6.800000190734863,7490
2023-10-04,6.599999904632568,6.800000190734863,6.400000095367432,6.599999904632568,6.599999904632568,2115
2023-10-05,6.800000190734863,6.800000190734863,5.400000095367432,5.800000190734863,5.800000190734863,10445
2023-10-06,6.0,6.400000095367432,6.0,6.0,6.0,4495
2023-10-09,6.599999904632568,7.599999904632568,6.400000095367432,7.0,7.0,17665
2023-10-10,9.199999809265137,12.199999809265137,8.199999809265137,8.600000381469727,8.600000381469727,1932685
2023-10-11,7.599999904632568,7.800000190734863,6.800000190734863,6.800000190734863,6.800000190734863,165560
2023-10-12,6.400000095367432,6.800000190734863,6.0,6.199999809265137,6.199999809265137,87870
2023-10-13,6.199999809265137,6.599999904632568,6.0,6.0,6.0,50675
2023-10-16,6.599999904632568,8.0,6.400000095367432,7.599999904632568,7.599999904632568,69475
2023-10-17,7.599999904632568,8.800000190734863,7.400000095367432,8.199999809265137,8.199999809265137,53590
2023-10-18,7.800000190734863,8.199999809265137,7.599999904632568,8.0,8.0,23155
2023-10-19,7.800000190734863,8.0,6.800000190734863,7.400000095367432,7.400000095367432,18700
2023-10-20,7.0,7.599999904632568,7.0,7.599999904632568,7.599999904632568,14935
2023-10-23,7.400000095367432,7.599999904632568,7.199999809265137,7.400000095367432,7.400000095367432,10940
2023-10-24,7.599999904632568,7.800000190734863,6.800000190734863,7.0,7.0,15240
2023-10-25,6.800000190734863,7.0,5.599999904632568,6.400000095367432,6.400000095367432,45125
2023-10-26,6.599999904632568,6.599999904632568,6.0,6.199999809265137,6.199999809265137,8905
2023-10-27,6.400000095367432,6.400000095367432,5.800000190734863,6.0,6.0,25290
2023-10-30,6.0,6.199999809265137,6.0,6.0,6.0,13160
2023-10-31,6.0,6.0,6.0,6.0,6.0,15135
2023-11-01,6.199999809265137,6.199999809265137,6.0,6.0,6.0,5285
2023-11-02,6.0,6.199999809265137,5.800000190734863,6.0,6.0,29375
2023-11-03,6.199999809265137,6.800000190734863,6.0,6.599999904632568,6.599999904632568,33645
2023-11-06,6.599999904632568,6.599999904632568,6.0,6.199999809265137,6.199999809265137,10600
2023-11-07,6.400000095367432,6.400000095367432,5.599999904632568,6.0,6.0,127805
2023-11-08,6.400000095367432,8.399999618530273,6.199999809265137,8.399999618530273,8.399999618530273,282080
2023-11-09,8.399999618530273,10.0,7.400000095367432,9.800000190734863,9.800000190734863,205365
2023-11-10,10.0,12.399999618530273,8.800000190734863,9.600000381469727,9.600000381469727,193670
2023-11-13,9.600000381469727,9.600000381469727,7.0,8.399999618530273,8.399999618530273,76460
2023-11-14,8.600000381469727,10.600000381469727,8.399999618530273,10.600000381469727,10.600000381469727,60830
2023-11-15,8.800000190734863,9.199999809265137,8.199999809265137,8.199999809265137,8.199999809265137,92185
2023-11-16,8.199999809265137,9.0,8.0,8.399999618530273,8.399999618530273,47765
2023-11-17,8.199999809265137,8.199999809265137,7.400000095367432,7.599999904632568,7.599999904632568,30910
2023-11-20,7.599999904632568,7.800000190734863,7.199999809265137,7.199999809265137,7.199999809265137,21725
2023-11-21,7.199999809265137,7.400000095367432,6.400000095367432,7.0,7.0,20835
2023-11-22,6.800000190734863,7.0,6.599999904632568,6.800000190734863,6.800000190734863,7840
2023-11-24,7.0,7.0,6.599999904632568,6.800000190734863,6.800000190734863,3695
2023-11-27,7.0,7.400000095367432,6.800000190734863,6.800000190734863,6.800000190734863,17545
2023-11-28,7.400000095367432,8.0,7.0,7.199999809265137,7.199999809265137,19350
2023-11-29,7.199999809265137,7.599999904632568,6.599999904632568,6.599999904632568,6.599999904632568,15130
2023-11-30,6.599999904632568,7.0,6.400000095367432,6.800000190734863,6.800000190734863,9675
2023-12-01,6.800000190734863,6.800000190734863,6.400000095367432,6.800000190734863,6.800000190734863,10350
2023-12-04,6.800000190734863,6.800000190734863,6.400000095367432,6.599999904632568,6.599999904632568,8715
2023-12-05,6.599999904632568,6.800000190734863,6.400000095367432,6.599999904632568,6.599999904632568,7030
2023-12-06,6.400000095367432,6.599999904632568,5.800000190734863,5.800000190734863,5.800000190734863,31335
2023-12-07,6.0,6.0,5.599999904632568,5.599999904632568,5.599999904632568,26215
2023-12-08,5.599999904632568,5.800000190734863,5.599999904632568,5.800000190734863,5.800000190734863,14245
2023-12-11,5.800000190734863,5.800000190734863,4.599999904632568,4.800000190734863,4.800000190734863,66215
2023-12-12,4.800000190734863,5.0,4.800000190734863,4.800000190734863,4.800000190734863,33580
2023-12-13,4.800000190734863,4.800000190734863,3.799999952316284,4.400000095367432,4.400000095367432,59700
2023-12-14,4.599999904632568,4.800000190734863,4.599999904632568,4.599999904632568,4.599999904632568,28785
2023-12-15,4.800000190734863,4.800000190734863,4.400000095367432,4.400000095367432,4.400000095367432,28695
2023-12-18,4.599999904632568,5.0,4.400000095367432,4.800000190734863,4.800000190734863,25880
2023-12-19,4.800000190734863,5.0,4.599999904632568,5.0,5.0,21990
2023-12-20,5.0,5.199999809265137,4.800000190734863,5.0,5.0,11345
2023-12-21,5.0,5.199999809265137,4.599999904632568,4.800000190734863,4.800000190734863,8685
2023-12-22,4.800000190734863,5.0,4.800000190734863,5.0,5.0,16285
2023-12-26,5.0,5.0,4.800000190734863,5.0,5.0,17725
2023-12-27,5.0,5.199999809265137,5.0,5.0,5.0,19310
2023-12-28,5.0,5.199999809265137,5.0,5.0,5.0,36760
2023-12-29,5.199999809265137,5.199999809265137,4.800000190734863,5.0,5.0,24115
2024-01-02,5.0,5.199999809265137,5.0,5.0,5.0,32475
2024-01-03,5.199999809265137,5.199999809265137,4.599999904632568,4.800000190734863,4.800000190734863,16510
2024-01-04,4.599999904632568,5.0,4.599999904632568,5.0,5.0,12140
2024-01-05,5.0,5.0,4.599999904632568,4.800000190734863,4.800000190734863,13800
2024-01-08,4.800000190734863,5.199999809265137,4.599999904632568,5.0,5.0,17595
2024-01-09,5.0,5.0,4.599999904632568,5.0,5.0,7095
2024-01-10,5.0,5.0,4.800000190734863,4.800000190734863,4.800000190734863,19425
2024-01-11,5.0,5.0,4.800000190734863,4.800000190734863,4.800000190734863,25135
2024-01-12,5.0,5.0,4.800000190734863,4.800000190734863,4.800000190734863,19365
2024-01-16,5.0,5.199999809265137,4.800000190734863,5.0,5.0,27200
2024-01-17,5.0,5.0,4.800000190734863,5.0,5.0,3955
2024-01-18,5.0,5.0,4.800000190734863,5.0,5.0,25405
2024-01-19,5.0,5.0,4.800000190734863,5.0,5.0,7325
2024-01-22,5.0,5.0,4.800000190734863,5.0,5.0,12225
2024-01-23,5.0,5.0,5.0,5.0,5.0,7985
2024-01-24,5.0,5.0,4.800000190734863,5.0,5.0,6425
2024-01-25,5.0,5.0,4.800000190734863,5.0,5.0,3425
2024-01-26,5.0,5.0,4.800000190734863,5.0,5.0,4925
2024-01-29,5.0,5.0,4.800000190734863,5.0,5.0,8960
2024-01-30,4.800000190734863,5.400000095367432,4.800000190734863,5.199999809265137,5.199999809265137,21425
2024-01-31,5.199999809265137,5.199999809265137,4.599999904632568,4.599999904632568,4.599999904632568,19495
2024-02-01,4.599999904632568,4.800000190734863,4.599999904632568,4.599999904632568,4.599999904632568,11325
2024-02-02,4.599999904632568,4.800000190734863,4.199999809265137,4.400000095367432,4.400000095367432,16425
2024-02-05,4.400000095367432,4.400000095367432,4.0,4.199999809265137,4.199999809265137,8245
2024-02-06,4.199999809265137,4.199999809265137,4.0,4.0,4.0,22610
2024-02-07,4.0,4.199999809265137,3.799999952316284,3.799999952316284,3.799999952316284,18550
2024-02-08,4.0,4.0,3.799999952316284,4.0,4.0,11705
2024-02-09,4.0,4.400000095367432,4.0,4.400000095367432,4.400000095367432,28870
2024-02-12,4.400000095367432,5.0,4.400000095367432,4.800000190734863,4.800000190734863,42270
2024-02-13,4.800000190734863,4.800000190734863,4.400000095367432,4.599999904632568,4.599999904632568,5910
2024-02-14,4.800000190734863,5.0,4.599999904632568,5.0,5.0,9380
2024-02-15,4.800000190734863,5.0,4.800000190734863,5.0,5.0,11525
2024-02-16,5.0,5.0,4.599999904632568,4.800000190734863,4.800000190734863,7425
2024-02-20,4.800000190734863,5.400000095367432,4.800000190734863,5.0,5.0,42445
2024-02-21,5.0,5.0,4.0,4.199999809265137,4.199999809265137,43890
2024-02-22,4.400000095367432,4.400000095367432,4.0,4.0,4.0,18000
2024-02-23,4.0,4.0,3.200000047683716,3.5999999046325684,3.5999999046325684,52760
2024-02-26,3.799999952316284,3.799999952316284,3.5999999046325684,3.799999952316284,3.799999952316284,16020
2024-02-27,4.0,4.0,3.799999952316284,3.799999952316284,3.799999952316284,19575
2024-02-28,4.0,4.0,3.5999999046325684,3.5999999046325684,3.5999999046325684,24015
2024-02-29,3.799999952316284,4.0,3.5999999046325684,3.799999952316284,3.799999952316284,10345
2024-03-01,3.799999952316284,3.799999952316284,3.5999999046325684,3.799999952316284,3.799999952316284,14580
2024-03-04,3.799999952316284,3.799999952316284,3.5999999046325684,3.799999952316284,3.799999952316284,18795
2024-03-05,4.0,4.0,3.5999999046325684,3.799999952316284,3.799999952316284,23560
2024-03-06,4.0,4.0,3.799999952316284,4.0,4.0,9150
2024-03-07,4.0,4.0,4.0,4.0,4.0,12505
2024-03-08,3.799999952316284,4.0,3.799999952316284,4.0,4.0,9210
2024-03-11,4.0,4.0,3.799999952316284,4.0,4.0,10095
2024-03-12,4.0,4.0,3.799999952316284,4.0,4.0,6905
2024-03-13,4.0,4.0,3.799999952316284,4.0,4.0,20880
2024-03-14,4.199999809265137,4.199999809265137,3.799999952316284,4.0,4.0,10650
2024-03-15,4.0,4.0,3.4000000953674316,3.4000000953674316,3.4000000953674316,51055
2024-03-18,3.4000000953674316,4.0,3.4000000953674316,4.0,4.0,34015
2024-03-19,4.0,4.0,3.799999952316284,4.0,4.0,25725
2024-03-20,4.0,4.0,3.5999999046325684,3.799999952316284,3.799999952316284,16825
2024-03-21,3.799999952316284,4.199999809265137,3.799999952316284,4.199999809265137,4.199999809265137,29345
2024-03-22,4.199999809265137,4.599999904632568,4.199999809265137,4.599999904632568,4.599999904632568,47315
2024-03-25,4.059999942779541,4.28000020980835,3.2699999809265137,3.740000009536743,3.740000009536743,106500
2024-03-26,3.4200000762939453,3.549999952316284,2.880000114440918,3.049999952316284,3.049999952316284,123100
2024-03-27,2.890000104904175,2.930000066757202,2.680000066757202,2.7799999713897705,2.7799999713897705,81300
2024-03-28,2.700000047683716,3.25,2.700000047683716,3.0,3.0,134300
2024-04-01,3.0399999618530273,3.140000104904175,2.8399999141693115,2.9100000858306885,2.9100000858306885,38000
2024-04-02,3.0,3.890000104904175,2.9200000762939453,3.7899999618530273,3.7899999618530273,149700
2024-04-03,3.8399999141693115,4.360000133514404,3.4000000953674316,3.4200000762939453,3.4200000762939453,222800
2024-04-04,3.5299999713897705,3.5899999141693115,3.0299999713897705,3.069999933242798,3.069999933242798,95000
2024-04-05,3.0999999046325684,3.190000057220459,2.859999895095825,2.9200000762939453,2.9200000762939453,58200
2024-04-08,3.009999990463257,3.069999933242798,2.5999999046325684,2.640000104904175,2.640000104904175,125600
2024-04-09,2.690000057220459,3.009999990463257,2.5799999237060547,2.9700000286102295,2.9700000286102295,98900
2024-04-10,2.9000000953674316,2.9100000858306885,2.609999895095825,2.640000104904175,2.640000104904175,47200
2024-04-11,2.640000104904175,2.75,2.609999895095825,2.7300000190734863,2.7300000190734863,34200
2024-04-12,2.8499999046325684,3.299999952316284,2.819999933242798,2.9100000858306885,2.9100000858306885,285900
2024-04-15,2.9700000286102295,3.009999990463257,2.4100000858306885,2.490000009536743,2.490000009536743,127900
2024-04-16,2.5199999809265137,2.5199999809265137,2.2699999809265137,2.299999952316284,2.299999952316284,41500
2024-04-17,3.3299999237060547,3.4600000381469727,1.7000000476837158,1.940000057220459,1.940000057220459,4548500
2024-04-18,1.8700000047683716,1.8700000047683716,1.6100000143051147,1.6799999475479126,1.6799999475479126,325800
2024-04-19,1.6799999475479126,1.75,1.649999976158142,1.7000000476837158,1.7000000476837158,175100
2024-04-22,1.590000033378601,1.649999976158142,1.5199999809265137,1.600000023841858,1.600000023841858,186600
2024-04-23,1.6299999952316284,1.8700000047683716,1.5499999523162842,1.7899999618530273,1.7899999618530273,158600
2024-04-24,1.809999942779541,1.8799999952316284,1.7300000190734863,1.7899999618530273,1.7899999618530273,127900
2024-04-25,1.8700000047683716,1.9900000095367432,1.8200000524520874,1.9199999570846558,1.9199999570846558,524700
2024-04-26,2.0299999713897705,2.049999952316284,1.9299999475479126,1.9800000190734863,1.9800000190734863,190500
2024-04-29,2.0,2.0,1.8300000429153442,1.8899999856948853,1.8899999856948853,148800
2024-04-30,1.8899999856948853,2.009999990463257,1.6799999475479126,1.7400000095367432,1.7400000095367432,1010500
2024-05-01,1.7799999713897705,1.7899999618530273,1.6699999570846558,1.7100000381469727,1.7100000381469727,110600
2024-05-02,1.7699999809265137,1.8600000143051147,1.7599999904632568,1.850000023841858,1.850000023841858,211500
2024-05-03,1.850000023841858,1.8799999952316284,1.5199999809265137,1.6200000047683716,1.6200000047683716,254900
2024-05-06,1.6200000047683716,1.6799999475479126,1.5700000524520874,1.600000023841858,1.600000023841858,221600
2024-05-07,1.649999976158142,1.6699999570846558,1.5499999523162842,1.559999942779541,1.559999942779541,149800
2024-05-08,1.6200000047683716,1.6200000047683716,1.5,1.5399999618530273,1.5399999618530273,158800
2024-05-09,1.5499999523162842,1.5800000429153442,1.5,1.5199999809265137,1.5199999809265137,244100
2024-05-10,1.5499999523162842,1.6100000143051147,1.5199999809265137,1.6100000143051147,1.6100000143051147,82700
2024-05-13,1.6699999570846558,1.9600000381469727,1.5499999523162842,1.8300000429153442,1.8300000429153442,569800
2024-05-14,1.940000057220459,2.8299999237060547,1.850000023841858,2.5799999237060547,2.5799999237060547,1545700
2024-05-15,1.899999976158142,2.25,1.7599999904632568,1.899999976158142,1.899999976158142,628100
2024-05-16,2.0,2.0,1.7400000095367432,1.7599999904632568,1.7599999904632568,192500
2024-05-17,1.7599999904632568,1.7599999904632568,1.6100000143051147,1.6299999952316284,1.6299999952316284,164300
2024-05-20,1.7000000476837158,1.7200000286102295,1.5499999523162842,1.6200000047683716,1.6200000047683716,100500
2024-05-21,1.590000033378601,1.6699999570846558,1.5499999523162842,1.559999942779541,1.559999942779541,79300
2024-05-22,1.5800000429153442,1.649999976158142,1.5800000429153442,1.6299999952316284,1.6299999952316284,55200
2024-05-23,1.6100000143051147,1.6699999570846558,1.600000023841858,1.6299999952316284,1.6299999952316284,48800
2024-05-24,1.6699999570846558,1.6699999570846558,1.600000023841858,1.6200000047683716,1.6200000047683716,35200
2024-05-28,1.5800000429153442,1.6799999475479126,1.5499999523162842,1.6200000047683716,1.6200000047683716,84400
2024-05-29,1.590000033378601,1.6200000047683716,1.5099999904632568,1.5299999713897705,1.5299999713897705,126800
2024-05-30,1.5299999713897705,1.5499999523162842,1.5099999904632568,1.5499999523162842,1.5499999523162842,45000
2024-05-31,1.5399999618530273,1.559999942779541,1.4800000190734863,1.5099999904632568,1.5099999904632568,77700
2024-06-03,1.559999942779541,1.559999942779541,1.4800000190734863,1.5399999618530273,1.5399999618530273,59500
2024-06-04,1.5299999713897705,1.5299999713897705,1.3700000047683716,1.440000057220459,1.440000057220459,97800
2024-06-05,1.4600000381469727,1.5,1.399999976158142,1.409999966621399,1.409999966621399,64900
2024-06-06,1.4500000476837158,1.5,1.399999976158142,1.409999966621399,1.409999966621399,117600
2024-06-07,1.3799999952316284,1.4299999475479126,1.3200000524520874,1.3600000143051147,1.3600000143051147,134500
2024-06-10,1.3600000143051147,1.3600000143051147,1.2599999904632568,1.2999999523162842,1.2999999523162842,80700
2024-06-11,1.2899999618530273,1.350000023841858,1.2799999713897705,1.340000033378601,1.340000033378601,51600
2024-06-12,1.3700000047683716,1.4199999570846558,1.3600000143051147,1.3899999856948853,1.3899999856948853,80000
2024-06-13,1.4199999570846558,1.4299999475479126,1.350000023841858,1.399999976158142,1.399999976158142,31300
2024-06-14,1.3899999856948853,1.3899999856948853,1.3300000429153442,1.3300000429153442,1.3300000429153442,22100
2024-06-17,1.3300000429153442,1.3600000143051147,1.2599999904632568,1.2699999809265137,1.2699999809265137,61100
2024-06-18,1.2899999618530273,1.2999999523162842,1.2100000381469727,1.2200000286102295,1.2200000286102295,61000
2024-06-20,1.2300000190734863,1.2699999809265137,1.100000023841858,1.2400000095367432,1.2400000095367432,123200
2024-06-21,1.2300000190734863,1.2400000095367432,1.2000000476837158,1.2000000476837158,1.2000000476837158,72600
2024-06-24,1.2200000286102295,1.2300000190734863,1.1799999475479126,1.2100000381469727,1.2100000381469727,68100
2024-06-25,1.190000057220459,1.2400000095367432,1.190000057220459,1.2000000476837158,1.2000000476837158,49300
2024-06-26,1.1799999475479126,1.190000057220459,1.159999966621399,1.1699999570846558,1.1699999570846558,28100
2024-06-27,1.1699999570846558,1.1799999475479126,1.090000033378601,1.1100000143051147,1.1100000143051147,62400
2024-06-28,1.149999976158142,1.149999976158142,1.0399999618530273,1.100000023841858,1.100000023841858,78400
2024-07-01,1.100000023841858,1.100000023841858,1.0499999523162842,1.0800000429153442,1.0800000429153442,73700
2024-07-02,1.090000033378601,1.090000033378601,1.0800000429153442,1.0800000429153442,1.0800000429153442,21500
2024-07-03,1.090000033378601,1.1200000047683716,1.0800000429153442,1.090000033378601,1.090000033378601,16100
2024-07-05,1.0800000429153442,1.100000023841858,1.0700000524520874,1.100000023841858,1.100000023841858,46900
2024-07-08,1.1299999952316284,1.1299999952316284,1.100000023841858,1.1100000143051147,1.1100000143051147,35500
2024-07-09,1.1200000047683716,1.149999976158142,1.090000033378601,1.1100000143051147,1.1100000143051147,58200
2024-07-10,1.1100000143051147,1.1299999952316284,1.0700000524520874,1.0800000429153442,1.0800000429153442,61900
2024-07-11,1.1200000047683716,1.1699999570846558,1.1100000143051147,1.1399999856948853,1.1399999856948853,236900
2024-07-12,1.149999976158142,1.2300000190734863,1.149999976158142,1.2000000476837158,1.2000000476837158,309900
2024-07-15,1.2799999713897705,1.2799999713897705,1.2000000476837158,1.25,1.25,326500
2024-07-16,1.2899999618530273,1.309999942779541,1.25,1.2899999618530273,1.2899999618530273,196100
2024-07-17,1.2899999618530273,1.340000033378601,1.2799999713897705,1.2999999523162842,1.2999999523162842,166500
2024-07-18,1.2999999523162842,1.3200000524520874,1.2999999523162842,1.3200000524520874,1.3200000524520874,102300
2024-07-19,1.3200000524520874,1.3200000524520874,1.2999999523162842,1.3200000524520874,1.3200000524520874,51200
2024-07-22,1.2899999618530273,1.3200000524520874,1.2699999809265137,1.3200000524520874,1.3200000524520874,56300
2024-07-23,1.2999999523162842,1.350000023841858,1.2999999523162842,1.340000033378601,1.340000033378601,50900
2024-07-24,1.3300000429153442,1.340000033378601,1.2599999904632568,1.2799999713897705,1.2799999713897705,32900
2024-07-25,1.2899999618530273,1.2899999618530273,1.1299999952316284,1.1799999475479126,1.1799999475479126,84000
2024-07-26,1.159999966621399,1.190000057220459,1.149999976158142,1.1799999475479126,1.1799999475479126,50900
2024-07-29,1.1799999475479126,1.2300000190734863,1.149999976158142,1.159999966621399,1.159999966621399,30200
2024-07-30,1.159999966621399,1.159999966621399,1.1200000047683716,1.1399999856948853,1.1399999856948853,16600
2024-07-31,1.1299999952316284,1.149999976158142,1.100000023841858,1.1399999856948853,1.1399999856948853,22800
2024-08-01,1.159999966621399,1.159999966621399,1.100000023841858,1.100000023841858,1.100000023841858,44900
2024-08-02,1.100000023841858,1.1100000143051147,1.0700000524520874,1.100000023841858,1.100000023841858,82700
2024-08-05,1.0700000524520874,1.100000023841858,1.0700000524520874,1.0800000429153442,1.0800000429153442,142800
2024-08-06,1.149999976158142,1.149999976158142,1.0800000429153442,1.1299999952316284,1.1299999952316284,106100
2024-08-07,1.149999976158142,1.159999966621399,1.100000023841858,1.100000023841858,1.100000023841858,22500
2024-08-08,1.1200000047683716,1.1299999952316284,1.0800000429153442,1.1200000047683716,1.1200000047683716,64400
2024-08-09,1.100000023841858,1.1299999952316284,1.100000023841858,1.1299999952316284,1.1299999952316284,34800
2024-08-12,1.149999976158142,1.159999966621399,1.1299999952316284,1.1399999856948853,1.1399999856948853,81400
2024-08-13,1.1399999856948853,1.2699999809265137,1.1399999856948853,1.2000000476837158,1.2000000476837158,87000
2024-08-14,1.2899999618530273,1.440000057220459,1.159999966621399,1.4299999475479126,1.4299999475479126,331700
2024-08-15,1.4299999475479126,1.4299999475479126,1.2699999809265137,1.309999942779541,1.309999942779541,67300
2024-08-16,1.2799999713897705,1.3700000047683716,1.2599999904632568,1.3300000429153442,1.3300000429153442,81700
2024-08-19,1.3300000429153442,1.340000033378601,1.2799999713897705,1.2899999618530273,1.2899999618530273,25100
2024-08-20,1.2899999618530273,1.2899999618530273,1.2599999904632568,1.2799999713897705,1.2799999713897705,20900
2024-08-21,1.2899999618530273,1.2999999523162842,1.2699999809265137,1.2899999618530273,1.2899999618530273,33300
2024-08-22,1.2699999809265137,1.3200000524520874,1.2699999809265137,1.309999942779541,1.309999942779541,67300
2024-08-23,1.2999999523162842,1.3300000429153442,1.2899999618530273,1.3200000524520874,1.3200000524520874,58900
2024-08-26,1.309999942779541,1.350000023841858,1.309999942779541,1.340000033378601,1.340000033378601,51400
2024-08-27,1.350000023841858,1.3899999856948853,1.350000023841858,1.3600000143051147,1.3600000143051147,90800
2024-08-28,1.3799999952316284,1.3799999952316284,1.2699999809265137,1.2699999809265137,1.2699999809265137,64600
2024-08-29,1.2699999809265137,1.2699999809265137,1.2599999904632568,1.2699999809265137,1.2699999809265137,26300
2024-08-30,1.2999999523162842,1.2999999523162842,1.149999976158142,1.2300000190734863,1.2300000190734863,100000
2024-09-03,1.2100000381469727,1.2100000381469727,1.1100000143051147,1.1100000143051147,1.1100000143051147,49200
2024-09-04,1.1200000047683716,1.1299999952316284,1.1100000143051147,1.1200000047683716,1.1200000047683716,95600
2024-09-05,1.1200000047683716,1.1200000047683716,1.100000023841858,1.1100000143051147,1.1100000143051147,32700
2024-09-06,1.1100000143051147,1.1699999570846558,1.0299999713897705,1.0399999618530273,1.0399999618530273,88700
2024-09-09,1.059999942779541,1.059999942779541,1.0199999809265137,1.0199999809265137,1.0199999809265137,49800
2024-09-10,1.0299999713897705,1.0499999523162842,1.0199999809265137,1.0299999713897705,1.0299999713897705,51800
2024-09-11,1.0399999618530273,1.0499999523162842,1.0299999713897705,1.0399999618530273,1.0399999618530273,48100
2024-09-12,1.0499999523162842,1.0700000524520874,1.0399999618530273,1.0499999523162842,1.0499999523162842,81900
2024-09-13,1.0399999618530273,1.059999942779541,1.0399999618530273,1.0499999523162842,1.0499999523162842,62600
