Date,Open,High,Low,Close,Adj Close,Volume
1984-10-26,11.761241912841797,11.848794937133789,11.761241912841797,11.790426254272461,3.247072696685791,726848
1984-10-29,11.761241912841797,11.848794937133789,11.761241912841797,11.819610595703125,3.255108118057251,384626
1984-10-30,11.819610595703125,11.994715690612793,11.819610595703125,11.9071626663208,3.279218912124634,786384
1984-10-31,11.936347961425781,11.936347961425781,11.761241912841797,11.819610595703125,3.255108118057251,913593
1984-11-01,11.790426254272461,11.9071626663208,11.732057571411133,11.877979278564453,3.27118182182312,2414404
1984-11-02,11.819610595703125,11.936347961425781,11.732057571411133,11.761241912841797,3.239034414291382,845063
1984-11-05,11.790426254272461,11.9071626663208,11.702874183654785,11.9071626663208,3.279218912124634,1369747
1984-11-06,11.936347961425781,12.11145305633545,11.936347961425781,12.11145305633545,3.335479497909546,1263097
1984-11-07,12.11145305633545,12.11145305633545,11.9071626663208,12.053084373474121,3.319404363632202,1280658
1984-11-08,11.994715690612793,12.403294563293457,11.994715690612793,12.403294563293457,3.4158542156219482,4020151
1984-11-09,12.403294563293457,12.461664199829102,12.023900032043457,12.053084373474121,3.319404363632202,823219
1984-11-12,12.082268714904785,12.11145305633545,11.9071626663208,12.023900032043457,3.3113691806793213,822790
1984-11-13,11.965532302856445,11.965532302856445,11.819610595703125,11.877979278564453,3.27118182182312,688728
1984-11-14,11.848794937133789,11.9071626663208,11.848794937133789,11.877979278564453,3.27118182182312,515690
1984-11-15,11.848794937133789,11.936347961425781,11.702874183654785,11.819610595703125,3.255108118057251,1017673
1984-11-16,11.848794937133789,11.877979278564453,11.5277681350708,11.5277681350708,3.174734592437744,1176149
1984-11-19,11.498583793640137,11.556953430175781,11.381847381591797,11.498583793640137,3.205653429031372,1051938
1984-11-20,11.556953430175781,11.732057571411133,11.5277681350708,11.732057571411133,3.2707414627075195,468575
1984-11-21,11.702874183654785,11.965532302856445,11.64450454711914,11.965532302856445,3.3358304500579834,410324
1984-11-23,11.965532302856445,12.082268714904785,11.9071626663208,11.936347961425781,3.3276941776275635,320379
1984-11-26,11.936347961425781,11.965532302856445,11.848794937133789,11.877979278564453,3.311422348022461,412038
1984-11-27,11.9071626663208,12.315741539001465,11.877979278564453,12.286558151245117,3.4253265857696533,694296
1984-11-28,12.169820785522461,12.199006080627441,11.848794937133789,11.994715690612793,3.3439650535583496,670739
1984-11-29,11.9071626663208,11.936347961425781,11.732057571411133,11.790426254272461,3.2870144844055176,568372
1984-11-30,11.790426254272461,11.936347961425781,11.761241912841797,11.848794937133789,3.3032853603363037,706289
1984-12-03,11.848794937133789,11.936347961425781,11.819610595703125,11.877979278564453,3.311422348022461,621483
1984-12-04,11.877979278564453,11.936347961425781,11.819610595703125,11.9071626663208,3.3195605278015137,597926
1984-12-05,11.9071626663208,11.9071626663208,11.5277681350708,11.556953430175781,3.2219247817993164,1358182
1984-12-06,11.498583793640137,11.790426254272461,11.469400405883789,11.673689842224121,3.254469156265259,459152
1984-12-07,11.673689842224121,11.702874183654785,11.411031723022461,11.469400405883789,3.1975159645080566,624910
1984-12-10,11.352663040161133,11.556953430175781,11.323478698730469,11.469400405883789,3.1975159645080566,1623309
1984-12-11,11.469400405883789,11.673689842224121,11.352663040161133,11.673689842224121,3.254469156265259,983836
1984-12-12,11.615321159362793,11.615321159362793,11.411031723022461,11.440216064453125,3.189380168914795,731988
1984-12-13,11.469400405883789,11.673689842224121,11.440216064453125,11.64450454711914,3.246333599090576,3299300
1984-12-14,11.64450454711914,11.936347961425781,11.64450454711914,11.848794937133789,3.3032853603363037,920018
1984-12-17,11.877979278564453,12.140637397766113,11.819610595703125,11.936347961425781,3.3276941776275635,905455
1984-12-18,12.023900032043457,12.140637397766113,11.965532302856445,12.11145305633545,3.3765106201171875,760685
1984-12-19,12.140637397766113,12.37411117553711,12.11145305633545,12.37411117553711,3.449737787246704,1592042
1984-12-20,12.724322319030762,13.191268920898438,12.549216270446777,12.549216270446777,3.4985556602478027,2993055
1984-12-21,12.549216270446777,12.578399658203125,12.37411117553711,12.549216270446777,3.4985556602478027,1083633
1984-12-24,12.578399658203125,12.578399658203125,12.37411117553711,12.49084758758545,3.4822843074798584,1010820
1984-12-26,12.49084758758545,12.578399658203125,12.37411117553711,12.578399658203125,3.506692409515381,212872
1984-12-27,12.520031929016113,12.549216270446777,12.37411117553711,12.37411117553711,3.449737787246704,339224
1984-12-28,12.403294563293457,12.49084758758545,12.344926834106445,12.49084758758545,3.4822843074798584,341366
1984-12-31,12.549216270446777,12.578399658203125,12.49084758758545,12.578399658203125,3.506692409515381,810798
1985-01-02,12.520031929016113,12.520031929016113,12.37411117553711,12.432478904724121,3.4660096168518066,310527
1985-01-03,12.37411117553711,12.461664199829102,12.228190422058105,12.228190422058105,3.409057378768921,1017673
1985-01-04,12.199006080627441,12.37411117553711,12.199006080627441,12.344926834106445,3.4415998458862305,405185
1985-01-07,12.37411117553711,12.461664199829102,12.37411117553711,12.37411117553711,3.449737787246704,615058
1985-01-08,12.403294563293457,12.607584953308105,12.37411117553711,12.520031929016113,3.49042010307312,2709940
1985-01-09,12.37411117553711,12.665952682495117,12.228190422058105,12.665952682495117,3.5311005115509033,1610031
1985-01-10,12.578399658203125,12.607584953308105,12.403294563293457,12.607584953308105,3.5148284435272217,3170806
1985-01-11,12.578399658203125,12.665952682495117,12.37411117553711,12.461664199829102,3.47414493560791,2448669
1985-01-14,12.403294563293457,12.578399658203125,12.37411117553711,12.578399658203125,3.506692409515381,1340622
1985-01-15,12.520031929016113,12.549216270446777,12.344926834106445,12.432478904724121,3.4660096168518066,2904395
1985-01-16,12.37411117553711,12.549216270446777,12.37411117553711,12.549216270446777,3.4985556602478027,1721392
1985-01-17,12.520031929016113,12.549216270446777,12.403294563293457,12.461664199829102,3.47414493560791,772249
1985-01-18,12.461664199829102,12.461664199829102,12.315741539001465,12.315741539001465,3.4334676265716553,932439
1985-01-21,12.344926834106445,12.782690048217773,12.344926834106445,12.75350570678711,3.5555083751678467,1738097
1985-01-22,12.782690048217773,12.841058731079102,12.49084758758545,12.520031929016113,3.49042010307312,1315779
1985-01-23,12.520031929016113,12.724322319030762,12.520031929016113,12.665952682495117,3.5311005115509033,1444702
1985-01-24,12.724322319030762,12.75350570678711,12.607584953308105,12.695137023925781,3.5392355918884277,1424999
1985-01-25,12.75350570678711,13.132901191711426,12.75350570678711,13.074531555175781,3.6450071334838867,6480385
1985-01-28,13.162084579467773,13.483111381530762,13.162084579467773,13.249637603759766,3.6938250064849854,3714336
1985-01-29,13.249637603759766,13.27882194519043,12.841058731079102,12.89942741394043,3.5961880683898926,2827726
1985-01-30,12.578399658203125,12.695137023925781,12.549216270446777,12.665952682495117,3.5311005115509033,4180769
1985-01-31,12.607584953308105,12.724322319030762,12.578399658203125,12.695137023925781,3.5392355918884277,1090486
1985-02-01,12.665952682495117,12.695137023925781,12.607584953308105,12.63676929473877,3.522965431213379,806515
1985-02-04,12.607584953308105,12.724322319030762,12.49084758758545,12.578399658203125,3.506692409515381,1129035
1985-02-05,12.63676929473877,12.695137023925781,12.49084758758545,12.520031929016113,3.49042010307312,2107303
1985-02-06,12.549216270446777,12.578399658203125,12.403294563293457,12.403294563293457,3.4578728675842285,1715396
1985-02-07,12.432478904724121,12.549216270446777,12.315741539001465,12.344926834106445,3.4415998458862305,1552637
1985-02-08,12.315741539001465,12.461664199829102,12.315741539001465,12.403294563293457,3.4578728675842285,578223
1985-02-11,12.461664199829102,12.520031929016113,12.315741539001465,12.37411117553711,3.449737787246704,1581762
1985-02-12,12.344926834106445,12.607584953308105,12.344926834106445,12.49084758758545,3.4822843074798584,2126149
1985-02-13,12.49084758758545,12.63676929473877,12.461664199829102,12.607584953308105,3.5148284435272217,1346618
1985-02-14,12.63676929473877,12.63676929473877,12.286558151245117,12.286558151245117,3.4253265857696533,1214697
1985-02-15,12.315741539001465,12.432478904724121,12.257373809814453,12.432478904724121,3.4660096168518066,1156018
1985-02-19,12.228190422058105,12.228190422058105,12.199006080627441,12.228190422058105,3.447906732559204,486136
1985-02-20,12.228190422058105,12.403294563293457,12.169820785522461,12.286558151245117,3.4643633365631104,600924
1985-02-21,12.257373809814453,12.257373809814453,12.140637397766113,12.169820785522461,3.4314496517181396,501984
1985-02-22,12.140637397766113,12.199006080627441,12.11145305633545,12.169820785522461,3.4314496517181396,991118
1985-02-25,12.140637397766113,12.257373809814453,12.140637397766113,12.169820785522461,3.4314496517181396,591501
1985-02-26,12.199006080627441,12.257373809814453,12.169820785522461,12.199006080627441,3.439678192138672,801375
1985-02-27,12.199006080627441,12.228190422058105,11.9071626663208,11.9071626663208,3.357389211654663,2310324
1985-02-28,11.790426254272461,12.023900032043457,11.790426254272461,12.023900032043457,3.390303134918213,1200991
1985-03-01,11.965532302856445,12.082268714904785,11.936347961425781,12.053084373474121,3.3985345363616943,1572339
1985-03-04,11.936347961425781,11.965532302856445,11.702874183654785,11.761241912841797,3.316246509552002,1116614
1985-03-05,11.761241912841797,11.790426254272461,11.556953430175781,11.615321159362793,3.2751026153564453,1567628
1985-03-06,11.702874183654785,11.702874183654785,11.498583793640137,11.5277681350708,3.250413179397583,1145311
1985-03-07,11.5277681350708,11.64450454711914,11.498583793640137,11.586136817932129,3.266871690750122,927299
1985-03-08,11.64450454711914,11.819610595703125,11.615321159362793,11.732057571411133,3.3080148696899414,458296
1985-03-11,11.732057571411133,11.761241912841797,11.615321159362793,11.64450454711914,3.283329725265503,492132
1985-03-12,11.64450454711914,11.732057571411133,11.615321159362793,11.615321159362793,3.2751026153564453,312669
1985-03-13,11.615321159362793,11.64450454711914,11.586136817932129,11.586136817932129,3.266871690750122,585505
1985-03-14,11.556953430175781,11.761241912841797,11.556953430175781,11.64450454711914,3.283329725265503,380771
1985-03-15,11.64450454711914,11.673689842224121,11.5277681350708,11.5277681350708,3.250413179397583,879756
1985-03-18,11.586136817932129,11.673689842224121,11.556953430175781,11.586136817932129,3.266871690750122,507123
1985-03-19,11.556953430175781,11.732057571411133,11.5277681350708,11.64450454711914,3.283329725265503,665171
1985-03-20,11.64450454711914,11.761241912841797,11.556953430175781,11.586136817932129,3.266871690750122,1018958
1985-03-21,11.586136817932129,11.761241912841797,11.586136817932129,11.64450454711914,3.283329725265503,770108
1985-03-22,11.615321159362793,11.673689842224121,11.586136817932129,11.673689842224121,3.2915563583374023,302818
1985-03-25,11.673689842224121,11.673689842224121,11.556953430175781,11.586136817932129,3.266871690750122,929012
1985-03-26,11.615321159362793,11.673689842224121,11.556953430175781,11.556953430175781,3.25864315032959,1023241
1985-03-27,11.586136817932129,11.64450454711914,11.556953430175781,11.586136817932129,3.266871690750122,519116
1985-03-28,11.586136817932129,11.615321159362793,11.469400405883789,11.556953430175781,3.25864315032959,513120
1985-03-29,11.615321159362793,11.64450454711914,11.5277681350708,11.615321159362793,3.2751026153564453,328517
1985-04-01,11.586136817932129,11.586136817932129,11.5277681350708,11.586136817932129,3.266871690750122,210730
1985-04-02,11.64450454711914,11.64450454711914,11.440216064453125,11.440216064453125,3.2257261276245117,410324
1985-04-03,11.411031723022461,11.615321159362793,11.294295310974121,11.411031723022461,3.2174980640411377,824075
1985-04-04,11.381847381591797,11.411031723022461,11.323478698730469,11.381847381591797,3.209270715713501,351645
1985-04-08,11.440216064453125,11.469400405883789,11.381847381591797,11.411031723022461,3.2174980640411377,383341
1985-04-09,11.411031723022461,11.440216064453125,11.323478698730469,11.323478698730469,3.192812204360962,797948
1985-04-10,11.323478698730469,11.5277681350708,11.323478698730469,11.440216064453125,3.2257261276245117,502412
1985-04-11,11.469400405883789,11.586136817932129,11.440216064453125,11.586136817932129,3.266871690750122,904598
1985-04-12,11.586136817932129,11.732057571411133,11.586136817932129,11.732057571411133,3.3080148696899414,646325
1985-04-15,11.790426254272461,11.848794937133789,11.761241912841797,11.790426254272461,3.324472188949585,615058
1985-04-16,11.761241912841797,11.877979278564453,11.673689842224121,11.848794937133789,3.340930700302124,631334
1985-04-17,11.790426254272461,11.877979278564453,11.790426254272461,11.848794937133789,3.340930700302124,815081
1985-04-18,11.848794937133789,11.848794937133789,11.556953430175781,11.64450454711914,3.283329725265503,959422
1985-04-19,11.673689842224121,11.702874183654785,11.64450454711914,11.673689842224121,3.2915563583374023,945716
1985-04-22,11.673689842224121,11.673689842224121,11.615321159362793,11.64450454711914,3.283329725265503,770964
1985-04-23,11.615321159362793,11.819610595703125,11.615321159362793,11.790426254272461,3.324472188949585,616772
1985-04-24,11.732057571411133,11.819610595703125,11.556953430175781,11.556953430175781,3.25864315032959,568372
1985-04-25,11.556953430175781,11.615321159362793,11.556953430175781,11.586136817932129,3.266871690750122,255703
1985-04-26,11.64450454711914,11.64450454711914,11.440216064453125,11.5277681350708,3.250413179397583,869905
1985-04-29,11.469400405883789,11.586136817932129,11.411031723022461,11.411031723022461,3.2174980640411377,561519
1985-04-30,11.440216064453125,11.732057571411133,11.411031723022461,11.732057571411133,3.3080148696899414,756402
1985-05-01,11.732057571411133,11.732057571411133,11.498583793640137,11.498583793640137,3.2421860694885254,617200
1985-05-02,11.556953430175781,11.586136817932129,11.440216064453125,11.469400405883789,3.2339565753936768,981266
1985-05-03,11.469400405883789,11.5277681350708,11.440216064453125,11.498583793640137,3.2421860694885254,553809
1985-05-06,11.498583793640137,11.586136817932129,11.469400405883789,11.556953430175781,3.25864315032959,231718
1985-05-07,11.586136817932129,11.673689842224121,11.586136817932129,11.673689842224121,3.2915563583374023,698579
1985-05-08,11.64450454711914,11.673689842224121,11.615321159362793,11.64450454711914,3.283329725265503,649323
1985-05-09,11.673689842224121,11.790426254272461,11.64450454711914,11.761241912841797,3.316246509552002,1124323
1985-05-10,11.848794937133789,11.936347961425781,11.848794937133789,11.848794937133789,3.340930700302124,1730815
1985-05-13,11.877979278564453,11.877979278564453,11.702874183654785,11.702874183654785,3.2997846603393555,659175
1985-05-14,11.702874183654785,11.790426254272461,11.64450454711914,11.673689842224121,3.2915563583374023,763683
1985-05-15,11.615321159362793,11.673689842224121,11.586136817932129,11.64450454711914,3.283329725265503,839495
1985-05-16,11.64450454711914,11.64450454711914,11.586136817932129,11.64450454711914,3.283329725265503,360212
1985-05-17,11.64450454711914,11.9071626663208,11.615321159362793,11.848794937133789,3.340930700302124,1508092
1985-05-20,11.877979278564453,11.936347961425781,11.790426254272461,11.877979278564453,3.3892269134521484,741839
1985-05-21,11.819610595703125,11.9071626663208,11.790426254272461,11.9071626663208,3.397557497024536,870762
1985-05-22,11.877979278564453,11.936347961425781,11.790426254272461,11.819610595703125,3.3725764751434326,1634445
1985-05-23,11.848794937133789,11.965532302856445,11.790426254272461,11.9071626663208,3.397557497024536,620198
1985-05-24,11.9071626663208,11.965532302856445,11.877979278564453,11.9071626663208,3.397557497024536,416749
1985-05-28,11.936347961425781,12.023900032043457,11.819610595703125,11.936347961425781,3.4058847427368164,1073354
1985-05-29,11.877979278564453,11.9071626663208,11.790426254272461,11.819610595703125,3.3725764751434326,336654
1985-05-30,11.877979278564453,11.9071626663208,11.790426254272461,11.9071626663208,3.397557497024536,1411722
1985-05-31,11.848794937133789,11.877979278564453,11.819610595703125,11.877979278564453,3.3892269134521484,510550
1985-06-03,11.9071626663208,11.936347961425781,11.790426254272461,11.819610595703125,3.3725764751434326,629621
1985-06-04,11.790426254272461,11.877979278564453,11.790426254272461,11.790426254272461,3.3642473220825195,546956
1985-06-05,11.819610595703125,11.9071626663208,11.586136817932129,11.586136817932129,3.305957317352295,926442
1985-06-06,11.556953430175781,11.586136817932129,11.498583793640137,11.5277681350708,3.289301872253418,842065
1985-06-07,11.556953430175781,11.586136817932129,11.556953430175781,11.556953430175781,3.297628402709961,432168
1985-06-10,11.556953430175781,11.673689842224121,11.556953430175781,11.64450454711914,3.3226096630096436,206447
1985-06-11,11.615321159362793,11.615321159362793,11.5277681350708,11.5277681350708,3.289301872253418,471145
1985-06-12,11.556953430175781,11.673689842224121,11.556953430175781,11.615321159362793,3.3142857551574707,815509
1985-06-13,11.64450454711914,11.64450454711914,11.5277681350708,11.556953430175781,3.297628402709961,586361
1985-06-14,11.586136817932129,11.615321159362793,11.5277681350708,11.615321159362793,3.3142857551574707,690442
1985-06-17,11.556953430175781,11.556953430175781,11.411031723022461,11.440216064453125,3.2643213272094727,430027
1985-06-18,11.411031723022461,11.5277681350708,11.411031723022461,11.469400405883789,3.272646188735962,561519
1985-06-19,11.469400405883789,11.498583793640137,11.381847381591797,11.381847381591797,3.2476649284362793,225293
1985-06-20,11.411031723022461,11.469400405883789,11.352663040161133,11.469400405883789,3.272646188735962,359783
1985-06-21,11.381847381591797,11.498583793640137,11.381847381591797,11.469400405883789,3.272646188735962,1059648
1985-06-24,11.469400405883789,11.556953430175781,11.440216064453125,11.5277681350708,3.289301872253418,564946
1985-06-25,11.556953430175781,11.586136817932129,11.5277681350708,11.5277681350708,3.289301872253418,614630
1985-06-26,11.5277681350708,11.5277681350708,11.469400405883789,11.498583793640137,3.2809743881225586,700721
1985-06-27,11.440216064453125,11.498583793640137,11.411031723022461,11.440216064453125,3.2643213272094727,808228
1985-06-28,11.469400405883789,11.5277681350708,11.411031723022461,11.440216064453125,3.2643213272094727,1275090
1985-07-01,11.440216064453125,11.469400405883789,11.235925674438477,11.381847381591797,3.2476649284362793,387195
1985-07-02,11.323478698730469,11.411031723022461,11.323478698730469,11.381847381591797,3.2476649284362793,1179576
1985-07-03,11.411031723022461,11.411031723022461,11.26511001586914,11.26511001586914,3.2143542766571045,473715
1985-07-05,11.294295310974121,11.381847381591797,11.26511001586914,11.352663040161133,3.2393383979797363,302818
1985-07-08,11.323478698730469,11.381847381591797,11.294295310974121,11.381847381591797,3.2476649284362793,682732
1985-07-09,11.352663040161133,11.381847381591797,11.00245189666748,11.177557945251465,3.1893742084503174,1995941
1985-07-10,11.206742286682129,11.5277681350708,11.206742286682129,11.440216064453125,3.2643213272094727,1255815
1985-07-11,11.411031723022461,11.440216064453125,11.206742286682129,11.411031723022461,3.255992889404297,2443957
1985-07-12,11.411031723022461,11.586136817932129,11.411031723022461,11.5277681350708,3.289301872253418,454012
1985-07-15,11.586136817932129,11.761241912841797,11.5277681350708,11.673689842224121,3.3309385776519775,563232
1985-07-16,11.732057571411133,11.732057571411133,11.673689842224121,11.732057571411133,3.3475935459136963,1057935
1985-07-17,11.790426254272461,11.819610595703125,11.673689842224121,11.732057571411133,3.3475935459136963,947001
1985-07-18,11.732057571411133,11.790426254272461,11.702874183654785,11.761241912841797,3.355921745300293,1100766
1985-07-19,11.761241912841797,11.819610595703125,11.702874183654785,11.819610595703125,3.3725764751434326,1502096
1985-07-22,11.761241912841797,11.848794937133789,11.732057571411133,11.848794937133789,3.3809025287628174,689585
1985-07-23,11.819610595703125,12.082268714904785,11.819610595703125,11.936347961425781,3.4058847427368164,5268257
1985-07-24,11.9071626663208,11.965532302856445,11.877979278564453,11.936347961425781,3.4058847427368164,1811338
1985-07-25,11.9071626663208,12.023900032043457,11.877979278564453,12.023900032043457,3.430863618850708,1071212
1985-07-26,11.965532302856445,12.11145305633545,11.965532302856445,12.11145305633545,3.4558470249176025,1403584
1985-07-29,12.082268714904785,12.169820785522461,12.053084373474121,12.169820785522461,3.472504138946533,1463548
1985-07-30,12.11145305633545,12.11145305633545,12.053084373474121,12.11145305633545,3.4558470249176025,323377
1985-07-31,12.11145305633545,12.11145305633545,11.936347961425781,11.965532302856445,3.4142093658447266,557236
1985-08-01,11.994715690612793,12.023900032043457,11.936347961425781,11.994715690612793,3.422539710998535,683160
1985-08-02,11.936347961425781,11.965532302856445,11.877979278564453,11.936347961425781,3.4058847427368164,290825
1985-08-05,11.936347961425781,11.936347961425781,11.790426254272461,11.9071626663208,3.397557497024536,465149
1985-08-06,11.877979278564453,11.9071626663208,11.732057571411133,11.732057571411133,3.3475935459136963,483566
1985-08-07,11.732057571411133,11.732057571411133,11.615321159362793,11.64450454711914,3.3226096630096436,803088
1985-08-08,11.64450454711914,11.64450454711914,11.5277681350708,11.615321159362793,3.3142857551574707,615058
1985-08-09,11.615321159362793,11.64450454711914,11.440216064453125,11.440216064453125,3.2643213272094727,578223
1985-08-12,11.498583793640137,11.586136817932129,11.440216064453125,11.556953430175781,3.297628402709961,215442
1985-08-13,11.5277681350708,11.615321159362793,11.440216064453125,11.440216064453125,3.2643213272094727,1063074
1985-08-14,11.469400405883789,11.498583793640137,11.352663040161133,11.352663040161133,3.2393383979797363,280974
1985-08-15,11.352663040161133,11.615321159362793,11.26511001586914,11.352663040161133,3.2393383979797363,274121
1985-08-16,11.323478698730469,11.498583793640137,11.177557945251465,11.498583793640137,3.2809743881225586,1286226
1985-08-19,11.323478698730469,11.381847381591797,11.294295310974121,11.323478698730469,3.2708590030670166,196168
1985-08-20,11.381847381591797,11.469400405883789,11.323478698730469,11.469400405883789,3.31300687789917,289112
1985-08-21,11.469400405883789,11.498583793640137,11.381847381591797,11.469400405883789,3.31300687789917,376916
1985-08-22,11.411031723022461,11.440216064453125,11.235925674438477,11.235925674438477,3.2455687522888184,389337
1985-08-23,11.206742286682129,11.235925674438477,11.1483736038208,11.235925674438477,3.2455687522888184,302818
1985-08-26,11.26511001586914,11.323478698730469,11.235925674438477,11.294295310974121,3.26242733001709,161903
1985-08-27,11.352663040161133,11.469400405883789,11.352663040161133,11.469400405883789,3.31300687789917,227435
1985-08-28,11.411031723022461,11.586136817932129,11.411031723022461,11.556953430175781,3.3382978439331055,195739
1985-08-29,11.556953430175781,11.615321159362793,11.5277681350708,11.586136817932129,3.3467283248901367,365780
1985-08-30,11.615321159362793,11.615321159362793,11.498583793640137,11.5277681350708,3.3298685550689697,206447
1985-09-03,11.556953430175781,11.556953430175781,11.411031723022461,11.411031723022461,3.2961487770080566,268981
1985-09-04,11.352663040161133,11.440216064453125,11.235925674438477,11.294295310974121,3.26242733001709,850631
1985-09-05,11.323478698730469,11.323478698730469,11.235925674438477,11.294295310974121,3.26242733001709,1063074
1985-09-06,11.323478698730469,11.323478698730469,11.206742286682129,11.235925674438477,3.2455687522888184,391479
1985-09-09,11.235925674438477,11.411031723022461,11.235925674438477,11.26511001586914,3.2539987564086914,617200
1985-09-10,11.294295310974121,11.323478698730469,11.26511001586914,11.26511001586914,3.2539987564086914,806515
1985-09-11,11.26511001586914,11.352663040161133,11.206742286682129,11.26511001586914,3.2539987564086914,462579
1985-09-12,11.235925674438477,11.26511001586914,11.206742286682129,11.206742286682129,3.23713755607605,578652
1985-09-13,11.235925674438477,11.294295310974121,11.206742286682129,11.235925674438477,3.2455687522888184,397475
1985-09-16,11.235925674438477,11.26511001586914,11.206742286682129,11.235925674438477,3.2455687522888184,333228
1985-09-17,11.235925674438477,11.26511001586914,11.177557945251465,11.235925674438477,3.2455687522888184,658318
1985-09-18,11.206742286682129,11.294295310974121,11.1483736038208,11.206742286682129,3.23713755607605,1798489
1985-09-19,11.206742286682129,11.26511001586914,11.177557945251465,11.235925674438477,3.2455687522888184,466005
1985-09-20,11.206742286682129,11.235925674438477,11.1483736038208,11.1483736038208,3.220277786254883,581650
1985-09-23,11.26511001586914,11.352663040161133,11.26511001586914,11.26511001586914,3.2539987564086914,706717
1985-09-24,11.26511001586914,11.26511001586914,11.1483736038208,11.1483736038208,3.220277786254883,407326
1985-09-25,11.177557945251465,11.177557945251465,11.00245189666748,11.00245189666748,3.1781275272369385,662173
1985-09-26,10.973267555236816,11.060820579528809,10.944084167480469,11.031637191772461,3.186558485031128,509693
1985-09-30,11.031637191772461,11.031637191772461,10.827346801757812,10.827346801757812,3.1275477409362793,1220265
1985-10-01,10.827346801757812,10.827346801757812,10.710610389709473,10.710610389709473,3.0938260555267334,1341050
1985-10-02,10.73979377746582,10.7689790725708,10.331214904785156,10.50632095336914,3.0348174571990967,1389878
1985-10-03,10.564688682556152,10.7689790725708,10.535505294799805,10.681426048278809,3.0853946208953857,877186
1985-10-04,10.681426048278809,10.710610389709473,10.593873023986816,10.681426048278809,3.0853946208953857,978697
1985-10-07,10.710610389709473,10.798163414001465,10.62305736541748,10.73979377746582,3.1022558212280273,494274
1985-10-08,10.798163414001465,10.914899826049805,10.652241706848145,10.681426048278809,3.0853946208953857,470717
1985-10-09,10.652241706848145,10.827346801757812,10.652241706848145,10.681426048278809,3.0853946208953857,464720
1985-10-10,10.681426048278809,10.710610389709473,10.652241706848145,10.652241706848145,3.076967716217041,328945
1985-10-11,10.652241706848145,10.710610389709473,10.535505294799805,10.593873023986816,3.0601084232330322,371776
1985-10-14,10.593873023986816,10.73979377746582,10.593873023986816,10.710610389709473,3.0938260555267334,233003
1985-10-15,10.73979377746582,10.7689790725708,10.681426048278809,10.681426048278809,3.0853946208953857,1532934
1985-10-16,10.681426048278809,10.7689790725708,10.681426048278809,10.7689790725708,3.1106884479522705,2691523
1985-10-17,10.7689790725708,10.827346801757812,10.681426048278809,10.73979377746582,3.1022558212280273,982123
1985-10-18,10.710610389709473,10.973267555236816,10.710610389709473,10.944084167480469,3.161268711090088,1864021
1985-10-21,10.914899826049805,10.973267555236816,10.885716438293457,10.914899826049805,3.1528375148773193,615915
1985-10-22,10.914899826049805,11.00245189666748,10.914899826049805,10.944084167480469,3.161268711090088,749977
1985-10-23,10.944084167480469,10.944084167480469,10.827346801757812,10.827346801757812,3.1275477409362793,388480
1985-10-24,10.7689790725708,10.827346801757812,10.73979377746582,10.7689790725708,3.1106884479522705,475856
1985-10-25,10.73979377746582,10.885716438293457,10.710610389709473,10.710610389709473,3.0938260555267334,617628
1985-10-28,10.710610389709473,10.73979377746582,10.652241706848145,10.73979377746582,3.1022558212280273,333228
1985-10-29,10.73979377746582,10.73979377746582,10.564688682556152,10.593873023986816,3.0601084232330322,1119183
1985-10-30,10.652241706848145,10.652241706848145,10.50632095336914,10.535505294799805,3.0432450771331787,929869
1985-10-31,10.535505294799805,10.535505294799805,10.331214904785156,10.36039924621582,2.9926648139953613,1212984
1985-11-01,10.36039924621582,10.652241706848145,10.331214904785156,10.62305736541748,3.0685360431671143,661316
1985-11-04,10.564688682556152,10.62305736541748,10.535505294799805,10.62305736541748,3.0685360431671143,828359
1985-11-05,10.681426048278809,10.856531143188477,10.62305736541748,10.827346801757812,3.1275477409362793,669026
1985-11-06,10.856531143188477,10.914899826049805,10.7689790725708,10.798163414001465,3.11911940574646,1105906
1985-11-07,10.7689790725708,10.798163414001465,10.710610389709473,10.7689790725708,3.1106884479522705,842493
1985-11-08,10.798163414001465,10.827346801757812,10.73979377746582,10.73979377746582,3.1022558212280273,913593
1985-11-11,10.798163414001465,10.914899826049805,10.681426048278809,10.914899826049805,3.1528375148773193,859625
1985-11-12,10.914899826049805,11.1483736038208,10.885716438293457,11.031637191772461,3.186558485031128,2354868
1985-11-13,10.973267555236816,11.031637191772461,10.827346801757812,10.944084167480469,3.161268711090088,755545
1985-11-14,10.944084167480469,11.381847381591797,10.885716438293457,11.323478698730469,3.2708590030670166,742696
1985-11-15,11.323478698730469,11.5277681350708,11.323478698730469,11.440216064453125,3.304579496383667,1599323
1985-11-18,11.090004920959473,11.323478698730469,11.00245189666748,11.090004920959473,3.243126392364502,567516
1985-11-19,11.060820579528809,11.206742286682129,11.060820579528809,11.090004920959473,3.243126392364502,401330
1985-11-20,11.1483736038208,11.1483736038208,10.914899826049805,11.060820579528809,3.2345941066741943,778246
1985-11-21,11.090004920959473,11.440216064453125,11.090004920959473,11.323478698730469,3.3114066123962402,1480252
1985-11-22,11.26511001586914,11.352663040161133,11.177557945251465,11.177557945251465,3.268733501434326,441591
1985-11-25,11.119189262390137,11.235925674438477,11.090004920959473,11.206742286682129,3.2772693634033203,445446
1985-11-26,11.177557945251465,11.206742286682129,11.00245189666748,11.031637191772461,3.2260594367980957,403471
1985-11-27,11.00245189666748,11.294295310974121,10.973267555236816,11.26511001586914,3.2943358421325684,922159
1985-11-29,11.235925674438477,11.294295310974121,11.177557945251465,11.206742286682129,3.2772693634033203,321664
1985-12-02,11.26511001586914,11.294295310974121,11.090004920959473,11.090004920959473,3.243126392364502,356357
1985-12-03,11.090004920959473,11.206742286682129,11.060820579528809,11.1483736038208,3.260197162628174,403043
1985-12-04,11.323478698730469,11.440216064453125,11.26511001586914,11.411031723022461,3.3370094299316406,2307754
1985-12-05,11.440216064453125,11.556953430175781,11.440216064453125,11.498583793640137,3.3626136779785156,2233227
1985-12-06,11.440216064453125,11.586136817932129,11.440216064453125,11.586136817932129,3.388218641281128,1312781
1985-12-09,11.615321159362793,11.732057571411133,11.615321159362793,11.64450454711914,3.405287027359009,1264810
1985-12-10,11.673689842224121,11.702874183654785,11.586136817932129,11.586136817932129,3.388218641281128,762398
1985-12-11,11.64450454711914,11.790426254272461,11.615321159362793,11.790426254272461,3.4479589462280273,1455410
1985-12-12,11.732057571411133,11.790426254272461,11.702874183654785,11.790426254272461,3.4479589462280273,804373
1985-12-13,11.877979278564453,11.994715690612793,11.819610595703125,11.848794937133789,3.4650280475616455,1777073
1985-12-16,11.877979278564453,12.082268714904785,11.732057571411133,11.994715690612793,3.507699966430664,1283228
1985-12-17,12.023900032043457,12.053084373474121,11.819610595703125,11.9071626663208,3.4820966720581055,880184
1985-12-18,11.994715690612793,12.023900032043457,11.848794937133789,11.9071626663208,3.4820966720581055,921731
1985-12-19,11.9071626663208,12.082268714904785,11.9071626663208,11.994715690612793,3.507699966430664,856627
1985-12-20,11.936347961425781,12.082268714904785,11.732057571411133,11.732057571411133,3.4308900833129883,1858881
1985-12-23,11.702874183654785,11.702874183654785,11.381847381591797,11.586136817932129,3.388218641281128,1860166
1985-12-24,11.64450454711914,11.64450454711914,11.586136817932129,11.64450454711914,3.405287027359009,325518
1985-12-26,11.673689842224121,11.790426254272461,11.673689842224121,11.732057571411133,3.4308900833129883,344364
1985-12-27,11.732057571411133,11.761241912841797,11.702874183654785,11.761241912841797,3.4394237995147705,463435
1985-12-30,11.790426254272461,12.023900032043457,11.732057571411133,11.965532302856445,3.499166250228882,695153
1985-12-31,11.936347961425781,12.023900032043457,11.848794937133789,11.848794937133789,3.4650280475616455,516118
1986-01-02,11.848794937133789,11.848794937133789,11.615321159362793,11.673689842224121,3.4138200283050537,721280
1986-01-03,11.732057571411133,11.761241912841797,11.615321159362793,11.673689842224121,3.4138200283050537,603494
1986-01-06,11.732057571411133,11.732057571411133,11.586136817932129,11.64450454711914,3.405287027359009,277119
1986-01-07,11.586136817932129,11.790426254272461,11.586136817932129,11.790426254272461,3.4479589462280273,2267064
1986-01-08,11.848794937133789,11.877979278564453,11.440216064453125,11.498583793640137,3.3626136779785156,961992
1986-01-09,11.440216064453125,11.615321159362793,11.294295310974121,11.615321159362793,3.396751880645752,829643
1986-01-10,11.586136817932129,11.615321159362793,11.411031723022461,11.440216064453125,3.3455448150634766,500699
1986-01-13,11.440216064453125,11.64450454711914,11.440216064453125,11.64450454711914,3.405287027359009,569657
1986-01-14,11.673689842224121,11.732057571411133,11.556953430175781,11.615321159362793,3.396751880645752,1702118
1986-01-15,11.615321159362793,11.732057571411133,11.556953430175781,11.702874183654785,3.4223551750183105,1511947
1986-01-16,11.702874183654785,12.023900032043457,11.673689842224121,11.994715690612793,3.507699966430664,1532934
1986-01-17,11.936347961425781,12.023900032043457,11.761241912841797,11.936347961425781,3.4906320571899414,2152704
1986-01-20,11.936347961425781,12.053084373474121,11.732057571411133,12.053084373474121,3.5247690677642822,660888
1986-01-21,11.994715690612793,12.023900032043457,11.732057571411133,11.819610595703125,3.456493854522705,610347
1986-01-22,11.819610595703125,11.877979278564453,11.615321159362793,11.615321159362793,3.396751880645752,800090
1986-01-23,11.64450454711914,11.702874183654785,11.498583793640137,11.5277681350708,3.371147394180298,785099
1986-01-24,11.5277681350708,11.673689842224121,11.411031723022461,11.5277681350708,3.371147394180298,903742
1986-01-27,11.586136817932129,11.732057571411133,11.586136817932129,11.673689842224121,3.4138200283050537,582078
1986-01-28,11.64450454711914,12.11145305633545,11.586136817932129,12.053084373474121,3.5247690677642822,1291794
1986-01-29,12.140637397766113,12.228190422058105,12.023900032043457,12.082268714904785,3.533304214477539,1134603
1986-01-30,12.023900032043457,12.11145305633545,11.761241912841797,11.790426254272461,3.4479589462280273,421889
1986-01-31,11.732057571411133,12.228190422058105,11.732057571411133,12.11145305633545,3.5418386459350586,1309783
1986-02-03,12.169820785522461,12.315741539001465,11.994715690612793,12.315741539001465,3.6015806198120117,1209986
1986-02-04,12.49084758758545,12.695137023925781,12.315741539001465,12.63676929473877,3.6954612731933594,2969927
1986-02-05,12.607584953308105,12.607584953308105,12.49084758758545,12.549216270446777,3.6698548793792725,1114044
1986-02-06,12.578399658203125,12.665952682495117,12.461664199829102,12.549216270446777,3.6698548793792725,1596753
1986-02-07,12.49084758758545,12.549216270446777,12.169820785522461,12.461664199829102,3.6442530155181885,1090915
1986-02-10,12.49084758758545,12.49084758758545,12.344926834106445,12.461664199829102,3.6442530155181885,1049797
1986-02-11,12.432478904724121,12.549216270446777,12.37411117553711,12.461664199829102,3.6442530155181885,541817
1986-02-12,12.461664199829102,12.63676929473877,12.344926834106445,12.461664199829102,3.6442530155181885,1184715
1986-02-13,12.49084758758545,12.665952682495117,12.344926834106445,12.665952682495117,3.703995943069458,1132461
1986-02-14,12.957795143127441,13.01616382598877,12.461664199829102,12.957795143127441,3.831719398498535,2096595
1986-02-18,13.01616382598877,13.132901191711426,12.811874389648438,13.01616382598877,3.848978281021118,1081064
1986-02-19,13.01616382598877,13.103716850280762,12.89942741394043,12.986980438232422,3.840348958969116,1555207
1986-02-20,12.986980438232422,13.045348167419434,12.870243072509766,13.045348167419434,3.8576104640960693,742696
1986-02-21,13.132901191711426,13.424742698669434,13.01616382598877,13.424742698669434,3.9698002338409424,2480792
1986-02-24,13.366374969482422,13.599847793579102,13.337189674377441,13.483111381530762,3.987060308456421,1540644
1986-02-25,13.395559310913086,13.424742698669434,13.132901191711426,13.249637603759766,3.9180195331573486,691726
1986-02-26,13.191268920898438,13.366374969482422,13.191268920898438,13.220453262329102,3.9093894958496094,744837
1986-02-27,13.27882194519043,13.54148006439209,13.249637603759766,13.512295722961426,3.9956893920898438,1187714
1986-02-28,13.629033088684082,13.629033088684082,13.395559310913086,13.424742698669434,3.9698002338409424,1268237
1986-03-03,13.395559310913086,13.453927040100098,13.27882194519043,13.395559310913086,3.9611663818359375,515261
1986-03-04,13.337189674377441,13.366374969482422,13.220453262329102,13.220453262329102,3.9093894958496094,926014
1986-03-05,13.249637603759766,13.249637603759766,12.89942741394043,13.103716850280762,3.8748703002929688,690013
1986-03-06,13.162084579467773,13.162084579467773,12.957795143127441,13.103716850280762,3.8748703002929688,824075
1986-03-07,13.045348167419434,13.424742698669434,13.045348167419434,13.366374969482422,3.952540397644043,1368462
1986-03-10,13.308006286621094,13.453927040100098,13.27882194519043,13.27882194519043,3.9266481399536133,587218
1986-03-11,13.308006286621094,13.745768547058105,13.27882194519043,13.687400817871094,4.047471046447754,1498669
1986-03-12,13.774953842163086,14.008426666259766,13.745768547058105,13.862505912780762,4.099249362945557,2144138
1986-03-13,13.833321571350098,14.095979690551758,13.774953842163086,13.979243278503418,4.1337690353393555,833927
1986-03-14,14.125164031982422,15.23416519165039,14.125164031982422,15.146612167358398,4.478969573974609,3648375
1986-03-17,14.767216682434082,15.146612167358398,14.358637809753418,14.358637809753418,4.2459588050842285,2542470
1986-03-18,14.32945442199707,14.44619083404541,14.008426666259766,14.212717056274414,4.20280647277832,2984489
1986-03-19,14.271084785461426,14.387822151184082,14.125164031982422,14.154349327087402,4.185550689697266,1402727
1986-03-20,14.241901397705078,14.504558563232422,14.241901397705078,14.271084785461426,4.220066547393799,1142741
1986-03-21,14.32945442199707,14.387822151184082,14.008426666259766,14.008426666259766,4.142398834228516,2587014
1986-03-24,14.125164031982422,14.212717056274414,14.008426666259766,14.125164031982422,4.176919937133789,1072926
1986-03-25,14.125164031982422,14.18353271484375,14.008426666259766,14.06679630279541,4.159658432006836,516546
1986-03-26,14.18353271484375,14.475375175476074,14.18353271484375,14.417007446289062,4.263220310211182,1796776
1986-03-27,14.533743858337402,14.679664611816406,14.358637809753418,14.44619083404541,4.271848678588867,1133746
1986-03-31,14.533743858337402,14.562928199768066,14.300270080566406,14.358637809753418,4.2459588050842285,682732
1986-04-01,14.417007446289062,14.504558563232422,13.92087459564209,14.06679630279541,4.159658432006836,876758
1986-04-02,14.008426666259766,14.125164031982422,13.774953842163086,14.095979690551758,4.168290615081787,809513
1986-04-03,14.125164031982422,14.300270080566406,14.037611961364746,14.18353271484375,4.194178581237793,1131605
1986-04-04,14.06679630279541,14.095979690551758,13.658217430114746,13.716585159301758,4.056097984313965,952141
1986-04-07,13.658217430114746,13.745768547058105,13.424742698669434,13.54148006439209,4.00432014465332,618057
1986-04-08,13.774953842163086,14.095979690551758,13.54148006439209,13.891691207885742,4.107882022857666,1904282
1986-04-09,14.037611961364746,14.154349327087402,13.774953842163086,13.862505912780762,4.099249362945557,1539359
1986-04-10,13.92087459564209,13.92087459564209,13.366374969482422,13.512295722961426,3.9956893920898438,1314923
1986-04-11,13.570664405822754,13.658217430114746,13.27882194519043,13.27882194519043,3.9266481399536133,794950
1986-04-14,13.308006286621094,13.366374969482422,13.191268920898438,13.337189674377441,3.9439098834991455,534535
1986-04-15,13.337189674377441,13.687400817871094,13.308006286621094,13.629033088684082,4.030208110809326,1690125
1986-04-16,13.687400817871094,14.241901397705078,13.658217430114746,14.212717056274414,4.20280647277832,1554778
1986-04-17,14.18353271484375,14.32945442199707,13.92087459564209,14.154349327087402,4.185550689697266,1066501
1986-04-18,14.095979690551758,14.125164031982422,13.716585159301758,13.716585159301758,4.056097984313965,1990802
1986-04-21,13.716585159301758,13.774953842163086,13.599847793579102,13.716585159301758,4.056097984313965,645897
1986-04-22,13.774953842163086,13.774953842163086,13.483111381530762,13.599847793579102,4.021576404571533,1260527
1986-04-23,13.54148006439209,13.979243278503418,13.512295722961426,13.950058937072754,4.12513542175293,576510
1986-04-24,13.92087459564209,13.92087459564209,13.687400817871094,13.745768547058105,4.06472635269165,830500
1986-04-25,13.80413818359375,13.833321571350098,13.570664405822754,13.687400817871094,4.047471046447754,658318
1986-04-28,13.716585159301758,13.92087459564209,13.599847793579102,13.92087459564209,4.116508483886719,884468
1986-04-29,13.891691207885742,13.979243278503418,13.658217430114746,13.745768547058105,4.06472635269165,1720536
1986-04-30,13.80413818359375,13.833321571350098,13.27882194519043,13.366374969482422,3.952540397644043,3090711
1986-05-01,13.337189674377441,13.453927040100098,13.162084579467773,13.308006286621094,3.9352779388427734,922587
1986-05-02,13.337189674377441,13.366374969482422,13.162084579467773,13.162084579467773,3.8921303749084473,451871
1986-05-05,13.162084579467773,13.337189674377441,13.162084579467773,13.308006286621094,3.9352779388427734,358927
1986-05-06,13.27882194519043,13.308006286621094,13.074531555175781,13.162084579467773,3.8921303749084473,927727
1986-05-07,13.162084579467773,13.220453262329102,13.01616382598877,13.191268920898438,3.900756597518921,1030523
1986-05-08,13.162084579467773,13.191268920898438,12.870243072509766,13.074531555175781,3.866239547729492,808228
1986-05-09,12.957795143127441,13.27882194519043,12.957795143127441,13.27882194519043,3.9266481399536133,636902
1986-05-12,13.220453262329102,13.366374969482422,13.191268920898438,13.366374969482422,3.952540397644043,868620
1986-05-13,13.337189674377441,13.483111381530762,13.337189674377441,13.424742698669434,3.9698002338409424,787240
1986-05-14,13.483111381530762,13.774953842163086,13.424742698669434,13.774953842163086,4.073360919952393,1741095
1986-05-15,13.658217430114746,13.687400817871094,13.337189674377441,13.337189674377441,3.9439098834991455,1034806
1986-05-16,13.308006286621094,13.308006286621094,13.074531555175781,13.220453262329102,3.9093894958496094,1195423
1986-05-19,13.074531555175781,13.162084579467773,13.045348167419434,13.074531555175781,3.9076435565948486,342651
1986-05-20,13.103716850280762,13.395559310913086,13.074531555175781,13.395559310913086,4.0035905838012695,744409
1986-05-21,13.337189674377441,13.366374969482422,13.045348167419434,13.045348167419434,3.8989245891571045,859625
1986-05-22,13.045348167419434,13.27882194519043,12.986980438232422,13.220453262329102,3.9512557983398438,785099
1986-05-23,13.162084579467773,13.395559310913086,13.162084579467773,13.395559310913086,4.0035905838012695,698579
1986-05-27,13.774953842163086,14.037611961364746,13.658217430114746,14.037611961364746,4.19548225402832,2500923
1986-05-28,14.095979690551758,14.18353271484375,13.950058937072754,14.18353271484375,4.23909854888916,1819048
1986-05-29,14.154349327087402,14.212717056274414,14.037611961364746,14.154349327087402,4.23037576675415,1346190
1986-05-30,14.18353271484375,14.796401977539062,14.125164031982422,14.621295928955078,4.369933605194092,2409264
1986-06-02,14.592111587524414,14.738033294677734,14.504558563232422,14.592111587524414,4.361209392547607,785527
1986-06-03,14.533743858337402,14.796401977539062,14.504558563232422,14.796401977539062,4.422267913818359,2421685
1986-06-04,14.796401977539062,14.796401977539062,14.621295928955078,14.767216682434082,4.413544654846191,784671
1986-06-05,14.70884895324707,14.738033294677734,14.621295928955078,14.70884895324707,4.396101951599121,875473
1986-06-06,14.738033294677734,14.738033294677734,14.592111587524414,14.679664611816406,4.387378692626953,707146
1986-06-09,14.650480270385742,14.650480270385742,14.241901397705078,14.300270080566406,4.27398681640625,798805
1986-06-10,14.300270080566406,14.417007446289062,13.950058937072754,14.212717056274414,4.247816562652588,905027
1986-06-11,14.387822151184082,14.767216682434082,14.32945442199707,14.767216682434082,4.413544654846191,1465689
1986-06-12,14.767216682434082,14.883954048156738,14.70884895324707,14.767216682434082,4.413544654846191,875473
1986-06-13,14.738033294677734,15.117427825927734,14.70884895324707,15.059060096740723,4.500770568847656,1312781
1986-06-16,15.117427825927734,15.146612167358398,15.029874801635742,15.059060096740723,4.500770568847656,1152592
1986-06-17,15.029874801635742,15.146612167358398,15.029874801635742,15.029874801635742,4.492046356201172,859625
1986-06-18,14.883954048156738,14.883954048156738,14.767216682434082,14.825586318969727,4.430990695953369,1113615
1986-06-19,14.854769706726074,15.029874801635742,14.825586318969727,14.883954048156738,4.448432922363281,659603
1986-06-20,14.913138389587402,14.97150707244873,14.825586318969727,14.942322731018066,4.465878486633301,1381740
1986-06-23,14.854769706726074,14.883954048156738,14.70884895324707,14.738033294677734,4.4048237800598145,552525
1986-06-24,14.796401977539062,14.883954048156738,14.679664611816406,14.825586318969727,4.430990695953369,1136316
1986-06-25,14.854769706726074,14.854769706726074,14.738033294677734,14.825586318969727,4.430990695953369,793665
1986-06-26,14.825586318969727,14.942322731018066,14.738033294677734,14.854769706726074,4.439711093902588,704148
1986-06-27,14.854769706726074,14.97150707244873,14.796401977539062,14.854769706726074,4.439711093902588,756830
1986-06-30,14.825586318969727,14.825586318969727,14.650480270385742,14.679664611816406,4.387378692626953,548241
1986-07-01,14.679664611816406,14.767216682434082,14.533743858337402,14.650480270385742,4.378654479980469,696866
1986-07-02,14.70884895324707,14.70884895324707,14.44619083404541,14.621295928955078,4.369933605194092,517831
1986-07-03,14.621295928955078,14.883954048156738,14.417007446289062,14.883954048156738,4.448432922363281,478855
1986-07-07,14.883954048156738,14.883954048156738,14.679664611816406,14.70884895324707,4.396101951599121,1189427
1986-07-08,14.533743858337402,15.000691413879395,14.475375175476074,14.97150707244873,4.474601745605469,3063299
1986-07-09,15.059060096740723,15.759481430053711,15.059060096740723,15.759481430053711,4.710109233856201,2864990
1986-07-10,15.817849159240723,15.992955207824707,15.438453674316406,15.759481430053711,4.710109233856201,1569769
1986-07-11,15.759481430053711,15.759481430053711,15.584376335144043,15.61355972290039,4.6664958000183105,722993
1986-07-14,15.49682331085205,15.788664817810059,15.35090160369873,15.555191040039062,4.649051189422607,816366
1986-07-15,15.61355972290039,15.847034454345703,15.204980850219727,15.263348579406738,4.561824321746826,2243935
1986-07-16,15.321718215942383,15.467638969421387,14.883954048156738,15.000691413879395,4.483326435089111,2237082
1986-07-17,15.000691413879395,15.204980850219727,14.883954048156738,15.088244438171387,4.509490966796875,1198421
1986-07-18,15.059060096740723,15.584376335144043,15.029874801635742,15.23416519165039,4.553102493286133,2633700
1986-07-21,15.263348579406738,15.467638969421387,15.175795555114746,15.380085945129395,4.59671688079834,1542357
1986-07-22,15.263348579406738,15.467638969421387,15.175795555114746,15.263348579406738,4.561824321746826,1527366
1986-07-23,15.175795555114746,15.380085945129395,15.175795555114746,15.35090160369873,4.587994575500488,1742380
1986-07-24,15.35090160369873,15.35090160369873,15.117427825927734,15.292532920837402,4.570547103881836,1268665
1986-07-25,15.292532920837402,15.438453674316406,15.204980850219727,15.292532920837402,4.570547103881836,1461406
1986-07-28,15.321718215942383,15.321718215942383,14.70884895324707,14.70884895324707,4.396101951599121,1230973
1986-07-29,14.854769706726074,14.913138389587402,14.679664611816406,14.767216682434082,4.413544654846191,1014247
1986-07-30,14.825586318969727,15.059060096740723,14.70884895324707,15.059060096740723,4.500770568847656,1943687
1986-07-31,15.059060096740723,15.059060096740723,14.883954048156738,14.97150707244873,4.474601745605469,1056650
1986-08-01,14.913138389587402,14.913138389587402,14.650480270385742,14.70884895324707,4.396101951599121,1480680
1986-08-04,14.679664611816406,14.796401977539062,14.504558563232422,14.796401977539062,4.422267913818359,969702
1986-08-05,14.854769706726074,14.913138389587402,14.18353271484375,14.387822151184082,4.300154209136963,1148309
1986-08-06,14.300270080566406,14.562928199768066,14.271084785461426,14.475375175476074,4.326320171356201,1176577
1986-08-07,14.475375175476074,14.854769706726074,14.44619083404541,14.854769706726074,4.439711093902588,794093
1986-08-08,14.883954048156738,15.263348579406738,14.767216682434082,15.146612167358398,4.526937961578369,803088
1986-08-11,15.146612167358398,15.35090160369873,14.387822151184082,14.942322731018066,4.465878486633301,3762735
1986-08-12,15.175795555114746,15.175795555114746,14.854769706726074,15.029874801635742,4.492046356201172,1751374
1986-08-13,15.029874801635742,15.059060096740723,14.796401977539062,14.942322731018066,4.465878486633301,1997226
1986-08-14,14.942322731018066,15.380085945129395,14.942322731018066,15.380085945129395,4.59671688079834,2432393
1986-08-15,15.409270286560059,15.671928405761719,15.35090160369873,15.642744064331055,4.675217151641846,3008903
1986-08-18,15.934585571289062,15.992955207824707,15.438453674316406,15.934585571289062,4.805477142333984,2352298
1986-08-19,15.905402183532715,15.905402183532715,15.817849159240723,15.87621784210205,4.7878737449646,1737240
1986-08-20,15.847034454345703,15.87621784210205,15.730297088623047,15.87621784210205,4.7878737449646,1033949
1986-08-21,15.788664817810059,15.87621784210205,15.730297088623047,15.87621784210205,4.7878737449646,862624
1986-08-22,15.788664817810059,16.05132293701172,15.642744064331055,16.022138595581055,4.831880569458008,982980
1986-08-25,15.992955207824707,16.28479766845703,15.817849159240723,16.255613327026367,4.902290344238281,1538502
1986-08-26,16.255613327026367,16.401533126831055,16.22642707824707,16.401533126831055,4.946293354034424,2355296
1986-08-27,16.313980102539062,16.372350692749023,16.22642707824707,16.28479766845703,4.911090850830078,884468
1986-08-28,16.109691619873047,16.13887596130371,15.905402183532715,16.13887596130371,4.867083549499512,1232258
1986-08-29,16.022138595581055,16.080507278442383,15.817849159240723,15.847034454345703,4.779071807861328,908881
1986-09-02,15.905402183532715,15.963769912719727,15.321718215942383,15.409270286560059,4.647053241729736,1462263
1986-09-03,15.35090160369873,15.817849159240723,15.35090160369873,15.730297088623047,4.743868350982666,1524796
1986-09-04,15.730297088623047,16.255613327026367,15.730297088623047,16.22642707824707,4.893489360809326,3000765
1986-09-05,16.168060302734375,16.66419219970703,16.13887596130371,16.372350692749023,4.937495708465576,3381536
1986-09-08,16.28479766845703,16.372350692749023,16.05132293701172,16.313980102539062,4.919890403747559,1289224
1986-09-09,16.343164443969727,16.459901809692383,16.13887596130371,16.22642707824707,4.893489360809326,1463548
1986-09-10,16.343164443969727,16.343164443969727,16.022138595581055,16.109691619873047,4.858282566070557,1209129
1986-09-11,15.934585571289062,15.992955207824707,15.204980850219727,15.23416519165039,4.594244956970215,2088029
1986-09-12,15.292532920837402,15.817849159240723,14.767216682434082,15.701111793518066,4.735065460205078,2766049
1986-09-15,15.642744064331055,15.817849159240723,15.584376335144043,15.817849159240723,4.770269870758057,2551036
1986-09-16,15.759481430053711,16.51827049255371,15.49682331085205,16.313980102539062,4.919890403747559,1906424
1986-09-17,16.372350692749023,16.897666931152344,16.255613327026367,16.51827049255371,4.981500148773193,2830296
1986-09-18,16.459901809692383,17.04358673095703,16.05132293701172,16.28479766845703,4.911090850830078,2428110
1986-09-19,16.19724464416504,16.372350692749023,16.05132293701172,16.22642707824707,4.893489360809326,2331739
1986-09-22,16.28479766845703,16.43071746826172,16.080507278442383,16.43071746826172,4.9550957679748535,1285369
1986-09-23,16.372350692749023,16.751745223999023,16.372350692749023,16.693376541137695,5.034308910369873,1451983
1986-09-24,16.72256088256836,16.868480682373047,16.605823516845703,16.693376541137695,5.034308910369873,1642583
1986-09-25,16.693376541137695,16.693376541137695,16.22642707824707,16.57663917541504,4.9991044998168945,1564630
1986-09-26,16.372350692749023,16.66419219970703,16.28479766845703,16.372350692749023,4.937495708465576,1060933
1986-09-29,16.343164443969727,16.343164443969727,15.87621784210205,16.080507278442383,4.849483489990234,867763
1986-09-30,16.13887596130371,16.168060302734375,15.87621784210205,15.87621784210205,4.7878737449646,1000112
1986-10-01,16.05132293701172,16.168060302734375,15.87621784210205,15.992955207824707,4.823080062866211,1022813
1986-10-02,15.934585571289062,16.109691619873047,15.87621784210205,16.022138595581055,4.831880569458008,1711541
1986-10-03,16.19724464416504,16.401533126831055,15.759481430053711,15.87621784210205,4.7878737449646,1275518
1986-10-06,15.934585571289062,16.022138595581055,15.701111793518066,15.701111793518066,4.735065460205078,719995
1986-10-07,15.671928405761719,15.730297088623047,15.467638969421387,15.701111793518066,4.735065460205078,2084602
1986-10-08,15.642744064331055,16.022138595581055,15.61355972290039,15.847034454345703,4.779071807861328,1744950
1986-10-09,15.817849159240723,16.109691619873047,15.817849159240723,15.905402183532715,4.796673774719238,3594408
1986-10-10,15.87621784210205,15.934585571289062,15.642744064331055,15.642744064331055,4.717461109161377,786812
1986-10-13,15.671928405761719,16.22642707824707,15.642744064331055,16.22642707824707,4.893489360809326,1246821
1986-10-14,16.255613327026367,16.51827049255371,16.22642707824707,16.313980102539062,4.919890403747559,2407551
1986-10-15,16.51827049255371,16.693376541137695,16.28479766845703,16.693376541137695,5.034308910369873,3979890
1986-10-16,16.693376541137695,16.780929565429688,16.605823516845703,16.751745223999023,5.0519118309021,2014787
1986-10-17,16.66419219970703,16.66419219970703,16.547454833984375,16.605823516845703,5.007905006408691,1635730
1986-10-20,16.459901809692383,16.547454833984375,16.343164443969727,16.372350692749023,4.937495708465576,756402
1986-10-21,16.343164443969727,16.489086151123047,16.13887596130371,16.22642707824707,4.893489360809326,570085
1986-10-22,16.22642707824707,16.313980102539062,16.022138595581055,16.080507278442383,4.849483489990234,1331199
1986-10-23,16.080507278442383,16.313980102539062,16.080507278442383,16.19724464416504,4.884689807891846,7838139
1986-10-24,16.28479766845703,16.401533126831055,16.22642707824707,16.28479766845703,4.911090850830078,2093597
1986-10-27,16.255613327026367,16.255613327026367,16.109691619873047,16.19724464416504,4.884689807891846,378201
1986-10-28,16.22642707824707,16.343164443969727,16.13887596130371,16.168060302734375,4.875885009765625,1219837
1986-10-29,16.13887596130371,16.28479766845703,16.109691619873047,16.22642707824707,4.893489360809326,690442
1986-10-30,16.81011390686035,16.81011390686035,16.57663917541504,16.751745223999023,5.0519118309021,1987803
1986-10-31,16.751745223999023,17.160324096679688,16.72256088256836,17.072771072387695,5.148725509643555,1783070
1986-11-03,17.160324096679688,17.18950843811035,17.072771072387695,17.160324096679688,5.175126075744629,1033521
1986-11-04,17.10195541381836,17.247875213623047,17.04358673095703,17.160324096679688,5.175126075744629,1991658
1986-11-05,17.131139755249023,17.42298126220703,17.04358673095703,17.306245803833008,5.21913480758667,1312353
1986-11-06,17.18950843811035,17.277061462402344,17.04358673095703,17.247875213623047,5.201530933380127,890036
1986-11-07,17.277061462402344,17.393796920776367,17.160324096679688,17.218692779541016,5.19273042678833,1696978
1986-11-10,17.18950843811035,17.18950843811035,17.072771072387695,17.131139755249023,5.166325569152832,538819
1986-11-11,17.10195541381836,17.160324096679688,17.014402389526367,17.131139755249023,5.166325569152832,887466
1986-11-12,17.247875213623047,17.247875213623047,17.072771072387695,17.10195541381836,5.157528400421143,762827
1986-11-13,17.04358673095703,17.04358673095703,16.693376541137695,16.693376541137695,5.034308910369873,1070784
1986-11-14,16.751745223999023,17.10195541381836,16.605823516845703,17.04358673095703,5.139923572540283,2076464
1986-11-17,16.926849365234375,17.10195541381836,16.81011390686035,16.926849365234375,5.1470208168029785,1242109
1986-11-18,16.926849365234375,17.014402389526367,16.57663917541504,16.605823516845703,5.049401760101318,1888863
1986-11-19,16.57663917541504,16.751745223999023,16.43071746826172,16.751745223999023,5.093776226043701,2328313
1986-11-20,16.780929565429688,17.04358673095703,16.780929565429688,16.95603370666504,5.1558990478515625,2180116
1986-11-21,17.04358673095703,17.510534286499023,17.014402389526367,17.510534286499023,5.324506759643555,4063839
1986-11-24,17.62727165222168,17.86074447631836,17.510534286499023,17.62727165222168,5.360001087188721,2018214
1986-11-25,17.65645408630371,17.65645408630371,17.393796920776367,17.56890296936035,5.342257022857666,1787353
1986-11-26,17.539718627929688,17.919113159179688,17.539718627929688,17.919113159179688,5.448742866516113,1502524
1986-11-28,17.919113159179688,17.977481842041016,17.86074447631836,17.86074447631836,5.430995464324951,606920
1986-12-01,17.62727165222168,18.00666618347168,17.56890296936035,17.977481842041016,5.46649694442749,1326487
1986-12-02,18.094219207763672,18.502798080444336,18.094219207763672,18.415245056152344,5.599603652954102,3026892
1986-12-03,18.415245056152344,18.707088470458984,18.356876373291016,18.415245056152344,5.599603652954102,1956965
1986-12-04,18.444429397583008,18.707088470458984,18.415245056152344,18.444429397583008,5.608479022979736,1860166
1986-12-05,18.444429397583008,18.561166763305664,18.123403549194336,18.18177032470703,5.5286102294921875,1036519
1986-12-08,18.269323348999023,18.298507690429688,18.065034866333008,18.18177032470703,5.5286102294921875,1355184
1986-12-09,18.240140914916992,18.240140914916992,17.889928817749023,17.94829750061035,5.457617282867432,1359467
1986-12-10,17.94829750061035,18.123403549194336,17.889928817749023,17.919113159179688,5.448742866516113,1369747
1986-12-11,17.919113159179688,18.035850524902344,17.598087310791016,17.86074447631836,5.430995464324951,1362037
1986-12-12,17.802377700805664,17.831560134887695,17.539718627929688,17.598087310791016,5.351129531860352,3394814
1986-12-15,17.56890296936035,17.56890296936035,17.218692779541016,17.393796920776367,5.289010047912598,2177975
1986-12-16,17.393796920776367,17.598087310791016,17.218692779541016,17.539718627929688,5.33337926864624,2572451
1986-12-17,17.510534286499023,17.56890296936035,17.277061462402344,17.364612579345703,5.280134677886963,2113728
1986-12-18,17.364612579345703,17.364612579345703,17.072771072387695,17.247875213623047,5.2446370124816895,1619025
1986-12-19,17.306245803833008,17.452165603637695,17.247875213623047,17.33542823791504,5.271260738372803,5182595
1986-12-22,17.33542823791504,17.65645408630371,17.277061462402344,17.56890296936035,5.342257022857666,1559918
1986-12-23,17.539718627929688,17.831560134887695,17.48134994506836,17.773191452026367,5.404374599456787,1541929
1986-12-24,17.919113159179688,18.152587890625,17.889928817749023,17.94829750061035,5.457617282867432,1343620
1986-12-26,17.977481842041016,17.977481842041016,17.86074447631836,17.919113159179688,5.448742866516113,192313
1986-12-29,17.919113159179688,17.977481842041016,17.802377700805664,17.889928817749023,5.4398698806762695,1460978
1986-12-30,17.831560134887695,17.831560134887695,17.685640335083008,17.802377700805664,5.413248538970947,1244251
1986-12-31,17.744007110595703,17.802377700805664,17.510534286499023,17.539718627929688,5.33337926864624,606920
1987-01-02,17.62727165222168,17.919113159179688,17.62727165222168,17.773191452026367,5.404374599456787,834783
1987-01-05,17.86074447631836,18.123403549194336,17.86074447631836,18.123403549194336,5.510867118835449,1888435
1987-01-06,18.240140914916992,18.502798080444336,18.152587890625,18.444429397583008,5.608479022979736,2520197
1987-01-07,18.415245056152344,18.940561294555664,18.356876373291016,18.911376953125,5.750467300415039,3094137
1987-01-08,19.028114318847656,19.028114318847656,18.502798080444336,18.619535446166992,5.661722183227539,2220378
1987-01-09,18.677902221679688,18.882192611694336,18.502798080444336,18.590351104736328,5.6528472900390625,2271775
1987-01-12,18.648719787597656,19.08648109436035,18.590351104736328,19.028114318847656,5.785962104797363,3321572
1987-01-13,19.05729866027832,19.58261489868164,18.911376953125,19.49506187438965,5.92794942855835,2496640
1987-01-14,19.524246215820312,20.283035278320312,19.49506187438965,20.19548225402832,6.140926837921143,3002050
1987-01-15,20.283035278320312,20.749982833862305,20.16629981994629,20.39977264404297,6.203044891357422,4625787
1987-01-16,20.370588302612305,20.895904541015625,20.16629981994629,20.224666595458984,6.1498026847839355,4368799
1987-01-19,20.02037811279297,20.749982833862305,19.991193771362305,20.749982833862305,6.3095383644104,1396731
1987-01-20,20.808351516723633,21.100194931030273,20.691614151000977,20.954273223876953,6.371657848358154,2535188
1987-01-21,20.72079849243164,21.187746047973633,20.662431716918945,20.691614151000977,6.2917914390563965,2234512
1987-01-22,20.662431716918945,21.362852096557617,20.604061126708984,21.216930389404297,6.451524257659912,2790035
1987-01-23,21.59632682800293,21.888168334960938,20.54569435119629,20.54569435119629,6.247420310974121,4021865
1987-01-26,20.54569435119629,20.77916717529297,20.078746795654297,20.691614151000977,6.2917914390563965,2148421
1987-01-27,21.129377365112305,21.742246627807617,21.07101058959961,21.59632682800293,6.566891193389893,2470513
1987-01-28,21.946535110473633,22.034088134765625,21.479589462280273,21.77143096923828,6.620134353637695,2318033
1987-01-29,22.004905700683594,22.092456817626953,21.479589462280273,21.567140579223633,6.558020114898682,2934376
1987-01-30,21.39203643798828,21.59632682800293,21.129377365112305,21.53795623779297,6.5491437911987305,1770220
1987-02-02,21.421220779418945,21.858983993530273,21.39203643798828,21.82979965209961,6.6378865242004395,1526938
1987-02-03,22.121641159057617,22.15082550048828,21.888168334960938,21.946535110473633,6.673380374908447,1688412
1987-02-04,22.121641159057617,22.15082550048828,21.77143096923828,22.15082550048828,6.735499858856201,1388593
1987-02-05,22.2967472076416,22.35511589050293,22.004905700683594,22.15082550048828,6.735499858856201,2034061
1987-02-06,22.20919418334961,22.2967472076416,21.858983993530273,21.888168334960938,6.655632019042969,1140171
1987-02-09,21.9173526763916,22.092456817626953,21.742246627807617,21.9173526763916,6.664506912231445,1102051
1987-02-10,21.77143096923828,21.82979965209961,21.01264190673828,21.508773803710938,6.540263652801514,2533475
1987-02-11,21.45040512084961,21.888168334960938,21.24611473083496,21.858983993530273,6.646757125854492,1143169
1987-02-12,21.858983993530273,22.121641159057617,21.82979965209961,21.97572135925293,6.682252407073975,1371888
1987-02-13,21.742246627807617,21.9173526763916,21.654693603515625,21.742246627807617,6.653670787811279,2309895
1987-02-17,21.77143096923828,22.413484573364258,21.77143096923828,22.413484573364258,6.859087944030762,2360008
1987-02-18,22.705326080322266,22.822063446044922,22.180009841918945,22.238378524780273,6.805506706237793,2234512
1987-02-19,22.2967472076416,22.2967472076416,21.946535110473633,22.092456817626953,6.760847091674805,1828042
1987-02-20,22.121641159057617,22.121641159057617,21.77143096923828,21.77143096923828,6.662604808807373,2279485
1987-02-23,21.97572135925293,21.97572135925293,21.479589462280273,21.59632682800293,6.6090192794799805,2564314
1987-02-24,21.59632682800293,21.654693603515625,21.24611473083496,21.24611473083496,6.501842021942139,1447700
1987-02-25,21.39203643798828,21.479589462280273,21.275299072265625,21.39203643798828,6.546502590179443,1824188
1987-02-26,21.39203643798828,21.39203643798828,21.01264190673828,21.01264190673828,6.430396556854248,1553065
1987-02-27,20.954273223876953,21.129377365112305,20.895904541015625,21.01264190673828,6.430396556854248,1269522
1987-03-02,21.07101058959961,21.421220779418945,21.041824340820312,21.15856170654297,6.475049018859863,1430139
1987-03-03,21.39203643798828,21.508773803710938,21.24611473083496,21.362852096557617,6.537571430206299,1202276
1987-03-04,21.59632682800293,21.946535110473633,21.479589462280273,21.82979965209961,6.680470943450928,1378741
1987-03-05,22.034088134765625,23.11390495300293,22.004905700683594,22.938800811767578,7.019850730895996,4497293
1987-03-06,23.02635383605957,23.551668167114258,22.822063446044922,22.997167587280273,7.037715911865234,2772046
1987-03-09,22.96798324584961,22.96798324584961,22.413484573364258,22.73451042175293,6.957328796386719,1503809
1987-03-10,22.50103759765625,23.347379684448242,22.442668914794922,23.201457977294922,7.100234508514404,3184940
1987-03-11,23.230642318725586,23.25982666015625,22.792879104614258,22.909616470336914,7.01092004776001,1993371
1987-03-12,22.997167587280273,23.11390495300293,22.851247787475586,22.88043212890625,7.001988410949707,1832326
1987-03-13,22.938800811767578,22.938800811767578,22.50103759765625,22.705326080322266,6.948402404785156,1172294
1987-03-16,22.646957397460938,22.822063446044922,22.384300231933594,22.822063446044922,6.984127044677734,963706
1987-03-17,22.88043212890625,23.143089294433594,22.88043212890625,23.084720611572266,7.064506530761719,1403155
1987-03-18,23.289011001586914,23.347379684448242,22.938800811767578,23.084720611572266,7.064506530761719,2377569
1987-03-19,22.997167587280273,23.580852508544922,22.997167587280273,23.580852508544922,7.216335773468018,2429823
1987-03-20,23.755958557128906,24.252090454101562,23.697589874267578,24.252090454101562,7.421755313873291,4368799
1987-03-23,24.339643478393555,24.952510833740234,24.193721771240234,24.83577537536621,7.600371360778809,2284625
1987-03-24,24.9816951751709,25.06924819946289,24.74822235107422,24.777406692504883,7.582507133483887,2570310
1987-03-25,24.660669326782227,25.185985565185547,24.514747619628906,24.894142150878906,7.618231296539307,1914133
1987-03-26,25.098432540893555,25.682117462158203,25.06924819946289,25.50701141357422,7.805788516998291,1725247
1987-03-27,25.536195755004883,25.565380096435547,25.12761688232422,25.156801223754883,7.698613166809082,1854170
1987-03-30,24.047800064086914,24.9816951751709,23.960248947143555,24.719038009643555,7.5646467208862305,2760481
1987-03-31,24.864959716796875,24.952510833740234,24.54393196105957,24.74822235107422,7.573580741882324,1938547
1987-04-01,24.573116302490234,25.50701141357422,24.54393196105957,25.36109161376953,7.761129856109619,2007934
1987-04-02,25.44864273071289,25.711301803588867,25.098432540893555,25.50701141357422,7.805788516998291,1555635
1987-04-03,25.44864273071289,26.732749938964844,25.302722930908203,26.674381256103516,8.163029670715332,1908137
1987-04-06,26.820301055908203,26.995407104492188,26.674381256103516,26.732749938964844,8.18089485168457,1601893
1987-04-07,26.49927520751953,26.616012573242188,26.149065017700195,26.236616134643555,8.02906322479248,3378538
1987-04-08,26.382537841796875,26.41172218322754,25.82803726196289,26.03232765197754,7.966548919677734,2019499
1987-04-09,26.03232765197754,26.149065017700195,25.65293312072754,25.82803726196289,7.90402889251709,1904282
1987-04-10,25.915590286254883,26.149065017700195,25.59456443786621,25.769670486450195,7.886167049407959,2008362
1987-04-13,25.623748779296875,25.711301803588867,24.631484985351562,24.68985366821289,7.555715084075928,2692379
1987-04-14,24.514747619628906,25.331905364990234,24.2229061126709,25.21516990661621,7.716475963592529,4254439
1987-04-15,25.915590286254883,25.915590286254883,24.660669326782227,25.244354248046875,7.725409030914307,2605003
1987-04-16,25.185985565185547,25.419458389282227,23.580852508544922,24.047800064086914,7.359229564666748,3327568
1987-04-20,24.16453742980957,24.31045913696289,23.755958557128906,23.814327239990234,7.287781715393066,2631987
1987-04-21,23.78514289855957,24.74822235107422,23.376562118530273,24.719038009643555,7.568357467651367,2837578
1987-04-22,24.777406692504883,24.777406692504883,23.872695922851562,23.901878356933594,7.31816291809082,2979349
1987-04-23,23.726774215698242,24.047800064086914,23.201457977294922,23.289011001586914,7.130518436431885,2460233
1987-04-24,22.88043212890625,23.230642318725586,21.858983993530273,22.413484573364258,6.862452507019043,6056354
1987-04-27,22.06327247619629,22.88043212890625,22.004905700683594,22.58858871459961,6.916066646575928,3638096
1987-04-28,22.88043212890625,23.0555362701416,22.559404373168945,22.705326080322266,6.951810359954834,2902253
1987-04-29,22.851247787475586,23.172273635864258,22.792879104614258,23.143089294433594,7.085841655731201,2380995
1987-04-30,23.143089294433594,23.40574836730957,22.96798324584961,22.96798324584961,7.032228469848633,1843890
1987-05-01,22.909616470336914,23.084720611572266,22.6761417388916,22.822063446044922,6.987552165985107,1349616
1987-05-04,22.763694763183594,23.0555362701416,22.413484573364258,22.617773056030273,6.9250054359436035,891749
1987-05-05,22.763694763183594,23.172273635864258,22.73451042175293,23.11390495300293,7.076900959014893,2994769
1987-05-06,23.0555362701416,23.25982666015625,22.442668914794922,22.50103759765625,6.889261245727539,3044025
1987-05-07,22.559404373168945,22.617773056030273,21.800615310668945,21.9173526763916,6.7105512619018555,2571595
1987-05-08,21.9173526763916,22.06327247619629,21.362852096557617,21.421220779418945,6.558651447296143,3764877
1987-05-11,21.479589462280273,21.858983993530273,21.275299072265625,21.275299072265625,6.513971328735352,2727929
1987-05-12,21.479589462280273,21.479589462280273,21.187746047973633,21.421220779418945,6.558651447296143,2066185
1987-05-13,21.654693603515625,21.77143096923828,21.53795623779297,21.77143096923828,6.665872097015381,3024751
1987-05-14,21.9173526763916,22.180009841918945,21.82979965209961,22.092456817626953,6.764163017272949,1930409
1987-05-15,22.121641159057617,22.121641159057617,21.742246627807617,21.742246627807617,6.656933784484863,3003763
1987-05-18,21.800615310668945,21.9173526763916,21.362852096557617,21.421220779418945,6.558651447296143,1803200
1987-05-19,21.82979965209961,21.82979965209961,20.662431716918945,20.662431716918945,6.3263258934021,2797744
1987-05-20,20.078746795654297,20.72079849243164,19.611797332763672,20.078746795654297,6.147613525390625,3105274
1987-05-21,20.54569435119629,20.954273223876953,20.312219619750977,20.837535858154297,6.379937648773193,1939190
1987-05-22,20.837535858154297,21.129377365112305,20.54569435119629,20.895904541015625,6.397808074951172,1174650
1987-05-26,21.82979965209961,22.471851348876953,21.187746047973633,22.2967472076416,6.82671594619751,2591297
1987-05-27,22.180009841918945,22.180009841918945,21.77143096923828,22.180009841918945,6.8339080810546875,1419645
1987-05-28,22.180009841918945,22.413484573364258,21.30448341369629,22.004905700683594,6.779952526092529,1299932
1987-05-29,22.180009841918945,22.238378524780273,20.895904541015625,21.187746047973633,6.528177738189697,954711
1987-06-01,21.713062286376953,21.77143096923828,21.30448341369629,21.30448341369629,6.564145565032959,772249
1987-06-02,21.362852096557617,21.82979965209961,20.77916717529297,21.30448341369629,6.564145565032959,1047227
1987-06-03,21.421220779418945,22.180009841918945,21.421220779418945,22.121641159057617,6.815920352935791,1103122
1987-06-04,22.2967472076416,22.2967472076416,21.77143096923828,22.06327247619629,6.797936916351318,774605
1987-06-05,22.121641159057617,22.180009841918945,21.77143096923828,21.82979965209961,6.726004600524902,957495
1987-06-08,21.713062286376953,22.58858871459961,21.59632682800293,22.35511589050293,6.887857913970947,739269
1987-06-09,22.413484573364258,22.646957397460938,22.180009841918945,22.530221939086914,6.941810607910156,985550
1987-06-10,22.646957397460938,22.646957397460938,21.713062286376953,22.413484573364258,6.905838966369629,1337195
1987-06-11,22.58858871459961,22.58858871459961,21.888168334960938,22.2967472076416,6.869876384735107,585933
1987-06-12,22.705326080322266,22.705326080322266,22.2967472076416,22.530221939086914,6.941810607910156,837781
1987-06-15,22.530221939086914,22.58858871459961,22.06327247619629,22.180009841918945,6.8339080810546875,1147880
1987-06-16,22.121641159057617,22.58858871459961,21.946535110473633,22.58858871459961,6.959793567657471,1134817
1987-06-17,22.58858871459961,22.58858871459961,22.180009841918945,22.2967472076416,6.869876384735107,1565915
1987-06-18,22.2967472076416,22.58858871459961,22.121641159057617,22.471851348876953,6.923830509185791,886181
1987-06-19,22.471851348876953,23.172273635864258,22.413484573364258,23.11390495300293,7.121644020080566,3148105
1987-06-22,23.0555362701416,23.522483825683594,22.997167587280273,23.522483825683594,7.2475361824035645,2462803
1987-06-23,23.63922119140625,23.814327239990234,23.40574836730957,23.580852508544922,7.265522480010986,1999582
1987-06-24,23.172273635864258,23.347379684448242,23.0555362701416,23.172273635864258,7.139631271362305,1594612
1987-06-25,23.289011001586914,23.872695922851562,23.230642318725586,23.697589874267578,7.301491737365723,1675134
1987-06-26,23.580852508544922,23.93106460571289,23.40574836730957,23.697589874267578,7.301491737365723,1088131
1987-06-29,23.522483825683594,23.63922119140625,23.230642318725586,23.289011001586914,7.175599098205566,1038875
1987-06-30,23.289011001586914,23.289011001586914,22.35511589050293,22.646957397460938,6.977782249450684,1432923
1987-07-01,22.530221939086914,23.0555362701416,22.530221939086914,22.88043212890625,7.049713134765625,665599
1987-07-02,23.230642318725586,23.289011001586914,22.997167587280273,23.172273635864258,7.139631271362305,769894
1987-07-06,23.347379684448242,23.347379684448242,22.938800811767578,23.11390495300293,7.121644020080566,1035662
1987-07-07,23.172273635864258,23.464115142822266,23.0555362701416,23.289011001586914,7.175599098205566,811226
1987-07-08,23.172273635864258,23.289011001586914,22.530221939086914,22.58858871459961,6.959793567657471,1102051
1987-07-09,22.705326080322266,22.88043212890625,22.471851348876953,22.471851348876953,6.923830509185791,1248320
1987-07-10,22.58858871459961,22.58858871459961,21.77143096923828,21.946535110473633,6.761971473693848,762398
1987-07-13,22.004905700683594,22.004905700683594,21.654693603515625,21.77143096923828,6.708016395568848,1195637
1987-07-14,22.004905700683594,22.822063446044922,22.004905700683594,22.705326080322266,6.995762348175049,1318349
1987-07-15,22.413484573364258,22.58858871459961,22.180009841918945,22.2967472076416,6.869876384735107,1457123
1987-07-16,22.2967472076416,22.530221939086914,21.421220779418945,22.2967472076416,6.869876384735107,2441388
1987-07-17,22.58858871459961,22.646957397460938,21.946535110473633,21.946535110473633,6.761971473693848,2099379
1987-07-20,22.06327247619629,22.180009841918945,21.82979965209961,21.82979965209961,6.726004600524902,801375
1987-07-21,21.713062286376953,21.82979965209961,21.07101058959961,21.30448341369629,6.564145565032959,1053437
1987-07-22,21.479589462280273,21.654693603515625,21.187746047973633,21.362852096557617,6.582130432128906,1120040
1987-07-23,21.01264190673828,21.362852096557617,21.01264190673828,21.129377365112305,6.510194301605225,1128820
1987-07-24,21.362852096557617,21.421220779418945,21.187746047973633,21.421220779418945,6.600116729736328,891106
1987-07-27,21.59632682800293,21.654693603515625,21.24611473083496,21.421220779418945,6.600116729736328,649323
1987-07-28,21.82979965209961,21.82979965209961,21.30448341369629,21.30448341369629,6.564145565032959,964562
1987-07-29,21.362852096557617,21.362852096557617,20.837535858154297,21.362852096557617,6.582130432128906,1296719
1987-07-30,21.421220779418945,22.530221939086914,21.129377365112305,22.471851348876953,6.923830509185791,3490756
1987-07-31,22.530221939086914,23.0555362701416,22.471851348876953,22.763694763183594,7.013744831085205,1511305
1987-08-03,22.471851348876953,22.938800811767578,22.180009841918945,22.471851348876953,6.923830509185791,1646866
1987-08-04,22.58858871459961,22.705326080322266,22.2967472076416,22.530221939086914,6.941810607910156,1210628
1987-08-05,22.705326080322266,23.40574836730957,22.705326080322266,23.172273635864258,7.139631271362305,2080533
1987-08-06,23.230642318725586,24.2229061126709,23.11390495300293,24.2229061126709,7.4633469581604,2334309
1987-08-07,24.16453742980957,24.68985366821289,24.106168746948242,24.68985366821289,7.607213973999023,2805454
1987-08-10,24.45638084411621,24.806589126586914,24.106168746948242,24.74822235107422,7.625204086303711,2162984
1987-08-11,24.631484985351562,26.149065017700195,24.514747619628906,25.857221603393555,7.966896057128906,4047564
1987-08-12,25.21516990661621,25.682117462158203,24.74822235107422,25.040063858032227,7.715118885040283,2111372
1987-08-13,24.9816951751709,25.331905364990234,24.514747619628906,24.74822235107422,7.625204086303711,1581334
1987-08-14,24.68985366821289,24.806589126586914,24.339643478393555,24.573116302490234,7.5712480545043945,1202490
1987-08-17,24.864959716796875,24.864959716796875,24.514747619628906,24.864959716796875,7.705093860626221,3212352
1987-08-18,24.573116302490234,24.74822235107422,23.814327239990234,24.39801025390625,7.5603928565979,1682630
1987-08-19,24.16453742980957,25.040063858032227,24.16453742980957,24.92332649230957,7.723179340362549,976555
1987-08-20,24.9816951751709,25.27353858947754,24.68985366821289,25.156801223754883,7.795526027679443,1261598
1987-08-21,25.156801223754883,25.390274047851562,25.098432540893555,25.331905364990234,7.849791049957275,2052050
1987-08-24,25.21516990661621,26.090696334838867,25.040063858032227,25.857221603393555,8.012572288513184,2162984
1987-08-25,25.857221603393555,25.97395896911621,25.27353858947754,25.565380096435547,7.9221367835998535,2527050
1987-08-26,25.623748779296875,25.623748779296875,25.098432540893555,25.44864273071289,7.885958671569824,1838536
1987-08-27,25.156801223754883,25.44864273071289,24.864959716796875,25.156801223754883,7.795526027679443,1354542
1987-08-28,25.040063858032227,25.331905364990234,24.92332649230957,25.040063858032227,7.759355068206787,1027953
1987-08-31,24.864959716796875,25.156801223754883,24.74822235107422,24.74822235107422,7.668918609619141,878900
1987-09-01,24.74822235107422,24.9816951751709,23.697589874267578,23.814327239990234,7.379523277282715,1021314
1987-09-02,23.580852508544922,23.93106460571289,23.230642318725586,23.872695922851562,7.397616863250732,1859738
1987-09-03,23.989431381225586,24.2229061126709,23.347379684448242,23.464115142822266,7.271000862121582,1093913
1987-09-04,23.522483825683594,23.755958557128906,22.997167587280273,23.0555362701416,7.144392490386963,676950
1987-09-08,23.11390495300293,23.347379684448242,22.238378524780273,22.88043212890625,7.090134620666504,1799131
1987-09-09,22.471851348876953,22.822063446044922,22.238378524780273,22.763694763183594,7.053958415985107,1383239
1987-09-10,23.347379684448242,23.40574836730957,22.997167587280273,23.11390495300293,7.162478923797607,1895502
1987-09-11,23.230642318725586,24.2229061126709,23.0555362701416,23.989431381225586,7.4337873458862305,2270062
1987-09-14,23.989431381225586,23.989431381225586,23.40574836730957,23.755958557128906,7.361440658569336,770964
1987-09-15,23.755958557128906,23.755958557128906,22.997167587280273,23.11390495300293,7.162478923797607,787455
1987-09-16,22.763694763183594,23.230642318725586,22.646957397460938,22.646957397460938,7.017780780792236,1063931
1987-09-17,23.172273635864258,23.172273635864258,22.530221939086914,22.646957397460938,7.017780780792236,1550924
1987-09-18,22.822063446044922,22.997167587280273,22.413484573364258,22.413484573364258,6.945434093475342,1600180
1987-09-21,22.2967472076416,22.938800811767578,22.180009841918945,22.2967472076416,6.909262657165527,1209558
1987-09-22,22.2967472076416,22.88043212890625,21.77143096923828,22.822063446044922,7.072048664093018,2089742
1987-09-23,22.938800811767578,23.697589874267578,22.938800811767578,23.522483825683594,7.289087295532227,2374999
1987-09-24,23.40574836730957,23.522483825683594,22.938800811767578,22.938800811767578,7.108217716217041,855128
1987-09-25,22.705326080322266,23.289011001586914,22.705326080322266,23.289011001586914,7.216740608215332,992831
1987-09-28,23.230642318725586,23.63922119140625,23.11390495300293,23.11390495300293,7.162478923797607,1310211
1987-09-29,23.230642318725586,23.872695922851562,23.172273635864258,23.63922119140625,7.325265884399414,1781142
1987-09-30,23.755958557128906,24.39801025390625,23.697589874267578,24.2229061126709,7.506131172180176,1749233
1987-10-01,24.2229061126709,25.331905364990234,24.106168746948242,25.27353858947754,7.831700325012207,2591297
1987-10-02,25.098432540893555,25.27353858947754,24.806589126586914,25.040063858032227,7.759355068206787,2093597
1987-10-05,25.040063858032227,25.390274047851562,24.9816951751709,25.21516990661621,7.81361722946167,1754158
1987-10-06,25.098432540893555,25.21516990661621,24.047800064086914,24.106168746948242,7.469963550567627,1760583
1987-10-07,24.106168746948242,24.45638084411621,23.347379684448242,23.697589874267578,7.343353748321533,2205815
1987-10-08,23.93106460571289,23.989431381225586,23.172273635864258,23.464115142822266,7.271000862121582,1231187
1987-10-09,23.172273635864258,23.580852508544922,22.705326080322266,22.763694763183594,7.053958415985107,2548466
1987-10-12,22.763694763183594,22.997167587280273,22.004905700683594,22.2967472076416,6.909262657165527,1764866
1987-10-13,22.763694763183594,23.464115142822266,22.471851348876953,23.347379684448242,7.234827041625977,2135786
1987-10-14,22.938800811767578,23.11390495300293,22.471851348876953,22.471851348876953,6.963525295257568,1947756
1987-10-15,22.471851348876953,22.646957397460938,21.654693603515625,21.654693603515625,6.710302352905273,2312893
1987-10-16,21.82979965209961,22.004905700683594,21.129377365112305,21.654693603515625,6.710302352905273,3653515
1987-10-19,19.144851684570312,20.54569435119629,15.642744064331055,15.817849159240723,4.9015984535217285,4335819
1987-10-20,17.510534286499023,19.49506187438965,12.607584953308105,15.292532920837402,4.738811492919922,4213749
1987-10-21,17.744007110595703,17.802377700805664,15.87621784210205,16.57663917541504,5.136728763580322,4379935
1987-10-22,15.175795555114746,16.81011390686035,14.942322731018066,16.22642707824707,5.028203964233398,2468157
1987-10-23,15.409270286560059,16.81011390686035,15.409270286560059,15.817849159240723,4.9015984535217285,1382382
1987-10-26,14.592111587524414,14.650480270385742,13.658217430114746,13.833321571350098,4.286636829376221,2548466
1987-10-27,15.117427825927734,15.175795555114746,13.658217430114746,13.891691207885742,4.304721832275391,1842391
1987-10-28,13.074531555175781,15.175795555114746,12.957795143127441,14.18353271484375,4.39516019821167,2805454
1987-10-29,14.70884895324707,15.934585571289062,14.475375175476074,15.817849159240723,4.9015984535217285,1884580
1987-10-30,17.277061462402344,17.452165603637695,16.868480682373047,17.393796920776367,5.389947891235352,3105274
1987-11-02,16.926849365234375,17.744007110595703,16.81011390686035,17.62727165222168,5.4622931480407715,1459907
1987-11-03,16.343164443969727,17.277061462402344,16.22642707824707,17.160324096679688,5.317596435546875,1848816
1987-11-04,16.81011390686035,17.218692779541016,16.635007858276367,16.985218048095703,5.263340950012207,1275946
1987-11-05,16.51827049255371,17.62727165222168,16.459901809692383,17.160324096679688,5.317596435546875,1445987
1987-11-06,17.10195541381836,17.802377700805664,16.81011390686035,17.04358673095703,5.281425476074219,1048940
1987-11-09,16.57663917541504,16.81011390686035,15.934585571289062,16.51827049255371,5.118640899658203,1323489
1987-11-10,15.701111793518066,16.51827049255371,15.642744064331055,16.22642707824707,5.028203964233398,1770863
1987-11-11,16.459901809692383,16.985218048095703,16.343164443969727,16.81011390686035,5.209076404571533,1043800
1987-11-12,17.744007110595703,17.977481842041016,17.510534286499023,17.62727165222168,5.4622931480407715,2976780
1987-11-13,17.510534286499023,17.802377700805664,17.10195541381836,17.393796920776367,5.389947891235352,702006
1987-11-16,17.218692779541016,17.62727165222168,17.10195541381836,17.393796920776367,5.433708667755127,630049
1987-11-17,17.393796920776367,17.393796920776367,16.693376541137695,17.04358673095703,5.324303150177002,762398
1987-11-18,17.33542823791504,17.62727165222168,16.868480682373047,17.393796920776367,5.433708667755127,960707
1987-11-19,17.277061462402344,17.685640335083008,16.926849365234375,16.926849365234375,5.287838935852051,1184930
1987-11-20,16.81011390686035,17.393796920776367,16.343164443969727,17.393796920776367,5.433708667755127,1512589
1987-11-23,17.277061462402344,17.919113159179688,17.218692779541016,17.744007110595703,5.543108940124512,1253460
1987-11-24,18.269323348999023,18.969745635986328,18.210956573486328,18.853008270263672,5.889556884765625,2634129
1987-11-25,18.502798080444336,18.911376953125,18.502798080444336,18.502798080444336,5.780153274536133,890464
1987-11-27,18.210956573486328,18.794639587402344,17.977481842041016,17.977481842041016,5.61605167388916,793023
1987-11-30,17.510534286499023,17.56890296936035,16.109691619873047,16.985218048095703,5.306069850921631,2634129
1987-12-01,17.393796920776367,17.452165603637695,16.926849365234375,17.04358673095703,5.324303150177002,1343191
1987-12-02,17.04358673095703,17.744007110595703,16.868480682373047,17.160324096679688,5.360775947570801,1171224
1987-12-03,17.393796920776367,17.62727165222168,16.868480682373047,16.868480682373047,5.26960563659668,1539359
1987-12-04,16.868480682373047,17.160324096679688,16.459901809692383,16.751745223999023,5.233135223388672,1698906
1987-12-07,16.868480682373047,17.510534286499023,16.868480682373047,17.452165603637695,5.451943397521973,956210
1987-12-08,17.218692779541016,18.38606071472168,17.160324096679688,18.38606071472168,5.743684768676758,1522012
1987-12-09,18.035850524902344,19.144851684570312,18.035850524902344,18.677902221679688,5.834858417510986,2270062
1987-12-10,18.210956573486328,19.08648109436035,17.86074447631836,18.619535446166992,5.816617488861084,3140609
1987-12-11,18.502798080444336,18.853008270263672,18.152587890625,18.73627281188965,5.853087902069092,1521156
1987-12-14,18.911376953125,20.48732566833496,18.794639587402344,20.48732566833496,6.400101661682129,2805026
1987-12-15,20.370588302612305,20.604061126708984,20.19548225402832,20.54569435119629,6.418342590332031,3438287
1987-12-16,20.137113571166992,20.662431716918945,19.903640747070312,20.604061126708984,6.436574459075928,2022925
1987-12-17,20.662431716918945,20.72079849243164,20.078746795654297,20.078746795654297,6.272468090057373,1722249
1987-12-18,20.078746795654297,20.662431716918945,20.078746795654297,20.48732566833496,6.400101661682129,2248646
1987-12-21,20.662431716918945,20.895904541015625,20.370588302612305,20.77916717529297,6.491278171539307,1008679
1987-12-22,20.428956985473633,20.77916717529297,20.19548225402832,20.72079849243164,6.473045349121094,1407224
1987-12-23,20.72079849243164,20.954273223876953,20.312219619750977,20.895904541015625,6.527745246887207,1177862
1987-12-24,20.312219619750977,20.72079849243164,20.312219619750977,20.54569435119629,6.418342590332031,466005
1987-12-28,19.49506187438965,19.903640747070312,19.378324508666992,19.845272064208984,6.199531078338623,984265
1987-12-29,19.96200942993164,20.02037811279297,19.43669319152832,19.553430557250977,6.108364105224609,500484
1987-12-30,19.43669319152832,19.903640747070312,19.43669319152832,19.903640747070312,6.217768669128418,613773
1987-12-31,19.845272064208984,19.845272064208984,19.261587142944336,19.728534698486328,6.163064956665039,891321
1988-01-04,20.02037811279297,20.662431716918945,19.96200942993164,20.48732566833496,6.400101661682129,1348117
1988-01-05,20.954273223876953,21.187746047973633,20.77916717529297,20.837535858154297,6.5095086097717285,1706830
1988-01-06,20.954273223876953,20.954273223876953,20.48732566833496,20.662431716918945,6.454803466796875,938649
1988-01-07,20.54569435119629,20.54569435119629,20.078746795654297,20.370588302612305,6.363638877868652,1353685
1988-01-08,20.078746795654297,20.312219619750977,18.094219207763672,18.152587890625,5.670748233795166,2065328
1988-01-11,18.677902221679688,18.911376953125,18.152587890625,18.561166763305664,5.7983856201171875,2992627
1988-01-12,18.561166763305664,18.677902221679688,17.393796920776367,17.86074447631836,5.579580307006836,2109659
1988-01-13,17.744007110595703,18.444429397583008,17.685640335083008,18.035850524902344,5.634281158447266,1937477
1988-01-14,17.919113159179688,18.269323348999023,17.86074447631836,18.035850524902344,5.634281158447266,1280872
1988-01-15,18.794639587402344,18.911376953125,18.327693939208984,18.444429397583008,5.7619218826293945,2377140
1988-01-18,18.619535446166992,18.794639587402344,18.327693939208984,18.619535446166992,5.816617488861084,1186215
1988-01-19,18.327693939208984,18.38606071472168,17.744007110595703,17.744007110595703,5.543108940124512,1498669
1988-01-20,17.802377700805664,17.86074447631836,17.04358673095703,17.393796920776367,5.433708667755127,4047778
1988-01-21,17.510534286499023,17.86074447631836,17.33542823791504,17.744007110595703,5.543108940124512,1924627
1988-01-22,17.977481842041016,18.210956573486328,17.919113159179688,18.094219207763672,5.6525163650512695,1706830
1988-01-25,18.210956573486328,18.677902221679688,18.210956573486328,18.561166763305664,5.7983856201171875,1049582
1988-01-26,18.444429397583008,18.619535446166992,18.152587890625,18.444429397583008,5.7619218826293945,637331
1988-01-27,18.561166763305664,18.677902221679688,17.802377700805664,18.210956573486328,5.6889824867248535,761970
1988-01-28,18.327693939208984,18.561166763305664,18.094219207763672,18.094219207763672,5.6525163650512695,1033092
1988-01-29,18.210956573486328,18.38606071472168,18.035850524902344,18.094219207763672,5.6525163650512695,967346
1988-02-01,18.502798080444336,18.561166763305664,17.86074447631836,18.094219207763672,5.6525163650512695,1680917
1988-02-02,18.035850524902344,18.152587890625,17.86074447631836,17.977481842041016,5.61605167388916,1462477
1988-02-03,17.977481842041016,18.152587890625,17.62727165222168,17.86074447631836,5.579580307006836,1072283
1988-02-04,17.744007110595703,18.035850524902344,17.56890296936035,17.977481842041016,5.61605167388916,1013604
1988-02-05,17.86074447631836,18.094219207763672,17.86074447631836,17.977481842041016,5.61605167388916,517403
1988-02-08,17.744007110595703,17.977481842041016,17.56890296936035,17.977481842041016,5.61605167388916,844849
1988-02-09,17.86074447631836,18.269323348999023,17.802377700805664,18.210956573486328,5.6889824867248535,558307
1988-02-10,18.327693939208984,18.794639587402344,18.269323348999023,18.73627281188965,5.853087902069092,2027851
1988-02-11,18.619535446166992,19.028114318847656,18.561166763305664,19.028114318847656,5.944258213043213,1818620
1988-02-12,18.853008270263672,19.203218460083008,18.853008270263672,18.969745635986328,5.969974040985107,1651149
1988-02-16,18.911376953125,19.028114318847656,18.561166763305664,19.028114318847656,5.988344192504883,515261
1988-02-17,19.08648109436035,19.319955825805664,18.853008270263672,18.911376953125,5.951607704162598,1708329
1988-02-18,18.853008270263672,19.378324508666992,18.853008270263672,19.144851684570312,6.025083541870117,1351115
1988-02-19,19.08648109436035,19.728534698486328,18.911376953125,19.553430557250977,6.1536664962768555,1897858
1988-02-22,19.728534698486328,20.428956985473633,19.49506187438965,20.312219619750977,6.392467498779297,1707258
1988-02-23,20.312219619750977,20.312219619750977,19.786903381347656,19.96200942993164,6.282251358032227,1145525
1988-02-24,20.137113571166992,20.428956985473633,20.137113571166992,20.19548225402832,6.3557281494140625,1253031
1988-02-25,20.312219619750977,20.72079849243164,20.137113571166992,20.25385093688965,6.374098300933838,2398556
1988-02-26,20.19548225402832,20.312219619750977,19.903640747070312,19.96200942993164,6.282251358032227,719995
1988-02-29,20.078746795654297,20.77916717529297,20.078746795654297,20.72079849243164,6.521052837371826,1332698
1988-03-01,20.895904541015625,21.01264190673828,20.25385093688965,20.48732566833496,6.447568416595459,1816478
1988-03-02,20.54569435119629,20.837535858154297,20.54569435119629,20.77916717529297,6.539421081542969,1507236
1988-03-03,20.77916717529297,20.954273223876953,20.48732566833496,20.662431716918945,6.5026774406433105,1263525
1988-03-04,20.604061126708984,20.72079849243164,20.370588302612305,20.604061126708984,6.484311103820801,800090
1988-03-07,20.662431716918945,20.895904541015625,20.48732566833496,20.895904541015625,6.576157093048096,1729530
1988-03-08,20.954273223876953,21.24611473083496,20.954273223876953,21.129377365112305,6.649633884429932,1415791
1988-03-09,21.187746047973633,21.53795623779297,21.129377365112305,21.421220779418945,6.741480350494385,1448985
1988-03-10,21.24611473083496,21.30448341369629,20.370588302612305,20.428956985473633,6.429199695587158,1122824
1988-03-11,20.428956985473633,20.48732566833496,19.49506187438965,20.137113571166992,6.337357997894287,1621167
1988-03-14,20.19548225402832,20.48732566833496,20.078746795654297,20.48732566833496,6.447568416595459,482281
1988-03-15,20.312219619750977,20.428956985473633,19.96200942993164,20.02037811279297,6.3006181716918945,827716
1988-03-16,20.078746795654297,20.662431716918945,19.845272064208984,20.54569435119629,6.465944766998291,748906
1988-03-17,20.72079849243164,20.895904541015625,20.604061126708984,20.837535858154297,6.557785987854004,1064573
1988-03-18,20.72079849243164,20.837535858154297,20.19548225402832,20.72079849243164,6.521052837371826,1650078
1988-03-21,20.54569435119629,20.895904541015625,20.137113571166992,20.837535858154297,6.557785987854004,1112973
1988-03-22,20.662431716918945,20.837535858154297,20.54569435119629,20.662431716918945,6.5026774406433105,863052
1988-03-23,20.604061126708984,20.72079849243164,20.312219619750977,20.48732566833496,6.447568416595459,799661
1988-03-24,20.078746795654297,20.19548225402832,19.728534698486328,20.02037811279297,6.3006181716918945,1553279
1988-03-25,20.137113571166992,20.312219619750977,19.144851684570312,19.378324508666992,6.098557472229004,1351115
1988-03-28,19.144851684570312,19.319955825805664,18.911376953125,19.261587142944336,6.0618181228637695,1056007
1988-03-29,19.611797332763672,19.611797332763672,19.378324508666992,19.43669319152832,6.116925239562988,864765
1988-03-30,19.49506187438965,19.786903381347656,19.203218460083008,19.261587142944336,6.0618181228637695,1407224
1988-03-31,19.144851684570312,19.319955825805664,18.677902221679688,18.969745635986328,5.969974040985107,1385594
1988-04-04,18.911376953125,19.611797332763672,18.853008270263672,19.553430557250977,6.1536664962768555,901600
1988-04-05,19.49506187438965,19.903640747070312,19.378324508666992,19.845272064208984,6.245509624481201,1143383
1988-04-06,19.845272064208984,21.01264190673828,19.845272064208984,21.01264190673828,6.612895488739014,1920344
1988-04-07,20.837535858154297,20.954273223876953,20.604061126708984,20.604061126708984,6.484311103820801,1073782
1988-04-08,20.54569435119629,21.187746047973633,20.48732566833496,21.07101058959961,6.6312689781188965,1241253
1988-04-11,21.187746047973633,21.24611473083496,20.72079849243164,21.24611473083496,6.686367988586426,1081492
1988-04-12,21.30448341369629,21.654693603515625,21.24611473083496,21.479589462280273,6.759849548339844,2599435
1988-04-13,21.24611473083496,21.479589462280273,20.895904541015625,21.187746047973633,6.668004035949707,1091129
1988-04-14,20.77916717529297,20.895904541015625,19.786903381347656,19.845272064208984,6.245509624481201,1623309
1988-04-15,19.845272064208984,20.078746795654297,19.49506187438965,19.786903381347656,6.227143287658691,2205815
1988-04-18,19.611797332763672,19.845272064208984,19.49506187438965,19.845272064208984,6.245509624481201,882968
1988-04-19,19.96200942993164,20.954273223876953,19.96200942993164,20.54569435119629,6.465944766998291,1448342
1988-04-20,20.078746795654297,20.137113571166992,19.845272064208984,19.903640747070312,6.263883113861084,1638085
1988-04-21,20.19548225402832,20.370588302612305,19.144851684570312,19.49506187438965,6.135299205780029,2698376
1988-04-22,19.786903381347656,20.137113571166992,19.611797332763672,20.137113571166992,6.337357997894287,1743022
1988-04-25,20.370588302612305,20.48732566833496,20.137113571166992,20.428956985473633,6.429199695587158,766253
1988-04-26,20.370588302612305,20.837535858154297,20.312219619750977,20.48732566833496,6.447568416595459,989404
1988-04-27,20.54569435119629,20.604061126708984,20.312219619750977,20.312219619750977,6.392467498779297,859625
1988-04-28,20.078746795654297,20.48732566833496,20.078746795654297,20.312219619750977,6.392467498779297,1011248
1988-04-29,20.19548225402832,20.25385093688965,19.903640747070312,20.19548225402832,6.3557281494140625,1274447
1988-05-02,20.312219619750977,20.72079849243164,20.25385093688965,20.662431716918945,6.5026774406433105,769037
1988-05-03,20.77916717529297,21.07101058959961,20.72079849243164,20.954273223876953,6.59452486038208,1052367
1988-05-04,21.129377365112305,21.129377365112305,20.604061126708984,20.72079849243164,6.521052837371826,750191
1988-05-05,20.54569435119629,20.54569435119629,20.312219619750977,20.48732566833496,6.447568416595459,817437
1988-05-06,20.604061126708984,20.662431716918945,20.137113571166992,20.312219619750977,6.392467498779297,567944
1988-05-09,20.137113571166992,20.19548225402832,19.96200942993164,20.19548225402832,6.3557281494140625,682304
1988-05-10,20.312219619750977,20.370588302612305,19.903640747070312,20.19548225402832,6.3557281494140625,548027
1988-05-11,19.96200942993164,20.02037811279297,19.43669319152832,19.553430557250977,6.1536664962768555,802231
1988-05-12,19.670167922973633,19.728534698486328,19.43669319152832,19.43669319152832,6.116925239562988,493846
1988-05-13,19.553430557250977,19.786903381347656,19.553430557250977,19.728534698486328,6.208772659301758,605421
1988-05-16,19.553430557250977,20.02037811279297,19.553430557250977,20.02037811279297,6.349461555480957,651893
1988-05-17,20.25385093688965,20.312219619750977,19.611797332763672,19.611797332763672,6.21987771987915,768180
1988-05-18,19.43669319152832,19.553430557250977,18.969745635986328,19.028114318847656,6.03476619720459,671382
1988-05-19,19.08648109436035,19.08648109436035,18.502798080444336,18.794639587402344,5.960720062255859,1423072
1988-05-20,18.969745635986328,19.08648109436035,18.794639587402344,18.794639587402344,5.960720062255859,1317921
1988-05-23,19.08648109436035,19.203218460083008,18.911376953125,19.08648109436035,6.053276062011719,863266
1988-05-24,19.203218460083008,19.319955825805664,19.08648109436035,19.319955825805664,6.127322196960449,783600
1988-05-25,19.43669319152832,19.611797332763672,19.203218460083008,19.378324508666992,6.145834922790527,751476
1988-05-26,19.261587142944336,19.261587142944336,18.911376953125,18.969745635986328,6.016258239746094,938221
1988-05-27,18.853008270263672,18.853008270263672,18.619535446166992,18.794639587402344,5.960720062255859,635617
1988-05-31,18.911376953125,19.96200942993164,18.853008270263672,19.786903381347656,6.275413513183594,1071212
1988-06-01,19.96200942993164,20.370588302612305,19.96200942993164,20.137113571166992,6.386484622955322,1462263
1988-06-02,20.078746795654297,20.137113571166992,19.553430557250977,19.728534698486328,6.256900310516357,844849
1988-06-03,19.845272064208984,20.19548225402832,19.728534698486328,20.19548225402832,6.404995918273926,508622
1988-06-06,20.312219619750977,20.54569435119629,20.25385093688965,20.48732566833496,6.497551918029785,995829
1988-06-07,20.370588302612305,20.72079849243164,20.312219619750977,20.312219619750977,6.442020416259766,1188570
1988-06-08,20.428956985473633,21.24611473083496,20.428956985473633,21.07101058959961,6.682672023773193,1498241
1988-06-09,21.07101058959961,21.654693603515625,21.01264190673828,21.421220779418945,6.793742656707764,2018000
1988-06-10,21.421220779418945,21.713062286376953,21.421220779418945,21.654693603515625,6.867783546447754,1483892
1988-06-13,21.59632682800293,21.59632682800293,21.30448341369629,21.30448341369629,6.756712913513184,605635
1988-06-14,21.53795623779297,21.946535110473633,21.479589462280273,21.654693603515625,6.867783546447754,2132359
1988-06-15,21.654693603515625,21.654693603515625,21.479589462280273,21.59632682800293,6.849273681640625,740340
1988-06-16,21.362852096557617,21.362852096557617,20.837535858154297,21.187746047973633,6.719693183898926,1554564
1988-06-17,21.187746047973633,21.24611473083496,20.837535858154297,21.187746047973633,6.719693183898926,1626735
1988-06-20,21.187746047973633,21.654693603515625,21.01264190673828,21.53795623779297,6.830758571624756,954711
1988-06-21,21.53795623779297,21.82979965209961,21.479589462280273,21.654693603515625,6.867783546447754,1140813
1988-06-22,22.121641159057617,22.938800811767578,22.06327247619629,22.530221939086914,7.145458698272705,2150563
1988-06-23,22.413484573364258,22.763694763183594,22.413484573364258,22.705326080322266,7.200990200042725,1369319
1988-06-24,22.822063446044922,22.822063446044922,22.530221939086914,22.58858871459961,7.163969039916992,476285
1988-06-27,22.58858871459961,22.58858871459961,21.946535110473633,22.06327247619629,6.9973649978637695,654035
1988-06-28,22.06327247619629,22.238378524780273,21.946535110473633,22.121641159057617,7.015876293182373,634761
1988-06-29,22.180009841918945,22.35511589050293,21.77143096923828,22.06327247619629,6.9973649978637695,595142
1988-06-30,21.946535110473633,22.530221939086914,21.946535110473633,22.471851348876953,7.12694787979126,755759
1988-07-01,22.530221939086914,22.705326080322266,22.471851348876953,22.646957397460938,7.18248176574707,697937
1988-07-05,22.530221939086914,23.0555362701416,22.471851348876953,22.997167587280273,7.293555736541748,1152164
1988-07-06,22.997167587280273,23.0555362701416,22.06327247619629,22.413484573364258,7.1084370613098145,1576408
1988-07-07,22.238378524780273,22.530221939086914,22.06327247619629,22.2967472076416,7.071413516998291,968203
1988-07-08,22.238378524780273,22.2967472076416,21.888168334960938,22.004905700683594,6.978855133056641,589145
1988-07-11,22.004905700683594,22.180009841918945,21.82979965209961,21.888168334960938,6.941835880279541,907168
1988-07-12,21.946535110473633,22.121641159057617,21.713062286376953,22.06327247619629,6.9973649978637695,1362251
1988-07-13,22.121641159057617,22.180009841918945,21.53795623779297,21.82979965209961,6.92332124710083,1162015
1988-07-14,21.946535110473633,22.06327247619629,21.82979965209961,22.004905700683594,6.978855133056641,660460
1988-07-15,21.946535110473633,22.180009841918945,21.654693603515625,22.180009841918945,7.0343918800354,1324988
1988-07-18,22.06327247619629,22.06327247619629,21.59632682800293,21.77143096923828,6.90480899810791,751690
1988-07-19,21.53795623779297,21.888168334960938,21.479589462280273,21.479589462280273,6.812249183654785,1097125
1988-07-20,21.654693603515625,21.713062286376953,21.24611473083496,21.362852096557617,6.77522611618042,722351
1988-07-21,21.362852096557617,21.362852096557617,20.954273223876953,20.954273223876953,6.6456475257873535,1040588
1988-07-22,20.77916717529297,20.895904541015625,20.48732566833496,20.54569435119629,6.516066551208496,937364
1988-07-25,20.604061126708984,20.895904541015625,20.48732566833496,20.77916717529297,6.590113639831543,709287
1988-07-26,20.72079849243164,20.837535858154297,20.604061126708984,20.662431716918945,6.553088188171387,980838
1988-07-27,20.72079849243164,20.77916717529297,19.786903381347656,19.903640747070312,6.312437534332275,1211271
1988-07-28,20.02037811279297,20.54569435119629,19.903640747070312,20.428956985473633,6.479040145874023,1175078
1988-07-29,20.54569435119629,21.129377365112305,20.48732566833496,21.07101058959961,6.682672023773193,1075281
1988-08-01,21.187746047973633,21.421220779418945,21.07101058959961,21.129377365112305,6.701180934906006,728133
1988-08-02,21.24611473083496,21.53795623779297,21.187746047973633,21.362852096557617,6.77522611618042,833712
1988-08-03,21.362852096557617,21.654693603515625,21.24611473083496,21.479589462280273,6.812249183654785,1062218
1988-08-04,21.713062286376953,21.713062286376953,21.479589462280273,21.654693603515625,6.867783546447754,773963
1988-08-05,21.59632682800293,21.82979965209961,21.53795623779297,21.713062286376953,6.886293888092041,761113
1988-08-08,21.713062286376953,21.946535110473633,21.30448341369629,21.30448341369629,6.756712913513184,1061575
1988-08-09,21.362852096557617,21.479589462280273,20.895904541015625,21.07101058959961,6.682672023773193,1077209
1988-08-10,20.837535858154297,20.954273223876953,20.078746795654297,20.312219619750977,6.442020416259766,1456480
1988-08-11,20.137113571166992,20.370588302612305,20.02037811279297,20.370588302612305,6.46052885055542,978268
1988-08-12,20.312219619750977,20.370588302612305,20.02037811279297,20.312219619750977,6.442020416259766,993688
1988-08-15,20.137113571166992,20.25385093688965,19.845272064208984,20.078746795654297,6.41590690612793,775890
1988-08-16,19.903640747070312,20.662431716918945,19.903640747070312,20.312219619750977,6.490512371063232,802874
1988-08-17,20.370588302612305,20.428956985473633,20.19548225402832,20.370588302612305,6.509161472320557,590216
1988-08-18,20.312219619750977,20.428956985473633,20.19548225402832,20.370588302612305,6.509161472320557,521472
1988-08-19,20.370588302612305,20.370588302612305,19.845272064208984,20.078746795654297,6.41590690612793,859411
1988-08-22,20.02037811279297,20.137113571166992,19.903640747070312,20.02037811279297,6.397256374359131,918947
1988-08-23,20.137113571166992,20.312219619750977,19.845272064208984,20.19548225402832,6.45320987701416,761756
1988-08-24,20.19548225402832,20.77916717529297,20.19548225402832,20.77916717529297,6.6397199630737305,770964
1988-08-25,20.48732566833496,20.662431716918945,20.48732566833496,20.604061126708984,6.583766937255859,1230973
1988-08-26,20.54569435119629,20.662431716918945,20.48732566833496,20.604061126708984,6.583766937255859,697080
1988-08-29,20.77916717529297,20.954273223876953,20.604061126708984,20.895904541015625,6.677023887634277,396833
1988-08-30,20.954273223876953,21.01264190673828,20.837535858154297,20.954273223876953,6.695672512054443,497486
1988-08-31,21.01264190673828,21.187746047973633,20.837535858154297,20.895904541015625,6.677023887634277,391693
1988-09-01,20.837535858154297,20.895904541015625,20.48732566833496,20.54569435119629,6.565115451812744,1148951
1988-09-02,21.01264190673828,21.129377365112305,20.77916717529297,21.01264190673828,6.714325428009033,923444
1988-09-06,21.01264190673828,21.24611473083496,21.01264190673828,21.187746047973633,6.7702765464782715,803516
1988-09-07,21.187746047973633,21.187746047973633,20.895904541015625,21.07101058959961,6.732974529266357,678235
1988-09-08,21.07101058959961,21.30448341369629,21.01264190673828,21.24611473083496,6.788922309875488,646754
1988-09-09,21.30448341369629,21.362852096557617,21.01264190673828,21.187746047973633,6.7702765464782715,588931
1988-09-12,21.24611473083496,21.24611473083496,20.895904541015625,20.895904541015625,6.677023887634277,556808
1988-09-13,20.895904541015625,21.07101058959961,20.662431716918945,20.954273223876953,6.695672512054443,737556
1988-09-14,21.01264190673828,21.53795623779297,20.895904541015625,21.421220779418945,6.844882965087891,1328200
1988-09-15,21.362852096557617,21.479589462280273,21.187746047973633,21.421220779418945,6.844882965087891,605421
1988-09-16,21.30448341369629,21.59632682800293,21.24611473083496,21.30448341369629,6.807574272155762,1692481
1988-09-19,21.30448341369629,21.362852096557617,21.07101058959961,21.129377365112305,6.751623153686523,667527
1988-09-20,21.129377365112305,21.362852096557617,21.07101058959961,21.129377365112305,6.751623153686523,571799
1988-09-21,21.187746047973633,21.362852096557617,21.129377365112305,21.30448341369629,6.807574272155762,379914
1988-09-22,21.30448341369629,21.362852096557617,21.129377365112305,21.24611473083496,6.788922309875488,570942
1988-09-23,21.24611473083496,21.30448341369629,21.129377365112305,21.187746047973633,6.7702765464782715,386767
1988-09-26,21.129377365112305,21.24611473083496,21.07101058959961,21.187746047973633,6.7702765464782715,226150
1988-09-27,21.129377365112305,21.24611473083496,21.07101058959961,21.187746047973633,6.7702765464782715,403043
1988-09-28,21.07101058959961,21.24611473083496,20.54569435119629,20.72079849243164,6.621070861816406,838852
1988-09-29,20.77916717529297,21.129377365112305,20.72079849243164,21.01264190673828,6.714325428009033,989833
1988-09-30,21.01264190673828,21.30448341369629,20.837535858154297,20.895904541015625,6.677023887634277,956638
1988-10-03,20.895904541015625,21.24611473083496,20.895904541015625,21.187746047973633,6.7702765464782715,698151
1988-10-04,21.129377365112305,21.24611473083496,21.01264190673828,21.129377365112305,6.751623153686523,560877
1988-10-05,21.187746047973633,21.24611473083496,21.01264190673828,21.187746047973633,6.7702765464782715,925157
1988-10-06,21.129377365112305,21.129377365112305,20.72079849243164,20.77916717529297,6.6397199630737305,1361181
1988-10-07,20.895904541015625,21.362852096557617,20.77916717529297,21.362852096557617,6.82622766494751,1970243
1988-10-10,21.362852096557617,21.82979965209961,21.30448341369629,21.654693603515625,6.919479846954346,1026668
1988-10-11,21.479589462280273,21.713062286376953,21.421220779418945,21.654693603515625,6.919479846954346,1024954
1988-10-12,21.479589462280273,21.53795623779297,21.30448341369629,21.479589462280273,6.863530158996582,1110403
1988-10-13,21.362852096557617,21.713062286376953,21.07101058959961,21.187746047973633,6.7702765464782715,1625236
1988-10-14,21.30448341369629,21.362852096557617,21.07101058959961,21.187746047973633,6.7702765464782715,615272
1988-10-17,21.24611473083496,21.362852096557617,21.129377365112305,21.187746047973633,6.7702765464782715,343293
1988-10-18,21.24611473083496,21.362852096557617,21.129377365112305,21.362852096557617,6.82622766494751,592144
1988-10-19,21.362852096557617,21.421220779418945,20.77916717529297,21.129377365112305,6.751623153686523,781030
1988-10-20,21.421220779418945,22.06327247619629,21.421220779418945,22.06327247619629,7.050037860870361,1739167
1988-10-21,21.82979965209961,22.35511589050293,21.77143096923828,22.35511589050293,7.143290996551514,2053550
1988-10-24,22.35511589050293,22.530221939086914,22.180009841918945,22.2967472076416,7.124644756317139,714427
1988-10-25,22.35511589050293,22.35511589050293,22.180009841918945,22.2967472076416,7.124644756317139,574583
1988-10-26,22.180009841918945,22.2967472076416,22.004905700683594,22.238378524780273,7.105993270874023,674594
1988-10-27,22.06327247619629,22.121641159057617,21.713062286376953,21.82979965209961,6.975436210632324,611418
1988-10-28,21.713062286376953,21.82979965209961,21.129377365112305,21.421220779418945,6.844882965087891,915734
1988-10-31,21.24611473083496,21.362852096557617,21.07101058959961,21.362852096557617,6.82622766494751,655320
1988-11-01,21.24611473083496,21.30448341369629,21.01264190673828,21.129377365112305,6.751623153686523,497272
1988-11-02,21.07101058959961,21.713062286376953,20.954273223876953,21.713062286376953,6.938131332397461,1459050
1988-11-03,21.713062286376953,22.238378524780273,21.713062286376953,22.180009841918945,7.087344169616699,1284084
1988-11-04,22.004905700683594,22.121641159057617,21.888168334960938,21.888168334960938,6.994090557098389,972700
1988-11-07,21.77143096923828,21.82979965209961,21.654693603515625,21.82979965209961,6.975436210632324,550169
1988-11-08,21.888168334960938,22.004905700683594,21.713062286376953,21.77143096923828,6.956785202026367,538604
1988-11-09,21.713062286376953,21.82979965209961,21.362852096557617,21.479589462280273,6.863530158996582,636046
1988-11-10,21.421220779418945,21.479589462280273,21.187746047973633,21.421220779418945,6.844882965087891,854700
1988-11-11,21.30448341369629,21.30448341369629,20.604061126708984,20.77916717529297,6.6397199630737305,1179361
1988-11-14,20.604061126708984,20.837535858154297,20.370588302612305,20.604061126708984,6.632201194763184,1670851
1988-11-15,20.48732566833496,20.54569435119629,20.25385093688965,20.370588302612305,6.557047367095947,859411
1988-11-16,20.48732566833496,20.48732566833496,19.903640747070312,20.02037811279297,6.444322109222412,1240824
1988-11-17,20.137113571166992,20.25385093688965,19.96200942993164,20.25385093688965,6.51947546005249,829858
1988-11-18,20.312219619750977,20.837535858154297,20.25385093688965,20.604061126708984,6.632201194763184,1103764
1988-11-21,20.48732566833496,20.895904541015625,20.312219619750977,20.54569435119629,6.61341667175293,579508
1988-11-22,20.54569435119629,20.77916717529297,20.25385093688965,20.72079849243164,6.66978120803833,690656
1988-11-23,20.77916717529297,20.954273223876953,20.77916717529297,20.837535858154297,6.707354545593262,612488
1988-11-25,20.604061126708984,20.604061126708984,20.312219619750977,20.54569435119629,6.61341667175293,459795
1988-11-28,20.428956985473633,20.48732566833496,20.078746795654297,20.312219619750977,6.538264751434326,715712
1988-11-29,20.370588302612305,20.48732566833496,20.312219619750977,20.370588302612305,6.557047367095947,827716
1988-11-30,20.428956985473633,21.01264190673828,20.370588302612305,20.895904541015625,6.726147174835205,1153449
1988-12-01,20.77916717529297,20.895904541015625,19.845272064208984,20.77916717529297,6.688572406768799,738413
1988-12-02,20.604061126708984,20.72079849243164,20.428956985473633,20.604061126708984,6.632201194763184,861981
1988-12-05,20.662431716918945,20.954273223876953,20.54569435119629,20.837535858154297,6.707354545593262,553167
1988-12-06,20.895904541015625,20.954273223876953,20.662431716918945,20.837535858154297,6.707354545593262,882968
1988-12-07,20.895904541015625,20.895904541015625,20.662431716918945,20.837535858154297,6.707354545593262,965419
1988-12-08,20.77916717529297,20.837535858154297,20.604061126708984,20.72079849243164,6.66978120803833,693011
1988-12-09,20.604061126708984,20.662431716918945,20.428956985473633,20.604061126708984,6.632201194763184,682089
1988-12-12,20.662431716918945,20.954273223876953,20.604061126708984,20.604061126708984,6.632201194763184,1193068
1988-12-13,20.428956985473633,20.72079849243164,20.370588302612305,20.72079849243164,6.66978120803833,733059
1988-12-14,20.604061126708984,20.72079849243164,20.48732566833496,20.54569435119629,6.61341667175293,956638
1988-12-15,20.428956985473633,20.604061126708984,20.428956985473633,20.48732566833496,6.5946245193481445,631120
1988-12-16,20.370588302612305,20.837535858154297,20.370588302612305,20.77916717529297,6.688572406768799,1411293
1988-12-19,20.662431716918945,20.895904541015625,20.662431716918945,20.837535858154297,6.707354545593262,1107619
1988-12-20,21.01264190673828,21.01264190673828,20.662431716918945,20.662431716918945,6.6509928703308105,728561
1988-12-21,20.662431716918945,20.837535858154297,20.54569435119629,20.77916717529297,6.688572406768799,695795
1988-12-22,20.837535858154297,20.954273223876953,20.72079849243164,20.77916717529297,6.688572406768799,1073782
1988-12-23,20.837535858154297,21.07101058959961,20.837535858154297,20.954273223876953,6.744932174682617,588717
1988-12-27,20.895904541015625,21.129377365112305,20.837535858154297,20.954273223876953,6.744932174682617,578223
1988-12-28,20.895904541015625,21.129377365112305,20.72079849243164,21.07101058959961,6.782511234283447,618271
1988-12-29,21.07101058959961,21.654693603515625,21.07101058959961,21.53795623779297,6.9328155517578125,2050123
1988-12-30,21.53795623779297,21.888168334960938,21.53795623779297,21.654693603515625,6.970390319824219,1768935
1989-01-03,21.713062286376953,21.82979965209961,21.479589462280273,21.713062286376953,6.989173889160156,1845603
1989-01-04,21.713062286376953,22.180009841918945,21.713062286376953,22.180009841918945,7.139485836029053,1871302
1989-01-05,22.238378524780273,22.413484573364258,22.121641159057617,22.238378524780273,7.158270835876465,2821730
1989-01-06,22.238378524780273,22.471851348876953,22.121641159057617,22.35511589050293,7.195844650268555,1396731
1989-01-09,22.413484573364258,22.646957397460938,22.413484573364258,22.530221939086914,7.252213954925537,826217
1989-01-10,22.646957397460938,22.705326080322266,22.180009841918945,22.238378524780273,7.158270835876465,772035
1989-01-11,22.2967472076416,22.471851348876953,22.238378524780273,22.35511589050293,7.195844650268555,1614528
1989-01-12,22.35511589050293,22.88043212890625,22.238378524780273,22.763694763183594,7.327363014221191,1958892
1989-01-13,22.822063446044922,22.938800811767578,22.705326080322266,22.822063446044922,7.346151351928711,886609
1989-01-16,22.822063446044922,23.0555362701416,22.763694763183594,22.997167587280273,7.402519226074219,913165
1989-01-17,22.822063446044922,22.938800811767578,22.705326080322266,22.88043212890625,7.364943027496338,707146
1989-01-18,22.763694763183594,22.763694763183594,22.763694763183594,22.763694763183594,7.327363014221191,1473185
1989-01-19,22.763694763183594,22.763694763183594,22.471851348876953,22.646957397460938,7.289786338806152,1407653
1989-01-20,22.58858871459961,22.822063446044922,22.530221939086914,22.822063446044922,7.346151351928711,1037376
1989-01-23,22.822063446044922,22.938800811767578,22.646957397460938,22.646957397460938,7.289786338806152,605207
1989-01-24,22.58858871459961,22.88043212890625,22.471851348876953,22.822063446044922,7.346151351928711,1491602
1989-01-25,22.88043212890625,22.938800811767578,22.763694763183594,22.938800811767578,7.383726119995117,829858
1989-01-26,22.763694763183594,23.347379684448242,22.763694763183594,23.11390495300293,7.440091133117676,1562488
1989-01-27,23.230642318725586,23.814327239990234,23.0555362701416,23.40574836730957,7.53403902053833,2116512
1989-01-30,23.522483825683594,23.872695922851562,23.347379684448242,23.697589874267578,7.627975940704346,1418789
1989-01-31,23.697589874267578,23.755958557128906,23.40574836730957,23.63922119140625,7.609185218811035,963063
1989-02-01,23.755958557128906,23.872695922851562,23.522483825683594,23.814327239990234,7.6655497550964355,1057078
1989-02-02,24.2229061126709,24.2229061126709,23.580852508544922,23.580852508544922,7.590395927429199,2531976
1989-02-03,23.63922119140625,23.755958557128906,23.464115142822266,23.697589874267578,7.627975940704346,1631447
1989-02-06,23.63922119140625,23.814327239990234,23.40574836730957,23.63922119140625,7.609185218811035,663886
1989-02-07,23.522483825683594,24.047800064086914,23.522483825683594,23.814327239990234,7.6655497550964355,1169296
1989-02-08,23.872695922851562,23.989431381225586,23.464115142822266,23.522483825683594,7.57160758972168,1268451
1989-02-09,23.289011001586914,23.580852508544922,23.0555362701416,23.289011001586914,7.49645471572876,1597181
1989-02-10,22.88043212890625,23.172273635864258,22.646957397460938,22.822063446044922,7.346151351928711,1743665
1989-02-13,22.646957397460938,22.822063446044922,22.471851348876953,22.471851348876953,7.233424186706543,1095626
1989-02-14,22.58858871459961,22.646957397460938,22.180009841918945,22.35511589050293,7.195844650268555,1353899
1989-02-15,22.413484573364258,22.763694763183594,22.35511589050293,22.646957397460938,7.289786338806152,864979
1989-02-16,22.763694763183594,22.88043212890625,22.471851348876953,22.705326080322266,7.308572292327881,2554676
1989-02-17,22.646957397460938,23.11390495300293,22.471851348876953,22.822063446044922,7.4024810791015625,1279373
1989-02-21,22.88043212890625,22.938800811767578,22.822063446044922,22.822063446044922,7.4024810791015625,591715
1989-02-22,22.822063446044922,22.822063446044922,22.180009841918945,22.238378524780273,7.213159084320068,1101194
1989-02-23,22.238378524780273,22.35511589050293,22.121641159057617,22.180009841918945,7.1942267417907715,675451
1989-02-24,22.238378524780273,22.2967472076416,21.77143096923828,21.77143096923828,7.06170129776001,918947
1989-02-27,21.77143096923828,21.82979965209961,21.53795623779297,21.654693603515625,7.023836612701416,677806
1989-02-28,21.82979965209961,21.946535110473633,21.713062286376953,21.82979965209961,7.0806355476379395,537748
1989-03-01,21.946535110473633,22.004905700683594,21.30448341369629,21.479589462280273,6.967037200927734,1383239
1989-03-02,21.59632682800293,21.82979965209961,21.479589462280273,21.77143096923828,7.06170129776001,858126
1989-03-03,21.77143096923828,21.888168334960938,21.59632682800293,21.888168334960938,7.09956693649292,621911
1989-03-06,22.06327247619629,22.121641159057617,21.82979965209961,21.888168334960938,7.09956693649292,835426
1989-03-07,21.946535110473633,22.06327247619629,21.82979965209961,22.004905700683594,7.137428283691406,712500
1989-03-08,22.06327247619629,22.2967472076416,22.004905700683594,22.06327247619629,7.156360149383545,927085
1989-03-09,22.121641159057617,22.238378524780273,21.946535110473633,21.946535110473633,7.118495464324951,511406
1989-03-10,22.06327247619629,22.06327247619629,21.59632682800293,21.654693603515625,7.023836612701416,1110189
1989-03-13,21.82979965209961,22.121641159057617,21.77143096923828,22.004905700683594,7.137428283691406,683374
1989-03-14,22.004905700683594,22.004905700683594,21.77143096923828,21.82979965209961,7.0806355476379395,642685
1989-03-15,21.888168334960938,21.946535110473633,21.654693603515625,21.654693603515625,7.023836612701416,597069
1989-03-16,21.654693603515625,21.888168334960938,21.59632682800293,21.713062286376953,7.042767524719238,1085133
1989-03-17,21.479589462280273,21.59632682800293,21.07101058959961,21.53795623779297,6.985972881317139,2423398
1989-03-20,21.479589462280273,21.654693603515625,21.24611473083496,21.362852096557617,6.929174900054932,1088559
1989-03-21,21.421220779418945,21.59632682800293,21.30448341369629,21.362852096557617,6.929174900054932,776318
1989-03-22,21.59632682800293,21.59632682800293,21.24611473083496,21.362852096557617,6.929174900054932,852558
1989-03-23,21.187746047973633,21.479589462280273,21.07101058959961,21.129377365112305,6.8534440994262695,1090701
1989-03-27,21.129377365112305,21.421220779418945,21.129377365112305,21.187746047973633,6.872378349304199,731560
1989-03-28,21.479589462280273,21.59632682800293,21.362852096557617,21.53795623779297,6.985972881317139,762398
1989-03-29,21.479589462280273,21.479589462280273,21.187746047973633,21.30448341369629,6.910243511199951,1247678
1989-03-30,21.421220779418945,21.479589462280273,21.129377365112305,21.187746047973633,6.872378349304199,957067
1989-03-31,21.30448341369629,21.30448341369629,21.07101058959961,21.24611473083496,6.891310214996338,973985
1989-04-03,21.362852096557617,21.421220779418945,21.24611473083496,21.362852096557617,6.929174900054932,1166298
1989-04-04,21.24611473083496,21.421220779418945,21.24611473083496,21.421220779418945,6.948109149932861,1527580
1989-04-05,21.421220779418945,21.479589462280273,21.24611473083496,21.362852096557617,6.929174900054932,909738
1989-04-06,21.30448341369629,21.479589462280273,21.30448341369629,21.362852096557617,6.929174900054932,1272734
1989-04-07,21.30448341369629,21.713062286376953,21.30448341369629,21.654693603515625,7.023836612701416,815937
1989-04-10,21.82979965209961,21.946535110473633,21.713062286376953,21.946535110473633,7.118495464324951,690442
1989-04-11,21.946535110473633,22.35511589050293,21.888168334960938,22.238378524780273,7.213159084320068,1003967
1989-04-12,22.471851348876953,22.530221939086914,22.238378524780273,22.2967472076416,7.23209285736084,969488
1989-04-13,22.238378524780273,22.2967472076416,22.121641159057617,22.180009841918945,7.1942267417907715,499200
1989-04-14,22.2967472076416,22.646957397460938,22.121641159057617,22.530221939086914,7.307822227478027,990689
1989-04-17,22.413484573364258,22.58858871459961,22.35511589050293,22.413484573364258,7.269955158233643,491918
1989-04-18,22.705326080322266,22.822063446044922,22.530221939086914,22.646957397460938,7.345681667327881,900744
1989-04-19,22.58858871459961,22.646957397460938,22.471851348876953,22.471851348876953,7.288885593414307,967560
1989-04-20,22.35511589050293,22.938800811767578,22.004905700683594,22.88043212890625,7.421414375305176,1221122
1989-04-21,23.230642318725586,23.40574836730957,22.997167587280273,23.347379684448242,7.572868347167969,2992841
1989-04-24,23.11390495300293,23.172273635864258,22.997167587280273,22.997167587280273,7.459279537200928,1054508
1989-04-25,23.0555362701416,23.172273635864258,22.997167587280273,23.0555362701416,7.478207111358643,1116185
1989-04-26,23.11390495300293,23.289011001586914,23.0555362701416,23.172273635864258,7.516075134277344,664314
1989-04-27,23.172273635864258,23.464115142822266,23.0555362701416,23.289011001586914,7.553933620452881,760042
1989-04-28,23.230642318725586,23.289011001586914,22.88043212890625,22.938800811767578,7.440341949462891,917876
1989-05-01,22.705326080322266,22.997167587280273,22.705326080322266,22.938800811767578,7.440341949462891,573298
1989-05-02,22.997167587280273,23.172273635864258,22.88043212890625,23.11390495300293,7.497138023376465,584648
1989-05-03,23.0555362701416,23.172273635864258,22.88043212890625,23.11390495300293,7.497138023376465,670525
1989-05-04,22.997167587280273,23.11390495300293,22.938800811767578,23.0555362701416,7.478207111358643,734772
1989-05-05,23.11390495300293,23.172273635864258,22.822063446044922,22.938800811767578,7.440341949462891,880399
1989-05-08,22.88043212890625,22.88043212890625,22.471851348876953,22.705326080322266,7.36461067199707,1069071
1989-05-09,22.646957397460938,22.763694763183594,22.413484573364258,22.413484573364258,7.269955158233643,631977
1989-05-10,22.58858871459961,22.705326080322266,22.471851348876953,22.530221939086914,7.307822227478027,546742
1989-05-11,22.530221939086914,22.58858871459961,22.2967472076416,22.471851348876953,7.288885593414307,619556
1989-05-12,22.88043212890625,22.938800811767578,22.646957397460938,22.763694763183594,7.38355016708374,761756
1989-05-15,22.822063446044922,23.172273635864258,22.822063446044922,22.997167587280273,7.516322612762451,1144668
1989-05-16,22.822063446044922,22.938800811767578,22.646957397460938,22.705326080322266,7.4209370613098145,1669781
1989-05-17,22.763694763183594,22.822063446044922,22.238378524780273,22.413484573364258,7.32555627822876,1338052
1989-05-18,22.471851348876953,23.347379684448242,22.471851348876953,22.997167587280273,7.516322612762451,2883621
1989-05-19,23.172273635864258,23.814327239990234,23.172273635864258,23.464115142822266,7.6689372062683105,4148646
1989-05-22,23.697589874267578,23.814327239990234,23.40574836730957,23.522483825683594,7.688012599945068,1213198
1989-05-23,23.40574836730957,23.63922119140625,23.230642318725586,23.289011001586914,7.611704349517822,848489
1989-05-24,23.172273635864258,23.40574836730957,23.11390495300293,23.289011001586914,7.611704349517822,1209772
1989-05-25,23.230642318725586,23.464115142822266,23.172273635864258,23.347379684448242,7.6307854652404785,959851
1989-05-26,23.347379684448242,23.464115142822266,23.230642318725586,23.464115142822266,7.6689372062683105,678020
1989-05-30,23.522483825683594,23.522483825683594,22.88043212890625,22.938800811767578,7.497243404388428,716354
1989-05-31,22.938800811767578,22.997167587280273,22.705326080322266,22.822063446044922,7.459094047546387,1181717
1989-06-01,22.705326080322266,23.0555362701416,22.530221939086914,22.705326080322266,7.4209370613098145,1455195
1989-06-02,22.822063446044922,23.0555362701416,22.705326080322266,22.763694763183594,7.4400129318237305,1126465
1989-06-05,22.88043212890625,23.11390495300293,22.530221939086914,22.58858871459961,7.382783889770508,1483464
1989-06-06,22.763694763183594,22.763694763183594,22.238378524780273,22.2967472076416,7.287399768829346,1379812
1989-06-07,22.58858871459961,22.58858871459961,22.2967472076416,22.2967472076416,7.287399768829346,1077637
1989-06-08,22.58858871459961,22.705326080322266,22.413484573364258,22.58858871459961,7.382783889770508,1166940
1989-06-09,22.58858871459961,22.822063446044922,22.471851348876953,22.822063446044922,7.459094047546387,1088131
1989-06-12,22.822063446044922,22.822063446044922,22.530221939086914,22.705326080322266,7.4209370613098145,726634
1989-06-13,22.58858871459961,22.705326080322266,22.530221939086914,22.58858871459961,7.382783889770508,821291
1989-06-14,22.58858871459961,22.822063446044922,22.471851348876953,22.646957397460938,7.401859283447266,885110
1989-06-15,22.35511589050293,22.471851348876953,21.82979965209961,21.946535110473633,7.172940731048584,1804485
1989-06-16,22.121641159057617,22.35511589050293,22.06327247619629,22.238378524780273,7.26832389831543,2379282
1989-06-19,22.238378524780273,22.471851348876953,22.238378524780273,22.2967472076416,7.287399768829346,552096
1989-06-20,22.471851348876953,22.471851348876953,22.35511589050293,22.35511589050293,7.3064775466918945,578009
1989-06-21,22.35511589050293,22.413484573364258,22.180009841918945,22.2967472076416,7.287399768829346,815295
1989-06-22,22.180009841918945,22.35511589050293,22.06327247619629,22.238378524780273,7.26832389831543,829429
1989-06-23,22.2967472076416,22.35511589050293,22.238378524780273,22.35511589050293,7.3064775466918945,705861
1989-06-26,22.2967472076416,22.35511589050293,22.06327247619629,22.121641159057617,7.230166435241699,1014247
1989-06-27,22.180009841918945,22.180009841918945,21.946535110473633,21.946535110473633,7.172940731048584,878471
1989-06-28,21.946535110473633,22.004905700683594,21.82979965209961,21.888168334960938,7.153862953186035,660245
1989-06-29,21.82979965209961,21.888168334960938,21.362852096557617,21.479589462280273,7.020319938659668,1512375
1989-06-30,21.421220779418945,21.654693603515625,21.362852096557617,21.421220779418945,7.001248836517334,1135674
1989-07-03,21.479589462280273,21.479589462280273,21.30448341369629,21.362852096557617,6.982171535491943,683589
1989-07-05,21.362852096557617,21.654693603515625,21.24611473083496,21.421220779418945,7.001248836517334,1535933
1989-07-06,21.59632682800293,21.59632682800293,21.421220779418945,21.421220779418945,7.001248836517334,820006
1989-07-07,21.53795623779297,21.654693603515625,21.421220779418945,21.53795623779297,7.039397716522217,888108
1989-07-10,21.654693603515625,21.77143096923828,21.479589462280273,21.654693603515625,7.077555179595947,792808
1989-07-11,21.888168334960938,22.180009841918945,21.77143096923828,22.06327247619629,7.211090087890625,1836180
1989-07-12,22.121641159057617,22.530221939086914,22.004905700683594,22.35511589050293,7.3064775466918945,1773004
1989-07-13,22.35511589050293,22.705326080322266,22.180009841918945,22.413484573364258,7.32555627822876,1502952
1989-07-14,22.530221939086914,23.11390495300293,22.471851348876953,23.11390495300293,7.554472923278809,1827400
1989-07-17,22.88043212890625,23.0555362701416,22.705326080322266,22.822063446044922,7.459094047546387,808870
1989-07-18,22.705326080322266,22.822063446044922,22.646957397460938,22.763694763183594,7.4400129318237305,386767
1989-07-19,22.763694763183594,23.172273635864258,22.763694763183594,23.11390495300293,7.554472923278809,1282799
1989-07-20,22.997167587280273,23.289011001586914,22.822063446044922,22.997167587280273,7.516322612762451,996257
1989-07-21,22.997167587280273,23.40574836730957,22.763694763183594,23.347379684448242,7.6307854652404785,1814551
1989-07-24,23.40574836730957,23.40574836730957,22.997167587280273,22.997167587280273,7.516322612762451,643113
1989-07-25,23.0555362701416,23.289011001586914,22.997167587280273,23.11390495300293,7.554472923278809,726634
1989-07-26,23.11390495300293,23.522483825683594,22.997167587280273,23.522483825683594,7.688012599945068,872046
1989-07-27,23.464115142822266,23.580852508544922,23.289011001586914,23.464115142822266,7.6689372062683105,1074211
1989-07-28,23.522483825683594,23.580852508544922,23.230642318725586,23.347379684448242,7.6307854652404785,849132
1989-07-31,23.40574836730957,24.047800064086914,23.347379684448242,24.047800064086914,7.859707832336426,1312567
1989-08-01,24.39801025390625,24.68985366821289,24.16453742980957,24.16453742980957,7.897863388061523,1957821
1989-08-02,24.16453742980957,24.631484985351562,24.106168746948242,24.573116302490234,8.031399726867676,984479
1989-08-03,24.631484985351562,24.864959716796875,24.573116302490234,24.68985366821289,8.069558143615723,932867
1989-08-04,24.514747619628906,25.50701141357422,24.39801025390625,25.331905364990234,8.279397010803223,1455838
1989-08-07,25.565380096435547,26.674381256103516,25.565380096435547,26.616012573242188,8.699090003967285,1923985
1989-08-08,26.616012573242188,26.616012573242188,25.79885482788086,25.857221603393555,8.451093673706055,2196392
1989-08-09,25.97395896911621,26.382537841796875,25.97395896911621,26.090696334838867,8.52740478515625,1437420
1989-08-10,25.97395896911621,26.324169158935547,25.97395896911621,26.324169158935547,8.603713035583496,1173365
1989-08-11,26.55764389038086,26.55764389038086,25.79885482788086,26.149065017700195,8.546481132507324,1338052
1989-08-14,25.857221603393555,26.149065017700195,25.7404842376709,25.915590286254883,8.526507377624512,934152
1989-08-15,25.97395896911621,26.090696334838867,25.7404842376709,25.857221603393555,8.507301330566406,474143
1989-08-16,25.857221603393555,25.97395896911621,25.565380096435547,25.7404842376709,8.468896865844727,705432
1989-08-17,25.565380096435547,25.682117462158203,25.156801223754883,25.27353858947754,8.315258026123047,875901
1989-08-18,25.156801223754883,25.565380096435547,25.040063858032227,25.331905364990234,8.334465026855469,1011034
1989-08-21,25.44864273071289,25.565380096435547,24.68985366821289,24.92332649230957,8.200042724609375,609704
1989-08-22,24.806589126586914,26.03232765197754,24.74822235107422,26.03232765197754,8.564918518066406,1321347
1989-08-23,25.7404842376709,26.090696334838867,25.390274047851562,26.090696334838867,8.584120750427246,1112545
1989-08-24,26.090696334838867,26.616012573242188,25.857221603393555,26.55764389038086,8.737749099731445,1741737
1989-08-25,26.616012573242188,27.08296012878418,26.49927520751953,26.849485397338867,8.833765983581543,1354542
1989-08-28,26.55764389038086,27.02459144592285,26.49927520751953,26.907854080200195,8.852971076965332,767966
1989-08-29,26.907854080200195,27.374801635742188,26.674381256103516,27.199697494506836,8.948990821838379,1560132
1989-08-30,27.199697494506836,27.316434860229492,26.966222763061523,27.141328811645508,8.929787635803223,1199706
1989-08-31,27.08296012878418,27.433170318603516,26.966222763061523,27.141328811645508,8.929787635803223,889822
1989-09-01,27.08296012878418,27.433170318603516,27.02459144592285,27.433170318603516,9.02580451965332,819364
1989-09-05,27.374801635742188,27.374801635742188,26.849485397338867,26.966222763061523,8.872179985046387,1051724
1989-09-06,26.966222763061523,27.08296012878418,25.857221603393555,25.857221603393555,8.507301330566406,1506807
1989-09-07,26.382537841796875,26.382537841796875,25.21516990661621,25.331905364990234,8.334465026855469,968631
1989-09-08,25.50701141357422,25.79885482788086,25.27353858947754,25.682117462158203,8.449692726135254,1219623
1989-09-11,25.682117462158203,25.97395896911621,25.50701141357422,25.857221603393555,8.507301330566406,794950
1989-09-12,25.79885482788086,26.324169158935547,25.79885482788086,26.090696334838867,8.584120750427246,1021956
1989-09-13,26.207433700561523,26.440906524658203,26.03232765197754,26.03232765197754,8.564918518066406,905883
1989-09-14,26.03232765197754,26.207433700561523,25.915590286254883,25.97395896911621,8.545708656311035,1121325
1989-09-15,26.090696334838867,26.49927520751953,25.682117462158203,25.682117462158203,8.449692726135254,1923556
1989-09-18,25.79885482788086,25.857221603393555,25.50701141357422,25.682117462158203,8.449692726135254,663458
1989-09-19,25.7404842376709,25.857221603393555,25.44864273071289,25.7404842376709,8.468896865844727,590216
1989-09-20,25.7404842376709,26.03232765197754,25.565380096435547,25.857221603393555,8.507301330566406,755974
1989-09-21,25.97395896911621,26.03232765197754,25.682117462158203,25.79885482788086,8.488101959228516,905241
1989-09-22,25.79885482788086,25.79885482788086,25.50701141357422,25.682117462158203,8.449692726135254,597069
1989-09-25,25.623748779296875,25.857221603393555,25.565380096435547,25.623748779296875,8.430485725402832,700935
1989-09-26,25.623748779296875,26.090696334838867,25.50701141357422,26.03232765197754,8.564918518066406,970987
1989-09-27,25.7404842376709,26.03232765197754,25.682117462158203,26.03232765197754,8.564918518066406,771607
1989-09-28,25.97395896911621,26.149065017700195,25.7404842376709,26.090696334838867,8.584120750427246,774391
1989-09-29,25.97395896911621,26.26580238342285,25.857221603393555,26.03232765197754,8.564918518066406,637973
1989-10-02,26.149065017700195,26.149065017700195,25.79885482788086,25.915590286254883,8.526507377624512,585291
1989-10-03,25.97395896911621,26.03232765197754,25.623748779296875,26.03232765197754,8.564918518066406,1496099
1989-10-04,26.149065017700195,26.440906524658203,25.915590286254883,26.324169158935547,8.66093921661377,1074853
1989-10-05,26.324169158935547,26.324169158935547,26.149065017700195,26.149065017700195,8.603324890136719,604993
1989-10-06,26.207433700561523,26.26580238342285,26.03232765197754,26.207433700561523,8.622523307800293,422960
1989-10-09,26.207433700561523,26.207433700561523,26.03232765197754,26.090696334838867,8.584120750427246,223794
1989-10-10,26.26580238342285,26.324169158935547,26.03232765197754,26.03232765197754,8.564918518066406,440092
1989-10-11,25.97395896911621,26.03232765197754,25.44864273071289,25.565380096435547,8.411280632019043,2334095
1989-10-12,25.50701141357422,26.03232765197754,25.50701141357422,25.97395896911621,8.545708656311035,1480680
1989-10-13,25.97395896911621,26.324169158935547,23.580852508544922,24.281274795532227,7.988801002502441,1644938
1989-10-16,23.63922119140625,24.74822235107422,23.172273635864258,24.68985366821289,8.123229026794434,3065226
1989-10-17,24.047800064086914,24.68985366821289,23.697589874267578,24.047800064086914,7.911982536315918,1270806
1989-10-18,23.989431381225586,24.16453742980957,23.755958557128906,24.047800064086914,7.911982536315918,1667853
1989-10-19,24.2229061126709,24.281274795532227,23.872695922851562,24.106168746948242,7.931188106536865,1382168
1989-10-20,24.106168746948242,24.106168746948242,23.580852508544922,23.814327239990234,7.835164546966553,2018642
1989-10-23,23.697589874267578,23.814327239990234,23.40574836730957,23.522483825683594,7.739146709442139,1023670
1989-10-24,23.289011001586914,23.40574836730957,22.822063446044922,23.172273635864258,7.623927593231201,2337521
1989-10-25,23.0555362701416,23.289011001586914,22.938800811767578,23.172273635864258,7.623927593231201,1422644
1989-10-26,23.172273635864258,23.289011001586914,22.822063446044922,22.997167587280273,7.566314220428467,995187
1989-10-27,22.646957397460938,22.822063446044922,22.06327247619629,22.822063446044922,7.508705139160156,1387308
1989-10-30,22.822063446044922,23.172273635864258,22.763694763183594,23.0555362701416,7.585521221160889,976127
1989-10-31,23.580852508544922,23.93106460571289,23.11390495300293,23.230642318725586,7.643136024475098,1847959
1989-11-01,23.230642318725586,23.230642318725586,22.646957397460938,22.822063446044922,7.508705139160156,1387950
1989-11-02,22.822063446044922,22.938800811767578,22.705326080322266,22.763694763183594,7.489497661590576,817437
1989-11-03,22.705326080322266,22.997167587280273,22.471851348876953,22.705326080322266,7.470294952392578,721280
1989-11-06,22.705326080322266,22.822063446044922,22.180009841918945,22.180009841918945,7.297461032867432,1140171
1989-11-07,22.06327247619629,22.238378524780273,21.946535110473633,22.121641159057617,7.278254508972168,1218981
1989-11-08,22.180009841918945,22.35511589050293,22.180009841918945,22.238378524780273,7.316666603088379,711215
1989-11-09,22.238378524780273,22.2967472076416,21.946535110473633,22.004905700683594,7.239847660064697,725563
1989-11-10,22.180009841918945,22.35511589050293,22.180009841918945,22.35511589050293,7.35507345199585,723636
1989-11-13,22.413484573364258,22.646957397460938,22.238378524780273,22.58858871459961,7.431887626647949,553595
1989-11-14,22.471851348876953,22.822063446044922,22.471851348876953,22.646957397460938,7.451090335845947,669240
1989-11-15,22.646957397460938,22.997167587280273,22.58858871459961,22.88043212890625,7.527909278869629,514619
1989-11-16,23.172273635864258,23.230642318725586,22.822063446044922,23.11390495300293,7.604718208312988,1273590
1989-11-17,22.997167587280273,23.230642318725586,22.822063446044922,23.172273635864258,7.689166069030762,1117470
1989-11-20,23.230642318725586,23.230642318725586,22.997167587280273,23.0555362701416,7.650430679321289,556808
1989-11-21,23.172273635864258,23.230642318725586,22.997167587280273,23.0555362701416,7.650430679321289,595998
1989-11-22,23.11390495300293,23.172273635864258,23.0555362701416,23.172273635864258,7.689166069030762,542245
1989-11-24,23.172273635864258,23.755958557128906,23.11390495300293,23.63922119140625,7.844118118286133,811868
1989-11-27,23.697589874267578,24.573116302490234,23.63922119140625,24.45638084411621,8.115264892578125,1524582
1989-11-28,24.573116302490234,24.573116302490234,24.339643478393555,24.45638084411621,8.115264892578125,963491
1989-11-29,24.339643478393555,24.39801025390625,24.2229061126709,24.2229061126709,8.03779411315918,591501
1989-11-30,24.2229061126709,24.281274795532227,23.872695922851562,23.93106460571289,7.940954685211182,534321
1989-12-01,24.047800064086914,24.45638084411621,24.047800064086914,24.39801025390625,8.095894813537598,1104407
1989-12-04,24.39801025390625,25.040063858032227,24.339643478393555,25.040063858032227,8.308948516845703,1190712
1989-12-05,24.9816951751709,25.156801223754883,24.631484985351562,24.74822235107422,8.21211051940918,486350
1989-12-06,24.74822235107422,24.806589126586914,24.514747619628906,24.573116302490234,8.15400505065918,331515
1989-12-07,24.74822235107422,25.098432540893555,24.74822235107422,24.92332649230957,8.270211219787598,548456
1989-12-08,25.331905364990234,25.331905364990234,25.098432540893555,25.21516990661621,8.367053031921387,943361
1989-12-11,24.74822235107422,24.92332649230957,24.74822235107422,24.806589126586914,8.231474876403809,509479
1989-12-12,24.92332649230957,25.040063858032227,24.514747619628906,24.74822235107422,8.21211051940918,598782
1989-12-13,24.806589126586914,25.040063858032227,24.514747619628906,24.92332649230957,8.270211219787598,556165
1989-12-14,24.9816951751709,25.565380096435547,24.806589126586914,25.44864273071289,8.444528579711914,484851
1989-12-15,25.50701141357422,25.50701141357422,24.806589126586914,24.92332649230957,8.270211219787598,1409794
1989-12-18,24.92332649230957,25.098432540893555,24.68985366821289,24.9816951751709,8.289581298828125,948715
1989-12-19,24.9816951751709,25.390274047851562,24.631484985351562,25.040063858032227,8.308948516845703,628336
1989-12-20,25.040063858032227,25.390274047851562,24.864959716796875,25.27353858947754,8.386417388916016,621055
1989-12-21,25.390274047851562,25.857221603393555,25.390274047851562,25.857221603393555,8.58010196685791,741197
1989-12-22,25.857221603393555,26.149065017700195,25.79885482788086,26.03232765197754,8.63820743560791,436237
1989-12-26,25.97395896911621,26.149065017700195,25.79885482788086,26.090696334838867,8.657577514648438,533250
1989-12-27,25.97395896911621,26.616012573242188,25.915590286254883,26.440906524658203,8.773782730102539,614202
1989-12-28,26.55764389038086,26.55764389038086,26.090696334838867,26.324169158935547,8.735052108764648,498985
1989-12-29,26.49927520751953,26.55764389038086,26.382537841796875,26.382537841796875,8.754413604736328,414822
1990-01-02,26.26580238342285,26.791118621826172,26.03232765197754,26.732749938964844,8.870626449584961,822790
1990-01-03,26.849485397338867,26.907854080200195,26.382537841796875,26.674381256103516,8.85125732421875,2102163
1990-01-04,26.674381256103516,26.674381256103516,26.324169158935547,26.55764389038086,8.812521934509277,991760
1990-01-05,26.55764389038086,26.966222763061523,26.382537841796875,26.616012573242188,8.831890106201172,1030308
1990-01-08,26.324169158935547,26.732749938964844,26.324169158935547,26.55764389038086,8.812521934509277,894105
1990-01-09,26.55764389038086,26.732749938964844,25.915590286254883,25.97395896911621,8.618839263916016,1215126
1990-01-10,25.682117462158203,25.857221603393555,25.331905364990234,25.623748779296875,8.5026273727417,1675991
1990-01-11,25.623748779296875,25.7404842376709,25.44864273071289,25.44864273071289,8.444528579711914,742482
1990-01-12,25.390274047851562,25.44864273071289,24.631484985351562,24.68985366821289,8.192742347717285,1017887
1990-01-15,24.806589126586914,25.27353858947754,24.281274795532227,24.281274795532227,8.057164192199707,1020243
1990-01-16,24.39801025390625,24.573116302490234,23.989431381225586,24.514747619628906,8.134632110595703,893248
1990-01-17,24.39801025390625,25.098432540893555,24.2229061126709,24.339643478393555,8.076531410217285,1034806
1990-01-18,24.047800064086914,24.68985366821289,24.047800064086914,24.2229061126709,8.03779411315918,1001397
1990-01-19,24.45638084411621,24.514747619628906,24.16453742980957,24.45638084411621,8.115264892578125,1280015
1990-01-22,24.281274795532227,24.514747619628906,23.872695922851562,23.872695922851562,7.921585559844971,685302
1990-01-23,24.047800064086914,24.16453742980957,23.872695922851562,24.106168746948242,7.999061584472656,826859
1990-01-24,23.63922119140625,24.514747619628906,23.580852508544922,24.39801025390625,8.095894813537598,908239
1990-01-25,24.45638084411621,24.45638084411621,23.814327239990234,23.989431381225586,7.960322380065918,936936
1990-01-26,23.989431381225586,24.2229061126709,23.63922119140625,23.93106460571289,7.940954685211182,698579
1990-01-29,23.755958557128906,23.93106460571289,23.580852508544922,23.697589874267578,7.863481521606445,835426
1990-01-30,23.63922119140625,23.814327239990234,22.938800811767578,23.289011001586914,7.727903366088867,908667
1990-01-31,23.40574836730957,23.580852508544922,23.230642318725586,23.580852508544922,7.824745178222656,658104
1990-02-01,23.580852508544922,23.697589874267578,23.172273635864258,23.230642318725586,7.7085394859313965,630478
1990-02-02,23.172273635864258,23.464115142822266,22.88043212890625,22.938800811767578,7.611690044403076,840351
1990-02-05,23.11390495300293,23.289011001586914,22.997167587280273,23.172273635864258,7.689166069030762,630906
1990-02-06,23.289011001586914,23.289011001586914,22.997167587280273,23.11390495300293,7.669797420501709,404756
1990-02-07,22.997167587280273,23.289011001586914,22.763694763183594,23.0555362701416,7.650430679321289,1406154
1990-02-08,23.11390495300293,23.230642318725586,22.997167587280273,23.11390495300293,7.669797420501709,833712
1990-02-09,23.347379684448242,23.522483825683594,23.230642318725586,23.347379684448242,7.747267246246338,777389
1990-02-12,23.347379684448242,23.347379684448242,22.938800811767578,22.938800811767578,7.611690044403076,379272
1990-02-13,22.997167587280273,23.172273635864258,22.88043212890625,22.997167587280273,7.6310648918151855,1003110
1990-02-14,22.938800811767578,23.11390495300293,22.822063446044922,22.997167587280273,7.6310648918151855,752975
1990-02-15,22.997167587280273,23.230642318725586,22.938800811767578,23.230642318725586,7.7085394859313965,873974
1990-02-16,23.11390495300293,23.755958557128906,23.0555362701416,23.464115142822266,7.852299690246582,1255387
1990-02-20,23.230642318725586,23.289011001586914,22.88043212890625,22.997167587280273,7.696037292480469,769037
1990-02-21,22.58858871459961,22.88043212890625,22.530221939086914,22.822063446044922,7.637437343597412,632833
1990-02-22,23.0555362701416,23.230642318725586,22.705326080322266,22.938800811767578,7.67650032043457,1040588
1990-02-23,22.88043212890625,22.997167587280273,22.646957397460938,22.705326080322266,7.59837007522583,544172
1990-02-26,22.763694763183594,23.11390495300293,22.763694763183594,23.0555362701416,7.715567111968994,455297
1990-02-27,23.347379684448242,23.522483825683594,23.230642318725586,23.289011001586914,7.793694972991943,1168225
1990-02-28,23.0555362701416,23.580852508544922,23.0555362701416,23.580852508544922,7.8913679122924805,1071212
1990-03-01,23.347379684448242,23.814327239990234,23.230642318725586,23.755958557128906,7.949965476989746,831143
1990-03-02,23.872695922851562,24.16453742980957,23.872695922851562,24.047800064086914,8.047630310058594,821291
1990-03-05,23.989431381225586,24.2229061126709,23.93106460571289,23.989431381225586,8.028091430664062,540103
1990-03-06,24.106168746948242,24.39801025390625,23.93106460571289,24.281274795532227,8.125764846801758,800946
1990-03-07,23.814327239990234,24.047800064086914,23.63922119140625,23.814327239990234,7.969499111175537,970130
1990-03-08,23.697589874267578,24.106168746948242,23.63922119140625,24.047800064086914,8.047630310058594,606278
1990-03-09,24.047800064086914,24.16453742980957,23.814327239990234,23.872695922851562,7.989033222198486,570514
1990-03-12,23.872695922851562,24.16453742980957,23.814327239990234,24.047800064086914,8.047630310058594,380128
1990-03-13,23.989431381225586,23.989431381225586,23.63922119140625,23.93106460571289,8.008561134338379,532394
1990-03-14,23.872695922851562,23.93106460571289,23.289011001586914,23.464115142822266,7.852299690246582,1103550
1990-03-15,23.580852508544922,23.697589874267578,23.464115142822266,23.580852508544922,7.8913679122924805,370920
1990-03-16,23.580852508544922,24.514747619628906,23.40574836730957,24.281274795532227,8.125764846801758,1696336
1990-03-19,24.281274795532227,24.514747619628906,23.989431381225586,24.514747619628906,8.203893661499023,798377
1990-03-20,24.45638084411621,24.45638084411621,23.814327239990234,24.047800064086914,8.047630310058594,652750
1990-03-21,24.16453742980957,24.339643478393555,23.814327239990234,23.989431381225586,8.028091430664062,453798
1990-03-22,24.106168746948242,24.106168746948242,23.697589874267578,23.989431381225586,8.028091430664062,688086
1990-03-23,23.989431381225586,24.106168746948242,23.872695922851562,24.106168746948242,8.067166328430176,635403
1990-03-26,24.281274795532227,24.39801025390625,24.047800064086914,24.047800064086914,8.047630310058594,377130
1990-03-27,24.047800064086914,24.16453742980957,23.814327239990234,24.16453742980957,8.086695671081543,320379
1990-03-28,23.989431381225586,24.2229061126709,23.93106460571289,24.2229061126709,8.10622787475586,490419
1990-03-29,24.2229061126709,24.2229061126709,23.755958557128906,23.872695922851562,7.989033222198486,660674
1990-03-30,23.755958557128906,23.814327239990234,23.522483825683594,23.63922119140625,7.910902500152588,750191
1990-04-02,23.347379684448242,23.697589874267578,23.230642318725586,23.697589874267578,7.930434226989746,544387
1990-04-03,23.63922119140625,24.047800064086914,23.63922119140625,23.872695922851562,7.989033222198486,591287
1990-04-04,23.93106460571289,23.93106460571289,23.755958557128906,23.755958557128906,7.949965476989746,604350
1990-04-05,23.814327239990234,23.989431381225586,23.697589874267578,23.93106460571289,8.008561134338379,419533
1990-04-06,24.047800064086914,24.047800064086914,23.872695922851562,23.93106460571289,8.008561134338379,423388
1990-04-09,23.872695922851562,24.16453742980957,23.872695922851562,24.047800064086914,8.047630310058594,323163
1990-04-10,24.047800064086914,24.39801025390625,23.989431381225586,24.339643478393555,8.14530086517334,778460
1990-04-11,24.281274795532227,24.631484985351562,24.2229061126709,24.514747619628906,8.203893661499023,416107
1990-04-12,24.631484985351562,24.806589126586914,24.573116302490234,24.68985366821289,8.262495040893555,623625
1990-04-16,25.156801223754883,25.156801223754883,24.514747619628906,24.806589126586914,8.301558494567871,462579
1990-04-17,24.45638084411621,24.631484985351562,24.2229061126709,24.573116302490234,8.223427772521973,962207
1990-04-18,24.68985366821289,24.74822235107422,24.106168746948242,24.16453742980957,8.086695671081543,1039731
1990-04-19,23.755958557128906,24.281274795532227,23.755958557128906,23.989431381225586,8.028091430664062,578866
1990-04-20,23.93106460571289,24.106168746948242,23.40574836730957,23.814327239990234,7.969499111175537,1298647
1990-04-23,23.697589874267578,23.697589874267578,23.289011001586914,23.40574836730957,7.832767009735107,784028
1990-04-24,23.40574836730957,23.580852508544922,23.172273635864258,23.172273635864258,7.754636287689209,985121
1990-04-25,23.230642318725586,23.289011001586914,22.997167587280273,22.997167587280273,7.696037292480469,904598
1990-04-26,23.11390495300293,23.464115142822266,22.997167587280273,23.347379684448242,7.813236236572266,722993
1990-04-27,23.289011001586914,23.347379684448242,22.938800811767578,22.997167587280273,7.696037292480469,460651
1990-04-30,22.997167587280273,23.230642318725586,22.938800811767578,23.172273635864258,7.754636287689209,337511
1990-05-01,23.0555362701416,23.289011001586914,22.997167587280273,23.172273635864258,7.754636287689209,391479
1990-05-02,23.230642318725586,23.230642318725586,22.88043212890625,23.230642318725586,7.774173259735107,1435279
1990-05-03,23.289011001586914,23.289011001586914,22.88043212890625,22.938800811767578,7.67650032043457,774605
1990-05-04,23.11390495300293,23.11390495300293,22.530221939086914,22.938800811767578,7.67650032043457,1184287
1990-05-07,22.997167587280273,23.11390495300293,22.822063446044922,23.11390495300293,7.735096454620361,554880
1990-05-08,23.0555362701416,23.40574836730957,23.0555362701416,23.347379684448242,7.813236236572266,667955
1990-05-09,23.347379684448242,23.464115142822266,23.11390495300293,23.230642318725586,7.774173259735107,649109
1990-05-10,23.289011001586914,23.522483825683594,23.172273635864258,23.40574836730957,7.832767009735107,823433
1990-05-11,23.522483825683594,24.047800064086914,23.347379684448242,23.814327239990234,7.969499111175537,1031379
1990-05-14,23.697589874267578,24.047800064086914,23.580852508544922,23.63922119140625,7.976590156555176,883183
1990-05-15,23.63922119140625,24.16453742980957,23.522483825683594,24.106168746948242,8.134154319763184,814224
1990-05-16,24.16453742980957,24.2229061126709,23.872695922851562,24.106168746948242,8.134154319763184,433453
1990-05-17,24.047800064086914,24.573116302490234,24.047800064086914,24.281274795532227,8.193238258361816,872475
1990-05-18,24.39801025390625,24.45638084411621,23.93106460571289,23.93106460571289,8.07506275177002,1287939
1990-05-21,23.93106460571289,24.339643478393555,23.93106460571289,24.2229061126709,8.173540115356445,551882
1990-05-22,24.68985366821289,24.68985366821289,23.697589874267578,24.16453742980957,8.153843879699707,1195852
1990-05-23,23.989431381225586,24.16453742980957,23.93106460571289,24.047800064086914,8.114452362060547,622126
1990-05-24,24.047800064086914,24.047800064086914,23.63922119140625,23.697589874267578,7.996285915374756,663244
1990-05-25,23.755958557128906,23.989431381225586,23.63922119140625,23.872695922851562,8.055371284484863,516975
1990-05-29,23.872695922851562,23.93106460571289,23.63922119140625,23.93106460571289,8.07506275177002,522757
1990-05-30,24.2229061126709,24.573116302490234,24.106168746948242,24.39801025390625,8.232624053955078,1195209
1990-05-31,24.281274795532227,24.631484985351562,24.2229061126709,24.514747619628906,8.272016525268555,876758
1990-06-01,24.68985366821289,24.806589126586914,24.39801025390625,24.514747619628906,8.272016525268555,911451
1990-06-04,24.573116302490234,24.573116302490234,24.16453742980957,24.2229061126709,8.173540115356445,877400
1990-06-05,24.339643478393555,24.573116302490234,24.2229061126709,24.2229061126709,8.173540115356445,816794
1990-06-06,24.16453742980957,24.39801025390625,24.16453742980957,24.39801025390625,8.232624053955078,588717
1990-06-07,24.281274795532227,24.339643478393555,24.047800064086914,24.106168746948242,8.134154319763184,826859
1990-06-08,24.2229061126709,24.45638084411621,23.93106460571289,24.2229061126709,8.173540115356445,601352
1990-06-11,24.339643478393555,24.573116302490234,24.281274795532227,24.514747619628906,8.272016525268555,379058
1990-06-12,24.573116302490234,25.098432540893555,24.339643478393555,24.74822235107422,8.350799560546875,641400
1990-06-13,24.74822235107422,25.098432540893555,24.514747619628906,24.68985366821289,8.331103324890137,808870
1990-06-14,24.74822235107422,25.040063858032227,24.631484985351562,25.040063858032227,8.449274063110352,433453
1990-06-15,24.864959716796875,25.390274047851562,24.806589126586914,25.390274047851562,8.567444801330566,1866162
1990-06-18,25.27353858947754,25.331905364990234,24.806589126586914,24.864959716796875,8.390189170837402,534321
1990-06-19,24.74822235107422,25.040063858032227,24.514747619628906,24.864959716796875,8.390189170837402,894961
1990-06-20,24.9816951751709,25.040063858032227,24.573116302490234,24.68985366821289,8.331103324890137,723636
1990-06-21,24.74822235107422,24.864959716796875,24.39801025390625,24.514747619628906,8.272016525268555,454227
1990-06-22,24.514747619628906,24.573116302490234,23.63922119140625,23.755958557128906,8.015979766845703,515261
1990-06-25,23.872695922851562,24.047800064086914,23.814327239990234,23.93106460571289,8.07506275177002,537534
1990-06-26,23.989431381225586,24.281274795532227,23.989431381225586,24.2229061126709,8.173540115356445,563447
1990-06-27,24.16453742980957,24.39801025390625,23.872695922851562,23.93106460571289,8.07506275177002,674808
1990-06-28,23.93106460571289,24.39801025390625,23.872695922851562,23.989431381225586,8.09475326538086,635617
1990-06-29,23.989431381225586,24.106168746948242,23.63922119140625,23.755958557128906,8.015979766845703,589574
1990-07-02,23.755958557128906,24.16453742980957,23.755958557128906,23.989431381225586,8.09475326538086,544815
1990-07-03,24.339643478393555,24.339643478393555,24.047800064086914,24.2229061126709,8.173540115356445,526397
1990-07-05,24.047800064086914,24.16453742980957,23.814327239990234,23.93106460571289,8.07506275177002,554238
1990-07-06,23.814327239990234,24.16453742980957,23.814327239990234,24.047800064086914,8.114452362060547,332157
1990-07-09,24.16453742980957,24.281274795532227,23.989431381225586,24.106168746948242,8.134154319763184,453584
1990-07-10,23.989431381225586,24.864959716796875,23.989431381225586,24.514747619628906,8.272016525268555,1386879
1990-07-11,24.631484985351562,25.098432540893555,24.45638084411621,24.92332649230957,8.409881591796875,1780928
1990-07-12,24.9816951751709,25.565380096435547,24.92332649230957,25.44864273071289,8.587141036987305,2080319
1990-07-13,25.331905364990234,25.44864273071289,25.040063858032227,25.21516990661621,8.508362770080566,774605
1990-07-16,25.27353858947754,25.565380096435547,25.156801223754883,25.156801223754883,8.488662719726562,740340
1990-07-17,25.27353858947754,25.331905364990234,25.040063858032227,25.331905364990234,8.547749519348145,686158
1990-07-18,25.156801223754883,25.50701141357422,24.9816951751709,25.390274047851562,8.567444801330566,771179
1990-07-19,25.44864273071289,25.79885482788086,25.27353858947754,25.682117462158203,8.665923118591309,931368
1990-07-20,25.79885482788086,26.090696334838867,25.7404842376709,25.915590286254883,8.744704246520996,1829542
1990-07-23,25.857221603393555,25.915590286254883,24.92332649230957,25.27353858947754,8.528053283691406,1333340
1990-07-24,25.331905364990234,25.7404842376709,24.806589126586914,25.7404842376709,8.685623168945312,987905
1990-07-25,25.682117462158203,25.857221603393555,25.44864273071289,25.79885482788086,8.705318450927734,766681
1990-07-26,25.857221603393555,26.26580238342285,25.565380096435547,26.149065017700195,8.823484420776367,925800
1990-07-27,26.149065017700195,26.49927520751953,25.915590286254883,26.382537841796875,8.902262687683105,938007
1990-07-30,25.915590286254883,26.324169158935547,25.857221603393555,26.207433700561523,8.843178749084473,868620
1990-07-31,26.149065017700195,26.49927520751953,26.149065017700195,26.324169158935547,8.88257884979248,1063289
1990-08-01,26.324169158935547,26.616012573242188,26.324169158935547,26.55764389038086,8.961350440979004,678235
1990-08-02,25.97395896911621,26.49927520751953,25.915590286254883,26.49927520751953,8.941656112670898,1935977
1990-08-03,26.26580238342285,27.900117874145508,25.857221603393555,27.25806427001953,9.197691917419434,2220164
1990-08-06,25.682117462158203,25.857221603393555,24.806589126586914,24.9816951751709,8.429577827453613,1987803
1990-08-07,25.21516990661621,25.50701141357422,23.93106460571289,24.2229061126709,8.173540115356445,1705545
1990-08-08,24.339643478393555,24.514747619628906,24.106168746948242,24.281274795532227,8.193238258361816,736914
1990-08-09,24.16453742980957,24.631484985351562,23.989431381225586,24.573116302490234,8.291712760925293,497272
1990-08-10,24.45638084411621,24.573116302490234,23.755958557128906,23.93106460571289,8.07506275177002,528753
1990-08-13,23.40574836730957,24.047800064086914,23.289011001586914,24.047800064086914,8.114452362060547,716997
1990-08-14,23.697589874267578,24.281274795532227,23.697589874267578,24.2229061126709,8.173540115356445,878900
1990-08-15,24.631484985351562,24.68985366821289,24.106168746948242,24.106168746948242,8.134154319763184,974842
1990-08-16,23.989431381225586,24.047800064086914,23.172273635864258,23.230642318725586,7.838726997375488,871190
1990-08-17,22.88043212890625,23.289011001586914,22.646957397460938,22.997167587280273,7.759943008422852,2871414
1990-08-20,22.88043212890625,22.938800811767578,22.471851348876953,22.471851348876953,7.6479034423828125,552739
1990-08-21,22.180009841918945,22.238378524780273,21.77143096923828,22.004905700683594,7.488987922668457,1600822
1990-08-22,22.06327247619629,22.238378524780273,21.82979965209961,21.82979965209961,7.429394721984863,1172294
1990-08-23,21.129377365112305,22.238378524780273,21.07101058959961,21.654693603515625,7.369799613952637,969916
1990-08-24,22.238378524780273,22.238378524780273,21.82979965209961,22.004905700683594,7.488987922668457,1279801
1990-08-27,22.646957397460938,22.763694763183594,22.180009841918945,22.238378524780273,7.568446159362793,1186429
1990-08-28,22.121641159057617,22.238378524780273,22.06327247619629,22.238378524780273,7.568446159362793,478640
1990-08-29,22.238378524780273,22.58858871459961,22.004905700683594,22.413484573364258,7.628040313720703,471573
1990-08-30,22.471851348876953,22.471851348876953,21.888168334960938,22.06327247619629,7.508853435516357,714427
1990-08-31,22.121641159057617,22.35511589050293,21.946535110473633,22.238378524780273,7.568446159362793,195739
1990-09-04,22.121641159057617,22.180009841918945,21.946535110473633,22.121641159057617,7.528716087341309,459152
1990-09-05,22.238378524780273,22.530221939086914,22.004905700683594,22.471851348876953,7.6479034423828125,495131
1990-09-06,22.35511589050293,22.413484573364258,21.946535110473633,22.180009841918945,7.548582553863525,472644
1990-09-07,22.238378524780273,22.471851348876953,22.004905700683594,22.35511589050293,7.608177661895752,486993
1990-09-10,22.58858871459961,22.763694763183594,22.2967472076416,22.2967472076416,7.588310718536377,433668
1990-09-11,22.35511589050293,22.58858871459961,21.77143096923828,21.82979965209961,7.429394721984863,824290
1990-09-12,21.888168334960938,22.004905700683594,21.82979965209961,21.946535110473633,7.469120502471924,531751
1990-09-13,21.946535110473633,22.004905700683594,21.888168334960938,21.946535110473633,7.469120502471924,452513
1990-09-14,21.888168334960938,21.888168334960938,21.53795623779297,21.713062286376953,7.389659404754639,480140
1990-09-17,21.53795623779297,21.713062286376953,21.479589462280273,21.479589462280273,7.3102030754089355,513334
1990-09-18,21.30448341369629,21.713062286376953,21.187746047973633,21.479589462280273,7.3102030754089355,568372
1990-09-19,21.59632682800293,21.82979965209961,21.53795623779297,21.59632682800293,7.349931716918945,651465
1990-09-20,21.421220779418945,21.53795623779297,21.129377365112305,21.362852096557617,7.2704758644104,711001
1990-09-21,21.129377365112305,21.30448341369629,20.895904541015625,21.01264190673828,7.151291370391846,1470186
1990-09-24,20.895904541015625,21.01264190673828,20.77916717529297,20.77916717529297,7.071828365325928,732630
1990-09-25,20.837535858154297,21.479589462280273,20.77916717529297,21.479589462280273,7.3102030754089355,765182
1990-09-26,21.479589462280273,21.654693603515625,21.01264190673828,21.07101058959961,7.171153545379639,560020
1990-09-27,21.30448341369629,21.479589462280273,20.77916717529297,20.77916717529297,7.071828365325928,813796
1990-09-28,20.19548225402832,20.48732566833496,19.96200942993164,20.312219619750977,6.912914752960205,1240824
1990-10-01,20.604061126708984,21.30448341369629,20.48732566833496,21.187746047973633,7.210877895355225,1060076
1990-10-02,21.187746047973633,22.004905700683594,21.187746047973633,21.59632682800293,7.349931716918945,875687
1990-10-03,21.713062286376953,21.888168334960938,21.362852096557617,21.479589462280273,7.3102030754089355,329373
1990-10-04,21.421220779418945,22.2967472076416,21.30448341369629,22.180009841918945,7.548582553863525,811226
1990-10-05,21.946535110473633,22.530221939086914,21.82979965209961,22.180009841918945,7.548582553863525,1072497
1990-10-08,22.121641159057617,22.35511589050293,22.121641159057617,22.2967472076416,7.588310718536377,237500
1990-10-09,21.946535110473633,22.471851348876953,21.24611473083496,21.362852096557617,7.2704758644104,855771
1990-10-10,21.421220779418945,21.59632682800293,21.129377365112305,21.30448341369629,7.250607490539551,830500
1990-10-11,21.362852096557617,21.654693603515625,21.07101058959961,21.24611473083496,7.230745315551758,1151735
1990-10-12,21.421220779418945,21.888168334960938,21.187746047973633,21.713062286376953,7.389659404754639,1302288
1990-10-15,21.82979965209961,21.82979965209961,21.24611473083496,21.24611473083496,7.230745315551758,808442
1990-10-16,21.362852096557617,21.479589462280273,20.662431716918945,20.895904541015625,7.111557960510254,813368
1990-10-17,20.895904541015625,21.01264190673828,20.662431716918945,20.837535858154297,7.091690540313721,947430
1990-10-18,20.954273223876953,21.654693603515625,20.895904541015625,21.421220779418945,7.290339469909668,731560
1990-10-19,21.82979965209961,22.646957397460938,21.59632682800293,22.646957397460938,7.70749568939209,1887792
1990-10-22,22.35511589050293,22.822063446044922,22.238378524780273,22.705326080322266,7.727362632751465,1049368
1990-10-23,22.530221939086914,22.646957397460938,22.004905700683594,22.471851348876953,7.6479034423828125,756830
1990-10-24,22.471851348876953,22.88043212890625,22.35511589050293,22.763694763183594,7.74722957611084,695367
1990-10-25,22.763694763183594,22.822063446044922,22.238378524780273,22.238378524780273,7.568446159362793,860696
1990-10-26,21.946535110473633,22.471851348876953,21.888168334960938,22.121641159057617,7.528716087341309,668598
1990-10-29,22.121641159057617,22.763694763183594,22.06327247619629,22.58858871459961,7.687630653381348,942076
1990-10-30,22.471851348876953,22.58858871459961,22.121641159057617,22.2967472076416,7.588310718536377,812511
1990-10-31,22.413484573364258,22.413484573364258,21.654693603515625,21.713062286376953,7.389659404754639,864979
1990-11-01,21.713062286376953,21.888168334960938,21.479589462280273,21.59632682800293,7.349931716918945,723636
1990-11-02,21.654693603515625,22.180009841918945,21.59632682800293,21.946535110473633,7.469120502471924,569229
1990-11-05,21.946535110473633,22.2967472076416,21.888168334960938,22.180009841918945,7.548582553863525,574154
1990-11-06,22.121641159057617,22.705326080322266,22.06327247619629,22.413484573364258,7.628040313720703,787240
1990-11-07,22.238378524780273,22.2967472076416,21.53795623779297,21.713062286376953,7.389659404754639,667955
1990-11-08,21.53795623779297,21.82979965209961,21.362852096557617,21.53795623779297,7.330069541931152,644398
1990-11-09,21.888168334960938,22.413484573364258,21.654693603515625,22.2967472076416,7.588310718536377,611418
1990-11-12,22.35511589050293,22.763694763183594,22.35511589050293,22.705326080322266,7.727362632751465,487635
1990-11-13,22.35511589050293,22.938800811767578,22.35511589050293,22.822063446044922,7.767094135284424,606278
1990-11-14,22.705326080322266,23.289011001586914,22.646957397460938,23.11390495300293,7.866410255432129,651893
1990-11-15,22.938800811767578,23.230642318725586,22.938800811767578,23.230642318725586,7.906149864196777,1538502
1990-11-16,23.230642318725586,23.289011001586914,22.646957397460938,22.763694763183594,7.8131890296936035,1644082
1990-11-19,22.822063446044922,23.230642318725586,22.763694763183594,23.172273635864258,7.953424453735352,670097
1990-11-20,23.172273635864258,23.347379684448242,23.11390495300293,23.172273635864258,7.953424453735352,872261
1990-11-21,22.938800811767578,23.172273635864258,22.705326080322266,23.172273635864258,7.953424453735352,928584
1990-11-23,23.172273635864258,23.230642318725586,22.822063446044922,22.88043212890625,7.8532562255859375,116073
1990-11-26,22.705326080322266,22.88043212890625,22.530221939086914,22.88043212890625,7.8532562255859375,400259
1990-11-27,22.88043212890625,23.464115142822266,22.705326080322266,23.464115142822266,8.053593635559082,1063074
1990-11-28,23.40574836730957,23.464115142822266,23.172273635864258,23.230642318725586,7.973461151123047,377987
1990-11-29,23.289011001586914,23.347379684448242,22.705326080322266,22.705326080322266,7.793153285980225,793879
1990-11-30,22.646957397460938,23.0555362701416,22.646957397460938,22.997167587280273,7.893324851989746,940577
1990-12-03,23.11390495300293,23.230642318725586,22.705326080322266,22.88043212890625,7.8532562255859375,681447
1990-12-04,22.88043212890625,22.88043212890625,22.646957397460938,22.88043212890625,7.8532562255859375,645254
1990-12-05,22.88043212890625,23.11390495300293,22.58858871459961,23.11390495300293,7.93338680267334,839280
1990-12-06,23.464115142822266,23.814327239990234,23.464115142822266,23.814327239990234,8.173794746398926,1517087
1990-12-07,23.814327239990234,24.047800064086914,23.40574836730957,23.755958557128906,8.153761863708496,761970
1990-12-10,23.63922119140625,24.2229061126709,23.63922119140625,23.872695922851562,8.193827629089355,695153
1990-12-11,23.872695922851562,23.989431381225586,23.580852508544922,23.814327239990234,8.173794746398926,376059
1990-12-12,23.93106460571289,24.16453742980957,23.755958557128906,24.047800064086914,8.253931045532227,611418
1990-12-13,24.16453742980957,24.16453742980957,23.989431381225586,24.106168746948242,8.27397346496582,499842
1990-12-14,23.989431381225586,24.45638084411621,23.814327239990234,24.281274795532227,8.334064483642578,465363
1990-12-17,23.63922119140625,24.45638084411621,23.63922119140625,24.45638084411621,8.394168853759766,538390
1990-12-18,24.45638084411621,24.92332649230957,24.2229061126709,24.864959716796875,8.534407615661621,980196
1990-12-19,24.9816951751709,24.9816951751709,24.631484985351562,24.806589126586914,8.514371871948242,801375
1990-12-20,24.74822235107422,24.9816951751709,24.39801025390625,24.864959716796875,8.534407615661621,964134
1990-12-21,24.9816951751709,25.390274047851562,24.9816951751709,24.9816951751709,8.574471473693848,3276171
1990-12-24,24.864959716796875,24.9816951751709,24.74822235107422,24.806589126586914,8.514371871948242,137703
1990-12-26,24.806589126586914,25.27353858947754,24.806589126586914,25.098432540893555,8.614538192749023,342008
1990-12-27,25.21516990661621,25.50701141357422,25.156801223754883,25.156801223754883,8.634572982788086,612917
1990-12-28,25.27353858947754,25.27353858947754,24.806589126586914,25.040063858032227,8.594508171081543,518688
1990-12-31,24.9816951751709,25.098432540893555,24.74822235107422,24.9816951751709,8.574471473693848,284186
1991-01-02,25.040063858032227,25.21516990661621,24.631484985351562,24.68985366821289,8.47430419921875,615915
1991-01-03,24.631484985351562,24.631484985351562,24.106168746948242,24.39801025390625,8.374129295349121,645897
1991-01-04,24.281274795532227,25.040063858032227,24.106168746948242,24.74822235107422,8.494341850280762,1177220
1991-01-07,24.631484985351562,24.806589126586914,24.39801025390625,24.68985366821289,8.47430419921875,629407
1991-01-08,24.68985366821289,24.74822235107422,24.281274795532227,24.45638084411621,8.394168853759766,1043372
1991-01-09,24.573116302490234,24.631484985351562,23.580852508544922,23.989431381225586,8.23389720916748,1169296
1991-01-10,24.106168746948242,24.74822235107422,24.047800064086914,24.68985366821289,8.47430419921875,696438
1991-01-11,24.514747619628906,24.864959716796875,24.339643478393555,24.864959716796875,8.534407615661621,518045
1991-01-14,24.281274795532227,24.9816951751709,24.281274795532227,24.74822235107422,8.494341850280762,1206559
1991-01-15,24.631484985351562,24.806589126586914,24.573116302490234,24.631484985351562,8.454267501831055,472858
1991-01-16,24.573116302490234,24.9816951751709,24.45638084411621,24.864959716796875,8.534407615661621,1171009
1991-01-17,25.857221603393555,26.49927520751953,25.623748779296875,26.382537841796875,9.055282592773438,2933520
1991-01-18,26.207433700561523,26.966222763061523,26.207433700561523,26.324169158935547,9.03525161743164,4180341
1991-01-21,26.324169158935547,26.440906524658203,25.915590286254883,26.03232765197754,8.935078620910645,736271
1991-01-22,25.97395896911621,26.149065017700195,25.623748779296875,25.7404842376709,8.834905624389648,1103122
1991-01-23,25.682117462158203,25.97395896911621,25.623748779296875,25.97395896911621,8.915044784545898,601138
1991-01-24,26.090696334838867,27.02459144592285,26.090696334838867,27.02459144592285,9.275662422180176,1625878
1991-01-25,26.674381256103516,27.374801635742188,26.55764389038086,26.849485397338867,9.215550422668457,2452524
1991-01-28,26.849485397338867,27.199697494506836,26.849485397338867,27.02459144592285,9.275662422180176,993902
1991-01-29,27.08296012878418,27.433170318603516,26.791118621826172,27.316434860229492,9.375824928283691,1273805
1991-01-30,27.433170318603516,28.13359260559082,27.374801635742188,27.958486557006836,9.596197128295898,1653719
1991-01-31,27.958486557006836,28.016855239868164,27.491539001464844,27.491539001464844,9.435925483703613,1406368
1991-02-01,27.374801635742188,27.374801635742188,26.849485397338867,27.316434860229492,9.375824928283691,1355613
1991-02-04,27.725013732910156,27.84174919128418,27.316434860229492,27.549907684326172,9.455965042114258,1372317
1991-02-05,27.725013732910156,27.958486557006836,27.491539001464844,27.84174919128418,9.556129455566406,1118969
1991-02-06,27.900117874145508,29.067487716674805,27.84174919128418,28.834012985229492,9.896706581115723,1960606
1991-02-07,28.834012985229492,29.009119033813477,28.425434112548828,28.483802795410156,9.776501655578613,1761440
1991-02-08,28.483802795410156,28.717275619506836,28.250328063964844,28.542171478271484,9.796541213989258,795807
1991-02-11,28.60053825378418,29.242591857910156,28.542171478271484,29.1258544921875,9.996870040893555,865622
1991-02-12,28.3670654296875,28.89238166809082,28.308696746826172,28.60053825378418,9.816566467285156,1415791
1991-02-13,28.717275619506836,29.009119033813477,28.483802795410156,28.89238166809082,9.916740417480469,948072
1991-02-14,28.95075035095215,29.767908096313477,28.95075035095215,29.184223175048828,10.0169038772583,1741737
1991-02-15,29.067487716674805,30.23485565185547,29.009119033813477,30.23485565185547,10.447722434997559,3230769
1991-02-19,30.23485565185547,30.351593017578125,29.884645462036133,30.351593017578125,10.488062858581543,1708329
1991-02-20,30.293224334716797,30.409961700439453,30.00138282775879,30.293224334716797,10.467890739440918,1506379
1991-02-21,30.176488876342773,30.409961700439453,29.70953941345215,29.767908096313477,10.286367416381836,1411293
1991-02-22,29.41769790649414,29.47606658935547,28.89238166809082,29.1258544921875,10.06450366973877,1129035
1991-02-25,29.067487716674805,29.300960540771484,28.308696746826172,28.3670654296875,9.802297592163086,756830
1991-02-26,28.13359260559082,28.308696746826172,27.958486557006836,28.191959381103516,9.74179458618164,801589
1991-02-27,28.13359260559082,28.65890884399414,28.016855239868164,28.425434112548828,9.822478294372559,867121
1991-02-28,28.717275619506836,28.834012985229492,28.542171478271484,28.65890884399414,9.903151512145996,533036
1991-03-01,28.542171478271484,29.009119033813477,28.483802795410156,28.89238166809082,9.983832359313965,753618
1991-03-04,28.95075035095215,29.41769790649414,28.834012985229492,29.184223175048828,10.084674835205078,719139
1991-03-05,29.242591857910156,29.826276779174805,29.009119033813477,29.826276779174805,10.306546211242676,893462
1991-03-06,30.118118286132812,30.118118286132812,29.009119033813477,29.1258544921875,10.06450366973877,1294792
1991-03-07,29.1258544921875,29.359329223632812,29.009119033813477,29.184223175048828,10.084674835205078,384411
1991-03-08,28.89238166809082,29.184223175048828,28.717275619506836,29.009119033813477,10.024173736572266,837353
1991-03-11,29.009119033813477,29.300960540771484,28.65890884399414,28.717275619506836,9.923320770263672,534750
1991-03-12,28.717275619506836,28.834012985229492,28.425434112548828,28.483802795410156,9.842644691467285,811226
1991-03-13,28.425434112548828,28.775644302368164,28.308696746826172,28.60053825378418,9.882979393005371,759828
1991-03-14,28.483802795410156,29.242591857910156,28.483802795410156,29.009119033813477,10.024173736572266,914235
1991-03-15,29.067487716674805,29.184223175048828,28.717275619506836,29.184223175048828,10.084674835205078,1347260
1991-03-18,28.89238166809082,29.1258544921875,28.775644302368164,28.89238166809082,9.983832359313965,471145
1991-03-19,28.717275619506836,28.834012985229492,28.075223922729492,28.075223922729492,9.701452255249023,957281
1991-03-20,28.191959381103516,28.542171478271484,28.191959381103516,28.542171478271484,9.86281967163086,737770
1991-03-21,28.834012985229492,28.89238166809082,27.78338050842285,28.016855239868164,9.681290626525879,983194
1991-03-22,27.84174919128418,28.191959381103516,27.78338050842285,27.958486557006836,9.661118507385254,696866
1991-03-25,28.016855239868164,28.016855239868164,27.666643142700195,27.666643142700195,9.56026554107666,555094
1991-03-26,27.78338050842285,28.308696746826172,27.666643142700195,28.191959381103516,9.74179458618164,656176
1991-03-27,28.425434112548828,29.1258544921875,28.425434112548828,28.95075035095215,10.003996849060059,814652
1991-03-28,28.95075035095215,28.95075035095215,28.425434112548828,28.483802795410156,9.842644691467285,381842
1991-04-01,28.3670654296875,28.60053825378418,28.016855239868164,28.075223922729492,9.701452255249023,789596
1991-04-02,28.13359260559082,28.483802795410156,28.075223922729492,28.425434112548828,9.822478294372559,752119
1991-04-03,28.60053825378418,28.775644302368164,28.3670654296875,28.483802795410156,9.842644691467285,938221
1991-04-04,28.483802795410156,28.542171478271484,27.900117874145508,27.900117874145508,9.640954971313477,696010
1991-04-05,27.958486557006836,28.075223922729492,27.6082763671875,28.016855239868164,9.681290626525879,816794
1991-04-08,27.958486557006836,28.308696746826172,27.84174919128418,28.250328063964844,9.76196575164795,562590
1991-04-09,28.13359260559082,28.3670654296875,28.016855239868164,28.075223922729492,9.701452255249023,863694
1991-04-10,28.13359260559082,28.308696746826172,27.958486557006836,28.308696746826172,9.78214168548584,885753
1991-04-11,28.483802795410156,29.534435272216797,28.483802795410156,29.009119033813477,10.024173736572266,1556492
1991-04-12,29.300960540771484,29.359329223632812,29.009119033813477,29.184223175048828,10.084674835205078,860054
1991-04-15,29.184223175048828,29.41769790649414,29.1258544921875,29.300960540771484,10.125016212463379,885538
1991-04-16,29.184223175048828,29.65117073059082,29.184223175048828,29.592802047729492,10.225858688354492,1340193
1991-04-17,29.70953941345215,30.46833038330078,29.534435272216797,30.293224334716797,10.467890739440918,1585831
1991-04-18,30.23485565185547,30.70180320739746,30.176488876342773,30.585067749023438,10.568741798400879,1666997
1991-04-19,30.46833038330078,30.876909255981445,29.592802047729492,29.65117073059082,10.2460298538208,2415260
1991-04-22,29.65117073059082,29.767908096313477,29.009119033813477,29.359329223632812,10.145186424255371,652536
1991-04-23,29.359329223632812,29.47606658935547,29.184223175048828,29.300960540771484,10.125016212463379,836496
1991-04-24,29.300960540771484,29.592802047729492,29.184223175048828,29.47606658935547,10.185518264770508,1270592
1991-04-25,29.184223175048828,29.300960540771484,29.067487716674805,29.184223175048828,10.084674835205078,742053
1991-04-26,29.184223175048828,29.359329223632812,28.717275619506836,29.359329223632812,10.145186424255371,681233
1991-04-29,29.534435272216797,29.592802047729492,29.1258544921875,29.359329223632812,10.145186424255371,420604
1991-04-30,29.242591857910156,29.534435272216797,29.242591857910156,29.359329223632812,10.145186424255371,902028
1991-05-01,29.359329223632812,29.65117073059082,29.242591857910156,29.65117073059082,10.2460298538208,952998
1991-05-02,29.826276779174805,29.826276779174805,29.47606658935547,29.65117073059082,10.2460298538208,491490
1991-05-03,29.534435272216797,29.767908096313477,29.47606658935547,29.534435272216797,10.205690383911133,336012
1991-05-06,29.592802047729492,29.65117073059082,29.300960540771484,29.359329223632812,10.145186424255371,243496
1991-05-07,29.534435272216797,29.767908096313477,29.41769790649414,29.534435272216797,10.205690383911133,806300
1991-05-08,29.534435272216797,29.592802047729492,29.359329223632812,29.359329223632812,10.145186424255371,458938
1991-05-09,29.47606658935547,30.176488876342773,29.359329223632812,30.176488876342773,10.427556037902832,1001611
1991-05-10,30.585067749023438,30.585067749023438,30.00138282775879,30.059751510620117,10.387214660644531,1135674
1991-05-13,30.118118286132812,30.526697158813477,30.059751510620117,30.526697158813477,10.548572540283203,736699
1991-05-14,30.351593017578125,30.526697158813477,29.767908096313477,29.826276779174805,10.306546211242676,827074
1991-05-15,29.826276779174805,29.884645462036133,29.009119033813477,29.70953941345215,10.266201972961426,674166
1991-05-16,29.65117073059082,29.65117073059082,29.184223175048828,29.41769790649414,10.165355682373047,1115971
1991-05-17,29.300960540771484,29.534435272216797,29.1258544921875,29.359329223632812,10.145186424255371,1591399
1991-05-20,29.534435272216797,29.534435272216797,29.184223175048828,29.184223175048828,10.152491569519043,422960
1991-05-21,29.184223175048828,29.41769790649414,29.184223175048828,29.359329223632812,10.21340560913086,672667
1991-05-22,29.300960540771484,29.41769790649414,29.067487716674805,29.184223175048828,10.152491569519043,479069
1991-05-23,29.184223175048828,29.534435272216797,28.65890884399414,28.89238166809082,10.0509672164917,745908
1991-05-24,29.009119033813477,29.767908096313477,29.009119033813477,29.767908096313477,10.355545997619629,869905
1991-05-28,29.767908096313477,30.585067749023438,29.300960540771484,30.526697158813477,10.619514465332031,1033949
1991-05-29,31.28548812866211,31.869171142578125,31.052013397216797,31.402225494384766,10.924084663391113,3138896
1991-05-30,31.402225494384766,32.10264587402344,31.402225494384766,32.04427719116211,11.14743709564209,1250890
1991-05-31,32.511226654052734,33.6202278137207,32.452857971191406,32.978172302246094,11.47231388092041,3774299
1991-06-03,32.978172302246094,33.970436096191406,32.919803619384766,33.736961364746094,11.736286163330078,1865520
1991-06-04,33.270015716552734,33.736961364746094,33.270015716552734,33.678592681884766,11.715980529785156,1207202
1991-06-05,33.678592681884766,33.91206741333008,33.44512176513672,33.50349044799805,11.65506649017334,1082348
1991-06-06,33.50349044799805,34.028804779052734,33.50349044799805,33.736961364746094,11.736286163330078,1097554
1991-06-07,33.56185531616211,33.79533004760742,33.09490966796875,33.211647033691406,11.553544044494629,1345547
1991-06-10,33.211647033691406,33.32838439941406,33.09490966796875,33.270015716552734,11.573844909667969,608634
1991-06-11,32.919803619384766,33.56185531616211,32.919803619384766,33.270015716552734,11.573844909667969,872689
1991-06-12,33.15327835083008,33.211647033691406,32.511226654052734,32.86143493652344,11.431711196899414,983408
1991-06-13,32.86143493652344,32.86143493652344,32.452857971191406,32.452857971191406,11.289572715759277,900529
1991-06-14,32.74469757080078,33.38675308227539,32.68633270263672,33.270015716552734,11.573844909667969,1173793
1991-06-17,33.44512176513672,34.55411911010742,33.38675308227539,34.028804779052734,11.837812423706055,1082348
1991-06-18,34.14554214477539,34.787593841552734,34.14554214477539,34.3790168762207,11.959640502929688,1122824
1991-06-19,34.028804779052734,34.14554214477539,33.6202278137207,33.736961364746094,11.736286163330078,1201848
1991-06-20,32.919803619384766,33.44512176513672,32.919803619384766,33.270015716552734,11.573844909667969,1594612
1991-06-21,33.44512176513672,33.79533004760742,33.38675308227539,33.6202278137207,11.695672988891602,1914990
1991-06-24,33.6202278137207,33.6202278137207,33.09490966796875,33.15327835083008,11.533234596252441,852772
1991-06-25,33.211647033691406,33.211647033691406,32.74469757080078,32.978172302246094,11.47231388092041,897103
1991-06-26,32.978172302246094,33.50349044799805,32.919803619384766,33.32838439941406,11.594147682189941,1096055
1991-06-27,33.50349044799805,33.678592681884766,33.38675308227539,33.56185531616211,11.675359725952148,749335
1991-06-28,33.44512176513672,33.736961364746094,32.452857971191406,32.919803619384766,11.452019691467285,911023
1991-07-01,33.32838439941406,33.44512176513672,33.09490966796875,33.270015716552734,11.573844909667969,839709
1991-07-02,33.270015716552734,33.56185531616211,33.15327835083008,33.56185531616211,11.675359725952148,653821
1991-07-03,33.44512176513672,33.91206741333008,33.15327835083008,33.56185531616211,11.675359725952148,581864
1991-07-05,33.56185531616211,33.970436096191406,33.56185531616211,33.736961364746094,11.736286163330078,442234
1991-07-08,33.38675308227539,33.85369873046875,33.211647033691406,33.85369873046875,11.776891708374023,485922
1991-07-09,33.91206741333008,33.91206741333008,33.56185531616211,33.6202278137207,11.695672988891602,832213
1991-07-10,33.6202278137207,33.85369873046875,32.511226654052734,32.978172302246094,11.47231388092041,959851
1991-07-11,33.09490966796875,33.270015716552734,32.919803619384766,33.03654098510742,11.492621421813965,931154
1991-07-12,33.270015716552734,33.32838439941406,32.978172302246094,33.15327835083008,11.533234596252441,470931
1991-07-15,33.09490966796875,33.211647033691406,33.03654098510742,33.211647033691406,11.553544044494629,249921
1991-07-16,33.44512176513672,33.44512176513672,32.919803619384766,32.919803619384766,11.452019691467285,365137
1991-07-17,32.919803619384766,33.03654098510742,32.511226654052734,32.627960205078125,11.350481986999512,440521
1991-07-18,32.627960205078125,32.978172302246094,32.627960205078125,32.978172302246094,11.47231388092041,585076
1991-07-19,33.03654098510742,33.38675308227539,32.978172302246094,33.32838439941406,11.594147682189941,955139
1991-07-22,33.211647033691406,33.50349044799805,33.15327835083008,33.270015716552734,11.573844909667969,430027
1991-07-23,33.270015716552734,33.50349044799805,32.39448928833008,32.452857971191406,11.289572715759277,896675
1991-07-24,32.452857971191406,32.452857971191406,31.7524356842041,31.7524356842041,11.045912742614746,1005680
1991-07-25,31.81080436706543,31.98590850830078,31.402225494384766,31.927541732788086,11.10683536529541,1060076
1991-07-26,31.81080436706543,32.161014556884766,31.7524356842041,32.161014556884766,11.188053131103516,333014
1991-07-29,32.161014556884766,32.161014556884766,31.694067001342773,31.927541732788086,11.10683536529541,591073
1991-07-30,32.04427719116211,32.27775192260742,31.7524356842041,32.27775192260742,11.228660583496094,765825
1991-07-31,32.27775192260742,32.511226654052734,32.219383239746094,32.452857971191406,11.289572715759277,831357
1991-08-01,32.27775192260742,32.33612060546875,31.98590850830078,32.04427719116211,11.14743709564209,455083
1991-08-02,32.10264587402344,32.161014556884766,31.518962860107422,31.635698318481445,11.005305290222168,778460
1991-08-05,31.635698318481445,31.81080436706543,31.518962860107422,31.635698318481445,11.005305290222168,735200
1991-08-06,31.635698318481445,31.927541732788086,31.402225494384766,31.869171142578125,11.086520195007324,699008
1991-08-07,31.7524356842041,31.869171142578125,31.577329635620117,31.7524356842041,11.045912742614746,520187
1991-08-08,31.577329635620117,32.161014556884766,31.577329635620117,32.10264587402344,11.167746543884277,855556
1991-08-09,32.161014556884766,32.219383239746094,31.7524356842041,31.927541732788086,11.10683536529541,710786
1991-08-12,31.869171142578125,31.927541732788086,31.635698318481445,31.635698318481445,11.005305290222168,322520
1991-08-13,31.635698318481445,31.869171142578125,31.46059226989746,31.7524356842041,11.045912742614746,860696
1991-08-14,31.7524356842041,31.869171142578125,31.518962860107422,31.635698318481445,11.005305290222168,734344
1991-08-15,31.694067001342773,31.694067001342773,31.343856811523438,31.402225494384766,10.924084663391113,594928
1991-08-16,31.402225494384766,31.402225494384766,30.585067749023438,30.818540573120117,10.72103214263916,1307213
1991-08-19,29.067487716674805,30.176488876342773,29.009119033813477,30.00138282775879,10.503599166870117,1471257
1991-08-20,30.176488876342773,30.409961700439453,30.00138282775879,30.118118286132812,10.544474601745605,1352614
1991-08-21,30.351593017578125,31.168750762939453,30.351593017578125,31.168750762939453,10.912307739257812,1162015
1991-08-22,31.518962860107422,31.98590850830078,31.518962860107422,31.927541732788086,11.177962303161621,1312567
1991-08-23,31.927541732788086,32.919803619384766,31.927541732788086,32.86143493652344,11.504926681518555,1329914
1991-08-26,32.86143493652344,32.919803619384766,32.627960205078125,32.919803619384766,11.525357246398926,405399
1991-08-27,32.80306625366211,32.86143493652344,32.452857971191406,32.68633270263672,11.44361400604248,362996
1991-08-28,32.627960205078125,32.80306625366211,32.511226654052734,32.627960205078125,11.423178672790527,504339
1991-08-29,32.68633270263672,32.68633270263672,32.452857971191406,32.452857971191406,11.361872673034668,364281
1991-08-30,32.56959533691406,32.74469757080078,32.511226654052734,32.511226654052734,11.382304191589355,228505
1991-09-03,32.56959533691406,32.74469757080078,31.869171142578125,31.869171142578125,11.157526969909668,480996
1991-09-04,31.81080436706543,31.81080436706543,31.168750762939453,31.46059226989746,11.014481544494629,770750
1991-09-05,31.577329635620117,31.635698318481445,30.876909255981445,30.876909255981445,10.810131072998047,734558
1991-09-06,31.22711944580078,31.22711944580078,30.70180320739746,30.935277938842773,10.830560684204102,609062
1991-09-09,30.818540573120117,30.935277938842773,30.70180320739746,30.876909255981445,10.810131072998047,281188
1991-09-10,30.935277938842773,30.935277938842773,30.351593017578125,30.351593017578125,10.626214027404785,535606
1991-09-11,30.46833038330078,30.70180320739746,30.409961700439453,30.526697158813477,10.687520027160645,506481
1991-09-12,30.526697158813477,30.9936466217041,30.526697158813477,30.876909255981445,10.810131072998047,546528
1991-09-13,30.876909255981445,31.46059226989746,30.876909255981445,31.343856811523438,10.973611831665039,1002040
1991-09-16,31.343856811523438,31.518962860107422,31.22711944580078,31.28548812866211,10.953178405761719,657033
1991-09-17,31.28548812866211,31.927541732788086,31.28548812866211,31.7524356842041,11.116655349731445,676950
1991-09-18,31.694067001342773,31.694067001342773,31.28548812866211,31.343856811523438,10.973611831665039,367065
1991-09-19,31.46059226989746,31.927541732788086,31.22711944580078,31.635698318481445,11.075783729553223,822576
1991-09-20,31.927541732788086,31.927541732788086,31.577329635620117,31.694067001342773,11.096222877502441,1209343
1991-09-23,31.635698318481445,31.869171142578125,31.635698318481445,31.694067001342773,11.096222877502441,605207
1991-09-24,31.7524356842041,32.56959533691406,31.694067001342773,32.33612060546875,11.321009635925293,826217
1991-09-25,32.33612060546875,32.511226654052734,32.10264587402344,32.10264587402344,11.239270210266113,800304
1991-09-26,32.10264587402344,32.511226654052734,32.04427719116211,32.39448928833008,11.34144115447998,246494
1991-09-27,32.452857971191406,32.511226654052734,31.98590850830078,32.04427719116211,11.218830108642578,374774
1991-09-30,31.98590850830078,32.10264587402344,31.7524356842041,31.81080436706543,11.137089729309082,389337
1991-10-01,31.694067001342773,31.81080436706543,31.168750762939453,31.168750762939453,10.912307739257812,511192
1991-10-02,31.22711944580078,31.98590850830078,31.22711944580078,31.927541732788086,11.177962303161621,620841
1991-10-03,32.04427719116211,32.511226654052734,31.98590850830078,32.33612060546875,11.321009635925293,814224
1991-10-04,32.80306625366211,32.919803619384766,32.27775192260742,32.27775192260742,11.300568580627441,714213
1991-10-07,32.10264587402344,32.161014556884766,31.869171142578125,31.98590850830078,11.198391914367676,681661
1991-10-08,31.98590850830078,33.15327835083008,31.98590850830078,32.74469757080078,11.464054107666016,1636372
1991-10-09,32.74469757080078,32.74469757080078,32.27775192260742,32.511226654052734,11.382304191589355,706289
1991-10-10,32.452857971191406,32.80306625366211,32.452857971191406,32.68633270263672,11.44361400604248,469860
1991-10-11,32.80306625366211,33.270015716552734,32.68633270263672,32.80306625366211,11.484476089477539,546956
1991-10-14,32.80306625366211,33.38675308227539,32.68633270263672,33.32838439941406,11.66840648651123,374132
1991-10-15,33.32838439941406,33.85369873046875,33.211647033691406,33.678592681884766,11.791014671325684,809299
1991-10-16,33.6202278137207,35.488014221191406,33.38675308227539,35.31291198730469,12.363189697265625,1383667
1991-10-17,35.02106857299805,35.31291198730469,34.26227951049805,34.49575424194336,12.077099800109863,1471043
1991-10-18,34.320648193359375,35.19617462158203,34.320648193359375,35.19617462158203,12.322319984436035,1250890
1991-10-21,35.1378059387207,35.1378059387207,34.787593841552734,35.02106857299805,12.261018753051758,823647
1991-10-22,35.079437255859375,35.60475158691406,35.02106857299805,35.54638671875,12.444930076599121,1423286
1991-10-23,35.60475158691406,36.01333236694336,35.488014221191406,35.54638671875,12.444930076599121,1007608
1991-10-24,35.429649353027344,35.54638671875,34.55411911010742,34.612491607666016,12.117974281311035,605850
1991-10-25,34.787593841552734,34.96269989013672,34.49575424194336,34.787593841552734,12.179275512695312,1193924
1991-10-28,35.1378059387207,35.1378059387207,34.84596252441406,35.02106857299805,12.261018753051758,1090701
1991-10-29,35.31291198730469,35.54638671875,35.02106857299805,35.19617462158203,12.322319984436035,798591
1991-10-30,35.72148895263672,36.53864669799805,35.60475158691406,35.838226318359375,12.547104835510254,1443203
1991-10-31,35.77985763549805,35.77985763549805,35.371280670166016,35.488014221191406,12.42448902130127,714213
1991-11-01,35.66312026977539,35.66312026977539,34.84596252441406,35.31291198730469,12.363189697265625,707574
1991-11-04,34.96269989013672,34.96269989013672,34.729225158691406,34.787593841552734,12.179275512695312,524256
1991-11-05,35.02106857299805,35.31291198730469,34.90433120727539,35.31291198730469,12.363189697265625,1395017
1991-11-06,35.31291198730469,35.31291198730469,34.787593841552734,35.02106857299805,12.261018753051758,1074639
1991-11-07,34.14554214477539,34.787593841552734,34.08717346191406,34.787593841552734,12.179275512695312,1642583
1991-11-08,34.67085647583008,34.787593841552734,34.14554214477539,34.320648193359375,12.015792846679688,535606
1991-11-11,34.320648193359375,34.49575424194336,34.26227951049805,34.49575424194336,12.077099800109863,482281
1991-11-12,34.49575424194336,34.55411911010742,34.20391082763672,34.20391082763672,11.97492504119873,398974
1991-11-13,33.91206741333008,34.787593841552734,33.91206741333008,34.787593841552734,12.179275512695312,581222
1991-11-14,34.67085647583008,34.67085647583008,34.08717346191406,34.55411911010742,12.097535133361816,598140
1991-11-15,34.55411911010742,34.55411911010742,32.80306625366211,33.15327835083008,11.607098579406738,983622
1991-11-18,33.09490966796875,33.50349044799805,32.978172302246094,33.44512176513672,11.778949737548828,1761868
1991-11-19,33.09490966796875,33.15327835083008,32.33612060546875,32.511226654052734,11.45003890991211,1699548
1991-11-20,32.627960205078125,32.74469757080078,32.27775192260742,32.33612060546875,11.388375282287598,709501
1991-11-21,32.161014556884766,32.511226654052734,32.10264587402344,32.511226654052734,11.45003890991211,572655
1991-11-22,32.33612060546875,32.452857971191406,31.98590850830078,32.10264587402344,11.30615520477295,502198
1991-11-25,32.04427719116211,32.04427719116211,31.518962860107422,31.518962860107422,11.100579261779785,585933
1991-11-26,31.694067001342773,31.694067001342773,31.052013397216797,31.343856811523438,11.038909912109375,954925
1991-11-27,31.46059226989746,31.7524356842041,31.46059226989746,31.46059226989746,11.080026626586914,531537
1991-11-29,31.28548812866211,31.343856811523438,31.168750762939453,31.168750762939453,10.977243423461914,199380
1991-12-02,30.935277938842773,32.219383239746094,30.818540573120117,32.219383239746094,11.347258567810059,847204
1991-12-03,32.161014556884766,32.33612060546875,31.577329635620117,31.577329635620117,11.121134757995605,484851
1991-12-04,31.694067001342773,31.694067001342773,30.9936466217041,31.052013397216797,10.936124801635742,450586
1991-12-05,31.052013397216797,31.052013397216797,30.585067749023438,30.76017189025879,10.833351135253906,354001
1991-12-06,30.585067749023438,30.70180320739746,29.884645462036133,29.884645462036133,10.524991035461426,1102693
1991-12-09,29.70953941345215,29.884645462036133,29.41769790649414,29.534435272216797,10.401653289794922,846990
1991-12-10,29.47606658935547,30.00138282775879,29.47606658935547,29.94301414489746,10.545553207397461,820006
1991-12-11,29.826276779174805,29.94301414489746,29.242591857910156,29.592802047729492,10.422213554382324,1391591
1991-12-12,29.826276779174805,29.884645462036133,29.65117073059082,29.767908096313477,10.483881950378418,1162871
1991-12-13,30.059751510620117,30.585067749023438,30.00138282775879,30.293224334716797,10.668888092041016,1716681
1991-12-16,30.409961700439453,30.526697158813477,30.293224334716797,30.293224334716797,10.668888092041016,1033735
1991-12-17,29.884645462036133,29.94301414489746,29.47606658935547,29.767908096313477,10.483881950378418,1144240
1991-12-18,29.884645462036133,29.94301414489746,29.41769790649414,29.47606658935547,10.38110065460205,562590
1991-12-19,29.300960540771484,29.41769790649414,29.242591857910156,29.300960540771484,10.319427490234375,874616
1991-12-20,29.41769790649414,29.592802047729492,29.300960540771484,29.47606658935547,10.38110065460205,1894859
1991-12-23,29.47606658935547,31.7524356842041,29.47606658935547,31.518962860107422,11.100579261779785,963063
1991-12-24,31.635698318481445,33.03654098510742,31.577329635620117,32.219383239746094,11.347258567810059,1021956
1991-12-26,32.219383239746094,32.452857971191406,31.869171142578125,31.869171142578125,11.223921775817871,526826
1991-12-27,31.869171142578125,32.33612060546875,31.869171142578125,32.219383239746094,11.347258567810059,518688
1991-12-30,32.68633270263672,33.09490966796875,32.39448928833008,33.09490966796875,11.655609130859375,596855
1991-12-31,32.919803619384766,33.32838439941406,32.86143493652344,33.03654098510742,11.635050773620605,634332
1992-01-02,33.09490966796875,33.09490966796875,32.33612060546875,32.68633270263672,11.51170825958252,568586
1992-01-03,32.80306625366211,33.50349044799805,32.511226654052734,33.09490966796875,11.655609130859375,734772
1992-01-06,33.270015716552734,33.736961364746094,33.211647033691406,33.38675308227539,11.758393287658691,598140
1992-01-07,33.270015716552734,33.85369873046875,33.15327835083008,33.6202278137207,11.840618133544922,606920
1992-01-08,33.15327835083008,33.56185531616211,32.80306625366211,33.38675308227539,11.758393287658691,1144240
1992-01-09,32.80306625366211,33.270015716552734,32.627960205078125,33.03654098510742,11.635050773620605,1926126
1992-01-10,32.86143493652344,33.03654098510742,32.27775192260742,32.56959533691406,11.470599174499512,674166
1992-01-13,32.33612060546875,32.56959533691406,32.219383239746094,32.219383239746094,11.347258567810059,933938
1992-01-14,32.219383239746094,32.74469757080078,31.81080436706543,32.511226654052734,11.45003890991211,927513
1992-01-15,32.978172302246094,33.85369873046875,32.452857971191406,33.678592681884766,11.861175537109375,2157201
1992-01-16,33.85369873046875,34.49575424194336,33.32838439941406,33.970436096191406,11.963960647583008,5484556
1992-01-17,34.49575424194336,34.67085647583008,34.08717346191406,34.08717346191406,12.005073547363281,10178016
1992-01-20,34.14554214477539,34.26227951049805,33.91206741333008,33.970436096191406,11.963960647583008,1152592
1992-01-21,33.970436096191406,34.320648193359375,33.736961364746094,33.736961364746094,11.88173770904541,1241681
1992-01-22,33.79533004760742,33.91206741333008,33.09490966796875,33.6202278137207,11.840618133544922,1559704
1992-01-23,33.736961364746094,33.970436096191406,33.38675308227539,33.50349044799805,11.799507141113281,1238469
1992-01-24,33.32838439941406,34.08717346191406,33.211647033691406,33.970436096191406,11.963960647583008,1156875
1992-01-27,34.08717346191406,34.84596252441406,33.970436096191406,34.729225158691406,12.231197357177734,1777501
1992-01-28,34.67085647583008,35.72148895263672,34.67085647583008,35.54638671875,12.518983840942383,2512488
1992-01-29,35.31291198730469,35.66312026977539,34.729225158691406,34.787593841552734,12.251751899719238,1712826
1992-01-30,34.84596252441406,35.079437255859375,34.67085647583008,34.67085647583008,12.210638046264648,1127536
1992-01-31,34.67085647583008,34.729225158691406,33.736961364746094,33.736961364746094,11.88173770904541,647824
1992-02-03,33.6202278137207,33.91206741333008,33.44512176513672,33.79533004760742,11.902291297912598,829858
1992-02-04,33.85369873046875,34.320648193359375,33.85369873046875,34.320648193359375,12.087297439575195,670097
1992-02-05,34.320648193359375,34.612491607666016,34.14554214477539,34.14554214477539,12.025632858276367,720638
1992-02-06,34.26227951049805,34.43738555908203,34.08717346191406,34.43738555908203,12.12841510772705,703077
1992-02-07,34.3790168762207,34.729225158691406,33.91206741333008,33.970436096191406,11.963960647583008,1138458
1992-02-10,33.79533004760742,34.3790168762207,33.79533004760742,34.20391082763672,12.046184539794922,337725
1992-02-11,34.20391082763672,34.55411911010742,34.20391082763672,34.320648193359375,12.087297439575195,745908
1992-02-12,34.20391082763672,34.43738555908203,33.970436096191406,34.3790168762207,12.107856750488281,632191
1992-02-13,34.26227951049805,34.67085647583008,34.20391082763672,34.55411911010742,12.169526100158691,905027
1992-02-14,34.20391082763672,34.84596252441406,34.08717346191406,34.55411911010742,12.238990783691406,814867
1992-02-18,34.55411911010742,35.02106857299805,34.3790168762207,34.55411911010742,12.238990783691406,775676
1992-02-19,34.67085647583008,35.429649353027344,34.49575424194336,35.25454330444336,12.487080574035645,960065
1992-02-20,35.429649353027344,36.597015380859375,35.25454330444336,36.30517578125,12.859208106994629,1366749
1992-02-21,35.95496368408203,36.53864669799805,35.95496368408203,36.30517578125,12.859208106994629,2654902
1992-02-24,36.30517578125,36.480281829833984,35.72148895263672,35.72148895263672,12.652477264404297,1181931
1992-02-25,35.72148895263672,35.77985763549805,35.02106857299805,35.1378059387207,12.445730209350586,1123681
1992-02-26,35.19617462158203,35.371280670166016,34.67085647583008,34.67085647583008,12.280336380004883,845491
1992-02-27,34.90433120727539,35.079437255859375,34.729225158691406,34.90433120727539,12.363036155700684,806943
1992-02-28,35.02106857299805,35.02106857299805,34.43738555908203,34.49575424194336,12.218314170837402,730489
1992-03-02,34.612491607666016,35.02106857299805,34.49575424194336,34.96269989013672,12.38370418548584,1694623
1992-03-03,35.079437255859375,35.19617462158203,34.729225158691406,35.1378059387207,12.445730209350586,1146810
1992-03-04,35.429649353027344,35.66312026977539,35.19617462158203,35.371280670166016,12.528427124023438,790024
1992-03-05,35.25454330444336,35.371280670166016,34.96269989013672,34.96269989013672,12.38370418548584,770964
1992-03-06,34.96269989013672,35.079437255859375,34.612491607666016,34.612491607666016,12.259664535522461,719353
1992-03-09,34.612491607666016,34.787593841552734,34.20391082763672,34.20391082763672,12.114943504333496,866478
1992-03-10,34.20391082763672,34.49575424194336,34.14554214477539,34.320648193359375,12.156292915344238,647182
1992-03-11,34.320648193359375,34.3790168762207,33.85369873046875,33.970436096191406,12.03225326538086,929655
1992-03-12,33.970436096191406,34.43738555908203,33.91206741333008,34.26227951049805,12.135619163513184,538604
1992-03-13,34.49575424194336,34.90433120727539,34.320648193359375,34.729225158691406,12.301011085510254,599639
1992-03-16,34.612491607666016,34.90433120727539,34.3790168762207,34.729225158691406,12.301011085510254,548241
1992-03-17,34.84596252441406,35.02106857299805,34.612491607666016,34.787593841552734,12.321685791015625,724921
1992-03-18,34.67085647583008,35.77985763549805,34.67085647583008,35.60475158691406,12.611124038696289,1744950
1992-03-19,35.66312026977539,36.6553840637207,35.54638671875,36.42190933227539,12.900554656982422,792808
1992-03-20,36.24680709838867,36.24680709838867,35.72148895263672,35.8965950012207,12.71449089050293,1620525
1992-03-23,35.838226318359375,36.24680709838867,35.77985763549805,36.130069732666016,12.797189712524414,494916
1992-03-24,36.24680709838867,36.36354446411133,35.838226318359375,35.838226318359375,12.693814277648926,456796
1992-03-25,35.60475158691406,35.72148895263672,35.1378059387207,35.1378059387207,12.445730209350586,792594
1992-03-26,35.31291198730469,35.488014221191406,35.19617462158203,35.371280670166016,12.528427124023438,590859
1992-03-27,35.31291198730469,35.54638671875,34.49575424194336,34.55411911010742,12.238990783691406,892177
1992-03-30,34.612491607666016,34.787593841552734,34.08717346191406,34.14554214477539,12.094279289245605,251206
1992-03-31,34.20391082763672,34.49575424194336,34.08717346191406,34.3790168762207,12.17696762084961,388480
1992-04-01,34.20391082763672,34.43738555908203,33.970436096191406,34.43738555908203,12.197647094726562,375845
1992-04-02,34.43738555908203,34.49575424194336,34.028804779052734,34.14554214477539,12.094279289245605,524470
1992-04-03,34.20391082763672,34.20391082763672,33.678592681884766,33.678592681884766,11.928879737854004,547813
1992-04-06,33.79533004760742,33.970436096191406,33.678592681884766,33.79533004760742,11.970227241516113,503697
1992-04-07,33.85369873046875,34.08717346191406,33.32838439941406,33.38675308227539,11.825514793395996,792808
1992-04-08,33.38675308227539,33.79533004760742,31.98590850830078,32.219383239746094,11.412031173706055,1197351
1992-04-09,32.68633270263672,33.50349044799805,32.33612060546875,33.09490966796875,11.722140312194824,886181
1992-04-10,33.38675308227539,33.50349044799805,32.56959533691406,32.978172302246094,11.680793762207031,696010
1992-04-13,33.03654098510742,33.03654098510742,32.627960205078125,32.68633270263672,11.577417373657227,322520
1992-04-14,33.56185531616211,34.20391082763672,33.32838439941406,33.79533004760742,11.970227241516113,1511090
1992-04-15,34.55411911010742,35.66312026977539,34.3790168762207,35.60475158691406,12.611124038696289,1636158
1992-04-16,35.1378059387207,35.488014221191406,35.02106857299805,35.31291198730469,12.5077486038208,1563559
1992-04-20,34.90433120727539,35.54638671875,34.90433120727539,35.429649353027344,12.549101829528809,686587
1992-04-21,35.371280670166016,35.371280670166016,34.84596252441406,35.371280670166016,12.528427124023438,548027
1992-04-22,35.371280670166016,35.77985763549805,35.079437255859375,35.72148895263672,12.652477264404297,671596
1992-04-23,35.72148895263672,35.95496368408203,35.079437255859375,35.66312026977539,12.631793975830078,938221
1992-04-24,35.66312026977539,35.77985763549805,34.787593841552734,34.787593841552734,12.321685791015625,839709
1992-04-27,34.67085647583008,34.729225158691406,33.85369873046875,33.85369873046875,11.990900993347168,712286
1992-04-28,33.85369873046875,34.729225158691406,33.85369873046875,34.67085647583008,12.280336380004883,899244
1992-04-29,34.729225158691406,34.729225158691406,34.320648193359375,34.3790168762207,12.17696762084961,565160
1992-04-30,34.49575424194336,35.079437255859375,34.08717346191406,34.787593841552734,12.321685791015625,817222
1992-05-01,34.43738555908203,34.55411911010742,34.08717346191406,34.320648193359375,12.156292915344238,936722
1992-05-04,34.320648193359375,34.96269989013672,34.320648193359375,34.67085647583008,12.280336380004883,613988
1992-05-05,34.612491607666016,34.787593841552734,34.20391082763672,34.20391082763672,12.114943504333496,493846
1992-05-06,34.43738555908203,34.43738555908203,33.50349044799805,33.736961364746094,11.94955825805664,1436350
1992-05-07,33.736961364746094,33.736961364746094,33.32838439941406,33.44512176513672,11.846185684204102,766253
1992-05-08,33.44512176513672,33.85369873046875,33.44512176513672,33.6202278137207,11.90820598602295,1396945
1992-05-11,33.85369873046875,33.970436096191406,33.211647033691406,33.270015716552734,11.784161567687988,841636
1992-05-12,33.6202278137207,33.736961364746094,32.919803619384766,33.15327835083008,11.742818832397461,1397373
1992-05-13,33.44512176513672,33.50349044799805,33.211647033691406,33.50349044799805,11.866859436035156,647610
1992-05-14,33.50349044799805,33.50349044799805,33.09490966796875,33.44512176513672,11.846185684204102,562590
1992-05-15,33.44512176513672,33.736961364746094,33.270015716552734,33.736961364746094,11.94955825805664,1559276
1992-05-18,33.6202278137207,33.678592681884766,33.03654098510742,33.38675308227539,11.894659042358398,1145739
1992-05-19,33.38675308227539,33.38675308227539,32.919803619384766,33.03654098510742,11.769887924194336,727276
1992-05-20,33.15327835083008,33.32838439941406,33.15327835083008,33.270015716552734,11.853067398071289,799233
1992-05-21,33.211647033691406,33.211647033691406,32.978172302246094,32.978172302246094,11.749092102050781,485708
1992-05-22,33.03654098510742,33.38675308227539,32.978172302246094,33.03654098510742,11.769887924194336,436237
1992-05-26,32.978172302246094,32.978172302246094,32.68633270263672,32.919803619384766,11.728296279907227,995187
1992-05-27,33.03654098510742,33.15327835083008,32.39448928833008,32.56959533691406,11.603528022766113,862624
1992-05-28,32.627960205078125,32.627960205078125,31.98590850830078,32.627960205078125,11.624323844909668,2191467
1992-05-29,32.919803619384766,33.38675308227539,32.919803619384766,32.919803619384766,11.728296279907227,999898
1992-06-01,32.80306625366211,33.03654098510742,32.627960205078125,32.919803619384766,11.728296279907227,455726
1992-06-02,33.03654098510742,33.38675308227539,32.56959533691406,32.68633270263672,11.645119667053223,818507
1992-06-03,32.39448928833008,32.511226654052734,31.869171142578125,32.10264587402344,11.437175750732422,1243823
1992-06-04,31.98590850830078,32.39448928833008,31.518962860107422,32.27775192260742,11.499551773071289,945716
1992-06-05,32.33612060546875,32.33612060546875,31.635698318481445,31.694067001342773,11.291608810424805,827074
1992-06-08,31.7524356842041,31.81080436706543,31.28548812866211,31.402225494384766,11.187633514404297,689371
1992-06-09,31.28548812866211,31.343856811523438,30.118118286132812,30.293224334716797,10.792525291442871,2639697
1992-06-10,30.76017189025879,31.110382080078125,30.585067749023438,30.9936466217041,11.042075157165527,1416647
1992-06-11,31.22711944580078,31.343856811523438,30.76017189025879,30.9936466217041,11.042075157165527,747836
1992-06-12,31.635698318481445,31.7524356842041,31.402225494384766,31.635698318481445,11.270812034606934,705647
1992-06-15,31.577329635620117,31.635698318481445,31.168750762939453,31.22711944580078,11.12524700164795,393834
1992-06-16,31.343856811523438,31.927541732788086,31.343856811523438,31.577329635620117,11.250014305114746,827502
1992-06-17,31.46059226989746,31.694067001342773,31.168750762939453,31.402225494384766,11.187633514404297,854700
1992-06-18,31.694067001342773,31.7524356842041,31.343856811523438,31.343856811523438,11.166837692260742,886609
1992-06-19,31.518962860107422,31.81080436706543,31.343856811523438,31.518962860107422,11.229215621948242,1650506
1992-06-22,31.343856811523438,31.518962860107422,31.110382080078125,31.402225494384766,11.187633514404297,416321
1992-06-23,31.518962860107422,31.635698318481445,31.28548812866211,31.46059226989746,11.208425521850586,407540
1992-06-24,31.46059226989746,32.219383239746094,31.46059226989746,31.98590850830078,11.395577430725098,963706
1992-06-25,31.98590850830078,32.56959533691406,31.98590850830078,32.39448928833008,11.541147232055664,760471
1992-06-26,32.27775192260742,32.56959533691406,31.869171142578125,31.98590850830078,11.395577430725098,601352
1992-06-29,31.98590850830078,32.39448928833008,31.98590850830078,32.33612060546875,11.520345687866211,424030
1992-06-30,32.452857971191406,32.978172302246094,32.39448928833008,32.627960205078125,11.624323844909668,890036
1992-07-01,32.68633270263672,32.86143493652344,32.511226654052734,32.80306625366211,11.686697959899902,723422
1992-07-02,32.68633270263672,32.86143493652344,31.7524356842041,31.927541732788086,11.374787330627441,1309569
1992-07-06,31.927541732788086,31.927541732788086,31.518962860107422,31.7524356842041,11.312400817871094,570300
1992-07-07,30.818540573120117,31.110382080078125,30.293224334716797,30.70180320739746,10.938091278076172,2028707
1992-07-08,30.76017189025879,30.9936466217041,30.526697158813477,30.526697158813477,10.875712394714355,1158374
1992-07-09,30.643434524536133,31.110382080078125,30.585067749023438,31.052013397216797,11.062858581542969,870333
1992-07-10,31.28548812866211,31.28548812866211,30.818540573120117,30.876909255981445,11.000473976135254,366851
1992-07-13,30.9936466217041,31.22711944580078,30.70180320739746,31.22711944580078,11.12524700164795,469646
1992-07-14,31.22711944580078,31.518962860107422,30.70180320739746,31.052013397216797,11.062858581542969,1043800
1992-07-15,30.76017189025879,30.818540573120117,29.767908096313477,29.884645462036133,10.646960258483887,2529620
1992-07-16,30.00138282775879,30.351593017578125,29.41769790649414,30.176488876342773,10.750938415527344,1983306
1992-07-17,30.293224334716797,30.293224334716797,29.826276779174805,29.884645462036133,10.646960258483887,1652434
1992-07-20,29.41769790649414,30.23485565185547,29.184223175048828,30.176488876342773,10.750938415527344,1066073
1992-07-21,30.293224334716797,30.409961700439453,29.94301414489746,30.00138282775879,10.688555717468262,970773
1992-07-22,29.826276779174805,29.884645462036133,29.65117073059082,29.65117073059082,10.5637845993042,849988
1992-07-23,29.767908096313477,29.884645462036133,29.242591857910156,29.592802047729492,10.542994499206543,1343834
1992-07-24,29.534435272216797,29.826276779174805,29.41769790649414,29.47606658935547,10.501401901245117,806086
1992-07-27,29.41769790649414,29.592802047729492,29.184223175048828,29.300960540771484,10.439013481140137,790239
1992-07-28,29.300960540771484,30.293224334716797,29.300960540771484,30.118118286132812,10.730144500732422,731988
1992-07-29,30.526697158813477,30.76017189025879,30.23485565185547,30.76017189025879,10.958890914916992,1466546
1992-07-30,30.818540573120117,31.28548812866211,30.818540573120117,31.052013397216797,11.062858581542969,1176792
1992-07-31,31.168750762939453,31.46059226989746,31.110382080078125,31.168750762939453,11.10445499420166,656605
1992-08-03,31.22711944580078,31.28548812866211,30.76017189025879,30.935277938842773,11.021268844604492,526397
1992-08-04,31.052013397216797,31.110382080078125,30.70180320739746,30.70180320739746,10.938091278076172,292324
1992-08-05,30.818540573120117,30.818540573120117,30.526697158813477,30.585067749023438,10.896504402160645,571584
1992-08-06,30.643434524536133,30.76017189025879,30.118118286132812,30.176488876342773,10.750938415527344,437094
1992-08-07,30.176488876342773,30.46833038330078,29.826276779174805,29.826276779174805,10.626168251037598,613131
1992-08-10,29.826276779174805,30.059751510620117,29.592802047729492,29.94301414489746,10.667764663696289,297250
1992-08-11,30.059751510620117,30.118118286132812,29.300960540771484,29.300960540771484,10.439013481140137,872261
1992-08-12,29.300960540771484,29.767908096313477,29.242591857910156,29.592802047729492,10.542994499206543,1097554
1992-08-13,29.884645462036133,29.94301414489746,28.483802795410156,28.834012985229492,10.272656440734863,2424469
1992-08-14,29.184223175048828,29.359329223632812,28.95075035095215,29.359329223632812,10.459808349609375,756616
1992-08-17,29.242591857910156,29.592802047729492,29.242591857910156,29.47606658935547,10.572016716003418,613345
1992-08-18,29.47606658935547,29.65117073059082,29.359329223632812,29.41769790649414,10.551081657409668,294251
1992-08-19,29.534435272216797,29.767908096313477,29.359329223632812,29.359329223632812,10.530150413513184,455512
1992-08-20,29.41769790649414,29.41769790649414,29.067487716674805,29.1258544921875,10.446410179138184,598140
1992-08-21,29.300960540771484,29.300960540771484,28.65890884399414,28.717275619506836,10.299860954284668,1609174
1992-08-24,28.717275619506836,28.89238166809082,28.60053825378418,28.775644302368164,10.32080364227295,671596
1992-08-25,28.89238166809082,29.184223175048828,28.717275619506836,28.95075035095215,10.383609771728516,825574
1992-08-26,29.009119033813477,29.009119033813477,28.65890884399414,28.89238166809082,10.362669944763184,720423
1992-08-27,29.067487716674805,29.359329223632812,28.775644302368164,28.834012985229492,10.341739654541016,1307213
1992-08-28,28.95075035095215,29.184223175048828,28.834012985229492,29.067487716674805,10.4254732131958,708217
1992-08-31,29.242591857910156,29.242591857910156,29.067487716674805,29.067487716674805,10.4254732131958,444804
1992-09-01,29.067487716674805,29.534435272216797,29.067487716674805,29.534435272216797,10.592952728271484,452513
1992-09-02,29.884645462036133,30.176488876342773,29.70953941345215,30.176488876342773,10.823238372802734,927513
1992-09-03,30.23485565185547,30.526697158813477,29.884645462036133,30.118118286132812,10.802299499511719,599425
1992-09-04,30.23485565185547,30.293224334716797,29.826276779174805,29.94301414489746,10.739500999450684,535820
1992-09-08,29.94301414489746,30.118118286132812,29.067487716674805,29.1258544921875,10.446410179138184,511192
1992-09-09,29.242591857910156,29.300960540771484,28.717275619506836,29.242591857910156,10.488280296325684,1348117
1992-09-10,29.184223175048828,30.351593017578125,29.184223175048828,30.23485565185547,10.844170570373535,1819904
1992-09-11,30.118118286132812,30.935277938842773,30.118118286132812,30.818540573120117,11.053523063659668,1507021
1992-09-14,31.694067001342773,31.7524356842041,31.402225494384766,31.402225494384766,11.262874603271484,1518586
1992-09-15,31.22711944580078,31.635698318481445,30.76017189025879,30.76017189025879,11.032587051391602,605635
1992-09-16,30.76017189025879,31.052013397216797,30.293224334716797,30.46833038330078,10.927905082702637,1066501
1992-09-17,30.76017189025879,30.9936466217041,30.643434524536133,30.935277938842773,11.09538459777832,802231
1992-09-18,31.110382080078125,31.22711944580078,30.935277938842773,31.168750762939453,11.179130554199219,1265024
1992-09-21,31.110382080078125,31.28548812866211,30.876909255981445,31.28548812866211,11.22099494934082,474357
1992-09-22,31.343856811523438,31.46059226989746,30.935277938842773,31.052013397216797,11.137259483337402,901600
1992-09-23,30.876909255981445,30.935277938842773,30.351593017578125,30.351593017578125,10.886035919189453,669026
1992-09-24,30.46833038330078,30.9936466217041,30.351593017578125,30.876909255981445,11.074453353881836,459152
1992-09-25,30.76017189025879,30.76017189025879,29.767908096313477,30.351593017578125,10.886035919189453,593214
1992-09-28,30.23485565185547,30.585067749023438,30.176488876342773,30.351593017578125,10.886035919189453,494488
1992-09-29,30.00138282775879,30.176488876342773,29.884645462036133,29.884645462036133,10.718561172485352,440735
1992-09-30,29.884645462036133,30.059751510620117,29.70953941345215,29.826276779174805,10.697628021240234,908239
1992-10-01,29.70953941345215,29.767908096313477,28.95075035095215,29.009119033813477,10.404544830322266,1177220
1992-10-02,28.775644302368164,28.89238166809082,28.250328063964844,28.3670654296875,10.174262046813965,975698
1992-10-05,28.016855239868164,28.308696746826172,27.316434860229492,28.250328063964844,10.132390975952148,2131717
1992-10-06,28.250328063964844,29.009119033813477,28.075223922729492,28.775644302368164,10.32080364227295,780387
1992-10-07,28.65890884399414,28.65890884399414,27.84174919128418,28.016855239868164,10.048652648925781,856841
1992-10-08,28.016855239868164,28.60053825378418,27.78338050842285,28.542171478271484,10.237069129943848,1104192
1992-10-09,28.425434112548828,28.483802795410156,27.900117874145508,28.308696746826172,10.153328895568848,812939
1992-10-12,28.250328063964844,28.834012985229492,28.075223922729492,28.717275619506836,10.299860954284668,754046
1992-10-13,28.65890884399414,29.534435272216797,28.483802795410156,29.359329223632812,10.530150413513184,1025383
1992-10-14,28.834012985229492,29.067487716674805,28.483802795410156,28.542171478271484,10.237069129943848,852558
1992-10-15,28.542171478271484,29.009119033813477,28.425434112548828,28.717275619506836,10.299860954284668,523399
1992-10-16,28.89238166809082,29.884645462036133,28.65890884399414,29.592802047729492,10.613893508911133,1176363
1992-10-19,29.592802047729492,30.23485565185547,29.47606658935547,29.767908096313477,10.67669677734375,763469
1992-10-20,30.118118286132812,30.118118286132812,29.826276779174805,29.884645462036133,10.718561172485352,653392
1992-10-21,29.826276779174805,30.00138282775879,29.65117073059082,29.884645462036133,10.718561172485352,506909
1992-10-22,29.884645462036133,30.059751510620117,29.242591857910156,29.826276779174805,10.697628021240234,553809
1992-10-23,29.70953941345215,29.884645462036133,29.70953941345215,29.884645462036133,10.718561172485352,235144
1992-10-26,29.767908096313477,30.176488876342773,29.592802047729492,30.00138282775879,10.760431289672852,287613
1992-10-27,30.118118286132812,30.176488876342773,29.826276779174805,30.00138282775879,10.760431289672852,598997
1992-10-28,29.94301414489746,30.351593017578125,29.65117073059082,30.351593017578125,10.886035919189453,782101
1992-10-29,30.351593017578125,30.46833038330078,30.118118286132812,30.23485565185547,10.844170570373535,844634
1992-10-30,30.46833038330078,30.46833038330078,30.176488876342773,30.23485565185547,10.844170570373535,681019
1992-11-02,30.118118286132812,30.70180320739746,30.00138282775879,30.70180320739746,11.011646270751953,818079
1992-11-03,31.28548812866211,31.46059226989746,30.935277938842773,30.9936466217041,11.116325378417969,1590971
1992-11-04,30.9936466217041,31.110382080078125,30.059751510620117,30.293224334716797,10.865108489990234,766467
1992-11-05,30.409961700439453,30.818540573120117,30.351593017578125,30.76017189025879,11.032587051391602,679091
1992-11-06,31.110382080078125,31.110382080078125,30.585067749023438,30.70180320739746,11.011646270751953,327446
1992-11-09,30.585067749023438,30.935277938842773,30.23485565185547,30.23485565185547,10.844170570373535,384197
1992-11-10,30.23485565185547,30.351593017578125,29.41769790649414,29.47606658935547,10.572016716003418,803945
1992-11-11,29.359329223632812,29.41769790649414,29.067487716674805,29.359329223632812,10.530150413513184,1126679
1992-11-12,29.242591857910156,29.826276779174805,29.242591857910156,29.592802047729492,10.613893508911133,1198207
1992-11-13,29.359329223632812,29.534435272216797,29.067487716674805,29.41769790649414,10.551081657409668,772464
1992-11-16,29.242591857910156,29.41769790649414,29.1258544921875,29.1258544921875,10.516523361206055,679091
1992-11-17,29.184223175048828,29.184223175048828,28.425434112548828,28.65890884399414,10.347923278808594,1164371
1992-11-18,28.542171478271484,29.184223175048828,28.542171478271484,29.009119033813477,10.474371910095215,951499
1992-11-19,29.067487716674805,29.067487716674805,28.834012985229492,28.89238166809082,10.432223320007324,625338
1992-11-20,28.775644302368164,28.775644302368164,28.425434112548828,28.60053825378418,10.32684326171875,1945400
1992-11-23,28.425434112548828,28.65890884399414,28.425434112548828,28.483802795410156,10.284699440002441,818293
1992-11-24,28.60053825378418,29.41769790649414,28.542171478271484,29.1258544921875,10.516523361206055,1017245
1992-11-25,29.47606658935547,29.70953941345215,29.41769790649414,29.41769790649414,10.621898651123047,793237
1992-11-27,29.70953941345215,30.585067749023438,29.65117073059082,30.176488876342773,10.895883560180664,935651
1992-11-30,30.118118286132812,30.70180320739746,30.118118286132812,30.46833038330078,11.001250267028809,851702
1992-12-01,30.409961700439453,30.409961700439453,29.767908096313477,29.767908096313477,10.7483549118042,1241895
1992-12-02,30.176488876342773,30.585067749023438,30.059751510620117,30.409961700439453,10.980178833007812,1504666
1992-12-03,30.526697158813477,30.526697158813477,30.118118286132812,30.176488876342773,10.895883560180664,430027
1992-12-04,30.409961700439453,30.409961700439453,29.47606658935547,29.70953941345215,10.727277755737305,1066287
1992-12-07,29.826276779174805,29.826276779174805,29.359329223632812,29.65117073059082,10.706196784973145,433882
1992-12-08,29.65117073059082,30.059751510620117,29.592802047729492,30.00138282775879,10.832648277282715,1077851
1992-12-09,30.059751510620117,30.585067749023438,30.00138282775879,30.46833038330078,11.001250267028809,950428
1992-12-10,30.585067749023438,31.168750762939453,30.46833038330078,31.168750762939453,11.254151344299316,1792921
1992-12-11,31.168750762939453,31.46059226989746,30.935277938842773,31.22711944580078,11.275229454040527,1035020
1992-12-14,31.28548812866211,31.402225494384766,31.110382080078125,31.168750762939453,11.254151344299316,852987
1992-12-15,31.22711944580078,31.28548812866211,30.70180320739746,30.876909255981445,11.148781776428223,833070
1992-12-16,30.9936466217041,30.9936466217041,30.351593017578125,30.526697158813477,11.02232551574707,897959
1992-12-17,30.585067749023438,30.585067749023438,30.00138282775879,30.118118286132812,10.874802589416504,868406
1992-12-18,30.118118286132812,30.643434524536133,30.059751510620117,30.585067749023438,11.043401718139648,2093597
1992-12-21,30.46833038330078,30.818540573120117,30.351593017578125,30.526697158813477,11.02232551574707,875259
1992-12-22,30.643434524536133,30.876909255981445,30.585067749023438,30.70180320739746,11.085554122924805,795378
1992-12-23,30.585067749023438,30.585067749023438,30.00138282775879,30.118118286132812,10.874802589416504,580579
1992-12-24,30.23485565185547,30.293224334716797,30.00138282775879,30.118118286132812,10.874802589416504,362353
1992-12-28,30.059751510620117,30.526697158813477,29.70953941345215,30.526697158813477,11.02232551574707,470717
1992-12-29,30.46833038330078,30.70180320739746,30.351593017578125,30.585067749023438,11.043401718139648,947001
1992-12-30,30.585067749023438,31.22711944580078,30.585067749023438,31.052013397216797,11.212000846862793,567087
1992-12-31,30.935277938842773,31.28548812866211,30.935277938842773,31.110382080078125,11.233078002929688,703505
1993-01-04,31.168750762939453,31.168750762939453,30.876909255981445,30.935277938842773,11.169851303100586,642899
1993-01-05,30.935277938842773,31.168750762939453,30.526697158813477,30.526697158813477,11.02232551574707,967989
1993-01-06,30.585067749023438,30.876909255981445,30.585067749023438,30.643434524536133,11.06447982788086,993902
1993-01-07,30.76017189025879,30.76017189025879,30.118118286132812,30.118118286132812,10.874802589416504,1523940
1993-01-08,30.118118286132812,30.176488876342773,29.70953941345215,29.884645462036133,10.790501594543457,1321347
1993-01-11,29.884645462036133,29.94301414489746,29.300960540771484,29.41769790649414,10.621898651123047,744837
1993-01-12,29.767908096313477,29.767908096313477,29.184223175048828,29.47606658935547,10.642970085144043,1056650
1993-01-13,29.47606658935547,29.534435272216797,28.65890884399414,28.834012985229492,10.411142349243164,2434535
1993-01-14,29.300960540771484,29.300960540771484,28.425434112548828,28.425434112548828,10.263619422912598,1784783
1993-01-15,28.425434112548828,28.95075035095215,28.3670654296875,28.834012985229492,10.411142349243164,2047125
1993-01-18,28.834012985229492,29.242591857910156,28.60053825378418,29.242591857910156,10.558671951293945,960493
1993-01-19,29.242591857910156,29.242591857910156,28.834012985229492,28.89238166809082,10.432223320007324,704148
1993-01-20,29.067487716674805,29.242591857910156,28.717275619506836,28.89238166809082,10.432223320007324,1342121
1993-01-21,29.009119033813477,29.592802047729492,28.834012985229492,29.47606658935547,10.642970085144043,1398872
1993-01-22,29.534435272216797,29.534435272216797,29.242591857910156,29.300960540771484,10.57974910736084,1028167
1993-01-25,29.41769790649414,29.65117073059082,29.242591857910156,29.534435272216797,10.66405200958252,856627
1993-01-26,29.65117073059082,29.884645462036133,29.592802047729492,29.767908096313477,10.7483549118042,876115
1993-01-27,29.884645462036133,29.94301414489746,29.70953941345215,29.884645462036133,10.790501594543457,593643
1993-01-28,29.94301414489746,30.526697158813477,29.826276779174805,30.46833038330078,11.001250267028809,1088345
1993-01-29,30.526697158813477,30.935277938842773,30.118118286132812,30.118118286132812,10.874802589416504,1111688
1993-02-01,30.23485565185547,30.293224334716797,29.592802047729492,29.70953941345215,10.727277755737305,1438705
1993-02-02,29.65117073059082,30.00138282775879,29.1258544921875,29.534435272216797,10.66405200958252,2198105
1993-02-03,29.300960540771484,30.643434524536133,29.300960540771484,30.526697158813477,11.02232551574707,1766794
1993-02-04,31.052013397216797,32.04427719116211,30.935277938842773,31.927541732788086,11.528135299682617,3034388
1993-02-05,32.161014556884766,32.627960205078125,31.98590850830078,32.33612060546875,11.675657272338867,3402309
1993-02-08,32.10264587402344,32.39448928833008,32.04427719116211,32.27775192260742,11.654580116271973,1245322
1993-02-09,32.161014556884766,32.161014556884766,31.577329635620117,31.635698318481445,11.422755241394043,1601036
1993-02-10,31.694067001342773,31.869171142578125,31.694067001342773,31.694067001342773,11.443833351135254,939292
1993-02-11,31.7524356842041,32.10264587402344,31.635698318481445,31.869171142578125,11.507057189941406,1567628
1993-02-12,31.635698318481445,31.927541732788086,31.635698318481445,31.927541732788086,11.599519729614258,1372959
1993-02-16,31.81080436706543,31.81080436706543,30.23485565185547,30.23485565185547,10.98454475402832,1565486
1993-02-17,30.059751510620117,30.70180320739746,29.767908096313477,30.585067749023438,11.111781120300293,1698906
1993-02-18,31.110382080078125,31.168750762939453,29.65117073059082,29.826276779174805,10.836103439331055,1679418
1993-02-19,29.94301414489746,30.00138282775879,29.359329223632812,29.65117073059082,10.772491455078125,2106018
1993-02-22,29.767908096313477,29.826276779174805,29.70953941345215,29.70953941345215,10.793699264526367,1129249
1993-02-23,29.884645462036133,30.059751510620117,29.826276779174805,30.00138282775879,10.899724006652832,843349
1993-02-24,30.059751510620117,30.409961700439453,29.65117073059082,30.409961700439453,11.04816722869873,846348
1993-02-25,30.526697158813477,30.526697158813477,29.94301414489746,30.176488876342773,10.963347434997559,582506
1993-02-26,30.409961700439453,30.409961700439453,29.884645462036133,30.00138282775879,10.899724006652832,399188
1993-03-01,30.059751510620117,30.118118286132812,29.41769790649414,29.47606658935547,10.708868980407715,896246
1993-03-02,29.359329223632812,29.767908096313477,29.184223175048828,29.70953941345215,10.793699264526367,861553
1993-03-03,29.826276779174805,30.585067749023438,29.65117073059082,29.65117073059082,10.772491455078125,1202276
1993-03-04,30.118118286132812,30.176488876342773,29.884645462036133,30.118118286132812,10.942139625549316,776961
1993-03-05,30.46833038330078,30.70180320739746,29.47606658935547,29.767908096313477,10.81490707397461,1601250
1993-03-08,29.884645462036133,31.110382080078125,29.826276779174805,31.110382080078125,11.302632331848145,1696764
1993-03-09,31.22711944580078,31.46059226989746,30.876909255981445,31.110382080078125,11.302632331848145,1304857
1993-03-10,31.22711944580078,31.22711944580078,30.643434524536133,30.9936466217041,11.26022720336914,1193496
1993-03-11,31.052013397216797,31.110382080078125,30.059751510620117,30.176488876342773,10.963347434997559,1020671
1993-03-12,29.767908096313477,30.059751510620117,29.47606658935547,29.884645462036133,10.857315063476562,1297576
1993-03-15,30.23485565185547,30.46833038330078,30.00138282775879,30.409961700439453,11.04816722869873,609062
1993-03-16,30.526697158813477,30.643434524536133,30.293224334716797,30.46833038330078,11.069372177124023,621269
1993-03-17,30.409961700439453,30.46833038330078,30.059751510620117,30.176488876342773,10.963347434997559,760685
1993-03-18,30.118118286132812,30.46833038330078,30.118118286132812,30.23485565185547,10.98454475402832,696866
1993-03-19,30.409961700439453,30.818540573120117,30.293224334716797,30.409961700439453,11.04816722869873,1580691
1993-03-22,30.643434524536133,31.052013397216797,30.526697158813477,30.70180320739746,11.154193878173828,854486
1993-03-23,30.70180320739746,30.818540573120117,30.409961700439453,30.585067749023438,11.111781120300293,559163
1993-03-24,30.585067749023438,30.876909255981445,30.23485565185547,30.585067749023438,11.111781120300293,773963
1993-03-25,30.643434524536133,30.76017189025879,30.46833038330078,30.46833038330078,11.069372177124023,506267
1993-03-26,30.46833038330078,30.46833038330078,29.70953941345215,29.94301414489746,10.878521919250488,1095840
1993-03-29,29.767908096313477,29.767908096313477,29.300960540771484,29.47606658935547,10.708868980407715,1368248
1993-03-30,29.65117073059082,29.826276779174805,29.359329223632812,29.534435272216797,10.730083465576172,1162229
1993-03-31,29.534435272216797,29.826276779174805,29.184223175048828,29.184223175048828,10.602842330932617,995829
1993-04-01,29.067487716674805,29.767908096313477,29.067487716674805,29.65117073059082,10.772491455078125,641400
1993-04-02,29.65117073059082,29.65117073059082,29.184223175048828,29.184223175048828,10.602842330932617,682518
1993-04-05,29.300960540771484,29.65117073059082,29.300960540771484,29.41769790649414,10.687668800354004,593643
1993-04-06,29.534435272216797,29.826276779174805,29.47606658935547,29.65117073059082,10.772491455078125,532180
1993-04-07,29.65117073059082,29.65117073059082,28.89238166809082,29.1258544921875,10.581644058227539,641185
1993-04-08,29.300960540771484,29.41769790649414,28.834012985229492,29.184223175048828,10.602842330932617,451871
1993-04-12,29.242591857910156,29.47606658935547,28.95075035095215,29.009119033813477,10.539228439331055,721923
1993-04-13,29.009119033813477,29.592802047729492,28.95075035095215,29.184223175048828,10.602842330932617,912522
1993-04-14,29.359329223632812,29.826276779174805,29.300960540771484,29.47606658935547,10.708868980407715,806300
1993-04-15,29.65117073059082,30.059751510620117,29.359329223632812,30.00138282775879,10.899724006652832,822576
1993-04-16,30.118118286132812,30.526697158813477,30.00138282775879,30.351593017578125,11.026966094970703,1145096
1993-04-19,30.351593017578125,30.409961700439453,30.059751510620117,30.351593017578125,11.026966094970703,492346
1993-04-20,30.46833038330078,31.343856811523438,30.409961700439453,31.28548812866211,11.366250991821289,1044229
1993-04-21,31.22711944580078,31.343856811523438,30.876909255981445,31.168750762939453,11.32383918762207,1083419
1993-04-22,30.818540573120117,31.343856811523438,30.70180320739746,31.28548812866211,11.366250991821289,1280229
1993-04-23,31.110382080078125,31.110382080078125,30.70180320739746,30.70180320739746,11.154193878173828,1030951
1993-04-26,30.293224334716797,30.818540573120117,30.293224334716797,30.70180320739746,11.154193878173828,1108904
1993-04-27,30.643434524536133,30.935277938842773,30.46833038330078,30.70180320739746,11.154193878173828,803302
1993-04-28,30.526697158813477,30.70180320739746,30.351593017578125,30.526697158813477,11.090575218200684,1025383
1993-04-29,30.585067749023438,30.643434524536133,30.351593017578125,30.526697158813477,11.090575218200684,623625
1993-04-30,30.526697158813477,31.052013397216797,30.351593017578125,30.70180320739746,11.154193878173828,875473
1993-05-03,30.818540573120117,30.9936466217041,30.585067749023438,30.76017189025879,11.175398826599121,470931
1993-05-04,30.876909255981445,31.110382080078125,30.818540573120117,30.876909255981445,11.217814445495605,511621
1993-05-05,30.818540573120117,30.935277938842773,30.293224334716797,30.293224334716797,11.005756378173828,1070142
1993-05-06,30.351593017578125,30.585067749023438,30.351593017578125,30.351593017578125,11.026966094970703,688086
1993-05-07,30.351593017578125,30.70180320739746,30.351593017578125,30.643434524536133,11.132989883422852,708431
1993-05-10,30.643434524536133,30.70180320739746,30.351593017578125,30.46833038330078,11.069372177124023,613988
1993-05-11,30.526697158813477,31.052013397216797,30.46833038330078,30.935277938842773,11.239011764526367,498343
1993-05-12,30.935277938842773,31.22711944580078,30.643434524536133,31.168750762939453,11.32383918762207,395333
1993-05-13,31.110382080078125,31.110382080078125,30.76017189025879,30.876909255981445,11.217814445495605,868834
1993-05-14,30.9936466217041,31.052013397216797,30.70180320739746,30.76017189025879,11.175398826599121,734772
1993-05-17,30.585067749023438,30.76017189025879,30.293224334716797,30.351593017578125,11.097722053527832,814652
1993-05-18,30.351593017578125,30.351593017578125,30.118118286132812,30.23485565185547,11.055028915405273,638401
1993-05-19,30.293224334716797,30.9936466217041,29.94301414489746,30.76017189025879,11.24710750579834,1506379
1993-05-20,30.70180320739746,30.935277938842773,30.409961700439453,30.70180320739746,11.2257661819458,558949
1993-05-21,30.46833038330078,30.818540573120117,30.118118286132812,30.585067749023438,11.18308162689209,879328
1993-05-24,30.585067749023438,30.9936466217041,30.351593017578125,30.643434524536133,11.204426765441895,580151
1993-05-25,30.876909255981445,31.343856811523438,30.70180320739746,31.28548812866211,11.439184188842773,852772
1993-05-26,31.28548812866211,31.46059226989746,30.9936466217041,31.343856811523438,11.46052360534668,834783
1993-05-27,31.402225494384766,31.7524356842041,31.402225494384766,31.7524356842041,11.609912872314453,1179147
1993-05-28,31.635698318481445,31.635698318481445,31.110382080078125,31.168750762939453,11.396499633789062,743552
1993-06-01,31.28548812866211,31.28548812866211,31.052013397216797,31.110382080078125,11.37515640258789,378201
1993-06-02,31.168750762939453,31.343856811523438,30.935277938842773,30.935277938842773,11.311128616333008,444375
1993-06-03,30.935277938842773,31.577329635620117,30.76017189025879,31.46059226989746,11.503204345703125,732416
1993-06-04,31.22711944580078,31.577329635620117,31.052013397216797,31.052013397216797,11.353815078735352,461936
1993-06-07,31.22711944580078,31.343856811523438,30.526697158813477,30.526697158813477,11.161739349365234,381627
1993-06-08,30.585067749023438,30.70180320739746,30.059751510620117,30.176488876342773,11.033695220947266,425958
1993-06-09,30.293224334716797,30.46833038330078,30.059751510620117,30.46833038330078,11.140399932861328,669668
1993-06-10,30.293224334716797,30.293224334716797,29.826276779174805,29.884645462036133,10.926981925964355,763041
1993-06-11,30.059751510620117,30.293224334716797,30.00138282775879,30.118118286132812,11.012351989746094,564517
1993-06-14,30.351593017578125,30.409961700439453,30.00138282775879,30.059751510620117,10.99100399017334,439878
1993-06-15,30.176488876342773,30.23485565185547,29.65117073059082,29.65117073059082,10.841614723205566,443305
1993-06-16,29.826276779174805,29.94301414489746,28.95075035095215,29.534435272216797,10.798934936523438,765182
1993-06-17,29.534435272216797,30.351593017578125,29.534435272216797,30.23485565185547,11.055028915405273,772035
1993-06-18,30.409961700439453,30.585067749023438,30.176488876342773,30.526697158813477,11.161739349365234,1298004
1993-06-21,30.643434524536133,30.643434524536133,30.46833038330078,30.585067749023438,11.18308162689209,712500
1993-06-22,30.351593017578125,30.409961700439453,29.884645462036133,30.118118286132812,11.012351989746094,712928
1993-06-23,30.00138282775879,30.23485565185547,29.767908096313477,29.767908096313477,10.884303092956543,667741
1993-06-24,29.767908096313477,30.059751510620117,29.47606658935547,29.884645462036133,10.926981925964355,508622
1993-06-25,29.884645462036133,30.00138282775879,29.767908096313477,30.00138282775879,10.9696626663208,282259
1993-06-28,29.94301414489746,29.94301414489746,29.41769790649414,29.884645462036133,10.926981925964355,843135
1993-06-29,29.826276779174805,29.826276779174805,29.1258544921875,29.41769790649414,10.756247520446777,890678
1993-06-30,29.41769790649414,29.884645462036133,29.300960540771484,29.884645462036133,10.926981925964355,697509
1993-07-01,29.884645462036133,30.70180320739746,29.65117073059082,30.526697158813477,11.161739349365234,946787
1993-07-02,30.409961700439453,30.46833038330078,30.00138282775879,30.118118286132812,11.012351989746094,474571
1993-07-06,30.118118286132812,30.176488876342773,29.826276779174805,29.884645462036133,10.926981925964355,454227
1993-07-07,29.826276779174805,29.826276779174805,29.41769790649414,29.41769790649414,10.756247520446777,601566
1993-07-08,29.47606658935547,29.826276779174805,29.41769790649414,29.767908096313477,10.884303092956543,607135
1993-07-09,29.826276779174805,30.00138282775879,29.767908096313477,29.767908096313477,10.884303092956543,408397
1993-07-12,29.884645462036133,29.884645462036133,29.592802047729492,29.767908096313477,10.884303092956543,244781
1993-07-13,29.534435272216797,29.70953941345215,29.184223175048828,29.47606658935547,10.777584075927734,838638
1993-07-14,29.592802047729492,30.059751510620117,29.41769790649414,29.94301414489746,10.948325157165527,544601
1993-07-15,30.118118286132812,30.118118286132812,29.534435272216797,29.94301414489746,10.948325157165527,570514
1993-07-16,29.94301414489746,30.118118286132812,29.65117073059082,30.118118286132812,11.012351989746094,1128392
1993-07-19,30.118118286132812,30.23485565185547,29.94301414489746,30.176488876342773,11.033695220947266,547813
1993-07-20,30.176488876342773,30.176488876342773,29.94301414489746,30.00138282775879,10.9696626663208,443519
1993-07-21,30.059751510620117,30.23485565185547,29.884645462036133,30.176488876342773,11.033695220947266,631548
1993-07-22,30.23485565185547,30.23485565185547,29.884645462036133,29.884645462036133,10.926981925964355,476285
1993-07-23,30.118118286132812,30.23485565185547,30.059751510620117,30.176488876342773,11.033695220947266,379700
1993-07-26,30.409961700439453,30.585067749023438,30.293224334716797,30.585067749023438,11.18308162689209,528967
1993-07-27,30.585067749023438,30.585067749023438,30.23485565185547,30.293224334716797,11.076375961303711,338154
1993-07-28,30.351593017578125,30.351593017578125,29.884645462036133,30.059751510620117,10.99100399017334,331943
1993-07-29,30.00138282775879,30.118118286132812,29.70953941345215,29.94301414489746,10.948325157165527,564303
1993-07-30,29.94301414489746,30.00138282775879,29.65117073059082,29.767908096313477,10.884303092956543,640757
1993-08-02,29.826276779174805,30.00138282775879,29.592802047729492,29.94301414489746,10.948325157165527,676093
1993-08-03,30.059751510620117,30.23485565185547,30.00138282775879,30.176488876342773,11.033695220947266,575868
1993-08-04,30.118118286132812,30.409961700439453,30.00138282775879,30.23485565185547,11.055028915405273,496844
1993-08-05,30.176488876342773,30.23485565185547,29.826276779174805,29.884645462036133,10.926981925964355,436023
1993-08-06,30.00138282775879,30.876909255981445,29.94301414489746,30.818540573120117,11.268451690673828,929226
1993-08-09,30.643434524536133,30.935277938842773,30.46833038330078,30.76017189025879,11.24710750579834,972486
1993-08-10,30.643434524536133,30.76017189025879,30.526697158813477,30.585067749023438,11.18308162689209,304317
1993-08-11,30.585067749023438,30.70180320739746,30.585067749023438,30.70180320739746,11.2257661819458,236429
1993-08-12,30.818540573120117,30.876909255981445,30.643434524536133,30.70180320739746,11.2257661819458,418891
1993-08-13,30.818540573120117,30.935277938842773,30.70180320739746,30.70180320739746,11.2257661819458,655320
1993-08-16,30.643434524536133,30.76017189025879,30.643434524536133,30.643434524536133,11.276459693908691,671382
1993-08-17,30.70180320739746,30.76017189025879,30.585067749023438,30.643434524536133,11.276459693908691,590859
1993-08-18,30.76017189025879,31.168750762939453,30.76017189025879,30.818540573120117,11.340896606445312,984693
1993-08-19,30.818540573120117,30.818540573120117,30.70180320739746,30.76017189025879,11.319414138793945,392335
1993-08-20,30.76017189025879,31.518962860107422,30.76017189025879,31.518962860107422,11.598652839660645,1202062
1993-08-23,31.46059226989746,31.46059226989746,31.110382080078125,31.22711944580078,11.491247177124023,488063
1993-08-24,31.052013397216797,31.81080436706543,31.052013397216797,31.7524356842041,11.684553146362305,743767
1993-08-25,31.7524356842041,31.927541732788086,31.577329635620117,31.694067001342773,11.663081169128418,1079564
1993-08-26,31.518962860107422,31.81080436706543,31.052013397216797,31.28548812866211,11.512724876403809,2030635
1993-08-27,30.935277938842773,30.9936466217041,30.293224334716797,30.643434524536133,11.276459693908691,1438063
1993-08-30,30.76017189025879,30.76017189025879,30.643434524536133,30.70180320739746,11.297935485839844,425101
1993-08-31,30.643434524536133,30.643434524536133,30.293224334716797,30.409961700439453,11.19054126739502,761542
1993-09-01,30.351593017578125,30.351593017578125,29.70953941345215,29.94301414489746,11.018710136413574,1498455
1993-09-02,29.884645462036133,29.884645462036133,29.300960540771484,29.300960540771484,10.782438278198242,687657
1993-09-03,29.359329223632812,29.592802047729492,29.300960540771484,29.47606658935547,10.846874237060547,495987
1993-09-07,29.534435272216797,29.592802047729492,29.1258544921875,29.41769790649414,10.825398445129395,537748
1993-09-08,29.41769790649414,29.592802047729492,29.300960540771484,29.41769790649414,10.825398445129395,738627
1993-09-09,29.300960540771484,29.359329223632812,28.89238166809082,29.067487716674805,10.696523666381836,699008
1993-09-10,29.1258544921875,29.41769790649414,29.009119033813477,29.1258544921875,10.718003273010254,478212
1993-09-13,29.242591857910156,29.242591857910156,29.009119033813477,29.067487716674805,10.696523666381836,344150
1993-09-14,29.067487716674805,29.184223175048828,28.95075035095215,29.067487716674805,10.696523666381836,596855
1993-09-15,29.009119033813477,29.592802047729492,28.89238166809082,29.359329223632812,10.803926467895508,678663
1993-09-16,29.359329223632812,29.359329223632812,29.009119033813477,29.184223175048828,10.739477157592773,352716
1993-09-17,29.1258544921875,29.47606658935547,29.1258544921875,29.359329223632812,10.803926467895508,1411079
1993-09-20,29.359329223632812,29.359329223632812,28.60053825378418,28.65890884399414,10.546172142028809,594285
1993-09-21,28.60053825378418,28.60053825378418,27.725013732910156,28.13359260559082,10.352861404418945,2098308
1993-09-22,28.308696746826172,28.308696746826172,27.958486557006836,28.075223922729492,10.33138656616211,1681345
1993-09-23,28.075223922729492,28.075223922729492,27.491539001464844,27.725013732910156,10.202506065368652,1352614
1993-09-24,27.725013732910156,27.725013732910156,27.08296012878418,27.725013732910156,10.202506065368652,1571911
1993-09-27,27.84174919128418,27.958486557006836,27.549907684326172,27.6082763671875,10.15954875946045,1213627
1993-09-28,27.725013732910156,27.84174919128418,27.6082763671875,27.725013732910156,10.202506065368652,885110
1993-09-29,27.725013732910156,28.13359260559082,27.549907684326172,27.958486557006836,10.288421630859375,1159445
1993-09-30,27.900117874145508,28.3670654296875,27.84174919128418,28.13359260559082,10.352861404418945,773534
1993-10-01,28.13359260559082,28.775644302368164,28.13359260559082,28.250328063964844,10.395821571350098,684445
1993-10-04,28.250328063964844,28.308696746826172,27.900117874145508,28.308696746826172,10.417298316955566,685088
1993-10-05,28.308696746826172,28.65890884399414,28.075223922729492,28.483802795410156,10.481738090515137,887252
1993-10-06,28.191959381103516,28.483802795410156,28.13359260559082,28.191959381103516,10.374342918395996,943789
1993-10-07,28.191959381103516,28.250328063964844,27.666643142700195,27.725013732910156,10.202506065368652,877615
1993-10-08,27.84174919128418,27.84174919128418,27.491539001464844,27.6082763671875,10.15954875946045,854914
1993-10-11,27.725013732910156,27.78338050842285,27.199697494506836,27.374801635742188,10.073640823364258,658104
1993-10-12,27.433170318603516,27.900117874145508,27.374801635742188,27.433170318603516,10.095112800598145,1266309
1993-10-13,27.491539001464844,27.549907684326172,26.966222763061523,27.141328811645508,9.987716674804688,1710042
1993-10-14,27.141328811645508,27.141328811645508,26.49927520751953,26.49927520751953,9.751450538635254,1748162
1993-10-15,26.616012573242188,26.791118621826172,26.440906524658203,26.55764389038086,9.772929191589355,1773218
1993-10-18,26.49927520751953,27.08296012878418,26.49927520751953,27.02459144592285,9.944762229919434,1212342
1993-10-19,27.141328811645508,27.433170318603516,27.02459144592285,27.374801635742188,10.073640823364258,1645795
1993-10-20,27.491539001464844,28.13359260559082,27.374801635742188,28.13359260559082,10.352861404418945,1029452
1993-10-21,28.075223922729492,28.483802795410156,27.900117874145508,28.3670654296875,10.438775062561035,1545141
1993-10-22,28.3670654296875,28.95075035095215,28.191959381103516,28.717275619506836,10.567646980285645,1250890
1993-10-25,28.717275619506836,29.067487716674805,28.483802795410156,29.009119033813477,10.675044059753418,811440
1993-10-26,29.300960540771484,29.592802047729492,29.1258544921875,29.47606658935547,10.846874237060547,1366749
1993-10-27,29.41769790649414,29.41769790649414,29.009119033813477,29.009119033813477,10.675044059753418,424459
1993-10-28,29.009119033813477,29.242591857910156,28.717275619506836,28.834012985229492,10.610604286193848,621055
1993-10-29,28.775644302368164,28.95075035095215,27.316434860229492,27.78338050842285,10.223989486694336,1287939
1993-11-01,28.016855239868164,28.834012985229492,28.016855239868164,28.834012985229492,10.610604286193848,647610
1993-11-02,28.834012985229492,29.47606658935547,28.3670654296875,29.242591857910156,10.760958671569824,1159231
1993-11-03,29.300960540771484,29.300960540771484,28.60053825378418,28.717275619506836,10.567646980285645,963491
1993-11-04,28.3670654296875,28.775644302368164,28.308696746826172,28.542171478271484,10.503216743469238,454441
1993-11-05,28.65890884399414,28.834012985229492,28.542171478271484,28.834012985229492,10.610604286193848,568800
1993-11-08,29.067487716674805,29.300960540771484,28.834012985229492,29.009119033813477,10.675044059753418,604136
1993-11-09,29.184223175048828,29.184223175048828,28.65890884399414,28.717275619506836,10.567646980285645,515904
1993-11-10,28.834012985229492,29.242591857910156,28.834012985229492,29.242591857910156,10.760958671569824,777603
1993-11-11,29.242591857910156,30.176488876342773,29.1258544921875,30.059751510620117,11.061663627624512,1693766
1993-11-12,30.351593017578125,30.935277938842773,30.351593017578125,30.76017189025879,11.319414138793945,2187826
1993-11-15,30.409961700439453,30.585067749023438,30.351593017578125,30.46833038330078,11.28396224975586,815081
1993-11-16,30.409961700439453,30.935277938842773,30.059751510620117,30.818540573120117,11.41366195678711,1054508
1993-11-17,30.876909255981445,30.9936466217041,30.23485565185547,30.46833038330078,11.28396224975586,900315
1993-11-18,30.409961700439453,30.46833038330078,29.70953941345215,29.94301414489746,11.0894136428833,955139
1993-11-19,30.00138282775879,30.526697158813477,29.70953941345215,30.409961700439453,11.262341499328613,1351115
1993-11-22,30.118118286132812,30.526697158813477,29.94301414489746,30.351593017578125,11.240732192993164,777603
1993-11-23,30.46833038330078,30.585067749023438,30.409961700439453,30.46833038330078,11.28396224975586,639686
1993-11-24,30.351593017578125,30.70180320739746,30.351593017578125,30.643434524536133,11.3488130569458,460651
1993-11-26,30.76017189025879,30.935277938842773,30.76017189025879,30.935277938842773,11.456899642944336,363210
1993-11-29,30.876909255981445,31.22711944580078,30.818540573120117,31.052013397216797,11.50013256072998,736699
1993-11-30,30.935277938842773,31.46059226989746,30.876909255981445,31.168750762939453,11.543371200561523,860482
1993-12-01,31.28548812866211,31.518962860107422,31.052013397216797,31.518962860107422,11.673070907592773,839923
1993-12-02,30.70180320739746,31.343856811523438,30.70180320739746,31.22711944580078,11.564977645874023,936294
1993-12-03,31.168750762939453,31.46059226989746,31.110382080078125,31.343856811523438,11.608214378356934,554880
1993-12-06,31.46059226989746,31.635698318481445,31.343856811523438,31.518962860107422,11.673070907592773,736914
1993-12-07,31.694067001342773,31.7524356842041,31.577329635620117,31.694067001342773,11.737915992736816,623410
1993-12-08,31.694067001342773,31.694067001342773,31.110382080078125,31.518962860107422,11.673070907592773,748050
1993-12-09,31.694067001342773,31.694067001342773,30.9936466217041,31.110382080078125,11.521746635437012,847204
1993-12-10,31.168750762939453,31.402225494384766,31.052013397216797,31.28548812866211,11.58659839630127,600282
1993-12-13,31.46059226989746,31.869171142578125,31.22711944580078,31.7524356842041,11.759532928466797,580365
1993-12-14,31.7524356842041,31.7524356842041,31.343856811523438,31.343856811523438,11.608214378356934,574797
1993-12-15,31.46059226989746,31.518962860107422,30.876909255981445,31.22711944580078,11.564977645874023,904170
1993-12-16,31.22711944580078,31.22711944580078,30.46833038330078,30.935277938842773,11.456899642944336,517617
1993-12-17,30.935277938842773,31.694067001342773,30.935277938842773,31.694067001342773,11.737915992736816,1340622
1993-12-20,31.694067001342773,31.927541732788086,31.46059226989746,31.577329635620117,11.694679260253906,661745
1993-12-21,31.635698318481445,31.635698318481445,31.343856811523438,31.635698318481445,11.716300010681152,337083
1993-12-22,31.694067001342773,31.694067001342773,31.22711944580078,31.22711944580078,11.564977645874023,363424
1993-12-23,31.110382080078125,31.343856811523438,30.876909255981445,31.168750762939453,11.543371200561523,367707
1993-12-27,31.22711944580078,31.869171142578125,31.110382080078125,31.869171142578125,11.802767753601074,360426
1993-12-28,31.7524356842041,31.7524356842041,31.518962860107422,31.694067001342773,11.737915992736816,326161
1993-12-29,31.869171142578125,31.869171142578125,31.46059226989746,31.694067001342773,11.737915992736816,336654
1993-12-30,31.81080436706543,31.869171142578125,31.577329635620117,31.869171142578125,11.802767753601074,250135
1993-12-31,31.869171142578125,32.04427719116211,31.635698318481445,31.635698318481445,11.716300010681152,475642
1994-01-03,31.694067001342773,32.04427719116211,31.635698318481445,31.7524356842041,11.759532928466797,552096
1994-01-04,31.518962860107422,32.56959533691406,31.518962860107422,32.511226654052734,12.040556907653809,1312995
1994-01-05,33.15327835083008,33.85369873046875,32.627960205078125,33.79533004760742,12.51612663269043,3155386
1994-01-06,34.14554214477539,34.14554214477539,33.15327835083008,33.38675308227539,12.3648042678833,1965531
1994-01-07,33.91206741333008,33.970436096191406,33.50349044799805,33.91206741333008,12.55935287475586,1751160
1994-01-10,33.6202278137207,34.43738555908203,33.6202278137207,34.3790168762207,12.732291221618652,1180861
1994-01-11,34.26227951049805,34.729225158691406,34.028804779052734,34.028804779052734,12.602592468261719,1232258
1994-01-12,34.08717346191406,34.14554214477539,33.270015716552734,33.736961364746094,12.494500160217285,1646437
1994-01-13,33.44512176513672,33.44512176513672,33.15327835083008,33.38675308227539,12.3648042678833,1097339
1994-01-14,33.678592681884766,33.85369873046875,33.32838439941406,33.6202278137207,12.451273918151855,916163
1994-01-17,33.56185531616211,33.970436096191406,33.50349044799805,33.85369873046875,12.537734985351562,779745
1994-01-18,33.970436096191406,34.96269989013672,33.970436096191406,34.729225158691406,12.861993789672852,1785854
1994-01-19,34.612491607666016,35.25454330444336,34.320648193359375,34.67085647583008,12.840371131896973,1220265
1994-01-20,34.55411911010742,34.729225158691406,34.26227951049805,34.43738555908203,12.753910064697266,863052
1994-01-21,34.55411911010742,34.84596252441406,34.3790168762207,34.729225158691406,12.861993789672852,2284196
1994-01-24,34.67085647583008,35.079437255859375,34.55411911010742,34.96269989013672,12.948453903198242,1955037
1994-01-25,34.96269989013672,34.96269989013672,34.729225158691406,34.787593841552734,12.88360595703125,975056
1994-01-26,34.67085647583008,34.67085647583008,34.20391082763672,34.55411911010742,12.797138214111328,858555
1994-01-27,34.43738555908203,35.1378059387207,34.26227951049805,34.96269989013672,12.948453903198242,1241467
1994-01-28,35.079437255859375,35.31291198730469,34.84596252441406,34.96269989013672,12.948453903198242,685516
1994-01-31,34.96269989013672,35.25454330444336,34.90433120727539,35.079437255859375,12.991683006286621,837139
1994-02-01,35.429649353027344,35.77985763549805,35.31291198730469,35.54638671875,13.164624214172363,1051938
1994-02-02,35.66312026977539,36.36354446411133,35.54638671875,35.95496368408203,13.315942764282227,1502738
1994-02-03,35.488014221191406,36.24680709838867,35.488014221191406,36.01333236694336,13.337557792663574,1162229
1994-02-04,35.95496368408203,36.01333236694336,35.25454330444336,35.371280670166016,13.099776268005371,1413221
1994-02-07,35.25454330444336,35.95496368408203,35.19617462158203,35.77985763549805,13.251091003417969,1265024
1994-02-08,35.838226318359375,35.838226318359375,35.371280670166016,35.488014221191406,13.143007278442383,1070356
1994-02-09,35.429649353027344,35.60475158691406,35.079437255859375,35.60475158691406,13.18624210357666,1469972
1994-02-10,35.66312026977539,35.8965950012207,35.54638671875,35.60475158691406,13.18624210357666,864123
1994-02-11,35.54638671875,35.72148895263672,35.429649353027344,35.72148895263672,13.229475975036621,1009535
1994-02-14,35.429649353027344,35.60475158691406,35.31291198730469,35.371280670166016,13.17209529876709,1280229
1994-02-15,35.25454330444336,35.488014221191406,35.19617462158203,35.25454330444336,13.128612518310547,1097554
1994-02-16,35.1378059387207,35.488014221191406,35.1378059387207,35.25454330444336,13.128612518310547,1080421
1994-02-17,35.25454330444336,35.31291198730469,34.612491607666016,34.787593841552734,12.954731941223145,1248106
1994-02-18,34.787593841552734,35.02106857299805,34.787593841552734,34.84596252441406,12.97646713256836,1326487
1994-02-22,34.787593841552734,34.96269989013672,34.787593841552734,34.787593841552734,12.954731941223145,598354
1994-02-23,34.84596252441406,34.96269989013672,34.787593841552734,34.90433120727539,12.998202323913574,594713
1994-02-24,34.84596252441406,34.90433120727539,34.14554214477539,34.20391082763672,12.737369537353516,1183645
1994-02-25,34.320648193359375,34.3790168762207,34.14554214477539,34.320648193359375,12.780839920043945,467290
1994-02-28,34.320648193359375,34.3790168762207,33.736961364746094,33.91206741333008,12.62868595123291,607349
1994-03-01,33.678592681884766,33.91206741333008,33.09490966796875,33.44512176513672,12.454795837402344,1295006
1994-03-02,32.74469757080078,33.38675308227539,32.68633270263672,33.32838439941406,12.411323547363281,1372103
1994-03-03,33.32838439941406,33.970436096191406,33.211647033691406,33.79533004760742,12.585209846496582,1061147
1994-03-04,33.678592681884766,33.79533004760742,33.270015716552734,33.56185531616211,12.498268127441406,552525
1994-03-07,33.678592681884766,33.970436096191406,33.6202278137207,33.79533004760742,12.585209846496582,385482
1994-03-08,33.85369873046875,34.67085647583008,33.79533004760742,34.67085647583008,12.911256790161133,1201205
1994-03-09,34.3790168762207,34.49575424194336,33.03654098510742,33.38675308227539,12.433063507080078,1747948
1994-03-10,32.919803619384766,33.09490966796875,32.161014556884766,32.452857971191406,12.085281372070312,2013288
1994-03-11,32.39448928833008,32.74469757080078,32.27775192260742,32.627960205078125,12.150491714477539,1068428
1994-03-14,32.978172302246094,32.978172302246094,32.511226654052734,32.56959533691406,12.128756523132324,1014889
1994-03-15,32.452857971191406,32.56959533691406,31.98590850830078,32.27775192260742,12.020075798034668,1128178
1994-03-16,32.219383239746094,32.33612060546875,31.869171142578125,31.869171142578125,11.86792278289795,1451555
1994-03-17,31.98590850830078,32.39448928833008,31.98590850830078,32.27775192260742,12.020075798034668,792166
1994-03-18,32.219383239746094,32.919803619384766,32.04427719116211,32.80306625366211,12.215700149536133,2500709
1994-03-21,32.68633270263672,32.68633270263672,31.869171142578125,32.04427719116211,11.93313217163086,1023027
1994-03-22,32.161014556884766,32.39448928833008,31.98590850830078,32.27775192260742,12.020075798034668,1042515
1994-03-23,32.33612060546875,33.38675308227539,32.219383239746094,32.86143493652344,12.237443923950195,1592042
1994-03-24,32.68633270263672,32.74469757080078,32.219383239746094,32.452857971191406,12.085281372070312,844634
1994-03-25,32.511226654052734,32.56959533691406,31.927541732788086,31.927541732788086,11.88966178894043,844634
1994-03-28,32.04427719116211,32.27775192260742,31.869171142578125,32.161014556884766,11.976604461669922,1222193
1994-03-29,32.161014556884766,32.27775192260742,31.98590850830078,31.98590850830078,11.911399841308594,953426
1994-03-30,32.10264587402344,32.39448928833008,31.98590850830078,31.98590850830078,11.911399841308594,1523511
1994-03-31,31.98590850830078,32.04427719116211,31.343856811523438,31.694067001342773,11.802716255187988,1676634
1994-04-04,31.168750762939453,31.402225494384766,30.70180320739746,30.818540573120117,11.47668170928955,684659
1994-04-05,31.28548812866211,31.402225494384766,31.110382080078125,31.28548812866211,11.650564193725586,715926
1994-04-06,31.28548812866211,31.518962860107422,31.052013397216797,31.343856811523438,11.672298431396484,1020029
1994-04-07,31.343856811523438,31.343856811523438,30.585067749023438,30.876909255981445,11.498411178588867,1669995
1994-04-08,30.818540573120117,30.935277938842773,30.293224334716797,30.643434524536133,11.41146183013916,2468371
1994-04-11,30.585067749023438,30.935277938842773,30.526697158813477,30.76017189025879,11.454939842224121,1036519
1994-04-12,30.818540573120117,31.110382080078125,30.409961700439453,30.643434524536133,11.41146183013916,1127107
1994-04-13,30.643434524536133,30.70180320739746,30.176488876342773,30.46833038330078,11.3462553024292,1165013
1994-04-14,30.351593017578125,30.818540573120117,30.293224334716797,30.293224334716797,11.281051635742188,1131819
1994-04-15,30.23485565185547,30.409961700439453,29.884645462036133,30.059751510620117,11.194103240966797,1100552
1994-04-18,30.059751510620117,30.23485565185547,29.65117073059082,30.23485565185547,11.259308815002441,811868
1994-04-19,29.94301414489746,30.059751510620117,28.95075035095215,29.359329223632812,10.933269500732422,962421
1994-04-20,29.242591857910156,29.592802047729492,28.717275619506836,28.834012985229492,10.737640380859375,1595040
1994-04-21,29.359329223632812,29.359329223632812,28.65890884399414,28.95075035095215,10.781115531921387,1515802
1994-04-22,28.95075035095215,28.95075035095215,28.308696746826172,28.483802795410156,10.607230186462402,1444273
1994-04-25,28.65890884399414,29.41769790649414,28.483802795410156,29.242591857910156,10.889798164367676,1269522
1994-04-26,29.47606658935547,29.826276779174805,29.300960540771484,29.826276779174805,11.107154846191406,857056
1994-04-28,29.826276779174805,30.118118286132812,29.70953941345215,30.00138282775879,11.172365188598633,1409152
1994-04-29,29.884645462036133,30.585067749023438,29.884645462036133,30.46833038330078,11.3462553024292,859411
1994-05-02,30.526697158813477,30.526697158813477,30.23485565185547,30.409961700439453,11.324520111083984,781458
1994-05-03,30.409961700439453,30.526697158813477,30.118118286132812,30.409961700439453,11.324520111083984,1046156
1994-05-04,30.46833038330078,30.46833038330078,30.118118286132812,30.23485565185547,11.259308815002441,587646
1994-05-05,30.409961700439453,30.585067749023438,30.059751510620117,30.176488876342773,11.237579345703125,701364
1994-05-06,29.359329223632812,29.767908096313477,29.359329223632812,29.359329223632812,10.933269500732422,613559
1994-05-09,29.41769790649414,29.70953941345215,29.184223175048828,29.41769790649414,10.955001831054688,640757
1994-05-10,29.767908096313477,29.94301414489746,29.65117073059082,29.826276779174805,11.107154846191406,782957
1994-05-11,30.00138282775879,30.00138282775879,29.65117073059082,29.70953941345215,11.063689231872559,558735
1994-05-12,29.94301414489746,30.00138282775879,29.41769790649414,29.534435272216797,10.998477935791016,1076995
1994-05-13,29.826276779174805,29.884645462036133,29.47606658935547,29.767908096313477,11.085421562194824,574369
1994-05-16,29.65117073059082,29.884645462036133,29.41769790649414,29.826276779174805,11.180816650390625,450372
1994-05-17,29.94301414489746,30.76017189025879,29.94301414489746,30.70180320739746,11.509025573730469,1047013
1994-05-18,30.935277938842773,31.22711944580078,30.818540573120117,31.052013397216797,11.640307426452637,1171866
1994-05-19,31.052013397216797,31.98590850830078,31.052013397216797,31.927541732788086,11.968511581420898,1737240
1994-05-20,31.98590850830078,32.39448928833008,31.635698318481445,32.10264587402344,12.034153938293457,2405195
1994-05-23,32.219383239746094,32.511226654052734,31.81080436706543,32.04427719116211,12.012269973754883,877615
1994-05-24,32.161014556884766,32.39448928833008,32.10264587402344,32.39448928833008,12.143547058105469,866907
1994-05-25,32.452857971191406,32.74469757080078,32.161014556884766,32.68633270263672,12.252960205078125,930511
1994-05-26,32.33612060546875,32.627960205078125,32.219383239746094,32.219383239746094,12.077909469604492,768180
1994-05-27,32.219383239746094,32.511226654052734,32.219383239746094,32.27775192260742,12.0997896194458,241569
1994-05-31,32.33612060546875,32.33612060546875,32.161014556884766,32.33612060546875,12.121672630310059,392978
1994-06-01,32.33612060546875,33.211647033691406,32.21208572387695,33.15327835083008,12.427998542785645,692155
1994-06-02,33.15327835083008,33.15327835083008,32.80306625366211,32.919803619384766,12.340470314025879,642685
1994-06-03,32.80306625366211,33.270015716552734,32.68633270263672,32.919803619384766,12.340470314025879,563875
1994-06-06,32.978172302246094,33.15327835083008,32.68633270263672,32.74469757080078,12.274833679199219,529610
1994-06-07,32.511226654052734,32.627960205078125,32.10264587402344,32.27775192260742,12.0997896194458,771607
1994-06-08,32.27775192260742,32.511226654052734,32.219383239746094,32.511226654052734,12.187315940856934,785955
1994-06-09,32.511226654052734,32.86143493652344,32.33612060546875,32.33612060546875,12.121672630310059,601781
1994-06-10,32.452857971191406,32.74469757080078,32.39448928833008,32.74469757080078,12.274833679199219,305388
1994-06-13,32.74469757080078,33.44512176513672,32.68633270263672,33.38675308227539,12.515514373779297,661745
1994-06-14,33.38675308227539,34.028804779052734,33.38675308227539,33.56185531616211,12.581158638000488,1125394
1994-06-15,33.56185531616211,33.736961364746094,33.44512176513672,33.678592681884766,12.624919891357422,618699
1994-06-16,33.56185531616211,33.79533004760742,33.50349044799805,33.6202278137207,12.603042602539062,707146
1994-06-17,33.38675308227539,33.44512176513672,33.03654098510742,33.03654098510742,12.384232521057129,2800100
1994-06-20,32.452857971191406,32.919803619384766,32.452857971191406,32.86143493652344,12.31860065460205,683803
1994-06-21,32.86143493652344,32.86143493652344,32.27775192260742,32.627960205078125,12.231072425842285,422317
1994-06-22,32.627960205078125,32.68633270263672,32.39448928833008,32.511226654052734,12.187315940856934,436666
1994-06-23,32.452857971191406,32.627960205078125,32.04427719116211,32.219383239746094,12.077909469604492,652964
1994-06-24,32.04427719116211,32.219383239746094,31.46059226989746,31.577329635620117,11.837224006652832,603708
1994-06-27,31.46059226989746,31.98590850830078,31.343856811523438,31.869171142578125,11.946630477905273,529396
1994-06-28,31.7524356842041,31.869171142578125,31.168750762939453,31.577329635620117,11.837224006652832,499628
1994-06-29,31.694067001342773,31.869171142578125,31.168750762939453,31.28548812866211,11.727827072143555,301319
1994-06-30,31.28548812866211,31.28548812866211,30.76017189025879,30.935277938842773,11.596548080444336,570300
1994-07-01,31.052013397216797,31.635698318481445,30.9936466217041,31.635698318481445,11.859113693237305,452727
1994-07-05,31.635698318481445,31.927541732788086,31.28548812866211,31.28548812866211,11.727827072143555,415250
1994-07-06,31.402225494384766,32.219383239746094,31.28548812866211,32.10264587402344,12.034153938293457,599639
1994-07-07,32.10264587402344,32.33612060546875,32.10264587402344,32.161014556884766,12.05603313446045,528753
1994-07-08,32.219383239746094,32.511226654052734,31.927541732788086,32.511226654052734,12.187315940856934,503697
1994-07-11,32.56959533691406,32.86143493652344,32.10264587402344,32.56959533691406,12.209196090698242,594071
1994-07-12,32.80306625366211,32.919803619384766,32.33612060546875,32.74469757080078,12.274833679199219,792594
1994-07-13,32.80306625366211,33.44512176513672,32.74469757080078,33.32838439941406,12.493635177612305,942290
1994-07-14,33.6202278137207,33.79533004760742,33.50349044799805,33.736961364746094,12.64680004119873,1220480
1994-07-15,33.678592681884766,34.320648193359375,33.6202278137207,34.028804779052734,12.75620174407959,2380995
1994-07-18,34.028804779052734,34.14554214477539,33.736961364746094,33.85369873046875,12.690564155578613,957067
1994-07-19,33.91206741333008,33.970436096191406,33.38675308227539,33.56185531616211,12.581158638000488,959422
1994-07-20,33.91206741333008,33.91206741333008,33.50349044799805,33.56185531616211,12.581158638000488,710144
1994-07-21,33.56185531616211,34.08717346191406,33.56185531616211,33.85369873046875,12.690564155578613,1048512
1994-07-22,33.736961364746094,34.08717346191406,33.678592681884766,34.08717346191406,12.77807903289795,378415
1994-07-25,34.14554214477539,34.3790168762207,34.028804779052734,34.028804779052734,12.75620174407959,468361
1994-07-26,34.028804779052734,34.14554214477539,33.79533004760742,33.91206741333008,12.71243953704834,483566
1994-07-27,33.91206741333008,33.91206741333008,33.15327835083008,33.15327835083008,12.427998542785645,1296934
1994-07-28,33.270015716552734,33.56185531616211,33.15327835083008,33.211647033691406,12.449875831604004,718710
1994-07-29,33.270015716552734,34.028804779052734,33.211647033691406,34.028804779052734,12.75620174407959,1634659
1994-08-01,33.91206741333008,34.49575424194336,33.736961364746094,34.49575424194336,12.931235313415527,1137387
1994-08-02,34.96269989013672,35.371280670166016,34.90433120727539,35.1378059387207,13.17192554473877,1900427
1994-08-03,35.1378059387207,35.838226318359375,35.1378059387207,35.54638671875,13.325087547302246,1849244
1994-08-04,35.54638671875,35.54638671875,34.96269989013672,35.02106857299805,13.128167152404785,1168654
1994-08-05,34.612491607666016,34.787593841552734,34.612491607666016,34.729225158691406,13.018763542175293,613773
1994-08-08,34.84596252441406,35.25454330444336,34.729225158691406,35.25454330444336,13.215681076049805,432383
1994-08-09,35.25454330444336,35.371280670166016,35.079437255859375,35.25454330444336,13.215681076049805,1042729
1994-08-10,35.079437255859375,35.31291198730469,35.02106857299805,35.02106857299805,13.128167152404785,460865
1994-08-11,35.02106857299805,35.19617462158203,34.49575424194336,34.612491607666016,12.97499942779541,706932
1994-08-12,34.55411911010742,34.612491607666016,33.970436096191406,34.20391082763672,12.8218412399292,1333983
1994-08-15,34.08717346191406,34.08717346191406,33.56185531616211,33.6202278137207,12.67572021484375,742053
1994-08-16,33.736961364746094,34.26227951049805,33.678592681884766,34.14554214477539,12.87376880645752,1086203
1994-08-17,34.14554214477539,34.14554214477539,33.50349044799805,33.56185531616211,12.653704643249512,739698
1994-08-18,33.56185531616211,33.79533004760742,33.32838439941406,33.32838439941406,12.565690040588379,754046
1994-08-19,33.38675308227539,33.56185531616211,33.211647033691406,33.44512176513672,12.609699249267578,1323061
1994-08-22,33.56185531616211,33.56185531616211,33.09490966796875,33.15327835083008,12.499663352966309,546314
1994-08-23,33.211647033691406,33.678592681884766,33.211647033691406,33.32838439941406,12.565690040588379,806086
1994-08-24,33.44512176513672,35.1378059387207,33.38675308227539,34.96269989013672,13.181861877441406,1369747
1994-08-25,34.90433120727539,34.96269989013672,34.14554214477539,34.26227951049805,12.917793273925781,1397587
1994-08-26,34.43738555908203,34.90433120727539,34.43738555908203,34.55411911010742,13.027815818786621,1296934
1994-08-29,34.90433120727539,35.371280670166016,34.787593841552734,34.84596252441406,13.13785457611084,1525225
1994-08-30,34.96269989013672,35.77985763549805,34.729225158691406,35.77985763549805,13.48995590209961,1458408
1994-08-31,35.72148895263672,36.36354446411133,35.429649353027344,36.01333236694336,13.577987670898438,1961676
1994-09-01,35.8965950012207,35.95496368408203,35.54638671875,35.66312026977539,13.445947647094727,853201
1994-09-02,35.77985763549805,35.838226318359375,35.19617462158203,35.31291198730469,13.3139066696167,461080
1994-09-06,35.19617462158203,35.429649353027344,34.729225158691406,35.02106857299805,13.203871726989746,424030
1994-09-07,35.079437255859375,35.1378059387207,34.84596252441406,34.96269989013672,13.181861877441406,893248
1994-09-08,34.90433120727539,35.429649353027344,34.90433120727539,35.19617462158203,13.269895553588867,1005466
1994-09-09,35.1378059387207,35.1378059387207,34.67085647583008,34.787593841552734,13.1158447265625,718282
1994-09-12,34.787593841552734,34.90433120727539,34.028804779052734,34.028804779052734,12.829769134521484,935651
1994-09-13,34.08717346191406,35.02106857299805,34.08717346191406,34.787593841552734,13.1158447265625,1016602
1994-09-14,34.729225158691406,35.19617462158203,34.43738555908203,35.079437255859375,13.225882530212402,901814
1994-09-15,35.19617462158203,35.60475158691406,35.19617462158203,35.54638671875,13.401934623718262,1539359
1994-09-16,35.429649353027344,35.8965950012207,35.25454330444336,35.77985763549805,13.48995590209961,2372857
1994-09-19,35.77985763549805,36.53864669799805,35.77985763549805,36.53864669799805,13.776047706604004,2557889
1994-09-20,36.42190933227539,36.42190933227539,36.130069732666016,36.188438415527344,13.643998146057129,1297576
1994-09-21,36.07170104980469,36.130069732666016,35.66312026977539,36.07170104980469,13.59998893737793,2666038
1994-09-22,36.01333236694336,36.24680709838867,35.77985763549805,35.95496368408203,13.555976867675781,1609817
1994-09-23,36.01333236694336,36.83049011230469,35.95496368408203,36.53864669799805,13.776047706604004,2649976
1994-09-26,36.53864669799805,36.77212142944336,36.07170104980469,36.24680709838867,13.666009902954102,2335166
1994-09-27,36.30517578125,37.180702209472656,36.188438415527344,36.888858795166016,13.908082962036133,2126149
1994-09-28,37.180702209472656,37.53091049194336,37.12233352661133,37.12233352661133,13.996103286743164,2325100
1994-09-29,37.06396484375,37.06396484375,36.597015380859375,36.888858795166016,13.908082962036133,2073894
1994-09-30,36.947227478027344,37.29743957519531,36.53864669799805,36.6553840637207,13.820049285888672,995187
1994-10-03,36.53864669799805,37.00559616088867,36.42190933227539,36.947227478027344,13.930081367492676,1141242
1994-10-04,36.597015380859375,36.947227478027344,36.24680709838867,36.36354446411133,13.710018157958984,900529
1994-10-05,36.36354446411133,36.36354446411133,35.1378059387207,36.188438415527344,13.643998146057129,2404124
1994-10-06,36.01333236694336,36.130069732666016,35.371280670166016,35.66312026977539,13.445947647094727,1427783
1994-10-07,35.19617462158203,35.54638671875,34.90433120727539,35.31291198730469,13.3139066696167,1954395
1994-10-10,35.60475158691406,36.42190933227539,35.60475158691406,36.36354446411133,13.710018157958984,1762725
1994-10-11,36.36354446411133,36.77212142944336,35.77985763549805,36.188438415527344,13.643998146057129,2186541
1994-10-12,36.07170104980469,36.07170104980469,35.66312026977539,35.838226318359375,13.511958122253418,1273376
1994-10-13,36.130069732666016,36.888858795166016,36.130069732666016,36.30517578125,13.688018798828125,1788209
1994-10-14,36.42190933227539,36.6553840637207,36.188438415527344,36.53864669799805,13.776047706604004,982980
1994-10-17,36.42190933227539,37.58927917480469,36.36354446411133,37.180702209472656,14.018110275268555,1537003
1994-10-18,37.239070892333984,37.29743957519531,37.00559616088867,37.29743957519531,14.062125205993652,694939
1994-10-19,37.00559616088867,37.180702209472656,36.77212142944336,37.00559616088867,13.952093124389648,1890362
1994-10-20,37.00559616088867,37.06396484375,36.597015380859375,36.83049011230469,13.886066436767578,942504
1994-10-21,36.77212142944336,37.239070892333984,36.6553840637207,36.83049011230469,13.886066436767578,1970028
1994-10-24,36.83049011230469,37.06396484375,35.8965950012207,35.8965950012207,13.53396987915039,1013176
1994-10-25,35.838226318359375,35.95496368408203,34.84596252441406,35.1378059387207,13.247888565063477,2896685
1994-10-26,35.488014221191406,35.488014221191406,34.55411911010742,34.729225158691406,13.093841552734375,1667425
1994-10-27,34.84596252441406,35.25454330444336,34.729225158691406,35.19617462158203,13.269895553588867,1078494
1994-10-28,35.19617462158203,35.8965950012207,35.02106857299805,35.77985763549805,13.48995590209961,997328
1994-10-31,35.77985763549805,35.77985763549805,34.787593841552734,34.787593841552734,13.1158447265625,1393947
1994-11-01,34.67085647583008,34.96269989013672,33.91206741333008,34.26227951049805,12.917793273925781,1786496
1994-11-02,34.08717346191406,34.612491607666016,33.736961364746094,34.08717346191406,12.85176944732666,1819048
1994-11-03,34.08717346191406,34.43738555908203,34.028804779052734,34.26227951049805,12.917793273925781,716569
1994-11-04,34.49575424194336,34.67085647583008,33.44512176513672,33.44512176513672,12.609699249267578,1383025
1994-11-07,33.6202278137207,33.79533004760742,33.44512176513672,33.6202278137207,12.67572021484375,1002896
1994-11-08,33.79533004760742,34.14554214477539,33.38675308227539,33.91206741333008,12.785747528076172,1407867
1994-11-09,34.26227951049805,34.43738555908203,33.736961364746094,33.91206741333008,12.785747528076172,1922271
1994-11-10,34.08717346191406,34.320648193359375,33.970436096191406,34.08717346191406,12.85176944732666,955996
1994-11-11,34.20391082763672,34.320648193359375,33.85369873046875,33.970436096191406,12.80774974822998,823647
1994-11-14,33.736961364746094,34.14554214477539,33.678592681884766,33.678592681884766,12.771458625793457,814224
1994-11-15,33.6202278137207,33.91206741333008,32.627960205078125,33.270015716552734,12.616518020629883,1868090
1994-11-16,33.38675308227539,33.50349044799805,32.919803619384766,33.15327835083008,12.572248458862305,1402299
1994-11-17,33.03654098510742,33.270015716552734,32.33612060546875,32.80306625366211,12.439445495605469,2072824
1994-11-18,32.86143493652344,33.6202278137207,32.627960205078125,33.56185531616211,12.727187156677246,3263321
1994-11-21,33.79533004760742,34.028804779052734,32.978172302246094,33.15327835083008,12.572248458862305,647824
1994-11-22,33.03654098510742,33.270015716552734,31.81080436706543,31.81080436706543,12.063157081604004,847847
1994-11-23,31.927541732788086,32.452857971191406,31.694067001342773,31.927541732788086,12.107428550720215,1319848
1994-11-25,31.98590850830078,32.511226654052734,31.98590850830078,32.511226654052734,12.328765869140625,262985
1994-11-28,32.452857971191406,32.978172302246094,32.33612060546875,32.919803619384766,12.483708381652832,734558
1994-11-29,32.919803619384766,32.978172302246094,32.56959533691406,32.978172302246094,12.505845069885254,640329
1994-11-30,33.79533004760742,33.79533004760742,33.32838439941406,33.38675308227539,12.660787582397461,882326
1994-12-01,33.44512176513672,33.6202278137207,32.39448928833008,32.74469757080078,12.417312622070312,828573
1994-12-02,32.80306625366211,33.15327835083008,32.74469757080078,33.09490966796875,12.550111770629883,513120
1994-12-05,33.15327835083008,33.50349044799805,32.978172302246094,33.44512176513672,12.682917594909668,546528
1994-12-06,33.38675308227539,33.678592681884766,33.270015716552734,33.678592681884766,12.771458625793457,302818
1994-12-07,33.38675308227539,34.028804779052734,33.38675308227539,33.85369873046875,12.837860107421875,657461
1994-12-08,33.736961364746094,33.970436096191406,33.15327835083008,33.211647033691406,12.59438705444336,479925
1994-12-09,33.15327835083008,33.6202278137207,32.68633270263672,33.6202278137207,12.749320030212402,793237
1994-12-12,33.50349044799805,34.26227951049805,33.38675308227539,34.08717346191406,12.92639446258545,839923
1994-12-13,34.028804779052734,34.14554214477539,33.736961364746094,33.736961364746094,12.79359245300293,833498
1994-12-14,33.736961364746094,34.08717346191406,33.736961364746094,33.85369873046875,12.837860107421875,909096
1994-12-15,34.028804779052734,34.90433120727539,33.970436096191406,34.90433120727539,13.23628044128418,1463976
1994-12-16,35.02106857299805,35.429649353027344,34.612491607666016,35.429649353027344,13.435478210449219,2390847
1994-12-19,35.31291198730469,35.60475158691406,35.25454330444336,35.60475158691406,13.501886367797852,971201
1994-12-20,35.54638671875,35.72148895263672,35.1378059387207,35.1378059387207,13.324813842773438,751048
1994-12-21,35.19617462158203,35.72148895263672,35.19617462158203,35.72148895263672,13.546157836914062,937364
1994-12-22,35.72148895263672,36.01333236694336,35.25454330444336,35.25454330444336,13.3690767288208,393834
1994-12-23,35.371280670166016,35.95496368408203,35.371280670166016,35.77985763549805,13.56828784942627,272407
1994-12-27,35.77985763549805,35.8965950012207,35.488014221191406,35.54638671875,13.479757308959961,328731
1994-12-28,35.60475158691406,35.60475158691406,34.84596252441406,34.84596252441406,13.214137077331543,436880
1994-12-29,34.84596252441406,34.96269989013672,34.55411911010742,34.84596252441406,13.214137077331543,485065
1994-12-30,34.96269989013672,35.25454330444336,34.90433120727539,35.19617462158203,13.34694766998291,366208
1995-01-03,35.1378059387207,35.19617462158203,34.729225158691406,35.079437255859375,13.302677154541016,746336
1995-01-04,35.19617462158203,35.25454330444336,34.84596252441406,35.19617462158203,13.34694766998291,444590
1995-01-05,35.02106857299805,35.60475158691406,34.96269989013672,35.19617462158203,13.34694766998291,613345
1995-01-06,35.1378059387207,36.30517578125,35.1378059387207,35.95496368408203,13.634693145751953,1328415
1995-01-09,35.8965950012207,36.71375274658203,35.77985763549805,36.30517578125,13.767500877380371,1483250
1995-01-10,37.00559616088867,37.00559616088867,35.838226318359375,35.838226318359375,13.590424537658691,1600394
1995-01-11,36.42190933227539,36.53864669799805,36.01333236694336,36.130069732666016,13.701102256774902,2329169
1995-01-12,36.130069732666016,36.53864669799805,36.07170104980469,36.53864669799805,13.856040000915527,1061789
1995-01-13,36.947227478027344,37.239070892333984,36.77212142944336,37.00559616088867,14.033110618591309,1227547
1995-01-16,37.239070892333984,37.239070892333984,36.71375274658203,37.06396484375,14.055235862731934,772249
1995-01-17,36.83049011230469,36.947227478027344,36.83049011230469,36.947227478027344,14.010977745056152,639901
1995-01-18,36.888858795166016,37.00559616088867,36.36354446411133,36.6553840637207,13.900297164916992,1009963
1995-01-19,36.6553840637207,36.77212142944336,35.95496368408203,36.24680709838867,13.74537181854248,972914
1995-01-20,35.95496368408203,36.188438415527344,35.488014221191406,35.838226318359375,13.590424537658691,2515700
1995-01-23,35.60475158691406,35.77985763549805,35.079437255859375,35.31291198730469,13.39122200012207,1169724
1995-01-24,35.429649353027344,35.60475158691406,35.19617462158203,35.19617462158203,13.34694766998291,719567
1995-01-25,35.19617462158203,35.66312026977539,35.02106857299805,35.60475158691406,13.501886367797852,585719
1995-01-26,35.429649353027344,35.8965950012207,35.19617462158203,35.25454330444336,13.3690767288208,766681
1995-01-27,35.25454330444336,35.25454330444336,34.20391082763672,34.20391082763672,12.970666885375977,1756300
1995-01-30,34.08717346191406,34.08717346191406,32.80306625366211,33.09490966796875,12.550111770629883,2654688
1995-01-31,33.09490966796875,33.38675308227539,32.80306625366211,33.211647033691406,12.59438705444336,1714325
1995-02-01,33.270015716552734,33.91206741333008,33.270015716552734,33.79533004760742,12.815723419189453,1731244
1995-02-02,33.970436096191406,34.320648193359375,33.970436096191406,34.26227951049805,12.992799758911133,770108
1995-02-03,34.26227951049805,34.787593841552734,34.028804779052734,34.67085647583008,13.147738456726074,1260741
1995-02-06,34.55411911010742,34.612491607666016,34.20391082763672,34.55411911010742,13.103466033935547,1047655
1995-02-07,34.55411911010742,34.787593841552734,34.43738555908203,34.67085647583008,13.147738456726074,896460
1995-02-08,34.729225158691406,34.84596252441406,34.612491607666016,34.729225158691406,13.16987133026123,1224763
1995-02-09,34.729225158691406,34.96269989013672,34.43738555908203,34.96269989013672,13.258405685424805,1354328
1995-02-10,34.96269989013672,35.1378059387207,34.90433120727539,34.96269989013672,13.258405685424805,1016388
1995-02-13,35.02106857299805,35.95496368408203,34.90433120727539,35.95496368408203,13.634693145751953,839066
1995-02-14,36.01333236694336,36.07170104980469,35.488014221191406,35.838226318359375,13.590424537658691,1488176
1995-02-15,35.95496368408203,36.83049011230469,35.77985763549805,36.36354446411133,13.789634704589844,1241681
1995-02-16,36.42190933227539,36.42190933227539,35.77985763549805,36.01333236694336,13.656826972961426,1092200
1995-02-17,35.838226318359375,36.188438415527344,35.371280670166016,35.371280670166016,13.48678970336914,2766263
1995-02-21,35.488014221191406,35.838226318359375,35.429649353027344,35.77985763549805,13.642583847045898,500270
1995-02-22,35.72148895263672,36.30517578125,35.66312026977539,36.07170104980469,13.753863334655762,1067786
1995-02-23,36.30517578125,36.6553840637207,36.24680709838867,36.42190933227539,13.887388229370117,1153449
1995-02-24,36.6553840637207,36.77212142944336,35.838226318359375,36.188438415527344,13.798359870910645,1114686
1995-02-27,36.07170104980469,36.480281829833984,35.77985763549805,35.8965950012207,13.687093734741211,1035020
1995-02-28,35.838226318359375,35.8965950012207,35.60475158691406,35.66312026977539,13.598066329956055,792808
1995-03-01,35.60475158691406,35.95496368408203,34.84596252441406,35.1378059387207,13.39777660369873,1209986
1995-03-02,34.729225158691406,34.84596252441406,34.08717346191406,34.14554214477539,13.019428253173828,1393732
1995-03-03,33.736961364746094,34.55411911010742,33.736961364746094,34.320648193359375,13.086196899414062,1096483
1995-03-06,34.08717346191406,34.20391082763672,33.678592681884766,33.970436096191406,12.952668190002441,990261
1995-03-07,33.970436096191406,34.14554214477539,33.38675308227539,33.44512176513672,12.752359390258789,958138
1995-03-08,33.6202278137207,33.85369873046875,33.211647033691406,33.50349044799805,12.774617195129395,1767436
1995-03-09,33.56185531616211,33.970436096191406,33.56185531616211,33.6202278137207,12.81912899017334,1289224
1995-03-10,33.970436096191406,34.320648193359375,33.79533004760742,34.08717346191406,12.997178077697754,1254745
1995-03-13,34.20391082763672,34.26227951049805,33.736961364746094,33.91206741333008,12.930408477783203,759614
1995-03-14,33.79533004760742,33.91206741333008,33.44512176513672,33.85369873046875,12.90815258026123,958566
1995-03-15,33.91206741333008,34.26227951049805,33.678592681884766,33.85369873046875,12.90815258026123,926442
1995-03-16,33.736961364746094,33.79533004760742,33.03654098510742,33.15327835083008,12.641082763671875,1714325
1995-03-17,33.32838439941406,33.678592681884766,33.09490966796875,33.56185531616211,12.796867370605469,2980206
1995-03-20,33.678592681884766,33.85369873046875,33.44512176513672,33.50349044799805,12.774617195129395,849560
1995-03-21,33.6202278137207,34.028804779052734,33.50349044799805,33.6202278137207,12.81912899017334,1275946
1995-03-22,33.56185531616211,34.26227951049805,33.56185531616211,34.14554214477539,13.019428253173828,791952
1995-03-23,34.14554214477539,34.67085647583008,34.14554214477539,34.20391082763672,13.041688919067383,796877
1995-03-24,34.43738555908203,34.787593841552734,34.26227951049805,34.3790168762207,13.108452796936035,923872
1995-03-27,34.3790168762207,34.43738555908203,34.028804779052734,34.320648193359375,13.086196899414062,973343
1995-03-28,34.320648193359375,34.96269989013672,34.320648193359375,34.84596252441406,13.286494255065918,1330985
1995-03-29,34.787593841552734,35.079437255859375,34.67085647583008,34.84596252441406,13.286494255065918,1023027
1995-03-30,35.079437255859375,35.54638671875,34.84596252441406,35.079437255859375,13.375517845153809,2414618
1995-03-31,35.02106857299805,35.19617462158203,34.49575424194336,35.02106857299805,13.353259086608887,1645367
1995-04-03,35.1378059387207,35.25454330444336,34.787593841552734,34.96269989013672,13.33100700378418,878043
1995-04-04,35.31291198730469,35.838226318359375,35.1378059387207,35.429649353027344,13.50904655456543,2317819
1995-04-05,35.429649353027344,35.429649353027344,35.19617462158203,35.371280670166016,13.48678970336914,1564201
1995-04-06,35.371280670166016,35.371280670166016,35.1378059387207,35.25454330444336,13.442285537719727,898816
1995-04-07,35.19617462158203,35.488014221191406,35.19617462158203,35.371280670166016,13.48678970336914,725777
1995-04-10,35.488014221191406,35.95496368408203,35.488014221191406,35.54638671875,13.553558349609375,840137
1995-04-11,35.72148895263672,36.07170104980469,35.19617462158203,35.371280670166016,13.48678970336914,1155376
1995-04-12,35.54638671875,35.66312026977539,35.19617462158203,35.19617462158203,13.420031547546387,1519014
1995-04-13,35.488014221191406,35.54638671875,34.96269989013672,35.1378059387207,13.39777660369873,717854
1995-04-17,35.19617462158203,35.19617462158203,34.14554214477539,34.14554214477539,13.019428253173828,2089956
1995-04-18,34.028804779052734,34.08717346191406,33.56185531616211,33.6202278137207,12.81912899017334,2366433
1995-04-19,33.85369873046875,34.49575424194336,33.56185531616211,34.49575424194336,13.152958869934082,1241467
1995-04-20,34.612491607666016,34.612491607666016,34.320648193359375,34.320648193359375,13.086196899414062,779317
1995-04-21,34.49575424194336,34.90433120727539,34.3790168762207,34.55411911010742,13.175217628479004,1210628
1995-04-24,34.55411911010742,35.1378059387207,34.320648193359375,34.96269989013672,13.33100700378418,2135143
1995-04-25,35.079437255859375,35.31291198730469,34.84596252441406,35.1378059387207,13.39777660369873,882540
1995-04-26,35.02106857299805,35.02106857299805,34.729225158691406,34.90433120727539,13.308743476867676,434096
1995-04-27,34.84596252441406,35.1378059387207,34.67085647583008,35.1378059387207,13.39777660369873,689585
1995-04-28,35.1378059387207,35.95496368408203,34.90433120727539,35.95496368408203,13.709342002868652,1209129
1995-05-01,35.8965950012207,36.30517578125,35.838226318359375,36.24680709838867,13.820632934570312,1672565
1995-05-02,36.36354446411133,36.71375274658203,36.30517578125,36.71375274658203,13.998674392700195,1226262
1995-05-03,36.597015380859375,36.83049011230469,36.24680709838867,36.6553840637207,13.97641658782959,1217910
1995-05-04,36.71375274658203,37.12233352661133,36.480281829833984,36.83049011230469,14.04317855834961,2105161
1995-05-05,36.83049011230469,36.83049011230469,35.371280670166016,35.66312026977539,13.598066329956055,1646437
1995-05-08,35.54638671875,36.71375274658203,35.54638671875,36.71375274658203,13.998674392700195,1190926
1995-05-09,36.83049011230469,36.888858795166016,36.30517578125,36.42190933227539,13.887388229370117,1348760
1995-05-10,36.36354446411133,36.480281829833984,35.838226318359375,36.24680709838867,13.820632934570312,608205
1995-05-11,36.36354446411133,36.947227478027344,36.188438415527344,36.83049011230469,14.04317855834961,996043
1995-05-12,36.597015380859375,38.289703369140625,36.53864669799805,38.17296600341797,14.555054664611816,2513773
1995-05-15,37.939491271972656,38.289703369140625,37.58927917480469,37.76438522338867,14.473633766174316,2385921
1995-05-16,37.76438522338867,37.939491271972656,37.53091049194336,37.706016540527344,14.451252937316895,1655646
1995-05-17,37.58927917480469,38.05622863769531,37.4141731262207,37.76438522338867,14.473633766174316,1123895
1995-05-18,37.647647857666016,37.647647857666016,36.947227478027344,36.947227478027344,14.160440444946289,1141884
1995-05-19,36.188438415527344,36.888858795166016,36.188438415527344,36.77212142944336,14.0933256149292,1891005
1995-05-22,36.77212142944336,37.706016540527344,36.71375274658203,37.706016540527344,14.451252937316895,1493744
1995-05-23,37.82275390625,37.939491271972656,37.35580825805664,37.939491271972656,14.540740013122559,963706
1995-05-24,37.939491271972656,38.17296600341797,37.12233352661133,37.4141731262207,14.33940601348877,1232687
1995-05-25,37.35580825805664,37.35580825805664,36.42190933227539,36.597015380859375,14.02622127532959,810583
1995-05-26,36.6553840637207,36.6553840637207,36.130069732666016,36.480281829833984,13.98148250579834,813368
1995-05-30,36.480281829833984,36.480281829833984,36.07170104980469,36.24680709838867,13.892000198364258,531109
1995-05-31,36.30517578125,36.71375274658203,36.188438415527344,36.71375274658203,14.070967674255371,658318
1995-06-01,36.71375274658203,37.12233352661133,36.53864669799805,36.888858795166016,14.138071060180664,974413
1995-06-02,36.30517578125,36.71375274658203,36.130069732666016,36.53864669799805,14.003853797912598,1317493
1995-06-05,36.42190933227539,36.83049011230469,36.42190933227539,36.6553840637207,14.048589706420898,726634
1995-06-06,36.6553840637207,36.947227478027344,36.53864669799805,36.83049011230469,14.115697860717773,1528437
1995-06-07,36.888858795166016,37.06396484375,36.83049011230469,37.00559616088867,14.182807922363281,1017459
1995-06-08,37.06396484375,37.47254180908203,37.00559616088867,37.29743957519531,14.294669151306152,728347
1995-06-09,37.180702209472656,37.35580825805664,36.947227478027344,37.00559616088867,14.182807922363281,770536
1995-06-12,36.947227478027344,37.00559616088867,36.6553840637207,36.77212142944336,14.0933256149292,528111
1995-06-13,36.83049011230469,37.939491271972656,36.597015380859375,37.76438522338867,14.473633766174316,945716
1995-06-14,37.82275390625,38.11459732055664,37.35580825805664,37.58927917480469,14.406519889831543,1021956
1995-06-15,37.58927917480469,37.58927917480469,36.83049011230469,37.06396484375,14.205181121826172,1274661
1995-06-16,37.06396484375,37.239070892333984,36.83049011230469,37.12233352661133,14.227554321289062,1141456
1995-06-19,37.180702209472656,37.4141731262207,36.83049011230469,36.947227478027344,14.160440444946289,817651
1995-06-20,37.06396484375,37.06396484375,36.480281829833984,36.888858795166016,14.138071060180664,1209558
1995-06-21,36.888858795166016,37.180702209472656,36.6553840637207,37.06396484375,14.205181121826172,944003
1995-06-22,37.180702209472656,38.756649017333984,37.12233352661133,38.63991165161133,14.809183120727539,2670321
1995-06-23,38.63991165161133,38.93175506591797,38.63991165161133,38.756649017333984,14.853930473327637,1115543
1995-06-26,38.63991165161133,38.81501770019531,38.52317428588867,38.52317428588867,14.764446258544922,767966
1995-06-27,38.52317428588867,38.58154296875,37.76438522338867,37.82275390625,14.496000289916992,642685
1995-06-28,37.58927917480469,38.34806823730469,37.58927917480469,38.2313346862793,14.652589797973633,800518
1995-06-29,38.2313346862793,38.9901237487793,38.2313346862793,38.87338638305664,14.898669242858887,745266
1995-06-30,38.698280334472656,40.04075622558594,38.698280334472656,40.04075622558594,15.346068382263184,1862522
1995-07-03,40.04075622558594,40.5077018737793,39.98238754272461,40.5077018737793,15.525035858154297,976127
1995-07-05,40.39096450805664,41.324859619140625,40.39096450805664,41.20812225341797,15.793478965759277,2370930
1995-07-06,41.149757385253906,41.44159698486328,40.79954528808594,41.26649475097656,15.815844535827637,2916173
1995-07-07,41.26649475097656,41.79180908203125,41.20812225341797,41.616703033447266,15.950065612792969,2791534
1995-07-10,41.908546447753906,42.55059814453125,41.85017776489258,42.375492095947266,16.240890502929688,2689809
1995-07-11,42.375492095947266,42.667335510253906,40.44933319091797,40.44933319091797,15.502665519714355,3612825
1995-07-12,40.39096450805664,41.73344039916992,40.39096450805664,41.49996566772461,15.905333518981934,2649976
1995-07-13,41.55833435058594,41.79180908203125,40.857913970947266,41.49996566772461,15.905333518981934,1780928
1995-07-14,41.20812225341797,41.26649475097656,41.03302001953125,41.09138870239258,15.748738288879395,1272091
1995-07-17,41.09138870239258,41.20812225341797,40.5077018737793,41.149757385253906,15.771109580993652,954925
1995-07-18,41.09138870239258,41.149757385253906,39.63217544555664,39.92401885986328,15.301332473754883,1405939
1995-07-19,39.807281494140625,40.39096450805664,38.87338638305664,39.39870071411133,15.100000381469727,2044983
1995-07-20,39.340335845947266,39.86565017700195,38.9901237487793,39.515438079833984,15.14473819732666,2606717
1995-07-21,39.57380676269531,39.57380676269531,38.81501770019531,38.9901237487793,14.943405151367188,1810267
1995-07-24,38.9901237487793,39.457069396972656,38.464805603027344,39.22359848022461,15.032885551452637,1114900
1995-07-25,39.22359848022461,39.457069396972656,38.81501770019531,39.16522979736328,15.010520935058594,931368
1995-07-26,39.457069396972656,39.457069396972656,38.698280334472656,38.9901237487793,14.943405151367188,830500
1995-07-27,39.457069396972656,39.807281494140625,38.9901237487793,39.7489128112793,15.234212875366211,1163942
1995-07-28,39.7489128112793,39.92401885986328,39.16522979736328,39.16522979736328,15.010520935058594,878043
1995-07-31,39.22359848022461,39.515438079833984,38.9901237487793,39.457069396972656,15.1223726272583,1378956
1995-08-01,39.22359848022461,39.86565017700195,38.9901237487793,39.340335845947266,15.077630996704102,1145953
1995-08-02,39.457069396972656,40.274227142333984,39.457069396972656,39.57380676269531,15.1671142578125,1434636
1995-08-03,39.515438079833984,40.099124908447266,39.28196334838867,39.86565017700195,15.278968811035156,1072926
1995-08-04,39.92401885986328,40.04075622558594,39.457069396972656,39.807281494140625,15.25658893585205,712928
1995-08-07,39.807281494140625,40.44933319091797,39.63217544555664,40.33259582519531,15.457928657531738,1024954
1995-08-08,40.44933319091797,40.5077018737793,39.63217544555664,39.807281494140625,15.25658893585205,1401656
1995-08-09,39.86565017700195,39.86565017700195,39.457069396972656,39.57380676269531,15.1671142578125,537534
1995-08-10,39.57380676269531,39.57380676269531,38.11459732055664,38.464805603027344,14.742074012756348,2241151
1995-08-11,38.17296600341797,38.34806823730469,37.88112258911133,37.997859954833984,14.56310749053955,1553708
1995-08-14,37.939491271972656,38.40644073486328,37.939491271972656,38.11459732055664,14.607852935791016,1255173
1995-08-15,37.88112258911133,38.05622863769531,37.53091049194336,37.82275390625,14.496000289916992,1730173
1995-08-16,37.706016540527344,38.756649017333984,37.647647857666016,38.40644073486328,14.81113052368164,1456266
1995-08-17,38.17296600341797,38.2313346862793,37.939491271972656,38.17296600341797,14.721085548400879,835854
1995-08-18,38.52317428588867,38.756649017333984,38.289703369140625,38.464805603027344,14.833640098571777,1077637
1995-08-21,38.464805603027344,39.048492431640625,38.289703369140625,38.52317428588867,14.85615062713623,693868
1995-08-22,38.52317428588867,38.87338638305664,38.34806823730469,38.52317428588867,14.85615062713623,642685
1995-08-23,38.52317428588867,38.698280334472656,37.88112258911133,37.939491271972656,14.631053924560547,1201634
1995-08-24,38.05622863769531,38.289703369140625,37.706016540527344,37.76438522338867,14.563531875610352,1497384
1995-08-25,37.88112258911133,38.11459732055664,37.706016540527344,37.82275390625,14.586037635803223,771821
1995-08-28,37.997859954833984,38.17296600341797,37.76438522338867,38.11459732055664,14.69858455657959,581007
1995-08-29,38.2313346862793,38.52317428588867,37.997859954833984,38.464805603027344,14.833640098571777,869262
1995-08-30,38.40644073486328,38.464805603027344,38.17296600341797,38.17296600341797,14.721085548400879,488920
1995-08-31,38.17296600341797,38.464805603027344,37.82275390625,38.2313346862793,14.743598937988281,849560
1995-09-01,38.2313346862793,38.52317428588867,38.2313346862793,38.52317428588867,14.85615062713623,478855
1995-09-05,39.10686111450195,39.98238754272461,38.93175506591797,39.457069396972656,15.216300964355469,1424357
1995-09-06,39.57380676269531,39.57380676269531,39.22359848022461,39.457069396972656,15.216300964355469,942076
1995-09-07,39.457069396972656,39.92401885986328,39.39870071411133,39.807281494140625,15.351350784301758,1081064
1995-09-08,39.86565017700195,40.566070556640625,39.86565017700195,40.39096450805664,15.576440811157227,888537
1995-09-11,40.274227142333984,40.33259582519531,39.98238754272461,40.099124908447266,15.46389389038086,578009
1995-09-12,40.157493591308594,40.62443923950195,40.04075622558594,40.62443923950195,15.666488647460938,850202
1995-09-13,40.74117660522461,40.74117660522461,40.21586227416992,40.5077018737793,15.621464729309082,1199064
1995-09-14,40.5077018737793,40.74117660522461,40.39096450805664,40.566070556640625,15.64396858215332,1532292
1995-09-15,40.44933319091797,40.44933319091797,39.807281494140625,39.98238754272461,15.418879508972168,2206243
1995-09-18,39.92401885986328,40.157493591308594,39.22359848022461,39.457069396972656,15.216300964355469,2094668
1995-09-19,39.340335845947266,39.457069396972656,38.40644073486328,39.10686111450195,15.08123779296875,2232906
1995-09-20,39.10686111450195,39.69054412841797,38.756649017333984,39.69054412841797,15.306330680847168,827930
1995-09-21,39.22359848022461,39.457069396972656,38.756649017333984,38.87338638305664,14.991205215454102,801054
1995-09-22,38.87338638305664,38.87338638305664,38.52317428588867,38.756649017333984,14.946189880371094,1014675
1995-09-25,38.87338638305664,38.87338638305664,38.05622863769531,38.17296600341797,14.721085548400879,767324
1995-09-26,38.17296600341797,38.756649017333984,38.17296600341797,38.63991165161133,14.901166915893555,1056757
1995-09-27,38.17296600341797,38.63991165161133,37.82275390625,38.17296600341797,14.721085548400879,790024
1995-09-28,38.05622863769531,39.340335845947266,37.82275390625,39.10686111450195,15.08123779296875,1231080
1995-09-29,38.40644073486328,39.57380676269531,38.40644073486328,39.22359848022461,15.126255989074707,898495
1995-10-02,39.10686111450195,39.22359848022461,38.05622863769531,38.40644073486328,14.81113052368164,612703
1995-10-03,38.289703369140625,38.289703369140625,36.888858795166016,37.47254180908203,14.45097827911377,1706508
1995-10-04,37.47254180908203,37.47254180908203,36.07170104980469,36.30517578125,14.0007963180542,1967137
1995-10-05,36.188438415527344,37.00559616088867,35.95496368408203,36.888858795166016,14.225885391235352,1938440
1995-10-06,36.42190933227539,36.6553840637207,35.95496368408203,36.42190933227539,14.045804977416992,1574588
1995-10-09,35.95496368408203,35.95496368408203,35.02106857299805,35.1378059387207,13.550612449645996,1628877
1995-10-10,34.67085647583008,36.07170104980469,34.320648193359375,35.95496368408203,13.865732192993164,2888975
1995-10-11,36.888858795166016,36.888858795166016,35.1378059387207,35.488014221191406,13.685661315917969,2724182
1995-10-12,35.72148895263672,35.95496368408203,35.1378059387207,35.488014221191406,13.685661315917969,2490322
1995-10-13,35.488014221191406,36.07170104980469,35.02106857299805,35.488014221191406,13.685661315917969,2160200
1995-10-16,35.60475158691406,35.838226318359375,34.90433120727539,35.72148895263672,13.775701522827148,1713576
1995-10-17,35.72148895263672,35.838226318359375,35.02106857299805,35.1378059387207,13.550612449645996,1400800
1995-10-18,35.02106857299805,35.488014221191406,35.02106857299805,35.371280670166016,13.640642166137695,1093378
1995-10-19,35.1378059387207,35.371280670166016,34.55411911010742,35.371280670166016,13.640642166137695,1491602
1995-10-20,35.25454330444336,35.371280670166016,34.55411911010742,35.02106857299805,13.505586624145508,1176685
1995-10-23,34.787593841552734,34.787593841552734,34.08717346191406,34.08717346191406,13.145438194274902,1453803
1995-10-24,34.320648193359375,35.02106857299805,34.320648193359375,34.67085647583008,13.370532035827637,1351436
1995-10-25,35.02106857299805,35.1378059387207,33.736961364746094,33.970436096191406,13.100422859191895,1726318
1995-10-26,34.08717346191406,34.43738555908203,33.15327835083008,33.6202278137207,12.965361595153809,1315244
1995-10-27,33.38675308227539,34.90433120727539,33.38675308227539,34.67085647583008,13.370532035827637,1176792
1995-10-30,34.787593841552734,35.1378059387207,34.43738555908203,34.55411911010742,13.32551383972168,614737
1995-10-31,34.67085647583008,35.488014221191406,34.43738555908203,34.55411911010742,13.32551383972168,1299182
1995-11-01,34.787593841552734,35.1378059387207,33.970436096191406,34.20391082763672,13.19045352935791,1250462
1995-11-02,34.20391082763672,34.43738555908203,33.50349044799805,34.43738555908203,13.28049373626709,1780928
1995-11-03,34.20391082763672,34.90433120727539,34.20391082763672,34.67085647583008,13.370532035827637,998185
1995-11-06,33.85369873046875,34.20391082763672,33.6202278137207,33.736961364746094,13.010383605957031,1763902
1995-11-07,33.736961364746094,33.736961364746094,33.03654098510742,33.270015716552734,12.83030891418457,1724283
1995-11-08,33.03654098510742,33.50349044799805,32.919803619384766,33.15327835083008,12.785284042358398,1335696
1995-11-09,33.03654098510742,33.38675308227539,31.98590850830078,32.56959533691406,12.560188293457031,1679846
1995-11-10,32.68633270263672,33.15327835083008,32.68633270263672,32.919803619384766,12.695252418518066,953212
1995-11-13,32.80306625366211,33.38675308227539,32.68633270263672,33.03654098510742,12.740270614624023,1650292
1995-11-14,33.03654098510742,33.270015716552734,32.68633270263672,32.80306625366211,12.650227546691895,1410758
1995-11-15,31.869171142578125,32.56959533691406,31.869171142578125,32.56959533691406,12.560188293457031,1722356
1995-11-16,32.219383239746094,33.03654098510742,31.98590850830078,33.03654098510742,12.740270614624023,1421359
1995-11-17,32.919803619384766,33.38675308227539,32.56959533691406,33.270015716552734,12.83030891418457,1247035
1995-11-20,33.270015716552734,33.970436096191406,33.15327835083008,33.85369873046875,13.055400848388672,1544713
1995-11-21,33.50349044799805,33.736961364746094,32.56959533691406,33.15327835083008,12.874074935913086,1175828
1995-11-22,33.15327835083008,34.55411911010742,33.03654098510742,34.320648193359375,13.327386856079102,2959433
1995-11-24,34.787593841552734,34.90433120727539,34.320648193359375,34.320648193359375,13.327386856079102,622661
1995-11-27,34.787593841552734,35.371280670166016,34.55411911010742,35.25454330444336,13.69003677368164,1303572
1995-11-28,35.371280670166016,35.488014221191406,34.67085647583008,34.787593841552734,13.50871467590332,1446522
1995-11-29,35.02106857299805,35.488014221191406,34.90433120727539,35.488014221191406,13.7806978225708,1085561
1995-11-30,35.488014221191406,35.95496368408203,35.371280670166016,35.72148895263672,13.871368408203125,1039196
1995-12-01,35.838226318359375,35.838226318359375,34.90433120727539,35.02106857299805,13.599372863769531,988227
1995-12-04,34.787593841552734,34.90433120727539,34.320648193359375,34.67085647583008,13.463384628295898,1090165
1995-12-05,34.90433120727539,35.60475158691406,34.67085647583008,35.371280670166016,13.735368728637695,1244786
1995-12-06,35.371280670166016,35.60475158691406,35.1378059387207,35.371280670166016,13.735368728637695,986085
1995-12-07,35.25454330444336,35.371280670166016,34.55411911010742,35.02106857299805,13.599372863769531,1056328
1995-12-08,34.90433120727539,35.02106857299805,33.6202278137207,34.55411911010742,13.418054580688477,1242645
1995-12-11,34.20391082763672,34.320648193359375,33.270015716552734,34.08717346191406,13.236724853515625,1720429
1995-12-12,33.6202278137207,33.970436096191406,33.03654098510742,33.15327835083008,12.874074935913086,1910172
1995-12-13,33.03654098510742,33.38675308227539,32.68633270263672,33.03654098510742,12.82874584197998,2075501
1995-12-14,33.270015716552734,33.736961364746094,33.03654098510742,33.15327835083008,12.874074935913086,1267487
1995-12-15,33.270015716552734,33.85369873046875,33.03654098510742,33.736961364746094,13.100733757019043,2241793
1995-12-18,33.50349044799805,33.85369873046875,33.15327835083008,33.6202278137207,13.055400848388672,965098
1995-12-19,33.736961364746094,34.67085647583008,33.50349044799805,34.67085647583008,13.463384628295898,1332162
1995-12-20,34.90433120727539,35.02106857299805,33.6202278137207,34.20391082763672,13.28205394744873,1484535
1995-12-21,34.43738555908203,34.787593841552734,34.320648193359375,34.67085647583008,13.463384628295898,784671
1995-12-22,34.43738555908203,34.67085647583008,34.320648193359375,34.67085647583008,13.463384628295898,803088
1995-12-26,34.67085647583008,34.67085647583008,34.320648193359375,34.43738555908203,13.37271785736084,498450
1995-12-27,34.55411911010742,34.90433120727539,34.320648193359375,34.55411911010742,13.418054580688477,1313852
1995-12-28,34.55411911010742,35.371280670166016,34.43738555908203,35.1378059387207,13.644715309143066,1338480
1995-12-29,35.371280670166016,35.488014221191406,35.02106857299805,35.371280670166016,13.735368728637695,1401121
1996-01-02,35.72148895263672,37.00559616088867,35.60475158691406,36.53864669799805,14.188688278198242,3103882
1996-01-03,36.77212142944336,36.888858795166016,36.188438415527344,36.6553840637207,14.234012603759766,2348765
1996-01-04,36.42190933227539,36.77212142944336,36.188438415527344,36.42190933227539,14.14334487915039,2823015
1996-01-05,36.30517578125,36.53864669799805,35.72148895263672,36.188438415527344,14.052688598632812,1479931
1996-01-08,36.53864669799805,36.6553840637207,36.30517578125,36.42190933227539,14.14334487915039,451764
1996-01-09,36.42190933227539,36.6553840637207,35.60475158691406,36.130069732666016,14.030028343200684,1962105
1996-01-10,36.07170104980469,36.07170104980469,35.02106857299805,35.488014221191406,13.7806978225708,1386023
1996-01-11,35.488014221191406,36.30517578125,35.02106857299805,36.188438415527344,14.052688598632812,2179474
1996-01-12,36.42190933227539,36.53864669799805,35.60475158691406,35.838226318359375,13.916691780090332,2347159
1996-01-15,35.838226318359375,35.838226318359375,35.1378059387207,35.25454330444336,13.69003677368164,1866377
1996-01-16,35.02106857299805,35.02106857299805,33.6202278137207,34.08717346191406,13.236724853515625,2874413
1996-01-17,33.85369873046875,35.02106857299805,33.736961364746094,34.55411911010742,13.418054580688477,3139325
1996-01-18,34.55411911010742,35.488014221191406,34.20391082763672,35.371280670166016,13.735368728637695,1955252
1996-01-19,35.02106857299805,36.188438415527344,34.90433120727539,35.72148895263672,13.871368408203125,2430037
1996-01-22,35.838226318359375,36.188438415527344,35.371280670166016,36.07170104980469,14.007352828979492,2029350
1996-01-23,36.188438415527344,36.188438415527344,34.787593841552734,35.488014221191406,13.7806978225708,1710042
1996-01-24,35.02106857299805,35.488014221191406,34.787593841552734,35.371280670166016,13.735368728637695,1461941
1996-01-25,35.371280670166016,36.77212142944336,35.371280670166016,36.77212142944336,14.279345512390137,2982883
1996-01-26,36.6553840637207,37.12233352661133,35.95496368408203,36.6553840637207,14.234012603759766,1327023
1996-01-29,36.888858795166016,37.47254180908203,36.77212142944336,37.12233352661133,14.415339469909668,1395232
1996-01-30,37.35580825805664,38.756649017333984,37.12233352661133,38.40644073486328,14.913986206054688,2699554
1996-01-31,38.289703369140625,38.40644073486328,37.706016540527344,38.05622863769531,14.77799129486084,2092954
1996-02-01,38.289703369140625,38.52317428588867,37.58927917480469,38.40644073486328,14.913986206054688,1209772
1996-02-02,38.52317428588867,38.52317428588867,37.47254180908203,37.82275390625,14.687328338623047,969488
1996-02-05,37.82275390625,38.17296600341797,37.239070892333984,37.939491271972656,14.732659339904785,1469330
1996-02-06,38.05622863769531,38.52317428588867,37.82275390625,38.289703369140625,14.86864948272705,1341371
1996-02-07,38.05622863769531,38.17296600341797,37.706016540527344,38.17296600341797,14.823315620422363,1010499
1996-02-08,37.82275390625,38.05622863769531,37.00559616088867,37.939491271972656,14.732659339904785,1586688
1996-02-09,37.82275390625,38.52317428588867,37.239070892333984,37.82275390625,14.687328338623047,1704153
1996-02-12,38.05622863769531,38.17296600341797,37.58927917480469,37.82275390625,14.687328338623047,957602
1996-02-13,37.706016540527344,37.706016540527344,36.6553840637207,37.12233352661133,14.415339469909668,2130325
1996-02-14,37.12233352661133,37.12233352661133,36.07170104980469,36.42190933227539,14.14334487915039,2095738
1996-02-15,36.53864669799805,36.53864669799805,35.72148895263672,36.07170104980469,14.007352828979492,1312246
1996-02-16,35.72148895263672,35.838226318359375,34.787593841552734,35.02106857299805,13.599372863769531,1739382
1996-02-20,34.90433120727539,35.25454330444336,34.55411911010742,35.1378059387207,13.644715309143066,1785425
1996-02-21,34.90433120727539,35.371280670166016,34.43738555908203,34.55411911010742,13.507801055908203,1568591
1996-02-22,34.787593841552734,35.1378059387207,34.787593841552734,35.1378059387207,13.73597526550293,1620953
1996-02-23,35.371280670166016,35.95496368408203,34.55411911010742,35.25454330444336,13.781614303588867,1921094
1996-02-26,35.25454330444336,35.25454330444336,34.43738555908203,34.55411911010742,13.507801055908203,1502738
1996-02-27,34.55411911010742,34.55411911010742,34.08717346191406,34.43738555908203,13.462174415588379,1810910
1996-02-28,34.43738555908203,34.55411911010742,34.08717346191406,34.20391082763672,13.370902061462402,1259028
1996-02-29,34.20391082763672,34.20391082763672,33.270015716552734,33.38675308227539,13.051458358764648,1567628
1996-03-01,33.50349044799805,33.736961364746094,33.270015716552734,33.50349044799805,13.097103118896484,1405832
1996-03-04,33.6202278137207,34.43738555908203,33.6202278137207,34.08717346191406,13.325263977050781,1682202
1996-03-05,34.08717346191406,34.20391082763672,33.736961364746094,34.08717346191406,13.325263977050781,1151949
1996-03-06,34.08717346191406,34.67085647583008,33.6202278137207,34.320648193359375,13.416533470153809,1807055
1996-03-07,34.90433120727539,35.72148895263672,34.08717346191406,35.60475158691406,13.918513298034668,4778052
1996-03-08,35.02106857299805,36.188438415527344,34.787593841552734,35.838226318359375,14.00977897644043,5041572
1996-03-11,35.838226318359375,36.07170104980469,35.371280670166016,35.72148895263672,13.964151382446289,3971110
1996-03-12,35.72148895263672,36.30517578125,35.60475158691406,36.07170104980469,14.101051330566406,3902579
1996-03-13,36.188438415527344,36.30517578125,35.72148895263672,36.188438415527344,14.146681785583496,2873235
1996-03-14,36.188438415527344,36.53864669799805,35.95496368408203,36.188438415527344,14.146681785583496,2099807
1996-03-15,36.42190933227539,36.77212142944336,36.42190933227539,36.6553840637207,14.329224586486816,3218670
1996-03-18,36.6553840637207,37.12233352661133,36.53864669799805,37.12233352661133,14.511771202087402,2233441
1996-03-19,37.35580825805664,37.47254180908203,36.888858795166016,37.35580825805664,14.603036880493164,3027749
1996-03-20,37.239070892333984,37.35580825805664,36.188438415527344,36.42190933227539,14.237957000732422,2514736
1996-03-21,36.42190933227539,37.35580825805664,35.72148895263672,35.95496368408203,14.05541706085205,1525332
1996-03-22,35.838226318359375,36.77212142944336,35.60475158691406,35.838226318359375,14.00977897644043,1064359
1996-03-25,36.188438415527344,36.30517578125,35.95496368408203,36.188438415527344,14.146681785583496,1427141
1996-03-26,35.95496368408203,36.6553840637207,35.95496368408203,36.6553840637207,14.329224586486816,1213734
1996-03-27,36.77212142944336,36.888858795166016,36.42190933227539,36.6553840637207,14.329224586486816,1841748
1996-03-28,36.42190933227539,36.6553840637207,36.188438415527344,36.53864669799805,14.283591270446777,1220908
1996-03-29,36.53864669799805,36.888858795166016,36.42190933227539,36.888858795166016,14.420502662658691,1100445
1996-04-01,37.00559616088867,37.00559616088867,35.95496368408203,36.188438415527344,14.146681785583496,2315463
1996-04-02,36.42190933227539,36.42190933227539,35.25454330444336,36.07170104980469,14.101051330566406,2546753
1996-04-03,35.95496368408203,36.188438415527344,35.25454330444336,36.188438415527344,14.146681785583496,1336981
1996-04-04,36.188438415527344,36.42190933227539,35.95496368408203,36.30517578125,14.192325592041016,829858
1996-04-08,35.488014221191406,36.07170104980469,35.25454330444336,35.95496368408203,14.05541706085205,1304001
1996-04-09,35.95496368408203,37.12233352661133,35.838226318359375,36.6553840637207,14.329224586486816,2454986
1996-04-10,37.12233352661133,37.47254180908203,36.77212142944336,37.239070892333984,14.557400703430176,2082782
1996-04-11,37.12233352661133,37.47254180908203,36.888858795166016,37.47254180908203,14.648663520812988,2855460
1996-04-12,37.47254180908203,37.47254180908203,36.6553840637207,36.888858795166016,14.420502662658691,1112759
1996-04-15,37.00559616088867,37.35580825805664,36.77212142944336,37.35580825805664,14.603036880493164,966383
1996-04-16,37.82275390625,38.63991165161133,37.82275390625,38.40644073486328,15.013748168945312,4969294
1996-04-17,38.40644073486328,38.40644073486328,37.47254180908203,37.82275390625,14.785569190979004,1821297
1996-04-18,37.82275390625,38.05622863769531,37.47254180908203,37.939491271972656,14.831201553344727,1775253
1996-04-19,37.939491271972656,37.939491271972656,36.6553840637207,36.888858795166016,14.420502662658691,2001402
1996-04-22,37.12233352661133,37.239070892333984,36.77212142944336,37.00559616088867,14.466132164001465,1028916
1996-04-23,36.888858795166016,37.12233352661133,36.6553840637207,36.888858795166016,14.420502662658691,794736
1996-04-24,37.12233352661133,37.12233352661133,36.188438415527344,36.53864669799805,14.283591270446777,899030
1996-04-25,37.239070892333984,37.706016540527344,36.888858795166016,37.58927917480469,14.69430160522461,2743670
1996-04-26,37.35580825805664,37.35580825805664,36.77212142944336,37.12233352661133,14.511771202087402,1188999
1996-04-29,36.888858795166016,38.05622863769531,36.888858795166016,37.939491271972656,14.831201553344727,2233441
1996-04-30,37.939491271972656,37.939491271972656,37.12233352661133,37.239070892333984,14.557400703430176,1429711
1996-05-01,37.35580825805664,37.82275390625,37.239070892333984,37.706016540527344,14.739933967590332,1567842
1996-05-02,37.58927917480469,38.05622863769531,37.239070892333984,37.706016540527344,14.739933967590332,1714539
1996-05-03,37.939491271972656,38.40644073486328,37.706016540527344,37.939491271972656,14.831201553344727,2572987
1996-05-06,38.17296600341797,38.289703369140625,37.35580825805664,37.47254180908203,14.648663520812988,826752
1996-05-07,37.58927917480469,37.706016540527344,37.00559616088867,37.35580825805664,14.603036880493164,1075174
1996-05-08,36.888858795166016,37.35580825805664,36.6553840637207,37.239070892333984,14.557400703430176,1071962
1996-05-09,36.888858795166016,37.239070892333984,36.77212142944336,36.888858795166016,14.420502662658691,776211
1996-05-10,37.239070892333984,37.35580825805664,36.888858795166016,37.00559616088867,14.466132164001465,496094
1996-05-13,37.35580825805664,38.17296600341797,37.239070892333984,38.05622863769531,14.876846313476562,1093378
1996-05-14,38.17296600341797,38.40644073486328,37.939491271972656,38.289703369140625,14.968101501464844,1495778
1996-05-15,38.40644073486328,38.52317428588867,37.706016540527344,37.939491271972656,14.831201553344727,1445558
1996-05-16,37.939491271972656,38.63991165161133,37.939491271972656,38.52317428588867,15.059377670288086,1495778
1996-05-17,38.52317428588867,39.807281494140625,38.40644073486328,39.340335845947266,15.37882137298584,2804597
1996-05-20,39.57380676269531,40.04075622558594,39.10686111450195,40.04075622558594,15.65262222290039,1873872
1996-05-21,40.04075622558594,40.274227142333984,39.807281494140625,39.92401885986328,15.606986045837402,1738632
1996-05-22,39.807281494140625,40.5077018737793,39.340335845947266,40.39096450805664,15.88240909576416,1827079
1996-05-23,40.274227142333984,40.274227142333984,39.340335845947266,39.69054412841797,15.60698413848877,1184608
1996-05-24,39.457069396972656,39.69054412841797,37.47254180908203,38.756649017333984,15.23977279663086,1719893
1996-05-28,38.87338638305664,38.87338638305664,37.939491271972656,38.17296600341797,15.010248184204102,784563
1996-05-29,38.289703369140625,38.40644073486328,37.12233352661133,37.58927917480469,14.780739784240723,1621060
1996-05-30,37.35580825805664,37.82275390625,36.888858795166016,37.58927917480469,14.780739784240723,869905
1996-05-31,37.58927917480469,37.706016540527344,37.00559616088867,37.239070892333984,14.643026351928711,733380
1996-06-03,37.47254180908203,37.58927917480469,36.77212142944336,37.239070892333984,14.643026351928711,966597
1996-06-04,37.239070892333984,37.35580825805664,36.53864669799805,37.239070892333984,14.643026351928711,1701797
1996-06-05,37.239070892333984,37.239070892333984,36.77212142944336,37.12233352661133,14.597126960754395,990047
1996-06-06,37.239070892333984,37.239070892333984,36.30517578125,36.53864669799805,14.367616653442383,979553
1996-06-07,36.188438415527344,36.888858795166016,36.07170104980469,36.888858795166016,14.505315780639648,1582833
1996-06-10,36.888858795166016,37.12233352661133,36.07170104980469,36.6553840637207,14.4135160446167,914235
1996-06-11,36.6553840637207,37.239070892333984,36.188438415527344,37.00559616088867,14.551226615905762,1406796
1996-06-12,37.239070892333984,37.47254180908203,36.6553840637207,37.12233352661133,14.597126960754395,871297
1996-06-13,37.35580825805664,37.35580825805664,36.07170104980469,36.188438415527344,14.229898452758789,1304001
1996-06-14,36.30517578125,36.77212142944336,35.95496368408203,36.53864669799805,14.367616653442383,1985662
1996-06-17,36.77212142944336,37.239070892333984,36.53864669799805,37.239070892333984,14.643026351928711,1074318
1996-06-18,37.35580825805664,37.82275390625,37.12233352661133,37.12233352661133,14.597126960754395,1097018
1996-06-19,37.12233352661133,37.35580825805664,36.77212142944336,37.239070892333984,14.643026351928711,889286
1996-06-20,37.239070892333984,37.58927917480469,36.888858795166016,37.47254180908203,14.734835624694824,654463
1996-06-21,37.47254180908203,37.47254180908203,37.239070892333984,37.47254180908203,14.734835624694824,1213627
1996-06-24,37.58927917480469,37.82275390625,37.00559616088867,37.12233352661133,14.597126960754395,694725
1996-06-25,36.888858795166016,37.00559616088867,35.488014221191406,35.838226318359375,14.092196464538574,2614212
1996-06-26,35.838226318359375,35.95496368408203,35.371280670166016,35.371280670166016,13.908581733703613,1008571
1996-06-27,35.25454330444336,35.25454330444336,34.55411911010742,34.90433120727539,13.724973678588867,1172616
1996-06-28,34.90433120727539,35.1378059387207,34.43738555908203,34.43738555908203,13.541362762451172,1407224
1996-07-01,34.787593841552734,35.95496368408203,34.55411911010742,35.838226318359375,14.092196464538574,2777721
1996-07-02,36.07170104980469,36.188438415527344,35.25454330444336,35.72148895263672,14.04628849029541,1379919
1996-07-03,35.72148895263672,35.838226318359375,35.25454330444336,35.488014221191406,13.954483032226562,682304
1996-07-05,35.25454330444336,35.488014221191406,34.320648193359375,34.67085647583008,13.633164405822754,637116
1996-07-08,35.25454330444336,35.488014221191406,34.787593841552734,35.02106857299805,13.7708740234375,1002789
1996-07-09,35.1378059387207,36.6553840637207,35.02106857299805,36.53864669799805,14.367616653442383,2236654
1996-07-10,36.53864669799805,36.6553840637207,35.371280670166016,36.42190933227539,14.32170295715332,1822903
1996-07-11,36.53864669799805,37.35580825805664,36.30517578125,37.239070892333984,14.643026351928711,2598579
1996-07-12,37.47254180908203,37.58927917480469,36.888858795166016,37.47254180908203,14.734835624694824,1705224
1996-07-15,37.58927917480469,37.939491271972656,37.00559616088867,37.239070892333984,14.643026351928711,2021426
1996-07-16,37.35580825805664,37.47254180908203,35.02106857299805,37.00559616088867,14.551226615905762,2254214
1996-07-17,37.239070892333984,37.47254180908203,36.07170104980469,36.30517578125,14.27580451965332,1791207
1996-07-18,36.53864669799805,36.888858795166016,36.30517578125,36.6553840637207,14.4135160446167,1242538
1996-07-19,36.53864669799805,37.12233352661133,36.30517578125,36.30517578125,14.27580451965332,1061896
1996-07-22,36.30517578125,36.30517578125,35.371280670166016,35.72148895263672,14.04628849029541,1266202
1996-07-23,36.07170104980469,36.07170104980469,35.02106857299805,35.25454330444336,13.862675666809082,1438491
1996-07-24,34.67085647583008,35.1378059387207,34.55411911010742,35.02106857299805,13.7708740234375,1174864
1996-07-25,35.488014221191406,35.488014221191406,34.67085647583008,34.787593841552734,13.679071426391602,846669
1996-07-26,34.787593841552734,35.60475158691406,34.55411911010742,35.488014221191406,13.954483032226562,814974
1996-07-29,35.371280670166016,35.72148895263672,35.25454330444336,35.60475158691406,14.000383377075195,655320
1996-07-30,35.72148895263672,35.72148895263672,34.90433120727539,35.25454330444336,13.862675666809082,657461
1996-07-31,35.25454330444336,35.72148895263672,35.1378059387207,35.371280670166016,13.908581733703613,671917
1996-08-01,35.60475158691406,36.07170104980469,35.371280670166016,35.95496368408203,14.138099670410156,745587
1996-08-02,35.95496368408203,36.42190933227539,35.72148895263672,36.07170104980469,14.184003829956055,1066394
1996-08-05,36.30517578125,36.77212142944336,36.188438415527344,36.6553840637207,14.4135160446167,1000326
1996-08-06,36.6553840637207,36.77212142944336,36.42190933227539,36.42190933227539,14.32170295715332,899673
1996-08-07,36.6553840637207,36.888858795166016,36.53864669799805,36.888858795166016,14.505315780639648,698687
1996-08-08,36.888858795166016,37.239070892333984,36.188438415527344,37.12233352661133,14.597126960754395,871618
1996-08-09,37.35580825805664,37.58927917480469,37.12233352661133,37.35580825805664,14.688932418823242,851166
1996-08-12,37.35580825805664,38.63991165161133,37.239070892333984,38.52317428588867,15.147960662841797,1728138
1996-08-13,38.52317428588867,38.52317428588867,37.706016540527344,38.17296600341797,15.010248184204102,870226
1996-08-14,38.289703369140625,38.52317428588867,37.939491271972656,38.05622863769531,14.964357376098633,1068214
1996-08-15,38.289703369140625,38.40644073486328,38.05622863769531,38.17296600341797,15.010248184204102,978268
1996-08-16,38.40644073486328,38.52317428588867,38.17296600341797,38.289703369140625,15.056157112121582,747193
1996-08-19,38.63991165161133,38.756649017333984,38.17296600341797,38.289703369140625,15.056157112121582,687657
1996-08-20,38.289703369140625,38.52317428588867,38.05622863769531,38.52317428588867,15.147960662841797,506695
1996-08-21,38.289703369140625,38.40644073486328,37.58927917480469,38.05622863769531,15.055606842041016,957281
1996-08-22,37.939491271972656,38.52317428588867,37.82275390625,38.40644073486328,15.194149017333984,564839
1996-08-23,38.52317428588867,38.87338638305664,38.289703369140625,38.52317428588867,15.24032974243164,798484
1996-08-26,38.63991165161133,39.457069396972656,38.52317428588867,38.87338638305664,15.37887954711914,1163193
1996-08-27,39.10686111450195,39.10686111450195,38.17296600341797,38.40644073486328,15.194149017333984,746551
1996-08-28,38.40644073486328,38.40644073486328,37.939491271972656,38.289703369140625,15.147958755493164,550383
1996-08-29,38.17296600341797,38.289703369140625,37.239070892333984,37.58927917480469,14.870866775512695,841636
1996-08-30,37.706016540527344,37.706016540527344,37.12233352661133,37.35580825805664,14.778499603271484,631548
1996-09-03,37.239070892333984,37.47254180908203,37.00559616088867,37.47254180908203,14.82468032836914,668062
1996-09-04,37.58927917480469,38.05622863769531,37.47254180908203,38.05622863769531,15.055606842041016,727276
1996-09-05,38.05622863769531,38.05622863769531,37.82275390625,38.05622863769531,15.055606842041016,700293
1996-09-06,38.05622863769531,38.17296600341797,37.706016540527344,38.05622863769531,15.055606842041016,680697
1996-09-09,38.289703369140625,38.40644073486328,37.706016540527344,38.289703369140625,15.147958755493164,503268
1996-09-10,38.40644073486328,38.756649017333984,38.17296600341797,38.756649017333984,15.332697868347168,1171652
1996-09-11,38.52317428588867,38.52317428588867,38.17296600341797,38.289703369140625,15.147958755493164,664314
1996-09-12,38.52317428588867,39.22359848022461,38.40644073486328,39.10686111450195,15.471240043640137,1639156
1996-09-13,39.340335845947266,39.69054412841797,39.22359848022461,39.340335845947266,15.56360912322998,956317
1996-09-16,39.807281494140625,41.09138870239258,39.57380676269531,40.857913970947266,16.16398048400879,2121758
1996-09-17,40.97465133666992,41.675071716308594,40.857913970947266,41.44159698486328,16.3948917388916,3007083
1996-09-18,41.09138870239258,41.44159698486328,40.274227142333984,41.324859619140625,16.348716735839844,2170907
1996-09-19,41.324859619140625,41.44159698486328,40.5077018737793,41.09138870239258,16.2563533782959,1333019
1996-09-20,41.09138870239258,41.09138870239258,40.04075622558594,40.157493591308594,15.886887550354004,1559704
1996-09-23,39.807281494140625,40.157493591308594,39.69054412841797,40.157493591308594,15.886887550354004,678770
1996-09-24,39.92401885986328,40.157493591308594,39.57380676269531,39.807281494140625,15.748337745666504,1554029
1996-09-25,39.807281494140625,40.04075622558594,38.9901237487793,39.457069396972656,15.609787940979004,1414720
1996-09-26,38.9901237487793,39.340335845947266,38.52317428588867,39.10686111450195,15.471240043640137,1405083
1996-09-27,39.10686111450195,39.340335845947266,38.63991165161133,38.87338638305664,15.37887954711914,1758656
1996-09-30,38.87338638305664,39.807281494140625,38.756649017333984,39.69054412841797,15.702150344848633,1475862
1996-10-01,39.457069396972656,40.157493591308594,39.22359848022461,40.04075622558594,15.840702056884766,1099695
1996-10-02,40.157493591308594,40.274227142333984,39.10686111450195,39.457069396972656,15.609787940979004,1291794
1996-10-03,39.457069396972656,40.04075622558594,39.10686111450195,39.807281494140625,15.748337745666504,1119933
1996-10-04,39.807281494140625,40.274227142333984,39.57380676269531,40.157493591308594,15.886887550354004,924515
1996-10-07,40.274227142333984,40.274227142333984,39.57380676269531,39.807281494140625,15.748337745666504,621055
1996-10-08,39.92401885986328,40.74117660522461,38.756649017333984,38.87338638305664,15.37887954711914,1622880
1996-10-09,39.10686111450195,39.69054412841797,38.9901237487793,39.57380676269531,15.655972480773926,1371781
1996-10-10,39.57380676269531,39.92401885986328,39.22359848022461,39.69054412841797,15.702150344848633,775676
1996-10-11,39.69054412841797,39.92401885986328,39.457069396972656,39.807281494140625,15.748337745666504,458188
1996-10-14,40.274227142333984,40.274227142333984,39.807281494140625,40.04075622558594,15.840702056884766,572655
1996-10-15,40.157493591308594,40.274227142333984,38.756649017333984,39.22359848022461,15.51742172241211,1423929
1996-10-16,39.10686111450195,39.457069396972656,38.40644073486328,39.457069396972656,15.609787940979004,2147457
1996-10-17,39.807281494140625,39.807281494140625,39.10686111450195,39.340335845947266,15.56360912322998,1052259
1996-10-18,39.340335845947266,39.57380676269531,39.10686111450195,39.57380676269531,15.655972480773926,1022706
1996-10-21,39.69054412841797,39.92401885986328,39.57380676269531,39.92401885986328,15.794519424438477,936722
1996-10-22,39.92401885986328,40.62443923950195,39.807281494140625,39.807281494140625,15.748337745666504,1487640
1996-10-23,39.807281494140625,40.04075622558594,39.22359848022461,40.04075622558594,15.840702056884766,736699
1996-10-24,40.157493591308594,40.274227142333984,39.69054412841797,39.92401885986328,15.794519424438477,589252
1996-10-25,39.92401885986328,40.5077018737793,39.807281494140625,40.274227142333984,15.933075904846191,791095
1996-10-28,40.39096450805664,40.74117660522461,40.04075622558594,40.274227142333984,15.933075904846191,646111
1996-10-29,40.39096450805664,40.857913970947266,40.04075622558594,40.39096450805664,15.979254722595215,710251
1996-10-30,40.5077018737793,40.5077018737793,39.69054412841797,39.69054412841797,15.702150344848633,737342
1996-10-31,39.69054412841797,39.92401885986328,39.340335845947266,39.807281494140625,15.748337745666504,817329
1996-11-01,39.92401885986328,41.09138870239258,39.69054412841797,40.74117660522461,16.11780548095703,1160194
1996-11-04,40.857913970947266,40.857913970947266,39.69054412841797,40.157493591308594,15.886887550354004,1365678
1996-11-05,40.39096450805664,40.5077018737793,39.57380676269531,39.92401885986328,15.794519424438477,873760
1996-11-06,40.04075622558594,40.04075622558594,38.9901237487793,39.57380676269531,15.655972480773926,992831
1996-11-07,39.57380676269531,39.807281494140625,39.10686111450195,39.69054412841797,15.702150344848633,682518
1996-11-08,39.69054412841797,39.807281494140625,38.63991165161133,39.10686111450195,15.471240043640137,856306
1996-11-11,39.340335845947266,40.157493591308594,39.22359848022461,40.157493591308594,15.886887550354004,1309890
1996-11-12,40.04075622558594,40.04075622558594,39.340335845947266,39.69054412841797,15.702150344848633,1271770
1996-11-13,39.457069396972656,39.807281494140625,39.10686111450195,39.807281494140625,15.748337745666504,1001933
1996-11-14,39.807281494140625,39.807281494140625,39.10686111450195,39.57380676269531,15.655972480773926,1151414
1996-11-15,39.57380676269531,40.04075622558594,39.22359848022461,39.807281494140625,15.748337745666504,1362251
1996-11-18,40.04075622558594,40.04075622558594,39.340335845947266,39.57380676269531,15.655972480773926,740768
1996-11-19,39.807281494140625,40.62443923950195,39.69054412841797,40.62443923950195,16.07162094116211,1470079
1996-11-20,40.39096450805664,40.5077018737793,39.807281494140625,40.157493591308594,15.978717803955078,958566
1996-11-21,40.274227142333984,40.274227142333984,39.807281494140625,40.157493591308594,15.978717803955078,838531
1996-11-22,40.274227142333984,40.274227142333984,39.457069396972656,40.157493591308594,15.978717803955078,978268
1996-11-25,40.5077018737793,40.5077018737793,39.807281494140625,40.04075622558594,15.932260513305664,1013604
1996-11-26,40.04075622558594,40.04075622558594,38.93175506591797,39.57380676269531,15.746469497680664,1616348
1996-11-27,39.340335845947266,39.457069396972656,38.756649017333984,38.87338638305664,15.467765808105469,1376707
1996-11-29,39.10686111450195,39.807281494140625,38.9901237487793,39.69054412841797,15.792914390563965,975056
1996-12-02,39.57380676269531,39.57380676269531,38.87338638305664,39.57380676269531,15.746469497680664,1913705
1996-12-03,39.457069396972656,39.69054412841797,38.52317428588867,38.52317428588867,15.328423500061035,1620525
1996-12-04,38.63991165161133,38.63991165161133,37.939491271972656,38.63991165161133,15.374866485595703,1653398
1996-12-05,38.52317428588867,39.57380676269531,38.40644073486328,39.57380676269531,15.746469497680664,1757585
1996-12-06,38.756649017333984,39.22359848022461,38.52317428588867,38.87338638305664,15.467765808105469,1963818
1996-12-09,38.9901237487793,38.9901237487793,37.939491271972656,38.17296600341797,15.189066886901855,1927090
1996-12-10,38.17296600341797,38.87338638305664,38.17296600341797,38.52317428588867,15.328423500061035,1147452
1996-12-11,37.939491271972656,38.17296600341797,37.47254180908203,37.939491271972656,15.096172332763672,1125180
1996-12-12,38.17296600341797,38.17296600341797,37.00559616088867,37.239070892333984,14.81747817993164,1123359
1996-12-13,36.888858795166016,37.35580825805664,36.888858795166016,37.12233352661133,14.771026611328125,1604463
1996-12-16,37.35580825805664,37.47254180908203,36.53864669799805,36.77212142944336,14.631674766540527,1452947
1996-12-17,36.53864669799805,36.6553840637207,36.188438415527344,36.6553840637207,14.585225105285645,1484642
1996-12-18,36.6553840637207,37.00559616088867,36.53864669799805,37.00559616088867,14.724579811096191,1371996
1996-12-19,37.00559616088867,37.47254180908203,36.188438415527344,37.47254180908203,14.910372734069824,1697086
1996-12-20,37.706016540527344,37.706016540527344,36.77212142944336,37.35580825805664,14.863920211791992,1758120
1996-12-23,37.35580825805664,37.47254180908203,37.00559616088867,37.47254180908203,14.910372734069824,986727
1996-12-24,37.47254180908203,37.706016540527344,37.35580825805664,37.58927917480469,14.956825256347656,606171
1996-12-26,37.706016540527344,37.939491271972656,37.47254180908203,37.58927917480469,14.956825256347656,1026346
1996-12-27,37.58927917480469,37.939491271972656,37.35580825805664,37.939491271972656,15.096172332763672,611311
1996-12-30,38.05622863769531,38.40644073486328,38.05622863769531,38.17296600341797,15.189066886901855,1615599
1996-12-31,38.17296600341797,38.289703369140625,37.12233352661133,37.82275390625,15.049717903137207,1941224
1997-01-02,38.17296600341797,39.22359848022461,37.12233352661133,38.9901237487793,15.5142240524292,3177980
1997-01-03,38.9901237487793,39.10686111450195,37.939491271972656,38.289703369140625,15.23552417755127,1804271
1997-01-06,38.756649017333984,39.10686111450195,38.40644073486328,38.756649017333984,15.421324729919434,2387527
1997-01-07,38.87338638305664,39.340335845947266,38.63991165161133,39.340335845947266,15.653572082519531,1767436
1997-01-08,39.340335845947266,39.340335845947266,38.52317428588867,38.9901237487793,15.5142240524292,1684557
1997-01-09,38.87338638305664,38.87338638305664,38.40644073486328,38.63991165161133,15.374866485595703,1267273
1997-01-10,38.289703369140625,39.457069396972656,38.17296600341797,39.20900344848633,15.601314544677734,2762194
1997-01-13,39.807281494140625,40.04075622558594,39.57380676269531,40.04075622558594,15.932260513305664,1897108
1997-01-14,40.157493591308594,40.274227142333984,39.69054412841797,39.807281494140625,15.83936882019043,2284196
1997-01-15,40.04075622558594,40.04075622558594,39.22359848022461,39.57380676269531,15.746469497680664,2204530
1997-01-16,39.57380676269531,39.92401885986328,39.340335845947266,39.807281494140625,15.83936882019043,2316962
1997-01-17,39.69054412841797,40.5077018737793,39.57380676269531,40.274227142333984,16.02517318725586,1787567
1997-01-20,40.39096450805664,40.5077018737793,39.807281494140625,40.157493591308594,15.978717803955078,1432923
1997-01-21,40.157493591308594,40.157493591308594,39.57380676269531,39.92401885986328,15.885819435119629,1194781
1997-01-22,39.92401885986328,39.92401885986328,39.10686111450195,39.92401885986328,15.885819435119629,1240717
1997-01-23,39.807281494140625,39.807281494140625,38.52317428588867,38.63991165161133,15.374866485595703,1500704
1997-01-24,38.52317428588867,39.22359848022461,37.706016540527344,39.22359848022461,15.607120513916016,1331948
1997-01-27,39.57380676269531,39.57380676269531,38.289703369140625,38.9901237487793,15.5142240524292,1353150
1997-01-28,39.10686111450195,39.457069396972656,38.17296600341797,38.289703369140625,15.23552417755127,1243287
1997-01-29,38.63991165161133,38.87338638305664,38.05622863769531,38.52317428588867,15.328423500061035,1023455
1997-01-30,38.63991165161133,38.756649017333984,37.939491271972656,38.289703369140625,15.23552417755127,1283335
1997-01-31,38.52317428588867,38.52317428588867,37.58927917480469,38.17296600341797,15.189066886901855,1767971
1997-02-03,38.40644073486328,38.52317428588867,38.05622863769531,38.52317428588867,15.328423500061035,1386879
1997-02-04,39.10686111450195,39.22359848022461,38.756649017333984,39.10686111450195,15.560669898986816,1247142
1997-02-05,39.10686111450195,39.10686111450195,38.05622863769531,38.63991165161133,15.374866485595703,1139314
1997-02-06,38.756649017333984,38.87338638305664,38.05622863769531,38.289703369140625,15.23552417755127,1051296
1997-02-07,38.63991165161133,39.22359848022461,38.05622863769531,39.22359848022461,15.607120513916016,1171331
1997-02-10,39.22359848022461,39.57380676269531,39.10686111450195,39.22359848022461,15.607120513916016,785634
1997-02-11,39.457069396972656,39.57380676269531,39.10686111450195,39.57380676269531,15.746469497680664,810476
1997-02-12,39.57380676269531,40.04075622558594,39.457069396972656,39.92401885986328,15.885819435119629,806086
1997-02-13,40.04075622558594,40.04075622558594,39.340335845947266,39.69054412841797,15.792914390563965,1037376
1997-02-14,39.69054412841797,40.157493591308594,39.457069396972656,40.157493591308594,15.978717803955078,1185572
1997-02-18,40.157493591308594,40.274227142333984,39.807281494140625,40.157493591308594,15.978717803955078,798162
1997-02-19,39.92401885986328,39.92401885986328,39.22359848022461,39.457069396972656,15.791834831237793,851916
1997-02-20,39.340335845947266,39.457069396972656,38.756649017333984,39.10686111450195,15.651667594909668,753082
1997-02-21,39.10686111450195,39.457069396972656,38.289703369140625,38.87338638305664,15.55822467803955,972593
1997-02-24,38.9901237487793,40.274227142333984,38.9901237487793,40.157493591308594,16.072162628173828,1425214
1997-02-25,40.39096450805664,40.5077018737793,39.340335845947266,40.274227142333984,16.118885040283203,1692588
1997-02-26,40.274227142333984,40.74117660522461,39.92401885986328,40.62443923950195,16.25904083251953,1525653
1997-02-27,40.62443923950195,40.62443923950195,39.57380676269531,39.92401885986328,15.978721618652344,1141670
1997-02-28,39.340335845947266,39.92401885986328,38.756649017333984,38.87338638305664,15.55822467803955,1841534
1997-03-03,38.9901237487793,39.92401885986328,38.289703369140625,39.92401885986328,15.978721618652344,2016608
1997-03-04,39.807281494140625,39.807281494140625,38.756649017333984,39.10686111450195,15.651667594909668,1101408
1997-03-05,39.457069396972656,39.57380676269531,38.87338638305664,39.22359848022461,15.698389053344727,958245
1997-03-06,39.22359848022461,39.457069396972656,38.9901237487793,39.22359848022461,15.698389053344727,1140706
1997-03-07,39.340335845947266,39.69054412841797,39.22359848022461,39.69054412841797,15.885270118713379,616450
1997-03-10,39.69054412841797,39.92401885986328,39.10686111450195,39.92401885986328,15.978721618652344,664421
1997-03-11,39.69054412841797,39.807281494140625,38.9901237487793,39.69054412841797,15.885270118713379,871725
1997-03-12,39.69054412841797,40.5077018737793,39.57380676269531,40.274227142333984,16.118885040283203,1553922
1997-03-13,40.274227142333984,40.274227142333984,39.457069396972656,39.92401885986328,15.978721618652344,829001
1997-03-14,39.92401885986328,40.5077018737793,39.57380676269531,40.5077018737793,16.212322235107422,944003
1997-03-17,40.5077018737793,40.74117660522461,39.92401885986328,40.5077018737793,16.212322235107422,927299
1997-03-18,40.39096450805664,40.5077018737793,39.92401885986328,40.39096450805664,16.16560173034668,828787
1997-03-19,40.274227142333984,40.39096450805664,39.57380676269531,39.807281494140625,15.932000160217285,1003753
1997-03-20,39.57380676269531,39.69054412841797,38.9901237487793,39.57380676269531,15.838550567626953,1083205
1997-03-21,39.57380676269531,39.57380676269531,39.10686111450195,39.10686111450195,15.651667594909668,1086203
1997-03-24,39.340335845947266,40.04075622558594,39.22359848022461,40.04075622558594,16.025434494018555,808977
1997-03-25,39.92401885986328,40.04075622558594,38.40644073486328,39.22359848022461,15.698389053344727,1296291
1997-03-26,38.87338638305664,38.87338638305664,38.05622863769531,38.40644073486328,15.371341705322266,1318778
1997-03-27,38.40644073486328,38.40644073486328,37.82275390625,38.289703369140625,15.324621200561523,756830
1997-03-31,38.05622863769531,38.289703369140625,36.188438415527344,36.42190933227539,14.57707405090332,1635623
1997-04-01,36.30517578125,37.58927917480469,36.07170104980469,37.58927917480469,15.044292449951172,1571483
1997-04-02,37.47254180908203,37.58927917480469,36.77212142944336,37.239070892333984,14.904129028320312,905883
1997-04-03,37.00559616088867,37.00559616088867,36.07170104980469,36.42190933227539,14.57707405090332,755117
1997-04-04,36.42190933227539,37.47254180908203,36.30517578125,37.35580825805664,14.95084285736084,955139
1997-04-07,37.706016540527344,37.706016540527344,37.12233352661133,37.35580825805664,14.95084285736084,809191
1997-04-08,37.47254180908203,38.17296600341797,36.77212142944336,38.17296600341797,15.27789306640625,1577907
1997-04-09,38.17296600341797,38.17296600341797,37.35580825805664,37.706016540527344,15.091009140014648,1076138
1997-04-10,37.939491271972656,38.87338638305664,37.58927917480469,38.289703369140625,15.324621200561523,1183752
1997-04-11,37.82275390625,38.05622863769531,37.00559616088867,37.47254180908203,14.997567176818848,1337302
1997-04-14,37.35580825805664,37.35580825805664,36.30517578125,36.77212142944336,14.717240333557129,891106
1997-04-15,37.00559616088867,37.12233352661133,36.188438415527344,36.6553840637207,14.670517921447754,1319527
1997-04-16,36.6553840637207,38.05622863769531,36.30517578125,37.939491271972656,15.184454917907715,1376600
1997-04-17,38.05622863769531,39.69054412841797,38.05622863769531,39.10686111450195,15.651667594909668,1718073
1997-04-18,39.340335845947266,39.457069396972656,38.63991165161133,39.340335845947266,15.745111465454102,841529
1997-04-21,39.57380676269531,39.57380676269531,38.52317428588867,38.9901237487793,15.604950904846191,693011
1997-04-22,38.9901237487793,39.340335845947266,38.52317428588867,39.22359848022461,15.698389053344727,706610
1997-04-23,39.340335845947266,39.340335845947266,38.289703369140625,38.756649017333984,15.511507987976074,1069927
1997-04-24,39.340335845947266,39.92401885986328,38.9901237487793,39.22359848022461,15.698389053344727,1509591
1997-04-25,39.10686111450195,39.10686111450195,38.289703369140625,38.87338638305664,15.55822467803955,1056435
1997-04-28,38.289703369140625,39.22359848022461,38.17296600341797,39.22359848022461,15.698389053344727,886074
1997-04-29,39.457069396972656,39.57380676269531,38.756649017333984,38.9901237487793,15.604950904846191,929869
1997-04-30,38.9901237487793,39.92401885986328,38.87338638305664,39.457069396972656,15.791834831237793,1354221
1997-05-01,39.457069396972656,40.274227142333984,38.87338638305664,39.92401885986328,15.978721618652344,1028274
1997-05-02,40.04075622558594,40.5077018737793,39.457069396972656,40.157493591308594,16.072162628173828,843457
1997-05-05,41.908546447753906,42.49222946166992,41.44159698486328,42.25875473022461,16.913145065307617,3915750
1997-05-06,42.375492095947266,42.49222946166992,41.55833435058594,42.375492095947266,16.959861755371094,2232478
1997-05-07,42.14201736450195,42.25875473022461,41.20812225341797,41.55833435058594,16.6328182220459,1352507
1997-05-08,41.09138870239258,42.60896682739258,40.74117660522461,42.25875473022461,16.913145065307617,1937691
1997-05-09,42.375492095947266,42.725704193115234,41.55833435058594,41.79180908203125,16.726261138916016,1318992
1997-05-12,41.79180908203125,42.84244155883789,41.79180908203125,42.84244155883789,17.146757125854492,1164692
1997-05-13,42.84244155883789,43.776336669921875,42.25875473022461,43.776336669921875,17.520523071289062,1981057
1997-05-14,44.126548767089844,44.36001968383789,43.54286193847656,43.65959930419922,17.47381019592285,1577158
1997-05-15,43.89307403564453,44.00981140136719,43.192649841308594,43.65959930419922,17.47381019592285,991974
1997-05-16,43.776336669921875,44.00981140136719,43.30938720703125,43.30938720703125,17.33363914489746,1156125
1997-05-19,43.776336669921875,43.89307403564453,43.30938720703125,43.776336669921875,17.520523071289062,700186
1997-05-20,43.776336669921875,44.126548767089844,43.30938720703125,44.126548767089844,17.660686492919922,939827
1997-05-21,43.776336669921875,44.00981140136719,43.07591247558594,43.65959930419922,17.566753387451172,1155376
1997-05-22,43.776336669921875,44.5934944152832,43.65959930419922,44.47675704956055,17.895540237426758,1230224
1997-05-23,44.71023178100586,45.52738952636719,44.5934944152832,44.71023178100586,17.989479064941406,1361074
1997-05-27,44.47675704956055,45.293914794921875,44.243282318115234,45.06044387817383,18.130388259887695,1432174
1997-05-28,45.17717742919922,45.293914794921875,44.71023178100586,45.293914794921875,18.224327087402344,1146274
1997-05-29,45.293914794921875,46.1110725402832,45.17717742919922,45.41065216064453,18.27129554748535,2232906
1997-05-30,44.71023178100586,45.06044387817383,44.5934944152832,44.71023178100586,17.989479064941406,1135245
1997-06-02,45.06044387817383,45.293914794921875,44.71023178100586,45.293914794921875,18.224327087402344,1178077
1997-06-03,45.06044387817383,45.17717742919922,44.47675704956055,44.94370651245117,18.08342170715332,1208487
1997-06-04,44.94370651245117,44.94370651245117,43.89307403564453,44.243282318115234,17.801593780517578,1016924
1997-06-05,44.243282318115234,46.22780990600586,44.243282318115234,45.7608642578125,18.41220474243164,1534326
1997-06-06,45.877601623535156,46.344547271728516,45.293914794921875,45.99433517456055,18.506145477294922,1249284
1997-06-09,45.99433517456055,45.99433517456055,45.52738952636719,45.644126892089844,18.3652286529541,926549
1997-06-10,45.7608642578125,46.46128463745117,45.644126892089844,46.46128463745117,18.694028854370117,1193496
1997-06-11,46.46128463745117,47.51191711425781,45.877601623535156,47.04496765136719,18.928876876831055,2069290
1997-06-12,47.04496765136719,48.4458122253418,46.81149673461914,47.97886276245117,19.304637908935547,1788638
1997-06-13,47.862125396728516,48.212337493896484,47.395179748535156,47.62865447998047,19.163728713989258,1214269
1997-06-16,47.161705017089844,47.62865447998047,47.161705017089844,47.62865447998047,19.163728713989258,983408
1997-06-17,47.51191711425781,47.51191711425781,46.22780990600586,46.46128463745117,18.694028854370117,1579299
1997-06-18,46.46128463745117,46.694759368896484,45.644126892089844,45.99433517456055,18.506145477294922,1426177
1997-06-19,46.344547271728516,47.51191711425781,46.344547271728516,47.395179748535156,19.069782257080078,1117149
1997-06-20,47.395179748535156,47.395179748535156,46.46128463745117,46.92823028564453,18.88190460205078,1188142
1997-06-23,47.161705017089844,47.161705017089844,45.644126892089844,45.7608642578125,18.41220474243164,860803
1997-06-24,46.344547271728516,47.51191711425781,45.99433517456055,47.51191711425781,19.11675453186035,1152699
1997-06-25,47.04496765136719,47.103336334228516,46.1110725402832,46.81149673461914,18.83493995666504,1244037
1997-06-26,46.344547271728516,46.81149673461914,45.99433517456055,46.344547271728516,18.64706039428711,821184
1997-06-27,46.5196533203125,46.81149673461914,45.7608642578125,45.81923294067383,18.43568992614746,804373
1997-06-30,46.052703857421875,46.402915954589844,45.17717742919922,45.3522834777832,18.24781036376953,1318885
1997-07-01,45.41065216064453,47.04496765136719,45.06044387817383,46.75312805175781,18.811460494995117,1006002
1997-07-02,46.98659896850586,47.161705017089844,46.344547271728516,47.04496765136719,18.928876876831055,964134
1997-07-03,47.62865447998047,47.97886276245117,46.5196533203125,47.2784423828125,19.02281951904297,936508
1997-07-07,47.453548431396484,48.0372314453125,47.103336334228516,47.80376052856445,19.23418617248535,1149701
1997-07-08,48.153968811035156,53.2903938293457,47.97886276245117,52.41486740112305,21.0894832611084,4452962
1997-07-09,52.06465530395508,52.181392669677734,50.13849639892578,51.30586624145508,20.643280029296875,5196301
1997-07-10,51.59770965576172,54.399391174316406,51.59770965576172,54.16592025756836,21.794042587280273,4856755
1997-07-11,54.10755157470703,54.10755157470703,52.99855041503906,53.58223342895508,21.559185028076172,1548996
1997-07-14,53.87407684326172,56.20881652832031,53.58223342895508,55.74186706542969,22.428133010864258,2242864
1997-07-15,55.858604431152344,55.858604431152344,53.81570816040039,54.63286590576172,21.981922149658203,1586259
1997-07-16,54.98307800292969,56.150447845458984,54.8079719543457,55.91697311401367,22.498594284057617,2187290
1997-07-17,56.96760559082031,56.96760559082031,55.68349838256836,55.975341796875,22.522064208984375,1779215
1997-07-18,56.03371047973633,56.03371047973633,54.341026306152344,54.92470932006836,22.099349975585938,1822260
1997-07-21,55.099815368652344,55.099815368652344,53.232025146484375,53.640602111816406,21.582679748535156,1314173
1997-07-22,53.93244552612305,55.216552734375,52.881813049316406,55.15818405151367,22.19328498840332,1109868
1997-07-23,55.5667610168457,55.91697311401367,54.63286590576172,55.62512969970703,22.38116455078125,823647
1997-07-24,55.5667610168457,55.62512969970703,54.69123458862305,55.27492141723633,22.24024772644043,893248
1997-07-25,55.041446685791016,55.099815368652344,53.11528778076172,53.34876251220703,21.465240478515625,1058042
1997-07-28,53.2903938293457,53.87407684326172,52.5316047668457,52.70670700073242,21.206912994384766,1563345
1997-07-29,52.589969635009766,53.640602111816406,52.06465530395508,53.46549987792969,21.512231826782227,718817
1997-07-30,53.58223342895508,53.990814208984375,52.940181732177734,53.87407684326172,21.676618576049805,864230
1997-07-31,54.282657623291016,54.282657623291016,52.29813003540039,52.41486740112305,21.0894832611084,1972170
1997-08-01,52.5316047668457,54.0491828918457,51.24749755859375,53.93244552612305,21.70009994506836,1727924
1997-08-04,53.58223342895508,53.698970794677734,52.70670700073242,53.2903938293457,21.441768646240234,982980
1997-08-05,53.232025146484375,53.81570816040039,52.5316047668457,52.82344436645508,21.253896713256836,601674
1997-08-06,53.05691909790039,54.10755157470703,52.881813049316406,53.75733947753906,21.629648208618164,952141
1997-08-07,53.81570816040039,54.22428894042969,52.881813049316406,53.232025146484375,21.41827964782715,935865
1997-08-08,52.648338317871094,52.940181732177734,51.71444320678711,51.94791793823242,20.901620864868164,756723
1997-08-11,52.00628662109375,53.698970794677734,51.94791793823242,53.523868560791016,21.535701751708984,1257957
1997-08-12,54.399391174316406,54.63286590576172,53.11528778076172,53.11528778076172,21.371315002441406,1194245
1997-08-13,54.399391174316406,54.399391174316406,53.2903938293457,53.58223342895508,21.559185028076172,1024526
1997-08-14,53.81570816040039,54.399391174316406,53.46549987792969,53.698970794677734,21.606163024902344,750405
1997-08-15,52.76507568359375,53.46549987792969,51.48097229003906,51.48097229003906,20.7137393951416,986835
1997-08-18,52.23976135253906,52.76507568359375,49.32133865356445,50.54707717895508,20.33797836303711,2206672
1997-08-19,50.7221794128418,52.123023986816406,50.19686508178711,51.072391510009766,20.549339294433594,1321455
1997-08-20,51.072391510009766,52.41486740112305,50.780548095703125,52.123023986816406,21.068387985229492,908881
1997-08-21,52.181392669677734,52.5316047668457,50.663814544677734,51.072391510009766,20.64370346069336,809299
1997-08-22,50.19686508178711,50.605445861816406,49.14623260498047,50.25523376464844,20.313400268554688,957281
1997-08-25,50.313602447509766,51.072391510009766,49.72991943359375,51.01402282714844,20.62010955810547,839602
1997-08-26,50.780548095703125,51.831180572509766,50.43033981323242,50.83891677856445,20.549339294433594,1147559
1997-08-27,50.83891677856445,51.01402282714844,49.613182067871094,49.9633903503418,20.19544792175293,748371
1997-08-28,49.72991943359375,50.89728546142578,49.37970733642578,50.13849639892578,20.26622200012207,1147345
1997-08-29,49.72991943359375,50.08012771606445,49.2046012878418,49.262969970703125,19.912334442138672,754046
1997-09-02,49.49644470214844,50.780548095703125,49.262969970703125,50.663814544677734,20.478553771972656,1937905
1997-09-03,50.54707717895508,51.18912887573242,50.08012771606445,50.43033981323242,20.38418960571289,1019922
1997-09-04,50.43033981323242,50.7221794128418,50.08012771606445,50.313602447509766,20.33700942993164,662922
1997-09-05,50.43033981323242,50.89728546142578,50.19686508178711,50.48870849609375,20.407785415649414,764754
1997-09-08,50.25523376464844,50.313602447509766,48.971126556396484,49.9633903503418,20.19544792175293,1719037
1997-09-09,49.613182067871094,50.371971130371094,49.37970733642578,50.021759033203125,20.219043731689453,1319741
1997-09-10,50.021759033203125,50.313602447509766,49.78828430175781,49.9633903503418,20.19544792175293,1301003
1997-09-11,49.72991943359375,49.72991943359375,48.32907485961914,48.4458122253418,19.582035064697266,924943
1997-09-12,48.62091827392578,48.679283142089844,46.98659896850586,48.27070617675781,19.511249542236328,1415576
1997-09-15,48.73765563964844,50.021759033203125,48.73765563964844,48.912757873535156,19.770788192749023,2369324
1997-09-16,49.32133865356445,49.90502166748047,49.2046012878418,49.554813385009766,20.030302047729492,1247785
1997-09-17,49.67155075073242,52.5316047668457,49.43807601928711,52.181392669677734,21.091962814331055,3155815
1997-09-18,54.749603271484375,55.041446685791016,54.16592025756836,54.22428894042969,21.9177188873291,3671076
1997-09-19,54.57449722290039,54.57449722290039,50.663814544677734,51.30586624145508,20.738079071044922,2350799
1997-09-22,51.30586624145508,51.30586624145508,49.613182067871094,49.84665298461914,20.148263931274414,2768298
1997-09-23,49.84665298461914,50.780548095703125,49.84665298461914,50.19686508178711,20.28981590270996,2197891
1997-09-24,50.43033981323242,50.605445861816406,49.72991943359375,49.9633903503418,20.19544792175293,1819797
1997-09-25,50.313602447509766,50.663814544677734,50.021759033203125,50.19686508178711,20.28981590270996,2019820
1997-09-26,50.43033981323242,50.663814544677734,50.25523376464844,50.313602447509766,20.33700942993164,1064252
1997-09-29,50.313602447509766,51.364234924316406,50.313602447509766,51.18912887573242,20.69089698791504,876972
1997-09-30,51.30586624145508,51.539337158203125,51.130760192871094,51.364234924316406,20.76166343688965,1110296
1997-10-01,51.59770965576172,52.23976135253906,50.89728546142578,51.072391510009766,20.64370346069336,1173793
1997-10-02,50.89728546142578,52.06465530395508,50.89728546142578,51.65607452392578,20.87962532043457,1151414
1997-10-03,51.889549255371094,52.589969635009766,51.01402282714844,51.18912887573242,20.69089698791504,1493422
1997-10-06,51.48097229003906,52.181392669677734,51.364234924316406,51.364234924316406,20.76166343688965,878257
1997-10-07,51.48097229003906,52.35649871826172,51.130760192871094,52.06465530395508,21.044782638549805,1029452
1997-10-08,52.76507568359375,53.11528778076172,52.29813003540039,52.589969635009766,21.257129669189453,1375743
1997-10-09,52.473236083984375,53.523868560791016,52.41486740112305,53.11528778076172,21.469459533691406,1261705
1997-10-10,52.881813049316406,53.58223342895508,52.29813003540039,52.99855041503906,21.422283172607422,812083
1997-10-13,53.34876251220703,54.63286590576172,53.34876251220703,53.640602111816406,21.681795120239258,930618
1997-10-14,53.93244552612305,54.51612854003906,52.76507568359375,53.232025146484375,21.51664161682129,2038559
1997-10-15,52.881813049316406,53.990814208984375,52.5316047668457,53.523868560791016,21.63460350036621,969488
1997-10-16,53.87407684326172,54.341026306152344,53.46549987792969,53.640602111816406,21.681795120239258,880399
1997-10-17,52.5316047668457,54.0491828918457,52.5316047668457,53.46549987792969,21.61101531982422,1365892
1997-10-20,52.99855041503906,53.17365646362305,52.41486740112305,52.76507568359375,21.32790756225586,584862
1997-10-21,52.5316047668457,53.81570816040039,52.06465530395508,53.640602111816406,21.681795120239258,871190
1997-10-22,53.11528778076172,53.58223342895508,52.940181732177734,53.523868560791016,21.63460350036621,1012319
1997-10-23,52.589969635009766,52.76507568359375,51.65607452392578,51.94791793823242,20.99759864807129,1078494
1997-10-24,52.29813003540039,52.473236083984375,49.43807601928711,49.67155075073242,20.07748794555664,1452411
1997-10-27,49.08786392211914,50.08012771606445,44.47675704956055,44.47675704956055,17.97772789001465,1586045
1997-10-28,40.157493591308594,44.826969146728516,40.157493591308594,43.89307403564453,17.74180030822754,3670005
1997-10-29,44.184913635253906,45.52738952636719,44.126548767089844,44.5934944152832,18.024913787841797,1836287
1997-10-30,43.192649841308594,44.126548767089844,43.192649841308594,43.30938720703125,17.5058536529541,1585617
1997-10-31,43.484493255615234,43.71796798706055,40.5077018737793,42.02528381347656,16.986835479736328,4769593
1997-11-03,42.84244155883789,45.002071380615234,42.725704193115234,45.002071380615234,18.1900577545166,1862415
1997-11-04,44.94370651245117,44.94370651245117,43.484493255615234,43.65959930419922,17.647424697875977,1507343
1997-11-05,43.776336669921875,43.89307403564453,43.017547607421875,43.426124572753906,17.55304527282715,1567307
1997-11-06,44.243282318115234,44.535125732421875,43.484493255615234,44.535125732421875,18.00132179260254,1272627
1997-11-07,43.89307403564453,44.30165100097656,43.776336669921875,44.126548767089844,17.836166381835938,2308717
1997-11-10,45.17717742919922,45.17717742919922,44.36001968383789,44.5934944152832,18.024913787841797,957923
1997-11-11,44.826969146728516,45.17717742919922,44.06817626953125,44.30165100097656,17.906940460205078,721066
1997-11-12,43.89307403564453,44.243282318115234,43.484493255615234,43.71796798706055,17.671018600463867,1805877
1997-11-13,43.8347053527832,44.243282318115234,43.30938720703125,43.89307403564453,17.74180030822754,791738
1997-11-14,44.30165100097656,44.47675704956055,43.25101852416992,43.95144271850586,17.765390396118164,551454
1997-11-17,44.65186309814453,45.002071380615234,43.65959930419922,44.243282318115234,17.883352279663086,1950861
1997-11-18,44.36001968383789,44.826969146728516,43.776336669921875,44.243282318115234,17.883352279663086,1203240
1997-11-19,44.126548767089844,44.184913635253906,43.65959930419922,43.89307403564453,17.83591651916504,1456802
1997-11-20,44.126548767089844,44.126548767089844,43.30938720703125,43.65959930419922,17.74104118347168,3224024
1997-11-21,43.89307403564453,43.95144271850586,43.426124572753906,43.8347053527832,17.81220054626465,2049695
1997-11-24,43.8347053527832,44.243282318115234,43.30938720703125,43.426124572753906,17.64617347717285,1278837
1997-11-25,43.776336669921875,44.184913635253906,43.60123062133789,44.06817626953125,17.90706443786621,1168975
1997-11-26,44.826969146728516,44.826969146728516,44.126548767089844,44.243282318115234,17.978219985961914,1052259
1997-11-28,44.243282318115234,44.36001968383789,44.126548767089844,44.36001968383789,18.025651931762695,595356
1997-12-01,44.71023178100586,45.23554611206055,44.41838836669922,45.002071380615234,18.28655242919922,904920
1997-12-02,45.23554611206055,46.28617858886719,45.11880874633789,45.99433517456055,18.68976402282715,1287618
1997-12-03,45.93596649169922,45.93596649169922,43.25101852416992,43.89307403564453,17.83591651916504,2711975
1997-12-04,43.776336669921875,44.06817626953125,43.07591247558594,43.25101852416992,17.57501792907715,1764010
1997-12-05,43.30938720703125,44.06817626953125,41.675071716308594,42.14201736450195,17.124378204345703,2618924
1997-12-08,42.08365249633789,43.134281158447266,41.55833435058594,42.08365249633789,17.10066032409668,2678459
1997-12-09,41.908546447753906,42.55059814453125,41.149757385253906,41.55833435058594,16.8872013092041,2670749
1997-12-10,41.09138870239258,41.26649475097656,38.93175506591797,39.515438079833984,16.057071685791016,2117690
1997-12-11,38.289703369140625,40.62443923950195,37.239070892333984,40.099124908447266,16.294252395629883,2735104
1997-12-12,40.099124908447266,40.099124908447266,39.22359848022461,39.63217544555664,16.104501724243164,1505415
1997-12-15,40.099124908447266,41.03302001953125,40.099124908447266,40.916282653808594,16.626296997070312,1248320
1997-12-16,41.324859619140625,41.324859619140625,39.807281494140625,40.68280792236328,16.531429290771484,1486141
1997-12-17,41.26649475097656,41.73344039916992,40.39096450805664,41.55833435058594,16.8872013092041,1157410
1997-12-18,40.74117660522461,41.03302001953125,39.22359848022461,39.92401885986328,16.22309684753418,1208701
1997-12-19,40.04075622558594,40.04075622558594,39.22359848022461,39.807281494140625,16.17565155029297,1642797
1997-12-22,40.566070556640625,40.74117660522461,39.63217544555664,39.69054412841797,16.128219604492188,1068535
1997-12-23,39.807281494140625,40.157493591308594,39.28196334838867,39.7489128112793,16.15194320678711,767859
1997-12-24,40.099124908447266,40.099124908447266,39.22359848022461,39.807281494140625,16.17565155029297,434203
1997-12-26,39.57380676269531,40.157493591308594,39.57380676269531,39.92401885986328,16.22309684753418,552096
1997-12-29,40.62443923950195,40.74117660522461,40.04075622558594,40.099124908447266,16.294252395629883,954390
1997-12-30,40.099124908447266,41.03302001953125,39.92401885986328,40.79954528808594,16.578859329223633,1200028
1997-12-31,41.03302001953125,41.324859619140625,40.157493591308594,40.274227142333984,16.365402221679688,1287404
1998-01-02,42.02528381347656,42.375492095947266,41.149757385253906,42.20038986206055,17.148094177246094,1638835
1998-01-05,43.017547607421875,43.426124572753906,42.55059814453125,43.07591247558594,17.503854751586914,2185684
1998-01-06,43.07591247558594,43.60123062133789,42.55059814453125,43.25101852416992,17.57501792907715,1932872
1998-01-07,43.89307403564453,43.95144271850586,41.73344039916992,42.95917892456055,17.4564266204834,1853634
1998-01-08,42.90081024169922,42.90081024169922,41.38322830200195,41.79180908203125,16.982065200805664,1024419
1998-01-09,41.20812225341797,41.26649475097656,39.048492431640625,39.86565017700195,16.199382781982422,2712831
1998-01-12,38.9901237487793,40.04075622558594,38.17296600341797,39.16522979736328,15.91476058959961,2339556
1998-01-13,39.16522979736328,40.33259582519531,38.52317428588867,39.807281494140625,16.17565155029297,2953758
1998-01-14,40.099124908447266,40.099124908447266,39.340335845947266,40.099124908447266,16.294252395629883,1936192
1998-01-15,40.157493591308594,40.21586227416992,38.93175506591797,39.22359848022461,15.938470840454102,1766472
1998-01-16,40.157493591308594,40.74117660522461,39.28196334838867,40.74117660522461,16.555150985717773,2103020
1998-01-20,41.73344039916992,43.017547607421875,40.97465133666992,42.90081024169922,17.43269920349121,2749773
1998-01-21,42.90081024169922,42.90081024169922,41.85017776489258,42.433860778808594,17.242963790893555,1580156
1998-01-22,42.60896682739258,42.84244155883789,41.675071716308594,42.60896682739258,17.314125061035156,1116078
1998-01-23,42.78407287597656,42.84244155883789,41.20812225341797,41.73344039916992,16.958341598510742,1311496
1998-01-26,42.14201736450195,42.667335510253906,41.79180908203125,42.60896682739258,17.314125061035156,1005894
1998-01-27,42.49222946166992,42.90081024169922,41.55833435058594,42.667335510253906,17.337825775146484,1722999
1998-01-28,42.95917892456055,44.535125732421875,42.20038986206055,44.36001968383789,18.025651931762695,1868411
1998-01-29,44.30165100097656,44.71023178100586,43.89307403564453,44.535125732421875,18.09680938720703,1701690
1998-01-30,43.89307403564453,44.36001968383789,42.08365249633789,42.667335510253906,17.337825775146484,1622880
1998-02-02,43.426124572753906,45.17717742919922,43.017547607421875,44.47675704956055,18.073097229003906,2551892
1998-02-03,44.826969146728516,45.70249557495117,44.30165100097656,45.70249557495117,18.571176528930664,1849244
1998-02-04,45.46902084350586,45.46902084350586,44.243282318115234,44.47675704956055,18.073097229003906,1567628
1998-02-05,44.47675704956055,44.65186309814453,43.30938720703125,43.89307403564453,17.83591651916504,1679846
1998-02-06,44.76860046386719,45.11880874633789,44.06817626953125,44.5934944152832,18.120534896850586,1135674
1998-02-09,45.06044387817383,45.06044387817383,43.95144271850586,44.5934944152832,18.120534896850586,1041980
1998-02-10,44.5934944152832,45.11880874633789,44.243282318115234,44.41838836669922,18.049386978149414,1201848
1998-02-11,44.30165100097656,45.11880874633789,43.776336669921875,45.002071380615234,18.28655242919922,1440204
1998-02-12,45.002071380615234,45.002071380615234,44.126548767089844,44.885337829589844,18.239126205444336,962099
1998-02-13,44.5934944152832,45.293914794921875,44.5934944152832,44.94370651245117,18.262836456298828,771714
1998-02-17,45.41065216064453,45.877601623535156,45.06044387817383,45.293914794921875,18.4051456451416,1025383
1998-02-18,45.70249557495117,45.70249557495117,44.94370651245117,45.23554611206055,18.476673126220703,867014
1998-02-19,45.41065216064453,45.41065216064453,44.00981140136719,44.5934944152832,18.214420318603516,986406
1998-02-20,44.5934944152832,44.94370651245117,44.36001968383789,44.94370651245117,18.357463836669922,1140920
1998-02-23,45.17717742919922,45.23554611206055,44.243282318115234,44.36001968383789,18.119047164916992,1059005
1998-02-24,44.36001968383789,44.5934944152832,43.89307403564453,43.89307403564453,17.928327560424805,1166940
1998-02-25,44.00981140136719,44.535125732421875,43.60123062133789,44.243282318115234,18.07137680053711,854807
1998-02-26,44.30165100097656,44.30165100097656,43.776336669921875,43.8347053527832,17.904491424560547,995187
1998-02-27,44.06817626953125,44.126548767089844,43.484493255615234,43.54286193847656,17.7852783203125,1175828
1998-03-02,43.484493255615234,45.06044387817383,43.25101852416992,44.94370651245117,18.357463836669922,1572339
1998-03-03,45.002071380615234,45.002071380615234,44.41838836669922,44.826969146728516,18.309785842895508,1694516
1998-03-04,44.76860046386719,45.293914794921875,44.535125732421875,45.293914794921875,18.500503540039062,1132889
1998-03-05,44.65186309814453,45.17717742919922,44.5934944152832,44.71023178100586,18.262102127075195,992938
1998-03-06,44.71023178100586,45.70249557495117,44.71023178100586,45.644126892089844,18.6435604095459,1091236
1998-03-09,45.93596649169922,47.2784423828125,45.81923294067383,46.75312805175781,19.096538543701172,2222412
1998-03-10,46.98659896850586,47.395179748535156,46.28617858886719,47.103336334228516,19.239585876464844,1498241
1998-03-11,47.57028579711914,48.73765563964844,47.453548431396484,48.4458122253418,19.78791618347168,2270276
1998-03-12,48.4458122253418,48.971126556396484,47.862125396728516,48.212337493896484,19.692548751831055,2001188
1998-03-13,48.32907485961914,48.504180908203125,47.51191711425781,47.62865447998047,19.454145431518555,1212770
1998-03-16,47.745391845703125,49.14623260498047,47.745391845703125,49.08786392211914,20.0501708984375,1265774
1998-03-17,48.7960205078125,48.912757873535156,47.862125396728516,48.32907485961914,19.740236282348633,1023241
1998-03-18,47.62865447998047,47.6870231628418,46.402915954589844,46.694759368896484,19.07269287109375,1579728
1998-03-19,46.694759368896484,46.92823028564453,46.22780990600586,46.694759368896484,19.07269287109375,1202169
1998-03-20,46.86986541748047,46.86986541748047,46.22780990600586,46.57802200317383,19.024999618530273,1530686
1998-03-23,46.57802200317383,46.57802200317383,46.16944122314453,46.344547271728516,18.929649353027344,809513
1998-03-24,46.5196533203125,46.57802200317383,45.81923294067383,45.877601623535156,18.738916397094727,1127321
1998-03-25,46.28617858886719,46.402915954589844,45.585758209228516,45.81923294067383,18.71508026123047,1180432
1998-03-26,45.70249557495117,45.7608642578125,44.76860046386719,45.70249557495117,18.667404174804688,1380562
1998-03-27,45.99433517456055,46.16944122314453,44.826969146728516,45.3522834777832,18.52434539794922,1380133
1998-03-30,45.70249557495117,46.344547271728516,45.11880874633789,45.52738952636719,18.59587860107422,822362
1998-03-31,45.7608642578125,45.81923294067383,43.426124572753906,43.776336669921875,17.880643844604492,2186755
1998-04-01,43.89307403564453,45.52738952636719,43.89307403564453,45.3522834777832,18.52434539794922,1774932
1998-04-02,45.46902084350586,46.694759368896484,45.23554611206055,46.636390686035156,19.048852920532227,2565277
1998-04-03,46.694759368896484,46.694759368896484,45.93596649169922,46.052703857421875,18.810447692871094,1115114
1998-04-06,46.636390686035156,46.636390686035156,45.293914794921875,45.7608642578125,18.691240310668945,771072
1998-04-07,45.7608642578125,45.7608642578125,44.535125732421875,45.002071380615234,18.381301879882812,886716
1998-04-08,45.70249557495117,45.70249557495117,44.30165100097656,44.826969146728516,18.309785842895508,965847
1998-04-09,45.41065216064453,45.41065216064453,44.71023178100586,45.002071380615234,18.381301879882812,862195
1998-04-13,45.52738952636719,48.0372314453125,45.17717742919922,47.62865447998047,19.454145431518555,2196285
1998-04-14,49.262969970703125,51.24749755859375,49.08786392211914,50.780548095703125,20.741552352905273,4147896
1998-04-15,50.83891677856445,50.83891677856445,49.554813385009766,50.021759033203125,20.431604385375977,1693231
1998-04-16,50.25523376464844,50.43033981323242,49.72991943359375,50.313602447509766,20.55082893371582,1265131
1998-04-17,50.780548095703125,51.364234924316406,50.43033981323242,50.95565414428711,20.813068389892578,1514410
1998-04-20,50.95565414428711,50.95565414428711,49.14623260498047,49.78828430175781,20.33625030517578,988227
1998-04-21,50.13849639892578,51.539337158203125,49.32133865356445,51.539337158203125,21.051483154296875,1513125
1998-04-22,51.59770965576172,51.59770965576172,50.313602447509766,50.83891677856445,20.765396118164062,870654
1998-04-23,50.83891677856445,50.89728546142578,49.72991943359375,50.313602447509766,20.55082893371582,536463
1998-04-24,50.08012771606445,50.371971130371094,48.912757873535156,49.554813385009766,20.240896224975586,723208
1998-04-27,48.27070617675781,49.37970733642578,47.161705017089844,47.92049789428711,19.573362350463867,1435814
1998-04-28,48.85438919067383,49.2046012878418,48.09560012817383,48.56254959106445,19.835607528686523,1010713
1998-04-29,48.56254959106445,48.912757873535156,48.212337493896484,48.38744354248047,19.764076232910156,583577
1998-04-30,48.971126556396484,49.32133865356445,48.4458122253418,48.73765563964844,19.907119750976562,1225512
1998-05-01,48.971126556396484,49.14623260498047,47.97886276245117,49.08786392211914,20.0501708984375,755117
1998-05-04,50.371971130371094,50.780548095703125,49.49644470214844,49.9633903503418,20.40777587890625,1637015
1998-05-05,49.9633903503418,49.9633903503418,48.679283142089844,48.912757873535156,19.978639602661133,832427
1998-05-06,48.971126556396484,50.13849639892578,48.32907485961914,49.43807601928711,20.193214416503906,1198957
1998-05-07,49.43807601928711,49.43807601928711,48.56254959106445,48.62091827392578,19.859439849853516,628764
1998-05-08,48.971126556396484,49.37970733642578,48.73765563964844,48.912757873535156,19.978639602661133,554452
1998-05-11,49.37970733642578,50.08012771606445,49.37970733642578,49.49644470214844,20.2170467376709,832963
1998-05-12,50.48870849609375,51.130760192871094,50.08012771606445,50.663814544677734,20.693872451782227,2073894
1998-05-13,51.24749755859375,51.422603607177734,50.25523376464844,50.780548095703125,20.741552352905273,1046691
1998-05-14,50.54707717895508,51.59770965576172,50.54707717895508,51.364234924316406,20.979963302612305,1019493
1998-05-15,50.605445861816406,51.072391510009766,49.43807601928711,49.72991943359375,20.312421798706055,1220587
1998-05-18,49.72991943359375,49.90502166748047,48.62091827392578,49.2046012878418,20.09785270690918,888537
1998-05-19,49.67155075073242,49.90502166748047,48.85438919067383,48.85438919067383,19.95479965209961,941862
1998-05-20,49.02949523925781,49.43807601928711,48.679283142089844,49.37970733642578,20.266212463378906,887680
1998-05-21,49.43807601928711,49.43807601928711,47.97886276245117,48.38744354248047,19.858985900878906,836925
1998-05-22,48.7960205078125,48.7960205078125,47.22007369995117,47.395179748535156,19.451730728149414,889714
1998-05-26,48.153968811035156,48.4458122253418,46.344547271728516,46.402915954589844,19.04450035095215,978911
1998-05-27,46.344547271728516,46.344547271728516,44.47675704956055,44.94370651245117,18.44561195373535,2107838
1998-05-28,44.826969146728516,45.002071380615234,43.017547607421875,43.8347053527832,17.990468978881836,2105804
1998-05-29,43.8347053527832,44.243282318115234,42.95917892456055,42.95917892456055,17.63113021850586,1073782
1998-06-01,43.30938720703125,44.00981140136719,43.192649841308594,43.8347053527832,17.990468978881836,1557027
1998-06-02,44.06817626953125,44.76860046386719,43.54286193847656,43.89307403564453,18.014413833618164,1319634
1998-06-03,44.36001968383789,45.002071380615234,43.65959930419922,43.89307403564453,18.014413833618164,734022
1998-06-04,44.00981140136719,44.47675704956055,43.54286193847656,44.47675704956055,18.25397300720215,579937
1998-06-05,44.47675704956055,44.5934944152832,43.8347053527832,44.30165100097656,18.182109832763672,761970
1998-06-08,44.65186309814453,45.002071380615234,44.243282318115234,44.5934944152832,18.3018798828125,804052
1998-06-09,44.36001968383789,44.36001968383789,43.776336669921875,43.8347053527832,17.990468978881836,874081
1998-06-10,43.89307403564453,44.00981140136719,42.95917892456055,43.134281158447266,17.702999114990234,1387736
1998-06-11,43.134281158447266,43.36775588989258,41.324859619140625,41.85017776489258,17.17599105834961,1338373
1998-06-12,41.908546447753906,42.14201736450195,40.97465133666992,41.966915130615234,17.22389793395996,1121753
1998-06-15,41.85017776489258,41.85017776489258,40.44933319091797,41.03302001953125,16.840614318847656,1562916
1998-06-16,42.725704193115234,42.725704193115234,40.33259582519531,40.74117660522461,16.7208309173584,1519442
1998-06-17,40.68280792236328,41.908546447753906,40.62443923950195,41.616703033447266,17.080163955688477,1937155
1998-06-18,41.966915130615234,42.375492095947266,41.03302001953125,41.26649475097656,16.93642807006836,1190283
1998-06-19,41.26649475097656,41.616703033447266,40.916282653808594,41.09138870239258,16.86456298828125,1373495
1998-06-22,41.324859619140625,41.324859619140625,40.62443923950195,40.74117660522461,16.7208309173584,1113080
1998-06-23,41.09138870239258,41.149757385253906,40.274227142333984,40.566070556640625,16.648969650268555,1237291
1998-06-24,40.857913970947266,40.97465133666992,39.69054412841797,40.68280792236328,16.696880340576172,913486
1998-06-25,40.68280792236328,41.20812225341797,40.21586227416992,40.39096450805664,16.577098846435547,1064895
1998-06-26,40.5077018737793,41.149757385253906,40.33259582519531,40.97465133666992,16.816648483276367,1591613
1998-06-29,41.09138870239258,41.26649475097656,39.92401885986328,40.04075622558594,16.43337059020996,2021533
1998-06-30,40.157493591308594,40.157493591308594,39.69054412841797,40.157493591308594,16.481279373168945,2040165
1998-07-01,40.44933319091797,40.857913970947266,39.92401885986328,40.44933319091797,16.60104751586914,2103341
1998-07-02,40.274227142333984,40.566070556640625,39.807281494140625,40.5077018737793,16.6250057220459,1529187
1998-07-06,40.62443923950195,40.857913970947266,40.5077018737793,40.857913970947266,16.768741607666016,944753
1998-07-07,40.62443923950195,40.79954528808594,40.274227142333984,40.68280792236328,16.696880340576172,1527902
1998-07-08,40.97465133666992,41.149757385253906,40.79954528808594,40.857913970947266,16.768741607666016,1353043
1998-07-09,40.97465133666992,40.97465133666992,40.274227142333984,40.5077018737793,16.6250057220459,1781035
1998-07-10,40.5077018737793,40.62443923950195,40.274227142333984,40.44933319091797,16.60104751586914,1168011
1998-07-13,40.74117660522461,40.857913970947266,39.7489128112793,40.04075622558594,16.43337059020996,1434315
1998-07-14,40.274227142333984,41.149757385253906,40.099124908447266,40.68280792236328,16.696880340576172,2635521
1998-07-15,40.79954528808594,40.857913970947266,39.807281494140625,40.157493591308594,16.481279373168945,1825687
1998-07-16,40.97465133666992,42.14201736450195,40.62443923950195,41.85017776489258,17.17599105834961,1842177
1998-07-17,42.31712341308594,42.49222946166992,41.79180908203125,42.25875473022461,17.343666076660156,1559276
1998-07-20,42.60896682739258,42.78407287597656,42.31712341308594,42.375492095947266,17.39158058166504,1293507
1998-07-21,42.95917892456055,42.95917892456055,42.375492095947266,42.375492095947266,17.39158058166504,1330985
1998-07-22,42.433860778808594,42.55059814453125,42.20038986206055,42.375492095947266,17.39158058166504,1031272
1998-07-23,42.60896682739258,42.60896682739258,40.916282653808594,41.09138870239258,16.86456298828125,1563023
1998-07-24,41.675071716308594,41.73344039916992,40.04075622558594,40.62443923950195,16.67292022705078,1094234
1998-07-27,40.62443923950195,41.03302001953125,40.21586227416992,41.03302001953125,16.840614318847656,844420
1998-07-28,41.09138870239258,41.324859619140625,39.57380676269531,40.099124908447266,16.45732307434082,1128071
1998-07-29,40.33259582519531,40.566070556640625,39.39870071411133,39.515438079833984,16.217777252197266,835426
1998-07-30,41.09138870239258,41.09138870239258,40.157493591308594,40.74117660522461,16.7208309173584,1609603
1998-07-31,40.97465133666992,41.675071716308594,40.79954528808594,41.675071716308594,17.104110717773438,1764331
1998-08-03,42.14201736450195,42.60896682739258,41.675071716308594,42.02528381347656,17.24785041809082,1985876
1998-08-04,42.49222946166992,42.49222946166992,39.92401885986328,40.157493591308594,16.481279373168945,1378206
1998-08-05,40.21586227416992,40.79954528808594,39.457069396972656,40.157493591308594,16.481279373168945,1074318
1998-08-06,40.21586227416992,40.39096450805664,39.457069396972656,39.807281494140625,16.337547302246094,879863
1998-08-07,40.916282653808594,40.97465133666992,39.69054412841797,40.39096450805664,16.577098846435547,999149
1998-08-10,41.09138870239258,41.26649475097656,40.566070556640625,41.149757385253906,16.888517379760742,1623844
1998-08-11,41.03302001953125,41.03302001953125,39.63217544555664,39.807281494140625,16.337547302246094,1358504
1998-08-12,40.274227142333984,40.39096450805664,39.7489128112793,40.274227142333984,16.529193878173828,828894
1998-08-13,40.274227142333984,40.566070556640625,40.04075622558594,40.274227142333984,16.529193878173828,570300
1998-08-14,40.33259582519531,40.62443923950195,37.82275390625,38.9901237487793,16.00217056274414,1555742
1998-08-17,38.756649017333984,39.22359848022461,38.289703369140625,38.9901237487793,16.00217056274414,949036
1998-08-18,38.93175506591797,40.157493591308594,38.756649017333984,39.98238754272461,16.409414291381836,843457
1998-08-19,40.39096450805664,40.62443923950195,39.807281494140625,39.98238754272461,16.505800247192383,1121539
1998-08-20,40.157493591308594,40.21586227416992,39.16522979736328,39.57380676269531,16.337129592895508,1470722
1998-08-21,38.87338638305664,38.9901237487793,37.82275390625,38.756649017333984,15.999773979187012,1632089
1998-08-24,39.22359848022461,40.157493591308594,38.464805603027344,40.04075622558594,16.529891967773438,1665819
1998-08-25,40.62443923950195,40.68280792236328,39.7489128112793,40.099124908447266,16.553985595703125,1159552
1998-08-26,39.86565017700195,39.92401885986328,37.939491271972656,38.289703369140625,15.807004928588867,1692053
1998-08-27,37.180702209472656,37.53091049194336,36.480281829833984,36.83049011230469,15.20460033416748,1811981
1998-08-28,36.888858795166016,37.47254180908203,36.130069732666016,36.42190933227539,15.035935401916504,1105906
1998-08-31,36.77212142944336,36.83049011230469,34.49575424194336,34.55411911010742,14.26485538482666,1567521
1998-09-01,33.15327835083008,35.77985763549805,33.15327835083008,35.31291198730469,14.57811450958252,1943687
1998-09-02,36.188438415527344,36.480281829833984,35.1378059387207,35.72148895263672,14.746785163879395,2028814
1998-09-03,35.72148895263672,36.130069732666016,34.90433120727539,36.130069732666016,14.915452003479004,1105692
1998-09-04,36.130069732666016,37.180702209472656,35.95496368408203,37.00559616088867,15.276896476745605,1405618
1998-09-08,37.82275390625,39.92401885986328,37.647647857666016,39.515438079833984,16.313032150268555,2276166
1998-09-09,39.515438079833984,39.7489128112793,38.87338638305664,39.457069396972656,16.288925170898438,1898714
1998-09-10,39.22359848022461,39.22359848022461,37.997859954833984,38.756649017333984,15.999773979187012,1201955
1998-09-11,38.40644073486328,39.22359848022461,37.88112258911133,38.93175506591797,16.072065353393555,1313424
1998-09-14,39.457069396972656,40.21586227416992,39.39870071411133,39.57380676269531,16.337129592895508,1084597
1998-09-15,39.69054412841797,41.675071716308594,39.457069396972656,41.38322830200195,17.08409881591797,1863378
1998-09-16,41.966915130615234,41.966915130615234,40.74117660522461,41.55833435058594,17.156387329101562,1868732
1998-09-17,41.49996566772461,41.49996566772461,39.98238754272461,40.74117660522461,16.81905174255371,1112652
1998-09-18,41.324859619140625,41.38322830200195,39.98238754272461,40.68280792236328,16.794958114624023,1288474
1998-09-21,40.39096450805664,41.26649475097656,39.7489128112793,40.68280792236328,16.794958114624023,992510
1998-09-22,40.916282653808594,41.49996566772461,40.68280792236328,41.44159698486328,17.108200073242188,812083
1998-09-23,41.966915130615234,42.31712341308594,41.38322830200195,42.31712341308594,17.469633102416992,1021314
1998-09-24,42.31712341308594,44.30165100097656,42.31712341308594,43.776336669921875,18.072036743164062,2430037
1998-09-25,43.426124572753906,45.41065216064453,43.25101852416992,45.23554611206055,18.67445182800293,2905037
1998-09-28,44.826969146728516,46.1110725402832,44.535125732421875,45.81923294067383,18.915409088134766,2864990
1998-09-29,45.81923294067383,45.93596649169922,44.94370651245117,45.7608642578125,18.89130210876465,2607252
1998-09-30,45.23554611206055,45.23554611206055,43.134281158447266,43.54286193847656,17.97565269470215,1059755
1998-10-01,42.78407287597656,43.134281158447266,41.616703033447266,41.908546447753906,17.300960540771484,1612601
1998-10-02,41.616703033447266,42.90081024169922,41.55833435058594,42.31712341308594,17.469633102416992,1105799
1998-10-05,42.84244155883789,43.192649841308594,42.02528381347656,42.78407287597656,17.662416458129883,1777609
1998-10-06,44.535125732421875,44.535125732421875,42.49222946166992,42.55059814453125,17.566024780273438,1007179
1998-10-07,42.20038986206055,43.8347053527832,41.675071716308594,42.14201736450195,17.39734649658203,1025062
1998-10-08,41.55833435058594,41.616703033447266,40.33259582519531,41.09138870239258,16.9636173248291,1206988
1998-10-09,41.49996566772461,42.95917892456055,41.09138870239258,42.95917892456055,17.734691619873047,1476718
1998-10-12,43.192649841308594,43.71796798706055,42.667335510253906,43.017547607421875,17.7587947845459,1113508
1998-10-13,43.30938720703125,43.65959930419922,42.375492095947266,43.017547607421875,17.7587947845459,1299396
1998-10-14,41.79180908203125,42.49222946166992,41.49996566772461,41.85017776489258,17.276878356933594,1340193
1998-10-15,41.616703033447266,43.07591247558594,40.5077018737793,42.90081024169922,17.71059226989746,1244037
1998-10-16,43.134281158447266,44.71023178100586,42.90081024169922,44.71023178100586,18.457578659057617,1229046
1998-10-19,43.89307403564453,45.3522834777832,43.65959930419922,45.17717742919922,18.65034294128418,1021956
1998-10-20,45.7608642578125,45.93596649169922,44.71023178100586,45.3522834777832,18.722625732421875,1498562
1998-10-21,44.826969146728516,45.46902084350586,44.76860046386719,44.885337829589844,18.52986717224121,924836
1998-10-22,45.11880874633789,45.11880874633789,43.426124572753906,44.06817626953125,18.19251823425293,569764
1998-10-23,44.06817626953125,44.06817626953125,42.14201736450195,42.55059814453125,17.566024780273438,541817
1998-10-26,43.017547607421875,43.776336669921875,42.55059814453125,42.725704193115234,17.6383113861084,564410
1998-10-27,43.134281158447266,43.134281158447266,40.916282653808594,41.73344039916992,17.228675842285156,848703
1998-10-28,41.55833435058594,42.31712341308594,41.03302001953125,41.55833435058594,17.156387329101562,385268
1998-10-29,41.73344039916992,41.73344039916992,40.74117660522461,41.38322830200195,17.08409881591797,904491
1998-10-30,41.908546447753906,44.30165100097656,41.908546447753906,43.36775588989258,17.903362274169922,1440847
1998-11-02,42.49222946166992,42.90081024169922,41.85017776489258,42.20038986206055,17.421436309814453,1152378
1998-11-03,42.02528381347656,43.134281158447266,42.02528381347656,42.90081024169922,17.71059226989746,1548140
1998-11-04,43.192649841308594,43.30938720703125,42.14201736450195,42.31712341308594,17.469633102416992,1625022
1998-11-05,42.08365249633789,43.65959930419922,42.02528381347656,43.426124572753906,17.927461624145508,1935549
1998-11-06,43.36775588989258,43.36775588989258,42.31712341308594,43.07591247558594,17.782888412475586,1420823
1998-11-09,43.134281158447266,43.192649841308594,42.31712341308594,42.725704193115234,17.6383113861084,808442
1998-11-10,42.55059814453125,43.65959930419922,42.25875473022461,42.90081024169922,17.71059226989746,1500490
1998-11-11,43.134281158447266,43.25101852416992,41.03302001953125,41.55833435058594,17.156387329101562,985871
1998-11-12,41.55833435058594,41.966915130615234,40.21586227416992,40.68280792236328,16.794958114624023,1199599
1998-11-13,40.857913970947266,42.14201736450195,40.44933319091797,41.908546447753906,17.300960540771484,752547
1998-11-16,41.908546447753906,42.49222946166992,41.79180908203125,42.25875473022461,17.44554328918457,962099
1998-11-17,42.25875473022461,42.60896682739258,41.38322830200195,42.31712341308594,17.566692352294922,968524
1998-11-18,42.14201736450195,43.134281158447266,41.908546447753906,42.725704193115234,17.736303329467773,1319848
1998-11-19,42.84244155883789,42.95917892456055,41.908546447753906,42.25875473022461,17.542463302612305,830393
1998-11-20,42.84244155883789,43.192649841308594,42.31712341308594,42.95917892456055,17.833219528198242,660888
1998-11-23,43.30938720703125,43.30938720703125,42.20038986206055,42.78407287597656,17.760540008544922,1435493
1998-11-24,42.725704193115234,43.71796798706055,40.39096450805664,41.09138870239258,17.057865142822266,4410024
1998-11-25,40.62443923950195,40.68280792236328,39.57380676269531,40.21586227416992,16.694421768188477,2959861
1998-11-27,40.62443923950195,40.62443923950195,39.457069396972656,40.274227142333984,16.718643188476562,778888
1998-11-30,40.274227142333984,40.97465133666992,40.099124908447266,40.566070556640625,16.839801788330078,1857061
1998-12-01,40.566070556640625,41.324859619140625,40.5077018737793,41.26649475097656,17.130556106567383,3540869
1998-12-02,40.97465133666992,41.09138870239258,40.39096450805664,40.916282653808594,16.985172271728516,1419860
1998-12-03,40.68280792236328,41.09138870239258,40.04075622558594,40.566070556640625,16.839801788330078,1835538
1998-12-04,40.566070556640625,40.916282653808594,40.33259582519531,40.62443923950195,16.86402702331543,1800095
1998-12-07,40.916282653808594,41.09138870239258,40.39096450805664,40.79954528808594,16.93671226501465,909203
1998-12-08,40.157493591308594,40.79954528808594,39.92401885986328,39.98238754272461,16.597497940063477,1691196
1998-12-09,40.04075622558594,40.566070556640625,39.457069396972656,39.69054412841797,16.47635269165039,1152806
1998-12-10,39.515438079833984,39.63217544555664,38.289703369140625,38.63991165161133,16.040212631225586,1176577
1998-12-11,38.58154296875,39.10686111450195,37.53091049194336,37.997859954833984,15.773677825927734,1210843
1998-12-14,38.17296600341797,39.39870071411133,38.17296600341797,38.81501770019531,16.11289405822754,1463976
1998-12-15,38.58154296875,39.63217544555664,38.34806823730469,39.39870071411133,16.355201721191406,1779964
1998-12-16,39.22359848022461,39.28196334838867,38.05622863769531,38.87338638305664,16.137123107910156,1434422
1998-12-17,38.34806823730469,38.81501770019531,37.997859954833984,38.756649017333984,16.088665008544922,1781142
1998-12-18,39.16522979736328,39.16522979736328,38.40644073486328,38.9901237487793,16.185590744018555,1833075
1998-12-21,39.457069396972656,40.79954528808594,39.340335845947266,40.099124908447266,16.64595603942871,1678882
1998-12-22,40.157493591308594,40.33259582519531,39.69054412841797,39.92401885986328,16.573265075683594,1058470
1998-12-23,40.566070556640625,40.566070556640625,39.98238754272461,40.157493591308594,16.67018699645996,958887
1998-12-24,40.39096450805664,40.566070556640625,40.157493591308594,40.5077018737793,16.81556510925293,427564
1998-12-28,41.03302001953125,41.03302001953125,40.157493591308594,40.79954528808594,16.93671226501465,1093699
1998-12-29,40.79954528808594,41.79180908203125,40.39096450805664,41.616703033447266,17.27593421936035,1361823
1998-12-30,41.44159698486328,41.44159698486328,40.857913970947266,40.857913970947266,16.9609432220459,707681
1998-12-31,41.26649475097656,42.49222946166992,40.97465133666992,41.85017776489258,17.372852325439453,1540216
1999-01-04,41.44159698486328,42.14201736450195,38.698280334472656,39.340335845947266,16.33096694946289,4382184
1999-01-05,39.16522979736328,40.97465133666992,38.9901237487793,39.98238754272461,16.597497940063477,3274886
1999-01-06,40.5077018737793,40.62443923950195,40.04075622558594,40.44933319091797,16.791332244873047,2147243
1999-01-07,39.807281494140625,40.79954528808594,39.69054412841797,39.7489128112793,16.500581741333008,2186755
1999-01-08,40.099124908447266,42.95917892456055,39.98238754272461,42.49222946166992,17.639379501342773,5561224
1999-01-11,42.55059814453125,43.8347053527832,42.20038986206055,42.95917892456055,17.833219528198242,3973572
1999-01-12,42.95917892456055,43.8347053527832,42.25875473022461,43.426124572753906,18.02705955505371,4196295
1999-01-13,42.02528381347656,42.14201736450195,40.5077018737793,41.675071716308594,17.300161361694336,2900218
1999-01-14,41.55833435058594,42.14201736450195,41.03302001953125,41.20812225341797,17.106325149536133,1830398
1999-01-15,41.49996566772461,42.02528381347656,41.324859619140625,41.908546447753906,17.397075653076172,1576194
1999-01-19,41.79180908203125,41.966915130615234,39.22359848022461,40.5077018737793,16.81556510925293,1906103
1999-01-20,40.157493591308594,40.157493591308594,38.289703369140625,38.289703369140625,15.894824981689453,2667644
1999-01-21,38.289703369140625,39.63217544555664,37.35580825805664,39.515438079833984,16.40366554260254,3298015
1999-01-22,39.515438079833984,39.515438079833984,37.82275390625,38.289703369140625,15.894824981689453,1661321
1999-01-25,38.63991165161133,39.92401885986328,38.289703369140625,39.28196334838867,16.306730270385742,1646330
1999-01-26,39.63217544555664,40.274227142333984,39.10686111450195,40.157493591308594,16.67018699645996,1515802
1999-01-27,40.157493591308594,40.62443923950195,38.05622863769531,38.17296600341797,15.8463716506958,1393090
1999-01-28,37.88112258911133,38.289703369140625,37.4141731262207,37.4141731262207,15.531375885009766,1651042
1999-01-29,37.58927917480469,38.11459732055664,36.888858795166016,36.947227478027344,15.337545394897461,1793028
1999-02-01,38.289703369140625,38.289703369140625,37.29743957519531,37.35580825805664,15.507150650024414,1899785
1999-02-02,37.647647857666016,38.698280334472656,37.647647857666016,38.464805603027344,15.967521667480469,2935126
1999-02-03,38.289703369140625,39.048492431640625,38.2313346862793,38.81501770019531,16.11289405822754,2292120
1999-02-04,39.048492431640625,42.25875473022461,38.9901237487793,41.26649475097656,17.130556106567383,3784365
1999-02-05,41.20812225341797,42.375492095947266,40.857913970947266,41.73344039916992,17.324386596679688,2357866
1999-02-08,41.85017776489258,41.966915130615234,39.92401885986328,40.33259582519531,16.742876052856445,1945722
1999-02-09,40.099124908447266,40.39096450805664,39.39870071411133,39.63217544555664,16.452116012573242,1392126
1999-02-10,40.157493591308594,40.157493591308594,39.048492431640625,39.39870071411133,16.355201721191406,1569555
1999-02-11,39.28196334838867,39.28196334838867,37.76438522338867,38.63991165161133,16.040212631225586,1932444
1999-02-12,39.69054412841797,39.86565017700195,39.10686111450195,39.86565017700195,16.54903793334961,1596967
1999-02-16,39.69054412841797,40.74117660522461,38.9901237487793,39.16522979736328,16.258277893066406,1652755
1999-02-17,39.16522979736328,39.39870071411133,37.647647857666016,37.82275390625,15.79515266418457,1596753
1999-02-18,38.17296600341797,39.22359848022461,38.05622863769531,38.93175506591797,16.258277893066406,1609817
1999-02-19,39.16522979736328,39.515438079833984,38.93175506591797,39.28196334838867,16.40452766418457,1634338
1999-02-22,39.57380676269531,40.5077018737793,39.28196334838867,40.33259582519531,16.84328842163086,1203454
1999-02-23,40.157493591308594,40.566070556640625,40.04075622558594,40.099124908447266,16.745777130126953,1209558
1999-02-24,40.33259582519531,41.20812225341797,39.98238754272461,39.98238754272461,16.697032928466797,1709292
1999-02-25,40.099124908447266,40.33259582519531,38.9901237487793,39.457069396972656,16.477659225463867,1352614
1999-02-26,40.04075622558594,41.55833435058594,39.10686111450195,39.22359848022461,16.380151748657227,2596651
1999-03-01,39.515438079833984,39.807281494140625,37.939491271972656,38.2313346862793,15.965779304504395,3068010
1999-03-02,38.58154296875,38.58154296875,37.647647857666016,37.706016540527344,15.746397018432617,2390418
1999-03-03,37.939491271972656,38.289703369140625,37.58927917480469,37.647647857666016,15.722023963928223,1521263
1999-03-04,37.88112258911133,38.2313346862793,37.35580825805664,37.4141731262207,15.624510765075684,1406368
1999-03-05,37.88112258911133,38.05622863769531,37.180702209472656,37.706016540527344,15.746397018432617,1824081
1999-03-08,37.939491271972656,38.52317428588867,37.35580825805664,38.34806823730469,16.014528274536133,1685949
1999-03-09,38.698280334472656,39.048492431640625,37.997859954833984,38.11459732055664,15.917023658752441,1825580
1999-03-10,38.58154296875,39.10686111450195,37.939491271972656,38.93175506591797,16.258277893066406,1539894
1999-03-11,38.9901237487793,39.16522979736328,38.17296600341797,38.58154296875,16.11202049255371,1403584
1999-03-12,38.698280334472656,39.63217544555664,38.34806823730469,39.10686111450195,16.331398010253906,1775681
1999-03-15,39.39870071411133,40.97465133666992,39.340335845947266,40.44933319091797,16.892032623291016,2165446
1999-03-16,40.916282653808594,41.03302001953125,40.21586227416992,40.74117660522461,17.01390838623047,1553601
1999-03-17,40.79954528808594,41.966915130615234,40.04075622558594,41.49996566772461,17.330791473388672,1810696
1999-03-18,41.20812225341797,43.30938720703125,41.20812225341797,42.55059814453125,17.769542694091797,2224447
1999-03-19,43.484493255615234,44.126548767089844,42.725704193115234,43.017547607421875,17.96454620361328,3021752
1999-03-22,42.725704193115234,43.8347053527832,42.49222946166992,43.426124572753906,18.135173797607422,1472863
1999-03-23,42.725704193115234,43.017547607421875,42.25875473022461,42.25875473022461,17.64766502380371,1121325
1999-03-24,42.02528381347656,42.375492095947266,41.55833435058594,41.675071716308594,17.403915405273438,1109868
1999-03-25,42.25875473022461,42.78407287597656,41.85017776489258,42.31712341308594,17.672042846679688,1354435
1999-03-26,42.20038986206055,42.20038986206055,41.20812225341797,41.324859619140625,17.25766944885254,1142098
1999-03-29,41.26649475097656,42.49222946166992,41.26649475097656,41.26649475097656,17.233287811279297,1614742
1999-03-30,41.09138870239258,41.09138870239258,39.457069396972656,39.515438079833984,16.502025604248047,2537651
1999-03-31,39.69054412841797,40.566070556640625,39.10686111450195,39.39870071411133,16.453279495239258,2471584
1999-04-01,39.98238754272461,40.916282653808594,39.86565017700195,40.62443923950195,16.96516990661621,2089849
1999-04-05,40.74117660522461,41.55833435058594,40.5077018737793,40.62443923950195,16.96516990661621,1877620
1999-04-06,40.566070556640625,41.09138870239258,40.33259582519531,40.74117660522461,17.01390838623047,1584118
1999-04-07,41.03302001953125,41.26649475097656,40.5077018737793,41.149757385253906,17.184526443481445,1925805
1999-04-08,41.149757385253906,41.35404586791992,40.21586227416992,41.03302001953125,17.135791778564453,1686056
1999-04-09,40.5077018737793,41.616703033447266,40.44933319091797,41.26649475097656,17.233287811279297,2653403
1999-04-12,41.324859619140625,43.65959930419922,41.324859619140625,43.30938720703125,18.086416244506836,4376830
1999-04-13,44.36001968383789,46.22780990600586,44.06817626953125,45.41065216064453,18.963930130004883,6516042
1999-04-14,45.7608642578125,50.19686508178711,45.70249557495117,48.7960205078125,20.377689361572266,8440562
1999-04-15,50.43033981323242,52.29813003540039,49.2046012878418,51.71444320678711,21.596454620361328,11558685
1999-04-16,51.48097229003906,52.181392669677734,51.130760192871094,51.364234924316406,21.45020866394043,5477167
1999-04-19,51.48097229003906,55.5667610168457,51.364234924316406,53.93244552612305,22.522703170776367,7272122
1999-04-20,51.65607452392578,51.65607452392578,49.9633903503418,50.19686508178711,20.96268653869629,3920997
1999-04-21,49.9633903503418,50.663814544677734,49.554813385009766,49.90502166748047,20.840822219848633,2880837
1999-04-22,49.9633903503418,50.371971130371094,48.7960205078125,49.78828430175781,20.792070388793945,4084291
1999-04-23,49.84665298461914,51.48097229003906,49.78828430175781,51.48097229003906,21.49894905090332,4069836
1999-04-26,51.24749755859375,52.648338317871094,51.130760192871094,52.123023986816406,21.7670841217041,2845394
1999-04-27,52.23976135253906,52.70670700073242,51.831180572509766,52.06465530395508,21.74270248413086,3497502
1999-04-28,51.831180572509766,53.81570816040039,51.77281188964844,53.58223342895508,22.37645721435547,3306260
1999-04-29,53.640602111816406,53.640602111816406,49.78828430175781,52.5316047668457,21.937705993652344,3098421
1999-04-30,52.5316047668457,52.648338317871094,48.912757873535156,49.78828430175781,20.792070388793945,3881699
1999-05-03,49.72991943359375,52.70670700073242,49.43807601928711,51.71444320678711,21.596454620361328,3125083
1999-05-04,51.831180572509766,53.81570816040039,51.18912887573242,52.123023986816406,21.7670841217041,3798392
1999-05-05,51.65607452392578,53.17365646362305,51.65607452392578,52.76507568359375,22.03521156311035,2401983
1999-05-06,51.831180572509766,54.57449722290039,51.48097229003906,54.0491828918457,22.571456909179688,2367396
1999-05-07,53.58223342895508,54.341026306152344,52.648338317871094,53.34876251220703,22.27896499633789,3059765
1999-05-10,52.76507568359375,54.22428894042969,52.00628662109375,52.41486740112305,21.88895606994629,2800850
1999-05-11,52.41486740112305,52.70670700073242,50.25523376464844,50.313602447509766,21.011449813842773,2703837
1999-05-12,50.08012771606445,50.89728546142578,48.56254959106445,50.663814544677734,21.157690048217773,1999796
1999-05-13,50.43033981323242,50.780548095703125,49.49644470214844,49.84665298461914,20.81643295288086,1634445
1999-05-14,49.72991943359375,51.130760192871094,49.08786392211914,49.613182067871094,20.718942642211914,2383030
1999-05-17,49.49644470214844,50.89728546142578,49.49644470214844,49.49644470214844,20.670185089111328,1937155
1999-05-18,49.262969970703125,49.72991943359375,47.97886276245117,49.14623260498047,20.523948669433594,2115548
1999-05-19,49.262969970703125,51.072391510009766,49.14623260498047,50.43033981323242,21.16072654724121,2823336
1999-05-20,51.072391510009766,51.77281188964844,50.48870849609375,51.18912887573242,21.479110717773438,1661750
1999-05-21,51.30586624145508,52.00628662109375,50.663814544677734,51.364234924316406,21.552597045898438,2520733
1999-05-24,52.41486740112305,52.589969635009766,51.422603607177734,51.889549255371094,21.773014068603516,2328206
1999-05-25,51.94791793823242,52.99855041503906,50.89728546142578,51.30586624145508,21.528095245361328,2281948
1999-05-26,51.130760192871094,51.831180572509766,50.43033981323242,50.605445861816406,21.23420524597168,1764652
1999-05-27,50.89728546142578,51.30586624145508,48.7960205078125,49.2046012878418,20.646394729614258,1787995
1999-05-28,48.7960205078125,49.08786392211914,46.22780990600586,46.694759368896484,19.59325408935547,2606074
1999-06-01,47.22007369995117,49.262969970703125,46.92823028564453,49.262969970703125,20.670879364013672,3977855
1999-06-02,49.262969970703125,50.43033981323242,48.62091827392578,50.25523376464844,21.087249755859375,2149706
1999-06-03,50.25523376464844,50.605445861816406,47.97886276245117,48.971126556396484,20.548419952392578,1711006
1999-06-04,48.7960205078125,48.7960205078125,47.103336334228516,47.103336334228516,19.76470184326172,2243935
1999-06-07,47.62865447998047,48.153968811035156,46.636390686035156,46.694759368896484,19.59325408935547,3062442
1999-06-08,46.694759368896484,47.92049789428711,46.5196533203125,46.98659896850586,19.715728759765625,2452631
1999-06-09,48.56254959106445,49.2046012878418,48.0372314453125,48.62091827392578,20.401485443115234,2107089
1999-06-10,48.85438919067383,50.780548095703125,48.62091827392578,50.19686508178711,21.062746047973633,2284732
1999-06-11,50.19686508178711,51.01402282714844,48.56254959106445,48.7960205078125,20.474958419799805,1908672
1999-06-14,50.43033981323242,51.364234924316406,49.78828430175781,50.83891677856445,21.332168579101562,1546962
1999-06-15,51.18912887573242,52.5316047668457,50.89728546142578,52.181392669677734,21.895475387573242,2047339
1999-06-16,52.181392669677734,52.181392669677734,51.01402282714844,51.831180572509766,21.748523712158203,2047981
1999-06-17,51.831180572509766,52.00628662109375,49.32133865356445,49.78828430175781,20.891315460205078,2192109
1999-06-18,50.89728546142578,51.71444320678711,49.9633903503418,51.539337158203125,21.626054763793945,1935014
1999-06-21,51.539337158203125,51.539337158203125,50.313602447509766,50.89728546142578,21.356658935546875,997864
1999-06-22,50.43033981323242,50.605445861816406,48.56254959106445,49.14623260498047,20.621915817260742,1606711
1999-06-23,50.43033981323242,51.24749755859375,49.90502166748047,49.90502166748047,20.9403018951416,1707686
1999-06-24,49.90502166748047,50.021759033203125,48.212337493896484,49.49644470214844,20.76885414123535,1895074
1999-06-25,49.72991943359375,49.84665298461914,48.38744354248047,48.7960205078125,20.474958419799805,920339
1999-06-28,48.56254959106445,49.02949523925781,47.745391845703125,47.862125396728516,20.083097457885742,1460764
1999-06-29,47.97886276245117,49.262969970703125,47.51191711425781,49.262969970703125,20.670879364013672,1849030
1999-06-30,47.62865447998047,49.67155075073242,46.92823028564453,46.92823028564453,19.69122886657715,2817019
1999-07-01,47.04496765136719,47.92049789428711,46.22780990600586,46.46128463745117,19.495304107666016,3178301
1999-07-02,47.395179748535156,48.38744354248047,46.92823028564453,47.62865447998047,19.98512840270996,2195321
1999-07-06,48.32907485961914,48.912757873535156,47.2784423828125,47.2784423828125,19.838180541992188,1692481
1999-07-07,48.09560012817383,48.7960205078125,47.745391845703125,48.38744354248047,20.30352020263672,1762832
1999-07-08,48.73765563964844,49.08786392211914,48.4458122253418,48.504180908203125,20.352497100830078,1947970
1999-07-09,48.56254959106445,49.02949523925781,48.212337493896484,48.32907485961914,20.279027938842773,2702766
1999-07-12,49.262969970703125,50.780548095703125,48.73765563964844,49.9633903503418,20.96478843688965,2236761
1999-07-13,50.19686508178711,50.780548095703125,48.153968811035156,49.49644470214844,20.76885414123535,2708655
1999-07-14,49.554813385009766,51.072391510009766,49.554813385009766,50.48870849609375,21.18520736694336,1624272
1999-07-15,50.7221794128418,51.24749755859375,47.92049789428711,48.32907485961914,20.279027938842773,2040272
1999-07-16,48.504180908203125,50.19686508178711,48.38744354248047,49.90502166748047,20.9403018951416,1517408
1999-07-19,48.679283142089844,49.67155075073242,48.679283142089844,49.37970733642578,20.719877243041992,823754
1999-07-20,49.43807601928711,51.364234924316406,49.262969970703125,50.48870849609375,21.18520736694336,2148742
1999-07-21,50.54707717895508,51.77281188964844,50.48870849609375,50.780548095703125,21.307676315307617,2180652
1999-07-22,50.54707717895508,51.831180572509766,50.43033981323242,51.130760192871094,21.454618453979492,1215768
1999-07-23,51.24749755859375,51.30586624145508,50.43033981323242,51.01402282714844,21.405635833740234,1444702
1999-07-26,50.663814544677734,51.30586624145508,50.25523376464844,50.43033981323242,21.16072654724121,952998
1999-07-27,50.19686508178711,50.48870849609375,49.554813385009766,50.08012771606445,21.013769149780273,1398979
1999-07-28,48.56254959106445,50.43033981323242,48.56254959106445,49.72991943359375,20.866830825805664,1003325
1999-07-29,49.613182067871094,50.313602447509766,48.85438919067383,48.85438919067383,20.499454498291016,1514089
1999-07-30,48.4458122253418,48.912757873535156,47.62865447998047,47.62865447998047,19.98512840270996,2136857
1999-08-02,47.04496765136719,48.73765563964844,46.75312805175781,47.97886276245117,20.132078170776367,1831148
1999-08-03,47.51191711425781,48.971126556396484,47.51191711425781,48.56254959106445,20.376996994018555,1199813
1999-08-04,50.19686508178711,52.35649871826172,49.78828430175781,51.30586624145508,21.528095245361328,3164381
1999-08-05,51.24749755859375,51.831180572509766,49.84665298461914,51.59770965576172,21.65056037902832,1745913
1999-08-06,51.364234924316406,51.539337158203125,49.9633903503418,50.021759033203125,20.989286422729492,1983627
1999-08-09,49.9633903503418,50.19686508178711,46.92823028564453,46.92823028564453,19.69122886657715,3159027
1999-08-10,47.04496765136719,48.212337493896484,47.04496765136719,47.161705017089844,19.789186477661133,3191258
1999-08-11,47.62865447998047,49.32133865356445,47.22007369995117,48.2269287109375,20.23615837097168,1216196
1999-08-12,49.49644470214844,51.364234924316406,49.37970733642578,50.19686508178711,21.062746047973633,1863164
1999-08-13,50.19686508178711,51.30586624145508,50.19686508178711,50.43033981323242,21.16072654724121,946359
1999-08-16,50.371971130371094,50.371971130371094,49.37970733642578,49.72991943359375,20.866830825805664,884896
1999-08-17,50.25523376464844,51.65607452392578,49.78828430175781,50.780548095703125,21.307676315307617,1407331
1999-08-18,50.605445861816406,50.89728546142578,48.912757873535156,49.262969970703125,20.766357421875,1161908
1999-08-19,48.679283142089844,50.663814544677734,48.62091827392578,50.43033981323242,21.258466720581055,1376279
1999-08-20,50.19686508178711,50.95565414428711,49.78828430175781,50.780548095703125,21.406091690063477,1025490
1999-08-23,51.24749755859375,51.71444320678711,50.313602447509766,50.83891677856445,21.43069839477539,1300467
1999-08-24,50.43033981323242,50.605445861816406,48.7960205078125,49.43807601928711,20.840187072753906,1563666
1999-08-25,49.49644470214844,49.49644470214844,47.161705017089844,47.62865447998047,20.077442169189453,2554355
1999-08-26,47.862125396728516,48.85438919067383,47.51191711425781,48.09560012817383,20.274282455444336,2416010
1999-08-27,48.212337493896484,48.7960205078125,47.22007369995117,47.6870231628418,20.10204315185547,1422965
1999-08-30,47.862125396728516,48.153968811035156,46.052703857421875,46.57802200317383,19.634552001953125,1482822
1999-08-31,45.293914794921875,45.877601623535156,43.89307403564453,43.95144271850586,18.5273380279541,5269756
1999-09-01,45.06044387817383,46.402915954589844,44.65186309814453,45.41065216064453,19.14246368408203,3547614
1999-09-02,45.41065216064453,46.98659896850586,45.3522834777832,46.28617858886719,19.511526107788086,2341483
1999-09-03,46.694759368896484,47.57028579711914,46.57802200317383,47.161705017089844,19.880590438842773,1072604
1999-09-07,46.28617858886719,48.0372314453125,46.28617858886719,47.453548431396484,20.003616333007812,1320277
1999-09-08,48.0372314453125,48.0372314453125,46.98659896850586,47.04496765136719,19.831388473510742,1920879
1999-09-09,47.745391845703125,48.38744354248047,46.98659896850586,47.6870231628418,20.10204315185547,2123686
1999-09-10,47.862125396728516,48.73765563964844,47.6870231628418,47.92049789428711,20.200456619262695,1940903
1999-09-13,48.153968811035156,50.83891677856445,48.09560012817383,50.25523376464844,21.184646606445312,3433683
1999-09-14,50.021759033203125,51.130760192871094,48.212337493896484,48.212337493896484,20.323486328125,2649548
1999-09-15,48.4458122253418,48.85438919067383,47.6870231628418,47.80376052856445,20.151248931884766,1462798
1999-09-16,47.6870231628418,48.27070617675781,46.16944122314453,46.86986541748047,19.757583618164062,1805342
1999-09-17,48.4458122253418,48.4458122253418,46.98659896850586,47.62865447998047,20.077442169189453,1887150
1999-09-20,47.161705017089844,47.97886276245117,46.694759368896484,47.161705017089844,19.880590438842773,726420
1999-09-21,46.92823028564453,47.62865447998047,46.402915954589844,46.86986541748047,19.757583618164062,1347153
1999-09-22,46.344547271728516,46.57802200317383,46.052703857421875,46.402915954589844,19.560739517211914,1661750
1999-09-23,44.94370651245117,46.344547271728516,44.36001968383789,44.826969146728516,18.896413803100586,2858779
1999-09-24,44.71023178100586,45.46902084350586,44.71023178100586,45.17717742919922,19.044036865234375,1951932
1999-09-27,45.23554611206055,47.51191711425781,45.002071380615234,46.16944122314453,19.462324142456055,1557562
1999-09-28,45.293914794921875,45.93596649169922,44.41838836669922,45.293914794921875,19.093246459960938,1655325
1999-09-29,44.826969146728516,46.052703857421875,44.06817626953125,44.36001968383789,18.699565887451172,2190717
1999-09-30,44.00981140136719,46.16944122314453,43.8347053527832,44.885337829589844,18.9210147857666,3697738
1999-10-01,44.94370651245117,46.22780990600586,43.65959930419922,43.95144271850586,18.5273380279541,2805133
1999-10-04,44.00981140136719,44.126548767089844,42.90081024169922,43.134281158447266,18.18286895751953,1950861
1999-10-05,42.725704193115234,43.54286193847656,40.68280792236328,41.44159698486328,17.469335556030273,3569994
1999-10-06,42.725704193115234,43.07591247558594,41.85017776489258,42.31712341308594,17.838411331176758,3178944
1999-10-07,42.95917892456055,43.60123062133789,42.49222946166992,43.192649841308594,18.20747947692871,1761440
1999-10-08,43.71796798706055,45.41065216064453,43.60123062133789,44.41838836669922,18.724178314208984,1978273
1999-10-11,45.002071380615234,45.7608642578125,44.5934944152832,45.293914794921875,19.093246459960938,1232258
1999-10-12,46.46128463745117,46.92823028564453,45.17717742919922,45.46902084350586,19.167062759399414,2784467
1999-10-13,45.99433517456055,47.97886276245117,45.93596649169922,46.1110725402832,19.43772315979004,2231621
1999-10-14,47.57028579711914,47.862125396728516,46.22780990600586,46.81149673461914,19.73296546936035,1893146
1999-10-15,46.81149673461914,46.81149673461914,44.243282318115234,44.243282318115234,18.650360107421875,1705116
1999-10-18,44.30165100097656,45.46902084350586,44.30165100097656,45.293914794921875,19.093246459960938,1264382
1999-10-19,46.1110725402832,46.402915954589844,43.65959930419922,44.00981140136719,18.55194091796875,1837037
1999-10-20,44.94370651245117,46.694759368896484,44.126548767089844,46.5196533203125,19.60994529724121,1558098
1999-10-21,46.052703857421875,46.86986541748047,45.644126892089844,45.81923294067383,19.314693450927734,1342549
1999-10-22,46.402915954589844,46.57802200317383,44.94370651245117,45.52738952636719,19.191667556762695,1295327
1999-10-25,45.293914794921875,46.344547271728516,44.65186309814453,45.7608642578125,19.290090560913086,840351
1999-10-26,46.22780990600586,46.46128463745117,44.94370651245117,45.06044387817383,18.994827270507812,1546319
1999-10-27,45.93596649169922,46.46128463745117,45.06044387817383,45.585758209228516,19.216270446777344,1282264
1999-10-28,46.22780990600586,46.402915954589844,44.184913635253906,45.23554611206055,19.068655014038086,2347266
1999-10-29,46.694759368896484,49.37970733642578,46.344547271728516,49.14623260498047,20.717161178588867,4744965
1999-11-01,49.02949523925781,49.90502166748047,47.6870231628418,47.6870231628418,20.10204315185547,2313857
1999-11-02,47.862125396728516,49.90502166748047,47.862125396728516,49.613182067871094,20.913997650146484,1739060
1999-11-03,49.84665298461914,49.90502166748047,48.504180908203125,49.84665298461914,21.01241111755371,1583475
1999-11-04,50.371971130371094,50.780548095703125,49.37970733642578,49.67155075073242,20.938608169555664,2176368
1999-11-05,50.43033981323242,51.130760192871094,50.19686508178711,51.01402282714844,21.504507064819336,2252930
1999-11-08,50.89728546142578,50.95565414428711,48.212337493896484,49.262969970703125,20.766357421875,1891219
1999-11-09,49.49644470214844,50.89728546142578,48.971126556396484,50.48870849609375,21.283071517944336,1610138
1999-11-10,50.7221794128418,50.780548095703125,49.72991943359375,50.371971130371094,21.23386001586914,1794741
1999-11-11,50.83891677856445,51.072391510009766,49.14623260498047,50.83891677856445,21.43069839477539,2045412
1999-11-12,51.364234924316406,51.364234924316406,49.02949523925781,50.48870849609375,21.283071517944336,1834895
1999-11-15,50.25523376464844,52.29813003540039,49.67155075073242,52.00628662109375,21.922794342041016,2420293
1999-11-16,52.123023986816406,52.29813003540039,50.48870849609375,51.539337158203125,21.725948333740234,2184721
1999-11-17,51.364234924316406,51.539337158203125,50.605445861816406,51.30586624145508,21.725950241088867,1427141
1999-11-18,49.9633903503418,51.30586624145508,49.9633903503418,51.18912887573242,21.67652130126953,1266523
1999-11-19,51.18912887573242,51.24749755859375,49.02949523925781,49.14623260498047,20.811439514160156,2021533
1999-11-22,49.262969970703125,49.84665298461914,48.73765563964844,48.971126556396484,20.73728370666504,2779541
1999-11-23,48.912757873535156,48.912757873535156,47.161705017089844,47.51191711425781,20.119367599487305,1642261
1999-11-24,47.51191711425781,47.51191711425781,46.57802200317383,47.2784423828125,20.020503997802734,1349295
1999-11-26,47.6870231628418,47.92049789428711,47.33681106567383,47.6870231628418,20.193517684936523,1091878
1999-11-29,47.62865447998047,48.212337493896484,47.22007369995117,47.62865447998047,20.168807983398438,2694307
1999-11-30,48.09560012817383,49.90502166748047,48.0372314453125,48.83979797363281,20.68166732788086,2303899
1999-12-01,48.504180908203125,48.912757873535156,47.22007369995117,47.6870231628418,20.193517684936523,1694623
1999-12-02,47.51191711425781,49.49644470214844,47.2784423828125,49.08786392211914,20.78672218322754,1404012
1999-12-03,49.84665298461914,49.90502166748047,49.14623260498047,49.5839958190918,20.996809005737305,1276803
1999-12-06,49.37970733642578,50.95565414428711,49.02949523925781,50.43033981323242,21.355201721191406,1359467
1999-12-07,50.43033981323242,50.7221794128418,48.62091827392578,48.912757873535156,20.71257781982422,1237291
1999-12-08,49.9633903503418,51.072391510009766,49.37970733642578,49.554813385009766,20.98444938659668,2190503
1999-12-09,49.32133865356445,51.24749755859375,49.2046012878418,50.313602447509766,21.30577278137207,1626842
1999-12-10,50.89728546142578,51.539337158203125,50.021759033203125,50.89728546142578,21.552942276000977,2127219
1999-12-13,50.605445861816406,51.24749755859375,49.43807601928711,50.313602447509766,21.30577278137207,1565272
1999-12-14,48.912757873535156,51.77281188964844,48.7960205078125,50.7221794128418,21.478784561157227,3115446
1999-12-15,50.43033981323242,53.11528778076172,50.43033981323242,52.13761520385742,22.07816505432129,5338929
1999-12-16,52.29813003540039,52.35649871826172,48.912757873535156,49.02949523925781,20.76200294494629,3248759
1999-12-17,50.89728546142578,51.539337158203125,49.9633903503418,49.9633903503418,21.157470703125,4532736
1999-12-20,50.19686508178711,50.663814544677734,48.85438919067383,49.5839958190918,20.996809005737305,2787465
1999-12-21,48.912757873535156,50.48870849609375,48.912757873535156,49.78828430175781,21.08331298828125,2615069
1999-12-22,49.49644470214844,50.54707717895508,49.43807601928711,50.021759033203125,21.182191848754883,2664860
1999-12-23,50.13849639892578,52.99855041503906,49.613182067871094,52.123023986816406,22.07198143005371,2273810
1999-12-27,52.06465530395508,52.589969635009766,50.663814544677734,50.663814544677734,21.454069137573242,1875799
1999-12-28,50.89728546142578,52.99855041503906,50.663814544677734,51.65607452392578,21.874244689941406,1478324
1999-12-29,51.94791793823242,53.87407684326172,51.18912887573242,52.70670700073242,22.31914520263672,2161913
1999-12-30,52.99855041503906,52.99855041503906,50.89728546142578,50.89728546142578,21.552942276000977,1796240
1999-12-31,50.08012771606445,53.17365646362305,49.9633903503418,52.70670700073242,22.31914520263672,1237184
2000-01-03,53.232025146484375,53.46549987792969,51.831180572509766,51.831180572509766,21.948408126831055,2009112
2000-01-04,51.364234924316406,52.473236083984375,49.9633903503418,50.54707717895508,21.40463638305664,2038130
2000-01-05,50.48870849609375,52.70670700073242,50.08012771606445,52.29813003540039,22.146137237548828,2710583
2000-01-06,52.00628662109375,53.698970794677734,51.539337158203125,53.34876251220703,22.591039657592773,5865434
2000-01-07,54.16592025756836,56.03371047973633,53.81570816040039,54.749603271484375,23.184232711791992,6483811
2000-01-10,55.5667610168457,55.5667610168457,54.0491828918457,54.63286590576172,23.134815216064453,3018754
2000-01-11,54.63286590576172,54.749603271484375,52.00628662109375,52.123023986816406,22.07198143005371,2285160
2000-01-12,52.123023986816406,52.99855041503906,51.18912887573242,51.24749755859375,21.701234817504883,2943157
2000-01-13,51.01402282714844,52.29813003540039,50.605445861816406,51.24749755859375,21.701234817504883,2048196
2000-01-14,51.364234924316406,52.70670700073242,51.364234924316406,52.181392669677734,22.09670066833496,2331525
2000-01-18,51.364234924316406,51.59770965576172,48.62091827392578,48.73765563964844,20.6384220123291,3358621
2000-01-19,49.2046012878418,50.25523376464844,48.212337493896484,49.02949523925781,20.76200294494629,3454242
2000-01-20,49.262969970703125,49.84665298461914,46.98659896850586,47.33681106567383,20.045217514038086,2958790
2000-01-21,47.62865447998047,48.0372314453125,46.22780990600586,46.81149673461914,19.822772979736328,3364189
2000-01-24,47.103336334228516,47.33681106567383,44.126548767089844,45.293914794921875,19.180131912231445,3469768
2000-01-25,45.644126892089844,45.93596649169922,43.192649841308594,44.5934944152832,18.883533477783203,3418799
2000-01-26,44.5934944152832,46.22780990600586,44.36001968383789,45.06044387817383,19.08126449584961,3464415
2000-01-27,45.11880874633789,46.16944122314453,43.65959930419922,44.65186309814453,18.908245086669922,1902569
2000-01-28,45.17717742919922,45.81923294067383,44.41838836669922,44.71023178100586,18.93297004699707,1684343
2000-01-31,43.65959930419922,44.65186309814453,43.30938720703125,44.47675704956055,18.834110260009766,2368253
2000-02-01,43.71796798706055,45.7608642578125,43.71796798706055,44.885337829589844,19.007112503051758,1822689
2000-02-02,44.65186309814453,44.826969146728516,43.07591247558594,44.535125732421875,18.85882568359375,2231835
2000-02-03,44.826969146728516,45.002071380615234,42.31712341308594,43.192649841308594,18.290332794189453,2739280
2000-02-04,43.426124572753906,43.776336669921875,42.25875473022461,42.60896682739258,18.043167114257812,2266314
2000-02-07,43.192649841308594,43.192649841308594,41.149757385253906,41.616703033447266,17.622982025146484,1709614
2000-02-08,42.375492095947266,43.017547607421875,41.616703033447266,42.02528381347656,17.796003341674805,2292441
2000-02-09,42.02528381347656,42.84244155883789,40.21586227416992,40.274227142333984,17.05450439453125,2479615
2000-02-10,40.157493591308594,40.857913970947266,38.81501770019531,40.857913970947266,17.301666259765625,4322434
2000-02-11,41.09138870239258,41.73344039916992,38.756649017333984,39.86565017700195,16.88148307800293,4762633
2000-02-14,39.92401885986328,40.566070556640625,38.81501770019531,39.63217544555664,16.782617568969727,2867560
2000-02-15,39.457069396972656,41.49996566772461,38.81501770019531,40.68280792236328,17.227516174316406,4610261
2000-02-16,41.324859619140625,41.38322830200195,39.807281494140625,40.33259582519531,17.177797317504883,1919059
2000-02-17,41.324859619140625,41.44159698486328,39.28196334838867,39.69054412841797,16.904354095458984,2867774
2000-02-18,39.69054412841797,39.69054412841797,36.888858795166016,37.88112258911133,16.133710861206055,3413981
2000-02-22,38.05622863769531,39.16522979736328,37.35580825805664,38.756649017333984,16.506603240966797,2611000
2000-02-23,38.2313346862793,38.698280334472656,37.4141731262207,37.58927917480469,16.009414672851562,1516230
2000-02-24,36.6553840637207,36.888858795166016,34.55411911010742,35.31291198730469,15.039895057678223,3805031
2000-02-25,34.55411911010742,35.1378059387207,33.44512176513672,33.6202278137207,14.318970680236816,3549756
2000-02-28,34.49575424194336,35.429649353027344,33.44512176513672,33.50349044799805,14.269256591796875,3806958
2000-02-29,33.6202278137207,35.31291198730469,32.39448928833008,34.3790168762207,14.642143249511719,5184629
2000-03-01,34.84596252441406,34.90433120727539,32.919803619384766,33.32838439941406,14.194680213928223,4465276
2000-03-02,33.678592681884766,33.79533004760742,32.219383239746094,32.80306625366211,13.970948219299316,2828155
2000-03-03,33.6202278137207,35.371280670166016,33.56185531616211,33.91206741333008,14.443278312683105,4630391
2000-03-06,34.20391082763672,34.49575424194336,32.27775192260742,32.627960205078125,13.896368026733398,3589803
2000-03-07,31.927541732788086,32.33612060546875,30.70180320739746,31.168750762939453,13.274881362915039,4797434
2000-03-08,31.168750762939453,33.79533004760742,30.818540573120117,33.63481903076172,14.325187683105469,4948307
2000-03-09,32.68633270263672,33.32838439941406,31.168750762939453,32.452857971191406,13.821789741516113,4763597
2000-03-10,34.20391082763672,34.96269989013672,32.80306625366211,33.736961364746094,14.368699073791504,4730831
2000-03-13,32.919803619384766,34.43738555908203,32.919803619384766,33.6202278137207,14.318970680236816,3600083
2000-03-14,33.91206741333008,34.14554214477539,31.927541732788086,31.927541732788086,13.598057746887207,3714871
2000-03-15,32.511226654052734,34.55411911010742,31.7524356842041,34.20391082763672,14.567569732666016,5130019
2000-03-16,34.55411911010742,38.05622863769531,33.6202278137207,37.53091049194336,15.984538078308105,6023802
2000-03-17,37.12233352661133,37.12233352661133,35.54638671875,35.54638671875,15.139334678649902,4251762
2000-03-20,36.07170104980469,36.888858795166016,35.02106857299805,35.488014221191406,15.114477157592773,3618500
2000-03-21,35.31291198730469,36.83049011230469,35.19617462158203,36.480281829833984,15.537079811096191,2365576
2000-03-22,36.130069732666016,36.42190933227539,34.028804779052734,34.787593841552734,14.816163063049316,4893269
2000-03-23,35.488014221191406,37.4141731262207,35.31291198730469,36.53864669799805,15.561949729919434,4761776
2000-03-24,36.6553840637207,37.4141731262207,36.130069732666016,36.83049011230469,15.686246871948242,2736496
2000-03-27,36.83049011230469,38.698280334472656,35.72148895263672,35.838226318359375,15.263628005981445,2883193
2000-03-28,36.480281829833984,37.180702209472656,34.787593841552734,35.19617462158203,14.990177154541016,2847750
2000-03-29,35.429649353027344,35.8965950012207,34.67085647583008,35.3275032043457,15.046112060546875,2497390
2000-03-30,36.30517578125,37.88112258911133,35.77985763549805,37.47254180908203,15.959691047668457,3698167
2000-03-31,38.289703369140625,40.857913970947266,37.88112258911133,39.92401885986328,17.0037899017334,4584776
2000-04-03,40.74117660522461,41.55833435058594,39.515438079833984,39.98238754272461,17.02865219116211,3146285
2000-04-04,40.5077018737793,40.68280792236328,36.480281829833984,38.81501770019531,16.531457901000977,3608007
2000-04-05,38.58154296875,39.63217544555664,37.239070892333984,37.58927917480469,16.009414672851562,2536045
2000-04-06,38.87338638305664,38.87338638305664,37.4141731262207,37.706016540527344,16.059127807617188,1902997
2000-04-07,37.939491271972656,38.40644073486328,36.83049011230469,37.00559616088867,15.760815620422363,2008470
2000-04-10,38.40644073486328,40.39096450805664,37.76438522338867,39.807281494140625,16.95407485961914,3244154
2000-04-11,40.62443923950195,41.49996566772461,40.157493591308594,40.33259582519531,17.177797317504883,4794971
2000-04-12,41.26649475097656,42.90081024169922,40.21586227416992,40.74117660522461,17.3518123626709,5847444
2000-04-13,41.675071716308594,41.73344039916992,38.87338638305664,39.86565017700195,16.97892951965332,4402100
2000-04-14,38.63991165161133,39.048492431640625,36.888858795166016,37.47254180908203,15.959691047668457,3790361
2000-04-17,38.05622863769531,38.464805603027344,35.95496368408203,37.35580825805664,15.909976959228516,3447603
2000-04-18,37.82275390625,38.464805603027344,35.60475158691406,38.17296600341797,16.25800132751465,2622671
2000-04-19,36.42190933227539,37.706016540527344,36.36354446411133,37.12233352661133,15.810543060302734,2079355
2000-04-20,36.71375274658203,37.29743957519531,35.95496368408203,36.53864669799805,15.561949729919434,2528014
2000-04-24,36.77212142944336,37.4141731262207,36.36354446411133,37.35580825805664,15.909976959228516,2002366
2000-04-25,34.55411911010742,35.8965950012207,34.320648193359375,34.787593841552734,14.816163063049316,6296531
2000-04-26,34.96269989013672,35.8965950012207,34.612491607666016,34.90433120727539,14.865877151489258,4484872
2000-04-27,34.90433120727539,35.371280670166016,34.787593841552734,34.96269989013672,14.890745162963867,2265244
2000-04-28,34.96269989013672,35.1378059387207,34.028804779052734,34.320648193359375,14.617287635803223,3025607
2000-05-01,34.612491607666016,35.02106857299805,34.3790168762207,34.55411911010742,14.716719627380371,2417509
2000-05-02,34.729225158691406,36.130069732666016,34.612491607666016,35.8965950012207,15.288491249084473,2250360
2000-05-03,35.8965950012207,35.8965950012207,34.84596252441406,35.31291198730469,15.039895057678223,1363858
2000-05-04,35.66312026977539,35.66312026977539,34.26227951049805,34.55411911010742,14.716719627380371,1455945
2000-05-05,34.43738555908203,35.8965950012207,34.43738555908203,35.66312026977539,15.189048767089844,1494707
2000-05-08,35.60475158691406,35.8965950012207,34.84596252441406,35.72148895263672,15.213911056518555,1270164
2000-05-09,35.95496368408203,35.95496368408203,34.787593841552734,34.787593841552734,14.816163063049316,1852242
2000-05-10,34.612491607666016,34.67085647583008,32.978172302246094,34.3790168762207,14.642143249511719,4259365
2000-05-11,33.970436096191406,34.43738555908203,33.736961364746094,34.3790168762207,14.642143249511719,2471369
2000-05-12,34.3790168762207,34.67085647583008,33.85369873046875,34.408199310302734,14.65457820892334,2433678
2000-05-15,35.371280670166016,38.34806823730469,35.079437255859375,37.58927917480469,16.009414672851562,6114926
2000-05-16,37.76438522338867,38.2313346862793,36.130069732666016,36.53864669799805,15.561949729919434,3791967
2000-05-17,35.838226318359375,36.83049011230469,35.77985763549805,36.480281829833984,15.636999130249023,2568061
2000-05-18,36.480281829833984,36.888858795166016,35.72148895263672,36.42190933227539,15.611982345581055,4753210
2000-05-19,36.480281829833984,36.71375274658203,36.30517578125,36.6553840637207,15.712059020996094,2631238
2000-05-22,36.480281829833984,36.888858795166016,35.488014221191406,35.66312026977539,15.286725997924805,2807060
2000-05-23,35.60475158691406,35.60475158691406,33.970436096191406,34.43738555908203,14.761333465576172,5957200
2000-05-24,33.736961364746094,34.028804779052734,33.15327835083008,33.211647033691406,14.235922813415527,5679438
2000-05-25,33.6202278137207,33.6202278137207,31.577329635620117,31.927541732788086,13.685504913330078,3808779
2000-05-26,30.818540573120117,31.81080436706543,30.818540573120117,31.46059226989746,13.485353469848633,3412482
2000-05-30,31.7524356842041,32.978172302246094,31.518962860107422,32.978172302246094,14.135848045349121,2541934
2000-05-31,32.56959533691406,33.270015716552734,32.27775192260742,32.511226654052734,13.935697555541992,2624920
2000-06-01,32.39448928833008,32.452857971191406,31.343856811523438,31.7524356842041,13.61044692993164,3310222
2000-06-02,32.627960205078125,33.38675308227539,32.33612060546875,32.452857971191406,13.910677909851074,5819604
2000-06-05,32.68633270263672,33.09490966796875,32.56959533691406,32.74469757080078,14.035767555236816,2212454
2000-06-06,32.68633270263672,33.15327835083008,31.635698318481445,31.81080436706543,13.635469436645508,3111377
2000-06-07,31.869171142578125,32.161014556884766,31.052013397216797,31.197935104370117,13.372757911682129,3159027
2000-06-08,31.28548812866211,32.219383239746094,30.9936466217041,31.577329635620117,13.53538703918457,4486799
2000-06-09,31.402225494384766,31.518962860107422,30.935277938842773,31.22711944580078,13.385271072387695,3024108
2000-06-12,31.28548812866211,31.7524356842041,30.876909255981445,31.577329635620117,13.53538703918457,4194582
2000-06-13,31.694067001342773,31.694067001342773,30.70180320739746,30.76017189025879,13.185124397277832,3068653
2000-06-14,31.343856811523438,32.27775192260742,31.28548812866211,31.869171142578125,13.66048526763916,3742176
2000-06-15,31.635698318481445,31.694067001342773,30.409961700439453,30.585067749023438,13.110058784484863,4068230
2000-06-16,30.9936466217041,30.9936466217041,29.94301414489746,30.818540573120117,13.210140228271484,4417626
2000-06-19,30.9936466217041,31.052013397216797,29.47606658935547,29.884645462036133,12.809828758239746,3691956
2000-06-20,29.884645462036133,29.884645462036133,29.009119033813477,29.70953941345215,12.734769821166992,4814031
2000-06-21,29.359329223632812,30.118118286132812,29.1258544921875,29.300960540771484,12.559646606445312,3571386
2000-06-22,29.359329223632812,29.767908096313477,28.834012985229492,29.534435272216797,12.65971851348877,4746036
2000-06-23,29.41769790649414,29.65117073059082,28.89238166809082,29.067487716674805,12.459558486938477,3174339
2000-06-26,29.41769790649414,29.592802047729492,27.725013732910156,27.84174919128418,11.934158325195312,5790264
2000-06-27,28.016855239868164,29.300960540771484,27.900117874145508,27.900117874145508,11.959186553955078,7499985
2000-06-28,29.009119033813477,29.067487716674805,27.958486557006836,28.279512405395508,12.121805191040039,4803858
2000-06-29,27.78338050842285,28.775644302368164,27.6082763671875,28.60053825378418,12.25940990447998,4526632
2000-06-30,28.3670654296875,28.3670654296875,27.666643142700195,27.84174919128418,11.934158325195312,4484336
2000-07-03,28.308696746826172,29.1258544921875,28.13359260559082,28.89238166809082,12.384498596191406,1449092
2000-07-05,29.242591857910156,29.767908096313477,28.717275619506836,29.067487716674805,12.459558486938477,2821516
2000-07-06,28.95075035095215,29.009119033813477,28.250328063964844,28.717275619506836,12.309447288513184,3046702
2000-07-07,28.95075035095215,29.359329223632812,28.308696746826172,29.359329223632812,12.5846586227417,3984708
2000-07-10,29.41769790649414,30.643434524536133,29.359329223632812,30.118118286132812,12.909905433654785,4723549
2000-07-11,30.935277938842773,32.919803619384766,30.409961700439453,32.219383239746094,13.810596466064453,10615538
2000-07-12,32.978172302246094,33.79533004760742,32.68633270263672,33.270015716552734,14.260950088500977,8835467
2000-07-13,33.50349044799805,34.320648193359375,33.44512176513672,33.91206741333008,14.536162376403809,5574716
2000-07-14,34.14554214477539,34.3790168762207,33.270015716552734,33.44512176513672,14.335993766784668,3660154
2000-07-17,33.91206741333008,34.028804779052734,32.978172302246094,33.649410247802734,14.42357349395752,2366540
2000-07-18,33.50349044799805,33.56185531616211,32.74469757080078,32.978172302246094,14.135848045349121,2317177
2000-07-19,33.211647033691406,33.32838439941406,32.10264587402344,32.33612060546875,13.860640525817871,3038350
2000-07-20,32.33612060546875,32.627960205078125,31.518962860107422,31.81080436706543,13.635469436645508,2405409
2000-07-21,31.81080436706543,32.86143493652344,31.518962860107422,32.452857971191406,13.910677909851074,2867238
2000-07-24,32.452857971191406,32.74469757080078,32.161014556884766,32.452857971191406,13.910677909851074,1337088
2000-07-25,32.33612060546875,32.452857971191406,31.694067001342773,31.927541732788086,13.685504913330078,1641298
2000-07-26,31.28548812866211,31.635698318481445,30.351593017578125,30.409961700439453,13.035004615783691,3339668
2000-07-27,30.70180320739746,31.28548812866211,30.526697158813477,31.052013397216797,13.310214042663574,1795919
2000-07-28,30.935277938842773,31.168750762939453,30.23485565185547,30.818540573120117,13.210140228271484,2367932
2000-07-31,30.9936466217041,31.927541732788086,30.76017189025879,31.46059226989746,13.485353469848633,2823443
2000-08-01,31.98590850830078,32.161014556884766,31.635698318481445,32.10264587402344,13.760563850402832,1432281
2000-08-02,32.10264587402344,32.161014556884766,31.052013397216797,31.577329635620117,13.53538703918457,2543433
2000-08-03,31.22711944580078,32.27775192260742,31.22711944580078,31.98590850830078,13.710517883300781,1839500
2000-08-04,31.98590850830078,31.98590850830078,30.9936466217041,31.28548812866211,13.410290718078613,2100343
2000-08-07,31.168750762939453,31.98590850830078,31.168750762939453,31.577329635620117,13.53538703918457,1724712
2000-08-08,31.22711944580078,33.15327835083008,31.22711944580078,33.15327835083008,14.21091079711914,2968427
2000-08-09,33.32838439941406,33.56185531616211,32.627960205078125,32.74469757080078,14.035767555236816,2161699
2000-08-10,32.80306625366211,33.03654098510742,32.161014556884766,32.219383239746094,13.810596466064453,2099379
2000-08-11,32.56959533691406,33.211647033691406,32.39448928833008,32.68633270263672,14.010753631591797,1911564
2000-08-14,32.919803619384766,32.919803619384766,32.219383239746094,32.219383239746094,13.810596466064453,2546003
2000-08-15,32.56959533691406,32.80306625366211,32.219383239746094,32.219383239746094,13.810596466064453,2532083
2000-08-16,32.39448928833008,32.511226654052734,31.869171142578125,32.10264587402344,13.860998153686523,2468800
2000-08-17,32.452857971191406,32.452857971191406,30.935277938842773,30.935277938842773,13.356966018676758,4101531
2000-08-18,31.28548812866211,31.927541732788086,30.935277938842773,31.694067001342773,13.684590339660645,2576735
2000-08-21,32.04427719116211,32.219383239746094,30.585067749023438,30.585067749023438,13.205756187438965,1776431
2000-08-22,31.052013397216797,31.22711944580078,30.00138282775879,30.176488876342773,13.029342651367188,3426509
2000-08-23,29.94301414489746,30.00138282775879,28.95075035095215,29.009119033813477,12.525309562683105,3910396
2000-08-24,29.1258544921875,30.585067749023438,29.1258544921875,29.94301414489746,12.928542137145996,4195225
2000-08-25,30.059751510620117,30.176488876342773,29.184223175048828,29.47606658935547,12.726921081542969,2638947
2000-08-28,29.41769790649414,29.592802047729492,29.067487716674805,29.41769790649414,12.701720237731934,2125078
2000-08-29,29.1258544921875,29.70953941345215,29.009119033813477,29.300960540771484,12.651315689086914,3045203
2000-08-30,29.41769790649414,30.118118286132812,29.242591857910156,29.41769790649414,12.701720237731934,2815198
2000-08-31,29.41769790649414,30.176488876342773,29.41769790649414,29.782499313354492,12.859232902526855,2567419
2000-09-01,30.351593017578125,30.351593017578125,29.47606658935547,29.70953941345215,12.827727317810059,3703306
2000-09-05,30.176488876342773,30.876909255981445,29.94301414489746,30.76017189025879,13.28135871887207,2736817
2000-09-06,31.402225494384766,31.7524356842041,30.9936466217041,31.22711944580078,13.482975959777832,4046064
2000-09-07,31.28548812866211,31.28548812866211,29.884645462036133,30.409961700439453,13.13015365600586,3374576
2000-09-08,30.351593017578125,30.409961700439453,29.47606658935547,30.00138282775879,12.953734397888184,3598584
2000-09-11,30.00138282775879,30.00138282775879,29.300960540771484,29.300960540771484,12.651315689086914,2897756
2000-09-12,29.41769790649414,29.41769790649414,28.717275619506836,29.184223175048828,12.60091781616211,3912859
2000-09-13,29.067487716674805,29.65117073059082,29.009119033813477,29.41769790649414,12.701720237731934,2182044
2000-09-14,29.767908096313477,29.767908096313477,28.65890884399414,28.717275619506836,12.399296760559082,2377033
2000-09-15,28.834012985229492,28.834012985229492,28.016855239868164,28.13359260559082,12.147274017333984,4073155
2000-09-18,28.191959381103516,29.1258544921875,27.549907684326172,28.89238166809082,12.47490119934082,4025291
2000-09-19,28.65890884399414,28.89238166809082,26.440906524658203,26.849485397338867,11.592843055725098,4802145
2000-09-20,26.849485397338867,27.666643142700195,26.149065017700195,26.966222763061523,11.643238067626953,5065237
2000-09-21,26.849485397338867,27.316434860229492,26.791118621826172,26.907854080200195,11.6180419921875,2674069
2000-09-22,27.666643142700195,27.958486557006836,26.791118621826172,27.374801635742188,11.819653511047363,2200782
2000-09-25,27.549907684326172,27.549907684326172,26.382537841796875,26.674381256103516,11.517230987548828,3135898
2000-09-26,26.732749938964844,27.141328811645508,25.915590286254883,25.915590286254883,11.18961238861084,2568597
2000-09-27,26.26580238342285,26.26580238342285,25.21516990661621,25.915590286254883,11.18961238861084,3968754
2000-09-28,25.79885482788086,27.02459144592285,25.79885482788086,26.732749938964844,11.54243278503418,2814984
2000-09-29,26.49927520751953,27.491539001464844,26.49927520751953,26.791118621826172,11.567638397216797,2269955
2000-10-02,27.199697494506836,27.25806427001953,25.623748779296875,26.149065017700195,11.290417671203613,3577811
2000-10-03,26.149065017700195,27.900117874145508,25.857221603393555,27.666643142700195,11.945660591125488,4237628
2000-10-04,27.666643142700195,29.70953941345215,27.6082763671875,29.41769790649414,12.701720237731934,4790688
2000-10-05,28.95075035095215,29.067487716674805,27.6082763671875,27.900117874145508,12.046468734741211,2172621
2000-10-06,28.3670654296875,29.009119033813477,27.316434860229492,27.84174919128418,12.021270751953125,2122829
2000-10-09,27.84174919128418,28.483802795410156,27.02459144592285,27.374801635742188,11.819653511047363,1725997
2000-10-10,27.374801635742188,27.958486557006836,26.324169158935547,26.49927520751953,11.44162654876709,2750737
2000-10-11,26.732749938964844,27.958486557006836,26.732749938964844,27.84174919128418,12.021270751953125,3694098
2000-10-12,27.549907684326172,27.725013732910156,25.7404842376709,26.26580238342285,11.340826034545898,3427258
2000-10-13,26.090696334838867,26.090696334838867,24.864959716796875,25.623748779296875,11.063600540161133,2660363
2000-10-16,25.44864273071289,26.674381256103516,25.331905364990234,25.79885482788086,11.13920783996582,2609286
2000-10-17,25.79885482788086,26.382537841796875,24.573116302490234,25.040063858032227,10.811579704284668,2071432
2000-10-18,25.27353858947754,28.075223922729492,24.631484985351562,28.016855239868164,12.096880912780762,9828726
2000-10-19,28.13359260559082,29.009119033813477,28.016855239868164,28.65890884399414,12.374094009399414,5143939
2000-10-20,27.666643142700195,28.3670654296875,27.6082763671875,28.250328063964844,12.19767951965332,2435927
2000-10-23,28.191959381103516,28.191959381103516,27.316434860229492,27.725013732910156,11.970868110656738,1461085
2000-10-24,27.84174919128418,30.46833038330078,27.725013732910156,30.409961700439453,13.13015365600586,5487554
2000-10-25,30.118118286132812,30.176488876342773,29.359329223632812,29.884645462036133,12.903332710266113,3376075
2000-10-26,29.826276779174805,31.7524356842041,29.70953941345215,31.518962860107422,13.60898208618164,5815107
2000-10-27,31.052013397216797,31.168750762939453,30.00138282775879,31.052013397216797,13.40736198425293,3217171
2000-10-30,32.10264587402344,34.49575424194336,31.869171142578125,33.6202278137207,14.516254425048828,8517444
2000-10-31,34.26227951049805,34.729225158691406,32.511226654052734,34.028804779052734,14.69266414642334,6266549
2000-11-01,34.20391082763672,35.02106857299805,33.38675308227539,33.678592681884766,14.54145336151123,3403915
2000-11-02,33.38675308227539,33.678592681884766,32.04427719116211,33.09490966796875,14.289436340332031,2709405
2000-11-03,32.452857971191406,34.55411911010742,32.04427719116211,34.55411911010742,14.919480323791504,3035351
2000-11-06,34.55411911010742,35.079437255859375,33.38675308227539,34.028804779052734,14.69266414642334,3605651
2000-11-07,34.55411911010742,34.729225158691406,33.91206741333008,34.43738555908203,14.869074821472168,3887695
2000-11-08,34.67085647583008,35.66312026977539,34.08717346191406,34.49575424194336,14.89427661895752,4160531
2000-11-09,33.85369873046875,34.26227951049805,32.452857971191406,33.91206741333008,14.642257690429688,5007843
2000-11-10,33.736961364746094,33.970436096191406,33.32838439941406,33.678592681884766,14.54145336151123,1606069
2000-11-13,33.85369873046875,34.43738555908203,33.44512176513672,33.79533004760742,14.591858863830566,2072610
2000-11-14,33.03654098510742,33.85369873046875,32.511226654052734,33.15327835083008,14.314630508422852,3283238
2000-11-15,33.15327835083008,34.55411911010742,32.978172302246094,33.6202278137207,14.516254425048828,3025072
2000-11-16,32.68633270263672,32.978172302246094,31.402225494384766,32.04427719116211,13.835796356201172,3181513
2000-11-17,31.635698318481445,32.511226654052734,30.818540573120117,31.22711944580078,13.482975959777832,2897863
2000-11-20,30.409961700439453,30.9936466217041,30.059751510620117,30.9936466217041,13.382164001464844,2484540
2000-11-21,30.118118286132812,31.22711944580078,29.884645462036133,30.818540573120117,13.407564163208008,1923021
2000-11-22,30.585067749023438,31.168750762939453,30.46833038330078,30.876909255981445,13.432955741882324,1921308
2000-11-24,30.876909255981445,31.7524356842041,30.876909255981445,31.46059226989746,13.686883926391602,796556
2000-11-27,31.927541732788086,32.219383239746094,31.343856811523438,31.46059226989746,13.686883926391602,1300681
2000-11-28,31.46059226989746,32.919803619384766,31.402225494384766,32.27775192260742,14.042387962341309,2969819
2000-11-29,32.10264587402344,33.03654098510742,31.98590850830078,33.03654098510742,14.372503280639648,2097666
2000-11-30,32.80306625366211,33.03654098510742,30.585067749023438,31.635698318481445,13.763063430786133,3985779
2000-12-01,31.694067001342773,33.970436096191406,31.577329635620117,33.85369873046875,14.728008270263672,4075083
2000-12-04,34.320648193359375,35.66312026977539,34.14554214477539,34.84596252441406,15.159687995910645,5679224
2000-12-05,35.02106857299805,35.02106857299805,33.85369873046875,34.787593841552734,15.134292602539062,4305301
2000-12-06,34.67085647583008,35.429649353027344,33.50349044799805,33.970436096191406,14.778788566589355,2485932
2000-12-07,33.970436096191406,34.49575424194336,32.74469757080078,33.211647033691406,14.44867992401123,1854919
2000-12-08,33.44512176513672,34.90433120727539,33.38675308227539,34.55411911010742,15.032712936401367,3437002
2000-12-11,35.1378059387207,35.60475158691406,34.43738555908203,35.1378059387207,15.286645889282227,2590548
2000-12-12,35.31291198730469,37.00559616088867,34.90433120727539,35.079437255859375,15.261260032653809,3695383
2000-12-13,35.8965950012207,35.8965950012207,34.26227951049805,35.429649353027344,15.41361141204834,2529299
2000-12-14,35.079437255859375,35.31291198730469,34.14554214477539,35.25454330444336,15.337433815002441,2325850
2000-12-15,34.55411911010742,35.31291198730469,34.49575424194336,34.90433120727539,15.185072898864746,3212138
2000-12-18,35.19617462158203,36.24680709838867,34.729225158691406,35.31291198730469,15.362828254699707,2549323
2000-12-19,35.488014221191406,37.47254180908203,35.488014221191406,36.888858795166016,16.04844856262207,4372439
2000-12-20,35.079437255859375,36.36354446411133,34.55411911010742,35.1378059387207,15.286645889282227,5192874
2000-12-21,35.72148895263672,37.647647857666016,34.612491607666016,36.947227478027344,16.07383918762207,4044994
2000-12-22,37.53091049194336,40.157493591308594,36.888858795166016,39.457069396972656,17.165739059448242,4396853
2000-12-26,39.457069396972656,40.157493591308594,37.706016540527344,39.92401885986328,17.368886947631836,2596223
2000-12-27,39.457069396972656,39.807281494140625,38.34806823730469,39.340335845947266,17.114953994750977,2533047
2000-12-28,39.22359848022461,39.86565017700195,37.647647857666016,39.63217544555664,17.24192237854004,2360222
2000-12-29,39.57380676269531,39.92401885986328,37.939491271972656,38.11459732055664,16.58170509338379,2476938
2001-01-02,37.35580825805664,38.40644073486328,36.42190933227539,36.83049011230469,16.023046493530273,3725793
2001-01-03,36.947227478027344,39.22359848022461,36.6553840637207,38.34806823730469,16.683271408081055,3245760
2001-01-04,38.289703369140625,40.44933319091797,37.76438522338867,39.807281494140625,17.318105697631836,4609618
2001-01-05,39.86565017700195,39.86565017700195,37.58927917480469,38.756649017333984,16.86103057861328,2696662
2001-01-08,38.81501770019531,39.048492431640625,36.6553840637207,37.35580825805664,16.2515869140625,3695704
2001-01-09,37.29743957519531,37.29743957519531,35.429649353027344,35.77985763549805,15.565977096557617,3089747
2001-01-10,36.01333236694336,36.130069732666016,34.612491607666016,35.60475158691406,15.489799499511719,3246617
2001-01-11,35.488014221191406,35.54638671875,34.14554214477539,35.25454330444336,15.337433815002441,4227348
2001-01-12,34.43738555908203,34.55411911010742,33.38675308227539,34.49575424194336,15.007326126098633,3992846
2001-01-16,34.26227951049805,35.54638671875,33.736961364746094,35.1378059387207,15.286645889282227,3425117
2001-01-17,35.371280670166016,35.429649353027344,33.85369873046875,34.14554214477539,14.854970932006836,2910070
2001-01-18,33.85369873046875,34.320648193359375,33.211647033691406,33.44512176513672,14.550253868103027,2762730
2001-01-19,33.50349044799805,33.6202278137207,32.33612060546875,32.39448928833008,14.093175888061523,3179158
2001-01-22,32.39448928833008,34.20391082763672,31.518962860107422,33.38675308227539,14.524856567382812,4270501
2001-01-23,33.970436096191406,34.3790168762207,33.6202278137207,34.14554214477539,14.854970932006836,2775044
2001-01-24,32.978172302246094,34.787593841552734,32.978172302246094,33.85369873046875,14.728008270263672,3101954
2001-01-25,34.08717346191406,35.66312026977539,34.028804779052734,35.1378059387207,15.286645889282227,3737143
2001-01-26,34.67085647583008,34.90433120727539,33.678592681884766,34.320648193359375,14.931151390075684,2671071
2001-01-29,33.48948287963867,34.899662017822266,33.48948287963867,34.8623046875,15.166792869567871,2120795
2001-01-30,35.02106857299805,36.37521743774414,34.37668228149414,35.96430206298828,15.646220207214355,3354659
2001-01-31,36.41257095336914,36.60868835449219,35.27322006225586,36.09504699707031,15.703100204467773,3190722
2001-02-01,36.09504699707031,36.9915885925293,35.62810134887695,36.28182601928711,15.784354209899902,2502315
2001-02-02,36.37521743774414,36.50596237182617,35.81488037109375,35.97364044189453,15.65028190612793,1967994
2001-02-05,36.13240432739258,36.56199645996094,35.870914459228516,36.42190933227539,15.84529972076416,1947435
2001-02-06,36.28182601928711,36.319183349609375,35.39462661743164,35.71215057373047,15.536520957946777,2027744
2001-02-07,35.488014221191406,35.6561164855957,34.909000396728516,35.38528823852539,15.394323348999023,1817549
2001-02-08,35.6187629699707,35.758846282958984,34.04047775268555,34.470069885253906,14.9961519241333,3077540
2001-02-09,34.460731506347656,34.56346130371094,33.461463928222656,34.180564880371094,14.870209693908691,2279913
2001-02-12,34.55411911010742,35.0117301940918,33.6202278137207,34.74089813232422,15.113983154296875,2243400
2001-02-13,34.97437286376953,35.71215057373047,34.36734390258789,34.6568489074707,15.077413558959961,2008148
2001-02-14,34.6568489074707,34.6568489074707,32.96649932861328,33.71361541748047,14.6670560836792,2807489
2001-02-15,34.41403579711914,35.64677810668945,33.71361541748047,35.39462661743164,15.39837646484375,3560250
2001-02-16,35.11445617675781,35.37594985961914,34.227256774902344,34.329986572265625,14.935211181640625,2643552
2001-02-20,34.778255462646484,35.24520492553711,34.38602066040039,34.51676559448242,15.01646900177002,2421685
2001-02-21,34.460731506347656,34.824951171875,33.433448791503906,33.433448791503906,14.64423656463623,2490965
2001-02-22,33.900394439697266,34.41403579711914,33.38675308227539,33.74163055419922,14.779214859008789,2003116
2001-02-23,33.85369873046875,34.38602066040039,32.97583770751953,33.461463928222656,14.656499862670898,1990373
2001-02-26,33.69493865966797,34.74089813232422,33.69493865966797,34.74089813232422,15.216910362243652,2516128
2001-02-27,34.97437286376953,35.226524353027344,34.488746643066406,35.00239181518555,15.331441879272461,1819155
2001-02-28,35.14247512817383,35.69347381591797,34.68486785888672,35.17049026489258,15.40507984161377,2189432
2001-03-01,35.25454330444336,35.478675842285156,34.64751052856445,35.06776428222656,15.360074996948242,3124762
2001-03-02,35.11445617675781,36.60868835449219,35.02106857299805,36.42190933227539,15.95320987701416,4041674
2001-03-05,36.468605041503906,37.64531326293945,36.440589904785156,37.51456832885742,16.431806564331055,2643873
2001-03-06,37.58927917480469,37.729366302490234,36.758113861083984,36.9729118347168,16.19455337524414,2535938
2001-03-07,37.449195861816406,38.186973571777344,37.24374008178711,37.888126373291016,16.59541893005371,2272525
2001-03-08,37.888126373291016,38.56986999511719,36.95423126220703,38.214988708496094,16.73859977722168,2804705
2001-03-09,38.60722732543945,38.60722732543945,37.169029235839844,37.337127685546875,16.354080200195312,2894222
2001-03-12,37.327789306640625,37.337127685546875,35.04908752441406,35.38528823852539,15.499160766601562,2734033
2001-03-13,35.38528823852539,35.478675842285156,33.8070068359375,34.871646881103516,15.27418041229248,3258289
2001-03-14,33.6202278137207,34.17122268676758,32.69567108154297,33.10658264160156,14.501057624816895,4201756
2001-03-15,33.199974060058594,33.480140686035156,32.27541732788086,32.61161804199219,14.284252166748047,3135684
2001-03-16,32.919803619384766,33.85369873046875,32.462196350097656,33.452125549316406,14.65240478515625,4218996
2001-03-19,33.8070068359375,34.358001708984375,33.69493865966797,33.863037109375,14.832396507263184,2236439
2001-03-20,33.872379302978516,35.861572265625,33.66691970825195,34.890323638916016,15.282354354858398,4970793
2001-03-21,34.180564880371094,34.27395248413086,32.97583770751953,33.18129348754883,14.533781051635742,4170490
2001-03-22,32.68633270263672,32.68633270263672,30.72515106201172,31.901859283447266,13.973373413085938,4316116
2001-03-23,31.7524356842041,32.312774658203125,30.865234375,31.808469772338867,13.932476997375488,3943590
2001-03-26,31.7524356842041,33.480140686035156,31.19209861755371,33.29336166381836,14.582865715026855,3382714
2001-03-27,33.29336166381836,34.227256774902344,32.94782257080078,34.06849670410156,14.92238998413086,3045310
2001-03-28,33.69493865966797,33.909732818603516,32.63029861450195,33.82568359375,14.816024780273438,2069504
2001-03-29,33.6202278137207,33.760311126708984,31.799129486083984,33.760311126708984,14.787393569946289,3029141
2001-03-30,32.55558395385742,33.900394439697266,32.219383239746094,33.69493865966797,14.758767127990723,2624492
2001-04-02,33.461463928222656,34.10585021972656,32.228721618652344,32.57426452636719,14.267889976501465,2538293
2001-04-03,32.15401077270508,32.25674057006836,31.108047485351562,31.74309730529785,13.90383243560791,2474261
2001-04-04,31.74309730529785,32.910465240478516,31.397554397583008,32.17268753051758,14.091997146606445,2336879
2001-04-05,33.05989074707031,33.24666976928711,32.43417739868164,33.199974060058594,14.54196548461914,1776538
2001-04-06,32.73302459716797,32.74236297607422,31.7524356842041,32.219383239746094,14.112451553344727,1775895
2001-04-09,32.40616226196289,33.24666976928711,32.12599563598633,32.68633270263672,14.316984176635742,2053978
2001-04-10,32.873111724853516,35.11445617675781,32.779720306396484,34.56346130371094,15.139188766479492,4489476
2001-04-11,34.56346130371094,35.11445617675781,33.85369873046875,34.17122268676758,14.96738052368164,3700415
2001-04-12,33.8070068359375,34.41403579711914,33.330718994140625,34.06849670410156,14.92238998413086,2929344
2001-04-16,34.05915832519531,34.768917083740234,33.900394439697266,34.60081481933594,15.155545234680176,2047339
2001-04-17,34.460731506347656,34.74089813232422,33.85369873046875,34.64751052856445,15.17599868774414,1752980
2001-04-18,34.64751052856445,36.888858795166016,34.04047775268555,36.24447250366211,15.875483512878418,3927636
2001-04-19,36.24447250366211,36.24447250366211,35.422645568847656,35.94562530517578,15.744583129882812,2111907
2001-04-20,35.06776428222656,36.216453552246094,35.06776428222656,35.189170837402344,15.413260459899902,2181294
2001-04-23,35.189170837402344,36.235130310058594,35.02106857299805,35.52537155151367,15.560515403747559,2562279
2001-04-24,35.53470993041992,35.94562530517578,34.41403579711914,34.909000396728516,15.290534019470215,2006435
2001-04-25,35.11445617675781,35.319915771484375,34.199241638183594,35.24520492553711,15.437787055969238,1452947
2001-04-26,35.24520492553711,36.309844970703125,34.796932220458984,35.861572265625,15.707778930664062,2309467
2001-04-27,36.748775482177734,36.758113861083984,35.768184661865234,36.179100036621094,15.846858024597168,2386778
2001-04-30,36.179100036621094,37.09431457519531,35.96430206298828,36.59001159667969,16.026845932006836,2644087
2001-05-01,36.59001159667969,37.0289421081543,36.15108108520508,36.888858795166016,16.157732009887695,2746882
2001-05-02,36.888858795166016,36.888858795166016,35.777523040771484,36.39389419555664,15.940937995910645,2907500
2001-05-03,36.28182601928711,36.28182601928711,35.11445617675781,35.488014221191406,15.544154167175293,2481756
2001-05-04,35.27322006225586,36.02033615112305,34.927677154541016,36.00165939331055,15.769136428833008,3524164
2001-05-07,35.95496368408203,36.309844970703125,35.25454330444336,35.39462661743164,15.503250122070312,2244577
2001-05-08,35.347930908203125,35.81488037109375,35.13313674926758,35.17049026489258,15.40507984161377,2175084
2001-05-09,35.179832458496094,35.6187629699707,35.179832458496094,35.488014221191406,15.544154167175293,2451239
2001-05-10,36.0483512878418,36.0483512878418,35.55339050292969,35.889591217041016,15.720044136047363,2195750
2001-05-11,35.908267974853516,36.00165939331055,34.329986572265625,34.880985260009766,15.278264999389648,2224447
2001-05-14,34.918338775634766,35.02106857299805,34.41403579711914,34.927677154541016,15.29871654510498,2025602
2001-05-15,34.69420623779297,35.81488037109375,34.64751052856445,35.207847595214844,15.421433448791504,2665181
2001-05-16,35.25454330444336,37.35580825805664,34.8062744140625,37.215721130371094,16.40972137451172,4698172
2001-05-17,37.206382751464844,38.289703369140625,37.12233352661133,38.14961624145508,16.821514129638672,5243843
2001-05-18,38.27102279663086,38.27102279663086,37.309112548828125,37.6359748840332,16.595029830932617,4336675
2001-05-21,37.68267059326172,38.289703369140625,37.169029235839844,37.8040771484375,16.669147491455078,2459163
2001-05-22,37.82275390625,37.82275390625,36.59001159667969,36.6180305480957,16.146177291870117,2489037
2001-05-23,36.70207977294922,37.35580825805664,36.300506591796875,36.70207977294922,16.183246612548828,2777828
2001-05-24,36.235130310058594,36.54331970214844,35.441322326660156,35.898929595947266,15.82909870147705,3309044
2001-05-25,35.95496368408203,36.00165939331055,35.11445617675781,35.431983947753906,15.623217582702637,1867019
2001-05-29,35.58140563964844,36.60868835449219,35.53470993041992,36.42190933227539,16.05970573425293,4567536
2001-05-30,36.42190933227539,36.64604568481445,35.16115188598633,35.441322326660156,15.627331733703613,1962640
2001-05-31,35.82421875,36.41257095336914,35.58140563964844,35.72148895263672,15.750866889953613,1892397
2001-06-01,35.908267974853516,36.888858795166016,35.02106857299805,36.66472244262695,16.16676902770996,2596116
2001-06-04,36.67406463623047,37.13167190551758,36.24447250366211,36.748775482177734,16.203826904296875,1651791
2001-06-05,36.93555450439453,37.860111236572266,35.749507904052734,37.23440170288086,16.4179630279541,3601796
2001-06-06,37.309112548828125,37.64531326293945,36.748775482177734,37.0289421081543,16.32736587524414,2174334
2001-06-07,36.6553840637207,37.35580825805664,36.64604568481445,37.178367614746094,16.39324951171875,2390311
2001-06-08,37.24374008178711,37.24374008178711,36.60868835449219,36.68340301513672,16.175006866455078,1218231
2001-06-11,36.56199645996094,36.6367073059082,35.82421875,35.97364044189453,15.862046241760254,1410330
2001-06-12,35.740169525146484,35.898929595947266,35.41330337524414,35.8428955078125,15.804391860961914,1936620
2001-06-13,36.06703186035156,36.42190933227539,35.66545486450195,35.92694854736328,15.841458320617676,2031491
2001-06-14,34.74089813232422,35.02106857299805,34.348663330078125,34.55411911010742,15.236129760742188,9913961
2001-06-15,34.787593841552734,34.880985260009766,34.28329086303711,34.55411911010742,15.236129760742188,3878487
2001-06-18,34.460731506347656,34.6381721496582,34.12453079223633,34.14320755004883,15.054950714111328,2628775
2001-06-19,34.432716369628906,34.55411911010742,33.66691970825195,33.8070068359375,14.90670394897461,2861349
2001-06-20,33.85369873046875,34.54478073120117,33.8070068359375,34.04047775268555,15.009634971618652,2563029
2001-06-21,34.08717346191406,34.217918395996094,33.82568359375,33.85369873046875,14.927291870117188,3082359
2001-06-22,34.13386917114258,34.13386917114258,33.39609146118164,33.6202278137207,14.824342727661133,1926555
2001-06-25,33.6202278137207,33.6202278137207,32.92914581298828,33.05989074707031,14.57726764678955,2313322
2001-06-26,33.06922912597656,33.49882125854492,32.789058685302734,33.15327835083008,14.61844539642334,4117593
2001-06-27,33.50815963745117,33.71361541748047,33.16261672973633,33.38675308227539,14.721390724182129,3205820
2001-06-28,33.480140686035156,33.66691970825195,33.10658264160156,33.11592483520508,14.601984977722168,2188790
2001-06-29,33.15327835083008,33.71361541748047,32.98517608642578,33.340057373046875,14.70080280303955,3753633
2001-07-02,33.480140686035156,34.320648193359375,33.312042236328125,33.900394439697266,14.947881698608398,2596009
2001-07-03,33.900394439697266,34.08717346191406,33.452125549316406,33.788326263427734,14.89846420288086,1234828
2001-07-05,33.71361541748047,33.797664642333984,33.302703857421875,33.6202278137207,14.824342727661133,2430358
2001-07-06,33.6202278137207,33.6202278137207,32.882450103759766,33.26534652709961,14.667862892150879,2105697
2001-07-09,33.57353210449219,33.9937858581543,33.37741470336914,33.93775177001953,14.964350700378418,2944870
2001-07-10,34.27395248413086,34.29262924194336,33.6202278137207,33.8070068359375,14.90670394897461,2699232
2001-07-11,34.27395248413086,34.70354461669922,33.909732818603516,34.54478073120117,15.232010841369629,3395456
2001-07-12,34.880985260009766,35.488014221191406,34.37668228149414,35.488014221191406,15.647923469543457,2923454
2001-07-13,35.488014221191406,36.27248764038086,35.338592529296875,36.09504699707031,15.91557788848877,3625782
2001-07-16,35.768184661865234,36.03901290893555,35.488014221191406,35.70281219482422,15.742626190185547,2047446
2001-07-17,36.14174270629883,36.68340301513672,35.49735641479492,36.42190933227539,16.05970573425293,3722473
2001-07-18,36.28182601928711,37.52390670776367,36.09504699707031,37.35580825805664,16.47149085998535,5089758
2001-07-19,37.215721130371094,37.67333221435547,36.898197174072266,37.337127685546875,16.463254928588867,2970890
2001-07-20,37.40250015258789,37.40250015258789,36.748775482177734,37.12233352661133,16.368545532226562,2272418
2001-07-23,37.14101028442383,37.34646987915039,36.70207977294922,36.907535552978516,16.273832321166992,1709507
2001-07-24,36.42190933227539,36.70207977294922,35.347930908203125,35.55339050292969,15.676741600036621,2692808
2001-07-25,35.95496368408203,36.748775482177734,35.60008239746094,36.6180305480957,16.146177291870117,2360222
2001-07-26,36.38455581665039,37.15034866333008,36.235130310058594,37.15034866333008,16.380901336669922,2615283
2001-07-27,36.888858795166016,37.215721130371094,36.16041946411133,36.468605041503906,16.080297470092773,2010290
2001-07-30,36.50596237182617,36.93555450439453,36.328521728515625,36.8421630859375,16.24500846862793,1632731
2001-07-31,36.6553840637207,38.196311950683594,36.468605041503906,38.05622863769531,16.780332565307617,3781367
2001-08-01,38.15895462036133,38.41110610961914,37.41183853149414,37.776058197021484,16.656801223754883,2724182
2001-08-02,38.0095329284668,38.23366928100586,37.430519104003906,38.09358215332031,16.796802520751953,1667104
2001-08-03,38.09358215332031,38.24300765991211,37.50522994995117,38.01887130737305,16.76386260986328,2195214
2001-08-06,37.82275390625,38.6165657043457,37.785396575927734,37.878787994384766,16.702091217041016,2766585
2001-08-07,37.6359748840332,37.64531326293945,37.24374008178711,37.337127685546875,16.463254928588867,2872913
2001-08-08,37.215721130371094,37.91614532470703,36.8421630859375,37.07563781738281,16.347959518432617,2596544
2001-08-09,37.06629943847656,37.07563781738281,36.55265808105469,36.69274139404297,16.179121017456055,2332382
2001-08-10,36.879520416259766,37.299774169921875,36.328521728515625,37.187705993652344,16.397367477416992,2497175
2001-08-13,37.225059509277344,37.290435791015625,36.66472244262695,37.215721130371094,16.40972137451172,1331520
2001-08-14,37.215721130371094,38.0282096862793,37.215721130371094,37.91614532470703,16.718568801879883,2310109
2001-08-15,38.52317428588867,38.747310638427734,38.0095329284668,38.03755187988281,16.7721004486084,3963614
2001-08-16,38.24300765991211,38.850040435791016,38.04689025878906,38.756649017333984,17.089181900024414,3357015
2001-08-17,38.756649017333984,38.756649017333984,38.05622863769531,38.467140197753906,16.961515426635742,2687347
2001-08-20,38.14961624145508,38.60722732543945,37.738704681396484,38.289703369140625,16.883275985717773,2366968
2001-08-21,38.850040435791016,39.69054412841797,38.15895462036133,38.327056884765625,16.89975357055664,4064696
2001-08-22,37.91614532470703,38.09358215332031,36.860843658447266,37.81341552734375,16.775455474853516,4069086
2001-08-23,37.729366302490234,38.28036117553711,37.458534240722656,38.186973571777344,16.941181182861328,1814015
2001-08-24,38.186973571777344,38.859378814697266,38.06556701660156,38.54185485839844,17.098617553710938,1901712
2001-08-27,38.756649017333984,39.176902770996094,38.56986999511719,38.878055572509766,17.247774124145508,1626949
2001-08-28,38.8033447265625,38.878055572509766,38.214988708496094,38.38309097290039,17.028188705444336,1342549
2001-08-29,38.93408966064453,39.03681945800781,37.82275390625,38.05622863769531,16.883180618286133,3065440
2001-08-30,37.82275390625,38.289703369140625,37.449195861816406,37.449195861816406,16.613874435424805,2509596
2001-08-31,37.35580825805664,37.766719818115234,36.95423126220703,37.48655319213867,16.63045310974121,2343518
2001-09-04,37.58927917480469,39.08351135253906,37.36514663696289,38.38309097290039,17.028188705444336,3477050
2001-09-05,38.38309097290039,38.896732330322266,38.0095329284668,38.27102279663086,16.978471755981445,2867024
2001-09-06,38.27102279663086,38.336395263671875,37.57060241699219,38.03755187988281,16.874897003173828,2928059
2001-09-07,38.03755187988281,38.03755187988281,35.95496368408203,36.06703186035156,16.000703811645508,5892846
2001-09-10,36.06703186035156,36.06703186035156,35.16115188598633,35.338592529296875,15.677538871765137,3781367
2001-09-17,33.480140686035156,34.07783508300781,30.96796417236328,31.659046173095703,14.045141220092773,7916734
2001-09-18,31.659046173095703,33.07856750488281,31.518962860107422,32.0326042175293,14.210872650146484,3953120
2001-09-19,32.49955368041992,32.68633270263672,31.098709106445312,31.883180618286133,14.144583702087402,4784370
2001-09-20,31.7524356842041,31.7524356842041,30.024730682373047,30.351593017578125,13.465108871459961,4658660
2001-09-21,30.220848083496094,30.323575973510742,28.670581817626953,30.220848083496094,13.407108306884766,6118781
2001-09-24,31.238792419433594,31.8458251953125,30.818540573120117,31.322843551635742,13.895997047424316,3458097
2001-09-25,31.378877639770508,31.472267150878906,30.669116973876953,31.17342185974121,13.829699516296387,3406271
2001-09-26,31.40689468383789,31.70574188232422,30.818540573120117,31.238792419433594,13.8587064743042,4314403
2001-09-27,31.06135368347168,31.71508026123047,30.921268463134766,31.612350463867188,14.024426460266113,2559067
2001-09-28,31.70574188232422,32.901126861572266,31.565656661987305,32.53690719604492,14.434592247009277,3668185
2001-10-01,32.73302459716797,32.73302459716797,31.388216018676758,31.97657012939453,14.186016082763672,3058052
2001-10-02,32.210044860839844,32.873111724853516,31.827146530151367,32.238059997558594,14.302016258239746,2418366
2001-10-03,31.892520904541016,32.56492233276367,31.76177406311035,32.443519592285156,14.393168449401855,3370078
2001-10-04,32.443519592285156,32.62095642089844,31.584333419799805,32.228721618652344,14.297877311706543,2847108
2001-10-05,32.26607894897461,33.71361541748047,32.238059997558594,33.71361541748047,14.956636428833008,3350697
2001-10-08,33.199974060058594,33.52683639526367,32.58360290527344,32.68633270263672,14.500892639160156,1802451
2001-10-09,32.73302459716797,33.26534652709961,32.59294128417969,32.97583770751953,14.629329681396484,1804378
2001-10-10,33.05989074707031,34.59147644042969,33.05989074707031,34.37668228149414,15.250799179077148,2970890
2001-10-11,34.37668228149414,35.898929595947266,34.37668228149414,35.6747932434082,15.826679229736328,4445788
2001-10-12,35.06776428222656,35.488014221191406,34.6755256652832,35.39462661743164,15.702391624450684,3220811
2001-10-15,35.02106857299805,35.24520492553711,34.759578704833984,35.207847595214844,15.619525909423828,1968529
2001-10-16,35.207847595214844,35.23586654663086,34.8436279296875,35.11445617675781,15.578093528747559,2866168
2001-10-17,35.207847595214844,35.469337463378906,33.433448791503906,33.919071197509766,15.047781944274902,4498471
2001-10-18,34.180564880371094,34.488746643066406,33.218650817871094,33.863037109375,15.022926330566406,2509811
2001-10-19,33.900394439697266,33.900394439697266,33.29336166381836,33.51749801635742,14.869624137878418,3275207
2001-10-22,33.57353210449219,34.358001708984375,33.433448791503906,34.30196762084961,15.217646598815918,2444279
2001-10-23,34.36734390258789,34.70354461669922,34.04047775268555,34.62883377075195,15.362651824951172,3178836
2001-10-24,34.62883377075195,34.909000396728516,34.29262924194336,34.56346130371094,15.33365249633789,3154208
2001-10-25,33.94709014892578,34.909000396728516,33.94709014892578,34.909000396728516,15.486949920654297,2666145
2001-10-26,34.74089813232422,35.37594985961914,34.60081481933594,35.25454330444336,15.64024543762207,3826232
2001-10-29,35.02106857299805,35.207847595214844,34.320648193359375,34.59147644042969,15.346077919006348,2090277
2001-10-30,34.08717346191406,34.58213806152344,33.433448791503906,34.13386917114258,15.143078804016113,3447068
2001-10-31,33.85369873046875,34.42337417602539,33.29336166381836,33.433448791503906,14.832347869873047,3257967
2001-11-01,33.50815963745117,34.07783508300781,33.15327835083008,33.8070068359375,14.998064994812012,3261287
2001-11-02,33.94709014892578,34.42337417602539,33.769649505615234,34.37668228149414,15.250799179077148,2882229
2001-11-05,34.37668228149414,34.768917083740234,34.189903259277344,34.60081481933594,15.350225448608398,1947114
2001-11-06,34.55411911010742,34.927677154541016,34.236595153808594,34.871646881103516,15.470383644104004,3016291
2001-11-07,34.83428955078125,35.478675842285156,34.768917083740234,34.98371124267578,15.520099639892578,1552423
2001-11-08,35.06776428222656,35.8055419921875,34.9930534362793,35.10511779785156,15.57394790649414,2406052
2001-11-09,35.02106857299805,35.09577941894531,34.56346130371094,35.06776428222656,15.557387351989746,1357968
2001-11-12,34.55411911010742,34.98371124267578,34.11518859863281,34.66618728637695,15.379226684570312,1865627
2001-11-13,35.16115188598633,35.56272888183594,35.11445617675781,35.39462661743164,15.702391624450684,3235481
2001-11-14,36.09504699707031,36.69274139404297,35.60942459106445,36.459266662597656,16.17470359802246,2662611
2001-11-15,36.51530075073242,37.327789306640625,36.431251525878906,37.03828048706055,16.431575775146484,2831260
2001-11-16,37.54258728027344,37.54258728027344,37.05696105957031,37.430519104003906,16.6055850982666,3279597
2001-11-19,37.72002410888672,37.96283721923828,37.449195861816406,37.897464752197266,16.812744140625,2400269
2001-11-20,37.449195861816406,37.62663650512695,37.08497619628906,37.337127685546875,16.66683578491211,2593760
2001-11-21,37.28109359741211,37.40250015258789,36.53397750854492,36.70207977294922,16.383359909057617,2505206
2001-11-23,36.42190933227539,37.35580825805664,36.39389419555664,37.309112548828125,16.65433120727539,1118006
2001-11-26,37.309112548828125,37.57994079589844,36.85150146484375,37.458534240722656,16.721031188964844,1317493
2001-11-27,37.0289421081543,37.82275390625,36.795467376708984,37.52390670776367,16.750213623046875,2461518
2001-11-28,37.49589157104492,37.6546516418457,36.776790618896484,37.05696105957031,16.541778564453125,1822474
2001-11-29,36.9915885925293,37.26241683959961,36.39389419555664,36.767452239990234,16.41254234313965,1793777
2001-11-30,36.767452239990234,37.68267059326172,36.53397750854492,37.309112548828125,16.65433120727539,2251109
2001-12-03,37.309112548828125,37.309112548828125,36.70207977294922,36.96356964111328,16.50008201599121,1711648
2001-12-04,36.91687774658203,37.49589157104492,36.748775482177734,37.449195861816406,16.71686363220215,1737990
2001-12-05,37.58927917480469,38.747310638427734,37.54258728027344,38.6165657043457,17.237958908081055,3768089
2001-12-06,38.56986999511719,39.03681945800781,38.05622863769531,38.420448303222656,17.150421142578125,2610786
2001-12-07,38.05622863769531,38.70061492919922,37.48655319213867,37.81341552734375,16.879444122314453,3149176
2001-12-10,37.81341552734375,38.00019454956055,36.7861328125,37.11299514770508,16.566781997680664,3191579
2001-12-11,37.34646987915039,37.57994079589844,36.907535552978516,37.178367614746094,16.595962524414062,1791850
2001-12-12,37.25307846069336,37.449195861816406,36.6367073059082,37.290435791015625,16.645992279052734,2057833
2001-12-13,37.05696105957031,37.41183853149414,36.42190933227539,36.6367073059082,16.35418128967285,2575771
2001-12-14,36.42190933227539,37.15034866333008,36.42190933227539,36.795467376708984,16.425050735473633,2161270
2001-12-17,36.8048095703125,37.35580825805664,36.468605041503906,37.35580825805664,16.6751708984375,2038452
2001-12-18,37.41183853149414,38.08424377441406,37.197044372558594,38.08424377441406,17.000341415405273,2318033
2001-12-19,37.467872619628906,37.850772857666016,37.35580825805664,37.54258728027344,16.758556365966797,2367611
2001-12-20,36.898197174072266,37.54258728027344,36.888858795166016,37.458534240722656,16.721031188964844,3155386
2001-12-21,37.458534240722656,37.458534240722656,36.56199645996094,36.70207977294922,16.383359909057617,3416229
2001-12-24,36.70207977294922,37.40250015258789,36.62736892700195,37.15034866333008,16.583463668823242,1089309
2001-12-26,37.26241683959961,37.58927917480469,37.03828048706055,37.169029235839844,16.591798782348633,1821832
2001-12-27,37.40250015258789,37.79473876953125,37.169029235839844,37.58927917480469,16.779394149780273,1645045
2001-12-28,37.96283721923828,38.289703369140625,37.62663650512695,37.98151779174805,16.954483032226562,1576194
2001-12-31,38.04689025878906,38.50449752807617,37.64531326293945,37.68267059326172,16.821081161499023,1798596
2002-01-02,37.68267059326172,37.83209228515625,37.309112548828125,37.49589157104492,16.737709045410156,2237510
2002-01-03,37.49589157104492,38.12160110473633,37.24374008178711,38.0095329284668,16.96698570251465,2617639
2002-01-04,38.24300765991211,39.5971565246582,38.12160110473633,39.167564392089844,17.483924865722656,3834478
2002-01-07,39.316986083984375,39.457069396972656,38.81268310546875,39.186241149902344,17.492263793945312,3557894
2002-01-08,39.186241149902344,39.195579528808594,38.429786682128906,38.58854675292969,17.22545623779297,2545039
2002-01-09,38.70995330810547,39.345001220703125,38.59788513183594,38.99946212768555,17.40887451171875,3154101
2002-01-10,39.03681945800781,39.03681945800781,38.336395263671875,38.737972259521484,17.292158126831055,3856214
2002-01-11,38.737972259521484,38.97144317626953,38.327056884765625,38.327056884765625,17.108736038208008,2002580
2002-01-14,37.9908561706543,38.196311950683594,37.12233352661133,37.13167190551758,16.575119018554688,3969182
2002-01-15,36.6553840637207,37.34646987915039,36.337860107421875,36.42190933227539,16.2582950592041,4280138
2002-01-16,36.0483512878418,36.795467376708984,35.92694854736328,36.0296745300293,16.083200454711914,3009331
2002-01-17,36.14174270629883,36.27248764038086,35.38528823852539,35.93628692626953,16.041522979736328,4531237
2002-01-18,35.93628692626953,36.309844970703125,35.57206726074219,35.69347381591797,15.933127403259277,3528983
2002-01-22,36.0483512878418,36.68340301513672,35.8428955078125,36.337860107421875,16.22077178955078,3238265
2002-01-23,36.337860107421875,37.159690856933594,36.14174270629883,36.776790618896484,16.416709899902344,2697733
2002-01-24,37.169029235839844,37.79473876953125,36.94489288330078,37.467872619628906,16.72519874572754,3228521
2002-01-25,37.467872619628906,38.56986999511719,37.40250015258789,38.37375259399414,17.12957763671875,3409055
2002-01-28,39.22359848022461,39.22359848022461,38.91541290283203,39.08351135253906,17.446401596069336,4491725
2002-01-29,39.27029037475586,39.39169692993164,38.186973571777344,38.289703369140625,17.0920467376709,3837476
2002-01-30,38.289703369140625,38.6165657043457,37.729366302490234,38.6165657043457,17.237958908081055,3370400
2002-01-31,38.784664154052734,39.69054412841797,38.66326141357422,39.01813888549805,17.41722869873047,2782432
2002-02-01,39.15822219848633,39.68120574951172,38.850040435791016,39.0088005065918,17.413053512573242,3561535
2002-02-04,38.91541290283203,39.07417297363281,38.23366928100586,38.327056884765625,17.108736038208008,2305505
2002-02-05,38.56053161621094,38.8406982421875,37.878787994384766,38.205650329589844,17.054534912109375,1821618
2002-02-06,38.289703369140625,38.67259979248047,37.888126373291016,37.888126373291016,16.91279411315918,1921308
2002-02-07,38.27102279663086,38.728633880615234,37.9908561706543,37.9908561706543,16.958660125732422,1728245
2002-02-08,38.22433090209961,39.22359848022461,38.14961624145508,39.214256286621094,17.5047664642334,2451881
2002-02-11,39.13020706176758,40.95130157470703,39.0088005065918,40.91394805908203,18.26349449157715,4107742
2002-02-12,40.727169036865234,41.23147201538086,40.27889633178711,40.5964241027832,18.12175178527832,4090181
2002-02-13,40.764522552490234,41.65172576904297,40.62443923950195,41.55833435058594,18.551130294799805,4168348
2002-02-14,41.418251037597656,41.782470703125,41.13808059692383,41.23147201538086,18.405223846435547,3170163
2002-02-15,41.22213363647461,41.69841766357422,40.62443923950195,40.65245819091797,18.146759033203125,3751171
2002-02-19,40.51237106323242,40.764522552490234,40.11079788208008,40.157493591308594,17.925813674926758,3304547
2002-02-20,39.55046081542969,40.157493591308594,38.8406982421875,40.01740646362305,17.967744827270508,6628046
2002-02-21,39.877323150634766,40.848575592041016,39.316986083984375,39.316986083984375,17.653255462646484,5011055
2002-02-22,39.410377502441406,40.5964241027832,39.22359848022461,40.14815139770508,18.026445388793945,4502325
2002-02-25,40.39096450805664,41.09138870239258,40.176170349121094,41.06336975097656,18.43738555908203,3658548
2002-02-26,41.09138870239258,41.55833435058594,40.57774353027344,41.306182861328125,18.54640007019043,3173697
2002-02-27,41.306182861328125,41.95056915283203,40.857913970947266,41.25014877319336,18.521244049072266,3381857
2002-02-28,41.25014877319336,41.782470703125,40.857913970947266,40.857913970947266,18.345129013061523,3090283
2002-03-01,41.55833435058594,41.55833435058594,41.04469299316406,41.24081039428711,18.51704978942871,3389674
2002-03-04,41.55833435058594,43.145957946777344,41.55833435058594,43.0058708190918,19.309555053710938,5304129
2002-03-05,42.6323127746582,42.819091796875,41.69841766357422,41.745113372802734,18.743478775024414,4170597
2002-03-06,41.55833435058594,42.324127197265625,41.48362350463867,42.296112060546875,18.990877151489258,3397598
2002-03-07,42.35214614868164,42.5762825012207,41.885196685791016,41.99726486206055,18.856698989868164,2773866
2002-03-08,42.49222946166992,42.5949592590332,41.34354019165039,41.427589416503906,18.600919723510742,3725365
2002-03-11,41.79180908203125,42.156028747558594,41.23147201538086,42.09065628051758,18.898632049560547,2503172
2002-03-12,41.296844482421875,42.01594161987305,41.278167724609375,41.67974090576172,18.71412467956543,2802028
2002-03-13,41.278167724609375,41.287506103515625,40.22286605834961,40.45634078979492,18.16482925415039,4955053
2002-03-14,41.04469299316406,41.65172576904297,40.446998596191406,41.34354019165039,18.563173294067383,3506711
2002-03-15,41.324859619140625,41.77313232421875,40.90460968017578,41.66106414794922,18.705739974975586,4744109
2002-03-18,41.66106414794922,42.193382263183594,40.885929107666016,41.306182861328125,18.54640007019043,2482291
2002-03-19,41.65172576904297,42.02528381347656,41.315521240234375,41.745113372802734,18.743478775024414,2974959
2002-03-20,41.66106414794922,41.9692497253418,41.315521240234375,41.418251037597656,18.596725463867188,3007939
2002-03-21,41.10072708129883,41.55833435058594,39.70922088623047,40.316253662109375,18.101924896240234,3527055
2002-03-22,40.316253662109375,40.38162612915039,39.26095199584961,39.47574996948242,17.724536895751953,4137188
2002-03-25,39.737239837646484,39.737239837646484,38.850040435791016,38.90607452392578,17.468759536743164,3197468
2002-03-26,38.765987396240234,39.95203399658203,38.47648239135742,39.58781433105469,17.774858474731445,3109557
2002-03-27,39.92401885986328,40.325592041015625,39.62517166137695,40.02674865722656,17.97193717956543,3325962
2002-03-28,39.98005294799805,40.39096450805664,39.9707145690918,40.166831970214844,18.034835815429688,2337093
2002-04-01,40.176170349121094,40.176170349121094,38.94342803955078,39.60649490356445,17.78324317932129,2348765
2002-04-02,39.36368179321289,39.55046081542969,38.9901237487793,39.39169692993164,17.68680191040039,2251216
2002-04-03,39.176902770996094,39.91468048095703,38.60722732543945,38.83135986328125,17.435211181640625,3120157
2002-04-04,38.56986999511719,38.93408966064453,38.23366928100586,38.719295501708984,17.38490104675293,3526841
2002-04-05,38.56986999511719,38.9901237487793,38.52317428588867,38.784664154052734,17.41425323486328,2806632
2002-04-08,38.13093948364258,38.756649017333984,38.10292434692383,38.66326141357422,17.359743118286133,2850427
2002-04-09,38.56986999511719,38.66326141357422,38.05622863769531,38.186973571777344,17.14588165283203,3553290
2002-04-10,38.420448303222656,38.9901237487793,38.299041748046875,38.887393951416016,17.460365295410156,2861028
2002-04-11,38.70995330810547,39.15822219848633,38.35507583618164,38.41110610961914,17.246517181396484,2947547
2002-04-12,38.41110610961914,38.41110610961914,37.869449615478516,38.186973571777344,17.14588165283203,3591731
2002-04-15,38.196311950683594,38.6539192199707,37.40250015258789,37.729366302490234,16.94042205810547,3556502
2002-04-16,38.336395263671875,39.08351135253906,38.14961624145508,38.92475128173828,17.477148056030273,3767339
2002-04-17,39.167564392089844,39.50376510620117,38.756649017333984,39.04615783691406,17.531654357910156,2279699
2002-04-18,39.40103530883789,39.62517166137695,38.327056884765625,38.59788513183594,17.330387115478516,2995090
2002-04-19,39.50376510620117,39.83062744140625,38.896732330322266,39.38235855102539,17.682605743408203,3916500
2002-04-22,39.447731018066406,39.457069396972656,38.168296813964844,38.196311950683594,17.150087356567383,3861461
2002-04-23,38.14961624145508,38.420448303222656,37.748043060302734,37.79473876953125,16.969772338867188,4390643
2002-04-24,38.0095329284668,38.429786682128906,37.159690856933594,37.26241683959961,16.730762481689453,3872919
2002-04-25,37.35580825805664,38.03755187988281,37.27175521850586,37.82275390625,16.982345581054688,3753098
2002-04-26,38.47648239135742,38.52317428588867,37.68267059326172,37.68267059326172,16.919448852539062,2912532
2002-04-29,37.888126373291016,37.888126373291016,36.54331970214844,36.56199645996094,16.416271209716797,3950979
2002-04-30,37.309112548828125,38.756649017333984,36.730098724365234,38.69127655029297,17.3723087310791,4745393
2002-05-01,39.176902770996094,39.176902770996094,38.09358215332031,38.850040435791016,17.44359588623047,4864679
2002-05-02,38.850040435791016,39.66252899169922,38.66326141357422,39.55046081542969,17.758087158203125,3100883
2002-05-03,39.36368179321289,39.877323150634766,39.10219192504883,39.69054412841797,17.82099151611328,2508097
2002-05-06,40.25088119506836,40.48435592651367,39.60649490356445,39.69054412841797,17.82099151611328,3723330
2002-05-07,39.83062744140625,40.6151008605957,39.737239837646484,40.14815139770508,18.026445388793945,4058378
2002-05-08,40.57774353027344,40.8018798828125,40.166831970214844,40.62443923950195,18.240304946899414,2549430
2002-05-09,40.437660217285156,40.81121826171875,40.03608703613281,40.204185485839844,18.051607131958008,1802129
2002-05-10,40.57774353027344,40.57774353027344,39.98005294799805,39.98005294799805,17.95097541809082,1483892
2002-05-13,39.92401885986328,40.6337776184082,39.8212890625,40.60576248168945,18.231918334960938,1447486
2002-05-14,40.62443923950195,41.57701110839844,40.62443923950195,41.306182861328125,18.54640007019043,3060408
2002-05-15,41.315521240234375,42.02528381347656,40.99799728393555,42.01594161987305,18.865083694458008,3916500
2002-05-16,42.202720642089844,42.21206283569336,41.184776306152344,41.399574279785156,18.58833885192871,2178189
2002-05-17,41.324859619140625,41.53965759277344,40.829898834228516,41.418251037597656,18.596725463867188,1915954
2002-05-20,41.51163864135742,41.51163864135742,40.92328643798828,41.11006546020508,18.458354949951172,1898500
2002-05-21,41.278167724609375,41.50230026245117,40.67113494873047,40.885929107666016,18.357709884643555,1955359
2002-05-22,40.857913970947266,41.13808059692383,40.50303268432617,40.857913970947266,18.45048713684082,1896251
2002-05-23,40.90460968017578,41.48362350463867,40.5964241027832,41.37155532836914,18.68243980407715,2410442
2002-05-24,41.37155532836914,41.55833435058594,40.839237213134766,40.9886589050293,18.5095272064209,1060933
2002-05-28,41.22213363647461,41.22213363647461,40.34427261352539,40.67113494873047,18.366146087646484,1417397
2002-05-29,40.39096450805664,40.8018798828125,40.23220443725586,40.23220443725586,18.167938232421875,2667858
2002-05-30,40.25088119506836,40.67113494873047,39.92401885986328,40.157493591308594,18.134199142456055,2501994
2002-05-31,40.176170349121094,40.895267486572266,40.166831970214844,40.25088119506836,18.17637062072754,2589156
2002-06-03,40.39096450805664,40.48435592651367,39.50376510620117,39.50376510620117,17.83898162841797,2146279
2002-06-04,39.64384841918945,40.157493591308594,39.51310348510742,39.774593353271484,17.96129035949707,2450382
2002-06-05,40.04542541503906,40.53105163574219,40.03608703613281,40.48435592651367,18.281789779663086,1818620
2002-06-06,40.62443923950195,40.62443923950195,39.79327392578125,40.11079788208008,18.11311149597168,1598681
2002-06-07,39.9707145690918,40.297576904296875,39.737239837646484,39.98005294799805,18.05406951904297,3406378
2002-06-10,40.06410217285156,40.764522552490234,39.95203399658203,40.465675354003906,18.27337646484375,2535509
2002-06-11,40.57774353027344,41.09138870239258,40.02674865722656,40.166831970214844,18.138410568237305,2009540
2002-06-12,39.69988250732422,40.50303268432617,39.69054412841797,40.428321838378906,18.256502151489258,2447705
2002-06-13,40.01740646362305,40.288238525390625,39.6345100402832,39.70922088623047,17.9317626953125,2079248
2002-06-14,39.22359848022461,39.6158332824707,38.756649017333984,39.49442672729492,17.834768295288086,2122615
2002-06-17,39.92401885986328,40.68981170654297,39.69054412841797,40.446998596191406,18.264930725097656,2549430
2002-06-18,40.57774353027344,41.05403137207031,40.204185485839844,40.9886589050293,18.5095272064209,1840892
2002-06-19,40.437660217285156,41.09138870239258,40.437660217285156,40.49369430541992,18.286020278930664,2203031
2002-06-20,40.65245819091797,40.95130157470703,40.288238525390625,40.446998596191406,18.264930725097656,2109016
2002-06-21,40.45634078979492,40.81121826171875,40.0080680847168,40.157493591308594,18.134199142456055,4067694
2002-06-24,40.204185485839844,40.764522552490234,40.08277893066406,40.727169036865234,18.391448974609375,2537972
2002-06-25,41.13808059692383,41.33420181274414,40.34427261352539,40.34427261352539,18.21854019165039,4683716
2002-06-26,40.288238525390625,40.437660217285156,39.36368179321289,39.69054412841797,17.92333984375,4469345
2002-06-27,40.14815139770508,40.23220443725586,38.859378814697266,39.52244186401367,17.847421646118164,3961687
2002-06-28,39.67186737060547,40.99799728393555,39.51310348510742,40.69915008544922,18.3787899017334,3909111
2002-07-01,40.68981170654297,40.99799728393555,40.01740646362305,40.01740646362305,18.070934295654297,2199926
2002-07-02,40.01740646362305,40.34427261352539,39.37302017211914,39.5971565246582,17.88116455078125,2215345
2002-07-03,39.5971565246582,39.9893913269043,39.06483459472656,39.92401885986328,18.028772354125977,2970034
2002-07-05,40.06410217285156,41.04469299316406,39.93335723876953,40.99799728393555,18.513755798339844,1303358
2002-07-08,40.99799728393555,41.184776306152344,40.297576904296875,40.60576248168945,18.336627960205078,1968208
2002-07-09,40.418983459472656,40.96064376831055,39.774593353271484,39.783935546875,17.965499877929688,1911564
2002-07-10,40.10145950317383,40.24154281616211,38.859378814697266,38.887393951416016,17.560640335083008,3023144
2002-07-11,38.887393951416016,38.887393951416016,37.8040771484375,38.70995330810547,17.480518341064453,4978396
2002-07-12,38.70995330810547,38.9901237487793,38.05622863769531,38.24300765991211,17.269664764404297,3103560
2002-07-15,38.196311950683594,38.196311950683594,35.768184661865234,37.23440170288086,16.814189910888672,5006022
2002-07-16,37.00092697143555,37.56126403808594,36.337860107421875,36.93555450439453,16.67923927307129,3583057
2002-07-17,38.05622863769531,38.06556701660156,36.98225021362305,37.54258728027344,16.953369140625,3382285
2002-07-18,38.14961624145508,38.196311950683594,37.03828048706055,37.03828048706055,16.72563362121582,3080324
2002-07-19,36.468605041503906,37.06629943847656,35.16115188598633,35.329254150390625,15.953868865966797,4679433
2002-07-22,35.30123519897461,35.459999084472656,33.69493865966797,34.17122268676758,15.43093204498291,4209894
2002-07-23,34.17122268676758,34.787593841552734,33.62956619262695,33.909732818603516,15.312857627868652,3305510
2002-07-24,33.15327835083008,36.449928283691406,33.07856750488281,36.09504699707031,16.29969024658203,4366122
2002-07-25,35.58140563964844,36.83282470703125,35.06776428222656,36.188438415527344,16.341861724853516,4310120
2002-07-26,35.95496368408203,36.41257095336914,35.51603317260742,36.09504699707031,16.29969024658203,2784895
2002-07-29,36.42190933227539,38.0095329284668,36.42190933227539,37.82275390625,17.07987403869629,3735537
2002-07-30,37.82275390625,37.82275390625,36.54331970214844,37.15034866333008,16.77623748779297,3207212
2002-07-31,37.15034866333008,37.27175521850586,36.328521728515625,37.187705993652344,16.793107986450195,2937696
2002-08-01,37.187705993652344,37.41183853149414,36.42190933227539,36.907535552978516,16.666589736938477,2881908
2002-08-02,36.70207977294922,36.748775482177734,34.927677154541016,35.11445617675781,15.856874465942383,3012972
2002-08-05,35.207847595214844,35.58140563964844,34.30196762084961,34.358001708984375,15.515277862548828,2605325
2002-08-06,35.00239181518555,35.777523040771484,34.55411911010742,35.25454330444336,15.920133590698242,2091562
2002-08-07,35.58140563964844,36.0109977722168,35.03974533081055,35.95496368408203,16.23642921447754,2816911
2002-08-08,36.39389419555664,37.37448501586914,35.92694854736328,37.28109359741211,16.835283279418945,2494070
2002-08-09,36.93555450439453,38.12160110473633,36.66472244262695,37.94416046142578,17.13471031188965,2570203
2002-08-12,37.35580825805664,37.766719818115234,36.898197174072266,37.58927917480469,16.97444725036621,2384957
2002-08-13,37.35580825805664,37.79473876953125,36.748775482177734,36.7861328125,16.611766815185547,2729857
2002-08-14,36.188438415527344,36.888858795166016,35.16115188598633,36.85150146484375,16.64128875732422,6045111
2002-08-15,36.870182037353516,37.12233352661133,36.0296745300293,36.64604568481445,16.548503875732422,4049277
2002-08-16,36.6367073059082,36.6367073059082,34.55411911010742,35.10511779785156,15.852656364440918,6164611
2002-08-19,34.787593841552734,36.36587905883789,34.787593841552734,36.11372756958008,16.308128356933594,5167175
2002-08-20,35.768184661865234,35.94562530517578,35.39462661743164,35.39462661743164,15.98339557647705,4130121
2002-08-21,35.488014221191406,35.749507904052734,34.8436279296875,35.347930908203125,16.06829833984375,3930741
2002-08-22,35.53470993041992,36.216453552246094,35.441322326660156,36.03901290893555,16.382448196411133,2022390
2002-08-23,35.58140563964844,35.908267974853516,35.23586654663086,35.40396499633789,16.09377670288086,1687984
2002-08-26,35.6374397277832,36.0483512878418,35.198509216308594,35.85223388671875,16.297548294067383,1643439
2002-08-27,36.70207977294922,36.748775482177734,35.09577941894531,35.179832458496094,15.991886138916016,4062126
2002-08-28,35.12379837036133,35.37594985961914,34.55411911010742,34.74089813232422,15.79236125946045,2633486
2002-08-29,34.36734390258789,35.04908752441406,34.320648193359375,34.83428955078125,15.834816932678223,3359478
2002-08-30,35.02106857299805,35.94562530517578,34.85296630859375,35.16115188598633,15.98339557647705,2284518
2002-09-03,33.909732818603516,35.478675842285156,33.909732818603516,34.74089813232422,15.79236125946045,3760058
2002-09-04,35.02106857299805,35.207847595214844,34.189903259277344,34.71288299560547,15.779616355895996,2742920
2002-09-05,33.8070068359375,34.442054748535156,33.480140686035156,33.57353210449219,15.26170539855957,3556288
2002-09-06,34.180564880371094,34.53544235229492,33.442787170410156,33.480140686035156,15.21925163269043,3764234
2002-09-09,33.40542984008789,34.25527572631836,32.919803619384766,34.14320755004883,15.520668029785156,2283554
2002-09-10,34.180564880371094,34.50742721557617,33.71361541748047,34.16188430786133,15.529156684875488,1626200
2002-09-11,34.55411911010742,34.778255462646484,34.180564880371094,34.460731506347656,15.664999961853027,1879333
2002-09-12,34.460731506347656,35.488014221191406,34.217918395996094,34.8623046875,15.847541809082031,4587988
2002-09-13,34.8623046875,34.909000396728516,34.0498161315918,34.59147644042969,15.724432945251465,3670862
2002-09-16,34.08717346191406,34.52610397338867,33.340057373046875,33.442787170410156,15.202276229858398,2853746
2002-09-17,33.6202278137207,33.769649505615234,32.368804931640625,32.368804931640625,14.714062690734863,6706213
2002-09-18,31.9392147064209,32.12599563598633,31.238792419433594,31.332183837890625,14.242841720581055,5717237
2002-09-19,30.911930084228516,31.64036750793457,30.771846771240234,30.85589599609375,14.026330947875977,5401142
2002-09-20,30.818540573120117,31.9392147064209,30.40762710571289,31.71508026123047,14.416903495788574,6219756
2002-09-23,32.17268753051758,32.452857971191406,31.565656661987305,31.892520904541016,14.497557640075684,4389251
2002-09-24,30.818540573120117,31.005319595336914,29.65117073059082,29.828611373901367,13.55935287475586,8220409
2002-09-25,31.052013397216797,31.481605529785156,30.63176155090332,31.126726150512695,14.149438858032227,4014262
2002-09-26,31.659046173095703,32.452857971191406,31.481605529785156,32.331451416015625,14.69708251953125,3591517
2002-09-27,31.9392147064209,32.56492233276367,31.537639617919922,31.83648681640625,14.472074508666992,4604478
2002-09-30,31.70574188232422,31.70574188232422,30.463659286499023,31.18276023864746,14.17491626739502,2861670
2002-10-01,31.659046173095703,32.480873107910156,30.865234375,32.42483901977539,14.739533424377441,2917565
2002-10-02,32.16334915161133,32.28475570678711,31.28548812866211,31.574996948242188,14.353211402893066,2777721
2002-10-03,31.70574188232422,32.68633270263672,31.696401596069336,31.94855308532715,14.523025512695312,3523415
2002-10-04,31.94855308532715,32.30343246459961,31.220115661621094,31.528301239013672,14.331995964050293,2263102
2002-10-07,31.50962257385254,31.9392147064209,30.258203506469727,30.388948440551758,13.814064025878906,3483796
2002-10-08,30.818540573120117,31.50028419494629,29.64183235168457,30.94928550720215,14.068785667419434,3504676
2002-10-09,30.95862579345703,30.95862579345703,29.277612686157227,29.371002197265625,13.351338386535645,3855251
2002-10-10,29.41769790649414,30.809200286865234,29.286951065063477,30.71581268310547,13.962651252746582,3493540
2002-10-11,30.72515106201172,32.6396369934082,30.678455352783203,32.210044860839844,14.64189624786377,3888873
2002-10-14,31.9392147064209,32.6769905090332,31.808469772338867,32.60227966308594,14.82019329071045,2434749
2002-10-15,33.190635681152344,34.909000396728516,33.190635681152344,34.64751052856445,15.749905586242676,3991026
2002-10-16,34.11518859863281,35.24520492553711,34.08717346191406,34.470069885253906,15.66923999786377,2899255
2002-10-17,35.6747932434082,35.72148895263672,34.442054748535156,34.97437286376953,15.89848804473877,3378002
2002-10-18,34.98371124267578,35.64677810668945,34.460731506347656,35.30123519897461,16.047080993652344,3243726
2002-10-21,34.880985260009766,36.319183349609375,34.55411911010742,36.235130310058594,16.471593856811523,3136326
2002-10-22,35.81488037109375,35.81488037109375,34.94635772705078,35.58140563964844,16.174434661865234,2692593
2002-10-23,35.58140563964844,35.95496368408203,34.56346130371094,35.24520492553711,16.021596908569336,3671397
2002-10-24,34.56346130371094,34.909000396728516,34.10585021972656,34.40469741821289,15.6395263671875,4384432
2002-10-25,33.8070068359375,34.339324951171875,33.50815963745117,34.08717346191406,15.495194435119629,3640987
2002-10-28,34.24593734741211,34.41403579711914,33.51749801635742,33.73229217529297,15.333874702453613,2722575
2002-10-29,33.51749801635742,33.71361541748047,32.73302459716797,33.51749801635742,15.236227989196777,2571059
2002-10-30,33.51749801635742,33.6202278137207,32.770381927490234,33.14393997192383,15.066426277160645,2731891
2002-10-31,32.938480377197266,33.25600814819336,32.490211486816406,32.62095642089844,14.82868766784668,2605110
2002-11-01,32.219383239746094,33.13460159301758,32.16334915161133,32.86376953125,14.939066886901855,3311292
2002-11-04,33.340057373046875,33.900394439697266,33.04121017456055,33.199974060058594,15.091894149780273,3216314
2002-11-05,33.29336166381836,33.6202278137207,33.11592483520508,33.40542984008789,15.185285568237305,1704046
2002-11-06,33.29336166381836,34.451393127441406,33.0131950378418,34.26461410522461,15.575852394104004,2577698
2002-11-07,33.9937858581543,34.11518859863281,33.302703857421875,33.433448791503906,15.198033332824707,1670209
2002-11-08,33.0131950378418,33.470802307128906,32.378143310546875,32.55558395385742,14.798969268798828,2857387
2002-11-11,32.38748550415039,32.51823043823242,31.565656661987305,31.62169075012207,14.3744478225708,1965424
2002-11-12,31.63102912902832,32.40616226196289,31.565656661987305,31.95789337158203,14.527275085449219,2978279
2002-11-13,31.95789337158203,32.6396369934082,31.41623306274414,32.00458526611328,14.548500061035156,3052484
2002-11-14,32.81707763671875,33.302703857421875,32.490211486816406,33.17195510864258,15.079155921936035,2124007
2002-11-15,33.18129348754883,33.57353210449219,32.789058685302734,33.368072509765625,15.168307304382324,2256142
2002-11-18,33.66691970825195,33.8443603515625,32.826416015625,32.873111724853516,14.943313598632812,1771612
2002-11-19,32.59294128417969,33.68560028076172,32.59294128417969,33.12525939941406,15.057926177978516,1568806
2002-11-20,33.38675308227539,33.900394439697266,33.05989074707031,33.39609146118164,15.288801193237305,3487436
2002-11-21,33.71361541748047,35.05842590332031,33.6202278137207,34.93701934814453,15.994244575500488,3636275
2002-11-22,35.02106857299805,35.58140563964844,34.460731506347656,34.52610397338867,15.806126594543457,3389138
2002-11-25,34.227256774902344,35.15181350708008,34.16188430786133,34.97437286376953,16.011341094970703,1886828
2002-11-26,34.55411911010742,35.347930908203125,34.320648193359375,34.880985260009766,15.968585014343262,2583481
2002-11-27,35.347930908203125,36.42190933227539,35.16115188598633,36.309844970703125,16.622732162475586,2434749
2002-11-29,36.54331970214844,36.98225021362305,36.300506591796875,36.6553840637207,16.780914306640625,1923342
2002-12-02,36.93555450439453,37.01960372924805,35.207847595214844,35.85223388671875,16.413225173950195,3704698
2002-12-03,35.758846282958984,35.908267974853516,35.441322326660156,35.66545486450195,16.327720642089844,2287516
2002-12-04,35.13313674926758,35.431983947753906,34.6568489074707,35.00239181518555,16.024171829223633,2657365
2002-12-05,35.23586654663086,35.23586654663086,34.55411911010742,34.70354461669922,15.88735580444336,1338801
2002-12-06,34.70354461669922,34.927677154541016,34.00312423706055,34.890323638916016,15.972857475280762,1676955
2002-12-09,34.787593841552734,34.787593841552734,33.760311126708984,33.8070068359375,15.476921081542969,2271561
2002-12-10,33.900394439697266,34.217918395996094,33.42410659790039,33.66691970825195,15.412787437438965,3298122
2002-12-11,33.480140686035156,33.919071197509766,33.15327835083008,33.71361541748047,15.434162139892578,4552331
2002-12-12,33.72295379638672,33.72295379638672,32.40616226196289,32.462196350097656,14.861259460449219,5732121
2002-12-13,31.9392147064209,32.471534729003906,31.901859283447266,31.96723175048828,14.634665489196777,3840474
2002-12-16,32.359466552734375,32.919803619384766,32.26607894897461,32.779720306396484,15.006628036499023,5672585
2002-12-17,32.919803619384766,33.24666976928711,32.6396369934082,32.6396369934082,14.942489624023438,3313648
2002-12-18,32.64897537231445,33.13460159301758,32.56492233276367,32.919803619384766,15.07075309753418,2716579
2002-12-19,32.6396369934082,33.17195510864258,32.52756881713867,32.61161804199219,14.929669380187988,2860814
2002-12-20,32.17268753051758,33.0505485534668,32.14467239379883,32.99451446533203,15.104963302612305,4943274
2002-12-23,32.61161804199219,33.227989196777344,32.50889205932617,32.85443115234375,15.040830612182617,1987803
2002-12-24,32.761043548583984,32.826416015625,32.52756881713867,32.62095642089844,14.933939933776855,745373
2002-12-26,32.779720306396484,33.17195510864258,32.66765213012695,32.81707763671875,15.023723602294922,1533041
2002-12-27,32.919803619384766,32.96649932861328,32.27541732788086,32.28475570678711,14.780024528503418,1306249
2002-12-30,32.40616226196289,32.873111724853516,31.995248794555664,32.789058685302734,15.010899543762207,1580584
2002-12-31,32.312774658203125,32.798397064208984,31.995248794555664,32.6583137512207,14.951047897338867,2248968
2003-01-02,32.69567108154297,33.38675308227539,32.26607894897461,33.18129348754883,15.190468788146973,3215136
2003-01-03,33.0131950378418,33.18129348754883,32.59294128417969,32.891788482666016,15.057926177978516,2418687
2003-01-06,32.83575439453125,34.02180099487305,32.83575439453125,33.70427703857422,15.429891586303711,2977422
2003-01-07,33.64824295043945,34.0311393737793,33.39609146118164,33.881717681884766,15.511119842529297,2864990
2003-01-08,33.57353210449219,33.61088562011719,32.96649932861328,33.08790588378906,15.147711753845215,2607466
2003-01-09,33.321380615234375,34.236595153808594,33.18129348754883,34.12453079223633,15.622279167175293,2854710
2003-01-10,33.8070068359375,35.16115188598633,33.69493865966797,35.16115188598633,16.096853256225586,4904191
2003-01-13,35.16115188598633,35.57206726074219,34.759578704833984,35.422645568847656,16.216564178466797,4406276
2003-01-14,35.422645568847656,35.71215057373047,35.05842590332031,35.70281219482422,16.34482192993164,3133542
2003-01-15,35.488014221191406,35.6747932434082,35.28255844116211,35.40396499633789,16.20801544189453,2858672
2003-01-16,35.39462661743164,36.09504699707031,35.39462661743164,35.861572265625,16.417503356933594,4019937
2003-01-17,35.768184661865234,35.79620361328125,35.338592529296875,35.59074401855469,16.293519973754883,2548894
2003-01-21,35.59074401855469,35.81488037109375,34.488746643066406,34.72222137451172,15.895906448364258,2791106
2003-01-22,34.73155975341797,34.778255462646484,33.778987884521484,33.97510528564453,15.553871154785156,2771403
2003-01-23,34.208580017089844,34.8062744140625,34.08717346191406,34.6381721496582,15.857429504394531,2026887
2003-01-24,34.432716369628906,34.60081481933594,33.760311126708984,33.797664642333984,15.472638130187988,2400698
2003-01-27,33.6575813293457,33.82568359375,32.85443115234375,32.85443115234375,15.040830612182617,2207850
2003-01-28,33.41476821899414,33.71361541748047,32.891788482666016,33.10658264160156,15.156269073486328,3503284
2003-01-29,33.11592483520508,34.13386917114258,32.462196350097656,33.69493865966797,15.425621032714844,2940587
2003-01-30,33.52683639526367,33.85369873046875,33.05989074707031,33.05989074707031,15.134895324707031,2933627
2003-01-31,32.919803619384766,33.881717681884766,32.919803619384766,33.340057373046875,15.263154983520508,3894870
2003-02-03,33.29336166381836,33.71361541748047,33.0131950378418,33.199974060058594,15.199016571044922,2680279
2003-02-04,33.10658264160156,33.74163055419922,32.873111724853516,33.53617477416992,15.352935791015625,3380358
2003-02-05,33.71361541748047,34.488746643066406,33.470802307128906,33.52683639526367,15.348658561706543,1943259
2003-02-06,33.433448791503906,33.8070068359375,32.98517608642578,33.17195510864258,15.186188697814941,2446956
2003-02-07,33.29336166381836,33.85369873046875,32.55558395385742,32.826416015625,15.027999877929688,2552535
2003-02-10,32.68633270263672,33.227989196777344,32.40616226196289,32.99451446533203,15.104963302612305,1786282
2003-02-11,33.199974060058594,33.237327575683594,32.28475570678711,32.6583137512207,14.951047897338867,2098522
2003-02-12,32.761043548583984,33.6202278137207,32.378143310546875,33.38675308227539,15.28453254699707,3255933
2003-02-13,33.38675308227539,33.480140686035156,32.74236297607422,33.0505485534668,15.130602836608887,2108588
2003-02-14,32.99451446533203,33.59220886230469,32.42483901977539,33.17195510864258,15.186188697814941,2274131
2003-02-18,33.18129348754883,33.9937858581543,33.18129348754883,33.72295379638672,15.43843936920166,1727496
2003-02-19,33.57353210449219,33.71361541748047,32.6396369934082,32.8450927734375,15.141379356384277,2463660
2003-02-20,33.12525939941406,33.12525939941406,32.26607894897461,32.378143310546875,14.926118850708008,2571809
2003-02-21,32.59294128417969,33.340057373046875,32.08863830566406,33.24666976928711,15.326508522033691,2423827
2003-02-24,33.15327835083008,33.15327835083008,32.228721618652344,32.43417739868164,14.951955795288086,2027101
2003-02-25,32.0326042175293,32.68633270263672,31.518962860107422,32.61161804199219,15.033751487731934,2122294
2003-02-26,32.761043548583984,33.24666976928711,32.56492233276367,32.63029861450195,15.04236888885498,2450703
2003-02-27,32.873111724853516,33.190635681152344,32.68633270263672,33.09724426269531,15.257625579833984,2066292
2003-02-28,33.0131950378418,33.64824295043945,32.69567108154297,32.71434783935547,15.08110237121582,3243298
2003-03-03,33.10658264160156,33.38675308227539,32.59294128417969,32.826416015625,15.132768630981445,1783926
2003-03-04,33.0318717956543,33.0318717956543,32.340789794921875,32.57426452636719,15.01653003692627,2175940
2003-03-05,32.52756881713867,32.73302459716797,32.200706481933594,32.6396369934082,15.046659469604492,2183757
2003-03-06,32.40616226196289,32.57426452636719,31.481605529785156,31.70574188232422,14.616146087646484,2852783
2003-03-07,31.28548812866211,32.12599563598633,31.126726150512695,32.0326042175293,14.766827583312988,2454772
2003-03-10,31.612350463867188,31.911197662353516,31.341522216796875,31.593673706054688,14.564485549926758,2861563
2003-03-11,31.70574188232422,32.26607894897461,31.350860595703125,31.434911727905273,14.491297721862793,2339128
2003-03-12,31.126726150512695,31.593673706054688,30.902591705322266,31.369539260864258,14.461159706115723,2585622
2003-03-13,31.518962860107422,32.25674057006836,30.902591705322266,32.210044860839844,14.848626136779785,4038569
2003-03-14,32.54624557495117,33.480140686035156,32.359466552734375,33.28402328491211,15.34372615814209,5542271
2003-03-17,33.08790588378906,34.236595153808594,32.798397064208984,34.236595153808594,15.782857894897461,4854399
2003-03-18,34.28329086303711,34.796932220458984,34.06849670410156,34.56346130371094,15.933536529541016,4037391
2003-03-19,34.55411911010742,34.796932220458984,34.24593734741211,34.6568489074707,15.976594924926758,3167914
2003-03-20,34.6568489074707,34.880985260009766,33.93775177001953,34.64751052856445,15.972286224365234,2811558
2003-03-21,34.64751052856445,35.55339050292969,34.460731506347656,35.478675842285156,16.355443954467773,4907403
2003-03-24,34.74089813232422,34.83428955078125,33.81634521484375,34.10585021972656,15.72258472442627,2686597
2003-03-25,33.872379302978516,34.41403579711914,33.73229217529297,34.07783508300781,15.709662437438965,3743461
2003-03-26,33.769649505615234,33.788326263427734,33.02253341674805,33.27468490600586,15.339424133300781,3911681
2003-03-27,32.73302459716797,32.95716094970703,32.07929992675781,32.359466552734375,14.91751480102539,4269216
2003-03-28,32.359466552734375,32.359466552734375,31.8458251953125,32.340789794921875,14.908906936645508,3185582
2003-03-31,31.799129486083984,31.892520904541016,31.117387771606445,31.565656661987305,14.551575660705566,5425984
2003-04-01,31.7524356842041,32.10731506347656,31.27614974975586,31.892520904541016,14.702252388000488,3522986
2003-04-02,32.49955368041992,32.85443115234375,32.322113037109375,32.70500946044922,15.076802253723145,4689927
2003-04-03,33.42410659790039,33.42410659790039,32.359466552734375,32.480873107910156,14.973481178283691,2035132
2003-04-04,32.6769905090332,33.24666976928711,32.11665344238281,32.42483901977539,14.947648048400879,2513987
2003-04-07,33.480140686035156,33.56419372558594,32.61161804199219,32.64897537231445,15.050971984863281,3189973
2003-04-08,32.64897537231445,32.6769905090332,32.0326042175293,32.42483901977539,14.947648048400879,2360329
2003-04-09,32.42483901977539,32.75170135498047,31.70574188232422,31.799129486083984,14.659197807312012,2920135
2003-04-10,31.96723175048828,32.322113037109375,31.49094581604004,31.612350463867188,14.573092460632324,2774508
2003-04-11,31.892520904541016,32.19136428833008,31.20143699645996,31.50962257385254,14.525728225708008,3973465
2003-04-14,31.50962257385254,31.8458251953125,31.341522216796875,31.687063217163086,14.607534408569336,3028070
2003-04-15,31.472267150878906,31.98590850830078,31.322843551635742,31.808469772338867,14.6635103225708,3198646
2003-04-16,31.808469772338867,31.96723175048828,31.18276023864746,31.229454040527344,14.396583557128906,2469763
2003-04-17,31.229454040527344,31.677724838256836,30.97730255126953,31.593673706054688,14.564485549926758,2298117
2003-04-21,31.799129486083984,32.12599563598633,31.444250106811523,31.603012084960938,14.568790435791016,2358937
2003-04-22,31.518962860107422,32.873111724853516,31.453588485717773,32.86376953125,15.149988174438477,4309263
2003-04-23,32.919803619384766,33.470802307128906,32.59294128417969,33.358734130859375,15.378164291381836,4074119
2003-04-24,33.42410659790039,33.93775177001953,32.99451446533203,33.05989074707031,15.240405082702637,3832871
2003-04-25,33.237327575683594,33.37741470336914,32.69567108154297,33.10658264160156,15.261926651000977,2961574
2003-04-28,33.10658264160156,33.433448791503906,32.74236297607422,33.38675308227539,15.391082763671875,4207646
2003-04-29,33.6202278137207,33.71361541748047,33.29336166381836,33.58287048339844,15.481486320495605,4309477
2003-04-30,33.71361541748047,33.71361541748047,33.0131950378418,33.38675308227539,15.391082763671875,4926570
2003-05-01,33.433448791503906,33.433448791503906,32.452857971191406,32.97583770751953,15.201656341552734,4512712
2003-05-02,32.97583770751953,33.70427703857422,32.826416015625,33.70427703857422,15.537461280822754,2564742
2003-05-05,33.70427703857422,33.85369873046875,33.08790588378906,33.52683639526367,15.455662727355957,2372108
2003-05-06,33.52683639526367,34.199241638183594,33.52683639526367,34.13386917114258,15.735498428344727,3081181
2003-05-07,33.68560028076172,34.05915832519531,33.461463928222656,33.6202278137207,15.4987154006958,3297158
2003-05-08,33.24666976928711,34.04047775268555,33.15327835083008,33.29336166381836,15.348029136657715,2938981
2003-05-09,33.38675308227539,34.12453079223633,33.330718994140625,34.11518859863281,15.726879119873047,2131288
2003-05-12,34.11518859863281,35.06776428222656,33.891056060791016,34.871646881103516,16.075613021850586,3633384
2003-05-13,34.871646881103516,35.189170837402344,34.64751052856445,34.890323638916016,16.08421516418457,3629101
2003-05-14,34.97437286376953,35.00239181518555,34.470069885253906,34.6755256652832,15.985191345214844,2782539
2003-05-15,34.927677154541016,34.98371124267578,34.55411911010742,34.94635772705078,16.11005401611328,2028386
2003-05-16,34.94635772705078,35.207847595214844,34.50742721557617,34.6755256652832,15.985191345214844,2478865
2003-05-19,34.41403579711914,34.51676559448242,33.760311126708984,33.760311126708984,15.563288688659668,2208920
2003-05-20,33.900394439697266,34.180564880371094,33.16261672973633,33.67626190185547,15.524540901184082,2495462
2003-05-21,33.29336166381836,33.8443603515625,33.0131950378418,33.74163055419922,15.663272857666016,3213958
2003-05-22,33.900394439697266,34.69420623779297,33.66691970825195,34.57279968261719,16.049114227294922,4552224
2003-05-23,34.36734390258789,34.50742721557617,34.10585021972656,34.25527572631836,15.901714324951172,2195857
2003-05-27,34.06849670410156,35.05842590332031,33.797664642333984,35.03974533081055,16.265869140625,2972389
2003-05-28,35.02106857299805,35.02106857299805,34.320648193359375,34.54478073120117,16.036109924316406,2705229
2003-05-29,34.358001708984375,34.9930534362793,34.08717346191406,34.12453079223633,15.841012001037598,4387537
2003-05-30,34.17122268676758,34.57279968261719,33.9937858581543,34.24593734741211,15.897377967834473,3951086
2003-06-02,34.54478073120117,34.96503448486328,34.329986572265625,34.40469741821289,15.971077919006348,2555533
2003-06-03,34.329986572265625,34.54478073120117,34.11518859863281,34.50742721557617,16.01875877380371,2115976
2003-06-04,34.50742721557617,35.58140563964844,34.50742721557617,35.450660705566406,16.456626892089844,3099920
2003-06-05,35.338592529296875,36.13240432739258,35.12379837036133,36.0483512878418,16.73407554626465,3760165
2003-06-06,36.28182601928711,36.7861328125,35.60942459106445,35.898929595947266,16.66471290588379,3949587
2003-06-09,35.8428955078125,35.95496368408203,35.347930908203125,35.56272888183594,16.508655548095703,2104305
2003-06-10,35.740169525146484,36.28182601928711,35.25454330444336,35.66545486450195,16.556339263916016,2426932
2003-06-11,35.66545486450195,36.337860107421875,35.39462661743164,36.328521728515625,16.864139556884766,2684348
2003-06-12,36.42190933227539,36.59001159667969,35.777523040771484,36.188438415527344,16.79911231994629,3428115
2003-06-13,35.908267974853516,35.95496368408203,35.23586654663086,35.36661148071289,16.417612075805664,3177444
2003-06-16,35.72148895263672,36.207115173339844,35.11445617675781,36.09504699707031,16.755752563476562,4374581
2003-06-17,36.09504699707031,36.41257095336914,35.52537155151367,35.70281219482422,16.573673248291016,3265570
2003-06-18,35.50669479370117,35.6747932434082,35.07710266113281,35.469337463378906,16.46529197692871,2947119
2003-06-19,35.469337463378906,36.225791931152344,35.13313674926758,35.49735641479492,16.478303909301758,3051949
2003-06-20,35.6561164855957,35.889591217041016,35.02106857299805,35.08644104003906,16.287551879882812,4960514
2003-06-23,35.08644104003906,35.26388168334961,34.339324951171875,34.470069885253906,16.001422882080078,2833294
2003-06-24,34.53544235229492,35.06776428222656,34.479408264160156,34.74089813232422,16.127140045166016,2628025
2003-06-25,34.6194953918457,34.880985260009766,34.27395248413086,34.27395248413086,15.910380363464355,2232585
2003-06-26,34.27395248413086,34.432716369628906,33.93775177001953,34.36734390258789,15.953737258911133,3306581
2003-06-27,34.36734390258789,34.36734390258789,33.38675308227539,33.73229217529297,15.658931732177734,3623747
2003-06-30,33.49882125854492,33.83502197265625,33.27468490600586,33.368072509765625,15.48985767364502,3978177
2003-07-01,33.38675308227539,33.69493865966797,32.97583770751953,33.68560028076172,15.637263298034668,3180978
2003-07-02,33.8070068359375,34.488746643066406,33.72295379638672,34.451393127441406,15.992749214172363,4343207
2003-07-03,34.04047775268555,34.479408264160156,34.04047775268555,34.36734390258789,15.953737258911133,1659608
2003-07-07,34.55411911010742,35.57206726074219,34.51676559448242,35.09577941894531,16.29187774658203,4175843
2003-07-08,34.83428955078125,35.17049026489258,34.8062744140625,35.08644104003906,16.287551879882812,2886727
2003-07-09,35.0304069519043,35.03974533081055,34.53544235229492,34.880985260009766,16.19217300415039,2267385
2003-07-10,33.71361541748047,34.36734390258789,33.51749801635742,33.71361541748047,15.6502685546875,4167277
2003-07-11,33.72295379638672,34.227256774902344,33.56419372558594,33.97510528564453,15.771653175354004,2278950
2003-07-14,34.36734390258789,34.60081481933594,33.98444366455078,34.11518859863281,15.83668041229248,2236547
2003-07-15,34.27395248413086,34.460731506347656,33.863037109375,34.311309814453125,15.927724838256836,3150889
2003-07-16,34.54478073120117,34.61015319824219,34.05915832519531,34.236595153808594,15.893040657043457,3049807
2003-07-17,34.00312423706055,34.880985260009766,33.96576690673828,34.41403579711914,15.97541618347168,3289448
2003-07-18,34.880985260009766,35.338592529296875,34.69420623779297,35.28255844116211,16.378582000732422,4673437
2003-07-21,35.28255844116211,35.28255844116211,34.60081481933594,35.198509216308594,16.339570999145508,3103132
2003-07-22,35.198509216308594,36.08570861816406,35.03974533081055,36.06703186035156,16.742755889892578,3942413
2003-07-23,36.06703186035156,36.179100036621094,35.861572265625,36.0296745300293,16.725414276123047,3069295
2003-07-24,36.09504699707031,36.58067321777344,35.207847595214844,35.36661148071289,16.417612075805664,3978284
2003-07-25,35.36661148071289,35.73082733154297,35.12379837036133,35.6747932434082,16.560670852661133,2601684
2003-07-28,35.6747932434082,36.28182601928711,35.53470993041992,36.00165939331055,16.7124080657959,2382387
2003-07-29,36.00165939331055,36.05769348144531,35.422645568847656,35.92694854736328,16.677724838256836,2432821
2003-07-30,35.95496368408203,36.11372756958008,35.6561164855957,35.898929595947266,16.66471290588379,1488711
2003-07-31,35.92694854736328,37.07563781738281,35.758846282958984,36.53397750854492,16.95950698852539,3783080
2003-08-01,36.53397750854492,36.54331970214844,35.96430206298828,36.42190933227539,16.907499313354492,2764871
2003-08-04,36.197776794433594,36.468605041503906,35.749507904052734,36.337860107421875,16.86846923828125,2212454
2003-08-05,36.468605041503906,36.468605041503906,35.777523040771484,35.79620361328125,16.61703109741211,2016822
2003-08-06,35.62810134887695,35.8428955078125,35.40396499633789,35.6187629699707,16.5346622467041,1996905
2003-08-07,35.488014221191406,35.786861419677734,35.28255844116211,35.72148895263672,16.582340240478516,1924092
2003-08-08,35.72148895263672,36.328521728515625,35.53470993041992,36.309844970703125,16.8554744720459,2093169
2003-08-11,36.468605041503906,36.95423126220703,36.28182601928711,36.795467376708984,17.080900192260742,2399092
2003-08-12,36.93555450439453,37.08497619628906,36.59001159667969,37.08497619628906,17.21529769897461,1999796
2003-08-13,37.169029235839844,37.197044372558594,36.7861328125,37.06629943847656,17.20662498474121,2311180
2003-08-14,37.299774169921875,38.186973571777344,37.215721130371094,38.10292434692383,17.687837600708008,3729219
2003-08-15,38.28036117553711,38.28036117553711,37.6546516418457,38.0095329284668,17.644485473632812,1686485
2003-08-18,38.24300765991211,38.48582077026367,37.96283721923828,38.467140197753906,17.856908798217773,2446420
2003-08-19,38.14961624145508,38.756649017333984,37.79473876953125,38.70061492919922,18.075000762939453,3869599
2003-08-20,38.70061492919922,38.70061492919922,38.168296813964844,38.25234603881836,17.865631103515625,2855781
2003-08-21,38.56986999511719,38.719295501708984,38.23366928100586,38.289703369140625,17.88308334350586,2681136
2003-08-22,38.448463439941406,38.56986999511719,37.766719818115234,37.91614532470703,17.708608627319336,1981057
2003-08-25,37.82275390625,37.93482208251953,37.28109359741211,37.53324890136719,17.529781341552734,2195214
2003-08-26,37.197044372558594,37.58927917480469,36.91687774658203,37.53324890136719,17.529781341552734,1848709
2003-08-27,37.36514663696289,37.869449615478516,37.225059509277344,37.738704681396484,17.6257381439209,1567092
2003-08-28,38.04689025878906,38.23366928100586,37.37448501586914,38.196311950683594,17.83946418762207,2060831
2003-08-29,38.186973571777344,38.186973571777344,37.48655319213867,37.869449615478516,17.68680191040039,1735527
2003-09-02,37.0289421081543,38.24300765991211,37.01960372924805,38.186973571777344,17.835100173950195,3595586
2003-09-03,37.97217559814453,38.24300765991211,37.52390670776367,37.91614532470703,17.708608627319336,2339877
2003-09-04,37.67333221435547,37.68267059326172,37.08497619628906,37.299774169921875,17.420743942260742,2491929
2003-09-05,36.9915885925293,37.15034866333008,36.6553840637207,37.0289421081543,17.29424476623535,2012431
2003-09-08,37.07563781738281,37.6359748840332,36.879520416259766,37.35580825805664,17.4469051361084,2005578
2003-09-09,37.14101028442383,38.27102279663086,37.14101028442383,37.94416046142578,17.721696853637695,3328746
2003-09-10,37.82275390625,37.91614532470703,36.823486328125,36.823486328125,17.198291778564453,3311185
2003-09-11,36.98225021362305,37.458534240722656,36.81414794921875,37.25307846069336,17.398937225341797,1752124
2003-09-12,37.13167190551758,37.54258728027344,36.748775482177734,37.52390670776367,17.52541732788086,2071325
2003-09-15,37.449195861816406,37.57994079589844,36.907535552978516,37.187705993652344,17.368396759033203,1809518
2003-09-16,37.70134735107422,38.345733642578125,37.6546516418457,38.289703369140625,17.88308334350586,3531017
2003-09-17,38.05622863769531,38.205650329589844,37.71068572998047,37.785396575927734,17.647544860839844,1781142
2003-09-18,37.82275390625,38.289703369140625,37.62663650512695,38.289703369140625,17.88308334350586,1938762
2003-09-19,38.54185485839844,38.6539192199707,37.850772857666016,38.25234603881836,17.865631103515625,3663473
2003-09-22,37.96283721923828,38.04689025878906,37.59861755371094,37.70134735107422,17.608291625976562,2147457
2003-09-23,37.729366302490234,37.869449615478516,37.39316177368164,37.757381439208984,17.63446617126465,1833718
2003-09-24,37.52390670776367,37.729366302490234,36.94489288330078,37.159690856933594,17.355318069458008,2333988
2003-09-25,37.26241683959961,37.27175521850586,36.59001159667969,36.59001159667969,17.089244842529297,2311501
2003-09-26,36.51530075073242,36.739437103271484,36.225791931152344,36.35654067993164,16.980205535888672,2263637
2003-09-29,36.42190933227539,36.91687774658203,35.9923210144043,36.85150146484375,17.211376190185547,1935977
2003-09-30,36.6180305480957,36.860843658447266,35.95496368408203,36.440589904785156,17.01946258544922,2434320
2003-10-01,36.748775482177734,36.81414794921875,36.179100036621094,36.767452239990234,17.1721134185791,4197152
2003-10-02,36.60868835449219,37.0102653503418,36.29116439819336,36.907535552978516,17.237552642822266,2671927
2003-10-03,36.91687774658203,37.318450927734375,36.300506591796875,36.309844970703125,16.95839500427246,4823882
2003-10-06,36.42190933227539,36.64604568481445,36.169761657714844,36.42190933227539,17.010730743408203,2005793
2003-10-07,36.188438415527344,36.6553840637207,36.08570861816406,36.38455581665039,16.99329376220703,2432286
2003-10-08,36.748775482177734,36.93555450439453,36.50596237182617,36.70207977294922,17.14159393310547,2162127
2003-10-09,36.93555450439453,37.06629943847656,36.28182601928711,36.300506591796875,16.95403480529785,2788643
2003-10-10,36.0483512878418,37.04762268066406,35.69347381591797,35.786861419677734,16.714134216308594,3526520
2003-10-13,36.09504699707031,36.58067321777344,36.05769348144531,36.55265808105469,17.071805953979492,2864026
2003-10-14,36.440589904785156,36.730098724365234,36.216453552246094,36.71141815185547,17.14594841003418,2313322
2003-10-15,36.888858795166016,37.06629943847656,36.449928283691406,36.6553840637207,17.119779586791992,2650726
2003-10-16,36.81414794921875,37.35580825805664,36.81414794921875,37.169029235839844,17.35967445373535,3001515
2003-10-17,37.299774169921875,37.327789306640625,36.62736892700195,36.68340301513672,17.13286781311035,1773647
2003-10-20,36.68340301513672,37.05696105957031,36.52463912963867,37.0289421081543,17.29424476623535,1697835
2003-10-21,37.337127685546875,37.35580825805664,36.730098724365234,36.730098724365234,17.15467643737793,1956429
2003-10-22,36.6180305480957,36.67406463623047,36.197776794433594,36.207115173339844,16.910415649414062,1765187
2003-10-23,36.207115173339844,36.730098724365234,36.11372756958008,36.431251525878906,17.01509666442871,1704153
2003-10-24,36.235130310058594,36.24447250366211,35.66545486450195,35.898929595947266,16.7664794921875,1971635
2003-10-27,35.81488037109375,36.81414794921875,35.319915771484375,35.488014221191406,16.574562072753906,3690778
2003-10-28,35.39462661743164,36.235130310058594,35.310577392578125,36.216453552246094,16.914772033691406,4205504
2003-10-29,35.889591217041016,36.347198486328125,35.768184661865234,36.14174270629883,16.8798828125,2825264
2003-10-30,36.42190933227539,37.12233352661133,36.41257095336914,36.730098724365234,17.15467643737793,3317610
2003-10-31,36.7861328125,36.98225021362305,36.28182601928711,36.748775482177734,17.16339683532715,2521803
2003-11-03,36.758113861083984,37.11299514770508,36.6180305480957,36.860843658447266,17.215736389160156,2246398
2003-11-04,36.795467376708984,36.795467376708984,36.42190933227539,36.64604568481445,17.11541175842285,1432923
2003-11-05,36.309844970703125,36.440589904785156,35.94562530517578,36.0483512878418,16.836265563964844,2302507
2003-11-06,36.0296745300293,36.0296745300293,35.49735641479492,35.62810134887695,16.639991760253906,2935126
2003-11-07,35.72148895263672,35.917606353759766,35.06776428222656,35.23586654663086,16.456798553466797,3675145
2003-11-10,35.09577941894531,35.189170837402344,34.66618728637695,34.759578704833984,16.23434829711914,2738102
2003-11-11,34.768917083740234,34.96503448486328,34.6381721496582,34.83428955078125,16.269245147705078,1881367
2003-11-12,34.927677154541016,35.226524353027344,34.759578704833984,35.207847595214844,16.443708419799805,2052693
2003-11-13,34.85296630859375,35.28255844116211,34.83428955078125,35.09577941894531,16.391372680664062,2239652
2003-11-14,35.09577941894531,35.58140563964844,34.824951171875,34.871646881103516,16.286693572998047,2716686
2003-11-17,34.871646881103516,35.06776428222656,34.26461410522461,34.55411911010742,16.13839340209961,1976667
2003-11-18,34.55411911010742,34.70354461669922,34.25527572631836,34.42337417602539,16.077327728271484,2421792
2003-11-19,34.320648193359375,34.8436279296875,34.15254592895508,34.64751052856445,16.292510986328125,3257432
2003-11-20,34.55411911010742,34.94635772705078,34.38602066040039,34.488746643066406,16.217851638793945,2512380
2003-11-21,34.50742721557617,34.71288299560547,34.39535903930664,34.64751052856445,16.292510986328125,2808988
2003-11-24,34.880985260009766,35.29189682006836,34.778255462646484,35.26388168334961,16.58234405517578,2251966
2003-11-25,35.207847595214844,35.25454330444336,34.927677154541016,35.03974533081055,16.476947784423828,2025602
2003-11-26,35.25454330444336,35.319915771484375,34.74089813232422,34.8062744140625,16.367164611816406,2944977
2003-11-28,34.81561279296875,34.9930534362793,34.6568489074707,34.750240325927734,16.340816497802734,1924734
2003-12-01,35.25454330444336,36.27248764038086,35.15181350708008,36.188438415527344,17.01711082458496,6475459
2003-12-02,35.95496368408203,36.57133483886719,35.85223388671875,36.51530075073242,17.170818328857422,4711878
2003-12-03,36.6553840637207,36.92621612548828,36.440589904785156,36.70207977294922,17.25864601135254,2508740
2003-12-04,36.98225021362305,37.38382339477539,36.888858795166016,37.178367614746094,17.482606887817383,4174559
2003-12-05,36.98225021362305,37.10365676879883,36.57133483886719,36.739437103271484,17.276214599609375,2313964
2003-12-08,36.739437103271484,37.57060241699219,36.739437103271484,37.57060241699219,17.667057037353516,2398663
2003-12-09,38.05622863769531,38.448463439941406,37.860111236572266,37.92548370361328,17.83393096923828,4242553
2003-12-10,38.14027786254883,38.14961624145508,37.776058197021484,37.95349884033203,17.84710121154785,2361828
2003-12-11,37.95349884033203,38.336395263671875,37.95349884033203,38.308380126953125,18.01398277282715,2625884
2003-12-12,38.317718505859375,38.38309097290039,37.82275390625,38.38309097290039,18.049114227294922,1735420
2003-12-15,39.26095199584961,39.26095199584961,38.05622863769531,38.08424377441406,17.908592224121094,2616889
2003-12-16,38.26168441772461,38.26168441772461,37.748043060302734,38.25234603881836,17.987632751464844,1981914
2003-12-17,38.14961624145508,38.54185485839844,37.96283721923828,38.457801818847656,18.084247589111328,1775574
2003-12-18,38.64458084106445,39.279632568359375,38.56986999511719,39.167564392089844,18.418010711669922,3037600
2003-12-19,39.5971565246582,39.69988250732422,39.06483459472656,39.46641159057617,18.558534622192383,3985351
2003-12-22,39.457069396972656,39.68120574951172,39.307647705078125,39.55979919433594,18.602441787719727,2635628
2003-12-23,39.46641159057617,39.6345100402832,39.27029037475586,39.55979919433594,18.602441787719727,1768721
2003-12-24,39.457069396972656,39.56913757324219,39.22359848022461,39.40103530883789,18.527788162231445,701899
2003-12-26,39.39169692993164,39.79327392578125,39.35434341430664,39.438392639160156,18.54535675048828,515154
2003-12-29,39.67186737060547,40.27889633178711,39.50376510620117,40.269561767578125,18.93620491027832,1803414
2003-12-30,40.269561767578125,40.38162612915039,39.99872970581055,40.26021957397461,18.931808471679688,1752873
2003-12-31,40.26021957397461,40.45634078979492,40.05476379394531,40.26021957397461,18.931808471679688,2337950
2004-01-02,40.67113494873047,40.67113494873047,39.858646392822266,39.91468048095703,18.769329071044922,2145530
2004-01-05,40.11079788208008,40.736507415771484,39.91468048095703,40.717830657958984,19.146995544433594,2752236
2004-01-06,40.50303268432617,41.01667785644531,40.409645080566406,40.876590728759766,19.221637725830078,2976458
2004-01-07,40.6337776184082,41.52098083496094,40.55906677246094,41.33420181274414,19.436830520629883,3738642
2004-01-08,41.33420181274414,42.03462219238281,41.23147201538086,42.0066032409668,19.753023147583008,4110097
2004-01-09,41.93189239501953,42.02528381347656,40.97932052612305,41.47428512573242,19.502696990966797,3539905
2004-01-12,41.46494674682617,41.91321563720703,41.37155532836914,41.67974090576172,19.599313735961914,2338057
2004-01-13,41.60503005981445,41.95991134643555,41.184776306152344,41.25948715209961,19.401704788208008,3323178
2004-01-14,41.278167724609375,41.455604553222656,40.93262481689453,41.37155532836914,19.45439910888672,2279699
2004-01-15,41.37155532836914,41.52098083496094,40.727169036865234,40.96064376831055,19.261173248291016,2914353
2004-01-16,41.12874221801758,41.175437927246094,40.288238525390625,40.717830657958984,19.146995544433594,3105809
2004-01-20,40.829898834228516,41.287506103515625,40.48435592651367,40.60576248168945,19.094287872314453,3120372
2004-01-21,40.70848846435547,40.857913970947266,40.36294937133789,40.45634078979492,19.024030685424805,2389669
2004-01-22,40.45634078979492,40.54972839355469,39.419715881347656,40.50303268432617,19.04598617553711,3180978
2004-01-23,40.34427261352539,40.34427261352539,39.47574996948242,39.50376510620117,18.576099395751953,3208711
2004-01-26,39.167564392089844,40.37228775024414,39.167564392089844,40.23220443725586,18.91863250732422,2202817
2004-01-27,40.01740646362305,40.25088119506836,39.65319061279297,39.877323150634766,18.75174903869629,2156131
2004-01-28,40.03608703613281,40.13881301879883,38.97144317626953,39.23293685913086,18.44874382019043,3202180
2004-01-29,39.5971565246582,39.64384841918945,38.81268310546875,38.90607452392578,18.2950439453125,3214708
2004-01-30,38.81268310546875,39.49442672729492,38.40176773071289,39.47574996948242,18.562923431396484,3309900
2004-02-02,39.49442672729492,40.11079788208008,39.316986083984375,39.69988250732422,18.66832160949707,3920140
2004-02-03,39.5971565246582,39.60649490356445,38.896732330322266,38.91541290283203,18.299436569213867,2564849
2004-02-04,38.756649017333984,38.8033447265625,38.0282096862793,38.0282096862793,17.882238388061523,2903003
2004-02-05,38.12160110473633,38.64458084106445,37.878787994384766,38.56986999511719,18.13694953918457,2525658
2004-02-06,38.47648239135742,39.429054260253906,38.37375259399414,39.429054260253906,18.540966033935547,2391596
2004-02-09,39.429054260253906,39.755916595458984,39.08351135253906,39.5971565246582,18.620018005371094,1720964
2004-02-10,39.429054260253906,39.69988250732422,39.13954544067383,39.447731018066406,18.549747467041016,2191145
2004-02-11,39.438392639160156,40.45634078979492,39.335662841796875,40.45634078979492,19.024030685424805,3577061
2004-02-12,40.297576904296875,40.67113494873047,40.194847106933594,40.48435592651367,19.037208557128906,2189860
2004-02-13,40.65245819091797,40.79254150390625,40.08277893066406,40.53105163574219,19.059162139892578,3734895
2004-02-17,40.96064376831055,40.9886589050293,40.54039001464844,40.6337776184082,19.10747528076172,1492673
2004-02-18,40.54039001464844,40.54039001464844,39.9707145690918,40.02674865722656,18.930788040161133,2392131
2004-02-19,40.11079788208008,41.07270812988281,40.10145950317383,40.62443923950195,19.213472366333008,4392142
2004-02-20,40.876590728759766,41.06336975097656,40.5964241027832,40.876590728759766,19.332719802856445,2574272
2004-02-23,41.06336975097656,41.23147201538086,40.876590728759766,41.20345687866211,19.48732566833496,2657686
2004-02-24,41.20345687866211,41.5956916809082,41.11940383911133,41.436927795410156,19.59774398803711,2552749
2004-02-25,41.446266174316406,41.91321563720703,41.33420181274414,41.79180908203125,19.765583038330078,2702016
2004-02-26,41.55833435058594,41.754451751708984,41.34354019165039,41.48362350463867,19.61983299255371,2503065
2004-02-27,40.81121826171875,41.91321563720703,40.81121826171875,41.33420181274414,19.549156188964844,2517841
2004-03-01,41.65172576904297,41.875858306884766,41.278167724609375,41.55833435058594,19.65516471862793,3007725
2004-03-02,41.56767272949219,41.90387725830078,40.9699821472168,41.03535461425781,19.40781593322754,2740136
2004-03-03,40.93262481689453,40.94196319580078,40.49369430541992,40.92328643798828,19.35481834411621,2350585
2004-03-04,40.755184173583984,41.25948715209961,40.6151008605957,41.21279525756836,19.491735458374023,1815836
2004-03-05,41.22213363647461,41.53965759277344,40.764522552490234,41.11940383911133,19.44757080078125,1960713
2004-03-08,41.12874221801758,41.52098083496094,40.8018798828125,40.8018798828125,19.29739761352539,2212989
2004-03-09,40.8018798828125,40.8018798828125,39.5971565246582,39.64384841918945,18.74970245361328,4112560
2004-03-10,39.69054412841797,39.774593353271484,38.289703369140625,38.345733642578125,18.135761260986328,5452539
2004-03-11,38.345733642578125,38.878055572509766,37.897464752197266,37.97217559814453,17.959075927734375,4560897
2004-03-12,38.308380126953125,38.756649017333984,38.11226272583008,38.67259979248047,18.29034423828125,2539364
2004-03-15,38.58854675292969,38.59788513183594,37.729366302490234,37.860111236572266,17.90607452392578,2353155
2004-03-16,38.196311950683594,38.448463439941406,37.83209228515625,38.12160110473633,18.029747009277344,2143174
2004-03-17,38.38309097290039,39.0088005065918,38.308380126953125,38.775325775146484,18.33892822265625,2079355
2004-03-18,38.784664154052734,38.94342803955078,38.205650329589844,38.719295501708984,18.312427520751953,1888649
2004-03-19,38.728633880615234,39.326324462890625,38.53251266479492,38.728633880615234,18.31684684753418,3086963
2004-03-22,38.52317428588867,38.52317428588867,37.49589157104492,37.766719818115234,17.86191177368164,3342452
2004-03-23,38.01887130737305,38.177635192871094,37.449195861816406,37.6359748840332,17.800065994262695,2084924
2004-03-24,37.6359748840332,37.869449615478516,37.169029235839844,37.318450927734375,17.649898529052734,2618709
2004-03-25,37.68267059326172,38.336395263671875,37.49589157104492,38.24300765991211,18.087162017822266,2353797
2004-03-26,38.214988708496094,38.896732330322266,37.785396575927734,38.83135986328125,18.365432739257812,2826120
2004-03-29,39.03681945800781,39.51310348510742,38.9901237487793,39.419715881347656,18.643701553344727,2273810
2004-03-30,39.38235855102539,39.68120574951172,39.22359848022461,39.6158332824707,18.736452102661133,1797418
2004-03-31,39.56913757324219,39.62517166137695,39.23293685913086,39.46641159057617,18.66578483581543,1849351
2004-04-01,38.8033447265625,39.55046081542969,38.66326141357422,39.39169692993164,18.63044548034668,7183783
2004-04-02,39.783935546875,39.886661529541016,39.214256286621094,39.849308013916016,18.846866607666016,4265468
2004-04-05,39.55046081542969,39.67186737060547,39.214256286621094,39.5971565246582,18.727624893188477,2704158
2004-04-06,39.410377502441406,40.07344055175781,39.335662841796875,39.99872970581055,18.91754913330078,3362583
2004-04-07,39.765254974365234,39.877323150634766,39.04615783691406,39.5971565246582,18.727624893188477,13865154
2004-04-08,39.51310348510742,39.64384841918945,38.48582077026367,39.23293685913086,18.55535888671875,3357872
2004-04-12,39.23293685913086,39.746578216552734,39.15822219848633,39.57847595214844,18.718788146972656,2569453
2004-04-13,39.727901458740234,39.737239837646484,38.70061492919922,38.822021484375,18.36101531982422,3309579
2004-04-14,38.37375259399414,39.15822219848633,38.35507583618164,39.13020706176758,18.506771087646484,3531981
2004-04-15,39.316986083984375,39.410377502441406,38.48582077026367,39.11153030395508,18.497940063476562,2686383
2004-04-16,38.98078536987305,39.91468048095703,38.96210479736328,39.91468048095703,18.877798080444336,5087295
2004-04-19,40.157493591308594,40.39096450805664,39.737239837646484,39.765254974365234,18.807119369506836,3147141
2004-04-20,39.877323150634766,40.0080680847168,38.92475128173828,38.94342803955078,18.41843605041504,2306469
2004-04-21,38.9901237487793,39.06483459472656,38.12160110473633,38.467140197753906,18.193178176879883,3617215
2004-04-22,38.58854675292969,40.34427261352539,38.52317428588867,40.176170349121094,19.0014705657959,3765412
2004-04-23,40.62443923950195,40.62443923950195,39.39169692993164,40.34427261352539,19.080976486206055,3807494
2004-04-26,40.176170349121094,40.55906677246094,39.35434341430664,39.6345100402832,18.74528694152832,2431643
2004-04-27,39.83062744140625,40.157493591308594,39.51310348510742,39.774593353271484,18.81153678894043,2390739
2004-04-28,39.316986083984375,39.38235855102539,38.420448303222656,38.448463439941406,18.184343338012695,3130116
2004-04-29,38.448463439941406,38.868717193603516,37.54258728027344,37.81341552734375,17.884000778198242,4397603
2004-04-30,37.82275390625,37.96283721923828,37.39316177368164,37.6546516418457,17.808908462524414,3548578
2004-05-03,37.6546516418457,37.766719818115234,37.169029235839844,37.6546516418457,17.808908462524414,3578667
2004-05-04,37.66399383544922,37.869449615478516,37.38382339477539,37.66399383544922,17.813325881958008,2532618
2004-05-05,37.54258728027344,37.748043060302734,37.01960372924805,37.27175521850586,17.62781524658203,2604896
2004-05-06,36.907535552978516,37.11299514770508,36.56199645996094,36.9729118347168,17.48646354675293,2757911
2004-05-07,36.888858795166016,37.309112548828125,35.870914459228516,35.870914459228516,16.96527671813965,2926024
2004-05-10,35.49735641479492,36.71141815185547,35.40396499633789,36.11372756958008,17.080116271972656,4512177
2004-05-11,36.68340301513672,36.888858795166016,36.431251525878906,36.62736892700195,17.323043823242188,2893901
2004-05-12,37.0102653503418,37.35580825805664,36.55265808105469,37.34646987915039,17.663143157958984,3757595
2004-05-13,37.34646987915039,38.12160110473633,37.26241683959961,37.96283721923828,17.95466423034668,4400815
2004-05-14,37.95349884033203,38.186973571777344,37.59861755371094,38.07490539550781,18.00766372680664,3174875
2004-05-17,37.729366302490234,37.869449615478516,37.318450927734375,37.39316177368164,17.68523406982422,2677710
2004-05-18,37.6359748840332,37.91614532470703,37.48655319213867,37.738704681396484,17.848663330078125,1512482
2004-05-19,37.97217559814453,38.28036117553711,37.37448501586914,37.58927917480469,17.888652801513672,2912425
2004-05-20,37.729366302490234,38.01887130737305,37.41183853149414,37.60795974731445,17.89754867553711,2242650
2004-05-21,37.82275390625,38.205650329589844,37.729366302490234,37.91614532470703,18.044206619262695,1768079
2004-05-24,38.289703369140625,38.57920837402344,37.92548370361328,38.10292434692383,18.133094787597656,1772255
2004-05-25,37.91614532470703,38.728633880615234,37.62663650512695,38.69127655029297,18.41309356689453,2732641
2004-05-26,38.51383590698242,38.859378814697266,38.37375259399414,38.822021484375,18.475309371948242,1544071
2004-05-27,38.784664154052734,39.38235855102539,38.784664154052734,39.38235855102539,18.74197769165039,2711868
2004-05-28,39.298309326171875,39.307647705078125,38.96210479736328,39.15822219848633,18.635316848754883,1570198
2004-06-01,38.97144317626953,39.335662841796875,38.95276641845703,39.326324462890625,18.715316772460938,1583368
2004-06-02,39.326324462890625,39.53178024291992,38.896732330322266,39.50376510620117,18.799762725830078,1659822
2004-06-03,39.410377502441406,39.410377502441406,38.775325775146484,38.822021484375,18.475309371948242,1369319
2004-06-04,38.94342803955078,39.195579528808594,38.64458084106445,39.0088005065918,18.564208984375,1347368
2004-06-07,39.167564392089844,39.783935546875,39.08351135253906,39.65319061279297,18.870868682861328,1545891
2004-06-08,39.48508834838867,39.849308013916016,39.345001220703125,39.83062744140625,18.95530128479004,1413435
2004-06-09,39.8026123046875,39.91468048095703,39.46641159057617,39.55979919433594,18.826416015625,1421680
2004-06-10,39.62517166137695,39.905338287353516,39.5971565246582,39.774593353271484,18.92863655090332,983194
2004-06-14,39.5971565246582,39.5971565246582,39.13954544067383,39.13954544067383,18.626420974731445,1521049
2004-06-15,39.50376510620117,39.886661529541016,39.335662841796875,39.69054412841797,18.88864517211914,1941438
2004-06-16,39.69054412841797,39.9707145690918,39.447731018066406,39.91468048095703,18.99531364440918,1569127
2004-06-17,39.746578216552734,40.204185485839844,39.746578216552734,40.204185485839844,19.13308334350586,1975596
2004-06-18,40.03608703613281,40.97932052612305,39.9707145690918,40.829898834228516,19.430856704711914,3004406
2004-06-21,40.857913970947266,41.156761169433594,40.60576248168945,40.9886589050293,19.50641632080078,2616354
2004-06-22,40.876590728759766,41.20345687866211,40.62443923950195,41.07270812988281,19.546411514282227,2697840
2004-06-23,40.92328643798828,41.175437927246094,40.66179656982422,41.11940383911133,19.568639755249023,1825901
2004-06-24,40.99799728393555,41.20345687866211,40.867252349853516,40.93262481689453,19.479753494262695,1631982
2004-06-25,40.90460968017578,41.07270812988281,40.34427261352539,40.6151008605957,19.328638076782227,1797846
2004-06-28,40.764522552490234,40.867252349853516,40.465675354003906,40.6151008605957,19.328638076782227,1817120
2004-06-29,40.52170944213867,41.6330451965332,40.50303268432617,41.54899597167969,19.773073196411133,2607359
2004-06-30,41.446266174316406,41.847843170166016,41.07270812988281,41.745113372802734,19.86640167236328,2131288
2004-07-01,41.46494674682617,41.69841766357422,41.0073356628418,41.10072708129883,19.559741973876953,3011473
2004-07-02,40.717830657958984,40.95130157470703,40.53105163574219,40.67113494873047,19.355295181274414,1805770
2004-07-06,40.57774353027344,40.867252349853516,40.38162612915039,40.70848846435547,19.373069763183594,1371888
2004-07-07,40.70848846435547,41.06336975097656,40.6337776184082,40.764522552490234,19.39974021911621,1669031
2004-07-08,40.764522552490234,40.839237213134766,40.176170349121094,40.185508728027344,19.124197006225586,1641619
2004-07-09,40.34427261352539,40.55906677246094,39.886661529541016,39.99872970581055,19.035314559936523,1801166
2004-07-12,40.12013626098633,40.66179656982422,39.9893913269043,40.65245819091797,19.34642219543457,1806091
2004-07-13,40.783203125,41.04469299316406,40.67113494873047,40.81121826171875,19.421972274780273,1285905
2004-07-14,40.57774353027344,40.99799728393555,39.79327392578125,40.755184173583984,19.395301818847656,1898072
2004-07-15,40.764522552490234,40.97932052612305,40.60576248168945,40.65245819091797,19.34642219543457,1156661
2004-07-16,41.04469299316406,41.147422790527344,40.64311981201172,40.64311981201172,19.341970443725586,1445451
2004-07-19,40.64311981201172,40.77386474609375,40.34427261352539,40.409645080566406,19.23086166381836,1499419
2004-07-20,40.325592041015625,40.53105163574219,39.905338287353516,40.09211730957031,19.079744338989258,2872592
2004-07-21,40.23220443725586,40.288238525390625,39.410377502441406,39.52244186401367,18.808643341064453,1994121
2004-07-22,39.457069396972656,39.68120574951172,38.97144317626953,39.46641159057617,18.78197479248047,2047018
2004-07-23,39.49442672729492,39.877323150634766,39.04615783691406,39.51310348510742,18.80419158935547,2312358
2004-07-26,39.5971565246582,40.446998596191406,39.5971565246582,39.83062744140625,18.95530128479004,3622248
2004-07-27,39.83062744140625,40.68047332763672,39.8026123046875,40.6151008605957,19.328638076782227,3252613
2004-07-28,40.437660217285156,40.65245819091797,39.83062744140625,40.65245819091797,19.34642219543457,2568811
2004-07-29,40.6151008605957,40.6151008605957,40.01740646362305,40.269561767578125,19.16419792175293,1359789
2004-07-30,40.34427261352539,40.6151008605957,40.11079788208008,40.37228775024414,19.21308135986328,1557348
2004-08-02,40.38162612915039,40.727169036865234,39.93335723876953,40.6337776184082,19.3375301361084,1506272
2004-08-03,40.47501754760742,40.60576248168945,40.05476379394531,40.176170349121094,19.119754791259766,1426177
2004-08-04,39.92401885986328,40.409645080566406,39.8212890625,40.306915283203125,19.18198013305664,1247035
2004-08-05,40.306915283203125,40.57774353027344,39.326324462890625,39.447731018066406,18.773090362548828,1367605
2004-08-06,39.22359848022461,39.410377502441406,38.439125061035156,38.6165657043457,18.37754249572754,2061045
2004-08-09,38.66326141357422,38.97144317626953,38.66326141357422,38.859378814697266,18.493101119995117,1899357
2004-08-10,38.94342803955078,39.54112243652344,38.94342803955078,39.52244186401367,18.808643341064453,1341478
2004-08-11,39.22359848022461,39.23293685913086,38.439125061035156,38.756649017333984,18.444198608398438,1966388
2004-08-12,38.56986999511719,38.756649017333984,38.308380126953125,38.37375259399414,18.26198959350586,2309146
2004-08-13,38.457801818847656,38.47648239135742,37.83209228515625,38.0095329284668,18.088653564453125,1273269
2004-08-16,38.186973571777344,39.14888381958008,38.10292434692383,39.0088005065918,18.564208984375,1795491
2004-08-17,39.0088005065918,39.39169692993164,38.896732330322266,39.186241149902344,18.648651123046875,1529080
2004-08-18,38.94342803955078,39.316986083984375,38.784664154052734,39.23293685913086,18.782773971557617,1404119
2004-08-19,39.08351135253906,39.298309326171875,38.850040435791016,39.10219192504883,18.720182418823242,1983842
2004-08-20,38.9901237487793,39.50376510620117,38.9901237487793,39.04615783691406,18.693357467651367,2124864
2004-08-23,39.13954544067383,39.23293685913086,38.60722732543945,38.719295501708984,18.536869049072266,1415362
2004-08-24,38.81268310546875,39.11153030395508,38.765987396240234,38.95276641845703,18.648645401000977,1091343
2004-08-25,38.859378814697266,39.08351135253906,38.14961624145508,38.878055572509766,18.612876892089844,2170265
2004-08-26,38.90607452392578,39.03681945800781,38.70995330810547,38.756649017333984,18.554750442504883,1800952
2004-08-27,38.70995330810547,38.737972259521484,38.41110610961914,38.429786682128906,18.398271560668945,2195643
2004-08-30,38.14961624145508,38.420448303222656,37.51456832885742,37.58927917480469,17.995868682861328,3070901
2004-08-31,37.467872619628906,37.766719818115234,36.96356964111328,37.37448501586914,17.893054962158203,4079473
2004-09-01,37.26241683959961,37.906803131103516,37.25307846069336,37.888126373291016,18.138954162597656,2186327
2004-09-02,37.96283721923828,38.467140197753906,37.83209228515625,38.299041748046875,18.335668563842773,1465368
2004-09-03,38.308380126953125,38.467140197753906,38.05622863769531,38.10292434692383,18.241785049438477,1205167
2004-09-07,38.37375259399414,38.6165657043457,38.25234603881836,38.345733642578125,18.358028411865234,1515266
2004-09-08,38.24300765991211,38.24300765991211,37.860111236572266,37.860111236572266,18.125534057617188,1984805
2004-09-09,37.850772857666016,37.888126373291016,37.467872619628906,37.55192565917969,17.97800064086914,2008791
2004-09-10,37.41183853149414,37.48655319213867,37.14101028442383,37.458534240722656,17.933277130126953,2055156
2004-09-13,37.57994079589844,37.757381439208984,37.14101028442383,37.15034866333008,17.785736083984375,2024210
2004-09-14,37.24374008178711,37.6172981262207,36.888858795166016,37.467872619628906,17.937755584716797,1891005
2004-09-15,37.47721481323242,37.54258728027344,37.187705993652344,37.421180725097656,17.915401458740234,1910707
2004-09-16,37.51456832885742,37.54258728027344,37.299774169921875,37.36514663696289,17.888565063476562,1432816
2004-09-17,37.59861755371094,37.6546516418457,37.23440170288086,37.26241683959961,17.83938980102539,1897001
2004-09-20,37.26241683959961,37.40250015258789,37.03828048706055,37.299774169921875,17.857275009155273,1605426
2004-09-21,37.56126403808594,37.57994079589844,36.459266662597656,36.5993537902832,17.521947860717773,4296949
2004-09-22,36.42190933227539,36.85150146484375,36.03901290893555,36.0483512878418,17.258153915405273,5216003
2004-09-23,36.05769348144531,36.27248764038086,35.908267974853516,36.08570861816406,17.276039123535156,2619566
2004-09-24,36.25381088256836,36.51530075073242,36.14174270629883,36.28182601928711,17.369937896728516,1939832
2004-09-27,36.0296745300293,36.197776794433594,35.69347381591797,36.188438415527344,17.32522964477539,3066618
2004-09-28,36.37521743774414,36.776790618896484,36.25381088256836,36.49662399291992,17.47276496887207,2825585
2004-09-29,36.823486328125,37.225059509277344,36.6553840637207,37.15034866333008,17.785736083984375,3154530
2004-09-30,37.07563781738281,37.79473876953125,36.879520416259766,37.738704681396484,18.067415237426758,3246403
2004-10-01,37.906803131103516,38.39242935180664,37.82275390625,38.06556701660156,18.223892211914062,3603831
2004-10-04,38.168296813964844,38.429786682128906,37.60795974731445,37.98151779174805,18.18365478515625,2296082
2004-10-05,38.0095329284668,38.27102279663086,37.68267059326172,38.205650329589844,18.290964126586914,1898500
2004-10-06,38.214988708496094,38.79400634765625,38.06556701660156,38.775325775146484,18.563695907592773,2192323
2004-10-07,38.59788513183594,38.66326141357422,38.08424377441406,38.11226272583008,18.24625587463379,1574052
2004-10-08,38.07490539550781,38.41110610961914,37.766719818115234,37.93482208251953,18.161306381225586,1854598
2004-10-11,37.860111236572266,38.23366928100586,37.69200897216797,37.776058197021484,18.08528709411621,831678
2004-10-12,37.59861755371094,37.62663650512695,37.14101028442383,37.57994079589844,17.991409301757812,2186113
2004-10-13,37.35580825805664,37.40250015258789,36.468605041503906,36.91687774658203,17.673965454101562,3515277
2004-10-14,37.0102653503418,37.07563781738281,36.57133483886719,36.57133483886719,17.508543014526367,1954930
2004-10-15,36.48728561401367,37.03828048706055,36.42190933227539,36.53397750854492,17.49064826965332,2081818
2004-10-18,36.53397750854492,36.6553840637207,36.14174270629883,36.42190933227539,17.43699836730957,2243935
2004-10-19,36.42190933227539,36.459266662597656,35.40396499633789,35.60008239746094,17.043548583984375,4532736
2004-10-20,35.908267974853516,36.309844970703125,35.908267974853516,36.26314926147461,17.360990524291992,3716798
2004-10-21,36.12306594848633,36.58067321777344,35.889591217041016,36.48728561401367,17.468290328979492,1900963
2004-10-22,36.66472244262695,37.12233352661133,36.0109977722168,36.0483512878418,17.258153915405273,2426611
2004-10-25,36.169761657714844,36.48728561401367,36.13240432739258,36.24447250366211,17.3520450592041,2003758
2004-10-26,36.25381088256836,36.468605041503906,35.58140563964844,36.27248764038086,17.365461349487305,4631462
2004-10-27,36.328521728515625,36.5993537902832,35.69347381591797,35.69347381591797,17.088260650634766,6561443
2004-10-28,36.300506591796875,36.300506591796875,34.66618728637695,35.30123519897461,16.90047264099121,4090288
2004-10-29,35.38528823852539,35.96430206298828,35.36661148071289,35.96430206298828,17.217914581298828,2215024
2004-11-01,36.0483512878418,36.197776794433594,35.60942459106445,36.0109977722168,17.24026870727539,2663896
2004-11-02,36.0109977722168,36.29116439819336,35.69347381591797,35.786861419677734,17.132970809936523,1611530
2004-11-03,36.28182601928711,36.41257095336914,36.0109977722168,36.188438415527344,17.32522964477539,2237510
2004-11-04,36.16041946411133,36.870182037353516,35.861572265625,36.795467376708984,17.61583709716797,2372536
2004-11-05,37.35580825805664,37.58927917480469,37.01960372924805,37.467872619628906,17.937755584716797,2604468
2004-11-08,37.54258728027344,37.58927917480469,37.337127685546875,37.41183853149414,17.910930633544922,1486248
2004-11-09,37.8040771484375,38.15895462036133,37.59861755371094,38.10292434692383,18.241785049438477,3278312
2004-11-10,38.27102279663086,38.27102279663086,37.83209228515625,38.01887130737305,18.201541900634766,1585831
2004-11-11,38.214988708496094,38.26168441772461,37.860111236572266,38.25234603881836,18.313322067260742,1370711
2004-11-12,38.15895462036133,38.177635192871094,37.68267059326172,38.11226272583008,18.24625587463379,1816799
2004-11-15,38.28036117553711,38.28036117553711,37.91614532470703,37.97217559814453,18.179187774658203,1064895
2004-11-16,38.08424377441406,38.14961624145508,37.738704681396484,37.897464752197266,18.14341926574707,1390734
2004-11-17,37.897464752197266,38.289703369140625,37.748043060302734,38.04689025878906,18.32786750793457,1727496
2004-11-18,38.177635192871094,38.47648239135742,38.06556701660156,38.299041748046875,18.449325561523438,2017464
2004-11-19,38.37375259399414,38.38309097290039,37.6172981262207,37.82275390625,18.219898223876953,1430996
2004-11-22,37.729366302490234,38.420448303222656,37.70134735107422,37.9908561706543,18.30087661743164,2378211
2004-11-23,38.14961624145508,38.196311950683594,37.49589157104492,37.757381439208984,18.188413619995117,1600608
2004-11-24,38.0095329284668,38.81268310546875,38.00019454956055,38.756649017333984,18.669769287109375,2801064
2004-11-26,38.737972259521484,39.176902770996094,38.62590408325195,39.03681945800781,18.804744720458984,1019172
2004-11-29,39.13020706176758,39.22359848022461,38.70995330810547,38.737972259521484,18.660778045654297,1918095
2004-11-30,38.756649017333984,38.99946212768555,38.64458084106445,38.775325775146484,18.678768157958984,3053876
2004-12-01,38.896732330322266,39.70922088623047,38.784664154052734,39.5971565246582,19.07466697692871,3031175
2004-12-02,39.48508834838867,39.62517166137695,38.79400634765625,38.822021484375,18.701263427734375,2537758
2004-12-03,38.59788513183594,38.79400634765625,37.729366302490234,37.8414306640625,18.228899002075195,5112137
2004-12-06,37.79473876953125,38.214988708496094,37.62663650512695,38.05622863769531,18.332372665405273,4198865
2004-12-07,37.96283721923828,38.24300765991211,37.34646987915039,37.39316177368164,18.012964248657227,2985988
2004-12-08,37.39316177368164,37.68267059326172,37.26241683959961,37.60795974731445,18.11642837524414,2165232
2004-12-09,37.49589157104492,38.14027786254883,37.35580825805664,38.00019454956055,18.305377960205078,2489787
2004-12-10,38.68193817138672,38.68193817138672,37.785396575927734,38.05622863769531,18.332372665405273,1890362
2004-12-13,38.196311950683594,38.53251266479492,38.196311950683594,38.40176773071289,18.49881935119629,2552428
2004-12-14,38.345733642578125,38.448463439941406,38.168296813964844,38.336395263671875,18.467329025268555,2349300
2004-12-15,38.289703369140625,38.83135986328125,38.05622863769531,38.66326141357422,18.62479019165039,2498460
2004-12-16,38.9901237487793,39.15822219848633,38.775325775146484,38.878055572509766,18.728254318237305,2290086
2004-12-17,38.64458084106445,38.91541290283203,38.345733642578125,38.60722732543945,18.597795486450195,2303899
2004-12-20,38.59788513183594,39.05549621582031,38.336395263671875,38.39242935180664,18.494319915771484,1408723
2004-12-21,38.48582077026367,38.896732330322266,38.47648239135742,38.737972259521484,18.660778045654297,1603713
2004-12-22,38.896732330322266,39.13020706176758,38.756649017333984,38.859378814697266,18.719266891479492,1814979
2004-12-23,38.81268310546875,39.167564392089844,38.728633880615234,39.13020706176758,18.849721908569336,1302502
2004-12-27,39.22359848022461,39.35434341430664,38.99946212768555,39.07417297363281,18.822725296020508,1749233
2004-12-28,39.176902770996094,39.447731018066406,39.0274772644043,39.23293685913086,18.899206161499023,1806091
2004-12-29,39.23293685913086,39.307647705078125,39.06483459472656,39.176902770996094,18.87221336364746,1592363
2004-12-30,39.22359848022461,39.419715881347656,39.176902770996094,39.24227523803711,18.90370750427246,1016067
2004-12-31,39.288970947265625,39.40103530883789,39.204917907714844,39.22359848022461,18.894710540771484,970023
2005-01-03,39.307647705078125,39.46641159057617,39.06483459472656,39.23293685913086,18.899206161499023,2781147
2005-01-04,39.15822219848633,39.22359848022461,37.91614532470703,38.289703369140625,18.44483184814453,3240192
2005-01-05,38.94342803955078,39.774593353271484,38.775325775146484,38.8406982421875,18.71025848388672,6353925
2005-01-06,38.8406982421875,38.896732330322266,38.439125061035156,38.6539192199707,18.620283126831055,3187081
2005-01-07,38.756649017333984,39.0274772644043,38.47648239135742,38.56053161621094,18.57530403137207,2185256
2005-01-10,38.56986999511719,38.850040435791016,38.56053161621094,38.728633880615234,18.656282424926758,2617639
2005-01-11,38.6165657043457,38.728633880615234,38.27102279663086,38.289703369140625,18.44483184814453,2414404
2005-01-12,38.41110610961914,38.737972259521484,37.92548370361328,38.66326141357422,18.62479019165039,2303685
2005-01-13,38.8033447265625,38.850040435791016,38.196311950683594,38.25234603881836,18.426841735839844,1671494
2005-01-14,38.205650329589844,38.52317428588867,37.92548370361328,38.214988708496094,18.408843994140625,1492566
2005-01-18,37.9908561706543,38.168296813964844,37.49589157104492,37.869449615478516,18.242389678955078,2545789
2005-01-19,37.869449615478516,38.08424377441406,37.03828048706055,37.07563781738281,17.860004425048828,4289132
2005-01-20,37.06629943847656,37.26241683959961,36.795467376708984,37.03828048706055,17.84200096130371,3437431
2005-01-21,36.888858795166016,36.94489288330078,36.49662399291992,36.51530075073242,17.590084075927734,2842717
2005-01-24,36.51530075073242,36.776790618896484,36.179100036621094,36.207115173339844,17.441612243652344,2276166
2005-01-25,36.42190933227539,36.51530075073242,36.0483512878418,36.188438415527344,17.432628631591797,3402095
2005-01-26,36.468605041503906,36.68340301513672,36.347198486328125,36.64604568481445,17.65305519104004,3177016
2005-01-27,36.440589904785156,36.94489288330078,36.28182601928711,36.795467376708984,17.72503662109375,2512916
2005-01-28,36.6553840637207,36.795467376708984,36.440589904785156,36.795467376708984,17.72503662109375,2036524
2005-01-31,37.169029235839844,37.299774169921875,36.337860107421875,36.56199645996094,17.61256980895996,2736710
2005-02-01,36.56199645996094,37.10365676879883,36.48728561401367,37.09431457519531,17.86899757385254,3052698
2005-02-02,37.09431457519531,37.6172981262207,37.00092697143555,37.6172981262207,18.12093162536621,3042526
2005-02-03,37.449195861816406,37.458534240722656,36.57133483886719,36.69274139404297,17.67555046081543,6621942
2005-02-04,36.53397750854492,37.48655319213867,36.51530075073242,36.92621612548828,17.78801727294922,4526525
2005-02-07,36.83282470703125,36.8421630859375,35.9923210144043,36.0483512878418,17.365137100219727,3219205
2005-02-08,36.0483512878418,36.0483512878418,35.37594985961914,35.469337463378906,17.086214065551758,3711123
2005-02-09,35.329254150390625,35.338592529296875,34.6194953918457,34.8062744140625,16.766801834106445,5894131
2005-02-10,34.97437286376953,35.00239181518555,34.72222137451172,34.787593841552734,16.757802963256836,4603300
2005-02-11,34.750240325927734,35.00239181518555,34.72222137451172,34.8062744140625,16.766801834106445,2551678
2005-02-14,34.787593841552734,34.96503448486328,34.768917083740234,34.796932220458984,16.76230812072754,2022176
2005-02-15,34.927677154541016,34.927677154541016,34.358001708984375,34.55411911010742,16.64533805847168,3765947
2005-02-16,34.320648193359375,35.17049026489258,34.25527572631836,35.06776428222656,17.007694244384766,4236236
2005-02-17,35.441322326660156,35.83355712890625,35.0304069519043,35.488014221191406,17.211503982543945,5672478
2005-02-18,35.62810134887695,36.09504699707031,35.60008239746094,35.82421875,17.374561309814453,3677072
2005-02-22,35.50669479370117,35.861572265625,34.880985260009766,34.880985260009766,16.917098999023438,5629433
2005-02-23,35.02106857299805,35.488014221191406,34.55411911010742,35.422645568847656,17.17980194091797,3732860
2005-02-24,35.25454330444336,35.422645568847656,34.796932220458984,35.422645568847656,17.17980194091797,3594515
2005-02-25,35.422645568847656,35.768184661865234,35.12379837036133,35.59074401855469,17.261335372924805,2481649
2005-02-28,35.338592529296875,35.57206726074219,34.83428955078125,34.880985260009766,16.917098999023438,2872164
2005-03-01,35.0304069519043,35.6374397277832,34.93701934814453,35.58140563964844,17.256793975830078,2470727
2005-03-02,35.54404830932617,35.758846282958984,35.11445617675781,35.60942459106445,17.2703914642334,2237939
2005-03-03,35.6747932434082,35.81488037109375,35.14247512817383,35.758846282958984,17.342859268188477,2267171
2005-03-04,36.02033615112305,37.06629943847656,35.95496368408203,36.98225021362305,17.936201095581055,3777726
2005-03-07,37.12233352661133,37.12233352661133,36.39389419555664,36.6367073059082,17.768619537353516,2732534
2005-03-08,36.6367073059082,36.64604568481445,36.197776794433594,36.48728561401367,17.696147918701172,2099807
2005-03-09,36.28182601928711,36.56199645996094,36.14174270629883,36.27248764038086,17.591976165771484,2294048
2005-03-10,36.51530075073242,36.51530075073242,36.0296745300293,36.29116439819336,17.601037979125977,1969065
2005-03-11,36.188438415527344,36.767452239990234,36.188438415527344,36.6553840637207,17.777681350708008,3136648
2005-03-14,36.66472244262695,37.07563781738281,36.5993537902832,37.04762268066406,17.967899322509766,3019183
2005-03-15,37.299774169921875,37.430519104003906,36.83282470703125,36.83282470703125,17.86372947692871,2455950
2005-03-16,36.56199645996094,36.6367073059082,35.64677810668945,35.749507904052734,17.33833885192871,2909748
2005-03-17,35.72148895263672,36.11372756958008,35.60008239746094,35.917606353759766,17.41986083984375,2139212
2005-03-18,35.861572265625,36.36587905883789,35.58140563964844,36.35654067993164,17.63274383544922,4083221
2005-03-21,36.38455581665039,36.6367073059082,35.8428955078125,35.94562530517578,17.433446884155273,1990052
2005-03-22,35.786861419677734,35.908267974853516,35.06776428222656,35.06776428222656,17.007694244384766,3797857
2005-03-23,35.10511779785156,35.16115188598633,34.69420623779297,34.8436279296875,16.898984909057617,2684991
2005-03-24,34.83428955078125,35.217185974121094,34.73155975341797,34.8062744140625,16.880863189697266,1567628
2005-03-28,34.8062744140625,34.8623046875,34.38602066040039,34.38602066040039,16.677047729492188,1988981
2005-03-29,34.180564880371094,34.37668228149414,33.312042236328125,33.37741470336914,16.187875747680664,3854394
2005-03-30,33.66691970825195,34.04047775268555,33.6202278137207,33.94709014892578,16.464162826538086,2939945
2005-03-31,34.208580017089844,34.56346130371094,34.13386917114258,34.358001708984375,16.6634521484375,2288587
2005-04-01,34.358001708984375,34.72222137451172,33.872379302978516,33.94709014892578,16.464162826538086,1991230
2005-04-04,33.94709014892578,34.08717346191406,33.53617477416992,33.900394439697266,16.4415225982666,1920665
2005-04-05,33.85369873046875,34.227256774902344,33.74163055419922,33.96576690673828,16.473222732543945,2083424
2005-04-06,34.13386917114258,34.871646881103516,34.12453079223633,34.64751052856445,16.803863525390625,2569453
2005-04-07,34.759578704833984,35.41330337524414,34.72222137451172,35.13313674926758,17.03939437866211,2558853
2005-04-08,35.13313674926758,35.36661148071289,34.796932220458984,34.83428955078125,16.894445419311523,2623528
2005-04-11,34.8436279296875,34.95569610595703,34.6194953918457,34.8062744140625,16.880863189697266,1490317
2005-04-12,34.759578704833984,34.918338775634766,33.94709014892578,34.39535903930664,16.68157386779785,4422017
2005-04-13,34.39535903930664,34.39535903930664,33.340057373046875,33.52683639526367,16.260343551635742,2988451
2005-04-14,33.26534652709961,33.50815963745117,32.57426452636719,32.73302459716797,15.875350952148438,4538625
2005-04-15,32.873111724853516,33.321380615234375,32.12599563598633,32.15401077270508,15.594532012939453,4030966
2005-04-18,32.340789794921875,33.0505485534668,32.29409408569336,32.69567108154297,15.857240676879883,3085250
2005-04-19,32.70500946044922,32.798397064208984,32.378143310546875,32.49955368041992,15.762123107910156,2679423
2005-04-20,32.58360290527344,32.61161804199219,31.64036750793457,31.7524356842041,15.39976692199707,2650405
2005-04-21,31.95789337158203,32.16334915161133,31.574996948242188,32.0326042175293,15.535651206970215,2872485
2005-04-22,32.68633270263672,32.71434783935547,31.453588485717773,31.612350463867188,15.331830024719238,4680290
2005-04-25,31.771114349365234,31.98590850830078,31.518962860107422,31.528301239013672,15.291065216064453,3119194
2005-04-26,31.341522216796875,31.771114349365234,31.266809463500977,31.322843551635742,15.191420555114746,2518912
2005-04-27,31.28548812866211,32.378143310546875,31.052013397216797,31.864503860473633,15.454122543334961,3373505
2005-04-28,31.574996948242188,31.892520904541016,31.136064529418945,31.154743194580078,15.109899520874023,2511631
2005-04-29,31.444250106811523,32.07929992675781,30.85589599609375,32.02326583862305,15.53111743927002,3882234
2005-05-02,31.8458251953125,31.95789337158203,31.341522216796875,31.574996948242188,15.313712120056152,2791213
2005-05-03,31.64036750793457,32.228721618652344,31.304166793823242,31.94855308532715,15.494887351989746,2443208
2005-05-04,32.0326042175293,32.28475570678711,31.9205379486084,31.94855308532715,15.494887351989746,2840576
2005-05-05,31.92987632751465,32.00458526611328,31.220115661621094,31.462928771972656,15.259357452392578,3598584
2005-05-06,31.7524356842041,32.06996154785156,31.41623306274414,31.556318283081055,15.304656982421875,2396308
2005-05-09,31.649707794189453,31.649707794189453,31.154743194580078,31.164081573486328,15.11442756652832,2807167
2005-05-10,31.164081573486328,31.19209861755371,30.827878952026367,30.902591705322266,14.98759937286377,2277986
2005-05-11,30.95862579345703,31.229454040527344,30.911930084228516,31.17342185974121,15.118949890136719,2776436
2005-05-12,31.397554397583008,31.434911727905273,30.659778594970703,30.669116973876953,14.874369621276855,3285701
2005-05-13,30.74382972717285,30.74382972717285,29.137529373168945,29.557781219482422,14.335376739501953,4292559
2005-05-16,29.688526153564453,29.97803497314453,29.604476928710938,29.865966796875,14.48483943939209,3666900
2005-05-17,29.893983840942383,30.323575973510742,29.716543197631836,30.258203506469727,14.675076484680176,4678577
2005-05-18,30.379610061645508,30.921268463134766,30.370271682739258,30.781185150146484,15.044804573059082,3265356
2005-05-19,30.95862579345703,30.995981216430664,30.491676330566406,30.874574661254883,15.090452194213867,2648156
2005-05-20,30.874574661254883,30.874574661254883,30.482337951660156,30.71581268310547,15.01285457611084,1563559
2005-05-23,30.911930084228516,31.397554397583008,30.790523529052734,31.257471084594727,15.277597427368164,3015435
2005-05-24,31.098709106445312,31.117387771606445,30.678455352783203,30.85589599609375,15.08132266998291,3361619
2005-05-25,30.63176155090332,30.64109992980957,30.034067153930664,30.20216941833496,14.76180648803711,3969289
2005-05-26,30.491676330566406,30.51035499572754,30.155475616455078,30.30489730834961,14.812006950378418,2184078
2005-05-27,30.30489730834961,30.463659286499023,30.118118286132812,30.388948440551758,14.853096961975098,1385916
2005-05-31,30.388948440551758,30.388948440551758,29.96869659423828,30.08076286315918,14.702462196350098,2246719
2005-06-01,30.146135330200195,30.63176155090332,30.118118286132812,30.41696548461914,14.866785049438477,2162448
2005-06-02,30.51035499572754,30.585067749023438,30.28622055053711,30.51969337463379,14.916991233825684,1602428
2005-06-03,30.51969337463379,30.85589599609375,30.39828872680664,30.697134017944336,15.0037260055542,2647835
2005-06-06,30.706472396850586,30.781185150146484,30.454320907592773,30.557050704956055,14.935250282287598,2462589
2005-06-07,30.72515106201172,31.18276023864746,30.557050704956055,30.837217330932617,15.072193145751953,2239866
2005-06-08,31.005319595336914,31.136064529418945,30.697134017944336,30.865234375,15.085883140563965,1956215
2005-06-09,30.678455352783203,30.71581268310547,30.248863220214844,30.39828872680664,14.857660293579102,1994335
2005-06-10,30.444982528686523,30.697134017944336,30.258203506469727,30.529033660888672,14.921560287475586,1667639
2005-06-13,30.50101661682129,31.098709106445312,30.463659286499023,30.865234375,15.085883140563965,3912431
2005-06-14,31.089370727539062,31.584333419799805,31.06135368347168,31.537639617919922,15.414532661437988,3031604
2005-06-15,31.74309730529785,31.864503860473633,31.350860595703125,31.584333419799805,15.437359809875488,3142537
2005-06-16,31.612350463867188,32.55558395385742,31.612350463867188,31.911197662353516,15.59712028503418,2918208
2005-06-17,32.312774658203125,32.312774658203125,31.649707794189453,31.659046173095703,15.473869323730469,3467734
2005-06-20,31.7524356842041,31.873842239379883,31.659046173095703,31.71508026123047,15.501261711120605,3506496
2005-06-21,31.799129486083984,31.96723175048828,31.49094581604004,31.49094581604004,15.391712188720703,1872908
2005-06-22,31.518962860107422,31.76177406311035,31.40689468383789,31.40689468383789,15.350635528564453,1997976
2005-06-23,31.42557144165039,31.444250106811523,30.865234375,30.865234375,15.085883140563965,2281305
2005-06-24,30.659778594970703,31.089370727539062,30.18349266052246,30.30489730834961,14.812006950378418,2762087
2005-06-27,29.174884796142578,29.791255950927734,29.128189086914062,29.352325439453125,14.346426010131836,4966832
2005-06-28,29.399019241333008,29.464391708374023,29.31496810913086,29.361663818359375,14.350994110107422,2672784
2005-06-29,29.893983840942383,31.220115661621094,28.941410064697266,28.99744415283203,14.17297649383545,2650940
2005-06-30,28.96942710876465,29.044139862060547,28.166278839111328,28.21297264099121,13.789551734924316,4833412
2005-07-01,28.455785751342773,28.661243438720703,28.231651306152344,28.334379196166992,13.84888744354248,2085780
2005-07-05,28.390413284301758,28.87603759765625,28.259668350219727,28.829343795776367,14.090810775756836,2860064
2005-07-06,28.698598861694336,28.707937240600586,28.175617218017578,28.240989685058594,13.803241729736328,3178622
2005-07-07,28.016855239868164,28.259668350219727,27.792720794677734,28.259668350219727,13.812374114990234,2656080
2005-07-08,28.250328063964844,28.623886108398438,28.250328063964844,28.586530685424805,13.972131729125977,2814342
2005-07-11,28.76397132873535,29.156206130981445,28.670581817626953,29.118850708007812,14.232314109802246,2827512
2005-07-12,29.016122817993164,29.268274307250977,28.76397132873535,29.09083366394043,14.218616485595703,2440745
2005-07-13,29.137529373168945,29.258935928344727,28.941410064697266,29.025461196899414,14.186668395996094,2349621
2005-07-14,28.95075035095215,29.221580505371094,28.904054641723633,29.221580505371094,14.282524108886719,2963181
2005-07-15,29.174884796142578,29.21224021911621,28.698598861694336,28.820005416870117,14.086243629455566,2287195
2005-07-18,28.820005416870117,28.820005416870117,28.446447372436523,28.63322639465332,13.994955062866211,2140818
2005-07-19,32.73302459716797,32.73302459716797,29.800594329833984,30.09010124206543,14.707025527954102,24413447
2005-07-20,29.7539005279541,30.622421264648438,29.604476928710938,30.258203506469727,14.789190292358398,10084965
2005-07-21,30.351593017578125,30.39828872680664,29.7539005279541,29.7539005279541,14.542707443237305,5441403
2005-07-22,29.76323890686035,29.781917572021484,29.09083366394043,29.501747131347656,14.419461250305176,4945523
2005-07-25,29.436376571655273,29.800594329833984,29.268274307250977,29.51108741760254,14.424026489257812,4413450
2005-07-26,29.371002197265625,29.65117073059082,29.258935928344727,29.258935928344727,14.30078125,3038028
2005-07-27,29.268274307250977,29.371002197265625,28.95075035095215,28.99744415283203,14.17297649383545,3969610
2005-07-28,28.932071685791016,29.165546417236328,28.904054641723633,28.9600887298584,14.15471363067627,4603943
2005-07-29,29.847288131713867,29.847288131713867,29.118850708007812,29.51108741760254,14.424026489257812,5046605
2005-08-01,29.65117073059082,29.669849395751953,29.19356346130371,29.41769790649414,14.378378868103027,2898398
2005-08-02,29.51108741760254,29.96869659423828,29.464391708374023,29.63249397277832,14.483372688293457,2369966
2005-08-03,29.52042579650879,29.604476928710938,29.286951065063477,29.501747131347656,14.419461250305176,2401769
2005-08-04,29.31496810913086,29.62315559387207,29.240257263183594,29.380342483520508,14.360126495361328,3281525
2005-08-05,29.277612686157227,29.352325439453125,29.128189086914062,29.128189086914062,14.236875534057617,1553922
2005-08-08,29.19356346130371,29.333646774291992,29.044139862060547,29.268274307250977,14.30534553527832,2628025
2005-08-09,30.07142448425293,30.07142448425293,29.268274307250977,29.548442840576172,14.44228744506836,2832438
2005-08-10,29.65117073059082,30.052745819091797,29.483070373535156,29.604476928710938,14.469667434692383,2584873
2005-08-11,29.52042579650879,29.604476928710938,29.29629135131836,29.557781219482422,14.446853637695312,2047660
2005-08-12,30.108779907226562,30.118118286132812,29.221580505371094,29.240257263183594,14.291655540466309,2351656
2005-08-15,29.240257263183594,29.399019241333008,29.07215690612793,29.342985153198242,14.341858863830566,2535724
2005-08-16,29.352325439453125,29.464391708374023,29.118850708007812,29.174884796142578,14.259698867797852,1827721
2005-08-17,29.044139862060547,29.548442840576172,29.044139862060547,29.399019241333008,14.485173225402832,3710052
2005-08-18,29.258935928344727,29.361663818359375,29.146867752075195,29.19356346130371,14.383938789367676,2437211
2005-08-19,29.41769790649414,29.41769790649414,29.006784439086914,29.016122817993164,14.296510696411133,2336237
2005-08-22,29.137529373168945,29.342985153198242,29.044139862060547,29.165546417236328,14.370135307312012,1671708
2005-08-23,29.165546417236328,29.184223175048828,28.371734619140625,28.381074905395508,13.98361873626709,2683063
2005-08-24,28.240989685058594,28.689258575439453,28.240989685058594,28.41843032836914,14.00202751159668,2208706
2005-08-25,28.483802795410156,28.577192306518555,28.371734619140625,28.483802795410156,14.034232139587402,1378741
2005-08-26,28.558513641357422,28.661243438720703,28.343717575073242,28.51181983947754,14.048033714294434,1733492
2005-08-29,28.231651306152344,28.353057861328125,28.054210662841797,28.222312927246094,13.905390739440918,2443101
2005-08-30,28.156938552856445,28.7546329498291,28.110244750976562,28.549175262451172,14.066441535949707,3328532
2005-08-31,28.502479553222656,28.85736083984375,28.19429588317871,28.810665130615234,14.195282936096191,1782855
2005-09-01,28.810665130615234,29.100173950195312,28.717275619506836,28.95075035095215,14.264304161071777,2386349
2005-09-02,29.06281852722168,29.128189086914062,28.493141174316406,28.586530685424805,14.084847450256348,1320277
2005-09-06,28.820005416870117,29.40835952758789,28.623886108398438,29.371002197265625,14.47136402130127,3563034
2005-09-07,29.501747131347656,29.65117073059082,29.07215690612793,29.324308395385742,14.44835090637207,1716788
2005-09-08,29.324308395385742,29.455053329467773,29.025461196899414,29.100173950195312,14.337923049926758,2320710
2005-09-09,29.230918884277344,30.108779907226562,29.19356346130371,29.74456024169922,14.655421257019043,3173590
2005-09-12,29.800594329833984,29.912662506103516,29.604476928710938,29.819272994995117,14.692232131958008,1642368
2005-09-13,29.819272994995117,29.828611373901367,29.324308395385742,29.361663818359375,14.466763496398926,1852778
2005-09-14,29.29629135131836,29.931339263916016,29.174884796142578,29.604476928710938,14.586392402648926,2518912
2005-09-15,29.884645462036133,29.97803497314453,29.548442840576172,29.585798263549805,14.577199935913086,2941229
2005-09-16,29.585798263549805,29.679187774658203,29.221580505371094,29.483070373535156,14.526581764221191,4225849
2005-09-19,29.352325439453125,29.361663818359375,28.7733097076416,28.810665130615234,14.195282936096191,2801813
2005-09-20,28.904054641723633,29.436376571655273,28.86669921875,29.156206130981445,14.36552906036377,4084184
2005-09-21,28.99744415283203,29.156206130981445,28.595869064331055,28.595869064331055,14.089447975158691,2211490
2005-09-22,28.474464416503906,28.558513641357422,28.28768539428711,28.41843032836914,14.00202751159668,2857387
2005-09-23,28.184955596923828,28.31570053100586,27.923465728759766,28.29702377319336,13.942206382751465,3628459
2005-09-26,28.567853927612305,28.567853927612305,28.06355094909668,28.269006729125977,13.9284029006958,1526081
2005-09-27,28.30636215209961,28.483802795410156,27.95148277282715,28.128921508789062,13.859381675720215,2078071
2005-09-28,28.016855239868164,28.138261795043945,27.689992904663086,27.727346420288086,13.661520957946777,2870772
2005-09-29,27.671314239501953,28.016855239868164,27.50321388244629,28.016855239868164,13.804162979125977,2902467
2005-09-30,27.886110305786133,27.97015953063965,27.65263557434082,27.830076217651367,13.712132453918457,4004518
2005-10-03,27.867431640625,27.867431640625,27.456518173217773,27.596601486206055,13.597101211547852,1852992
2005-10-04,27.78338050842285,27.78338050842285,27.017587661743164,27.026926040649414,13.316415786743164,2489573
2005-10-05,27.026926040649414,27.026926040649414,26.43857192993164,26.72808074951172,13.169173240661621,2830618
2005-10-06,26.840147018432617,26.849485397338867,26.195758819580078,26.261131286621094,12.939103126525879,5808361
2005-10-07,26.391876220703125,26.66270637512207,26.261131286621094,26.51328468322754,13.063340187072754,2613677
2005-10-10,26.503944396972656,26.578655242919922,26.149065017700195,26.251792907714844,12.934500694274902,2169301
2005-10-11,26.251792907714844,26.42923355102539,25.99964141845703,26.186420440673828,12.902292251586914,2292763
2005-10-12,26.055675506591797,26.22377586364746,25.67277717590332,25.67277717590332,12.649215698242188,3205820
2005-10-13,25.588727951049805,25.7941837310791,25.187152862548828,25.355253219604492,12.492768287658691,5024654
2005-10-14,25.560710906982422,25.579389572143555,25.21516990661621,25.401948928833008,12.515774726867676,4145540
2005-10-17,25.401948928833008,25.45798110961914,25.271202087402344,25.44864273071289,12.538783073425293,4417948
2005-10-18,25.850217819213867,26.036996841430664,25.719472885131836,25.74748992919922,12.686029434204102,5111066
2005-10-19,25.75682830810547,26.036996841430664,25.54203224182129,25.99030113220215,12.805658340454102,4403385
2005-10-20,26.149065017700195,26.242454528808594,25.78484535217285,25.906251907348633,12.764246940612793,5588315
2005-10-21,26.10236930847168,26.158403396606445,25.682117462158203,26.158403396606445,12.8884859085083,4741217
2005-10-24,26.158403396606445,26.52262306213379,26.10236930847168,26.494606018066406,13.0541410446167,2513237
2005-10-25,26.802791595458984,26.933536529541016,26.074352264404297,26.149065017700195,12.883888244628906,3540761
2005-10-26,26.335844039916992,26.924198150634766,26.335844039916992,26.78411293029785,13.196782112121582,4126909
2005-10-27,26.78411293029785,26.9802303314209,26.466588973999023,26.475927352905273,13.044930458068848,2245113
2005-10-28,26.672046661376953,26.952213287353516,26.559978485107422,26.952213287353516,13.279607772827148,2753093
2005-10-31,26.933536529541016,27.279077529907227,26.709402084350586,27.251060485839844,13.426848411560059,2179367
2005-11-01,27.269739151000977,27.372467041015625,27.148332595825195,27.372467041015625,13.486672401428223,2523195
2005-11-02,27.260400772094727,27.9608211517334,27.176349639892578,27.7740421295166,13.684526443481445,2868202
2005-11-03,27.830076217651367,27.867431640625,27.475196838378906,27.549907684326172,13.574092864990234,1947863
2005-11-04,27.549907684326172,27.63395881652832,26.952213287353516,27.41916275024414,13.509673118591309,1672458
2005-11-07,27.51255226135254,27.839414596557617,27.42850112915039,27.839414596557617,13.716729164123535,1817549
2005-11-08,27.792720794677734,27.811397552490234,27.50321388244629,27.568584442138672,13.583291053771973,1915633
2005-11-09,27.456518173217773,27.577924728393555,27.251060485839844,27.372467041015625,13.486672401428223,1669673
2005-11-10,27.372467041015625,27.65263557434082,27.101638793945312,27.596601486206055,13.597101211547852,1789601
2005-11-11,27.596601486206055,27.904787063598633,27.465856552124023,27.85809326171875,13.725936889648438,2001402
2005-11-14,29.240257263183594,29.324308395385742,28.28768539428711,28.43710708618164,14.011222839355469,6753006
2005-11-15,28.474464416503906,28.922733306884766,28.390413284301758,28.549175262451172,14.066441535949707,3881913
2005-11-16,28.381074905395508,28.661243438720703,28.371734619140625,28.502479553222656,14.15922737121582,1972705
2005-11-17,28.51181983947754,28.913394927978516,28.493141174316406,28.913394927978516,14.363359451293945,1858881
2005-11-18,29.230918884277344,29.258935928344727,28.810665130615234,28.8480224609375,14.330876350402832,2778684
2005-11-21,29.025461196899414,29.51108741760254,28.95075035095215,29.51108741760254,14.6602783203125,2404660
2005-11-22,29.371002197265625,29.585798263549805,29.044139862060547,29.52976417541504,14.669550895690918,2140069
2005-11-23,29.483070373535156,29.64183235168457,29.258935928344727,29.333646774291992,14.57213306427002,1292972
2005-11-25,29.464391708374023,29.65117073059082,29.268274307250977,29.333646774291992,14.57213306427002,750513
2005-11-28,29.41769790649414,29.51108741760254,29.09083366394043,29.19356346130371,14.502540588378906,1348867
2005-11-29,29.557781219482422,30.07142448425293,29.240257263183594,29.847288131713867,14.82729434967041,3130865
2005-11-30,29.85662841796875,29.96869659423828,29.41769790649414,29.445714950561523,14.627803802490234,2143495
2005-12-01,29.697866439819336,30.72515106201172,29.64183235168457,30.687795639038086,15.244832992553711,3839939
2005-12-02,30.818540573120117,31.883180618286133,30.818540573120117,31.248132705688477,15.523193359375,4558970
2005-12-05,31.042675018310547,31.28548812866211,30.547710418701172,30.874574661254883,15.337620735168457,2930736
2005-12-06,31.098709106445312,31.28548812866211,30.874574661254883,30.995981216430664,15.397934913635254,2399413
2005-12-07,31.052013397216797,31.64036750793457,31.052013397216797,31.64036750793457,15.718039512634277,2596865
2005-12-08,31.481605529785156,31.780452728271484,31.257471084594727,31.42557144165039,15.611335754394531,2265351
2005-12-09,30.986642837524414,31.72441864013672,30.986642837524414,31.593673706054688,15.694849967956543,1855347
2005-12-12,31.799129486083984,32.06996154785156,31.696401596069336,31.817808151245117,15.806191444396973,2786930
2005-12-13,31.817808151245117,32.0326042175293,31.64036750793457,31.771114349365234,15.782989501953125,2289550
2005-12-14,31.63102912902832,31.780452728271484,31.388216018676758,31.472267150878906,15.63453197479248,1471686
2005-12-15,31.612350463867188,31.799129486083984,31.453588485717773,31.565656661987305,15.680925369262695,3045952
2005-12-16,31.49094581604004,31.659046173095703,31.378877639770508,31.462928771972656,15.62989330291748,3568066
2005-12-19,31.397554397583008,31.668384552001953,31.248132705688477,31.29482650756836,15.546391487121582,2273274
2005-12-20,31.19209861755371,31.49094581604004,31.005319595336914,31.117387771606445,15.458242416381836,2365255
2005-12-21,31.19209861755371,31.901859283447266,31.19209861755371,31.864503860473633,15.829385757446289,2016715
2005-12-22,32.0326042175293,32.200706481933594,31.799129486083984,32.200706481933594,15.996402740478516,1587009
2005-12-23,32.200706481933594,32.210044860839844,31.789791107177734,32.15401077270508,15.973206520080566,1507343
2005-12-27,32.247398376464844,32.59294128417969,32.06061935424805,32.228721618652344,16.010324478149414,1636479
2005-12-28,32.17268753051758,32.30343246459961,31.892520904541016,32.247398376464844,16.01959991455078,1477896
2005-12-29,32.08863830566406,32.17268753051758,31.808469772338867,31.95789337158203,15.875777244567871,1795812
2005-12-30,31.70574188232422,31.8458251953125,31.18276023864746,31.388216018676758,15.592782974243164,2668608
2006-01-03,31.789791107177734,31.789791107177734,30.921268463134766,31.27614974975586,15.537107467651367,2985132
2006-01-04,31.229454040527344,31.546979904174805,31.19209861755371,31.518962860107422,15.657731056213379,2222948
2006-01-05,31.350860595703125,31.41623306274414,31.19209861755371,31.41623306274414,15.60669994354248,1702547
2006-01-06,31.565656661987305,31.98590850830078,31.378877639770508,31.9205379486084,15.85722827911377,2205173
2006-01-09,32.19136428833008,32.19136428833008,31.462928771972656,31.668384552001953,15.731961250305176,2574593
2006-01-10,31.49094581604004,32.0512809753418,31.17342185974121,31.98590850830078,15.889697074890137,1842498
2006-01-11,32.09797668457031,32.29409408569336,31.7337589263916,31.780452728271484,15.787632942199707,1739917
2006-01-12,31.659046173095703,31.74309730529785,31.19209861755371,31.19209861755371,15.495357513427734,1736705
2006-01-13,31.17342185974121,31.257471084594727,30.706472396850586,31.052013397216797,15.425762176513672,1819155
2006-01-17,30.771846771240234,31.126726150512695,30.678455352783203,31.08003044128418,15.439682960510254,1779857
2006-01-18,30.911930084228516,30.995981216430664,30.472999572753906,30.64109992980957,15.221636772155762,1596753
2006-01-19,30.258203506469727,30.7531681060791,30.258203506469727,30.454320907592773,15.128847122192383,1911992
2006-01-20,31.19209861755371,31.19209861755371,29.97803497314453,30.127458572387695,14.96646785736084,3417728
2006-01-23,30.258203506469727,30.547710418701172,30.239524841308594,30.50101661682129,15.152040481567383,4608012
2006-01-24,30.538372039794922,30.809200286865234,30.267541885375977,30.267541885375977,15.03605842590332,3397276
2006-01-25,30.276880264282227,30.50101661682129,30.07142448425293,30.39828872680664,15.101018905639648,3602010
2006-01-26,30.491676330566406,30.585067749023438,30.360931396484375,30.51035499572754,15.156685829162598,4172631
2006-01-27,30.472999572753906,30.659778594970703,30.39828872680664,30.547710418701172,15.175239562988281,1591613
2006-01-30,30.454320907592773,30.8465576171875,30.370271682739258,30.76250648498535,15.281949996948242,2365362
2006-01-31,30.697134017944336,30.71581268310547,30.444982528686523,30.472999572753906,15.138130187988281,2125935
2006-02-01,30.444982528686523,30.94928550720215,30.43564224243164,30.85589599609375,15.328335762023926,4409596
2006-02-02,31.19209861755371,31.229454040527344,30.444982528686523,30.74382972717285,15.27267074584961,5924541
2006-02-03,30.585067749023438,30.71581268310547,30.239524841308594,30.351593017578125,15.077820777893066,3960830
2006-02-06,30.220848083496094,30.603744506835938,30.146135330200195,30.566389083862305,15.184520721435547,2152704
2006-02-07,30.472999572753906,30.575727462768555,30.136796951293945,30.258203506469727,15.031428337097168,2662290
2006-02-08,30.40762710571289,30.40762710571289,29.98737335205078,30.108779907226562,14.957193374633789,3070259
2006-02-09,30.108779907226562,30.360931396484375,30.09010124206543,30.211509704589844,15.00822639465332,2259354
2006-02-10,30.220848083496094,30.529033660888672,30.08076286315918,30.50101661682129,15.152040481567383,2768405
2006-02-13,30.444982528686523,30.566389083862305,30.323575973510742,30.538372039794922,15.17060375213623,2689809
2006-02-14,30.566389083862305,31.40689468383789,30.50101661682129,31.388216018676758,15.592782974243164,4646025
2006-02-15,31.154743194580078,31.518962860107422,30.97730255126953,31.42557144165039,15.728325843811035,3032996
2006-02-16,31.612350463867188,31.612350463867188,31.27614974975586,31.481605529785156,15.756381034851074,2100450
2006-02-17,31.481605529785156,31.565656661987305,31.145404815673828,31.257471084594727,15.644197463989258,2150134
2006-02-21,31.19209861755371,31.21077537536621,30.8465576171875,31.07069206237793,15.550713539123535,1342121
2006-02-22,31.19209861755371,31.49094581604004,31.089370727539062,31.444250106811523,15.737677574157715,1531114
2006-02-23,31.42557144165039,31.789791107177734,31.220115661621094,31.50028419494629,15.765722274780273,1681559
2006-02-24,31.444250106811523,31.50962257385254,31.033336639404297,31.229454040527344,15.630172729492188,2828155
2006-02-27,31.322843551635742,31.677724838256836,30.94928550720215,31.07069206237793,15.550713539123535,1917881
2006-02-28,31.220115661621094,31.27614974975586,30.454320907592773,30.603744506835938,15.317010879516602,2960611
2006-03-01,30.547710418701172,30.72515106201172,30.220848083496094,30.72515106201172,15.377774238586426,3206034
2006-03-02,30.538372039794922,30.874574661254883,30.444982528686523,30.65043830871582,15.340376853942871,2466123
2006-03-03,30.64109992980957,30.771846771240234,30.323575973510742,30.444982528686523,15.237550735473633,1372531
2006-03-06,30.557050704956055,30.71581268310547,30.276880264282227,30.538372039794922,15.28429126739502,1892718
2006-03-07,30.323575973510742,30.538372039794922,29.996713638305664,30.239524841308594,15.134714126586914,2925061
2006-03-08,30.351593017578125,30.921268463134766,30.332914352416992,30.874574661254883,15.452557563781738,4182589
2006-03-09,30.893251419067383,31.19209861755371,30.893251419067383,31.042675018310547,15.536697387695312,4267181
2006-03-10,31.70574188232422,32.10731506347656,31.313505172729492,31.94855308532715,15.990081787109375,4321791
2006-03-13,32.13533401489258,32.70500946044922,32.06061935424805,32.359466552734375,16.19573974609375,3636918
2006-03-14,32.312774658203125,32.98517608642578,32.18202590942383,32.85443115234375,16.443470001220703,2904180
2006-03-15,32.95716094970703,33.61088562011719,32.891788482666016,33.54551315307617,16.789344787597656,3809742
2006-03-16,33.64824295043945,33.98444366455078,32.98517608642578,33.218650817871094,16.625757217407227,2636913
2006-03-17,33.48948287963867,33.51749801635742,32.81707763671875,32.882450103759766,16.45748519897461,3590874
2006-03-20,32.779720306396484,32.98517608642578,32.471534729003906,32.807735443115234,16.42009925842285,2147029
2006-03-21,32.779720306396484,33.11592483520508,32.12599563598633,32.228721618652344,16.13030242919922,2523945
2006-03-22,31.612350463867188,32.350128173828125,31.472267150878906,32.17268753051758,16.102258682250977,3703092
2006-03-23,32.238059997558594,32.312774658203125,31.901859283447266,32.00458526611328,16.018123626708984,2127005
2006-03-24,32.09797668457031,32.28475570678711,32.00458526611328,32.15401077270508,16.09290885925293,1812730
2006-03-27,32.06996154785156,32.73302459716797,31.995248794555664,32.59294128417969,16.312585830688477,2301757
2006-03-28,32.6583137512207,32.6583137512207,31.995248794555664,32.09797668457031,16.064868927001953,2329276
2006-03-29,32.0326042175293,32.471534729003906,32.0326042175293,32.29409408569336,16.16301918029785,2097559
2006-03-30,32.219383239746094,32.60227966308594,32.06996154785156,32.350128173828125,16.19106674194336,2315142
2006-03-31,32.27541732788086,32.490211486816406,32.06061935424805,32.28475570678711,16.15834617614746,2500923
2006-04-03,32.39682388305664,32.94782257080078,32.26607894897461,32.42483901977539,16.22846221923828,3707697
2006-04-04,33.38675308227539,33.51749801635742,32.50889205932617,32.59294128417969,16.312585830688477,8226512
2006-04-05,32.452857971191406,32.59294128417969,31.49094581604004,32.06996154785156,16.05084228515625,4360768
2006-04-06,31.96723175048828,32.350128173828125,31.85516357421875,32.238059997558594,16.134979248046875,3933311
2006-04-07,32.18202590942383,32.43417739868164,32.08863830566406,32.12599563598633,16.07889175415039,2062437
2006-04-10,32.08863830566406,32.12599563598633,31.71508026123047,31.7524356842041,15.891924858093262,2934162
2006-04-11,32.779720306396484,33.06922912597656,32.15401077270508,32.19136428833008,16.11160659790039,4060520
2006-04-12,32.228721618652344,32.331451416015625,31.892520904541016,32.0512809753418,16.04149627685547,1693231
2006-04-13,32.11665344238281,32.312774658203125,31.780452728271484,32.200706481933594,16.11628532409668,1610780
2006-04-17,32.29409408569336,32.72368621826172,32.247398376464844,32.50889205932617,16.270526885986328,1715182
2006-04-18,32.69567108154297,33.881717681884766,32.68633270263672,33.81634521484375,16.924901962280273,4592271
2006-04-19,33.760311126708984,34.909000396728516,33.52683639526367,34.74089813232422,17.38763999938965,7809977
2006-04-20,34.74089813232422,35.226524353027344,34.57279968261719,34.97437286376953,17.504486083984375,4024542
2006-04-21,35.207847595214844,35.217185974121094,34.54478073120117,34.72222137451172,17.378286361694336,2862313
2006-04-24,34.62883377075195,35.24520492553711,34.61015319824219,35.12379837036133,17.57927131652832,2746882
2006-04-25,35.25454330444336,35.27322006225586,34.0124626159668,34.30196762084961,17.167943954467773,3685210
2006-04-26,34.36734390258789,34.470069885253906,33.96576690673828,34.320648193359375,17.17730140686035,3504890
2006-04-27,34.29262924194336,34.30196762084961,33.59220886230469,33.74163055419922,16.88750457763672,3100883
2006-04-28,33.69493865966797,34.0498161315918,33.433448791503906,33.94709014892578,16.990331649780273,2861670
2006-05-01,33.93775177001953,34.39535903930664,33.778987884521484,33.872379302978516,16.952939987182617,2124864
2006-05-02,33.891056060791016,34.55411911010742,33.83502197265625,34.51676559448242,17.27545166015625,2216202
2006-05-03,34.64751052856445,34.927677154541016,34.55411911010742,34.61015319824219,17.322200775146484,3859962
2006-05-04,34.95569610595703,34.97437286376953,34.339324951171875,34.52610397338867,17.280132293701172,4547513
2006-05-05,34.74089813232422,35.02106857299805,34.6755256652832,34.96503448486328,17.499814987182617,5156253
2006-05-08,34.9930534362793,35.09577941894531,34.73155975341797,35.09577941894531,17.56525230407715,1902783
2006-05-09,35.00239181518555,35.469337463378906,34.927677154541016,35.10511779785156,17.569915771484375,2245113
2006-05-10,34.97437286376953,35.02106857299805,34.432716369628906,34.49808883666992,17.266111373901367,1961141
2006-05-11,34.56346130371094,34.64751052856445,33.05989074707031,33.312042236328125,16.67249870300293,4175843
2006-05-12,33.321380615234375,33.321380615234375,32.228721618652344,32.312774658203125,16.172365188598633,3566782
2006-05-15,32.359466552734375,32.70500946044922,31.901859283447266,32.50889205932617,16.270526885986328,3490006
2006-05-16,32.66765213012695,32.66765213012695,31.9205379486084,32.04194259643555,16.036819458007812,2830403
2006-05-17,31.62169075012207,31.799129486083984,30.893251419067383,31.108047485351562,15.683690071105957,2592047
2006-05-18,31.238792419433594,31.378877639770508,30.76250648498535,30.837217330932617,15.547144889831543,2318997
2006-05-19,31.19209861755371,31.96723175048828,31.19209861755371,31.481605529785156,15.872032165527344,3556502
2006-05-22,31.40689468383789,31.472267150878906,30.818540573120117,31.248132705688477,15.754311561584473,2208492
2006-05-23,31.388216018676758,32.00458526611328,30.678455352783203,30.697134017944336,15.476521492004395,2435070
2006-05-24,30.697134017944336,30.697134017944336,29.865966796875,30.267541885375977,15.259930610656738,3923781
2006-05-25,30.51035499572754,30.9399471282959,30.472999572753906,30.818540573120117,15.537728309631348,2651582
2006-05-26,31.238792419433594,31.7337589263916,31.108047485351562,31.677724838256836,15.970907211303711,2118760
2006-05-30,31.27614974975586,31.612350463867188,30.799863815307617,30.799863815307617,15.528314590454102,2182151
2006-05-31,30.865234375,31.7337589263916,30.865234375,31.7337589263916,15.9991455078125,2689809
2006-06-01,31.62169075012207,31.827146530151367,31.546979904174805,31.808469772338867,16.036821365356445,2201639
2006-06-02,31.7524356842041,31.7524356842041,31.07069206237793,31.574996948242188,15.919111251831055,2132680
2006-06-05,31.70574188232422,31.92987632751465,30.95862579345703,31.014657974243164,15.63659954071045,2644408
2006-06-06,31.659046173095703,31.677724838256836,30.42630386352539,30.585067749023438,15.420015335083008,3535729
2006-06-07,30.594406127929688,30.594406127929688,29.865966796875,29.865966796875,15.057472229003906,3248330
2006-06-08,29.865966796875,30.575727462768555,29.19356346130371,30.463659286499023,15.358806610107422,3133649
2006-06-09,30.39828872680664,30.529033660888672,29.912662506103516,30.052745819091797,15.151639938354492,1485927
2006-06-12,29.95001792907715,30.155475616455078,29.483070373535156,29.483070373535156,14.864426612854004,1527366
2006-06-13,29.557781219482422,29.66050910949707,28.661243438720703,28.76397132873535,14.501880645751953,3083644
2006-06-14,28.810665130615234,29.156206130981445,28.76397132873535,29.146867752075195,14.694923400878906,2349300
2006-06-15,29.41769790649414,30.006052017211914,29.380342483520508,29.828611373901367,15.038637161254883,3635205
2006-06-16,29.828611373901367,29.87530517578125,29.436376571655273,29.669849395751953,14.958596229553223,2804276
2006-06-19,29.62315559387207,29.707204818725586,28.9600887298584,29.109512329101562,14.676088333129883,1898928
2006-06-20,29.258935928344727,29.62315559387207,29.044139862060547,29.41769790649414,14.831466674804688,1961890
2006-06-21,29.352325439453125,30.20216941833496,29.352325439453125,30.099441528320312,15.17518424987793,2226802
2006-06-22,30.006052017211914,30.30489730834961,29.83795166015625,30.09010124206543,15.170465469360352,2082996
2006-06-23,29.931339263916016,29.996713638305664,29.557781219482422,29.66050910949707,14.953886985778809,1570947
2006-06-26,29.65117073059082,30.006052017211914,29.65117073059082,29.912662506103516,15.081011772155762,1138350
2006-06-27,29.800594329833984,30.211509704589844,29.034801483154297,29.109512329101562,14.676088333129883,3428329
2006-06-28,29.30562973022461,29.361663818359375,29.016122817993164,29.21224021911621,14.727877616882324,2217808
2006-06-29,29.455053329467773,29.884645462036133,29.41769790649414,29.847288131713867,15.048057556152344,3118337
2006-06-30,30.006052017211914,30.51969337463379,29.95001792907715,30.164813995361328,15.208142280578613,3997023
2006-07-03,30.370271682739258,30.538372039794922,30.29555892944336,30.50101661682129,15.377639770507812,877293
2006-07-05,30.50101661682129,30.697134017944336,30.024730682373047,30.482337951660156,15.368224143981934,2295226
2006-07-06,30.454320907592773,30.874574661254883,30.360931396484375,30.781185150146484,15.518895149230957,1874836
2006-07-07,30.575727462768555,30.781185150146484,30.351593017578125,30.585067749023438,15.420015335083008,1811124
2006-07-10,30.818540573120117,31.052013397216797,30.444982528686523,30.547710418701172,15.4011869430542,1251532
2006-07-11,30.43564224243164,30.50101661682129,29.669849395751953,30.454320907592773,15.354098320007324,1801380
2006-07-12,30.575727462768555,30.7531681060791,29.7725772857666,29.996713638305664,15.12338638305664,1313102
2006-07-13,30.164813995361328,30.258203506469727,29.557781219482422,29.604476928710938,14.925631523132324,3721938
2006-07-14,30.19283103942871,30.314237594604492,29.52976417541504,30.220848083496094,15.236396789550781,2751915
2006-07-17,30.30489730834961,30.790523529052734,30.174152374267578,30.29555892944336,15.274060249328613,2214060
2006-07-18,30.379610061645508,30.678455352783203,29.83795166015625,30.323575973510742,15.288178443908691,1610566
2006-07-19,30.444982528686523,31.313505172729492,30.444982528686523,30.96796417236328,15.61306095123291,4010943
2006-07-20,30.9399471282959,31.350860595703125,30.314237594604492,30.360931396484375,15.30700969696045,1858667
2006-07-21,30.585067749023438,30.585067749023438,29.473730087280273,29.576459884643555,14.911508560180664,2881051
2006-07-24,29.65117073059082,30.40762710571289,29.436376571655273,30.323575973510742,15.288178443908691,2110836
2006-07-25,30.42630386352539,31.322843551635742,30.323575973510742,31.238792419433594,15.74960708618164,1843783
2006-07-26,31.266809463500977,31.397554397583008,30.74382972717285,30.94928550720215,15.603650093078613,1480038
2006-07-27,31.033336639404297,31.472267150878906,30.65043830871582,30.706472396850586,15.48122787475586,1763367
2006-07-28,30.818540573120117,31.659046173095703,30.538372039794922,31.64036750793457,15.95206356048584,4270929
2006-07-31,31.322843551635742,32.18202590942383,31.322843551635742,32.06061935424805,16.1639461517334,3093495
2006-08-01,32.312774658203125,32.368804931640625,30.995981216430664,31.089370727539062,15.674272537231445,2939195
2006-08-02,31.322843551635742,31.70574188232422,31.08003044128418,31.341522216796875,15.801399230957031,2217487
2006-08-03,31.350860595703125,32.247398376464844,31.322843551635742,31.94855308532715,16.10744857788086,1853313
2006-08-04,32.40616226196289,32.452857971191406,31.098709106445312,31.41623306274414,15.839068412780762,2053550
2006-08-07,31.565656661987305,32.210044860839844,31.49094581604004,31.97657012939453,16.12156867980957,1685842
2006-08-08,32.18202590942383,32.63029861450195,31.98590850830078,32.28475570678711,16.27695083618164,2511203
2006-08-09,32.54624557495117,32.938480377197266,32.443519592285156,32.6583137512207,16.465280532836914,3290091
2006-08-10,32.38748550415039,32.55558395385742,32.14467239379883,32.331451416015625,16.30049705505371,1678347
2006-08-11,32.17268753051758,32.312774658203125,31.71508026123047,31.8458251953125,16.05565071105957,1053759
2006-08-14,31.873842239379883,32.359466552734375,31.649707794189453,31.7524356842041,16.008575439453125,2039308
2006-08-15,32.12599563598633,32.29409408569336,31.873842239379883,32.228721618652344,16.24869728088379,1602642
2006-08-16,32.228721618652344,32.83575439453125,32.219383239746094,32.68633270263672,16.599668502807617,4144041
2006-08-17,32.68633270263672,32.92914581298828,32.38748550415039,32.60227966308594,16.556974411010742,3113304
2006-08-18,32.64897537231445,32.70500946044922,32.331451416015625,32.53690719604492,16.523778915405273,1335053
2006-08-21,32.38748550415039,32.60227966308594,32.26607894897461,32.49955368041992,16.504802703857422,1389342
2006-08-22,32.51823043823242,32.8450927734375,32.51823043823242,32.6769905090332,16.594921112060547,1421787
2006-08-23,32.919803619384766,33.24666976928711,32.452857971191406,33.05989074707031,16.789379119873047,2197142
2006-08-24,33.10658264160156,33.199974060058594,32.50889205932617,32.761043548583984,16.637601852416992,1721071
2006-08-25,32.68633270263672,32.901126861572266,32.53690719604492,32.75170135498047,16.632858276367188,1271663
2006-08-28,32.68633270263672,32.919803619384766,32.359466552734375,32.452857971191406,16.481088638305664,2559067
2006-08-29,32.52756881713867,32.873111724853516,32.480873107910156,32.63029861450195,16.571210861206055,1868090
2006-08-30,32.68633270263672,32.779720306396484,32.49955368041992,32.57426452636719,16.54275131225586,1107191
2006-08-31,32.68633270263672,32.72368621826172,32.41550064086914,32.471534729003906,16.490581512451172,2122615
2006-09-01,32.73302459716797,32.86376953125,32.55558395385742,32.69567108154297,16.604408264160156,1443096
2006-09-05,32.69567108154297,32.919803619384766,32.60227966308594,32.882450103759766,16.699260711669922,1431103
2006-09-06,32.69567108154297,32.910465240478516,32.62095642089844,32.69567108154297,16.604408264160156,1754587
2006-09-07,32.69567108154297,32.873111724853516,32.359466552734375,32.62095642089844,16.566455841064453,2142746
2006-09-08,32.62095642089844,32.873111724853516,32.462196350097656,32.761043548583984,16.637601852416992,1331199
2006-09-11,32.68633270263672,32.919803619384766,32.60227966308594,32.61161804199219,16.56171417236328,2489144
2006-09-12,32.68633270263672,33.237327575683594,32.6769905090332,33.15327835083008,16.83679962158203,3254327
2006-09-13,33.00385665893555,33.37741470336914,32.95716094970703,33.29336166381836,16.90793800354004,4136117
2006-09-14,33.54551315307617,33.66691970825195,32.312774658203125,32.452857971191406,16.481088638305664,5166747
2006-09-15,32.359466552734375,32.490211486816406,31.659046173095703,31.7524356842041,16.125383377075195,7303711
2006-09-18,31.7524356842041,32.19136428833008,31.7524356842041,31.9205379486084,16.21076011657715,2778363
2006-09-19,32.10731506347656,32.30343246459961,31.528301239013672,31.612350463867188,16.054241180419922,3246617
2006-09-20,31.70574188232422,32.12599563598633,31.659046173095703,31.780452728271484,16.139612197875977,2495676
2006-09-21,31.892520904541016,32.18202590942383,31.313505172729492,31.42557144165039,15.959389686584473,2766906
2006-09-22,31.378877639770508,31.9392147064209,31.322843551635742,31.808469772338867,16.153841018676758,2470406
2006-09-25,31.97657012939453,32.10731506347656,31.42557144165039,31.92987632751465,16.21550178527832,2021105
2006-09-26,31.9392147064209,32.359466552734375,31.827146530151367,32.19136428833008,16.34830093383789,1687877
2006-09-27,32.14467239379883,32.42483901977539,31.85516357421875,32.42483901977539,16.466867446899414,2019499
2006-09-28,32.60227966308594,32.68633270263672,32.219383239746094,32.480873107910156,16.49532127380371,1344048
2006-09-29,32.350128173828125,32.359466552734375,31.9205379486084,32.340789794921875,16.424179077148438,2329598
2006-10-02,32.40616226196289,32.779720306396484,32.14467239379883,32.62095642089844,16.566455841064453,2005364
2006-10-03,32.62095642089844,32.75170135498047,32.12599563598633,32.43417739868164,16.471601486206055,1591185
2006-10-04,32.28475570678711,32.53690719604492,32.07929992675781,32.49955368041992,16.504802703857422,1908030
2006-10-05,32.452857971191406,32.94782257080078,32.40616226196289,32.86376953125,16.689767837524414,2242008
2006-10-06,32.779720306396484,33.0505485534668,32.471534729003906,33.00385665893555,16.76091766357422,1772148
2006-10-09,32.95716094970703,32.96649932861328,32.57426452636719,32.882450103759766,16.699260711669922,1449949
2006-10-10,32.789058685302734,32.882450103759766,32.49955368041992,32.6769905090332,16.594921112060547,1761333
2006-10-11,32.443519592285156,32.86376953125,32.40616226196289,32.56492233276367,16.53800392150879,1741951
2006-10-12,32.68633270263672,32.891788482666016,32.57426452636719,32.6769905090332,16.594921112060547,1901819
2006-10-13,32.59294128417969,33.27468490600586,32.471534729003906,33.24666976928711,16.88422966003418,2037167
2006-10-16,32.69567108154297,32.826416015625,32.210044860839844,32.55558395385742,16.533262252807617,2890581
2006-10-17,32.41550064086914,32.6769905090332,32.200706481933594,32.238059997558594,16.37200927734375,2612499
2006-10-18,32.331451416015625,32.452857971191406,31.892520904541016,32.247398376464844,16.37675666809082,2289657
2006-10-19,32.09797668457031,32.219383239746094,31.649707794189453,31.677724838256836,16.087448120117188,3284737
2006-10-20,31.7524356842041,31.85516357421875,31.546979904174805,31.574996948242188,16.035280227661133,2338913
2006-10-23,31.49094581604004,31.565656661987305,31.257471084594727,31.41623306274414,15.9546537399292,2011361
2006-10-24,31.41623306274414,31.72441864013672,31.266809463500977,31.378877639770508,15.935674667358398,2004829
2006-10-25,31.388216018676758,31.50028419494629,31.023996353149414,31.164081573486328,15.826594352722168,1789708
2006-10-26,31.164081573486328,31.8458251953125,31.117387771606445,31.780452728271484,16.139612197875977,1832004
2006-10-27,31.7337589263916,31.873842239379883,31.472267150878906,31.528301239013672,16.011564254760742,1876335
2006-10-30,31.378877639770508,31.7524356842041,31.378877639770508,31.696401596069336,16.096927642822266,1687770
2006-10-31,31.696401596069336,31.9205379486084,31.126726150512695,31.145404815673828,15.817108154296875,2705764
2006-11-01,31.18276023864746,31.584333419799805,30.85589599609375,30.85589599609375,15.67007827758789,2781683
2006-11-02,30.472999572753906,30.63176155090332,29.9406795501709,30.351593017578125,15.413972854614258,4255617
2006-11-03,30.360931396484375,30.43564224243164,29.74456024169922,29.809934616088867,15.138885498046875,3483260
2006-11-06,29.884645462036133,30.230186462402344,29.884645462036133,30.034067153930664,15.25271987915039,2801492
2006-11-07,30.024730682373047,30.51969337463379,29.97803497314453,30.099441528320312,15.285919189453125,1704046
2006-11-08,30.09010124206543,30.463659286499023,30.024730682373047,30.342254638671875,15.409233093261719,2243185
2006-11-09,30.351593017578125,30.491676330566406,29.98737335205078,30.043407440185547,15.257467269897461,1830398
2006-11-10,30.136796951293945,30.314237594604492,29.95001792907715,30.099441528320312,15.285919189453125,1413114
2006-11-13,29.903322219848633,30.41696548461914,29.893983840942383,30.351593017578125,15.413972854614258,2339342
2006-11-14,30.28622055053711,30.97730255126953,30.239524841308594,30.9399471282959,15.712772369384766,2272204
2006-11-15,30.74382972717285,30.9399471282959,30.491676330566406,30.622421264648438,15.669754981994629,2373500
2006-11-16,30.659778594970703,31.06135368347168,30.63176155090332,30.827878952026367,15.774894714355469,2384315
2006-11-17,30.72515106201172,30.818540573120117,30.276880264282227,30.669116973876953,15.693652153015137,2470620
2006-11-20,30.74382972717285,31.098709106445312,30.575727462768555,30.585067749023438,15.650640487670898,1411079
2006-11-21,30.538372039794922,30.678455352783203,30.370271682739258,30.50101661682129,15.607625961303711,1536254
2006-11-22,30.491676330566406,30.622421264648438,30.360931396484375,30.491676330566406,15.602851867675781,1997869
2006-11-24,30.30489730834961,30.790523529052734,30.30489730834961,30.687795639038086,15.70320987701416,665171
2006-11-27,30.585067749023438,30.72515106201172,30.07142448425293,30.09010124206543,15.397358894348145,1690233
2006-11-28,30.351593017578125,30.7531681060791,30.30489730834961,30.444982528686523,15.578956604003906,3186011
2006-11-29,30.454320907592773,30.790523529052734,30.28622055053711,30.39828872680664,15.555068016052246,1838215
2006-11-30,30.444982528686523,31.098709106445312,30.276880264282227,30.911930084228516,15.81789779663086,2436890
2006-12-01,31.005319595336914,31.462928771972656,30.72515106201172,30.97730255126953,15.851350784301758,3439894
2006-12-04,31.052013397216797,31.238792419433594,31.005319595336914,31.108047485351562,15.91825008392334,2235047
2006-12-05,31.238792419433594,31.434911727905273,31.06135368347168,31.28548812866211,16.009056091308594,3191793
2006-12-06,31.28548812866211,31.96723175048828,31.28548812866211,31.528301239013672,16.1333065032959,3508959
2006-12-07,31.70574188232422,31.97657012939453,31.41623306274414,31.472267150878906,16.104625701904297,2440317
2006-12-08,31.472267150878906,31.808469772338867,31.472267150878906,31.7337589263916,16.238431930541992,2328634
2006-12-11,31.677724838256836,31.70574188232422,31.360200881958008,31.444250106811523,16.090290069580078,2369752
2006-12-12,31.444250106811523,31.649707794189453,31.29482650756836,31.41623306274414,16.075952529907227,2465587
2006-12-13,31.565656661987305,32.15401077270508,31.565656661987305,32.04194259643555,16.396133422851562,2735425
2006-12-14,32.0326042175293,32.480873107910156,31.799129486083984,32.40616226196289,16.5825138092041,2326921
2006-12-15,32.51823043823242,32.919803619384766,32.16334915161133,32.480873107910156,16.62074089050293,3544188
2006-12-18,32.480873107910156,32.6583137512207,31.97657012939453,31.98590850830078,16.367460250854492,2038987
2006-12-19,31.98590850830078,32.219383239746094,31.76177406311035,32.14467239379883,16.448701858520508,2107838
2006-12-20,32.14467239379883,32.340789794921875,32.02326583862305,32.28475570678711,16.520387649536133,1633695
2006-12-21,32.29409408569336,32.443519592285156,31.95789337158203,32.00458526611328,16.377017974853516,1419967
2006-12-22,32.00458526611328,32.00458526611328,31.350860595703125,31.565656661987305,16.15241813659668,2799351
2006-12-26,31.70574188232422,31.789791107177734,31.64036750793457,31.71508026123047,16.2288818359375,1012533
2006-12-27,31.799129486083984,32.07929992675781,31.799129486083984,31.995248794555664,16.37224006652832,1521370
2006-12-28,32.00458526611328,32.10731506347656,31.76177406311035,31.85516357421875,16.300559997558594,1136744
2006-12-29,31.771114349365234,32.06061935424805,31.612350463867188,31.8458251953125,16.295780181884766,1460656
2007-01-03,31.96723175048828,32.55558395385742,31.96723175048828,32.359466552734375,16.558618545532227,2993912
2007-01-04,32.359466552734375,32.359466552734375,31.873842239379883,31.901859283447266,16.324451446533203,2955150
2007-01-05,31.76177406311035,31.97657012939453,31.220115661621094,31.248132705688477,15.989940643310547,3186653
2007-01-08,31.136064529418945,31.83648681640625,31.07069206237793,31.64036750793457,16.190641403198242,2804705
2007-01-09,31.612350463867188,31.789791107177734,31.28548812866211,31.518962860107422,16.128520965576172,2444279
2007-01-10,31.528301239013672,31.76177406311035,31.220115661621094,31.668384552001953,16.204992294311523,2210634
2007-01-11,31.659046173095703,32.26607894897461,31.659046173095703,32.04194259643555,16.396133422851562,1721714
2007-01-12,31.9392147064209,32.210044860839844,31.817808151245117,32.02326583862305,16.386577606201172,1572232
2007-01-16,32.0139274597168,32.38748550415039,31.873842239379883,32.38748550415039,16.572954177856445,1922057
2007-01-17,32.27541732788086,32.41550064086914,31.95789337158203,31.96723175048828,16.357908248901367,2854068
2007-01-18,32.08863830566406,32.368804931640625,31.995248794555664,32.228721618652344,16.491708755493164,1360431
2007-01-19,32.40616226196289,32.53690719604492,32.12599563598633,32.378143310546875,16.568180084228516,2253679
2007-01-22,32.378143310546875,32.378143310546875,31.677724838256836,31.76177406311035,16.252771377563477,2354333
2007-01-23,31.64036750793457,32.08863830566406,31.556318283081055,31.668384552001953,16.204992294311523,3027856
2007-01-24,31.74309730529785,31.901859283447266,31.556318283081055,31.7524356842041,16.247997283935547,2444279
2007-01-25,31.649707794189453,31.72441864013672,30.687795639038086,30.837217330932617,15.779670715332031,5049496
2007-01-26,30.827878952026367,30.8465576171875,30.585067749023438,30.669116973876953,15.693652153015137,3124119
2007-01-29,30.76250648498535,31.18276023864746,30.697134017944336,30.94928550720215,15.837018966674805,4317401
2007-01-30,30.85589599609375,31.20143699645996,30.837217330932617,31.07069206237793,15.899141311645508,2347801
2007-01-31,31.005319595336914,31.64036750793457,30.921268463134766,31.472267150878906,16.104625701904297,2630916
2007-02-01,31.901859283447266,32.0326042175293,31.369539260864258,31.9392147064209,16.343568801879883,4813602
2007-02-02,32.06996154785156,32.938480377197266,31.97657012939453,32.57426452636719,16.66852569580078,4948628
2007-02-05,32.58360290527344,32.71434783935547,32.25674057006836,32.61161804199219,16.687639236450195,3251007
2007-02-06,32.54624557495117,33.0318717956543,32.49955368041992,32.97583770751953,16.87401580810547,2377783
2007-02-07,33.07856750488281,33.66691970825195,32.98517608642578,33.6389045715332,17.213315963745117,4798504
2007-02-08,33.50815963745117,34.27395248413086,33.442787170410156,34.12453079223633,17.46181869506836,5808147
2007-02-09,33.900394439697266,34.06849670410156,33.40542984008789,33.480140686035156,17.132076263427734,2958576
2007-02-12,33.54551315307617,33.93775177001953,33.54551315307617,33.872379302978516,17.33279037475586,2867988
2007-02-13,34.09651184082031,34.796932220458984,34.07783508300781,34.778255462646484,17.79633140563965,5705458
2007-02-14,34.55411911010742,35.0117301940918,34.470069885253906,34.8623046875,17.959911346435547,3641843
2007-02-15,34.71288299560547,35.0117301940918,34.52610397338867,34.880985260009766,17.969532012939453,3786721
2007-02-16,35.04908752441406,35.310577392578125,34.64751052856445,35.28255844116211,18.176406860351562,4740361
2007-02-20,34.93701934814453,35.25454330444336,34.880985260009766,35.189170837402344,18.128307342529297,2771082
2007-02-21,34.96503448486328,35.13313674926758,34.451393127441406,35.05842590332031,18.060945510864258,4249942
2007-02-22,35.12379837036133,35.207847595214844,34.61015319824219,34.6755256652832,17.863691329956055,2271882
2007-02-23,34.6755256652832,34.8062744140625,34.50742721557617,34.72222137451172,17.887744903564453,2860171
2007-02-26,34.94635772705078,35.488014221191406,34.787593841552734,34.98371124267578,18.02245330810547,3724187
2007-02-27,34.40469741821289,34.55411911010742,33.07856750488281,33.94709014892578,17.488420486450195,4438078
2007-02-28,33.94709014892578,34.07783508300781,33.42410659790039,33.60154724121094,17.310405731201172,3806958
2007-03-01,33.340057373046875,33.55485153198242,32.83575439453125,33.41476821899414,17.214189529418945,2947761
2007-03-02,33.10658264160156,33.340057373046875,32.70500946044922,32.73302459716797,16.86297607421875,3479727
2007-03-05,32.331451416015625,32.6769905090332,32.29409408569336,32.340789794921875,16.66090965270996,3634348
2007-03-06,32.59294128417969,32.919803619384766,32.54624557495117,32.66765213012695,16.829296112060547,2700517
2007-03-07,32.6769905090332,32.85443115234375,32.312774658203125,32.59294128417969,16.790803909301758,3499536
2007-03-08,32.71434783935547,33.0318717956543,32.71434783935547,32.826416015625,16.911083221435547,2985025
2007-03-09,33.24666976928711,33.57353210449219,32.826416015625,32.919803619384766,16.959196090698242,3028498
2007-03-12,32.919803619384766,33.15327835083008,32.779720306396484,33.0131950378418,17.007308959960938,1661643
2007-03-13,32.789058685302734,32.94782257080078,31.98590850830078,32.06061935424805,16.516572952270508,3484652
2007-03-14,32.200706481933594,32.66765213012695,31.780452728271484,32.57426452636719,16.78118324279785,3987921
2007-03-15,32.61161804199219,33.29336166381836,32.61161804199219,33.0505485534668,17.026554107666016,3325748
2007-03-16,33.12525939941406,33.37741470336914,32.882450103759766,32.96649932861328,16.98324966430664,3671825
2007-03-19,33.06922912597656,33.37741470336914,33.0131950378418,33.340057373046875,17.175697326660156,2077000
2007-03-20,33.227989196777344,33.760311126708984,33.227989196777344,33.73229217529297,17.37775993347168,2602755
2007-03-21,33.73229217529297,34.00312423706055,33.48948287963867,33.93775177001953,17.48360824584961,3805138
2007-03-22,33.93775177001953,34.07783508300781,33.69493865966797,34.04047775268555,17.536535263061523,2229694
2007-03-23,34.0311393737793,34.311309814453125,33.872379302978516,34.0124626159668,17.52210807800293,3926993
2007-03-26,33.919071197509766,34.29262924194336,33.6575813293457,34.0498161315918,17.54134750366211,3202394
2007-03-27,33.9937858581543,34.0311393737793,33.67626190185547,33.9937858581543,17.512479782104492,3148426
2007-03-28,33.797664642333984,33.891056060791016,33.470802307128906,33.6202278137207,17.320035934448242,2825264
2007-03-29,33.797664642333984,33.8443603515625,33.209312438964844,33.51749801635742,17.267108917236328,3078504
2007-03-30,33.60154724121094,34.358001708984375,33.57353210449219,33.9937858581543,17.512479782104492,4078509
2007-04-02,33.9937858581543,34.38602066040039,33.9937858581543,34.217918395996094,17.627944946289062,3522558
2007-04-03,34.29262924194336,35.198509216308594,34.29262924194336,35.03974533081055,18.051319122314453,3610577
2007-04-04,34.62883377075195,34.778255462646484,34.12453079223633,34.16188430786133,17.599077224731445,4913614
2007-04-05,34.24593734741211,34.442054748535156,34.07783508300781,34.358001708984375,17.700115203857422,2571488
2007-04-09,34.37668228149414,34.796932220458984,34.217918395996094,34.61015319824219,17.830015182495117,2631880
2007-04-10,34.61015319824219,35.207847595214844,34.59147644042969,34.97437286376953,18.017648696899414,2944121
2007-04-11,34.909000396728516,35.03974533081055,34.479408264160156,34.69420623779297,17.873310089111328,2994983
2007-04-12,34.71288299560547,34.72222137451172,34.320648193359375,34.451393127441406,17.748220443725586,4401136
2007-04-13,35.02106857299805,35.02106857299805,34.29262924194336,34.479408264160156,17.762659072875977,3671290
2007-04-16,34.55411911010742,34.778255462646484,34.52610397338867,34.60081481933594,17.82520294189453,3349305
2007-04-17,34.60081481933594,34.68486785888672,34.27395248413086,34.68486785888672,17.868501663208008,4108598
2007-04-18,34.460731506347656,34.6381721496582,34.339324951171875,34.37668228149414,17.709735870361328,3647733
2007-04-19,33.67626190185547,34.442054748535156,33.67626190185547,34.217918395996094,17.627944946289062,3252185
2007-04-20,34.55411911010742,34.81561279296875,34.358001708984375,34.74089813232422,17.897369384765625,3681784
2007-04-23,34.787593841552734,34.98371124267578,34.6755256652832,34.70354461669922,17.87812614440918,2515593
2007-04-24,34.74089813232422,34.918338775634766,34.36734390258789,34.460731506347656,17.753036499023438,3026999
2007-04-25,34.74089813232422,35.338592529296875,34.66618728637695,35.310577392578125,18.190847396850586,2572130
2007-04-26,35.207847595214844,35.81488037109375,34.927677154541016,35.68413543701172,18.38328742980957,3678678
2007-04-27,35.53470993041992,35.6561164855957,34.96503448486328,35.189170837402344,18.128307342529297,2516342
2007-04-30,35.357269287109375,35.69347381591797,35.14247512817383,35.226524353027344,18.147550582885742,3904293
2007-05-01,35.347930908203125,35.50669479370117,34.94635772705078,35.347930908203125,18.210092544555664,3009438
2007-05-02,35.347930908203125,35.95496368408203,35.30123519897461,35.870914459228516,18.479516983032227,3989527
2007-05-03,36.179100036621094,36.431251525878906,35.17049026489258,35.68413543701172,18.38328742980957,3569673
2007-05-04,35.98298263549805,36.169761657714844,35.488014221191406,35.58140563964844,18.33036231994629,4543229
2007-05-07,35.488014221191406,35.94562530517578,35.422645568847656,35.898929595947266,18.493940353393555,3842937
2007-05-08,35.68413543701172,35.85223388671875,35.55339050292969,35.69347381591797,18.388105392456055,3750314
2007-05-09,35.69347381591797,36.38455581665039,35.64677810668945,36.328521728515625,18.715255737304688,2642374
2007-05-10,36.11372756958008,36.188438415527344,35.8428955078125,35.96430206298828,18.527618408203125,2705764
2007-05-11,35.96430206298828,36.337860107421875,35.96430206298828,36.319183349609375,18.710445404052734,2001509
2007-05-14,36.207115173339844,36.41257095336914,36.15108108520508,36.25381088256836,18.676759719848633,2335273
2007-05-15,36.188438415527344,36.59001159667969,36.15108108520508,36.449928283691406,18.777795791625977,2608858
2007-05-16,36.235130310058594,36.60868835449219,35.94562530517578,36.00165939331055,18.66643714904785,4020151
2007-05-17,35.83355712890625,36.300506591796875,35.82421875,36.235130310058594,18.787485122680664,2015751
2007-05-18,36.41257095336914,36.60868835449219,36.28182601928711,36.53397750854492,18.942434310913086,2352512
2007-05-21,36.51530075073242,36.51530075073242,36.15108108520508,36.25381088256836,18.797168731689453,3073471
2007-05-22,36.15108108520508,36.41257095336914,36.12306594848633,36.24447250366211,18.792327880859375,2376070
2007-05-23,36.38455581665039,36.56199645996094,36.12306594848633,36.38455581665039,18.864957809448242,2954186
2007-05-24,36.41257095336914,36.69274139404297,35.93628692626953,35.94562530517578,18.63738250732422,4679326
2007-05-25,36.14174270629883,36.50596237182617,36.14174270629883,36.37521743774414,18.860116958618164,2819696
2007-05-29,36.26314926147461,36.347198486328125,35.94562530517578,36.09504699707031,18.7148494720459,3031497
2007-05-30,36.0109977722168,36.51530075073242,35.97364044189453,36.300506591796875,18.821386337280273,3763806
2007-05-31,36.309844970703125,36.888858795166016,36.309844970703125,36.58067321777344,18.966642379760742,3658762
2007-06-01,36.795467376708984,37.13167190551758,36.62736892700195,36.96356964111328,19.16517448425293,3244047
2007-06-04,36.776790618896484,37.299774169921875,36.70207977294922,37.24374008178711,19.310441970825195,1891326
2007-06-05,36.95423126220703,37.06629943847656,36.6180305480957,36.730098724365234,19.04411506652832,3519774
2007-06-06,36.49662399291992,36.51530075073242,36.00165939331055,36.300506591796875,18.821386337280273,3213102
2007-06-07,36.225791931152344,36.300506591796875,35.56272888183594,35.57206726074219,18.443693161010742,2824835
2007-06-08,35.49735641479492,35.861572265625,35.15181350708008,35.8428955078125,18.58411407470703,2328848
2007-06-11,35.6187629699707,35.62810134887695,34.918338775634766,35.41330337524414,18.36138153076172,3142965
2007-06-12,35.17049026489258,35.51603317260742,34.54478073120117,34.6381721496582,17.9594783782959,4099818
2007-06-13,34.750240325927734,35.29189682006836,34.68486785888672,35.28255844116211,18.29358673095703,3014792
2007-06-14,35.28255844116211,35.64677810668945,35.11445617675781,35.16115188598633,18.230648040771484,3195327
2007-06-15,35.38528823852539,35.908267974853516,35.217185974121094,35.79620361328125,18.55990982055664,4739932
2007-06-18,35.9923210144043,36.28182601928711,35.93628692626953,36.06703186035156,18.700328826904297,2414190
2007-06-19,36.06703186035156,36.39389419555664,35.92694854736328,36.35654067993164,18.850433349609375,2192859
2007-06-20,36.319183349609375,36.431251525878906,35.82421875,35.8428955078125,18.58411407470703,2122829
2007-06-21,35.85223388671875,36.35654067993164,35.53470993041992,36.337860107421875,18.84075355529785,2675675
2007-06-22,36.14174270629883,36.36587905883789,35.861572265625,36.225791931152344,18.78264045715332,3893264
2007-06-25,36.328521728515625,36.59001159667969,35.777523040771484,35.96430206298828,18.647064208984375,2598150
2007-06-26,36.0483512878418,36.24447250366211,35.431983947753906,35.49735641479492,18.40495491027832,3712408
2007-06-27,35.26388168334961,35.55339050292969,35.13313674926758,35.38528823852539,18.346851348876953,3429828
2007-06-28,35.39462661743164,36.0296745300293,35.338592529296875,35.749507904052734,18.535694122314453,2415046
2007-06-29,35.95496368408203,36.69274139404297,35.908267974853516,36.468605041503906,18.90852928161621,3237515
2007-07-02,36.42190933227539,36.431251525878906,35.55339050292969,36.16041946411133,18.748750686645508,4309156
2007-07-03,36.16041946411133,36.58067321777344,35.93628692626953,36.42190933227539,18.884328842163086,1171652
2007-07-05,36.42190933227539,37.39316177368164,36.35654067993164,37.36514663696289,19.373384475708008,4814780
2007-07-06,37.159690856933594,37.197044372558594,36.5993537902832,36.730098724365234,19.04411506652832,2853746
2007-07-09,36.879520416259766,37.05696105957031,36.60868835449219,37.00092697143555,19.184539794921875,1982235
2007-07-10,36.54331970214844,36.748775482177734,35.9923210144043,36.24447250366211,18.792327880859375,3584985
2007-07-11,36.05769348144531,36.50596237182617,35.8055419921875,36.41257095336914,18.87948989868164,2870558
2007-07-12,36.70207977294922,37.25307846069336,36.41257095336914,37.206382751464844,19.29106903076172,3753205
2007-07-13,37.23440170288086,38.14027786254883,37.12233352661133,38.09358215332031,19.75107192993164,3792717
2007-07-16,37.738704681396484,37.850772857666016,37.169029235839844,37.36514663696289,19.373384475708008,4105386
2007-07-17,37.299774169921875,37.888126373291016,37.24374008178711,37.52390670776367,19.455703735351562,3775584
2007-07-18,37.35580825805664,38.28036117553711,37.24374008178711,38.214988708496094,19.81402015686035,4795506
2007-07-19,38.168296813964844,38.822021484375,38.05622863769531,38.719295501708984,20.07549285888672,3861890
2007-07-20,38.69127655029297,38.69127655029297,37.39316177368164,37.6359748840332,19.513803482055664,4072727
2007-07-23,37.906803131103516,38.448463439941406,37.6172981262207,38.07490539550781,19.74138832092285,3271459
2007-07-24,37.869449615478516,38.28036117553711,37.449195861816406,37.57994079589844,19.484756469726562,3429828
2007-07-25,37.70134735107422,37.81341552734375,36.29116439819336,36.40323257446289,18.874643325805664,5113636
2007-07-26,36.08570861816406,36.197776794433594,34.39535903930664,35.02106857299805,18.158004760742188,5996069
2007-07-27,35.02106857299805,35.71215057373047,34.189903259277344,34.29262924194336,17.780323028564453,4887379
2007-07-30,34.358001708984375,35.24520492553711,34.189903259277344,34.927677154541016,18.109580993652344,3829231
2007-07-31,35.03974533081055,35.85223388671875,34.59147644042969,34.6194953918457,17.949800491333008,3774407
2007-08-01,34.59147644042969,34.768917083740234,33.71361541748047,34.451393127441406,17.862632751464844,5276502
2007-08-02,34.64751052856445,34.64751052856445,32.919803619384766,33.237327575683594,17.2331600189209,8411758
2007-08-03,33.330718994140625,33.6575813293457,32.52756881713867,32.55558395385742,16.879684448242188,5984183
2007-08-06,32.57426452636719,32.99451446533203,31.789791107177734,32.219383239746094,16.705371856689453,5926789
2007-08-07,31.50028419494629,32.6583137512207,31.50028419494629,32.43417739868164,16.81673240661621,6018127
2007-08-08,32.71434783935547,33.13460159301758,32.471534729003906,33.05989074707031,17.14116096496582,6229500
2007-08-09,33.05989074707031,33.218650817871094,31.40689468383789,31.42557144165039,16.29378318786621,5922292
2007-08-10,31.369539260864258,31.98590850830078,30.93060874938965,31.50028419494629,16.332521438598633,6574507
2007-08-13,31.360200881958008,31.780452728271484,30.874574661254883,31.145404815673828,16.26910972595215,5535846
2007-08-14,31.257471084594727,31.369539260864258,30.034067153930664,30.63176155090332,16.000797271728516,8263133
2007-08-15,30.63176155090332,30.865234375,29.669849395751953,29.7725772857666,15.551998138427734,5827635
2007-08-16,29.72588348388672,30.566389083862305,28.99744415283203,30.18349266052246,15.766644477844238,8349117
2007-08-17,31.117387771606445,31.481605529785156,30.388948440551758,30.883913040161133,16.13251304626465,5177455
2007-08-20,30.164813995361328,30.837217330932617,30.164813995361328,30.575727462768555,15.971527099609375,5365056
2007-08-21,30.73448944091797,30.837217330932617,30.239524841308594,30.64109992980957,16.00568199157715,4382291
2007-08-22,30.921268463134766,31.995248794555664,30.818540573120117,31.584333419799805,16.498380661010742,5529421
2007-08-23,31.9205379486084,32.340789794921875,31.481605529785156,31.696401596069336,16.556922912597656,4013941
2007-08-24,31.546979904174805,32.19136428833008,31.360200881958008,32.12599563598633,16.781330108642578,3110628
2007-08-27,32.15401077270508,32.54624557495117,31.97657012939453,32.07929992675781,16.75693702697754,2858886
2007-08-28,31.98590850830078,32.200706481933594,31.49094581604004,31.565656661987305,16.488624572753906,3897225
2007-08-29,31.7524356842041,32.219383239746094,31.668384552001953,32.12599563598633,16.781330108642578,2743242
2007-08-30,31.873842239379883,32.480873107910156,31.817808151245117,32.462196350097656,16.956939697265625,2687240
2007-08-31,32.6396369934082,33.11592483520508,32.210044860839844,32.789058685302734,17.127683639526367,2972282
2007-09-04,32.85443115234375,33.27468490600586,32.51823043823242,33.11592483520508,17.298425674438477,2829440
2007-09-05,33.0318717956543,33.27468490600586,32.70500946044922,33.14393997192383,17.31305694580078,3935667
2007-09-06,33.02253341674805,33.40542984008789,32.99451446533203,33.24666976928711,17.366722106933594,2550072
2007-09-07,32.798397064208984,32.83575439453125,32.25674057006836,32.74236297607422,17.10329246520996,6706427
2007-09-10,32.779720306396484,32.798397064208984,31.687063217163086,32.15401077270508,16.795961380004883,5846588
2007-09-11,32.25674057006836,32.38748550415039,31.892520904541016,32.340789794921875,16.89352798461914,2646978
2007-09-12,32.219383239746094,32.57426452636719,32.0326042175293,32.368804931640625,16.908153533935547,2874841
2007-09-13,32.68633270263672,32.81707763671875,32.42483901977539,32.55558395385742,17.005725860595703,3276813
2007-09-14,32.49955368041992,32.761043548583984,32.40616226196289,32.61161804199219,17.03499412536621,2874520
2007-09-17,32.57426452636719,32.66765213012695,32.331451416015625,32.39682388305664,16.922801971435547,2084388
2007-09-18,32.55558395385742,33.28402328491211,32.322113037109375,33.28402328491211,17.38623809814453,3260537
2007-09-19,33.28402328491211,33.9937858581543,33.28402328491211,33.6389045715332,17.571605682373047,6521931
2007-09-20,33.69493865966797,33.72295379638672,33.25600814819336,33.40542984008789,17.449649810791016,3318895
2007-09-21,33.6389045715332,33.788326263427734,33.38675308227539,33.48948287963867,17.493555068969727,4389037
2007-09-24,33.48948287963867,33.67626190185547,33.16261672973633,33.237327575683594,17.361846923828125,3379501
2007-09-25,33.199974060058594,33.54551315307617,33.13460159301758,33.41476821899414,17.454530715942383,3573635
2007-09-26,33.56419372558594,33.6575813293457,33.38675308227539,33.53617477416992,17.5179500579834,3335706
2007-09-27,33.60154724121094,33.70427703857422,33.26534652709961,33.54551315307617,17.52281951904297,3589054
2007-09-28,33.480140686035156,33.60154724121094,33.14393997192383,33.49882125854492,17.498437881469727,2949582
2007-10-01,33.57353210449219,33.750972747802734,32.770381927490234,33.6202278137207,17.56185531616211,3751599
2007-10-02,33.6389045715332,33.750972747802734,33.480140686035156,33.64824295043945,17.576494216918945,4052275
2007-10-03,33.56419372558594,33.72295379638672,33.368072509765625,33.433448791503906,17.464290618896484,2103983
2007-10-04,33.60154724121094,33.60154724121094,33.13460159301758,33.26534652709961,17.376482009887695,1261705
2007-10-05,33.51749801635742,34.08717346191406,33.470802307128906,34.02180099487305,17.77161979675293,5589600
2007-10-08,34.04047775268555,34.08717346191406,33.8443603515625,34.0124626159668,17.766742706298828,1836609
2007-10-09,34.12453079223633,34.72222137451172,33.891056060791016,34.61015319824219,18.078956604003906,4089967
2007-10-10,33.433448791503906,34.217918395996094,33.41476821899414,33.788326263427734,17.649654388427734,5300809
2007-10-11,33.85369873046875,34.05915832519531,33.24666976928711,33.73229217529297,17.62038803100586,4028504
2007-10-12,33.95642852783203,34.0311393737793,33.18129348754883,33.321380615234375,17.40574836730957,2374999
2007-10-15,33.14393997192383,33.49882125854492,32.58360290527344,32.95716094970703,17.21549415588379,3567852
2007-10-16,32.938480377197266,33.0131950378418,32.359466552734375,32.61161804199219,17.03499412536621,2086208
2007-10-17,32.938480377197266,33.302703857421875,32.60227966308594,32.938480377197266,17.20573616027832,2943799
2007-10-18,32.8450927734375,33.9937858581543,32.75170135498047,33.6202278137207,17.56185531616211,3167379
2007-10-19,33.6202278137207,33.788326263427734,32.68633270263672,32.779720306396484,17.1228084564209,3507032
2007-10-22,32.59294128417969,33.0318717956543,32.26607894897461,32.891788482666016,17.181344985961914,2516235
2007-10-23,32.94782257080078,33.227989196777344,32.56492233276367,33.190635681152344,17.33745574951172,2011575
2007-10-24,33.06922912597656,33.26534652709961,32.51823043823242,33.14393997192383,17.31305694580078,2753628
2007-10-25,33.25600814819336,33.68560028076172,33.00385665893555,33.53617477416992,17.5179500579834,2520197
2007-10-26,33.73229217529297,34.199241638183594,33.433448791503906,34.02180099487305,17.77161979675293,1826865
2007-10-29,34.37668228149414,34.8436279296875,34.0311393737793,34.470069885253906,18.005775451660156,1762725
2007-10-30,34.36734390258789,34.36734390258789,33.69493865966797,33.788326263427734,17.649654388427734,3045631
2007-10-31,34.04047775268555,34.8623046875,33.863037109375,34.51676559448242,18.030170440673828,2601148
2007-11-01,34.0498161315918,34.27395248413086,33.6202278137207,33.68560028076172,17.596004486083984,2854068
2007-11-02,34.06849670410156,34.339324951171875,32.69567108154297,33.10658264160156,17.293548583984375,2792605
2007-11-05,32.97583770751953,33.218650817871094,32.68633270263672,33.06922912597656,17.274028778076172,2620744
2007-11-06,33.08790588378906,33.37741470336914,32.462196350097656,33.07856750488281,17.278913497924805,3235481
2007-11-07,32.53690719604492,33.09724426269531,31.92987632751465,31.98590850830078,16.708148956298828,3373826
2007-11-08,31.873842239379883,32.443519592285156,31.28548812866211,32.27541732788086,16.859376907348633,5555977
2007-11-09,31.911197662353516,32.480873107910156,31.574996948242188,31.911197662353516,16.669126510620117,2240723
2007-11-12,31.771114349365234,32.12599563598633,31.434911727905273,31.537639617919922,16.473997116088867,3497502
2007-11-13,31.74309730529785,32.27541732788086,31.64036750793457,32.247398376464844,16.844749450683594,2526943
2007-11-14,32.63029861450195,32.919803619384766,32.11665344238281,32.210044860839844,16.947935104370117,4223922
2007-11-15,32.00458526611328,32.13533401489258,31.108047485351562,31.332183837890625,16.48603057861328,5511111
2007-11-16,31.603012084960938,31.9205379486084,31.089370727539062,31.85516357421875,16.761211395263672,3143072
2007-11-19,31.71508026123047,31.7524356842041,30.85589599609375,30.986642837524414,16.30422019958496,4973149
2007-11-20,30.97730255126953,31.9392147064209,30.818540573120117,31.322843551635742,16.481117248535156,4760706
2007-11-21,31.005319595336914,31.21077537536621,30.220848083496094,30.230186462402344,15.906194686889648,4367300
2007-11-23,30.39828872680664,30.85589599609375,30.28622055053711,30.71581268310547,16.16171646118164,1560775
2007-11-26,30.659778594970703,30.883913040161133,30.20216941833496,30.332914352416992,15.960245132446289,5111066
2007-11-27,30.547710418701172,30.8465576171875,30.08076286315918,30.370271682739258,15.979899406433105,4510571
2007-11-28,30.659778594970703,31.518962860107422,30.444982528686523,31.304166793823242,16.471290588378906,4089003
2007-11-29,31.145404815673828,31.257471084594727,30.687795639038086,31.145404815673828,16.387758255004883,3891229
2007-11-30,31.453588485717773,31.64036750793457,31.154743194580078,31.518962860107422,16.584308624267578,3265998
2007-12-03,31.257471084594727,31.808469772338867,31.07069206237793,31.556318283081055,16.603960037231445,2652546
2007-12-04,31.434911727905273,31.518962860107422,30.50101661682129,30.538372039794922,16.06835174560547,3435396
2007-12-05,30.883913040161133,30.883913040161133,30.015390396118164,30.42630386352539,16.009387969970703,4230561
2007-12-06,30.39828872680664,31.95789337158203,30.379610061645508,31.892520904541016,16.780866622924805,3746138
2007-12-07,31.892520904541016,32.452857971191406,31.677724838256836,32.238059997558594,16.962677001953125,3241584
2007-12-10,32.26607894897461,32.350128173828125,31.817808151245117,32.07929992675781,16.879140853881836,2585943
2007-12-11,32.06061935424805,32.16334915161133,30.557050704956055,30.557050704956055,16.07818031311035,3876238
2007-12-12,31.472267150878906,31.546979904174805,30.547710418701172,30.97730255126953,16.299306869506836,5060739
2007-12-13,30.883913040161133,31.434911727905273,30.351593017578125,31.332183837890625,16.48603057861328,5083012
2007-12-14,30.95862579345703,31.136064529418945,30.20216941833496,30.220848083496094,15.901278495788574,3682319
2007-12-17,30.146135330200195,30.72515106201172,29.352325439453125,29.567121505737305,15.557311058044434,5595275
2007-12-18,30.678455352783203,30.678455352783203,29.64183235168457,30.024730682373047,15.798089981079102,4808141
2007-12-19,30.267541885375977,30.342254638671875,29.66050910949707,29.72588348388672,15.64084529876709,2518377
2007-12-20,29.884645462036133,29.98737335205078,29.41769790649414,29.809934616088867,15.685070037841797,2569882
2007-12-21,30.099441528320312,31.28548812866211,30.043407440185547,30.902591705322266,16.259992599487305,4970686
2007-12-24,30.669116973876953,31.238792419433594,30.659778594970703,30.97730255126953,16.299306869506836,752868
2007-12-26,30.622421264648438,30.97730255126953,30.622421264648438,30.781185150146484,16.19611358642578,1496849
2007-12-27,30.603744506835938,30.771846771240234,30.360931396484375,30.39828872680664,15.994640350341797,1882117
2007-12-28,30.837217330932617,30.837217330932617,30.062084197998047,30.39828872680664,15.994640350341797,2324672
2007-12-31,30.267541885375977,30.43564224243164,30.052745819091797,30.239524841308594,15.911112785339355,2218022
2008-01-02,30.276880264282227,30.41696548461914,29.585798263549805,29.707204818725586,15.631017684936523,3133221
2008-01-03,29.97803497314453,30.74382972717285,29.791255950927734,30.51969337463379,16.05852508544922,5349744
2008-01-04,30.314237594604492,30.314237594604492,29.006784439086914,29.230918884277344,15.380411148071289,4636816
2008-01-07,29.464391708374023,29.669849395751953,28.885377883911133,28.96942710876465,15.242823600769043,3956011
2008-01-08,29.006784439086914,29.483070373535156,28.51181983947754,28.51181983947754,15.002047538757324,4894018
2008-01-09,28.605209350585938,28.95075035095215,28.016855239868164,28.95075035095215,15.232996940612793,4625573
2008-01-10,28.670581817626953,29.08149528503418,28.20363426208496,28.810665130615234,15.159285545349121,5309375
2008-01-11,28.502479553222656,29.342985153198242,28.43710708618164,28.96942710876465,15.242823600769043,4700956
2008-01-14,29.249597549438477,29.62315559387207,29.109512329101562,29.576459884643555,15.56222152709961,3477050
2008-01-15,29.268274307250977,29.342985153198242,28.595869064331055,28.7733097076416,15.139633178710938,2936197
2008-01-16,28.74529266357422,29.63249397277832,28.707937240600586,29.21224021911621,15.370594024658203,4051847
2008-01-17,29.240257263183594,29.361663818359375,28.026193618774414,28.09156608581543,14.78092098236084,4585097
2008-01-18,28.231651306152344,29.044139862060547,28.119583129882812,28.65190315246582,15.075750350952148,6192023
2008-01-22,27.21370506286621,29.324308395385742,25.691455841064453,28.885377883911133,15.198599815368652,6027122
2008-01-23,28.465124130249023,28.904054641723633,26.85882568359375,28.904054641723633,15.208427429199219,8270200
2008-01-24,29.361663818359375,29.585798263549805,28.41843032836914,29.40835952758789,15.473774909973145,4466668
2008-01-25,29.41769790649414,30.108779907226562,29.06281852722168,29.557781219482422,15.552392959594727,4719159
2008-01-28,29.539104461669922,29.65117073059082,28.72661590576172,29.146867752075195,15.336181640625,5901091
2008-01-29,29.576459884643555,29.97803497314453,29.053478240966797,29.87530517578125,15.719463348388672,4452213
2008-01-30,29.83795166015625,30.370271682739258,29.501747131347656,29.613815307617188,15.581880569458008,3471696
2008-01-31,29.08149528503418,30.40762710571289,29.08149528503418,30.07142448425293,15.82265853881836,3899153
2008-02-01,30.07142448425293,30.585067749023438,29.828611373901367,30.51969337463379,16.05852508544922,3086642
2008-02-04,30.63176155090332,30.74382972717285,30.043407440185547,30.127458572387695,15.85214614868164,1925912
2008-02-05,29.893983840942383,29.893983840942383,29.184223175048828,29.221580505371094,15.375499725341797,2858137
2008-02-06,29.445714950561523,29.697866439819336,28.72661590576172,28.87603759765625,15.193679809570312,2608216
2008-02-07,28.932071685791016,30.08076286315918,28.8480224609375,29.62315559387207,15.58679485321045,4407775
2008-02-08,29.399019241333008,30.099441528320312,29.30562973022461,29.73522186279297,15.645756721496582,3180978
2008-02-11,29.781917572021484,30.51969337463379,29.501747131347656,30.472999572753906,16.033960342407227,4389572
2008-02-12,30.72515106201172,31.28548812866211,30.622421264648438,31.136064529418945,16.38283920288086,5022512
2008-02-13,31.322843551635742,31.537639617919922,30.902591705322266,31.28548812866211,16.585832595825195,4062340
2008-02-14,31.360200881958008,31.528301239013672,30.174152374267578,30.29555892944336,16.06102752685547,4239983
2008-02-15,30.258203506469727,30.529033660888672,29.781917572021484,30.360931396484375,16.095685958862305,4015119
2008-02-19,30.65043830871582,30.96796417236328,30.258203506469727,30.463659286499023,16.150144577026367,3051199
2008-02-20,30.258203506469727,30.74382972717285,30.07142448425293,30.622421264648438,16.23430824279785,3416765
2008-02-21,30.50101661682129,30.874574661254883,30.323575973510742,30.370271682739258,16.100631713867188,4720872
2008-02-22,30.351593017578125,30.42630386352539,29.63249397277832,30.258203506469727,16.04122543334961,4201114
2008-02-25,30.239524841308594,31.033336639404297,30.034067153930664,31.005319595336914,16.437301635742188,3690350
2008-02-26,30.799863815307617,30.986642837524414,30.454320907592773,30.837217330932617,16.348186492919922,4302838
2008-02-27,30.585067749023438,31.164081573486328,30.388948440551758,31.014657974243164,16.442249298095703,3647626
2008-02-28,30.72515106201172,30.865234375,30.323575973510742,30.43564224243164,16.135284423828125,2453702
2008-02-29,30.164813995361328,30.174152374267578,29.445714950561523,29.604476928710938,15.694648742675781,3618715
2008-03-03,29.595138549804688,29.931339263916016,29.240257263183594,29.697866439819336,15.744160652160645,3794323
2008-03-04,29.97803497314453,30.052745819091797,29.342985153198242,29.74456024169922,15.768912315368652,6290535
2008-03-05,29.931339263916016,30.585067749023438,29.557781219482422,30.29555892944336,16.06102752685547,5896058
2008-03-06,30.20216941833496,30.276880264282227,29.76323890686035,29.912662506103516,15.858036041259766,4040925
2008-03-07,29.72588348388672,30.29555892944336,29.09083366394043,29.240257263183594,15.501564025878906,5301559
2008-03-10,29.156206130981445,29.240257263183594,28.502479553222656,28.679920196533203,15.204503059387207,5702353
2008-03-11,29.268274307250977,29.87530517578125,29.08149528503418,29.819272994995117,15.808523178100586,5938247
2008-03-12,29.819272994995117,30.51969337463379,29.371002197265625,30.034067153930664,15.922396659851074,4533378
2008-03-13,29.585798263549805,29.828611373901367,28.8480224609375,29.707204818725586,15.749113082885742,5022084
2008-03-14,29.893983840942383,30.482337951660156,29.044139862060547,30.127458572387695,15.971911430358887,6015772
2008-03-17,27.615280151367188,29.230918884277344,26.914859771728516,27.52189064025879,14.590582847595215,16090671
2008-03-18,27.568584442138672,28.147600173950195,26.373199462890625,26.8681640625,14.244009017944336,13771888
2008-03-19,26.9428768157959,27.167009353637695,25.626083374023438,25.626083374023438,13.585531234741211,10415302
2008-03-20,25.74748992919922,25.74748992919922,24.832271575927734,24.916322708129883,13.20925235748291,15431818
2008-03-24,25.23384666442871,25.485998153686523,24.99103546142578,25.187152862548828,13.352831840515137,14601318
2008-03-25,25.243186950683594,25.420625686645508,25.11244010925293,25.168474197387695,13.34292984008789,10258325
2008-03-26,25.140457153320312,25.691455841064453,25.140457153320312,25.67277717590332,13.610281944274902,9548823
2008-03-27,25.7941837310791,25.8875732421875,25.252525329589844,25.261863708496094,13.392440795898438,7823041
2008-03-28,25.429964065551758,25.467321395874023,25.065746307373047,25.168474197387695,13.34292984008789,5530492
2008-03-31,25.168474197387695,25.44864273071289,25.121780395507812,25.401948928833008,13.466703414916992,7628694
2008-04-01,25.728811264038086,26.391876220703125,25.65410041809082,26.345182418823242,13.966753959655762,11899408
2008-04-02,26.335844039916992,27.101638793945312,26.335844039916992,26.802791595458984,14.209357261657715,9896186
2008-04-03,26.75609588623047,26.933536529541016,26.616012573242188,26.849485397338867,14.234111785888672,5844874
2008-04-04,26.933536529541016,27.08296012878418,26.64402961730957,26.840147018432617,14.229166984558105,5142547
2008-04-07,26.9802303314209,27.22304344177246,26.700063705444336,26.7934513092041,14.204401016235352,6610806
2008-04-08,26.802791595458984,27.20436668395996,26.65336799621582,27.176349639892578,14.407397270202637,6715315
2008-04-09,27.279077529907227,27.42850112915039,26.074352264404297,26.30782699584961,13.946946144104004,7432954
2008-04-10,26.177080154418945,26.186420440673828,25.682117462158203,25.831539154052734,13.694451332092285,5568291
2008-04-11,25.644760131835938,25.644760131835938,25.31789779663086,25.383270263671875,13.456801414489746,5459071
2008-04-14,25.420625686645508,25.7941837310791,25.31789779663086,25.579389572143555,13.560774803161621,2879338
2008-04-15,25.78484535217285,25.97162437438965,25.31789779663086,25.485998153686523,13.511260986328125,4469667
2008-04-16,25.65410041809082,26.550640106201172,25.644760131835938,26.541301727294922,14.070734024047852,3773550
2008-04-17,25.95294761657715,26.261131286621094,25.7755069732666,26.177080154418945,13.877634048461914,4483266
2008-04-18,26.66270637512207,26.9428768157959,26.457250595092773,26.75609588623047,14.18459701538086,4885559
2008-04-21,26.66270637512207,26.718740463256836,26.289148330688477,26.634689331054688,14.120243072509766,3580059
2008-04-22,26.616012573242188,26.616012573242188,25.401948928833008,25.504676818847656,13.521171569824219,4126587
2008-04-23,25.66343879699707,25.906251907348633,25.261863708496094,25.598066329956055,13.570674896240234,3315576
2008-04-24,25.682117462158203,26.177080154418945,25.355253219604492,25.80352210998535,13.679596900939941,3253577
2008-04-25,25.9809627532959,26.419893264770508,25.65410041809082,26.30782699584961,13.946946144104004,2463017
2008-04-28,26.43857192993164,26.51328468322754,25.355253219604492,25.44864273071289,13.491458892822266,4469774
2008-04-29,25.476659774780273,25.607404708862305,25.21516990661621,25.504676818847656,13.521171569824219,3279169
2008-04-30,24.692188262939453,25.10310173034668,24.10383415222168,24.44003677368164,12.95674991607666,8831291
2008-05-01,24.374664306640625,24.617477416992188,24.10383415222168,24.468053817749023,12.971610069274902,4258722
2008-05-02,24.65483283996582,24.9816951751709,23.935733795166016,24.029123306274414,12.738906860351562,5412920
2008-05-05,24.029123306274414,24.253257751464844,23.74895477294922,23.99176788330078,12.719108581542969,4904619
2008-05-06,23.926393508911133,24.701526641845703,23.67424201965332,24.52408790588379,13.001311302185059,4681361
2008-05-07,24.486730575561523,24.636154174804688,24.01044464111328,24.141189575195312,12.798319816589355,3816702
2008-05-08,24.271934509277344,24.496070861816406,24.09449577331543,24.337308883666992,12.902292251586914,5548053
2008-05-09,24.10383415222168,24.54276466369629,23.97308921813965,24.11317253112793,12.783468246459961,5978615
2008-05-12,24.22524070739746,24.477392196655273,23.8890380859375,24.384002685546875,12.927046775817871,4458530
2008-05-13,24.496070861816406,24.496070861816406,24.21590232849121,24.374664306640625,12.922091484069824,4482623
2008-05-14,24.505409240722656,25.467321395874023,24.365325927734375,25.177814483642578,13.347884178161621,5443223
2008-05-15,25.345914840698242,25.822200775146484,25.196491241455078,25.7755069732666,13.664746284484863,9377819
2008-05-16,25.76616859436035,26.42923355102539,25.76616859436035,26.21443748474121,13.897445678710938,6485739
2008-05-19,26.167743682861328,26.896181106567383,26.149065017700195,26.419893264770508,14.006362915039062,4495258
2008-05-20,26.279809951782227,26.289148330688477,25.7755069732666,25.97162437438965,13.76871395111084,4072513
2008-05-21,25.9622859954834,26.139726638793945,25.196491241455078,25.289880752563477,13.528910636901855,4564966
2008-05-22,25.30855941772461,25.560710906982422,25.047067642211914,25.205829620361328,13.483953475952148,4780194
2008-05-23,25.177814483642578,25.31789779663086,24.514747619628906,24.738882064819336,13.234153747558594,3118123
2008-05-27,24.813594818115234,24.87896728515625,24.22524070739746,24.608137130737305,13.164205551147461,4104422
2008-05-28,24.720205307006836,25.280542373657227,24.24391746520996,25.075084686279297,13.413997650146484,8386166
2008-05-29,25.065746307373047,25.896913528442383,24.944339752197266,25.710134506225586,13.753726959228516,5707172
2008-05-30,25.710134506225586,25.850217819213867,25.364593505859375,25.420625686645508,13.59885311126709,3256468
2008-06-02,25.271202087402344,25.44864273071289,24.74822235107422,24.841611862182617,13.289108276367188,3557787
2008-06-03,24.87896728515625,24.944339752197266,24.281274795532227,24.682849884033203,13.204174995422363,4558649
2008-06-04,24.598798751831055,25.21516990661621,24.505409240722656,24.8883056640625,13.314085960388184,4543337
2008-06-05,25.00971221923828,25.289880752563477,24.729543685913086,25.252525329589844,13.508932113647461,8800452
2008-06-06,24.916322708129883,25.075084686279297,23.9637508392334,23.9824275970459,12.829483032226562,6332509
2008-06-09,23.954410552978516,24.09449577331543,23.160600662231445,23.45010757446289,12.544716835021973,5469993
2008-06-10,23.31936264038086,23.46878433227539,22.78704261779785,23.12324333190918,12.369860649108887,4857290
2008-06-11,23.00183868408203,23.356718063354492,22.833736419677734,23.039194107055664,12.324896812438965,3874846
2008-06-12,23.291345596313477,23.711597442626953,22.9831600189209,23.095226287841797,12.354873657226562,4785548
2008-06-13,23.375396728515625,23.7956485748291,23.263328552246094,23.478124618530273,12.559708595275879,4721622
2008-06-16,23.366056442260742,23.366056442260742,22.8897705078125,23.179277420043945,12.399839401245117,5380154
2008-06-17,23.347379684448242,23.45010757446289,23.067211151123047,23.12324333190918,12.369860649108887,3733610
2008-06-18,23.814327239990234,24.01044464111328,23.169939041137695,23.366056442260742,12.499755859375,5290744
2008-06-19,23.31936264038086,23.87969970703125,23.263328552246094,23.627548217773438,12.639642715454102,4614222
2008-06-20,23.562175750732422,23.627548217773438,22.749685287475586,22.861753463745117,12.229976654052734,5187841
2008-06-23,22.9831600189209,22.9831600189209,22.65629768371582,22.80571937561035,12.200002670288086,4010193
2008-06-24,22.75902557373047,22.7963809967041,22.180009841918945,22.282739639282227,11.9202299118042,4784263
2008-06-25,22.34811019897461,22.97382164001465,22.320093154907227,22.78704261779785,12.190007209777832,4491725
2008-06-26,22.55356788635254,22.55356788635254,21.88116455078125,21.88116455078125,11.705406188964844,6621728
2008-06-27,21.88116455078125,22.049264907836914,21.610334396362305,21.843807220458984,11.685420989990234,7602888
2008-06-30,21.853147506713867,22.189348220825195,21.66636848449707,21.759756088256836,11.640459060668945,6969305
2008-07-01,21.488927841186523,21.731740951538086,21.134048461914062,21.507606506347656,11.505568504333496,7868549
2008-07-02,22.039926528930664,22.180009841918945,21.02198028564453,21.03131866455078,11.25078010559082,8369569
2008-07-03,21.23677635192871,21.367521286010742,20.78850555419922,20.937929153442383,11.200820922851562,5127663
2008-07-07,21.059335708618164,21.45157241821289,20.78850555419922,20.919252395629883,11.190827369689941,5945207
2008-07-08,20.853879928588867,21.208759307861328,20.76982879638672,21.171403884887695,11.325715065002441,7005283
2008-07-09,21.162063598632812,21.722402572631836,21.162063598632812,21.264793395996094,11.375675201416016,7007210
2008-07-10,21.302148818969727,21.302148818969727,20.8165225982666,21.059335708618164,11.265771865844727,5214504
2008-07-11,20.7978458404541,20.919252395629883,20.312219619750977,20.54569435119629,10.990991592407227,5385080
2008-07-14,20.76049041748047,20.975284576416016,20.57370948791504,20.76982879638672,11.110889434814453,4381648
2008-07-15,20.648422241210938,20.919252395629883,20.228168487548828,20.601726531982422,11.02097225189209,5934392
2008-07-16,21.10603141784668,21.34884262084961,20.629743576049805,21.292810440063477,11.390666007995605,8115579
2008-07-17,21.24611473083496,21.80645179748535,21.078014373779297,21.713062286376953,11.615478515625,7358856
2008-07-18,21.759756088256836,22.0025691986084,21.526283264160156,21.834468841552734,11.680427551269531,6096937
2008-07-21,21.965213775634766,22.09596061706543,21.638351440429688,21.8905029296875,11.710403442382812,5695179
2008-07-22,21.77843475341797,22.422822952270508,21.610334396362305,22.422822952270508,11.995163917541504,7218048
2008-07-23,22.497535705566406,23.085887908935547,22.469518661499023,22.77770233154297,12.185012817382812,7224794
2008-07-24,22.67497444152832,22.843076705932617,21.937196731567383,21.965213775634766,11.750368118286133,5609302
2008-07-25,22.09596061706543,22.208026885986328,21.67570686340332,21.862485885620117,11.69541072845459,3944982
2008-07-28,21.80645179748535,22.039926528930664,21.442232131958008,21.45157241821289,11.47559642791748,4897231
2008-07-29,21.57297706604004,22.55356788635254,21.45157241821289,22.488195419311523,12.030138969421387,4741217
2008-07-30,22.609601974487305,23.11390495300293,22.45083999633789,22.712329864501953,12.150040626525879,5038360
2008-07-31,24.150529861450195,26.51328468322754,23.580852508544922,25.8875732421875,13.848648071289062,18290062
2008-08-01,26.074352264404297,27.493873596191406,26.055675506591797,26.634689331054688,14.248329162597656,17879523
2008-08-04,26.634689331054688,27.157670974731445,25.65410041809082,26.64402961730957,14.25331974029541,12579570
2008-08-05,26.700063705444336,26.85882568359375,26.149065017700195,26.466588973999023,14.15839958190918,7703220
2008-08-06,26.30782699584961,27.036264419555664,26.30782699584961,26.690723419189453,14.278301239013672,4869926
2008-08-07,26.466588973999023,26.578655242919922,25.915590286254883,26.046335220336914,13.933574676513672,8002183
2008-08-08,25.8875732421875,27.148332595825195,25.868896484375,27.045604705810547,14.468134880065918,5532206
2008-08-11,27.167009353637695,27.400484085083008,26.821468353271484,27.30709457397461,14.608030319213867,6020162
2008-08-12,27.195026397705078,28.175617218017578,26.99890899658203,27.110977172851562,14.50311279296875,5114600
2008-08-13,27.08296012878418,27.465856552124023,26.73741912841797,27.22304344177246,14.563058853149414,5636821
2008-08-14,26.503944396972656,27.138992309570312,26.382537841796875,26.76543426513672,14.442118644714355,4335069
2008-08-15,26.7747745513916,27.101638793945312,26.606672286987305,27.045604705810547,14.593292236328125,3879558
2008-08-18,27.07362174987793,27.22304344177246,26.29848861694336,26.485267639160156,14.290955543518066,4325967
2008-08-19,26.494606018066406,26.494606018066406,25.831539154052734,25.943607330322266,13.998682975769043,3195112
2008-08-20,26.139726638793945,26.195758819580078,25.392610549926758,25.7755069732666,13.907979965209961,3475229
2008-08-21,25.560710906982422,25.915590286254883,25.280542373657227,25.644760131835938,13.837431907653809,2473404
2008-08-22,25.822200775146484,26.149065017700195,25.579389572143555,25.850217819213867,13.948293685913086,2051408
2008-08-25,25.76616859436035,25.76616859436035,24.916322708129883,25.149797439575195,13.570353507995605,2600292
2008-08-26,25.485998153686523,25.570049285888672,25.21516990661621,25.467321395874023,13.741686820983887,3514634
2008-08-27,25.45798110961914,25.7941837310791,25.177814483642578,25.45798110961914,13.736641883850098,2955792
2008-08-28,25.45798110961914,26.485267639160156,25.355253219604492,26.42923355102539,14.26071548461914,4088575
2008-08-29,25.80352210998535,25.924930572509766,25.168474197387695,25.261863708496094,13.630827903747559,3923031
2008-09-02,25.383270263671875,26.09303092956543,24.86962890625,25.168474197387695,13.580434799194336,3457990
2008-09-03,25.22450828552246,26.578655242919922,25.22450828552246,26.31716537475586,14.200248718261719,7885896
2008-09-04,26.289148330688477,26.503944396972656,25.44864273071289,25.616743087768555,13.822314262390137,6045539
2008-09-05,25.43930435180664,26.76543426513672,25.056407928466797,26.587995529174805,14.346380233764648,8131641
2008-09-08,26.9615535736084,27.74602508544922,26.812129974365234,27.316434860229492,14.739437103271484,7708253
2008-09-09,27.21370506286621,27.689992904663086,26.65336799621582,26.65336799621582,14.381657600402832,10318824
2008-09-10,26.924198150634766,28.016855239868164,26.76543426513672,27.708669662475586,14.951077461242676,8736634
2008-09-11,27.344449996948242,28.30636215209961,26.99890899658203,28.231651306152344,15.233271598815918,8895324
2008-09-12,27.876771926879883,28.577192306518555,27.65263557434082,28.567853927612305,15.414682388305664,6751293
2008-09-15,27.923465728759766,29.016122817993164,27.587263107299805,27.914125442504883,15.061934471130371,8836538
2008-09-16,27.447179794311523,28.31570053100586,27.279077529907227,28.30636215209961,15.273581504821777,10088606
2008-09-17,27.465856552124023,27.718008041381836,26.23311424255371,26.279809951782227,14.180092811584473,8376208
2008-09-18,26.625350952148438,27.195026397705078,24.468053817749023,25.476659774780273,13.74673080444336,11059485
2008-09-19,26.597333908081055,27.727346420288086,23.76763153076172,27.00824737548828,14.573140144348145,9151134
2008-09-22,26.85882568359375,27.176349639892578,24.925661087036133,25.037729263305664,13.50988483428955,5975403
2008-09-23,25.476659774780273,26.53196144104004,25.336576461791992,25.467321395874023,13.741686820983887,8436493
2008-09-24,25.74748992919922,26.261131286621094,25.00037384033203,25.850217819213867,13.948293685913086,5644852
2008-09-25,26.130386352539062,26.73741912841797,25.868896484375,26.289148330688477,14.185126304626465,5548803
2008-09-26,26.00897979736328,27.129655838012695,25.9809627532959,26.373199462890625,14.23048210144043,8252746
2008-09-29,25.97162437438965,26.616012573242188,24.178546905517578,24.421358108520508,13.177305221557617,8964068
2008-09-30,25.084423065185547,25.084423065185547,23.945072174072266,24.44937515258789,13.192423820495605,5244165
2008-10-01,24.24391746520996,24.87896728515625,23.76763153076172,24.337308883666992,13.131954193115234,5337323
2008-10-02,24.11317253112793,24.570781707763672,23.53415870666504,23.720937728881836,12.79936695098877,5272862
2008-10-03,23.97308921813965,24.636154174804688,23.515480041503906,23.627548217773438,12.748983383178711,6217186
2008-10-06,23.31936264038086,23.53415870666504,21.834468841552734,22.955142974853516,12.3861665725708,7820792
2008-10-07,23.207294464111328,23.412752151489258,20.7978458404541,20.919252395629883,11.28763198852539,7771108
2008-10-08,20.54569435119629,21.54496192932129,19.705188751220703,20.190813064575195,10.89458179473877,11521957
2008-10-09,20.386930465698242,20.76982879638672,18.089548110961914,18.304344177246094,9.876681327819824,8347297
2008-10-10,17.69731330871582,18.911376953125,16.445894241333008,18.04285430908203,9.735584259033203,12423129
2008-10-13,18.752614974975586,20.23750877380371,18.23897361755371,19.68651008605957,10.622467041015625,7210874
2008-10-14,21.535621643066406,22.32943344116211,20.218830108642578,20.825862884521484,11.237248420715332,8394090
2008-10-15,20.424287796020508,20.46164321899414,16.81011390686035,16.968875885009766,9.156085968017578,10499894
2008-10-16,17.05292510986328,17.25838279724121,14.858271598815918,16.735401153564453,9.030107498168945,14929299
2008-10-17,16.333826065063477,17.47317886352539,16.14704704284668,16.8194522857666,9.075456619262695,8902070
2008-10-20,16.99689292907715,17.977481842041016,16.912841796875,17.958803176879883,9.690234184265137,6284003
2008-10-21,17.725330352783203,18.34170150756836,17.155654907226562,17.239704132080078,9.30221939086914,5910621
2008-10-22,16.763418197631836,16.875486373901367,14.484713554382324,15.054389953613281,8.123064994812012,8403941
2008-10-23,15.409270286560059,16.333826065063477,14.624797821044922,15.437287330627441,8.329671859741211,8877870
2008-10-24,14.634137153625488,15.76414966583252,14.344630241394043,14.98901653289795,8.08779239654541,7217834
2008-10-27,14.718188285827637,15.511999130249023,14.475375175476074,14.87695026397705,8.027323722839355,6536815
2008-10-28,15.269186019897461,16.0256404876709,15.026372909545898,15.950928688049316,8.606821060180664,10324285
2008-10-29,15.87621784210205,17.37044906616211,15.605387687683105,16.679367065429688,8.999871253967285,10595943
2008-10-30,17.277061462402344,17.594585418701172,14.98901653289795,15.941590309143066,8.601785659790039,10898654
2008-10-31,15.175795555114746,16.78209686279297,15.166457176208496,16.11903190612793,8.697526931762695,5420416
2008-11-03,15.689438819885254,15.782828330993652,14.98901653289795,15.259846687316895,8.233927726745605,5457465
2008-11-04,15.633404731750488,16.417877197265625,15.418608665466309,16.333826065063477,8.813425064086914,6620872
2008-11-05,16.231098175048828,16.231098175048828,14.998355865478516,15.110424041748047,8.153301239013672,5686613
2008-11-06,15.110424041748047,15.418608665466309,13.457428932189941,13.765615463256836,7.427664279937744,9144495
2008-11-07,13.765615463256836,14.288596153259277,13.466768264770508,13.896360397338867,7.498215675354004,7210124
2008-11-10,14.400663375854492,14.400663375854492,12.841058731079102,13.15858268737793,7.100124359130859,6817682
2008-11-11,13.055853843688965,13.065193176269531,12.131298065185547,12.616924285888672,6.807855129241943,6586928
2008-11-12,12.430145263671875,12.430145263671875,10.496981620788574,10.99194622039795,5.931046962738037,17439645
2008-11-13,11.047980308532715,12.9344482421875,10.767810821533203,12.859736442565918,7.089455604553223,17952015
2008-11-14,12.131298065185547,12.38344955444336,11.253437042236328,11.692366600036621,6.445895671844482,9864169
2008-11-17,11.496249198913574,11.692366600036621,10.805167198181152,10.842522621154785,5.977382659912109,7580508
2008-11-18,10.814505577087402,10.917234420776367,10.375575065612793,10.823844909667969,5.967087745666504,10023074
2008-11-19,10.879878997802734,11.178725242614746,10.431609153747559,10.459626197814941,5.766295433044434,7953569
2008-11-20,10.553014755249023,10.851861953735352,9.525731086730957,9.675153732299805,5.333823204040527,10906578
2008-11-21,9.983339309692383,10.422269821166992,9.525731086730957,10.32888126373291,5.694221019744873,8679454
2008-11-24,10.450286865234375,11.739062309265137,10.226152420043945,11.33748722076416,6.250250339508057,11528703
2008-11-25,11.486910820007324,11.739062309265137,10.749133110046387,11.33748722076416,6.250250339508057,8744879
2008-11-26,11.188063621520996,11.76707935333252,10.823844909667969,11.739062309265137,6.471639156341553,5409815
2008-11-28,11.673689842224121,12.028570175170898,11.486910820007324,11.626995086669922,6.409858226776123,2604468
2008-12-01,11.33748722076416,11.524266242980957,10.272847175598145,10.34755802154541,5.704514026641846,7743160
2008-12-02,10.56235408782959,10.982606887817383,10.38491439819336,10.879878997802734,5.997978210449219,7092659
2008-12-03,10.73045539855957,11.206742286682129,10.272847175598145,11.10401439666748,6.121541500091553,6528142
2008-12-04,10.926572799682617,11.33748722076416,10.198135375976562,10.403592109680176,5.735403060913086,7248030
2008-12-05,10.375575065612793,10.38491439819336,9.665815353393555,10.32888126373291,5.694221019744873,9574415
2008-12-08,10.534337043762207,11.533604621887207,10.50632095336914,11.421538352966309,6.296590805053711,8422037
2008-12-09,11.290793418884277,11.888484954833984,11.178725242614746,11.468233108520508,6.322333812713623,7142665
2008-12-10,11.580300331115723,12.318077087402344,11.580300331115723,12.103281021118164,6.672428131103516,5160108
2008-12-11,11.963196754455566,12.084603309631348,10.95458984375,11.12269115447998,6.131837844848633,5967800
2008-12-12,10.674422264099121,11.72972297668457,10.674422264099121,11.365504264831543,6.265698432922363,6579968
2008-12-15,11.673689842224121,11.77641773223877,11.225419998168945,11.440216064453125,6.306886672973633,6436911
2008-12-16,11.626995086669922,12.290060043334961,11.542943954467773,12.177992820739746,6.713615417480469,10074150
2008-12-17,12.12195873260498,12.588907241821289,11.785757064819336,12.290060043334961,6.775396347045898,7128102
2008-12-18,12.392788887023926,12.392788887023926,11.430876731872559,11.533604621887207,6.358371257781982,5394396
2008-12-19,11.664351463317871,11.869808197021484,11.094675064086914,11.430876731872559,6.3017377853393555,15170868
2008-12-22,11.449555397033691,11.51492691040039,10.627726554870605,10.89855670928955,6.008273601531982,6816397
2008-12-23,11.0012845993042,11.113351821899414,10.571693420410156,10.655743598937988,5.874415397644043,7608134
2008-12-24,10.693099975585938,10.795827865600586,10.609048843383789,10.665082931518555,5.879563808441162,1323703
2008-12-26,10.73979377746582,10.842522621154785,10.534337043762207,10.73045539855957,5.915602207183838,2267385
2008-12-29,10.823844909667969,10.973267555236816,10.468964576721191,10.674422264099121,5.884711742401123,4056772
2008-12-30,10.73045539855957,10.935912132263184,10.655743598937988,10.870539665222168,5.992827415466309,5636179
2008-12-31,10.861201286315918,11.188063621520996,10.805167198181152,11.019963264465332,6.075202941894531,5496013
2009-01-02,11.075997352600098,11.673689842224121,11.075997352600098,11.608317375183105,6.399559020996094,4737898
2009-01-05,11.664351463317871,11.673689842224121,11.12269115447998,11.206742286682129,6.178175449371338,8454910
2009-01-06,11.38418197631836,11.89782428741455,11.318808555603027,11.692366600036621,6.445895671844482,6067705
2009-01-07,11.617655754089355,11.664351463317871,10.814505577087402,10.907896041870117,6.013427734375,6327370
2009-01-08,10.749133110046387,11.13202953338623,10.272847175598145,11.085335731506348,6.111244201660156,9355975
2009-01-09,11.12269115447998,11.281454086303711,10.609048843383789,10.926572799682617,6.023719310760498,6465822
2009-01-12,10.917234420776367,10.99194622039795,10.375575065612793,10.468964576721191,5.771446704864502,4782550
2009-01-13,10.39425277709961,10.702439308166504,10.272847175598145,10.487643241882324,5.781740188598633,5339357
2009-01-14,10.34755802154541,10.34755802154541,9.815237998962402,9.973999977111816,5.498576641082764,5269971
2009-01-15,9.973999977111816,10.142101287841797,9.254900932312012,9.983339309692383,5.503725051879883,10055518
2009-01-16,10.272847175598145,10.375575065612793,9.73118782043457,10.17011833190918,5.606694221496582,7116538
2009-01-20,10.188796043395996,10.263507843017578,9.01208782196045,9.077461242675781,5.004322528839111,8535112
2009-01-21,9.441679954528809,9.983339309692383,9.264240264892578,9.955322265625,5.488278865814209,9302436
2009-01-22,10.086068153381348,10.39425277709961,9.675153732299805,10.067390441894531,5.550060749053955,10610720
2009-01-23,9.992677688598633,10.468964576721191,9.609781265258789,10.11408519744873,5.575804710388184,6891887
2009-01-26,10.207473754882812,10.683760643005371,9.805898666381836,10.020694732666016,5.524318218231201,4931496
2009-01-27,10.104745864868164,10.487643241882324,9.955322265625,10.422269821166992,5.745702266693115,5664340
2009-01-28,10.581031799316406,11.178725242614746,10.534337043762207,10.851861953735352,5.982532978057861,9683100
2009-01-29,10.861201286315918,10.861201286315918,9.815237998962402,9.824577331542969,5.416200160980225,7945860
2009-01-30,9.563085556030273,9.656476020812988,8.461090087890625,8.51712417602539,4.695414066314697,13557196
2009-02-02,8.246294021606445,8.246294021606445,7.162975788116455,7.555212020874023,4.165119171142578,23161165
2009-02-03,7.975464820861816,7.975464820861816,7.471160888671875,7.601906776428223,4.190861701965332,11224065
2009-02-04,7.760669231414795,7.779346942901611,7.284381866455078,7.377771854400635,4.067298889160156,8799917
2009-02-05,7.4338059425354,7.555212020874023,7.097602844238281,7.284381866455078,4.01581335067749,10647876
2009-02-06,7.4338059425354,7.66727876663208,7.424467086791992,7.471160888671875,4.118782043457031,10875739
2009-02-09,7.564550876617432,7.723312854766846,7.480500221252441,7.583229064941406,4.180563449859619,9333275
2009-02-10,7.601906776428223,7.601906776428223,7.06024694442749,7.228349208831787,3.98492169380188,18754032
2009-02-11,7.153636932373047,7.190992832183838,6.098334789276123,6.714705944061279,3.825312614440918,11167849
2009-02-12,6.518588066101074,6.836112976074219,6.462554931640625,6.808095932006836,3.8785159587860107,11450107
2009-02-13,6.621316909790039,6.7894182205200195,6.434537887573242,6.434537887573242,3.665703773498535,10635776
2009-02-17,6.313130855560303,6.313130855560303,6.032962799072266,6.088995933532715,3.4688520431518555,11875316
2009-02-18,6.098334789276123,6.294453144073486,5.855523109436035,6.042302131652832,3.442249298095703,11666299
2009-02-19,6.173047065734863,6.26643705368042,5.780810832977295,5.818167209625244,3.314563274383545,5885564
2009-02-20,5.743454933166504,5.846183776855469,5.407252788543701,5.715437889099121,3.2560391426086426,9762124
2009-02-23,5.790150165557861,5.790150165557861,5.351219177246094,5.36989688873291,3.059187412261963,6612734
2009-02-24,5.416592121124268,6.098334789276123,5.052372932434082,6.042302131652832,3.442249298095703,13393902
2009-02-25,6.014285087585449,6.032962799072266,5.547337055206299,5.622048854827881,3.2028353214263916,10222989
2009-02-26,5.864861965179443,5.930233955383301,5.379236221313477,5.44460916519165,3.101749897003174,9597544
2009-02-27,5.3138628005981445,5.6780829429626465,5.19245719909668,5.3138628005981445,3.027263641357422,11641242
2009-03-02,5.127083778381348,5.351219177246094,4.716170787811279,4.781542778015137,2.7240047454833984,11564360
2009-03-03,4.893610954284668,4.921627998352051,4.370628833770752,4.426662921905518,2.521833896636963,21778676
2009-03-04,4.529391765594482,4.529391765594482,4.211866855621338,4.323935031890869,2.4633097648620605,14796522
2009-03-05,4.277239799499512,4.277239799499512,3.8476479053497314,3.8943428993225098,2.2185752391815186,9323209
2009-03-06,3.9970710277557373,4.118477821350098,3.670207977294922,3.8196310997009277,2.176011323928833,7050149
2009-03-09,3.7729361057281494,4.155832767486572,3.7355809211730957,4.1091389656066895,2.340942144393921,10584057
2009-03-10,4.221206188201904,4.622780799865723,4.20252799987793,4.594764232635498,2.6175994873046875,10360478
2009-03-11,5.071051120758057,5.183117866516113,4.818899154663086,5.108407020568848,2.910217523574829,11880134
2009-03-12,5.201796054840088,5.519320011138916,5.071051120758057,5.472626209259033,3.117711067199707,9260783
2009-03-13,5.6033711433410645,5.920895099639893,5.547337055206299,5.7621331214904785,3.2826387882232666,8042659
2009-03-16,5.827506065368652,6.527926921844482,5.827506065368652,5.911555767059326,3.3677639961242676,13236389
2009-03-17,6.042302131652832,6.901484966278076,5.920895099639893,6.780078887939453,3.862555503845215,20542563
2009-03-18,6.836112976074219,7.303060054779053,6.527926921844482,7.256364822387695,4.1338911056518555,13552056
2009-03-19,7.415128231048584,7.461822032928467,6.854791164398193,6.929502010345459,3.947681427001953,10438859
2009-03-20,6.892146110534668,7.069585800170898,6.35982608795166,6.611978054046631,3.7667908668518066,10675181
2009-03-23,6.817434787750244,7.6392621994018555,6.6866888999938965,7.629922866821289,4.346704959869385,11387681
2009-03-24,7.2937211990356445,8.77861499786377,7.265704154968262,8.591835975646973,4.894698619842529,19712598
2009-03-25,8.722580909729004,8.815970420837402,7.2096710205078125,7.648601055145264,4.357345104217529,15760227
2009-03-26,7.900753021240234,8.274311065673828,7.685956954956055,7.816702842712402,4.453111171722412,15401836
2009-03-27,7.601906776428223,7.770008087158203,7.265704154968262,7.536533832550049,4.293501853942871,8455125
2009-03-30,7.237688064575195,7.237688064575195,6.798757076263428,6.901484966278076,3.9317188262939453,7703970
2009-03-31,6.96685791015625,7.153636932373047,6.527926921844482,6.57462215423584,3.7455074787139893,10276742
2009-04-01,6.537265777587891,7.050908088684082,6.350487232208252,6.994874954223633,3.984922170639038,8323204
2009-04-02,7.396450042724609,7.611246109008789,7.284381866455078,7.499177932739258,4.272218227386475,11105636
2009-04-03,7.611246109008789,7.611246109008789,7.097602844238281,7.4338059425354,4.234978675842285,7389373
2009-04-06,7.06024694442749,7.237688064575195,6.565282821655273,6.938840866088867,3.9530019760131836,9964823
2009-04-07,6.742722988128662,6.742722988128662,6.378503799438477,6.406520843505859,3.6497418880462646,7287113
2009-04-08,6.602639198303223,6.817434787750244,6.518588066101074,6.696028232574463,3.81467342376709,7591323
2009-04-09,7.050908088684082,7.321737766265869,6.892146110534668,7.303060054779053,4.160494804382324,6795945
2009-04-13,7.228349208831787,7.452483177185059,7.004213809967041,7.359094142913818,4.192415714263916,5184950
2009-04-14,7.312398910522461,7.312398910522461,6.696028232574463,6.742722988128662,3.841273307800293,7756117
2009-04-15,7.237688064575195,8.52646255493164,7.097602844238281,8.218276977539062,4.681883811950684,25910831
2009-04-16,8.489107131958008,8.52646255493164,7.844718933105469,8.17158317565918,4.655282020568848,14011744
2009-04-17,8.218276977539062,8.40505599975586,7.844718933105469,8.236954689025879,4.6925249099731445,11477734
2009-04-20,7.938108921051025,7.938108921051025,7.2096710205078125,7.247025966644287,4.1285719871521,8865449
2009-04-21,7.527194976806641,8.302328109741211,7.443143844604492,8.199600219726562,4.671245574951172,10172020
2009-04-22,8.311667442321777,9.432340621948242,8.311667442321777,8.815970420837402,5.022386074066162,14288970
2009-04-23,9.198866844177246,9.198866844177246,8.638529777526855,8.984070777893066,5.118151664733887,8804414
2009-04-24,9.0027494430542,10.319541931152344,9.0027494430542,10.142101287841797,5.777871131896973,14108115
2009-04-27,9.861932754516602,10.011356353759766,9.357629776000977,9.796560287475586,5.581020832061768,13377947
2009-04-28,9.50705337524414,9.973999977111816,9.50705337524414,9.72184944152832,5.538458824157715,7655249
2009-04-29,9.94598388671875,10.50632095336914,9.917966842651367,10.17945671081543,5.799153804779053,10483511
2009-04-30,11.318808555603027,12.131298065185547,11.010623931884766,11.823113441467285,6.73552942276001,17167023
2009-05-01,11.99121379852295,12.355433464050293,11.879145622253418,12.177992820739746,6.937705039978027,12214647
2009-05-04,12.411466598510742,13.522802352905273,12.32741641998291,13.214616775512695,7.528258323669434,19355813
2009-05-05,13.186599731445312,13.205278396606445,12.402128219604492,12.672957420349121,7.21967887878418,13918800
2009-05-06,12.9811429977417,13.317344665527344,12.700974464416504,13.065193176269531,7.4431304931640625,9294405
2009-05-07,13.270649909973145,13.476106643676758,12.093941688537598,12.318077087402344,7.017507076263428,10086357
2009-05-08,12.430145263671875,13.410735130310059,12.430145263671875,13.410735130310059,7.639985084533691,7789311
2009-05-11,13.728259086608887,13.728259086608887,12.72899055480957,13.074531555175781,7.448450565338135,8572697
2009-05-12,12.794363975524902,12.831720352172852,11.916501998901367,12.626262664794922,7.193078517913818,12332219
2009-05-13,12.028570175170898,12.075263977050781,10.637065887451172,11.262776374816895,6.416311740875244,10558573
2009-05-14,11.160046577453613,11.888484954833984,10.870539665222168,11.673689842224121,6.664219379425049,8226512
2009-05-15,11.757740020751953,12.234026908874512,11.393521308898926,11.664351463317871,6.658890247344971,7920375
2009-05-18,11.869808197021484,12.747669219970703,11.813774108886719,12.710312843322754,7.256004810333252,6983653
2009-05-19,12.794363975524902,13.578836441040039,12.486178398132324,13.36404037475586,7.629199028015137,10092568
2009-05-20,13.49478530883789,14.381985664367676,13.055853843688965,13.139904975891113,7.501246929168701,10720689
2009-05-21,12.869074821472168,13.242632865905762,12.579567909240723,13.027837753295898,7.437269687652588,7808906
2009-05-22,13.102548599243164,13.690902709960938,13.027837753295898,13.36404037475586,7.629199028015137,5015873
2009-05-26,13.093210220336914,14.073800086975098,13.083870887756348,13.97107219696045,7.975738048553467,8363466
2009-05-27,14.139172554016113,14.195206642150879,12.794363975524902,12.869074821472168,7.346635818481445,9723040
2009-05-28,13.167922019958496,13.448089599609375,12.738329887390137,13.32668399810791,7.607874870300293,6760609
2009-05-29,13.485445976257324,13.532140731811523,13.055853843688965,13.420074462890625,7.661188125610352,6083981
2009-06-01,13.644207954406738,13.97107219696045,13.550819396972656,13.644207954406738,7.7891387939453125,8283050
2009-06-02,13.672224998474121,13.802970886230469,13.448089599609375,13.50412368774414,7.709168910980225,7606421
2009-06-03,13.308006286621094,13.50412368774414,12.859736442565918,13.102548599243164,7.479917526245117,6692293
2009-06-04,13.167922019958496,13.728259086608887,12.869074821472168,13.662885665893555,7.799801349639893,5764673
2009-06-05,13.868343353271484,13.961732864379883,13.074531555175781,13.522802352905273,7.719832897186279,6792840
2009-06-08,13.261310577392578,13.943055152893066,13.027837753295898,13.746936798095703,7.847784996032715,7759972
2009-06-09,13.849664688110352,14.036443710327148,13.130565643310547,13.644207954406738,7.7891387939453125,10122014
2009-06-10,13.821647644042969,14.802238464355469,13.821647644042969,14.699509620666504,8.391583442687988,11602159
2009-06-11,14.74620532989502,14.904967308044434,14.410001754760742,14.512730598449707,8.284956932067871,8316137
2009-06-12,14.391324043273926,14.802238464355469,14.017765998840332,14.764883041381836,8.42890453338623,6103469
2009-06-15,14.475375175476074,14.550086975097656,14.083139419555664,14.167189598083496,8.08769702911377,7155086
2009-06-16,14.288596153259277,14.400663375854492,13.36404037475586,13.774953842163086,7.863780498504639,9656544
2009-06-17,13.102548599243164,13.233293533325195,12.476839065551758,12.925108909606934,7.378620624542236,12512968
2009-06-18,12.9344482421875,13.429411888122559,12.841058731079102,13.214616775512695,7.543896198272705,7453727
2009-06-19,13.522802352905273,13.634868621826172,12.76634693145752,12.841058731079102,7.3306403160095215,11351167
2009-06-22,12.560890197753906,12.560890197753906,11.673689842224121,11.701705932617188,6.680212020874023,9940730
2009-06-23,11.533604621887207,12.467499732971191,11.449555397033691,12.215349197387695,6.973440647125244,17599192
2009-06-24,12.346094131469727,13.410735130310059,12.318077087402344,13.037176132202148,7.442598819732666,12621973
2009-06-25,12.925108909606934,13.513463020324707,12.841058731079102,13.476106643676758,7.693172931671143,7300927
2009-06-26,13.270649909973145,13.429411888122559,12.850397109985352,13.037176132202148,7.442598819732666,7120928
2009-06-29,13.065193176269531,13.644207954406738,12.953125953674316,13.466768264770508,7.6878437995910645,9093740
2009-06-30,13.625530242919922,14.475375175476074,13.616191864013672,14.129834175109863,8.066368103027344,12307591
2009-07-01,14.213884353637695,14.848933219909668,14.213884353637695,14.288596153259277,8.157003402709961,6819395
2009-07-02,14.008426666259766,14.419341087341309,13.774953842163086,13.859004020690918,7.911763668060303,6821965
2009-07-06,13.625530242919922,13.999089241027832,13.476106643676758,13.774953842163086,7.863780498504639,4982572
2009-07-07,13.700242042541504,13.774953842163086,13.037176132202148,13.065193176269531,7.458591461181641,6725594
2009-07-08,13.130565643310547,13.485445976257324,12.906431198120117,13.298666954040527,7.591879367828369,7730846
2009-07-09,13.476106643676758,13.737598419189453,13.14924430847168,13.550819396972656,7.735826015472412,6104968
2009-07-10,13.308006286621094,13.765615463256836,13.074531555175781,13.71891975402832,7.831789016723633,5251874
2009-07-13,13.700242042541504,13.905698776245117,13.205278396606445,13.849664688110352,7.906429290771484,6120494
2009-07-14,13.915038108825684,14.223222732543945,13.662885665893555,14.223222732543945,8.119685173034668,5662948
2009-07-15,14.475375175476074,15.035712242126465,14.475375175476074,14.970338821411133,8.546197891235352,7800233
2009-07-16,14.942322731018066,15.231829643249512,14.74620532989502,15.073067665100098,8.604841232299805,6613376
2009-07-17,15.054389953613281,15.502659797668457,14.970338821411133,15.175795555114746,8.663485527038574,7107971
2009-07-20,15.390591621398926,15.726795196533203,15.222491264343262,15.399930953979492,8.791439056396484,9342162
2009-07-21,16.212419509887695,16.79143524169922,15.988285064697266,16.389860153198242,9.356562614440918,14600140
2009-07-22,16.091014862060547,16.772756576538086,16.091014862060547,16.520605087280273,9.431201934814453,7814475
2009-07-23,16.81011390686035,17.36111068725586,16.492589950561523,16.959535598754883,9.681778907775879,9459306
2009-07-24,16.8194522857666,17.510534286499023,16.8194522857666,17.48251724243164,9.980334281921387,7957638
2009-07-27,17.501195907592773,17.631940841674805,16.99689292907715,17.277061462402344,9.863046646118164,9735889
2009-07-28,17.174331665039062,17.58524513244629,16.69804573059082,17.193010330200195,9.815061569213867,7589931
2009-07-29,17.12763786315918,17.435823440551758,16.595317840576172,17.174331665039062,9.804397583007812,9589406
2009-07-30,17.753347396850586,18.27632713317871,17.379789352416992,17.501195907592773,9.99100112915039,11791795
2009-07-31,17.407806396484375,17.986820220947266,17.407806396484375,17.56656837463379,10.028316497802734,9011504
2009-08-03,17.874753952026367,18.164260864257812,17.71599006652832,17.8187198638916,10.172263145446777,9077357
2009-08-04,17.69731330871582,18.528480529785156,17.68797492980957,18.509801864624023,10.566783905029297,10614575
2009-08-05,18.547157287597656,18.631208419799805,18.117565155029297,18.407073974609375,10.508140563964844,7113111
2009-08-06,18.547157287597656,18.640546798706055,17.856075286865234,18.13624382019043,10.353530883789062,8123075
2009-08-07,18.55649757385254,19.088817596435547,18.210956573486328,18.846004486083984,10.758716583251953,8737276
2009-08-10,18.407073974609375,18.49112319946289,18.052194595336914,18.285667419433594,10.438833236694336,8188499
2009-08-11,18.220294952392578,18.313684463500977,17.753347396850586,18.070871353149414,10.316211700439453,6414746
2009-08-12,18.500463485717773,19.088817596435547,18.379056930541992,18.8179874420166,10.742718696594238,10096636
2009-08-13,19.0047664642334,19.527748107910156,18.78063201904297,19.434358596801758,11.10837173461914,10460810
2009-08-14,19.518409729003906,19.611797332763672,17.631940841674805,18.668563842773438,10.670656204223633,8740703
2009-08-17,18.01483726501465,18.369718551635742,17.622602462768555,18.089548110961914,10.33970832824707,9255107
2009-08-18,18.192277908325195,18.584514617919922,17.958803176879883,18.463106155395508,10.55322265625,7643685
2009-08-19,17.977481842041016,18.8366641998291,17.631940841674805,18.80864906311035,10.750730514526367,8125537
2009-08-20,18.8179874420166,19.144851684570312,18.631208419799805,18.864681243896484,10.782752990722656,5593347
2009-08-21,19.107494354248047,19.929323196411133,19.107494354248047,19.77989959716797,11.305880546569824,8573767
2009-08-24,19.9853572845459,20.24684715270996,19.378324508666992,19.499731063842773,11.14574146270752,10056589
2009-08-25,19.658493041992188,20.209491729736328,19.574443817138672,20.050729751586914,11.460680961608887,8853885
2009-08-26,19.966678619384766,20.536354064941406,19.611797332763672,20.04138946533203,11.455342292785645,8879583
2009-08-27,20.190813064575195,20.937929153442383,19.966678619384766,20.825862884521484,11.90373420715332,9070718
2009-08-28,21.01264190673828,21.33950424194336,20.77916717529297,20.90057373046875,11.946439743041992,6992434
2009-08-31,20.629743576049805,21.47024917602539,20.172136306762695,21.432893753051758,12.250706672668457,11244731
2009-09-01,21.34884262084961,21.8905029296875,20.284202575683594,20.358915328979492,11.636837005615234,10890837
2009-09-02,20.349576950073242,20.67643928527832,19.8172550201416,20.45230484008789,11.690218925476074,6499338
2009-09-03,20.704456329345703,20.909912109375,20.060068130493164,20.67643928527832,11.818328857421875,7929905
2009-09-04,20.648422241210938,21.049997329711914,20.45230484008789,20.956607818603516,11.978469848632812,5547411
2009-09-08,21.34884262084961,21.619672775268555,21.03131866455078,21.600994110107422,12.346790313720703,7206269
2009-09-09,21.56363868713379,21.9838924407959,21.432893753051758,21.80645179748535,12.464226722717285,6246418
2009-09-10,21.750417709350586,22.33877182006836,21.498266220092773,22.292078018188477,12.741802215576172,6398256
2009-09-11,22.478857040405273,22.618940353393555,21.834468841552734,21.918519973754883,12.528278350830078,7341188
2009-09-14,21.638351440429688,22.581584930419922,21.629011154174805,22.56290626525879,12.896608352661133,6719598
2009-09-15,22.618940353393555,23.478124618530273,22.572246551513672,23.282005310058594,13.307628631591797,8317743
2009-09-16,22.945804595947266,23.627548217773438,22.646957397460938,23.459447860717773,13.409052848815918,11047707
2009-09-17,23.403413772583008,23.571514129638672,22.478857040405273,22.506872177124023,12.864578247070312,9409621
2009-09-18,22.600263595581055,22.712329864501953,21.591655731201172,21.610334396362305,12.352129936218262,13877254
2009-09-21,21.516944885253906,21.516944885253906,20.648422241210938,21.180742263793945,12.106579780578613,10271174
2009-09-22,21.292810440063477,21.722402572631836,21.03131866455078,21.34884262084961,12.202664375305176,8147488
2009-09-23,21.46091079711914,21.713062286376953,21.049997329711914,21.059335708618164,12.037186622619629,5242451
2009-09-24,21.10603141784668,21.199420928955078,19.845272064208984,19.948001861572266,11.401968955993652,8026490
2009-09-25,19.78923988342285,20.498998641967773,19.425018310546875,20.274864196777344,11.588796615600586,7892428
2009-09-28,20.46164321899414,20.881895065307617,20.228168487548828,20.704456329345703,11.83434009552002,6219221
2009-09-29,20.78850555419922,21.55430030822754,20.713794708251953,21.264793395996094,12.154621124267578,7051862
2009-09-30,21.442232131958008,21.479589462280273,20.45230484008789,20.76049041748047,11.86636734008789,6502336
2009-10-01,20.78850555419922,21.02198028564453,19.938661575317383,19.938661575317383,11.396625518798828,7132813
2009-10-02,19.490392684936523,20.302881240844727,19.03278350830078,19.97601890563965,11.417977333068848,7995865
2009-10-05,20.181474685668945,20.66710090637207,19.854610443115234,20.33089828491211,11.620826721191406,5925612
2009-10-06,20.648422241210938,20.90057373046875,20.377592086791992,20.695117950439453,11.829004287719727,6859335
2009-10-07,20.639083862304688,20.751150131225586,20.24684715270996,20.386930465698242,11.652851104736328,4297270
2009-10-08,20.55503273010254,21.99323081970215,20.55503273010254,21.703723907470703,12.405508995056152,7991903
2009-10-09,21.67570686340332,21.80645179748535,21.367521286010742,21.647689819335938,12.373476028442383,3836619
2009-10-12,21.80645179748535,22.11463737487793,21.619672775268555,21.825130462646484,12.474905014038086,3027213
2009-10-13,21.8157901763916,22.067943572998047,21.432893753051758,21.99323081970215,12.5709867477417,4378222
2009-10-14,22.254722595214844,22.824398040771484,22.142654418945312,22.78704261779785,13.024714469909668,5263332
2009-10-15,22.65629768371582,23.720937728881836,22.376127243041992,23.65556526184082,13.521147727966309,14117002
2009-10-16,23.524818420410156,23.53415870666504,22.46017837524414,22.56290626525879,12.896608352661133,7716498
2009-10-19,22.581584930419922,23.085887908935547,22.488195419311523,23.048532485961914,13.174175262451172,6385942
2009-10-20,22.413484573364258,23.029855728149414,22.413484573364258,22.749685287475586,13.003365516662598,6406608
2009-10-21,22.628280639648438,23.151260375976562,22.086620330810547,22.198688507080078,12.6884183883667,4394498
2009-10-22,22.273399353027344,22.8897705078125,21.741079330444336,22.76836395263672,13.014042854309082,6878181
2009-10-23,22.843076705932617,22.861753463745117,21.80645179748535,22.151992797851562,12.661728858947754,5616583
2009-10-26,22.10529899597168,22.600263595581055,21.34884262084961,21.423555374145508,12.245368003845215,4868748
2009-10-27,21.376859664916992,21.750417709350586,21.10603141784668,21.134048461914062,12.079889297485352,5380047
2009-10-28,21.68504524230957,21.77843475341797,19.733205795288086,20.386930465698242,11.652851104736328,19394896
2009-10-29,20.76049041748047,21.843807220458984,20.76049041748047,21.703723907470703,12.405508995056152,7317310
2009-10-30,21.713062286376953,21.713062286376953,20.424287796020508,20.835201263427734,11.909074783325195,7002927
2009-11-02,21.03131866455078,21.54496192932129,20.46164321899414,21.078014373779297,12.047863006591797,6214616
2009-11-03,20.8165225982666,21.657028198242188,20.80718421936035,21.516944885253906,12.298748970031738,5710384
2009-11-04,21.629011154174805,22.385467529296875,21.33016586303711,21.423555374145508,12.245368003845215,5575037
2009-11-05,21.638351440429688,22.413484573364258,21.582317352294922,22.264060974121094,12.725788116455078,5191696
2009-11-06,21.77843475341797,22.422822952270508,21.759756088256836,22.376127243041992,12.78984260559082,4247800
2009-11-09,22.637619018554688,23.44076919555664,22.581584930419922,23.32870101928711,13.334321975708008,6325871
2009-11-10,23.188617706298828,23.43143081665039,22.88043212890625,23.263328552246094,13.296953201293945,4385824
2009-11-11,23.487462997436523,23.711597442626953,23.057872772216797,23.31936264038086,13.328980445861816,4362053
2009-11-12,23.244651794433594,23.53415870666504,22.646957397460938,22.824398040771484,13.059144973754883,3908897
2009-11-13,23.076549530029297,23.43143081665039,22.824398040771484,23.169939041137695,13.256848335266113,3120800
2009-11-16,23.45010757446289,24.066478729248047,23.347379684448242,23.720937728881836,13.572105407714844,5876570
2009-11-17,23.65556526184082,23.720937728881836,23.076549530029297,23.524818420410156,13.459897994995117,5030864
2009-11-18,23.562175750732422,23.917055130004883,23.197956085205078,23.851682662963867,13.646913528442383,4581778
2009-11-19,23.580852508544922,23.68358039855957,22.99249839782715,23.310022354125977,13.336996078491211,5581997
2009-11-20,22.88043212890625,23.412752151489258,22.833736419677734,23.244651794433594,13.299592018127441,4449215
2009-11-23,23.580852508544922,23.954410552978516,23.244651794433594,23.55283546447754,13.475926399230957,5042536
2009-11-24,23.496801376342773,23.75829315185547,23.347379684448242,23.478124618530273,13.43317985534668,4789081
2009-11-25,23.590192794799805,24.20656394958496,23.375396728515625,23.97308921813965,13.716379165649414,3733074
2009-11-27,23.253990173339844,23.55283546447754,22.936464309692383,23.207294464111328,13.278223991394043,2115441
2009-11-30,23.160600662231445,23.842344284057617,23.057872772216797,23.76763153076172,13.598821640014648,4733187
2009-12-01,24.09449577331543,24.850950241088867,24.075817108154297,24.290613174438477,13.89804744720459,9095025
2009-12-02,24.262596130371094,24.65483283996582,24.131851196289062,24.290613174438477,13.89804744720459,6366989
2009-12-03,24.30929183959961,24.580120086669922,23.76763153076172,23.7956485748291,13.61484432220459,7064497
2009-12-04,24.355985641479492,25.21516990661621,23.66490364074707,24.150529861450195,13.81789779663086,6740585
2009-12-07,24.00110626220703,24.365325927734375,23.917055130004883,24.187885284423828,13.83927059173584,5563365
2009-12-08,24.019784927368164,24.412019729614258,23.76763153076172,24.038461685180664,13.753780364990234,5628897
2009-12-09,24.047800064086914,24.514747619628906,23.842344284057617,24.477392196655273,14.004913330078125,5856867
2009-12-10,24.645492553710938,24.67350959777832,24.00110626220703,24.066478729248047,13.769807815551758,4643134
2009-12-11,24.197223663330078,24.365325927734375,23.599531173706055,24.085155487060547,13.780494689941406,3964257
2009-12-14,24.159868240356445,24.701526641845703,23.89837646484375,24.598798751831055,14.074378967285156,4052061
2009-12-15,24.598798751831055,24.832271575927734,24.32796859741211,24.402681350708008,13.962169647216797,3145856
2009-12-16,24.44937515258789,25.140457153320312,24.44937515258789,24.720205307006836,14.143839836120605,5129270
2009-12-17,24.365325927734375,24.906984329223633,24.22524070739746,24.45871353149414,13.994226455688477,4543229
2009-12-18,24.496070861816406,24.953678131103516,24.290613174438477,24.897645950317383,14.245370864868164,7180356
2009-12-21,25.037729263305664,25.635421752929688,25.00037384033203,25.22450828552246,14.43238353729248,3844007
2009-12-22,25.383270263671875,25.67277717590332,25.21516990661621,25.588727951049805,14.64077377319336,2769369
2009-12-23,25.598066329956055,25.95294761657715,25.45798110961914,25.831539154052734,14.779694557189941,2184185
2009-12-24,25.859556198120117,25.915590286254883,25.514015197753906,25.635421752929688,14.667486190795898,895175
2009-12-28,25.67277717590332,25.850217819213867,25.243186950683594,25.476659774780273,14.57665729522705,1814336
2009-12-29,25.551372528076172,25.840879440307617,25.252525329589844,25.420625686645508,14.544598579406738,1705438
2009-12-30,25.289880752563477,25.52335548400879,25.159135818481445,25.429964065551758,14.549932479858398,2903645
2009-12-31,25.392610549926758,25.598066329956055,25.00971221923828,25.00971221923828,14.309491157531738,1589900
2010-01-04,25.392610549926758,25.635421752929688,25.252525329589844,25.383270263671875,14.523211479187012,4260864
2010-01-05,25.373931884765625,26.569316864013672,25.22450828552246,26.279809951782227,15.036187171936035,5543449
2010-01-06,25.822200775146484,26.718740463256836,25.80352210998535,25.9809627532959,14.865191459655762,6193308
2010-01-07,25.840879440307617,25.868896484375,24.906984329223633,24.99103546142578,14.298789024353027,7470860
2010-01-08,24.99103546142578,25.243186950683594,24.496070861816406,25.149797439575195,14.38963794708252,4851722
2010-01-11,25.43930435180664,25.43930435180664,24.617477416992188,24.850950241088867,14.218650817871094,4712949
2010-01-12,24.54276466369629,25.700794219970703,24.54276466369629,24.916322708129883,14.256056785583496,8576873
2010-01-13,24.9816951751709,25.23384666442871,24.636154174804688,24.860288619995117,14.22398853302002,3926993
2010-01-14,24.822933197021484,24.841611862182617,24.365325927734375,24.496070861816406,14.015596389770508,3486473
2010-01-15,24.45871353149414,24.804256439208984,24.00110626220703,24.355985641479492,13.935453414916992,5188270
2010-01-19,24.393341064453125,25.205829620361328,24.20656394958496,25.177814483642578,14.405669212341309,4885987
2010-01-20,24.860288619995117,25.01905059814453,24.23457908630371,24.54276466369629,14.042320251464844,3811349
2010-01-21,24.645492553710938,24.729543685913086,22.824398040771484,22.833736419677734,13.064489364624023,8063325
2010-01-22,22.917787551879883,23.366056442260742,22.22670555114746,22.815059661865234,13.053796768188477,9198784
2010-01-25,23.422090530395508,23.739614486694336,22.833736419677734,22.88043212890625,13.091200828552246,5236669
2010-01-26,22.637619018554688,23.253990173339844,22.600263595581055,22.852415084838867,13.075174331665039,4677613
2010-01-27,22.731008529663086,22.740346908569336,21.600994110107422,22.301416397094727,12.759910583496094,8151986
2010-01-28,22.44150161743164,22.44150161743164,21.134048461914062,21.54496192932129,12.327106475830078,7227792
2010-01-29,21.731740951538086,21.974552154541016,21.311487197875977,21.395538330078125,12.241609573364258,4519886
2010-02-01,21.703723907470703,22.34811019897461,21.479589462280273,22.320093154907227,12.770601272583008,5945100
2010-02-02,22.357450485229492,22.712329864501953,22.086620330810547,22.432161331176758,12.834720611572266,6866509
2010-02-03,21.190080642700195,21.703723907470703,20.657760620117188,21.171403884887695,12.113369941711426,16342734
2010-02-04,21.264793395996094,21.264793395996094,20.405609130859375,20.68577766418457,11.835517883300781,10457812
2010-02-05,20.68577766418457,21.227436065673828,20.228168487548828,21.171403884887695,12.113369941711426,12659237
2010-02-08,21.10603141784668,21.526283264160156,20.66710090637207,21.02198028564453,12.027877807617188,7994473
2010-02-09,21.34884262084961,21.759756088256836,21.01264190673828,21.404876708984375,12.246954917907715,7232611
2010-02-10,21.395538330078125,21.488927841186523,20.592388153076172,20.928590774536133,11.974445343017578,6389261
2010-02-11,20.80718421936035,21.162063598632812,20.704456329345703,20.8912353515625,11.96642017364502,7353074
2010-02-12,20.723133087158203,21.10603141784668,20.24684715270996,21.078014373779297,12.073406219482422,7121142
2010-02-16,21.264793395996094,22.55356788635254,21.264793395996094,22.506872177124023,12.891851425170898,10960866
2010-02-17,22.46017837524414,22.852415084838867,21.99323081970215,22.142654418945312,12.6832275390625,6404145
2010-02-18,22.0025691986084,22.833736419677734,21.955875396728516,22.628280639648438,12.961393356323242,5073696
2010-02-19,22.44150161743164,22.964481353759766,22.273399353027344,22.646957397460938,12.972089767456055,4881490
2010-02-22,22.65629768371582,22.824398040771484,21.77843475341797,22.404144287109375,12.8330078125,5761782
2010-02-23,22.432161331176758,23.23531150817871,22.292078018188477,22.422822952270508,12.843705177307129,7499343
2010-02-24,22.422822952270508,22.702991485595703,22.198688507080078,22.320093154907227,12.784859657287598,4278317
2010-02-25,22.12397575378418,22.44150161743164,21.750417709350586,22.310754776000977,12.779512405395508,5584995
2010-02-26,22.310754776000977,22.385467529296875,21.591655731201172,21.638351440429688,12.394364356994629,7168363
2010-03-01,21.853147506713867,22.609601974487305,21.759756088256836,22.581584930419922,12.934645652770996,6373949
2010-03-02,22.76836395263672,23.496801376342773,21.955875396728516,23.375396728515625,13.389339447021484,9235833
2010-03-03,23.45010757446289,23.907716751098633,23.263328552246094,23.53415870666504,13.480268478393555,6673447
2010-03-04,23.65556526184082,23.814327239990234,22.955142974853516,23.32870101928711,13.362586975097656,4713805
2010-03-05,23.524818420410156,23.833005905151367,23.412752151489258,23.67424201965332,13.560518264770508,6443336
2010-03-08,23.67424201965332,23.739614486694336,23.310022354125977,23.580852508544922,13.507022857666016,4725584
2010-03-09,23.487462997436523,23.75829315185547,23.272668838500977,23.43143081665039,13.421429634094238,6242671
2010-03-10,23.412752151489258,23.823665618896484,23.23531150817871,23.45010757446289,13.432129859924316,5179168
2010-03-11,23.347379684448242,23.55283546447754,23.151260375976562,23.53415870666504,13.480268478393555,6316876
2010-03-12,23.76763153076172,24.01044464111328,23.580852508544922,23.66490364074707,13.555166244506836,6579968
2010-03-15,23.55283546447754,23.618209838867188,23.10456657409668,23.263328552246094,13.325149536132812,5149186
2010-03-16,23.45010757446289,23.814327239990234,23.375396728515625,23.702259063720703,13.576562881469727,8511341
2010-03-17,23.7956485748291,25.485998153686523,23.7956485748291,25.23384666442871,14.453849792480469,16744813
2010-03-18,25.084423065185547,25.205829620361328,24.412019729614258,24.67350959777832,14.132889747619629,7482210
2010-03-19,24.11317253112793,24.9630184173584,24.038461685180664,24.11317253112793,13.811931610107422,7377059
2010-03-22,24.10383415222168,24.43069839477539,23.861021041870117,24.32796859741211,13.934967041015625,8632232
2010-03-23,24.32796859741211,24.468053817749023,24.09449577331543,24.43069839477539,13.993807792663574,9530085
2010-03-24,24.374664306640625,24.720205307006836,24.11317253112793,24.477392196655273,14.020554542541504,9816412
2010-03-25,24.74822235107422,24.822933197021484,23.54349708557129,23.54349708557129,13.485623359680176,8415184
2010-03-26,23.702259063720703,23.935733795166016,23.300683975219727,23.33803939819336,13.367937088012695,9744027
2010-03-29,23.571514129638672,23.7956485748291,23.403413772583008,23.487462997436523,13.453526496887207,6969840
2010-03-30,23.571514129638672,23.833005905151367,23.253990173339844,23.590192794799805,13.512371063232422,4509393
2010-03-31,23.45010757446289,23.459447860717773,22.908447265625,22.9831600189209,13.164670944213867,5999710
2010-04-01,23.188617706298828,23.618209838867188,23.188617706298828,23.571514129638672,13.501673698425293,6695505
2010-04-05,23.692920684814453,23.87969970703125,23.53415870666504,23.814327239990234,13.640754699707031,6305633
2010-04-06,23.64622688293457,24.21590232849121,23.53415870666504,24.197223663330078,13.860074996948242,8428676
2010-04-07,24.32796859741211,25.52335548400879,24.32796859741211,25.22450828552246,14.448501586914062,15244752
2010-04-08,25.028390884399414,25.67277717590332,24.729543685913086,25.607404708862305,14.667826652526855,8415827
2010-04-09,25.607404708862305,25.868896484375,25.252525329589844,25.65410041809082,14.694570541381836,5611765
2010-04-12,25.7941837310791,25.7941837310791,25.159135818481445,25.345914840698242,14.518044471740723,6496661
2010-04-13,25.280542373657227,25.504676818847656,25.084423065185547,25.429964065551758,14.566187858581543,6266442
2010-04-14,25.616743087768555,26.289148330688477,25.616743087768555,26.242454528808594,15.031578063964844,5772704
2010-04-15,26.08369255065918,26.587995529174805,25.9809627532959,26.242454528808594,15.031578063964844,6081196
2010-04-16,26.09303092956543,26.690723419189453,25.635421752929688,26.00897979736328,14.89784049987793,8919309
2010-04-19,25.822200775146484,25.99030113220215,25.131118774414062,25.626083374023438,14.678529739379883,6275865
2010-04-20,25.87823486328125,26.205097198486328,25.429964065551758,25.607404708862305,14.667826652526855,7939221
2010-04-21,25.65410041809082,26.550640106201172,25.65410041809082,26.30782699584961,15.069019317626953,8224585
2010-04-22,25.99964141845703,26.541301727294922,25.74748992919922,26.494606018066406,15.176008224487305,4462492
2010-04-23,26.53196144104004,26.896181106567383,26.29848861694336,26.73741912841797,15.315089225769043,4909652
2010-04-26,26.7747745513916,27.316434860229492,26.261131286621094,26.53196144104004,15.197402000427246,6312379
2010-04-27,26.43857192993164,26.43857192993164,25.131118774414062,25.261863708496094,14.469898223876953,6916194
2010-04-28,25.373931884765625,25.831539154052734,25.084423065185547,25.383270263671875,14.539443016052246,6387976
2010-04-29,26.139726638793945,27.21370506286621,25.943607330322266,26.149065017700195,14.978086471557617,9150171
2010-04-30,26.401216506958008,26.569316864013672,24.9630184173584,24.97235679626465,14.304069519042969,7974664
2010-05-03,25.168474197387695,25.336576461791992,24.271934509277344,24.87896728515625,14.250575065612793,9672285
2010-05-04,24.45871353149414,24.45871353149414,23.169939041137695,23.356718063354492,13.37863826751709,11972222
2010-05-05,22.97382164001465,23.76763153076172,22.693653106689453,23.12324333190918,13.244903564453125,8515196
2010-05-06,22.927125930786133,23.496801376342773,19.144851684570312,21.7971134185791,12.485299110412598,16379569
2010-05-07,21.57297706604004,22.22670555114746,20.10676383972168,21.629011154174805,12.389013290405273,16172800
2010-05-10,23.356718063354492,23.76763153076172,22.618940353393555,23.151260375976562,13.260952949523926,8581798
2010-05-11,22.87109375,23.23531150817871,22.516212463378906,22.684314727783203,12.993488311767578,6171785
2010-05-12,22.852415084838867,23.310022354125977,22.721668243408203,23.282005310058594,13.335840225219727,6500623
2010-05-13,23.085887908935547,23.272668838500977,22.618940353393555,22.702991485595703,13.069718360900879,6081946
2010-05-14,22.376127243041992,22.45083999633789,21.909181594848633,22.208026885986328,12.784775733947754,9520448
2010-05-17,22.33877182006836,22.75902557373047,21.507606506347656,22.039926528930664,12.68799877166748,9880231
2010-05-18,22.385467529296875,22.721668243408203,21.358182907104492,21.414215087890625,12.327789306640625,6747224
2010-05-19,21.162063598632812,21.33016586303711,20.284202575683594,21.03131866455078,12.1073637008667,10854752
2010-05-20,20.24684715270996,20.825862884521484,19.82659339904785,20.32155990600586,11.698769569396973,14961101
2010-05-21,19.77989959716797,21.218097686767578,19.69584846496582,20.80718421936035,11.978333473205566,10710731
2010-05-24,20.66710090637207,21.040658950805664,20.302881240844727,20.312219619750977,11.693390846252441,6707819
2010-05-25,19.55576515197754,20.78850555419922,19.397003173828125,20.76049041748047,11.951452255249023,10020183
2010-05-26,21.087352752685547,21.713062286376953,20.601726531982422,20.863218307495117,12.010594367980957,7941041
2010-05-27,21.516944885253906,22.198688507080078,21.23677635192871,22.189348220825195,12.774022102355957,8047156
2010-05-28,22.13331413269043,22.254722595214844,21.479589462280273,21.694385528564453,12.4890775680542,6376947
2010-06-01,21.311487197875977,21.80645179748535,20.76049041748047,20.76982879638672,11.956830978393555,5953987
2010-06-02,20.863218307495117,21.47024917602539,20.77916717529297,21.45157241821289,12.349297523498535,6136770
2010-06-03,21.56363868713379,22.11463737487793,21.33016586303711,21.843807220458984,12.575100898742676,7698402
2010-06-04,21.23677635192871,21.591655731201172,20.414947509765625,20.480321884155273,11.790164947509766,8524619
2010-06-07,20.55503273010254,20.601726531982422,19.658493041992188,19.68651008605957,11.333181381225586,11180377
2010-06-08,19.77056121826172,20.284202575683594,19.649154663085938,20.209491729736328,11.634251594543457,9399984
2010-06-09,20.45230484008789,21.190080642700195,20.312219619750977,20.424287796020508,11.757905960083008,7852166
2010-06-10,20.863218307495117,21.507606506347656,20.863218307495117,21.498266220092773,12.376174926757812,6245026
2010-06-11,21.750417709350586,22.75902557373047,21.498266220092773,22.693653106689453,13.064340591430664,9896079
2010-06-14,23.076549530029297,24.00110626220703,23.039194107055664,23.394073486328125,13.467564582824707,13656458
2010-06-15,23.720937728881836,24.496070861816406,23.422090530395508,24.468053817749023,14.085829734802246,10382429
2010-06-16,24.122512817382812,24.31863021850586,23.7956485748291,23.9637508392334,13.795517921447754,6846379
2010-06-17,24.09449577331543,24.141189575195312,23.403413772583008,23.833005905151367,13.72024154663086,6897455
2010-06-18,23.945072174072266,24.20656394958496,23.7956485748291,24.029123306274414,13.833151817321777,6947996
2010-06-21,24.729543685913086,25.187152862548828,24.43069839477539,24.570781707763672,14.144973754882812,8127036
2010-06-22,24.52408790588379,24.813594818115234,22.65629768371582,22.740346908569336,13.091217041015625,11809463
2010-06-23,22.65629768371582,23.599531173706055,22.394805908203125,23.53415870666504,13.548199653625488,11611796
2010-06-24,23.394073486328125,23.496801376342773,22.049264907836914,22.151992797851562,12.752521514892578,10060658
2010-06-25,22.217365264892578,23.01117706298828,21.9838924407959,22.964481353759766,13.220255851745605,17965079
2010-06-28,22.861753463745117,23.085887908935547,22.217365264892578,22.404144287109375,12.897677421569824,7383805
2010-06-29,21.909181594848633,21.909181594848633,20.713794708251953,20.909912109375,12.037470817565918,12727017
2010-06-30,20.90057373046875,21.750417709350586,20.825862884521484,21.134048461914062,12.166510581970215,11171061
2010-07-01,21.311487197875977,21.647689819335938,20.508338928222656,21.423555374145508,12.333168029785156,10148891
2010-07-02,21.516944885253906,21.78777313232422,20.77916717529297,21.096691131591797,12.14499568939209,6755683
2010-07-06,21.68504524230957,21.7971134185791,20.583049774169922,20.853879928588867,12.005218505859375,6108394
2010-07-07,20.76049041748047,21.610334396362305,20.76049041748047,21.600994110107422,12.435317039489746,6819288
2010-07-08,21.741079330444336,21.946535110473633,21.227436065673828,21.619672775268555,12.446070671081543,8824973
2010-07-09,21.57297706604004,22.282739639282227,21.57297706604004,22.10529899597168,12.725635528564453,5361415
2010-07-12,22.13331413269043,22.23604393005371,21.56363868713379,21.77843475341797,12.537466049194336,6647641
2010-07-13,22.142654418945312,22.7963809967041,22.142654418945312,22.54422950744629,12.978321075439453,6917800
2010-07-14,22.525550842285156,22.525550842285156,21.88116455078125,22.217365264892578,12.79015064239502,6752257
2010-07-15,22.23604393005371,22.23604393005371,21.45157241821289,22.03058624267578,12.68262767791748,5714774
2010-07-16,21.8905029296875,22.01190948486328,21.208759307861328,21.274131774902344,12.247150421142578,6967913
2010-07-19,21.600994110107422,21.638351440429688,20.919252395629883,21.535621643066406,12.397685050964355,5894238
2010-07-20,21.23677635192871,22.67497444152832,21.0033016204834,22.67497444152832,13.053589820861816,7926157
2010-07-21,22.908447265625,23.02051544189453,21.78777313232422,21.937196731567383,12.628866195678711,6478029
2010-07-22,22.264060974121094,23.11390495300293,22.189348220825195,22.964481353759766,13.220255851745605,6079483
2010-07-23,22.936464309692383,23.403413772583008,22.749685287475586,23.32870101928711,13.429925918579102,5863506
2010-07-26,23.496801376342773,23.833005905151367,23.179277420043945,23.814327239990234,13.709494590759277,5848408
2010-07-27,24.038461685180664,24.085155487060547,23.347379684448242,23.804988861083984,13.704119682312012,7544530
2010-07-28,22.99249839782715,23.207294464111328,21.8905029296875,22.525550842285156,12.967568397521973,14122998
2010-07-29,22.80571937561035,23.151260375976562,22.24538230895996,22.497535705566406,12.95143985748291,9150171
2010-07-30,22.180009841918945,22.731008529663086,22.067943572998047,22.600263595581055,13.010581016540527,5178954
2010-08-02,23.029855728149414,23.608869552612305,22.936464309692383,23.515480041503906,13.537453651428223,6712959
2010-08-03,23.179277420043945,23.347379684448242,22.77770233154297,22.8897705078125,13.17724609375,5626006
2010-08-04,23.11390495300293,23.23531150817871,22.67497444152832,22.917787551879883,13.193371772766113,4084398
2010-08-05,22.77770233154297,23.188617706298828,22.693653106689453,23.00183868408203,13.241759300231934,4973256
2010-08-06,22.740346908569336,23.039194107055664,21.937196731567383,22.469518661499023,12.935314178466797,7151659
2010-08-09,22.67497444152832,22.843076705932617,22.09596061706543,22.12397575378418,12.736388206481934,5471599
2010-08-10,21.89984130859375,21.937196731567383,21.152725219726562,21.395538330078125,12.317035675048828,9718114
2010-08-11,21.02198028564453,21.049997329711914,20.396270751953125,20.424287796020508,11.757905960083008,7250707
2010-08-12,20.03205108642578,20.67643928527832,19.77989959716797,20.424287796020508,11.825496673583984,6546773
2010-08-13,20.312219619750977,20.695117950439453,20.23750877380371,20.424287796020508,11.825496673583984,4672473
2010-08-16,20.284202575683594,20.751150131225586,20.0040340423584,20.162797927856445,11.67409896850586,8619062
2010-08-17,20.517677307128906,20.751150131225586,20.218830108642578,20.536354064941406,11.89038372039795,6700217
2010-08-18,20.620405197143555,20.629743576049805,20.162797927856445,20.424287796020508,11.825496673583984,4244588
2010-08-19,20.218830108642578,20.377592086791992,19.714527130126953,19.873289108276367,11.50647258758545,5684257
2010-08-20,19.639814376831055,20.0040340423584,19.56510353088379,19.80791664123535,11.468623161315918,5052494
2010-08-23,20.060068130493164,20.358915328979492,19.602460861206055,19.621137619018555,11.360481262207031,5428447
2010-08-24,19.303613662719727,19.658493041992188,19.107494354248047,19.182207107543945,11.106342315673828,6436697
2010-08-25,18.855342864990234,19.088817596435547,18.388395309448242,18.976749420166016,10.987381935119629,11956802
2010-08-26,19.070138931274414,19.387664794921875,18.55649757385254,18.56583595275879,10.749470710754395,7226079
2010-08-27,18.8179874420166,19.079477310180664,18.052194595336914,19.03278350830078,11.019829750061035,9032384
2010-08-30,19.098155975341797,19.098155975341797,18.649885177612305,18.649885177612305,10.79813289642334,4722693
2010-08-31,18.463106155395508,19.359647750854492,18.416412353515625,19.107494354248047,11.063081741333008,7420212
2010-09-01,19.583782196044922,20.190813064575195,19.425018310546875,20.153457641601562,11.668691635131836,7293324
2010-09-02,20.172136306762695,20.55503273010254,20.01337242126465,20.536354064941406,11.89038372039795,6924760
2010-09-03,20.8165225982666,21.386199951171875,20.77916717529297,20.909912109375,12.106667518615723,7323627
2010-09-07,20.872556686401367,20.872556686401367,20.368253707885742,20.55503273010254,11.90119743347168,5529957
2010-09-08,20.57370948791504,20.695117950439453,19.919984817504883,20.153457641601562,11.668691635131836,8336268
2010-09-09,20.695117950439453,20.751150131225586,20.25618553161621,20.592388153076172,11.92282772064209,7485101
2010-09-10,20.67643928527832,20.965946197509766,20.583049774169922,20.909912109375,12.106667518615723,5951739
2010-09-13,21.152725219726562,21.54496192932129,21.049997329711914,21.535621643066406,12.468953132629395,5722484
2010-09-14,21.46091079711914,21.516944885253906,21.10603141784668,21.180742263793945,12.263479232788086,6713602
2010-09-15,21.10603141784668,21.57297706604004,21.10603141784668,21.386199951171875,12.382439613342285,5613906
2010-09-16,21.24611473083496,21.610334396362305,21.10603141784668,21.274131774902344,12.31755256652832,4246408
2010-09-17,21.442232131958008,22.077281951904297,21.190080642700195,21.909181594848633,12.685242652893066,9175762
2010-09-20,20.181474685668945,20.592388153076172,19.527748107910156,20.517677307128906,11.879571914672852,21709503
2010-09-21,20.583049774169922,20.704456329345703,20.293542861938477,20.536354064941406,11.89038372039795,9434678
2010-09-22,20.33089828491211,20.723133087158203,19.863950729370117,19.938661575317383,11.544322967529297,11726263
2010-09-23,19.723865509033203,19.77989959716797,19.397003173828125,19.490392684936523,11.284780502319336,13025873
2010-09-24,19.99469566345215,20.46164321899414,19.919984817504883,20.386930465698242,11.803865432739258,7150696
2010-09-27,20.312219619750977,20.47098159790039,20.10676383972168,20.284202575683594,11.744391441345215,4221459
2010-09-28,20.284202575683594,20.33089828491211,19.68651008605957,19.99469566345215,11.576767921447754,9908286
2010-09-29,19.97601890563965,20.12544059753418,19.705188751220703,20.01337242126465,11.5875825881958,6562621
2010-09-30,20.228168487548828,20.489660263061523,20.078746795654297,20.312219619750977,11.760610580444336,9160022
2010-10-01,20.601726531982422,21.03131866455078,20.508338928222656,20.881895065307617,12.09045124053955,7172968
2010-10-04,20.825862884521484,20.853879928588867,20.02271270751953,20.097423553466797,11.636248588562012,7644969
2010-10-05,20.349576950073242,20.8912353515625,20.10676383972168,20.7978458404541,12.04178237915039,10161847
2010-10-06,20.835201263427734,20.947269439697266,20.583049774169922,20.872556686401367,12.085042953491211,8669496
2010-10-07,20.937929153442383,21.068674087524414,20.312219619750977,20.498998641967773,11.868754386901855,5121346
2010-10-08,20.56437110900879,20.881895065307617,20.517677307128906,20.723133087158203,11.998527526855469,6473853
2010-10-11,20.695117950439453,21.0033016204834,20.639083862304688,20.909912109375,12.106667518615723,3886518
2010-10-12,20.863218307495117,21.591655731201172,20.713794708251953,21.218097686767578,12.28510570526123,10702165
2010-10-13,21.442232131958008,21.927858352661133,21.302148818969727,21.629011154174805,12.523022651672363,7745623
2010-10-14,21.619672775268555,21.834468841552734,21.274131774902344,21.582317352294922,12.495986938476562,6451581
2010-10-15,21.909181594848633,22.404144287109375,21.55430030822754,21.974552154541016,12.723084449768066,9593261
2010-10-18,22.11463737487793,22.45083999633789,21.7971134185791,22.45083999633789,12.998851776123047,6365490
2010-10-19,22.13331413269043,22.13331413269043,21.386199951171875,21.57297706604004,12.490578651428223,7993724
2010-10-20,21.68504524230957,22.264060974121094,21.647689819335938,22.077281951904297,12.782569885253906,5381546
2010-10-21,22.22670555114746,22.404144287109375,21.66636848449707,21.965213775634766,12.71768569946289,5057313
2010-10-22,22.039926528930664,22.12397575378418,21.80645179748535,22.11463737487793,12.804203033447266,2796567
2010-10-25,22.404144287109375,22.637619018554688,22.11463737487793,22.376127243041992,12.955596923828125,7346863
2010-10-26,22.22670555114746,22.44150161743164,21.843807220458984,22.292078018188477,12.906937599182129,7712322
2010-10-27,23.076549530029297,23.515480041503906,22.908447265625,23.291345596313477,13.48549747467041,15553459
2010-10-28,23.506141662597656,23.65556526184082,22.66563606262207,22.87109375,13.242180824279785,7953998
2010-10-29,22.852415084838867,23.608869552612305,22.702991485595703,23.608869552612305,13.669343948364258,7143843
2010-11-01,23.851682662963867,23.87969970703125,23.32870101928711,23.43143081665039,13.566606521606445,6968769
2010-11-02,23.692920684814453,23.8890380859375,23.188617706298828,23.21663475036621,13.442242622375488,5647315
2010-11-03,23.375396728515625,23.506141662597656,22.964481353759766,23.506141662597656,13.609867095947266,4555758
2010-11-04,23.97308921813965,24.486730575561523,23.97308921813965,24.44937515258789,14.15599250793457,7863516
2010-11-05,24.486730575561523,24.738882064819336,24.393341064453125,24.692188262939453,14.296578407287598,6327584
2010-11-08,24.374664306640625,24.804256439208984,24.22524070739746,24.74822235107422,14.329017639160156,5409387
2010-11-09,24.78557777404785,24.832271575927734,23.814327239990234,24.038461685180664,13.918074607849121,6579432
2010-11-10,23.99176788330078,24.44937515258789,23.524818420410156,24.24391746520996,14.037032127380371,7200594
2010-11-11,23.89837646484375,24.682849884033203,23.89837646484375,24.617477416992188,14.253321647644043,5975831
2010-11-12,24.30929183959961,24.355985641479492,23.842344284057617,23.97308921813965,13.94636058807373,9191824
2010-11-15,24.057138442993164,24.057138442993164,23.608869552612305,23.608869552612305,13.734477996826172,3982995
2010-11-16,23.375396728515625,23.412752151489258,22.77770233154297,22.9831600189209,13.370467185974121,8096947
2010-11-17,22.955142974853516,23.263328552246094,22.702991485595703,22.861753463745117,13.299842834472656,5347174
2010-11-18,23.151260375976562,23.496801376342773,23.067211151123047,23.197956085205078,13.495424270629883,6997038
2010-11-19,23.039194107055664,23.366056442260742,22.65629768371582,23.160600662231445,13.473695755004883,6840275
2010-11-22,23.151260375976562,23.7956485748291,22.77770233154297,23.711597442626953,13.794234275817871,6735981
2010-11-23,23.197956085205078,23.422090530395508,22.89910888671875,22.99249839782715,13.375896453857422,4349310
2010-11-24,23.11390495300293,24.029123306274414,23.11390495300293,23.907716751098633,13.908326148986816,4704811
2010-11-26,23.627548217773438,23.627548217773438,23.33803939819336,23.459447860717773,13.64754581451416,1641833
2010-11-29,23.263328552246094,23.692920684814453,22.8897705078125,23.618209838867188,13.739907264709473,4726762
2010-11-30,23.300683975219727,23.496801376342773,23.085887908935547,23.31936264038086,13.566051483154297,5619367
2010-12-01,23.76763153076172,24.047800064086914,23.599531173706055,23.804988861083984,13.848567008972168,3799891
2010-12-02,23.8890380859375,24.281274795532227,23.861021041870117,24.197223663330078,14.07674503326416,4774840
2010-12-03,23.99176788330078,24.608137130737305,23.926393508911133,24.505409240722656,14.256036758422852,3875274
2010-12-06,24.44937515258789,24.682849884033203,24.141189575195312,24.645492553710938,14.337535858154297,4002055
2010-12-07,24.906984329223633,25.11244010925293,24.561443328857422,24.8883056640625,14.478790283203125,8397409
2010-12-08,24.935001373291016,25.00037384033203,24.468053817749023,24.76689910888672,14.408161163330078,4597839
2010-12-09,24.822933197021484,25.11244010925293,24.692188262939453,24.916322708129883,14.49509048461914,4101531
2010-12-10,24.925661087036133,25.131118774414062,24.720205307006836,25.075084686279297,14.587442398071289,3500393
2010-12-13,25.177814483642578,25.364593505859375,24.8883056640625,24.925661087036133,14.500521659851074,4305837
2010-12-14,25.037729263305664,25.131118774414062,24.617477416992188,24.7949161529541,14.424455642700195,4608226
2010-12-15,24.65483283996582,24.701526641845703,23.861021041870117,24.047800064086914,13.989827156066895,5965766
2010-12-16,24.057138442993164,24.178546905517578,23.45010757446289,23.78631019592285,13.837703704833984,6853339
2010-12-17,23.833005905151367,24.281274795532227,23.823665618896484,24.22524070739746,14.093049049377441,5274254
2010-12-20,24.393341064453125,24.570781707763672,24.11317253112793,24.505409240722656,14.256036758422852,4482516
2010-12-21,24.645492553710938,25.364593505859375,24.589460372924805,25.028390884399414,14.560281753540039,7500949
2010-12-22,25.00037384033203,25.23384666442871,24.916322708129883,25.205829620361328,14.663507461547852,3097992
2010-12-23,25.121780395507812,25.345914840698242,24.99103546142578,25.22450828552246,14.674376487731934,3355195
2010-12-27,25.037729263305664,25.44864273071289,24.9630184173584,25.299219131469727,14.7178316116333,2308289
2010-12-28,25.30855941772461,25.44864273071289,25.177814483642578,25.31789779663086,14.728699684143066,2275202
2010-12-29,25.373931884765625,25.44864273071289,25.261863708496094,25.420625686645508,14.788463592529297,2573844
2010-12-30,25.261863708496094,25.504676818847656,25.187152862548828,25.392610549926758,14.772167205810547,2645907
2010-12-31,25.32723617553711,25.682117462158203,25.261863708496094,25.43930435180664,14.799331665039062,2719684
2011-01-03,25.682117462158203,26.22377586364746,25.616743087768555,26.167743682861328,15.22309398651123,5062560
2011-01-04,26.22377586364746,26.30782699584961,25.710134506225586,25.9622859954834,15.103574752807617,6865653
2011-01-05,25.850217819213867,26.326505661010742,25.710134506225586,26.279809951782227,15.288293838500977,6211725
2011-01-06,26.261131286621094,26.326505661010742,25.822200775146484,26.046335220336914,15.152472496032715,7170077
2011-01-07,25.97162437438965,26.335844039916992,25.80352210998535,26.139726638793945,15.206801414489746,5472135
2011-01-10,26.10236930847168,26.354522705078125,25.8875732421875,26.261131286621094,15.27743148803711,7296858
2011-01-11,26.569316864013672,26.690723419189453,25.868896484375,26.326505661010742,15.315459251403809,9785253
2011-01-12,26.616012573242188,27.017587661743164,26.485267639160156,26.8681640625,15.630572319030762,5628362
2011-01-13,26.802791595458984,27.120315551757812,26.75609588623047,26.9615535736084,15.68489933013916,5543342
2011-01-14,26.905519485473633,27.026926040649414,26.44791030883789,26.7747745513916,15.576241493225098,4680611
2011-01-18,26.74675750732422,26.933536529541016,26.419893264770508,26.43857192993164,15.380658149719238,5132375
2011-01-19,26.559978485107422,26.821468353271484,26.139726638793945,26.270471572875977,15.282861709594727,5288388
2011-01-20,26.158403396606445,26.177080154418945,25.411287307739258,25.635421752929688,14.91341781616211,7584149
2011-01-21,26.00897979736328,26.616012573242188,25.78484535217285,26.065013885498047,15.163335800170898,6163861
2011-01-24,26.52262306213379,27.680652618408203,26.485267639160156,26.905519485473633,15.652299880981445,9869095
2011-01-25,26.578655242919922,26.812129974365234,26.08369255065918,26.73741912841797,15.554511070251465,7223295
2011-01-26,26.896181106567383,27.120315551757812,26.75609588623047,27.00824737548828,15.712066650390625,6209155
2011-01-27,27.167009353637695,27.391145706176758,26.9615535736084,27.251060485839844,15.85332202911377,4292880
2011-01-28,27.335111618041992,27.363128662109375,26.475927352905273,26.559978485107422,15.451284408569336,4601159
2011-01-31,26.672046661376953,27.110977172851562,26.354522705078125,26.97089195251465,15.690332412719727,6820787
2011-02-01,27.185688018798828,27.830076217651367,27.026926040649414,27.615280151367188,16.065204620361328,6835457
2011-02-02,27.391145706176758,27.708669662475586,27.176349639892578,27.42850112915039,15.956546783447266,4203898
2011-02-03,27.587263107299805,27.98883819580078,26.597333908081055,27.325773239135742,15.896780014038086,9643159
2011-02-04,27.21370506286621,27.400484085083008,26.87750244140625,27.28841781616211,15.875059127807617,5469993
2011-02-07,27.316434860229492,27.689992904663086,27.026926040649414,27.400484085083008,15.940250396728516,5507792
2011-02-08,27.484535217285156,27.76470375061035,27.269739151000977,27.727346420288086,16.13039779663086,4218354
2011-02-09,27.596601486206055,27.97015953063965,27.391145706176758,27.680652618408203,16.103242874145508,3905792
2011-02-10,27.465856552124023,27.73668670654297,27.176349639892578,27.447179794311523,15.967413902282715,3978070
2011-02-11,27.279077529907227,27.475196838378906,27.017587661743164,27.400484085083008,16.042871475219727,5176170
2011-02-14,27.29775619506836,27.895448684692383,27.195026397705078,27.811397552490234,16.28345489501953,3944126
2011-02-15,27.78338050842285,28.222312927246094,27.76470375061035,28.07288932800293,16.436559677124023,4362267
2011-02-16,28.100906372070312,28.381074905395508,27.867431640625,28.026193618774414,16.409217834472656,4678362
2011-02-17,27.802059173583984,28.353057861328125,27.802059173583984,28.28768539428711,16.56232452392578,4087611
2011-02-18,28.40909194946289,28.42776870727539,27.054943084716797,27.101638793945312,15.867894172668457,7102724
2011-02-22,26.541301727294922,26.718740463256836,25.644760131835938,25.682117462158203,15.036776542663574,8737490
2011-02-23,25.7941837310791,26.111709594726562,24.944339752197266,25.43930435180664,14.89460563659668,6667344
2011-02-24,25.252525329589844,25.896913528442383,25.252525329589844,25.719472885131836,15.058645248413086,6927865
2011-02-25,25.8875732421875,26.23311424255371,25.700794219970703,26.22377586364746,15.353915214538574,3336028
2011-02-28,26.242454528808594,26.270471572875977,25.65410041809082,25.943607330322266,15.189878463745117,4644633
2011-03-01,26.00897979736328,26.149065017700195,24.7949161529541,24.953678131103516,14.610278129577637,6585322
2011-03-02,24.897645950317383,25.289880752563477,24.617477416992188,24.9630184173584,14.615743637084961,5733192
2011-03-03,25.299219131469727,25.54203224182129,25.159135818481445,25.45798110961914,14.905542373657227,6113320
2011-03-04,25.43930435180664,25.43930435180664,24.78557777404785,25.00971221923828,14.64307975769043,4354879
2011-03-07,25.149797439575195,25.289880752563477,24.374664306640625,24.561443328857422,14.380621910095215,5590777
2011-03-08,24.682849884033203,25.09376335144043,24.384002685546875,24.729543685913086,14.479044914245605,4786190
2011-03-09,24.692188262939453,24.822933197021484,24.384002685546875,24.692188262939453,14.457172393798828,5358203
2011-03-10,24.44937515258789,24.45871353149414,23.842344284057617,24.00110626220703,14.0525484085083,7881934
2011-03-11,23.7956485748291,24.552104949951172,23.702259063720703,24.271934509277344,14.211116790771484,6164396
2011-03-14,24.20656394958496,24.514747619628906,23.89837646484375,24.22524070739746,14.183771133422852,4319007
2011-03-15,23.282005310058594,24.271934509277344,23.23531150817871,24.066478729248047,14.09082317352295,6682656
2011-03-16,24.038461685180664,24.20656394958496,23.580852508544922,23.935733795166016,14.014272689819336,8454589
2011-03-17,24.365325927734375,24.7762393951416,24.057138442993164,24.561443328857422,14.380621910095215,7342045
2011-03-18,24.935001373291016,25.21516990661621,24.701526641845703,25.09376335144043,14.692292213439941,9898006
2011-03-21,25.495338439941406,25.495338439941406,24.99103546142578,25.31789779663086,14.823522567749023,4966832
2011-03-22,25.345914840698242,25.411287307739258,24.944339752197266,25.047067642211914,14.664957046508789,4590023
2011-03-23,25.01905059814453,25.32723617553711,24.850950241088867,25.140457153320312,14.71963119506836,4492474
2011-03-24,25.32723617553711,25.54203224182129,25.00971221923828,25.495338439941406,14.927414894104004,4126052
2011-03-25,25.52335548400879,26.00897979736328,25.401948928833008,25.95294761657715,15.195337295532227,5201869
2011-03-28,25.99964141845703,26.111709594726562,25.728811264038086,25.7755069732666,15.091453552246094,3761343
2011-03-29,25.7755069732666,27.20436668395996,25.373931884765625,26.98957061767578,15.802286148071289,10904650
2011-03-30,27.120315551757812,28.06355094909668,26.99890899658203,27.7740421295166,16.26158905029297,10391852
2011-03-31,27.64329719543457,28.399751663208008,27.596601486206055,28.184955596923828,16.50217628479004,6574185
2011-04-01,28.29702377319336,28.95075035095215,28.175617218017578,28.40909194946289,16.633405685424805,6791876
2011-04-04,28.558513641357422,28.577192306518555,27.932804107666016,28.08222770690918,16.442026138305664,5752466
2011-04-05,28.08222770690918,28.791988372802734,28.044872283935547,28.65190315246582,16.77557373046875,5778165
2011-04-06,28.894716262817383,28.95075035095215,28.07288932800293,28.334379196166992,16.589658737182617,3850218
2011-04-07,28.30636215209961,28.446447372436523,27.73668670654297,28.138261795043945,16.474836349487305,4595698
2011-04-08,28.278345108032227,28.53049659729004,27.820737838745117,27.923465728759766,16.349071502685547,4802145
2011-04-11,27.914125442504883,28.128921508789062,27.036264419555664,27.054943084716797,15.840561866760254,7317417
2011-04-12,26.97089195251465,27.167009353637695,26.76543426513672,26.896181106567383,15.747602462768555,7070708
2011-04-13,27.157670974731445,27.29775619506836,26.812129974365234,26.924198150634766,15.764007568359375,6673447
2011-04-14,26.76543426513672,27.447179794311523,26.72808074951172,27.316434860229492,15.993661880493164,6919406
2011-04-15,27.97949981689453,28.250328063964844,27.811397552490234,27.97015953063965,16.37641143798828,7664244
2011-04-18,27.559246063232422,27.605941772460938,27.045604705810547,27.232383728027344,15.94444465637207,5600307
2011-04-19,27.241722106933594,27.718008041381836,27.09229850769043,27.596601486206055,16.157697677612305,3892621
2011-04-20,28.240989685058594,28.399751663208008,27.830076217651367,27.923465728759766,16.349071502685547,5051745
2011-04-21,28.100906372070312,28.110244750976562,27.708669662475586,28.016855239868164,16.403751373291016,3052484
2011-04-25,27.97949981689453,28.240989685058594,27.559246063232422,27.587263107299805,16.15222930908203,4451142
2011-04-26,27.914125442504883,28.390413284301758,27.624618530273438,28.184955596923828,16.50217628479004,3747744
2011-04-27,28.325040817260742,28.353057861328125,27.64329719543457,27.99817657470703,16.39281463623047,5063845
2011-04-28,28.51181983947754,29.41769790649414,28.231651306152344,28.465124130249023,16.666208267211914,10230163
2011-04-29,28.41843032836914,29.109512329101562,28.147600173950195,28.838682174682617,16.884933471679688,5488303
2011-05-02,30.20216941833496,30.276880264282227,29.688526153564453,30.155475616455078,17.655899047851562,10905293
2011-05-03,30.006052017211914,30.230186462402344,29.557781219482422,29.922000885009766,17.519201278686523,5110531
2011-05-04,29.922000885009766,30.08076286315918,29.548442840576172,29.576459884643555,17.3169002532959,14428172
2011-05-05,29.445714950561523,29.62315559387207,29.06281852722168,29.258935928344727,17.130983352661133,5045106
2011-05-06,29.65117073059082,30.19283103942871,29.51108741760254,29.669849395751953,17.371570587158203,7201451
2011-05-09,29.800594329833984,30.164813995361328,29.557781219482422,30.08076286315918,17.61216163635254,3857499
2011-05-10,30.211509704589844,30.827878952026367,30.118118286132812,30.687795639038086,17.967580795288086,6065135
2011-05-11,30.64109992980957,30.687795639038086,30.127458572387695,30.444982528686523,17.825408935546875,5673549
2011-05-12,30.351593017578125,30.40762710571289,29.865966796875,30.18349266052246,17.67230987548828,4729010
2011-05-13,29.96869659423828,30.220848083496094,29.277612686157227,29.29629135131836,17.293577194213867,5229495
2011-05-16,29.277612686157227,29.791255950927734,29.08149528503418,29.371002197265625,17.337678909301758,4783620
2011-05-17,29.249597549438477,29.72588348388672,29.044139862060547,29.165546417236328,17.216405868530273,5331969
2011-05-18,29.30562973022461,29.65117073059082,29.100173950195312,29.595138549804688,17.469993591308594,3512064
2011-05-19,29.76323890686035,29.884645462036133,29.40835952758789,29.576459884643555,17.458969116210938,3424367
2011-05-20,29.567121505737305,29.567121505737305,29.08149528503418,29.240257263183594,17.26050567626953,3670433
2011-05-23,28.707937240600586,28.707937240600586,27.99817657470703,28.110244750976562,16.593456268310547,6038365
2011-05-24,28.343717575073242,28.74529266357422,28.07288932800293,28.119583129882812,16.598974227905273,4304123
2011-05-25,28.007516860961914,28.502479553222656,27.97015953063965,28.362396240234375,16.742305755615234,4370191
2011-05-26,28.240989685058594,28.717275619506836,28.119583129882812,28.558513641357422,16.858074188232422,3452101
2011-05-27,28.76397132873535,28.95075035095215,28.53049659729004,28.86669921875,17.03999137878418,2587978
2011-05-31,29.006784439086914,29.371002197265625,28.623886108398438,29.156206130981445,17.210893630981445,5273611
2011-06-01,28.96942710876465,29.19356346130371,28.06355094909668,28.20363426208496,16.648584365844727,5076159
2011-06-02,28.19429588317871,28.7733097076416,28.147600173950195,28.30636215209961,16.709226608276367,4570856
2011-06-03,27.699331283569336,28.054210662841797,27.587263107299805,27.904787063598633,16.472171783447266,6777956
2011-06-06,27.792720794677734,28.016855239868164,27.596601486206055,27.689992904663086,16.34538459777832,6367738
2011-06-07,29.016122817993164,29.016122817993164,27.792720794677734,27.811397552490234,16.41704750061035,19674478
2011-06-08,27.680652618408203,27.680652618408203,26.503944396972656,26.886842727661133,15.871280670166016,9214953
2011-06-09,26.98957061767578,27.64329719543457,26.812129974365234,27.29775619506836,16.113847732543945,6912767
2011-06-10,27.120315551757812,27.176349639892578,26.345182418823242,26.42923355102539,15.601156234741211,6748081
2011-06-13,26.43857192993164,26.66270637512207,25.53269386291504,25.74748992919922,15.198726654052734,13383943
2011-06-14,26.130386352539062,26.22377586364746,25.682117462158203,26.027658462524414,15.36410903930664,9642303
2011-06-15,25.80352210998535,25.850217819213867,25.056407928466797,25.271202087402344,14.917576789855957,8711363
2011-06-16,25.23384666442871,25.280542373657227,24.514747619628906,24.86962890625,14.680520057678223,8083455
2011-06-17,25.30855941772461,25.373931884765625,24.74822235107422,24.813594818115234,14.647451400756836,6675267
2011-06-20,24.75756072998047,25.75682830810547,24.75756072998047,25.626083374023438,15.127065658569336,14307280
2011-06-21,25.822200775146484,26.9615535736084,25.822200775146484,26.87750244140625,15.865769386291504,9795318
2011-06-22,26.75609588623047,27.167009353637695,26.616012573242188,26.840147018432617,15.843718528747559,8574731
2011-06-23,26.373199462890625,27.110977172851562,26.149065017700195,27.036264419555664,15.959485054016113,7583399
2011-06-24,27.110977172851562,27.20436668395996,26.718740463256836,26.87750244140625,15.865769386291504,7799055
2011-06-27,26.98957061767578,27.605941772460938,26.914859771728516,27.232383728027344,16.075252532958984,5076694
2011-06-28,27.353788375854492,27.456518173217773,26.99890899658203,27.325773239135742,16.1303768157959,5227675
2011-06-29,27.51255226135254,27.568584442138672,27.045604705810547,27.232383728027344,16.075252532958984,3848719
2011-06-30,27.344449996948242,27.97949981689453,27.241722106933594,27.8487548828125,16.439102172851562,4302624
2011-07-01,28.035533905029297,28.679920196533203,27.99817657470703,28.586530685424805,16.874610900878906,3998736
2011-07-05,28.539836883544922,28.539836883544922,27.727346420288086,27.895448684692383,16.466665267944336,6473532
2011-07-06,27.8487548828125,28.278345108032227,27.792720794677734,28.06355094909668,16.565889358520508,4251976
2011-07-07,28.381074905395508,28.689258575439453,28.184955596923828,28.539836883544922,16.8470458984375,3909647
2011-07-08,28.026193618774414,28.334379196166992,26.849485397338867,28.259668350219727,16.681663513183594,4264611
2011-07-11,27.802059173583984,28.07288932800293,27.73668670654297,27.9608211517334,16.5052547454834,5223499
2011-07-12,27.78338050842285,28.100906372070312,27.624618530273438,27.671314239501953,16.3343563079834,4966939
2011-07-13,27.85809326171875,28.623886108398438,27.811397552490234,28.007516860961914,16.532819747924805,4359911
2011-07-14,28.19429588317871,28.381074905395508,27.689992904663086,27.708669662475586,16.356409072875977,5508006
2011-07-15,27.839414596557617,28.06355094909668,27.680652618408203,27.895448684692383,16.466665267944336,5017694
2011-07-18,27.792720794677734,27.792720794677734,26.9615535736084,27.363128662109375,16.152435302734375,3878273
2011-07-19,27.54056739807129,27.932804107666016,27.41916275024414,27.820737838745117,16.422563552856445,3810706
2011-07-20,27.97949981689453,28.362396240234375,27.671314239501953,28.110244750976562,16.593456268310547,4179056
2011-07-21,28.259668350219727,28.99744415283203,28.110244750976562,28.904054641723633,17.062047958374023,4487120
2011-07-22,28.820005416870117,28.838682174682617,28.334379196166992,28.820005416870117,17.012428283691406,3760593
2011-07-25,28.390413284301758,28.904054641723633,28.30636215209961,28.73595428466797,16.962810516357422,2874198
2011-07-26,28.73595428466797,28.894716262817383,28.362396240234375,28.623886108398438,16.89665985107422,3287842
2011-07-27,28.362396240234375,28.558513641357422,27.76470375061035,27.895448684692383,16.466665267944336,5378013
2011-07-28,28.76397132873535,29.483070373535156,28.43710708618164,28.51181983947754,16.830514907836914,9119546
2011-07-29,28.138261795043945,28.166278839111328,27.50321388244629,27.73668670654297,16.372947692871094,10691029
2011-08-01,28.30636215209961,28.30636215209961,27.29775619506836,27.605941772460938,16.295764923095703,5491516
2011-08-02,27.241722106933594,27.316434860229492,26.625350952148438,26.64402961730957,15.727948188781738,8549889
2011-08-03,26.625350952148438,26.849485397338867,25.934268951416016,26.503944396972656,15.645262718200684,7081737
2011-08-04,25.943607330322266,26.027658462524414,24.122512817382812,24.122512817382812,14.239503860473633,10457277
2011-08-05,24.608137130737305,24.86962890625,23.067211151123047,23.861021041870117,14.085147857666016,14325912
2011-08-08,22.908447265625,23.207294464111328,21.488927841186523,21.694385528564453,12.806180953979492,11810426
2011-08-09,22.44150161743164,23.188617706298828,21.386199951171875,23.169939041137695,13.677197456359863,18745145
2011-08-10,23.085887908935547,23.730276107788086,22.46017837524414,22.572246551513672,13.324378967285156,11946523
2011-08-11,22.55356788635254,24.20656394958496,22.301416397094727,23.842344284057617,14.2289457321167,9210670
2011-08-12,24.281274795532227,24.31863021850586,23.64622688293457,23.861021041870117,14.240097045898438,5369982
2011-08-15,24.197223663330078,24.45871353149414,24.038461685180664,24.45871353149414,14.596794128417969,4345884
2011-08-16,24.21590232849121,24.645492553710938,23.9824275970459,24.30929183959961,14.50761604309082,4215141
2011-08-17,24.355985641479492,24.701526641845703,24.169206619262695,24.393341064453125,14.557782173156738,3219633
2011-08-18,23.562175750732422,23.580852508544922,22.33877182006836,22.469518661499023,13.40965461730957,9376534
2011-08-19,22.12397575378418,22.646957397460938,21.946535110473633,22.10529899597168,13.192291259765625,9773688
2011-08-22,22.66563606262207,22.8897705078125,21.750417709350586,21.843807220458984,13.036236763000488,6847235
2011-08-23,22.02124786376953,22.964481353759766,21.918519973754883,22.964481353759766,13.705048561096191,6016842
2011-08-24,22.945804595947266,23.954410552978516,22.843076705932617,23.8890380859375,14.256811141967773,5399535
2011-08-25,24.057138442993164,24.271934509277344,23.32870101928711,23.412752151489258,13.972569465637207,4249620
2011-08-26,23.207294464111328,24.11317253112793,22.75902557373047,23.9824275970459,14.31255054473877,3272316
2011-08-29,24.346647262573242,25.00037384033203,24.30929183959961,25.00037384033203,14.920051574707031,3959117
2011-08-30,24.832271575927734,25.355253219604492,24.636154174804688,25.11244010925293,14.986937522888184,5004523
2011-08-31,25.261863708496094,25.728811264038086,25.047067642211914,25.355253219604492,15.131845474243164,5566578
2011-09-01,25.299219131469727,25.598066329956055,24.53342628479004,24.608137130737305,14.685967445373535,4491511
2011-09-02,23.87969970703125,24.197223663330078,23.65556526184082,23.804988861083984,14.206652641296387,4619898
2011-09-06,22.843076705932617,26.027658462524414,22.843076705932617,25.934268951416016,15.477386474609375,17093889
2011-09-07,26.29848861694336,26.43857192993164,25.934268951416016,26.186420440673828,15.62788200378418,8415827
2011-09-08,25.943607330322266,26.139726638793945,25.10310173034668,25.205829620361328,15.0426664352417,7515190
2011-09-09,24.832271575927734,25.028390884399414,24.22524070739746,24.44003677368164,14.585641860961914,6196092
2011-09-12,23.945072174072266,24.374664306640625,23.590192794799805,24.178546905517578,14.429593086242676,4635210
2011-09-13,24.299951553344727,25.23384666442871,24.047800064086914,24.97235679626465,14.903334617614746,5146723
2011-09-14,25.149797439575195,25.411287307739258,24.52408790588379,25.11244010925293,14.986937522888184,5473527
2011-09-15,25.420625686645508,26.036996841430664,25.271202087402344,25.943607330322266,15.482972145080566,5205938
2011-09-16,26.186420440673828,26.43857192993164,25.8875732421875,26.130386352539062,15.594430923461914,4566358
2011-09-19,25.54203224182129,25.934268951416016,25.168474197387695,25.78484535217285,15.38822078704834,3666900
2011-09-20,26.074352264404297,26.177080154418945,25.392610549926758,25.420625686645508,15.170855522155762,3386783
2011-09-21,25.383270263671875,25.7755069732666,24.23457908630371,24.253257751464844,14.474180221557617,6410677
2011-09-22,23.478124618530273,23.7956485748291,22.618940353393555,23.029855728149414,13.744059562683105,11390893
2011-09-23,22.945804595947266,23.739614486694336,22.88043212890625,23.366056442260742,13.944703102111816,6678373
2011-09-26,23.65556526184082,23.89837646484375,22.9831600189209,23.739614486694336,14.167635917663574,13281255
2011-09-27,24.53342628479004,25.159135818481445,24.23457908630371,24.421358108520508,14.574494361877441,5618725
2011-09-28,24.44937515258789,24.561443328857422,22.600263595581055,22.67497444152832,13.532269477844238,11083685
2011-09-29,23.21663475036621,23.45010757446289,21.9838924407959,22.55356788635254,13.45981502532959,14506982
2011-09-30,22.086620330810547,22.282739639282227,21.638351440429688,21.713062286376953,12.958208084106445,7791988
2011-10-03,21.526283264160156,22.058603286743164,21.11536979675293,21.152725219726562,12.623804092407227,7682233
2011-10-04,20.695117950439453,21.694385528564453,20.12544059753418,21.66636848449707,12.930338859558105,8459194
2011-10-05,21.759756088256836,22.534889221191406,21.311487197875977,22.46017837524414,13.404082298278809,6643465
2011-10-06,22.24538230895996,23.085887908935547,21.89984130859375,22.87109375,13.64931583404541,5833952
2011-10-07,22.955142974853516,23.10456657409668,22.180009841918945,22.46017837524414,13.404082298278809,4978610
2011-10-10,23.048532485961914,23.496801376342773,22.99249839782715,23.44076919555664,13.989291191101074,3161490
2011-10-11,23.160600662231445,23.842344284057617,23.057872772216797,23.562175750732422,14.061745643615723,4316437
2011-10-12,23.814327239990234,24.23457908630371,23.730276107788086,24.00110626220703,14.323698043823242,4841871
2011-10-13,23.730276107788086,24.075817108154297,23.580852508544922,24.01044464111328,14.329268455505371,4578137
2011-10-14,24.355985641479492,24.608137130737305,23.945072174072266,24.290613174438477,14.496468544006348,5053030
2011-10-17,24.066478729248047,24.150529861450195,23.347379684448242,23.43143081665039,13.98371696472168,4349739
2011-10-18,23.43143081665039,24.45871353149414,23.160600662231445,24.20656394958496,14.44631290435791,5536917
2011-10-19,24.20656394958496,24.43069839477539,23.608869552612305,23.720937728881836,14.156495094299316,3672575
2011-10-20,23.711597442626953,24.085155487060547,23.375396728515625,23.89837646484375,14.262392044067383,5219322
2011-10-21,24.169206619262695,24.477392196655273,23.75829315185547,24.21590232849121,14.451885223388672,5047140
2011-10-24,24.412019729614258,25.140457153320312,24.365325927734375,24.99103546142578,14.91447925567627,4477805
2011-10-25,24.925661087036133,24.97235679626465,24.374664306640625,24.54276466369629,14.646951675415039,4312261
2011-10-26,25.00037384033203,25.11244010925293,24.11317253112793,24.822933197021484,14.814160346984863,7005604
2011-10-27,25.915590286254883,27.316434860229492,25.8875732421875,27.036264419555664,16.135055541992188,9504707
2011-10-28,26.74675750732422,27.026926040649414,26.335844039916992,26.905519485473633,16.057029724121094,5659522
2011-10-31,26.373199462890625,26.541301727294922,25.859556198120117,25.868896484375,15.43838119506836,4571605
2011-11-01,24.9630184173584,25.607404708862305,24.7949161529541,25.205829620361328,15.0426664352417,6679336
2011-11-02,25.67277717590332,25.80352210998535,25.289880752563477,25.65410041809082,15.310187339782715,4114916
2011-11-03,26.111709594726562,26.65336799621582,25.607404708862305,26.569316864013672,15.8563871383667,5125093
2011-11-04,26.23311424255371,27.101638793945312,26.00897979736328,26.905519485473633,16.057029724121094,5633823
2011-11-07,26.78411293029785,26.9802303314209,26.261131286621094,26.812129974365234,16.001296997070312,4408204
2011-11-08,27.026926040649414,27.465856552124023,26.578655242919922,27.400484085083008,16.3524227142334,4953554
2011-11-09,26.289148330688477,26.812129974365234,26.074352264404297,26.21443748474121,15.644600868225098,6583394
2011-11-10,26.625350952148438,26.7747745513916,26.177080154418945,26.457250595092773,15.78950309753418,4527168
2011-11-11,26.886842727661133,27.29775619506836,26.7934513092041,26.9802303314209,16.10161781311035,4292880
2011-11-14,26.709402084350586,26.812129974365234,26.130386352539062,26.289148330688477,15.8333158493042,4506287
2011-11-15,26.130386352539062,26.51328468322754,25.95294761657715,26.279809951782227,15.827702522277832,4454354
2011-11-16,25.99964141845703,26.72808074951172,25.850217819213867,26.158403396606445,15.754578590393066,6128097
2011-11-17,26.036996841430664,26.167743682861328,25.65410041809082,25.99030113220215,15.653335571289062,8229296
2011-11-18,26.251792907714844,26.74675750732422,26.055675506591797,26.167743682861328,15.760199546813965,6192237
2011-11-21,25.74748992919922,25.7941837310791,25.159135818481445,25.32723617553711,15.253984451293945,10381465
2011-11-22,25.299219131469727,25.420625686645508,24.75756072998047,24.86962890625,14.978379249572754,5675798
2011-11-23,24.53342628479004,24.636154174804688,23.68358039855957,23.8890380859375,14.387791633605957,9870701
2011-11-25,23.870359420776367,24.552104949951172,23.870359420776367,24.178546905517578,14.56215763092041,3586591
2011-11-28,25.037729263305664,25.140457153320312,24.496070861816406,24.729543685913086,14.894012451171875,5288174
2011-11-29,25.056407928466797,25.411287307739258,24.822933197021484,24.906984329223633,15.000879287719727,4443218
2011-11-30,25.934268951416016,26.541301727294922,25.896913528442383,26.52262306213379,15.973941802978516,6259161
2011-12-01,26.382537841796875,26.457250595092773,25.73815155029297,25.9809627532959,15.647713661193848,4617863
2011-12-02,26.44791030883789,26.98957061767578,26.43857192993164,26.8681640625,16.182048797607422,6778277
2011-12-05,27.232383728027344,27.335111618041992,26.681385040283203,27.148332595825195,16.35079002380371,5709099
2011-12-06,26.802791595458984,26.9615535736084,26.354522705078125,26.73741912841797,16.103307723999023,5118990
2011-12-07,26.569316864013672,26.952213287353516,26.21443748474121,26.7747745513916,16.12580680847168,4145326
2011-12-08,26.559978485107422,26.559978485107422,25.80352210998535,25.87823486328125,15.585840225219727,4851615
2011-12-09,26.055675506591797,26.52262306213379,25.9809627532959,26.401216506958008,15.900819778442383,3714014
2011-12-12,26.121047973632812,26.121047973632812,25.66343879699707,25.9622859954834,15.636466026306152,3557252
2011-12-13,26.149065017700195,26.503944396972656,25.196491241455078,25.467321395874023,15.338357925415039,4843906
2011-12-14,25.383270263671875,25.868896484375,25.261863708496094,25.476659774780273,15.343973159790039,4861681
2011-12-15,25.906251907348633,26.121047973632812,25.579389572143555,25.710134506225586,15.484596252441406,4622360
2011-12-16,25.915590286254883,26.363859176635742,25.710134506225586,25.95294761657715,15.63083553314209,6246204
2011-12-19,26.046335220336914,26.373199462890625,25.45798110961914,25.54203224182129,15.38334846496582,4134297
2011-12-20,25.99964141845703,26.87750244140625,25.99964141845703,26.616012573242188,16.03018569946289,4495472
2011-12-21,26.700063705444336,26.849485397338867,26.289148330688477,26.812129974365234,16.148303985595703,3645912
2011-12-22,26.99890899658203,27.22304344177246,26.78411293029785,27.045604705810547,16.288915634155273,2933092
2011-12-23,27.176349639892578,27.316434860229492,26.933536529541016,27.30709457397461,16.446401596069336,2375748
2011-12-27,27.260400772094727,27.718008041381836,27.251060485839844,27.475196838378906,16.54764747619629,2459484
2011-12-28,27.587263107299805,27.680652618408203,27.176349639892578,27.363128662109375,16.48015594482422,3430899
2011-12-29,27.447179794311523,27.876771926879883,27.269739151000977,27.680652618408203,16.67139434814453,3179586
2011-12-30,27.7740421295166,27.830076217651367,27.549907684326172,27.64329719543457,16.648895263671875,2493749
2012-01-03,28.231651306152344,28.483802795410156,27.671314239501953,27.98883819580078,16.857004165649414,5262903
2012-01-04,27.876771926879883,28.250328063964844,27.76470375061035,28.110244750976562,16.93012237548828,4673544
2012-01-05,28.026193618774414,28.698598861694336,27.50321388244629,28.43710708618164,17.12698745727539,4821312
2012-01-06,28.502479553222656,29.21224021911621,28.390413284301758,28.894716262817383,17.40260124206543,4741432
2012-01-09,28.894716262817383,29.118850708007812,28.63322639465332,29.016122817993164,17.475717544555664,9902610
2012-01-10,29.42703628540039,29.74456024169922,29.137529373168945,29.249597549438477,17.6163272857666,4492367
2012-01-11,29.174884796142578,29.483070373535156,29.044139862060547,29.08149528503418,17.515085220336914,4222101
2012-01-12,29.249597549438477,29.66050910949707,29.07215690612793,29.64183235168457,17.85256004333496,4511748
2012-01-13,29.436376571655273,29.483070373535156,29.09083366394043,29.40835952758789,17.711946487426758,4439578
2012-01-17,29.697866439819336,29.83795166015625,29.501747131347656,29.585798263549805,17.818815231323242,5014803
2012-01-18,29.473730087280273,30.024730682373047,29.31496810913086,29.95001792907715,18.038177490234375,3933311
2012-01-19,30.164813995361328,30.42630386352539,30.006052017211914,30.28622055053711,18.24066162109375,3713800
2012-01-20,30.276880264282227,30.370271682739258,29.847288131713867,30.314237594604492,18.257545471191406,4155070
2012-01-23,30.351593017578125,30.360931396484375,29.324308395385742,29.352325439453125,17.67820167541504,7933224
2012-01-24,29.174884796142578,30.211509704589844,29.174884796142578,30.034067153930664,18.088794708251953,4483908
2012-01-25,29.7539005279541,29.7539005279541,29.19356346130371,29.249597549438477,17.6163272857666,7492811
2012-01-26,29.41769790649414,29.781917572021484,29.07215690612793,29.184223175048828,17.57695770263672,4418055
2012-01-27,29.100173950195312,29.184223175048828,28.558513641357422,28.932071685791016,17.42508888244629,4850223
2012-01-30,28.605209350585938,29.20290184020996,28.483802795410156,29.034801483154297,17.48695945739746,3660796
2012-01-31,29.324308395385742,29.455053329467773,28.86669921875,29.08149528503418,17.515085220336914,3544938
2012-02-01,29.399019241333008,29.697866439819336,29.240257263183594,29.30562973022461,17.65007972717285,4253904
2012-02-02,29.847288131713867,30.118118286132812,29.473730087280273,29.51108741760254,17.773815155029297,4567108
2012-02-03,29.7539005279541,30.034067153930664,29.604476928710938,29.74456024169922,17.9144287109375,5607696
2012-02-06,29.576459884643555,29.688526153564453,29.184223175048828,29.389680862426758,17.70069694519043,4203256
2012-02-07,29.258935928344727,29.352325439453125,28.820005416870117,29.053478240966797,17.498212814331055,6233890
2012-02-08,29.09083366394043,29.20290184020996,28.85736083984375,28.904054641723633,17.408218383789062,4600302
2012-02-09,29.025461196899414,29.52976417541504,28.913394927978516,29.399019241333008,17.706323623657227,3548792
2012-02-10,29.184223175048828,29.791255950927734,28.913394927978516,29.74456024169922,17.9144287109375,8216340
2012-02-13,29.893983840942383,31.023996353149414,29.828611373901367,30.837217330932617,18.72715187072754,10572065
2012-02-14,30.809200286865234,30.96796417236328,30.547710418701172,30.865234375,18.74416160583496,6554697
2012-02-15,31.052013397216797,31.089370727539062,30.575727462768555,30.678455352783203,18.630739212036133,4588417
2012-02-16,30.995981216430664,31.64036750793457,30.71581268310547,31.472267150878906,19.112815856933594,6272439
2012-02-17,31.556318283081055,31.556318283081055,30.921268463134766,31.248132705688477,18.97669792175293,5785767
2012-02-21,31.453588485717773,31.556318283081055,30.995981216430664,31.117387771606445,18.897306442260742,4159782
2012-02-22,30.9399471282959,31.164081573486328,30.7531681060791,30.911930084228516,18.772525787353516,3392351
2012-02-23,30.71581268310547,31.19209861755371,30.557050704956055,30.781185150146484,18.69312286376953,3228628
2012-02-24,30.790523529052734,31.108047485351562,30.687795639038086,30.74382972717285,18.670442581176758,7177251
2012-02-27,30.603744506835938,31.85516357421875,30.585067749023438,31.668384552001953,19.23191261291504,6272331
2012-02-28,31.7337589263916,32.490211486816406,31.50962257385254,32.340789794921875,19.6402587890625,9314964
2012-02-29,32.43417739868164,33.6202278137207,32.43417739868164,32.826416015625,19.9351749420166,10625175
2012-03-01,32.85443115234375,33.13460159301758,32.6769905090332,32.873111724853516,19.96353530883789,4566894
2012-03-02,32.910465240478516,33.6202278137207,32.901126861572266,33.26534652709961,20.201736450195312,5169745
2012-03-05,33.218650817871094,33.54551315307617,33.0131950378418,33.14393997192383,20.128007888793945,5112351
2012-03-06,32.73302459716797,32.86376953125,32.490211486816406,32.807735443115234,19.923831939697266,6213760
2012-03-07,32.873111724853516,32.919803619384766,31.901859283447266,32.471534729003906,19.71965789794922,7697652
2012-03-08,32.72368621826172,33.218650817871094,32.6583137512207,32.95716094970703,20.014575958251953,5016409
2012-03-09,33.11592483520508,33.26534652709961,32.6583137512207,32.901126861572266,19.980548858642578,4229168
2012-03-12,32.919803619384766,33.209312438964844,32.86376953125,33.13460159301758,20.122329711914062,3960937
2012-03-13,33.29336166381836,33.900394439697266,33.227989196777344,33.891056060791016,20.581716537475586,6060637
2012-03-14,33.881717681884766,34.08717346191406,33.209312438964844,33.349395751953125,20.252771377563477,5368483
2012-03-15,33.349395751953125,33.62956619262695,32.882450103759766,33.56419372558594,20.383228302001953,6434876
2012-03-16,33.56419372558594,33.56419372558594,32.97583770751953,33.218650817871094,20.17337417602539,6587356
2012-03-19,33.25600814819336,33.41476821899414,32.910465240478516,33.09724426269531,20.09964370727539,3852681
2012-03-20,32.75170135498047,32.99451446533203,32.443519592285156,32.96649932861328,20.020244598388672,5362272
2012-03-21,33.14393997192383,33.42410659790039,33.05989074707031,33.321380615234375,20.235761642456055,4591093
2012-03-22,32.807735443115234,32.910465240478516,32.312774658203125,32.73302459716797,19.878461837768555,4019723
2012-03-23,32.826416015625,32.901126861572266,32.25674057006836,32.86376953125,19.95785903930664,5106248
2012-03-26,33.209312438964844,33.6575813293457,33.16261672973633,33.60154724121094,20.405902862548828,4263648
2012-03-27,33.69493865966797,33.83502197265625,33.358734130859375,33.368072509765625,20.26412010192871,4011050
2012-03-28,33.26534652709961,33.330718994140625,32.41550064086914,32.56492233276367,19.77637481689453,5412171
2012-03-29,32.312774658203125,32.92914581298828,32.26607894897461,32.83575439453125,19.94084358215332,4098640
2012-03-30,33.0131950378418,33.0131950378418,32.471534729003906,32.779720306396484,19.90682029724121,4136653
2012-04-02,32.779720306396484,32.97583770751953,32.59294128417969,32.8450927734375,19.946517944335938,4571284
2012-04-03,32.826416015625,33.237327575683594,32.55558395385742,32.66765213012695,19.838754653930664,6372878
2012-04-04,32.73302459716797,32.891788482666016,32.312774658203125,32.779720306396484,19.90682029724121,4933637
2012-04-05,32.70500946044922,32.97583770751953,32.359466552734375,32.56492233276367,19.77637481689453,3734252
2012-04-09,31.9205379486084,31.98590850830078,31.593673706054688,31.72441864013672,19.265945434570312,5400606
2012-04-10,31.71508026123047,31.76177406311035,30.444982528686523,30.51035499572754,18.528654098510742,9013003
2012-04-11,31.005319595336914,31.06135368347168,30.547710418701172,30.575727462768555,18.568357467651367,6592710
2012-04-12,30.65043830871582,31.17342185974121,30.557050704956055,31.07069206237793,18.86893653869629,5493979
2012-04-13,31.023996353149414,31.136064529418945,30.73448944091797,30.790523529052734,18.698795318603516,4286563
2012-04-16,30.85589599609375,31.014657974243164,30.51969337463379,30.687795639038086,18.636411666870117,4642063
2012-04-17,30.827878952026367,31.126726150512695,30.491676330566406,31.023996353149414,18.84058380126953,5172958
2012-04-18,30.883913040161133,31.052013397216797,30.76250648498535,30.865234375,18.74416160583496,3797107
2012-04-19,30.902591705322266,31.023996353149414,30.51969337463379,30.781185150146484,18.69312286376953,3608970
2012-04-20,30.911930084228516,31.17342185974121,30.771846771240234,30.837217330932617,18.72715187072754,3544188
2012-04-23,30.43564224243164,30.444982528686523,29.847288131713867,30.164813995361328,18.318815231323242,4892198
2012-04-24,30.248863220214844,30.72515106201172,30.211509704589844,30.65043830871582,18.613725662231445,4723657
2012-04-25,30.902591705322266,31.388216018676758,30.837217330932617,31.332183837890625,19.027740478515625,4397174
2012-04-26,31.19209861755371,31.687063217163086,31.154743194580078,31.518962860107422,19.141172409057617,5434015
2012-04-27,31.518962860107422,32.0512809753418,31.313505172729492,31.612350463867188,19.197887420654297,5565828
2012-04-30,31.453588485717773,31.462928771972656,30.771846771240234,31.108047485351562,18.89162826538086,5334110
2012-05-01,31.033336639404297,31.388216018676758,30.669116973876953,31.19209861755371,18.94267463684082,5652990
2012-05-02,30.96796417236328,31.20143699645996,30.76250648498535,31.126726150512695,18.902971267700195,3801497
2012-05-03,31.089370727539062,31.145404815673828,30.454320907592773,30.585067749023438,18.574024200439453,4071656
2012-05-04,30.529033660888672,30.575727462768555,29.791255950927734,30.006052017211914,18.222396850585938,3951728
2012-05-07,29.85662841796875,30.20216941833496,29.819272994995117,29.83795166015625,18.120309829711914,4245659
2012-05-08,29.595138549804688,29.63249397277832,28.8480224609375,29.576459884643555,17.961509704589844,6732340
2012-05-09,29.174884796142578,29.41769790649414,28.72661590576172,29.277612686157227,17.780014038085938,6633935
2012-05-10,29.51108741760254,29.65117073059082,29.06281852722168,29.174884796142578,17.717634201049805,4416556
2012-05-11,28.894716262817383,29.557781219482422,28.76397132873535,29.21224021911621,17.740320205688477,4365693
2012-05-14,28.95075035095215,29.137529373168945,28.577192306518555,28.717275619506836,17.439733505249023,4906118
2012-05-15,28.64256477355957,29.40835952758789,28.502479553222656,28.894716262817383,17.547489166259766,7019417
2012-05-16,29.06281852722168,29.100173950195312,28.06355094909668,28.100906372070312,17.065425872802734,6594959
2012-05-17,28.128921508789062,28.269006729125977,26.849485397338867,26.886842727661133,16.3281307220459,8786854
2012-05-18,26.9615535736084,27.22304344177246,26.718740463256836,26.97089195251465,16.37917137145996,5415918
2012-05-21,26.99890899658203,28.016855239868164,26.99890899658203,27.932804107666016,16.96333122253418,5494728
2012-05-22,27.73668670654297,28.28768539428711,27.465856552124023,27.699331283569336,16.97077178955078,5385508
2012-05-23,27.391145706176758,27.932804107666016,26.905519485473633,27.820737838745117,17.04515266418457,6974980
2012-05-24,27.876771926879883,28.222312927246094,27.353788375854492,27.661975860595703,16.947885513305664,5978830
2012-05-25,27.75536346435547,27.7740421295166,27.167009353637695,27.372467041015625,16.7705078125,5432087
2012-05-29,27.661975860595703,28.240989685058594,27.661975860595703,27.942142486572266,17.119535446166992,5127985
2012-05-30,27.587263107299805,27.624618530273438,27.241722106933594,27.344449996948242,16.75334358215332,3778690
2012-05-31,27.316434860229492,27.52189064025879,26.830808639526367,27.269739151000977,16.707571029663086,4582527
2012-06-01,26.569316864013672,26.7747745513916,26.167743682861328,26.270471572875977,16.095338821411133,4216212
2012-06-04,26.29848861694336,26.29848861694336,25.485998153686523,25.97162437438965,15.912245750427246,5908479
2012-06-05,25.868896484375,26.354522705078125,25.78484535217285,26.22377586364746,16.066734313964844,3642165
2012-06-06,26.42923355102539,27.251060485839844,26.42923355102539,27.241722106933594,16.690401077270508,5925076
2012-06-07,27.699331283569336,28.259668350219727,27.185688018798828,27.28841781616211,16.719011306762695,5389791
2012-06-08,27.157670974731445,27.363128662109375,26.700063705444336,27.335111618041992,16.74761962890625,3590874
2012-06-11,27.661975860595703,27.718008041381836,26.700063705444336,26.718740463256836,16.369983673095703,3702557
2012-06-12,26.830808639526367,27.241722106933594,26.72808074951172,27.22304344177246,16.678958892822266,3361619
2012-06-13,27.120315551757812,27.316434860229492,26.616012573242188,26.709402084350586,16.3642635345459,2998409
2012-06-14,26.709402084350586,27.045604705810547,26.503944396972656,26.87750244140625,16.467252731323242,3447924
2012-06-15,27.08296012878418,27.167009353637695,26.681385040283203,26.933536529541016,16.5015869140625,4031609
2012-06-18,26.905519485473633,27.391145706176758,26.65336799621582,27.232383728027344,16.684680938720703,3932133
2012-06-19,27.391145706176758,28.21297264099121,27.260400772094727,27.95148277282715,17.125255584716797,5031721
2012-06-20,27.923465728759766,27.99817657470703,27.447179794311523,27.708669662475586,16.976491928100586,3361298
2012-06-21,27.802059173583984,27.904787063598633,26.933536529541016,26.9615535736084,16.518749237060547,2868202
2012-06-22,27.138992309570312,27.391145706176758,26.681385040283203,27.28841781616211,16.719011306762695,5641211
2012-06-25,26.896181106567383,26.905519485473633,26.270471572875977,26.326505661010742,16.129669189453125,3583700
2012-06-26,26.335844039916992,26.44791030883789,26.046335220336914,26.158403396606445,16.026676177978516,4117700
2012-06-27,26.279809951782227,26.550640106201172,26.177080154418945,26.30782699584961,16.118227005004883,3380572
2012-06-28,26.158403396606445,26.205097198486328,25.588727951049805,26.046335220336914,15.958016395568848,4328537
2012-06-29,26.849485397338867,27.101638793945312,26.709402084350586,26.99890899658203,16.541635513305664,5196729
2012-07-02,26.99890899658203,27.120315551757812,26.466588973999023,27.045604705810547,16.570249557495117,3899474
2012-07-03,27.120315551757812,27.867431640625,27.064281463623047,27.615280151367188,16.919273376464844,2471798
2012-07-05,27.559246063232422,27.727346420288086,27.110977172851562,27.559246063232422,16.88494300842285,2249931
2012-07-06,27.110977172851562,27.241722106933594,26.914859771728516,27.148332595825195,16.63319206237793,4085148
2012-07-09,27.064281463623047,27.129655838012695,26.700063705444336,26.99890899658203,16.541635513305664,3709089
2012-07-10,27.129655838012695,27.41916275024414,26.419893264770508,26.672046661376953,16.341373443603516,4081936
2012-07-11,27.167009353637695,27.942142486572266,27.110977172851562,27.74602508544922,16.999380111694336,8505130
2012-07-12,27.42850112915039,28.325040817260742,27.260400772094727,28.06355094909668,17.193918228149414,5494086
2012-07-13,28.09156608581543,29.31496810913086,28.035533905029297,28.717275619506836,17.59444236755371,6979584
2012-07-16,28.679920196533203,28.87603759765625,27.97015953063965,28.670581817626953,17.565837860107422,5865326
2012-07-17,28.932071685791016,30.118118286132812,28.932071685791016,29.7725772857666,18.24100112915039,8328879
2012-07-18,29.501747131347656,30.463659286499023,29.324308395385742,30.19283103942871,18.49848175048828,6847664
2012-07-19,30.239524841308594,30.687795639038086,29.679187774658203,30.43564224243164,18.647245407104492,6912018
2012-07-20,30.155475616455078,30.613082885742188,29.97803497314453,30.155475616455078,18.4755916595459,4735221
2012-07-23,30.099441528320312,30.267541885375977,29.557781219482422,29.98737335205078,18.37259864807129,4600731
2012-07-24,29.9593563079834,30.08076286315918,29.06281852722168,29.333646774291992,17.972082138061523,4170704
2012-07-25,29.72588348388672,29.903322219848633,29.025461196899414,29.29629135131836,17.94919204711914,5075302
2012-07-26,30.09010124206543,31.434911727905273,29.884645462036133,30.29555892944336,18.561426162719727,5919508
2012-07-27,30.893251419067383,31.40689468383789,30.678455352783203,31.154743194580078,19.087827682495117,6170714
2012-07-30,31.098709106445312,31.098709106445312,30.51969337463379,30.669116973876953,18.79029655456543,4035571
2012-07-31,30.706472396850586,30.902591705322266,30.603744506835938,30.64109992980957,18.773128509521484,2988665
2012-08-01,30.790523529052734,30.921268463134766,30.258203506469727,30.28622055053711,18.555696487426758,2916816
2012-08-02,29.809934616088867,30.19283103942871,29.40835952758789,29.922000885009766,18.332544326782227,4348240
2012-08-03,30.332914352416992,30.9399471282959,30.30489730834961,30.547710418701172,18.715906143188477,3667756
2012-08-06,30.575727462768555,30.74382972717285,30.379610061645508,30.63176155090332,18.76740074157715,2582838
2012-08-07,30.7531681060791,31.304166793823242,30.669116973876953,31.033336639404297,19.013446807861328,3223274
2012-08-08,30.865234375,30.893251419067383,30.50101661682129,30.575727462768555,18.733076095581055,3943055
2012-08-09,30.360931396484375,30.799863815307617,30.099441528320312,30.529033660888672,18.704465866088867,3155386
2012-08-10,30.351593017578125,30.911930084228516,30.28622055053711,30.71581268310547,18.818899154663086,4702669
2012-08-13,30.986642837524414,31.789791107177734,30.93060874938965,31.696401596069336,19.576223373413086,6886105
2012-08-14,31.808469772338867,32.17268753051758,31.584333419799805,31.85516357421875,19.67428207397461,5821424
2012-08-15,31.71508026123047,32.16334915161133,31.50028419494629,32.06996154785156,19.806943893432617,5792620
2012-08-16,32.10731506347656,32.798397064208984,32.04194259643555,32.57426452636719,20.118406295776367,6524608
2012-08-17,32.789058685302734,32.826416015625,32.10731506347656,32.29409408569336,19.94536781311035,3546115
2012-08-20,31.864503860473633,32.340789794921875,31.350860595703125,32.25674057006836,19.922298431396484,4330893
2012-08-21,32.378143310546875,32.6769905090332,32.17268753051758,32.368804931640625,19.991512298583984,4379828
2012-08-22,32.14467239379883,32.443519592285156,31.892520904541016,32.42483901977539,20.0261173248291,3857606
2012-08-23,32.312774658203125,32.312774658203125,31.780452728271484,31.911197662353516,19.708881378173828,2769155
2012-08-24,31.873842239379883,32.43417739868164,31.808469772338867,32.26607894897461,19.928068161010742,2403053
2012-08-27,32.312774658203125,32.368804931640625,32.10731506347656,32.18202590942383,19.87615966796875,1830398
2012-08-28,32.16334915161133,32.39682388305664,31.995248794555664,32.06996154785156,19.806943893432617,2471048
2012-08-29,32.11665344238281,32.59294128417969,31.9392147064209,32.54624557495117,20.10110092163086,3409376
2012-08-30,32.40616226196289,32.41550064086914,32.00458526611328,32.08863830566406,19.818477630615234,2465587
2012-08-31,32.443519592285156,32.51823043823242,32.04194259643555,32.27541732788086,19.933835983276367,2664539
2012-09-04,32.18202590942383,32.49955368041992,31.71508026123047,31.9205379486084,19.71465301513672,4516353
2012-09-05,31.901859283447266,32.17268753051758,31.71508026123047,31.9205379486084,19.71465301513672,3623961
2012-09-06,32.443519592285156,33.312042236328125,32.443519592285156,33.199974060058594,20.50485610961914,5259798
2012-09-07,33.349395751953125,34.0311393737793,33.349395751953125,33.900394439697266,20.93744659423828,7719496
2012-09-10,32.6769905090332,33.25600814819336,32.29409408569336,32.490211486816406,20.066499710083008,8582548
2012-09-11,32.49955368041992,32.57426452636719,32.17268753051758,32.200706481933594,19.887691497802734,4491189
2012-09-12,32.322113037109375,32.779720306396484,32.322113037109375,32.74236297607422,20.222225189208984,4133976
2012-09-13,32.8450927734375,33.95642852783203,32.71434783935547,33.39609146118164,20.6259822845459,6563156
2012-09-14,33.39609146118164,34.08717346191406,33.0505485534668,33.17195510864258,20.487548828125,6070810
2012-09-17,32.49955368041992,32.61161804199219,31.827146530151367,31.9205379486084,19.71465301513672,6625155
2012-09-18,32.238059997558594,32.490211486816406,31.481605529785156,31.817808151245117,19.651206970214844,6728485
2012-09-19,31.95789337158203,32.06996154785156,31.62169075012207,31.873842239379883,19.685815811157227,4600195
2012-09-20,31.612350463867188,32.49955368041992,31.481605529785156,32.40616226196289,20.01458168029785,4838445
2012-09-21,34.04047775268555,34.08717346191406,33.0131950378418,33.16261672973633,20.481779098510742,8856669
2012-09-24,34.432716369628906,34.787593841552734,34.0498161315918,34.348663330078125,21.214305877685547,9803242
2012-09-25,34.329986572265625,34.40469741821289,33.59220886230469,33.59220886230469,20.747114181518555,6150905
2012-09-26,33.37741470336914,33.788326263427734,33.17195510864258,33.64824295043945,20.781715393066406,5071554
2012-09-27,33.74163055419922,34.217918395996094,33.73229217529297,34.13386917114258,21.081645965576172,3359906
2012-09-28,33.872379302978516,34.08717346191406,33.6202278137207,33.919071197509766,20.948986053466797,4635210
2012-10-01,34.0311393737793,34.320648193359375,33.66691970825195,33.769649505615234,20.85670280456543,3424046
2012-10-02,33.83502197265625,34.0311393737793,33.54551315307617,33.61088562011719,20.758642196655273,3608007
2012-10-03,33.66691970825195,33.95642852783203,33.433448791503906,33.797664642333984,20.87399673461914,2857601
2012-10-04,33.98444366455078,34.227256774902344,33.863037109375,34.07783508300781,21.047042846679688,2881587
2012-10-05,34.348663330078125,34.909000396728516,34.199241638183594,34.37668228149414,21.23160743713379,3984280
2012-10-08,34.16188430786133,34.479408264160156,33.81634521484375,34.41403579711914,21.254676818847656,3322643
2012-10-09,34.36734390258789,34.52610397338867,34.0124626159668,34.15254592895508,21.09317970275879,3043596
2012-10-10,34.09651184082031,34.29262924194336,33.788326263427734,34.189903259277344,21.116256713867188,3992311
2012-10-11,34.53544235229492,34.8623046875,34.358001708984375,34.778255462646484,21.479623794555664,5220179
2012-10-12,34.759578704833984,34.880985260009766,34.227256774902344,34.36734390258789,21.225841522216797,3286450
2012-10-15,34.55411911010742,35.15181350708008,34.41403579711914,35.10511779785156,21.681499481201172,2867024
2012-10-16,35.17049026489258,35.870914459228516,35.17049026489258,35.6747932434082,22.033348083496094,3788648
2012-10-17,35.70281219482422,35.880252838134766,34.787593841552734,35.0304069519043,21.635366439819336,5609623
2012-10-18,35.00239181518555,35.749507904052734,35.00239181518555,35.62810134887695,22.00450897216797,4182375
2012-10-19,35.68413543701172,35.72148895263672,34.8623046875,34.94635772705078,21.58344841003418,3605223
2012-10-22,34.94635772705078,35.16115188598633,34.66618728637695,35.14247512817383,21.704578399658203,4005375
2012-10-23,34.451393127441406,34.70354461669922,34.27395248413086,34.348663330078125,21.214305877685547,3375968
2012-10-24,34.470069885253906,34.778255462646484,33.82568359375,33.97510528564453,20.983585357666016,4212893
2012-10-25,33.42410659790039,33.68560028076172,32.52756881713867,32.92914581298828,20.337587356567383,7637367
2012-10-26,32.92914581298828,33.330718994140625,32.86376953125,33.302703857421875,20.568302154541016,5012554
2012-10-31,33.68560028076172,33.68560028076172,32.919803619384766,33.461463928222656,20.666353225708008,4444075
2012-11-01,33.452125549316406,34.52610397338867,33.218650817871094,34.488746643066406,21.300832748413086,4408953
2012-11-02,34.60081481933594,34.60081481933594,33.41476821899414,33.55485153198242,20.72403335571289,4534663
2012-11-05,33.55485153198242,33.61088562011719,32.807735443115234,33.0318717956543,20.401039123535156,3841009
2012-11-06,33.0505485534668,33.6575813293457,33.0318717956543,33.26534652709961,20.54523468017578,3338490
2012-11-07,32.83575439453125,32.94782257080078,32.55558395385742,32.6583137512207,20.170318603515625,4000984
2012-11-08,32.75170135498047,32.75170135498047,31.883180618286133,32.200706481933594,19.887691497802734,3610255
2012-11-09,31.827146530151367,33.28402328491211,31.827146530151367,32.54624557495117,20.10110092163086,4172203
2012-11-12,32.42483901977539,32.53690719604492,32.06996154785156,32.368804931640625,19.991512298583984,2455201
2012-11-13,32.02326583862305,32.29409408569336,31.518962860107422,32.08863830566406,19.99150848388672,4303267
2012-11-14,32.13533401489258,32.13533401489258,31.313505172729492,31.397554397583008,19.560964584350586,4469345
2012-11-15,31.537639617919922,32.02326583862305,31.322843551635742,31.42557144165039,19.57841682434082,4113203
2012-11-16,31.434911727905273,32.09797668457031,30.771846771240234,32.04194259643555,19.96242332458496,6334865
2012-11-19,32.68633270263672,33.27468490600586,32.43417739868164,33.237327575683594,20.70716094970703,4259900
2012-11-20,33.12525939941406,33.26534652709961,32.83575439453125,33.02253341674805,20.573333740234375,3690671
2012-11-21,33.16261672973633,33.18129348754883,32.97583770751953,33.11592483520508,20.631521224975586,2047660
2012-11-23,33.321380615234375,33.863037109375,33.28402328491211,33.863037109375,21.096981048583984,1348974
2012-11-26,33.70427703857422,33.769649505615234,33.358734130859375,33.71361541748047,21.00389289855957,2205601
2012-11-27,33.60154724121094,34.329986572265625,33.470802307128906,33.85369873046875,21.09116554260254,4827951
2012-11-28,33.60154724121094,34.52610397338867,33.470802307128906,34.488746643066406,21.4868106842041,3422440
2012-11-29,34.55411911010742,34.8623046875,34.348663330078125,34.8436279296875,21.70789337158203,3880093
2012-11-30,34.85296630859375,34.880985260009766,34.442054748535156,34.68486785888672,21.608983993530273,2513023
2012-12-03,34.787593841552734,34.97437286376953,34.30196762084961,34.37668228149414,21.4169864654541,2764978
2012-12-04,34.28329086303711,34.768917083740234,33.788326263427734,33.85369873046875,21.09116554260254,4247158
2012-12-05,33.85369873046875,33.95642852783203,32.789058685302734,33.64824295043945,20.963167190551758,5695500
2012-12-06,33.72295379638672,33.750972747802734,33.368072509765625,33.59220886230469,20.92824935913086,3120372
2012-12-07,33.71361541748047,33.85369873046875,33.461463928222656,33.6575813293457,20.968978881835938,2406052
2012-12-10,33.51749801635742,33.96576690673828,33.48948287963867,33.928409576416016,21.137710571289062,2031706
2012-12-11,34.10585021972656,34.69420623779297,34.09651184082031,34.6755256652832,21.60316276550293,4035464
2012-12-12,34.83428955078125,35.27322006225586,34.56346130371094,34.909000396728516,21.748628616333008,5452539
2012-12-13,35.39462661743164,35.59074401855469,34.918338775634766,35.15181350708008,21.899906158447266,5428554
2012-12-14,35.17049026489258,35.68413543701172,35.16115188598633,35.54404830932617,22.144262313842773,3228307
2012-12-17,35.60942459106445,35.72148895263672,35.30123519897461,35.6374397277832,22.202455520629883,3691742
2012-12-18,35.68413543701172,36.40323257446289,35.50669479370117,36.36587905883789,22.65627670288086,3654157
2012-12-19,36.300506591796875,36.51530075073242,36.07637023925781,36.328521728515625,22.63300132751465,3525235
2012-12-20,36.319183349609375,37.13167190551758,36.235130310058594,36.9729118347168,23.03446388244629,4558220
2012-12-21,36.58067321777344,36.888858795166016,36.179100036621094,36.71141815185547,22.871543884277344,4653627
2012-12-24,36.6180305480957,37.13167190551758,36.42190933227539,36.860843658447266,22.964641571044922,1421359
2012-12-26,36.9915885925293,37.187705993652344,36.8421630859375,37.06629943847656,23.092639923095703,2261924
2012-12-27,37.00092697143555,37.12233352661133,36.51530075073242,37.00092697143555,23.051916122436523,2159557
2012-12-28,36.57133483886719,36.68340301513672,36.27248764038086,36.337860107421875,22.638818740844727,2949582
2012-12-31,36.179100036621094,37.24374008178711,36.09504699707031,37.206382751464844,23.179912567138672,3778368
2013-01-02,37.47721481323242,37.95349884033203,37.309112548828125,37.81341552734375,23.55809783935547,4776553
2013-01-03,37.69200897216797,37.906803131103516,37.309112548828125,37.70134735107422,23.4882869720459,4217711
2013-01-04,37.69200897216797,38.186973571777344,37.49589157104492,38.14961624145508,23.767560958862305,3504248
2013-01-07,37.888126373291016,38.22433090209961,37.79473876953125,38.09358215332031,23.732648849487305,2661112
2013-01-08,37.92548370361328,38.0095329284668,37.50522994995117,37.738704681396484,23.511558532714844,4050133
2013-01-09,37.776058197021484,38.07490539550781,37.47721481323242,37.66399383544922,23.46501350402832,3814133
2013-01-10,37.82275390625,37.850772857666016,36.91687774658203,37.36514663696289,23.278823852539062,4166849
2013-01-11,37.48655319213867,37.48655319213867,37.0289421081543,37.458534240722656,23.337011337280273,1929981
2013-01-14,37.467872619628906,38.13093948364258,37.467872619628906,38.13093948364258,23.75592613220215,3695061
2013-01-15,37.850772857666016,38.214988708496094,37.36514663696289,38.10292434692383,23.738466262817383,3493326
2013-01-16,37.869449615478516,38.07490539550781,37.738704681396484,37.906803131103516,23.616281509399414,2018000
2013-01-17,38.14027786254883,39.410377502441406,38.03755187988281,38.887393951416016,24.22720718383789,5224569
2013-01-18,38.90607452392578,39.13954544067383,38.775325775146484,39.13954544067383,24.384296417236328,3241370
2013-01-22,38.896732330322266,39.326324462890625,38.868717193603516,39.279632568359375,24.471572875976562,3831801
2013-01-23,39.204917907714844,39.66252899169922,39.13020706176758,39.457069396972656,24.582115173339844,3590018
2013-01-24,39.49442672729492,39.91468048095703,39.410377502441406,39.58781433105469,24.663564682006836,2875483
2013-01-25,39.783935546875,39.783935546875,39.410377502441406,39.69988250732422,24.7333927154541,3268675
2013-01-28,39.62517166137695,39.62517166137695,38.93408966064453,39.335662841796875,24.5064754486084,3891015
2013-01-29,38.27102279663086,39.50376510620117,38.27102279663086,39.13020706176758,24.378475189208984,5912869
2013-01-30,38.8406982421875,39.279632568359375,38.756649017333984,39.0088005065918,24.302845001220703,4471915
2013-01-31,38.878055572509766,39.204917907714844,38.68193817138672,38.68193817138672,24.099197387695312,3096814
2013-02-01,39.08351135253906,39.6345100402832,39.07417297363281,39.55046081542969,24.640300750732422,3740998
2013-02-04,39.214256286621094,39.40103530883789,39.08351135253906,39.335662841796875,24.5064754486084,3253042
2013-02-05,39.57847595214844,40.06410217285156,39.57847595214844,39.96137237548828,24.896299362182617,3612932
2013-02-06,39.774593353271484,39.9707145690918,39.53178024291992,39.64384841918945,24.698474884033203,2915102
2013-02-07,39.81195068359375,39.83062744140625,38.878055572509766,39.36368179321289,24.523929595947266,2340627
2013-02-08,39.49442672729492,39.81195068359375,39.38235855102539,39.783935546875,24.785751342773438,2010825
2013-02-11,39.66252899169922,39.68120574951172,39.25161361694336,39.38235855102539,24.535573959350586,2785323
2013-02-12,39.335662841796875,39.55046081542969,39.214256286621094,39.23293685913086,24.44247817993164,2627383
2013-02-13,39.13020706176758,39.195579528808594,38.83135986328125,38.9901237487793,24.465911865234375,4097783
2013-02-14,38.8406982421875,39.22359848022461,38.8033447265625,39.03681945800781,24.49521827697754,3416229
2013-02-15,39.15822219848633,39.765254974365234,39.13020706176758,39.38235855102539,24.712047576904297,3221025
2013-02-19,39.316986083984375,39.69054412841797,39.05549621582031,39.13954544067383,24.559680938720703,3068224
2013-02-20,39.07417297363281,39.167564392089844,37.28109359741211,37.421180725097656,23.48142433166504,6753649
2013-02-21,37.23440170288086,38.9901237487793,36.860843658447266,38.57920837402344,24.208070755004883,10891479
2013-02-22,38.8033447265625,40.157493591308594,38.8033447265625,40.157493591308594,25.198421478271484,8468938
2013-02-25,40.465675354003906,40.6151008605957,39.01813888549805,39.0274772644043,24.489360809326172,7448695
2013-02-26,39.36368179321289,40.06410217285156,39.195579528808594,39.92401885986328,25.051931381225586,5357239
2013-02-27,40.12013626098633,41.324859619140625,40.11079788208008,41.13808059692383,25.813737869262695,5817891
2013-02-28,41.09138870239258,41.782470703125,40.90460968017578,41.10072708129883,25.790298461914062,4884810
2013-03-01,40.848575592041016,41.79180908203125,40.6337776184082,41.35287857055664,25.94852066040039,4551046
2013-03-04,41.166099548339844,41.60503005981445,41.03535461425781,41.5956916809082,26.10088539123535,3682426
2013-03-05,41.847843170166016,42.398841857910156,41.79180908203125,42.26809310913086,26.522809982299805,4641742
2013-03-06,42.56694030761719,43.09926223754883,42.53892517089844,43.0058708190918,26.985763549804688,4793472
2013-03-07,43.07124328613281,43.22066879272461,42.92182159423828,43.183311462402344,27.09709930419922,3040063
2013-03-08,43.35141372680664,43.79034423828125,43.276702880859375,43.68761444091797,27.413543701171875,3610577
2013-03-11,43.51017761230469,44.126548767089844,43.286041259765625,43.89307403564453,27.542470932006836,4762419
2013-03-12,43.846378326416016,44.07985305786133,43.164634704589844,43.173973083496094,27.09124755859375,4608761
2013-03-13,43.183311462402344,43.23934555053711,42.6323127746582,42.716365814208984,26.804096221923828,4888129
2013-03-14,42.753719329833984,43.0058708190918,42.66033172607422,42.865787506103516,26.897863388061523,3061693
2013-03-15,42.80975341796875,42.91248321533203,42.53892517089844,42.64165115356445,26.757217407226562,5229495
2013-03-18,41.95991134643555,42.55760192871094,41.81982421875,42.389503479003906,26.598995208740234,3424367
2013-03-19,42.156028747558594,42.55760192871094,41.8011474609375,41.97858810424805,26.341148376464844,3570208
2013-03-20,42.35214614868164,42.753719329833984,42.26809310913086,42.5762825012207,26.716190338134766,5033970
2013-03-21,42.305450439453125,42.52958679199219,41.82916259765625,41.89453887939453,26.288410186767578,3064584
2013-03-22,42.02528381347656,42.47355270385742,42.01594161987305,42.11867141723633,26.429046630859375,2988130
2013-03-25,42.165367126464844,42.454872131347656,41.6143684387207,42.10933303833008,26.423185348510742,3257111
2013-03-26,42.445533752441406,42.79107666015625,42.12800979614258,42.744380950927734,26.82166862487793,4601908
2013-03-27,42.324127197265625,42.66967010498047,42.08131790161133,42.55760192871094,26.704469680786133,3803639
2013-03-28,42.58562088012695,43.64092254638672,42.51090621948242,43.50083541870117,27.296356201171875,5531563
2013-04-01,43.444801330566406,43.58488845825195,43.09926223754883,43.24868392944336,27.138132095336914,3743247
2013-04-02,43.58488845825195,45.36862564086914,43.47282028198242,44.88300323486328,28.163652420043945,8772291
2013-04-03,44.89234161376953,44.91101837158203,43.145957946777344,43.23934555053711,27.13225555419922,7999185
2013-04-04,43.38876724243164,43.855716705322266,43.34207534790039,43.62224197387695,27.372529983520508,3504569
2013-04-05,42.725704193115234,43.21133041381836,42.398841857910156,43.09926223754883,27.044361114501953,4024649
2013-04-08,43.11793899536133,44.07985305786133,43.05256652832031,44.03315734863281,27.630367279052734,3649232
2013-04-09,44.257293701171875,44.397377014160156,43.9864616394043,44.191917419433594,27.729991912841797,3096707
2013-04-10,44.21993637084961,44.696224212646484,44.163902282714844,44.5748176574707,27.970251083374023,3474587
2013-04-11,44.826969146728516,45.854251861572266,44.7802734375,45.04176330566406,28.263263702392578,5328328
2013-04-12,44.836307525634766,45.60210037231445,44.406715393066406,45.01374816894531,28.245676040649414,3244797
2013-04-15,44.6121711730957,44.64952850341797,42.184043884277344,42.34280776977539,26.56969451904297,6750651
2013-04-16,43.54753112792969,44.5748176574707,43.38876724243164,44.33200454711914,27.817907333374023,4733508
2013-04-17,43.65959930419922,43.65959930419922,42.35214614868164,42.9685173034668,26.962326049804688,4346955
2013-04-18,43.164634704589844,43.201988220214844,41.763790130615234,41.97858810424805,26.341148376464844,3562927
2013-04-19,42.35214614868164,43.24868392944336,42.174705505371094,42.65099334716797,26.76307487487793,3765519
2013-04-22,43.5942268371582,44.182579040527344,43.24868392944336,44.03315734863281,27.630367279052734,6885141
2013-04-23,44.21059799194336,44.58415603637695,43.55686950683594,44.53746032714844,27.946815490722656,3512279
2013-04-24,44.66820526123047,45.49003219604492,44.66820526123047,45.293914794921875,28.42147445678711,3771944
2013-04-25,45.34994888305664,45.52738952636719,44.34134292602539,44.434730529785156,27.882356643676758,4221673
2013-04-26,44.46274948120117,44.686885833740234,43.24868392944336,43.34207534790039,27.196727752685547,4856755
2013-04-29,43.80902099609375,44.294647216796875,43.762325286865234,44.07985305786133,27.659666061401367,2892723
2013-04-30,44.13588333129883,44.173240661621094,43.65959930419922,43.874393463134766,27.530750274658203,3488721
2013-05-01,43.66893768310547,43.781005859375,42.64165115356445,42.856449127197266,26.891996383666992,5360238
2013-05-02,40.9699821472168,41.79180908203125,40.334930419921875,41.34354019165039,25.942655563354492,11955410
2013-05-03,42.03462219238281,43.05256652832031,41.866519927978516,42.60429763793945,26.733774185180664,4794114
2013-05-06,42.5949592590332,43.06190490722656,42.305450439453125,42.856449127197266,26.891996383666992,3101847
2013-05-07,42.856449127197266,43.51017761230469,42.819091796875,43.444801330566406,27.261180877685547,3816702
2013-05-08,43.33273696899414,43.9864616394043,43.21133041381836,43.80902099609375,27.489730834960938,2876875
2013-05-09,43.818359375,44.07051467895508,43.53819274902344,43.818359375,27.49559211730957,2457878
2013-05-10,43.743648529052734,43.865055084228516,43.03388977050781,43.426124572753906,27.249460220336914,3132043
2013-05-13,43.37009048461914,44.47208786010742,43.34207534790039,44.388038635253906,27.853059768676758,4435294
2013-05-14,44.48142623901367,45.153831481933594,44.45341110229492,45.07912063598633,28.286705017089844,4014690
2013-05-15,44.87366485595703,45.704830169677734,44.64019012451172,45.46201705932617,28.52696990966797,3687673
2013-05-16,45.377967834472656,45.67681121826172,44.09852981567383,44.285308837890625,27.788589477539062,4928605
2013-05-17,44.55613708496094,45.07912063598633,44.50944519042969,44.99506759643555,28.23395347595215,3274350
2013-05-20,44.88300323486328,45.303253173828125,44.285308837890625,44.36935806274414,27.84133529663086,3334957
2013-05-21,44.45341110229492,44.836307525634766,44.13588333129883,44.5934944152832,27.981983184814453,2846893
2013-05-22,44.397377014160156,44.80828857421875,43.201988220214844,43.426124572753906,27.421743392944336,3747316
2013-05-23,42.744380950927734,44.275970458984375,42.68834686279297,44.06117248535156,27.822755813598633,4456068
2013-05-24,43.88373565673828,44.173240661621094,43.51951599121094,43.93976593017578,27.746091842651367,2313536
2013-05-28,44.58415603637695,45.247222900390625,44.51878356933594,44.67754364013672,28.211965560913086,2978707
2013-05-29,44.294647216796875,44.37869644165039,43.48215866088867,43.762325286865234,27.634050369262695,3873989
2013-05-30,43.781005859375,44.145225524902344,43.52885437011719,43.734310150146484,27.616348266601562,2339128
2013-05-31,43.46348190307617,44.08919143676758,43.09926223754883,43.09926223754883,27.215351104736328,2564421
2013-06-03,43.164634704589844,43.22066879272461,41.99726486206055,42.89380645751953,27.085613250732422,3655335
2013-06-04,42.99653244018555,43.295379638671875,42.13734817504883,42.50156784057617,26.83792495727539,3875703
2013-06-05,42.35214614868164,42.47355270385742,41.38089370727539,41.390235900878906,26.13616943359375,4911044
2013-06-06,41.38089370727539,42.04396057128906,41.35287857055664,42.04396057128906,26.548967361450195,3608542
2013-06-07,42.33346939086914,42.66967010498047,42.184043884277344,42.60429763793945,26.90279769897461,4480374
2013-06-10,42.60429763793945,42.847110748291016,42.23073959350586,42.54826354980469,26.867420196533203,3575348
2013-06-11,42.03462219238281,42.56694030761719,41.866519927978516,42.314788818359375,26.719987869262695,2346195
2013-06-12,42.7630615234375,42.865787506103516,41.11006546020508,41.11940383911133,25.96515464782715,3369971
2013-06-13,41.65172576904297,42.67900848388672,41.156761169433594,42.5949592590332,26.896900177001953,3914358
2013-06-14,42.60429763793945,42.80975341796875,42.25875473022461,42.35214614868164,26.743572235107422,2249610
2013-06-17,42.753719329833984,43.6129035949707,42.725704193115234,43.201988220214844,27.28021812438965,3003549
2013-06-18,43.23934555053711,43.416786193847656,42.62297439575195,42.93115997314453,27.109207153320312,2901610
2013-06-19,42.884464263916016,43.47282028198242,42.744380950927734,42.744380950927734,26.991249084472656,2998195
2013-06-20,42.10933303833008,42.37082290649414,41.175437927246094,41.33420181274414,26.100799560546875,3402095
2013-06-21,41.93189239501953,41.93189239501953,39.69054412841797,40.717830657958984,25.71157455444336,6362599
2013-06-24,40.02674865722656,40.35361099243164,39.55979919433594,40.05476379394531,25.29287338256836,5276074
2013-06-25,40.47501754760742,40.70848846435547,40.04542541503906,40.446998596191406,25.540550231933594,3994774
2013-06-26,40.81121826171875,41.287506103515625,40.409645080566406,41.21279525756836,26.02412223815918,3732218
2013-06-27,41.427589416503906,41.67974090576172,40.9699821472168,40.99799728393555,25.88848876953125,3490649
2013-06-28,40.764522552490234,41.58635330200195,40.288238525390625,41.38089370727539,26.130268096923828,10344095
2013-07-01,41.60503005981445,42.22140121459961,41.60503005981445,42.146690368652344,26.613840103149414,4374581
2013-07-02,42.12800979614258,42.8004150390625,42.07197570800781,42.725704193115234,26.979463577270508,5230673
2013-07-03,42.389503479003906,42.819091796875,42.296112060546875,42.744380950927734,26.991249084472656,2130111
2013-07-05,43.11793899536133,43.314056396484375,42.8004150390625,43.25802230834961,27.31560516357422,1633802
2013-07-08,43.47282028198242,43.752986907958984,43.37009048461914,43.49149703979492,27.463031768798828,2800207
2013-07-09,43.77166748046875,43.93976593017578,43.55686950683594,43.79034423828125,27.6517276763916,3145107
2013-07-10,43.64092254638672,43.67827606201172,43.12727737426758,43.37009048461914,27.3863525390625,3566246
2013-07-11,43.9864616394043,44.49076461791992,43.818359375,44.416053771972656,28.046844482421875,4308514
2013-07-12,44.20125961303711,45.06044387817383,44.07051467895508,44.9483757019043,28.38298988342285,4618934
2013-07-15,44.7802734375,45.04176330566406,44.44407272338867,44.92969512939453,28.371187210083008,2884478
2013-07-16,44.9483757019043,45.284576416015625,44.733577728271484,45.19118881225586,28.53632164001465,3542582
2013-07-17,45.55540466308594,45.704830169677734,44.36001968383789,44.60283279418945,28.164783477783203,3918320
2013-07-18,44.64019012451172,45.135154724121094,44.58415603637695,44.705562591552734,28.229656219482422,2982348
2013-07-19,44.836307525634766,44.93903350830078,44.191917419433594,44.56547546386719,28.141197204589844,3596121
2013-07-22,44.53746032714844,44.92035675048828,44.22927474975586,44.266632080078125,27.95248794555664,3091460
2013-07-23,44.33200454711914,44.50944519042969,43.752986907958984,43.781005859375,27.645843505859375,3769802
2013-07-24,43.94910430908203,44.49076461791992,43.94910430908203,44.08919143676758,27.840452194213867,4695067
2013-07-25,43.89307403564453,47.00294494628906,43.66893768310547,46.872196197509766,29.597797393798828,9774331
2013-07-26,46.52665710449219,46.78814697265625,45.387306213378906,45.863590240478516,28.960906982421875,4304123
2013-07-29,45.7608642578125,45.80755615234375,45.247222900390625,45.56474685668945,28.77219581604004,1767115
2013-07-30,45.63011932373047,46.05036926269531,45.34061050415039,45.54606628417969,28.76038932800293,2039844
2013-07-31,45.52738952636719,45.9476432800293,45.06044387817383,45.11647415161133,28.48912811279297,2233763
2013-08-01,45.5740852355957,46.45194625854492,45.5740852355957,46.21847152709961,29.184995651245117,3516133
2013-08-02,46.09706497192383,46.21847152709961,45.77020263671875,46.134422302246094,29.131933212280273,1886186
2013-08-05,46.10640335083008,46.22780990600586,45.33127212524414,45.424659729003906,28.68373680114746,2701588
2013-08-06,45.33127212524414,45.5740852355957,44.90167999267578,45.06044387817383,28.453746795654297,2267385
2013-08-07,44.93903350830078,45.377967834472656,44.50944519042969,44.7989501953125,28.288633346557617,2373821
2013-08-08,45.06978225708008,45.377967834472656,44.752254486083984,44.80828857421875,28.29452896118164,2857601
2013-08-09,44.742916107177734,45.163169860839844,44.47208786010742,44.845645904541016,28.318115234375,2640768
2013-08-12,44.714900970458984,45.172508239746094,44.48142623901367,45.03242492675781,28.436052322387695,2261924
2013-08-13,44.88300323486328,45.06978225708008,44.388038635253906,44.93903350830078,28.554744720458984,2347051
2013-08-14,44.836307525634766,46.21847152709961,44.817630767822266,45.66747283935547,29.017597198486328,4235486
2013-08-15,45.153831481933594,45.153831481933594,44.21059799194336,44.21059799194336,28.091882705688477,4273713
2013-08-16,44.182579040527344,45.00440979003906,43.93976593017578,44.7989501953125,28.46573257446289,3743889
2013-08-19,44.836307525634766,44.836307525634766,43.865055084228516,43.88373565673828,27.884183883666992,2643444
2013-08-20,43.90241241455078,44.294647216796875,43.65026092529297,44.07985305786133,28.008806228637695,2811665
2013-08-21,43.7996826171875,44.01448059082031,43.276702880859375,43.46348190307617,27.61716079711914,3308937
2013-08-22,43.60356521606445,43.65959930419922,43.173973083496094,43.416786193847656,27.58749008178711,3217706
2013-08-23,43.58488845825195,43.827701568603516,42.95917892456055,43.762325286865234,27.807048797607422,2603718
2013-08-26,43.827701568603516,44.54679870605469,43.5942268371582,44.07985305786133,28.008806228637695,3614431
2013-08-27,43.80902099609375,43.97712326049805,43.23000717163086,43.426124572753906,27.593412399291992,2833723
2013-08-28,43.38876724243164,43.92108917236328,43.155296325683594,43.89307403564453,27.8901309967041,3029783
2013-08-29,43.752986907958984,45.181846618652344,43.60356521606445,44.54679870605469,28.305505752563477,4061912
2013-08-30,44.62150955200195,44.714900970458984,43.855716705322266,44.08919143676758,28.014745712280273,2465373
2013-09-03,44.64019012451172,45.01374816894531,43.91175079345703,44.33200454711914,28.169038772583008,1695801
2013-09-04,44.303985595703125,44.99506759643555,44.11720657348633,44.64019012451172,28.364852905273438,2180009
2013-09-05,44.56547546386719,44.9670524597168,44.45341110229492,44.50010681152344,28.27583122253418,1406154
2013-09-06,44.6121711730957,44.93903350830078,43.874393463134766,44.696224212646484,28.40045928955078,1754908
2013-09-09,44.78961181640625,46.03169250488281,44.78961181640625,45.90094757080078,29.165956497192383,3086535
2013-09-10,46.08772659301758,46.65740203857422,45.872928619384766,46.01301574707031,29.237157821655273,3874739
2013-09-11,46.45194625854492,46.46128463745117,45.20986557006836,46.09706497192383,29.290559768676758,4459066
2013-09-12,45.854251861572266,45.854251861572266,44.826969146728516,44.9483757019043,28.560670852661133,4652985
2013-09-13,44.9857292175293,45.49003219604492,44.854984283447266,45.45267868041992,28.88111686706543,2409050
2013-09-16,46.58269119262695,46.62938690185547,46.00367736816406,46.143760681152344,29.320236206054688,4232060
2013-09-17,46.12508010864258,46.134422302246094,44.752254486083984,44.92969512939453,28.54880714416504,5265687
2013-09-18,45.02308654785156,45.22854232788086,44.21059799194336,44.92035675048828,28.542877197265625,5829776
2013-09-19,44.9857292175293,45.405982971191406,44.64019012451172,44.65886688232422,28.37671661376953,4851187
2013-09-20,44.88300323486328,45.06044387817383,44.49076461791992,44.63085174560547,28.358917236328125,3660154
2013-09-23,44.5748176574707,44.5748176574707,43.80902099609375,43.97712326049805,27.94353485107422,3527055
2013-09-24,43.818359375,44.46274948120117,43.762325286865234,43.93042755126953,27.91386604309082,3173054
2013-09-25,43.9677848815918,44.06117248535156,43.55686950683594,43.6129035949707,27.71210479736328,3097992
2013-09-26,43.62224197387695,44.434730529785156,43.62224197387695,44.163902282714844,28.062217712402344,2292334
2013-09-27,43.01520919799805,43.01520919799805,42.23073959350586,42.436195373535156,26.964414596557617,7794130
2013-09-30,41.47428512573242,42.11867141723633,41.04469299316406,41.838504791259766,26.58462142944336,7544316
2013-10-01,41.81982421875,42.52024841308594,41.67040252685547,42.286773681640625,26.86946678161621,4317722
2013-10-02,41.857181549072266,42.146690368652344,41.390235900878906,41.65172576904297,26.465951919555664,5631039
2013-10-03,41.68907928466797,41.68907928466797,40.783203125,40.96064376831055,26.026824951171875,6439909
2013-10-04,41.11006546020508,41.11006546020508,40.39096450805664,40.81121826171875,25.9318790435791,6131845
2013-10-07,40.48435592651367,41.04469299316406,40.204185485839844,40.8018798828125,25.92595100402832,5704709
2013-10-08,40.839237213134766,40.90460968017578,40.269561767578125,40.306915283203125,25.611446380615234,6551913
2013-10-09,40.35361099243164,40.6151008605957,40.08277893066406,40.316253662109375,25.617382049560547,3474694
2013-10-10,41.02601623535156,41.418251037597656,40.57774353027344,41.35287857055664,26.276058197021484,5163535
2013-10-11,41.287506103515625,42.10933303833008,40.99799728393555,41.92255401611328,26.63803482055664,5092220
2013-10-14,41.51163864135742,42.60429763793945,41.46494674682617,42.34280776977539,26.905067443847656,5402427
2013-10-15,42.408180236816406,42.744380950927734,41.52098083496094,41.6330451965332,26.454072952270508,5207865
2013-10-16,41.82916259765625,42.11867141723633,41.55833435058594,41.99726486206055,26.68550682067871,3095101
2013-10-17,41.885196685791016,42.454872131347656,41.885196685791016,42.286773681640625,26.86946678161621,4127337
2013-10-18,42.53892517089844,42.707027435302734,42.02528381347656,42.46421432495117,26.98221206665039,2818303
2013-10-21,42.35214614868164,42.35214614868164,41.35287857055664,41.52098083496094,26.38287353515625,4788867
2013-10-22,41.77313232421875,41.79180908203125,41.315521240234375,41.5956916809082,26.430347442626953,4318365
2013-10-23,41.48362350463867,41.79180908203125,40.96064376831055,41.455604553222656,26.341331481933594,3439144
2013-10-24,41.81048583984375,42.93115997314453,41.51163864135742,42.0066032409668,26.691436767578125,6330689
2013-10-25,42.408180236816406,42.58562088012695,42.09065628051758,42.55760192871094,27.04154396057129,4336033
2013-10-28,42.49222946166992,42.52024841308594,41.9879264831543,42.08131790161133,26.738910675048828,3547293
2013-10-29,42.11867141723633,42.37082290649414,41.37155532836914,41.55833435058594,26.406604766845703,3691956
2013-10-30,41.5956916809082,41.782470703125,41.296844482421875,41.52098083496094,26.38287353515625,4551689
2013-10-31,41.53965759277344,42.01594161987305,41.455604553222656,41.66106414794922,26.471878051757812,3885019
2013-11-01,41.847843170166016,42.05329895019531,41.67040252685547,41.9879264831543,26.679584503173828,2950652
2013-11-04,42.09999465942383,42.36148452758789,41.838504791259766,42.34280776977539,26.905067443847656,3374469
2013-11-05,41.9692497253418,42.0066032409668,40.67113494873047,40.68981170654297,25.854740142822266,7589824
2013-11-06,40.867252349853516,40.97932052612305,40.437660217285156,40.55906677246094,25.77166175842285,4284314
2013-11-07,40.764522552490234,40.92328643798828,40.22286605834961,40.25088119506836,25.575834274291992,4121341
2013-11-08,40.26021957397461,41.07270812988281,40.204185485839844,41.05403137207031,26.086170196533203,3798927
2013-11-11,41.24081039428711,41.885196685791016,41.21279525756836,41.56767272949219,26.41254234313965,4443754
2013-11-12,41.51163864135742,41.726436614990234,41.22213363647461,41.49296188354492,26.36506462097168,3555217
2013-11-13,40.9886589050293,41.65172576904297,40.895267486572266,41.60503005981445,26.64618492126465,3657477
2013-11-14,41.67040252685547,42.22140121459961,41.46494674682617,42.11867141723633,26.975141525268555,4676221
2013-11-15,42.389503479003906,42.716365814208984,42.146690368652344,42.52024841308594,27.232341766357422,3792074
2013-11-18,42.735042572021484,42.856449127197266,42.21206283569336,42.286773681640625,27.08281135559082,3306688
2013-11-19,42.314788818359375,42.66967010498047,42.146690368652344,42.21206283569336,27.03496742248535,4302303
2013-11-20,42.165367126464844,42.54826354980469,42.06263732910156,42.23073959350586,27.046916961669922,3021538
2013-11-21,42.286773681640625,43.89307403564453,42.286773681640625,43.62224197387695,27.938121795654297,7079381
2013-11-22,43.65026092529297,43.88373565673828,43.08992385864258,43.79034423828125,28.045774459838867,3978926
2013-11-25,43.79034423828125,44.09852981567383,43.37942886352539,43.7996826171875,28.051767349243164,4358091
2013-11-26,43.827701568603516,44.126548767089844,43.407447814941406,43.818359375,28.063730239868164,3419870
2013-11-27,44.07051467895508,44.145225524902344,43.435462951660156,43.64092254638672,27.95008659362793,2517306
2013-11-29,43.706295013427734,43.93042755126953,43.48215866088867,43.56620788574219,27.90223503112793,1420074
2013-12-02,43.54753112792969,44.20125961303711,43.51951599121094,43.696956634521484,27.985973358154297,3971859
2013-12-03,43.57554626464844,43.818359375,42.735042572021484,43.21133041381836,27.674957275390625,3943269
2013-12-04,43.08992385864258,43.314056396484375,42.38016128540039,42.9685173034668,27.519437789916992,4206575
2013-12-05,42.865787506103516,43.136619567871094,42.735042572021484,43.02455139160156,27.55533218383789,3073578
2013-12-06,43.37942886352539,43.46348190307617,43.08058547973633,43.37009048461914,27.776615142822266,5112137
2013-12-09,43.46348190307617,43.865055084228516,43.37942886352539,43.724971771240234,28.003910064697266,2826120
2013-12-10,43.66893768310547,44.05183410644531,43.47282028198242,43.77166748046875,28.03382682800293,4189657
2013-12-11,43.89307403564453,44.126548767089844,43.04322814941406,43.173973083496094,27.651018142700195,2915638
2013-12-12,43.05256652832031,43.37942886352539,42.78173828125,43.12727737426758,27.62112045288086,2248646
2013-12-13,43.33273696899414,45.05110168457031,43.21133041381836,44.66820526123047,28.608016967773438,8220944
2013-12-16,44.90167999267578,45.52738952636719,44.33200454711914,45.181846618652344,28.93698501586914,8072855
2013-12-17,45.03242492675781,45.377967834472656,44.60283279418945,45.163169860839844,28.925012588500977,5710598
2013-12-18,45.47135543823242,46.246490478515625,45.06978225708008,46.21847152709961,29.60089111328125,6616910
2013-12-19,45.97565841674805,46.05971145629883,45.284576416015625,45.62077713012695,29.218090057373047,4767345
2013-12-20,45.80755615234375,45.9476432800293,45.10713577270508,45.153831481933594,28.91902732849121,6242564
2013-12-23,45.34994888305664,46.153099060058594,45.275238037109375,45.64879608154297,29.236045837402344,2889511
2013-12-24,45.62077713012695,46.134422302246094,45.53672790527344,45.872928619384766,29.379592895507812,1274661
2013-12-26,45.97565841674805,46.09706497192383,45.77020263671875,45.9849967956543,29.451351165771484,1551459
2013-12-27,46.19045639038086,46.19045639038086,45.66747283935547,45.7982177734375,29.331729888916016,1479823
2013-12-30,45.75152587890625,45.89160919189453,45.46201705932617,45.7608642578125,29.307811737060547,1458194
2013-12-31,45.75152587890625,46.143760681152344,45.60210037231445,45.78887939453125,29.325759887695312,1820119
2014-01-02,45.36862564086914,45.90094757080078,45.33127212524414,45.5740852355957,29.188188552856445,2305077
2014-01-03,45.5740852355957,45.704830169677734,45.265899658203125,45.405982971191406,29.08052635192871,2490965
2014-01-06,45.66747283935547,45.90094757080078,45.265899658203125,45.284576416015625,29.002769470214844,2436569
2014-01-07,45.32193374633789,45.92896270751953,45.32193374633789,45.723506927490234,29.283891677856445,3005477
2014-01-08,45.66747283935547,45.779541015625,45.32193374633789,45.77020263671875,29.313783645629883,2569775
2014-01-09,45.78887939453125,46.09706497192383,45.04176330566406,45.9476432800293,29.42743492126465,3877095
2014-01-10,45.9476432800293,46.08772659301758,45.293914794921875,45.695491790771484,29.26594352722168,3654265
2014-01-13,45.53672790527344,45.816898345947266,44.845645904541016,44.9483757019043,28.787446975708008,3602974
2014-01-14,45.05110168457031,45.55540466308594,44.92969512939453,45.49003219604492,29.134353637695312,2672891
2014-01-15,45.64879608154297,45.7608642578125,45.312591552734375,45.6114387512207,29.212114334106445,2492678
2014-01-16,45.5740852355957,45.78887939453125,45.45267868041992,45.63011932373047,29.224082946777344,1968529
2014-01-17,45.732845306396484,45.77020263671875,45.03242492675781,45.144493103027344,28.91305160522461,2531869
2014-01-21,45.5740852355957,45.5740852355957,44.87366485595703,44.99506759643555,28.817350387573242,2478222
2014-01-22,45.00440979003906,45.247222900390625,44.5748176574707,44.5934944152832,28.56016731262207,4455425
2014-01-23,44.31332778930664,44.65886688232422,44.13588333129883,44.35068130493164,28.404640197753906,4665406
2014-01-24,44.07051467895508,44.182579040527344,42.53892517089844,42.54826354980469,27.250286102294922,6203587
2014-01-27,42.716365814208984,43.04322814941406,42.324127197265625,42.716365814208984,27.357946395874023,3990491
2014-01-28,43.49149703979492,43.58488845825195,42.60429763793945,43.08058547973633,27.591215133666992,4309477
2014-01-29,42.69768524169922,44.388038635253906,42.54826354980469,43.80902099609375,28.0577449798584,6906236
2014-01-30,43.9864616394043,44.37869644165039,43.426124572753906,43.99580001831055,28.177364349365234,2818518
2014-01-31,43.435462951660156,45.11647415161133,43.407447814941406,44.58415603637695,28.554187774658203,6084837
2014-02-03,44.49076461791992,44.7989501953125,42.77239990234375,43.01520919799805,27.54934310913086,5835666
2014-02-04,42.53892517089844,43.407447814941406,41.717098236083984,42.79107666015625,27.40578842163086,6226395
2014-02-05,42.67900848388672,43.95844650268555,42.426856994628906,43.743648529052734,28.015880584716797,6918443
2014-02-06,43.846378326416016,43.95844650268555,43.48215866088867,43.88373565673828,28.105588912963867,2675996
2014-02-07,44.08919143676758,44.49076461791992,43.752986907958984,44.285308837890625,28.362783432006836,2675568
2014-02-10,44.275970458984375,45.181846618652344,44.182579040527344,44.87366485595703,28.739604949951172,5632217
2014-02-11,44.836307525634766,45.46201705932617,44.65886688232422,45.23788070678711,28.972869873046875,3797000
2014-02-12,45.163169860839844,45.60210037231445,44.845645904541016,45.54606628417969,29.38254165649414,4311191
2014-02-13,45.09779739379883,45.95698165893555,45.07912063598633,45.854251861572266,29.58135986328125,3040170
2014-02-14,45.7608642578125,46.08772659301758,45.63011932373047,45.92896270751953,29.629552841186523,3229163
2014-02-18,45.844913482666016,46.08772659301758,45.77020263671875,45.95698165893555,29.64763641357422,2691523
2014-02-19,45.742183685302734,46.423927307128906,45.45267868041992,45.49003219604492,29.34639549255371,3604152
2014-02-20,45.52738952636719,46.11574172973633,45.265899658203125,46.10640335083008,29.7440242767334,4353272
2014-02-21,45.89160919189453,46.12508010864258,45.44334030151367,45.91028594970703,29.617507934570312,4760384
2014-02-24,45.695491790771484,46.10640335083008,45.64879608154297,45.65813446044922,29.454833984375,2552856
2014-02-25,45.68614959716797,46.181114196777344,45.50871276855469,45.835575103759766,29.569311141967773,3071972
2014-02-26,45.88227081298828,46.06904983520508,45.50871276855469,45.7982177734375,29.545217514038086,2718185
2014-02-27,45.68614959716797,45.872928619384766,45.32193374633789,45.62077713012695,29.43073272705078,3871420
2014-02-28,45.65813446044922,45.9663200378418,45.377967834472656,45.65813446044922,29.454833984375,3364296
2014-03-03,44.67754364013672,44.9857292175293,44.303985595703125,44.62150955200195,28.786094665527344,5115778
2014-03-04,45.303253173828125,45.53672790527344,44.817630767822266,45.03242492675781,29.05118751525879,4501255
2014-03-05,45.03242492675781,45.34061050415039,44.826969146728516,45.22854232788086,29.177698135375977,2582838
2014-03-06,45.32193374633789,45.60210037231445,44.90167999267578,44.9483757019043,28.996967315673828,2671927
2014-03-07,45.20052719116211,45.415321350097656,44.58415603637695,44.9670524597168,29.009000778198242,2913603
2014-03-10,44.9483757019043,44.9670524597168,44.36935806274414,44.714900970458984,28.846343994140625,2071110
2014-03-11,44.705562591552734,44.80828857421875,44.03315734863281,44.126548767089844,28.466793060302734,2769369
2014-03-12,43.9677848815918,44.51878356933594,43.89307403564453,43.9677848815918,28.364362716674805,3221775
2014-03-13,44.11720657348633,44.20125961303711,43.295379638671875,43.36075210571289,27.972766876220703,4462278
2014-03-14,43.314056396484375,43.48215866088867,42.99653244018555,43.08058547973633,27.792016983032227,6574293
2014-03-17,43.23000717163086,43.304718017578125,42.51090621948242,42.89380645751953,27.671537399291992,6576220
2014-03-18,43.01520919799805,43.05256652832031,42.6136360168457,42.725704193115234,27.563081741333008,5739831
2014-03-19,42.68834686279297,42.819091796875,42.277435302734375,42.55760192871094,27.454639434814453,4832020
2014-03-20,42.454872131347656,42.60429763793945,42.36148452758789,42.436195373535156,27.376314163208008,6382943
2014-03-21,42.66967010498047,43.03388977050781,42.445533752441406,42.753719329833984,27.581153869628906,6244277
2014-03-24,42.837772369384766,42.99653244018555,42.26809310913086,42.53892517089844,27.442584991455078,4535091
2014-03-25,42.819091796875,43.12727737426758,42.66033172607422,43.04322814941406,27.767921447753906,5621723
2014-03-26,43.21133041381836,43.33273696899414,42.02528381347656,42.02528381347656,27.111223220825195,4799147
2014-03-27,41.99726486206055,42.64165115356445,41.49296188354492,42.56694030761719,27.46065902709961,4788546
2014-03-28,42.77239990234375,43.05256652832031,42.5762825012207,42.77239990234375,27.59320068359375,3696989
2014-03-31,43.10860061645508,43.201988220214844,42.62297439575195,42.847110748291016,27.64140510559082,5176812
2014-04-01,43.02455139160156,43.06190490722656,42.5949592590332,42.82843017578125,27.62935447692871,3572243
2014-04-02,42.875125885009766,43.724971771240234,42.753719329833984,43.55686950683594,28.099285125732422,4769914
2014-04-03,43.781005859375,43.781005859375,43.09926223754883,43.407447814941406,28.00288963317871,4077653
2014-04-04,43.6129035949707,43.837039947509766,42.753719329833984,42.78173828125,27.59922218322754,4034393
2014-04-07,42.856449127197266,42.9498405456543,41.90387725830078,42.55760192871094,27.454639434814453,5938461
2014-04-08,42.49222946166992,42.58562088012695,41.99726486206055,42.34280776977539,27.316076278686523,3926030
2014-04-09,42.5762825012207,43.164634704589844,42.277435302734375,42.9871940612793,27.73177146911621,3601689
2014-04-10,42.9685173034668,43.286041259765625,42.445533752441406,42.52024841308594,27.4305419921875,3377467
2014-04-11,42.34280776977539,42.62297439575195,41.90387725830078,42.0066032409668,27.09917640686035,4394069
2014-04-14,42.146690368652344,42.25875473022461,41.8011474609375,42.13734817504883,27.183521270751953,4255510
2014-04-15,41.745113372802734,42.02528381347656,41.315521240234375,41.91321563720703,27.0389347076416,4394605
2014-04-16,42.202720642089844,42.62297439575195,41.838504791259766,42.49222946166992,27.412460327148438,4422445
2014-04-17,42.51090621948242,42.77239990234375,42.36148452758789,42.454872131347656,27.388368606567383,2780933
2014-04-21,42.6136360168457,42.94049835205078,42.417518615722656,42.856449127197266,27.647432327270508,2878482
2014-04-22,43.01520919799805,43.183311462402344,42.67900848388672,43.07124328613281,27.785999298095703,3278098
2014-04-23,43.08058547973633,43.23934555053711,42.847110748291016,43.04322814941406,27.767921447753906,1691089
2014-04-24,43.05256652832031,43.05256652832031,42.52024841308594,42.95917892456055,27.713699340820312,2429716
2014-04-25,42.819091796875,42.94049835205078,42.52958679199219,42.6136360168457,27.490781784057617,2207421
2014-04-28,42.8004150390625,43.50083541870117,42.50156784057617,43.32339859008789,27.948650360107422,6082910
2014-04-29,43.24868392944336,43.33273696899414,42.716365814208984,42.865787506103516,27.653459548950195,4492903
2014-04-30,43.818359375,44.425392150878906,43.183311462402344,43.56620788574219,28.105304718017578,5873250
2014-05-01,43.444801330566406,43.54753112792969,42.837772369384766,42.9871940612793,27.73177146911621,3886089
2014-05-02,43.183311462402344,43.23000717163086,42.735042572021484,42.856449127197266,27.647432327270508,2846786
2014-05-05,42.67900848388672,42.875125885009766,42.49222946166992,42.847110748291016,27.64140510559082,2380353
2014-05-06,42.865787506103516,43.10860061645508,42.744380950927734,42.819091796875,27.62331771850586,2402197
2014-05-07,42.884464263916016,43.706295013427734,42.884464263916016,43.51017761230469,28.069156646728516,2720648
2014-05-08,43.426124572753906,43.9677848815918,43.286041259765625,43.444801330566406,28.026979446411133,3027321
2014-05-09,43.435462951660156,43.65026092529297,43.12727737426758,43.65026092529297,28.159534454345703,2345017
2014-05-12,43.827701568603516,44.31332778930664,43.77166748046875,44.21993637084961,28.527036666870117,2552321
2014-05-13,44.20125961303711,44.303985595703125,43.837039947509766,44.0051383972168,28.388458251953125,2239545
2014-05-14,44.03315734863281,44.34134292602539,43.89307403564453,43.97712326049805,28.370397567749023,1900213
2014-05-15,43.97712326049805,44.36001968383789,43.46348190307617,43.743648529052734,28.219778060913086,3064584
2014-05-16,43.51017761230469,43.65026092529297,43.201988220214844,43.49149703979492,28.057104110717773,2399413
2014-05-19,43.37942886352539,43.827701568603516,43.35141372680664,43.743648529052734,28.219778060913086,2165125
2014-05-20,43.65026092529297,43.715633392333984,43.407447814941406,43.48215866088867,28.051074981689453,2458199
2014-05-21,43.23000717163086,43.57554626464844,43.06190490722656,43.33273696899414,28.16642189025879,2309253
2014-05-22,43.25802230834961,43.52885437011719,43.08992385864258,43.50083541870117,28.27568244934082,3392886
2014-05-23,43.50083541870117,43.762325286865234,43.38876724243164,43.67827606201172,28.391027450561523,1811874
2014-05-27,43.818359375,43.874393463134766,43.57554626464844,43.65026092529297,28.372817993164062,2803313
2014-05-28,43.68761444091797,43.762325286865234,43.37009048461914,43.66893768310547,28.38496208190918,3822699
2014-05-29,43.706295013427734,43.93042755126953,43.57554626464844,43.752986907958984,28.4395751953125,2167695
2014-05-30,43.696956634521484,44.50944519042969,43.64092254638672,44.48142623901367,28.913068771362305,3869492
2014-06-02,44.406715393066406,44.51878356933594,43.837039947509766,44.02381896972656,28.615619659423828,3695276
2014-06-03,43.874393463134766,44.63085174560547,43.77166748046875,44.58415603637695,28.979848861694336,2437211
2014-06-04,44.406715393066406,44.92035675048828,44.07051467895508,44.24795150756836,28.761320114135742,3290305
2014-06-05,44.34134292602539,44.817630767822266,44.09852981567383,44.686885833740234,29.04662322998047,2044662
2014-06-06,44.826969146728516,44.9857292175293,44.60283279418945,44.724239349365234,29.07089614868164,1960498
2014-06-09,44.64019012451172,45.153831481933594,44.63085174560547,45.00440979003906,29.253015518188477,2320068
2014-06-10,44.90167999267578,45.275238037109375,44.90167999267578,45.265899658203125,29.422983169555664,2907071
2014-06-11,44.826969146728516,45.12581253051758,44.826969146728516,44.95771408081055,29.2226619720459,1941331
2014-06-12,44.845645904541016,45.144493103027344,44.742916107177734,44.89234161376953,29.180171966552734,2315892
2014-06-13,44.826969146728516,44.93903350830078,44.64019012451172,44.90167999267578,29.186227798461914,1886507
2014-06-16,44.854984283447266,45.396644592285156,44.836307525634766,45.275238037109375,29.429059982299805,2503386
2014-06-17,45.06044387817383,45.47135543823242,44.742916107177734,45.415321350097656,29.520103454589844,2505313
2014-06-18,45.312591552734375,45.64879608154297,45.09779739379883,45.5740852355957,29.623310089111328,2122615
2014-06-19,45.52738952636719,45.723506927490234,45.45267868041992,45.5927619934082,29.63544273376465,1814979
2014-06-20,45.67681121826172,46.03169250488281,45.5740852355957,45.75152587890625,29.73863410949707,3211067
2014-06-23,45.78887939453125,45.872928619384766,45.34994888305664,45.387306213378906,29.50189971923828,4304873
2014-06-24,45.387306213378906,45.7608642578125,45.08845901489258,45.34061050415039,29.47154426574707,2612178
2014-06-25,45.303253173828125,45.75152587890625,45.247222900390625,45.48069381713867,29.562589645385742,1860273
2014-06-26,45.48069381713867,45.64879608154297,45.303253173828125,45.52738952636719,29.59294891357422,2205173
2014-06-27,45.387306213378906,45.90094757080078,45.36862564086914,45.80755615234375,29.77505874633789,7260451
2014-06-30,46.75079345703125,47.301788330078125,46.22780990600586,47.133689880371094,30.637048721313477,8031737
2014-07-01,47.48856735229492,47.694026947021484,47.22707748413086,47.45121383666992,30.84345054626465,6015343
2014-07-02,47.717803955078125,48.27651596069336,46.969696044921875,47.00757598876953,30.555078506469727,5654035
2014-07-03,47.16856002807617,47.63257598876953,47.15909194946289,47.39583206176758,30.807445526123047,1719907
2014-07-07,47.282196044921875,47.39583206176758,46.53409194946289,46.82765197753906,30.43813133239746,3735072
2014-07-08,46.82765197753906,46.93181610107422,46.35416793823242,46.439395904541016,30.185762405395508,2601245
2014-07-09,46.59090805053711,47.32954406738281,46.53409194946289,47.1875,30.672033309936523,4589270
2014-07-10,46.69507598876953,47.20643997192383,46.57197189331055,47.14015197753906,30.641250610351562,3642355
2014-07-11,47.19697189331055,47.585227966308594,47.092803955078125,47.414772033691406,30.819759368896484,2419930
2014-07-14,47.04545593261719,47.774620056152344,47.00757598876953,47.405303955078125,30.813608169555664,3241920
2014-07-15,47.414772033691406,47.8125,47.102272033691406,47.121212005615234,30.628934860229492,2475264
2014-07-16,47.32954406738281,47.48106002807617,46.69507598876953,47.433712005615234,30.832075119018555,4714090
2014-07-17,46.998104095458984,47.11174011230469,46.70454406738281,46.808712005615234,30.425817489624023,5732813
2014-07-18,46.97916793823242,47.48106002807617,46.875,47.064395904541016,30.592002868652344,3517747
2014-07-21,46.09848403930664,46.344696044921875,45.662879943847656,45.78598403930664,29.76103973388672,7062634
2014-07-22,45.871212005615234,45.98484802246094,44.564395904541016,44.61174011230469,28.99778175354004,13128720
2014-07-23,44.65909194946289,45.558712005615234,44.649620056152344,45.44507598876953,29.539453506469727,5494368
2014-07-24,45.61552810668945,49.22348403930664,45.59659194946289,47.96401596069336,31.1767578125,20354294
2014-07-25,47.594696044921875,47.86931610107422,47.04545593261719,47.272727966308594,30.7274169921875,5310307
2014-07-28,47.11174011230469,47.35795593261719,46.81818389892578,47.32007598876953,30.758209228515625,5418970
2014-07-29,47.405303955078125,47.405303955078125,46.26893997192383,46.26893997192383,30.07495880126953,6459024
2014-07-30,46.003787994384766,46.42045593261719,45.501895904541016,45.662879943847656,29.681020736694336,5078515
2014-07-31,45.47348403930664,45.48295593261719,44.79166793823242,44.98106002807617,29.23783302307129,4201402
2014-08-01,44.94318389892578,45.26515197753906,44.753787994384766,44.933712005615234,29.207059860229492,3372019
2014-08-04,45.25568389892578,45.44507598876953,44.83901596069336,45.3125,29.453279495239258,2678333
2014-08-05,44.99052810668945,45.15151596069336,44.74431610107422,45.04734802246094,29.280920028686523,3549638
2014-08-06,45.05681610107422,45.46401596069336,44.876895904541016,45.217803955078125,29.391721725463867,2235763
2014-08-07,45.20833206176758,45.539772033691406,44.782196044921875,44.84848403930664,29.15165138244629,2666928
2014-08-08,45.0,45.501895904541016,44.753787994384766,45.47348403930664,29.55791664123535,2547389
2014-08-11,45.5113639831543,45.68181610107422,45.246212005615234,45.539772033691406,29.600994110107422,2534294
2014-08-12,45.23674011230469,45.47348403930664,44.97159194946289,45.26515197753906,29.42249298095703,2232701
2014-08-13,45.037879943847656,45.13257598876953,44.289772033691406,44.50757598876953,29.143457412719727,3721766
2014-08-14,44.65909194946289,45.52083206176758,44.65909194946289,45.29356002807617,29.65812110900879,3081936
2014-08-15,45.274620056152344,45.4261360168457,44.61174011230469,44.810604095458984,29.341888427734375,3454493
2014-08-18,45.17992401123047,45.227272033691406,44.83901596069336,45.1136360168457,29.54030990600586,3616694
2014-08-19,45.1136360168457,45.77651596069336,45.00947189331055,45.04734802246094,29.496906280517578,2581814
2014-08-20,44.810604095458984,45.01893997192383,44.45075988769531,44.564395904541016,29.180675506591797,3446890
2014-08-21,44.55492401123047,45.17992401123047,44.55492401123047,45.094696044921875,29.52790641784668,2323517
2014-08-22,45.02840805053711,45.085227966308594,44.55492401123047,44.621212005615234,29.217872619628906,2334605
2014-08-25,44.782196044921875,44.95265197753906,44.592803955078125,44.70643997192383,29.273677825927734,1668058
2014-08-26,44.79166793823242,45.33143997192383,44.71590805053711,45.274620056152344,29.64571189880371,2811389
2014-08-27,45.25568389892578,45.64393997192383,45.25568389892578,45.587120056152344,29.850358963012695,2839373
2014-08-28,45.378787994384766,45.79545593261719,45.13257598876953,45.691287994384766,29.918546676635742,2332387
2014-08-29,45.842803955078125,45.94697189331055,45.59659194946289,45.88068389892578,30.04258155822754,2339674
2014-09-02,45.79545593261719,46.08901596069336,45.57765197753906,45.89015197753906,30.04877471923828,2429117
2014-09-03,46.07007598876953,46.57197189331055,46.022727966308594,46.45833206176758,30.420806884765625,4038989
2014-09-04,46.50568389892578,46.808712005615234,46.25947189331055,46.27840805053711,30.303001403808594,3051629
2014-09-05,46.45833206176758,46.685604095458984,45.871212005615234,46.685604095458984,30.569629669189453,2473574
2014-09-08,46.6761360168457,47.0738639831543,46.25,46.4488639831543,30.41460609436035,2259629
2014-09-09,46.29734802246094,46.373104095458984,45.710227966308594,45.814395904541016,29.999170303344727,2192467
2014-09-10,45.99431610107422,46.07007598876953,45.246212005615234,45.77651596069336,29.974355697631836,2492794
2014-09-11,45.70075988769531,47.75568389892578,45.61552810668945,47.689395904541016,31.22691535949707,8104589
2014-09-12,47.585227966308594,47.67045593261719,46.751895904541016,47.149620056152344,30.873470306396484,6265565
2014-09-15,47.121212005615234,47.60416793823242,46.90340805053711,47.15909194946289,30.879657745361328,4639114
2014-09-16,47.05492401123047,47.064395904541016,46.41098403930664,46.477272033691406,30.433225631713867,5688144
2014-09-17,46.54356002807617,46.74242401123047,45.76704406738281,46.022727966308594,30.13558578491211,3451642
2014-09-18,46.07007598876953,46.45833206176758,46.032196044921875,46.40151596069336,30.383607864379883,2408947
2014-09-19,46.685604095458984,46.73295593261719,46.164772033691406,46.335227966308594,30.34019660949707,3237062
2014-09-22,47.253787994384766,47.34848403930664,46.48674011230469,46.524620056152344,30.464218139648438,5657942
2014-09-23,46.373104095458984,46.496212005615234,45.94697189331055,46.022727966308594,30.13558578491211,3082358
2014-09-24,46.09848403930664,46.183712005615234,45.625,46.01325988769531,30.12938117980957,3963379
2014-09-25,45.89015197753906,45.98484802246094,45.085227966308594,45.3125,29.670522689819336,3420384
2014-09-26,45.274620056152344,45.86174011230469,45.274620056152344,45.691287994384766,29.918546676635742,2288880
2014-09-29,45.38825988769531,45.59659194946289,44.99052810668945,45.34090805053711,29.689125061035156,2773478
2014-09-30,45.3125,45.814395904541016,45.15151596069336,45.20833206176758,29.60231590270996,3545942
2014-10-01,45.066287994384766,45.30302810668945,44.498104095458984,44.70643997192383,29.273677825927734,4681037
2014-10-02,44.621212005615234,44.725379943847656,44.08143997192383,44.251895904541016,28.976045608520508,5706307
2014-10-03,44.66856002807617,45.5113639831543,44.66856002807617,45.25568389892578,29.633316040039062,3772032
2014-10-06,45.29356002807617,45.435604095458984,44.6875,44.85795593261719,29.37289047241211,3291763
2014-10-07,45.36931610107422,45.501895904541016,44.42234802246094,44.43181610107422,29.093862533569336,4242058
2014-10-08,44.592803955078125,45.30302810668945,44.11931610107422,45.26515197753906,29.63953399658203,4077427
2014-10-09,45.4261360168457,45.691287994384766,44.42234802246094,44.4886360168457,29.131053924560547,3578573
2014-10-10,44.27083206176758,44.85795593261719,43.69318389892578,43.69318389892578,28.610200881958008,3961795
2014-10-13,43.41856002807617,44.00568389892578,43.0113639831543,43.04924011230469,28.18854331970215,3715325
2014-10-14,43.22916793823242,43.44697189331055,42.689395904541016,42.850379943847656,28.058334350585938,4826237
2014-10-15,42.537879943847656,43.70265197753906,42.14015197753906,43.29545593261719,28.34977912902832,6333782
2014-10-16,42.6988639831543,43.939395904541016,42.689395904541016,43.683712005615234,28.6039981842041,4799203
2014-10-17,43.967803955078125,44.63068389892578,43.77840805053711,44.185604095458984,28.932645797729492,3902765
2014-10-20,43.967803955078125,45.90909194946289,43.92992401123047,45.8238639831543,30.005359649658203,3720077
2014-10-21,45.842803955078125,47.17802810668945,45.530303955078125,47.17802810668945,30.892074584960938,6602746
2014-10-22,47.32954406738281,47.49052810668945,46.287879943847656,46.29734802246094,30.315399169921875,4772486
2014-10-23,46.912879943847656,47.44318389892578,46.628787994384766,46.95075988769531,30.74324607849121,3811210
2014-10-24,47.19697189331055,47.39583206176758,46.77083206176758,47.272727966308594,30.954078674316406,2364384
2014-10-27,46.789772033691406,46.88447189331055,46.0511360168457,46.3636360168457,30.358808517456055,3571603
2014-10-28,46.66666793823242,47.1875,46.66666793823242,47.13068389892578,30.861068725585938,2531866
2014-10-29,47.14015197753906,47.20643997192383,46.07954406738281,46.53409194946289,30.470420837402344,5597645
2014-10-30,46.41098403930664,48.371212005615234,45.64393997192383,47.63257598876953,31.189701080322266,4429498
2014-10-31,48.219696044921875,48.39015197753906,47.76515197753906,47.935604095458984,31.388124465942383,3142762
2014-11-03,47.935604095458984,48.248104095458984,47.50947189331055,47.935604095458984,31.388124465942383,2682768
2014-11-04,48.087120056152344,50.32197189331055,48.087120056152344,49.810604095458984,32.61587905883789,6250253
2014-11-05,49.97159194946289,50.17045593261719,49.07197189331055,49.602272033691406,32.47945785522461,3211718
2014-11-06,49.71590805053711,49.782196044921875,48.92045593261719,49.6875,32.535274505615234,3626304
2014-11-07,49.82954406738281,50.16098403930664,49.76325988769531,50.066287994384766,32.78329086303711,3625459
2014-11-10,50.037879943847656,50.8238639831543,49.85795593261719,50.814395904541016,33.27315902709961,2728387
2014-11-11,50.814395904541016,50.975379943847656,50.56818389892578,50.77651596069336,33.248355865478516,2826384
2014-11-12,50.77651596069336,51.27840805053711,50.691287994384766,51.183712005615234,33.51498031616211,2545910
2014-11-13,50.871212005615234,51.941287994384766,50.871212005615234,51.81818389892578,34.18341064453125,5507251
2014-11-14,51.41098403930664,51.7613639831543,51.344696044921875,51.54356002807617,34.00223922729492,3043498
2014-11-17,51.63825988769531,52.04545593261719,51.600379943847656,51.93181610107422,34.25836181640625,1744512
2014-11-18,51.89393997192383,52.20643997192383,51.70454406738281,52.064395904541016,34.345829010009766,3787555
2014-11-19,51.85606002807617,51.93181610107422,51.287879943847656,51.439395904541016,33.93353271484375,4482931
2014-11-20,51.07954406738281,51.3636360168457,50.79545593261719,50.89015197753906,33.571205139160156,3291446
2014-11-21,51.467803955078125,51.81818389892578,50.70075988769531,50.77651596069336,33.496246337890625,3605290
2014-11-24,50.92802810668945,51.3636360168457,50.79545593261719,50.80492401123047,33.51497268676758,3160291
2014-11-25,50.899620056152344,51.335227966308594,50.72916793823242,51.07954406738281,33.69615173339844,2906640
2014-11-26,51.07954406738281,51.09848403930664,50.23674011230469,50.539772033691406,33.340057373046875,2079053
2014-11-28,50.64393997192383,51.24052810668945,50.64393997192383,50.96590805053711,33.621177673339844,1249882
2014-12-01,50.8238639831543,50.90909194946289,49.8863639831543,50.14204406738281,33.077701568603516,2666294
2014-12-02,50.48295593261719,51.30681610107422,50.3125,51.14583206176758,33.73988342285156,3210557
2014-12-03,50.95643997192383,51.59090805053711,50.90909194946289,51.42992401123047,33.92727279663086,2491843
2014-12-04,51.41098403930664,52.225379943847656,51.3636360168457,51.875,34.22088623046875,2804525
2014-12-05,51.72348403930664,52.21590805053711,51.72348403930664,52.149620056152344,34.40205383300781,2397331
2014-12-08,52.102272033691406,52.537879943847656,51.60984802246094,51.81818389892578,34.18341064453125,3140966
2014-12-09,51.08901596069336,52.34848403930664,51.08901596069336,52.32007598876953,34.514495849609375,2479488
2014-12-10,52.32954406738281,52.774620056152344,51.647727966308594,51.69507598876953,34.10218811035156,3725251
2014-12-11,51.79924011230469,52.45265197753906,51.40151596069336,51.53409194946289,33.99599075317383,2252976
2014-12-12,51.19318389892578,51.57197189331055,50.3125,50.33143997192383,33.20262908935547,2520038
2014-12-15,50.378787994384766,50.64393997192383,49.772727966308594,49.86742401123047,32.896522521972656,3418589
2014-12-16,49.98106002807617,50.79545593261719,49.337120056152344,49.67802810668945,32.77158737182617,4486733
2014-12-17,49.71590805053711,50.79545593261719,49.5738639831543,50.625,33.39629364013672,3326611
2014-12-18,51.316287994384766,51.496212005615234,50.94697189331055,51.27840805053711,33.82733154296875,3105590
2014-12-19,51.39204406738281,51.477272033691406,50.65340805053711,51.11742401123047,33.72113037109375,4488739
2014-12-22,51.126895904541016,51.57197189331055,51.022727966308594,51.25947189331055,33.81483459472656,1960147
2014-12-23,51.54356002807617,51.88447189331055,51.25947189331055,51.647727966308594,34.070960998535156,1665523
2014-12-24,51.657196044921875,51.70454406738281,51.27840805053711,51.287879943847656,33.833587646484375,733181
2014-12-26,51.53409194946289,51.53409194946289,51.08901596069336,51.40151596069336,33.908538818359375,1263293
2014-12-29,51.24052810668945,51.628787994384766,51.07954406738281,51.42992401123047,33.92727279663086,1468896
2014-12-30,51.41098403930664,51.7613639831543,51.212120056152344,51.344696044921875,33.871055603027344,1611245
2014-12-31,51.600379943847656,51.657196044921875,50.710227966308594,50.7386360168457,33.47125244140625,1566682
2015-01-02,51.003787994384766,51.14583206176758,50.04734802246094,50.41666793823242,33.25885772705078,2774429
2015-01-05,49.95265197753906,50.20833206176758,49.39393997192383,49.621212005615234,32.73411178588867,4297286
2015-01-06,49.92424011230469,50.36931610107422,48.835227966308594,48.9488639831543,32.29057312011719,4078483
2015-01-07,49.100379943847656,49.157196044921875,48.626895904541016,48.8636360168457,32.23435592651367,3931488
2015-01-08,49.55492401123047,50.539772033691406,49.4886360168457,50.539772033691406,33.340057373046875,2965882
2015-01-09,50.7386360168457,50.75757598876953,50.00947189331055,50.246212005615234,33.14641189575195,1615891
2015-01-12,50.26515197753906,50.59659194946289,49.65909194946289,50.38825988769531,33.24012756347656,2917517
2015-01-13,50.75757598876953,51.126895904541016,50.05681610107422,50.47348403930664,33.29635238647461,4211011
2015-01-14,49.79166793823242,50.710227966308594,49.71590805053711,50.57765197753906,33.365055084228516,3014669
2015-01-15,50.77651596069336,50.94697189331055,50.29356002807617,50.539772033691406,33.340057373046875,3955248
2015-01-16,50.710227966308594,51.25,50.4261360168457,51.212120056152344,33.783599853515625,2943917
2015-01-20,51.57197189331055,51.79924011230469,50.80492401123047,51.35416793823242,33.87730407714844,3023539
2015-01-21,51.164772033691406,51.912879943847656,50.89015197753906,51.69507598876953,34.10218811035156,2421408
2015-01-22,52.03598403930664,52.3011360168457,51.70454406738281,52.253787994384766,34.47076416015625,2875805
2015-01-23,52.03598403930664,52.15909194946289,51.155303955078125,51.20265197753906,33.77735900878906,1939661
2015-01-26,51.84659194946289,51.9886360168457,51.20265197753906,51.70454406738281,34.10844421386719,3468010
2015-01-27,50.72916793823242,51.40151596069336,50.05681610107422,50.92802810668945,33.59619903564453,3380256
2015-01-28,52.0738639831543,52.54734802246094,50.28409194946289,50.34090805053711,33.2088737487793,4632778
2015-01-29,50.29356002807617,50.75757598876953,49.67802810668945,50.67234802246094,33.42753601074219,4334352
2015-01-30,50.02840805053711,50.54924011230469,49.74431610107422,49.86742401123047,32.896522521972656,3266630
2015-02-02,50.15151596069336,50.35984802246094,49.45075988769531,49.97159194946289,32.96525573730469,3985555
2015-02-03,49.69697189331055,51.003787994384766,49.69697189331055,50.88068389892578,33.56495666503906,2529859
2015-02-04,50.88068389892578,51.82765197753906,50.76704406738281,51.477272033691406,33.958518981933594,3108653
2015-02-05,51.780303955078125,52.16856002807617,51.373104095458984,52.05492401123047,34.3395881652832,2353085
2015-02-06,51.93181610107422,52.17802810668945,51.439395904541016,51.59090805053711,34.03348159790039,2260051
2015-02-09,51.477272033691406,51.751895904541016,51.07954406738281,51.335227966308594,33.86481857299805,1940189
2015-02-10,51.45833206176758,52.65151596069336,51.32575988769531,52.60416793823242,34.701900482177734,3138643
2015-02-11,52.414772033691406,52.78409194946289,52.17802810668945,52.566287994384766,34.928428649902344,2369558
2015-02-12,53.030303955078125,54.45075988769531,53.030303955078125,54.157196044921875,35.98552703857422,3928426
2015-02-13,53.996212005615234,54.47916793823242,53.91098403930664,54.27083206176758,36.06104278564453,2237875
2015-02-17,53.996212005615234,54.412879943847656,53.75947189331055,53.95833206176758,35.85338592529297,2535878
2015-02-18,53.15340805053711,54.23295593261719,52.935604095458984,54.22348403930664,36.02957534790039,2638099
2015-02-19,53.59848403930664,54.09090805053711,53.39015197753906,53.82575988769531,35.76530075073242,1975670
2015-02-20,53.64583206176758,54.53598403930664,53.17234802246094,54.53598403930664,36.23723220825195,3639293
2015-02-23,53.977272033691406,54.82954406738281,53.41856002807617,54.36552810668945,36.123958587646484,5645165
2015-02-24,53.835227966308594,54.19507598876953,53.352272033691406,53.75,35.7149658203125,2694384
2015-02-25,53.532196044921875,53.873104095458984,53.42802810668945,53.79734802246094,35.74642562866211,2193206
2015-02-26,53.939395904541016,54.592803955078125,53.712120056152344,53.75,35.7149658203125,3162509
2015-02-27,53.92045593261719,53.95833206176758,53.399620056152344,53.41856002807617,35.494728088378906,2373254
2015-03-02,53.41856002807617,53.98674011230469,53.33333206176758,53.95833206176758,35.85338592529297,1837651
2015-03-03,53.75947189331055,53.80681610107422,53.352272033691406,53.626895904541016,35.63317108154297,2253504
2015-03-04,53.44697189331055,53.51325988769531,52.8125,53.25757598876953,35.38776779174805,2360477
2015-03-05,53.41856002807617,53.48484802246094,52.32954406738281,52.623104095458984,34.966182708740234,2204717
2015-03-06,52.149620056152344,52.5,51.628787994384766,52.26325988769531,34.727088928222656,4825286
2015-03-09,52.566287994384766,52.82197189331055,52.121212005615234,52.13068389892578,34.63898849487305,2509901
2015-03-10,51.55302810668945,51.912879943847656,51.373104095458984,51.41098403930664,34.160770416259766,2859226
2015-03-11,51.467803955078125,51.88447189331055,51.10795593261719,51.17424011230469,34.00345993041992,2980982
2015-03-12,51.467803955078125,52.00757598876953,51.07954406738281,51.95075988769531,34.519439697265625,3018787
2015-03-13,51.86552810668945,52.02651596069336,51.373104095458984,51.789772033691406,34.41246032714844,3126394
2015-03-16,51.941287994384766,52.23484802246094,51.86552810668945,51.92234802246094,34.50055694580078,2038291
2015-03-17,51.647727966308594,52.13068389892578,51.316287994384766,51.82765197753906,34.43762969970703,2502614
2015-03-18,51.685604095458984,52.44318389892578,50.96590805053711,52.20643997192383,34.68932342529297,3099782
2015-03-19,52.11174011230469,52.16856002807617,51.335227966308594,51.373104095458984,34.135597229003906,2051702
2015-03-20,51.628787994384766,52.52840805053711,51.4488639831543,52.405303955078125,34.82145690917969,4436784
2015-03-23,52.253787994384766,52.44318389892578,51.6761360168457,51.7613639831543,34.393585205078125,2266598
2015-03-24,51.60984802246094,51.89393997192383,51.373104095458984,51.70454406738281,34.3558235168457,1769750
2015-03-25,51.66666793823242,51.685604095458984,51.003787994384766,51.04166793823242,33.915374755859375,2693117
2015-03-26,50.92802810668945,51.42992401123047,50.83333206176758,51.335227966308594,34.11043167114258,2188666
2015-03-27,51.29734802246094,51.71401596069336,51.22159194946289,51.53409194946289,34.2425651550293,2506944
2015-03-30,51.73295593261719,52.45265197753906,51.63825988769531,52.282196044921875,34.73966598510742,1823818
2015-03-31,52.1875,53.07765197753906,52.102272033691406,52.54734802246094,34.91585159301758,3168528
2015-04-01,52.272727966308594,52.32007598876953,51.439395904541016,51.9886360168457,34.54460525512695,2530915
2015-04-02,51.95075988769531,52.16856002807617,51.57197189331055,51.77083206176758,34.39988327026367,1542182
2015-04-06,51.40151596069336,51.628787994384766,51.32575988769531,51.42992401123047,34.17333984375,2125306
2015-04-07,51.42045593261719,51.79924011230469,51.09848403930664,51.10795593261719,33.95941925048828,1818643
2015-04-08,51.08901596069336,51.71401596069336,50.95643997192383,51.600379943847656,34.28661346435547,2196269
2015-04-09,51.60984802246094,51.92234802246094,51.48674011230469,51.600379943847656,34.28661346435547,2155930
2015-04-10,51.84659194946289,53.49431610107422,51.77083206176758,53.29545593261719,35.412933349609375,5225299
2015-04-13,53.314395904541016,53.48484802246094,52.51893997192383,52.67045593261719,34.99764633178711,4775760
2015-04-14,52.63257598876953,52.935604095458984,52.01704406738281,52.08333206176758,34.607521057128906,2893546
2015-04-15,52.08333206176758,52.32954406738281,51.74242401123047,51.82765197753906,34.43762969970703,2861232
2015-04-16,51.81818389892578,52.23484802246094,51.63825988769531,51.77083206176758,34.39988327026367,3335904
2015-04-17,51.524620056152344,51.69507598876953,50.899620056152344,51.183712005615234,34.00975799560547,3847642
2015-04-20,51.600379943847656,52.15909194946289,51.42045593261719,51.751895904541016,34.38729476928711,2772950
2015-04-21,51.335227966308594,51.57197189331055,49.55492401123047,49.73484802246094,33.04703903198242,6475709
2015-04-22,49.772727966308594,50.35984802246094,49.66856002807617,50.227272033691406,33.374237060546875,3987139
2015-04-23,50.13257598876953,50.350379943847656,49.82954406738281,50.07575988769531,33.2735595703125,2278742
2015-04-24,50.10416793823242,50.86174011230469,49.772727966308594,50.8238639831543,33.77065658569336,2638099
2015-04-27,50.814395904541016,50.871212005615234,50.397727966308594,50.49242401123047,33.55042266845703,2171242
2015-04-28,50.5113639831543,50.7386360168457,49.92424011230469,50.625,33.63850784301758,3170006
2015-04-29,50.48295593261719,51.1363639831543,50.094696044921875,50.25568389892578,33.39311218261719,2431546
2015-04-30,50.23674011230469,51.25947189331055,50.189395904541016,50.871212005615234,33.8021125793457,3062717
2015-05-01,51.07954406738281,51.51515197753906,51.022727966308594,51.164772033691406,33.997161865234375,2334922
2015-05-04,50.95643997192383,51.183712005615234,50.77651596069336,50.89015197753906,33.81468963623047,2311478
2015-05-05,50.79545593261719,50.89015197753906,48.06818389892578,48.248104095458984,32.05915069580078,11120842
2015-05-06,48.38068389892578,49.20454406738281,48.10606002807617,49.0625,32.60029220581055,7185763
2015-05-07,49.147727966308594,49.34659194946289,48.8636360168457,49.24242401123047,32.719844818115234,6498730
2015-05-08,49.98106002807617,50.36931610107422,49.564395904541016,49.70643997192383,33.028167724609375,3418272
2015-05-11,49.65909194946289,50.17045593261719,49.58333206176758,50.05681610107422,33.260963439941406,3092179
2015-05-12,49.89583206176758,49.89583206176758,49.34659194946289,49.35606002807617,32.795352935791016,2010413
2015-05-13,49.50757598876953,49.99052810668945,49.40340805053711,49.772727966308594,33.07221221923828,2411482
2015-05-14,50.246212005615234,51.01325988769531,50.17992401123047,50.77651596069336,33.73918533325195,4585786
2015-05-15,50.748104095458984,50.90909194946289,49.810604095458984,50.44507598876953,33.518951416015625,3266842
2015-05-18,50.217803955078125,50.852272033691406,49.962120056152344,50.77651596069336,33.73918533325195,1936810
2015-05-19,50.691287994384766,51.1363639831543,50.60606002807617,50.77651596069336,33.73918533325195,2789952
2015-05-20,50.719696044921875,50.748104095458984,50.227272033691406,50.41666793823242,33.500083923339844,2163638
2015-05-21,49.99052810668945,50.36931610107422,49.725379943847656,50.28409194946289,33.6649169921875,2347277
2015-05-22,50.28409194946289,50.38825988769531,50.14204406738281,50.28409194946289,33.6649169921875,2022768
2015-05-26,50.00947189331055,50.23674011230469,49.53598403930664,49.73484802246094,33.297203063964844,2305248
2015-05-27,50.00947189331055,50.350379943847656,49.83901596069336,50.10416793823242,33.54446029663086,2002176
2015-05-28,49.84848403930664,50.10416793823242,49.753787994384766,49.914772033691406,33.417659759521484,1328131
2015-05-29,50.094696044921875,50.274620056152344,48.91098403930664,49.08143997192383,32.85974884033203,2685197
2015-06-01,49.03409194946289,49.32765197753906,48.57007598876953,49.07197189331055,32.853416442871094,2627434
2015-06-02,49.01515197753906,49.100379943847656,48.352272033691406,48.45643997192383,32.441314697265625,3411408
2015-06-03,48.532196044921875,48.70265197753906,48.2386360168457,48.522727966308594,32.4857063293457,2401344
2015-06-04,48.14393997192383,48.48484802246094,48.07765197753906,48.4375,32.42864227294922,2499869
2015-06-05,48.13447189331055,48.73106002807617,47.91666793823242,48.45643997192383,32.441314697265625,2036496
2015-06-08,48.20075988769531,48.41856002807617,47.82197189331055,47.850379943847656,32.03556823730469,2884147
2015-06-09,47.67992401123047,48.030303955078125,47.623104095458984,47.689395904541016,31.927791595458984,2798083
2015-06-10,48.030303955078125,48.49431610107422,47.850379943847656,48.20075988769531,32.27013397216797,3403171
2015-06-11,48.25757598876953,49.00568389892578,48.191287994384766,48.816287994384766,32.68223571777344,3221539
2015-06-12,48.67424011230469,48.85416793823242,48.4375,48.4375,32.42864227294922,2146637
2015-06-15,48.04924011230469,48.28598403930664,47.746212005615234,47.88825988769531,32.060935974121094,2029210
2015-06-16,47.94507598876953,48.18181610107422,47.623104095458984,47.85984802246094,32.04189682006836,2378112
2015-06-17,47.935604095458984,48.33333206176758,47.73674011230469,48.219696044921875,32.282814025878906,2454144
2015-06-18,48.42802810668945,48.664772033691406,48.09659194946289,48.33333206176758,32.358890533447266,2637043
2015-06-19,48.248104095458984,49.07197189331055,48.2386360168457,48.42802810668945,32.42229461669922,3853133
2015-06-22,46.73295593261719,47.76515197753906,46.126895904541016,47.03598403930664,31.49033546447754,8840938
2015-06-23,47.149620056152344,47.405303955078125,46.58143997192383,46.685604095458984,31.25575065612793,3777629
2015-06-24,46.6761360168457,47.149620056152344,46.4488639831543,46.48674011230469,31.122623443603516,3087322
2015-06-25,46.50568389892578,46.61931610107422,45.79545593261719,45.80492401123047,30.6661434173584,4659811
2015-06-26,46.022727966308594,46.164772033691406,45.662879943847656,45.691287994384766,30.590063095092773,8923622
2015-06-29,45.530303955078125,45.691287994384766,45.14204406738281,45.17045593261719,30.241382598876953,4475645
2015-06-30,45.65340805053711,45.814395904541016,44.876895904541016,45.066287994384766,30.171634674072266,3622186
2015-07-01,45.46401596069336,46.126895904541016,45.36931610107422,45.975379943847656,30.7802677154541,2959968
2015-07-02,45.975379943847656,46.23106002807617,45.41666793823242,45.41666793823242,30.40620994567871,2899565
2015-07-06,45.123104095458984,45.59659194946289,44.933712005615234,45.14204406738281,30.222352981567383,2760067
2015-07-07,45.20833206176758,45.49242401123047,44.4886360168457,45.45454406738281,30.43156623840332,3212669
2015-07-08,44.933712005615234,45.16098403930664,44.29924011230469,44.337120056152344,29.683460235595703,2872954
2015-07-09,44.85795593261719,44.914772033691406,44.10984802246094,44.128787994384766,29.543983459472656,2808749
2015-07-10,44.64015197753906,44.83901596069336,44.29924011230469,44.45075988769531,29.759538650512695,2721312
2015-07-13,44.82007598876953,45.33143997192383,44.74431610107422,45.26515197753906,30.30476951599121,2568614
2015-07-14,45.17045593261719,45.44507598876953,45.123104095458984,45.217803955078125,30.27306365966797,2466394
2015-07-15,45.20833206176758,45.30302810668945,44.460227966308594,44.71590805053711,29.937057495117188,2930189
2015-07-16,44.66856002807617,45.86174011230469,44.66856002807617,45.558712005615234,30.501293182373047,3684384
2015-07-17,45.350379943847656,45.54924011230469,45.00947189331055,45.1136360168457,30.203323364257812,2679072
2015-07-20,45.29356002807617,46.316287994384766,45.28409194946289,46.07007598876953,30.84366226196289,3423974
2015-07-21,45.814395904541016,45.89015197753906,45.3125,45.539772033691406,30.488622665405273,2581075
2015-07-22,46.40151596069336,46.86552810668945,45.95643997192383,46.22159194946289,30.94510269165039,4266346
2015-07-23,46.23106002807617,46.50568389892578,45.852272033691406,46.032196044921875,30.818300247192383,2821949
2015-07-24,45.78598403930664,46.07007598876953,45.01893997192383,45.217803955078125,30.27306365966797,2934096
2015-07-27,44.8011360168457,45.45454406738281,44.753787994384766,44.84848403930664,30.025808334350586,3125654
2015-07-28,45.04734802246094,46.373104095458984,45.00947189331055,46.14583206176758,30.894376754760742,3590294
2015-07-29,45.227272033691406,45.63447189331055,43.683712005615234,44.498104095458984,29.791234970092773,7408896
2015-07-30,44.280303955078125,44.99052810668945,44.280303955078125,44.95265197753906,30.095548629760742,3381418
2015-07-31,45.16098403930664,45.54924011230469,45.02840805053711,45.33143997192383,30.349149703979492,2911709
2015-08-03,45.34090805053711,45.34090805053711,44.337120056152344,44.82954406738281,30.01312255859375,2286662
2015-08-04,44.61174011230469,45.17992401123047,44.592803955078125,44.89583206176758,30.05750846862793,2419507
2015-08-05,45.217803955078125,45.61552810668945,44.933712005615234,45.25568389892578,30.298425674438477,3209395
2015-08-06,45.274620056152344,45.5113639831543,44.50757598876953,44.76325988769531,29.9687557220459,2198909
2015-08-07,44.66856002807617,45.17045593261719,44.53598403930664,45.01893997192383,30.139930725097656,2764608
2015-08-10,45.246212005615234,45.67234802246094,45.246212005615234,45.44507598876953,30.425235748291016,1824451
2015-08-11,44.97159194946289,45.227272033691406,44.52651596069336,44.76325988769531,29.9687557220459,3512256
2015-08-12,44.07197189331055,44.67802810668945,43.67424011230469,44.649620056152344,30.14777946472168,3253114
2015-08-13,44.592803955078125,44.73484802246094,44.34659194946289,44.38447189331055,29.9687557220459,2552035
2015-08-14,44.251895904541016,44.905303955078125,44.21401596069336,44.8011360168457,30.250078201293945,2710435
2015-08-17,44.74431610107422,45.65340805053711,44.51704406738281,45.60606002807617,30.7935791015625,2697341
2015-08-18,45.3125,45.41666793823242,45.01893997192383,45.07575988769531,30.43552017211914,2150333
2015-08-19,44.82007598876953,44.84848403930664,44.128787994384766,44.52651596069336,30.064664840698242,2183174
2015-08-20,44.185604095458984,44.185604095458984,43.560604095458984,43.57954406738281,29.42525863647461,2811178
2015-08-21,43.14393997192383,43.36174011230469,41.941287994384766,41.960227966308594,28.331886291503906,4421683
2015-08-24,39.82007598876953,41.09848403930664,38.977272033691406,39.782196044921875,26.861257553100586,5208509
2015-08-25,40.9375,41.24052810668945,38.48484802246094,38.522727966308594,26.010862350463867,5613590
2015-08-26,39.51704406738281,39.876895904541016,38.76893997192383,39.782196044921875,26.861257553100586,4446394
2015-08-27,40.47348403930664,41.022727966308594,39.95265197753906,40.86174011230469,27.59017562866211,3390077
2015-08-28,40.691287994384766,41.5625,40.44507598876953,41.41098403930664,27.961023330688477,3318902
2015-08-31,41.26893997192383,41.27840805053711,40.70075988769531,40.852272033691406,27.583789825439453,2217811
2015-09-01,39.905303955078125,40.13257598876953,39.20454406738281,39.47916793823242,26.656648635864258,3657773
2015-09-02,40.17992401123047,40.217803955078125,39.289772033691406,39.753787994384766,26.84208106994629,2113901
2015-09-03,39.85795593261719,40.625,39.73484802246094,39.914772033691406,26.950782775878906,2104925
2015-09-04,39.337120056152344,39.772727966308594,39.23295593261719,39.4886360168457,26.663049697875977,2235235
2015-09-08,40.35984802246094,40.691287994384766,39.92424011230469,40.662879943847656,27.45590591430664,2449709
2015-09-09,41.032196044921875,41.19318389892578,39.66856002807617,39.76325988769531,26.84848403930664,2520461
2015-09-10,39.64015197753906,39.933712005615234,39.45075988769531,39.602272033691406,26.739774703979492,1963738
2015-09-11,39.441287994384766,39.55492401123047,39.08143997192383,39.43181610107422,26.624677658081055,2562806
2015-09-14,39.55492401123047,39.5738639831543,39.08143997192383,39.29924011230469,26.5351619720459,2220557
2015-09-15,38.79734802246094,39.13825988769531,38.683712005615234,38.92045593261719,26.279407501220703,3371702
2015-09-16,38.9488639831543,39.289772033691406,38.712120056152344,39.024620056152344,26.3497314453125,2922480
2015-09-17,39.147727966308594,39.412879943847656,38.626895904541016,38.74052810668945,26.157915115356445,2645069
2015-09-18,38.352272033691406,38.92992401123047,38.10606002807617,38.27651596069336,25.844614028930664,6573706
2015-09-21,38.40909194946289,38.75947189331055,38.125,38.20075988769531,25.793460845947266,2312429
2015-09-22,37.878787994384766,37.94507598876953,37.310604095458984,37.47159194946289,25.30112648010254,2873693
2015-09-23,37.45265197753906,37.746212005615234,37.08333206176758,37.17802810668945,25.1029052734375,2622048
2015-09-24,36.97916793823242,37.03598403930664,36.126895904541016,36.86552810668945,24.89189338684082,5028250
2015-09-25,37.11174011230469,37.21590805053711,36.524620056152344,36.647727966308594,24.744840621948242,3026496
2015-09-28,36.335227966308594,36.50568389892578,35.46401596069336,35.49242401123047,23.964771270751953,3549955
2015-09-29,35.47348403930664,35.719696044921875,35.14204406738281,35.407196044921875,23.907224655151367,3473395
2015-09-30,35.78598403930664,36.04166793823242,35.45454406738281,35.78598403930664,24.162982940673828,3357130
2015-10-01,35.710227966308594,36.58143997192383,35.68181610107422,36.316287994384766,24.521053314208984,3427987
2015-10-02,35.975379943847656,36.85606002807617,35.68181610107422,36.85606002807617,24.885513305664062,4111114
2015-10-05,37.05492401123047,37.67045593261719,36.92234802246094,37.64204406738281,25.416217803955078,2704522
2015-10-06,37.66098403930664,37.88825988769531,37.42424011230469,37.73674011230469,25.480146408081055,3943526
2015-10-07,38.28598403930664,38.28598403930664,37.67992401123047,38.15340805053711,25.761486053466797,2519933
2015-10-08,38.162879943847656,38.977272033691406,38.06818389892578,38.91098403930664,26.273008346557617,2994922
2015-10-09,40.407196044921875,42.45265197753906,40.34090805053711,40.9375,27.64133071899414,8311459
2015-10-12,40.48295593261719,40.662879943847656,39.185604095458984,39.725379943847656,26.822898864746094,3850282
2015-10-13,39.498104095458984,40.227272033691406,39.42234802246094,39.8011360168457,26.87405014038086,2764608
2015-10-14,39.933712005615234,40.246212005615234,39.6875,39.876895904541016,26.925207138061523,2607581
2015-10-15,39.82007598876953,40.02840805053711,38.967803955078125,39.914772033691406,26.950782775878906,3138221
2015-10-16,39.94318389892578,40.05681610107422,39.39393997192383,39.89583206176758,26.937990188598633,2486669
2015-10-19,39.74431610107422,39.76325988769531,39.024620056152344,39.308712005615234,26.54155921936035,2803680
2015-10-20,39.157196044921875,39.649620056152344,38.996212005615234,39.24242401123047,26.496803283691406,2825962
2015-10-21,39.07197189331055,39.19507598876953,38.44697189331055,39.01515197753906,26.343345642089844,3427142
2015-10-22,39.45075988769531,40.625,39.308712005615234,40.4261360168457,27.29605484008789,4381978
2015-10-23,40.88068389892578,41.628787994384766,40.67234802246094,41.524620056152344,28.037750244140625,4614931
2015-10-26,41.496212005615234,41.57197189331055,40.88068389892578,41.155303955078125,27.788394927978516,3090173
2015-10-27,40.98484802246094,41.126895904541016,40.435604095458984,40.72916793823242,27.50066375732422,2954582
2015-10-28,40.748104095458984,41.837120056152344,40.38825988769531,41.600379943847656,28.088909149169922,3776678
2015-10-29,41.63825988769531,41.66666793823242,40.530303955078125,40.70075988769531,27.481481552124023,4315661
2015-10-30,40.86174011230469,41.10795593261719,40.38825988769531,40.4261360168457,27.29605484008789,2734195
2015-11-02,40.48295593261719,41.30681610107422,40.45454406738281,41.11742401123047,27.76280975341797,2407258
2015-11-03,40.83333206176758,41.126895904541016,40.48295593261719,40.5113639831543,27.353593826293945,2712758
2015-11-04,40.710227966308594,40.80492401123047,40.189395904541016,40.25568389892578,27.18096160888672,2532182
2015-11-05,40.26515197753906,40.48295593261719,39.63068389892578,39.810604095458984,26.88043975830078,3230938
2015-11-06,39.63068389892578,40.435604095458984,39.42234802246094,40.29356002807617,27.2065372467041,4585046
2015-11-09,40.1136360168457,40.25568389892578,39.58333206176758,39.876895904541016,26.925207138061523,2874854
2015-11-10,39.782196044921875,40.07575988769531,39.22348403930664,39.725379943847656,26.822898864746094,2523629
2015-11-11,39.86742401123047,40.17992401123047,39.65909194946289,40.07575988769531,27.059480667114258,3402538
2015-11-12,39.29924011230469,39.47916793823242,38.087120056152344,38.10606002807617,25.999834060668945,3118685
2015-11-13,38.11552810668945,38.532196044921875,37.86931610107422,38.058712005615234,25.967529296875,3909734
2015-11-16,38.030303955078125,38.15340805053711,37.49052810668945,37.86931610107422,25.83831024169922,4784419
2015-11-17,38.087120056152344,39.498104095458984,37.746212005615234,37.75568389892578,25.760770797729492,7470883
2015-11-18,37.878787994384766,38.95833206176758,37.878787994384766,38.88257598876953,26.529661178588867,3307498
2015-11-19,38.85416793823242,39.24242401123047,38.664772033691406,39.07197189331055,26.65888786315918,2725536
2015-11-20,39.289772033691406,39.621212005615234,38.873104095458984,39.03409194946289,26.633039474487305,2257517
2015-11-23,38.98674011230469,39.66856002807617,38.90151596069336,39.00568389892578,26.61366081237793,2268605
2015-11-24,38.835227966308594,39.69697189331055,38.70265197753906,39.61174011230469,27.02716827392578,3354384
2015-11-25,39.592803955078125,39.70643997192383,39.13825988769531,39.43181610107422,26.904407501220703,2242522
2015-11-27,39.469696044921875,39.876895904541016,39.29924011230469,39.63068389892578,27.04009246826172,1127702
2015-11-30,39.810604095458984,40.123104095458984,39.45075988769531,39.61174011230469,27.02716827392578,5335123
2015-12-01,39.69697189331055,39.8863639831543,38.73106002807617,39.03409194946289,26.633039474487305,3830006
2015-12-02,38.873104095458984,38.98674011230469,37.79356002807617,37.94507598876953,25.890005111694336,5610317
2015-12-03,37.9261360168457,38.30492401123047,37.29166793823242,37.50947189331055,25.59278678894043,4773014
2015-12-04,37.54734802246094,38.191287994384766,37.253787994384766,38.09659194946289,25.993377685546875,3312778
2015-12-07,37.83143997192383,37.935604095458984,37.376895904541016,37.67045593261719,25.702621459960938,2256144
2015-12-08,37.272727966308594,37.80302810668945,37.08333206176758,37.21590805053711,25.392494201660156,3109814
2015-12-09,37.03598403930664,37.8125,37.01704406738281,37.310604095458984,25.457094192504883,2952998
2015-12-10,37.253787994384766,37.414772033691406,36.66666793823242,36.70454406738281,25.0435791015625,2456256
2015-12-11,36.45833206176758,36.55302810668945,36.003787994384766,36.10795593261719,24.63652801513672,2683930
2015-12-14,36.0511360168457,36.155303955078125,35.3125,35.57765197753906,24.274703979492188,3498317
2015-12-15,35.95643997192383,36.41098403930664,35.814395904541016,36.1363639831543,24.65591049194336,4260960
2015-12-16,36.344696044921875,36.60984802246094,35.75757598876953,36.53409194946289,24.927284240722656,3684278
2015-12-17,36.63825988769531,36.69507598876953,35.719696044921875,35.719696044921875,24.371618270874023,3592618
2015-12-18,35.54924011230469,35.587120056152344,34.810604095458984,34.84848403930664,23.777191162109375,6605914
2015-12-21,35.227272033691406,35.61552810668945,34.99052810668945,35.32197189331055,24.10025978088379,3140122
2015-12-22,35.407196044921875,35.86174011230469,35.13257598876953,35.65340805053711,24.326387405395508,3924202
2015-12-23,35.92802810668945,36.316287994384766,35.72916793823242,36.29734802246094,24.765750885009766,2652672
2015-12-24,36.344696044921875,36.66666793823242,36.24052810668945,36.477272033691406,24.888513565063477,1211971
2015-12-28,36.316287994384766,36.40151596069336,35.94697189331055,36.09848403930664,24.63006019592285,2369242
2015-12-29,36.32575988769531,36.69507598876953,36.183712005615234,36.600379943847656,24.972511291503906,3046771
2015-12-30,36.477272033691406,36.73295593261719,36.1363639831543,36.17424011230469,24.681760787963867,2561011
2015-12-31,36.060604095458984,36.17424011230469,35.691287994384766,35.70075988769531,24.358694076538086,2716560
2016-01-04,35.189395904541016,35.67234802246094,34.905303955078125,35.67234802246094,24.339313507080078,4345546
2016-01-05,35.78598403930664,35.98484802246094,35.435604095458984,35.975379943847656,24.546070098876953,3499478
2016-01-06,35.48295593261719,35.587120056152344,35.15151596069336,35.407196044921875,24.15839385986328,3734861
2016-01-07,34.83901596069336,35.246212005615234,34.2613639831543,34.36552810668945,23.44766616821289,5123606
2016-01-08,34.375,34.82954406738281,33.88257598876953,33.996212005615234,23.195682525634766,5048736
2016-01-11,34.2613639831543,34.602272033691406,34.04356002807617,34.469696044921875,23.518739700317383,6199459
2016-01-12,34.772727966308594,34.92424011230469,34.04356002807617,34.42234802246094,23.48643684387207,4181971
2016-01-13,34.61174011230469,35.085227966308594,34.07197189331055,34.13825988769531,23.2926025390625,4184189
2016-01-14,34.251895904541016,34.83901596069336,33.79734802246094,34.602272033691406,23.60919952392578,4336042
2016-01-15,33.60795593261719,34.84848403930664,33.60795593261719,34.4886360168457,23.531661987304688,5364163
2016-01-19,34.810604095458984,34.876895904541016,33.162879943847656,33.75,23.027690887451172,4665514
2016-01-20,33.210227966308594,33.72159194946289,32.225379943847656,33.41856002807617,22.80154800415039,4910822
2016-01-21,33.57007598876953,34.08143997192383,33.087120056152344,33.57954406738281,22.911392211914062,3543514
2016-01-22,34.11931610107422,34.84848403930664,34.11931610107422,34.51704406738281,23.551048278808594,3921773
2016-01-25,33.125,33.15340805053711,30.776514053344727,30.85227394104004,21.050565719604492,15465331
2016-01-26,31.07007598876953,31.524620056152344,30.85227394104004,31.126893997192383,21.237939834594727,8866176
2016-01-27,31.032197952270508,31.884469985961914,30.80492401123047,31.16477394104004,21.263792037963867,7143840
2016-01-28,31.344697952270508,31.47727394104004,30.833332061767578,30.918561935424805,21.095794677734375,4515562
2016-01-29,31.136363983154297,32.405303955078125,31.089014053344727,32.39583206176758,22.103740692138672,6616896
2016-02-01,32.225379943847656,32.50947189331055,31.732955932617188,32.282196044921875,22.02620506286621,5886038
2016-02-02,32.272727966308594,32.282196044921875,31.704544067382812,32.064395904541016,21.87759780883789,5675155
2016-02-03,32.85984802246094,33.59848403930664,31.30681800842285,32.35795593261719,22.07790184020996,9367459
2016-02-04,32.414772033691406,33.51325988769531,32.102272033691406,33.210227966308594,22.659406661987305,6857558
2016-02-05,33.20075988769531,33.48484802246094,32.96401596069336,33.11552810668945,22.59479331970215,6897158
2016-02-08,32.67045593261719,32.774620056152344,31.93181800842285,32.537879943847656,22.20065689086914,4495498
2016-02-09,32.20643997192383,33.33333206176758,31.96022605895996,33.26704406738281,22.69816780090332,6488064
2016-02-10,33.399620056152344,34.20454406738281,32.85984802246094,32.935604095458984,22.472028732299805,8214624
2016-02-11,32.05492401123047,32.32007598876953,31.11742401123047,31.363636016845703,21.673662185668945,6215088
2016-02-12,31.78977394104004,33.28598403930664,31.74242401123047,32.34848403930664,22.35424041748047,6722813
2016-02-16,32.717803955078125,33.27651596069336,32.405303955078125,33.2386360168457,22.969375610351562,3854611
2016-02-17,33.42802810668945,34.251895904541016,33.39015197753906,33.69318389892578,23.283483505249023,4720848
2016-02-18,33.655303955078125,33.72159194946289,33.17234802246094,33.44697189331055,23.113340377807617,3180038
2016-02-19,32.96401596069336,32.96401596069336,31.657197952270508,32.20643997192383,22.256072998046875,6206851
2016-02-22,32.60416793823242,32.67045593261719,32.272727966308594,32.52840805053711,22.478574752807617,4254624
2016-02-23,32.36742401123047,32.49052810668945,31.969697952270508,32.376895904541016,22.373868942260742,3968976
2016-02-24,32.1875,33.0113639831543,32.00757598876953,32.86931610107422,22.71415138244629,3848803
2016-02-25,32.935604095458984,33.09659194946289,32.49052810668945,32.94507598876953,22.76650619506836,3256598
2016-02-26,33.14393997192383,33.61742401123047,33.11552810668945,33.371212005615234,23.060983657836914,3522182
2016-02-29,33.33333206176758,34.280303955078125,33.29545593261719,33.80681610107422,23.362003326416016,4557696
2016-03-01,34.10984802246094,34.95265197753906,34.024620056152344,34.69697189331055,23.97715187072754,4198022
2016-03-02,34.51704406738281,35.085227966308594,34.4886360168457,34.82954406738281,24.06875991821289,3461146
2016-03-03,34.84848403930664,36.335227966308594,34.82954406738281,36.27840805053711,25.069992065429688,5420870
2016-03-04,36.20265197753906,37.092803955078125,36.10795593261719,36.6761360168457,25.344837188720703,4994774
2016-03-07,36.600379943847656,37.01704406738281,36.50568389892578,36.85606002807617,25.46916961669922,3003475
2016-03-08,36.685604095458984,36.837120056152344,35.76704406738281,35.8238639831543,24.755882263183594,3694522
2016-03-09,36.07007598876953,36.57197189331055,35.871212005615234,36.50568389892578,25.22704315185547,4148074
2016-03-10,36.72348403930664,37.272727966308594,36.42045593261719,37.16856002807617,25.685115814208984,5536502
2016-03-11,37.689395904541016,37.9261360168457,37.60416793823242,37.78409194946289,26.110485076904297,4430659
2016-03-14,37.85984802246094,38.28598403930664,37.746212005615234,37.88825988769531,26.18246841430664,5877907
2016-03-15,37.70833206176758,37.82197189331055,37.05492401123047,37.376895904541016,25.8290958404541,5213472
2016-03-16,37.26325988769531,38.41856002807617,37.20643997192383,38.248104095458984,26.43113136291504,6167251
2016-03-17,38.17234802246094,39.4886360168457,38.10606002807617,39.08143997192383,27.007007598876953,5302704
2016-03-18,39.6875,39.6875,38.36174011230469,38.76893997192383,26.79104995727539,10498330
2016-03-21,38.77840805053711,39.85795593261719,38.77840805053711,39.2613639831543,27.131338119506836,4766573
2016-03-22,39.03409194946289,39.58333206176758,38.787879943847656,39.09090805053711,27.013545989990234,3634224
2016-03-23,38.996212005615234,39.185604095458984,38.49431610107422,38.5511360168457,26.640535354614258,2789213
2016-03-24,38.352272033691406,38.655303955078125,38.087120056152344,38.626895904541016,26.692903518676758,2900304
2016-03-28,38.73106002807617,38.835227966308594,38.39015197753906,38.69318389892578,26.738710403442383,2280115
2016-03-29,38.60795593261719,39.16666793823242,38.20075988769531,39.147727966308594,27.052814483642578,3136003
2016-03-30,39.251895904541016,39.34659194946289,38.70265197753906,38.82575988769531,26.830322265625,3163142
2016-03-31,38.82575988769531,38.977272033691406,38.45643997192383,38.8636360168457,26.856489181518555,4565510
2016-04-01,38.58901596069336,38.844696044921875,38.2386360168457,38.79734802246094,26.810686111450195,4211222
2016-04-04,38.844696044921875,38.939395904541016,38.352272033691406,38.40909194946289,26.54238510131836,3236640
2016-04-05,37.96401596069336,38.191287994384766,37.52840805053711,37.75568389892578,26.09084701538086,5114419
2016-04-06,37.689395904541016,38.10606002807617,37.26325988769531,38.06818389892578,26.306800842285156,3159130
2016-04-07,37.73674011230469,38.02083206176758,37.282196044921875,37.5,25.914161682128906,2570726
2016-04-08,37.8125,38.3238639831543,37.78409194946289,38.087120056152344,26.31989097595215,2626694
2016-04-11,38.26704406738281,38.54166793823242,37.98295593261719,38.04924011230469,26.2937068939209,2901254
2016-04-12,38.210227966308594,38.44697189331055,37.86931610107422,38.371212005615234,26.516202926635742,2533133
2016-04-13,38.69318389892578,39.1761360168457,38.6363639831543,39.128787994384766,27.039724349975586,2755104
2016-04-14,39.20454406738281,39.251895904541016,38.560604095458984,38.816287994384766,26.82377815246582,2424259
2016-04-15,38.73106002807617,39.5738639831543,38.69318389892578,39.50757598876953,27.301485061645508,3149309
2016-04-18,39.337120056152344,39.85795593261719,39.20454406738281,39.79166793823242,27.497806549072266,2505466
2016-04-19,39.84848403930664,41.155303955078125,39.82007598876953,40.64393997192383,28.086763381958008,5066054
2016-04-20,40.68181610107422,40.80492401123047,40.25568389892578,40.29356002807617,27.844635009765625,2561645
2016-04-21,40.64393997192383,41.19318389892578,40.26515197753906,40.3125,27.857723236083984,3666432
2016-04-22,40.46401596069336,41.183712005615234,40.435604095458984,41.060604095458984,28.374696731567383,3118579
2016-04-25,40.587120056152344,40.75757598876953,40.10416793823242,40.57765197753906,28.040952682495117,3638870
2016-04-26,40.67234802246094,41.17424011230469,40.65340805053711,41.07007598876953,28.381240844726562,3164515
2016-04-27,41.72348403930664,42.23484802246094,41.25947189331055,41.837120056152344,28.91130828857422,4279334
2016-04-28,41.335227966308594,41.912879943847656,40.8238639831543,41.25947189331055,28.512126922607422,2758906
2016-04-29,41.19318389892578,41.42992401123047,40.719696044921875,40.975379943847656,28.315807342529297,3424397
2016-05-02,40.98484802246094,41.373104095458984,40.60606002807617,41.155303955078125,28.440135955810547,4185350
2016-05-03,40.45454406738281,40.54924011230469,39.412879943847656,39.94318389892578,27.602514266967773,4690646
2016-05-04,39.772727966308594,40.0,39.31818389892578,39.55492401123047,27.33420181274414,2699242
2016-05-05,39.725379943847656,39.85795593261719,39.27083206176758,39.29924011230469,27.157516479492188,2885626
2016-05-06,39.2613639831543,40.123104095458984,39.09090805053711,39.86742401123047,27.550161361694336,3123859
2016-05-09,39.95265197753906,40.5113639831543,39.8011360168457,40.26515197753906,27.825002670288086,3284899
2016-05-10,40.35984802246094,40.91856002807617,40.32197189331055,40.80492401123047,28.198007583618164,2481494
2016-05-11,40.79545593261719,41.032196044921875,40.539772033691406,40.539772033691406,28.014780044555664,2053392
2016-05-12,41.01325988769531,41.1363639831543,40.15151596069336,40.34090805053711,27.87735366821289,2274941
2016-05-13,40.25568389892578,40.38825988769531,39.66856002807617,39.74431610107422,27.4650821685791,2862499
2016-05-16,39.782196044921875,40.15151596069336,39.469696044921875,39.97159194946289,27.622142791748047,3151526
2016-05-17,39.53598403930664,39.54545593261719,38.6363639831543,39.00568389892578,26.954666137695312,6276970
2016-05-18,38.90151596069336,39.128787994384766,38.04924011230469,38.15340805053711,26.36569595336914,4802054
2016-05-19,38.06818389892578,38.162879943847656,37.42424011230469,38.125,26.346065521240234,3964118
2016-05-20,38.352272033691406,38.475379943847656,38.09659194946289,38.28598403930664,26.45730972290039,2766931
2016-05-23,38.38068389892578,39.31818389892578,38.342803955078125,38.75947189331055,26.784509658813477,3390922
2016-05-24,39.05302810668945,39.337120056152344,38.95833206176758,39.22348403930664,27.105165481567383,3155011
2016-05-25,38.996212005615234,40.17045593261719,38.996212005615234,39.89583206176758,27.865806579589844,5157821
2016-05-26,39.876895904541016,40.01893997192383,39.498104095458984,39.621212005615234,27.673992156982422,2598394
2016-05-27,39.69697189331055,39.98106002807617,39.58333206176758,39.85795593261719,27.839336395263672,1716106
2016-05-31,40.05681610107422,40.246212005615234,39.5738639831543,39.92424011230469,27.885650634765625,2980032
2016-06-01,39.725379943847656,39.8863639831543,39.4886360168457,39.876895904541016,27.852582931518555,2078102
2016-06-02,39.914772033691406,40.80492401123047,39.83901596069336,40.625,28.375093460083008,3359875
2016-06-03,40.625,40.70075988769531,40.15151596069336,40.65340805053711,28.394948959350586,3029030
2016-06-06,40.719696044921875,40.95643997192383,40.65340805053711,40.83333206176758,28.5206241607666,2054765
2016-06-07,40.99431610107422,41.77083206176758,40.90909194946289,41.58143997192383,29.04313850402832,4080912
2016-06-08,41.780303955078125,41.837120056152344,41.54356002807617,41.77083206176758,29.1754207611084,3062189
2016-06-09,41.57197189331055,41.657196044921875,41.060604095458984,41.27840805053711,28.831485748291016,1754122
2016-06-10,41.0511360168457,41.08901596069336,40.625,40.89015197753906,28.560304641723633,2468083
2016-06-13,40.64393997192383,40.75757598876953,39.70643997192383,39.753787994384766,27.766597747802734,3678576
2016-06-14,39.564395904541016,39.71590805053711,39.11931610107422,39.51704406738281,27.601240158081055,3183206
2016-06-15,39.772727966308594,40.01893997192383,39.34659194946289,39.38447189331055,27.508642196655273,2519616
2016-06-16,39.1761360168457,39.54545593261719,38.72159194946289,39.51704406738281,27.601240158081055,2956483
2016-06-17,39.50757598876953,39.810604095458984,39.251895904541016,39.73484802246094,27.75337028503418,2966832
2016-06-20,40.1988639831543,40.8238639831543,40.17045593261719,40.41666793823242,28.229585647583008,2310845
2016-06-21,40.57765197753906,40.59659194946289,40.17992401123047,40.1988639831543,28.07745933532715,1826035
2016-06-22,40.274620056152344,40.4261360168457,40.123104095458984,40.123104095458984,28.02454376220703,1667530
2016-06-23,40.7386360168457,40.99431610107422,40.60606002807617,40.99431610107422,28.633066177368164,1671226
2016-06-24,39.31818389892578,40.13257598876953,39.0625,39.1761360168457,27.363122940063477,10122605
2016-06-27,38.82575988769531,38.89204406738281,37.15909194946289,37.537879943847656,26.2188663482666,4240262
2016-06-28,37.878787994384766,38.13447189331055,37.414772033691406,38.125,26.62894058227539,3018259
2016-06-29,38.664772033691406,39.147727966308594,38.475379943847656,38.98674011230469,27.2308292388916,2429539
2016-06-30,39.11931610107422,40.13257598876953,38.82575988769531,40.13257598876953,28.031160354614258,3278880
2016-07-01,40.435604095458984,40.54924011230469,39.95265197753906,40.44507598876953,28.249427795410156,2052653
2016-07-05,40.05681610107422,40.17045593261719,39.32765197753906,39.54545593261719,27.621074676513672,1924877
2016-07-06,39.47916793823242,39.772727966308594,38.90151596069336,39.73484802246094,27.75337028503418,3661574
2016-07-07,39.725379943847656,40.227272033691406,39.460227966308594,39.67802810668945,27.71368408203125,2446752
2016-07-08,40.02840805053711,40.587120056152344,39.962120056152344,40.48295593261719,28.275888442993164,2401872
2016-07-11,40.45454406738281,40.8238639831543,40.227272033691406,40.748104095458984,28.461084365844727,2099962
2016-07-12,41.022727966308594,41.875,40.98484802246094,41.82765197753906,29.21510887145996,2998618
2016-07-13,41.84659194946289,42.04545593261719,41.524620056152344,41.89393997192383,29.261409759521484,2975914
2016-07-14,42.14015197753906,42.310604095458984,41.647727966308594,41.71401596069336,29.13573455810547,3216576
2016-07-15,42.05492401123047,43.532196044921875,42.05492401123047,43.058712005615234,30.074962615966797,5692157
2016-07-18,43.058712005615234,43.210227966308594,42.717803955078125,43.11552810668945,30.114648818969727,2237453
2016-07-19,43.030303955078125,43.22916793823242,42.433712005615234,42.585227966308594,29.74424934387207,3071165
2016-07-20,42.623104095458984,43.058712005615234,42.50947189331055,42.623104095458984,29.77069854736328,2549923
2016-07-21,42.67992401123047,42.91666793823242,42.35795593261719,42.5,29.684717178344727,1903440
2016-07-22,42.55681610107422,42.82197189331055,42.376895904541016,42.727272033691406,29.84345054626465,1680624
2016-07-25,42.65151596069336,42.73674011230469,42.32954406738281,42.727272033691406,29.84345054626465,1481251
2016-07-26,42.79356002807617,43.28598403930664,42.66098403930664,43.25757598876953,30.213855743408203,1689811
2016-07-27,43.25757598876953,43.42802810668945,42.70833206176758,43.17234802246094,30.154333114624023,3074016
2016-07-28,43.087120056152344,43.82575988769531,42.54734802246094,43.30492401123047,30.246925354003906,3395779
2016-07-29,43.15340805053711,43.45643997192383,42.878787994384766,43.38068389892578,30.299854278564453,2449603
2016-08-01,43.33333206176758,43.44697189331055,42.774620056152344,43.087120056152344,30.094804763793945,2178739
2016-08-02,42.98295593261719,43.22916793823242,42.82197189331055,42.98295593261719,30.022052764892578,2116224
2016-08-03,42.97348403930664,43.39015197753906,42.774620056152344,43.314395904541016,30.2535400390625,1505645
2016-08-04,43.41856002807617,43.92045593261719,43.30492401123047,43.39015197753906,30.306461334228516,2176733
2016-08-05,43.664772033691406,44.00568389892578,43.45643997192383,43.54166793823242,30.412290573120117,1846838
2016-08-08,43.49431610107422,43.88257598876953,43.40909194946289,43.73106002807617,30.54457664489746,2231222
2016-08-09,43.75,44.03409194946289,43.57954406738281,43.61742401123047,30.46519660949707,1240906
2016-08-10,43.626895904541016,44.876895904541016,43.626895904541016,44.308712005615234,30.948036193847656,4281446
2016-08-11,43.996212005615234,44.52651596069336,43.996212005615234,44.441287994384766,31.33530616760254,2838634
2016-08-12,44.35606002807617,44.52651596069336,43.844696044921875,44.03409194946289,31.048200607299805,2291626
2016-08-15,44.03409194946289,44.39393997192383,43.8636360168457,43.8636360168457,30.928007125854492,2203133
2016-08-16,43.98674011230469,44.962120056152344,43.967803955078125,44.185604095458984,31.155033111572266,3063034
2016-08-17,44.280303955078125,44.82007598876953,44.24242401123047,44.8011360168457,31.589031219482422,2591846
2016-08-18,44.782196044921875,45.17045593261719,44.74431610107422,45.085227966308594,31.78935432434082,2378429
2016-08-19,44.82007598876953,45.05681610107422,44.375,44.94318389892578,31.689191818237305,1848106
2016-08-22,44.64015197753906,44.64015197753906,43.6363639831543,44.09090805053711,31.088258743286133,3655238
2016-08-23,44.4886360168457,44.725379943847656,44.22348403930664,44.469696044921875,31.355337142944336,1940822
2016-08-24,44.50757598876953,44.50757598876953,44.01515197753906,44.09090805053711,31.088258743286133,1561296
2016-08-25,44.07197189331055,46.126895904541016,43.89204406738281,45.8238639831543,32.31014633178711,7365072
2016-08-26,46.060604095458984,47.064395904541016,45.975379943847656,46.29734802246094,32.64400863647461,5747597
2016-08-29,46.212120056152344,46.808712005615234,46.183712005615234,46.30681610107422,32.65068817138672,2897664
2016-08-30,46.30681610107422,46.71401596069336,46.212120056152344,46.39204406738281,32.710784912109375,2612016
2016-08-31,46.212120056152344,46.29734802246094,45.61552810668945,45.91856002807617,32.37692642211914,2354035
2016-09-01,46.01325988769531,46.39204406738281,45.7386360168457,46.126895904541016,32.52381896972656,2231011
2016-09-02,46.40151596069336,46.61931610107422,46.183712005615234,46.51515197753906,32.797584533691406,1749792
2016-09-06,46.63825988769531,46.85606002807617,46.32575988769531,46.73295593261719,32.95114517211914,2686675
2016-09-07,46.54356002807617,46.998104095458984,46.4488639831543,46.85606002807617,33.03794479370117,2151600
2016-09-08,46.647727966308594,46.837120056152344,46.3636360168457,46.467803955078125,32.764183044433594,2377478
2016-09-09,46.183712005615234,46.287879943847656,45.123104095458984,45.17992401123047,31.85612678527832,2614762
2016-09-12,44.79166793823242,45.871212005615234,44.66856002807617,45.65340805053711,32.189979553222656,3105274
2016-09-13,45.34090805053711,45.8238639831543,44.876895904541016,45.1988639831543,31.869478225708008,2473680
2016-09-14,45.04734802246094,45.41666793823242,44.79166793823242,45.00947189331055,31.735931396484375,1803226
2016-09-15,45.0,45.842803955078125,44.92424011230469,45.691287994384766,32.2166862487793,2587411
2016-09-16,46.439395904541016,47.21590805053711,46.126895904541016,46.58143997192383,32.84431457519531,5422771
2016-09-19,46.69507598876953,47.253787994384766,46.39204406738281,46.39204406738281,32.710784912109375,2758061
2016-09-20,46.57197189331055,46.84659194946289,45.47348403930664,45.47348403930664,32.0631103515625,4111747
2016-09-21,45.748104095458984,46.14583206176758,45.350379943847656,45.91856002807617,32.37692642211914,3395146
2016-09-22,46.183712005615234,46.439395904541016,45.189395904541016,45.36931610107422,31.989662170410156,4003085
2016-09-23,45.435604095458984,46.126895904541016,45.397727966308594,45.842803955078125,32.32350158691406,3889987
2016-09-26,45.691287994384766,45.7386360168457,44.810604095458984,44.84848403930664,31.622417449951172,3420278
2016-09-27,44.84848403930664,45.16098403930664,44.58333206176758,44.98106002807617,31.71590232849121,2806954
2016-09-28,45.10416793823242,45.587120056152344,44.79166793823242,45.558712005615234,32.12318420410156,2938637
2016-09-29,45.45454406738281,45.539772033691406,44.58333206176758,44.810604095458984,31.59571075439453,2685619
2016-09-30,44.98106002807617,45.691287994384766,44.810604095458984,45.435604095458984,32.036407470703125,4491274
2016-10-03,45.435604095458984,45.68181610107422,45.094696044921875,45.26515197753906,31.91620635986328,2477376
2016-10-04,45.350379943847656,45.60606002807617,44.38447189331055,44.592803955078125,31.442136764526367,2768198
2016-10-05,44.86742401123047,44.95265197753906,43.33333206176758,44.23295593261719,31.18842124938965,5926272
2016-10-06,44.337120056152344,45.41666793823242,44.308712005615234,44.79166793823242,31.58236312866211,3636442
2016-10-07,44.97159194946289,45.15151596069336,44.05302810668945,44.337120056152344,31.261865615844727,4005197
2016-10-10,44.64015197753906,44.82954406738281,43.85416793823242,44.29924011230469,31.23514747619629,3324288
2016-10-11,44.09090805053711,44.09090805053711,42.99242401123047,43.29545593261719,30.527395248413086,3071059
2016-10-12,43.51325988769531,44.05302810668945,43.51325988769531,43.92992401123047,30.974756240844727,3666010
2016-10-13,43.51325988769531,43.626895904541016,42.850379943847656,43.39015197753906,30.594158172607422,2691322
2016-10-14,43.69318389892578,44.53598403930664,43.683712005615234,44.251895904541016,31.201772689819336,3682166
2016-10-17,44.469696044921875,45.29356002807617,44.441287994384766,44.69697189331055,31.515586853027344,2531760
2016-10-18,44.24242401123047,44.83901596069336,44.24242401123047,44.53598403930664,31.40208625793457,2772739
2016-10-19,44.73484802246094,45.92802810668945,44.53598403930664,45.719696044921875,32.23670196533203,3718176
2016-10-20,45.44507598876953,45.45454406738281,44.13825988769531,44.67802810668945,31.50223731994629,3101683
2016-10-21,44.31818389892578,44.92424011230469,43.996212005615234,44.50757598876953,31.38204574584961,2329325
2016-10-24,44.97159194946289,45.530303955078125,44.07197189331055,44.23295593261719,31.18842124938965,3743203
2016-10-25,44.16666793823242,44.251895904541016,43.6363639831543,44.128787994384766,31.114961624145508,2897242
2016-10-26,43.835227966308594,44.24242401123047,43.560604095458984,43.712120056152344,30.821186065673828,2890800
2016-10-27,43.399620056152344,43.560604095458984,42.29166793823242,42.746212005615234,30.14012336730957,4298026
2016-10-28,42.79356002807617,43.10606002807617,42.33901596069336,42.623104095458984,30.053316116333008,2507472
2016-10-31,42.5,42.98295593261719,42.49052810668945,42.64204406738281,30.06667709350586,2446858
2016-11-01,42.75568389892578,42.82197189331055,41.439395904541016,41.875,29.525840759277344,3258922
2016-11-02,41.72348403930664,42.092803955078125,41.57197189331055,41.837120056152344,29.499120712280273,2837789
2016-11-03,41.912879943847656,42.064395904541016,41.24052810668945,41.287879943847656,29.111860275268555,2602512
2016-11-04,41.41098403930664,42.11174011230469,41.30681610107422,41.647727966308594,29.36559295654297,2395325
2016-11-07,42.1875,42.585227966308594,41.66666793823242,42.11174011230469,29.692758560180664,3206333
2016-11-08,42.00757598876953,42.45265197753906,41.69507598876953,42.376895904541016,29.87971305847168,2411376
2016-11-09,41.647727966308594,43.46590805053711,41.439395904541016,43.22916793823242,30.48065185546875,3911213
2016-11-10,43.0113639831543,43.835227966308594,42.95454406738281,43.38068389892578,30.900888442993164,4058102
2016-11-11,43.29545593261719,43.5511360168457,42.79356002807617,43.2386360168457,30.79970932006836,2217600
2016-11-14,43.51325988769531,44.772727966308594,43.503787994384766,44.70643997192383,31.84525489807129,3806563
2016-11-15,44.69697189331055,45.26515197753906,44.05302810668945,45.217803955078125,32.20951461791992,4094112
2016-11-16,45.54924011230469,46.477272033691406,45.274620056152344,45.397727966308594,32.33768844604492,5213578
2016-11-17,45.49242401123047,46.467803955078125,45.189395904541016,45.75757598876953,32.59400177001953,3643834
2016-11-18,45.719696044921875,45.94697189331055,45.47348403930664,45.88068389892578,32.68169403076172,2434291
2016-11-21,45.435604095458984,45.852272033691406,45.3125,45.748104095458984,32.58725357055664,2644118
2016-11-22,45.96590805053711,46.25,45.76704406738281,46.003787994384766,32.76938247680664,2810016
2016-11-23,46.01325988769531,46.3636360168457,45.96590805053711,46.1363639831543,32.863807678222656,1727194
2016-11-25,46.212120056152344,46.29734802246094,45.975379943847656,46.25947189331055,32.95150375366211,860006
2016-11-28,46.07954406738281,46.344696044921875,45.9375,46.10795593261719,32.84357833862305,1993517
2016-11-29,46.14583206176758,46.496212005615234,46.0511360168457,46.25,32.944766998291016,2229005
2016-11-30,46.3636360168457,46.3636360168457,45.91856002807617,46.1363639831543,32.863807678222656,2695229
2016-12-01,46.344696044921875,47.11174011230469,46.30681610107422,47.092803955078125,33.54510498046875,3715642
2016-12-02,47.102272033691406,47.79356002807617,46.751895904541016,47.78409194946289,34.03752899169922,3646579
2016-12-05,48.25757598876953,48.73106002807617,48.058712005615234,48.683712005615234,34.6783332824707,4053245
2016-12-06,48.532196044921875,49.05302810668945,48.29545593261719,49.024620056152344,34.921173095703125,2601245
2016-12-07,49.11931610107422,50.5113639831543,49.11931610107422,50.47348403930664,35.9532356262207,3700963
2016-12-08,50.61552810668945,51.20265197753906,50.29356002807617,50.814395904541016,36.196067810058594,2621626
2016-12-09,50.70075988769531,51.25,50.558712005615234,50.975379943847656,36.31074142456055,2984890
2016-12-12,51.04166793823242,51.45833206176758,50.710227966308594,50.75757598876953,36.155601501464844,2758061
2016-12-13,50.65340805053711,50.975379943847656,50.02840805053711,50.46401596069336,35.946495056152344,2984678
2016-12-14,50.54924011230469,50.899620056152344,50.01893997192383,50.1136360168457,35.696903228759766,3398525
2016-12-15,50.274620056152344,51.11742401123047,50.13257598876953,50.75757598876953,36.155601501464844,3269482
2016-12-16,50.79545593261719,51.24052810668945,50.67234802246094,50.899620056152344,36.25678253173828,4705536
2016-12-19,50.67234802246094,50.9375,50.57765197753906,50.83333206176758,36.20955276489258,2943811
2016-12-20,50.899620056152344,51.27840805053711,50.83333206176758,51.126895904541016,36.418670654296875,1950115
2016-12-21,51.1363639831543,51.42992401123047,50.95643997192383,51.08901596069336,36.391685485839844,2102707
2016-12-22,51.08901596069336,51.22159194946289,50.587120056152344,50.9375,36.28376388549805,2558266
2016-12-23,50.89015197753906,51.19318389892578,50.80492401123047,51.164772033691406,36.44565200805664,1279766
2016-12-27,51.373104095458984,51.5625,51.30681610107422,51.40151596069336,36.614288330078125,1621382
2016-12-28,51.70454406738281,51.780303955078125,50.38825988769531,50.54924011230469,36.0071907043457,3063562
2016-12-29,50.46401596069336,50.80492401123047,50.30302810668945,50.539772033691406,36.00044250488281,1457914
2016-12-30,50.60606002807617,50.662879943847656,49.876895904541016,50.246212005615234,35.79133224487305,2131114
2017-01-03,50.29356002807617,50.99431610107422,50.15151596069336,50.558712005615234,36.01394271850586,2034912
2017-01-04,50.79545593261719,51.29734802246094,50.662879943847656,51.183712005615234,36.459136962890625,2461536
2017-01-05,51.04166793823242,51.38257598876953,50.501895904541016,50.76704406738281,36.16233825683594,2197642
2017-01-06,50.719696044921875,51.07007598876953,50.435604095458984,50.871212005615234,36.23653793334961,1323696
2017-01-09,50.852272033691406,51.29734802246094,50.587120056152344,50.77651596069336,36.16908645629883,3154272
2017-01-10,50.852272033691406,51.344696044921875,50.61552810668945,50.92802810668945,36.27700424194336,2902522
2017-01-11,50.7386360168457,51.32575988769531,50.61552810668945,51.26893997192383,36.51984405517578,2076518
2017-01-12,50.98484802246094,51.212120056152344,50.227272033691406,50.8238639831543,36.20281219482422,2023085
2017-01-13,50.83333206176758,51.212120056152344,50.60606002807617,50.710227966308594,36.12186813354492,1789392
2017-01-17,50.52083206176758,50.662879943847656,49.97159194946289,50.17992401123047,35.74412536621094,1899744
2017-01-18,50.33143997192383,50.378787994384766,49.86742401123047,50.217803955078125,35.7711067199707,2348122
2017-01-19,50.32197189331055,50.33143997192383,49.63068389892578,49.8863639831543,35.53501510620117,2043043
2017-01-20,50.899620056152344,51.09848403930664,50.3125,50.842803955078125,36.216312408447266,3258077
2017-01-23,50.91856002807617,51.477272033691406,50.80492401123047,51.42992401123047,36.634521484375,2541370
2017-01-24,51.61931610107422,53.039772033691406,51.59090805053711,52.935604095458984,37.70704650878906,4034448
2017-01-25,53.48484802246094,55.17045593261719,53.46590805053711,54.914772033691406,39.11684036254883,5478528
2017-01-26,55.501895904541016,55.7386360168457,54.32765197753906,54.460227966308594,38.79307174682617,3854928
2017-01-27,54.66856002807617,54.772727966308594,54.157196044921875,54.29924011230469,38.67839050292969,2158781
2017-01-30,53.996212005615234,53.996212005615234,53.3238639831543,53.873104095458984,38.37483215332031,2399549
2017-01-31,53.816287994384766,54.31818389892578,53.22916793823242,53.59848403930664,38.17922592163086,3956832
2017-02-01,53.72159194946289,54.09090805053711,53.039772033691406,53.503787994384766,38.11177444458008,3158074
2017-02-02,52.537879943847656,52.82197189331055,49.52651596069336,50.52083206176758,35.98695755004883,8508509
2017-02-03,50.710227966308594,50.8238639831543,49.45075988769531,50.1988639831543,35.75761413574219,6171475
2017-02-06,49.55492401123047,49.55492401123047,47.91666793823242,48.8636360168457,34.806514739990234,6526397
2017-02-07,49.157196044921875,49.86742401123047,48.939395904541016,49.36552810668945,35.16401672363281,4864147
2017-02-08,49.2613639831543,51.09848403930664,48.92992401123047,50.28409194946289,35.818321228027344,7998778
2017-02-09,50.28409194946289,50.28409194946289,49.289772033691406,49.39393997192383,35.18424987792969,4721376
2017-02-10,49.602272033691406,50.217803955078125,49.157196044921875,50.085227966308594,35.676666259765625,4028957
2017-02-13,49.71590805053711,50.63447189331055,49.5738639831543,49.8863639831543,35.84882736206055,4048387
2017-02-14,49.70643997192383,50.1136360168457,49.55492401123047,50.07575988769531,35.98493957519531,3048883
2017-02-15,50.10416793823242,50.56818389892578,49.905303955078125,49.962120056152344,35.903263092041016,4661501
2017-02-16,50.05681610107422,50.662879943847656,49.933712005615234,50.54924011230469,36.325191497802734,3084259
2017-02-17,50.378787994384766,50.530303955078125,49.1761360168457,49.38447189331055,35.48816680908203,4165286
2017-02-21,49.47916793823242,50.04734802246094,49.38447189331055,49.962120056152344,35.903263092041016,2658797
2017-02-22,49.55492401123047,49.602272033691406,48.73106002807617,49.27083206176758,35.40650939941406,3133046
2017-02-23,49.4886360168457,50.085227966308594,49.1761360168457,49.45075988769531,35.535804748535156,3818179
2017-02-24,49.24242401123047,49.876895904541016,49.147727966308594,49.82954406738281,35.80799865722656,2467027
2017-02-27,49.63068389892578,50.25568389892578,49.63068389892578,50.085227966308594,35.99174118041992,3185530
2017-02-28,49.933712005615234,50.189395904541016,49.753787994384766,49.905303955078125,35.86245346069336,3646262
2017-03-01,50.407196044921875,51.01325988769531,50.38825988769531,50.8238639831543,36.52252960205078,3269798
2017-03-02,50.662879943847656,51.24052810668945,50.558712005615234,50.871212005615234,36.55655288696289,4031174
2017-03-03,50.88068389892578,51.373104095458984,50.80492401123047,51.1363639831543,36.74710464477539,3107597
2017-03-06,50.79545593261719,51.022727966308594,49.36552810668945,49.55492401123047,35.61065673828125,3412358
2017-03-07,49.38447189331055,49.53598403930664,48.72159194946289,48.75,35.032222747802734,2915827
2017-03-08,48.977272033691406,49.185604095458984,48.683712005615234,48.80681610107422,35.073062896728516,2395114
2017-03-09,48.79734802246094,48.816287994384766,47.80302810668945,48.039772033691406,34.5218620300293,3311088
2017-03-10,48.22916793823242,48.76893997192383,47.746212005615234,48.0113639831543,34.50144577026367,4189997
2017-03-13,48.14393997192383,48.40909194946289,47.897727966308594,48.001895904541016,34.49464416503906,4403731
2017-03-14,47.88825988769531,48.10606002807617,47.6136360168457,47.99242401123047,34.487823486328125,1963738
2017-03-15,48.248104095458984,48.873104095458984,48.039772033691406,48.6363639831543,34.95058059692383,2898192
2017-03-16,48.89204406738281,49.0625,48.51325988769531,48.73106002807617,35.01862335205078,2864400
2017-03-17,48.92992401123047,49.04356002807617,48.522727966308594,48.6363639831543,34.95058059692383,3982070
2017-03-20,48.75,49.498104095458984,48.352272033691406,49.45075988769531,35.535804748535156,2358154
2017-03-21,49.592803955078125,49.6875,48.07765197753906,48.219696044921875,34.65114974975586,3429254
2017-03-22,48.3238639831543,48.69318389892578,47.907196044921875,48.45643997192383,34.8212776184082,1655069
2017-03-23,48.48484802246094,49.13825988769531,48.342803955078125,48.58901596069336,34.91655349731445,2216333
2017-03-24,48.67424011230469,48.75,47.878787994384766,48.11552810668945,34.5762939453125,2187821
2017-03-27,47.54734802246094,47.727272033691406,46.9886360168457,47.60416793823242,34.208824157714844,2274096
2017-03-28,47.52840805053711,48.371212005615234,47.48106002807617,48.22916793823242,34.65796661376953,2012736
2017-03-29,48.030303955078125,48.36174011230469,47.935604095458984,48.04924011230469,34.528648376464844,1793299
2017-03-30,47.95454406738281,48.44697189331055,47.878787994384766,48.42802810668945,34.80086135864258,2227421
2017-03-31,48.20075988769531,48.532196044921875,48.030303955078125,48.087120056152344,34.555877685546875,3390605
2017-04-03,48.191287994384766,48.42802810668945,47.21590805053711,47.52840805053711,34.154388427734375,2852784
2017-04-04,47.55681610107422,48.125,47.33901596069336,48.0113639831543,34.50144577026367,2502298
2017-04-05,48.15340805053711,48.57954406738281,47.84090805053711,47.897727966308594,34.41978454589844,1609978
2017-04-06,47.850379943847656,48.5511360168457,47.774620056152344,48.248104095458984,34.67155838012695,1289587
2017-04-07,48.07765197753906,48.399620056152344,47.76515197753906,47.83143997192383,34.37214279174805,1514726
2017-04-10,47.98295593261719,48.14393997192383,47.55681610107422,47.774620056152344,34.33131790161133,1754966
2017-04-11,47.63257598876953,47.78409194946289,47.26325988769531,47.594696044921875,34.202022552490234,1760035
2017-04-12,47.5,47.65151596069336,46.969696044921875,47.3863639831543,34.052303314208984,3648058
2017-04-13,47.26325988769531,47.35795593261719,46.9886360168457,47.00757598876953,33.78010559082031,2084016
2017-04-17,47.3011360168457,47.80302810668945,47.282196044921875,47.79356002807617,34.34492492675781,1897843
2017-04-18,48.17234802246094,49.23295593261719,48.17234802246094,48.72159194946289,35.01182174682617,3305386
2017-04-19,49.27083206176758,49.92424011230469,49.21401596069336,49.55492401123047,35.61065673828125,3217843
2017-04-20,49.753787994384766,50.47348403930664,49.58333206176758,50.20833206176758,36.08020782470703,4219776
2017-04-21,50.189395904541016,50.217803955078125,49.772727966308594,49.98106002807617,35.91687774658203,2500819
2017-04-24,50.75757598876953,50.83333206176758,50.378787994384766,50.38825988769531,36.20949935913086,3333475
2017-04-25,50.75757598876953,51.10795593261719,50.691287994384766,50.842803955078125,36.5361328125,2810333
2017-04-26,50.89015197753906,51.35416793823242,50.78598403930664,51.20265197753906,36.794742584228516,2014637
2017-04-27,51.1363639831543,52.594696044921875,50.36931610107422,52.00757598876953,37.3731575012207,3271488
2017-04-28,51.73295593261719,51.960227966308594,50.99431610107422,51.10795593261719,36.726688385009766,2847504
2017-05-01,51.22159194946289,51.32575988769531,50.814395904541016,50.92802810668945,36.59738540649414,2629546
2017-05-02,50.90909194946289,51.10795593261719,50.57765197753906,50.842803955078125,36.5361328125,2024141
2017-05-03,50.558712005615234,50.719696044921875,50.274620056152344,50.45454406738281,36.25714111328125,2363962
2017-05-04,50.435604095458984,50.662879943847656,50.16098403930664,50.33143997192383,36.168663024902344,2527958
2017-05-05,50.54924011230469,50.68181610107422,50.094696044921875,50.60606002807617,36.36601638793945,2380435
2017-05-08,50.54924011230469,50.75757598876953,50.07575988769531,50.13257598876953,36.0257682800293,2165434
2017-05-09,50.20833206176758,50.38825988769531,49.73484802246094,49.753787994384766,35.75355911254883,2090563
2017-05-10,49.71590805053711,50.435604095458984,49.63068389892578,50.25568389892578,36.11422348022461,2235658
2017-05-11,50.00947189331055,50.29356002807617,49.54545593261719,49.76325988769531,35.76036834716797,2238509
2017-05-12,49.67802810668945,49.73484802246094,49.280303955078125,49.51704406738281,35.58343505859375,1900378
2017-05-15,49.65909194946289,50.38825988769531,49.47916793823242,50.246212005615234,36.10741424560547,2168496
2017-05-16,50.274620056152344,50.32197189331055,49.47916793823242,50.07575988769531,35.98493957519531,1939978
2017-05-17,50.07575988769531,50.07575988769531,48.873104095458984,48.92045593261719,35.154727935791016,2395536
2017-05-18,48.75947189331055,48.82575988769531,47.97348403930664,48.125,34.58309555053711,2890694
2017-05-19,48.33333206176758,48.74052810668945,48.14393997192383,48.399620056152344,34.780433654785156,2177683
2017-05-22,48.60795593261719,49.03409194946289,48.51325988769531,48.92992401123047,35.16153335571289,2170080
2017-05-23,49.04356002807617,49.38447189331055,48.9488639831543,49.21401596069336,35.36567687988281,1966483
2017-05-24,49.01515197753906,49.66856002807617,48.98674011230469,49.40340805053711,35.820899963378906,2056877
2017-05-25,49.50757598876953,49.63068389892578,49.21401596069336,49.39393997192383,35.81404113769531,1665418
2017-05-26,49.337120056152344,49.782196044921875,49.10984802246094,49.64015197753906,35.992576599121094,1345661
2017-05-30,50.23674011230469,50.89015197753906,49.933712005615234,50.45454406738281,36.58306121826172,3037584
2017-05-31,50.501895904541016,50.57765197753906,49.8011360168457,50.07575988769531,36.308406829833984,3368006
2017-06-01,50.189395904541016,51.08901596069336,50.01893997192383,51.022727966308594,36.995025634765625,3539184
2017-06-02,50.99431610107422,51.72348403930664,50.96590805053711,51.50568389892578,37.34519958496094,2595754
2017-06-05,51.42045593261719,51.55302810668945,51.1363639831543,51.26893997192383,37.173545837402344,3003898
2017-06-06,51.07954406738281,51.22159194946289,50.64393997192383,50.99431610107422,36.97441482543945,2741798
2017-06-07,51.30681610107422,51.54356002807617,50.9375,51.1363639831543,37.077430725097656,1615046
2017-06-08,51.1363639831543,51.1363639831543,50.60606002807617,50.8238639831543,36.850830078125,2008301
2017-06-09,51.032196044921875,51.9886360168457,50.96590805053711,51.97916793823242,37.68851852416992,2446118
2017-06-12,51.97916793823242,52.405303955078125,51.88447189331055,52.16856002807617,37.82583999633789,3621235
2017-06-13,52.08333206176758,53.001895904541016,52.04545593261719,52.897727966308594,38.35453414916992,2879078
2017-06-14,52.64204406738281,53.26704406738281,52.6136360168457,52.9261360168457,38.375125885009766,2243894
2017-06-15,52.80302810668945,53.25757598876953,52.55681610107422,52.850379943847656,38.32018280029297,1849690
2017-06-16,52.91666793823242,53.59848403930664,52.67045593261719,53.51325988769531,38.80083084106445,4207526
2017-06-19,53.92992401123047,54.0625,53.560604095458984,53.92045593261719,39.09607696533203,2090986
2017-06-20,53.835227966308594,53.977272033691406,53.626895904541016,53.683712005615234,38.924415588378906,1833744
2017-06-21,53.75,53.85416793823242,53.058712005615234,53.22916793823242,38.59484100341797,2121821
2017-06-22,53.26704406738281,53.5511360168457,52.935604095458984,53.44697189331055,38.752777099609375,2508739
2017-06-23,53.503787994384766,54.100379943847656,53.26704406738281,53.835227966308594,39.03428268432617,9524170
2017-06-26,53.835227966308594,53.977272033691406,53.36174011230469,53.72159194946289,38.95188522338867,2035651
2017-06-27,53.85416793823242,54.20454406738281,53.20075988769531,53.20075988769531,38.574241638183594,1308173
2017-06-28,53.13447189331055,53.503787994384766,52.47159194946289,53.0113639831543,38.436920166015625,3076762
2017-06-29,53.06818389892578,53.18181610107422,52.51893997192383,52.727272033691406,38.23093795776367,1897421
2017-06-30,52.94507598876953,53.873104095458984,52.9261360168457,53.60795593261719,38.86949157714844,1720330
2017-07-03,53.873104095458984,54.16666793823242,53.76893997192383,53.95833206176758,39.12354278564453,924845
2017-07-05,53.92045593261719,54.10984802246094,53.475379943847656,53.74052810668945,38.96562194824219,1542710
2017-07-06,53.5511360168457,53.6363639831543,53.07765197753906,53.15340805053711,38.539913177490234,1557600
2017-07-07,53.210227966308594,53.6363639831543,53.058712005615234,53.38068389892578,38.70470428466797,1224643
2017-07-10,53.27651596069336,54.469696044921875,53.13447189331055,54.20454406738281,39.30206298828125,2014214
2017-07-11,54.280303955078125,54.39393997192383,53.8636360168457,54.01515197753906,39.16474151611328,1250198
2017-07-12,54.2613639831543,54.412879943847656,54.0625,54.1761360168457,39.28146743774414,1509446
2017-07-13,54.73484802246094,55.8238639831543,54.63068389892578,55.066287994384766,39.9268798828125,3182467
2017-07-14,55.037879943847656,55.25568389892578,54.8863639831543,55.066287994384766,39.9268798828125,1153574
2017-07-17,54.92424011230469,55.36931610107422,54.74431610107422,55.085227966308594,39.94062423706055,1708714
2017-07-18,54.564395904541016,54.810604095458984,54.34659194946289,54.5738639831543,39.569847106933594,1540070
2017-07-19,54.602272033691406,54.83901596069336,54.42234802246094,54.460227966308594,39.487449645996094,1831949
2017-07-20,54.45075988769531,54.61174011230469,53.6363639831543,53.90151596069336,39.08234405517578,2115485
2017-07-21,53.79734802246094,53.92045593261719,53.4375,53.6363639831543,38.89009475708008,2671469
2017-07-24,53.626895904541016,53.92992401123047,53.4375,53.74052810668945,38.96562194824219,1302048
2017-07-25,54.2613639831543,54.308712005615234,53.6363639831543,53.88257598876953,39.0686149597168,1641552
2017-07-26,53.939395904541016,53.939395904541016,53.29545593261719,53.399620056152344,38.71842956542969,1919174
2017-07-27,52.9261360168457,54.469696044921875,52.03598403930664,54.441287994384766,39.473716735839844,2884042
2017-07-28,54.39393997192383,54.50757598876953,51.35416793823242,51.837120056152344,37.58551788330078,6632314
2017-07-31,51.77083206176758,52.253787994384766,51.54356002807617,52.064395904541016,37.750308990478516,3182256
2017-08-01,52.42424011230469,52.6136360168457,51.912879943847656,52.39583206176758,37.99061965942383,2801146
2017-08-02,52.23484802246094,52.35795593261719,51.287879943847656,51.63825988769531,37.44133377075195,2115379
2017-08-03,51.60984802246094,51.97916793823242,50.65340805053711,50.814395904541016,36.843971252441406,3204326
2017-08-04,51.060604095458984,51.439395904541016,50.89015197753906,51.07007598876953,37.029354095458984,1740182
2017-08-07,51.155303955078125,51.61931610107422,50.94697189331055,51.42045593261719,37.283409118652344,1578403
2017-08-08,51.42045593261719,51.48674011230469,51.060604095458984,51.126895904541016,37.07054901123047,1657075
2017-08-09,50.899620056152344,51.1363639831543,50.25568389892578,50.57765197753906,36.67230987548828,1954550
2017-08-10,50.48295593261719,50.57765197753906,49.43181610107422,49.441287994384766,35.84837341308594,2562595
2017-08-11,48.9488639831543,49.92424011230469,48.560604095458984,49.8011360168457,36.432376861572266,2208624
2017-08-14,50.47348403930664,51.04166793823242,50.28409194946289,50.79545593261719,37.15977478027344,2197430
2017-08-15,50.814395904541016,51.09848403930664,50.587120056152344,50.59659194946289,37.014278411865234,2238614
2017-08-16,51.060604095458984,51.875,51.060604095458984,51.51515197753906,37.68627166748047,2327741
2017-08-17,51.38257598876953,51.86552810668945,51.0511360168457,51.07954406738281,37.36760330200195,2236397
2017-08-18,50.99431610107422,51.647727966308594,50.79545593261719,51.41098403930664,37.61007308959961,2261741
2017-08-21,51.32575988769531,51.38257598876953,50.02840805053711,50.35984802246094,36.841094970703125,2401344
2017-08-22,50.501895904541016,50.90909194946289,50.36931610107422,50.899620056152344,37.2359733581543,1217990
2017-08-23,50.64393997192383,51.19318389892578,50.530303955078125,50.8238639831543,37.18055725097656,1396243
2017-08-24,50.748104095458984,51.08901596069336,50.48295593261719,51.032196044921875,37.33295440673828,1726771
2017-08-25,51.25947189331055,51.97916793823242,51.022727966308594,51.69507598876953,37.81789779663086,2128579
2017-08-28,51.780303955078125,51.780303955078125,50.719696044921875,51.003787994384766,37.31217575073242,1455062
2017-08-29,50.710227966308594,50.842803955078125,50.28409194946289,50.378787994384766,36.85495376586914,1988131
2017-08-30,50.46401596069336,51.060604095458984,50.1988639831543,51.003787994384766,37.31217575073242,1213450
2017-08-31,51.183712005615234,51.39204406738281,50.9375,51.01325988769531,37.31911087036133,1895731
2017-09-01,51.27840805053711,52.08333206176758,51.212120056152344,51.998104095458984,38.03957748413086,1703011
2017-09-05,51.751895904541016,52.17802810668945,51.477272033691406,51.88447189331055,37.95644760131836,2266704
2017-09-06,52.04545593261719,52.3011360168457,51.55302810668945,51.969696044921875,38.018798828125,1349357
2017-09-07,52.064395904541016,52.11174011230469,51.51515197753906,51.789772033691406,37.887176513671875,1192752
2017-09-08,51.77083206176758,52.13068389892578,51.60984802246094,51.875,37.94952392578125,1530883
2017-09-11,52.17802810668945,53.36174011230469,51.837120056152344,53.125,38.86397171020508,3647002
2017-09-12,53.560604095458984,54.11931610107422,52.9261360168457,53.04924011230469,38.80854415893555,2057827
2017-09-13,53.02083206176758,53.40909194946289,52.310604095458984,53.17234802246094,38.89860916137695,2075146
2017-09-14,52.95454406738281,53.64583206176758,52.73674011230469,53.27651596069336,38.97480392456055,1545562
2017-09-15,53.09659194946289,53.58901596069336,52.88825988769531,53.248104095458984,38.95402526855469,2322144
2017-09-18,53.51325988769531,54.11931610107422,53.42802810668945,54.024620056152344,39.52210235595703,2122560
2017-09-19,54.03409194946289,54.460227966308594,53.54166793823242,54.45075988769531,39.833839416503906,2072717
2017-09-20,54.39393997192383,54.89583206176758,54.147727966308594,54.772727966308594,40.069374084472656,1722864
2017-09-21,54.782196044921875,55.00947189331055,54.128787994384766,54.251895904541016,39.68836212158203,1396560
2017-09-22,54.16666793823242,54.2613639831543,52.5,53.07765197753906,38.82933044433594,3653021
2017-09-25,53.030303955078125,53.087120056152344,52.44318389892578,52.717803955078125,38.566078186035156,2572627
2017-09-26,52.88825988769531,53.17234802246094,52.65151596069336,52.935604095458984,38.72541046142578,1870598
2017-09-27,53.17234802246094,53.844696044921875,53.02083206176758,53.64583206176758,39.24497985839844,2236502
2017-09-28,53.54166793823242,54.0625,53.54166793823242,53.85416793823242,39.39738845825195,1861939
2017-09-29,53.75947189331055,54.00568389892578,53.44697189331055,53.80681610107422,39.362754821777344,1516838
2017-10-02,53.85416793823242,54.55492401123047,53.75,54.337120056152344,39.75070571899414,2262691
2017-10-03,54.441287994384766,54.4886360168457,53.98674011230469,54.34659194946289,39.75762939453125,1458547
2017-10-04,54.441287994384766,54.85795593261719,54.21401596069336,54.71590805053711,40.027801513671875,1446086
2017-10-05,54.621212005615234,54.70643997192383,54.22348403930664,54.649620056152344,39.97931671142578,1352102
2017-10-06,54.649620056152344,54.876895904541016,54.21401596069336,54.40340805053711,39.799198150634766,1036992
2017-10-09,54.38447189331055,54.39393997192383,53.92992401123047,54.00568389892578,39.50822448730469,1386528
2017-10-10,54.00568389892578,54.63068389892578,54.00568389892578,54.58333206176758,39.93082046508789,1222320
2017-10-11,54.63068389892578,54.905303955078125,54.10984802246094,54.34659194946289,39.75762939453125,1642186
2017-10-12,54.24242401123047,54.50757598876953,54.100379943847656,54.19507598876953,39.64679718017578,1770278
2017-10-13,54.289772033691406,54.53598403930664,54.22348403930664,54.40340805053711,39.799198150634766,1381142
2017-10-16,54.53598403930664,54.65909194946289,54.21401596069336,54.65909194946289,39.98623275756836,1363824
2017-10-17,54.64015197753906,55.10416793823242,54.64015197753906,55.05681610107422,40.277198791503906,1451261
2017-10-18,55.20833206176758,55.23674011230469,54.74431610107422,54.94318389892578,40.194068908691406,1336685
2017-10-19,54.6875,54.82954406738281,54.23295593261719,54.55492401123047,39.910037994384766,1281773
2017-10-20,54.89583206176758,55.16098403930664,54.58333206176758,55.123104095458984,40.325687408447266,1247664
2017-10-23,55.33143997192383,55.46401596069336,54.82007598876953,55.16098403930664,40.35340118408203,1323802
2017-10-24,55.501895904541016,55.83333206176758,55.00947189331055,55.558712005615234,40.64435958862305,1949165
2017-10-25,55.78598403930664,55.8238639831543,54.469696044921875,54.914772033691406,40.17329025268555,2585933
2017-10-26,55.41666793823242,55.44507598876953,54.498104095458984,54.92424011230469,40.18021774291992,2112317
2017-10-27,54.92424011230469,54.97159194946289,53.162879943847656,54.876895904541016,40.145572662353516,2756582
2017-10-30,54.564395904541016,54.772727966308594,53.939395904541016,54.157196044921875,39.61907958984375,1500048
2017-10-31,54.19507598876953,54.592803955078125,54.05302810668945,54.23295593261719,39.674503326416016,1347667
2017-11-01,54.592803955078125,54.85795593261719,54.27083206176758,54.65909194946289,39.98623275756836,1877357
2017-11-02,54.8011360168457,55.350379943847656,54.34659194946289,54.45075988769531,39.833839416503906,2322355
2017-11-03,54.40340805053711,54.58333206176758,53.91098403930664,54.09090805053711,39.570587158203125,1602480
2017-11-06,54.07197189331055,54.157196044921875,52.70833206176758,52.850379943847656,38.663063049316406,2473258
2017-11-07,52.66098403930664,52.86931610107422,52.1875,52.32007598876953,38.275123596191406,2383075
2017-11-08,52.14015197753906,52.47159194946289,51.63825988769531,52.34848403930664,38.2958984375,1846416
2017-11-09,52.102272033691406,52.39583206176758,51.89393997192383,52.01704406738281,38.05344009399414,1672070
2017-11-10,51.84659194946289,52.02651596069336,51.439395904541016,51.941287994384766,37.998008728027344,1885382
2017-11-13,51.6761360168457,51.789772033691406,51.25947189331055,51.50568389892578,37.67934799194336,2574634
2017-11-14,50.94697189331055,51.54356002807617,50.899620056152344,51.4488639831543,37.96937561035156,1984541
2017-11-15,51.10795593261719,51.57197189331055,50.28409194946289,51.032196044921875,37.661865234375,1943885
2017-11-16,51.212120056152344,51.58143997192383,50.88068389892578,51.20265197753906,37.78765869140625,2093731
2017-11-17,51.07007598876953,51.496212005615234,50.852272033691406,51.335227966308594,37.88550567626953,1319683
2017-11-20,51.1363639831543,51.41098403930664,51.022727966308594,51.27840805053711,37.84357452392578,1271002
2017-11-21,51.57197189331055,52.0738639831543,51.38257598876953,51.808712005615234,38.23493194580078,2131747
2017-11-22,51.941287994384766,52.149620056152344,51.71401596069336,51.84659194946289,38.262901306152344,1146605
2017-11-24,52.064395904541016,52.50947189331055,51.82765197753906,52.00757598876953,38.38170623779297,598752
2017-11-27,51.998104095458984,52.272727966308594,51.73295593261719,52.121212005615234,38.4655647277832,1690762
2017-11-28,52.405303955078125,52.67045593261719,52.08333206176758,52.63257598876953,38.842952728271484,2435136
2017-11-29,52.594696044921875,52.8125,52.08333206176758,52.57575988769531,38.801025390625,2446858
2017-11-30,52.585227966308594,53.91098403930664,52.44318389892578,53.60795593261719,39.56279373168945,3001680
2017-12-01,53.54166793823242,53.5511360168457,51.86552810668945,52.67992401123047,38.877899169921875,2965037
2017-12-04,53.030303955078125,54.24242401123047,52.76515197753906,53.8636360168457,39.75148391723633,2597232
2017-12-05,53.939395904541016,54.29924011230469,53.42802810668945,53.90151596069336,39.77943801879883,2424365
2017-12-06,53.92992401123047,54.21401596069336,53.683712005615234,53.787879943847656,39.69557571411133,1455274
2017-12-07,53.74052810668945,54.07197189331055,53.5511360168457,53.787879943847656,39.69557571411133,1266883
2017-12-08,53.90151596069336,54.19507598876953,53.655303955078125,53.89204406738281,39.77244186401367,1374701
2017-12-11,53.844696044921875,54.38447189331055,53.64583206176758,54.280303955078125,40.05898666381836,2780870
2017-12-12,54.35606002807617,54.35606002807617,53.54166793823242,53.626895904541016,39.57675552368164,2726698
2017-12-13,53.67424011230469,54.1761360168457,53.475379943847656,53.48484802246094,39.471927642822266,1681574
2017-12-14,53.48484802246094,53.72159194946289,52.253787994384766,52.253787994384766,38.56340789794922,2358259
2017-12-15,52.8125,53.46590805053711,52.8125,53.26704406738281,39.311195373535156,5141981
2017-12-18,53.626895904541016,54.51704406738281,53.5511360168457,54.36552810668945,40.12187957763672,3066096
2017-12-19,54.43181610107422,55.123104095458984,54.412879943847656,54.69697189331055,40.36647415161133,3274550
2017-12-20,54.97159194946289,55.094696044921875,54.772727966308594,54.89583206176758,40.51323699951172,1941562
2017-12-21,54.94318389892578,55.01893997192383,54.39393997192383,54.43181610107422,40.17079544067383,1548730
2017-12-22,54.441287994384766,55.05681610107422,54.35606002807617,54.905303955078125,40.520225524902344,1298669
2017-12-26,54.95265197753906,55.17045593261719,54.35606002807617,54.441287994384766,40.17777633666992,1376074
2017-12-27,54.61174011230469,54.85795593261719,54.42234802246094,54.592803955078125,40.289608001708984,969302
2017-12-28,54.649620056152344,54.76325988769531,54.21401596069336,54.76325988769531,40.4154052734375,1069939
2017-12-29,54.914772033691406,55.16098403930664,54.5738639831543,54.86742401123047,40.49227523803711,1657392
2018-01-02,55.587120056152344,56.66666793823242,55.17045593261719,56.600379943847656,41.771202087402344,3355651
2018-01-03,56.77083206176758,57.60416793823242,56.61931610107422,57.34848403930664,42.32329559326172,2886893
2018-01-04,57.65151596069336,58.59848403930664,57.50947189331055,58.314395904541016,43.036136627197266,2705789
2018-01-05,58.58901596069336,58.60795593261719,58.20075988769531,58.42802810668945,43.12001037597656,1829098
2018-01-08,58.522727966308594,59.128787994384766,58.38068389892578,58.835227966308594,43.42052459716797,2591846
2018-01-09,58.89204406738281,59.0625,58.087120056152344,58.22916793823242,42.9732551574707,2627222
2018-01-10,58.26704406738281,58.67424011230469,58.030303955078125,58.352272033691406,43.06410598754883,1416624
2018-01-11,58.77840805053711,58.92992401123047,58.41856002807617,58.92992401123047,43.49040603637695,1307539
2018-01-12,59.0625,59.11931610107422,58.4375,58.95833206176758,43.51137161254883,2351290
2018-01-16,58.80681610107422,58.98674011230469,57.65151596069336,57.98295593261719,42.79154968261719,1944096
2018-01-17,58.3238639831543,58.51325988769531,58.06818389892578,58.22916793823242,42.9732551574707,1633632
2018-01-18,57.99242401123047,59.4886360168457,57.91666793823242,59.29924011230469,43.762962341308594,4694237
2018-01-19,59.55492401123047,60.33143997192383,59.469696044921875,60.13257598876953,44.37797164916992,3301267
2018-01-22,59.962120056152344,60.16098403930664,59.43181610107422,60.094696044921875,44.35002136230469,2084016
2018-01-23,59.79166793823242,60.1988639831543,59.649620056152344,59.962120056152344,44.25217056274414,1825507
2018-01-24,60.246212005615234,60.899620056152344,60.04734802246094,60.28409194946289,44.489784240722656,1875984
2018-01-25,60.45454406738281,60.67234802246094,59.85795593261719,60.037879943847656,44.308082580566406,1688861
2018-01-26,60.17992401123047,63.191287994384766,59.89583206176758,61.316287994384766,45.25154495239258,3307603
2018-01-29,63.39015197753906,63.39015197753906,61.50568389892578,61.628787994384766,45.48218536376953,3973622
2018-01-30,61.003787994384766,61.61931610107422,60.28409194946289,60.79545593261719,44.8671760559082,2567875
2018-01-31,59.98106002807617,60.123104095458984,59.100379943847656,59.52651596069336,43.93069076538086,5160566
2018-02-01,59.55492401123047,59.962120056152344,58.10606002807617,58.399620056152344,43.09904479980469,4541856
2018-02-02,58.22916793823242,59.61174011230469,58.0113639831543,58.873104095458984,43.4484748840332,4462973
2018-02-05,58.5511360168457,59.498104095458984,56.09848403930664,56.287879943847656,41.54057693481445,3678470
2018-02-06,55.4261360168457,56.59090805053711,54.24242401123047,56.41098403930664,41.63142395019531,4557485
2018-02-07,56.183712005615234,57.3863639831543,55.99431610107422,56.10795593261719,41.40779113769531,4088198
2018-02-08,56.01325988769531,56.07954406738281,53.030303955078125,53.07765197753906,39.171424865722656,3937930
2018-02-09,53.92992401123047,54.67802810668945,52.20643997192383,54.16666793823242,39.9751091003418,3564317
2018-02-12,54.55492401123047,55.217803955078125,54.128787994384766,54.810604095458984,40.45034408569336,2723318
2018-02-13,54.64015197753906,55.05681610107422,53.996212005615234,54.95265197753906,40.55517578125,2365862
2018-02-14,54.51704406738281,55.397727966308594,54.38447189331055,55.28409194946289,40.79978561401367,2144314
2018-02-15,55.719696044921875,55.842803955078125,54.76325988769531,55.49242401123047,40.953529357910156,3025546
2018-02-16,55.34090805053711,56.42045593261719,55.1988639831543,55.814395904541016,41.19114303588867,2475792
2018-02-20,55.14204406738281,55.91856002807617,54.79166793823242,54.92424011230469,40.863529205322266,2966938
2018-02-21,54.92424011230469,56.344696044921875,54.73484802246094,55.30302810668945,41.14533615112305,2410003
2018-02-22,55.625,55.94697189331055,55.07575988769531,55.217803955078125,41.081939697265625,1573862
2018-02-23,55.59659194946289,56.3636360168457,55.32197189331055,56.344696044921875,41.92033767700195,2417606
2018-02-26,56.6761360168457,57.52840805053711,56.3636360168457,57.35795593261719,42.67420959472656,1611667
2018-02-27,57.3863639831543,58.04924011230469,56.969696044921875,56.969696044921875,42.38534164428711,1934803
2018-02-28,57.26325988769531,57.51893997192383,56.40151596069336,56.42992401123047,41.98374557495117,2490682
2018-03-01,56.477272033691406,56.69507598876953,54.876895904541016,55.26515197753906,41.117164611816406,2369347
2018-03-02,54.914772033691406,55.558712005615234,54.621212005615234,55.36931610107422,41.19466018676758,2040086
2018-03-05,55.02840805053711,56.032196044921875,54.97159194946289,55.814395904541016,41.52580261230469,2105136
2018-03-06,55.246212005615234,55.501895904541016,54.157196044921875,54.64015197753906,40.652156829833984,4707014
2018-03-07,53.06818389892578,53.20075988769531,51.40151596069336,52.08333206176758,38.749900817871094,7895501
2018-03-08,52.08333206176758,52.44318389892578,51.66666793823242,51.9886360168457,38.679439544677734,3799382
2018-03-09,52.13068389892578,52.3863639831543,51.48674011230469,52.310604095458984,38.91899108886719,4094534
2018-03-12,52.566287994384766,52.85984802246094,51.9886360168457,52.064395904541016,38.73581314086914,3527251
2018-03-13,52.36742401123047,52.689395904541016,51.9886360168457,52.08333206176758,38.749900817871094,3024490
2018-03-14,52.42424011230469,52.48106002807617,51.55302810668945,51.84659194946289,38.57377624511719,3163248
2018-03-15,51.89393997192383,52.05492401123047,51.467803955078125,51.53409194946289,38.34126281738281,2676221
2018-03-16,51.57197189331055,52.24431610107422,51.41098403930664,51.6761360168457,38.44693374633789,4213123
2018-03-19,51.60984802246094,51.69507598876953,50.085227966308594,50.397727966308594,37.49580001831055,3161242
2018-03-20,50.67234802246094,51.17424011230469,50.189395904541016,50.378787994384766,37.481719970703125,3038957
2018-03-21,50.378787994384766,51.07007598876953,50.00947189331055,50.691287994384766,37.714202880859375,2977392
2018-03-22,50.189395904541016,50.33143997192383,47.746212005615234,48.683712005615234,36.2205924987793,3108336
2018-03-23,48.92045593261719,49.21401596069336,47.3863639831543,47.49052810668945,35.33286666870117,3365366
2018-03-26,48.54166793823242,49.782196044921875,48.30492401123047,49.592803955078125,36.896949768066406,4835530
2018-03-27,49.64015197753906,50.094696044921875,49.04356002807617,49.36552810668945,36.72785949707031,3617117
2018-03-28,49.4886360168457,50.350379943847656,49.32765197753906,49.602272033691406,36.90399169921875,2954477
2018-03-29,50.01893997192383,51.10795593261719,50.01893997192383,50.59659194946289,37.643760681152344,3032198
2018-04-02,50.35984802246094,50.44507598876953,47.746212005615234,48.41856002807617,36.0233154296875,3446784
2018-04-03,48.60795593261719,49.772727966308594,48.46590805053711,49.725379943847656,36.9955940246582,3120269
2018-04-04,48.75947189331055,50.407196044921875,48.75947189331055,50.350379943847656,37.4605827331543,2470723
2018-04-05,50.68181610107422,50.871212005615234,50.33143997192383,50.59659194946289,37.643760681152344,3467693
2018-04-06,50.07575988769531,50.350379943847656,48.967803955078125,49.40340805053711,36.75603485107422,3004954
2018-04-09,49.67802810668945,49.810604095458984,49.01515197753906,49.23295593261719,36.62922286987305,3088272
2018-04-10,49.95265197753906,50.05681610107422,49.375,49.725379943847656,36.9955940246582,4264550
2018-04-11,49.27083206176758,49.8863639831543,49.20454406738281,49.65909194946289,36.946266174316406,1541866
2018-04-12,49.905303955078125,50.094696044921875,49.621212005615234,49.8011360168457,37.05194854736328,1386528
2018-04-13,50.26515197753906,50.61552810668945,50.037879943847656,50.397727966308594,37.49580001831055,1492550
2018-04-16,50.662879943847656,51.11742401123047,50.44507598876953,50.899620056152344,37.86921691894531,1716739
2018-04-17,50.691287994384766,51.155303955078125,50.397727966308594,50.68181610107422,37.70718002319336,2005872
2018-04-18,50.88068389892578,51.41098403930664,50.719696044921875,51.20265197753906,38.094669342041016,2458896
2018-04-19,51.19318389892578,51.29734802246094,50.378787994384766,50.748104095458984,37.75649642944336,1726454
2018-04-20,51.14583206176758,51.30681610107422,50.38825988769531,50.57765197753906,37.629676818847656,1825718
2018-04-23,50.662879943847656,51.003787994384766,50.558712005615234,50.86174011230469,37.841033935546875,2102390
2018-04-24,51.126895904541016,51.19318389892578,49.66856002807617,49.962120056152344,37.171714782714844,3372547
2018-04-25,49.914772033691406,50.95643997192383,49.251895904541016,50.64393997192383,37.678985595703125,3650592
2018-04-26,50.63447189331055,51.26893997192383,49.08143997192383,49.602272033691406,36.90399169921875,2792592
2018-04-27,49.649620056152344,50.587120056152344,49.649620056152344,49.79166793823242,37.04490661621094,2676960
2018-04-30,49.810604095458984,49.962120056152344,48.74052810668945,48.82575988769531,36.32627487182617,2832509
2018-05-01,48.70265197753906,48.75,47.54734802246094,48.399620056152344,36.00922393798828,3062928
2018-05-02,48.399620056152344,48.49431610107422,47.34848403930664,47.51893997192383,35.35399627685547,2630813
2018-05-03,47.51893997192383,48.58901596069336,47.376895904541016,48.45643997192383,36.05149459838867,4851792
2018-05-04,48.248104095458984,49.725379943847656,48.125,49.42234802246094,36.77013397216797,2405885
2018-05-07,49.23295593261719,49.280303955078125,48.42802810668945,49.13825988769531,36.558773040771484,2417818
2018-05-08,49.13825988769531,49.185604095458984,48.683712005615234,48.967803955078125,36.431949615478516,1984646
2018-05-09,49.16666793823242,49.621212005615234,48.873104095458984,49.42234802246094,36.77013397216797,1886227
2018-05-10,49.52651596069336,50.47348403930664,49.47916793823242,50.037879943847656,37.228092193603516,1512826
2018-05-11,50.14204406738281,50.98484802246094,50.037879943847656,50.80492401123047,37.798763275146484,1942934
2018-05-14,50.899620056152344,51.45833206176758,50.65340805053711,51.335227966308594,38.19331359863281,2768304
2018-05-15,51.14583206176758,51.25,50.1988639831543,50.95643997192383,37.9114990234375,3357341
2018-05-16,51.1363639831543,52.850379943847656,51.09848403930664,52.11174011230469,38.77103805541992,4823914
2018-05-17,51.97916793823242,52.414772033691406,51.969696044921875,52.14015197753906,38.792171478271484,2490154
2018-05-18,52.08333206176758,52.3011360168457,51.84659194946289,52.04545593261719,38.721717834472656,2265754
2018-05-21,52.272727966308594,52.35795593261719,51.82765197753906,52.310604095458984,38.91899108886719,1955078
2018-05-22,52.26325988769531,53.001895904541016,51.82765197753906,52.73674011230469,39.236026763916016,3134208
2018-05-23,52.405303955078125,52.689395904541016,51.69507598876953,52.32007598876953,38.92603302001953,3432528
2018-05-24,51.685604095458984,51.969696044921875,50.95643997192383,51.70454406738281,38.80167007446289,2901571
2018-05-25,51.5625,51.751895904541016,50.95643997192383,51.25947189331055,38.467655181884766,1812307
2018-05-29,50.8238639831543,50.95643997192383,49.84848403930664,50.13257598876953,37.621986389160156,2301869
2018-05-30,50.59659194946289,51.32575988769531,50.501895904541016,51.032196044921875,38.29710006713867,1945152
2018-05-31,51.060604095458984,51.4488639831543,50.41666793823242,50.662879943847656,38.01995086669922,2399126
2018-06-01,52.15909194946289,52.717803955078125,51.628787994384766,52.310604095458984,39.25648880004883,3763901
2018-06-04,52.878787994384766,54.51704406738281,52.878787994384766,54.23295593261719,40.699119567871094,7046688
2018-06-05,54.61174011230469,55.47348403930664,54.09090805053711,54.157196044921875,40.64226531982422,6731894
2018-06-06,54.95265197753906,55.871212005615234,53.82575988769531,55.86174011230469,41.92143630981445,5058979
2018-06-07,55.871212005615234,55.92802810668945,55.435604095458984,55.501895904541016,41.6513786315918,3786922
2018-06-08,55.1136360168457,55.852272033691406,55.0,55.691287994384766,41.79352569580078,3582374
2018-06-11,55.748104095458984,56.25,55.68181610107422,55.88068389892578,41.93566131591797,2496384
2018-06-12,56.155303955078125,56.41098403930664,55.45454406738281,55.54924011230469,41.686920166015625,2978342
2018-06-13,55.29356002807617,55.33143997192383,54.07197189331055,54.16666793823242,40.64936828613281,3809731
2018-06-14,54.441287994384766,54.51704406738281,53.664772033691406,53.82575988769531,40.39353942871094,4204570
2018-06-15,53.125,53.371212005615234,52.03598403930664,52.49052810668945,39.39151382446289,7137610
2018-06-18,52.29166793823242,53.219696044921875,52.14015197753906,52.897727966308594,39.69709014892578,4049866
2018-06-19,52.462120056152344,52.63257598876953,51.74242401123047,51.875,38.929588317871094,3081302
2018-06-20,52.0738639831543,52.0738639831543,51.0511360168457,51.29734802246094,38.49609375,3058493
2018-06-21,51.316287994384766,51.3636360168457,49.79166793823242,50.066287994384766,37.572242736816406,4520630
2018-06-22,50.3125,50.76704406738281,50.14204406738281,50.189395904541016,37.66462326049805,5305344
2018-06-25,50.17045593261719,50.397727966308594,49.52651596069336,50.227272033691406,37.69304275512695,2889322
2018-06-26,50.33143997192383,50.60606002807617,50.10416793823242,50.378787994384766,37.80675506591797,2391418
2018-06-27,50.45454406738281,50.90909194946289,50.04734802246094,50.066287994384766,37.572242736816406,2838000
2018-06-28,49.905303955078125,50.05681610107422,49.27083206176758,49.65909194946289,37.266658782958984,2699770
2018-06-29,49.84848403930664,50.066287994384766,49.308712005615234,49.31818389892578,37.01082229614258,2494166
2018-07-02,49.147727966308594,49.20454406738281,48.27651596069336,48.939395904541016,36.726566314697266,3171485
2018-07-03,49.185604095458984,49.45075988769531,48.655303955078125,48.873104095458984,36.676815032958984,1231085
2018-07-05,49.20454406738281,49.460227966308594,48.57954406738281,49.42234802246094,37.0890007019043,2076413
2018-07-06,49.19507598876953,49.85795593261719,48.88257598876953,49.58333206176758,37.209808349609375,1552214
2018-07-09,49.94318389892578,50.36931610107422,49.73484802246094,50.23674011230469,37.700164794921875,2456784
2018-07-10,50.26515197753906,50.710227966308594,50.26515197753906,50.63447189331055,37.99863052368164,1972080
2018-07-11,50.07575988769531,50.501895904541016,50.037879943847656,50.066287994384766,37.572242736816406,3101683
2018-07-12,50.52083206176758,51.1363639831543,50.1988639831543,50.49242401123047,37.89202880859375,2734829
2018-07-13,50.501895904541016,50.710227966308594,50.123104095458984,50.33143997192383,37.77122497558594,1386422
2018-07-16,50.34090805053711,50.45454406738281,49.52651596069336,49.67802810668945,37.2808723449707,1314192
2018-07-17,49.69697189331055,50.45454406738281,49.42234802246094,50.30302810668945,37.74989700317383,1852435
2018-07-18,50.26515197753906,50.48295593261719,50.00947189331055,50.23674011230469,37.700164794921875,1898477
2018-07-19,50.23674011230469,50.63447189331055,49.914772033691406,50.48295593261719,37.884925842285156,1320950
2018-07-20,50.037879943847656,50.274620056152344,49.83901596069336,50.037879943847656,37.55092239379883,1472486
2018-07-23,50.1988639831543,50.23674011230469,49.73484802246094,49.89583206176758,37.4443244934082,2034067
2018-07-24,50.02840805053711,50.33143997192383,49.876895904541016,50.23674011230469,37.700164794921875,3019315
2018-07-25,50.17045593261719,50.539772033691406,49.94318389892578,50.227272033691406,37.69304275512695,2918890
2018-07-26,50.60606002807617,50.60606002807617,48.10606002807617,49.280303955078125,36.982398986816406,4084397
2018-07-27,49.6875,50.17992401123047,49.024620056152344,49.2613639831543,36.96818161010742,2758800
2018-07-30,49.38447189331055,50.435604095458984,49.38447189331055,49.95265197753906,37.48696517944336,2373466
2018-07-31,50.274620056152344,50.98484802246094,50.085227966308594,50.88068389892578,38.18341064453125,2404618
2018-08-01,50.45454406738281,50.871212005615234,49.592803955078125,49.649620056152344,37.259559631347656,1950538
2018-08-02,49.29924011230469,49.412879943847656,48.45643997192383,49.27083206176758,36.975284576416016,2551613
2018-08-03,49.5738639831543,50.00947189331055,49.39393997192383,49.76325988769531,37.34482955932617,2287930
2018-08-06,49.65909194946289,50.30302810668945,49.61174011230469,50.094696044921875,37.59355545043945,1763520
2018-08-07,50.094696044921875,50.98484802246094,50.02840805053711,50.75757598876953,38.09102249145508,2320138
2018-08-08,50.76704406738281,50.871212005615234,50.123104095458984,50.14204406738281,37.62908935546875,1597306
2018-08-09,50.246212005615234,50.748104095458984,50.23674011230469,50.34090805053711,37.7783317565918,1279238
2018-08-10,50.15151596069336,50.15151596069336,49.185604095458984,49.35606002807617,37.039249420166016,2063002
2018-08-13,49.441287994384766,49.52651596069336,48.51325988769531,48.8636360168457,36.66971206665039,2504726
2018-08-14,48.57954406738281,49.2613639831543,48.57954406738281,49.07197189331055,37.1682014465332,1456858
2018-08-15,48.67424011230469,48.79734802246094,47.376895904541016,48.29545593261719,36.58005905151367,3014563
2018-08-16,48.58901596069336,49.128787994384766,48.503787994384766,48.873104095458984,37.017581939697266,2178739
2018-08-17,48.73106002807617,49.31818389892578,48.58901596069336,49.21401596069336,37.27579116821289,1920970
2018-08-20,49.337120056152344,49.460227966308594,49.01515197753906,49.24242401123047,37.297306060791016,2310739
2018-08-21,49.22348403930664,49.70643997192383,49.1761360168457,49.592803955078125,37.562686920166016,1769750
2018-08-22,49.47916793823242,49.70643997192383,48.89204406738281,48.92045593261719,37.05344009399414,1668797
2018-08-23,48.82575988769531,48.92992401123047,48.42802810668945,48.49431610107422,36.730674743652344,2242627
2018-08-24,48.683712005615234,49.1761360168457,48.57007598876953,49.08143997192383,37.17537307739258,1595299
2018-08-27,49.280303955078125,50.16098403930664,49.27083206176758,49.73484802246094,37.6702880859375,1800586
2018-08-28,49.84848403930664,49.92424011230469,49.2613639831543,49.43181610107422,37.440757751464844,2135866
2018-08-29,49.649620056152344,49.79166793823242,49.441287994384766,49.65909194946289,37.6129035949707,1354637
2018-08-30,49.42234802246094,49.602272033691406,48.92045593261719,48.98674011230469,37.10365295410156,1619270
2018-08-31,48.77840805053711,49.08143997192383,48.29545593261719,48.42802810668945,36.68046951293945,2816880
2018-09-04,48.27651596069336,48.38068389892578,47.83143997192383,48.248104095458984,36.544185638427734,3309187
2018-09-05,48.17234802246094,48.80681610107422,47.850379943847656,48.70265197753906,36.888484954833984,3919978
2018-09-06,48.76893997192383,49.29924011230469,48.522727966308594,49.08143997192383,37.17537307739258,3262090
2018-09-07,49.04356002807617,49.21401596069336,48.69318389892578,48.967803955078125,37.089317321777344,1821283
2018-09-10,49.16666793823242,49.498104095458984,49.04356002807617,49.147727966308594,37.225582122802734,2483923
2018-09-11,48.9488639831543,49.157196044921875,48.48484802246094,48.8636360168457,37.01041030883789,2219184
2018-09-12,48.88257598876953,49.66856002807617,48.77840805053711,49.592803955078125,37.562686920166016,1634688
2018-09-13,50.037879943847656,50.45454406738281,49.82954406738281,49.933712005615234,37.82091522216797,2107142
2018-09-14,49.933712005615234,50.45454406738281,49.782196044921875,50.41666793823242,38.186710357666016,1555805
2018-09-17,50.41666793823242,51.32575988769531,50.378787994384766,50.77651596069336,38.459266662597656,2429962
2018-09-18,51.04166793823242,51.23106002807617,50.78598403930664,50.871212005615234,38.53098678588867,1644403
2018-09-19,51.022727966308594,51.53409194946289,50.94697189331055,51.344696044921875,38.88961410522461,2366179
2018-09-20,51.751895904541016,52.03598403930664,51.53409194946289,51.685604095458984,39.147823333740234,2095104
2018-09-21,51.88447189331055,51.88447189331055,50.814395904541016,51.25,38.817893981933594,5199216
2018-09-24,51.01325988769531,51.08901596069336,49.32765197753906,49.564395904541016,37.54117965698242,3253642
2018-09-25,49.772727966308594,49.86742401123047,48.210227966308594,48.371212005615234,36.63743591308594,4169933
2018-09-26,48.371212005615234,49.11931610107422,47.73674011230469,48.248104095458984,36.544185638427734,5888467
2018-09-27,48.248104095458984,48.29545593261719,47.52840805053711,47.566287994384766,36.02777099609375,2585088
2018-09-28,47.537879943847656,47.566287994384766,46.4488639831543,46.54356002807617,35.25312805175781,4711027
2018-10-01,46.780303955078125,47.566287994384766,46.7613639831543,47.32007598876953,35.84128189086914,3087638
2018-10-02,47.33901596069336,48.001895904541016,47.1875,47.63257598876953,36.07797622680664,2766931
2018-10-03,47.727272033691406,47.76515197753906,45.65340805053711,45.68181610107422,34.60042953491211,5835034
2018-10-04,45.70075988769531,46.23106002807617,45.52083206176758,46.19318389892578,34.987754821777344,5110195
2018-10-05,46.164772033691406,47.092803955078125,46.10795593261719,46.19318389892578,34.987754821777344,4715462
2018-10-08,45.975379943847656,46.25,44.412879943847656,44.82007598876953,33.94773483276367,4639114
2018-10-09,43.655303955078125,43.655303955078125,41.837120056152344,42.272727966308594,32.018306732177734,8579155
2018-10-10,42.35795593261719,42.65151596069336,41.19318389892578,41.22159194946289,31.222156524658203,9729034
2018-10-11,41.35416793823242,41.77083206176758,40.4261360168457,40.54924011230469,30.7128963470459,6047818
2018-10-12,41.344696044921875,41.467803955078125,39.649620056152344,40.407196044921875,30.605308532714844,4915786
2018-10-15,40.33143997192383,40.814395904541016,40.29356002807617,40.435604095458984,30.626827239990234,5013360
2018-10-16,40.435604095458984,41.126895904541016,40.123104095458984,41.08901596069336,31.121747970581055,5507568
2018-10-17,41.060604095458984,41.29734802246094,40.539772033691406,40.90909194946289,30.98545265197754,4204675
2018-10-18,40.47348403930664,40.72916793823242,39.460227966308594,39.82954406738281,30.167787551879883,3941942
2018-10-19,39.98106002807617,40.45454406738281,39.89583206176758,40.0,30.296890258789062,2930294
2018-10-22,40.02840805053711,40.16098403930664,38.64583206176758,38.75947189331055,29.35728645324707,4444598
2018-10-23,38.314395904541016,39.42234802246094,37.66098403930664,39.185604095458984,29.6800479888916,4860451
2018-10-24,39.27083206176758,39.31818389892578,37.5,37.585227966308594,28.46788215637207,5115370
2018-10-25,39.128787994384766,42.11174011230469,38.82575988769531,41.439395904541016,31.38712501525879,7412381
2018-10-26,41.0511360168457,43.09659194946289,40.77651596069336,42.47159194946289,32.1689338684082,9052560
2018-10-29,42.897727966308594,43.26704406738281,40.748104095458984,41.32575988769531,31.301050186157227,5910538
2018-10-30,41.42045593261719,43.20075988769531,41.316287994384766,42.97348403930664,32.54907989501953,5775370
2018-10-31,43.503787994384766,43.88257598876953,42.746212005615234,42.95454406738281,32.534732818603516,5456986
2018-11-01,43.13447189331055,43.787879943847656,42.623104095458984,43.6363639831543,33.05115509033203,3515635
2018-11-02,44.04356002807617,44.280303955078125,42.83143997192383,43.125,32.66383361816406,3272333
2018-11-05,43.352272033691406,44.00568389892578,42.97348403930664,43.72159194946289,33.11570739746094,4971014
2018-11-06,43.72159194946289,44.5738639831543,43.664772033691406,44.157196044921875,33.445655822753906,4812509
2018-11-07,44.592803955078125,44.95265197753906,43.89204406738281,44.876895904541016,33.990760803222656,4224739
2018-11-08,44.782196044921875,44.914772033691406,44.10984802246094,44.498104095458984,33.703857421875,3178771
2018-11-09,44.23295593261719,44.43181610107422,43.399620056152344,43.76893997192383,33.15156555175781,3926630
2018-11-12,43.82575988769531,43.92045593261719,43.07765197753906,43.20075988769531,32.72122573852539,2854685
2018-11-13,43.29545593261719,44.16666793823242,43.219696044921875,43.46590805053711,32.92204666137695,3434746
2018-11-14,43.45643997192383,44.08143997192383,42.85984802246094,43.17234802246094,33.0598258972168,3472762
2018-11-15,42.34848403930664,43.57954406738281,42.00757598876953,43.39015197753906,33.22662353515625,4100976
2018-11-16,43.26704406738281,43.977272033691406,42.99242401123047,43.73106002807617,33.487667083740234,3238541
2018-11-19,43.787879943847656,44.412879943847656,43.42802810668945,43.77840805053711,33.523921966552734,3539818
2018-11-20,43.38068389892578,44.185604095458984,42.20643997192383,43.314395904541016,33.168601989746094,3622186
2018-11-21,43.45643997192383,43.58901596069336,42.897727966308594,43.22916793823242,33.10332489013672,3366211
2018-11-23,42.80302810668945,42.850379943847656,42.102272033691406,42.52840805053711,32.56671905517578,1421165
2018-11-26,42.99242401123047,43.58901596069336,42.86931610107422,43.28598403930664,33.1468505859375,2711914
2018-11-27,43.001895904541016,43.44697189331055,42.63257598876953,43.14393997192383,33.0380744934082,3630317
2018-11-28,43.30492401123047,43.46590805053711,41.63825988769531,42.566287994384766,32.595733642578125,6201149
2018-11-29,42.57575988769531,43.67424011230469,42.3863639831543,43.314395904541016,33.168601989746094,4746192
2018-11-30,43.18181610107422,44.11931610107422,43.18181610107422,43.74052810668945,33.49492263793945,4299187
2018-12-03,44.55492401123047,45.15151596069336,44.16666793823242,44.8011360168457,34.307098388671875,4191581
2018-12-04,44.460227966308594,44.5738639831543,43.09659194946289,43.503787994384766,33.313629150390625,5657731
2018-12-06,42.67992401123047,42.73674011230469,41.66666793823242,42.727272033691406,32.7190055847168,4341322
2018-12-07,42.79356002807617,43.352272033691406,42.16856002807617,42.3863639831543,32.457950592041016,3393667
2018-12-10,42.3863639831543,42.897727966308594,41.287879943847656,41.960227966308594,32.13163375854492,3952714
2018-12-11,42.623104095458984,42.99242401123047,41.58143997192383,41.79924011230469,32.00834655761719,3315523
2018-12-12,42.49052810668945,42.717803955078125,41.82765197753906,41.912879943847656,32.095375061035156,2148960
2018-12-13,41.86552810668945,42.064395904541016,40.67234802246094,40.79545593261719,31.239694595336914,3765696
2018-12-14,40.46401596069336,41.45833206176758,40.41666793823242,41.1363639831543,31.500751495361328,3638237
2018-12-17,40.246212005615234,40.46401596069336,38.74052810668945,39.157196044921875,29.98517417907715,5447693
2018-12-18,39.52651596069336,40.04734802246094,38.79734802246094,38.977272033691406,29.847393035888672,2968522
2018-12-19,38.9488639831543,39.86742401123047,38.248104095458984,38.44697189331055,29.441299438476562,3451430
2018-12-20,38.36174011230469,38.683712005615234,36.9886360168457,37.462120056152344,28.68714714050293,6041587
2018-12-21,37.36742401123047,38.26704406738281,36.941287994384766,37.04545593261719,28.368074417114258,6508762
2018-12-24,36.960227966308594,36.9886360168457,35.558712005615234,35.56818389892578,27.236831665039062,1960042
2018-12-26,35.95643997192383,37.537879943847656,35.56818389892578,37.51893997192383,28.730649948120117,3554707
2018-12-27,36.86552810668945,38.248104095458984,36.69507598876953,38.2386360168457,29.281768798828125,4592755
2018-12-28,38.5511360168457,38.77840805053711,37.47159194946289,37.6988639831543,28.868427276611328,4149763
2018-12-31,37.88825988769531,38.25757598876953,37.13068389892578,38.219696044921875,29.26726531982422,3443827
2019-01-02,37.79356002807617,38.95833206176758,37.42424011230469,38.844696044921875,29.745866775512695,3280886
2019-01-03,38.503787994384766,39.1761360168457,37.84090805053711,38.219696044921875,29.26726531982422,3680371
2019-01-04,39.128787994384766,40.1988639831543,38.92045593261719,40.01893997192383,30.645061492919922,3187008
2019-01-07,40.01893997192383,41.17424011230469,39.8011360168457,40.501895904541016,31.014892578125,3593146
2019-01-08,40.94697189331055,41.25947189331055,40.70075988769531,41.060604095458984,31.442731857299805,3604867
2019-01-09,40.38825988769531,40.710227966308594,39.753787994384766,40.44507598876953,30.971385955810547,4264445
2019-01-10,40.34090805053711,42.67045593261719,40.1988639831543,42.433712005615234,32.49420928955078,7170134
2019-01-11,42.23484802246094,42.86931610107422,42.01704406738281,42.84090805053711,32.8060188293457,4018819
2019-01-14,42.47159194946289,42.5,41.79924011230469,41.89393997192383,32.080867767333984,2695546
2019-01-15,41.89393997192383,42.414772033691406,41.73295593261719,42.33901596069336,32.421688079833984,1669958
2019-01-16,42.3011360168457,42.52840805053711,41.998104095458984,42.0738639831543,32.21864700317383,2230483
2019-01-17,41.808712005615234,42.83143997192383,41.57197189331055,42.6136360168457,32.63198471069336,2240515
2019-01-18,42.850379943847656,43.69318389892578,42.746212005615234,43.25757598876953,33.12509536743164,3531686
2019-01-22,43.087120056152344,43.46590805053711,42.85984802246094,43.314395904541016,33.168601989746094,2685514
2019-01-23,44.27083206176758,44.42234802246094,43.030303955078125,43.399620056152344,33.2338752746582,3432000
2019-01-24,43.45643997192383,43.92045593261719,43.33333206176758,43.816287994384766,33.55292892456055,2416762
2019-01-25,44.29924011230469,45.0,44.29924011230469,44.47916793823242,34.060546875,2843386
2019-01-28,44.16666793823242,44.375,43.73106002807617,44.36552810668945,33.9735221862793,2723424
2019-01-29,44.52651596069336,45.066287994384766,44.47916793823242,44.82007598876953,34.32159423828125,2783194
2019-01-30,44.98106002807617,45.28409194946289,44.100379943847656,44.8011360168457,34.307098388671875,3744576
2019-01-31,45.274620056152344,45.47348403930664,44.64015197753906,44.914772033691406,34.39411163330078,4396234
2019-02-01,45.066287994384766,45.066287994384766,43.77840805053711,43.88257598876953,33.60368728637695,3833491
2019-02-04,43.80681610107422,43.967803955078125,43.371212005615234,43.9488639831543,33.65445327758789,2619619
2019-02-05,44.01515197753906,44.460227966308594,43.873104095458984,44.29924011230469,33.92276382446289,2417818
2019-02-06,44.128787994384766,44.905303955078125,44.100379943847656,44.621212005615234,34.1693115234375,2045261
2019-02-07,44.375,44.51704406738281,43.503787994384766,43.85416793823242,33.58194351196289,2727648
2019-02-08,43.712120056152344,43.939395904541016,43.09659194946289,43.5511360168457,33.34988784790039,2369453
2019-02-11,43.70265197753906,43.73106002807617,42.96401596069336,43.20075988769531,33.08158874511719,2380858
2019-02-12,43.57007598876953,44.772727966308594,43.57007598876953,44.53598403930664,34.10405349731445,3345302
2019-02-13,44.876895904541016,44.933712005615234,44.24242401123047,44.280303955078125,33.90826416015625,2602512
2019-02-14,44.05302810668945,44.375,43.85416793823242,44.03409194946289,33.71971893310547,2443901
2019-02-15,44.43181610107422,44.810604095458984,44.19507598876953,44.649620056152344,34.191062927246094,3086899
2019-02-19,44.649620056152344,45.20833206176758,44.337120056152344,44.914772033691406,34.39411163330078,3095875
2019-02-20,44.460227966308594,45.68181610107422,44.460227966308594,45.20833206176758,34.98775100708008,4272365
2019-02-21,44.962120056152344,45.05681610107422,44.0625,44.27083206176758,34.2621955871582,3333475
2019-02-22,44.51704406738281,44.83901596069336,43.88257598876953,44.2613639831543,34.2548713684082,3333686
2019-02-25,44.70643997192383,45.246212005615234,44.649620056152344,45.066287994384766,34.877811431884766,3191866
2019-02-26,45.00947189331055,45.435604095458984,44.621212005615234,44.649620056152344,34.555355072021484,2369558
2019-02-27,44.412879943847656,44.621212005615234,43.95833206176758,44.1761360168457,34.18891525268555,2016854
2019-02-28,43.873104095458984,44.128787994384766,43.20075988769531,43.39015197753906,33.58061599731445,3258394
2019-03-01,43.816287994384766,43.996212005615234,43.36174011230469,43.787879943847656,33.888423919677734,3203270
2019-03-04,43.98674011230469,44.08143997192383,42.717803955078125,43.503787994384766,33.66856002807617,3024173
2019-03-05,43.44697189331055,43.939395904541016,43.38068389892578,43.58901596069336,33.734527587890625,2316758
2019-03-06,43.626895904541016,43.92992401123047,43.342803955078125,43.54166793823242,33.697879791259766,1546406
2019-03-07,43.48484802246094,43.60795593261719,42.746212005615234,43.42802810668945,33.609928131103516,2225942
2019-03-08,43.039772033691406,43.38068389892578,42.73674011230469,43.342803955078125,33.54396438598633,2393424
2019-03-11,43.560604095458984,44.34659194946289,43.5511360168457,44.01515197753906,34.06431579589844,3370858
2019-03-12,44.337120056152344,44.61174011230469,44.19507598876953,44.36552810668945,34.33548355102539,3273389
2019-03-13,44.65909194946289,45.189395904541016,44.412879943847656,44.8011360168457,34.672611236572266,3343613
2019-03-14,44.8011360168457,44.8011360168457,44.05302810668945,44.469696044921875,34.41609573364258,3050890
2019-03-15,44.03409194946289,44.308712005615234,42.878787994384766,43.09659194946289,33.35342788696289,8892787
2019-03-18,43.210227966308594,43.787879943847656,42.97348403930664,43.77840805053711,33.88108825683594,3173280
2019-03-19,43.98674011230469,44.498104095458984,43.57007598876953,43.72159194946289,33.837127685546875,2587094
2019-03-20,43.74052810668945,43.79734802246094,42.433712005615234,42.774620056152344,33.104244232177734,3898858
2019-03-21,42.64204406738281,43.4375,42.55681610107422,43.3238639831543,33.52931594848633,3495254
2019-03-22,43.14393997192383,43.25757598876953,42.00757598876953,42.04545593261719,32.53992462158203,3137059
2019-03-25,41.63825988769531,42.51893997192383,41.40151596069336,42.00757598876953,32.510616302490234,2440733
2019-03-26,42.414772033691406,42.850379943847656,42.3011360168457,42.8125,33.13355255126953,2139984
2019-03-27,43.001895904541016,43.352272033691406,42.746212005615234,43.030303955078125,33.30211639404297,2309894
2019-03-28,43.13447189331055,43.58901596069336,43.04924011230469,43.560604095458984,33.71253204345703,2156563
2019-03-29,43.76893997192383,44.03409194946289,43.15340805053711,43.816287994384766,33.91040802001953,2347488
2019-04-01,44.04356002807617,45.17992401123047,43.92992401123047,45.123104095458984,34.921783447265625,3326611
2019-04-02,45.123104095458984,45.189395904541016,44.42234802246094,44.63068389892578,34.54069519042969,2090352
2019-04-03,45.00947189331055,45.41666793823242,44.772727966308594,45.17045593261719,34.95843505859375,3101789
2019-04-04,45.00947189331055,45.00947189331055,44.09090805053711,44.8011360168457,34.672611236572266,2544115
2019-04-05,44.05302810668945,45.16098403930664,43.72159194946289,44.85795593261719,34.716583251953125,3008227
2019-04-08,44.85795593261719,45.00947189331055,44.5738639831543,44.84848403930664,34.70924758911133,1592448
2019-04-09,44.602272033691406,44.725379943847656,44.20454406738281,44.63068389892578,34.54069519042969,1956979
2019-04-10,44.460227966308594,44.782196044921875,44.04356002807617,44.441287994384766,34.39411163330078,2004922
2019-04-11,44.64015197753906,45.20833206176758,44.42234802246094,44.564395904541016,34.4893913269043,2278531
2019-04-12,44.94318389892578,45.41666793823242,44.914772033691406,45.227272033691406,35.00240707397461,2018544
2019-04-15,45.15151596069336,45.38825988769531,44.50757598876953,44.58333206176758,34.50404739379883,2587094
2019-04-16,42.566287994384766,42.98295593261719,41.54356002807617,42.52840805053711,32.91368865966797,10180368
2019-04-17,42.64204406738281,42.70833206176758,41.3636360168457,41.628787994384766,32.21745681762695,4456954
2019-04-18,41.60984802246094,42.272727966308594,41.600379943847656,42.0738639831543,32.561912536621094,2664077
2019-04-22,42.689395904541016,43.3238639831543,41.70454406738281,41.84659194946289,32.38602828979492,3039274
2019-04-23,41.84659194946289,42.55681610107422,41.4488639831543,42.32007598876953,32.75246047973633,3532637
2019-04-24,42.121212005615234,42.537879943847656,41.93181610107422,41.941287994384766,32.45930862426758,3361142
2019-04-25,42.850379943847656,44.00568389892578,41.875,43.11552810668945,33.36808395385742,5444630
2019-04-26,43.3238639831543,43.95833206176758,43.04924011230469,43.5511360168457,33.7052001953125,2978870
2019-04-29,43.70265197753906,44.1761360168457,43.475379943847656,44.024620056152344,34.0716438293457,2581498
2019-04-30,44.024620056152344,44.63068389892578,43.475379943847656,44.32765197753906,34.30617904663086,4353149
2019-05-01,44.31818389892578,44.498104095458984,43.40909194946289,43.57954406738281,33.727195739746094,2876438
2019-05-02,43.58901596069336,44.27083206176758,43.371212005615234,43.88257598876953,33.96171569824219,2261952
2019-05-03,44.03409194946289,44.95265197753906,43.977272033691406,44.602272033691406,34.518707275390625,2699347
2019-05-06,43.75947189331055,44.289772033691406,43.57954406738281,44.09090805053711,34.12295150756836,2231962
2019-05-07,43.64583206176758,43.73106002807617,43.13447189331055,43.57954406738281,33.727195739746094,3025123
2019-05-08,43.38068389892578,43.59848403930664,43.15340805053711,43.20075988769531,33.434043884277344,2015693
2019-05-09,42.70833206176758,43.522727966308594,42.3011360168457,43.28598403930664,33.499996185302734,2403456
2019-05-10,43.06818389892578,43.39015197753906,42.5,43.22916793823242,33.456024169921875,2250336
2019-05-13,42.36742401123047,42.44318389892578,41.42045593261719,41.81818389892578,32.364044189453125,3919027
2019-05-14,42.00757598876953,42.84090805053711,41.941287994384766,42.36742401123047,32.78910446166992,2524579
2019-05-15,42.04545593261719,42.727272033691406,41.85606002807617,42.44318389892578,32.84773635864258,2935680
2019-05-16,42.60416793823242,43.46590805053711,42.585227966308594,42.95454406738281,33.24348831176758,2804947
2019-05-17,42.6136360168457,42.9261360168457,42.1875,42.67992401123047,33.03095626831055,2244950
2019-05-20,41.60984802246094,41.73295593261719,40.76704406738281,40.90909194946289,31.66046142578125,3971405
2019-05-21,41.07007598876953,42.310604095458984,41.07007598876953,42.149620056152344,32.620540618896484,3815222
2019-05-22,42.3863639831543,42.91666793823242,41.5625,41.5625,32.16614532470703,4671216
2019-05-23,41.0511360168457,41.30681610107422,40.80492401123047,41.07007598876953,31.785058975219727,2813712
2019-05-24,41.126895904541016,41.51515197753906,40.435604095458984,40.501895904541016,31.710914611816406,2896714
2019-05-28,40.435604095458984,40.587120056152344,40.094696044921875,40.274620056152344,31.532970428466797,3312038
2019-05-29,39.98106002807617,40.20833206176758,39.412879943847656,39.772727966308594,31.1400146484375,2473363
2019-05-30,40.05681610107422,40.23674011230469,39.24242401123047,39.52651596069336,30.94725227355957,3136848
2019-05-31,39.00568389892578,39.35606002807617,38.70265197753906,39.27083206176758,30.747058868408203,3530947
2019-06-03,39.280303955078125,40.17045593261719,39.147727966308594,39.73484802246094,31.1103515625,4075843
2019-06-04,40.17992401123047,41.57197189331055,40.037879943847656,41.5625,32.541316986083984,4012694
2019-06-05,41.71401596069336,41.86552810668945,40.8238639831543,41.85606002807617,32.77115249633789,3283526
2019-06-06,41.7613639831543,42.49052810668945,41.751895904541016,42.272727966308594,33.09738540649414,4216714
2019-06-07,42.462120056152344,42.86931610107422,42.03598403930664,42.585227966308594,33.34205627441406,3229987
2019-06-10,42.774620056152344,42.850379943847656,40.899620056152344,41.38257598876953,32.40044403076172,4846090
2019-06-11,41.88447189331055,42.17802810668945,41.32575988769531,41.628787994384766,32.59321212768555,3000096
2019-06-12,41.73295593261719,41.808712005615234,41.032196044921875,41.212120056152344,32.266990661621094,2883725
2019-06-13,41.5625,41.86552810668945,41.27840805053711,41.59090805053711,32.563560485839844,3731798
2019-06-14,41.38257598876953,41.54356002807617,40.38825988769531,40.710227966308594,31.8740291595459,4014701
2019-06-17,40.56818389892578,40.75757598876953,39.98106002807617,40.217803955078125,31.488489151000977,4611763
2019-06-18,40.435604095458984,41.14583206176758,40.26515197753906,40.41666793823242,31.644189834594727,4403098
2019-06-19,40.691287994384766,41.09848403930664,40.530303955078125,40.68181610107422,31.851783752441406,3384480
2019-06-20,41.26893997192383,41.74242401123047,40.99431610107422,41.25947189331055,32.304054260253906,2430173
2019-06-21,41.26893997192383,41.51515197753906,40.88068389892578,41.29734802246094,32.333709716796875,4193798
2019-06-24,40.45454406738281,40.539772033691406,39.94318389892578,40.085227966308594,31.384687423706055,3383741
2019-06-25,39.99052810668945,40.67234802246094,39.58333206176758,40.397727966308594,31.62936019897461,3406128
2019-06-26,40.59659194946289,40.76704406738281,40.246212005615234,40.28409194946289,31.540386199951172,3079824
2019-06-27,40.41666793823242,40.78598403930664,40.34090805053711,40.64393997192383,31.82213020324707,1856870
2019-06-28,40.719696044921875,41.316287994384766,40.64393997192383,41.022727966308594,32.11869430541992,5017162
2019-07-01,41.477272033691406,41.73295593261719,40.91856002807617,41.42992401123047,32.43751525878906,3548582
2019-07-02,41.40151596069336,41.54356002807617,40.95643997192383,41.4488639831543,32.45233917236328,2742854
2019-07-03,41.09848403930664,41.82765197753906,41.09848403930664,41.77083206176758,32.70443344116211,1754227
2019-07-05,41.467803955078125,41.73295593261719,41.17424011230469,41.54356002807617,32.5264892578125,2446330
2019-07-08,41.26893997192383,41.86552810668945,40.80492401123047,41.01325988769531,32.111289978027344,3606768
2019-07-09,40.814395904541016,41.07954406738281,40.67234802246094,40.92802810668945,32.044551849365234,3056170
2019-07-10,41.155303955078125,41.45833206176758,40.814395904541016,40.86174011230469,31.99266242980957,2235763
2019-07-11,40.64393997192383,40.80492401123047,39.94318389892578,40.29356002807617,31.547800064086914,3397363
2019-07-12,40.3125,40.63447189331055,40.037879943847656,40.501895904541016,31.710914611816406,2510957
2019-07-15,39.753787994384766,40.189395904541016,39.621212005615234,39.753787994384766,31.12518310546875,4436045
2019-07-16,40.10416793823242,41.126895904541016,39.97159194946289,40.34090805053711,31.584871292114258,3763690
2019-07-17,40.28409194946289,40.397727966308594,39.73484802246094,40.01893997192383,31.33278465270996,3365155
2019-07-18,39.782196044921875,40.3125,39.67802810668945,40.246212005615234,31.510730743408203,2944339
2019-07-19,40.378787994384766,41.155303955078125,40.123104095458984,40.94697189331055,32.059391021728516,3546154
2019-07-22,41.10795593261719,41.25947189331055,40.25568389892578,40.47348403930664,31.688671112060547,2508317
2019-07-23,40.77651596069336,41.467803955078125,40.72916793823242,41.22159194946289,32.27439880371094,3199152
2019-07-24,41.183712005615234,42.33901596069336,41.09848403930664,41.780303955078125,32.71183395385742,4684627
2019-07-25,41.85606002807617,43.72159194946289,41.837120056152344,43.5511360168457,34.09830856323242,6347299
2019-07-26,43.46590805053711,43.48484802246094,42.414772033691406,42.897727966308594,33.58673095703125,3882912
2019-07-29,42.897727966308594,43.11552810668945,42.47159194946289,42.64204406738281,33.386539459228516,2310528
2019-07-30,42.42424011230469,42.76515197753906,41.941287994384766,42.67045593261719,33.40879440307617,1946947
2019-07-31,42.60416793823242,42.623104095458984,41.20265197753906,41.58143997192383,32.5561408996582,2990170
2019-08-01,41.73295593261719,41.77083206176758,40.05681610107422,40.45454406738281,31.67384147644043,3633590
2019-08-02,40.23674011230469,40.44507598876953,39.36552810668945,39.905303955078125,31.243810653686523,4107946
2019-08-05,39.337120056152344,39.53598403930664,37.78409194946289,38.06818389892578,29.80544090270996,5996074
2019-08-06,38.40909194946289,38.58901596069336,37.594696044921875,37.850379943847656,29.634920120239258,5243990
2019-08-07,37.405303955078125,38.087120056152344,37.05492401123047,38.04924011230469,29.79060935974121,3763795
2019-08-08,38.18181610107422,38.89204406738281,38.087120056152344,38.77840805053711,30.36151885986328,2885309
2019-08-09,38.655303955078125,38.67424011230469,37.50947189331055,37.73674011230469,29.545949935913086,3794947
2019-08-12,37.537879943847656,37.727272033691406,36.467803955078125,36.496212005615234,28.57467269897461,3515635
2019-08-13,36.38257598876953,38.36174011230469,36.19318389892578,37.9261360168457,29.69423484802246,4331290
2019-08-14,36.93181610107422,37.26325988769531,36.287879943847656,36.600379943847656,29.018508911132812,5008925
2019-08-15,36.808712005615234,37.102272033691406,36.10795593261719,36.58143997192383,29.003494262695312,3788717
2019-08-16,36.90340805053711,37.32954406738281,36.39204406738281,36.92234802246094,29.273784637451172,2746128
2019-08-19,37.33901596069336,37.42424011230469,37.00757598876953,37.23484802246094,29.521547317504883,3127450
2019-08-20,37.16856002807617,37.26325988769531,36.58143997192383,36.61931610107422,29.033525466918945,2075040
2019-08-21,36.90340805053711,37.149620056152344,36.85606002807617,36.95075988769531,29.29629898071289,3062294
2019-08-22,37.092803955078125,37.26325988769531,36.5625,36.79924011230469,29.176162719726562,1600157
2019-08-23,36.69507598876953,36.74242401123047,35.274620056152344,35.44507598876953,28.10253143310547,4110374
2019-08-26,35.72916793823242,36.11742401123047,35.44507598876953,35.75757598876953,28.350292205810547,2462486
2019-08-27,35.842803955078125,36.04166793823242,34.63068389892578,34.79166793823242,27.58447265625,4249872
2019-08-28,34.63068389892578,35.72916793823242,34.51704406738281,35.407196044921875,28.07249641418457,2237347
2019-08-29,35.8238639831543,36.58143997192383,35.79545593261719,36.57197189331055,28.995986938476562,3062928
2019-08-30,36.97916793823242,37.29166793823242,36.751895904541016,37.02651596069336,29.356369018554688,4006886
2019-09-03,36.45833206176758,36.524620056152344,35.94697189331055,36.04166793823242,28.575529098510742,4527917
2019-09-04,36.61931610107422,36.837120056152344,36.155303955078125,36.60984802246094,29.026016235351562,2611805
2019-09-05,36.88447189331055,37.414772033691406,36.88447189331055,37.282196044921875,29.559078216552734,7564128
2019-09-06,37.462120056152344,37.48106002807617,37.08333206176758,37.33901596069336,29.604135513305664,2118125
2019-09-09,37.78409194946289,38.873104095458984,37.65151596069336,38.030303955078125,30.152219772338867,5653718
2019-09-10,38.15340805053711,39.05302810668945,38.14393997192383,39.04356002807617,30.955570220947266,6377184
2019-09-11,38.91098403930664,39.64015197753906,38.46590805053711,39.621212005615234,31.413557052612305,3559354
2019-09-12,39.69697189331055,40.41666793823242,39.16666793823242,40.085227966308594,31.781452178955078,4284298
2019-09-13,40.30302810668945,41.155303955078125,40.217803955078125,40.5113639831543,32.11931610107422,4614509
2019-09-16,40.07575988769531,40.378787994384766,39.69697189331055,40.227272033691406,31.894073486328125,4189891
2019-09-17,39.43181610107422,39.84848403930664,38.626895904541016,39.55492401123047,31.36101531982422,3693888
2019-09-18,39.47916793823242,39.5738639831543,38.74052810668945,39.00568389892578,30.925539016723633,4477757
2019-09-19,39.10984802246094,39.23295593261719,38.49431610107422,38.59848403930664,30.602693557739258,3828317
2019-09-20,38.6363639831543,39.289772033691406,38.28598403930664,38.54166793823242,30.557653427124023,4923600
2019-09-23,38.10606002807617,39.147727966308594,37.98295593261719,38.89204406738281,30.835445404052734,3723350
2019-09-24,39.147727966308594,39.289772033691406,38.248104095458984,38.51325988769531,30.535127639770508,5995229
2019-09-25,38.60795593261719,39.280303955078125,38.57007598876953,39.16666793823242,31.053178787231445,2865456
2019-09-26,39.21401596069336,39.32765197753906,38.712120056152344,39.128787994384766,31.02314567565918,1485475
2019-09-27,39.441287994384766,39.649620056152344,39.10984802246094,39.45075988769531,31.278427124023438,1965110
2019-09-30,39.469696044921875,39.74431610107422,39.412879943847656,39.602272033691406,31.398548126220703,2694701
2019-10-01,39.83901596069336,40.0,37.99242401123047,37.99242401123047,30.122188568115234,3690614
2019-10-02,37.88825988769531,37.88825988769531,37.11174011230469,37.36742401123047,29.626657485961914,3406867
2019-10-03,37.29166793823242,37.566287994384766,36.524620056152344,37.23484802246094,29.521547317504883,3182890
2019-10-04,37.225379943847656,37.47159194946289,36.63825988769531,37.102272033691406,29.41642951965332,2528803
2019-10-07,37.0738639831543,37.48106002807617,36.90340805053711,37.04545593261719,29.371383666992188,1776931
2019-10-08,36.55302810668945,36.74242401123047,36.29734802246094,36.39204406738281,28.853328704833984,2649187
2019-10-09,36.88447189331055,37.42424011230469,36.685604095458984,37.225379943847656,29.5140380859375,3092074
2019-10-10,37.16856002807617,38.26704406738281,37.16856002807617,38.09659194946289,30.204769134521484,3567907
2019-10-11,38.82575988769531,39.82954406738281,38.82575988769531,39.35606002807617,31.203340530395508,4000445
2019-10-14,39.21401596069336,39.21401596069336,38.655303955078125,38.9488639831543,30.8804988861084,2058883
2019-10-15,38.967803955078125,39.43181610107422,38.85416793823242,39.22348403930664,31.098220825195312,1922870
2019-10-16,39.289772033691406,40.25568389892578,39.157196044921875,39.66856002807617,31.451108932495117,4592333
2019-10-17,39.70643997192383,39.810604095458984,39.19507598876953,39.649620056152344,31.436084747314453,2156035
2019-10-18,39.54545593261719,40.25568389892578,39.53598403930664,40.01893997192383,31.72890281677246,2658480
2019-10-21,40.397727966308594,40.8238639831543,40.00947189331055,40.037879943847656,31.74391746520996,2611066
2019-10-22,40.085227966308594,40.814395904541016,39.8011360168457,40.587120056152344,32.17937469482422,1616947
2019-10-23,40.48295593261719,41.24052810668945,40.34090805053711,41.08901596069336,32.577308654785156,3164093
2019-10-24,40.96590805053711,41.19318389892578,39.63068389892578,39.95265197753906,31.676349639892578,2686570
2019-10-25,40.05681610107422,40.91856002807617,39.876895904541016,40.719696044921875,32.284488677978516,2487514
2019-10-28,40.95643997192383,41.30681610107422,40.852272033691406,40.90909194946289,32.434654235839844,1908298
2019-10-29,40.49242401123047,40.710227966308594,40.0,40.4261360168457,32.05174255371094,2733350
2019-10-30,40.397727966308594,40.49242401123047,39.74431610107422,40.38825988769531,32.02170944213867,3006643
2019-10-31,40.90909194946289,41.93181610107422,40.38825988769531,41.3636360168457,32.7950439453125,4980730
2019-11-01,41.657196044921875,41.73295593261719,41.25947189331055,41.628787994384766,33.00526428222656,2633136
2019-11-04,41.628787994384766,42.35795593261719,41.41098403930664,42.19697189331055,33.455753326416016,3124915
2019-11-05,42.14015197753906,42.935604095458984,42.14015197753906,42.84090805053711,33.966285705566406,3045715
2019-11-06,42.86931610107422,43.039772033691406,42.42424011230469,42.99242401123047,34.086429595947266,2624160
2019-11-07,42.97348403930664,43.3238639831543,42.84090805053711,43.039772033691406,34.123966217041016,2579386
2019-11-08,43.087120056152344,43.873104095458984,42.897727966308594,43.75947189331055,34.69457244873047,2454038
2019-11-11,43.51325988769531,43.72159194946289,43.27651596069336,43.51325988769531,34.499366760253906,1885488
2019-11-12,43.3238639831543,44.100379943847656,43.10606002807617,43.76893997192383,34.70207214355469,2838422
2019-11-13,43.54166793823242,43.787879943847656,43.162879943847656,43.41856002807617,34.424285888671875,2365546
2019-11-14,42.746212005615234,43.18181610107422,42.67992401123047,43.09659194946289,34.555641174316406,1802486
2019-11-15,43.18181610107422,43.371212005615234,42.94507598876953,43.22916793823242,34.66194534301758,2148221
2019-11-18,43.248104095458984,43.655303955078125,42.82197189331055,43.44697189331055,34.83657455444336,2162688
2019-11-19,43.560604095458984,43.69318389892578,43.33333206176758,43.532196044921875,34.90491485595703,2731555
2019-11-20,43.33333206176758,43.36174011230469,42.42424011230469,42.84090805053711,34.35062789916992,2374205
2019-11-21,42.897727966308594,43.06818389892578,42.26325988769531,42.32007598876953,33.933013916015625,2843914
2019-11-22,42.48106002807617,42.83143997192383,42.35795593261719,42.727272033691406,34.2595100402832,2252131
2019-11-25,42.75568389892578,43.72159194946289,42.727272033691406,43.626895904541016,34.9808464050293,2238826
2019-11-26,43.45643997192383,43.80681610107422,43.030303955078125,43.77840805053711,35.102333068847656,2245056
2019-11-27,43.85416793823242,44.185604095458984,43.6363639831543,43.977272033691406,35.261783599853516,1924243
2019-11-29,43.98674011230469,43.98674011230469,43.503787994384766,43.88257598876953,35.18585968017578,1207536
2019-12-02,44.20454406738281,44.71590805053711,43.75947189331055,43.787879943847656,35.10992431640625,2964509
2019-12-03,43.28598403930664,43.655303955078125,42.746212005615234,43.6363639831543,34.98843002319336,2834726
2019-12-04,43.89204406738281,44.308712005615234,43.46590805053711,43.522727966308594,34.89731979370117,2682346
2019-12-05,43.75947189331055,44.128787994384766,43.46590805053711,44.05302810668945,35.32252502441406,1940083
2019-12-06,44.50757598876953,44.94318389892578,44.469696044921875,44.753787994384766,35.88441467285156,2691638
2019-12-09,44.753787994384766,45.1136360168457,44.55492401123047,44.905303955078125,36.005897521972656,3984605
2019-12-10,43.72159194946289,44.11931610107422,43.371212005615234,43.79734802246094,35.11752700805664,3677309
2019-12-11,43.939395904541016,44.08143997192383,43.57007598876953,43.73106002807617,35.06436538696289,3169267
2019-12-12,43.91098403930664,44.40340805053711,43.70265197753906,44.09090805053711,35.352901458740234,5391302
2019-12-13,44.38447189331055,44.73484802246094,43.90151596069336,43.90151596069336,35.2010383605957,3016886
2019-12-16,44.35606002807617,44.43181610107422,43.664772033691406,43.75,35.07954788208008,5137757
2019-12-17,43.79734802246094,44.412879943847656,43.76893997192383,44.11931610107422,35.37568283081055,5388662
2019-12-18,44.04356002807617,44.147727966308594,43.57954406738281,43.835227966308594,35.147891998291016,4726762
2019-12-19,44.147727966308594,44.185604095458984,43.371212005615234,43.532196044921875,34.90491485595703,4247760
2019-12-20,43.77840805053711,44.07197189331055,43.532196044921875,43.69318389892578,35.03400421142578,6321110
2019-12-23,43.64583206176758,43.816287994384766,43.41856002807617,43.816287994384766,35.13270568847656,3049411
2019-12-24,43.8636360168457,44.01515197753906,43.57007598876953,43.6363639831543,34.98843002319336,838147
2019-12-26,43.73106002807617,43.75947189331055,43.38068389892578,43.74052810668945,35.07196044921875,951773
2019-12-27,43.79734802246094,43.79734802246094,43.342803955078125,43.45643997192383,34.844173431396484,1347562
2019-12-30,43.46590805053711,43.58901596069336,43.13447189331055,43.46590805053711,34.85176467895508,1375546
2019-12-31,43.371212005615234,43.64583206176758,43.342803955078125,43.60795593261719,34.96565246582031,1515149
2020-01-02,44.01515197753906,44.08143997192383,43.0113639831543,43.10606002807617,34.56322479248047,3449002
2020-01-03,42.45265197753906,42.67045593261719,42.32954406738281,42.34848403930664,33.95580291748047,2994605
2020-01-06,42.17802810668945,42.32007598876953,41.54356002807617,41.61931610107422,33.37113571166992,3214570
2020-01-07,41.35416793823242,41.439395904541016,40.95643997192383,41.17424011230469,33.01426315307617,3498950
2020-01-08,41.24052810668945,41.90340805053711,41.164772033691406,41.657196044921875,33.40150833129883,2657846
2020-01-09,41.780303955078125,42.03598403930664,41.53409194946289,41.77083206176758,33.49262619018555,1868698
2020-01-10,41.77083206176758,42.102272033691406,41.600379943847656,41.657196044921875,33.40150833129883,1896682
2020-01-13,41.808712005615234,42.23484802246094,41.647727966308594,42.08333206176758,33.74319076538086,2888054
2020-01-14,41.95075988769531,42.272727966308594,41.912879943847656,42.064395904541016,33.72800827026367,2121610
2020-01-15,41.960227966308594,42.3011360168457,41.70454406738281,42.14015197753906,33.788753509521484,1393498
2020-01-16,42.33901596069336,42.98295593261719,42.23484802246094,42.94507598876953,34.43415451049805,3383213
2020-01-17,43.058712005615234,43.522727966308594,42.97348403930664,43.3238639831543,34.73787307739258,2815930
2020-01-21,42.19697189331055,42.462120056152344,41.51515197753906,42.17802810668945,33.81911087036133,3377299
2020-01-22,42.26325988769531,42.51893997192383,42.064395904541016,42.149620056152344,33.79634094238281,1766688
2020-01-23,41.90340805053711,42.462120056152344,41.467803955078125,42.29166793823242,33.91024398803711,1745146
2020-01-24,42.19697189331055,42.272727966308594,41.01325988769531,41.22159194946289,33.05222702026367,2982038
2020-01-27,40.49242401123047,40.75757598876953,40.13257598876953,40.32197189331055,32.33089065551758,3279830
2020-01-28,40.710227966308594,40.7386360168457,40.30302810668945,40.57765197753906,32.53590774536133,2107248
2020-01-29,40.77651596069336,41.50568389892578,40.67234802246094,41.07007598876953,32.93075180053711,3652387
2020-01-30,40.47348403930664,40.88068389892578,39.16666793823242,39.95265197753906,32.03477096557617,4800682
2020-01-31,39.53598403930664,39.66856002807617,37.91666793823242,38.560604095458984,30.91860580444336,6768115
2020-02-03,38.82575988769531,39.337120056152344,38.57007598876953,39.0625,31.321033477783203,3767280
2020-02-04,39.71590805053711,39.8863639831543,39.45075988769531,39.54545593261719,31.708271026611328,3450691
2020-02-05,39.95265197753906,41.875,39.95265197753906,41.70454406738281,33.43947219848633,4779139
2020-02-06,41.969696044921875,42.11174011230469,41.39204406738281,41.90340805053711,33.59892272949219,2967254
2020-02-07,41.55302810668945,41.6761360168457,41.19318389892578,41.25,33.07500457763672,1931635
2020-02-10,41.1363639831543,41.54356002807617,41.003787994384766,41.42045593261719,33.21168518066406,1715578
2020-02-11,41.657196044921875,42.55681610107422,41.51515197753906,42.01704406738281,33.690032958984375,1862256
2020-02-12,42.20643997192383,42.594696044921875,42.102272033691406,42.14015197753906,33.788753509521484,1862362
2020-02-13,41.90340805053711,41.90340805053711,40.92802810668945,41.14583206176758,32.991477966308594,2334077
2020-02-14,41.155303955078125,41.48674011230469,40.710227966308594,40.899620056152344,32.7940673828125,1874611
2020-02-18,40.76704406738281,40.95643997192383,40.350379943847656,40.9375,32.824440002441406,1611139
2020-02-19,40.9375,41.25,40.36931610107422,40.435604095458984,32.42201232910156,2591635
2020-02-20,40.037879943847656,40.76704406738281,39.94318389892578,40.67234802246094,33.008392333984375,2332810
2020-02-21,40.530303955078125,41.14583206176758,40.17992401123047,40.975379943847656,33.254329681396484,2834304
2020-02-24,39.63068389892578,39.76325988769531,38.939395904541016,39.157196044921875,31.778757095336914,2736413
2020-02-25,39.251895904541016,39.55492401123047,37.064395904541016,37.149620056152344,30.14946174621582,3976896
2020-02-26,37.594696044921875,38.058712005615234,36.657196044921875,36.7613639831543,29.834367752075195,3759994
2020-02-27,35.98484802246094,36.837120056152344,35.07575988769531,35.094696044921875,28.481752395629883,4395811
2020-02-28,34.09090805053711,35.28409194946289,33.712120056152344,35.0,28.404903411865234,5275987
2020-03-02,35.274620056152344,36.23106002807617,34.53598403930664,36.20265197753906,29.380937576293945,4860979
2020-03-03,36.01325988769531,37.03598403930664,34.67802810668945,35.094696044921875,28.481752395629883,4086298
2020-03-04,35.68181610107422,36.003787994384766,35.14204406738281,35.90909194946289,29.1426944732666,3699696
2020-03-05,34.8011360168457,35.397727966308594,34.2613639831543,34.592803955078125,28.074434280395508,3185424
2020-03-06,33.371212005615234,34.13825988769531,33.02083206176758,33.816287994384766,27.444236755371094,4276800
2020-03-09,31.48674201965332,32.1875,30.104167938232422,30.56818199157715,24.80817985534668,4690541
2020-03-10,31.912879943847656,32.433712005615234,30.56818199157715,32.35795593261719,26.260700225830078,4387046
2020-03-11,31.25,31.448863983154297,29.810606002807617,30.520832061767578,24.769746780395508,4996570
2020-03-12,28.67424201965332,29.270832061767578,27.092802047729492,27.10227394104004,21.995351791381836,5522774
2020-03-13,28.787879943847656,31.685606002807617,27.746212005615234,31.666667938232422,25.699670791625977,6364829
2020-03-16,27.253787994384766,31.59090805053711,26.704544067382812,28.143938064575195,22.84073829650879,5985408
2020-03-17,28.816287994384766,31.751893997192383,27.52840805053711,31.714014053344727,25.73809814453125,6196502
2020-03-18,28.97727394104004,31.704544067382812,28.267044067382812,29.308712005615234,23.78603172302246,4476595
2020-03-19,29.128787994384766,29.375,27.547348022460938,28.532197952270508,23.155834197998047,3889987
2020-03-20,28.541667938232422,29.526514053344727,27.47159194946289,27.94507598876953,22.679344177246094,5530272
2020-03-23,27.395832061767578,28.143938064575195,24.981061935424805,25.066287994384766,20.343017578125,7190726
2020-03-24,26.5625,27.13068199157715,25.160985946655273,26.42992401123047,21.449695587158203,5229523
2020-03-25,26.5625,28.892044067382812,25.22727394104004,27.27272605895996,22.133689880371094,6227549
2020-03-26,27.623106002807617,29.801136016845703,27.47159194946289,29.365530014038086,23.832141876220703,4670160
2020-03-27,28.418561935424805,29.905302047729492,27.99242401123047,28.996212005615234,23.532413482666016,4054090
2020-03-30,29.015151977539062,29.876893997192383,28.49431800842285,29.668561935424805,24.078073501586914,3420384
2020-03-31,29.43181800842285,29.94318199157715,28.598485946655273,29.479167938232422,23.924367904663086,4821696
2020-04-01,28.106061935424805,29.45075798034668,27.72727394104004,28.551136016845703,23.17120361328125,4211539
2020-04-02,28.285985946655273,29.734848022460938,28.267044067382812,28.863636016845703,23.424821853637695,3577411
2020-04-03,28.560606002807617,29.34659194946289,27.613636016845703,27.8125,22.571748733520508,3943526
2020-04-06,29.232955932617188,30.113636016845703,28.97727394104004,29.857955932617188,24.231779098510742,6407491
2020-04-07,30.776514053344727,31.202651977539062,29.223485946655273,29.251893997192383,23.739917755126953,4479552
2020-04-08,29.573863983154297,31.609848022460938,29.498106002807617,31.363636016845703,25.453739166259766,4347974
2020-04-09,31.714014053344727,33.04924011230469,31.59090805053711,32.35795593261719,26.260700225830078,4388208
2020-04-13,32.32007598876953,32.84090805053711,31.467802047729492,32.585227966308594,26.445148468017578,4050710
2020-04-14,33.030303955078125,33.030303955078125,31.041667938232422,31.79924201965332,25.80726432800293,4434989
2020-04-15,30.833332061767578,31.051136016845703,29.50757598876953,30.113636016845703,24.439281463623047,4342906
2020-04-16,30.113636016845703,30.435606002807617,28.36174201965332,28.854167938232422,23.41714096069336,4411651
2020-04-17,29.573863983154297,30.606061935424805,29.412879943847656,30.160985946655273,24.477703094482422,6906979
2020-04-20,29.848485946655273,29.886363983154297,29.03409194946289,29.14772605895996,23.655378341674805,3315629
2020-04-21,28.399620056152344,29.024620056152344,28.248106002807617,28.52272605895996,23.148149490356445,3255754
2020-04-22,29.043561935424805,29.185606002807617,28.25757598876953,28.38068199157715,23.032867431640625,3282998
2020-04-23,28.740530014038086,29.34659194946289,28.626893997192383,28.920455932617188,23.470930099487305,3561994
2020-04-24,29.43181800842285,29.696969985961914,28.920455932617188,29.479167938232422,23.924367904663086,4409434
2020-04-27,29.65909194946289,31.231061935424805,29.640151977539062,31.07007598876953,25.215497970581055,4460438
2020-04-28,31.998106002807617,34.23295593261719,31.79924201965332,33.85416793823242,27.4749813079834,9436944
2020-04-29,34.782196044921875,35.36931610107422,34.412879943847656,34.58333206176758,28.066743850708008,4732781
2020-04-30,31.723485946655273,33.219696044921875,31.268938064575195,32.433712005615234,26.322179794311523,4099920
2020-05-01,31.912879943847656,32.20643997192383,31.30681800842285,32.11174011230469,26.060876846313477,2891011
2020-05-04,31.723485946655273,31.93181800842285,31.098485946655273,31.600379943847656,25.6458740234375,2631446
2020-05-05,32.121212005615234,32.19697189331055,31.22159194946289,31.344697952270508,25.438373565673828,3920717
2020-05-06,31.515151977539062,31.856061935424805,30.435606002807617,30.464014053344727,24.7236385345459,3218477
2020-05-07,30.88068199157715,31.666667938232422,30.672348022460938,30.871212005615234,25.054107666015625,3316051
2020-05-08,31.420455932617188,32.566287994384766,31.33522605895996,32.52840805053711,26.399032592773438,2039453
2020-05-11,31.922348022460938,32.01704406738281,31.183712005615234,31.316287994384766,25.415313720703125,2230906
2020-05-12,31.42992401123047,31.761363983154297,30.36931800842285,30.416667938232422,24.685209274291992,2200176
2020-05-13,30.274620056152344,30.303030014038086,28.75,29.214014053344727,23.709177017211914,2731766
2020-05-14,28.863636016845703,29.92424201965332,28.18181800842285,29.895832061767578,24.262516021728516,3322810
2020-05-15,29.365530014038086,29.545455932617188,28.816287994384766,29.40340805053711,23.86288070678711,2880451
2020-05-18,30.56818199157715,31.448863983154297,30.511363983154297,31.060606002807617,25.207815170288086,4230653
2020-05-19,30.75757598876953,31.051136016845703,30.018938064575195,30.3125,24.60067367553711,1864685
2020-05-20,30.68181800842285,31.628787994384766,30.65340805053711,31.25,25.36151885986328,2439677
2020-05-21,31.11742401123047,31.865530014038086,31.060606002807617,31.183712005615234,25.307720184326172,1909670
2020-05-22,31.16477394104004,31.25,30.464014053344727,30.90909194946289,25.084850311279297,3149837
2020-05-26,31.231061935424805,32.65151596069336,31.098485946655273,32.50947189331055,26.80495262145996,3166099
2020-05-27,33.38068389892578,34.157196044921875,33.14393997192383,33.939395904541016,27.98396873474121,2790480
2020-05-28,34.100379943847656,34.22348403930664,32.717803955078125,33.22916793823242,27.398366928100586,2833882
2020-05-29,32.95454406738281,33.087120056152344,31.922348022460938,32.24431610107422,26.586326599121094,6505699
2020-06-01,32.26325988769531,33.125,32.23484802246094,32.88825988769531,27.117277145385742,2840112
2020-06-02,33.06818389892578,33.92992401123047,33.001895904541016,33.36174011230469,27.507675170898438,2455939
2020-06-03,34.09090805053711,35.274620056152344,33.85416793823242,34.962120056152344,28.82723045349121,2881613
2020-06-04,34.65909194946289,35.842803955078125,34.23295593261719,35.8238639831543,29.537763595581055,3095558
2020-06-05,37.064395904541016,38.10606002807617,36.496212005615234,36.960227966308594,30.474729537963867,3416794
2020-06-08,37.121212005615234,37.689395904541016,36.77083206176758,37.585227966308594,30.99005699157715,2787734
2020-06-09,36.837120056152344,36.88447189331055,36.04166793823242,36.27840805053711,29.912553787231445,2189933
2020-06-10,36.022727966308594,36.07954406738281,34.753787994384766,34.82007598876953,28.71011734008789,2342736
2020-06-11,33.2386360168457,33.95833206176758,31.837120056152344,32.121212005615234,26.484825134277344,3448474
2020-06-12,33.712120056152344,33.73106002807617,32.310604095458984,33.06818389892578,27.265634536743164,2554464
2020-06-15,31.93181800842285,33.5511360168457,31.61931800842285,33.20075988769531,27.374940872192383,3474874
2020-06-16,34.42234802246094,34.85795593261719,33.41856002807617,33.816287994384766,27.882461547851562,3008966
2020-06-17,33.873104095458984,34.08143997192383,33.219696044921875,33.314395904541016,27.46864128112793,2626589
2020-06-18,32.99242401123047,33.61742401123047,32.83143997192383,33.219696044921875,27.39055824279785,2365123
2020-06-19,33.88257598876953,33.977272033691406,32.83143997192383,33.0113639831543,27.218786239624023,9423322
2020-06-22,32.76515197753906,32.78409194946289,31.979167938232422,32.594696044921875,26.87522315979004,2821632
2020-06-23,32.850379943847656,33.29545593261719,32.67045593261719,33.001895904541016,27.21097755432129,2711174
2020-06-24,32.64204406738281,32.64204406738281,31.74242401123047,31.79924201965332,26.21935272216797,3326928
2020-06-25,31.571969985961914,32.04545593261719,30.86174201965332,31.988636016845703,26.37550926208496,2071872
2020-06-26,31.78977394104004,32.121212005615234,31.401514053344727,32.00757598876953,26.391128540039062,3900970
2020-06-29,32.49052810668945,33.54166793823242,32.414772033691406,33.15340805053711,27.335901260375977,2697235
2020-06-30,32.94507598876953,33.626895904541016,32.6136360168457,33.342803955078125,27.4920654296875,2669885
2020-07-01,33.46590805053711,33.67424011230469,32.689395904541016,32.96401596069336,27.17974090576172,2474736
2020-07-02,33.39015197753906,33.90151596069336,33.17234802246094,33.475379943847656,27.601375579833984,2166806
2020-07-06,34.29924011230469,34.54545593261719,33.61742401123047,34.03409194946289,28.062053680419922,2773901
2020-07-07,33.60795593261719,33.683712005615234,33.10606002807617,33.371212005615234,27.515485763549805,3431366
2020-07-08,33.2386360168457,33.30492401123047,32.02651596069336,32.32954406738281,26.65660285949707,3188909
2020-07-09,32.20643997192383,32.32954406738281,31.19318199157715,31.354167938232422,25.852375030517578,2921530
2020-07-10,31.467802047729492,32.75568389892578,31.467802047729492,32.70833206176758,26.96892547607422,2085706
2020-07-13,32.76515197753906,33.314395904541016,32.433712005615234,32.8125,27.054811477661133,2788579
2020-07-14,32.85984802246094,33.76893997192383,32.64204406738281,33.57954406738281,27.687255859375,3546787
2020-07-15,34.64015197753906,34.83901596069336,33.939395904541016,34.38447189331055,28.350950241088867,2869469
2020-07-16,34.375,35.67234802246094,34.19507598876953,35.407196044921875,29.194211959838867,3708566
2020-07-17,35.558712005615234,35.558712005615234,34.83901596069336,34.962120056152344,28.82723045349121,2546333
2020-07-20,34.69697189331055,34.876895904541016,34.20454406738281,34.42234802246094,28.382173538208008,2218973
2020-07-21,34.32765197753906,35.10416793823242,34.32765197753906,34.66856002807617,28.58519172668457,1602586
2020-07-22,34.55492401123047,34.8863639831543,34.2613639831543,34.70643997192383,28.616418838500977,1796256
2020-07-23,34.602272033691406,34.92424011230469,34.38447189331055,34.6875,28.600805282592773,1687277
2020-07-24,34.84848403930664,34.99052810668945,34.27083206176758,34.39393997192383,28.35875129699707,1446931
2020-07-27,34.337120056152344,34.962120056152344,34.01515197753906,34.89583206176758,28.7725772857666,2320666
2020-07-28,34.782196044921875,34.876895904541016,34.10984802246094,34.251895904541016,28.24163246154785,2693222
2020-07-29,34.441287994384766,35.0,34.185604095458984,34.8011360168457,28.694496154785156,3310138
2020-07-30,35.29356002807617,35.64393997192383,33.51325988769531,33.8636360168457,27.921499252319336,3855667
2020-07-31,33.42802810668945,33.64583206176758,32.52840805053711,32.94507598876953,27.16412353515625,4274582
2020-08-03,33.352272033691406,33.77840805053711,33.0113639831543,33.560604095458984,27.671640396118164,4006992
2020-08-04,33.36174011230469,33.75947189331055,33.11552810668945,33.40909194946289,27.54671859741211,3469910
2020-08-05,33.74052810668945,34.1761360168457,33.67424011230469,33.69318389892578,27.780960083007812,2970845
2020-08-06,33.61742401123047,33.95833206176758,33.39015197753906,33.399620056152344,27.53891372680664,2828496
2020-08-07,32.35795593261719,33.6363639831543,32.121212005615234,33.60795593261719,27.710683822631836,4726656
2020-08-10,33.77840805053711,34.412879943847656,33.64583206176758,34.38447189331055,28.350950241088867,2811283
2020-08-11,35.32197189331055,36.29734802246094,34.95265197753906,35.05681610107422,28.905311584472656,3710573
2020-08-12,35.35984802246094,35.47348403930664,34.50757598876953,34.772727966308594,28.671072006225586,2880134
2020-08-13,34.01515197753906,34.73484802246094,33.92045593261719,34.55492401123047,28.895174026489258,2909280
2020-08-14,34.280303955078125,35.38825988769531,34.1761360168457,35.29356002807617,29.5128231048584,3201158
2020-08-17,35.3125,35.3125,34.592803955078125,34.6875,29.00603485107422,1932797
2020-08-18,34.54545593261719,34.810604095458984,34.2613639831543,34.31818389892578,28.69720458984375,1847789
2020-08-19,34.412879943847656,34.905303955078125,34.185604095458984,34.280303955078125,28.665529251098633,1685693
2020-08-20,33.85416793823242,34.11931610107422,33.58901596069336,33.787879943847656,28.253759384155273,1696042
2020-08-21,33.42802810668945,33.683712005615234,32.96401596069336,33.314395904541016,27.857830047607422,2790374
2020-08-24,33.8636360168457,35.435604095458984,33.816287994384766,35.29356002807617,29.5128231048584,3188803
2020-08-25,35.46401596069336,35.539772033691406,34.27083206176758,34.289772033691406,28.673450469970703,2029210
2020-08-26,34.1761360168457,34.31818389892578,33.873104095458984,34.251895904541016,28.641775131225586,1637011
2020-08-27,34.280303955078125,34.914772033691406,34.2613639831543,34.65909194946289,28.98227882385254,1853069
2020-08-28,34.753787994384766,35.14204406738281,34.63068389892578,34.97159194946289,29.243595123291016,1786541
2020-08-31,34.962120056152344,34.962120056152344,34.22348403930664,34.34659194946289,28.720958709716797,2953421
2020-09-01,34.29924011230469,35.539772033691406,34.024620056152344,35.530303955078125,29.710786819458008,3488074
2020-09-02,35.625,36.808712005615234,35.350379943847656,36.780303955078125,30.756053924560547,5664384
2020-09-03,36.84659194946289,37.44318389892578,35.8238639831543,36.30681610107422,30.36012077331543,4328227
2020-09-04,36.97916793823242,37.26325988769531,36.344696044921875,36.960227966308594,30.90651512145996,4095168
2020-09-08,36.81818389892578,36.969696044921875,35.29356002807617,35.33143997192383,29.544504165649414,4867315
2020-09-09,35.899620056152344,36.647727966308594,35.56818389892578,36.25947189331055,30.32052993774414,3175181
2020-09-10,36.39204406738281,36.6761360168457,35.9375,35.95643997192383,30.06713104248047,2511802
2020-09-11,36.14583206176758,37.064395904541016,35.899620056152344,36.85606002807617,30.81940460205078,2516554
2020-09-14,37.282196044921875,38.80681610107422,37.1875,38.626895904541016,32.300193786621094,5546534
2020-09-15,38.82575988769531,39.54545593261719,38.60795593261719,39.45075988769531,32.98911666870117,4170778
2020-09-16,39.6875,40.13257598876953,39.22348403930664,39.69697189331055,33.19499969482422,3735283
2020-09-17,39.1761360168457,40.814395904541016,38.74052810668945,40.61552810668945,33.963104248046875,4811875
2020-09-18,40.32197189331055,40.79545593261719,39.76325988769531,39.82007598876953,33.297950744628906,4923283
2020-09-21,38.92992401123047,39.289772033691406,38.125,38.8636360168457,32.498165130615234,2991542
2020-09-22,38.70265197753906,39.024620056152344,38.18181610107422,38.61742401123047,32.292274475097656,2086973
2020-09-23,38.57954406738281,38.655303955078125,37.14015197753906,37.1875,31.096555709838867,3216259
2020-09-24,37.29166793823242,37.83143997192383,36.647727966308594,37.13068389892578,31.049039840698242,2070288
2020-09-25,36.70454406738281,39.308712005615234,36.344696044921875,38.977272033691406,32.59318542480469,6448358
2020-09-28,39.308712005615234,39.54545593261719,38.51325988769531,38.98674011230469,32.60110092163086,3563366
2020-09-29,39.07197189331055,39.07197189331055,37.689395904541016,38.14393997192383,31.896343231201172,2965670
2020-09-30,38.210227966308594,38.835227966308594,38.06818389892578,38.39015197753906,32.10222244262695,2622365
2020-10-01,38.626895904541016,38.977272033691406,37.727272033691406,37.83143997192383,31.63502311706543,2873693
2020-10-02,37.225379943847656,38.60795593261719,37.0738639831543,38.33333206176758,32.054710388183594,2966621
2020-10-05,38.873104095458984,39.602272033691406,38.70265197753906,39.23295593261719,32.80698013305664,2545171
2020-10-06,39.29924011230469,39.52651596069336,38.475379943847656,38.51325988769531,32.205169677734375,2824166
2020-10-07,38.91098403930664,39.753787994384766,38.79734802246094,39.592803955078125,33.10789108276367,2967677
2020-10-08,39.592803955078125,40.25568389892578,39.5738639831543,40.23674011230469,33.6463623046875,2185709
2020-10-09,41.24052810668945,41.85606002807617,40.407196044921875,40.407196044921875,33.788902282714844,4915786
2020-10-12,41.60984802246094,42.63257598876953,41.060604095458984,42.11174011230469,35.21426010131836,4775021
2020-10-13,41.74242401123047,42.272727966308594,41.164772033691406,41.6761360168457,34.849998474121094,2878867
2020-10-14,41.92234802246094,42.594696044921875,41.92234802246094,42.29166793823242,35.36471176147461,3071482
2020-10-15,41.751895904541016,43.191287994384766,41.63825988769531,43.13447189331055,36.06947326660156,3968976
2020-10-16,43.90151596069336,44.32765197753906,43.39015197753906,44.07197189331055,36.853416442871094,5185277
2020-10-19,44.289772033691406,44.53598403930664,43.90151596069336,44.21401596069336,36.972206115722656,3404755
2020-10-20,44.70643997192383,44.8011360168457,43.67424011230469,43.939395904541016,36.7425537109375,3004742
2020-10-21,43.835227966308594,44.564395904541016,43.6363639831543,44.01515197753906,36.805908203125,2498918
2020-10-22,43.873104095458984,44.22348403930664,43.60795593261719,44.11931610107422,36.893009185791016,1853174
2020-10-23,44.32765197753906,44.67802810668945,43.8636360168457,43.939395904541016,36.7425537109375,2063424
2020-10-26,43.26704406738281,43.60795593261719,42.537879943847656,42.88825988769531,35.86359405517578,2595542
2020-10-27,42.78409194946289,42.88825988769531,41.9886360168457,42.01704406738281,35.135066986083984,2856374
2020-10-28,41.19318389892578,41.59090805053711,40.435604095458984,40.719696044921875,34.05021286010742,3754186
2020-10-29,40.501895904541016,41.9886360168457,40.227272033691406,41.51515197753906,34.71537780761719,3156067
2020-10-30,41.41098403930664,41.79924011230469,40.899620056152344,41.42992401123047,34.64411544799805,2695968
2020-11-02,42.17802810668945,42.878787994384766,41.71401596069336,42.66098403930664,35.67353820800781,2827440
2020-11-03,43.475379943847656,44.280303955078125,43.13447189331055,44.05302810668945,36.83757781982422,3067891
2020-11-04,43.5511360168457,43.90151596069336,42.36742401123047,42.6988639831543,35.7052116394043,2304614
2020-11-05,43.087120056152344,45.0,42.85984802246094,44.40340805053711,37.13056945800781,2905795
2020-11-06,44.61174011230469,44.86742401123047,43.560604095458984,44.024620056152344,36.813812255859375,2128157
2020-11-09,46.01325988769531,47.66098403930664,44.76325988769531,44.84848403930664,37.502750396728516,3979114
2020-11-10,45.04734802246094,46.27840805053711,44.66856002807617,46.23106002807617,38.658870697021484,3160608
2020-11-11,46.41098403930664,46.66666793823242,45.539772033691406,46.08901596069336,38.54010009765625,3469277
2020-11-12,45.60606002807617,45.77651596069336,43.939395904541016,44.592803955078125,37.28895568847656,2928816
2020-11-13,44.602272033691406,45.52083206176758,44.602272033691406,45.350379943847656,38.34011459350586,2544010
2020-11-16,46.79924011230469,47.57575988769531,46.164772033691406,47.310604095458984,39.99732971191406,4229914
2020-11-17,46.95075988769531,47.84090805053711,46.50568389892578,47.433712005615234,40.101409912109375,5941584
2020-11-18,47.55681610107422,47.9261360168457,46.92234802246094,46.93181610107422,39.677093505859375,3191971
2020-11-19,46.53409194946289,46.751895904541016,45.9375,46.61931610107422,39.412899017333984,3668966
2020-11-20,46.58143997192383,47.11174011230469,46.11742401123047,46.808712005615234,39.57301712036133,3558509
2020-11-23,47.47159194946289,47.84090805053711,47.15909194946289,47.35795593261719,40.03736114501953,2926070
2020-11-24,47.84090805053711,49.23295593261719,47.82197189331055,49.11931610107422,41.526451110839844,3083520
2020-11-25,48.522727966308594,48.816287994384766,47.91666793823242,48.36174011230469,40.8859748840332,2439254
2020-11-27,47.97348403930664,48.49431610107422,47.6136360168457,48.001895904541016,40.581756591796875,971520
2020-11-30,47.84090805053711,47.935604095458984,46.71401596069336,46.85606002807617,39.6130485534668,3618912
2020-12-01,47.566287994384766,47.91666793823242,46.88447189331055,47.20643997192383,39.909271240234375,2678544
2020-12-02,47.04545593261719,47.64204406738281,46.86552810668945,47.21590805053711,39.917259216308594,1809878
2020-12-03,47.13068389892578,47.3011360168457,45.350379943847656,45.68181610107422,38.62032699584961,4795507
2020-12-04,46.17424011230469,46.45833206176758,45.5113639831543,46.27840805053711,39.12468338012695,4276694
2020-12-07,46.316287994384766,46.316287994384766,45.407196044921875,46.08901596069336,38.964576721191406,3312355
2020-12-08,45.814395904541016,46.50568389892578,45.719696044921875,46.48674011230469,39.30080795288086,2243472
2020-12-09,46.40151596069336,47.13068389892578,46.40151596069336,46.912879943847656,39.66108322143555,2794598
2020-12-10,46.41098403930664,46.84659194946289,45.899620056152344,46.060604095458984,38.940555572509766,2236714
2020-12-11,45.80492401123047,46.29734802246094,45.5113639831543,46.0511360168457,38.93254470825195,1956874
2020-12-14,46.71401596069336,46.789772033691406,45.45454406738281,45.46401596069336,38.43617630004883,2647286
2020-12-15,45.92802810668945,46.54356002807617,45.8238639831543,46.54356002807617,39.34885787963867,2531338
2020-12-16,46.789772033691406,47.01704406738281,46.54356002807617,46.69507598876953,39.476951599121094,2354458
2020-12-17,46.82765197753906,47.149620056152344,46.30681610107422,47.11174011230469,39.829200744628906,2093520
2020-12-18,47.11174011230469,47.462120056152344,46.69507598876953,47.32954406738281,40.01333999633789,5824896
2020-12-21,46.524620056152344,46.90340805053711,45.76704406738281,46.85606002807617,39.6130485534668,3656083
2020-12-22,47.102272033691406,47.33901596069336,46.69507598876953,46.780303955078125,39.54900360107422,2287402
2020-12-23,47.092803955078125,47.32007598876953,46.685604095458984,46.92234802246094,39.669090270996094,2462698
2020-12-24,47.102272033691406,47.15909194946289,46.59090805053711,47.121212005615234,39.83720779418945,463690
2020-12-28,47.35795593261719,47.45265197753906,46.69507598876953,46.77083206176758,39.540992736816406,1506278
2020-12-29,46.875,46.969696044921875,46.22159194946289,46.373104095458984,39.20474624633789,1096128
2020-12-30,46.4488639831543,47.149620056152344,46.4488639831543,47.00757598876953,39.74114990234375,1253789
2020-12-31,46.92234802246094,47.15909194946289,46.40151596069336,47.08333206176758,39.80519104003906,1433098
2021-01-04,47.00757598876953,47.32954406738281,45.587120056152344,45.91856002807617,38.820465087890625,2798506
2021-01-05,46.164772033691406,47.594696044921875,46.164772033691406,47.102272033691406,39.82120132446289,2338723
2021-01-06,48.20075988769531,50.558712005615234,47.82197189331055,50.037879943847656,42.30302047729492,3734544
2021-01-07,50.07575988769531,50.26515197753906,49.2613639831543,49.308712005615234,41.68656539916992,2746867
2021-01-08,49.47916793823242,49.63068389892578,47.96401596069336,48.75,41.2142219543457,2143574
2021-01-11,48.20075988769531,49.83901596069336,48.125,49.337120056152344,41.71059036254883,2514336
2021-01-12,49.38447189331055,50.123104095458984,49.04356002807617,49.83901596069336,42.13489532470703,2313485
2021-01-13,48.835227966308594,49.147727966308594,47.64204406738281,48.10606002807617,40.669822692871094,3318480
2021-01-14,48.125,48.26704406738281,47.282196044921875,47.32954406738281,40.01333999633789,2552352
2021-01-15,46.97916793823242,47.84090805053711,46.287879943847656,47.585227966308594,40.22949981689453,3727469
2021-01-19,48.14393997192383,48.503787994384766,47.689395904541016,47.70833206176758,40.33357238769531,3180778
2021-01-20,48.13447189331055,48.39015197753906,47.65151596069336,48.28598403930664,40.821937561035156,3521654
2021-01-21,47.84090805053711,49.412879943847656,47.75568389892578,48.92045593261719,41.358333587646484,3127027
2021-01-22,48.57007598876953,49.19507598876953,47.95454406738281,48.89204406738281,41.33430862426758,1662461
2021-01-25,49.24242401123047,50.16098403930664,47.97348403930664,49.08143997192383,41.49443054199219,3657456
2021-01-26,49.39393997192383,49.92424011230469,48.873104095458984,48.91098403930664,41.350318908691406,2117280
2021-01-27,48.04924011230469,48.77840805053711,47.376895904541016,47.746212005615234,40.365596771240234,3362304
2021-01-28,48.20075988769531,48.51325988769531,47.39583206176758,47.49052810668945,40.14944076538086,3599059
2021-01-29,47.34848403930664,48.26704406738281,46.32575988769531,47.64204406738281,40.277530670166016,6191011
2021-02-01,48.2386360168457,48.45643997192383,46.25,47.149620056152344,39.86122512817383,4935322
2021-02-02,47.594696044921875,48.219696044921875,47.149620056152344,47.66098403930664,40.29354476928711,3390816
2021-02-03,47.44318389892578,48.27651596069336,47.11174011230469,47.935604095458984,40.52570343017578,3527251
2021-02-04,45.539772033691406,46.41098403930664,44.01515197753906,44.27083206176758,37.42744827270508,6725347
2021-02-05,44.498104095458984,44.98106002807617,44.08143997192383,44.53598403930664,37.651611328125,5173661
2021-02-08,44.8863639831543,45.3125,44.498104095458984,45.30302810668945,38.30008316040039,3165254
2021-02-09,45.274620056152344,45.63447189331055,45.15151596069336,45.54924011230469,38.508235931396484,2669568
2021-02-10,45.68181610107422,45.98484802246094,45.15151596069336,45.83333206176758,38.7484130859375,2567875
2021-02-11,45.975379943847656,45.975379943847656,45.02840805053711,45.61552810668945,38.564273834228516,2996717
2021-02-12,45.5113639831543,46.9886360168457,45.45454406738281,46.57197189331055,39.37287139892578,3754819
2021-02-16,46.79924011230469,46.93181610107422,46.08901596069336,46.58143997192383,39.380882263183594,3701914
2021-02-17,45.90909194946289,46.344696044921875,45.56818389892578,45.92802810668945,39.237674713134766,2444429
2021-02-18,45.625,46.09848403930664,45.246212005615234,45.30302810668945,38.7037239074707,2372515
2021-02-19,45.4261360168457,46.524620056152344,45.29356002807617,46.35416793823242,39.601741790771484,3015091
2021-02-22,46.335227966308594,47.064395904541016,45.92802810668945,46.780303955078125,39.96580123901367,3406867
2021-02-23,46.86552810668945,47.76515197753906,46.42992401123047,47.50947189331055,40.5887565612793,3605395
2021-02-24,47.566287994384766,48.36174011230469,47.34848403930664,48.10606002807617,41.09843826293945,2589206
2021-02-25,48.13447189331055,48.75,47.376895904541016,47.73674011230469,40.78291702270508,2219395
2021-02-26,47.42424011230469,47.79356002807617,46.647727966308594,47.01704406738281,40.16805648803711,3441610
2021-03-01,47.63257598876953,49.16666793823242,47.5,49.01515197753906,41.87510299682617,4572058
2021-03-02,49.185604095458984,49.85795593261719,48.8636360168457,49.498104095458984,42.28770065307617,4499405
2021-03-03,49.71590805053711,50.89015197753906,49.441287994384766,50.397727966308594,43.056278228759766,4154410
2021-03-04,50.26515197753906,50.98484802246094,48.54166793823242,49.289772033691406,42.10972213745117,3336115
2021-03-05,49.86742401123047,51.4488639831543,49.50757598876953,51.27840805053711,43.80866622924805,3329462
2021-03-08,51.09848403930664,53.95833206176758,51.09848403930664,52.746212005615234,45.062660217285156,5726054
2021-03-09,52.02651596069336,52.935604095458984,51.685604095458984,51.88447189331055,44.32645034790039,3557981
2021-03-10,51.63825988769531,52.376895904541016,50.94697189331055,51.72348403930664,44.18891143798828,4390109
2021-03-11,51.751895904541016,51.95075988769531,50.79545593261719,51.0511360168457,43.61450958251953,4507219
2021-03-12,51.1363639831543,51.48674011230469,50.9375,51.155303955078125,43.70349884033203,3725040
2021-03-15,51.14583206176758,51.25,49.914772033691406,50.61552810668945,43.24235153198242,3831274
2021-03-16,50.435604095458984,50.52083206176758,49.441287994384766,50.23674011230469,42.91873550415039,2740003
2021-03-17,50.13257598876953,51.4488639831543,50.085227966308594,51.287879943847656,43.8167610168457,2696074
2021-03-18,51.73295593261719,52.149620056152344,50.871212005615234,51.060604095458984,43.622589111328125,2296694
2021-03-19,50.91856002807617,51.57197189331055,50.407196044921875,50.7386360168457,43.34752655029297,10774368
2021-03-22,50.15151596069336,50.15151596069336,48.98674011230469,49.83901596069336,42.57895278930664,4461706
2021-03-23,49.53598403930664,49.97159194946289,48.51325988769531,48.80681610107422,41.69710922241211,2807482
2021-03-24,49.16666793823242,50.54924011230469,49.16666793823242,49.43181610107422,42.23107147216797,3223546
2021-03-25,49.69697189331055,51.61931610107422,49.5738639831543,51.45833206176758,43.962379455566406,2992282
2021-03-26,51.9886360168457,52.24431610107422,51.25,52.1875,44.5853385925293,2362589
2021-03-29,52.08333206176758,52.55681610107422,51.344696044921875,51.63825988769531,44.1161003112793,2260896
2021-03-30,51.5625,52.13068389892578,51.23106002807617,52.08333206176758,44.496334075927734,2679283
2021-03-31,51.912879943847656,52.34848403930664,51.17424011230469,51.20265197753906,43.74394607543945,3483005
2021-04-01,51.14583206176758,51.42045593261719,50.501895904541016,51.41098403930664,43.921932220458984,2688470
2021-04-05,52.03598403930664,52.15909194946289,51.42992401123047,51.79924011230469,44.253631591796875,2902944
2021-04-06,51.54356002807617,52.433712005615234,51.54356002807617,52.272727966308594,44.65814208984375,2568931
2021-04-07,52.63257598876953,52.80302810668945,51.85606002807617,52.02651596069336,44.44779968261719,2276419
2021-04-08,51.29734802246094,51.941287994384766,51.08901596069336,51.72348403930664,44.18891143798828,2017382
2021-04-09,52.16856002807617,52.3863639831543,51.42045593261719,52.02651596069336,44.44779968261719,1700582
2021-04-12,52.13068389892578,53.02083206176758,52.13068389892578,52.97348403930664,45.25682067871094,2841907
2021-04-13,52.65151596069336,52.82197189331055,51.74242401123047,52.34848403930664,44.722862243652344,1925405
2021-04-14,52.14015197753906,52.84090805053711,52.08333206176758,52.6988639831543,45.02220153808594,2567347
2021-04-15,53.030303955078125,53.977272033691406,52.6988639831543,53.664772033691406,45.847408294677734,3077606
2021-04-16,54.09090805053711,54.52651596069336,53.77840805053711,54.32765197753906,46.413726806640625,3084365
2021-04-19,54.53598403930664,54.61174011230469,53.64583206176758,54.147727966308594,46.26001739501953,1901645
2021-04-20,54.100379943847656,54.31818389892578,52.8125,53.41856002807617,45.63706588745117,2012419
2021-04-21,53.30492401123047,54.09090805053711,53.30492401123047,53.89204406738281,46.04157257080078,1368787
2021-04-22,53.98674011230469,54.01515197753906,52.91666793823242,52.91666793823242,45.208274841308594,2825856
2021-04-23,53.15340805053711,53.82575988769531,52.96401596069336,53.76893997192383,45.936405181884766,3014352
2021-04-26,53.939395904541016,54.47916793823242,53.57954406738281,53.90151596069336,46.0496711730957,1883270
2021-04-27,53.2386360168457,54.35606002807617,53.09659194946289,54.0625,46.187191009521484,2619302
2021-04-28,54.308712005615234,55.05681610107422,54.09090805053711,54.602272033691406,46.648338317871094,4489690
2021-04-29,55.17045593261719,55.8238639831543,54.13825988769531,55.01893997192383,47.00431442260742,2841168
2021-04-30,54.70643997192383,55.4261360168457,54.53598403930664,54.92424011230469,46.92340850830078,2779709
2021-05-03,55.3125,56.29734802246094,55.20833206176758,55.814395904541016,47.68389892578125,2210419
2021-05-04,55.9375,57.20643997192383,55.871212005615234,57.17802810668945,48.8488883972168,2654467
2021-05-05,56.9886360168457,57.907196044921875,56.9886360168457,57.5,49.12395477294922,2445696
2021-05-06,57.83143997192383,58.51325988769531,57.24431610107422,58.46590805053711,49.94916534423828,2104608
2021-05-07,57.935604095458984,58.51325988769531,57.63257598876953,58.371212005615234,49.868263244628906,1326230
2021-05-10,58.90151596069336,59.53598403930664,58.522727966308594,58.787879943847656,50.22423553466797,2159309
2021-05-11,58.72159194946289,59.441287994384766,58.371212005615234,59.35606002807617,50.70964431762695,2974646
2021-05-12,59.47916793823242,59.51704406738281,57.49052810668945,57.70833206176758,49.301944732666016,3316896
2021-05-13,57.462120056152344,59.70643997192383,57.34848403930664,59.20454406738281,50.5802001953125,3104851
2021-05-14,59.21401596069336,59.772727966308594,59.09090805053711,59.32765197753906,50.68537902832031,1579565
2021-05-17,59.20454406738281,61.19318389892578,59.20454406738281,60.70075988769531,51.858455657958984,5518128
2021-05-18,60.587120056152344,60.64393997192383,59.83901596069336,60.05681610107422,51.308326721191406,4054829
2021-05-19,59.64015197753906,60.02840805053711,58.77840805053711,59.5738639831543,50.895729064941406,2710752
2021-05-20,59.54545593261719,59.71590805053711,58.46590805053711,59.53598403930664,50.86335754394531,2633981
2021-05-21,59.772727966308594,60.34090805053711,59.39393997192383,60.16098403930664,51.397315979003906,2577802
2021-05-24,60.7386360168457,61.164772033691406,60.48295593261719,60.98484802246094,52.101165771484375,3661680
2021-05-25,60.96590805053711,61.4488639831543,60.20833206176758,60.20833206176758,51.437767028808594,4011850
2021-05-26,59.82954406738281,60.30302810668945,59.13825988769531,59.99052810668945,51.66858673095703,3335270
2021-05-27,60.13257598876953,61.10795593261719,59.95265197753906,60.407196044921875,52.0274543762207,7778813
2021-05-28,60.13257598876953,60.36931610107422,59.32765197753906,59.753787994384766,51.46468734741211,2824378
2021-06-01,60.75757598876953,60.88068389892578,59.85795593261719,60.44507598876953,52.06007766723633,2242944
2021-06-02,60.59659194946289,60.59659194946289,59.71590805053711,59.876895904541016,51.57071304321289,2061418
2021-06-03,59.85795593261719,61.032196044921875,59.649620056152344,60.78598403930664,52.353694915771484,2617930
2021-06-04,61.22159194946289,61.808712005615234,60.88068389892578,61.22159194946289,52.72887420654297,2493110
2021-06-07,61.4488639831543,61.54356002807617,60.16098403930664,60.350379943847656,51.978515625,3084893
2021-06-08,60.227272033691406,60.96590805053711,59.85795593261719,60.748104095458984,52.321067810058594,1865530
2021-06-09,60.587120056152344,60.83333206176758,59.876895904541016,59.92424011230469,51.61149215698242,2100912
2021-06-10,60.4261360168457,60.60606002807617,59.441287994384766,59.498104095458984,51.244468688964844,1725715
2021-06-11,60.25568389892578,60.407196044921875,59.54545593261719,60.274620056152344,51.91326141357422,2496173
2021-06-14,60.378787994384766,60.558712005615234,58.77840805053711,58.996212005615234,50.81220245361328,2982250
2021-06-15,59.01515197753906,60.350379943847656,58.787879943847656,59.83901596069336,51.538089752197266,2953421
2021-06-16,59.67802810668945,59.810604095458984,58.560604095458984,58.92992401123047,50.75510787963867,1805021
2021-06-17,58.92992401123047,58.98674011230469,56.25947189331055,57.03598403930664,49.12389373779297,3618490
2021-06-18,56.164772033691406,56.628787994384766,55.899620056152344,56.08901596069336,48.30828857421875,5683286
2021-06-21,56.6761360168457,58.06818389892578,56.58143997192383,57.80302810668945,49.78453826904297,2294688
2021-06-22,57.935604095458984,58.248104095458984,57.44318389892578,57.82197189331055,49.80085754394531,1735536
2021-06-23,57.8125,58.058712005615234,57.3863639831543,57.566287994384766,49.58063888549805,1551370
2021-06-24,57.907196044921875,57.935604095458984,57.149620056152344,57.55681610107422,49.572479248046875,1665312
2021-06-25,57.67992401123047,58.248104095458984,57.376895904541016,57.462120056152344,49.49092102050781,2469456
2021-06-28,57.850379943847656,58.030303955078125,57.1875,57.49052810668945,49.515384674072266,2498496
2021-06-29,57.878787994384766,58.4375,57.19697189331055,57.47159194946289,49.49907302856445,1405958
2021-06-30,57.32007598876953,58.162879943847656,57.253787994384766,58.058712005615234,50.00475311279297,1900800
2021-07-01,58.4375,58.712120056152344,57.83143997192383,58.219696044921875,50.143402099609375,2169869
2021-07-02,58.2386360168457,58.2386360168457,57.5,58.06818389892578,50.01290512084961,1854019
2021-07-06,57.97348403930664,58.18181610107422,56.60984802246094,57.17802810668945,49.246238708496094,2411165
2021-07-07,56.81818389892578,58.40909194946289,56.77083206176758,58.162879943847656,50.09446334838867,2784883
2021-07-08,57.55681610107422,58.655303955078125,57.16856002807617,58.07765197753906,50.021060943603516,2385610
2021-07-09,58.873104095458984,59.375,58.73106002807617,58.939395904541016,50.76325607299805,1855075
2021-07-12,58.48484802246094,59.16666793823242,57.897727966308594,58.92992401123047,50.75510787963867,2276525
2021-07-13,58.90151596069336,59.05302810668945,57.95454406738281,58.18181610107422,50.11077880859375,1459392
2021-07-14,58.17234802246094,58.74052810668945,58.06818389892578,58.191287994384766,50.118934631347656,1918541
2021-07-15,57.65151596069336,58.02083206176758,56.467803955078125,56.71401596069336,48.846588134765625,4088093
2021-07-16,56.960227966308594,57.16856002807617,55.90909194946289,55.99431610107422,48.22673034667969,2806954
2021-07-19,55.217803955078125,55.378787994384766,54.09090805053711,54.70643997192383,47.11751174926758,3024384
2021-07-20,54.82954406738281,56.01325988769531,54.70643997192383,55.16098403930664,47.50899887084961,2782877
2021-07-21,55.691287994384766,55.871212005615234,55.32197189331055,55.36931610107422,47.68842697143555,2445274
2021-07-22,55.44507598876953,55.56818389892578,54.602272033691406,54.79166793823242,47.190914154052734,1498464
2021-07-23,54.97159194946289,55.14204406738281,54.4886360168457,55.0,47.37033462524414,1627613
2021-07-26,55.01893997192383,55.56818389892578,54.86742401123047,55.34090805053711,47.663963317871094,2642429
2021-07-27,55.350379943847656,56.07007598876953,54.469696044921875,55.625,47.90864181518555,1978416
2021-07-28,55.5113639831543,55.95643997192383,55.037879943847656,55.397727966308594,47.71289825439453,2560378
2021-07-29,55.15151596069336,55.397727966308594,53.74052810668945,54.962120056152344,47.33771896362305,3546259
2021-07-30,54.772727966308594,55.33143997192383,54.128787994384766,54.69697189331055,47.10935592651367,3658195
2021-08-02,54.8863639831543,55.98484802246094,54.34659194946289,54.460227966308594,46.90544891357422,2282544
2021-08-03,54.67802810668945,55.8238639831543,54.16666793823242,55.59659194946289,47.884178161621094,2199965
2021-08-04,55.32197189331055,55.407196044921875,54.592803955078125,54.65909194946289,47.07673263549805,1658659
2021-08-05,54.99052810668945,55.36931610107422,54.22348403930664,54.375,46.83204650878906,2107142
2021-08-06,54.649620056152344,55.16098403930664,54.50757598876953,54.82007598876953,47.21537780761719,1826880
2021-08-09,54.82007598876953,55.92802810668945,54.64015197753906,55.52083206176758,47.818931579589844,4702368
2021-08-10,55.56818389892578,57.02651596069336,55.530303955078125,56.45833206176758,48.626373291015625,2981827
2021-08-11,56.751895904541016,57.13068389892578,56.45833206176758,56.875,48.98524475097656,2474208
2021-08-12,56.85606002807617,56.998104095458984,56.09848403930664,56.74242401123047,48.87105941772461,2172509
2021-08-13,56.41098403930664,56.524620056152344,55.86174011230469,56.07954406738281,48.71722412109375,1776826
2021-08-16,55.814395904541016,56.467803955078125,55.07575988769531,56.32575988769531,48.93111038208008,2386982
2021-08-17,56.17424011230469,56.183712005615234,55.1988639831543,55.814395904541016,48.48688888549805,2072928
2021-08-18,55.49242401123047,56.524620056152344,55.34090805053711,55.44507598876953,48.16604995727539,1774925
2021-08-19,54.95265197753906,55.539772033691406,54.592803955078125,55.07575988769531,47.845218658447266,1627296
2021-08-20,54.962120056152344,55.975379943847656,54.79166793823242,55.64393997192383,48.33881378173828,1528560
2021-08-23,55.92802810668945,55.92802810668945,55.07575988769531,55.35984802246094,48.09201431274414,2122560
2021-08-24,55.530303955078125,56.01325988769531,55.407196044921875,55.78598403930664,48.46220397949219,1155053
2021-08-25,55.625,56.647727966308594,55.45454406738281,56.316287994384766,48.922889709472656,1464672
2021-08-26,56.335227966308594,56.335227966308594,55.79545593261719,55.9375,48.59382629394531,1345027
2021-08-27,56.164772033691406,57.13068389892578,56.164772033691406,56.941287994384766,49.465843200683594,1722442
2021-08-30,57.11174011230469,57.13068389892578,56.1363639831543,56.22159194946289,48.84062576293945,1998797
2021-08-31,56.17424011230469,57.0738639831543,56.14583206176758,56.90340805053711,49.43292236328125,2829235
2021-09-01,56.998104095458984,57.03598403930664,56.183712005615234,56.66666793823242,49.22726821899414,1455802
2021-09-02,56.88447189331055,57.13068389892578,56.70454406738281,57.102272033691406,49.605682373046875,1435526
2021-09-03,57.092803955078125,57.1875,56.51515197753906,56.74242401123047,49.2930793762207,1750003
2021-09-07,56.316287994384766,56.467803955078125,55.397727966308594,55.587120056152344,48.2894401550293,3319853
2021-09-08,55.28409194946289,55.710227966308594,55.123104095458984,55.36931610107422,48.1002311706543,2193946
2021-09-09,55.25568389892578,55.95643997192383,55.17992401123047,55.47348403930664,48.19072723388672,1591603
2021-09-10,55.77651596069336,56.23106002807617,55.246212005615234,55.25568389892578,48.001522064208984,1733952
2021-09-13,55.65340805053711,55.99431610107422,55.246212005615234,55.49242401123047,48.207183837890625,2163850
2021-09-14,55.558712005615234,55.64393997192383,54.592803955078125,54.6875,47.507930755615234,2136394
2021-09-15,54.602272033691406,55.05681610107422,54.460227966308594,54.86742401123047,47.664241790771484,2419085
2021-09-16,55.085227966308594,55.246212005615234,54.772727966308594,54.79166793823242,47.598426818847656,2174621
2021-09-17,54.621212005615234,54.8011360168457,53.33333206176758,53.59848403930664,46.561885833740234,4828349
2021-09-20,52.566287994384766,52.98295593261719,51.89393997192383,52.91666793823242,45.969581604003906,2815613
2021-09-21,53.162879943847656,53.219696044921875,52.13068389892578,52.29166793823242,45.426631927490234,1886650
2021-09-22,52.78409194946289,53.60795593261719,52.70833206176758,53.15340805053711,46.17523956298828,2290464
2021-09-23,53.58901596069336,54.602272033691406,53.46590805053711,54.07197189331055,46.97321319580078,1830576
2021-09-24,54.07197189331055,54.64015197753906,53.79734802246094,53.9488639831543,46.866268157958984,1833427
2021-09-27,53.787879943847656,54.67802810668945,53.787879943847656,54.289772033691406,47.16241455078125,1877885
2021-09-28,54.58333206176758,54.79166793823242,53.92992401123047,53.996212005615234,46.90740203857422,1752960
2021-09-29,53.996212005615234,54.47916793823242,53.70265197753906,54.128787994384766,47.02256774902344,1973875
2021-09-30,54.412879943847656,54.441287994384766,52.897727966308594,52.95454406738281,46.00248718261719,3046771
2021-10-01,53.29999923706055,53.68000030517578,52.439998626708984,53.2599983215332,46.26784133911133,2733000
2021-10-04,53.0099983215332,54.11000061035156,53.0099983215332,53.83000183105469,46.76301193237305,3177300
2021-10-05,53.88999938964844,54.68000030517578,53.41999816894531,54.34000015258789,47.206050872802734,2075500
2021-10-06,54.0099983215332,54.41999816894531,53.099998474121094,54.029998779296875,46.93674850463867,1889900
2021-10-07,54.470001220703125,54.81999969482422,54.189998626708984,54.2599983215332,47.13655090332031,1505300
2021-10-08,54.04999923706055,54.689998626708984,54.04999923706055,54.38999938964844,47.24948501586914,2437500
2021-10-11,54.75,56.150001525878906,54.70000076293945,55.75,48.43094253540039,2307300
2021-10-12,55.4900016784668,56.43000030517578,55.15999984741211,55.7400016784668,48.42226028442383,1938400
2021-10-13,55.43000030517578,56.56999969482422,54.060001373291016,55.279998779296875,48.02264404296875,3041100
2021-10-14,55.689998626708984,56.0,54.91999816894531,55.810001373291016,48.48306655883789,2271700
2021-10-15,55.2400016784668,55.349998474121094,52.58000183105469,53.279998779296875,46.28520965576172,7205900
2021-10-18,52.97999954223633,53.36000061035156,52.70000076293945,52.869998931884766,45.92903518676758,3698100
2021-10-19,52.209999084472656,52.5,51.72999954223633,52.060001373291016,45.22537612915039,3824700
2021-10-20,52.0099983215332,53.83000183105469,52.0099983215332,53.529998779296875,46.50238800048828,2790400
2021-10-21,53.47999954223633,53.790000915527344,52.7400016784668,53.15999984741211,46.18096923828125,1679500
2021-10-22,53.45000076293945,53.959999084472656,52.959999084472656,53.029998779296875,46.06802749633789,2279700
2021-10-25,53.130001068115234,53.5099983215332,52.75,52.97999954223633,46.02459716796875,1787300
2021-10-26,53.119998931884766,53.439998626708984,52.47999954223633,53.040000915527344,46.07672119140625,2906500
2021-10-27,51.91999816894531,52.33000183105469,49.779998779296875,50.18000030517578,43.59218978881836,5247200
2021-10-28,50.08000183105469,50.529998779296875,49.54999923706055,49.689998626708984,43.16651916503906,3790900
2021-10-29,49.720001220703125,50.650001525878906,49.5099983215332,49.66999816894531,43.149147033691406,3188000
2021-11-01,48.86000061035156,49.70000076293945,48.52000045776367,49.099998474121094,42.65397262573242,4283800
2021-11-02,49.22999954223633,49.849998474121094,48.84000015258789,48.95000076293945,42.5236701965332,3939100
2021-11-03,48.72999954223633,50.029998779296875,48.72999954223633,49.90999984741211,43.35763931274414,3235300
2021-11-04,49.779998779296875,50.20000076293945,48.529998779296875,48.75,42.34992599487305,2900100
2021-11-05,48.97999954223633,49.72999954223633,48.81999969482422,48.869998931884766,42.45417404174805,2259500
2021-11-08,49.13999938964844,49.599998474121094,48.84000015258789,49.34000015258789,42.86246871948242,3276000
2021-11-09,49.18000030517578,49.560001373291016,48.900001525878906,49.279998779296875,42.810340881347656,2577100
2021-11-10,49.459999084472656,50.099998474121094,49.25,49.70000076293945,43.17520523071289,3359800
2021-11-11,49.86000061035156,50.279998779296875,49.45000076293945,50.150001525878906,43.56613540649414,2107200
2021-11-12,49.7599983215332,50.15999984741211,49.16999816894531,49.279998779296875,43.20926284790039,2452300
2021-11-15,49.400001525878906,49.47999954223633,49.04999923706055,49.45000076293945,43.35832595825195,2518700
2021-11-16,49.40999984741211,49.84000015258789,49.25,49.27000045776367,43.20049285888672,2047300
2021-11-17,49.150001525878906,49.349998474121094,48.77000045776367,48.93000030517578,42.90238571166992,2326400
2021-11-18,48.900001525878906,49.38999938964844,48.31999969482422,48.56999969482422,42.586727142333984,2186800
2021-11-19,48.08000183105469,48.27000045776367,47.2599983215332,47.58000183105469,41.71868896484375,2919200
2021-11-22,47.619998931884766,48.7599983215332,46.90999984741211,48.439998626708984,42.472747802734375,3318200
2021-11-23,48.56999969482422,48.599998474121094,48.0099983215332,48.310001373291016,42.35875701904297,1924300
2021-11-24,48.369998931884766,48.369998931884766,47.459999084472656,47.54999923706055,41.6923828125,1892900
2021-11-26,46.439998626708984,47.79999923706055,46.18000030517578,47.529998779296875,41.67485046386719,2330700
2021-11-29,48.15999984741211,48.15999984741211,47.189998626708984,47.220001220703125,41.40303039550781,2721400
2021-11-30,46.810001373291016,46.900001525878906,45.279998779296875,45.52000045776367,39.91246032714844,6170700
2021-12-01,46.119998931884766,46.68000030517578,45.130001068115234,45.130001068115234,39.570499420166016,3947400
2021-12-02,45.40999984741211,46.209999084472656,45.06999969482422,45.880001068115234,40.22810745239258,4267600
2021-12-03,45.77000045776367,47.0099983215332,45.77000045776367,46.45000076293945,40.72789764404297,3939300
2021-12-06,46.86000061035156,47.4900016784668,46.86000061035156,47.04999923706055,41.25398254394531,4119900
2021-12-07,47.18000030517578,47.31999969482422,46.2599983215332,46.650001525878906,40.903255462646484,4326400
2021-12-08,46.7599983215332,47.209999084472656,46.209999084472656,46.400001525878906,40.68405532836914,11208600
2021-12-09,46.220001220703125,46.65999984741211,45.790000915527344,46.16999816894531,40.48237609863281,4403300
2021-12-10,46.5,46.5,45.75,45.88999938964844,40.23687744140625,4555100
2021-12-13,45.869998931884766,46.119998931884766,45.27000045776367,45.84000015258789,40.19303512573242,4100500
2021-12-14,45.900001525878906,46.27000045776367,45.400001525878906,45.540000915527344,39.92999267578125,6463200
2021-12-15,45.599998474121094,46.290000915527344,44.880001068115234,46.20000076293945,40.508689880371094,5467800
2021-12-16,46.41999816894531,47.13999938964844,46.31999969482422,47.0099983215332,41.218910217285156,5386500
2021-12-17,47.060001373291016,47.20000076293945,45.75,45.84000015258789,40.19303512573242,7606000
2021-12-20,45.220001220703125,45.45000076293945,43.869998931884766,44.56999969482422,39.07948684692383,5221000
2021-12-21,45.0,45.689998626708984,45.0,45.31999969482422,39.737091064453125,3963300
2021-12-22,45.33000183105469,45.63999938964844,44.90999984741211,45.27000045776367,39.69325256347656,3231700
2021-12-23,45.56999969482422,46.029998779296875,45.5099983215332,45.84000015258789,40.19303512573242,2403500
2021-12-27,45.79999923706055,46.38999938964844,45.75,46.33000183105469,40.622676849365234,1754000
2021-12-28,46.29999923706055,46.79999923706055,46.29999923706055,46.66999816894531,40.92079162597656,2112400
2021-12-29,46.5099983215332,46.97999954223633,46.5099983215332,46.720001220703125,40.96463394165039,1786900
2021-12-30,46.84000015258789,47.189998626708984,46.619998931884766,46.68000030517578,40.92955780029297,1669900
2021-12-31,46.560001373291016,47.16999816894531,46.560001373291016,46.97999954223633,41.192604064941406,1790300
2022-01-03,47.349998474121094,47.54999923706055,46.650001525878906,46.790000915527344,41.02600860595703,2808400
2022-01-04,47.02000045776367,49.040000915527344,47.0,48.470001220703125,42.49905014038086,4110600
2022-01-05,48.43000030517578,49.380001068115234,48.400001525878906,48.689998626708984,42.69194793701172,4216100
2022-01-06,49.189998626708984,49.27000045776367,48.06999969482422,48.34000015258789,42.38506317138672,2773900
2022-01-07,48.33000183105469,49.25,48.279998779296875,48.869998931884766,42.84977722167969,2796000
2022-01-10,49.099998474121094,49.43000030517578,48.0099983215332,48.56999969482422,42.586727142333984,3304400
2022-01-11,48.77000045776367,48.90999984741211,48.04999923706055,48.52000045776367,42.54289627075195,1955100
2022-01-12,48.54999923706055,48.84000015258789,48.22999954223633,48.4900016784668,42.5165901184082,2329500
2022-01-13,48.689998626708984,49.7400016784668,48.599998474121094,49.29999923706055,43.226802825927734,2639900
2022-01-14,48.88999938964844,49.58000183105469,48.61000061035156,49.5,43.40216064453125,2951100
2022-01-18,49.15999984741211,49.40999984741211,48.31999969482422,49.310001373291016,43.235572814941406,2866900
2022-01-19,49.52000045776367,49.65999984741211,48.84000015258789,49.349998474121094,43.27063751220703,2647600
2022-01-20,48.13999938964844,49.189998626708984,47.650001525878906,48.16999816894531,42.236000061035156,3592800
2022-01-21,48.2400016784668,48.36000061035156,47.09000015258789,47.290000915527344,41.46441650390625,4181300
2022-01-24,46.470001220703125,48.349998474121094,46.34000015258789,48.22999954223633,42.288612365722656,5386600
2022-01-25,47.470001220703125,48.33000183105469,46.869998931884766,47.7400016784668,41.85897445678711,3680300
2022-01-26,47.7400016784668,48.47999954223633,46.869998931884766,47.310001373291016,41.48195266723633,3673900
2022-01-27,47.45000076293945,48.45000076293945,45.93000030517578,46.38999938964844,40.67528533935547,5154600
2022-01-28,45.43000030517578,47.2400016784668,45.15999984741211,47.18000030517578,41.367958068847656,5011300
2022-01-31,46.959999084472656,48.52000045776367,46.65999984741211,48.25,42.30615234375,6843600
2022-02-01,48.04999923706055,48.59000015258789,47.959999084472656,48.04999923706055,42.13078689575195,3273900
2022-02-02,47.97999954223633,48.20000076293945,47.5099983215332,47.709999084472656,41.832672119140625,2993600
2022-02-03,47.869998931884766,48.279998779296875,47.2599983215332,47.560001373291016,41.70115280151367,2886400
2022-02-04,47.470001220703125,47.97999954223633,46.709999084472656,46.790000915527344,41.02600860595703,3013100
2022-02-07,47.060001373291016,47.290000915527344,46.61000061035156,46.65999984741211,40.912017822265625,2989400
2022-02-08,47.099998474121094,47.459999084472656,46.58000183105469,47.13999938964844,41.3328857421875,2708700
2022-02-09,47.369998931884766,47.560001373291016,47.0099983215332,47.15999984741211,41.35042953491211,2125600
2022-02-10,47.040000915527344,47.47999954223633,46.470001220703125,46.61000061035156,40.86817932128906,2720300
2022-02-11,46.33000183105469,47.189998626708984,46.33000183105469,46.560001373291016,40.8243408203125,2852700
2022-02-14,46.66999816894531,46.84000015258789,45.68000030517578,46.22999954223633,40.53499221801758,3315600
2022-02-15,46.650001525878906,46.9900016784668,46.25,46.72999954223633,40.97339630126953,2769500
2022-02-16,46.560001373291016,47.290000915527344,46.08000183105469,46.56999969482422,40.83311462402344,2516100
2022-02-17,45.91999816894531,46.29999923706055,45.79999923706055,46.119998931884766,40.8446159362793,2764500
2022-02-18,46.20000076293945,47.09000015258789,46.11000061035156,46.7400016784668,41.393699645996094,3629600
2022-02-22,46.880001068115234,47.369998931884766,46.650001525878906,46.90999984741211,41.54425811767578,3862500
2022-02-23,47.04999923706055,47.04999923706055,45.040000915527344,45.11000061035156,39.95014953613281,4138000
2022-02-24,44.25,44.56999969482422,42.95000076293945,44.189998626708984,39.135379791259766,5724800
2022-02-25,44.27000045776367,45.88999938964844,44.27000045776367,45.41999816894531,40.22468566894531,3919600
2022-02-28,44.5099983215332,44.650001525878906,42.97999954223633,43.529998779296875,38.55086898803711,7338800
2022-03-01,43.099998474121094,43.349998474121094,40.849998474121094,41.27000045776367,36.54938507080078,7282900
2022-03-02,41.63999938964844,42.2400016784668,41.16999816894531,42.0099983215332,37.204734802246094,6100700
2022-03-03,42.33000183105469,42.93000030517578,42.0,42.22999954223633,37.39957809448242,4532300
2022-03-04,41.56999969482422,42.27000045776367,41.349998474121094,42.209999084472656,37.38186264038086,4062400
2022-03-07,42.13999938964844,42.209999084472656,40.95000076293945,40.97999954223633,36.29255294799805,4447200
2022-03-08,41.34000015258789,42.33000183105469,40.45000076293945,41.61000061035156,36.85049057006836,4859200
2022-03-09,42.65999984741211,42.81999969482422,42.09000015258789,42.16999816894531,37.346431732177734,3971800
2022-03-10,41.61000061035156,42.4900016784668,41.36000061035156,42.040000915527344,37.23130798339844,3090300
2022-03-11,42.369998931884766,42.900001525878906,42.130001068115234,42.43000030517578,37.57670211791992,2747100
2022-03-14,42.90999984741211,43.09000015258789,42.380001068115234,42.540000915527344,37.67411422729492,3529900
2022-03-15,42.779998779296875,43.41999816894531,42.41999816894531,43.189998626708984,38.249759674072266,3206500
2022-03-16,43.529998779296875,44.72999954223633,43.41999816894531,44.15999984741211,39.10881423950195,4003400
2022-03-17,43.79999923706055,44.970001220703125,43.79999923706055,44.970001220703125,39.82616424560547,3199400
2022-03-18,44.880001068115234,45.310001373291016,44.349998474121094,45.0099983215332,39.86157989501953,9498000
2022-03-21,44.970001220703125,45.349998474121094,44.33000183105469,44.7599983215332,39.64017868041992,3040200
2022-03-22,45.5,45.9900016784668,44.66999816894531,45.09000015258789,39.93243408203125,4265000
2022-03-23,44.81999969482422,45.04999923706055,44.61000061035156,44.630001068115234,39.525054931640625,2462100
2022-03-24,44.869998931884766,45.439998626708984,44.709999084472656,45.2400016784668,40.06528091430664,2313000
2022-03-25,45.349998474121094,46.34000015258789,45.31999969482422,46.31999969482422,41.02174377441406,2274400
2022-03-28,46.29999923706055,46.29999923706055,45.33000183105469,46.119998931884766,40.8446159362793,2255800
2022-03-29,46.650001525878906,46.849998474121094,46.2599983215332,46.689998626708984,41.34941864013672,2190100
2022-03-30,46.560001373291016,46.86000061035156,46.279998779296875,46.38999938964844,41.083740234375,2091100
2022-03-31,46.18000030517578,46.790000915527344,46.06999969482422,46.150001525878906,40.871192932128906,2805100
2022-04-01,46.459999084472656,46.52000045776367,45.290000915527344,46.29999923706055,41.0040283203125,2401200
2022-04-04,46.150001525878906,46.279998779296875,45.380001068115234,45.900001525878906,40.64978790283203,2278200
2022-04-05,45.689998626708984,46.34000015258789,45.61000061035156,45.779998779296875,40.54350662231445,2470900
2022-04-06,45.56999969482422,45.83000183105469,45.29999923706055,45.689998626708984,40.46380615234375,2147900
2022-04-07,45.56999969482422,45.68000030517578,44.75,45.380001068115234,40.18927001953125,2024200
2022-04-08,46.02000045776367,46.7599983215332,45.95000076293945,46.70000076293945,41.3582763671875,2679500
2022-04-11,47.02000045776367,48.099998474121094,46.619998931884766,46.66999816894531,41.33171463012695,2657800
2022-04-12,46.470001220703125,47.119998931884766,46.380001068115234,46.63999938964844,41.30514144897461,2119800
2022-04-13,46.2599983215332,47.22999954223633,46.2599983215332,47.04999923706055,41.668243408203125,1667400
2022-04-14,47.099998474121094,47.66999816894531,47.099998474121094,47.43000030517578,42.00477981567383,1644400
2022-04-18,47.43000030517578,47.970001220703125,47.15999984741211,47.459999084472656,42.03134536743164,1445600
2022-04-19,47.7599983215332,48.65999984741211,47.5,48.650001525878906,43.085235595703125,1753900
2022-04-20,48.86000061035156,49.650001525878906,48.77000045776367,49.40999984741211,43.75830078125,2432800
2022-04-21,49.689998626708984,50.22999954223633,49.4900016784668,49.689998626708984,44.00626754760742,2532300
2022-04-22,49.33000183105469,49.38999938964844,47.689998626708984,47.720001220703125,42.2616081237793,2328100
2022-04-25,47.2400016784668,47.68000030517578,46.290000915527344,47.4900016784668,42.05791473388672,2418800
2022-04-26,47.33000183105469,47.880001068115234,47.02000045776367,47.02000045776367,41.64167404174805,3189300
2022-04-27,47.310001373291016,47.959999084472656,47.040000915527344,47.36000061035156,41.942787170410156,2723500
2022-04-28,48.310001373291016,49.20000076293945,45.459999084472656,47.47999954223633,42.04905700683594,5250000
2022-04-29,47.7599983215332,48.130001068115234,46.119998931884766,46.279998779296875,40.98632049560547,4671700
2022-05-02,46.560001373291016,46.86000061035156,45.709999084472656,46.54999923706055,41.22542953491211,2771400
2022-05-03,46.54999923706055,47.43000030517578,46.4900016784668,46.81999969482422,41.46455001831055,2836700
2022-05-04,46.95000076293945,48.5,46.79999923706055,48.4900016784668,42.943538665771484,2791700
2022-05-05,48.02000045776367,48.47999954223633,47.43000030517578,48.11000061035156,42.606998443603516,2924800
2022-05-06,48.0099983215332,48.29999923706055,47.33000183105469,48.15999984741211,42.65127944946289,2517000
2022-05-09,47.75,48.79999923706055,47.650001525878906,47.810001373291016,42.34131622314453,4134800
2022-05-10,48.2599983215332,48.630001068115234,46.97999954223633,47.849998474121094,42.37673568725586,3329700
2022-05-11,47.81999969482422,49.16999816894531,47.5099983215332,47.66999816894531,42.21732711791992,3137900
2022-05-12,47.79999923706055,47.93000030517578,46.689998626708984,47.58000183105469,42.13762283325195,3008000
2022-05-13,47.75,48.47999954223633,47.459999084472656,47.790000915527344,42.32360076904297,2579000
2022-05-16,47.91999816894531,48.25,47.15999984741211,47.88999938964844,42.41216278076172,3478100
2022-05-17,48.599998474121094,49.31999969482422,48.0,49.18000030517578,43.554603576660156,2824400
2022-05-18,48.779998779296875,49.060001373291016,48.15999984741211,48.33000183105469,42.80183029174805,3600700
2022-05-19,47.83000183105469,48.369998931884766,47.20000076293945,47.81999969482422,42.35016632080078,3323500
2022-05-20,48.29999923706055,48.45000076293945,46.709999084472656,47.47999954223633,42.04905700683594,3943000
2022-05-23,48.06999969482422,48.619998931884766,47.75,48.13999938964844,42.63356399536133,2746200
2022-05-24,47.810001373291016,48.09000015258789,46.06999969482422,47.189998626708984,41.79222869873047,3382900
2022-05-25,46.97999954223633,48.08000183105469,46.880001068115234,47.88999938964844,42.41216278076172,3306500
2022-05-26,48.060001373291016,48.880001068115234,47.959999084472656,48.68000030517578,43.53266525268555,2439400
2022-05-27,49.0,49.310001373291016,48.540000915527344,49.310001373291016,44.0960578918457,2695400
2022-05-31,48.68000030517578,49.16999816894531,48.2599983215332,48.45000076293945,43.32699203491211,5324800
2022-06-01,48.400001525878906,48.5099983215332,46.91999816894531,47.45000076293945,42.43273162841797,3161400
2022-06-02,47.7599983215332,47.93000030517578,46.54999923706055,47.5,42.47744369506836,2755600
2022-06-03,47.20000076293945,47.56999969482422,47.0,47.09000015258789,42.11079406738281,1794400
2022-06-06,47.2400016784668,47.720001220703125,46.880001068115234,47.2599983215332,42.2628173828125,2620600
2022-06-07,46.970001220703125,48.0,46.689998626708984,47.93000030517578,42.861976623535156,2295400
2022-06-08,47.529998779296875,47.83000183105469,47.119998931884766,47.279998779296875,42.28070831298828,1780400
2022-06-09,47.130001068115234,47.209999084472656,46.25,46.279998779296875,41.386444091796875,2773000
2022-06-10,45.22999954223633,45.43000030517578,44.650001525878906,45.0,40.24178695678711,3092900
2022-06-13,44.43000030517578,44.47999954223633,42.900001525878906,43.13999938964844,38.578453063964844,3509700
2022-06-14,43.130001068115234,44.029998779296875,42.97999954223633,43.619998931884766,39.0077018737793,3291000
2022-06-15,44.25,44.529998779296875,43.41999816894531,44.04999923706055,39.39223861694336,4246300
2022-06-16,43.209999084472656,43.33000183105469,42.15999984741211,42.709999084472656,38.19392776489258,4144900
2022-06-17,42.83000183105469,43.11000061035156,41.90999984741211,42.349998474121094,37.87199020385742,7383700
2022-06-21,41.959999084472656,42.31999969482422,41.59000015258789,41.880001068115234,37.451690673828125,4216500
2022-06-22,41.16999816894531,41.540000915527344,40.689998626708984,41.2400016784668,36.879364013671875,3271300
2022-06-23,41.09000015258789,41.40999984741211,40.41999816894531,41.119998931884766,36.77204513549805,2576400
2022-06-24,41.459999084472656,42.869998931884766,41.369998931884766,42.84000015258789,38.3101806640625,5164700
2022-06-27,43.029998779296875,43.290000915527344,42.619998931884766,42.810001373291016,38.28335189819336,2118100
2022-06-28,42.84000015258789,43.400001525878906,42.22999954223633,42.34000015258789,37.86304473876953,3083900
2022-06-29,42.5,42.650001525878906,42.02000045776367,42.439998626708984,37.95247268676758,1978100
2022-06-30,41.9900016784668,42.290000915527344,41.47999954223633,41.83000183105469,37.40697479248047,3472100
2022-07-01,41.5,42.209999084472656,41.060001373291016,41.97999954223633,37.541114807128906,4010500
2022-07-05,41.349998474121094,41.630001068115234,40.209999084472656,41.61000061035156,37.21023941040039,3492500
2022-07-06,41.7599983215332,42.34000015258789,41.15999984741211,41.869998931884766,37.442745208740234,2968100
2022-07-07,42.34000015258789,43.38999938964844,42.34000015258789,43.060001373291016,38.50692367553711,2624000
2022-07-08,43.25,43.310001373291016,42.65999984741211,42.709999084472656,38.19392776489258,2344000
2022-07-11,42.16999816894531,42.61000061035156,41.869998931884766,42.22999954223633,37.76468276977539,2031700
2022-07-12,42.119998931884766,43.279998779296875,42.0099983215332,42.77000045776367,38.24758529663086,2569400
2022-07-13,42.20000076293945,42.4900016784668,41.83000183105469,42.13999938964844,37.6841926574707,2094700
2022-07-14,41.290000915527344,41.93000030517578,41.18000030517578,41.779998779296875,37.36225891113281,2114000
2022-07-15,42.33000183105469,42.439998626708984,41.7400016784668,41.91999816894531,37.487457275390625,2211100
2022-07-18,42.09000015258789,42.31999969482422,41.220001220703125,41.41999816894531,37.04032516479492,2307200
2022-07-19,42.0099983215332,42.79999923706055,41.939998626708984,42.61000061035156,38.10449981689453,1889400
2022-07-20,42.400001525878906,43.04999923706055,42.34000015258789,42.939998626708984,38.399600982666016,1927700
2022-07-21,42.810001373291016,43.310001373291016,42.650001525878906,43.27000045776367,38.69471740722656,1813300
2022-07-22,43.380001068115234,43.560001373291016,42.939998626708984,43.189998626708984,38.6231689453125,1592900
2022-07-25,43.27000045776367,43.66999816894531,42.84000015258789,43.459999084472656,38.8646240234375,1877300
2022-07-26,43.08000183105469,43.13999938964844,41.20000076293945,41.779998779296875,37.36225891113281,4467500
2022-07-27,41.880001068115234,42.86000061035156,41.709999084472656,42.619998931884766,38.11344909667969,5077100
2022-07-28,43.47999954223633,44.06999969482422,42.220001220703125,43.02000045776367,38.471153259277344,5159400
2022-07-29,43.22999954223633,43.369998931884766,42.369998931884766,42.77000045776367,38.24758529663086,4700200
2022-08-01,42.540000915527344,43.119998931884766,42.349998474121094,42.81999969482422,38.292301177978516,2909300
2022-08-02,42.65999984741211,42.810001373291016,42.0099983215332,42.34000015258789,37.86304473876953,2511200
2022-08-03,42.720001220703125,42.880001068115234,42.08000183105469,42.61000061035156,38.10449981689453,2637200
2022-08-04,42.45000076293945,42.65999984741211,41.83000183105469,41.869998931884766,37.442745208740234,2598600
2022-08-05,41.619998931884766,42.130001068115234,41.43000030517578,41.790000915527344,37.3712043762207,1882800
2022-08-08,42.279998779296875,42.790000915527344,42.20000076293945,42.47999954223633,37.98825454711914,2266300
2022-08-09,42.619998931884766,42.75,42.27000045776367,42.5099983215332,38.01507568359375,1985400
2022-08-10,43.220001220703125,43.779998779296875,43.18000030517578,43.40999984741211,38.819908142089844,2061300
2022-08-11,43.75,44.13999938964844,43.61000061035156,43.79999923706055,39.16867446899414,2161900
2022-08-12,43.779998779296875,44.630001068115234,43.619998931884766,44.5099983215332,40.228843688964844,2823700
2022-08-15,44.209999084472656,44.540000915527344,43.91999816894531,44.4900016784668,40.210777282714844,2159400
2022-08-16,44.380001068115234,45.18000030517578,44.2400016784668,44.97999954223633,40.65364074707031,2416300
2022-08-17,44.5099983215332,44.84000015258789,44.33000183105469,44.400001525878906,40.129425048828125,2154200
2022-08-18,44.13999938964844,44.25,43.75,44.13999938964844,39.89443588256836,1727400
2022-08-19,43.959999084472656,43.97999954223633,43.400001525878906,43.59000015258789,39.39733123779297,5698000
2022-08-22,42.88999938964844,42.97999954223633,42.209999084472656,42.5,38.41218185424805,2704800
2022-08-23,42.59000015258789,43.06999969482422,42.400001525878906,42.779998779296875,38.665245056152344,1353700
2022-08-24,42.61000061035156,42.869998931884766,42.36000061035156,42.61000061035156,38.511600494384766,1809900
2022-08-25,42.869998931884766,43.880001068115234,42.810001373291016,43.869998931884766,39.65040969848633,1591500
2022-08-26,44.0099983215332,44.08000183105469,42.599998474121094,42.619998931884766,38.52063751220703,1631500
2022-08-29,42.36000061035156,42.5,42.02000045776367,42.150001525878906,38.09584045410156,1929700
2022-08-30,42.20000076293945,42.41999816894531,41.5099983215332,42.099998474121094,38.0506477355957,2122500
2022-08-31,42.22999954223633,42.54999923706055,41.58000183105469,41.619998931884766,37.61681365966797,2922500
2022-09-01,41.529998779296875,41.68000030517578,41.0,41.310001373291016,37.336639404296875,2068900
2022-09-02,41.81999969482422,41.97999954223633,40.83000183105469,40.93000030517578,36.99318313598633,2087600
2022-09-06,41.02000045776367,41.060001373291016,40.130001068115234,40.33000183105469,36.450897216796875,2541600
2022-09-07,40.380001068115234,41.11000061035156,40.16999816894531,41.060001373291016,37.11068344116211,2297500
2022-09-08,40.709999084472656,41.630001068115234,40.279998779296875,41.56999969482422,37.57162857055664,2364000
2022-09-09,41.90999984741211,41.9900016784668,41.4900016784668,41.720001220703125,37.70719528198242,1638600
2022-09-12,42.0,42.689998626708984,41.849998474121094,42.16999816894531,38.11391830444336,1659100
2022-09-13,41.40999984741211,41.5,40.38999938964844,40.4900016784668,36.59550857543945,2142600
2022-09-14,40.36000061035156,40.560001373291016,39.369998931884766,39.68000030517578,35.86341857910156,2733200
2022-09-15,39.75,40.16999816894531,39.52000045776367,39.68000030517578,35.86341857910156,2303200
2022-09-16,37.119998931884766,37.119998931884766,34.75,35.22999954223633,31.8414363861084,12447800
2022-09-19,35.34000015258789,36.54999923706055,35.29999923706055,36.52000045776367,33.007362365722656,5320300
2022-09-20,35.790000915527344,35.970001220703125,34.43000030517578,34.83000183105469,31.47991371154785,4213600
2022-09-21,34.95000076293945,35.5,34.2400016784668,34.2599983215332,30.96473503112793,2964400
2022-09-22,34.29999923706055,34.400001525878906,33.54999923706055,33.810001373291016,30.55801773071289,3421300
2022-09-23,33.20000076293945,33.400001525878906,32.4900016784668,33.099998474121094,29.916303634643555,3510200
2022-09-26,32.75,32.849998474121094,31.1299991607666,31.770000457763672,28.7142333984375,8462600
2022-09-27,32.25,32.58000183105469,31.579999923706055,31.899999618530273,28.83172607421875,5500100
2022-09-28,32.20000076293945,32.79999923706055,32.119998931884766,32.709999084472656,29.563817977905273,5793500
2022-09-29,32.060001373291016,32.2599983215332,31.34000015258789,32.09000015258789,29.00345230102539,4583600
2022-09-30,32.029998779296875,32.72999954223633,31.639999389648438,31.700000762939453,28.65096664428711,4340300
2022-10-03,32.22999954223633,32.959999084472656,31.799999237060547,32.540000915527344,29.410171508789062,6139000
2022-10-04,33.0,33.38999938964844,32.79999923706055,33.25,30.051883697509766,4782700
2022-10-05,32.68000030517578,33.099998474121094,32.38999938964844,32.869998931884766,29.708431243896484,4674600
2022-10-06,32.439998626708984,32.790000915527344,31.969999313354492,32.20000076293945,29.102872848510742,3838200
2022-10-07,31.760000228881836,31.809999465942383,31.299999237060547,31.559999465942383,28.524431228637695,3683900
2022-10-10,31.8700008392334,31.940000534057617,31.360000610351562,31.56999969482422,28.533470153808594,3265100
2022-10-11,31.149999618530273,31.989999771118164,30.690000534057617,31.579999923706055,28.54250717163086,4334700
2022-10-12,31.8799991607666,31.920000076293945,31.479999542236328,31.5,28.470203399658203,2544300
2022-10-13,31.010000228881836,32.88999938964844,30.8799991607666,32.779998779296875,29.627086639404297,3506500
2022-10-14,33.06999969482422,33.380001068115234,32.5099983215332,32.619998931884766,29.48247718811035,3191400
2022-10-17,33.31999969482422,33.58000183105469,33.0099983215332,33.22999954223633,30.033803939819336,3561400
2022-10-18,33.709999084472656,34.08000183105469,33.33000183105469,33.540000915527344,30.31398582458496,4000800
2022-10-19,33.16999816894531,33.279998779296875,32.2400016784668,32.560001373291016,29.42824935913086,3136700
2022-10-20,32.59000015258789,32.970001220703125,31.84000015258789,31.90999984741211,28.84076499938965,2728600
2022-10-21,31.940000534057617,33.08000183105469,31.899999618530273,33.08000183105469,29.89823341369629,3471400
2022-10-24,33.38999938964844,33.400001525878906,32.849998474121094,32.970001220703125,29.79881477355957,3189000
2022-10-25,32.619998931884766,33.58000183105469,32.400001525878906,33.439998626708984,30.223604202270508,3548300
2022-10-26,33.61000061035156,33.880001068115234,33.08000183105469,33.220001220703125,30.02476692199707,4427500
2022-10-27,32.41999816894531,34.150001525878906,32.18000030517578,32.9900016784668,29.81688690185547,6335700
2022-10-28,33.0,33.880001068115234,32.880001068115234,33.81999969482422,30.567058563232422,3635700
2022-10-31,33.529998779296875,33.91999816894531,33.33000183105469,33.61000061035156,30.37725257873535,3598600
2022-11-01,33.970001220703125,34.04999923706055,32.869998931884766,33.529998779296875,30.304948806762695,3369200
2022-11-02,33.349998474121094,33.9900016784668,32.709999084472656,32.720001220703125,29.572858810424805,3353200
2022-11-03,32.52000045776367,33.06999969482422,32.38999938964844,32.689998626708984,29.54574203491211,2925900
2022-11-04,33.290000915527344,33.77000045776367,32.95000076293945,33.66999816894531,30.431482315063477,3069200
2022-11-07,33.77000045776367,33.88999938964844,33.220001220703125,33.59000015258789,30.359174728393555,2525600
2022-11-08,33.75,33.849998474121094,33.2400016784668,33.52000045776367,30.295915603637695,3139800
2022-11-09,33.25,33.58000183105469,33.060001373291016,33.220001220703125,30.02476692199707,3172000
2022-11-10,34.09000015258789,35.15999984741211,33.7599983215332,35.13999938964844,31.76009750366211,4051600
2022-11-11,35.5099983215332,36.869998931884766,35.189998626708984,36.630001068115234,33.10677719116211,5185600
2022-11-14,36.189998626708984,37.13999938964844,36.02000045776367,36.209999084472656,33.146141052246094,4123800
2022-11-15,36.779998779296875,37.099998474121094,36.060001373291016,36.5099983215332,33.42075729370117,3640800
2022-11-16,36.380001068115234,36.5,35.68000030517578,35.779998779296875,32.752525329589844,2572700
2022-11-17,35.27000045776367,35.81999969482422,35.040000915527344,35.7400016784668,32.71590805053711,3289900
2022-11-18,36.09000015258789,36.20000076293945,35.560001373291016,35.77000045776367,32.74337387084961,6472200
2022-11-21,35.54999923706055,36.279998779296875,35.540000915527344,36.189998626708984,33.12783432006836,2544300
2022-11-22,36.4900016784668,36.95000076293945,36.279998779296875,36.709999084472656,33.60383987426758,2258600
2022-11-23,36.7599983215332,36.90999984741211,36.529998779296875,36.810001373291016,33.69537353515625,1555400
2022-11-25,36.79999923706055,36.90999984741211,36.540000915527344,36.720001220703125,33.61298751831055,861800
2022-11-28,36.349998474121094,36.43000030517578,35.72999954223633,35.779998779296875,32.752525329589844,2682000
2022-11-29,35.83000183105469,36.45000076293945,35.630001068115234,36.33000183105469,33.25598907470703,2403100
2022-11-30,36.22999954223633,37.130001068115234,35.59000015258789,37.119998931884766,33.97914123535156,6137200
2022-12-01,37.41999816894531,37.63999938964844,36.97999954223633,37.38999938964844,34.22629165649414,3886200
2022-12-02,37.08000183105469,37.220001220703125,36.70000076293945,37.099998474121094,33.96083068847656,2631500
2022-12-05,36.7599983215332,36.939998626708984,36.380001068115234,36.52000045776367,33.429908752441406,2465300
2022-12-06,36.41999816894531,36.7400016784668,36.029998779296875,36.41999816894531,33.33837127685547,2218700
2022-12-07,36.150001525878906,36.72999954223633,36.029998779296875,36.150001525878906,33.09122085571289,2003600
2022-12-08,36.38999938964844,36.529998779296875,36.02000045776367,36.16999816894531,33.10952377319336,1487400
2022-12-09,36.380001068115234,36.529998779296875,36.0099983215332,36.08000183105469,33.02714538574219,1744900
2022-12-12,36.06999969482422,36.810001373291016,35.95000076293945,36.79999923706055,33.686222076416016,2572700
2022-12-13,37.88999938964844,38.029998779296875,36.939998626708984,37.220001220703125,34.07068634033203,4787900
2022-12-14,37.13999938964844,37.79999923706055,36.790000915527344,37.099998474121094,33.96083068847656,2778700
2022-12-15,36.59000015258789,36.790000915527344,36.27000045776367,36.540000915527344,33.448219299316406,3623300
2022-12-16,36.20000076293945,36.310001373291016,35.08000183105469,35.61000061035156,32.59690856933594,6248400
2022-12-19,35.709999084472656,35.88999938964844,34.619998931884766,34.91999816894531,31.965288162231445,3596400
2022-12-20,34.900001525878906,35.099998474121094,34.61000061035156,34.68000030517578,31.7455997467041,2733500
2022-12-21,34.93000030517578,35.119998931884766,34.599998474121094,34.65999984741211,31.72728729248047,3045700
2022-12-22,34.380001068115234,34.45000076293945,33.75,34.43000030517578,31.516754150390625,6327500
2022-12-23,34.36000061035156,34.880001068115234,34.290000915527344,34.72999954223633,31.791364669799805,2001400
2022-12-27,34.709999084472656,35.040000915527344,34.529998779296875,34.90999984741211,31.95613670349121,1670600
2022-12-28,34.70000076293945,35.099998474121094,34.150001525878906,34.36000061035156,31.452674865722656,2312600
2022-12-29,34.5099983215332,35.029998779296875,34.439998626708984,34.77000045776367,31.827985763549805,1751200
2022-12-30,34.5,34.7599983215332,34.2400016784668,34.630001068115234,31.699827194213867,2016800
2023-01-03,34.7599983215332,35.5099983215332,34.709999084472656,35.40999984741211,32.41383361816406,3692600
2023-01-04,35.7599983215332,36.86000061035156,35.650001525878906,36.83000183105469,33.71368408203125,4592300
2023-01-05,36.47999954223633,36.56999969482422,35.900001525878906,36.20000076293945,33.13698959350586,3407300
2023-01-06,36.58000183105469,36.900001525878906,36.349998474121094,36.63999938964844,33.539756774902344,2167300
2023-01-09,36.68000030517578,37.66999816894531,36.68000030517578,37.0099983215332,33.878448486328125,2951300
2023-01-10,36.959999084472656,37.65999984741211,36.41999816894531,37.619998931884766,34.436832427978516,3299500
2023-01-11,37.93000030517578,38.060001373291016,37.459999084472656,37.61000061035156,34.427677154541016,3533800
2023-01-12,37.79999923706055,38.099998474121094,37.369998931884766,37.81999969482422,34.61991500854492,2315100
2023-01-13,37.5099983215332,38.40999984741211,37.380001068115234,38.25,35.013526916503906,3447200
2023-01-17,38.25,38.36000061035156,37.529998779296875,37.540000915527344,34.36361312866211,2165300
2023-01-18,37.63999938964844,37.810001373291016,36.86000061035156,36.90999984741211,33.78691101074219,2138800
2023-01-19,36.529998779296875,36.869998931884766,35.91999816894531,36.630001068115234,33.530601501464844,2299600
2023-01-20,36.5099983215332,37.529998779296875,36.5,37.529998779296875,34.354454040527344,2445200
2023-01-23,37.59000015258789,37.880001068115234,37.20000076293945,37.470001220703125,34.29952621459961,2058500
2023-01-24,37.470001220703125,37.5099983215332,36.58000183105469,36.75,33.640445709228516,2241400
2023-01-25,36.470001220703125,36.68000030517578,35.79999923706055,36.31999969482422,33.2468376159668,2998300
2023-01-26,36.400001525878906,37.27000045776367,36.33000183105469,37.22999954223633,34.079833984375,2552900
2023-01-27,37.290000915527344,38.2599983215332,37.18000030517578,38.11000061035156,34.885372161865234,3282300
2023-01-30,37.79999923706055,38.380001068115234,37.77000045776367,37.790000915527344,34.59245681762695,4174500
2023-01-31,39.65999984741211,41.88999938964844,39.400001525878906,41.81999969482422,38.281463623046875,10851200
2023-02-01,41.29999923706055,41.5,40.380001068115234,40.849998474121094,37.393531799316406,6862300
2023-02-02,41.25,41.61000061035156,40.83000183105469,41.529998779296875,38.015995025634766,4356100
2023-02-03,41.22999954223633,41.869998931884766,41.20000076293945,41.36000061035156,37.86037826538086,2650300
2023-02-06,41.09000015258789,41.20000076293945,40.41999816894531,40.540000915527344,37.10976791381836,2478500
2023-02-07,40.31999969482422,40.77000045776367,39.959999084472656,40.279998779296875,36.871761322021484,2547400
2023-02-08,40.0099983215332,40.279998779296875,39.279998779296875,39.439998626708984,36.10283660888672,3532100
2023-02-09,39.630001068115234,39.650001525878906,38.130001068115234,38.369998931884766,35.123374938964844,3608500
2023-02-10,38.209999084472656,38.720001220703125,37.849998474121094,38.630001068115234,35.36137390136719,3131700
2023-02-13,38.779998779296875,39.459999084472656,38.68000030517578,39.189998626708984,35.87398910522461,2236600
2023-02-14,39.099998474121094,39.36000061035156,38.869998931884766,39.150001525878906,35.837379455566406,2366400
2023-02-15,38.79999923706055,39.369998931884766,38.79999923706055,39.279998779296875,35.95637512207031,3090500
2023-02-16,38.279998779296875,39.0,38.20000076293945,38.63999938964844,35.79241943359375,2245600
2023-02-17,38.56999969482422,38.709999084472656,38.04999923706055,38.27000045776367,35.44969177246094,4085000
2023-02-21,37.70000076293945,37.79999923706055,35.81999969482422,36.11000061035156,33.44887161254883,4589600
2023-02-22,36.04999923706055,36.619998931884766,36.04999923706055,36.279998779296875,33.60634231567383,2202900
2023-02-23,36.45000076293945,36.66999816894531,35.9900016784668,36.54999923706055,33.8564453125,1686700
2023-02-24,36.13999938964844,36.970001220703125,35.970001220703125,36.4900016784668,33.800865173339844,3273400
2023-02-27,37.119998931884766,37.189998626708984,36.45000076293945,36.58000183105469,33.884239196777344,2489300
2023-02-28,36.540000915527344,36.75,36.34000015258789,36.38999938964844,33.70823287963867,3633500
2023-03-01,36.25,37.150001525878906,36.16999816894531,36.689998626708984,33.98612594604492,2219000
2023-03-02,36.88999938964844,37.68000030517578,36.66999816894531,37.52000045776367,34.75496292114258,2965300
2023-03-03,37.689998626708984,38.0,37.189998626708984,37.77000045776367,34.98653793334961,3215400
2023-03-06,37.560001373291016,37.58000183105469,36.43000030517578,36.619998931884766,33.92127990722656,3250400
2023-03-07,36.599998474121094,36.72999954223633,36.099998474121094,36.290000915527344,33.61560821533203,2542600
2023-03-08,36.369998931884766,36.939998626708984,36.34000015258789,36.81999969482422,34.10654830932617,2854800
2023-03-09,36.9900016784668,37.13999938964844,36.09000015258789,36.20000076293945,33.5322380065918,2253200
2023-03-10,36.060001373291016,36.18000030517578,35.18000030517578,35.52000045776367,32.90235137939453,2486500
2023-03-13,35.0,35.5,34.70000076293945,34.849998474121094,32.2817268371582,3289600
2023-03-14,35.52000045776367,35.779998779296875,35.0099983215332,35.439998626708984,32.82823944091797,3043300
2023-03-15,34.650001525878906,34.709999084472656,34.119998931884766,34.47999954223633,31.938987731933594,3660900
2023-03-16,34.0,34.88999938964844,33.869998931884766,34.66999816894531,32.114986419677734,3134100
2023-03-17,34.540000915527344,34.540000915527344,33.41999816894531,34.060001373291016,31.549949645996094,7959500
2023-03-20,34.599998474121094,35.31999969482422,34.599998474121094,34.83000183105469,32.26320266723633,3499900
2023-03-21,35.459999084472656,35.4900016784668,35.13999938964844,35.2400016784668,32.64298629760742,3078500
2023-03-22,35.369998931884766,35.38999938964844,34.380001068115234,34.400001525878906,31.86488914489746,3744500
2023-03-23,34.40999984741211,34.779998779296875,33.810001373291016,34.11000061035156,31.59626007080078,2901300
2023-03-24,33.779998779296875,34.65999984741211,33.439998626708984,34.47999954223633,31.938987731933594,3047700
2023-03-27,35.0,35.02000045776367,34.4900016784668,34.5,31.957517623901367,3166600
2023-03-28,34.439998626708984,34.849998474121094,34.36000061035156,34.65999984741211,32.1057243347168,1780500
2023-03-29,35.029998779296875,35.189998626708984,34.869998931884766,35.06999969482422,32.48551559448242,1970900
2023-03-30,35.5,35.56999969482422,35.13999938964844,35.2400016784668,32.64298629760742,1530500
2023-03-31,35.529998779296875,36.130001068115234,35.47999954223633,36.060001373291016,33.402557373046875,3611500
2023-04-03,36.099998474121094,36.40999984741211,35.81999969482422,35.959999084472656,33.30992126464844,3102400
2023-04-04,35.9900016784668,36.04999923706055,35.04999923706055,35.36000061035156,32.75414276123047,2579000
2023-04-05,35.099998474121094,35.54999923706055,35.0099983215332,35.470001220703125,32.85602951049805,2356600
2023-04-06,35.529998779296875,35.81999969482422,35.349998474121094,35.779998779296875,33.143192291259766,2690900
2023-04-10,35.709999084472656,36.029998779296875,35.400001525878906,35.88999938964844,33.24508285522461,1780400
2023-04-11,36.279998779296875,36.97999954223633,36.209999084472656,36.540000915527344,33.84718322753906,2546800
2023-04-12,36.83000183105469,37.029998779296875,36.29999923706055,36.470001220703125,33.78234100341797,1559500
2023-04-13,36.470001220703125,36.66999816894531,35.959999084472656,36.400001525878906,33.717498779296875,2033100
2023-04-14,35.959999084472656,36.29999923706055,35.529998779296875,35.90999984741211,33.263607025146484,3069000
2023-04-17,35.939998626708984,36.380001068115234,35.86000061035156,36.34000015258789,33.661922454833984,1982800
2023-04-18,36.36000061035156,36.529998779296875,36.189998626708984,36.4900016784668,33.800865173339844,1870500
2023-04-19,36.400001525878906,36.77000045776367,36.22999954223633,36.56999969482422,33.874969482421875,1749800
2023-04-20,36.34000015258789,36.599998474121094,36.310001373291016,36.54999923706055,33.8564453125,1840700
2023-04-21,36.5,36.58000183105469,35.849998474121094,36.040000915527344,33.384029388427734,1905400
2023-04-24,36.040000915527344,36.4900016784668,36.040000915527344,36.380001068115234,33.698974609375,2664600
2023-04-25,35.0099983215332,35.22999954223633,34.560001373291016,34.689998626708984,32.13351821899414,5127500
2023-04-26,34.880001068115234,35.04999923706055,34.27000045776367,34.560001373291016,32.01310348510742,3160100
2023-04-27,33.459999084472656,34.0,32.400001525878906,33.0099983215332,30.57732582092285,5459400
2023-04-28,33.25,33.59000015258789,32.709999084472656,33.11000061035156,30.669954299926758,4202900
2023-05-01,33.08000183105469,33.79999923706055,32.95000076293945,33.2400016784668,30.790372848510742,3245700
2023-05-02,32.9900016784668,33.20000076293945,31.799999237060547,32.31999969482422,29.938175201416016,4206400
2023-05-03,32.47999954223633,32.9900016784668,32.22999954223633,32.29999923706055,29.919647216796875,2964700
2023-05-04,32.279998779296875,32.439998626708984,31.690000534057617,31.790000915527344,29.447233200073242,3061800
2023-05-05,32.16999816894531,32.54999923706055,32.04999923706055,32.349998474121094,29.96596336364746,2006400
2023-05-08,32.54999923706055,32.70000076293945,32.189998626708984,32.380001068115234,29.993755340576172,1749200
2023-05-09,32.13999938964844,32.33000183105469,32.02000045776367,32.119998931884766,29.752912521362305,2177500
2023-05-10,32.310001373291016,32.36000061035156,31.40999984741211,31.889999389648438,29.53986167907715,3335700
2023-05-11,31.700000762939453,31.8799991607666,31.459999084472656,31.690000534057617,29.354604721069336,3981600
2023-05-12,31.84000015258789,32.06999969482422,31.479999542236328,31.760000228881836,29.419445037841797,2886400
2023-05-15,31.790000915527344,31.93000030517578,31.40999984741211,31.81999969482422,29.47502326965332,3104700
2023-05-16,31.829999923706055,31.829999923706055,31.299999237060547,31.479999542236328,29.160076141357422,2998700
2023-05-17,31.59000015258789,32.13999938964844,31.450000762939453,32.099998474121094,29.734386444091797,2445500
2023-05-18,31.950000762939453,32.040000915527344,31.600000381469727,32.029998779296875,29.66954231262207,1876100
2023-05-19,32.349998474121094,32.369998931884766,31.850000381469727,31.959999084472656,29.604703903198242,3373200
2023-05-22,31.75,31.850000381469727,31.360000610351562,31.729999542236328,29.39165496826172,3091700
2023-05-23,31.81999969482422,32.34000015258789,31.549999237060547,31.959999084472656,29.604703903198242,2640500
2023-05-24,31.860000610351562,31.950000762939453,31.389999389648438,31.459999084472656,29.14155387878418,2984500
2023-05-25,31.0,31.0,30.40999984741211,30.610000610351562,28.77771759033203,4062400
2023-05-26,30.729999542236328,30.920000076293945,30.559999465942383,30.6200008392334,28.787120819091797,2974600
2023-05-30,30.540000915527344,30.59000015258789,30.049999237060547,30.139999389648438,28.335851669311523,3785500
2023-05-31,30.0,30.09000015258789,29.40999984741211,29.440000534057617,27.677753448486328,6653100
2023-06-01,29.540000915527344,29.6200008392334,29.010000228881836,29.170000076293945,27.423913955688477,3709500
2023-06-02,29.59000015258789,30.65999984741211,29.549999237060547,30.3799991607666,28.561485290527344,3968800
2023-06-05,30.530000686645508,30.729999542236328,30.209999084472656,30.280000686645508,28.467472076416016,3328700
2023-06-06,30.25,30.940000534057617,30.25,30.829999923706055,28.98455047607422,4876400
2023-06-07,31.139999389648438,32.16999816894531,30.989999771118164,32.130001068115234,30.20673179626465,4642900
2023-06-08,32.189998626708984,32.400001525878906,31.440000534057617,31.75,29.84947967529297,3914000
2023-06-09,31.770000457763672,31.770000457763672,31.450000762939453,31.68000030517578,29.783666610717773,3450400
2023-06-12,31.3799991607666,31.59000015258789,30.959999084472656,31.329999923706055,29.454620361328125,4061300
2023-06-13,31.559999465942383,31.920000076293945,31.40999984741211,31.549999237060547,29.661447525024414,3907400
2023-06-14,31.899999618530273,32.15999984741211,31.579999923706055,31.799999237060547,29.896484375,3883900
2023-06-15,31.65999984741211,31.8700008392334,31.3700008392334,31.809999465942383,29.905885696411133,3238300
2023-06-16,31.75,32.040000915527344,31.59000015258789,31.979999542236328,30.065710067749023,7099800
2023-06-20,31.5,31.649999618530273,31.170000076293945,31.520000457763672,29.63324546813965,3705500
2023-06-21,31.209999084472656,31.600000381469727,30.829999923706055,31.1200008392334,29.257192611694336,2984600
2023-06-22,31.100000381469727,31.1200008392334,30.540000915527344,30.739999771118164,28.89993667602539,3750000
2023-06-23,30.440000534057617,30.690000534057617,30.229999542236328,30.600000381469727,28.7683162689209,3169900
2023-06-26,30.75,31.399999618530273,30.709999084472656,31.34000015258789,29.464019775390625,2665100
2023-06-27,31.290000915527344,31.81999969482422,31.079999923706055,31.670000076293945,29.774267196655273,2253100
2023-06-28,31.610000610351562,31.610000610351562,31.0,31.3700008392334,29.49222755432129,2042200
2023-06-29,31.200000762939453,31.690000534057617,31.110000610351562,31.68000030517578,29.783666610717773,2351700
2023-06-30,31.43000030517578,31.8799991607666,31.079999923706055,31.809999465942383,29.905885696411133,3210200
2023-07-03,31.860000610351562,32.369998931884766,31.790000915527344,32.029998779296875,30.112716674804688,1721200
2023-07-05,31.469999313354492,31.600000381469727,31.219999313354492,31.329999923706055,29.454620361328125,4034700
2023-07-06,31.15999984741211,31.3700008392334,30.809999465942383,31.299999237060547,29.426414489746094,3263900
2023-07-07,31.25,32.279998779296875,31.25,31.799999237060547,29.896484375,3707300
2023-07-10,30.989999771118164,31.649999618530273,30.8799991607666,31.219999313354492,29.35120391845703,3427300
2023-07-11,31.420000076293945,31.81999969482422,31.290000915527344,31.700000762939453,29.802474975585938,2596400
2023-07-12,32.15999984741211,32.36000061035156,31.739999771118164,31.809999465942383,29.905885696411133,2335100
2023-07-13,31.6299991607666,31.969999313354492,31.549999237060547,31.829999923706055,29.92469024658203,2509000
2023-07-14,31.860000610351562,31.860000610351562,31.31999969482422,31.399999618530273,29.520429611206055,3566600
2023-07-17,31.149999618530273,31.190000534057617,30.979999542236328,30.989999771118164,29.13496971130371,2793400
2023-07-18,30.81999969482422,31.579999923706055,30.780000686645508,31.360000610351562,29.482826232910156,3201600
2023-07-19,31.3799991607666,31.649999618530273,31.229999542236328,31.559999465942383,29.670848846435547,3050200
2023-07-20,31.700000762939453,31.770000457763672,31.31999969482422,31.610000610351562,29.71786117553711,2395500
2023-07-21,31.610000610351562,31.920000076293945,31.280000686645508,31.850000381469727,29.94349479675293,3186500
2023-07-24,32.0,32.439998626708984,31.90999984741211,32.369998931884766,30.43236541748047,2630400
2023-07-25,32.70000076293945,34.06999969482422,32.65999984741211,33.93000030517578,31.898983001708984,8142400
2023-07-26,34.0,34.150001525878906,33.5099983215332,33.77000045776367,31.74856185913086,3585100
2023-07-27,34.52000045776367,36.029998779296875,34.400001525878906,35.400001525878906,33.2809944152832,6959700
2023-07-28,35.90999984741211,36.2599983215332,35.63999938964844,35.7400016784668,33.600643157958984,3449100
2023-07-31,35.86000061035156,36.209999084472656,35.86000061035156,36.060001373291016,33.901485443115234,3383700
2023-08-01,36.0,36.18000030517578,35.650001525878906,35.939998626708984,33.788665771484375,3031200
2023-08-02,35.88999938964844,37.0,35.88999938964844,36.59000015258789,34.39976501464844,5842000
2023-08-03,36.61000061035156,37.20000076293945,36.22999954223633,36.619998931884766,34.42796325683594,3365000
2023-08-04,36.599998474121094,37.11000061035156,36.2400016784668,36.2599983215332,34.089515686035156,2489900
2023-08-07,36.38999938964844,36.599998474121094,35.970001220703125,36.13999938964844,33.9766960144043,2336000
2023-08-08,35.560001373291016,35.939998626708984,35.31999969482422,35.849998474121094,33.70405578613281,2400900
2023-08-09,35.7400016784668,35.939998626708984,35.59000015258789,35.709999084472656,33.57243728637695,1522500
2023-08-10,35.86000061035156,35.91999816894531,35.400001525878906,35.54999923706055,33.42201614379883,2033400
2023-08-11,35.33000183105469,35.689998626708984,35.290000915527344,35.41999816894531,33.2997932434082,2318700
2023-08-14,34.849998474121094,34.86000061035156,34.47999954223633,34.70000076293945,33.05497741699219,2757500
2023-08-15,34.349998474121094,34.66999816894531,34.22999954223633,34.29999923706055,32.67394256591797,2100300
2023-08-16,34.13999938964844,34.439998626708984,34.0,34.029998779296875,32.416748046875,2334600
2023-08-17,34.15999984741211,34.560001373291016,34.06999969482422,34.22999954223633,32.60725784301758,2385000
2023-08-18,34.029998779296875,34.56999969482422,34.0,34.5099983215332,32.87398910522461,3754800
2023-08-21,34.41999816894531,34.45000076293945,33.650001525878906,34.060001373291016,32.44532012939453,2247900
2023-08-22,34.06999969482422,34.25,33.66999816894531,33.77000045776367,32.1690673828125,1702200
2023-08-23,33.84000015258789,33.97999954223633,33.56999969482422,33.880001068115234,32.27385330200195,1607300
2023-08-24,33.61000061035156,34.27000045776367,33.61000061035156,33.7400016784668,32.1404914855957,2038900
2023-08-25,33.97999954223633,34.119998931884766,33.70000076293945,33.93000030517578,32.32147979736328,2678900
2023-08-28,34.08000183105469,34.59000015258789,34.040000915527344,34.45000076293945,32.81683349609375,1682000
2023-08-29,34.540000915527344,34.689998626708984,34.36000061035156,34.68000030517578,33.03593063354492,1270700
2023-08-30,34.72999954223633,34.83000183105469,34.560001373291016,34.810001373291016,33.159767150878906,1452600
2023-08-31,34.93000030517578,34.939998626708984,34.72999954223633,34.91999816894531,33.264549255371094,3216200
2023-09-01,35.189998626708984,35.470001220703125,35.119998931884766,35.189998626708984,33.52174758911133,2211100
2023-09-05,35.0,35.09000015258789,34.310001373291016,34.31999969482422,32.692996978759766,2494200
2023-09-06,34.2599983215332,34.40999984741211,33.75,33.880001068115234,32.27385330200195,2295300
2023-09-07,33.79999923706055,34.209999084472656,33.29999923706055,33.58000183105469,31.988079071044922,4101900
2023-09-08,33.59000015258789,34.68000030517578,33.470001220703125,34.630001068115234,32.98829650878906,3197100
2023-09-11,34.869998931884766,35.060001373291016,34.5,34.599998474121094,32.959720611572266,2384900
2023-09-12,34.689998626708984,35.060001373291016,34.41999816894531,34.5,32.864463806152344,2163300
2023-09-13,34.650001525878906,34.720001220703125,33.599998474121094,33.810001373291016,32.207176208496094,3368800
2023-09-14,34.369998931884766,34.75,34.189998626708984,34.61000061035156,32.96924591064453,2516700
2023-09-15,34.63999938964844,34.849998474121094,34.220001220703125,34.2400016784668,32.61678695678711,5917000
2023-09-18,34.31999969482422,34.56999969482422,33.95000076293945,34.15999984741211,32.54058074951172,3001000
2023-09-19,34.130001068115234,34.459999084472656,33.779998779296875,34.099998474121094,32.483421325683594,3047400
2023-09-20,34.27000045776367,34.380001068115234,33.70000076293945,33.720001220703125,32.12144088745117,2251900
2023-09-21,34.36000061035156,34.95000076293945,34.040000915527344,34.130001068115234,32.51200485229492,4260400
2023-09-22,34.29999923706055,34.959999084472656,34.02000045776367,34.06999969482422,32.45484924316406,3320200
2023-09-25,33.88999938964844,35.06999969482422,33.849998474121094,34.810001373291016,33.159767150878906,3043300
2023-09-26,34.63999938964844,34.84000015258789,34.439998626708984,34.529998779296875,32.89303970336914,2444800
2023-09-27,35.400001525878906,35.56999969482422,34.7599983215332,34.95000076293945,33.293128967285156,3175600
2023-09-28,35.099998474121094,35.38999938964844,34.849998474121094,35.349998474121094,33.67416000366211,2131800
2023-09-29,35.56999969482422,35.849998474121094,35.31999969482422,35.470001220703125,33.788475036621094,2564500
2023-10-02,35.34000015258789,35.529998779296875,34.959999084472656,35.470001220703125,33.788475036621094,3036600
2023-10-03,35.040000915527344,35.58000183105469,34.84000015258789,35.150001525878906,33.483646392822266,3763800
2023-10-04,35.36000061035156,35.66999816894531,35.099998474121094,35.439998626708984,33.75989532470703,2465200
2023-10-05,35.29999923706055,35.59000015258789,34.88999938964844,34.95000076293945,33.293128967285156,2200900
2023-10-06,34.95000076293945,35.02000045776367,34.4900016784668,34.54999923706055,32.91209411621094,3245500
2023-10-09,34.54999923706055,35.349998474121094,34.52000045776367,35.15999984741211,33.4931755065918,1904000
2023-10-10,35.40999984741211,35.75,35.34000015258789,35.369998931884766,33.693214416503906,2060100
2023-10-11,35.4900016784668,35.72999954223633,35.040000915527344,35.43000030517578,33.75037384033203,1477400
2023-10-12,35.529998779296875,35.529998779296875,34.880001068115234,35.119998931884766,33.4550666809082,2209400
2023-10-13,35.209999084472656,35.41999816894531,34.959999084472656,35.150001525878906,33.483646392822266,1742500
2023-10-16,35.20000076293945,35.380001068115234,34.88999938964844,35.0099983215332,33.350284576416016,2714400
2023-10-17,34.88999938964844,35.619998931884766,34.869998931884766,35.5099983215332,33.82658004760742,2639400
2023-10-18,35.290000915527344,35.86000061035156,34.959999084472656,35.2599983215332,33.58843231201172,4380900
2023-10-19,35.0099983215332,35.209999084472656,34.2599983215332,34.2599983215332,32.635841369628906,2796400
2023-10-20,34.29999923706055,34.380001068115234,33.2400016784668,33.33000183105469,31.749929428100586,3157100
2023-10-23,33.06999969482422,33.29999923706055,32.38999938964844,32.40999984741211,30.87354278564453,4342200
2023-10-24,32.72999954223633,33.349998474121094,32.540000915527344,33.2599983215332,31.68324851989746,3372000
2023-10-25,33.040000915527344,33.400001525878906,32.79999923706055,33.119998931884766,31.549880981445312,2750700
2023-10-26,32.880001068115234,33.70000076293945,32.31999969482422,32.880001068115234,31.32126235961914,5396500
2023-10-27,32.77000045776367,33.34000015258789,32.560001373291016,33.13999938964844,31.568933486938477,3855200
2023-10-30,33.349998474121094,33.54999923706055,33.16999816894531,33.38999938964844,31.807085037231445,2471000
2023-10-31,33.43000030517578,34.11000061035156,33.31999969482422,33.72999954223633,32.13096237182617,3185400
2023-11-01,33.79999923706055,33.939998626708984,33.4900016784668,33.61000061035156,32.01665496826172,3400400
2023-11-02,34.0,34.279998779296875,33.900001525878906,34.04999923706055,32.435794830322266,2592800
2023-11-03,34.310001373291016,34.970001220703125,34.209999084472656,34.599998474121094,32.959720611572266,2147500
2023-11-06,34.619998931884766,34.630001068115234,34.2400016784668,34.349998474121094,32.7215690612793,2355000
2023-11-07,34.08000183105469,34.13999938964844,33.75,33.849998474121094,32.245277404785156,2634600
2023-11-08,33.93000030517578,33.93000030517578,33.310001373291016,33.560001373291016,31.969026565551758,2500000
2023-11-09,33.7599983215332,33.83000183105469,33.220001220703125,33.2599983215332,31.68324851989746,3491300
2023-11-10,33.209999084472656,33.369998931884766,32.75,33.09000015258789,31.521305084228516,3233800
2023-11-13,33.09000015258789,33.130001068115234,32.209999084472656,32.43000030517578,30.892593383789062,3429900
2023-11-14,32.279998779296875,33.58000183105469,32.279998779296875,33.52000045776367,32.393402099609375,3494600
2023-11-15,33.59000015258789,34.220001220703125,33.59000015258789,34.06999969482422,32.9249153137207,2551000
2023-11-16,34.02000045776367,34.06999969482422,33.099998474121094,33.619998931884766,32.49003601074219,2581900
2023-11-17,33.86000061035156,33.900001525878906,33.22999954223633,33.380001068115234,32.25810241699219,2292900
2023-11-20,33.16999816894531,33.220001220703125,31.770000457763672,32.58000183105469,31.48499298095703,5253300
2023-11-21,32.689998626708984,32.790000915527344,32.209999084472656,32.4900016784668,31.39801788330078,2668600
2023-11-22,32.5099983215332,32.970001220703125,32.33000183105469,32.91999816894531,31.813560485839844,1991900
2023-11-24,33.0,33.20000076293945,32.83000183105469,32.93000030517578,31.82322883605957,1046800
2023-11-27,32.75,34.650001525878906,32.5099983215332,34.119998931884766,32.973228454589844,8217700
2023-11-28,34.27000045776367,34.58000183105469,33.95000076293945,34.2599983215332,33.10852813720703,3432300
2023-11-29,34.380001068115234,36.0,34.380001068115234,35.790000915527344,34.58710479736328,4679200
2023-11-30,36.36000061035156,37.029998779296875,36.27000045776367,36.939998626708984,35.69845199584961,6130400
2023-12-01,36.790000915527344,37.66999816894531,36.59000015258789,37.189998626708984,35.94004440307617,4520100
2023-12-04,36.869998931884766,37.369998931884766,36.790000915527344,37.36000061035156,36.104339599609375,4714900
2023-12-05,37.130001068115234,37.130001068115234,36.380001068115234,36.439998626708984,35.21525573730469,3544700
2023-12-06,36.56999969482422,36.970001220703125,36.400001525878906,36.54999923706055,35.321563720703125,2563300
2023-12-07,36.650001525878906,36.869998931884766,36.29999923706055,36.81999969482422,35.58248519897461,2230700
2023-12-08,36.70000076293945,37.0,36.56999969482422,36.84000015258789,35.60181427001953,1818100
2023-12-11,36.720001220703125,37.02000045776367,36.58000183105469,36.90999984741211,35.66946029663086,1705600
2023-12-12,36.79999923706055,36.79999923706055,35.970001220703125,36.04999923706055,34.83836364746094,2173000
2023-12-13,35.959999084472656,37.06999969482422,35.709999084472656,36.90999984741211,35.66946029663086,3124800
2023-12-14,37.15999984741211,38.209999084472656,37.15999984741211,37.66999816894531,36.40391159057617,3279500
2023-12-15,37.47999954223633,37.88999938964844,37.18000030517578,37.43000030517578,36.17198181152344,5645600
2023-12-18,37.68000030517578,37.68000030517578,36.81999969482422,36.84000015258789,35.60181427001953,3372800
2023-12-19,37.0,37.2599983215332,36.66999816894531,36.86000061035156,35.62113952636719,6298900
2023-12-20,36.720001220703125,36.9900016784668,36.560001373291016,36.59000015258789,35.3602180480957,2402200
2023-12-21,36.849998474121094,36.93000030517578,36.36000061035156,36.58000183105469,35.350555419921875,2333100
2023-12-22,36.630001068115234,36.84000015258789,36.4900016784668,36.63999938964844,35.408531188964844,1664600
2023-12-26,36.54999923706055,36.650001525878906,36.380001068115234,36.58000183105469,35.350555419921875,1638000
2023-12-27,36.529998779296875,36.77000045776367,36.20000076293945,36.470001220703125,35.24424743652344,1908200
2023-12-28,36.349998474121094,36.52000045776367,36.13999938964844,36.25,35.03164291381836,1469600
2023-12-29,36.150001525878906,36.349998474121094,35.91999816894531,36.150001525878906,34.93500518798828,1800000
2024-01-02,36.25,36.849998474121094,36.209999084472656,36.540000915527344,35.31189727783203,3461900
2024-01-03,36.18000030517578,36.54999923706055,35.90999984741211,36.349998474121094,35.12828063964844,2530400
2024-01-04,36.349998474121094,36.689998626708984,36.310001373291016,36.470001220703125,35.24424743652344,2949400
2024-01-05,36.47999954223633,37.310001373291016,36.400001525878906,37.27000045776367,36.017364501953125,5272300
2024-01-08,37.060001373291016,37.709999084472656,37.060001373291016,37.65999984741211,36.39425277709961,2833700
2024-01-09,37.650001525878906,37.72999954223633,37.22999954223633,37.66999816894531,36.40391159057617,2259600
2024-01-10,37.529998779296875,37.70000076293945,37.34000015258789,37.560001373291016,36.29761505126953,1809300
2024-01-11,37.630001068115234,37.86000061035156,37.27000045776367,37.81999969482422,36.54887771606445,2500300
2024-01-12,38.0,38.150001525878906,37.47999954223633,37.66999816894531,36.40391159057617,1770400
2024-01-16,37.459999084472656,37.5,37.02000045776367,37.310001373291016,36.0560188293457,2745700
2024-01-17,37.0,37.31999969482422,36.83000183105469,36.900001525878906,35.65979766845703,2274300
2024-01-18,36.83000183105469,36.9900016784668,36.27000045776367,36.689998626708984,35.456851959228516,3258700
2024-01-19,36.65999984741211,36.779998779296875,36.060001373291016,36.7400016784668,35.50517654418945,2339300
2024-01-22,36.310001373291016,36.52000045776367,35.400001525878906,36.349998474121094,35.12828063964844,3229500
2024-01-23,36.47999954223633,36.93000030517578,36.349998474121094,36.5099983215332,35.282901763916016,2291700
2024-01-24,36.61000061035156,36.72999954223633,36.04999923706055,36.18000030517578,34.963993072509766,2663400
2024-01-25,36.689998626708984,37.869998931884766,36.689998626708984,37.650001525878906,36.38459014892578,3829700
2024-01-26,37.83000183105469,37.880001068115234,37.34000015258789,37.56999969482422,36.30727767944336,2558500
2024-01-29,37.27000045776367,37.43000030517578,36.54999923706055,36.720001220703125,35.48584747314453,3267300
2024-01-30,36.5,36.65999984741211,36.220001220703125,36.31999969482422,35.09928894042969,3975500
2024-01-31,36.38999938964844,36.40999984741211,35.619998931884766,35.83000183105469,34.62575912475586,5966100
2024-02-01,35.709999084472656,35.9900016784668,34.2400016784668,34.36000061035156,33.20516586303711,7882100
2024-02-02,34.02000045776367,34.150001525878906,33.099998474121094,33.459999084472656,32.33541488647461,5693200
2024-02-05,33.150001525878906,33.31999969482422,32.91999816894531,32.970001220703125,31.86188316345215,5227700
2024-02-06,32.880001068115234,33.40999984741211,32.70000076293945,33.13999938964844,32.02616882324219,3073500
2024-02-07,33.45000076293945,33.880001068115234,33.060001373291016,33.86000061035156,32.72196960449219,4919900
2024-02-08,33.97999954223633,35.04999923706055,33.849998474121094,34.88999938964844,33.717350006103516,5976200
2024-02-09,34.849998474121094,35.31999969482422,34.630001068115234,35.2599983215332,34.07491683959961,3731700
2024-02-12,35.27000045776367,35.9900016784668,35.2400016784668,35.5,34.30685043334961,3463300
2024-02-13,35.20000076293945,35.36000061035156,34.40999984741211,34.61000061035156,33.44676208496094,4074000
2024-02-14,34.689998626708984,34.900001525878906,34.2400016784668,34.529998779296875,33.36945343017578,3068400
2024-02-15,34.529998779296875,35.09000015258789,34.45000076293945,35.06999969482422,33.89130401611328,2079700
2024-02-16,35.0099983215332,35.91999816894531,35.0,35.79999923706055,34.59676742553711,5380700
2024-02-20,36.5099983215332,37.189998626708984,35.68000030517578,35.7400016784668,34.53878402709961,5476700
2024-02-21,35.33000183105469,35.380001068115234,34.599998474121094,34.72999954223633,34.00322723388672,4076900
2024-02-22,34.630001068115234,34.86000061035156,34.36000061035156,34.4900016784668,33.768253326416016,4622300
2024-02-23,34.54999923706055,34.79999923706055,34.2400016784668,34.72999954223633,34.00322723388672,3365900
2024-02-26,34.36000061035156,34.56999969482422,33.79999923706055,33.79999923706055,33.09269332885742,4645000
2024-02-27,33.93000030517578,34.29999923706055,33.86000061035156,34.20000076293945,33.48432159423828,2235800
2024-02-28,34.060001373291016,35.150001525878906,33.97999954223633,34.619998931884766,33.895530700683594,4773900
2024-02-29,34.650001525878906,35.97999954223633,34.650001525878906,35.36000061035156,34.62004470825195,4499000
2024-03-01,35.2400016784668,35.56999969482422,34.970001220703125,35.04999923706055,34.316532135009766,2730700
2024-03-04,35.61000061035156,36.29999923706055,35.470001220703125,35.88999938964844,35.138954162597656,4244100
2024-03-05,35.650001525878906,36.11000061035156,35.650001525878906,35.849998474121094,35.09979248046875,3057800
2024-03-06,36.369998931884766,36.400001525878906,35.369998931884766,35.709999084472656,34.96272277832031,3183500
2024-03-07,35.95000076293945,36.279998779296875,35.7400016784668,35.880001068115234,35.12916564941406,2840000
2024-03-08,36.0,36.27000045776367,35.70000076293945,36.2400016784668,35.481632232666016,2068800
2024-03-11,36.09000015258789,36.88999938964844,35.869998931884766,36.619998931884766,35.85367965698242,2006400
2024-03-12,36.54999923706055,36.689998626708984,36.02000045776367,36.130001068115234,35.373931884765625,2021900
2024-03-13,36.31999969482422,36.619998931884766,35.91999816894531,36.290000915527344,35.53058624267578,2834900
2024-03-14,36.13999938964844,36.5,35.9900016784668,36.189998626708984,35.432674407958984,3412000
2024-03-15,36.09000015258789,36.439998626708984,35.68000030517578,36.349998474121094,35.58932876586914,21736100
2024-03-18,36.31999969482422,36.31999969482422,34.900001525878906,34.939998626708984,34.20883560180664,5409400
2024-03-19,35.61000061035156,38.849998474121094,35.459999084472656,38.77000045776367,37.95868682861328,12428900
2024-03-20,39.11000061035156,40.34000015258789,38.70000076293945,39.22999954223633,38.409061431884766,6752900
2024-03-21,39.43000030517578,39.9900016784668,39.04999923706055,39.880001068115234,39.04545974731445,4243700
2024-03-22,40.0,40.099998474121094,39.529998779296875,39.529998779296875,38.702781677246094,2642800
2024-03-25,39.630001068115234,40.86000061035156,39.630001068115234,40.849998474121094,39.99515914916992,4454800
2024-03-26,40.869998931884766,41.279998779296875,37.220001220703125,38.20000076293945,37.40061950683594,19957300
2024-03-27,38.06999969482422,39.400001525878906,37.40999984741211,39.38999938964844,38.565711975097656,10984400
2024-03-28,39.290000915527344,39.47999954223633,38.599998474121094,39.02000045776367,38.20345687866211,7774300
2024-04-01,38.91999816894531,39.369998931884766,38.880001068115234,39.029998779296875,38.2132453918457,2854700
2024-04-02,38.900001525878906,38.9900016784668,38.220001220703125,38.70000076293945,37.89015197753906,3806700
2024-04-03,38.7599983215332,39.130001068115234,38.630001068115234,39.06999969482422,38.25240707397461,4047200
2024-04-04,39.22999954223633,39.689998626708984,38.790000915527344,39.290000915527344,38.46780776977539,5908800
2024-04-05,39.119998931884766,39.20000076293945,38.38999938964844,38.65999984741211,37.85098648071289,3347000
2024-04-08,39.0099983215332,39.09000015258789,37.880001068115234,38.209999084472656,37.41040802001953,6814600
2024-04-09,38.099998474121094,38.59000015258789,37.7400016784668,38.13999938964844,37.34187316894531,3673400
2024-04-10,37.709999084472656,38.310001373291016,37.33000183105469,38.25,37.44956970214844,7844100
2024-04-11,37.959999084472656,38.2599983215332,37.720001220703125,37.810001373291016,37.01877975463867,4189400
2024-04-12,37.099998474121094,37.70000076293945,36.88999938964844,37.13999938964844,36.36280059814453,5969300
2024-04-15,37.66999816894531,38.0,36.560001373291016,36.77000045776367,36.00054168701172,3535900
2024-04-16,37.0099983215332,37.029998779296875,35.79999923706055,35.90999984741211,35.158538818359375,8615400
2024-04-17,36.11000061035156,36.16999816894531,35.0099983215332,35.060001373291016,34.326324462890625,6380900
2024-04-18,35.220001220703125,35.650001525878906,35.09000015258789,35.2599983215332,34.52214050292969,5229400
2024-04-19,34.5099983215332,35.720001220703125,34.5099983215332,35.369998931884766,34.62983322143555,14618600
2024-04-22,35.29999923706055,35.40999984741211,34.540000915527344,34.7599983215332,34.03260040283203,7334700
2024-04-23,33.91999816894531,34.4900016784668,33.66999816894531,34.40999984741211,33.68992614746094,6744500
2024-04-24,34.20000076293945,34.560001373291016,33.91999816894531,34.43000030517578,33.70950698852539,8249400
2024-04-25,33.4900016784668,34.27000045776367,33.15999984741211,33.52000045776367,32.81855010986328,12003000
2024-04-26,33.720001220703125,33.9900016784668,33.279998779296875,33.83000183105469,33.122066497802734,6735100
2024-04-29,34.34000015258789,35.47999954223633,34.18000030517578,35.31999969482422,34.58088684082031,8497700
2024-04-30,34.939998626708984,35.27000045776367,34.61000061035156,34.939998626708984,34.20883560180664,6933500
2024-05-01,34.77000045776367,35.52000045776367,34.540000915527344,35.279998779296875,34.54172134399414,6827200
2024-05-02,35.5,36.08000183105469,35.130001068115234,35.810001373291016,35.060630798339844,5938900
2024-05-03,36.08000183105469,36.31999969482422,35.7599983215332,36.279998779296875,35.52079391479492,5818400
2024-05-06,36.56999969482422,37.22999954223633,36.220001220703125,36.91999816894531,36.14739990234375,5777000
2024-05-07,37.02000045776367,41.29999923706055,36.880001068115234,38.84000015258789,38.0272216796875,28917800
2024-05-08,38.25,39.380001068115234,38.209999084472656,39.279998779296875,38.45801544189453,8103400
2024-05-09,39.189998626708984,40.060001373291016,39.099998474121094,39.84000015258789,39.00629806518555,9311700
2024-05-10,39.88999938964844,39.88999938964844,38.099998474121094,38.58000183105469,37.772666931152344,8251600
2024-05-13,38.63999938964844,39.58000183105469,38.54999923706055,39.52000045776367,38.6929931640625,6035200
2024-05-14,39.720001220703125,39.91999816894531,39.130001068115234,39.849998474121094,39.01608657836914,3621700
2024-05-15,39.90999984741211,40.25,39.529998779296875,39.709999084472656,38.8790168762207,4878800
2024-05-16,39.65999984741211,40.689998626708984,39.5099983215332,40.52000045776367,39.67206573486328,4474200
2024-05-17,40.5,40.95000076293945,40.38999938964844,40.63999938964844,39.789554595947266,3675700
2024-05-20,40.72999954223633,42.81999969482422,40.630001068115234,41.18000030517578,40.31825637817383,5792800
2024-05-21,41.72999954223633,42.0,41.220001220703125,41.88999938964844,41.013397216796875,7618900
2024-05-22,41.0,42.130001068115234,41.0,42.099998474121094,41.21900177001953,7470600
2024-05-23,42.369998931884766,44.5,42.31999969482422,44.15999984741211,43.7166748046875,12692200
2024-05-24,45.34000015258789,46.099998474121094,44.2400016784668,45.459999084472656,45.003623962402344,9631500
2024-05-28,45.20000076293945,45.63999938964844,45.0,45.150001525878906,44.696739196777344,7725100
2024-05-29,44.939998626708984,44.9900016784668,44.209999084472656,44.400001525878906,43.95426940917969,6078300
2024-05-30,44.790000915527344,44.790000915527344,43.83000183105469,44.58000183105469,44.13246154785156,3750300
2024-05-31,44.58000183105469,45.209999084472656,44.08000183105469,45.09000015258789,44.6373405456543,5906200
2024-06-03,45.08000183105469,45.93000030517578,44.43000030517578,45.54999923706055,45.09272003173828,4915400
2024-06-04,44.790000915527344,45.02000045776367,43.9900016784668,44.220001220703125,43.77607345581055,3723400
2024-06-05,44.150001525878906,44.5099983215332,43.75,44.400001525878906,43.95426940917969,2841000
2024-06-06,44.5099983215332,44.79999923706055,43.91999816894531,44.43000030517578,43.98396682739258,4333200
2024-06-07,44.0099983215332,46.34000015258789,43.900001525878906,45.209999084472656,44.756134033203125,7825000
2024-06-10,45.25,45.279998779296875,44.34000015258789,44.790000915527344,44.34035110473633,7930600
2024-06-11,45.06999969482422,45.400001525878906,44.66999816894531,45.04999923706055,44.597740173339844,5069700
2024-06-12,45.54999923706055,45.54999923706055,44.470001220703125,44.90999984741211,44.45914840698242,3331300
2024-06-13,44.93000030517578,46.060001373291016,44.56999969482422,45.349998474121094,44.89472961425781,4067000
2024-06-14,45.11000061035156,45.59000015258789,44.83000183105469,44.88999938964844,44.43934631347656,3099200
2024-06-17,44.95000076293945,45.4900016784668,44.470001220703125,45.369998931884766,44.914527893066406,2677900
2024-06-18,45.459999084472656,46.400001525878906,45.279998779296875,46.25,45.78569412231445,4494500
2024-06-20,46.27000045776367,46.77000045776367,46.060001373291016,46.54999923706055,46.08268356323242,4286100
2024-06-21,46.25,46.5,45.54999923706055,46.08000183105469,45.61740493774414,6168700
2024-06-24,46.4900016784668,47.400001525878906,46.22999954223633,47.31999969482422,46.84495162963867,7529500
2024-06-25,47.130001068115234,47.36000061035156,46.290000915527344,46.59000015258789,46.12228012084961,4904900
2024-06-26,46.310001373291016,46.70000076293945,46.150001525878906,46.61000061035156,46.14208221435547,5440500
2024-06-27,41.97999954223633,43.650001525878906,41.5,43.25,42.81581115722656,35277600
2024-06-28,42.5099983215332,43.45000076293945,42.47999954223633,43.150001525878906,42.71681594848633,11239900
2024-07-01,43.13999938964844,43.47999954223633,42.70000076293945,43.34000015258789,42.9049072265625,6219300
2024-07-02,42.939998626708984,43.529998779296875,42.650001525878906,43.5,43.06330108642578,11303400
2024-07-03,43.599998474121094,43.95000076293945,43.310001373291016,43.540000915527344,43.102901458740234,3210300
2024-07-05,43.47999954223633,43.5099983215332,42.4900016784668,42.81999969482422,42.39012908935547,5516400
2024-07-08,42.63999938964844,43.20000076293945,42.2599983215332,43.16999816894531,42.73661422729492,4361400
2024-07-09,43.0,43.029998779296875,42.380001068115234,42.54999923706055,42.12283706665039,4306600
2024-07-10,42.65999984741211,42.79999923706055,42.27000045776367,42.70000076293945,42.27133560180664,4194500
2024-07-11,42.790000915527344,43.09000015258789,42.349998474121094,42.90999984741211,42.479225158691406,4210800
2024-07-12,43.08000183105469,43.81999969482422,42.72999954223633,43.630001068115234,43.19199752807617,3594500
2024-07-15,43.68000030517578,44.2599983215332,43.439998626708984,44.13999938964844,43.696876525878906,4808500
2024-07-16,44.15999984741211,45.58000183105469,44.040000915527344,45.5099983215332,45.053123474121094,5715900
2024-07-17,45.29999923706055,46.11000061035156,45.150001525878906,45.75,45.290714263916016,7111000
2024-07-18,45.790000915527344,46.220001220703125,45.4900016784668,45.869998931884766,45.409507751464844,4429000
2024-07-19,45.70000076293945,46.040000915527344,45.4900016784668,45.720001220703125,45.261016845703125,4219100
2024-07-22,45.900001525878906,46.68000030517578,45.7599983215332,46.4900016784668,46.02328872680664,6366400
2024-07-23,46.09000015258789,46.18000030517578,45.52000045776367,45.91999816894531,45.459007263183594,5522100
2024-07-24,45.540000915527344,47.29999923706055,44.970001220703125,46.279998779296875,45.815391540527344,15253200
2024-07-25,44.650001525878906,46.5,44.52000045776367,46.220001220703125,45.75599670410156,12605700
2024-07-26,46.75,47.29999923706055,46.33000183105469,46.91999816894531,46.44896697998047,5541800
2024-07-29,46.88999938964844,46.91999816894531,46.20000076293945,46.63999938964844,46.17177963256836,3106900
2024-07-30,46.529998779296875,46.58000183105469,44.25,45.91999816894531,45.459007263183594,3668000
2024-07-31,46.029998779296875,46.720001220703125,45.7599983215332,46.47999954223633,46.01338577270508,6271800
2024-08-01,46.38999938964844,46.650001525878906,45.97999954223633,46.630001068115234,46.16188049316406,3782500
2024-08-02,45.47999954223633,46.0,44.91999816894531,45.939998626708984,45.47880554199219,6446500
2024-08-05,44.0,44.459999084472656,43.7400016784668,44.43000030517578,43.98396682739258,5685400
2024-08-06,43.779998779296875,45.47999954223633,43.720001220703125,45.029998779296875,44.57794189453125,4069700
2024-08-07,45.040000915527344,45.369998931884766,44.209999084472656,44.279998779296875,43.835472106933594,5150200
2024-08-08,44.47999954223633,45.20000076293945,44.34000015258789,44.849998474121094,44.399749755859375,2698700
2024-08-09,44.79999923706055,44.86000061035156,44.099998474121094,44.349998474121094,43.90476608276367,2214300
2024-08-12,44.689998626708984,44.779998779296875,44.34000015258789,44.5099983215332,44.06315994262695,2048800
2024-08-13,44.599998474121094,45.38999938964844,44.439998626708984,45.22999954223633,44.77593231201172,3211800
2024-08-14,45.83000183105469,46.65999984741211,45.2599983215332,46.119998931884766,45.65699768066406,5181500
2024-08-15,46.099998474121094,47.15999984741211,46.040000915527344,46.880001068115234,46.880001068115234,7447400
2024-08-16,46.459999084472656,47.220001220703125,46.13999938964844,47.08000183105469,47.08000183105469,4172500
2024-08-19,47.08000183105469,47.70000076293945,46.849998474121094,47.630001068115234,47.630001068115234,5297900
2024-08-20,47.599998474121094,47.77000045776367,47.20000076293945,47.45000076293945,47.45000076293945,3576300
2024-08-21,47.93000030517578,48.220001220703125,47.4900016784668,48.20000076293945,48.20000076293945,2367500
2024-08-22,48.25,48.29999923706055,47.83000183105469,47.959999084472656,47.959999084472656,2197300
2024-08-23,48.20000076293945,49.040000915527344,48.06999969482422,48.900001525878906,48.900001525878906,3084900
2024-08-26,48.97999954223633,49.2400016784668,48.59000015258789,48.65999984741211,48.65999984741211,5206300
2024-08-27,48.4900016784668,49.02000045776367,48.34000015258789,48.9900016784668,48.9900016784668,4548100
2024-08-28,48.939998626708984,49.15999984741211,48.400001525878906,48.4900016784668,48.4900016784668,2595800
2024-08-29,48.75,48.75,47.90999984741211,48.11000061035156,48.11000061035156,2202300
2024-08-30,47.900001525878906,48.45000076293945,47.52000045776367,48.41999816894531,48.41999816894531,4194100
2024-09-03,47.93000030517578,48.470001220703125,47.70000076293945,47.77000045776367,47.77000045776367,2940000
2024-09-04,47.56999969482422,47.72999954223633,47.09000015258789,47.310001373291016,47.310001373291016,3096000
2024-09-05,47.599998474121094,47.68000030517578,46.84000015258789,47.52000045776367,47.52000045776367,3163700
2024-09-06,47.29999923706055,47.81999969482422,46.75,47.11000061035156,47.11000061035156,3593600
2024-09-09,47.060001373291016,47.900001525878906,46.77000045776367,47.61000061035156,47.61000061035156,3237200
2024-09-10,47.61000061035156,47.61000061035156,46.970001220703125,47.060001373291016,47.060001373291016,2596300
2024-09-11,46.7599983215332,47.189998626708984,46.31999969482422,47.130001068115234,47.130001068115234,3769800
2024-09-12,47.310001373291016,48.040000915527344,47.150001525878906,47.939998626708984,47.939998626708984,3473000
2024-09-13,48.310001373291016,49.38999938964844,48.25,48.70000076293945,48.70000076293945,3989000
2024-09-16,49.47999954223633,50.16999816894531,48.880001068115234,49.83000183105469,49.83000183105469,5851800
2024-09-17,49.959999084472656,50.54999923706055,49.25,49.4900016784668,49.4900016784668,4996900
2024-09-18,49.900001525878906,50.45000076293945,49.52000045776367,49.540000915527344,49.540000915527344,2729400
2024-09-19,50.380001068115234,50.68000030517578,49.88999938964844,49.97999954223633,49.97999954223633,3587900
2024-09-20,49.720001220703125,50.0,48.650001525878906,48.709999084472656,48.709999084472656,4931800
2024-09-23,48.709999084472656,48.83000183105469,47.939998626708984,48.45000076293945,48.45000076293945,4009900
2024-09-24,48.29999923706055,48.81999969482422,48.29999923706055,48.63999938964844,48.63999938964844,2476300
2024-09-25,48.310001373291016,48.400001525878906,47.97999954223633,48.09000015258789,48.09000015258789,2454300
2024-09-26,48.54999923706055,49.09000015258789,48.400001525878906,49.04999923706055,49.04999923706055,3550800
2024-09-27,49.0,49.2400016784668,48.83000183105469,49.040000915527344,49.040000915527344,2703900
2024-09-30,48.68000030517578,49.04999923706055,48.349998474121094,48.849998474121094,48.849998474121094,4870800
2024-10-01,48.90999984741211,49.349998474121094,48.38999938964844,49.209999084472656,49.209999084472656,3096100
2024-10-02,48.54999923706055,49.22999954223633,48.099998474121094,48.11000061035156,48.11000061035156,3267100
2024-10-03,47.93000030517578,48.27000045776367,47.56999969482422,47.95000076293945,47.95000076293945,3106800
2024-10-04,48.25,48.599998474121094,47.650001525878906,48.529998779296875,48.529998779296875,3648400
2024-10-07,47.52000045776367,47.88999938964844,47.04999923706055,47.689998626708984,47.689998626708984,6429300
2024-10-08,47.060001373291016,47.790000915527344,46.83000183105469,47.34000015258789,47.34000015258789,3957500
2024-10-09,47.16999816894531,47.65999984741211,46.880001068115234,47.099998474121094,47.099998474121094,2937900
2024-10-10,47.099998474121094,47.099998474121094,46.61000061035156,47.0,47.0,2660700
2024-10-11,47.0,48.43000030517578,47.0,48.189998626708984,48.189998626708984,4481200
2024-10-14,47.72999954223633,48.2400016784668,47.61000061035156,48.08000183105469,48.08000183105469,2328700
2024-10-15,48.08000183105469,48.25,47.59000015258789,47.7400016784668,47.7400016784668,6317400
2024-10-16,47.70000076293945,48.15999984741211,47.61000061035156,47.97999954223633,47.97999954223633,4901700
2024-10-17,47.29999923706055,47.52000045776367,46.380001068115234,46.630001068115234,46.630001068115234,6931300
2024-10-18,46.5,46.810001373291016,45.72999954223633,46.779998779296875,46.779998779296875,5304700
2024-10-21,46.599998474121094,46.959999084472656,46.380001068115234,46.93000030517578,46.93000030517578,4642200
2024-10-22,46.790000915527344,47.709999084472656,46.77000045776367,47.529998779296875,47.529998779296875,5170100
2024-10-23,47.869998931884766,49.119998931884766,47.7400016784668,49.04999923706055,49.04999923706055,4714200
2024-10-24,49.099998474121094,49.13999938964844,48.40999984741211,48.63999938964844,48.63999938964844,4320700
2024-10-25,48.720001220703125,48.959999084472656,48.29999923706055,48.56999969482422,48.56999969482422,2472700
