Date,Open,High,Low,Close,Adj Close,Volume
1984-11-05,0.0,3.0,2.9000000953674316,2.950000047683716,1.0712618827819824,106500
1984-11-06,0.0,3.049999952316284,3.0,3.049999952316284,1.1075762510299683,60500
1984-11-07,0.0,3.0999999046325684,3.0,3.0999999046325684,1.1257323026657104,113500
1984-11-08,0.0,3.049999952316284,2.950000047683716,2.950000047683716,1.0712618827819824,75000
1984-11-09,0.0,3.0,2.950000047683716,2.950000047683716,1.0712618827819824,96500
1984-11-12,0.0,2.950000047683716,2.950000047683716,2.950000047683716,1.0712618827819824,7500
1984-11-13,0.0,3.0,3.0,3.0,1.0894190073013306,2500
1984-11-14,0.0,2.950000047683716,2.9000000953674316,2.950000047683716,1.0712618827819824,43500
1984-11-15,0.0,2.950000047683716,2.9000000953674316,2.9000000953674316,1.0531045198440552,28500
1984-11-16,0.0,2.950000047683716,2.9000000953674316,2.950000047683716,1.0712618827819824,124000
1984-11-19,0.0,2.950000047683716,2.9000000953674316,2.9000000953674316,1.0531045198440552,6500
1984-11-20,0.0,2.950000047683716,2.9000000953674316,2.950000047683716,1.0712618827819824,41500
1984-11-21,0.0,3.049999952316284,2.9000000953674316,3.049999952316284,1.1075762510299683,71500
1984-11-23,0.0,3.1500000953674316,3.0,3.1500000953674316,1.1438900232315063,60500
1984-11-26,0.0,3.1500000953674316,3.0999999046325684,3.1500000953674316,1.1438900232315063,49000
1984-11-27,0.0,3.1500000953674316,3.0999999046325684,3.1500000953674316,1.1438900232315063,30500
1984-11-28,0.0,3.0999999046325684,3.0999999046325684,3.0999999046325684,1.1257323026657104,42500
1984-11-29,0.0,3.049999952316284,3.049999952316284,3.049999952316284,1.1075762510299683,3500
1984-11-30,0.0,3.049999952316284,3.0,3.0,1.0894190073013306,53500
1984-12-03,0.0,3.0,2.950000047683716,2.950000047683716,1.0712618827819824,38000
1984-12-04,0.0,3.0,2.950000047683716,2.9749999046325684,1.0803403854370117,30500
1984-12-05,0.0,3.0,2.950000047683716,2.9749999046325684,1.0803403854370117,33500
1984-12-06,0.0,3.0,2.950000047683716,2.950000047683716,1.0712618827819824,12000
1984-12-07,0.0,3.0,2.924999952316284,2.924999952316284,1.0621832609176636,64000
1984-12-10,0.0,3.0,2.950000047683716,2.950000047683716,1.0712618827819824,29500
1984-12-11,0.0,3.0,2.950000047683716,2.950000047683716,1.0712618827819824,34500
1984-12-12,0.0,3.049999952316284,2.950000047683716,3.0,1.0894190073013306,27000
1984-12-13,0.0,2.950000047683716,2.950000047683716,2.950000047683716,1.0712618827819824,17000
1984-12-14,0.0,3.0,2.950000047683716,3.0,1.0894190073013306,25500
1984-12-17,0.0,3.0,2.950000047683716,2.950000047683716,1.0712618827819824,8500
1984-12-18,0.0,3.049999952316284,2.950000047683716,3.049999952316284,1.1075762510299683,18500
1984-12-19,0.0,3.1500000953674316,3.0,3.1500000953674316,1.1438900232315063,48500
1984-12-20,0.0,3.1500000953674316,3.049999952316284,3.0999999046325684,1.1257323026657104,18000
1984-12-21,0.0,3.0999999046325684,3.0,3.0,1.0894190073013306,180500
1984-12-24,0.0,3.0999999046325684,3.0,3.049999952316284,1.1075762510299683,49000
1984-12-26,0.0,3.1500000953674316,3.049999952316284,3.0999999046325684,1.1257323026657104,10500
1984-12-27,0.0,3.1500000953674316,3.049999952316284,3.049999952316284,1.1075762510299683,11000
1984-12-28,0.0,3.0999999046325684,3.049999952316284,3.049999952316284,1.1075762510299683,82500
1984-12-31,0.0,3.0999999046325684,3.049999952316284,3.0999999046325684,1.1257323026657104,47000
1985-01-02,0.0,3.174999952316284,3.0999999046325684,3.0999999046325684,1.1257323026657104,80500
1985-01-03,0.0,3.049999952316284,3.049999952316284,3.049999952316284,1.1075762510299683,6000
1985-01-04,0.0,3.049999952316284,3.049999952316284,3.049999952316284,1.1075762510299683,10500
1985-01-07,0.0,3.0999999046325684,3.0,3.0,1.0894190073013306,2500
1985-01-08,0.0,3.075000047683716,3.0,3.0,1.0894190073013306,156000
1985-01-09,0.0,3.0999999046325684,3.049999952316284,3.049999952316284,1.1075762510299683,24000
1985-01-10,0.0,3.0999999046325684,3.049999952316284,3.0999999046325684,1.1257323026657104,60000
1985-01-11,0.0,3.0999999046325684,3.049999952316284,3.0999999046325684,1.1257323026657104,78500
1985-01-14,0.0,3.0999999046325684,3.049999952316284,3.0999999046325684,1.1257323026657104,56000
1985-01-15,0.0,3.1500000953674316,3.049999952316284,3.049999952316284,1.1075762510299683,15000
1985-01-16,0.0,3.0999999046325684,3.049999952316284,3.0999999046325684,1.1257323026657104,18500
1985-01-17,0.0,3.0999999046325684,3.049999952316284,3.0999999046325684,1.1257323026657104,27000
1985-01-18,0.0,3.200000047683716,3.049999952316284,3.200000047683716,1.1620463132858276,15000
1985-01-21,0.0,3.25,3.0999999046325684,3.1500000953674316,1.1438900232315063,67500
1985-01-22,0.0,3.3499999046325684,3.200000047683716,3.25,1.1802043914794922,174500
1985-01-23,0.0,3.3499999046325684,3.25,3.299999952316284,1.1983606815338135,22500
1985-01-24,0.0,3.4000000953674316,3.299999952316284,3.299999952316284,1.1983606815338135,159500
1985-01-25,0.0,3.299999952316284,3.25,3.299999952316284,1.1983606815338135,58000
1985-01-28,0.0,3.325000047683716,3.25,3.25,1.1802043914794922,195500
1985-01-29,0.0,3.299999952316284,3.200000047683716,3.25,1.1802043914794922,71000
1985-01-30,0.0,3.299999952316284,3.200000047683716,3.299999952316284,1.1983606815338135,54000
1985-01-31,0.0,3.299999952316284,3.200000047683716,3.299999952316284,1.1983606815338135,27000
1985-02-01,0.0,3.299999952316284,3.200000047683716,3.299999952316284,1.1983606815338135,60000
1985-02-04,0.0,3.3499999046325684,3.200000047683716,3.299999952316284,1.1983606815338135,94500
1985-02-05,0.0,3.3499999046325684,3.299999952316284,3.299999952316284,1.1983606815338135,85500
1985-02-06,0.0,3.3499999046325684,3.299999952316284,3.3499999046325684,1.2165173292160034,15000
1985-02-07,0.0,3.3499999046325684,3.299999952316284,3.3499999046325684,1.2165173292160034,149500
1985-02-08,0.0,3.3499999046325684,3.299999952316284,3.3499999046325684,1.2165173292160034,133000
1985-02-11,0.0,3.3499999046325684,3.299999952316284,3.299999952316284,1.1983606815338135,54500
1985-02-12,0.0,3.299999952316284,3.25,3.25,1.1802043914794922,16500
1985-02-13,0.0,3.2750000953674316,3.25,3.25,1.1802043914794922,63500
1985-02-14,0.0,3.299999952316284,3.25,3.25,1.1802043914794922,126000
1985-02-15,0.0,3.299999952316284,3.200000047683716,3.25,1.1802043914794922,360500
1985-02-19,0.0,3.25,3.200000047683716,3.200000047683716,1.1620463132858276,412500
1985-02-20,0.0,3.200000047683716,3.200000047683716,3.200000047683716,1.1620463132858276,26500
1985-02-21,0.0,3.200000047683716,3.1500000953674316,3.1500000953674316,1.1438900232315063,48000
1985-02-22,0.0,3.200000047683716,3.0999999046325684,3.0999999046325684,1.1257323026657104,47000
1985-02-25,0.0,3.0999999046325684,3.0999999046325684,3.0999999046325684,1.1257323026657104,4000
1985-02-26,0.0,3.0999999046325684,3.0999999046325684,3.0999999046325684,1.1257323026657104,12000
1985-02-27,0.0,3.049999952316284,3.049999952316284,3.049999952316284,1.1075762510299683,2500
1985-02-28,0.0,3.049999952316284,3.049999952316284,3.049999952316284,1.1075762510299683,11500
1985-03-01,0.0,3.049999952316284,3.049999952316284,3.049999952316284,1.1075762510299683,3000
1985-03-04,0.0,3.0999999046325684,3.0,3.0,1.0894190073013306,80000
1985-03-05,0.0,3.049999952316284,3.0,3.049999952316284,1.1075762510299683,10500
1985-03-06,0.0,3.0999999046325684,3.0,3.0,1.0894190073013306,11000
1985-03-07,0.0,3.0,3.0,3.0,1.0894190073013306,15500
1985-03-08,0.0,3.0999999046325684,3.0,3.049999952316284,1.1075762510299683,274000
1985-03-11,0.0,3.049999952316284,3.0,3.049999952316284,1.1075762510299683,8000
1985-03-12,0.0,3.0,3.0,3.0,1.0894190073013306,21000
1985-03-13,0.0,3.0999999046325684,3.0,3.049999952316284,1.1075762510299683,235500
1985-03-14,0.0,3.0250000953674316,2.950000047683716,2.950000047683716,1.0712618827819824,1500
1985-03-15,0.0,3.0250000953674316,2.950000047683716,2.950000047683716,1.0712618827819824,113500
1985-03-18,0.0,2.950000047683716,2.950000047683716,2.950000047683716,1.0712618827819824,1000
1985-03-19,0.0,3.049999952316284,2.950000047683716,3.049999952316284,1.1075762510299683,11500
1985-03-20,0.0,3.0250000953674316,2.950000047683716,2.950000047683716,1.0712618827819824,27500
1985-03-21,0.0,2.950000047683716,2.950000047683716,2.950000047683716,1.0712618827819824,12000
1985-03-22,0.0,3.0,2.950000047683716,2.950000047683716,1.0712618827819824,12500
1985-03-25,0.0,2.950000047683716,2.950000047683716,2.950000047683716,1.0712618827819824,15500
1985-03-26,0.0,2.950000047683716,2.950000047683716,2.950000047683716,1.0712618827819824,6000
1985-03-27,0.0,3.0,2.9000000953674316,2.9000000953674316,1.0531045198440552,117500
1985-03-28,0.0,3.0,2.8499999046325684,3.0,1.0894190073013306,348000
1985-03-29,0.0,3.0,2.9000000953674316,2.924999952316284,1.0621832609176636,42500
1985-04-01,0.0,3.0,2.9000000953674316,2.924999952316284,1.0621832609176636,110000
1985-04-02,0.0,2.9000000953674316,2.9000000953674316,2.9000000953674316,1.0531045198440552,28000
1985-04-03,0.0,2.950000047683716,2.8499999046325684,2.8499999046325684,1.034948468208313,29500
1985-04-04,0.0,2.875,2.8499999046325684,2.875,1.0440266132354736,19000
1985-04-08,0.0,2.9000000953674316,2.8499999046325684,2.9000000953674316,1.0531045198440552,10500
1985-04-09,0.0,2.9000000953674316,2.8499999046325684,2.9000000953674316,1.0531045198440552,22000
1985-04-10,0.0,2.950000047683716,2.924999952316284,2.950000047683716,1.0712618827819824,17000
1985-04-11,0.0,3.0,2.9000000953674316,2.950000047683716,1.0712618827819824,48000
1985-04-12,0.0,2.9749999046325684,2.9000000953674316,2.9000000953674316,1.0531045198440552,29500
1985-04-15,0.0,2.9000000953674316,2.9000000953674316,2.9000000953674316,1.0531045198440552,15000
1985-04-16,0.0,2.9749999046325684,2.9000000953674316,2.9000000953674316,1.0531045198440552,7500
1985-04-17,0.0,3.049999952316284,2.950000047683716,3.0,1.0894190073013306,19000
1985-04-18,0.0,3.049999952316284,2.950000047683716,3.049999952316284,1.1075762510299683,4500
1985-04-19,0.0,2.9749999046325684,2.950000047683716,2.9749999046325684,1.0803403854370117,4500
1985-04-22,0.0,3.049999952316284,2.950000047683716,2.950000047683716,1.0712618827819824,15500
1985-04-23,0.0,3.049999952316284,3.049999952316284,3.049999952316284,1.1075762510299683,2500
1985-04-24,0.0,3.0250000953674316,2.950000047683716,2.950000047683716,1.0712618827819824,4500
1985-04-25,0.0,3.049999952316284,2.9000000953674316,2.9000000953674316,1.0531045198440552,95500
1985-04-26,0.0,3.049999952316284,2.950000047683716,3.0250000953674316,1.0984973907470703,20500
1985-04-29,0.0,3.0250000953674316,2.950000047683716,3.0250000953674316,1.0984973907470703,21000
1985-04-30,0.0,3.049999952316284,2.950000047683716,2.950000047683716,1.0712618827819824,4500
1985-05-01,0.0,3.049999952316284,2.950000047683716,2.950000047683716,1.0712618827819824,9500
1985-05-02,0.0,2.9749999046325684,2.950000047683716,2.9749999046325684,1.0803403854370117,14000
1985-05-03,0.0,3.0250000953674316,2.950000047683716,3.0250000953674316,1.0984973907470703,6000
1985-05-06,0.0,3.0,2.950000047683716,2.9749999046325684,1.0803403854370117,3000
1985-05-07,0.0,3.0,2.950000047683716,2.9749999046325684,1.0803403854370117,17000
1985-05-08,0.0,3.0,2.9000000953674316,2.9000000953674316,1.0531045198440552,29500
1985-05-09,0.0,2.950000047683716,2.9000000953674316,2.924999952316284,1.0621832609176636,20500
1985-05-10,0.0,2.924999952316284,2.9000000953674316,2.9000000953674316,1.0531045198440552,32500
1985-05-13,0.0,2.950000047683716,2.9000000953674316,2.950000047683716,1.0712618827819824,41000
1985-05-14,0.0,2.950000047683716,2.9000000953674316,2.950000047683716,1.0712618827819824,123500
1985-05-15,0.0,2.950000047683716,2.9000000953674316,2.9000000953674316,1.0531045198440552,28000
1985-05-16,0.0,2.950000047683716,2.9000000953674316,2.924999952316284,1.0621832609176636,19500
1985-05-17,0.0,3.0,2.9000000953674316,2.950000047683716,1.0712618827819824,38500
1985-05-20,0.0,3.049999952316284,2.950000047683716,3.049999952316284,1.1075762510299683,19500
1985-05-21,0.0,3.049999952316284,2.950000047683716,3.049999952316284,1.1075762510299683,101000
1985-05-22,0.0,3.049999952316284,3.0,3.049999952316284,1.1075762510299683,42000
1985-05-23,0.0,3.200000047683716,3.0,3.200000047683716,1.1620463132858276,143000
1985-05-24,0.0,3.200000047683716,3.0999999046325684,3.0999999046325684,1.1257323026657104,20500
1985-05-28,0.0,3.200000047683716,3.1500000953674316,3.1500000953674316,1.1438900232315063,16000
1985-05-29,0.0,3.200000047683716,3.200000047683716,3.200000047683716,1.1620463132858276,31000
1985-05-30,0.0,3.200000047683716,3.200000047683716,3.200000047683716,1.1620463132858276,2500
1985-05-31,0.0,3.3499999046325684,3.200000047683716,3.325000047683716,1.2074393033981323,72500
1985-06-03,0.0,3.3499999046325684,3.25,3.25,1.1802043914794922,21000
1985-06-04,0.0,3.3499999046325684,3.25,3.3499999046325684,1.2165173292160034,12000
1985-06-05,0.0,3.299999952316284,3.25,3.25,1.1802043914794922,27500
1985-06-06,0.0,3.3499999046325684,3.25,3.299999952316284,1.1983606815338135,82000
1985-06-07,0.0,3.299999952316284,3.25,3.299999952316284,1.1983606815338135,34500
1985-06-10,0.0,3.3499999046325684,3.25,3.3499999046325684,1.2165173292160034,59500
1985-06-11,0.0,3.299999952316284,3.299999952316284,3.299999952316284,1.1983606815338135,18000
1985-06-12,0.0,3.3499999046325684,3.25,3.25,1.1802043914794922,111000
1985-06-13,0.0,3.25,3.25,3.25,1.1802043914794922,500
1985-06-14,0.0,3.299999952316284,3.25,3.25,1.1802043914794922,22500
1985-06-17,0.0,3.3499999046325684,3.25,3.25,1.1802043914794922,38000
1985-06-18,0.0,3.25,3.25,3.25,1.1802043914794922,11500
1985-06-19,0.0,3.25,3.1500000953674316,3.1500000953674316,1.1438900232315063,20500
1985-06-20,0.0,3.1500000953674316,3.1500000953674316,3.1500000953674316,1.1438900232315063,15500
1985-06-21,0.0,3.1500000953674316,3.049999952316284,3.1500000953674316,1.1438900232315063,89000
1985-06-24,0.0,3.049999952316284,3.049999952316284,3.049999952316284,1.1075762510299683,3000
1985-06-25,0.0,3.125,3.049999952316284,3.049999952316284,1.1075762510299683,72500
1985-06-26,0.0,3.049999952316284,2.9749999046325684,3.0250000953674316,1.0984973907470703,348000
1985-06-27,0.0,3.049999952316284,2.950000047683716,3.0,1.0894190073013306,9000
1985-06-28,0.0,3.049999952316284,3.0,3.0,1.0894190073013306,73500
1985-07-01,0.0,3.049999952316284,3.0,3.049999952316284,1.1075762510299683,3500
1985-07-02,0.0,3.049999952316284,3.0,3.0,1.0894190073013306,18500
1985-07-03,0.0,3.049999952316284,2.950000047683716,3.0,1.0894190073013306,36000
1985-07-05,0.0,3.049999952316284,3.049999952316284,3.049999952316284,1.1075762510299683,10000
1985-07-08,0.0,3.049999952316284,3.0,3.049999952316284,1.1075762510299683,39000
1985-07-09,0.0,3.0,3.0,3.0,1.0894190073013306,51000
1985-07-10,0.0,3.049999952316284,3.0,3.0,1.0894190073013306,3000
1985-07-11,0.0,3.049999952316284,3.0,3.049999952316284,1.1075762510299683,30000
1985-07-12,0.0,3.049999952316284,3.0,3.0,1.0894190073013306,52000
1985-07-15,0.0,3.049999952316284,3.0,3.0,1.0894190073013306,39000
1985-07-16,0.0,3.0999999046325684,3.0,3.0999999046325684,1.1257323026657104,101500
1985-07-17,0.0,3.125,3.049999952316284,3.049999952316284,1.1075762510299683,42500
1985-07-18,0.0,3.1500000953674316,3.049999952316284,3.049999952316284,1.1075762510299683,16500
1985-07-19,0.0,3.1500000953674316,3.049999952316284,3.1500000953674316,1.1438900232315063,30500
1985-07-22,0.0,3.1500000953674316,3.049999952316284,3.049999952316284,1.1075762510299683,4500
1985-07-23,0.0,3.1500000953674316,3.049999952316284,3.049999952316284,1.1075762510299683,4500
1985-07-24,0.0,3.1500000953674316,3.049999952316284,3.049999952316284,1.1075762510299683,18500
1985-07-25,0.0,3.049999952316284,3.049999952316284,3.049999952316284,1.1075762510299683,3000
1985-07-26,0.0,3.1500000953674316,3.049999952316284,3.1500000953674316,1.1438900232315063,9500
1985-07-29,0.0,3.049999952316284,3.049999952316284,3.049999952316284,1.1075762510299683,8000
1985-07-30,0.0,3.0999999046325684,3.049999952316284,3.0999999046325684,1.1257323026657104,9500
1985-07-31,0.0,3.0999999046325684,3.049999952316284,3.049999952316284,1.1075762510299683,6000
1985-08-01,0.0,3.049999952316284,3.049999952316284,3.049999952316284,1.1075762510299683,21500
1985-08-02,0.0,3.200000047683716,3.049999952316284,3.1500000953674316,1.1438900232315063,72000
1985-08-05,0.0,3.25,3.125,3.25,1.1802043914794922,53000
1985-08-06,0.0,3.25,3.1500000953674316,3.25,1.1802043914794922,15000
1985-08-07,0.0,3.1500000953674316,3.1500000953674316,3.1500000953674316,1.1438900232315063,6500
1985-08-08,0.0,3.174999952316284,3.1500000953674316,3.174999952316284,1.1529685258865356,9500
1985-08-09,0.0,3.1500000953674316,3.1500000953674316,3.1500000953674316,1.1438900232315063,6000
1985-08-12,0.0,3.200000047683716,3.200000047683716,3.200000047683716,1.1620463132858276,26000
1985-08-13,0.0,3.200000047683716,3.1500000953674316,3.1500000953674316,1.1438900232315063,10500
1985-08-14,0.0,3.0999999046325684,3.0999999046325684,3.0999999046325684,1.1257323026657104,13500
1985-08-15,0.0,3.1500000953674316,3.0999999046325684,3.1500000953674316,1.1438900232315063,42000
1985-08-16,0.0,3.1500000953674316,3.0999999046325684,3.1500000953674316,1.1438900232315063,57500
1985-08-19,0.0,3.1500000953674316,3.0999999046325684,3.0999999046325684,1.1257323026657104,3000
1985-08-20,0.0,3.0999999046325684,3.0999999046325684,3.0999999046325684,1.1257323026657104,24000
1985-08-21,0.0,3.1500000953674316,3.049999952316284,3.1500000953674316,1.1438900232315063,22500
1985-08-22,0.0,3.1500000953674316,3.049999952316284,3.0999999046325684,1.1257323026657104,64500
1985-08-23,0.0,3.049999952316284,3.049999952316284,3.049999952316284,1.1075762510299683,4000
1985-08-26,0.0,3.1500000953674316,3.0999999046325684,3.1500000953674316,1.1438900232315063,28000
1985-08-27,0.0,3.0999999046325684,3.0999999046325684,3.0999999046325684,1.1257323026657104,15000
1985-08-28,0.0,3.1500000953674316,3.0999999046325684,3.0999999046325684,1.1257323026657104,10500
1985-08-29,0.0,3.1500000953674316,3.0999999046325684,3.0999999046325684,1.1257323026657104,8500
1985-08-30,0.0,3.125,3.0999999046325684,3.125,1.1348108053207397,17500
1985-09-03,0.0,3.200000047683716,3.1500000953674316,3.1500000953674316,1.1438900232315063,30000
1985-09-04,0.0,3.1500000953674316,3.1500000953674316,3.1500000953674316,1.1438900232315063,6000
1985-09-05,0.0,3.25,3.1500000953674316,3.2249999046325684,1.1711251735687256,52500
1985-09-06,0.0,3.25,3.1500000953674316,3.200000047683716,1.1620463132858276,38000
1985-09-09,0.0,3.25,3.200000047683716,3.200000047683716,1.1620463132858276,57500
1985-09-10,0.0,3.25,3.200000047683716,3.2249999046325684,1.1711251735687256,49000
1985-09-11,0.0,3.25,3.1500000953674316,3.1500000953674316,1.1438900232315063,91500
1985-09-12,0.0,3.174999952316284,3.1500000953674316,3.1500000953674316,1.1438900232315063,7000
1985-09-13,0.0,3.1500000953674316,3.0999999046325684,3.1500000953674316,1.1438900232315063,44500
1985-09-16,0.0,3.1500000953674316,3.0999999046325684,3.0999999046325684,1.1257323026657104,74500
1985-09-17,0.0,3.0999999046325684,3.0,3.0,1.0894190073013306,367000
1985-09-18,0.0,3.049999952316284,2.950000047683716,3.049999952316284,1.1075762510299683,45500
1985-09-19,0.0,3.049999952316284,2.950000047683716,3.049999952316284,1.1075762510299683,32000
1985-09-20,0.0,3.0,2.950000047683716,3.0,1.0894190073013306,2000
1985-09-23,0.0,3.0,2.950000047683716,3.0,1.0894190073013306,18000
1985-09-24,0.0,3.049999952316284,3.0,3.0,1.0894190073013306,17500
1985-09-25,0.0,3.049999952316284,3.0,3.0,1.0894190073013306,2500
1985-09-26,0.0,3.0999999046325684,3.0,3.0,1.0894190073013306,56500
1985-09-30,0.0,3.0999999046325684,3.049999952316284,3.0999999046325684,1.1257323026657104,11500
1985-10-01,0.0,3.0999999046325684,3.049999952316284,3.049999952316284,1.1075762510299683,97500
1985-10-02,0.0,3.0999999046325684,3.049999952316284,3.049999952316284,1.1075762510299683,61500
1985-10-03,0.0,3.0999999046325684,3.0999999046325684,3.0999999046325684,1.1257323026657104,500
1985-10-04,0.0,3.0999999046325684,3.049999952316284,3.049999952316284,1.1075762510299683,35500
1985-10-07,0.0,3.0999999046325684,3.049999952316284,3.049999952316284,1.1075762510299683,40000
1985-10-08,0.0,3.1500000953674316,3.049999952316284,3.0999999046325684,1.1257323026657104,66500
1985-10-09,0.0,3.1500000953674316,3.0999999046325684,3.0999999046325684,1.1257323026657104,6000
1985-10-10,0.0,3.200000047683716,3.0999999046325684,3.200000047683716,1.1620463132858276,16500
1985-10-11,0.0,3.200000047683716,3.1500000953674316,3.1500000953674316,1.1438900232315063,38500
1985-10-14,0.0,3.200000047683716,3.1500000953674316,3.1500000953674316,1.1438900232315063,8500
1985-10-15,0.0,3.200000047683716,3.1500000953674316,3.1500000953674316,1.1438900232315063,58500
1985-10-16,0.0,3.25,3.1500000953674316,3.25,1.1802043914794922,18000
1985-10-17,0.0,3.200000047683716,3.200000047683716,3.200000047683716,1.1620463132858276,15500
1985-10-18,0.0,3.25,3.200000047683716,3.25,1.1802043914794922,13500
1985-10-21,0.0,3.25,3.200000047683716,3.200000047683716,1.1620463132858276,12000
1985-10-22,0.0,3.200000047683716,3.200000047683716,3.200000047683716,1.1620463132858276,2500
1985-10-23,0.0,3.299999952316284,3.200000047683716,3.2249999046325684,1.1711251735687256,57500
1985-10-24,0.0,3.200000047683716,3.200000047683716,3.200000047683716,1.1620463132858276,10500
1985-10-25,0.0,3.25,3.200000047683716,3.200000047683716,1.1620463132858276,68500
1985-10-28,0.0,3.200000047683716,3.200000047683716,3.200000047683716,1.1620463132858276,2500
1985-10-29,0.0,3.25,3.200000047683716,3.25,1.1802043914794922,202000
1985-10-30,0.0,3.25,3.200000047683716,3.25,1.1802043914794922,112500
1985-10-31,0.0,3.25,3.200000047683716,3.200000047683716,1.1620463132858276,8000
1985-11-01,0.0,3.25,3.200000047683716,3.200000047683716,1.1620463132858276,78000
1985-11-04,0.0,3.299999952316284,3.200000047683716,3.200000047683716,1.1620463132858276,19500
1985-11-05,0.0,3.25,3.200000047683716,3.25,1.1802043914794922,110500
1985-11-06,0.0,3.299999952316284,3.200000047683716,3.299999952316284,1.1983606815338135,19500
1985-11-07,0.0,3.4000000953674316,3.200000047683716,3.299999952316284,1.1983606815338135,153000
1985-11-08,0.0,3.4000000953674316,3.25,3.4000000953674316,1.2346742153167725,37000
1985-11-11,0.0,3.450000047683716,3.3499999046325684,3.4000000953674316,1.2346742153167725,21500
1985-11-12,0.0,3.5,3.4000000953674316,3.450000047683716,1.2528319358825684,110000
1985-11-13,0.0,3.5,3.450000047683716,3.450000047683716,1.2528319358825684,22000
1985-11-14,0.0,3.5,3.450000047683716,3.5,1.2709885835647583,64500
1985-11-15,0.0,3.5,3.424999952316284,3.5,1.2709885835647583,406000
1985-11-18,0.0,3.450000047683716,3.450000047683716,3.450000047683716,1.2528319358825684,500
1985-11-19,0.0,3.549999952316284,3.424999952316284,3.549999952316284,1.2891453504562378,856000
1985-11-20,0.0,3.549999952316284,3.450000047683716,3.450000047683716,1.2528319358825684,352000
1985-11-21,0.0,3.549999952316284,3.450000047683716,3.549999952316284,1.2891453504562378,107500
1985-11-22,0.0,3.549999952316284,3.450000047683716,3.450000047683716,1.2528319358825684,25500
1985-11-25,0.0,3.549999952316284,3.450000047683716,3.450000047683716,1.2528319358825684,34000
1985-11-26,0.0,3.5,3.450000047683716,3.450000047683716,1.2528319358825684,245000
1985-11-27,0.0,3.5,3.4000000953674316,3.424999952316284,1.2437533140182495,277000
1985-11-29,0.0,3.450000047683716,3.4000000953674316,3.450000047683716,1.2528319358825684,14500
1985-12-02,0.0,3.450000047683716,3.4000000953674316,3.450000047683716,1.2528319358825684,215500
1985-12-03,0.0,3.450000047683716,3.4000000953674316,3.450000047683716,1.2528319358825684,695500
1985-12-04,0.0,3.5,3.4000000953674316,3.5,1.2709885835647583,44000
1985-12-05,0.0,3.549999952316284,3.450000047683716,3.549999952316284,1.2891453504562378,47500
1985-12-06,0.0,3.549999952316284,3.450000047683716,3.5,1.2709885835647583,93000
1985-12-09,0.0,3.5,3.450000047683716,3.450000047683716,1.2528319358825684,79500
1985-12-10,0.0,3.5,3.450000047683716,3.450000047683716,1.2528319358825684,17500
1985-12-11,0.0,3.5,3.4000000953674316,3.4000000953674316,1.2346742153167725,249000
1985-12-12,0.0,3.5,3.4000000953674316,3.4000000953674316,1.2346742153167725,67500
1985-12-13,0.0,3.549999952316284,3.450000047683716,3.549999952316284,1.2891453504562378,129500
1985-12-16,0.0,3.5999999046325684,3.5,3.549999952316284,1.2891453504562378,149000
1985-12-17,0.0,3.625,3.549999952316284,3.5999999046325684,1.3073030710220337,7000
1985-12-18,0.0,3.549999952316284,3.549999952316284,3.549999952316284,1.2891453504562378,4000
1985-12-19,0.0,3.5999999046325684,3.549999952316284,3.5999999046325684,1.3073030710220337,31000
1985-12-20,0.0,3.5999999046325684,3.549999952316284,3.5999999046325684,1.3073030710220337,42500
1985-12-23,0.0,3.5999999046325684,3.549999952316284,3.549999952316284,1.2891453504562378,35000
1985-12-24,0.0,3.5999999046325684,3.549999952316284,3.549999952316284,1.2891453504562378,16000
1985-12-26,0.0,3.5999999046325684,3.5999999046325684,3.5999999046325684,1.3073030710220337,15000
1985-12-27,0.0,3.5999999046325684,3.549999952316284,3.549999952316284,1.2891453504562378,23000
1985-12-30,0.0,3.5999999046325684,3.549999952316284,3.5999999046325684,1.3073030710220337,49500
1985-12-31,0.0,3.5999999046325684,3.549999952316284,3.549999952316284,1.2891453504562378,180000
1986-01-02,0.0,3.5999999046325684,3.549999952316284,3.5999999046325684,1.3073030710220337,14000
1986-01-03,0.0,3.5999999046325684,3.549999952316284,3.5999999046325684,1.3073030710220337,89500
1986-01-06,0.0,3.6500000953674316,3.549999952316284,3.6500000953674316,1.3254601955413818,57500
1986-01-07,0.0,3.6500000953674316,3.549999952316284,3.549999952316284,1.2891453504562378,39500
1986-01-08,0.0,3.6500000953674316,3.549999952316284,3.549999952316284,1.2891453504562378,52500
1986-01-09,0.0,3.6500000953674316,3.549999952316284,3.6500000953674316,1.3254601955413818,43500
1986-01-10,0.0,3.6500000953674316,3.549999952316284,3.549999952316284,1.2891453504562378,37500
1986-01-13,0.0,3.6500000953674316,3.549999952316284,3.549999952316284,1.2891453504562378,71500
1986-01-14,0.0,3.6500000953674316,3.6500000953674316,3.6500000953674316,1.3254601955413818,500
1986-01-15,0.0,3.6500000953674316,3.5999999046325684,3.5999999046325684,1.3073030710220337,21000
1986-01-16,0.0,3.6500000953674316,3.549999952316284,3.549999952316284,1.2891453504562378,57500
1986-01-17,0.0,3.6500000953674316,3.549999952316284,3.6500000953674316,1.3254601955413818,62500
1986-01-20,0.0,3.6500000953674316,3.549999952316284,3.6500000953674316,1.3254601955413818,25500
1986-01-21,0.0,3.6500000953674316,3.549999952316284,3.5999999046325684,1.3073030710220337,10000
1986-01-22,0.0,3.6500000953674316,3.549999952316284,3.6500000953674316,1.3254601955413818,25000
1986-01-23,0.0,3.6500000953674316,3.549999952316284,3.549999952316284,1.2891453504562378,75500
1986-01-24,0.0,3.6500000953674316,3.549999952316284,3.549999952316284,1.2891453504562378,49000
1986-01-27,0.0,3.6500000953674316,3.549999952316284,3.5999999046325684,1.3073030710220337,82000
1986-01-28,0.0,3.6500000953674316,3.5999999046325684,3.5999999046325684,1.3073030710220337,75500
1986-01-29,0.0,3.700000047683716,3.5999999046325684,3.5999999046325684,1.3073030710220337,63000
1986-01-30,0.0,3.700000047683716,3.5999999046325684,3.5999999046325684,1.3073030710220337,26000
1986-01-31,0.0,3.700000047683716,3.5999999046325684,3.700000047683716,1.3436167240142822,15500
1986-02-03,0.0,3.700000047683716,3.5999999046325684,3.700000047683716,1.3436167240142822,5500
1986-02-04,0.0,3.6500000953674316,3.5999999046325684,3.5999999046325684,1.3073030710220337,12000
1986-02-05,0.0,3.6500000953674316,3.5999999046325684,3.5999999046325684,1.3073030710220337,16500
1986-02-06,0.0,3.6500000953674316,3.5999999046325684,3.6500000953674316,1.3254601955413818,17000
1986-02-07,0.0,3.6500000953674316,3.5999999046325684,3.6500000953674316,1.3254601955413818,8500
1986-02-10,0.0,3.6500000953674316,3.5999999046325684,3.5999999046325684,1.3073030710220337,69000
1986-02-11,0.0,3.6500000953674316,3.5999999046325684,3.6500000953674316,1.3254601955413818,20500
1986-02-12,0.0,3.700000047683716,3.5999999046325684,3.700000047683716,1.3436167240142822,253500
1986-02-13,0.0,3.950000047683716,3.625,3.9000000953674316,1.4162441492080688,350000
1986-02-14,0.0,3.950000047683716,3.9000000953674316,3.950000047683716,1.434402346611023,109000
1986-02-18,0.0,3.950000047683716,3.9000000953674316,3.9000000953674316,1.4162441492080688,118500
1986-02-19,0.0,4.0,3.9000000953674316,3.9000000953674316,1.4162441492080688,108500
1986-02-20,0.0,3.950000047683716,3.8499999046325684,3.8499999046325684,1.3980878591537476,112000
1986-02-21,0.0,3.950000047683716,3.799999952316284,3.799999952316284,1.379930853843689,72500
1986-02-24,0.0,3.9000000953674316,3.799999952316284,3.799999952316284,1.379930853843689,26500
1986-02-25,0.0,4.050000190734863,3.799999952316284,4.0,1.4525580406188965,344000
1986-02-26,0.0,4.099999904632568,4.0,4.0,1.4525580406188965,410000
1986-02-27,0.0,4.300000190734863,4.0,4.300000190734863,1.5615007877349854,432500
1986-02-28,0.0,4.599999904632568,4.300000190734863,4.5,1.6341274976730347,430000
1986-03-03,0.0,4.550000190734863,4.449999809265137,4.550000190734863,1.6522858142852783,191500
1986-03-04,0.0,4.550000190734863,4.349999904632568,4.349999904632568,1.579657793045044,197000
1986-03-05,0.0,4.400000095367432,4.25,4.349999904632568,1.579657793045044,203000
1986-03-06,0.0,4.349999904632568,4.199999809265137,4.349999904632568,1.579657793045044,650500
1986-03-07,0.0,4.375,4.300000190734863,4.349999904632568,1.579657793045044,394000
1986-03-10,0.0,4.449999809265137,4.349999904632568,4.449999809265137,1.6159709692001343,556000
1986-03-11,0.0,4.5,4.400000095367432,4.400000095367432,1.5978145599365234,267500
1986-03-12,0.0,4.550000190734863,4.449999809265137,4.550000190734863,1.6522858142852783,254000
1986-03-13,0.0,4.599999904632568,4.5,4.550000190734863,1.6522858142852783,273000
1986-03-14,0.0,4.75,4.550000190734863,4.75,1.7249126434326172,374500
1986-03-17,0.0,4.75,4.650000095367432,4.699999809265137,1.706756353378296,375000
1986-03-18,0.0,4.699999809265137,4.650000095367432,4.650000095367432,1.688599705696106,208000
1986-03-19,0.0,4.650000095367432,4.599999904632568,4.599999904632568,1.6704421043395996,17000
1986-03-20,0.0,4.650000095367432,4.599999904632568,4.650000095367432,1.688599705696106,18000
1986-03-21,0.0,4.650000095367432,4.599999904632568,4.650000095367432,1.688599705696106,92000
1986-03-24,0.0,4.650000095367432,4.599999904632568,4.599999904632568,1.6704421043395996,103500
1986-03-25,0.0,4.650000095367432,4.550000190734863,4.599999904632568,1.6704421043395996,814000
1986-03-26,0.0,4.699999809265137,4.599999904632568,4.650000095367432,1.688599705696106,192000
1986-03-27,0.0,4.650000095367432,4.550000190734863,4.550000190734863,1.6522858142852783,159000
1986-03-31,0.0,4.599999904632568,4.550000190734863,4.550000190734863,1.6522858142852783,42500
1986-04-01,0.0,4.599999904632568,4.550000190734863,4.599999904632568,1.6704421043395996,40500
1986-04-02,0.0,4.599999904632568,4.5,4.5,1.6341274976730347,70500
1986-04-03,0.0,4.599999904632568,4.449999809265137,4.449999809265137,1.6159709692001343,87500
1986-04-04,0.0,4.550000190734863,4.449999809265137,4.5,1.6341274976730347,195500
1986-04-07,0.0,4.574999809265137,4.5,4.550000190734863,1.6522858142852783,85000
1986-04-08,0.0,4.599999904632568,4.5,4.599999904632568,1.6704421043395996,112000
1986-04-09,0.0,4.800000190734863,4.599999904632568,4.699999809265137,1.706756353378296,333500
1986-04-10,0.0,4.800000190734863,4.650000095367432,4.75,1.7249126434326172,171500
1986-04-11,0.0,4.849999904632568,4.75,4.849999904632568,1.7612271308898926,101000
1986-04-14,0.0,4.849999904632568,4.75,4.849999904632568,1.7612271308898926,61500
1986-04-15,0.0,4.849999904632568,4.75,4.849999904632568,1.7612271308898926,14500
1986-04-16,0.0,4.849999904632568,4.75,4.849999904632568,1.7612271308898926,30000
1986-04-17,0.0,4.849999904632568,4.75,4.849999904632568,1.7612271308898926,73500
1986-04-18,0.0,4.900000095367432,4.800000190734863,4.800000190734863,1.7430708408355713,50500
1986-04-21,0.0,4.949999809265137,4.849999904632568,4.900000095367432,1.7793852090835571,125500
1986-04-22,0.0,5.0,4.900000095367432,4.900000095367432,1.7793852090835571,113500
1986-04-23,0.0,4.949999809265137,4.900000095367432,4.900000095367432,1.7793852090835571,22000
1986-04-24,0.0,5.050000190734863,4.900000095367432,4.949999809265137,1.7975404262542725,80000
1986-04-25,0.0,5.199999809265137,5.0,5.175000190734863,1.879247784614563,152000
1986-04-28,0.0,5.150000095367432,5.099999904632568,5.150000095367432,1.8701696395874023,22500
1986-04-29,0.0,5.150000095367432,5.050000190734863,5.050000190734863,1.8338558673858643,83000
1986-04-30,0.0,5.150000095367432,4.800000190734863,4.800000190734863,1.7430708408355713,158500
1986-05-01,0.0,4.849999904632568,4.75,4.849999904632568,1.7612271308898926,63000
1986-05-02,0.0,4.900000095367432,4.75,4.900000095367432,1.7793852090835571,87000
1986-05-05,0.0,4.900000095367432,4.800000190734863,4.849999904632568,1.7612271308898926,122500
1986-05-06,0.0,4.900000095367432,4.800000190734863,4.900000095367432,1.7793852090835571,43000
1986-05-07,0.0,4.900000095367432,4.650000095367432,4.75,1.7249126434326172,66500
1986-05-08,0.0,4.75,4.599999904632568,4.699999809265137,1.706756353378296,90000
1986-05-09,0.0,4.800000190734863,4.650000095367432,4.75,1.7249126434326172,205500
1986-05-12,0.0,4.849999904632568,4.75,4.75,1.7249126434326172,17500
1986-05-13,0.0,4.849999904632568,4.75,4.75,1.7249126434326172,28000
1986-05-14,0.0,4.849999904632568,4.75,4.75,1.7249126434326172,47500
1986-05-15,0.0,4.849999904632568,4.650000095367432,4.650000095367432,1.688599705696106,575500
1986-05-16,0.0,4.699999809265137,4.650000095367432,4.650000095367432,1.688599705696106,647500
1986-05-19,0.0,4.699999809265137,4.650000095367432,4.650000095367432,1.688599705696106,67000
1986-05-20,0.0,4.75,4.650000095367432,4.75,1.7249126434326172,8000
1986-05-21,0.0,4.800000190734863,4.699999809265137,4.800000190734863,1.7430708408355713,86500
1986-05-22,0.0,4.800000190734863,4.75,4.800000190734863,1.7430708408355713,10000
1986-05-23,0.0,4.800000190734863,4.75,4.75,1.7249126434326172,13500
1986-05-27,0.0,4.800000190734863,4.75,4.800000190734863,1.7430708408355713,30000
1986-05-28,0.0,4.800000190734863,4.75,4.800000190734863,1.7430708408355713,31000
1986-05-29,0.0,4.949999809265137,4.800000190734863,4.949999809265137,1.7975404262542725,215500
1986-05-30,0.0,5.0,4.900000095367432,4.949999809265137,1.7975404262542725,65500
1986-06-02,0.0,5.0,4.900000095367432,4.900000095367432,1.7793852090835571,44500
1986-06-03,0.0,5.0,4.900000095367432,4.900000095367432,1.7793852090835571,56000
1986-06-04,0.0,4.949999809265137,4.900000095367432,4.949999809265137,1.7975404262542725,51000
1986-06-05,0.0,4.949999809265137,4.900000095367432,4.949999809265137,1.7975404262542725,36500
1986-06-06,0.0,4.949999809265137,4.800000190734863,4.800000190734863,1.7430708408355713,65000
1986-06-09,0.0,4.849999904632568,4.650000095367432,4.650000095367432,1.688599705696106,744000
1986-06-10,0.0,4.75,4.650000095367432,4.75,1.7249126434326172,21000
1986-06-11,0.0,4.75,4.650000095367432,4.650000095367432,1.688599705696106,6500
1986-06-12,0.0,4.75,4.650000095367432,4.75,1.7249126434326172,62000
1986-06-13,0.0,4.800000190734863,4.699999809265137,4.800000190734863,1.7430708408355713,63000
1986-06-16,0.0,4.900000095367432,4.75,4.800000190734863,1.7430708408355713,200500
1986-06-17,0.0,4.949999809265137,4.800000190734863,4.900000095367432,1.7793852090835571,40000
1986-06-18,0.0,5.0,4.900000095367432,4.900000095367432,1.7793852090835571,56000
1986-06-19,0.0,5.099999904632568,4.900000095367432,5.0,1.8156989812850952,327500
1986-06-20,0.0,5.050000190734863,5.0,5.0,1.8156989812850952,109500
1986-06-23,0.0,5.050000190734863,4.949999809265137,5.0,1.8156989812850952,188500
1986-06-24,0.0,5.0,4.949999809265137,5.0,1.8156989812850952,24500
1986-06-25,0.0,5.0,4.900000095367432,4.949999809265137,1.7975404262542725,29500
1986-06-26,0.0,4.949999809265137,4.900000095367432,4.949999809265137,1.7975404262542725,63000
1986-06-27,0.0,5.050000190734863,4.949999809265137,5.050000190734863,1.8338558673858643,150000
1986-06-30,0.0,5.099999904632568,5.0,5.025000095367432,1.8247761726379395,192500
1986-07-01,0.0,5.099999904632568,4.949999809265137,4.949999809265137,1.7975404262542725,156000
1986-07-02,0.0,5.0,4.900000095367432,5.0,1.8156989812850952,41500
1986-07-03,0.0,5.0,4.900000095367432,5.0,1.8156989812850952,110500
1986-07-07,0.0,5.0,4.599999904632568,4.650000095367432,1.688599705696106,153000
1986-07-08,0.0,4.699999809265137,4.5,4.5,1.6341274976730347,119000
1986-07-09,0.0,4.550000190734863,4.449999809265137,4.5,1.6341274976730347,72000
1986-07-10,0.0,4.5,4.449999809265137,4.449999809265137,1.6159709692001343,81500
1986-07-11,0.0,4.5,4.449999809265137,4.449999809265137,1.6159709692001343,36500
1986-07-14,0.0,4.5,4.449999809265137,4.449999809265137,1.6159709692001343,43500
1986-07-15,0.0,4.5,4.349999904632568,4.400000095367432,1.5978145599365234,114500
1986-07-16,0.0,4.400000095367432,4.349999904632568,4.400000095367432,1.5978145599365234,26000
1986-07-17,0.0,4.5,4.400000095367432,4.5,1.6341274976730347,64000
1986-07-18,0.0,4.5,4.449999809265137,4.5,1.6341274976730347,13000
1986-07-21,0.0,4.5,4.400000095367432,4.5,1.6341274976730347,47000
1986-07-22,0.0,4.5,4.400000095367432,4.400000095367432,1.5978145599365234,144500
1986-07-23,0.0,4.5,4.400000095367432,4.449999809265137,1.6159709692001343,67500
1986-07-24,0.0,4.449999809265137,4.449999809265137,4.449999809265137,1.6159709692001343,500
1986-07-25,0.0,4.449999809265137,4.400000095367432,4.400000095367432,1.5978145599365234,139000
1986-07-28,0.0,4.449999809265137,4.400000095367432,4.400000095367432,1.5978145599365234,153500
1986-07-29,0.0,4.4375,4.3125,4.4375,1.6114321947097778,129600
1986-07-30,0.0,4.5,4.375,4.4375,1.6114321947097778,59200
1986-07-31,0.0,4.4375,4.375,4.375,1.5887354612350464,89200
1986-08-01,0.0,4.4375,4.25,4.25,1.5433433055877686,122000
1986-08-04,0.0,4.25,4.1875,4.25,1.5433433055877686,24800
1986-08-05,0.0,4.1875,4.0625,4.125,1.4979511499404907,33200
1986-08-06,0.0,4.1875,4.125,4.1875,1.520647406578064,27200
1986-08-07,0.0,4.1875,4.125,4.125,1.4979511499404907,88000
1986-08-08,0.0,4.25,4.125,4.1875,1.520647406578064,330800
1986-08-11,0.0,4.1875,4.125,4.1875,1.520647406578064,15200
1986-08-12,0.0,4.1875,4.125,4.1875,1.520647406578064,56000
1986-08-13,0.0,4.1875,3.9375,3.9375,1.429862141609192,96400
1986-08-14,0.0,4.4375,3.875,4.3125,1.566038966178894,389600
1986-08-15,0.0,4.4375,4.125,4.1875,1.520647406578064,51600
1986-08-18,0.0,4.25,4.0625,4.125,1.4979511499404907,62000
1986-08-19,0.0,4.1875,4.09375,4.125,1.4979511499404907,135200
1986-08-20,0.0,4.1875,4.125,4.1875,1.520647406578064,20000
1986-08-21,0.0,4.1875,4.0625,4.125,1.4979511499404907,105600
1986-08-22,0.0,4.1875,4.125,4.125,1.4979511499404907,32800
1986-08-25,0.0,4.1875,4.125,4.1875,1.520647406578064,27600
1986-08-26,0.0,4.1875,4.125,4.125,1.4979511499404907,25600
1986-08-27,0.0,4.1875,4.125,4.1875,1.520647406578064,89600
1986-08-28,0.0,4.25,4.125,4.25,1.5433433055877686,36800
1986-08-29,0.0,4.3125,4.125,4.25,1.5433433055877686,15600
1986-09-02,0.0,4.3125,4.1875,4.3125,1.566038966178894,66400
1986-09-03,0.0,4.3125,4.1875,4.3125,1.566038966178894,9600
1986-09-04,0.0,4.3125,4.1875,4.3125,1.566038966178894,101200
1986-09-05,0.0,4.3125,4.1875,4.1875,1.520647406578064,15600
1986-09-08,0.0,4.25,4.0,4.125,1.4979511499404907,59600
1986-09-09,0.0,4.0625,4.0,4.0625,1.4752556085586548,24400
1986-09-10,0.0,4.0625,3.9375,4.0,1.4525580406188965,46000
1986-09-11,0.0,4.0,3.9375,3.9375,1.429862141609192,45600
1986-09-12,0.0,4.0,3.875,4.0,1.4525580406188965,59200
1986-09-15,0.0,3.96875,3.8125,3.875,1.4071661233901978,32400
1986-09-16,0.0,3.875,3.5,3.5,1.2709885835647583,218400
1986-09-17,0.0,3.75,3.5,3.75,1.3617734909057617,79200
1986-09-18,0.0,3.75,3.625,3.75,1.3617734909057617,37600
1986-09-19,0.0,3.875,3.6875,3.8125,1.3844695091247559,28000
1986-09-22,0.0,3.875,3.75,3.875,1.4071661233901978,15200
1986-09-23,0.0,3.875,3.8125,3.875,1.4071661233901978,74800
1986-09-24,0.0,3.875,3.8125,3.84375,1.3958185911178589,34800
1986-09-25,0.0,3.875,3.8125,3.8125,1.3844695091247559,20000
1986-09-26,0.0,3.875,3.8125,3.875,1.4071661233901978,8000
1986-09-29,0.0,3.875,3.75,3.75,1.3617734909057617,52800
1986-09-30,0.0,3.9375,3.75,3.84375,1.3958185911178589,32800
1986-10-01,0.0,3.9375,3.875,3.875,1.4071661233901978,2800
1986-10-02,0.0,4.125,3.875,4.125,1.4979511499404907,143200
1986-10-03,0.0,4.3125,4.1875,4.1875,1.520647406578064,33200
1986-10-06,0.0,4.25,4.125,4.125,1.4979511499404907,4400
1986-10-07,0.0,4.125,4.125,4.125,1.4979511499404907,400
1986-10-08,0.0,4.125,4.125,4.125,1.4979511499404907,7600
1986-10-09,0.0,4.25,4.125,4.125,1.4979511499404907,52400
1986-10-10,0.0,4.25,4.125,4.125,1.4979511499404907,8400
1986-10-13,0.0,4.25,4.125,4.25,1.5433433055877686,103200
1986-10-14,0.0,4.1875,4.1875,4.1875,1.520647406578064,6400
1986-10-15,0.0,4.25,4.1875,4.25,1.5433433055877686,138400
1986-10-16,0.0,4.1875,4.125,4.1875,1.520647406578064,4400
1986-10-17,0.0,4.25,4.1875,4.25,1.5433433055877686,112000
1986-10-20,0.0,4.375,4.1875,4.375,1.5887354612350464,39200
1986-10-21,0.0,4.3125,4.25,4.25,1.5433433055877686,9200
1986-10-22,0.0,4.3125,4.25,4.3125,1.566038966178894,4400
1986-10-23,0.0,4.3125,4.25,4.3125,1.566038966178894,30000
1986-10-24,0.0,4.3125,4.25,4.3125,1.566038966178894,52400
1986-10-27,0.0,4.1875,4.1875,4.1875,1.520647406578064,6000
1986-10-28,0.0,4.3125,4.125,4.125,1.4979511499404907,17600
1986-10-29,0.0,4.25,4.0,4.125,1.4979511499404907,199600
1986-10-30,0.0,4.125,4.0,4.0,1.4525580406188965,46400
1986-10-31,0.0,4.125,4.0,4.125,1.4979511499404907,25200
1986-11-03,0.0,4.0,4.0,4.0,1.4525580406188965,5200
1986-11-04,0.0,4.125,4.125,4.125,1.4979511499404907,2000
1986-11-05,0.0,4.125,4.0625,4.125,1.4979511499404907,14400
1986-11-06,0.0,4.1875,4.125,4.125,1.4979511499404907,49600
1986-11-07,0.0,4.1875,4.125,4.125,1.4979511499404907,20400
1986-11-10,0.0,4.3125,4.125,4.25,1.5433433055877686,179200
1986-11-11,0.0,4.375,4.25,4.375,1.5887354612350464,83600
1986-11-12,0.0,4.4375,4.3125,4.4375,1.6114321947097778,63600
1986-11-13,0.0,4.5,4.375,4.5,1.6341274976730347,46400
1986-11-14,0.0,4.5625,4.46875,4.5,1.6341274976730347,182800
1986-11-17,0.0,4.5625,4.5,4.53125,1.6454758644104004,53600
1986-11-18,0.0,4.625,4.5,4.5625,1.6568245887756348,88400
1986-11-19,0.0,4.5625,4.4375,4.5,1.6341274976730347,172800
1986-11-20,0.0,4.5,4.4375,4.5,1.6341274976730347,12400
1986-11-21,0.0,4.5,4.4375,4.4375,1.6114321947097778,38400
1986-11-24,0.0,4.5,4.4375,4.4375,1.6114321947097778,77600
1986-11-25,0.0,4.5,4.375,4.4375,1.6114321947097778,39600
1986-11-26,0.0,4.5625,4.375,4.5,1.6341274976730347,82800
1986-11-28,0.0,4.5625,4.4375,4.4375,1.6114321947097778,6000
1986-12-01,0.0,4.5625,4.4375,4.5,1.6341274976730347,50400
1986-12-02,0.0,4.5625,4.4375,4.5,1.6341274976730347,105200
1986-12-03,0.0,4.6875,4.5,4.625,1.679519772529602,258800
1986-12-04,0.0,4.6875,4.59375,4.625,1.694172739982605,124800
1986-12-05,0.0,4.75,4.65625,4.71875,1.7285146713256836,289200
1986-12-08,0.0,4.8125,4.6875,4.6875,1.717067003250122,77200
1986-12-09,0.0,4.75,4.6875,4.75,1.7399606704711914,88000
1986-12-10,0.0,4.75,4.6875,4.6875,1.717067003250122,76000
1986-12-11,0.0,4.75,4.6875,4.6875,1.717067003250122,54400
1986-12-12,0.0,4.75,4.6875,4.6875,1.717067003250122,99200
1986-12-15,0.0,4.75,4.6875,4.75,1.7399606704711914,54800
1986-12-16,0.0,4.75,4.6875,4.75,1.7399606704711914,192400
1986-12-17,0.0,4.75,4.6875,4.75,1.7399606704711914,118800
1986-12-18,0.0,4.75,4.6875,4.6875,1.717067003250122,26400
1986-12-19,0.0,4.8125,4.6875,4.8125,1.762856125831604,303200
1986-12-22,0.0,4.8125,4.75,4.8125,1.762856125831604,340400
1986-12-23,0.0,4.8125,4.75,4.75,1.7399606704711914,146800
1986-12-24,0.0,4.8125,4.71875,4.71875,1.7285146713256836,244800
1986-12-26,0.0,4.8125,4.75,4.75,1.7399606704711914,4000
1986-12-29,0.0,4.8125,4.6875,4.6875,1.717067003250122,221600
1986-12-30,0.0,4.71875,4.65625,4.6875,1.717067003250122,279600
1986-12-31,0.0,4.75,4.6875,4.75,1.7399606704711914,792800
1987-01-02,0.0,4.75,4.6875,4.6875,1.717067003250122,28000
1987-01-05,0.0,4.875,4.75,4.875,1.785750389099121,82000
1987-01-06,0.0,4.9375,4.8125,4.9375,1.8086440563201904,58000
1987-01-07,0.0,4.9375,4.8125,4.875,1.785750389099121,157600
1987-01-08,0.0,4.875,4.8125,4.875,1.785750389099121,152000
1987-01-09,0.0,5.0,4.8125,5.0,1.8315387964248657,26000
1987-01-12,0.0,5.125,4.875,5.0,1.8315387964248657,50800
1987-01-13,0.0,5.125,5.0,5.0625,1.8544329404830933,42000
1987-01-14,0.0,5.125,5.0,5.0625,1.8544329404830933,29600
1987-01-15,0.0,5.125,5.0,5.0625,1.8544329404830933,53600
1987-01-16,0.0,5.125,4.9375,5.0,1.8315387964248657,275200
1987-01-19,0.0,5.125,5.0,5.0,1.8315387964248657,34400
1987-01-20,0.0,5.125,5.0,5.0,1.8315387964248657,28000
1987-01-21,0.0,5.125,5.0,5.0625,1.8544329404830933,68000
1987-01-22,0.0,5.125,5.0,5.0,1.8315387964248657,136400
1987-01-23,0.0,5.125,5.0,5.03125,1.8429862260818481,31600
1987-01-26,0.0,5.03125,4.9375,4.9375,1.8086440563201904,82000
1987-01-27,0.0,5.0625,5.0,5.0,1.8315387964248657,25600
1987-01-28,0.0,5.0625,4.9375,4.9375,1.8086440563201904,22000
1987-01-29,0.0,5.0625,4.9375,5.0,1.8315387964248657,109600
1987-01-30,0.0,5.0625,5.0,5.0625,1.8544329404830933,44800
1987-02-02,0.0,5.0625,5.0,5.0625,1.8544329404830933,38800
1987-02-03,0.0,5.0625,5.0,5.0625,1.8544329404830933,62000
1987-02-04,0.0,5.1875,5.0,5.1875,1.900222897529602,140400
1987-02-05,0.0,5.3125,5.0625,5.3125,1.9460088014602661,152800
1987-02-06,0.0,5.3125,5.25,5.25,1.9231150150299072,34000
1987-02-09,0.0,5.3125,5.25,5.25,1.9231150150299072,66800
1987-02-10,0.0,5.3125,5.125,5.125,1.8773268461227417,142800
1987-02-11,0.0,5.25,5.125,5.125,1.8773268461227417,145200
1987-02-12,0.0,5.25,5.125,5.25,1.9231150150299072,19200
1987-02-13,0.0,5.5625,5.125,5.5625,2.037585735321045,116800
1987-02-17,0.0,5.8125,5.5,5.8125,2.1291635036468506,98400
1987-02-18,0.0,5.875,5.6875,5.75,2.106268882751465,115200
1987-02-19,0.0,5.8125,5.75,5.8125,2.1291635036468506,113600
1987-02-20,0.0,5.875,5.71875,5.875,2.1520581245422363,1064800
1987-02-23,0.0,5.875,5.8125,5.8125,2.1291635036468506,54400
1987-02-24,0.0,5.8125,5.75,5.8125,2.1291635036468506,52400
1987-02-25,0.0,5.875,5.75,5.875,2.1520581245422363,18800
1987-02-26,0.0,5.875,5.8125,5.8125,2.1291635036468506,80000
1987-02-27,0.0,5.875,5.75,5.8125,2.1291635036468506,81600
1987-03-02,0.0,5.8125,5.75,5.8125,2.1291635036468506,25200
1987-03-03,0.0,5.8125,5.75,5.75,2.106268882751465,60800
1987-03-04,0.0,5.8125,5.75,5.75,2.1210243701934814,31200
1987-03-05,0.0,5.8125,5.75,5.75,2.1210243701934814,11200
1987-03-06,0.0,5.8125,5.75,5.75,2.1210243701934814,24800
1987-03-09,0.0,5.8125,5.65625,5.65625,2.086442232131958,49200
1987-03-10,0.0,5.75,5.625,5.625,2.0749154090881348,32000
1987-03-11,0.0,5.5625,5.5625,5.5625,2.0518593788146973,20000
1987-03-12,0.0,5.65625,5.5625,5.65625,2.086442232131958,51200
1987-03-13,0.0,5.6875,5.5625,5.65625,2.086442232131958,93600
1987-03-16,0.0,5.625,5.5625,5.5625,2.0518593788146973,50000
1987-03-17,0.0,5.625,5.53125,5.5625,2.0518593788146973,77200
1987-03-18,0.0,5.625,5.5,5.625,2.0749154090881348,51600
1987-03-19,0.0,5.625,5.5625,5.5625,2.0518593788146973,58400
1987-03-20,0.0,5.625,5.5,5.625,2.0749154090881348,200800
1987-03-23,0.0,5.53125,5.5,5.53125,2.040332794189453,111200
1987-03-24,0.0,5.625,5.4375,5.4375,2.0057504177093506,50000
1987-03-25,0.0,5.5625,5.4375,5.4375,2.0057504177093506,38400
1987-03-26,0.0,5.5,5.40625,5.4375,2.0057504177093506,46000
1987-03-27,0.0,5.5,5.4375,5.46875,2.0172784328460693,207600
1987-03-30,0.0,5.5,5.4375,5.5,2.028805732727051,42000
1987-03-31,0.0,5.5,5.4375,5.5,2.028805732727051,137600
1987-04-01,0.0,5.5,5.375,5.4375,2.0057504177093506,31200
1987-04-02,0.0,5.4375,5.3125,5.3125,1.9596413373947144,92800
1987-04-03,0.0,5.5,5.3125,5.4375,2.0057504177093506,211200
1987-04-06,0.0,5.4375,5.375,5.375,1.9826977252960205,15200
1987-04-07,0.0,5.4375,5.3125,5.375,1.9826977252960205,103600
1987-04-08,0.0,5.5,5.375,5.5,2.028805732727051,71600
1987-04-09,0.0,5.5,5.375,5.375,1.9826977252960205,23200
1987-04-10,0.0,5.5,5.375,5.4375,2.0057504177093506,44800
1987-04-13,0.0,5.46875,5.375,5.375,1.9826977252960205,45600
1987-04-14,0.0,5.4375,5.25,5.25,1.9365875720977783,140400
1987-04-15,0.0,5.3125,5.125,5.125,1.8904787302017212,37200
1987-04-16,0.0,5.25,5.125,5.125,1.8904787302017212,18800
1987-04-20,0.0,5.1875,5.125,5.1875,1.9135328531265259,11200
1987-04-21,0.0,5.125,5.0,5.0,1.8443695306777954,86800
1987-04-22,0.0,5.125,5.0,5.0625,1.8674236536026,91600
1987-04-23,0.0,5.0625,4.9375,5.0,1.8443695306777954,112400
1987-04-24,0.0,5.0625,4.9375,5.0,1.8443695306777954,51600
1987-04-27,0.0,5.0,4.9375,5.0,1.8443695306777954,37600
1987-04-28,0.0,5.0625,4.9375,5.0,1.8443695306777954,199200
1987-04-29,0.0,5.0625,4.9375,5.0,1.8443695306777954,61600
1987-04-30,0.0,5.1875,5.0,5.0625,1.8674236536026,111600
1987-05-01,0.0,5.1875,5.0625,5.1875,1.9135328531265259,56000
1987-05-04,0.0,5.1875,5.0625,5.1875,1.9135328531265259,24000
1987-05-05,0.0,5.1875,5.0625,5.1875,1.9135328531265259,21200
1987-05-06,0.0,5.25,5.125,5.1875,1.9135328531265259,61600
1987-05-07,0.0,5.3125,5.125,5.25,1.9365875720977783,17200
1987-05-08,0.0,5.3125,5.25,5.3125,1.9596413373947144,9600
1987-05-11,0.0,5.3125,5.25,5.25,1.9365875720977783,104800
1987-05-12,0.0,5.3125,5.25,5.3125,1.9596413373947144,221600
1987-05-13,0.0,5.3125,5.1875,5.25,1.9365875720977783,66000
1987-05-14,0.0,5.25,5.0625,5.1875,1.9135328531265259,42000
1987-05-15,0.0,5.1875,5.0,5.125,1.8904787302017212,43200
1987-05-18,0.0,5.125,5.0,5.0,1.8443695306777954,41200
1987-05-19,0.0,5.0625,5.0,5.0,1.8443695306777954,12800
1987-05-20,0.0,5.0625,5.0,5.0625,1.8674236536026,10800
1987-05-21,0.0,5.125,5.0,5.0625,1.8674236536026,28400
1987-05-22,0.0,5.125,5.0625,5.125,1.8904787302017212,105200
1987-05-26,0.0,5.125,5.0625,5.125,1.8904787302017212,42800
1987-05-27,0.0,5.125,5.0625,5.0625,1.8674236536026,215200
1987-05-28,0.0,5.25,5.0625,5.25,1.9365875720977783,2160400
1987-05-29,0.0,5.25,5.15625,5.15625,1.9020055532455444,154000
1987-06-01,0.0,5.25,5.1875,5.25,1.9365875720977783,23200
1987-06-02,0.0,5.25,5.1875,5.1875,1.9135328531265259,7200
1987-06-03,0.0,5.25,5.1875,5.25,1.9365875720977783,13200
1987-06-04,0.0,5.3125,5.1875,5.3125,1.9756358861923218,246800
1987-06-05,0.0,5.3125,5.25,5.3125,1.9756358861923218,107200
1987-06-08,0.0,5.3125,5.25,5.25,1.9523922204971313,92400
1987-06-09,0.0,5.375,5.25,5.25,1.9523922204971313,56800
1987-06-10,0.0,5.375,5.25,5.3125,1.9756358861923218,114400
1987-06-11,0.0,5.375,5.3125,5.3125,1.9756358861923218,62400
1987-06-12,0.0,5.375,5.3125,5.375,1.9988782405853271,34000
1987-06-15,0.0,5.375,5.3125,5.3125,1.9756358861923218,200000
1987-06-16,0.0,5.375,5.3125,5.34375,1.987255573272705,110000
1987-06-17,0.0,5.375,5.3125,5.375,1.9988782405853271,164000
1987-06-18,0.0,5.375,5.3125,5.3125,1.9756358861923218,319600
1987-06-19,0.0,5.375,5.3125,5.375,1.9988782405853271,107600
1987-06-22,0.0,5.375,5.3125,5.375,1.9988782405853271,9600
1987-06-23,0.0,5.375,5.1875,5.3125,1.9756358861923218,103600
1987-06-24,0.0,5.3125,5.1875,5.25,1.9523922204971313,88800
1987-06-25,0.0,5.25,5.1875,5.25,1.9523922204971313,90400
1987-06-26,0.0,5.25,5.125,5.125,1.9059070348739624,31600
1987-06-29,0.0,5.1875,5.0625,5.0625,1.8826645612716675,62400
1987-06-30,0.0,5.0625,4.9375,4.9375,1.8361784219741821,96800
1987-07-01,0.0,5.0625,4.9375,5.0625,1.8826645612716675,120000
1987-07-02,0.0,5.3125,5.0,5.3125,1.9756358861923218,137200
1987-07-06,0.0,5.3125,5.25,5.3125,1.9756358861923218,89600
1987-07-07,0.0,5.375,5.3125,5.34375,1.987255573272705,253200
1987-07-08,0.0,5.375,5.3125,5.375,1.9988782405853271,54400
1987-07-09,0.0,5.5625,5.3125,5.5625,2.0686051845550537,591600
1987-07-10,0.0,5.9375,5.5625,5.875,2.1848204135894775,1101200
1987-07-13,0.0,5.875,5.75,5.8125,2.1615779399871826,168000
1987-07-14,0.0,5.9375,5.75,5.90625,2.1964423656463623,326400
1987-07-15,0.0,5.9375,5.6875,5.8125,2.1615779399871826,205600
1987-07-16,0.0,5.8125,5.6875,5.75,2.1383347511291504,403600
1987-07-17,0.0,5.8125,5.75,5.75,2.1383347511291504,304000
1987-07-20,0.0,5.84375,5.75,5.75,2.1383347511291504,264000
1987-07-21,0.0,5.9375,5.75,5.9375,2.2080624103546143,69200
1987-07-22,0.0,6.0,5.8125,6.0,2.2313055992126465,173600
1987-07-23,0.0,6.1875,6.0,6.125,2.277791738510132,213600
1987-07-24,0.0,6.375,6.125,6.25,2.3242762088775635,719600
1987-07-27,0.0,6.4375,6.125,6.1875,2.3010334968566895,100000
1987-07-28,0.0,6.1875,6.125,6.125,2.277791738510132,19600
1987-07-29,0.0,6.25,6.0625,6.125,2.277791738510132,1293200
1987-07-30,0.0,6.1875,6.0625,6.0625,2.254549026489258,132800
1987-07-31,0.0,6.125,6.0,6.125,2.277791738510132,27200
1987-08-03,0.0,6.0625,5.875,6.0,2.2313055992126465,331200
1987-08-04,0.0,6.0625,5.9375,6.0625,2.254549026489258,2800
1987-08-05,0.0,6.0625,5.9375,6.0,2.2313055992126465,96400
1987-08-06,0.0,6.0,5.875,5.875,2.1848204135894775,172000
1987-08-07,0.0,6.0,5.875,5.9375,2.2080624103546143,58000
1987-08-10,0.0,6.0,5.9375,6.0,2.2313055992126465,215200
1987-08-11,0.0,6.0625,5.9375,6.0,2.2313055992126465,468800
1987-08-12,0.0,6.0625,5.9375,5.9375,2.2080624103546143,66800
1987-08-13,0.0,6.0625,5.9375,5.9375,2.2080624103546143,50800
1987-08-14,0.0,6.4375,6.0625,6.40625,2.3823840618133545,260400
1987-08-17,0.0,6.5,6.375,6.5,2.4172470569610596,178400
1987-08-18,0.0,6.375,6.25,6.375,2.370762586593628,60000
1987-08-19,0.0,6.375,6.1875,6.25,2.3242762088775635,126400
1987-08-20,0.0,6.3125,6.25,6.25,2.3242762088775635,24400
1987-08-21,0.0,6.3125,6.1875,6.25,2.3242762088775635,179600
1987-08-24,0.0,6.375,6.25,6.25,2.3242762088775635,188800
1987-08-25,0.0,6.3125,6.25,6.25,2.3242762088775635,62000
1987-08-26,0.0,6.25,6.0625,6.125,2.277791738510132,150800
1987-08-27,0.0,6.125,6.0,6.0,2.2313055992126465,344800
1987-08-28,0.0,6.0,5.8125,5.875,2.1848204135894775,179600
1987-08-31,0.0,5.9375,5.8125,5.9375,2.2080624103546143,162000
1987-09-01,0.0,5.9375,5.875,5.875,2.1848204135894775,68800
1987-09-02,0.0,5.9375,5.8125,5.9375,2.2080624103546143,258400
1987-09-03,0.0,5.9375,5.875,5.9375,2.223982810974121,12400
1987-09-04,0.0,6.0,5.875,5.9375,2.223982810974121,199200
1987-09-08,0.0,5.9375,5.5,5.5,2.0601108074188232,210400
1987-09-09,0.0,5.8125,5.625,5.8125,2.1771607398986816,151200
1987-09-10,0.0,6.0,5.75,5.9375,2.223982810974121,150000
1987-09-11,0.0,6.03125,5.875,6.0,2.24739146232605,143600
1987-09-14,0.0,6.0,5.875,5.875,2.2005717754364014,37200
1987-09-15,0.0,6.0,5.875,5.9375,2.223982810974121,74400
1987-09-16,0.0,6.125,5.875,6.0625,2.2708020210266113,142400
1987-09-17,0.0,6.0,5.875,5.875,2.2005717754364014,36000
1987-09-18,0.0,5.9375,5.4375,5.625,2.1069300174713135,459600
1987-09-21,0.0,5.75,5.625,5.625,2.1069300174713135,364800
1987-09-22,0.0,5.8125,5.625,5.75,2.1537516117095947,167600
1987-09-23,0.0,5.75,5.59375,5.6875,2.130340337753296,602400
1987-09-24,0.0,5.75,5.5625,5.5625,2.083519458770752,20800
1987-09-25,0.0,5.625,5.5,5.5,2.0601108074188232,528400
1987-09-28,0.0,5.625,5.5,5.625,2.1069300174713135,92400
1987-09-29,0.0,5.625,5.5,5.5,2.0601108074188232,37600
1987-09-30,0.0,5.5625,5.5,5.53125,2.0718157291412354,129600
1987-10-01,0.0,5.5625,5.5,5.53125,2.0718157291412354,269600
1987-10-02,0.0,5.5625,5.5,5.53125,2.0718157291412354,132800
1987-10-05,0.0,5.5625,5.5,5.5,2.0601108074188232,179600
1987-10-06,0.0,5.5625,5.4375,5.4375,2.03669810295105,424800
1987-10-07,0.0,5.5625,5.4375,5.5,2.0601108074188232,68000
1987-10-08,0.0,5.6875,5.4375,5.5625,2.083519458770752,209600
1987-10-09,0.0,5.6875,5.5,5.5,2.0601108074188232,76400
1987-10-12,0.0,5.5625,5.4375,5.5,2.0601108074188232,131200
1987-10-13,0.0,5.5625,5.5,5.5,2.0601108074188232,150000
1987-10-14,0.0,5.5625,5.4375,5.4375,2.03669810295105,102800
1987-10-15,0.0,5.4375,5.3125,5.375,2.013289451599121,213200
1987-10-16,0.0,5.375,5.25,5.25,1.9664682149887085,215200
1987-10-19,0.0,5.25,4.5625,4.5625,1.7089546918869019,84800
1987-10-20,0.0,4.625,4.4375,4.5,1.6855438947677612,411600
1987-10-21,0.0,4.625,4.5,4.5,1.6855438947677612,245200
1987-10-22,0.0,4.5625,4.3125,4.375,1.6387238502502441,642400
1987-10-23,0.0,4.3125,4.1875,4.25,1.591903567314148,334400
1987-10-26,0.0,4.3125,4.0625,4.0625,1.5216727256774902,604800
1987-10-27,0.0,4.1875,4.0625,4.09375,1.5333772897720337,503200
1987-10-28,0.0,4.1875,3.875,3.875,1.4514412879943848,348000
1987-10-29,0.0,4.0,3.90625,4.0,1.498261570930481,148800
1987-10-30,0.0,4.125,4.0,4.0625,1.5216727256774902,104400
1987-11-02,0.0,4.25,4.125,4.1875,1.568491816520691,45200
1987-11-03,0.0,4.25,4.1875,4.1875,1.568491816520691,49200
1987-11-04,0.0,4.25,4.125,4.1875,1.568491816520691,60400
1987-11-05,0.0,4.21875,4.125,4.1875,1.568491816520691,136800
1987-11-06,0.0,4.3125,4.25,4.25,1.591903567314148,74800
1987-11-09,0.0,4.375,4.1875,4.375,1.6387238502502441,30000
1987-11-10,0.0,4.375,4.3125,4.34375,1.6270182132720947,115600
1987-11-11,0.0,4.5,4.375,4.5,1.6855438947677612,105200
1987-11-12,0.0,4.75,4.5,4.625,1.7323646545410156,195600
1987-11-13,0.0,4.75,4.625,4.6875,1.7557750940322876,130400
1987-11-16,0.0,5.0,4.75,4.875,1.826006531715393,249200
1987-11-17,0.0,5.0,4.625,4.625,1.7323646545410156,126000
1987-11-18,0.0,4.625,4.5,4.625,1.7323646545410156,189200
1987-11-19,0.0,4.625,4.5,4.5,1.6855438947677612,111600
1987-11-20,0.0,4.625,4.5,4.5,1.6855438947677612,17600
1987-11-23,0.0,4.4375,4.3125,4.3125,1.6153125762939453,40000
1987-11-24,0.0,4.5,4.3125,4.46875,1.6738393306732178,107600
1987-11-25,0.0,4.75,4.4375,4.75,1.7791858911514282,90400
1987-11-27,0.0,4.75,4.6875,4.75,1.7791858911514282,14800
1987-11-30,0.0,4.75,4.5625,4.5625,1.7089546918869019,59200
1987-12-01,0.0,4.75,4.5625,4.625,1.7323646545410156,22400
1987-12-02,0.0,4.75,4.625,4.75,1.7791858911514282,32800
1987-12-03,0.0,4.875,4.75,4.75,1.7791858911514282,42400
1987-12-04,0.0,4.75,4.5625,4.5625,1.72438383102417,108000
1987-12-07,0.0,4.5625,4.4375,4.4375,1.6771398782730103,36800
1987-12-08,0.0,4.5625,4.4375,4.4375,1.6771398782730103,31600
1987-12-09,0.0,4.625,4.4375,4.625,1.748005747795105,39200
1987-12-10,0.0,4.625,4.5,4.5,1.7007619142532349,18400
1987-12-11,0.0,4.625,4.5,4.5,1.7007619142532349,20400
1987-12-14,0.0,4.5625,4.46875,4.5,1.7007619142532349,93200
1987-12-15,0.0,4.6875,4.5,4.6875,1.771626353263855,44000
1987-12-16,0.0,4.6875,4.5625,4.625,1.748005747795105,61200
1987-12-17,0.0,4.875,4.6875,4.6875,1.771626353263855,82400
1987-12-18,0.0,4.8125,4.6875,4.8125,1.818869948387146,17600
1987-12-21,0.0,4.71875,4.625,4.625,1.748005747795105,52800
1987-12-22,0.0,4.8125,4.625,4.8125,1.818869948387146,70800
1987-12-23,0.0,4.8125,4.75,4.8125,1.818869948387146,14000
1987-12-24,0.0,4.8125,4.75,4.75,1.7952489852905273,9200
1987-12-28,0.0,4.375,4.25,4.25,1.6062754392623901,55200
1987-12-29,0.0,4.3125,4.25,4.25,1.6062754392623901,10400
1987-12-30,0.0,4.4375,4.25,4.4375,1.6771398782730103,68000
1987-12-31,0.0,4.4375,4.375,4.375,1.6535186767578125,117600
1988-01-04,0.0,4.5,4.375,4.375,1.6535186767578125,56800
1988-01-05,0.0,4.5625,4.4375,4.5625,1.72438383102417,52000
1988-01-06,0.0,4.6875,4.5,4.6875,1.771626353263855,32000
1988-01-07,0.0,4.625,4.375,4.4375,1.6771398782730103,87600
1988-01-08,0.0,4.5,4.375,4.375,1.6535186767578125,14000
1988-01-11,0.0,4.375,4.1875,4.3125,1.6298959255218506,68000
1988-01-12,0.0,4.375,4.25,4.375,1.6535186767578125,98400
1988-01-13,0.0,4.3125,4.25,4.3125,1.6298959255218506,16000
1988-01-14,0.0,4.375,4.25,4.375,1.6535186767578125,38400
1988-01-15,0.0,4.375,4.25,4.3125,1.6298959255218506,108800
1988-01-18,4.3125,4.3125,4.3125,4.3125,1.6298959255218506,0
1988-01-19,0.0,4.375,4.25,4.375,1.6535186767578125,70400
1988-01-20,0.0,4.375,4.3125,4.3125,1.6298959255218506,43200
1988-01-21,0.0,4.375,4.34375,4.375,1.6535186767578125,2800
1988-01-22,0.0,4.3125,4.3125,4.3125,1.6298959255218506,4000
1988-01-25,0.0,4.375,4.3125,4.3125,1.6298959255218506,7200
1988-01-26,0.0,4.375,4.3125,4.3125,1.6298959255218506,82000
1988-01-27,0.0,4.4375,4.3125,4.4375,1.6771398782730103,42800
1988-01-28,0.0,4.5,4.4375,4.4375,1.6771398782730103,34800
1988-01-29,0.0,4.5,4.375,4.375,1.6535186767578125,26800
1988-02-01,0.0,4.5,4.375,4.4375,1.6771398782730103,60400
1988-02-02,0.0,4.4375,4.375,4.375,1.6535186767578125,44400
1988-02-03,0.0,4.5625,4.375,4.5625,1.72438383102417,99200
1988-02-04,0.0,4.5625,4.3125,4.3125,1.6298959255218506,70000
1988-02-05,0.0,4.5,4.3125,4.4375,1.6771398782730103,135200
1988-02-08,0.0,4.5,4.375,4.4375,1.6771398782730103,37200
1988-02-09,0.0,4.4375,4.3125,4.3125,1.6298959255218506,64800
1988-02-10,0.0,4.4375,4.3125,4.3125,1.6298959255218506,42800
1988-02-11,0.0,4.4375,4.375,4.4375,1.6771398782730103,70000
1988-02-12,0.0,4.5,4.375,4.40625,1.6653294563293457,93600
1988-02-16,0.0,4.4375,4.125,4.125,1.5590317249298096,283600
1988-02-17,0.0,4.125,3.875,3.875,1.4645453691482544,1069600
1988-02-18,0.0,3.9375,3.8125,3.8125,1.4409223794937134,332800
1988-02-19,0.0,3.875,3.8125,3.8125,1.4409223794937134,212400
1988-02-22,0.0,3.9375,3.8125,3.875,1.4645453691482544,809200
1988-02-23,0.0,4.0625,3.875,3.9375,1.4881659746170044,519200
1988-02-24,0.0,4.0625,3.9375,4.0,1.511788249015808,327200
1988-02-25,0.0,4.125,4.0,4.125,1.5590317249298096,102400
1988-02-26,0.0,4.125,4.0,4.0625,1.5354106426239014,29200
1988-02-29,0.0,4.125,4.0,4.0,1.511788249015808,82800
1988-03-01,0.0,4.0625,3.9375,3.96875,1.4999780654907227,138000
1988-03-02,0.0,4.0,3.9375,4.0,1.511788249015808,25600
1988-03-03,0.0,4.03125,3.9375,3.96875,1.4999780654907227,157200
1988-03-04,0.0,4.0625,3.9375,4.0625,1.5520310401916504,69600
1988-03-07,0.0,4.0625,3.9375,4.0625,1.5520310401916504,37600
1988-03-08,0.0,4.1875,4.0,4.09375,1.563968539237976,396000
1988-03-09,0.0,4.1875,4.0625,4.125,1.5759077072143555,115200
1988-03-10,0.0,4.1875,4.0625,4.1875,1.5997846126556396,9200
1988-03-11,0.0,4.0625,3.9375,3.9375,1.5042742490768433,118800
1988-03-14,0.0,4.0625,4.0,4.0625,1.5520310401916504,151200
1988-03-15,0.0,4.125,4.0,4.0,1.5281527042388916,97600
1988-03-16,0.0,4.125,3.9375,3.9375,1.5042742490768433,120800
1988-03-17,0.0,4.0625,3.9375,3.9375,1.5042742490768433,36400
1988-03-18,0.0,4.0625,3.9375,3.9375,1.5042742490768433,48000
1988-03-21,0.0,4.03125,3.9375,4.0,1.5281527042388916,270000
1988-03-22,0.0,4.0625,3.9375,4.0625,1.5520310401916504,18400
1988-03-23,0.0,4.0625,3.90625,3.9375,1.5042742490768433,45200
1988-03-24,0.0,4.0625,3.8125,3.8125,1.4565203189849854,40400
1988-03-25,0.0,3.9375,3.8125,3.875,1.480398178100586,30400
1988-03-28,0.0,3.9375,3.8125,3.9375,1.5042742490768433,11600
1988-03-29,0.0,3.9375,3.8125,3.8125,1.4565203189849854,7200
1988-03-30,0.0,3.9375,3.8125,3.9375,1.5042742490768433,17600
1988-03-31,0.0,4.0,3.8125,4.0,1.5281527042388916,88000
1988-04-04,0.0,4.125,3.9375,4.0,1.5281527042388916,130800
1988-04-05,0.0,4.1875,4.0,4.0625,1.5520310401916504,174000
1988-04-06,0.0,4.125,4.0625,4.125,1.5759077072143555,427600
1988-04-07,0.0,4.1875,4.0625,4.09375,1.563968539237976,19200
1988-04-08,0.0,4.1875,4.0625,4.1875,1.5997846126556396,48800
1988-04-11,0.0,4.25,4.125,4.25,1.6236618757247925,18000
1988-04-12,0.0,4.25,4.125,4.125,1.5759077072143555,14400
1988-04-13,0.0,4.3125,4.1875,4.1875,1.5997846126556396,26000
1988-04-14,0.0,4.1875,4.0,4.0625,1.5520310401916504,270800
1988-04-15,0.0,4.125,4.0,4.0,1.5281527042388916,36800
1988-04-18,0.0,4.125,4.0,4.0,1.5281527042388916,20000
1988-04-19,0.0,4.125,4.0,4.0,1.5281527042388916,26800
1988-04-20,0.0,4.125,4.0625,4.0625,1.5520310401916504,30000
1988-04-21,0.0,4.125,4.0625,4.0625,1.5520310401916504,31600
1988-04-22,0.0,4.125,4.0625,4.09375,1.563968539237976,42800
1988-04-25,0.0,4.1875,4.125,4.1875,1.5997846126556396,306000
1988-04-26,0.0,4.125,4.125,4.125,1.5759077072143555,10400
1988-04-27,0.0,4.1875,4.125,4.125,1.5759077072143555,109200
1988-04-28,0.0,4.25,4.125,4.21875,1.6117240190505981,46000
1988-04-29,0.0,4.1875,4.125,4.1875,1.5997846126556396,29600
1988-05-02,0.0,4.25,4.125,4.1875,1.5997846126556396,3600
1988-05-03,0.0,4.25,4.125,4.125,1.5759077072143555,14800
1988-05-04,0.0,4.1875,4.125,4.125,1.5759077072143555,10000
1988-05-05,0.0,4.21875,4.125,4.125,1.5759077072143555,78000
1988-05-06,0.0,4.1875,4.125,4.125,1.5759077072143555,95600
1988-05-09,0.0,4.1875,4.125,4.125,1.5759077072143555,118000
1988-05-10,0.0,4.1875,4.125,4.125,1.5759077072143555,116000
1988-05-11,0.0,4.1875,4.125,4.15625,1.5878459215164185,392000
1988-05-12,0.0,4.21875,4.125,4.15625,1.5878459215164185,218800
1988-05-13,0.0,4.3125,4.125,4.125,1.5759077072143555,32400
1988-05-16,0.0,4.25,4.125,4.25,1.6236618757247925,4400
1988-05-17,0.0,4.3125,4.1875,4.25,1.6236618757247925,110000
1988-05-18,0.0,4.25,4.1875,4.1875,1.5997846126556396,17600
1988-05-19,0.0,4.1875,4.0,4.0625,1.5520310401916504,67600
1988-05-20,0.0,4.125,4.0,4.0625,1.5520310401916504,152000
1988-05-23,0.0,4.0625,4.0625,4.0625,1.5520310401916504,24400
1988-05-24,0.0,4.09375,4.0625,4.0625,1.5520310401916504,83200
1988-05-25,0.0,4.125,4.0625,4.0625,1.5520310401916504,40000
1988-05-26,0.0,4.125,4.0625,4.0625,1.5520310401916504,10400
1988-05-27,0.0,4.1875,4.0625,4.1875,1.5997846126556396,127200
1988-05-31,0.0,4.1875,4.0625,4.1875,1.5997846126556396,144000
1988-06-01,0.0,4.1875,4.125,4.125,1.5759077072143555,6400
1988-06-02,0.0,4.1875,4.125,4.125,1.5759077072143555,16400
1988-06-03,0.0,4.25,4.125,4.1875,1.5997846126556396,32000
1988-06-06,0.0,4.1875,4.1875,4.1875,1.6161876916885376,57200
1988-06-07,0.0,4.25,4.125,4.125,1.5920658111572266,89200
1988-06-08,0.0,4.1875,4.125,4.1875,1.6161876916885376,224800
1988-06-09,0.0,4.1875,4.125,4.125,1.5920658111572266,104800
1988-06-10,0.0,4.1875,4.125,4.125,1.5920658111572266,7200
1988-06-13,0.0,4.1875,4.125,4.1875,1.6161876916885376,16000
1988-06-14,0.0,4.21875,4.21875,4.21875,1.6282495260238647,6000
1988-06-15,0.0,4.1875,4.125,4.1875,1.6161876916885376,258800
1988-06-16,0.0,4.25,4.1875,4.1875,1.6161876916885376,11200
1988-06-17,0.0,4.21875,4.1875,4.1875,1.6161876916885376,54000
1988-06-20,0.0,4.25,4.1875,4.1875,1.6161876916885376,125200
1988-06-21,0.0,4.25,4.1875,4.1875,1.6161876916885376,98800
1988-06-22,0.0,4.25,4.1875,4.25,1.6403098106384277,42800
1988-06-23,0.0,4.25,4.1875,4.1875,1.6161876916885376,19200
1988-06-24,0.0,4.25,4.1875,4.25,1.6403098106384277,32400
1988-06-27,0.0,4.25,4.1875,4.25,1.6403098106384277,36400
1988-06-28,0.0,4.1875,4.1875,4.1875,1.6161876916885376,7200
1988-06-29,0.0,4.3125,4.1875,4.25,1.6403098106384277,22800
1988-06-30,0.0,4.375,4.25,4.375,1.6885539293289185,66800
1988-07-01,0.0,4.375,4.25,4.3125,1.6644322872161865,71600
1988-07-05,0.0,4.375,4.3125,4.375,1.6885539293289185,14400
1988-07-06,0.0,4.375,4.3125,4.3125,1.6644322872161865,26800
1988-07-07,0.0,4.375,4.3125,4.375,1.6885539293289185,74000
1988-07-08,0.0,4.4375,4.3125,4.4375,1.7126768827438354,3200
1988-07-11,0.0,4.34375,4.3125,4.3125,1.6644322872161865,14400
1988-07-12,0.0,4.3125,4.3125,4.3125,1.6644322872161865,17200
1988-07-13,0.0,4.4375,4.375,4.4375,1.7126768827438354,126800
1988-07-14,4.4375,4.4375,4.4375,4.4375,1.7126768827438354,0
1988-07-15,0.0,4.5,4.375,4.5,1.7367987632751465,109600
1988-07-18,0.0,4.4375,4.375,4.375,1.6885539293289185,16000
1988-07-19,0.0,4.4375,4.375,4.375,1.6885539293289185,11200
1988-07-20,0.0,4.4375,4.375,4.4375,1.7126768827438354,36000
1988-07-21,0.0,4.4375,4.375,4.375,1.6885539293289185,108800
1988-07-22,0.0,4.40625,4.375,4.375,1.6885539293289185,20400
1988-07-25,0.0,4.375,4.375,4.375,1.6885539293289185,12000
1988-07-26,0.0,4.46875,4.375,4.4375,1.7126768827438354,30800
1988-07-27,0.0,4.5,4.4375,4.4375,1.7126768827438354,2800
1988-07-28,0.0,4.46875,4.4375,4.4375,1.7126768827438354,96400
1988-07-29,0.0,4.5,4.4375,4.5,1.7367987632751465,14400
1988-08-01,0.0,4.5,4.4375,4.46875,1.724737524986267,178400
1988-08-02,0.0,4.5,4.4375,4.5,1.7367987632751465,12800
1988-08-03,0.0,4.5625,4.4375,4.5,1.7367987632751465,36000
1988-08-04,0.0,4.625,4.5,4.5625,1.7609208822250366,172800
1988-08-05,0.0,4.625,4.5625,4.625,1.7850433588027954,6400
1988-08-08,0.0,4.59375,4.5625,4.5625,1.7609208822250366,44800
1988-08-09,0.0,4.59375,4.5625,4.59375,1.7729823589324951,100000
1988-08-10,0.0,4.5625,4.5625,4.5625,1.7609208822250366,14800
1988-08-11,0.0,4.625,4.5625,4.625,1.7850433588027954,76000
1988-08-12,0.0,4.625,4.5625,4.625,1.7850433588027954,26400
1988-08-15,0.0,4.59375,4.5625,4.5625,1.7609208822250366,31600
1988-08-16,0.0,4.625,4.5625,4.5625,1.7609208822250366,107200
1988-08-17,0.0,4.59375,4.5625,4.59375,1.7729823589324951,48800
1988-08-18,0.0,4.625,4.5625,4.625,1.7850433588027954,1200
1988-08-19,0.0,4.625,4.5625,4.5625,1.7609208822250366,17600
1988-08-22,0.0,4.59375,4.5625,4.59375,1.7729823589324951,151200
1988-08-23,0.0,4.625,4.5625,4.625,1.7850433588027954,54400
1988-08-24,0.0,4.625,4.5625,4.5625,1.7609208822250366,43200
1988-08-25,0.0,4.65625,4.5625,4.5625,1.7609208822250366,29600
1988-08-26,0.0,4.625,4.5625,4.5625,1.7609208822250366,148000
1988-08-29,0.0,4.625,4.5625,4.5625,1.7609208822250366,11200
1988-08-30,0.0,4.65625,4.5625,4.65625,1.7971042394638062,43200
1988-08-31,0.0,4.5625,4.5625,4.5625,1.7609208822250366,15600
1988-09-01,0.0,4.59375,4.40625,4.46875,1.724737524986267,278800
1988-09-02,0.0,4.5,4.4375,4.5,1.7534750699996948,92000
1988-09-06,0.0,4.5,4.4375,4.5,1.7534750699996948,14400
1988-09-07,0.0,4.5625,4.4375,4.5625,1.777829647064209,34800
1988-09-08,0.0,4.5,4.4375,4.5,1.7534750699996948,166800
1988-09-09,0.0,4.625,4.4375,4.5625,1.777829647064209,90400
1988-09-12,0.0,4.75,4.6875,4.71875,1.8387137651443481,86400
1988-09-13,0.0,4.75,4.625,4.625,1.8021831512451172,158400
1988-09-14,0.0,4.6875,4.5,4.5,1.7534750699996948,76000
1988-09-15,0.0,4.625,4.5,4.5,1.7534750699996948,22000
1988-09-16,0.0,4.5625,4.5,4.5625,1.777829647064209,11600
1988-09-19,0.0,4.5,4.4375,4.4375,1.7291215658187866,19200
1988-09-20,0.0,4.5,4.4375,4.5,1.7534750699996948,7200
1988-09-21,0.0,4.46875,4.4375,4.46875,1.7412981986999512,24000
1988-09-22,0.0,4.4375,4.4375,4.4375,1.7291215658187866,4800
1988-09-23,0.0,4.5625,4.4375,4.5625,1.777829647064209,20400
1988-09-26,4.5625,4.5625,4.5625,4.5625,1.777829647064209,0
1988-09-27,0.0,4.53125,4.5,4.53125,1.7656525373458862,24000
1988-09-28,0.0,4.5625,4.4375,4.4375,1.7291215658187866,7600
1988-09-29,0.0,4.5625,4.5,4.5,1.7534750699996948,140000
1988-09-30,0.0,4.6875,4.625,4.6875,1.8265366554260254,24800
1988-10-03,0.0,4.6875,4.625,4.625,1.8021831512451172,19200
1988-10-04,0.0,4.6875,4.5625,4.5625,1.777829647064209,26400
1988-10-05,0.0,4.6875,4.5625,4.6875,1.8265366554260254,2400
1988-10-06,0.0,4.6875,4.5625,4.6875,1.8265366554260254,5200
1988-10-07,0.0,4.6875,4.5625,4.6875,1.8265366554260254,22800
1988-10-10,0.0,4.6875,4.625,4.6875,1.8265366554260254,6400
1988-10-11,0.0,4.625,4.625,4.625,1.8021831512451172,6000
1988-10-12,0.0,4.6875,4.5,4.625,1.8021831512451172,48400
1988-10-13,0.0,4.625,4.5,4.625,1.8021831512451172,27600
1988-10-14,0.0,4.5625,4.5,4.5,1.7534750699996948,34800
1988-10-17,0.0,4.625,4.5625,4.5625,1.777829647064209,22800
1988-10-18,0.0,4.625,4.5625,4.625,1.8021831512451172,70000
1988-10-19,0.0,4.5625,4.5625,4.5625,1.777829647064209,5200
1988-10-20,0.0,4.625,4.625,4.625,1.8021831512451172,16800
1988-10-21,0.0,4.6875,4.625,4.6875,1.8265366554260254,17600
1988-10-24,0.0,4.6875,4.625,4.625,1.8021831512451172,2000
1988-10-25,0.0,4.75,4.625,4.75,1.8508906364440918,22400
1988-10-26,0.0,4.75,4.6875,4.6875,1.8265366554260254,1200
1988-10-27,0.0,4.6875,4.6875,4.6875,1.8265366554260254,1600
1988-10-28,0.0,4.875,4.6875,4.75,1.8508906364440918,120400
1988-10-31,0.0,4.84375,4.75,4.75,1.8508906364440918,233600
1988-11-01,0.0,4.875,4.875,4.875,1.899598479270935,2800
1988-11-02,0.0,4.875,4.75,4.75,1.8508906364440918,11200
1988-11-03,0.0,4.875,4.75,4.75,1.8508906364440918,44000
1988-11-04,0.0,4.875,4.8125,4.875,1.899598479270935,6000
1988-11-07,0.0,4.875,4.8125,4.875,1.899598479270935,188400
1988-11-08,0.0,4.875,4.8125,4.8125,1.875243902206421,2800
1988-11-09,4.8125,4.8125,4.8125,4.8125,1.875243902206421,0
1988-11-10,0.0,4.875,4.8125,4.84375,1.88742196559906,391200
1988-11-11,0.0,4.9375,4.8125,4.84375,1.88742196559906,54800
1988-11-14,0.0,4.875,4.5625,4.5625,1.777829647064209,289200
1988-11-15,0.0,4.625,4.5625,4.5625,1.777829647064209,20800
1988-11-16,0.0,4.59375,4.5625,4.5625,1.777829647064209,151600
1988-11-17,0.0,4.59375,4.5625,4.59375,1.7900059223175049,154400
1988-11-18,0.0,4.625,4.5625,4.5625,1.777829647064209,15200
1988-11-21,0.0,4.5625,4.5625,4.5625,1.777829647064209,8400
1988-11-22,0.0,4.625,4.5625,4.5625,1.777829647064209,7200
1988-11-23,0.0,4.625,4.5625,4.5625,1.777829647064209,100400
1988-11-25,0.0,4.625,4.5625,4.5625,1.777829647064209,87600
1988-11-28,0.0,4.625,4.5625,4.5625,1.777829647064209,2800
1988-11-29,0.0,4.625,4.5625,4.625,1.8021831512451172,218800
1988-11-30,0.0,4.625,4.5625,4.625,1.8021831512451172,47600
1988-12-01,0.0,4.625,4.5625,4.5625,1.777829647064209,3600
1988-12-02,0.0,4.6875,4.625,4.625,1.8021831512451172,25600
1988-12-05,0.0,4.625,4.625,4.625,1.8198902606964111,10000
1988-12-06,0.0,4.6875,4.625,4.625,1.8198902606964111,28000
1988-12-07,0.0,4.75,4.65625,4.71875,1.8567798137664795,61600
1988-12-08,0.0,4.75,4.65625,4.65625,1.832186222076416,4400
1988-12-09,0.0,4.71875,4.65625,4.65625,1.832186222076416,15200
1988-12-12,0.0,4.6875,4.65625,4.6875,1.8444830179214478,14000
1988-12-13,0.0,4.75,4.65625,4.6875,1.8444830179214478,85600
1988-12-14,0.0,4.75,4.625,4.6875,1.8444830179214478,202000
1988-12-15,0.0,4.75,4.6875,4.6875,1.8444830179214478,21200
1988-12-16,0.0,4.75,4.6875,4.6875,1.8444830179214478,20400
1988-12-19,0.0,4.75,4.6875,4.6875,1.8444830179214478,42800
1988-12-20,0.0,4.75,4.6875,4.75,1.8690763711929321,16000
1988-12-21,0.0,4.75,4.6875,4.75,1.8690763711929321,16400
1988-12-22,0.0,4.75,4.6875,4.6875,1.8444830179214478,11600
1988-12-23,0.0,4.75,4.6875,4.6875,1.8444830179214478,12000
1988-12-27,0.0,4.75,4.6875,4.6875,1.8444830179214478,102000
1988-12-28,0.0,4.75,4.6875,4.75,1.8690763711929321,63200
1988-12-29,0.0,4.75,4.6875,4.6875,1.8444830179214478,10400
1988-12-30,0.0,4.75,4.6875,4.6875,1.8444830179214478,34800
1989-01-03,0.0,4.75,4.6875,4.6875,1.8444830179214478,158400
1989-01-04,0.0,4.75,4.6875,4.6875,1.8444830179214478,22000
1989-01-05,0.0,4.71875,4.6875,4.6875,1.8444830179214478,66000
1989-01-06,0.0,4.71875,4.6875,4.6875,1.8444830179214478,264800
1989-01-09,0.0,4.6875,4.6875,4.6875,1.8444830179214478,12800
1989-01-10,0.0,4.71875,4.6875,4.6875,1.8444830179214478,71600
1989-01-11,0.0,4.71875,4.625,4.625,1.8198902606964111,162800
1989-01-12,0.0,4.6875,4.5625,4.5625,1.795297384262085,93600
1989-01-13,0.0,4.6875,4.5625,4.5625,1.795297384262085,13600
1989-01-16,0.0,4.625,4.375,4.40625,1.7338142395019531,94800
1989-01-17,0.0,4.4375,4.3125,4.375,1.7215172052383423,470000
1989-01-18,0.0,4.4375,4.125,4.3125,1.6969243288040161,544000
1989-01-19,0.0,4.375,4.25,4.375,1.7215172052383423,107200
1989-01-20,0.0,4.4375,4.3125,4.4375,1.7461107969284058,74800
1989-01-23,0.0,4.5,4.34375,4.4375,1.7461107969284058,65200
1989-01-24,0.0,4.5625,4.4375,4.5625,1.795297384262085,218000
1989-01-25,0.0,4.625,4.5,4.625,1.8198902606964111,439600
1989-01-26,0.0,4.75,4.5625,4.75,1.8690763711929321,290800
1989-01-27,0.0,4.8125,4.6875,4.8125,1.8936686515808105,250000
1989-01-30,0.0,4.8125,4.6875,4.75,1.8690763711929321,221600
1989-01-31,0.0,4.75,4.5625,4.6875,1.8444830179214478,50000
1989-02-01,0.0,4.6875,4.625,4.6875,1.8444830179214478,50400
1989-02-02,0.0,4.6875,4.625,4.6875,1.8444830179214478,55600
1989-02-03,0.0,4.6875,4.625,4.6875,1.8444830179214478,46000
1989-02-06,0.0,4.75,4.65625,4.75,1.8690763711929321,133200
1989-02-07,0.0,4.75,4.6875,4.75,1.8690763711929321,14800
1989-02-08,0.0,4.75,4.6875,4.75,1.8690763711929321,179200
1989-02-09,0.0,4.75,4.6875,4.71875,1.8567798137664795,203600
1989-02-10,0.0,4.75,4.6875,4.6875,1.8444830179214478,72000
1989-02-13,0.0,4.75,4.6875,4.6875,1.8444830179214478,19600
1989-02-14,0.0,4.75,4.6875,4.71875,1.8567798137664795,104000
1989-02-15,0.0,4.75,4.6875,4.75,1.8690763711929321,46800
1989-02-16,0.0,4.75,4.6875,4.6875,1.8444830179214478,179600
1989-02-17,0.0,4.75,4.6875,4.6875,1.8444830179214478,131600
1989-02-21,0.0,4.75,4.6875,4.75,1.8690763711929321,105600
1989-02-22,0.0,4.75,4.5625,4.6875,1.8444830179214478,46800
1989-02-23,0.0,4.6875,4.625,4.6875,1.8444830179214478,8000
1989-02-24,0.0,4.6875,4.5625,4.6875,1.8444830179214478,25200
1989-02-27,0.0,4.6875,4.625,4.6875,1.8444830179214478,26800
1989-02-28,0.0,4.6875,4.625,4.6875,1.8444830179214478,16800
1989-03-01,0.0,4.75,4.5625,4.75,1.8690763711929321,30000
1989-03-02,0.0,4.75,4.625,4.6875,1.8444830179214478,324800
1989-03-03,0.0,4.75,4.6875,4.75,1.8690763711929321,758000
1989-03-06,0.0,4.75,4.625,4.6875,1.8621243238449097,440800
1989-03-07,0.0,4.75,4.625,4.75,1.8869534730911255,48800
1989-03-08,0.0,4.75,4.625,4.71875,1.8745390176773071,986400
1989-03-09,0.0,4.75,4.6875,4.75,1.8869534730911255,88800
1989-03-10,0.0,4.8125,4.6875,4.8125,1.911780595779419,22800
1989-03-13,0.0,4.8125,4.6875,4.8125,1.911780595779419,38000
1989-03-14,0.0,4.8125,4.75,4.8125,1.911780595779419,86800
1989-03-15,0.0,4.8125,4.75,4.8125,1.911780595779419,71200
1989-03-16,0.0,4.8125,4.75,4.8125,1.911780595779419,60800
1989-03-17,0.0,4.8125,4.6875,4.6875,1.8621243238449097,54800
1989-03-20,0.0,4.75,4.6875,4.75,1.8869534730911255,74800
1989-03-21,0.0,4.8125,4.75,4.8125,1.911780595779419,12000
1989-03-22,0.0,4.8125,4.75,4.8125,1.911780595779419,45600
1989-03-23,0.0,4.8125,4.75,4.8125,1.911780595779419,10800
1989-03-27,0.0,4.8125,4.75,4.78125,1.8993666172027588,66000
1989-03-28,0.0,4.8125,4.78125,4.78125,1.8993666172027588,13600
1989-03-29,0.0,4.8125,4.75,4.75,1.8869534730911255,33200
1989-03-30,0.0,4.8125,4.75,4.8125,1.911780595779419,48400
1989-03-31,0.0,4.875,4.75,4.78125,1.8993666172027588,293600
1989-04-03,0.0,4.875,4.75,4.75,1.8869534730911255,22400
1989-04-04,0.0,4.9375,4.8125,4.875,1.936608910560608,152000
1989-04-05,0.0,5.0,4.8125,5.0,1.98626708984375,70400
1989-04-06,0.0,5.0,4.875,5.0,1.98626708984375,6400
1989-04-07,0.0,5.0,4.875,4.9375,1.9614384174346924,74000
1989-04-10,0.0,5.0,4.9375,5.0,1.98626708984375,11200
1989-04-11,0.0,5.0,4.9375,5.0,1.98626708984375,33200
1989-04-12,0.0,5.0625,4.9375,5.0625,2.011094331741333,59200
1989-04-13,0.0,5.0625,4.875,5.0,1.98626708984375,236000
1989-04-14,0.0,5.0,4.9375,5.0,1.98626708984375,28400
1989-04-17,0.0,5.0,4.9375,4.9375,1.9614384174346924,5200
1989-04-18,0.0,5.0,4.9375,5.0,1.98626708984375,28800
1989-04-19,0.0,5.0625,4.9375,4.9375,1.9614384174346924,134000
1989-04-20,0.0,5.0625,4.96875,5.03125,1.9986809492111206,66400
1989-04-21,0.0,5.03125,4.96875,5.03125,1.9986809492111206,218800
1989-04-24,0.0,5.03125,4.96875,5.0,1.98626708984375,125200
1989-04-25,0.0,5.0,4.96875,5.0,1.98626708984375,47200
1989-04-26,0.0,5.0,4.9375,5.0,1.98626708984375,226400
1989-04-27,0.0,5.0,4.9375,4.96875,1.9738526344299316,21200
1989-04-28,0.0,5.0,4.9375,4.9375,1.9614384174346924,232800
1989-05-01,0.0,5.0,4.9375,5.0,1.98626708984375,142000
1989-05-02,0.0,5.0,4.9375,5.0,1.98626708984375,52800
1989-05-03,0.0,5.0,4.9375,5.0,1.98626708984375,48000
1989-05-04,0.0,5.0,4.9375,5.0,1.98626708984375,144800
1989-05-05,0.0,5.03125,4.9375,5.0,1.98626708984375,126400
1989-05-08,0.0,5.03125,4.9375,5.03125,1.9986809492111206,28800
1989-05-09,0.0,5.03125,4.96875,5.03125,1.9986809492111206,33200
1989-05-10,0.0,5.03125,4.9375,4.9375,1.9614384174346924,30800
1989-05-11,0.0,5.03125,4.9375,5.0,1.98626708984375,71600
1989-05-12,0.0,5.03125,4.96875,4.96875,1.9738526344299316,295600
1989-05-15,0.0,5.03125,5.03125,5.03125,1.9986809492111206,8800
1989-05-16,0.0,5.0625,4.96875,5.0625,2.011094331741333,89600
1989-05-17,0.0,5.0625,4.96875,4.96875,1.9738526344299316,30000
1989-05-18,0.0,5.0625,4.96875,4.96875,1.9738526344299316,13600
1989-05-19,0.0,5.0625,4.96875,5.0625,2.011094331741333,6000
1989-05-22,0.0,5.0625,5.03125,5.03125,1.9986809492111206,94400
1989-05-23,0.0,5.09375,5.03125,5.03125,1.9986809492111206,42000
1989-05-24,0.0,5.0625,5.0,5.0,1.98626708984375,30000
1989-05-25,0.0,5.09375,5.0,5.09375,2.023508310317993,80000
1989-05-26,0.0,5.09375,5.03125,5.09375,2.023508310317993,61600
1989-05-30,0.0,5.09375,5.0625,5.09375,2.023508310317993,56400
1989-05-31,0.0,5.125,5.0625,5.09375,2.023508310317993,133200
1989-06-01,0.0,5.125,5.125,5.125,2.0359227657318115,8000
1989-06-02,0.0,5.125,5.0625,5.0625,2.011094331741333,8800
1989-06-05,0.0,5.125,5.0,5.125,2.0541815757751465,9200
1989-06-06,0.0,5.25,5.0625,5.25,2.1042840480804443,141600
1989-06-07,0.0,5.5,5.3125,5.4375,2.179436445236206,146400
1989-06-08,0.0,5.4375,5.125,5.125,2.0541815757751465,112400
1989-06-09,0.0,5.25,5.09375,5.09375,2.041656494140625,18000
1989-06-12,0.0,5.25,5.09375,5.21875,2.091758966445923,58400
1989-06-13,0.0,5.1875,5.0625,5.125,2.0541815757751465,193600
1989-06-14,0.0,5.125,5.0625,5.125,2.0541815757751465,286000
1989-06-15,0.0,5.1875,5.0625,5.1875,2.079232931137085,447200
1989-06-16,0.0,5.21875,5.09375,5.1875,2.079232931137085,24800
1989-06-19,0.0,5.25,5.15625,5.15625,2.066709041595459,4000
1989-06-20,0.0,5.21875,5.125,5.21875,2.091758966445923,45200
1989-06-21,0.0,5.25,5.1875,5.1875,2.079232931137085,97600
1989-06-22,0.0,5.25,5.1875,5.25,2.1042840480804443,4800
1989-06-23,0.0,5.28125,5.25,5.25,2.1042840480804443,320000
1989-06-26,0.0,5.25,5.25,5.25,2.1042840480804443,6800
1989-06-27,0.0,5.28125,5.25,5.25,2.1042840480804443,156000
1989-06-28,0.0,5.3125,5.25,5.25,2.1042840480804443,481600
1989-06-29,0.0,5.25,5.1875,5.1875,2.079232931137085,39600
1989-06-30,0.0,5.25,5.125,5.25,2.1042840480804443,169200
1989-07-03,0.0,5.25,5.125,5.1875,2.079232931137085,133600
1989-07-05,0.0,5.25,5.125,5.125,2.0541815757751465,189600
1989-07-06,0.0,5.25,5.125,5.125,2.0541815757751465,38800
1989-07-07,0.0,5.25,5.125,5.1875,2.079232931137085,50800
1989-07-10,0.0,5.25,5.1875,5.1875,2.079232931137085,28400
1989-07-11,0.0,5.25,5.1875,5.1875,2.079232931137085,61200
1989-07-12,0.0,5.25,5.125,5.125,2.0541815757751465,21600
1989-07-13,0.0,5.25,5.1875,5.1875,2.079232931137085,72000
1989-07-14,0.0,5.25,5.125,5.21875,2.091758966445923,71600
1989-07-17,0.0,5.25,5.125,5.25,2.1042840480804443,184400
1989-07-18,0.0,5.3125,5.1875,5.25,2.1042840480804443,107600
1989-07-19,0.0,5.3125,5.1875,5.3125,2.129335880279541,11200
1989-07-20,0.0,5.3125,5.25,5.3125,2.129335880279541,1600
1989-07-21,0.0,5.25,5.1875,5.25,2.1042840480804443,15600
1989-07-24,0.0,5.25,5.1875,5.25,2.1042840480804443,5600
1989-07-25,0.0,5.25,5.1875,5.1875,2.079232931137085,18000
1989-07-26,0.0,5.5,5.25,5.5,2.2044880390167236,366400
1989-07-27,0.0,5.5,5.375,5.375,2.1543874740600586,82400
1989-07-28,0.0,5.46875,5.375,5.375,2.1543874740600586,141200
1989-07-31,0.0,5.5,5.375,5.5,2.2044880390167236,14000
1989-08-01,0.0,5.5,5.375,5.375,2.1543874740600586,10400
1989-08-02,0.0,5.5,5.375,5.375,2.1543874740600586,21200
1989-08-03,0.0,5.5,5.375,5.5,2.2044880390167236,16400
1989-08-04,0.0,5.5,5.375,5.375,2.1543874740600586,61600
1989-08-07,0.0,5.5,5.375,5.375,2.1543874740600586,25200
1989-08-08,0.0,5.5,5.375,5.375,2.1543874740600586,160800
1989-08-09,0.0,5.40625,5.375,5.375,2.1543874740600586,67600
1989-08-10,0.0,5.5,5.375,5.4375,2.179436445236206,29200
1989-08-11,0.0,5.5,5.375,5.4375,2.179436445236206,12800
1989-08-14,0.0,5.5,5.4375,5.4375,2.179436445236206,10400
1989-08-15,0.0,5.5,5.4375,5.5,2.2044880390167236,311600
1989-08-16,0.0,5.5,5.46875,5.46875,2.1919643878936768,26800
1989-08-17,0.0,5.5,5.46875,5.5,2.2044880390167236,46800
1989-08-18,0.0,5.5625,5.5,5.5,2.2044880390167236,85200
1989-08-21,0.0,5.5625,5.46875,5.46875,2.1919643878936768,20800
1989-08-22,0.0,5.53125,5.46875,5.5,2.2044880390167236,16000
1989-08-23,0.0,5.5625,5.5,5.5625,2.2295398712158203,28800
1989-08-24,0.0,5.5625,5.5,5.5625,2.2295398712158203,7600
1989-08-25,0.0,5.5625,5.5625,5.5625,2.2295398712158203,7200
1989-08-28,0.0,5.625,5.5625,5.5625,2.2295398712158203,7200
1989-08-29,0.0,5.625,5.5,5.5,2.2044880390167236,20400
1989-08-30,0.0,5.875,5.5625,5.8125,2.329742908477783,213200
1989-08-31,0.0,5.9375,5.8125,5.875,2.3547940254211426,36800
1989-09-01,0.0,6.0,5.875,6.0,2.4234583377838135,29200
1989-09-05,0.0,5.9375,5.8125,5.875,2.372971296310425,52800
1989-09-06,0.0,5.9375,5.875,5.90625,2.385592222213745,65600
1989-09-07,0.0,5.9375,5.875,5.875,2.372971296310425,76800
1989-09-08,0.0,5.875,5.875,5.875,2.372971296310425,14400
1989-09-11,0.0,5.9375,5.8125,5.8125,2.3477249145507812,176800
1989-09-12,0.0,5.875,5.8125,5.8125,2.3477249145507812,68400
1989-09-13,0.0,5.9375,5.8125,5.875,2.372971296310425,155200
1989-09-14,0.0,5.9375,5.875,5.875,2.372971296310425,15600
1989-09-15,0.0,5.9375,5.875,5.90625,2.385592222213745,62400
1989-09-18,0.0,5.9375,5.875,5.875,2.372971296310425,12000
1989-09-19,0.0,5.90625,5.84375,5.90625,2.385592222213745,728400
1989-09-20,0.0,5.90625,5.875,5.875,2.372971296310425,144800
1989-09-21,0.0,5.9375,5.875,5.9375,2.3982138633728027,42400
1989-09-22,0.0,5.9375,5.8125,5.84375,2.360347270965576,625200
1989-09-25,0.0,5.8125,5.6875,5.75,2.322481870651245,84400
1989-09-26,0.0,5.75,5.6875,5.6875,2.297236919403076,83600
1989-09-27,0.0,5.75,5.6875,5.75,2.322481870651245,365200
1989-09-28,0.0,5.8125,5.6875,5.75,2.322481870651245,1097600
1989-09-29,0.0,5.8125,5.75,5.8125,2.3477249145507812,36800
1989-10-02,0.0,5.8125,5.75,5.78125,2.3351049423217773,60000
1989-10-03,0.0,5.8125,5.75,5.78125,2.3351049423217773,33600
1989-10-04,0.0,5.75,5.75,5.75,2.322481870651245,4400
1989-10-05,0.0,5.8125,5.75,5.8125,2.3477249145507812,26400
1989-10-06,0.0,5.875,5.75,5.75,2.322481870651245,92800
1989-10-09,0.0,5.875,5.75,5.75,2.322481870651245,307200
1989-10-10,0.0,5.875,5.75,5.8125,2.3477249145507812,775600
1989-10-11,0.0,5.875,5.8125,5.875,2.372971296310425,97200
1989-10-12,0.0,5.90625,5.8125,5.875,2.372971296310425,117600
1989-10-13,0.0,5.90625,5.84375,5.84375,2.360347270965576,177200
1989-10-16,0.0,5.875,5.625,5.8125,2.3477249145507812,293200
1989-10-17,0.0,5.875,5.78125,5.875,2.372971296310425,390800
1989-10-18,0.0,6.0625,5.8125,6.0625,2.448702573776245,271600
1989-10-19,0.0,6.3125,6.0,6.3125,2.549679756164551,282000
1989-10-20,0.0,6.34375,6.1875,6.25,2.5244357585906982,380400
1989-10-23,0.0,6.4375,6.25,6.375,2.5749244689941406,248800
1989-10-24,0.0,6.375,6.25,6.3125,2.549679756164551,609200
1989-10-25,0.0,6.375,6.3125,6.375,2.5749244689941406,1197600
1989-10-26,0.0,6.5,6.3125,6.375,2.5749244689941406,251200
1989-10-27,0.0,6.4375,6.375,6.375,2.5749244689941406,377200
1989-10-30,0.0,6.5625,6.375,6.5625,2.650657892227173,179600
1989-10-31,0.0,6.5625,6.4375,6.5625,2.650657892227173,119200
1989-11-01,0.0,6.59375,6.5,6.5,2.6254124641418457,467600
1989-11-02,0.0,6.59375,6.5,6.5,2.6254124641418457,2158800
1989-11-03,0.0,6.5625,6.4375,6.4375,2.6001689434051514,146800
1989-11-06,0.0,6.5,6.375,6.375,2.5749244689941406,378000
1989-11-07,0.0,6.4375,6.375,6.4375,2.6001689434051514,57200
1989-11-08,0.0,6.4375,6.3125,6.3125,2.549679756164551,913200
1989-11-09,0.0,6.40625,6.3125,6.3125,2.549679756164551,114000
1989-11-10,0.0,6.25,6.0,6.0,2.4234583377838135,122400
1989-11-13,0.0,6.125,6.0,6.0625,2.448702573776245,176000
1989-11-14,0.0,6.0625,6.0,6.0,2.4234583377838135,35200
1989-11-15,0.0,6.125,6.0,6.125,2.473947525024414,158400
1989-11-16,0.0,6.0,6.0,6.0,2.4234583377838135,400
1989-11-17,0.0,6.125,6.0,6.0,2.4234583377838135,134800
1989-11-20,0.0,6.0625,6.0,6.0,2.4234583377838135,55600
1989-11-21,0.0,6.125,6.0625,6.0625,2.448702573776245,53600
1989-11-22,0.0,6.125,6.0625,6.0625,2.448702573776245,351600
1989-11-24,0.0,6.125,6.0625,6.125,2.473947525024414,56000
1989-11-27,0.0,6.1875,6.0625,6.0625,2.448702573776245,17200
1989-11-28,0.0,6.1875,6.0625,6.125,2.473947525024414,46800
1989-11-29,0.0,6.09375,6.0625,6.0625,2.448702573776245,27200
1989-11-30,0.0,6.09375,6.0625,6.0625,2.448702573776245,2400
1989-12-01,0.0,6.1875,6.0625,6.0625,2.448702573776245,116800
1989-12-04,0.0,6.1875,6.0625,6.1875,2.499192476272583,32000
1989-12-05,0.0,6.1875,6.125,6.1875,2.5185258388519287,36400
1989-12-06,0.0,6.25,6.25,6.25,2.5439651012420654,2800
1989-12-07,0.0,6.21875,6.1875,6.1875,2.5185258388519287,50400
1989-12-08,0.0,6.25,6.1875,6.25,2.5439651012420654,8400
1989-12-11,0.0,6.25,6.1875,6.25,2.5439651012420654,24800
1989-12-12,0.0,6.25,6.1875,6.21875,2.5312445163726807,7600
1989-12-13,0.0,6.25,6.1875,6.1875,2.5185258388519287,14000
1989-12-14,0.0,6.25,6.1875,6.25,2.5439651012420654,49200
1989-12-15,0.0,6.25,6.1875,6.1875,2.5185258388519287,10800
1989-12-18,0.0,6.25,6.1875,6.25,2.5439651012420654,63200
1989-12-19,0.0,6.28125,6.1875,6.1875,2.5185258388519287,1264800
1989-12-20,0.0,6.375,6.1875,6.3125,2.5694053173065186,200800
1989-12-21,0.0,6.375,6.1875,6.3125,2.5694053173065186,244800
1989-12-22,0.0,6.375,6.1875,6.25,2.5439651012420654,36400
1989-12-26,0.0,6.25,6.1875,6.25,2.5439651012420654,120000
1989-12-27,0.0,6.3125,6.1875,6.25,2.5439651012420654,12800
1989-12-28,0.0,6.25,6.1875,6.21875,2.5312445163726807,86400
1989-12-29,0.0,6.25,6.1875,6.25,2.5439651012420654,26400
1990-01-02,0.0,6.25,6.125,6.25,2.5439651012420654,102400
1990-01-03,0.0,6.25,6.125,6.1875,2.5185258388519287,56800
1990-01-04,0.0,6.3125,6.1875,6.1875,2.5185258388519287,489200
1990-01-05,0.0,6.3125,6.1875,6.25,2.5439651012420654,236400
1990-01-08,0.0,6.1875,6.1875,6.1875,2.5185258388519287,17200
1990-01-09,0.0,6.25,6.1875,6.1875,2.5185258388519287,83200
1990-01-10,0.0,6.25,6.0,6.0,2.442206382751465,64400
1990-01-11,0.0,5.9375,5.9375,5.9375,2.416766881942749,21200
1990-01-12,0.0,5.875,5.75,5.8125,2.3658876419067383,266400
1990-01-15,0.0,5.8125,5.75,5.8125,2.3658876419067383,109600
1990-01-16,0.0,5.8125,5.6875,5.8125,2.3658876419067383,66400
1990-01-17,0.0,5.875,5.75,5.84375,2.378607988357544,51600
1990-01-18,0.0,5.90625,5.8125,5.90625,2.4040470123291016,199200
1990-01-19,0.0,5.8125,5.8125,5.8125,2.3658876419067383,800
1990-01-22,0.0,5.90625,5.8125,5.84375,2.378607988357544,636800
1990-01-23,0.0,5.90625,5.8125,5.8125,2.3658876419067383,400800
1990-01-24,0.0,5.75,5.75,5.75,2.3404483795166016,10400
1990-01-25,0.0,5.78125,5.75,5.78125,2.353168487548828,22800
1990-01-26,0.0,5.8125,5.75,5.8125,2.3658876419067383,26800
1990-01-29,0.0,5.8125,5.75,5.8125,2.3658876419067383,124400
1990-01-30,0.0,5.8125,5.625,5.625,2.289569616317749,150800
1990-01-31,0.0,5.6875,5.5625,5.6875,2.3150084018707275,102400
1990-02-01,0.0,5.6875,5.5625,5.5625,2.264129877090454,33200
1990-02-02,0.0,5.75,5.5625,5.75,2.3404483795166016,88400
1990-02-05,0.0,5.875,5.6875,5.875,2.3913285732269287,142800
1990-02-06,0.0,5.8125,5.75,5.75,2.3404483795166016,37600
1990-02-07,0.0,5.875,5.75,5.875,2.3913285732269287,19600
1990-02-08,0.0,5.9375,5.875,5.9375,2.416766881942749,334400
1990-02-09,0.0,5.9375,5.8125,5.8125,2.3658876419067383,76000
1990-02-12,0.0,5.875,5.8125,5.8125,2.3658876419067383,114000
1990-02-13,0.0,5.875,5.8125,5.84375,2.378607988357544,456400
1990-02-14,0.0,5.84375,5.375,5.375,2.1878106594085693,986400
1990-02-15,0.0,5.5625,5.375,5.5,2.23868989944458,340800
1990-02-16,0.0,5.5625,5.5,5.5,2.23868989944458,56000
1990-02-20,0.0,5.5,5.1875,5.3125,2.1623711585998535,216800
1990-02-21,0.0,5.25,5.125,5.1875,2.1114914417266846,73600
1990-02-22,0.0,5.3125,5.1875,5.3125,2.1623711585998535,55200
1990-02-23,0.0,5.25,5.1875,5.25,2.1369311809539795,94800
1990-02-26,0.0,5.3125,5.1875,5.3125,2.1623711585998535,99200
1990-02-27,0.0,5.25,5.25,5.25,2.1369311809539795,2400
1990-02-28,0.0,5.375,5.25,5.375,2.1878106594085693,10000
1990-03-01,0.0,5.375,5.25,5.25,2.1369311809539795,26400
1990-03-02,0.0,5.375,5.3125,5.3125,2.1623711585998535,57200
1990-03-05,0.0,5.5,5.375,5.5,2.258887529373169,45200
1990-03-06,0.0,5.6875,5.5625,5.5625,2.2845566272735596,106400
1990-03-07,0.0,5.59375,5.5625,5.5625,2.2845566272735596,14000
1990-03-08,0.0,5.6875,5.5625,5.5625,2.2845566272735596,26400
1990-03-09,0.0,5.6875,5.5625,5.5625,2.2845566272735596,2000
1990-03-12,0.0,5.6875,5.5625,5.5625,2.2845566272735596,67200
1990-03-13,0.0,5.6875,5.5625,5.5625,2.2845566272735596,10400
1990-03-14,0.0,5.6875,5.59375,5.625,2.3102262020111084,64400
1990-03-15,0.0,5.75,5.625,5.625,2.3102262020111084,22000
1990-03-16,0.0,5.6875,5.625,5.6875,2.335894823074341,27200
1990-03-19,0.0,5.75,5.625,5.625,2.3102262020111084,96400
1990-03-20,0.0,5.75,5.6875,5.6875,2.335894823074341,75600
1990-03-21,0.0,5.75,5.625,5.625,2.3102262020111084,112000
1990-03-22,0.0,5.625,5.625,5.625,2.3102262020111084,8800
1990-03-23,0.0,5.6875,5.625,5.6875,2.335894823074341,18400
1990-03-26,5.625,5.6875,5.625,5.6875,2.335894823074341,12800
1990-03-27,5.625,5.6875,5.625,5.6875,2.335894823074341,38800
1990-03-28,5.625,5.6875,5.625,5.65625,2.32305908203125,59600
1990-03-29,5.625,5.6875,5.625,5.6875,2.335894823074341,4000
1990-03-30,5.625,5.6875,5.625,5.6875,2.335894823074341,22800
1990-04-02,5.5625,5.5625,5.125,5.1875,2.130540132522583,490800
1990-04-03,5.125,5.1875,4.9375,4.9375,2.0278642177581787,5704400
1990-04-04,4.875,5.125,4.875,5.0625,2.0792033672332764,984800
1990-04-05,5.0625,5.21875,4.9375,4.96875,2.0406992435455322,644400
1990-04-06,5.0625,5.0625,4.9375,5.0,2.0535342693328857,210400
1990-04-09,4.9375,5.0,4.9375,4.96875,2.0406992435455322,379600
1990-04-10,4.96875,6.0,4.96875,5.75,2.3615636825561523,1134000
1990-04-11,5.8125,5.8125,5.5,5.625,2.3102262020111084,591200
1990-04-12,5.5625,5.625,5.375,5.4375,2.233217716217041,386400
1990-04-16,5.5625,5.625,5.5,5.625,2.3102262020111084,946000
1990-04-17,5.625,5.6875,5.5,5.59375,2.2973906993865967,2228800
1990-04-18,5.59375,5.625,5.5,5.5,2.258887529373169,75600
1990-04-19,5.5,5.5625,5.5,5.5625,2.2845566272735596,384800
1990-04-20,5.5,5.5625,5.5,5.5625,2.2845566272735596,35600
1990-04-23,5.5625,5.5625,5.4375,5.4375,2.233217716217041,250000
1990-04-24,5.4375,5.53125,5.4375,5.53125,2.2717204093933105,329600
1990-04-25,5.4375,5.5625,5.4375,5.5,2.258887529373169,94000
1990-04-26,5.5,5.5,5.375,5.375,2.2075490951538086,38400
1990-04-27,5.375,5.5,5.375,5.375,2.2075490951538086,357600
1990-04-30,5.375,5.4375,5.375,5.375,2.2075490951538086,150800
1990-05-01,5.4375,5.5,5.375,5.40625,2.2203829288482666,42400
1990-05-02,5.5,5.5,5.375,5.4375,2.233217716217041,130800
1990-05-03,5.5,5.5,5.375,5.375,2.2075490951538086,20800
1990-05-04,5.375,5.5,5.25,5.28125,2.1690447330474854,410400
1990-05-07,5.34375,5.4375,5.25,5.25,2.15621018409729,248800
1990-05-08,5.375,5.375,5.3125,5.3125,2.1818792819976807,649600
1990-05-09,5.375,5.4375,5.3125,5.4375,2.233217716217041,255200
1990-05-10,5.4375,5.4375,5.375,5.375,2.2075490951538086,12800
1990-05-11,5.4375,5.5625,5.4375,5.4375,2.233217716217041,26000
1990-05-14,5.5,5.75,5.5,5.625,2.3102262020111084,132400
1990-05-15,5.59375,5.6875,5.5625,5.6875,2.335894823074341,45200
1990-05-16,5.75,5.75,5.5625,5.5625,2.2845566272735596,21200
1990-05-17,5.75,5.875,5.6875,5.75,2.3615636825561523,171200
1990-05-18,5.8125,5.8125,5.625,5.625,2.3102262020111084,56800
1990-05-21,5.625,5.8125,5.625,5.8125,2.3872320652008057,162800
1990-05-22,5.75,5.875,5.75,5.75,2.3615636825561523,21600
1990-05-23,5.75,5.8125,5.6875,5.8125,2.3872320652008057,30400
1990-05-24,5.8125,5.8125,5.6875,5.6875,2.335894823074341,23600
1990-05-25,5.6875,5.75,5.6875,5.75,2.3615636825561523,97200
1990-05-29,5.6875,5.6875,5.625,5.625,2.3102262020111084,62800
1990-05-30,5.59375,5.625,5.5625,5.5625,2.2845566272735596,28400
1990-05-31,5.5625,5.5625,5.5625,5.5625,2.2845566272735596,17600
1990-06-01,5.5625,5.625,5.5625,5.5625,2.2845566272735596,9200
1990-06-04,5.5625,5.6875,5.5625,5.6875,2.335894823074341,2800
1990-06-05,5.6875,5.6875,5.5625,5.5625,2.3037962913513184,22000
1990-06-06,5.5625,5.6875,5.5625,5.5625,2.3037962913513184,191200
1990-06-07,5.6875,5.6875,5.5625,5.6875,2.355567693710327,180400
1990-06-08,5.6875,5.6875,5.5625,5.625,2.3296825885772705,145600
1990-06-11,5.5625,5.625,5.5625,5.5625,2.3037962913513184,88000
1990-06-12,5.625,5.625,5.5625,5.5625,2.3037962913513184,6000
1990-06-13,5.5625,5.625,5.5625,5.5625,2.3037962913513184,25200
1990-06-14,5.625,5.625,5.5625,5.5625,2.3037962913513184,26000
1990-06-15,5.5625,5.5625,5.5625,5.5625,2.3037962913513184,1600
1990-06-18,5.5625,5.625,5.375,5.375,2.2261404991149902,95200
1990-06-19,5.3125,5.4375,5.3125,5.4375,2.2520265579223633,3600
1990-06-20,5.3125,5.4375,5.3125,5.34375,2.213197946548462,84000
1990-06-21,5.3125,5.3125,5.3125,5.3125,2.200255870819092,800
1990-06-22,5.3125,5.3125,5.3125,5.3125,2.200255870819092,400
1990-06-25,5.3125,5.3125,5.3125,5.3125,2.200255870819092,28000
1990-06-26,5.3125,5.375,5.3125,5.3125,2.200255870819092,92000
1990-06-27,5.3125,5.375,5.3125,5.375,2.2261404991149902,17600
1990-06-28,5.3125,5.375,5.3125,5.3125,2.200255870819092,9600
1990-06-29,5.375,5.375,5.3125,5.375,2.2261404991149902,184000
1990-07-02,5.34375,5.4375,5.3125,5.3125,2.200255870819092,42800
1990-07-03,5.40625,5.5625,5.375,5.5,2.2779123783111572,559200
1990-07-05,5.5,5.5,5.4375,5.5,2.2779123783111572,62400
1990-07-06,5.5625,5.5625,5.53125,5.53125,2.290853261947632,31200
1990-07-09,5.5,5.5625,5.4375,5.4375,2.2520265579223633,151600
1990-07-10,5.4375,5.5,5.4375,5.4375,2.2520265579223633,21600
1990-07-11,5.4375,5.4375,5.4375,5.4375,2.2520265579223633,400
1990-07-12,5.5625,5.5625,5.4375,5.5625,2.3037962913513184,9600
1990-07-13,5.4375,5.6875,5.4375,5.6875,2.355567693710327,107600
1990-07-16,5.625,5.625,5.625,5.625,2.3296825885772705,10000
1990-07-17,5.625,5.6875,5.625,5.625,2.3296825885772705,60800
1990-07-18,5.625,5.75,5.625,5.625,2.3296825885772705,164400
1990-07-19,5.625,5.6875,5.625,5.625,2.3296825885772705,200000
1990-07-20,5.625,5.6875,5.625,5.6875,2.355567693710327,21600
1990-07-23,5.625,5.65625,5.5625,5.625,2.3296825885772705,133600
1990-07-24,5.5625,5.6875,5.5,5.6875,2.355567693710327,52000
1990-07-25,5.6875,5.6875,5.6875,5.6875,2.355567693710327,0
1990-07-26,5.6875,5.6875,5.5625,5.5625,2.3037962913513184,14400
1990-07-27,5.5,5.5,5.5,5.5,2.2779123783111572,17200
1990-07-30,5.5,5.5625,5.375,5.375,2.2261404991149902,30800
1990-07-31,5.375,5.5,5.375,5.375,2.2261404991149902,22400
1990-08-01,5.375,5.4375,5.25,5.3125,2.200255870819092,34800
1990-08-02,5.25,5.375,5.1875,5.1875,2.148484706878662,81200
1990-08-03,5.1875,5.1875,5.0,5.0,2.070828676223755,83600
1990-08-06,5.0,5.0,4.875,5.0,2.070828676223755,14400
1990-08-07,5.0,5.0,5.0,5.0,2.070828676223755,20800
1990-08-08,5.0,5.09375,5.0,5.0625,2.096714735031128,68400
1990-08-09,5.0625,5.0625,5.0,5.0625,2.096714735031128,6800
1990-08-10,5.0,5.0625,4.9375,5.0625,2.096714735031128,25200
1990-08-13,5.0625,5.0625,4.9375,5.0625,2.096714735031128,5200
1990-08-14,5.0625,5.125,5.0,5.125,2.122598648071289,7200
1990-08-15,5.0,5.125,5.0,5.03125,2.083770513534546,15200
1990-08-16,5.0,5.0,5.0,5.0,2.070828676223755,2800
1990-08-17,4.9375,5.0,4.9375,4.9375,2.044942855834961,67200
1990-08-20,4.875,4.875,4.875,4.875,2.0190582275390625,4000
1990-08-21,4.875,5.0,4.8125,4.8125,1.9931718111038208,43600
1990-08-22,4.8125,4.875,4.75,4.75,1.9672871828079224,42000
1990-08-23,4.75,4.75,4.1875,4.25,1.7602039575576782,183600
1990-08-24,4.125,4.25,4.0,4.0,1.656662940979004,141600
1990-08-27,4.1875,4.1875,4.0625,4.1875,1.7343188524246216,5200
1990-08-28,4.1875,4.1875,4.0625,4.0625,1.682547688484192,8400
1990-08-29,4.125,4.4375,4.125,4.3125,1.7860896587371826,86800
1990-08-30,4.3125,4.6875,4.3125,4.5625,1.889630675315857,59200
1990-08-31,4.59375,4.625,4.5,4.5,1.8637443780899048,11200
1990-09-04,4.5,4.625,4.5,4.625,1.9359500408172607,22400
1990-09-05,4.5,4.5,4.5,4.5,1.8836278915405273,3600
1990-09-06,4.625,4.625,4.625,4.625,1.9359500408172607,1600
1990-09-07,4.625,4.6875,4.625,4.625,1.9359500408172607,30000
1990-09-10,4.625,4.625,4.625,4.625,1.9359500408172607,2000
1990-09-11,4.625,4.75,4.625,4.75,1.9882745742797852,6000
1990-09-12,4.75,4.75,4.625,4.625,1.9359500408172607,37200
1990-09-13,4.625,4.625,4.1875,4.1875,1.7528212070465088,244000
1990-09-14,4.1875,4.5,4.125,4.46875,1.8705474138259888,176000
1990-09-17,4.46875,4.5625,4.4375,4.4375,1.8574676513671875,26000
1990-09-18,4.4375,4.5,4.375,4.375,1.8313052654266357,61600
1990-09-19,4.5,4.5,4.375,4.4375,1.8574676513671875,66400
1990-09-20,4.375,4.5,4.375,4.375,1.8313052654266357,4800
1990-09-21,4.375,4.5,4.375,4.375,1.8313052654266357,53600
1990-09-24,4.375,4.5,4.1875,4.3125,1.805144190788269,85600
1990-09-25,4.1875,4.25,4.125,4.1875,1.7528212070465088,90000
1990-09-26,4.125,4.125,3.875,4.0,1.6743357181549072,90000
1990-09-27,3.875,3.875,3.6875,3.75,1.5696890354156494,91200
1990-09-28,3.75,4.0,3.75,3.875,1.6220136880874634,70800
1990-10-01,4.0,4.0,3.9375,4.0,1.6743357181549072,32800
1990-10-02,4.0625,4.0625,3.875,4.0,1.6743357181549072,49600
1990-10-03,4.0,4.0,4.0,4.0,1.6743357181549072,14800
1990-10-04,3.875,3.9375,3.8125,3.8125,1.5958516597747803,28400
1990-10-05,3.875,4.0,3.875,3.875,1.6220136880874634,51600
1990-10-08,4.0,4.0,3.9375,3.9375,1.6481742858886719,23200
1990-10-09,3.875,3.9375,3.8125,3.8125,1.5958516597747803,24400
1990-10-10,3.75,3.8125,3.6875,3.75,1.5696890354156494,30400
1990-10-11,3.75,3.875,3.6875,3.75,1.5696890354156494,29200
1990-10-12,3.5625,3.625,3.5,3.59375,1.504286289215088,147600
1990-10-15,3.5,3.625,3.5,3.5,1.4650444984436035,17200
1990-10-16,3.625,3.625,3.5,3.625,1.5173674821853638,10400
1990-10-17,3.625,3.625,3.5,3.5,1.4650444984436035,4000
1990-10-18,3.5,3.625,3.5,3.5,1.4650444984436035,38000
1990-10-19,3.625,3.625,3.5625,3.625,1.5173674821853638,14400
1990-10-22,3.625,3.625,3.59375,3.59375,1.504286289215088,8000
1990-10-23,3.59375,3.625,3.5625,3.625,1.5173674821853638,9200
1990-10-24,3.5625,3.5625,3.4375,3.5625,1.4912059307098389,64400
1990-10-25,3.375,3.5,3.375,3.5,1.4650444984436035,2800
1990-10-26,3.4375,3.5,3.28125,3.375,1.412720799446106,686800
1990-10-29,3.375,3.375,3.25,3.34375,1.3996402025222778,110400
1990-10-30,3.25,3.375,3.25,3.25,1.360398769378662,51200
1990-10-31,3.25,3.375,3.25,3.25,1.360398769378662,13600
1990-11-01,3.375,3.5,3.3125,3.5,1.4650444984436035,35600
1990-11-02,3.5,3.625,3.375,3.625,1.5173674821853638,106400
1990-11-05,3.625,3.625,3.5,3.625,1.5173674821853638,9600
1990-11-06,3.5,3.625,3.5,3.625,1.5173674821853638,134400
1990-11-07,3.625,3.875,3.625,3.75,1.5696890354156494,120800
1990-11-08,3.875,3.875,3.75,3.875,1.6220136880874634,46400
1990-11-09,3.875,4.1875,3.875,4.125,1.7266594171524048,113200
1990-11-12,4.125,4.15625,4.0625,4.125,1.7266594171524048,144400
1990-11-13,4.0625,4.1875,4.0,4.0,1.6743357181549072,72400
1990-11-14,4.1875,4.1875,4.0,4.0,1.6743357181549072,6800
1990-11-15,4.0,4.125,3.96875,4.0,1.6743357181549072,84800
1990-11-16,4.0,4.25,4.0,4.25,1.7789825201034546,528400
1990-11-19,4.3125,4.4375,4.3125,4.3125,1.805144190788269,144400
1990-11-20,4.25,4.375,4.25,4.25,1.7789825201034546,64000
1990-11-21,4.25,4.375,4.25,4.28125,1.7920626401901245,79200
1990-11-23,4.3125,4.3125,4.25,4.25,1.7789825201034546,2800
1990-11-26,4.25,4.3125,4.25,4.25,1.7789825201034546,48000
1990-11-27,4.25,4.3125,4.125,4.28125,1.7920626401901245,166400
1990-11-28,4.375,4.375,4.1875,4.21875,1.7659019231796265,18400
1990-11-29,4.1875,4.1875,4.125,4.125,1.7266594171524048,16800
1990-11-30,4.25,4.25,4.125,4.25,1.7789825201034546,28400
1990-12-03,4.21875,4.25,4.1875,4.21875,1.7659019231796265,86400
1990-12-04,4.125,4.25,4.125,4.25,1.8003195524215698,1600
1990-12-05,4.25,4.25,4.25,4.25,1.8003195524215698,1600
1990-12-06,4.25,4.3125,4.1875,4.1875,1.7738434076309204,66400
1990-12-07,4.25,4.28125,4.1875,4.1875,1.7738434076309204,27200
1990-12-10,4.125,4.375,4.125,4.28125,1.8135571479797363,100800
1990-12-11,4.3125,4.3125,4.25,4.25,1.8003195524215698,37600
1990-12-12,4.375,4.375,4.375,4.375,1.8532694578170776,4000
1990-12-13,4.25,4.3125,4.1875,4.21875,1.7870815992355347,43600
1990-12-14,4.3125,4.3125,4.1875,4.3125,1.8267943859100342,64000
1990-12-17,4.25,4.375,4.25,4.375,1.8532694578170776,123600
1990-12-18,4.25,4.375,4.25,4.375,1.8532694578170776,8800
1990-12-19,4.375,4.375,4.25,4.25,1.8003195524215698,13600
1990-12-20,4.25,4.375,4.25,4.375,1.8532694578170776,4800
1990-12-21,4.375,4.375,4.25,4.25,1.8003195524215698,8800
1990-12-24,4.25,4.28125,4.25,4.25,1.8003195524215698,26000
1990-12-26,4.25,4.375,4.25,4.375,1.8532694578170776,10400
1990-12-27,4.25,4.34375,4.25,4.25,1.8003195524215698,57200
1990-12-28,4.3125,4.3125,4.25,4.25,1.8003195524215698,56800
1990-12-31,4.1875,4.25,4.1875,4.1875,1.7738434076309204,12400
1991-01-02,4.3125,4.3125,4.1875,4.21875,1.7870815992355347,42800
1991-01-03,4.1875,4.3125,4.1875,4.3125,1.8267943859100342,73200
1991-01-04,4.25,4.25,3.9375,4.09375,1.7341318130493164,102800
1991-01-07,3.96875,4.0625,3.9375,4.0625,1.7208938598632812,34000
1991-01-08,4.0,4.0625,3.9375,3.9375,1.667943000793457,104800
1991-01-09,4.09375,4.125,3.9375,3.9375,1.667943000793457,34400
1991-01-10,3.96875,4.0,3.9375,3.9375,1.667943000793457,83600
1991-01-11,3.9375,3.9375,3.9375,3.9375,1.667943000793457,5600
1991-01-14,3.875,4.0,3.8125,3.9375,1.667943000793457,22400
1991-01-15,4.0,4.0,3.875,4.0,1.6944180727005005,26400
1991-01-16,4.0625,4.1875,4.0,4.1875,1.7738434076309204,122000
1991-01-17,4.25,4.40625,4.25,4.3125,1.8267943859100342,40400
1991-01-18,4.375,4.4375,4.3125,4.3125,1.8267943859100342,44800
1991-01-21,4.25,4.375,4.25,4.375,1.8532694578170776,20800
1991-01-22,4.375,4.6875,4.375,4.5625,1.9326956272125244,92400
1991-01-23,4.5625,4.6875,4.5625,4.5625,1.9326956272125244,26800
1991-01-24,4.75,4.875,4.6875,4.6875,1.9856467247009277,128800
1991-01-25,4.8125,4.8125,4.6875,4.75,2.0121214389801025,19600
1991-01-28,4.6875,4.875,4.6875,4.75,2.0121214389801025,12800
1991-01-29,4.6875,4.6875,4.6875,4.6875,1.9856467247009277,3200
1991-01-30,4.6875,4.875,4.6875,4.8125,2.038597345352173,4400
1991-01-31,4.75,4.9375,4.75,4.9375,2.0915470123291016,202400
1991-02-01,4.8125,4.9375,4.8125,4.875,2.0650722980499268,134800
1991-02-04,4.9375,5.0,4.875,4.875,2.0650722980499268,298000
1991-02-05,4.875,5.0,4.875,4.875,2.0650722980499268,149600
1991-02-06,4.90625,5.0,4.875,5.0,2.1180226802825928,27600
1991-02-07,4.875,5.0,4.875,5.0,2.1180226802825928,79200
1991-02-08,5.0,5.125,4.9375,5.125,2.170973777770996,129600
1991-02-11,5.1875,5.25,5.0625,5.25,2.2239246368408203,1319600
1991-02-12,5.0625,5.25,5.0625,5.0625,2.1444973945617676,7200
1991-02-13,5.0625,5.21875,4.875,4.875,2.0650722980499268,184400
1991-02-14,5.0625,5.125,5.0625,5.125,2.170973777770996,58000
1991-02-15,5.125,5.125,5.0625,5.0625,2.1444973945617676,46000
1991-02-19,5.0625,5.125,5.0,5.0,2.1180226802825928,32800
1991-02-20,5.0,5.125,5.0,5.125,2.170973777770996,2000
1991-02-21,5.0,5.0,5.0,5.0,2.1180226802825928,2000
1991-02-22,5.0,5.0,4.9375,5.0,2.1180226802825928,140400
1991-02-25,5.0,5.0,4.9375,5.0,2.1180226802825928,228000
1991-02-26,5.0625,5.0625,4.875,4.9375,2.0915470123291016,32000
1991-02-27,4.90625,5.0,4.875,4.9375,2.0915470123291016,133200
1991-02-28,5.0625,5.0625,4.6875,4.875,2.0650722980499268,129600
1991-03-01,4.875,4.875,4.75,4.875,2.0650722980499268,334800
1991-03-04,4.90625,5.0,4.875,4.9375,2.0915470123291016,190000
1991-03-05,5.0,5.0,4.875,5.0,2.139690637588501,50800
1991-03-06,5.0625,5.3125,5.0,5.25,2.246675491333008,111200
1991-03-07,5.375,5.5625,5.1875,5.1875,2.2199299335479736,223200
1991-03-08,5.1875,5.1875,5.125,5.1875,2.2199299335479736,82800
1991-03-11,5.0625,5.1875,5.0625,5.1875,2.2199299335479736,26800
1991-03-12,5.125,5.25,5.125,5.25,2.246675491333008,44400
1991-03-13,5.0625,5.1875,5.0625,5.1875,2.2199299335479736,39200
1991-03-14,5.0625,5.25,5.0625,5.25,2.246675491333008,22000
1991-03-15,5.1875,5.1875,5.0625,5.1875,2.2199299335479736,8800
1991-03-18,5.125,5.4375,5.09375,5.3125,2.273421287536621,281600
1991-03-19,5.3125,5.75,5.3125,5.75,2.4606435298919678,118000
1991-03-20,5.5625,5.75,5.4375,5.53125,2.367033004760742,56400
1991-03-21,5.5,5.75,5.5,5.5625,2.380406379699707,180400
1991-03-22,5.75,5.75,5.75,5.75,2.4606435298919678,1200
1991-03-25,5.5625,5.75,5.5625,5.5625,2.380406379699707,16800
1991-03-26,5.625,5.6875,5.5,5.5,2.353658676147461,44800
1991-03-27,5.6875,5.8125,5.6875,5.6875,2.4338998794555664,91200
1991-03-28,5.6875,5.8125,5.6875,5.6875,2.4338998794555664,12800
1991-04-01,5.6875,5.8125,5.625,5.6875,2.4338998794555664,210000
1991-04-02,5.75,5.75,5.5625,5.5625,2.380406379699707,70400
1991-04-03,5.5625,5.6875,5.5625,5.5625,2.380406379699707,100000
1991-04-04,5.5625,5.5625,5.4375,5.5,2.353658676147461,265200
1991-04-05,5.5,5.625,5.5,5.5,2.353658676147461,14800
1991-04-08,5.5,5.625,5.5,5.625,2.407151699066162,34400
1991-04-09,5.5,5.625,5.5,5.5625,2.380406379699707,121600
1991-04-10,5.625,5.625,5.5,5.5625,2.380406379699707,386400
1991-04-11,5.6875,5.6875,5.5625,5.625,2.407151699066162,88400
1991-04-12,5.6875,5.6875,5.5625,5.5625,2.380406379699707,7600
1991-04-15,5.5625,5.6875,5.5625,5.6875,2.4338998794555664,8800
1991-04-16,5.5625,5.6875,5.5,5.6875,2.4338998794555664,44000
1991-04-17,5.6875,5.6875,5.5,5.625,2.407151699066162,364000
1991-04-18,5.53125,5.53125,5.5,5.5,2.353658676147461,25200
1991-04-19,5.5,5.6875,5.5,5.6875,2.4338998794555664,6400
1991-04-22,5.5,5.5,5.25,5.375,2.300166368484497,160400
1991-04-23,5.4375,5.4375,5.34375,5.4375,2.326913833618164,21600
1991-04-24,5.4375,5.4375,5.375,5.375,2.300166368484497,4400
1991-04-25,5.375,5.375,5.34375,5.34375,2.2867929935455322,22800
1991-04-26,5.34375,5.4375,5.34375,5.375,2.300166368484497,58000
1991-04-29,5.4375,5.4375,5.375,5.375,2.300166368484497,21200
1991-04-30,5.375,5.375,5.3125,5.375,2.300166368484497,90000
1991-05-01,5.3125,5.4375,5.3125,5.4375,2.326913833618164,10800
1991-05-02,5.375,5.5,5.3125,5.5,2.353658676147461,23600
1991-05-03,5.5,5.5,5.5,5.5,2.353658676147461,30800
1991-05-06,5.40625,5.40625,5.3125,5.3125,2.273421287536621,11200
1991-05-07,5.3125,5.375,5.3125,5.3125,2.273421287536621,18800
1991-05-08,5.3125,5.4375,5.3125,5.4375,2.326913833618164,39600
1991-05-09,5.3125,5.5,5.3125,5.5,2.353658676147461,7600
1991-05-10,5.375,5.5625,5.375,5.5,2.353658676147461,155600
1991-05-13,5.625,5.625,5.3125,5.4375,2.326913833618164,138400
1991-05-14,5.3125,5.3125,5.3125,5.3125,2.273421287536621,6000
1991-05-15,5.3125,5.3125,5.1875,5.1875,2.2199299335479736,82000
1991-05-16,5.25,5.25,5.1875,5.1875,2.2199299335479736,31200
1991-05-17,5.125,5.125,5.125,5.125,2.193182945251465,4000
1991-05-20,5.3125,5.3125,5.125,5.3125,2.273421287536621,81200
1991-05-21,5.1875,5.3125,5.1875,5.3125,2.273421287536621,56400
1991-05-22,5.3125,5.3125,5.1875,5.1875,2.2199299335479736,98400
1991-05-23,5.1875,5.3125,5.1875,5.3125,2.273421287536621,28800
1991-05-24,5.1875,5.1875,5.1875,5.1875,2.2199299335479736,800
1991-05-28,5.3125,5.3125,5.25,5.25,2.246675491333008,8000
1991-05-29,5.1875,5.375,5.1875,5.375,2.300166368484497,2000
1991-05-30,5.1875,5.375,5.1875,5.25,2.246675491333008,75200
1991-05-31,5.375,5.6875,5.25,5.6875,2.4338998794555664,400800
1991-06-03,5.75,5.75,5.625,5.75,2.4606435298919678,18000
1991-06-04,5.625,5.625,5.4375,5.5625,2.401287078857422,126000
1991-06-05,5.625,5.75,5.5625,5.75,2.482228994369507,508800
1991-06-06,5.75,5.75,5.625,5.625,2.42826771736145,13200
1991-06-07,5.625,5.625,5.5625,5.5625,2.401287078857422,30400
1991-06-10,5.5,5.5,5.3125,5.3125,2.293363571166992,174000
1991-06-11,5.40625,5.40625,5.40625,5.40625,2.333833932876587,3200
1991-06-12,5.25,5.25,5.125,5.1875,2.2394027709960938,49600
1991-06-13,5.125,5.1875,5.0625,5.125,2.2124218940734863,59200
1991-06-14,5.25,5.25,5.0625,5.125,2.2124218940734863,4800
1991-06-17,5.125,5.25,5.125,5.125,2.2124218940734863,27600
1991-06-18,5.25,5.25,5.125,5.125,2.2124218940734863,10000
1991-06-19,5.0625,5.1875,5.0625,5.1875,2.2394027709960938,19200
1991-06-20,5.1875,5.1875,5.0625,5.125,2.2124218940734863,34400
1991-06-21,5.0625,5.1875,5.0625,5.1875,2.2394027709960938,10400
1991-06-24,5.125,5.125,5.0625,5.09375,2.198930501937866,26400
1991-06-25,5.1875,5.1875,5.0625,5.125,2.2124218940734863,72800
1991-06-26,5.1875,5.1875,5.0625,5.0625,2.1854400634765625,66400
1991-06-27,5.1875,5.1875,5.1875,5.1875,2.2394027709960938,800
1991-06-28,5.0625,5.1875,5.0625,5.1875,2.2394027709960938,74400
1991-07-01,5.1875,5.1875,5.0625,5.0625,2.1854400634765625,24800
1991-07-02,5.0625,5.1875,5.0625,5.125,2.2124218940734863,32000
1991-07-03,5.3125,5.3125,5.125,5.21875,2.2528929710388184,14800
1991-07-05,5.125,5.125,5.125,5.125,2.2124218940734863,2000
1991-07-08,5.25,5.3125,5.1875,5.25,2.266383647918701,61200
1991-07-09,5.25,5.75,5.25,5.625,2.42826771736145,383200
1991-07-10,5.75,5.875,5.625,5.875,2.536191940307617,860000
1991-07-11,5.9375,5.9375,5.75,5.78125,2.4957191944122314,132400
1991-07-12,5.75,5.9375,5.75,5.9375,2.5631697177886963,769600
1991-07-15,5.875,6.125,5.875,6.0,2.5901520252227783,397600
1991-07-16,6.0,6.0625,5.9375,6.0,2.5901520252227783,85200
1991-07-17,6.0,6.125,6.0,6.09375,2.630622625350952,54000
1991-07-18,6.0,6.0625,6.0,6.0,2.5901520252227783,21600
1991-07-19,6.0,6.09375,6.0,6.0625,2.6171321868896484,159200
1991-07-22,6.0,6.09375,6.0,6.0625,2.6171321868896484,175200
1991-07-23,6.0625,6.125,6.0,6.0,2.5901520252227783,63600
1991-07-24,6.0,6.09375,6.0,6.0625,2.6171321868896484,67600
1991-07-25,6.0,6.0,5.9375,5.9375,2.5631697177886963,3600
1991-07-26,5.9375,6.0,5.9375,5.9375,2.5631697177886963,5200
1991-07-29,6.1875,6.1875,5.9375,5.9375,2.5631697177886963,4400
1991-07-30,5.9375,6.1875,5.9375,6.1875,2.6710939407348633,6000
1991-07-31,5.9375,6.1875,5.9375,6.0625,2.6171321868896484,24000
1991-08-01,5.9375,6.3125,5.9375,6.25,2.698073625564575,159600
1991-08-02,6.1875,6.25,6.1875,6.1875,2.6710939407348633,25200
1991-08-05,6.1875,6.1875,6.1875,6.1875,2.6710939407348633,5600
1991-08-06,6.1875,6.25,6.1875,6.1875,2.6710939407348633,12800
1991-08-07,6.1875,6.3125,6.1875,6.25,2.698073625564575,114400
1991-08-08,6.25,6.25,6.0625,6.125,2.6441125869750977,84400
1991-08-09,6.03125,6.125,6.0,6.0,2.5901520252227783,32800
1991-08-12,5.9375,6.0625,5.9375,6.0,2.5901520252227783,29200
1991-08-13,6.0,6.0625,5.9375,5.9375,2.5631697177886963,116800
1991-08-14,5.9375,5.9375,5.9375,5.9375,2.5631697177886963,16400
1991-08-15,5.9375,6.0625,5.9375,6.0625,2.6171321868896484,7200
1991-08-16,5.9375,6.125,5.9375,5.9375,2.5631697177886963,36400
1991-08-19,5.875,5.875,5.6875,5.6875,2.455249071121216,66000
1991-08-20,5.625,6.0,5.625,6.0,2.5901520252227783,186000
1991-08-21,6.125,6.25,6.0625,6.25,2.698073625564575,47600
1991-08-22,6.0625,6.3125,6.0625,6.3125,2.7250547409057617,10800
1991-08-23,6.125,6.3125,6.125,6.3125,2.7250547409057617,23600
1991-08-26,6.3125,6.4375,6.125,6.375,2.7520365715026855,138400
1991-08-27,6.3125,6.5625,6.3125,6.375,2.7520365715026855,72800
1991-08-28,6.3125,6.375,6.1875,6.1875,2.6710939407348633,131600
1991-08-29,6.375,6.5,6.28125,6.3125,2.7250547409057617,474400
1991-08-30,6.5,6.5,6.3125,6.4375,2.7790164947509766,281600
1991-09-03,6.5,6.5625,6.375,6.375,2.7520365715026855,64800
1991-09-04,6.375,6.5625,6.375,6.375,2.7737910747528076,24400
1991-09-05,6.5625,6.75,6.375,6.75,2.9369547367095947,345200
1991-09-06,6.625,6.75,6.46875,6.46875,2.8145828247070312,372800
1991-09-09,6.5625,6.625,6.4375,6.5625,2.855372905731201,193600
1991-09-10,6.5,6.75,6.5,6.5,2.828181505203247,84400
1991-09-11,6.5,6.75,6.5,6.75,2.9369547367095947,68000
1991-09-12,6.5625,6.8125,6.5625,6.8125,2.9641497135162354,106800
1991-09-13,6.6875,6.9375,6.6875,6.9375,3.0185389518737793,124800
1991-09-16,7.0625,7.0625,6.875,6.9375,3.0185389518737793,84400
1991-09-17,7.0,7.125,6.9375,6.9375,3.0185389518737793,28800
1991-09-18,6.9375,7.125,6.9375,7.0625,3.072925090789795,99200
1991-09-19,7.0,7.25,7.0,7.1875,3.127314329147339,233600
1991-09-20,7.1875,7.375,7.1875,7.1875,3.127314329147339,182800
1991-09-23,7.1875,7.5625,7.1875,7.5,3.2632837295532227,1070400
1991-09-24,7.4375,7.5625,7.4375,7.5625,3.290477752685547,302800
1991-09-25,7.4375,7.5625,7.4375,7.46875,3.249687671661377,124400
1991-09-26,7.4375,7.5,7.4375,7.4375,3.236091136932373,99600
1991-09-27,7.4375,7.5625,7.375,7.375,3.208897113800049,142800
1991-09-30,7.375,7.5,7.3125,7.3125,3.1817002296447754,438000
1991-10-01,7.3125,7.375,7.125,7.125,3.100121021270752,110400
1991-10-02,7.125,7.375,7.0,7.1875,3.127314329147339,117600
1991-10-03,7.0,7.1875,7.0,7.1875,3.127314329147339,92000
1991-10-04,7.125,7.25,7.0625,7.0625,3.072925090789795,107200
1991-10-07,7.0,7.0,7.0,7.0,3.0457310676574707,11600
1991-10-08,6.875,7.0,6.8125,6.8125,2.9641497135162354,14000
1991-10-09,6.8125,7.0625,6.8125,6.9375,3.0185389518737793,205200
1991-10-10,6.9375,7.09375,6.9375,6.9375,3.0185389518737793,159600
1991-10-11,6.9375,6.9375,6.9375,6.9375,3.0185389518737793,400
1991-10-14,7.0,7.125,6.9375,7.03125,3.0593276023864746,242400
1991-10-15,6.9375,7.1875,6.9375,7.0625,3.072925090789795,100400
1991-10-16,7.0625,7.1875,7.0625,7.1875,3.127314329147339,1916000
1991-10-17,7.1875,7.3125,7.15625,7.3125,3.1817002296447754,2477200
1991-10-18,7.1875,7.3125,7.125,7.25,3.154508113861084,49600
1991-10-21,7.125,7.3125,7.125,7.125,3.100121021270752,7600
1991-10-22,7.3125,7.3125,7.15625,7.3125,3.1817002296447754,36000
1991-10-23,7.375,7.75,7.25,7.75,3.372058868408203,942000
1991-10-24,7.8125,7.875,7.6875,7.6875,3.3448646068573,228400
1991-10-25,7.6875,8.0625,7.6875,7.71875,3.358463764190674,405600
1991-10-28,7.6875,7.875,7.6875,7.75,3.372058868408203,423600
1991-10-29,7.6875,7.9375,7.6875,7.75,3.372058868408203,508000
1991-10-30,7.75,7.9375,7.75,7.8125,3.3992538452148438,118800
1991-10-31,7.9375,7.9375,7.75,7.9375,3.4536426067352295,396000
1991-11-01,7.9375,7.9375,7.75,7.9375,3.4536426067352295,93200
1991-11-04,8.0,8.0,7.8125,8.0,3.4808361530303955,32000
1991-11-05,8.0,8.125,7.875,8.09375,3.5216264724731445,166800
1991-11-06,7.9375,8.4375,7.9375,8.40625,3.6575980186462402,264800
1991-11-07,8.40625,8.8125,8.40625,8.8125,3.8343584537506104,161600
1991-11-08,8.75,9.4375,8.75,9.25,4.024719715118408,691600
1991-11-11,9.25,9.375,8.9375,9.0,3.915940523147583,465200
1991-11-12,8.875,9.0,8.6875,8.875,3.8615524768829346,461600
1991-11-13,8.625,8.75,8.5625,8.65625,3.7663753032684326,263600
1991-11-14,8.5625,8.875,8.5625,8.6875,3.779970407485962,376000
1991-11-15,8.875,8.875,8.5625,8.5625,3.725583791732788,141200
1991-11-18,8.5625,8.875,8.4375,8.6875,3.779970407485962,373600
1991-11-19,8.875,8.875,8.125,8.125,3.535224437713623,204800
1991-11-20,8.1875,8.25,7.75,8.0,3.4808361530303955,127200
1991-11-21,7.875,8.0,7.875,7.875,3.4264488220214844,34800
1991-11-22,8.0,8.0,7.875,8.0,3.4808361530303955,54800
1991-11-25,8.0,8.0,7.875,7.9375,3.4536426067352295,53600
1991-11-26,8.0,8.125,7.875,8.125,3.535224437713623,62000
1991-11-27,8.125,8.125,8.125,8.125,3.535224437713623,0
1991-11-29,8.25,8.375,8.125,8.375,3.6440014839172363,64400
1991-12-02,8.3125,8.8125,8.1875,8.8125,3.8343584537506104,127600
1991-12-03,8.875,9.0,8.8125,8.8125,3.8343584537506104,38800
1991-12-04,8.8125,9.0,8.6875,8.6875,3.8037099838256836,152800
1991-12-05,8.875,8.875,8.6875,8.6875,3.8037099838256836,100000
1991-12-06,8.71875,8.71875,8.4375,8.5625,3.748980760574341,246000
1991-12-09,8.4375,8.53125,8.1875,8.25,3.612156391143799,129200
1991-12-10,8.1875,8.1875,7.8125,8.0,3.502696990966797,97200
1991-12-11,8.0,8.0625,7.875,8.0,3.502696990966797,80400
1991-12-12,8.0625,8.1875,8.0,8.0625,3.530061721801758,59600
1991-12-13,8.3125,8.875,8.1875,8.6875,3.8037099838256836,307600
1991-12-16,8.875,8.875,8.6875,8.8125,3.8584401607513428,10000
1991-12-17,8.78125,8.875,8.75,8.75,3.8310747146606445,287200
1991-12-18,8.75,9.125,8.75,9.0,3.9405336380004883,100400
1991-12-19,9.15625,9.15625,9.0,9.09375,3.981581449508667,211600
1991-12-20,9.0,9.1875,9.0,9.0625,3.9678962230682373,152000
1991-12-23,9.0,9.0625,9.0,9.0,3.9405336380004883,194800
1991-12-24,9.0,9.09375,9.0,9.0,3.9405336380004883,267200
1991-12-26,9.09375,9.1875,9.0,9.125,3.9952633380889893,54000
1991-12-27,9.0,9.0625,8.875,9.0625,3.9678962230682373,130800
1991-12-30,9.125,9.625,9.0,9.625,4.214181900024414,234800
1991-12-31,9.875,10.1875,9.75,9.875,4.323641300201416,289200
1992-01-02,9.75,10.0,9.6875,10.0,4.378371715545654,280000
1992-01-03,9.875,10.0625,9.875,10.0,4.378371715545654,456400
1992-01-06,9.875,10.0625,9.875,10.0,4.378371715545654,566400
1992-01-07,9.9375,10.0625,9.75,9.8125,4.2962751388549805,183600
1992-01-08,9.75,9.875,9.6875,9.8125,4.2962751388549805,122800
1992-01-09,9.875,10.0,9.6875,9.875,4.323641300201416,178400
1992-01-10,10.0,10.0,9.75,9.875,4.323641300201416,51600
1992-01-13,9.6875,9.875,9.5625,9.71875,4.25523042678833,117200
1992-01-14,9.75,9.75,9.5625,9.75,4.268910884857178,46800
1992-01-15,9.75,9.9375,9.5625,9.9375,4.35100793838501,98400
1992-01-16,9.9375,10.1875,9.75,10.125,4.433100700378418,294400
1992-01-17,10.25,10.4375,10.125,10.375,4.542561054229736,304800
1992-01-20,10.3125,10.4375,10.3125,10.375,4.542561054229736,120800
1992-01-21,10.4375,10.4375,10.25,10.4375,4.5699262619018555,428800
1992-01-22,10.4375,10.4375,10.25,10.4375,4.5699262619018555,438800
1992-01-23,10.25,10.4375,10.25,10.25,4.487833023071289,327600
1992-01-24,10.25,10.4375,10.25,10.4375,4.5699262619018555,70000
1992-01-27,10.4375,10.4375,10.0,10.0,4.378371715545654,212400
1992-01-28,10.0,10.1875,9.8125,9.8125,4.2962751388549805,136000
1992-01-29,10.0,10.0,9.3125,9.375,4.1047234535217285,154400
1992-01-30,9.1875,9.4375,9.1875,9.34375,4.091041564941406,129200
1992-01-31,9.3125,9.5,9.3125,9.3125,4.077360153198242,159200
1992-02-03,9.5625,9.6875,9.4375,9.6875,4.24154806137085,165600
1992-02-04,9.75,10.0625,9.75,10.0,4.378371715545654,85600
1992-02-05,10.125,10.875,10.125,10.875,4.761477947235107,330800
1992-02-06,10.6875,10.9375,10.625,10.9375,4.78884220123291,230000
1992-02-07,11.0,11.5,11.0,11.4375,5.007761001586914,719200
1992-02-10,11.5,11.5,11.25,11.34375,4.966713905334473,712800
1992-02-11,11.375,11.375,11.1875,11.25,4.925666809082031,225600
1992-02-12,11.25,11.25,10.75,11.0,4.8162055015563965,515200
1992-02-13,10.875,11.0625,10.875,11.0,4.8162055015563965,32000
1992-02-14,11.0,11.0625,10.875,11.0625,4.843574523925781,79200
1992-02-18,10.875,11.0625,10.875,10.9375,4.78884220123291,241200
1992-02-19,11.0,11.0,10.75,10.75,4.706748008728027,344000
1992-02-20,10.875,10.875,10.625,10.8125,4.7341132164001465,100800
1992-02-21,10.8125,10.8125,10.5625,10.5625,4.6246538162231445,119200
1992-02-24,10.5625,10.5625,10.3125,10.3125,4.515196323394775,130000
1992-02-25,10.3125,10.375,10.1875,10.375,4.542561054229736,62400
1992-02-26,10.3125,10.375,10.1875,10.1875,4.460464954376221,174400
1992-02-27,10.375,11.0,10.1875,11.0,4.8162055015563965,266400
1992-02-28,11.0625,11.3125,10.8125,11.0625,4.843574523925781,235200
1992-03-02,11.125,11.125,10.875,10.875,4.761477947235107,120800
1992-03-03,11.0,11.0,10.625,10.8125,4.7341132164001465,84000
1992-03-04,10.8125,10.8125,10.5,10.6875,4.703310012817383,99600
1992-03-05,10.5625,10.625,10.5625,10.5625,4.648296356201172,100000
1992-03-06,10.625,10.8125,10.5625,10.6875,4.703310012817383,265600
1992-03-09,10.75,10.75,10.625,10.625,4.6758036613464355,25600
1992-03-10,10.8125,10.9375,10.625,10.875,4.785824298858643,283200
1992-03-11,10.875,10.9375,10.8125,10.9375,4.813327312469482,269600
1992-03-12,10.8125,10.9375,10.75,10.9375,4.813327312469482,75600
1992-03-13,10.9375,11.3125,10.9375,11.0,4.840830326080322,80000
1992-03-16,11.0,11.1875,10.9375,11.0,4.840830326080322,124800
1992-03-17,11.0,11.4375,11.0,11.4375,5.033364295959473,206800
1992-03-18,11.6875,12.0,11.625,12.0,5.280910968780518,188000
1992-03-19,11.84375,11.9375,11.625,11.78125,5.184638023376465,253600
1992-03-20,11.9375,11.9375,11.625,11.625,5.115880489349365,108800
1992-03-23,11.6875,11.9375,11.6875,11.9375,5.253403186798096,100800
1992-03-24,12.0,12.0,11.75,11.8125,5.198394775390625,51600
1992-03-25,11.78125,12.0625,11.75,12.0,5.280910968780518,69200
1992-03-26,12.0,12.375,12.0,12.28125,5.404679775238037,165600
1992-03-27,12.3125,12.375,12.25,12.375,5.445934772491455,449200
1992-03-30,12.375,12.4375,12.25,12.3125,5.418432235717773,252400
1992-03-31,12.3125,12.4375,11.875,11.875,5.225898742675781,138800
1992-04-01,11.75,12.0625,11.75,12.0,5.280910968780518,481200
1992-04-02,12.0625,12.0625,11.625,11.625,5.115880489349365,146400
1992-04-03,11.625,11.75,11.5,11.65625,5.12963342666626,670800
1992-04-06,11.5625,11.75,11.25,11.3125,4.978354454040527,358000
1992-04-07,11.3125,11.5,10.75,10.75,4.73081111907959,183200
1992-04-08,10.75,11.1875,10.5625,11.1875,4.923348426818848,580000
1992-04-09,11.1875,11.3125,11.0625,11.25,4.9508490562438965,159200
1992-04-10,11.375,11.9375,11.3125,11.875,5.225898742675781,237200
1992-04-13,11.8125,11.8125,11.625,11.6875,5.143382549285889,56000
1992-04-14,11.6875,11.6875,11.5,11.5,5.060867786407471,170000
1992-04-15,11.40625,11.625,11.40625,11.625,5.115880489349365,100000
1992-04-16,11.40625,11.625,11.375,11.5,5.060867786407471,85600
1992-04-20,11.375,11.375,10.8125,11.0,4.840830326080322,255600
1992-04-21,10.875,11.0625,10.8125,11.0,4.840830326080322,122800
1992-04-22,10.8125,11.0,10.8125,10.875,4.785824298858643,858400
1992-04-23,11.0,11.0,10.6875,10.75,4.73081111907959,202000
1992-04-24,10.8125,10.8125,10.6875,10.71875,4.717061996459961,44000
1992-04-27,10.6875,10.75,10.5625,10.625,4.6758036613464355,213600
1992-04-28,10.625,10.75,10.625,10.625,4.6758036613464355,44400
1992-04-29,10.625,10.75,10.625,10.65625,4.6895575523376465,305600
1992-04-30,10.8125,10.9375,10.75,10.75,4.73081111907959,236800
1992-05-01,10.78125,11.0625,10.78125,11.0625,4.8683390617370605,252800
1992-05-04,11.25,11.71875,11.0625,11.71875,5.157136917114258,172533
1992-05-05,11.625,12.1875,11.625,11.8125,5.198394775390625,1025067
1992-05-06,12.09375,12.09375,11.25,11.25,4.9508490562438965,323467
1992-05-07,11.53125,11.53125,10.96875,11.25,4.9508490562438965,203200
1992-05-08,11.25,11.4375,10.96875,11.4375,5.033364295959473,174133
1992-05-11,11.4375,11.53125,11.15625,11.53125,5.074623107910156,132000
1992-05-12,11.34375,11.53125,11.25,11.296875,4.971481800079346,83200
1992-05-13,11.4375,11.4375,11.0625,11.34375,4.992105484008789,40267
1992-05-14,11.0625,11.34375,11.0625,11.25,4.9508490562438965,83200
1992-05-15,10.875,10.96875,10.546875,10.78125,4.744564533233643,76800
1992-05-18,10.5,10.78125,10.5,10.78125,4.744564533233643,25867
1992-05-19,10.78125,10.78125,10.40625,10.59375,4.662050724029541,39200
1992-05-20,10.40625,10.59375,10.21875,10.265625,4.517650604248047,87733
1992-05-21,10.125,10.40625,10.03125,10.21875,4.497025012969971,51733
1992-05-22,10.078125,10.40625,10.03125,10.3125,4.538281440734863,200267
1992-05-26,10.40625,10.40625,10.03125,10.125,4.455766201019287,34667
1992-05-27,10.21875,10.21875,9.9375,10.21875,4.497025012969971,208267
1992-05-28,10.21875,10.21875,9.9375,10.21875,4.497025012969971,112533
1992-05-29,10.3125,10.40625,10.125,10.125,4.455766201019287,54933
1992-06-01,10.3125,10.3125,9.84375,9.9375,4.373253345489502,522667
1992-06-02,9.9375,10.125,9.84375,10.03125,4.414508819580078,217600
1992-06-03,10.125,10.125,9.84375,10.125,4.455766201019287,32800
1992-06-04,10.125,10.5,10.03125,10.5,4.646610260009766,156267
1992-06-05,10.40625,10.78125,10.40625,10.546875,4.667354583740234,404000
1992-06-08,10.875,10.875,10.3125,10.3125,4.563633441925049,164533
1992-06-09,10.3125,10.40625,9.5625,9.75,4.314709186553955,564800
1992-06-10,9.9375,10.03125,9.75,9.9375,4.397684574127197,139733
1992-06-11,10.03125,10.03125,9.84375,9.84375,4.356194019317627,64000
1992-06-12,10.125,10.125,9.9375,10.03125,4.439171314239502,242133
1992-06-15,10.21875,10.3125,10.03125,10.3125,4.563633441925049,57600
1992-06-16,10.3125,10.921875,10.3125,10.875,4.812559127807617,168533
1992-06-17,10.78125,11.34375,10.78125,11.34375,5.019995212554932,120267
1992-06-18,11.34375,11.53125,11.203125,11.34375,5.019995212554932,109333
1992-06-19,11.34375,11.625,11.34375,11.4375,5.0614824295043945,23200
1992-06-22,11.34375,11.53125,11.15625,11.203125,4.957765102386475,114400
1992-06-23,11.34375,11.34375,11.0625,11.109375,4.91627836227417,77067
1992-06-24,11.25,11.25,10.359375,10.5,4.646610260009766,172000
1992-06-25,10.40625,10.78125,10.40625,10.6875,4.729583740234375,126400
1992-06-26,10.5,10.6875,10.40625,10.546875,4.667354583740234,376000
1992-06-29,10.40625,10.6875,10.40625,10.40625,4.605121612548828,159467
1992-06-30,10.59375,11.25,10.59375,11.015625,4.874792098999023,428000
1992-07-01,11.15625,11.25,10.96875,11.0625,4.895535945892334,192800
1992-07-02,11.15625,11.34375,11.0625,11.0625,4.895535945892334,87733
1992-07-06,11.25,11.25,10.96875,11.0625,4.895535945892334,61067
1992-07-07,11.0625,11.25,11.0625,11.0625,4.895535945892334,227200
1992-07-08,11.0625,11.0625,10.5,10.59375,4.688093662261963,64000
1992-07-09,10.6875,10.875,10.5,10.6875,4.729583740234375,58400
1992-07-10,10.78125,11.53125,10.78125,11.53125,5.102972507476807,323733
1992-07-13,11.625,11.625,11.4375,11.625,5.1444597244262695,307467
1992-07-14,11.625,12.1875,11.4375,11.90625,5.268921852111816,214400
1992-07-15,12.1875,12.28125,11.8125,11.8125,5.22743558883667,257067
1992-07-16,11.8125,11.8125,11.53125,11.8125,5.22743558883667,129600
1992-07-17,11.53125,11.8125,11.4375,11.4375,5.0614824295043945,174667
1992-07-20,11.625,11.625,11.4375,11.4375,5.0614824295043945,179467
1992-07-21,11.4375,11.71875,11.4375,11.71875,5.185950756072998,45600
1992-07-22,11.53125,11.8125,11.53125,11.71875,5.185950756072998,20267
1992-07-23,11.8125,11.8125,11.53125,11.8125,5.22743558883667,179200
1992-07-24,11.625,12.1875,11.625,12.09375,5.35189962387085,94400
1992-07-27,12.09375,12.28125,11.90625,12.0,5.310412406921387,182667
1992-07-28,12.09375,12.1875,11.90625,12.0,5.310412406921387,118933
1992-07-29,12.09375,12.5625,11.953125,12.0,5.310412406921387,685067
1992-07-30,12.1875,12.28125,11.90625,12.1875,5.393383502960205,241067
1992-07-31,12.375,12.375,12.09375,12.09375,5.35189962387085,86667
1992-08-03,12.375,12.375,12.09375,12.28125,5.434873580932617,49600
1992-08-04,12.09375,12.1875,11.953125,12.046875,5.3311543464660645,224800
1992-08-05,12.09375,12.09375,11.90625,12.09375,5.35189962387085,56267
1992-08-06,12.1875,12.1875,11.90625,11.953125,5.28966760635376,167467
1992-08-07,12.0,12.0,11.8125,11.953125,5.28966760635376,256000
1992-08-10,11.953125,12.84375,11.90625,12.84375,5.683798789978027,237600
1992-08-11,12.84375,13.21875,12.75,12.84375,5.683798789978027,313600
1992-08-12,12.75,12.9375,12.46875,12.65625,5.600824356079102,212267
1992-08-13,12.375,12.375,12.0,12.1875,5.393383502960205,100800
1992-08-14,12.1875,12.375,12.0,12.1875,5.393383502960205,100533
1992-08-17,12.1875,12.28125,12.09375,12.1875,5.393383502960205,87200
1992-08-18,12.0,12.46875,12.0,12.28125,5.434873580932617,77600
1992-08-19,12.46875,12.65625,12.46875,12.46875,5.517849445343018,57333
1992-08-20,12.65625,12.65625,12.1875,12.1875,5.393383502960205,108267
1992-08-21,12.28125,12.28125,11.8125,12.0,5.310412406921387,70933
1992-08-24,11.8125,11.90625,11.53125,11.625,5.1444597244262695,342133
1992-08-25,11.53125,11.8125,11.53125,11.625,5.1444597244262695,179467
1992-08-26,11.8125,11.8125,11.625,11.8125,5.22743558883667,24800
1992-08-27,11.71875,12.0,11.71875,11.90625,5.268921852111816,123467
1992-08-28,12.0,12.0,11.71875,11.90625,5.268921852111816,60533
1992-08-31,12.0,12.0,11.71875,11.8125,5.22743558883667,117600
1992-09-01,12.09375,12.28125,11.8125,12.28125,5.434873580932617,77333
1992-09-02,12.46875,12.46875,12.1875,12.375,5.4763593673706055,124000
1992-09-03,12.375,12.84375,12.375,12.46875,5.5430450439453125,302667
1992-09-04,12.46875,12.46875,12.375,12.375,5.501366138458252,22933
1992-09-08,12.46875,12.46875,12.1875,12.28125,5.459689617156982,196533
1992-09-09,12.375,12.375,12.09375,12.09375,5.376338958740234,36267
1992-09-10,12.28125,12.28125,12.0,12.140625,5.39717435836792,33600
1992-09-11,12.375,12.375,12.0,12.375,5.501366138458252,62400
1992-09-14,12.46875,12.65625,12.1875,12.65625,5.62639856338501,231467
1992-09-15,12.65625,12.65625,12.46875,12.65625,5.62639856338501,59200
1992-09-16,12.375,13.03125,12.375,12.890625,5.730592250823975,156000
1992-09-17,12.9375,12.9375,12.84375,12.84375,5.709752082824707,62933
1992-09-18,12.9375,12.9375,12.75,12.9375,5.751428127288818,60533
1992-09-21,12.9375,12.9375,12.75,12.84375,5.709752082824707,24533
1992-09-22,12.9375,12.9375,12.65625,12.9375,5.751428127288818,89867
1992-09-23,12.9375,12.9375,12.65625,12.9375,5.751428127288818,6400
1992-09-24,12.9375,13.125,12.65625,13.125,5.834782600402832,85600
1992-09-25,13.125,13.125,12.5625,12.65625,5.62639856338501,224000
1992-09-28,12.65625,12.65625,12.28125,12.328125,5.480529308319092,102933
1992-09-29,12.375,12.5625,12.09375,12.375,5.501366138458252,180000
1992-09-30,12.5625,12.5625,12.28125,12.28125,5.459689617156982,148000
1992-10-01,12.28125,12.375,12.1875,12.1875,5.418010711669922,80267
1992-10-02,12.375,12.375,12.1875,12.28125,5.459689617156982,152000
1992-10-05,12.09375,12.1875,11.90625,11.90625,5.2929816246032715,90400
1992-10-06,12.1875,12.28125,12.0,12.0,5.33466100692749,17067
1992-10-07,12.28125,12.65625,12.28125,12.609375,5.605558395385742,100800
1992-10-08,12.609375,12.75,12.5625,12.5625,5.584720611572266,111733
1992-10-09,12.46875,12.65625,12.375,12.375,5.501366138458252,128533
1992-10-12,12.5625,12.5625,12.375,12.375,5.501366138458252,32533
1992-10-13,12.5625,12.5625,12.09375,12.1875,5.418010711669922,208533
1992-10-14,12.28125,12.28125,11.90625,11.953125,5.313820838928223,162400
1992-10-15,12.0,12.09375,11.90625,11.90625,5.2929816246032715,151733
1992-10-16,11.90625,12.09375,11.90625,11.90625,5.2929816246032715,16267
1992-10-19,11.90625,12.09375,11.90625,12.09375,5.376338958740234,66933
1992-10-20,12.0,12.28125,11.90625,12.09375,5.376338958740234,359200
1992-10-21,12.1875,12.1875,12.0,12.1875,5.418010711669922,224800
1992-10-22,12.0,12.28125,12.0,12.1875,5.418010711669922,98133
1992-10-23,12.09375,12.28125,12.09375,12.1875,5.418010711669922,25867
1992-10-26,12.28125,12.28125,12.09375,12.28125,5.459689617156982,19467
1992-10-27,12.09375,12.5625,12.09375,12.46875,5.5430450439453125,203733
1992-10-28,12.375,12.46875,12.1875,12.375,5.501366138458252,46400
1992-10-29,12.375,12.5625,12.1875,12.5625,5.584720611572266,100533
1992-10-30,12.5625,12.9375,12.28125,12.9375,5.751428127288818,104000
1992-11-02,13.03125,13.40625,12.9375,13.3125,5.9181389808654785,186933
1992-11-03,13.3125,13.875,13.125,13.6875,6.084845542907715,263733
1992-11-04,13.5,13.6875,13.5,13.6875,6.084845542907715,16267
1992-11-05,13.6875,13.78125,13.59375,13.59375,6.043168067932129,84267
1992-11-06,13.78125,13.78125,13.5,13.5,6.001487731933594,38933
1992-11-09,13.78125,13.78125,13.5,13.6875,6.084845542907715,121600
1992-11-10,13.78125,13.78125,13.59375,13.6875,6.084845542907715,69600
1992-11-11,13.6875,13.78125,13.59375,13.6875,6.084845542907715,148000
1992-11-12,13.78125,13.78125,13.59375,13.78125,6.126525402069092,27467
1992-11-13,13.78125,13.78125,13.59375,13.78125,6.126525402069092,82667
1992-11-16,13.78125,13.78125,13.40625,13.5,6.001487731933594,93333
1992-11-17,13.6875,13.6875,13.40625,13.40625,5.959814548492432,28800
1992-11-18,13.5,13.6875,13.40625,13.640625,6.064009189605713,122133
1992-11-19,13.6875,13.78125,13.5,13.78125,6.126525402069092,238400
1992-11-20,13.5,13.78125,13.5,13.640625,6.064009189605713,21867
1992-11-23,13.5,13.78125,13.125,13.125,5.834782600402832,143200
1992-11-24,13.3125,13.3125,12.46875,12.703125,5.6472344398498535,323467
1992-11-25,12.5625,12.75,12.5625,12.75,5.668073654174805,228000
1992-11-27,12.5625,13.125,12.5625,12.9375,5.751428127288818,187467
1992-11-30,12.9375,13.125,12.75,13.078125,5.8139448165893555,225333
1992-12-01,13.21875,13.5,13.03125,13.5,6.001487731933594,175200
1992-12-02,13.21875,13.59375,13.21875,13.5,6.001487731933594,324267
1992-12-03,13.59375,13.875,13.40625,13.6875,6.084845542907715,245867
1992-12-04,13.6875,13.875,13.6875,13.734375,6.134253025054932,48267
1992-12-07,13.875,13.875,13.6875,13.875,6.197065353393555,41067
1992-12-08,13.59375,13.78125,13.03125,13.21875,5.903957843780518,417333
1992-12-09,13.21875,13.40625,13.03125,13.03125,5.820212364196777,144267
1992-12-10,13.03125,13.125,13.03125,13.078125,5.841148376464844,257600
1992-12-11,13.03125,13.21875,13.03125,13.03125,5.820212364196777,64000
1992-12-14,12.84375,12.9375,12.65625,12.65625,5.652724742889404,175733
1992-12-15,12.65625,13.3125,12.65625,13.171875,5.883021354675293,246933
1992-12-16,13.03125,13.21875,12.5625,12.75,5.694595813751221,133067
1992-12-17,12.5625,12.75,12.5625,12.75,5.694595813751221,85333
1992-12-18,12.75,12.75,12.28125,12.28125,5.485236644744873,488533
1992-12-21,12.28125,12.46875,12.28125,12.328125,5.5061750411987305,634133
1992-12-22,12.46875,12.9375,12.328125,12.9375,5.778340816497803,511467
1992-12-23,13.125,13.6875,13.03125,13.6875,6.113317489624023,293600
1992-12-24,13.5,13.96875,13.5,13.734375,6.134253025054932,120000
1992-12-28,13.6875,14.25,13.59375,13.96875,6.238932132720947,175733
1992-12-29,14.25,14.4375,13.96875,14.34375,6.406422138214111,125600
1992-12-30,14.25,14.8125,14.25,14.53125,6.490164279937744,241600
1992-12-31,14.53125,14.8125,14.53125,14.8125,6.615782260894775,110133
1993-01-04,14.53125,14.8125,14.53125,14.53125,6.490164279937744,22933
1993-01-05,14.8125,14.8125,14.25,14.25,6.364553928375244,56000
1993-01-06,14.25,14.53125,14.25,14.53125,6.490164279937744,91467
1993-01-07,14.25,14.53125,13.875,13.875,6.197065353393555,168000
1993-01-08,13.78125,14.4375,13.78125,14.4375,6.448292255401611,150133
1993-01-11,14.15625,14.53125,14.15625,14.53125,6.490164279937744,118400
1993-01-12,14.53125,14.625,14.34375,14.625,6.532034873962402,79467
1993-01-13,14.4375,14.8125,14.4375,14.8125,6.615782260894775,59467
1993-01-14,14.71875,14.8125,14.71875,14.8125,6.615782260894775,6133
1993-01-15,14.625,14.90625,14.625,14.625,6.532034873962402,24000
1993-01-18,14.625,14.8125,14.25,14.484375,6.469229221343994,77067
1993-01-19,14.484375,14.53125,14.4375,14.53125,6.490164279937744,54133
1993-01-20,14.4375,15.1875,14.4375,15.1875,6.783270835876465,410933
1993-01-21,15.1875,15.1875,14.90625,15.046875,6.720460891723633,76000
1993-01-22,15.0,15.28125,15.0,15.1875,6.783270835876465,41067
1993-01-25,15.09375,15.28125,15.0,15.0,6.699524879455566,83733
1993-01-26,15.28125,15.5625,15.28125,15.328125,6.846076488494873,21067
1993-01-27,15.328125,15.5625,14.90625,15.1875,6.783270835876465,248800
1993-01-28,15.09375,15.1875,14.71875,15.0,6.699524879455566,101067
1993-01-29,14.71875,15.0,14.71875,15.0,6.699524879455566,27200
1993-02-01,15.0,15.46875,15.0,15.46875,6.908888339996338,223200
1993-02-02,15.28125,15.46875,15.09375,15.375,6.867015838623047,180000
1993-02-03,15.46875,15.46875,15.28125,15.46875,6.908888339996338,30133
1993-02-04,15.46875,16.125,15.28125,16.125,7.201991558074951,439200
1993-02-05,15.9375,16.125,15.9375,16.125,7.201991558074951,160267
1993-02-08,16.3125,16.96875,16.125,16.96875,7.578840732574463,244800
1993-02-09,17.15625,17.4375,16.96875,17.203125,7.6835222244262695,283733
1993-02-10,17.34375,17.34375,16.125,16.40625,7.327608108520508,206400
1993-02-11,16.3125,16.5,16.03125,16.125,7.201991558074951,142667
1993-02-12,16.21875,16.21875,15.84375,15.890625,7.0973100662231445,96267
1993-02-16,15.75,15.84375,15.46875,15.84375,7.0763750076293945,103200
1993-02-17,15.65625,15.75,15.1875,15.65625,6.9926323890686035,178133
1993-02-18,15.75,15.75,15.375,15.375,6.867015838623047,122400
1993-02-19,15.375,15.46875,15.375,15.46875,6.908888339996338,29600
1993-02-22,15.515625,15.5625,15.375,15.515625,6.92982292175293,37867
1993-02-23,15.5625,15.9375,15.515625,15.9375,7.1182475090026855,156267
1993-02-24,15.75,16.59375,15.75,16.3125,7.285733699798584,302667
1993-02-25,16.5,17.15625,16.5,17.0625,7.620711326599121,229067
1993-02-26,17.0625,17.0625,16.78125,17.0625,7.620711326599121,53333
1993-03-01,16.875,17.25,16.875,17.15625,7.662586212158203,81333
1993-03-02,16.96875,17.34375,16.96875,17.296875,7.7253923416137695,191467
1993-03-03,17.4375,17.4375,17.25,17.25,7.7044572830200195,29333
1993-03-04,17.34375,17.4375,17.15625,17.25,7.733034610748291,126133
1993-03-05,17.15625,17.625,17.15625,17.625,7.90114688873291,86933
1993-03-08,17.625,18.09375,17.34375,18.0,8.069253921508789,175733
1993-03-09,18.09375,18.375,17.90625,18.1875,8.153311729431152,205333
1993-03-10,18.28125,18.28125,17.71875,18.0,8.069253921508789,416533
1993-03-11,18.0,18.09375,17.8125,18.09375,8.111282348632812,41333
1993-03-12,17.90625,18.0,17.71875,17.953125,8.048240661621094,100533
1993-03-15,18.09375,18.46875,17.8125,18.28125,8.19533634185791,387200
1993-03-16,18.375,18.75,18.375,18.75,8.405470848083496,133067
1993-03-17,18.5625,18.65625,18.0,18.0,8.069253921508789,142667
1993-03-18,18.28125,18.421875,17.90625,18.375,8.237361907958984,250133
1993-03-19,18.46875,18.46875,18.1875,18.46875,8.279390335083008,28533
1993-03-22,18.46875,18.46875,17.90625,18.09375,8.111282348632812,220000
1993-03-23,18.28125,18.28125,18.0,18.28125,8.19533634185791,62667
1993-03-24,18.0,18.28125,18.0,18.234375,8.174324035644531,307733
1993-03-25,18.28125,18.46875,18.1875,18.1875,8.153311729431152,102933
1993-03-26,18.46875,18.46875,18.1875,18.46875,8.279390335083008,132000
1993-03-29,18.46875,18.46875,18.28125,18.28125,8.19533634185791,92267
1993-03-30,18.1875,18.375,18.09375,18.375,8.237361907958984,187467
1993-03-31,18.28125,19.03125,18.28125,19.03125,8.531553268432617,394933
1993-04-01,19.03125,19.03125,18.5625,18.84375,8.44749641418457,259200
1993-04-02,18.84375,18.84375,18.46875,18.46875,8.279390335083008,11467
1993-04-05,18.75,18.75,18.375,18.515625,8.300402641296387,112267
1993-04-06,18.375,18.375,18.0,18.28125,8.19533634185791,217867
1993-04-07,18.09375,18.609375,18.09375,18.609375,8.342432022094727,120800
1993-04-08,18.375,18.65625,18.375,18.375,8.237361907958984,78933
1993-04-12,18.375,18.65625,18.1875,18.1875,8.153311729431152,131467
1993-04-13,18.1875,18.5625,18.1875,18.375,8.237361907958984,61067
1993-04-14,18.375,18.46875,18.375,18.46875,8.279390335083008,48267
1993-04-15,18.375,18.46875,17.90625,18.046875,8.090269088745117,116267
1993-04-16,18.25,18.25,17.875,18.0,8.069253921508789,11000
1993-04-19,18.125,18.125,17.375,17.625,7.90114688873291,55800
1993-04-20,17.375,17.625,16.875,17.125,7.67699670791626,73800
1993-04-21,16.875,17.25,16.5,17.0,7.620959758758545,46000
1993-04-22,16.5,17.0,16.0,16.125,7.228705406188965,83200
1993-04-23,16.0,16.0,15.375,15.5625,6.976541996002197,437400
1993-04-26,15.625,15.625,15.25,15.25,6.836450576782227,407200
1993-04-27,15.0,15.375,15.0,15.3125,6.864469051361084,263000
1993-04-28,15.375,15.75,15.25,15.75,7.060595989227295,326200
1993-04-29,15.75,15.75,15.375,15.375,6.892487525939941,29400
1993-04-30,15.75,15.875,15.5625,15.75,7.060595989227295,504400
1993-05-03,15.875,16.25,15.5,16.25,7.28474235534668,101200
1993-05-04,16.25,16.625,16.0,16.5,7.396815776824951,53200
1993-05-05,16.625,18.0,16.4375,17.875,8.013218879699707,344600
1993-05-06,17.625,18.5,17.625,18.5,8.293402671813965,143600
1993-05-07,18.125,18.625,18.125,18.25,8.18132495880127,111400
1993-05-10,18.625,18.625,17.75,17.875,8.013218879699707,109200
1993-05-11,17.625,18.0,17.625,17.625,7.90114688873291,66600
1993-05-12,17.75,17.75,16.5,16.625,7.452850818634033,291200
1993-05-13,16.5,17.0,16.375,17.0,7.620959758758545,294800
1993-05-14,16.625,17.25,16.625,17.125,7.67699670791626,113600
1993-05-17,17.125,17.375,16.875,17.375,7.789070129394531,80600
1993-05-18,17.375,17.375,16.875,16.875,7.5649213790893555,77400
1993-05-19,16.875,17.5,16.75,17.125,7.67699670791626,135200
1993-05-20,17.5,17.5,17.125,17.375,7.789070129394531,60400
1993-05-21,17.375,18.0,17.25,18.0,8.069253921508789,114800
1993-05-24,18.0,18.25,17.75,18.125,8.125292778015137,48600
1993-05-25,18.125,18.125,17.875,18.125,8.125292778015137,172000
1993-05-26,18.125,19.0,18.125,18.625,8.349435806274414,286600
1993-05-27,18.625,18.625,17.5,17.625,7.90114688873291,192600
1993-05-28,17.375,17.5,17.1875,17.5,7.845108985900879,197200
1993-06-01,17.625,18.75,17.25,18.75,8.405470848083496,247600
1993-06-02,18.75,19.0,18.375,18.875,8.46151351928711,80400
1993-06-03,18.75,19.25,18.0,18.0,8.069253921508789,205600
1993-06-04,18.25,18.25,17.625,17.875,8.04226016998291,75000
1993-06-07,18.125,18.125,17.0,17.375,7.817300319671631,185200
1993-06-08,17.0,17.25,16.875,17.0,7.64857816696167,29400
1993-06-09,17.0,17.5,17.0,17.25,7.761059761047363,117200
1993-06-10,17.25,17.75,17.25,17.75,7.986016750335693,41600
1993-06-11,17.375,17.75,17.125,17.375,7.817300319671631,96600
1993-06-14,17.375,17.75,17.125,17.75,7.986016750335693,75600
1993-06-15,17.75,17.75,17.375,17.5,7.87354040145874,86200
1993-06-16,17.375,17.625,17.25,17.25,7.761059761047363,99400
1993-06-17,17.625,17.625,17.125,17.375,7.817300319671631,77400
1993-06-18,17.375,17.375,16.75,17.125,7.70482063293457,110400
1993-06-21,17.125,17.125,16.5,16.5,7.423620700836182,74800
1993-06-22,16.875,16.875,16.5,16.625,7.479862689971924,74000
1993-06-23,16.75,17.0,16.625,16.75,7.536103248596191,147200
1993-06-24,17.0,17.0,16.75,17.0,7.64857816696167,41000
1993-06-25,16.875,18.0,16.875,18.0,8.098499298095703,160400
1993-06-28,17.875,18.75,17.875,18.75,8.435934066772461,105000
1993-06-29,18.5,19.125,18.5,18.875,8.49217414855957,80200
1993-06-30,18.875,19.375,18.625,19.125,8.604656219482422,173000
1993-07-01,19.0,19.125,19.0,19.125,8.604656219482422,62800
1993-07-02,19.0,19.125,18.875,19.125,8.604656219482422,73800
1993-07-06,19.125,19.5,18.875,19.25,8.660892486572266,212800
1993-07-07,19.25,19.5,18.875,19.5,8.773370742797852,60800
1993-07-08,19.5,19.5,19.125,19.125,8.604656219482422,19800
1993-07-09,19.125,19.5,19.125,19.125,8.604656219482422,26400
1993-07-12,19.125,19.5,19.0,19.0625,8.576531410217285,107600
1993-07-13,19.375,19.375,18.75,18.75,8.435934066772461,111800
1993-07-14,19.0,19.0,18.625,18.625,8.379693984985352,110200
1993-07-15,18.625,19.125,18.625,18.75,8.435934066772461,16000
1993-07-16,19.125,19.125,18.75,18.75,8.435934066772461,3600
1993-07-19,18.75,19.125,18.75,19.125,8.604656219482422,38800
1993-07-20,19.125,19.125,18.75,19.0,8.548413276672363,43800
1993-07-21,18.75,19.125,18.75,18.75,8.435934066772461,41400
1993-07-22,18.75,19.125,18.75,19.0,8.548413276672363,25800
1993-07-23,19.125,19.125,18.75,19.125,8.604656219482422,45200
1993-07-26,18.75,19.0,18.75,18.875,8.49217414855957,60600
1993-07-27,18.75,19.0,18.5,18.5,8.323458671569824,66800
1993-07-28,18.625,18.625,17.875,18.125,8.154739379882812,166400
1993-07-29,18.125,18.625,18.0625,18.25,8.210977554321289,167000
1993-07-30,18.5,18.625,18.375,18.375,8.267215728759766,76800
1993-08-02,18.625,18.625,18.375,18.375,8.267215728759766,7400
1993-08-03,18.625,18.625,18.375,18.375,8.267215728759766,16000
1993-08-04,18.375,18.625,18.375,18.5,8.323458671569824,66800
1993-08-05,18.625,18.75,18.5,18.75,8.435934066772461,143400
1993-08-06,18.5,18.75,18.5,18.75,8.435934066772461,182800
1993-08-09,18.75,18.75,18.125,18.5,8.323458671569824,76000
1993-08-10,18.125,18.625,18.125,18.625,8.379693984985352,106800
1993-08-11,18.625,18.625,18.375,18.625,8.379693984985352,15400
1993-08-12,18.625,18.625,18.375,18.625,8.379693984985352,199400
1993-08-13,18.625,18.625,18.375,18.625,8.379693984985352,8600
1993-08-16,18.625,19.0,18.5,19.0,8.548413276672363,232000
1993-08-17,18.625,19.125,18.625,19.125,8.604656219482422,41800
1993-08-18,19.0625,19.5,18.875,19.0,8.548413276672363,120800
1993-08-19,19.375,19.375,19.0,19.3125,8.68901252746582,103200
1993-08-20,19.375,19.625,19.125,19.375,8.717137336730957,71400
1993-08-23,19.625,19.625,19.25,19.625,8.829612731933594,46000
1993-08-24,19.25,19.625,19.25,19.4375,8.745254516601562,36200
1993-08-25,19.625,20.0,19.375,19.875,8.942093849182129,312600
1993-08-26,20.0,21.0,20.0,20.8125,9.363886833190918,375800
1993-08-27,20.75,20.875,20.5,20.625,9.279528617858887,299800
1993-08-30,20.875,20.875,20.25,20.3125,9.138928413391113,383400
1993-08-31,20.25,20.5,20.25,20.25,9.110809326171875,17800
1993-09-01,20.5,20.875,19.375,19.5625,8.801492691040039,421000
1993-09-02,19.5,19.75,19.375,19.4375,8.745254516601562,237200
1993-09-03,19.375,19.625,19.375,19.375,8.746380805969238,40800
1993-09-07,19.625,19.75,18.75,18.75,8.464238166809082,329600
1993-09-08,18.75,19.0,18.625,18.875,8.520669937133789,156600
1993-09-09,19.125,19.25,18.75,19.0,8.577096939086914,117600
1993-09-10,19.25,19.25,18.75,19.0,8.577096939086914,70200
1993-09-13,19.0,19.25,18.75,18.875,8.520669937133789,217400
1993-09-14,19.25,19.25,18.875,18.875,8.520669937133789,84800
1993-09-15,18.875,19.0,18.25,18.625,8.407812118530273,318800
1993-09-16,18.625,18.625,18.25,18.4375,8.323173522949219,169600
1993-09-17,18.25,18.625,18.25,18.5625,8.379597663879395,169200
1993-09-20,18.625,18.75,18.375,18.5,8.351385116577148,88600
1993-09-21,18.75,18.75,18.5,18.625,8.407812118530273,93800
1993-09-22,18.5,19.0,18.5,19.0,8.577096939086914,67800
1993-09-23,19.0,19.5,18.75,19.25,8.68995189666748,129400
1993-09-24,19.5,19.5,19.25,19.5,8.802807807922363,31200
1993-09-27,19.25,20.125,19.25,20.0,9.028522491455078,152000
1993-09-28,19.75,20.25,19.75,20.25,9.141380310058594,47200
1993-09-29,19.875,20.5,19.875,20.5,9.25423526763916,111600
1993-09-30,20.5,20.75,20.0,20.75,9.36709213256836,134400
1993-10-01,20.375,20.625,20.375,20.625,9.310664176940918,135400
1993-10-04,20.5,20.5,20.25,20.5,9.25423526763916,14600
1993-10-05,20.5,20.625,20.25,20.375,9.197807312011719,212600
1993-10-06,20.375,20.5,20.25,20.4375,9.226017951965332,41800
1993-10-07,20.25,20.5,20.25,20.25,9.141380310058594,134600
1993-10-08,20.5,20.5,20.25,20.25,9.141380310058594,25400
1993-10-11,20.5,20.5,20.25,20.5,9.25423526763916,64000
1993-10-12,20.5,20.625,20.25,20.625,9.310664176940918,57000
1993-10-13,20.625,20.625,20.25,20.375,9.197807312011719,176600
1993-10-14,20.375,21.0,20.375,20.625,9.310664176940918,57400
1993-10-15,20.875,21.0,20.625,21.0,9.479950904846191,413400
1993-10-18,21.0,21.0,20.625,20.75,9.36709213256836,63000
1993-10-19,20.75,21.125,20.75,20.75,9.36709213256836,227200
1993-10-20,20.75,21.125,20.75,21.125,9.536370277404785,62400
1993-10-21,21.125,21.125,20.0,20.375,9.197807312011719,213400
1993-10-22,20.125,21.5,20.125,21.25,9.592805862426758,177400
1993-10-25,21.125,22.375,21.125,22.0,9.931374549865723,255000
1993-10-26,22.0,22.375,21.625,21.875,9.874948501586914,75200
1993-10-27,22.125,22.125,21.75,22.125,9.987802505493164,11400
1993-10-28,22.125,22.875,21.75,22.75,10.269947052001953,189000
1993-10-29,22.875,23.75,22.625,23.125,10.439230918884277,704800
1993-11-01,23.0,23.375,22.625,23.25,10.49565315246582,290000
1993-11-02,22.875,23.25,22.625,23.125,10.439230918884277,127000
1993-11-03,22.875,23.125,21.75,21.875,9.874948501586914,126600
1993-11-04,21.75,22.375,21.75,22.125,9.987802505493164,81400
1993-11-05,21.875,22.5,21.875,22.3125,10.0724458694458,113800
1993-11-08,22.25,22.5,21.75,22.125,9.987802505493164,127600
1993-11-09,22.125,22.125,21.0,21.0625,9.508161544799805,548200
1993-11-10,21.25,21.375,21.0,21.25,9.592805862426758,60400
1993-11-11,21.375,21.875,21.375,21.75,9.818521499633789,52000
1993-11-12,21.5,21.875,21.5,21.625,9.76209545135498,18000
1993-11-15,21.875,21.875,21.25,21.25,9.592805862426758,88200
1993-11-16,21.25,21.75,21.25,21.25,9.592805862426758,17600
1993-11-17,21.75,22.125,21.5,21.75,9.818521499633789,71400
1993-11-18,22.0,22.5,21.75,22.125,9.987802505493164,98800
1993-11-19,21.75,22.5625,21.75,22.375,10.10066032409668,63400
1993-11-22,22.25,22.625,22.125,22.625,10.213515281677246,141400
1993-11-23,22.375,22.625,22.125,22.375,10.10066032409668,65600
1993-11-24,22.375,22.375,22.0625,22.25,10.04422664642334,33200
1993-11-26,22.125,22.8125,22.0,22.625,10.213515281677246,51000
1993-11-29,22.5,22.75,21.75,22.0,9.931374549865723,129800
1993-11-30,21.625,22.0,21.375,21.8125,9.846735000610352,171600
1993-12-01,22.0,22.0,21.625,21.625,9.76209545135498,102600
1993-12-02,21.625,22.375,21.625,22.375,10.10066032409668,313400
1993-12-03,22.0,22.375,22.0,22.375,10.10066032409668,210400
1993-12-06,22.0,22.375,22.0,22.25,10.078008651733398,46200
1993-12-07,22.0,22.375,22.0,22.0,9.964773178100586,169600
1993-12-08,22.0,22.25,21.625,21.625,9.794925689697266,84800
1993-12-09,21.5,21.625,21.125,21.5,9.738300323486328,131200
1993-12-10,21.125,21.625,21.125,21.375,9.681682586669922,119200
1993-12-13,21.5,21.75,21.25,21.75,9.851539611816406,36800
1993-12-14,21.375,21.75,21.25,21.25,9.625069618225098,26800
1993-12-15,21.25,22.625,21.25,22.125,10.021394729614258,90800
1993-12-16,22.5,22.875,22.25,22.375,10.13463306427002,88400
1993-12-17,22.875,22.875,22.25,22.375,10.13463306427002,114600
1993-12-20,22.625,22.625,22.125,22.25,10.078008651733398,78400
1993-12-21,22.375,22.375,22.125,22.125,10.021394729614258,65400
1993-12-22,22.125,22.5,22.125,22.5,10.191247940063477,40200
1993-12-23,22.5,22.625,22.375,22.625,10.2478666305542,19600
1993-12-27,22.5,22.8125,22.5,22.6875,10.276168823242188,95200
1993-12-28,22.8125,22.8125,22.5,22.75,10.304490089416504,184200
1993-12-29,22.5,22.875,22.5,22.875,10.361102104187012,24000
1993-12-30,22.5,23.125,22.5,23.125,10.474340438842773,60000
1993-12-31,22.875,23.125,22.625,23.0,10.417719841003418,36800
1994-01-03,22.625,22.8125,21.625,21.875,9.90815544128418,243200
1994-01-04,21.875,21.875,21.75,21.875,9.90815544128418,158000
1994-01-05,21.75,22.125,21.75,22.0,9.964773178100586,55000
1994-01-06,22.125,22.375,22.0,22.0,9.964773178100586,17800
1994-01-07,22.0,23.0,22.0,22.875,10.361102104187012,129400
1994-01-10,22.75,23.0,22.625,22.625,10.2478666305542,71000
1994-01-11,22.875,22.875,22.375,22.75,10.304490089416504,20600
1994-01-12,22.75,22.75,22.375,22.5,10.191247940063477,95000
1994-01-13,22.75,22.875,22.5,22.5,10.191247940063477,12000
1994-01-14,22.5,22.875,22.5,22.6875,10.276168823242188,43000
1994-01-17,22.5,22.875,22.375,22.5,10.191247940063477,40800
1994-01-18,22.375,22.5,21.75,22.125,10.021394729614258,300000
1994-01-19,22.0,22.375,22.0,22.1875,10.049702644348145,29800
1994-01-20,22.375,22.375,22.0,22.0,9.964773178100586,8200
1994-01-21,22.0,22.375,22.0,22.0,9.964773178100586,59400
1994-01-24,22.375,23.0,22.125,22.375,10.13463306427002,106400
1994-01-25,22.75,22.75,22.375,22.375,10.13463306427002,56400
1994-01-26,22.375,22.75,22.375,22.375,10.13463306427002,11400
1994-01-27,22.375,22.75,22.375,22.75,10.304490089416504,36400
1994-01-28,22.5625,22.75,22.375,22.5625,10.219555854797363,126600
1994-01-31,22.75,22.875,22.5,22.875,10.361102104187012,109600
1994-02-01,22.5,22.875,22.5,22.75,10.304490089416504,151800
1994-02-02,22.6875,22.875,22.5,22.625,10.2478666305542,93000
1994-02-03,22.625,22.75,21.375,21.625,9.794925689697266,300800
1994-02-04,21.625,22.125,20.875,20.875,9.455214500427246,127000
1994-02-07,20.875,21.375,20.75,21.0,9.511832237243652,203600
1994-02-08,21.0,21.25,20.75,21.25,9.625069618225098,87400
1994-02-09,21.375,21.5,21.125,21.125,9.568445205688477,206000
1994-02-10,21.125,21.625,21.125,21.625,9.794925689697266,154800
1994-02-11,21.5,21.625,21.375,21.375,9.681682586669922,21400
1994-02-14,21.625,22.125,21.375,21.75,9.851539611816406,158600
1994-02-15,21.75,22.125,21.75,22.0625,9.993083000183105,64800
1994-02-16,21.75,22.125,21.75,21.875,9.90815544128418,53600
1994-02-17,22.125,22.375,22.0,22.125,10.021394729614258,179000
1994-02-18,22.375,22.625,21.875,22.375,10.13463306427002,111400
1994-02-22,22.375,22.75,22.375,22.625,10.2478666305542,72600
1994-02-23,22.5,22.75,22.5,22.5,10.191247940063477,67200
1994-02-24,22.375,22.875,22.375,22.875,10.361102104187012,137400
1994-02-25,22.8125,23.0,22.5,22.625,10.2478666305542,95600
1994-02-28,22.625,23.0,22.25,22.25,10.078008651733398,94800
1994-03-01,22.5,22.5,22.125,22.5,10.191247940063477,24200
1994-03-02,22.25,22.25,22.0,22.1875,10.049702644348145,66400
1994-03-03,22.125,22.25,21.875,22.25,10.078008651733398,159400
1994-03-04,21.875,22.375,21.875,21.875,9.941672325134277,40600
1994-03-07,21.875,22.375,21.875,22.25,10.112096786499023,33000
1994-03-08,21.875,22.25,21.75,21.75,9.884858131408691,92600
1994-03-09,21.75,22.125,21.75,22.0625,10.026885032653809,392400
1994-03-10,21.75,22.5,21.75,22.5,10.225711822509766,249200
1994-03-11,22.3125,22.375,22.25,22.25,10.112096786499023,40200
1994-03-14,22.25,22.5,22.25,22.25,10.112096786499023,13000
1994-03-15,22.5,22.5,21.875,21.875,9.941672325134277,51600
1994-03-16,21.875,22.25,21.875,22.125,10.055285453796387,22600
1994-03-17,22.25,22.375,21.875,22.375,10.168906211853027,203600
1994-03-18,22.5,22.5,22.25,22.25,10.112096786499023,59400
1994-03-21,22.25,22.5,22.125,22.125,10.055285453796387,107600
1994-03-22,22.125,22.5,22.0,22.0,9.998477935791016,122800
1994-03-23,22.25,22.5,22.0625,22.25,10.112096786499023,78200
1994-03-24,22.25,22.5,22.125,22.375,10.168906211853027,172600
1994-03-25,22.375,22.875,22.125,22.875,10.396147727966309,141400
1994-03-28,22.875,23.0,22.25,22.625,10.282527923583984,71200
1994-03-29,22.25,22.625,22.125,22.5,10.225711822509766,60200
1994-03-30,22.125,22.25,21.75,21.9375,9.970072746276855,101600
1994-03-31,21.875,22.125,21.25,21.625,9.828057289123535,98600
1994-04-04,21.25,21.375,21.125,21.125,9.600811004638672,338000
1994-04-05,21.5,21.8125,21.25,21.75,9.884858131408691,251800
1994-04-06,21.875,21.875,21.5,21.5,9.771238327026367,41600
1994-04-07,21.875,21.875,21.5,21.875,9.941672325134277,172400
1994-04-08,21.5,21.875,21.125,21.125,9.600811004638672,309200
1994-04-11,21.25,21.5,20.75,21.0,9.544004440307617,95000
1994-04-12,21.0,21.0,20.5,20.6875,9.401981353759766,60200
1994-04-13,20.5,20.75,20.375,20.5625,9.345172882080078,21600
1994-04-14,20.125,20.625,20.0,20.25,9.203145027160645,139200
1994-04-15,20.25,20.5,20.25,20.5,9.31676197052002,40000
1994-04-18,20.25,20.5,20.125,20.375,9.259955406188965,71200
1994-04-19,20.375,20.375,19.75,19.75,8.975905418395996,77400
1994-04-20,19.75,20.125,19.375,19.625,8.919100761413574,91800
1994-04-21,19.375,19.875,19.375,19.5,8.862289428710938,32800
1994-04-22,19.625,20.125,19.625,20.125,9.14633560180664,109200
1994-04-25,20.125,21.0,19.75,21.0,9.544004440307617,134400
1994-04-26,21.125,21.125,20.625,21.125,9.600811004638672,35600
1994-04-28,21.125,21.375,20.875,21.125,9.600811004638672,112000
1994-04-29,21.375,21.375,21.0,21.375,9.71442985534668,17200
1994-05-02,21.125,21.375,21.125,21.375,9.71442985534668,4200
1994-05-03,22.25,22.25,21.5,21.625,9.828057289123535,319400
1994-05-04,21.625,21.875,21.5,21.875,9.941672325134277,39600
1994-05-05,21.625,22.625,21.625,22.5,10.225711822509766,434200
1994-05-06,22.125,22.5,22.125,22.25,10.112096786499023,77000
1994-05-09,22.25,22.75,22.125,22.25,10.112096786499023,189400
1994-05-10,22.5625,22.5625,22.0,22.0,9.998477935791016,202000
1994-05-11,22.375,22.375,22.0,22.375,10.168906211853027,166600
1994-05-12,22.375,23.0,22.125,22.75,10.339337348937988,153200
1994-05-13,23.0,23.25,22.75,23.0,10.452957153320312,49000
1994-05-16,23.0,23.25,22.875,23.0,10.452957153320312,57800
1994-05-17,22.875,23.375,22.875,23.125,10.509769439697266,15400
1994-05-18,23.125,23.5,23.125,23.5,10.680193901062012,99400
1994-05-19,23.0,24.125,23.0,23.75,10.79380989074707,298000
1994-05-20,23.625,24.5,23.625,24.5,11.134662628173828,153400
1994-05-23,24.5,24.75,23.875,24.59375,11.17728042602539,261800
1994-05-24,24.375,24.875,24.25,24.5,11.134662628173828,207600
1994-05-25,24.375,24.625,24.375,24.625,11.191485404968262,57800
1994-05-26,24.625,24.625,23.375,23.625,10.736997604370117,147800
1994-05-27,23.5,23.625,23.0,23.25,10.566573143005371,51800
1994-05-31,23.125,23.375,22.875,23.375,10.623382568359375,207000
1994-06-01,23.125,23.75,23.125,23.5,10.680193901062012,65600
1994-06-02,23.5,23.625,23.25,23.5625,10.70859432220459,75600
1994-06-03,23.5,23.75,23.25,23.625,10.736997604370117,63800
1994-06-06,23.25,23.75,23.25,23.75,10.83049201965332,93600
1994-06-07,23.5625,23.75,23.5,23.75,10.83049201965332,319800
1994-06-08,23.5,23.875,23.5,23.625,10.773487091064453,704800
1994-06-09,23.625,24.125,23.625,23.625,10.773487091064453,68800
1994-06-10,23.625,24.25,23.625,23.921875,10.908857345581055,98600
1994-06-13,23.875,24.25,23.875,24.0,10.944489479064941,45000
1994-06-14,24.25,24.625,24.25,24.25,11.058500289916992,76400
1994-06-15,24.3125,24.5,24.25,24.25,11.058500289916992,83200
1994-06-16,24.25,24.5,24.25,24.3125,11.086997032165527,47400
1994-06-17,24.5,24.5,24.25,24.25,11.058500289916992,36200
1994-06-20,24.25,24.375,24.125,24.125,11.001493453979492,14200
1994-06-21,24.125,24.375,23.875,24.0625,10.973002433776855,123400
1994-06-22,24.125,24.375,23.875,24.125,11.001493453979492,35200
1994-06-23,24.125,24.125,23.5,23.625,10.773487091064453,84400
1994-06-24,23.875,23.875,23.5,23.5625,10.744977951049805,90800
1994-06-27,23.5,24.0,23.5,24.0,10.944489479064941,43800
1994-06-28,23.625,23.75,23.375,23.6875,10.801983833312988,63200
1994-06-29,23.5,24.0,23.5,23.875,10.887491226196289,29200
1994-06-30,23.625,24.0,23.625,23.625,10.773487091064453,44000
1994-07-01,23.8125,24.25,23.625,24.125,11.001493453979492,37800
1994-07-05,24.25,24.25,23.875,24.0,10.944489479064941,42400
1994-07-06,24.0,24.125,23.875,24.125,11.001493453979492,176000
1994-07-07,24.125,24.25,23.875,23.875,10.887491226196289,60000
1994-07-08,23.875,24.125,23.875,24.125,11.001493453979492,95200
1994-07-11,23.875,24.25,23.875,24.25,11.058500289916992,53200
1994-07-12,24.0,24.25,24.0,24.0,10.944489479064941,81400
1994-07-13,24.25,24.25,23.875,23.875,10.887491226196289,123000
1994-07-14,24.125,24.25,23.875,24.25,11.058500289916992,174400
1994-07-15,24.25,24.25,23.75,23.875,10.887491226196289,75000
1994-07-18,23.75,24.0,23.75,24.0,10.944489479064941,232000
1994-07-19,24.125,24.25,23.75,24.25,11.058500289916992,274400
1994-07-20,24.25,24.5,24.0,24.375,11.115499496459961,180600
1994-07-21,24.666667938232422,25.0,24.0,25.0,11.400518417358398,65850
1994-07-22,25.0,25.5,24.833332061767578,25.5,11.628521919250488,54600
1994-07-25,25.5,26.166667938232422,25.166667938232422,25.166667938232422,11.476512908935547,277200
1994-07-26,25.166667938232422,25.333332061767578,24.0,24.666667938232422,11.248507499694824,253050
1994-07-27,24.5,24.5,23.666667938232422,24.0,10.944489479064941,89100
1994-07-28,24.166667938232422,24.333332061767578,23.833332061767578,24.0,10.944489479064941,82350
1994-07-29,24.0,24.333332061767578,23.833332061767578,24.0,10.944489479064941,108150
1994-08-01,24.333332061767578,24.666667938232422,24.0,24.166667938232422,11.02049732208252,105750
1994-08-02,24.666667938232422,24.666667938232422,24.166667938232422,24.458332061767578,11.1535062789917,97500
1994-08-03,24.666667938232422,24.666667938232422,24.333332061767578,24.666667938232422,11.248507499694824,146850
1994-08-04,24.666667938232422,24.666667938232422,24.5,24.666667938232422,11.248507499694824,23550
1994-08-05,24.5,24.666667938232422,24.333332061767578,24.583332061767578,11.21051025390625,33750
1994-08-08,24.666667938232422,24.666667938232422,24.333332061767578,24.666667938232422,11.248507499694824,71550
1994-08-09,24.333332061767578,24.833332061767578,24.333332061767578,24.666667938232422,11.248507499694824,12150
1994-08-10,24.833332061767578,24.833332061767578,24.333332061767578,24.333332061767578,11.096501350402832,209250
1994-08-11,24.375,24.833332061767578,23.666667938232422,23.666667938232422,10.792486190795898,41550
1994-08-12,23.666667938232422,24.5,23.666667938232422,24.083332061767578,10.982495307922363,164700
1994-08-15,24.0,24.5,23.833332061767578,23.916667938232422,10.906490325927734,21000
1994-08-16,24.333332061767578,24.333332061767578,23.833332061767578,23.833332061767578,10.86849308013916,22800
1994-08-17,24.333332061767578,24.333332061767578,23.833332061767578,24.0,10.944489479064941,27900
1994-08-18,23.666667938232422,24.0,21.833332061767578,22.583332061767578,10.2984619140625,202650
1994-08-19,22.833332061767578,23.5,22.666667938232422,23.5,10.716482162475586,125550
1994-08-22,23.0,23.333332061767578,23.0,23.03125,10.502726554870605,311400
1994-08-23,22.916667938232422,23.5,22.916667938232422,23.083332061767578,10.526476860046387,398700
1994-08-24,23.333332061767578,23.333332061767578,23.0,23.333332061767578,10.640484809875488,13800
1994-08-25,23.0,23.333332061767578,23.0,23.333332061767578,10.640484809875488,30300
1994-08-26,23.333332061767578,23.5,23.0,23.0,10.488475799560547,169650
1994-08-29,23.5,24.166667938232422,23.0,24.166667938232422,11.02049732208252,176100
1994-08-30,24.333332061767578,24.666667938232422,24.333332061767578,24.5,11.172503471374512,144750
1994-08-31,24.5,24.5,24.166667938232422,24.166667938232422,11.02049732208252,134700
1994-09-01,24.5,24.5,24.166667938232422,24.5,11.172503471374512,19650
1994-09-02,24.416667938232422,24.5,24.166667938232422,24.5,11.209099769592285,165750
1994-09-06,24.5,24.5,24.166667938232422,24.291667938232422,11.113784790039062,48750
1994-09-07,24.666667938232422,24.666667938232422,24.166667938232422,24.666667938232422,11.285354614257812,35400
1994-09-08,24.208332061767578,24.666667938232422,24.166667938232422,24.666667938232422,11.285354614257812,105450
1994-09-09,24.0,24.5,23.666667938232422,23.666667938232422,10.827841758728027,132600
1994-09-12,23.833332061767578,23.833332061767578,22.833332061767578,22.833332061767578,10.446577072143555,138150
1994-09-13,23.166667938232422,23.166667938232422,22.5,23.166667938232422,10.599082946777344,433950
1994-09-14,22.833332061767578,23.166667938232422,22.666667938232422,23.166667938232422,10.599082946777344,219000
1994-09-15,22.666667938232422,23.666667938232422,22.666667938232422,23.333332061767578,10.675338745117188,106500
1994-09-16,23.333332061767578,23.5,23.0,23.333332061767578,10.675338745117188,202800
1994-09-19,23.458332061767578,23.5,23.166667938232422,23.5,10.751588821411133,152100
1994-09-20,23.5,23.5,23.166667938232422,23.5,10.751588821411133,29700
1994-09-21,23.5,23.5,23.166667938232422,23.5,10.751588821411133,84900
1994-09-22,23.333332061767578,23.5,23.0,23.5,10.751588821411133,10950
1994-09-23,23.0,23.5,23.0,23.333332061767578,10.675338745117188,81600
1994-09-26,23.0,23.5,23.0,23.166667938232422,10.599082946777344,38250
1994-09-27,23.0,23.333332061767578,23.0,23.083332061767578,10.560958862304688,62850
1994-09-28,23.333332061767578,23.333332061767578,23.0,23.333332061767578,10.675338745117188,168600
1994-09-29,23.166667938232422,23.333332061767578,23.0,23.25,10.637206077575684,232950
1994-09-30,23.0,23.333332061767578,23.0,23.333332061767578,10.675338745117188,207300
1994-10-03,23.0,23.333332061767578,23.0,23.0,10.522833824157715,103350
1994-10-04,23.0,23.5,23.0,23.333332061767578,10.675338745117188,42900
1994-10-05,23.0,23.083332061767578,22.5,23.0,10.522833824157715,108000
1994-10-06,23.0,23.0,22.5,22.5,10.294071197509766,39600
1994-10-07,22.5,22.833332061767578,22.333332061767578,22.333332061767578,10.21782112121582,106200
1994-10-10,22.333332061767578,22.666667938232422,22.0,22.333332061767578,10.21782112121582,47100
1994-10-11,22.5,22.5,22.0,22.5,10.294071197509766,175050
1994-10-12,22.0,22.5,22.0,22.166667938232422,10.141566276550293,61800
1994-10-13,22.333332061767578,22.958332061767578,22.333332061767578,22.958332061767578,10.50377368927002,49650
1994-10-14,22.5,23.0,22.5,22.833332061767578,10.446577072143555,90300
1994-10-17,22.5,22.833332061767578,22.333332061767578,22.333332061767578,10.21782112121582,134700
1994-10-18,22.5,22.666667938232422,22.166667938232422,22.25,10.179695129394531,11100
1994-10-19,22.333332061767578,22.5,21.833332061767578,22.166667938232422,10.141566276550293,81450
1994-10-20,22.5,22.5,22.0,22.0,10.065319061279297,6150
1994-10-21,22.0,23.166667938232422,22.0,22.833332061767578,10.446577072143555,114600
1994-10-24,23.166667938232422,23.75,23.0,23.0,10.522833824157715,219000
1994-10-25,22.833332061767578,23.333332061767578,22.833332061767578,23.0,10.522833824157715,9150
1994-10-26,23.0,23.333332061767578,22.833332061767578,23.333332061767578,10.675338745117188,65100
1994-10-27,23.0,23.333332061767578,22.833332061767578,23.0,10.522833824157715,64050
1994-10-28,23.166667938232422,23.166667938232422,22.666667938232422,22.833332061767578,10.446577072143555,166200
1994-10-31,22.666667938232422,23.166667938232422,22.666667938232422,23.166667938232422,10.599082946777344,91950
1994-11-01,22.833332061767578,23.333332061767578,22.333332061767578,22.666667938232422,10.370328903198242,187500
1994-11-02,22.666667938232422,23.333332061767578,22.166667938232422,23.083332061767578,10.560958862304688,474450
1994-11-03,22.833332061767578,23.333332061767578,22.75,22.833332061767578,10.446577072143555,195600
1994-11-04,22.666667938232422,23.166667938232422,22.666667938232422,22.875,10.465635299682617,73650
1994-11-07,22.666667938232422,23.5,22.666667938232422,23.5,10.751588821411133,43800
1994-11-08,23.166667938232422,23.5,23.166667938232422,23.5,10.751588821411133,87600
1994-11-09,23.666667938232422,23.666667938232422,23.0,23.0,10.522833824157715,100050
1994-11-10,23.0,23.333332061767578,22.666667938232422,23.0,10.522833824157715,76650
1994-11-11,22.666667938232422,23.0,22.666667938232422,23.0,10.522833824157715,26100
1994-11-14,22.666667938232422,23.0,22.666667938232422,23.0,10.522833824157715,266850
1994-11-15,22.666667938232422,23.0,22.666667938232422,22.75,10.408454895019531,54750
1994-11-16,22.833332061767578,23.166667938232422,22.666667938232422,22.833332061767578,10.446577072143555,125100
1994-11-17,22.833332061767578,23.166667938232422,22.833332061767578,22.833332061767578,10.446577072143555,150150
1994-11-18,23.166667938232422,23.166667938232422,22.333332061767578,22.5,10.294071197509766,42000
1994-11-21,22.666667938232422,22.666667938232422,21.166667938232422,21.166667938232422,9.684061050415039,149700
1994-11-22,21.166667938232422,21.333332061767578,20.666667938232422,21.166667938232422,9.684061050415039,139200
1994-11-23,20.666667938232422,21.833332061767578,20.666667938232422,21.833332061767578,9.989066123962402,75600
1994-11-25,21.833332061767578,21.833332061767578,21.333332061767578,21.333332061767578,9.760305404663086,9150
1994-11-28,21.833332061767578,21.833332061767578,21.333332061767578,21.5,9.836562156677246,87600
1994-11-29,21.5,22.166667938232422,21.5,22.083332061767578,10.103448867797852,203550
1994-11-30,21.833332061767578,22.5,21.833332061767578,22.0,10.065319061279297,60000
1994-12-01,22.0,22.833332061767578,22.0,22.333332061767578,10.21782112121582,86700
1994-12-02,22.5,22.5,21.333332061767578,21.5,9.836562156677246,239400
1994-12-05,21.833332061767578,21.833332061767578,21.333332061767578,21.333332061767578,9.802863121032715,26550
1994-12-06,21.666667938232422,21.666667938232422,20.833332061767578,21.0,9.649693489074707,49500
1994-12-07,21.0,21.333332061767578,20.833332061767578,20.833332061767578,9.57310676574707,29550
1994-12-08,20.833332061767578,21.166667938232422,20.166667938232422,20.166667938232422,9.266767501831055,58050
1994-12-09,20.166667938232422,20.666667938232422,19.833332061767578,19.833332061767578,9.113600730895996,150750
1994-12-12,20.0,20.333332061767578,19.833332061767578,19.833332061767578,9.113600730895996,71400
1994-12-13,20.166667938232422,20.333332061767578,19.833332061767578,20.083332061767578,9.228473663330078,997800
1994-12-14,20.333332061767578,20.333332061767578,19.666667938232422,20.0,9.19018840789795,150750
1994-12-15,20.166667938232422,20.166667938232422,19.666667938232422,20.166667938232422,9.266767501831055,31800
1994-12-16,19.833332061767578,19.833332061767578,19.5,19.5,8.960431098937988,43200
1994-12-19,19.833332061767578,19.833332061767578,19.333332061767578,19.666667938232422,9.037013053894043,20250
1994-12-20,19.333332061767578,19.833332061767578,19.333332061767578,19.666667938232422,9.037013053894043,46800
1994-12-21,19.666667938232422,19.666667938232422,19.333332061767578,19.666667938232422,9.037013053894043,359700
1994-12-22,19.666667938232422,19.666667938232422,19.166667938232422,19.166667938232422,8.807262420654297,203400
1994-12-23,19.5,19.5,19.166667938232422,19.333332061767578,8.883843421936035,51150
1994-12-27,19.166667938232422,19.5,18.833332061767578,19.333332061767578,8.883843421936035,331800
1994-12-28,19.333332061767578,19.5,18.833332061767578,19.166667938232422,8.807262420654297,83250
1994-12-29,18.916667938232422,19.333332061767578,18.916667938232422,19.333332061767578,8.883843421936035,112350
1994-12-30,18.916667938232422,19.833332061767578,18.833332061767578,19.583332061767578,8.9987211227417,88950
1995-01-03,19.583332061767578,20.166667938232422,19.333332061767578,19.666667938232422,9.037013053894043,205500
1995-01-04,19.666667938232422,20.0,19.166667938232422,19.333332061767578,8.883843421936035,190950
1995-01-05,19.5,19.666667938232422,19.166667938232422,19.166667938232422,8.807262420654297,182550
1995-01-06,19.666667938232422,19.666667938232422,19.166667938232422,19.166667938232422,8.807262420654297,501450
1995-01-09,19.166667938232422,19.666667938232422,19.166667938232422,19.333332061767578,8.883843421936035,111450
1995-01-10,19.333332061767578,20.166667938232422,19.333332061767578,19.916667938232422,9.151890754699707,287700
1995-01-11,20.166667938232422,20.166667938232422,19.666667938232422,19.916667938232422,9.151890754699707,80400
1995-01-12,20.166667938232422,20.166667938232422,19.833332061767578,20.166667938232422,9.266767501831055,50250
1995-01-13,20.166667938232422,20.833332061767578,20.0,20.666667938232422,9.496524810791016,74100
1995-01-16,20.666667938232422,21.166667938232422,20.666667938232422,21.166667938232422,9.72628116607666,38400
1995-01-17,21.166667938232422,21.333332061767578,20.666667938232422,21.166667938232422,9.72628116607666,687900
1995-01-18,21.333332061767578,21.666667938232422,21.0,21.166667938232422,9.72628116607666,201900
1995-01-19,21.166667938232422,21.333332061767578,21.0,21.083332061767578,9.687979698181152,87600
1995-01-20,21.166667938232422,21.166667938232422,20.666667938232422,20.75,9.534814834594727,214650
1995-01-23,20.333332061767578,20.833332061767578,20.333332061767578,20.5,9.419938087463379,74250
1995-01-24,20.5,20.5,20.0,20.333332061767578,9.343352317810059,240600
1995-01-25,20.166667938232422,20.5,19.833332061767578,20.333332061767578,9.343352317810059,73800
1995-01-26,19.833332061767578,20.333332061767578,19.833332061767578,19.833332061767578,9.113600730895996,22500
1995-01-27,19.833332061767578,20.333332061767578,19.833332061767578,20.333332061767578,9.343352317810059,17250
1995-01-30,20.333332061767578,20.333332061767578,19.833332061767578,19.833332061767578,9.113600730895996,85950
1995-01-31,20.333332061767578,20.833332061767578,19.666667938232422,20.666667938232422,9.496524810791016,281700
1995-02-01,21.0,21.333332061767578,20.833332061767578,21.333332061767578,9.802863121032715,736500
1995-02-02,21.333332061767578,22.166667938232422,20.833332061767578,21.833332061767578,10.03261947631836,288900
1995-02-03,22.0,22.5,22.0,22.333332061767578,10.262370109558105,100350
1995-02-06,22.166667938232422,22.666667938232422,22.166667938232422,22.5,10.338955879211426,141000
1995-02-07,22.666667938232422,22.666667938232422,22.333332061767578,22.666667938232422,10.415541648864746,132150
1995-02-08,22.666667938232422,22.666667938232422,22.333332061767578,22.666667938232422,10.415541648864746,43050
1995-02-09,22.333332061767578,22.666667938232422,22.333332061767578,22.666667938232422,10.415541648864746,93450
1995-02-10,22.333332061767578,22.666667938232422,22.166667938232422,22.5,10.338955879211426,97500
1995-02-13,22.0,22.5,22.0,22.166667938232422,10.18578815460205,45300
1995-02-14,22.0,22.333332061767578,22.0,22.333332061767578,10.262370109558105,7950
1995-02-15,22.0,22.666667938232422,22.0,22.333332061767578,10.262370109558105,106050
1995-02-16,22.333332061767578,22.666667938232422,22.166667938232422,22.5,10.338955879211426,261900
1995-02-17,22.5,22.666667938232422,22.166667938232422,22.333332061767578,10.262370109558105,77100
1995-02-21,22.666667938232422,22.666667938232422,22.0,22.0,10.109204292297363,196950
1995-02-22,22.0,22.333332061767578,22.0,22.291667938232422,10.243227005004883,101400
1995-02-23,22.166667938232422,22.5,22.166667938232422,22.25,10.224079132080078,171150
1995-02-24,22.166667938232422,22.5,22.166667938232422,22.166667938232422,10.18578815460205,16650
1995-02-27,22.5,22.666667938232422,22.166667938232422,22.666667938232422,10.415541648864746,126750
1995-02-28,22.833332061767578,22.833332061767578,22.333332061767578,22.833332061767578,10.492124557495117,137400
1995-03-01,22.833332061767578,23.166667938232422,22.666667938232422,23.166667938232422,10.645294189453125,156750
1995-03-02,23.166667938232422,23.666667938232422,22.666667938232422,23.333332061767578,10.721880912780762,196200
1995-03-03,23.166667938232422,23.5,23.166667938232422,23.5,10.798467636108398,47100
1995-03-06,23.166667938232422,24.0,23.166667938232422,23.5,10.841524124145508,88050
1995-03-07,24.0,24.0,23.5,24.0,11.072196006774902,90450
1995-03-08,23.833332061767578,24.5,23.833332061767578,24.041667938232422,11.091416358947754,109800
1995-03-09,24.333332061767578,24.5,24.0,24.5,11.302864074707031,229200
1995-03-10,24.0,24.5,24.0,24.166667938232422,11.149083137512207,115200
1995-03-13,24.5,24.5,24.0,24.0,11.072196006774902,82950
1995-03-14,24.0,24.333332061767578,23.5,23.666667938232422,10.918414115905762,283950
1995-03-15,23.5,23.833332061767578,23.5,23.833332061767578,10.995305061340332,75750
1995-03-16,23.833332061767578,23.833332061767578,23.5,23.666667938232422,10.918414115905762,81600
1995-03-17,23.5,23.833332061767578,23.5,23.5,10.841524124145508,32850
1995-03-20,23.666667938232422,23.833332061767578,23.5,23.833332061767578,10.995305061340332,203700
1995-03-21,23.666667938232422,23.833332061767578,23.333332061767578,23.333332061767578,10.764634132385254,132450
1995-03-22,23.166667938232422,23.5,23.166667938232422,23.25,10.726187705993652,58200
1995-03-23,23.166667938232422,23.5,23.166667938232422,23.208332061767578,10.706968307495117,188100
1995-03-24,23.166667938232422,23.5,22.833332061767578,22.833332061767578,10.53396224975586,83550
1995-03-27,22.833332061767578,23.0,22.5,22.666667938232422,10.457070350646973,116250
1995-03-28,22.666667938232422,23.0,22.5,22.5,10.380181312561035,82650
1995-03-29,23.0,23.0,22.5,23.0,10.610854148864746,55800
1995-03-30,23.0,23.666667938232422,22.5,23.666667938232422,10.918414115905762,184350
1995-03-31,23.333332061767578,23.666667938232422,23.166667938232422,23.666667938232422,10.918414115905762,37350
1995-04-03,23.666667938232422,23.833332061767578,23.166667938232422,23.666667938232422,10.918414115905762,69750
1995-04-04,23.5,23.833332061767578,23.333332061767578,23.833332061767578,10.995305061340332,31200
1995-04-05,23.833332061767578,23.833332061767578,23.5,23.833332061767578,10.995305061340332,124350
1995-04-06,23.833332061767578,23.833332061767578,23.5,23.5,10.841524124145508,16050
1995-04-07,23.5,23.666667938232422,23.166667938232422,23.333332061767578,10.764634132385254,97200
1995-04-10,23.166667938232422,23.666667938232422,23.166667938232422,23.5,10.841524124145508,106500
1995-04-11,23.666667938232422,23.666667938232422,23.333332061767578,23.666667938232422,10.918414115905762,112950
1995-04-12,23.5,24.166667938232422,23.5,23.916667938232422,11.0337553024292,204750
1995-04-13,23.833332061767578,24.083332061767578,23.666667938232422,24.0,11.072196006774902,99900
1995-04-17,24.083332061767578,24.083332061767578,23.333332061767578,23.666667938232422,10.918414115905762,34200
1995-04-18,23.333332061767578,23.666667938232422,22.666667938232422,23.0,10.610854148864746,408750
1995-04-19,22.666667938232422,23.166667938232422,22.666667938232422,22.833332061767578,10.53396224975586,67200
1995-04-20,22.666667938232422,23.166667938232422,22.666667938232422,22.708332061767578,10.476296424865723,45600
1995-04-21,23.0,23.166667938232422,22.666667938232422,23.166667938232422,10.687743186950684,108000
1995-04-24,22.666667938232422,23.5,22.666667938232422,23.333332061767578,10.764634132385254,40500
1995-04-25,23.5,24.0,23.166667938232422,24.0,11.072196006774902,97200
1995-04-26,23.833332061767578,24.0,23.75,23.833332061767578,10.995305061340332,158100
1995-04-27,23.666667938232422,24.0,23.166667938232422,23.333332061767578,10.764634132385254,267450
1995-04-28,23.666667938232422,23.666667938232422,23.166667938232422,23.166667938232422,10.687743186950684,30150
1995-05-01,23.166667938232422,24.0,23.166667938232422,24.0,11.072196006774902,94500
1995-05-02,23.5,24.0,23.5,23.833332061767578,10.995305061340332,237150
1995-05-03,23.666667938232422,24.166667938232422,23.666667938232422,23.875,11.014530181884766,356400
1995-05-04,24.166667938232422,24.166667938232422,23.333332061767578,23.833332061767578,10.995305061340332,102600
1995-05-05,23.666667938232422,23.833332061767578,23.333332061767578,23.833332061767578,10.995305061340332,45000
1995-05-08,23.333332061767578,23.833332061767578,23.333332061767578,23.5,10.841524124145508,11400
1995-05-09,23.833332061767578,23.833332061767578,23.5,23.833332061767578,10.995305061340332,38250
1995-05-10,23.5,24.0,23.5,23.833332061767578,10.995305061340332,85650
1995-05-11,23.833332061767578,24.166667938232422,23.666667938232422,23.833332061767578,10.995305061340332,65400
1995-05-12,23.833332061767578,24.166667938232422,23.666667938232422,23.666667938232422,10.918414115905762,53100
1995-05-15,24.0,24.166667938232422,23.666667938232422,24.166667938232422,11.149083137512207,18750
1995-05-16,24.166667938232422,24.166667938232422,23.666667938232422,24.0,11.072196006774902,70350
1995-05-17,23.666667938232422,24.333332061767578,23.666667938232422,24.0,11.072196006774902,34800
1995-05-18,24.166667938232422,24.166667938232422,23.666667938232422,24.0,11.072196006774902,36600
1995-05-19,23.666667938232422,24.0,23.5,23.833332061767578,10.995305061340332,23700
1995-05-22,23.833332061767578,23.833332061767578,23.5,23.833332061767578,10.995305061340332,18150
1995-05-23,23.833332061767578,23.833332061767578,23.5,23.833332061767578,10.995305061340332,36300
1995-05-24,23.5,24.0,23.5,23.666667938232422,10.918414115905762,125850
1995-05-25,23.916667938232422,24.0,23.5,23.5,10.841524124145508,83250
1995-05-26,23.5,23.833332061767578,23.5,23.833332061767578,10.995305061340332,20400
1995-05-30,23.833332061767578,24.166667938232422,23.5,24.166667938232422,11.149083137512207,94350
1995-05-31,24.166667938232422,24.166667938232422,23.666667938232422,24.166667938232422,11.149083137512207,47400
1995-06-01,23.916667938232422,24.0,23.666667938232422,23.833332061767578,10.995305061340332,114750
1995-06-02,24.0,24.666667938232422,23.666667938232422,24.333332061767578,11.225975036621094,121050
1995-06-05,24.5,24.833332061767578,24.333332061767578,24.5,11.302864074707031,31200
1995-06-06,24.5,24.666667938232422,24.333332061767578,24.333332061767578,11.271984100341797,40050
1995-06-07,24.333332061767578,24.666667938232422,24.0,24.166667938232422,11.194774627685547,31350
1995-06-08,24.0,24.166667938232422,23.666667938232422,23.833332061767578,11.040367126464844,78900
1995-06-09,23.833332061767578,23.833332061767578,23.5,23.833332061767578,11.040367126464844,67950
1995-06-12,23.833332061767578,24.333332061767578,23.5,23.5,10.885955810546875,371100
1995-06-13,23.833332061767578,23.833332061767578,23.583332061767578,23.833332061767578,11.040367126464844,40800
1995-06-14,23.833332061767578,24.0,23.5,23.833332061767578,11.040367126464844,191250
1995-06-15,23.5,24.0,23.5,23.666667938232422,10.963162422180176,31200
1995-06-16,23.666667938232422,24.0,23.666667938232422,23.666667938232422,10.963162422180176,645750
1995-06-19,24.0,24.5,23.666667938232422,24.0,11.117571830749512,88650
1995-06-20,24.0,24.5,23.833332061767578,24.333332061767578,11.271984100341797,144150
1995-06-21,24.5,24.5,24.0,24.0,11.117571830749512,45450
1995-06-22,24.0,24.666667938232422,24.0,24.583332061767578,11.387798309326172,125550
1995-06-23,24.583332061767578,24.75,24.166667938232422,24.5,11.349186897277832,55950
1995-06-26,24.5,24.666667938232422,24.166667938232422,24.25,11.233386993408203,97050
1995-06-27,24.333332061767578,24.333332061767578,23.833332061767578,23.833332061767578,11.040367126464844,169650
1995-06-28,24.166667938232422,24.166667938232422,23.833332061767578,23.833332061767578,11.040367126464844,197850
1995-06-29,23.833332061767578,24.0,23.666667938232422,23.666667938232422,10.963162422180176,16650
1995-06-30,23.666667938232422,24.166667938232422,23.5,23.833332061767578,11.040367126464844,57900
1995-07-03,23.5,23.833332061767578,23.5,23.583332061767578,10.924559593200684,19200
1995-07-05,23.833332061767578,23.833332061767578,23.5,23.5,10.885955810546875,122550
1995-07-06,23.333332061767578,23.5,22.666667938232422,22.833332061767578,10.577136993408203,214800
1995-07-07,22.666667938232422,23.333332061767578,22.666667938232422,23.0,10.654339790344238,48300
1995-07-10,22.833332061767578,23.333332061767578,22.833332061767578,23.0,10.654339790344238,658650
1995-07-11,23.333332061767578,23.333332061767578,22.666667938232422,22.75,10.538529396057129,370950
1995-07-12,23.0,23.0,22.666667938232422,22.666667938232422,10.49992847442627,153150
1995-07-13,22.666667938232422,23.666667938232422,22.666667938232422,23.5,10.885955810546875,83850
1995-07-14,23.5,23.666667938232422,23.166667938232422,23.5,10.885955810546875,48600
1995-07-17,23.5,23.833332061767578,23.166667938232422,23.625,10.94386100769043,195450
1995-07-18,23.666667938232422,23.833332061767578,23.333332061767578,23.583332061767578,10.924559593200684,274200
1995-07-19,23.333332061767578,23.833332061767578,23.333332061767578,23.416667938232422,10.847357749938965,207600
1995-07-20,23.333332061767578,24.5,23.333332061767578,23.666667938232422,10.963162422180176,139950
1995-07-21,23.5,24.0,23.5,23.916667938232422,11.078974723815918,275100
1995-07-24,23.916667938232422,24.166667938232422,23.666667938232422,24.166667938232422,11.194774627685547,77850
1995-07-25,24.0,24.166667938232422,23.833332061767578,24.0,11.117571830749512,251550
1995-07-26,24.166667938232422,24.333332061767578,23.833332061767578,24.0,11.117571830749512,158550
1995-07-27,24.333332061767578,24.666667938232422,24.0,24.166667938232422,11.194774627685547,131700
1995-07-28,24.666667938232422,25.166667938232422,24.333332061767578,25.0,11.580809593200684,148800
1995-07-31,25.0,25.166667938232422,24.833332061767578,25.166667938232422,11.65800952911377,57300
1995-08-01,25.166667938232422,25.166667938232422,24.666667938232422,25.0,11.580809593200684,28800
1995-08-02,25.0,25.0,24.5,25.0,11.580809593200684,124200
1995-08-03,24.666667938232422,24.666667938232422,24.333332061767578,24.333332061767578,11.271984100341797,20700
1995-08-04,24.333332061767578,24.666667938232422,24.0,24.5,11.349186897277832,78450
1995-08-07,24.5,24.5,24.0,24.5,11.349186897277832,97950
1995-08-08,24.5,24.5,24.166667938232422,24.166667938232422,11.194774627685547,85650
1995-08-09,24.333332061767578,24.5,24.166667938232422,24.166667938232422,11.194774627685547,104700
1995-08-10,24.333332061767578,25.0,24.166667938232422,24.666667938232422,11.426393508911133,138450
1995-08-11,25.166667938232422,25.166667938232422,24.333332061767578,24.416667938232422,11.31058406829834,216450
1995-08-14,24.625,24.666667938232422,24.333332061767578,24.5,11.349186897277832,46050
1995-08-15,24.333332061767578,24.666667938232422,24.333332061767578,24.5,11.349186897277832,121650
1995-08-16,24.666667938232422,24.666667938232422,24.333332061767578,24.333332061767578,11.271984100341797,27450
1995-08-17,24.333332061767578,24.833332061767578,24.333332061767578,24.5,11.349186897277832,204300
1995-08-18,24.5,24.833332061767578,24.333332061767578,24.333332061767578,11.271984100341797,123150
1995-08-21,24.833332061767578,24.833332061767578,24.333332061767578,24.416667938232422,11.31058406829834,151800
1995-08-22,24.625,24.666667938232422,24.416667938232422,24.416667938232422,11.31058406829834,131400
1995-08-23,24.666667938232422,24.666667938232422,24.416667938232422,24.625,11.40709114074707,168150
1995-08-24,24.416667938232422,24.833332061767578,24.416667938232422,24.75,11.464995384216309,130350
1995-08-25,24.833332061767578,24.833332061767578,24.333332061767578,24.333332061767578,11.271984100341797,38850
1995-08-28,24.333332061767578,25.166667938232422,24.333332061767578,24.666667938232422,11.426393508911133,61200
1995-08-29,24.666667938232422,25.0,24.5,24.583332061767578,11.387798309326172,622800
1995-08-30,24.333332061767578,24.416667938232422,22.416667938232422,23.166667938232422,10.731548309326172,1170900
1995-08-31,23.166667938232422,23.5,22.833332061767578,23.166667938232422,10.731548309326172,226650
1995-09-01,22.833332061767578,23.166667938232422,22.833332061767578,22.833332061767578,10.577136993408203,152700
1995-09-05,22.833332061767578,23.166667938232422,22.833332061767578,22.916667938232422,10.615740776062012,52800
1995-09-06,22.5,23.5,22.333332061767578,23.333332061767578,10.80875301361084,1081350
1995-09-07,23.166667938232422,23.5,23.0,23.333332061767578,10.855273246765137,408750
1995-09-08,23.166667938232422,23.666667938232422,23.166667938232422,23.666667938232422,11.010346412658691,549450
1995-09-11,23.333332061767578,23.958332061767578,23.333332061767578,23.5,10.932809829711914,379500
1995-09-12,23.5,23.833332061767578,23.5,23.833332061767578,11.087884902954102,467850
1995-09-13,23.666667938232422,24.0,23.5,23.583332061767578,10.971583366394043,364650
1995-09-14,23.5,24.0,23.5,24.0,11.165426254272461,111150
1995-09-15,23.666667938232422,24.166667938232422,23.666667938232422,24.0,11.165426254272461,212850
1995-09-18,23.833332061767578,24.5,23.5,23.666667938232422,11.010346412658691,288000
1995-09-19,23.5,23.833332061767578,23.5,23.5,10.932809829711914,292650
1995-09-20,23.5,23.833332061767578,23.5,23.5,10.932809829711914,194400
1995-09-21,23.5,23.833332061767578,23.5,23.833332061767578,11.087884902954102,111150
1995-09-22,23.833332061767578,23.833332061767578,23.5,23.833332061767578,11.087884902954102,31500
1995-09-25,23.5,23.833332061767578,23.333332061767578,23.333332061767578,10.855273246765137,256200
1995-09-26,23.333332061767578,23.333332061767578,22.833332061767578,23.166667938232422,10.777740478515625,117450
1995-09-27,23.0,23.333332061767578,23.0,23.166667938232422,10.777740478515625,44400
1995-09-28,23.0,23.291667938232422,23.0,23.25,10.816506385803223,172650
1995-09-29,23.333332061767578,23.333332061767578,22.666667938232422,22.666667938232422,10.545123100280762,70950
1995-10-02,22.666667938232422,22.833332061767578,22.583332061767578,22.708332061767578,10.564504623413086,356550
1995-10-03,22.833332061767578,23.0,22.666667938232422,22.75,10.583894729614258,359400
1995-10-04,22.75,23.0,22.5,22.541667938232422,10.486968040466309,79350
1995-10-05,22.583332061767578,23.0,22.5,22.583332061767578,10.506349563598633,37950
1995-10-06,22.5,22.666667938232422,21.833332061767578,22.0,10.234970092773438,247200
1995-10-09,21.833332061767578,22.166667938232422,21.666667938232422,22.0,10.234970092773438,73950
1995-10-10,21.666667938232422,22.0,21.666667938232422,21.666667938232422,10.079898834228516,151500
1995-10-11,22.0,22.166667938232422,21.666667938232422,22.0,10.234970092773438,119850
1995-10-12,21.666667938232422,22.166667938232422,21.666667938232422,22.0,10.234970092773438,484050
1995-10-13,22.0,22.666667938232422,22.0,22.5,10.4675874710083,323250
1995-10-16,22.5,22.666667938232422,22.166667938232422,22.5,10.4675874710083,120000
1995-10-17,22.333332061767578,22.5,22.166667938232422,22.25,10.351277351379395,51000
1995-10-18,22.5,22.5,22.166667938232422,22.333332061767578,10.390047073364258,145050
1995-10-19,22.0,22.333332061767578,21.833332061767578,22.166667938232422,10.312504768371582,297300
1995-10-20,22.166667938232422,22.166667938232422,21.666667938232422,21.666667938232422,10.079898834228516,341400
1995-10-23,21.666667938232422,21.833332061767578,21.5,21.5,10.002358436584473,192900
1995-10-24,22.0,22.0,21.666667938232422,22.0,10.234970092773438,114900
1995-10-25,21.666667938232422,22.166667938232422,21.666667938232422,22.166667938232422,10.312504768371582,51300
1995-10-26,22.166667938232422,22.166667938232422,21.833332061767578,21.833332061767578,10.157431602478027,9900
1995-10-27,21.666667938232422,22.0,21.333332061767578,21.5,10.002358436584473,165750
1995-10-30,21.333332061767578,21.833332061767578,21.333332061767578,21.833332061767578,10.157431602478027,63600
1995-10-31,21.5,22.5,21.5,22.166667938232422,10.312504768371582,148800
1995-11-01,21.833332061767578,21.833332061767578,20.666667938232422,21.5,10.002358436584473,331800
1995-11-02,21.333332061767578,21.833332061767578,21.333332061767578,21.666667938232422,10.079898834228516,338550
1995-11-03,22.0,22.0,21.5,21.916667938232422,10.196199417114258,75900
1995-11-06,22.0,22.0,21.666667938232422,21.666667938232422,10.079898834228516,9300
1995-11-07,22.0,22.0,21.666667938232422,21.666667938232422,10.079898834228516,148950
1995-11-08,21.666667938232422,22.0,21.666667938232422,21.916667938232422,10.196199417114258,51450
1995-11-09,21.666667938232422,22.166667938232422,21.666667938232422,22.166667938232422,10.312504768371582,3600
1995-11-10,21.666667938232422,22.333332061767578,21.666667938232422,22.25,10.351277351379395,157650
1995-11-13,22.166667938232422,22.333332061767578,22.166667938232422,22.166667938232422,10.312504768371582,67950
1995-11-14,22.166667938232422,22.5,22.166667938232422,22.166667938232422,10.312504768371582,88650
1995-11-15,22.5,22.833332061767578,22.166667938232422,22.333332061767578,10.390047073364258,289200
1995-11-16,22.333332061767578,22.833332061767578,22.333332061767578,22.333332061767578,10.390047073364258,68400
1995-11-17,22.833332061767578,22.833332061767578,22.333332061767578,22.5,10.4675874710083,87900
1995-11-20,22.5,23.166667938232422,22.5,23.083332061767578,10.738968849182129,261300
1995-11-21,22.833332061767578,23.166667938232422,22.666667938232422,23.166667938232422,10.777740478515625,246900
1995-11-22,22.666667938232422,23.166667938232422,22.666667938232422,23.166667938232422,10.777740478515625,12000
1995-11-24,22.666667938232422,22.666667938232422,22.666667938232422,22.666667938232422,10.545123100280762,150
1995-11-27,22.916667938232422,23.166667938232422,22.666667938232422,23.166667938232422,10.777740478515625,20100
1995-11-28,22.666667938232422,23.166667938232422,22.666667938232422,23.0,10.700193405151367,130200
1995-11-29,23.0,23.166667938232422,22.666667938232422,23.166667938232422,10.777740478515625,1001850
1995-11-30,22.666667938232422,23.166667938232422,22.666667938232422,23.166667938232422,10.777740478515625,126900
1995-12-01,22.666667938232422,23.166667938232422,22.666667938232422,22.666667938232422,10.545123100280762,82800
1995-12-04,22.666667938232422,23.166667938232422,22.666667938232422,22.916667938232422,10.661430358886719,42450
1995-12-05,22.666667938232422,23.5,22.666667938232422,23.083332061767578,10.738968849182129,247800
1995-12-06,23.333332061767578,23.333332061767578,22.541667938232422,23.333332061767578,10.908834457397461,177900
1995-12-07,23.0,23.333332061767578,23.0,23.0,10.752991676330566,66150
1995-12-08,23.166667938232422,23.666667938232422,23.0,23.166667938232422,10.830915451049805,287400
1995-12-11,23.166667938232422,24.0,23.166667938232422,23.583332061767578,11.025716781616211,190350
1995-12-12,24.166667938232422,24.666667938232422,24.0,24.166667938232422,11.29843807220459,92100
1995-12-13,24.166667938232422,24.5,24.166667938232422,24.5,11.454279899597168,49650
1995-12-14,24.5,25.0,24.166667938232422,24.666667938232422,11.532196044921875,144750
1995-12-15,24.666667938232422,25.0,24.333332061767578,24.333332061767578,11.376357078552246,79650
1995-12-18,24.416667938232422,24.666667938232422,24.166667938232422,24.5,11.454279899597168,123300
1995-12-19,24.5,25.166667938232422,24.5,24.583332061767578,11.493236541748047,255000
1995-12-20,24.5,24.833332061767578,24.5,24.833332061767578,11.610118865966797,96450
1995-12-21,24.833332061767578,24.833332061767578,24.5,24.666667938232422,11.532196044921875,120450
1995-12-22,24.75,24.75,24.5,24.5,11.454279899597168,12600
1995-12-26,24.625,24.75,24.5,24.666667938232422,11.532196044921875,71400
1995-12-27,24.75,24.75,24.5,24.5,11.454279899597168,19950
1995-12-28,24.833332061767578,25.166667938232422,24.5,24.833332061767578,11.610118865966797,57300
1995-12-29,24.833332061767578,25.333332061767578,24.833332061767578,24.833332061767578,11.610118865966797,142950
1996-01-02,25.0,25.0,24.666667938232422,24.833332061767578,11.610118865966797,92550
1996-01-03,24.666667938232422,25.0,24.666667938232422,24.75,11.57115650177002,79800
1996-01-04,24.5,25.5,24.5,25.5,11.921793937683105,145950
1996-01-05,25.166667938232422,25.833332061767578,25.166667938232422,25.5,11.921793937683105,210300
1996-01-08,25.166667938232422,25.5,25.166667938232422,25.25,11.804910659790039,4050
1996-01-09,25.5,25.5,24.666667938232422,24.708332061767578,11.551675796508789,70050
1996-01-10,24.5,25.333332061767578,24.5,24.666667938232422,11.532196044921875,117150
1996-01-11,24.5,25.0,24.333332061767578,24.833332061767578,11.610118865966797,145800
1996-01-12,25.0,25.0,24.333332061767578,24.5,11.454279899597168,141300
1996-01-15,24.5,25.166667938232422,24.333332061767578,25.0,11.688033103942871,320700
1996-01-16,24.916667938232422,25.666667938232422,24.666667938232422,25.666667938232422,11.99971866607666,267600
1996-01-17,25.666667938232422,25.666667938232422,25.166667938232422,25.333332061767578,11.843878746032715,211500
1996-01-18,25.166667938232422,25.5,25.0,25.0,11.688033103942871,31500
1996-01-19,25.333332061767578,25.5,25.0,25.166667938232422,11.76595401763916,62700
1996-01-22,25.0,25.5,24.833332061767578,25.166667938232422,11.76595401763916,95700
1996-01-23,25.166667938232422,25.5,24.833332061767578,25.5,11.921793937683105,30600
1996-01-24,25.0,26.166667938232422,25.0,25.833332061767578,12.077640533447266,128400
1996-01-25,25.5,26.0,25.166667938232422,25.166667938232422,11.76595401763916,96750
1996-01-26,25.166667938232422,25.333332061767578,25.0,25.166667938232422,11.76595401763916,33300
1996-01-29,25.0,25.333332061767578,25.0,25.333332061767578,11.843878746032715,9150
1996-01-30,25.0,25.5,25.0,25.416667938232422,11.882835388183594,35550
1996-01-31,25.5,25.5,24.833332061767578,24.916667938232422,11.649073600769043,150750
1996-02-01,25.166667938232422,25.166667938232422,24.833332061767578,24.833332061767578,11.610118865966797,83250
1996-02-02,24.833332061767578,25.166667938232422,24.666667938232422,25.166667938232422,11.76595401763916,314400
1996-02-05,24.666667938232422,25.166667938232422,24.5,24.833332061767578,11.610118865966797,50700
1996-02-06,24.333332061767578,24.833332061767578,24.166667938232422,24.166667938232422,11.29843807220459,82800
1996-02-07,24.5,24.5,24.166667938232422,24.166667938232422,11.29843807220459,60900
1996-02-08,24.166667938232422,24.666667938232422,24.166667938232422,24.333332061767578,11.376357078552246,52650
1996-02-09,24.666667938232422,24.666667938232422,24.166667938232422,24.666667938232422,11.532196044921875,61200
1996-02-12,24.166667938232422,25.833332061767578,24.166667938232422,25.583332061767578,11.96075439453125,205350
1996-02-13,25.166667938232422,25.833332061767578,24.916667938232422,25.166667938232422,11.76595401763916,205350
1996-02-14,24.833332061767578,25.166667938232422,24.666667938232422,25.166667938232422,11.76595401763916,100800
1996-02-15,25.083332061767578,25.5,24.833332061767578,25.333332061767578,11.843878746032715,72900
1996-02-16,25.0,25.333332061767578,25.0,25.166667938232422,11.76595401763916,65850
1996-02-20,25.0,25.166667938232422,25.0,25.0,11.688033103942871,64050
1996-02-21,25.0,25.166667938232422,25.0,25.0,11.688033103942871,89850
1996-02-22,25.166667938232422,25.5,25.0,25.0,11.688033103942871,82800
1996-02-23,25.0,25.333332061767578,25.0,25.0,11.688033103942871,45300
1996-02-26,25.0,25.333332061767578,25.0,25.166667938232422,11.76595401763916,63300
1996-02-27,25.166667938232422,25.333332061767578,25.0,25.0,11.688033103942871,77100
1996-02-28,25.0,25.5,25.0,25.5,11.921793937683105,77400
1996-02-29,25.166667938232422,25.5,25.0,25.166667938232422,11.76595401763916,32850
1996-03-01,25.5,25.5,25.166667938232422,25.166667938232422,11.76595401763916,13050
1996-03-04,25.166667938232422,25.666667938232422,25.166667938232422,25.583332061767578,11.96075439453125,41250
1996-03-05,25.166667938232422,26.166667938232422,25.166667938232422,26.0,12.155562400817871,98100
1996-03-06,26.0,26.166667938232422,25.666667938232422,25.833332061767578,12.130516052246094,166350
1996-03-07,25.666667938232422,26.0,25.666667938232422,25.875,12.150079727172852,39600
1996-03-08,25.0,25.666667938232422,24.833332061767578,25.0,11.739204406738281,83250
1996-03-11,24.833332061767578,25.333332061767578,24.833332061767578,25.333332061767578,11.895730972290039,43650
1996-03-12,24.666667938232422,25.166667938232422,24.666667938232422,24.666667938232422,11.582688331604004,41250
1996-03-13,25.166667938232422,25.166667938232422,24.666667938232422,24.875,11.680511474609375,150300
1996-03-14,25.166667938232422,25.166667938232422,24.5,24.5,11.504424095153809,183450
1996-03-15,24.5,24.833332061767578,24.5,24.583332061767578,11.543553352355957,109650
1996-03-18,24.666667938232422,24.833332061767578,24.5,24.833332061767578,11.660951614379883,141300
1996-03-19,24.5,25.333332061767578,24.5,25.333332061767578,11.895730972290039,348000
1996-03-20,25.333332061767578,25.333332061767578,25.166667938232422,25.333332061767578,11.895730972290039,15450
1996-03-21,25.166667938232422,25.416667938232422,25.166667938232422,25.333332061767578,11.895730972290039,45450
1996-03-22,25.166667938232422,25.5,25.166667938232422,25.5,11.973989486694336,5250
1996-03-25,25.5,25.5,25.166667938232422,25.333332061767578,11.895730972290039,105600
1996-03-26,25.291667938232422,25.5,25.166667938232422,25.5,11.973989486694336,88950
1996-03-27,25.25,25.416667938232422,25.0,25.416667938232422,11.934857368469238,406800
1996-03-28,25.166667938232422,25.5,25.083332061767578,25.208332061767578,11.837029457092285,118500
1996-03-29,25.25,25.5,24.5,24.833332061767578,11.660951614379883,100950
1996-04-01,24.5,24.833332061767578,24.5,24.666667938232422,11.582688331604004,158700
1996-04-02,24.333332061767578,24.5,24.166667938232422,24.166667938232422,11.347906112670898,135600
1996-04-03,24.166667938232422,24.833332061767578,24.166667938232422,24.333332061767578,11.426161766052246,123300
1996-04-04,24.666667938232422,24.833332061767578,24.333332061767578,24.5,11.504424095153809,243450
1996-04-08,24.0,24.333332061767578,23.666667938232422,23.666667938232422,11.113116264343262,46200
1996-04-09,24.166667938232422,24.166667938232422,23.333332061767578,23.666667938232422,11.113116264343262,428550
1996-04-10,23.833332061767578,23.833332061767578,23.166667938232422,23.416667938232422,10.9957275390625,156300
1996-04-11,23.166667938232422,23.333332061767578,22.666667938232422,23.166667938232422,10.878334045410156,93000
1996-04-12,23.166667938232422,23.166667938232422,22.333332061767578,22.5,10.56528091430664,141900
1996-04-15,22.416667938232422,22.666667938232422,22.333332061767578,22.583332061767578,10.60441780090332,79950
1996-04-16,22.833332061767578,23.0,22.333332061767578,22.583332061767578,10.60441780090332,19650
1996-04-17,22.59375,23.0,22.5,23.0,10.800065994262695,320400
1996-04-18,22.833332061767578,23.0,22.75,22.833332061767578,10.721803665161133,496050
1996-04-19,22.833332061767578,23.0,22.666667938232422,22.75,10.68267822265625,63600
1996-04-22,22.833332061767578,22.833332061767578,22.333332061767578,22.5,10.56528091430664,107400
1996-04-23,22.666667938232422,22.666667938232422,22.0,22.25,10.447893142700195,79050
1996-04-24,22.666667938232422,23.0,22.333332061767578,22.333332061767578,10.48702335357666,54750
1996-04-25,22.333332061767578,22.833332061767578,22.333332061767578,22.416667938232422,10.526153564453125,50700
1996-04-26,22.5,22.666667938232422,22.333332061767578,22.583332061767578,10.60441780090332,629100
1996-04-29,22.666667938232422,22.666667938232422,22.333332061767578,22.5,10.56528091430664,78750
1996-04-30,22.666667938232422,23.0,22.333332061767578,22.5,10.56528091430664,22950
1996-05-01,22.5,23.0,22.5,22.833332061767578,10.721803665161133,195900
1996-05-02,22.5,23.0,22.5,22.5,10.56528091430664,54450
1996-05-03,23.0,23.166667938232422,22.5,23.0,10.800065994262695,115950
1996-05-06,22.666667938232422,23.5,22.666667938232422,23.333332061767578,10.95659065246582,90000
1996-05-07,23.166667938232422,23.416667938232422,23.0,23.0,10.800065994262695,151950
1996-05-08,23.0,23.166667938232422,22.833332061767578,22.833332061767578,10.721803665161133,24300
1996-05-09,22.666667938232422,23.166667938232422,22.666667938232422,23.166667938232422,10.878334045410156,26400
1996-05-10,23.0,23.0,22.666667938232422,22.979167938232422,10.79028606414795,6600
1996-05-13,22.666667938232422,23.0,22.666667938232422,22.75,10.68267822265625,16650
1996-05-14,23.0,23.833332061767578,22.666667938232422,23.833332061767578,11.191375732421875,261750
1996-05-15,23.833332061767578,24.0,23.333332061767578,23.5,11.034856796264648,85800
1996-05-16,24.0,24.0,23.0,23.5,11.034856796264648,207150
1996-05-17,23.666667938232422,24.166667938232422,23.5,24.166667938232422,11.347906112670898,73050
1996-05-20,24.166667938232422,24.833332061767578,24.166667938232422,24.5,11.504424095153809,112950
1996-05-21,24.5,24.833332061767578,24.5,24.583332061767578,11.543553352355957,239400
1996-05-22,24.833332061767578,24.833332061767578,24.5,24.5,11.504424095153809,151500
1996-05-23,24.833332061767578,24.833332061767578,24.5,24.5,11.504424095153809,152550
1996-05-24,24.5,25.333332061767578,24.5,25.166667938232422,11.81746768951416,73500
1996-05-28,25.333332061767578,25.333332061767578,24.666667938232422,24.833332061767578,11.660951614379883,49800
1996-05-29,24.75,25.0,24.166667938232422,24.333332061767578,11.426161766052246,103950
1996-05-30,24.166667938232422,24.75,24.166667938232422,24.666667938232422,11.582688331604004,49800
1996-05-31,24.5,24.833332061767578,24.166667938232422,24.166667938232422,11.347906112670898,31650
1996-06-03,24.166667938232422,24.5,24.166667938232422,24.333332061767578,11.426161766052246,9000
1996-06-04,24.5,24.666667938232422,24.333332061767578,24.666667938232422,11.582688331604004,9750
1996-06-05,24.666667938232422,25.0,24.666667938232422,24.666667938232422,11.582688331604004,24450
1996-06-06,24.666667938232422,25.25,24.666667938232422,25.0,11.793392181396484,83400
1996-06-07,24.5,25.416667938232422,24.5,25.333332061767578,11.95063591003418,130950
1996-06-10,25.5,25.5,25.0,25.25,11.911322593688965,62250
1996-06-11,25.0,25.333332061767578,25.0,25.333332061767578,11.95063591003418,30150
1996-06-12,25.333332061767578,25.5,25.0,25.5,12.029254913330078,13950
1996-06-13,25.5,25.5,25.166667938232422,25.333332061767578,11.95063591003418,9750
1996-06-14,25.166667938232422,25.666667938232422,25.166667938232422,25.416667938232422,11.989948272705078,52200
1996-06-17,25.5,25.5,25.166667938232422,25.416667938232422,11.989948272705078,61500
1996-06-18,25.333332061767578,25.666667938232422,25.166667938232422,25.166667938232422,11.87201976776123,100050
1996-06-19,25.666667938232422,25.666667938232422,25.166667938232422,25.166667938232422,11.87201976776123,21450
1996-06-20,25.166667938232422,25.666667938232422,24.666667938232422,24.666667938232422,11.636147499084473,23550
1996-06-21,24.666667938232422,25.333332061767578,24.666667938232422,24.833332061767578,11.714763641357422,69300
1996-06-24,24.916667938232422,25.166667938232422,24.666667938232422,24.666667938232422,11.636147499084473,40650
1996-06-25,25.166667938232422,25.166667938232422,24.5,24.5,11.557523727416992,68400
1996-06-26,24.583332061767578,24.666667938232422,23.916667938232422,24.333332061767578,11.478902816772461,164700
1996-06-27,24.333332061767578,24.666667938232422,24.333332061767578,24.666667938232422,11.636147499084473,135600
1996-06-28,24.583332061767578,25.166667938232422,24.333332061767578,24.916667938232422,11.754080772399902,331350
1996-07-01,25.0,25.666667938232422,24.833332061767578,25.583332061767578,12.068570137023926,278250
1996-07-02,25.833332061767578,25.833332061767578,25.0,25.333332061767578,11.95063591003418,69450
1996-07-03,25.333332061767578,25.833332061767578,25.333332061767578,25.666667938232422,12.107881546020508,98550
1996-07-05,25.166667938232422,25.833332061767578,25.166667938232422,25.333332061767578,11.95063591003418,128850
1996-07-08,25.333332061767578,25.833332061767578,25.0,25.5,12.029254913330078,299550
1996-07-09,25.333332061767578,25.666667938232422,25.25,25.5,12.029254913330078,37350
1996-07-10,25.166667938232422,25.5,25.0,25.0,11.793392181396484,44850
1996-07-11,24.833332061767578,25.166667938232422,24.5,24.833332061767578,11.714763641357422,72450
1996-07-12,24.666667938232422,25.166667938232422,24.5,25.0,11.793392181396484,81000
1996-07-15,25.166667938232422,25.333332061767578,24.5,24.5,11.557523727416992,84900
1996-07-16,24.5,24.833332061767578,23.666667938232422,24.166667938232422,11.400282859802246,114450
1996-07-17,24.333332061767578,24.333332061767578,24.0,24.166667938232422,11.400282859802246,134250
1996-07-18,24.166667938232422,24.833332061767578,24.166667938232422,24.833332061767578,11.714763641357422,222150
1996-07-19,24.5,24.666667938232422,24.333332061767578,24.333332061767578,11.478902816772461,104250
1996-07-22,24.333332061767578,24.5,24.125,24.333332061767578,11.478902816772461,49050
1996-07-23,24.166667938232422,24.333332061767578,24.0,24.333332061767578,11.478902816772461,7500
1996-07-24,23.666667938232422,24.166667938232422,23.5,24.083332061767578,11.360966682434082,52350
1996-07-25,23.833332061767578,25.083332061767578,23.833332061767578,24.666667938232422,11.636147499084473,154500
1996-07-26,24.5,24.666667938232422,24.0,24.25,11.439598083496094,249600
1996-07-29,24.5,24.5,23.833332061767578,23.833332061767578,11.243033409118652,28350
1996-07-30,23.833332061767578,24.333332061767578,23.833332061767578,24.0,11.321660995483398,741750
1996-07-31,24.333332061767578,24.333332061767578,23.833332061767578,23.833332061767578,11.243033409118652,12600
1996-08-01,23.833332061767578,24.083332061767578,23.833332061767578,24.083332061767578,11.360966682434082,6150
1996-08-02,23.833332061767578,24.333332061767578,23.833332061767578,24.333332061767578,11.478902816772461,285900
1996-08-05,23.833332061767578,24.333332061767578,23.833332061767578,24.083332061767578,11.360966682434082,118350
1996-08-06,24.333332061767578,24.333332061767578,23.833332061767578,24.083332061767578,11.360966682434082,382050
1996-08-07,23.833332061767578,24.333332061767578,23.833332061767578,24.333332061767578,11.478902816772461,190350
1996-08-08,24.166667938232422,24.25,24.0,24.166667938232422,11.400282859802246,109350
1996-08-09,24.0,24.333332061767578,24.0,24.0,11.321660995483398,46650
1996-08-12,24.0,24.833332061767578,24.0,24.833332061767578,11.714763641357422,87600
1996-08-13,24.666667938232422,24.916667938232422,24.333332061767578,24.739582061767578,11.670547485351562,75300
1996-08-14,24.666667938232422,25.25,24.5,25.166667938232422,11.87201976776123,94950
1996-08-15,25.083332061767578,25.5,25.0,25.416667938232422,11.989948272705078,39000
1996-08-16,25.416667938232422,25.5,25.166667938232422,25.333332061767578,11.95063591003418,79950
1996-08-19,25.583332061767578,25.583332061767578,25.166667938232422,25.583332061767578,12.068570137023926,33000
1996-08-20,25.583332061767578,25.583332061767578,25.166667938232422,25.166667938232422,11.87201976776123,6450
1996-08-21,25.583332061767578,25.583332061767578,25.166667938232422,25.166667938232422,11.87201976776123,25950
1996-08-22,25.583332061767578,25.583332061767578,25.166667938232422,25.333332061767578,11.95063591003418,20400
1996-08-23,25.166667938232422,25.333332061767578,25.166667938232422,25.25,11.911322593688965,65850
1996-08-26,25.333332061767578,25.5,25.0,25.333332061767578,11.95063591003418,18750
1996-08-27,25.166667938232422,25.5,25.166667938232422,25.166667938232422,11.87201976776123,5850
1996-08-28,24.5,24.666667938232422,23.833332061767578,24.666667938232422,11.636147499084473,286950
1996-08-29,24.666667938232422,24.666667938232422,24.166667938232422,24.333332061767578,11.478902816772461,34350
1996-08-30,24.166667938232422,24.5,24.166667938232422,24.25,11.439598083496094,19200
1996-09-03,23.833332061767578,24.333332061767578,23.833332061767578,23.833332061767578,11.243033409118652,67650
1996-09-04,23.833332061767578,24.5,23.833332061767578,24.5,11.557523727416992,53550
1996-09-05,24.166667938232422,24.5,23.833332061767578,24.333332061767578,11.478902816772461,48150
1996-09-06,24.0,24.666667938232422,24.0,24.166667938232422,11.453624725341797,75000
1996-09-09,24.666667938232422,24.666667938232422,24.166667938232422,24.5,11.611607551574707,90600
1996-09-10,24.416667938232422,24.666667938232422,24.166667938232422,24.416667938232422,11.57210922241211,114900
1996-09-11,24.166667938232422,24.666667938232422,24.166667938232422,24.333332061767578,11.532615661621094,16650
1996-09-12,24.666667938232422,24.666667938232422,24.333332061767578,24.5,11.611607551574707,116250
1996-09-13,24.666667938232422,25.166667938232422,24.5,25.0,11.848576545715332,117600
1996-09-16,24.666667938232422,25.333332061767578,24.666667938232422,25.166667938232422,11.927570343017578,100500
1996-09-17,25.0,25.5,25.0,25.5,12.085546493530273,126750
1996-09-18,25.0,25.5,25.0,25.333332061767578,12.00655460357666,49800
1996-09-19,25.0,25.5,25.0,25.5,12.085546493530273,33750
1996-09-20,25.5,25.5,25.0,25.333332061767578,12.00655460357666,178800
1996-09-23,25.0,25.5,25.0,25.333332061767578,12.00655460357666,115950
1996-09-24,25.0,25.5,25.0,25.0,11.848576545715332,54450
1996-09-25,25.0,25.5,25.0,25.0,11.848576545715332,9000
1996-09-26,25.0,25.5,25.0,25.333332061767578,12.00655460357666,94050
1996-09-27,25.25,25.5,25.0,25.333332061767578,12.00655460357666,33150
1996-09-30,25.0,25.5,25.0,25.5,12.085546493530273,26700
1996-10-01,25.0,25.5,25.0,25.5,12.085546493530273,48450
1996-10-02,25.0,25.5,25.0,25.166667938232422,11.927570343017578,16050
1996-10-03,25.5,25.5,24.833332061767578,25.083332061767578,11.888069152832031,43800
1996-10-04,25.0,25.333332061767578,24.833332061767578,25.333332061767578,12.00655460357666,123900
1996-10-07,25.0,25.5,24.5,24.5,11.611607551574707,52200
1996-10-08,24.833332061767578,25.5,24.583332061767578,25.333332061767578,12.00655460357666,85200
1996-10-09,25.333332061767578,25.333332061767578,25.0,25.333332061767578,12.00655460357666,45300
1996-10-10,25.0,25.333332061767578,24.833332061767578,25.333332061767578,12.00655460357666,4500
1996-10-11,25.083332061767578,26.0,24.833332061767578,25.333332061767578,12.00655460357666,211500
1996-10-14,25.5,25.666667938232422,25.166667938232422,25.166667938232422,11.927570343017578,59700
1996-10-15,25.166667938232422,26.0,25.166667938232422,25.666667938232422,12.16454029083252,88200
1996-10-16,25.5,25.5,25.0,25.0,11.848576545715332,130800
1996-10-17,25.0,25.5,25.0,25.5,12.085546493530273,13050
1996-10-18,25.5,25.666667938232422,24.833332061767578,25.666667938232422,12.16454029083252,60150
1996-10-21,25.166667938232422,25.666667938232422,25.166667938232422,25.666667938232422,12.16454029083252,10050
1996-10-22,25.666667938232422,25.666667938232422,25.166667938232422,25.333332061767578,12.00655460357666,234450
1996-10-23,25.333332061767578,25.666667938232422,25.166667938232422,25.666667938232422,12.16454029083252,99900
1996-10-24,25.333332061767578,25.666667938232422,25.166667938232422,25.5,12.085546493530273,46350
1996-10-25,25.166667938232422,25.666667938232422,25.166667938232422,25.333332061767578,12.00655460357666,15600
1996-10-28,25.166667938232422,25.833332061767578,25.166667938232422,25.666667938232422,12.16454029083252,33900
1996-10-29,25.5,26.0,25.5,25.5,12.085546493530273,95250
1996-10-30,25.5,26.0,25.5,25.583332061767578,12.125040054321289,36450
1996-10-31,26.166667938232422,26.333332061767578,25.0,25.0,11.848576545715332,201150
1996-11-01,25.0,25.333332061767578,24.083332061767578,24.666667938232422,11.690596580505371,574950
1996-11-04,24.666667938232422,25.0,24.416667938232422,24.75,11.730093002319336,258600
1996-11-05,24.833332061767578,25.0,24.5,24.916667938232422,11.809080123901367,321150
1996-11-06,24.666667938232422,25.333332061767578,24.666667938232422,25.333332061767578,12.00655460357666,260100
1996-11-07,25.333332061767578,26.0,25.0,25.833332061767578,12.243528366088867,149700
1996-11-08,25.75,26.0,25.75,26.0,12.322519302368164,11700
1996-11-11,26.0,27.0,26.0,27.0,12.79646110534668,211200
1996-11-12,27.166667938232422,28.166667938232422,26.666667938232422,27.916667938232422,13.230907440185547,277200
1996-11-13,28.0,28.5,27.666667938232422,28.5,13.507379531860352,261450
1996-11-14,28.5,28.833332061767578,28.166667938232422,28.666667938232422,13.586365699768066,321450
1996-11-15,28.666667938232422,29.5,28.333332061767578,29.166667938232422,13.82333755493164,438900
1996-11-18,29.166667938232422,29.166667938232422,28.333332061767578,28.333332061767578,13.428383827209473,171150
1996-11-19,28.666667938232422,29.166667938232422,28.333332061767578,29.0,13.744349479675293,390600
1996-11-20,29.166667938232422,30.0,28.833332061767578,29.916667938232422,14.178792953491211,256500
1996-11-21,29.5,30.333332061767578,29.333332061767578,30.166667938232422,14.297279357910156,290400
1996-11-22,29.958332061767578,30.5,29.833332061767578,30.041667938232422,14.238033294677734,173850
1996-11-25,29.833332061767578,30.0,28.833332061767578,29.083332061767578,13.783844947814941,140550
1996-11-26,28.875,29.166667938232422,28.833332061767578,29.083332061767578,13.783844947814941,37950
1996-11-27,28.833332061767578,29.333332061767578,28.833332061767578,29.208332061767578,13.843090057373047,75600
1996-11-29,29.333332061767578,29.333332061767578,29.0,29.0,13.744349479675293,15900
1996-12-02,28.833332061767578,29.0,28.666667938232422,28.666667938232422,13.586365699768066,37200
1996-12-03,28.666667938232422,29.5,28.5,28.833332061767578,13.665359497070312,188100
1996-12-04,29.333332061767578,29.333332061767578,28.333332061767578,28.666667938232422,13.586365699768066,119100
1996-12-05,28.666667938232422,28.666667938232422,27.833332061767578,27.833332061767578,13.191421508789062,100050
1996-12-06,27.0,28.166667938232422,26.833332061767578,28.166667938232422,13.407198905944824,80100
1996-12-09,28.166667938232422,28.666667938232422,27.666667938232422,28.0,13.327872276306152,115650
1996-12-10,28.0,28.333332061767578,27.833332061767578,28.0,13.327872276306152,224400
1996-12-11,27.666667938232422,28.166667938232422,27.666667938232422,27.666667938232422,13.16920280456543,229350
1996-12-12,28.166667938232422,28.166667938232422,27.666667938232422,27.75,13.208871841430664,29100
1996-12-13,27.5,28.166667938232422,27.5,28.083332061767578,13.367537498474121,20250
1996-12-16,27.666667938232422,28.166667938232422,27.666667938232422,28.166667938232422,13.407198905944824,11700
1996-12-17,27.5,28.166667938232422,27.5,28.166667938232422,13.407198905944824,87750
1996-12-18,28.166667938232422,28.166667938232422,27.666667938232422,28.083332061767578,13.367537498474121,30600
1996-12-19,28.166667938232422,28.166667938232422,27.666667938232422,28.166667938232422,13.407198905944824,71700
1996-12-20,27.666667938232422,28.5,27.666667938232422,28.416667938232422,13.526198387145996,747000
1996-12-23,28.5,29.0,28.333332061767578,28.916667938232422,13.764201164245605,83250
1996-12-24,28.666667938232422,29.0,28.333332061767578,29.0,13.803863525390625,42150
1996-12-26,29.0,29.166667938232422,28.5,28.833332061767578,13.724533081054688,30450
1996-12-27,29.166667938232422,29.166667938232422,28.833332061767578,29.166667938232422,13.883194923400879,8400
1996-12-30,29.083332061767578,29.833332061767578,28.666667938232422,29.625,14.101357460021973,416400
1996-12-31,29.833332061767578,30.666667938232422,29.333332061767578,30.666667938232422,14.597186088562012,230100
1997-01-02,30.333332061767578,30.666667938232422,29.833332061767578,30.166667938232422,14.359189987182617,114000
1997-01-03,29.833332061767578,30.166667938232422,29.666667938232422,29.833332061767578,14.200531005859375,103350
1997-01-06,29.666667938232422,30.333332061767578,29.666667938232422,30.0,14.27985668182373,104400
1997-01-07,29.833332061767578,30.166667938232422,29.833332061767578,30.166667938232422,14.359189987182617,106500
1997-01-08,30.166667938232422,30.166667938232422,29.541667938232422,29.958332061767578,14.260031700134277,211950
1997-01-09,29.708332061767578,30.166667938232422,29.666667938232422,29.666667938232422,14.121197700500488,141600
1997-01-10,30.0,30.0,29.5,29.5,14.041860580444336,40050
1997-01-13,29.5,29.833332061767578,29.333332061767578,29.333332061767578,13.962525367736816,30600
1997-01-14,29.333332061767578,29.833332061767578,29.333332061767578,29.833332061767578,14.200531005859375,40950
1997-01-15,29.833332061767578,29.833332061767578,29.333332061767578,29.416667938232422,14.002197265625,209850
1997-01-16,29.333332061767578,29.833332061767578,29.166667938232422,29.416667938232422,14.002197265625,34500
1997-01-17,29.166667938232422,29.666667938232422,29.0,29.166667938232422,13.883194923400879,11400
1997-01-20,29.0,29.5,29.0,29.5,14.041860580444336,85800
1997-01-21,29.208332061767578,29.5,29.166667938232422,29.5,14.041860580444336,18000
1997-01-22,29.5,29.833332061767578,29.166667938232422,29.5,14.041860580444336,71250
1997-01-23,29.5,30.0,29.5,29.75,14.160858154296875,87900
1997-01-24,29.666667938232422,29.666667938232422,29.333332061767578,29.666667938232422,14.121197700500488,189900
1997-01-27,29.333332061767578,29.666667938232422,29.0,29.0,13.803863525390625,142800
1997-01-28,29.0,29.333332061767578,29.0,29.333332061767578,13.962525367736816,125700
1997-01-29,29.0,29.333332061767578,28.833332061767578,28.833332061767578,13.724533081054688,205500
1997-01-30,29.083332061767578,29.5,29.0,29.166667938232422,13.883194923400879,72150
1997-01-31,29.166667938232422,29.666667938232422,29.166667938232422,29.333332061767578,13.962525367736816,43950
1997-02-03,29.333332061767578,29.666667938232422,29.333332061767578,29.333332061767578,13.962525367736816,78600
1997-02-04,29.333332061767578,30.0,29.333332061767578,30.0,14.27985668182373,69300
1997-02-05,30.166667938232422,30.166667938232422,29.666667938232422,29.75,14.160858154296875,59100
1997-02-06,29.666667938232422,29.833332061767578,29.666667938232422,29.833332061767578,14.200531005859375,83700
1997-02-07,29.666667938232422,30.166667938232422,29.666667938232422,29.833332061767578,14.200531005859375,24000
1997-02-10,30.166667938232422,30.5,29.833332061767578,30.166667938232422,14.359189987182617,44700
1997-02-11,30.0,30.333332061767578,29.666667938232422,30.0,14.27985668182373,88200
1997-02-12,30.333332061767578,30.583332061767578,30.25,30.291667938232422,14.418696403503418,50250
1997-02-13,30.5,30.833332061767578,30.5,30.583332061767578,14.557522773742676,28950
1997-02-14,30.583332061767578,30.833332061767578,30.5,30.729167938232422,14.626936912536621,21900
1997-02-18,30.5,31.5,30.5,31.5,14.993850708007812,100350
1997-02-19,31.5,32.25,31.166667938232422,31.75,15.112847328186035,123300
1997-02-20,31.583332061767578,32.0,31.5,31.666667938232422,15.073186874389648,49350
1997-02-21,31.75,31.75,31.083332061767578,31.333332061767578,14.914512634277344,48150
1997-02-24,31.25,31.333332061767578,31.0,31.333332061767578,14.914512634277344,106500
1997-02-25,31.333332061767578,31.666667938232422,31.0,31.333332061767578,14.914512634277344,153300
1997-02-26,31.333332061767578,31.5,31.0,31.333332061767578,14.914512634277344,41100
1997-02-27,31.166667938232422,31.333332061767578,30.666667938232422,30.75,14.636857032775879,33000
1997-02-28,30.833332061767578,31.0,30.5,30.5,14.517857551574707,56250
1997-03-03,30.5,30.833332061767578,30.5,30.5,14.517857551574707,14700
1997-03-04,30.5,30.833332061767578,30.333332061767578,30.458332061767578,14.498024940490723,67800
1997-03-05,30.583332061767578,30.583332061767578,30.333332061767578,30.5,14.517857551574707,172650
1997-03-06,30.333332061767578,30.5,30.333332061767578,30.416667938232422,14.535380363464355,11400
1997-03-07,30.416667938232422,30.833332061767578,30.166667938232422,30.25,14.455728530883789,87600
1997-03-10,30.166667938232422,30.333332061767578,30.0,30.0,14.336256980895996,24600
1997-03-11,30.333332061767578,30.833332061767578,30.0,30.333332061767578,14.495553970336914,214350
1997-03-12,30.666667938232422,30.666667938232422,30.166667938232422,30.166667938232422,14.41590404510498,23100
1997-03-13,30.166667938232422,30.333332061767578,30.0,30.083332061767578,14.376084327697754,16650
1997-03-14,30.0,30.333332061767578,30.0,30.25,14.455728530883789,51450
1997-03-17,30.0,30.833332061767578,30.0,30.833332061767578,14.734495162963867,83100
1997-03-18,30.666667938232422,31.0,30.666667938232422,30.916667938232422,14.774317741394043,99900
1997-03-19,30.833332061767578,31.0,30.666667938232422,31.0,14.81413745880127,9300
1997-03-20,31.0,31.333332061767578,30.833332061767578,31.125,14.873868942260742,241050
1997-03-21,31.166667938232422,31.166667938232422,30.833332061767578,31.166667938232422,14.89378833770752,36000
1997-03-24,31.166667938232422,31.166667938232422,30.833332061767578,31.166667938232422,14.89378833770752,36450
1997-03-25,31.166667938232422,31.333332061767578,30.666667938232422,30.833332061767578,14.734495162963867,40950
1997-03-26,31.0,31.0,30.5,30.833332061767578,14.734495162963867,26700
1997-03-27,30.833332061767578,30.833332061767578,30.5,30.5,14.57519817352295,34800
1997-03-31,30.333332061767578,30.666667938232422,30.333332061767578,30.666667938232422,14.65484619140625,39600
1997-04-01,30.333332061767578,30.666667938232422,30.333332061767578,30.5,14.57519817352295,108150
1997-04-02,30.333332061767578,30.666667938232422,30.333332061767578,30.666667938232422,14.65484619140625,17850
1997-04-03,30.5,30.666667938232422,30.333332061767578,30.583332061767578,14.615023612976074,34650
1997-04-04,30.5,30.666667938232422,30.333332061767578,30.666667938232422,14.65484619140625,39900
1997-04-07,30.333332061767578,30.833332061767578,30.333332061767578,30.5,14.57519817352295,38700
1997-04-08,30.833332061767578,31.0,30.5,31.0,14.81413745880127,31500
1997-04-09,31.0,31.083332061767578,30.833332061767578,31.0,14.81413745880127,21750
1997-04-10,31.166667938232422,31.166667938232422,30.666667938232422,30.833332061767578,14.734495162963867,137100
1997-04-11,30.666667938232422,31.0,30.666667938232422,30.666667938232422,14.65484619140625,118650
1997-04-14,30.666667938232422,30.833332061767578,30.666667938232422,30.833332061767578,14.734495162963867,20400
1997-04-15,30.666667938232422,30.666667938232422,28.666667938232422,28.666667938232422,13.699100494384766,288600
1997-04-16,28.666667938232422,28.666667938232422,27.0,27.0,12.902634620666504,385950
1997-04-17,26.666667938232422,26.666667938232422,26.166667938232422,26.666667938232422,12.743346214294434,981000
1997-04-18,27.0,27.5,26.666667938232422,27.333332061767578,13.061935424804688,571800
1997-04-21,27.166667938232422,27.5,26.75,26.75,12.78316593170166,85050
1997-04-22,26.75,27.083332061767578,26.583332061767578,26.625,12.723431587219238,254550
1997-04-23,26.833332061767578,26.833332061767578,26.333332061767578,26.333332061767578,12.584053993225098,4050
1997-04-24,26.833332061767578,26.833332061767578,26.333332061767578,26.833332061767578,12.822986602783203,18600
1997-04-25,26.833332061767578,27.0,26.666667938232422,26.833332061767578,12.822986602783203,359850
1997-04-28,26.833332061767578,27.166667938232422,26.666667938232422,27.166667938232422,12.98228645324707,93300
1997-04-29,26.666667938232422,27.166667938232422,26.666667938232422,26.833332061767578,12.822986602783203,229050
1997-04-30,27.0,27.5,26.666667938232422,27.416667938232422,13.101749420166016,539400
1997-05-01,27.333332061767578,28.0,27.333332061767578,28.0,13.380509376525879,676650
1997-05-02,28.0,28.666667938232422,28.0,28.25,13.499977111816406,129750
1997-05-05,28.5,28.666667938232422,28.25,28.416667938232422,13.579628944396973,114900
1997-05-06,28.333332061767578,28.833332061767578,28.333332061767578,28.333332061767578,13.53980541229248,48600
1997-05-07,28.583332061767578,29.0,28.333332061767578,28.916667938232422,13.818571090698242,49350
1997-05-08,28.666667938232422,29.166667938232422,28.5,29.0,13.858386993408203,82800
1997-05-09,28.666667938232422,29.0,28.666667938232422,29.0,13.858386993408203,8850
1997-05-12,29.0,29.666667938232422,28.666667938232422,29.583332061767578,14.137145042419434,107100
1997-05-13,29.583332061767578,29.666667938232422,29.166667938232422,29.333332061767578,14.017681121826172,192600
1997-05-14,29.416667938232422,29.75,29.25,29.75,14.216793060302734,72750
1997-05-15,29.75,30.25,29.5,30.166667938232422,14.41590404510498,130500
1997-05-16,30.166667938232422,30.166667938232422,29.833332061767578,29.833332061767578,14.256616592407227,106650
1997-05-19,29.833332061767578,30.166667938232422,29.833332061767578,29.833332061767578,14.256616592407227,6900
1997-05-20,29.833332061767578,30.166667938232422,29.333332061767578,29.5,14.097328186035156,80100
1997-05-21,29.666667938232422,29.666667938232422,28.333332061767578,28.333332061767578,13.53980541229248,135750
1997-05-22,28.333332061767578,30.333332061767578,28.166667938232422,30.083332061767578,14.376084327697754,482100
1997-05-23,30.0,31.0,30.0,30.416667938232422,14.535380363464355,399750
1997-05-27,30.833332061767578,30.833332061767578,30.166667938232422,30.166667938232422,14.41590404510498,56700
1997-05-28,30.416667938232422,30.833332061767578,30.0,30.5,14.57519817352295,151650
1997-05-29,30.5,30.708332061767578,30.25,30.583332061767578,14.615023612976074,161400
1997-05-30,30.0,30.5,30.0,30.0,14.336256980895996,52650
1997-06-02,30.166667938232422,30.333332061767578,30.166667938232422,30.333332061767578,14.495553970336914,135600
1997-06-03,30.166667938232422,30.333332061767578,30.083332061767578,30.25,14.455728530883789,100050
1997-06-04,30.0,30.5,30.0,30.25,14.455728530883789,143250
1997-06-05,30.5,30.75,30.25,30.5,14.57519817352295,44550
1997-06-06,30.0,30.666667938232422,30.0,30.583332061767578,14.675972938537598,98850
1997-06-09,30.833332061767578,32.0,30.75,32.0,15.355781555175781,138450
1997-06-10,31.833332061767578,32.0,31.5,32.0,15.355781555175781,142800
1997-06-11,31.5,32.16666793823242,31.333332061767578,32.0,15.355781555175781,161550
1997-06-12,32.33333206176758,32.5,31.833332061767578,32.5,15.59572696685791,134100
1997-06-13,32.33333206176758,32.5,32.16666793823242,32.5,15.59572696685791,13800
1997-06-16,32.5,32.58333206176758,32.16666793823242,32.25,15.475751876831055,110550
1997-06-17,32.16666793823242,32.5,31.333332061767578,31.5,15.115854263305664,96900
1997-06-18,31.25,31.666667938232422,31.25,31.666667938232422,15.195829391479492,39000
1997-06-19,31.666667938232422,31.833332061767578,31.333332061767578,31.75,15.235816955566406,21900
1997-06-20,31.5,31.833332061767578,31.333332061767578,31.541667938232422,15.135844230651855,40200
1997-06-23,31.333332061767578,31.583332061767578,31.166667938232422,31.583332061767578,15.155841827392578,67650
1997-06-24,31.416667938232422,31.833332061767578,31.416667938232422,31.583332061767578,15.155841827392578,83100
1997-06-25,31.5,32.08333206176758,31.5,32.0,15.355781555175781,213150
1997-06-26,31.833332061767578,32.16666793823242,31.833332061767578,32.0,15.355781555175781,265050
1997-06-27,32.08333206176758,32.16666793823242,31.833332061767578,32.0,15.355781555175781,19950
1997-06-30,31.833332061767578,32.33333206176758,31.833332061767578,32.25,15.475751876831055,31800
1997-07-01,32.25,32.25,32.0,32.16666793823242,15.435771942138672,42750
1997-07-02,32.0,32.91666793823242,32.0,32.5,15.59572696685791,147300
1997-07-03,32.91666793823242,33.33333206176758,32.75,33.16666793823242,15.915637969970703,108600
1997-07-07,33.16666793823242,33.33333206176758,32.66666793823242,32.66666793823242,15.675703048706055,112800
1997-07-08,32.875,33.16666793823242,32.66666793823242,33.16666793823242,15.915637969970703,56400
1997-07-09,33.16666793823242,33.16666793823242,32.83333206176758,33.08333206176758,15.875643730163574,35550
1997-07-10,33.08333206176758,33.33333206176758,32.83333206176758,33.33333206176758,15.99561882019043,62700
1997-07-11,33.41666793823242,33.66666793823242,33.16666793823242,33.58333206176758,16.115581512451172,39000
1997-07-14,33.66666793823242,33.66666793823242,33.33333206176758,33.66666793823242,16.155576705932617,29850
1997-07-15,33.66666793823242,34.58333206176758,33.41666793823242,34.58333206176758,16.59545135498047,75600
1997-07-16,34.66666793823242,35.5,34.66666793823242,35.0,16.795392990112305,148800
1997-07-17,34.66666793823242,35.0,34.66666793823242,34.83333206176758,16.715415954589844,16800
1997-07-18,34.83333206176758,35.08333206176758,34.41666793823242,35.08333206176758,16.835384368896484,86700
1997-07-21,34.83333206176758,35.33333206176758,34.83333206176758,35.33333206176758,16.955354690551758,60750
1997-07-22,35.33333206176758,35.5,35.0,35.33333206176758,16.955354690551758,41250
1997-07-23,35.41666793823242,35.5,35.16666793823242,35.33333206176758,16.955354690551758,12150
1997-07-24,35.16666793823242,35.5,35.16666793823242,35.41666793823242,16.995336532592773,6450
1997-07-25,35.5,35.5,35.16666793823242,35.16666793823242,16.87537384033203,7950
1997-07-28,35.16666793823242,35.25,35.16666793823242,35.25,16.915361404418945,1350
1997-07-29,35.16666793823242,35.5,35.16666793823242,35.25,16.915361404418945,36000
1997-07-30,35.41666793823242,35.66666793823242,34.75,35.08333206176758,16.835384368896484,45150
1997-07-31,34.75,35.08333206176758,34.5,34.5,16.555448532104492,56400
1997-08-01,34.33333206176758,34.66666793823242,33.66666793823242,34.0,16.315528869628906,100500
1997-08-04,33.66666793823242,34.16666793823242,33.66666793823242,33.66666793823242,16.155576705932617,87000
1997-08-05,34.16666793823242,34.16666793823242,32.83333206176758,33.16666793823242,15.915637969970703,79650
1997-08-06,32.83333206176758,33.16666793823242,32.83333206176758,33.04166793823242,15.855650901794434,78150
1997-08-07,33.08333206176758,33.16666793823242,32.83333206176758,32.83333206176758,15.75567626953125,91050
1997-08-08,32.83333206176758,33.16666793823242,32.5,32.75,15.715685844421387,29550
1997-08-11,32.75,33.0,32.5,32.625,15.655705451965332,104250
1997-08-12,32.5,32.75,32.41666793823242,32.75,15.715685844421387,69300
1997-08-13,32.75,32.83333206176758,32.41666793823242,32.66666793823242,15.675703048706055,143250
1997-08-14,32.66666793823242,33.0,32.5,33.0,15.835658073425293,32550
1997-08-15,32.75,33.0,32.58333206176758,32.58333206176758,15.635710716247559,36750
1997-08-18,32.58333206176758,33.16666793823242,32.58333206176758,32.83333206176758,15.75567626953125,66150
1997-08-19,33.0,33.33333206176758,32.83333206176758,33.33333206176758,15.99561882019043,245400
1997-08-20,33.0,33.5,33.0,33.5,16.07559585571289,220050
1997-08-21,33.5,33.5,33.0,33.0,15.835658073425293,19650
1997-08-22,32.66666793823242,33.0,32.5,32.66666793823242,15.675703048706055,54000
1997-08-25,32.83333206176758,33.5,32.5,33.5,16.07559585571289,84900
1997-08-26,33.66666793823242,33.66666793823242,33.125,33.66666793823242,16.155576705932617,45450
1997-08-27,33.66666793823242,34.33333206176758,33.33333206176758,33.83333206176758,16.235546112060547,62250
1997-08-28,33.83333206176758,34.83333206176758,33.83333206176758,34.66666793823242,16.635446548461914,52050
1997-08-29,34.33333206176758,34.83333206176758,34.33333206176758,34.54166793823242,16.57545280456543,174450
1997-09-02,34.75,34.75,34.16666793823242,34.16666793823242,16.395509719848633,121050
1997-09-03,34.16666793823242,34.41666793823242,33.41666793823242,33.5,16.07559585571289,255750
1997-09-04,33.33333206176758,33.5,33.16666793823242,33.33333206176758,15.99561882019043,159150
1997-09-05,33.66666793823242,33.66666793823242,33.33333206176758,33.33333206176758,15.99561882019043,61950
1997-09-08,33.29166793823242,33.33333206176758,33.16666793823242,33.1875,15.986376762390137,107100
1997-09-09,33.25,33.29166793823242,33.16666793823242,33.25,16.0164852142334,15900
1997-09-10,33.33333206176758,33.33333206176758,33.0,33.20833206176758,15.996411323547363,119700
1997-09-11,33.0,33.83333206176758,33.0,33.83333206176758,16.297473907470703,56100
1997-09-12,33.83333206176758,34.0,33.54166793823242,33.58333206176758,16.177051544189453,37200
1997-09-15,33.5,33.91666793823242,33.33333206176758,33.66666793823242,16.217195510864258,108600
1997-09-16,33.5,33.83333206176758,33.5,33.70833206176758,16.237268447875977,36300
1997-09-17,33.91666793823242,34.33333206176758,33.83333206176758,34.08333206176758,16.41790199279785,129150
1997-09-18,34.125,34.5,34.0,34.0,16.377763748168945,273900
1997-09-19,34.0,35.41666793823242,33.91666793823242,35.0,16.859460830688477,209550
1997-09-22,35.33333206176758,35.66666793823242,35.08333206176758,35.33333206176758,17.020023345947266,70950
1997-09-23,35.41666793823242,35.58333206176758,35.16666793823242,35.45833206176758,17.080236434936523,37650
1997-09-24,35.66666793823242,36.16666793823242,35.41666793823242,35.75,17.220731735229492,82350
1997-09-25,35.66666793823242,36.0,35.58333206176758,35.58333206176758,17.14044189453125,56100
1997-09-26,35.33333206176758,35.66666793823242,35.33333206176758,35.5,17.100305557250977,78000
1997-09-29,35.33333206176758,35.75,35.25,35.75,17.220731735229492,16200
1997-09-30,35.75,35.75,35.25,35.41666793823242,17.060169219970703,12600
1997-10-01,35.75,35.83333206176758,35.41666793823242,35.41666793823242,17.060169219970703,64050
1997-10-02,35.83333206176758,35.83333206176758,35.41666793823242,35.83333206176758,17.260868072509766,75900
1997-10-03,36.0,36.0,35.41666793823242,35.41666793823242,17.060169219970703,40800
1997-10-06,35.41666793823242,35.66666793823242,35.33333206176758,35.5,17.100305557250977,41250
1997-10-07,35.41666793823242,35.5,35.08333206176758,35.33333206176758,17.020023345947266,42150
1997-10-08,35.0,35.33333206176758,34.91666793823242,35.33333206176758,17.020023345947266,219450
1997-10-09,34.91666793823242,35.33333206176758,34.91666793823242,35.33333206176758,17.020023345947266,32100
1997-10-10,35.33333206176758,35.33333206176758,34.91666793823242,35.33333206176758,17.020023345947266,37200
1997-10-13,35.08333206176758,35.5,35.0,35.33333206176758,17.020023345947266,40500
1997-10-14,35.16666793823242,35.58333206176758,35.16666793823242,35.20833206176758,16.95981216430664,34650
1997-10-15,35.16666793823242,35.16666793823242,34.91666793823242,34.91666793823242,16.819324493408203,78150
1997-10-16,35.08333206176758,35.08333206176758,33.75,34.0,16.377763748168945,51000
1997-10-17,34.0,34.16666793823242,33.66666793823242,34.16666793823242,16.45804214477539,15750
1997-10-20,33.83333206176758,34.0,33.83333206176758,34.0,16.377763748168945,23250
1997-10-21,34.16666793823242,34.5,34.0,34.25,16.49818229675293,55650
1997-10-22,34.5,34.66666793823242,33.58333206176758,34.0,16.377763748168945,46500
1997-10-23,33.16666793823242,33.58333206176758,32.83333206176758,33.08333206176758,15.936188697814941,56850
1997-10-24,33.08333206176758,33.33333206176758,33.0,33.0,15.896062850952148,24000
1997-10-27,33.16666793823242,33.33333206176758,32.75,33.25,16.0164852142334,125550
1997-10-28,32.66666793823242,33.08333206176758,31.833332061767578,33.08333206176758,15.936188697814941,100350
1997-10-29,33.16666793823242,33.33333206176758,32.66666793823242,33.33333206176758,16.056629180908203,64200
1997-10-30,32.75,33.08333206176758,32.41666793823242,32.41666793823242,15.615073204040527,84300
1997-10-31,32.66666793823242,33.0,32.5,33.0,15.896062850952148,124200
1997-11-03,32.66666793823242,33.5,32.66666793823242,33.41666793823242,16.096765518188477,90750
1997-11-04,33.16666793823242,33.66666793823242,33.16666793823242,33.58333206176758,16.177051544189453,48600
1997-11-05,33.83333206176758,34.25,33.33333206176758,34.25,16.49818229675293,87300
1997-11-06,34.33333206176758,35.33333206176758,34.33333206176758,35.16666793823242,16.939741134643555,177900
1997-11-07,34.66666793823242,35.33333206176758,34.5,34.75,16.73903465270996,107700
1997-11-10,34.66666793823242,35.16666793823242,34.5,34.75,16.73903465270996,68400
1997-11-11,34.58333206176758,35.0,34.0,34.0,16.377763748168945,40650
1997-11-12,33.66666793823242,34.16666793823242,33.66666793823242,33.83333206176758,16.297473907470703,53850
1997-11-13,34.0,34.08333206176758,33.91666793823242,34.0,16.377763748168945,52050
1997-11-14,34.0,34.66666793823242,33.66666793823242,34.33333206176758,16.5383243560791,62850
1997-11-17,34.5,35.66666793823242,34.5,35.58333206176758,17.14044189453125,99000
1997-11-18,35.58333206176758,36.25,35.33333206176758,35.5,17.100305557250977,198300
1997-11-19,35.33333206176758,35.66666793823242,35.16666793823242,35.20833206176758,16.95981216430664,31650
1997-11-20,35.33333206176758,35.33333206176758,34.33333206176758,34.33333206176758,16.5383243560791,130950
1997-11-21,34.66666793823242,34.66666793823242,34.33333206176758,34.33333206176758,16.5383243560791,30750
1997-11-24,34.0,34.5,34.0,34.33333206176758,16.5383243560791,127050
1997-11-25,34.33333206176758,34.41666793823242,33.5,33.83333206176758,16.297473907470703,60000
1997-11-26,33.83333206176758,33.83333206176758,33.33333206176758,33.41666793823242,16.096765518188477,322500
1997-11-28,33.5,33.66666793823242,33.33333206176758,33.33333206176758,16.056629180908203,98850
1997-12-01,33.54166793823242,33.66666793823242,33.33333206176758,33.33333206176758,16.056629180908203,711600
1997-12-02,33.33333206176758,34.25,33.33333206176758,34.16666793823242,16.45804214477539,1158750
1997-12-03,33.83333206176758,35.33333206176758,33.83333206176758,34.66666793823242,16.698890686035156,105150
1997-12-04,34.66666793823242,35.5,34.66666793823242,35.5,17.100305557250977,113700
1997-12-05,35.29166793823242,36.5,35.08333206176758,36.33333206176758,17.501724243164062,183600
1997-12-08,36.66666793823242,37.0,36.33333206176758,36.66666793823242,17.72735023498535,227400
1997-12-09,36.66666793823242,37.66666793823242,36.66666793823242,37.04166793823242,17.90864372253418,111600
1997-12-10,37.41666793823242,37.41666793823242,37.0,37.33333206176758,18.049667358398438,143850
1997-12-11,36.66666793823242,37.16666793823242,36.33333206176758,37.16666793823242,17.969083786010742,61050
1997-12-12,36.83333206176758,37.83333206176758,36.83333206176758,37.75,18.25110626220703,104100
1997-12-15,37.75,38.33333206176758,37.58333206176758,37.83333206176758,18.291399002075195,160500
1997-12-16,38.33333206176758,38.33333206176758,37.66666793823242,37.66666793823242,18.2108154296875,135900
1997-12-17,37.66666793823242,38.16666793823242,37.66666793823242,38.0,18.371976852416992,73500
1997-12-18,37.75,38.5,37.0,38.25,18.492849349975586,222450
1997-12-19,37.75,38.08333206176758,37.16666793823242,37.83333206176758,18.291399002075195,143700
1997-12-22,37.66666793823242,38.0,37.33333206176758,37.33333206176758,18.049667358398438,110400
1997-12-23,37.25,37.66666793823242,37.16666793823242,37.41666793823242,18.08994483947754,434700
1997-12-24,37.5,38.0,37.16666793823242,37.83333206176758,18.291399002075195,151050
1997-12-26,37.66666793823242,37.91666793823242,37.5,37.66666793823242,18.2108154296875,164100
1997-12-29,37.5,38.0,37.5,37.66666793823242,18.2108154296875,191850
1997-12-30,37.75,38.0,37.5,38.0,18.371976852416992,12900
1997-12-31,38.0,38.5,37.58333206176758,37.58333206176758,18.17052459716797,121800
1998-01-02,38.16666793823242,38.5,37.5,38.5,18.61371421813965,103950
1998-01-05,38.08333206176758,38.66666793823242,37.83333206176758,38.58333206176758,18.65399932861328,242550
1998-01-06,38.58333206176758,38.75,37.66666793823242,37.75,18.25110626220703,103350
1998-01-07,38.16666793823242,38.41666793823242,37.66666793823242,38.16666793823242,18.452552795410156,70050
1998-01-08,38.16666793823242,38.41666793823242,37.83333206176758,38.25,18.492849349975586,70650
1998-01-09,38.41666793823242,38.41666793823242,38.08333206176758,38.41666793823242,18.573429107666016,142050
1998-01-12,38.0,38.83333206176758,37.33333206176758,38.16666793823242,18.452552795410156,242850
1998-01-13,38.58333206176758,38.58333206176758,38.0,38.29166793823242,18.512989044189453,114150
1998-01-14,38.0,39.33333206176758,38.0,39.33333206176758,19.01660919189453,180900
1998-01-15,38.83333206176758,39.08333206176758,38.0,39.08333206176758,18.89574432373047,81600
1998-01-16,39.16666793823242,40.0,38.66666793823242,40.0,19.338916778564453,141150
1998-01-20,39.91666793823242,39.91666793823242,39.33333206176758,39.54166793823242,19.117334365844727,67500
1998-01-21,39.5,39.75,39.33333206176758,39.45833206176758,19.077045440673828,88950
1998-01-22,39.33333206176758,39.66666793823242,38.91666793823242,39.5,19.097190856933594,87750
1998-01-23,39.66666793823242,39.66666793823242,39.04166793823242,39.41666793823242,19.056894302368164,46050
1998-01-26,39.66666793823242,39.66666793823242,38.5,38.91666793823242,18.81515121459961,134850
1998-01-27,39.25,39.66666793823242,38.66666793823242,39.25,18.976316452026367,51150
1998-01-28,39.75,40.125,38.875,39.3125,19.006528854370117,101200
1998-01-29,39.625,39.75,39.125,39.1875,18.94610023498535,122300
1998-01-30,39.625,39.625,39.0,39.0,18.855445861816406,102400
1998-02-02,39.375,40.0625,39.25,40.0,19.338916778564453,328200
1998-02-03,39.5625,41.0,39.5625,40.6875,19.671308517456055,373500
1998-02-04,41.0,41.875,40.625,41.625,20.124563217163086,236600
1998-02-05,42.0,42.0,41.25,42.0,20.305864334106445,174000
1998-02-06,42.0,42.0,41.25,41.4375,20.03390884399414,21100
1998-02-09,42.0,42.75,40.5,40.5,19.580659866333008,204300
1998-02-10,40.8125,42.5,40.5,42.3125,20.456960678100586,71800
1998-02-11,42.5,42.75,41.875,42.3125,20.456960678100586,104700
1998-02-12,42.25,43.375,42.25,43.3125,20.94042205810547,44400
1998-02-13,42.625,43.375,41.375,42.375,20.48716926574707,113500
1998-02-17,41.75,43.25,41.75,41.875,20.245426177978516,130100
1998-02-18,42.25,42.5,41.875,42.125,20.366304397583008,34700
1998-02-19,42.0,42.5,41.75,41.75,20.184999465942383,24900
1998-02-20,42.5,42.5,41.0,41.25,19.943260192871094,46300
1998-02-23,41.75,42.0,41.375,42.0,20.305864334106445,96600
1998-02-24,42.0,42.25,41.8125,42.125,20.366304397583008,34900
1998-02-25,42.0,42.625,42.0,42.5625,20.577817916870117,55000
1998-02-26,42.25,43.6875,42.25,43.5,21.03107452392578,199100
1998-02-27,43.25,44.125,43.25,44.0,21.2728214263916,87300
1998-03-02,43.75,44.125,43.0,43.1875,20.87998390197754,71000
1998-03-03,42.8125,43.25,42.0,42.28125,20.441848754882812,95100
1998-03-04,41.9375,42.5,41.75,42.15625,20.381406784057617,173200
1998-03-05,41.5,42.1875,41.25,42.0,20.305864334106445,13000
1998-03-06,42.0,42.1875,41.375,42.0,20.373783111572266,35300
1998-03-09,42.125,42.125,41.25,41.5,20.131237030029297,46800
1998-03-10,41.25,42.875,41.25,42.25,20.495067596435547,104700
1998-03-11,43.0,44.125,42.625,44.0,21.343965530395508,104700
1998-03-12,44.0,44.75,43.25,44.0625,21.37427520751953,93400
1998-03-13,44.25,44.25,43.5,44.125,21.404605865478516,43000
1998-03-16,44.25,44.5,43.5,44.0,21.343965530395508,39400
1998-03-17,43.625,44.25,43.625,43.625,21.162059783935547,56300
1998-03-18,44.125,44.125,43.625,43.9375,21.31363868713379,16500
1998-03-19,43.75,44.5,43.5,43.875,21.28333282470703,38000
1998-03-20,43.3125,44.0,43.0,44.0,21.343965530395508,46000
1998-03-23,44.25,44.25,43.375,44.0,21.343965530395508,16200
1998-03-24,43.625,44.375,43.25,43.875,21.28333282470703,67000
1998-03-25,44.25,44.5,43.75,44.25,21.46522331237793,102200
1998-03-26,44.25,44.25,43.0625,44.0,21.343965530395508,60600
1998-03-27,43.5,43.5,41.5,42.0,20.373783111572266,114100
1998-03-30,42.375,42.375,41.125,41.5,20.131237030029297,199000
1998-03-31,41.5,42.75,41.5,42.4375,20.586009979248047,80200
1998-04-01,42.8125,43.9375,42.46875,43.75,21.22268295288086,77900
1998-04-02,43.5,45.0,43.5,44.3125,21.49555015563965,133900
1998-04-03,43.875,44.6875,43.875,44.5,21.58650779724121,135600
1998-04-06,44.5,45.0,44.0,44.4375,21.556188583374023,113500
1998-04-07,44.5,45.25,44.5,45.0,21.829051971435547,107500
1998-04-08,44.6875,45.375,44.5,44.5,21.58650779724121,79800
1998-04-09,44.5,45.0,43.75,44.0,21.343965530395508,61600
1998-04-13,44.5,44.5,43.25,43.25,20.980140686035156,143600
1998-04-14,43.75,44.0,42.75,43.5,21.101409912109375,75700
1998-04-15,43.0,43.5,42.25,42.5625,20.646636962890625,40400
1998-04-16,42.0,42.1875,41.0,41.125,19.949331283569336,103700
1998-04-17,41.25,42.0,40.5,40.875,19.828052520751953,628800
1998-04-20,41.0,41.0,40.125,40.5,19.646150588989258,243200
1998-04-21,40.0,40.5625,40.0,40.4375,19.615819931030273,108600
1998-04-22,41.0,41.375,40.5,40.6875,19.737092971801758,108500
1998-04-23,40.625,41.0,40.625,40.75,19.767414093017578,104300
1998-04-24,40.875,40.875,40.0,40.25,19.52486801147461,176900
1998-04-27,39.5,40.0,38.9375,39.1875,19.009475708007812,239100
1998-04-28,39.5,39.5625,38.875,39.125,18.979148864746094,176800
1998-04-29,39.25,39.25,38.75,39.125,18.979148864746094,125200
1998-04-30,38.75,39.0,38.4375,38.625,18.736600875854492,111700
1998-05-01,38.375,39.0625,38.25,38.375,18.615331649780273,192600
1998-05-04,38.5,40.0,38.25,39.625,19.221691131591797,286200
1998-05-05,39.75,40.5,39.5,40.375,19.58551025390625,93200
1998-05-06,40.25,40.5,38.5,39.375,19.100421905517578,138000
1998-05-07,39.375,40.1875,39.0,40.1875,19.494558334350586,106800
1998-05-08,39.5,40.875,39.5,40.8125,19.7977352142334,107800
1998-05-11,40.75,41.375,40.25,40.8125,19.7977352142334,130900
1998-05-12,41.25,41.25,39.4375,40.0,19.403606414794922,129500
1998-05-13,40.5,40.5,39.75,40.0625,19.433921813964844,28300
1998-05-14,40.0,40.75,40.0,40.5,19.646150588989258,49100
1998-05-15,40.5,40.75,40.25,40.25,19.52486801147461,32000
1998-05-18,40.0,40.75,40.0,40.25,19.52486801147461,28300
1998-05-19,40.375,40.75,40.25,40.6875,19.737092971801758,68500
1998-05-20,40.75,42.0,40.625,41.625,20.191869735717773,65200
1998-05-21,41.5625,41.625,41.0625,41.28125,20.02511215209961,60400
1998-05-22,41.5,42.0,41.125,41.5,20.131237030029297,115600
1998-05-26,41.0,41.25,40.25,40.375,19.58551025390625,99800
1998-05-27,39.875,40.125,39.0625,39.1875,19.009475708007812,61400
1998-05-28,39.25,41.3125,39.25,40.75,19.767414093017578,76800
1998-05-29,41.3125,41.4375,40.125,40.125,19.4642391204834,70100
1998-06-01,40.75,41.375,40.625,41.0,19.888689041137695,77400
1998-06-02,41.25,41.375,40.625,41.0,19.888689041137695,29500
1998-06-03,41.375,41.375,40.625,40.90625,19.84322166442871,16900
1998-06-04,41.375,41.375,40.75,41.125,19.949331283569336,75500
1998-06-05,41.0625,41.4375,41.0,41.375,20.070598602294922,167600
1998-06-08,41.625,41.625,41.0,41.0,19.956214904785156,37600
1998-06-09,41.0,41.625,40.5,40.8125,19.864948272705078,124900
1998-06-10,40.75,40.875,39.5,39.5,19.226110458374023,37400
1998-06-11,39.75,40.0,38.125,39.0,18.982751846313477,111900
1998-06-12,39.125,39.125,37.9375,38.375,18.67853546142578,125500
1998-06-15,38.0,38.875,38.0,38.875,18.92190170288086,48000
1998-06-16,38.5,39.25,38.375,39.0,18.982751846313477,50700
1998-06-17,39.5,39.5,38.625,39.125,19.0435848236084,139800
1998-06-18,39.25,39.25,37.75,38.0,18.496002197265625,147300
1998-06-19,37.5,38.625,37.5,37.9375,18.46558952331543,136300
1998-06-22,37.625,38.5,37.625,37.75,18.37432289123535,288300
1998-06-23,38.375,38.375,37.0,37.0625,18.03969383239746,61700
1998-06-24,37.875,37.875,36.75,37.0,18.00926971435547,67400
1998-06-25,36.75,37.5,36.75,37.0,18.00926971435547,63500
1998-06-26,37.0,37.5,37.0,37.3125,18.1613712310791,97000
1998-06-29,37.125,37.625,37.125,37.53125,18.267845153808594,63800
1998-06-30,37.375,38.0,37.375,37.875,18.43515968322754,133500
1998-07-01,38.25,39.125,37.75,38.875,18.92190170288086,146400
1998-07-02,38.96875,39.25,38.625,38.625,18.80021858215332,147600
1998-07-06,38.875,38.875,38.375,38.5,18.73937225341797,20600
1998-07-07,38.25,38.8125,38.25,38.6875,18.83063316345215,292800
1998-07-08,38.8125,39.75,38.5,39.4375,19.1956844329834,72400
1998-07-09,39.0,39.8125,38.75,39.125,19.0435848236084,170400
1998-07-10,38.75,39.625,38.5,39.0,18.982751846313477,71600
1998-07-13,39.25,39.875,38.5,39.0625,19.013168334960938,20100
1998-07-14,40.0,40.0,39.0625,39.0625,19.013168334960938,17300
1998-07-15,39.25,39.75,38.125,38.875,18.92190170288086,38900
1998-07-16,38.25,39.0,37.6875,38.5,18.73937225341797,33400
1998-07-17,38.5,38.5,37.75,38.4375,18.708959579467773,15600
1998-07-20,38.0,38.5,37.5,37.625,18.31348419189453,40400
1998-07-21,37.875,37.875,37.25,37.28125,18.14616584777832,58900
1998-07-22,37.0,37.75,36.75,36.75,17.887584686279297,17800
1998-07-23,37.5,37.5,35.75,35.8125,17.43126678466797,58400
1998-07-24,35.75,36.125,34.75,35.875,17.461687088012695,60600
1998-07-27,34.75,36.625,34.75,36.625,17.826740264892578,48700
1998-07-28,36.0625,36.75,34.75,35.0,17.035797119140625,61100
1998-07-29,36.0,38.125,35.75,37.375,18.19179344177246,127400
1998-07-30,37.75,38.75,37.0,38.75,18.861059188842773,51200
1998-07-31,38.5,39.0,38.125,38.625,18.80021858215332,47300
1998-08-03,38.5,39.0,38.25,38.25,18.61769676208496,26400
1998-08-04,39.0,39.0,37.0,37.0,18.00926971435547,60800
1998-08-05,37.0,37.75,36.0,36.25,17.64422035217285,89700
1998-08-06,36.0,36.15625,35.5625,35.625,17.34001350402832,65200
1998-08-07,35.875,37.0,35.875,37.0,18.00926971435547,26100
1998-08-10,36.75,37.0,36.25,37.0,18.00926971435547,34400
1998-08-11,36.25,36.75,35.75,36.65625,17.841941833496094,155200
1998-08-12,36.9375,37.1875,36.375,36.90625,17.963634490966797,88000
1998-08-13,36.375,37.1875,35.25,35.75,17.400846481323242,80700
1998-08-14,35.125,37.5,35.125,37.5,18.252639770507812,52000
1998-08-17,36.75,37.75,36.625,37.3125,18.1613712310791,47000
1998-08-18,37.5,37.75,36.625,37.34375,18.17658233642578,61200
1998-08-19,37.0,37.625,36.25,36.625,17.826740264892578,47600
1998-08-20,36.5,37.0,35.0,35.0,17.035797119140625,34700
1998-08-21,34.5,35.25,33.25,35.25,17.157480239868164,35600
1998-08-24,35.25,35.25,34.5,34.5,16.792430877685547,19600
1998-08-25,34.5,34.75,33.3125,33.3125,16.21442222595215,61800
1998-08-26,33.5,33.5,31.5,33.0,16.06232261657715,57000
1998-08-27,31.25,31.375,29.5,30.0625,14.632526397705078,307800
1998-08-28,30.625,32.1875,30.0,32.0,15.575579643249512,69900
1998-08-31,31.75,31.75,28.875,28.875,14.054522514343262,184300
1998-09-01,29.75,30.25,29.4375,30.0,14.602116584777832,222100
1998-09-02,30.5,31.0,28.375,28.59375,13.917641639709473,216300
1998-09-03,28.75,29.4375,27.75,28.6875,13.963264465332031,54900
1998-09-04,28.625,29.75,28.625,29.75,14.480424880981445,46600
1998-09-08,29.875,30.75,29.75,30.625,14.976797103881836,374400
1998-09-09,30.625,30.625,29.625,29.75,14.548888206481934,92900
1998-09-10,29.875,30.25,29.125,29.90625,14.625299453735352,93400
1998-09-11,30.25,30.75,29.5,30.625,14.976797103881836,137900
1998-09-14,30.375,31.25,30.25,30.25,14.793405532836914,113300
1998-09-15,30.75,30.875,29.75,30.65625,14.992084503173828,156800
1998-09-16,30.875,31.0,29.75,30.5,14.915664672851562,144400
1998-09-17,30.125,30.5,29.75,29.8125,14.579448699951172,107900
1998-09-18,30.3125,30.5,29.75,30.4375,14.885102272033691,102400
1998-09-21,30.0,30.625,30.0,30.25,14.793405532836914,25200
1998-09-22,30.5,31.0,30.125,30.4375,14.885102272033691,21000
1998-09-23,30.6875,31.0,30.0,30.6875,15.007363319396973,53100
1998-09-24,30.6875,31.0,30.125,30.25,14.793405532836914,15600
1998-09-25,30.1875,30.375,29.875,30.125,14.732281684875488,81600
1998-09-28,30.0,30.875,30.0,30.875,15.09906005859375,23900
1998-09-29,30.5,31.125,30.25,30.75,15.03792953491211,71000
1998-09-30,31.25,31.25,30.0,30.75,15.03792953491211,131300
1998-10-01,30.0,30.75,30.0,30.625,14.976797103881836,164300
1998-10-02,30.0,30.5625,30.0,30.25,14.793405532836914,68600
1998-10-05,30.0,30.6875,29.875,30.25,14.793405532836914,30900
1998-10-06,30.375,31.0,30.0,30.625,14.976797103881836,84000
1998-10-07,30.75,30.75,29.25,30.25,14.793405532836914,58200
1998-10-08,29.4375,30.25,28.5,29.375,14.365503311157227,143000
1998-10-09,30.5,30.5,29.875,29.875,14.610023498535156,45400
1998-10-12,30.75,30.75,29.0,29.0,14.182109832763672,36600
1998-10-13,28.75,29.5,26.25,26.375,12.89838981628418,432000
1998-10-14,26.0,26.5,24.0625,25.75,12.592737197875977,148100
1998-10-15,26.5,27.625,25.75,26.5625,12.99007797241211,114400
1998-10-16,26.75,27.9375,26.75,27.484375,13.440917015075684,36000
1998-10-19,27.0,29.25,27.0,28.375,13.87646198272705,92200
1998-10-20,28.25,29.375,28.0,28.8125,14.09041976928711,124000
1998-10-21,28.75,30.125,28.25,29.25,14.304372787475586,214000
1998-10-22,29.0,29.875,28.5,29.6875,14.518329620361328,82000
1998-10-23,29.0,30.0,28.75,29.59375,14.472479820251465,62600
1998-10-26,30.25,30.75,29.5,30.75,15.03792953491211,133300
1998-10-27,30.3125,31.0,30.3125,30.9375,15.129623413085938,26400
1998-10-28,31.0,31.0,30.25,30.625,14.976797103881836,166000
1998-10-29,30.5,30.625,30.0,30.3125,14.823975563049316,52900
1998-10-30,30.625,31.5,29.625,30.0,14.671157836914062,111500
1998-11-02,29.8125,31.0,29.75,30.375,14.854543685913086,148900
1998-11-03,29.8125,31.25,29.8125,31.25,15.28244686126709,46400
1998-11-04,31.5,32.0,30.75,30.875,15.09906005859375,51900
1998-11-05,31.125,31.3125,30.75,31.0,15.160195350646973,241500
1998-11-06,31.375,31.875,30.75,31.4375,15.374143600463867,182200
1998-11-09,31.75,31.75,31.0,31.0625,15.190753936767578,69300
1998-11-10,31.5,31.875,30.75,30.75,15.03792953491211,223400
1998-11-11,30.9375,30.9375,30.5,30.625,14.976797103881836,37700
1998-11-12,30.25,31.0,30.25,31.0,15.160195350646973,62900
1998-11-13,30.25,31.25,30.0,30.0,14.671157836914062,89700
1998-11-16,30.0,30.5,28.75,29.0625,14.212679862976074,138400
1998-11-17,29.375,29.375,28.5,28.625,13.998725891113281,181300
1998-11-18,28.625,28.625,27.75,27.875,13.631943702697754,809700
1998-11-19,28.25,28.25,27.0,27.625,13.509685516357422,414900
1998-11-20,27.5,28.5,27.5,28.1875,13.784767150878906,516800
1998-11-23,27.75,29.1875,27.75,28.75,14.059844970703125,146700
1998-11-24,28.9375,29.0,28.375,28.625,13.998725891113281,553600
1998-11-25,28.5,29.125,28.5,28.625,13.998725891113281,355700
1998-11-27,28.5,29.125,28.25,28.3125,13.845898628234863,15500
1998-11-30,28.125,28.125,27.375,27.5,13.448554039001465,232500
1998-12-01,27.5625,28.125,27.25,28.0625,13.723640441894531,186500
1998-12-02,27.6875,28.75,27.625,28.375,13.87646198272705,183700
1998-12-03,28.375,29.375,28.375,28.5625,13.968153953552246,50300
1998-12-04,28.6875,29.75,28.5,29.1875,14.273812294006348,145300
1998-12-07,28.875,29.5,28.5,29.25,14.304372787475586,94700
1998-12-08,29.5,29.625,28.75,29.0,14.255213737487793,142300
1998-12-09,29.75,29.75,28.875,29.125,14.316664695739746,291000
1998-12-10,29.5,29.5,29.125,29.25,14.378104209899902,315600
1998-12-11,29.5,29.5,29.125,29.1875,14.34738826751709,232800
1998-12-14,29.1875,29.5,29.0,29.0,14.255213737487793,200700
1998-12-15,29.375,29.375,28.875,28.875,14.193764686584473,280800
1998-12-16,29.1875,29.5,28.875,29.0625,14.285942077636719,158600
1998-12-17,29.0,29.1875,28.75,28.75,14.132319450378418,58500
1998-12-18,28.875,29.0625,28.75,28.75,14.132319450378418,160000
1998-12-21,28.875,29.625,28.75,29.5,14.500993728637695,236500
1998-12-22,29.5,29.5,29.0,29.0,14.255213737487793,69000
1998-12-23,29.0,29.5,29.0,29.0,14.255213737487793,127200
1998-12-24,29.0,29.1875,28.875,29.0,14.255213737487793,28300
1998-12-28,29.0,29.375,28.875,29.0,14.255213737487793,55500
1998-12-29,29.0,30.75,29.0,30.25,14.869660377502441,133000
1998-12-30,30.375,30.375,29.0,30.0,14.746782302856445,251800
1998-12-31,30.0,32.125,29.5,32.125,15.791337966918945,188400
1999-01-04,31.9375,32.0,28.4375,28.625,14.070883750915527,179900
1999-01-05,28.75,29.75,28.625,29.5,14.500993728637695,114500
1999-01-06,29.5,30.5,29.5,30.375,14.931112289428711,305400
1999-01-07,30.0,30.5,29.625,30.0,14.746782302856445,154100
1999-01-08,30.375,30.375,29.25,29.25,14.378104209899902,90900
1999-01-11,29.25,30.1875,29.25,29.5625,14.531715393066406,87000
1999-01-12,30.0,30.4375,29.5,30.4375,14.96182918548584,127000
1999-01-13,29.5,30.25,29.0,29.375,14.43955135345459,175400
1999-01-14,29.6875,30.0,28.875,29.1875,14.34738826751709,207300
1999-01-15,29.5,29.875,29.0,29.3125,14.408822059631348,85100
1999-01-19,29.6875,29.75,29.125,29.25,14.378104209899902,88700
1999-01-20,29.5,29.75,29.125,29.125,14.316664695739746,167100
1999-01-21,29.125,29.75,28.25,28.3125,13.917269706726074,294500
1999-01-22,28.375,29.0,28.25,28.4375,13.978711128234863,54600
1999-01-25,29.125,29.125,27.75,28.0625,13.794382095336914,90800
1999-01-26,28.25,28.375,27.875,28.3125,13.917269706726074,67800
1999-01-27,28.0,28.5,26.75,27.0,13.272098541259766,41900
1999-01-28,27.625,29.125,27.625,28.8125,14.16305160522461,219600
1999-01-29,28.9375,29.25,28.4375,28.4375,13.978711128234863,359700
1999-02-01,28.625,29.25,28.25,28.875,14.193764686584473,264400
1999-02-02,28.875,29.125,28.6875,28.75,14.132319450378418,218000
1999-02-03,28.5,29.1875,28.5,29.125,14.316664695739746,364800
1999-02-04,29.25,29.375,29.0,29.125,14.316664695739746,229400
1999-02-05,29.1875,29.375,28.875,29.1875,14.34738826751709,92300
1999-02-08,29.1875,30.0,29.1875,29.75,14.623882293701172,264800
1999-02-09,29.875,30.0,29.625,29.84375,14.669968605041504,97600
1999-02-10,30.0,30.0,29.6875,30.0,14.746782302856445,167000
1999-02-11,29.75,30.25,28.75,29.0,14.255213737487793,210400
1999-02-12,29.5,29.5,27.875,28.125,13.825105667114258,185000
1999-02-16,28.0,29.125,28.0,28.5,14.009438514709473,170500
1999-02-17,28.5,28.6875,28.25,28.3125,13.917269706726074,142500
1999-02-18,28.375,28.5,27.5,27.5,13.517876625061035,146800
1999-02-19,27.5,27.875,26.875,27.0,13.272098541259766,306800
1999-02-22,27.125,27.875,26.9375,26.9375,13.241379737854004,85900
1999-02-23,27.0,27.3125,26.9375,26.9375,13.241379737854004,116600
1999-02-24,27.25,28.0,27.0,27.125,13.33354377746582,120600
1999-02-25,27.0,27.25,26.875,27.125,13.33354377746582,93400
1999-02-26,27.3125,27.625,27.0,27.5,13.517876625061035,66200
1999-03-01,27.5,27.5,27.0,27.5,13.517876625061035,70900
1999-03-02,27.0,28.5,27.0,28.25,13.88654899597168,144000
1999-03-03,28.5,28.5,27.5,27.75,13.640766143798828,59900
1999-03-04,27.9375,27.9375,27.625,27.6875,13.610048294067383,28000
1999-03-05,27.9375,28.0,27.625,27.8125,13.671483039855957,184000
1999-03-08,28.25,28.25,27.625,28.0,13.838286399841309,299400
1999-03-09,27.8125,27.8125,26.75,26.875,13.282288551330566,277800
1999-03-10,27.125,27.5,27.0,27.0,13.344067573547363,312500
1999-03-11,27.5,27.75,27.0,27.5625,13.622063636779785,88200
1999-03-12,27.625,27.625,27.0,27.625,13.652956008911133,61100
1999-03-15,27.3125,27.625,27.0,27.28125,13.483063697814941,80700
1999-03-16,27.75,27.75,27.0,27.0,13.344067573547363,195000
1999-03-17,27.0,27.75,27.0,27.5,13.591172218322754,168200
1999-03-18,27.25,27.5,27.25,27.5,13.591172218322754,121000
1999-03-19,27.375,27.5,27.0,27.375,13.529396057128906,173300
1999-03-22,27.5,27.5,27.0,27.3125,13.498507499694824,89300
1999-03-23,27.5,27.5,26.75,26.75,13.220505714416504,65500
1999-03-24,27.25,27.5,26.75,27.375,13.529396057128906,206600
1999-03-25,27.5,28.375,27.0,28.21875,13.94640064239502,69300
1999-03-26,27.625,28.0,27.125,27.125,13.405845642089844,96600
1999-03-29,27.0,27.15625,26.75,26.9375,13.313176155090332,147800
1999-03-30,26.75,27.0,26.625,26.625,13.158730506896973,115400
1999-03-31,26.625,27.0625,26.5,26.625,13.158730506896973,209300
1999-04-01,26.5625,27.0,26.5625,26.625,13.158730506896973,75900
1999-04-05,26.9375,26.9375,26.5625,26.625,13.158730506896973,62400
1999-04-06,26.6875,26.8125,26.125,26.5,13.096953392028809,139200
1999-04-07,26.5625,27.0,26.5,26.5,13.096953392028809,152200
1999-04-08,26.8125,26.8125,26.375,26.625,13.158730506896973,70900
1999-04-09,26.5,26.6875,26.375,26.65625,13.174171447753906,60500
1999-04-12,26.5,26.75,26.0625,26.25,12.973403930664062,59700
1999-04-13,26.25,26.5625,26.25,26.25,12.973403930664062,98700
1999-04-14,26.25,26.375,25.5,25.625,12.664510726928711,162200
1999-04-15,26.125,26.125,24.6875,25.5,12.60273551940918,256100
1999-04-16,25.5,26.5625,25.25,26.5625,13.127840042114258,98400
1999-04-19,26.125,27.125,26.125,26.75,13.220505714416504,187400
1999-04-20,27.0,27.0,26.25,26.375,13.035177230834961,117600
1999-04-21,26.625,26.625,26.25,26.5,13.096953392028809,76500
1999-04-22,26.5625,27.296875,26.5,27.125,13.405845642089844,89200
1999-04-23,27.0,27.125,26.9375,27.125,13.405845642089844,70000
1999-04-26,27.125,27.375,27.0,27.0,13.344067573547363,104300
1999-04-27,27.5,27.75,27.0,27.5,13.591172218322754,115400
1999-04-28,27.6875,27.9375,27.125,27.5,13.591172218322754,257400
1999-04-29,27.375,29.25,27.125,29.1875,14.425187110900879,181000
1999-04-30,29.375,30.125,29.0,29.5,14.579627990722656,296700
1999-05-03,29.25,30.125,29.25,30.0,14.826739311218262,401700
1999-05-04,30.0,30.25,29.75,30.125,14.888520240783691,399300
1999-05-05,30.25,30.375,29.75,30.0625,14.857625961303711,170400
1999-05-06,30.5,30.5,29.8125,30.0,14.826739311218262,34100
1999-05-07,29.75,30.75,29.75,30.25,14.950299263000488,97600
1999-05-10,30.3125,31.75,30.0,31.0,15.320963859558105,74400
1999-05-11,31.75,31.75,31.0,31.5,15.568074226379395,609200
1999-05-12,31.5,32.0,31.375,31.90625,15.768854141235352,55100
1999-05-13,32.1875,32.25,31.75,32.125,15.876970291137695,275100
1999-05-14,31.5,32.0,31.5,31.8125,15.722524642944336,93600
1999-05-17,32.0,32.375,31.5625,31.9375,15.78429889678955,114500
1999-05-18,31.8125,32.25,31.375,31.96875,15.799749374389648,88000
1999-05-19,32.0,32.5,32.0,32.5,16.062305450439453,100700
1999-05-20,32.3125,32.75,32.0,32.625,16.12407875061035,42500
1999-05-21,32.125,32.75,32.0,32.0,15.815189361572266,46100
1999-05-24,32.0,33.125,32.0,32.75,16.18585777282715,66400
1999-05-25,33.125,33.1875,32.25,33.1875,16.402080535888672,145100
1999-05-26,32.5625,33.375,32.0,33.125,16.37119483947754,200700
1999-05-27,32.75,33.5,32.375,33.5,16.556516647338867,50100
1999-05-28,33.0,34.25,33.0,33.40625,16.510190963745117,95900
1999-06-01,34.0,34.0,33.0,33.25,16.432971954345703,96200
1999-06-02,33.25,33.8125,32.8125,33.1875,16.402080535888672,74400
1999-06-03,33.0625,34.0,32.75,33.75,16.680078506469727,34700
1999-06-04,33.25,33.75,33.25,33.75,16.680078506469727,104100
1999-06-07,33.25,33.625,32.875,33.5625,16.587411880493164,75400
1999-06-08,33.25,35.0,33.25,34.125,16.941133499145508,91800
1999-06-09,34.25,34.875,34.0625,34.5625,17.1583194732666,94500
1999-06-10,34.625,35.0,34.125,35.0,17.375516891479492,53100
1999-06-11,34.625,35.0,34.25,34.9375,17.344491958618164,102600
1999-06-14,34.25,35.0,34.25,34.5,17.127290725708008,161000
1999-06-15,34.25,34.875,34.25,34.625,17.189348220825195,43800
1999-06-16,34.6875,35.0,34.4375,34.9375,17.344491958618164,53800
1999-06-17,34.8125,35.5,34.5,35.125,17.437570571899414,42300
1999-06-18,35.25,35.5,35.125,35.25,17.499629974365234,87600
1999-06-21,35.3125,35.34375,34.5,34.515625,17.135053634643555,100800
1999-06-22,34.75,35.0,34.5,34.5,17.127290725708008,117800
1999-06-23,34.875,34.875,33.75,34.375,17.06524658203125,58900
1999-06-24,34.375,34.75,34.125,34.5,17.127290725708008,172200
1999-06-25,34.5,35.8125,34.375,34.5,17.127290725708008,76900
1999-06-28,34.5,34.625,34.0,34.0,16.879072189331055,101800
1999-06-29,34.0,34.6875,34.0,34.125,16.941133499145508,115500
1999-06-30,34.0,34.6875,34.0,34.5,17.127290725708008,132300
1999-07-01,34.6875,34.75,34.0,34.5625,17.1583194732666,87900
1999-07-02,34.75,35.0,34.4375,34.4375,17.096269607543945,50400
1999-07-06,34.4375,35.75,34.4375,35.4375,17.59271240234375,54900
1999-07-07,35.5,36.0,34.75,35.8125,17.77887535095215,52000
1999-07-08,35.3125,35.875,34.375,35.875,17.80990982055664,63700
1999-07-09,35.125,36.9375,35.125,36.25,17.996068954467773,111400
1999-07-12,36.25,36.5625,35.375,36.0,17.871965408325195,101700
1999-07-13,36.1875,36.1875,35.375,36.0,17.871965408325195,39200
1999-07-14,35.375,36.25,34.75,35.0,17.375516891479492,169000
1999-07-15,35.625,35.625,34.625,34.9375,17.344491958618164,85500
1999-07-16,34.875,35.25,34.875,34.875,17.313459396362305,35900
1999-07-19,35.125,35.125,34.375,34.71875,17.235898971557617,49700
1999-07-20,34.625,34.875,33.75,34.0,16.879072189331055,63300
1999-07-21,34.0,34.4375,33.8125,34.0625,16.91010856628418,136700
1999-07-22,34.0625,34.375,33.875,33.875,16.8170223236084,96700
1999-07-23,33.875,34.375,32.5,33.25,16.506746292114258,61500
1999-07-26,33.0625,33.5,33.0,33.0,16.382633209228516,12000
1999-07-27,33.0,33.75,32.9375,33.25,16.506746292114258,112300
1999-07-28,32.875,33.3125,32.875,33.25,16.506746292114258,13700
1999-07-29,32.75,33.5,32.75,33.46875,16.615345001220703,67400
1999-07-30,33.3125,33.625,33.0,33.3125,16.53777313232422,77800
1999-08-02,33.125,33.5,32.75,33.125,16.444684982299805,20100
1999-08-03,32.75,32.75,31.4375,31.875,15.82413101196289,115000
1999-08-04,31.6875,32.75,31.6875,31.875,15.82413101196289,17600
1999-08-05,32.15625,32.5,31.75,32.0,15.886191368103027,13000
1999-08-06,31.75,32.25,31.625,31.75,15.762078285217285,178400
1999-08-09,31.75,33.25,31.75,32.9375,16.351608276367188,38000
1999-08-10,32.5,32.625,32.03125,32.625,16.19646453857422,47700
1999-08-11,32.75,33.0,31.9375,32.75,16.258525848388672,52900
1999-08-12,32.25,32.5,30.875,31.75,15.762078285217285,92700
1999-08-13,32.0,32.5,29.625,30.5,15.141523361206055,247000
1999-08-16,30.25,30.875,30.25,30.875,15.327690124511719,164400
1999-08-17,31.0,31.0,29.25,29.25,14.520970344543457,284200
1999-08-18,29.75,30.0,29.0,29.25,14.520970344543457,141100
1999-08-19,29.625,29.875,29.0,29.75,14.769194602966309,154500
1999-08-20,29.5625,30.0,29.0,29.6875,14.73817253112793,131100
1999-08-23,29.0,30.6875,29.0,30.6875,15.234602928161621,55500
1999-08-24,30.0,31.0,30.0,30.5,15.141523361206055,100100
1999-08-25,30.875,31.375,30.375,31.3125,15.544881820678711,60300
1999-08-26,31.3125,32.75,31.25,32.09375,15.932732582092285,126900
1999-08-27,31.9375,33.0,31.9375,32.375,16.072359085083008,102400
1999-08-30,32.875,32.9375,32.5,32.71875,16.243011474609375,89400
1999-08-31,33.0,33.125,32.375,32.875,16.32057762145996,80600
1999-09-01,33.125,33.125,32.625,32.9375,16.351608276367188,113800
1999-09-02,32.625,32.875,32.4375,32.5625,16.165435791015625,113500
1999-09-03,32.625,34.0,32.625,33.5,16.6308536529541,47200
1999-09-07,33.3125,34.75,33.0,33.875,16.8170223236084,116200
1999-09-08,34.125,34.625,33.875,34.0625,16.98531723022461,100400
1999-09-09,34.25,34.875,34.0,34.375,17.141143798828125,86800
1999-09-10,34.5,34.9375,34.0,34.625,17.26580238342285,337600
1999-09-13,34.625,35.0,34.3125,34.9375,17.42164421081543,206400
1999-09-14,34.9375,35.25,34.9375,35.21875,17.561880111694336,163100
1999-09-15,35.0,36.125,35.0,35.6875,17.795623779296875,211200
1999-09-16,35.0625,35.0625,33.375,34.9375,17.42164421081543,81800
1999-09-17,35.53125,35.625,34.3125,35.0,17.452802658081055,140500
1999-09-20,35.125,35.125,34.125,35.0,17.452802658081055,64400
1999-09-21,35.0,35.0,34.0,34.375,17.141143798828125,62000
1999-09-22,34.0,35.25,34.0,35.0,17.452802658081055,80800
1999-09-23,34.75,35.0,34.25,34.25,17.07881736755371,123000
1999-09-24,34.6875,34.75,33.1875,33.9375,16.92298698425293,169900
1999-09-27,33.96875,34.125,33.25,33.625,16.767148971557617,188100
1999-09-28,34.0,34.0,32.9375,33.4375,16.673656463623047,158200
1999-09-29,33.4375,33.5,32.8125,33.0,16.455493927001953,122800
1999-09-30,33.0,33.3125,32.0,32.0,15.9568452835083,199200
1999-10-01,32.1875,32.5625,32.0,32.09375,16.00359535217285,106200
1999-10-04,31.9375,32.0,31.625,32.0,15.9568452835083,198500
1999-10-05,32.125,32.125,31.75,32.0,15.9568452835083,155800
1999-10-06,31.9375,32.125,31.625,32.0,15.9568452835083,134600
1999-10-07,32.125,32.25,31.875,32.125,16.019174575805664,154600
1999-10-08,32.0,32.125,31.9375,32.0625,15.988011360168457,144200
1999-10-11,31.875,32.375,31.875,32.0,15.9568452835083,72500
1999-10-12,32.15625,32.875,31.9375,32.625,16.26850128173828,88400
1999-10-13,32.25,33.25,32.0,32.375,16.143844604492188,68600
1999-10-14,32.125,33.4375,32.125,33.3125,16.6113224029541,46800
1999-10-15,32.75,33.0,31.25,31.875,15.894515037536621,180200
1999-10-18,31.375,33.71875,31.375,33.0,16.455493927001953,162500
1999-10-19,33.3125,35.125,33.3125,33.875,16.89181137084961,178600
1999-10-20,33.75,34.1875,33.75,34.0625,16.98531723022461,189200
1999-10-21,33.4375,34.8125,33.4375,34.5625,17.23464012145996,313800
1999-10-22,34.625,35.5,33.375,35.3125,17.60862159729004,152100
1999-10-25,35.0,35.25,34.375,34.96875,17.437211990356445,172400
1999-10-26,35.0,36.0,35.0,35.78125,17.842369079589844,280100
1999-10-27,35.625,37.0,35.4375,35.6875,17.795623779296875,85400
1999-10-28,35.375,35.4375,32.0,33.0625,16.486663818359375,314700
1999-10-29,33.0,36.0,32.25,34.9375,17.42164421081543,171000
1999-11-01,35.34375,35.75,34.3125,35.25,17.577465057373047,153500
1999-11-02,35.0,35.5,34.75,34.8125,17.359302520751953,160500
1999-11-03,34.8125,35.0,34.0,34.0625,16.98531723022461,138300
1999-11-04,34.0625,35.1875,34.0,34.375,17.141143798828125,51600
1999-11-05,34.75,34.75,34.25,34.4375,17.17230796813965,220700
1999-11-08,34.125,34.375,33.75,33.9375,16.92298698425293,149100
1999-11-09,34.125,34.125,33.25,33.25,16.580158233642578,85500
1999-11-10,33.75,33.75,33.25,33.25,16.580158233642578,137800
1999-11-11,33.75,33.75,32.5,32.5,16.206167221069336,65700
1999-11-12,33.0625,33.0625,32.0,32.1875,16.050342559814453,198700
1999-11-15,32.1875,33.625,32.125,33.625,16.767148971557617,140800
1999-11-16,33.3125,33.75,33.3125,33.375,16.642499923706055,227800
1999-11-17,33.25,35.1875,33.25,35.0,17.452802658081055,98900
1999-11-18,34.25,34.9375,33.5,33.875,16.89181137084961,29300
1999-11-19,34.125,34.125,33.625,33.8125,16.860652923583984,113300
1999-11-22,33.65625,34.375,33.5,33.9375,16.92298698425293,117200
1999-11-23,33.875,34.0,33.375,33.75,16.82948875427246,86100
1999-11-24,33.6875,33.75,33.25,33.25,16.580158233642578,136800
1999-11-26,33.875,33.875,33.25,33.375,16.642499923706055,55700
1999-11-29,33.875,33.9375,33.0,33.0,16.455493927001953,150500
1999-11-30,33.0,33.875,32.0,32.375,16.143844604492188,213600
1999-12-01,32.75,33.0625,32.25,33.0625,16.486663818359375,216800
1999-12-02,33.125,33.25,33.0,33.0,16.455493927001953,159200
1999-12-03,33.125,33.25,33.0,33.125,16.517824172973633,72600
1999-12-06,32.765625,33.375,32.46875,32.5625,16.237335205078125,174800
1999-12-07,32.5,32.8125,31.75,32.0,15.9568452835083,104700
1999-12-08,32.0,32.25,29.5,30.8125,15.441899299621582,297200
1999-12-09,31.0,31.375,30.375,30.84375,15.457572937011719,54300
1999-12-10,30.5,31.1875,30.5,30.6875,15.379255294799805,108400
1999-12-13,30.5,30.734375,30.375,30.4375,15.253976821899414,42100
1999-12-14,30.375,31.75,30.0625,31.5625,15.817773818969727,106700
1999-12-15,31.3125,32.125,31.0,31.75,15.911741256713867,146400
1999-12-16,31.9375,32.0,31.25,31.875,15.974385261535645,90000
1999-12-17,31.6875,35.0,31.375,33.5625,16.82008934020996,321200
1999-12-20,33.5,33.8125,31.6875,31.75,15.911741256713867,114500
1999-12-21,31.8125,34.0,31.5625,33.0625,16.569509506225586,73900
1999-12-22,32.9375,33.5,32.5,33.0,16.538192749023438,145600
1999-12-23,33.15625,33.3125,32.0,32.46875,16.271949768066406,28900
1999-12-27,32.75,32.875,31.5,31.875,15.974385261535645,189200
1999-12-28,32.1875,33.375,32.09375,32.34375,16.20929718017578,280900
1999-12-29,32.75,34.0,32.5,33.5,16.78876304626465,45800
1999-12-30,33.625,34.125,32.25,32.25,16.16232681274414,49000
1999-12-31,32.0,33.25,32.0,33.125,16.600828170776367,21000
2000-01-03,33.125,33.5,32.75,32.875,16.47554588317871,189300
2000-01-04,32.625,33.0,32.0,32.5625,16.318923950195312,70400
2000-01-05,32.4375,32.625,31.75,31.75,15.911741256713867,75300
2000-01-06,32.5,32.5,31.75,31.8125,15.943061828613281,54000
2000-01-07,32.125,32.125,31.75,32.0,16.03703498840332,219900
2000-01-10,31.9375,32.25,31.9375,32.0625,16.068355560302734,235000
2000-01-11,32.25,32.25,31.0,31.5,15.786456108093262,153700
2000-01-12,31.375,34.5,31.265625,31.84375,15.958724975585938,238700
2000-01-13,31.75,33.1875,31.6875,33.1875,16.632158279418945,45500
2000-01-14,32.71875,34.75,32.4375,34.3125,17.195955276489258,167900
2000-01-18,34.15625,34.4375,33.0,33.625,16.851417541503906,59700
2000-01-19,33.125,34.25,33.0,33.5,16.78876304626465,134500
2000-01-20,33.25,33.6875,32.5625,32.8125,16.444217681884766,126900
2000-01-21,33.75,33.75,31.75,32.5,16.287609100341797,66700
2000-01-24,33.0,33.25,30.25,30.875,15.473235130310059,94400
2000-01-25,30.75,30.75,29.75,30.0625,15.066046714782715,148400
2000-01-26,30.25,30.4375,30.09375,30.25,15.160014152526855,85000
2000-01-27,30.4375,30.875,30.25,30.75,15.410581588745117,556200
2000-01-28,30.6875,31.0,30.0,30.96875,15.520209312438965,100100
2000-01-31,30.75,32.1875,30.75,31.75,15.911741256713867,94500
2000-02-01,31.4375,34.0,30.25,33.125,16.600828170776367,184600
2000-02-02,33.5,34.125,33.0,33.6875,16.88273048400879,202300
2000-02-03,33.75,34.125,33.25,34.125,17.10198211669922,233700
2000-02-04,34.25,34.25,32.6875,32.6875,16.381580352783203,45000
2000-02-07,32.625,32.71875,31.0,31.9375,16.00571060180664,58700
2000-02-08,31.625,32.25,31.25,31.625,15.849099159240723,75200
2000-02-09,32.0,32.0,31.0,31.125,15.598520278930664,82400
2000-02-10,31.25,31.875,31.0,31.1875,15.629838943481445,203000
2000-02-11,31.25,32.5,30.9375,32.5,16.287609100341797,88700
2000-02-14,32.375,32.5625,30.0,30.203125,15.136512756347656,156400
2000-02-15,30.125,31.75,30.125,31.375,15.723800659179688,172100
2000-02-16,31.6875,33.984375,31.6875,32.25,16.16232681274414,135600
2000-02-17,32.0,32.0625,31.5,31.90625,15.990047454833984,182100
2000-02-18,31.9375,32.25,31.25,31.25,15.661163330078125,40200
2000-02-22,31.6875,31.75,30.625,30.75,15.410581588745117,155100
2000-02-23,31.25,31.25,29.5625,29.625,14.84677791595459,322400
2000-02-24,30.0,31.75,29.75,30.3125,15.191330909729004,229000
2000-02-25,30.375,30.4375,29.0,29.1875,14.627533912658691,67000
2000-02-28,29.1875,29.875,29.0,29.53125,14.799800872802734,74800
2000-02-29,29.40625,30.75,29.0,29.75,14.90942096710205,85200
2000-03-01,29.0,30.25,29.0,29.625,14.84677791595459,119300
2000-03-02,29.75,31.0,28.4375,28.6875,14.376949310302734,363300
2000-03-03,28.8125,29.25,28.5625,28.8125,14.439592361450195,115800
2000-03-06,28.625,29.3125,28.5625,28.5625,14.314309120178223,64900
2000-03-07,28.5625,28.625,27.0,28.125,14.095044136047363,143400
2000-03-08,28.0,28.5,27.25,28.5,14.364697456359863,155200
2000-03-09,27.75,29.25,27.4375,27.875,14.049687385559082,150100
2000-03-10,28.125,28.25,27.125,27.875,14.049687385559082,36400
2000-03-13,27.0625,27.75,27.0,27.21875,13.718914031982422,27600
2000-03-14,27.5,27.5,26.625,26.625,13.419649124145508,132900
2000-03-15,26.625,27.75,26.5625,27.09375,13.65591049194336,94900
2000-03-16,27.25,30.625,27.0625,29.0,14.616710662841797,80900
2000-03-17,28.25,29.9375,28.25,29.1875,14.71121883392334,102400
2000-03-20,29.0,29.6875,28.5,29.1875,14.71121883392334,134400
2000-03-21,29.3125,29.5,28.25,28.375,14.301697731018066,62000
2000-03-22,28.625,29.25,28.5,28.9375,14.585209846496582,37600
2000-03-23,29.1875,29.375,28.5625,29.25,14.742720603942871,115500
2000-03-24,28.75,28.875,28.25,28.625,14.427700996398926,48700
2000-03-27,28.25,28.75,28.25,28.375,14.301697731018066,131500
2000-03-28,28.375,28.5,28.0625,28.125,14.175694465637207,205000
2000-03-29,28.25,28.375,27.25,28.0625,14.14418888092041,153100
2000-03-30,28.0,30.1875,28.0,29.75,14.99472713470459,160200
2000-03-31,29.9375,32.5,29.6875,30.5625,15.404253959655762,385100
2000-04-03,31.3125,31.3125,29.78125,31.0625,15.65626335144043,107700
2000-04-04,31.0,31.25,29.75,30.5,15.37275218963623,130000
2000-04-05,30.5625,31.0625,30.0,30.25,15.246747970581055,117500
2000-04-06,30.65625,31.0,30.0,30.0625,15.152235984802246,51200
2000-04-07,30.0,30.375,29.8125,30.09375,15.167991638183594,32100
2000-04-10,30.0,30.375,29.8125,29.875,15.057735443115234,79200
2000-04-11,29.875,30.21875,29.75,30.21875,15.230999946594238,106200
2000-04-12,30.1875,31.0,30.1875,30.5,15.37275218963623,61400
2000-04-13,30.0,31.0,30.0,30.75,15.498757362365723,42000
2000-04-14,30.0,31.0625,29.75,30.125,15.183740615844727,68300
2000-04-17,29.75,32.0,29.75,31.578125,15.916150093078613,148500
2000-04-18,31.5625,31.6875,29.625,30.0,15.120738983154297,98400
2000-04-19,30.8125,30.8125,28.75,29.5625,14.900232315063477,121200
2000-04-20,29.625,30.125,28.125,28.625,14.427700996398926,120900
2000-04-24,28.875,29.0625,28.125,28.9375,14.585209846496582,225900
2000-04-25,28.3125,29.1875,28.125,29.0,14.616710662841797,71300
2000-04-26,29.0,29.0625,28.625,28.6875,14.459206581115723,96700
2000-04-27,28.75,29.0,26.0,26.203125,13.207014083862305,298200
2000-04-28,26.0,26.5,25.75,26.25,13.2306489944458,186700
2000-05-01,26.375,26.375,23.75,24.0,12.096590042114258,286000
2000-05-02,24.125,24.3125,22.75,23.5,11.844576835632324,420300
2000-05-03,23.75,24.125,23.0625,23.1875,11.687068939208984,116300
2000-05-04,23.25,24.5,23.0625,23.75,11.970584869384766,986800
2000-05-05,23.9375,25.25,23.1875,25.0,12.60061264038086,947000
2000-05-08,25.9375,26.0,24.75,25.359375,12.781744003295898,85900
2000-05-09,24.8125,24.8125,23.0,23.0,11.592564582824707,254800
2000-05-10,23.0,24.0,22.9375,23.0,11.592564582824707,62200
2000-05-11,24.0,24.0,23.0,23.375,11.781577110290527,203600
2000-05-12,24.0,24.0,22.25,22.25,11.214542388916016,358800
2000-05-15,21.625,24.25,21.625,24.125,12.159592628479004,191900
2000-05-16,24.375,24.5,22.8125,23.9375,12.065088272094727,206800
2000-05-17,23.75,23.75,22.75,23.0625,11.624066352844238,52900
2000-05-18,23.3125,24.125,23.125,23.375,11.781577110290527,108700
2000-05-19,23.03125,24.25,23.0,23.5,11.844576835632324,87500
2000-05-22,23.125,23.4375,23.0,23.4375,11.813075065612793,94900
2000-05-23,23.625,24.375,23.0625,23.875,12.033583641052246,105700
2000-05-24,23.625,23.6875,22.40625,23.1875,11.687068939208984,136200
2000-05-25,23.375,24.3125,22.9375,23.5,11.844576835632324,131900
2000-05-26,23.25,24.0,22.75,23.0,11.592564582824707,90800
2000-05-30,23.875,24.0,23.0625,23.8125,12.002086639404297,204900
2000-05-31,24.4375,24.5,23.375,23.6875,11.939085960388184,115100
2000-06-01,23.875,24.0625,23.25,23.9375,12.065088272094727,151700
2000-06-02,24.5,24.625,24.0,24.1875,12.191094398498535,39400
2000-06-05,23.75,24.1875,23.0,23.0,11.592564582824707,161100
2000-06-06,23.1875,23.625,23.0,23.1875,11.687068939208984,91000
2000-06-07,23.1875,23.40625,22.75,23.3125,11.831709861755371,96300
2000-06-08,23.5,23.5,23.125,23.3125,11.831709861755371,58700
2000-06-09,23.15625,23.5,22.9375,23.5,11.926877975463867,69500
2000-06-12,22.5625,23.25,22.5625,23.0,11.673107147216797,71200
2000-06-13,23.125,23.125,21.75,22.875,11.60966682434082,92200
2000-06-14,22.71875,23.0625,22.3125,22.75,11.546231269836426,149800
2000-06-15,22.25,23.25,22.125,23.25,11.799991607666016,114200
2000-06-16,23.09375,23.09375,21.8125,23.0,11.673107147216797,170200
2000-06-19,22.125,23.0,21.375,22.25,11.29246997833252,124600
2000-06-20,22.0,22.125,21.0,21.75,11.038700103759766,200400
2000-06-21,22.125,22.125,20.625,21.75,11.038700103759766,321800
2000-06-22,21.5,21.875,21.25,21.25,10.784944534301758,135000
2000-06-23,21.25,22.1875,21.25,22.0,11.165590286254883,71100
2000-06-26,21.4375,22.4375,21.4375,21.75,11.038700103759766,80300
2000-06-27,21.75,23.375,21.6875,22.875,11.60966682434082,168700
2000-06-28,22.375,23.75,22.375,23.625,11.990317344665527,212900
2000-06-29,23.59375,25.375,22.875,23.0625,11.704827308654785,142100
2000-06-30,23.0625,23.9375,18.5,19.5,9.896769523620605,1290400
2000-07-03,20.75,23.0625,20.71875,23.0625,11.704827308654785,112000
2000-07-05,22.25,22.875,21.0,21.0625,10.689784049987793,226400
2000-07-06,21.75,22.8125,20.625,22.75,11.546231269836426,116300
2000-07-07,22.359375,23.0,21.125,21.375,10.848381042480469,69700
2000-07-10,21.375,22.875,21.375,22.4375,11.387628555297852,107100
2000-07-11,22.75,22.8125,21.5,21.875,11.102143287658691,286500
2000-07-12,22.5,23.5,21.9375,22.5625,11.45106315612793,74600
2000-07-13,22.0,22.859375,21.75,22.75,11.546231269836426,158100
2000-07-14,22.0625,23.375,22.0625,23.125,11.736552238464355,146000
2000-07-17,22.5,23.5625,22.5,23.25,11.799991607666016,229300
2000-07-18,23.75,23.75,23.0,23.5625,11.958597183227539,70400
2000-07-19,23.0,23.625,23.0,23.25,11.799991607666016,52300
2000-07-20,23.1875,24.25,23.1875,24.25,12.30751895904541,147100
2000-07-21,24.0,24.1875,23.375,23.5625,11.958597183227539,102600
2000-07-24,23.5,23.75,23.375,23.75,12.053755760192871,50000
2000-07-25,23.4375,24.0,23.375,23.875,12.117202758789062,58700
2000-07-26,23.75,23.875,23.375,23.75,12.053755760192871,30900
2000-07-27,23.78125,23.96875,23.375,23.875,12.117202758789062,56200
2000-07-28,23.5625,23.625,22.75,23.375,11.86343002319336,158600
2000-07-31,23.8125,23.875,23.1875,23.5,11.926877975463867,49300
2000-08-01,23.8125,23.8125,23.25,23.5,11.926877975463867,132500
2000-08-02,23.5,24.125,23.25,23.9375,12.148916244506836,157600
2000-08-03,23.625,23.9375,23.4375,23.625,11.990317344665527,115500
2000-08-04,23.875,24.0,23.5625,23.625,11.990317344665527,107400
2000-08-07,23.5625,23.9375,23.5625,23.75,12.053755760192871,32000
2000-08-08,23.875,23.875,23.4375,23.4375,11.895155906677246,121800
2000-08-09,23.875,23.875,23.375,23.4375,11.895155906677246,39800
2000-08-10,23.5,23.875,23.5,23.8125,12.085477828979492,331900
2000-08-11,23.75,24.0625,23.5625,24.0,12.180644035339355,114600
2000-08-14,24.03125,24.3125,24.0,24.3125,12.339242935180664,277700
2000-08-15,24.25,24.3125,24.0,24.1875,12.275801658630371,73300
2000-08-16,24.125,24.4375,24.0,24.4375,12.402680397033691,156800
2000-08-17,24.5,24.5,23.5,24.375,12.370964050292969,105700
2000-08-18,24.0,24.4375,24.0,24.25,12.30751895904541,15100
2000-08-21,24.34375,24.4375,24.0,24.0,12.180644035339355,13200
2000-08-22,24.125,24.375,24.125,24.125,12.244088172912598,21900
2000-08-23,24.28125,24.3125,23.875,23.875,12.117202758789062,45100
2000-08-24,24.0625,24.125,23.5,23.8125,12.085477828979492,60200
2000-08-25,23.5,24.0,23.25,23.375,11.86343002319336,72100
2000-08-28,23.34375,23.9375,23.3125,23.3125,11.831709861755371,90600
2000-08-29,23.3125,23.8125,23.25,23.375,11.86343002319336,134900
2000-08-30,23.375,23.625,23.1875,23.3125,11.831709861755371,187000
2000-08-31,23.25,23.625,22.734375,23.0625,11.704827308654785,287900
2000-09-01,23.125,23.3125,22.625,23.3125,11.831709861755371,141700
2000-09-05,23.1875,23.25,22.5625,22.625,11.48278522491455,124600
2000-09-06,22.5625,23.0,22.375,22.5625,11.532621383666992,144900
2000-09-07,22.9375,22.9375,22.5,22.5625,11.532621383666992,47500
2000-09-08,22.8125,23.5,22.8125,23.25,11.884037017822266,250900
2000-09-11,23.3125,24.625,23.125,24.3125,12.427123069763184,389900
2000-09-12,24.5,26.25,24.4375,26.25,13.417459487915039,285800
2000-09-13,25.875,26.1875,25.0,25.46875,13.018125534057617,118700
2000-09-14,25.375,26.125,25.375,25.625,13.097999572753906,62000
2000-09-15,25.03125,25.75,24.25,25.0625,12.810479164123535,194100
2000-09-18,25.0,25.6875,24.0625,25.0625,12.810479164123535,78000
2000-09-19,25.25,25.5,23.75,24.3125,12.427123069763184,180100
2000-09-20,24.5,24.625,24.3125,24.5,12.522958755493164,59600
2000-09-21,24.375,24.75,24.0,24.0625,12.299341201782227,140400
2000-09-22,23.6875,24.5,23.6875,24.328125,12.43510913848877,217400
2000-09-25,24.375,24.5,24.0,24.125,12.331286430358887,117700
2000-09-26,24.3125,24.5,24.0625,24.25,12.395183563232422,129900
2000-09-27,24.4375,24.4375,24.1875,24.375,12.459067344665527,102000
2000-09-28,24.375,24.4375,24.34375,24.375,12.459067344665527,64300
2000-09-29,24.75,24.75,24.25,24.5625,12.554909706115723,178700
2000-10-02,24.25,25.0,24.0,24.0625,12.299341201782227,137000
2000-10-03,24.0,24.9375,24.0,24.25,12.395183563232422,97200
2000-10-04,24.75,24.75,23.875,24.375,12.459067344665527,117100
2000-10-05,24.25,24.875,24.0,24.5,12.522958755493164,120700
2000-10-06,24.5625,25.0,23.875,24.375,12.459067344665527,49700
2000-10-09,24.1875,24.75,23.875,24.1875,12.363228797912598,69300
2000-10-10,24.390625,24.5,23.75,24.375,12.459067344665527,43300
2000-10-11,24.25,24.25,23.6875,24.125,12.331286430358887,153800
2000-10-12,23.9375,24.5625,23.921875,24.5,12.522958755493164,62000
2000-10-13,24.3125,24.875,23.75,24.1875,12.363228797912598,133400
2000-10-16,24.15625,24.75,23.9375,24.0,12.267394065856934,74000
2000-10-17,24.125,24.1875,22.875,23.6875,12.107664108276367,92500
2000-10-18,23.125,24.5625,23.125,24.375,12.459067344665527,79600
2000-10-19,24.125,24.9375,24.125,24.8125,12.682697296142578,82600
2000-10-20,24.8125,25.1875,24.125,24.5,12.522958755493164,60300
2000-10-23,24.609375,24.8125,24.0,24.625,12.586853981018066,96200
2000-10-24,24.4375,25.0625,24.25,24.75,12.650751113891602,96700
2000-10-25,24.25,25.0,23.9375,23.9375,12.235447883605957,65000
2000-10-26,24.5,24.5,23.75,23.875,12.203502655029297,149800
2000-10-27,23.875,24.734375,23.75,24.125,12.331286430358887,71700
2000-10-30,24.125,24.625,23.75,24.546875,12.546920776367188,119300
2000-10-31,23.875,24.75,22.9375,23.625,12.075712203979492,110400
2000-11-01,23.75,24.0,23.125,23.984375,12.259406089782715,113200
2000-11-02,23.5,26.0,23.5,25.625,13.097999572753906,320300
2000-11-03,25.4375,25.4375,24.5,24.75,12.650751113891602,79800
2000-11-06,25.0,25.0625,24.578125,24.8125,12.682697296142578,93900
2000-11-07,24.5,25.0625,23.625,25.0625,12.810479164123535,118300
2000-11-08,24.75,25.3125,24.5,24.625,12.586853981018066,212500
2000-11-09,24.625,25.125,24.0625,24.9375,12.746589660644531,134300
2000-11-10,24.625,25.734375,24.5625,24.6875,12.618802070617676,158600
2000-11-13,25.125,25.25,24.375,25.0,12.778536796569824,71000
2000-11-14,24.75,25.375,24.5625,24.8125,12.682697296142578,83600
2000-11-15,24.875,25.375,24.5,24.96875,12.76256275177002,75700
2000-11-16,24.3125,25.0,24.3125,24.5625,12.554909706115723,99200
2000-11-17,24.9375,25.25,24.125,25.25,12.906322479248047,66400
2000-11-20,25.0,25.125,24.75,24.9375,12.746589660644531,56000
2000-11-21,25.0625,25.0625,24.625,25.0625,12.810479164123535,131300
2000-11-22,25.125,25.25,24.25,25.109375,12.834431648254395,123900
2000-11-24,25.0625,25.5,24.75,25.5,13.034103393554688,81300
2000-11-27,24.625,26.125,24.625,25.5,13.034103393554688,228500
2000-11-28,25.546875,26.875,25.375,26.25,13.417459487915039,157300
2000-11-29,26.0,27.1875,25.75,25.75,13.16189193725586,141000
2000-11-30,25.90625,26.5,25.25,25.9375,13.257733345031738,138800
2000-12-01,25.875,26.25,24.8125,26.0625,13.32161808013916,137700
2000-12-04,26.25,26.875,25.625,26.0,13.289676666259766,134900
2000-12-05,26.0,26.875,25.875,26.375,13.481348991394043,73700
2000-12-06,26.625,26.875,26.0,26.0625,13.408041954040527,105200
2000-12-07,26.5625,26.75,25.9375,26.5,13.633115768432617,63000
2000-12-08,26.25,26.9375,26.0625,26.8125,13.793891906738281,129600
2000-12-11,26.125,27.1875,26.0,27.0625,13.922497749328613,281900
2000-12-12,27.09375,27.125,25.625,25.625,13.182966232299805,109200
2000-12-13,25.984375,26.625,25.3125,26.3125,13.536656379699707,107900
2000-12-14,26.40625,26.40625,25.75,26.0625,13.408041954040527,43600
2000-12-15,25.6875,25.8125,24.125,24.125,12.411284446716309,305500
2000-12-18,24.5625,26.34375,24.5,26.0,13.375897407531738,120900
2000-12-19,25.5625,26.125,25.5,25.5,13.11866569519043,91100
2000-12-20,25.375,26.0,24.625,24.8125,12.764972686767578,119500
2000-12-21,24.8125,25.75,23.375,23.984375,12.338937759399414,223500
2000-12-22,23.875,26.125,23.75,26.0625,13.408041954040527,68600
2000-12-26,26.0,26.4375,25.0625,26.4375,13.600958824157715,112700
2000-12-27,25.5,26.625,25.5,26.625,13.697422981262207,133000
2000-12-28,26.875,27.6875,26.125,27.5,14.147578239440918,137600
2000-12-29,27.375,28.375,26.9375,28.0625,14.436958312988281,269700
2001-01-02,27.75,27.75,26.375,26.5625,13.665273666381836,99000
2001-01-03,26.265625,28.125,26.25,28.0,14.404805183410645,130400
2001-01-04,27.9375,28.375,26.890625,28.0625,14.436958312988281,165500
2001-01-05,28.0,28.125,27.0625,27.9375,14.372654914855957,129300
2001-01-08,27.875,28.5,27.875,28.484375,14.654003143310547,100200
2001-01-09,28.609375,28.75,27.875,27.875,14.340496063232422,139700
2001-01-10,27.828125,28.875,27.828125,28.6875,14.758495330810547,87400
2001-01-11,27.9375,28.75,27.9375,28.5625,14.694184303283691,95300
2001-01-12,27.75,28.6875,27.0,28.6875,14.758495330810547,88600
2001-01-16,27.5,28.625,27.5,28.5,14.662035942077637,285400
2001-01-17,28.375,28.5,27.5625,27.625,14.211886405944824,152700
2001-01-18,28.0625,28.125,27.1875,27.5,14.147578239440918,259600
2001-01-19,27.875,28.125,27.375,27.4375,14.115424156188965,100000
2001-01-22,27.0,28.0,26.5,27.125,13.95465087890625,204900
2001-01-23,27.125,27.875,27.0,27.875,14.340496063232422,67000
2001-01-24,28.0625,28.25,27.375,27.5,14.147578239440918,158900
2001-01-25,27.375,28.1875,27.375,27.96875,14.38872241973877,134000
2001-01-26,27.625,27.96875,27.25,27.375,14.083267211914062,55800
2001-01-29,27.5,28.0,26.875,27.6875,14.24403190612793,91000
2001-01-30,27.0,27.6875,26.75,27.5,14.147578239440918,74400
2001-01-31,26.625,27.25,26.5,26.9375,13.858194351196289,217000
2001-02-01,26.921875,27.875,26.875,27.875,14.340496063232422,179900
2001-02-02,27.5,27.9375,27.0,27.5625,14.179732322692871,101100
2001-02-05,27.734375,27.9375,27.0625,27.6875,14.24403190612793,123300
2001-02-06,27.5625,28.0,27.25,27.8125,14.308337211608887,155900
2001-02-07,27.5,28.0625,27.4375,27.9375,14.372654914855957,191900
2001-02-08,28.0625,28.0625,27.9375,28.0,14.404805183410645,116400
2001-02-09,28.0,28.0625,27.875,27.9375,14.372654914855957,55900
2001-02-12,27.875,29.25,27.8125,29.1875,15.01572036743164,168400
2001-02-13,29.375,29.5625,28.625,29.5,15.176493644714355,201900
2001-02-14,29.125,29.625,29.125,29.375,15.112183570861816,83700
2001-02-15,29.3125,29.625,29.125,29.3125,15.08003044128418,153300
2001-02-16,29.625,29.8125,28.25,28.25,14.533416748046875,108200
2001-02-20,29.25,29.8125,29.0,29.625,15.24079704284668,62700
2001-02-21,29.75,29.8125,28.5,28.6875,14.758495330810547,85800
2001-02-22,29.59375,29.9375,29.1875,29.78125,15.321182250976562,255800
2001-02-23,29.875,29.875,28.71875,29.25,15.047870635986328,62800
2001-02-26,29.875,30.0625,28.9375,30.0625,15.465869903564453,201700
2001-02-27,30.0625,30.1875,29.0,29.3125,15.08003044128418,91400
2001-02-28,29.25,29.71875,28.8125,29.5,15.176493644714355,87000
2001-03-01,28.6875,29.75,28.5625,29.6875,15.272953033447266,73300
2001-03-02,29.8125,30.4375,28.25,30.3125,15.594493865966797,352500
2001-03-05,29.4375,30.5625,29.4375,30.5625,15.723097801208496,77400
2001-03-06,29.9375,30.625,29.375,30.125,15.498031616210938,142700
2001-03-07,30.25,31.0,30.0,30.5,15.690948486328125,253700
2001-03-08,30.5,31.625,30.5,31.5625,16.328567504882812,64600
2001-03-09,31.625,31.875,30.75,31.25,16.166902542114258,69800
2001-03-12,31.0,31.875,30.25,30.375,15.714229583740234,66300
2001-03-13,30.5,31.4375,30.125,31.0,16.037569046020508,66100
2001-03-14,30.5,31.125,29.5,30.625,15.843559265136719,105600
2001-03-15,30.59375,30.9375,30.0,30.0,15.520228385925293,107400
2001-03-16,30.375,30.9375,29.375,30.4375,15.746566772460938,162700
2001-03-19,30.3125,31.0625,29.4375,31.015625,16.045652389526367,63900
2001-03-20,30.625,31.25,29.625,29.625,15.326231002807617,63700
2001-03-21,29.84375,30.25,28.875,29.625,15.326231002807617,65000
2001-03-22,29.625,30.3125,29.0,30.109375,15.57680892944336,84900
2001-03-23,30.0,30.3125,29.625,29.9375,15.487892150878906,112400
2001-03-26,30.0625,30.375,29.375,29.375,15.196887969970703,44900
2001-03-27,29.75,30.0,29.25,29.6875,15.358550071716309,35300
2001-03-28,29.25,30.0,29.0,29.03125,15.019051551818848,477500
2001-03-29,28.875,29.4375,27.59375,27.875,14.420881271362305,143100
2001-03-30,28.359375,29.875,28.0,29.0625,15.035226821899414,286300
2001-04-02,28.875,29.0,27.625,28.125,14.550209045410156,162100
2001-04-03,28.5,28.5,27.4375,27.6875,14.323871612548828,65100
2001-04-04,27.8125,28.75,27.5,28.375,14.679547309875488,194800
2001-04-05,28.6875,28.875,28.0,28.6875,14.84121322631836,147500
2001-04-06,28.6875,28.75,27.4375,28.046875,14.509793281555176,118600
2001-04-09,28.0,28.59000015258789,27.90999984741211,28.329999923706055,14.65626335144043,44000
2001-04-10,28.0,29.25,28.0,28.770000457763672,14.883889198303223,58500
2001-04-11,28.65999984741211,28.739999771118164,27.760000228881836,28.309999465942383,14.64592170715332,57300
2001-04-12,28.489999771118164,29.049999237060547,28.469999313354492,28.829999923706055,14.914934158325195,44800
2001-04-16,28.829999923706055,29.149999618530273,28.5,28.559999465942383,14.775256156921387,23700
2001-04-17,28.5,29.5,28.360000610351562,29.329999923706055,15.173604011535645,51200
2001-04-18,29.489999771118164,30.0,28.809999465942383,29.959999084472656,15.499532699584961,80000
2001-04-19,29.90999984741211,29.93000030517578,28.899999618530273,29.6299991607666,15.328816413879395,34500
2001-04-20,28.709999084472656,29.200000762939453,28.31999969482422,28.790000915527344,14.894241333007812,102900
2001-04-23,29.0,29.299999237060547,28.450000762939453,28.56999969482422,14.780423164367676,35800
2001-04-24,29.399999618530273,29.399999618530273,28.600000381469727,29.389999389648438,15.204644203186035,33900
2001-04-25,28.809999465942383,30.239999771118164,28.809999465942383,29.270000457763672,15.142563819885254,53800
2001-04-26,29.309999465942383,30.0,29.309999465942383,29.440000534057617,15.230508804321289,31400
2001-04-27,29.899999618530273,31.059999465942383,29.75,31.059999465942383,16.068605422973633,74500
2001-04-30,29.8700008392334,30.889999389648438,29.860000610351562,30.170000076293945,15.608175277709961,60800
2001-05-01,29.0,30.950000762939453,28.940000534057617,30.940000534057617,16.00652503967285,65200
2001-05-02,30.940000534057617,30.979999542236328,30.690000534057617,30.790000915527344,15.92892837524414,83700
2001-05-03,30.8799991607666,30.979999542236328,29.40999984741211,29.84000015258789,15.437451362609863,64000
2001-05-04,29.780000686645508,31.25,29.690000534057617,31.149999618530273,16.11516761779785,96100
2001-05-07,31.229999542236328,31.5,29.950000762939453,30.75,15.908236503601074,49300
2001-05-08,30.799999237060547,31.25,30.34000015258789,31.209999084472656,16.146207809448242,56200
2001-05-09,31.030000686645508,31.239999771118164,29.700000762939453,30.760000228881836,15.913398742675781,53600
2001-05-10,30.799999237060547,31.350000381469727,30.530000686645508,31.09000015258789,16.084121704101562,66000
2001-05-11,31.350000381469727,31.3799991607666,30.719999313354492,31.25,16.166902542114258,43400
2001-05-14,30.899999618530273,31.399999618530273,30.899999618530273,31.389999389648438,16.23932647705078,21500
2001-05-15,30.760000228881836,31.209999084472656,30.420000076293945,30.93000030517578,16.0013484954834,114700
2001-05-16,30.75,33.0,30.739999771118164,32.7599983215332,16.94808578491211,129700
2001-05-17,32.02000045776367,32.310001373291016,31.549999237060547,32.220001220703125,16.668718338012695,58000
2001-05-18,31.68000030517578,32.47999954223633,31.5,32.20000076293945,16.658370971679688,52000
2001-05-21,32.0,33.0,31.850000381469727,32.939998626708984,17.04120635986328,50400
2001-05-22,32.900001525878906,33.25,32.22999954223633,33.25,17.201583862304688,34900
2001-05-23,33.20000076293945,34.47999954223633,32.720001220703125,32.880001068115234,17.010169982910156,104200
2001-05-24,33.2400016784668,33.400001525878906,32.880001068115234,33.38999938964844,17.274011611938477,119100
2001-05-25,33.27000045776367,33.38999938964844,32.5,32.650001525878906,16.891176223754883,63900
2001-05-29,32.880001068115234,33.189998626708984,32.38999938964844,32.40999984741211,16.76702308654785,73800
2001-05-30,32.310001373291016,32.9900016784668,32.099998474121094,32.58000183105469,16.854969024658203,66300
2001-05-31,33.0,33.150001525878906,31.0,31.040000915527344,16.058258056640625,114800
2001-06-01,32.29999923706055,32.849998474121094,31.93000030517578,32.400001525878906,16.7618408203125,64700
2001-06-04,32.63999938964844,33.47999954223633,32.02000045776367,33.459999084472656,17.310222625732422,48300
2001-06-05,33.40999984741211,33.75,32.849998474121094,33.380001068115234,17.26883888244629,53200
2001-06-06,33.0,33.650001525878906,32.5,32.95000076293945,17.046377182006836,68700
2001-06-07,33.25,33.25,32.5,33.04999923706055,17.186784744262695,59800
2001-06-08,33.20000076293945,33.20000076293945,32.04999923706055,32.439998626708984,16.869569778442383,29400
2001-06-11,32.439998626708984,32.880001068115234,32.119998931884766,32.400001525878906,16.848772048950195,93500
2001-06-12,32.099998474121094,33.04999923706055,32.099998474121094,32.5099983215332,16.90596580505371,24800
2001-06-13,32.5099983215332,33.20000076293945,32.5099983215332,32.650001525878906,16.978771209716797,72500
2001-06-14,33.220001220703125,33.220001220703125,32.25,32.31999969482422,16.80715560913086,67700
2001-06-15,32.40999984741211,32.61000061035156,32.290000915527344,32.45000076293945,16.87476348876953,171700
2001-06-18,32.5099983215332,32.560001373291016,32.04999923706055,32.45000076293945,16.87476348876953,44000
2001-06-19,32.459999084472656,32.84000015258789,32.15999984741211,32.470001220703125,16.88517951965332,83400
2001-06-20,32.25,33.099998474121094,32.25,33.0,17.160785675048828,96700
2001-06-21,33.25,33.349998474121094,32.84000015258789,32.84000015258789,17.077585220336914,64000
2001-06-22,32.93000030517578,33.20000076293945,31.75,31.75,16.51075553894043,83800
2001-06-25,31.760000228881836,31.920000076293945,31.5,31.5,16.380748748779297,108900
2001-06-26,31.40999984741211,32.900001525878906,31.299999237060547,32.470001220703125,16.88517951965332,68100
2001-06-27,32.650001525878906,32.790000915527344,31.979999542236328,32.5099983215332,16.90596580505371,65400
2001-06-28,32.72999954223633,33.349998474121094,32.0,32.880001068115234,17.09838104248047,42800
2001-06-29,32.689998626708984,33.599998474121094,32.689998626708984,32.97999954223633,17.1503849029541,52600
2001-07-02,32.86000061035156,33.599998474121094,31.989999771118164,33.58000183105469,17.462392807006836,90500
2001-07-03,33.599998474121094,33.619998931884766,32.75,33.349998474121094,17.34279441833496,56000
2001-07-05,33.75,33.75,33.0,33.29999923706055,17.31679344177246,56400
2001-07-06,33.099998474121094,33.47999954223633,32.849998474121094,32.95000076293945,17.13477897644043,52900
2001-07-09,32.959999084472656,33.400001525878906,32.900001525878906,33.189998626708984,17.259592056274414,215100
2001-07-10,33.0,33.75,33.0,33.5,17.42079734802246,123200
2001-07-11,33.310001373291016,33.4900016784668,33.29999923706055,33.36000061035156,17.347997665405273,112200
2001-07-12,33.36000061035156,33.9900016784668,33.36000061035156,33.97999954223633,17.6704158782959,257600
2001-07-13,33.900001525878906,34.0,33.52000045776367,33.52000045776367,17.431201934814453,152000
2001-07-16,33.619998931884766,33.75,33.279998779296875,33.459999084472656,17.399995803833008,120300
2001-07-17,33.54999923706055,33.56999969482422,33.29999923706055,33.54999923706055,17.446800231933594,79500
2001-07-18,33.400001525878906,33.54999923706055,33.279998779296875,33.279998779296875,17.3063907623291,89300
2001-07-19,33.54999923706055,33.54999923706055,33.33000183105469,33.41999816894531,17.37919807434082,32700
2001-07-20,33.36000061035156,33.650001525878906,33.2599983215332,33.400001525878906,17.36879539489746,63900
2001-07-23,33.25,33.56999969482422,32.900001525878906,33.54999923706055,17.446800231933594,45500
2001-07-24,32.95000076293945,33.349998474121094,32.04999923706055,32.349998474121094,16.82276725769043,63800
2001-07-25,32.540000915527344,33.5,32.150001525878906,33.5,17.42079734802246,75900
2001-07-26,33.31999969482422,33.709999084472656,33.0,33.650001525878906,17.49880027770996,70200
2001-07-27,33.47999954223633,33.54999923706055,33.27000045776367,33.27000045776367,17.30118751525879,54400
2001-07-30,33.54999923706055,33.54999923706055,32.849998474121094,33.470001220703125,17.405197143554688,40400
2001-07-31,33.5,33.599998474121094,32.72999954223633,32.779998779296875,17.046377182006836,95600
2001-08-01,32.7400016784668,33.4900016784668,32.7400016784668,33.369998931884766,17.353199005126953,53600
2001-08-02,32.90999984741211,33.599998474121094,32.900001525878906,33.4900016784668,17.41559600830078,180800
2001-08-03,33.54999923706055,33.63999938964844,32.95000076293945,33.59000015258789,17.46759605407715,54300
2001-08-06,33.650001525878906,33.70000076293945,33.150001525878906,33.41999816894531,17.37919807434082,48400
2001-08-07,33.310001373291016,33.849998474121094,33.29999923706055,33.709999084472656,17.529996871948242,70500
2001-08-08,33.70000076293945,34.20000076293945,33.59000015258789,34.02000045776367,17.691213607788086,86400
2001-08-09,33.880001068115234,34.5,33.68000030517578,34.349998474121094,17.862821578979492,67900
2001-08-10,34.04999923706055,34.959999084472656,33.91999816894531,34.25,17.810813903808594,84500
2001-08-13,34.11000061035156,34.11000061035156,33.560001373291016,33.95000076293945,17.65480613708496,68200
2001-08-14,33.849998474121094,34.22999954223633,33.810001373291016,34.13999938964844,17.75361442565918,83500
2001-08-15,34.25,34.25,33.5,33.84000015258789,17.597606658935547,85800
2001-08-16,33.84000015258789,34.0,33.66999816894531,33.849998474121094,17.602800369262695,95600
2001-08-17,33.810001373291016,34.130001068115234,32.58000183105469,33.459999084472656,17.399995803833008,90900
2001-08-20,33.209999084472656,34.20000076293945,33.209999084472656,33.900001525878906,17.628807067871094,115600
2001-08-21,33.849998474121094,34.22999954223633,33.75,34.060001373291016,17.712007522583008,73500
2001-08-22,32.959999084472656,33.75,32.0,32.880001068115234,17.09838104248047,312500
2001-08-23,32.790000915527344,32.91999816894531,32.29999923706055,32.7599983215332,17.035982131958008,193000
2001-08-24,32.880001068115234,32.95000076293945,32.630001068115234,32.849998474121094,17.082786560058594,180700
2001-08-27,32.630001068115234,32.880001068115234,32.45000076293945,32.45000076293945,16.87476348876953,96500
2001-08-28,32.7599983215332,32.7599983215332,32.45000076293945,32.5099983215332,16.90596580505371,96900
2001-08-29,32.5099983215332,32.54999923706055,32.349998474121094,32.5,16.900775909423828,134000
2001-08-30,32.5,32.869998931884766,32.2599983215332,32.33000183105469,16.81236457824707,88000
2001-08-31,32.2599983215332,32.689998626708984,32.25,32.5,16.900775909423828,99400
2001-09-04,32.79999923706055,33.25,32.400001525878906,32.709999084472656,17.00997543334961,142300
2001-09-05,32.75,32.79999923706055,32.400001525878906,32.70000076293945,17.004777908325195,47300
2001-09-06,32.59000015258789,32.689998626708984,31.799999237060547,32.099998474121094,16.780000686645508,73800
2001-09-07,32.5,32.66999816894531,31.899999618530273,32.0099983215332,16.732946395874023,99900
2001-09-10,31.799999237060547,32.970001220703125,31.5,32.04999923706055,16.753868103027344,74500
2001-09-17,31.260000228881836,31.549999237060547,29.280000686645508,29.350000381469727,15.342460632324219,82500
2001-09-18,30.0,30.549999237060547,28.5,29.15999984741211,15.243141174316406,107100
2001-09-19,29.030000686645508,29.549999237060547,28.209999084472656,29.200000762939453,15.264049530029297,56300
2001-09-20,29.149999618530273,29.149999618530273,27.1200008392334,27.600000381469727,14.42766284942627,160400
2001-09-21,25.75,26.25,24.959999084472656,26.100000381469727,13.643548011779785,476700
2001-09-24,26.420000076293945,28.049999237060547,26.399999618530273,27.8799991607666,14.574034690856934,131000
2001-09-25,27.799999237060547,28.450000762939453,27.5,27.850000381469727,14.558345794677734,219200
2001-09-26,28.0,28.350000381469727,27.700000762939453,28.299999237060547,14.7935791015625,163400
2001-09-27,28.190000534057617,28.25,27.65999984741211,28.25,14.76744270324707,135000
2001-09-28,28.270000457763672,29.09000015258789,27.700000762939453,28.010000228881836,14.641983985900879,181500
2001-10-01,27.770000457763672,28.100000381469727,27.260000228881836,27.75,14.506073951721191,169200
2001-10-02,27.889999389648438,29.6200008392334,27.75,29.100000381469727,15.211771965026855,149700
2001-10-03,29.25,30.0,29.149999618530273,29.649999618530273,15.499281883239746,118000
2001-10-04,29.600000381469727,30.0,29.020000457763672,29.469999313354492,15.405186653137207,78400
2001-10-05,29.360000610351562,29.989999771118164,29.110000610351562,29.90999984741211,15.635194778442383,71900
2001-10-08,29.399999618530273,30.170000076293945,28.899999618530273,29.639999389648438,15.494053840637207,47800
2001-10-09,29.350000381469727,30.030000686645508,28.950000762939453,29.469999313354492,15.405186653137207,29700
2001-10-10,29.389999389648438,31.149999618530273,29.0,31.110000610351562,16.262483596801758,86800
2001-10-11,30.799999237060547,31.760000228881836,30.719999313354492,31.469999313354492,16.450672149658203,47300
2001-10-12,31.75,31.75,30.299999237060547,31.350000381469727,16.38794708251953,58900
2001-10-15,31.0,31.459999084472656,30.110000610351562,31.450000762939453,16.44021987915039,76700
2001-10-16,30.979999542236328,31.639999389648438,30.979999542236328,31.100000381469727,16.25725555419922,160800
2001-10-17,31.06999969482422,32.0,31.030000686645508,31.110000610351562,16.262483596801758,147200
2001-10-18,31.399999618530273,32.0,30.950000762939453,30.959999084472656,16.1840763092041,149900
2001-10-19,30.959999084472656,31.309999465942383,30.719999313354492,31.030000686645508,16.22066879272461,59700
2001-10-22,31.139999389648438,31.360000610351562,30.899999618530273,31.09000015258789,16.25202751159668,151000
2001-10-23,31.010000228881836,31.75,30.979999542236328,31.43000030517578,16.42976188659668,65900
2001-10-24,31.540000915527344,31.540000915527344,31.030000686645508,31.100000381469727,16.25725555419922,84200
2001-10-25,31.299999237060547,31.479999542236328,30.950000762939453,31.200000762939453,16.309528350830078,51700
2001-10-26,31.09000015258789,31.5,30.950000762939453,31.149999618530273,16.283403396606445,114000
2001-10-29,31.25,31.25,30.75,30.940000534057617,16.173622131347656,69500
2001-10-30,31.149999618530273,31.149999618530273,30.899999618530273,31.06999969482422,16.241575241088867,125000
2001-10-31,31.15999984741211,31.299999237060547,31.0,31.15999984741211,16.288616180419922,52200
2001-11-01,31.100000381469727,31.100000381469727,29.399999618530273,30.530000686645508,15.959298133850098,100400
2001-11-02,30.510000228881836,31.739999771118164,30.510000228881836,31.079999923706055,16.24679946899414,97600
2001-11-05,31.350000381469727,31.350000381469727,31.0,31.149999618530273,16.283403396606445,362400
2001-11-06,30.709999084472656,31.34000015258789,30.670000076293945,31.06999969482422,16.241575241088867,204600
2001-11-07,31.229999542236328,31.530000686645508,30.899999618530273,31.170000076293945,16.29383659362793,407700
2001-11-08,31.170000076293945,31.610000610351562,30.950000762939453,31.489999771118164,16.46112632751465,83200
2001-11-09,31.610000610351562,31.889999389648438,31.100000381469727,31.3700008392334,16.39839744567871,61500
2001-11-12,31.149999618530273,31.729999542236328,31.100000381469727,31.350000381469727,16.38794708251953,126500
2001-11-13,31.200000762939453,31.979999542236328,31.200000762939453,31.979999542236328,16.717269897460938,44000
2001-11-14,31.5,32.08000183105469,31.5,31.950000762939453,16.701587677001953,115900
2001-11-15,31.989999771118164,32.79999923706055,31.200000762939453,31.200000762939453,16.309528350830078,350900
2001-11-16,31.270000457763672,31.850000381469727,31.030000686645508,31.049999237060547,16.231124877929688,230300
2001-11-19,31.5,31.8700008392334,30.719999313354492,31.729999542236328,16.58658790588379,236700
2001-11-20,31.75,32.97999954223633,31.75,32.279998779296875,16.874094009399414,65000
2001-11-21,32.7400016784668,32.75,31.309999465942383,32.119998931884766,16.790454864501953,65500
2001-11-23,32.119998931884766,32.7400016784668,31.90999984741211,32.43000030517578,16.95250701904297,21200
2001-11-26,32.65999984741211,32.900001525878906,32.470001220703125,32.75,17.119779586791992,129100
2001-11-27,32.849998474121094,33.0,32.400001525878906,32.9900016784668,17.245237350463867,111000
2001-11-28,32.54999923706055,32.97999954223633,32.16999816894531,32.380001068115234,16.92636489868164,96900
2001-11-29,32.220001220703125,33.5,32.220001220703125,33.470001220703125,17.496152877807617,104100
2001-11-30,33.11000061035156,34.0,33.0,33.439998626708984,17.480470657348633,176100
2001-12-03,33.29999923706055,34.0,33.0,33.11000061035156,17.307973861694336,100500
2001-12-04,33.04999923706055,34.04999923706055,32.83000183105469,34.04999923706055,17.799346923828125,44200
2001-12-05,34.04999923706055,34.900001525878906,33.7599983215332,34.849998474121094,18.217540740966797,74200
2001-12-06,34.70000076293945,35.0,34.290000915527344,34.5,18.128206253051758,112400
2001-12-07,34.310001373291016,35.31999969482422,34.18000030517578,34.65999984741211,18.212276458740234,154500
2001-12-10,35.09000015258789,35.09000015258789,34.09000015258789,34.959999084472656,18.36992645263672,61500
2001-12-11,35.11000061035156,35.189998626708984,34.43000030517578,34.880001068115234,18.327878952026367,95200
2001-12-12,34.380001068115234,35.22999954223633,34.380001068115234,35.22999954223633,18.511781692504883,136100
2001-12-13,34.77000045776367,35.45000076293945,34.130001068115234,34.18000030517578,17.96006965637207,136400
2001-12-14,34.599998474121094,35.0,34.25,34.849998474121094,18.31212043762207,71500
2001-12-17,34.849998474121094,35.79999923706055,34.849998474121094,35.790000915527344,18.806047439575195,161700
2001-12-18,35.70000076293945,37.36000061035156,35.54999923706055,37.36000061035156,19.63100814819336,157500
2001-12-19,36.310001373291016,37.33000183105469,36.29999923706055,36.7400016784668,19.305227279663086,173800
2001-12-20,36.88999938964844,36.90999984741211,35.70000076293945,36.08000183105469,18.95842742919922,226500
2001-12-21,35.400001525878906,37.0,35.0,36.369998931884766,19.11081314086914,767000
2001-12-24,36.0,36.709999084472656,35.95000076293945,36.470001220703125,19.163358688354492,94700
2001-12-26,36.290000915527344,36.29999923706055,35.70000076293945,36.0,18.916391372680664,184000
2001-12-27,35.720001220703125,36.099998474121094,35.630001068115234,35.95000076293945,18.89012336730957,221800
2001-12-28,35.900001525878906,35.970001220703125,35.59000015258789,35.84000015258789,18.832319259643555,165100
2001-12-31,36.0,36.099998474121094,35.45000076293945,35.5099983215332,18.65892219543457,219700
2002-01-02,35.5,35.900001525878906,35.2599983215332,35.84000015258789,18.832319259643555,89600
2002-01-03,36.25,36.25,35.599998474121094,35.83000183105469,18.827068328857422,102300
2002-01-04,35.779998779296875,35.90999984741211,35.529998779296875,35.849998474121094,18.837574005126953,135800
2002-01-07,35.959999084472656,36.099998474121094,35.5,35.599998474121094,18.706212997436523,110500
2002-01-08,35.5,36.029998779296875,35.2599983215332,36.029998779296875,18.932159423828125,216600
2002-01-09,36.0,36.20000076293945,35.36000061035156,35.5,18.653667449951172,190000
2002-01-10,35.29999923706055,35.650001525878906,35.150001525878906,35.279998779296875,18.538066864013672,56300
2002-01-11,35.45000076293945,35.45000076293945,34.83000183105469,34.900001525878906,18.33838653564453,94900
2002-01-14,35.099998474121094,35.099998474121094,33.4900016784668,33.5099983215332,17.608009338378906,254800
2002-01-15,33.0,33.70000076293945,33.0,33.33000183105469,17.5134334564209,238700
2002-01-16,33.54999923706055,33.939998626708984,33.25,33.58000183105469,17.644786834716797,219700
2002-01-17,33.849998474121094,34.599998474121094,33.58000183105469,34.560001373291016,18.159738540649414,107400
2002-01-18,34.650001525878906,34.900001525878906,34.29999923706055,34.619998931884766,18.191265106201172,121300
2002-01-22,34.790000915527344,34.79999923706055,34.0,34.29999923706055,18.023113250732422,217500
2002-01-23,34.099998474121094,34.150001525878906,33.70000076293945,34.09000015258789,17.912776947021484,138800
2002-01-24,33.5,34.400001525878906,33.5,34.20000076293945,17.9705810546875,96100
2002-01-25,34.29999923706055,34.52000045776367,33.970001220703125,34.41999816894531,18.086170196533203,162100
2002-01-28,34.5,34.54999923706055,34.08000183105469,34.439998626708984,18.096681594848633,229600
2002-01-29,34.54999923706055,34.54999923706055,33.79999923706055,34.43000030517578,18.091432571411133,121500
2002-01-30,34.439998626708984,34.4900016784668,33.83000183105469,34.25,17.996841430664062,195400
2002-01-31,34.29999923706055,34.54999923706055,34.130001068115234,34.13999938964844,17.939050674438477,188800
2002-02-01,32.099998474121094,34.0,32.08000183105469,33.09000015258789,17.387317657470703,699400
2002-02-04,33.0099983215332,33.18000030517578,32.5,32.540000915527344,17.09831428527832,207000
2002-02-05,32.45000076293945,33.27000045776367,32.400001525878906,33.150001525878906,17.418842315673828,188700
2002-02-06,33.25,33.25,32.29999923706055,33.04999923706055,17.366302490234375,168800
2002-02-07,32.900001525878906,33.13999938964844,32.619998931884766,32.619998931884766,17.140348434448242,103200
2002-02-08,32.810001373291016,33.04999923706055,32.5,33.04999923706055,17.366302490234375,105700
2002-02-11,33.04999923706055,33.099998474121094,32.79999923706055,33.02000045776367,17.350542068481445,57200
2002-02-12,32.7599983215332,33.400001525878906,32.7599983215332,33.150001525878906,17.418842315673828,57600
2002-02-13,33.29999923706055,33.29999923706055,33.04999923706055,33.25,17.471397399902344,198400
2002-02-14,33.33000183105469,33.40999984741211,32.9900016784668,33.119998931884766,17.403076171875,196600
2002-02-15,32.849998474121094,33.66999816894531,32.7599983215332,33.20000076293945,17.44511604309082,89800
2002-02-19,33.20000076293945,33.45000076293945,32.650001525878906,32.86000061035156,17.26646614074707,52500
2002-02-20,33.189998626708984,34.150001525878906,32.79999923706055,34.04999923706055,17.891759872436523,131800
2002-02-21,34.0,34.04999923706055,32.849998474121094,32.849998474121094,17.261207580566406,112800
2002-02-22,32.81999969482422,33.58000183105469,32.689998626708984,33.54999923706055,17.629026412963867,115800
2002-02-25,33.52000045776367,33.97999954223633,33.439998626708984,33.70000076293945,17.707849502563477,141700
2002-02-26,33.84000015258789,34.099998474121094,33.06999969482422,33.650001525878906,17.681575775146484,337900
2002-02-27,33.70000076293945,34.150001525878906,33.560001373291016,33.70000076293945,17.707849502563477,77200
2002-02-28,33.5,33.790000915527344,33.25,33.45000076293945,17.576492309570312,144500
2002-03-01,33.650001525878906,34.04999923706055,33.400001525878906,33.7599983215332,17.739360809326172,154700
2002-03-04,34.060001373291016,34.45000076293945,33.65999984741211,34.0,17.865482330322266,157900
2002-03-05,34.04999923706055,34.18000030517578,33.380001068115234,33.650001525878906,17.681575775146484,239900
2002-03-06,33.7400016784668,34.59000015258789,33.70000076293945,34.5,18.22570037841797,163000
2002-03-07,35.20000076293945,35.5,34.209999084472656,35.0,18.489837646484375,127100
2002-03-08,35.20000076293945,35.619998931884766,35.130001068115234,35.54999923706055,18.7804012298584,180300
2002-03-11,35.29999923706055,36.20000076293945,35.290000915527344,36.04999923706055,19.044538497924805,102200
2002-03-12,35.79999923706055,36.20000076293945,35.400001525878906,35.869998931884766,18.949447631835938,72800
2002-03-13,35.65999984741211,35.970001220703125,34.88999938964844,35.5099983215332,18.75926971435547,42400
2002-03-14,35.9900016784668,36.04999923706055,35.5099983215332,35.88999938964844,18.96001434326172,66000
2002-03-15,36.0,36.83000183105469,35.38999938964844,36.310001373291016,19.181888580322266,195500
2002-03-18,36.5,36.97999954223633,36.20000076293945,36.720001220703125,19.39849090576172,130500
2002-03-19,36.68000030517578,37.45000076293945,36.5,36.91999816894531,19.504140853881836,176900
2002-03-20,36.630001068115234,37.040000915527344,36.56999969482422,36.75,19.414337158203125,83400
2002-03-21,36.70000076293945,36.93000030517578,36.650001525878906,36.79999923706055,19.44074821472168,154300
2002-03-22,36.75,37.119998931884766,36.400001525878906,36.400001525878906,19.22943115234375,104300
2002-03-25,36.349998474121094,36.41999816894531,35.75,36.04999923706055,19.044538497924805,51400
2002-03-26,35.900001525878906,37.060001373291016,35.79999923706055,36.939998626708984,19.51470375061035,63400
2002-03-27,36.900001525878906,37.79999923706055,36.13999938964844,36.540000915527344,19.30339813232422,146200
2002-03-28,36.79999923706055,37.20000076293945,36.599998474121094,37.040000915527344,19.56753921508789,129100
2002-04-01,37.25,37.25,35.849998474121094,36.43000030517578,19.24527359008789,77900
2002-04-02,36.5,36.650001525878906,35.95000076293945,36.279998779296875,19.166040420532227,41100
2002-04-03,36.22999954223633,36.5,35.7599983215332,36.2400016784668,19.144914627075195,158700
2002-04-04,36.29999923706055,36.9900016784668,36.099998474121094,36.720001220703125,19.39849090576172,69400
2002-04-05,36.790000915527344,37.33000183105469,36.790000915527344,36.88999938964844,19.488292694091797,52100
2002-04-08,36.689998626708984,38.0,36.54999923706055,37.959999084472656,20.053544998168945,95500
2002-04-09,37.400001525878906,38.2400016784668,37.349998474121094,38.0099983215332,20.079971313476562,97100
2002-04-10,37.70000076293945,38.5,37.310001373291016,38.290000915527344,20.227888107299805,134500
2002-04-11,38.130001068115234,38.29999923706055,37.68000030517578,37.900001525878906,20.021862030029297,232800
2002-04-12,37.849998474121094,39.099998474121094,37.849998474121094,39.040000915527344,20.624103546142578,128200
2002-04-15,39.04999923706055,39.22999954223633,38.619998931884766,38.81999969482422,20.507883071899414,158400
2002-04-16,38.779998779296875,39.290000915527344,38.619998931884766,39.099998474121094,20.65579605102539,244300
2002-04-17,39.150001525878906,39.25,38.2599983215332,38.52000045776367,20.349390029907227,101800
2002-04-18,38.310001373291016,38.90999984741211,37.4900016784668,37.95000076293945,20.04827308654785,140500
2002-04-19,38.02000045776367,38.63999938964844,37.900001525878906,38.40999984741211,20.291290283203125,122300
2002-04-22,38.5,38.59000015258789,37.90999984741211,38.20000076293945,20.180341720581055,91600
2002-04-23,38.25,38.70000076293945,38.0,38.4900016784668,20.333547592163086,54000
2002-04-24,38.54999923706055,38.70000076293945,37.9900016784668,38.060001373291016,20.10638427734375,75000
2002-04-25,38.04999923706055,38.52000045776367,37.70000076293945,38.5,20.338823318481445,72600
2002-04-26,38.650001525878906,38.650001525878906,37.900001525878906,37.900001525878906,20.021862030029297,58100
2002-04-29,37.900001525878906,38.45000076293945,37.7599983215332,38.15999984741211,20.15921974182129,115000
2002-04-30,38.2599983215332,38.75,38.0099983215332,38.5,20.338823318481445,108300
2002-05-01,38.4900016784668,38.75,38.2599983215332,38.5,20.338823318481445,144500
2002-05-02,38.7400016784668,39.099998474121094,38.349998474121094,38.72999954223633,20.4603328704834,251500
2002-05-03,38.83000183105469,38.95000076293945,38.2599983215332,38.34000015258789,20.254310607910156,292700
2002-05-06,38.25,38.7599983215332,38.25,38.459999084472656,20.31770133972168,182800
2002-05-07,38.29999923706055,39.29999923706055,38.29999923706055,38.54999923706055,20.36524200439453,166200
2002-05-08,38.790000915527344,39.18000030517578,38.54999923706055,39.0,20.602970123291016,141500
2002-05-09,38.650001525878906,40.0,38.650001525878906,39.45000076293945,20.840696334838867,155600
2002-05-10,39.0,39.5,38.5,39.130001068115234,20.671642303466797,95900
2002-05-13,39.650001525878906,40.0,39.09000015258789,39.4900016784668,20.86182403564453,77600
2002-05-14,39.349998474121094,40.0,39.0,39.75,20.999177932739258,101100
2002-05-15,39.790000915527344,39.9900016784668,39.29999923706055,39.75,20.999177932739258,117400
2002-05-16,39.599998474121094,39.810001373291016,39.369998931884766,39.52000045776367,20.87767791748047,57500
2002-05-17,39.560001373291016,39.77000045776367,39.22999954223633,39.5,20.86710548400879,63700
2002-05-20,39.650001525878906,39.650001525878906,38.880001068115234,38.880001068115234,20.539569854736328,56000
2002-05-21,39.29999923706055,39.400001525878906,38.369998931884766,38.61000061035156,20.396940231323242,83100
2002-05-22,38.45000076293945,39.5,38.349998474121094,38.599998474121094,20.391660690307617,106900
2002-05-23,39.15999984741211,39.45000076293945,38.47999954223633,39.31999969482422,20.772016525268555,70700
2002-05-24,39.45000076293945,39.56999969482422,38.560001373291016,38.7400016784668,20.465618133544922,85800
2002-05-28,39.099998474121094,39.099998474121094,38.0,38.66999816894531,20.428630828857422,159000
2002-05-29,38.70000076293945,39.040000915527344,37.91999816894531,38.290000915527344,20.227888107299805,103900
2002-05-30,38.099998474121094,39.06999969482422,37.970001220703125,38.810001373291016,20.502595901489258,108100
2002-05-31,39.08000183105469,39.5,38.52000045776367,38.84000015258789,20.518442153930664,153200
2002-06-03,38.7599983215332,38.970001220703125,37.88999938964844,38.0099983215332,20.079971313476562,134400
2002-06-04,38.38999938964844,38.790000915527344,37.70000076293945,38.33000183105469,20.249019622802734,161700
2002-06-05,38.54999923706055,38.77000045776367,38.099998474121094,38.70000076293945,20.444490432739258,140300
2002-06-06,38.529998779296875,39.130001068115234,38.2400016784668,38.77000045776367,20.57717514038086,122800
2002-06-07,38.29999923706055,39.61000061035156,37.79999923706055,39.529998779296875,20.98054313659668,148200
2002-06-10,39.83000183105469,39.91999816894531,39.09000015258789,39.36000061035156,20.890316009521484,169300
2002-06-11,39.63999938964844,39.72999954223633,39.349998474121094,39.349998474121094,20.885007858276367,122600
2002-06-12,39.59000015258789,39.95000076293945,38.97999954223633,39.880001068115234,21.166303634643555,79100
2002-06-13,39.9900016784668,40.0,38.689998626708984,38.779998779296875,20.582475662231445,83700
2002-06-14,38.5,39.43000030517578,38.060001373291016,39.38999938964844,20.9062442779541,137600
2002-06-17,39.650001525878906,40.95000076293945,39.16999816894531,40.15999984741211,21.314912796020508,106200
2002-06-18,39.95000076293945,40.4900016784668,39.709999084472656,40.11000061035156,21.288381576538086,95200
2002-06-19,39.88999938964844,41.15999984741211,39.29999923706055,39.470001220703125,20.94870376586914,139300
2002-06-20,39.79999923706055,40.47999954223633,39.20000076293945,39.52000045776367,20.975236892700195,129600
2002-06-21,40.09000015258789,40.099998474121094,38.599998474121094,38.88999938964844,20.6408634185791,259300
2002-06-24,38.68000030517578,39.20000076293945,37.4900016784668,38.25,20.301179885864258,141800
2002-06-25,38.29999923706055,38.5,37.310001373291016,37.650001525878906,19.98273277282715,165400
2002-06-26,37.29999923706055,38.11000061035156,36.52000045776367,37.56999969482422,19.940265655517578,182400
2002-06-27,37.75,37.75,36.36000061035156,36.5099983215332,19.377670288085938,285900
2002-06-28,36.099998474121094,36.88999938964844,35.5,35.65999984741211,18.926538467407227,782700
2002-07-01,35.599998474121094,37.20000076293945,35.0,36.27000045776367,19.250301361083984,207700
2002-07-02,36.08000183105469,36.83000183105469,35.68000030517578,36.439998626708984,19.34051513671875,187200
2002-07-03,36.61000061035156,37.099998474121094,35.22999954223633,35.47999954223633,18.831003189086914,131700
2002-07-05,35.9900016784668,37.400001525878906,35.65999984741211,36.900001525878906,19.584674835205078,54300
2002-07-08,36.900001525878906,37.290000915527344,36.599998474121094,36.849998474121094,19.558128356933594,76100
2002-07-09,36.810001373291016,37.560001373291016,36.7599983215332,36.900001525878906,19.584674835205078,105800
2002-07-10,37.0,37.209999084472656,35.689998626708984,36.040000915527344,19.128231048583984,94400
2002-07-11,36.0,36.29999923706055,34.61000061035156,35.7400016784668,18.968996047973633,91900
2002-07-12,35.72999954223633,36.36000061035156,34.86000061035156,35.29999923706055,18.7354679107666,56700
2002-07-15,35.2599983215332,35.90999984741211,33.79999923706055,35.869998931884766,19.038000106811523,213800
2002-07-16,35.400001525878906,35.4900016784668,34.529998779296875,34.93000030517578,18.539087295532227,129300
2002-07-17,35.119998931884766,35.63999938964844,34.130001068115234,35.15999984741211,18.66117286682129,115500
2002-07-18,35.540000915527344,35.7599983215332,34.209999084472656,34.529998779296875,18.32678985595703,91700
2002-07-19,34.349998474121094,34.439998626708984,33.02000045776367,33.29999923706055,17.673973083496094,182200
2002-07-22,33.599998474121094,34.27000045776367,31.549999237060547,32.68000030517578,17.34490394592285,157400
2002-07-23,32.41999816894531,33.959999084472656,32.099998474121094,33.2599983215332,17.652729034423828,120100
2002-07-24,33.349998474121094,34.75,32.869998931884766,34.5,18.31086540222168,141200
2002-07-25,34.459999084472656,34.650001525878906,32.93000030517578,34.33000183105469,18.22063636779785,165400
2002-07-26,34.38999938964844,34.5099983215332,33.2400016784668,34.11000061035156,18.1038761138916,91000
2002-07-29,34.2400016784668,36.68000030517578,34.2400016784668,36.619998931884766,19.436058044433594,146700
2002-07-30,36.5,36.86000061035156,35.529998779296875,36.79999923706055,19.531593322753906,104200
2002-07-31,36.25,37.369998931884766,35.939998626708984,37.369998931884766,19.834117889404297,133500
2002-08-01,37.5,37.81999969482422,36.349998474121094,36.65999984741211,19.45728874206543,105200
2002-08-02,36.36000061035156,36.880001068115234,35.79999923706055,36.43000030517578,19.3352108001709,150800
2002-08-05,36.43000030517578,36.849998474121094,36.290000915527344,36.29999923706055,19.266216278076172,89600
2002-08-06,36.369998931884766,36.9900016784668,35.900001525878906,36.220001220703125,19.22376251220703,189000
2002-08-07,36.40999984741211,36.849998474121094,35.97999954223633,36.56999969482422,19.409513473510742,139900
2002-08-08,36.779998779296875,37.22999954223633,35.900001525878906,37.09000015258789,19.685508728027344,88400
2002-08-09,36.79999923706055,37.88999938964844,36.099998474121094,37.439998626708984,19.871274948120117,120500
2002-08-12,37.439998626708984,38.59000015258789,37.439998626708984,38.119998931884766,20.232181549072266,186800
2002-08-13,38.119998931884766,38.790000915527344,37.38999938964844,37.40999984741211,19.85536003112793,145400
2002-08-14,37.349998474121094,38.36000061035156,36.91999816894531,38.29999923706055,20.327720642089844,94700
2002-08-15,38.29999923706055,38.63999938964844,37.810001373291016,38.540000915527344,20.455097198486328,82800
2002-08-16,38.540000915527344,39.779998779296875,38.209999084472656,39.130001068115234,20.768238067626953,111700
2002-08-19,39.119998931884766,39.5,38.77000045776367,38.91999816894531,20.656787872314453,99200
2002-08-20,39.0099983215332,39.54999923706055,38.40999984741211,39.27000045776367,20.842538833618164,93400
2002-08-21,39.150001525878906,39.66999816894531,38.189998626708984,38.880001068115234,20.63554573059082,153200
2002-08-22,38.900001525878906,39.04999923706055,38.709999084472656,38.93000030517578,20.66209602355957,73000
2002-08-23,39.599998474121094,40.849998474121094,39.099998474121094,39.25,20.831928253173828,169100
2002-08-26,39.290000915527344,40.599998474121094,39.290000915527344,40.2599983215332,21.367992401123047,79700
2002-08-27,40.5,41.4900016784668,40.25,40.81999969482422,21.66520118713379,165900
2002-08-28,40.689998626708984,41.099998474121094,40.099998474121094,40.880001068115234,21.697059631347656,146100
2002-08-29,40.90999984741211,41.630001068115234,40.43000030517578,41.29999923706055,21.919979095458984,115200
2002-08-30,41.04999923706055,41.95000076293945,40.75,41.189998626708984,21.861583709716797,102200
2002-09-03,41.189998626708984,41.65999984741211,40.36000061035156,41.150001525878906,21.840347290039062,181100
2002-09-04,41.16999816894531,42.970001220703125,41.04999923706055,42.959999084472656,22.801015853881836,190000
2002-09-05,43.0,44.099998474121094,42.20000076293945,44.0,23.352998733520508,351200
2002-09-06,44.0,44.27000045776367,43.439998626708984,44.130001068115234,23.518207550048828,257200
2002-09-09,44.119998931884766,44.650001525878906,43.599998474121094,44.209999084472656,23.56083869934082,262400
2002-09-10,44.20000076293945,44.75,43.939998626708984,44.2599983215332,23.587478637695312,367200
2002-09-11,44.150001525878906,44.75,44.150001525878906,44.619998931884766,23.779335021972656,350000
2002-09-12,44.5,45.5099983215332,44.0099983215332,44.709999084472656,23.827299118041992,398200
2002-09-13,44.189998626708984,44.900001525878906,43.810001373291016,44.689998626708984,23.81663703918457,233200
2002-09-16,44.84000015258789,45.0,44.31999969482422,44.54999923706055,23.742036819458008,195500
2002-09-17,44.45000076293945,44.95000076293945,43.439998626708984,44.58000183105469,23.758026123046875,298100
2002-09-18,44.54999923706055,44.849998474121094,43.15999984741211,44.619998931884766,23.779335021972656,343600
2002-09-19,44.400001525878906,44.79999923706055,43.22999954223633,43.27000045776367,23.05987548828125,177100
2002-09-20,43.5,44.0099983215332,43.0,43.88999938964844,23.390308380126953,319200
2002-09-23,43.75,44.18000030517578,42.54999923706055,42.9900016784668,22.910667419433594,109800
2002-09-24,42.70000076293945,42.9900016784668,42.29999923706055,42.459999084472656,22.628210067749023,308100
2002-09-25,42.619998931884766,43.400001525878906,41.81999969482422,42.25,22.516292572021484,258700
2002-09-26,42.400001525878906,43.279998779296875,42.220001220703125,43.09000015258789,22.963953018188477,214800
2002-09-27,43.25,43.25,41.63999938964844,42.18000030517578,22.478994369506836,172900
2002-09-30,41.869998931884766,42.72999954223633,41.16999816894531,42.119998931884766,22.447010040283203,141800
2002-10-01,42.06999969482422,43.81999969482422,41.83000183105469,43.790000915527344,23.33700942993164,324600
2002-10-02,43.369998931884766,43.970001220703125,42.5,43.33000183105469,23.09185791015625,174600
2002-10-03,44.0,44.650001525878906,43.36000061035156,43.58000183105469,23.22509002685547,146000
2002-10-04,43.689998626708984,44.29999923706055,42.83000183105469,42.91999816894531,22.873367309570312,184900
2002-10-07,43.0,44.099998474121094,41.68000030517578,41.79999923706055,22.27646255493164,149000
2002-10-08,41.90999984741211,43.29999923706055,41.90999984741211,42.93000030517578,22.87868881225586,172100
2002-10-09,42.72999954223633,42.880001068115234,41.41999816894531,41.619998931884766,22.180545806884766,132400
2002-10-10,41.400001525878906,42.189998626708984,40.83000183105469,41.29999923706055,22.01001739501953,209300
2002-10-11,41.900001525878906,42.95000076293945,41.599998474121094,42.709999084472656,22.76143455505371,117800
2002-10-14,42.650001525878906,43.599998474121094,42.43000030517578,43.40999984741211,23.134485244750977,82900
2002-10-15,43.630001068115234,44.650001525878906,43.29999923706055,44.43000030517578,23.678081512451172,117300
2002-10-16,44.41999816894531,44.88999938964844,43.81999969482422,44.720001220703125,23.8326358795166,174100
2002-10-17,44.849998474121094,46.880001068115234,44.560001373291016,46.7400016784668,24.909149169921875,271400
2002-10-18,46.849998474121094,46.849998474121094,45.529998779296875,45.68000030517578,24.3442440032959,338800
2002-10-21,46.20000076293945,46.20000076293945,44.68000030517578,45.83000183105469,24.424179077148438,185700
2002-10-22,45.29999923706055,45.900001525878906,45.02000045776367,45.38999938964844,24.189693450927734,128700
2002-10-23,44.81999969482422,45.81999969482422,44.81999969482422,45.689998626708984,24.349576950073242,69000
2002-10-24,45.54999923706055,47.20000076293945,45.38999938964844,45.59000015258789,24.296281814575195,233300
2002-10-25,45.72999954223633,46.33000183105469,45.459999084472656,46.22999954223633,24.637357711791992,77800
2002-10-28,46.56999969482422,46.650001525878906,45.599998474121094,45.84000015258789,24.429508209228516,59500
2002-10-29,45.7599983215332,46.40999984741211,45.0,46.220001220703125,24.63201904296875,99600
2002-10-30,46.220001220703125,46.54999923706055,45.7599983215332,46.0,24.5147762298584,91400
2002-10-31,46.040000915527344,46.5,44.77000045776367,45.45000076293945,24.221664428710938,139900
2002-11-01,42.5099983215332,42.75,36.29999923706055,36.45000076293945,19.425310134887695,1823800
2002-11-04,36.5099983215332,37.5099983215332,35.060001373291016,36.599998474121094,19.505233764648438,581400
2002-11-05,36.959999084472656,37.189998626708984,36.0099983215332,37.06999969482422,19.755712509155273,224400
2002-11-06,37.189998626708984,37.45000076293945,36.18000030517578,36.939998626708984,19.686439514160156,166500
2002-11-07,36.7599983215332,37.0099983215332,36.0,36.18000030517578,19.28140640258789,192500
2002-11-08,36.47999954223633,36.91999816894531,34.63999938964844,35.040000915527344,18.673866271972656,332200
2002-11-11,35.2400016784668,35.5,34.70000076293945,34.810001373291016,18.55130386352539,201500
2002-11-12,35.41999816894531,35.41999816894531,33.810001373291016,34.11000061035156,18.178247451782227,334600
2002-11-13,34.11000061035156,34.689998626708984,33.29999923706055,33.869998931884766,18.050334930419922,268200
2002-11-14,34.25,34.630001068115234,33.45000076293945,33.599998474121094,17.90644645690918,330400
2002-11-15,33.88999938964844,33.88999938964844,33.27000045776367,33.5,17.853160858154297,467000
2002-11-18,33.720001220703125,34.459999084472656,33.400001525878906,33.86000061035156,18.045015335083008,220800
2002-11-19,34.0,34.900001525878906,33.619998931884766,34.45000076293945,18.359434127807617,177300
2002-11-20,34.22999954223633,34.61000061035156,33.869998931884766,34.61000061035156,18.4447078704834,144500
2002-11-21,34.720001220703125,35.75,34.400001525878906,35.09000015258789,18.700517654418945,731200
2002-11-22,34.540000915527344,35.279998779296875,34.5099983215332,34.869998931884766,18.58326530456543,215700
2002-11-25,35.310001373291016,36.20000076293945,34.81999969482422,35.790000915527344,19.073562622070312,352900
2002-11-26,36.25,36.25,35.310001373291016,35.9900016784668,19.18016242980957,244400
2002-11-27,36.25,36.709999084472656,35.7599983215332,36.65999984741211,19.537200927734375,195400
2002-11-29,36.75,36.75,36.13999938964844,36.189998626708984,19.2867374420166,78200
2002-12-02,37.0,37.650001525878906,36.29999923706055,36.790000915527344,19.606489181518555,251000
2002-12-03,36.52000045776367,37.400001525878906,36.099998474121094,36.2400016784668,19.313379287719727,119500
2002-12-04,36.060001373291016,36.56999969482422,36.060001373291016,36.369998931884766,19.382659912109375,376000
2002-12-05,36.58000183105469,37.2400016784668,36.099998474121094,36.970001220703125,19.702423095703125,241400
2002-12-06,36.02000045776367,37.36000061035156,36.02000045776367,37.2599983215332,19.964977264404297,210200
2002-12-09,37.25,37.45000076293945,37.0,37.33000183105469,20.002492904663086,166400
2002-12-10,37.439998626708984,38.0,37.29999923706055,37.650001525878906,20.1739559173584,163700
2002-12-11,37.650001525878906,38.61000061035156,37.25,38.5,20.629404067993164,438100
2002-12-12,38.060001373291016,39.0,37.9900016784668,38.119998931884766,20.425790786743164,186800
2002-12-13,38.04999923706055,38.720001220703125,37.75,37.84000015258789,20.275758743286133,244200
2002-12-16,38.630001068115234,38.63999938964844,37.790000915527344,38.529998779296875,20.645475387573242,261200
2002-12-17,38.40999984741211,38.63999938964844,37.70000076293945,37.79999923706055,20.25432586669922,225100
2002-12-18,37.79999923706055,37.869998931884766,37.279998779296875,37.650001525878906,20.1739559173584,142200
2002-12-19,36.79999923706055,38.029998779296875,36.75,37.650001525878906,20.1739559173584,249800
2002-12-20,38.25,38.29999923706055,37.59000015258789,38.11000061035156,20.42043113708496,168300
2002-12-23,38.060001373291016,38.900001525878906,38.060001373291016,38.63999938964844,20.704423904418945,142800
2002-12-24,38.95000076293945,39.09000015258789,38.56999969482422,38.7400016784668,20.758007049560547,33800
2002-12-26,38.58000183105469,39.59000015258789,38.58000183105469,39.2400016784668,21.025920867919922,134600
2002-12-27,39.15999984741211,39.15999984741211,38.400001525878906,38.400001525878906,20.575824737548828,146600
2002-12-30,38.4900016784668,39.18000030517578,38.349998474121094,38.95000076293945,20.870534896850586,153400
2002-12-31,38.75,39.810001373291016,38.54999923706055,39.08000183105469,20.940195083618164,171300
2003-01-02,38.5099983215332,39.779998779296875,38.5,39.11000061035156,20.956266403198242,279400
2003-01-03,38.779998779296875,39.099998474121094,38.25,38.540000915527344,20.650842666625977,135700
2003-01-06,38.0099983215332,39.68000030517578,38.0099983215332,39.290000915527344,21.05270767211914,229500
2003-01-07,39.0,39.849998474121094,38.72999954223633,38.939998626708984,20.86516571044922,205900
2003-01-08,38.540000915527344,38.97999954223633,38.29999923706055,38.61000061035156,20.688339233398438,96100
2003-01-09,38.41999816894531,39.36000061035156,38.41999816894531,38.93000030517578,20.859817504882812,87300
2003-01-10,38.650001525878906,39.38999938964844,38.59000015258789,39.20000076293945,21.00448226928711,122200
2003-01-13,39.099998474121094,39.77000045776367,38.900001525878906,39.529998779296875,21.181316375732422,182300
2003-01-14,39.25,39.56999969482422,38.75,39.13999938964844,20.972335815429688,103100
2003-01-15,39.13999938964844,39.13999938964844,38.52000045776367,38.70000076293945,20.736574172973633,297500
2003-01-16,38.79999923706055,39.4900016784668,38.56999969482422,38.970001220703125,20.881240844726562,110300
2003-01-17,38.900001525878906,38.95000076293945,38.15999984741211,38.189998626708984,20.463294982910156,253600
2003-01-21,38.15999984741211,38.5099983215332,38.15999984741211,38.25,20.495447158813477,252900
2003-01-22,38.75,38.75,37.900001525878906,38.25,20.495447158813477,96400
2003-01-23,38.25,38.349998474121094,37.79999923706055,38.27000045776367,20.506168365478516,86000
2003-01-24,38.4900016784668,38.4900016784668,37.5,37.529998779296875,20.109649658203125,184700
2003-01-27,37.02000045776367,37.77000045776367,37.02000045776367,37.310001373291016,19.991771697998047,106600
2003-01-28,37.279998779296875,38.540000915527344,37.099998474121094,37.90999984741211,20.31326675415039,168400
2003-01-29,38.41999816894531,38.41999816894531,37.20000076293945,38.11000061035156,20.42043113708496,108100
2003-01-30,37.900001525878906,38.38999938964844,37.5,38.25,20.495447158813477,170200
2003-01-31,38.0099983215332,39.47999954223633,38.0099983215332,39.22999954223633,21.020559310913086,186800
2003-02-03,38.939998626708984,39.72999954223633,38.400001525878906,38.650001525878906,20.709779739379883,212900
2003-02-04,38.459999084472656,39.099998474121094,38.2599983215332,38.91999816894531,20.854454040527344,116500
2003-02-05,39.2400016784668,39.599998474121094,38.84000015258789,38.900001525878906,20.843738555908203,78300
2003-02-06,39.09000015258789,39.16999816894531,38.369998931884766,38.59000015258789,20.677621841430664,156800
2003-02-07,38.459999084472656,38.459999084472656,37.7400016784668,37.79999923706055,20.25432586669922,179000
2003-02-10,37.900001525878906,38.72999954223633,37.70000076293945,38.40999984741211,20.58118438720703,153900
2003-02-11,38.279998779296875,38.5099983215332,37.68000030517578,37.9900016784668,20.356128692626953,179900
2003-02-12,37.72999954223633,37.97999954223633,37.25,37.29999923706055,19.986412048339844,75900
2003-02-13,37.68000030517578,38.029998779296875,37.20000076293945,37.83000183105469,20.270397186279297,87000
2003-02-14,37.54999923706055,37.9900016784668,37.06999969482422,37.290000915527344,19.981054306030273,110700
2003-02-18,37.38999938964844,38.16999816894531,37.15999984741211,38.040000915527344,20.38292121887207,98400
2003-02-19,37.84000015258789,37.880001068115234,36.779998779296875,37.09000015258789,19.873886108398438,96200
2003-02-20,37.34000015258789,37.400001525878906,36.81999969482422,37.279998779296875,19.975690841674805,62000
2003-02-21,36.779998779296875,37.529998779296875,36.77000045776367,37.400001525878906,20.039995193481445,47300
2003-02-24,37.459999084472656,37.459999084472656,36.90999984741211,37.099998474121094,19.879241943359375,83700
2003-02-25,37.09000015258789,37.97999954223633,37.09000015258789,37.97999954223633,20.350770950317383,67800
2003-02-26,37.599998474121094,37.9900016784668,37.189998626708984,37.22999954223633,19.94890785217285,79800
2003-02-27,37.38999938964844,37.869998931884766,37.18000030517578,37.7599983215332,20.232887268066406,157400
2003-02-28,37.959999084472656,38.16999816894531,37.709999084472656,37.97999954223633,20.350770950317383,82200
2003-03-03,37.83000183105469,38.529998779296875,37.83000183105469,37.95000076293945,20.334701538085938,83800
2003-03-04,37.81999969482422,38.08000183105469,37.790000915527344,37.79999923706055,20.25432586669922,137900
2003-03-05,37.72999954223633,37.79999923706055,37.279998779296875,37.31999969482422,19.997127532958984,98500
2003-03-06,36.77000045776367,37.33000183105469,36.720001220703125,36.9900016784668,19.927099227905273,112900
2003-03-07,36.83000183105469,37.47999954223633,36.83000183105469,37.47999954223633,20.191072463989258,108700
2003-03-10,37.119998931884766,37.25,36.0099983215332,36.22999954223633,19.517671585083008,118900
2003-03-11,36.0099983215332,37.02000045776367,36.0099983215332,36.31999969482422,19.566158294677734,96900
2003-03-12,36.279998779296875,36.31999969482422,35.36000061035156,35.470001220703125,19.108243942260742,205100
2003-03-13,35.38999938964844,35.650001525878906,35.2599983215332,35.5099983215332,19.12979507446289,135800
2003-03-14,35.41999816894531,36.560001373291016,35.310001373291016,36.40999984741211,19.61463737487793,156400
2003-03-17,35.72999954223633,37.150001525878906,35.5099983215332,37.150001525878906,20.013288497924805,58900
2003-03-18,37.04999923706055,37.16999816894531,36.470001220703125,37.119998931884766,19.997127532958984,134900
2003-03-19,36.95000076293945,37.95000076293945,36.95000076293945,37.68000030517578,20.298818588256836,82500
2003-03-20,37.810001373291016,39.0,37.58000183105469,38.310001373291016,20.638198852539062,115900
2003-03-21,38.72999954223633,38.95000076293945,38.130001068115234,38.52000045776367,20.751331329345703,114500
2003-03-24,37.88999938964844,38.310001373291016,37.56999969482422,37.65999984741211,20.288036346435547,124800
2003-03-25,37.5,38.15999984741211,37.43000030517578,37.900001525878906,20.41733169555664,140400
2003-03-26,37.560001373291016,38.349998474121094,37.560001373291016,38.349998474121094,20.659753799438477,107900
2003-03-27,37.709999084472656,38.79999923706055,37.709999084472656,38.72999954223633,20.86446189880371,89700
2003-03-28,38.189998626708984,38.7400016784668,38.189998626708984,38.47999954223633,20.729782104492188,119800
2003-03-31,38.369998931884766,39.13999938964844,37.4900016784668,38.34000015258789,20.654361724853516,132700
2003-04-01,38.47999954223633,39.880001068115234,38.45000076293945,39.790000915527344,21.43550682067871,225600
2003-04-02,39.29999923706055,41.209999084472656,39.29999923706055,41.08000183105469,22.130451202392578,122700
2003-04-03,40.849998474121094,41.09000015258789,40.060001373291016,40.34000015258789,21.73179817199707,128100
2003-04-04,40.20000076293945,40.66999816894531,40.20000076293945,40.369998931884766,21.74793815612793,47900
2003-04-07,40.7599983215332,41.650001525878906,40.20000076293945,40.41999816894531,21.774887084960938,87100
2003-04-08,40.09000015258789,41.099998474121094,40.09000015258789,40.81999969482422,21.99036979675293,92000
2003-04-09,41.0,41.54999923706055,40.56999969482422,41.0099983215332,22.09273338317871,158200
2003-04-10,41.060001373291016,41.099998474121094,40.130001068115234,40.83000183105469,21.995759963989258,54500
2003-04-11,40.970001220703125,41.20000076293945,39.84000015258789,40.5099983215332,21.82337760925293,100200
2003-04-14,39.86000061035156,40.970001220703125,39.86000061035156,40.599998474121094,21.87186050415039,134900
2003-04-15,40.2400016784668,41.7599983215332,40.2400016784668,41.709999084472656,22.46983528137207,127300
2003-04-16,41.93000030517578,41.93000030517578,40.5099983215332,40.619998931884766,21.882627487182617,97200
2003-04-17,40.5099983215332,41.43000030517578,40.20000076293945,41.40999984741211,22.308210372924805,60200
2003-04-21,41.5,41.529998779296875,40.79999923706055,40.97999954223633,22.07657241821289,74700
2003-04-22,40.97999954223633,42.0,40.75,41.630001068115234,22.426742553710938,123600
2003-04-23,41.650001525878906,41.93000030517578,41.220001220703125,41.689998626708984,22.459064483642578,79100
2003-04-24,40.900001525878906,42.470001220703125,40.900001525878906,42.380001068115234,22.83078384399414,141900
2003-04-25,42.040000915527344,42.41999816894531,41.869998931884766,42.029998779296875,22.642210006713867,73100
2003-04-28,42.41999816894531,42.5,41.880001068115234,42.47999954223633,22.884639739990234,193900
2003-04-29,42.619998931884766,42.849998474121094,42.150001525878906,42.790000915527344,23.05164909362793,113200
2003-04-30,42.849998474121094,43.11000061035156,42.29999923706055,42.7400016784668,23.02471923828125,97900
2003-05-01,40.54999923706055,40.959999084472656,38.0099983215332,38.25,20.605873107910156,403800
2003-05-02,37.959999084472656,38.20000076293945,37.650001525878906,38.09000015258789,20.51968765258789,272800
2003-05-05,37.93000030517578,38.13999938964844,37.38999938964844,37.54999923706055,20.228778839111328,207600
2003-05-06,37.470001220703125,38.0,37.40999984741211,37.70000076293945,20.30957794189453,170300
2003-05-07,38.0,39.13999938964844,37.599998474121094,39.119998931884766,21.074554443359375,185800
2003-05-08,39.119998931884766,39.119998931884766,37.91999816894531,38.65999984741211,20.826749801635742,135100
2003-05-09,38.2400016784668,39.16999816894531,38.22999954223633,39.0,21.009910583496094,134500
2003-05-12,39.0,39.0,38.54999923706055,38.79999923706055,20.90216827392578,157500
2003-05-13,38.9900016784668,39.099998474121094,38.09000015258789,38.59000015258789,20.789030075073242,284600
2003-05-14,38.59000015258789,38.59000015258789,38.20000076293945,38.34000015258789,20.654361724853516,111500
2003-05-15,38.4900016784668,38.599998474121094,37.93000030517578,38.43000030517578,20.702848434448242,92900
2003-05-16,38.59000015258789,38.59000015258789,37.79999923706055,38.099998474121094,20.525070190429688,111000
2003-05-19,37.70000076293945,38.11000061035156,37.599998474121094,37.65999984741211,20.288036346435547,71200
2003-05-20,37.459999084472656,38.2400016784668,37.2599983215332,37.869998931884766,20.401172637939453,62500
2003-05-21,38.2400016784668,38.2400016784668,37.52000045776367,37.75,20.336517333984375,112200
2003-05-22,37.90999984741211,38.189998626708984,37.7599983215332,37.97999954223633,20.460420608520508,95700
2003-05-23,38.04999923706055,38.130001068115234,37.79999923706055,38.0,20.471193313598633,124800
2003-05-27,38.13999938964844,38.38999938964844,37.599998474121094,38.36000061035156,20.665142059326172,112200
2003-05-28,38.4900016784668,39.150001525878906,38.369998931884766,38.970001220703125,20.99376106262207,118600
2003-05-29,38.540000915527344,39.189998626708984,38.27000045776367,38.560001373291016,20.77288055419922,87200
2003-05-30,38.310001373291016,38.790000915527344,38.310001373291016,38.689998626708984,20.842912673950195,151600
2003-06-02,39.0,39.0,38.5099983215332,38.689998626708984,20.842912673950195,100700
2003-06-03,38.93000030517578,39.25,38.400001525878906,38.849998474121094,20.92911720275879,87200
2003-06-04,39.25,39.36000061035156,38.5,38.9900016784668,21.0045223236084,235400
2003-06-05,38.66999816894531,39.09000015258789,38.619998931884766,39.02000045776367,21.02069091796875,128600
2003-06-06,38.9900016784668,39.459999084472656,38.63999938964844,39.150001525878906,21.19938087463379,74800
2003-06-09,39.119998931884766,39.4900016784668,38.79999923706055,38.880001068115234,21.05317497253418,113500
2003-06-10,39.0,39.40999984741211,38.900001525878906,39.029998779296875,21.13440704345703,55900
2003-06-11,38.91999816894531,39.41999816894531,38.90999984741211,39.29999923706055,21.280603408813477,90200
2003-06-12,39.31999969482422,39.5,39.119998931884766,39.400001525878906,21.33475112915039,52800
2003-06-13,39.540000915527344,39.540000915527344,38.290000915527344,38.77000045776367,20.993614196777344,73400
2003-06-16,39.0,39.869998931884766,38.65999984741211,39.86000061035156,21.583839416503906,66300
2003-06-17,39.790000915527344,39.790000915527344,39.099998474121094,39.56999969482422,21.426801681518555,39000
2003-06-18,39.880001068115234,39.880001068115234,39.459999084472656,39.709999084472656,21.502613067626953,66600
2003-06-19,39.900001525878906,39.900001525878906,38.41999816894531,38.7599983215332,20.98819351196289,102500
2003-06-20,38.2400016784668,39.439998626708984,38.22999954223633,39.25,21.253536224365234,258100
2003-06-23,39.400001525878906,39.400001525878906,38.66999816894531,38.970001220703125,21.101911544799805,132300
2003-06-24,38.849998474121094,39.650001525878906,38.849998474121094,39.16999816894531,21.21021270751953,100700
2003-06-25,39.90999984741211,39.90999984741211,39.099998474121094,39.27000045776367,21.26434898376465,56500
2003-06-26,39.279998779296875,39.38999938964844,38.95000076293945,39.040000915527344,21.139822006225586,129300
2003-06-27,39.040000915527344,39.18000030517578,38.93000030517578,39.08000183105469,21.161476135253906,79900
2003-06-30,39.150001525878906,39.150001525878906,38.599998474121094,38.689998626708984,20.950292587280273,129600
2003-07-01,38.54999923706055,38.75,37.90999984741211,38.68000030517578,20.944883346557617,242900
2003-07-02,38.470001220703125,39.0,38.15999984741211,39.0,21.118152618408203,56200
2003-07-03,39.029998779296875,39.59000015258789,38.45000076293945,39.33000183105469,21.29684829711914,43900
2003-07-07,39.650001525878906,39.65999984741211,39.2599983215332,39.65999984741211,21.475542068481445,109600
2003-07-08,39.540000915527344,39.59000015258789,39.290000915527344,39.540000915527344,21.41057014465332,54900
2003-07-09,39.41999816894531,39.849998474121094,39.0099983215332,39.849998474121094,21.578432083129883,60300
2003-07-10,39.84000015258789,40.029998779296875,39.38999938964844,40.029998779296875,21.67589569091797,109200
2003-07-11,40.099998474121094,40.400001525878906,39.70000076293945,40.310001373291016,21.827512741088867,61300
2003-07-14,40.400001525878906,40.97999954223633,40.02000045776367,40.720001220703125,22.04952049255371,71800
2003-07-15,40.790000915527344,41.25,39.900001525878906,40.099998474121094,21.713794708251953,90000
2003-07-16,40.45000076293945,40.45000076293945,39.880001068115234,40.099998474121094,21.713794708251953,81800
2003-07-17,40.209999084472656,40.2400016784668,39.5099983215332,39.970001220703125,21.643400192260742,52500
2003-07-18,39.5099983215332,40.0,39.29999923706055,39.72999954223633,21.513442993164062,48900
2003-07-21,39.79999923706055,40.34000015258789,39.470001220703125,40.34000015258789,21.843746185302734,144600
2003-07-22,40.0,40.5,39.61000061035156,39.810001373291016,21.5567626953125,65100
2003-07-23,39.900001525878906,40.0,39.52000045776367,39.90999984741211,21.610912322998047,63000
2003-07-24,39.90999984741211,40.119998931884766,39.25,39.54999923706055,21.415977478027344,56200
2003-07-25,39.68000030517578,39.880001068115234,39.25,39.540000915527344,21.41057014465332,88300
2003-07-28,39.81999969482422,40.15999984741211,39.5,40.0,21.659643173217773,57300
2003-07-29,40.0,40.529998779296875,39.130001068115234,40.279998779296875,21.81126594543457,100400
2003-07-30,40.63999938964844,40.689998626708984,40.11000061035156,40.66999816894531,22.022445678710938,91700
2003-07-31,40.33000183105469,40.720001220703125,40.0,40.099998474121094,21.713794708251953,46800
2003-08-01,40.0099983215332,40.400001525878906,39.709999084472656,40.29999923706055,21.822093963623047,41800
2003-08-04,40.45000076293945,40.83000183105469,40.189998626708984,40.5099983215332,21.93580436706543,50000
2003-08-05,40.58000183105469,40.58000183105469,40.20000076293945,40.33000183105469,21.838346481323242,85700
2003-08-06,40.279998779296875,40.56999969482422,39.310001373291016,39.310001373291016,21.286020278930664,59600
2003-08-07,39.810001373291016,39.810001373291016,39.310001373291016,39.79999923706055,21.551345825195312,38600
2003-08-08,39.619998931884766,39.79999923706055,39.33000183105469,39.77000045776367,21.53510856628418,29800
2003-08-11,39.79999923706055,39.880001068115234,39.400001525878906,39.86000061035156,21.583839416503906,42500
2003-08-12,39.06999969482422,39.86000061035156,39.06999969482422,39.790000915527344,21.54593849182129,76600
2003-08-13,39.79999923706055,39.79999923706055,39.619998931884766,39.75,21.524272918701172,28800
2003-08-14,39.290000915527344,39.88999938964844,39.290000915527344,39.529998779296875,21.4051456451416,48400
2003-08-15,39.88999938964844,39.95000076293945,39.43000030517578,39.619998931884766,21.453868865966797,32800
2003-08-18,39.95000076293945,40.040000915527344,39.5099983215332,39.79999923706055,21.551345825195312,63300
2003-08-19,39.400001525878906,40.27000045776367,39.400001525878906,40.27000045776367,21.80585479736328,142900
2003-08-20,40.27000045776367,40.27000045776367,39.849998474121094,39.9900016784668,21.65423011779785,49100
2003-08-21,40.25,40.52000045776367,39.849998474121094,40.52000045776367,21.941219329833984,116100
2003-08-22,40.61000061035156,40.61000061035156,38.709999084472656,39.36000061035156,21.313087463378906,89300
2003-08-25,39.380001068115234,40.0,38.95000076293945,39.93000030517578,21.62174415588379,56700
2003-08-26,40.06999969482422,40.06999969482422,38.75,39.88999938964844,21.600080490112305,55800
2003-08-27,40.06999969482422,40.25,39.58000183105469,39.88999938964844,21.600080490112305,50500
2003-08-28,40.09000015258789,40.09000015258789,39.11000061035156,39.47999954223633,21.378070831298828,49200
2003-08-29,39.290000915527344,39.77000045776367,39.16999816894531,39.5,21.388900756835938,37100
2003-09-02,39.470001220703125,41.0,39.470001220703125,40.65999984741211,22.017030715942383,104500
2003-09-03,41.0,41.16999816894531,40.439998626708984,40.61000061035156,21.989965438842773,95500
2003-09-04,40.439998626708984,41.540000915527344,40.400001525878906,41.209999084472656,22.31485366821289,103800
2003-09-05,41.369998931884766,41.86000061035156,40.90999984741211,40.95000076293945,22.1740665435791,66700
2003-09-08,41.2599983215332,41.349998474121094,40.79999923706055,41.06999969482422,22.348190307617188,48300
2003-09-09,40.599998474121094,41.16999816894531,39.79999923706055,40.209999084472656,21.88022804260254,53100
2003-09-10,39.869998931884766,40.40999984741211,39.619998931884766,40.33000183105469,21.945524215698242,89800
2003-09-11,40.290000915527344,40.630001068115234,40.04999923706055,40.599998474121094,22.092439651489258,44300
2003-09-12,40.65999984741211,41.40999984741211,40.40999984741211,41.119998931884766,22.37540054321289,59200
2003-09-15,40.88999938964844,41.43000030517578,40.310001373291016,40.45000076293945,22.010814666748047,28400
2003-09-16,40.29999923706055,41.119998931884766,40.29999923706055,41.099998474121094,22.364511489868164,24000
2003-09-17,41.119998931884766,41.369998931884766,40.619998931884766,41.279998779296875,22.462472915649414,27700
2003-09-18,41.939998626708984,41.939998626708984,40.810001373291016,41.65999984741211,22.66922950744629,38600
2003-09-19,41.09000015258789,42.0,40.81999969482422,42.0,22.8542537689209,62200
2003-09-22,41.369998931884766,41.58000183105469,40.810001373291016,40.939998626708984,22.277450561523438,31800
2003-09-23,40.81999969482422,41.2400016784668,40.459999084472656,40.66999816894531,22.130531311035156,39900
2003-09-24,40.54999923706055,40.63999938964844,40.029998779296875,40.029998779296875,21.78228187561035,24200
2003-09-25,40.189998626708984,40.47999954223633,39.900001525878906,39.93000030517578,21.727863311767578,36900
2003-09-26,39.91999816894531,39.9900016784668,39.31999969482422,39.380001068115234,21.428586959838867,60600
2003-09-29,39.68000030517578,40.08000183105469,39.349998474121094,40.08000183105469,21.80948257446289,22800
2003-09-30,39.7599983215332,41.54999923706055,39.650001525878906,39.900001525878906,21.71154022216797,88600
2003-10-01,40.439998626708984,40.5,39.81999969482422,40.099998474121094,21.82036590576172,34500
2003-10-02,40.08000183105469,40.41999816894531,39.95000076293945,40.0,21.765945434570312,54300
2003-10-03,40.0,40.63999938964844,39.75,40.4900016784668,22.032594680786133,99500
2003-10-06,40.13999938964844,40.95000076293945,40.099998474121094,40.91999816894531,22.26656150817871,25500
2003-10-07,40.619998931884766,41.09000015258789,40.619998931884766,41.08000183105469,22.35364532470703,63200
2003-10-08,41.13999938964844,41.20000076293945,40.45000076293945,40.75,22.174070358276367,53600
2003-10-09,40.59000015258789,41.0099983215332,40.59000015258789,41.0,22.31009864807129,93200
2003-10-10,40.900001525878906,41.099998474121094,40.72999954223633,40.900001525878906,22.25568389892578,74400
2003-10-13,41.0,41.459999084472656,41.0,41.0099983215332,22.315547943115234,39200
2003-10-14,41.439998626708984,41.4900016784668,40.83000183105469,40.9900016784668,22.304662704467773,32000
2003-10-15,41.459999084472656,41.459999084472656,40.7400016784668,40.7599983215332,22.179500579833984,30900
2003-10-16,41.0,41.2599983215332,40.599998474121094,40.84000015258789,22.223045349121094,20900
2003-10-17,41.130001068115234,41.130001068115234,40.040000915527344,40.59000015258789,22.087003707885742,81700
2003-10-20,40.869998931884766,40.869998931884766,40.38999938964844,40.5,22.038034439086914,23900
2003-10-21,40.5099983215332,41.27000045776367,40.20000076293945,40.77000045776367,22.184940338134766,95000
2003-10-22,40.290000915527344,40.79999923706055,40.290000915527344,40.599998474121094,22.092439651489258,57800
2003-10-23,40.75,40.869998931884766,40.150001525878906,40.349998474121094,21.956409454345703,58100
2003-10-24,40.56999969482422,40.56999969482422,39.75,40.08000183105469,21.80948257446289,40000
2003-10-27,40.0,40.369998931884766,38.849998474121094,39.36000061035156,21.417692184448242,156900
2003-10-28,39.11000061035156,40.119998931884766,39.11000061035156,40.119998931884766,21.831249237060547,147400
2003-10-29,40.349998474121094,40.5,39.689998626708984,39.7599983215332,21.635356903076172,85100
2003-10-30,39.63999938964844,40.20000076293945,39.439998626708984,40.150001525878906,21.847578048706055,195200
2003-10-31,39.36000061035156,40.22999954223633,39.36000061035156,39.709999084472656,21.60814666748047,81100
2003-11-03,39.84000015258789,40.5,39.84000015258789,40.459999084472656,22.016263961791992,61100
2003-11-04,40.349998474121094,40.529998779296875,39.83000183105469,40.0,21.765945434570312,45600
2003-11-05,40.130001068115234,40.130001068115234,39.54999923706055,40.06999969482422,21.804040908813477,67700
2003-11-06,40.060001373291016,40.279998779296875,39.81999969482422,40.2400016784668,21.896556854248047,62400
2003-11-07,40.369998931884766,40.380001068115234,39.709999084472656,39.9900016784668,21.760509490966797,81500
2003-11-10,40.22999954223633,40.22999954223633,39.619998931884766,39.79999923706055,21.65711784362793,100200
2003-11-11,39.79999923706055,40.04999923706055,39.66999816894531,39.88999938964844,21.706092834472656,35600
2003-11-12,40.0,40.45000076293945,39.880001068115234,40.349998474121094,21.956409454345703,63800
2003-11-13,40.45000076293945,40.7400016784668,40.38999938964844,40.5,22.038034439086914,28300
2003-11-14,40.5,40.75,40.349998474121094,40.5,22.038034439086914,63200
2003-11-17,40.41999816894531,41.130001068115234,40.41999816894531,41.040000915527344,22.33186912536621,51800
2003-11-18,41.119998931884766,41.220001220703125,40.65999984741211,40.81999969482422,22.212154388427734,50000
2003-11-19,40.630001068115234,41.029998779296875,40.5099983215332,41.029998779296875,22.326427459716797,58100
2003-11-20,41.02000045776367,41.130001068115234,40.56999969482422,40.58000183105469,22.081560134887695,99300
2003-11-21,40.70000076293945,40.84000015258789,40.36000061035156,40.790000915527344,22.195833206176758,48800
2003-11-24,40.810001373291016,41.70000076293945,40.310001373291016,41.650001525878906,22.663799285888672,72300
2003-11-25,41.650001525878906,41.86000061035156,41.25,41.849998474121094,22.772624969482422,43800
2003-11-26,41.9900016784668,42.0,41.439998626708984,41.86000061035156,22.778066635131836,66700
2003-11-28,41.95000076293945,42.560001373291016,41.63999938964844,41.97999954223633,22.843374252319336,43200
2003-12-01,41.900001525878906,42.380001068115234,41.79999923706055,42.15999984741211,22.941308975219727,87100
2003-12-02,42.380001068115234,43.599998474121094,42.279998779296875,43.540000915527344,23.692243576049805,137800
2003-12-03,43.61000061035156,43.810001373291016,43.33000183105469,43.459999084472656,23.648704528808594,84600
2003-12-04,43.279998779296875,43.5,43.099998474121094,43.45000076293945,23.643259048461914,127500
2003-12-05,43.29999923706055,43.310001373291016,42.650001525878906,42.720001220703125,23.246047973632812,175100
2003-12-08,42.75,43.0,42.40999984741211,42.63999938964844,23.328100204467773,98400
2003-12-09,42.459999084472656,42.970001220703125,42.31999969482422,42.810001373291016,23.421113967895508,72600
2003-12-10,42.599998474121094,43.099998474121094,42.54999923706055,43.0099983215332,23.53053092956543,111300
2003-12-11,42.77000045776367,43.2599983215332,42.77000045776367,43.13999938964844,23.601652145385742,61300
2003-12-12,43.2599983215332,43.2599983215332,42.79999923706055,43.2400016784668,23.656362533569336,126600
2003-12-15,43.2400016784668,43.5099983215332,42.790000915527344,42.790000915527344,23.41017723083496,142400
2003-12-16,43.099998474121094,43.29999923706055,42.790000915527344,43.11000061035156,23.58524513244629,135300
2003-12-17,43.40999984741211,43.40999984741211,42.810001373291016,43.0,23.525049209594727,178600
2003-12-18,43.11000061035156,43.70000076293945,42.779998779296875,43.68000030517578,23.897077560424805,102600
2003-12-19,43.22999954223633,43.95000076293945,43.22999954223633,43.650001525878906,23.880661010742188,67700
2003-12-22,43.93000030517578,44.16999816894531,43.349998474121094,44.15999984741211,24.159687042236328,113200
2003-12-23,43.79999923706055,44.58000183105469,43.75,44.58000183105469,24.38946533203125,85200
2003-12-24,44.4900016784668,44.66999816894531,44.31999969482422,44.47999954223633,24.334741592407227,27700
2003-12-26,44.68000030517578,44.709999084472656,44.189998626708984,44.189998626708984,24.176101684570312,11000
2003-12-29,44.68000030517578,44.959999084472656,44.150001525878906,44.900001525878906,24.564533233642578,61300
2003-12-30,44.709999084472656,45.220001220703125,44.709999084472656,45.18000030517578,24.71771240234375,68800
2003-12-31,45.22999954223633,45.470001220703125,45.099998474121094,45.15999984741211,24.706777572631836,108600
2004-01-02,45.33000183105469,46.220001220703125,44.95000076293945,45.84000015258789,25.07880210876465,105500
2004-01-05,45.630001068115234,46.540000915527344,45.630001068115234,46.11000061035156,25.226516723632812,73500
2004-01-06,45.900001525878906,46.29999923706055,45.709999084472656,45.709999084472656,25.00768280029297,111200
2004-01-07,45.70000076293945,45.70000076293945,45.040000915527344,45.66999816894531,24.985794067382812,44700
2004-01-08,46.65999984741211,46.65999984741211,45.189998626708984,45.209999084472656,24.7341251373291,38600
2004-01-09,45.869998931884766,46.43000030517578,45.040000915527344,45.619998931884766,24.95844078063965,73100
2004-01-12,45.650001525878906,45.849998474121094,45.2599983215332,45.47999954223633,24.881858825683594,125000
2004-01-13,45.25,45.40999984741211,45.130001068115234,45.27000045776367,24.76696014404297,90300
2004-01-14,45.43000030517578,45.849998474121094,45.18000030517578,45.5,24.892791748046875,108800
2004-01-15,45.5,45.869998931884766,45.400001525878906,45.75,25.029550552368164,99700
2004-01-16,45.970001220703125,46.0,45.5099983215332,45.650001525878906,24.974851608276367,52400
2004-01-20,45.880001068115234,46.0,45.56999969482422,45.86000061035156,25.089752197265625,85200
2004-01-21,45.61000061035156,46.18000030517578,45.599998474121094,45.70000076293945,25.002220153808594,78800
2004-01-22,45.66999816894531,45.849998474121094,45.58000183105469,45.7400016784668,25.02410888671875,135700
2004-01-23,45.59000015258789,45.91999816894531,45.29999923706055,45.65999984741211,24.98032569885254,72000
2004-01-26,45.31999969482422,45.880001068115234,45.31999969482422,45.86000061035156,25.089752197265625,64000
2004-01-27,45.58000183105469,45.66999816894531,45.220001220703125,45.29999923706055,24.783374786376953,53000
2004-01-28,45.2599983215332,45.52000045776367,44.54999923706055,44.54999923706055,24.3730525970459,64800
2004-01-29,44.400001525878906,44.900001525878906,42.13999938964844,43.06999969482422,23.563343048095703,220300
2004-01-30,43.16999816894531,43.16999816894531,42.25,42.810001373291016,23.421113967895508,83100
2004-02-02,42.720001220703125,42.77000045776367,42.150001525878906,42.41999816894531,23.207744598388672,166200
2004-02-03,42.43000030517578,42.709999084472656,42.040000915527344,42.16999816894531,23.070974349975586,53700
2004-02-04,42.11000061035156,42.709999084472656,42.11000061035156,42.650001525878906,23.333576202392578,69100
2004-02-05,42.15999984741211,42.90999984741211,42.15999984741211,42.90999984741211,23.475818634033203,48500
2004-02-06,42.90999984741211,42.91999816894531,42.29999923706055,42.54999923706055,23.278867721557617,162600
2004-02-09,42.5,43.25,42.5,42.93000030517578,23.486759185791016,82400
2004-02-10,42.91999816894531,43.2400016784668,42.869998931884766,43.029998779296875,23.54146957397461,35300
2004-02-11,42.91999816894531,43.150001525878906,42.720001220703125,43.0,23.525049209594727,39500
2004-02-12,43.04999923706055,43.08000183105469,42.400001525878906,42.400001525878906,23.19681167602539,58300
2004-02-13,42.4900016784668,43.099998474121094,42.38999938964844,43.04999923706055,23.55240821838379,45400
2004-02-17,42.810001373291016,43.2599983215332,42.810001373291016,42.97999954223633,23.514116287231445,68900
2004-02-18,43.290000915527344,43.29999923706055,42.970001220703125,43.11000061035156,23.58524513244629,59700
2004-02-19,43.290000915527344,43.36000061035156,42.72999954223633,43.029998779296875,23.54146957397461,110700
2004-02-20,43.040000915527344,43.040000915527344,42.20000076293945,42.29999923706055,23.142091751098633,44200
2004-02-23,42.54999923706055,42.54999923706055,41.459999084472656,41.459999084472656,22.682531356811523,55900
2004-02-24,41.54999923706055,41.84000015258789,41.2599983215332,41.540000915527344,22.726306915283203,76100
2004-02-25,41.439998626708984,41.77000045776367,41.13999938964844,41.540000915527344,22.726306915283203,48500
2004-02-26,41.58000183105469,42.36000061035156,41.5,41.970001220703125,22.9615478515625,74800
2004-02-27,42.06999969482422,42.47999954223633,41.93000030517578,42.38999938964844,23.19131851196289,77400
2004-03-01,42.59000015258789,42.70000076293945,42.220001220703125,42.65999984741211,23.339048385620117,85200
2004-03-02,42.58000183105469,43.27000045776367,42.58000183105469,43.13999938964844,23.601652145385742,104000
2004-03-03,42.93000030517578,43.220001220703125,41.790000915527344,42.75,23.388286590576172,53600
2004-03-04,43.20000076293945,43.20000076293945,41.59000015258789,42.040000915527344,22.99985122680664,65900
2004-03-05,41.970001220703125,42.130001068115234,41.7400016784668,41.9900016784668,22.972484588623047,56100
2004-03-08,41.630001068115234,41.75,41.400001525878906,41.40999984741211,22.779953002929688,33000
2004-03-09,41.349998474121094,41.91999816894531,41.27000045776367,41.83000183105469,23.010995864868164,129400
2004-03-10,42.290000915527344,42.52000045776367,41.86000061035156,41.939998626708984,23.071510314941406,69200
2004-03-11,41.849998474121094,42.880001068115234,41.849998474121094,42.11000061035156,23.165027618408203,106300
2004-03-12,41.90999984741211,42.689998626708984,41.599998474121094,42.630001068115234,23.451082229614258,79500
2004-03-15,42.59000015258789,42.59000015258789,41.56999969482422,41.56999969482422,22.86797332763672,33500
2004-03-16,41.939998626708984,41.970001220703125,41.5099983215332,41.5099983215332,22.834957122802734,31500
2004-03-17,41.41999816894531,41.88999938964844,41.41999816894531,41.619998931884766,22.895475387573242,44100
2004-03-18,41.5099983215332,41.560001373291016,41.150001525878906,41.220001220703125,22.675430297851562,56600
2004-03-19,40.849998474121094,41.02000045776367,40.58000183105469,40.599998474121094,22.334369659423828,70600
2004-03-22,40.56999969482422,40.599998474121094,39.310001373291016,39.34000015258789,21.641225814819336,87100
2004-03-23,39.630001068115234,39.790000915527344,39.27000045776367,39.540000915527344,21.75126075744629,170700
2004-03-24,39.650001525878906,39.650001525878906,39.09000015258789,39.09000015258789,21.50369644165039,103600
2004-03-25,39.099998474121094,39.75,39.060001373291016,39.63999938964844,21.806251525878906,78300
2004-03-26,39.63999938964844,39.790000915527344,39.22999954223633,39.7400016784668,21.861270904541016,71400
2004-03-29,39.599998474121094,39.959999084472656,39.40999984741211,39.790000915527344,21.888774871826172,53500
2004-03-30,39.70000076293945,40.27000045776367,39.650001525878906,40.099998474121094,22.059310913085938,59200
2004-03-31,40.29999923706055,40.84000015258789,39.599998474121094,40.400001525878906,22.22435188293457,94200
2004-04-01,40.369998931884766,41.45000076293945,40.369998931884766,40.9900016784668,22.548904418945312,172800
2004-04-02,41.209999084472656,41.63999938964844,40.95000076293945,41.029998779296875,22.57090950012207,80100
2004-04-05,41.02000045776367,41.650001525878906,40.790000915527344,41.63999938964844,22.906471252441406,52900
2004-04-06,41.529998779296875,41.61000061035156,41.0,41.02000045776367,22.565410614013672,62400
2004-04-07,41.650001525878906,42.470001220703125,40.91999816894531,42.04999923706055,23.132020950317383,112400
2004-04-08,42.0,42.27000045776367,41.650001525878906,41.65999984741211,22.9174747467041,40200
2004-04-12,42.209999084472656,42.209999084472656,41.09000015258789,41.5,22.8294677734375,65400
2004-04-13,41.439998626708984,41.939998626708984,41.2599983215332,41.61000061035156,22.889978408813477,57500
2004-04-14,41.66999816894531,42.70000076293945,41.209999084472656,42.650001525878906,23.46208381652832,233000
2004-04-15,42.72999954223633,42.72999954223633,42.0,42.540000915527344,23.401582717895508,65500
2004-04-16,42.58000183105469,43.0,42.380001068115234,42.90999984741211,23.605112075805664,48700
2004-04-19,42.849998474121094,42.849998474121094,42.06999969482422,42.68000030517578,23.478586196899414,55900
2004-04-20,42.310001373291016,42.959999084472656,41.540000915527344,41.619998931884766,22.895475387573242,74300
2004-04-21,41.52000045776367,42.31999969482422,41.52000045776367,42.06999969482422,23.143024444580078,104200
2004-04-22,42.16999816894531,42.939998626708984,41.90999984741211,42.79999923706055,23.544599533081055,111000
2004-04-23,42.720001220703125,43.20000076293945,42.720001220703125,43.040000915527344,23.676624298095703,81000
2004-04-26,42.88999938964844,43.97999954223633,42.88999938964844,43.290000915527344,23.814151763916016,80300
2004-04-27,43.290000915527344,43.68000030517578,42.41999816894531,42.47999954223633,23.368572235107422,94100
2004-04-28,42.439998626708984,42.56999969482422,41.77000045776367,41.959999084472656,23.082515716552734,51300
2004-04-29,41.959999084472656,42.220001220703125,41.25,41.58000183105469,22.873477935791016,94600
2004-04-30,41.349998474121094,41.599998474121094,41.02000045776367,41.29999923706055,22.719440460205078,96500
2004-05-03,41.29999923706055,41.47999954223633,40.869998931884766,41.20000076293945,22.664440155029297,80800
2004-05-04,40.939998626708984,41.06999969482422,40.61000061035156,41.0,22.554412841796875,70600
2004-05-05,40.540000915527344,41.20000076293945,40.540000915527344,40.86000061035156,22.477397918701172,53000
2004-05-06,40.81999969482422,41.0099983215332,40.06999969482422,40.41999816894531,22.2353458404541,58300
2004-05-07,40.290000915527344,40.84000015258789,39.720001220703125,39.72999954223633,21.855772018432617,80700
2004-05-10,39.630001068115234,40.0,39.290000915527344,39.36000061035156,21.652236938476562,53200
2004-05-11,39.22999954223633,39.95000076293945,39.22999954223633,39.689998626708984,21.833763122558594,53800
2004-05-12,39.47999954223633,39.70000076293945,38.52000045776367,39.34000015258789,21.641225814819336,65900
2004-05-13,39.529998779296875,39.529998779296875,38.88999938964844,39.02000045776367,21.46519660949707,47700
2004-05-14,39.0,39.20000076293945,38.36000061035156,38.720001220703125,21.30015754699707,56300
2004-05-17,38.599998474121094,39.06999969482422,38.04999923706055,38.95000076293945,21.426694869995117,51900
2004-05-18,38.90999984741211,39.90999984741211,38.66999816894531,39.0099983215332,21.459686279296875,83500
2004-05-19,39.04999923706055,39.310001373291016,38.060001373291016,38.20000076293945,21.014114379882812,69600
2004-05-20,38.11000061035156,38.31999969482422,38.0,38.310001373291016,21.074617385864258,51700
2004-05-21,38.099998474121094,38.59000015258789,38.04999923706055,38.59000015258789,21.228647232055664,67200
2004-05-24,38.65999984741211,39.31999969482422,38.22999954223633,39.22999954223633,21.58072280883789,85500
2004-05-25,39.09000015258789,40.25,38.97999954223633,40.0,22.004304885864258,56400
2004-05-26,39.790000915527344,40.619998931884766,39.70000076293945,40.619998931884766,22.34536361694336,84700
2004-05-27,40.400001525878906,40.84000015258789,40.400001525878906,40.72999954223633,22.4058780670166,73300
2004-05-28,40.459999084472656,40.83000183105469,39.650001525878906,39.95000076293945,21.976791381835938,96200
2004-06-01,39.70000076293945,40.16999816894531,39.290000915527344,39.90999984741211,21.954795837402344,93100
2004-06-02,40.060001373291016,40.93000030517578,39.93000030517578,40.279998779296875,22.1583251953125,100100
2004-06-03,40.209999084472656,40.369998931884766,39.790000915527344,39.810001373291016,21.899776458740234,96800
2004-06-04,40.0,40.209999084472656,39.81999969482422,40.13999938964844,22.081317901611328,72800
2004-06-07,40.02000045776367,40.939998626708984,40.02000045776367,40.849998474121094,22.47188377380371,103700
2004-06-08,40.56999969482422,41.09000015258789,40.5099983215332,41.06999969482422,22.720840454101562,53200
2004-06-09,41.040000915527344,41.619998931884766,40.77000045776367,40.900001525878906,22.626798629760742,93800
2004-06-10,40.77000045776367,41.150001525878906,40.720001220703125,41.060001373291016,22.715314865112305,41100
2004-06-14,41.02000045776367,41.52000045776367,40.970001220703125,41.130001068115234,22.75404167175293,89000
2004-06-15,41.38999938964844,41.83000183105469,40.90999984741211,41.38999938964844,22.89787483215332,68100
2004-06-16,41.349998474121094,42.2599983215332,41.349998474121094,42.209999084472656,23.351516723632812,76100
2004-06-17,42.0099983215332,42.77000045776367,42.0099983215332,42.36000061035156,23.434497833251953,82400
2004-06-18,42.36000061035156,43.189998626708984,42.099998474121094,43.189998626708984,23.893674850463867,238000
2004-06-21,43.0099983215332,43.650001525878906,42.45000076293945,42.939998626708984,23.755367279052734,105000
2004-06-22,42.650001525878906,44.15999984741211,42.650001525878906,44.060001373291016,24.374980926513672,126700
2004-06-23,43.68000030517578,44.130001068115234,43.59000015258789,44.0,24.341779708862305,81500
2004-06-24,43.939998626708984,44.099998474121094,43.13999938964844,43.27000045776367,23.937931060791016,75600
2004-06-25,43.209999084472656,43.31999969482422,38.65999984741211,42.720001220703125,23.6336612701416,889200
2004-06-28,42.66999816894531,42.68000030517578,41.5,41.79999923706055,23.124696731567383,229900
2004-06-29,42.099998474121094,42.20000076293945,41.38999938964844,41.630001068115234,23.030649185180664,258900
2004-06-30,41.790000915527344,41.790000915527344,41.400001525878906,41.63999938964844,23.036178588867188,136800
2004-07-01,41.779998779296875,41.779998779296875,41.040000915527344,41.040000915527344,22.70425033569336,86600
2004-07-02,41.0,41.310001373291016,40.93000030517578,40.93000030517578,22.64339256286621,55700
2004-07-06,40.86000061035156,40.970001220703125,39.88999938964844,40.2599983215332,22.272735595703125,106200
2004-07-07,40.130001068115234,40.72999954223633,39.779998779296875,40.459999084472656,22.383377075195312,107300
2004-07-08,40.349998474121094,40.77000045776367,39.4900016784668,39.70000076293945,21.962919235229492,113800
2004-07-09,39.5099983215332,40.529998779296875,39.5099983215332,40.290000915527344,22.28932762145996,79700
2004-07-12,40.189998626708984,40.189998626708984,39.400001525878906,39.689998626708984,21.9573917388916,60300
2004-07-13,39.720001220703125,40.20000076293945,39.61000061035156,39.9900016784668,22.12335777282715,48200
2004-07-14,39.90999984741211,40.5,39.79999923706055,39.79999923706055,22.01824378967285,97000
2004-07-15,40.02000045776367,40.02000045776367,39.34000015258789,39.540000915527344,21.874420166015625,89700
2004-07-16,39.5099983215332,39.709999084472656,39.02000045776367,39.08000183105469,21.619935989379883,77200
2004-07-19,39.29999923706055,39.40999984741211,39.0,39.02000045776367,21.58673858642578,81500
2004-07-20,39.0,39.70000076293945,38.849998474121094,39.5,21.852277755737305,114200
2004-07-21,39.52000045776367,39.70000076293945,38.2599983215332,38.2599983215332,21.16628074645996,97700
2004-07-22,38.279998779296875,38.97999954223633,37.95000076293945,38.900001525878906,21.520339965820312,157300
2004-07-23,38.790000915527344,38.9900016784668,38.529998779296875,38.7400016784668,21.43184471130371,127300
2004-07-26,38.599998474121094,39.099998474121094,38.189998626708984,38.810001373291016,21.470561981201172,122000
2004-07-27,39.029998779296875,39.91999816894531,38.52000045776367,39.66999816894531,21.946321487426758,119900
2004-07-28,39.66999816894531,40.2400016784668,39.130001068115234,39.95000076293945,22.101226806640625,87900
2004-07-29,40.25,40.36000061035156,39.33000183105469,40.33000183105469,22.31146812438965,90500
2004-07-30,40.2400016784668,40.58000183105469,39.90999984741211,40.279998779296875,22.283790588378906,125800
2004-08-02,39.97999954223633,40.70000076293945,39.79999923706055,40.70000076293945,22.51614761352539,75100
2004-08-03,40.40999984741211,40.779998779296875,40.189998626708984,40.189998626708984,22.234012603759766,82100
2004-08-04,40.0099983215332,40.939998626708984,39.40999984741211,40.47999954223633,22.39444351196289,89900
2004-08-05,40.18000030517578,40.36000061035156,39.36000061035156,39.470001220703125,21.8356876373291,87800
2004-08-06,39.25,39.90999984741211,38.95000076293945,39.13999938964844,21.65312385559082,93400
2004-08-09,39.0,39.5099983215332,39.0,39.08000183105469,21.619935989379883,49800
2004-08-10,39.33000183105469,41.029998779296875,39.09000015258789,41.029998779296875,22.698713302612305,115800
2004-08-11,40.63999938964844,41.130001068115234,38.93000030517578,40.7400016784668,22.538286209106445,131500
2004-08-12,40.45000076293945,40.45000076293945,39.52000045776367,39.630001068115234,21.9242000579834,123900
2004-08-13,39.779998779296875,40.22999954223633,39.540000915527344,39.90999984741211,22.079111099243164,57000
2004-08-16,40.08000183105469,40.810001373291016,39.900001525878906,40.790000915527344,22.56594467163086,54800
2004-08-17,40.93000030517578,41.150001525878906,39.849998474121094,40.150001525878906,22.211885452270508,52200
2004-08-18,39.970001220703125,40.7400016784668,39.68000030517578,40.599998474121094,22.46082878112793,104700
2004-08-19,39.86000061035156,40.0,38.43000030517578,38.72999954223633,21.426301956176758,161700
2004-08-20,38.869998931884766,40.470001220703125,38.720001220703125,40.349998474121094,22.322519302368164,125500
2004-08-23,40.349998474121094,40.54999923706055,39.599998474121094,39.900001525878906,22.07357406616211,56800
2004-08-24,40.380001068115234,40.880001068115234,40.060001373291016,40.72999954223633,22.53274917602539,68900
2004-08-25,40.90999984741211,41.29999923706055,40.54999923706055,41.060001373291016,22.715314865112305,84600
2004-08-26,41.310001373291016,41.41999816894531,40.52000045776367,40.83000183105469,22.588069915771484,58300
2004-08-27,40.7400016784668,41.33000183105469,40.529998779296875,41.16999816894531,22.776166915893555,43500
2004-08-30,41.33000183105469,41.33000183105469,40.099998474121094,40.349998474121094,22.322519302368164,48100
2004-08-31,40.459999084472656,41.439998626708984,40.349998474121094,41.279998779296875,22.8370304107666,71700
2004-09-01,41.20000076293945,42.54999923706055,41.20000076293945,42.119998931884766,23.301721572875977,113400
2004-09-02,42.13999938964844,43.63999938964844,42.13999938964844,43.29999923706055,23.954526901245117,117500
2004-09-03,42.72999954223633,43.66999816894531,42.41999816894531,42.86000061035156,23.711109161376953,63200
2004-09-07,42.869998931884766,43.54999923706055,42.58000183105469,43.0,23.788558959960938,107400
2004-09-08,42.40999984741211,43.18000030517578,42.099998474121094,42.099998474121094,23.415912628173828,51800
2004-09-09,42.59000015258789,43.599998474121094,42.04999923706055,43.54999923706055,24.222394943237305,96800
2004-09-10,43.630001068115234,43.630001068115234,42.529998779296875,43.209999084472656,24.033288955688477,58000
2004-09-13,43.04999923706055,43.650001525878906,42.91999816894531,43.189998626708984,24.022167205810547,69900
2004-09-14,42.97999954223633,43.189998626708984,42.16999816894531,42.29999923706055,23.527151107788086,68700
2004-09-15,42.380001068115234,42.4900016784668,41.91999816894531,42.029998779296875,23.376968383789062,66600
2004-09-16,42.119998931884766,42.36000061035156,42.029998779296875,42.18000030517578,23.46041488647461,50600
2004-09-17,42.099998474121094,42.470001220703125,41.66999816894531,42.209999084472656,23.47708511352539,282500
2004-09-20,42.0,42.439998626708984,41.529998779296875,41.70000076293945,23.19344139099121,56900
2004-09-21,41.68000030517578,42.09000015258789,41.68000030517578,42.029998779296875,23.376968383789062,76600
2004-09-22,41.790000915527344,41.790000915527344,40.13999938964844,40.13999938964844,22.32577133178711,77500
2004-09-23,40.06999969482422,41.380001068115234,40.060001373291016,41.06999969482422,22.8430233001709,160700
2004-09-24,40.90999984741211,41.20000076293945,40.849998474121094,41.0099983215332,22.809659957885742,68500
2004-09-27,40.79999923706055,41.06999969482422,40.63999938964844,40.93000030517578,22.765161514282227,92300
2004-09-28,40.56999969482422,41.400001525878906,40.56999969482422,41.130001068115234,22.876394271850586,51900
2004-09-29,40.91999816894531,41.7400016784668,40.849998474121094,41.72999954223633,23.210121154785156,57800
2004-09-30,41.7400016784668,42.20000076293945,41.52000045776367,42.16999816894531,23.454843521118164,67600
2004-10-01,42.189998626708984,43.0,42.099998474121094,43.0,23.916486740112305,79700
2004-10-04,42.7400016784668,43.45000076293945,42.7400016784668,43.27000045776367,24.066659927368164,58800
2004-10-05,43.099998474121094,43.349998474121094,42.58000183105469,42.86000061035156,23.838623046875,51200
2004-10-06,42.70000076293945,43.08000183105469,42.5,43.040000915527344,23.938737869262695,109800
2004-10-07,42.43000030517578,42.900001525878906,41.869998931884766,42.0,23.360292434692383,60600
2004-10-08,41.75,42.400001525878906,41.439998626708984,41.45000076293945,23.054391860961914,75000
2004-10-11,41.439998626708984,41.779998779296875,41.25,41.66999816894531,23.176740646362305,66900
2004-10-12,41.599998474121094,42.15999984741211,41.2599983215332,42.04999923706055,23.38809585571289,102100
2004-10-13,42.060001373291016,42.06999969482422,40.900001525878906,40.900001525878906,22.748470306396484,73900
2004-10-14,40.849998474121094,40.849998474121094,38.939998626708984,40.31999969482422,22.425884246826172,113100
2004-10-15,40.13999938964844,41.310001373291016,40.13999938964844,40.70000076293945,22.637231826782227,164800
2004-10-18,40.65999984741211,41.22999954223633,40.06999969482422,41.06999969482422,22.8430233001709,85400
2004-10-19,41.189998626708984,41.38999938964844,40.599998474121094,40.650001525878906,22.609416961669922,45500
2004-10-20,40.5,41.4900016784668,40.279998779296875,41.47999954223633,23.07107162475586,65000
2004-10-21,41.5099983215332,42.54999923706055,41.220001220703125,42.47999954223633,23.627267837524414,168500
2004-10-22,42.63999938964844,42.68000030517578,41.2400016784668,41.4900016784668,23.07663917541504,80100
2004-10-25,41.150001525878906,42.11000061035156,41.02000045776367,41.83000183105469,23.26573371887207,58000
2004-10-26,41.90999984741211,42.29999923706055,40.75,41.970001220703125,23.343605041503906,92300
2004-10-27,42.2400016784668,43.77000045776367,41.7400016784668,43.77000045776367,24.344757080078125,92900
2004-10-28,43.790000915527344,44.0,43.31999969482422,43.5,24.1945858001709,68400
2004-10-29,43.06999969482422,43.689998626708984,42.66999816894531,42.97999954223633,23.905366897583008,48300
2004-11-01,42.75,43.099998474121094,42.27000045776367,42.93000030517578,23.877538681030273,150600
2004-11-02,42.9900016784668,43.45000076293945,41.7400016784668,42.0099983215332,23.36585235595703,139000
2004-11-03,42.709999084472656,43.70000076293945,41.45000076293945,42.11000061035156,23.42146873474121,174900
2004-11-04,42.189998626708984,42.65999984741211,41.790000915527344,42.5,23.638389587402344,122900
2004-11-05,42.709999084472656,43.400001525878906,42.45000076293945,42.9900016784668,23.910924911499023,141200
2004-11-08,43.4900016784668,43.63999938964844,42.630001068115234,42.650001525878906,23.72182273864746,118900
2004-11-09,42.880001068115234,43.47999954223633,42.5,43.08000183105469,23.960981369018555,136300
2004-11-10,43.290000915527344,43.290000915527344,42.689998626708984,42.939998626708984,23.88311195373535,133500
2004-11-11,42.939998626708984,43.060001373291016,42.790000915527344,42.849998474121094,23.833066940307617,116900
2004-11-12,43.060001373291016,43.91999816894531,42.36000061035156,43.86000061035156,24.39482307434082,73200
2004-11-15,43.86000061035156,43.97999954223633,43.150001525878906,43.689998626708984,24.300262451171875,63300
2004-11-16,43.689998626708984,43.7599983215332,42.709999084472656,42.709999084472656,23.755186080932617,146300
2004-11-17,43.16999816894531,43.2599983215332,42.599998474121094,42.9900016784668,23.910924911499023,91000
2004-11-18,43.130001068115234,43.25,42.13999938964844,42.540000915527344,23.660646438598633,74900
2004-11-19,42.279998779296875,42.529998779296875,41.209999084472656,41.349998474121094,22.998764038085938,163300
2004-11-22,41.209999084472656,42.09000015258789,41.18000030517578,42.09000015258789,23.41034507751465,112900
2004-11-23,42.25,42.650001525878906,41.650001525878906,42.650001525878906,23.72182273864746,124600
2004-11-24,42.70000076293945,43.349998474121094,42.68000030517578,43.18000030517578,24.016603469848633,64000
2004-11-26,43.380001068115234,43.400001525878906,42.97999954223633,43.20000076293945,24.027719497680664,24300
2004-11-29,43.400001525878906,44.06999969482422,43.400001525878906,44.040000915527344,24.49493980407715,175100
2004-11-30,43.54999923706055,43.79999923706055,43.16999816894531,43.68000030517578,24.29469871520996,83900
2004-12-01,44.0,44.63999938964844,43.380001068115234,44.47999954223633,24.73965835571289,92300
2004-12-02,44.040000915527344,44.720001220703125,44.040000915527344,44.369998931884766,24.678478240966797,100300
2004-12-03,44.0,44.75,44.0,44.630001068115234,24.823087692260742,57700
2004-12-06,44.13999938964844,44.56999969482422,44.04999923706055,44.209999084472656,24.589487075805664,77400
2004-12-07,44.25,44.25,42.5,42.5,23.638389587402344,78200
2004-12-08,43.060001373291016,43.060001373291016,42.5,42.79999923706055,23.946104049682617,133200
2004-12-09,42.72999954223633,43.47999954223633,42.279998779296875,43.349998474121094,24.253826141357422,66000
2004-12-10,42.66999816894531,43.70000076293945,42.66999816894531,43.599998474121094,24.393699645996094,46500
2004-12-13,43.66999816894531,44.470001220703125,43.209999084472656,44.310001373291016,24.790929794311523,62500
2004-12-14,43.95000076293945,44.529998779296875,43.95000076293945,44.529998779296875,24.914016723632812,42000
2004-12-15,44.2400016784668,44.68000030517578,43.939998626708984,44.38999938964844,24.835693359375,63500
2004-12-16,43.9900016784668,44.5,43.11000061035156,43.56999969482422,24.376911163330078,60300
2004-12-17,43.09000015258789,43.869998931884766,42.75,42.75,23.918136596679688,324100
2004-12-20,42.5099983215332,43.279998779296875,41.81999969482422,42.22999954223633,23.627199172973633,130200
2004-12-21,42.47999954223633,42.709999084472656,41.95000076293945,42.5,23.77826499938965,86600
2004-12-22,42.5,42.7400016784668,42.279998779296875,42.4900016784668,23.77266502380371,74600
2004-12-23,42.599998474121094,42.849998474121094,42.220001220703125,42.47999954223633,23.767078399658203,41200
2004-12-27,42.70000076293945,42.900001525878906,42.33000183105469,42.61000061035156,23.839813232421875,57100
2004-12-28,42.66999816894531,43.16999816894531,42.380001068115234,43.119998931884766,24.125144958496094,191600
2004-12-29,43.290000915527344,43.290000915527344,42.86000061035156,43.029998779296875,24.074792861938477,58300
2004-12-30,43.220001220703125,43.25,42.68000030517578,42.91999816894531,24.013256072998047,42600
2004-12-31,42.88999938964844,43.349998474121094,42.75,42.869998931884766,23.98526382446289,62700
2005-01-03,43.400001525878906,43.4900016784668,42.099998474121094,42.380001068115234,23.711122512817383,90600
2005-01-04,42.470001220703125,42.880001068115234,41.93000030517578,41.93000030517578,23.4593563079834,115000
2005-01-05,41.90999984741211,42.45000076293945,41.25,41.41999816894531,23.174013137817383,119400
2005-01-06,42.099998474121094,42.099998474121094,41.31999969482422,41.43000030517578,23.179609298706055,109100
2005-01-07,41.849998474121094,41.849998474121094,41.119998931884766,41.16999816894531,23.034149169921875,82300
2005-01-10,41.09000015258789,42.2400016784668,41.09000015258789,41.7400016784668,23.353046417236328,68900
2005-01-11,41.7599983215332,42.0,41.08000183105469,41.81999969482422,23.397808074951172,92400
2005-01-12,41.65999984741211,42.02000045776367,41.29999923706055,41.869998931884766,23.425792694091797,104000
2005-01-13,42.209999084472656,42.290000915527344,41.709999084472656,42.08000183105469,23.54327964782715,102500
2005-01-14,42.29999923706055,42.72999954223633,41.88999938964844,42.650001525878906,23.862184524536133,86600
2005-01-18,42.66999816894531,43.599998474121094,42.349998474121094,43.349998474121094,24.253826141357422,102600
2005-01-19,43.33000183105469,43.599998474121094,42.20000076293945,42.54999923706055,23.80624008178711,100900
2005-01-20,42.310001373291016,43.540000915527344,42.04999923706055,42.72999954223633,23.906946182250977,104100
2005-01-21,42.88999938964844,43.310001373291016,42.4900016784668,42.689998626708984,23.884557723999023,66900
2005-01-24,42.65999984741211,43.11000061035156,42.599998474121094,43.0,24.058002471923828,113400
2005-01-25,43.09000015258789,43.400001525878906,42.900001525878906,43.11000061035156,24.11955451965332,121200
2005-01-26,42.70000076293945,43.209999084472656,42.70000076293945,43.209999084472656,24.175498962402344,104100
2005-01-27,43.43000030517578,43.43000030517578,42.470001220703125,42.470001220703125,23.761476516723633,98900
2005-01-28,42.06999969482422,42.439998626708984,41.709999084472656,42.16999816894531,23.593637466430664,104000
2005-01-31,42.470001220703125,42.81999969482422,41.86000061035156,42.310001373291016,23.67196273803711,103000
2005-02-01,42.529998779296875,42.529998779296875,41.540000915527344,41.72999954223633,23.347455978393555,183900
2005-02-02,41.630001068115234,42.09000015258789,41.5099983215332,42.02000045776367,23.509702682495117,108400
2005-02-03,41.75,42.31999969482422,41.70000076293945,42.04999923706055,23.526493072509766,80300
2005-02-04,41.959999084472656,43.290000915527344,41.959999084472656,43.290000915527344,24.22024917602539,72400
2005-02-07,43.15999984741211,43.15999984741211,42.130001068115234,42.47999954223633,23.767078399658203,86200
2005-02-08,42.7400016784668,43.29999923706055,42.5,43.130001068115234,24.1307430267334,82100
2005-02-09,42.9900016784668,43.25,42.279998779296875,42.400001525878906,23.722318649291992,74200
2005-02-10,42.36000061035156,43.310001373291016,42.27000045776367,42.90999984741211,24.00765037536621,84200
2005-02-11,42.779998779296875,43.31999969482422,42.40999984741211,42.720001220703125,23.901355743408203,87400
2005-02-14,42.5,42.79999923706055,41.93000030517578,42.18000030517578,23.599224090576172,119200
2005-02-15,42.09000015258789,42.540000915527344,42.09000015258789,42.5,23.77826499938965,83500
2005-02-16,42.349998474121094,43.20000076293945,42.33000183105469,43.16999816894531,24.153118133544922,81300
2005-02-17,42.810001373291016,42.970001220703125,42.0,42.0099983215332,23.50410270690918,110200
2005-02-18,42.349998474121094,42.619998931884766,42.099998474121094,42.36000061035156,23.699928283691406,64000
2005-02-22,42.18000030517578,42.72999954223633,41.40999984741211,41.40999984741211,23.168415069580078,84500
2005-02-23,41.68000030517578,41.939998626708984,41.459999084472656,41.52000045776367,23.229970932006836,64800
2005-02-24,41.779998779296875,42.310001373291016,40.849998474121094,42.310001373291016,23.67196273803711,164400
2005-02-25,42.04999923706055,42.279998779296875,41.65999984741211,42.279998779296875,23.655181884765625,78000
2005-02-28,41.869998931884766,42.689998626708984,41.72999954223633,42.61000061035156,23.839813232421875,163200
2005-03-01,42.400001525878906,43.650001525878906,42.400001525878906,43.29999923706055,24.225849151611328,196800
2005-03-02,43.0099983215332,43.650001525878906,42.38999938964844,42.540000915527344,23.800647735595703,103400
2005-03-03,42.77000045776367,43.06999969482422,42.119998931884766,43.06999969482422,24.0971736907959,62100
2005-03-04,43.18000030517578,43.95000076293945,43.11000061035156,43.470001220703125,24.320964813232422,90500
2005-03-07,43.150001525878906,43.5,42.61000061035156,42.709999084472656,23.89575958251953,70000
2005-03-08,42.540000915527344,43.15999984741211,42.16999816894531,42.279998779296875,23.794458389282227,70800
2005-03-09,42.099998474121094,42.619998931884766,41.7599983215332,42.439998626708984,23.884492874145508,90700
2005-03-10,42.16999816894531,43.70000076293945,42.150001525878906,43.02000045776367,24.210918426513672,130100
2005-03-11,43.2400016784668,43.43000030517578,42.7400016784668,42.959999084472656,24.17715072631836,64400
2005-03-14,42.900001525878906,43.619998931884766,42.81999969482422,43.5,24.481050491333008,90300
2005-03-15,43.65999984741211,43.849998474121094,43.099998474121094,43.099998474121094,24.255937576293945,83900
2005-03-16,42.869998931884766,43.540000915527344,42.63999938964844,42.90999984741211,24.149011611938477,61900
2005-03-17,42.66999816894531,43.22999954223633,42.47999954223633,42.86000061035156,24.120868682861328,61200
2005-03-18,42.7400016784668,43.209999084472656,42.41999816894531,42.849998474121094,24.115232467651367,368800
2005-03-21,42.70000076293945,43.08000183105469,42.38999938964844,43.040000915527344,24.22216796875,80200
2005-03-22,42.849998474121094,43.41999816894531,42.58000183105469,42.9900016784668,24.19403076171875,80100
2005-03-23,42.779998779296875,43.13999938964844,42.56999969482422,42.720001220703125,24.04208755493164,41600
2005-03-24,42.68000030517578,43.58000183105469,42.599998474121094,42.88999938964844,24.13775062561035,65800
2005-03-28,43.27000045776367,43.63999938964844,42.869998931884766,43.189998626708984,24.306577682495117,81100
2005-03-29,43.0099983215332,43.54999923706055,42.2599983215332,42.529998779296875,23.935148239135742,58100
2005-03-30,42.31999969482422,43.189998626708984,42.31999969482422,43.099998474121094,24.255937576293945,82600
2005-03-31,43.25,43.25,42.29999923706055,42.54999923706055,23.946401596069336,95500
2005-04-01,42.63999938964844,42.83000183105469,41.689998626708984,42.279998779296875,23.794458389282227,81300
2005-04-04,42.060001373291016,43.099998474121094,42.0,42.9900016784668,24.19403076171875,78600
2005-04-05,43.099998474121094,43.31999969482422,42.779998779296875,43.029998779296875,24.216535568237305,84600
2005-04-06,43.04999923706055,43.15999984741211,42.47999954223633,42.70000076293945,24.03083038330078,98800
2005-04-07,42.70000076293945,43.189998626708984,42.400001525878906,43.130001068115234,24.272817611694336,52200
2005-04-08,43.150001525878906,43.150001525878906,41.68000030517578,41.68000030517578,23.456785202026367,124400
2005-04-11,41.58000183105469,41.83000183105469,41.400001525878906,41.400001525878906,23.29920768737793,86800
2005-04-12,41.290000915527344,42.59000015258789,41.22999954223633,42.15999984741211,23.726913452148438,118100
2005-04-13,42.040000915527344,42.29999923706055,41.5,41.5,23.355484008789062,51400
2005-04-14,41.349998474121094,41.779998779296875,40.869998931884766,40.900001525878906,23.017818450927734,44600
2005-04-15,40.900001525878906,41.439998626708984,40.779998779296875,41.0,23.0740966796875,115300
2005-04-18,40.779998779296875,41.83000183105469,40.25,41.77000045776367,23.50743293762207,120100
2005-04-19,41.56999969482422,42.54999923706055,41.56999969482422,42.540000915527344,23.940786361694336,105700
2005-04-20,42.25,42.36000061035156,40.84000015258789,41.06999969482422,23.11348533630371,115700
2005-04-21,41.349998474121094,42.56999969482422,41.130001068115234,42.470001220703125,23.901382446289062,89600
2005-04-22,42.56999969482422,42.56999969482422,40.84000015258789,41.380001068115234,23.287948608398438,87000
2005-04-25,41.56999969482422,42.2599983215332,41.369998931884766,41.84000015258789,23.54683494567871,71800
2005-04-26,41.540000915527344,42.2599983215332,41.04999923706055,41.04999923706055,23.102230072021484,59000
2005-04-27,40.86000061035156,41.970001220703125,40.45000076293945,41.56999969482422,23.394874572753906,81800
2005-04-28,41.380001068115234,41.84000015258789,40.869998931884766,41.06999969482422,23.11348533630371,86300
2005-04-29,40.869998931884766,41.84000015258789,40.029998779296875,41.560001373291016,23.38925552368164,104500
2005-05-02,41.65999984741211,41.810001373291016,40.869998931884766,41.22999954223633,23.203533172607422,64300
2005-05-03,41.09000015258789,41.290000915527344,40.61000061035156,41.0099983215332,23.079723358154297,140000
2005-05-04,41.11000061035156,41.97999954223633,40.88999938964844,41.959999084472656,23.614362716674805,64600
2005-05-05,41.66999816894531,41.66999816894531,40.91999816894531,41.11000061035156,23.13600730895996,72100
2005-05-06,41.5099983215332,41.81999969482422,41.0099983215332,41.349998474121094,23.27106285095215,48300
2005-05-09,41.279998779296875,42.599998474121094,40.849998474121094,42.52000045776367,23.929519653320312,99200
2005-05-10,42.150001525878906,42.459999084472656,41.41999816894531,41.810001373291016,23.529935836791992,80000
2005-05-11,41.88999938964844,42.47999954223633,40.970001220703125,42.29999923706055,23.805707931518555,77100
2005-05-12,42.29999923706055,42.5,41.709999084472656,42.13999938964844,23.715662002563477,68200
2005-05-13,42.16999816894531,42.5,41.65999984741211,42.06999969482422,23.67626953125,83000
2005-05-16,42.099998474121094,42.91999816894531,41.97999954223633,42.84000015258789,24.1096134185791,73800
2005-05-17,42.599998474121094,43.0,42.29999923706055,42.97999954223633,24.188405990600586,87500
2005-05-18,43.0,44.349998474121094,42.9900016784668,44.349998474121094,24.959409713745117,114500
2005-05-19,44.45000076293945,44.56999969482422,44.09000015258789,44.25,24.903141021728516,92700
2005-05-20,44.15999984741211,44.189998626708984,43.79999923706055,44.060001373291016,24.796213150024414,52500
2005-05-23,44.099998474121094,44.13999938964844,43.689998626708984,43.97999954223633,24.75118637084961,80700
2005-05-24,43.70000076293945,43.959999084472656,43.06999969482422,43.45000076293945,24.452909469604492,110600
2005-05-25,43.650001525878906,43.650001525878906,42.650001525878906,42.869998931884766,24.126495361328125,68100
2005-05-26,43.22999954223633,44.09000015258789,43.16999816894531,44.0,24.762434005737305,68500
2005-05-27,43.95000076293945,44.0,43.529998779296875,43.86000061035156,24.683664321899414,32200
2005-05-31,43.869998931884766,44.13999938964844,43.709999084472656,43.939998626708984,24.728670120239258,51200
2005-06-01,43.72999954223633,44.400001525878906,43.220001220703125,44.04999923706055,24.79058265686035,87200
2005-06-02,43.709999084472656,44.22999954223633,43.5,43.7599983215332,24.627378463745117,92200
2005-06-03,43.47999954223633,43.9900016784668,43.47999954223633,43.52000045776367,24.4923038482666,92100
2005-06-06,43.459999084472656,43.650001525878906,42.75,43.380001068115234,24.413516998291016,80300
2005-06-07,43.47999954223633,43.900001525878906,43.0099983215332,43.08000183105469,24.244680404663086,119600
2005-06-08,43.25,43.79999923706055,43.0099983215332,43.43000030517578,24.584321975708008,86100
2005-06-09,43.11000061035156,43.70000076293945,42.90999984741211,43.58000183105469,24.66922950744629,52500
2005-06-10,43.869998931884766,43.959999084472656,43.31999969482422,43.47999954223633,24.61261558532715,40700
2005-06-13,43.720001220703125,43.95000076293945,43.16999816894531,43.83000183105469,24.81075668334961,63700
2005-06-14,43.54999923706055,44.0,43.209999084472656,44.0,24.90697479248047,84100
2005-06-15,44.0,44.0,43.13999938964844,43.58000183105469,24.66922950744629,101700
2005-06-16,43.29999923706055,43.7599983215332,43.13999938964844,43.63999938964844,24.703197479248047,75400
2005-06-17,43.310001373291016,43.61000061035156,42.7400016784668,43.02000045776367,24.352231979370117,277000
2005-06-20,42.93000030517578,43.83000183105469,42.83000183105469,43.63999938964844,24.703197479248047,93200
2005-06-21,43.529998779296875,43.95000076293945,43.41999816894531,43.70000076293945,24.73715591430664,87400
2005-06-22,43.95000076293945,43.970001220703125,43.5,43.939998626708984,24.873014450073242,43800
2005-06-23,43.95000076293945,43.970001220703125,42.84000015258789,42.84000015258789,24.25034523010254,58300
2005-06-24,42.779998779296875,43.220001220703125,42.599998474121094,42.91999816894531,24.295637130737305,169000
2005-06-27,42.869998931884766,43.22999954223633,42.56999969482422,43.13999938964844,24.420164108276367,89400
2005-06-28,43.310001373291016,43.68000030517578,43.20000076293945,43.400001525878906,24.567346572875977,98200
2005-06-29,43.27000045776367,43.630001068115234,43.029998779296875,43.470001220703125,24.606966018676758,51600
2005-06-30,43.58000183105469,43.75,42.91999816894531,42.939998626708984,24.306949615478516,82200
2005-07-01,42.97999954223633,43.290000915527344,42.68000030517578,43.290000915527344,24.505064010620117,104600
2005-07-05,43.16999816894531,44.29999923706055,43.16999816894531,44.15999984741211,24.99753761291504,103100
2005-07-06,44.0099983215332,44.119998931884766,43.40999984741211,43.5,24.62394905090332,103400
2005-07-07,43.099998474121094,44.0099983215332,43.099998474121094,43.91999816894531,24.86168670654297,88500
2005-07-08,43.88999938964844,44.650001525878906,43.689998626708984,44.58000183105469,25.23529624938965,65000
2005-07-11,44.36000061035156,44.79999923706055,44.04999923706055,44.459999084472656,25.167360305786133,82400
2005-07-12,44.38999938964844,44.900001525878906,43.91999816894531,44.439998626708984,25.156044006347656,124000
2005-07-13,44.439998626708984,44.95000076293945,44.369998931884766,44.7599983215332,25.337203979492188,76400
2005-07-14,45.0,45.0,43.88999938964844,44.029998779296875,24.923959732055664,63100
2005-07-15,43.75,44.04999923706055,43.59000015258789,44.04999923706055,24.935287475585938,52900
2005-07-18,43.97999954223633,43.97999954223633,43.16999816894531,43.5099983215332,24.629606246948242,110700
2005-07-19,43.599998474121094,44.33000183105469,43.599998474121094,43.93000030517578,24.867347717285156,70000
2005-07-20,43.7400016784668,44.5099983215332,43.720001220703125,44.5099983215332,25.195676803588867,40400
2005-07-21,44.56999969482422,44.56999969482422,43.56999969482422,44.18000030517578,25.00887680053711,85800
2005-07-22,44.2599983215332,44.599998474121094,43.959999084472656,44.34000015258789,25.099441528320312,81300
2005-07-25,44.52000045776367,44.52000045776367,43.540000915527344,43.70000076293945,24.73715591430664,82300
2005-07-26,43.56999969482422,44.099998474121094,43.400001525878906,43.4900016784668,24.618282318115234,61800
2005-07-27,43.58000183105469,43.650001525878906,43.060001373291016,43.25,24.482419967651367,60000
2005-07-28,43.61000061035156,44.4900016784668,43.33000183105469,44.40999984741211,25.139076232910156,61500
2005-07-29,44.47999954223633,44.56999969482422,43.880001068115234,44.22999954223633,25.03717041015625,75400
2005-08-01,44.0,44.68000030517578,44.0,44.279998779296875,25.06548309326172,83700
2005-08-02,44.34000015258789,44.56999969482422,43.95000076293945,44.0099983215332,24.912626266479492,81000
2005-08-03,43.91999816894531,44.45000076293945,43.79999923706055,44.220001220703125,25.031517028808594,68600
2005-08-04,44.060001373291016,44.41999816894531,43.93000030517578,44.15999984741211,24.99753761291504,61500
2005-08-05,44.290000915527344,44.29999923706055,43.31999969482422,43.33000183105469,24.52771759033203,75200
2005-08-08,43.5,43.5,42.38999938964844,42.900001525878906,24.2842960357666,101500
2005-08-09,43.02000045776367,43.11000061035156,42.15999984741211,42.540000915527344,24.080522537231445,81700
2005-08-10,42.779998779296875,43.86000061035156,42.72999954223633,43.040000915527344,24.363557815551758,80900
2005-08-11,42.79999923706055,43.7599983215332,42.61000061035156,43.70000076293945,24.73715591430664,57400
2005-08-12,43.439998626708984,43.5,42.34000015258789,43.119998931884766,24.408843994140625,94300
2005-08-15,43.0,43.58000183105469,42.7400016784668,43.279998779296875,24.499414443969727,44900
2005-08-16,43.099998474121094,43.099998474121094,42.29999923706055,42.470001220703125,24.040895462036133,56800
2005-08-17,42.18000030517578,42.75,41.93000030517578,42.25,23.916353225708008,44600
2005-08-18,42.400001525878906,44.34000015258789,42.18000030517578,43.27000045776367,24.493743896484375,200800
2005-08-19,43.08000183105469,44.29999923706055,43.08000183105469,44.2599983215332,25.054149627685547,72500
2005-08-22,44.29999923706055,45.29999923706055,44.25,45.29999923706055,25.642871856689453,124700
2005-08-23,44.630001068115234,45.869998931884766,44.599998474121094,45.06999969482422,25.512676239013672,162700
2005-08-24,45.0,45.939998626708984,44.220001220703125,44.5099983215332,25.195676803588867,205400
2005-08-25,44.900001525878906,45.27000045776367,44.130001068115234,44.400001525878906,25.13340950012207,102900
2005-08-26,44.40999984741211,44.40999984741211,43.41999816894531,43.720001220703125,24.748476028442383,114100
2005-08-29,43.68000030517578,44.59000015258789,43.529998779296875,44.54999923706055,25.218313217163086,129900
2005-08-30,44.58000183105469,44.97999954223633,43.849998474121094,44.66999816894531,25.286251068115234,168000
2005-08-31,44.59000015258789,45.84000015258789,44.59000015258789,45.75,25.897594451904297,367600
2005-09-01,45.75,46.2400016784668,44.91999816894531,44.9900016784668,25.467391967773438,155800
2005-09-02,45.08000183105469,45.31999969482422,43.790000915527344,44.04999923706055,24.935287475585938,165900
2005-09-06,44.189998626708984,45.08000183105469,44.06999969482422,44.900001525878906,25.41642951965332,162100
2005-09-07,44.790000915527344,45.06999969482422,44.18000030517578,44.560001373291016,25.365215301513672,119900
2005-09-08,44.41999816894531,44.72999954223633,44.310001373291016,44.54999923706055,25.35952377319336,84400
2005-09-09,44.58000183105469,44.900001525878906,44.56999969482422,44.779998779296875,25.490436553955078,96700
2005-09-12,44.650001525878906,45.279998779296875,44.5,45.02000045776367,25.62704849243164,167800
2005-09-13,44.54999923706055,45.31999969482422,44.529998779296875,44.77000045776367,25.484756469726562,111700
2005-09-14,44.84000015258789,45.369998931884766,44.18000030517578,44.27000045776367,25.200136184692383,142600
2005-09-15,44.380001068115234,44.529998779296875,44.029998779296875,44.29999923706055,25.217205047607422,129300
2005-09-16,44.56999969482422,45.5,43.52000045776367,44.61000061035156,25.3936710357666,531400
2005-09-19,44.52000045776367,44.54999923706055,44.09000015258789,44.439998626708984,25.296899795532227,150400
2005-09-20,44.529998779296875,44.68000030517578,43.34000015258789,43.58000183105469,24.807355880737305,184000
2005-09-21,44.119998931884766,44.20000076293945,43.119998931884766,43.790000915527344,24.926895141601562,271100
2005-09-22,43.95000076293945,43.95000076293945,43.25,43.70000076293945,24.875661849975586,162800
2005-09-23,43.689998626708984,44.130001068115234,43.45000076293945,43.65999984741211,24.8528995513916,159800
2005-09-26,43.86000061035156,44.11000061035156,43.54999923706055,43.66999816894531,24.858583450317383,123100
2005-09-27,43.689998626708984,43.81999969482422,42.15999984741211,42.689998626708984,24.300737380981445,245600
2005-09-28,42.75,43.02000045776367,42.560001373291016,42.77000045776367,24.346282958984375,148400
2005-09-29,42.970001220703125,43.040000915527344,42.5,42.70000076293945,24.306432723999023,222100
2005-09-30,42.4900016784668,43.22999954223633,42.41999816894531,43.0,24.477191925048828,159800
2005-10-03,43.150001525878906,43.59000015258789,42.83000183105469,43.47999954223633,24.750425338745117,190400
2005-10-04,43.529998779296875,44.15999984741211,43.04999923706055,43.04999923706055,24.505653381347656,117800
2005-10-05,42.970001220703125,43.130001068115234,41.70000076293945,41.84000015258789,23.816883087158203,138800
2005-10-06,41.75,42.41999816894531,41.52000045776367,42.220001220703125,24.033193588256836,128000
2005-10-07,42.290000915527344,42.54999923706055,42.0,42.099998474121094,23.964879989624023,94900
2005-10-10,42.459999084472656,42.529998779296875,41.720001220703125,41.970001220703125,23.890886306762695,135300
2005-10-11,42.060001373291016,42.5,39.7599983215332,39.900001525878906,22.712566375732422,483700
2005-10-12,39.810001373291016,40.77000045776367,39.75,40.459999084472656,23.031333923339844,199400
2005-10-13,40.36000061035156,41.38999938964844,40.36000061035156,41.119998931884766,23.407032012939453,154100
2005-10-14,41.400001525878906,41.41999816894531,40.65999984741211,41.13999938964844,23.418420791625977,164900
2005-10-17,41.13999938964844,41.34000015258789,40.5,41.34000015258789,23.53226661682129,110200
2005-10-18,41.369998931884766,41.56999969482422,40.52000045776367,40.70000076293945,23.16794776916504,105500
2005-10-19,40.400001525878906,41.7400016784668,40.18000030517578,41.650001525878906,23.708730697631836,186900
2005-10-20,41.59000015258789,41.630001068115234,40.369998931884766,40.72999954223633,23.18502426147461,88500
2005-10-21,40.72999954223633,41.279998779296875,40.349998474121094,41.279998779296875,23.49811553955078,138000
2005-10-24,41.400001525878906,41.75,41.310001373291016,41.689998626708984,23.731489181518555,150200
2005-10-25,41.59000015258789,41.83000183105469,41.0,41.52000045776367,23.634729385375977,116500
2005-10-26,41.61000061035156,41.869998931884766,40.400001525878906,40.56999969482422,23.09394645690918,263700
2005-10-27,40.45000076293945,40.560001373291016,38.79999923706055,39.400001525878906,22.427940368652344,288600
2005-10-28,38.5,40.369998931884766,37.9900016784668,40.25,22.91179847717285,169500
2005-10-31,40.25,40.61000061035156,40.0,40.09000015258789,22.820716857910156,196100
2005-11-01,39.88999938964844,40.0,39.400001525878906,39.56999969482422,22.524709701538086,286300
2005-11-02,39.54999923706055,40.09000015258789,39.5099983215332,40.029998779296875,22.786563873291016,96500
2005-11-03,40.34000015258789,40.34000015258789,39.25,39.36000061035156,22.405183792114258,131000
2005-11-04,39.349998474121094,39.689998626708984,38.81999969482422,38.939998626708984,22.166093826293945,164000
2005-11-07,39.0,39.130001068115234,38.650001525878906,38.97999954223633,22.18886375427246,139600
2005-11-08,39.130001068115234,39.130001068115234,38.61000061035156,38.68000030517578,22.018098831176758,115100
2005-11-09,38.720001220703125,39.34000015258789,38.540000915527344,38.97999954223633,22.18886375427246,92300
2005-11-10,38.9900016784668,39.84000015258789,38.47999954223633,39.790000915527344,22.64995002746582,99900
2005-11-11,39.66999816894531,39.880001068115234,39.29999923706055,39.40999984741211,22.433635711669922,59900
2005-11-14,39.310001373291016,39.310001373291016,38.810001373291016,39.189998626708984,22.30840301513672,69100
2005-11-15,39.189998626708984,39.529998779296875,38.70000076293945,38.75,22.057947158813477,93800
2005-11-16,38.79999923706055,38.880001068115234,38.2599983215332,38.4900016784668,21.909942626953125,126600
2005-11-17,38.599998474121094,38.810001373291016,38.15999984741211,38.41999816894531,21.87009620666504,114900
2005-11-18,38.709999084472656,38.709999084472656,38.04999923706055,38.40999984741211,21.864391326904297,92600
2005-11-21,38.43000030517578,38.9900016784668,38.09000015258789,38.9900016784668,22.194555282592773,160100
2005-11-22,39.0,39.90999984741211,39.0,39.66999816894531,22.581628799438477,136500
2005-11-23,39.619998931884766,40.349998474121094,39.400001525878906,40.25,22.91179847717285,134400
2005-11-25,40.47999954223633,40.47999954223633,39.31999969482422,39.36000061035156,22.405183792114258,87100
2005-11-28,39.45000076293945,39.59000015258789,38.0,38.650001525878906,22.00102424621582,389400
2005-11-29,38.779998779296875,39.04999923706055,38.310001373291016,38.45000076293945,21.887176513671875,224200
2005-11-30,38.4900016784668,39.29999923706055,38.4900016784668,39.0,22.20025062561035,376200
2005-12-01,39.40999984741211,39.84000015258789,39.2400016784668,39.58000183105469,22.53040885925293,184200
2005-12-02,39.61000061035156,39.72999954223633,39.349998474121094,39.619998931884766,22.553176879882812,135700
2005-12-05,39.84000015258789,39.84000015258789,39.06999969482422,39.59000015258789,22.536094665527344,243800
2005-12-06,39.91999816894531,40.13999938964844,39.5,40.08000183105469,22.815027236938477,261000
2005-12-07,38.25,39.47999954223633,37.470001220703125,38.7599983215332,23.38208770751953,428700
2005-12-08,38.75,39.810001373291016,38.45000076293945,39.43000030517578,23.786270141601562,275000
2005-12-09,39.20000076293945,39.7599983215332,39.0099983215332,39.33000183105469,23.725933074951172,182600
2005-12-12,39.43000030517578,39.43000030517578,38.52000045776367,38.880001068115234,23.454483032226562,136100
2005-12-13,38.79999923706055,39.22999954223633,38.20000076293945,38.369998931884766,23.14681625366211,213500
2005-12-14,38.5,38.5,37.7599983215332,38.029998779296875,22.941709518432617,231000
2005-12-15,38.33000183105469,38.33000183105469,36.75,37.75,22.77280616760254,223200
2005-12-16,37.689998626708984,38.13999938964844,37.61000061035156,37.88999938964844,22.857248306274414,376100
2005-12-19,37.900001525878906,38.040000915527344,37.33000183105469,37.43000030517578,22.579753875732422,105700
2005-12-20,37.349998474121094,37.58000183105469,37.0,37.130001068115234,22.398780822753906,139000
2005-12-21,36.959999084472656,37.279998779296875,36.349998474121094,37.16999816894531,22.42291259765625,158100
2005-12-22,37.25,37.470001220703125,36.91999816894531,37.41999816894531,22.57373046875,114000
2005-12-23,37.599998474121094,37.939998626708984,37.349998474121094,37.5,22.621984481811523,72700
2005-12-27,37.45000076293945,37.95000076293945,37.09000015258789,37.36000061035156,22.53753662109375,135100
2005-12-28,37.16999816894531,37.91999816894531,37.16999816894531,37.72999954223633,22.76072883605957,86300
2005-12-29,37.95000076293945,37.95000076293945,37.380001068115234,37.41999816894531,22.57373046875,87800
2005-12-30,37.040000915527344,37.369998931884766,36.779998779296875,37.04999923706055,22.35051918029785,126500
2006-01-03,37.779998779296875,38.310001373291016,37.099998474121094,38.09000015258789,22.9779052734375,255000
2006-01-04,38.209999084472656,38.45000076293945,37.869998931884766,38.08000183105469,22.971874237060547,111500
2006-01-05,38.0099983215332,38.16999816894531,37.779998779296875,38.09000015258789,22.9779052734375,76200
2006-01-06,38.2400016784668,38.5,37.970001220703125,38.41999816894531,23.176979064941406,117300
2006-01-09,38.54999923706055,38.7400016784668,38.220001220703125,38.459999084472656,23.20110511779785,121500
2006-01-10,38.20000076293945,38.77000045776367,38.20000076293945,38.70000076293945,23.34589195251465,108300
2006-01-11,38.560001373291016,38.7400016784668,37.880001068115234,38.16999816894531,23.026165008544922,80200
2006-01-12,38.09000015258789,38.349998474121094,38.09000015258789,38.2400016784668,23.06839370727539,109700
2006-01-13,38.36000061035156,38.630001068115234,37.9900016784668,38.119998931884766,22.996007919311523,86000
2006-01-17,38.22999954223633,38.25,37.650001525878906,38.08000183105469,22.971874237060547,86000
2006-01-18,37.77000045776367,38.2400016784668,37.75,37.91999816894531,22.875354766845703,84300
2006-01-19,38.099998474121094,38.81999969482422,37.970001220703125,38.689998626708984,23.339855194091797,138000
2006-01-20,38.90999984741211,38.90999984741211,38.029998779296875,38.099998474121094,22.98393440246582,94800
2006-01-23,38.29999923706055,38.869998931884766,38.029998779296875,38.810001373291016,23.41225242614746,101300
2006-01-24,38.83000183105469,39.619998931884766,38.75,39.439998626708984,23.792293548583984,189900
2006-01-25,39.29999923706055,39.459999084472656,38.790000915527344,39.2599983215332,23.683706283569336,174700
2006-01-26,39.40999984741211,39.61000061035156,39.15999984741211,39.41999816894531,23.78022575378418,185300
2006-01-27,39.25,39.619998931884766,39.040000915527344,39.20000076293945,23.647520065307617,134200
2006-01-30,40.5,40.61000061035156,39.33000183105469,40.33000183105469,24.329193115234375,153600
2006-01-31,39.65999984741211,41.88999938964844,39.65999984741211,41.470001220703125,25.016908645629883,189400
2006-02-01,41.2599983215332,42.029998779296875,41.25,41.810001373291016,25.221986770629883,146000
2006-02-02,41.619998931884766,41.88999938964844,41.0,41.2599983215332,24.890213012695312,178400
2006-02-03,40.93000030517578,41.72999954223633,40.93000030517578,41.29999923706055,24.91434097290039,127200
2006-02-06,41.279998779296875,41.77000045776367,41.119998931884766,41.77000045776367,25.1978759765625,130800
2006-02-07,41.619998931884766,41.91999816894531,41.25,41.459999084472656,25.010873794555664,128000
2006-02-08,41.5,41.7400016784668,41.25,41.650001525878906,25.12548828125,77400
2006-02-09,41.56999969482422,42.11000061035156,41.36000061035156,41.470001220703125,25.016908645629883,105800
2006-02-10,41.29999923706055,41.7599983215332,40.810001373291016,41.689998626708984,25.14961051940918,80000
2006-02-13,41.400001525878906,41.849998474121094,41.06999969482422,41.310001373291016,24.920385360717773,129200
2006-02-14,41.54999923706055,42.0,41.060001373291016,41.93000030517578,25.294404983520508,141900
2006-02-15,41.779998779296875,41.959999084472656,41.40999984741211,41.83000183105469,25.234058380126953,106800
2006-02-16,42.0,42.099998474121094,41.66999816894531,41.849998474121094,25.246139526367188,91000
2006-02-17,41.81999969482422,41.86000061035156,41.380001068115234,41.599998474121094,25.09532356262207,92600
2006-02-21,41.41999816894531,41.630001068115234,40.70000076293945,41.36000061035156,24.950551986694336,102600
2006-02-22,41.290000915527344,41.720001220703125,41.029998779296875,41.150001525878906,24.823854446411133,165600
2006-02-23,40.88999938964844,41.25,40.83000183105469,40.84000015258789,24.63685417175293,107200
2006-02-24,40.75,41.0099983215332,40.58000183105469,40.83000183105469,24.630809783935547,85800
2006-02-27,41.0,41.0,40.70000076293945,40.900001525878906,24.673032760620117,74300
2006-02-28,40.68000030517578,40.7599983215332,40.099998474121094,40.13999938964844,24.214576721191406,113800
2006-03-01,40.34000015258789,40.529998779296875,40.119998931884766,40.400001525878906,24.371417999267578,77000
2006-03-02,40.209999084472656,40.400001525878906,39.54999923706055,39.900001525878906,24.06980323791504,152800
2006-03-03,39.70000076293945,40.060001373291016,39.470001220703125,39.86000061035156,24.04566764831543,91700
2006-03-06,39.75,39.970001220703125,39.41999816894531,39.81999969482422,24.021535873413086,89400
2006-03-07,39.65999984741211,40.09000015258789,39.54999923706055,39.959999084472656,24.105976104736328,118300
2006-03-08,39.66999816894531,40.25,39.5099983215332,40.16999816894531,24.391368865966797,104800
2006-03-09,40.099998474121094,40.290000915527344,39.900001525878906,40.0099983215332,24.294214248657227,61000
2006-03-10,40.02000045776367,40.54999923706055,39.689998626708984,40.540000915527344,24.61603546142578,80100
2006-03-13,40.560001373291016,40.7400016784668,39.91999816894531,39.97999954223633,24.2760066986084,87900
2006-03-14,40.060001373291016,40.900001525878906,39.75,40.810001373291016,24.779977798461914,82800
2006-03-15,40.900001525878906,41.119998931884766,40.43000030517578,41.09000015258789,24.949996948242188,78200
2006-03-16,41.0099983215332,41.25,40.91999816894531,41.13999938964844,24.980361938476562,78600
2006-03-17,41.279998779296875,41.81999969482422,41.099998474121094,41.61000061035156,25.265750885009766,296900
2006-03-20,41.7599983215332,41.779998779296875,41.0099983215332,41.52000045776367,25.211101531982422,79300
2006-03-21,41.04999923706055,41.83000183105469,40.9900016784668,41.04999923706055,24.92569923400879,102700
2006-03-22,41.0,42.060001373291016,41.0,42.0099983215332,25.50862693786621,86300
2006-03-23,42.08000183105469,42.08000183105469,41.4900016784668,41.86000061035156,25.417545318603516,53400
2006-03-24,41.560001373291016,42.08000183105469,41.560001373291016,42.029998779296875,25.52077293395996,92900
2006-03-27,41.880001068115234,41.9900016784668,41.459999084472656,41.810001373291016,25.387189865112305,68200
2006-03-28,41.90999984741211,41.90999984741211,41.2599983215332,41.41999816894531,25.150375366210938,79700
2006-03-29,41.2599983215332,42.11000061035156,41.2599983215332,41.869998931884766,25.423612594604492,119700
2006-03-30,42.04999923706055,42.04999923706055,41.650001525878906,41.880001068115234,25.429698944091797,68300
2006-03-31,42.0,42.20000076293945,41.81999969482422,42.0,25.502553939819336,194400
2006-04-03,42.119998931884766,42.119998931884766,41.61000061035156,41.70000076293945,25.320390701293945,99300
2006-04-04,41.560001373291016,42.119998931884766,41.560001373291016,41.9900016784668,25.496475219726562,92100
2006-04-05,41.93000030517578,42.16999816894531,41.88999938964844,42.0099983215332,25.50862693786621,136500
2006-04-06,41.869998931884766,42.09000015258789,41.79999923706055,41.900001525878906,25.44184112548828,98500
2006-04-07,41.9900016784668,42.25,41.18000030517578,41.40999984741211,25.144306182861328,114700
2006-04-10,41.310001373291016,42.060001373291016,41.119998931884766,41.31999969482422,25.08964729309082,71700
2006-04-11,41.279998779296875,41.709999084472656,40.709999084472656,40.810001373291016,24.779977798461914,107700
2006-04-12,40.650001525878906,41.540000915527344,40.650001525878906,41.310001373291016,25.083576202392578,97800
2006-04-13,41.119998931884766,41.560001373291016,40.88999938964844,41.16999816894531,24.99856948852539,60600
2006-04-17,41.04999923706055,41.40999984741211,40.7400016784668,41.0099983215332,24.901416778564453,132200
2006-04-18,41.279998779296875,42.13999938964844,41.20000076293945,42.029998779296875,25.52077293395996,255300
2006-04-19,41.970001220703125,42.25,41.7400016784668,42.04999923706055,25.532901763916016,128500
2006-04-20,41.93000030517578,42.13999938964844,41.529998779296875,41.93000030517578,25.46004295349121,50200
2006-04-21,42.29999923706055,42.29999923706055,41.43000030517578,42.0,25.502553939819336,128600
2006-04-24,41.83000183105469,42.0,41.56999969482422,41.869998931884766,25.423612594604492,74300
2006-04-25,41.70000076293945,41.70000076293945,40.63999938964844,41.2599983215332,25.053220748901367,174700
2006-04-26,41.2599983215332,42.0,41.2599983215332,41.47999954223633,25.18681526184082,42200
2006-04-27,41.099998474121094,42.09000015258789,41.040000915527344,41.349998474121094,25.107864379882812,58400
2006-04-28,40.34000015258789,41.04999923706055,40.34000015258789,41.04999923706055,24.92569923400879,169400
2006-05-01,41.04999923706055,41.290000915527344,40.470001220703125,40.470001220703125,24.573535919189453,209000
2006-05-02,40.47999954223633,40.66999816894531,40.2599983215332,40.380001068115234,24.518884658813477,153500
2006-05-03,40.2599983215332,40.5099983215332,40.16999816894531,40.290000915527344,24.464231491088867,139200
2006-05-04,40.189998626708984,40.619998931884766,40.189998626708984,40.599998474121094,24.6524715423584,114700
2006-05-05,40.79999923706055,41.13999938964844,40.599998474121094,40.810001373291016,24.779977798461914,89000
2006-05-08,40.68000030517578,40.959999084472656,40.599998474121094,40.75,24.743562698364258,74000
2006-05-09,40.63999938964844,40.7599983215332,40.529998779296875,40.66999816894531,24.694974899291992,99800
2006-05-10,40.5,40.81999969482422,40.5,40.689998626708984,24.70711326599121,73500
2006-05-11,40.599998474121094,40.630001068115234,39.9900016784668,40.099998474121094,24.3488712310791,92100
2006-05-12,39.88999938964844,40.130001068115234,39.5,39.81999969482422,24.178848266601562,100200
2006-05-15,39.54999923706055,40.41999816894531,39.54999923706055,40.16999816894531,24.391368865966797,160000
2006-05-16,40.31999969482422,40.52000045776367,39.970001220703125,40.33000183105469,24.488527297973633,92100
2006-05-17,39.95000076293945,40.29999923706055,39.31999969482422,39.7599983215332,24.142419815063477,110600
2006-05-18,39.95000076293945,40.16999816894531,39.43000030517578,39.4900016784668,23.978477478027344,114000
2006-05-19,39.40999984741211,40.15999984741211,39.04999923706055,39.779998779296875,24.154563903808594,129800
2006-05-22,39.5099983215332,39.959999084472656,39.11000061035156,39.4900016784668,23.978477478027344,149100
2006-05-23,39.68000030517578,40.08000183105469,38.709999084472656,38.83000183105469,23.577713012695312,136300
2006-05-24,38.650001525878906,39.61000061035156,38.2400016784668,39.279998779296875,23.850969314575195,215000
2006-05-25,39.66999816894531,40.150001525878906,39.060001373291016,40.060001373291016,24.3245906829834,112400
2006-05-26,40.060001373291016,40.22999954223633,39.119998931884766,39.189998626708984,23.796308517456055,113900
2006-05-30,39.060001373291016,39.349998474121094,38.56999969482422,38.58000183105469,23.42591667175293,93400
2006-05-31,38.5,39.22999954223633,38.5,38.970001220703125,23.662729263305664,165500
2006-06-01,39.060001373291016,39.88999938964844,39.060001373291016,39.86000061035156,24.20313835144043,124400
2006-06-02,40.040000915527344,40.290000915527344,39.59000015258789,40.220001220703125,24.42173194885254,107600
2006-06-05,40.060001373291016,41.060001373291016,38.59000015258789,38.75,23.529144287109375,149800
2006-06-06,38.84000015258789,39.22999954223633,38.22999954223633,38.47999954223633,23.365205764770508,127700
2006-06-07,38.540000915527344,39.220001220703125,38.209999084472656,38.31999969482422,23.42632484436035,141500
2006-06-08,38.06999969482422,38.84000015258789,37.59000015258789,38.52000045776367,23.548593521118164,169600
2006-06-09,38.720001220703125,38.88999938964844,38.060001373291016,38.2400016784668,23.377418518066406,99300
2006-06-12,38.220001220703125,38.4900016784668,37.709999084472656,37.7400016784668,23.071767807006836,135100
2006-06-13,37.560001373291016,38.560001373291016,37.540000915527344,37.810001373291016,23.114553451538086,158700
2006-06-14,37.63999938964844,38.220001220703125,37.56999969482422,37.779998779296875,23.09620475769043,143100
2006-06-15,38.04999923706055,38.4900016784668,38.0,38.4900016784668,23.5302677154541,112500
2006-06-16,38.4900016784668,38.91999816894531,38.02000045776367,38.02000045776367,23.242929458618164,499800
2006-06-19,38.099998474121094,38.2400016784668,37.66999816894531,37.72999954223633,23.065645217895508,136900
2006-06-20,37.849998474121094,38.439998626708984,37.61000061035156,37.72999954223633,23.065645217895508,114500
2006-06-21,37.65999984741211,38.52000045776367,37.65999984741211,38.33000183105469,23.432443618774414,103200
2006-06-22,38.16999816894531,38.41999816894531,37.5,37.84000015258789,23.132883071899414,142700
2006-06-23,37.650001525878906,38.290000915527344,37.369998931884766,38.099998474121094,23.291837692260742,111100
2006-06-26,38.150001525878906,38.75,38.09000015258789,38.720001220703125,23.67087173461914,89900
2006-06-27,38.79999923706055,38.93000030517578,37.900001525878906,38.0099983215332,23.236820220947266,94600
2006-06-28,38.220001220703125,38.34000015258789,37.68000030517578,38.08000183105469,23.27960968017578,108700
2006-06-29,38.2599983215332,39.22999954223633,37.9900016784668,39.22999954223633,23.98263931274414,139700
2006-06-30,39.25,39.470001220703125,38.130001068115234,39.470001220703125,24.129371643066406,616100
2006-07-03,39.27000045776367,40.060001373291016,39.27000045776367,39.79999923706055,24.33111000061035,113900
2006-07-05,39.72999954223633,40.099998474121094,38.93000030517578,39.099998474121094,23.903179168701172,170900
2006-07-06,39.2599983215332,39.869998931884766,39.0,39.20000076293945,23.96430778503418,137200
2006-07-07,39.099998474121094,39.81999969482422,39.09000015258789,39.349998474121094,24.056007385253906,100800
2006-07-10,39.209999084472656,39.68000030517578,39.02000045776367,39.02000045776367,23.854265213012695,111500
2006-07-11,38.86000061035156,39.5,38.66999816894531,39.5,24.14769744873047,98800
2006-07-12,39.34000015258789,39.41999816894531,38.93000030517578,38.97999954223633,23.82980728149414,68600
2006-07-13,38.81999969482422,38.81999969482422,38.0,38.040000915527344,23.255163192749023,97900
2006-07-14,38.13999938964844,38.380001068115234,37.650001525878906,37.939998626708984,23.194021224975586,87900
2006-07-17,37.790000915527344,38.290000915527344,37.58000183105469,37.849998474121094,23.139001846313477,56600
2006-07-18,38.060001373291016,38.31999969482422,37.380001068115234,38.11000061035156,23.297958374023438,83500
2006-07-19,37.97999954223633,39.40999984741211,37.97999954223633,39.11000061035156,23.90929412841797,107200
2006-07-20,39.040000915527344,39.439998626708984,38.310001373291016,38.36000061035156,23.450794219970703,72300
2006-07-21,38.22999954223633,38.349998474121094,37.279998779296875,37.68000030517578,23.03508758544922,92500
2006-07-24,37.939998626708984,38.90999984741211,37.939998626708984,38.470001220703125,23.518037796020508,100100
2006-07-25,38.459999084472656,39.08000183105469,38.18000030517578,38.349998474121094,23.444673538208008,110800
2006-07-26,38.119998931884766,38.34000015258789,37.380001068115234,37.75,23.077880859375,187200
2006-07-27,38.0,38.5,37.470001220703125,37.619998931884766,22.998388290405273,97500
2006-07-28,37.849998474121094,38.939998626708984,37.849998474121094,38.779998779296875,23.70754623413086,85300
2006-07-31,38.84000015258789,38.84000015258789,38.08000183105469,38.31999969482422,23.42632484436035,94800
2006-08-01,38.09000015258789,38.380001068115234,37.79999923706055,38.20000076293945,23.35297203063965,68500
2006-08-02,38.43000030517578,39.16999816894531,38.33000183105469,39.02000045776367,23.854265213012695,87800
2006-08-03,38.90999984741211,39.34000015258789,38.689998626708984,39.290000915527344,24.019323348999023,88100
2006-08-04,39.52000045776367,39.900001525878906,38.56999969482422,38.9900016784668,23.835922241210938,75600
2006-08-07,38.83000183105469,38.90999984741211,38.470001220703125,38.7599983215332,23.6953125,58900
2006-08-08,38.75,39.58000183105469,38.43000030517578,38.5,23.536367416381836,80700
2006-08-09,38.599998474121094,39.20000076293945,38.25,38.290000915527344,23.40799331665039,74700
2006-08-10,38.20000076293945,39.31999969482422,38.150001525878906,39.189998626708984,23.95818328857422,119100
2006-08-11,39.2400016784668,39.2400016784668,38.90999984741211,39.209999084472656,23.970413208007812,60400
2006-08-14,39.31999969482422,39.9900016784668,39.2400016784668,39.310001373291016,24.031557083129883,70600
2006-08-15,39.849998474121094,40.099998474121094,39.349998474121094,39.790000915527344,24.325000762939453,81200
2006-08-16,39.81999969482422,40.880001068115234,39.41999816894531,40.86000061035156,24.979122161865234,159500
2006-08-17,42.95000076293945,44.290000915527344,42.220001220703125,43.0,26.28738021850586,748700
2006-08-18,43.150001525878906,43.36000061035156,42.369998931884766,42.91999816894531,26.23847770690918,141700
2006-08-21,42.5,43.029998779296875,42.5,42.88999938964844,26.22013282775879,127400
2006-08-22,42.75,44.0,42.75,43.880001068115234,26.825349807739258,220300
2006-08-23,43.849998474121094,44.36000061035156,43.790000915527344,44.099998474121094,26.959850311279297,213500
2006-08-24,43.88999938964844,44.720001220703125,43.88999938964844,44.349998474121094,27.11267852783203,157700
2006-08-25,44.119998931884766,44.869998931884766,43.959999084472656,43.9900016784668,26.89259910583496,198000
2006-08-28,44.0,44.61000061035156,44.0,44.04999923706055,26.929271697998047,209000
2006-08-29,44.2599983215332,44.34000015258789,43.97999954223633,44.29999923706055,27.082111358642578,184600
2006-08-30,44.220001220703125,44.81999969482422,44.13999938964844,44.56999969482422,27.247169494628906,116800
2006-08-31,44.41999816894531,44.790000915527344,44.029998779296875,44.13999938964844,26.984302520751953,152800
2006-09-01,44.33000183105469,44.90999984741211,44.0,44.650001525878906,27.296077728271484,118200
2006-09-05,44.790000915527344,44.790000915527344,43.810001373291016,43.88999938964844,26.83147430419922,204400
2006-09-06,43.4900016784668,43.900001525878906,43.189998626708984,43.5099983215332,26.75766372680664,193100
2006-09-07,43.41999816894531,43.68000030517578,43.0099983215332,43.15999984741211,26.542423248291016,124800
2006-09-08,43.130001068115234,43.560001373291016,42.869998931884766,43.189998626708984,26.560871124267578,100600
2006-09-11,42.880001068115234,43.880001068115234,42.599998474121094,43.84000015258789,26.96061134338379,91000
2006-09-12,43.689998626708984,44.720001220703125,43.689998626708984,44.68000030517578,27.47718620300293,123100
2006-09-13,44.75,44.939998626708984,44.16999816894531,44.93000030517578,27.630931854248047,61000
2006-09-14,44.619998931884766,44.959999084472656,44.220001220703125,44.83000183105469,27.569440841674805,147700
2006-09-15,45.04999923706055,45.7400016784668,45.040000915527344,45.130001068115234,27.753931045532227,332800
2006-09-18,44.90999984741211,45.400001525878906,44.72999954223633,45.02000045776367,27.686283111572266,123200
2006-09-19,44.93000030517578,45.2400016784668,44.18000030517578,45.119998931884766,27.747787475585938,186100
2006-09-20,45.5,45.939998626708984,45.130001068115234,45.70000076293945,28.10446548461914,124400
2006-09-21,45.959999084472656,46.0,44.970001220703125,45.209999084472656,27.803133010864258,94100
2006-09-22,45.0,45.08000183105469,44.47999954223633,44.61000061035156,27.43414306640625,91800
2006-09-25,44.779998779296875,44.9900016784668,44.349998474121094,44.709999084472656,27.495641708374023,107100
2006-09-26,44.83000183105469,45.45000076293945,44.279998779296875,45.310001373291016,27.864633560180664,56100
2006-09-27,45.060001373291016,46.0,45.060001373291016,45.540000915527344,28.006061553955078,65900
2006-09-28,45.7599983215332,45.880001068115234,44.90999984741211,45.2400016784668,27.821578979492188,87100
2006-09-29,45.380001068115234,45.540000915527344,44.7599983215332,44.7599983215332,27.52638816833496,117400
2006-10-02,44.619998931884766,45.290000915527344,44.61000061035156,44.88999938964844,27.606332778930664,71900
2006-10-03,44.709999084472656,45.43000030517578,44.290000915527344,44.7400016784668,27.51409149169922,73100
2006-10-04,44.529998779296875,45.93000030517578,44.529998779296875,45.84000015258789,28.190567016601562,106000
2006-10-05,45.90999984741211,46.56999969482422,45.86000061035156,46.54999923706055,28.627187728881836,69500
2006-10-06,46.380001068115234,46.400001525878906,45.52000045776367,45.81999969482422,28.178268432617188,47200
2006-10-09,45.59000015258789,46.15999984741211,45.349998474121094,46.15999984741211,28.387351989746094,31000
2006-10-10,46.36000061035156,46.47999954223633,45.720001220703125,46.0099983215332,28.29511833190918,38500
2006-10-11,45.9900016784668,45.9900016784668,45.25,45.689998626708984,28.098323822021484,64400
2006-10-12,45.869998931884766,46.58000183105469,45.77000045776367,46.560001373291016,28.633344650268555,73600
2006-10-13,46.63999938964844,46.849998474121094,46.20000076293945,46.650001525878906,28.68869972229004,81800
2006-10-16,46.709999084472656,46.90999984741211,46.36000061035156,46.90999984741211,28.84859848022461,69300
2006-10-17,46.54999923706055,46.83000183105469,45.56999969482422,46.59000015258789,28.65180206298828,100200
2006-10-18,46.880001068115234,46.880001068115234,46.0099983215332,46.25,28.442703247070312,77200
2006-10-19,46.0099983215332,46.400001525878906,45.88999938964844,46.34000015258789,28.49806022644043,59700
2006-10-20,46.599998474121094,46.599998474121094,45.81999969482422,46.150001525878906,28.381206512451172,62000
2006-10-23,45.880001068115234,46.77000045776367,45.689998626708984,46.4900016784668,28.590293884277344,52500
2006-10-24,46.290000915527344,46.58000183105469,45.7599983215332,46.400001525878906,28.534961700439453,52100
2006-10-25,46.43000030517578,46.7400016784668,45.79999923706055,46.369998931884766,28.516498565673828,51600
2006-10-26,46.70000076293945,47.380001068115234,46.20000076293945,47.31999969482422,29.100746154785156,72000
2006-10-27,47.119998931884766,47.119998931884766,45.90999984741211,46.16999816894531,28.39350700378418,57100
2006-10-30,42.189998626708984,43.560001373291016,41.29999923706055,42.220001220703125,25.964351654052734,552200
2006-10-31,42.189998626708984,42.20000076293945,40.5,40.54999923706055,24.937334060668945,215900
2006-11-01,40.79999923706055,41.06999969482422,40.40999984741211,40.4900016784668,24.90043830871582,226200
2006-11-02,40.20000076293945,40.369998931884766,40.0,40.11000061035156,24.666751861572266,119100
2006-11-03,40.119998931884766,40.13999938964844,39.400001525878906,40.060001373291016,24.63599967956543,229900
2006-11-06,40.06999969482422,40.16999816894531,39.66999816894531,39.93000030517578,24.55604362487793,127800
2006-11-07,39.79999923706055,40.2599983215332,39.59000015258789,40.0,24.599098205566406,162500
2006-11-08,39.900001525878906,40.20000076293945,39.310001373291016,40.0,24.599098205566406,172200
2006-11-09,39.970001220703125,40.150001525878906,39.68000030517578,40.0099983215332,24.60524559020996,119100
2006-11-10,40.13999938964844,40.459999084472656,39.91999816894531,40.22999954223633,24.740543365478516,194000
2006-11-13,40.119998931884766,40.959999084472656,39.97999954223633,40.45000076293945,24.875835418701172,248500
2006-11-14,40.38999938964844,41.75,40.25,41.75,25.675310134887695,183600
2006-11-15,41.63999938964844,42.2400016784668,41.56999969482422,41.599998474121094,25.58306312561035,191200
2006-11-16,41.56999969482422,41.95000076293945,41.349998474121094,41.93000030517578,25.7860050201416,141400
2006-11-17,41.97999954223633,42.38999938964844,41.77000045776367,42.349998474121094,26.04429817199707,138200
2006-11-20,42.209999084472656,42.9900016784668,42.209999084472656,42.70000076293945,26.259536743164062,132500
2006-11-21,42.79999923706055,42.84000015258789,42.029998779296875,42.25,25.9827938079834,107500
2006-11-22,42.33000183105469,42.84000015258789,42.130001068115234,42.83000183105469,26.33948516845703,95700
2006-11-24,42.65999984741211,42.869998931884766,42.43000030517578,42.619998931884766,26.2103328704834,44800
2006-11-27,42.619998931884766,42.75,41.58000183105469,41.61000061035156,25.589210510253906,114200
2006-11-28,41.59000015258789,42.22999954223633,41.56999969482422,42.02000045776367,25.84134864807129,88300
2006-11-29,42.060001373291016,43.310001373291016,41.9900016784668,43.20000076293945,26.567026138305664,165300
2006-11-30,43.290000915527344,43.290000915527344,42.720001220703125,42.7400016784668,26.284137725830078,102900
2006-12-01,42.59000015258789,43.40999984741211,42.59000015258789,43.349998474121094,26.65926170349121,157000
2006-12-04,43.08000183105469,44.5099983215332,43.08000183105469,44.459999084472656,27.341896057128906,137400
2006-12-05,44.56999969482422,44.88999938964844,44.279998779296875,44.68000030517578,27.47718620300293,110300
2006-12-06,44.599998474121094,44.709999084472656,44.04999923706055,44.31999969482422,27.421512603759766,73100
2006-12-07,44.400001525878906,44.400001525878906,43.650001525878906,43.75,27.068836212158203,162400
2006-12-08,43.72999954223633,44.150001525878906,43.290000915527344,44.0,27.223520278930664,48800
2006-12-11,43.810001373291016,44.2599983215332,43.650001525878906,43.97999954223633,27.211143493652344,52500
2006-12-12,43.90999984741211,44.31999969482422,43.79999923706055,44.209999084472656,27.353450775146484,62000
2006-12-13,44.40999984741211,44.59000015258789,44.09000015258789,44.560001373291016,27.570005416870117,74100
2006-12-14,44.7599983215332,45.31999969482422,44.20000076293945,44.25,27.37820053100586,95100
2006-12-15,44.310001373291016,45.099998474121094,44.279998779296875,44.849998474121094,27.74942398071289,142800
2006-12-18,45.029998779296875,45.310001373291016,43.790000915527344,43.959999084472656,27.198759078979492,73200
2006-12-19,43.790000915527344,44.2400016784668,43.40999984741211,44.2400016784668,27.372018814086914,79500
2006-12-20,44.13999938964844,44.599998474121094,44.13999938964844,44.27000045776367,27.39056968688965,90800
2006-12-21,43.880001068115234,45.529998779296875,43.880001068115234,44.970001220703125,27.823678970336914,101000
2006-12-22,45.09000015258789,45.09000015258789,44.65999984741211,44.7400016784668,27.681365966796875,129000
2006-12-26,44.630001068115234,45.439998626708984,44.630001068115234,45.2400016784668,27.990726470947266,87500
2006-12-27,45.41999816894531,45.66999816894531,45.41999816894531,45.4900016784668,28.14541244506836,82800
2006-12-28,45.5099983215332,45.59000015258789,45.099998474121094,45.11000061035156,27.910293579101562,72300
2006-12-29,45.15999984741211,45.27000045776367,44.150001525878906,44.310001373291016,27.415334701538086,83900
2007-01-03,44.689998626708984,44.75,43.58000183105469,44.18000030517578,27.334877014160156,164600
2007-01-04,44.0,44.529998779296875,43.7599983215332,44.369998931884766,27.452442169189453,119100
2007-01-05,44.380001068115234,44.38999938964844,43.470001220703125,43.540000915527344,26.938907623291016,87400
2007-01-08,43.75,44.09000015258789,43.2400016784668,43.810001373291016,27.10597038269043,82700
2007-01-09,43.9900016784668,44.400001525878906,43.650001525878906,44.279998779296875,27.396774291992188,90000
2007-01-10,44.08000183105469,44.439998626708984,44.0099983215332,44.400001525878906,27.470996856689453,63800
2007-01-11,44.47999954223633,44.970001220703125,44.290000915527344,44.880001068115234,27.767990112304688,82300
2007-01-12,44.7400016784668,45.06999969482422,44.66999816894531,45.040000915527344,27.866985321044922,47000
2007-01-16,45.189998626708984,45.79999923706055,44.72999954223633,44.939998626708984,27.80511474609375,89700
2007-01-17,44.869998931884766,45.02000045776367,44.380001068115234,44.38999938964844,27.464815139770508,45200
2007-01-18,44.33000183105469,44.5,43.81999969482422,44.029998779296875,27.242082595825195,58100
2007-01-19,43.91999816894531,45.130001068115234,43.84000015258789,45.029998779296875,27.86080551147461,72600
2007-01-22,44.939998626708984,45.099998474121094,44.04999923706055,44.47999954223633,27.52049446105957,95700
2007-01-23,44.400001525878906,45.400001525878906,44.400001525878906,44.88999938964844,27.774171829223633,83700
2007-01-24,44.90999984741211,45.47999954223633,44.709999084472656,45.47999954223633,28.13922691345215,67500
2007-01-25,45.5099983215332,45.5099983215332,44.2400016784668,44.72999954223633,27.67518424987793,95300
2007-01-26,44.95000076293945,45.56999969482422,44.720001220703125,45.380001068115234,28.077335357666016,77000
2007-01-29,44.7599983215332,45.959999084472656,44.70000076293945,45.4900016784668,28.14541244506836,99700
2007-01-30,45.650001525878906,45.86000061035156,45.150001525878906,45.209999084472656,27.972169876098633,67800
2007-01-31,41.77000045776367,44.2400016784668,41.599998474121094,43.7400016784668,27.062654495239258,190300
2007-02-01,43.75,44.040000915527344,42.869998931884766,43.630001068115234,26.994598388671875,151900
2007-02-02,43.720001220703125,44.189998626708984,43.560001373291016,43.900001525878906,27.161645889282227,74000
2007-02-05,44.029998779296875,44.029998779296875,42.810001373291016,42.970001220703125,26.58624839782715,136100
2007-02-06,42.86000061035156,43.36000061035156,42.79999923706055,43.349998474121094,26.821340560913086,91800
2007-02-07,43.47999954223633,44.0,43.11000061035156,44.0,27.223520278930664,73100
2007-02-08,44.0,44.0,43.65999984741211,43.90999984741211,27.167827606201172,51000
2007-02-09,43.810001373291016,44.0,43.63999938964844,43.880001068115234,27.149269104003906,62200
2007-02-12,43.97999954223633,44.04999923706055,43.689998626708984,43.97999954223633,27.211143493652344,94700
2007-02-13,44.0,44.04999923706055,43.43000030517578,43.7599983215332,27.075021743774414,114100
2007-02-14,43.900001525878906,44.20000076293945,43.22999954223633,43.5099983215332,26.920337677001953,119800
2007-02-15,43.40999984741211,44.15999984741211,43.40999984741211,44.0,27.223520278930664,74600
2007-02-16,44.0,44.33000183105469,43.720001220703125,44.220001220703125,27.35964012145996,63200
2007-02-20,44.06999969482422,44.380001068115234,43.59000015258789,44.290000915527344,27.4029541015625,78000
2007-02-21,44.08000183105469,44.56999969482422,44.08000183105469,44.47999954223633,27.52049446105957,58600
2007-02-22,44.58000183105469,44.810001373291016,44.060001373291016,44.810001373291016,27.72467803955078,99300
2007-02-23,44.880001068115234,45.0,44.459999084472656,44.720001220703125,27.669008255004883,108300
2007-02-26,44.720001220703125,44.88999938964844,43.970001220703125,44.380001068115234,27.458621978759766,92600
2007-02-27,43.90999984741211,44.11000061035156,42.31999969482422,42.52000045776367,26.30781364440918,167800
2007-02-28,42.43000030517578,43.75,42.25,42.349998474121094,26.202640533447266,191400
2007-03-01,42.29999923706055,43.060001373291016,41.779998779296875,42.150001525878906,26.078899383544922,221400
2007-03-02,41.93000030517578,42.29999923706055,41.369998931884766,41.41999816894531,25.627227783203125,178900
2007-03-05,41.15999984741211,41.709999084472656,40.810001373291016,40.86000061035156,25.280750274658203,261100
2007-03-06,41.02000045776367,41.43000030517578,40.68000030517578,40.95000076293945,25.336423873901367,161500
2007-03-07,40.33000183105469,40.619998931884766,39.9900016784668,40.310001373291016,25.105987548828125,293900
2007-03-08,40.41999816894531,40.88999938964844,40.220001220703125,40.59000015258789,25.280384063720703,189000
2007-03-09,40.790000915527344,41.439998626708984,40.70000076293945,41.369998931884766,25.766183853149414,118700
2007-03-12,41.439998626708984,41.849998474121094,41.209999084472656,41.650001525878906,25.94057846069336,135300
2007-03-13,41.47999954223633,41.66999816894531,40.65999984741211,40.65999984741211,25.323972702026367,178200
2007-03-14,40.529998779296875,41.0,40.25,40.75,25.380037307739258,126100
2007-03-15,40.75,41.220001220703125,40.56999969482422,41.189998626708984,25.654071807861328,172300
2007-03-16,41.18000030517578,41.439998626708984,41.0,41.209999084472656,25.666522979736328,259300
2007-03-19,41.41999816894531,42.41999816894531,41.41999816894531,42.290000915527344,26.339181900024414,158900
2007-03-20,42.15999984741211,42.720001220703125,42.02000045776367,42.70000076293945,26.594533920288086,77800
2007-03-21,42.75,43.72999954223633,42.52000045776367,43.630001068115234,27.17376708984375,110500
2007-03-22,43.58000183105469,43.95000076293945,43.5099983215332,43.91999816894531,27.354373931884766,106300
2007-03-23,44.029998779296875,44.31999969482422,43.790000915527344,44.02000045776367,27.416662216186523,72700
2007-03-26,44.27000045776367,44.290000915527344,43.650001525878906,44.27000045776367,27.572362899780273,63800
2007-03-27,44.0099983215332,44.0099983215332,43.08000183105469,43.5099983215332,27.099010467529297,115000
2007-03-28,43.279998779296875,43.7400016784668,42.779998779296875,43.56999969482422,27.136390686035156,93400
2007-03-29,43.900001525878906,43.970001220703125,43.290000915527344,43.83000183105469,27.298324584960938,61600
2007-03-30,44.0099983215332,44.189998626708984,43.540000915527344,44.189998626708984,27.522546768188477,111400
2007-04-02,44.0099983215332,44.58000183105469,43.810001373291016,44.560001373291016,27.75299644470215,84800
2007-04-03,44.65999984741211,44.959999084472656,44.31999969482422,44.369998931884766,27.63465118408203,70500
2007-04-04,44.52000045776367,44.81999969482422,44.099998474121094,44.18000030517578,27.51630210876465,66300
2007-04-05,44.119998931884766,44.459999084472656,44.09000015258789,44.119998931884766,27.478944778442383,49700
2007-04-09,44.25,44.43000030517578,43.9900016784668,44.11000061035156,27.472721099853516,57700
2007-04-10,44.029998779296875,44.43000030517578,43.93000030517578,44.369998931884766,27.63465118408203,54900
2007-04-11,44.459999084472656,44.459999084472656,43.810001373291016,44.119998931884766,27.478944778442383,105800
2007-04-12,43.91999816894531,44.25,43.63999938964844,43.959999084472656,27.3792781829834,126700
2007-04-13,44.2400016784668,44.529998779296875,43.869998931884766,44.529998779296875,27.734291076660156,234000
2007-04-16,44.529998779296875,45.060001373291016,44.529998779296875,45.029998779296875,28.04572105407715,49800
2007-04-17,44.97999954223633,45.04999923706055,44.33000183105469,44.630001068115234,27.79659080505371,46100
2007-04-18,45.09000015258789,45.09000015258789,44.16999816894531,44.22999954223633,27.547468185424805,58100
2007-04-19,44.4900016784668,44.4900016784668,43.630001068115234,44.20000076293945,27.52877426147461,81100
2007-04-20,44.63999938964844,44.90999984741211,44.209999084472656,44.90999984741211,27.970983505249023,88700
2007-04-23,44.709999084472656,45.02000045776367,44.45000076293945,44.72999954223633,27.858869552612305,60200
2007-04-24,44.720001220703125,44.86000061035156,44.16999816894531,44.220001220703125,27.541229248046875,90800
2007-04-25,44.400001525878906,44.47999954223633,43.81999969482422,44.25,27.55991554260254,85100
2007-04-26,44.119998931884766,44.310001373291016,43.63999938964844,43.93000030517578,27.360605239868164,108800
2007-04-27,43.689998626708984,44.189998626708984,43.45000076293945,43.58000183105469,27.14262580871582,75300
2007-04-30,43.33000183105469,44.0,42.08000183105469,42.22999954223633,26.301801681518555,189300
2007-05-01,42.56999969482422,42.63999938964844,41.63999938964844,42.43000030517578,26.426380157470703,150400
2007-05-02,42.619998931884766,43.66999816894531,42.18000030517578,43.38999938964844,27.024290084838867,122000
2007-05-03,43.529998779296875,43.529998779296875,42.58000183105469,42.599998474121094,26.532255172729492,100400
2007-05-04,42.599998474121094,43.22999954223633,42.599998474121094,43.22999954223633,26.924623489379883,103200
2007-05-07,42.66999816894531,43.34000015258789,42.66999816894531,43.150001525878906,26.874807357788086,77000
2007-05-08,43.099998474121094,43.459999084472656,42.790000915527344,43.459999084472656,27.067874908447266,118700
2007-05-09,42.720001220703125,43.86000061035156,42.720001220703125,43.619998931884766,27.167524337768555,130900
2007-05-10,43.34000015258789,43.34000015258789,42.529998779296875,42.970001220703125,26.76270294189453,139500
2007-05-11,43.279998779296875,43.41999816894531,42.959999084472656,43.20000076293945,26.905948638916016,109200
2007-05-14,43.130001068115234,43.15999984741211,42.70000076293945,42.880001068115234,26.706653594970703,97100
2007-05-15,42.88999938964844,43.56999969482422,42.720001220703125,42.7599983215332,26.631898880004883,75800
2007-05-16,42.93000030517578,43.54999923706055,42.599998474121094,43.54999923706055,27.123943328857422,79800
2007-05-17,43.29999923706055,43.7400016784668,43.189998626708984,43.54999923706055,27.123943328857422,116300
2007-05-18,43.75,43.880001068115234,42.939998626708984,43.709999084472656,27.223590850830078,79800
2007-05-21,43.54999923706055,44.16999816894531,43.0099983215332,43.869998931884766,27.32323455810547,81400
2007-05-22,43.75,44.34000015258789,43.459999084472656,44.13999938964844,27.49140167236328,66400
2007-05-23,44.33000183105469,44.34000015258789,43.619998931884766,43.72999954223633,27.23605728149414,50300
2007-05-24,43.709999084472656,44.09000015258789,43.04999923706055,43.11000061035156,26.849891662597656,113600
2007-05-25,43.150001525878906,43.900001525878906,43.150001525878906,43.470001220703125,27.074100494384766,74200
2007-05-29,43.65999984741211,44.33000183105469,43.65999984741211,44.2599983215332,27.566139221191406,94300
2007-05-30,44.08000183105469,44.290000915527344,43.22999954223633,44.20000076293945,27.52877426147461,509200
2007-05-31,44.25,44.38999938964844,43.439998626708984,43.810001373291016,27.285879135131836,222200
2007-06-01,44.040000915527344,44.619998931884766,43.88999938964844,44.43000030517578,27.672008514404297,112500
2007-06-04,44.22999954223633,44.27000045776367,43.810001373291016,44.130001068115234,27.48517417907715,83500
2007-06-05,43.869998931884766,43.869998931884766,43.130001068115234,43.599998474121094,27.15508460998535,109400
2007-06-06,43.34000015258789,43.34000015258789,42.90999984741211,43.119998931884766,27.023473739624023,72700
2007-06-07,42.88999938964844,42.959999084472656,41.56999969482422,41.79999923706055,26.196216583251953,248100
2007-06-08,41.599998474121094,42.41999816894531,41.599998474121094,42.27000045776367,26.490779876708984,116200
2007-06-11,42.130001068115234,42.560001373291016,41.9900016784668,42.31999969482422,26.522109985351562,139600
2007-06-12,42.11000061035156,42.369998931884766,41.58000183105469,41.65999984741211,26.108491897583008,88500
2007-06-13,41.7400016784668,42.29999923706055,41.529998779296875,42.11000061035156,26.39051055908203,90800
2007-06-14,42.08000183105469,42.290000915527344,41.790000915527344,41.91999816894531,26.27141761779785,100500
2007-06-15,42.70000076293945,42.70000076293945,41.970001220703125,42.04999923706055,26.352895736694336,251200
2007-06-18,42.06999969482422,42.720001220703125,41.939998626708984,42.290000915527344,26.50331687927246,115600
2007-06-19,42.119998931884766,42.119998931884766,41.810001373291016,41.88999938964844,26.252622604370117,90400
2007-06-20,41.939998626708984,42.18000030517578,41.529998779296875,41.599998474121094,26.070880889892578,89500
2007-06-21,41.47999954223633,41.86000061035156,41.22999954223633,41.790000915527344,26.189952850341797,139600
2007-06-22,41.70000076293945,41.72999954223633,41.33000183105469,41.56999969482422,26.052072525024414,428800
2007-06-25,41.529998779296875,42.18000030517578,41.439998626708984,41.619998931884766,26.083410263061523,110900
2007-06-26,41.779998779296875,42.13999938964844,41.529998779296875,41.97999954223633,26.309022903442383,123700
2007-06-27,41.810001373291016,42.40999984741211,41.630001068115234,42.40999984741211,26.578508377075195,79700
2007-06-28,42.40999984741211,42.4900016784668,42.13999938964844,42.349998474121094,26.540910720825195,77700
2007-06-29,42.45000076293945,42.61000061035156,41.779998779296875,41.88999938964844,26.252622604370117,121600
2007-07-02,42.16999816894531,42.7599983215332,41.959999084472656,42.04999923706055,26.352895736694336,146400
2007-07-03,42.25,42.439998626708984,41.75,42.40999984741211,26.578508377075195,80900
2007-07-05,43.040000915527344,43.08000183105469,41.779998779296875,42.2400016784668,26.471969604492188,151700
2007-07-06,42.119998931884766,42.459999084472656,41.77000045776367,42.279998779296875,26.49704360961914,90100
2007-07-09,42.209999084472656,42.25,41.650001525878906,42.029998779296875,26.340362548828125,86000
2007-07-10,41.7400016784668,41.849998474121094,41.33000183105469,41.47999954223633,25.995677947998047,140900
2007-07-11,41.45000076293945,41.93000030517578,41.45000076293945,41.66999816894531,26.114736557006836,130000
2007-07-12,41.650001525878906,42.04999923706055,41.52000045776367,42.0,26.321552276611328,144100
2007-07-13,41.869998931884766,42.02000045776367,41.54999923706055,41.97999954223633,26.309022903442383,116500
2007-07-16,41.939998626708984,42.0099983215332,41.65999984741211,41.869998931884766,26.240089416503906,117900
2007-07-17,41.849998474121094,42.61000061035156,41.810001373291016,42.380001068115234,26.559707641601562,126300
2007-07-18,42.27000045776367,42.34000015258789,41.560001373291016,42.34000015258789,26.534643173217773,153400
2007-07-19,42.47999954223633,42.720001220703125,42.27000045776367,42.36000061035156,26.54717445373535,97100
2007-07-20,42.27000045776367,42.33000183105469,41.650001525878906,42.02000045776367,26.33409309387207,126600
2007-07-23,42.119998931884766,42.349998474121094,41.939998626708984,42.15999984741211,26.42183494567871,121600
2007-07-24,41.779998779296875,41.91999816894531,40.61000061035156,40.7400016784668,25.531917572021484,193600
2007-07-25,40.84000015258789,40.869998931884766,40.150001525878906,40.400001525878906,25.31884002685547,244600
2007-07-26,40.02000045776367,41.02000045776367,38.84000015258789,39.45000076293945,24.72346305847168,152300
2007-07-27,39.2599983215332,39.58000183105469,38.4900016784668,38.4900016784668,24.121841430664062,114600
2007-07-30,38.560001373291016,39.11000061035156,38.130001068115234,38.79999923706055,24.31610679626465,127900
2007-07-31,39.099998474121094,39.459999084472656,38.689998626708984,38.720001220703125,24.265975952148438,113000
2007-08-01,38.459999084472656,39.4900016784668,38.099998474121094,39.369998931884766,24.673328399658203,117400
2007-08-02,39.45000076293945,39.939998626708984,39.119998931884766,39.900001525878906,25.00547981262207,101600
2007-08-03,39.97999954223633,39.97999954223633,38.22999954223633,38.27000045776367,23.983963012695312,150000
2007-08-06,38.34000015258789,39.900001525878906,38.130001068115234,39.5099983215332,24.76106071472168,150800
2007-08-07,39.40999984741211,41.099998474121094,38.099998474121094,40.790000915527344,25.563262939453125,184000
2007-08-08,41.04999923706055,44.02000045776367,41.04999923706055,43.130001068115234,27.029741287231445,332300
2007-08-09,42.58000183105469,43.84000015258789,40.72999954223633,40.88999938964844,25.625913619995117,335600
2007-08-10,40.5,42.38999938964844,39.720001220703125,39.90999984741211,25.011754989624023,231700
2007-08-13,40.20000076293945,41.380001068115234,39.58000183105469,39.709999084472656,24.886404037475586,90400
2007-08-14,39.77000045776367,40.209999084472656,38.83000183105469,38.88999938964844,24.372512817382812,105600
2007-08-15,38.779998779296875,39.22999954223633,37.86000061035156,37.880001068115234,23.739540100097656,106300
2007-08-16,37.79999923706055,39.900001525878906,37.04999923706055,39.0,24.44144058227539,299700
2007-08-17,40.18000030517578,40.36000061035156,37.63999938964844,39.79999923706055,24.942819595336914,254900
2007-08-20,39.970001220703125,40.25,39.349998474121094,39.939998626708984,25.030553817749023,123200
2007-08-21,39.81999969482422,40.13999938964844,39.0,39.83000183105469,24.961618423461914,103300
2007-08-22,40.119998931884766,40.459999084472656,39.75,40.2400016784668,25.218555450439453,90300
2007-08-23,40.439998626708984,40.689998626708984,39.88999938964844,40.25,25.224828720092773,94500
2007-08-24,40.16999816894531,41.52000045776367,39.75,41.470001220703125,25.98941993713379,85700
2007-08-27,41.18000030517578,41.5099983215332,40.81999969482422,41.2400016784668,25.845264434814453,121600
2007-08-28,40.93000030517578,41.119998931884766,40.2599983215332,40.2599983215332,25.231101989746094,102400
2007-08-29,40.43000030517578,41.380001068115234,40.11000061035156,41.380001068115234,25.933008193969727,116500
2007-08-30,40.95000076293945,41.31999969482422,40.2400016784668,40.40999984741211,25.325103759765625,133200
2007-08-31,40.91999816894531,41.959999084472656,40.189998626708984,40.66999816894531,25.488048553466797,87700
2007-09-04,40.630001068115234,41.5099983215332,40.459999084472656,40.56999969482422,25.425378799438477,133000
2007-09-05,41.459999084472656,41.459999084472656,39.470001220703125,39.4900016784668,24.748537063598633,205100
2007-09-06,39.5099983215332,39.56999969482422,38.9900016784668,39.290000915527344,24.79269790649414,71500
2007-09-07,38.720001220703125,38.86000061035156,37.689998626708984,37.95000076293945,23.9471492767334,98500
2007-09-10,38.040000915527344,38.22999954223633,36.84000015258789,37.189998626708984,23.467571258544922,107700
2007-09-11,37.34000015258789,37.66999816894531,36.900001525878906,37.40999984741211,23.606403350830078,80300
2007-09-12,37.33000183105469,37.41999816894531,36.880001068115234,36.970001220703125,23.32874870300293,44100
2007-09-13,37.13999938964844,37.290000915527344,36.36000061035156,36.59000015258789,23.088953018188477,107800
2007-09-14,36.22999954223633,36.849998474121094,36.22999954223633,36.75,23.189922332763672,80500
2007-09-17,36.58000183105469,36.58000183105469,35.900001525878906,35.900001525878906,22.6535587310791,173700
2007-09-18,36.06999969482422,37.959999084472656,35.88999938964844,37.36000061035156,23.574838638305664,209600
2007-09-19,37.810001373291016,39.15999984741211,37.689998626708984,38.959999084472656,24.584463119506836,174500
2007-09-20,38.88999938964844,39.18000030517578,37.599998474121094,37.77000045776367,23.83355712890625,154500
2007-09-21,38.130001068115234,38.43000030517578,37.20000076293945,38.060001373291016,24.016557693481445,377300
2007-09-24,38.04999923706055,38.33000183105469,37.56999969482422,37.66999816894531,23.770450592041016,125300
2007-09-25,37.4900016784668,37.880001068115234,37.209999084472656,37.709999084472656,23.795698165893555,134500
2007-09-26,37.75,38.349998474121094,37.75,38.06999969482422,24.022863388061523,140200
2007-09-27,38.13999938964844,38.790000915527344,37.709999084472656,38.31999969482422,24.180618286132812,103400
2007-09-28,38.22999954223633,38.380001068115234,37.79999923706055,38.16999816894531,24.085954666137695,179600
2007-10-01,38.189998626708984,39.29999923706055,37.7599983215332,39.189998626708984,24.729595184326172,176400
2007-10-02,39.27000045776367,39.45000076293945,38.880001068115234,39.38999938964844,24.85580825805664,146300
2007-10-03,39.099998474121094,39.470001220703125,38.63999938964844,38.86000061035156,24.5213680267334,100300
2007-10-04,39.08000183105469,39.439998626708984,38.84000015258789,39.22999954223633,24.75484275817871,100700
2007-10-05,39.61000061035156,40.380001068115234,39.16999816894531,40.380001068115234,25.48051643371582,137100
2007-10-08,40.220001220703125,44.09000015258789,39.93000030517578,40.81999969482422,25.758167266845703,275600
2007-10-09,40.88999938964844,41.38999938964844,40.34000015258789,40.90999984741211,25.814943313598633,95100
2007-10-10,41.0,41.16999816894531,39.970001220703125,40.09000015258789,25.297529220581055,80900
2007-10-11,40.2400016784668,40.619998931884766,39.599998474121094,39.900001525878906,25.177627563476562,85500
2007-10-12,39.86000061035156,40.25,38.849998474121094,39.63999938964844,25.013545989990234,89800
2007-10-15,39.56999969482422,39.93000030517578,38.36000061035156,38.849998474121094,24.515058517456055,154800
2007-10-16,38.810001373291016,38.849998474121094,38.45000076293945,38.54999923706055,24.32575035095215,88700
2007-10-17,38.91999816894531,39.849998474121094,38.0,38.52000045776367,24.306814193725586,77700
2007-10-18,38.209999084472656,38.619998931884766,38.18000030517578,38.41999816894531,24.24372673034668,117400
2007-10-19,38.41999816894531,38.41999816894531,37.22999954223633,37.2400016784668,23.499130249023438,130000
2007-10-22,37.06999969482422,38.220001220703125,36.65999984741211,38.099998474121094,24.041791915893555,160200
2007-10-23,38.290000915527344,38.290000915527344,37.720001220703125,38.130001068115234,24.06072235107422,138800
2007-10-24,37.81999969482422,38.130001068115234,37.349998474121094,37.83000183105469,23.871416091918945,127800
2007-10-25,38.18000030517578,38.34000015258789,37.189998626708984,37.31999969482422,23.549604415893555,136000
2007-10-26,37.380001068115234,38.15999984741211,37.220001220703125,38.150001525878906,24.073345184326172,91200
2007-10-29,40.09000015258789,40.130001068115234,37.939998626708984,38.5,24.2941951751709,312900
2007-10-30,38.5,40.83000183105469,38.5,40.41999816894531,25.50574493408203,194000
2007-10-31,40.38999938964844,40.439998626708984,38.959999084472656,40.16999816894531,25.348005294799805,129500
2007-11-01,39.65999984741211,40.20000076293945,37.86000061035156,38.0,23.978689193725586,202200
2007-11-02,38.400001525878906,39.119998931884766,37.43000030517578,38.63999938964844,24.382539749145508,122600
2007-11-05,38.119998931884766,39.150001525878906,38.099998474121094,38.84000015258789,24.508752822875977,107000
2007-11-06,38.88999938964844,39.47999954223633,38.34000015258789,39.38999938964844,24.85580825805664,118200
2007-11-07,38.90999984741211,39.13999938964844,38.220001220703125,38.5099983215332,24.30049705505371,113300
2007-11-08,38.84000015258789,39.43000030517578,38.47999954223633,39.38999938964844,24.85580825805664,135500
2007-11-09,38.90999984741211,39.72999954223633,38.130001068115234,38.33000183105469,24.186925888061523,168600
2007-11-12,38.25,39.27000045776367,38.130001068115234,38.31999969482422,24.180618286132812,109500
2007-11-13,38.66999816894531,39.09000015258789,37.939998626708984,38.65999984741211,24.39517593383789,120600
2007-11-14,38.93000030517578,38.939998626708984,38.22999954223633,38.849998474121094,24.515058517456055,182200
2007-11-15,38.720001220703125,39.18000030517578,38.27000045776367,38.810001373291016,24.489810943603516,98000
2007-11-16,38.90999984741211,39.369998931884766,38.5,38.939998626708984,24.571847915649414,159100
2007-11-19,38.619998931884766,38.810001373291016,37.93000030517578,38.13999938964844,24.06703758239746,112300
2007-11-20,37.810001373291016,38.72999954223633,37.66999816894531,38.470001220703125,24.275278091430664,138800
2007-11-21,38.290000915527344,38.4900016784668,37.220001220703125,37.25,23.50542640686035,163000
2007-11-23,37.310001373291016,37.779998779296875,37.209999084472656,37.439998626708984,23.625320434570312,95600
2007-11-26,37.540000915527344,37.79999923706055,36.11000061035156,36.11000061035156,22.78607177734375,229300
2007-11-27,36.209999084472656,37.34000015258789,36.13999938964844,36.939998626708984,23.309804916381836,223400
2007-11-28,37.38999938964844,38.58000183105469,37.18000030517578,38.5,24.2941951751709,181500
2007-11-29,38.47999954223633,38.709999084472656,37.90999984741211,38.36000061035156,24.205860137939453,88400
2007-11-30,38.75,38.75,38.20000076293945,38.52000045776367,24.306814193725586,180500
2007-12-03,38.63999938964844,38.63999938964844,37.84000015258789,38.029998779296875,23.99762535095215,125300
2007-12-04,37.599998474121094,38.43000030517578,37.45000076293945,37.9900016784668,23.972379684448242,139700
2007-12-05,38.59000015258789,39.15999984741211,38.209999084472656,39.04999923706055,24.641260147094727,113300
2007-12-06,38.88999938964844,40.439998626708984,38.709999084472656,40.439998626708984,25.702665328979492,147500
2007-12-07,40.4900016784668,40.779998779296875,40.029998779296875,40.40999984741211,25.68361473083496,147600
2007-12-10,40.439998626708984,40.77000045776367,40.189998626708984,40.47999954223633,25.728092193603516,89600
2007-12-11,40.720001220703125,40.88999938964844,39.22999954223633,39.279998779296875,24.965408325195312,118100
2007-12-12,40.2599983215332,40.63999938964844,38.93000030517578,39.25,24.946340560913086,86700
2007-12-13,38.97999954223633,39.779998779296875,38.91999816894531,39.630001068115234,25.187854766845703,106200
2007-12-14,39.15999984741211,39.790000915527344,38.959999084472656,39.189998626708984,24.908201217651367,84800
2007-12-17,38.93000030517578,39.279998779296875,38.47999954223633,38.47999954223633,24.456951141357422,66400
2007-12-18,38.90999984741211,39.86000061035156,38.529998779296875,39.79999923706055,25.295909881591797,113100
2007-12-19,39.779998779296875,40.11000061035156,39.33000183105469,39.86000061035156,25.33404541015625,99100
2007-12-20,40.220001220703125,40.869998931884766,39.56999969482422,40.869998931884766,25.97597312927246,123500
2007-12-21,41.72999954223633,41.7599983215332,41.06999969482422,41.18000030517578,26.173004150390625,354200
2007-12-24,41.439998626708984,41.77000045776367,40.380001068115234,41.7599983215332,26.541635513305664,46700
2007-12-26,41.38999938964844,41.77000045776367,41.0,41.560001373291016,26.41451072692871,85000
2007-12-27,41.52000045776367,41.52000045776367,40.2400016784668,40.2400016784668,25.575559616088867,116700
2007-12-28,40.630001068115234,41.400001525878906,40.279998779296875,40.41999816894531,25.68996238708496,52100
2007-12-31,40.400001525878906,40.47999954223633,39.70000076293945,39.70000076293945,25.232349395751953,78300
2008-01-02,39.459999084472656,39.75,38.4900016784668,38.63999938964844,24.558635711669922,106800
2008-01-03,38.70000076293945,39.2599983215332,37.970001220703125,38.02000045776367,24.16457176208496,87700
2008-01-04,37.75,37.83000183105469,36.5099983215332,36.529998779296875,23.21757698059082,124300
2008-01-07,36.630001068115234,38.029998779296875,36.619998931884766,37.56999969482422,23.878572463989258,214100
2008-01-08,37.630001068115234,38.040000915527344,36.540000915527344,36.540000915527344,23.22393226623535,135800
2008-01-09,36.52000045776367,37.630001068115234,36.52000045776367,37.43000030517578,23.789592742919922,244700
2008-01-10,37.02000045776367,38.439998626708984,36.84000015258789,37.97999954223633,24.13916015625,131900
2008-01-11,37.59000015258789,37.7400016784668,36.529998779296875,36.529998779296875,23.21757698059082,111700
2008-01-14,36.72999954223633,37.59000015258789,36.599998474121094,36.91999816894531,23.46544647216797,97000
2008-01-15,36.5,36.61000061035156,36.0099983215332,36.22999954223633,23.026901245117188,89700
2008-01-16,36.15999984741211,37.279998779296875,36.130001068115234,36.18000030517578,22.99513053894043,197100
2008-01-17,36.2599983215332,36.400001525878906,34.72999954223633,34.72999954223633,22.073537826538086,212300
2008-01-18,34.720001220703125,35.689998626708984,34.2400016784668,34.5,21.92735481262207,170000
2008-01-22,33.91999816894531,35.189998626708984,33.900001525878906,34.47999954223633,21.914655685424805,121000
2008-01-23,33.68000030517578,35.849998474121094,33.22999954223633,35.630001068115234,22.645557403564453,135700
2008-01-24,35.77000045776367,35.97999954223633,34.470001220703125,34.630001068115234,22.009981155395508,200700
2008-01-25,34.95000076293945,35.45000076293945,34.22999954223633,34.41999816894531,21.876506805419922,195100
2008-01-28,34.290000915527344,34.83000183105469,33.83000183105469,34.70000076293945,22.054468154907227,183400
2008-01-29,34.869998931884766,34.869998931884766,34.220001220703125,34.5099983215332,21.933713912963867,171100
2008-01-30,34.27000045776367,35.20000076293945,33.59000015258789,34.02000045776367,21.622276306152344,190200
2008-01-31,34.459999084472656,35.41999816894531,32.720001220703125,34.86000061035156,22.15616798400879,239000
2008-02-01,34.9900016784668,36.56999969482422,34.939998626708984,36.34000015258789,23.09680938720703,258000
2008-02-04,36.439998626708984,36.880001068115234,35.790000915527344,36.11000061035156,22.95063018798828,162000
2008-02-05,35.38999938964844,36.189998626708984,35.349998474121094,35.400001525878906,22.499374389648438,90800
2008-02-06,35.65999984741211,35.95000076293945,35.130001068115234,35.61000061035156,22.632856369018555,141600
2008-02-07,35.29999923706055,35.72999954223633,34.84000015258789,35.41999816894531,22.512083053588867,161400
2008-02-08,35.38999938964844,35.970001220703125,35.099998474121094,35.2400016784668,22.397672653198242,103400
2008-02-11,35.20000076293945,36.0,34.77000045776367,35.779998779296875,22.740890502929688,177300
2008-02-12,35.93000030517578,36.41999816894531,35.619998931884766,36.09000015258789,22.937915802001953,166200
2008-02-13,36.43000030517578,37.0,36.43000030517578,36.970001220703125,23.497230529785156,155700
2008-02-14,37.040000915527344,37.040000915527344,36.11000061035156,36.310001373291016,23.077749252319336,132600
2008-02-15,36.09000015258789,36.7599983215332,36.09000015258789,36.70000076293945,23.325618743896484,146200
2008-02-19,37.09000015258789,37.900001525878906,36.97999954223633,37.45000076293945,23.80230140686035,268600
2008-02-20,37.2400016784668,38.029998779296875,37.189998626708984,37.9900016784668,24.1455135345459,148200
2008-02-21,38.119998931884766,38.54999923706055,37.36000061035156,37.38999938964844,23.764163970947266,120100
2008-02-22,37.41999816894531,37.90999984741211,36.95000076293945,37.560001373291016,23.872209548950195,108200
2008-02-25,37.560001373291016,38.61000061035156,37.290000915527344,38.5,24.469655990600586,164100
2008-02-26,38.290000915527344,38.72999954223633,37.68000030517578,38.400001525878906,24.406095504760742,140400
2008-02-27,38.0099983215332,38.560001373291016,37.880001068115234,38.310001373291016,24.348899841308594,128200
2008-02-28,38.18000030517578,38.18000030517578,37.58000183105469,37.86000061035156,24.062885284423828,134100
2008-02-29,37.4900016784668,37.790000915527344,36.95000076293945,37.130001068115234,23.59892463684082,233800
2008-03-03,37.060001373291016,38.029998779296875,37.060001373291016,37.84000015258789,24.050167083740234,135600
2008-03-04,37.529998779296875,38.34000015258789,37.529998779296875,38.31999969482422,24.35524559020996,194900
2008-03-05,38.349998474121094,38.66999816894531,37.470001220703125,37.599998474121094,23.897642135620117,123200
2008-03-06,36.9900016784668,37.45000076293945,36.33000183105469,36.33000183105469,23.26369285583496,109800
2008-03-07,35.939998626708984,37.34000015258789,35.81999969482422,36.91999816894531,23.641496658325195,131700
2008-03-10,37.099998474121094,37.290000915527344,36.529998779296875,36.58000183105469,23.423786163330078,107100
2008-03-11,37.5,38.18000030517578,37.13999938964844,38.11000061035156,24.403514862060547,159800
2008-03-12,38.0,38.470001220703125,37.540000915527344,37.77000045776367,24.185792922973633,235900
2008-03-13,36.720001220703125,38.310001373291016,36.2599983215332,38.0099983215332,24.3394775390625,177200
2008-03-14,38.400001525878906,38.400001525878906,36.849998474121094,37.470001220703125,23.993684768676758,190000
2008-03-17,36.619998931884766,38.060001373291016,36.11000061035156,37.400001525878906,23.948867797851562,155100
2008-03-18,37.95000076293945,39.099998474121094,36.7599983215332,38.869998931884766,24.890188217163086,189200
2008-03-19,39.04999923706055,40.06999969482422,38.869998931884766,39.150001525878906,25.06946563720703,160800
2008-03-20,39.54999923706055,40.13999938964844,39.11000061035156,39.68000030517578,25.408851623535156,432000
2008-03-24,39.84000015258789,40.310001373291016,39.41999816894531,40.08000183105469,25.66499900817871,148800
2008-03-25,40.13999938964844,40.70000076293945,39.689998626708984,40.33000183105469,25.825075149536133,92600
2008-03-26,40.209999084472656,40.41999816894531,39.83000183105469,40.20000076293945,25.74182891845703,96200
2008-03-27,40.22999954223633,41.04999923706055,39.720001220703125,40.529998779296875,25.953144073486328,134000
2008-03-28,40.970001220703125,40.9900016784668,40.09000015258789,40.220001220703125,25.754638671875,118300
2008-03-31,40.380001068115234,40.380001068115234,39.619998931884766,39.959999084472656,25.588157653808594,143200
2008-04-01,40.650001525878906,41.04999923706055,40.150001525878906,41.0,26.254100799560547,150200
2008-04-02,41.09000015258789,41.619998931884766,40.27000045776367,41.2400016784668,26.40778923034668,106900
2008-04-03,41.5099983215332,41.5099983215332,40.77000045776367,41.09000015258789,26.311735153198242,89100
2008-04-04,41.18000030517578,41.43000030517578,40.31999969482422,41.06999969482422,26.298927307128906,90800
2008-04-07,41.220001220703125,41.31999969482422,40.97999954223633,40.97999954223633,26.241302490234375,73900
2008-04-08,40.63999938964844,40.7400016784668,40.119998931884766,40.63999938964844,26.0235652923584,86200
2008-04-09,40.790000915527344,40.790000915527344,39.27000045776367,39.5,25.29358673095703,217900
2008-04-10,39.58000183105469,40.099998474121094,39.2400016784668,39.75,25.453670501708984,137800
2008-04-11,39.540000915527344,39.58000183105469,38.83000183105469,39.08000183105469,25.02463722229004,130700
2008-04-14,38.91999816894531,39.599998474121094,38.5099983215332,39.27000045776367,25.146303176879883,96800
2008-04-15,39.560001373291016,39.849998474121094,38.939998626708984,39.70000076293945,25.42165756225586,88100
2008-04-16,40.08000183105469,40.22999954223633,39.66999816894531,40.029998779296875,25.632970809936523,151700
2008-04-17,39.869998931884766,40.04999923706055,39.59000015258789,39.939998626708984,25.575342178344727,66400
2008-04-18,40.63999938964844,40.79999923706055,39.650001525878906,39.90999984741211,25.55612564086914,218400
2008-04-21,40.2400016784668,40.2400016784668,39.58000183105469,39.880001068115234,25.53691291809082,94900
2008-04-22,39.709999084472656,39.709999084472656,38.45000076293945,38.52000045776367,24.666053771972656,199400
2008-04-23,38.61000061035156,39.06999969482422,38.119998931884766,38.189998626708984,24.454734802246094,195900
2008-04-24,38.29999923706055,38.720001220703125,37.90999984741211,38.279998779296875,24.512371063232422,308900
2008-04-25,38.43000030517578,38.75,38.040000915527344,38.439998626708984,24.614826202392578,118900
2008-04-28,38.31999969482422,38.779998779296875,38.029998779296875,38.060001373291016,24.371496200561523,181300
2008-04-29,38.08000183105469,38.630001068115234,38.0099983215332,38.04999923706055,24.365095138549805,184300
2008-04-30,38.34000015258789,38.630001068115234,37.15999984741211,38.189998626708984,24.454734802246094,210900
2008-05-01,37.65999984741211,37.869998931884766,34.470001220703125,35.630001068115234,22.815462112426758,757800
2008-05-02,35.59000015258789,35.59000015258789,32.84000015258789,33.439998626708984,21.413105010986328,804800
2008-05-05,33.25,33.25,32.619998931884766,32.939998626708984,21.092939376831055,456300
2008-05-06,32.75,32.93000030517578,31.950000762939453,32.43000030517578,20.766357421875,287700
2008-05-07,32.58000183105469,33.13999938964844,32.119998931884766,32.189998626708984,20.612668991088867,248100
2008-05-08,32.209999084472656,33.029998779296875,31.81999969482422,32.060001373291016,20.529434204101562,181700
2008-05-09,31.81999969482422,32.529998779296875,31.700000762939453,32.34000015258789,20.708723068237305,166900
2008-05-12,32.209999084472656,32.650001525878906,32.0099983215332,32.59000015258789,20.868812561035156,170400
2008-05-13,32.56999969482422,32.56999969482422,31.520000457763672,32.130001068115234,20.574249267578125,235800
2008-05-14,32.099998474121094,32.880001068115234,32.02000045776367,32.36000061035156,20.721534729003906,161800
2008-05-15,32.45000076293945,32.9900016784668,32.400001525878906,32.81999969482422,21.01609230041504,127900
2008-05-16,32.97999954223633,33.189998626708984,32.13999938964844,32.369998931884766,20.727930068969727,139400
2008-05-19,32.20000076293945,32.79999923706055,32.11000061035156,32.58000183105469,20.862403869628906,152700
2008-05-20,32.439998626708984,33.060001373291016,32.31999969482422,32.45000076293945,20.779165267944336,165700
2008-05-21,32.380001068115234,33.13999938964844,32.029998779296875,32.470001220703125,20.791973114013672,174000
2008-05-22,32.400001525878906,33.06999969482422,32.400001525878906,32.810001373291016,21.00969123840332,111100
2008-05-23,32.630001068115234,32.95000076293945,32.189998626708984,32.290000915527344,20.67671012878418,113700
2008-05-27,32.380001068115234,33.16999816894531,32.380001068115234,33.099998474121094,21.19538688659668,143800
2008-05-28,33.2599983215332,33.279998779296875,32.459999084472656,32.58000183105469,20.862403869628906,145200
2008-05-29,32.45000076293945,33.43000030517578,32.45000076293945,32.869998931884766,21.048114776611328,137500
2008-05-30,32.86000061035156,33.0,32.029998779296875,32.77000045776367,20.98407554626465,164500
2008-06-02,32.689998626708984,33.470001220703125,32.119998931884766,32.72999954223633,20.95846176147461,146800
2008-06-03,32.869998931884766,32.869998931884766,32.209999084472656,32.38999938964844,20.74073600769043,153200
2008-06-04,32.25,33.119998931884766,32.22999954223633,33.060001373291016,21.169776916503906,153400
2008-06-05,33.0099983215332,33.720001220703125,32.52000045776367,33.720001220703125,21.5924015045166,167100
2008-06-06,33.22999954223633,33.2599983215332,32.38999938964844,32.43000030517578,20.940242767333984,156600
2008-06-09,32.400001525878906,33.0,32.349998474121094,32.5099983215332,20.99189567565918,115300
2008-06-10,32.22999954223633,33.060001373291016,32.22999954223633,32.9900016784668,21.30182647705078,106500
2008-06-11,33.099998474121094,33.099998474121094,32.5,32.66999816894531,21.095205307006836,144700
2008-06-12,32.880001068115234,33.349998474121094,32.869998931884766,33.0099983215332,21.314746856689453,165300
2008-06-13,33.11000061035156,33.54999923706055,32.88999938964844,33.33000183105469,21.52137565612793,129100
2008-06-16,33.349998474121094,33.349998474121094,32.439998626708984,32.91999816894531,21.256629943847656,152900
2008-06-17,32.84000015258789,33.09000015258789,32.650001525878906,32.689998626708984,21.108121871948242,159100
2008-06-18,32.63999938964844,32.81999969482422,32.029998779296875,32.470001220703125,20.966062545776367,150200
2008-06-19,32.439998626708984,33.0,32.380001068115234,33.0,21.30829429626465,83000
2008-06-20,32.84000015258789,33.09000015258789,32.29999923706055,32.439998626708984,20.946693420410156,247200
2008-06-23,32.439998626708984,33.04999923706055,32.04999923706055,32.2599983215332,20.830463409423828,135500
2008-06-24,32.0,32.38999938964844,31.8700008392334,31.920000076293945,20.61092758178711,109500
2008-06-25,32.09000015258789,32.5,31.459999084472656,31.600000381469727,20.40430450439453,250700
2008-06-26,31.459999084472656,32.13999938964844,31.229999542236328,31.239999771118164,20.171852111816406,188400
2008-06-27,31.110000610351562,31.280000686645508,30.610000610351562,30.989999771118164,20.010421752929688,205300
2008-06-30,30.920000076293945,30.940000534057617,30.270000457763672,30.280000686645508,19.551969528198242,142200
2008-07-01,30.25,30.520000457763672,29.56999969482422,30.489999771118164,19.68756675720215,182800
2008-07-02,30.559999465942383,30.65999984741211,29.84000015258789,30.209999084472656,19.50676918029785,142200
2008-07-03,30.15999984741211,30.579999923706055,29.850000381469727,30.0,19.371171951293945,89900
2008-07-07,30.219999313354492,30.81999969482422,29.93000030517578,30.34000015258789,19.590715408325195,186400
2008-07-08,30.459999084472656,31.3799991607666,29.920000076293945,31.219999313354492,20.158935546875,149400
2008-07-09,31.229999542236328,31.489999771118164,30.920000076293945,31.139999389648438,20.107276916503906,118000
2008-07-10,31.0,31.649999618530273,30.959999084472656,31.239999771118164,20.171852111816406,170600
2008-07-11,31.059999465942383,31.6200008392334,31.030000686645508,31.100000381469727,20.081451416015625,286200
2008-07-14,31.3700008392334,31.75,30.899999618530273,31.06999969482422,20.062074661254883,169800
2008-07-15,30.84000015258789,31.6200008392334,30.84000015258789,31.030000686645508,20.036251068115234,205800
2008-07-16,31.149999618530273,32.290000915527344,30.93000030517578,32.130001068115234,20.74652099609375,145300
2008-07-17,32.349998474121094,33.20000076293945,32.0,33.06999969482422,21.353490829467773,112300
2008-07-18,33.209999084472656,33.25,32.310001373291016,32.34000015258789,20.88212013244629,117900
2008-07-21,32.310001373291016,32.689998626708984,32.130001068115234,32.20000076293945,20.79172134399414,65400
2008-07-22,31.969999313354492,32.869998931884766,31.969999313354492,32.84000015258789,21.204973220825195,149600
2008-07-23,32.709999084472656,33.650001525878906,32.709999084472656,33.540000915527344,21.656970977783203,146500
2008-07-24,33.66999816894531,33.77000045776367,33.18000030517578,33.209999084472656,21.44388198852539,112900
2008-07-25,33.34000015258789,33.47999954223633,32.720001220703125,33.0,21.30829429626465,111800
2008-07-28,32.849998474121094,33.040000915527344,32.599998474121094,32.81999969482422,21.192066192626953,57000
2008-07-29,32.900001525878906,33.20000076293945,32.869998931884766,33.0,21.30829429626465,123900
2008-07-30,33.220001220703125,33.29999923706055,32.900001525878906,33.0,21.30829429626465,114900
2008-07-31,32.650001525878906,33.290000915527344,32.5,32.5099983215332,20.99189567565918,155600
2008-08-01,32.7599983215332,33.25,32.2599983215332,32.59000015258789,21.043550491333008,136100
2008-08-04,32.529998779296875,33.150001525878906,32.25,32.939998626708984,21.26955795288086,132000
2008-08-05,33.0,34.15999984741211,32.90999984741211,33.9900016784668,21.947547912597656,127900
2008-08-06,34.0,34.869998931884766,33.47999954223633,34.619998931884766,22.354341506958008,125400
2008-08-07,34.41999816894531,35.060001373291016,33.81999969482422,34.970001220703125,22.58032989501953,123200
2008-08-08,34.81999969482422,36.119998931884766,34.81999969482422,35.86000061035156,23.155014038085938,129500
2008-08-11,35.88999938964844,37.31999969482422,35.40999984741211,36.77000045776367,23.74259376525879,106000
2008-08-12,36.79999923706055,37.20000076293945,36.380001068115234,36.939998626708984,23.852367401123047,102200
2008-08-13,36.939998626708984,37.27000045776367,36.58000183105469,36.849998474121094,23.794261932373047,148200
2008-08-14,36.599998474121094,37.529998779296875,36.09000015258789,37.29999923706055,24.08482551574707,93200
2008-08-15,37.66999816894531,38.0,37.27000045776367,37.38999938964844,24.142942428588867,208600
2008-08-18,37.400001525878906,37.939998626708984,37.06999969482422,37.310001373291016,24.091283798217773,68000
2008-08-19,37.16999816894531,37.45000076293945,36.54999923706055,36.900001525878906,23.826539993286133,95800
2008-08-20,37.08000183105469,37.45000076293945,36.099998474121094,36.29999923706055,23.43912124633789,153100
2008-08-21,35.7599983215332,37.970001220703125,35.7599983215332,36.189998626708984,23.368085861206055,189100
2008-08-22,35.61000061035156,36.77000045776367,35.34000015258789,35.959999084472656,23.219579696655273,121100
2008-08-25,35.810001373291016,35.880001068115234,35.04999923706055,35.34000015258789,22.819242477416992,131700
2008-08-26,35.2599983215332,36.02000045776367,34.9900016784668,35.4900016784668,22.916107177734375,141800
2008-08-27,35.619998931884766,35.650001525878906,35.099998474121094,35.599998474121094,22.987123489379883,159100
2008-08-28,35.630001068115234,35.869998931884766,35.25,35.849998474121094,23.14855194091797,115100
2008-08-29,35.810001373291016,35.810001373291016,34.72999954223633,34.779998779296875,22.457639694213867,109500
2008-09-02,35.27000045776367,35.779998779296875,34.72999954223633,34.869998931884766,22.515758514404297,129100
2008-09-03,34.7400016784668,35.34000015258789,34.70000076293945,34.939998626708984,22.560964584350586,105400
2008-09-04,34.810001373291016,34.95000076293945,34.099998474121094,34.189998626708984,22.076683044433594,148600
2008-09-05,34.11000061035156,35.15999984741211,33.9900016784668,34.34000015258789,22.173538208007812,296100
2008-09-08,34.16999816894531,35.88999938964844,34.150001525878906,34.9900016784668,22.778974533081055,144100
2008-09-09,35.11000061035156,35.68000030517578,34.22999954223633,34.970001220703125,22.765953063964844,169000
2008-09-10,35.36000061035156,35.77000045776367,35.11000061035156,35.59000015258789,23.169588088989258,164000
2008-09-11,35.4900016784668,36.13999938964844,35.04999923706055,36.13999938964844,23.527633666992188,132600
2008-09-12,36.16999816894531,36.45000076293945,35.619998931884766,36.16999816894531,23.547178268432617,73500
2008-09-15,35.18000030517578,36.4900016784668,35.18000030517578,35.34000015258789,23.0068359375,161800
2008-09-16,35.459999084472656,36.619998931884766,35.27000045776367,36.529998779296875,23.78154182434082,178200
2008-09-17,36.22999954223633,36.439998626708984,35.02000045776367,35.59000015258789,23.169588088989258,140000
2008-09-18,36.06999969482422,37.4900016784668,35.720001220703125,37.41999816894531,24.360944747924805,249000
2008-09-19,38.2400016784668,39.0,37.849998474121094,38.810001373291016,25.265846252441406,399700
2008-09-22,38.810001373291016,39.209999084472656,37.599998474121094,37.72999954223633,24.562746047973633,115500
2008-09-23,37.79999923706055,38.459999084472656,37.66999816894531,37.939998626708984,24.699464797973633,117800
2008-09-24,37.91999816894531,38.15999984741211,37.220001220703125,37.689998626708984,24.536706924438477,102600
2008-09-25,37.93000030517578,38.790000915527344,37.93000030517578,38.380001068115234,24.985925674438477,95800
2008-09-26,37.959999084472656,38.84000015258789,37.959999084472656,38.70000076293945,25.194242477416992,99300
2008-09-29,38.2599983215332,39.2400016784668,37.47999954223633,37.619998931884766,24.491132736206055,126900
2008-09-30,38.040000915527344,38.040000915527344,36.869998931884766,37.65999984741211,24.517189025878906,122700
2008-10-01,37.56999969482422,38.279998779296875,36.88999938964844,38.20000076293945,24.86873435974121,117100
2008-10-02,37.939998626708984,38.369998931884766,36.95000076293945,37.06999969482422,24.133094787597656,84200
2008-10-03,37.29999923706055,37.77000045776367,35.939998626708984,35.939998626708984,23.39743423461914,117900
2008-10-06,35.310001373291016,36.880001068115234,33.38999938964844,34.130001068115234,22.2191104888916,243700
2008-10-07,33.209999084472656,34.7599983215332,33.209999084472656,33.709999084472656,21.9456844329834,322600
2008-10-08,33.2599983215332,35.540000915527344,33.06999969482422,34.31999969482422,22.34279441833496,407000
2008-10-09,34.84000015258789,35.86000061035156,33.5099983215332,33.540000915527344,21.835010528564453,340100
2008-10-10,33.16999816894531,35.83000183105469,32.220001220703125,35.400001525878906,23.045902252197266,339000
2008-10-13,36.2599983215332,36.2599983215332,34.560001373291016,35.36000061035156,23.01985740661621,457100
2008-10-14,36.34000015258789,36.779998779296875,33.970001220703125,34.31999969482422,22.34279441833496,162800
2008-10-15,33.779998779296875,35.11000061035156,32.33000183105469,32.400001525878906,21.092851638793945,109100
2008-10-16,32.369998931884766,34.9900016784668,30.920000076293945,32.650001525878906,21.255603790283203,365500
2008-10-17,31.790000915527344,33.150001525878906,31.690000534057617,32.29999923706055,21.027746200561523,222100
2008-10-20,32.560001373291016,32.900001525878906,32.220001220703125,32.849998474121094,21.385814666748047,214600
2008-10-21,32.439998626708984,33.02000045776367,31.850000381469727,32.119998931884766,20.910566329956055,132800
2008-10-22,31.6299991607666,32.560001373291016,31.510000228881836,31.959999084472656,20.806407928466797,172400
2008-10-23,32.16999816894531,32.70000076293945,30.93000030517578,31.8799991607666,20.754318237304688,166600
2008-10-24,31.049999237060547,31.549999237060547,30.360000610351562,30.649999618530273,19.95357894897461,244200
2008-10-27,30.420000076293945,31.420000076293945,29.239999771118164,29.90999984741211,19.471834182739258,117700
2008-10-28,30.110000610351562,31.170000076293945,29.420000076293945,31.15999984741211,20.285594940185547,241300
2008-10-29,31.90999984741211,31.90999984741211,30.170000076293945,30.350000381469727,19.758277893066406,250700
2008-10-30,31.079999923706055,31.350000381469727,30.68000030517578,31.280000686645508,20.36371421813965,190700
2008-10-31,31.389999389648438,31.959999084472656,30.799999237060547,31.540000915527344,20.532983779907227,245800
2008-11-03,31.540000915527344,32.130001068115234,31.030000686645508,31.68000030517578,20.624114990234375,133300
2008-11-04,32.09000015258789,32.09000015258789,30.920000076293945,31.700000762939453,20.637147903442383,154600
2008-11-05,31.600000381469727,31.850000381469727,30.579999923706055,30.649999618530273,19.95357894897461,133000
2008-11-06,30.549999237060547,31.049999237060547,30.09000015258789,30.299999237060547,19.725723266601562,114700
2008-11-07,30.579999923706055,30.8799991607666,29.59000015258789,30.0,19.530418395996094,126500
2008-11-10,30.540000915527344,30.989999771118164,29.280000686645508,29.729999542236328,19.35464859008789,102200
2008-11-11,29.579999923706055,30.100000381469727,29.200000762939453,29.31999969482422,19.08772850036621,150700
2008-11-12,29.200000762939453,29.889999389648438,28.06999969482422,28.239999771118164,18.384634017944336,141100
2008-11-13,28.34000015258789,30.020000457763672,27.290000915527344,30.020000457763672,19.54344367980957,164700
2008-11-14,29.959999084472656,30.389999389648438,28.93000030517578,29.049999237060547,18.911956787109375,178100
2008-11-17,28.90999984741211,30.100000381469727,28.0,29.3799991607666,19.126787185668945,103400
2008-11-18,29.43000030517578,30.0,28.010000228881836,28.920000076293945,18.82732582092285,170000
2008-11-19,28.959999084472656,29.6200008392334,28.010000228881836,28.030000686645508,18.247922897338867,127900
2008-11-20,27.920000076293945,28.299999237060547,26.270000457763672,26.350000381469727,17.154216766357422,134700
2008-11-21,26.780000686645508,28.229999542236328,26.010000228881836,28.18000030517578,18.34557342529297,262600
2008-11-24,28.450000762939453,30.030000686645508,28.200000762939453,29.969999313354492,19.510889053344727,264600
2008-11-25,30.139999389648438,30.139999389648438,28.75,30.1200008392334,19.608539581298828,293400
2008-11-26,29.579999923706055,31.229999542236328,28.850000381469727,31.110000610351562,20.253040313720703,218900
2008-11-28,30.84000015258789,31.56999969482422,29.6200008392334,30.149999618530273,19.62807273864746,145300
2008-12-01,29.600000381469727,30.899999618530273,29.459999084472656,29.520000457763672,19.21793556213379,230400
2008-12-02,30.010000228881836,31.0,30.010000228881836,30.889999389648438,20.109819412231445,495900
2008-12-03,30.309999465942383,31.100000381469727,29.969999313354492,30.979999542236328,20.168415069580078,257400
2008-12-04,30.709999084472656,31.0,29.780000686645508,30.34000015258789,19.75176239013672,185100
2008-12-05,29.90999984741211,31.809999465942383,29.709999084472656,31.770000457763672,20.682714462280273,218000
2008-12-08,32.0,32.189998626708984,30.809999465942383,31.90999984741211,20.961898803710938,150100
2008-12-09,31.8799991607666,32.33000183105469,30.559999465942383,31.25,20.528345108032227,143800
2008-12-10,31.239999771118164,32.22999954223633,30.6299991607666,31.979999542236328,21.00787925720215,146600
2008-12-11,31.600000381469727,32.52000045776367,30.75,31.350000381469727,20.594030380249023,160900
2008-12-12,30.780000686645508,32.65999984741211,30.510000228881836,32.349998474121094,21.250940322875977,155400
2008-12-15,32.58000183105469,32.58000183105469,31.540000915527344,32.02000045776367,21.03415870666504,225100
2008-12-16,32.150001525878906,33.709999084472656,31.8700008392334,33.70000076293945,22.13776397705078,158200
2008-12-17,33.290000915527344,33.56999969482422,32.58000183105469,33.29999923706055,21.8749942779541,215200
2008-12-18,33.34000015258789,33.869998931884766,32.720001220703125,33.099998474121094,21.743627548217773,172800
2008-12-19,33.61000061035156,33.97999954223633,32.54999923706055,32.68000030517578,21.467723846435547,305100
2008-12-22,33.060001373291016,33.560001373291016,32.650001525878906,33.400001525878906,21.940690994262695,189000
2008-12-23,33.400001525878906,33.939998626708984,32.779998779296875,33.130001068115234,21.763328552246094,121500
2008-12-24,33.119998931884766,33.2599983215332,32.59000015258789,33.11000061035156,21.750186920166016,47700
2008-12-26,32.36000061035156,33.15999984741211,32.36000061035156,33.11000061035156,21.750186920166016,49500
2008-12-29,33.2400016784668,33.33000183105469,32.61000061035156,32.88999938964844,21.60565948486328,66100
2008-12-30,33.0,33.58000183105469,32.18000030517578,33.54999923706055,22.039226531982422,97000
2008-12-31,33.900001525878906,34.79999923706055,33.86000061035156,34.29999923706055,22.531902313232422,213300
2009-01-02,34.52000045776367,34.88999938964844,33.93000030517578,34.540000915527344,22.6895694732666,91600
2009-01-05,34.779998779296875,34.83000183105469,34.13999938964844,34.79999923706055,22.860353469848633,122300
2009-01-06,34.9900016784668,35.27000045776367,34.619998931884766,34.91999816894531,22.939193725585938,100900
2009-01-07,34.41999816894531,34.869998931884766,33.849998474121094,34.08000183105469,22.387386322021484,97700
2009-01-08,33.9900016784668,34.5,33.86000061035156,34.25,22.499067306518555,88600
2009-01-09,34.25,34.29999923706055,33.5099983215332,33.66999816894531,22.118053436279297,145500
2009-01-12,33.52000045776367,33.97999954223633,33.349998474121094,33.5,22.00637435913086,75500
2009-01-13,33.47999954223633,33.72999954223633,33.33000183105469,33.630001068115234,22.091779708862305,71900
2009-01-14,33.29999923706055,33.72999954223633,32.72999954223633,32.83000183105469,21.566255569458008,126700
2009-01-15,32.779998779296875,32.95000076293945,31.90999984741211,32.779998779296875,21.533411026000977,235500
2009-01-16,33.040000915527344,33.47999954223633,32.38999938964844,33.290000915527344,21.86843490600586,164300
2009-01-20,33.15999984741211,33.9900016784668,32.599998474121094,32.65999984741211,21.454578399658203,111700
2009-01-21,32.95000076293945,33.5,32.15999984741211,33.380001068115234,21.927560806274414,105900
2009-01-22,32.81999969482422,33.77000045776367,32.119998931884766,32.68000030517578,21.467723846435547,116200
2009-01-23,32.400001525878906,32.81999969482422,31.899999618530273,32.220001220703125,21.16554069519043,111400
2009-01-26,32.36000061035156,33.15999984741211,32.36000061035156,32.79999923706055,21.54654884338379,77700
2009-01-27,32.81999969482422,33.54999923706055,32.81999969482422,33.16999816894531,21.789602279663086,76000
2009-01-28,33.47999954223633,33.68000030517578,32.869998931884766,33.54999923706055,22.039226531982422,113900
2009-01-29,36.47999954223633,37.5,35.7599983215332,37.08000183105469,24.358108520507812,423900
2009-01-30,37.38999938964844,37.70000076293945,35.79999923706055,36.40999984741211,23.917987823486328,227600
2009-02-02,36.15999984741211,38.099998474121094,36.15999984741211,37.689998626708984,24.758819580078125,310800
2009-02-03,37.709999084472656,38.45000076293945,37.630001068115234,38.380001068115234,25.212095260620117,226300
2009-02-04,38.15999984741211,38.7400016784668,38.119998931884766,38.529998779296875,25.310630798339844,273300
2009-02-05,38.40999984741211,39.290000915527344,37.72999954223633,38.09000015258789,25.021577835083008,204200
2009-02-06,38.220001220703125,39.18000030517578,38.20000076293945,39.15999984741211,25.724483489990234,189100
2009-02-09,39.18000030517578,40.13999938964844,38.65999984741211,39.900001525878906,26.21059226989746,215400
2009-02-10,39.779998779296875,40.720001220703125,38.959999084472656,39.43000030517578,25.90184211730957,180400
2009-02-11,39.45000076293945,40.279998779296875,39.45000076293945,40.279998779296875,26.46019744873047,294400
2009-02-12,39.900001525878906,41.75,39.5099983215332,41.560001373291016,27.301061630249023,315700
2009-02-13,41.529998779296875,42.86000061035156,40.11000061035156,41.540000915527344,27.287918090820312,273400
2009-02-17,41.18000030517578,41.869998931884766,40.189998626708984,41.22999954223633,27.084270477294922,226400
2009-02-18,41.65999984741211,42.2599983215332,41.150001525878906,41.529998779296875,27.28134536743164,301500
2009-02-19,40.880001068115234,41.5,40.2400016784668,41.11000061035156,27.005447387695312,262700
2009-02-20,40.5,41.29999923706055,39.09000015258789,39.529998779296875,25.967514038085938,386200
2009-02-23,39.70000076293945,39.88999938964844,39.34000015258789,39.560001373291016,25.987234115600586,312100
2009-02-24,39.7400016784668,41.43000030517578,39.150001525878906,41.08000183105469,26.985748291015625,410300
2009-02-25,41.0099983215332,41.369998931884766,39.849998474121094,39.86000061035156,26.184314727783203,287500
2009-02-26,40.25,41.58000183105469,40.209999084472656,40.29999923706055,26.47334861755371,431000
2009-02-27,39.88999938964844,40.31999969482422,38.619998931884766,38.880001068115234,25.540538787841797,490300
2009-03-02,38.41999816894531,38.88999938964844,37.86000061035156,38.630001068115234,25.376317977905273,622700
2009-03-03,38.97999954223633,40.08000183105469,38.5,38.83000183105469,25.50770378112793,511900
2009-03-04,39.33000183105469,40.93000030517578,38.5,40.40999984741211,26.545608520507812,390700
2009-03-05,39.939998626708984,40.040000915527344,38.779998779296875,39.02000045776367,25.63250732421875,312300
2009-03-06,39.41999816894531,40.209999084472656,38.72999954223633,39.630001068115234,26.224767684936523,377500
2009-03-09,39.13999938964844,39.83000183105469,38.84000015258789,38.93000030517578,25.761550903320312,251400
2009-03-10,39.5099983215332,39.5099983215332,38.86000061035156,39.20000076293945,25.94021987915039,311200
2009-03-11,39.209999084472656,40.220001220703125,39.04999923706055,39.47999954223633,26.12550926208496,184700
2009-03-12,39.16999816894531,40.959999084472656,38.84000015258789,40.75,26.965925216674805,258100
2009-03-13,40.86000061035156,41.77000045776367,40.13999938964844,41.099998474121094,27.197521209716797,244400
2009-03-16,41.45000076293945,42.90999984741211,41.45000076293945,42.29999923706055,27.99161148071289,368300
2009-03-17,42.279998779296875,42.47999954223633,41.86000061035156,42.43000030517578,28.0776424407959,234200
2009-03-18,41.63999938964844,42.7400016784668,41.58000183105469,42.41999816894531,28.071016311645508,316700
2009-03-19,42.59000015258789,42.59000015258789,41.119998931884766,41.40999984741211,27.40266990661621,166700
2009-03-20,41.779998779296875,42.209999084472656,41.369998931884766,41.54999923706055,27.49530601501465,259900
2009-03-23,42.400001525878906,43.06999969482422,41.5,43.06999969482422,28.50115966796875,220000
2009-03-24,42.70000076293945,42.97999954223633,42.06999969482422,42.61000061035156,28.19675636291504,190700
2009-03-25,42.86000061035156,43.459999084472656,42.279998779296875,42.77000045776367,28.30261993408203,217300
2009-03-26,43.25,43.25,41.36000061035156,42.369998931884766,28.037927627563477,448900
2009-03-27,42.040000915527344,42.349998474121094,41.619998931884766,41.7599983215332,27.634267807006836,247200
2009-03-30,41.0,41.380001068115234,40.400001525878906,41.06999969482422,27.177661895751953,277100
2009-03-31,41.56999969482422,42.45000076293945,40.900001525878906,41.47999954223633,27.44898223876953,274300
2009-04-01,41.060001373291016,41.83000183105469,40.43000030517578,41.720001220703125,27.607799530029297,163900
2009-04-02,42.209999084472656,43.34000015258789,41.40999984741211,43.16999816894531,28.56732749938965,252000
2009-04-03,43.290000915527344,43.650001525878906,42.56999969482422,43.33000183105469,28.67321014404297,144500
2009-04-06,42.91999816894531,43.52000045776367,41.90999984741211,42.22999954223633,27.94528579711914,140500
2009-04-07,42.22999954223633,42.41999816894531,41.560001373291016,42.06999969482422,27.839406967163086,258600
2009-04-08,42.5099983215332,42.79999923706055,41.959999084472656,42.290000915527344,27.9849910736084,191600
2009-04-09,43.0,43.029998779296875,42.15999984741211,42.779998779296875,28.309246063232422,247600
2009-04-13,42.459999084472656,43.189998626708984,42.33000183105469,43.09000015258789,28.514389038085938,218100
2009-04-14,42.4900016784668,43.09000015258789,41.130001068115234,41.54999923706055,27.49530601501465,177000
2009-04-15,41.849998474121094,42.90999984741211,41.470001220703125,42.45000076293945,28.090871810913086,129000
2009-04-16,42.59000015258789,43.93000030517578,41.900001525878906,43.5099983215332,28.79231834411621,159000
2009-04-17,43.619998931884766,44.029998779296875,42.9900016784668,43.720001220703125,28.93128776550293,187200
2009-04-20,42.939998626708984,43.9900016784668,42.25,43.529998779296875,28.805561065673828,184400
2009-04-21,43.20000076293945,45.68000030517578,43.20000076293945,45.45000076293945,30.076095581054688,282200
2009-04-22,44.209999084472656,44.36000061035156,41.83000183105469,42.0,27.793088912963867,451100
2009-04-23,42.220001220703125,42.619998931884766,41.119998931884766,41.88999938964844,27.720300674438477,237700
2009-04-24,41.52000045776367,43.439998626708984,41.31999969482422,43.16999816894531,28.56732749938965,297200
2009-04-27,42.709999084472656,43.900001525878906,42.619998931884766,43.54999923706055,28.81878662109375,197700
2009-04-28,43.290000915527344,44.54999923706055,42.9900016784668,44.04999923706055,29.149662017822266,203700
2009-04-29,44.150001525878906,44.84000015258789,43.709999084472656,44.290000915527344,29.30846405029297,154000
2009-04-30,44.849998474121094,45.59000015258789,43.459999084472656,43.79999923706055,28.984216690063477,364800
2009-05-01,44.150001525878906,45.47999954223633,43.91999816894531,44.81999969482422,29.659191131591797,234400
2009-05-04,45.61000061035156,48.91999816894531,44.93000030517578,48.349998474121094,31.995134353637695,668200
2009-05-05,47.91999816894531,48.0,45.630001068115234,45.9900016784668,30.433435440063477,332600
2009-05-06,46.560001373291016,46.709999084472656,44.84000015258789,45.47999954223633,30.0959529876709,209500
2009-05-07,45.650001525878906,46.209999084472656,44.70000076293945,45.36000061035156,30.016538619995117,199200
2009-05-08,45.79999923706055,46.709999084472656,45.70000076293945,46.70000076293945,30.903278350830078,260600
2009-05-11,46.540000915527344,46.68000030517578,45.630001068115234,45.9900016784668,30.433435440063477,189100
2009-05-12,46.66999816894531,46.91999816894531,45.810001373291016,46.38999938964844,30.698118209838867,142500
2009-05-13,45.68000030517578,46.060001373291016,44.369998931884766,44.58000183105469,29.500375747680664,269700
2009-05-14,45.04999923706055,45.36000061035156,44.59000015258789,45.119998931884766,29.85772132873535,115000
2009-05-15,45.0,45.36000061035156,44.13999938964844,44.400001525878906,29.381263732910156,229500
2009-05-18,44.810001373291016,45.529998779296875,44.08000183105469,45.2599983215332,29.950361251831055,154300
2009-05-19,44.97999954223633,45.279998779296875,44.54999923706055,44.70000076293945,29.57978630065918,157800
2009-05-20,44.97999954223633,45.08000183105469,43.66999816894531,43.709999084472656,28.924659729003906,267000
2009-05-21,43.29999923706055,44.060001373291016,43.20000076293945,43.810001373291016,28.990846633911133,236800
2009-05-22,43.77000045776367,44.029998779296875,42.959999084472656,43.41999816894531,28.73275375366211,152300
2009-05-26,43.13999938964844,45.650001525878906,42.959999084472656,45.529998779296875,30.129032135009766,262600
2009-05-27,45.45000076293945,46.47999954223633,45.45000076293945,46.119998931884766,30.51946449279785,329500
2009-05-28,46.119998931884766,46.5,45.04999923706055,46.29999923706055,30.63857078552246,327900
2009-05-29,46.18000030517578,46.25,45.400001525878906,46.06999969482422,30.486379623413086,348200
2009-06-01,46.5,47.150001525878906,45.9900016784668,47.0,31.101804733276367,328400
2009-06-02,46.939998626708984,47.72999954223633,46.650001525878906,47.45000076293945,31.39958381652832,439200
2009-06-03,47.400001525878906,47.630001068115234,46.810001373291016,47.47999954223633,31.41942024230957,185700
2009-06-04,47.47999954223633,47.84000015258789,47.08000183105469,47.52000045776367,31.445894241333008,139100
2009-06-05,47.400001525878906,47.779998779296875,46.09000015258789,46.43000030517578,30.724599838256836,114700
2009-06-08,46.220001220703125,46.59000015258789,45.58000183105469,46.33000183105469,30.847780227661133,212200
2009-06-09,46.61000061035156,47.040000915527344,46.2599983215332,46.880001068115234,31.2139892578125,177900
2009-06-10,46.9900016784668,47.0,45.720001220703125,46.189998626708984,30.75455665588379,189000
2009-06-11,46.13999938964844,47.25,46.13999938964844,46.36000061035156,30.867752075195312,130200
2009-06-12,46.36000061035156,46.959999084472656,45.119998931884766,45.689998626708984,30.42165184020996,151500
2009-06-15,45.13999938964844,45.369998931884766,44.08000183105469,44.88999938964844,29.888992309570312,151100
2009-06-16,45.279998779296875,45.31999969482422,43.880001068115234,44.08000183105469,29.349672317504883,150900
2009-06-17,44.08000183105469,44.84000015258789,43.900001525878906,44.54999923706055,29.6626033782959,86600
2009-06-18,44.439998626708984,45.20000076293945,44.029998779296875,45.029998779296875,29.982210159301758,90000
2009-06-19,45.560001373291016,45.560001373291016,44.81999969482422,44.959999084472656,29.93560218811035,184000
2009-06-22,44.47999954223633,44.619998931884766,43.65999984741211,43.79999923706055,29.163240432739258,133000
2009-06-23,44.06999969482422,44.470001220703125,43.470001220703125,44.220001220703125,29.44287872314453,98000
2009-06-24,44.349998474121094,44.43000030517578,43.66999816894531,44.150001525878906,29.396270751953125,95800
2009-06-25,43.880001068115234,44.15999984741211,43.720001220703125,44.0,29.29639434814453,317400
2009-06-26,44.040000915527344,44.70000076293945,43.75,44.459999084472656,29.60268783569336,301600
2009-06-29,44.52000045776367,45.0,43.90999984741211,44.380001068115234,29.549406051635742,71000
2009-06-30,44.380001068115234,44.540000915527344,43.66999816894531,44.06999969482422,29.343017578125,138400
2009-07-01,44.59000015258789,46.95000076293945,43.720001220703125,46.400001525878906,30.894393920898438,224300
2009-07-02,46.06999969482422,46.400001525878906,44.59000015258789,44.650001525878906,29.729185104370117,112100
2009-07-06,44.310001373291016,44.779998779296875,43.88999938964844,44.529998779296875,29.649288177490234,104400
2009-07-07,44.59000015258789,44.59000015258789,43.88999938964844,44.0099983215332,29.303058624267578,108200
2009-07-08,44.349998474121094,44.720001220703125,43.43000030517578,43.720001220703125,29.10996437072754,102700
2009-07-09,44.16999816894531,44.16999816894531,42.83000183105469,43.04999923706055,28.663860321044922,136000
2009-07-10,43.029998779296875,43.04999923706055,41.790000915527344,42.029998779296875,27.984722137451172,218000
2009-07-13,42.06999969482422,43.36000061035156,41.52000045776367,43.20000076293945,28.763742446899414,147700
2009-07-14,43.189998626708984,43.91999816894531,42.90999984741211,43.84000015258789,29.18986701965332,102200
2009-07-15,44.400001525878906,45.4900016784668,44.220001220703125,45.470001220703125,30.275178909301758,184400
2009-07-16,45.5099983215332,46.22999954223633,45.099998474121094,45.779998779296875,30.481569290161133,127200
2009-07-17,45.95000076293945,45.95000076293945,45.04999923706055,45.459999084472656,30.26852035522461,96800
2009-07-20,45.88999938964844,45.88999938964844,44.27000045776367,45.47999954223633,30.281824111938477,149900
2009-07-21,45.5,45.75,44.52000045776367,45.36000061035156,30.20193862915039,163100
2009-07-22,45.369998931884766,46.349998474121094,45.130001068115234,46.04999923706055,30.661344528198242,150700
2009-07-23,45.880001068115234,47.27000045776367,45.83000183105469,46.91999816894531,31.2406063079834,139000
2009-07-24,47.119998931884766,47.18000030517578,45.97999954223633,46.79999923706055,31.160703659057617,123700
2009-07-27,46.97999954223633,46.97999954223633,45.4900016784668,45.7599983215332,30.468263626098633,127100
2009-07-28,45.7599983215332,46.22999954223633,45.5099983215332,46.209999084472656,30.767885208129883,82200
2009-07-29,46.209999084472656,46.7599983215332,45.90999984741211,46.560001373291016,31.000913619995117,108100
2009-07-30,46.970001220703125,47.52000045776367,46.459999084472656,46.72999954223633,31.11410140991211,161300
2009-07-31,46.540000915527344,46.540000915527344,45.5,45.540000915527344,30.3217716217041,280200
2009-08-03,45.59000015258789,45.720001220703125,43.75,44.11000061035156,29.369651794433594,231300
2009-08-04,43.779998779296875,44.2599983215332,43.08000183105469,43.38999938964844,28.890247344970703,179600
2009-08-05,43.31999969482422,43.61000061035156,42.31999969482422,42.540000915527344,28.32428550720215,197900
2009-08-06,42.970001220703125,43.54999923706055,42.79999923706055,43.02000045776367,28.643890380859375,175900
2009-08-07,43.5099983215332,43.66999816894531,43.0,43.43000030517578,28.916868209838867,176300
2009-08-10,43.040000915527344,43.66999816894531,42.77000045776367,43.369998931884766,28.876928329467773,148000
2009-08-11,43.27000045776367,44.0099983215332,43.27000045776367,43.61000061035156,29.036725997924805,111300
2009-08-12,43.84000015258789,44.34000015258789,43.2599983215332,43.86000061035156,29.20318603515625,180400
2009-08-13,43.91999816894531,44.75,43.369998931884766,43.779998779296875,29.14991569519043,67800
2009-08-14,43.52000045776367,43.83000183105469,42.529998779296875,42.90999984741211,28.570642471313477,138900
2009-08-17,42.5,43.0,42.349998474121094,42.91999816894531,28.57729721069336,97600
2009-08-18,42.31999969482422,43.400001525878906,42.31999969482422,43.0,28.63056755065918,217900
2009-08-19,44.189998626708984,45.70000076293945,44.0,45.25,30.128686904907227,757200
2009-08-20,48.15999984741211,49.9900016784668,46.880001068115234,49.75,33.124900817871094,798000
2009-08-21,50.220001220703125,51.81999969482422,50.220001220703125,51.540000915527344,34.31673049926758,421300
2009-08-24,51.540000915527344,53.40999984741211,51.540000915527344,52.459999084472656,34.92929458618164,254900
2009-08-25,52.0,52.84000015258789,52.0,52.22999954223633,34.77614974975586,438300
2009-08-26,50.970001220703125,51.63999938964844,50.560001373291016,51.02000045776367,33.97049331665039,430500
2009-08-27,50.61000061035156,50.93000030517578,50.41999816894531,50.75,33.790733337402344,188200
2009-08-28,50.880001068115234,50.880001068115234,50.16999816894531,50.349998474121094,33.524417877197266,219600
2009-08-31,50.27000045776367,50.459999084472656,49.38999938964844,50.2599983215332,33.464473724365234,202500
2009-09-01,50.290000915527344,50.54999923706055,49.529998779296875,49.93000030517578,33.244754791259766,209300
2009-09-02,50.150001525878906,50.36000061035156,49.59000015258789,50.0,33.291351318359375,221500
2009-09-03,50.13999938964844,50.13999938964844,49.15999984741211,49.86000061035156,33.198143005371094,117000
2009-09-04,49.849998474121094,50.40999984741211,49.599998474121094,50.16999816894531,33.40456008911133,163400
2009-09-08,49.93000030517578,50.58000183105469,49.93000030517578,50.150001525878906,33.582008361816406,203300
2009-09-09,50.2400016784668,51.0099983215332,49.43000030517578,51.0,34.15119552612305,203100
2009-09-10,50.63999938964844,51.540000915527344,50.529998779296875,51.16999816894531,34.26504135131836,144200
2009-09-11,51.060001373291016,51.16999816894531,50.43000030517578,50.56999969482422,33.863243103027344,85900
2009-09-14,50.58000183105469,50.959999084472656,50.22999954223633,50.560001373291016,33.85655212402344,127500
2009-09-15,51.0,51.11000061035156,50.099998474121094,50.630001068115234,33.90342712402344,199600
2009-09-16,50.97999954223633,51.560001373291016,50.66999816894531,51.560001373291016,34.52619171142578,182000
2009-09-17,51.34000015258789,51.63999938964844,51.16999816894531,51.45000076293945,34.45252990722656,112600
2009-09-18,51.7400016784668,51.7400016784668,51.08000183105469,51.25,34.318599700927734,240500
2009-09-21,51.16999816894531,51.7400016784668,51.0099983215332,51.36000061035156,34.39226150512695,78000
2009-09-22,51.40999984741211,51.40999984741211,51.0,51.189998626708984,34.27841567993164,109000
2009-09-23,51.11000061035156,51.52000045776367,51.029998779296875,51.099998474121094,34.21815490722656,98100
2009-09-24,51.0,51.310001373291016,50.90999984741211,51.060001373291016,34.19136428833008,174400
2009-09-25,51.060001373291016,51.560001373291016,50.91999816894531,51.4900016784668,34.47931671142578,103200
2009-09-28,51.47999954223633,52.209999084472656,51.11000061035156,51.7599983215332,34.66011428833008,113900
2009-09-29,52.08000183105469,52.08000183105469,51.31999969482422,51.439998626708984,34.445823669433594,121100
2009-09-30,51.72999954223633,51.79999923706055,50.720001220703125,51.27000045776367,34.33198928833008,122700
2009-10-01,51.27000045776367,51.27000045776367,50.060001373291016,50.18000030517578,33.60209274291992,78100
2009-10-02,49.97999954223633,50.54999923706055,49.84000015258789,50.279998779296875,33.669063568115234,61700
2009-10-05,50.25,51.4900016784668,49.95000076293945,50.810001373291016,34.02395248413086,107600
2009-10-06,51.220001220703125,51.5,50.880001068115234,51.349998474121094,34.385562896728516,69600
2009-10-07,51.11000061035156,51.34000015258789,50.529998779296875,50.720001220703125,33.963706970214844,39000
2009-10-08,50.9900016784668,51.279998779296875,50.400001525878906,51.16999816894531,34.26504135131836,137000
2009-10-09,51.11000061035156,51.41999816894531,50.599998474121094,51.400001525878906,34.41904830932617,68800
2009-10-12,51.2400016784668,51.81999969482422,51.150001525878906,51.220001220703125,34.29851531982422,50500
2009-10-13,50.970001220703125,51.040000915527344,50.060001373291016,50.68000030517578,33.93690490722656,126800
2009-10-14,50.79999923706055,51.959999084472656,50.04999923706055,51.72999954223633,34.6400146484375,129300
2009-10-15,51.36000061035156,51.619998931884766,50.959999084472656,51.279998779296875,34.33869171142578,55900
2009-10-16,51.18000030517578,51.66999816894531,50.56999969482422,50.810001373291016,34.02395248413086,117600
2009-10-19,51.22999954223633,51.380001068115234,50.310001373291016,50.91999816894531,34.097618103027344,83800
2009-10-20,51.0099983215332,51.0099983215332,50.2599983215332,50.459999084472656,33.78959274291992,73800
2009-10-21,50.5,51.5,49.900001525878906,50.060001373291016,33.5217399597168,91500
2009-10-22,50.2599983215332,50.45000076293945,49.31999969482422,50.369998931884766,33.729312896728516,77000
2009-10-23,50.369998931884766,50.369998931884766,49.18000030517578,49.630001068115234,33.23379898071289,84200
2009-10-26,49.88999938964844,50.0099983215332,48.779998779296875,49.310001373291016,33.01950454711914,80700
2009-10-27,49.40999984741211,49.84000015258789,48.97999954223633,49.06999969482422,32.858795166015625,125300
2009-10-28,49.310001373291016,49.84000015258789,49.0099983215332,49.33000183105469,33.03290557861328,128900
2009-10-29,50.029998779296875,50.75,49.380001068115234,49.720001220703125,33.294090270996094,124800
2009-10-30,49.54999923706055,50.029998779296875,48.310001373291016,48.58000183105469,32.53068161010742,207600
2009-11-02,48.63999938964844,49.2400016784668,47.81999969482422,48.599998474121094,32.544071197509766,180200
2009-11-03,47.86000061035156,48.220001220703125,47.349998474121094,48.20000076293945,32.27621078491211,165900
2009-11-04,48.38999938964844,48.970001220703125,47.7400016784668,47.90999984741211,32.08203125,120700
2009-11-05,48.0099983215332,49.52000045776367,48.0,49.40999984741211,33.08646774291992,178500
2009-11-06,49.11000061035156,49.779998779296875,48.88999938964844,49.34000015258789,33.03960037231445,75800
2009-11-09,49.7599983215332,50.09000015258789,49.349998474121094,49.779998779296875,33.33424758911133,92600
2009-11-10,49.470001220703125,50.209999084472656,48.91999816894531,49.15999984741211,32.919063568115234,134500
2009-11-11,49.689998626708984,49.959999084472656,49.31999969482422,49.59000015258789,33.20701599121094,63000
2009-11-12,49.43000030517578,50.13999938964844,49.33000183105469,49.58000183105469,33.200321197509766,110500
2009-11-13,49.849998474121094,49.97999954223633,49.27000045776367,49.79999923706055,33.347625732421875,69900
2009-11-16,49.900001525878906,50.900001525878906,49.900001525878906,50.86000061035156,34.05744934082031,138200
2009-11-17,50.56999969482422,50.65999984741211,49.939998626708984,50.08000183105469,33.53512954711914,76900
2009-11-18,50.16999816894531,50.16999816894531,49.06999969482422,49.689998626708984,33.27397155761719,120700
2009-11-19,49.279998779296875,49.279998779296875,48.18000030517578,48.689998626708984,32.604339599609375,148500
2009-11-20,48.380001068115234,49.2599983215332,48.25,49.130001068115234,32.89897918701172,170100
2009-11-23,49.66999816894531,49.97999954223633,49.040000915527344,49.22999954223633,32.96595764160156,119000
2009-11-24,49.06999969482422,49.220001220703125,48.59000015258789,48.79999923706055,32.67800521850586,166300
2009-11-25,48.7599983215332,49.04999923706055,48.400001525878906,48.52000045776367,32.49050521850586,179300
2009-11-27,47.66999816894531,48.72999954223633,47.279998779296875,48.099998474121094,32.209259033203125,99400
2009-11-30,47.939998626708984,48.04999923706055,47.0099983215332,47.720001220703125,31.954795837402344,159400
2009-12-01,47.790000915527344,48.790000915527344,47.790000915527344,48.459999084472656,32.4503288269043,286300
2009-12-02,48.279998779296875,48.97999954223633,47.900001525878906,48.380001068115234,32.396759033203125,207600
2009-12-03,48.70000076293945,49.08000183105469,48.25,48.310001373291016,32.34988784790039,106800
2009-12-04,48.9900016784668,49.619998931884766,48.599998474121094,49.310001373291016,33.01950454711914,226000
2009-12-07,49.38999938964844,49.5,48.4900016784668,48.599998474121094,32.544071197509766,133900
2009-12-08,48.380001068115234,48.810001373291016,48.0,48.380001068115234,32.59797668457031,203700
2009-12-09,48.4900016784668,48.83000183105469,48.29999923706055,48.790000915527344,32.874229431152344,124900
2009-12-10,48.79999923706055,49.0099983215332,48.43000030517578,48.65999984741211,32.78663635253906,93400
2009-12-11,48.70000076293945,48.970001220703125,48.63999938964844,48.900001525878906,32.9483642578125,66800
2009-12-14,49.22999954223633,49.279998779296875,48.689998626708984,49.220001220703125,33.163970947265625,79000
2009-12-15,49.220001220703125,49.220001220703125,48.150001525878906,48.29999923706055,32.544071197509766,182200
2009-12-16,48.58000183105469,48.58000183105469,48.220001220703125,48.369998931884766,32.59125900268555,88000
2009-12-17,48.29999923706055,48.310001373291016,47.66999816894531,48.15999984741211,32.44975280761719,127800
2009-12-18,48.18000030517578,48.209999084472656,47.90999984741211,48.130001068115234,32.429534912109375,320100
2009-12-21,48.349998474121094,48.83000183105469,48.279998779296875,48.47999954223633,32.665348052978516,76900
2009-12-22,48.41999816894531,49.04999923706055,48.209999084472656,49.0,33.01572799682617,155600
2009-12-23,49.36000061035156,49.630001068115234,49.11000061035156,49.5099983215332,33.35935974121094,74200
2009-12-24,49.70000076293945,49.83000183105469,49.41999816894531,49.45000076293945,33.318931579589844,39900
2009-12-28,49.45000076293945,50.369998931884766,49.380001068115234,50.2599983215332,33.86469268798828,91700
2009-12-29,50.209999084472656,50.47999954223633,49.900001525878906,50.369998931884766,33.93882751464844,67000
2009-12-30,50.13999938964844,50.720001220703125,49.9900016784668,50.400001525878906,33.95904541015625,67900
2009-12-31,50.47999954223633,50.47999954223633,49.61000061035156,49.68000030517578,33.47391891479492,84900
2010-01-04,50.08000183105469,50.439998626708984,49.709999084472656,49.900001525878906,33.62215042114258,67000
2010-01-05,49.9900016784668,51.68000030517578,49.29999923706055,50.38999938964844,33.952293395996094,223300
2010-01-06,50.47999954223633,51.279998779296875,50.09000015258789,50.56999969482422,34.07358169555664,136500
2010-01-07,50.40999984741211,50.52000045776367,49.709999084472656,50.4900016784668,34.01967239379883,117100
2010-01-08,50.310001373291016,50.439998626708984,49.939998626708984,50.380001068115234,33.94554901123047,45100
2010-01-11,49.86000061035156,50.86000061035156,49.86000061035156,50.720001220703125,34.17464828491211,77400
2010-01-12,50.40999984741211,51.470001220703125,49.70000076293945,50.9900016784668,34.3565673828125,93800
2010-01-13,50.93000030517578,52.279998779296875,50.689998626708984,51.90999984741211,34.976463317871094,99400
2010-01-14,51.97999954223633,52.0,51.630001068115234,51.68000030517578,34.82148742675781,83600
2010-01-15,51.93000030517578,51.93000030517578,50.58000183105469,50.83000183105469,34.248756408691406,129100
2010-01-19,50.7400016784668,51.7400016784668,50.7400016784668,51.400001525878906,34.63282012939453,81400
2010-01-20,51.0,51.189998626708984,50.56999969482422,51.0,34.363304138183594,104100
2010-01-21,51.150001525878906,51.56999969482422,50.65999984741211,50.9900016784668,34.3565673828125,133700
2010-01-22,51.11000061035156,51.439998626708984,50.790000915527344,50.880001068115234,34.28245162963867,106600
2010-01-25,51.209999084472656,51.470001220703125,50.93000030517578,51.25,34.53176498413086,125500
2010-01-26,51.25,51.25,50.95000076293945,50.97999954223633,34.3498420715332,118700
2010-01-27,51.060001373291016,53.040000915527344,50.959999084472656,52.790000915527344,35.56940460205078,222800
2010-01-28,53.18000030517578,54.38999938964844,51.099998474121094,53.709999084472656,36.18928909301758,486700
2010-01-29,53.91999816894531,54.95000076293945,53.790000915527344,54.54999923706055,36.75527572631836,268700
2010-02-01,54.54999923706055,54.900001525878906,54.13999938964844,54.349998474121094,36.62050247192383,138900
2010-02-02,54.22999954223633,55.900001525878906,53.900001525878906,55.7400016784668,37.55707931518555,205500
2010-02-03,55.72999954223633,55.939998626708984,55.189998626708984,55.2400016784668,37.220184326171875,153900
2010-02-04,55.15999984741211,55.15999984741211,54.290000915527344,54.290000915527344,36.58008575439453,125900
2010-02-05,54.16999816894531,55.0,53.880001068115234,54.880001068115234,36.97761917114258,158900
2010-02-08,55.0099983215332,55.11000061035156,54.59000015258789,54.81999969482422,36.937198638916016,125400
2010-02-09,55.369998931884766,56.189998626708984,54.650001525878906,55.18000030517578,37.17975997924805,140700
2010-02-10,54.939998626708984,55.52000045776367,54.720001220703125,55.20000076293945,37.19322204589844,158000
2010-02-11,55.27000045776367,56.72999954223633,54.68000030517578,56.63999938964844,38.16349792480469,179300
2010-02-12,56.349998474121094,57.790000915527344,55.849998474121094,57.68000030517578,38.864227294921875,191600
2010-02-16,57.9900016784668,58.0,56.9900016784668,57.77000045776367,38.92489242553711,121500
2010-02-17,57.90999984741211,58.380001068115234,57.5099983215332,58.02000045776367,39.093318939208984,86500
2010-02-18,58.18000030517578,58.41999816894531,57.97999954223633,58.2400016784668,39.24155044555664,125100
2010-02-19,58.5,59.27000045776367,57.970001220703125,58.91999816894531,39.699729919433594,126500
2010-02-22,59.18000030517578,59.459999084472656,58.36000061035156,58.91999816894531,39.699729919433594,98000
2010-02-23,58.709999084472656,58.97999954223633,58.209999084472656,58.52000045776367,39.430206298828125,109100
2010-02-24,58.75,59.22999954223633,58.43000030517578,58.790000915527344,39.61213684082031,66700
2010-02-25,58.290000915527344,59.040000915527344,57.869998931884766,58.209999084472656,39.22134017944336,90400
2010-02-26,58.380001068115234,58.4900016784668,57.400001525878906,57.540000915527344,38.7699089050293,115700
2010-03-01,57.540000915527344,58.09000015258789,57.0099983215332,57.7400016784668,38.90464782714844,173700
2010-03-02,57.79999923706055,58.15999984741211,57.58000183105469,57.939998626708984,39.0394172668457,197100
2010-03-03,58.150001525878906,58.54999923706055,57.79999923706055,58.2599983215332,39.2550163269043,69200
2010-03-04,58.15999984741211,59.040000915527344,58.13999938964844,58.88999938964844,39.67951202392578,93300
2010-03-05,59.279998779296875,59.83000183105469,58.93000030517578,59.77000045776367,40.272457122802734,70700
2010-03-08,59.59000015258789,59.59000015258789,58.97999954223633,59.060001373291016,39.99481201171875,83600
2010-03-09,59.060001373291016,59.790000915527344,58.83000183105469,59.43000030517578,40.245365142822266,60500
2010-03-10,59.380001068115234,59.380001068115234,58.84000015258789,59.099998474121094,40.021888732910156,69200
2010-03-11,58.84000015258789,59.130001068115234,58.369998931884766,59.08000183105469,40.008338928222656,45000
2010-03-12,58.810001373291016,58.869998931884766,58.20000076293945,58.31999969482422,39.493690490722656,93100
2010-03-15,58.130001068115234,58.77000045776367,58.0,58.630001068115234,39.7036018371582,102200
2010-03-16,58.86000061035156,58.86000061035156,57.83000183105469,58.689998626708984,39.74423599243164,87000
2010-03-17,58.619998931884766,59.22999954223633,58.619998931884766,58.95000076293945,39.92031478881836,51400
2010-03-18,58.81999969482422,59.65999984741211,58.81999969482422,59.61000061035156,40.36725616455078,94400
2010-03-19,59.90999984741211,59.959999084472656,58.63999938964844,58.709999084472656,39.75778579711914,165600
2010-03-22,58.650001525878906,59.7400016784668,58.20000076293945,59.68000030517578,40.41465759277344,65200
2010-03-23,59.81999969482422,60.06999969482422,59.290000915527344,60.060001373291016,40.6720085144043,62000
2010-03-24,59.970001220703125,59.970001220703125,59.349998474121094,59.61000061035156,40.36725616455078,52600
2010-03-25,60.040000915527344,60.040000915527344,59.09000015258789,59.119998931884766,40.03544616699219,50800
2010-03-26,59.349998474121094,59.72999954223633,58.95000076293945,59.130001068115234,40.042213439941406,46800
2010-03-29,59.099998474121094,59.5099983215332,58.959999084472656,59.279998779296875,40.14377975463867,39300
2010-03-30,59.189998626708984,59.959999084472656,59.0099983215332,59.2599983215332,40.1302490234375,46900
2010-03-31,58.88999938964844,59.68000030517578,58.65999984741211,58.959999084472656,39.92708969116211,117900
2010-04-01,59.310001373291016,60.72999954223633,58.689998626708984,59.06999969482422,40.00156021118164,79200
2010-04-05,59.31999969482422,59.36000061035156,58.470001220703125,59.2599983215332,40.1302490234375,84600
2010-04-06,58.91999816894531,59.369998931884766,58.880001068115234,59.369998931884766,40.20474624633789,45900
2010-04-07,59.689998626708984,59.97999954223633,58.79999923706055,59.060001373291016,39.99481201171875,106800
2010-04-08,58.810001373291016,59.02000045776367,58.0,58.650001525878906,39.717159271240234,88000
2010-04-09,58.810001373291016,58.810001373291016,58.189998626708984,58.59000015258789,39.67652130126953,69500
2010-04-12,58.54999923706055,59.279998779296875,58.54999923706055,58.93000030517578,39.906761169433594,45200
2010-04-13,58.880001068115234,59.38999938964844,58.61000061035156,59.0,39.95418167114258,67300
2010-04-14,59.25,59.52000045776367,58.88999938964844,59.52000045776367,40.30631637573242,47900
2010-04-15,59.43000030517578,60.09000015258789,59.2400016784668,59.68000030517578,40.41465759277344,50600
2010-04-16,59.72999954223633,60.45000076293945,59.130001068115234,60.119998931884766,40.71262741088867,135900
2010-04-19,59.81999969482422,60.18000030517578,59.369998931884766,59.880001068115234,40.55008316040039,74000
2010-04-20,59.83000183105469,60.38999938964844,59.40999984741211,60.38999938964844,40.895469665527344,41300
2010-04-21,60.25,61.099998474121094,60.22999954223633,61.029998779296875,41.32886505126953,47800
2010-04-22,60.83000183105469,61.209999084472656,60.4900016784668,61.13999938964844,41.40336227416992,37900
2010-04-23,61.34000015258789,61.5,60.689998626708984,61.09000015258789,41.36949920654297,51400
2010-04-26,60.86000061035156,61.599998474121094,60.86000061035156,60.900001525878906,41.2408332824707,54000
2010-04-27,60.5099983215332,61.130001068115234,59.97999954223633,60.029998779296875,40.651676177978516,73600
2010-04-28,60.13999938964844,60.560001373291016,59.58000183105469,60.209999084472656,40.77357864379883,93800
2010-04-29,60.34000015258789,61.20000076293945,56.09000015258789,56.630001068115234,38.34923553466797,216300
2010-04-30,56.70000076293945,56.720001220703125,54.709999084472656,54.970001220703125,37.2251091003418,300800
2010-05-03,54.970001220703125,55.150001525878906,54.25,54.58000183105469,36.96101379394531,195200
2010-05-04,54.0,54.150001525878906,53.310001373291016,53.75,36.39893341064453,404300
2010-05-05,53.70000076293945,54.70000076293945,53.459999084472656,54.5,36.906829833984375,127000
2010-05-06,54.2599983215332,54.90999984741211,51.77000045776367,53.959999084472656,36.54113006591797,174200
2010-05-07,53.779998779296875,54.22999954223633,52.63999938964844,52.7599983215332,35.728511810302734,296100
2010-05-10,54.09000015258789,54.369998931884766,53.2599983215332,54.04999923706055,36.60209274291992,165800
2010-05-11,53.779998779296875,54.61000061035156,53.33000183105469,54.150001525878906,36.66981887817383,88700
2010-05-12,54.38999938964844,55.380001068115234,54.0,55.36000061035156,37.489192962646484,109300
2010-05-13,55.310001373291016,55.310001373291016,54.13999938964844,54.349998474121094,36.80523681640625,106900
2010-05-14,54.27000045776367,55.15999984741211,53.779998779296875,54.93000030517578,37.198001861572266,228400
2010-05-17,55.189998626708984,55.70000076293945,53.95000076293945,54.81999969482422,37.12352752685547,153800
2010-05-18,55.31999969482422,55.5099983215332,53.959999084472656,54.06999969482422,36.61563491821289,123000
2010-05-19,54.0,54.63999938964844,53.61000061035156,54.56999969482422,36.9542236328125,132700
2010-05-20,54.29999923706055,55.38999938964844,54.11000061035156,54.650001525878906,37.0084114074707,276200
2010-05-21,54.290000915527344,55.16999816894531,53.880001068115234,54.970001220703125,37.2251091003418,251900
2010-05-24,54.70000076293945,55.220001220703125,53.90999984741211,54.66999816894531,37.021942138671875,111600
2010-05-25,54.06999969482422,54.849998474121094,53.58000183105469,54.66999816894531,37.021942138671875,171700
2010-05-26,54.790000915527344,55.189998626708984,53.939998626708984,54.06999969482422,36.61563491821289,168200
2010-05-27,54.709999084472656,55.650001525878906,54.63999938964844,55.18000030517578,37.367313385009766,99800
2010-05-28,54.9900016784668,55.119998931884766,54.22999954223633,54.65999984741211,37.015174865722656,95200
2010-06-01,54.220001220703125,54.72999954223633,53.81999969482422,53.81999969482422,36.44633865356445,156700
2010-06-02,53.84000015258789,54.459999084472656,53.7400016784668,54.41999816894531,36.85265350341797,139700
2010-06-03,54.20000076293945,55.2400016784668,53.93000030517578,55.09000015258789,37.30635452270508,96100
2010-06-04,54.470001220703125,55.0,53.25,53.369998931884766,36.1416130065918,104500
2010-06-07,53.540000915527344,54.310001373291016,53.099998474121094,53.189998626708984,36.01969528198242,118100
2010-06-08,53.130001068115234,54.290000915527344,52.619998931884766,54.15999984741211,36.884613037109375,197000
2010-06-09,54.459999084472656,55.06999969482422,53.790000915527344,54.619998931884766,37.1978874206543,106700
2010-06-10,55.02000045776367,55.630001068115234,54.470001220703125,55.25,37.626930236816406,101200
2010-06-11,54.810001373291016,55.18000030517578,54.5,55.08000183105469,37.51115036010742,58400
2010-06-14,55.33000183105469,55.72999954223633,54.97999954223633,55.209999084472656,37.59968948364258,86400
2010-06-15,55.540000915527344,55.72999954223633,55.0099983215332,55.2400016784668,37.62013244628906,97700
2010-06-16,55.06999969482422,55.689998626708984,55.029998779296875,55.119998931884766,37.538414001464844,108400
2010-06-17,55.34000015258789,55.4900016784668,54.68000030517578,54.810001373291016,37.32728958129883,113500
2010-06-18,54.90999984741211,55.63999938964844,54.779998779296875,55.41999816894531,37.74271774291992,167700
2010-06-21,55.90999984741211,55.9900016784668,54.5099983215332,54.650001525878906,37.21833038330078,55900
2010-06-22,54.81999969482422,55.97999954223633,54.81999969482422,55.349998474121094,37.69504928588867,175700
2010-06-23,55.150001525878906,55.209999084472656,54.439998626708984,54.45000076293945,37.08211135864258,115400
2010-06-24,54.29999923706055,54.900001525878906,54.27000045776367,54.38999938964844,37.041236877441406,88400
2010-06-25,54.529998779296875,54.93000030517578,53.68000030517578,54.65999984741211,37.225128173828125,169100
2010-06-28,54.709999084472656,55.18000030517578,54.220001220703125,54.70000076293945,37.25236892700195,77100
2010-06-29,54.279998779296875,54.5,53.86000061035156,53.900001525878906,36.707557678222656,165500
2010-06-30,54.02000045776367,54.04999923706055,53.150001525878906,53.36000061035156,36.33979034423828,399400
2010-07-01,53.189998626708984,53.66999816894531,52.439998626708984,52.88999938964844,36.01970672607422,211300
2010-07-02,53.15999984741211,53.16999816894531,52.5099983215332,52.5099983215332,35.760902404785156,70200
2010-07-06,52.83000183105469,53.869998931884766,52.31999969482422,52.52000045776367,35.767723083496094,143900
2010-07-07,52.689998626708984,53.15999984741211,52.130001068115234,53.099998474121094,36.1627197265625,167400
2010-07-08,53.47999954223633,53.72999954223633,53.27000045776367,53.65999984741211,36.544097900390625,79600
2010-07-09,53.689998626708984,53.97999954223633,53.150001525878906,53.70000076293945,36.57134246826172,40000
2010-07-12,53.349998474121094,53.58000183105469,53.02000045776367,53.31999969482422,36.31254959106445,70200
2010-07-13,53.540000915527344,53.810001373291016,53.15999984741211,53.650001525878906,36.53727722167969,198200
2010-07-14,53.43000030517578,54.0,53.189998626708984,53.56999969482422,36.482791900634766,88000
2010-07-15,53.529998779296875,53.689998626708984,52.779998779296875,53.130001068115234,36.183162689208984,94000
2010-07-16,52.810001373291016,53.349998474121094,51.63999938964844,51.66999816894531,35.18885803222656,165300
2010-07-19,51.810001373291016,52.220001220703125,51.810001373291016,52.15999984741211,35.52256393432617,85600
2010-07-20,51.970001220703125,52.630001068115234,51.869998931884766,52.599998474121094,35.82218551635742,96900
2010-07-21,52.810001373291016,53.0099983215332,51.91999816894531,51.93000030517578,35.36591339111328,65800
2010-07-22,52.529998779296875,53.099998474121094,52.439998626708984,52.83000183105469,35.97883605957031,146200
2010-07-23,52.599998474121094,53.97999954223633,52.4900016784668,53.88999938964844,36.70072937011719,103800
2010-07-26,54.20000076293945,54.7599983215332,54.029998779296875,54.34000015258789,37.0072021484375,102200
2010-07-27,54.70000076293945,54.9900016784668,54.27000045776367,54.400001525878906,37.04806137084961,95000
2010-07-28,54.2599983215332,54.56999969482422,53.2400016784668,53.369998931884766,36.34661102294922,110600
2010-07-29,53.75,54.060001373291016,52.349998474121094,52.689998626708984,35.88349914550781,114600
2010-07-30,52.150001525878906,52.91999816894531,51.91999816894531,51.91999816894531,35.359107971191406,171200
2010-08-02,52.31999969482422,52.75,51.869998931884766,52.04999923706055,35.44763946533203,112900
2010-08-03,52.11000061035156,52.29999923706055,51.66999816894531,51.720001220703125,35.22288513183594,156500
2010-08-04,51.689998626708984,52.36000061035156,51.689998626708984,51.95000076293945,35.37953186035156,119500
2010-08-05,51.63999938964844,51.75,51.0099983215332,51.06999969482422,34.780216217041016,88600
2010-08-06,51.0099983215332,51.0099983215332,49.689998626708984,49.93000030517578,34.00385665893555,125900
2010-08-09,50.290000915527344,50.459999084472656,49.529998779296875,50.150001525878906,34.15367889404297,251700
2010-08-10,49.720001220703125,49.9900016784668,49.34000015258789,49.619998931884766,33.79273223876953,130700
2010-08-11,49.25,49.369998931884766,48.900001525878906,48.970001220703125,33.350059509277344,258300
2010-08-12,48.7400016784668,49.119998931884766,48.5099983215332,49.0099983215332,33.377315521240234,218900
2010-08-13,48.83000183105469,49.099998474121094,48.7599983215332,48.790000915527344,33.227481842041016,245400
2010-08-16,48.529998779296875,49.58000183105469,48.529998779296875,49.20000076293945,33.5067024230957,129200
2010-08-17,49.4900016784668,49.75,48.88999938964844,49.72999954223633,33.86764144897461,326800
2010-08-18,49.630001068115234,49.72999954223633,48.130001068115234,48.4900016784668,33.02317428588867,522800
2010-08-19,43.93000030517578,47.529998779296875,43.279998779296875,47.16999816894531,32.124210357666016,1006600
2010-08-20,47.15999984741211,47.75,45.939998626708984,46.130001068115234,31.415939331054688,301400
2010-08-23,46.15999984741211,46.279998779296875,45.7400016784668,45.869998931884766,31.238868713378906,239000
2010-08-24,45.650001525878906,45.9900016784668,45.459999084472656,45.5099983215332,30.99369239807129,224300
2010-08-25,45.27000045776367,46.41999816894531,44.93000030517578,46.2599983215332,31.50446891784668,172200
2010-08-26,46.45000076293945,46.75,45.75,45.959999084472656,31.300159454345703,135200
2010-08-27,46.41999816894531,47.47999954223633,45.619998931884766,47.349998474121094,32.24679183959961,238200
2010-08-30,47.11000061035156,47.939998626708984,46.22999954223633,46.22999954223633,31.484045028686523,119600
2010-08-31,46.08000183105469,46.369998931884766,45.41999816894531,45.56999969482422,31.034561157226562,201800
2010-09-01,46.119998931884766,46.72999954223633,45.81999969482422,46.18000030517578,31.449983596801758,173300
2010-09-02,46.220001220703125,46.220001220703125,45.060001373291016,45.7400016784668,31.15033721923828,142100
2010-09-03,45.97999954223633,46.4900016784668,45.5099983215332,46.16999816894531,31.44317054748535,108200
2010-09-07,46.18000030517578,46.38999938964844,45.75,46.0,31.32741355895996,150200
2010-09-08,45.81999969482422,46.18000030517578,45.66999816894531,45.779998779296875,31.38223648071289,92400
2010-09-09,46.0099983215332,46.20000076293945,45.75,45.849998474121094,31.430233001708984,76300
2010-09-10,45.849998474121094,46.08000183105469,45.75,45.86000061035156,31.43708610534668,57300
2010-09-13,46.16999816894531,46.34000015258789,45.2400016784668,45.709999084472656,31.334251403808594,145000
2010-09-14,45.68000030517578,46.16999816894531,45.529998779296875,45.790000915527344,31.389089584350586,101300
2010-09-15,45.630001068115234,46.11000061035156,45.38999938964844,45.880001068115234,31.450786590576172,91100
2010-09-16,45.7400016784668,46.11000061035156,45.34000015258789,45.56999969482422,31.23829460144043,170700
2010-09-17,45.970001220703125,46.09000015258789,45.5,45.77000045776367,31.375389099121094,138100
2010-09-20,46.029998779296875,46.650001525878906,45.56999969482422,46.619998931884766,31.95805549621582,85500
2010-09-21,46.47999954223633,46.709999084472656,45.959999084472656,45.9900016784668,31.526203155517578,225600
2010-09-22,45.7599983215332,46.2400016784668,45.470001220703125,45.84000015258789,31.423364639282227,112700
2010-09-23,45.529998779296875,45.959999084472656,45.380001068115234,45.470001220703125,31.16973876953125,162500
2010-09-24,45.959999084472656,46.40999984741211,45.650001525878906,46.40999984741211,31.814109802246094,112300
2010-09-27,46.5099983215332,46.720001220703125,45.880001068115234,46.16999816894531,31.649580001831055,82500
2010-09-28,46.15999984741211,47.040000915527344,45.939998626708984,46.9900016784668,32.21170425415039,121800
2010-09-29,46.72999954223633,47.13999938964844,46.349998474121094,47.060001373291016,32.259674072265625,125600
2010-09-30,47.189998626708984,47.880001068115234,47.15999984741211,47.5,32.56132507324219,207700
2010-10-01,47.88999938964844,48.060001373291016,47.4900016784668,47.95000076293945,32.869781494140625,114700
2010-10-04,47.91999816894531,48.11000061035156,46.95000076293945,46.970001220703125,32.1979866027832,99300
2010-10-05,47.400001525878906,48.540000915527344,47.15999984741211,48.52000045776367,33.26053237915039,132300
2010-10-06,48.54999923706055,48.95000076293945,48.36000061035156,48.560001373291016,33.28792953491211,109700
2010-10-07,48.88999938964844,48.88999938964844,48.189998626708984,48.36000061035156,33.150848388671875,62800
2010-10-08,48.540000915527344,48.84000015258789,47.900001525878906,48.63999938964844,33.342777252197266,78200
2010-10-11,48.560001373291016,48.81999969482422,48.38999938964844,48.650001525878906,33.349639892578125,53300
2010-10-12,48.45000076293945,48.970001220703125,48.31999969482422,48.79999923706055,33.452449798583984,68600
2010-10-13,48.88999938964844,50.06999969482422,48.72999954223633,49.68000030517578,34.05570983886719,153700
2010-10-14,49.77000045776367,50.369998931884766,49.77000045776367,50.02000045776367,34.28876495361328,68300
2010-10-15,50.470001220703125,50.470001220703125,49.9900016784668,50.0099983215332,34.28190994262695,120600
2010-10-18,50.2599983215332,50.77000045776367,50.2599983215332,50.7400016784668,34.782325744628906,73200
2010-10-19,50.310001373291016,50.75,50.25,50.689998626708984,34.748050689697266,168800
2010-10-20,50.68000030517578,51.08000183105469,50.38999938964844,50.47999954223633,34.604103088378906,167600
2010-10-21,50.439998626708984,50.72999954223633,50.02000045776367,50.650001525878906,34.720638275146484,254800
2010-10-22,50.75,50.75,49.91999816894531,50.52000045776367,34.631526947021484,288100
2010-10-25,50.869998931884766,51.119998931884766,50.41999816894531,50.529998779296875,34.63837432861328,115200
2010-10-26,50.459999084472656,51.099998474121094,50.02000045776367,50.72999954223633,34.77547073364258,214900
2010-10-27,50.59000015258789,50.59000015258789,49.869998931884766,50.43000030517578,34.56983184814453,233600
2010-10-28,50.84000015258789,51.06999969482422,50.08000183105469,50.2599983215332,34.453285217285156,100200
2010-10-29,50.040000915527344,50.13999938964844,49.470001220703125,49.91999816894531,34.220218658447266,115100
2010-11-01,50.150001525878906,50.2400016784668,49.400001525878906,49.68000030517578,34.05570983886719,159700
2010-11-02,50.18000030517578,50.439998626708984,49.47999954223633,49.709999084472656,34.07625961303711,84700
2010-11-03,49.70000076293945,50.09000015258789,49.119998931884766,49.61000061035156,34.007720947265625,86100
2010-11-04,50.209999084472656,50.84000015258789,50.060001373291016,50.72999954223633,34.77547073364258,81900
2010-11-05,50.84000015258789,50.97999954223633,50.540000915527344,50.84000015258789,34.85087966918945,58500
2010-11-08,50.790000915527344,51.220001220703125,50.630001068115234,51.209999084472656,35.10451126098633,92100
2010-11-09,51.209999084472656,51.45000076293945,51.11000061035156,51.209999084472656,35.10451126098633,84600
2010-11-10,51.099998474121094,51.279998779296875,50.279998779296875,51.11000061035156,35.03595733642578,83500
2010-11-11,50.880001068115234,50.970001220703125,50.56999969482422,50.7400016784668,34.782325744628906,44900
2010-11-12,50.439998626708984,51.20000076293945,50.439998626708984,50.56999969482422,34.665794372558594,53800
2010-11-15,50.84000015258789,51.630001068115234,50.66999816894531,51.52000045776367,35.3170166015625,77600
2010-11-16,51.15999984741211,51.529998779296875,50.38999938964844,50.599998474121094,34.68635940551758,96800
2010-11-17,50.75,51.06999969482422,50.47999954223633,50.58000183105469,34.672645568847656,68600
2010-11-18,51.029998779296875,52.2599983215332,51.029998779296875,52.25,35.81742858886719,88600
2010-11-19,52.29999923706055,52.83000183105469,52.0099983215332,52.22999954223633,35.80373001098633,55800
2010-11-22,52.099998474121094,52.47999954223633,51.84000015258789,52.400001525878906,35.9202766418457,42000
2010-11-23,52.09000015258789,52.13999938964844,51.4900016784668,51.88999938964844,35.57065200805664,46100
2010-11-24,52.38999938964844,52.75,51.38999938964844,52.470001220703125,35.96825408935547,70900
2010-11-26,52.2599983215332,52.95000076293945,52.2599983215332,52.59000015258789,36.05050277709961,20900
2010-11-29,52.52000045776367,52.810001373291016,51.70000076293945,52.619998931884766,36.07106018066406,55900
2010-11-30,52.369998931884766,52.439998626708984,51.90999984741211,52.06999969482422,35.69405746459961,93700
2010-12-01,52.790000915527344,53.310001373291016,52.66999816894531,52.90999984741211,36.269859313964844,93000
2010-12-02,53.130001068115234,53.720001220703125,53.08000183105469,53.720001220703125,36.82511520385742,50100
2010-12-03,53.599998474121094,54.29999923706055,53.56999969482422,54.130001068115234,37.1061897277832,48800
2010-12-06,53.880001068115234,54.88999938964844,53.779998779296875,54.79999923706055,37.565452575683594,73000
2010-12-07,55.0,55.880001068115234,54.81999969482422,55.81999969482422,38.26468276977539,105900
2010-12-08,55.790000915527344,56.15999984741211,55.13999938964844,55.209999084472656,38.07159423828125,93800
2010-12-09,55.29999923706055,55.81999969482422,54.70000076293945,55.709999084472656,38.416385650634766,92200
2010-12-10,55.90999984741211,55.97999954223633,55.209999084472656,55.66999816894531,38.388797760009766,139900
2010-12-13,55.650001525878906,55.900001525878906,55.290000915527344,55.70000076293945,38.40948486328125,78600
2010-12-14,56.029998779296875,56.75,55.91999816894531,56.31999969482422,38.83701705932617,67200
2010-12-15,56.31999969482422,56.939998626708984,56.11000061035156,56.52000045776367,38.974945068359375,82900
2010-12-16,56.59000015258789,57.04999923706055,56.36000061035156,56.63999938964844,39.05768585205078,93000
2010-12-17,56.7599983215332,57.459999084472656,55.95000076293945,57.0,39.305938720703125,212200
2010-12-20,57.310001373291016,57.540000915527344,56.81999969482422,57.20000076293945,39.44385528564453,105300
2010-12-21,57.470001220703125,57.790000915527344,57.0,57.09000015258789,39.36800003051758,80300
2010-12-22,57.20000076293945,57.540000915527344,56.900001525878906,57.40999984741211,39.58866500854492,53000
2010-12-23,57.540000915527344,58.349998474121094,57.540000915527344,57.810001373291016,39.864498138427734,102300
2010-12-27,57.599998474121094,58.59000015258789,56.970001220703125,57.90999984741211,39.93345260620117,54500
2010-12-28,58.08000183105469,58.380001068115234,57.5099983215332,57.58000183105469,39.70590591430664,37600
2010-12-29,57.7599983215332,58.18000030517578,57.380001068115234,57.560001373291016,39.69211196899414,37100
2010-12-30,57.61000061035156,58.08000183105469,57.52000045776367,57.599998474121094,39.71967697143555,29500
2010-12-31,57.65999984741211,57.790000915527344,57.20000076293945,57.20000076293945,39.44385528564453,66100
2011-01-03,57.36000061035156,58.22999954223633,57.04999923706055,57.369998931884766,39.561092376708984,152100
2011-01-04,57.70000076293945,57.79999923706055,54.70000076293945,55.2599983215332,38.10607147216797,202100
2011-01-05,55.189998626708984,55.7599983215332,54.86000061035156,55.400001525878906,38.202613830566406,56300
2011-01-06,55.33000183105469,55.560001373291016,53.45000076293945,53.56999969482422,36.940677642822266,123300
2011-01-07,53.709999084472656,53.97999954223633,51.959999084472656,52.97999954223633,36.533836364746094,133200
2011-01-10,52.689998626708984,53.06999969482422,52.29999923706055,52.880001068115234,36.46488571166992,116000
2011-01-11,53.11000061035156,54.16999816894531,52.880001068115234,53.91999816894531,37.182044982910156,88800
2011-01-12,54.400001525878906,54.540000915527344,53.84000015258789,54.2599983215332,37.4164924621582,49400
2011-01-13,54.34000015258789,54.61000061035156,53.779998779296875,54.04999923706055,37.27168655395508,61900
2011-01-14,53.84000015258789,54.45000076293945,53.540000915527344,54.279998779296875,37.43029022216797,65500
2011-01-18,53.970001220703125,54.38999938964844,53.65999984741211,54.119998931884766,37.319950103759766,131900
2011-01-19,54.150001525878906,54.38999938964844,53.58000183105469,53.630001068115234,36.98206329345703,63300
2011-01-20,53.349998474121094,54.380001068115234,53.130001068115234,53.849998474121094,37.133758544921875,82600
2011-01-21,54.290000915527344,54.72999954223633,53.439998626708984,53.540000915527344,36.92000198364258,73800
2011-01-24,53.619998931884766,54.630001068115234,53.33000183105469,54.2400016784668,37.40270233154297,87500
2011-01-25,54.06999969482422,54.22999954223633,53.400001525878906,53.869998931884766,37.14756774902344,89500
2011-01-26,53.86000061035156,54.2400016784668,53.529998779296875,53.869998931884766,37.14756774902344,121800
2011-01-27,56.86000061035156,58.220001220703125,54.209999084472656,57.119998931884766,39.388694763183594,218300
2011-01-28,57.20000076293945,57.33000183105469,55.720001220703125,55.869998931884766,38.5267219543457,162400
2011-01-31,56.130001068115234,56.31999969482422,55.4900016784668,55.56999969482422,38.31983184814453,124700
2011-02-01,55.75,56.65999984741211,55.65999984741211,56.290000915527344,38.816341400146484,92800
2011-02-02,56.08000183105469,56.869998931884766,55.7599983215332,56.04999923706055,38.650840759277344,117900
2011-02-03,55.939998626708984,56.84000015258789,55.630001068115234,56.84000015258789,39.19560241699219,78600
2011-02-04,56.86000061035156,56.939998626708984,56.33000183105469,56.790000915527344,39.1611328125,58100
2011-02-07,56.7400016784668,57.31999969482422,55.810001373291016,56.09000015258789,38.67842483520508,83200
2011-02-08,55.84000015258789,57.09000015258789,55.290000915527344,57.09000015258789,39.36800003051758,77200
2011-02-09,56.72999954223633,57.540000915527344,56.70000076293945,57.2599983215332,39.485225677490234,101800
2011-02-10,56.84000015258789,57.650001525878906,56.4900016784668,57.220001220703125,39.4576416015625,42700
2011-02-11,56.7400016784668,59.52000045776367,56.56999969482422,59.18000030517578,40.809226989746094,146900
2011-02-14,59.04999923706055,59.619998931884766,58.20000076293945,58.25,40.16790771484375,95500
2011-02-15,57.88999938964844,58.52000045776367,57.349998474121094,57.81999969482422,39.87139892578125,47600
2011-02-16,57.849998474121094,58.77000045776367,57.849998474121094,58.04999923706055,40.02999496459961,69400
2011-02-17,58.11000061035156,58.88999938964844,57.849998474121094,58.810001373291016,40.55408477783203,50300
2011-02-18,59.0,59.0,57.40999984741211,58.2400016784668,40.161014556884766,158200
2011-02-22,57.650001525878906,58.93000030517578,57.650001525878906,57.779998779296875,39.84381103515625,158700
2011-02-23,57.900001525878906,58.5099983215332,57.06999969482422,57.2400016784668,39.47144317626953,151300
2011-02-24,57.40999984741211,57.58000183105469,55.810001373291016,55.959999084472656,38.58877182006836,184100
2011-02-25,55.91999816894531,57.599998474121094,55.91999816894531,57.540000915527344,39.678306579589844,185400
2011-02-28,58.029998779296875,58.77000045776367,57.33000183105469,57.720001220703125,39.80242919921875,174300
2011-03-01,57.599998474121094,57.810001373291016,56.099998474121094,56.40999984741211,38.899085998535156,200500
2011-03-02,56.13999938964844,56.709999084472656,55.529998779296875,56.5,38.961158752441406,81800
2011-03-03,56.68000030517578,57.68000030517578,56.150001525878906,56.75,39.133541107177734,267700
2011-03-04,56.529998779296875,57.099998474121094,55.83000183105469,56.18000030517578,38.74049758911133,132200
2011-03-07,56.310001373291016,56.459999084472656,55.459999084472656,55.709999084472656,38.416385650634766,116100
2011-03-08,55.22999954223633,56.54999923706055,55.22999954223633,56.060001373291016,38.88809585571289,83800
2011-03-09,56.0099983215332,56.52000045776367,55.7400016784668,56.13999938964844,38.94358825683594,103900
2011-03-10,55.470001220703125,56.959999084472656,55.119998931884766,55.189998626708984,38.28458023071289,101900
2011-03-11,55.02000045776367,55.34000015258789,54.529998779296875,54.9900016784668,38.14583969116211,83000
2011-03-14,54.5099983215332,55.18000030517578,54.4900016784668,54.83000183105469,38.03485107421875,68900
2011-03-15,53.869998931884766,55.060001373291016,53.869998931884766,54.599998474121094,37.875301361083984,109100
2011-03-16,54.65999984741211,55.470001220703125,54.31999969482422,54.95000076293945,38.11811447143555,109700
2011-03-17,55.439998626708984,55.689998626708984,54.5099983215332,54.540000915527344,37.83368682861328,62100
2011-03-18,54.77000045776367,58.810001373291016,54.77000045776367,57.18000030517578,39.66501998901367,336000
2011-03-21,58.25,59.310001373291016,58.16999816894531,58.52000045776367,40.59455871582031,111800
2011-03-22,58.7599983215332,58.83000183105469,58.290000915527344,58.47999954223633,40.56682586669922,56700
2011-03-23,58.5,59.25,58.02000045776367,58.84000015258789,40.81654357910156,108500
2011-03-24,59.130001068115234,59.72999954223633,58.5,59.54999923706055,41.30906677246094,117400
2011-03-25,59.599998474121094,59.9900016784668,59.099998474121094,59.119998931884766,41.010772705078125,67600
2011-03-28,59.470001220703125,59.709999084472656,59.02000045776367,59.09000015258789,40.989959716796875,71400
2011-03-29,58.849998474121094,60.029998779296875,58.529998779296875,59.779998779296875,41.468605041503906,79000
2011-03-30,59.810001373291016,60.52000045776367,59.66999816894531,60.29999923706055,41.8293342590332,90900
2011-03-31,60.400001525878906,60.79999923706055,59.88999938964844,60.599998474121094,42.03743362426758,90300
2011-04-01,61.02000045776367,61.439998626708984,60.709999084472656,61.22999954223633,42.474449157714844,74100
2011-04-04,61.459999084472656,61.630001068115234,60.880001068115234,61.209999084472656,42.46057891845703,69100
2011-04-05,61.25,62.59000015258789,60.9900016784668,62.130001068115234,43.0987663269043,65400
2011-04-06,61.97999954223633,61.97999954223633,61.02000045776367,61.38999938964844,42.5854377746582,97400
2011-04-07,61.459999084472656,61.459999084472656,60.709999084472656,61.06999969482422,42.363460540771484,75400
2011-04-08,61.5,61.599998474121094,61.2400016784668,61.47999954223633,42.64788055419922,73400
2011-04-11,61.38999938964844,61.81999969482422,61.27000045776367,61.619998931884766,42.744991302490234,68700
2011-04-12,61.439998626708984,62.040000915527344,61.400001525878906,61.65999984741211,42.77273178100586,99300
2011-04-13,61.849998474121094,62.13999938964844,61.45000076293945,61.900001525878906,42.93922805786133,106400
2011-04-14,61.720001220703125,62.61000061035156,61.560001373291016,62.2599983215332,43.188941955566406,59500
2011-04-15,62.04999923706055,63.40999984741211,61.65999984741211,63.06999969482422,43.750831604003906,81700
2011-04-18,62.59000015258789,62.59000015258789,61.70000076293945,61.93000030517578,42.96002197265625,62200
2011-04-19,62.040000915527344,62.400001525878906,61.939998626708984,62.029998779296875,43.02939987182617,44400
2011-04-20,62.619998931884766,62.90999984741211,62.16999816894531,62.66999816894531,43.473365783691406,39000
2011-04-21,63.0,63.0,62.27000045776367,62.63999938964844,43.452545166015625,23800
2011-04-25,62.5,62.75,62.040000915527344,62.45000076293945,43.32074737548828,59000
2011-04-26,62.5099983215332,64.62000274658203,62.459999084472656,64.20999908447266,44.54164123535156,100800
2011-04-27,64.22000122070312,64.72000122070312,63.869998931884766,64.62000274658203,44.826053619384766,58000
2011-04-28,60.81999969482422,63.18000030517578,59.540000915527344,62.06999969482422,43.0571403503418,175000
2011-04-29,62.09000015258789,62.7400016784668,60.81999969482422,61.13999938964844,42.412017822265625,239000
2011-05-02,61.16999816894531,61.16999816894531,58.91999816894531,59.70000076293945,41.413116455078125,223000
2011-05-03,59.33000183105469,60.310001373291016,59.27000045776367,60.06999969482422,41.669769287109375,92000
2011-05-04,59.790000915527344,60.72999954223633,59.349998474121094,59.900001525878906,41.55185317993164,105800
2011-05-05,59.36000061035156,60.7400016784668,58.91999816894531,60.130001068115234,41.71139907836914,108300
2011-05-06,60.470001220703125,61.5,60.099998474121094,60.43000030517578,41.91950225830078,81000
2011-05-09,60.4900016784668,61.040000915527344,60.36000061035156,60.75,42.141483306884766,44000
2011-05-10,60.75,61.61000061035156,60.720001220703125,61.209999084472656,42.46057891845703,59600
2011-05-11,61.029998779296875,61.65999984741211,60.720001220703125,61.5099983215332,42.66868209838867,52800
2011-05-12,61.209999084472656,62.83000183105469,61.040000915527344,62.54999923706055,43.39011764526367,62500
2011-05-13,62.529998779296875,62.7400016784668,61.0,61.5,42.66175079345703,77000
2011-05-16,61.16999816894531,61.88999938964844,61.0,61.34000015258789,42.55076217651367,54300
2011-05-17,61.029998779296875,61.66999816894531,60.91999816894531,61.11000061035156,42.391204833984375,77400
2011-05-18,61.189998626708984,61.220001220703125,60.619998931884766,60.97999954223633,42.3010368347168,36000
2011-05-19,61.22999954223633,62.0099983215332,60.790000915527344,61.810001373291016,42.87678909301758,98600
2011-05-20,61.47999954223633,61.59000015258789,61.02000045776367,61.18000030517578,42.43977737426758,55700
2011-05-23,60.65999984741211,61.08000183105469,60.25,60.7599983215332,42.14842224121094,81100
2011-05-24,61.0099983215332,61.0099983215332,60.099998474121094,60.099998474121094,41.690582275390625,83200
2011-05-25,60.20000076293945,60.20000076293945,59.31999969482422,59.84000015258789,41.51022720336914,68500
2011-05-26,59.66999816894531,60.54999923706055,59.38999938964844,60.43000030517578,41.91950225830078,47900
2011-05-27,60.38999938964844,60.939998626708984,60.38999938964844,60.709999084472656,42.11372375488281,56400
2011-05-31,60.88999938964844,61.130001068115234,59.59000015258789,60.63999938964844,42.065185546875,183400
2011-06-01,60.45000076293945,60.5,58.33000183105469,58.380001068115234,40.4974365234375,343600
2011-06-02,58.7599983215332,58.86000061035156,57.79999923706055,58.060001373291016,40.27547073364258,102900
2011-06-03,57.630001068115234,57.65999984741211,56.779998779296875,56.90999984741211,39.47772216796875,107000
2011-06-06,56.959999084472656,57.5099983215332,56.599998474121094,56.84000015258789,39.42915725708008,100500
2011-06-07,57.31999969482422,57.4900016784668,56.779998779296875,57.2599983215332,39.72050857543945,65600
2011-06-08,56.689998626708984,57.4900016784668,56.529998779296875,57.29999923706055,39.978660583496094,105600
2011-06-09,57.52000045776367,57.7400016784668,57.15999984741211,57.439998626708984,40.076351165771484,49100
2011-06-10,57.119998931884766,57.66999816894531,57.119998931884766,57.5,40.11820602416992,87300
2011-06-13,57.61000061035156,58.290000915527344,56.72999954223633,57.9900016784668,40.460086822509766,96300
2011-06-14,58.06999969482422,58.880001068115234,58.04999923706055,58.47999954223633,40.80196762084961,82500
2011-06-15,58.13999938964844,58.47999954223633,57.68000030517578,57.9900016784668,40.460086822509766,62000
2011-06-16,57.93000030517578,59.290000915527344,57.93000030517578,59.25,41.339195251464844,47300
2011-06-17,59.38999938964844,59.939998626708984,58.86000061035156,58.88999938964844,41.08802032470703,126700
2011-06-20,58.72999954223633,60.25,58.72999954223633,59.70000076293945,41.65316390991211,62500
2011-06-21,59.959999084472656,60.36000061035156,59.22999954223633,60.20000076293945,42.00200271606445,94400
2011-06-22,59.90999984741211,60.86000061035156,59.90999984741211,60.34000015258789,42.09970474243164,60100
2011-06-23,59.7400016784668,59.75,59.08000183105469,59.68000030517578,41.63920974731445,83200
2011-06-24,59.61000061035156,60.279998779296875,59.61000061035156,59.91999816894531,41.80666732788086,161200
2011-06-27,59.90999984741211,61.0,59.849998474121094,60.560001373291016,42.253196716308594,91800
2011-06-28,60.58000183105469,61.060001373291016,60.13999938964844,60.970001220703125,42.53926467895508,109200
2011-06-29,60.959999084472656,62.09000015258789,60.54999923706055,61.02000045776367,42.574134826660156,129500
2011-06-30,61.25,61.52000045776367,60.810001373291016,60.81999969482422,42.434600830078125,75000
2011-07-01,61.06999969482422,61.709999084472656,60.84000015258789,61.58000183105469,42.96486282348633,87500
2011-07-05,61.5099983215332,61.77000045776367,61.22999954223633,61.650001525878906,43.013702392578125,61000
2011-07-06,61.439998626708984,62.529998779296875,61.2400016784668,62.52000045776367,43.62070846557617,80700
2011-07-07,62.56999969482422,63.41999816894531,62.56999969482422,63.369998931884766,44.21375274658203,67300
2011-07-08,62.77000045776367,63.72999954223633,62.5099983215332,63.540000915527344,44.33237838745117,72800
2011-07-11,62.95000076293945,63.31999969482422,61.13999938964844,63.20000076293945,44.09513854980469,148600
2011-07-12,62.939998626708984,64.1500015258789,62.93000030517578,63.08000183105469,44.01140594482422,83700
2011-07-13,63.11000061035156,63.59000015258789,61.90999984741211,63.08000183105469,44.01140594482422,75300
2011-07-14,63.27000045776367,63.34000015258789,62.689998626708984,62.93000030517578,43.90676498413086,139100
2011-07-15,62.88999938964844,63.0099983215332,62.470001220703125,62.95000076293945,43.920719146728516,122500
2011-07-18,62.54999923706055,62.61000061035156,61.79999923706055,62.06999969482422,43.306724548339844,110100
2011-07-19,62.290000915527344,62.61000061035156,62.119998931884766,62.369998931884766,43.51604461669922,123500
2011-07-20,62.369998931884766,62.95000076293945,62.08000183105469,62.63999938964844,43.70443344116211,45600
2011-07-21,62.70000076293945,63.77000045776367,62.70000076293945,63.08000183105469,44.01140594482422,62600
2011-07-22,63.25,63.25,62.31999969482422,62.599998474121094,43.67652893066406,44900
2011-07-25,62.18000030517578,62.459999084472656,61.86000061035156,61.970001220703125,43.236968994140625,70800
2011-07-26,62.130001068115234,62.33000183105469,61.47999954223633,61.81999969482422,43.13230895996094,71300
2011-07-27,62.099998474121094,62.099998474121094,60.0099983215332,60.22999954223633,42.022953033447266,113500
2011-07-28,60.380001068115234,60.91999816894531,60.04999923706055,60.18000030517578,41.988067626953125,45300
2011-07-29,59.86000061035156,60.34000015258789,59.43000030517578,60.130001068115234,41.953182220458984,113000
2011-08-01,60.470001220703125,60.599998474121094,59.209999084472656,59.560001373291016,41.55550003051758,82100
2011-08-02,59.25,59.95000076293945,57.66999816894531,57.70000076293945,40.25774383544922,144000
2011-08-03,57.869998931884766,59.36000061035156,57.720001220703125,58.720001220703125,40.96941375732422,108400
2011-08-04,58.34000015258789,58.970001220703125,56.33000183105469,56.33000183105469,39.30190658569336,116700
2011-08-05,56.38999938964844,57.77000045776367,55.029998779296875,57.15999984741211,39.8809928894043,138800
2011-08-08,56.13999938964844,57.40999984741211,54.11000061035156,54.11000061035156,37.75298309326172,204800
2011-08-09,55.130001068115234,57.9900016784668,53.90999984741211,57.849998474121094,40.362403869628906,218700
2011-08-10,56.36000061035156,57.43000030517578,55.45000076293945,55.9900016784668,39.064666748046875,152900
2011-08-11,56.11000061035156,59.16999816894531,55.9900016784668,58.43000030517578,40.76707077026367,132600
2011-08-12,58.619998931884766,58.97999954223633,57.29999923706055,57.630001068115234,40.20891189575195,87100
2011-08-15,58.060001373291016,59.439998626708984,57.54999923706055,58.77000045776367,41.00428771972656,67600
2011-08-16,58.060001373291016,58.7599983215332,57.59000015258789,57.88999938964844,40.39031219482422,75000
2011-08-17,58.29999923706055,59.13999938964844,57.150001525878906,57.52000045776367,40.13216781616211,70500
2011-08-18,56.529998779296875,57.099998474121094,54.709999084472656,55.02000045776367,38.38788986206055,191900
2011-08-19,54.41999816894531,55.38999938964844,53.599998474121094,54.400001525878906,37.955318450927734,128000
2011-08-22,55.380001068115234,57.470001220703125,53.61000061035156,53.86000061035156,37.57854461669922,160300
2011-08-23,54.13999938964844,57.33000183105469,54.099998474121094,57.0099983215332,39.77632522583008,226500
2011-08-24,56.95000076293945,58.0,55.560001373291016,57.7400016784668,40.28565979003906,107600
2011-08-25,58.209999084472656,58.209999084472656,56.459999084472656,56.689998626708984,39.553070068359375,102200
2011-08-26,56.38999938964844,57.93000030517578,55.86000061035156,57.56999969482422,40.16704177856445,107000
2011-08-29,58.27000045776367,59.63999938964844,57.720001220703125,59.4900016784668,41.50664520263672,123900
2011-08-30,59.2400016784668,60.939998626708984,59.2400016784668,60.70000076293945,42.35087203979492,129400
2011-08-31,61.0099983215332,61.93000030517578,60.099998474121094,60.619998931884766,42.2950439453125,103300
2011-09-01,60.4900016784668,61.529998779296875,59.58000183105469,59.75,41.68805694580078,113100
2011-09-02,58.939998626708984,59.880001068115234,58.189998626708984,58.290000915527344,40.66939926147461,95500
2011-09-06,56.68000030517578,58.5,56.310001373291016,58.189998626708984,40.599632263183594,160200
2011-09-07,58.58000183105469,60.79999923706055,57.72999954223633,60.459999084472656,42.42401885986328,167200
2011-09-08,60.13999938964844,60.9900016784668,59.529998779296875,59.77000045776367,41.939849853515625,107900
2011-09-09,59.31999969482422,59.619998931884766,57.650001525878906,58.130001068115234,40.78908157348633,104500
2011-09-12,57.36000061035156,59.709999084472656,57.36000061035156,58.5099983215332,41.05572509765625,59900
2011-09-13,58.86000061035156,59.290000915527344,57.86000061035156,59.0,41.39954376220703,134300
2011-09-14,59.66999816894531,60.619998931884766,58.650001525878906,60.029998779296875,42.122291564941406,110300
2011-09-15,60.41999816894531,61.11000061035156,59.900001525878906,60.9900016784668,42.79590606689453,121300
2011-09-16,61.189998626708984,61.400001525878906,60.38999938964844,61.119998931884766,42.887123107910156,297800
2011-09-19,60.189998626708984,60.349998474121094,59.47999954223633,59.88999938964844,42.02403259277344,88400
2011-09-20,60.13999938964844,61.20000076293945,59.439998626708984,59.439998626708984,41.70828628540039,88800
2011-09-21,59.65999984741211,60.5,58.65999984741211,58.720001220703125,41.20307159423828,133200
2011-09-22,57.2599983215332,58.90999984741211,56.43000030517578,58.47999954223633,41.034671783447266,185200
2011-09-23,58.400001525878906,60.18000030517578,58.06999969482422,60.119998931884766,42.18544006347656,108600
2011-09-26,60.5,60.97999954223633,59.79999923706055,60.900001525878906,42.732749938964844,131600
2011-09-27,61.7400016784668,62.630001068115234,60.93000030517578,61.2599983215332,42.98537063598633,106800
2011-09-28,61.34000015258789,61.849998474121094,59.41999816894531,59.65999984741211,41.862667083740234,146900
2011-09-29,60.54999923706055,61.0,59.22999954223633,60.560001373291016,42.494171142578125,73400
2011-09-30,59.61000061035156,61.97999954223633,59.61000061035156,61.0099983215332,42.80992889404297,167800
2011-10-03,61.09000015258789,62.65999984741211,59.40999984741211,59.459999084472656,41.72232437133789,252500
2011-10-04,59.0099983215332,62.18000030517578,59.0,62.0099983215332,43.511634826660156,167000
2011-10-05,61.970001220703125,62.25,61.099998474121094,61.97999954223633,43.49058151245117,114100
2011-10-06,61.97999954223633,62.65999984741211,61.75,62.540000915527344,43.883541107177734,114400
2011-10-07,62.630001068115234,63.34000015258789,61.689998626708984,62.11000061035156,43.58180236816406,70400
2011-10-10,62.869998931884766,63.34000015258789,62.31999969482422,63.27000045776367,44.395748138427734,71700
2011-10-11,62.880001068115234,63.439998626708984,62.66999816894531,63.04999923706055,44.241390228271484,67300
2011-10-12,63.369998931884766,63.959999084472656,62.90999984741211,63.599998474121094,44.6273193359375,56600
2011-10-13,63.09000015258789,63.790000915527344,62.959999084472656,63.47999954223633,44.54310607910156,54200
2011-10-14,63.939998626708984,64.9800033569336,63.029998779296875,63.81999969482422,44.78166961669922,64400
2011-10-17,63.5099983215332,63.59000015258789,61.22999954223633,61.66999816894531,43.2730712890625,150100
2011-10-18,61.52000045776367,63.900001525878906,60.56999969482422,63.470001220703125,44.53609085083008,109700
2011-10-19,63.099998474121094,64.05999755859375,62.810001373291016,63.119998931884766,44.290504455566406,83800
2011-10-20,63.099998474121094,63.5,62.0,63.41999816894531,44.500999450683594,68000
2011-10-21,64.22000122070312,64.98999786376953,63.290000915527344,64.12000274658203,44.992191314697266,90200
2011-10-24,64.0999984741211,65.95999908447266,63.650001525878906,65.4800033569336,45.94648742675781,96700
2011-10-25,65.30999755859375,65.44000244140625,64.5,65.08999633789062,45.67280578613281,89100
2011-10-26,65.61000061035156,66.01000213623047,61.91999816894531,63.36000061035156,44.45891571044922,262400
2011-10-27,67.55000305175781,69.30999755859375,65.9000015258789,67.55999755859375,47.4059944152832,448400
2011-10-28,67.4000015258789,68.19999694824219,66.08000183105469,67.31999969482422,47.23760223388672,168800
2011-10-31,66.66000366210938,67.51000213623047,66.19000244140625,66.5199966430664,46.67623519897461,101600
2011-11-01,64.0999984741211,66.88999938964844,64.0999984741211,64.5999984741211,45.32899856567383,151300
2011-11-02,65.47000122070312,65.95999908447266,64.66999816894531,65.72000122070312,46.114891052246094,126100
2011-11-03,66.22000122070312,67.0199966430664,65.83000183105469,66.83999633789062,46.900779724121094,103200
2011-11-04,66.4000015258789,66.75,65.86000061035156,66.5,46.66220474243164,58000
2011-11-07,66.52999877929688,66.91999816894531,65.45999908447266,66.8499984741211,46.90779113769531,38200
2011-11-08,67.44000244140625,68.41999816894531,66.51000213623047,68.25,47.890159606933594,117900
2011-11-09,66.87999725341797,67.63999938964844,66.37999725341797,66.66000366210938,46.77448272705078,112100
2011-11-10,67.54000091552734,68.11000061035156,66.94000244140625,67.63999938964844,47.46213150024414,50800
2011-11-11,68.12000274658203,69.16999816894531,67.62999725341797,68.83000183105469,48.29714584350586,81400
2011-11-14,68.9000015258789,68.9000015258789,67.86000061035156,68.30000305175781,47.92524337768555,59600
2011-11-15,68.1500015258789,69.56999969482422,67.62999725341797,69.43000030517578,48.718162536621094,54300
2011-11-16,68.7699966430664,70.5999984741211,68.72000122070312,68.87000274658203,48.325218200683594,58600
2011-11-17,68.66999816894531,69.30999755859375,67.29000091552734,67.54000091552734,47.391963958740234,91800
2011-11-18,67.54000091552734,67.91999816894531,66.94000244140625,67.23999786376953,47.181461334228516,80300
2011-11-21,66.27999877929688,66.61000061035156,65.41000366210938,65.97000122070312,46.29029846191406,130100
2011-11-22,65.98999786376953,66.72000122070312,65.44000244140625,65.95999908447266,46.28327941894531,69900
2011-11-23,65.56999969482422,65.56999969482422,63.47999954223633,63.90999984741211,44.844825744628906,80000
2011-11-25,63.650001525878906,64.06999969482422,62.970001220703125,62.9900016784668,44.19929122924805,37600
2011-11-28,64.7300033569336,67.54000091552734,64.25,67.54000091552734,47.391963958740234,216800
2011-11-29,67.37000274658203,68.16999816894531,66.80000305175781,67.5999984741211,47.43405532836914,201600
2011-11-30,69.5999984741211,70.56999969482422,68.37999725341797,70.4000015258789,49.39878463745117,195000
2011-12-01,70.0199966430664,70.80000305175781,68.95999908447266,69.0999984741211,48.4865837097168,141500
2011-12-02,69.61000061035156,69.61000061035156,68.47000122070312,68.79000091552734,48.26906204223633,60100
2011-12-05,69.58000183105469,70.19000244140625,69.04000091552734,69.86000061035156,49.019866943359375,119800
2011-12-06,69.80000305175781,70.43000030517578,69.4800033569336,70.12000274658203,49.20232009887695,113300
2011-12-07,69.37000274658203,70.04000091552734,68.05999755859375,69.88999938964844,49.29400634765625,62000
2011-12-08,69.25,69.25,67.5999984741211,67.9000015258789,47.890438079833984,75800
2011-12-09,68.11000061035156,70.80999755859375,68.0,70.58000183105469,49.78067398071289,130900
2011-12-12,69.83999633789062,69.83999633789062,68.4800033569336,69.22000122070312,48.821441650390625,111700
2011-12-13,69.58000183105469,70.33000183105469,68.26000213623047,68.56999969482422,48.36300277709961,84400
2011-12-14,67.94000244140625,68.87999725341797,66.51000213623047,68.12000274658203,48.04562759399414,106200
2011-12-15,69.05999755859375,70.58999633789062,68.81999969482422,70.54000091552734,49.752437591552734,89700
2011-12-16,71.0,71.48999786376953,70.19000244140625,71.36000061035156,50.330806732177734,425000
2011-12-19,71.62999725341797,71.97000122070312,69.80999755859375,70.04000091552734,49.39978790283203,98200
2011-12-20,71.27999877929688,72.04000091552734,71.05000305175781,71.22000122070312,50.232059478759766,132100
2011-12-21,71.22000122070312,71.62000274658203,70.95999908447266,71.2300033569336,50.239105224609375,133000
2011-12-22,71.25,71.31999969482422,69.73999786376953,70.08999633789062,49.43506622314453,106700
2011-12-23,70.31999969482422,70.55999755859375,69.94999694824219,70.27999877929688,49.5690803527832,47600
2011-12-27,70.16999816894531,71.13999938964844,70.1500015258789,70.7699966430664,49.914676666259766,105500
2011-12-28,70.6500015258789,70.7699966430664,69.31999969482422,69.4800033569336,49.004817962646484,97700
2011-12-29,69.75,70.94999694824219,69.36000061035156,70.73999786376953,49.893524169921875,71700
2011-12-30,70.4800033569336,71.11000061035156,69.30000305175781,69.33999633789062,48.90607452392578,82200
2012-01-03,70.47000122070312,71.58000183105469,69.04000091552734,69.48999786376953,49.01186752319336,107000
2012-01-04,69.08000183105469,69.6500015258789,68.58999633789062,68.91999816894531,48.60984802246094,67100
2012-01-05,68.72000122070312,69.30000305175781,67.9000015258789,69.16999816894531,48.78617858886719,97300
2012-01-06,68.9800033569336,69.33000183105469,68.55000305175781,68.69999694824219,48.45469284057617,81700
2012-01-09,69.02999877929688,69.51000213623047,68.55000305175781,69.3499984741211,48.913143157958984,125700
2012-01-10,69.55000305175781,70.33999633789062,69.5,70.0199966430664,49.38568115234375,215000
2012-01-11,69.58000183105469,69.58000183105469,68.75,68.93000030517578,48.61691665649414,65900
2012-01-12,69.01000213623047,69.69999694824219,68.47000122070312,69.4800033569336,49.004817962646484,50400
2012-01-13,68.69000244140625,69.77999877929688,68.69000244140625,69.31999969482422,48.891971588134766,75600
2012-01-17,69.41000366210938,70.0999984741211,69.25,69.31999969482422,48.891971588134766,80900
2012-01-18,69.29000091552734,70.05000305175781,68.56999969482422,69.9800033569336,49.35749053955078,55300
2012-01-19,70.31999969482422,70.31999969482422,69.23999786376953,69.88999938964844,49.29400634765625,23800
2012-01-20,69.61000061035156,70.2699966430664,69.5999984741211,70.0,49.37158966064453,62000
2012-01-23,70.0999984741211,70.44999694824219,69.31999969482422,69.91999816894531,49.31515884399414,46500
2012-01-24,69.69000244140625,70.0999984741211,69.36000061035156,69.44000244140625,48.97663116455078,58400
2012-01-25,69.30000305175781,70.19000244140625,68.81999969482422,69.33000183105469,48.899044036865234,61900
2012-01-26,68.0,70.0,67.58999633789062,69.83999633789062,49.25874328613281,82000
2012-01-27,69.69999694824219,70.0199966430664,69.11000061035156,69.6500015258789,49.124752044677734,42000
2012-01-30,69.06999969482422,70.05999755859375,68.01000213623047,69.9000015258789,49.301063537597656,80700
2012-01-31,70.36000061035156,70.97000122070312,69.41999816894531,69.48999786376953,49.01186752319336,96100
2012-02-01,69.8499984741211,70.0999984741211,69.31999969482422,69.80000305175781,49.23052978515625,192300
2012-02-02,69.80999755859375,70.54000091552734,69.12000274658203,69.56999969482422,49.068302154541016,109400
2012-02-03,70.69000244140625,70.9800033569336,69.9800033569336,70.0,49.37158966064453,85700
2012-02-06,69.55000305175781,69.95999908447266,69.37000274658203,69.5999984741211,49.08946228027344,47000
2012-02-07,69.45999908447266,70.0,69.05000305175781,69.05000305175781,48.70154571533203,62100
2012-02-08,69.05999755859375,69.45999908447266,68.37000274658203,68.9800033569336,48.65217590332031,77100
2012-02-09,68.95999908447266,69.23999786376953,68.33999633789062,68.54000091552734,48.34184265136719,78500
2012-02-10,67.87000274658203,68.12999725341797,67.13999938964844,67.73999786376953,47.777584075927734,55200
2012-02-13,68.43000030517578,68.54000091552734,67.27999877929688,68.0199966430664,47.975067138671875,72100
2012-02-14,67.61000061035156,68.0199966430664,67.0999984741211,67.87000274658203,47.869285583496094,48300
2012-02-15,68.16999816894531,68.4000015258789,67.05999755859375,67.3499984741211,47.502525329589844,58300
2012-02-16,67.37000274658203,68.69000244140625,67.30000305175781,68.37999725341797,48.2289924621582,60000
2012-02-17,68.70999908447266,68.70999908447266,67.83999633789062,67.97000122070312,47.9398078918457,41500
2012-02-21,67.94999694824219,68.31999969482422,67.56999969482422,68.12000274658203,48.04562759399414,56700
2012-02-22,68.2300033569336,68.52999877929688,67.80999755859375,68.01000213623047,47.968040466308594,40900
2012-02-23,68.16000366210938,69.19000244140625,68.02999877929688,69.0,48.66627502441406,59500
2012-02-24,69.0199966430664,69.27999877929688,67.8499984741211,67.94000244140625,47.91865539550781,56200
2012-02-27,66.7699966430664,67.06999969482422,65.9800033569336,66.20999908447266,46.69845962524414,184300
2012-02-28,66.02999877929688,66.41999816894531,65.18000030517578,65.66999816894531,46.31760025024414,132400
2012-02-29,65.91999816894531,66.11000061035156,65.16999816894531,65.16999816894531,45.96494674682617,69400
2012-03-01,65.44000244140625,65.58999633789062,64.55000305175781,64.87999725341797,45.76039505004883,146200
2012-03-02,64.91999816894531,65.13999938964844,63.68000030517578,63.959999084472656,45.11152648925781,108200
2012-03-05,63.72999954223633,64.79000091552734,63.59000015258789,64.72000122070312,45.64757537841797,45400
2012-03-06,64.1500015258789,64.55000305175781,63.66999816894531,63.86000061035156,45.040992736816406,81700
2012-03-07,63.63999938964844,64.48999786376953,63.27000045776367,64.04000091552734,45.424007415771484,64200
2012-03-08,64.26000213623047,64.66000366210938,63.5099983215332,64.5199966430664,45.76448059082031,86100
2012-03-09,64.51000213623047,65.62000274658203,64.51000213623047,65.41999816894531,46.402862548828125,69200
2012-03-12,65.41000366210938,65.88999938964844,65.41000366210938,65.55999755859375,46.50215148925781,36400
2012-03-13,65.93000030517578,66.37999725341797,65.6500015258789,66.37999725341797,47.08379364013672,57200
2012-03-14,66.19999694824219,66.83000183105469,65.37000274658203,65.56999969482422,46.50925827026367,34800
2012-03-15,65.61000061035156,65.77999877929688,64.86000061035156,65.54000091552734,46.487972259521484,41600
2012-03-16,65.66999816894531,65.66999816894531,64.86000061035156,65.0199966430664,46.119144439697266,129200
2012-03-19,64.80000305175781,65.76000213623047,64.69999694824219,65.31999969482422,46.331939697265625,43000
2012-03-20,64.83999633789062,65.51000213623047,64.83999633789062,64.94999694824219,46.069496154785156,65000
2012-03-21,65.06999969482422,65.3499984741211,64.58000183105469,64.91999816894531,46.0482177734375,81600
2012-03-22,64.48999786376953,65.45999908447266,64.48999786376953,65.3499984741211,46.353206634521484,54600
2012-03-23,65.44000244140625,65.86000061035156,64.94000244140625,65.70999908447266,46.608558654785156,57900
2012-03-26,66.47000122070312,66.86000061035156,65.86000061035156,66.5,47.168914794921875,100100
2012-03-27,66.37000274658203,67.16000366210938,66.37000274658203,66.61000061035156,47.246944427490234,56000
2012-03-28,66.83000183105469,67.0,66.25,66.72000122070312,47.32497024536133,82300
2012-03-29,66.26000213623047,67.0,65.44999694824219,66.93000030517578,47.473907470703125,49400
2012-03-30,67.25,67.25,66.45999908447266,66.45999908447266,47.14055252075195,49100
2012-04-02,66.29000091552734,67.11000061035156,66.0,66.30000305175781,47.02705764770508,96600
2012-04-03,66.19999694824219,66.77999877929688,65.43000030517578,65.94000244140625,46.77170944213867,68600
2012-04-04,65.3499984741211,65.73999786376953,65.05000305175781,65.38999938964844,46.38157653808594,49400
2012-04-05,65.0999984741211,65.11000061035156,64.51000213623047,64.68000030517578,45.87797546386719,80600
2012-04-09,63.790000915527344,64.55000305175781,63.52000045776367,63.72999954223633,45.20414352416992,113500
2012-04-10,63.560001373291016,63.81999969482422,62.7400016784668,62.79999923706055,44.54448699951172,85900
2012-04-11,63.150001525878906,64.0199966430664,62.810001373291016,63.41999816894531,44.98423767089844,55100
2012-04-12,63.310001373291016,63.95000076293945,63.029998779296875,63.81999969482422,45.26796340942383,48000
2012-04-13,63.689998626708984,63.7400016784668,63.0099983215332,63.18000030517578,44.81400680541992,46200
2012-04-16,63.27000045776367,64.20999908447266,63.209999084472656,63.959999084472656,45.36727523803711,40100
2012-04-17,64.41000366210938,65.63999938964844,64.41000366210938,65.12000274658203,46.1900749206543,64600
2012-04-18,64.77999877929688,65.44999694824219,64.68000030517578,64.94999694824219,46.069496154785156,59600
2012-04-19,64.87000274658203,65.41000366210938,64.05999755859375,64.29000091552734,45.601341247558594,68200
2012-04-20,65.5199966430664,65.5199966430664,64.62999725341797,64.9000015258789,46.03402328491211,75500
2012-04-23,64.06999969482422,64.22000122070312,63.310001373291016,63.560001373291016,45.083560943603516,48800
2012-04-24,63.7400016784668,64.66000366210938,63.7400016784668,64.66000366210938,45.8637809753418,56500
2012-04-25,65.30999755859375,65.63999938964844,64.95999908447266,65.51000213623047,46.466697692871094,62300
2012-04-26,65.36000061035156,65.55999755859375,64.5,64.63999938964844,45.849605560302734,57100
2012-04-27,64.6500015258789,64.73999786376953,63.65999984741211,64.43000030517578,45.700645446777344,74000
2012-04-30,64.52999877929688,66.37999725341797,64.52999877929688,65.20999908447266,46.25389862060547,98000
2012-05-01,65.08999633789062,66.72000122070312,64.88999938964844,64.9000015258789,46.03402328491211,150000
2012-05-02,64.41999816894531,65.72000122070312,64.41999816894531,65.37000274658203,46.367393493652344,73500
2012-05-03,65.0999984741211,65.68000030517578,64.83999633789062,65.0,46.10496139526367,114700
2012-05-04,64.69999694824219,65.12000274658203,64.62000274658203,64.70999908447266,45.89924621582031,93800
2012-05-07,64.51000213623047,65.4000015258789,64.51000213623047,64.9800033569336,46.09077453613281,58000
2012-05-08,64.45999908447266,65.94000244140625,64.45999908447266,65.94000244140625,46.77170944213867,51700
2012-05-09,65.1500015258789,65.91999816894531,65.0999984741211,65.5199966430664,46.47379684448242,44000
2012-05-10,65.81999969482422,66.4800033569336,65.5199966430664,66.13999938964844,46.91355514526367,30000
2012-05-11,65.80999755859375,66.45999908447266,65.27999877929688,65.5199966430664,46.47379684448242,53300
2012-05-14,65.13999938964844,65.94000244140625,64.0999984741211,65.48999786376953,46.452518463134766,42300
2012-05-15,65.3499984741211,66.08999633789062,65.19000244140625,65.80000305175781,46.67241287231445,41000
2012-05-16,65.8499984741211,66.47000122070312,65.68000030517578,65.95999908447266,46.7858772277832,37400
2012-05-17,66.0,66.0,64.33000183105469,64.33999633789062,45.636810302734375,67600
2012-05-18,64.16999816894531,64.48999786376953,63.59000015258789,63.90999984741211,45.33180236816406,108000
2012-05-21,64.11000061035156,64.36000061035156,63.02000045776367,64.05999755859375,45.438201904296875,84200
2012-05-22,64.01000213623047,64.11000061035156,63.22999954223633,63.5,45.04099655151367,68000
2012-05-23,63.02000045776367,63.599998474121094,62.68000030517578,63.54999923706055,45.07646179199219,166000
2012-05-24,63.54999923706055,64.8499984741211,63.0099983215332,64.8499984741211,45.99856185913086,62000
2012-05-25,64.76000213623047,65.75,64.70999908447266,65.7300033569336,46.62274932861328,68200
2012-05-29,65.91999816894531,66.44999694824219,65.58999633789062,66.33999633789062,47.05542755126953,83600
2012-05-30,65.9800033569336,66.41000366210938,65.87000274658203,66.4000015258789,47.09798049926758,102200
2012-05-31,66.12999725341797,67.33000183105469,64.58000183105469,67.31999969482422,47.75056076049805,106800
2012-06-01,66.3499984741211,67.77999877929688,66.3499984741211,66.51000213623047,47.1760139465332,130700
2012-06-04,66.63999938964844,66.87000274658203,65.87000274658203,66.4000015258789,47.09798049926758,85300
2012-06-05,65.94999694824219,66.62999725341797,65.55999755859375,66.5199966430664,47.18309783935547,54200
2012-06-06,66.51000213623047,67.2699966430664,66.29000091552734,67.20999908447266,47.93191146850586,41400
2012-06-07,67.91000366210938,67.9800033569336,66.36000061035156,66.44000244140625,47.38278579711914,87000
2012-06-08,66.26000213623047,68.04000091552734,66.0999984741211,67.93000030517578,48.445396423339844,78500
2012-06-11,68.30999755859375,68.30999755859375,67.19999694824219,67.30000305175781,47.99611282348633,85400
2012-06-12,67.4800033569336,67.94999694824219,66.08000183105469,67.58999633789062,48.202919006347656,51700
2012-06-13,67.52999877929688,68.45999908447266,67.27999877929688,67.41999816894531,48.08168411254883,56400
2012-06-14,67.62999725341797,68.45999908447266,67.33999633789062,68.0199966430664,48.50958251953125,50900
2012-06-15,67.87000274658203,69.31999969482422,67.76000213623047,68.61000061035156,48.93037033081055,134000
2012-06-18,68.29000091552734,68.97000122070312,68.29000091552734,68.80999755859375,49.072998046875,94100
2012-06-19,68.87999725341797,69.76000213623047,68.72000122070312,69.56999969482422,49.61499786376953,79800
2012-06-20,69.3499984741211,69.58999633789062,68.68000030517578,68.94000244140625,49.16572570800781,45000
2012-06-21,69.05999755859375,69.1500015258789,67.55999755859375,67.69999694824219,48.28136444091797,73700
2012-06-22,68.33000183105469,69.12000274658203,68.08999633789062,69.05999755859375,49.25126647949219,75900
2012-06-25,68.2300033569336,69.11000061035156,67.70999908447266,68.91999816894531,49.15143585205078,70500
2012-06-26,68.87999725341797,69.20999908447266,68.30999755859375,69.01000213623047,49.21561813354492,44500
2012-06-27,68.91000366210938,70.37000274658203,68.70999908447266,70.16999816894531,50.04290771484375,44300
2012-06-28,69.83000183105469,71.52999877929688,69.27999877929688,71.22000122070312,50.79172134399414,123600
2012-06-29,72.41999816894531,72.41999816894531,70.72000122070312,71.20999908447266,50.78459930419922,110600
2012-07-02,71.23999786376953,71.47000122070312,70.33999633789062,71.19999694824219,50.777462005615234,195000
2012-07-03,71.16000366210938,72.16999816894531,70.86000061035156,72.0999984741211,51.41929244995117,54400
2012-07-05,71.66999816894531,71.91000366210938,71.4800033569336,71.8499984741211,51.24102020263672,50100
2012-07-06,71.30000305175781,72.04000091552734,71.30000305175781,71.93000030517578,51.29806900024414,60700
2012-07-09,71.91999816894531,71.91999816894531,71.4000015258789,71.80999755859375,51.212493896484375,60900
2012-07-10,71.9000015258789,72.25,71.43000030517578,71.70999908447266,51.141178131103516,51900
2012-07-11,71.69999694824219,71.69999694824219,70.52999877929688,70.94999694824219,50.599159240722656,49000
2012-07-12,70.7699966430664,70.91000366210938,69.7699966430664,70.12999725341797,50.01436996459961,74500
2012-07-13,70.2699966430664,72.72000122070312,70.2699966430664,72.38999938964844,51.62614440917969,56600
2012-07-16,72.11000061035156,72.11000061035156,70.23999786376953,70.41999816894531,50.22119903564453,58200
2012-07-17,70.83999633789062,71.37000274658203,70.08999633789062,70.5,50.27825164794922,35300
2012-07-18,70.4800033569336,71.73999786376953,70.4800033569336,70.97000122070312,50.61341857910156,32900
2012-07-19,70.95999908447266,70.95999908447266,69.33000183105469,69.52999877929688,49.58646774291992,56500
2012-07-20,69.51000213623047,70.19000244140625,69.19000244140625,69.86000061035156,49.82181167602539,50300
2012-07-23,69.30000305175781,69.79000091552734,68.83000183105469,69.33999633789062,49.45096206665039,60900
2012-07-24,69.55999755859375,69.55999755859375,67.9000015258789,68.13999938964844,48.59516143798828,71500
2012-07-25,68.44999694824219,69.29000091552734,68.41000366210938,68.76000213623047,49.03733825683594,65000
2012-07-26,69.44000244140625,69.66000366210938,69.26000213623047,69.33999633789062,49.45096206665039,21800
2012-07-27,69.5,70.6500015258789,69.13999938964844,70.01000213623047,49.92878723144531,84800
2012-07-30,69.94000244140625,70.51000213623047,69.9000015258789,70.19999694824219,50.064308166503906,30100
2012-07-31,70.08000183105469,70.33999633789062,69.2699966430664,69.29000091552734,49.41531753540039,36500
2012-08-01,69.80999755859375,70.20999908447266,68.47000122070312,68.4800033569336,48.83765411376953,55100
2012-08-02,68.06999969482422,68.95999908447266,68.06999969482422,68.76000213623047,49.03733825683594,50600
2012-08-03,69.4000015258789,70.66999816894531,68.98999786376953,69.87999725341797,49.83607482910156,64200
2012-08-06,70.11000061035156,70.58999633789062,69.55999755859375,69.63999938964844,49.66492462158203,51500
2012-08-07,70.30999755859375,70.37999725341797,69.9800033569336,70.16999816894531,50.04290771484375,52400
2012-08-08,69.98999786376953,70.23999786376953,69.76000213623047,70.0999984741211,49.992977142333984,20800
2012-08-09,70.12000274658203,70.23999786376953,69.61000061035156,69.7699966430664,49.75762176513672,19300
2012-08-10,69.70999908447266,70.0,69.45999908447266,69.79000091552734,49.77189636230469,40800
2012-08-13,69.66000366210938,69.83000183105469,68.36000061035156,69.73999786376953,49.73622131347656,44600
2012-08-14,69.88999938964844,70.0999984741211,68.66999816894531,69.25,49.386783599853516,40600
2012-08-15,68.94999694824219,69.52999877929688,68.62000274658203,69.05999755859375,49.25126647949219,39600
2012-08-16,68.94999694824219,69.2300033569336,68.52999877929688,69.20999908447266,49.3582649230957,60200
2012-08-17,69.02999877929688,69.55000305175781,69.02999877929688,69.3499984741211,49.45811080932617,44800
2012-08-20,69.08999633789062,69.45999908447266,68.91999816894531,69.12999725341797,49.30121612548828,42600
2012-08-21,69.30000305175781,70.94999694824219,69.08999633789062,70.01000213623047,49.92878723144531,105600
2012-08-22,70.31999969482422,70.31999969482422,69.02999877929688,69.3499984741211,49.45811080932617,39000
2012-08-23,72.75,74.52999877929688,71.22000122070312,72.33999633789062,51.59048080444336,169200
2012-08-24,72.52999877929688,73.2300033569336,72.31999969482422,72.94999694824219,52.025516510009766,115100
2012-08-27,73.25,73.48999786376953,72.73999786376953,72.94000244140625,52.01837921142578,55500
2012-08-28,72.7699966430664,73.2300033569336,72.37000274658203,72.9800033569336,52.0468864440918,62300
2012-08-29,72.97000122070312,73.13999938964844,72.83000183105469,72.9800033569336,52.0468864440918,72000
2012-08-30,72.7699966430664,72.94000244140625,72.23999786376953,72.62999725341797,51.79728317260742,28400
2012-08-31,73.16000366210938,73.27999877929688,72.2699966430664,72.44000244140625,51.66179275512695,48000
2012-09-04,72.75,73.26000213623047,72.11000061035156,73.05999755859375,52.10393142700195,92200
2012-09-05,72.41999816894531,73.06999969482422,71.47000122070312,72.16999816894531,51.72410583496094,159600
2012-09-06,72.4800033569336,73.08999633789062,72.38999938964844,73.05000305175781,52.354801177978516,94300
2012-09-07,73.4000015258789,73.61000061035156,72.77999877929688,73.04000091552734,52.347633361816406,64100
2012-09-10,72.70999908447266,73.08999633789062,72.58000183105469,72.68000030517578,52.08962631225586,44000
2012-09-11,72.58999633789062,73.16000366210938,72.41000366210938,72.7699966430664,52.154109954833984,51000
2012-09-12,72.69000244140625,73.1500015258789,72.66000366210938,73.08000183105469,52.37628936767578,53100
2012-09-13,73.04000091552734,73.19999694824219,72.68000030517578,73.04000091552734,52.347633361816406,91100
2012-09-14,73.12999725341797,73.3499984741211,72.5,72.94999694824219,52.28313064575195,95100
2012-09-17,72.5,73.1500015258789,72.5,72.8499984741211,52.211456298828125,59300
2012-09-18,72.94999694824219,73.18000030517578,72.83000183105469,72.93000030517578,52.268798828125,56200
2012-09-19,73.05000305175781,73.29000091552734,72.80000305175781,73.12000274658203,52.40498733520508,44400
2012-09-20,72.77999877929688,74.2300033569336,72.77999877929688,73.75,52.85648727416992,26700
2012-09-21,74.54000091552734,74.6500015258789,73.2699966430664,73.36000061035156,52.576969146728516,177100
2012-09-24,73.0,74.69999694824219,73.0,74.43000030517578,53.34383010864258,66400
2012-09-25,74.62999725341797,74.66999816894531,73.41999816894531,73.47000122070312,52.65581512451172,70300
2012-09-26,73.66999816894531,74.52999877929688,73.19000244140625,73.48999786376953,52.67012023925781,37800
2012-09-27,73.51000213623047,74.05999755859375,73.08000183105469,73.94000244140625,52.9926643371582,36900
2012-09-28,73.55000305175781,74.19000244140625,73.16999816894531,73.25,52.498146057128906,43300
2012-10-01,73.75,73.75,71.38999938964844,72.58999633789062,52.02510452270508,136700
2012-10-02,72.88999938964844,74.70999908447266,72.55999755859375,73.12999725341797,52.412132263183594,37700
2012-10-03,73.16999816894531,73.18000030517578,71.68000030517578,72.66000366210938,52.075286865234375,38500
2012-10-04,73.0,73.1500015258789,72.12999725341797,73.1500015258789,52.42646408081055,47500
2012-10-05,73.11000061035156,74.18000030517578,72.55999755859375,72.94000244140625,52.27595138549805,49600
2012-10-08,72.95999908447266,73.76000213623047,72.95999908447266,73.44999694824219,52.6414680480957,32900
2012-10-09,73.38999938964844,73.5199966430664,72.72000122070312,72.79000091552734,52.16845703125,78700
2012-10-10,73.0,73.54000091552734,72.9000015258789,73.12999725341797,52.412132263183594,25200
2012-10-11,73.56999969482422,73.56999969482422,72.58999633789062,72.73999786376953,52.132606506347656,31500
2012-10-12,72.83000183105469,73.02999877929688,71.97000122070312,72.0999984741211,51.67392349243164,52200
2012-10-15,72.31999969482422,72.91000366210938,71.72000122070312,72.77999877929688,52.16128921508789,43100
2012-10-16,72.87999725341797,73.47000122070312,72.45999908447266,73.0999984741211,52.39063262939453,27400
2012-10-17,73.16999816894531,74.19999694824219,73.16999816894531,74.01000213623047,53.0428352355957,31900
2012-10-18,73.86000061035156,74.38999938964844,73.52999877929688,74.27999877929688,53.23634338378906,36200
2012-10-19,73.87000274658203,73.9000015258789,72.06999969482422,72.52999877929688,51.98210144042969,63400
2012-10-22,72.61000061035156,73.36000061035156,72.0,72.33999633789062,51.8459358215332,28000
2012-10-23,72.0999984741211,72.69000244140625,71.19999694824219,72.41000366210938,51.89609909057617,40000
2012-10-24,72.83999633789062,72.83999633789062,71.31999969482422,71.63999938964844,51.34425354003906,52800
2012-10-25,71.94000244140625,73.68000030517578,71.91999816894531,73.0,52.318973541259766,28800
2012-10-26,73.05999755859375,73.62999725341797,71.9000015258789,72.75,52.1397819519043,21100
2012-10-31,72.68000030517578,73.02999877929688,71.58000183105469,72.77999877929688,52.16128921508789,49700
2012-11-01,72.6500015258789,75.30000305175781,72.6500015258789,74.83000183105469,53.63050842285156,138000
2012-11-02,74.80999755859375,75.30000305175781,73.7300033569336,73.87999725341797,52.94963836669922,111800
2012-11-05,73.66000366210938,74.23999786376953,72.91000366210938,73.5199966430664,52.6916389465332,48100
2012-11-06,73.88999938964844,75.2300033569336,73.88999938964844,74.9800033569336,53.7380256652832,50500
2012-11-07,74.54000091552734,75.30000305175781,72.5199966430664,73.0999984741211,52.39063262939453,67800
2012-11-08,73.22000122070312,73.6500015258789,72.52999877929688,73.0999984741211,52.39063262939453,71800
2012-11-09,72.61000061035156,73.83000183105469,72.5,73.12000274658203,52.40498733520508,34900
2012-11-12,73.33999633789062,73.47000122070312,72.66000366210938,72.83000183105469,52.19711685180664,13400
2012-11-13,72.7300033569336,73.6500015258789,72.61000061035156,72.7300033569336,52.12546157836914,48100
2012-11-14,73.0,73.33000183105469,72.36000061035156,72.43000030517578,51.91044616699219,60500
2012-11-15,72.45999908447266,72.68000030517578,71.79000091552734,71.95999908447266,51.5735969543457,63900
2012-11-16,71.7300033569336,71.9800033569336,70.56999969482422,70.9000015258789,50.81389617919922,102200
2012-11-19,71.52999877929688,73.30000305175781,70.87999725341797,73.29000091552734,52.526817321777344,152600
2012-11-20,73.4000015258789,73.95999908447266,72.72000122070312,73.83999633789062,52.92097473144531,83400
2012-11-21,73.87000274658203,74.47000122070312,73.26000213623047,73.5199966430664,52.6916389465332,34300
2012-11-23,73.83999633789062,74.0999984741211,73.3499984741211,74.05999755859375,53.07865905761719,25400
2012-11-26,74.30000305175781,74.4800033569336,73.81999969482422,74.44000244140625,53.35097885131836,57700
2012-11-27,74.30999755859375,75.0,73.70999908447266,74.79000091552734,53.60186004638672,117900
2012-11-28,74.47000122070312,75.20999908447266,73.91999816894531,75.05999755859375,53.79535675048828,93800
2012-11-29,75.66999816894531,75.94999694824219,74.8499984741211,75.36000061035156,54.01035690307617,125100
2012-11-30,75.66000366210938,76.01000213623047,75.2300033569336,75.73999786376953,54.282718658447266,151400
2012-12-03,76.63999938964844,78.33999633789062,76.16999816894531,76.87000274658203,55.09257888793945,192100
2012-12-04,76.80999755859375,77.54000091552734,76.5,76.9800033569336,55.1713981628418,141100
2012-12-05,77.43000030517578,77.68000030517578,76.87999725341797,77.04000091552734,55.21442413330078,1158900
2012-12-06,72.43000030517578,72.63999938964844,70.91999816894531,71.69999694824219,55.24523162841797,290100
2012-12-07,71.58000183105469,71.94000244140625,71.33999633789062,71.72000122070312,55.2606315612793,1071900
2012-12-10,71.58000183105469,71.58999633789062,71.01000213623047,71.31999969482422,54.95243453979492,66500
2012-12-11,71.4800033569336,71.4800033569336,70.48999786376953,70.9000015258789,54.628849029541016,85400
2012-12-12,71.18000030517578,71.18000030517578,69.98999786376953,70.08999633789062,54.00471496582031,47700
2012-12-13,70.2300033569336,70.33000183105469,69.16000366210938,69.4800033569336,53.534725189208984,61700
2012-12-14,69.4800033569336,69.91999816894531,68.19999694824219,68.41000366210938,52.71027374267578,95500
2012-12-17,68.72000122070312,70.01000213623047,68.16999816894531,69.87000274658203,53.835208892822266,116400
2012-12-18,69.95999908447266,69.95999908447266,69.29000091552734,69.44999694824219,53.51161575317383,60200
2012-12-19,69.36000061035156,69.56999969482422,68.44000244140625,68.61000061035156,52.864383697509766,76000
2012-12-20,68.86000061035156,69.2699966430664,68.51000213623047,68.7300033569336,52.95685577392578,72100
2012-12-21,68.2300033569336,69.26000213623047,67.80000305175781,68.27999877929688,52.610107421875,447200
2012-12-24,68.5199966430664,69.22000122070312,68.0999984741211,69.06999969482422,53.21880340576172,41900
2012-12-26,69.05999755859375,69.41999816894531,67.41000366210938,67.54000091552734,52.03993606567383,57300
2012-12-27,67.70999908447266,68.26000213623047,66.88999938964844,67.80999755859375,52.24797821044922,58500
2012-12-28,67.77999877929688,68.43000030517578,67.62999725341797,68.0999984741211,52.471431732177734,99000
2012-12-31,68.18000030517578,69.30999755859375,67.37999725341797,69.19000244140625,53.311279296875,141700
2013-01-02,70.18000030517578,71.0,69.91000366210938,70.79000091552734,54.54410171508789,125900
2013-01-03,70.41000366210938,71.4800033569336,69.83000183105469,71.43000030517578,55.037208557128906,96600
2013-01-04,71.4800033569336,71.91999816894531,70.91000366210938,71.12000274658203,54.79835891723633,78000
2013-01-07,70.81999969482422,70.81999969482422,70.0,70.1500015258789,54.05093002319336,74900
2013-01-08,70.0999984741211,70.44000244140625,69.6500015258789,70.43000030517578,54.26669692993164,70800
2013-01-09,70.68000030517578,70.83000183105469,70.16999816894531,70.81999969482422,54.56720733642578,39900
2013-01-10,70.91000366210938,71.75,70.77999877929688,71.08000183105469,54.76752471923828,31300
2013-01-11,71.23999786376953,71.55000305175781,70.3499984741211,71.13999938964844,54.813743591308594,35000
2013-01-14,71.04000091552734,71.27999877929688,70.43000030517578,70.91000366210938,54.63655471801758,46100
2013-01-15,70.61000061035156,71.31999969482422,70.61000061035156,71.06999969482422,54.75980758666992,55800
2013-01-16,71.11000061035156,71.66999816894531,70.80000305175781,71.5199966430664,55.10654830932617,49600
2013-01-17,71.77999877929688,71.91999816894531,71.12999725341797,71.5199966430664,55.10654830932617,49400
2013-01-18,71.55999755859375,71.77999877929688,71.16000366210938,71.54000091552734,55.1219596862793,48700
2013-01-22,71.6500015258789,71.76000213623047,70.94000244140625,71.5999984741211,55.168182373046875,84800
2013-01-23,71.8499984741211,71.97000122070312,71.1500015258789,71.54000091552734,55.1219596862793,119900
2013-01-24,71.66999816894531,72.52999877929688,71.44999694824219,72.45999908447266,55.83082580566406,174300
2013-01-25,72.70999908447266,73.18000030517578,72.2699966430664,73.12000274658203,56.339378356933594,56500
2013-01-28,73.23999786376953,73.23999786376953,72.55000305175781,72.95999908447266,56.21609115600586,73400
2013-01-29,73.04000091552734,73.41999816894531,72.83999633789062,73.23999786376953,56.43183517456055,59900
2013-01-30,73.12999725341797,73.41000366210938,72.87999725341797,73.38999938964844,56.54737854003906,66100
2013-01-31,73.41000366210938,74.26000213623047,71.30999755859375,71.45999908447266,55.060325622558594,225000
2013-02-01,71.87999725341797,72.94999694824219,71.44999694824219,72.55000305175781,55.90016174316406,73500
2013-02-04,72.16000366210938,72.43000030517578,71.18000030517578,71.63999938964844,55.19900894165039,87100
2013-02-05,71.8499984741211,72.81999969482422,71.83000183105469,71.97000122070312,55.45329284667969,90800
2013-02-06,71.91000366210938,72.41000366210938,71.47000122070312,72.37000274658203,55.76148986816406,43800
2013-02-07,72.27999877929688,72.63999938964844,71.55000305175781,72.0199966430664,55.49179458618164,57700
2013-02-08,71.93000030517578,72.81999969482422,71.93000030517578,72.66999816894531,55.992618560791016,38400
2013-02-11,72.6500015258789,73.12000274658203,72.47000122070312,72.80000305175781,56.09279251098633,48500
2013-02-12,73.0,73.0199966430664,72.44000244140625,72.91000366210938,56.17755889892578,36600
2013-02-13,73.02999877929688,73.22000122070312,72.80000305175781,73.12999725341797,56.34707260131836,51200
2013-02-14,73.13999938964844,74.0,73.13999938964844,73.5999984741211,56.70920181274414,84800
2013-02-15,74.01000213623047,74.01000213623047,72.70999908447266,72.9800033569336,56.23147201538086,57100
2013-02-19,73.30000305175781,73.72000122070312,72.56999969482422,73.58000183105469,56.69375991821289,47000
2013-02-20,73.4000015258789,73.54000091552734,72.55000305175781,72.58000183105469,55.923282623291016,84000
2013-02-21,72.69000244140625,72.91999816894531,72.05000305175781,72.26000213623047,55.676727294921875,205000
2013-02-22,72.73999786376953,73.6500015258789,72.27999877929688,73.5999984741211,56.70920181274414,100900
2013-02-25,73.7699966430664,74.01000213623047,71.88999938964844,71.94999694824219,55.43785858154297,59000
2013-02-26,72.44000244140625,73.29000091552734,72.1500015258789,72.66999816894531,55.992618560791016,108300
2013-02-27,72.45999908447266,73.2699966430664,71.97000122070312,72.83999633789062,56.123619079589844,58800
2013-02-28,72.62000274658203,73.72000122070312,72.33000183105469,73.16999816894531,56.37788772583008,88000
2013-03-01,72.52999877929688,73.41999816894531,71.83999633789062,73.1500015258789,56.36248016357422,135400
2013-03-04,72.79000091552734,73.0999984741211,72.30000305175781,72.5,55.86164855957031,97000
2013-03-05,72.5999984741211,73.7300033569336,72.4000015258789,73.6500015258789,56.74773406982422,89500
2013-03-06,73.41999816894531,73.41999816894531,72.36000061035156,72.86000061035156,56.43018341064453,79800
2013-03-07,72.7300033569336,73.12999725341797,72.25,72.97000122070312,56.515380859375,95500
2013-03-08,73.25,73.62999725341797,72.75,73.4800033569336,56.910396575927734,77000
2013-03-11,73.37999725341797,73.41000366210938,72.45999908447266,72.70999908447266,56.31401824951172,41500
2013-03-12,72.48999786376953,73.8499984741211,72.4000015258789,73.23999786376953,56.7244987487793,87900
2013-03-13,73.18000030517578,73.87999725341797,73.0,73.5,56.925872802734375,57900
2013-03-14,73.5199966430664,73.83999633789062,72.9800033569336,73.7699966430664,57.134979248046875,48400
2013-03-15,73.87999725341797,74.12000274658203,73.3499984741211,74.05999755859375,57.35956954956055,125700
2013-03-18,73.58000183105469,74.3499984741211,73.58000183105469,74.01000213623047,57.32085037231445,47400
2013-03-19,74.25,74.98999786376953,74.13999938964844,74.5,57.70035934448242,66100
2013-03-20,74.94999694824219,75.5199966430664,74.7699966430664,75.16999816894531,58.21928024291992,43100
2013-03-21,74.5999984741211,75.41999816894531,73.12999725341797,73.5999984741211,57.00333023071289,108500
2013-03-22,73.86000061035156,75.11000061035156,73.44999694824219,75.01000213623047,58.09537124633789,56200
2013-03-25,75.01000213623047,75.69000244140625,74.68000030517578,75.29000091552734,58.31221008300781,53700
2013-03-26,75.83000183105469,76.83999633789062,75.2699966430664,76.70999908447266,59.41200256347656,78400
2013-03-27,76.16999816894531,77.68000030517578,76.06999969482422,77.62000274658203,60.116817474365234,121200
2013-03-28,77.83999633789062,78.2699966430664,76.73999786376953,77.0,59.63660430908203,110900
2013-04-01,76.87000274658203,77.63999938964844,76.87000274658203,77.22000122070312,59.80699920654297,108800
2013-04-02,77.48999786376953,77.79000091552734,77.19000244140625,77.5,60.02386474609375,54400
2013-04-03,77.44999694824219,77.62999725341797,76.69999694824219,76.77999877929688,59.46622848510742,75800
2013-04-04,76.70999908447266,77.61000061035156,76.69999694824219,77.37000274658203,59.923179626464844,53100
2013-04-05,76.66999816894531,77.3499984741211,76.63999938964844,77.20999908447266,59.799278259277344,52800
2013-04-08,77.4000015258789,77.47000122070312,76.75,77.45999908447266,59.99287414550781,37200
2013-04-09,77.5,77.8499984741211,77.26000213623047,77.45999908447266,59.99287414550781,58700
2013-04-10,77.55000305175781,80.16999816894531,77.55000305175781,79.66000366210938,61.69681930541992,76900
2013-04-11,79.62999725341797,80.05000305175781,79.47000122070312,79.66999816894531,61.704559326171875,54000
2013-04-12,79.26000213623047,79.9000015258789,79.08999633789062,79.58000183105469,61.63483428955078,92400
2013-04-15,79.37000274658203,79.5999984741211,77.5,77.58999633789062,60.09354782104492,98900
2013-04-16,78.0199966430664,79.19000244140625,77.86000061035156,79.0,61.18561553955078,40100
2013-04-17,78.3499984741211,78.66999816894531,77.12000274658203,77.76000213623047,60.22524642944336,55000
2013-04-18,77.87000274658203,78.19000244140625,77.37000274658203,77.80999755859375,60.26396560668945,36600
2013-04-19,77.73999786376953,79.25,77.7300033569336,79.05000305175781,61.22433853149414,95800
2013-04-22,78.31999969482422,79.77999877929688,78.12000274658203,79.66000366210938,61.69681930541992,40100
2013-04-23,80.0,80.25,78.47000122070312,80.0199966430664,61.97559356689453,69100
2013-04-24,79.98999786376953,79.98999786376953,77.87000274658203,77.97000122070312,60.387874603271484,128500
2013-04-25,77.7699966430664,79.16000366210938,77.75,77.97000122070312,60.387874603271484,87100
2013-04-26,77.95999908447266,78.54000091552734,77.70999908447266,78.0199966430664,60.42662048339844,69200
2013-04-29,78.3499984741211,78.9000015258789,78.11000061035156,78.5999984741211,60.87580490112305,26100
2013-04-30,78.43000030517578,78.93000030517578,77.69999694824219,78.93000030517578,61.13139724731445,65800
2013-05-01,78.77999877929688,79.04000091552734,77.19999694824219,77.22000122070312,59.80699920654297,101200
2013-05-02,77.27999877929688,78.55000305175781,77.25,78.23999786376953,60.59700393676758,58000
2013-05-03,79.08000183105469,79.88999938964844,78.80000305175781,79.55000305175781,61.611595153808594,52400
2013-05-06,79.37999725341797,79.58999633789062,78.5999984741211,78.76000213623047,60.9997444152832,26900
2013-05-07,78.9000015258789,80.4800033569336,77.81999969482422,80.4000015258789,62.269935607910156,60100
2013-05-08,80.51000213623047,80.80999755859375,80.16999816894531,80.55999755859375,62.39384841918945,49100
2013-05-09,80.37999725341797,80.56999969482422,80.30999755859375,80.41999816894531,62.28541564941406,42100
2013-05-10,80.55999755859375,80.76000213623047,80.2699966430664,80.52999877929688,62.37060546875,28200
2013-05-13,80.44999694824219,80.95999908447266,80.22000122070312,80.93000030517578,62.680419921875,45100
2013-05-14,81.04000091552734,81.63999938964844,81.04000091552734,81.41000366210938,63.05217361450195,31900
2013-05-15,80.9800033569336,82.6500015258789,80.9800033569336,82.5,63.896358489990234,88900
2013-05-16,82.45999908447266,83.63999938964844,81.87000274658203,83.12999725341797,64.38430786132812,56600
2013-05-17,83.29000091552734,83.58000183105469,83.1500015258789,83.26000213623047,64.48501586914062,60100
2013-05-20,83.0,83.23999786376953,82.7300033569336,82.80999755859375,64.13648223876953,58900
2013-05-21,82.66999816894531,82.9800033569336,82.48999786376953,82.80999755859375,64.13648223876953,45400
2013-05-22,82.75,83.86000061035156,82.16999816894531,82.56999969482422,63.95058059692383,76200
2013-05-23,81.9800033569336,82.98999786376953,81.9800033569336,82.8499984741211,64.1674575805664,86200
2013-05-24,82.76000213623047,83.4000015258789,82.06999969482422,83.18000030517578,64.42305755615234,34300
2013-05-28,84.18000030517578,84.87999725341797,83.33000183105469,84.2300033569336,65.23628234863281,46800
2013-05-29,83.61000061035156,84.02999877929688,82.62000274658203,83.26000213623047,64.48501586914062,51400
2013-05-30,83.23999786376953,83.55999755859375,82.18000030517578,83.16000366210938,64.40754699707031,55700
2013-05-31,82.66000366210938,83.12000274658203,82.47000122070312,82.47000122070312,63.87314987182617,79100
2013-06-03,82.43000030517578,83.83999633789062,82.0999984741211,83.41000366210938,64.60118865966797,121500
2013-06-04,83.44999694824219,84.0,82.69999694824219,83.18000030517578,64.42305755615234,60800
2013-06-05,82.91000366210938,82.91000366210938,81.47000122070312,81.83000183105469,63.37746047973633,68800
2013-06-06,81.68000030517578,82.18000030517578,80.23999786376953,80.81999969482422,62.90268325805664,66900
2013-06-07,81.47000122070312,81.83000183105469,80.80000305175781,81.36000061035156,63.322975158691406,52600
2013-06-10,81.4000015258789,81.66999816894531,80.66000366210938,81.30000305175781,63.276302337646484,63200
2013-06-11,80.37999725341797,81.66999816894531,79.61000061035156,80.94000244140625,62.996089935302734,50900
2013-06-12,81.1500015258789,81.51000213623047,79.98999786376953,80.4800033569336,62.63806915283203,47100
2013-06-13,80.47000122070312,81.73999786376953,80.2300033569336,81.66000366210938,63.556461334228516,52700
2013-06-14,81.33999633789062,82.08999633789062,80.25,80.33000183105469,62.52132797241211,42100
2013-06-17,81.13999938964844,81.75,80.05000305175781,81.48999786376953,63.42414474487305,19600
2013-06-18,81.52999877929688,82.1500015258789,80.95999908447266,81.7699966430664,63.64208221435547,50200
2013-06-19,81.56999969482422,81.80999755859375,79.0999984741211,79.22000122070312,61.65742874145508,59800
2013-06-20,78.5199966430664,78.55999755859375,76.87000274658203,77.02999877929688,59.952911376953125,77300
2013-06-21,77.2300033569336,77.51000213623047,76.25,76.63999938964844,59.649383544921875,179200
2013-06-24,76.27999877929688,78.11000061035156,76.0,77.05999755859375,59.97626495361328,53600
2013-06-25,77.29000091552734,77.83999633789062,76.5199966430664,77.41000366210938,60.2486686706543,51300
2013-06-26,77.75,79.20999908447266,77.2300033569336,77.36000061035156,60.20976257324219,40600
2013-06-27,77.97000122070312,79.48999786376953,77.86000061035156,78.80999755859375,61.33829116821289,38000
2013-06-28,78.80999755859375,79.1500015258789,77.76000213623047,77.98999786376953,60.70009231567383,139800
2013-07-01,78.05999755859375,79.86000061035156,78.05999755859375,79.19999694824219,61.64183807373047,47700
2013-07-02,78.91999816894531,79.75,78.38999938964844,79.5999984741211,61.95317840576172,38300
2013-07-03,79.5199966430664,80.11000061035156,79.19999694824219,79.97000122070312,62.24114990234375,17000
2013-07-05,81.19000244140625,81.19000244140625,79.37000274658203,80.77999877929688,62.871578216552734,58300
2013-07-08,81.0199966430664,81.80999755859375,81.0199966430664,81.69000244140625,63.5798225402832,50100
2013-07-09,81.8499984741211,83.12999725341797,81.56999969482422,82.80999755859375,64.45153045654297,71100
2013-07-10,82.91000366210938,83.19000244140625,82.11000061035156,82.87999725341797,64.5060043334961,35100
2013-07-11,83.44000244140625,83.95999908447266,82.44000244140625,83.80999755859375,65.22982025146484,57200
2013-07-12,83.54000091552734,84.12000274658203,83.47000122070312,83.97000122070312,65.35438537597656,36100
2013-07-15,83.87999725341797,85.0999984741211,83.58000183105469,83.79000091552734,65.21426391601562,79600
2013-07-16,83.72000122070312,84.0199966430664,82.9000015258789,83.91999816894531,65.31544494628906,32400
2013-07-17,83.94999694824219,83.9800033569336,83.08000183105469,83.4000015258789,64.9107437133789,63500
2013-07-18,83.80000305175781,83.88999938964844,83.27999877929688,83.47000122070312,64.9652099609375,109400
2013-07-19,83.38999938964844,83.7699966430664,82.44999694824219,83.2699966430664,64.80953216552734,39100
2013-07-22,83.2699966430664,84.12000274658203,83.2699966430664,83.95999908447266,65.34656524658203,46200
2013-07-23,83.97000122070312,84.4000015258789,83.80000305175781,84.16000366210938,65.50222778320312,28000
2013-07-24,84.26000213623047,84.26000213623047,83.19999694824219,83.25,64.7939682006836,70400
2013-07-25,82.87999725341797,84.19000244140625,82.87999725341797,84.01000213623047,65.385498046875,56200
2013-07-26,83.36000061035156,84.0999984741211,82.87000274658203,84.0199966430664,65.39328002929688,35000
2013-07-29,83.66999816894531,83.98999786376953,83.08999633789062,83.31999969482422,64.84846496582031,25100
2013-07-30,83.86000061035156,83.94000244140625,82.83999633789062,83.26000213623047,64.80176544189453,49800
2013-07-31,83.41000366210938,83.79000091552734,82.8499984741211,83.02999877929688,64.62273406982422,59100
2013-08-01,83.88999938964844,85.76000213623047,83.87000274658203,85.55999755859375,66.59185791015625,107700
2013-08-02,85.02999877929688,86.12999725341797,84.20999908447266,85.80000305175781,66.77867126464844,51400
2013-08-05,85.51000213623047,85.70999908447266,84.98999786376953,85.62000274658203,66.63855743408203,28500
2013-08-06,85.41000366210938,85.54000091552734,84.51000213623047,84.9000015258789,66.07817840576172,26200
2013-08-07,84.58999633789062,84.94999694824219,83.77999877929688,83.94000244140625,65.33100891113281,25500
2013-08-08,84.20999908447266,84.7300033569336,83.86000061035156,84.33000183105469,65.6345443725586,27700
2013-08-09,84.06999969482422,84.69999694824219,83.76000213623047,83.7699966430664,65.19869232177734,22200
2013-08-12,83.02999877929688,83.68000030517578,82.06999969482422,83.44000244140625,64.94184875488281,50100
2013-08-13,83.31999969482422,83.94999694824219,83.05000305175781,83.5999984741211,65.06637573242188,14100
2013-08-14,83.44000244140625,83.72000122070312,82.80000305175781,82.87000274658203,64.49821472167969,36300
2013-08-15,81.94999694824219,81.94999694824219,80.04000091552734,80.11000061035156,62.3501091003418,58700
2013-08-16,79.7300033569336,80.5,79.0,79.9800033569336,62.24893569946289,49700
2013-08-19,79.83999633789062,80.66999816894531,79.37999725341797,79.6500015258789,61.99208068847656,39000
2013-08-20,79.61000061035156,80.11000061035156,79.52999877929688,79.77999877929688,62.09326934814453,61400
2013-08-21,79.27999877929688,79.58000183105469,78.22000122070312,78.52999877929688,61.12037658691406,50000
2013-08-22,76.4800033569336,77.20999908447266,76.01000213623047,76.45999908447266,59.50929641723633,55600
2013-08-23,76.43000030517578,76.48999786376953,75.5199966430664,75.55000305175781,58.80101013183594,64100
2013-08-26,75.88999938964844,76.16999816894531,75.13999938964844,75.25,58.5675163269043,81800
2013-08-27,74.7699966430664,76.08000183105469,73.5,74.31999969482422,57.84369659423828,58400
2013-08-28,74.30000305175781,74.41000366210938,73.83999633789062,74.22000122070312,57.76587677001953,52400
2013-08-29,74.25,74.91000366210938,74.01000213623047,74.73999786376953,58.17058181762695,72300
2013-08-30,74.51000213623047,74.86000061035156,73.69000244140625,73.7699966430664,57.4156379699707,77800
2013-09-03,73.73999786376953,74.33000183105469,70.29000091552734,71.25,55.454315185546875,181800
2013-09-04,71.12000274658203,72.05000305175781,70.80000305175781,71.87000274658203,55.93684387207031,187400
2013-09-05,71.66000366210938,72.55999755859375,71.30999755859375,71.75,56.15601348876953,73000
2013-09-06,72.19999694824219,72.8499984741211,70.91999816894531,72.27999877929688,56.570804595947266,73300
2013-09-09,72.62000274658203,74.31999969482422,71.97000122070312,74.27999877929688,58.136131286621094,66800
2013-09-10,74.45999908447266,74.77999877929688,73.91000366210938,74.7699966430664,58.51963424682617,67700
2013-09-11,74.51000213623047,75.19999694824219,74.43000030517578,75.06999969482422,58.754432678222656,53700
2013-09-12,74.9800033569336,75.5999984741211,74.8499984741211,75.08000183105469,58.76227569580078,54100
2013-09-13,75.4800033569336,76.83999633789062,75.19999694824219,76.58000183105469,59.93626403808594,79800
2013-09-16,77.44999694824219,77.87999725341797,76.33999633789062,76.69000244140625,60.0223388671875,31000
2013-09-17,76.58000183105469,77.66000366210938,76.55999755859375,77.4800033569336,60.64064025878906,35700
2013-09-18,77.25,78.4800033569336,76.43000030517578,78.0199966430664,61.063289642333984,43600
2013-09-19,77.97000122070312,78.11000061035156,76.94999694824219,77.9000015258789,60.969364166259766,38900
2013-09-20,77.94000244140625,78.91000366210938,77.54000091552734,78.20999908447266,61.212013244628906,142100
2013-09-23,78.41000366210938,79.76000213623047,77.13999938964844,79.19000244140625,61.97899627685547,50700
2013-09-24,79.44999694824219,80.0199966430664,77.93000030517578,79.20999908447266,61.99467468261719,41000
2013-09-25,79.38999938964844,79.75,78.47000122070312,78.68000030517578,61.579830169677734,45900
2013-09-26,78.75,79.36000061035156,77.63999938964844,78.37000274658203,61.337215423583984,45800
2013-09-27,77.72000122070312,78.13999938964844,77.08000183105469,77.87999725341797,60.95372772216797,96200
2013-09-30,77.04000091552734,78.70999908447266,77.04000091552734,78.29000091552734,61.27458190917969,80500
2013-10-01,78.04000091552734,79.0999984741211,77.2699966430664,78.12000274658203,61.14156723022461,127200
2013-10-02,77.56999969482422,78.11000061035156,77.19999694824219,77.79000091552734,60.88327407836914,55300
2013-10-03,77.81999969482422,77.81999969482422,76.55999755859375,77.18000030517578,60.40584182739258,43600
2013-10-04,77.01000213623047,78.19999694824219,76.94000244140625,78.05000305175781,61.0867919921875,22600
2013-10-07,77.37999725341797,79.16000366210938,76.95999908447266,78.81999969482422,61.689422607421875,58500
2013-10-08,79.05999755859375,79.30000305175781,77.83999633789062,78.97000122070312,61.80681610107422,78800
2013-10-09,79.01000213623047,80.19000244140625,78.97000122070312,79.69000244140625,62.370330810546875,80800
2013-10-10,80.48999786376953,81.69999694824219,80.3499984741211,81.58000183105469,63.84958267211914,47000
2013-10-11,81.19000244140625,82.37000274658203,80.97000122070312,82.30999755859375,64.42091369628906,48600
2013-10-14,81.9800033569336,82.55000305175781,81.80000305175781,82.44000244140625,64.52265930175781,137300
2013-10-15,82.44000244140625,82.55000305175781,81.4000015258789,81.87000274658203,64.0765609741211,79600
2013-10-16,82.16999816894531,83.3499984741211,81.61000061035156,82.93000030517578,64.90617370605469,96000
2013-10-17,82.69999694824219,84.08000183105469,82.69999694824219,83.87000274658203,65.64186096191406,42000
2013-10-18,84.55999755859375,84.68000030517578,83.68000030517578,84.45999908447266,66.10362243652344,103200
2013-10-21,84.44999694824219,84.86000061035156,83.73999786376953,84.08000183105469,65.80621337890625,79700
2013-10-22,84.5,85.4800033569336,83.95999908447266,85.0199966430664,66.5418930053711,54900
2013-10-23,84.80999755859375,85.4000015258789,84.58999633789062,84.86000061035156,66.41670989990234,59000
2013-10-24,85.22000122070312,85.22000122070312,84.51000213623047,84.75,66.33060455322266,126500
2013-10-25,84.94000244140625,85.69999694824219,84.38999938964844,84.87999725341797,66.432373046875,85800
2013-10-28,84.87999725341797,86.58999633789062,84.73999786376953,86.44000244140625,67.65330505371094,81400
2013-10-29,86.88999938964844,87.1500015258789,85.87999725341797,87.06999969482422,68.14636993408203,42200
2013-10-30,87.36000061035156,87.36000061035156,85.44000244140625,85.61000061035156,67.0036849975586,58200
2013-10-31,84.52999877929688,84.81999969482422,82.66000366210938,82.98999786376953,64.95308685302734,98900
2013-11-01,82.80999755859375,83.11000061035156,80.79000091552734,81.37999725341797,63.69301986694336,127100
2013-11-04,81.75,82.8499984741211,81.26000213623047,82.51000213623047,64.57743835449219,91900
2013-11-05,82.0999984741211,82.66999816894531,81.30999755859375,82.06999969482422,64.23307037353516,73300
2013-11-06,82.54000091552734,83.05999755859375,81.48999786376953,82.0199966430664,64.1939468383789,54400
2013-11-07,82.19999694824219,82.19999694824219,80.5999984741211,80.72000122070312,63.17647933959961,87100
2013-11-08,80.6500015258789,82.87000274658203,80.45999908447266,82.62999725341797,64.6713638305664,57200
2013-11-11,82.5,83.12000274658203,82.33999633789062,82.55999755859375,64.61658477783203,62200
2013-11-12,82.2699966430664,83.69000244140625,81.80999755859375,83.08000183105469,65.0235595703125,67400
2013-11-13,82.81999969482422,83.79000091552734,82.5,83.51000213623047,65.360107421875,66800
2013-11-14,83.51000213623047,84.18000030517578,83.08999633789062,83.23999786376953,65.14877319335938,65600
2013-11-15,83.18000030517578,84.19999694824219,82.61000061035156,83.87999725341797,65.6496810913086,86300
2013-11-18,83.95999908447266,84.94000244140625,83.5999984741211,84.41999816894531,66.07231903076172,125700
2013-11-19,84.20999908447266,84.41999816894531,83.05999755859375,83.33999633789062,65.22706604003906,143400
2013-11-20,83.80000305175781,84.4800033569336,82.94999694824219,83.23999786376953,65.14877319335938,53900
2013-11-21,83.62999725341797,85.08999633789062,83.58999633789062,85.02999877929688,66.54976654052734,38200
2013-11-22,84.93000030517578,86.05999755859375,84.19000244140625,85.77999877929688,67.13677215576172,33900
2013-11-25,85.83999633789062,86.08999633789062,85.0999984741211,85.55999755859375,66.96456909179688,55000
2013-11-26,85.43000030517578,86.93000030517578,84.93000030517578,86.51000213623047,67.70809936523438,67500
2013-11-27,86.83000183105469,88.19999694824219,85.55999755859375,87.7300033569336,68.66293334960938,143300
2013-11-29,87.77999877929688,87.80999755859375,86.47000122070312,86.66000366210938,67.82550811767578,69000
2013-12-02,86.58999633789062,86.58999633789062,84.97000122070312,85.1500015258789,66.64366912841797,69100
2013-12-03,84.80000305175781,86.4000015258789,84.80000305175781,86.19999694824219,67.46548461914062,126000
2013-12-04,85.62999725341797,87.0999984741211,84.8499984741211,86.33000183105469,67.56721496582031,133700
2013-12-05,85.80999755859375,86.97000122070312,84.93000030517578,86.55999755859375,68.09428405761719,73000
2013-12-06,87.56999969482422,88.48999786376953,87.12999725341797,87.97000122070312,69.20350646972656,68300
2013-12-09,87.94999694824219,88.37999725341797,86.56999969482422,86.87000274658203,68.33816528320312,60200
2013-12-10,86.58999633789062,87.33999633789062,84.94999694824219,85.93000030517578,67.59867095947266,129100
2013-12-11,85.9800033569336,86.62000274658203,84.77999877929688,84.93000030517578,66.8119888305664,98400
2013-12-12,84.83000183105469,85.86000061035156,84.33999633789062,85.41000366210938,67.18961334228516,90800
2013-12-13,85.7699966430664,86.68000030517578,85.26000213623047,85.70999908447266,67.42560577392578,122100
2013-12-16,86.05000305175781,87.88999938964844,86.0,87.30000305175781,68.67642974853516,117100
2013-12-17,87.25,87.3499984741211,85.61000061035156,86.52999877929688,68.07069396972656,100300
2013-12-18,86.87999725341797,87.58999633789062,85.12000274658203,87.4000015258789,68.7551040649414,67700
2013-12-19,87.04000091552734,87.54000091552734,86.41000366210938,86.69000244140625,68.1965560913086,89000
2013-12-20,87.08999633789062,88.51000213623047,86.0199966430664,88.31999969482422,69.47882843017578,251500
2013-12-23,88.5999984741211,89.5,87.91000366210938,88.25,69.42375183105469,71300
2013-12-24,87.97000122070312,88.54000091552734,87.55999755859375,87.70999908447266,68.99896240234375,36400
2013-12-26,88.01000213623047,88.11000061035156,86.76000213623047,87.33000183105469,68.70002746582031,163200
2013-12-27,87.69999694824219,88.47000122070312,87.5,88.29000091552734,69.45523071289062,82900
2013-12-30,88.20999908447266,89.94999694824219,87.86000061035156,88.68000030517578,69.76202392578125,44600
2013-12-31,88.93000030517578,89.19999694824219,88.0,88.1500015258789,69.34510040283203,61100
2014-01-02,88.11000061035156,88.11000061035156,85.7699966430664,86.19000244140625,67.80321502685547,75700
2014-01-03,86.26000213623047,87.36000061035156,85.93000030517578,87.01000213623047,68.44828033447266,96200
2014-01-06,87.36000061035156,87.63999938964844,85.6500015258789,85.73999786376953,67.44923400878906,33700
2014-01-07,86.0199966430664,87.01000213623047,85.58999633789062,86.2699966430664,67.86614990234375,63900
2014-01-08,86.02999877929688,86.13999938964844,85.01000213623047,85.55999755859375,67.30760192871094,69300
2014-01-09,85.91999816894531,86.63999938964844,85.16000366210938,86.45999908447266,68.01560974121094,115100
2014-01-10,86.62999725341797,86.63999938964844,85.48999786376953,86.16999816894531,67.78746795654297,59400
2014-01-13,85.86000061035156,86.26000213623047,84.6500015258789,85.31999969482422,67.11881256103516,58100
2014-01-14,85.44000244140625,86.38999938964844,81.91000366210938,86.11000061035156,67.74030303955078,91800
2014-01-15,86.2300033569336,86.2300033569336,85.41000366210938,85.7300033569336,67.44134521484375,35500
2014-01-16,85.41000366210938,86.04000091552734,85.31999969482422,86.0199966430664,67.66944885253906,20700
2014-01-17,86.01000213623047,86.01000213623047,84.86000061035156,85.37999725341797,67.16600799560547,59600
2014-01-21,86.2699966430664,86.2699966430664,84.68000030517578,85.68000030517578,67.40201568603516,54900
2014-01-22,85.91000366210938,85.91000366210938,84.8499984741211,85.38999938964844,67.17388153076172,56600
2014-01-23,85.01000213623047,86.12999725341797,84.69000244140625,85.61000061035156,67.3469467163086,71600
2014-01-24,84.9800033569336,85.62000274658203,83.91999816894531,84.31999969482422,66.33214569091797,64100
2014-01-27,84.30999755859375,84.75,83.44000244140625,83.58999633789062,65.75787353515625,73100
2014-01-28,84.19999694824219,84.97000122070312,83.51000213623047,84.88999938964844,66.7805404663086,99400
2014-01-29,84.05000305175781,84.41999816894531,83.19000244140625,83.47000122070312,65.66348266601562,196900
2014-01-30,84.38999938964844,85.04000091552734,82.9000015258789,84.23999786376953,66.26920318603516,68000
2014-01-31,84.2699966430664,87.33999633789062,83.87000274658203,86.91999816894531,68.37747192382812,128500
2014-02-03,87.02999877929688,88.9000015258789,85.70999908447266,86.25,67.8504409790039,308900
2014-02-04,86.4800033569336,87.31999969482422,85.5199966430664,85.69999694824219,67.41777038574219,132200
2014-02-05,85.44000244140625,86.41000366210938,85.01000213623047,85.51000213623047,67.26826477050781,80300
2014-02-06,85.76000213623047,86.20999908447266,85.0,85.0999984741211,66.94573974609375,69300
2014-02-07,85.3499984741211,85.63999938964844,84.33000183105469,84.83999633789062,66.74120330810547,81300
2014-02-10,84.87999725341797,84.87999725341797,83.13999938964844,84.33999633789062,66.34786987304688,96400
2014-02-11,84.13999938964844,85.5,84.05000305175781,85.2300033569336,67.04801177978516,77100
2014-02-12,85.4000015258789,86.36000061035156,85.12999725341797,86.2300033569336,67.83466339111328,66700
2014-02-13,85.68000030517578,87.93000030517578,85.41000366210938,87.69000244140625,68.98320770263672,100300
2014-02-14,87.66999816894531,88.66999816894531,86.93000030517578,88.5,69.62042236328125,52100
2014-02-18,88.87999725341797,89.11000061035156,88.12999725341797,88.55999755859375,69.66763305664062,94800
2014-02-19,88.13999938964844,88.44000244140625,87.06999969482422,87.2300033569336,68.62135314941406,56700
2014-02-20,87.36000061035156,88.97000122070312,87.08000183105469,88.93000030517578,69.95870208740234,54300
2014-02-21,89.41999816894531,89.91000366210938,88.36000061035156,89.01000213623047,70.0216293334961,70600
2014-02-24,89.27999877929688,90.79000091552734,89.0,90.0199966430664,70.81616973876953,64200
2014-02-25,89.87999725341797,89.87999725341797,88.69000244140625,89.29000091552734,70.24191284179688,62300
2014-02-26,89.33999633789062,89.9800033569336,89.08000183105469,89.38999938964844,70.32054138183594,102400
2014-02-27,89.16000366210938,89.79000091552734,88.58000183105469,89.66000366210938,70.53298950195312,46200
2014-02-28,89.76000213623047,91.37000274658203,89.5,90.19999694824219,70.9577407836914,77300
2014-03-03,90.87000274658203,92.83000183105469,90.44999694824219,92.12000274658203,72.46819305419922,167400
2014-03-04,93.37999725341797,95.41000366210938,90.98999786376953,94.95999908447266,74.70231628417969,296000
2014-03-05,94.08000183105469,94.52999877929688,92.77999877929688,93.91000366210938,74.22022247314453,96400
2014-03-06,93.9000015258789,95.47000122070312,93.37999725341797,95.1500015258789,75.20024871826172,64800
2014-03-07,95.33000183105469,96.45999908447266,95.01000213623047,95.79000091552734,75.7060546875,89500
2014-03-10,95.44000244140625,95.70999908447266,94.51000213623047,95.16999816894531,75.21604919433594,97800
2014-03-11,95.23999786376953,95.25,93.81999969482422,94.54000091552734,74.71813201904297,97800
2014-03-12,94.08999633789062,94.5,93.5199966430664,94.23999786376953,74.48103332519531,97200
2014-03-13,94.30000305175781,95.0,93.44999694824219,94.2699966430664,74.50473022460938,97200
2014-03-14,94.02999877929688,95.45999908447266,93.88999938964844,95.30999755859375,75.32669067382812,53600
2014-03-17,95.56999969482422,96.0,94.72000122070312,95.83000183105469,75.73765563964844,91600
2014-03-18,95.5999984741211,97.63999938964844,95.55000305175781,97.63999938964844,77.16815948486328,62200
2014-03-19,97.33000183105469,97.91000366210938,95.79000091552734,96.70999908447266,76.43315887451172,48700
2014-03-20,96.41999816894531,97.7699966430664,96.30000305175781,97.63999938964844,77.16815948486328,51900
2014-03-21,98.0,98.94000244140625,97.12999725341797,97.55000305175781,77.09703826904297,171000
2014-03-24,97.9800033569336,97.9800033569336,96.73999786376953,97.12999725341797,76.76507568359375,63500
2014-03-25,97.7300033569336,98.52999877929688,97.3499984741211,98.27999877929688,77.67398071289062,55300
2014-03-26,99.01000213623047,99.2699966430664,97.72000122070312,98.04000091552734,77.48430633544922,91000
2014-03-27,97.87000274658203,98.66000366210938,97.43000030517578,97.86000061035156,77.34204864501953,86100
2014-03-28,97.75,99.38999938964844,97.0999984741211,97.63999938964844,77.16815948486328,52600
2014-03-31,97.88999938964844,99.7300033569336,97.43000030517578,99.41999816894531,78.5749740600586,90700
2014-04-01,99.69000244140625,99.69000244140625,98.12999725341797,98.36000061035156,77.73719787597656,123100
2014-04-02,98.27999877929688,98.83999633789062,97.83999633789062,98.70999908447266,78.01380920410156,71900
2014-04-03,98.7699966430664,99.12999725341797,97.18000030517578,97.91000366210938,77.38156127929688,94500
2014-04-04,98.62999725341797,98.62999725341797,95.44999694824219,95.83000183105469,75.73765563964844,102300
2014-04-07,95.5,96.54000091552734,95.04000091552734,96.0,75.87202453613281,132900
2014-04-08,96.20999908447266,98.70999908447266,95.70999908447266,97.4000015258789,76.9784927368164,132100
2014-04-09,97.54000091552734,97.58999633789062,96.22000122070312,96.66999816894531,76.40152740478516,98100
2014-04-10,96.5199966430664,96.7300033569336,94.94999694824219,95.25,75.27926635742188,114100
2014-04-11,94.3499984741211,95.69999694824219,93.66999816894531,94.0199966430664,74.30718994140625,82200
2014-04-14,94.68000030517578,95.41000366210938,94.04000091552734,94.70999908447266,74.85248565673828,85800
2014-04-15,94.79000091552734,95.11000061035156,93.11000061035156,94.27999877929688,74.51263427734375,69800
2014-04-16,94.72000122070312,95.12000274658203,94.01000213623047,94.6500015258789,74.80506134033203,55500
2014-04-17,94.63999938964844,95.66000366210938,94.29000091552734,95.19999694824219,75.23975372314453,67300
2014-04-21,95.56999969482422,96.1500015258789,94.72000122070312,96.08000183105469,75.93523406982422,55500
2014-04-22,96.13999938964844,96.72000122070312,95.83999633789062,96.56999969482422,76.3225326538086,95900
2014-04-23,96.4000015258789,96.87000274658203,95.55999755859375,95.69000244140625,75.62700653076172,56900
2014-04-24,96.37999725341797,98.58999633789062,95.11000061035156,96.4000015258789,76.18815612792969,68800
2014-04-25,95.7300033569336,96.91000366210938,95.25,95.79000091552734,75.7060546875,75900
2014-04-28,95.8499984741211,96.54000091552734,93.6500015258789,94.87999725341797,74.9868392944336,112400
2014-04-29,95.58999633789062,96.13999938964844,94.27999877929688,94.5,74.6865463256836,50100
2014-04-30,94.41999816894531,95.37999725341797,90.37000274658203,94.87999725341797,74.9868392944336,108800
2014-05-01,93.01000213623047,93.01000213623047,85.12000274658203,85.45999908447266,67.54190826416016,192500
2014-05-02,85.97000122070312,88.16999816894531,85.5199966430664,87.30999755859375,69.00403594970703,133800
2014-05-05,86.47000122070312,88.9000015258789,85.9000015258789,88.16000366210938,69.67581939697266,116900
2014-05-06,87.75,89.41999816894531,87.01000213623047,87.11000061035156,68.84599304199219,104900
2014-05-07,87.45999908447266,89.0999984741211,87.45999908447266,89.08000183105469,70.40291595458984,89900
2014-05-08,88.80999755859375,89.51000213623047,87.05999755859375,87.20999908447266,68.92497253417969,92000
2014-05-09,86.5999984741211,89.01000213623047,86.29000091552734,88.88999938964844,70.25275421142578,115700
2014-05-12,89.55000305175781,90.23999786376953,88.87999725341797,89.69000244140625,70.88501739501953,94800
2014-05-13,89.3499984741211,90.41000366210938,88.97000122070312,89.22000122070312,70.5135726928711,154700
2014-05-14,88.9000015258789,88.9000015258789,86.83999633789062,87.08000183105469,68.82221984863281,77000
2014-05-15,86.58000183105469,87.97000122070312,85.63999938964844,87.87999725341797,69.4544906616211,166500
2014-05-16,87.62000274658203,89.41999816894531,87.30999755859375,89.3499984741211,70.61631774902344,129200
2014-05-19,88.80000305175781,89.63999938964844,88.45999908447266,89.45999908447266,70.7032241821289,119600
2014-05-20,89.0,89.0,86.52999877929688,87.33999633789062,69.0277328491211,89100
2014-05-21,87.26000213623047,88.06999969482422,86.86000061035156,87.33999633789062,69.0277328491211,74900
2014-05-22,87.12999725341797,89.22000122070312,86.61000061035156,88.93000030517578,70.28435516357422,128000
2014-05-23,88.9000015258789,89.80000305175781,88.44999694824219,89.73999786376953,70.92456817626953,71700
2014-05-27,90.52999877929688,90.87999725341797,88.48999786376953,89.11000061035156,70.42662048339844,109600
2014-05-28,89.19999694824219,89.70999908447266,88.72000122070312,88.97000122070312,70.31596374511719,123600
2014-05-29,89.4800033569336,90.51000213623047,89.30999755859375,90.25,71.32759094238281,112800
2014-05-30,90.51000213623047,90.51000213623047,88.75,89.29000091552734,70.56887817382812,75200
2014-06-02,89.47000122070312,89.87000274658203,88.23999786376953,89.63999938964844,70.84551239013672,64400
2014-06-03,89.30999755859375,91.5199966430664,89.30999755859375,91.20999908447266,72.08631896972656,132500
2014-06-04,90.87000274658203,92.05000305175781,90.33999633789062,91.88999938964844,72.62374114990234,105100
2014-06-05,91.43000030517578,93.41000366210938,90.76000213623047,92.91000366210938,73.7831802368164,88200
2014-06-06,92.88999938964844,93.33999633789062,92.36000061035156,92.95999908447266,73.8228988647461,114600
2014-06-09,93.12999725341797,94.23999786376953,93.0999984741211,93.66999816894531,74.38671875,50700
2014-06-10,93.1500015258789,93.5,93.0199966430664,93.48999786376953,74.2437973022461,50600
2014-06-11,93.30000305175781,93.5999984741211,92.23999786376953,92.75,73.65612030029297,49400
2014-06-12,92.58000183105469,92.69999694824219,91.77999877929688,92.33000183105469,73.32257843017578,30500
2014-06-13,92.73999786376953,93.2300033569336,91.79000091552734,92.69999694824219,73.61640167236328,50300
2014-06-16,92.68000030517578,92.94999694824219,91.3499984741211,92.63999938964844,73.56876373291016,56100
2014-06-17,92.94999694824219,94.83000183105469,92.23999786376953,93.7699966430664,74.4661636352539,108400
2014-06-18,93.44000244140625,94.75,93.05000305175781,94.20999908447266,74.8155746459961,76800
2014-06-19,94.73999786376953,95.19000244140625,94.08999633789062,94.48999786376953,75.03792572021484,51300
2014-06-20,94.87999725341797,94.87999725341797,93.91999816894531,94.12999725341797,74.75202941894531,142700
2014-06-23,94.05999755859375,94.51000213623047,93.62999725341797,94.16999816894531,74.78378295898438,58900
2014-06-24,93.70999908447266,95.2699966430664,93.4800033569336,94.08000183105469,74.71231842041016,57000
2014-06-25,93.5999984741211,95.1500015258789,93.5999984741211,94.91000366210938,75.37145233154297,67100
2014-06-26,95.0,95.0,93.98999786376953,94.4000015258789,74.96643829345703,63200
2014-06-27,93.69000244140625,95.0,93.69000244140625,94.72000122070312,75.2205581665039,363800
2014-06-30,94.7699966430664,95.61000061035156,94.23999786376953,95.16000366210938,75.56999206542969,115900
2014-07-01,95.31999969482422,97.44000244140625,95.12000274658203,96.2300033569336,76.41971588134766,118400
2014-07-02,95.8499984741211,95.9800033569336,95.11000061035156,95.55999755859375,75.88764190673828,40700
2014-07-03,95.75,96.01000213623047,95.22000122070312,95.41000366210938,75.76851654052734,35700
2014-07-07,95.08999633789062,95.30999755859375,94.16999816894531,94.33999633789062,74.91878509521484,54700
2014-07-08,94.23999786376953,94.5199966430664,93.56999969482422,93.94000244140625,74.60114288330078,150100
2014-07-09,93.91000366210938,94.68000030517578,93.83999633789062,94.1500015258789,74.76789855957031,47200
2014-07-10,92.6500015258789,93.87999725341797,92.6500015258789,93.58999633789062,74.32319641113281,42300
2014-07-11,93.23999786376953,93.9000015258789,92.7300033569336,93.45999908447266,74.21996307373047,42700
2014-07-14,94.1500015258789,94.1500015258789,93.12000274658203,93.5999984741211,74.33113098144531,30700
2014-07-15,93.58000183105469,93.5999984741211,92.2699966430664,92.72000122070312,73.63230895996094,43300
2014-07-16,93.37000274658203,93.37000274658203,90.83999633789062,91.91000366210938,72.98905181884766,83900
2014-07-17,91.5199966430664,91.91000366210938,90.2300033569336,90.6500015258789,71.98845672607422,51600
2014-07-18,90.43000030517578,92.4000015258789,90.43000030517578,92.0999984741211,73.13995361328125,44500
2014-07-21,91.33999633789062,91.77999877929688,90.41999816894531,91.33999633789062,72.5363998413086,24700
2014-07-22,91.76000213623047,92.6500015258789,90.58000183105469,92.36000061035156,73.34642028808594,46900
2014-07-23,92.83999633789062,92.83999633789062,91.62000274658203,91.9000015258789,72.9811019897461,37400
2014-07-24,91.77999877929688,92.5999984741211,91.4000015258789,91.77999877929688,72.88581085205078,34300
2014-07-25,91.02999877929688,91.83000183105469,90.48999786376953,90.5999984741211,71.94874572753906,41100
2014-07-28,90.66999816894531,91.43000030517578,90.16999816894531,90.95999908447266,72.23464965820312,64000
2014-07-29,91.23999786376953,92.11000061035156,90.47000122070312,90.55000305175781,71.90902709960938,76200
2014-07-30,90.98999786376953,91.62999725341797,89.87000274658203,90.11000061035156,71.5595932006836,77600
2014-07-31,89.0999984741211,90.5,87.26000213623047,87.3499984741211,69.36778259277344,106500
2014-08-01,87.55000305175781,88.2699966430664,86.70999908447266,87.7699966430664,69.70133209228516,114700
2014-08-04,88.19999694824219,89.16000366210938,87.18000030517578,89.0,70.67811584472656,51100
2014-08-05,88.68000030517578,89.58999633789062,88.51000213623047,88.9000015258789,70.59868621826172,45200
2014-08-06,88.22000122070312,90.0199966430664,88.22000122070312,89.51000213623047,71.0831298828125,49900
2014-08-07,90.0,90.18000030517578,88.94000244140625,89.66999816894531,71.21016693115234,39100
2014-08-08,89.55000305175781,91.16999816894531,88.05000305175781,90.72000122070312,72.04405212402344,41500
2014-08-11,91.22000122070312,92.66000366210938,90.3499984741211,91.93000030517578,73.00492858886719,53800
2014-08-12,91.44999694824219,91.77999877929688,90.0199966430664,90.86000061035156,72.15520477294922,72000
2014-08-13,91.38999938964844,92.2699966430664,90.66999816894531,92.06999969482422,73.1161117553711,47200
2014-08-14,92.08000183105469,92.58999633789062,92.08000183105469,92.55000305175781,73.49729919433594,25600
2014-08-15,93.19999694824219,94.19000244140625,91.80000305175781,92.44999694824219,73.4178695678711,54900
2014-08-18,92.80000305175781,93.12000274658203,92.5,92.87000274658203,73.75141906738281,48800
2014-08-19,92.80999755859375,93.54000091552734,92.63999938964844,93.19999694824219,74.01348114013672,33200
2014-08-20,92.79000091552734,93.08999633789062,91.5,92.95999908447266,73.8228988647461,47300
2014-08-21,88.97000122070312,91.12999725341797,86.87999725341797,88.27999877929688,70.10633850097656,120500
2014-08-22,88.30999755859375,88.9800033569336,87.20999908447266,88.08000183105469,69.94750213623047,121600
2014-08-25,88.8499984741211,89.19999694824219,87.58000183105469,88.4000015258789,70.20162963867188,59600
2014-08-26,88.25,88.25,86.81999969482422,87.80999755859375,69.73310089111328,110100
2014-08-27,88.12999725341797,88.25,87.0999984741211,88.05000305175781,69.92369842529297,222400
2014-08-28,87.5,88.77999877929688,87.0,87.86000061035156,69.7728042602539,73000
2014-08-29,87.91000366210938,88.51000213623047,87.88999938964844,88.41000366210938,70.20957946777344,51700
2014-09-02,87.5199966430664,89.20999908447266,87.02999877929688,88.30000305175781,70.12222290039062,163500
2014-09-03,88.47000122070312,88.4800033569336,87.3499984741211,87.87000274658203,69.78074645996094,402500
2014-09-04,87.9800033569336,88.58000183105469,87.51000213623047,87.62999725341797,69.59016418457031,77300
2014-09-05,86.88999938964844,88.01000213623047,86.88999938964844,87.7300033569336,70.0211410522461,57800
2014-09-08,87.44000244140625,88.13999938964844,87.12000274658203,87.48999786376953,69.82958221435547,69800
2014-09-09,87.08999633789062,88.22000122070312,86.58000183105469,87.8499984741211,70.11695098876953,138600
2014-09-10,88.0,88.26000213623047,87.23999786376953,87.72000122070312,70.01317596435547,52800
2014-09-11,87.16999816894531,88.56999969482422,87.0,87.87000274658203,70.13285827636719,92400
2014-09-12,88.01000213623047,88.01000213623047,86.36000061035156,86.93000030517578,69.38265228271484,101800
2014-09-15,87.0,88.16999816894531,86.19999694824219,87.81999969482422,70.09296417236328,179700
2014-09-16,87.5,88.16999816894531,87.0,87.54000091552734,69.86949920654297,110300
2014-09-17,87.29000091552734,87.70999908447266,86.72000122070312,87.20999908447266,69.60610961914062,64600
2014-09-18,87.66999816894531,87.87999725341797,86.69000244140625,87.62999725341797,69.94132995605469,94300
2014-09-19,87.69999694824219,88.0199966430664,86.3499984741211,86.55999755859375,69.08732604980469,165900
2014-09-22,86.1500015258789,86.41000366210938,85.23999786376953,86.05000305175781,68.6802749633789,88200
2014-09-23,86.25,86.37999725341797,85.4000015258789,85.55000305175781,68.28118896484375,101900
2014-09-24,85.45999908447266,86.8499984741211,85.45999908447266,86.33999633789062,68.91172790527344,150400
2014-09-25,85.83000183105469,86.29000091552734,84.93000030517578,85.4800033569336,68.22532653808594,103900
2014-09-26,85.55999755859375,85.83000183105469,84.81999969482422,85.66999816894531,68.3769760131836,69000
2014-09-29,84.69999694824219,85.69999694824219,84.4800033569336,85.56999969482422,68.29717254638672,87600
2014-09-30,85.56999969482422,86.0,84.69999694824219,85.27999877929688,68.065673828125,376300
2014-10-01,85.0999984741211,85.0999984741211,83.23999786376953,83.63999938964844,66.75672149658203,246600
2014-10-02,83.5,84.62000274658203,83.25,84.26000213623047,67.2516098022461,96800
2014-10-03,85.06999969482422,85.45999908447266,84.38999938964844,84.7300033569336,67.62672424316406,295900
2014-10-06,84.93000030517578,85.63999938964844,83.93000030517578,84.48999786376953,67.43516540527344,62400
2014-10-07,84.0199966430664,84.62000274658203,83.48999786376953,83.54000091552734,66.67691802978516,71800
2014-10-08,83.4000015258789,85.13999938964844,82.98999786376953,85.06999969482422,67.8980941772461,74800
2014-10-09,84.81999969482422,85.30999755859375,83.4800033569336,83.58000183105469,66.7088623046875,70500
2014-10-10,83.16999816894531,85.05000305175781,83.0199966430664,83.36000061035156,66.53327178955078,68300
2014-10-13,83.26000213623047,84.4800033569336,83.0,83.5999984741211,66.72482299804688,117500
2014-10-14,84.33999633789062,84.83000183105469,83.41999816894531,83.8499984741211,66.9243392944336,125500
2014-10-15,83.02999877929688,85.33000183105469,81.95999908447266,84.62999725341797,67.54690551757812,251400
2014-10-16,83.4800033569336,85.04000091552734,83.4800033569336,84.38999938964844,67.35536193847656,141600
2014-10-17,85.5199966430664,85.97000122070312,84.13999938964844,84.66000366210938,67.57085418701172,131300
2014-10-20,84.12000274658203,86.0,83.95999908447266,85.95999908447266,68.60842895507812,109100
2014-10-21,86.16000366210938,87.13999938964844,85.75,86.91999816894531,69.3746337890625,84700
2014-10-22,86.91999816894531,88.19999694824219,86.68000030517578,87.05000305175781,69.47842407226562,83900
2014-10-23,87.61000061035156,88.95999908447266,87.20999908447266,88.2699966430664,70.4521484375,111100
2014-10-24,88.51000213623047,88.94999694824219,87.33000183105469,88.44000244140625,70.58783721923828,105200
2014-10-27,88.31999969482422,89.25,88.05000305175781,89.23999786376953,71.22634887695312,78000
2014-10-28,89.55999755859375,90.66000366210938,88.61000061035156,90.58000183105469,72.29585266113281,157900
2014-10-29,90.41000366210938,91.08999633789062,89.55000305175781,90.37999725341797,72.1362075805664,195300
2014-10-30,89.83999633789062,90.87000274658203,89.05999755859375,90.27999877929688,72.05638885498047,115100
2014-10-31,91.87000274658203,92.61000061035156,90.01000213623047,91.48999786376953,73.02217102050781,131500
2014-11-03,91.87000274658203,91.98999786376953,90.55000305175781,90.73999786376953,72.423583984375,127900
2014-11-04,90.69000244140625,92.41999816894531,90.19999694824219,91.08999633789062,72.70289611816406,161200
2014-11-05,91.51000213623047,92.37999725341797,90.81999969482422,91.26000213623047,72.83856964111328,130700
2014-11-06,91.25,92.44000244140625,90.4800033569336,92.33999633789062,73.70059204101562,121600
2014-11-07,92.20999908447266,92.76000213623047,90.37999725341797,90.69999694824219,72.3916244506836,122600
2014-11-10,91.0199966430664,91.9800033569336,90.6500015258789,91.66000366210938,73.15788269042969,105600
2014-11-11,91.44999694824219,92.86000061035156,90.9800033569336,92.80000305175781,74.06774139404297,154900
2014-11-12,92.37000274658203,93.70999908447266,91.9800033569336,93.62999725341797,74.73021697998047,88400
2014-11-13,93.86000061035156,94.2300033569336,92.8499984741211,93.20999908447266,74.39497375488281,125400
2014-11-14,93.05999755859375,93.52999877929688,92.08999633789062,92.48999786376953,73.8203125,105300
2014-11-17,92.4800033569336,93.41000366210938,91.95999908447266,92.91999816894531,74.16352844238281,90600
2014-11-18,92.91000366210938,93.62000274658203,92.2699966430664,92.41999816894531,73.76445770263672,120700
2014-11-19,92.19999694824219,92.79000091552734,91.5,92.08999633789062,73.50102996826172,111900
2014-11-20,91.9000015258789,92.2699966430664,91.61000061035156,92.12000274658203,73.52498626708984,114500
2014-11-21,93.16999816894531,93.33000183105469,91.83999633789062,92.27999877929688,73.65270233154297,96800
2014-11-24,92.1500015258789,93.29000091552734,92.0999984741211,93.13999938964844,74.33909606933594,62200
2014-11-25,93.5199966430664,93.80999755859375,93.1500015258789,93.29000091552734,74.45882415771484,70700
2014-11-26,92.9000015258789,94.80999755859375,92.88999938964844,94.66000366210938,75.55228424072266,288500
2014-11-28,94.75,96.5999984741211,93.68000030517578,93.9000015258789,74.94569396972656,65200
2014-12-01,93.80999755859375,94.66000366210938,92.81999969482422,93.61000061035156,74.71424102783203,78400
2014-12-02,93.80000305175781,94.79000091552734,93.19999694824219,94.62000274658203,75.52034759521484,75200
2014-12-03,94.30999755859375,95.41999816894531,94.0999984741211,95.30999755859375,76.0710678100586,64200
2014-12-04,94.83000183105469,95.5199966430664,93.4800033569336,94.2300033569336,75.57384490966797,219700
2014-12-05,94.22000122070312,95.11000061035156,94.0,94.2300033569336,75.57384490966797,112100
2014-12-08,94.12000274658203,95.27999877929688,93.19999694824219,93.7300033569336,75.17281341552734,146600
2014-12-09,93.02999877929688,94.63999938964844,92.33999633789062,94.5199966430664,75.80641174316406,118200
2014-12-10,94.11000061035156,95.08999633789062,93.33999633789062,93.5199966430664,75.00440216064453,124700
2014-12-11,94.02999877929688,94.88999938964844,93.5,93.83999633789062,75.26105499267578,68600
2014-12-12,93.11000061035156,93.58000183105469,91.75,91.9000015258789,73.70514678955078,73300
2014-12-15,92.12000274658203,92.7300033569336,90.04000091552734,90.63999938964844,72.69458770751953,107100
2014-12-16,90.66999816894531,92.58000183105469,90.08000183105469,90.20999908447266,72.34971618652344,137900
2014-12-17,90.4800033569336,92.94000244140625,89.91999816894531,92.77999877929688,74.41090393066406,119900
2014-12-18,93.47000122070312,95.11000061035156,92.77999877929688,95.04000091552734,76.22346496582031,88400
2014-12-19,94.88999938964844,95.19000244140625,93.13999938964844,94.31999969482422,75.64601135253906,268600
2014-12-22,94.2699966430664,95.51000213623047,94.08000183105469,95.37999725341797,76.49610900878906,101200
2014-12-23,95.66999816894531,95.66999816894531,94.19000244140625,94.66999816894531,75.92670440673828,149200
2014-12-24,94.5,94.8499984741211,93.13999938964844,93.63999938964844,75.10064697265625,210500
2014-12-26,93.63999938964844,95.0999984741211,93.37999725341797,94.69000244140625,75.94276428222656,52700
2014-12-29,94.41999816894531,96.86000061035156,94.41999816894531,96.63999938964844,77.5066909790039,92400
2014-12-30,96.5999984741211,96.94999694824219,95.80000305175781,95.86000061035156,76.88111877441406,53200
2014-12-31,95.9000015258789,96.27999877929688,93.47000122070312,93.63999938964844,75.10064697265625,111100
2015-01-02,93.98999786376953,94.58000183105469,91.61000061035156,92.5,74.18633270263672,56600
2015-01-05,92.1500015258789,93.12000274658203,90.87999725341797,91.77999877929688,73.60890197753906,93700
2015-01-06,91.4800033569336,92.5999984741211,90.16999816894531,90.62999725341797,72.68658447265625,93300
2015-01-07,91.36000061035156,93.12000274658203,90.01000213623047,92.38999938964844,74.09813690185547,93500
2015-01-08,93.22000122070312,95.05999755859375,93.0,94.3499984741211,75.6700668334961,148400
2015-01-09,94.48999786376953,95.11000061035156,92.0999984741211,92.3499984741211,74.06604766845703,89200
2015-01-12,92.11000061035156,92.87999725341797,91.31999969482422,92.08999633789062,73.85751342773438,93400
2015-01-13,92.62000274658203,94.2300033569336,91.43000030517578,92.94000244140625,74.53922271728516,144800
2015-01-14,92.0199966430664,93.6500015258789,91.66000366210938,92.37000274658203,74.08207702636719,90600
2015-01-15,92.5999984741211,93.33999633789062,91.80000305175781,92.05999755859375,73.83345031738281,102100
2015-01-16,91.8499984741211,93.23999786376953,91.68000030517578,93.08999633789062,74.65953826904297,102700
2015-01-20,93.05000305175781,94.08999633789062,91.73999786376953,93.38999938964844,74.90013885498047,118600
2015-01-21,93.1500015258789,94.05999755859375,92.73999786376953,92.9800033569336,74.57129669189453,64600
2015-01-22,93.37000274658203,95.54000091552734,91.83999633789062,94.7699966430664,76.00691223144531,132500
2015-01-23,94.55000305175781,94.76000213623047,93.01000213623047,93.6500015258789,75.1086654663086,68000
2015-01-26,93.94000244140625,94.98999786376953,93.30999755859375,94.05000305175781,75.4294662475586,81900
2015-01-27,93.33000183105469,95.1500015258789,92.87000274658203,94.31999969482422,75.64601135253906,90200
2015-01-28,94.81999969482422,95.16999816894531,93.0199966430664,93.75,75.18887329101562,215800
2015-01-29,91.94999694824219,93.11000061035156,90.05000305175781,92.52999877929688,74.2104263305664,112400
2015-01-30,91.61000061035156,93.23999786376953,89.58000183105469,89.93000030517578,72.12512969970703,132600
2015-02-02,89.87999725341797,90.76000213623047,87.88999938964844,90.6500015258789,72.7026138305664,140400
2015-02-03,90.83999633789062,91.58000183105469,89.54000091552734,91.36000061035156,73.27202606201172,143600
2015-02-04,90.80999755859375,92.18000030517578,90.23999786376953,90.66000366210938,72.71063995361328,97900
2015-02-05,91.16000366210938,91.7300033569336,90.44000244140625,91.56999969482422,73.44048309326172,73900
2015-02-06,91.37000274658203,92.26000213623047,90.66999816894531,91.2699966430664,73.1998519897461,75500
2015-02-09,90.94999694824219,91.83999633789062,89.8499984741211,90.18000030517578,72.32568359375,65400
2015-02-10,90.76000213623047,91.5999984741211,89.94999694824219,91.33999633789062,73.25599670410156,50400
2015-02-11,90.98999786376953,91.4000015258789,90.05000305175781,90.75,72.78282165527344,54700
2015-02-12,91.02999877929688,91.02999877929688,89.86000061035156,90.19999694824219,72.3416976928711,69000
2015-02-13,90.04000091552734,90.11000061035156,89.13999938964844,89.4800033569336,71.76426696777344,64400
2015-02-17,89.70999908447266,90.36000061035156,89.20999908447266,89.80000305175781,72.0208969116211,45500
2015-02-18,89.47000122070312,90.81999969482422,89.47000122070312,90.62999725341797,72.68658447265625,52000
2015-02-19,90.61000061035156,91.33000183105469,89.83999633789062,90.12000274658203,72.27755737304688,49900
2015-02-20,90.33999633789062,90.98999786376953,89.5,90.76000213623047,72.79084014892578,57700
2015-02-23,90.69999694824219,90.83999633789062,89.94999694824219,90.69000244140625,72.73470306396484,59700
2015-02-24,91.43000030517578,91.43000030517578,90.5199966430664,91.12999725341797,73.08757781982422,45900
2015-02-25,91.2699966430664,91.33999633789062,90.26000213623047,90.66999816894531,72.7186508178711,40500
2015-02-26,90.66999816894531,91.69000244140625,89.9000015258789,91.04000091552734,73.015380859375,50900
2015-02-27,90.98999786376953,92.29000091552734,90.98999786376953,91.4000015258789,73.30413818359375,135200
2015-03-02,91.56999969482422,91.94999694824219,90.43000030517578,91.0199966430664,72.9993667602539,38700
2015-03-03,90.58999633789062,91.08999633789062,90.06999969482422,90.62999725341797,72.68658447265625,39300
2015-03-04,90.41999816894531,91.37999725341797,89.79000091552734,90.81999969482422,72.83895874023438,80800
2015-03-05,90.58999633789062,91.05999755859375,89.54000091552734,90.54000091552734,72.98404693603516,45000
2015-03-06,89.88999938964844,90.5,89.01000213623047,89.30999755859375,71.99253845214844,98900
2015-03-09,89.29000091552734,90.2699966430664,89.29000091552734,90.0999984741211,72.62937927246094,65700
2015-03-10,89.44999694824219,89.72000122070312,87.7300033569336,88.1500015258789,71.05748748779297,82100
2015-03-11,88.0999984741211,88.30999755859375,86.8499984741211,88.06999969482422,70.99298095703125,87700
2015-03-12,88.79000091552734,90.70999908447266,88.16999816894531,90.56999969482422,73.00823974609375,65200
2015-03-13,90.30000305175781,90.44999694824219,88.06999969482422,89.02999877929688,71.76681518554688,70100
2015-03-16,89.61000061035156,90.73999786376953,89.11000061035156,89.94000244140625,72.50041198730469,102500
2015-03-17,90.13999938964844,91.72000122070312,89.73999786376953,91.23999786376953,73.54833221435547,128600
2015-03-18,91.30999755859375,93.30000305175781,90.80999755859375,92.58999633789062,74.63655853271484,126600
2015-03-19,91.97000122070312,92.91000366210938,91.66999816894531,92.3499984741211,74.4430923461914,81900
2015-03-20,93.04000091552734,94.26000213623047,92.41000366210938,93.87999725341797,75.67642974853516,260000
2015-03-23,93.87999725341797,94.93000030517578,93.52999877929688,94.05999755859375,75.821533203125,153600
2015-03-24,93.70999908447266,94.30000305175781,93.19000244140625,93.72000122070312,75.54743957519531,126900
2015-03-25,94.16999816894531,94.26000213623047,91.08000183105469,92.18000030517578,74.30604553222656,381800
2015-03-26,92.11000061035156,93.0199966430664,91.8499984741211,92.79000091552734,74.79777526855469,92300
2015-03-27,92.62999725341797,93.98999786376953,92.62999725341797,93.87000274658203,75.66836547851562,115000
2015-03-30,94.4000015258789,96.43000030517578,93.98999786376953,95.77999877929688,77.20800018310547,98300
2015-03-31,95.55999755859375,95.91000366210938,94.51000213623047,95.16999816894531,76.71629333496094,107700
2015-04-01,94.77999877929688,96.02999877929688,93.5999984741211,95.95999908447266,77.35309600830078,94900
2015-04-02,96.19000244140625,97.05000305175781,95.86000061035156,96.30000305175781,77.6271743774414,75500
2015-04-06,95.93000030517578,97.62000274658203,95.93000030517578,96.9800033569336,78.17532348632812,89400
2015-04-07,97.4800033569336,97.7699966430664,95.4800033569336,95.55999755859375,77.03065490722656,103800
2015-04-08,95.45999908447266,96.66000366210938,94.94999694824219,96.0,77.38534545898438,82700
2015-04-09,95.83000183105469,95.94999694824219,94.16999816894531,95.11000061035156,76.66792297363281,86100
2015-04-10,95.2699966430664,96.0,94.9000015258789,95.80999755859375,77.23218536376953,52900
2015-04-13,95.70999908447266,96.29000091552734,95.36000061035156,95.55999755859375,77.03065490722656,41500
2015-04-14,95.68000030517578,95.87999725341797,94.91000366210938,95.27999877929688,76.8049545288086,65200
2015-04-15,95.58999633789062,95.8499984741211,94.70999908447266,94.94999694824219,76.53893280029297,103100
2015-04-16,95.06999969482422,95.9800033569336,94.66999816894531,95.41999816894531,76.91780853271484,105600
2015-04-17,94.68000030517578,95.2300033569336,93.76000213623047,94.22000122070312,75.95049285888672,83500
2015-04-20,94.69000244140625,95.94999694824219,94.41000366210938,95.72000122070312,77.15963745117188,55700
2015-04-21,96.23999786376953,96.58000183105469,95.37000274658203,95.44000244140625,76.93394470214844,52300
2015-04-22,95.68000030517578,95.68000030517578,94.11000061035156,94.87999725341797,76.4825210571289,49400
2015-04-23,94.73999786376953,96.0,94.23999786376953,95.04000091552734,76.61148071289062,50400
2015-04-24,95.05000305175781,95.55999755859375,94.12000274658203,94.81999969482422,76.43415832519531,45800
2015-04-27,94.9800033569336,95.02999877929688,92.83999633789062,93.69999694824219,75.53131103515625,80300
2015-04-28,93.70999908447266,95.54000091552734,93.55999755859375,94.93000030517578,76.52281951904297,45000
2015-04-29,94.66999816894531,94.66999816894531,92.95999908447266,93.12999725341797,75.07185363769531,60600
2015-04-30,92.19000244140625,92.9800033569336,89.19999694824219,89.66000366210938,72.27471160888672,175100
2015-05-01,90.36000061035156,90.36000061035156,88.44000244140625,90.0,72.54875183105469,121500
2015-05-04,90.0,90.51000213623047,89.6500015258789,90.27999877929688,72.77446746826172,116800
2015-05-05,89.94999694824219,90.80999755859375,88.51000213623047,89.95999908447266,72.51651000976562,152300
2015-05-06,89.98999786376953,90.43000030517578,89.27999877929688,90.3499984741211,72.83089447021484,140900
2015-05-07,90.05999755859375,92.4000015258789,89.54000091552734,89.80999755859375,72.3956069946289,69400
2015-05-08,90.44000244140625,91.16000366210938,89.3499984741211,89.4800033569336,72.12960815429688,142900
2015-05-11,89.56999969482422,90.30999755859375,89.12999725341797,89.27999877929688,71.96836853027344,93100
2015-05-12,89.02999877929688,89.80000305175781,87.77999877929688,89.33999633789062,72.01670837402344,111300
2015-05-13,89.83000183105469,89.97000122070312,88.81999969482422,89.3499984741211,72.02481842041016,74200
2015-05-14,90.0,91.72000122070312,89.68000030517578,91.41999816894531,73.69342803955078,96000
2015-05-15,91.4800033569336,91.4800033569336,90.5199966430664,91.0,73.35485076904297,66900
2015-05-18,90.63999938964844,91.55000305175781,90.19999694824219,90.73999786376953,73.14529418945312,113100
2015-05-19,90.83000183105469,91.02999877929688,90.02999877929688,90.9800033569336,73.33873748779297,114400
2015-05-20,90.87999725341797,91.2300033569336,90.63999938964844,90.72000122070312,73.129150390625,47400
2015-05-21,90.72000122070312,91.0,89.83000183105469,90.1500015258789,72.669677734375,57100
2015-05-22,90.1500015258789,90.1500015258789,89.29000091552734,89.47000122070312,72.12152862548828,45600
2015-05-26,88.86000061035156,89.51000213623047,87.94999694824219,88.61000061035156,71.42830657958984,125400
2015-05-27,89.0199966430664,91.2699966430664,88.6500015258789,91.12999725341797,73.45965576171875,108200
2015-05-28,91.01000213623047,91.87000274658203,90.58999633789062,91.56999969482422,73.81433868408203,192500
2015-05-29,91.08999633789062,91.08999633789062,89.12999725341797,89.23999786376953,71.93612670898438,106200
2015-06-01,89.81999969482422,89.81999969482422,88.62000274658203,88.91999816894531,71.67816925048828,79700
2015-06-02,88.58000183105469,89.33999633789062,88.08999633789062,88.80999755859375,71.58952331542969,68100
2015-06-03,88.7699966430664,89.58999633789062,88.0999984741211,89.2699966430664,71.9603042602539,52500
2015-06-04,89.20999908447266,89.33999633789062,88.02999877929688,88.31999969482422,71.19451904296875,47500
2015-06-05,87.81999969482422,88.37000274658203,87.2300033569336,88.25,71.51053619384766,117600
2015-06-08,87.91999816894531,88.61000061035156,87.91999816894531,88.25,71.51053619384766,62800
2015-06-09,88.05999755859375,88.91000366210938,87.7300033569336,88.33000183105469,71.57537841796875,94300
2015-06-10,88.80000305175781,90.30999755859375,88.5999984741211,89.33000183105469,72.38568878173828,112400
2015-06-11,89.41000366210938,89.97000122070312,89.08000183105469,89.69999694824219,72.68550872802734,78200
2015-06-12,89.4800033569336,89.69999694824219,88.66000366210938,89.2699966430664,72.33706665039062,47900
2015-06-15,88.86000061035156,89.0,87.33999633789062,88.68000030517578,71.85900115966797,66600
2015-06-16,88.41000366210938,90.61000061035156,88.41000366210938,90.1500015258789,73.05015563964844,67300
2015-06-17,90.5999984741211,90.5999984741211,89.8499984741211,90.19000244140625,73.08255767822266,59000
2015-06-18,90.61000061035156,91.91000366210938,90.37999725341797,91.41000366210938,74.07112884521484,72700
2015-06-19,91.62000274658203,92.44000244140625,91.44999694824219,91.83999633789062,74.41959381103516,119400
2015-06-22,92.30999755859375,93.19999694824219,91.93000030517578,92.45999908447266,74.92196655273438,67800
2015-06-23,91.88999938964844,91.93000030517578,91.19999694824219,91.63999938964844,74.25750732421875,140700
2015-06-24,91.37999725341797,91.83000183105469,90.7699966430664,91.05999755859375,73.78754425048828,186600
2015-06-25,91.05999755859375,91.87999725341797,90.83999633789062,91.23999786376953,73.93340301513672,89800
2015-06-26,91.23999786376953,91.63999938964844,90.68000030517578,91.44999694824219,74.10355377197266,187600
2015-06-29,90.9800033569336,91.80000305175781,90.18000030517578,90.31999969482422,73.18791198730469,67900
2015-06-30,90.80999755859375,91.61000061035156,90.29000091552734,90.8499984741211,73.61736297607422,104600
2015-07-01,91.47000122070312,91.47000122070312,90.25,90.69999694824219,73.49579620361328,121900
2015-07-02,90.75,91.16999816894531,90.33000183105469,90.81999969482422,73.59304809570312,47400
2015-07-06,90.33999633789062,90.91999816894531,90.16000366210938,90.73999786376953,73.52824401855469,81100
2015-07-07,90.58999633789062,91.75,89.91000366210938,91.31999969482422,73.99822235107422,72800
2015-07-08,90.8499984741211,91.62999725341797,90.48999786376953,91.16999816894531,73.87667846679688,143800
2015-07-09,91.87000274658203,91.87000274658203,90.1500015258789,90.37999725341797,73.23651885986328,95400
2015-07-10,91.16999816894531,92.23999786376953,90.05999755859375,91.81999969482422,74.40335083007812,69900
2015-07-13,92.08999633789062,92.36000061035156,91.44000244140625,92.2300033569336,74.73561096191406,59700
2015-07-14,92.26000213623047,92.56999969482422,91.52999877929688,91.98999786376953,74.54113006591797,76800
2015-07-15,91.93000030517578,92.16000366210938,91.11000061035156,91.38999938964844,74.05494689941406,55100
2015-07-16,91.95999908447266,92.62999725341797,91.44999694824219,92.30999755859375,74.8004379272461,73100
2015-07-17,92.4800033569336,92.4800033569336,91.4800033569336,91.95999908447266,74.51683807373047,47200
2015-07-20,91.9800033569336,92.31999969482422,91.45999908447266,92.0,74.54923248291016,51200
2015-07-21,92.02999877929688,92.45999908447266,91.54000091552734,91.91999816894531,74.48442077636719,73500
2015-07-22,91.88999938964844,92.76000213623047,91.88999938964844,92.7300033569336,75.14076232910156,53300
2015-07-23,92.7300033569336,93.18000030517578,91.20999908447266,91.38999938964844,74.05494689941406,70800
2015-07-24,91.30999755859375,91.73999786376953,90.75,90.83999633789062,73.60926055908203,56500
2015-07-27,90.5,91.30999755859375,90.01000213623047,91.0199966430664,73.75511932373047,45600
2015-07-28,91.30999755859375,92.37999725341797,89.62999725341797,92.08999633789062,74.62215423583984,107800
2015-07-29,92.0999984741211,92.87999725341797,91.05999755859375,92.55000305175781,74.99488830566406,49000
2015-07-30,92.02999877929688,93.33000183105469,91.70999908447266,92.86000061035156,75.24610900878906,56600
2015-07-31,93.20999908447266,94.13999938964844,92.69000244140625,93.20999908447266,75.52972412109375,80000
2015-08-03,93.22000122070312,93.76000213623047,92.6500015258789,93.66999816894531,75.90245819091797,52600
2015-08-04,93.66000366210938,95.43000030517578,93.66000366210938,94.72000122070312,76.75330352783203,72400
2015-08-05,95.19000244140625,96.0,94.91000366210938,95.36000061035156,77.27191162109375,54100
2015-08-06,95.52999877929688,95.55999755859375,94.70999908447266,95.02999877929688,77.00450897216797,108000
2015-08-07,94.5999984741211,95.3499984741211,93.91000366210938,95.29000091552734,77.21517181396484,67100
2015-08-10,95.66000366210938,96.16000366210938,94.91999816894531,95.58000183105469,77.45018768310547,81900
2015-08-11,95.11000061035156,95.83000183105469,94.37000274658203,95.1500015258789,77.10175323486328,120300
2015-08-12,94.62999725341797,95.16000366210938,93.06999969482422,94.27999877929688,76.39673614501953,96900
2015-08-13,94.29000091552734,94.98999786376953,93.5999984741211,94.19999694824219,76.33191680908203,129500
2015-08-14,93.87000274658203,95.12999725341797,93.8499984741211,95.06999969482422,77.03691101074219,70400
2015-08-17,94.68000030517578,95.43000030517578,94.12000274658203,95.31999969482422,77.23948669433594,69300
2015-08-18,94.87999725341797,95.0,90.55999755859375,93.9800033569336,76.15364074707031,120800
2015-08-19,93.41000366210938,94.66999816894531,92.9000015258789,93.93000030517578,76.11315155029297,73600
2015-08-20,93.5999984741211,96.36000061035156,92.37999725341797,95.13999938964844,77.09363555908203,98800
2015-08-21,93.72000122070312,96.37000274658203,93.72000122070312,95.87999725341797,77.69326782226562,154900
2015-08-24,91.95999908447266,93.62999725341797,91.2699966430664,93.62999725341797,75.87005615234375,149300
2015-08-25,95.93000030517578,95.93000030517578,92.13999938964844,92.30000305175781,74.79232025146484,98700
2015-08-26,94.0999984741211,94.61000061035156,92.1500015258789,94.25,76.37244415283203,131300
2015-08-27,94.83999633789062,96.01000213623047,94.20999908447266,95.77999877929688,77.61222839355469,108700
2015-08-28,95.31999969482422,95.8499984741211,94.5999984741211,95.73999786376953,77.57982635498047,75100
2015-08-31,95.5999984741211,96.20999908447266,94.3499984741211,94.83000183105469,76.8424301147461,95400
2015-09-01,94.5,96.22000122070312,94.44000244140625,95.08000183105469,77.04501342773438,189400
2015-09-02,95.95999908447266,97.37000274658203,95.5,97.27999877929688,78.82769775390625,105000
2015-09-03,97.2300033569336,99.11000061035156,97.0,97.87000274658203,79.3057861328125,97600
2015-09-04,96.26000213623047,97.58000183105469,96.08000183105469,97.31999969482422,79.23252868652344,65100
2015-09-08,98.54000091552734,99.77999877929688,97.58000183105469,99.5199966430664,81.02362060546875,97300
2015-09-09,100.0,100.16999816894531,97.79000091552734,98.05000305175781,79.82685852050781,111100
2015-09-10,97.86000061035156,99.25,97.56999969482422,98.08999633789062,79.85942840576172,70400
2015-09-11,97.5,99.47000122070312,97.5,98.81999969482422,80.45375061035156,80400
2015-09-14,99.01000213623047,99.29000091552734,98.36000061035156,98.58000183105469,80.25836181640625,66200
2015-09-15,98.91000366210938,99.48999786376953,98.27999877929688,99.18000030517578,80.746826171875,60500
2015-09-16,99.51000213623047,100.5199966430664,99.20999908447266,100.26000213623047,81.62610626220703,100100
2015-09-17,100.0,101.62999725341797,99.56999969482422,100.02999877929688,81.43885803222656,81600
2015-09-18,98.70999908447266,100.45999908447266,98.70999908447266,99.1500015258789,80.722412109375,142400
2015-09-21,99.55000305175781,100.47000122070312,99.08000183105469,100.01000213623047,81.42259979248047,93400
2015-09-22,99.25,99.69999694824219,98.27999877929688,99.45999908447266,80.97478485107422,103200
2015-09-23,99.62999725341797,99.98999786376953,98.97000122070312,99.47000122070312,80.9829330444336,82500
2015-09-24,99.12999725341797,100.30000305175781,98.54000091552734,99.56999969482422,81.06433868408203,117100
2015-09-25,100.36000061035156,101.61000061035156,99.51000213623047,99.66999816894531,81.1457748413086,152200
2015-09-28,99.69000244140625,99.95999908447266,98.66999816894531,98.94000244140625,80.55143737792969,106300
2015-09-29,98.88999938964844,98.94999694824219,97.13999938964844,97.62999725341797,79.48492431640625,125400
2015-09-30,98.44999694824219,99.05000305175781,96.4800033569336,97.4800033569336,79.36280822753906,146800
2015-10-01,97.68000030517578,97.68000030517578,95.51000213623047,96.62000274658203,78.66262817382812,81200
2015-10-02,95.98999786376953,97.97000122070312,95.47000122070312,97.94000244140625,79.7373046875,78800
2015-10-05,98.29000091552734,99.79000091552734,98.29000091552734,99.73999786376953,81.20275115966797,71500
2015-10-06,99.75,100.0,98.69999694824219,99.58999633789062,81.08063507080078,126600
2015-10-07,99.9000015258789,100.44999694824219,99.30999755859375,100.30999755859375,81.66680908203125,229200
2015-10-08,100.1500015258789,101.37999725341797,99.80999755859375,100.83000183105469,82.09017181396484,110500
2015-10-09,101.4000015258789,102.33999633789062,101.16000366210938,101.62000274658203,82.73333740234375,84400
2015-10-12,101.6500015258789,102.38999938964844,101.36000061035156,101.87999725341797,82.94501495361328,60700
2015-10-13,101.66000366210938,102.93000030517578,101.16999816894531,101.30000305175781,82.47283172607422,120300
2015-10-14,101.4000015258789,101.8499984741211,99.4000015258789,99.55000305175781,81.04805755615234,140600
2015-10-15,99.91999816894531,100.44999694824219,98.19999694824219,100.26000213623047,81.62610626220703,189200
2015-10-16,100.4800033569336,101.08999633789062,99.9800033569336,100.87000274658203,82.12273406982422,103300
2015-10-19,100.11000061035156,101.66000366210938,100.11000061035156,101.51000213623047,82.64379119873047,125800
2015-10-20,101.58000183105469,101.58000183105469,100.7699966430664,100.95999908447266,82.19602966308594,81200
2015-10-21,101.29000091552734,101.69999694824219,100.54000091552734,100.62999725341797,81.92736053466797,59800
2015-10-22,101.18000030517578,103.06999969482422,100.75,102.83000183105469,83.71846008300781,97400
2015-10-23,103.77999877929688,104.47000122070312,102.5,102.81999969482422,83.71031951904297,100200
2015-10-26,102.94999694824219,104.66999816894531,102.77999877929688,104.66000366210938,85.2083740234375,164300
2015-10-27,104.58999633789062,105.31999969482422,104.16000366210938,105.1500015258789,85.60728454589844,193500
2015-10-28,105.62999725341797,105.62999725341797,102.91999816894531,104.30000305175781,84.91522979736328,209200
2015-10-29,108.27999877929688,113.4800033569336,103.9000015258789,113.0,91.99832153320312,246700
2015-10-30,113.52999877929688,114.93000030517578,111.13999938964844,113.72000122070312,92.58450317382812,160200
2015-11-02,114.02999877929688,114.02999877929688,111.5999984741211,112.31999969482422,91.44469451904297,127300
2015-11-03,112.05999755859375,114.13999938964844,111.44000244140625,113.25,92.20183563232422,154400
2015-11-04,113.45999908447266,117.48999786376953,111.70999908447266,112.37000274658203,91.48539733886719,161700
2015-11-05,112.62999725341797,113.76000213623047,112.37000274658203,113.56999969482422,92.46237182617188,134100
2015-11-06,112.94000244140625,113.0999984741211,110.13999938964844,111.11000061035156,90.4595947265625,99500
2015-11-09,110.94000244140625,110.94000244140625,109.5199966430664,110.29000091552734,89.79198455810547,106700
2015-11-10,110.3499984741211,111.37999725341797,109.5,111.3499984741211,90.65496063232422,78900
2015-11-11,111.79000091552734,113.0,111.23999786376953,112.16000366210938,91.31444549560547,69100
2015-11-12,111.31999969482422,111.33000183105469,109.68000030517578,109.7699966430664,89.36864471435547,65100
2015-11-13,109.0199966430664,109.69999694824219,106.37000274658203,109.2300033569336,88.9289779663086,58900
2015-11-16,109.27999877929688,112.18000030517578,108.97000122070312,112.05000305175781,91.22486877441406,116700
2015-11-17,112.33999633789062,113.58999633789062,112.0,113.43000030517578,92.348388671875,134000
2015-11-18,114.1500015258789,114.1500015258789,112.62000274658203,113.81999969482422,92.66590118408203,129500
2015-11-19,113.83999633789062,115.02999877929688,113.55000305175781,113.87000274658203,92.70661163330078,70000
2015-11-20,114.70999908447266,115.55999755859375,113.73999786376953,114.05000305175781,92.85315704345703,79300
2015-11-23,114.5999984741211,116.37999725341797,114.47000122070312,114.76000213623047,93.43120574951172,85600
2015-11-24,114.37000274658203,115.9000015258789,113.8499984741211,114.88999938964844,93.53704071044922,80700
2015-11-25,115.11000061035156,116.19999694824219,114.41999816894531,115.8499984741211,94.31863403320312,76000
2015-11-27,116.31999969482422,116.9800033569336,114.95999908447266,116.41000366210938,94.7745361328125,53600
2015-11-30,117.33000183105469,118.73999786376953,116.0,116.26000213623047,94.65242004394531,204500
2015-12-01,116.2699966430664,117.4000015258789,116.0999984741211,116.77999877929688,95.07579040527344,263700
2015-12-02,116.9000015258789,117.06999969482422,116.16000366210938,116.31999969482422,94.70126342773438,113100
2015-12-03,116.38999938964844,117.80999755859375,114.6500015258789,115.0199966430664,93.64287567138672,149000
2015-12-04,115.08000183105469,117.41000366210938,115.08000183105469,117.20999908447266,95.42585754394531,154700
2015-12-07,112.18000030517578,113.12000274658203,110.91999816894531,112.52999877929688,96.12633514404297,170300
2015-12-08,112.08999633789062,113.33999633789062,111.41000366210938,112.69000244140625,96.26300048828125,132300
2015-12-09,112.5,112.72000122070312,110.54000091552734,110.88999938964844,94.72539520263672,159600
2015-12-10,110.58999633789062,111.0,109.43000030517578,110.01000213623047,93.97367095947266,97300
2015-12-11,108.62999725341797,110.37000274658203,108.54000091552734,109.18000030517578,93.26465606689453,87200
2015-12-14,109.52999877929688,110.83999633789062,108.93000030517578,110.69000244140625,94.55453491210938,132800
2015-12-15,111.43000030517578,111.8499984741211,110.22000122070312,111.26000213623047,95.04145050048828,81800
2015-12-16,111.94000244140625,112.08999633789062,110.12999725341797,111.91999816894531,95.6052474975586,86200
2015-12-17,112.29000091552734,112.5,110.87999725341797,111.83000183105469,95.52837371826172,103400
2015-12-18,111.16999816894531,112.27999877929688,109.2699966430664,110.19999694824219,94.13599395751953,288900
2015-12-21,110.77999877929688,112.81999969482422,110.20999908447266,111.6500015258789,95.37458801269531,111200
2015-12-22,111.91000366210938,113.8499984741211,111.1500015258789,113.25,96.7413558959961,109100
2015-12-23,113.7699966430664,114.48999786376953,113.41000366210938,113.81999969482422,97.228271484375,102100
2015-12-24,114.33999633789062,116.19000244140625,113.98999786376953,116.08999633789062,99.16738891601562,115700
2015-12-28,115.79000091552734,117.22000122070312,114.62999725341797,115.68000030517578,98.81714630126953,125600
2015-12-29,116.13999938964844,117.4800033569336,115.80000305175781,117.37000274658203,100.26081085205078,118000
2015-12-30,117.45999908447266,118.5,116.5999984741211,117.51000213623047,100.38037109375,167800
2015-12-31,117.86000061035156,117.86000061035156,115.26000213623047,115.45999908447266,98.62923431396484,244300
2016-01-04,113.83999633789062,114.76000213623047,112.02999877929688,112.87000274658203,96.41676330566406,229700
2016-01-05,113.41999816894531,116.36000061035156,113.08999633789062,116.0199966430664,99.10760498046875,245300
2016-01-06,114.48999786376953,116.55999755859375,114.48999786376953,115.72000122070312,98.85132598876953,161500
2016-01-07,114.22000122070312,116.5999984741211,114.22000122070312,116.19000244140625,99.2528076171875,224000
2016-01-08,116.41999816894531,116.81999969482422,113.83000183105469,113.98999786376953,97.37350463867188,186700
2016-01-11,114.93000030517578,115.27999877929688,112.87999725341797,114.0,97.38204956054688,174700
2016-01-12,115.0999984741211,116.80999755859375,114.4000015258789,116.70999908447266,99.69698333740234,181000
2016-01-13,117.05000305175781,117.30000305175781,113.70999908447266,114.12999725341797,97.49309539794922,126400
2016-01-14,114.54000091552734,116.2300033569336,113.98999786376953,115.20999908447266,98.4156723022461,118300
2016-01-15,112.80000305175781,114.83999633789062,112.13999938964844,114.72000122070312,97.9970932006836,249400
2016-01-19,116.06999969482422,117.06999969482422,115.37999725341797,116.4800033569336,99.50051879882812,173300
2016-01-20,115.55999755859375,117.5,114.11000061035156,116.43000030517578,99.45780944824219,223200
2016-01-21,117.0199966430664,117.51000213623047,115.58999633789062,116.83000183105469,99.79949951171875,160100
2016-01-22,117.36000061035156,119.0199966430664,116.11000061035156,118.66000366210938,101.36274719238281,262900
2016-01-25,118.58999633789062,119.80000305175781,117.62999725341797,117.98999786376953,100.7904281616211,397600
2016-01-26,118.5,119.6500015258789,117.68000030517578,118.01000213623047,100.8074951171875,431000
2016-01-27,117.6500015258789,119.43000030517578,115.63999938964844,116.5,99.51762390136719,294300
2016-01-28,107.9800033569336,114.9800033569336,103.05999755859375,104.05000305175781,88.88249206542969,625100
2016-01-29,103.5,103.69000244140625,97.23999786376953,101.68000030517578,86.85794067382812,1298900
2016-02-01,100.73999786376953,103.08999633789062,99.76000213623047,102.12999725341797,87.24234008789062,226000
2016-02-02,101.22000122070312,102.19999694824219,100.98999786376953,101.22000122070312,86.46501922607422,176800
2016-02-03,101.91999816894531,103.01000213623047,98.0999984741211,99.2300033569336,84.76509857177734,194700
2016-02-04,98.87000274658203,99.5199966430664,97.72000122070312,98.33000183105469,83.99629211425781,287100
2016-02-05,98.33000183105469,100.33999633789062,96.8499984741211,96.86000061035156,82.74057006835938,219800
2016-02-08,95.8499984741211,99.08999633789062,95.77999877929688,98.55000305175781,84.18421936035156,223700
2016-02-09,97.69999694824219,101.87999725341797,96.41999816894531,101.08999633789062,86.35395050048828,252400
2016-02-10,102.0,103.2300033569336,100.44000244140625,100.62000274658203,85.95248413085938,131700
2016-02-11,99.16999816894531,101.5,99.16999816894531,100.9000015258789,86.19165802001953,121100
2016-02-12,101.52999877929688,103.33000183105469,99.58000183105469,100.58000183105469,85.91829681396484,107400
2016-02-16,101.58000183105469,102.47000122070312,100.44999694824219,101.0,86.27706146240234,115500
2016-02-17,101.0999984741211,101.68000030517578,100.23999786376953,100.45999908447266,85.81581115722656,115000
2016-02-18,101.05999755859375,102.5,99.44000244140625,101.9800033569336,87.11421966552734,127900
2016-02-19,102.02999877929688,103.61000061035156,101.0,102.22000122070312,87.31925201416016,148300
2016-02-22,102.94000244140625,103.45999908447266,99.87000274658203,100.36000061035156,85.73036193847656,93200
2016-02-23,99.7699966430664,102.55999755859375,99.19999694824219,101.69999694824219,86.87503814697266,151500
2016-02-24,101.01000213623047,102.44999694824219,100.81999969482422,101.94999694824219,87.08856964111328,140700
2016-02-25,102.2300033569336,103.7699966430664,101.77999877929688,103.52999877929688,88.43827819824219,119400
2016-02-26,103.5,103.5,100.19000244140625,101.26000213623047,86.49915313720703,119400
2016-02-29,101.79000091552734,102.91999816894531,101.20999908447266,101.7699966430664,86.9348373413086,137300
2016-03-01,101.55999755859375,103.16000366210938,100.12000274658203,101.94000244140625,87.08004760742188,168900
2016-03-02,101.41999816894531,102.26000213623047,99.5999984741211,101.20999908447266,86.45645141601562,148900
2016-03-03,100.87000274658203,102.3499984741211,99.62999725341797,102.31999969482422,87.40467834472656,125800
2016-03-04,102.37000274658203,104.76000213623047,101.12000274658203,104.4000015258789,89.18145751953125,179800
2016-03-07,103.5999984741211,105.12000274658203,103.5999984741211,105.0999984741211,90.2114486694336,173100
2016-03-08,104.80000305175781,106.81999969482422,104.7300033569336,106.30000305175781,91.241455078125,187300
2016-03-09,106.58000183105469,107.9000015258789,106.58000183105469,107.55000305175781,92.31439208984375,153100
2016-03-10,108.26000213623047,108.30999755859375,105.76000213623047,106.16999816894531,91.1298828125,102300
2016-03-11,106.56999969482422,108.06999969482422,104.94999694824219,105.69999694824219,90.7264633178711,128900
2016-03-14,105.37000274658203,106.87999725341797,104.9800033569336,106.56999969482422,91.47319793701172,96600
2016-03-15,106.2699966430664,107.37000274658203,105.66999816894531,105.88999938964844,90.8895492553711,58200
2016-03-16,105.29000091552734,107.41000366210938,104.80000305175781,106.83999633789062,91.70496368408203,87400
2016-03-17,106.31999969482422,107.98999786376953,105.61000061035156,107.69000244140625,92.43455505371094,101400
2016-03-18,108.19000244140625,108.48999786376953,106.41000366210938,106.75,91.62772369384766,229900
2016-03-21,107.20999908447266,108.73999786376953,105.97000122070312,107.13999938964844,91.96248626708984,169100
2016-03-22,106.63999938964844,107.02999877929688,103.77999877929688,104.66999816894531,89.84236145019531,165900
2016-03-23,104.5199966430664,109.30000305175781,103.12999725341797,108.88999938964844,93.46456909179688,223900
2016-03-24,108.88999938964844,109.66000366210938,107.93000030517578,109.44000244140625,93.93666076660156,219700
2016-03-28,109.12000274658203,111.30999755859375,108.6500015258789,110.52999877929688,94.87226104736328,264900
2016-03-29,110.97000122070312,112.61000061035156,109.41000366210938,110.94000244140625,95.22417449951172,149600
2016-03-30,111.23999786376953,112.01000213623047,109.7699966430664,111.5999984741211,95.79066467285156,127400
2016-03-31,111.31999969482422,111.55000305175781,110.08000183105469,110.56999969482422,94.90657806396484,296100
2016-04-01,110.11000061035156,113.62999725341797,110.11000061035156,113.13999938964844,97.11251068115234,164300
2016-04-04,113.41999816894531,113.72000122070312,110.76000213623047,111.37000274658203,95.59325408935547,163300
2016-04-05,110.94000244140625,111.44000244140625,109.37000274658203,110.12999725341797,94.52892303466797,140200
2016-04-06,110.11000061035156,110.79000091552734,109.41999816894531,110.44000244140625,94.79498291015625,176200
2016-04-07,110.12000274658203,110.86000061035156,108.30000305175781,108.61000061035156,93.2242202758789,176500
2016-04-08,108.9800033569336,109.95999908447266,108.5,109.94999694824219,94.37439727783203,104300
2016-04-11,110.16000366210938,111.2300033569336,108.2300033569336,108.33999633789062,92.99247741699219,120500
2016-04-12,108.30000305175781,109.66999816894531,108.18000030517578,109.36000061035156,93.86798858642578,117400
2016-04-13,109.72000122070312,110.0199966430664,108.19000244140625,109.63999938964844,94.10831451416016,158000
2016-04-14,109.76000213623047,110.19999694824219,107.6500015258789,107.95999908447266,92.66629791259766,114400
2016-04-15,107.72000122070312,111.37999725341797,107.72000122070312,111.30999755859375,95.541748046875,163800
2016-04-18,111.26000213623047,112.6500015258789,110.31999969482422,112.62000274658203,96.66616821289062,153100
2016-04-19,112.87000274658203,112.9000015258789,111.51000213623047,111.72000122070312,95.8936538696289,105100
2016-04-20,111.7300033569336,111.97000122070312,109.63999938964844,110.70999908447266,95.0267562866211,81200
2016-04-21,110.63999938964844,110.63999938964844,107.29000091552734,107.68000030517578,92.42597961425781,125300
2016-04-22,107.77999877929688,110.27999877929688,107.72000122070312,109.87999725341797,94.3143081665039,205500
2016-04-25,109.87999725341797,110.75,109.12999725341797,109.83000183105469,94.27139282226562,116000
2016-04-26,110.01000213623047,111.23999786376953,109.19000244140625,110.48999786376953,94.83788299560547,173700
2016-04-27,110.5199966430664,111.04000091552734,108.29000091552734,109.56999969482422,94.04823303222656,192200
2016-04-28,113.98999786376953,124.26000213623047,112.36000061035156,115.5,99.13819122314453,694600
2016-04-29,114.77999877929688,118.48999786376953,114.70999908447266,116.5,99.99654388427734,641500
2016-05-02,117.47000122070312,120.47000122070312,116.4000015258789,120.16999816894531,103.14664459228516,221500
2016-05-03,118.77999877929688,120.75,118.30999755859375,119.29000091552734,102.39128875732422,180400
2016-05-04,119.25,121.73999786376953,118.30999755859375,120.81999969482422,103.70455169677734,135300
2016-05-05,120.94999694824219,122.19000244140625,120.63999938964844,121.43000030517578,104.22816467285156,118800
2016-05-06,121.23999786376953,123.52999877929688,120.73999786376953,122.9000015258789,105.48990631103516,165000
2016-05-09,120.0,123.20999908447266,120.0,122.54000091552734,105.18089294433594,174800
2016-05-10,122.48999786376953,123.38999938964844,122.0,123.19000244140625,105.73882293701172,154700
2016-05-11,123.44999694824219,123.5,120.97000122070312,122.9000015258789,105.48990631103516,136600
2016-05-12,122.66999816894531,124.05000305175781,122.4800033569336,123.94000244140625,106.38256072998047,162300
2016-05-13,123.55999755859375,124.5,121.66999816894531,122.30999755859375,104.98347473144531,114200
2016-05-16,122.47000122070312,124.62999725341797,122.47000122070312,123.37000274658203,105.89331817626953,145200
2016-05-17,123.02999877929688,124.27999877929688,118.2300033569336,119.0,102.14237213134766,184900
2016-05-18,118.94999694824219,118.94999694824219,116.87999725341797,118.55999755859375,101.76470947265625,207400
2016-05-19,118.2699966430664,119.44000244140625,116.93000030517578,118.8499984741211,102.01361846923828,138100
2016-05-20,119.04000091552734,119.9800033569336,116.11000061035156,118.13999938964844,101.40415954589844,189700
2016-05-23,118.51000213623047,119.48999786376953,117.66000366210938,118.2699966430664,101.51579284667969,138100
2016-05-24,118.2699966430664,120.4800033569336,117.81999969482422,120.18000030517578,103.15520477294922,129700
2016-05-25,120.5,121.88999938964844,118.58000183105469,120.7300033569336,103.6272964477539,84800
2016-05-26,120.79000091552734,122.55999755859375,120.38999938964844,120.66000366210938,103.56723022460938,87700
2016-05-27,120.79000091552734,122.56999969482422,120.79000091552734,121.79000091552734,104.5371322631836,76500
2016-05-31,122.37999725341797,122.94999694824219,120.61000061035156,121.2300033569336,104.05646514892578,128900
2016-06-01,120.94000244140625,121.7300033569336,120.55999755859375,121.33000183105469,104.1423110961914,138100
2016-06-02,121.52999877929688,122.4000015258789,120.37000274658203,122.19000244140625,104.8804702758789,83800
2016-06-03,122.23999786376953,123.76000213623047,121.97000122070312,123.55000305175781,106.04781341552734,140700
2016-06-06,123.6500015258789,124.0999984741211,122.61000061035156,123.68000030517578,106.15940856933594,116900
2016-06-07,122.75,124.02999877929688,122.75,123.33999633789062,106.29730224609375,99700
2016-06-08,122.87000274658203,123.94999694824219,122.5199966430664,123.6500015258789,106.564453125,106100
2016-06-09,123.68000030517578,125.20999908447266,123.19000244140625,125.04000091552734,107.76238250732422,86800
2016-06-10,125.0,125.43000030517578,123.01000213623047,124.98999786376953,107.71930694580078,68500
2016-06-13,124.41999816894531,124.61000061035156,122.26000213623047,122.55000305175781,105.61648559570312,120600
2016-06-14,122.80000305175781,122.80000305175781,121.2300033569336,122.19999694824219,105.31481170654297,161300
2016-06-15,122.75,123.08000183105469,121.31999969482422,122.47000122070312,105.5475082397461,123500
2016-06-16,122.0199966430664,123.94999694824219,122.0199966430664,123.86000061035156,106.7454605102539,83400
2016-06-17,124.16999816894531,124.18000030517578,121.23999786376953,122.68000030517578,105.7284927368164,172700
2016-06-20,123.7699966430664,125.4000015258789,123.05000305175781,123.7300033569336,106.6333999633789,126800
2016-06-21,124.5,124.69000244140625,123.81999969482422,124.37999725341797,107.193603515625,54100
2016-06-22,124.37999725341797,125.16999816894531,123.76000213623047,124.12000274658203,106.96952819824219,69200
2016-06-23,124.9000015258789,125.8499984741211,124.44999694824219,125.83000183105469,108.44322204589844,84600
2016-06-24,122.94000244140625,125.62000274658203,122.54000091552734,123.7300033569336,106.6333999633789,321600
2016-06-27,123.31999969482422,124.8499984741211,122.11000061035156,124.08000183105469,106.93504333496094,108900
2016-06-28,124.19999694824219,124.23999786376953,122.94999694824219,123.41000366210938,106.35761260986328,119700
2016-06-29,124.37999725341797,125.0,123.30000305175781,124.56999969482422,107.35735321044922,106500
2016-06-30,124.88999938964844,128.07000732421875,124.58999633789062,127.61000061035156,109.97726440429688,192200
2016-07-01,127.69000244140625,129.08999633789062,125.9000015258789,126.30000305175781,108.84828186035156,116900
2016-07-05,126.30000305175781,127.2699966430664,125.83999633789062,126.41999816894531,108.95169067382812,107700
2016-07-06,126.08000183105469,127.55999755859375,125.69000244140625,126.55000305175781,109.06375885009766,115000
2016-07-07,126.52999877929688,127.87999725341797,124.9000015258789,125.41999816894531,108.08988952636719,114700
2016-07-08,125.66999816894531,128.75,125.5999984741211,128.52999877929688,110.77014923095703,103100
2016-07-11,128.8699951171875,128.8699951171875,127.37000274658203,127.6500015258789,110.0117416381836,102100
2016-07-12,127.5,128.61000061035156,126.37999725341797,127.31999969482422,109.72735595703125,133100
2016-07-13,127.5999984741211,128.25,126.54000091552734,127.83000183105469,110.16687774658203,72000
2016-07-14,128.2100067138672,129.1199951171875,127.22000122070312,127.48999786376953,109.87389373779297,112300
2016-07-15,127.69999694824219,128.0500030517578,127.0999984741211,127.6500015258789,110.0117416381836,69700
2016-07-18,128.27999877929688,128.72999572753906,127.02999877929688,127.16999816894531,109.59807586669922,70700
2016-07-19,126.58999633789062,127.62000274658203,125.45999908447266,127.58999633789062,109.96002960205078,40000
2016-07-20,127.88999938964844,128.47000122070312,127.05999755859375,127.1500015258789,109.58084869384766,68500
2016-07-21,127.19999694824219,128.52000427246094,127.13999938964844,128.24000549316406,110.5202407836914,93700
2016-07-22,128.4600067138672,129.97999572753906,127.83999633789062,129.27000427246094,111.40791320800781,58500
2016-07-25,129.4600067138672,130.17999267578125,128.6199951171875,129.3800048828125,111.50271606445312,81600
2016-07-26,129.75,131.80999755859375,128.41000366210938,129.4499969482422,111.56306457519531,105100
2016-07-27,129.85000610351562,129.85000610351562,127.98999786376953,128.22000122070312,110.50299835205078,118400
2016-07-28,128.30999755859375,130.8800048828125,128.0,129.86000061035156,111.9163818359375,136200
2016-07-29,129.83999633789062,132.05999755859375,129.22000122070312,129.9600067138672,112.00257110595703,376900
2016-08-01,130.22999572753906,130.22999572753906,128.50999450683594,129.5,111.60613250732422,115000
2016-08-02,129.74000549316406,130.77999877929688,127.62000274658203,128.22000122070312,110.50299835205078,96100
2016-08-03,128.24000549316406,128.24000549316406,126.08000183105469,127.51000213623047,109.89112091064453,69300
2016-08-04,127.66000366210938,128.1699981689453,127.2300033569336,127.87999725341797,110.20996856689453,79600
2016-08-05,128.4600067138672,128.9600067138672,127.98999786376953,128.8000030517578,111.00284576416016,80500
2016-08-08,128.33999633789062,128.88999938964844,127.80000305175781,128.77999877929688,110.98561096191406,56600
2016-08-09,128.6999969482422,130.0399932861328,128.2100067138672,129.1699981689453,111.32171630859375,133900
2016-08-10,129.4199981689453,136.05999755859375,129.2100067138672,131.24000549316406,113.1056900024414,98900
2016-08-11,130.55999755859375,131.30999755859375,129.57000732421875,130.50999450683594,112.47655487060547,70700
2016-08-12,130.47999572753906,131.17999267578125,129.89999389648438,130.91000366210938,112.82128143310547,93600
2016-08-15,131.27000427246094,134.74000549316406,129.27999877929688,129.85000610351562,111.90776062011719,141900
2016-08-16,130.08999633789062,130.08999633789062,126.30000305175781,126.5199966430664,109.03789520263672,121300
2016-08-17,126.23999786376953,126.4800033569336,125.41999816894531,126.16000366210938,108.72764587402344,184200
2016-08-18,120.0,131.3300018310547,117.5,130.0800018310547,112.10600280761719,183800
2016-08-19,130.4499969482422,133.8000030517578,130.4499969482422,133.1300048828125,114.73455047607422,161800
2016-08-22,133.30999755859375,134.2899932861328,132.27000427246094,133.80999755859375,115.32060241699219,101800
2016-08-23,134.55999755859375,137.7100067138672,133.16000366210938,133.86000061035156,115.3636474609375,62100
2016-08-24,133.3300018310547,133.9199981689453,132.7100067138672,133.80999755859375,115.32060241699219,67800
2016-08-25,134.11000061035156,135.64999389648438,132.50999450683594,134.63999938964844,116.03589630126953,75300
2016-08-26,134.8000030517578,135.16000366210938,133.0399932861328,133.94000244140625,115.4326171875,56000
2016-08-29,134.47000122070312,134.75,133.1999969482422,133.8699951171875,115.3722915649414,105800
2016-08-30,134.39999389648438,134.39999389648438,132.6199951171875,134.05999755859375,115.53605651855469,84500
2016-08-31,134.5399932861328,135.11000061035156,133.38999938964844,134.52999877929688,115.94107055664062,90700
2016-09-01,134.85000610351562,134.85000610351562,133.22000122070312,134.57000732421875,115.97559356689453,70600
2016-09-02,135.02999877929688,136.5500030517578,134.97000122070312,136.4499969482422,117.59577941894531,102800
2016-09-06,136.52000427246094,137.47999572753906,135.8300018310547,137.27999877929688,118.31111145019531,64300
2016-09-07,136.75999450683594,136.75999450683594,134.3000030517578,136.41000366210938,117.99107360839844,92800
2016-09-08,136.11000061035156,137.0,134.7100067138672,134.8800048828125,116.66766357421875,83500
2016-09-09,134.91000366210938,135.47000122070312,130.0500030517578,130.10000610351562,112.53309631347656,144400
2016-09-12,130.13999938964844,132.52000427246094,129.58999633789062,132.5,114.60902404785156,140200
2016-09-13,132.05999755859375,132.16000366210938,130.38999938964844,130.64999389648438,113.00879669189453,69100
2016-09-14,131.14999389648438,131.2899932861328,129.82000732421875,130.55999755859375,112.93096160888672,77000
2016-09-15,130.30999755859375,132.22999572753906,130.30999755859375,131.75,113.96028900146484,69700
2016-09-16,132.22000122070312,132.4600067138672,129.9499969482422,130.52999877929688,112.90499877929688,214400
2016-09-19,131.32000732421875,132.17999267578125,130.66000366210938,131.49000549316406,113.73542022705078,67200
2016-09-20,131.8800048828125,132.25,130.22000122070312,130.22000122070312,112.63690185546875,58600
2016-09-21,130.1300048828125,132.47000122070312,129.5399932861328,131.77000427246094,113.97757720947266,64900
2016-09-22,132.41000366210938,133.5800018310547,131.94000244140625,133.2100067138672,115.22315216064453,69100
2016-09-23,132.7899932861328,132.7899932861328,130.91000366210938,132.02999877929688,114.20244598388672,43800
2016-09-26,131.22000122070312,132.00999450683594,130.6300048828125,131.32000732421875,113.58836364746094,57200
2016-09-27,132.00999450683594,133.89999389648438,131.97999572753906,132.60000610351562,114.69552612304688,92500
2016-09-28,132.6199951171875,133.63999938964844,130.75999450683594,132.41000366210938,114.53117370605469,64300
2016-09-29,132.05999755859375,132.75999450683594,130.6300048828125,130.72000122070312,113.06938171386719,86400
2016-09-30,131.2100067138672,133.13999938964844,130.5,132.08999633789062,114.25438690185547,175500
2016-10-03,132.02000427246094,132.6300048828125,130.6300048828125,132.25999450683594,114.40141296386719,81100
2016-10-04,132.89999389648438,133.42999267578125,130.8800048828125,131.13999938964844,113.43266296386719,56900
2016-10-05,131.6999969482422,132.9499969482422,131.35000610351562,132.25,114.39276123046875,82800
2016-10-06,132.16000366210938,133.08999633789062,131.5800018310547,132.64999389648438,114.73876190185547,77700
2016-10-07,132.88999938964844,132.88999938964844,130.6199951171875,132.05999755859375,114.22842407226562,60100
2016-10-10,132.11000061035156,134.10000610351562,132.11000061035156,133.75999450683594,115.6988754272461,62900
2016-10-11,133.82000732421875,133.82000732421875,132.22000122070312,132.7100067138672,114.7906723022461,50500
2016-10-12,133.16000366210938,136.24000549316406,132.85000610351562,133.66000366210938,115.6124038696289,40600
2016-10-13,132.74000549316406,135.19000244140625,132.02000427246094,134.32000732421875,116.18329620361328,64600
2016-10-14,134.75,134.97999572753906,132.6199951171875,132.63999938964844,114.73013305664062,84200
2016-10-17,132.8300018310547,134.0800018310547,132.5500030517578,133.6699981689453,115.62105560302734,84000
2016-10-18,134.25999450683594,135.74000549316406,132.63999938964844,134.82000732421875,116.61576080322266,77800
2016-10-19,135.1300048828125,136.0800018310547,133.97000122070312,135.83999633789062,117.49805450439453,78900
2016-10-20,135.6300048828125,135.7899932861328,133.67999267578125,134.27999877929688,116.1486587524414,69300
2016-10-21,134.35000610351562,134.5800018310547,133.02000427246094,134.14999389648438,116.0362319946289,55600
2016-10-24,134.42999267578125,135.85000610351562,134.3300018310547,135.5800018310547,117.27311706542969,48400
2016-10-25,135.82000732421875,136.57000732421875,134.38999938964844,135.02000427246094,116.78874206542969,60800
2016-10-26,135.08999633789062,136.3000030517578,134.50999450683594,135.35000610351562,117.07418060302734,94300
2016-10-27,138.30999755859375,138.30999755859375,129.3699951171875,130.32000732421875,112.72338104248047,148500
2016-10-28,130.0,131.13999938964844,129.74000549316406,129.99000549316406,112.43794250488281,124200
2016-10-31,129.97000122070312,131.85000610351562,129.83999633789062,130.64999389648438,113.00879669189453,236000
2016-11-01,130.55999755859375,132.4199981689453,129.0800018310547,129.19000244140625,111.7459716796875,109200
2016-11-02,129.3800048828125,131.44000244140625,127.05999755859375,127.06999969482422,109.91221618652344,95700
2016-11-03,126.75,126.94999694824219,125.80999755859375,126.0999984741211,109.07317352294922,138300
2016-11-04,126.08000183105469,127.77999877929688,125.70999908447266,126.06999969482422,109.04727172851562,112600
2016-11-07,127.5999984741211,130.7100067138672,126.63999938964844,130.2899932861328,112.69743347167969,91100
2016-11-08,129.97000122070312,132.75,129.88999938964844,132.08999633789062,114.25438690185547,83500
2016-11-09,130.4499969482422,133.35000610351562,127.98999786376953,133.2899932861328,115.2923583984375,104300
2016-11-10,133.35000610351562,133.35000610351562,129.58999633789062,130.27999877929688,112.68878173828125,87900
2016-11-11,130.41000366210938,134.47000122070312,129.6999969482422,133.9600067138672,115.8718490600586,142900
2016-11-14,135.0,136.50999450683594,133.94000244140625,134.44000244140625,116.28707122802734,123300
2016-11-15,134.8300018310547,136.22999572753906,132.97999572753906,134.86000061035156,116.65035247802734,67100
2016-11-16,134.86000061035156,136.6699981689453,134.16000366210938,135.3300018310547,117.05692291259766,109500
2016-11-17,135.5,136.7100067138672,134.36000061035156,136.27999877929688,117.87859344482422,79000
2016-11-18,136.3699951171875,138.4199981689453,135.47999572753906,138.1699981689453,119.51341247558594,61400
2016-11-21,138.1699981689453,139.02999877929688,137.1199951171875,138.9600067138672,120.1967544555664,84800
2016-11-22,139.50999450683594,139.92999267578125,137.11000061035156,139.0500030517578,120.27460479736328,100500
2016-11-23,138.57000732421875,139.30999755859375,137.94000244140625,139.3000030517578,120.49088287353516,43300
2016-11-25,139.61000061035156,140.47999572753906,138.25,140.47999572753906,121.51150512695312,25800
2016-11-28,139.8800048828125,141.17999267578125,139.6300048828125,140.0399932861328,121.13094329833984,54800
2016-11-29,140.52999877929688,140.9499969482422,138.47000122070312,138.7899932861328,120.04971313476562,120400
2016-11-30,139.0500030517578,139.27000427246094,135.22999572753906,135.50999450683594,117.21258544921875,97700
2016-12-01,135.25999450683594,136.66000366210938,132.3300018310547,133.0800018310547,115.1107177734375,111200
2016-12-02,133.19000244140625,135.0500030517578,133.1300048828125,133.63999938964844,115.59510803222656,98300
2016-12-05,134.39999389648438,135.99000549316406,133.82000732421875,134.07000732421875,115.96705627441406,121200
2016-12-06,133.69000244140625,137.1999969482422,131.1300048828125,133.22000122070312,115.2318115234375,102400
2016-12-07,131.9199981689453,136.88999938964844,131.9199981689453,136.14999389648438,118.2543716430664,79900
2016-12-08,135.52999877929688,138.8000030517578,133.72000122070312,138.6300048828125,120.40841674804688,99700
2016-12-09,139.3000030517578,140.13999938964844,138.33999633789062,139.80999755859375,121.43327331542969,103800
2016-12-12,139.38999938964844,140.83999633789062,135.69000244140625,139.27000427246094,120.96431732177734,81300
2016-12-13,139.72000122070312,140.77999877929688,138.44000244140625,139.32000732421875,121.00772857666016,104300
2016-12-14,138.6300048828125,140.60000610351562,137.14999389648438,137.94000244140625,119.80915832519531,86200
2016-12-15,138.24000549316406,139.6699981689453,137.32000732421875,138.75999450683594,120.52130889892578,98500
2016-12-16,139.1999969482422,139.5800018310547,135.9600067138672,136.1699981689453,118.2717514038086,290600
2016-12-19,136.44000244140625,138.88999938964844,136.13999938964844,137.0399932861328,119.02739715576172,97100
2016-12-20,137.5,138.02999877929688,135.86000061035156,137.9600067138672,119.82649993896484,99200
2016-12-21,138.74000549316406,143.6699981689453,138.74000549316406,142.3000030517578,123.59602355957031,98300
2016-12-22,141.77000427246094,142.3800048828125,139.8800048828125,139.97999572753906,121.58096313476562,84000
2016-12-23,139.82000732421875,140.83999633789062,139.0,140.69000244140625,122.1976318359375,79300
2016-12-27,140.7899932861328,142.75,140.25999450683594,141.61000061035156,122.99671936035156,43900
2016-12-28,141.77999877929688,141.77999877929688,138.97000122070312,139.7100067138672,121.34646606445312,62700
2016-12-29,139.63999938964844,142.39999389648438,138.5399932861328,142.33999633789062,123.63076782226562,50000
2016-12-30,142.82000732421875,143.39999389648438,139.08999633789062,141.38999938964844,122.8056640625,66100
2017-01-03,140.27999877929688,142.6999969482422,140.27999877929688,141.69000244140625,123.06620788574219,90900
2017-01-04,141.61000061035156,143.9600067138672,141.25999450683594,143.55999755859375,124.69042205810547,85400
2017-01-05,143.38999938964844,145.99000549316406,142.44000244140625,142.64999389648438,123.90001678466797,64000
2017-01-06,142.9199981689453,142.9199981689453,140.92999267578125,140.99000549316406,122.45824432373047,56800
2017-01-09,140.8000030517578,141.5,139.5500030517578,140.6699981689453,122.18025207519531,49000
2017-01-10,140.60000610351562,141.60000610351562,139.3699951171875,141.35000610351562,122.77091217041016,57900
2017-01-11,141.50999450683594,141.7899932861328,140.4499969482422,140.89999389648438,122.38005065917969,48600
2017-01-12,140.58999633789062,140.58999633789062,138.3800048828125,140.08999633789062,121.67649841308594,58300
2017-01-13,140.5399932861328,141.5,139.7100067138672,141.02000427246094,122.48431396484375,40200
2017-01-17,141.0,141.0,138.52999877929688,139.3800048828125,121.0598373413086,91000
2017-01-18,139.89999389648438,141.49000549316406,138.35000610351562,141.3300018310547,122.75350952148438,58100
2017-01-19,141.49000549316406,142.24000549316406,138.9499969482422,138.97999572753906,120.71243286132812,40100
2017-01-20,138.89999389648438,141.47999572753906,138.89999389648438,141.1199951171875,122.57109832763672,60500
2017-01-23,140.6199951171875,141.0,139.13999938964844,139.63999938964844,121.28565979003906,51500
2017-01-24,140.02999877929688,140.97999572753906,138.75,139.33999633789062,121.02509307861328,78000
2017-01-25,140.22000122070312,149.3000030517578,140.22000122070312,148.63999938964844,129.10269165039062,168100
2017-01-26,146.1999969482422,147.8000030517578,132.2100067138672,132.75,115.30128479003906,198000
2017-01-27,132.38999938964844,132.8800048828125,128.88999938964844,129.3800048828125,112.37423706054688,107500
2017-01-30,130.7100067138672,132.97999572753906,129.74000549316406,131.77999877929688,114.45877838134766,144500
2017-01-31,131.52000427246094,132.1699981689453,130.5500030517578,131.0500030517578,113.82474517822266,146900
2017-02-01,132.22999572753906,132.47999572753906,130.05999755859375,132.02999877929688,114.67589569091797,79900
2017-02-02,132.6199951171875,133.64999389648438,131.3300018310547,131.5399932861328,114.25032043457031,78600
2017-02-03,132.10000610351562,135.0,131.91000366210938,133.67999267578125,116.10901641845703,86300
2017-02-06,133.42999267578125,133.42999267578125,130.3300018310547,130.92999267578125,113.72052764892578,81500
2017-02-07,131.3000030517578,133.38999938964844,131.3000030517578,132.14999389648438,114.78015899658203,76000
2017-02-08,131.82000732421875,131.94000244140625,130.2899932861328,130.4499969482422,113.30359649658203,72300
2017-02-09,130.50999450683594,134.5,130.50999450683594,133.3699951171875,115.83978271484375,111700
2017-02-10,134.22000122070312,134.82000732421875,133.24000549316406,133.82000732421875,116.23067474365234,67400
2017-02-13,134.13999938964844,134.30999755859375,132.27999877929688,132.69000244140625,115.24918365478516,60600
2017-02-14,132.5800018310547,133.17999267578125,131.17999267578125,132.8699951171875,115.40550231933594,64100
2017-02-15,132.60000610351562,134.05999755859375,131.8800048828125,133.6999969482422,116.1264419555664,46200
2017-02-16,133.6999969482422,134.7899932861328,131.91000366210938,133.13999938964844,115.6400146484375,66100
2017-02-17,132.02000427246094,132.97999572753906,131.66000366210938,132.64999389648438,115.21440887451172,69400
2017-02-21,132.97999572753906,135.38999938964844,132.97999572753906,135.05999755859375,117.30767059326172,71500
2017-02-22,134.72999572753906,136.3699951171875,132.9499969482422,133.50999450683594,115.96138000488281,35100
2017-02-23,133.89999389648438,134.67999267578125,132.5,134.3800048828125,116.71704864501953,58500
2017-02-24,134.47000122070312,134.83999633789062,132.7100067138672,133.86000061035156,116.26539611816406,48900
2017-02-27,133.3300018310547,133.75999450683594,132.33999633789062,133.52000427246094,115.97007751464844,93600
2017-02-28,132.77000427246094,133.52999877929688,131.64999389648438,131.8000030517578,114.47615051269531,139400
2017-03-01,132.91000366210938,134.8000030517578,132.2899932861328,134.16000366210938,116.52598571777344,92700
2017-03-02,134.05999755859375,134.11000061035156,132.82000732421875,133.39999389648438,115.86585998535156,57800
2017-03-03,133.50999450683594,133.7100067138672,131.00999450683594,133.1999969482422,115.69212341308594,88800
2017-03-06,132.63999938964844,133.11000061035156,131.6999969482422,132.0500030517578,114.69330596923828,60000
2017-03-07,131.5800018310547,131.99000549316406,130.47000122070312,130.64999389648438,113.9519271850586,80000
2017-03-08,130.14999389648438,130.67999267578125,129.16000366210938,129.32000732421875,112.79193878173828,98100
2017-03-09,129.67999267578125,130.99000549316406,129.05999755859375,129.32000732421875,112.79193878173828,66600
2017-03-10,130.27000427246094,131.47999572753906,129.49000549316406,131.38999938964844,114.59735870361328,75000
2017-03-13,131.27000427246094,131.44000244140625,129.72000122070312,130.42999267578125,113.7600326538086,45100
2017-03-14,130.14999389648438,131.17999267578125,129.58999633789062,129.86000061035156,113.26289367675781,48700
2017-03-15,130.35000610351562,133.0399932861328,130.35000610351562,132.22999572753906,115.32999420166016,64600
2017-03-16,132.5399932861328,132.67999267578125,131.11000061035156,132.2899932861328,115.38229370117188,42700
2017-03-17,131.85000610351562,133.52000427246094,130.82000732421875,133.19000244140625,116.16730499267578,187900
2017-03-20,133.14999389648438,133.14999389648438,131.05999755859375,131.35000610351562,114.56246185302734,47700
2017-03-21,131.69000244140625,131.89999389648438,129.39999389648438,129.6199951171875,113.05357360839844,72100
2017-03-22,129.47000122070312,129.75,128.69000244140625,129.60000610351562,113.03614807128906,54900
2017-03-23,129.60000610351562,130.63999938964844,128.77999877929688,129.2899932861328,112.76575469970703,50000
2017-03-24,129.5399932861328,130.72000122070312,128.83999633789062,129.24000549316406,112.72216796875,40200
2017-03-27,128.49000549316406,129.49000549316406,127.0,128.83999633789062,112.3732681274414,61600
2017-03-28,128.38999938964844,129.49000549316406,125.81999969482422,127.70999908447266,111.38768768310547,151600
2017-03-29,127.51000213623047,130.13999938964844,127.43000030517578,129.97999572753906,113.36756134033203,97500
2017-03-30,129.83999633789062,129.83999633789062,128.6300048828125,129.07000732421875,112.57388305664062,50700
2017-03-31,129.1300048828125,130.27999877929688,127.86000061035156,128.83999633789062,112.3732681274414,79600
2017-04-03,128.94000244140625,129.97000122070312,128.3699951171875,129.30999755859375,112.78317260742188,87100
2017-04-04,129.05999755859375,129.52000427246094,127.37000274658203,128.83999633789062,112.3732681274414,92800
2017-04-05,129.1999969482422,129.44000244140625,127.7699966430664,128.4600067138672,112.0418701171875,76400
2017-04-06,128.08999633789062,129.19000244140625,127.1500015258789,128.6199951171875,112.1813735961914,82500
2017-04-07,128.41000366210938,128.47000122070312,127.05999755859375,127.5999984741211,111.2917709350586,75400
2017-04-10,127.5999984741211,129.50999450683594,127.1500015258789,128.55999755859375,112.12904357910156,75800
2017-04-11,128.35000610351562,129.75999450683594,128.08999633789062,129.55999755859375,113.00125885009766,67200
2017-04-12,129.30999755859375,129.52000427246094,127.93000030517578,128.58999633789062,112.15523529052734,68000
2017-04-13,128.16000366210938,128.58999633789062,126.08999633789062,126.31999969482422,110.17533111572266,80900
2017-04-17,126.63999938964844,128.02000427246094,125.8499984741211,127.54000091552734,111.23944091796875,91000
2017-04-18,127.0999984741211,128.72000122070312,127.0999984741211,128.30999755859375,111.91099548339844,84100
2017-04-19,128.69000244140625,129.80999755859375,127.66999816894531,128.05999755859375,111.6929702758789,68900
2017-04-20,128.25999450683594,128.8000030517578,127.62000274658203,128.4600067138672,112.0418701171875,70300
2017-04-21,128.1999969482422,129.0,128.1999969482422,128.52000427246094,112.09416198730469,60000
2017-04-24,129.82000732421875,131.32000732421875,129.1300048828125,129.72000122070312,113.14081573486328,78700
2017-04-25,130.30999755859375,131.7899932861328,129.57000732421875,129.9499969482422,113.34140014648438,87500
2017-04-26,129.97000122070312,130.97000122070312,128.77999877929688,129.41000366210938,112.87040710449219,105300
2017-04-27,129.57000732421875,129.57000732421875,122.1500015258789,123.19999694824219,107.45409393310547,231300
2017-04-28,122.72000122070312,126.69999694824219,122.72000122070312,125.9000015258789,109.80904388427734,279600
2017-05-01,125.97000122070312,126.19999694824219,122.72000122070312,124.19999694824219,108.3262939453125,152300
2017-05-02,124.26000213623047,125.18000030517578,122.25,123.3499984741211,107.58492279052734,117000
2017-05-03,123.08999633789062,124.44000244140625,121.16000366210938,123.93000030517578,108.0907974243164,126300
2017-05-04,124.22000122070312,124.68000030517578,121.98999786376953,123.52999877929688,107.7419204711914,111800
2017-05-05,123.73999786376953,124.33999633789062,122.8499984741211,123.41999816894531,107.64599609375,96300
2017-05-08,122.75,124.12000274658203,122.05999755859375,123.33999633789062,107.5761947631836,104600
2017-05-09,124.27999877929688,124.27999877929688,121.41000366210938,121.98999786376953,106.39875793457031,85300
2017-05-10,121.68000030517578,123.58999633789062,121.61000061035156,123.1500015258789,107.41053771972656,87000
2017-05-11,122.54000091552734,123.5,120.97000122070312,121.87000274658203,106.29410552978516,123700
2017-05-12,121.62000274658203,123.62000274658203,121.05999755859375,123.08000183105469,107.34944915771484,121100
2017-05-15,122.91000366210938,123.97000122070312,122.54000091552734,122.7300033569336,107.04420471191406,78000
2017-05-16,122.94999694824219,122.94999694824219,121.43000030517578,122.0,106.40747833251953,99500
2017-05-17,120.87000274658203,122.58999633789062,120.13999938964844,120.9000015258789,105.44806671142578,129200
2017-05-18,120.2699966430664,121.44000244140625,119.79000091552734,119.93000030517578,104.60202026367188,148900
2017-05-19,120.41000366210938,121.7699966430664,120.11000061035156,121.58000183105469,106.04115295410156,185300
2017-05-22,121.5,123.0999984741211,121.11000061035156,121.30999755859375,105.80565643310547,98900
2017-05-23,121.45999908447266,121.83999633789062,120.69999694824219,121.58000183105469,106.04115295410156,84000
2017-05-24,121.58000183105469,122.45999908447266,119.37999725341797,121.54000091552734,106.00627899169922,63000
2017-05-25,121.83000183105469,122.4000015258789,120.95999908447266,121.41999816894531,105.90160369873047,96200
2017-05-26,122.5999984741211,127.20999908447266,120.54000091552734,125.51000213623047,109.4688720703125,216400
2017-05-30,125.44000244140625,125.44000244140625,122.87999725341797,123.91999816894531,108.08207702636719,77100
2017-05-31,124.04000091552734,124.5,122.86000061035156,123.83000183105469,108.00358581542969,119400
2017-06-01,123.66000366210938,127.86000061035156,123.55000305175781,127.80000305175781,111.46619415283203,118200
2017-06-02,128.0800018310547,130.92999267578125,127.0,127.72000122070312,111.39640808105469,127900
2017-06-05,127.5199966430664,128.13999938964844,126.12999725341797,127.16999816894531,110.91673278808594,78600
2017-06-06,126.19999694824219,127.08999633789062,125.1500015258789,125.58999633789062,110.01445007324219,77500
2017-06-07,126.0999984741211,127.69999694824219,125.16000366210938,126.91999816894531,111.17950439453125,68300
2017-06-08,126.4000015258789,128.49000549316406,126.0999984741211,127.41000366210938,111.60872650146484,91600
2017-06-09,127.66999816894531,128.92999267578125,127.08000183105469,127.75,111.90656280517578,98900
2017-06-12,127.58000183105469,129.32000732421875,126.47000122070312,127.9800033569336,112.10803985595703,100800
2017-06-13,128.39999389648438,128.39999389648438,127.11000061035156,128.0,112.12556457519531,95000
2017-06-14,128.08999633789062,129.74000549316406,128.02999877929688,129.1999969482422,113.17674255371094,111200
2017-06-15,128.66000366210938,129.27999877929688,127.1500015258789,129.05999755859375,113.05408477783203,87500
2017-06-16,128.3699951171875,128.3699951171875,122.16000366210938,124.87000274658203,109.38375854492188,256100
2017-06-19,125.4000015258789,126.3499984741211,124.55999755859375,125.91999816894531,110.3034896850586,102700
2017-06-20,125.5,125.55999755859375,124.2300033569336,124.2699966430664,108.85813903808594,69100
2017-06-21,124.26000213623047,125.86000061035156,123.54000091552734,123.95999908447266,108.58660125732422,81100
2017-06-22,124.06999969482422,124.66000366210938,122.68000030517578,122.94000244140625,107.69310760498047,139900
2017-06-23,122.81999969482422,123.9000015258789,122.54000091552734,123.08999633789062,107.82447814941406,121300
2017-06-26,123.08000183105469,123.80000305175781,122.52999877929688,122.87999725341797,107.64053344726562,95600
2017-06-27,122.94999694824219,123.97000122070312,121.87000274658203,122.11000061035156,106.96602630615234,113600
2017-06-28,122.80999755859375,124.43000030517578,122.80999755859375,123.22000122070312,107.9383773803711,189000
2017-06-29,123.41000366210938,124.55000305175781,120.72000122070312,121.48999786376953,106.42292022705078,98300
2017-06-30,121.58000183105469,123.62000274658203,121.58000183105469,122.62000274658203,107.41277313232422,135200
2017-07-03,123.26000213623047,124.02999877929688,122.52999877929688,123.37000274658203,108.06977081298828,51300
2017-07-05,123.37000274658203,126.25,120.79000091552734,121.80999755859375,106.70323944091797,113700
2017-07-06,121.0999984741211,123.38999938964844,121.06999969482422,121.4800033569336,106.41416931152344,140800
2017-07-07,121.86000061035156,122.44999694824219,121.12000274658203,121.69000244140625,106.59812927246094,91000
2017-07-10,121.68000030517578,123.0199966430664,121.66999816894531,122.20999908447266,107.05362701416016,140900
2017-07-11,122.4800033569336,123.77999877929688,121.76000213623047,122.0,106.86968231201172,131100
2017-07-12,123.0,123.66000366210938,122.0999984741211,122.18000030517578,107.02735900878906,119200
2017-07-13,122.16000366210938,122.38999938964844,121.26000213623047,122.25,107.08867645263672,119100
2017-07-14,122.18000030517578,123.95999908447266,122.18000030517578,122.9000015258789,107.65805053710938,110500
2017-07-17,122.87999725341797,124.41000366210938,122.30000305175781,123.61000061035156,108.27999877929688,93800
2017-07-18,123.37000274658203,123.94000244140625,122.94000244140625,123.66999816894531,108.33255767822266,94700
2017-07-19,123.87000274658203,125.36000061035156,123.45999908447266,124.93000030517578,109.43628692626953,134900
2017-07-20,125.1500015258789,125.2300033569336,123.48999786376953,124.7699966430664,109.296142578125,150100
2017-07-21,125.62999725341797,126.23999786376953,124.77999877929688,125.7300033569336,110.1370849609375,96400
2017-07-24,125.70999908447266,126.44999694824219,124.51000213623047,125.73999786376953,110.14584350585938,104800
2017-07-25,126.08999633789062,127.73999786376953,125.95999908447266,127.66999816894531,111.83648681640625,164200
2017-07-26,127.66000366210938,127.9000015258789,125.5,126.29000091552734,110.62763214111328,146100
2017-07-27,126.66999816894531,127.0,124.77999877929688,125.58999633789062,110.01445007324219,145300
2017-07-28,125.19000244140625,125.6500015258789,123.41999816894531,123.75,108.40264129638672,118500
2017-07-31,123.77999877929688,124.4800033569336,122.37000274658203,122.62000274658203,107.41277313232422,482900
2017-08-01,123.23999786376953,123.8499984741211,121.43000030517578,123.30999755859375,108.01721954345703,159200
2017-08-02,123.30999755859375,124.1500015258789,122.13999938964844,123.61000061035156,108.27999877929688,140800
2017-08-03,123.38999938964844,124.51000213623047,123.13999938964844,123.62000274658203,108.28875732421875,115500
2017-08-04,123.94999694824219,123.94999694824219,121.81999969482422,122.94000244140625,107.69310760498047,71500
2017-08-07,122.91000366210938,124.4000015258789,122.91000366210938,124.0199966430664,108.63916778564453,64400
2017-08-08,123.5199966430664,124.58999633789062,122.43000030517578,122.98999786376953,107.73690032958984,84000
2017-08-09,122.6500015258789,124.20999908447266,121.62999725341797,122.11000061035156,106.96602630615234,100400
2017-08-10,121.68000030517578,122.95999908447266,121.37000274658203,121.73999786376953,106.64191436767578,100400
2017-08-11,122.2699966430664,123.54000091552734,121.5,123.11000061035156,107.8420181274414,79400
2017-08-14,123.4800033569336,125.4000015258789,122.83000183105469,125.16999816894531,109.64654541015625,85100
2017-08-15,125.12999725341797,125.45999908447266,124.02999877929688,124.29000091552734,108.87567901611328,62300
2017-08-16,124.0999984741211,125.51000213623047,123.7699966430664,124.41000366210938,108.98080444335938,102000
2017-08-17,119.4000015258789,123.25,114.41999816894531,115.11000061035156,100.83419036865234,245100
2017-08-18,114.37999725341797,117.70999908447266,113.33999633789062,116.47000122070312,102.02550506591797,227600
2017-08-21,116.16999816894531,118.5,116.16999816894531,117.77999877929688,103.17304229736328,113500
2017-08-22,117.79000091552734,118.43000030517578,116.45999908447266,117.86000061035156,103.24312591552734,109100
2017-08-23,117.41000366210938,117.7699966430664,116.88999938964844,116.94000244140625,102.43721008300781,68100
2017-08-24,116.9000015258789,116.9000015258789,113.94000244140625,115.0199966430664,100.75533294677734,175700
2017-08-25,115.4800033569336,115.52999877929688,114.54000091552734,115.06999969482422,100.79913330078125,109900
2017-08-28,114.91000366210938,115.19999694824219,113.95999908447266,115.04000091552734,100.77283477783203,145400
2017-08-29,114.80999755859375,115.76000213623047,114.44999694824219,115.66999816894531,101.32471466064453,123400
2017-08-30,115.44999694824219,115.95999908447266,115.04000091552734,115.68000030517578,101.33348083496094,92300
2017-08-31,115.72000122070312,117.16000366210938,114.3499984741211,116.47000122070312,102.02550506591797,171000
2017-09-01,116.26000213623047,118.48999786376953,116.26000213623047,117.87999725341797,103.26063537597656,137800
2017-09-05,117.83000183105469,119.01000213623047,117.29000091552734,118.61000061035156,103.90010070800781,174300
2017-09-06,118.91000366210938,119.43000030517578,116.80999755859375,118.91000366210938,104.16289520263672,191700
2017-09-07,118.79000091552734,118.79000091552734,115.87000274658203,117.25,103.18602752685547,132200
2017-09-08,116.81999969482422,117.66999816894531,115.9800033569336,117.05999755859375,103.01880645751953,98200
2017-09-11,117.70999908447266,119.26000213623047,117.33999633789062,117.77999877929688,103.65245819091797,111800
2017-09-12,117.86000061035156,118.2699966430664,116.83000183105469,117.87000274658203,103.731689453125,128000
2017-09-13,116.69000244140625,118.36000061035156,116.12000274658203,117.76000213623047,103.63485717773438,108400
2017-09-14,117.73999786376953,118.69999694824219,117.5199966430664,117.73999786376953,103.61725616455078,133100
2017-09-15,117.22000122070312,118.37000274658203,117.0,117.88999938964844,103.74925231933594,280600
2017-09-18,118.05999755859375,119.61000061035156,117.69999694824219,119.33999633789062,105.02534484863281,131600
2017-09-19,119.01000213623047,120.11000061035156,118.75,119.0199966430664,104.74374389648438,137900
2017-09-20,118.80999755859375,118.94999694824219,117.63999938964844,118.02999877929688,103.87247467041016,162500
2017-09-21,118.20999908447266,119.4000015258789,116.79000091552734,117.7300033569336,103.60845947265625,126800
2017-09-22,117.70999908447266,119.06999969482422,117.41000366210938,117.5,103.40604400634766,83500
2017-09-25,117.31999969482422,118.05999755859375,116.95999908447266,117.72000122070312,103.59963989257812,105900
2017-09-26,118.05999755859375,119.3499984741211,117.43000030517578,118.9000015258789,104.63811492919922,152100
2017-09-27,119.30999755859375,120.33999633789062,118.05999755859375,120.23999786376953,105.81739807128906,173000
2017-09-28,120.48999786376953,121.23999786376953,119.5999984741211,120.27999877929688,105.85260009765625,109500
2017-09-29,120.72000122070312,121.23999786376953,119.81999969482422,120.12000274658203,105.71179962158203,110900
2017-10-02,120.68000030517578,121.33000183105469,119.66000366210938,121.27999877929688,106.73265838623047,139300
2017-10-03,121.4000015258789,121.83999633789062,120.70999908447266,121.73999786376953,107.13745880126953,128700
2017-10-04,121.73999786376953,122.43000030517578,121.1500015258789,121.93000030517578,107.3046646118164,71100
2017-10-05,122.26000213623047,122.94000244140625,121.83999633789062,122.0,107.36627960205078,85100
2017-10-06,121.93000030517578,122.29000091552734,121.02999877929688,121.72000122070312,107.11988830566406,74700
2017-10-09,121.37000274658203,122.16000366210938,120.86000061035156,121.47000122070312,106.89985656738281,146600
2017-10-10,122.04000091552734,122.81999969482422,120.9000015258789,121.29000091552734,106.7414321899414,97800
2017-10-11,120.83000183105469,122.27999877929688,120.79000091552734,121.69000244140625,107.09346771240234,89200
2017-10-12,121.51000213623047,122.61000061035156,121.5,122.02999877929688,107.3926773071289,74200
2017-10-13,122.18000030517578,122.2699966430664,120.48999786376953,120.79000091552734,106.3014144897461,90800
2017-10-16,120.91999816894531,122.4800033569336,119.66000366210938,121.30000305175781,106.75023651123047,93700
2017-10-17,121.18000030517578,122.02999877929688,119.36000061035156,119.44000244140625,105.11334991455078,86800
2017-10-18,119.55999755859375,120.37000274658203,119.12999725341797,120.08000183105469,105.67657470703125,74400
2017-10-19,119.68000030517578,119.95999908447266,118.31999969482422,119.0,104.72611999511719,68600
2017-10-20,119.51000213623047,120.0199966430664,118.0999984741211,119.58000183105469,105.23653411865234,92800
2017-10-23,119.33999633789062,119.9800033569336,118.20999908447266,119.04000091552734,104.76132202148438,71900
2017-10-24,119.22000122070312,119.31999969482422,117.58999633789062,118.88999938964844,104.62932586669922,93000
2017-10-25,119.05000305175781,119.4800033569336,116.25,119.05999755859375,104.7789306640625,135000
2017-10-26,118.43000030517578,127.11000061035156,117.44999694824219,126.8499984741211,111.634521484375,242500
2017-10-27,125.0,132.72000122070312,124.33999633789062,130.8000030517578,115.11072540283203,235500
2017-10-30,130.02000427246094,130.32000732421875,124.11000061035156,124.26000213623047,109.3552017211914,164500
2017-10-31,124.7699966430664,127.68000030517578,124.0,125.22000122070312,110.2000503540039,391900
2017-11-01,126.4000015258789,126.79000091552734,124.91000366210938,126.37000274658203,111.21209716796875,126400
2017-11-02,126.41000366210938,126.87000274658203,124.80000305175781,125.94999694824219,110.84246826171875,120000
2017-11-03,125.97000122070312,127.27999877929688,125.44000244140625,126.87000274658203,111.6521224975586,104700
2017-11-06,126.31999969482422,126.31999969482422,123.5199966430664,124.08999633789062,109.20558166503906,101500
2017-11-07,124.05999755859375,124.66000366210938,122.63999938964844,123.77999877929688,108.9327621459961,77600
2017-11-08,123.23999786376953,125.41000366210938,122.55000305175781,124.94000244140625,109.9536361694336,74400
2017-11-09,124.55999755859375,124.79000091552734,122.83000183105469,124.05000305175781,109.17039489746094,70000
2017-11-10,123.80000305175781,124.68000030517578,118.08000183105469,123.44999694824219,108.642333984375,92100
2017-11-13,123.33000183105469,123.33000183105469,121.0999984741211,122.83999633789062,108.10551452636719,136800
2017-11-14,122.11000061035156,124.66000366210938,122.11000061035156,123.91000366210938,109.04719543457031,59900
2017-11-15,122.98999786376953,124.41000366210938,120.63999938964844,123.11000061035156,108.34313201904297,101200
2017-11-16,123.72000122070312,127.04000091552734,120.87000274658203,126.20999908447266,111.0713119506836,72700
2017-11-17,125.7699966430664,127.05000305175781,125.7699966430664,126.41000366210938,111.24729919433594,82900
2017-11-20,126.27999877929688,127.69999694824219,126.27999877929688,127.66999816894531,112.3561782836914,82200
2017-11-21,128.2100067138672,128.6999969482422,126.05999755859375,127.48999786376953,112.19776153564453,73300
2017-11-22,127.5,128.50999450683594,125.7699966430664,126.52999877929688,111.35291290283203,55200
2017-11-24,126.79000091552734,127.0999984741211,125.69999694824219,126.27999877929688,111.13290405273438,33900
2017-11-27,126.25,127.38999938964844,126.05999755859375,127.01000213623047,111.77532196044922,82900
2017-11-28,127.23999786376953,129.6699981689453,126.55999755859375,129.13999938964844,113.64984130859375,98500
2017-11-29,129.14999389648438,133.8699951171875,128.5399932861328,132.64999389648438,116.73881530761719,88900
2017-11-30,133.47000122070312,134.3699951171875,131.88999938964844,133.27999877929688,117.29325866699219,109400
2017-12-01,133.00999450683594,134.82000732421875,130.72999572753906,134.02999877929688,117.95330810546875,134600
2017-12-04,134.9600067138672,135.7899932861328,133.67999267578125,134.4199981689453,118.2965316772461,106900
2017-12-05,134.5800018310547,134.97999572753906,132.7100067138672,133.49000549316406,117.47807312011719,132100
2017-12-06,133.41000366210938,135.86000061035156,132.63999938964844,133.3699951171875,117.37248229980469,91200
2017-12-07,132.69000244140625,132.72000122070312,129.83999633789062,131.36000061035156,116.1259994506836,148200
2017-12-08,131.5800018310547,132.57000732421875,129.92999267578125,130.2100067138672,115.10932922363281,87600
2017-12-11,130.2100067138672,130.2100067138672,128.32000732421875,129.25,114.26065826416016,89700
2017-12-12,129.42999267578125,129.86000061035156,128.50999450683594,128.97999572753906,114.0219955444336,86700
2017-12-13,129.1699981689453,130.47000122070312,128.72999572753906,129.6699981689453,114.63198852539062,81400
2017-12-14,129.7100067138672,130.47000122070312,128.2100067138672,128.66000366210938,113.73910522460938,122800
2017-12-15,129.1199951171875,131.4600067138672,129.1199951171875,129.7899932861328,114.73806762695312,313900
2017-12-18,130.75,132.77000427246094,130.27999877929688,131.25,116.02873229980469,115000
2017-12-19,131.24000549316406,132.77999877929688,130.6300048828125,131.0500030517578,115.85192108154297,98700
2017-12-20,131.55999755859375,132.3000030517578,129.72000122070312,131.22999572753906,116.01105499267578,75300
2017-12-21,131.17999267578125,131.99000549316406,130.72000122070312,131.1699981689453,115.95802307128906,69500
2017-12-22,131.16000366210938,131.8800048828125,130.33999633789062,130.6699981689453,115.5160140991211,60000
2017-12-26,130.25,132.10000610351562,129.6999969482422,129.88999938964844,114.82647705078125,55900
2017-12-27,130.10000610351562,131.55999755859375,129.16000366210938,129.4600067138672,114.44633483886719,81000
2017-12-28,130.1999969482422,131.47999572753906,129.35000610351562,131.3000030517578,116.07293701171875,77800
2017-12-29,131.9199981689453,132.24000549316406,129.0399932861328,129.2100067138672,114.22533416748047,102700
2018-01-02,129.82000732421875,129.82000732421875,127.66000366210938,128.7100067138672,113.78330993652344,117600
2018-01-03,128.41000366210938,129.30999755859375,127.80999755859375,128.3800048828125,113.49158477783203,98900
2018-01-04,128.61000061035156,129.75999450683594,128.4499969482422,128.6300048828125,113.71260070800781,73200
2018-01-05,128.92999267578125,129.8800048828125,127.98999786376953,128.5,113.59766387939453,64100
2018-01-08,128.05999755859375,129.00999450683594,127.72000122070312,128.25,113.37667846679688,108900
2018-01-09,128.3300018310547,130.0,127.66999816894531,128.42999267578125,113.5357894897461,72800
2018-01-10,127.91000366210938,128.00999450683594,125.94000244140625,126.7300033569336,112.032958984375,65700
2018-01-11,126.81999969482422,128.2899932861328,126.41999816894531,127.55999755859375,112.76667022705078,96100
2018-01-12,127.58000183105469,128.38999938964844,126.58000183105469,127.31999969482422,112.55450439453125,83000
2018-01-16,127.9800033569336,129.41000366210938,127.2300033569336,127.30000305175781,112.53682708740234,89800
2018-01-17,127.91000366210938,128.97999572753906,126.9000015258789,128.41000366210938,113.51811981201172,107100
2018-01-18,128.1300048828125,129.91000366210938,126.37999725341797,127.18000030517578,112.43075561523438,104700
2018-01-19,127.37999725341797,129.08999633789062,127.2300033569336,128.60000610351562,113.68608093261719,88800
2018-01-22,128.72000122070312,129.75999450683594,128.13999938964844,129.47999572753906,114.46399688720703,94600
2018-01-23,130.19000244140625,132.35000610351562,129.33999633789062,130.92999267578125,115.74585723876953,156000
2018-01-24,131.1999969482422,131.1999969482422,128.32000732421875,129.5800018310547,114.55242156982422,381300
2018-01-25,120.6500015258789,126.94999694824219,118.2300033569336,124.58999633789062,110.14112854003906,321200
2018-01-26,125.0,128.5399932861328,121.88999938964844,128.3699951171875,113.48272705078125,157900
2018-01-29,128.0399932861328,130.36000061035156,126.37999725341797,126.44999694824219,111.78539276123047,143200
2018-01-30,125.66000366210938,128.52999877929688,125.61000061035156,126.41999816894531,111.75888061523438,100600
2018-01-31,126.9800033569336,128.75,126.43000030517578,128.39999389648438,113.50923919677734,449900
2018-02-01,127.80999755859375,130.3699951171875,126.37999725341797,128.35000610351562,113.46508026123047,152200
2018-02-02,127.4800033569336,128.47999572753906,123.95999908447266,124.12999725341797,109.73445892333984,173900
2018-02-05,123.52999877929688,124.9800033569336,120.44999694824219,120.48999786376953,106.51658630371094,150200
2018-02-06,118.12000274658203,122.80999755859375,116.22000122070312,120.80999755859375,106.79949188232422,160400
2018-02-07,120.36000061035156,122.36000061035156,119.68000030517578,121.20999908447266,107.15311431884766,113800
2018-02-08,121.05999755859375,121.70999908447266,119.20999908447266,119.31999969482422,105.4822769165039,93200
2018-02-09,120.5,123.51000213623047,117.72000122070312,120.13999938964844,106.20718383789062,123800
2018-02-12,120.52999877929688,121.41000366210938,117.55000305175781,119.66000366210938,105.78287506103516,103600
2018-02-13,118.88999938964844,120.44000244140625,118.52999877929688,119.86000061035156,105.95966339111328,85500
2018-02-14,119.08000183105469,121.0,118.6500015258789,120.44000244140625,106.47238159179688,62600
2018-02-15,121.08999633789062,122.4000015258789,119.76000213623047,121.86000061035156,107.72772216796875,79500
2018-02-16,121.38999938964844,122.51000213623047,120.56999969482422,121.5999984741211,107.49787139892578,56500
2018-02-20,121.05999755859375,121.91999816894531,119.76000213623047,120.12999725341797,106.1983413696289,88600
2018-02-21,120.0,121.7300033569336,119.05000305175781,119.13999938964844,105.32316589355469,65600
2018-02-22,119.19999694824219,120.61000061035156,118.30999755859375,119.69999694824219,105.81820678710938,91200
2018-02-23,119.98999786376953,120.8499984741211,118.87000274658203,120.47000122070312,106.49891662597656,45200
2018-02-26,120.69999694824219,122.33000183105469,120.69999694824219,121.88999938964844,107.75425720214844,66600
2018-02-27,121.87999725341797,123.0,120.05000305175781,121.08999633789062,107.0469741821289,95500
2018-02-28,121.48999786376953,122.54000091552734,118.16999816894531,118.33999633789062,104.61591339111328,79100
2018-03-01,118.3499984741211,120.02999877929688,115.80999755859375,118.19999694824219,104.4921646118164,121400
2018-03-02,117.2300033569336,120.81999969482422,117.2300033569336,119.72000122070312,105.83589172363281,67200
2018-03-05,119.12999725341797,122.4800033569336,119.08999633789062,121.31999969482422,107.2503433227539,77900
2018-03-06,121.52999877929688,123.12999725341797,120.16000366210938,122.8499984741211,108.6029052734375,69200
2018-03-07,122.29000091552734,123.83999633789062,122.0999984741211,123.52999877929688,109.20404052734375,85900
2018-03-08,123.54000091552734,123.54000091552734,121.29000091552734,122.47000122070312,108.79541778564453,106400
2018-03-09,123.27999877929688,124.08000183105469,121.55999755859375,122.43000030517578,108.75988006591797,91700
2018-03-12,122.41999816894531,124.20999908447266,122.41999816894531,123.69000244140625,109.87919616699219,91100
2018-03-13,124.18000030517578,124.18000030517578,122.23999786376953,123.4000015258789,109.62157440185547,78900
2018-03-14,123.55000305175781,123.55000305175781,121.94999694824219,122.6500015258789,108.955322265625,78500
2018-03-15,122.66999816894531,123.23999786376953,118.62000274658203,120.19000244140625,106.76998138427734,129400
2018-03-16,120.16000366210938,121.37999725341797,119.41000366210938,120.45999908447266,107.00983428955078,254500
2018-03-19,120.3499984741211,121.8499984741211,119.58000183105469,120.66999816894531,107.1963882446289,79100
2018-03-20,120.66000366210938,121.69000244140625,119.6500015258789,121.2699966430664,107.72938537597656,100300
2018-03-21,121.19999694824219,121.20999908447266,119.69999694824219,120.38999938964844,106.9476547241211,106900
2018-03-22,119.5199966430664,121.22000122070312,119.04000091552734,119.29000091552734,105.9704818725586,99700
2018-03-23,119.33000183105469,120.86000061035156,118.16999816894531,118.25,105.04658508300781,99500
2018-03-26,119.69999694824219,119.69999694824219,117.87999725341797,119.4800033569336,106.13925170898438,90900
2018-03-27,119.79000091552734,122.19000244140625,119.56999969482422,120.75,107.2674560546875,179100
2018-03-28,120.69999694824219,122.75,117.52999877929688,121.69000244140625,108.10250854492188,138300
2018-03-29,122.31999969482422,124.19999694824219,121.08999633789062,123.13999938964844,109.39059448242188,124200
2018-04-02,122.80000305175781,122.80999755859375,118.91000366210938,119.75,106.37909698486328,98000
2018-04-03,120.26000213623047,123.01000213623047,120.26000213623047,121.69999694824219,108.11137390136719,113100
2018-04-04,120.73999786376953,125.04000091552734,120.19000244140625,124.27999877929688,110.4032974243164,80200
2018-04-05,124.93000030517578,125.58000183105469,123.08000183105469,124.13999938964844,110.27893829345703,66100
2018-04-06,123.70999908447266,126.16999816894531,121.91999816894531,122.83000183105469,109.11521911621094,80400
2018-04-09,123.26000213623047,124.48999786376953,122.47000122070312,122.69000244140625,108.99085998535156,69900
2018-04-10,123.61000061035156,123.61000061035156,121.75,122.9800033569336,109.24847412109375,68100
2018-04-11,122.31999969482422,124.61000061035156,122.12000274658203,122.80000305175781,109.08856201171875,55600
2018-04-12,123.45999908447266,123.45999908447266,121.88999938964844,122.61000061035156,108.91976928710938,37700
2018-04-13,122.80999755859375,123.54000091552734,121.33000183105469,123.37999725341797,109.60382080078125,53300
2018-04-16,123.93000030517578,125.58000183105469,122.58999633789062,124.76000213623047,110.82970428466797,47700
2018-04-17,125.25,126.30000305175781,125.25,125.87000274658203,111.8157730102539,52200
2018-04-18,125.86000061035156,129.99000549316406,125.41000366210938,125.58000183105469,111.55815124511719,49000
2018-04-19,125.13999938964844,128.9199981689453,124.61000061035156,124.9800033569336,111.02515411376953,52300
2018-04-20,124.4000015258789,125.30000305175781,122.87999725341797,123.37000274658203,109.59491729736328,102300
2018-04-23,123.81999969482422,124.52999877929688,122.55000305175781,122.97000122070312,109.23959350585938,95900
2018-04-24,123.38999938964844,126.5199966430664,122.55000305175781,126.02999877929688,111.9579086303711,127200
2018-04-25,125.7300033569336,129.38999938964844,125.16999816894531,128.3800048828125,114.04551696777344,202900
2018-04-26,125.18000030517578,127.83999633789062,123.86000061035156,125.06999969482422,111.10509490966797,77600
2018-04-27,125.22000122070312,127.25,124.26000213623047,126.95999908447266,112.7840576171875,57800
2018-04-30,127.16999816894531,127.16999816894531,125.25,125.58999633789062,111.56702423095703,137300
2018-05-01,125.5199966430664,126.47000122070312,124.19999694824219,126.23999786376953,112.14445495605469,87500
2018-05-02,126.16000366210938,126.94000244140625,124.0,124.4000015258789,110.50990295410156,92600
2018-05-03,124.36000061035156,124.69999694824219,122.87999725341797,123.45999908447266,109.67485809326172,78200
2018-05-04,123.30999755859375,127.58000183105469,120.5199966430664,126.86000061035156,112.69522857666016,110100
2018-05-07,126.91000366210938,129.08999633789062,126.30000305175781,127.95999908447266,113.67242431640625,125000
2018-05-08,128.25,128.5399932861328,125.16999816894531,127.5,113.26377868652344,109000
2018-05-09,127.37000274658203,127.62000274658203,126.0999984741211,126.73999786376953,112.588623046875,72900
2018-05-10,126.9000015258789,127.7699966430664,126.37999725341797,126.98999786376953,112.81072998046875,72500
2018-05-11,127.16999816894531,129.1999969482422,127.16999816894531,127.95999908447266,113.67242431640625,59700
2018-05-14,128.17999267578125,128.85000610351562,125.8499984741211,126.3499984741211,112.24217987060547,56000
2018-05-15,125.47000122070312,127.5,125.47000122070312,127.0,112.81961822509766,69200
2018-05-16,127.18000030517578,128.07000732421875,126.05000305175781,127.77999877929688,113.51251220703125,72700
2018-05-17,127.97000122070312,128.0,126.47000122070312,127.41000366210938,113.18382263183594,81500
2018-05-18,127.7300033569336,127.7300033569336,125.3499984741211,126.0999984741211,112.02007293701172,326300
2018-05-21,126.19999694824219,127.88999938964844,125.69999694824219,126.9800033569336,112.80184936523438,58200
2018-05-22,126.80999755859375,126.81999969482422,125.0199966430664,125.26000213623047,111.2739028930664,99000
2018-05-23,124.86000061035156,126.22000122070312,124.75,125.05999755859375,111.0962142944336,341800
2018-05-24,125.2699966430664,126.4800033569336,125.22000122070312,126.30000305175781,112.19776916503906,83300
2018-05-25,126.44000244140625,128.27000427246094,125.94999694824219,126.56999969482422,112.43760681152344,49300
2018-05-29,126.18000030517578,127.58999633789062,126.0,127.26000213623047,113.0505599975586,52700
2018-05-30,127.5999984741211,130.75999450683594,127.5999984741211,130.27999877929688,115.73336029052734,99400
2018-05-31,130.05999755859375,130.05999755859375,125.94000244140625,126.0999984741211,112.02007293701172,135900
2018-06-01,126.80000305175781,126.83000183105469,125.05999755859375,125.72000122070312,111.6825180053711,156800
2018-06-04,126.11000061035156,127.29000091552734,125.55999755859375,127.27999877929688,113.06834411621094,136400
2018-06-05,127.45999908447266,128.2100067138672,126.41000366210938,128.14999389648438,113.8411865234375,75000
2018-06-06,127.88999938964844,129.00999450683594,126.95999908447266,129.00999450683594,114.60517883300781,85600
2018-06-07,128.14999389648438,130.0,126.9800033569336,128.83999633789062,114.98892211914062,56000
2018-06-08,128.88999938964844,130.97999572753906,128.88999938964844,130.4499969482422,116.42585754394531,85400
2018-06-11,130.66000366210938,132.47999572753906,130.66000366210938,132.22999572753906,118.01448822021484,69200
2018-06-12,132.22000122070312,132.27999877929688,131.08999633789062,132.0800018310547,117.88064575195312,67200
2018-06-13,132.5500030517578,132.5500030517578,130.89999389648438,131.27000427246094,117.15772247314453,69000
2018-06-14,131.47000122070312,132.69000244140625,130.33999633789062,132.66000366210938,118.39826965332031,86300
2018-06-15,132.19000244140625,135.17999267578125,132.02000427246094,135.11000061035156,120.58489990234375,151200
2018-06-18,134.6999969482422,136.1300048828125,132.89999389648438,134.67999267578125,120.20110321044922,67800
2018-06-19,133.75,136.42999267578125,133.74000549316406,135.72000122070312,121.12931060791016,77700
2018-06-20,136.14999389648438,136.8699951171875,134.9600067138672,135.91000366210938,121.29889678955078,57500
2018-06-21,136.10000610351562,137.0500030517578,134.5800018310547,135.30999755859375,120.76339721679688,55900
2018-06-22,135.80999755859375,138.41000366210938,135.69000244140625,138.25,123.38731384277344,323800
2018-06-25,138.1699981689453,140.5500030517578,137.49000549316406,140.3000030517578,125.21690368652344,75000
2018-06-26,139.94000244140625,141.5800018310547,138.1300048828125,140.35000610351562,125.2615737915039,90400
2018-06-27,137.9199981689453,139.8300018310547,137.00999450683594,137.88999938964844,123.06603240966797,77500
2018-06-28,137.4600067138672,140.19000244140625,137.4600067138672,138.99000549316406,124.04774475097656,79000
2018-06-29,138.85000610351562,139.3300018310547,137.72999572753906,138.4199981689453,123.53903198242188,167700
2018-07-02,138.5500030517578,139.99000549316406,138.17999267578125,139.80999755859375,124.77959442138672,93500
2018-07-03,139.8000030517578,140.6699981689453,138.9199981689453,139.9499969482422,124.90457153320312,41600
2018-07-05,140.1199951171875,143.4199981689453,139.92999267578125,143.25999450683594,127.85868835449219,81500
2018-07-06,143.13999938964844,143.8800048828125,142.66000366210938,143.22000122070312,127.822998046875,52900
2018-07-09,142.7100067138672,143.35000610351562,140.9499969482422,141.36000061035156,126.16295623779297,84900
2018-07-10,141.85000610351562,143.85000610351562,141.3300018310547,143.6199951171875,128.1800079345703,98500
2018-07-11,144.0,144.75,142.41000366210938,143.80999755859375,128.34959411621094,96400
2018-07-12,144.0,144.0,141.69000244140625,142.8300018310547,127.47496032714844,78600
2018-07-13,142.49000549316406,143.30999755859375,141.42999267578125,142.3000030517578,127.0019302368164,63900
2018-07-16,142.35000610351562,142.35000610351562,140.27000427246094,140.97000122070312,125.8149185180664,54000
2018-07-17,141.0800018310547,143.61000061035156,141.0800018310547,142.4499969482422,127.13577270507812,58700
2018-07-18,142.4499969482422,142.4499969482422,141.0399932861328,142.0800018310547,126.8056411743164,58600
2018-07-19,141.61000061035156,144.74000549316406,141.61000061035156,144.10000610351562,128.6083984375,60400
2018-07-20,144.00999450683594,144.77000427246094,143.86000061035156,144.57000732421875,129.0279083251953,35800
2018-07-23,144.22999572753906,144.4199981689453,142.08999633789062,143.16000366210938,127.76943969726562,87300
2018-07-24,143.25,143.25,140.8800048828125,141.3699951171875,126.1718978881836,78100
2018-07-25,141.8000030517578,142.14999389648438,137.97000122070312,142.13999938964844,126.85912322998047,73000
2018-07-26,142.3699951171875,145.6699981689453,142.3699951171875,145.30999755859375,129.68833923339844,85400
2018-07-27,145.6999969482422,146.4199981689453,144.35000610351562,144.74000549316406,129.17959594726562,82700
2018-07-30,144.42999267578125,145.9600067138672,142.7899932861328,145.61000061035156,129.9560546875,85800
2018-07-31,146.0399932861328,146.5800018310547,144.27999877929688,145.02999877929688,129.43844604492188,360700
2018-08-01,145.08999633789062,145.08999633789062,143.72000122070312,143.72000122070312,128.269287109375,79600
2018-08-02,143.4499969482422,147.58999633789062,143.27000427246094,146.50999450683594,130.7593536376953,72400
2018-08-03,146.6199951171875,148.88999938964844,145.97999572753906,147.30999755859375,131.4733428955078,60800
2018-08-06,147.75999450683594,148.74000549316406,147.4600067138672,148.13999938964844,132.21408081054688,58800
2018-08-07,148.63999938964844,148.63999938964844,146.07000732421875,147.55999755859375,131.69647216796875,70700
2018-08-08,147.5,148.07000732421875,146.7899932861328,147.36000061035156,131.51791381835938,72900
2018-08-09,147.83999633789062,148.97999572753906,146.6999969482422,147.64999389648438,131.77674865722656,73200
2018-08-10,145.33999633789062,149.0500030517578,145.33999633789062,147.10000610351562,131.28590393066406,104100
2018-08-13,146.5500030517578,148.0500030517578,145.6699981689453,146.10000610351562,130.39337158203125,66400
2018-08-14,146.14999389648438,148.35000610351562,146.14999389648438,146.94000244140625,131.14308166503906,90200
2018-08-15,146.41000366210938,149.69000244140625,146.41000366210938,148.10000610351562,132.17840576171875,104700
2018-08-16,148.42999267578125,149.3300018310547,147.38999938964844,148.0800018310547,132.16055297851562,91300
2018-08-17,147.7100067138672,149.8800048828125,147.47999572753906,149.75,133.6510009765625,71200
2018-08-20,150.6699981689453,150.6699981689453,148.8699951171875,148.9199981689453,132.9102020263672,75600
2018-08-21,149.52000427246094,149.52000427246094,146.0500030517578,146.86000061035156,131.07167053222656,135500
2018-08-22,146.47000122070312,146.47000122070312,142.49000549316406,144.83999633789062,129.26885986328125,155200
2018-08-23,148.72000122070312,156.5,145.5,153.47000122070312,136.97108459472656,274800
2018-08-24,152.42999267578125,155.32000732421875,152.17999267578125,153.6699981689453,137.14956665039062,125300
2018-08-27,154.6300048828125,156.19000244140625,153.6999969482422,155.07000732421875,138.3990936279297,105700
2018-08-28,154.75,156.63999938964844,153.47000122070312,153.7899932861328,137.2566680908203,108000
2018-08-29,154.0500030517578,160.97999572753906,154.0500030517578,155.75999450683594,139.01487731933594,77600
2018-08-30,156.0800018310547,156.0800018310547,154.5800018310547,155.0399932861328,138.37232971191406,60000
2018-08-31,154.27000427246094,156.7899932861328,154.27000427246094,156.27000427246094,139.47007751464844,56300
2018-09-04,155.9499969482422,157.49000549316406,154.88999938964844,156.05999755859375,139.28262329101562,52600
2018-09-05,156.0,159.47999572753906,154.6199951171875,158.6999969482422,141.63880920410156,84900
2018-09-06,157.88999938964844,159.72000122070312,157.11000061035156,157.67999267578125,141.26254272460938,48900
2018-09-07,157.0800018310547,159.2100067138672,156.30999755859375,157.38999938964844,141.0027313232422,90400
2018-09-10,157.1699981689453,160.0,157.1699981689453,158.4600067138672,141.96136474609375,68400
2018-09-11,158.4600067138672,159.72000122070312,157.75999450683594,158.07000732421875,141.61195373535156,56400
2018-09-12,157.9199981689453,160.72000122070312,157.9199981689453,160.3000030517578,143.6097412109375,64200
2018-09-13,160.2100067138672,160.55999755859375,159.30999755859375,160.22999572753906,143.5470428466797,41100
2018-09-14,161.3300018310547,161.69000244140625,159.22999572753906,160.07000732421875,143.4037322998047,81300
2018-09-17,160.2100067138672,161.30999755859375,158.05999755859375,159.91000366210938,143.26039123535156,61900
2018-09-18,160.10000610351562,161.13999938964844,156.14999389648438,156.89999389648438,140.5637664794922,81500
2018-09-19,157.0,157.60000610351562,152.85000610351562,154.2899932861328,138.2255096435547,89900
2018-09-20,154.55999755859375,155.44000244140625,152.30999755859375,153.5800018310547,137.58946228027344,84900
2018-09-21,153.50999450683594,154.8699951171875,151.60000610351562,151.83999633789062,136.0305938720703,146900
2018-09-24,151.41000366210938,152.30999755859375,150.2899932861328,150.99000549316406,135.26913452148438,77000
2018-09-25,151.3000030517578,151.91000366210938,149.69000244140625,150.05999755859375,134.43592834472656,72300
2018-09-26,150.1999969482422,150.63999938964844,149.05999755859375,149.57000732421875,133.99700927734375,58000
2018-09-27,149.5800018310547,149.5800018310547,146.50999450683594,147.22000122070312,131.89166259765625,82000
2018-09-28,147.24000549316406,149.52000427246094,146.99000549316406,149.2100067138672,133.6744384765625,88400
2018-10-01,149.08999633789062,150.2100067138672,146.9199981689453,147.67999267578125,132.30372619628906,71900
2018-10-02,147.67999267578125,148.27000427246094,145.9199981689453,146.52000427246094,131.26449584960938,77700
2018-10-03,146.9600067138672,147.60000610351562,144.00999450683594,145.80999755859375,130.6284637451172,49000
2018-10-04,144.99000549316406,146.1300048828125,144.0399932861328,145.9199981689453,130.72702026367188,65300
2018-10-05,146.0800018310547,147.97000122070312,146.0800018310547,146.91000366210938,131.61392211914062,92500
2018-10-08,146.91000366210938,149.3300018310547,146.77999877929688,148.8000030517578,133.30714416503906,75800
2018-10-09,148.6199951171875,149.99000549316406,147.3699951171875,147.82000732421875,132.42916870117188,70100
2018-10-10,148.08999633789062,149.7899932861328,147.64999389648438,147.86000061035156,132.46502685546875,112300
2018-10-11,147.83999633789062,148.05999755859375,144.17999267578125,144.27999877929688,129.25775146484375,73500
2018-10-12,145.47000122070312,147.17999267578125,144.1300048828125,145.58999633789062,130.43133544921875,91800
2018-10-15,145.5800018310547,148.0399932861328,144.77999877929688,146.8000030517578,131.515380859375,52800
2018-10-16,146.8000030517578,150.5,146.1300048828125,149.9499969482422,134.33737182617188,68900
2018-10-17,149.7100067138672,151.2100067138672,147.08999633789062,150.14999389648438,134.51654052734375,81000
2018-10-18,150.52000427246094,152.8000030517578,149.58999633789062,150.7100067138672,135.01828002929688,73700
2018-10-19,150.97000122070312,154.66000366210938,150.97000122070312,154.25,138.1896514892578,81100
2018-10-22,154.89999389648438,157.25,154.08999633789062,156.61000061035156,140.30398559570312,102200
2018-10-23,156.2100067138672,159.80999755859375,154.10000610351562,158.05999755859375,141.6029815673828,108500
2018-10-24,158.58999633789062,162.8300018310547,158.07000732421875,161.1699981689453,144.38917541503906,209900
2018-10-25,165.30999755859375,165.30999755859375,153.4600067138672,159.57000732421875,142.95574951171875,233300
2018-10-26,159.8699951171875,165.27000427246094,157.24000549316406,164.55999755859375,147.4262237548828,144100
2018-10-29,166.60000610351562,172.4499969482422,166.60000610351562,170.6199951171875,152.85523986816406,150700
2018-10-30,171.86000061035156,175.19000244140625,170.47999572753906,174.57000732421875,156.39398193359375,154100
2018-10-31,175.27999877929688,175.3699951171875,171.3699951171875,171.3800048828125,153.53614807128906,291700
2018-11-01,171.52999877929688,172.6199951171875,165.6199951171875,169.7899932861328,152.1116180419922,132900
2018-11-02,170.1999969482422,170.60000610351562,165.07000732421875,167.24000549316406,149.82716369628906,134100
2018-11-05,168.25,171.27999877929688,168.25,171.0,153.19569396972656,99800
2018-11-06,170.38999938964844,176.77000427246094,169.75999450683594,176.57000732421875,158.1857452392578,92200
2018-11-07,176.00999450683594,178.13999938964844,174.67999267578125,177.49000549316406,159.0099639892578,98500
2018-11-08,176.47999572753906,178.1199951171875,175.0,177.91000366210938,159.38626098632812,87600
2018-11-09,177.97000122070312,178.99000549316406,175.82000732421875,178.1999969482422,159.6460418701172,104600
2018-11-12,178.36000061035156,181.86000061035156,178.36000061035156,179.85000610351562,161.12425231933594,82400
2018-11-13,180.3000030517578,181.57000732421875,177.35000610351562,180.60000610351562,161.79612731933594,66100
2018-11-14,181.36000061035156,182.0,178.74000549316406,180.16000366210938,161.40199279785156,60800
2018-11-15,179.89999389648438,182.97000122070312,178.72000122070312,182.82000732421875,163.7850341796875,91600
2018-11-16,181.8800048828125,183.75999450683594,181.47000122070312,182.63999938964844,163.62376403808594,90900
2018-11-19,183.5,184.8000030517578,180.67999267578125,182.3699951171875,163.38186645507812,108100
2018-11-20,182.36000061035156,183.99000549316406,180.72000122070312,182.4600067138672,163.46250915527344,74500
2018-11-21,181.88999938964844,183.3699951171875,180.6999969482422,181.60000610351562,162.69203186035156,65800
2018-11-23,181.63999938964844,184.8300018310547,181.63999938964844,183.4199981689453,164.3225555419922,31600
2018-11-26,183.9499969482422,186.41000366210938,170.44000244140625,185.6300048828125,166.30242919921875,82200
2018-11-27,186.14999389648438,189.33999633789062,184.77999877929688,186.0500030517578,166.67869567871094,70200
2018-11-28,186.24000549316406,187.97000122070312,182.3699951171875,183.25,164.17022705078125,166400
2018-11-29,183.55999755859375,184.97999572753906,180.57000732421875,181.16000366210938,162.29783630371094,123900
2018-11-30,181.1699981689453,183.94000244140625,180.02999877929688,180.32000732421875,161.54530334472656,189100
2018-12-03,180.97999572753906,180.97999572753906,177.5,179.0,160.3627471923828,195900
2018-12-04,179.25999450683594,180.91000366210938,177.0,178.57000732421875,159.97752380371094,150200
2018-12-06,178.52000427246094,183.50999450683594,175.02000427246094,178.02000427246094,160.0674285888672,102700
2018-12-07,177.55999755859375,178.97999572753906,174.83999633789062,176.02999877929688,158.27810668945312,124500
2018-12-10,177.14999389648438,178.00999450683594,173.14999389648438,177.39999389648438,159.50999450683594,125800
2018-12-11,178.32000732421875,181.52000427246094,178.0,179.86000061035156,161.7218780517578,93300
2018-12-12,181.27999877929688,184.67999267578125,179.7899932861328,184.0399932861328,165.48031616210938,211000
2018-12-13,183.89999389648438,187.27000427246094,181.92999267578125,186.25999450683594,167.47647094726562,82900
2018-12-14,186.27000427246094,187.97999572753906,181.63999938964844,185.8300018310547,167.08985900878906,173800
2018-12-17,186.3300018310547,188.75999450683594,180.57000732421875,181.92999267578125,163.58311462402344,135100
2018-12-18,182.6699981689453,189.67999267578125,182.6699981689453,184.97000122070312,166.31654357910156,177100
2018-12-19,185.47000122070312,191.88999938964844,183.13999938964844,184.64999389648438,166.02879333496094,133200
2018-12-20,184.82000732421875,187.89999389648438,180.75999450683594,187.14999389648438,168.2766876220703,129600
2018-12-21,187.57000732421875,194.3800048828125,180.16000366210938,180.9499969482422,162.70193481445312,483700
2018-12-24,180.72999572753906,180.72999572753906,170.6999969482422,170.7100067138672,153.49459838867188,99600
2018-12-26,171.35000610351562,175.13999938964844,170.38999938964844,174.9600067138672,157.3160400390625,110300
2018-12-27,173.97000122070312,175.58999633789062,170.60000610351562,175.25,157.57679748535156,145700
2018-12-28,175.4199981689453,180.0,172.22000122070312,173.10000610351562,155.64361572265625,102300
2018-12-31,174.4600067138672,177.22000122070312,171.2100067138672,176.86000061035156,159.02442932128906,108500
2019-01-02,176.22000122070312,176.32000732421875,170.69000244140625,172.6199951171875,155.2119903564453,172700
2019-01-03,172.35000610351562,173.9199981689453,169.3300018310547,171.66000366210938,154.3488006591797,202900
2019-01-04,172.3000030517578,173.25,169.69000244140625,171.91000366210938,154.57359313964844,250800
2019-01-07,171.22000122070312,174.25,170.30999755859375,172.16000366210938,154.79835510253906,167900
2019-01-08,172.7100067138672,179.1999969482422,171.1999969482422,178.61000061035156,160.59793090820312,227000
2019-01-09,178.60000610351562,180.11000061035156,173.17999267578125,174.97999572753906,157.33401489257812,239500
2019-01-10,175.42999267578125,175.99000549316406,172.49000549316406,174.3800048828125,156.7945098876953,103200
2019-01-11,175.4199981689453,175.4199981689453,171.75,172.4600067138672,155.06813049316406,128200
2019-01-14,172.22000122070312,173.72000122070312,171.3000030517578,171.75,154.42974853515625,178300
2019-01-15,172.49000549316406,176.92999267578125,170.52999877929688,176.75,158.9254913330078,110300
2019-01-16,176.83999633789062,178.25,174.1999969482422,175.77000427246094,158.04434204101562,124200
2019-01-17,176.00999450683594,177.3699951171875,174.55999755859375,175.8699951171875,158.1342315673828,112000
2019-01-18,175.72999572753906,176.94000244140625,172.24000549316406,172.75999450683594,155.33787536621094,107100
2019-01-22,173.1199951171875,173.32000732421875,169.10000610351562,170.0500030517578,152.90115356445312,143100
2019-01-23,169.61000061035156,171.35000610351562,167.02999877929688,168.27999877929688,151.3096466064453,179100
2019-01-24,167.9199981689453,168.22000122070312,164.91000366210938,167.27999877929688,150.4105224609375,292700
2019-01-25,167.63999938964844,167.63999938964844,161.5500030517578,161.8000030517578,145.48313903808594,168300
2019-01-28,161.25,164.39999389648438,158.86000061035156,159.08999633789062,143.04640197753906,226500
2019-01-29,158.6699981689453,159.1999969482422,156.17999267578125,157.30999755859375,141.44595336914062,114500
2019-01-30,156.63999938964844,158.6300048828125,155.75999450683594,156.3300018310547,140.5648193359375,129000
2019-01-31,158.22000122070312,161.14999389648438,155.4499969482422,159.07000732421875,143.0285186767578,563200
2019-02-01,158.97999572753906,165.11000061035156,156.41000366210938,156.8000030517578,140.98739624023438,318900
2019-02-04,157.22999572753906,158.0,154.9600067138672,155.64999389648438,139.95338439941406,204100
2019-02-05,155.92999267578125,157.80999755859375,155.02999877929688,156.52000427246094,140.73562622070312,137700
2019-02-06,156.25999450683594,158.02999877929688,155.91000366210938,157.25,141.39198303222656,109200
2019-02-07,157.1699981689453,160.0800018310547,155.5399932861328,159.8300018310547,143.71182250976562,164800
2019-02-08,159.25999450683594,161.75,159.25999450683594,160.91000366210938,144.68292236328125,144600
2019-02-11,160.83999633789062,162.47000122070312,158.38999938964844,159.6699981689453,143.5679473876953,181000
2019-02-12,159.83999633789062,162.27999877929688,155.2899932861328,159.36000061035156,143.2891845703125,161600
2019-02-13,159.1699981689453,164.39999389648438,156.9199981689453,158.17999267578125,142.2281951904297,182400
2019-02-14,157.4499969482422,160.0399932861328,156.75,158.97999572753906,142.94754028320312,215000
2019-02-15,159.58999633789062,161.47999572753906,158.72000122070312,159.5399932861328,143.45103454589844,171300
2019-02-19,159.8000030517578,161.5800018310547,158.3699951171875,159.8000030517578,143.68482971191406,155900
2019-02-20,159.8699951171875,160.72000122070312,156.42999267578125,159.5,143.4151153564453,155200
2019-02-21,159.44000244140625,162.55999755859375,158.72999572753906,160.9499969482422,144.7188262939453,152300
2019-02-22,160.41000366210938,160.41000366210938,157.77999877929688,158.33999633789062,142.37208557128906,131400
2019-02-25,158.5500030517578,159.41000366210938,154.75999450683594,156.0800018310547,140.3400115966797,148700
2019-02-26,156.22000122070312,157.24000549316406,154.07000732421875,154.47999572753906,138.90130615234375,120900
2019-02-27,153.97999572753906,155.4600067138672,152.9499969482422,155.25999450683594,139.6026611328125,118200
2019-02-28,155.38999938964844,157.69000244140625,153.8000030517578,156.77000427246094,140.9604034423828,119900
2019-03-01,156.99000549316406,157.5,155.02999877929688,156.9499969482422,141.1222381591797,110200
2019-03-04,157.1199951171875,157.8699951171875,155.1699981689453,157.0399932861328,141.2031707763672,101400
2019-03-05,156.50999450683594,157.91000366210938,156.33999633789062,156.63999938964844,140.84347534179688,75900
2019-03-06,156.63999938964844,157.75999450683594,153.1300048828125,153.8300018310547,138.31690979003906,122900
2019-03-07,153.3800048828125,155.5,152.8699951171875,153.0,138.1543731689453,89900
2019-03-08,152.8300018310547,153.8800048828125,150.72999572753906,151.22000122070312,136.54710388183594,91100
2019-03-11,151.1199951171875,153.22000122070312,150.16000366210938,153.13999938964844,138.28073120117188,100300
2019-03-12,153.1300048828125,153.1300048828125,150.2100067138672,150.88999938964844,136.24908447265625,88700
2019-03-13,151.07000732421875,152.4199981689453,151.0500030517578,152.0,137.25140380859375,101900
2019-03-14,152.17999267578125,152.57000732421875,150.60000610351562,150.85000610351562,136.21299743652344,71800
2019-03-15,150.9199981689453,153.17999267578125,150.47999572753906,152.19000244140625,137.4229736328125,301100
2019-03-18,152.6999969482422,153.69000244140625,151.97000122070312,153.5,138.6058807373047,106600
2019-03-19,153.75,156.25999450683594,153.5,154.85000610351562,139.82489013671875,119000
2019-03-20,154.72000122070312,154.72000122070312,151.3800048828125,153.5800018310547,138.67807006835938,99100
2019-03-21,153.38999938964844,156.9600067138672,153.05999755859375,155.94000244140625,140.80905151367188,73500
2019-03-22,155.6199951171875,156.88999938964844,154.02000427246094,154.50999450683594,139.51785278320312,113300
2019-03-25,154.3300018310547,156.25,152.27000427246094,154.8699951171875,139.84291076660156,118100
2019-03-26,155.10000610351562,156.8000030517578,153.5800018310547,156.52000427246094,141.33285522460938,105900
2019-03-27,156.4199981689453,158.66000366210938,155.52000427246094,157.99000549316406,142.66017150878906,97600
2019-03-28,158.24000549316406,158.92999267578125,156.60000610351562,157.6999969482422,142.3982696533203,99100
2019-03-29,158.11000061035156,158.11000061035156,154.7100067138672,156.69000244140625,141.48629760742188,185800
2019-04-01,156.67999267578125,158.88999938964844,152.83999633789062,153.33999633789062,138.4613494873047,125100
2019-04-02,153.57000732421875,154.39999389648438,152.1300048828125,153.0399932861328,138.19046020507812,99600
2019-04-03,153.13999938964844,154.63999938964844,152.22000122070312,154.4199981689453,139.43658447265625,67700
2019-04-04,154.72999572753906,156.3000030517578,153.6999969482422,156.0,140.86325073242188,96600
2019-04-05,155.99000549316406,158.3800048828125,154.86000061035156,156.1199951171875,140.9716033935547,121000
2019-04-08,156.1300048828125,156.6199951171875,154.75,155.66000366210938,140.55625915527344,90700
2019-04-09,155.22999572753906,156.8300018310547,153.61000061035156,154.22000122070312,139.25596618652344,80100
2019-04-10,154.5800018310547,157.50999450683594,153.80999755859375,157.3800048828125,142.10935974121094,97400
2019-04-11,157.16000366210938,158.57000732421875,155.22000122070312,156.9199981689453,141.6939697265625,104100
2019-04-12,157.39999389648438,158.4499969482422,154.35000610351562,154.89999389648438,139.8699951171875,106100
2019-04-15,155.0,157.27000427246094,154.35000610351562,156.49000549316406,141.30572509765625,84900
2019-04-16,157.02000427246094,158.4199981689453,155.97999572753906,158.32000732421875,142.95816040039062,103700
2019-04-17,158.32000732421875,158.74000549316406,153.97000122070312,154.24000549316406,139.27403259277344,158100
2019-04-18,154.82000732421875,156.07000732421875,154.19000244140625,155.25,140.18603515625,119100
2019-04-22,155.4199981689453,155.8699951171875,152.13999938964844,152.75999450683594,137.9376220703125,73800
2019-04-23,152.8800048828125,154.8000030517578,152.2899932861328,152.8000030517578,137.97377014160156,99700
2019-04-24,152.61000061035156,155.4199981689453,152.61000061035156,153.55999755859375,138.66000366210938,126500
2019-04-25,148.6999969482422,152.4199981689453,141.4199981689453,144.5399932861328,130.51522827148438,227100
2019-04-26,143.80999755859375,146.88999938964844,143.2899932861328,146.19000244140625,132.00514221191406,171300
2019-04-29,146.0399932861328,148.5,145.75999450683594,147.89999389648438,133.54922485351562,121900
2019-04-30,148.39999389648438,150.1199951171875,146.9499969482422,148.7100067138672,134.28060913085938,462100
2019-05-01,149.13999938964844,150.52000427246094,148.1199951171875,149.39999389648438,134.90365600585938,125700
2019-05-02,149.72999572753906,150.16000366210938,147.33999633789062,149.9600067138672,135.40931701660156,134600
2019-05-03,150.60000610351562,151.63999938964844,149.24000549316406,151.58999633789062,136.88116455078125,103000
2019-05-06,150.72999572753906,154.13999938964844,150.72999572753906,152.02000427246094,137.26943969726562,199300
2019-05-07,152.77000427246094,152.77000427246094,149.27999877929688,149.9499969482422,135.40028381347656,90700
2019-05-08,149.72999572753906,152.36000061035156,147.69000244140625,147.85000610351562,133.50408935546875,107200
2019-05-09,147.57000732421875,149.22999572753906,146.72000122070312,148.86000061035156,134.4160919189453,80700
2019-05-10,148.69000244140625,148.9499969482422,145.94000244140625,148.44000244140625,134.03680419921875,99000
2019-05-13,148.02000427246094,149.57000732421875,146.4199981689453,149.3300018310547,134.8404541015625,86700
2019-05-14,149.17999267578125,150.3300018310547,147.66000366210938,147.7899932861328,133.44989013671875,87700
2019-05-15,147.61000061035156,149.60000610351562,146.41000366210938,149.25999450683594,134.77725219726562,86300
2019-05-16,149.32000732421875,150.97000122070312,148.25999450683594,148.99000549316406,134.533447265625,80700
2019-05-17,148.97000122070312,149.52000427246094,147.47000122070312,148.72000122070312,134.28964233398438,97900
2019-05-20,148.44000244140625,149.17999267578125,147.50999450683594,148.61000061035156,134.1903533935547,50600
2019-05-21,148.75999450683594,149.5800018310547,147.07000732421875,147.72999572753906,133.3957061767578,68800
2019-05-22,147.66000366210938,149.8800048828125,146.6999969482422,148.17999267578125,133.8020477294922,86700
2019-05-23,147.85000610351562,149.82000732421875,144.63999938964844,145.6999969482422,131.5626678466797,96500
2019-05-24,146.0500030517578,146.52000427246094,144.39999389648438,146.0,131.8335723876953,115300
2019-05-28,145.9499969482422,146.5,143.83999633789062,143.97999572753906,130.009521484375,124100
2019-05-29,143.33999633789062,144.0399932861328,142.30999755859375,143.8300018310547,129.87413024902344,100000
2019-05-30,144.6300048828125,145.08999633789062,143.02999877929688,143.8800048828125,129.9192657470703,74100
2019-05-31,143.10000610351562,144.0,141.00999450683594,143.8300018310547,129.87413024902344,95800
2019-06-03,143.85000610351562,146.11000061035156,143.00999450683594,145.8800048828125,131.72523498535156,97800
2019-06-04,146.44000244140625,147.47999572753906,144.4499969482422,146.10000610351562,131.9239044189453,109400
2019-06-05,146.30999755859375,148.69000244140625,146.30999755859375,147.64999389648438,133.32345581054688,78400
2019-06-06,147.7100067138672,147.7100067138672,144.50999450683594,146.3000030517578,132.68861389160156,154200
2019-06-07,146.97000122070312,149.0800018310547,146.89999389648438,147.6199951171875,133.88575744628906,96100
2019-06-10,147.7100067138672,149.25999450683594,147.6699981689453,148.99000549316406,135.12832641601562,140400
2019-06-11,148.89999389648438,151.2100067138672,148.3699951171875,150.75999450683594,136.73365783691406,122900
2019-06-12,151.10000610351562,152.05999755859375,149.97000122070312,151.55999755859375,137.4591827392578,119500
2019-06-13,151.5,153.19000244140625,149.6999969482422,150.4499969482422,136.4524688720703,119300
2019-06-14,150.22999572753906,150.99000549316406,149.0800018310547,150.19000244140625,136.21670532226562,75800
2019-06-17,150.33999633789062,151.5,147.0800018310547,148.4199981689453,134.61134338378906,78700
2019-06-18,148.69000244140625,150.02000427246094,147.7899932861328,148.52000427246094,134.7020721435547,64400
2019-06-19,148.13999938964844,151.02999877929688,147.44000244140625,150.1300048828125,136.16224670410156,107500
2019-06-20,150.4199981689453,150.52999877929688,147.22000122070312,147.97999572753906,134.21229553222656,85400
2019-06-21,147.86000061035156,148.82000732421875,146.13999938964844,146.7100067138672,133.06044006347656,195800
2019-06-24,146.91000366210938,147.50999450683594,145.75,146.9499969482422,133.2781219482422,110500
2019-06-25,146.99000549316406,148.1999969482422,145.38999938964844,147.2100067138672,133.51394653320312,112900
2019-06-26,147.19000244140625,149.3000030517578,146.0,146.0,132.41653442382812,117500
2019-06-27,145.72000122070312,147.88999938964844,144.77000427246094,147.2100067138672,133.51394653320312,94400
2019-06-28,147.36000061035156,149.57000732421875,146.9199981689453,148.60000610351562,134.77459716796875,160200
2019-07-01,149.17999267578125,150.10000610351562,146.72999572753906,147.22999572753906,133.53204345703125,91000
2019-07-02,147.52000427246094,148.49000549316406,146.52000427246094,147.63999938964844,133.90394592285156,71900
2019-07-03,148.2899932861328,150.58999633789062,147.3000030517578,148.94000244140625,135.0829620361328,47700
2019-07-05,148.55999755859375,148.9499969482422,147.2100067138672,148.83999633789062,134.9922637939453,47200
2019-07-08,148.86000061035156,149.05999755859375,147.58999633789062,148.1300048828125,134.34832763671875,92100
2019-07-09,147.77999877929688,148.0800018310547,146.6199951171875,147.88999938964844,134.1306610107422,116200
2019-07-10,147.99000549316406,149.75999450683594,146.92999267578125,148.74000549316406,134.901611328125,91900
2019-07-11,148.57000732421875,149.0399932861328,146.3300018310547,147.85000610351562,134.09439086914062,75800
2019-07-12,148.3699951171875,148.5800018310547,147.08999633789062,148.0,134.2304229736328,65000
2019-07-15,148.47000122070312,149.3699951171875,147.8000030517578,148.22000122070312,134.42996215820312,66600
2019-07-16,148.30999755859375,149.13999938964844,147.69000244140625,147.99000549316406,134.22134399414062,103100
2019-07-17,148.33999633789062,148.7899932861328,147.00999450683594,148.6999969482422,134.86524963378906,69600
2019-07-18,148.60000610351562,151.3800048828125,148.39999389648438,150.8000030517578,136.76991271972656,84200
2019-07-19,150.55999755859375,151.41000366210938,149.36000061035156,150.1699981689453,136.1985321044922,92000
2019-07-22,150.66000366210938,152.39999389648438,148.8000030517578,151.50999450683594,137.41384887695312,102600
2019-07-23,152.55999755859375,153.8000030517578,150.83999633789062,151.0399932861328,136.98760986328125,69200
2019-07-24,151.32000732421875,152.75,150.5800018310547,151.83999633789062,137.71316528320312,99900
2019-07-25,151.99000549316406,153.52000427246094,149.75,149.8800048828125,135.93553161621094,59000
2019-07-26,150.3300018310547,152.85000610351562,148.7100067138672,152.47000122070312,138.2845458984375,107600
2019-07-29,152.74000549316406,153.72000122070312,151.36000061035156,153.13999938964844,138.8922119140625,95600
2019-07-30,153.1199951171875,155.63999938964844,152.00999450683594,154.6999969482422,140.30703735351562,110300
2019-07-31,154.9199981689453,158.22999572753906,154.89999389648438,155.82000732421875,141.32289123535156,223500
2019-08-01,155.97999572753906,157.5500030517578,153.36000061035156,153.58999633789062,139.30035400390625,118500
2019-08-02,153.42999267578125,154.66000366210938,152.6199951171875,152.86000061035156,138.63824462890625,60200
2019-08-05,152.00999450683594,152.92999267578125,147.32000732421875,147.8800048828125,134.12161254882812,91600
2019-08-06,148.1300048828125,150.82000732421875,147.25,148.30999755859375,134.51158142089844,85000
2019-08-07,147.77999877929688,151.8000030517578,146.91000366210938,151.4199981689453,137.33224487304688,120600
2019-08-08,151.8000030517578,153.9499969482422,151.30999755859375,153.75999450683594,139.45449829101562,113800
2019-08-09,153.83999633789062,154.8699951171875,152.64999389648438,154.4199981689453,140.05311584472656,89700
2019-08-12,154.22999572753906,154.9499969482422,152.25999450683594,153.72999572753906,139.42727661132812,81300
2019-08-13,153.63999938964844,157.0399932861328,151.8000030517578,154.22999572753906,139.8808135986328,66700
2019-08-14,153.5,154.74000549316406,150.6999969482422,151.5,137.40481567382812,66200
2019-08-15,152.0800018310547,155.30999755859375,150.9199981689453,154.8300018310547,140.4250030517578,79800
2019-08-16,155.19000244140625,157.61000061035156,154.0500030517578,156.39999389648438,141.8489227294922,115200
2019-08-19,156.99000549316406,158.19000244140625,155.89999389648438,157.72999572753906,143.0551300048828,77000
2019-08-20,157.61000061035156,158.25,154.3800048828125,154.44000244140625,140.07127380371094,135200
2019-08-21,155.02000427246094,155.60000610351562,154.05999755859375,154.60000610351562,140.2163543701172,91000
2019-08-22,154.17999267578125,156.80999755859375,153.85000610351562,155.6199951171875,141.1414794921875,66400
2019-08-23,155.3300018310547,155.3300018310547,151.2899932861328,151.88999938964844,137.75851440429688,92700
2019-08-26,153.17999267578125,155.3000030517578,151.35000610351562,154.08999633789062,139.7538299560547,119900
2019-08-27,149.9499969482422,152.6999969482422,139.4499969482422,140.19000244140625,127.14703369140625,380900
2019-08-28,139.25999450683594,143.97999572753906,138.89999389648438,143.10000610351562,129.7863311767578,176900
2019-08-29,144.6999969482422,144.6999969482422,143.10000610351562,144.3300018310547,130.90188598632812,130800
2019-08-30,144.8000030517578,147.3300018310547,144.8000030517578,145.89999389648438,132.32583618164062,170000
2019-09-03,145.30999755859375,146.83999633789062,143.67999267578125,145.94000244140625,132.36207580566406,155500
2019-09-04,146.50999450683594,147.41000366210938,145.05999755859375,146.6300048828125,132.98789978027344,92200
2019-09-05,147.10000610351562,149.9600067138672,146.6300048828125,148.7100067138672,134.87435913085938,105100
2019-09-06,148.58999633789062,149.83999633789062,146.8300018310547,147.49000549316406,134.35511779785156,166000
2019-09-09,148.2100067138672,148.2100067138672,143.47999572753906,144.17999267578125,131.33990478515625,166400
2019-09-10,143.30999755859375,146.50999450683594,142.02000427246094,144.94000244140625,132.03224182128906,122200
2019-09-11,145.25,147.2899932861328,143.99000549316406,146.5800018310547,133.5261688232422,141400
2019-09-12,146.89999389648438,147.0,144.52000427246094,146.17999267578125,133.1617889404297,113500
2019-09-13,145.9499969482422,147.72000122070312,144.94000244140625,146.00999450683594,133.00692749023438,129200
2019-09-16,145.47999572753906,147.39999389648438,144.5,146.22999572753906,133.2073211669922,80700
2019-09-17,145.72000122070312,147.17999267578125,144.00999450683594,144.97999572753906,132.0686492919922,149200
2019-09-18,144.49000549316406,146.25,144.1699981689453,145.9600067138672,132.96139526367188,165000
2019-09-19,146.00999450683594,146.55999755859375,144.47000122070312,144.86000061035156,131.9593963623047,141700
2019-09-20,145.66000366210938,146.5500030517578,143.11000061035156,143.27999877929688,130.5200653076172,238300
2019-09-23,144.0,147.6199951171875,142.02999877929688,142.50999450683594,129.81863403320312,88800
2019-09-24,143.00999450683594,146.33999633789062,140.24000549316406,140.85000610351562,128.30645751953125,113700
2019-09-25,141.24000549316406,144.05999755859375,141.24000549316406,143.32000732421875,130.55648803710938,91600
2019-09-26,143.2899932861328,146.13999938964844,141.4499969482422,141.74000549316406,129.11720275878906,96300
2019-09-27,141.8800048828125,142.2899932861328,139.41000366210938,139.69000244140625,127.24978637695312,68200
2019-09-30,141.08999633789062,143.22000122070312,138.5399932861328,138.64999389648438,126.30238342285156,152300
2019-10-01,138.6699981689453,141.8300018310547,137.0,137.77999877929688,125.50982666015625,123500
2019-10-02,137.2100067138672,137.5399932861328,133.88999938964844,135.02999877929688,123.00476837158203,139900
2019-10-03,135.22000122070312,137.5,134.0399932861328,135.11000061035156,123.07762908935547,101100
2019-10-04,135.41000366210938,140.0,133.77000427246094,136.5,124.34386444091797,134000
2019-10-07,136.25999450683594,137.47000122070312,134.97999572753906,136.3000030517578,124.1616439819336,91200
2019-10-08,135.88999938964844,136.07000732421875,134.2100067138672,135.4199981689453,123.36003112792969,126400
2019-10-09,135.77000427246094,136.6699981689453,134.5800018310547,136.2100067138672,124.07968139648438,125900
2019-10-10,135.8300018310547,137.16000366210938,135.1199951171875,136.9600067138672,124.76290893554688,69000
2019-10-11,138.05999755859375,141.1699981689453,137.32000732421875,139.38999938964844,126.97649383544922,137100
2019-10-14,139.38999938964844,143.07000732421875,137.88999938964844,139.3300018310547,126.92181396484375,115100
2019-10-15,138.99000549316406,140.3800048828125,137.02000427246094,138.8000030517578,126.43901824951172,120500
2019-10-16,139.30999755859375,140.24000549316406,138.02000427246094,139.02999877929688,126.64857482910156,112500
2019-10-17,139.7899932861328,141.52999877929688,139.39999389648438,141.08999633789062,128.5250701904297,106300
2019-10-18,140.6199951171875,141.77000427246094,140.41000366210938,141.35000610351562,128.76193237304688,105100
2019-10-21,141.22000122070312,142.39999389648438,139.33999633789062,139.88999938964844,127.43201446533203,139200
2019-10-22,139.75,140.97000122070312,139.14999389648438,139.3300018310547,126.92181396484375,76200
2019-10-23,139.4600067138672,140.08999633789062,138.85000610351562,139.89999389648438,127.44107818603516,80600
2019-10-24,139.61000061035156,139.92999267578125,138.0500030517578,138.97999572753906,126.60295867919922,57600
2019-10-25,139.27000427246094,139.74000549316406,136.49000549316406,136.49000549316406,124.33475494384766,105300
2019-10-28,136.9499969482422,138.32000732421875,136.13999938964844,136.13999938964844,124.01593780517578,134600
2019-10-29,136.24000549316406,138.14999389648438,135.39999389648438,137.8699951171875,125.59182739257812,109000
2019-10-30,138.14999389648438,138.52999877929688,136.57000732421875,138.0800018310547,125.78313446044922,101300
2019-10-31,138.22999572753906,141.55999755859375,138.02999877929688,139.17999267578125,126.78515625,286700
2019-11-01,139.44000244140625,140.4600067138672,138.60000610351562,139.83999633789062,127.38641357421875,106100
2019-11-04,160.5500030517578,161.91000366210938,148.99000549316406,161.5,147.117431640625,455200
2019-11-05,161.99000549316406,163.9499969482422,155.27000427246094,155.7899932861328,141.9159698486328,231200
2019-11-06,155.7899932861328,156.92999267578125,153.25,154.17999267578125,140.4493408203125,111600
2019-11-07,155.25999450683594,157.72999572753906,154.69000244140625,157.64999389648438,143.61032104492188,108100
2019-11-08,157.38999938964844,158.33999633789062,155.60000610351562,156.42999267578125,142.4989471435547,97500
2019-11-11,155.8699951171875,157.00999450683594,153.77999877929688,154.6999969482422,140.92300415039062,116900
2019-11-12,154.52000427246094,155.35000610351562,153.5,154.22000122070312,140.4857635498047,110300
2019-11-13,153.4600067138672,155.91000366210938,152.41000366210938,155.6999969482422,141.83396911621094,103000
2019-11-14,156.0,156.5,154.86000061035156,156.05999755859375,142.16192626953125,64700
2019-11-15,156.24000549316406,156.86000061035156,155.0,156.33999633789062,142.4169921875,122000
2019-11-18,156.3300018310547,156.33999633789062,154.3000030517578,156.1999969482422,142.2894287109375,106200
2019-11-19,156.8300018310547,161.11000061035156,156.1999969482422,160.60000610351562,146.29759216308594,89000
2019-11-20,160.16000366210938,161.5800018310547,158.44000244140625,158.8800048828125,144.73077392578125,97800
2019-11-21,159.41000366210938,159.41000366210938,157.16000366210938,158.6699981689453,144.5395050048828,102500
2019-11-22,159.38999938964844,159.38999938964844,156.6300048828125,156.8699951171875,142.89976501464844,54200
2019-11-25,157.4499969482422,158.8000030517578,156.35000610351562,158.63999938964844,144.51214599609375,68600
2019-11-26,158.35000610351562,160.6300048828125,158.07000732421875,159.6699981689453,145.450439453125,70900
2019-11-27,160.6300048828125,160.6300048828125,158.67999267578125,159.75999450683594,145.53244018554688,52300
2019-11-29,159.2100067138672,159.35000610351562,157.77000427246094,158.02999877929688,143.95648193359375,33200
2019-12-02,158.17999267578125,158.9499969482422,156.85000610351562,157.5,143.47369384765625,113800
2019-12-03,157.49000549316406,158.5399932861328,156.4499969482422,158.16000366210938,144.0749053955078,80200
2019-12-04,158.44000244140625,159.60000610351562,158.2100067138672,158.5399932861328,144.42105102539062,74300
2019-12-05,158.13999938964844,159.99000549316406,157.47999572753906,157.97000122070312,144.53997802734375,64600
2019-12-06,158.38999938964844,158.97000122070312,156.89999389648438,158.16000366210938,144.71385192871094,73500
2019-12-09,157.74000549316406,158.25,156.6999969482422,157.25999450683594,143.890380859375,56700
2019-12-10,156.6699981689453,158.00999450683594,156.39999389648438,156.94000244140625,143.59759521484375,69200
2019-12-11,156.72999572753906,157.97000122070312,156.2899932861328,157.7899932861328,144.37530517578125,65400
2019-12-12,157.35000610351562,159.3699951171875,157.07000732421875,158.33999633789062,144.8785858154297,71600
2019-12-13,158.25,158.25,154.6699981689453,155.17999267578125,141.98719787597656,75400
2019-12-16,155.64999389648438,157.07000732421875,154.4199981689453,155.16000366210938,141.9689483642578,99500
2019-12-17,155.27999877929688,156.61000061035156,154.8300018310547,156.3699951171875,143.0760498046875,76400
2019-12-18,156.82000732421875,157.47999572753906,155.36000061035156,157.25999450683594,143.890380859375,71100
2019-12-19,157.50999450683594,161.33999633789062,156.6999969482422,159.9600067138672,146.36082458496094,123400
2019-12-20,159.9499969482422,164.99000549316406,159.36000061035156,164.0800018310547,150.13055419921875,365800
2019-12-23,164.67999267578125,164.67999267578125,159.55999755859375,161.47000122070312,147.74241638183594,81700
2019-12-24,161.86000061035156,161.86000061035156,159.5,159.8000030517578,146.21444702148438,29800
2019-12-26,159.85000610351562,160.1199951171875,158.4199981689453,159.69000244140625,146.11380004882812,53200
2019-12-27,159.75999450683594,160.39999389648438,158.82000732421875,160.38999938964844,146.7542724609375,42400
2019-12-30,160.38999938964844,160.5,159.02999877929688,159.77000427246094,146.18698120117188,63800
2019-12-31,160.00999450683594,161.33999633789062,159.60000610351562,160.10000610351562,146.4889373779297,71800
2020-01-02,160.69000244140625,162.24000549316406,155.17999267578125,156.41000366210938,143.1125946044922,131900
2020-01-03,156.0399932861328,157.6199951171875,154.67999267578125,156.88999938964844,143.5518035888672,111300
2020-01-06,155.83999633789062,157.4199981689453,154.4600067138672,155.4499969482422,142.23426818847656,91400
2020-01-07,154.89999389648438,156.3000030517578,154.38999938964844,156.1699981689453,142.89303588867188,86500
2020-01-08,155.74000549316406,158.05999755859375,155.67999267578125,157.24000549316406,143.8720703125,105400
2020-01-09,157.8300018310547,158.42999267578125,155.74000549316406,157.25,143.88121032714844,107100
2020-01-10,157.25999450683594,159.77999877929688,156.75,158.88999938964844,145.38182067871094,103700
2020-01-13,159.1199951171875,163.3699951171875,155.3699951171875,162.91000366210938,149.06004333496094,134400
2020-01-14,162.74000549316406,163.5800018310547,159.27999877929688,161.67999267578125,147.9346160888672,124700
2020-01-15,161.5500030517578,163.17999267578125,159.7899932861328,160.74000549316406,147.07452392578125,102400
2020-01-16,161.4600067138672,163.0800018310547,160.25999450683594,161.57000732421875,147.83395385742188,71500
2020-01-17,162.6300048828125,162.8000030517578,160.3300018310547,160.39999389648438,146.763427734375,84600
2020-01-21,160.5800018310547,161.05999755859375,160.00999450683594,160.75999450683594,147.09280395507812,78400
2020-01-22,162.99000549316406,162.99000549316406,161.11000061035156,162.52000427246094,148.7032012939453,73800
2020-01-23,162.6699981689453,165.49000549316406,161.6300048828125,163.4499969482422,149.55409240722656,144300
2020-01-24,164.02000427246094,164.02000427246094,162.3800048828125,163.1300048828125,149.26133728027344,133200
2020-01-27,162.19000244140625,165.5,161.6999969482422,162.89999389648438,149.05087280273438,112700
2020-01-28,163.6199951171875,163.6199951171875,159.47999572753906,159.92999267578125,146.33338928222656,111500
2020-01-29,160.6999969482422,162.3699951171875,157.17999267578125,157.19000244140625,143.82630920410156,101500
2020-01-30,156.7100067138672,158.77999877929688,156.52999877929688,158.58999633789062,145.10731506347656,115200
2020-01-31,158.07000732421875,158.19000244140625,153.6300048828125,154.64999389648438,141.50221252441406,450000
2020-02-03,155.5500030517578,157.4199981689453,154.86000061035156,155.7899932861328,142.5453338623047,196400
2020-02-04,156.27999877929688,160.44000244140625,152.0,153.7100067138672,140.6421661376953,297700
2020-02-05,154.94000244140625,155.8699951171875,152.55999755859375,152.72000122070312,139.73634338378906,159700
2020-02-06,153.3300018310547,156.32000732421875,152.66000366210938,155.30999755859375,142.10614013671875,180400
2020-02-07,155.11000061035156,155.9199981689453,153.9199981689453,155.00999450683594,141.8316650390625,144800
2020-02-10,155.27000427246094,156.0,153.6199951171875,153.77000427246094,140.6970977783203,70500
2020-02-11,154.19000244140625,155.25,152.4600067138672,154.0,140.9075164794922,78300
2020-02-12,154.3800048828125,154.5500030517578,152.0800018310547,152.6300048828125,139.65399169921875,72200
2020-02-13,152.25999450683594,155.08999633789062,150.16000366210938,154.74000549316406,141.58460998535156,88100
2020-02-14,154.80999755859375,155.16000366210938,153.22000122070312,153.5500030517578,140.49575805664062,77600
2020-02-18,153.58999633789062,153.75999450683594,150.8000030517578,152.5,139.53504943847656,118000
2020-02-19,152.58999633789062,154.33999633789062,150.38999938964844,153.27000427246094,140.2395782470703,95800
2020-02-20,152.97999572753906,155.22999572753906,152.75999450683594,155.11000061035156,141.92315673828125,87700
2020-02-21,155.22000122070312,157.22999572753906,154.35000610351562,156.9499969482422,143.6067352294922,482000
2020-02-24,154.7100067138672,155.41000366210938,152.5,154.02999877929688,140.9349822998047,103000
2020-02-25,154.61000061035156,157.8699951171875,152.39999389648438,153.7100067138672,140.6421661376953,210700
2020-02-26,154.17999267578125,155.25,150.10000610351562,150.77999877929688,137.96128845214844,590600
2020-02-27,149.0,149.75,145.8000030517578,146.3000030517578,133.86215209960938,155900
2020-02-28,143.49000549316406,145.32000732421875,140.3000030517578,144.4499969482422,132.16940307617188,230400
2020-03-02,144.75999450683594,149.7899932861328,143.7899932861328,149.25999450683594,136.5705108642578,162200
2020-03-03,148.74000549316406,151.08999633789062,146.24000549316406,148.88999938964844,136.23196411132812,148800
2020-03-04,150.17999267578125,152.08999633789062,148.0399932861328,151.89999389648438,138.98606872558594,102300
2020-03-05,149.08999633789062,149.75,146.07000732421875,149.1199951171875,137.07406616210938,154400
2020-03-06,146.16000366210938,150.6199951171875,145.1199951171875,150.27000427246094,138.13119506835938,108000
2020-03-09,144.49000549316406,150.19000244140625,140.58999633789062,142.9600067138672,131.41168212890625,128300
2020-03-10,145.0,147.5399932861328,140.0,146.27999877929688,134.46351623535156,128100
2020-03-11,143.63999938964844,145.0500030517578,139.77000427246094,144.3800048828125,132.71693420410156,223600
2020-03-12,139.0500030517578,139.74000549316406,129.80999755859375,133.74000549316406,122.9365005493164,216500
2020-03-13,135.0800018310547,147.9499969482422,133.77000427246094,147.9199981689453,135.97100830078125,253000
2020-03-16,130.08999633789062,151.38999938964844,130.08999633789062,135.10000610351562,124.18661499023438,170100
2020-03-17,137.3300018310547,156.5500030517578,131.2899932861328,154.27999877929688,141.81723022460938,225300
2020-03-18,148.64999389648438,157.86000061035156,147.6999969482422,153.5,141.10025024414062,172900
2020-03-19,152.63999938964844,166.30999755859375,149.4600067138672,164.10000610351562,150.84400939941406,206400
2020-03-20,164.0,164.27999877929688,135.02000427246094,136.72999572753906,125.68492126464844,291000
2020-03-23,138.02000427246094,139.89999389648438,125.01000213623047,125.16999816894531,115.05875396728516,203100
2020-03-24,128.24000549316406,129.0800018310547,119.5,127.91999816894531,117.58663177490234,311700
2020-03-25,127.5199966430664,130.4600067138672,114.55000305175781,129.58999633789062,119.12168884277344,816700
2020-03-26,130.50999450683594,137.27999877929688,130.50999450683594,137.02000427246094,125.95153045654297,157100
2020-03-27,134.0399932861328,138.3000030517578,130.5800018310547,133.6999969482422,122.89971160888672,113800
2020-03-30,135.63999938964844,138.44000244140625,133.25,137.83999633789062,126.70528411865234,153100
2020-03-31,137.6699981689453,148.41000366210938,136.88999938964844,144.63999938964844,132.95599365234375,241700
2020-04-01,140.52999877929688,141.80999755859375,133.52999877929688,135.0500030517578,124.1406478881836,144500
2020-04-02,133.13999938964844,135.82000732421875,126.80999755859375,127.98999786376953,117.65094757080078,180700
2020-04-03,126.70999908447266,126.83000183105469,116.87000274658203,124.4800033569336,114.42449951171875,460100
2020-04-06,127.9800033569336,133.22000122070312,122.9800033569336,132.22999572753906,121.54844665527344,243200
2020-04-07,134.10000610351562,136.0500030517578,125.05999755859375,126.06999969482422,115.88605499267578,245300
2020-04-08,129.1699981689453,132.6199951171875,124.43000030517578,130.83999633789062,120.270751953125,212200
2020-04-09,132.8300018310547,135.8800048828125,131.88999938964844,133.2100067138672,122.44929504394531,103300
2020-04-13,132.41000366210938,133.1699981689453,127.55000305175781,129.10000610351562,118.67129516601562,109100
2020-04-14,131.88999938964844,135.1199951171875,131.0,134.8300018310547,123.93841552734375,150500
2020-04-15,133.4199981689453,135.5399932861328,130.16000366210938,134.27999877929688,123.432861328125,155100
2020-04-16,135.85000610351562,141.0,134.5399932861328,140.6199951171875,129.2606964111328,170500
2020-04-17,144.8300018310547,145.80999755859375,141.5500030517578,143.27999877929688,131.705810546875,151600
2020-04-20,142.1999969482422,146.27999877929688,140.94000244140625,143.4600067138672,131.87130737304688,176700
2020-04-21,140.94000244140625,144.0500030517578,135.30999755859375,135.9600067138672,124.9771499633789,167900
2020-04-22,137.64999389648438,139.02999877929688,135.33999633789062,135.69000244140625,124.7289810180664,104200
2020-04-23,135.00999450683594,135.00999450683594,132.66000366210938,133.1999969482422,122.44009399414062,123300
2020-04-24,134.44000244140625,136.11000061035156,132.50999450683594,135.49000549316406,124.54511260986328,93000
2020-04-27,137.10000610351562,141.52999877929688,135.0500030517578,139.22999572753906,127.98299407958984,117900
2020-04-28,141.49000549316406,144.0399932861328,138.74000549316406,140.75,129.3801727294922,130900
2020-04-29,142.86000061035156,146.7899932861328,140.3000030517578,143.83999633789062,132.22059631347656,146600
2020-04-30,141.97999572753906,141.97999572753906,134.35000610351562,134.6300048828125,123.75458526611328,380200
2020-05-01,132.57000732421875,136.44000244140625,131.9600067138672,135.0399932861328,124.1314697265625,234200
2020-05-04,134.99000549316406,136.36000061035156,132.00999450683594,134.9600067138672,124.05792999267578,154400
2020-05-05,142.7899932861328,147.60000610351562,138.38999938964844,142.6300048828125,131.1083526611328,304300
2020-05-06,142.97999572753906,144.02999877929688,141.25,141.8000030517578,130.3453826904297,185900
2020-05-07,143.35000610351562,144.39999389648438,138.07000732421875,139.4600067138672,128.1944122314453,136900
2020-05-08,141.39999389648438,146.50999450683594,140.22000122070312,146.3000030517578,134.48190307617188,132600
2020-05-11,145.50999450683594,148.97999572753906,145.50999450683594,146.8000030517578,134.9414825439453,187600
2020-05-12,146.77999877929688,147.4600067138672,144.83999633789062,145.0500030517578,133.33287048339844,133600
2020-05-13,144.61000061035156,145.94000244140625,142.3300018310547,145.67999267578125,133.91197204589844,148900
2020-05-14,143.4199981689453,145.05999755859375,141.8000030517578,143.50999450683594,131.91725158691406,133900
2020-05-15,142.89999389648438,147.83999633789062,142.89999389648438,145.44000244140625,133.69137573242188,406000
2020-05-18,147.25,149.27000427246094,145.8300018310547,148.25,136.27435302734375,115400
2020-05-19,147.24000549316406,150.33999633789062,145.57000732421875,145.69000244140625,133.92117309570312,140200
2020-05-20,147.39999389648438,148.1999969482422,145.13999938964844,145.4600067138672,133.70974731445312,115100
2020-05-21,144.85000610351562,146.97000122070312,142.72999572753906,143.27999877929688,131.705810546875,137000
2020-05-22,143.0399932861328,144.74000549316406,142.10000610351562,142.80999755859375,131.27378845214844,73100
2020-05-26,146.2100067138672,150.7899932861328,145.5,148.32000732421875,136.33876037597656,149500
2020-05-27,150.9600067138672,156.6199951171875,148.72999572753906,155.91000366210938,143.31561279296875,273000
2020-05-28,158.16000366210938,159.41000366210938,151.32000732421875,153.47999572753906,141.08187866210938,603200
2020-05-29,152.02999877929688,154.07000732421875,149.14999389648438,153.4600067138672,141.0635223388672,174700
2020-06-01,154.8000030517578,155.25,152.02000427246094,154.11000061035156,141.6609649658203,115400
2020-06-02,153.99000549316406,154.2100067138672,151.64999389648438,153.22999572753906,140.85203552246094,57200
2020-06-03,154.88999938964844,156.14999389648438,153.10000610351562,155.0,142.47906494140625,105200
2020-06-04,153.8300018310547,156.41000366210938,153.8300018310547,155.6699981689453,143.09498596191406,111300
2020-06-05,158.6999969482422,165.75,158.00999450683594,165.50999450683594,152.1400909423828,185600
2020-06-08,165.0800018310547,168.2100067138672,164.77000427246094,167.22999572753906,154.3740692138672,181700
2020-06-09,165.6699981689453,166.0800018310547,162.8699951171875,163.3800048828125,150.8199920654297,169800
2020-06-10,164.1999969482422,165.13999938964844,160.6300048828125,163.5399932861328,150.96774291992188,176700
2020-06-11,160.6199951171875,161.67999267578125,154.72999572753906,155.24000549316406,143.30580139160156,157000
2020-06-12,159.02000427246094,159.14999389648438,152.6999969482422,154.97000122070312,143.0565643310547,126400
2020-06-15,153.16000366210938,160.24000549316406,152.49000549316406,160.2100067138672,147.89370727539062,144500
2020-06-16,163.41000366210938,164.91000366210938,158.0,158.25,146.0844268798828,111000
2020-06-17,159.47999572753906,163.0399932861328,157.27999877929688,158.1699981689453,146.01052856445312,137400
2020-06-18,158.00999450683594,159.0,155.11000061035156,155.7899932861328,143.8135223388672,95000
2020-06-19,156.8300018310547,159.8300018310547,154.16000366210938,154.72000122070312,142.82577514648438,210900
2020-06-22,153.6699981689453,153.8000030517578,151.63999938964844,152.72000122070312,140.97955322265625,90000
2020-06-23,153.0,154.05999755859375,148.47000122070312,150.88999938964844,139.29019165039062,189100
2020-06-24,150.24000549316406,152.6300048828125,148.36000061035156,150.2899932861328,138.73631286621094,501700
2020-06-25,149.5399932861328,152.5,149.35000610351562,151.8300018310547,140.157958984375,144900
2020-06-26,151.3300018310547,152.10000610351562,146.74000549316406,147.02000427246094,135.7176971435547,332800
2020-06-29,148.1300048828125,153.6999969482422,147.67999267578125,151.6699981689453,140.01025390625,114600
2020-06-30,151.7100067138672,155.4600067138672,151.7100067138672,154.99000549316406,143.0749969482422,114700
2020-07-01,154.1999969482422,156.77999877929688,153.3300018310547,154.88999938964844,142.98268127441406,123200
2020-07-02,157.16000366210938,159.30999755859375,156.8300018310547,157.5500030517578,145.438232421875,122100
2020-07-06,159.5800018310547,160.83999633789062,158.02000427246094,158.6699981689453,146.47210693359375,115700
2020-07-07,157.47000122070312,159.72999572753906,157.47000122070312,158.5,146.31520080566406,67400
2020-07-08,158.47000122070312,158.77000427246094,153.61000061035156,156.6199951171875,144.57972717285156,65200
2020-07-09,155.74000549316406,156.35000610351562,151.4199981689453,153.1199951171875,141.34878540039062,131800
2020-07-10,154.11000061035156,157.0500030517578,152.82000732421875,156.44000244140625,144.41351318359375,77300
2020-07-13,157.00999450683594,158.0800018310547,153.6300048828125,153.86000061035156,142.03187561035156,82700
2020-07-14,153.91000366210938,156.57000732421875,152.6199951171875,156.02000427246094,144.0258331298828,76400
2020-07-15,158.47999572753906,160.0,156.55999755859375,156.89999389648438,144.8381805419922,116800
2020-07-16,156.4499969482422,159.4199981689453,156.4499969482422,158.3699951171875,146.19517517089844,87900
2020-07-17,158.39999389648438,159.3300018310547,156.6699981689453,156.75,144.69969177246094,80800
2020-07-20,155.92999267578125,157.1300048828125,153.61000061035156,156.1300048828125,144.1273956298828,62700
2020-07-21,157.5,160.64999389648438,156.82000732421875,156.92999267578125,144.86587524414062,95400
2020-07-22,156.19000244140625,159.1199951171875,154.83999633789062,158.14999389648438,145.99209594726562,101100
2020-07-23,158.80999755859375,160.16000366210938,156.9600067138672,158.77999877929688,146.5736541748047,95400
2020-07-24,159.33999633789062,163.9199981689453,156.1999969482422,156.5,144.4689483642578,65900
2020-07-27,156.8800048828125,159.42999267578125,156.13999938964844,159.0,146.77674865722656,93700
2020-07-28,158.05999755859375,160.88999938964844,156.1999969482422,157.08999633789062,145.01356506347656,94300
2020-07-29,158.22999572753906,160.92999267578125,157.3300018310547,159.08999633789062,146.8598175048828,65700
2020-07-30,157.55999755859375,159.5500030517578,156.60000610351562,158.35000610351562,146.1767120361328,98600
2020-07-31,157.5,159.25999450683594,156.69000244140625,158.58999633789062,146.39828491210938,148700
2020-08-03,159.32000732421875,160.72999572753906,157.16000366210938,160.02000427246094,147.7183380126953,73900
2020-08-04,158.9199981689453,161.63999938964844,158.02999877929688,160.91000366210938,148.53993225097656,71500
2020-08-05,162.05999755859375,162.1699981689453,159.41000366210938,160.02999877929688,147.72760009765625,82800
2020-08-06,159.66000366210938,161.41000366210938,159.66000366210938,160.80999755859375,148.4475860595703,55100
2020-08-07,160.25999450683594,165.17999267578125,160.25999450683594,165.1300048828125,152.4355010986328,83200
2020-08-10,165.7899932861328,167.8300018310547,164.7100067138672,167.66000366210938,154.77102661132812,84600
2020-08-11,169.49000549316406,170.6300048828125,168.02999877929688,168.60000610351562,155.63873291015625,85500
2020-08-12,169.83999633789062,172.92999267578125,169.74000549316406,171.74000549316406,158.53732299804688,72600
2020-08-13,171.42999267578125,172.7899932861328,170.38999938964844,171.3000030517578,158.13116455078125,62300
2020-08-14,170.3699951171875,171.6699981689453,167.75,168.66000366210938,155.6941375732422,67800
2020-08-17,169.17999267578125,171.2899932861328,168.6699981689453,169.55999755859375,156.52491760253906,46000
2020-08-18,169.10000610351562,169.22000122070312,166.83999633789062,167.17999267578125,154.327880859375,84200
2020-08-19,167.75999450683594,167.75999450683594,165.72999572753906,167.25,154.3925018310547,65400
2020-08-20,166.35000610351562,168.49000549316406,164.1999969482422,167.08999633789062,154.2447967529297,96700
2020-08-21,166.5399932861328,168.16000366210938,166.1999969482422,167.19000244140625,154.33712768554688,79900
2020-08-24,168.27000427246094,171.2100067138672,167.66000366210938,171.05999755859375,157.9096221923828,75000
2020-08-25,171.89999389648438,171.89999389648438,168.72000122070312,169.1999969482422,156.19259643554688,60600
2020-08-26,169.22000122070312,171.0,168.3800048828125,169.11000061035156,156.10952758789062,121900
2020-08-27,172.47999572753906,184.25,170.0,172.86000061035156,159.57127380371094,153200
2020-08-28,173.63999938964844,175.77000427246094,171.08999633789062,174.5500030517578,161.13131713867188,107700
2020-08-31,173.86000061035156,179.00999450683594,172.08999633789062,177.72000122070312,164.05763244628906,167900
2020-09-01,177.17999267578125,178.41000366210938,174.5500030517578,177.0500030517578,163.4391326904297,111200
2020-09-02,177.0,182.02999877929688,176.97999572753906,179.9199981689453,166.08851623535156,114700
2020-09-03,179.24000549316406,180.66000366210938,176.7899932861328,177.82000732421875,164.14991760253906,53700
2020-09-04,179.11000061035156,180.64999389648438,176.55999755859375,180.14999389648438,166.30081176757812,67300
2020-09-08,177.94000244140625,177.94000244140625,174.42999267578125,174.80999755859375,162.00082397460938,81900
2020-09-09,175.67999267578125,179.25999450683594,175.67999267578125,176.92999267578125,163.96543884277344,64000
2020-09-10,176.52000427246094,177.9499969482422,175.64999389648438,175.8300018310547,162.94607543945312,70700
2020-09-11,175.8000030517578,176.8000030517578,172.83999633789062,173.66000366210938,160.93505859375,80900
2020-09-14,173.97000122070312,177.00999450683594,171.50999450683594,176.6300048828125,163.68743896484375,73300
2020-09-15,184.97000122070312,184.97000122070312,176.92999267578125,177.4499969482422,164.4473419189453,155000
2020-09-16,177.91000366210938,181.27000427246094,177.63999938964844,179.1699981689453,166.04135131835938,95300
2020-09-17,177.19000244140625,179.1199951171875,176.97000122070312,177.83999633789062,164.80880737304688,88100
2020-09-18,179.3300018310547,181.35000610351562,176.91000366210938,179.4199981689453,166.27301025390625,282300
2020-09-21,177.1999969482422,178.33999633789062,173.80999755859375,175.6699981689453,162.79779052734375,97200
2020-09-22,175.83999633789062,178.97000122070312,174.89999389648438,176.8699951171875,163.90985107421875,90400
2020-09-23,177.69000244140625,178.75999450683594,175.27999877929688,176.77000427246094,163.8171844482422,127200
2020-09-24,177.19000244140625,180.9199981689453,175.8300018310547,178.47999572753906,165.40191650390625,78100
2020-09-25,178.27999877929688,181.3300018310547,178.17999267578125,179.97000122070312,166.78273010253906,81000
2020-09-28,181.52000427246094,184.2100067138672,181.0399932861328,183.02000427246094,169.60923767089844,93200
2020-09-29,183.17999267578125,183.17999267578125,178.05999755859375,178.24000549316406,165.1794891357422,89800
2020-09-30,178.36000061035156,181.3699951171875,177.7100067138672,178.8000030517578,165.698486328125,107000
2020-10-01,178.6999969482422,178.6999969482422,175.07000732421875,177.6300048828125,164.61419677734375,73100
2020-10-02,175.75999450683594,177.75999450683594,174.94000244140625,176.75999450683594,163.8079376220703,78600
2020-10-05,178.16000366210938,179.22000122070312,177.58999633789062,178.72000122070312,165.62428283691406,55600
2020-10-06,179.49000549316406,179.61000061035156,174.97999572753906,176.0399932861328,163.1406707763672,81600
2020-10-07,177.2100067138672,177.2100067138672,174.82000732421875,176.3300018310547,163.409423828125,126800
2020-10-08,177.7100067138672,180.1300048828125,177.0,177.39999389648438,164.4010009765625,73600
2020-10-09,178.4600067138672,179.19000244140625,175.72999572753906,176.88999938964844,163.9284210205078,67100
2020-10-12,177.10000610351562,180.67999267578125,176.97000122070312,179.63999938964844,166.47689819335938,59700
2020-10-13,179.32000732421875,180.77000427246094,176.27999877929688,178.4600067138672,165.38336181640625,61400
2020-10-14,178.5,180.25999450683594,176.60000610351562,177.47000122070312,164.46592712402344,51300
2020-10-15,175.3699951171875,177.72999572753906,174.5399932861328,176.99000549316406,164.0210723876953,65100
2020-10-16,176.41000366210938,178.0500030517578,174.14999389648438,174.61000061035156,161.81544494628906,77000
2020-10-19,174.72000122070312,176.85000610351562,172.4499969482422,174.5,161.7135467529297,90000
2020-10-20,175.8699951171875,177.3699951171875,174.64999389648438,175.88999938964844,163.00164794921875,86600
2020-10-21,176.11000061035156,179.5800018310547,176.11000061035156,179.0800018310547,165.95791625976562,77500
2020-10-22,179.99000549316406,182.38999938964844,178.5,182.38999938964844,169.02537536621094,102000
2020-10-23,183.14999389648438,183.30999755859375,181.38999938964844,183.0,169.59068298339844,63100
2020-10-26,181.52000427246094,182.61000061035156,177.52000427246094,179.1300048828125,166.00425720214844,94700
2020-10-27,178.47999572753906,180.13999938964844,176.9499969482422,177.22999572753906,164.24351501464844,82400
2020-10-28,175.32000732421875,175.32000732421875,166.97000122070312,167.3000030517578,155.04112243652344,121400
2020-10-29,166.44000244140625,167.0399932861328,163.6699981689453,165.80999755859375,153.6602783203125,143900
2020-10-30,165.55999755859375,167.0500030517578,163.3000030517578,166.13999938964844,153.96609497070312,268700
2020-11-02,168.02000427246094,170.77000427246094,166.66000366210938,169.61000061035156,157.1818389892578,71000
2020-11-03,171.67999267578125,177.9600067138672,171.1199951171875,176.80999755859375,163.85426330566406,141700
2020-11-04,163.11000061035156,172.47999572753906,162.52999877929688,169.5399932861328,157.11697387695312,172200
2020-11-05,169.72000122070312,171.77999877929688,167.11000061035156,168.38999938964844,156.05123901367188,113800
2020-11-06,168.52999877929688,170.66000366210938,166.97999572753906,168.61000061035156,156.25511169433594,111200
2020-11-09,176.91000366210938,181.3800048828125,168.07000732421875,168.0800018310547,155.76394653320312,193800
2020-11-10,169.52000427246094,173.74000549316406,169.35000610351562,172.24000549316406,159.619140625,131100
2020-11-11,173.41000366210938,174.08999633789062,170.67999267578125,172.4199981689453,159.78591918945312,88200
2020-11-12,171.94000244140625,174.00999450683594,171.19000244140625,173.85000610351562,161.11119079589844,108600
2020-11-13,174.8000030517578,175.75999450683594,171.97999572753906,174.9199981689453,162.10275268554688,78500
2020-11-16,177.08999633789062,179.6300048828125,175.86000061035156,179.6199951171875,166.45834350585938,91000
2020-11-17,178.14999389648438,180.47999572753906,177.64999389648438,179.88999938964844,166.7085723876953,98700
2020-11-18,179.77000427246094,180.38999938964844,177.67999267578125,178.27000427246094,165.20729064941406,123200
2020-11-19,177.35000610351562,177.35000610351562,172.25999450683594,173.52000427246094,160.8053436279297,96400
2020-11-20,171.8699951171875,173.64999389648438,170.1999969482422,173.0,160.32342529296875,132500
2020-11-23,172.67999267578125,173.25999450683594,168.89999389648438,172.61000061035156,159.96202087402344,196700
2020-11-24,174.38999938964844,176.77999877929688,171.0399932861328,175.10000610351562,162.26954650878906,252700
2020-11-25,175.36000061035156,177.67999267578125,170.5,171.2899932861328,158.7387237548828,604600
2020-11-27,170.61000061035156,171.27999877929688,167.66000366210938,170.75,158.23831176757812,91600
2020-11-30,169.42999267578125,170.8000030517578,166.67999267578125,169.3300018310547,156.92239379882812,166200
2020-12-01,170.07000732421875,171.94000244140625,166.82000732421875,171.00999450683594,158.479248046875,179900
2020-12-02,170.17999267578125,171.0500030517578,165.7100067138672,167.44000244140625,155.17083740234375,127200
2020-12-03,167.22000122070312,169.3800048828125,165.35000610351562,168.94000244140625,156.56092834472656,94900
2020-12-04,168.3000030517578,172.02999877929688,168.3000030517578,171.66000366210938,159.791015625,124200
2020-12-07,171.24000549316406,174.16000366210938,169.72999572753906,173.6300048828125,161.6248016357422,228400
2020-12-08,172.97000122070312,181.2899932861328,172.97000122070312,175.69000244140625,163.54237365722656,306700
2020-12-09,176.4499969482422,176.64999389648438,169.67999267578125,173.9199981689453,161.89476013183594,100800
2020-12-10,173.94000244140625,174.52000427246094,170.19000244140625,171.82000732421875,159.93995666503906,63100
2020-12-11,171.2100067138672,174.16000366210938,171.13999938964844,172.61000061035156,160.67532348632812,71700
2020-12-14,174.33999633789062,176.0399932861328,172.72000122070312,173.3699951171875,161.38278198242188,90500
2020-12-15,174.17999267578125,175.8000030517578,171.19000244140625,172.0800018310547,160.1819610595703,102500
2020-12-16,172.8800048828125,174.32000732421875,170.1300048828125,171.47000122070312,159.61415100097656,78800
2020-12-17,171.22999572753906,173.3699951171875,170.08999633789062,172.4600067138672,160.5356903076172,108900
2020-12-18,172.0,173.7100067138672,170.9499969482422,171.0,159.17666625976562,233300
2020-12-21,169.07000732421875,171.30999755859375,166.77999877929688,171.05999755859375,159.23245239257812,96300
2020-12-22,171.60000610351562,171.60000610351562,169.2100067138672,169.72000122070312,157.98513793945312,129800
2020-12-23,170.66000366210938,172.99000549316406,169.52999877929688,172.14999389648438,160.2471466064453,92400
2020-12-24,173.25999450683594,174.50999450683594,172.1199951171875,174.3000030517578,162.2484893798828,33600
2020-12-28,175.97999572753906,178.27000427246094,174.58999633789062,177.60000610351562,165.32032775878906,101800
2020-12-29,178.52999877929688,179.6699981689453,176.9199981689453,179.0,166.62351989746094,91500
2020-12-30,179.24000549316406,180.91000366210938,179.2100067138672,180.3000030517578,167.8336181640625,86300
2020-12-31,180.4199981689453,184.19000244140625,178.82000732421875,183.72999572753906,171.02645874023438,136300
2021-01-04,183.60000610351562,184.64999389648438,175.07000732421875,177.5500030517578,165.27377319335938,102800
2021-01-05,177.64999389648438,179.17999267578125,176.11000061035156,178.00999450683594,165.70193481445312,115000
2021-01-06,179.19000244140625,184.83999633789062,179.19000244140625,182.0,169.41610717773438,161600
2021-01-07,182.55999755859375,183.83999633789062,179.3800048828125,182.19000244140625,169.5929412841797,82100
2021-01-08,181.88999938964844,181.88999938964844,179.02000427246094,180.0399932861328,167.5915985107422,84900
2021-01-11,179.17999267578125,180.86000061035156,173.1999969482422,174.2100067138672,162.1647186279297,74300
2021-01-12,173.82000732421875,174.33999633789062,172.27000427246094,173.00999450683594,161.04769897460938,69100
2021-01-13,172.17999267578125,173.27000427246094,170.64999389648438,172.10000610351562,160.2006072998047,87500
2021-01-14,173.17999267578125,177.02000427246094,172.47999572753906,174.2100067138672,162.1647186279297,86500
2021-01-15,174.07000732421875,177.02000427246094,171.6699981689453,174.27000427246094,162.22056579589844,96400
2021-01-19,175.92999267578125,178.4499969482422,173.1699981689453,173.38999938964844,161.40138244628906,89600
2021-01-20,174.3000030517578,175.74000549316406,172.74000549316406,175.0,162.9000701904297,124800
2021-01-21,175.77999877929688,176.4199981689453,174.3000030517578,174.4600067138672,162.39743041992188,54400
2021-01-22,173.50999450683594,177.22999572753906,173.50999450683594,174.4600067138672,162.39743041992188,82300
2021-01-25,173.3000030517578,179.55999755859375,173.3000030517578,177.8300018310547,165.53440856933594,111500
2021-01-26,178.1199951171875,180.22000122070312,176.0399932861328,179.27000427246094,166.87486267089844,119600
2021-01-27,176.9199981689453,184.13999938964844,170.2100067138672,179.39999389648438,166.99583435058594,197500
2021-01-28,179.60000610351562,180.3800048828125,174.50999450683594,176.4600067138672,164.25914001464844,108700
2021-01-29,175.97999572753906,177.47000122070312,171.61000061035156,174.5800018310547,162.50914001464844,375800
2021-02-01,174.5800018310547,175.2899932861328,170.25999450683594,174.0500030517578,162.01576232910156,98600
2021-02-02,174.8000030517578,178.02999877929688,174.30999755859375,177.5500030517578,165.27377319335938,69900
2021-02-03,176.66000366210938,179.32000732421875,175.61000061035156,179.02999877929688,166.65142822265625,88900
2021-02-04,180.14999389648438,186.6999969482422,179.72000122070312,180.7899932861328,168.28970336914062,104400
2021-02-05,181.72999572753906,182.3800048828125,177.4600067138672,180.5399932861328,168.0570068359375,85700
2021-02-08,180.0399932861328,184.4199981689453,178.8300018310547,184.25,171.51052856445312,88300
2021-02-09,183.11000061035156,185.8800048828125,183.11000061035156,185.4600067138672,172.63685607910156,56800
2021-02-10,186.97000122070312,188.25,184.55999755859375,185.47000122070312,172.6461639404297,99000
2021-02-11,186.4199981689453,187.38999938964844,183.75999450683594,184.6300048828125,171.86424255371094,81500
2021-02-12,184.58999633789062,185.5,182.72000122070312,184.85000610351562,172.0690155029297,54200
2021-02-16,185.4199981689453,185.75,178.97999572753906,180.19000244140625,167.73123168945312,132700
2021-02-17,179.38999938964844,180.94000244140625,178.77000427246094,179.5,167.0889434814453,48800
2021-02-18,179.08999633789062,181.19000244140625,179.08999633789062,179.83999633789062,167.40541076660156,60600
2021-02-19,179.74000549316406,180.5399932861328,177.86000061035156,178.47000122070312,166.1301727294922,113400
2021-02-22,178.47000122070312,178.6699981689453,174.5,176.47000122070312,164.26846313476562,63800
2021-02-23,176.4499969482422,179.97000122070312,176.3699951171875,177.99000549316406,165.68333435058594,57600
2021-02-24,178.08999633789062,183.0800018310547,176.97000122070312,177.36000061035156,165.0968780517578,74300
2021-02-25,177.0399932861328,179.6199951171875,176.7100067138672,176.97999572753906,164.74314880371094,65200
2021-02-26,177.25,178.52000427246094,174.5,174.6699981689453,162.5928955078125,110800
2021-03-01,176.9499969482422,179.6300048828125,175.91000366210938,177.35000610351562,165.08763122558594,67200
2021-03-02,177.0,177.52999877929688,173.39999389648438,174.75999450683594,162.67666625976562,78200
2021-03-03,174.25999450683594,176.22999572753906,173.39999389648438,174.11000061035156,162.07162475585938,86600
2021-03-04,174.94000244140625,179.08999633789062,174.8800048828125,175.24000549316406,163.12347412109375,87200
2021-03-05,176.7100067138672,180.86000061035156,175.5399932861328,180.3800048828125,167.90811157226562,83400
2021-03-08,178.1199951171875,183.02000427246094,176.3800048828125,181.4199981689453,169.5812530517578,88900
2021-03-09,182.5500030517578,183.8300018310547,179.00999450683594,180.5500030517578,168.76809692382812,64500
2021-03-10,181.00999450683594,184.44000244140625,180.77999877929688,183.02999877929688,171.08619689941406,52700
2021-03-11,183.75999450683594,184.8000030517578,182.39999389648438,183.91000366210938,171.90879821777344,54200
2021-03-12,184.0,186.25,183.9199981689453,185.49000549316406,173.38571166992188,80900
2021-03-15,185.5,185.8800048828125,183.92999267578125,185.3000030517578,173.2080841064453,50200
2021-03-16,184.82000732421875,185.5399932861328,182.4199981689453,185.41000366210938,173.31092834472656,46200
2021-03-17,185.36000061035156,185.36000061035156,182.08999633789062,183.39999389648438,171.4320831298828,58900
2021-03-18,183.35000610351562,183.35000610351562,180.4600067138672,182.25999450683594,170.366455078125,58100
2021-03-19,182.42999267578125,186.1999969482422,181.8300018310547,184.77999877929688,172.7220458984375,296500
2021-03-22,185.0,185.72999572753906,182.3300018310547,183.91000366210938,171.90879821777344,83100
2021-03-23,182.9499969482422,183.86000061035156,179.32000732421875,180.6699981689453,168.88023376464844,98100
2021-03-24,181.47999572753906,182.63999938964844,179.52000427246094,179.8300018310547,168.09503173828125,83500
2021-03-25,179.6699981689453,181.44000244140625,178.25999450683594,180.74000549316406,168.94566345214844,60200
2021-03-26,181.52999877929688,183.67999267578125,180.17999267578125,183.67999267578125,171.69383239746094,89100
2021-03-29,181.74000549316406,185.49000549316406,179.77000427246094,181.36000061035156,169.52516174316406,207000
2021-03-30,181.61000061035156,185.1300048828125,178.10000610351562,179.77000427246094,168.0389862060547,131600
2021-03-31,180.10000610351562,180.10000610351562,175.19000244140625,175.36000061035156,163.91673278808594,111800
2021-04-01,176.0500030517578,178.41000366210938,174.22999572753906,177.85000610351562,166.24424743652344,64600
2021-04-05,178.8699951171875,179.47000122070312,176.05999755859375,178.08999633789062,166.4685821533203,83500
2021-04-06,178.4199981689453,180.39999389648438,177.66000366210938,178.33999633789062,166.70228576660156,55800
2021-04-07,178.6300048828125,179.3800048828125,175.7100067138672,178.33999633789062,166.70228576660156,54700
2021-04-08,177.85000610351562,179.74000549316406,177.7899932861328,179.27000427246094,167.57162475585938,72400
2021-04-09,179.66000366210938,179.74000549316406,177.1999969482422,178.85000610351562,167.1790008544922,51000
2021-04-12,179.24000549316406,181.66000366210938,178.35000610351562,179.94000244140625,168.19786071777344,104000
2021-04-13,180.14999389648438,181.1300048828125,178.60000610351562,179.86000061035156,168.12307739257812,68100
2021-04-14,180.66000366210938,181.44000244140625,178.3800048828125,178.77000427246094,167.10421752929688,55200
2021-04-15,180.27000427246094,181.0399932861328,179.19000244140625,180.25999450683594,168.49697875976562,66300
2021-04-16,179.97000122070312,181.63999938964844,178.94000244140625,180.4600067138672,168.68389892578125,90000
2021-04-19,180.91000366210938,182.52999877929688,179.60000610351562,182.16000366210938,170.27301025390625,49700
2021-04-20,181.25999450683594,183.75,180.47000122070312,181.8000030517578,169.93649291992188,53300
2021-04-21,182.44000244140625,185.74000549316406,182.44000244140625,185.1300048828125,173.04917907714844,74800
2021-04-22,185.99000549316406,187.27999877929688,184.82000732421875,184.97999572753906,172.90895080566406,86400
2021-04-23,185.00999450683594,187.3800048828125,183.35000610351562,185.77000427246094,173.64744567871094,79000
2021-04-26,186.5,187.0,183.10000610351562,183.60000610351562,171.6190185546875,49100
2021-04-27,183.5,185.0,182.6699981689453,183.50999450683594,171.53489685058594,63400
2021-04-28,184.0,184.82000732421875,181.66000366210938,182.5,170.5908203125,68000
2021-04-29,182.5800018310547,186.41000366210938,182.14999389648438,185.75999450683594,173.63809204101562,83700
2021-04-30,184.55999755859375,186.88999938964844,183.57000732421875,184.7100067138672,172.65658569335938,347800
2021-05-03,185.4199981689453,188.83999633789062,184.60000610351562,188.17999267578125,175.90016174316406,98900
2021-05-04,186.8000030517578,193.66000366210938,183.5,187.1999969482422,174.98411560058594,205200
2021-05-05,188.22999572753906,189.07000732421875,183.99000549316406,186.13999938964844,173.99327087402344,120800
2021-05-06,186.44000244140625,190.85000610351562,186.13999938964844,190.41000366210938,177.984619140625,95900
2021-05-07,189.38999938964844,189.9600067138672,186.85000610351562,189.02000427246094,176.68533325195312,56400
2021-05-10,189.0,190.41000366210938,187.5,189.0,176.66664123535156,89700
2021-05-11,188.97000122070312,189.8000030517578,187.27999877929688,188.5,176.19924926757812,102200
2021-05-12,188.1999969482422,189.3800048828125,182.33999633789062,182.8300018310547,170.89927673339844,79800
2021-05-13,182.4499969482422,189.57000732421875,182.00999450683594,188.25,175.96559143066406,91000
2021-05-14,188.82000732421875,190.2100067138672,187.02999877929688,190.02000427246094,177.6200714111328,73400
2021-05-17,188.55999755859375,190.1199951171875,187.8699951171875,189.3000030517578,176.9470672607422,41700
2021-05-18,189.0,189.8699951171875,185.97999572753906,185.97999572753906,173.8437042236328,103200
2021-05-19,185.69000244140625,187.6699981689453,184.32000732421875,187.3000030517578,175.07762145996094,44000
2021-05-20,187.61000061035156,189.13999938964844,187.1999969482422,187.6999969482422,175.4514923095703,73100
2021-05-21,188.7899932861328,190.0,186.14999389648438,186.99000549316406,174.78782653808594,103900
2021-05-24,186.83999633789062,188.52000427246094,185.9600067138672,186.1999969482422,174.0493621826172,51400
2021-05-25,186.60000610351562,187.72999572753906,185.63999938964844,187.05999755859375,174.85325622558594,86400
2021-05-26,187.05999755859375,189.72000122070312,185.92999267578125,187.58999633789062,175.34866333007812,130100
2021-05-27,188.55999755859375,188.6199951171875,185.72000122070312,186.0500030517578,173.9091796875,79500
2021-05-28,186.38999938964844,189.0500030517578,185.6199951171875,186.6699981689453,174.48867797851562,98400
2021-06-01,187.22000122070312,189.05999755859375,185.74000549316406,188.0,175.73190307617188,134500
2021-06-02,188.8000030517578,190.94000244140625,187.1300048828125,189.8300018310547,177.44248962402344,107600
2021-06-03,189.10000610351562,191.5399932861328,187.89999389648438,190.9199981689453,178.46136474609375,72600
2021-06-04,191.25,193.3800048828125,190.89999389648438,192.7899932861328,180.2093048095703,74800
2021-06-07,192.8800048828125,194.57000732421875,192.5399932861328,194.5399932861328,181.84512329101562,101900
2021-06-08,194.97999572753906,197.30999755859375,194.0399932861328,196.52000427246094,184.40684509277344,127800
2021-06-09,196.4499969482422,198.4600067138672,195.58999633789062,196.1300048828125,184.04090881347656,75600
2021-06-10,196.80999755859375,196.80999755859375,193.19000244140625,195.14999389648438,183.12127685546875,74700
2021-06-11,195.88999938964844,197.39999389648438,194.0,197.11000061035156,184.96051025390625,75200
2021-06-14,196.30999755859375,196.60000610351562,194.3000030517578,196.27000427246094,184.17225646972656,57600
2021-06-15,197.07000732421875,197.1199951171875,195.07000732421875,196.3300018310547,184.2285614013672,72300
2021-06-16,196.92999267578125,197.35000610351562,195.2899932861328,195.75999450683594,183.6936798095703,68700
2021-06-17,196.0,197.11000061035156,194.6300048828125,196.05999755859375,183.97520446777344,64100
2021-06-18,194.05999755859375,195.39999389648438,190.57000732421875,191.24000549316406,179.4523162841797,147200
2021-06-21,191.44000244140625,193.27999877929688,191.44000244140625,193.0,181.1038055419922,67800
2021-06-22,192.55999755859375,194.5800018310547,191.33999633789062,194.07000732421875,182.10784912109375,103100
2021-06-23,193.64999389648438,193.80999755859375,190.57000732421875,191.27000427246094,179.48045349121094,126300
2021-06-24,192.35000610351562,192.67999267578125,190.6999969482422,192.11000061035156,180.26866149902344,56800
2021-06-25,192.13999938964844,195.88999938964844,190.80999755859375,195.58999633789062,183.53416442871094,319100
2021-06-28,194.91000366210938,194.91000366210938,191.8800048828125,193.75,181.8076171875,80900
2021-06-29,193.88999938964844,194.61000061035156,193.1199951171875,193.85000610351562,181.90142822265625,81500
2021-06-30,194.0800018310547,194.80999755859375,192.6199951171875,193.50999450683594,181.58236694335938,68900
2021-07-01,193.97000122070312,194.83999633789062,193.33999633789062,194.0,182.04214477539062,65600
2021-07-02,194.36000061035156,195.0800018310547,193.5,194.0,182.04214477539062,51700
2021-07-06,194.2100067138672,194.64999389648438,192.8800048828125,194.16000366210938,182.19232177734375,58500
2021-07-07,193.58999633789062,195.69000244140625,193.5800018310547,195.00999450683594,182.9899139404297,61700
2021-07-08,193.67999267578125,195.77999877929688,193.1699981689453,194.5399932861328,182.5489044189453,48200
2021-07-09,195.3300018310547,196.19000244140625,193.99000549316406,196.0399932861328,183.95643615722656,51700
2021-07-12,195.17999267578125,196.3699951171875,194.24000549316406,196.2100067138672,184.11598205566406,49500
2021-07-13,195.35000610351562,198.22999572753906,195.35000610351562,196.35000610351562,184.24734497070312,94200
2021-07-14,196.72999572753906,198.6699981689453,195.9600067138672,198.42999267578125,186.19911193847656,73500
2021-07-15,197.41000366210938,199.57000732421875,196.9499969482422,199.0399932861328,186.77151489257812,74500
2021-07-16,200.0,201.25,199.64999389648438,200.0800018310547,187.74742126464844,76800
2021-07-19,199.7100067138672,201.30999755859375,195.72000122070312,196.92999267578125,184.79156494140625,68300
2021-07-20,197.3800048828125,198.8800048828125,196.3699951171875,196.66000366210938,184.5382080078125,92200
2021-07-21,197.42999267578125,197.42999267578125,194.9600067138672,196.10000610351562,184.01272583007812,80600
2021-07-22,195.25,195.25,193.3000030517578,193.5800018310547,181.64808654785156,74800
2021-07-23,194.3699951171875,198.32000732421875,192.58999633789062,198.08999633789062,185.88009643554688,55200
2021-07-26,198.47999572753906,198.8800048828125,197.0,197.4199981689453,185.25140380859375,53300
2021-07-27,196.91000366210938,198.50999450683594,196.2899932861328,197.75999450683594,185.5704345703125,66500
2021-07-28,197.55999755859375,197.55999755859375,193.5399932861328,195.08999633789062,183.06497192382812,79500
2021-07-29,196.11000061035156,196.11000061035156,194.05999755859375,194.7899932861328,182.78350830078125,71600
2021-07-30,195.1300048828125,198.1699981689453,194.2899932861328,197.8699951171875,185.67364501953125,280700
2021-08-02,198.80999755859375,198.80999755859375,195.61000061035156,197.32000732421875,185.15750122070312,52600
2021-08-03,197.8300018310547,197.8300018310547,194.94000244140625,195.6199951171875,183.5623321533203,59600
2021-08-04,194.69000244140625,194.69000244140625,188.4199981689453,188.75,177.11578369140625,68900
2021-08-05,190.39999389648438,190.72000122070312,187.4499969482422,190.5,178.7579345703125,72100
2021-08-06,190.5800018310547,191.0399932861328,188.67999267578125,189.22000122070312,177.55679321289062,60700
2021-08-09,188.9600067138672,190.97000122070312,188.92999267578125,190.3000030517578,178.57025146484375,57100
2021-08-10,190.8000030517578,190.8000030517578,188.33999633789062,190.07000732421875,178.3544464111328,45900
2021-08-11,190.02000427246094,193.13999938964844,190.02000427246094,192.11000061035156,180.26866149902344,44800
2021-08-12,192.8300018310547,192.8300018310547,190.41000366210938,190.6199951171875,178.8705291748047,53800
2021-08-13,190.60000610351562,192.27999877929688,190.60000610351562,191.50999450683594,179.7056884765625,56200
2021-08-16,190.57000732421875,192.61000061035156,189.89999389648438,190.25,178.52333068847656,64200
2021-08-17,189.63999938964844,191.1699981689453,189.08999633789062,190.30999755859375,178.57962036132812,68300
2021-08-18,190.07000732421875,190.7899932861328,186.49000549316406,186.5,175.00448608398438,53000
2021-08-19,185.3000030517578,187.77000427246094,185.02000427246094,186.94000244140625,175.41737365722656,107800
2021-08-20,186.6999969482422,188.17999267578125,186.02999877929688,186.4600067138672,174.96694946289062,107800
2021-08-23,186.91000366210938,187.38999938964844,185.05999755859375,185.64999389648438,174.2068328857422,91700
2021-08-24,186.14999389648438,186.14999389648438,181.8300018310547,183.16000366210938,171.87034606933594,127700
2021-08-25,183.60000610351562,184.25,182.00999450683594,182.63999938964844,171.38238525390625,151100
2021-08-26,182.24000549316406,184.3000030517578,174.3800048828125,176.6699981689453,165.78038024902344,212200
2021-08-27,177.72999572753906,181.0500030517578,177.1999969482422,179.8300018310547,168.74560546875,140100
2021-08-30,179.77000427246094,181.11000061035156,176.6699981689453,177.27999877929688,166.35276794433594,68300
2021-08-31,177.05999755859375,178.61000061035156,176.00999450683594,177.24000549316406,166.31524658203125,148100
2021-09-01,178.3300018310547,179.25999450683594,174.6199951171875,175.05999755859375,164.26959228515625,107500
2021-09-02,175.6300048828125,177.41000366210938,175.32000732421875,176.8000030517578,165.90234375,79100
2021-09-03,176.7899932861328,177.52000427246094,175.1699981689453,175.2899932861328,164.4854278564453,100300
2021-09-07,175.14999389648438,175.14999389648438,172.77000427246094,173.4499969482422,162.7588348388672,68400
2021-09-08,173.2899932861328,176.1300048828125,173.1199951171875,175.3800048828125,164.56988525390625,55000
2021-09-09,174.44000244140625,174.8800048828125,172.72000122070312,173.0399932861328,163.0714874267578,49300
2021-09-10,172.6199951171875,174.47000122070312,172.32000732421875,173.00999450683594,163.04324340820312,62200
2021-09-13,173.3300018310547,173.9199981689453,170.00999450683594,170.4600067138672,160.64013671875,65600
2021-09-14,171.27999877929688,171.2899932861328,168.0800018310547,168.86000061035156,159.1322784423828,100100
2021-09-15,168.97000122070312,170.47000122070312,168.77000427246094,169.14999389648438,159.4055938720703,87600
2021-09-16,169.50999450683594,170.0500030517578,167.41000366210938,169.38999938964844,159.6317596435547,125100
2021-09-17,169.89999389648438,171.00999450683594,168.64999389648438,169.80999755859375,160.02755737304688,336600
2021-09-20,168.1199951171875,170.4600067138672,167.52000427246094,168.92999267578125,159.1982421875,104800
2021-09-21,169.85000610351562,170.0399932861328,167.6300048828125,168.74000549316406,159.01919555664062,87100
2021-09-22,169.6999969482422,170.41000366210938,167.8699951171875,168.6300048828125,158.91552734375,110400
2021-09-23,169.3300018310547,171.22000122070312,168.22999572753906,168.52000427246094,158.8118896484375,88700
2021-09-24,167.8800048828125,169.5399932861328,167.8800048828125,168.47999572753906,158.77415466308594,61200
2021-09-27,168.72999572753906,172.42999267578125,168.72999572753906,171.02999877929688,161.17727661132812,128100
2021-09-28,171.02999877929688,171.4600067138672,168.80999755859375,169.24000549316406,159.4904022216797,104000
2021-09-29,169.6199951171875,172.14999389648438,169.6199951171875,171.02999877929688,161.17727661132812,115400
2021-09-30,171.3800048828125,172.6300048828125,168.8000030517578,168.80999755859375,159.08517456054688,174100
2021-10-01,168.80999755859375,171.05999755859375,167.42999267578125,169.77999877929688,159.99929809570312,160900
2021-10-04,169.8300018310547,172.88999938964844,169.8300018310547,172.4499969482422,162.51548767089844,144100
2021-10-05,171.6699981689453,173.60000610351562,171.6699981689453,172.97999572753906,163.0149383544922,105200
2021-10-06,172.88999938964844,175.07000732421875,172.10000610351562,174.9600067138672,164.88088989257812,83800
2021-10-07,175.60000610351562,177.07000732421875,173.24000549316406,173.5800018310547,163.5803985595703,86000
2021-10-08,174.0,174.3800048828125,172.57000732421875,173.36000061035156,163.37303161621094,33400
2021-10-11,173.55999755859375,174.3300018310547,172.3800048828125,172.69000244140625,162.74163818359375,57700
2021-10-12,172.36000061035156,173.8699951171875,171.1300048828125,171.86000061035156,161.95947265625,50500
2021-10-13,171.75999450683594,172.55999755859375,170.1699981689453,171.41000366210938,161.535400390625,60000
2021-10-14,172.5500030517578,176.5500030517578,172.22000122070312,173.82000732421875,163.80654907226562,63800
2021-10-15,174.8800048828125,175.25999450683594,172.2899932861328,172.5500030517578,162.60971069335938,85300
2021-10-18,171.8800048828125,172.61000061035156,170.5399932861328,170.7899932861328,160.9510955810547,48900
2021-10-19,170.7899932861328,171.82000732421875,169.4499969482422,170.64999389648438,160.81915283203125,39400
2021-10-20,170.3800048828125,172.6300048828125,169.22999572753906,171.85000610351562,161.9500274658203,63600
2021-10-21,172.3300018310547,173.0800018310547,171.1699981689453,171.77000427246094,161.8746795654297,77500
2021-10-22,172.07000732421875,173.75999450683594,171.11000061035156,173.5,163.50497436523438,53100
2021-10-25,173.4499969482422,175.55999755859375,172.5500030517578,174.4499969482422,164.4002685546875,73900
2021-10-26,174.4600067138672,176.42999267578125,172.25,175.00999450683594,164.92799377441406,98400
2021-10-27,175.33999633789062,175.33999633789062,172.75,173.1699981689453,163.1939697265625,70600
2021-10-28,173.1699981689453,174.1999969482422,170.85000610351562,171.4600067138672,161.58250427246094,97300
2021-10-29,171.6999969482422,172.72000122070312,169.4199981689453,170.0,160.20660400390625,396300
2021-11-01,170.00999450683594,171.42999267578125,168.3000030517578,168.42999267578125,158.72705078125,158300
2021-11-02,169.1999969482422,170.1199951171875,167.66000366210938,169.22000122070312,159.47154235839844,106800
2021-11-03,162.4499969482422,169.02000427246094,155.11000061035156,162.08999633789062,152.7522735595703,235400
2021-11-04,161.69000244140625,164.5,158.4600067138672,159.88999938964844,150.67906188964844,168900
2021-11-05,161.25999450683594,162.8300018310547,160.24000549316406,160.77000427246094,151.50833129882812,93200
2021-11-08,160.5399932861328,162.35000610351562,160.00999450683594,161.69000244140625,152.3753662109375,94300
2021-11-09,161.64999389648438,162.00999450683594,160.27999877929688,161.0800018310547,151.8004608154297,51900
2021-11-10,161.50999450683594,162.41000366210938,160.6300048828125,162.14999389648438,152.808837890625,111600
2021-11-11,161.9499969482422,163.58999633789062,160.60000610351562,163.2100067138672,153.80780029296875,67500
2021-11-12,163.3699951171875,164.19000244140625,162.58999633789062,163.47999572753906,154.06222534179688,56100
2021-11-15,164.35000610351562,165.47000122070312,163.00999450683594,164.9499969482422,155.4475555419922,62800
2021-11-16,164.9600067138672,165.99000549316406,164.24000549316406,164.6199951171875,155.1365203857422,82600
2021-11-17,163.97000122070312,164.35000610351562,160.2100067138672,161.42999267578125,152.1303253173828,99100
2021-11-18,161.41000366210938,165.1999969482422,159.30999755859375,160.9199981689453,151.6497039794922,99900
2021-11-19,160.72999572753906,160.72999572753906,157.13999938964844,157.9199981689453,148.82252502441406,124100
2021-11-22,158.00999450683594,162.16000366210938,157.58999633789062,161.39999389648438,152.10203552246094,69600
2021-11-23,161.39999389648438,163.9499969482422,161.39999389648438,163.1999969482422,153.79832458496094,87800
2021-11-24,162.83999633789062,163.7100067138672,162.10000610351562,162.11000061035156,152.77114868164062,78400
2021-11-26,160.50999450683594,162.0,157.1300048828125,157.58999633789062,148.51153564453125,57200
2021-11-29,157.77000427246094,160.22999572753906,153.75999450683594,154.16000366210938,145.2791290283203,78900
2021-11-30,152.17999267578125,152.69000244140625,145.7899932861328,146.1999969482422,137.7776641845703,132200
2021-12-01,147.7899932861328,152.44000244140625,146.86000061035156,147.32000732421875,138.8331756591797,168500
2021-12-02,148.1699981689453,151.52000427246094,148.1699981689453,150.27999877929688,141.62265014648438,103700
2021-12-03,149.75999450683594,151.6699981689453,148.75999450683594,149.8000030517578,141.92584228515625,66400
2021-12-06,151.14999389648438,153.4600067138672,148.5800018310547,152.69000244140625,144.66390991210938,71100
2021-12-07,153.02999877929688,153.02999877929688,150.52999877929688,150.89999389648438,142.96800231933594,68800
2021-12-08,152.17999267578125,154.75,150.80999755859375,154.39999389648438,146.28402709960938,80000
2021-12-09,154.00999450683594,154.39999389648438,153.0,153.66000366210938,145.5829315185547,67600
2021-12-10,154.1699981689453,154.25,153.0,153.17999267578125,145.12815856933594,58400
2021-12-13,153.0,156.97999572753906,153.0,156.61000061035156,148.37786865234375,88800
2021-12-14,156.9199981689453,158.00999450683594,155.3800048828125,155.80999755859375,147.61990356445312,110200
2021-12-15,156.22000122070312,159.07000732421875,155.05999755859375,158.82000732421875,150.47171020507812,102800
2021-12-16,159.47000122070312,163.22999572753906,156.66000366210938,162.5399932861328,153.9961395263672,128200
2021-12-17,163.14999389648438,164.75999450683594,161.0500030517578,161.83999633789062,153.33291625976562,253300
2021-12-20,159.97999572753906,160.7899932861328,158.75999450683594,159.88999938964844,151.4854736328125,97200
2021-12-21,159.99000549316406,161.47999572753906,159.13999938964844,160.6199951171875,152.17709350585938,68700
2021-12-22,160.5500030517578,161.6699981689453,159.69000244140625,161.5,153.01080322265625,71800
2021-12-23,161.6300048828125,162.72999572753906,160.92999267578125,162.16000366210938,153.63616943359375,57900
2021-12-27,162.60000610351562,163.10000610351562,161.8699951171875,162.6199951171875,154.07196044921875,46800
2021-12-28,162.85000610351562,165.88999938964844,162.85000610351562,165.10000610351562,156.4215850830078,60800
2021-12-29,164.8800048828125,167.3300018310547,164.8800048828125,166.22999572753906,157.49220275878906,61300
2021-12-30,166.2100067138672,166.2100067138672,163.8800048828125,164.77999877929688,156.11842346191406,48700
2021-12-31,165.1999969482422,165.9199981689453,164.64999389648438,165.60000610351562,156.8953094482422,53900
2022-01-03,165.4199981689453,167.22000122070312,164.4499969482422,166.85000610351562,158.07958984375,76700
2022-01-04,167.47999572753906,170.42999267578125,166.52999877929688,167.5500030517578,158.74282836914062,83500
2022-01-05,167.89999389648438,169.0,166.17999267578125,166.30999755859375,157.5679931640625,85900
2022-01-06,167.1199951171875,169.00999450683594,166.74000549316406,168.52000427246094,159.66183471679688,105200
2022-01-07,169.0,171.27000427246094,168.55999755859375,170.72999572753906,161.75564575195312,85000
2022-01-10,171.02000427246094,172.0,169.39999389648438,169.9600067138672,161.026123046875,95400
2022-01-11,169.8800048828125,169.8800048828125,166.25999450683594,168.4600067138672,159.60496520996094,65000
2022-01-12,168.00999450683594,168.75,163.35000610351562,163.3699951171875,154.78253173828125,72200
2022-01-13,163.89999389648438,167.3699951171875,163.80999755859375,165.69000244140625,156.98057556152344,100600
2022-01-14,165.27000427246094,166.6300048828125,163.8699951171875,165.85000610351562,157.13217163085938,75300
2022-01-18,165.66000366210938,166.5800018310547,162.60000610351562,163.60000610351562,155.00047302246094,100800
2022-01-19,163.60000610351562,164.6199951171875,161.17999267578125,164.25,155.61627197265625,129700
2022-01-20,164.6300048828125,167.25,163.75999450683594,164.6699981689453,156.0142059326172,128700
2022-01-21,163.97999572753906,166.60000610351562,162.02000427246094,162.08999633789062,153.56979370117188,128300
2022-01-24,162.07000732421875,164.22000122070312,159.25,162.82000732421875,154.26144409179688,123800
2022-01-25,161.85000610351562,162.3300018310547,157.92999267578125,161.02999877929688,152.56552124023438,118200
2022-01-26,160.83999633789062,161.58999633789062,155.52999877929688,157.17999267578125,148.9178924560547,140000
2022-01-27,157.32000732421875,160.00999450683594,157.32000732421875,158.75,150.4053955078125,109600
2022-01-28,158.61000061035156,159.8699951171875,157.1699981689453,159.63999938964844,151.2485809326172,124800
2022-01-31,158.52999877929688,159.8000030517578,157.0,158.77000427246094,150.42433166503906,359600
2022-02-01,158.50999450683594,159.1999969482422,155.97999572753906,158.0800018310547,149.7706298828125,117300
2022-02-02,157.64999389648438,159.85000610351562,157.6199951171875,159.39999389648438,151.02117919921875,97700
2022-02-03,158.0,158.72999572753906,154.49000549316406,154.6999969482422,146.56825256347656,96500
2022-02-04,154.88999938964844,155.1699981689453,151.36000061035156,153.72999572753906,145.64926147460938,90400
2022-02-07,153.99000549316406,154.85000610351562,152.22999572753906,154.85000610351562,146.71035766601562,81500
2022-02-08,154.64999389648438,157.22000122070312,154.24000549316406,156.89999389648438,148.6526336669922,81800
2022-02-09,157.55999755859375,159.72999572753906,157.33999633789062,159.02999877929688,150.670654296875,95500
2022-02-10,158.14999389648438,158.97000122070312,155.52000427246094,155.72999572753906,147.5441131591797,85100
2022-02-11,156.38999938964844,158.35000610351562,155.75999450683594,157.7899932861328,149.495849609375,55900
2022-02-14,158.2100067138672,159.27000427246094,156.69000244140625,159.14999389648438,150.78433227539062,77700
2022-02-15,159.75999450683594,161.39999389648438,158.7899932861328,158.94000244140625,150.5854034423828,73100
2022-02-16,158.6300048828125,159.97999572753906,157.5,158.36000061035156,150.03591918945312,58300
2022-02-17,157.36000061035156,159.36000061035156,155.9199981689453,158.77999877929688,150.43380737304688,63900
2022-02-18,158.35000610351562,161.86000061035156,158.35000610351562,161.72999572753906,153.22869873046875,140300
2022-02-22,161.0800018310547,163.4600067138672,160.88999938964844,163.0,154.43197631835938,100600
2022-02-23,163.72999572753906,163.77999877929688,161.60000610351562,162.32000732421875,153.78770446777344,82900
2022-02-24,160.60000610351562,160.60000610351562,156.22000122070312,159.57000732421875,151.18226623535156,160500
2022-02-25,160.35000610351562,168.27000427246094,160.30999755859375,168.08999633789062,159.25442504882812,134300
2022-02-28,166.75,169.66000366210938,166.75,168.2100067138672,159.36813354492188,115800
2022-03-01,167.49000549316406,169.05999755859375,164.6199951171875,165.4600067138672,156.7626953125,131900
2022-03-02,165.44000244140625,166.47999572753906,162.19000244140625,162.58999633789062,154.04354858398438,106500
2022-03-03,162.77000427246094,164.67999267578125,161.55999755859375,162.82000732421875,154.26144409179688,61400
2022-03-04,161.67999267578125,163.55999755859375,161.00999450683594,162.61000061035156,154.06248474121094,50300
2022-03-07,161.8800048828125,166.02999877929688,161.6999969482422,165.0,156.32684326171875,118500
2022-03-08,164.6199951171875,166.3000030517578,156.2100067138672,156.5,148.99603271484375,192800
2022-03-09,158.0,158.74000549316406,155.2899932861328,156.9199981689453,149.39590454101562,99600
2022-03-10,155.1999969482422,161.22000122070312,152.36000061035156,153.3300018310547,145.97804260253906,75300
2022-03-11,153.8800048828125,154.80999755859375,152.2100067138672,153.22999572753906,145.88282775878906,72600
2022-03-14,154.1999969482422,156.69000244140625,152.0399932861328,156.25,148.75804138183594,75000
2022-03-15,157.02000427246094,157.58999633789062,155.44000244140625,156.6199951171875,149.1102752685547,63600
2022-03-16,157.1199951171875,157.1199951171875,153.52000427246094,155.89999389648438,148.4248046875,84200
2022-03-17,155.08999633789062,157.67999267578125,154.44000244140625,154.85000610351562,147.42515563964844,49200
2022-03-18,155.30999755859375,155.30999755859375,151.85000610351562,153.67999267578125,146.31124877929688,152400
2022-03-21,153.2899932861328,156.08999633789062,153.25999450683594,154.42999267578125,147.0253143310547,74400
2022-03-22,154.52999877929688,156.4600067138672,153.35000610351562,153.64999389648438,146.28269958496094,90600
2022-03-23,154.0500030517578,154.57000732421875,151.66000366210938,152.1199951171875,144.8260498046875,159900
2022-03-24,152.0500030517578,154.0,150.89999389648438,152.7899932861328,145.46392822265625,114000
2022-03-25,152.41000366210938,154.61000061035156,152.33999633789062,153.5500030517578,146.18748474121094,89000
2022-03-28,153.39999389648438,154.41000366210938,149.85000610351562,150.32000732421875,143.11236572265625,67900
2022-03-29,150.74000549316406,153.00999450683594,150.32000732421875,152.7100067138672,145.3877716064453,100300
2022-03-30,152.72000122070312,153.77000427246094,150.42999267578125,150.6999969482422,143.47413635253906,61900
2022-03-31,150.44000244140625,152.33999633789062,147.07000732421875,149.14999389648438,141.99847412109375,128300
2022-04-01,149.22000122070312,155.41000366210938,149.22000122070312,154.86000061035156,147.43467712402344,162400
2022-04-04,154.72000122070312,154.72000122070312,151.0500030517578,152.22000122070312,144.92127990722656,75300
2022-04-05,151.99000549316406,154.36000061035156,151.99000549316406,153.1300048828125,145.78762817382812,115200
2022-04-06,153.00999450683594,155.00999450683594,152.75,155.0,147.56796264648438,120800
2022-04-07,155.5399932861328,156.47000122070312,152.8300018310547,156.10000610351562,148.615234375,155700
2022-04-08,156.66000366210938,157.5800018310547,154.9499969482422,155.6300048828125,148.16775512695312,111700
2022-04-11,155.97000122070312,156.83999633789062,155.13999938964844,155.3699951171875,147.92022705078125,87500
2022-04-12,155.77999877929688,157.82000732421875,155.52000427246094,157.0500030517578,149.5196533203125,126500
2022-04-13,157.0800018310547,157.22000122070312,155.6699981689453,156.38999938964844,148.89134216308594,81000
2022-04-14,156.77000427246094,157.49000549316406,155.1699981689453,155.19000244140625,147.74887084960938,71800
2022-04-18,154.77000427246094,155.3699951171875,153.3699951171875,153.83999633789062,146.46360778808594,142200
2022-04-19,154.1999969482422,156.11000061035156,154.1999969482422,155.8800048828125,148.40576171875,95600
2022-04-20,157.1199951171875,159.13999938964844,156.80999755859375,158.5,150.90017700195312,80600
2022-04-21,159.35000610351562,160.60000610351562,158.63999938964844,158.8800048828125,151.26193237304688,88200
2022-04-22,159.1699981689453,159.1699981689453,156.5,156.64999389648438,149.1388397216797,99900
2022-04-25,156.6300048828125,158.0399932861328,153.61000061035156,157.6999969482422,150.13851928710938,126900
2022-04-26,156.6300048828125,158.0,153.74000549316406,153.88999938964844,146.5111846923828,145900
2022-04-27,154.3800048828125,157.27000427246094,152.8300018310547,154.44000244140625,147.03482055664062,133300
2022-04-28,155.4600067138672,157.82000732421875,154.24000549316406,157.49000549316406,149.9385986328125,110000
2022-04-29,157.2899932861328,157.2899932861328,154.1199951171875,155.17999267578125,147.7393341064453,251100
2022-05-02,155.4199981689453,155.61000061035156,149.58999633789062,150.8300018310547,143.59791564941406,109100
2022-05-03,151.32000732421875,151.32000732421875,148.5399932861328,149.1999969482422,142.0460662841797,101800
2022-05-04,149.22999572753906,150.36000061035156,146.52999877929688,149.49000549316406,142.32217407226562,107800
2022-05-05,147.41000366210938,149.49000549316406,135.82000732421875,139.4600067138672,132.7731170654297,221300
2022-05-06,137.0,137.42999267578125,131.2100067138672,132.7100067138672,126.34676361083984,170400
2022-05-09,132.5399932861328,142.25999450683594,132.42999267578125,135.92999267578125,129.41236877441406,262900
2022-05-10,136.25,138.3300018310547,134.3000030517578,137.6300048828125,131.0308380126953,189000
2022-05-11,137.9499969482422,140.47000122070312,132.91000366210938,133.3699951171875,126.9750747680664,121500
2022-05-12,133.75,136.10000610351562,133.36000061035156,135.52000427246094,129.02203369140625,88300
2022-05-13,136.55999755859375,139.5,136.55999755859375,139.10000610351562,132.43035888671875,103600
2022-05-16,139.1999969482422,139.60000610351562,133.63999938964844,133.97000122070312,127.54634094238281,102800
2022-05-17,134.64999389648438,134.64999389648438,130.10000610351562,130.8000030517578,124.52833557128906,123700
2022-05-18,130.07000732421875,130.6199951171875,119.5,121.25,115.43624114990234,139300
2022-05-19,121.69999694824219,124.36000061035156,120.69000244140625,123.73999786376953,117.80683898925781,171400
2022-05-20,123.8499984741211,123.91000366210938,118.98999786376953,121.72000122070312,115.88371276855469,146600
2022-05-23,123.68000030517578,125.72000122070312,122.16000366210938,123.44999694824219,117.5307388305664,116100
2022-05-24,122.55999755859375,125.9800033569336,121.83000183105469,125.38999938964844,119.37773132324219,137500
2022-05-25,124.97000122070312,127.69999694824219,123.91000366210938,124.48999786376953,118.52088928222656,301500
2022-05-26,124.4800033569336,125.62999725341797,121.7699966430664,122.19999694824219,116.34068298339844,107700
2022-05-27,122.81999969482422,123.66000366210938,122.27999877929688,123.30999755859375,117.39745330810547,106500
2022-05-31,121.97000122070312,122.48999786376953,119.4800033569336,121.9000015258789,116.05506896972656,132500
2022-06-01,122.45999908447266,122.45999908447266,118.13999938964844,119.56999969482422,113.8367691040039,107000
2022-06-02,119.41999816894531,121.01000213623047,117.0,120.87999725341797,115.08399200439453,90400
2022-06-03,119.87000274658203,120.33000183105469,118.30000305175781,119.68000030517578,113.94152069091797,83600
2022-06-06,121.83999633789062,121.83999633789062,119.08000183105469,119.30999755859375,113.5892562866211,90500
2022-06-07,118.48999786376953,120.16999816894531,117.70999908447266,119.80000305175781,114.05577087402344,94600
2022-06-08,118.81999969482422,120.91999816894531,118.05000305175781,119.48999786376953,114.52540588378906,112000
2022-06-09,119.05999755859375,120.70999908447266,118.47000122070312,118.63999938964844,113.7107162475586,107000
2022-06-10,117.98999786376953,120.98999786376953,116.8499984741211,120.54000091552734,115.53178405761719,97500
2022-06-13,118.9800033569336,121.9800033569336,118.22000122070312,121.83000183105469,116.76818084716797,183900
2022-06-14,121.16000366210938,122.19000244140625,117.31999969482422,118.88999938964844,113.95033264160156,232300
2022-06-15,119.44999694824219,123.1500015258789,118.98999786376953,122.16999816894531,117.09405517578125,176600
2022-06-16,121.0199966430664,123.52999877929688,120.55000305175781,123.12000274658203,118.00457763671875,199100
2022-06-17,125.05999755859375,126.63999938964844,123.8499984741211,124.13999938964844,118.98221588134766,243900
2022-06-21,124.83999633789062,127.08000183105469,123.1500015258789,125.22000122070312,120.017333984375,132800
2022-06-22,124.37000274658203,127.97000122070312,120.72000122070312,125.91000366210938,120.67867279052734,130900
2022-06-23,125.2699966430664,128.97999572753906,125.2699966430664,128.77000427246094,123.41983795166016,133800
2022-06-24,128.35000610351562,132.77999877929688,128.35000610351562,132.27000427246094,126.77444458007812,183800
2022-06-27,132.7899932861328,132.7899932861328,130.22999572753906,131.27000427246094,125.81597900390625,90400
2022-06-28,131.5,132.11000061035156,130.27999877929688,130.57000732421875,125.14505767822266,114300
2022-06-29,130.77999877929688,131.2899932861328,129.27000427246094,130.1699981689453,124.76168060302734,132700
2022-06-30,129.64999389648438,129.64999389648438,127.29000091552734,128.77999877929688,123.4294204711914,213100
2022-07-01,129.9499969482422,131.52999877929688,128.72000122070312,131.2899932861328,125.83512115478516,202900
2022-07-05,130.00999450683594,130.00999450683594,127.12000274658203,129.8000030517578,124.40705108642578,199700
2022-07-06,130.36000061035156,132.80999755859375,128.6300048828125,130.1699981689453,124.76168060302734,144900
2022-07-07,130.14999389648438,130.83999633789062,128.66000366210938,130.5399932861328,125.11627960205078,106000
2022-07-08,130.5399932861328,132.6999969482422,128.94000244140625,129.6999969482422,124.31119537353516,123800
2022-07-11,129.77999877929688,130.60000610351562,126.81999969482422,126.91999816894531,121.6467056274414,108500
2022-07-12,126.91999816894531,128.60000610351562,126.91999816894531,128.36000061035156,123.0268783569336,137700
2022-07-13,127.48999786376953,130.16000366210938,126.87999725341797,129.32000732421875,123.9469985961914,132900
2022-07-14,128.25999450683594,129.80999755859375,127.36000061035156,128.52000427246094,123.18022918701172,95400
2022-07-15,129.94000244140625,130.7100067138672,129.00999450683594,129.97000122070312,124.56998443603516,147900
2022-07-18,130.74000549316406,131.49000549316406,129.0800018310547,129.6699981689453,124.28243255615234,147000
2022-07-19,130.72000122070312,132.6300048828125,129.38999938964844,131.3800048828125,125.92141723632812,136700
2022-07-20,131.82000732421875,132.10000610351562,130.32000732421875,130.5399932861328,125.11627960205078,94700
2022-07-21,130.10000610351562,130.75,128.16000366210938,129.02999877929688,123.66903686523438,107800
2022-07-22,129.64999389648438,130.14999389648438,128.52999877929688,129.6300048828125,124.24412536621094,136500
2022-07-25,130.2100067138672,133.02999877929688,129.58999633789062,131.3000030517578,125.84471893310547,144200
2022-07-26,131.39999389648438,132.0500030517578,129.74000549316406,130.97999572753906,125.53800201416016,152400
2022-07-27,131.10000610351562,131.41000366210938,128.4600067138672,130.8800048828125,125.44217681884766,155200
2022-07-28,130.91000366210938,133.30999755859375,128.05999755859375,133.14999389648438,127.61786651611328,155000
2022-07-29,132.67999267578125,132.99000549316406,130.77000427246094,132.3800048828125,126.87984466552734,685700
2022-08-01,132.1199951171875,135.8000030517578,131.7100067138672,135.52000427246094,129.88937377929688,152900
2022-08-02,135.7100067138672,136.6699981689453,132.49000549316406,133.24000549316406,127.7041244506836,118500
2022-08-03,133.3000030517578,136.41000366210938,132.1199951171875,136.02000427246094,130.3686065673828,137500
2022-08-04,136.1300048828125,136.7899932861328,135.3800048828125,135.8800048828125,130.2344207763672,151400
2022-08-05,135.8000030517578,137.8800048828125,133.94000244140625,137.8300018310547,132.10340881347656,101500
2022-08-08,138.6699981689453,139.77999877929688,138.49000549316406,139.08999633789062,133.31105041503906,95800
2022-08-09,139.6999969482422,141.3000030517578,138.6300048828125,141.10000610351562,135.237548828125,94400
2022-08-10,142.1199951171875,144.10000610351562,141.5500030517578,142.58999633789062,136.66563415527344,101200
2022-08-11,143.72000122070312,145.22999572753906,143.72000122070312,144.36000061035156,138.3621063232422,90500
2022-08-12,144.47999572753906,146.5,143.2899932861328,146.3699951171875,140.28858947753906,93500
2022-08-15,146.5,148.5399932861328,145.6199951171875,148.2100067138672,142.05215454101562,119100
2022-08-16,148.52999877929688,151.60000610351562,148.52999877929688,151.33999633789062,145.05209350585938,117300
2022-08-17,151.0,151.5800018310547,150.13999938964844,150.6300048828125,144.37159729003906,89000
2022-08-18,150.1199951171875,150.1199951171875,146.72999572753906,148.1999969482422,142.04257202148438,98900
2022-08-19,148.1999969482422,149.57000732421875,146.72999572753906,147.4600067138672,141.3333282470703,131900
2022-08-22,147.22999572753906,147.5,145.2100067138672,146.74000549316406,140.64321899414062,103400
2022-08-23,145.7899932861328,145.91000366210938,143.7899932861328,145.24000549316406,139.20553588867188,102600
2022-08-24,145.64999389648438,147.88999938964844,144.44000244140625,146.55999755859375,140.47068786621094,146400
2022-08-25,151.60000610351562,167.2899932861328,151.1999969482422,167.25999450683594,160.31063842773438,307800
2022-08-26,168.3300018310547,174.25,168.3300018310547,172.9499969482422,165.76425170898438,326300
2022-08-29,172.3300018310547,175.1199951171875,169.7100067138672,172.10000610351562,164.9495391845703,220200
2022-08-30,171.83999633789062,173.1999969482422,168.25,169.16000366210938,162.13172912597656,185900
2022-08-31,168.9499969482422,170.47000122070312,167.4199981689453,168.5500030517578,161.5470733642578,207600
2022-09-01,168.22999572753906,169.9199981689453,165.1300048828125,169.41000366210938,162.37132263183594,181200
2022-09-02,169.7100067138672,170.94000244140625,167.10000610351562,168.25,161.25949096679688,115500
2022-09-06,168.3000030517578,170.25999450683594,166.74000549316406,169.4600067138672,162.41925048828125,106600
2022-09-07,169.33999633789062,173.30999755859375,165.77999877929688,173.2899932861328,166.09010314941406,115700
2022-09-08,171.61000061035156,173.16000366210938,168.22000122070312,170.17999267578125,163.86582946777344,99000
2022-09-09,170.52999877929688,173.2100067138672,170.0399932861328,172.5800018310547,166.17678833007812,97800
2022-09-12,172.3800048828125,172.58999633789062,169.91000366210938,170.49000549316406,164.16432189941406,116000
2022-09-13,169.7100067138672,170.00999450683594,167.05999755859375,168.17999267578125,161.9400177001953,116700
2022-09-14,168.2899932861328,170.64999389648438,167.02000427246094,170.60000610351562,164.27023315429688,120200
2022-09-15,170.74000549316406,170.74000549316406,167.3300018310547,168.13999938964844,161.90151977539062,131900
2022-09-16,168.39999389648438,170.8300018310547,167.35000610351562,168.00999450683594,161.7763214111328,284700
2022-09-19,167.14999389648438,168.6199951171875,166.1699981689453,168.5500030517578,162.2963104248047,109900
2022-09-20,168.07000732421875,168.07000732421875,164.75999450683594,166.24000549316406,160.07200622558594,116100
2022-09-21,167.49000549316406,168.75999450683594,165.83999633789062,165.83999633789062,159.68685913085938,102200
2022-09-22,165.25,165.97000122070312,164.08999633789062,164.6999969482422,158.58914184570312,122500
2022-09-23,163.32000732421875,163.32000732421875,156.38999938964844,159.3300018310547,153.4183807373047,229200
2022-09-26,159.85000610351562,163.0399932861328,159.50999450683594,162.0800018310547,156.06637573242188,149400
2022-09-27,162.50999450683594,162.50999450683594,153.08999633789062,155.02000427246094,149.268310546875,255000
2022-09-28,155.91000366210938,157.55999755859375,153.39999389648438,156.1699981689453,150.37562561035156,288800
2022-09-29,156.49000549316406,156.49000549316406,151.49000549316406,152.05999755859375,146.4181365966797,180700
2022-09-30,152.27999877929688,153.32000732421875,150.14999389648438,150.27999877929688,144.70416259765625,163300
2022-10-03,152.3800048828125,154.97000122070312,149.75999450683594,154.9499969482422,149.20089721679688,163400
2022-10-04,155.42999267578125,158.94000244140625,155.42999267578125,158.91000366210938,153.01397705078125,175000
2022-10-05,157.49000549316406,158.47000122070312,156.5500030517578,157.77000427246094,151.916259765625,146400
2022-10-06,156.89999389648438,158.02999877929688,156.6999969482422,157.47999572753906,151.63702392578125,155800
2022-10-07,156.9199981689453,158.0,155.52000427246094,157.50999450683594,151.6659393310547,123100
2022-10-10,158.4600067138672,160.72999572753906,157.52000427246094,160.10000610351562,154.15980529785156,101000
2022-10-11,159.7899932861328,162.57000732421875,159.7899932861328,162.0,155.9893341064453,113500
2022-10-12,162.30999755859375,163.5,162.1199951171875,162.3699951171875,156.34559631347656,134000
2022-10-13,160.47000122070312,165.11000061035156,160.47000122070312,164.89999389648438,158.78170776367188,147600
2022-10-14,166.39999389648438,166.39999389648438,163.0399932861328,165.0,158.87802124023438,223400
2022-10-17,166.0800018310547,167.8699951171875,166.0800018310547,167.2100067138672,161.0060272216797,151100
2022-10-18,168.13999938964844,170.1199951171875,167.02999877929688,168.67999267578125,162.42147827148438,153800
2022-10-19,167.63999938964844,169.99000549316406,166.6300048828125,168.25999450683594,162.0170440673828,191700
2022-10-20,168.49000549316406,169.94000244140625,168.0500030517578,169.30999755859375,163.02809143066406,139600
2022-10-21,169.7899932861328,172.27000427246094,169.67999267578125,172.0399932861328,165.6568145751953,163200
2022-10-24,172.77000427246094,174.8800048828125,172.60000610351562,174.44000244140625,167.96775817871094,239600
2022-10-25,174.44000244140625,176.58999633789062,172.9600067138672,176.00999450683594,169.47950744628906,332300
2022-10-26,175.77000427246094,179.24000549316406,174.50999450683594,175.0800018310547,168.58401489257812,275600
2022-10-27,176.47000122070312,179.75,175.00999450683594,178.10000610351562,171.49197387695312,183000
2022-10-28,178.4600067138672,181.52999877929688,177.86000061035156,181.14999389648438,174.42880249023438,185100
2022-10-31,181.10000610351562,182.39999389648438,179.3699951171875,180.27999877929688,173.59107971191406,1200100
2022-11-01,181.1199951171875,181.1300048828125,179.3000030517578,179.89999389648438,173.22518920898438,257400
2022-11-02,178.88999938964844,181.63999938964844,176.44000244140625,176.44000244140625,169.89356994628906,183800
2022-11-03,175.14999389648438,201.47999572753906,175.14999389648438,195.88999938964844,188.62188720703125,460000
2022-11-04,198.47999572753906,201.89999389648438,195.55999755859375,200.8800048828125,193.4267578125,288600
2022-11-07,202.14999389648438,209.63999938964844,200.91000366210938,208.60000610351562,200.86032104492188,245600
2022-11-08,207.5800018310547,214.0,206.63999938964844,208.75999450683594,201.01437377929688,263600
2022-11-09,207.35000610351562,207.35000610351562,201.9499969482422,203.33999633789062,195.79547119140625,231800
2022-11-10,207.07000732421875,210.85000610351562,204.8300018310547,208.47999572753906,200.7447967529297,309700
2022-11-11,208.89999389648438,209.42999267578125,199.77000427246094,204.4600067138672,196.8739471435547,171000
2022-11-14,205.13999938964844,208.02000427246094,199.9499969482422,199.99000549316406,192.5697784423828,187900
2022-11-15,202.5,203.8000030517578,200.00999450683594,201.6699981689453,194.1874542236328,184400
2022-11-16,202.60000610351562,209.44000244140625,202.1300048828125,208.72000122070312,200.9758758544922,139100
2022-11-17,207.83999633789062,209.02999877929688,205.77999877929688,207.38999938964844,199.69522094726562,118200
2022-11-18,209.9199981689453,210.69000244140625,203.83999633789062,204.97000122070312,197.36502075195312,251100
2022-11-21,205.16000366210938,209.6999969482422,205.16000366210938,209.05999755859375,201.3032684326172,102400
2022-11-22,209.1699981689453,209.86000061035156,203.27000427246094,205.1699981689453,197.5575714111328,152600
2022-11-23,204.99000549316406,207.82000732421875,202.83999633789062,203.5800018310547,196.02659606933594,592800
2022-11-25,204.5,207.14999389648438,201.9499969482422,205.32000732421875,197.7020263671875,74300
2022-11-28,204.58999633789062,206.52999877929688,203.30999755859375,204.49000549316406,196.90283203125,118800
2022-11-29,203.55999755859375,204.57000732421875,202.32000732421875,203.42999267578125,195.88214111328125,99700
2022-11-30,203.88999938964844,207.60000610351562,201.6300048828125,207.13999938964844,199.4545135498047,177400
2022-12-01,207.35000610351562,207.35000610351562,201.52999877929688,204.3300018310547,196.74876403808594,137300
2022-12-02,203.52999877929688,205.3699951171875,200.6999969482422,203.49000549316406,196.75843811035156,123300
2022-12-05,202.0,203.77999877929688,198.86000061035156,203.77000427246094,197.0291748046875,130100
2022-12-06,202.6199951171875,203.97000122070312,200.00999450683594,202.97000122070312,196.255615234375,145400
2022-12-07,203.89999389648438,207.0399932861328,200.89999389648438,202.1199951171875,195.43373107910156,159400
2022-12-08,203.10000610351562,204.61000061035156,200.58999633789062,202.49000549316406,195.79151916503906,124300
2022-12-09,202.97000122070312,202.97000122070312,200.0399932861328,200.63999938964844,194.00271606445312,100100
2022-12-12,201.63999938964844,202.25999450683594,199.77999877929688,201.61000061035156,194.9406280517578,101600
2022-12-13,203.38999938964844,203.42999267578125,198.0800018310547,198.7100067138672,192.13656616210938,115100
2022-12-14,198.10000610351562,200.3800048828125,196.5399932861328,197.17999267578125,190.6571502685547,89300
2022-12-15,196.22000122070312,196.5,192.85000610351562,195.39999389648438,188.93603515625,213000
2022-12-16,194.6300048828125,197.58999633789062,194.11000061035156,196.47000122070312,189.9706573486328,384700
2022-12-19,197.25999450683594,200.32000732421875,194.91000366210938,197.97999572753906,191.43069458007812,185700
2022-12-20,198.3000030517578,198.61000061035156,196.3800048828125,198.00999450683594,191.459716796875,151200
2022-12-21,199.32000732421875,202.3300018310547,197.58999633789062,201.8699951171875,195.19204711914062,163400
2022-12-22,202.5,203.60000610351562,201.24000549316406,202.30999755859375,195.6174774169922,169300
2022-12-23,202.5800018310547,202.58999633789062,198.27999877929688,200.83999633789062,194.1960906982422,155500
2022-12-27,201.6699981689453,202.94000244140625,200.39999389648438,202.2899932861328,195.59811401367188,90000
2022-12-28,203.69000244140625,205.30999755859375,200.5500030517578,200.5500030517578,193.91567993164062,193600
2022-12-29,200.60000610351562,203.3000030517578,200.0,201.08999633789062,194.43780517578125,578300
2022-12-30,200.0500030517578,200.85000610351562,196.1699981689453,197.3000030517578,190.773193359375,130400
2023-01-03,198.72999572753906,201.89999389648438,197.32000732421875,201.77999877929688,195.10499572753906,145200
2023-01-04,202.85000610351562,204.24000549316406,200.75,201.4600067138672,194.7955780029297,93700
2023-01-05,200.63999938964844,201.6300048828125,198.3800048828125,200.02000427246094,193.40321350097656,94500
2023-01-06,201.9600067138672,202.36000061035156,199.5500030517578,201.5399932861328,194.8729248046875,113600
2023-01-09,201.07000732421875,203.0,198.30999755859375,198.30999755859375,191.74977111816406,87100
2023-01-10,198.7899932861328,199.72999572753906,198.08999633789062,198.30999755859375,191.74977111816406,87700
2023-01-11,197.35000610351562,199.42999267578125,196.88999938964844,197.0500030517578,190.53147888183594,147400
2023-01-12,197.1300048828125,198.8699951171875,195.0,195.86000061035156,189.38084411621094,122600
2023-01-13,195.8000030517578,199.27999877929688,195.1300048828125,198.4600067138672,191.8948211669922,68800
2023-01-17,198.05999755859375,200.41000366210938,197.10000610351562,197.30999755859375,190.78285217285156,96500
2023-01-18,197.00999450683594,197.00999450683594,190.27999877929688,192.8699951171875,186.48973083496094,162900
2023-01-19,193.1999969482422,194.36000061035156,190.64999389648438,192.0,185.6485137939453,221800
2023-01-20,193.22999572753906,194.24000549316406,190.92999267578125,192.58999633789062,186.218994140625,164200
2023-01-23,191.8000030517578,193.99000549316406,190.1199951171875,190.8000030517578,184.4882354736328,154700
2023-01-24,191.10000610351562,194.82000732421875,189.1199951171875,191.58999633789062,185.2520751953125,129500
2023-01-25,191.19000244140625,196.41000366210938,191.10000610351562,196.0800018310547,189.5935516357422,155300
2023-01-26,195.75,195.9199981689453,193.25,193.97999572753906,187.56301879882812,77800
2023-01-27,193.61000061035156,193.9199981689453,189.80999755859375,191.33999633789062,185.01036071777344,91300
2023-01-30,191.33999633789062,193.9199981689453,190.1699981689453,190.66000366210938,184.3528594970703,149700
2023-01-31,190.66000366210938,193.2100067138672,187.66000366210938,191.91000366210938,185.56149291992188,541200
2023-02-01,191.72999572753906,195.22000122070312,190.0,193.35000610351562,186.95387268066406,148100
2023-02-02,190.97000122070312,191.3000030517578,172.5500030517578,186.22000122070312,180.05970764160156,448400
2023-02-03,186.22000122070312,188.6699981689453,184.88999938964844,186.27999877929688,180.1177520751953,157400
2023-02-06,185.17999267578125,186.75999450683594,184.58999633789062,186.44000244140625,180.2724609375,190100
2023-02-07,184.22999572753906,185.5399932861328,181.41000366210938,184.6999969482422,178.58999633789062,164900
2023-02-08,184.58999633789062,187.0399932861328,184.19000244140625,186.67999267578125,180.5045166015625,131100
2023-02-09,187.5399932861328,188.8000030517578,185.8699951171875,187.14999389648438,180.95896911621094,117400
2023-02-10,186.77999877929688,191.02000427246094,186.77999877929688,189.75,183.4729461669922,110900
2023-02-13,190.25,193.63999938964844,190.25,193.25999450683594,186.86683654785156,146300
2023-02-14,192.9499969482422,193.75999450683594,192.27000427246094,193.0399932861328,186.65414428710938,137000
2023-02-15,192.9600067138672,194.1699981689453,192.7100067138672,193.38999938964844,186.9925537109375,134500
2023-02-16,192.86000061035156,196.82000732421875,192.77000427246094,194.16000366210938,187.73707580566406,130700
2023-02-17,195.16000366210938,197.14999389648438,194.49000549316406,196.39999389648438,189.90296936035156,104100
2023-02-21,194.86000061035156,195.8300018310547,192.5,194.3300018310547,187.9014434814453,148000
2023-02-22,195.3300018310547,196.9600067138672,194.33999633789062,196.33999633789062,189.84494018554688,147200
2023-02-23,195.85000610351562,198.0,193.00999450683594,193.9499969482422,187.5340118408203,118100
2023-02-24,192.32000732421875,194.9600067138672,192.17999267578125,192.4199981689453,186.05462646484375,100300
2023-02-27,192.5800018310547,194.72000122070312,192.57000732421875,193.61000061035156,187.2052764892578,127000
2023-02-28,192.6999969482422,195.3300018310547,191.80999755859375,191.97999572753906,185.62918090820312,204500
2023-03-01,191.1199951171875,191.4600067138672,187.1999969482422,188.32000732421875,182.0902557373047,136100
2023-03-02,187.85000610351562,190.44000244140625,187.85000610351562,189.6699981689453,183.3955841064453,92100
2023-03-03,189.10000610351562,190.97000122070312,186.9499969482422,190.0800018310547,183.79205322265625,75800
2023-03-06,190.17999267578125,190.5500030517578,188.25,190.5,184.19813537597656,132100
2023-03-07,190.5,190.64999389648438,188.77999877929688,190.1999969482422,183.90805053710938,88600
2023-03-08,189.24000549316406,192.27000427246094,187.57000732421875,189.07000732421875,183.63612365722656,83000
2023-03-09,189.0500030517578,190.92999267578125,187.82000732421875,188.77999877929688,183.3544464111328,117600
2023-03-10,188.32000732421875,189.6999969482422,186.1199951171875,186.58999633789062,181.22738647460938,116900
2023-03-13,186.1199951171875,190.8699951171875,186.0,190.47999572753906,185.00558471679688,141100
2023-03-14,192.94000244140625,197.8699951171875,192.0,197.63999938964844,191.95980834960938,168400
2023-03-15,195.7899932861328,197.1199951171875,192.7899932861328,195.41000366210938,189.79388427734375,140200
2023-03-16,194.44000244140625,199.0,194.44000244140625,198.30999755859375,192.6105499267578,159500
2023-03-17,198.13999938964844,199.50999450683594,194.57000732421875,198.14999389648438,192.45513916015625,377400
2023-03-20,198.5,201.2899932861328,198.5,200.67999267578125,194.91244506835938,145300
2023-03-21,201.0,202.0800018310547,199.39999389648438,202.05999755859375,196.25277709960938,134300
2023-03-22,201.17999267578125,203.0,200.9199981689453,202.0,196.1945037841797,168700
2023-03-23,201.22000122070312,204.85000610351562,201.22000122070312,204.5,198.62265014648438,163400
2023-03-24,204.5800018310547,209.27000427246094,204.5800018310547,207.82000732421875,201.84725952148438,184100
2023-03-27,208.2100067138672,209.13999938964844,198.66000366210938,200.27999877929688,194.52394104003906,234700
2023-03-28,198.64999389648438,200.72000122070312,193.60000610351562,199.6300048828125,193.89263916015625,293100
2023-03-29,200.3300018310547,200.94000244140625,197.77999877929688,199.27000427246094,193.54298400878906,661600
2023-03-30,200.05999755859375,200.8699951171875,198.9499969482422,200.86000061035156,195.08726501464844,144600
2023-03-31,202.22000122070312,204.0800018310547,201.0,202.8800048828125,197.04922485351562,150800
2023-04-03,203.00999450683594,206.63999938964844,202.6699981689453,205.64999389648438,199.73960876464844,130500
2023-04-04,204.97999572753906,206.9199981689453,202.67999267578125,206.02000427246094,200.0989990234375,123000
2023-04-05,205.9600067138672,206.8800048828125,200.91000366210938,201.22999572753906,195.44662475585938,77600
2023-04-06,201.8300018310547,203.44000244140625,199.32000732421875,200.4499969482422,194.6890411376953,117900
2023-04-10,200.55999755859375,200.75,198.61000061035156,200.50999450683594,194.74732971191406,114900
2023-04-11,200.8699951171875,202.55999755859375,200.75999450683594,202.02999877929688,196.22364807128906,129100
2023-04-12,202.1300048828125,202.1999969482422,200.60000610351562,201.11000061035156,195.330078125,100400
2023-04-13,201.88999938964844,201.88999938964844,200.27999877929688,201.22999572753906,195.44662475585938,90100
2023-04-14,200.82000732421875,201.0399932861328,197.52999877929688,198.07000732421875,192.37747192382812,78500
2023-04-17,198.72999572753906,198.72999572753906,196.11000061035156,196.6999969482422,191.04681396484375,89800
2023-04-18,196.6999969482422,201.61000061035156,196.11000061035156,201.4199981689453,195.63119506835938,136800
2023-04-19,202.72000122070312,204.30999755859375,201.92999267578125,203.99000549316406,198.12730407714844,84000
2023-04-20,203.99000549316406,205.77000427246094,203.99000549316406,204.9600067138672,199.06944274902344,79900
2023-04-21,205.2100067138672,207.33999633789062,203.52000427246094,206.6699981689453,200.73028564453125,127400
2023-04-24,205.97000122070312,207.0,204.35000610351562,205.3000030517578,199.39967346191406,71400
2023-04-25,205.3000030517578,206.6999969482422,204.52000427246094,205.16000366210938,199.26368713378906,178700
2023-04-26,203.57000732421875,205.6699981689453,201.27999877929688,204.9199981689453,199.03057861328125,621500
2023-04-27,205.0,210.5500030517578,204.92999267578125,210.00999450683594,203.9742889404297,124200
2023-04-28,209.9199981689453,210.35000610351562,207.50999450683594,209.1199951171875,203.10986328125,278400
2023-05-01,209.05999755859375,213.24000549316406,208.7899932861328,212.7100067138672,206.5967254638672,92500
2023-05-02,211.82000732421875,212.30999755859375,207.64999389648438,209.44000244140625,203.42068481445312,122600
2023-05-03,209.9199981689453,215.07000732421875,208.94000244140625,212.8000030517578,206.68411254882812,126500
2023-05-04,212.0,218.82000732421875,208.86000061035156,215.24000549316406,209.05398559570312,174200
2023-05-05,216.4499969482422,220.64999389648438,216.0,218.83999633789062,212.55050659179688,103600
2023-05-08,218.27000427246094,218.9600067138672,217.17999267578125,218.05999755859375,211.7929229736328,74400
2023-05-09,218.13999938964844,218.41000366210938,216.35000610351562,216.4600067138672,210.23892211914062,78700
2023-05-10,216.55999755859375,216.64999389648438,211.32000732421875,214.16000366210938,208.00502014160156,146300
2023-05-11,213.3000030517578,213.3800048828125,211.8800048828125,212.94000244140625,206.82008361816406,98600
2023-05-12,213.08999633789062,213.08999633789062,209.50999450683594,211.6300048828125,205.54774475097656,159900
2023-05-15,212.22000122070312,213.27999877929688,210.89999389648438,213.1699981689453,207.04347229003906,81800
2023-05-16,212.8800048828125,212.8800048828125,209.38999938964844,209.38999938964844,203.3721160888672,96100
2023-05-17,209.4499969482422,210.22000122070312,206.61000061035156,209.1699981689453,203.158447265625,120500
2023-05-18,208.07000732421875,209.1699981689453,206.02999877929688,208.4600067138672,202.46885681152344,138300
2023-05-19,209.5,210.47999572753906,205.24000549316406,207.60000610351562,201.63357543945312,92500
2023-05-22,207.92999267578125,208.77999877929688,203.47000122070312,205.22999572753906,199.33168029785156,189900
2023-05-23,205.22999572753906,209.1699981689453,204.67999267578125,206.6199951171875,200.6817169189453,161100
2023-05-24,206.3699951171875,207.99000549316406,205.10000610351562,205.17999267578125,199.28309631347656,85100
2023-05-25,204.67999267578125,206.8699951171875,203.47999572753906,205.3699951171875,199.46763610839844,66900
2023-05-26,205.36000061035156,205.67999267578125,202.5800018310547,203.47999572753906,197.6319580078125,65900
2023-05-30,202.6999969482422,202.6999969482422,198.44000244140625,198.44000244140625,192.73680114746094,80100
2023-05-31,199.0,200.72000122070312,196.38999938964844,196.5800018310547,190.93026733398438,121000
2023-06-01,196.5800018310547,198.74000549316406,196.5500030517578,196.97999572753906,191.31875610351562,92900
2023-06-02,197.83999633789062,203.82000732421875,197.0,203.5800018310547,197.72911071777344,114500
2023-06-05,202.1199951171875,202.1199951171875,199.30999755859375,199.88999938964844,194.1451416015625,64700
2023-06-06,199.58999633789062,201.6999969482422,198.08999633789062,200.89999389648438,195.1260986328125,79000
2023-06-07,199.97999572753906,201.60000610351562,197.99000549316406,200.8699951171875,195.09698486328125,143300
2023-06-08,199.27999877929688,200.22000122070312,197.80999755859375,199.3800048828125,194.47274780273438,109400
2023-06-09,198.6300048828125,199.08999633789062,197.63999938964844,198.3300018310547,193.44857788085938,102700
2023-06-12,198.74000549316406,198.89999389648438,187.63999938964844,190.4600067138672,185.7722930908203,294500
2023-06-13,190.47000122070312,193.22000122070312,189.16000366210938,189.19000244140625,184.53353881835938,186700
2023-06-14,189.1199951171875,190.9199981689453,188.0,188.72999572753906,184.08485412597656,341900
2023-06-15,189.83999633789062,192.08999633789062,186.42999267578125,186.91000366210938,182.30966186523438,172000
2023-06-16,188.39999389648438,188.6199951171875,183.8000030517578,186.0399932861328,181.4610595703125,350900
2023-06-20,186.27999877929688,187.3300018310547,183.66000366210938,185.61000061035156,181.04165649414062,189400
2023-06-21,185.4499969482422,188.4199981689453,184.92999267578125,188.0399932861328,183.41183471679688,180000
2023-06-22,188.89999389648438,191.9199981689453,187.52999877929688,191.69000244140625,186.9720001220703,162300
2023-06-23,193.5,200.55999755859375,191.42999267578125,200.3300018310547,195.39935302734375,482500
2023-06-26,199.5,199.5500030517578,194.72000122070312,197.1199951171875,192.2683563232422,163400
2023-06-27,196.97999572753906,199.49000549316406,195.13999938964844,196.5,191.66360473632812,144900
2023-06-28,196.30999755859375,198.11000061035156,194.32000732421875,196.97999572753906,192.1317901611328,136600
2023-06-29,197.07000732421875,199.57000732421875,196.6999969482422,198.58999633789062,193.7021484375,108900
2023-06-30,199.7100067138672,201.5800018310547,199.6999969482422,201.08999633789062,196.14064025878906,111200
2023-07-03,200.1999969482422,201.4199981689453,199.52999877929688,200.47000122070312,195.53591918945312,44900
2023-07-05,200.74000549316406,200.74000549316406,198.97000122070312,199.88999938964844,194.9701690673828,100100
2023-07-06,199.57000732421875,199.57000732421875,195.57000732421875,196.0500030517578,191.2246856689453,72000
2023-07-07,195.02999877929688,195.02999877929688,189.2100067138672,189.32000732421875,184.6603240966797,226300
2023-07-10,188.9600067138672,191.85000610351562,188.0800018310547,188.69000244140625,184.04583740234375,118600
2023-07-11,188.5500030517578,188.8800048828125,186.47999572753906,187.80999755859375,183.18748474121094,99000
2023-07-12,188.05999755859375,191.1699981689453,187.3699951171875,188.58999633789062,183.9482879638672,134600
2023-07-13,188.11000061035156,189.3000030517578,185.8300018310547,187.8699951171875,183.2460174560547,101500
2023-07-14,187.61000061035156,187.99000549316406,185.6699981689453,187.25999450683594,182.65103149414062,104700
2023-07-17,186.77999877929688,188.60000610351562,186.52999877929688,186.77999877929688,182.18284606933594,114300
2023-07-18,186.82000732421875,189.52999877929688,186.0800018310547,189.02000427246094,184.3677215576172,130300
2023-07-19,189.02000427246094,192.5399932861328,186.6199951171875,192.50999450683594,187.77182006835938,124500
2023-07-20,193.17999267578125,193.30999755859375,188.91000366210938,192.44000244140625,187.7035675048828,127200
2023-07-21,192.47999572753906,195.19000244140625,192.47999572753906,193.64999389648438,188.88375854492188,111300
2023-07-24,193.08999633789062,194.77999877929688,191.50999450683594,194.1699981689453,189.39096069335938,69500
2023-07-25,194.1699981689453,196.14999389648438,192.99000549316406,195.80999755859375,190.99058532714844,79200
2023-07-26,195.1999969482422,197.0399932861328,195.1999969482422,195.9600067138672,191.13690185546875,110800
2023-07-27,195.88999938964844,195.88999938964844,192.75,193.0800018310547,188.32778930664062,88200
2023-07-28,193.47000122070312,196.0399932861328,192.11000061035156,192.1699981689453,187.440185546875,120700
2023-07-31,192.02000427246094,194.32000732421875,191.42999267578125,192.6300048828125,187.88885498046875,630500
2023-08-01,193.22000122070312,195.0399932861328,191.5399932861328,192.32000732421875,187.58648681640625,123400
2023-08-02,191.8300018310547,196.4499969482422,191.8300018310547,194.6300048828125,189.83966064453125,75100
2023-08-03,195.5,195.5,192.97000122070312,193.38999938964844,188.63015747070312,66800
2023-08-04,193.0399932861328,194.3800048828125,192.61000061035156,193.32000732421875,188.56190490722656,88000
2023-08-07,192.6300048828125,194.27000427246094,191.52999877929688,193.66000366210938,188.89352416992188,59600
2023-08-08,193.17999267578125,193.25999450683594,189.3699951171875,190.49000549316406,185.80152893066406,103900
2023-08-09,190.16000366210938,191.41000366210938,188.88999938964844,189.77000427246094,185.09925842285156,99400
2023-08-10,189.5800018310547,189.5800018310547,183.41000366210938,184.72999572753906,180.1833038330078,136800
2023-08-11,185.3699951171875,186.63999938964844,184.08999633789062,186.55999755859375,181.96826171875,102400
2023-08-14,186.5500030517578,187.77999877929688,185.0,185.6300048828125,181.06114196777344,121300
2023-08-15,184.52999877929688,185.11000061035156,182.6999969482422,184.72999572753906,180.1833038330078,135600
2023-08-16,184.58999633789062,187.41000366210938,184.41000366210938,186.80999755859375,182.2121124267578,142600
2023-08-17,186.50999450683594,186.50999450683594,182.10000610351562,182.27999877929688,177.79359436035156,85000
2023-08-18,182.5399932861328,184.3000030517578,181.02999877929688,182.92999267578125,178.42759704589844,113700
2023-08-21,182.6999969482422,184.07000732421875,182.22000122070312,184.02000427246094,179.49078369140625,295100
2023-08-22,183.97000122070312,185.02999877929688,181.64999389648438,182.74000549316406,178.24229431152344,147200
2023-08-23,159.1199951171875,173.77999877929688,159.0,163.44000244140625,159.4173126220703,454400
2023-08-24,162.02999877929688,164.1699981689453,160.27000427246094,161.63999938964844,157.66162109375,190400
2023-08-25,162.11000061035156,166.55999755859375,162.11000061035156,165.22999572753906,161.16323852539062,167000
2023-08-28,165.8800048828125,166.4199981689453,163.5800018310547,165.19000244140625,161.12425231933594,161400
2023-08-29,165.9499969482422,166.64999389648438,164.22000122070312,165.61000061035156,161.5338897705078,153800
2023-08-30,165.25,166.49000549316406,164.5800018310547,166.00999450683594,161.92404174804688,110000
2023-08-31,166.0,166.94000244140625,165.0,165.19000244140625,161.12425231933594,107300
2023-09-01,165.38999938964844,167.07000732421875,164.27999877929688,165.85000610351562,161.76800537109375,105200
2023-09-05,165.07000732421875,166.39999389648438,164.07000732421875,165.3300018310547,161.26080322265625,133900
2023-09-06,166.14999389648438,166.6300048828125,163.6699981689453,164.19000244140625,160.14886474609375,151600
2023-09-07,164.22000122070312,164.5399932861328,159.7899932861328,160.14999389648438,157.0211639404297,176400
2023-09-08,161.1199951171875,163.38999938964844,158.8800048828125,159.42999267578125,156.3152313232422,162000
2023-09-11,159.77999877929688,163.35000610351562,159.36000061035156,161.8800048828125,158.7173614501953,194400
2023-09-12,162.11000061035156,162.14999389648438,160.35000610351562,160.9499969482422,157.8055419921875,110300
2023-09-13,160.97999572753906,166.82000732421875,160.80999755859375,166.27000427246094,163.02162170410156,198900
2023-09-14,166.1199951171875,172.42999267578125,166.1199951171875,171.92999267578125,168.57101440429688,194500
2023-09-15,172.00999450683594,173.02999877929688,169.36000061035156,172.5,169.1298828125,304900
2023-09-18,172.47000122070312,173.55999755859375,170.36000061035156,173.11000061035156,169.72796630859375,152200
2023-09-19,173.3800048828125,176.22000122070312,173.14999389648438,173.3300018310547,169.9436798095703,179300
2023-09-20,174.02999877929688,174.02999877929688,169.75,170.4199981689453,167.09051513671875,99700
2023-09-21,169.5399932861328,171.49000549316406,168.82000732421875,169.9499969482422,166.6297149658203,108100
2023-09-22,169.27000427246094,170.83999633789062,166.69000244140625,167.27000427246094,164.0020751953125,84000
2023-09-25,166.80999755859375,167.80999755859375,164.5500030517578,165.66000366210938,162.42352294921875,120500
2023-09-26,165.8699951171875,167.75,165.8699951171875,167.4600067138672,164.1883544921875,96900
2023-09-27,166.97999572753906,167.27000427246094,163.22999572753906,165.25,162.02151489257812,159800
2023-09-28,165.05999755859375,166.36000061035156,164.8699951171875,165.25999450683594,162.0313262939453,72600
2023-09-29,165.66000366210938,166.64999389648438,164.5399932861328,165.02999877929688,161.80581665039062,98000
2023-10-02,164.1999969482422,164.22000122070312,161.41000366210938,162.6699981689453,159.49192810058594,87800
2023-10-03,162.33999633789062,163.86000061035156,160.7100067138672,162.5800018310547,159.4036865234375,145000
2023-10-04,162.39999389648438,166.14999389648438,162.2100067138672,165.77999877929688,162.54116821289062,72500
2023-10-05,166.0800018310547,168.63999938964844,165.07000732421875,168.08999633789062,164.80606079101562,126600
2023-10-06,166.9499969482422,172.44000244140625,166.0500030517578,171.85000610351562,168.4925994873047,157000
2023-10-09,170.75999450683594,173.13999938964844,170.1999969482422,172.30999755859375,168.943603515625,96600
2023-10-10,172.85000610351562,174.80999755859375,172.36000061035156,173.9600067138672,170.56137084960938,221200
2023-10-11,174.4600067138672,174.77000427246094,172.1300048828125,173.5,170.1103515625,59900
2023-10-12,173.7899932861328,173.7899932861328,168.0500030517578,168.2899932861328,165.00213623046875,136900
2023-10-13,170.9199981689453,181.6699981689453,168.13999938964844,177.00999450683594,173.55177307128906,230800
2023-10-16,178.55999755859375,178.57000732421875,174.10000610351562,175.97999572753906,172.54188537597656,173400
2023-10-17,176.5500030517578,178.02000427246094,175.10000610351562,177.24000549316406,173.7772979736328,163700
2023-10-18,176.6699981689453,178.3300018310547,173.8699951171875,174.44000244140625,171.031982421875,129200
2023-10-19,174.88999938964844,176.2899932861328,168.05999755859375,168.44000244140625,165.1492156982422,195900
2023-10-20,169.41000366210938,170.42999267578125,165.50999450683594,165.86000061035156,162.61961364746094,139000
2023-10-23,165.94000244140625,166.8699951171875,162.19000244140625,162.97999572753906,159.7958984375,132600
2023-10-24,163.97999572753906,165.1199951171875,163.30999755859375,163.8000030517578,160.599853515625,112000
2023-10-25,162.74000549316406,166.74000549316406,161.7899932861328,166.58999633789062,163.33534240722656,115000
2023-10-26,166.61000061035156,169.16000366210938,166.0399932861328,169.16000366210938,165.85516357421875,110300
2023-10-27,168.0800018310547,169.07000732421875,165.6199951171875,167.0500030517578,163.78636169433594,92200
2023-10-30,168.74000549316406,169.60000610351562,167.16000366210938,167.47999572753906,164.2079620361328,93300
2023-10-31,167.0500030517578,169.52999877929688,160.00999450683594,169.1699981689453,165.86492919921875,192600
2023-11-01,170.02000427246094,171.94000244140625,167.50999450683594,171.13999938964844,167.7964630126953,133300
2023-11-02,176.27999877929688,176.27999877929688,165.8000030517578,167.49000549316406,164.2177734375,208800
2023-11-03,170.02000427246094,171.9600067138672,164.77000427246094,171.0,167.65919494628906,194300
2023-11-06,169.75999450683594,169.75999450683594,167.55999755859375,168.10000610351562,164.81585693359375,103300
2023-11-07,168.11000061035156,169.58999633789062,162.91000366210938,169.55999755859375,166.247314453125,94600
2023-11-08,169.3699951171875,169.8300018310547,164.82000732421875,165.41000366210938,162.17840576171875,91300
2023-11-09,167.0800018310547,167.0800018310547,164.19000244140625,166.33999633789062,163.09024047851562,108600
2023-11-10,165.97000122070312,167.77000427246094,164.50999450683594,167.63999938964844,164.36483764648438,124000
2023-11-13,167.9199981689453,167.9199981689453,166.17999267578125,167.14999389648438,163.8843994140625,94300
2023-11-14,169.07000732421875,172.1199951171875,169.07000732421875,171.6199951171875,168.26705932617188,93000
2023-11-15,171.41000366210938,171.97000122070312,169.25999450683594,170.1300048828125,166.8061981201172,82600
2023-11-16,170.6999969482422,170.7100067138672,166.1300048828125,166.1300048828125,162.8843536376953,86700
2023-11-17,166.0399932861328,167.88999938964844,165.27000427246094,167.36000061035156,164.09031677246094,117200
2023-11-20,166.9600067138672,168.17999267578125,166.08999633789062,167.4499969482422,164.1785430908203,67500
2023-11-21,166.47000122070312,168.41000366210938,166.47000122070312,166.5800018310547,163.3255615234375,68200
2023-11-22,168.0500030517578,171.22999572753906,166.47999572753906,169.94000244140625,166.61990356445312,138300
2023-11-24,169.27000427246094,172.75,168.60000610351562,170.64999389648438,167.31600952148438,38600
2023-11-27,169.7100067138672,169.86000061035156,162.92999267578125,163.75999450683594,160.56063842773438,153900
2023-11-28,162.9199981689453,165.11000061035156,162.10000610351562,164.1199951171875,160.91358947753906,107600
2023-11-29,164.82000732421875,164.82000732421875,162.3800048828125,164.05999755859375,160.8547821044922,100200
2023-11-30,164.2100067138672,166.02000427246094,163.5,165.89999389648438,162.65882873535156,118500
2023-12-01,165.11000061035156,167.61000061035156,163.3000030517578,167.19000244140625,164.81776428222656,113200
2023-12-04,167.47000122070312,171.1699981689453,167.47000122070312,169.64999389648438,167.24285888671875,99800
2023-12-05,170.1699981689453,171.9199981689453,168.02000427246094,169.22999572753906,166.8288116455078,108600
2023-12-06,168.3699951171875,169.5500030517578,167.85000610351562,168.22999572753906,165.84300231933594,116700
2023-12-07,169.11000061035156,169.9600067138672,167.0,168.77000427246094,166.37533569335938,160400
2023-12-08,167.16000366210938,169.4600067138672,166.3300018310547,166.4199981689453,164.05868530273438,129000
2023-12-11,166.75999450683594,167.5800018310547,164.7899932861328,166.49000549316406,164.12770080566406,114800
2023-12-12,167.27000427246094,168.5800018310547,165.47999572753906,168.3800048828125,165.99085998535156,88400
2023-12-13,167.57000732421875,174.14999389648438,167.57000732421875,173.9199981689453,171.45225524902344,145300
2023-12-14,175.0,176.9600067138672,171.02000427246094,171.33999633789062,168.9088592529297,152200
2023-12-15,171.8000030517578,172.85000610351562,166.22000122070312,166.22000122070312,163.8615264892578,336900
2023-12-18,167.52999877929688,169.22000122070312,166.47999572753906,166.75999450683594,164.39385986328125,127300
2023-12-19,167.50999450683594,168.63999938964844,166.74000549316406,167.66000366210938,165.28109741210938,145500
2023-12-20,166.1999969482422,167.74000549316406,163.99000549316406,164.22000122070312,161.889892578125,145000
2023-12-21,164.74000549316406,166.7100067138672,161.5399932861328,161.8800048828125,159.58309936523438,114500
2023-12-22,163.22999572753906,165.41000366210938,162.6699981689453,162.8699951171875,160.55905151367188,95800
2023-12-26,163.36000061035156,164.49000549316406,162.2100067138672,163.6999969482422,161.37728881835938,102700
2023-12-27,163.6999969482422,165.44000244140625,163.55999755859375,163.89999389648438,161.57444763183594,117600
2023-12-28,163.6999969482422,167.11000061035156,163.6999969482422,166.3000030517578,163.9403839111328,170400
2023-12-29,165.94000244140625,169.4499969482422,165.5800018310547,166.38999938964844,164.0290985107422,178800
2024-01-02,166.0500030517578,168.94000244140625,164.3300018310547,166.38999938964844,164.0290985107422,140900
2024-01-03,166.66000366210938,167.5500030517578,163.32000732421875,163.50999450683594,161.18995666503906,96700
2024-01-04,163.89999389648438,165.25,162.8800048828125,164.05999755859375,161.732177734375,101400
2024-01-05,163.1199951171875,164.13999938964844,162.2100067138672,163.11000061035156,160.795654296875,102700
2024-01-08,162.80999755859375,164.6300048828125,162.80999755859375,164.36000061035156,162.0279083251953,72700
2024-01-09,162.85000610351562,165.8300018310547,162.60000610351562,165.8300018310547,163.47706604003906,96300
2024-01-10,164.77000427246094,168.08999633789062,164.36000061035156,167.9499969482422,165.5669708251953,116400
2024-01-11,167.3300018310547,168.55999755859375,166.75,167.77999877929688,165.39938354492188,109400
2024-01-12,169.4600067138672,172.14999389648438,169.10000610351562,171.6999969482422,169.26376342773438,124700
2024-01-16,171.6999969482422,173.07000732421875,170.57000732421875,171.30999755859375,168.87930297851562,107800
2024-01-17,170.22999572753906,172.72000122070312,170.22999572753906,171.8300018310547,169.3919219970703,97200
2024-01-18,171.25,173.3699951171875,169.32000732421875,173.24000549316406,170.78192138671875,114200
2024-01-19,173.72999572753906,173.72999572753906,170.82000732421875,171.89999389648438,169.46092224121094,113100
2024-01-22,173.07000732421875,174.66000366210938,171.9600067138672,174.39999389648438,171.92544555664062,149800
2024-01-23,175.99000549316406,178.07000732421875,174.52000427246094,177.02999877929688,174.5181427001953,118500
2024-01-24,177.77999877929688,178.97000122070312,175.67999267578125,176.16000366210938,173.6604766845703,132100
2024-01-25,178.2100067138672,179.0800018310547,175.10000610351562,178.47999572753906,175.94757080078125,198800
2024-01-26,179.82000732421875,180.3800048828125,178.49000549316406,179.86000061035156,177.30799865722656,97700
2024-01-29,180.44000244140625,181.75,178.99000549316406,181.57000732421875,178.9937286376953,124800
2024-01-30,181.60000610351562,187.58999633789062,181.38999938964844,187.30999755859375,184.65228271484375,208900
2024-01-31,187.44000244140625,190.55999755859375,183.7100067138672,183.77999877929688,181.17236328125,381300
2024-02-01,195.4600067138672,215.30999755859375,189.24000549316406,204.0399932861328,201.14488220214844,576200
2024-02-02,202.0,204.9199981689453,197.52000427246094,202.57000732421875,199.69577026367188,296500
2024-02-05,200.80999755859375,202.89999389648438,196.11000061035156,196.50999450683594,193.7217254638672,197600
2024-02-06,196.61000061035156,198.44000244140625,192.63999938964844,193.2899932861328,190.54742431640625,152700
2024-02-07,193.32000732421875,193.5,187.3800048828125,187.63999938964844,184.9775848388672,130700
2024-02-08,187.83999633789062,190.99000549316406,186.97000122070312,188.16000366210938,185.49021911621094,105500
2024-02-09,188.1999969482422,189.89999389648438,187.16000366210938,188.75,186.07183837890625,106600
2024-02-12,189.47000122070312,194.9199981689453,189.47000122070312,194.4199981689453,191.66139221191406,131700
2024-02-13,193.39999389648438,193.47000122070312,187.64999389648438,189.66000366210938,186.96893310546875,109500
2024-02-14,190.05999755859375,191.39999389648438,187.75999450683594,189.88999938964844,187.19566345214844,99800
2024-02-15,191.52999877929688,192.72999572753906,190.1199951171875,192.16000366210938,189.4334716796875,86300
2024-02-16,192.30999755859375,194.35000610351562,189.97000122070312,192.88999938964844,190.15310668945312,87200
2024-02-20,191.08999633789062,195.8699951171875,191.08999633789062,193.8800048828125,191.1290740966797,131600
2024-02-21,193.0500030517578,195.25,191.6300048828125,192.8300018310547,190.0939483642578,122300
2024-02-22,191.6300048828125,193.8699951171875,188.66000366210938,193.5500030517578,190.80374145507812,206300
2024-02-23,193.85000610351562,199.83999633789062,193.85000610351562,199.80999755859375,196.97491455078125,146200
2024-02-26,198.8000030517578,201.66000366210938,197.64999389648438,201.4600067138672,198.60150146484375,152200
2024-02-27,202.14999389648438,202.14999389648438,199.5,201.27000427246094,198.41421508789062,142800
2024-02-28,200.69000244140625,205.22000122070312,199.6199951171875,205.16000366210938,202.2490234375,131500
2024-02-29,206.82000732421875,208.42999267578125,203.39999389648438,206.9199981689453,203.98403930664062,175200
2024-03-01,206.9199981689453,207.13999938964844,202.44000244140625,206.25,203.3235321044922,103400
2024-03-04,207.52000427246094,209.80999755859375,206.77999877929688,206.7899932861328,203.8558807373047,106600
2024-03-05,206.83999633789062,208.94000244140625,203.75,204.61000061035156,201.70680236816406,131400
2024-03-06,205.13999938964844,207.24000549316406,203.66000366210938,204.5,202.48904418945312,79300
2024-03-07,205.82000732421875,208.5399932861328,203.8000030517578,205.02000427246094,203.00393676757812,125900
2024-03-08,206.50999450683594,207.27000427246094,204.24000549316406,205.36000061035156,203.34059143066406,84600
2024-03-11,204.72999572753906,206.0,203.10000610351562,204.2100067138672,202.201904296875,77300
2024-03-12,203.7100067138672,204.47999572753906,201.57000732421875,202.75,200.75624084472656,186400
2024-03-13,203.39999389648438,203.52000427246094,197.66000366210938,199.8300018310547,197.86495971679688,143000
2024-03-14,199.8300018310547,200.17999267578125,197.9600067138672,200.14999389648438,198.1818084716797,95800
2024-03-15,198.75999450683594,200.39999389648438,196.61000061035156,198.1999969482422,196.2509765625,330800
2024-03-18,198.08999633789062,200.6300048828125,197.10000610351562,197.6999969482422,195.75588989257812,101200
2024-03-19,198.00999450683594,199.88999938964844,197.61000061035156,198.91000366210938,196.95401000976562,119500
2024-03-20,199.17999267578125,203.5,198.9199981689453,203.36000061035156,201.36026000976562,147200
2024-03-21,203.02000427246094,206.7899932861328,201.5399932861328,205.74000549316406,203.71685791015625,125600
2024-03-22,205.86000061035156,207.3000030517578,204.10000610351562,206.02000427246094,203.9940948486328,94300
2024-03-25,206.89999389648438,206.89999389648438,202.60000610351562,203.13999938964844,201.1424102783203,65100
2024-03-26,204.75999450683594,204.97999572753906,201.41000366210938,204.02000427246094,202.0137481689453,87200
2024-03-27,204.6300048828125,207.2899932861328,204.6300048828125,207.07000732421875,205.0337677001953,171000
2024-03-28,208.05999755859375,209.0800018310547,206.9600067138672,207.6300048828125,205.5882568359375,81000
2024-04-01,207.0500030517578,207.0500030517578,204.61000061035156,206.47000122070312,204.43966674804688,80400
2024-04-02,205.89999389648438,206.9499969482422,202.11000061035156,206.8000030517578,204.7664337158203,123600
2024-04-03,205.25,206.60000610351562,204.44000244140625,205.0800018310547,203.06333923339844,88100
2024-04-04,205.7899932861328,206.6699981689453,204.25,204.50999450683594,202.49893188476562,87400
2024-04-05,204.5800018310547,206.0500030517578,202.47999572753906,204.1699981689453,202.1622772216797,93000
2024-04-08,204.97999572753906,205.41000366210938,202.7100067138672,202.8300018310547,200.83546447753906,80900
2024-04-09,203.25,203.5800018310547,201.07000732421875,202.77000427246094,200.77606201171875,101600
2024-04-10,199.52000427246094,199.69000244140625,196.9600067138672,198.75,196.7955780029297,111400
2024-04-11,199.5,200.10000610351562,198.25999450683594,198.55999755859375,196.60743713378906,108300
2024-04-12,197.5500030517578,198.2100067138672,194.8800048828125,196.11000061035156,194.18154907226562,93100
2024-04-15,197.49000549316406,198.13999938964844,193.02999877929688,194.80999755859375,192.8943328857422,224600
2024-04-16,194.3000030517578,195.2100067138672,189.8699951171875,190.02000427246094,188.15142822265625,148700
2024-04-17,191.64999389648438,191.64999389648438,185.1300048828125,185.39999389648438,183.5768585205078,124100
2024-04-18,186.30999755859375,186.30999755859375,182.8000030517578,183.6199951171875,181.81434631347656,138100
2024-04-19,183.75,187.32000732421875,183.75,186.8699951171875,185.0323944091797,130900
2024-04-22,186.7899932861328,187.74000549316406,185.00999450683594,185.58999633789062,183.76498413085938,109300
2024-04-23,185.25,189.8000030517578,182.77999877929688,186.86000061035156,185.02249145507812,153700
2024-04-24,185.36000061035156,189.27000427246094,185.27999877929688,188.8000030517578,186.94342041015625,131300
2024-04-25,188.2899932861328,189.44000244140625,185.30999755859375,187.97999572753906,186.13148498535156,116700
2024-04-26,187.27999877929688,188.86000061035156,186.94000244140625,187.02999877929688,185.19082641601562,149800
2024-04-29,187.9600067138672,190.82000732421875,187.27000427246094,190.35000610351562,188.4781951904297,141400
2024-04-30,189.92999267578125,191.16000366210938,187.77999877929688,190.80999755859375,188.93365478515625,165800
2024-05-01,190.22000122070312,193.0,187.33999633789062,191.42999267578125,189.5475616455078,192300
2024-05-02,188.67999267578125,197.11000061035156,186.41000366210938,192.0,190.11195373535156,204700
2024-05-03,195.6999969482422,195.97999572753906,190.6699981689453,191.5,189.61688232421875,149100
2024-05-06,191.77000427246094,193.22000122070312,189.99000549316406,191.91000366210938,190.02284240722656,124200
2024-05-07,193.10000610351562,196.72000122070312,192.8800048828125,193.7899932861328,191.8843536376953,167700
2024-05-08,193.0,195.13999938964844,192.30999755859375,194.86000061035156,192.94383239746094,85600
2024-05-09,195.16000366210938,196.9199981689453,192.8000030517578,196.24000549316406,194.31027221679688,69400
2024-05-10,196.24000549316406,197.7899932861328,194.97999572753906,197.57000732421875,195.62718200683594,82700
2024-05-13,198.77000427246094,200.7899932861328,194.66000366210938,194.9199981689453,193.00323486328125,107900
2024-05-14,196.89999389648438,197.30999755859375,193.35000610351562,194.33999633789062,192.42893981933594,102500
2024-05-15,195.5800018310547,195.5800018310547,192.27999877929688,193.38999938964844,191.48828125,81900
2024-05-16,193.50999450683594,193.50999450683594,191.36000061035156,192.57000732421875,190.67636108398438,78700
2024-05-17,192.82000732421875,192.82000732421875,189.1199951171875,191.50999450683594,189.62677001953125,106400
2024-05-20,191.9600067138672,192.6699981689453,191.13999938964844,192.07000732421875,190.1812744140625,66100
2024-05-21,191.91000366210938,192.2899932861328,189.74000549316406,191.00999450683594,189.13169860839844,65900
2024-05-22,190.6300048828125,191.6300048828125,188.0399932861328,188.4600067138672,186.60678100585938,75900
2024-05-23,187.97999572753906,188.27000427246094,185.30999755859375,185.7899932861328,183.9630126953125,74400
2024-05-24,186.77000427246094,186.77000427246094,184.00999450683594,184.47000122070312,182.656005859375,90000
2024-05-28,184.52000427246094,185.75,181.63999938964844,184.0500030517578,182.24012756347656,96800
2024-05-29,183.39999389648438,183.75999450683594,181.08999633789062,181.2899932861328,179.50726318359375,88100
2024-05-30,182.36000061035156,186.32000732421875,182.36000061035156,183.0,181.20045471191406,104900
2024-05-31,183.5399932861328,187.02999877929688,181.91000366210938,185.5,183.67587280273438,129100
2024-06-03,187.0800018310547,188.8800048828125,184.50999450683594,185.41000366210938,183.58676147460938,83500
2024-06-04,184.83999633789062,186.5800018310547,182.80999755859375,185.3000030517578,183.47784423828125,111800
2024-06-05,185.35000610351562,187.94000244140625,184.1999969482422,187.47000122070312,185.6265106201172,89000
2024-06-06,187.75999450683594,189.3000030517578,187.3000030517578,187.88999938964844,186.04237365722656,75600
2024-06-07,186.07000732421875,187.2100067138672,185.75999450683594,186.05999755859375,185.11708068847656,63800
2024-06-10,184.64999389648438,187.11000061035156,184.27999877929688,185.6699981689453,184.7290496826172,117300
2024-06-11,184.60000610351562,187.86000061035156,183.7100067138672,187.1300048828125,186.18165588378906,88600
2024-06-12,189.55999755859375,189.55999755859375,185.9199981689453,186.2899932861328,185.3459014892578,106600
2024-06-13,186.16000366210938,186.22000122070312,183.66000366210938,185.32000732421875,184.38084411621094,69600
2024-06-14,184.08999633789062,187.47999572753906,183.4199981689453,186.55999755859375,185.6145477294922,97800
2024-06-17,186.25,188.80999755859375,185.77000427246094,188.5399932861328,187.58450317382812,63800
2024-06-18,188.58999633789062,188.8699951171875,187.47000122070312,187.89999389648438,186.94775390625,77500
2024-06-20,187.52000427246094,189.4199981689453,184.85000610351562,185.22000122070312,184.28134155273438,85700
2024-06-21,185.8000030517578,187.75999450683594,184.85000610351562,187.47000122070312,186.5199432373047,199900
2024-06-24,188.38999938964844,189.97999572753906,187.64999389648438,189.61000061035156,188.6490936279297,74900
2024-06-25,189.58999633789062,190.75,186.5,186.66000366210938,185.71405029296875,100400
2024-06-26,186.10000610351562,186.88999938964844,183.66000366210938,186.49000549316406,185.54490661621094,93800
2024-06-27,187.6699981689453,188.25,185.83999633789062,187.8800048828125,186.9278564453125,59700
2024-06-28,188.44000244140625,189.86000061035156,187.44000244140625,188.97000122070312,188.0123291015625,403100
2024-07-01,188.9199981689453,190.08999633789062,184.75,188.57000732421875,187.61436462402344,142300
2024-07-02,188.88999938964844,191.41000366210938,187.61000061035156,190.64999389648438,189.68380737304688,100900
2024-07-03,191.61000061035156,193.7899932861328,189.02999877929688,190.52000427246094,189.5544891357422,83400
2024-07-05,189.77000427246094,191.61000061035156,186.92999267578125,189.00999450683594,188.0521240234375,91000
2024-07-08,190.11000061035156,190.67999267578125,186.77999877929688,186.89999389648438,185.95281982421875,99000
2024-07-09,186.60000610351562,187.1300048828125,182.6199951171875,183.00999450683594,182.08253479003906,95600
2024-07-10,183.69000244140625,184.16000366210938,181.50999450683594,183.19000244140625,182.26162719726562,129000
2024-07-11,185.38999938964844,187.35000610351562,183.74000549316406,185.0399932861328,184.1022491455078,127300
2024-07-12,186.8800048828125,188.44000244140625,185.9499969482422,186.35000610351562,185.40562438964844,84600
2024-07-15,186.8699951171875,187.27000427246094,185.16000366210938,185.8699951171875,184.92803955078125,111400
2024-07-16,187.02999877929688,189.8699951171875,186.08999633789062,189.19000244140625,188.23121643066406,134700
2024-07-17,188.94000244140625,192.4199981689453,188.94000244140625,191.00999450683594,190.0419921875,91700
2024-07-18,190.07000732421875,192.9199981689453,188.0,188.1699981689453,187.2163848876953,84700
2024-07-19,188.82000732421875,188.82000732421875,183.0800018310547,183.94000244140625,183.00782775878906,100400
2024-07-22,184.22000122070312,186.47999572753906,182.38999938964844,185.3800048828125,184.44053649902344,152000
2024-07-23,185.77000427246094,188.19000244140625,185.77000427246094,187.1999969482422,186.2512969970703,117500
2024-07-24,185.91000366210938,188.75999450683594,184.97000122070312,185.1699981689453,184.23158264160156,138800
2024-07-25,186.27999877929688,187.69000244140625,185.17999267578125,185.4199981689453,184.48031616210938,194600
2024-07-26,187.2899932861328,188.52999877929688,184.69000244140625,188.3000030517578,187.34573364257812,109200
2024-07-29,188.1199951171875,188.1199951171875,184.5399932861328,186.1999969482422,185.25636291503906,114600
2024-07-30,186.61000061035156,191.77999877929688,186.61000061035156,191.0399932861328,190.07183837890625,101700
2024-07-31,191.4199981689453,195.0500030517578,189.94000244140625,193.05999755859375,192.08160400390625,189700
2024-08-01,192.3699951171875,195.27000427246094,188.67999267578125,190.6699981689453,189.70372009277344,125100
2024-08-02,188.0399932861328,192.17999267578125,185.32000732421875,191.50999450683594,190.53945922851562,164400
2024-08-05,188.3000030517578,190.80999755859375,184.2100067138672,185.7899932861328,184.8484344482422,162100
2024-08-06,186.11000061035156,190.02999877929688,186.11000061035156,189.2899932861328,188.33070373535156,104600
2024-08-07,190.9199981689453,192.72999572753906,189.13999938964844,190.8800048828125,189.91265869140625,127200
2024-08-08,191.5500030517578,193.22999572753906,191.5500030517578,192.27999877929688,191.30555725097656,90900
2024-08-09,191.80999755859375,192.8000030517578,189.75,192.3000030517578,191.32545471191406,105400
2024-08-12,192.0500030517578,192.0500030517578,188.3300018310547,188.77000427246094,187.8133544921875,123400
2024-08-13,190.22000122070312,194.36000061035156,187.8000030517578,193.38999938964844,192.40992736816406,127300
2024-08-14,192.97999572753906,195.32000732421875,192.83999633789062,195.1300048828125,194.14111328125,75400
2024-08-15,197.0,199.72000122070312,196.19000244140625,198.35000610351562,197.3448028564453,114100
2024-08-16,197.77000427246094,198.67999267578125,196.6300048828125,198.3800048828125,197.37464904785156,107200
2024-08-19,198.6999969482422,199.85000610351562,196.0500030517578,198.49000549316406,197.48410034179688,118700
2024-08-20,198.1999969482422,198.72000122070312,196.1999969482422,198.2100067138672,197.2055206298828,133100
2024-08-21,199.27000427246094,201.36000061035156,197.14999389648438,197.60000610351562,196.59860229492188,183100
2024-08-22,185.91000366210938,186.60000610351562,169.3699951171875,173.22999572753906,172.3520965576172,628400
2024-08-23,173.41000366210938,175.75,171.0,173.50999450683594,172.63067626953125,317900
2024-08-26,175.13999938964844,175.82000732421875,170.75,171.16000366210938,170.29258728027344,204100
2024-08-27,171.39999389648438,171.6199951171875,167.25999450683594,167.64999389648438,166.8003692626953,190700
2024-08-28,167.89999389648438,170.44000244140625,167.5,168.86000061035156,168.00424194335938,155100
2024-08-29,169.89999389648438,172.47999572753906,167.7100067138672,169.94000244140625,169.0787811279297,181900
2024-08-30,170.14999389648438,170.8300018310547,168.3699951171875,170.75999450683594,169.8946075439453,145400
2024-09-03,170.52000427246094,171.7100067138672,169.3300018310547,170.7899932861328,169.92445373535156,98300
2024-09-04,170.7899932861328,176.88999938964844,170.4499969482422,176.63999938964844,175.74481201171875,187400
2024-09-05,177.07000732421875,179.99000549316406,176.27999877929688,177.52999877929688,176.63031005859375,144600
2024-09-06,177.24000549316406,178.74000549316406,176.16000366210938,177.58999633789062,176.69000244140625,108500
2024-09-09,176.69000244140625,177.3800048828125,174.82000732421875,175.74000549316406,175.74000549316406,136300
2024-09-10,176.0399932861328,178.27999877929688,174.50999450683594,176.67999267578125,176.67999267578125,107400
2024-09-11,176.0,176.05999755859375,171.66000366210938,174.8000030517578,174.8000030517578,106300
2024-09-12,175.19000244140625,177.77000427246094,173.83999633789062,177.6300048828125,177.6300048828125,96800
2024-09-13,178.94000244140625,179.6699981689453,176.3300018310547,179.6300048828125,179.6300048828125,112700
2024-09-16,180.77999877929688,181.41000366210938,178.97000122070312,179.30999755859375,179.30999755859375,98800
2024-09-17,179.4199981689453,182.8800048828125,179.4199981689453,179.5800018310547,179.5800018310547,128600
2024-09-18,179.32000732421875,184.5800018310547,178.41000366210938,179.2899932861328,179.2899932861328,136500
2024-09-19,180.89999389648438,181.9199981689453,178.1999969482422,181.11000061035156,181.11000061035156,138700
2024-09-20,181.7100067138672,182.0399932861328,180.0,181.8000030517578,181.8000030517578,484300
2024-09-23,181.36000061035156,182.58999633789062,179.4600067138672,179.99000549316406,179.99000549316406,104300
2024-09-24,180.39999389648438,180.92999267578125,178.7899932861328,178.8000030517578,178.8000030517578,110100
2024-09-25,179.49000549316406,179.7100067138672,177.16000366210938,177.67999267578125,177.67999267578125,107100
2024-09-26,178.3800048828125,179.58999633789062,177.19000244140625,179.25999450683594,179.25999450683594,114200
2024-09-27,180.64999389648438,181.52000427246094,178.5800018310547,178.72000122070312,178.72000122070312,86000
2024-09-30,179.10000610351562,181.6300048828125,175.41000366210938,176.57000732421875,176.57000732421875,106300
2024-10-01,176.4199981689453,177.74000549316406,174.16000366210938,177.25,177.25,106000
2024-10-02,176.0,176.39999389648438,174.69000244140625,175.88999938964844,175.88999938964844,74900
2024-10-03,174.77000427246094,175.8699951171875,173.99000549316406,175.64999389648438,175.64999389648438,57100
2024-10-04,176.5800018310547,178.13999938964844,176.02000427246094,176.91000366210938,176.91000366210938,71700
2024-10-07,176.10000610351562,178.6699981689453,175.6699981689453,178.3699951171875,178.3699951171875,94000
2024-10-08,178.2100067138672,181.8699951171875,178.2100067138672,180.6999969482422,180.6999969482422,114100
2024-10-09,180.00999450683594,182.00999450683594,180.00999450683594,180.67999267578125,180.67999267578125,67300
2024-10-10,179.7100067138672,180.5800018310547,175.0800018310547,178.22000122070312,178.22000122070312,152400
2024-10-11,177.64999389648438,181.1300048828125,177.64999389648438,180.27999877929688,180.27999877929688,96300
2024-10-14,180.5800018310547,181.4199981689453,179.47999572753906,179.77000427246094,179.77000427246094,58600
2024-10-15,180.24000549316406,183.07000732421875,180.14999389648438,180.47000122070312,180.47000122070312,106400
2024-10-16,180.86000061035156,181.83999633789062,179.49000549316406,179.9199981689453,179.9199981689453,91200
2024-10-17,180.52999877929688,180.52999877929688,176.94000244140625,178.4199981689453,178.4199981689453,86400
2024-10-18,178.22999572753906,178.92999267578125,175.77999877929688,175.77999877929688,175.77999877929688,96600
2024-10-21,175.97000122070312,176.22999572753906,171.89999389648438,172.0,172.0,136500
2024-10-22,172.35000610351562,175.8800048828125,171.27000427246094,175.60000610351562,175.60000610351562,208100
2024-10-23,175.39999389648438,176.3699951171875,174.9199981689453,176.0800018310547,176.0800018310547,111900
2024-10-24,175.94000244140625,176.9499969482422,174.66000366210938,176.47999572753906,176.47999572753906,127500
2024-10-25,177.72000122070312,178.69000244140625,176.3300018310547,177.2100067138672,177.2100067138672,113700
2024-10-28,177.72000122070312,181.4199981689453,177.72000122070312,181.11000061035156,181.11000061035156,126300
2024-10-29,180.0399932861328,183.1199951171875,180.0399932861328,182.8800048828125,182.8800048828125,142300
2024-10-30,182.33999633789062,185.1999969482422,180.0500030517578,185.0,185.0,202300
2024-10-31,178.35000610351562,185.02000427246094,170.5,173.60000610351562,173.60000610351562,262300
2024-11-01,175.6300048828125,181.74000549316406,175.6300048828125,180.47000122070312,180.47000122070312,277900
