Date,Open,High,Low,Close,Adj Close,Volume
2014-05-08,19.0,19.299999237060547,17.959999084472656,18.639999389648438,9.678450584411621,3735500
2014-05-09,18.639999389648438,19.010000228881836,18.450000762939453,19.0,9.865373611450195,293700
2014-05-12,19.0,19.166000366210938,18.75,19.100000381469727,9.91729736328125,149100
2014-05-13,18.270000457763672,19.280000686645508,18.270000457763672,19.059999465942383,9.896524429321289,99700
2014-05-14,19.1200008392334,19.170000076293945,19.0,19.059999465942383,9.896524429321289,47300
2014-05-15,19.030000686645508,19.040000915527344,17.950000762939453,18.549999237060547,9.631720542907715,368800
2014-05-16,18.549999237060547,19.100000381469727,18.549999237060547,19.0,9.865373611450195,67400
2014-05-19,19.0,19.100000381469727,19.0,19.06999969482422,9.90172004699707,47900
2014-05-20,19.0,19.190000534057617,18.920000076293945,19.139999389648438,9.938065528869629,44100
2014-05-21,19.190000534057617,19.5,18.93000030517578,19.079999923706055,9.906911849975586,47700
2014-05-22,19.020000457763672,19.799999237060547,19.020000457763672,19.709999084472656,10.234026908874512,52500
2014-05-23,19.610000610351562,19.700000762939453,19.51099967956543,19.649999618530273,10.202872276306152,51300
2014-05-27,19.850000381469727,19.94499969482422,19.5,19.649999618530273,10.202872276306152,47100
2014-05-28,19.540000915527344,19.739999771118164,19.5,19.700000762939453,10.228835105895996,56200
2014-05-29,20.049999237060547,20.389999389648438,19.8799991607666,19.989999771118164,10.379410743713379,306800
2014-05-30,19.950000762939453,20.549999237060547,19.950000762939453,20.309999465942383,10.545565605163574,487800
2014-06-02,20.309999465942383,20.700000762939453,20.280000686645508,20.3799991607666,10.581910133361816,306300
2014-06-03,20.649999618530273,20.649999618530273,20.290000915527344,20.639999389648438,10.716909408569336,289000
2014-06-04,20.5,20.600000381469727,20.290000915527344,20.530000686645508,10.659794807434082,262700
2014-06-05,20.799999237060547,21.1299991607666,20.520000457763672,20.579999923706055,10.685755729675293,140300
2014-06-06,20.700000762939453,21.8799991607666,20.530000686645508,21.530000686645508,11.179024696350098,197200
2014-06-09,21.600000381469727,22.0,20.750999450683594,20.829999923706055,10.815564155578613,199200
2014-06-10,21.170000076293945,21.770000457763672,20.959999084472656,21.68000030517578,11.256912231445312,224000
2014-06-11,21.84000015258789,22.0,21.270000457763672,21.799999237060547,11.319217681884766,321300
2014-06-12,21.790000915527344,21.889999389648438,21.530000686645508,21.75,11.293255805969238,131400
2014-06-13,21.75,21.75,21.25,21.6299991607666,11.230947494506836,108100
2014-06-16,21.969999313354492,21.969999313354492,20.190000534057617,20.729999542236328,10.763641357421875,388800
2014-06-17,21.489999771118164,21.75,20.969999313354492,21.149999618530273,10.981717109680176,351100
2014-06-18,21.399999618530273,23.1200008392334,21.399999618530273,22.079999923706055,11.464601516723633,500400
2014-06-19,22.5,22.950000762939453,22.020000457763672,22.350000381469727,11.6047945022583,408100
2014-06-20,22.239999771118164,22.860000610351562,21.809999465942383,22.700000762939453,11.786523818969727,294700
2014-06-23,22.75,23.139999389648438,22.469999313354492,22.920000076293945,11.900755882263184,302800
2014-06-24,22.959999084472656,23.729999542236328,22.889999389648438,23.329999923706055,12.113639831542969,452900
2014-06-25,23.299999237060547,23.34000015258789,22.5,22.549999237060547,11.708640098571777,199000
2014-06-26,23.239999771118164,23.770000457763672,23.0,23.459999084472656,12.18113899230957,232700
2014-06-27,23.639999389648438,23.75,23.09000015258789,23.09000015258789,11.989026069641113,1039000
2014-06-30,23.0,24.93000030517578,22.84000015258789,22.989999771118164,11.937101364135742,444400
2014-07-01,23.510000228881836,24.200000762939453,23.020000457763672,23.190000534057617,12.040945053100586,383400
2014-07-02,23.260000228881836,23.28499984741211,22.31999969482422,22.780000686645508,11.828064918518066,246200
2014-07-03,22.780000686645508,23.520000457763672,22.739999771118164,23.469999313354492,12.186331748962402,93500
2014-07-07,23.479999542236328,23.479999542236328,22.059999465942383,22.360000610351562,11.60998821258545,451600
2014-07-08,22.540000915527344,23.239999771118164,22.51099967956543,22.68000030517578,11.776138305664062,167700
2014-07-09,22.68000030517578,23.100000381469727,22.360000610351562,22.6299991607666,11.750178337097168,133300
2014-07-10,22.43000030517578,22.959999084472656,22.079999923706055,22.850000381469727,11.864408493041992,256500
2014-07-11,22.850000381469727,23.069000244140625,22.5,22.690000534057617,11.781332015991211,126900
2014-07-14,22.8799991607666,22.969999313354492,22.649999618530273,22.68000030517578,11.776138305664062,183300
2014-07-15,22.639999389648438,22.780000686645508,22.209999084472656,22.479999542236328,11.672294616699219,110500
2014-07-16,22.40999984741211,22.65999984741211,22.209999084472656,22.260000228881836,11.558063507080078,202300
2014-07-17,22.18000030517578,22.229999542236328,21.799999237060547,21.889999389648438,11.365948677062988,186300
2014-07-18,21.829999923706055,22.139999389648438,21.709999084472656,22.020000457763672,11.43344783782959,124300
2014-07-21,21.969999313354492,22.040000915527344,21.459999084472656,21.59000015258789,11.210177421569824,55800
2014-07-22,21.610000610351562,22.079999923706055,21.610000610351562,21.860000610351562,11.350372314453125,44600
2014-07-23,21.829999923706055,22.170000076293945,21.829999923706055,22.100000381469727,11.474987983703613,113800
2014-07-24,22.010000228881836,22.25,22.0,22.200000762939453,11.526910781860352,120800
2014-07-25,22.100000381469727,22.229999542236328,21.8700008392334,22.139999389648438,11.495756149291992,207900
2014-07-28,22.079999923706055,22.079999923706055,21.3799991607666,21.559999465942383,11.194600105285645,148500
2014-07-29,21.600000381469727,21.770000457763672,21.459999084472656,21.65999984741211,11.246524810791016,112300
2014-07-30,21.770000457763672,21.780000686645508,20.799999237060547,20.889999389648438,10.846718788146973,134000
2014-07-31,20.93000030517578,20.93000030517578,19.989999771118164,20.06999969482422,10.420949935913086,262500
2014-08-01,20.0,20.600000381469727,20.0,20.530000686645508,10.659794807434082,289400
2014-08-04,20.559999465942383,20.59000015258789,19.860000610351562,20.549999237060547,10.670181274414062,161600
2014-08-05,20.510000228881836,20.6200008392334,20.010000228881836,20.219999313354492,10.498834609985352,178200
2014-08-06,20.030000686645508,21.059999465942383,19.600000381469727,19.760000228881836,10.259987831115723,462600
2014-08-07,19.75,19.760000228881836,19.399999618530273,19.530000686645508,10.140564918518066,220000
2014-08-08,19.520000457763672,19.68000030517578,19.309999465942383,19.6299991607666,10.192488670349121,160800
2014-08-11,19.760000228881836,19.920000076293945,19.510000228881836,19.6299991607666,10.192488670349121,221500
2014-08-12,19.799999237060547,19.799999237060547,18.8799991607666,19.200000762939453,9.969220161437988,326900
2014-08-13,19.190000534057617,19.799999237060547,19.110000610351562,19.59000015258789,10.17171859741211,233100
2014-08-14,19.700000762939453,19.75,19.524999618530273,19.670000076293945,10.2132568359375,74400
2014-08-15,19.93000030517578,20.25,19.75,19.790000915527344,10.275566101074219,132100
2014-08-18,19.889999389648438,19.915000915527344,19.649999618530273,19.81999969482422,10.291141510009766,93700
2014-08-19,19.829999923706055,19.920000076293945,19.75,19.780000686645508,10.270371437072754,92500
2014-08-20,19.670000076293945,19.759000778198242,19.549999237060547,19.670000076293945,10.2132568359375,47200
2014-08-21,19.81999969482422,19.850000381469727,19.610000610351562,19.739999771118164,10.249603271484375,51800
2014-08-22,19.75,19.770000457763672,19.540000915527344,19.709999084472656,10.234026908874512,80400
2014-08-25,19.729999542236328,19.829999923706055,19.25,19.40999984741211,10.078258514404297,116800
2014-08-26,19.510000228881836,19.670000076293945,19.319000244140625,19.540000915527344,10.145758628845215,111500
2014-08-27,19.5,19.673999786376953,19.420000076293945,19.530000686645508,10.140564918518066,85500
2014-08-28,19.510000228881836,19.6299991607666,19.440000534057617,19.559999465942383,10.15614128112793,89000
2014-08-29,19.600000381469727,19.75,19.5,19.6299991607666,10.192488670349121,130000
2014-09-02,19.600000381469727,19.889999389648438,19.020000457763672,19.459999084472656,10.104216575622559,520700
2014-09-03,19.600000381469727,20.270000457763672,19.209999084472656,19.34000015258789,10.041913032531738,424800
2014-09-04,19.649999618530273,19.649999618530273,18.850000381469727,19.020000457763672,9.875757217407227,523100
2014-09-05,18.920000076293945,19.110000610351562,18.799999237060547,18.979999542236328,9.854987144470215,179600
2014-09-08,18.950000762939453,19.030000686645508,18.760000228881836,18.899999618530273,9.813448905944824,287800
2014-09-09,18.940000534057617,19.014999389648438,18.652999877929688,18.90999984741211,9.818642616271973,85100
2014-09-10,19.020000457763672,19.25,18.920000076293945,19.209999084472656,9.97441291809082,270700
2014-09-11,19.190000534057617,19.950000762939453,19.049999237060547,19.670000076293945,10.2132568359375,88800
2014-09-12,19.690000534057617,19.753999710083008,19.329999923706055,19.700000762939453,10.228835105895996,197700
2014-09-15,19.6299991607666,19.68000030517578,19.40999984741211,19.5,10.124988555908203,114900
2014-09-16,19.469999313354492,20.239999771118164,19.190000534057617,19.290000915527344,10.015950202941895,95400
2014-09-17,19.299999237060547,19.739999771118164,19.280000686645508,19.510000228881836,10.130180358886719,429600
2014-09-18,19.530000686645508,19.790000915527344,19.329999923706055,19.469999313354492,10.10941219329834,167500
2014-09-19,19.479999542236328,19.649999618530273,19.239999771118164,19.309999465942383,10.02633285522461,48300
2014-09-22,19.290000915527344,19.290000915527344,18.950000762939453,18.950000762939453,9.839411735534668,66300
2014-09-23,18.950000762939453,19.149999618530273,18.719999313354492,18.75,9.735567092895508,771500
2014-09-24,18.889999389648438,18.889999389648438,18.6200008392334,18.799999237060547,9.76152515411377,111400
2014-09-25,18.860000610351562,18.889999389648438,17.729999542236328,18.1299991607666,9.413642883300781,169400
2014-09-26,18.229999542236328,18.399999618530273,17.8799991607666,18.260000228881836,9.481142044067383,143400
2014-09-29,18.049999237060547,18.450000762939453,18.0,18.299999237060547,9.501910209655762,116000
2014-09-30,18.34000015258789,18.34000015258789,17.75,17.81999969482422,9.252681732177734,151400
2014-10-01,17.860000610351562,17.940000534057617,17.510000228881836,17.600000381469727,9.13845157623291,307300
2014-10-02,17.829999923706055,17.992000579833984,17.020000457763672,17.450000762939453,9.060566902160645,327000
2014-10-03,17.530000686645508,17.850000381469727,17.461000442504883,17.670000076293945,9.174796104431152,141000
2014-10-06,17.829999923706055,18.149999618530273,17.5,17.799999237060547,9.242297172546387,132100
2014-10-07,17.75,17.799999237060547,17.15999984741211,17.18000030517578,8.92037296295166,111300
2014-10-08,17.270000457763672,17.270000457763672,16.329999923706055,17.010000228881836,8.83210563659668,281400
2014-10-09,17.010000228881836,17.020000457763672,16.540000915527344,16.579999923706055,8.60883617401123,113800
2014-10-10,16.43000030517578,16.549999237060547,14.949999809265137,15.430000305175781,8.01172161102295,325000
2014-10-13,15.399999618530273,15.770000457763672,15.079999923706055,15.220000267028809,7.902683734893799,183600
2014-10-14,15.279999732971191,15.729999542236328,15.100000381469727,15.529999732971191,8.063643455505371,350400
2014-10-15,15.539999961853027,15.819999694824219,15.076000213623047,15.199999809265137,7.892298698425293,384300
2014-10-16,14.829999923706055,16.079999923706055,14.829999923706055,15.680000305175781,8.14153003692627,424300
2014-10-17,15.819999694824219,16.209999084472656,15.59000015258789,15.84000015258789,8.224605560302734,106500
2014-10-20,16.110000610351562,16.329999923706055,15.59000015258789,15.649999618530273,8.125951766967773,71900
2014-10-21,15.609999656677246,16.25,15.5600004196167,15.989999771118164,8.302489280700684,101100
2014-10-22,15.979999542236328,15.989999771118164,15.279999732971191,15.40999984741211,8.001336097717285,120300
2014-10-23,15.5,15.59000015258789,15.15999984741211,15.3100004196167,7.949413776397705,305400
2014-10-24,15.319999694824219,15.319999694824219,15.100000381469727,15.199999809265137,7.892298698425293,55300
2014-10-27,15.039999961853027,15.170000076293945,14.529999732971191,14.729999542236328,7.648261070251465,114900
2014-10-28,14.869999885559082,15.069999694824219,14.729999542236328,14.960000038146973,7.7676825523376465,183600
2014-10-29,15.039999961853027,15.239999771118164,14.079999923706055,14.460000038146973,7.508068084716797,201700
2014-10-30,14.399999618530273,14.449999809265137,13.979999542236328,14.220000267028809,7.383453369140625,385000
2014-10-31,14.359999656677246,14.420000076293945,14.1899995803833,14.329999923706055,7.440568447113037,85100
2014-11-03,14.350000381469727,14.40999984741211,13.90999984741211,14.210000038146973,7.378260135650635,256600
2014-11-04,14.199999809265137,14.199999809265137,13.859999656677246,14.029999732971191,7.284800052642822,358600
2014-11-05,14.220000267028809,14.293999671936035,13.779999732971191,14.220000267028809,7.383453369140625,248200
2014-11-06,14.220000267028809,15.25,14.029999732971191,15.069999694824219,7.824798107147217,439600
2014-11-07,15.100000381469727,15.270000457763672,14.779999732971191,15.239999771118164,7.913068771362305,261800
2014-11-10,15.279999732971191,15.539999961853027,15.09000015258789,15.489999771118164,8.042874336242676,125200
2014-11-11,15.399999618530273,15.550000190734863,14.609999656677246,15.1899995803833,7.887106895446777,532400
2014-11-12,15.199999809265137,15.479999542236328,14.8100004196167,15.300000190734863,7.944220542907715,159700
2014-11-13,15.350000381469727,15.5,14.949999809265137,15.109999656677246,7.84556770324707,252800
2014-11-14,15.0600004196167,15.59000015258789,15.029999732971191,15.510000228881836,8.053257942199707,358000
2014-11-17,15.40999984741211,15.84000015258789,15.40999984741211,15.710000038146973,8.157105445861816,521900
2014-11-18,15.760000228881836,16.110000610351562,15.600000381469727,15.720000267028809,8.162299156188965,662100
2014-11-19,15.65999984741211,15.779999732971191,15.350000381469727,15.479999542236328,8.03768253326416,225400
2014-11-20,15.390000343322754,15.600000381469727,15.239999771118164,15.40999984741211,8.001336097717285,115000
2014-11-21,15.630000114440918,15.64900016784668,15.050000190734863,15.199999809265137,7.892298698425293,123700
2014-11-24,15.34000015258789,15.510000228881836,15.130000114440918,15.15999984741211,7.871528625488281,86400
2014-11-25,15.149999618530273,15.289999961853027,15.039999961853027,15.130000114440918,7.855953693389893,116100
2014-11-26,15.079999923706055,15.199999809265137,14.819999694824219,14.859999656677246,7.715759754180908,84100
2014-11-28,14.75,14.770000457763672,13.470000267028809,13.59000015258789,7.056338310241699,291600
2014-12-01,13.399999618530273,13.59000015258789,12.239999771118164,12.289999961853027,6.381338596343994,478000
2014-12-02,12.850000381469727,12.850000381469727,12.380000114440918,12.6899995803833,6.589029312133789,228300
2014-12-03,12.800000190734863,13.699999809265137,12.72599983215332,12.90999984741211,6.703261375427246,241100
2014-12-04,12.770000457763672,13.038000106811523,12.569999694824219,12.75,6.620183944702148,226100
2014-12-05,12.710000038146973,13.039999961853027,12.289999961853027,12.350000381469727,6.412492752075195,287900
2014-12-08,12.34000015258789,12.34000015258789,10.949999809265137,11.039999961853027,5.732300758361816,490700
2014-12-09,10.850000381469727,11.140000343322754,10.59000015258789,10.779999732971191,5.597300052642822,529000
2014-12-10,10.65999984741211,10.90999984741211,10.390000343322754,10.460000038146973,5.431147575378418,1218500
2014-12-11,10.449999809265137,10.664999961853027,10.029999732971191,10.229999542236328,5.311723709106445,852100
2014-12-12,10.130000114440918,10.779999732971191,9.9399995803833,10.710000038146973,5.56095552444458,700800
2014-12-15,10.710000038146973,10.960000038146973,10.550000190734863,10.699999809265137,5.55576229095459,643800
2014-12-16,10.75,11.210000038146973,10.75,10.779999732971191,5.597300052642822,693300
2014-12-17,10.880000114440918,11.569999694824219,10.802000045776367,11.510000228881836,5.976339340209961,257100
2014-12-18,11.649999618530273,12.489999771118164,11.649999618530273,12.300000190734863,6.386531352996826,454900
2014-12-19,12.329999923706055,12.680000305175781,12.109999656677246,12.670000076293945,6.578646183013916,268500
2014-12-22,12.979999542236328,13.119999885559082,12.46500015258789,13.020000457763672,6.760376930236816,429800
2014-12-23,13.300000190734863,13.300000190734863,12.789999961853027,13.109999656677246,6.807107448577881,348700
2014-12-24,13.3100004196167,13.399999618530273,12.699999809265137,13.199999809265137,6.853837490081787,104700
2014-12-26,13.390000343322754,13.739999771118164,13.350000381469727,13.579999923706055,7.051145076751709,148700
2014-12-29,13.5600004196167,13.699999809265137,13.5,13.609999656677246,7.066722393035889,136700
2014-12-30,13.600000381469727,13.70199966430664,13.289999961853027,13.630000114440918,7.077106952667236,246800
2014-12-31,13.5,14.350000381469727,13.430000305175781,13.890000343322754,7.2121052742004395,262700
2015-01-02,14.020000457763672,14.260000228881836,13.430000305175781,13.479999542236328,6.999222755432129,127600
2015-01-05,13.470000267028809,13.529999732971191,12.300000190734863,12.359999656677246,6.417685031890869,142100
2015-01-06,12.170000076293945,12.489999771118164,11.5,11.510000228881836,5.976339340209961,286300
2015-01-07,11.8100004196167,12.399999618530273,11.40999984741211,11.5,5.971147060394287,126300
2015-01-08,11.529999732971191,11.989999771118164,11.454999923706055,11.8100004196167,6.132107257843018,103200
2015-01-09,11.90999984741211,12.274999618530273,11.880000114440918,12.229999542236328,6.350183963775635,119900
2015-01-12,12.220000267028809,12.390000343322754,11.5600004196167,12.380000114440918,6.428069591522217,237700
2015-01-13,12.380000114440918,12.539999961853027,11.949999809265137,12.109999656677246,6.287876605987549,158000
2015-01-14,12.010000228881836,12.050000190734863,11.25,11.520000457763672,5.981531143188477,272200
2015-01-15,11.670000076293945,11.760000228881836,11.369999885559082,11.390000343322754,5.914032459259033,260500
2015-01-16,11.319999694824219,12.34000015258789,11.289999961853027,12.210000038146973,6.339799880981445,132600
2015-01-20,12.069999694824219,12.15999984741211,11.505000114440918,11.600000381469727,6.023070335388184,189000
2015-01-21,11.59000015258789,12.180000305175781,11.4399995803833,12.079999923706055,6.272300720214844,210700
2015-01-22,12.25,12.289999961853027,11.6899995803833,11.989999771118164,6.225568771362305,102300
2015-01-23,12.199999809265137,12.279999732971191,11.989999771118164,12.079999923706055,6.272300720214844,78600
2015-01-26,12.0600004196167,12.15999984741211,11.710000038146973,11.800000190734863,6.126916408538818,239200
2015-01-27,11.579999923706055,12.010000228881836,11.529999732971191,11.829999923706055,6.142492294311523,100400
2015-01-28,11.84000015258789,11.84000015258789,10.670000076293945,10.720000267028809,5.566147804260254,115500
2015-01-29,10.729999542236328,10.760000228881836,10.3149995803833,10.420000076293945,5.410377502441406,239800
2015-01-30,10.350000381469727,11.420000076293945,10.100000381469727,11.270000457763672,5.851724147796631,220000
2015-02-02,11.430000305175781,11.694999694824219,11.119999885559082,11.479999542236328,5.960762023925781,140600
2015-02-03,12.529999732971191,12.600000381469727,11.729999542236328,12.300000190734863,6.386531352996826,251300
2015-02-04,12.260000228881836,12.357999801635742,11.520000457763672,11.90999984741211,6.184031009674072,223900
2015-02-05,12.229999542236328,12.859999656677246,11.944999694824219,12.449999809265137,6.464415550231934,280100
2015-02-06,12.140000343322754,12.279999732971191,11.600000381469727,11.760000228881836,6.106147289276123,187900
2015-02-09,11.760000228881836,11.829999923706055,11.140000343322754,11.270000457763672,5.851724147796631,142000
2015-02-10,11.329999923706055,11.819999694824219,11.199999809265137,11.779999732971191,6.116530895233154,169700
2015-02-11,11.670000076293945,12.270000457763672,11.479999542236328,12.039999961853027,6.251531600952148,117100
2015-02-12,12.239999771118164,13.09000015258789,12.229999542236328,12.5600004196167,6.521531105041504,219900
2015-02-13,12.720000267028809,12.869999885559082,12.5,12.670000076293945,6.578646183013916,141600
2015-02-17,12.699999809265137,12.789999961853027,12.40999984741211,12.630000114440918,6.557877540588379,91500
2015-02-18,12.640000343322754,12.760000228881836,12.40999984741211,12.699999809265137,6.5942230224609375,111000
2015-02-19,12.880000114440918,12.960000038146973,12.5,12.84000015258789,6.666915416717529,108500
2015-02-20,12.84000015258789,12.84000015258789,12.25,12.329999923706055,6.4021077156066895,132700
2015-02-23,12.300000190734863,12.654999732971191,12.100000381469727,12.5,6.490376949310303,126400
2015-02-24,12.670000076293945,13.166000366210938,12.550000190734863,13.0,6.749992847442627,214800
2015-02-25,13.119999885559082,13.119999885559082,12.359999656677246,12.619999885559082,6.5526838302612305,117100
2015-02-26,12.75,12.75,12.399999618530273,12.4399995803833,6.45922327041626,131800
2015-02-27,12.359999656677246,12.489999771118164,12.15999984741211,12.279999732971191,6.376145839691162,117200
2015-03-02,12.279999732971191,12.279999732971191,11.399999618530273,11.829999923706055,6.142492294311523,124100
2015-03-03,11.800000190734863,12.3100004196167,11.75,11.850000381469727,6.152878284454346,158300
2015-03-04,11.899999618530273,12.119999885559082,11.59000015258789,12.109999656677246,6.287876605987549,90100
2015-03-05,12.0600004196167,12.25,11.9399995803833,12.050000190734863,6.256722927093506,30000
2015-03-06,12.0,12.25,11.899999618530273,12.039999961853027,6.251531600952148,105700
2015-03-09,12.09000015258789,12.15999984741211,11.579999923706055,11.680000305175781,6.064609050750732,80100
2015-03-10,11.550000190734863,11.880000114440918,11.489999771118164,11.829999923706055,6.142492294311523,74100
2015-03-11,11.880000114440918,12.0600004196167,11.720000267028809,11.869999885559082,6.163262367248535,128900
2015-03-12,11.979999542236328,12.25,11.869999885559082,12.220000267028809,6.344992637634277,84900
2015-03-13,12.130000114440918,12.260000228881836,11.869999885559082,11.970000267028809,6.21518611907959,61700
2015-03-16,12.010000228881836,12.149999618530273,11.640000343322754,11.75,6.100954055786133,83200
2015-03-17,11.609999656677246,11.84000015258789,11.529999732971191,11.729999542236328,6.090569496154785,103000
2015-03-18,11.670000076293945,12.079999923706055,11.60200023651123,12.0,6.230761528015137,53000
2015-03-19,11.859999656677246,12.109999656677246,11.710000038146973,11.760000228881836,6.106147289276123,49800
2015-03-20,11.859999656677246,12.109999656677246,11.760000228881836,11.859999656677246,6.158070087432861,52100
2015-03-23,11.8100004196167,12.220000267028809,11.770000457763672,12.079999923706055,6.272300720214844,72200
2015-03-24,12.09000015258789,12.220000267028809,12.020000457763672,12.0600004196167,6.261915683746338,60100
2015-03-25,12.199999809265137,12.960000038146973,12.199999809265137,12.649999618530273,6.568262577056885,165700
2015-03-26,12.760000228881836,13.289999961853027,12.399999618530273,12.510000228881836,6.495569229125977,116700
2015-03-27,12.460000038146973,13.239999771118164,12.210000038146973,12.890000343322754,6.692877769470215,102100
2015-03-30,13.020000457763672,13.050000190734863,12.404999732971191,12.930000305175781,6.713646411895752,118200
2015-03-31,12.800000190734863,13.15999984741211,12.470000267028809,13.029999732971191,6.765568733215332,159900
2015-04-01,13.109999656677246,13.199999809265137,12.850000381469727,13.069999694824219,6.7863383293151855,64900
2015-04-02,13.029999732971191,13.710000038146973,12.87600040435791,13.479999542236328,6.999222755432129,111600
2015-04-06,13.550000190734863,13.960000038146973,13.399999618530273,13.550000190734863,7.035569667816162,60100
2015-04-07,13.510000228881836,13.890000343322754,13.302000045776367,13.40999984741211,6.962875843048096,103200
2015-04-08,13.5,13.656000137329102,13.130000114440918,13.260000228881836,6.884992599487305,73500
2015-04-09,13.300000190734863,13.789999961853027,13.300000190734863,13.699999809265137,7.113453388214111,66000
2015-04-10,13.859999656677246,13.958999633789062,13.399999618530273,13.430000305175781,6.973260402679443,37400
2015-04-13,13.699999809265137,13.699999809265137,13.369999885559082,13.420000076293945,6.968069076538086,48200
2015-04-14,13.470000267028809,13.930000305175781,13.4399995803833,13.789999961853027,7.160184860229492,60500
2015-04-15,14.0,14.5,13.8100004196167,14.119999885559082,7.331529140472412,125300
2015-04-16,13.989999771118164,14.0600004196167,13.800000190734863,13.949999809265137,7.243260860443115,58900
2015-04-17,13.75,14.0,13.550000190734863,13.65999984741211,7.092684745788574,40800
2015-04-20,13.710000038146973,13.859999656677246,13.25,13.539999961853027,7.030375957489014,115900
2015-04-21,13.619999885559082,13.9399995803833,13.34000015258789,13.819999694824219,7.175760269165039,45300
2015-04-22,13.869999885559082,14.010000228881836,13.550000190734863,13.670000076293945,7.097876071929932,44600
2015-04-23,13.670000076293945,13.949999809265137,13.649999618530273,13.739999771118164,7.134222984313965,63800
2015-04-24,14.050000190734863,14.354999542236328,13.960000038146973,13.989999771118164,7.264030456542969,142900
2015-04-27,14.069999694824219,14.079999923706055,13.779999732971191,13.930000305175781,7.232875823974609,107700
2015-04-28,13.899999618530273,14.100000381469727,13.819999694824219,13.90999984741211,7.2224907875061035,87800
2015-04-29,13.84000015258789,13.949999809265137,13.430000305175781,13.430000305175781,6.973260402679443,79600
2015-04-30,13.4399995803833,13.859999656677246,13.039999961853027,13.260000228881836,6.884992599487305,236200
2015-05-01,13.390000343322754,13.640000343322754,13.210000038146973,13.289999961853027,6.900569438934326,84100
2015-05-04,13.520000457763672,13.960000038146973,13.520000457763672,13.600000381469727,7.061530590057373,73800
2015-05-05,13.779999732971191,14.199999809265137,13.399999618530273,13.609999656677246,7.066722393035889,156500
2015-05-06,13.699999809265137,14.15999984741211,13.270000457763672,13.529999732971191,7.025184631347656,92700
2015-05-07,13.59000015258789,13.720000267028809,13.279999732971191,13.680000305175781,7.103068828582764,78800
2015-05-08,13.75,13.890000343322754,13.394000053405762,13.600000381469727,7.061530590057373,92000
2015-05-11,13.800000190734863,13.9399995803833,13.630000114440918,13.760000228881836,7.144606590270996,87900
2015-05-12,13.699999809265137,14.164999961853027,13.25,13.710000038146973,7.118645191192627,147400
2015-05-13,13.760000228881836,13.869999885559082,13.260000228881836,13.289999961853027,6.900569438934326,66200
2015-05-14,13.420000076293945,13.664999961853027,13.260000228881836,13.520000457763672,7.019992828369141,47400
2015-05-15,13.460000038146973,13.859999656677246,13.260000228881836,13.569999694824219,7.04595422744751,52000
2015-05-18,13.569999694824219,14.329999923706055,13.569999694824219,14.3100004196167,7.430182933807373,100300
2015-05-19,14.15999984741211,14.338000297546387,13.800000190734863,14.25,7.3990302085876465,88300
2015-05-20,14.369999885559082,14.369999885559082,13.84000015258789,14.09000015258789,7.315952301025391,92100
2015-05-21,14.130000114440918,14.390000343322754,14.015000343322754,14.260000228881836,7.40422248840332,71600
2015-05-22,14.260000228881836,14.970000267028809,14.260000228881836,14.520000457763672,7.539222240447998,117300
2015-05-26,14.449999809265137,14.5600004196167,14.079999923706055,14.3100004196167,7.430182933807373,109100
2015-05-27,14.229999542236328,14.430000305175781,13.970000267028809,14.210000038146973,7.378260135650635,100600
2015-05-28,14.149999618530273,14.380000114440918,13.6899995803833,14.270000457763672,7.409414768218994,130000
2015-05-29,14.229999542236328,14.279999732971191,13.770000457763672,13.850000381469727,7.191338539123535,126900
2015-06-01,13.869999885559082,14.420000076293945,13.649999618530273,14.229999542236328,7.388645648956299,119200
2015-06-02,14.449999809265137,14.789999961853027,14.350000381469727,14.670000076293945,7.617107391357422,241400
2015-06-03,14.670000076293945,14.77400016784668,14.079999923706055,14.399999618530273,7.476912975311279,182900
2015-06-04,14.260000228881836,14.619999885559082,13.5,14.289999961853027,7.419798374176025,234100
2015-06-05,14.1899995803833,14.574999809265137,14.079999923706055,14.380000114440918,7.46652889251709,134300
2015-06-08,14.3100004196167,14.449999809265137,13.40999984741211,13.710000038146973,7.118645191192627,151600
2015-06-09,13.710000038146973,13.710000038146973,13.260000228881836,13.329999923706055,6.921338081359863,146700
2015-06-10,13.369999885559082,13.880000114440918,13.369999885559082,13.720000267028809,7.123838901519775,103900
2015-06-11,13.770000457763672,13.829999923706055,13.529999732971191,13.800000190734863,7.165376663208008,65000
2015-06-12,13.699999809265137,14.220000267028809,13.65999984741211,14.140000343322754,7.341914176940918,56100
2015-06-15,14.1899995803833,14.789999961853027,13.899999618530273,14.699999809265137,7.632683277130127,305600
2015-06-16,15.0,15.75,14.680000305175781,15.170000076293945,7.8767218589782715,705100
2015-06-17,15.420000076293945,15.699999809265137,15.180000305175781,15.350000381469727,7.970183372497559,346600
2015-06-18,15.359999656677246,15.989999771118164,15.149999618530273,15.430000305175781,8.01172161102295,250200
2015-06-19,15.390000343322754,15.470000267028809,15.0,15.020000457763672,7.7988386154174805,171500
2015-06-22,15.010000228881836,15.4399995803833,15.005000114440918,15.369999885559082,7.9805684089660645,279100
2015-06-23,15.289999961853027,15.631999969482422,15.289999961853027,15.520000457763672,8.058452606201172,218500
2015-06-24,15.460000038146973,15.699999809265137,15.010000228881836,15.09000015258789,7.835183620452881,273000
2015-06-25,15.100000381469727,15.369999885559082,14.930000305175781,15.319999694824219,7.954605579376221,239500
2015-06-26,15.350000381469727,16.0,15.220000267028809,15.34000015258789,7.96498966217041,1568600
2015-06-29,15.300000190734863,16.25,15.300000190734863,15.75,8.177874565124512,355700
2015-06-30,15.920000076293945,16.799999237060547,15.8149995803833,16.68000030517578,8.660759925842285,707000
2015-07-01,16.729999542236328,17.59000015258789,16.625,16.84000015258789,8.743836402893066,477400
2015-07-02,16.8700008392334,17.014999389648438,16.540000915527344,16.540000915527344,8.588067054748535,142400
2015-07-06,16.579999923706055,16.690000534057617,16.135000228881836,16.399999618530273,8.515374183654785,172600
2015-07-07,16.229999542236328,16.229999542236328,15.40999984741211,15.6899995803833,8.146721839904785,285800
2015-07-08,15.539999961853027,15.880000114440918,15.0600004196167,15.5,8.048068046569824,269800
2015-07-09,15.670000076293945,16.309999465942383,15.479999542236328,15.739999771118164,8.17268180847168,121800
2015-07-10,15.859999656677246,16.389999389648438,15.770000457763672,16.219999313354492,8.421913146972656,181600
2015-07-13,16.610000610351562,17.149999618530273,16.459999084472656,16.889999389648438,8.769797325134277,205300
2015-07-14,16.84000015258789,17.3799991607666,16.804000854492188,16.950000762939453,8.80095100402832,229800
2015-07-15,16.989999771118164,17.065000534057617,16.239999771118164,16.479999542236328,8.556912422180176,150300
2015-07-16,16.43000030517578,16.829999923706055,16.299999237060547,16.809999465942383,8.728260040283203,119400
2015-07-17,16.93000030517578,16.93000030517578,16.280000686645508,16.389999389648438,8.510181427001953,315200
2015-07-20,16.65999984741211,16.959999084472656,16.316999435424805,16.579999923706055,8.60883617401123,245100
2015-07-21,16.56999969482422,16.989999771118164,16.309999465942383,16.489999771118164,8.56210708618164,168100
2015-07-22,16.389999389648438,16.59000015258789,16.079999923706055,16.15999984741211,8.39076042175293,166600
2015-07-23,16.149999618530273,16.420000076293945,16.040000915527344,16.18000030517578,8.401144981384277,137600
2015-07-24,16.09000015258789,16.34000015258789,15.270000457763672,15.520000457763672,8.058452606201172,201000
2015-07-27,15.260000228881836,15.65999984741211,15.100000381469727,15.4399995803833,8.016913414001465,148800
2015-07-28,15.420000076293945,16.15999984741211,15.119999885559082,15.460000038146973,8.027298927307129,157700
2015-07-29,15.34000015258789,15.770000457763672,15.210000038146973,15.479999542236328,8.03768253326416,161700
2015-07-30,15.390000343322754,15.789999961853027,15.0,15.220000267028809,7.902683734893799,265000
2015-07-31,15.199999809265137,15.770000457763672,15.065999984741211,15.729999542236328,8.167490005493164,222800
2015-08-03,15.609999656677246,15.770000457763672,15.0,15.3100004196167,7.949413776397705,198700
2015-08-04,15.260000228881836,15.5600004196167,15.010000228881836,15.279999732971191,7.933836460113525,244100
2015-08-05,15.300000190734863,16.489999771118164,13.550000190734863,14.100000381469727,7.321146011352539,670900
2015-08-06,14.15999984741211,14.8100004196167,14.029999732971191,14.479999542236328,7.518451690673828,325300
2015-08-07,14.479999542236328,14.930000305175781,13.8100004196167,13.859999656677246,7.196529865264893,223200
2015-08-10,13.920000076293945,14.404999732971191,13.760000228881836,14.319999694824219,7.435376167297363,167200
2015-08-11,14.109999656677246,14.140000343322754,13.279999732971191,13.770000457763672,7.149801254272461,369800
2015-08-12,13.579999923706055,14.029999732971191,13.289999961853027,13.9399995803833,7.238068580627441,186400
2015-08-13,13.829999923706055,13.949999809265137,13.5,13.600000381469727,7.061530590057373,234200
2015-08-14,13.529999732971191,13.710000038146973,13.390000343322754,13.460000038146973,6.988836765289307,110300
2015-08-17,13.289999961853027,13.5,13.25,13.279999732971191,6.895376205444336,333300
2015-08-18,13.380000114440918,13.529999732971191,13.119999885559082,13.199999809265137,6.853837490081787,256000
2015-08-19,13.100000381469727,13.210000038146973,12.800000190734863,12.819999694824219,6.656529426574707,253800
2015-08-20,12.770000457763672,12.770000457763672,12.260000228881836,12.260000228881836,6.3657612800598145,220700
2015-08-21,12.039999961853027,12.5,11.970000267028809,12.170000076293945,6.319031715393066,349100
2015-08-24,11.470000267028809,12.300000190734863,11.470000267028809,11.899999618530273,6.178838729858398,249900
2015-08-25,12.180000305175781,12.380000114440918,11.9399995803833,12.0600004196167,6.261915683746338,262100
2015-08-26,12.369999885559082,12.369999885559082,11.640000343322754,12.069999694824219,6.267107963562012,245400
2015-08-27,12.1899995803833,12.539999961853027,12.09000015258789,12.430000305175781,6.454031467437744,132100
2015-08-28,12.550000190734863,13.3100004196167,12.5,12.770000457763672,6.6305694580078125,165100
2015-08-31,12.65999984741211,13.350000381469727,12.520000457763672,13.180000305175781,6.843454360961914,184000
2015-09-01,13.09000015258789,13.09000015258789,12.529999732971191,12.789999961853027,6.640953063964844,196800
2015-09-02,12.899999618530273,12.899999618530273,12.319999694824219,12.800000190734863,6.646146297454834,145900
2015-09-03,12.779999732971191,13.140000343322754,12.050000190734863,12.449999809265137,6.464415550231934,219200
2015-09-04,12.359999656677246,12.609999656677246,12.359999656677246,12.520000457763672,6.500761985778809,88000
2015-09-08,12.630000114440918,12.8149995803833,12.479999542236328,12.789999961853027,6.640953063964844,241200
2015-09-09,12.880000114440918,12.989999771118164,12.449999809265137,12.479999542236328,6.479992389678955,167700
2015-09-10,12.75,12.770000457763672,12.300000190734863,12.34000015258789,6.40730094909668,196700
2015-09-11,12.34000015258789,12.479999542236328,11.800000190734863,11.850000381469727,6.152878284454346,256200
2015-09-14,11.760000228881836,11.8100004196167,11.5,11.59000015258789,6.017877101898193,180600
2015-09-15,11.600000381469727,12.140000343322754,11.59000015258789,11.680000305175781,6.064609050750732,138700
2015-09-16,11.699999809265137,12.210000038146973,11.699999809265137,12.109999656677246,6.287876605987549,214700
2015-09-17,12.039999961853027,12.25,11.949999809265137,12.100000381469727,6.282685279846191,170100
2015-09-18,12.119999885559082,12.14799976348877,11.699999809265137,11.850000381469727,6.152878284454346,202200
2015-09-21,11.899999618530273,12.1899995803833,11.859999656677246,12.0,6.230761528015137,135100
2015-09-22,11.800000190734863,11.930000305175781,11.579999923706055,11.770000457763672,6.1113386154174805,181900
2015-09-23,11.6899995803833,11.90999984741211,11.241999626159668,11.380000114440918,5.908840179443359,254300
2015-09-24,11.180000305175781,11.385000228881836,11.039999961853027,11.260000228881836,5.846531867980957,342300
2015-09-25,11.34000015258789,11.489999771118164,10.880000114440918,11.039999961853027,5.732300758361816,244200
2015-09-28,10.9399995803833,11.008000373840332,10.390000343322754,10.460000038146973,5.431147575378418,277200
2015-09-29,10.460000038146973,10.640000343322754,9.949999809265137,9.989999771118164,5.187108993530273,235400
2015-09-30,10.130000114440918,10.4399995803833,10.010000228881836,10.3100004196167,5.353262901306152,407800
2015-10-01,10.430000305175781,10.970000267028809,10.430000305175781,10.550000190734863,5.477877616882324,408200
2015-10-02,10.479999542236328,11.039999961853027,10.479999542236328,10.970000267028809,5.695955276489258,308500
2015-10-05,11.109999656677246,11.420000076293945,11.095999717712402,11.300000190734863,5.867300033569336,274400
2015-10-06,11.5,12.079999923706055,11.5,11.920000076293945,6.189223289489746,281700
2015-10-07,12.149999618530273,12.329999923706055,11.6899995803833,11.869999885559082,6.163262367248535,239700
2015-10-08,11.869999885559082,12.199999809265137,11.59000015258789,11.859999656677246,6.158070087432861,252100
2015-10-09,11.899999618530273,12.050000190734863,11.619999885559082,11.9399995803833,6.199608325958252,255400
2015-10-12,11.970000267028809,11.989999771118164,11.479999542236328,11.699999809265137,6.074991703033447,109700
2015-10-13,11.579999923706055,11.9399995803833,11.359999656677246,11.380000114440918,5.908840179443359,144300
2015-10-14,11.369999885559082,11.699999809265137,11.319999694824219,11.4399995803833,5.939992904663086,146900
2015-10-15,11.420000076293945,11.65999984741211,11.109999656677246,11.59000015258789,6.017877101898193,174400
2015-10-16,11.609999656677246,11.770000457763672,11.109999656677246,11.199999809265137,5.815378665924072,271900
2015-10-19,11.109999656677246,11.319999694824219,10.880000114440918,11.0600004196167,5.742685317993164,214600
2015-10-20,11.020000457763672,11.449999809265137,11.020000457763672,11.220000267028809,5.825762748718262,184200
2015-10-21,11.239999771118164,11.359999656677246,10.960000038146973,11.149999618530273,5.789416313171387,165900
2015-10-22,11.25,11.5649995803833,11.119999885559082,11.3100004196167,5.872493267059326,135300
2015-10-23,11.319999694824219,11.380000114440918,10.949999809265137,11.25,5.841339111328125,223700
2015-10-26,11.220000267028809,11.279999732971191,10.90999984741211,10.970000267028809,5.695955276489258,261200
2015-10-27,10.949999809265137,10.984999656677246,10.600000381469727,10.6899995803833,5.550570964813232,512200
2015-10-28,10.739999771118164,11.569999694824219,10.723999977111816,11.5600004196167,6.00230073928833,457700
2015-10-29,11.479999542236328,11.835000038146973,11.329999923706055,11.449999809265137,5.94518518447876,192000
2015-10-30,12.050000190734863,12.279999732971191,11.635000228881836,11.779999732971191,6.116530895233154,835400
2015-11-02,11.850000381469727,12.305000305175781,11.789999961853027,12.25,6.360569477081299,875400
2015-11-03,12.229999542236328,12.949999809265137,12.204999923706055,12.899999618530273,6.698068618774414,434300
2015-11-04,13.010000228881836,13.149999618530273,12.75,13.069999694824219,6.7863383293151855,433600
2015-11-05,13.069999694824219,13.109999656677246,12.755000114440918,12.90999984741211,6.703261375427246,279200
2015-11-06,12.84000015258789,13.119999885559082,12.729999542236328,13.0,6.749992847442627,185500
2015-11-09,13.020000457763672,13.15999984741211,12.470000267028809,12.789999961853027,6.640953063964844,366200
2015-11-10,12.770000457763672,12.84000015258789,12.489999771118164,12.729999542236328,6.609799385070801,111700
2015-11-11,12.770000457763672,12.819999694824219,12.420000076293945,12.460000038146973,6.469607830047607,121000
2015-11-12,12.34000015258789,12.550000190734863,12.0600004196167,12.260000228881836,6.3657612800598145,177700
2015-11-13,12.199999809265137,12.779999732971191,12.180000305175781,12.65999984741211,6.573452949523926,332500
2015-11-16,12.609999656677246,12.704999923706055,12.234999656677246,12.3100004196167,6.391724109649658,570400
2015-11-17,12.3100004196167,12.359999656677246,12.039999961853027,12.130000114440918,6.2982611656188965,333500
2015-11-18,12.170000076293945,12.579999923706055,12.100000381469727,12.319999694824219,6.396915912628174,329200
2015-11-19,12.350000381469727,12.75,12.34000015258789,12.710000038146973,6.599414825439453,461400
2015-11-20,12.699999809265137,12.739999771118164,12.550000190734863,12.619999885559082,6.5526838302612305,347800
2015-11-23,12.520000457763672,12.739999771118164,12.4399995803833,12.550000190734863,6.516338348388672,221800
2015-11-24,12.5600004196167,12.970000267028809,12.489999771118164,12.760000228881836,6.625377178192139,520900
2015-11-25,12.760000228881836,13.210000038146973,12.729999542236328,13.119999885559082,6.8122992515563965,230400
2015-11-27,13.09000015258789,13.350000381469727,12.949999809265137,13.119999885559082,6.8122992515563965,105600
2015-11-30,13.15999984741211,13.800000190734863,12.979999542236328,13.210000038146973,6.859030246734619,314800
2015-12-01,13.25,13.319999694824219,12.890000343322754,12.989999771118164,6.744799613952637,184800
2015-12-02,12.9399995803833,13.0600004196167,12.649999618530273,12.869999885559082,6.682492733001709,269400
2015-12-03,12.960000038146973,13.220000267028809,12.600000381469727,12.699999809265137,6.5942230224609375,286600
2015-12-04,12.699999809265137,13.039999961853027,12.460000038146973,12.850000381469727,6.6721086502075195,339200
2015-12-07,12.75,12.75,12.079999923706055,12.420000076293945,6.448838710784912,429100
2015-12-08,12.149999618530273,12.470000267028809,11.770000457763672,12.0,6.230761528015137,214000
2015-12-09,12.039999961853027,12.758999824523926,12.039999961853027,12.649999618530273,6.568262577056885,278400
2015-12-10,12.59000015258789,12.760000228881836,12.279000282287598,12.329999923706055,6.4021077156066895,106400
2015-12-11,12.0600004196167,12.149999618530273,11.8100004196167,12.100000381469727,6.282685279846191,218200
2015-12-14,12.079999923706055,12.079999923706055,11.5,11.859999656677246,6.158070087432861,265400
2015-12-15,11.9399995803833,12.1899995803833,11.859999656677246,12.130000114440918,6.2982611656188965,190600
2015-12-16,12.15999984741211,12.239999771118164,11.829999923706055,11.890000343322754,6.173646450042725,145300
2015-12-17,11.930000305175781,11.949999809265137,11.460000038146973,11.470000267028809,5.955570220947266,194900
2015-12-18,11.59000015258789,11.970000267028809,11.130000114440918,11.289999961853027,5.86210823059082,508300
2015-12-21,11.289999961853027,11.289999961853027,10.859999656677246,11.170000076293945,5.799801349639893,286600
2015-12-22,11.239999771118164,11.670000076293945,11.199999809265137,11.449999809265137,5.94518518447876,225700
2015-12-23,11.59000015258789,12.069999694824219,11.529999732971191,11.680000305175781,6.064609050750732,222500
2015-12-24,11.579999923706055,11.829999923706055,11.510000228881836,11.739999771118164,6.095762729644775,54300
2015-12-28,11.6899995803833,11.770000457763672,11.510000228881836,11.710000038146973,6.080185890197754,138100
2015-12-29,11.739999771118164,11.890000343322754,11.510000228881836,11.59000015258789,6.017877101898193,123100
2015-12-30,11.649999618530273,11.739999771118164,11.359999656677246,11.569999694824219,6.0074920654296875,112800
2015-12-31,11.489999771118164,11.949999809265137,11.489999771118164,11.770000457763672,6.1113386154174805,204100
2016-01-04,11.600000381469727,11.779999732971191,11.199999809265137,11.369999885559082,5.903647422790527,146200
2016-01-05,11.430000305175781,11.430000305175781,10.970000267028809,11.079999923706055,5.75307035446167,251600
2016-01-06,10.869999885559082,11.0,10.569999694824219,10.75,5.581724166870117,250600
2016-01-07,10.630000114440918,10.630000114440918,10.149999618530273,10.239999771118164,5.316917419433594,307800
2016-01-08,10.289999961853027,10.479999542236328,10.029999732971191,10.289999961853027,5.3428778648376465,408700
2016-01-11,10.239999771118164,10.4399995803833,9.829999923706055,10.039999961853027,5.213070869445801,271100
2016-01-12,10.100000381469727,10.130000114440918,9.510000228881836,9.890000343322754,5.135185718536377,353800
2016-01-13,9.890000343322754,10.109999656677246,9.510000228881836,9.670000076293945,5.020956516265869,389600
2016-01-14,9.699999809265137,10.25,9.59000015258789,10.020000457763672,5.202686786651611,236700
2016-01-15,9.720000267028809,9.84000015258789,9.619999885559082,9.729999542236328,5.052108287811279,186500
2016-01-19,9.800000190734863,10.09000015258789,9.619999885559082,9.739999771118164,5.0573015213012695,305800
2016-01-20,9.609999656677246,9.920000076293945,9.3100004196167,9.75,5.062494277954102,376300
2016-01-21,9.720000267028809,10.119999885559082,9.630000114440918,9.84000015258789,5.109225273132324,212600
2016-01-22,10.050000190734863,10.920000076293945,10.050000190734863,10.829999923706055,5.623262405395508,606700
2016-01-25,10.829999923706055,10.989999771118164,10.404999732971191,10.550000190734863,5.477877616882324,418000
2016-01-26,10.529999732971191,10.550000190734863,9.890000343322754,10.210000038146973,5.301340103149414,480800
2016-01-27,10.140000343322754,10.1899995803833,9.65999984741211,9.890000343322754,5.135185718536377,485300
2016-01-28,10.029999732971191,10.539999961853027,10.010000228881836,10.199999809265137,5.296146869659424,498200
2016-01-29,11.0,11.75,10.260000228881836,10.579999923706055,5.493454933166504,892300
2016-02-01,10.520000457763672,10.520000457763672,9.880000114440918,10.180000305175781,5.285763263702393,458800
2016-02-02,10.0,10.0600004196167,9.739999771118164,9.880000114440918,5.129993915557861,471300
2016-02-03,9.979999542236328,9.989999771118164,9.319999694824219,9.970000267028809,5.176724910736084,612800
2016-02-04,10.109999656677246,10.229999542236328,9.97599983215332,10.149999618530273,5.270186424255371,391300
2016-02-05,10.199999809265137,10.199999809265137,9.529999732971191,9.630000114440918,5.000185966491699,684400
2016-02-08,9.550000190734863,9.789999961853027,9.199999809265137,9.640000343322754,5.005378723144531,429900
2016-02-09,9.479999542236328,9.5600004196167,9.050000190734863,9.5,4.932686805725098,318600
2016-02-10,9.369999885559082,9.930000305175781,9.210000038146973,9.5600004196167,4.963840484619141,419000
2016-02-11,9.390000343322754,9.628999710083008,9.260000228881836,9.460000038146973,4.9119181632995605,282200
2016-02-12,9.609999656677246,9.949999809265137,9.5,9.9399995803833,5.161147594451904,659300
2016-02-16,10.069999694824219,10.140000343322754,9.550000190734863,9.600000381469727,4.984610080718994,455500
2016-02-17,9.630000114440918,10.149999618530273,9.600000381469727,9.890000343322754,5.135185718536377,536600
2016-02-18,9.949999809265137,10.0,9.680000305175781,9.729999542236328,5.052108287811279,460700
2016-02-19,9.710000038146973,10.170000076293945,9.59000015258789,10.149999618530273,5.270186424255371,614600
2016-02-22,10.359999656677246,10.8100004196167,10.350000381469727,10.489999771118164,5.4467244148254395,336100
2016-02-23,10.430000305175781,10.489999771118164,10.25,10.319999694824219,5.358454704284668,187200
2016-02-24,10.119999885559082,10.130000114440918,9.680000305175781,10.010000228881836,5.197494029998779,328400
2016-02-25,9.949999809265137,10.350000381469727,9.869999885559082,10.319999694824219,5.358454704284668,232000
2016-02-26,10.329999923706055,10.6899995803833,10.329999923706055,10.479999542236328,5.441531658172607,333700
2016-02-29,10.529999732971191,10.859999656677246,10.529999732971191,10.770000457763672,5.5921101570129395,344600
2016-03-01,10.869999885559082,11.074999809265137,10.75,10.90999984741211,5.664801597595215,280500
2016-03-02,10.930000305175781,11.3100004196167,10.640000343322754,11.289999961853027,5.86210823059082,353900
2016-03-03,11.260000228881836,11.720000267028809,11.260000228881836,11.40999984741211,5.9244160652160645,428700
2016-03-04,11.449999809265137,11.8100004196167,11.270000457763672,11.630000114440918,6.038646697998047,383700
2016-03-07,11.6899995803833,12.350000381469727,11.619999885559082,12.210000038146973,6.339799880981445,509200
2016-03-08,12.130000114440918,12.1899995803833,11.0600004196167,11.0600004196167,5.742685317993164,312500
2016-03-09,11.140000343322754,11.350000381469727,10.920000076293945,11.15999984741211,5.794609069824219,281000
2016-03-10,11.149999618530273,11.149999618530273,10.657999992370605,11.039999961853027,5.732300758361816,214200
2016-03-11,11.210000038146973,11.380000114440918,10.9399995803833,11.289999961853027,5.86210823059082,264400
2016-03-14,11.289999961853027,11.359999656677246,11.170000076293945,11.1899995803833,5.810184478759766,255800
2016-03-15,11.149999618530273,11.15999984741211,10.75,10.989999771118164,5.706339359283447,166300
2016-03-16,10.960000038146973,11.515000343322754,10.960000038146973,11.40999984741211,5.9244160652160645,338400
2016-03-17,11.479999542236328,11.640000343322754,11.369999885559082,11.430000305175781,5.934799671173096,176400
2016-03-18,11.510000228881836,11.649999618530273,11.180000305175781,11.390000343322754,5.914032459259033,353900
2016-03-21,11.460000038146973,11.510000228881836,11.119999885559082,11.380000114440918,5.908840179443359,135900
2016-03-22,10.6899995803833,10.84000015258789,9.630000114440918,9.9399995803833,5.161147594451904,990800
2016-03-23,9.8100004196167,9.949999809265137,9.3100004196167,9.329999923706055,4.844417572021484,611800
2016-03-24,9.260000228881836,9.369999885559082,8.670000076293945,8.989999771118164,4.667879104614258,801200
2016-03-28,9.039999961853027,9.489999771118164,8.949999809265137,9.40999984741211,4.885955810546875,309200
2016-03-29,9.380000114440918,9.40999984741211,9.050000190734863,9.359999656677246,4.859993934631348,211200
2016-03-30,9.489999771118164,9.520000457763672,9.0,9.079999923706055,4.714609622955322,369700
2016-03-31,9.100000381469727,9.630000114440918,9.039999961853027,9.399999618530273,4.880762577056885,562000
2016-04-01,9.359999656677246,9.380000114440918,9.109999656677246,9.229999542236328,4.79249382019043,332600
2016-04-04,9.1899995803833,9.350000381469727,9.0,9.0,4.67307186126709,219900
2016-04-05,9.010000228881836,9.180000305175781,8.8100004196167,9.020000457763672,4.683456897735596,255600
2016-04-06,9.09000015258789,9.180000305175781,8.880000114440918,9.050000190734863,4.699032306671143,254100
2016-04-07,8.949999809265137,9.15999984741211,8.920000076293945,8.979999542236328,4.662687301635742,154700
2016-04-08,9.130000114440918,9.239999771118164,9.010000228881836,9.039999961853027,4.693840980529785,130600
2016-04-11,9.109999656677246,9.324000358581543,9.050000190734863,9.050000190734863,4.699032306671143,171800
2016-04-12,9.09000015258789,9.470000267028809,9.079999923706055,9.4399995803833,4.901533126831055,278900
2016-04-13,9.4399995803833,9.699999809265137,9.34000015258789,9.670000076293945,5.020956516265869,410700
2016-04-14,9.84000015258789,10.229999542236328,9.6899995803833,10.109999656677246,5.249417304992676,475400
2016-04-15,10.09000015258789,10.220000267028809,9.9399995803833,9.989999771118164,5.187108993530273,332200
2016-04-18,9.850000381469727,10.350000381469727,9.760000228881836,10.34000015258789,5.368839740753174,259900
2016-04-19,10.380000114440918,10.550000190734863,10.104999542236328,10.210000038146973,5.301340103149414,260400
2016-04-20,10.170000076293945,10.520000457763672,10.100000381469727,10.449999809265137,5.425954818725586,178400
2016-04-21,10.489999771118164,10.529999732971191,10.100000381469727,10.180000305175781,5.285763263702393,331100
2016-04-22,10.229999542236328,10.670000076293945,10.220000267028809,10.460000038146973,5.431147575378418,245700
2016-04-25,10.460000038146973,10.600000381469727,10.119999885559082,10.25,5.322109222412109,234700
2016-04-26,10.300000190734863,10.539999961853027,10.25,10.510000228881836,5.457109451293945,252100
2016-04-27,10.550000190734863,10.829999923706055,10.430000305175781,10.529999732971191,5.467492580413818,897400
2016-04-28,10.550000190734863,10.579999923706055,10.1899995803833,10.220000267028809,5.306532382965088,294700
2016-04-29,10.25,10.359999656677246,9.720000267028809,10.15999984741211,5.2753777503967285,410200
2016-05-02,10.140000343322754,10.329999923706055,9.970000267028809,10.170000076293945,5.280571460723877,211200
2016-05-03,10.010000228881836,10.069999694824219,9.670000076293945,9.84000015258789,5.109225273132324,364900
2016-05-04,9.819999694824219,10.029999732971191,9.649999618530273,9.84000015258789,5.109225273132324,206600
2016-05-05,9.960000038146973,10.109999656677246,9.720000267028809,9.75,5.062494277954102,205600
2016-05-06,9.720000267028809,10.029999732971191,9.5600004196167,9.9399995803833,5.161147594451904,171900
2016-05-09,9.84000015258789,9.84000015258789,9.4399995803833,9.470000267028809,4.917109966278076,142600
2016-05-10,9.539999961853027,9.8100004196167,9.449999809265137,9.619999885559082,4.994994163513184,170100
2016-05-11,9.600000381469727,9.932999610900879,9.489999771118164,9.680000305175781,5.026148796081543,209600
2016-05-12,9.84000015258789,9.888999938964844,9.420000076293945,9.470000267028809,4.917109966278076,204800
2016-05-13,9.390000343322754,9.59000015258789,9.369999885559082,9.420000076293945,4.891148090362549,132100
2016-05-16,9.539999961853027,9.680000305175781,9.449999809265137,9.5,4.932686805725098,186200
2016-05-17,9.510000228881836,9.930000305175781,9.510000228881836,9.569999694824219,4.9690327644348145,126800
2016-05-18,9.550000190734863,9.65999984741211,9.34000015258789,9.350000381469727,4.854801654815674,193800
2016-05-19,9.260000228881836,9.260000228881836,8.739999771118164,8.8100004196167,4.574417591094971,297200
2016-05-20,8.859999656677246,8.859999656677246,8.550000190734863,8.720000267028809,4.52768611907959,340600
2016-05-23,8.680000305175781,8.90999984741211,8.680000305175781,8.699999809265137,4.5173020362854,166800
2016-05-24,8.75,8.979999542236328,8.699999809265137,8.880000114440918,4.610764026641846,194200
2016-05-25,8.9399995803833,9.029999732971191,8.829999923706055,8.979999542236328,4.662687301635742,155600
2016-05-26,9.0600004196167,9.135000228881836,8.729999542236328,8.75,4.543264389038086,115900
2016-05-27,8.800000190734863,8.859999656677246,8.550000190734863,8.819999694824219,4.579609394073486,212100
2016-05-31,9.3100004196167,9.711999893188477,8.930000305175781,8.9399995803833,4.6419172286987305,1062400
2016-06-01,8.899999618530273,8.899999618530273,8.34000015258789,8.630000114440918,4.480956554412842,340200
2016-06-02,8.579999923706055,8.979999542236328,8.5,8.979999542236328,4.662687301635742,319700
2016-06-03,8.970000267028809,9.0,8.680000305175781,8.880000114440918,4.610764026641846,413300
2016-06-06,8.930000305175781,9.010000228881836,8.800000190734863,9.0,4.67307186126709,381800
2016-06-07,9.020000457763672,9.0600004196167,8.899999618530273,8.9399995803833,4.6419172286987305,319400
2016-06-08,9.029999732971191,9.260000228881836,8.930000305175781,9.1899995803833,4.771724700927734,378400
2016-06-09,9.100000381469727,9.1850004196167,8.625,8.65999984741211,4.496533393859863,563700
2016-06-10,8.539999961853027,8.5600004196167,8.109999656677246,8.3100004196167,4.314802646636963,367900
2016-06-13,8.300000190734863,8.40999984741211,8.09000015258789,8.279999732971191,4.299225330352783,299700
2016-06-14,8.229999542236328,8.289999961853027,7.71999979019165,7.880000114440918,4.09153413772583,401800
2016-06-15,7.869999885559082,7.889999866485596,7.599999904632568,7.820000171661377,4.060379505157471,324300
2016-06-16,7.75,7.789999961853027,7.519999980926514,7.639999866485596,3.9669182300567627,204600
2016-06-17,7.860000133514404,7.860000133514404,7.070000171661377,7.150000095367432,3.712496280670166,405900
2016-06-20,7.210000038146973,7.460000038146973,7.179999828338623,7.25,3.764418125152588,321500
2016-06-21,7.210000038146973,7.25,6.900000095367432,7.03000020980835,3.650188446044922,215000
2016-06-22,7.079999923706055,7.130000114440918,7.0,7.059999942779541,3.665764570236206,186400
2016-06-23,7.130000114440918,7.289999961853027,7.130000114440918,7.260000228881836,3.769611120223999,139500
2016-06-24,7.050000190734863,7.105000019073486,6.935999870300293,7.010000228881836,3.639802932739258,409700
2016-06-27,6.980000019073486,7.039999961853027,6.920000076293945,6.989999771118164,3.6294188499450684,372000
2016-06-28,7.099999904632568,7.340000152587891,7.099999904632568,7.260000228881836,3.769611120223999,191800
2016-06-29,7.429999828338623,7.440000057220459,7.25,7.360000133514404,3.821533441543579,231200
2016-06-30,7.21999979019165,7.289999961853027,6.900000095367432,7.050000190734863,3.6605730056762695,642500
2016-07-01,7.289999961853027,7.739999771118164,7.190000057220459,7.599999904632568,3.9461493492126465,343700
2016-07-05,7.480000019073486,7.559999942779541,6.980000019073486,6.989999771118164,3.6294188499450684,313900
2016-07-06,7.0,7.099999904632568,6.849999904632568,7.050000190734863,3.6605730056762695,255600
2016-07-07,7.119999885559082,7.300000190734863,6.929999828338623,7.019999980926514,3.6449954509735107,238600
2016-07-08,7.099999904632568,7.369999885559082,7.090000152587891,7.230000019073486,3.7540340423583984,169000
2016-07-11,7.300000190734863,7.449999809265137,7.190000057220459,7.25,3.764418125152588,172200
2016-07-12,7.360000133514404,7.579999923706055,7.360000133514404,7.460000038146973,3.873457193374634,171700
2016-07-13,7.460000038146973,7.519999980926514,7.079999923706055,7.119999885559082,3.696918487548828,228100
2016-07-14,7.230000019073486,7.300000190734863,7.090000152587891,7.210000038146973,3.743649482727051,231100
2016-07-15,7.269999980926514,7.28000020980835,7.119999885559082,7.130000114440918,3.70211124420166,161600
2016-07-18,7.070000171661377,7.349999904632568,7.019999980926514,7.260000228881836,3.769611120223999,266200
2016-07-19,7.21999979019165,7.360000133514404,7.079999923706055,7.079999923706055,3.676149368286133,186400
2016-07-20,7.019999980926514,7.210000038146973,6.989999771118164,7.070000171661377,3.670957088470459,216000
2016-07-21,7.099999904632568,7.190000057220459,6.900000095367432,6.900000095367432,3.582688331604004,135600
2016-07-22,6.940000057220459,7.0,6.650000095367432,6.690000057220459,3.4736499786376953,217100
2016-07-25,6.690000057220459,6.760000228881836,6.579999923706055,6.699999809265137,3.478842258453369,234700
2016-07-26,6.650000095367432,6.730000019073486,6.460000038146973,6.5,3.3749964237213135,276500
2016-07-27,6.550000190734863,6.599999904632568,6.190000057220459,6.199999809265137,3.2192270755767822,283400
2016-07-28,6.130000114440918,6.164999961853027,5.659999847412109,6.110000133514404,3.1724963188171387,508800
2016-07-29,6.110000133514404,6.170000076293945,5.98799991607666,6.170000076293945,3.20365047454834,291300
2016-08-01,6.139999866485596,6.139999866485596,5.764999866485596,5.829999923706055,3.027111768722534,230800
2016-08-02,5.880000114440918,5.940000057220459,5.670000076293945,5.829999923706055,3.027111768722534,308500
2016-08-03,5.800000190734863,5.994999885559082,5.739999771118164,5.989999771118164,3.1101887226104736,268300
2016-08-04,6.010000228881836,6.269999980926514,5.949999809265137,6.019999980926514,3.125765800476074,240600
2016-08-05,6.050000190734863,6.309999942779541,6.039999961853027,6.269999980926514,3.255573034286499,170600
2016-08-08,6.300000190734863,6.449999809265137,6.25,6.309999942779541,3.2763419151306152,224200
2016-08-09,6.309999942779541,6.309999942779541,6.039999961853027,6.070000171661377,3.1517276763916016,176300
2016-08-10,6.090000152587891,6.090000152587891,5.835000038146973,5.840000152587891,3.032304525375366,335900
2016-08-11,5.900000095367432,6.389999866485596,5.849999904632568,6.309999942779541,3.2763419151306152,307300
2016-08-12,6.289999961853027,6.360000133514404,6.072999954223633,6.139999866485596,3.188072919845581,240200
2016-08-15,6.150000095367432,6.375,6.139999866485596,6.300000190734863,3.2711503505706787,309500
2016-08-16,6.320000171661377,6.409999847412109,6.239999771118164,6.25,3.2451884746551514,238900
2016-08-17,6.239999771118164,6.300000190734863,6.130000114440918,6.269999980926514,3.255573034286499,186300
2016-08-18,6.300000190734863,6.369999885559082,6.210000038146973,6.340000152587891,3.291919231414795,156100
2016-08-19,6.340000152587891,6.360000133514404,6.179999828338623,6.300000190734863,3.2711503505706787,118800
2016-08-22,6.300000190734863,6.329999923706055,6.150000095367432,6.300000190734863,3.2711503505706787,312600
2016-08-23,6.329999923706055,6.409999847412109,6.179999828338623,6.389999866485596,3.3178813457489014,339400
2016-08-24,6.340000152587891,6.380000114440918,5.989999771118164,6.0,3.1153807640075684,471400
2016-08-25,5.96999979019165,6.039999961853027,5.900000095367432,6.019999980926514,3.125765800476074,381400
2016-08-26,6.019999980926514,6.025000095367432,5.789999961853027,5.789999961853027,3.0063424110412598,400600
2016-08-29,5.75,5.75,5.570000171661377,5.599999904632568,2.907689332962036,262600
2016-08-30,5.619999885559082,5.840000152587891,5.550000190734863,5.619999885559082,2.9180736541748047,334300
2016-08-31,5.579999923706055,5.590000152587891,5.25,5.329999923706055,2.767496347427368,343000
2016-09-01,5.300000190734863,5.360000133514404,5.070000171661377,5.090000152587891,2.6428816318511963,316700
2016-09-02,5.099999904632568,5.309999942779541,5.099999904632568,5.139999866485596,2.6688432693481445,224800
2016-09-06,5.130000114440918,5.570000171661377,5.130000114440918,5.519999980926514,2.866150379180908,242300
2016-09-07,5.570000171661377,5.869999885559082,5.559999942779541,5.809999942779541,3.0167269706726074,320500
2016-09-08,5.849999904632568,6.019000053405762,5.800000190734863,5.889999866485596,3.058265447616577,255100
2016-09-09,5.829999923706055,5.869999885559082,5.695000171661377,5.71999979019165,2.969996452331543,198300
2016-09-12,5.639999866485596,5.78000020980835,5.610000133514404,5.699999809265137,2.9596121311187744,177100
2016-09-13,5.590000152587891,5.690000057220459,5.510000228881836,5.619999885559082,2.9180736541748047,156300
2016-09-14,5.550000190734863,5.559999942779541,5.369999885559082,5.389999866485596,2.798650026321411,117200
2016-09-15,5.400000095367432,5.5,5.320000171661377,5.400000095367432,2.803842782974243,139500
2016-09-16,5.360000133514404,5.550000190734863,5.309999942779541,5.440000057220459,2.8246121406555176,259500
2016-09-19,5.489999771118164,5.630000114440918,5.420000076293945,5.559999942779541,2.8869194984436035,210500
2016-09-20,5.510000228881836,5.539999961853027,5.320000171661377,5.360000133514404,2.783073902130127,144500
2016-09-21,5.460000038146973,5.539999961853027,5.400000095367432,5.510000228881836,2.8609583377838135,146300
2016-09-22,5.579999923706055,6.079999923706055,5.579999923706055,6.070000171661377,3.1517276763916016,259800
2016-09-23,6.03000020980835,6.070000171661377,5.579999923706055,5.75,2.9855735301971436,311300
2016-09-26,5.820000171661377,5.989999771118164,5.739999771118164,5.860000133514404,3.0426888465881348,290300
2016-09-27,5.739999771118164,5.849999904632568,5.605000019073486,5.710000038146973,2.9648046493530273,179900
2016-09-28,5.699999809265137,6.050000190734863,5.650000095367432,5.989999771118164,3.1101887226104736,284400
2016-09-29,6.050000190734863,6.170000076293945,5.78000020980835,5.840000152587891,3.032304525375366,208700
2016-09-30,5.920000076293945,6.135000228881836,5.829999923706055,6.0,3.1153807640075684,404900
2016-10-03,6.059999942779541,6.320000171661377,6.059999942779541,6.269999980926514,3.255573034286499,221800
2016-10-04,6.260000228881836,6.260000228881836,5.949999809265137,6.070000171661377,3.1517276763916016,321700
2016-10-05,6.199999809265137,6.309999942779541,6.139999866485596,6.28000020980835,3.260765552520752,336000
2016-10-06,6.349999904632568,6.800000190734863,6.25,6.710000038146973,3.484034538269043,546500
2016-10-07,6.699999809265137,7.110000133514404,6.619999885559082,6.940000057220459,3.603457450866699,491600
2016-10-10,7.070000171661377,7.119999885559082,6.775000095367432,6.809999942779541,3.5359573364257812,287900
2016-10-11,6.769999980926514,6.815000057220459,6.53000020980835,6.599999904632568,3.4269187450408936,154900
2016-10-12,6.559999942779541,6.639999866485596,6.400000095367432,6.460000038146973,3.35422682762146,107400
2016-10-13,6.429999828338623,6.618000030517578,6.28000020980835,6.46999979019165,3.359419345855713,161000
2016-10-14,6.519999980926514,6.590000152587891,6.440000057220459,6.449999809265137,3.349034309387207,153700
2016-10-17,6.449999809265137,6.5,5.96999979019165,5.989999771118164,3.1101887226104736,287000
2016-10-18,6.010000228881836,6.28000020980835,6.010000228881836,6.179999828338623,3.2088425159454346,207100
2016-10-19,6.210000038146973,6.46999979019165,6.190000057220459,6.320000171661377,3.2815346717834473,107000
2016-10-20,6.21999979019165,6.460000038146973,6.201000213623047,6.360000133514404,3.3023040294647217,82300
2016-10-21,6.300000190734863,6.460000038146973,6.300000190734863,6.400000095367432,3.323073148727417,66700
2016-10-24,6.380000114440918,6.679999828338623,6.21999979019165,6.28000020980835,3.260765552520752,160900
2016-10-25,6.210000038146973,6.327000141143799,6.070000171661377,6.099999904632568,3.167304277420044,120700
2016-10-26,6.070000171661377,6.260000228881836,6.011000156402588,6.079999923706055,3.156919479370117,96500
2016-10-27,6.150000095367432,6.369999885559082,6.119999885559082,6.289999961853027,3.2659575939178467,258400
2016-10-28,5.909999847412109,6.110000133514404,5.809999942779541,6.03000020980835,3.130957841873169,484800
2016-10-31,5.96999979019165,6.260000228881836,5.630000114440918,5.630000114440918,2.9232659339904785,427000
2016-11-01,5.670000076293945,6.263000011444092,5.670000076293945,6.179999828338623,3.2088425159454346,257700
2016-11-02,6.110000133514404,6.110000133514404,5.695000171661377,5.820000171661377,3.0219199657440186,183700
2016-11-03,5.829999923706055,6.159999847412109,5.820000171661377,5.840000152587891,3.032304525375366,201700
2016-11-04,5.769999980926514,5.96999979019165,5.760000228881836,5.820000171661377,3.0219199657440186,129200
2016-11-07,5.909999847412109,6.052000045776367,5.869999885559082,5.900000095367432,3.063458204269409,138100
2016-11-08,5.860000133514404,6.0,5.760000228881836,5.929999828338623,3.0790350437164307,135200
2016-11-09,5.900000095367432,6.400000095367432,5.849999904632568,6.269999980926514,3.255573034286499,202800
2016-11-10,6.260000228881836,6.710000038146973,6.260000228881836,6.559999942779541,3.4061496257781982,280200
2016-11-11,6.489999771118164,7.0,6.449999809265137,6.96999979019165,3.6190342903137207,277300
2016-11-14,6.849999904632568,7.039999961853027,6.659999847412109,6.71999979019165,3.4892265796661377,278900
2016-11-15,6.789999961853027,7.03000020980835,6.769999980926514,6.960000038146973,3.6138417720794678,196000
2016-11-16,6.900000095367432,7.820000171661377,6.892000198364258,7.309999942779541,3.7955729961395264,515700
2016-11-17,7.389999866485596,7.590000152587891,6.840000152587891,6.989999771118164,3.6294188499450684,306900
2016-11-18,6.989999771118164,7.239999771118164,6.989999771118164,7.159999847412109,3.7176880836486816,131700
2016-11-21,7.480000019073486,7.480000019073486,7.260000228881836,7.349999904632568,3.8163416385650635,171100
2016-11-22,7.380000114440918,7.550000190734863,7.309999942779541,7.489999771118164,3.8890340328216553,123800
2016-11-23,7.369999885559082,7.590000152587891,7.3520002365112305,7.480000019073486,3.8838412761688232,95900
2016-11-25,7.5,7.550000190734863,7.420000076293945,7.480000019073486,3.8838412761688232,68900
2016-11-28,7.5,7.539999961853027,7.300000190734863,7.300000190734863,3.7903800010681152,137700
2016-11-29,7.139999866485596,7.309999942779541,6.920000076293945,6.960000038146973,3.6138417720794678,187300
2016-11-30,7.260000228881836,7.480000019073486,6.900000095367432,6.980000019073486,3.6242268085479736,239100
2016-12-01,7.130000114440918,7.309999942779541,6.9670000076293945,7.210000038146973,3.743649482727051,236000
2016-12-02,7.21999979019165,7.460000038146973,7.099999904632568,7.300000190734863,3.7903800010681152,137900
2016-12-05,7.409999847412109,7.699999809265137,7.349999904632568,7.619999885559082,3.9565343856811523,157000
2016-12-06,7.619999885559082,8.4399995803833,7.489999771118164,8.319999694824219,4.319994926452637,290100
2016-12-07,8.3100004196167,8.649999618530273,8.25,8.579999923706055,4.454995155334473,169500
2016-12-08,8.609999656677246,9.59000015258789,8.609999656677246,9.5,4.932686805725098,354000
2016-12-09,9.680000305175781,9.850000381469727,9.289999961853027,9.420000076293945,4.891148090362549,268500
2016-12-12,9.420000076293945,9.5,8.505000114440918,8.550000190734863,4.439418315887451,192100
2016-12-13,8.579999923706055,8.770000457763672,8.5,8.609999656677246,4.470571041107178,353200
2016-12-14,8.539999961853027,8.670000076293945,8.100000381469727,8.149999618530273,4.231725215911865,205500
2016-12-15,8.079999923706055,8.619999885559082,8.039999961853027,8.529999732971191,4.429032802581787,117000
2016-12-16,8.619999885559082,8.869999885559082,8.569999694824219,8.640000343322754,4.486149311065674,224700
2016-12-19,8.600000381469727,8.779999732971191,8.34000015258789,8.390000343322754,4.356341361999512,158900
2016-12-20,8.420000076293945,8.569999694824219,8.253999710083008,8.359999656677246,4.340763568878174,88600
2016-12-21,8.510000228881836,9.248000144958496,8.40999984741211,9.1899995803833,4.771724700927734,413200
2016-12-22,9.100000381469727,9.1899995803833,8.675000190734863,8.729999542236328,4.532878875732422,144000
2016-12-23,8.720000267028809,8.869999885559082,8.470000267028809,8.680000305175781,4.506918430328369,112300
2016-12-27,8.75,8.789999961853027,8.0600004196167,8.109999656677246,4.210956573486328,234600
2016-12-28,8.5,9.180000305175781,8.470000267028809,8.5,4.413456439971924,335900
2016-12-29,8.470000267028809,8.569999694824219,8.300000190734863,8.430000305175781,4.377110004425049,117500
2016-12-30,8.40999984741211,8.420000076293945,8.199999809265137,8.210000038146973,4.262879848480225,165100
2017-01-03,8.350000381469727,8.960000038146973,8.350000381469727,8.869999885559082,4.605571746826172,218400
2017-01-04,8.920000076293945,9.390000343322754,8.850000381469727,9.369999885559082,4.86518669128418,186000
2017-01-05,9.350000381469727,9.479999542236328,9.3100004196167,9.369999885559082,4.86518669128418,188700
2017-01-06,9.380000114440918,9.380000114440918,8.944999694824219,9.180000305175781,4.7665324211120605,169200
2017-01-09,9.109999656677246,9.319999694824219,8.989999771118164,9.210000038146973,4.782110214233398,257700
2017-01-10,9.300000190734863,9.449999809265137,9.170000076293945,9.25,4.802878379821777,171800
2017-01-11,9.359999656677246,9.399999618530273,9.119999885559082,9.329999923706055,4.844417572021484,251100
2017-01-12,9.4399995803833,9.4399995803833,9.0,9.3100004196167,4.834033012390137,163300
2017-01-13,9.34000015258789,9.460000038146973,9.1899995803833,9.34000015258789,4.849610805511475,155800
2017-01-17,9.399999618530273,9.529999732971191,9.210000038146973,9.5,4.932686805725098,155600
2017-01-18,9.5600004196167,10.59000015258789,9.489999771118164,10.5,5.451916694641113,337700
2017-01-19,10.510000228881836,11.350000381469727,10.510000228881836,10.880000114440918,5.649224281311035,582600
2017-01-20,10.979999542236328,11.03499984741211,10.6899995803833,10.819999694824219,5.618070125579834,198300
2017-01-23,10.829999923706055,11.229999542236328,10.390000343322754,11.079999923706055,5.75307035446167,427000
2017-01-24,11.279999732971191,11.279999732971191,10.649999618530273,10.789999961853027,5.602493762969971,252000
2017-01-25,10.800000190734863,12.02299976348877,10.720000267028809,11.979999542236328,6.220377445220947,503000
2017-01-26,12.0,12.029999732971191,11.479999542236328,11.609999656677246,6.028263092041016,378400
2017-01-27,11.550000190734863,11.550000190734863,11.04699993133545,11.199999809265137,5.815378665924072,312200
2017-01-30,10.40999984741211,12.5,9.800000190734863,12.380000114440918,6.428069591522217,1105900
2017-01-31,12.15999984741211,12.489999771118164,11.0,11.3100004196167,5.872493267059326,699900
2017-02-01,11.3100004196167,12.029999732971191,11.21500015258789,11.970000267028809,6.21518611907959,334400
2017-02-02,11.90999984741211,11.90999984741211,10.760000228881836,10.970000267028809,5.695955276489258,479900
2017-02-03,10.800000190734863,10.9399995803833,10.359999656677246,10.800000190734863,5.607685565948486,379400
2017-02-06,10.800000190734863,10.829999923706055,10.399999618530273,10.6899995803833,5.550570964813232,229900
2017-02-07,10.649999618530273,10.710000038146973,10.140000343322754,10.329999923706055,5.3636474609375,228300
2017-02-08,10.329999923706055,10.329999923706055,9.869999885559082,10.09000015258789,5.2390313148498535,262000
2017-02-09,10.140000343322754,10.269000053405762,9.779999732971191,9.789999961853027,5.083263874053955,224400
2017-02-10,9.859999656677246,9.96500015258789,9.510000228881836,9.770000457763672,5.072879314422607,141300
2017-02-13,9.770000457763672,9.850000381469727,9.640000343322754,9.760000228881836,5.067685604095459,179600
2017-02-14,9.75,9.829999923706055,9.401000022888184,9.779999732971191,5.078070640563965,231400
2017-02-15,9.680000305175781,9.869999885559082,9.5,9.670000076293945,5.020956516265869,172300
2017-02-16,9.619999885559082,9.619999885559082,9.3100004196167,9.359999656677246,4.859993934631348,185300
2017-02-17,9.369999885559082,9.6899995803833,9.1899995803833,9.359999656677246,4.859993934631348,329900
2017-02-21,9.479999542236328,10.1899995803833,9.413000106811523,10.0600004196167,5.223455905914307,262600
2017-02-22,9.9399995803833,9.979999542236328,9.59000015258789,9.789999961853027,5.083263874053955,240500
2017-02-23,9.899999618530273,9.899999618530273,9.539999961853027,9.670000076293945,5.020956516265869,119600
2017-02-24,9.420000076293945,9.619999885559082,9.109999656677246,9.449999809265137,4.906724452972412,205400
2017-02-27,9.449999809265137,9.760000228881836,9.449999809265137,9.619999885559082,4.994994163513184,203000
2017-02-28,9.520000457763672,9.770000457763672,9.390000343322754,9.420000076293945,4.891148090362549,248800
2017-03-01,9.949999809265137,10.1850004196167,9.720000267028809,9.979999542236328,5.181916236877441,484200
2017-03-02,9.869999885559082,10.550000190734863,9.619999885559082,10.119999885559082,5.254608631134033,367100
2017-03-03,10.140000343322754,10.65999984741211,10.0600004196167,10.470000267028809,5.43634033203125,215500
2017-03-06,10.239999771118164,10.569999694824219,10.239999771118164,10.449999809265137,5.425954818725586,128700
2017-03-07,10.399999618530273,10.510000228881836,10.354999542236328,10.479999542236328,5.441531658172607,102600
2017-03-08,10.470000267028809,10.609999656677246,10.369999885559082,10.460000038146973,5.431147575378418,142000
2017-03-09,10.4399995803833,10.90999984741211,10.4399995803833,10.6899995803833,5.550570964813232,205400
2017-03-10,10.729999542236328,10.960000038146973,10.6899995803833,10.800000190734863,5.607685565948486,171400
2017-03-13,10.729999542236328,11.170000076293945,10.729999542236328,11.09000015258789,5.758262634277344,168900
2017-03-14,10.9399995803833,11.069999694824219,10.670000076293945,11.010000228881836,5.716723918914795,140600
2017-03-15,11.09000015258789,11.279999732971191,10.920000076293945,11.180000305175781,5.804994106292725,139200
2017-03-16,11.199999809265137,11.279999732971191,11.029999732971191,11.050000190734863,5.737493991851807,114400
2017-03-17,10.970000267028809,11.069999694824219,10.670000076293945,10.670000076293945,5.540185928344727,260400
2017-03-20,10.649999618530273,10.869999885559082,10.479999542236328,10.699999809265137,5.55576229095459,492800
2017-03-21,10.720000267028809,10.729999542236328,10.09000015258789,10.149999618530273,5.270186424255371,222700
2017-03-22,10.039999961853027,10.210000038146973,9.880000114440918,9.90999984741211,5.145570755004883,160300
2017-03-23,9.890000343322754,10.390000343322754,9.890000343322754,10.199999809265137,5.296146869659424,306400
2017-03-24,10.130000114440918,10.369999885559082,9.9399995803833,10.0,5.192301273345947,273300
2017-03-27,9.90999984741211,10.170000076293945,9.739999771118164,10.0,5.192301273345947,513500
2017-03-28,10.020000457763672,10.170000076293945,9.930999755859375,10.069999694824219,5.228647708892822,555700
2017-03-29,10.0600004196167,10.470000267028809,9.960000038146973,10.130000114440918,5.25980281829834,422800
2017-03-30,10.180000305175781,10.449999809265137,10.149999618530273,10.420000076293945,5.410377502441406,207700
2017-03-31,10.34000015258789,10.5600004196167,10.220000267028809,10.529999732971191,5.467492580413818,233700
2017-04-03,10.460000038146973,10.670000076293945,10.359999656677246,10.609999656677246,5.509032249450684,145800
2017-04-04,10.640000343322754,10.670000076293945,10.520000457763672,10.569999694824219,5.488263130187988,128400
2017-04-05,10.680000305175781,10.850000381469727,10.229999542236328,10.239999771118164,5.316917419433594,205000
2017-04-06,10.25,10.319999694824219,10.079999923706055,10.239999771118164,5.316917419433594,252300
2017-04-07,10.180000305175781,10.359999656677246,9.899999618530273,9.90999984741211,5.145570755004883,244600
2017-04-10,10.0600004196167,10.350000381469727,9.984999656677246,10.100000381469727,5.244224548339844,233300
2017-04-11,10.039999961853027,10.199999809265137,9.970000267028809,10.0,5.192301273345947,160300
2017-04-12,9.920000076293945,10.039999961853027,9.654999732971191,9.699999809265137,5.036533355712891,198400
2017-04-13,9.649999618530273,9.739999771118164,9.5600004196167,9.699999809265137,5.036533355712891,188400
2017-04-17,9.699999809265137,9.788000106811523,9.329999923706055,9.420000076293945,4.891148090362549,200300
2017-04-18,9.319999694824219,9.619999885559082,9.140000343322754,9.479999542236328,4.92230224609375,201900
2017-04-19,9.5600004196167,9.760000228881836,9.329999923706055,9.34000015258789,4.849610805511475,148100
2017-04-20,9.390000343322754,9.520000457763672,9.239999771118164,9.34000015258789,4.849610805511475,153400
2017-04-21,9.25,9.5,9.25,9.460000038146973,4.9119181632995605,168000
2017-04-24,9.5600004196167,9.600000381469727,8.920000076293945,8.979999542236328,4.662687301635742,499300
2017-04-25,9.050000190734863,9.109000205993652,8.619999885559082,8.880000114440918,4.610764026641846,396500
2017-04-26,8.880000114440918,9.3100004196167,8.859999656677246,9.149999618530273,4.750955104827881,221600
2017-04-27,9.100000381469727,9.289999961853027,8.918999671936035,9.25,4.802878379821777,132500
2017-04-28,9.279999732971191,9.279999732971191,8.972999572753906,9.09000015258789,4.719802379608154,198000
2017-05-01,9.069999694824219,9.350000381469727,9.039999961853027,9.119999885559082,4.735379219055176,193300
2017-05-02,9.09000015258789,9.225000381469727,8.859999656677246,8.880000114440918,4.610764026641846,161900
2017-05-03,8.960000038146973,9.145000457763672,8.829999923706055,8.899999618530273,4.621148586273193,208700
2017-05-04,9.069999694824219,9.114999771118164,8.699999809265137,8.829999923706055,4.584802150726318,203400
2017-05-05,8.84000015258789,9.130000114440918,8.699999809265137,8.890000343322754,4.615955829620361,174500
2017-05-08,8.890000343322754,9.079999923706055,8.770000457763672,8.899999618530273,4.621148586273193,145400
2017-05-09,8.960000038146973,8.979999542236328,8.729999542236328,8.890000343322754,4.615955829620361,193200
2017-05-10,8.949999809265137,9.100000381469727,8.800000190734863,8.869999885559082,4.605571746826172,282200
2017-05-11,8.890000343322754,8.979999542236328,8.670000076293945,8.899999618530273,4.621148586273193,171100
2017-05-12,8.859999656677246,9.015999794006348,8.699999809265137,8.75,4.543264389038086,187500
2017-05-15,8.829999923706055,8.979999542236328,8.680000305175781,8.729999542236328,4.532878875732422,126100
2017-05-16,8.739999771118164,8.9399995803833,8.520000457763672,8.699999809265137,4.5173020362854,111000
2017-05-17,8.619999885559082,8.789999961853027,8.539999961853027,8.670000076293945,4.501725673675537,148300
2017-05-18,8.649999618530273,8.720000267028809,8.520000457763672,8.529999732971191,4.429032802581787,132500
2017-05-19,8.539999961853027,8.800000190734863,8.539999961853027,8.630000114440918,4.480956554412842,89600
2017-05-22,8.699999809265137,8.789999961853027,8.529999732971191,8.579999923706055,4.454995155334473,183900
2017-05-23,8.59000015258789,8.640000343322754,8.479999542236328,8.529999732971191,4.429032802581787,92700
2017-05-24,8.520000457763672,8.670000076293945,8.390000343322754,8.460000038146973,4.3926873207092285,81100
2017-05-25,8.449999809265137,8.600000381469727,8.210000038146973,8.270000457763672,4.294033527374268,92000
2017-05-26,8.25,8.369999885559082,8.170000076293945,8.279999732971191,4.299225330352783,63300
2017-05-30,8.270000457763672,8.319999694824219,8.039999961853027,8.050000190734863,4.179802894592285,129800
2017-05-31,8.109999656677246,8.109999656677246,7.704999923706055,7.809999942779541,4.055187702178955,204400
2017-06-01,7.800000190734863,8.180000305175781,7.730000019073486,8.149999618530273,4.231725215911865,124900
2017-06-02,8.149999618530273,8.15999984741211,7.699999809265137,7.949999809265137,4.127880096435547,123700
2017-06-05,7.889999866485596,8.119999885559082,7.769999980926514,7.949999809265137,4.127880096435547,120100
2017-06-06,7.900000095367432,8.09000015258789,7.710000038146973,7.96999979019165,4.138264179229736,105500
2017-06-07,7.96999979019165,8.140000343322754,7.525000095367432,7.579999923706055,3.9357643127441406,137800
2017-06-08,7.559999942779541,7.849999904632568,7.559999942779541,7.619999885559082,3.9565343856811523,129500
2017-06-09,7.690000057220459,8.220000267028809,7.659999847412109,7.840000152587891,4.070765018463135,268900
2017-06-12,8.210000038146973,8.670000076293945,8.010000228881836,8.010000228881836,4.15903377532959,331000
2017-06-13,8.050000190734863,8.0600004196167,7.489999771118164,7.579999923706055,3.9357643127441406,254300
2017-06-14,8.449999809265137,8.489999771118164,7.130000114440918,7.260000228881836,3.769611120223999,461000
2017-06-15,7.360000133514404,7.519999980926514,7.119999885559082,7.320000171661377,3.800764799118042,188800
2017-06-16,7.199999809265137,7.625,7.179999828338623,7.46999979019165,3.8786489963531494,240600
2017-06-19,7.409999847412109,7.53000020980835,7.320000171661377,7.409999847412109,3.8474953174591064,188000
2017-06-20,7.300000190734863,7.539999961853027,7.010000228881836,7.480000019073486,3.8838412761688232,250000
2017-06-21,7.409999847412109,7.570000171661377,7.130000114440918,7.170000076293945,3.7228803634643555,142400
2017-06-22,7.21999979019165,7.650000095367432,7.210000038146973,7.559999942779541,3.925379991531372,173300
2017-06-23,7.550000190734863,7.960000038146973,7.550000190734863,7.900000095367432,4.1019182205200195,692800
2017-06-26,7.880000114440918,8.199999809265137,7.75,8.119999885559082,4.216148853302002,251100
2017-06-27,8.170000076293945,8.600000381469727,8.15999984741211,8.260000228881836,4.2888407707214355,243600
2017-06-28,8.289999961853027,8.489999771118164,8.100000381469727,8.119999885559082,4.216148853302002,150200
2017-06-29,8.180000305175781,8.260000228881836,8.050000190734863,8.149999618530273,4.231725215911865,130300
2017-06-30,8.199999809265137,8.390000343322754,8.109999656677246,8.180000305175781,4.247303485870361,157100
2017-07-03,8.239999771118164,8.699999809265137,8.199999809265137,8.569999694824219,4.449802398681641,86000
2017-07-05,8.470000267028809,8.520000457763672,8.119999885559082,8.260000228881836,4.2888407707214355,147900
2017-07-06,8.100000381469727,8.204000473022461,7.570000171661377,7.599999904632568,3.9461493492126465,233500
2017-07-07,7.730000019073486,7.900000095367432,7.53000020980835,7.690000057220459,3.992879867553711,201500
2017-07-10,7.679999828338623,8.140000343322754,7.670000076293945,7.949999809265137,4.127880096435547,232500
2017-07-11,8.0,8.123000144958496,7.829999923706055,8.029999732971191,4.1694183349609375,225700
2017-07-12,8.109999656677246,8.729999542236328,8.069999694824219,8.15999984741211,4.236917495727539,274800
2017-07-13,8.170000076293945,8.390000343322754,8.039999961853027,8.380000114440918,4.35114860534668,229400
2017-07-14,8.420000076293945,8.5600004196167,8.170000076293945,8.34000015258789,4.330379962921143,92200
2017-07-17,8.289999961853027,8.479999542236328,8.1899995803833,8.25,4.283648490905762,71500
2017-07-18,8.279999732971191,8.279999732971191,7.947999954223633,8.050000190734863,4.179802894592285,114000
2017-07-19,8.029999732971191,8.479999542236328,7.985000133514404,8.300000190734863,4.309610843658447,138200
2017-07-20,8.350000381469727,8.350000381469727,7.849999904632568,8.15999984741211,4.236917495727539,117800
2017-07-21,8.239999771118164,8.25,7.915999889373779,8.020000457763672,4.1642255783081055,214900
2017-07-24,8.039999961853027,8.279999732971191,7.965000152587891,8.140000343322754,4.22653341293335,59500
2017-07-25,8.239999771118164,8.470000267028809,7.940000057220459,7.960000038146973,4.1330718994140625,100700
2017-07-26,8.029999732971191,8.050000190734863,7.739999771118164,7.760000228881836,4.029226303100586,136900
2017-07-27,7.769999980926514,7.889999866485596,7.630000114440918,7.71999979019165,4.008456707000732,86900
2017-07-28,7.710000038146973,7.949999809265137,7.590000152587891,7.739999771118164,4.01884126663208,122300
2017-07-31,7.449999809265137,7.739999771118164,7.179999828338623,7.199999809265137,3.7384564876556396,422000
2017-08-01,7.230000019073486,7.260000228881836,6.889999866485596,7.079999923706055,3.676149368286133,272000
2017-08-02,7.099999904632568,7.389999866485596,7.059999942779541,7.28000020980835,3.7799956798553467,187500
2017-08-03,7.269999980926514,7.380000114440918,6.980000019073486,7.039999961853027,3.6553800106048584,177200
2017-08-04,7.039999961853027,7.170000076293945,7.008999824523926,7.050000190734863,3.6605730056762695,111000
2017-08-07,6.989999771118164,7.119999885559082,6.909999847412109,7.070000171661377,3.670957088470459,110700
2017-08-08,7.039999961853027,7.229000091552734,6.96999979019165,7.010000228881836,3.639802932739258,117600
2017-08-09,7.010000228881836,7.010000228881836,6.630000114440918,6.71999979019165,3.4892265796661377,165700
2017-08-10,6.730000019073486,6.820000171661377,6.53000020980835,6.53000020980835,3.390573024749756,154600
2017-08-11,6.340000152587891,6.860000133514404,6.199999809265137,6.699999809265137,3.478842258453369,184200
2017-08-14,6.710000038146973,6.889999866485596,6.610000133514404,6.639999866485596,3.447688102722168,123200
2017-08-15,6.699999809265137,6.800000190734863,6.619999885559082,6.639999866485596,3.447688102722168,99900
2017-08-16,6.699999809265137,6.769999980926514,6.460000038146973,6.519999980926514,3.385380983352661,117200
2017-08-17,6.5,6.610000133514404,6.440000057220459,6.449999809265137,3.349034309387207,180700
2017-08-18,6.409999847412109,6.739999771118164,6.409999847412109,6.690000057220459,3.4736499786376953,138200
2017-08-21,6.670000076293945,6.670000076293945,6.374000072479248,6.409999847412109,3.3282647132873535,95400
2017-08-22,6.420000076293945,6.579999923706055,6.400000095367432,6.53000020980835,3.390573024749756,60400
2017-08-23,6.5,6.730000019073486,6.485000133514404,6.679999828338623,3.468456983566284,79500
2017-08-24,6.650000095367432,6.769999980926514,6.619999885559082,6.730000019073486,3.4944183826446533,68700
2017-08-25,6.739999771118164,6.949999809265137,6.739999771118164,6.820000171661377,3.5411500930786133,109600
2017-08-28,6.809999942779541,6.960000038146973,6.599999904632568,6.679999828338623,3.468456983566284,123600
2017-08-29,6.619999885559082,6.980000019073486,6.619999885559082,6.960000038146973,3.6138417720794678,101900
2017-08-30,6.909999847412109,6.934999942779541,6.78000020980835,6.829999923706055,3.546342372894287,63900
2017-08-31,6.820000171661377,7.0,6.820000171661377,6.860000133514404,3.5619194507598877,76600
2017-09-01,6.860000133514404,7.110000133514404,6.789999961853027,7.059999942779541,3.665764570236206,91100
2017-09-05,7.099999904632568,7.369999885559082,7.0,7.309999942779541,3.7955729961395264,228000
2017-09-06,7.349999904632568,7.639999866485596,7.300000190734863,7.53000020980835,3.9098033905029297,223100
2017-09-07,7.5,7.679999828338623,7.429999828338623,7.489999771118164,3.8890340328216553,351600
2017-09-08,7.429999828338623,7.650000095367432,7.079999923706055,7.239999771118164,3.759225845336914,273800
2017-09-11,7.320000171661377,7.849999904632568,7.28000020980835,7.730000019073486,4.0136494636535645,279800
2017-09-12,7.739999771118164,7.945000171661377,7.670000076293945,7.75,4.024034023284912,228300
2017-09-13,7.710000038146973,7.980000019073486,7.704999923706055,7.800000190734863,4.049994945526123,208000
2017-09-14,7.840000152587891,7.96999979019165,7.769999980926514,7.940000057220459,4.122687816619873,137500
2017-09-15,7.96999979019165,7.96999979019165,7.639999866485596,7.659999847412109,3.9773027896881104,863200
2017-09-18,7.650000095367432,7.650000095367432,7.269999980926514,7.429999828338623,3.857879877090454,194100
2017-09-19,7.480000019073486,7.550000190734863,7.360000133514404,7.420000076293945,3.8526880741119385,94400
2017-09-20,7.429999828338623,7.849999904632568,7.429999828338623,7.510000228881836,3.8994193077087402,137700
2017-09-21,7.510000228881836,7.659999847412109,7.380000114440918,7.440000057220459,3.863072395324707,99800
2017-09-22,7.46999979019165,7.53000020980835,7.239999771118164,7.269999980926514,3.774803400039673,176100
2017-09-25,7.320000171661377,7.489999771118164,7.25,7.340000152587891,3.8111493587493896,124300
2017-09-26,7.329999923706055,7.389999866485596,7.25,7.269999980926514,3.774803400039673,66300
2017-09-27,7.289999961853027,7.5,7.179999828338623,7.340000152587891,3.8111493587493896,124700
2017-09-28,7.300000190734863,7.400000095367432,7.269999980926514,7.340000152587891,3.8111493587493896,69300
2017-09-29,7.269999980926514,7.360000133514404,6.789999961853027,6.820000171661377,3.5411500930786133,226900
2017-10-02,6.809999942779541,7.079999923706055,6.78000020980835,7.03000020980835,3.650188446044922,142200
2017-10-03,6.980000019073486,7.420000076293945,6.980000019073486,7.349999904632568,3.8163416385650635,109500
2017-10-04,7.340000152587891,7.420000076293945,7.139999866485596,7.28000020980835,3.7799956798553467,113100
2017-10-05,7.300000190734863,7.489999771118164,7.260000228881836,7.46999979019165,3.8786489963531494,78000
2017-10-06,7.440000057220459,7.459000110626221,7.269999980926514,7.320000171661377,3.800764799118042,76400
2017-10-09,7.380000114440918,7.429999828338623,7.110000133514404,7.150000095367432,3.712496280670166,72900
2017-10-10,7.21999979019165,7.400000095367432,7.21999979019165,7.329999923706055,3.805957555770874,144000
2017-10-11,7.349999904632568,7.559999942779541,7.309999942779541,7.460000038146973,3.873457193374634,90700
2017-10-12,7.480000019073486,7.860000133514404,7.480000019073486,7.739999771118164,4.01884126663208,166500
2017-10-13,7.75,7.929999828338623,7.710000038146973,7.71999979019165,4.008456707000732,147000
2017-10-16,7.78000020980835,8.239999771118164,7.78000020980835,7.929999828338623,4.117495059967041,161800
2017-10-17,7.900000095367432,7.989999771118164,7.699999809265137,7.78000020980835,4.039610385894775,89800
2017-10-18,7.820000171661377,7.90500020980835,7.75,7.800000190734863,4.049994945526123,65100
2017-10-19,7.78000020980835,7.800000190734863,7.599999904632568,7.71999979019165,4.008456707000732,93800
2017-10-20,7.809999942779541,7.929999828338623,7.670000076293945,7.730000019073486,4.0136494636535645,105600
2017-10-23,7.75,7.90500020980835,7.489999771118164,7.570000171661377,3.930572509765625,108400
2017-10-24,7.639999866485596,7.78000020980835,7.579999923706055,7.659999847412109,3.9773027896881104,104700
2017-10-25,7.630000114440918,8.020000457763672,7.46999979019165,7.730000019073486,4.0136494636535645,130500
2017-10-26,7.760000228881836,7.800000190734863,7.480000019073486,7.590000152587891,3.9409568309783936,82000
2017-10-27,7.46999979019165,7.525000095367432,7.010000228881836,7.480000019073486,3.8838412761688232,240200
2017-10-30,7.429999828338623,7.605000019073486,7.079999923706055,7.179999828338623,3.7280726432800293,144500
2017-10-31,7.150000095367432,7.210000038146973,6.989999771118164,7.150000095367432,3.712496280670166,193800
2017-11-01,7.25,7.619999885559082,7.130000114440918,7.150000095367432,3.712496280670166,205400
2017-11-02,7.199999809265137,7.364999771118164,7.0,7.309999942779541,3.7955729961395264,135000
2017-11-03,7.110000133514404,7.849999904632568,7.070000171661377,7.840000152587891,4.070765018463135,162300
2017-11-06,7.840000152587891,8.149999618530273,7.840000152587891,8.010000228881836,4.15903377532959,106200
2017-11-07,7.989999771118164,8.350000381469727,7.989999771118164,8.270000457763672,4.294033527374268,147000
2017-11-08,8.289999961853027,8.369999885559082,8.069999694824219,8.069999694824219,4.190187454223633,83600
2017-11-09,8.010000228881836,8.34000015258789,8.010000228881836,8.119999885559082,4.216148853302002,46400
2017-11-10,8.149999618530273,8.300000190734863,7.880000114440918,7.96999979019165,4.138264179229736,56600
2017-11-13,7.949999809265137,8.25,7.909999847412109,8.149999618530273,4.231725215911865,99600
2017-11-14,8.050000190734863,8.229999542236328,7.809999942779541,8.010000228881836,4.15903377532959,89600
2017-11-15,7.920000076293945,7.96999979019165,7.769999980926514,7.789999961853027,4.044803142547607,95300
2017-11-16,7.710000038146973,7.829999923706055,7.199999809265137,7.289999961853027,3.7851877212524414,241300
2017-11-17,7.269999980926514,7.699999809265137,7.190000057220459,7.630000114440918,3.961726665496826,152600
2017-11-20,7.599999904632568,7.809999942779541,7.309999942779541,7.800000190734863,4.049994945526123,135600
2017-11-21,7.860000133514404,7.940000057220459,7.619999885559082,7.760000228881836,4.029226303100586,144300
2017-11-22,7.789999961853027,8.0,7.480000019073486,7.690000057220459,3.992879867553711,200900
2017-11-24,7.730000019073486,7.909999847412109,7.579999923706055,7.75,4.024034023284912,102800
2017-11-27,7.800000190734863,7.800000190734863,7.460000038146973,7.570000171661377,3.930572509765625,374700
2017-11-28,7.539999961853027,7.550000190734863,7.150000095367432,7.199999809265137,3.7384564876556396,185500
2017-11-29,7.139999866485596,7.300000190734863,6.880000114440918,7.21999979019165,3.7488420009613037,338100
2017-11-30,7.21999979019165,7.454999923706055,7.130000114440918,7.21999979019165,3.7488420009613037,158400
2017-12-01,7.210000038146973,7.389999866485596,7.090000152587891,7.110000133514404,3.6917266845703125,296100
2017-12-04,7.150000095367432,7.659999847412109,7.150000095367432,7.550000190734863,3.9201879501342773,211500
2017-12-05,7.579999923706055,7.849999904632568,7.429999828338623,7.46999979019165,3.8786489963531494,182700
2017-12-06,7.420000076293945,7.550000190734863,7.039999961853027,7.119999885559082,3.696918487548828,358700
2017-12-07,7.079999923706055,7.190000057220459,6.989999771118164,7.010000228881836,3.639802932739258,159600
2017-12-08,7.039999961853027,7.130000114440918,6.980000019073486,7.039999961853027,3.6553800106048584,211200
2017-12-11,7.050000190734863,7.650000095367432,7.050000190734863,7.5,3.894226551055908,302700
2017-12-12,7.5,7.900000095367432,7.5,7.869999885559082,4.08634090423584,195100
2017-12-13,7.949999809265137,8.199999809265137,7.829999923706055,8.100000381469727,4.2057647705078125,314400
2017-12-14,8.0600004196167,8.420000076293945,8.020000457763672,8.029999732971191,4.1694183349609375,316800
2017-12-15,8.0600004196167,8.390000343322754,8.020000457763672,8.25,4.283648490905762,527900
2017-12-18,8.289999961853027,8.720000267028809,8.260000228881836,8.520000457763672,4.423841953277588,230200
2017-12-19,8.539999961853027,8.670000076293945,8.130000114440918,8.180000305175781,4.247303485870361,173200
2017-12-20,8.1899995803833,8.289999961853027,7.860000133514404,7.889999866485596,4.096725940704346,602600
2017-12-21,7.900000095367432,8.210000038146973,7.849999904632568,8.180000305175781,4.247303485870361,418600
2017-12-22,8.140000343322754,8.460000038146973,8.140000343322754,8.350000381469727,4.335571765899658,165200
2017-12-26,8.300000190734863,8.4399995803833,8.300000190734863,8.390000343322754,4.356341361999512,129300
2017-12-27,8.420000076293945,8.5,8.100000381469727,8.100000381469727,4.2057647705078125,453100
2017-12-28,8.09000015258789,8.430000305175781,8.020000457763672,8.279999732971191,4.299225330352783,303300
2017-12-29,8.289999961853027,8.40999984741211,8.199999809265137,8.220000267028809,4.268072605133057,158900
2018-01-02,8.220000267028809,8.4399995803833,8.220000267028809,8.399999618530273,4.3615336418151855,267900
2018-01-03,8.40999984741211,8.5,8.180000305175781,8.229999542236328,4.273263931274414,236100
2018-01-04,8.239999771118164,8.475000381469727,8.239999771118164,8.40999984741211,4.366725444793701,223800
2018-01-05,8.399999618530273,8.47700023651123,8.069999694824219,8.100000381469727,4.2057647705078125,168100
2018-01-08,8.050000190734863,8.050000190734863,7.710000038146973,7.78000020980835,4.039610385894775,225600
2018-01-09,7.71999979019165,7.809999942779541,7.599999904632568,7.710000038146973,4.003264904022217,220600
2018-01-10,7.650000095367432,7.769999980926514,7.559999942779541,7.670000076293945,3.982494831085205,158000
2018-01-11,7.730000019073486,7.78000020980835,7.510000228881836,7.550000190734863,3.9201879501342773,147100
2018-01-12,7.610000133514404,7.889999866485596,7.491000175476074,7.78000020980835,4.039610385894775,305000
2018-01-16,7.800000190734863,8.0600004196167,7.650000095367432,7.690000057220459,3.992879867553711,175200
2018-01-17,7.730000019073486,7.730000019073486,7.5,7.659999847412109,3.9773027896881104,205200
2018-01-18,7.659999847412109,7.710000038146973,7.449999809265137,7.599999904632568,3.9461493492126465,280500
2018-01-19,7.519999980926514,7.559999942779541,7.28000020980835,7.300000190734863,3.7903800010681152,303200
2018-01-22,7.289999961853027,7.639999866485596,7.260000228881836,7.619999885559082,3.9565343856811523,169700
2018-01-23,7.599999904632568,7.75,7.570000171661377,7.699999809265137,3.9980721473693848,161000
2018-01-24,7.75,7.78000020980835,7.650000095367432,7.699999809265137,3.9980721473693848,142700
2018-01-25,7.710000038146973,7.739999771118164,7.630000114440918,7.699999809265137,3.9980721473693848,156000
2018-01-26,7.710000038146973,7.732999801635742,7.150000095367432,7.360000133514404,3.821533441543579,7337800
2018-01-29,7.400000095367432,7.920000076293945,7.400000095367432,7.690000057220459,3.992879867553711,527700
2018-01-30,7.71999979019165,7.829999923706055,7.46999979019165,7.75,4.024034023284912,443400
2018-01-31,7.75,7.75,7.480000019073486,7.639999866485596,3.9669182300567627,473500
2018-02-01,7.900000095367432,8.227999687194824,7.440000057220459,8.0,4.153841018676758,1026800
2018-02-02,7.909999847412109,8.109999656677246,7.800000190734863,7.929999828338623,4.117495059967041,463800
2018-02-05,7.929999828338623,8.199999809265137,7.849999904632568,7.909999847412109,4.107110977172852,468900
2018-02-06,7.820000171661377,8.079999923706055,7.71999979019165,8.0,4.153841018676758,441000
2018-02-07,8.0,8.125,7.789999961853027,7.929999828338623,4.117495059967041,355700
2018-02-08,7.940000057220459,7.940000057220459,7.5,7.510000228881836,3.8994193077087402,526100
2018-02-09,7.559999942779541,7.710000038146973,7.429999828338623,7.590000152587891,3.9409568309783936,559200
2018-02-12,7.670000076293945,8.050000190734863,7.539999961853027,7.860000133514404,4.081149578094482,319400
2018-02-13,7.78000020980835,7.789999961853027,7.429999828338623,7.46999979019165,3.8786489963531494,264900
2018-02-14,7.46999979019165,7.769999980926514,7.369999885559082,7.699999809265137,3.9980721473693848,321800
2018-02-15,7.760000228881836,7.849999904632568,7.579999923706055,7.739999771118164,4.01884126663208,311100
2018-02-16,7.659999847412109,7.730000019073486,7.5,7.539999961853027,3.914994955062866,271900
2018-02-20,7.510000228881836,7.659999847412109,7.317999839782715,7.369999885559082,3.826726198196411,271900
2018-02-21,7.389999866485596,7.53000020980835,7.340000152587891,7.369999885559082,3.826726198196411,168300
2018-02-22,7.420000076293945,7.550000190734863,7.380000114440918,7.420000076293945,3.8526880741119385,122400
2018-02-23,7.489999771118164,7.730000019073486,7.489999771118164,7.690000057220459,3.992879867553711,259100
2018-02-26,7.690000057220459,7.760000228881836,7.5,7.579999923706055,3.9357643127441406,86400
2018-02-27,7.570000171661377,7.650000095367432,7.489999771118164,7.510000228881836,3.8994193077087402,158100
2018-02-28,7.53000020980835,7.531000137329102,7.320000171661377,7.320000171661377,3.800764799118042,206100
2018-03-01,7.300000190734863,7.369999885559082,7.190000057220459,7.320000171661377,3.800764799118042,186900
2018-03-02,7.320000171661377,7.510000228881836,7.260000228881836,7.46999979019165,3.8786489963531494,120100
2018-03-05,7.449999809265137,7.690000057220459,7.449999809265137,7.590000152587891,3.9409568309783936,188200
2018-03-06,7.599999904632568,7.795000076293945,7.570000171661377,7.78000020980835,4.039610385894775,341700
2018-03-07,7.699999809265137,7.829999923706055,7.489999771118164,7.599999904632568,3.9461493492126465,168600
2018-03-08,7.590000152587891,7.599999904632568,7.5,7.570000171661377,3.930572509765625,193900
2018-03-09,7.630000114440918,7.789999961853027,7.389999866485596,7.769999980926514,4.034418106079102,243100
2018-03-12,7.760000228881836,7.949999809265137,7.760000228881836,7.940000057220459,4.122687816619873,133800
2018-03-13,7.949999809265137,8.0600004196167,7.809999942779541,7.860000133514404,4.081149578094482,171200
2018-03-14,7.860000133514404,7.929999828338623,7.679999828338623,7.920000076293945,4.112302780151367,108600
2018-03-15,7.929999828338623,8.0,7.710000038146973,7.739999771118164,4.01884126663208,109700
2018-03-16,7.769999980926514,8.0600004196167,7.739999771118164,8.020000457763672,4.1642255783081055,552100
2018-03-19,7.949999809265137,8.010000228881836,7.800000190734863,7.900000095367432,4.1019182205200195,151000
2018-03-20,7.940000057220459,7.949999809265137,7.690000057220459,7.71999979019165,4.008456707000732,130600
2018-03-21,7.760000228881836,8.050000190734863,7.710000038146973,7.929999828338623,4.117495059967041,246300
2018-03-22,7.829999923706055,7.920000076293945,7.699999809265137,7.699999809265137,3.9980721473693848,129300
2018-03-23,7.699999809265137,7.699999809265137,7.460000038146973,7.489999771118164,3.8890340328216553,147300
2018-03-26,7.559999942779541,7.639999866485596,7.429999828338623,7.639999866485596,3.9669182300567627,232400
2018-03-27,7.659999847412109,7.889999866485596,7.579999923706055,7.619999885559082,3.9565343856811523,322400
2018-03-28,7.650000095367432,7.730000019073486,7.369999885559082,7.489999771118164,3.8890340328216553,314200
2018-03-29,7.489999771118164,7.550000190734863,7.425000190734863,7.489999771118164,3.8890340328216553,204200
2018-04-02,7.489999771118164,7.579999923706055,7.420000076293945,7.559999942779541,3.925379991531372,199500
2018-04-03,7.590000152587891,7.75,7.5,7.710000038146973,4.003264904022217,189900
2018-04-04,7.610000133514404,7.650000095367432,7.46999979019165,7.510000228881836,3.8994193077087402,438000
2018-04-05,7.539999961853027,7.739999771118164,7.519999980926514,7.690000057220459,3.992879867553711,444500
2018-04-06,7.619999885559082,7.71999979019165,7.489999771118164,7.670000076293945,3.982494831085205,249600
2018-04-09,7.670000076293945,7.849999904632568,7.619999885559082,7.75,4.024034023284912,164300
2018-04-10,7.829999923706055,7.929999828338623,7.760000228881836,7.880000114440918,4.09153413772583,214900
2018-04-11,7.900000095367432,8.09000015258789,7.860000133514404,7.909999847412109,4.107110977172852,245800
2018-04-12,7.920000076293945,7.949999809265137,7.789999961853027,7.840000152587891,4.070765018463135,153400
2018-04-13,7.880000114440918,8.0600004196167,7.78000020980835,8.010000228881836,4.15903377532959,231300
2018-04-16,8.029999732971191,8.069999694824219,7.900000095367432,7.960000038146973,4.1330718994140625,150700
2018-04-17,8.0,8.119999885559082,8.0,8.029999732971191,4.1694183349609375,290600
2018-04-18,8.069999694824219,8.15999984741211,8.0,8.020000457763672,4.1642255783081055,319600
2018-04-19,8.050000190734863,8.180000305175781,8.050000190734863,8.130000114440918,4.221340656280518,254100
2018-04-20,8.100000381469727,8.170000076293945,8.010000228881836,8.100000381469727,4.2057647705078125,181600
2018-04-23,8.069999694824219,8.109999656677246,7.909999847412109,7.989999771118164,4.148649215698242,104100
2018-04-24,8.0,8.0,7.550000190734863,7.570000171661377,3.930572509765625,233500
2018-04-25,7.550000190734863,7.639999866485596,7.409999847412109,7.599999904632568,3.9461493492126465,200900
2018-04-26,7.659999847412109,7.659999847412109,7.449999809265137,7.46999979019165,3.8786489963531494,147800
2018-04-27,7.440000057220459,7.440000057220459,7.28000020980835,7.300000190734863,3.7903800010681152,190000
2018-04-30,7.28000020980835,7.300000190734863,7.110000133514404,7.190000057220459,3.733264446258545,197100
2018-05-01,7.210000038146973,7.269999980926514,7.150000095367432,7.190000057220459,3.733264446258545,123800
2018-05-02,7.199999809265137,7.360000133514404,7.199999809265137,7.269999980926514,3.774803400039673,98300
2018-05-03,7.239999771118164,7.340000152587891,7.110000133514404,7.150000095367432,3.712496280670166,91600
2018-05-04,7.110000133514404,7.159999847412109,7.059999942779541,7.110000133514404,3.6917266845703125,124200
2018-05-07,7.179999828338623,7.329999923706055,7.130000114440918,7.150000095367432,3.712496280670166,164000
2018-05-08,7.159999847412109,7.210000038146973,7.099999904632568,7.170000076293945,3.7228803634643555,458300
2018-05-09,7.25,7.539999961853027,7.25,7.380000114440918,3.831918954849243,153400
2018-05-10,7.409999847412109,7.449999809265137,7.25,7.320000171661377,3.800764799118042,102200
2018-05-11,7.320000171661377,7.400000095367432,7.260000228881836,7.269999980926514,3.774803400039673,108700
2018-05-14,7.28000020980835,7.340000152587891,7.204999923706055,7.210000038146973,3.743649482727051,70900
2018-05-15,7.210000038146973,7.260000228881836,7.159999847412109,7.199999809265137,3.7384564876556396,85200
2018-05-16,7.199999809265137,7.25,7.170000076293945,7.21999979019165,3.7488420009613037,132200
2018-05-17,7.21999979019165,7.269999980926514,7.159999847412109,7.230000019073486,3.7540340423583984,84700
2018-05-18,7.269999980926514,7.269999980926514,7.039999961853027,7.070000171661377,3.670957088470459,133000
2018-05-21,7.119999885559082,7.150000095367432,7.0,7.090000152587891,3.681342124938965,85400
2018-05-22,7.079999923706055,7.159999847412109,7.03000020980835,7.059999942779541,3.665764570236206,82100
2018-05-23,7.130000114440918,7.159999847412109,7.0,7.159999847412109,3.7176880836486816,99200
2018-05-24,7.119999885559082,7.179999828338623,7.019999980926514,7.099999904632568,3.6865339279174805,78800
2018-05-25,7.070000171661377,7.070000171661377,6.869999885559082,6.960000038146973,3.6138417720794678,112000
2018-05-29,6.940000057220459,7.559999942779541,6.929999828338623,7.320000171661377,3.800764799118042,797400
2018-05-30,7.699999809265137,8.550000190734863,7.599999904632568,8.40999984741211,4.366725444793701,957800
2018-05-31,8.380000114440918,8.600000381469727,7.900000095367432,8.079999923706055,4.195380210876465,439700
2018-06-01,8.130000114440918,8.479999542236328,8.130000114440918,8.279999732971191,4.299225330352783,287300
2018-06-04,8.34000015258789,8.430000305175781,8.09000015258789,8.1899995803833,4.252495288848877,203700
2018-06-05,8.149999618530273,8.149999618530273,7.849999904632568,7.989999771118164,4.148649215698242,193700
2018-06-06,8.0,8.289999961853027,8.0,8.149999618530273,4.231725215911865,158100
2018-06-07,8.199999809265137,8.449999809265137,8.199999809265137,8.3100004196167,4.314802646636963,140300
2018-06-08,8.380000114440918,8.6899995803833,8.329999923706055,8.4399995803833,4.382302284240723,275800
2018-06-11,8.550000190734863,8.789999961853027,8.329999923706055,8.699999809265137,4.5173020362854,424500
2018-06-12,8.680000305175781,8.680000305175781,8.3100004196167,8.420000076293945,4.371918201446533,167400
2018-06-13,8.4399995803833,8.649999618530273,8.359999656677246,8.40999984741211,4.366725444793701,166900
2018-06-14,8.40999984741211,8.529999732971191,8.350000381469727,8.470000267028809,4.397879600524902,185200
2018-06-15,8.34000015258789,8.4399995803833,8.050000190734863,8.359999656677246,4.340763568878174,479800
2018-06-18,8.270000457763672,8.359999656677246,7.860000133514404,7.869999885559082,4.08634090423584,310400
2018-06-19,7.78000020980835,7.900000095367432,7.5,7.619999885559082,3.9565343856811523,315600
2018-06-20,7.659999847412109,8.039999961853027,7.639999866485596,7.980000019073486,4.143456935882568,205700
2018-06-21,7.980000019073486,8.100000381469727,7.949999809265137,8.0600004196167,4.184995651245117,232300
2018-06-22,8.199999809265137,8.449999809265137,8.180000305175781,8.399999618530273,4.3615336418151855,637300
2018-06-25,8.399999618530273,8.399999618530273,8.09000015258789,8.100000381469727,4.2057647705078125,418100
2018-06-26,8.109999656677246,8.180000305175781,7.900000095367432,8.050000190734863,4.179802894592285,160200
2018-06-27,8.09000015258789,8.15999984741211,7.949999809265137,7.960000038146973,4.1330718994140625,139400
2018-06-28,8.0,8.0,7.809999942779541,7.820000171661377,4.060379505157471,259000
2018-06-29,7.849999904632568,7.869999885559082,7.610000133514404,7.639999866485596,3.9669182300567627,209900
2018-07-02,7.570000171661377,7.639999866485596,7.400000095367432,7.449999809265137,3.868264675140381,129100
2018-07-03,7.46999979019165,7.710000038146973,7.420000076293945,7.480000019073486,3.8838412761688232,116900
2018-07-05,7.559999942779541,7.820000171661377,7.559999942779541,7.659999847412109,3.9773027896881104,124900
2018-07-06,7.829999923706055,8.390000343322754,7.760000228881836,7.980000019073486,4.143456935882568,331600
2018-07-09,8.279999732971191,8.34000015258789,8.0600004196167,8.210000038146973,4.262879848480225,374200
2018-07-10,8.1899995803833,8.350000381469727,7.880000114440918,7.960000038146973,4.1330718994140625,255700
2018-07-11,7.880000114440918,7.980000019073486,7.679999828338623,7.699999809265137,3.9980721473693848,180800
2018-07-12,7.699999809265137,7.929999828338623,7.610000133514404,7.820000171661377,4.060379505157471,417600
2018-07-13,7.800000190734863,7.989999771118164,7.670000076293945,7.909999847412109,4.107110977172852,300800
2018-07-16,7.920000076293945,8.069999694824219,7.599999904632568,7.619999885559082,3.9565343856811523,188800
2018-07-17,7.619999885559082,7.659999847412109,7.510000228881836,7.630000114440918,3.961726665496826,210200
2018-07-18,7.659999847412109,7.900000095367432,7.519999980926514,7.860000133514404,4.081149578094482,179600
2018-07-19,7.789999961853027,8.029999732971191,7.789999961853027,7.860000133514404,4.081149578094482,170700
2018-07-20,7.849999904632568,8.020000457763672,7.760000228881836,7.800000190734863,4.049994945526123,114800
2018-07-23,7.789999961853027,8.229999542236328,7.75,8.170000076293945,4.242110729217529,183900
2018-07-24,8.1899995803833,8.260000228881836,8.050000190734863,8.050000190734863,4.179802894592285,160500
2018-07-25,8.0600004196167,8.15999984741211,7.989999771118164,8.09000015258789,4.200572490692139,74800
2018-07-26,8.069999694824219,8.329999923706055,8.069999694824219,8.25,4.283648490905762,117500
2018-07-27,8.289999961853027,8.359999656677246,8.199999809265137,8.279999732971191,4.299225330352783,95800
2018-07-30,8.359999656677246,8.720000267028809,8.0600004196167,8.59000015258789,4.46018648147583,172100
2018-07-31,8.600000381469727,8.800000190734863,8.460000038146973,8.5,4.413456439971924,129400
2018-08-01,8.430000305175781,8.5,8.3100004196167,8.430000305175781,4.377110004425049,151200
2018-08-02,8.430000305175781,8.630000114440918,8.329999923706055,8.5600004196167,4.444610595703125,57700
2018-08-03,8.5,8.5,8.279999732971191,8.3100004196167,4.314802646636963,69500
2018-08-06,8.359999656677246,8.369999885559082,8.1899995803833,8.220000267028809,4.268072605133057,56300
2018-08-07,8.270000457763672,8.3100004196167,8.100000381469727,8.140000343322754,4.22653341293335,46900
2018-08-08,8.270000457763672,8.270000457763672,7.940000057220459,8.0600004196167,4.184995651245117,83900
2018-08-09,7.619999885559082,7.980000019073486,7.619999885559082,7.760000228881836,4.029226303100586,166600
2018-08-10,7.760000228881836,7.809999942779541,7.630000114440918,7.75,4.024034023284912,95800
2018-08-13,7.75,7.806000232696533,7.510000228881836,7.710000038146973,4.003264904022217,98500
2018-08-14,7.739999771118164,7.739999771118164,7.559999942779541,7.610000133514404,3.9513418674468994,72000
2018-08-15,7.599999904632568,7.78000020980835,7.170000076293945,7.380000114440918,3.831918954849243,277400
2018-08-16,7.380000114440918,7.545000076293945,7.320000171661377,7.389999866485596,3.837110757827759,222400
2018-08-17,7.400000095367432,7.548999786376953,7.349999904632568,7.5,3.894226551055908,93600
2018-08-20,7.489999771118164,7.53000020980835,7.289999961853027,7.5,3.894226551055908,139000
2018-08-21,7.5,7.739999771118164,7.5,7.550000190734863,3.9201879501342773,78700
2018-08-22,7.559999942779541,7.75,7.550000190734863,7.619999885559082,3.9565343856811523,57100
2018-08-23,7.599999904632568,7.75,7.550000190734863,7.730000019073486,4.0136494636535645,55600
2018-08-24,7.789999961853027,8.029999732971191,7.789999961853027,7.820000171661377,4.060379505157471,87300
2018-08-27,7.829999923706055,7.980000019073486,7.829999923706055,7.920000076293945,4.112302780151367,69700
2018-08-28,7.900000095367432,7.96999979019165,7.75,7.800000190734863,4.049994945526123,75400
2018-08-29,7.820000171661377,7.929999828338623,7.769999980926514,7.920000076293945,4.112302780151367,42600
2018-08-30,7.929999828338623,7.929999828338623,7.739999771118164,7.909999847412109,4.107110977172852,64000
2018-08-31,7.860000133514404,7.869999885559082,7.610000133514404,7.619999885559082,3.9565343856811523,91500
2018-09-04,7.690000057220459,7.769999980926514,7.340000152587891,7.46999979019165,3.8786489963531494,96300
2018-09-05,7.480000019073486,7.480000019073486,7.269999980926514,7.320000171661377,3.800764799118042,121500
2018-09-06,7.340000152587891,7.420000076293945,7.28000020980835,7.389999866485596,3.837110757827759,133200
2018-09-07,7.320000171661377,7.559999942779541,7.320000171661377,7.539999961853027,3.914994955062866,84900
2018-09-10,7.559999942779541,7.710000038146973,7.519999980926514,7.610000133514404,3.9513418674468994,64600
2018-09-11,7.579999923706055,7.730000019073486,7.579999923706055,7.639999866485596,3.9669182300567627,54300
2018-09-12,7.639999866485596,7.78000020980835,7.567999839782715,7.599999904632568,3.9461493492126465,74800
2018-09-13,7.610000133514404,7.650000095367432,7.269999980926514,7.300000190734863,3.7903800010681152,74000
2018-09-14,7.289999961853027,7.570000171661377,7.289999961853027,7.380000114440918,3.831918954849243,75700
2018-09-17,7.25,7.389999866485596,7.125,7.179999828338623,3.7280726432800293,61200
2018-09-18,7.210000038146973,7.590000152587891,7.199999809265137,7.510000228881836,3.8994193077087402,100400
2018-09-19,7.519999980926514,7.75,7.409999847412109,7.570000171661377,3.930572509765625,133700
2018-09-20,7.639999866485596,7.849999904632568,7.639999866485596,7.789999961853027,4.044803142547607,118400
2018-09-21,7.789999961853027,8.0,7.670000076293945,7.670000076293945,3.982494831085205,418700
2018-09-24,7.690000057220459,7.929999828338623,7.690000057220459,7.809999942779541,4.055187702178955,163400
2018-09-25,7.789999961853027,8.0,7.75,7.789999961853027,4.044803142547607,90800
2018-09-26,7.78000020980835,7.829999923706055,7.630000114440918,7.650000095367432,3.9721102714538574,102400
2018-09-27,7.699999809265137,7.980000019073486,7.690000057220459,7.960000038146973,4.1330718994140625,110100
2018-09-28,8.0,8.121000289916992,7.860000133514404,7.96999979019165,4.138264179229736,316600
2018-10-01,8.050000190734863,8.350000381469727,8.050000190734863,8.130000114440918,4.221340656280518,167400
2018-10-02,8.149999618530273,8.260000228881836,7.900000095367432,7.929999828338623,4.117495059967041,100100
2018-10-03,7.909999847412109,7.980000019073486,7.789999961853027,7.829999923706055,4.065572738647461,85300
2018-10-04,7.820000171661377,8.069999694824219,7.800000190734863,7.960000038146973,4.1330718994140625,123500
2018-10-05,7.980000019073486,8.069999694824219,7.861000061035156,7.980000019073486,4.143456935882568,63900
2018-10-08,7.989999771118164,8.039999961853027,7.5,7.559999942779541,3.925379991531372,154800
2018-10-09,7.579999923706055,7.75,7.519999980926514,7.630000114440918,3.961726665496826,93700
2018-10-10,7.659999847412109,7.690000057220459,7.349999904632568,7.369999885559082,3.826726198196411,124700
2018-10-11,7.320000171661377,7.800000190734863,7.320000171661377,7.409999847412109,3.8474953174591064,120700
2018-10-12,7.53000020980835,7.699999809265137,7.489999771118164,7.670000076293945,3.982494831085205,121100
2018-10-15,7.650000095367432,7.829999923706055,7.480000019073486,7.650000095367432,3.9721102714538574,127000
2018-10-16,7.690000057220459,7.96999979019165,7.590000152587891,7.860000133514404,4.081149578094482,110700
2018-10-17,7.820000171661377,7.900000095367432,7.739999771118164,7.800000190734863,4.049994945526123,39500
2018-10-18,7.699999809265137,7.920000076293945,7.639999866485596,7.849999904632568,4.075956344604492,128700
2018-10-19,7.860000133514404,7.980000019073486,7.829999923706055,7.900000095367432,4.1019182205200195,159400
2018-10-22,7.929999828338623,8.069999694824219,7.900000095367432,7.949999809265137,4.127880096435547,105900
2018-10-23,7.869999885559082,7.980000019073486,7.75,7.880000114440918,4.09153413772583,122000
2018-10-24,8.029999732971191,8.0600004196167,7.789999961853027,7.809999942779541,4.055187702178955,139300
2018-10-25,7.909999847412109,8.154999732971191,7.860000133514404,8.109999656677246,4.210956573486328,202000
2018-10-26,8.069999694824219,8.210000038146973,7.929999828338623,8.1899995803833,4.252495288848877,226200
2018-10-29,8.199999809265137,8.199999809265137,7.619999885559082,7.730000019073486,4.0136494636535645,150200
2018-10-30,7.789999961853027,7.909999847412109,7.619999885559082,7.789999961853027,4.044803142547607,106400
2018-10-31,7.590000152587891,8.0600004196167,7.590000152587891,7.949999809265137,4.127880096435547,141600
2018-11-01,8.0,8.15999984741211,7.840000152587891,7.869999885559082,4.08634090423584,163800
2018-11-02,7.920000076293945,8.199999809265137,7.829999923706055,8.079999923706055,4.195380210876465,176500
2018-11-05,8.079999923706055,8.149999618530273,7.916999816894531,8.020000457763672,4.1642255783081055,80200
2018-11-06,8.0600004196167,8.270000457763672,7.989999771118164,8.1899995803833,4.252495288848877,131900
2018-11-07,8.25,8.354999542236328,8.149999618530273,8.319999694824219,4.319994926452637,123700
2018-11-08,8.25,8.300000190734863,8.069999694824219,8.170000076293945,4.242110729217529,77200
2018-11-09,8.09000015258789,8.09000015258789,7.480000019073486,7.489999771118164,3.8890340328216553,121500
2018-11-12,7.539999961853027,7.670000076293945,7.400000095367432,7.519999980926514,3.9046103954315186,90200
2018-11-13,7.570000171661377,7.659999847412109,7.409999847412109,7.539999961853027,3.914994955062866,79500
2018-11-14,7.639999866485596,7.679999828338623,7.449999809265137,7.579999923706055,3.9357643127441406,71700
2018-11-15,7.53000020980835,7.650000095367432,7.340000152587891,7.579999923706055,3.9357643127441406,56200
2018-11-16,7.559999942779541,7.570000171661377,7.360000133514404,7.489999771118164,3.8890340328216553,102700
2018-11-19,7.429999828338623,7.480000019073486,7.269999980926514,7.28000020980835,3.7799956798553467,166600
2018-11-20,7.239999771118164,7.284999847412109,6.849999904632568,6.929999828338623,3.5982649326324463,168700
2018-11-21,7.019999980926514,7.329999923706055,6.980000019073486,7.269999980926514,3.774803400039673,108000
2018-11-23,7.179999828338623,7.210000038146973,6.949999809265137,7.0,3.634611129760742,73800
2018-11-26,7.050000190734863,7.349999904632568,7.039999961853027,7.260000228881836,3.769611120223999,81900
2018-11-27,7.190000057220459,7.409999847412109,7.190000057220459,7.300000190734863,3.7903800010681152,70100
2018-11-28,7.329999923706055,7.5,7.159999847412109,7.380000114440918,3.831918954849243,57200
2018-11-29,7.360000133514404,7.429999828338623,7.170000076293945,7.190000057220459,3.733264446258545,70800
2018-11-30,7.130000114440918,7.223999977111816,7.0,7.03000020980835,3.650188446044922,120100
2018-12-03,7.320000171661377,7.380000114440918,6.960000038146973,7.130000114440918,3.70211124420166,230800
2018-12-04,7.139999866485596,7.289999961853027,6.869999885559082,6.889999866485596,3.5774953365325928,171000
2018-12-06,6.800000190734863,6.849999904632568,6.559999942779541,6.670000076293945,3.4632651805877686,145200
2018-12-07,6.699999809265137,6.820000171661377,6.579999923706055,6.579999923706055,3.416534423828125,86700
2018-12-10,6.739999771118164,6.75,6.340000152587891,6.559999942779541,3.4061496257781982,109400
2018-12-11,6.630000114440918,6.695000171661377,6.519999980926514,6.599999904632568,3.4269187450408936,94800
2018-12-12,6.699999809265137,6.790999889373779,6.639999866485596,6.670000076293945,3.4632651805877686,58800
2018-12-13,6.581999778747559,6.630000114440918,6.400000095367432,6.46999979019165,3.359419345855713,61400
2018-12-14,6.400000095367432,6.440000057220459,6.21999979019165,6.260000228881836,3.2503809928894043,111000
2018-12-17,6.260000228881836,6.284999847412109,6.039999961853027,6.139999866485596,3.188072919845581,182600
2018-12-18,6.190000057220459,6.210000038146973,6.039999961853027,6.050000190734863,3.1413426399230957,109500
2018-12-19,6.079999923706055,6.230000019073486,5.820000171661377,5.880000114440918,3.0530736446380615,231600
2018-12-20,5.809999942779541,5.90500020980835,5.659999847412109,5.690000057220459,2.9544200897216797,192500
2018-12-21,5.650000095367432,6.010000228881836,5.650000095367432,5.900000095367432,3.063458204269409,240800
2018-12-24,5.869999885559082,6.010000228881836,5.75,5.75,2.9855735301971436,114700
2018-12-26,5.78000020980835,5.849999904632568,5.599999904632568,5.809999942779541,3.0167269706726074,159200
2018-12-27,5.710000038146973,5.760000228881836,5.599999904632568,5.75,2.9855735301971436,111800
2018-12-28,5.800000190734863,5.920000076293945,5.710000038146973,5.829999923706055,3.027111768722534,186600
2018-12-31,5.849999904632568,5.900000095367432,5.800000190734863,5.829999923706055,3.027111768722534,162800
2019-01-02,5.769999980926514,5.889999866485596,5.519999980926514,5.820000171661377,3.0219199657440186,330300
2019-01-03,5.769999980926514,5.820000171661377,5.679999828338623,5.739999771118164,2.9803810119628906,305700
2019-01-04,5.800000190734863,6.130000114440918,5.760000228881836,6.070000171661377,3.1517276763916016,457000
2019-01-07,6.050000190734863,6.25,6.010000228881836,6.190000057220459,3.2140347957611084,184300
2019-01-08,6.21999979019165,6.46999979019165,6.159999847412109,6.420000076293945,3.3334577083587646,340700
2019-01-09,6.5,6.579999923706055,6.449999809265137,6.5,3.3749964237213135,161500
2019-01-10,6.409999847412109,6.440000057220459,6.199999809265137,6.380000114440918,3.3126885890960693,144100
2019-01-11,6.320000171661377,6.449999809265137,6.230000019073486,6.340000152587891,3.291919231414795,151600
2019-01-14,6.28000020980835,6.409999847412109,6.25,6.309999942779541,3.2763419151306152,73900
2019-01-15,6.340000152587891,6.349999904632568,6.248000144958496,6.300000190734863,3.2711503505706787,75800
2019-01-16,6.300000190734863,6.340000152587891,6.239999771118164,6.309999942779541,3.2763419151306152,85100
2019-01-17,6.25,6.335000038146973,6.050000190734863,6.079999923706055,3.156919479370117,107700
2019-01-18,6.139999866485596,6.175000190734863,6.050000190734863,6.090000152587891,3.16211199760437,173300
2019-01-22,6.019999980926514,6.03000020980835,5.570000171661377,5.610000133514404,2.912881374359131,159700
2019-01-23,5.699999809265137,5.710000038146973,5.53000020980835,5.599999904632568,2.907689332962036,212200
2019-01-24,5.599999904632568,5.679999828338623,5.400000095367432,5.679999828338623,2.9492268562316895,253600
2019-01-25,5.71999979019165,5.90500020980835,5.710000038146973,5.800000190734863,3.011535167694092,87600
2019-01-28,5.789999961853027,5.96999979019165,5.489999771118164,5.570000171661377,2.8921120166778564,119000
2019-01-29,5.599999904632568,5.650000095367432,5.53000020980835,5.539999961853027,2.876535177230835,89200
2019-01-30,5.519999980926514,5.579999923706055,5.400000095367432,5.440000057220459,2.8246121406555176,203500
2019-01-31,5.440000057220459,5.53000020980835,5.440000057220459,5.480000019073486,2.845381259918213,118100
2019-02-01,5.460000038146973,5.670000076293945,5.380000114440918,5.53000020980835,2.871342658996582,142800
2019-02-04,5.75,5.880000114440918,5.559999942779541,5.610000133514404,2.912881374359131,143800
2019-02-05,5.760000228881836,5.820000171661377,5.619999885559082,5.690000057220459,2.9544200897216797,101600
2019-02-06,5.639999866485596,5.659999847412109,5.510000228881836,5.570000171661377,2.8921120166778564,123000
2019-02-07,5.519999980926514,5.539999961853027,5.320000171661377,5.329999923706055,2.767496347427368,105800
2019-02-08,5.480000019073486,5.710000038146973,5.349999904632568,5.610000133514404,2.912881374359131,233400
2019-02-11,5.599999904632568,5.789999961853027,5.590000152587891,5.730000019073486,2.975188970565796,98300
2019-02-12,5.760000228881836,5.840000152587891,5.679999828338623,5.760000228881836,2.9907655715942383,103200
2019-02-13,5.840000152587891,5.940000057220459,5.769999980926514,5.849999904632568,3.0374958515167236,63300
2019-02-14,5.800000190734863,6.170000076293945,5.800000190734863,6.090000152587891,3.16211199760437,531500
2019-02-15,6.139999866485596,6.239999771118164,6.059999942779541,6.099999904632568,3.167304277420044,122200
2019-02-19,6.099999904632568,6.309999942779541,6.079999923706055,6.199999809265137,3.2192270755767822,209900
2019-02-20,6.199999809265137,6.284999847412109,6.179999828338623,6.239999771118164,3.2399961948394775,126200
2019-02-21,6.210000038146973,6.239999771118164,6.039999961853027,6.099999904632568,3.167304277420044,90100
2019-02-22,6.139999866485596,6.184999942779541,5.989999771118164,6.130000114440918,3.1828806400299072,153200
2019-02-25,6.110000133514404,6.159999847412109,6.050000190734863,6.079999923706055,3.156919479370117,76900
2019-02-26,6.190000057220459,6.190000057220459,5.989999771118164,5.989999771118164,3.1101887226104736,99500
2019-02-27,5.989999771118164,6.039999961853027,5.880000114440918,6.0,3.1153807640075684,89000
2019-02-28,6.010000228881836,6.010000228881836,5.809999942779541,5.900000095367432,3.063458204269409,158200
2019-03-01,5.929999828338623,5.965000152587891,5.71999979019165,5.75,2.9855735301971436,93700
2019-03-04,5.75,5.75,5.590000152587891,5.619999885559082,2.9180736541748047,127200
2019-03-05,5.599999904632568,5.710000038146973,5.550000190734863,5.630000114440918,2.9232659339904785,131100
2019-03-06,5.610000133514404,5.695000171661377,5.466000080108643,5.519999980926514,2.866150379180908,131500
2019-03-07,5.5,5.519999980926514,5.309999942779541,5.429999828338623,2.8194193840026855,157300
2019-03-08,5.400000095367432,5.400000095367432,5.260000228881836,5.289999961853027,2.746727466583252,147700
2019-03-11,5.320000171661377,5.360000133514404,5.269000053405762,5.340000152587891,2.7726891040802,210000
2019-03-12,5.329999923706055,5.59499979019165,5.329999923706055,5.53000020980835,2.871342658996582,189700
2019-03-13,5.559999942779541,5.619999885559082,5.460000038146973,5.46999979019165,2.8401894569396973,94500
2019-03-14,5.46999979019165,5.639999866485596,5.46999979019165,5.579999923706055,2.8973045349121094,88300
2019-03-15,5.599999904632568,5.78000020980835,5.599999904632568,5.769999980926514,2.995957851409912,225100
2019-03-18,5.769999980926514,5.860000133514404,5.730000019073486,5.739999771118164,2.9803810119628906,48300
2019-03-19,5.760000228881836,5.809999942779541,5.659999847412109,5.710000038146973,2.9648046493530273,93600
2019-03-20,5.710000038146973,5.900000095367432,5.690000057220459,5.880000114440918,3.0530736446380615,236300
2019-03-21,5.869999885559082,6.130000114440918,5.869999885559082,6.099999904632568,3.167304277420044,84400
2019-03-22,6.03000020980835,6.099999904632568,5.860000133514404,5.920000076293945,3.073843240737915,106300
2019-03-25,5.889999866485596,5.909999847412109,5.75,5.820000171661377,3.0219199657440186,53600
2019-03-26,5.860000133514404,5.949999809265137,5.829999923706055,5.889999866485596,3.058265447616577,49800
2019-03-27,5.889999866485596,6.170000076293945,5.78000020980835,6.130000114440918,3.1828806400299072,180700
2019-03-28,6.099999904632568,6.170000076293945,5.820000171661377,6.010000228881836,3.1205732822418213,181900
2019-03-29,6.079999923706055,6.53000020980835,6.079999923706055,6.420000076293945,3.3334577083587646,262200
2019-04-01,6.5,6.610000133514404,6.460000038146973,6.539999961853027,3.395765542984009,108700
2019-04-02,6.659999847412109,6.78000020980835,6.550000190734863,6.75,3.5048038959503174,147000
2019-04-03,6.820000171661377,7.150000095367432,6.820000171661377,7.070000171661377,3.670957088470459,221700
2019-04-04,7.059999942779541,7.329999923706055,7.059999942779541,7.21999979019165,3.7488420009613037,254900
2019-04-05,7.260000228881836,7.75,7.230000019073486,7.690000057220459,3.992879867553711,357700
2019-04-08,7.710000038146973,8.029999732971191,7.684999942779541,7.949999809265137,4.127880096435547,342000
2019-04-09,8.069999694824219,8.350000381469727,7.809999942779541,8.210000038146973,4.262879848480225,321000
2019-04-10,8.210000038146973,8.289999961853027,7.809999942779541,8.220000267028809,4.268072605133057,309400
2019-04-11,8.199999809265137,8.279999732971191,7.989999771118164,8.0600004196167,4.184995651245117,233300
2019-04-12,8.100000381469727,8.25,7.769999980926514,7.880000114440918,4.09153413772583,178700
2019-04-15,7.860000133514404,7.980000019073486,7.769999980926514,7.849999904632568,4.075956344604492,135100
2019-04-16,7.880000114440918,7.900000095367432,7.670000076293945,7.820000171661377,4.060379505157471,165900
2019-04-17,7.849999904632568,8.050000190734863,7.829999923706055,7.909999847412109,4.107110977172852,108900
2019-04-18,7.900000095367432,8.010000228881836,7.860000133514404,7.949999809265137,4.127880096435547,148400
2019-04-22,7.989999771118164,8.039999961853027,7.840000152587891,7.960000038146973,4.1330718994140625,82400
2019-04-23,8.199999809265137,8.609999656677246,8.149999618530273,8.569999694824219,4.449802398681641,508900
2019-04-24,8.59000015258789,8.619999885559082,8.350000381469727,8.390000343322754,4.356341361999512,580200
2019-04-25,8.399999618530273,8.479999542236328,8.300000190734863,8.34000015258789,4.330379962921143,149000
2019-04-26,8.279999732971191,8.3100004196167,8.029999732971191,8.130000114440918,4.221340656280518,150200
2019-04-29,8.130000114440918,8.274999618530273,7.980000019073486,8.1899995803833,4.252495288848877,132000
2019-04-30,8.140000343322754,8.25,7.96999979019165,8.020000457763672,4.1642255783081055,213600
2019-05-01,8.039999961853027,8.119999885559082,7.889999866485596,7.980000019073486,4.143456935882568,133000
2019-05-02,7.949999809265137,7.97599983215332,7.730999946594238,7.849999904632568,4.075956344604492,122900
2019-05-03,7.860000133514404,8.130000114440918,7.840000152587891,8.0,4.153841018676758,224100
2019-05-06,7.960000038146973,7.96999979019165,7.829999923706055,7.900000095367432,4.1019182205200195,91900
2019-05-07,7.820000171661377,7.949999809265137,7.769999980926514,7.880000114440918,4.09153413772583,226000
2019-05-08,7.909999847412109,8.029999732971191,7.739999771118164,7.840000152587891,4.070765018463135,64600
2019-05-09,7.769999980926514,7.860000133514404,7.449999809265137,7.769999980926514,4.034418106079102,187400
2019-05-10,7.686999797821045,7.829999923706055,7.650000095367432,7.710000038146973,4.003264904022217,56800
2019-05-13,7.650000095367432,7.650000095367432,7.329999923706055,7.380000114440918,3.831918954849243,83500
2019-05-14,7.429999828338623,7.949999809265137,7.400000095367432,7.889999866485596,4.096725940704346,140000
2019-05-15,7.849999904632568,7.889999866485596,7.730000019073486,7.789999961853027,4.044803142547607,65500
2019-05-16,7.789999961853027,7.989999771118164,7.699999809265137,7.71999979019165,4.008456707000732,102300
2019-05-17,7.659999847412109,7.78000020980835,7.659999847412109,7.710000038146973,4.003264904022217,106000
2019-05-20,7.900000095367432,8.289999961853027,7.900000095367432,7.980000019073486,4.143456935882568,294100
2019-05-21,8.0,8.100000381469727,7.960000038146973,8.0,4.153841018676758,126000
2019-05-22,7.929999828338623,8.256999969482422,7.929999828338623,8.130000114440918,4.221340656280518,732200
2019-05-23,7.809999942779541,7.900000095367432,6.610000133514404,6.789999961853027,3.5255725383758545,799800
2019-05-24,6.860000133514404,7.480000019073486,6.849999904632568,7.409999847412109,3.8474953174591064,438900
2019-05-28,7.409999847412109,7.590000152587891,7.329999923706055,7.510000228881836,3.8994193077087402,349400
2019-05-29,7.409999847412109,7.409999847412109,7.059999942779541,7.340000152587891,3.8111493587493896,304600
2019-05-30,7.349999904632568,7.5,7.230000019073486,7.440000057220459,3.863072395324707,171600
2019-05-31,7.309999942779541,7.409999847412109,7.019999980926514,7.059999942779541,3.665764570236206,255500
2019-06-03,7.059999942779541,7.340000152587891,7.010000228881836,7.289999961853027,3.7851877212524414,237500
2019-06-04,7.409999847412109,7.650000095367432,7.320000171661377,7.650000095367432,3.9721102714538574,273800
2019-06-05,7.670000076293945,7.900000095367432,7.630000114440918,7.800000190734863,4.049994945526123,222800
2019-06-06,7.840000152587891,8.270000457763672,7.840000152587891,7.980000019073486,4.143456935882568,321600
2019-06-07,8.029999732971191,8.130000114440918,7.869999885559082,7.869999885559082,4.08634090423584,210200
2019-06-10,7.869999885559082,8.020000457763672,7.699999809265137,7.75,4.024034023284912,167300
2019-06-11,7.840000152587891,7.960000038146973,7.769999980926514,7.900000095367432,4.1019182205200195,206900
2019-06-12,7.809999942779541,7.809999942779541,7.639999866485596,7.75,4.024034023284912,143100
2019-06-13,7.900000095367432,8.170000076293945,7.860000133514404,8.050000190734863,4.179802894592285,371800
2019-06-14,8.09000015258789,8.520000457763672,7.989999771118164,8.300000190734863,4.309610843658447,397000
2019-06-17,8.420000076293945,8.739999771118164,8.420000076293945,8.609999656677246,4.470571041107178,348400
2019-06-18,8.609999656677246,8.829999923706055,8.579999923706055,8.779999732971191,4.558841228485107,230300
2019-06-19,8.8100004196167,9.229999542236328,8.8100004196167,9.140000343322754,4.745764255523682,398200
2019-06-20,9.260000228881836,9.3100004196167,8.899999618530273,8.979999542236328,4.662687301635742,419600
2019-06-21,8.899999618530273,8.970000267028809,8.619999885559082,8.850000381469727,4.595187187194824,337500
2019-06-24,8.850000381469727,8.930000305175781,8.779999732971191,8.859999656677246,4.600379467010498,181000
2019-06-25,8.800000190734863,8.869999885559082,8.449999809265137,8.640000343322754,4.486149311065674,486000
2019-06-26,8.520000457763672,8.710000038146973,8.520000457763672,8.680000305175781,4.506918430328369,524700
2019-06-27,8.729999542236328,9.0,8.729999542236328,8.859999656677246,4.600379467010498,511300
2019-06-28,8.899999618530273,9.069999694824219,8.829999923706055,9.020000457763672,4.683456897735596,826000
2019-07-01,9.109999656677246,9.319999694824219,9.039999961853027,9.079999923706055,4.714609622955322,727400
2019-07-02,9.09000015258789,9.100000381469727,8.899999618530273,9.0,4.67307186126709,336900
2019-07-03,9.0,9.239999771118164,8.979999542236328,9.079999923706055,4.714609622955322,366100
2019-07-05,9.0,9.180000305175781,9.0,9.100000381469727,4.724995136260986,491700
2019-07-08,9.119999885559082,9.25,9.0,9.109999656677246,4.730186939239502,825800
2019-07-09,9.109999656677246,10.055000305175781,9.109999656677246,9.800000190734863,5.0884552001953125,1189800
2019-07-10,9.869999885559082,9.880000114440918,9.600000381469727,9.670000076293945,5.020956516265869,351800
2019-07-11,9.649999618530273,9.819999694824219,9.640000343322754,9.6899995803833,5.031339168548584,346400
2019-07-12,9.649999618530273,9.729999542236328,9.5600004196167,9.600000381469727,4.984610080718994,284800
2019-07-15,9.640000343322754,9.699999809265137,9.5600004196167,9.59000015258789,4.979417324066162,350000
2019-07-16,9.609999656677246,9.8100004196167,9.5600004196167,9.59000015258789,4.979417324066162,430400
2019-07-17,9.619999885559082,9.630000114440918,9.369999885559082,9.4399995803833,4.901533126831055,266600
2019-07-18,9.380000114440918,9.5,9.34000015258789,9.350000381469727,4.854801654815674,212300
2019-07-19,9.350000381469727,9.4399995803833,9.3100004196167,9.380000114440918,4.8703789710998535,239400
2019-07-22,9.40999984741211,9.539999961853027,9.380000114440918,9.4399995803833,4.901533126831055,193200
2019-07-23,9.470000267028809,9.529999732971191,9.295000076293945,9.319999694824219,4.8392252922058105,235600
2019-07-24,9.300000190734863,9.369999885559082,9.130000114440918,9.350000381469727,4.854801654815674,424800
2019-07-25,9.760000228881836,10.270000457763672,9.670000076293945,9.699999809265137,5.036533355712891,879700
2019-07-26,9.699999809265137,10.180000305175781,9.640000343322754,9.75,5.062494277954102,871600
2019-07-29,9.739999771118164,9.779999732971191,9.335000038146973,9.350000381469727,4.854801654815674,568300
2019-07-30,9.300000190734863,9.300000190734863,9.109999656677246,9.15999984741211,4.756147861480713,620500
2019-07-31,9.1899995803833,9.470000267028809,9.130000114440918,9.149999618530273,4.750955104827881,885700
2019-08-01,9.100000381469727,9.5,9.100000381469727,9.149999618530273,4.750955104827881,616400
2019-08-02,9.100000381469727,9.25,8.729999542236328,8.75,4.543264389038086,775900
2019-08-05,8.539999961853027,8.59000015258789,8.09000015258789,8.210000038146973,4.262879848480225,1019600
2019-08-06,8.289999961853027,8.75,8.289999961853027,8.710000038146973,4.522494316101074,928400
2019-08-07,8.84000015258789,9.34000015258789,8.609999656677246,9.050000190734863,4.699032306671143,823500
2019-08-08,9.199999809265137,9.319999694824219,8.850000381469727,9.260000228881836,4.808071613311768,610400
2019-08-09,9.170000076293945,9.170000076293945,8.819999694824219,8.819999694824219,4.579609394073486,583500
2019-08-12,8.880000114440918,9.1899995803833,8.600000381469727,9.1899995803833,4.771724700927734,452100
2019-08-13,9.1899995803833,9.4399995803833,8.949999809265137,9.359999656677246,4.859993934631348,400800
2019-08-14,9.25,9.470000267028809,9.029999732971191,9.140000343322754,4.745764255523682,544900
2019-08-15,9.15999984741211,9.34000015258789,9.0,9.15999984741211,4.756147861480713,362100
2019-08-16,9.199999809265137,9.460000038146973,9.199999809265137,9.369999885559082,4.86518669128418,319000
2019-08-19,9.5,9.930000305175781,9.430000305175781,9.869999885559082,5.1248016357421875,323500
2019-08-20,9.869999885559082,10.050000190734863,9.770000457763672,9.90999984741211,5.145570755004883,263200
2019-08-21,9.979999542236328,10.109999656677246,9.850000381469727,9.920000076293945,5.150763511657715,308100
2019-08-22,9.920000076293945,10.1899995803833,9.789999961853027,10.020000457763672,5.202686786651611,421800
2019-08-23,9.899999618530273,10.15999984741211,9.640000343322754,9.65999984741211,5.015763282775879,318800
2019-08-26,9.739999771118164,9.779000282287598,9.5,9.539999961853027,4.953455924987793,319900
2019-08-27,9.579999923706055,9.760000228881836,9.5600004196167,9.729999542236328,5.052108287811279,320600
2019-08-28,9.760000228881836,10.449999809265137,9.649999618530273,10.420000076293945,5.410377502441406,793600
2019-08-29,10.600000381469727,11.15999984741211,10.600000381469727,10.649999618530273,5.529800891876221,796500
2019-08-30,10.739999771118164,10.800000190734863,10.3100004196167,10.390000343322754,5.394801616668701,358000
2019-09-03,10.180000305175781,10.350000381469727,9.960000038146973,10.210000038146973,5.301340103149414,446100
2019-09-04,10.359999656677246,10.619999885559082,10.25,10.460000038146973,5.431147575378418,302600
2019-09-05,10.5,10.770000457763672,10.399999618530273,10.640000343322754,5.524609088897705,372700
2019-09-06,10.579999923706055,10.859999656677246,10.392000198364258,10.649999618530273,5.529800891876221,382200
2019-09-09,10.619999885559082,10.649999618530273,10.289999961853027,10.420000076293945,5.410377502441406,369900
2019-09-10,10.40999984741211,10.550000190734863,10.199999809265137,10.319999694824219,5.358454704284668,350800
2019-09-11,10.329999923706055,10.4399995803833,10.119999885559082,10.390000343322754,5.394801616668701,460200
2019-09-12,10.399999618530273,10.489999771118164,10.03499984741211,10.479999542236328,5.441531658172607,331400
2019-09-13,10.510000228881836,10.680000305175781,10.454999923706055,10.59000015258789,5.498647689819336,224700
2019-09-16,10.539999961853027,10.810999870300293,10.40999984741211,10.430000305175781,5.415571212768555,359100
2019-09-17,10.359999656677246,10.609999656677246,9.9399995803833,10.600000381469727,5.503839492797852,542300
2019-09-18,10.59000015258789,10.989999771118164,10.300000190734863,10.869999885559082,5.644031047821045,462600
2019-09-19,10.800000190734863,10.899999618530273,10.479999542236328,10.649999618530273,5.529800891876221,224600
2019-09-20,10.649999618530273,10.920000076293945,10.579999923706055,10.880000114440918,5.649224281311035,795900
2019-09-23,10.779999732971191,10.989999771118164,10.649999618530273,10.6899995803833,5.550570964813232,269900
2019-09-24,10.600000381469727,10.640000343322754,10.319999694824219,10.550000190734863,5.477877616882324,261200
2019-09-25,10.489999771118164,10.800000190734863,10.489999771118164,10.729999542236328,5.571340084075928,249900
2019-09-26,10.609999656677246,10.770000457763672,10.5,10.75,5.581724166870117,312700
2019-09-27,10.720000267028809,10.9399995803833,10.600000381469727,10.699999809265137,5.55576229095459,224100
2019-09-30,10.619999885559082,10.6899995803833,10.260000228881836,10.359999656677246,5.379223823547363,403100
2019-10-01,10.460000038146973,10.579999923706055,10.305000305175781,10.380000114440918,5.389608860015869,332300
2019-10-02,10.279999732971191,10.449999809265137,10.260000228881836,10.380000114440918,5.389608860015869,225600
2019-10-03,10.289999961853027,10.489999771118164,10.029999732971191,10.420000076293945,5.410377502441406,346900
2019-10-04,10.479999542236328,11.0,10.380000114440918,10.9399995803833,5.6803789138793945,637400
2019-10-07,10.899999618530273,11.220000267028809,10.8100004196167,11.079999923706055,5.75307035446167,657700
2019-10-08,11.0600004196167,11.140000343322754,10.670000076293945,10.880000114440918,5.649224281311035,336700
2019-10-09,11.029999732971191,11.229999542236328,10.890000343322754,11.050000190734863,5.737493991851807,411700
2019-10-10,11.140000343322754,11.489999771118164,11.114999771118164,11.270000457763672,5.851724147796631,384100
2019-10-11,11.489999771118164,11.789999961853027,11.350000381469727,11.489999771118164,5.965954303741455,376000
2019-10-14,12.0600004196167,12.279999732971191,11.720000267028809,12.029999732971191,6.246338367462158,949400
2019-10-15,12.119999885559082,12.524999618530273,11.9399995803833,12.09000015258789,6.277493476867676,1098300
2019-10-16,12.199999809265137,12.279999732971191,12.0600004196167,12.1899995803833,6.329415321350098,576700
2019-10-17,12.289999961853027,12.399999618530273,12.140000343322754,12.199999809265137,6.334608554840088,667400
2019-10-18,12.229999542236328,12.399999618530273,12.029999732971191,12.09000015258789,6.277493476867676,312800
2019-10-21,12.239999771118164,12.260000228881836,11.84000015258789,12.039999961853027,6.251531600952148,545700
2019-10-22,12.0,12.100000381469727,11.729999542236328,11.869999885559082,6.163262367248535,378500
2019-10-23,11.800000190734863,12.40999984741211,11.800000190734863,12.369999885559082,6.422876834869385,409800
2019-10-24,12.380000114440918,12.420000076293945,12.114999771118164,12.369999885559082,6.422876834869385,437500
2019-10-25,12.359999656677246,12.520000457763672,12.289999961853027,12.40999984741211,6.443647384643555,339000
2019-10-28,12.40999984741211,12.656999588012695,12.34000015258789,12.40999984741211,6.443647384643555,354900
2019-10-29,12.380000114440918,12.489999771118164,12.199999809265137,12.260000228881836,6.3657612800598145,369700
2019-10-30,12.25,12.779999732971191,12.140000343322754,12.699999809265137,6.5942230224609375,648800
2019-10-31,12.479999542236328,12.699999809265137,12.039999961853027,12.449999809265137,6.464415550231934,617600
2019-11-01,12.5600004196167,13.079999923706055,12.460000038146973,12.869999885559082,6.682492733001709,733500
2019-11-04,12.869999885559082,13.0,12.710000038146973,12.989999771118164,6.744799613952637,697900
2019-11-05,13.039999961853027,13.1899995803833,12.75,13.0,6.749992847442627,444700
2019-11-06,13.0,13.100000381469727,12.760000228881836,13.020000457763672,6.760376930236816,607200
2019-11-07,13.0,13.020000457763672,12.3100004196167,12.449999809265137,6.464415550231934,565600
2019-11-08,12.380000114440918,12.539999961853027,12.239999771118164,12.430000305175781,6.454031467437744,404600
2019-11-11,12.329999923706055,12.529999732971191,12.220000267028809,12.430000305175781,6.454031467437744,161100
2019-11-12,12.380000114440918,12.732999801635742,12.319999694824219,12.579999923706055,6.531915187835693,372100
2019-11-13,12.460000038146973,12.524999618530273,12.270000457763672,12.34000015258789,6.40730094909668,307600
2019-11-14,12.34000015258789,12.699999809265137,12.289999961853027,12.489999771118164,6.485184192657471,272900
2019-11-15,12.59000015258789,13.0600004196167,12.5,12.920000076293945,6.70845365524292,425800
2019-11-18,13.0,13.154999732971191,12.800000190734863,13.09000015258789,6.796722888946533,322600
2019-11-19,13.140000343322754,13.34000015258789,12.800000190734863,13.289999961853027,6.900569438934326,338600
2019-11-20,13.34000015258789,13.713000297546387,13.3100004196167,13.550000190734863,7.035569667816162,631600
2019-11-21,13.6899995803833,14.1899995803833,13.5600004196167,13.960000038146973,7.248453617095947,689600
2019-11-22,14.0,14.5600004196167,14.0,14.279999732971191,7.414606094360352,568700
2019-11-25,14.300000190734863,14.539999961853027,14.0,14.34000015258789,7.445760726928711,411500
2019-11-26,14.229999542236328,14.529999732971191,14.100000381469727,14.34000015258789,7.445760726928711,430400
2019-11-27,14.359999656677246,14.489999771118164,14.15999984741211,14.479999542236328,7.518451690673828,330300
2019-11-29,14.399999618530273,14.430000305175781,14.140000343322754,14.350000381469727,7.450953006744385,314800
2019-12-02,14.390000343322754,14.489999771118164,14.09000015258789,14.1899995803833,7.367877006530762,436900
2019-12-03,14.0,14.239999771118164,13.619999885559082,14.069999694824219,7.305568218231201,508100
2019-12-04,14.170000076293945,14.199999809265137,14.010000228881836,14.15999984741211,7.352298736572266,383400
2019-12-05,14.1899995803833,14.489999771118164,14.079999923706055,14.100000381469727,7.321146011352539,475400
2019-12-06,14.130000114440918,14.289999961853027,14.020000457763672,14.239999771118164,7.393836975097656,436400
2019-12-09,14.229999542236328,15.039999961853027,14.199999809265137,14.699999809265137,7.632683277130127,554800
2019-12-10,14.550000190734863,15.069999694824219,14.529999732971191,14.859999656677246,7.715759754180908,679800
2019-12-11,14.960000038146973,14.960000038146973,14.649999618530273,14.800000190734863,7.684606552124023,491500
2019-12-12,14.800000190734863,15.04699993133545,14.59000015258789,14.609999656677246,7.585951805114746,806200
2019-12-13,14.630000114440918,14.8100004196167,14.399999618530273,14.779999732971191,7.674221515655518,561100
2019-12-16,14.880000114440918,14.930000305175781,14.670000076293945,14.739999771118164,7.653452396392822,443900
2019-12-17,14.699999809265137,14.729999542236328,14.140000343322754,14.229999542236328,7.388645648956299,571800
2019-12-18,14.260000228881836,14.630000114440918,14.100000381469727,14.40999984741211,7.482105731964111,490300
2019-12-19,14.399999618530273,15.010000228881836,14.390000343322754,14.9399995803833,7.757297992706299,443600
2019-12-20,15.109999656677246,15.300000190734863,14.75,14.779999732971191,7.674221515655518,518700
2019-12-23,14.800000190734863,15.234999656677246,14.760000228881836,15.210000038146973,7.897490501403809,279100
2019-12-24,15.229999542236328,15.319999694824219,14.930000305175781,15.050000190734863,7.814413070678711,153600
2019-12-26,15.149999618530273,15.550000190734863,15.09000015258789,15.3100004196167,7.949413776397705,277600
2019-12-27,15.399999618530273,15.460000038146973,14.869999885559082,14.9399995803833,7.757297992706299,205000
2019-12-30,14.829999923706055,15.079999923706055,14.710000038146973,14.829999923706055,7.7001824378967285,518500
2019-12-31,14.829999923706055,15.574999809265137,14.800000190734863,15.479999542236328,8.03768253326416,461700
2020-01-02,15.510000228881836,15.539999961853027,15.229999542236328,15.319999694824219,7.954605579376221,560700
2020-01-03,15.270000457763672,15.630000114440918,15.119999885559082,15.34000015258789,7.96498966217041,633500
2020-01-06,15.199999809265137,15.399999618530273,15.130000114440918,15.380000114440918,7.985759735107422,427600
2020-01-07,16.260000228881836,16.68000030517578,16.09000015258789,16.270000457763672,8.447875022888184,2270000
2020-01-08,16.25,16.440000534057617,15.319999694824219,15.470000267028809,8.032490730285645,1277200
2020-01-09,15.470000267028809,15.5600004196167,14.920000076293945,15.449999809265137,8.02210521697998,907900
2020-01-10,15.449999809265137,15.586999893188477,15.25,15.34000015258789,7.96498966217041,675300
2020-01-13,15.350000381469727,15.619999885559082,15.079999923706055,15.449999809265137,8.02210521697998,855900
2020-01-14,15.34000015258789,15.569999694824219,15.140000343322754,15.460000038146973,8.027298927307129,9706000
2020-01-15,15.3100004196167,15.390000343322754,14.739999771118164,15.010000228881836,7.793643951416016,1686600
2020-01-16,15.15999984741211,15.199999809265137,14.906999588012695,15.039999961853027,7.809220790863037,530700
2020-01-17,15.130000114440918,15.130000114440918,14.600000381469727,14.829999923706055,7.7001824378967285,878900
2020-01-21,14.90999984741211,15.3100004196167,14.819999694824219,14.819999694824219,7.694990634918213,873900
2020-01-22,14.859999656677246,15.289999961853027,14.84000015258789,14.850000381469727,7.710567951202393,718100
2020-01-23,14.729999542236328,14.744999885559082,14.15999984741211,14.25,7.3990302085876465,874900
2020-01-24,14.15999984741211,14.229999542236328,13.770000457763672,13.9399995803833,7.238068580627441,629800
2020-01-27,13.270000457763672,13.729999542236328,13.010000228881836,13.65999984741211,7.092684745788574,972800
2020-01-28,13.779999732971191,14.039999961853027,13.729999542236328,13.90999984741211,7.2224907875061035,576500
2020-01-29,14.25,14.260000228881836,13.890000343322754,14.069999694824219,7.305568218231201,724200
2020-01-30,13.829999923706055,13.899999618530273,13.460000038146973,13.670000076293945,7.097876071929932,595300
2020-01-31,13.5,13.579999923706055,13.095000267028809,13.119999885559082,6.8122992515563965,532600
2020-02-03,13.100000381469727,13.494999885559082,12.960000038146973,13.270000457763672,6.8901848793029785,638200
2020-02-04,13.319999694824219,13.40999984741211,12.989999771118164,13.020000457763672,6.760376930236816,799700
2020-02-05,12.630000114440918,12.890000343322754,12.25,12.789999961853027,6.640953063964844,1397500
2020-02-06,12.890000343322754,13.069999694824219,12.359999656677246,12.5,6.490376949310303,871000
2020-02-07,12.390000343322754,12.84000015258789,11.90999984741211,12.75,6.620183944702148,1035500
2020-02-10,12.75,12.75,12.329999923706055,12.579999923706055,6.531915187835693,522400
2020-02-11,12.6899995803833,13.149999618530273,12.6899995803833,12.9399995803833,6.718838691711426,601900
2020-02-12,12.9399995803833,13.1899995803833,12.859999656677246,12.989999771118164,6.744799613952637,702600
2020-02-13,12.960000038146973,13.085000038146973,12.800000190734863,12.899999618530273,6.698068618774414,509200
2020-02-14,12.920000076293945,12.979999542236328,12.65999984741211,12.84000015258789,6.666915416717529,447300
2020-02-18,12.729999542236328,12.75,12.420000076293945,12.550000190734863,6.516338348388672,360100
2020-02-19,12.619999885559082,12.734999656677246,12.479999542236328,12.59000015258789,6.537107467651367,233200
2020-02-20,12.529999732971191,12.699999809265137,12.399999618530273,12.399999618530273,6.4384541511535645,439200
2020-02-21,12.319999694824219,12.319999694824219,11.880000114440918,12.170000076293945,6.319031715393066,434000
2020-02-24,11.569999694824219,11.649999618530273,11.199999809265137,11.5,5.971147060394287,600400
2020-02-25,11.5600004196167,11.640000343322754,11.149999618530273,11.1899995803833,5.810184478759766,592300
2020-02-26,11.220000267028809,11.550000190734863,10.979999542236328,11.199999809265137,5.815378665924072,364000
2020-02-27,10.869999885559082,11.430000305175781,10.619999885559082,10.930000305175781,5.6751861572265625,430400
2020-02-28,10.510000228881836,11.1899995803833,10.510000228881836,11.119999885559082,5.773838996887207,628600
2020-03-02,11.170000076293945,11.479999542236328,10.829999923706055,11.449999809265137,5.94518518447876,922900
2020-03-03,11.4399995803833,11.479999542236328,10.800000190734863,10.859999656677246,5.638838768005371,688100
2020-03-04,11.079999923706055,11.079999923706055,10.494000434875488,10.869999885559082,5.644031047821045,641900
2020-03-05,10.420000076293945,10.489999771118164,9.75,9.920000076293945,5.150763511657715,714700
2020-03-06,9.75,10.09000015258789,9.5649995803833,9.890000343322754,5.135185718536377,583000
2020-03-09,8.609999656677246,9.100000381469727,7.309999942779541,7.440000057220459,3.863072395324707,1261000
2020-03-10,7.909999847412109,8.100000381469727,7.150000095367432,7.849999904632568,4.075956344604492,1732500
2020-03-11,7.800000190734863,8.510000228881836,7.71999979019165,8.029999732971191,4.1694183349609375,1050900
2020-03-12,7.25,7.949999809265137,7.25,7.349999904632568,3.8163416385650635,675300
2020-03-13,8.029999732971191,8.899999618530273,7.769999980926514,8.880000114440918,4.610764026641846,1232400
2020-03-16,6.900000095367432,7.860000133514404,6.900000095367432,7.309999942779541,3.7955729961395264,794600
2020-03-17,7.210000038146973,7.599999904632568,6.559999942779541,7.46999979019165,3.8786489963531494,796700
2020-03-18,6.929999828338623,7.300000190734863,6.170000076293945,6.440000057220459,3.343841552734375,1103500
2020-03-19,6.400000095367432,7.260000228881836,6.079999923706055,7.070000171661377,3.670957088470459,697900
2020-03-20,7.179999828338623,7.980000019073486,6.949999809265137,7.25,3.764418125152588,939300
2020-03-23,7.840000152587891,8.220000267028809,7.099999904632568,8.140000343322754,4.22653341293335,953700
2020-03-24,8.6899995803833,8.989999771118164,8.369999885559082,8.9399995803833,4.6419172286987305,633900
2020-03-25,9.100000381469727,9.359999656677246,8.199999809265137,8.329999923706055,4.325186729431152,796700
2020-03-26,8.640000343322754,8.670000076293945,8.09000015258789,8.470000267028809,4.397879600524902,824500
2020-03-27,8.260000228881836,8.515000343322754,7.820000171661377,8.149999618530273,4.231725215911865,702900
2020-03-30,8.890000343322754,9.300000190734863,8.3100004196167,8.6899995803833,4.512109279632568,1175900
2020-03-31,8.8100004196167,8.84000015258789,8.40999984741211,8.710000038146973,4.522494316101074,921800
2020-04-01,8.75,8.90999984741211,8.210000038146973,8.449999809265137,4.3874945640563965,661400
2020-04-02,8.539999961853027,8.739999771118164,7.320000171661377,7.679999828338623,3.987687349319458,935900
2020-04-03,7.550000190734863,7.800000190734863,7.210000038146973,7.349999904632568,3.8163416385650635,713700
2020-04-06,7.559999942779541,8.149999618530273,7.559999942779541,8.0,4.153841018676758,555400
2020-04-07,8.149999618530273,8.4399995803833,8.079999923706055,8.199999809265137,4.257687091827393,652600
2020-04-08,8.609999656677246,8.609999656677246,8.050000190734863,8.09000015258789,4.200572490692139,675800
2020-04-09,8.069999694824219,8.380000114440918,7.519999980926514,8.199999809265137,4.257687091827393,807400
2020-04-13,8.34000015258789,8.829999923706055,8.180000305175781,8.329999923706055,4.325186729431152,530600
2020-04-14,8.369999885559082,8.649999618530273,8.239999771118164,8.59000015258789,4.46018648147583,486600
2020-04-15,8.430000305175781,9.020000457763672,8.210000038146973,8.699999809265137,4.5173020362854,519300
2020-04-16,8.729999542236328,8.989999771118164,8.579999923706055,8.930000305175781,4.636724948883057,522000
2020-04-17,9.029999732971191,9.119999885559082,8.930000305175781,9.09000015258789,4.719802379608154,526900
2020-04-20,9.4399995803833,9.5,8.760000228881836,9.420000076293945,4.891148090362549,1056800
2020-04-21,9.5,9.899999618530273,9.029999732971191,9.279999732971191,4.818455696105957,908100
2020-04-22,9.550000190734863,9.550000190734863,9.039999961853027,9.289999961853027,4.823647499084473,479800
2020-04-23,9.460000038146973,9.515000343322754,8.819999694824219,9.180000305175781,4.7665324211120605,436100
2020-04-24,9.149999618530273,9.1899995803833,8.720000267028809,8.890000343322754,4.615955829620361,504700
2020-04-27,8.75,9.609999656677246,8.670000076293945,9.420000076293945,4.891148090362549,511800
2020-04-28,9.789999961853027,9.989999771118164,9.529999732971191,9.710000038146973,5.041724681854248,572600
2020-04-29,9.949999809265137,10.0,9.335000038146973,9.390000343322754,4.8755717277526855,652400
2020-04-30,9.3100004196167,9.640000343322754,9.029999732971191,9.489999771118164,4.927493572235107,505500
2020-05-01,9.34000015258789,9.545000076293945,8.930000305175781,9.0,4.67307186126709,514100
2020-05-04,8.949999809265137,9.210000038146973,8.729999542236328,9.199999809265137,4.776917457580566,382400
2020-05-05,9.149999618530273,9.180000305175781,8.59000015258789,8.630000114440918,4.480956554412842,505700
2020-05-06,8.640000343322754,8.859999656677246,8.119999885559082,8.140000343322754,4.22653341293335,513100
2020-05-07,8.279999732971191,8.550000190734863,8.199999809265137,8.479999542236328,4.403071403503418,398000
2020-05-08,8.720000267028809,8.779999732971191,8.3100004196167,8.550000190734863,4.439418315887451,303000
2020-05-11,8.350000381469727,8.4399995803833,8.180000305175781,8.180000305175781,4.247303485870361,429900
2020-05-12,8.119999885559082,8.140000343322754,7.75,7.820000171661377,4.060379505157471,427500
2020-05-13,7.800000190734863,7.869999885559082,7.349999904632568,7.809999942779541,4.055187702178955,446500
2020-05-14,7.670000076293945,7.735000133514404,7.210000038146973,7.630000114440918,3.961726665496826,533900
2020-05-15,7.619999885559082,7.710000038146973,7.409999847412109,7.53000020980835,3.9098033905029297,430900
2020-05-18,7.739999771118164,7.849999904632568,7.510000228881836,7.760000228881836,4.029226303100586,558700
2020-05-19,7.78000020980835,7.840000152587891,7.199999809265137,7.230000019073486,3.7540340423583984,736300
2020-05-20,7.329999923706055,8.010000228881836,7.199999809265137,8.0,4.153841018676758,922000
2020-05-21,8.109999656677246,8.109999656677246,7.53000020980835,7.800000190734863,4.049994945526123,532100
2020-05-22,7.730000019073486,7.849999904632568,7.360000133514404,7.829999923706055,4.065572738647461,687100
2020-05-26,8.0,8.100000381469727,7.614999771118164,7.949999809265137,4.127880096435547,766300
2020-05-27,8.329999923706055,9.210000038146973,8.140000343322754,9.069999694824219,4.70941686630249,995600
2020-05-28,8.829999923706055,8.930000305175781,7.909999847412109,7.920000076293945,4.112302780151367,1311100
2020-05-29,8.0600004196167,8.239999771118164,7.800000190734863,8.220000267028809,4.268072605133057,1607200
2020-06-01,8.199999809265137,8.369999885559082,7.900000095367432,7.929999828338623,4.117495059967041,825300
2020-06-02,7.989999771118164,8.079000473022461,7.715000152587891,7.739999771118164,4.01884126663208,631800
2020-06-03,7.829999923706055,8.069999694824219,7.690000057220459,8.010000228881836,4.15903377532959,591700
2020-06-04,7.889999866485596,7.949999809265137,7.539999961853027,7.71999979019165,4.008456707000732,614700
2020-06-05,7.989999771118164,8.420000076293945,7.849999904632568,8.300000190734863,4.309610843658447,766300
2020-06-08,8.539999961853027,8.963000297546387,8.529999732971191,8.850000381469727,4.595187187194824,869400
2020-06-09,8.699999809265137,8.725000381469727,8.100000381469727,8.479999542236328,4.403071403503418,922000
2020-06-10,8.5,8.501999855041504,8.170000076293945,8.180000305175781,4.247303485870361,524100
2020-06-11,7.849999904632568,8.170000076293945,7.650000095367432,7.679999828338623,3.987687349319458,815600
2020-06-12,8.020000457763672,8.149999618530273,7.869999885559082,8.050000190734863,4.179802894592285,619300
2020-06-15,7.800000190734863,8.350000381469727,7.679999828338623,8.210000038146973,4.262879848480225,763000
2020-06-16,8.5,8.5,8.09000015258789,8.210000038146973,4.262879848480225,493100
2020-06-17,8.149999618530273,8.149999618530273,7.769999980926514,7.769999980926514,4.034418106079102,389500
2020-06-18,7.710000038146973,8.093000411987305,7.710000038146973,7.869999885559082,4.08634090423584,560600
2020-06-19,7.940000057220459,7.989999771118164,7.71999979019165,7.869999885559082,4.08634090423584,1069000
2020-06-22,7.909999847412109,7.909999847412109,7.730000019073486,7.869999885559082,4.08634090423584,459900
2020-06-23,7.980000019073486,8.050000190734863,7.829999923706055,7.949999809265137,4.127880096435547,421300
2020-06-24,7.860000133514404,8.0,7.429999828338623,7.659999847412109,3.9773027896881104,653500
2020-06-25,7.71999979019165,7.909999847412109,7.590000152587891,7.829999923706055,4.065572738647461,422800
2020-06-26,7.739999771118164,7.795000076293945,7.329999923706055,7.360000133514404,3.821533441543579,1471100
2020-06-29,7.460000038146973,7.940000057220459,7.389999866485596,7.820000171661377,4.060379505157471,531800
2020-06-30,7.760000228881836,7.809999942779541,7.565000057220459,7.739999771118164,4.01884126663208,606100
2020-07-01,7.739999771118164,8.039999961853027,7.739999771118164,7.980000019073486,4.143456935882568,518200
2020-07-02,8.09000015258789,8.09000015258789,7.329999923706055,7.349999904632568,3.8163416385650635,742400
2020-07-06,7.489999771118164,7.760000228881836,7.489999771118164,7.75,4.024034023284912,594400
2020-07-07,7.610000133514404,7.78000020980835,7.480000019073486,7.519999980926514,3.9046103954315186,387700
2020-07-08,7.429999828338623,7.679999828338623,7.429999828338623,7.570000171661377,3.930572509765625,377900
2020-07-09,7.559999942779541,7.559999942779541,7.21999979019165,7.260000228881836,3.769611120223999,423100
2020-07-10,7.230000019073486,7.724999904632568,7.21999979019165,7.670000076293945,3.982494831085205,492300
2020-07-13,7.75,7.75,7.300000190734863,7.380000114440918,3.831918954849243,515100
2020-07-14,7.380000114440918,7.570000171661377,7.309999942779541,7.480000019073486,3.8838412761688232,242700
2020-07-15,7.690000057220459,7.900000095367432,7.619999885559082,7.829999923706055,4.065572738647461,504400
2020-07-16,7.710000038146973,7.75,7.550000190734863,7.630000114440918,3.961726665496826,264900
2020-07-17,7.639999866485596,7.940000057220459,7.639999866485596,7.670000076293945,3.982494831085205,347700
2020-07-20,7.739999771118164,7.769999980926514,7.53000020980835,7.570000171661377,3.930572509765625,301400
2020-07-21,7.679999828338623,7.960000038146973,7.679999828338623,7.800000190734863,4.049994945526123,379300
2020-07-22,7.71999979019165,7.860000133514404,7.610000133514404,7.820000171661377,4.060379505157471,358800
2020-07-23,7.800000190734863,8.260000228881836,7.760000228881836,8.180000305175781,4.247303485870361,448400
2020-07-24,8.100000381469727,8.199999809265137,7.989999771118164,8.109999656677246,4.210956573486328,480300
2020-07-27,8.109999656677246,8.4350004196167,8.10099983215332,8.3100004196167,4.314802646636963,410600
2020-07-28,8.300000190734863,8.829999923706055,8.300000190734863,8.720000267028809,4.52768611907959,549100
2020-07-29,8.760000228881836,8.979999542236328,8.59000015258789,8.880000114440918,4.610764026641846,531500
2020-07-30,8.779999732971191,8.779999732971191,8.5,8.649999618530273,4.491340637207031,479300
2020-07-31,8.65999984741211,8.789999961853027,8.364999771118164,8.539999961853027,4.434226036071777,413200
2020-08-03,8.59000015258789,9.100000381469727,8.550000190734863,8.949999809265137,4.647109031677246,840400
2020-08-04,8.5600004196167,9.270000457763672,8.5600004196167,9.020000457763672,4.683456897735596,650300
2020-08-05,9.180000305175781,9.180000305175781,8.8100004196167,8.979999542236328,4.662687301635742,435000
2020-08-06,8.960000038146973,9.237000465393066,8.779999732971191,8.930000305175781,4.636724948883057,372900
2020-08-07,8.90999984741211,9.0,8.770000457763672,8.850000381469727,4.595187187194824,307000
2020-08-10,8.899999618530273,9.210000038146973,8.789999961853027,8.84000015258789,4.589994430541992,434200
2020-08-11,8.989999771118164,9.180000305175781,8.859999656677246,8.890000343322754,4.615955829620361,662800
2020-08-12,9.010000228881836,9.140000343322754,8.930000305175781,8.989999771118164,4.667879104614258,463800
2020-08-13,9.010000228881836,9.119999885559082,8.880000114440918,9.010000228881836,4.678264141082764,650400
2020-08-14,8.90999984741211,9.279999732971191,8.84000015258789,9.270000457763672,4.813263893127441,659700
2020-08-17,9.270000457763672,9.300000190734863,9.005000114440918,9.119999885559082,4.735379219055176,546600
2020-08-18,9.130000114440918,9.130000114440918,8.729999542236328,8.800000190734863,4.569225788116455,511300
2020-08-19,8.800000190734863,8.880000114440918,8.539999961853027,8.539999961853027,4.434226036071777,347300
2020-08-20,8.510000228881836,8.710000038146973,8.15999984741211,8.609999656677246,4.470571041107178,500900
2020-08-21,8.520000457763672,8.739999771118164,8.5,8.600000381469727,4.465379238128662,516600
2020-08-24,8.710000038146973,8.770000457763672,8.574999809265137,8.739999771118164,4.538071632385254,273200
2020-08-25,8.890000343322754,9.130000114440918,8.864999771118164,8.9399995803833,4.6419172286987305,565400
2020-08-26,8.9399995803833,8.979999542236328,8.390000343322754,8.40999984741211,4.366725444793701,514900
2020-08-27,8.449999809265137,8.460000038146973,8.069999694824219,8.079999923706055,4.195380210876465,476400
2020-08-28,8.100000381469727,8.579999923706055,8.100000381469727,8.5,4.413456439971924,371400
2020-08-31,8.520000457763672,8.640000343322754,8.40999984741211,8.4399995803833,4.382302284240723,638000
2020-09-01,8.399999618530273,8.470000267028809,8.130000114440918,8.229999542236328,4.273263931274414,399700
2020-09-02,8.199999809265137,8.229999542236328,8.010000228881836,8.140000343322754,4.22653341293335,369500
2020-09-03,8.109999656677246,8.239999771118164,7.96999979019165,8.020000457763672,4.1642255783081055,315900
2020-09-04,8.050000190734863,8.119999885559082,7.679999828338623,7.960000038146973,4.1330718994140625,378100
2020-09-08,7.880000114440918,8.239999771118164,7.860000133514404,8.15999984741211,4.236917495727539,426300
2020-09-09,8.229999542236328,8.550000190734863,8.229999542236328,8.359999656677246,4.340763568878174,299200
2020-09-10,8.420000076293945,8.520000457763672,8.345000267028809,8.449999809265137,4.3874945640563965,426600
2020-09-11,8.569999694824219,9.140000343322754,8.510000228881836,8.869999885559082,4.605571746826172,620000
2020-09-14,8.960000038146973,9.020000457763672,8.5600004196167,8.979999542236328,4.662687301635742,616000
2020-09-15,9.020000457763672,9.180000305175781,8.890000343322754,8.899999618530273,4.621148586273193,293900
2020-09-16,8.869999885559082,8.930000305175781,8.649999618530273,8.789999961853027,4.564032554626465,525200
2020-09-17,8.6899995803833,8.930000305175781,8.675000190734863,8.75,4.543264389038086,380500
2020-09-18,8.779999732971191,8.78600025177002,8.479999542236328,8.5,4.413456439971924,1775000
2020-09-21,8.279999732971191,8.359999656677246,7.980000019073486,8.069999694824219,4.190187454223633,497300
2020-09-22,8.100000381469727,8.109999656677246,7.880000114440918,7.940000057220459,4.122687816619873,469000
2020-09-23,7.900000095367432,8.050000190734863,7.710000038146973,7.769999980926514,4.034418106079102,535400
2020-09-24,7.679999828338623,7.820000171661377,7.510000228881836,7.519999980926514,3.9046103954315186,339300
2020-09-25,7.510000228881836,7.75,7.46999979019165,7.599999904632568,3.9461493492126465,368000
2020-09-28,7.679999828338623,7.860000133514404,7.679999828338623,7.75,4.024034023284912,272700
2020-09-29,7.75,7.78000020980835,7.53000020980835,7.710000038146973,4.003264904022217,339100
2020-09-30,7.769999980926514,8.1899995803833,7.769999980926514,8.010000228881836,4.15903377532959,654500
2020-10-01,8.09000015258789,8.1899995803833,7.929999828338623,8.180000305175781,4.247303485870361,295300
2020-10-02,8.050000190734863,8.484999656677246,8.050000190734863,8.420000076293945,4.371918201446533,312200
2020-10-05,8.520000457763672,8.84000015258789,8.470000267028809,8.680000305175781,4.506918430328369,335400
2020-10-06,8.789999961853027,8.880000114440918,8.420000076293945,8.430000305175781,4.377110004425049,340800
2020-10-07,8.4399995803833,8.520000457763672,8.149999618530273,8.319999694824219,4.319994926452637,381200
2020-10-08,8.40999984741211,8.8100004196167,8.40999984741211,8.760000228881836,4.54845666885376,188300
2020-10-09,8.829999923706055,8.880000114440918,8.609999656677246,8.770000457763672,4.553648471832275,283200
2020-10-12,9.15999984741211,9.300000190734863,8.84000015258789,9.220000267028809,4.787302494049072,703100
2020-10-13,9.239999771118164,9.239999771118164,8.899999618530273,9.020000457763672,4.683456897735596,442400
2020-10-14,9.100000381469727,9.470000267028809,9.050000190734863,9.149999618530273,4.750955104827881,383200
2020-10-15,8.989999771118164,9.210000038146973,8.829999923706055,9.199999809265137,4.776917457580566,291200
2020-10-16,9.180000305175781,9.420000076293945,9.100000381469727,9.239999771118164,4.79768705368042,313600
2020-10-19,9.220000267028809,9.220000267028809,8.949999809265137,8.970000267028809,4.65749454498291,254700
2020-10-20,9.010000228881836,9.029999732971191,8.899999618530273,8.979999542236328,4.662687301635742,255300
2020-10-21,8.979999542236328,9.0,8.71500015258789,8.770000457763672,4.553648471832275,228600
2020-10-22,8.779999732971191,8.9399995803833,8.649999618530273,8.90999984741211,4.626340866088867,250700
2020-10-23,8.960000038146973,8.960000038146973,8.71500015258789,8.779999732971191,4.558841228485107,234300
2020-10-26,8.720000267028809,8.800000190734863,8.520000457763672,8.710000038146973,4.522494316101074,338600
2020-10-27,8.949999809265137,9.140000343322754,8.8100004196167,8.8100004196167,4.574417591094971,362500
2020-10-28,8.609999656677246,8.704000473022461,8.260000228881836,8.279999732971191,4.299225330352783,467500
2020-10-29,8.220000267028809,8.475000381469727,7.909999847412109,8.4399995803833,4.382302284240723,449100
2020-10-30,8.479999542236328,8.479999542236328,7.980000019073486,8.199999809265137,4.257687091827393,472000
2020-11-02,7.980000019073486,8.307000160217285,7.809999942779541,7.989999771118164,4.148649215698242,431500
2020-11-03,8.050000190734863,8.270000457763672,7.900000095367432,7.96999979019165,4.138264179229736,407100
2020-11-04,7.909999847412109,8.34000015258789,7.869999885559082,8.100000381469727,4.2057647705078125,421500
2020-11-05,8.180000305175781,8.364999771118164,8.0600004196167,8.319999694824219,4.319994926452637,393400
2020-11-06,8.329999923706055,8.505000114440918,8.050000190734863,8.09000015258789,4.200572490692139,268300
2020-11-09,8.609999656677246,9.100000381469727,8.4399995803833,8.899999618530273,4.621148586273193,568300
2020-11-10,9.0,9.4399995803833,8.899999618530273,9.399999618530273,4.880762577056885,576600
2020-11-11,9.430000305175781,9.430000305175781,9.0,9.300000190734863,4.828840732574463,412100
2020-11-12,9.149999618530273,9.149999618530273,8.729999542236328,8.800000190734863,4.569225788116455,468000
2020-11-13,8.869999885559082,9.119999885559082,8.8100004196167,9.050000190734863,4.699032306671143,294600
2020-11-16,9.260000228881836,9.390000343322754,9.1899995803833,9.319999694824219,4.8392252922058105,403500
2020-11-17,9.25,9.40999984741211,9.140000343322754,9.359999656677246,4.859993934631348,337300
2020-11-18,9.420000076293945,9.75,9.25,9.390000343322754,4.8755717277526855,537700
2020-11-19,9.449999809265137,9.680000305175781,9.260000228881836,9.609999656677246,4.989801406860352,440300
2020-11-20,9.539999961853027,9.880000114440918,9.510000228881836,9.869999885559082,5.1248016357421875,444000
2020-11-23,9.949999809265137,10.75,9.949999809265137,10.649999618530273,5.529800891876221,540300
2020-11-24,10.880000114440918,10.920000076293945,10.350000381469727,10.489999771118164,5.4467244148254395,604900
2020-11-25,10.5,10.885000228881836,10.420000076293945,10.800000190734863,5.607685565948486,482300
2020-11-27,11.390000343322754,11.4399995803833,11.0,11.270000457763672,5.851724147796631,642400
2020-11-30,11.199999809265137,11.220000267028809,10.779999732971191,10.930000305175781,5.6751861572265625,1278500
2020-12-01,11.15999984741211,11.15999984741211,10.470000267028809,10.510000228881836,5.457109451293945,605700
2020-12-02,10.489999771118164,10.75,10.300000190734863,10.569999694824219,5.488263130187988,377700
2020-12-03,10.600000381469727,10.899999618530273,10.529999732971191,10.800000190734863,5.607685565948486,281000
2020-12-04,11.0,11.520000457763672,10.9399995803833,11.510000228881836,5.976339340209961,456900
2020-12-07,11.510000228881836,11.649999618530273,11.15999984741211,11.529999732971191,5.98672342300415,416400
2020-12-08,11.470000267028809,11.75,11.413999557495117,11.65999984741211,6.054223537445068,306600
2020-12-09,11.859999656677246,11.869999885559082,11.562000274658203,11.649999618530273,6.0490312576293945,515000
2020-12-10,11.670000076293945,12.260000228881836,11.649999618530273,12.220000267028809,6.344992637634277,353700
2020-12-11,12.210000038146973,12.229999542236328,11.739999771118164,12.079999923706055,6.272300720214844,440900
2020-12-14,12.180000305175781,12.180000305175781,11.470000267028809,11.59000015258789,6.017877101898193,680100
2020-12-15,11.600000381469727,11.6899995803833,11.350000381469727,11.5600004196167,6.00230073928833,548200
2020-12-16,11.609999656677246,11.609999656677246,11.3100004196167,11.390000343322754,5.914032459259033,262200
2020-12-17,11.430000305175781,11.600000381469727,11.130000114440918,11.449999809265137,5.94518518447876,352300
2020-12-18,11.40999984741211,11.609999656677246,11.130000114440918,11.289999961853027,5.86210823059082,1027000
2020-12-21,11.079999923706055,11.25,10.720000267028809,11.25,5.841339111328125,440100
2020-12-22,11.3100004196167,11.420000076293945,11.140000343322754,11.220000267028809,5.825762748718262,408000
2020-12-23,11.300000190734863,11.789999961853027,11.270000457763672,11.619999885559082,6.033453941345215,357500
2020-12-24,11.710000038146973,11.880000114440918,11.524999618530273,11.779999732971191,6.116530895233154,169500
2020-12-28,11.899999618530273,12.020000457763672,11.710000038146973,11.859999656677246,6.158070087432861,316500
2020-12-29,11.9399995803833,11.9399995803833,11.427000045776367,11.65999984741211,6.054223537445068,340700
2020-12-30,11.710000038146973,12.010000228881836,11.710000038146973,12.0,6.230761528015137,427500
2020-12-31,12.100000381469727,12.260000228881836,11.970000267028809,12.1899995803833,6.329415321350098,314500
2021-01-04,12.289999961853027,12.829999923706055,12.229999542236328,12.8100004196167,6.651339054107666,453000
2021-01-05,13.25,13.460000038146973,12.90999984741211,12.949999809265137,6.724029064178467,648900
2021-01-06,13.109999656677246,14.0,12.890000343322754,13.920000076293945,7.2276835441589355,1041400
2021-01-07,14.0,14.789999961853027,13.829999923706055,14.600000381469727,7.5807600021362305,587600
2021-01-08,14.609999656677246,14.770000457763672,14.119999885559082,14.430000305175781,7.492493152618408,444800
2021-01-11,14.199999809265137,14.520000457763672,13.640000343322754,14.510000228881836,7.534030437469482,448300
2021-01-12,14.609999656677246,14.899999618530273,14.40999984741211,14.609999656677246,7.585951805114746,527800
2021-01-13,14.579999923706055,14.600000381469727,13.649999618530273,13.720000267028809,7.123838901519775,736600
2021-01-14,13.5,13.970000267028809,13.5,13.829999923706055,7.180953025817871,513000
2021-01-15,13.600000381469727,13.720000267028809,13.1899995803833,13.579999923706055,7.051145076751709,378200
2021-01-19,13.5,13.649999618530273,12.949999809265137,13.399999618530273,6.957684516906738,576100
2021-01-20,13.569999694824219,13.579999923706055,13.140000343322754,13.289999961853027,6.900569438934326,446100
2021-01-21,13.149999618530273,13.289999961853027,12.680000305175781,12.75,6.620183944702148,433200
2021-01-22,12.529999732971191,12.670000076293945,12.211999893188477,12.670000076293945,6.578646183013916,679400
2021-01-25,12.40999984741211,12.40999984741211,11.399999618530273,11.859999656677246,6.158070087432861,1125500
2021-01-26,12.260000228881836,12.260000228881836,11.4399995803833,11.449999809265137,5.94518518447876,510100
2021-01-27,11.350000381469727,11.479999542236328,10.819999694824219,11.020000457763672,5.721916675567627,935000
2021-01-28,11.220000267028809,11.539999961853027,11.0600004196167,11.170000076293945,5.799801349639893,491800
2021-01-29,11.59000015258789,12.031999588012695,11.40999984741211,11.59000015258789,6.017877101898193,987000
2021-02-01,11.729999542236328,12.130000114440918,11.59000015258789,11.979999542236328,6.220377445220947,645100
2021-02-02,12.770000457763672,13.1899995803833,12.59000015258789,13.149999618530273,6.82787561416626,1280700
2021-02-03,13.149999618530273,13.430000305175781,12.829999923706055,13.130000114440918,6.817492485046387,706600
2021-02-04,13.020000457763672,13.276000022888184,12.90999984741211,13.0600004196167,6.781146049499512,726700
2021-02-05,13.239999771118164,13.65999984741211,13.15999984741211,13.449999809265137,6.983645915985107,558100
2021-02-08,13.529999732971191,13.8100004196167,13.430000305175781,13.739999771118164,7.134222984313965,663400
2021-02-09,13.789999961853027,14.220000267028809,13.531000137329102,13.899999618530273,7.217298984527588,588800
2021-02-10,13.760000228881836,14.260000228881836,13.569999694824219,13.84000015258789,7.186145305633545,450400
2021-02-11,13.920000076293945,13.920000076293945,13.3100004196167,13.670000076293945,7.097876071929932,480600
2021-02-12,13.65999984741211,14.305000305175781,13.522000312805176,14.170000076293945,7.357491493225098,520300
2021-02-16,14.300000190734863,14.699999809265137,13.789999961853027,13.9399995803833,7.238068580627441,795300
2021-02-17,13.949999809265137,14.289999961853027,13.75,13.949999809265137,7.243260860443115,616900
2021-02-18,13.720000267028809,13.890000343322754,13.109999656677246,13.319999694824219,6.9161458015441895,952700
2021-02-19,13.350000381469727,13.680000305175781,13.260000228881836,13.430000305175781,6.973260402679443,643400
2021-02-22,13.449999809265137,13.880000114440918,13.239999771118164,13.25,6.8797993659973145,591300
2021-02-23,13.149999618530273,13.399999618530273,12.760000228881836,13.100000381469727,6.801915645599365,529600
2021-02-24,13.140000343322754,13.444999694824219,13.079999923706055,13.199999809265137,6.853837490081787,611000
2021-02-25,13.260000228881836,13.460000038146973,12.958999633789062,13.09000015258789,6.796722888946533,536000
2021-02-26,12.920000076293945,12.987000465393066,12.399999618530273,12.449999809265137,6.464415550231934,840000
2021-03-01,12.609999656677246,12.9399995803833,12.600000381469727,12.800000190734863,6.646146297454834,689800
2021-03-02,12.8100004196167,13.289999961853027,12.760000228881836,13.029999732971191,6.765568733215332,1311600
2021-03-03,13.050000190734863,13.430000305175781,12.979999542236328,13.199999809265137,6.853837490081787,1597300
2021-03-04,13.09000015258789,13.229999542236328,12.449999809265137,12.479999542236328,6.479992389678955,643400
2021-03-05,12.619999885559082,13.0,12.180000305175781,12.989999771118164,6.744799613952637,693100
2021-03-08,13.199999809265137,13.789999961853027,13.119999885559082,13.630000114440918,7.077106952667236,768600
2021-03-09,13.729999542236328,13.859999656677246,13.029999732971191,13.260000228881836,6.884992599487305,1670000
2021-03-10,13.039999961853027,13.949999809265137,13.039999961853027,13.789999961853027,7.160184860229492,1101900
2021-03-11,13.8100004196167,14.020000457763672,13.489999771118164,13.800000190734863,7.165376663208008,652700
2021-03-12,13.859999656677246,14.279999732971191,13.460000038146973,14.1899995803833,7.367877006530762,625900
2021-03-15,14.020000457763672,14.5,13.880000114440918,14.5,7.528836250305176,648300
2021-03-16,14.5,14.5,13.760000228881836,13.8100004196167,7.170568943023682,438800
2021-03-17,13.760000228881836,14.050000190734863,13.430000305175781,14.0,7.269222259521484,363600
2021-03-18,13.979999542236328,14.182000160217285,13.520000457763672,13.520000457763672,7.019992828369141,353400
2021-03-19,13.569999694824219,13.899999618530273,13.130000114440918,13.699999809265137,7.113453388214111,1114300
2021-03-22,13.789999961853027,13.789999961853027,13.1899995803833,13.34000015258789,6.926530361175537,488500
2021-03-23,13.069999694824219,13.34000015258789,12.710000038146973,12.710000038146973,6.599414825439453,298800
2021-03-24,12.880000114440918,13.239999771118164,12.800000190734863,12.819999694824219,6.656529426574707,300300
2021-03-25,12.680000305175781,13.15999984741211,12.539999961853027,13.039999961853027,6.770761966705322,366500
2021-03-26,13.430000305175781,13.899999618530273,13.25,13.739999771118164,7.134222984313965,449800
2021-03-29,13.539999961853027,13.699999809265137,12.819999694824219,12.829999923706055,6.6617231369018555,706300
2021-03-30,12.859999656677246,13.369999885559082,12.75,13.220000267028809,6.864222049713135,522200
2021-03-31,13.220000267028809,13.25,12.880000114440918,13.130000114440918,6.817492485046387,464700
2021-04-01,13.069999694824219,13.140000343322754,12.800000190734863,13.0600004196167,6.781146049499512,354200
2021-04-05,13.15999984741211,13.25,12.869999885559082,13.09000015258789,6.796722888946533,323300
2021-04-06,13.130000114440918,13.359999656677246,12.9399995803833,13.0,6.749992847442627,349200
2021-04-07,12.989999771118164,13.437000274658203,12.930000305175781,13.109999656677246,6.807107448577881,509500
2021-04-08,13.149999618530273,13.149999618530273,12.869999885559082,12.9399995803833,6.718838691711426,244000
2021-04-09,12.920000076293945,13.050000190734863,12.6899995803833,12.859999656677246,6.677299499511719,452800
2021-04-12,12.859999656677246,12.979999542236328,12.520000457763672,12.520000457763672,6.500761985778809,353800
2021-04-13,12.5,12.770000457763672,12.375,12.600000381469727,6.542300701141357,281300
2021-04-14,12.670000076293945,13.140000343322754,12.670000076293945,12.949999809265137,6.724029064178467,564000
2021-04-15,13.079999923706055,13.109999656677246,12.640000343322754,12.8100004196167,6.651339054107666,212200
2021-04-16,12.9399995803833,12.970000267028809,12.579999923706055,12.899999618530273,6.698068618774414,231600
2021-04-19,12.930000305175781,13.25,12.890000343322754,13.239999771118164,6.874607563018799,243700
2021-04-20,13.369999885559082,13.614999771118164,12.989999771118164,13.270000457763672,6.8901848793029785,453800
2021-04-21,13.3100004196167,13.850000381469727,13.109999656677246,13.800000190734863,7.165376663208008,314300
2021-04-22,13.84000015258789,13.84000015258789,13.15999984741211,13.1899995803833,6.8486456871032715,227000
2021-04-23,13.180000305175781,13.329999923706055,13.050000190734863,13.09000015258789,6.796722888946533,438000
2021-04-26,13.210000038146973,13.364999771118164,13.050000190734863,13.25,6.8797993659973145,338800
2021-04-27,13.279999732971191,13.449999809265137,13.029999732971191,13.069999694824219,6.7863383293151855,445800
2021-04-28,13.149999618530273,13.760000228881836,13.100000381469727,13.600000381469727,7.061530590057373,366000
2021-04-29,13.699999809265137,13.84000015258789,13.460000038146973,13.489999771118164,7.004415035247803,224800
2021-04-30,13.25,13.5,13.149999618530273,13.289999961853027,6.900569438934326,353200
2021-05-03,13.5,14.1899995803833,13.460000038146973,14.0,7.269222259521484,474100
2021-05-04,13.989999771118164,14.170000076293945,13.390000343322754,13.4399995803833,6.978453159332275,214100
2021-05-05,13.5600004196167,13.770000457763672,13.420000076293945,13.630000114440918,7.077106952667236,173900
2021-05-06,13.619999885559082,13.720000267028809,13.390000343322754,13.720000267028809,7.123838901519775,205600
2021-05-07,13.670000076293945,14.130000114440918,13.5600004196167,13.890000343322754,7.2121052742004395,280000
2021-05-10,13.979999542236328,14.279999732971191,13.920000076293945,13.930000305175781,7.232875823974609,431900
2021-05-11,13.600000381469727,13.979999542236328,13.600000381469727,13.869999885559082,7.201722621917725,283200
2021-05-12,13.930000305175781,14.199999809265137,13.699999809265137,14.029999732971191,7.284800052642822,344500
2021-05-13,13.84000015258789,14.489999771118164,13.84000015258789,14.350000381469727,7.450953006744385,262700
2021-05-14,14.399999618530273,15.180000305175781,14.380000114440918,15.029999732971191,7.8040289878845215,522300
2021-05-17,15.100000381469727,15.460000038146973,14.90999984741211,15.319999694824219,7.954605579376221,328500
2021-05-18,15.399999618530273,15.420000076293945,14.949999809265137,14.970000267028809,7.772876262664795,225800
2021-05-19,14.40999984741211,14.850000381469727,12.9399995803833,14.720000267028809,7.643066883087158,726200
2021-05-20,14.15999984741211,14.670000076293945,13.770000457763672,14.600000381469727,7.5807600021362305,435300
2021-05-21,14.8100004196167,15.130000114440918,14.710000038146973,14.989999771118164,7.783260345458984,279100
2021-05-24,15.09000015258789,15.114999771118164,14.739999771118164,15.09000015258789,7.835183620452881,345000
2021-05-25,15.020000457763672,15.239999771118164,14.449999809265137,14.460000038146973,7.508068084716797,469900
2021-05-26,14.430000305175781,14.5600004196167,14.210000038146973,14.289999961853027,7.419798374176025,429300
2021-05-27,14.420000076293945,14.430000305175781,13.779999732971191,14.199999809265137,7.373067855834961,442500
2021-05-28,14.149999618530273,14.279999732971191,13.850000381469727,14.210000038146973,7.378260135650635,353000
2021-06-01,14.449999809265137,14.479999542236328,14.229999542236328,14.430000305175781,7.492493152618408,336400
2021-06-02,14.5,14.5,14.09000015258789,14.279999732971191,7.414606094360352,342200
2021-06-03,14.130000114440918,14.463000297546387,14.017000198364258,14.319999694824219,7.435376167297363,382000
2021-06-04,14.449999809265137,14.449999809265137,14.119999885559082,14.180000305175781,7.36268424987793,258400
2021-06-07,14.210000038146973,14.635000228881836,14.170000076293945,14.5600004196167,7.559991359710693,409700
2021-06-08,14.5,14.529999732971191,14.300000190734863,14.489999771118164,7.523645401000977,378800
2021-06-09,14.510000228881836,14.600000381469727,14.260000228881836,14.3100004196167,7.430182933807373,289100
2021-06-10,14.489999771118164,14.619999885559082,14.300000190734863,14.390000343322754,7.471721649169922,158300
2021-06-11,14.529999732971191,14.819999694824219,14.510000228881836,14.710000038146973,7.637876510620117,289800
2021-06-14,14.8100004196167,14.920000076293945,14.520000457763672,14.630000114440918,7.59633731842041,271800
2021-06-15,14.680000305175781,14.835000038146973,14.380000114440918,14.75,7.658645153045654,302700
2021-06-16,14.670000076293945,15.210000038146973,14.520000457763672,15.1899995803833,7.887106895446777,296200
2021-06-17,15.130000114440918,15.260000228881836,14.350000381469727,14.619999885559082,7.591145992279053,331900
2021-06-18,14.479999542236328,14.6899995803833,14.25,14.260000228881836,7.40422248840332,604200
2021-06-21,14.399999618530273,14.765000343322754,14.399999618530273,14.630000114440918,7.59633731842041,490000
2021-06-22,14.539999961853027,14.640000343322754,14.135000228881836,14.5600004196167,7.559991359710693,239500
2021-06-23,14.6899995803833,15.029999732971191,14.5,14.5600004196167,7.559991359710693,545100
2021-06-24,14.630000114440918,14.729999542236328,14.430000305175781,14.729999542236328,7.648261070251465,408000
2021-06-25,14.880000114440918,15.170000076293945,14.6899995803833,15.079999923706055,7.829989910125732,1495300
2021-06-28,15.170000076293945,15.680000305175781,14.260000228881836,14.40999984741211,7.482105731964111,429900
2021-06-29,14.595000267028809,14.595000267028809,14.130000114440918,14.260000228881836,7.40422248840332,222700
2021-06-30,14.210000038146973,14.350000381469727,14.109999656677246,14.119999885559082,7.331529140472412,247300
2021-07-01,14.369999885559082,14.369999885559082,13.920000076293945,14.020000457763672,7.279605865478516,295700
2021-07-02,14.039999961853027,14.039999961853027,13.529999732971191,13.75,7.139415264129639,355000
2021-07-06,13.800000190734863,13.800000190734863,13.145000457763672,13.229999542236328,6.869414806365967,480000
2021-07-07,13.149999618530273,13.244999885559082,12.760000228881836,12.989999771118164,6.744799613952637,428800
2021-07-08,12.720000267028809,12.880000114440918,12.5,12.710000038146973,6.599414825439453,333400
2021-07-09,12.899999618530273,12.90999984741211,12.630000114440918,12.800000190734863,6.646146297454834,295000
2021-07-12,12.829999923706055,13.100000381469727,12.600000381469727,13.039999961853027,6.770761966705322,293400
2021-07-13,13.050000190734863,13.079999923706055,12.484999656677246,12.5,6.490376949310303,322300
2021-07-14,12.65999984741211,13.170000076293945,12.597000122070312,13.029999732971191,6.765568733215332,538400
2021-07-15,12.9399995803833,13.119999885559082,12.739999771118164,12.949999809265137,6.724029064178467,359600
2021-07-16,13.020000457763672,13.020000457763672,12.321000099182129,12.460000038146973,6.469607830047607,295800
2021-07-19,12.329999923706055,12.329999923706055,11.670000076293945,11.770000457763672,6.1113386154174805,434000
2021-07-20,11.770000457763672,12.0600004196167,11.569999694824219,11.880000114440918,6.168455123901367,289900
2021-07-21,12.119999885559082,12.470000267028809,12.109999656677246,12.359999656677246,6.417685031890869,212700
2021-07-22,12.289999961853027,12.34000015258789,11.940999984741211,12.069999694824219,6.267107963562012,195000
2021-07-23,12.170000076293945,12.170000076293945,11.880000114440918,12.069999694824219,6.267107963562012,230800
2021-07-26,12.119999885559082,12.479999542236328,12.119999885559082,12.329999923706055,6.4021077156066895,153500
2021-07-27,12.279999732971191,12.279999732971191,11.880000114440918,12.100000381469727,6.282685279846191,232000
2021-07-28,12.149999618530273,12.350000381469727,11.970000267028809,12.15999984741211,6.313838958740234,141100
2021-07-29,12.239999771118164,12.359999656677246,12.180000305175781,12.229999542236328,6.350183963775635,117200
2021-07-30,12.199999809265137,12.300000190734863,12.020000457763672,12.100000381469727,6.282685279846191,143300
2021-08-02,13.0600004196167,13.579999923706055,12.739999771118164,13.050000190734863,6.775954723358154,825800
2021-08-03,13.050000190734863,13.199999809265137,12.699999809265137,13.1899995803833,6.8486456871032715,510400
2021-08-04,13.010000228881836,13.697999954223633,12.899999618530273,13.100000381469727,6.801915645599365,528600
2021-08-05,13.079999923706055,13.305000305175781,12.895000457763672,13.100000381469727,6.801915645599365,514700
2021-08-06,12.199999809265137,12.569999694824219,12.069999694824219,12.460000038146973,7.004287242889404,432500
2021-08-09,12.300000190734863,12.375,11.739999771118164,11.760000228881836,6.610787391662598,390200
2021-08-10,11.760000228881836,12.239999771118164,11.710000038146973,12.170000076293945,6.8412652015686035,265300
2021-08-11,12.210000038146973,12.449999809265137,11.970000267028809,12.430000305175781,6.987422466278076,256200
2021-08-12,12.479999542236328,12.479999542236328,12.074999809265137,12.210000038146973,6.86375093460083,237200
2021-08-13,12.279999732971191,12.289999961853027,11.979999542236328,12.0600004196167,6.779430866241455,268200
2021-08-16,11.869999885559082,12.130000114440918,11.770000457763672,11.899999618530273,6.689486980438232,253400
2021-08-17,11.84000015258789,12.050000190734863,11.800000190734863,11.970000267028809,6.728837490081787,310900
2021-08-18,11.859999656677246,11.970000267028809,11.649999618530273,11.6899995803833,6.571437358856201,482000
2021-08-19,11.520000457763672,11.689000129699707,11.430000305175781,11.670000076293945,6.56019401550293,486000
2021-08-20,11.680000305175781,11.859999656677246,11.489999771118164,11.779999732971191,6.622030258178711,414000
2021-08-23,11.850000381469727,12.305000305175781,11.829999923706055,12.260000228881836,6.8918585777282715,349200
2021-08-24,12.390000343322754,12.75,12.319999694824219,12.609999656677246,7.088607311248779,338500
2021-08-25,12.670000076293945,12.829999923706055,12.5600004196167,12.6899995803833,7.133578777313232,280400
2021-08-26,12.6899995803833,12.84000015258789,12.5600004196167,12.609999656677246,7.088607311248779,180200
2021-08-27,12.899999618530273,13.4399995803833,12.890000343322754,13.289999961853027,7.470862865447998,401100
2021-08-30,13.210000038146973,13.329999923706055,12.899999618530273,12.960000038146973,7.285356521606445,227900
2021-08-31,12.880000114440918,13.319999694824219,12.880000114440918,13.220000267028809,7.43151330947876,215900
2021-09-01,13.34000015258789,13.510000228881836,13.22599983215332,13.479999542236328,7.577670097351074,202900
2021-09-02,13.539999961853027,13.84000015258789,13.510000228881836,13.5600004196167,7.622641563415527,353700
2021-09-03,13.65999984741211,13.720000267028809,13.34000015258789,13.5600004196167,7.622641563415527,213300
2021-09-07,13.579999923706055,13.800000190734863,13.15999984741211,13.210000038146973,7.425893306732178,338100
2021-09-08,13.149999618530273,13.350000381469727,12.65999984741211,12.75,7.167306900024414,300500
2021-09-09,12.739999771118164,13.210000038146973,12.449999809265137,12.869999885559082,7.23476505279541,337900
2021-09-10,13.069999694824219,13.069999694824219,12.529999732971191,12.569999694824219,7.066121578216553,260400
2021-09-13,12.699999809265137,12.880000114440918,12.5600004196167,12.630000114440918,7.099850654602051,312600
2021-09-14,12.550000190734863,12.609999656677246,11.609999656677246,11.6899995803833,6.571437358856201,1000600
2021-09-15,11.729999542236328,12.050000190734863,11.569999694824219,11.90999984741211,6.695107936859131,564600
2021-09-16,11.970000267028809,11.970000267028809,11.649999618530273,11.699999809265137,6.577057838439941,244700
2021-09-17,11.760000228881836,11.930000305175781,11.460000038146973,11.460000038146973,6.442144393920898,881100
2021-09-20,11.300000190734863,11.385000228881836,11.020000457763672,11.359999656677246,6.385931015014648,500300
2021-09-21,11.470000267028809,11.890000343322754,11.4350004196167,11.670000076293945,6.56019401550293,592900
2021-09-22,11.850000381469727,12.109999656677246,11.819999694824219,11.890000343322754,6.683865070343018,352600
2021-09-23,11.989999771118164,12.289999961853027,11.989999771118164,12.239999771118164,6.880615234375,217300
2021-09-24,12.239999771118164,12.569999694824219,12.229999542236328,12.329999923706055,6.931208610534668,289000
2021-09-27,12.5,12.75,12.430000305175781,12.5600004196167,7.060502052307129,648800
2021-09-28,12.649999618530273,12.800000190734863,12.239999771118164,12.449999809265137,6.998664855957031,413700
2021-09-29,12.569999694824219,12.569999694824219,12.32699966430664,12.369999885559082,6.95369291305542,154200
2021-09-30,12.4399995803833,12.569999694824219,12.270000457763672,12.40999984741211,6.976179122924805,264300
2021-10-01,12.449999809265137,12.760000228881836,12.359999656677246,12.760000228881836,7.172928810119629,450400
2021-10-04,12.800000190734863,13.109999656677246,12.6899995803833,12.800000190734863,7.195415019989014,395300
2021-10-05,12.859999656677246,13.229999542236328,12.829999923706055,12.979999542236328,7.296599388122559,320700
2021-10-06,12.770000457763672,12.845000267028809,12.399999618530273,12.670000076293945,7.122336387634277,253400
2021-10-07,12.710000038146973,12.803999900817871,12.550000190734863,12.670000076293945,7.122336387634277,319600
2021-10-08,12.819999694824219,12.960000038146973,12.670000076293945,12.6899995803833,7.133578777313232,227100
2021-10-11,12.84000015258789,13.09000015258789,12.760000228881836,12.789999961853027,7.189793109893799,214400
2021-10-12,12.8100004196167,12.979999542236328,12.670000076293945,12.770000457763672,7.178550720214844,302100
2021-10-13,12.6899995803833,12.760000228881836,12.369999885559082,12.649999618530273,7.111092567443848,274300
2021-10-14,12.84000015258789,12.84000015258789,12.329999923706055,12.380000114440918,6.959314823150635,297500
2021-10-15,12.630000114440918,12.788999557495117,12.489999771118164,12.489999771118164,7.0211501121521,262400
2021-10-18,12.609999656677246,12.75,12.5,12.65999984741211,7.116713523864746,244300
2021-10-19,12.710000038146973,12.850000381469727,12.569999694824219,12.829999923706055,7.212279796600342,259400
2021-10-20,12.850000381469727,13.0,12.649999618530273,12.8100004196167,7.2010369300842285,322400
2021-10-21,12.8100004196167,12.8100004196167,12.414999961853027,12.489999771118164,7.0211501121521,311400
2021-10-22,12.5,12.600000381469727,12.0600004196167,12.170000076293945,6.8412652015686035,279700
2021-10-25,12.260000228881836,12.779999732971191,12.260000228881836,12.489999771118164,7.0211501121521,445800
2021-10-26,12.449999809265137,12.539999961853027,11.9399995803833,11.970000267028809,6.728837490081787,321600
2021-10-27,11.899999618530273,11.954999923706055,11.5,11.640000343322754,6.54332971572876,373500
2021-10-28,11.65999984741211,11.949999809265137,11.649999618530273,11.899999618530273,6.689486980438232,295400
2021-10-29,11.869999885559082,12.430000305175781,11.859999656677246,12.119999885559082,6.813157558441162,411600
2021-11-01,12.199999809265137,12.550000190734863,12.100000381469727,12.449999809265137,6.998664855957031,467800
2021-11-02,12.489999771118164,12.489999771118164,12.050000190734863,12.390000343322754,6.964937210083008,443000
2021-11-03,12.970000267028809,13.9399995803833,12.75,13.59000015258789,7.639505863189697,844000
2021-11-04,13.720000267028809,14.279999732971191,13.319999694824219,13.329999923706055,7.493349552154541,402400
2021-11-05,13.329999923706055,13.390000343322754,12.779999732971191,12.8100004196167,7.2010369300842285,353400
2021-11-08,12.819999694824219,13.180000305175781,12.760000228881836,12.829999923706055,7.212279796600342,577700
2021-11-09,12.819999694824219,13.199999809265137,12.819999694824219,13.140000343322754,7.386543273925781,225800
2021-11-10,13.0,13.029999732971191,12.569999694824219,12.649999618530273,7.111092567443848,345900
2021-11-11,12.670000076293945,13.289999961853027,12.649999618530273,13.270000457763672,7.459620952606201,298400
2021-11-12,13.1899995803833,13.239999771118164,12.859999656677246,12.960000038146973,7.285356521606445,267100
2021-11-15,13.069999694824219,13.199999809265137,12.8100004196167,13.140000343322754,7.386543273925781,316600
2021-11-16,13.079999923706055,13.119999885559082,12.789999961853027,12.859999656677246,7.2291436195373535,320700
2021-11-17,12.880000114440918,12.989999771118164,12.710000038146973,12.979999542236328,7.296599388122559,332600
2021-11-18,12.920000076293945,13.029999732971191,12.670000076293945,12.8100004196167,7.2010369300842285,356600
2021-11-19,12.600000381469727,12.789999961853027,12.40999984741211,12.680000305175781,7.127957344055176,361200
2021-11-22,12.729999542236328,13.09000015258789,12.619999885559082,12.819999694824219,7.2066569328308105,367000
2021-11-23,13.0,13.260000228881836,12.791000366210938,13.039999961853027,7.330329418182373,367400
2021-11-24,13.010000228881836,13.149999618530273,12.869999885559082,13.069999694824219,7.347192764282227,185700
2021-11-26,12.539999961853027,12.619999885559082,12.130000114440918,12.510000228881836,7.032393455505371,340900
2021-11-29,12.770000457763672,12.779999732971191,12.470000267028809,12.5,7.026772499084473,479500
2021-11-30,12.34000015258789,12.465999603271484,11.899999618530273,12.3100004196167,6.919965744018555,966300
2021-12-01,12.710000038146973,12.710000038146973,11.979999542236328,12.029999732971191,6.762564659118652,468900
2021-12-02,12.069999694824219,12.569999694824219,12.039999961853027,12.470000267028809,7.0099077224731445,274200
2021-12-03,12.5600004196167,12.579000473022461,12.050000190734863,12.170000076293945,6.8412652015686035,303600
2021-12-06,12.34000015258789,12.380000114440918,12.109999656677246,12.170000076293945,6.8412652015686035,587100
2021-12-07,12.34000015258789,12.5600004196167,12.199999809265137,12.350000381469727,6.9424519538879395,404600
2021-12-08,12.40999984741211,12.878999710083008,12.333000183105469,12.850000381469727,7.223522186279297,374400
2021-12-09,12.710000038146973,12.75,12.350000381469727,12.720000267028809,7.1504435539245605,347300
2021-12-10,12.880000114440918,12.960000038146973,12.680000305175781,12.760000228881836,7.172928810119629,259900
2021-12-13,12.729999542236328,13.279999732971191,12.520000457763672,12.609999656677246,7.088607311248779,395800
2021-12-14,12.619999885559082,12.720000267028809,12.279999732971191,12.329999923706055,6.931208610534668,226700
2021-12-15,12.369999885559082,12.5600004196167,11.994999885559082,12.550000190734863,7.054879665374756,439100
2021-12-16,12.710000038146973,12.880000114440918,12.399999618530273,12.5600004196167,7.060502052307129,428000
2021-12-17,12.510000228881836,12.619999885559082,12.300000190734863,12.550000190734863,7.054879665374756,1035900
2021-12-20,12.350000381469727,12.350000381469727,11.960000038146973,12.270000457763672,6.897479057312012,393900
2021-12-21,12.420000076293945,12.699999809265137,12.40999984741211,12.520000457763672,7.038015365600586,222300
2021-12-22,12.569999694824219,12.930000305175781,12.399999618530273,12.930000305175781,7.268494129180908,288800
2021-12-23,12.979999542236328,12.979999542236328,12.640000343322754,12.65999984741211,7.116713523864746,163700
2021-12-27,12.65999984741211,12.760000228881836,12.430000305175781,12.710000038146973,7.144821643829346,162900
2021-12-28,12.729999542236328,12.899999618530273,12.609999656677246,12.75,7.167306900024414,147200
2021-12-29,12.779999732971191,12.930000305175781,12.640000343322754,12.819999694824219,7.2066569328308105,142100
2021-12-30,12.84000015258789,13.020000457763672,12.680000305175781,12.680000305175781,7.127957344055176,226200
2021-12-31,12.65999984741211,12.770000457763672,12.5600004196167,12.6899995803833,7.133578777313232,162000
2022-01-03,12.789999961853027,13.399999618530273,12.699999809265137,13.069999694824219,7.347192764282227,325500
2022-01-04,13.5,13.859999656677246,13.430000305175781,13.529999732971191,7.605778694152832,614600
2022-01-05,13.640000343322754,14.039999961853027,13.569999694824219,13.609999656677246,7.6507487297058105,484900
2022-01-06,13.760000228881836,13.899999618530273,13.350000381469727,13.460000038146973,7.566427707672119,403100
2022-01-07,13.460000038146973,13.907999992370605,13.460000038146973,13.869999885559082,7.796905994415283,463100
2022-01-10,14.0,14.100000381469727,13.510000228881836,13.739999771118164,7.723827838897705,555600
2022-01-11,13.819999694824219,14.319999694824219,13.670000076293945,14.270000457763672,8.02176284790039,788900
2022-01-12,14.399999618530273,14.539999961853027,14.039999961853027,14.300000190734863,8.038627624511719,531000
2022-01-13,13.350000381469727,13.5,13.149999618530273,13.369999885559082,8.080936431884766,548600
2022-01-14,13.319999694824219,13.46500015258789,13.170000076293945,13.4399995803833,8.123242378234863,255700
2022-01-18,13.40999984741211,13.600000381469727,12.949999809265137,13.050000190734863,7.887526512145996,492800
2022-01-19,13.0600004196167,13.0600004196167,12.529999732971191,12.5600004196167,7.591364860534668,489600
2022-01-20,12.5600004196167,12.600000381469727,11.970000267028809,12.020000457763672,7.26498556137085,579800
2022-01-21,11.899999618530273,12.130000114440918,11.539999961853027,11.550000190734863,6.980912208557129,522500
2022-01-24,11.369999885559082,11.489999771118164,10.770000457763672,11.430000305175781,6.908384323120117,602900
2022-01-25,11.319999694824219,12.1899995803833,11.1899995803833,12.130000114440918,7.331470012664795,527600
2022-01-26,12.270000457763672,12.369999885559082,11.59000015258789,11.720000267028809,7.083662033081055,390100
2022-01-27,12.020000457763672,12.199999809265137,11.859999656677246,12.109999656677246,7.319382190704346,431600
2022-01-28,12.0,12.15999984741211,11.619999885559082,12.039999961853027,7.277074337005615,278800
2022-01-31,12.0,12.050000190734863,11.670000076293945,11.890000343322754,7.186412334442139,435400
2022-02-01,11.869999885559082,12.1899995803833,11.864999771118164,12.130000114440918,7.331470012664795,411900
2022-02-02,12.199999809265137,12.430000305175781,12.114999771118164,12.170000076293945,7.355647087097168,400100
2022-02-03,11.989999771118164,12.329999923706055,11.71399974822998,12.1899995803833,7.367733955383301,448400
2022-02-04,12.229999542236328,12.579999923706055,12.024999618530273,12.420000076293945,7.506749629974365,618100
2022-02-07,12.34000015258789,12.829999923706055,11.9399995803833,12.8100004196167,7.742466926574707,584700
2022-02-08,12.779999732971191,12.859999656677246,12.270000457763672,12.390000343322754,7.488616943359375,417900
2022-02-09,12.449999809265137,12.5600004196167,12.300000190734863,12.449999809265137,7.524879455566406,390400
2022-02-10,12.399999618530273,12.710000038146973,12.359999656677246,12.4399995803833,7.5188374519348145,298300
2022-02-11,12.489999771118164,12.8100004196167,12.420000076293945,12.649999618530273,7.6457624435424805,234500
2022-02-14,12.569999694824219,12.619999885559082,12.368000030517578,12.5600004196167,7.591364860534668,329300
2022-02-15,12.380000114440918,12.600000381469727,12.380000114440918,12.539999961853027,7.579276084899902,296300
2022-02-16,12.65999984741211,12.902000427246094,12.600000381469727,12.8100004196167,7.742466926574707,258400
2022-02-17,12.770000457763672,13.069999694824219,12.680000305175781,12.729999542236328,7.694114685058594,305700
2022-02-18,12.630000114440918,12.734999656677246,12.5,12.579999923706055,7.603453159332275,280200
2022-02-22,12.850000381469727,12.899999618530273,12.5600004196167,12.680000305175781,7.663893699645996,503400
2022-02-23,12.75,13.029999732971191,12.75,12.930000305175781,7.814996719360352,303000
2022-02-24,13.149999618530273,13.170000076293945,12.899999618530273,13.15999984741211,7.954010009765625,455100
2022-02-25,13.199999809265137,13.569999694824219,13.109999656677246,13.510000228881836,8.165553092956543,299400
2022-02-28,13.550000190734863,14.048999786376953,13.510000228881836,13.779999732971191,8.328743934631348,490600
2022-03-01,13.829999923706055,14.069999694824219,13.630000114440918,13.989999771118164,8.455669403076172,398200
2022-03-02,14.109999656677246,14.369999885559082,13.895000457763672,14.279999732971191,8.630946159362793,524200
2022-03-03,14.229999542236328,14.449999809265137,14.029999732971191,14.140000343322754,8.546331405639648,283900
2022-03-04,14.130000114440918,14.359999656677246,13.90999984741211,14.289999961853027,8.63698959350586,861100
2022-03-07,14.449999809265137,15.010000228881836,14.260000228881836,14.460000038146973,8.739740371704102,841500
2022-03-08,14.569999694824219,14.6899995803833,13.989999771118164,14.319999694824219,8.655122756958008,652100
2022-03-09,14.239999771118164,14.239999771118164,13.824999809265137,13.9399995803833,8.425448417663574,418800
2022-03-10,13.760000228881836,14.239999771118164,13.75,14.1899995803833,8.576549530029297,357400
2022-03-11,14.0,14.350000381469727,13.880000114440918,13.979999542236328,8.449624061584473,312300
2022-03-14,13.84000015258789,13.859999656677246,13.3100004196167,13.390000343322754,8.093022346496582,336200
2022-03-15,13.079999923706055,13.220000267028809,12.75,13.010000228881836,7.863348484039307,521300
2022-03-16,13.050000190734863,13.550000190734863,13.029999732971191,13.539999961853027,8.183686256408691,375300
2022-03-17,13.6899995803833,13.895000457763672,13.529999732971191,13.819999694824219,8.35291862487793,284000
2022-03-18,13.739999771118164,13.829999923706055,13.279999732971191,13.640000343322754,8.244125366210938,877500
2022-03-21,13.859999656677246,13.989999771118164,13.720000267028809,13.930000305175781,8.419404029846191,478600
2022-03-22,13.989999771118164,14.15999984741211,13.4399995803833,13.539999961853027,8.183686256408691,567700
2022-03-23,13.670000076293945,13.789999961853027,13.475000381469727,13.710000038146973,8.286434173583984,285600
2022-03-24,13.729999542236328,14.079999923706055,13.630000114440918,14.020000457763672,8.473800659179688,347500
2022-03-25,14.180000305175781,15.020000457763672,14.170000076293945,14.859999656677246,8.981504440307617,847200
2022-03-28,14.699999809265137,14.800000190734863,14.449999809265137,14.649999618530273,8.854578018188477,567600
2022-03-29,14.390000343322754,14.390000343322754,13.84000015258789,14.109999656677246,8.528196334838867,933600
2022-03-30,14.210000038146973,14.5,14.119999885559082,14.210000038146973,8.588639259338379,381800
2022-03-31,14.130000114440918,14.649999618530273,14.130000114440918,14.489999771118164,8.757872581481934,702100
2022-04-01,14.600000381469727,14.949999809265137,14.579999923706055,14.739999771118164,8.908973693847656,561700
2022-04-04,14.979999542236328,14.989999771118164,14.210000038146973,14.359999656677246,8.679299354553223,550900
2022-04-05,14.329999923706055,14.979999542236328,14.300000190734863,14.770000457763672,8.927107810974121,726500
2022-04-06,15.050000190734863,15.579999923706055,14.739999771118164,14.84000015258789,8.969416618347168,1295100
2022-04-07,14.890000343322754,15.460000038146973,14.84000015258789,15.079999923706055,9.114474296569824,853400
2022-04-08,15.149999618530273,15.630000114440918,15.149999618530273,15.369999885559082,9.289752006530762,867200
2022-04-11,15.40999984741211,15.630000114440918,15.119999885559082,15.180000305175781,9.174915313720703,767500
2022-04-12,15.4399995803833,15.677000045776367,15.270000457763672,15.4399995803833,9.332060813903809,581400
2022-04-13,15.449999809265137,15.630000114440918,15.329999923706055,15.550000190734863,9.39854621887207,648600
2022-04-14,15.609999656677246,16.049999237060547,15.5600004196167,15.770000457763672,9.531516075134277,431500
2022-04-18,15.869999885559082,16.200000762939453,15.710000038146973,16.020000457763672,9.6826171875,640600
2022-04-19,15.899999618530273,15.949999809265137,15.5600004196167,15.65999984741211,9.4650297164917,597800
2022-04-20,15.729999542236328,15.850000381469727,15.40999984741211,15.699999809265137,9.48920726776123,469900
2022-04-21,15.680000305175781,15.743000030517578,14.960000038146973,15.020000457763672,9.07820987701416,559700
2022-04-22,14.970000267028809,15.404999732971191,14.75,14.859999656677246,8.981504440307617,515000
2022-04-25,14.510000228881836,14.529999732971191,13.850000381469727,14.199999809265137,8.582594871520996,755400
2022-04-26,14.25,14.609999656677246,14.09000015258789,14.380000114440918,8.691387176513672,534000
2022-04-27,14.430000305175781,14.90999984741211,14.289999961853027,14.84000015258789,8.969416618347168,600800
2022-04-28,15.0600004196167,15.399999618530273,14.550000190734863,15.270000457763672,9.2293119430542,528700
2022-04-29,15.229999542236328,15.24899959564209,14.670000076293945,14.720000267028809,8.896885871887207,307800
2022-05-02,14.649999618530273,14.84000015258789,14.25,14.600000381469727,8.824358940124512,423200
2022-05-03,14.65999984741211,15.130000114440918,14.65999984741211,15.039999961853027,9.09029769897461,303800
2022-05-04,15.3100004196167,15.5,15.079000473022461,15.430000305175781,9.326017379760742,367400
2022-05-05,16.5,17.420000076293945,16.219999313354492,17.260000228881836,10.432084083557129,1511600
2022-05-06,17.43000030517578,17.59000015258789,17.030000686645508,17.31999969482422,10.468347549438477,1115600
2022-05-09,17.139999389648438,17.31999969482422,16.600000381469727,16.860000610351562,10.190320014953613,1387200
2022-05-10,17.110000610351562,18.170000076293945,17.049999237060547,18.149999618530273,10.970005989074707,1596700
2022-05-11,18.25,18.5,17.840999603271484,17.899999618530273,10.818903923034668,862200
2022-05-12,17.920000076293945,18.299999237060547,17.299999237060547,17.729999542236328,10.716156005859375,1329600
2022-05-13,15.510000228881836,15.869999885559082,14.899999618530273,15.359999656677246,10.807624816894531,1163000
2022-05-16,15.420000076293945,16.260000228881836,15.34000015258789,16.06999969482422,11.307197570800781,868700
2022-05-17,16.200000762939453,16.459999084472656,15.529999732971191,15.550000190734863,10.941314697265625,786100
2022-05-18,15.579999923706055,15.890000343322754,15.029999732971191,15.300000190734863,10.765409469604492,727000
2022-05-19,15.1899995803833,15.819999694824219,15.010000228881836,15.600000381469727,10.976495742797852,643300
2022-05-20,15.720000267028809,16.0,15.529999732971191,15.8100004196167,11.12425708770752,462000
2022-05-23,15.949999809265137,16.049999237060547,15.699999809265137,16.020000457763672,11.272017478942871,691900
2022-05-24,16.020000457763672,16.209999084472656,15.8100004196167,16.020000457763672,11.272017478942871,436300
2022-05-25,15.890000343322754,16.639999389648438,15.890000343322754,16.59000015258789,11.673079490661621,440000
2022-05-26,16.600000381469727,16.709999084472656,16.040000915527344,16.280000686645508,11.45495891571045,685700
2022-05-27,16.190000534057617,16.979999542236328,16.110000610351562,16.860000610351562,11.863059043884277,659600
2022-05-31,17.200000762939453,17.360000610351562,16.709999084472656,17.0,11.961565971374512,1290000
2022-06-01,17.010000228881836,18.18000030517578,17.010000228881836,18.09000015258789,12.72851276397705,937400
2022-06-02,18.0,18.0,17.56999969482422,17.68000030517578,12.440028190612793,737700
2022-06-03,17.8700008392334,18.18000030517578,17.75,18.06999969482422,12.714439392089844,724700
2022-06-06,18.0,18.354999542236328,17.770000457763672,18.1299991607666,12.756657600402832,771900
2022-06-07,17.959999084472656,18.440000534057617,17.780000686645508,18.100000381469727,12.735548973083496,530600
2022-06-08,18.170000076293945,18.170000076293945,17.450000762939453,17.530000686645508,12.334484100341797,548700
2022-06-09,17.5,17.530000686645508,16.621999740600586,16.649999618530273,11.715298652648926,813000
2022-06-10,16.469999313354492,17.0,16.31999969482422,16.860000610351562,11.863059043884277,631600
2022-06-13,16.360000610351562,16.4689998626709,15.649999618530273,15.739999771118164,11.07500171661377,810800
2022-06-14,16.020000457763672,16.260000228881836,15.819999694824219,15.949999809265137,11.222762107849121,493300
2022-06-15,15.899999618530273,15.954999923706055,15.270000457763672,15.600000381469727,10.976495742797852,910600
2022-06-16,15.3100004196167,15.50100040435791,14.869999885559082,15.050000190734863,10.589502334594727,672100
2022-06-17,14.920000076293945,15.0600004196167,14.119999885559082,14.430000305175781,10.153258323669434,1492100
2022-06-21,14.579999923706055,15.640000343322754,14.579999923706055,15.470000267028809,10.885025024414062,565600
2022-06-22,14.949999809265137,15.180000305175781,14.769000053405762,14.789999961853027,10.406562805175781,644200
2022-06-23,14.880000114440918,15.0,13.859999656677246,14.0,9.850701332092285,764300
2022-06-24,14.229999542236328,14.8100004196167,14.015000343322754,14.6899995803833,10.336199760437012,848900
2022-06-27,14.880000114440918,15.529999732971191,14.8149995803833,15.369999885559082,10.81466293334961,494900
2022-06-28,15.649999618530273,15.670000076293945,15.279999732971191,15.4399995803833,10.863916397094727,343000
2022-06-29,15.75,15.779999732971191,15.210000038146973,15.300000190734863,10.765409469604492,510700
2022-06-30,15.170000076293945,15.289999961853027,14.890000343322754,15.199999809265137,10.695046424865723,410000
2022-07-01,15.100000381469727,15.270000457763672,14.395000457763672,14.960000038146973,10.526176452636719,399400
2022-07-05,14.609999656677246,14.670000076293945,14.130000114440918,14.529999732971191,10.223620414733887,567200
2022-07-06,14.40999984741211,14.520000457763672,13.479999542236328,13.920000076293945,9.794410705566406,562600
2022-07-07,14.399999618530273,14.890000343322754,14.399999618530273,14.529999732971191,10.223620414733887,533300
2022-07-08,14.619999885559082,14.859999656677246,14.460000038146973,14.649999618530273,10.308053970336914,293700
2022-07-11,14.40999984741211,14.720000267028809,14.369999885559082,14.569999694824219,10.251764297485352,239400
2022-07-12,14.369999885559082,14.510000228881836,14.109999656677246,14.300000190734863,10.061786651611328,384500
2022-07-13,14.1899995803833,14.949999809265137,14.1899995803833,14.800000190734863,10.413599014282227,373000
2022-07-14,14.5,14.869999885559082,14.329999923706055,14.84000015258789,10.441742897033691,378200
2022-07-15,15.0600004196167,15.279999732971191,14.680000305175781,15.270000457763672,10.74429988861084,285800
2022-07-18,15.729999542236328,15.96500015258789,15.475000381469727,15.770000457763672,11.096111297607422,579900
2022-07-19,15.670000076293945,16.3799991607666,15.510000228881836,16.209999084472656,11.4057035446167,538900
2022-07-20,16.1200008392334,16.3700008392334,15.90999984741211,16.329999923706055,11.490138053894043,316800
2022-07-21,16.350000381469727,16.375,15.949999809265137,16.270000457763672,11.447921752929688,315700
2022-07-22,16.299999237060547,16.350000381469727,15.619999885559082,15.720000267028809,11.060929298400879,373800
2022-07-25,15.9399995803833,16.350000381469727,15.8100004196167,16.31999969482422,11.48310375213623,336300
2022-07-26,16.450000762939453,16.90999984741211,16.149999618530273,16.459999084472656,11.581608772277832,626900
2022-07-27,16.360000610351562,16.55299949645996,16.020000457763672,16.420000076293945,11.553464889526367,525400
2022-07-28,16.469999313354492,16.55500030517578,15.680000305175781,15.930000305175781,11.208690643310547,574800
2022-07-29,16.149999618530273,16.290000915527344,15.829999923706055,16.1200008392334,11.342378616333008,495200
2022-08-01,16.1200008392334,16.579999923706055,15.90999984741211,16.40999984741211,11.546428680419922,566800
2022-08-02,16.56999969482422,17.049999237060547,16.3799991607666,16.780000686645508,11.806769371032715,539100
2022-08-03,16.850000381469727,17.200000762939453,16.200000762939453,16.209999084472656,11.4057035446167,621800
2022-08-04,16.170000076293945,16.200000762939453,15.199999809265137,15.3100004196167,10.772445678710938,757800
2022-08-05,15.069999694824219,15.75,15.010000228881836,15.699999809265137,11.046856880187988,491300
2022-08-08,15.789999961853027,16.190000534057617,15.770000457763672,15.930000305175781,11.208690643310547,611900
2022-08-09,16.200000762939453,16.5,16.040000915527344,16.469999313354492,11.588645935058594,742100
2022-08-10,16.670000076293945,16.670000076293945,16.19499969482422,16.350000381469727,11.50421142578125,783100
2022-08-11,16.559999465942383,16.770000457763672,16.209999084472656,16.68000030517578,11.736407279968262,751200
2022-08-12,15.90999984741211,15.920000076293945,15.157999992370605,15.420000076293945,11.541797637939453,751400
2022-08-15,15.050000190734863,15.399999618530273,14.600000381469727,15.34000015258789,11.481917381286621,703200
2022-08-16,15.25,15.390000343322754,14.774999618530273,14.789999961853027,11.070245742797852,664100
2022-08-17,14.760000228881836,15.149999618530273,14.710000038146973,15.050000190734863,11.264853477478027,527000
2022-08-18,15.279999732971191,15.600000381469727,15.279999732971191,15.59000015258789,11.669042587280273,405500
2022-08-19,15.5,15.510000228881836,15.020000457763672,15.09000015258789,11.294795036315918,479900
2022-08-22,15.0,15.649999618530273,15.0,15.4399995803833,11.556767463684082,509300
2022-08-23,15.600000381469727,15.789999961853027,15.220000267028809,15.369999885559082,11.504373550415039,532500
2022-08-24,15.40999984741211,15.65999984741211,15.15999984741211,15.199999809265137,11.377127647399902,400700
2022-08-25,15.239999771118164,15.579999923706055,15.239999771118164,15.359999656677246,11.496886253356934,389000
2022-08-26,15.34000015258789,15.520000457763672,15.119999885559082,15.449999809265137,11.564252853393555,339800
2022-08-29,15.359999656677246,16.079999923706055,15.300000190734863,15.479999542236328,11.586705207824707,933300
2022-08-30,15.350000381469727,15.430000305175781,13.880000114440918,14.119999885559082,10.568754196166992,1138400
2022-08-31,13.949999809265137,14.5600004196167,13.781999588012695,14.550000190734863,10.890605926513672,745400
2022-09-01,14.319999694824219,14.479999542236328,13.949999809265137,14.050000190734863,10.51636028289795,543600
2022-09-02,14.260000228881836,14.5600004196167,14.079999923706055,14.5600004196167,10.898092269897461,461400
2022-09-06,14.770000457763672,15.170000076293945,14.420000076293945,14.550000190734863,10.890605926513672,753400
2022-09-07,14.239999771118164,14.239999771118164,13.579999923706055,13.960000038146973,10.448994636535645,771400
2022-09-08,13.960000038146973,14.050000190734863,13.734999656677246,13.789999961853027,10.321749687194824,451800
2022-09-09,14.020000457763672,14.539999961853027,14.020000457763672,14.520000457763672,10.868151664733887,450900
2022-09-12,14.710000038146973,14.970000267028809,14.640000343322754,14.779999732971191,11.062760353088379,498000
2022-09-13,14.65999984741211,14.819999694824219,14.520000457763672,14.630000114440918,10.950486183166504,487200
2022-09-14,14.859999656677246,15.407999992370605,14.739999771118164,14.949999809265137,11.190004348754883,540700
2022-09-15,14.75,14.859999656677246,14.59000015258789,14.729999542236328,11.025335311889648,455300
2022-09-16,14.600000381469727,14.600000381469727,13.850000381469727,13.960000038146973,10.448994636535645,1386400
2022-09-19,13.649999618530273,14.270000457763672,13.5600004196167,14.260000228881836,10.673543930053711,413000
2022-09-20,14.130000114440918,14.470000267028809,13.970000267028809,14.1899995803833,10.621148109436035,469100
2022-09-21,14.289999961853027,14.539999961853027,14.239999771118164,14.319999694824219,10.718452453613281,492400
2022-09-22,14.579999923706055,14.869999885559082,14.470000267028809,14.729999542236328,11.025335311889648,681900
2022-09-23,14.229999542236328,14.329999923706055,12.904999732971191,13.069999694824219,9.782833099365234,1138700
2022-09-26,13.0,13.609999656677246,12.90999984741211,13.020000457763672,9.74540901184082,625000
2022-09-27,13.170000076293945,13.649999618530273,12.90999984741211,13.569999694824219,10.15708065032959,556700
2022-09-28,13.510000228881836,14.279999732971191,13.390000343322754,14.180000305175781,10.613664627075195,665700
2022-09-29,14.25,14.295000076293945,13.449999809265137,13.630000114440918,10.201991081237793,756400
2022-09-30,13.609999656677246,13.960000038146973,13.539999961853027,13.569999694824219,10.15708065032959,565300
2022-10-03,14.069999694824219,14.579999923706055,13.899999618530273,13.90999984741211,10.411569595336914,734400
2022-10-04,13.970000267028809,14.390000343322754,13.850000381469727,14.359999656677246,10.748392105102539,517700
2022-10-05,14.329999923706055,14.489999771118164,13.920000076293945,14.279999732971191,10.688511848449707,360900
2022-10-06,14.199999809265137,14.600000381469727,14.09000015258789,14.510000228881836,10.86066722869873,455500
2022-10-07,14.539999961853027,14.729999542236328,14.380000114440918,14.510000228881836,10.86066722869873,621900
2022-10-10,14.619999885559082,14.789999961853027,14.199999809265137,14.270000457763672,10.681028366088867,327300
2022-10-11,14.170000076293945,14.489999771118164,13.913999557495117,14.289999961853027,10.695996284484863,288800
2022-10-12,14.279999732971191,14.550000190734863,14.0,14.520000457763672,10.868151664733887,307200
2022-10-13,14.4399995803833,14.970000267028809,14.4399995803833,14.949999809265137,11.190004348754883,435100
2022-10-14,14.869999885559082,15.079999923706055,14.739999771118164,14.960000038146973,11.197489738464355,368100
2022-10-17,15.229999542236328,15.579999923706055,15.206999778747559,15.529999732971191,11.624131202697754,440800
2022-10-18,15.600000381469727,15.819999694824219,15.354999542236328,15.680000305175781,11.736406326293945,394800
2022-10-19,15.649999618530273,15.899999618530273,15.595000267028809,15.75,11.788801193237305,434100
2022-10-20,15.800000190734863,15.850000381469727,15.510000228881836,15.579999923706055,11.661556243896484,432400
2022-10-21,15.890000343322754,15.949999809265137,15.600000381469727,15.760000228881836,11.796285629272461,303900
2022-10-24,15.829999923706055,16.100000381469727,15.619999885559082,16.020000457763672,11.99089527130127,431000
2022-10-25,15.989999771118164,16.510000228881836,15.930000305175781,16.489999771118164,12.34268856048584,498300
2022-10-26,16.610000610351562,16.739999771118164,16.09000015258789,16.200000762939453,12.12562370300293,333600
2022-10-27,16.75,17.309999465942383,16.56999969482422,16.979999542236328,12.70944881439209,633100
2022-10-28,17.030000686645508,17.56999969482422,16.930999755859375,17.56999969482422,13.151063919067383,776100
2022-10-31,17.600000381469727,18.274999618530273,17.459999084472656,18.06999969482422,13.525309562683105,740600
2022-11-01,18.299999237060547,18.709999084472656,18.016000747680664,18.56999969482422,13.899559020996094,920200
2022-11-02,18.899999618530273,19.450000762939453,18.65999984741211,18.84000015258789,14.101651191711426,1062000
2022-11-03,19.0,19.670000076293945,18.899999618530273,19.43000030517578,14.54326343536377,1084400
2022-11-04,18.600000381469727,18.899999618530273,18.06999969482422,18.850000381469727,14.874688148498535,837600
2022-11-07,18.959999084472656,19.270000457763672,18.75,19.010000228881836,15.000946044921875,598800
2022-11-08,18.75,19.0,18.3700008392334,18.81999969482422,14.8510160446167,715300
2022-11-09,18.450000762939453,18.75,17.809999465942383,17.84000015258789,14.077690124511719,618500
2022-11-10,17.989999771118164,18.280000686645508,17.65999984741211,18.209999084472656,14.369659423828125,712200
2022-11-11,18.670000076293945,18.700000762939453,18.200000762939453,18.6200008392334,14.693195343017578,431100
2022-11-14,18.6299991607666,18.940000534057617,18.270000457763672,18.670000076293945,14.732648849487305,601700
2022-11-15,18.649999618530273,19.290000915527344,18.329999923706055,19.260000228881836,15.198223114013672,606500
2022-11-16,19.09000015258789,19.163000106811523,18.68000030517578,18.709999084472656,14.764212608337402,394300
2022-11-17,18.510000228881836,19.350000381469727,18.510000228881836,19.350000381469727,15.269244194030762,411000
2022-11-18,19.18000030517578,19.219999313354492,18.799999237060547,19.1299991607666,15.0956392288208,397900
2022-11-21,18.959999084472656,19.299999237060547,18.540000915527344,19.299999237060547,15.22978687286377,417700
2022-11-22,19.399999618530273,19.709999084472656,19.3799991607666,19.600000381469727,15.466519355773926,445800
2022-11-23,19.299999237060547,19.610000610351562,19.135000228881836,19.469999313354492,15.363937377929688,365100
2022-11-25,19.440000534057617,19.520000457763672,19.100000381469727,19.360000610351562,15.277134895324707,173200
2022-11-28,19.0,19.2549991607666,18.780000686645508,18.8700008392334,14.890469551086426,346300
2022-11-29,19.290000915527344,19.780000686645508,18.920000076293945,19.579999923706055,15.450737953186035,740600
2022-11-30,19.75,19.81999969482422,19.350000381469727,19.469999313354492,15.363937377929688,1045700
2022-12-01,19.540000915527344,20.040000915527344,19.540000915527344,19.860000610351562,15.671689987182617,520500
2022-12-02,19.809999465942383,20.520000457763672,19.6299991607666,20.489999771118164,16.1688289642334,412000
2022-12-05,20.75,21.06999969482422,19.440000534057617,19.530000686645508,15.411284446716309,721600
2022-12-06,19.299999237060547,19.711999893188477,18.7189998626709,18.8700008392334,14.890469551086426,651600
2022-12-07,18.899999618530273,19.049999237060547,18.270000457763672,18.600000381469727,14.677410125732422,578000
2022-12-08,18.75,19.06100082397461,18.59000015258789,18.600000381469727,14.677410125732422,459400
2022-12-09,18.5,18.73200035095215,18.40999984741211,18.489999771118164,14.590611457824707,684300
2022-12-12,18.65999984741211,19.219999313354492,18.559999465942383,19.1200008392334,15.087748527526855,514100
2022-12-13,19.68000030517578,20.399999618530273,19.450000762939453,20.34000015258789,16.050458908081055,752800
2022-12-14,20.360000610351562,20.43000030517578,19.049999237060547,19.280000686645508,15.214005470275879,622200
2022-12-15,19.25,19.56999969482422,19.079999923706055,19.209999084472656,15.158767700195312,388700
2022-12-16,18.889999389648438,19.170000076293945,18.753999710083008,19.170000076293945,15.127203941345215,893500
2022-12-19,19.239999771118164,19.459999084472656,18.860000610351562,19.06999969482422,15.048293113708496,484300
2022-12-20,19.059999465942383,19.479999542236328,19.030000686645508,19.440000534057617,15.340262413024902,287600
2022-12-21,19.68000030517578,19.8700008392334,19.3700008392334,19.709999084472656,15.553322792053223,299900
2022-12-22,19.690000534057617,19.75,18.889999389648438,19.1299991607666,15.0956392288208,371000
2022-12-23,19.309999465942383,19.600000381469727,19.18000030517578,19.520000457763672,15.403392791748047,280800
2022-12-27,19.68000030517578,19.829999923706055,19.399999618530273,19.6200008392334,15.48230266571045,241800
2022-12-28,19.5,19.545000076293945,18.709999084472656,18.780000686645508,14.819453239440918,466500
2022-12-29,18.790000915527344,19.15999984741211,18.65999984741211,19.100000381469727,15.071968078613281,363200
2022-12-30,18.8799991607666,19.049999237060547,18.72100067138672,18.950000762939453,14.953600883483887,492800
2023-01-03,18.959999084472656,19.0,18.040000915527344,18.15999984741211,14.330204963684082,628000
2023-01-04,17.760000228881836,17.979999542236328,17.290000915527344,17.459999084472656,13.777826309204102,827100
2023-01-05,17.100000381469727,17.25,15.8100004196167,15.960000038146973,12.594165802001953,1058200
2023-01-06,16.139999389648438,16.655000686645508,16.079999923706055,16.360000610351562,12.909810066223145,689600
2023-01-09,16.649999618530273,16.950000762939453,16.5,16.579999923706055,13.083414077758789,715400
2023-01-10,16.299999237060547,16.56999969482422,16.12299919128418,16.399999618530273,12.941374778747559,769800
2023-01-11,16.670000076293945,17.06999969482422,16.520000457763672,16.829999923706055,13.280692100524902,470800
2023-01-12,16.920000076293945,17.48699951171875,16.700000762939453,17.309999465942383,13.659462928771973,420200
2023-01-13,17.219999313354492,17.905000686645508,17.079999923706055,17.829999923706055,14.069799423217773,396000
2023-01-17,18.0,18.09000015258789,17.600000381469727,17.979999542236328,14.188163757324219,464400
2023-01-18,18.3700008392334,18.56999969482422,17.34000015258789,17.360000610351562,13.698919296264648,726200
2023-01-19,17.350000381469727,18.18000030517578,17.239999771118164,18.0,14.203947067260742,854600
2023-01-20,18.149999618530273,18.520000457763672,17.790000915527344,18.440000534057617,14.551154136657715,374600
2023-01-23,18.420000076293945,18.420000076293945,18.100000381469727,18.139999389648438,14.314423561096191,360400
2023-01-24,16.6299991607666,18.280000686645508,16.6299991607666,17.75,14.006671905517578,446700
2023-01-25,17.649999618530273,18.100000381469727,17.31999969482422,18.049999237060547,14.243403434753418,435400
2023-01-26,18.18000030517578,18.31999969482422,17.780000686645508,18.31999969482422,14.456459999084473,544100
2023-01-27,18.299999237060547,18.959999084472656,18.295000076293945,18.639999389648438,14.708975791931152,525100
2023-01-30,18.6200008392334,19.989999771118164,18.489999771118164,19.489999771118164,15.379719734191895,659300
2023-01-31,19.450000762939453,19.889999389648438,19.049999237060547,19.850000381469727,15.663797378540039,525600
2023-02-01,20.40999984741211,22.295000076293945,20.101999282836914,22.1200008392334,17.455074310302734,2134900
2023-02-02,22.3799991607666,22.420000076293945,21.290000915527344,22.059999465942383,17.407726287841797,915000
2023-02-03,22.110000610351562,23.06999969482422,21.989999771118164,22.260000228881836,17.565547943115234,1206500
2023-02-06,21.780000686645508,22.030000686645508,21.246999740600586,21.739999771118164,17.155210494995117,923000
2023-02-07,21.6299991607666,21.989999771118164,21.299999237060547,21.969999313354492,17.336706161499023,680300
2023-02-08,22.010000228881836,22.290000915527344,21.5,22.059999465942383,17.407726287841797,550000
2023-02-09,22.299999237060547,22.489999771118164,21.790000915527344,22.360000610351562,17.644458770751953,647700
2023-02-10,22.5,22.614999771118164,22.200000762939453,22.510000228881836,17.7628231048584,661500
2023-02-13,22.59000015258789,23.510000228881836,22.399999618530273,23.34000015258789,18.41778564453125,1548900
2023-02-14,22.260000228881836,22.26099967956543,21.510000228881836,22.15999984741211,18.269386291503906,915100
2023-02-15,21.829999923706055,22.29599952697754,21.43000030517578,22.260000228881836,18.351829528808594,616200
2023-02-16,22.200000762939453,22.3700008392334,21.889999389648438,22.200000762939453,18.302366256713867,616300
2023-02-17,22.079999923706055,22.1200008392334,21.59000015258789,21.690000534057617,17.88190269470215,605900
2023-02-21,21.530000686645508,22.079999923706055,21.299999237060547,21.93000030517578,18.07976722717285,822000
2023-02-22,21.81999969482422,21.979999542236328,21.280000686645508,21.469999313354492,17.700531005859375,616900
2023-02-23,21.899999618530273,22.400999069213867,21.6299991607666,22.270000457763672,18.360074996948242,540600
2023-02-24,22.170000076293945,22.34000015258789,21.770000457763672,21.889999389648438,18.046791076660156,558200
2023-02-27,22.0,22.325000762939453,21.940000534057617,22.190000534057617,18.294118881225586,526500
2023-02-28,22.31999969482422,22.389999389648438,21.920000076293945,21.950000762939453,18.096256256103516,1384600
2023-03-01,22.0,22.768999099731445,22.0,22.559999465942383,18.59916114807129,494600
2023-03-02,22.389999389648438,22.389999389648438,22.010000228881836,22.290000915527344,18.376562118530273,559500
2023-03-03,22.200000762939453,22.540000915527344,21.799999237060547,22.489999771118164,18.54144859313965,500900
2023-03-06,22.530000686645508,22.59000015258789,21.850000381469727,22.1299991607666,18.244653701782227,625800
2023-03-07,21.969999313354492,22.149999618530273,21.579999923706055,22.059999465942383,18.18694305419922,558900
2023-03-08,22.270000457763672,22.579999923706055,22.09000015258789,22.459999084472656,18.51671600341797,514800
2023-03-09,22.559999465942383,22.68000030517578,22.06999969482422,22.09000015258789,18.21167755126953,488100
2023-03-10,22.010000228881836,22.239999771118164,21.110000610351562,21.239999771118164,17.510910034179688,622400
2023-03-13,20.770000457763672,21.149999618530273,20.100000381469727,20.649999618530273,17.024497985839844,791500
2023-03-14,20.739999771118164,21.65999984741211,20.735000610351562,21.530000686645508,17.7499942779541,535800
2023-03-15,20.579999923706055,20.579999923706055,19.422000885009766,20.09000015258789,16.562814712524414,848000
2023-03-16,19.770000457763672,20.40999984741211,19.304000854492188,20.25,16.69472312927246,591500
2023-03-17,19.950000762939453,20.18000030517578,19.187000274658203,19.520000457763672,16.0928897857666,909400
2023-03-20,19.8799991607666,20.729999542236328,19.68000030517578,20.489999771118164,16.892587661743164,496600
2023-03-21,21.360000610351562,21.950000762939453,21.280000686645508,21.809999465942383,17.980836868286133,585800
2023-03-22,21.68000030517578,22.030000686645508,21.15999984741211,21.489999771118164,17.717018127441406,498000
2023-03-23,21.729999542236328,22.034000396728516,20.350000381469727,20.65999984741211,17.032739639282227,574800
2023-03-24,20.31999969482422,20.959999084472656,20.229999542236328,20.65999984741211,17.032739639282227,408500
2023-03-27,20.8799991607666,20.959999084472656,20.350000381469727,20.739999771118164,17.098695755004883,491000
2023-03-28,20.700000762939453,20.899999618530273,20.530000686645508,20.739999771118164,17.098695755004883,402300
2023-03-29,21.059999465942383,21.200000762939453,20.415000915527344,20.579999923706055,16.966787338256836,419500
2023-03-30,20.56999969482422,20.56999969482422,19.200000762939453,19.520000457763672,16.0928897857666,862800
2023-03-31,19.579999923706055,20.0,19.459999084472656,19.940000534057617,16.439149856567383,749900
2023-04-03,20.280000686645508,20.280000686645508,19.59000015258789,19.81999969482422,16.340219497680664,520800
2023-04-04,20.309999465942383,20.459999084472656,19.790000915527344,20.020000457763672,16.50510597229004,562900
2023-04-05,19.8700008392334,20.110000610351562,19.40999984741211,20.020000457763672,16.50510597229004,686400
2023-04-06,20.010000228881836,20.010000228881836,19.549999237060547,19.649999618530273,16.20006561279297,331200
2023-04-10,19.68000030517578,20.190000534057617,19.649999618530273,19.790000915527344,16.31548500061035,620900
2023-04-11,19.65999984741211,20.350000381469727,19.25,20.149999618530273,16.612281799316406,663100
2023-04-12,20.239999771118164,20.858999252319336,20.15999984741211,20.75,17.10694122314453,464800
2023-04-13,20.760000228881836,21.530000686645508,20.690000534057617,21.229999542236328,17.502668380737305,584000
2023-04-14,21.260000228881836,21.700000762939453,21.149999618530273,21.65999984741211,17.8571720123291,424900
2023-04-17,21.65999984741211,22.450000762939453,21.56999969482422,22.360000610351562,18.43427276611328,478800
2023-04-18,22.200000762939453,22.534000396728516,22.06999969482422,22.43000030517578,18.491981506347656,323900
2023-04-19,22.200000762939453,22.240999221801758,21.1200008392334,21.559999465942383,17.77472686767578,521100
2023-04-20,21.399999618530273,21.690000534057617,21.34000015258789,21.690000534057617,17.88190269470215,428000
2023-04-21,22.0,22.0,21.3700008392334,21.8799991607666,18.03854751586914,352000
2023-04-24,21.860000610351562,22.510000228881836,21.834999084472656,22.34000015258789,18.417783737182617,310400
2023-04-25,22.0,22.089000701904297,21.351999282836914,21.549999237060547,17.7664852142334,354300
2023-04-26,21.59000015258789,22.030000686645508,21.56999969482422,21.6200008392334,17.82419776916504,418200
2023-04-27,21.649999618530273,22.010000228881836,21.209999084472656,21.940000534057617,18.088010787963867,481100
2023-04-28,21.889999389648438,22.43000030517578,21.780000686645508,22.219999313354492,18.3188533782959,870200
2023-05-01,22.270000457763672,22.93000030517578,21.850000381469727,22.360000610351562,18.43427276611328,1420900
2023-05-02,22.420000076293945,22.43000030517578,21.020000457763672,21.8799991607666,18.03854751586914,1049500
2023-05-03,21.899999618530273,22.25,21.59000015258789,21.979999542236328,18.120988845825195,896900
2023-05-04,21.780000686645508,22.0,21.510000228881836,21.899999618530273,18.055036544799805,825300
2023-05-05,21.299999237060547,22.05500030517578,21.06999969482422,21.110000610351562,18.2364501953125,768100
2023-05-08,22.0,22.6200008392334,21.68000030517578,22.25,19.221269607543945,1051600
2023-05-09,22.020000457763672,22.020000457763672,21.350000381469727,21.479999542236328,18.55608367919922,763700
2023-05-10,21.600000381469727,21.90999984741211,21.110000610351562,21.8799991607666,18.901636123657227,388500
2023-05-11,21.670000076293945,22.299999237060547,21.549999237060547,21.920000076293945,18.936189651489258,495800
2023-05-12,21.90999984741211,22.329999923706055,21.709999084472656,21.790000915527344,18.823884963989258,365800
2023-05-15,21.940000534057617,22.170000076293945,21.729999542236328,21.790000915527344,18.823884963989258,403000
2023-05-16,21.5,21.75,21.25,21.270000457763672,18.37466812133789,352000
2023-05-17,21.5,22.049999237060547,21.40999984741211,21.93000030517578,18.944828033447266,471900
2023-05-18,22.0,22.56999969482422,21.75,22.5,19.437238693237305,510800
2023-05-19,22.829999923706055,24.0049991607666,22.722999572753906,23.790000915527344,20.551639556884766,711700
2023-05-22,23.860000610351562,24.420000076293945,23.670000076293945,24.09000015258789,20.810802459716797,659600
2023-05-23,24.149999618530273,24.420000076293945,23.770000457763672,23.850000381469727,20.603473663330078,554900
2023-05-24,24.09000015258789,24.101999282836914,22.440000534057617,23.31999969482422,20.145618438720703,714400
2023-05-25,24.31999969482422,25.559999465942383,24.100000381469727,24.329999923706055,21.01813316345215,803600
2023-05-26,24.40999984741211,24.6299991607666,24.049999237060547,24.280000686645508,20.97494125366211,462500
2023-05-30,24.239999771118164,24.350000381469727,23.309999465942383,23.3700008392334,20.188812255859375,482500
2023-05-31,23.299999237060547,23.67300033569336,23.020000457763672,23.079999923706055,19.938289642333984,762100
2023-06-01,23.270000457763672,24.0,23.204999923706055,23.989999771118164,20.724416732788086,449400
2023-06-02,24.260000228881836,24.399999618530273,23.559999465942383,24.079999923706055,20.802165985107422,446600
2023-06-05,23.950000762939453,24.25,23.15999984741211,23.389999389648438,20.206090927124023,415100
2023-06-06,23.09000015258789,23.3799991607666,22.6200008392334,23.200000762939453,20.041954040527344,509600
2023-06-07,23.3799991607666,23.68000030517578,23.09000015258789,23.549999237060547,20.344310760498047,418700
2023-06-08,23.639999389648438,23.889999389648438,23.389999389648438,23.459999084472656,20.26656150817871,464400
2023-06-09,23.3799991607666,23.81999969482422,23.280000686645508,23.639999389648438,20.42205810546875,381100
2023-06-12,23.600000381469727,23.649999618530273,23.329999923706055,23.399999618530273,20.21472930908203,481600
2023-06-13,23.6299991607666,24.235000610351562,23.610000610351562,24.190000534057617,20.897192001342773,583800
2023-06-14,24.25,24.68000030517578,24.239999771118164,24.459999084472656,21.13043785095215,499200
2023-06-15,24.479999542236328,24.850000381469727,24.200000762939453,24.850000381469727,21.467350006103516,386800
2023-06-16,25.110000610351562,25.200000762939453,24.34000015258789,24.469999313354492,21.139076232910156,899700
2023-06-20,24.59000015258789,24.59000015258789,24.020000457763672,24.31999969482422,21.00949478149414,431500
2023-06-21,24.31999969482422,25.288000106811523,24.283000946044922,24.829999923706055,21.450075149536133,525500
2023-06-22,24.799999237060547,25.18000030517578,24.524999618530273,25.1299991607666,21.709238052368164,351900
2023-06-23,25.0,25.0,24.100000381469727,24.170000076293945,20.879913330078125,1307000
2023-06-26,24.200000762939453,24.6299991607666,24.010000228881836,24.010000228881836,20.7416934967041,419300
2023-06-27,24.049999237060547,24.469999313354492,23.920000076293945,24.059999465942383,20.784887313842773,391200
2023-06-28,23.979999542236328,24.440000534057617,23.902000427246094,24.399999618530273,21.07860565185547,399100
2023-06-29,24.610000610351562,25.40999984741211,24.565000534057617,25.170000076293945,21.743793487548828,402200
2023-06-30,25.389999389648438,25.940000534057617,25.079999923706055,25.649999618530273,22.1584529876709,491100
2023-07-03,25.760000228881836,26.360000610351562,25.75,25.959999084472656,22.426254272460938,264600
2023-07-05,25.959999084472656,26.6299991607666,25.760000228881836,26.06999969482422,22.52128028869629,477800
2023-07-06,25.81999969482422,25.950000762939453,25.100000381469727,25.709999084472656,22.210283279418945,456600
2023-07-07,25.709999084472656,26.579999923706055,25.652999877929688,26.219999313354492,22.650861740112305,375000
2023-07-10,25.81999969482422,26.34000015258789,25.549999237060547,25.709999084472656,22.210283279418945,421600
2023-07-11,26.0,26.459999084472656,25.709999084472656,25.93000030517578,22.400339126586914,470800
2023-07-12,26.139999389648438,26.299999237060547,25.520000457763672,25.68000030517578,22.184368133544922,330900
2023-07-13,25.780000686645508,25.920000076293945,25.549999237060547,25.700000762939453,22.20164680480957,376900
2023-07-14,25.459999084472656,25.47100067138672,24.260000228881836,24.530000686645508,21.19091033935547,668000
2023-07-17,24.649999618530273,24.760000228881836,24.34000015258789,24.700000762939453,21.337770462036133,321000
2023-07-18,24.649999618530273,25.010000228881836,24.56999969482422,24.93000030517578,21.53645896911621,339700
2023-07-19,25.209999084472656,26.190000534057617,25.100000381469727,26.18000030517578,22.61630630493164,519000
2023-07-20,26.440000534057617,26.469999313354492,25.885000228881836,26.170000076293945,22.607667922973633,514500
2023-07-21,26.15999984741211,26.229999542236328,25.0,25.68000030517578,22.184368133544922,525500
2023-07-24,25.81999969482422,27.170000076293945,25.75,27.15999984741211,23.462905883789062,980000
2023-07-25,27.200000762939453,27.809999465942383,26.809999465942383,27.350000381469727,23.627042770385742,499900
2023-07-26,27.0,27.75,26.899999618530273,27.56999969482422,23.81709861755371,467000
2023-07-27,27.719999313354492,29.0,27.475000381469727,28.239999771118164,24.39589500427246,1037700
2023-07-28,28.739999771118164,29.360000610351562,28.549999237060547,29.190000534057617,25.216577529907227,875300
2023-07-31,29.600000381469727,30.09000015258789,29.15999984741211,29.739999771118164,25.69171142578125,824300
2023-08-01,29.739999771118164,30.0,29.059999465942383,29.540000915527344,25.518936157226562,1122900
2023-08-02,28.790000915527344,29.34000015258789,28.010000228881836,28.219999313354492,24.378616333007812,1293100
2023-08-03,27.860000610351562,28.520000457763672,27.299999237060547,27.950000762939453,24.145370483398438,897600
2023-08-04,28.09000015258789,28.68000030517578,27.670000076293945,28.329999923706055,24.47364616394043,863300
2023-08-07,28.479999542236328,29.200000762939453,28.329999923706055,29.15999984741211,25.190662384033203,1033400
2023-08-08,29.079999923706055,29.200000762939453,28.260000228881836,28.360000610351562,24.499561309814453,899000
2023-08-09,27.520000457763672,28.260000228881836,27.34000015258789,27.6299991607666,24.7413330078125,1013100
2023-08-10,27.540000915527344,27.75,26.239999771118164,26.239999771118164,23.496654510498047,784500
2023-08-11,26.0,26.232999801635742,25.280000686645508,25.440000534057617,22.780292510986328,909900
2023-08-14,25.100000381469727,25.100000381469727,24.31999969482422,24.81999969482422,22.22511100769043,1114800
2023-08-15,24.6299991607666,25.780000686645508,24.540000915527344,25.610000610351562,22.932519912719727,770600
2023-08-16,25.389999389648438,25.75,24.649999618530273,24.65999984741211,22.08184051513672,526800
2023-08-17,25.040000915527344,25.350000381469727,24.59000015258789,24.6200008392334,22.046024322509766,350300
2023-08-18,24.280000686645508,24.739999771118164,24.16900062561035,24.610000610351562,22.037065505981445,456000
2023-08-21,24.8700008392334,25.100000381469727,24.700000762939453,24.969999313354492,22.35943031311035,530000
2023-08-22,25.059999465942383,25.829999923706055,25.0,25.670000076293945,22.98624610900879,451600
2023-08-23,25.3799991607666,25.790000915527344,25.0,25.760000228881836,23.066835403442383,425200
2023-08-24,25.719999313354492,25.979999542236328,25.139999389648438,25.209999084472656,22.574337005615234,434800
2023-08-25,25.299999237060547,25.459999084472656,24.68000030517578,24.959999084472656,22.350475311279297,287500
2023-08-28,25.049999237060547,25.6299991607666,25.049999237060547,25.219999313354492,22.583293914794922,302700
2023-08-29,25.389999389648438,25.530000686645508,25.075000762939453,25.3700008392334,22.717609405517578,238300
2023-08-30,25.25,25.469999313354492,24.8700008392334,25.299999237060547,22.65492820739746,388100
2023-08-31,25.290000915527344,26.110000610351562,25.100000381469727,25.799999237060547,23.10265350341797,492200
2023-09-01,26.25,27.18000030517578,26.1200008392334,27.09000015258789,24.25778579711914,674200
2023-09-05,27.219999313354492,27.6200008392334,26.709999084472656,27.34000015258789,24.481651306152344,588700
2023-09-06,27.18000030517578,27.78499984741211,27.0,27.700000762939453,24.804014205932617,426600
2023-09-07,27.700000762939453,28.489999771118164,27.6200008392334,28.329999923706055,25.368148803710938,599300
2023-09-08,28.290000915527344,28.459999084472656,27.700000762939453,27.959999084472656,25.036828994750977,568600
2023-09-11,28.190000534057617,28.43000030517578,27.60300064086914,28.079999923706055,25.144285202026367,695700
2023-09-12,28.149999618530273,28.690000534057617,27.729999542236328,27.799999237060547,24.893556594848633,659100
2023-09-13,27.860000610351562,28.219999313354492,27.34000015258789,27.350000381469727,24.490604400634766,643600
2023-09-14,27.649999618530273,28.309999465942383,27.34000015258789,27.43000030517578,24.562240600585938,706000
2023-09-15,27.34000015258789,27.690000534057617,27.209999084472656,27.280000686645508,24.42792320251465,1193300
2023-09-18,27.3799991607666,28.540000915527344,27.3799991607666,28.010000228881836,25.081600189208984,847200
2023-09-19,28.149999618530273,28.3799991607666,27.399999618530273,27.40999984741211,24.54433250427246,693100
2023-09-20,27.40999984741211,27.979999542236328,27.40999984741211,27.610000610351562,24.72342300415039,669800
2023-09-21,27.59000015258789,28.676000595092773,27.440000534057617,28.139999389648438,25.19801139831543,693600
2023-09-22,28.200000762939453,29.610000610351562,28.200000762939453,29.3799991607666,26.308372497558594,1085900
2023-09-25,29.309999465942383,29.65999984741211,28.520000457763672,29.469999313354492,26.388961791992188,775400
2023-09-26,29.350000381469727,30.020000457763672,29.040000915527344,29.170000076293945,26.12032699584961,769500
2023-09-27,29.489999771118164,29.690000534057617,28.860000610351562,29.059999465942383,26.021827697753906,493400
2023-09-28,29.020000457763672,29.31999969482422,28.790000915527344,29.25,26.19196319580078,738000
2023-09-29,29.299999237060547,29.37299919128418,28.43000030517578,28.729999542236328,25.726329803466797,889000
2023-10-02,29.100000381469727,30.25,28.020000457763672,28.739999771118164,25.735280990600586,1861000
2023-10-03,28.440000534057617,28.5,26.270000457763672,26.690000534057617,23.899606704711914,1439900
2023-10-04,26.350000381469727,26.950000762939453,25.579999923706055,26.81999969482422,24.016016006469727,1040900
2023-10-05,26.780000686645508,28.229999542236328,26.780000686645508,28.15999984741211,25.21592140197754,770000
2023-10-06,28.260000228881836,29.239999771118164,27.975000381469727,29.059999465942383,26.021827697753906,872600
2023-10-09,29.399999618530273,29.780000686645508,28.81999969482422,29.639999389648438,26.541189193725586,880200
2023-10-10,29.850000381469727,31.219999313354492,29.770000457763672,30.65999984741211,27.45454978942871,920600
2023-10-11,30.65999984741211,30.90999984741211,30.059999465942383,30.84000015258789,27.615732192993164,517800
2023-10-12,31.25,31.408000946044922,30.170000076293945,30.399999618530273,27.221731185913086,639300
2023-10-13,30.6299991607666,31.03700065612793,30.139999389648438,30.489999771118164,27.302324295043945,559900
2023-10-16,31.450000762939453,32.09000015258789,30.579999923706055,30.979999542236328,27.7410945892334,729500
2023-10-17,31.049999237060547,31.673999786376953,30.760000228881836,31.06999969482422,27.821685791015625,742600
2023-10-18,31.020000457763672,31.90999984741211,30.950000762939453,31.149999618530273,27.893321990966797,1225800
2023-10-19,29.93000030517578,30.360000610351562,29.44099998474121,29.6200008392334,27.402990341186523,870600
2023-10-20,29.6200008392334,30.360000610351562,29.261999130249023,30.049999237060547,27.800804138183594,753400
2023-10-23,30.030000686645508,30.950000762939453,29.3700008392334,30.399999618530273,28.124608993530273,724600
2023-10-24,30.479999542236328,31.3799991607666,30.479999542236328,31.15999984741211,28.82772445678711,695600
2023-10-25,31.15999984741211,31.5,31.0,31.219999313354492,28.88323211669922,684600
2023-10-26,31.239999771118164,32.08000183105469,30.799999237060547,31.75,29.373565673828125,1069100
2023-10-27,31.899999618530273,32.058998107910156,31.139999389648438,31.520000457763672,29.16077995300293,488400
2023-10-30,31.670000076293945,31.670000076293945,30.059999465942383,30.3700008392334,28.09685516357422,650500
2023-10-31,30.610000610351562,32.01599884033203,30.610000610351562,31.969999313354492,29.577096939086914,850400
2023-11-01,32.560001373291016,35.22999954223633,32.4900016784668,34.77000045776367,32.167518615722656,1351200
2023-11-02,35.439998626708984,39.150001525878906,35.06999969482422,38.790000915527344,35.88663101196289,1881300
2023-11-03,37.630001068115234,38.2400016784668,35.7599983215332,38.06999969482422,35.22052001953125,1545700
2023-11-06,38.0,38.150001525878906,36.83000183105469,37.720001220703125,34.89672088623047,1384900
2023-11-07,37.380001068115234,37.95000076293945,36.880001068115234,36.97999954223633,34.21210861206055,945700
2023-11-08,36.79999923706055,36.86000061035156,35.43000030517578,35.79999923706055,33.120426177978516,865500
2023-11-09,36.34000015258789,36.470001220703125,35.119998931884766,35.380001068115234,32.73186111450195,554800
2023-11-10,35.5,36.459999084472656,35.12799835205078,36.189998626708984,33.48123550415039,712000
2023-11-13,36.5,37.68000030517578,36.47999954223633,37.31999969482422,34.52665710449219,988500
2023-11-14,37.5,37.57500076293945,36.18000030517578,37.0,34.23060989379883,885000
2023-11-15,37.029998779296875,38.099998474121094,36.72999954223633,37.209999084472656,34.424888610839844,785000
2023-11-16,37.029998779296875,37.880001068115234,37.029998779296875,37.369998931884766,34.572914123535156,466900
2023-11-17,37.4900016784668,39.900001525878906,37.4900016784668,39.09000015258789,36.16417694091797,1152900
2023-11-20,39.400001525878906,43.119998931884766,39.400001525878906,42.720001220703125,39.52248001098633,1669300
2023-11-21,42.369998931884766,42.459999084472656,41.459999084472656,41.9900016784668,38.84711837768555,760400
2023-11-22,41.86000061035156,42.310001373291016,41.11000061035156,42.29999923706055,39.133914947509766,820200
2023-11-24,42.349998474121094,44.33000183105469,42.349998474121094,44.04999923706055,40.752925872802734,502300
2023-11-27,44.20000076293945,44.32899856567383,43.290000915527344,44.13999938964844,40.8361930847168,935200
2023-11-28,44.099998474121094,44.13999938964844,42.060001373291016,42.22999954223633,39.06915283203125,1090100
2023-11-29,42.220001220703125,42.400001525878906,40.189998626708984,41.650001525878906,38.53256607055664,1337800
2023-11-30,41.650001525878906,42.599998474121094,41.334999084472656,42.36000061035156,39.189422607421875,959000
2023-12-01,42.380001068115234,43.974998474121094,42.20000076293945,43.7400016784668,40.466129302978516,765800
2023-12-04,43.72999954223633,44.89699935913086,43.54999923706055,44.25,40.937957763671875,783800
2023-12-05,44.25,45.060001373291016,44.0,44.040000915527344,40.74367904663086,629800
2023-12-06,43.93000030517578,44.529998779296875,42.279998779296875,42.470001220703125,39.29118728637695,751800
2023-12-07,42.25,42.310001373291016,37.42399978637695,38.689998626708984,35.79411315917969,2009100
2023-12-08,38.7599983215332,39.65299987792969,38.619998931884766,39.36000061035156,36.41396713256836,1040000
2023-12-11,38.709999084472656,38.72999954223633,37.150001525878906,37.54999923706055,34.73944091796875,1317700
2023-12-12,37.130001068115234,38.52000045776367,36.42599868774414,38.0,35.155757904052734,1085700
2023-12-13,38.459999084472656,39.63999938964844,37.880001068115234,39.47999954223633,36.524986267089844,865100
2023-12-14,39.66999816894531,41.02000045776367,38.869998931884766,40.68000030517578,37.635169982910156,1055500
2023-12-15,40.7599983215332,43.06999969482422,40.7599983215332,42.779998779296875,39.57798767089844,1985800
2023-12-18,43.4900016784668,44.540000915527344,42.5,43.630001068115234,40.3643684387207,930700
2023-12-19,43.7599983215332,44.709999084472656,43.5,44.4900016784668,41.159996032714844,618000
2023-12-20,44.11000061035156,45.86000061035156,44.0,44.540000915527344,41.20625305175781,1024300
2023-12-21,44.84000015258789,45.79999923706055,44.40999984741211,45.560001373291016,42.149906158447266,540200
2023-12-22,45.90999984741211,47.189998626708984,45.720001220703125,46.439998626708984,42.96403884887695,550200
2023-12-26,46.70000076293945,46.810001373291016,45.369998931884766,46.33000183105469,42.862274169921875,491800
2023-12-27,46.11000061035156,46.599998474121094,45.099998474121094,45.83000183105469,42.39970016479492,563400
2023-12-28,45.720001220703125,45.880001068115234,44.22999954223633,44.290000915527344,40.9749641418457,536900
2023-12-29,44.400001525878906,44.40999984741211,43.125,43.869998931884766,40.58639907836914,691800
2024-01-02,44.52000045776367,45.25,42.84000015258789,43.7599983215332,40.48463439941406,661800
2024-01-03,43.54999923706055,46.07600021362305,43.2599983215332,45.54999923706055,42.140655517578125,673900
2024-01-04,46.650001525878906,49.31999969482422,46.5,46.849998474121094,43.34334945678711,1331500
2024-01-05,47.45000076293945,49.540000915527344,47.04999923706055,47.79999923706055,44.22224426269531,1495900
2024-01-08,47.08000183105469,47.540000915527344,45.04999923706055,47.439998626708984,43.889190673828125,1140100
2024-01-09,47.5,47.76100158691406,44.70000076293945,45.95000076293945,42.510719299316406,1183900
2024-01-10,46.25,46.34000015258789,43.5,44.060001373291016,40.762176513671875,1131200
2024-01-11,42.27000045776367,42.5,39.400001525878906,41.220001220703125,38.13474655151367,2250800
2024-01-12,42.380001068115234,43.29999923706055,41.689998626708984,42.529998779296875,39.34669876098633,982100
2024-01-16,43.029998779296875,43.41999816894531,40.869998931884766,40.97999954223633,37.91271209716797,982700
2024-01-17,40.619998931884766,42.810001373291016,40.09000015258789,42.060001373291016,38.9118766784668,1450000
2024-01-18,41.88999938964844,42.0,40.279998779296875,41.33000183105469,38.23651885986328,1173600
2024-01-19,41.650001525878906,42.16999816894531,41.02000045776367,41.91999816894531,38.782352447509766,992300
2024-01-22,41.66999816894531,42.46500015258789,40.89699935913086,40.970001220703125,37.90346145629883,777800
2024-01-23,40.349998474121094,41.029998779296875,39.0,40.849998474121094,37.792442321777344,984400
2024-01-24,42.040000915527344,42.70500183105469,41.77000045776367,42.470001220703125,39.29118728637695,804400
2024-01-25,41.810001373291016,42.04999923706055,39.75,41.060001373291016,37.986724853515625,1660100
2024-01-26,40.25,40.25,38.06999969482422,39.33000183105469,36.38621139526367,2052400
2024-01-29,39.470001220703125,39.599998474121094,38.08000183105469,38.709999084472656,35.8126220703125,1155900
2024-01-30,38.5,39.0099983215332,37.75,38.880001068115234,35.96989440917969,1274100
2024-01-31,38.220001220703125,38.39500045776367,37.029998779296875,37.439998626708984,34.63767623901367,1587000
2024-02-01,38.58000183105469,40.029998779296875,35.86000061035156,38.130001068115234,35.27602767944336,2657400
2024-02-02,37.099998474121094,37.439998626708984,35.040000915527344,35.560001373291016,33.784423828125,1754400
2024-02-05,35.16999816894531,35.83000183105469,34.43000030517578,34.93000030517578,33.18587875366211,1799000
2024-02-06,34.93000030517578,36.564998626708984,34.89500045776367,35.880001068115234,34.08844757080078,1507200
2024-02-07,35.5,35.97999954223633,35.125,35.779998779296875,33.99343490600586,1077100
2024-02-08,35.720001220703125,36.150001525878906,35.5,36.029998779296875,34.230953216552734,776800
2024-02-09,36.099998474121094,36.34000015258789,34.77000045776367,35.0,33.252384185791016,938700
2024-02-12,35.150001525878906,36.361000061035156,35.150001525878906,35.709999084472656,33.92692947387695,939500
2024-02-13,35.279998779296875,35.540000915527344,34.81999969482422,35.47999954223633,33.70841598510742,577200
2024-02-14,36.20000076293945,36.310001373291016,35.59000015258789,36.15999984741211,34.35446548461914,631800
2024-02-15,35.0,35.689998626708984,34.5,35.400001525878906,33.63241195678711,1119500
2024-02-16,35.63999938964844,36.2599983215332,34.779998779296875,34.9900016784668,33.24288558959961,772800
2024-02-20,34.95000076293945,34.970001220703125,33.029998779296875,33.86000061035156,32.169307708740234,1159800
2024-02-21,34.13999938964844,35.619998931884766,34.13999938964844,35.33000183105469,33.56591033935547,923000
2024-02-22,35.20000076293945,35.9900016784668,34.70000076293945,35.65999984741211,33.87942886352539,751700
2024-02-23,35.43000030517578,36.16999816894531,34.845001220703125,35.849998474121094,34.059940338134766,570900
2024-02-26,36.0,37.45000076293945,35.790000915527344,36.22999954223633,34.42096710205078,790100
2024-02-27,36.22999954223633,36.2400016784668,35.0099983215332,35.58000183105469,33.80342483520508,708800
2024-02-28,35.59000015258789,36.7599983215332,35.59000015258789,36.119998931884766,34.31645965576172,573500
2024-02-29,35.70000076293945,36.79999923706055,35.70000076293945,36.150001525878906,34.34496307373047,762500
2024-03-01,36.58000183105469,36.900001525878906,35.95000076293945,36.22999954223633,34.42096710205078,771500
2024-03-04,36.209999084472656,36.25,34.72999954223633,34.93000030517578,33.18587875366211,1052700
2024-03-05,34.599998474121094,36.59000015258789,34.529998779296875,36.119998931884766,34.31645965576172,892800
2024-03-06,36.58000183105469,36.790000915527344,35.81999969482422,36.560001373291016,34.734493255615234,648200
2024-03-07,36.689998626708984,37.83000183105469,36.470001220703125,37.619998931884766,35.74156188964844,614200
2024-03-08,37.79999923706055,38.45000076293945,37.060001373291016,37.58000183105469,35.70356369018555,769700
2024-03-11,37.380001068115234,37.95000076293945,36.875999450683594,37.779998779296875,35.89357376098633,646800
2024-03-12,38.209999084472656,38.970001220703125,37.59000015258789,37.630001068115234,35.75106430053711,704400
2024-03-13,38.040000915527344,38.560001373291016,37.849998474121094,37.88999938964844,35.99808120727539,647100
2024-03-14,38.0,38.150001525878906,37.02000045776367,37.38999938964844,35.523048400878906,558200
2024-03-15,37.2400016784668,38.08000183105469,37.2400016784668,37.709999084472656,35.82706832885742,2110200
2024-03-18,37.54999923706055,37.70000076293945,37.0099983215332,37.189998626708984,35.33303451538086,554300
2024-03-19,36.81999969482422,37.709999084472656,36.68000030517578,37.68000030517578,35.79856491088867,440700
2024-03-20,37.33000183105469,37.41299819946289,36.380001068115234,37.31999969482422,35.45654296875,565900
2024-03-21,37.459999084472656,38.430999755859375,37.400001525878906,38.25,36.34010696411133,659900
2024-03-22,38.15999984741211,38.720001220703125,37.900001525878906,38.040000915527344,36.140594482421875,630300
2024-03-25,37.70000076293945,38.595001220703125,37.43000030517578,37.66999816894531,35.7890625,558300
2024-03-26,37.84000015258789,38.13999938964844,36.630001068115234,37.0099983215332,35.162017822265625,574100
2024-03-27,37.310001373291016,37.58000183105469,36.869998931884766,37.45000076293945,35.580055236816406,411000
2024-03-28,37.689998626708984,38.470001220703125,37.540000915527344,38.459999084472656,36.53961944580078,696700
2024-04-01,38.5,41.10499954223633,38.459999084472656,40.869998931884766,38.82928466796875,1874000
2024-04-02,40.70000076293945,41.220001220703125,39.70000076293945,40.83000183105469,38.79128646850586,1107900
2024-04-03,40.93000030517578,42.310001373291016,40.130001068115234,42.20000076293945,40.09287643432617,876400
2024-04-04,42.2400016784668,42.275001525878906,39.61000061035156,39.79999923706055,37.81270980834961,1327000
2024-04-05,39.77000045776367,40.54999923706055,38.93000030517578,40.060001373291016,38.059730529785156,742200
2024-04-08,40.130001068115234,40.400001525878906,38.79499816894531,40.040000915527344,38.04072952270508,814000
2024-04-09,40.13999938964844,40.279998779296875,38.709999084472656,38.810001373291016,36.87214660644531,704400
2024-04-10,38.720001220703125,39.119998931884766,37.540000915527344,38.63999938964844,36.71063232421875,496700
2024-04-11,39.220001220703125,39.900001525878906,38.98099899291992,39.83000183105469,37.84121322631836,464000
2024-04-12,40.25,40.400001525878906,39.125,39.349998474121094,37.38518142700195,487600
2024-04-15,39.5099983215332,40.459999084472656,38.82400131225586,39.060001373291016,37.10966491699219,600600
2024-04-16,38.88999938964844,39.61000061035156,38.1510009765625,39.09000015258789,37.138160705566406,479300
2024-04-17,40.0,41.130001068115234,39.70000076293945,40.290000915527344,38.27824783325195,683700
2024-04-18,40.20000076293945,40.529998779296875,39.27000045776367,39.459999084472656,37.489688873291016,546400
2024-04-19,39.34000015258789,40.18000030517578,39.31999969482422,39.79999923706055,37.81270980834961,586900
2024-04-22,39.77000045776367,40.959999084472656,39.43299865722656,40.88999938964844,38.84828567504883,520500
2024-04-23,40.779998779296875,41.819000244140625,39.779998779296875,41.7400016784668,39.655845642089844,793100
2024-04-24,42.040000915527344,42.75,41.68000030517578,41.810001373291016,39.72235107421875,598500
2024-04-25,41.63999938964844,41.959999084472656,39.90999984741211,41.279998779296875,39.21881103515625,866100
2024-04-26,41.459999084472656,42.33399963378906,40.93000030517578,41.779998779296875,39.693843841552734,570600
2024-04-29,41.75,42.47999954223633,41.22999954223633,42.38999938964844,40.27338409423828,542300
2024-04-30,42.20000076293945,42.400001525878906,41.150001525878906,41.31999969482422,39.256813049316406,663000
2024-05-01,41.470001220703125,41.939998626708984,40.77000045776367,41.099998474121094,39.04780197143555,501500
2024-05-02,41.65999984741211,42.88999938964844,41.52000045776367,42.63999938964844,40.51090621948242,825900
2024-05-03,43.0099983215332,43.4900016784668,42.32500076293945,42.88999938964844,40.74842071533203,892600
2024-05-06,43.41999816894531,43.75,41.880001068115234,42.0,39.902862548828125,963900
2024-05-07,41.279998779296875,42.72100067138672,41.0,42.27000045776367,41.138877868652344,778000
2024-05-08,42.2599983215332,43.93000030517578,42.150001525878906,43.77000045776367,42.59873962402344,827100
2024-05-09,43.459999084472656,44.33000183105469,43.459999084472656,44.099998474121094,42.91990661621094,679800
2024-05-10,44.4900016784668,45.099998474121094,43.150001525878906,43.16999816894531,42.014793395996094,677800
2024-05-13,43.439998626708984,43.599998474121094,42.599998474121094,43.290000915527344,42.13158416748047,472500
2024-05-14,43.29999923706055,44.20199966430664,42.94200134277344,44.02000045776367,42.84204864501953,574800
2024-05-15,44.29999923706055,44.529998779296875,43.61000061035156,44.31999969482422,43.1340217590332,618400
2024-05-16,44.290000915527344,44.83000183105469,43.59000015258789,43.900001525878906,42.72526168823242,459900
2024-05-17,44.220001220703125,44.220001220703125,42.90999984741211,43.72999954223633,42.559810638427734,451800
2024-05-20,43.970001220703125,44.599998474121094,43.72999954223633,44.150001525878906,42.968570709228516,513200
2024-05-21,44.20000076293945,45.06999969482422,44.060001373291016,44.810001373291016,43.61091232299805,598600
2024-05-22,43.560001373291016,47.68000030517578,43.02000045776367,45.099998474121094,43.89314651489258,1222000
2024-05-23,46.099998474121094,46.77000045776367,45.40999984741211,46.0099983215332,44.7787971496582,944100
2024-05-24,46.54999923706055,48.13999938964844,46.25,48.06999969482422,46.78367233276367,801100
2024-05-28,48.5,48.540000915527344,47.16999816894531,48.029998779296875,46.74474334716797,594300
2024-05-29,47.79999923706055,48.29999923706055,47.28300094604492,48.09000015258789,46.803138732910156,533500
2024-05-30,48.11000061035156,51.47999954223633,47.91999816894531,51.16999816894531,49.800716400146484,1037900
2024-05-31,51.5099983215332,51.659000396728516,50.15999984741211,50.61000061035156,49.255706787109375,892000
2024-06-03,51.130001068115234,51.130001068115234,49.5,50.34000015258789,48.9929313659668,560200
2024-06-04,49.79999923706055,50.0,48.209999084472656,48.560001373291016,47.260562896728516,672600
2024-06-05,49.08000183105469,50.29999923706055,48.84000015258789,50.29999923706055,48.95399856567383,449200
2024-06-06,45.29999923706055,46.0,44.0,44.95000076293945,43.747161865234375,3831600
2024-06-07,44.66999816894531,45.29999923706055,43.29999923706055,44.27000045776367,43.08536148071289,1393900
2024-06-10,44.0,44.5,42.70000076293945,43.900001525878906,42.72526168823242,909700
2024-06-11,43.5,43.665000915527344,41.15999984741211,42.43000030517578,41.29459762573242,1109300
2024-06-12,42.75,43.779998779296875,42.5099983215332,43.380001068115234,42.21917724609375,602300
2024-06-13,42.83000183105469,42.986000061035156,42.11000061035156,42.31999969482422,41.187538146972656,822700
2024-06-14,42.150001525878906,42.150001525878906,40.56999969482422,40.650001525878906,39.56222915649414,784800
2024-06-17,40.75,41.63800048828125,40.7400016784668,41.290000915527344,40.18510437011719,622200
2024-06-18,41.290000915527344,43.02000045776367,41.290000915527344,42.97999954223633,41.82987976074219,668900
2024-06-20,43.0,43.84000015258789,42.529998779296875,42.650001525878906,41.50871276855469,709800
2024-06-21,42.47999954223633,43.2599983215332,42.310001373291016,42.66999816894531,41.52817153930664,1682700
2024-06-24,42.79999923706055,43.20000076293945,42.04999923706055,42.09000015258789,40.96369552612305,464300
2024-06-25,41.95000076293945,42.61899948120117,41.400001525878906,42.54999923706055,41.41138458251953,349300
2024-06-26,42.709999084472656,42.72999954223633,41.95000076293945,42.470001220703125,41.333526611328125,415200
2024-06-27,42.400001525878906,42.54999923706055,41.599998474121094,41.79999923706055,40.681453704833984,356100
2024-06-28,42.11000061035156,42.599998474121094,41.65999984741211,41.959999084472656,40.83717346191406,854700
2024-07-01,41.959999084472656,42.125,41.40999984741211,41.66999816894531,40.554931640625,309700
2024-07-02,41.650001525878906,42.290000915527344,41.349998474121094,42.08000183105469,40.95396423339844,274200
2024-07-03,42.88999938964844,43.84000015258789,42.88999938964844,43.54999923706055,42.38462448120117,398000
2024-07-05,43.720001220703125,43.849998474121094,43.18000030517578,43.68000030517578,42.511146545410156,532400
2024-07-08,43.36000061035156,43.5099983215332,41.58000183105469,41.66999816894531,40.554931640625,576700
2024-07-09,41.5,41.93000030517578,41.2599983215332,41.5,40.38948440551758,335300
2024-07-10,41.65999984741211,42.0,41.209999084472656,41.619998931884766,40.50627136230469,502000
2024-07-11,41.790000915527344,41.790000915527344,40.81999969482422,41.119998931884766,40.019649505615234,475700
2024-07-12,41.189998626708984,41.310001373291016,39.84000015258789,39.849998474121094,38.783634185791016,542500
2024-07-15,40.060001373291016,40.595001220703125,39.84000015258789,40.08000183105469,39.007484436035156,515100
2024-07-16,40.2400016784668,40.88999938964844,40.0,40.540000915527344,39.45517349243164,373600
2024-07-17,40.38999938964844,40.4900016784668,39.22999954223633,39.709999084472656,38.64738082885742,595100
2024-07-18,39.709999084472656,39.869998931884766,38.75,39.33000183105469,38.27755355834961,432100
2024-07-19,39.380001068115234,39.529998779296875,38.900001525878906,39.279998779296875,38.22888946533203,311400
2024-07-22,39.290000915527344,40.310001373291016,39.279998779296875,40.0,38.929622650146484,418600
2024-07-23,39.709999084472656,40.27000045776367,39.189998626708984,40.16999816894531,39.095069885253906,400200
2024-07-24,40.68000030517578,41.66999816894531,39.81999969482422,40.5,39.41624069213867,700700
2024-07-25,40.720001220703125,40.78499984741211,39.29999923706055,39.5099983215332,38.45273208618164,724500
2024-07-26,39.900001525878906,41.439998626708984,39.7400016784668,41.43000030517578,40.32135772705078,856500
2024-07-29,41.52000045776367,42.310001373291016,39.939998626708984,40.290000915527344,39.21186447143555,542100
2024-07-30,39.41999816894531,40.869998931884766,39.34000015258789,39.83000183105469,38.7641716003418,750700
2024-07-31,40.61000061035156,41.060001373291016,40.029998779296875,40.86000061035156,39.76660919189453,653800
2024-08-01,41.5,42.380001068115234,39.3650016784668,39.70000076293945,38.63764953613281,753700
2024-08-02,39.0,39.08000183105469,37.709999084472656,38.06999969482422,37.051265716552734,990900
2024-08-05,36.29999923706055,37.275001525878906,34.86000061035156,37.15999984741211,36.165618896484375,1009300
2024-08-06,37.31999969482422,38.029998779296875,36.40999984741211,37.77000045776367,36.75929641723633,690300
2024-08-07,38.45000076293945,38.63999938964844,37.0,37.369998931884766,36.369998931884766,752900
2024-08-08,36.41999816894531,36.52000045776367,35.34000015258789,36.0,36.0,822600
2024-08-09,35.93000030517578,36.22999954223633,35.529998779296875,35.720001220703125,35.720001220703125,463000
2024-08-12,35.869998931884766,36.47999954223633,35.6619987487793,35.72999954223633,35.72999954223633,581800
2024-08-13,35.72999954223633,36.06999969482422,35.095001220703125,36.029998779296875,36.029998779296875,729600
2024-08-14,36.27000045776367,37.369998931884766,35.902000427246094,36.869998931884766,36.869998931884766,874500
2024-08-15,37.369998931884766,38.35499954223633,37.21500015258789,37.599998474121094,37.599998474121094,838200
2024-08-16,37.54999923706055,38.779998779296875,37.474998474121094,38.40999984741211,38.40999984741211,598200
2024-08-19,38.41999816894531,38.41999816894531,37.29999923706055,37.79999923706055,37.79999923706055,494400
2024-08-20,37.43000030517578,37.5,36.74300003051758,36.810001373291016,36.810001373291016,375000
2024-08-21,37.20000076293945,37.584999084472656,36.97999954223633,37.150001525878906,37.150001525878906,394200
2024-08-22,37.13999938964844,37.61000061035156,36.900001525878906,36.95000076293945,36.95000076293945,396100
2024-08-23,37.380001068115234,38.349998474121094,37.255001068115234,38.29999923706055,38.29999923706055,411300
2024-08-26,38.599998474121094,39.349998474121094,38.470001220703125,38.5099983215332,38.5099983215332,452600
2024-08-27,38.380001068115234,38.915000915527344,37.959999084472656,38.88999938964844,38.88999938964844,420000
2024-08-28,38.56999969482422,38.790000915527344,37.25400161743164,37.529998779296875,37.529998779296875,465100
2024-08-29,37.7599983215332,38.540000915527344,37.41999816894531,38.25,38.25,327000
2024-08-30,38.31999969482422,39.029998779296875,38.31999969482422,38.9900016784668,38.9900016784668,510300
2024-09-03,38.779998779296875,39.13999938964844,37.25,37.459999084472656,37.459999084472656,540200
2024-09-04,37.209999084472656,37.31999969482422,36.11000061035156,36.130001068115234,36.130001068115234,513900
2024-09-05,36.11000061035156,36.38999938964844,35.720001220703125,35.72999954223633,35.72999954223633,531800
2024-09-06,35.810001373291016,36.15999984741211,35.560001373291016,35.849998474121094,35.849998474121094,524900
2024-09-09,35.79999923706055,36.22999954223633,35.3129997253418,35.599998474121094,35.599998474121094,568300
2024-09-10,35.63999938964844,35.689998626708984,33.709999084472656,33.959999084472656,33.959999084472656,579100
2024-09-11,34.060001373291016,34.59199905395508,34.04999923706055,34.349998474121094,34.349998474121094,405100
2024-09-12,34.529998779296875,35.13999938964844,34.31999969482422,34.63999938964844,34.63999938964844,508100
2024-09-13,34.84000015258789,35.040000915527344,34.400001525878906,34.470001220703125,34.470001220703125,490600
2024-09-16,34.5,35.369998931884766,34.20000076293945,35.11000061035156,35.11000061035156,431300
2024-09-17,35.369998931884766,35.63999938964844,34.959999084472656,35.619998931884766,35.619998931884766,328000
2024-09-18,35.79999923706055,36.38999938964844,35.150001525878906,35.220001220703125,35.220001220703125,460900
2024-09-19,36.06999969482422,36.06999969482422,35.33000183105469,35.38999938964844,35.38999938964844,438800
2024-09-20,34.86000061035156,35.119998931884766,34.43000030517578,34.59000015258789,34.59000015258789,1748700
2024-09-23,34.68000030517578,35.0099983215332,34.04999923706055,34.38999938964844,34.38999938964844,536000
2024-09-24,34.86000061035156,35.08000183105469,34.540000915527344,34.88999938964844,34.88999938964844,364600
2024-09-25,34.5099983215332,34.64099884033203,32.81999969482422,33.04999923706055,33.04999923706055,912300
2024-09-26,33.0,34.51499938964844,32.93000030517578,33.97999954223633,33.97999954223633,718900
2024-09-27,34.380001068115234,34.380001068115234,33.83000183105469,33.970001220703125,33.970001220703125,280100
2024-09-30,34.130001068115234,34.54999923706055,33.810001373291016,34.41999816894531,34.41999816894531,507700
2024-10-01,34.209999084472656,36.43000030517578,34.029998779296875,35.90999984741211,35.90999984741211,1092100
2024-10-02,36.61000061035156,37.15999984741211,35.47999954223633,36.349998474121094,36.349998474121094,736100
2024-10-03,36.2599983215332,36.650001525878906,35.779998779296875,36.130001068115234,36.130001068115234,620700
2024-10-04,36.56999969482422,36.61000061035156,35.619998931884766,35.810001373291016,35.810001373291016,365600
2024-10-07,35.90999984741211,35.939998626708984,35.15999984741211,35.93000030517578,35.93000030517578,596600
2024-10-08,35.709999084472656,35.720001220703125,34.51499938964844,35.459999084472656,35.459999084472656,666100
2024-10-09,35.099998474121094,35.099998474121094,34.630001068115234,34.689998626708984,34.689998626708984,419000
2024-10-10,34.63999938964844,34.90999984741211,34.25,34.650001525878906,34.650001525878906,391100
2024-10-11,34.5099983215332,35.369998931884766,34.5099983215332,35.290000915527344,35.290000915527344,296900
2024-10-14,34.90999984741211,34.939998626708984,34.36399841308594,34.619998931884766,34.619998931884766,394300
2024-10-15,34.25,34.25,33.5,33.54999923706055,33.54999923706055,638100
2024-10-16,33.93000030517578,33.93000030517578,32.83000183105469,33.119998931884766,33.119998931884766,590600
2024-10-17,33.2599983215332,33.66999816894531,32.959999084472656,32.97999954223633,32.97999954223633,351600
2024-10-18,33.33000183105469,33.33000183105469,32.65999984741211,32.7599983215332,32.7599983215332,348300
2024-10-21,33.0,33.189998626708984,32.06999969482422,32.779998779296875,32.779998779296875,588800
2024-10-22,32.689998626708984,32.779998779296875,31.649999618530273,31.670000076293945,31.670000076293945,489300
2024-10-23,31.280000686645508,31.309999465942383,30.170000076293945,30.219999313354492,30.219999313354492,613700
