Date,Open,High,Low,Close,Adj Close,Volume
1984-12-13,0.0,10.0,9.25,9.25,9.25,400
1984-12-14,0.0,9.75,9.125,9.125,9.125,1000
1984-12-17,0.0,9.5,8.375,8.375,8.375,1100
1984-12-18,0.0,9.0,8.25,8.25,8.25,1300
1984-12-19,0.0,9.25,8.5,8.5,8.5,7700
1984-12-20,0.0,9.5,8.75,8.75,8.75,100
1984-12-21,8.75,8.75,8.75,8.75,8.75,0
1984-12-24,0.0,9.25,8.75,8.75,8.75,3100
1984-12-26,8.75,8.75,8.75,8.75,8.75,0
1984-12-27,0.0,9.5,8.75,8.75,8.75,800
1984-12-28,0.0,9.5,8.75,8.75,8.75,1300
1984-12-31,8.75,8.75,8.75,8.75,8.75,0
1985-01-02,8.75,8.75,8.75,8.75,8.75,0
1985-01-03,0.0,10.0,9.0,9.0,9.0,700
1985-01-04,0.0,11.875,11.375,11.375,11.375,800
1985-01-07,0.0,11.75,11.5,11.5,11.5,3100
1985-01-08,0.0,11.625,11.5,11.5,11.5,4500
1985-01-09,0.0,11.875,11.625,11.625,11.625,12800
1985-01-10,0.0,11.875,11.75,11.75,11.75,4500
1985-01-11,0.0,11.875,11.625,11.625,11.625,4600
1985-01-14,0.0,12.0,11.75,11.75,11.75,11500
1985-01-15,0.0,11.875,11.625,11.625,11.625,1200
1985-01-16,0.0,11.875,11.625,11.625,11.625,1200
1985-01-17,11.625,11.625,11.625,11.625,11.625,0
1985-01-18,0.0,11.75,11.625,11.625,11.625,6900
1985-01-21,0.0,11.75,11.5,11.5,11.5,700
1985-01-22,0.0,11.875,11.625,11.625,11.625,7800
1985-01-23,0.0,11.75,11.625,11.625,11.625,500
1985-01-24,0.0,13.75,13.0,13.0,13.0,26800
1985-01-25,0.0,12.25,12.0,12.0,12.0,16300
1985-01-28,0.0,12.5,12.0,12.0,12.0,6700
1985-01-29,0.0,12.5,12.0,12.0,12.0,1700
1985-01-30,0.0,12.5,12.25,12.25,12.25,3600
1985-01-31,0.0,12.5,12.0,12.0,12.0,6400
1985-02-01,0.0,12.25,12.0,12.0,12.0,1700
1985-02-04,0.0,12.5,12.0,12.0,12.0,1000
1985-02-05,0.0,12.5,12.0,12.5,12.5,7300
1985-02-06,0.0,12.5,12.0,12.0,12.0,2300
1985-02-07,0.0,12.0,12.0,12.0,12.0,2700
1985-02-08,12.0,12.0,12.0,12.0,12.0,0
1985-02-11,0.0,11.75,11.5,11.5,11.5,2300
1985-02-12,0.0,11.5,10.0,11.25,11.25,27500
1985-02-13,0.0,10.25,10.125,10.25,10.25,20400
1985-02-14,0.0,11.0,10.25,10.25,10.25,400
1985-02-15,10.25,10.25,10.25,10.25,10.25,0
1985-02-19,0.0,10.5,10.25,10.25,10.25,5200
1985-02-20,0.0,10.375,10.25,10.25,10.25,2000
1985-02-21,0.0,10.375,10.25,10.25,10.25,5500
1985-02-22,0.0,10.25,10.25,10.25,10.25,1500
1985-02-25,0.0,10.25,10.0,10.0,10.0,1100
1985-02-26,10.0,10.0,10.0,10.0,10.0,0
1985-02-27,10.0,10.0,10.0,10.0,10.0,0
1985-02-28,10.0,10.0,10.0,10.0,10.0,0
1985-03-01,0.0,10.0,10.0,10.0,10.0,1200
1985-03-04,0.0,10.5,9.5,10.5,10.5,500
1985-03-05,0.0,10.0,9.5,10.0,10.0,1000
1985-03-06,0.0,10.0,10.0,10.0,10.0,500
1985-03-07,10.0,10.0,10.0,10.0,10.0,0
1985-03-08,0.0,9.75,9.75,9.75,9.75,1000
1985-03-11,0.0,10.0,9.75,10.0,10.0,2000
1985-03-12,10.0,10.0,10.0,10.0,10.0,0
1985-03-13,0.0,10.0,10.0,10.0,10.0,4200
1985-03-14,10.0,10.0,10.0,10.0,10.0,0
1985-03-15,10.0,10.0,10.0,10.0,10.0,0
1985-03-18,10.0,10.0,10.0,10.0,10.0,0
1985-03-19,10.0,10.0,10.0,10.0,10.0,0
1985-03-20,10.0,10.0,10.0,10.0,10.0,0
1985-03-21,0.0,11.0,10.0,11.0,11.0,3600
1985-03-22,0.0,10.25,10.25,10.25,10.25,100
1985-03-25,10.25,10.25,10.25,10.25,10.25,0
1985-03-26,0.0,10.25,10.0,10.0,10.0,1300
1985-03-27,0.0,10.0,10.0,10.0,10.0,700
1985-03-28,10.0,10.0,10.0,10.0,10.0,0
1985-03-29,0.0,10.0,10.0,10.0,10.0,100
1985-04-01,10.0,10.0,10.0,10.0,10.0,0
1985-04-02,0.0,10.625,10.625,10.625,10.625,3000
1985-04-03,10.625,10.625,10.625,10.625,10.625,0
1985-04-04,0.0,10.0,10.0,10.0,10.0,100
1985-04-08,0.0,10.0,10.0,10.0,10.0,200
1985-04-09,10.0,10.0,10.0,10.0,10.0,0
1985-04-10,0.0,10.0,10.0,10.0,10.0,10000
1985-04-11,0.0,10.5,10.5,10.5,10.5,300
1985-04-12,10.5,10.5,10.5,10.5,10.5,0
1985-04-15,0.0,10.375,10.375,10.375,10.375,300
1985-04-16,10.375,10.375,10.375,10.375,10.375,0
1985-04-17,0.0,10.0,9.5,9.5,9.5,1800
1985-04-18,0.0,9.0,9.0,9.0,9.0,100
1985-04-19,0.0,9.0,9.0,9.0,9.0,200
1985-04-22,9.0,9.0,9.0,9.0,9.0,0
1985-04-23,9.0,9.0,9.0,9.0,9.0,0
1985-04-24,0.0,9.0,9.0,9.0,9.0,800
1985-04-25,0.0,9.125,9.0,9.0,9.0,31000
1985-04-26,0.0,9.0,9.0,9.0,9.0,1500
1985-04-29,0.0,9.0,8.75,8.75,8.75,1000
1985-04-30,0.0,8.75,8.75,8.75,8.75,1400
1985-05-01,0.0,9.0,8.75,9.0,9.0,600
1985-05-02,0.0,9.0,8.75,9.0,9.0,500
1985-05-03,9.0,9.0,9.0,9.0,9.0,0
1985-05-06,0.0,8.75,8.75,8.75,8.75,2800
1985-05-07,0.0,8.75,8.75,8.75,8.75,1900
1985-05-08,0.0,9.0,8.75,8.75,8.75,300
1985-05-09,0.0,9.0,9.0,9.0,9.0,1100
1985-05-10,9.0,9.0,9.0,9.0,9.0,0
1985-05-13,0.0,10.0,8.75,9.0,9.0,6800
1985-05-14,0.0,9.125,9.0,9.125,9.125,8500
1985-05-15,0.0,9.125,9.0,9.0,9.0,20000
1985-05-16,0.0,9.0,9.0,9.0,9.0,1900
1985-05-17,0.0,9.5,8.875,9.5,9.5,8100
1985-05-20,0.0,9.0,9.0,9.0,9.0,200
1985-05-21,0.0,9.125,9.0,9.0,9.0,5500
1985-05-22,0.0,9.0,8.875,9.0,9.0,1300
1985-05-23,0.0,9.0,8.875,9.0,9.0,2300
1985-05-24,9.0,9.0,9.0,9.0,9.0,0
1985-05-28,0.0,8.875,8.875,8.875,8.875,100
1985-05-29,0.0,9.0,8.875,8.875,8.875,4000
1985-05-30,0.0,8.875,8.875,8.875,8.875,200
1985-05-31,8.875,8.875,8.875,8.875,8.875,0
1985-06-03,0.0,8.875,8.875,8.875,8.875,1000
1985-06-04,8.875,8.875,8.875,8.875,8.875,0
1985-06-05,0.0,9.0,8.875,9.0,9.0,4100
1985-06-06,0.0,8.875,8.875,8.875,8.875,100
1985-06-07,0.0,8.875,8.875,8.875,8.875,1100
1985-06-10,0.0,8.625,8.625,8.625,8.625,700
1985-06-11,0.0,9.0,8.625,9.0,9.0,800
1985-06-12,0.0,9.125,8.75,9.125,9.125,4500
1985-06-13,0.0,9.0,9.0,9.0,9.0,1000
1985-06-14,0.0,9.0,9.0,9.0,9.0,100
1985-06-17,9.0,9.0,9.0,9.0,9.0,0
1985-06-18,0.0,9.0,9.0,9.0,9.0,200
1985-06-19,0.0,9.0,9.0,9.0,9.0,4100
1985-06-20,0.0,9.0,9.0,9.0,9.0,1200
1985-06-21,0.0,9.125,9.0,9.125,9.125,2800
1985-06-24,0.0,9.125,9.125,9.125,9.125,1700
1985-06-25,9.125,9.125,9.125,9.125,9.125,0
1985-06-26,0.0,9.0,9.0,9.0,9.0,500
1985-06-27,0.0,9.125,9.125,9.125,9.125,100
1985-06-28,0.0,9.0,9.0,9.0,9.0,500
1985-07-01,0.0,9.0,8.5,8.5,8.5,3900
1985-07-02,0.0,8.5,8.5,8.5,8.5,100
1985-07-03,0.0,8.875,8.875,8.875,8.875,500
1985-07-05,8.875,8.875,8.875,8.875,8.875,0
1985-07-08,0.0,8.875,8.625,8.875,8.875,1000
1985-07-09,8.875,8.875,8.875,8.875,8.875,0
1985-07-10,0.0,8.5,8.5,8.5,8.5,100
1985-07-11,0.0,8.5,8.5,8.5,8.5,100
1985-07-12,8.5,8.5,8.5,8.5,8.5,0
1985-07-15,0.0,8.75,8.75,8.75,8.75,100
1985-07-16,8.75,8.75,8.75,8.75,8.75,0
1985-07-17,0.0,8.5,8.5,8.5,8.5,100
1985-07-18,0.0,8.5,8.375,8.5,8.5,5000
1985-07-19,0.0,8.375,8.375,8.375,8.375,1000
1985-07-22,0.0,8.375,8.375,8.375,8.375,1000
1985-07-23,0.0,8.75,8.75,8.75,8.75,2000
1985-07-24,0.0,8.375,8.375,8.375,8.375,200
1985-07-25,8.375,8.375,8.375,8.375,8.375,0
1985-07-26,0.0,8.5,8.5,8.5,8.5,100
1985-07-29,8.5,8.5,8.5,8.5,8.5,0
1985-07-30,0.0,9.0,9.0,9.0,9.0,1600
1985-07-31,0.0,9.0,9.0,9.0,9.0,2400
1985-08-01,9.0,9.0,9.0,9.0,9.0,0
1985-08-02,9.0,9.0,9.0,9.0,9.0,0
1985-08-05,9.0,9.0,9.0,9.0,9.0,0
1985-08-06,0.0,9.25,9.0,9.125,9.125,3500
1985-08-07,0.0,9.25,9.25,9.25,9.25,200
1985-08-08,9.25,9.25,9.25,9.25,9.25,0
1985-08-09,0.0,9.5,9.25,9.25,9.25,38300
1985-08-12,0.0,9.25,9.25,9.25,9.25,300
1985-08-13,0.0,9.25,9.25,9.25,9.25,6100
1985-08-14,9.25,9.25,9.25,9.25,9.25,0
1985-08-15,9.25,9.25,9.25,9.25,9.25,0
1985-08-16,0.0,9.0,9.0,9.0,9.0,300
1985-08-19,9.0,9.0,9.0,9.0,9.0,0
1985-08-20,9.0,9.0,9.0,9.0,9.0,0
1985-08-21,0.0,9.0,9.0,9.0,9.0,300
1985-08-22,9.0,9.0,9.0,9.0,9.0,0
1985-08-23,9.0,9.0,9.0,9.0,9.0,0
1985-08-26,9.0,9.0,9.0,9.0,9.0,0
1985-08-27,9.0,9.0,9.0,9.0,9.0,0
1985-08-28,0.0,9.5,9.0,9.5,9.5,300
1985-08-29,0.0,9.0,9.0,9.0,9.0,200
1985-08-30,0.0,10.0,9.25,10.0,10.0,900
1985-09-03,0.0,9.5,9.5,9.5,9.5,1000
1985-09-04,0.0,9.5,9.5,9.5,9.5,100
1985-09-05,9.5,9.5,9.5,9.5,9.5,0
1985-09-06,0.0,9.5,9.5,9.5,9.5,100
1985-09-09,0.0,9.5,9.5,9.5,9.5,3000
1985-09-10,9.5,9.5,9.5,9.5,9.5,0
1985-09-11,0.0,9.5,9.5,9.5,9.5,500
1985-09-12,9.5,9.5,9.5,9.5,9.5,0
1985-09-13,0.0,9.5,9.5,9.5,9.5,300
1985-09-16,9.5,9.5,9.5,9.5,9.5,0
1985-09-17,0.0,9.5,9.5,9.5,9.5,500
1985-09-18,9.5,9.5,9.5,9.5,9.5,0
1985-09-19,0.0,9.5,9.5,9.5,9.5,100
1985-09-20,9.5,9.5,9.5,9.5,9.5,0
1985-09-23,0.0,9.5,9.5,9.5,9.5,100
1985-09-24,9.5,9.5,9.5,9.5,9.5,0
1985-09-25,0.0,9.5,9.5,9.5,9.5,600
1985-09-26,9.5,9.5,9.5,9.5,9.5,0
1985-09-30,0.0,10.25,9.5,10.25,10.25,3600
1985-10-01,0.0,10.5,10.0,10.5,10.5,2300
1985-10-02,0.0,11.0,10.25,10.25,10.25,200
1985-10-03,0.0,11.0,10.25,11.0,11.0,400
1985-10-04,11.0,11.0,11.0,11.0,11.0,0
1985-10-07,0.0,10.25,10.25,10.25,10.25,300
1985-10-08,10.25,10.25,10.25,10.25,10.25,0
1985-10-09,10.25,10.25,10.25,10.25,10.25,0
1985-10-10,0.0,10.375,10.375,10.375,10.375,7000
1985-10-11,0.0,10.375,10.25,10.25,10.25,6100
1985-10-14,10.25,10.25,10.25,10.25,10.25,0
1985-10-15,0.0,10.25,10.25,10.25,10.25,100
1985-10-16,0.0,10.25,10.25,10.25,10.25,100
1985-10-17,0.0,10.5,10.25,10.25,10.25,900
1985-10-18,0.0,10.5,10.25,10.5,10.5,1700
1985-10-21,0.0,10.25,10.25,10.25,10.25,200
1985-10-22,0.0,10.25,10.25,10.25,10.25,500
1985-10-23,10.25,10.25,10.25,10.25,10.25,0
1985-10-24,0.0,10.5,10.25,10.5,10.5,1200
1985-10-25,10.5,10.5,10.5,10.5,10.5,0
1985-10-28,0.0,10.5,10.0,10.5,10.5,3500
1985-10-29,0.0,10.0,10.0,10.0,10.0,200
1985-10-30,0.0,10.5,10.0,10.5,10.5,1500
1985-10-31,0.0,11.0,10.5,11.0,11.0,26400
1985-11-01,11.0,11.0,11.0,11.0,11.0,0
1985-11-04,0.0,10.25,10.25,10.25,10.25,600
1985-11-05,10.25,10.25,10.25,10.25,10.25,0
1985-11-06,0.0,10.25,10.25,10.25,10.25,200
1985-11-07,0.0,10.25,10.25,10.25,10.25,1300
1985-11-08,10.25,10.25,10.25,10.25,10.25,0
1985-11-11,0.0,11.0,11.0,11.0,11.0,500
1985-11-12,0.0,11.0,11.0,11.0,11.0,500
1985-11-13,0.0,10.25,10.25,10.25,10.25,100
1985-11-14,0.0,11.0,10.5,10.75,10.75,8800
1985-11-15,0.0,10.75,10.75,10.75,10.75,100
1985-11-18,0.0,10.75,10.75,10.75,10.75,100
1985-11-19,0.0,11.25,11.25,11.25,11.25,1000
1985-11-20,0.0,11.25,11.0,11.0,11.0,1300
1985-11-21,0.0,11.5,11.5,11.5,11.5,400
1985-11-22,0.0,11.75,11.25,11.25,11.25,1400
1985-11-25,0.0,11.5,11.0,11.0,11.0,1600
1985-11-26,11.0,11.0,11.0,11.0,11.0,0
1985-11-27,0.0,11.0,11.0,11.0,11.0,3500
1985-11-29,0.0,11.75,11.0,11.75,11.75,4400
1985-12-02,0.0,11.75,11.75,11.75,11.75,600
1985-12-03,11.75,11.75,11.75,11.75,11.75,0
1985-12-04,0.0,11.75,11.75,11.75,11.75,1700
1985-12-05,11.75,11.75,11.75,11.75,11.75,0
1985-12-06,0.0,11.75,11.75,11.75,11.75,200
1985-12-09,0.0,11.75,11.75,11.75,11.75,300
1985-12-10,11.75,11.75,11.75,11.75,11.75,0
1985-12-11,0.0,12.0,12.0,12.0,12.0,500
1985-12-12,0.0,11.75,11.75,11.75,11.75,100
1985-12-13,0.0,12.0,11.75,11.75,11.75,600
1985-12-16,0.0,11.75,11.75,11.75,11.75,300
1985-12-17,0.0,11.75,11.75,11.75,11.75,100
1985-12-18,0.0,11.75,11.75,11.75,11.75,800
1985-12-19,0.0,11.5,11.5,11.5,11.5,6900
1985-12-20,0.0,11.5,11.5,11.5,11.5,800
1985-12-23,0.0,11.5,11.5,11.5,11.5,1600
1985-12-24,11.5,11.5,11.5,11.5,11.5,0
1985-12-26,11.5,11.5,11.5,11.5,11.5,0
1985-12-27,0.0,11.5,11.5,11.5,11.5,200
1985-12-30,0.0,11.5,11.5,11.5,11.5,200
1985-12-31,0.0,12.0,12.0,12.0,12.0,100
1986-01-02,0.0,11.5,11.5,11.5,11.5,100
1986-01-03,0.0,11.5,11.5,11.5,11.5,2500
1986-01-06,0.0,12.25,11.75,12.0,12.0,3900
1986-01-07,0.0,12.75,12.0,12.25,12.25,4400
1986-01-08,0.0,12.625,12.25,12.625,12.625,2200
1986-01-09,0.0,12.75,12.25,12.25,12.25,5600
1986-01-10,0.0,12.5,12.25,12.25,12.25,400
1986-01-13,0.0,12.75,12.25,12.75,12.75,800
1986-01-14,0.0,13.0,12.625,13.0,13.0,2300
1986-01-15,0.0,12.5,12.5,12.5,12.5,200
1986-01-16,0.0,12.625,12.5,12.5,12.5,600
1986-01-17,0.0,13.0,13.0,13.0,13.0,700
1986-01-20,0.0,13.0,13.0,13.0,13.0,2100
1986-01-21,0.0,12.75,12.75,12.75,12.75,200
1986-01-22,0.0,13.25,13.25,13.25,13.25,100
1986-01-23,0.0,12.75,12.75,12.75,12.75,800
1986-01-24,0.0,13.25,12.75,12.75,12.75,200
1986-01-27,0.0,13.25,13.25,13.25,13.25,100
1986-01-28,13.25,13.25,13.25,13.25,13.25,0
1986-01-29,0.0,13.25,13.25,13.25,13.25,100
1986-01-30,0.0,13.25,13.0,13.0,13.0,2600
1986-01-31,0.0,13.25,13.0,13.25,13.25,2100
1986-02-03,0.0,13.75,13.25,13.25,13.25,8300
1986-02-04,0.0,13.5,13.25,13.5,13.5,2100
1986-02-05,0.0,13.5,13.5,13.5,13.5,100
1986-02-06,0.0,13.5,13.5,13.5,13.5,200
1986-02-07,0.0,13.5,13.5,13.5,13.5,2100
1986-02-10,0.0,13.25,13.25,13.25,13.25,200
1986-02-11,0.0,13.5,13.25,13.25,13.25,2000
1986-02-12,0.0,13.0,13.0,13.0,13.0,100
1986-02-13,0.0,13.75,13.0,13.75,13.75,600
1986-02-14,0.0,13.0,13.0,13.0,13.0,100
1986-02-18,0.0,13.75,13.0,13.75,13.75,4300
1986-02-19,0.0,13.5,13.0,13.5,13.5,800
1986-02-20,0.0,13.75,13.25,13.25,13.25,1100
1986-02-21,0.0,13.75,13.75,13.75,13.75,200
1986-02-24,0.0,13.75,13.75,13.75,13.75,200
1986-02-25,0.0,13.25,13.25,13.25,13.25,100
1986-02-26,0.0,13.25,13.25,13.25,13.25,500
1986-02-27,0.0,13.25,13.25,13.25,13.25,1000
1986-02-28,0.0,13.5,13.25,13.5,13.5,300
1986-03-03,13.5,13.5,13.5,13.5,13.5,0
1986-03-04,0.0,13.25,13.25,13.25,13.25,200
1986-03-05,0.0,13.75,13.5,13.75,13.75,2700
1986-03-06,0.0,14.0,13.75,14.0,14.0,1000
1986-03-07,0.0,14.75,14.25,14.75,14.75,2400
1986-03-10,0.0,14.75,14.0,14.75,14.75,800
1986-03-11,0.0,14.75,14.0,14.25,14.25,2500
1986-03-12,0.0,14.0,14.0,14.0,14.0,300
1986-03-13,0.0,15.5,14.25,14.25,14.25,5700
1986-03-14,0.0,14.75,14.25,14.75,14.75,6400
1986-03-17,0.0,14.75,14.25,14.75,14.75,700
1986-03-18,14.75,14.75,14.75,14.75,14.75,0
1986-03-19,14.75,14.75,14.75,14.75,14.75,0
1986-03-20,14.75,14.75,14.75,14.75,14.75,0
1986-03-21,14.75,14.75,14.75,14.75,14.75,0
1986-03-24,0.0,14.25,14.25,14.25,14.25,100
1986-03-25,14.25,14.25,14.25,14.25,14.25,0
1986-03-26,14.25,14.25,14.25,14.25,14.25,0
1986-03-27,0.0,14.75,14.5,14.75,14.75,1100
1986-03-31,0.0,15.5,15.5,15.5,15.5,500
1986-04-01,0.0,15.0,15.0,15.0,15.0,200
1986-04-02,0.0,15.5,15.0,15.5,15.5,2000
1986-04-03,0.0,16.0,15.0,15.0,15.0,200
1986-04-04,15.0,15.0,15.0,15.0,15.0,0
1986-04-07,0.0,15.0,15.0,15.0,15.0,100
1986-04-08,0.0,16.0,15.25,15.5,15.5,1800
1986-04-09,15.5,15.5,15.5,15.5,15.5,0
1986-04-10,15.5,15.5,15.5,15.5,15.5,0
1986-04-11,0.0,15.25,15.25,15.25,15.25,100
1986-04-14,15.25,15.25,15.25,15.25,15.25,0
1986-04-15,0.0,15.75,15.25,15.25,15.25,600
1986-04-16,15.25,15.25,15.25,15.25,15.25,0
1986-04-17,15.25,15.25,15.25,15.25,15.25,0
1986-04-18,0.0,15.25,15.25,15.25,15.25,400
1986-04-21,0.0,15.75,15.25,15.75,15.75,700
1986-04-22,0.0,15.5,15.5,15.5,15.5,100
1986-04-23,0.0,15.25,15.25,15.25,15.25,300
1986-04-24,15.25,15.25,15.25,15.25,15.25,0
1986-04-25,0.0,15.75,15.25,15.75,15.75,5500
1986-04-28,0.0,16.25,16.0,16.0,16.0,4600
1986-04-29,0.0,16.25,16.0,16.0,16.0,1300
1986-04-30,0.0,16.375,16.0,16.375,16.375,2600
1986-05-01,0.0,16.375,16.0,16.375,16.375,4000
1986-05-02,16.375,16.375,16.375,16.375,16.375,0
1986-05-05,0.0,16.25,15.75,15.75,15.75,400
1986-05-06,0.0,15.75,15.75,15.75,15.75,400
1986-05-07,0.0,16.75,16.75,16.75,16.75,1000
1986-05-08,0.0,16.25,16.0,16.25,16.25,700
1986-05-09,16.25,16.25,16.25,16.25,16.25,0
1986-05-12,0.0,16.0,15.5,15.5,15.5,1300
1986-05-13,15.5,15.5,15.5,15.5,15.5,0
1986-05-14,0.0,15.0,15.0,15.0,15.0,1000
1986-05-15,0.0,15.0,15.0,15.0,15.0,500
1986-05-16,0.0,15.0,15.0,15.0,15.0,500
1986-05-19,15.0,15.0,15.0,15.0,15.0,0
1986-05-20,0.0,16.0,16.0,16.0,16.0,1500
1986-05-21,0.0,15.75,15.5,15.75,15.75,1600
1986-05-22,0.0,15.5,15.5,15.5,15.5,1000
1986-05-23,15.5,15.5,15.5,15.5,15.5,0
1986-05-27,0.0,16.0,15.5,16.0,16.0,4500
1986-05-28,0.0,16.5,15.5,16.375,16.375,9000
1986-05-29,0.0,16.5,16.25,16.5,16.5,1800
1986-05-30,0.0,17.0,16.25,17.0,17.0,1500
1986-06-02,0.0,17.0,16.25,16.5,16.5,2300
1986-06-03,16.5,16.5,16.5,16.5,16.5,0
1986-06-04,0.0,16.5,16.5,16.5,16.5,200
1986-06-05,0.0,17.5,17.0,17.0,17.0,1100
1986-06-06,0.0,18.0,18.0,18.0,18.0,500
1986-06-09,0.0,18.5,18.5,18.5,18.5,300
1986-06-10,0.0,18.5,17.5,17.5,17.5,200
1986-06-11,0.0,18.5,18.5,18.5,18.5,500
1986-06-12,0.0,17.5,17.5,17.5,17.5,500
1986-06-13,0.0,17.5,17.5,17.5,17.5,100
1986-06-16,0.0,17.5,17.5,17.5,17.5,2000
1986-06-17,0.0,18.0,17.5,18.0,18.0,700
1986-06-18,0.0,17.5,17.5,17.5,17.5,200
1986-06-19,17.5,17.5,17.5,17.5,17.5,0
1986-06-20,17.5,17.5,17.5,17.5,17.5,0
1986-06-23,0.0,18.0,17.75,17.75,17.75,1600
1986-06-24,0.0,17.75,17.75,17.75,17.75,400
1986-06-25,0.0,18.0,17.75,18.0,18.0,1400
1986-06-26,0.0,18.5,18.5,18.5,18.5,200
1986-06-27,0.0,18.0,17.25,18.0,18.0,3800
1986-06-30,0.0,17.25,17.25,17.25,17.25,100
1986-07-01,0.0,17.75,17.75,17.75,17.75,500
1986-07-02,0.0,17.875,17.875,17.875,17.875,300
1986-07-03,17.875,17.875,17.875,17.875,17.875,0
1986-07-07,0.0,17.5,17.5,17.5,17.5,700
1986-07-08,0.0,17.25,16.5,16.5,16.5,1500
1986-07-09,0.0,16.25,16.25,16.25,16.25,800
1986-07-10,16.25,16.25,16.25,16.25,16.25,0
1986-07-11,0.0,16.75,16.25,16.75,16.75,600
1986-07-14,16.75,16.75,16.75,16.75,16.75,0
1986-07-15,0.0,16.75,16.5,16.75,16.75,1000
1986-07-16,0.0,17.25,16.5,16.5,16.5,1300
1986-07-17,0.0,16.75,16.5,16.75,16.75,1000
1986-07-18,0.0,16.5,16.25,16.5,16.5,1500
1986-07-21,16.5,16.5,16.5,16.5,16.5,0
1986-07-22,16.5,16.5,16.5,16.5,16.5,0
1986-07-23,0.0,16.0,16.0,16.0,16.0,200
1986-07-24,0.0,16.375,16.0,16.0,16.0,2200
1986-07-25,16.0,16.0,16.0,16.0,16.0,0
1986-07-28,16.0,16.0,16.0,16.0,16.0,0
1986-07-29,0.0,16.375,15.75,16.25,16.25,3200
1986-07-30,16.25,16.25,16.25,16.25,16.25,0
1986-07-31,0.0,16.0,16.0,16.0,16.0,7400
1986-08-01,16.0,16.0,16.0,16.0,16.0,0
1986-08-04,0.0,16.25,16.0,16.25,16.25,2000
1986-08-05,16.25,16.25,16.25,16.25,16.25,0
1986-08-06,16.25,16.25,16.25,16.25,16.25,0
1986-08-07,16.25,16.25,16.25,16.25,16.25,0
1986-08-08,0.0,16.0,16.0,16.0,16.0,500
1986-08-11,0.0,16.375,16.375,16.375,16.375,1000
1986-08-12,16.375,16.375,16.375,16.375,16.375,0
1986-08-13,0.0,16.375,16.0,16.0,16.0,1200
1986-08-14,0.0,16.0,16.0,16.0,16.0,100
1986-08-15,0.0,16.0,16.0,16.0,16.0,100
1986-08-18,0.0,16.0,16.0,16.0,16.0,100
1986-08-19,0.0,16.5,16.0,16.5,16.5,4000
1986-08-20,0.0,16.75,16.5,16.5,16.5,2000
1986-08-21,16.5,16.5,16.5,16.5,16.5,0
1986-08-22,16.5,16.5,16.5,16.5,16.5,0
1986-08-25,0.0,16.5,16.5,16.5,16.5,500
1986-08-26,0.0,16.0,16.0,16.0,16.0,300
1986-08-27,0.0,16.375,16.0,16.375,16.375,1600
1986-08-28,16.375,16.375,16.375,16.375,16.375,0
1986-08-29,0.0,17.0,16.5,16.5,16.5,10200
1986-09-02,0.0,16.5,16.5,16.5,16.5,600
1986-09-03,0.0,16.5,16.5,16.5,16.5,4500
1986-09-04,0.0,16.5,16.0,16.0,16.0,1000
1986-09-05,0.0,16.5,16.5,16.5,16.5,1000
1986-09-08,16.5,16.5,16.5,16.5,16.5,0
1986-09-09,16.5,16.5,16.5,16.5,16.5,0
1986-09-10,16.5,16.5,16.5,16.5,16.5,0
1986-09-11,0.0,16.5,16.25,16.5,16.5,2500
1986-09-12,0.0,16.0,16.0,16.0,16.0,200
1986-09-15,16.0,16.0,16.0,16.0,16.0,0
1986-09-16,0.0,16.375,16.0,16.0,16.0,2500
1986-09-17,0.0,15.5,15.5,15.5,15.5,200
1986-09-18,15.5,15.5,15.5,15.5,15.5,0
1986-09-19,15.5,15.5,15.5,15.5,15.5,0
1986-09-22,15.5,15.5,15.5,15.5,15.5,0
1986-09-23,0.0,15.5,15.5,15.5,15.5,200
1986-09-24,0.0,15.875,15.5,15.5,15.5,2000
1986-09-25,15.5,15.5,15.5,15.5,15.5,0
1986-09-26,0.0,15.5,15.5,15.5,15.5,100
1986-09-29,0.0,15.875,15.25,15.25,15.25,2100
1986-09-30,0.0,16.5,15.25,16.0,16.0,10400
1986-10-01,0.0,16.5,15.5,15.75,15.75,15000
1986-10-02,15.75,15.75,15.75,15.75,15.75,0
1986-10-03,0.0,15.25,15.25,15.25,15.25,100
1986-10-06,0.0,15.75,15.75,15.75,15.75,900
1986-10-07,15.75,15.75,15.75,15.75,15.75,0
1986-10-08,0.0,15.75,15.75,15.75,15.75,1000
1986-10-09,15.75,15.75,15.75,15.75,15.75,0
1986-10-10,15.75,15.75,15.75,15.75,15.75,0
1986-10-13,15.75,15.75,15.75,15.75,15.75,0
1986-10-14,0.0,15.5,15.5,15.5,15.5,200
1986-10-15,0.0,15.875,15.875,15.875,15.875,1000
1986-10-16,0.0,15.5,15.5,15.5,15.5,300
1986-10-17,15.5,15.5,15.5,15.5,15.5,0
1986-10-20,15.5,15.5,15.5,15.5,15.5,0
1986-10-21,0.0,15.5,15.5,15.5,15.5,100
1986-10-22,0.0,15.5,15.5,15.5,15.5,200
1986-10-23,0.0,15.5,15.5,15.5,15.5,300
1986-10-24,0.0,16.25,15.75,15.75,15.75,9000
1986-10-27,15.75,15.75,15.75,15.75,15.75,0
1986-10-28,0.0,16.5,16.5,16.5,16.5,1500
1986-10-29,0.0,15.75,15.75,15.75,15.75,2000
1986-10-30,0.0,16.25,15.75,16.25,16.25,2300
1986-10-31,0.0,16.25,16.25,16.25,16.25,1500
1986-11-03,0.0,16.25,16.25,16.25,16.25,200
1986-11-04,0.0,16.25,16.25,16.25,16.25,200
1986-11-05,0.0,16.25,16.25,16.25,16.25,100
1986-11-06,0.0,16.25,16.25,16.25,16.25,200
1986-11-07,0.0,16.25,16.25,16.25,16.25,700
1986-11-10,0.0,16.25,16.25,16.25,16.25,800
1986-11-11,16.25,16.25,16.25,16.25,16.25,0
1986-11-12,16.25,16.25,16.25,16.25,16.25,0
1986-11-13,0.0,16.0,16.0,16.0,16.0,600
1986-11-14,0.0,16.0,16.0,16.0,16.0,700
1986-11-17,16.0,16.0,16.0,16.0,16.0,0
1986-11-18,0.0,16.0,16.0,16.0,16.0,100
1986-11-19,0.0,16.0,16.0,16.0,16.0,300
1986-11-20,0.0,16.0,16.0,16.0,16.0,1500
1986-11-21,0.0,16.0,16.0,16.0,16.0,100
1986-11-24,0.0,16.0,16.0,16.0,16.0,100
1986-11-25,0.0,16.25,16.0,16.25,16.25,2000
1986-11-26,0.0,16.5,16.25,16.5,16.5,8200
1986-11-28,16.5,16.5,16.5,16.5,16.5,0
1986-12-01,0.0,16.0,16.0,16.0,16.0,100
1986-12-02,16.0,16.0,16.0,16.0,16.0,0
1986-12-03,0.0,16.0,16.0,16.0,16.0,400
1986-12-04,0.0,16.0,16.0,16.0,16.0,300
1986-12-05,16.0,16.0,16.0,16.0,16.0,0
1986-12-08,0.0,16.0,16.0,16.0,16.0,1900
1986-12-09,0.0,16.0,16.0,16.0,16.0,400
1986-12-10,16.0,16.0,16.0,16.0,16.0,0
1986-12-11,0.0,16.0,16.0,16.0,16.0,100
1986-12-12,0.0,16.0,16.0,16.0,16.0,300
1986-12-15,0.0,16.0,16.0,16.0,16.0,300
1986-12-16,0.0,16.375,16.0,16.375,16.375,15200
1986-12-17,0.0,16.0,16.0,16.0,16.0,4100
1986-12-18,0.0,16.0,16.0,16.0,16.0,700
1986-12-19,0.0,16.25,16.0,16.25,16.25,10100
1986-12-22,0.0,16.0,16.0,16.0,16.0,500
1986-12-23,0.0,16.5,16.0,16.25,16.25,1700
1986-12-24,0.0,17.0,17.0,17.0,17.0,100
1986-12-26,0.0,17.0,16.75,16.75,16.75,2300
1986-12-29,0.0,17.25,17.25,17.25,17.25,200
1986-12-30,0.0,17.5,17.25,17.5,17.5,1300
1986-12-31,0.0,18.0,17.25,18.0,18.0,1900
1987-01-02,18.0,18.0,18.0,18.0,18.0,0
1987-01-05,0.0,18.5,18.0,18.0,18.0,900
1987-01-06,0.0,18.0,18.0,18.0,18.0,100
1987-01-07,0.0,18.875,18.625,18.625,18.625,2500
1987-01-08,0.0,18.0,18.0,18.0,18.0,300
1987-01-09,18.0,18.0,18.0,18.0,18.0,0
1987-01-12,0.0,20.0,18.0,20.0,20.0,4400
1987-01-13,0.0,21.0,20.0,20.0,20.0,4700
1987-01-14,0.0,21.0,20.0,20.0,20.0,2400
1987-01-15,0.0,20.0,20.0,20.0,20.0,100
1987-01-16,0.0,20.0,20.0,20.0,20.0,400
1987-01-19,0.0,20.0,19.75,19.75,19.75,1700
1987-01-20,0.0,19.75,19.75,19.75,19.75,1000
1987-01-21,0.0,19.75,18.5,18.5,18.5,1300
1987-01-22,18.5,18.5,18.5,18.5,18.5,0
1987-01-23,0.0,18.5,18.5,18.5,18.5,1200
1987-01-26,18.5,18.5,18.5,18.5,18.5,0
1987-01-27,18.5,18.5,18.5,18.5,18.5,0
1987-01-28,18.5,18.5,18.5,18.5,18.5,0
1987-01-29,0.0,18.5,18.5,18.5,18.5,1700
1987-01-30,0.0,18.5,18.5,18.5,18.5,300
1987-02-02,0.0,18.5,18.5,18.5,18.5,500
1987-02-03,0.0,18.5,18.5,18.5,18.5,100
1987-02-04,18.5,18.5,18.5,18.5,18.5,0
1987-02-05,0.0,18.5,18.5,18.5,18.5,200
1987-02-06,0.0,18.5,18.5,18.5,18.5,100
1987-02-09,18.5,18.5,18.5,18.5,18.5,0
1987-02-10,18.5,18.5,18.5,18.5,18.5,0
1987-02-11,0.0,18.5,18.5,18.5,18.5,100
1987-02-12,18.5,18.5,18.5,18.5,18.5,0
1987-02-13,0.0,18.5,18.5,18.5,18.5,2100
1987-02-17,0.0,18.5,18.5,18.5,18.5,500
1987-02-18,18.5,18.5,18.5,18.5,18.5,0
1987-02-19,18.5,18.5,18.5,18.5,18.5,0
1987-02-20,0.0,20.0,18.5,18.5,18.5,700
1987-02-23,0.0,18.5,18.5,18.5,18.5,100
1987-02-24,0.0,18.5,18.5,18.5,18.5,200
1987-02-25,18.5,18.5,18.5,18.5,18.5,0
1987-02-26,0.0,19.0,19.0,19.0,19.0,300
1987-02-27,19.0,19.0,19.0,19.0,19.0,0
1987-03-02,0.0,18.75,18.5,18.5,18.5,500
1987-03-03,18.5,18.5,18.5,18.5,18.5,0
1987-03-04,18.5,18.5,18.5,18.5,18.5,0
1987-03-05,18.5,18.5,18.5,18.5,18.5,0
1987-03-06,18.5,18.5,18.5,18.5,18.5,0
1987-03-09,0.0,18.75,18.75,18.75,18.75,200
1987-03-10,18.75,18.75,18.75,18.75,18.75,0
1987-03-11,0.0,19.5,18.75,19.5,19.5,1000
1987-03-12,19.5,19.5,19.5,19.5,19.5,0
1987-03-13,19.5,19.5,19.5,19.5,19.5,0
1987-03-16,0.0,19.75,18.75,18.75,18.75,600
1987-03-17,0.0,19.0,18.75,19.0,19.0,1200
1987-03-18,0.0,18.5,18.5,18.5,18.5,200
1987-03-19,18.5,18.5,18.5,18.5,18.5,0
1987-03-20,18.5,18.5,18.5,18.5,18.5,0
1987-03-23,0.0,19.125,18.5,19.125,19.125,6100
1987-03-24,0.0,19.25,18.5,19.25,19.25,300
1987-03-25,0.0,19.25,19.25,19.25,19.25,1000
1987-03-26,0.0,19.0,19.0,19.0,19.0,300
1987-03-27,0.0,19.0,19.0,19.0,19.0,500
1987-03-30,19.0,19.0,19.0,19.0,19.0,0
1987-03-31,0.0,19.0,18.5,19.0,19.0,5100
1987-04-01,19.0,19.0,19.0,19.0,19.0,0
1987-04-02,0.0,18.75,18.5,18.75,18.75,2500
1987-04-03,0.0,18.75,18.5,18.75,18.75,1100
1987-04-06,18.75,18.75,18.75,18.75,18.75,0
1987-04-07,18.75,18.75,18.75,18.75,18.75,0
1987-04-08,18.75,18.75,18.75,18.75,18.75,0
1987-04-09,0.0,19.0,19.0,19.0,19.0,200
1987-04-10,0.0,19.75,19.0,19.75,19.75,3800
1987-04-13,19.75,19.75,19.75,19.75,19.75,0
1987-04-14,19.75,19.75,19.75,19.75,19.75,0
1987-04-15,19.75,19.75,19.75,19.75,19.75,0
1987-04-16,0.0,19.0,19.0,19.0,19.0,200
1987-04-20,0.0,19.0,19.0,19.0,19.0,100
1987-04-21,0.0,19.0,19.0,19.0,19.0,100
1987-04-22,0.0,19.0,19.0,19.0,19.0,200
1987-04-23,0.0,19.0,19.0,19.0,19.0,100
1987-04-24,19.0,19.0,19.0,19.0,19.0,0
1987-04-27,19.0,19.0,19.0,19.0,19.0,0
1987-04-28,0.0,19.0,19.0,19.0,19.0,100
1987-04-29,0.0,19.0,19.0,19.0,19.0,500
1987-04-30,0.0,20.0,19.0,19.5,19.5,2300
1987-05-01,19.5,19.5,19.5,19.5,19.5,0
1987-05-04,19.5,19.5,19.5,19.5,19.5,0
1987-05-05,19.5,19.5,19.5,19.5,19.5,0
1987-05-06,19.5,19.5,19.5,19.5,19.5,0
1987-05-07,19.5,19.5,19.5,19.5,19.5,0
1987-05-08,19.5,19.5,19.5,19.5,19.5,0
1987-05-11,19.5,19.5,19.5,19.5,19.5,0
1987-05-12,19.5,19.5,19.5,19.5,19.5,0
1987-05-13,19.5,19.5,19.5,19.5,19.5,0
1987-05-14,19.5,19.5,19.5,19.5,19.5,0
1987-05-15,0.0,19.25,19.25,19.25,19.25,1000
1987-05-18,19.25,19.25,19.25,19.25,19.25,0
1987-05-19,19.25,19.25,19.25,19.25,19.25,0
1987-05-20,19.25,19.25,19.25,19.25,19.25,0
1987-05-21,19.25,19.25,19.25,19.25,19.25,0
1987-05-22,19.25,19.25,19.25,19.25,19.25,0
1987-05-26,0.0,19.375,18.5,19.375,19.375,3000
1987-05-27,0.0,18.5,18.5,18.5,18.5,200
1987-05-28,18.5,18.5,18.5,18.5,18.5,0
1987-05-29,0.0,19.5,18.5,19.5,19.5,17100
1987-06-01,19.5,19.5,19.5,19.5,19.5,0
1987-06-02,19.5,19.5,19.5,19.5,19.5,0
1987-06-03,19.5,19.5,19.5,19.5,19.5,0
1987-06-04,19.5,19.5,19.5,19.5,19.5,0
1987-06-05,0.0,18.5,18.5,18.5,18.5,100
1987-06-08,0.0,19.5,19.5,19.5,19.5,200
1987-06-09,19.5,19.5,19.5,19.5,19.5,0
1987-06-10,19.5,19.5,19.5,19.5,19.5,0
1987-06-11,19.5,19.5,19.5,19.5,19.5,0
1987-06-12,0.0,18.625,18.5,18.625,18.625,2300
1987-06-15,18.625,18.625,18.625,18.625,18.625,0
1987-06-16,0.0,19.5,18.5,18.625,18.625,5300
1987-06-17,18.625,18.625,18.625,18.625,18.625,0
1987-06-18,18.625,18.625,18.625,18.625,18.625,0
1987-06-19,18.625,18.625,18.625,18.625,18.625,0
1987-06-22,18.625,18.625,18.625,18.625,18.625,0
1987-06-23,0.0,18.5,18.5,18.5,18.5,900
1987-06-24,0.0,18.5,18.5,18.5,18.5,1000
1987-06-25,18.5,18.5,18.5,18.5,18.5,0
1987-06-26,18.5,18.5,18.5,18.5,18.5,0
1987-06-29,18.5,18.5,18.5,18.5,18.5,0
1987-06-30,0.0,19.0,19.0,19.0,19.0,1300
1987-07-01,0.0,18.75,18.75,18.75,18.75,100
1987-07-02,0.0,19.25,19.0,19.0,19.0,2000
1987-07-06,0.0,19.5,19.5,19.5,19.5,1000
1987-07-07,0.0,20.0,19.875,19.875,19.875,1000
1987-07-08,19.875,19.875,19.875,19.875,19.875,0
1987-07-09,0.0,19.0,19.0,19.0,19.0,100
1987-07-10,19.0,19.0,19.0,19.0,19.0,0
1987-07-13,0.0,19.0,19.0,19.0,19.0,100
1987-07-14,19.0,19.0,19.0,19.0,19.0,0
1987-07-15,19.0,19.0,19.0,19.0,19.0,0
1987-07-16,0.0,20.0,20.0,20.0,20.0,100
1987-07-17,20.0,20.0,20.0,20.0,20.0,0
1987-07-20,0.0,19.25,19.25,19.25,19.25,200
1987-07-21,19.25,19.25,19.25,19.25,19.25,0
1987-07-22,0.0,20.0,19.875,19.875,19.875,3000
1987-07-23,0.0,19.75,19.75,19.75,19.75,100
1987-07-24,19.75,19.75,19.75,19.75,19.75,0
1987-07-27,0.0,19.75,19.75,19.75,19.75,300
1987-07-28,19.75,19.75,19.75,19.75,19.75,0
1987-07-29,0.0,19.75,19.75,19.75,19.75,100
1987-07-30,19.75,19.75,19.75,19.75,19.75,0
1987-07-31,19.75,19.75,19.75,19.75,19.75,0
1987-08-03,0.0,20.5,19.75,19.75,19.75,1500
1987-08-04,19.75,19.75,19.75,19.75,19.75,0
1987-08-05,19.75,19.75,19.75,19.75,19.75,0
1987-08-06,0.0,19.75,19.75,19.75,19.75,200
1987-08-07,19.75,19.75,19.75,19.75,19.75,0
1987-08-10,19.75,19.75,19.75,19.75,19.75,0
1987-08-11,19.75,19.75,19.75,19.75,19.75,0
1987-08-12,0.0,20.0,20.0,20.0,20.0,3200
1987-08-13,20.0,20.0,20.0,20.0,20.0,0
1987-08-14,0.0,19.75,19.75,19.75,19.75,100
1987-08-17,0.0,19.75,19.75,19.75,19.75,300
1987-08-18,0.0,20.375,19.75,19.75,19.75,25500
1987-08-19,19.75,19.75,19.75,19.75,19.75,0
1987-08-20,19.75,19.75,19.75,19.75,19.75,0
1987-08-21,0.0,19.75,19.75,19.75,19.75,700
1987-08-24,19.75,19.75,19.75,19.75,19.75,0
1987-08-25,19.75,19.75,19.75,19.75,19.75,0
1987-08-26,0.0,20.0,20.0,20.0,20.0,1000
1987-08-27,0.0,20.125,20.125,20.125,20.125,1300
1987-08-28,0.0,20.0,20.0,20.0,20.0,100
1987-08-31,20.0,20.0,20.0,20.0,20.0,0
1987-09-01,0.0,20.0,20.0,20.0,20.0,100
1987-09-02,20.0,20.0,20.0,20.0,20.0,0
1987-09-03,0.0,20.25,20.25,20.25,20.25,1200
1987-09-04,20.25,20.25,20.25,20.25,20.25,0
1987-09-08,20.25,20.25,20.25,20.25,20.25,0
1987-09-09,0.0,20.0,20.0,20.0,20.0,100
1987-09-10,20.0,20.0,20.0,20.0,20.0,0
1987-09-11,20.0,20.0,20.0,20.0,20.0,0
1987-09-14,20.0,20.0,20.0,20.0,20.0,0
1987-09-15,0.0,20.0,20.0,20.0,20.0,8100
1987-09-16,20.0,20.0,20.0,20.0,20.0,0
1987-09-17,0.0,20.0,20.0,20.0,20.0,2200
1987-09-18,0.0,20.25,20.25,20.25,20.25,800
1987-09-21,20.25,20.25,20.25,20.25,20.25,0
1987-09-22,0.0,20.25,20.25,20.25,20.25,2200
1987-09-23,20.25,20.25,20.25,20.25,20.25,0
1987-09-24,0.0,20.25,20.25,20.25,20.25,100
1987-09-25,20.25,20.25,20.25,20.25,20.25,0
1987-09-28,20.25,20.25,20.25,20.25,20.25,0
1987-09-29,20.25,20.25,20.25,20.25,20.25,0
1987-09-30,0.0,21.25,21.25,21.25,21.25,400
1987-10-01,0.0,21.5,21.5,21.5,21.5,200
1987-10-02,21.5,21.5,21.5,21.5,21.5,0
1987-10-05,21.5,21.5,21.5,21.5,21.5,0
1987-10-06,21.5,21.5,21.5,21.5,21.5,0
1987-10-07,21.5,21.5,21.5,21.5,21.5,0
1987-10-08,21.5,21.5,21.5,21.5,21.5,0
1987-10-09,0.0,20.5,20.5,20.5,20.5,200
1987-10-12,20.5,20.5,20.5,20.5,20.5,0
1987-10-13,0.0,20.5,20.5,20.5,20.5,100
1987-10-14,0.0,20.75,20.5,20.75,20.75,5000
1987-10-15,20.75,20.75,20.75,20.75,20.75,0
1987-10-16,20.75,20.75,20.75,20.75,20.75,0
1987-10-19,20.75,20.75,20.75,20.75,20.75,0
1987-10-20,0.0,20.5,20.5,20.5,20.5,2500
1987-10-21,0.0,20.0,20.0,20.0,20.0,400
1987-10-22,0.0,20.5,20.0,20.0,20.0,9500
1987-10-23,0.0,19.5,19.5,19.5,19.5,600
1987-10-26,0.0,19.5,19.25,19.25,19.25,1300
1987-10-27,0.0,19.0,18.5,19.0,19.0,2600
1987-10-28,0.0,18.0,18.0,18.0,18.0,3900
1987-10-29,0.0,18.0,18.0,18.0,18.0,4200
1987-10-30,0.0,18.875,18.5,18.875,18.875,1000
1987-11-02,0.0,18.0,18.0,18.0,18.0,1300
1987-11-03,18.0,18.0,18.0,18.0,18.0,0
1987-11-04,18.0,18.0,18.0,18.0,18.0,0
1987-11-05,0.0,19.0,18.0,18.0,18.0,700
1987-11-06,18.0,18.0,18.0,18.0,18.0,0
1987-11-09,18.0,18.0,18.0,18.0,18.0,0
1987-11-10,18.0,18.0,18.0,18.0,18.0,0
1987-11-11,18.0,18.0,18.0,18.0,18.0,0
1987-11-12,18.0,18.0,18.0,18.0,18.0,0
1987-11-13,18.0,18.0,18.0,18.0,18.0,0
1987-11-16,18.0,18.0,18.0,18.0,18.0,0
1987-11-17,0.0,18.0,18.0,18.0,18.0,600
1987-11-18,0.0,18.0,18.0,18.0,18.0,200
1987-11-19,18.0,18.0,18.0,18.0,18.0,0
1987-11-20,0.0,18.0,18.0,18.0,18.0,800
1987-11-23,0.0,18.0,18.0,18.0,18.0,100
1987-11-24,0.0,18.0,18.0,18.0,18.0,500
1987-11-25,0.0,19.0,18.5,18.5,18.5,700
1987-11-27,0.0,18.75,18.5,18.5,18.5,7100
1987-11-30,18.5,18.5,18.5,18.5,18.5,0
1987-12-01,18.5,18.5,18.5,18.5,18.5,0
1987-12-02,18.5,18.5,18.5,18.5,18.5,0
1987-12-03,0.0,18.75,18.75,18.75,18.75,900
1987-12-04,0.0,18.5,18.5,18.5,18.5,100
1987-12-07,18.5,18.5,18.5,18.5,18.5,0
1987-12-08,18.5,18.5,18.5,18.5,18.5,0
1987-12-09,18.5,18.5,18.5,18.5,18.5,0
1987-12-10,18.5,18.5,18.5,18.5,18.5,0
1987-12-11,18.5,18.5,18.5,18.5,18.5,0
1987-12-14,18.5,18.5,18.5,18.5,18.5,0
1987-12-15,18.5,18.5,18.5,18.5,18.5,0
1987-12-16,0.0,19.5,18.5,19.5,19.5,13300
1987-12-17,0.0,18.625,18.5,18.625,18.625,6800
1987-12-18,18.625,18.625,18.625,18.625,18.625,0
1987-12-21,18.625,18.625,18.625,18.625,18.625,0
1987-12-22,18.625,18.625,18.625,18.625,18.625,0
1987-12-23,18.625,18.625,18.625,18.625,18.625,0
1987-12-24,18.625,18.625,18.625,18.625,18.625,0
1987-12-28,18.625,18.625,18.625,18.625,18.625,0
1987-12-29,18.625,18.625,18.625,18.625,18.625,0
1987-12-30,0.0,20.0,19.5,20.0,20.0,1000
1987-12-31,0.0,20.5,20.0,20.5,20.5,2000
1988-01-04,0.0,20.0,20.0,20.0,20.0,1300
1988-01-05,20.0,20.0,20.0,20.0,20.0,0
1988-01-06,20.0,20.0,20.0,20.0,20.0,0
1988-01-07,20.0,20.0,20.0,20.0,20.0,0
1988-01-08,20.0,20.0,20.0,20.0,20.0,0
1988-01-11,20.0,20.0,20.0,20.0,20.0,0
1988-01-12,20.0,20.0,20.0,20.0,20.0,0
1988-01-13,20.0,20.0,20.0,20.0,20.0,0
1988-01-14,20.0,20.0,20.0,20.0,20.0,0
1988-01-15,20.0,20.0,20.0,20.0,20.0,0
1988-01-18,20.0,20.0,20.0,20.0,20.0,0
1988-01-19,0.0,20.5,20.5,20.5,20.5,300
1988-01-20,20.5,20.5,20.5,20.5,20.5,0
1988-01-21,20.5,20.5,20.5,20.5,20.5,0
1988-01-22,0.0,20.5,20.25,20.25,20.25,1600
1988-01-25,20.25,20.25,20.25,20.25,20.25,0
1988-01-26,20.25,20.25,20.25,20.25,20.25,0
1988-01-27,20.25,20.25,20.25,20.25,20.25,0
1988-01-28,20.25,20.25,20.25,20.25,20.25,0
1988-01-29,20.25,20.25,20.25,20.25,20.25,0
1988-02-01,0.0,20.0,20.0,20.0,20.0,300
1988-02-02,20.0,20.0,20.0,20.0,20.0,0
1988-02-03,20.0,20.0,20.0,20.0,20.0,0
1988-02-04,0.0,20.5,20.5,20.5,20.5,2000
1988-02-05,20.5,20.5,20.5,20.5,20.5,0
1988-02-08,20.5,20.5,20.5,20.5,20.5,0
1988-02-09,20.5,20.5,20.5,20.5,20.5,0
1988-02-10,20.5,20.5,20.5,20.5,20.5,0
1988-02-11,0.0,21.5,21.5,21.5,21.5,1000
1988-02-12,21.5,21.5,21.5,21.5,21.5,0
1988-02-16,21.5,21.5,21.5,21.5,21.5,0
1988-02-17,21.5,21.5,21.5,21.5,21.5,0
1988-02-18,21.5,21.5,21.5,21.5,21.5,0
1988-02-19,21.5,21.5,21.5,21.5,21.5,0
1988-02-22,21.5,21.5,21.5,21.5,21.5,0
1988-02-23,0.0,20.0,20.0,20.0,20.0,1000
1988-02-24,20.0,20.0,20.0,20.0,20.0,0
1988-02-25,20.0,20.0,20.0,20.0,20.0,0
1988-02-26,20.0,20.0,20.0,20.0,20.0,0
1988-02-29,20.0,20.0,20.0,20.0,20.0,0
1988-03-01,0.0,21.5,21.5,21.5,21.5,800
1988-03-02,21.5,21.5,21.5,21.5,21.5,0
1988-03-03,21.5,21.5,21.5,21.5,21.5,0
1988-03-04,21.5,21.5,21.5,21.5,21.5,0
1988-03-07,21.5,21.5,21.5,21.5,21.5,0
1988-03-08,0.0,20.0,20.0,20.0,20.0,100
1988-03-09,20.0,20.0,20.0,20.0,20.0,0
1988-03-10,0.0,20.0,20.0,20.0,20.0,1000
1988-03-11,0.0,20.0,20.0,20.0,20.0,200
1988-03-14,20.0,20.0,20.0,20.0,20.0,0
1988-03-15,0.0,20.0,20.0,20.0,20.0,1100
1988-03-16,20.0,20.0,20.0,20.0,20.0,0
1988-03-17,20.0,20.0,20.0,20.0,20.0,0
1988-03-18,20.0,20.0,20.0,20.0,20.0,0
1988-03-21,0.0,20.0,20.0,20.0,20.0,200
1988-03-22,20.0,20.0,20.0,20.0,20.0,0
1988-03-23,0.0,20.5,20.25,20.25,20.25,2000
1988-03-24,20.25,20.25,20.25,20.25,20.25,0
1988-03-25,0.0,20.5,20.5,20.5,20.5,1000
1988-03-28,0.0,20.0,20.0,20.0,20.0,100
1988-03-29,0.0,21.0,21.0,21.0,21.0,500
1988-03-30,0.0,21.0,20.875,20.875,20.875,1000
1988-03-31,0.0,21.5,21.5,21.5,21.5,2400
1988-04-04,21.5,21.5,21.5,21.5,21.5,0
1988-04-05,0.0,21.0,21.0,21.0,21.0,200
1988-04-06,21.0,21.0,21.0,21.0,21.0,0
1988-04-07,21.0,21.0,21.0,21.0,21.0,0
1988-04-08,21.0,21.0,21.0,21.0,21.0,0
1988-04-11,0.0,21.0,21.0,21.0,21.0,100
1988-04-12,0.0,21.0,20.875,21.0,21.0,30200
1988-04-13,0.0,21.0,21.0,21.0,21.0,3200
1988-04-14,0.0,21.0,21.0,21.0,21.0,100
1988-04-15,21.0,21.0,21.0,21.0,21.0,0
1988-04-18,21.0,21.0,21.0,21.0,21.0,0
1988-04-19,21.0,21.0,21.0,21.0,21.0,0
1988-04-20,0.0,21.125,21.125,21.125,21.125,3300
1988-04-21,21.125,21.125,21.125,21.125,21.125,0
1988-04-22,21.125,21.125,21.125,21.125,21.125,0
1988-04-25,21.125,21.125,21.125,21.125,21.125,0
1988-04-26,21.125,21.125,21.125,21.125,21.125,0
1988-04-27,21.125,21.125,21.125,21.125,21.125,0
1988-04-28,0.0,22.5,21.5,22.0,22.0,2000
1988-04-29,0.0,22.5,21.0,22.5,22.5,18800
1988-05-02,22.5,22.5,22.5,22.5,22.5,0
1988-05-03,22.5,22.5,22.5,22.5,22.5,0
1988-05-04,22.5,22.5,22.5,22.5,22.5,0
1988-05-05,22.5,22.5,22.5,22.5,22.5,0
1988-05-06,22.5,22.5,22.5,22.5,22.5,0
1988-05-09,0.0,21.0,21.0,21.0,21.0,200
1988-05-10,21.0,21.0,21.0,21.0,21.0,0
1988-05-11,21.0,21.0,21.0,21.0,21.0,0
1988-05-12,21.0,21.0,21.0,21.0,21.0,0
1988-05-13,21.0,21.0,21.0,21.0,21.0,0
1988-05-16,0.0,21.0,21.0,21.0,21.0,100
1988-05-17,21.0,21.0,21.0,21.0,21.0,0
1988-05-18,21.0,21.0,21.0,21.0,21.0,0
1988-05-19,21.0,21.0,21.0,21.0,21.0,0
1988-05-20,21.0,21.0,21.0,21.0,21.0,0
1988-05-23,0.0,21.5,21.0,21.5,21.5,200
1988-05-24,21.5,21.5,21.5,21.5,21.5,0
1988-05-25,21.5,21.5,21.5,21.5,21.5,0
1988-05-26,21.5,21.5,21.5,21.5,21.5,0
1988-05-27,21.5,21.5,21.5,21.5,21.5,0
1988-05-31,21.5,21.5,21.5,21.5,21.5,0
1988-06-01,21.5,21.5,21.5,21.5,21.5,0
1988-06-02,21.5,21.5,21.5,21.5,21.5,0
1988-06-03,0.0,21.0,21.0,21.0,21.0,300
1988-06-06,21.0,21.0,21.0,21.0,21.0,0
1988-06-07,21.0,21.0,21.0,21.0,21.0,0
1988-06-08,21.0,21.0,21.0,21.0,21.0,0
1988-06-09,21.0,21.0,21.0,21.0,21.0,0
1988-06-10,21.0,21.0,21.0,21.0,21.0,0
1988-06-13,0.0,21.5,21.0,21.0,21.0,1200
1988-06-14,21.0,21.0,21.0,21.0,21.0,0
1988-06-15,0.0,21.0,21.0,21.0,21.0,100
1988-06-16,21.0,21.0,21.0,21.0,21.0,0
1988-06-17,21.0,21.0,21.0,21.0,21.0,0
1988-06-20,21.0,21.0,21.0,21.0,21.0,0
1988-06-21,21.0,21.0,21.0,21.0,21.0,0
1988-06-22,21.0,21.0,21.0,21.0,21.0,0
1988-06-23,0.0,21.0,21.0,21.0,21.0,300
1988-06-24,21.0,21.0,21.0,21.0,21.0,0
1988-06-27,21.0,21.0,21.0,21.0,21.0,0
1988-06-28,21.0,21.0,21.0,21.0,21.0,0
1988-06-29,21.0,21.0,21.0,21.0,21.0,0
1988-06-30,0.0,22.0,22.0,22.0,22.0,700
1988-07-01,0.0,22.5,22.5,22.5,22.5,100
1988-07-05,22.5,22.5,22.5,22.5,22.5,0
1988-07-06,22.5,22.5,22.5,22.5,22.5,0
1988-07-07,22.5,22.5,22.5,22.5,22.5,0
1988-07-08,22.5,22.5,22.5,22.5,22.5,0
1988-07-11,22.5,22.5,22.5,22.5,22.5,0
1988-07-12,0.0,21.0,21.0,21.0,21.0,100
1988-07-13,21.0,21.0,21.0,21.0,21.0,0
1988-07-14,0.0,21.0,21.0,21.0,21.0,200
1988-07-15,21.0,21.0,21.0,21.0,21.0,0
1988-07-18,21.0,21.0,21.0,21.0,21.0,0
1988-07-19,21.0,21.0,21.0,21.0,21.0,0
1988-07-20,21.0,21.0,21.0,21.0,21.0,0
1988-07-21,21.0,21.0,21.0,21.0,21.0,0
1988-07-22,0.0,21.0,20.875,21.0,21.0,28700
1988-07-25,0.0,22.5,21.0,21.0,21.0,300
1988-07-26,21.0,21.0,21.0,21.0,21.0,0
1988-07-27,0.0,21.0,21.0,21.0,21.0,900
1988-07-28,21.0,21.0,21.0,21.0,21.0,0
1988-07-29,21.0,21.0,21.0,21.0,21.0,0
1988-08-01,21.0,21.0,21.0,21.0,21.0,0
1988-08-02,21.0,21.0,21.0,21.0,21.0,0
1988-08-03,21.0,21.0,21.0,21.0,21.0,0
1988-08-04,21.0,21.0,21.0,21.0,21.0,0
1988-08-05,21.0,21.0,21.0,21.0,21.0,0
1988-08-08,0.0,21.0,21.0,21.0,21.0,300
1988-08-09,21.0,21.0,21.0,21.0,21.0,0
1988-08-10,21.0,21.0,21.0,21.0,21.0,0
1988-08-11,21.0,21.0,21.0,21.0,21.0,0
1988-08-12,0.0,21.0,21.0,21.0,21.0,400
1988-08-15,0.0,21.0,21.0,21.0,21.0,3100
1988-08-16,21.0,21.0,21.0,21.0,21.0,0
1988-08-17,21.0,21.0,21.0,21.0,21.0,0
1988-08-18,21.0,21.0,21.0,21.0,21.0,0
1988-08-19,21.0,21.0,21.0,21.0,21.0,0
1988-08-22,0.0,21.0,21.0,21.0,21.0,100
1988-08-23,21.0,21.0,21.0,21.0,21.0,0
1988-08-24,21.0,21.0,21.0,21.0,21.0,0
1988-08-25,0.0,21.5,21.0,21.0,21.0,1500
1988-08-26,21.0,21.0,21.0,21.0,21.0,0
1988-08-29,0.0,21.0,21.0,21.0,21.0,1000
1988-08-30,0.0,21.0,21.0,21.0,21.0,3500
1988-08-31,21.0,21.0,21.0,21.0,21.0,0
1988-09-01,21.0,21.0,21.0,21.0,21.0,0
1988-09-02,21.0,21.0,21.0,21.0,21.0,0
1988-09-06,0.0,21.0,21.0,21.0,21.0,6500
1988-09-07,21.0,21.0,21.0,21.0,21.0,0
1988-09-08,21.0,21.0,21.0,21.0,21.0,0
1988-09-09,0.0,21.0,21.0,21.0,21.0,100
1988-09-12,0.0,21.0,21.0,21.0,21.0,100
1988-09-13,21.0,21.0,21.0,21.0,21.0,0
1988-09-14,21.0,21.0,21.0,21.0,21.0,0
1988-09-15,0.0,21.0,21.0,21.0,21.0,100
1988-09-16,0.0,22.5,22.25,22.5,22.5,3000
1988-09-19,0.0,22.5,22.5,22.5,22.5,1000
1988-09-20,22.5,22.5,22.5,22.5,22.5,0
1988-09-21,0.0,22.5,22.5,22.5,22.5,700
1988-09-22,22.5,22.5,22.5,22.5,22.5,0
1988-09-23,22.5,22.5,22.5,22.5,22.5,0
1988-09-26,0.0,23.5,23.5,23.5,23.5,400
1988-09-27,23.5,23.5,23.5,23.5,23.5,0
1988-09-28,0.0,24.5,23.0,24.5,24.5,2400
1988-09-29,24.5,24.5,24.5,24.5,24.5,0
1988-09-30,0.0,25.0,25.0,25.0,25.0,1000
1988-10-03,0.0,27.5,25.0,27.5,27.5,1900
1988-10-04,0.0,28.5,28.5,28.5,28.5,100
1988-10-05,28.5,28.5,28.5,28.5,28.5,0
1988-10-06,0.0,25.5,25.5,25.5,25.5,100
1988-10-07,25.5,25.5,25.5,25.5,25.5,0
1988-10-10,25.5,25.5,25.5,25.5,25.5,0
1988-10-11,25.5,25.5,25.5,25.5,25.5,0
1988-10-12,0.0,25.5,25.5,25.5,25.5,100
1988-10-13,25.5,25.5,25.5,25.5,25.5,0
1988-10-14,25.5,25.5,25.5,25.5,25.5,0
1988-10-17,25.5,25.5,25.5,25.5,25.5,0
1988-10-18,25.5,25.5,25.5,25.5,25.5,0
1988-10-19,0.0,25.5,25.5,25.5,25.5,100
1988-10-20,0.0,25.5,25.5,25.5,25.5,300
1988-10-21,25.5,25.5,25.5,25.5,25.5,0
1988-10-24,25.5,25.5,25.5,25.5,25.5,0
1988-10-25,25.5,25.5,25.5,25.5,25.5,0
1988-10-26,0.0,25.0,25.0,25.0,25.0,200
1988-10-27,0.0,24.0,24.0,24.0,24.0,300
1988-10-28,0.0,24.0,24.0,24.0,24.0,200
1988-10-31,24.0,24.0,24.0,24.0,24.0,0
1988-11-01,24.0,24.0,24.0,24.0,24.0,0
1988-11-02,24.0,24.0,24.0,24.0,24.0,0
1988-11-03,24.0,24.0,24.0,24.0,24.0,0
1988-11-04,24.0,24.0,24.0,24.0,24.0,0
1988-11-07,24.0,24.0,24.0,24.0,24.0,0
1988-11-08,24.0,24.0,24.0,24.0,24.0,0
1988-11-09,24.0,24.0,24.0,24.0,24.0,0
1988-11-10,0.0,24.0,24.0,24.0,24.0,200
1988-11-11,24.0,24.0,24.0,24.0,24.0,0
1988-11-14,24.0,24.0,24.0,24.0,24.0,0
1988-11-15,24.0,24.0,24.0,24.0,24.0,0
1988-11-16,0.0,22.5,22.0,22.0,22.0,800
1988-11-17,0.0,22.0,22.0,22.0,22.0,400
1988-11-18,0.0,22.25,20.0,22.25,22.25,400
1988-11-21,22.25,22.25,22.25,22.25,22.25,0
1988-11-22,22.25,22.25,22.25,22.25,22.25,0
1988-11-23,22.25,22.25,22.25,22.25,22.25,0
1988-11-25,22.25,22.25,22.25,22.25,22.25,0
1988-11-28,22.25,22.25,22.25,22.25,22.25,0
1988-11-29,0.0,20.0,20.0,20.0,20.0,100
1988-11-30,0.0,22.5,22.5,22.5,22.5,500
1988-12-01,0.0,28.0,24.0,28.0,28.0,1500
1988-12-02,0.0,26.0,26.0,26.0,26.0,100
1988-12-05,26.0,26.0,26.0,26.0,26.0,0
1988-12-06,26.0,26.0,26.0,26.0,26.0,0
1988-12-07,26.0,26.0,26.0,26.0,26.0,0
1988-12-08,26.0,26.0,26.0,26.0,26.0,0
1988-12-09,26.0,26.0,26.0,26.0,26.0,0
1988-12-12,26.0,26.0,26.0,26.0,26.0,0
1988-12-13,26.0,26.0,26.0,26.0,26.0,0
1988-12-14,26.0,26.0,26.0,26.0,26.0,0
1988-12-15,26.0,26.0,26.0,26.0,26.0,0
1988-12-16,26.0,26.0,26.0,26.0,26.0,0
1988-12-19,26.0,26.0,26.0,26.0,26.0,0
1988-12-20,26.0,26.0,26.0,26.0,26.0,0
1988-12-21,26.0,26.0,26.0,26.0,26.0,0
1988-12-22,26.0,26.0,26.0,26.0,26.0,0
1988-12-23,26.0,26.0,26.0,26.0,26.0,0
1988-12-27,26.0,26.0,26.0,26.0,26.0,0
1988-12-28,0.0,29.5,28.0,29.5,29.5,6100
1988-12-29,0.0,31.0,31.0,31.0,31.0,300
1988-12-30,0.0,31.5,28.5,29.5,29.5,2100
1989-01-03,0.0,30.0,28.5,30.0,30.0,1700
1989-01-04,0.0,30.0,29.0,30.0,30.0,800
1989-01-05,0.0,30.5,29.5,30.5,30.5,1100
1989-01-06,0.0,31.5,30.0,31.5,31.5,1100
1989-01-09,0.0,33.0,31.5,33.0,33.0,3000
1989-01-10,0.0,33.0,32.5,32.5,32.5,600
1989-01-11,0.0,32.0,32.0,32.0,32.0,200
1989-01-12,0.0,32.0,32.0,32.0,32.0,400
1989-01-13,32.0,32.0,32.0,32.0,32.0,0
1989-01-16,0.0,33.5,33.5,33.5,33.5,2000
1989-01-17,0.0,33.0,32.5,33.0,33.0,1300
1989-01-18,33.0,33.0,33.0,33.0,33.0,0
1989-01-19,33.0,33.0,33.0,33.0,33.0,0
1989-01-20,33.0,33.0,33.0,33.0,33.0,0
1989-01-23,33.0,33.0,33.0,33.0,33.0,0
1989-01-24,33.0,33.0,33.0,33.0,33.0,0
1989-01-25,0.0,33.0,32.0,33.0,33.0,2400
1989-01-26,0.0,31.0,31.0,31.0,31.0,300
1989-01-27,0.0,30.0,30.0,30.0,30.0,200
1989-01-30,30.0,30.0,30.0,30.0,30.0,0
1989-01-31,0.0,33.0,32.875,33.0,33.0,58500
1989-02-01,33.0,33.0,33.0,33.0,33.0,0
1989-02-02,33.0,33.0,33.0,33.0,33.0,0
1989-02-03,33.0,33.0,33.0,33.0,33.0,0
1989-02-06,33.0,33.0,33.0,33.0,33.0,0
1989-02-07,0.0,30.0,30.0,30.0,30.0,100
1989-02-08,30.0,30.0,30.0,30.0,30.0,0
1989-02-09,30.0,30.0,30.0,30.0,30.0,0
1989-02-10,30.0,30.0,30.0,30.0,30.0,0
1989-02-13,0.0,30.0,30.0,30.0,30.0,1400
1989-02-14,30.0,30.0,30.0,30.0,30.0,0
1989-02-15,30.0,30.0,30.0,30.0,30.0,0
1989-02-16,0.0,30.125,30.125,30.125,30.125,1500
1989-02-17,30.125,30.125,30.125,30.125,30.125,0
1989-02-21,30.125,30.125,30.125,30.125,30.125,0
1989-02-22,30.125,30.125,30.125,30.125,30.125,0
1989-02-23,30.125,30.125,30.125,30.125,30.125,0
1989-02-24,0.0,30.5,30.0,30.5,30.5,1300
1989-02-27,30.5,30.5,30.5,30.5,30.5,0
1989-02-28,30.5,30.5,30.5,30.5,30.5,0
1989-03-01,30.5,30.5,30.5,30.5,30.5,0
1989-03-02,30.5,30.5,30.5,30.5,30.5,0
1989-03-03,30.5,30.5,30.5,30.5,30.5,0
1989-03-06,30.5,30.5,30.5,30.5,30.5,0
1989-03-07,30.5,30.5,30.5,30.5,30.5,0
1989-03-08,0.0,30.0,30.0,30.0,30.0,200
1989-03-09,30.0,30.0,30.0,30.0,30.0,0
1989-03-10,30.0,30.0,30.0,30.0,30.0,0
1989-03-13,30.0,30.0,30.0,30.0,30.0,0
1989-03-14,0.0,30.0,30.0,30.0,30.0,1100
1989-03-15,30.0,30.0,30.0,30.0,30.0,0
1989-03-16,30.0,30.0,30.0,30.0,30.0,0
1989-03-17,30.0,30.0,30.0,30.0,30.0,0
1989-03-20,30.0,30.0,30.0,30.0,30.0,0
1989-03-21,30.0,30.0,30.0,30.0,30.0,0
1989-03-22,0.0,30.0,30.0,30.0,30.0,300
1989-03-23,30.0,30.0,30.0,30.0,30.0,0
1989-03-27,30.0,30.0,30.0,30.0,30.0,0
1989-03-28,30.0,30.0,30.0,30.0,30.0,0
1989-03-29,30.0,30.0,30.0,30.0,30.0,0
1989-03-30,0.0,33.0,30.0,33.0,33.0,4700
1989-03-31,0.0,33.0,32.875,33.0,33.0,10000
1989-04-03,33.0,33.0,33.0,33.0,33.0,0
1989-04-04,33.0,33.0,33.0,33.0,33.0,0
1989-04-05,33.0,33.0,33.0,33.0,33.0,0
1989-04-06,33.0,33.0,33.0,33.0,33.0,0
1989-04-07,33.0,33.0,33.0,33.0,33.0,0
1989-04-10,0.0,30.0,30.0,30.0,30.0,500
1989-04-11,30.0,30.0,30.0,30.0,30.0,0
1989-04-12,30.0,30.0,30.0,30.0,30.0,0
1989-04-13,30.0,30.0,30.0,30.0,30.0,0
1989-04-14,30.0,30.0,30.0,30.0,30.0,0
1989-04-17,30.0,30.0,30.0,30.0,30.0,0
1989-04-18,30.0,30.0,30.0,30.0,30.0,0
1989-04-19,0.0,30.0,30.0,30.0,30.0,100
1989-04-20,0.0,30.0,30.0,30.0,30.0,200
1989-04-21,30.0,30.0,30.0,30.0,30.0,0
1989-04-24,30.0,30.0,30.0,30.0,30.0,0
1989-04-25,0.0,30.0,30.0,30.0,30.0,100
1989-04-26,0.0,30.25,30.25,30.25,30.25,2000
1989-04-27,30.25,30.25,30.25,30.25,30.25,0
1989-04-28,30.25,30.25,30.25,30.25,30.25,0
1989-05-01,30.25,30.25,30.25,30.25,30.25,0
1989-05-02,30.25,30.25,30.25,30.25,30.25,0
1989-05-03,30.25,30.25,30.25,30.25,30.25,0
1989-05-04,0.0,30.0,30.0,30.0,30.0,200
1989-05-05,30.0,30.0,30.0,30.0,30.0,0
1989-05-08,30.0,30.0,30.0,30.0,30.0,0
1989-05-09,30.0,30.0,30.0,30.0,30.0,0
1989-05-10,0.0,30.0,30.0,30.0,30.0,200
1989-05-11,30.0,30.0,30.0,30.0,30.0,0
1989-05-12,30.0,30.0,30.0,30.0,30.0,0
1989-05-15,30.0,30.0,30.0,30.0,30.0,0
1989-05-16,30.0,30.0,30.0,30.0,30.0,0
1989-05-17,30.0,30.0,30.0,30.0,30.0,0
1989-05-18,30.0,30.0,30.0,30.0,30.0,0
1989-05-19,0.0,30.0,30.0,30.0,30.0,100
1989-05-22,0.0,30.0,30.0,30.0,30.0,100
1989-05-23,30.0,30.0,30.0,30.0,30.0,0
1989-05-24,30.0,30.0,30.0,30.0,30.0,0
1989-05-25,0.0,30.0,30.0,30.0,30.0,1300
1989-05-26,30.0,30.0,30.0,30.0,30.0,0
1989-05-30,30.0,30.0,30.0,30.0,30.0,0
1989-05-31,30.0,30.0,30.0,30.0,30.0,0
1989-06-01,0.0,30.0,30.0,30.0,30.0,100
1989-06-02,30.0,30.0,30.0,30.0,30.0,0
1989-06-05,30.0,30.0,30.0,30.0,30.0,0
1989-06-06,0.0,30.0,30.0,30.0,30.0,500
1989-06-07,30.0,30.0,30.0,30.0,30.0,0
1989-06-08,30.0,30.0,30.0,30.0,30.0,0
1989-06-09,30.0,30.0,30.0,30.0,30.0,0
1989-06-12,30.0,30.0,30.0,30.0,30.0,0
1989-06-13,30.0,30.0,30.0,30.0,30.0,0
1989-06-14,30.0,30.0,30.0,30.0,30.0,0
1989-06-15,0.0,30.25,30.0,30.0,30.0,5200
1989-06-16,30.0,30.0,30.0,30.0,30.0,0
1989-06-19,0.0,33.5,33.5,33.5,33.5,100
1989-06-20,33.5,33.5,33.5,33.5,33.5,0
1989-06-21,33.5,33.5,33.5,33.5,33.5,0
1989-06-22,33.5,33.5,33.5,33.5,33.5,0
1989-06-23,33.5,33.5,33.5,33.5,33.5,0
1989-06-26,33.5,33.5,33.5,33.5,33.5,0
1989-06-27,33.5,33.5,33.5,33.5,33.5,0
1989-06-28,33.5,33.5,33.5,33.5,33.5,0
1989-06-29,33.5,33.5,33.5,33.5,33.5,0
1989-06-30,0.0,32.125,32.0,32.125,32.125,6000
1989-07-03,32.125,32.125,32.125,32.125,32.125,0
1989-07-05,0.0,30.0,30.0,30.0,30.0,500
1989-07-06,30.0,30.0,30.0,30.0,30.0,0
1989-07-07,30.0,30.0,30.0,30.0,30.0,0
1989-07-10,30.0,30.0,30.0,30.0,30.0,0
1989-07-11,30.0,30.0,30.0,30.0,30.0,0
1989-07-12,0.0,30.0,30.0,30.0,30.0,200
1989-07-13,0.0,30.0,30.0,30.0,30.0,2100
1989-07-14,0.0,30.0,30.0,30.0,30.0,3800
1989-07-17,30.0,30.0,30.0,30.0,30.0,0
1989-07-18,30.0,30.0,30.0,30.0,30.0,0
1989-07-19,30.0,30.0,30.0,30.0,30.0,0
1989-07-20,30.0,30.0,30.0,30.0,30.0,0
1989-07-21,0.0,30.0,30.0,30.0,30.0,200
1989-07-24,30.0,30.0,30.0,30.0,30.0,0
1989-07-25,0.0,30.0,30.0,30.0,30.0,1600
1989-07-26,0.0,31.0,30.5,31.0,31.0,2800
1989-07-27,0.0,30.0,30.0,30.0,30.0,200
1989-07-28,30.0,30.0,30.0,30.0,30.0,0
1989-07-31,30.0,30.0,30.0,30.0,30.0,0
1989-08-01,30.0,30.0,30.0,30.0,30.0,0
1989-08-02,0.0,31.0,30.5,31.0,31.0,4000
1989-08-03,31.0,31.0,31.0,31.0,31.0,0
1989-08-04,0.0,30.0,30.0,30.0,30.0,200
1989-08-07,30.0,30.0,30.0,30.0,30.0,0
1989-08-08,30.0,30.0,30.0,30.0,30.0,0
1989-08-09,30.0,30.0,30.0,30.0,30.0,0
1989-08-10,30.0,30.0,30.0,30.0,30.0,0
1989-08-11,30.0,30.0,30.0,30.0,30.0,0
1989-08-14,0.0,30.0,30.0,30.0,30.0,200
1989-08-15,0.0,31.0,30.5,31.0,31.0,1500
1989-08-16,31.0,31.0,31.0,31.0,31.0,0
1989-08-17,0.0,30.0,30.0,30.0,30.0,100
1989-08-18,30.0,30.0,30.0,30.0,30.0,0
1989-08-21,30.0,30.0,30.0,30.0,30.0,0
1989-08-22,30.0,30.0,30.0,30.0,30.0,0
1989-08-23,30.0,30.0,30.0,30.0,30.0,0
1989-08-24,30.0,30.0,30.0,30.0,30.0,0
1989-08-25,30.0,30.0,30.0,30.0,30.0,0
1989-08-28,30.0,30.0,30.0,30.0,30.0,0
1989-08-29,30.0,30.0,30.0,30.0,30.0,0
1989-08-30,30.0,30.0,30.0,30.0,30.0,0
1989-08-31,30.0,30.0,30.0,30.0,30.0,0
1989-09-01,0.0,30.0,30.0,30.0,30.0,100
1989-09-05,30.0,30.0,30.0,30.0,30.0,0
1989-09-06,30.0,30.0,30.0,30.0,30.0,0
1989-09-07,0.0,30.0,30.0,30.0,30.0,400
1989-09-08,30.0,30.0,30.0,30.0,30.0,0
1989-09-11,30.0,30.0,30.0,30.0,30.0,0
1989-09-12,30.0,30.0,30.0,30.0,30.0,0
1989-09-13,30.0,30.0,30.0,30.0,30.0,0
1989-09-14,30.0,30.0,30.0,30.0,30.0,0
1989-09-15,0.0,30.0,30.0,30.0,30.0,800
1989-09-18,0.0,30.0,30.0,30.0,30.0,2800
1989-09-19,0.0,30.0,30.0,30.0,30.0,500
1989-09-20,30.0,30.0,30.0,30.0,30.0,0
1989-09-21,0.0,30.125,30.0,30.0,30.0,12800
1989-09-22,30.0,30.0,30.0,30.0,30.0,0
1989-09-25,0.0,30.0,30.0,30.0,30.0,2000
1989-09-26,30.0,30.0,30.0,30.0,30.0,0
1989-09-27,30.0,30.0,30.0,30.0,30.0,0
1989-09-28,0.0,30.0,30.0,30.0,30.0,100
1989-09-29,0.0,32.0,30.5,32.0,32.0,1000
1989-10-02,32.0,32.0,32.0,32.0,32.0,0
1989-10-03,32.0,32.0,32.0,32.0,32.0,0
1989-10-04,32.0,32.0,32.0,32.0,32.0,0
1989-10-05,0.0,30.0,30.0,30.0,30.0,1000
1989-10-06,30.0,30.0,30.0,30.0,30.0,0
1989-10-09,30.0,30.0,30.0,30.0,30.0,0
1989-10-10,0.0,30.0,30.0,30.0,30.0,100
1989-10-11,30.0,30.0,30.0,30.0,30.0,0
1989-10-12,0.0,30.125,30.0,30.125,30.125,3900
1989-10-13,0.0,30.0,30.0,30.0,30.0,1000
1989-10-16,0.0,30.0,30.0,30.0,30.0,2000
1989-10-17,30.0,30.0,30.0,30.0,30.0,0
1989-10-18,30.0,30.0,30.0,30.0,30.0,0
1989-10-19,30.0,30.0,30.0,30.0,30.0,0
1989-10-20,30.0,30.0,30.0,30.0,30.0,0
1989-10-23,30.0,30.0,30.0,30.0,30.0,0
1989-10-24,30.0,30.0,30.0,30.0,30.0,0
1989-10-25,0.0,30.0,30.0,30.0,30.0,3300
1989-10-26,0.0,30.125,30.0,30.125,30.125,8000
1989-10-27,0.0,30.125,30.0,30.125,30.125,11100
1989-10-30,30.125,30.125,30.125,30.125,30.125,0
1989-10-31,30.125,30.125,30.125,30.125,30.125,0
1989-11-01,30.125,30.125,30.125,30.125,30.125,0
1989-11-02,0.0,29.0,29.0,29.0,29.0,100
1989-11-03,29.0,29.0,29.0,29.0,29.0,0
1989-11-06,29.0,29.0,29.0,29.0,29.0,0
1989-11-07,0.0,29.0,29.0,29.0,29.0,200
1989-11-08,0.0,29.0,29.0,29.0,29.0,500
1989-11-09,0.0,29.0,29.0,29.0,29.0,3500
1989-11-10,0.0,29.125,29.0,29.125,29.125,24400
1989-11-13,29.125,29.125,29.125,29.125,29.125,0
1989-11-14,29.125,29.125,29.125,29.125,29.125,0
1989-11-15,29.125,29.125,29.125,29.125,29.125,0
1989-11-16,29.125,29.125,29.125,29.125,29.125,0
1989-11-17,29.125,29.125,29.125,29.125,29.125,0
1989-11-20,29.125,29.125,29.125,29.125,29.125,0
1989-11-21,29.125,29.125,29.125,29.125,29.125,0
1989-11-22,29.125,29.125,29.125,29.125,29.125,0
1989-11-24,29.125,29.125,29.125,29.125,29.125,0
1989-11-27,29.125,29.125,29.125,29.125,29.125,0
1989-11-28,0.0,29.0,29.0,29.0,29.0,200
1989-11-29,29.0,29.0,29.0,29.0,29.0,0
1989-11-30,29.0,29.0,29.0,29.0,29.0,0
1989-12-01,29.0,29.0,29.0,29.0,29.0,0
1989-12-04,29.0,29.0,29.0,29.0,29.0,0
1989-12-05,29.0,29.0,29.0,29.0,29.0,0
1989-12-06,29.0,29.0,29.0,29.0,29.0,0
1989-12-07,0.0,29.0,29.0,29.0,29.0,800
1989-12-08,0.0,29.25,29.25,29.25,29.25,300
1989-12-11,29.25,29.25,29.25,29.25,29.25,0
1989-12-12,0.0,29.25,29.25,29.25,29.25,500
1989-12-13,29.25,29.25,29.25,29.25,29.25,0
1989-12-14,29.25,29.25,29.25,29.25,29.25,0
1989-12-15,29.25,29.25,29.25,29.25,29.25,0
1989-12-18,0.0,29.75,29.25,29.75,29.75,1000
1989-12-19,0.0,29.25,29.0,29.0,29.0,1500
1989-12-20,0.0,29.75,29.0,29.0,29.0,30400
1989-12-21,0.0,29.0,29.0,29.0,29.0,1000
1989-12-22,29.0,29.0,29.0,29.0,29.0,0
1989-12-26,29.0,29.0,29.0,29.0,29.0,0
1989-12-27,0.0,28.0,28.0,28.0,28.0,500
1989-12-28,28.0,28.0,28.0,28.0,28.0,0
1989-12-29,0.0,28.25,28.0,28.25,28.25,8500
1990-01-02,0.0,28.5,28.5,28.5,28.5,100
1990-01-03,0.0,28.625,28.0,28.625,28.625,600
1990-01-04,28.625,28.625,28.625,28.625,28.625,0
1990-01-05,28.625,28.625,28.625,28.625,28.625,0
1990-01-08,28.625,28.625,28.625,28.625,28.625,0
1990-01-09,28.625,28.625,28.625,28.625,28.625,0
1990-01-10,28.625,28.625,28.625,28.625,28.625,0
1990-01-11,28.625,28.625,28.625,28.625,28.625,0
1990-01-12,28.625,28.625,28.625,28.625,28.625,0
1990-01-15,0.0,28.0,27.5,28.0,28.0,1900
1990-01-16,0.0,27.5,27.5,27.5,27.5,600
1990-01-17,27.5,27.5,27.5,27.5,27.5,0
1990-01-18,0.0,27.5,27.5,27.5,27.5,100
1990-01-19,27.5,27.5,27.5,27.5,27.5,0
1990-01-22,0.0,27.5,27.5,27.5,27.5,1500
1990-01-23,27.5,27.5,27.5,27.5,27.5,0
1990-01-24,27.5,27.5,27.5,27.5,27.5,0
1990-01-25,27.5,27.5,27.5,27.5,27.5,0
1990-01-26,27.5,27.5,27.5,27.5,27.5,0
1990-01-29,27.5,27.5,27.5,27.5,27.5,0
1990-01-30,27.5,27.5,27.5,27.5,27.5,0
1990-01-31,0.0,27.625,27.625,27.625,27.625,1800
1990-02-01,27.625,27.625,27.625,27.625,27.625,0
1990-02-02,27.625,27.625,27.625,27.625,27.625,0
1990-02-05,27.625,27.625,27.625,27.625,27.625,0
1990-02-06,27.625,27.625,27.625,27.625,27.625,0
1990-02-07,27.625,27.625,27.625,27.625,27.625,0
1990-02-08,27.625,27.625,27.625,27.625,27.625,0
1990-02-09,27.625,27.625,27.625,27.625,27.625,0
1990-02-12,27.625,27.625,27.625,27.625,27.625,0
1990-02-13,27.625,27.625,27.625,27.625,27.625,0
1990-02-14,27.625,27.625,27.625,27.625,27.625,0
1990-02-15,27.625,27.625,27.625,27.625,27.625,0
1990-02-16,0.0,27.0,27.0,27.0,27.0,500
1990-02-20,27.0,27.0,27.0,27.0,27.0,0
1990-02-21,0.0,27.0,27.0,27.0,27.0,1000
1990-02-22,27.0,27.0,27.0,27.0,27.0,0
1990-02-23,0.0,26.0,26.0,26.0,26.0,1500
1990-02-26,0.0,28.0,28.0,28.0,28.0,500
1990-02-27,28.0,28.0,28.0,28.0,28.0,0
1990-02-28,28.0,28.0,28.0,28.0,28.0,0
1990-03-01,28.0,28.0,28.0,28.0,28.0,0
1990-03-02,28.0,28.0,28.0,28.0,28.0,0
1990-03-05,28.0,28.0,28.0,28.0,28.0,0
1990-03-06,28.0,28.0,28.0,28.0,28.0,0
1990-03-07,0.0,26.0,26.0,26.0,26.0,400
1990-03-08,0.0,26.625,26.625,26.625,26.625,2600
1990-03-09,0.0,26.0,26.0,26.0,26.0,800
1990-03-12,26.0,26.0,26.0,26.0,26.0,0
1990-03-13,26.0,26.0,26.0,26.0,26.0,0
1990-03-14,26.0,26.0,26.0,26.0,26.0,0
1990-03-15,0.0,26.0,26.0,26.0,26.0,2500
1990-03-16,0.0,26.125,26.0,26.125,26.125,4300
1990-03-19,26.125,26.125,26.125,26.125,26.125,0
1990-03-20,26.125,26.125,26.125,26.125,26.125,0
1990-03-21,26.125,26.125,26.125,26.125,26.125,0
1990-03-22,0.0,26.0,26.0,26.0,26.0,500
1990-03-23,26.0,26.0,26.0,26.0,26.0,0
1990-03-26,26.0,26.0,26.0,26.0,26.0,0
1990-03-27,0.0,26.0,26.0,26.0,26.0,1400
1990-03-28,0.0,26.125,26.125,26.125,26.125,1800
1990-03-29,26.125,26.125,26.125,26.125,26.125,0
1990-03-30,26.125,26.125,26.125,26.125,26.125,0
1990-04-02,26.125,26.125,26.125,26.125,26.125,0
1990-04-03,26.125,26.125,26.125,26.125,26.125,0
1990-04-04,26.125,26.125,26.125,26.125,26.125,0
1990-04-05,26.125,26.125,26.125,26.125,26.125,0
1990-04-06,26.125,26.125,26.125,26.125,26.125,0
1990-04-09,26.125,26.125,26.125,26.125,26.125,0
1990-04-10,26.125,26.125,26.125,26.125,26.125,0
1990-04-11,26.125,26.125,26.125,26.125,26.125,0
1990-04-12,26.125,26.125,26.125,26.125,26.125,0
1990-04-16,26.125,26.125,26.125,26.125,26.125,0
1990-04-17,26.125,26.125,26.125,26.125,26.125,0
1990-04-18,26.125,26.125,26.125,26.125,26.125,0
1990-04-19,26.125,26.125,26.125,26.125,26.125,0
1990-04-20,26.125,26.125,26.125,26.125,26.125,0
1990-04-23,26.125,26.125,26.125,26.125,26.125,0
1990-04-24,0.0,26.0,26.0,26.0,26.0,3500
1990-04-25,26.0,26.0,26.0,26.0,26.0,0
1990-04-26,26.0,26.0,26.0,26.0,26.0,0
1990-04-27,26.0,26.0,26.0,26.0,26.0,0
1990-04-30,0.0,26.125,26.0,26.0,26.0,5900
1990-05-01,0.0,26.5,26.0,26.0,26.0,3300
1990-05-02,0.0,29.25,27.0,27.0,27.0,500
1990-05-03,27.0,27.0,27.0,27.0,27.0,0
1990-05-04,0.0,26.0,26.0,26.0,26.0,300
1990-05-07,26.0,26.0,26.0,26.0,26.0,0
1990-05-08,0.0,26.0,26.0,26.0,26.0,500
1990-05-09,0.0,26.0,26.0,26.0,26.0,200
1990-05-10,26.0,26.0,26.0,26.0,26.0,0
1990-05-11,0.0,26.0,26.0,26.0,26.0,100
1990-05-14,26.0,26.0,26.0,26.0,26.0,0
1990-05-15,0.0,26.0,26.0,26.0,26.0,100
1990-05-16,26.0,26.0,26.0,26.0,26.0,0
1990-05-17,26.0,26.0,26.0,26.0,26.0,0
1990-05-18,26.0,26.0,26.0,26.0,26.0,0
1990-05-21,26.0,26.0,26.0,26.0,26.0,0
1990-05-22,26.0,26.0,26.0,26.0,26.0,0
1990-05-23,0.0,26.0,26.0,26.0,26.0,100
1990-05-24,0.0,26.125,26.0,26.125,26.125,4400
1990-05-25,0.0,26.0,26.0,26.0,26.0,100
1990-05-29,26.0,26.0,26.0,26.0,26.0,0
1990-05-30,26.0,26.0,26.0,26.0,26.0,0
1990-05-31,26.0,26.0,26.0,26.0,26.0,0
1990-06-01,26.0,26.0,26.0,26.0,26.0,0
1990-06-04,0.0,26.0,26.0,26.0,26.0,700
1990-06-05,0.0,26.0,26.0,26.0,26.0,3700
1990-06-06,0.0,26.0,26.0,26.0,26.0,2800
1990-06-07,0.0,26.25,26.0,26.25,26.25,2100
1990-06-08,0.0,26.125,26.125,26.125,26.125,5000
1990-06-11,26.125,26.125,26.125,26.125,26.125,0
1990-06-12,0.0,26.0,26.0,26.0,26.0,3200
1990-06-13,0.0,26.0,26.0,26.0,26.0,1000
1990-06-14,0.0,26.5,26.5,26.5,26.5,1000
1990-06-15,26.5,26.5,26.5,26.5,26.5,0
1990-06-18,26.5,26.5,26.5,26.5,26.5,0
1990-06-19,26.5,26.5,26.5,26.5,26.5,0
1990-06-20,26.5,26.5,26.5,26.5,26.5,0
1990-06-21,26.5,26.5,26.5,26.5,26.5,0
1990-06-22,26.5,26.5,26.5,26.5,26.5,0
1990-06-25,26.5,26.5,26.5,26.5,26.5,0
1990-06-26,26.5,26.5,26.5,26.5,26.5,0
1990-06-27,26.5,26.5,26.5,26.5,26.5,0
1990-06-28,26.5,26.5,26.5,26.5,26.5,0
1990-06-29,0.0,26.5,26.5,26.5,26.5,2100
1990-07-02,26.5,26.5,26.5,26.5,26.5,0
1990-07-03,26.5,26.5,26.5,26.5,26.5,0
1990-07-05,26.5,26.5,26.5,26.5,26.5,0
1990-07-06,26.5,26.5,26.5,26.5,26.5,0
1990-07-09,0.0,26.0,26.0,26.0,26.0,1000
1990-07-10,0.0,26.0,26.0,26.0,26.0,500
1990-07-11,26.0,26.0,26.0,26.0,26.0,0
1990-07-12,26.0,26.0,26.0,26.0,26.0,0
1990-07-13,0.0,26.5,26.0,26.0,26.0,400
1990-07-16,26.0,26.0,26.0,26.0,26.0,0
1990-07-17,26.0,26.0,26.0,26.0,26.0,0
1990-07-18,26.0,26.0,26.0,26.0,26.0,0
1990-07-19,0.0,26.0,26.0,26.0,26.0,1700
1990-07-20,0.0,26.125,26.0,26.125,26.125,6000
1990-07-23,0.0,26.0,26.0,26.0,26.0,1100
1990-07-24,26.0,26.0,26.0,26.0,26.0,0
1990-07-25,26.0,26.0,26.0,26.0,26.0,0
1990-07-26,0.0,26.25,26.25,26.25,26.25,100
1990-07-27,0.0,26.25,26.0,26.0,26.0,2400
1990-07-30,26.0,26.0,26.0,26.0,26.0,0
1990-07-31,0.0,26.125,24.5,25.625,25.625,138500
1990-08-01,25.625,25.625,25.625,25.625,25.625,0
1990-08-02,25.625,25.625,25.625,25.625,25.625,0
1990-08-03,0.0,24.0,24.0,24.0,24.0,1100
1990-08-06,0.0,24.0,24.0,24.0,24.0,500
1990-08-07,0.0,24.0,24.0,24.0,24.0,200
1990-08-08,0.0,24.0,24.0,24.0,24.0,500
1990-08-09,0.0,24.125,24.0,24.125,24.125,6000
1990-08-10,0.0,22.0,22.0,22.0,22.0,100
1990-08-13,0.0,22.0,22.0,22.0,22.0,400
1990-08-14,22.0,22.0,22.0,22.0,22.0,0
1990-08-15,0.0,22.125,22.0,22.125,22.125,7300
1990-08-16,22.125,22.125,22.125,22.125,22.125,0
1990-08-17,0.0,21.0,21.0,21.0,21.0,1000
1990-08-20,21.0,21.0,21.0,21.0,21.0,0
1990-08-21,21.0,21.0,21.0,21.0,21.0,0
1990-08-22,21.0,21.0,21.0,21.0,21.0,0
1990-08-23,0.0,21.0,21.0,21.0,21.0,2100
1990-08-24,0.0,22.25,22.0,22.25,22.25,1800
1990-08-27,22.25,22.25,22.25,22.25,22.25,0
1990-08-28,22.25,22.25,22.25,22.25,22.25,0
1990-08-29,22.25,22.25,22.25,22.25,22.25,0
1990-08-30,22.25,22.25,22.25,22.25,22.25,0
1990-08-31,22.25,22.25,22.25,22.25,22.25,0
1990-09-04,22.25,22.25,22.25,22.25,22.25,0
1990-09-05,0.0,21.0,21.0,21.0,21.0,100
1990-09-06,21.0,21.0,21.0,21.0,21.0,0
1990-09-07,21.0,21.0,21.0,21.0,21.0,0
1990-09-10,21.0,21.0,21.0,21.0,21.0,0
1990-09-11,0.0,21.125,21.125,21.125,21.125,2500
1990-09-12,21.125,21.125,21.125,21.125,21.125,0
1990-09-13,0.0,21.125,21.0,21.125,21.125,9800
1990-09-14,21.125,21.125,21.125,21.125,21.125,0
1990-09-17,21.125,21.125,21.125,21.125,21.125,0
1990-09-18,21.125,21.125,21.125,21.125,21.125,0
1990-09-19,21.125,21.125,21.125,21.125,21.125,0
1990-09-20,21.125,21.125,21.125,21.125,21.125,0
1990-09-21,0.0,21.125,21.0,21.125,21.125,3500
1990-09-24,0.0,21.0,21.0,21.0,21.0,2000
1990-09-25,21.0,21.0,21.0,21.0,21.0,0
1990-09-26,0.0,21.0,21.0,21.0,21.0,500
1990-09-27,21.0,21.0,21.0,21.0,21.0,0
1990-09-28,0.0,21.5,21.5,21.5,21.5,100
1990-10-01,0.0,21.125,21.125,21.125,21.125,2500
1990-10-02,21.125,21.125,21.125,21.125,21.125,0
1990-10-03,0.0,21.0,21.0,21.0,21.0,500
1990-10-04,21.0,21.0,21.0,21.0,21.0,0
1990-10-05,21.0,21.0,21.0,21.0,21.0,0
1990-10-08,21.0,21.0,21.0,21.0,21.0,0
1990-10-09,21.0,21.0,21.0,21.0,21.0,0
1990-10-10,21.0,21.0,21.0,21.0,21.0,0
1990-10-11,21.0,21.0,21.0,21.0,21.0,0
1990-10-12,21.0,21.0,21.0,21.0,21.0,0
1990-10-15,21.0,21.0,21.0,21.0,21.0,0
1990-10-16,21.0,21.0,21.0,21.0,21.0,0
1990-10-17,21.0,21.0,21.0,21.0,21.0,0
1990-10-18,21.0,21.0,21.0,21.0,21.0,0
1990-10-19,21.0,21.0,21.0,21.0,21.0,0
1990-10-22,0.0,21.0,21.0,21.0,21.0,600
1990-10-23,21.0,21.0,21.0,21.0,21.0,0
1990-10-24,0.0,21.0,21.0,21.0,21.0,500
1990-10-25,21.0,21.0,21.0,21.0,21.0,0
1990-10-26,21.0,21.0,21.0,21.0,21.0,0
1990-10-29,21.0,21.0,21.0,21.0,21.0,0
1990-10-30,21.0,21.0,21.0,21.0,21.0,0
1990-10-31,0.0,21.0,21.0,21.0,21.0,300
1990-11-01,21.0,21.0,21.0,21.0,21.0,0
1990-11-02,0.0,21.125,21.125,21.125,21.125,1500
1990-11-05,0.0,21.0,21.0,21.0,21.0,100
1990-11-06,21.0,21.0,21.0,21.0,21.0,0
1990-11-07,21.0,21.0,21.0,21.0,21.0,0
1990-11-08,21.0,21.0,21.0,21.0,21.0,0
1990-11-09,21.0,21.0,21.0,21.0,21.0,0
1990-11-12,21.0,21.0,21.0,21.0,21.0,0
1990-11-13,21.0,21.0,21.0,21.0,21.0,0
1990-11-14,21.0,21.0,21.0,21.0,21.0,0
1990-11-15,21.0,21.0,21.0,21.0,21.0,0
1990-11-16,21.0,21.0,21.0,21.0,21.0,0
1990-11-19,21.0,21.0,21.0,21.0,21.0,0
1990-11-20,21.0,21.0,21.0,21.0,21.0,0
1990-11-21,0.0,21.0,21.0,21.0,21.0,300
1990-11-23,21.0,21.0,21.0,21.0,21.0,0
1990-11-26,21.0,21.0,21.0,21.0,21.0,0
1990-11-27,21.0,21.0,21.0,21.0,21.0,0
1990-11-28,21.0,21.0,21.0,21.0,21.0,0
1990-11-29,21.0,21.0,21.0,21.0,21.0,0
1990-11-30,0.0,21.0,21.0,21.0,21.0,400
1990-12-03,21.0,21.0,21.0,21.0,21.0,0
1990-12-04,21.0,21.0,21.0,21.0,21.0,0
1990-12-05,0.0,21.0,21.0,21.0,21.0,100
1990-12-06,21.0,21.0,21.0,21.0,21.0,0
1990-12-07,21.0,21.0,21.0,21.0,21.0,0
1990-12-10,21.0,21.0,21.0,21.0,21.0,0
1990-12-11,21.0,21.0,21.0,21.0,21.0,0
1990-12-12,0.0,21.0,21.0,21.0,21.0,300
1990-12-13,0.0,21.0,21.0,21.0,21.0,500
1990-12-14,21.0,21.0,21.0,21.0,21.0,0
1990-12-17,0.0,21.125,21.125,21.125,21.125,1700
1990-12-18,21.125,21.125,21.125,21.125,21.125,0
1990-12-19,21.125,21.125,21.125,21.125,21.125,0
1990-12-20,0.0,21.125,21.0,21.125,21.125,14000
1990-12-21,0.0,21.0,21.0,21.0,21.0,500
1990-12-24,21.0,21.0,21.0,21.0,21.0,0
1990-12-26,21.0,21.0,21.0,21.0,21.0,0
1990-12-27,0.0,21.0,21.0,21.0,21.0,100
1990-12-28,21.0,21.0,21.0,21.0,21.0,0
1990-12-31,0.0,21.125,21.125,21.125,21.125,700
1991-01-02,0.0,21.5,21.5,21.5,21.5,800
1991-01-03,21.5,21.5,21.5,21.5,21.5,0
1991-01-04,21.5,21.5,21.5,21.5,21.5,0
1991-01-07,21.5,21.5,21.5,21.5,21.5,0
1991-01-08,21.5,21.5,21.5,21.5,21.5,0
1991-01-09,0.0,21.0,21.0,21.0,21.0,400
1991-01-10,21.0,21.0,21.0,21.0,21.0,0
1991-01-11,21.0,21.0,21.0,21.0,21.0,0
1991-01-14,21.0,21.0,21.0,21.0,21.0,0
1991-01-15,21.0,21.0,21.0,21.0,21.0,0
1991-01-16,21.0,21.0,21.0,21.0,21.0,0
1991-01-17,21.0,21.0,21.0,21.0,21.0,0
1991-01-18,0.0,21.0,21.0,21.0,21.0,4000
1991-01-21,0.0,21.625,21.0,21.0,21.0,9500
1991-01-22,21.0,21.0,21.0,21.0,21.0,0
1991-01-23,21.0,21.0,21.0,21.0,21.0,0
1991-01-24,21.0,21.0,21.0,21.0,21.0,0
1991-01-25,21.0,21.0,21.0,21.0,21.0,0
1991-01-28,21.0,21.0,21.0,21.0,21.0,0
1991-01-29,21.0,21.0,21.0,21.0,21.0,0
1991-01-30,21.0,21.0,21.0,21.0,21.0,0
1991-01-31,21.0,21.0,21.0,21.0,21.0,0
1991-02-01,21.0,21.0,21.0,21.0,21.0,0
1991-02-04,21.0,21.0,21.0,21.0,21.0,0
1991-02-05,21.0,21.0,21.0,21.0,21.0,0
1991-02-06,21.0,21.0,21.0,21.0,21.0,0
1991-02-07,0.0,20.0,20.0,20.0,20.0,300
1991-02-08,20.0,20.0,20.0,20.0,20.0,0
1991-02-11,0.0,20.0,20.0,20.0,20.0,1300
1991-02-12,20.0,20.0,20.0,20.0,20.0,0
1991-02-13,20.0,20.0,20.0,20.0,20.0,0
1991-02-14,20.0,20.0,20.0,20.0,20.0,0
1991-02-15,20.0,20.0,20.0,20.0,20.0,0
1991-02-19,20.0,20.0,20.0,20.0,20.0,0
1991-02-20,0.0,20.125,20.0,20.125,20.125,30300
1991-02-21,20.125,20.125,20.125,20.125,20.125,0
1991-02-22,20.125,20.125,20.125,20.125,20.125,0
1991-02-25,20.125,20.125,20.125,20.125,20.125,0
1991-02-26,20.125,20.125,20.125,20.125,20.125,0
1991-02-27,20.125,20.125,20.125,20.125,20.125,0
1991-02-28,20.125,20.125,20.125,20.125,20.125,0
1991-03-01,20.125,20.125,20.125,20.125,20.125,0
1991-03-04,20.125,20.125,20.125,20.125,20.125,0
1991-03-05,20.125,20.125,20.125,20.125,20.125,0
1991-03-06,20.125,20.125,20.125,20.125,20.125,0
1991-03-07,20.125,20.125,20.125,20.125,20.125,0
1991-03-08,20.125,20.125,20.125,20.125,20.125,0
1991-03-11,20.125,20.125,20.125,20.125,20.125,0
1991-03-12,20.125,20.125,20.125,20.125,20.125,0
1991-03-13,20.125,20.125,20.125,20.125,20.125,0
1991-03-14,0.0,20.125,20.0,20.125,20.125,2000
1991-03-15,20.125,20.125,20.125,20.125,20.125,0
1991-03-18,20.125,20.125,20.125,20.125,20.125,0
1991-03-19,20.125,20.125,20.125,20.125,20.125,0
1991-03-20,20.125,20.125,20.125,20.125,20.125,0
1991-03-21,20.125,20.125,20.125,20.125,20.125,0
1991-03-22,20.125,20.125,20.125,20.125,20.125,0
1991-03-25,0.0,20.0,20.0,20.0,20.0,200
1991-03-26,0.0,21.0,21.0,21.0,21.0,100
1991-03-27,0.0,20.0,20.0,20.0,20.0,200
1991-03-28,20.0,20.0,20.0,20.0,20.0,0
1991-04-01,20.0,20.0,20.0,20.0,20.0,0
1991-04-02,0.0,20.0,20.0,20.0,20.0,100
1991-04-03,20.0,20.0,20.0,20.0,20.0,0
1991-04-04,20.0,20.0,20.0,20.0,20.0,0
1991-04-05,20.0,20.0,20.0,20.0,20.0,0
1991-04-08,20.0,20.0,20.0,20.0,20.0,0
1991-04-09,0.0,20.0,20.0,20.0,20.0,100
1991-04-10,20.0,20.0,20.0,20.0,20.0,0
1991-04-11,0.0,20.0,20.0,20.0,20.0,1000
1991-04-12,20.0,20.0,20.0,20.0,20.0,0
1991-04-15,0.0,20.0,20.0,20.0,20.0,200
1991-04-16,20.0,20.0,20.0,20.0,20.0,0
1991-04-17,0.0,20.125,20.125,20.125,20.125,1900
1991-04-18,20.125,20.125,20.125,20.125,20.125,0
1991-04-19,20.125,20.125,20.125,20.125,20.125,0
1991-04-22,20.125,20.125,20.125,20.125,20.125,0
1991-04-23,20.125,20.125,20.125,20.125,20.125,0
1991-04-24,20.125,20.125,20.125,20.125,20.125,0
1991-04-25,20.125,20.125,20.125,20.125,20.125,0
1991-04-26,20.125,20.125,20.125,20.125,20.125,0
1991-04-29,20.125,20.125,20.125,20.125,20.125,0
1991-04-30,20.125,20.125,20.125,20.125,20.125,0
1991-05-01,20.125,20.125,20.125,20.125,20.125,0
1991-05-02,20.125,20.125,20.125,20.125,20.125,0
1991-05-03,20.125,20.125,20.125,20.125,20.125,0
1991-05-06,20.125,20.125,20.125,20.125,20.125,0
1991-05-07,20.125,20.125,20.125,20.125,20.125,0
1991-05-08,0.0,20.0,20.0,20.0,20.0,1200
1991-05-09,20.0,20.0,20.0,20.0,20.0,0
1991-05-10,20.0,20.0,20.0,20.0,20.0,0
1991-05-13,20.0,20.0,20.0,20.0,20.0,0
1991-05-14,20.0,20.0,20.0,20.0,20.0,0
1991-05-15,20.0,20.0,20.0,20.0,20.0,0
1991-05-16,20.0,20.0,20.0,20.0,20.0,0
1991-05-17,0.0,20.125,20.125,20.125,20.125,1300
1991-05-20,20.125,20.125,20.125,20.125,20.125,0
1991-05-21,20.125,20.125,20.125,20.125,20.125,0
1991-05-22,20.125,20.125,20.125,20.125,20.125,0
1991-05-23,0.0,21.0,21.0,21.0,21.0,100
1991-05-24,21.0,21.0,21.0,21.0,21.0,0
1991-05-28,21.0,21.0,21.0,21.0,21.0,0
1991-05-29,0.0,20.0,20.0,20.0,20.0,100
1991-05-30,20.0,20.0,20.0,20.0,20.0,0
1991-05-31,0.0,22.0,22.0,22.0,22.0,200
1991-06-03,22.0,22.0,22.0,22.0,22.0,0
1991-06-04,22.0,22.0,22.0,22.0,22.0,0
1991-06-05,22.0,22.0,22.0,22.0,22.0,0
1991-06-06,22.0,22.0,22.0,22.0,22.0,0
1991-06-07,22.0,22.0,22.0,22.0,22.0,0
1991-06-10,22.0,22.0,22.0,22.0,22.0,0
1991-06-11,22.0,22.0,22.0,22.0,22.0,0
1991-06-12,22.0,22.0,22.0,22.0,22.0,0
1991-06-13,22.0,22.0,22.0,22.0,22.0,0
1991-06-14,22.0,22.0,22.0,22.0,22.0,0
1991-06-17,22.0,22.0,22.0,22.0,22.0,0
1991-06-18,22.0,22.0,22.0,22.0,22.0,0
1991-06-19,22.0,22.0,22.0,22.0,22.0,0
1991-06-20,22.0,22.0,22.0,22.0,22.0,0
1991-06-21,22.0,22.0,22.0,22.0,22.0,0
1991-06-24,22.0,22.0,22.0,22.0,22.0,0
1991-06-25,22.0,22.0,22.0,22.0,22.0,0
1991-06-26,22.0,22.0,22.0,22.0,22.0,0
1991-06-27,0.0,20.0,20.0,20.0,20.0,300
1991-06-28,20.0,20.0,20.0,20.0,20.0,0
1991-07-01,0.0,20.0,20.0,20.0,20.0,300
1991-07-02,20.0,20.0,20.0,20.0,20.0,0
1991-07-03,0.0,20.0,20.0,20.0,20.0,200
1991-07-05,20.0,20.0,20.0,20.0,20.0,0
1991-07-08,20.0,20.0,20.0,20.0,20.0,0
1991-07-09,20.0,20.0,20.0,20.0,20.0,0
1991-07-10,20.0,20.0,20.0,20.0,20.0,0
1991-07-11,20.0,20.0,20.0,20.0,20.0,0
1991-07-12,20.0,20.0,20.0,20.0,20.0,0
1991-07-15,0.0,20.0,20.0,20.0,20.0,100
1991-07-16,20.0,20.0,20.0,20.0,20.0,0
1991-07-17,0.0,20.0,20.0,20.0,20.0,200
1991-07-18,20.0,20.0,20.0,20.0,20.0,0
1991-07-19,20.0,20.0,20.0,20.0,20.0,0
1991-07-22,20.0,20.0,20.0,20.0,20.0,0
1991-07-23,0.0,20.125,20.125,20.125,20.125,600
1991-07-24,20.125,20.125,20.125,20.125,20.125,0
1991-07-25,20.125,20.125,20.125,20.125,20.125,0
1991-07-26,20.125,20.125,20.125,20.125,20.125,0
1991-07-29,20.125,20.125,20.125,20.125,20.125,0
1991-07-30,20.125,20.125,20.125,20.125,20.125,0
1991-07-31,20.125,20.125,20.125,20.125,20.125,0
1991-08-01,20.125,20.125,20.125,20.125,20.125,0
1991-08-02,20.125,20.125,20.125,20.125,20.125,0
1991-08-05,20.125,20.125,20.125,20.125,20.125,0
1991-08-06,20.125,20.125,20.125,20.125,20.125,0
1991-08-07,20.125,20.125,20.125,20.125,20.125,0
1991-08-08,20.125,20.125,20.125,20.125,20.125,0
1991-08-09,0.0,20.0,20.0,20.0,20.0,100
1991-08-12,20.0,20.0,20.0,20.0,20.0,0
1991-08-13,20.0,20.0,20.0,20.0,20.0,0
1991-08-14,20.0,20.0,20.0,20.0,20.0,0
1991-08-15,20.0,20.0,20.0,20.0,20.0,0
1991-08-16,20.0,20.0,20.0,20.0,20.0,0
1991-08-19,20.0,20.0,20.0,20.0,20.0,0
1991-08-20,20.0,20.0,20.0,20.0,20.0,0
1991-08-21,20.0,20.0,20.0,20.0,20.0,0
1991-08-22,20.0,20.0,20.0,20.0,20.0,0
1991-08-23,20.0,20.0,20.0,20.0,20.0,0
1991-08-26,20.0,20.0,20.0,20.0,20.0,0
1991-08-27,20.0,20.0,20.0,20.0,20.0,0
1991-08-28,0.0,20.25,20.0,20.25,20.25,900
1991-08-29,20.25,20.25,20.25,20.25,20.25,0
1991-08-30,20.25,20.25,20.25,20.25,20.25,0
1991-09-03,20.25,20.25,20.25,20.25,20.25,0
1991-09-04,20.25,20.25,20.25,20.25,20.25,0
1991-09-05,20.25,20.25,20.25,20.25,20.25,0
1991-09-06,20.25,20.25,20.25,20.25,20.25,0
1991-09-09,20.25,20.25,20.25,20.25,20.25,0
1991-09-10,20.25,20.25,20.25,20.25,20.25,0
1991-09-11,20.25,20.25,20.25,20.25,20.25,0
1991-09-12,20.25,20.25,20.25,20.25,20.25,0
1991-09-13,20.25,20.25,20.25,20.25,20.25,0
1991-09-16,20.25,20.25,20.25,20.25,20.25,0
1991-09-17,20.25,20.25,20.25,20.25,20.25,0
1991-09-18,20.25,20.25,20.25,20.25,20.25,0
1991-09-19,20.25,20.25,20.25,20.25,20.25,0
1991-09-20,0.0,20.0,20.0,20.0,20.0,400
1991-09-23,0.0,20.0,20.0,20.0,20.0,200
1991-09-24,0.0,20.125,20.0,20.125,20.125,2300
1991-09-25,20.125,20.125,20.125,20.125,20.125,0
1991-09-26,20.125,20.125,20.125,20.125,20.125,0
1991-09-27,20.125,20.125,20.125,20.125,20.125,0
1991-09-30,20.125,20.125,20.125,20.125,20.125,0
1991-10-01,20.125,20.125,20.125,20.125,20.125,0
1991-10-02,20.125,20.125,20.125,20.125,20.125,0
1991-10-03,20.125,20.125,20.125,20.125,20.125,0
1991-10-04,20.125,20.125,20.125,20.125,20.125,0
1991-10-07,20.125,20.125,20.125,20.125,20.125,0
1991-10-08,20.125,20.125,20.125,20.125,20.125,0
1991-10-09,0.0,20.0,19.875,19.875,19.875,2600
1991-10-10,19.875,19.875,19.875,19.875,19.875,0
1991-10-11,19.875,19.875,19.875,19.875,19.875,0
1991-10-14,19.875,19.875,19.875,19.875,19.875,0
1991-10-15,19.875,19.875,19.875,19.875,19.875,0
1991-10-16,19.875,19.875,19.875,19.875,19.875,0
1991-10-17,19.875,19.875,19.875,19.875,19.875,0
1991-10-18,19.875,19.875,19.875,19.875,19.875,0
1991-10-21,0.0,20.0,19.0,19.0,19.0,100
1991-10-22,19.0,19.0,19.0,19.0,19.0,0
1991-10-23,19.0,19.0,19.0,19.0,19.0,0
1991-10-24,19.0,19.0,19.0,19.0,19.0,0
1991-10-25,19.0,19.0,19.0,19.0,19.0,0
1991-10-28,19.0,19.0,19.0,19.0,19.0,0
1991-10-29,0.0,19.125,19.0,19.125,19.125,600
1991-10-30,19.125,19.125,19.125,19.125,19.125,0
1991-10-31,19.125,19.125,19.125,19.125,19.125,0
1991-11-01,19.125,19.125,19.125,19.125,19.125,0
1991-11-04,19.125,19.125,19.125,19.125,19.125,0
1991-11-05,19.125,19.125,19.125,19.125,19.125,0
1991-11-06,19.125,19.125,19.125,19.125,19.125,0
1991-11-07,19.125,19.125,19.125,19.125,19.125,0
1991-11-08,19.125,19.125,19.125,19.125,19.125,0
1991-11-11,19.125,19.125,19.125,19.125,19.125,0
1991-11-12,19.125,19.125,19.125,19.125,19.125,0
1991-11-13,18.5,18.625,18.5,18.625,18.625,26000
1991-11-14,18.5,18.5,18.5,18.5,18.5,100
1991-11-15,18.5,18.5,18.5,18.5,18.5,0
1991-11-18,18.5,18.5,18.5,18.5,18.5,0
1991-11-19,18.5,18.5,18.5,18.5,18.5,0
1991-11-20,18.5,18.5,18.5,18.5,18.5,0
1991-11-21,19.0,19.0,18.875,19.0,19.0,1400
1991-11-22,18.5,18.625,18.5,18.625,18.625,1000
1991-11-25,19.0,19.0,18.0,18.125,18.125,1200
1991-11-26,18.125,18.125,18.125,18.125,18.125,0
1991-11-27,17.5,18.5,17.5,18.5,18.5,800
1991-11-29,18.5,18.5,18.5,18.5,18.5,0
1991-12-02,18.5,18.5,18.5,18.5,18.5,0
1991-12-03,18.5,18.5,18.5,18.5,18.5,0
1991-12-04,18.5,18.5,18.5,18.5,18.5,0
1991-12-05,18.5,18.5,18.5,18.5,18.5,0
1991-12-06,18.5,18.5,18.5,18.5,18.5,0
1991-12-09,18.5,18.5,18.5,18.5,18.5,0
1991-12-10,18.5,18.5,18.5,18.5,18.5,0
1991-12-11,18.5,18.5,18.5,18.5,18.5,0
1991-12-12,18.0,18.125,18.0,18.125,18.125,45800
1991-12-13,18.125,18.125,18.125,18.125,18.125,0
1991-12-16,18.125,18.125,18.125,18.125,18.125,0
1991-12-17,18.125,18.125,18.125,18.125,18.125,0
1991-12-18,18.0,18.125,17.875,18.125,18.125,30000
1991-12-19,18.125,18.125,18.125,18.125,18.125,0
1991-12-20,18.125,18.125,18.125,18.125,18.125,0
1991-12-23,17.5,17.5,17.5,17.5,17.5,200
1991-12-24,17.5,17.625,17.5,17.625,17.625,6000
1991-12-26,17.625,17.625,17.625,17.625,17.625,0
1991-12-27,17.625,17.625,17.625,17.625,17.625,0
1991-12-30,17.5,17.5,17.5,17.5,17.5,300
1991-12-31,17.5,17.5,17.5,17.5,17.5,0
1992-01-02,17.5,17.5,17.5,17.5,17.5,800
1992-01-03,17.5,17.5,17.5,17.5,17.5,0
1992-01-06,17.5,17.5,17.5,17.5,17.5,0
1992-01-07,17.5,17.5,17.5,17.5,17.5,0
1992-01-08,17.5,17.5,17.5,17.5,17.5,0
1992-01-09,17.625,17.625,17.625,17.625,17.625,500
1992-01-10,17.625,17.625,17.625,17.625,17.625,0
1992-01-13,17.625,17.625,17.625,17.625,17.625,0
1992-01-14,17.625,17.625,17.625,17.625,17.625,0
1992-01-15,17.0,17.0,16.5,16.5,16.5,1000
1992-01-16,16.5,16.5,16.5,16.5,16.5,0
1992-01-17,16.5,16.5,16.5,16.5,16.5,0
1992-01-20,16.5,16.5,16.5,16.5,16.5,0
1992-01-21,16.5,16.5,16.5,16.5,16.5,0
1992-01-22,16.5,16.5,16.5,16.5,16.5,0
1992-01-23,16.5,16.5,16.5,16.5,16.5,1100
1992-01-24,16.5,16.5,16.5,16.5,16.5,0
1992-01-27,16.5,16.5,16.5,16.5,16.5,1100
1992-01-28,16.5,16.5,16.5,16.5,16.5,0
1992-01-29,16.625,16.625,16.625,16.625,16.625,2000
1992-01-30,16.625,16.625,16.625,16.625,16.625,0
1992-01-31,16.5,16.5,16.5,16.5,16.5,200
1992-02-03,16.5,16.5,16.5,16.5,16.5,0
1992-02-04,16.5,16.625,16.5,16.625,16.625,96500
1992-02-05,16.625,16.625,16.625,16.625,16.625,0
1992-02-06,16.625,16.625,16.625,16.625,16.625,0
1992-02-07,16.625,16.625,16.625,16.625,16.625,0
1992-02-10,16.625,16.625,16.625,16.625,16.625,0
1992-02-11,16.625,16.625,16.625,16.625,16.625,0
1992-02-12,16.625,16.625,16.625,16.625,16.625,0
1992-02-13,16.625,16.625,16.625,16.625,16.625,0
1992-02-14,16.625,16.625,16.625,16.625,16.625,0
1992-02-18,16.625,16.625,16.625,16.625,16.625,0
1992-02-19,16.5,16.5,16.5,16.5,16.5,32200
1992-02-20,16.25,16.25,16.125,16.125,16.125,12000
1992-02-21,16.125,16.125,16.125,16.125,16.125,0
1992-02-24,16.125,16.125,16.125,16.125,16.125,0
1992-02-25,16.125,16.125,16.125,16.125,16.125,0
1992-02-26,16.125,16.125,16.125,16.125,16.125,0
1992-02-27,16.125,16.125,16.125,16.125,16.125,0
1992-02-28,16.125,16.125,16.125,16.125,16.125,0
1992-03-02,16.125,16.125,16.125,16.125,16.125,0
1992-03-03,16.125,16.125,16.125,16.125,16.125,0
1992-03-04,16.125,16.125,16.125,16.125,16.125,0
1992-03-05,16.125,16.125,16.125,16.125,16.125,0
1992-03-06,16.125,16.125,16.125,16.125,16.125,0
1992-03-09,16.25,16.25,16.25,16.25,16.25,2000
1992-03-10,16.25,16.25,16.25,16.25,16.25,0
1992-03-11,16.25,16.25,16.25,16.25,16.25,0
1992-03-12,16.25,16.25,16.25,16.25,16.25,0
1992-03-13,16.25,16.25,16.25,16.25,16.25,0
1992-03-16,16.25,16.25,16.25,16.25,16.25,0
1992-03-17,16.25,16.25,16.25,16.25,16.25,0
1992-03-18,16.25,16.25,16.25,16.25,16.25,0
1992-03-19,16.25,16.25,16.25,16.25,16.25,0
1992-03-20,16.25,16.25,16.25,16.25,16.25,0
1992-03-23,16.25,16.375,16.25,16.375,16.375,95700
1992-03-24,16.375,16.375,16.375,16.375,16.375,0
1992-03-25,16.375,16.375,16.375,16.375,16.375,0
1992-03-26,16.375,16.375,16.375,16.375,16.375,0
1992-03-27,16.375,16.375,16.375,16.375,16.375,0
1992-03-30,16.375,16.375,16.375,16.375,16.375,0
1992-03-31,16.375,16.375,16.375,16.375,16.375,0
1992-04-01,16.375,16.375,16.375,16.375,16.375,0
1992-04-02,16.375,16.375,16.375,16.375,16.375,0
1992-04-03,16.375,16.375,16.375,16.375,16.375,0
1992-04-06,16.375,16.375,16.375,16.375,16.375,0
1992-04-07,16.375,16.375,16.375,16.375,16.375,0
1992-04-08,16.375,16.375,16.375,16.375,16.375,0
1992-04-09,16.375,16.375,16.375,16.375,16.375,0
1992-04-10,16.375,16.375,16.375,16.375,16.375,0
1992-04-13,16.375,16.375,16.375,16.375,16.375,0
1992-04-14,16.375,16.375,16.375,16.375,16.375,0
1992-04-15,16.375,16.375,16.375,16.375,16.375,0
1992-04-16,16.375,16.375,16.375,16.375,16.375,0
1992-04-20,16.375,16.375,16.375,16.375,16.375,0
1992-04-21,16.25,16.25,16.25,16.25,16.25,400
1992-04-22,16.25,16.25,16.25,16.25,16.25,0
1992-04-23,16.25,16.25,16.25,16.25,16.25,0
1992-04-24,16.25,16.25,16.25,16.25,16.25,600
1992-04-27,16.25,16.25,16.25,16.25,16.25,0
1992-04-28,16.25,16.25,16.25,16.25,16.25,0
1992-04-29,16.25,16.25,16.25,16.25,16.25,0
1992-04-30,16.25,16.25,16.25,16.25,16.25,0
1992-05-01,16.25,16.25,16.25,16.25,16.25,0
1992-05-04,16.25,16.25,16.25,16.25,16.25,0
1992-05-05,16.25,16.25,16.25,16.25,16.25,0
1992-05-06,16.25,16.375,16.25,16.25,16.25,2000
1992-05-07,16.25,16.25,16.25,16.25,16.25,0
1992-05-08,16.25,16.25,16.25,16.25,16.25,0
1992-05-11,16.0,16.125,16.0,16.125,16.125,4000
1992-05-12,16.0,16.0,16.0,16.0,16.0,1000
1992-05-13,16.0,16.0,16.0,16.0,16.0,0
1992-05-14,16.0,16.0,16.0,16.0,16.0,0
1992-05-15,16.0,16.0,16.0,16.0,16.0,0
1992-05-18,16.0,16.125,16.0,16.125,16.125,5000
1992-05-19,16.0,16.25,16.0,16.125,16.125,4700
1992-05-20,16.125,16.125,16.125,16.125,16.125,0
1992-05-21,16.25,16.25,16.25,16.25,16.25,200
1992-05-22,16.25,16.25,16.25,16.25,16.25,0
1992-05-26,16.25,16.25,16.25,16.25,16.25,0
1992-05-27,16.25,16.25,16.25,16.25,16.25,0
1992-05-28,16.25,16.25,16.25,16.25,16.25,0
1992-05-29,16.25,16.25,16.25,16.25,16.25,0
1992-06-01,16.25,16.25,16.25,16.25,16.25,0
1992-06-02,16.25,16.25,16.25,16.25,16.25,0
1992-06-03,16.0,16.0,16.0,16.0,16.0,400
1992-06-04,16.0,16.0,16.0,16.0,16.0,0
1992-06-05,16.0,16.0,16.0,16.0,16.0,0
1992-06-08,16.0,16.0,16.0,16.0,16.0,0
1992-06-09,16.0,16.0,16.0,16.0,16.0,100
1992-06-10,16.0,16.0,16.0,16.0,16.0,0
1992-06-11,16.0,16.0,16.0,16.0,16.0,0
1992-06-12,16.0,16.0,16.0,16.0,16.0,0
1992-06-15,16.0,16.0,16.0,16.0,16.0,0
1992-06-16,16.0,16.0,16.0,16.0,16.0,0
1992-06-17,16.0,16.0,16.0,16.0,16.0,0
1992-06-18,16.0,16.0,16.0,16.0,16.0,0
1992-06-19,16.0,16.0,16.0,16.0,16.0,0
1992-06-22,16.0,16.0,16.0,16.0,16.0,0
1992-06-23,16.0,16.0,16.0,16.0,16.0,0
1992-06-24,16.0,16.0,16.0,16.0,16.0,0
1992-06-25,16.0,16.0,16.0,16.0,16.0,0
1992-06-26,16.0,16.0,16.0,16.0,16.0,0
1992-06-29,16.0,16.0,16.0,16.0,16.0,0
1992-06-30,16.0,16.125,16.0,16.0,16.0,5700
1992-07-01,16.0,16.0,16.0,16.0,16.0,0
1992-07-02,16.0,16.0,16.0,16.0,16.0,0
1992-07-06,16.0,16.0,16.0,16.0,16.0,0
1992-07-07,16.0,16.0,16.0,16.0,16.0,600
1992-07-08,16.0,16.0,16.0,16.0,16.0,0
1992-07-09,16.0,16.0,16.0,16.0,16.0,0
1992-07-10,16.0,16.0,16.0,16.0,16.0,0
1992-07-13,16.0,16.0,16.0,16.0,16.0,0
1992-07-14,16.0,16.0,16.0,16.0,16.0,0
1992-07-15,16.0,16.0,16.0,16.0,16.0,0
1992-07-16,16.0,16.0,16.0,16.0,16.0,0
1992-07-17,16.0,16.0,16.0,16.0,16.0,0
1992-07-20,16.0,16.0,16.0,16.0,16.0,0
1992-07-21,16.0,16.0,16.0,16.0,16.0,0
1992-07-22,16.0,16.0,16.0,16.0,16.0,0
1992-07-23,16.0,16.0,16.0,16.0,16.0,0
1992-07-24,16.0,16.0,16.0,16.0,16.0,0
1992-07-27,16.0,16.0,16.0,16.0,16.0,0
1992-07-28,16.0,16.0,16.0,16.0,16.0,0
1992-07-29,16.0,16.0,16.0,16.0,16.0,0
1992-07-30,16.0,16.0,16.0,16.0,16.0,0
1992-07-31,16.0,16.0,16.0,16.0,16.0,0
1992-08-03,16.0,16.0,16.0,16.0,16.0,0
1992-08-04,16.0,16.0,16.0,16.0,16.0,0
1992-08-05,16.0,16.0,16.0,16.0,16.0,0
1992-08-06,16.0,16.0,16.0,16.0,16.0,0
1992-08-07,16.0,16.0,16.0,16.0,16.0,0
1992-08-10,16.0,16.0,16.0,16.0,16.0,0
1992-08-11,16.0,16.0,16.0,16.0,16.0,0
1992-08-12,16.0,16.0,16.0,16.0,16.0,0
1992-08-13,16.0,16.0,16.0,16.0,16.0,0
1992-08-14,16.0,16.0,16.0,16.0,16.0,0
1992-08-17,16.0,16.0,16.0,16.0,16.0,0
1992-08-18,16.0,16.0,16.0,16.0,16.0,0
1992-08-19,16.0,16.0,16.0,16.0,16.0,300
1992-08-20,16.0,16.0,16.0,16.0,16.0,0
1992-08-21,16.0,16.0,16.0,16.0,16.0,0
1992-08-24,16.0,16.0,16.0,16.0,16.0,0
1992-08-25,16.0,16.0,16.0,16.0,16.0,0
1992-08-26,16.0,16.0,16.0,16.0,16.0,0
1992-08-27,16.0,16.0,16.0,16.0,16.0,0
1992-08-28,16.0,16.0,16.0,16.0,16.0,0
1992-08-31,16.0,16.0,16.0,16.0,16.0,0
1992-09-01,16.0,16.0,16.0,16.0,16.0,0
1992-09-02,16.0,16.0,16.0,16.0,16.0,0
1992-09-03,16.0,16.0,16.0,16.0,16.0,0
1992-09-04,16.0,16.0,16.0,16.0,16.0,0
1992-09-08,16.0,16.0,16.0,16.0,16.0,0
1992-09-09,16.0,16.0,16.0,16.0,16.0,0
1992-09-10,16.0,16.0,16.0,16.0,16.0,0
1992-09-11,16.0,16.0,16.0,16.0,16.0,0
1992-09-14,16.0,16.0,16.0,16.0,16.0,0
1992-09-15,16.0,16.0,16.0,16.0,16.0,0
1992-09-16,16.0,16.0,16.0,16.0,16.0,0
1992-09-17,16.0,16.0,16.0,16.0,16.0,400
1992-09-18,16.0,16.0,16.0,16.0,16.0,0
1992-09-21,16.0,16.0,16.0,16.0,16.0,0
1992-09-22,16.0,16.0,16.0,16.0,16.0,0
1992-09-23,16.0,16.0,16.0,16.0,16.0,0
1992-09-24,16.0,16.0,16.0,16.0,16.0,0
1992-09-25,16.0,16.0,16.0,16.0,16.0,0
1992-09-28,16.0,16.0,16.0,16.0,16.0,0
1992-09-29,16.0,16.0,16.0,16.0,16.0,0
1992-09-30,16.0,16.0,16.0,16.0,16.0,0
1992-10-01,16.0,16.0,16.0,16.0,16.0,0
1992-10-02,16.0,16.0,16.0,16.0,16.0,0
1992-10-05,16.0,16.0,16.0,16.0,16.0,0
1992-10-06,16.0,16.0,16.0,16.0,16.0,700
1992-10-07,16.0,16.0,16.0,16.0,16.0,0
1992-10-08,16.0,16.0,16.0,16.0,16.0,300
1992-10-09,16.0,16.0,16.0,16.0,16.0,0
1992-10-12,16.0,16.0,16.0,16.0,16.0,0
1992-10-13,16.0,16.0,16.0,16.0,16.0,0
1992-10-14,16.0,16.0,16.0,16.0,16.0,0
1992-10-15,16.0,16.0,16.0,16.0,16.0,0
1992-10-16,16.0,16.0,16.0,16.0,16.0,0
1992-10-19,16.0,16.0,16.0,16.0,16.0,0
1992-10-20,16.0,16.0,16.0,16.0,16.0,0
1992-10-21,16.0,16.0,16.0,16.0,16.0,0
1992-10-22,16.0,16.125,16.0,16.0,16.0,4900
1992-10-23,16.0,16.0,16.0,16.0,16.0,500
1992-10-26,16.0,16.0,16.0,16.0,16.0,0
1992-10-27,16.0,16.0,16.0,16.0,16.0,0
1992-10-28,16.0,16.0,16.0,16.0,16.0,0
1992-10-29,16.0,16.0,16.0,16.0,16.0,0
1992-10-30,16.0,16.0,16.0,16.0,16.0,0
1992-11-02,16.0,16.0,16.0,16.0,16.0,0
1992-11-03,16.0,16.0,16.0,16.0,16.0,0
1992-11-04,16.0,16.0,16.0,16.0,16.0,0
1992-11-05,16.0,16.0,16.0,16.0,16.0,0
1992-11-06,16.0,16.0,16.0,16.0,16.0,0
1992-11-09,16.0,16.0,16.0,16.0,16.0,0
1992-11-10,16.0,16.0,16.0,16.0,16.0,0
1992-11-11,16.0,16.0,16.0,16.0,16.0,0
1992-11-12,16.0,16.0,16.0,16.0,16.0,2100
1992-11-13,16.0,16.0,16.0,16.0,16.0,0
1992-11-16,16.0,16.0,16.0,16.0,16.0,0
1992-11-17,16.0,16.0,16.0,16.0,16.0,0
1992-11-18,16.0,16.0,16.0,16.0,16.0,0
1992-11-19,16.0,16.0,16.0,16.0,16.0,0
1992-11-20,16.0,16.0,16.0,16.0,16.0,0
1992-11-23,16.0,16.0,16.0,16.0,16.0,0
1992-11-24,16.0,16.0,16.0,16.0,16.0,0
1992-11-25,16.0,16.0,16.0,16.0,16.0,0
1992-11-27,16.0,16.0,16.0,16.0,16.0,0
1992-11-30,16.0,16.0,16.0,16.0,16.0,0
1992-12-01,16.0,16.0,16.0,16.0,16.0,0
1992-12-02,16.0,16.0,16.0,16.0,16.0,0
1992-12-03,16.0,16.0,16.0,16.0,16.0,0
1992-12-04,16.0,16.0,16.0,16.0,16.0,0
1992-12-07,16.0,16.0,16.0,16.0,16.0,0
1992-12-08,16.0,16.125,16.0,16.125,16.125,2500
1992-12-09,16.125,16.125,16.125,16.125,16.125,0
1992-12-10,16.125,16.125,16.125,16.125,16.125,0
1992-12-11,16.125,16.125,16.125,16.125,16.125,0
1992-12-14,16.125,16.125,16.125,16.125,16.125,0
1992-12-15,16.125,16.125,16.125,16.125,16.125,0
1992-12-16,16.125,16.125,16.125,16.125,16.125,0
1992-12-17,16.125,16.125,16.125,16.125,16.125,0
1992-12-18,16.125,16.125,16.125,16.125,16.125,0
1992-12-21,16.125,16.125,16.125,16.125,16.125,0
1992-12-22,16.125,16.125,16.125,16.125,16.125,0
1992-12-23,16.125,16.125,16.125,16.125,16.125,0
1992-12-24,16.125,16.125,16.125,16.125,16.125,0
1992-12-28,16.125,16.125,16.125,16.125,16.125,0
1992-12-29,16.125,16.125,16.125,16.125,16.125,0
1992-12-30,14.75,14.75,14.75,14.75,14.75,200
1992-12-31,14.75,14.75,14.75,14.75,14.75,0
1993-01-04,14.75,14.75,14.75,14.75,14.75,0
1993-01-05,14.75,14.75,14.75,14.75,14.75,0
1993-01-06,14.75,14.75,14.75,14.75,14.75,0
1993-01-07,14.75,14.75,14.75,14.75,14.75,0
1993-01-08,14.75,14.75,14.75,14.75,14.75,300
1993-01-11,14.75,14.75,14.75,14.75,14.75,0
1993-01-12,14.75,15.0,14.75,15.0,15.0,2100
1993-01-13,15.0,15.0,15.0,15.0,15.0,0
1993-01-14,15.0,15.0,15.0,15.0,15.0,0
1993-01-15,14.75,15.0,14.75,14.75,14.75,4000
1993-01-18,14.75,14.75,14.75,14.75,14.75,0
1993-01-19,14.75,14.75,14.75,14.75,14.75,0
1993-01-20,14.75,14.75,14.75,14.75,14.75,0
1993-01-21,14.75,14.75,14.75,14.75,14.75,0
1993-01-22,14.75,14.75,14.75,14.75,14.75,0
1993-01-25,15.0,15.0,14.75,14.75,14.75,4700
1993-01-26,14.75,14.75,14.75,14.75,14.75,0
1993-01-27,14.75,14.75,14.75,14.75,14.75,0
1993-01-28,14.75,14.75,14.75,14.75,14.75,0
1993-01-29,14.75,14.75,14.75,14.75,14.75,0
1993-02-01,14.75,14.75,14.75,14.75,14.75,0
1993-02-02,14.75,14.75,14.75,14.75,14.75,0
1993-02-03,14.75,14.75,14.75,14.75,14.75,0
1993-02-04,14.75,14.75,14.75,14.75,14.75,0
1993-02-05,14.75,14.75,14.75,14.75,14.75,0
1993-02-08,14.75,14.75,14.75,14.75,14.75,0
1993-02-09,14.75,14.75,14.75,14.75,14.75,0
1993-02-10,14.75,14.75,14.75,14.75,14.75,0
1993-02-11,14.75,14.75,14.75,14.75,14.75,0
1993-02-12,14.75,14.75,14.75,14.75,14.75,0
1993-02-16,14.75,14.75,14.75,14.75,14.75,0
1993-02-17,14.75,14.75,14.75,14.75,14.75,0
1993-02-18,14.75,14.75,14.75,14.75,14.75,0
1993-02-19,14.75,14.75,14.75,14.75,14.75,0
1993-02-22,14.75,14.75,14.75,14.75,14.75,0
1993-02-23,14.75,14.75,14.75,14.75,14.75,0
1993-02-24,14.75,14.75,14.75,14.75,14.75,0
1993-02-25,14.75,14.75,14.75,14.75,14.75,0
1993-02-26,14.75,14.75,14.75,14.75,14.75,0
1993-03-01,14.75,14.75,14.75,14.75,14.75,0
1993-03-02,14.75,14.75,14.75,14.75,14.75,0
1993-03-03,14.75,14.75,14.75,14.75,14.75,0
1993-03-04,14.75,14.75,14.75,14.75,14.75,0
1993-03-05,14.75,14.75,14.75,14.75,14.75,0
1993-03-08,14.75,14.75,14.75,14.75,14.75,0
1993-03-09,14.75,14.75,14.75,14.75,14.75,0
1993-03-10,14.75,14.75,14.75,14.75,14.75,0
1993-03-11,14.75,14.75,14.75,14.75,14.75,0
1993-03-12,14.75,14.75,14.75,14.75,14.75,0
1993-03-15,14.75,14.75,14.75,14.75,14.75,0
1993-03-16,14.75,14.75,14.75,14.75,14.75,0
1993-03-17,14.75,14.75,14.75,14.75,14.75,0
1993-03-18,14.75,14.75,14.75,14.75,14.75,0
1993-03-19,14.75,14.75,14.75,14.75,14.75,0
1993-03-22,14.75,14.75,14.75,14.75,14.75,0
1993-03-23,11.0,11.25,11.0,11.25,11.25,4500
1993-03-24,11.25,11.25,11.25,11.25,11.25,0
1993-03-25,11.25,11.25,11.25,11.25,11.25,0
1993-03-26,11.25,11.25,11.25,11.25,11.25,0
1993-03-29,11.25,11.25,11.25,11.25,11.25,0
1993-03-30,11.25,11.25,11.25,11.25,11.25,0
1993-03-31,11.25,11.25,11.25,11.25,11.25,0
1993-04-01,10.0,10.25,10.0,10.25,10.25,12300
1993-04-02,10.25,10.25,10.25,10.25,10.25,0
1993-04-05,10.25,10.25,10.25,10.25,10.25,0
1993-04-06,10.25,10.25,10.25,10.25,10.25,0
1993-04-07,10.25,10.25,10.25,10.25,10.25,0
1993-04-08,10.25,10.25,10.25,10.25,10.25,0
1993-04-12,10.25,10.25,10.25,10.25,10.25,0
1993-04-13,10.25,10.25,10.25,10.25,10.25,0
1993-04-14,10.25,10.25,10.25,10.25,10.25,0
1993-04-15,10.25,10.25,10.25,10.25,10.25,0
1993-04-16,10.25,10.25,10.25,10.25,10.25,0
1993-04-19,10.25,10.25,10.25,10.25,10.25,0
1993-04-20,10.25,10.25,10.25,10.25,10.25,0
1993-04-21,10.25,10.25,10.25,10.25,10.25,0
1993-04-22,10.25,10.25,10.25,10.25,10.25,0
1993-04-23,10.25,10.25,10.25,10.25,10.25,0
1993-04-26,10.25,10.25,10.25,10.25,10.25,0
1993-04-27,8.75,8.75,8.75,8.75,8.75,2200
1993-04-28,8.75,8.75,8.75,8.75,8.75,0
1993-04-29,9.5,9.5,9.5,9.5,9.5,400
1993-04-30,7.5,7.5,7.5,7.5,7.5,2200
1993-05-03,7.5,7.5,7.5,7.5,7.5,0
1993-05-04,7.5,7.5,7.5,7.5,7.5,0
1993-05-05,7.5,7.5,7.5,7.5,7.5,0
1993-05-06,7.5,7.5,7.5,7.5,7.5,0
1993-05-07,6.75,6.75,6.5,6.5,6.5,5400
1993-05-10,6.75,6.75,6.625,6.625,6.625,3000
1993-05-11,6.625,6.625,6.625,6.625,6.625,0
1993-05-12,6.625,6.625,6.625,6.625,6.625,0
1993-05-13,6.625,6.625,6.625,6.625,6.625,0
1993-05-14,6.625,6.625,6.625,6.625,6.625,0
1993-05-17,6.625,6.625,6.625,6.625,6.625,0
1993-05-18,6.625,6.625,6.625,6.625,6.625,0
1993-05-19,6.625,6.625,6.625,6.625,6.625,0
1993-05-20,6.625,6.625,6.625,6.625,6.625,0
1993-05-21,6.625,6.625,6.625,6.625,6.625,0
1993-05-24,6.375,6.375,6.25,6.375,6.375,10600
1993-05-25,6.375,6.375,6.375,6.375,6.375,0
1993-05-26,6.0,6.25,6.0,6.0,6.0,19500
1993-05-27,6.5,6.5,4.75,4.75,4.75,177000
1993-05-28,5.75,7.25,5.75,7.25,7.25,5200
1993-06-01,7.25,7.25,7.25,7.25,7.25,1100
1993-06-02,7.25,7.625,7.0,7.625,7.625,8100
1993-06-03,7.0,7.0,7.0,7.0,7.0,1000
1993-06-04,7.5,7.5,7.5,7.5,7.5,500
1993-06-07,7.5,7.5,7.5,7.5,7.5,0
1993-06-08,7.5,7.5,7.5,7.5,7.5,0
1993-06-09,7.75,7.75,7.75,7.75,7.75,300
1993-06-10,7.75,7.75,7.75,7.75,7.75,0
1993-06-11,7.75,7.75,7.75,7.75,7.75,100
1993-06-14,7.75,7.75,7.75,7.75,7.75,0
1993-06-15,7.0,7.0,7.0,7.0,7.0,100
1993-06-16,6.25,6.25,6.25,6.25,6.25,100
1993-06-17,6.25,6.25,6.25,6.25,6.25,0
1993-06-18,6.25,6.25,6.25,6.25,6.25,1300
1993-06-21,7.75,7.75,7.75,7.75,7.75,200
1993-06-22,6.875,7.0,6.875,7.0,7.0,3000
1993-06-23,7.0,7.0,7.0,7.0,7.0,0
1993-06-24,7.0,7.0,7.0,7.0,7.0,0
1993-06-25,7.0,7.0,7.0,7.0,7.0,0
1993-06-28,7.75,7.75,7.75,7.75,7.75,200
1993-06-29,7.75,7.75,7.75,7.75,7.75,200
1993-06-30,7.75,7.75,7.75,7.75,7.75,0
1993-07-01,7.75,7.75,7.75,7.75,7.75,0
1993-07-02,7.75,7.75,6.5,6.5,6.5,300
1993-07-06,7.75,7.75,7.75,7.75,7.75,200
1993-07-07,7.75,7.75,7.75,7.75,7.75,0
1993-07-08,7.75,7.75,7.75,7.75,7.75,100
1993-07-09,7.75,7.75,7.75,7.75,7.75,0
1993-07-12,7.75,7.75,7.75,7.75,7.75,0
1993-07-13,7.75,7.75,7.75,7.75,7.75,0
1993-07-14,7.75,7.75,7.75,7.75,7.75,0
1993-07-15,7.75,7.75,7.75,7.75,7.75,0
1993-07-16,7.75,7.75,7.75,7.75,7.75,0
1993-07-19,6.25,7.0,6.25,6.25,6.25,2500
1993-07-20,6.75,6.75,6.5,6.5,6.5,2000
1993-07-21,6.5,6.5,6.5,6.5,6.5,0
1993-07-22,6.5,6.5,6.5,6.5,6.5,0
1993-07-23,6.5,6.5,6.5,6.5,6.5,0
1993-07-26,5.75,5.875,5.75,5.875,5.875,70000
1993-07-27,5.875,5.875,5.875,5.875,5.875,0
1993-07-28,5.875,5.875,5.875,5.875,5.875,0
1993-07-29,5.875,5.875,5.875,5.875,5.875,0
1993-07-30,5.625,5.625,5.625,5.625,5.625,500
1993-08-02,5.625,5.625,5.625,5.625,5.625,0
1993-08-03,5.625,5.625,5.625,5.625,5.625,0
1993-08-04,5.625,5.625,5.625,5.625,5.625,0
1993-08-05,5.625,5.625,5.625,5.625,5.625,0
1993-08-06,5.625,5.625,5.625,5.625,5.625,0
1993-08-09,5.625,5.625,5.625,5.625,5.625,0
1993-08-10,5.5,5.5,5.5,5.5,5.5,100
1993-08-11,5.5,5.5,5.5,5.5,5.5,0
1993-08-12,5.5,5.5,5.5,5.5,5.5,0
1993-08-13,5.5,5.5,5.5,5.5,5.5,0
1993-08-16,5.5,5.5,5.5,5.5,5.5,0
1993-08-17,5.5,5.5,5.5,5.5,5.5,0
1993-08-18,5.5,5.5,5.5,5.5,5.5,0
1993-08-19,6.75,6.75,6.75,6.75,6.75,300
1993-08-20,6.75,6.75,6.75,6.75,6.75,0
1993-08-23,6.75,6.75,6.75,6.75,6.75,0
1993-08-24,6.75,6.75,6.75,6.75,6.75,0
1993-08-25,7.0,7.0,7.0,7.0,7.0,100
1993-08-26,7.0,7.0,7.0,7.0,7.0,0
1993-08-27,6.375,6.375,6.25,6.375,6.375,254600
1993-08-30,5.75,5.75,5.75,5.75,5.75,100
1993-08-31,7.25,7.25,7.0,7.0,7.0,3100
1993-09-01,6.625,6.625,6.625,6.625,6.625,100
1993-09-02,7.0,7.0,7.0,7.0,7.0,11900
1993-09-03,7.0,7.0,7.0,7.0,7.0,0
1993-09-07,7.0,7.0,7.0,7.0,7.0,0
1993-09-08,7.0,7.0,7.0,7.0,7.0,0
1993-09-09,7.25,7.25,7.25,7.25,7.25,400
1993-09-10,7.25,7.25,7.25,7.25,7.25,0
1993-09-13,7.25,7.25,7.25,7.25,7.25,0
1993-09-14,7.25,7.25,7.25,7.25,7.25,0
1993-09-15,7.25,7.25,7.25,7.25,7.25,0
1993-09-16,7.25,7.25,7.25,7.25,7.25,0
1993-09-17,7.25,7.25,7.25,7.25,7.25,0
1993-09-20,6.0,6.0,6.0,6.0,6.0,200
1993-09-21,6.0,6.0,6.0,6.0,6.0,0
1993-09-22,6.0,6.0,6.0,6.0,6.0,100
1993-09-23,6.0,6.0,6.0,6.0,6.0,0
1993-09-24,6.0,6.0,6.0,6.0,6.0,0
1993-09-27,6.0,6.0,6.0,6.0,6.0,0
1993-09-28,6.0,6.0,6.0,6.0,6.0,0
1993-09-29,6.0,6.0,6.0,6.0,6.0,100
1993-09-30,6.0,6.0,6.0,6.0,6.0,0
1993-10-01,6.0,6.0,6.0,6.0,6.0,0
1993-10-04,6.0,6.0,6.0,6.0,6.0,300
1993-10-05,6.0,6.0,6.0,6.0,6.0,0
1993-10-06,6.0,6.0,6.0,6.0,6.0,0
1993-10-07,6.75,6.75,6.25,6.25,6.25,2200
1993-10-08,6.25,6.25,6.25,6.25,6.25,0
1993-10-11,6.25,6.25,6.25,6.25,6.25,0
1993-10-12,6.25,6.25,6.25,6.25,6.25,0
1993-10-13,6.25,6.25,6.25,6.25,6.25,300
1993-10-14,6.25,6.25,6.25,6.25,6.25,0
1993-10-15,6.25,6.25,6.25,6.25,6.25,0
1993-10-18,6.25,6.25,6.25,6.25,6.25,0
1993-10-19,6.25,6.25,6.25,6.25,6.25,0
1993-10-20,6.25,6.25,6.25,6.25,6.25,0
1993-10-21,6.25,6.25,6.25,6.25,6.25,0
1993-10-22,6.25,6.25,6.25,6.25,6.25,0
1993-10-25,6.25,6.25,6.25,6.25,6.25,0
1993-10-26,6.25,6.25,6.25,6.25,6.25,0
1993-10-27,6.25,6.25,6.25,6.25,6.25,0
1993-10-28,6.25,6.25,6.25,6.25,6.25,0
1993-10-29,6.25,6.25,6.25,6.25,6.25,0
1993-11-01,7.5,7.5,7.5,7.5,7.5,500
1993-11-02,7.5,7.5,7.5,7.5,7.5,600
1993-11-03,7.5,7.5,7.5,7.5,7.5,0
1993-11-04,7.5,7.5,7.5,7.5,7.5,0
1993-11-05,7.5,7.5,7.5,7.5,7.5,0
1993-11-08,7.5,7.5,7.5,7.5,7.5,0
1993-11-09,7.5,7.5,7.5,7.5,7.5,0
1993-11-10,7.5,7.5,7.5,7.5,7.5,0
1993-11-11,7.5,7.5,7.5,7.5,7.5,100
1993-11-12,7.5,7.5,7.5,7.5,7.5,0
1993-11-15,7.5,7.5,7.5,7.5,7.5,0
1993-11-16,7.5,7.5,7.5,7.5,7.5,0
1993-11-17,7.5,7.5,7.5,7.5,7.5,0
1993-11-18,7.5,7.5,7.5,7.5,7.5,0
1993-11-19,7.5,7.5,7.5,7.5,7.5,0
1993-11-22,7.5,7.5,7.5,7.5,7.5,0
1993-11-23,7.5,7.5,7.5,7.5,7.5,0
1993-11-24,7.5,7.5,7.5,7.5,7.5,0
1993-11-26,7.5,7.5,7.5,7.5,7.5,0
1993-11-29,7.5,7.5,7.5,7.5,7.5,0
1993-11-30,6.25,6.25,6.25,6.25,6.25,100
1993-12-01,6.25,6.25,6.25,6.25,6.25,0
1993-12-02,6.25,6.25,6.25,6.25,6.25,0
1993-12-03,6.25,6.25,6.25,6.25,6.25,0
1993-12-06,6.25,6.25,6.25,6.25,6.25,0
1993-12-07,6.25,6.25,6.25,6.25,6.25,0
1993-12-08,6.25,6.25,6.25,6.25,6.25,0
1993-12-09,6.25,6.25,6.25,6.25,6.25,0
1993-12-10,6.25,6.25,6.25,6.25,6.25,300
1993-12-13,6.25,6.25,6.25,6.25,6.25,0
1993-12-14,6.25,6.25,6.25,6.25,6.25,200
1993-12-15,6.25,6.25,6.25,6.25,6.25,1000
1993-12-16,6.25,6.25,6.25,6.25,6.25,0
1993-12-17,6.25,6.25,6.25,6.25,6.25,0
1993-12-20,6.25,6.25,6.25,6.25,6.25,0
1993-12-21,6.25,6.25,6.25,6.25,6.25,3500
1993-12-22,6.25,6.25,6.25,6.25,6.25,0
1993-12-23,6.25,6.25,6.25,6.25,6.25,0
1993-12-27,6.25,6.25,6.25,6.25,6.25,3500
1993-12-28,6.25,6.25,6.25,6.25,6.25,0
1993-12-29,6.25,6.25,6.25,6.25,6.25,400
1993-12-30,6.25,6.25,6.25,6.25,6.25,0
1993-12-31,6.25,6.25,6.25,6.25,6.25,0
1994-01-03,6.25,6.25,6.25,6.25,6.25,0
1994-01-04,6.25,6.25,6.25,6.25,6.25,0
1994-01-05,6.25,6.25,6.25,6.25,6.25,0
1994-01-06,6.25,6.25,6.25,6.25,6.25,0
1994-01-07,6.25,6.25,6.25,6.25,6.25,0
1994-01-10,6.25,6.25,6.25,6.25,6.25,0
1994-01-11,6.25,6.25,6.25,6.25,6.25,0
1994-01-12,6.25,6.25,6.25,6.25,6.25,200
1994-01-13,7.5,7.5,7.5,7.5,7.5,100
1994-01-14,7.5,7.5,7.5,7.5,7.5,0
1994-01-17,7.5,7.5,7.5,7.5,7.5,0
1994-01-18,7.5,7.5,7.5,7.5,7.5,0
1994-01-19,7.5,7.5,7.5,7.5,7.5,0
1994-01-20,7.5,7.5,7.5,7.5,7.5,0
1994-01-21,7.5,7.5,7.5,7.5,7.5,0
1994-01-24,7.5,7.5,7.5,7.5,7.5,100
1994-01-25,6.375,6.375,6.375,6.375,6.375,4000
1994-01-26,6.375,6.375,6.375,6.375,6.375,0
1994-01-27,6.375,6.375,6.375,6.375,6.375,0
1994-01-28,6.375,6.375,6.375,6.375,6.375,0
1994-01-31,6.25,6.25,6.25,6.25,6.25,200
1994-02-01,6.25,6.25,6.25,6.25,6.25,0
1994-02-02,6.25,6.25,6.25,6.25,6.25,0
1994-02-03,6.25,6.25,6.25,6.25,6.25,0
1994-02-04,6.25,6.25,6.25,6.25,6.25,0
1994-02-07,6.25,6.25,6.25,6.25,6.25,0
1994-02-08,6.25,6.25,6.25,6.25,6.25,0
1994-02-09,6.25,6.25,6.25,6.25,6.25,100
1994-02-10,6.25,6.25,6.25,6.25,6.25,0
1994-02-11,6.25,6.25,6.25,6.25,6.25,0
1994-02-14,6.25,6.25,6.25,6.25,6.25,0
1994-02-15,6.25,6.25,6.25,6.25,6.25,0
1994-02-16,6.25,6.25,6.25,6.25,6.25,0
1994-02-17,6.25,6.25,6.25,6.25,6.25,0
1994-02-18,6.25,6.25,6.25,6.25,6.25,0
1994-02-22,6.25,6.25,6.25,6.25,6.25,0
1994-02-23,6.25,6.25,6.25,6.25,6.25,0
1994-02-24,6.25,6.25,6.25,6.25,6.25,0
1994-02-25,6.25,6.25,6.25,6.25,6.25,0
1994-02-28,6.25,6.25,6.25,6.25,6.25,0
1994-03-01,6.25,6.25,6.25,6.25,6.25,0
1994-03-02,6.25,6.25,6.25,6.25,6.25,0
1994-03-03,6.25,6.25,6.25,6.25,6.25,0
1994-03-04,6.25,6.25,6.25,6.25,6.25,0
1994-03-07,6.25,6.25,6.25,6.25,6.25,0
1994-03-08,6.25,6.25,6.25,6.25,6.25,0
1994-03-09,6.25,6.25,6.25,6.25,6.25,0
1994-03-10,6.25,6.25,6.25,6.25,6.25,100
1994-03-11,6.25,6.25,6.25,6.25,6.25,0
1994-03-14,6.25,6.25,6.25,6.25,6.25,0
1994-03-15,6.25,6.25,6.25,6.25,6.25,0
1994-03-16,6.25,6.25,6.25,6.25,6.25,0
1994-03-17,6.25,6.25,6.25,6.25,6.25,0
1994-03-18,6.25,6.25,6.25,6.25,6.25,0
1994-03-21,7.0,7.0,7.0,7.0,7.0,100
1994-03-22,7.0,7.0,7.0,7.0,7.0,0
1994-03-23,7.0,7.0,7.0,7.0,7.0,0
1994-03-24,7.0,7.0,7.0,7.0,7.0,0
1994-03-25,7.0,7.0,7.0,7.0,7.0,0
1994-03-28,7.0,7.0,7.0,7.0,7.0,0
1994-03-29,7.0,7.0,7.0,7.0,7.0,0
1994-03-30,7.0,7.0,7.0,7.0,7.0,0
1994-03-31,7.0,7.0,7.0,7.0,7.0,0
1994-04-04,7.0,7.0,7.0,7.0,7.0,0
1994-04-05,7.0,7.0,7.0,7.0,7.0,0
1994-04-06,7.0,7.0,7.0,7.0,7.0,0
1994-04-07,7.0,7.0,7.0,7.0,7.0,0
1994-04-08,7.0,7.0,7.0,7.0,7.0,0
1994-04-11,7.0,7.0,7.0,7.0,7.0,0
1994-04-12,7.0,7.0,7.0,7.0,7.0,0
1994-04-13,7.0,7.0,7.0,7.0,7.0,0
1994-04-14,7.0,7.0,7.0,7.0,7.0,0
1994-04-15,6.25,6.25,6.25,6.25,6.25,2900
1994-04-18,6.25,6.25,6.25,6.25,6.25,0
1994-04-19,6.25,6.25,6.25,6.25,6.25,0
1994-04-20,7.25,7.25,7.25,7.25,7.25,1500
1994-04-21,7.25,7.25,7.25,7.25,7.25,0
1994-04-22,7.25,7.25,7.25,7.25,7.25,0
1994-04-25,7.25,7.25,7.25,7.25,7.25,0
1994-04-26,7.25,7.25,7.25,7.25,7.25,0
1994-04-28,7.25,7.25,7.25,7.25,7.25,0
1994-04-29,7.25,7.25,7.25,7.25,7.25,0
1994-05-02,7.25,7.25,7.25,7.25,7.25,0
1994-05-03,7.25,7.25,7.25,7.25,7.25,0
1994-05-04,7.25,7.25,7.25,7.25,7.25,0
1994-05-05,6.75,6.75,6.75,6.75,6.75,2500
1994-05-06,6.75,6.75,6.75,6.75,6.75,0
1994-05-09,6.75,6.75,6.75,6.75,6.75,0
1994-05-10,7.5,7.5,7.5,7.5,7.5,4000
1994-05-11,7.5,7.5,7.5,7.5,7.5,0
1994-05-12,7.5,7.5,7.5,7.5,7.5,0
1994-05-13,7.5,7.5,7.5,7.5,7.5,0
1994-05-16,7.5,7.5,7.5,7.5,7.5,0
1994-05-17,7.5,7.5,7.5,7.5,7.5,0
1994-05-18,7.5,7.5,7.5,7.5,7.5,0
1994-05-19,7.5,7.5,7.5,7.5,7.5,0
1994-05-20,7.5,7.5,7.5,7.5,7.5,0
1994-05-23,7.5,7.5,7.5,7.5,7.5,0
1994-05-24,7.5,7.5,7.5,7.5,7.5,0
1994-05-25,7.5,7.5,7.5,7.5,7.5,0
1994-05-26,7.5,7.5,7.5,7.5,7.5,0
1994-05-27,7.5,7.5,7.5,7.5,7.5,0
1994-05-31,7.5,7.5,7.5,7.5,7.5,0
1994-06-01,7.5,7.5,7.5,7.5,7.5,0
1994-06-02,7.5,7.5,7.5,7.5,7.5,0
1994-06-03,7.5,7.5,7.5,7.5,7.5,0
1994-06-06,7.5,7.5,7.5,7.5,7.5,0
1994-06-07,7.5,7.5,7.5,7.5,7.5,0
1994-06-08,6.5,6.625,6.5,6.625,6.625,7000
1994-06-09,6.5,6.75,6.5,6.75,6.75,7400
1994-06-10,6.75,6.75,6.75,6.75,6.75,0
1994-06-13,6.75,6.75,6.75,6.75,6.75,0
1994-06-14,6.75,6.75,6.75,6.75,6.75,0
1994-06-15,6.75,6.75,6.75,6.75,6.75,0
1994-06-16,6.75,6.75,6.75,6.75,6.75,0
1994-06-17,6.75,6.75,6.75,6.75,6.75,0
1994-06-20,6.75,6.75,6.75,6.75,6.75,0
1994-06-21,6.75,6.75,6.75,6.75,6.75,0
1994-06-22,6.75,6.75,6.75,6.75,6.75,0
1994-06-23,6.5,6.5,6.5,6.5,6.5,500
1994-06-24,6.5,6.5,6.5,6.5,6.5,0
1994-06-27,6.5,6.5,6.5,6.5,6.5,0
1994-06-28,6.5,6.5,6.5,6.5,6.5,0
1994-06-29,6.5,6.5,6.5,6.5,6.5,0
1994-06-30,6.5,6.5,6.5,6.5,6.5,0
1994-07-01,6.5,6.5,6.5,6.5,6.5,0
1994-07-05,6.5,6.5,6.5,6.5,6.5,0
1994-07-06,6.5,6.5,6.5,6.5,6.5,0
1994-07-07,6.5,6.5,6.5,6.5,6.5,0
1994-07-08,6.5,6.5,6.5,6.5,6.5,0
1994-07-11,6.5,6.5,6.5,6.5,6.5,0
1994-07-12,6.5,6.5,6.5,6.5,6.5,0
1994-07-13,6.5,6.5,6.5,6.5,6.5,200
1994-07-14,6.5,6.5,6.5,6.5,6.5,0
1994-07-15,6.5,6.5,6.5,6.5,6.5,0
1994-07-18,7.75,7.75,7.75,7.75,7.75,1700
1994-07-19,7.375,7.375,7.375,7.375,7.375,1300
1994-07-20,7.375,7.375,7.375,7.375,7.375,0
1994-07-21,7.375,7.375,7.375,7.375,7.375,0
1994-07-22,7.375,7.375,7.375,7.375,7.375,0
1994-07-25,7.375,7.375,7.375,7.375,7.375,0
1994-07-26,6.5625,6.5625,6.5625,6.5625,6.5625,200
1994-07-27,6.5625,6.5625,6.5625,6.5625,6.5625,0
1994-07-28,6.5625,6.5625,6.5625,6.5625,6.5625,0
1994-07-29,6.5625,6.5625,6.5625,6.5625,6.5625,0
1994-08-01,6.5625,6.5625,6.5625,6.5625,6.5625,0
1994-08-02,6.5625,6.5625,6.5625,6.5625,6.5625,0
1994-08-03,6.5625,6.5625,6.5625,6.5625,6.5625,0
1994-08-04,6.5625,6.5625,6.5625,6.5625,6.5625,0
1994-08-05,6.5625,6.5625,6.5625,6.5625,6.5625,0
1994-08-08,6.5625,6.5625,6.5625,6.5625,6.5625,0
1994-08-09,6.5625,6.5625,6.5625,6.5625,6.5625,0
1994-08-10,6.5625,6.5625,6.5625,6.5625,6.5625,0
1994-08-11,6.5625,6.5625,6.5625,6.5625,6.5625,0
1994-08-12,7.0,7.0,7.0,7.0,7.0,1000
1994-08-15,7.0,7.0,7.0,7.0,7.0,0
1994-08-16,7.0,7.0,7.0,7.0,7.0,1000
1994-08-17,7.0,7.0,7.0,7.0,7.0,0
1994-08-18,7.0,7.0,7.0,7.0,7.0,0
1994-08-19,7.0,7.0,7.0,7.0,7.0,0
1994-08-22,7.375,7.375,7.375,7.375,7.375,500
1994-08-23,7.375,7.375,7.375,7.375,7.375,0
1994-08-24,7.375,7.375,7.375,7.375,7.375,0
1994-08-25,7.375,7.375,7.375,7.375,7.375,0
1994-08-26,7.375,7.375,7.375,7.375,7.375,0
1994-08-29,7.375,7.375,7.375,7.375,7.375,0
1994-08-30,7.375,7.375,7.375,7.375,7.375,0
1994-08-31,7.375,7.375,7.375,7.375,7.375,0
1994-09-01,7.375,7.375,7.375,7.375,7.375,0
1994-09-02,7.375,7.375,7.375,7.375,7.375,0
1994-09-06,7.375,7.375,7.0,7.375,7.375,700
1994-09-07,7.375,7.375,7.375,7.375,7.375,0
1994-09-08,7.375,7.375,7.375,7.375,7.375,0
1994-09-09,7.375,7.375,7.375,7.375,7.375,0
1994-09-12,7.375,7.375,7.375,7.375,7.375,0
1994-09-13,7.375,7.375,7.375,7.375,7.375,0
1994-09-14,7.375,7.375,7.375,7.375,7.375,0
1994-09-15,7.375,7.375,7.375,7.375,7.375,0
1994-09-16,7.375,7.375,7.375,7.375,7.375,0
1994-09-19,7.375,7.375,7.375,7.375,7.375,0
1994-09-20,7.375,7.375,7.375,7.375,7.375,0
1994-09-21,7.375,7.375,7.375,7.375,7.375,0
1994-09-22,7.375,7.375,7.375,7.375,7.375,0
1994-09-23,7.375,7.375,7.375,7.375,7.375,0
1994-09-26,7.375,7.375,7.375,7.375,7.375,0
1994-09-27,7.375,7.375,7.375,7.375,7.375,0
1994-09-28,7.375,7.375,7.375,7.375,7.375,0
1994-09-29,7.375,7.375,7.375,7.375,7.375,0
1994-09-30,7.375,7.375,7.375,7.375,7.375,0
1994-10-03,7.375,7.375,7.375,7.375,7.375,0
1994-10-04,7.375,7.375,7.375,7.375,7.375,0
1994-10-05,7.375,7.375,7.375,7.375,7.375,0
1994-10-06,7.375,7.375,7.375,7.375,7.375,0
1994-10-07,7.375,7.375,7.375,7.375,7.375,0
1994-10-10,7.375,7.375,7.375,7.375,7.375,0
1994-10-11,7.375,7.375,7.375,7.375,7.375,0
1994-10-12,7.375,7.375,7.375,7.375,7.375,0
1994-10-13,7.375,7.375,7.375,7.375,7.375,0
1994-10-14,7.375,7.375,7.375,7.375,7.375,500
1994-10-17,7.375,7.375,7.375,7.375,7.375,0
1994-10-18,7.375,7.375,7.375,7.375,7.375,0
1994-10-19,7.375,7.375,7.375,7.375,7.375,0
1994-10-20,7.375,7.375,7.375,7.375,7.375,0
1994-10-21,7.375,7.375,7.375,7.375,7.375,0
1994-10-24,7.375,7.375,7.375,7.375,7.375,0
1994-10-25,7.375,7.375,7.375,7.375,7.375,0
1994-10-26,7.375,7.375,7.375,7.375,7.375,0
1994-10-27,6.75,6.75,6.75,6.75,6.75,300
1994-10-28,6.75,6.75,6.75,6.75,6.75,0
1994-10-31,6.75,6.75,6.75,6.75,6.75,0
1994-11-01,6.75,6.75,6.75,6.75,6.75,100
1994-11-02,6.75,6.75,6.75,6.75,6.75,0
1994-11-03,6.75,6.75,6.75,6.75,6.75,100
1994-11-04,6.75,6.75,6.75,6.75,6.75,0
1994-11-07,6.75,6.75,6.75,6.75,6.75,0
1994-11-08,6.75,6.75,6.75,6.75,6.75,0
1994-11-09,6.75,6.75,6.75,6.75,6.75,0
1994-11-10,6.75,6.75,6.75,6.75,6.75,0
1994-11-11,6.75,6.75,6.75,6.75,6.75,0
1994-11-14,6.75,6.75,6.75,6.75,6.75,0
1994-11-15,6.75,6.75,6.75,6.75,6.75,0
1994-11-16,6.75,6.75,6.75,6.75,6.75,0
1994-11-17,6.75,6.75,6.75,6.75,6.75,0
1994-11-18,6.75,6.75,6.75,6.75,6.75,0
1994-11-21,6.75,6.75,6.75,6.75,6.75,0
1994-11-22,6.75,6.75,6.75,6.75,6.75,0
1994-11-23,6.75,6.75,6.75,6.75,6.75,0
1994-11-25,6.75,6.75,6.75,6.75,6.75,0
1994-11-28,6.75,6.75,6.75,6.75,6.75,0
1994-11-29,6.75,6.75,6.75,6.75,6.75,200
1994-11-30,6.75,6.75,6.75,6.75,6.75,0
1994-12-01,6.75,6.75,6.75,6.75,6.75,0
1994-12-02,6.75,6.75,6.75,6.75,6.75,0
1994-12-05,6.75,6.75,6.75,6.75,6.75,0
1994-12-06,6.75,6.75,6.75,6.75,6.75,0
1994-12-07,6.75,6.75,6.75,6.75,6.75,100
1994-12-08,6.75,6.75,6.75,6.75,6.75,0
1994-12-09,6.75,6.75,6.75,6.75,6.75,0
1994-12-12,6.75,6.75,6.75,6.75,6.75,0
1994-12-13,6.75,6.75,6.75,6.75,6.75,0
1994-12-14,6.75,6.75,6.75,6.75,6.75,0
1994-12-15,6.75,6.75,6.75,6.75,6.75,0
1994-12-16,6.75,6.75,6.75,6.75,6.75,0
1994-12-19,6.75,6.75,6.75,6.75,6.75,0
1994-12-20,6.75,6.75,6.75,6.75,6.75,0
1994-12-21,6.75,6.75,6.75,6.75,6.75,100
1994-12-22,6.75,6.75,6.75,6.75,6.75,0
1994-12-23,6.75,6.75,6.75,6.75,6.75,0
1994-12-27,6.75,6.75,6.75,6.75,6.75,0
1994-12-28,6.75,6.75,6.5,6.75,6.75,500
1994-12-29,6.75,6.75,6.75,6.75,6.75,0
1994-12-30,6.75,6.75,6.75,6.75,6.75,0
1995-01-03,6.75,6.75,6.75,6.75,6.75,0
1995-01-04,6.75,6.75,6.75,6.75,6.75,0
1995-01-05,6.75,6.75,6.75,6.75,6.75,0
1995-01-06,6.75,6.75,6.75,6.75,6.75,0
1995-01-09,6.75,6.75,6.75,6.75,6.75,0
1995-01-10,6.75,6.75,6.75,6.75,6.75,0
1995-01-11,6.75,6.75,6.75,6.75,6.75,0
1995-01-12,6.75,6.75,6.75,6.75,6.75,0
1995-01-13,6.75,6.75,6.75,6.75,6.75,0
1995-01-16,6.75,6.75,6.75,6.75,6.75,0
1995-01-17,6.75,6.75,6.75,6.75,6.75,0
1995-01-18,7.5,7.5,7.5,7.5,7.5,200
1995-01-19,7.5,7.5,7.5,7.5,7.5,200
1995-01-20,7.5,7.5,7.5,7.5,7.5,0
1995-01-23,7.5,7.5,7.5,7.5,7.5,0
1995-01-24,7.5,7.5,7.5,7.5,7.5,0
1995-01-25,7.5,7.5,7.5,7.5,7.5,0
1995-01-26,7.5,7.5,7.5,7.5,7.5,0
1995-01-27,7.5,7.5,7.5,7.5,7.5,0
1995-01-30,7.5,7.5,7.5,7.5,7.5,0
1995-01-31,7.5,7.5,7.5,7.5,7.5,0
1995-02-01,6.0,6.0,6.0,6.0,6.0,3200
1995-02-02,6.625,6.625,6.625,6.625,6.625,1000
1995-02-03,6.625,6.625,6.625,6.625,6.625,0
1995-02-06,6.625,6.625,6.625,6.625,6.625,0
1995-02-07,6.625,6.625,6.625,6.625,6.625,0
1995-02-08,6.625,6.625,6.625,6.625,6.625,0
1995-02-09,6.625,6.625,6.625,6.625,6.625,0
1995-02-10,5.5,5.5,5.5,5.5,5.5,100
1995-02-13,5.5,5.5,5.5,5.5,5.5,0
1995-02-14,5.5,5.5,5.5,5.5,5.5,0
1995-02-15,5.5,5.5,5.5,5.5,5.5,0
1995-02-16,5.5,5.5,5.5,5.5,5.5,0
1995-02-17,5.5,5.5,5.5,5.5,5.5,0
1995-02-21,5.5,5.5,5.5,5.5,5.5,0
1995-02-22,5.5,5.5,5.5,5.5,5.5,0
1995-02-23,5.5,5.5,5.5,5.5,5.5,0
1995-02-24,5.5,5.5,5.5,5.5,5.5,0
1995-02-27,5.5,5.5,5.5,5.5,5.5,0
1995-02-28,5.5,5.5,5.5,5.5,5.5,0
1995-03-01,5.5,5.5,5.5,5.5,5.5,0
1995-03-02,5.5,5.5,5.5,5.5,5.5,0
1995-03-03,5.5,5.5,5.5,5.5,5.5,200
1995-03-06,5.5,5.5,5.5,5.5,5.5,200
1995-03-07,5.5,5.5,5.5,5.5,5.5,0
1995-03-08,5.5,5.5,5.5,5.5,5.5,200
1995-03-09,5.5,5.5,5.5,5.5,5.5,100
1995-03-10,5.5,5.5,5.5,5.5,5.5,0
1995-03-13,5.5,5.5,5.5,5.5,5.5,0
1995-03-14,6.125,6.125,6.125,6.125,6.125,3200
1995-03-15,6.125,6.125,6.125,6.125,6.125,0
1995-03-16,6.125,6.125,6.125,6.125,6.125,0
1995-03-17,6.125,6.125,6.125,6.125,6.125,0
1995-03-20,6.125,6.125,6.125,6.125,6.125,0
1995-03-21,6.125,6.125,6.125,6.125,6.125,0
1995-03-22,6.125,6.125,6.125,6.125,6.125,0
1995-03-23,6.25,6.25,6.25,6.25,6.25,200
1995-03-24,7.0,7.0,7.0,7.0,7.0,200
1995-03-27,7.0,7.0,7.0,7.0,7.0,0
1995-03-28,7.0,7.0,7.0,7.0,7.0,0
1995-03-29,7.0,7.0,7.0,7.0,7.0,0
1995-03-30,7.0,7.0,7.0,7.0,7.0,0
1995-03-31,7.0,7.0,7.0,7.0,7.0,0
1995-04-03,7.0,7.0,7.0,7.0,7.0,0
1995-04-04,7.0,7.0,7.0,7.0,7.0,0
1995-04-05,7.0,7.0,7.0,7.0,7.0,0
1995-04-06,7.0,7.0,7.0,7.0,7.0,0
1995-04-07,7.0,7.0,7.0,7.0,7.0,0
1995-04-10,7.0,7.0,7.0,7.0,7.0,0
1995-04-11,7.0,7.0,7.0,7.0,7.0,0
1995-04-12,5.5,5.5,5.5,5.5,5.5,100
1995-04-13,5.5,5.5,5.5,5.5,5.5,0
1995-04-17,5.5,5.5,5.5,5.5,5.5,0
1995-04-18,5.5,5.5,5.5,5.5,5.5,0
1995-04-19,5.5,5.5,5.5,5.5,5.5,0
1995-04-20,5.5,5.5,5.5,5.5,5.5,0
1995-04-21,5.5,5.5,5.5,5.5,5.5,0
1995-04-24,5.5,5.5,5.5,5.5,5.5,0
1995-04-25,5.5,5.5,5.5,5.5,5.5,0
1995-04-26,5.5,5.5,5.5,5.5,5.5,0
1995-04-27,5.5,5.5,5.5,5.5,5.5,100
1995-04-28,5.5,5.5,5.5,5.5,5.5,0
1995-05-01,5.5,5.5,5.5,5.5,5.5,0
1995-05-02,5.5,5.5,5.5,5.5,5.5,0
1995-05-03,5.5,5.5,5.5,5.5,5.5,0
1995-05-04,5.5,5.5,5.5,5.5,5.5,0
1995-05-05,5.5,5.5,5.5,5.5,5.5,0
1995-05-08,5.5,5.5,5.5,5.5,5.5,0
1995-05-09,5.5,5.5,5.5,5.5,5.5,0
1995-05-10,5.5,5.5,5.5,5.5,5.5,0
1995-05-11,5.5,5.5,5.5,5.5,5.5,0
1995-05-12,5.5,5.5,5.5,5.5,5.5,0
1995-05-15,5.5,5.5,5.5,5.5,5.5,0
1995-05-16,5.5,5.5,5.5,5.5,5.5,0
1995-05-17,5.5,5.5,5.5,5.5,5.5,0
1995-05-18,5.5,5.5,5.5,5.5,5.5,0
1995-05-19,6.0,6.0,6.0,6.0,6.0,94000
1995-05-22,6.0,6.0,6.0,6.0,6.0,0
1995-05-23,6.0,6.0,6.0,6.0,6.0,0
1995-05-24,6.0,6.0,6.0,6.0,6.0,0
1995-05-25,6.0,6.0,6.0,6.0,6.0,0
1995-05-26,6.0,6.0,6.0,6.0,6.0,0
1995-05-30,6.0,6.0,6.0,6.0,6.0,0
1995-05-31,6.0,6.0,6.0,6.0,6.0,0
1995-06-01,6.0,6.0,6.0,6.0,6.0,0
1995-06-02,6.0,6.0,6.0,6.0,6.0,0
1995-06-05,6.0,6.0,6.0,6.0,6.0,0
1995-06-06,6.0,6.0,6.0,6.0,6.0,0
1995-06-07,6.0,6.0,6.0,6.0,6.0,0
1995-06-08,6.0,6.0,6.0,6.0,6.0,0
1995-06-09,6.0,6.0,6.0,6.0,6.0,0
1995-06-12,6.0,6.0,6.0,6.0,6.0,0
1995-06-13,5.5,5.625,5.5,5.625,5.625,20000
1995-06-14,5.625,5.625,5.625,5.625,5.625,0
1995-06-15,5.625,5.625,5.625,5.625,5.625,0
1995-06-16,5.625,5.625,5.625,5.625,5.625,0
1995-06-19,5.625,5.625,5.625,5.625,5.625,0
1995-06-20,5.625,5.625,5.625,5.625,5.625,0
1995-06-21,5.625,5.625,5.625,5.625,5.625,0
1995-06-22,5.625,5.625,5.625,5.625,5.625,0
1995-06-23,5.625,5.625,5.625,5.625,5.625,0
1995-06-26,5.625,5.625,5.625,5.625,5.625,15000
1995-06-27,5.625,5.625,5.625,5.625,5.625,0
1995-06-28,5.625,5.625,5.625,5.625,5.625,0
1995-06-29,5.625,5.625,5.625,5.625,5.625,0
1995-06-30,5.625,5.625,5.625,5.625,5.625,0
1995-07-03,5.625,5.625,5.625,5.625,5.625,0
1995-07-05,5.625,5.625,5.625,5.625,5.625,0
1995-07-06,5.625,5.625,5.625,5.625,5.625,0
1995-07-07,5.625,5.625,5.625,5.625,5.625,0
1995-07-10,5.625,5.625,5.625,5.625,5.625,0
1995-07-11,5.625,5.625,5.625,5.625,5.625,0
1995-07-12,5.625,5.625,5.625,5.625,5.625,0
1995-07-13,5.625,5.625,5.625,5.625,5.625,0
1995-07-14,5.625,5.625,5.625,5.625,5.625,0
1995-07-17,5.625,5.625,5.625,5.625,5.625,0
1995-07-18,5.625,5.625,5.625,5.625,5.625,0
1995-07-19,5.625,5.625,5.625,5.625,5.625,0
1995-07-20,5.625,5.625,5.625,5.625,5.625,0
1995-07-21,5.625,5.625,5.625,5.625,5.625,0
1995-07-24,5.625,5.625,5.625,5.625,5.625,0
1995-07-25,5.625,5.625,5.625,5.625,5.625,0
1995-07-26,5.625,5.625,5.625,5.625,5.625,0
1995-07-27,5.625,5.625,5.625,5.625,5.625,0
1995-07-28,6.0,6.75,6.0,6.75,6.75,1200
1995-07-31,7.5,7.5,7.5,7.5,7.5,100
1995-08-01,7.5,7.5,7.5,7.5,7.5,0
1995-08-02,7.5,7.5,7.5,7.5,7.5,0
1995-08-03,7.5,7.5,7.5,7.5,7.5,0
1995-08-04,7.5,7.5,7.5,7.5,7.5,0
1995-08-07,7.5,7.5,7.5,7.5,7.5,0
1995-08-08,7.5,7.5,7.5,7.5,7.5,0
1995-08-09,7.5,7.5,7.5,7.5,7.5,0
1995-08-10,7.5,7.5,7.5,7.5,7.5,0
1995-08-11,7.5,7.5,7.5,7.5,7.5,1000
1995-08-14,7.5,7.5,7.5,7.5,7.5,0
1995-08-15,7.5,7.5,7.5,7.5,7.5,0
1995-08-16,7.5,7.5,7.5,7.5,7.5,0
1995-08-17,7.5,7.5,7.5,7.5,7.5,0
1995-08-18,7.5,7.5,7.5,7.5,7.5,0
1995-08-21,7.5,7.5,7.5,7.5,7.5,0
1995-08-22,7.5,7.5,7.5,7.5,7.5,0
1995-08-23,7.75,7.75,7.75,7.75,7.75,400
1995-08-24,6.25,6.5,6.25,6.5,6.5,400
1995-08-25,6.5,6.5,6.5,6.5,6.5,0
1995-08-28,6.5,6.5,6.5,6.5,6.5,0
1995-08-29,6.5,6.5,6.5,6.5,6.5,0
1995-08-30,6.5,6.5,6.5,6.5,6.5,0
1995-08-31,6.5,6.5,6.5,6.5,6.5,0
1995-09-01,6.5,6.5,6.5,6.5,6.5,0
1995-09-05,6.5,6.5,6.5,6.5,6.5,0
1995-09-06,6.5,6.5,6.5,6.5,6.5,0
1995-09-07,6.5,6.5,6.5,6.5,6.5,0
1995-09-08,6.5,6.5,6.5,6.5,6.5,0
1995-09-11,6.5,6.5,6.5,6.5,6.5,0
1995-09-12,6.5,6.5,6.5,6.5,6.5,0
1995-09-13,6.25,6.25,6.25,6.25,6.25,1300
1995-09-14,6.25,6.25,6.25,6.25,6.25,0
1995-09-15,6.25,6.25,6.25,6.25,6.25,0
1995-09-18,6.25,6.25,6.25,6.25,6.25,0
1995-09-19,6.25,6.25,6.25,6.25,6.25,0
1995-09-20,6.25,6.25,6.25,6.25,6.25,0
1995-09-21,6.25,6.25,6.25,6.25,6.25,0
1995-09-22,6.25,6.25,6.25,6.25,6.25,0
1995-09-25,6.25,6.25,6.25,6.25,6.25,0
1995-09-26,6.25,6.25,6.25,6.25,6.25,0
1995-09-27,6.25,6.25,6.25,6.25,6.25,0
1995-09-28,6.25,6.25,6.25,6.25,6.25,0
1995-09-29,6.25,6.25,6.25,6.25,6.25,0
1995-10-02,5.75,5.75,5.75,5.75,5.75,1700
1995-10-03,5.75,5.75,5.75,5.75,5.75,0
1995-10-04,5.75,5.75,5.75,5.75,5.75,0
1995-10-05,5.75,5.75,5.75,5.75,5.75,0
1995-10-06,5.75,5.75,5.75,5.75,5.75,0
1995-10-09,5.75,5.75,5.75,5.75,5.75,0
1995-10-10,6.625,6.625,6.625,6.625,6.625,1000
1995-10-11,6.625,6.625,6.625,6.625,6.625,0
1995-10-12,6.625,6.625,6.625,6.625,6.625,0
1995-10-13,6.875,6.875,6.875,6.875,6.875,1000
1995-10-16,6.875,6.875,6.875,6.875,6.875,0
1995-10-17,6.875,6.875,6.875,6.875,6.875,0
1995-10-18,6.875,6.875,6.875,6.875,6.875,0
1995-10-19,6.875,6.875,6.875,6.875,6.875,0
1995-10-20,6.875,6.875,6.875,6.875,6.875,0
1995-10-23,6.875,6.875,6.875,6.875,6.875,0
1995-10-24,6.875,6.875,6.875,6.875,6.875,0
1995-10-25,6.375,6.375,6.375,6.375,6.375,100
1995-10-26,6.375,6.375,6.375,6.375,6.375,0
1995-10-27,6.375,6.375,6.375,6.375,6.375,0
1995-10-30,6.25,6.25,6.25,6.25,6.25,100
1995-10-31,6.25,6.25,6.25,6.25,6.25,0
1995-11-01,6.25,6.25,6.25,6.25,6.25,0
1995-11-02,6.25,6.25,6.25,6.25,6.25,0
1995-11-03,6.25,6.25,6.25,6.25,6.25,0
1995-11-06,6.25,6.25,6.25,6.25,6.25,0
1995-11-07,6.25,6.25,6.25,6.25,6.25,0
1995-11-08,6.25,6.25,6.25,6.25,6.25,0
1995-11-09,6.25,6.25,6.25,6.25,6.25,0
1995-11-10,6.25,6.25,6.25,6.25,6.25,0
1995-11-13,6.25,6.25,6.25,6.25,6.25,0
1995-11-14,6.25,6.25,6.25,6.25,6.25,0
1995-11-15,7.5,7.5,7.5,7.5,7.5,2300
1995-11-16,7.5,7.5,7.5,7.5,7.5,0
1995-11-17,7.5,7.5,7.5,7.5,7.5,0
1995-11-20,7.5,7.5,7.5,7.5,7.5,0
1995-11-21,7.5,7.5,7.5,7.5,7.5,0
1995-11-22,6.75,6.75,6.75,6.75,6.75,100
1995-11-24,6.75,6.75,6.75,6.75,6.75,0
1995-11-27,6.75,6.75,6.75,6.75,6.75,0
1995-11-28,6.75,6.75,6.75,6.75,6.75,0
1995-11-29,6.75,6.75,6.75,6.75,6.75,0
1995-11-30,8.0,8.0,8.0,8.0,8.0,1000
1995-12-01,8.0,8.0,8.0,8.0,8.0,0
1995-12-04,8.0,8.0,8.0,8.0,8.0,0
1995-12-05,8.0,8.0,8.0,8.0,8.0,0
1995-12-06,8.0,8.0,8.0,8.0,8.0,0
1995-12-07,8.0,8.0,8.0,8.0,8.0,0
1995-12-08,8.0,8.0,8.0,8.0,8.0,0
1995-12-11,8.0,8.0,8.0,8.0,8.0,0
1995-12-12,6.75,6.75,6.75,6.75,6.75,100
1995-12-13,6.75,6.75,6.75,6.75,6.75,400
1995-12-14,6.75,6.75,6.75,6.75,6.75,0
1995-12-15,6.75,6.75,6.75,6.75,6.75,0
1995-12-18,6.75,6.75,6.75,6.75,6.75,0
1995-12-19,6.75,6.75,6.75,6.75,6.75,0
1995-12-20,6.75,6.75,6.75,6.75,6.75,0
1995-12-21,6.75,6.75,6.75,6.75,6.75,0
1995-12-22,6.75,6.75,6.75,6.75,6.75,300
1995-12-26,6.375,6.375,6.375,6.375,6.375,600
1995-12-27,7.875,7.875,7.25,7.875,7.875,4200
1995-12-28,7.875,7.875,7.875,7.875,7.875,0
1995-12-29,7.5,7.75,7.5,7.6875,7.6875,7500
1996-01-02,7.6875,7.6875,7.6875,7.6875,7.6875,0
1996-01-03,7.6875,7.6875,7.6875,7.6875,7.6875,0
1996-01-04,7.6875,7.6875,7.6875,7.6875,7.6875,0
1996-01-05,7.6875,7.6875,7.6875,7.6875,7.6875,0
1996-01-08,7.6875,7.6875,7.6875,7.6875,7.6875,0
1996-01-09,7.6875,7.6875,7.6875,7.6875,7.6875,0
1996-01-10,7.6875,7.6875,7.6875,7.6875,7.6875,0
1996-01-11,7.6875,7.6875,7.6875,7.6875,7.6875,0
1996-01-12,7.6875,7.6875,7.6875,7.6875,7.6875,0
1996-01-15,7.6875,7.6875,7.6875,7.6875,7.6875,0
1996-01-16,7.6875,7.6875,7.6875,7.6875,7.6875,0
1996-01-17,7.6875,7.6875,7.6875,7.6875,7.6875,0
1996-01-18,7.6875,7.6875,7.6875,7.6875,7.6875,0
1996-01-19,7.6875,7.6875,7.6875,7.6875,7.6875,0
1996-01-22,7.6875,7.6875,7.6875,7.6875,7.6875,0
1996-01-23,7.6875,7.6875,7.6875,7.6875,7.6875,0
1996-01-24,7.6875,7.6875,7.6875,7.6875,7.6875,0
1996-01-25,7.6875,7.6875,7.6875,7.6875,7.6875,0
1996-01-26,7.6875,7.6875,7.6875,7.6875,7.6875,0
1996-01-29,7.6875,7.6875,7.6875,7.6875,7.6875,0
1996-01-30,7.6875,7.6875,7.6875,7.6875,7.6875,0
1996-01-31,7.6875,7.6875,7.6875,7.6875,7.6875,0
1996-02-01,7.6875,7.6875,7.6875,7.6875,7.6875,0
1996-02-02,7.6875,7.6875,7.6875,7.6875,7.6875,0
1996-02-05,7.6875,7.6875,7.6875,7.6875,7.6875,0
1996-02-06,7.6875,7.6875,7.6875,7.6875,7.6875,0
1996-02-07,7.6875,7.6875,7.6875,7.6875,7.6875,0
1996-02-08,7.6875,7.6875,7.6875,7.6875,7.6875,0
1996-02-09,7.6875,7.6875,7.6875,7.6875,7.6875,0
1996-02-12,7.6875,7.6875,7.6875,7.6875,7.6875,0
1996-02-13,7.5,7.5,7.5,7.5,7.5,1000
1996-02-14,7.5,7.5,7.5,7.5,7.5,0
1996-02-15,7.5,7.5,7.5,7.5,7.5,0
1996-02-16,7.5,7.5,7.5,7.5,7.5,0
1996-02-20,7.5,7.5,7.5,7.5,7.5,0
1996-02-21,7.5,7.5,7.5,7.5,7.5,0
1996-02-22,7.5,7.5,7.5,7.5,7.5,0
1996-02-23,7.5,7.5,7.5,7.5,7.5,0
1996-02-26,7.5,7.5,7.5,7.5,7.5,0
1996-02-27,6.9375,6.9375,6.9375,6.9375,6.9375,36800
1996-02-28,6.9375,6.9375,6.9375,6.9375,6.9375,0
1996-02-29,6.9375,6.9375,6.9375,6.9375,6.9375,0
1996-03-01,6.9375,6.9375,6.9375,6.9375,6.9375,0
1996-03-04,6.9375,6.9375,6.9375,6.9375,6.9375,0
1996-03-05,6.9375,6.9375,6.9375,6.9375,6.9375,0
1996-03-06,6.9375,6.9375,6.9375,6.9375,6.9375,0
1996-03-07,6.9375,6.9375,6.9375,6.9375,6.9375,0
1996-03-08,6.9375,6.9375,6.9375,6.9375,6.9375,0
1996-03-11,6.9375,6.9375,6.9375,6.9375,6.9375,0
1996-03-12,6.9375,6.9375,6.9375,6.9375,6.9375,0
1996-03-13,6.9375,6.9375,6.9375,6.9375,6.9375,0
1996-03-14,6.9375,6.9375,6.9375,6.9375,6.9375,0
1996-03-15,6.9375,6.9375,6.9375,6.9375,6.9375,0
1996-03-18,6.9375,6.9375,6.9375,6.9375,6.9375,0
1996-03-19,6.9375,6.9375,6.9375,6.9375,6.9375,0
1996-03-20,6.9375,6.9375,6.9375,6.9375,6.9375,0
1996-03-21,6.9375,6.9375,6.9375,6.9375,6.9375,0
1996-03-22,6.9375,6.9375,6.9375,6.9375,6.9375,0
1996-03-25,6.9375,6.9375,6.9375,6.9375,6.9375,0
1996-03-26,6.9375,6.9375,6.9375,6.9375,6.9375,0
1996-03-27,8.0,8.0,8.0,8.0,8.0,300
1996-03-28,8.0,8.0,8.0,8.0,8.0,0
1996-03-29,8.0,8.0,8.0,8.0,8.0,0
1996-04-01,8.0,8.0,8.0,8.0,8.0,0
1996-04-02,8.0,8.0,8.0,8.0,8.0,0
1996-04-03,7.875,7.875,7.875,7.875,7.875,24100
1996-04-04,7.25,8.0,7.25,8.0,8.0,7800
1996-04-08,8.0,8.0,8.0,8.0,8.0,0
1996-04-09,8.0,8.0,8.0,8.0,8.0,0
1996-04-10,8.0,8.0,8.0,8.0,8.0,0
1996-04-11,7.25,7.25,7.25,7.25,7.25,1000
1996-04-12,7.25,7.25,7.25,7.25,7.25,0
1996-04-15,8.5,8.5,8.5,8.5,8.5,500
1996-04-16,8.5,8.5,8.5,8.5,8.5,0
1996-04-17,8.5,8.5,8.5,8.5,8.5,0
1996-04-18,8.5,8.5,8.5,8.5,8.5,0
1996-04-19,8.5,8.5,8.5,8.5,8.5,0
1996-04-22,8.5,8.5,8.5,8.5,8.5,0
1996-04-23,8.5,8.5,8.5,8.5,8.5,0
1996-04-24,8.5,8.5,8.5,8.5,8.5,0
1996-04-25,8.5,8.5,8.5,8.5,8.5,0
1996-04-26,8.5,8.5,8.5,8.5,8.5,0
1996-04-29,8.5,8.5,8.5,8.5,8.5,0
1996-04-30,8.5,8.5,8.5,8.5,8.5,0
1996-05-01,8.5,8.5,8.5,8.5,8.5,0
1996-05-02,8.5,8.5,8.5,8.5,8.5,0
1996-05-03,8.5,8.5,8.5,8.5,8.5,0
1996-05-06,8.5,8.5,8.5,8.5,8.5,0
1996-05-07,8.5,8.5,8.5,8.5,8.5,0
1996-05-08,8.5,8.5,8.5,8.5,8.5,0
1996-05-09,7.5,7.5,7.5,7.5,7.5,800
1996-05-10,7.5,7.5,7.5,7.5,7.5,0
1996-05-13,7.5,7.5,7.5,7.5,7.5,0
1996-05-14,8.25,8.25,8.25,8.25,8.25,200
1996-05-15,8.25,8.25,8.25,8.25,8.25,500
1996-05-16,8.25,8.25,8.25,8.25,8.25,0
1996-05-17,8.25,8.25,8.25,8.25,8.25,2000
1996-05-20,8.25,8.25,8.25,8.25,8.25,0
1996-05-21,8.25,8.25,8.25,8.25,8.25,0
1996-05-22,7.875,8.5,7.875,8.5,8.5,1500
1996-05-23,8.5,8.5,8.5,8.5,8.5,0
1996-05-24,8.5,8.5,8.5,8.5,8.5,0
1996-05-28,8.5,8.5,8.5,8.5,8.5,0
1996-05-29,8.5,8.5,8.5,8.5,8.5,0
1996-05-30,8.5,8.5,8.5,8.5,8.5,0
1996-05-31,8.5,8.5,8.5,8.5,8.5,0
1996-06-03,8.5,8.5,8.5,8.5,8.5,0
1996-06-04,8.5,8.5,8.5,8.5,8.5,0
1996-06-05,8.5,8.5,8.5,8.5,8.5,0
1996-06-06,8.5,8.5,8.5,8.5,8.5,0
1996-06-07,8.5,8.5,8.5,8.5,8.5,0
1996-06-10,8.5,8.5,8.5,8.5,8.5,0
1996-06-11,8.5,8.5,8.5,8.5,8.5,0
1996-06-12,8.5,8.5,8.5,8.5,8.5,0
1996-06-13,8.5,8.5,8.5,8.5,8.5,0
1996-06-14,8.5,8.5,8.5,8.5,8.5,0
1996-06-17,8.5,8.5,8.5,8.5,8.5,0
1996-06-18,8.5,8.5,8.5,8.5,8.5,0
1996-06-19,8.5,8.5,8.5,8.5,8.5,0
1996-06-20,8.5,8.5,8.5,8.5,8.5,0
1996-06-21,8.5,8.5,8.5,8.5,8.5,0
1996-06-24,8.5,8.5,8.5,8.5,8.5,0
1996-06-25,8.5,8.5,8.5,8.5,8.5,0
1996-06-26,8.5,8.5,8.5,8.5,8.5,0
1996-06-27,8.5,8.5,8.5,8.5,8.5,0
1996-06-28,8.5,8.5,8.5,8.5,8.5,0
1996-07-01,8.5,8.5,8.5,8.5,8.5,0
1996-07-02,8.5,8.5,8.5,8.5,8.5,0
1996-07-03,8.5,8.5,8.5,8.5,8.5,0
1996-07-05,8.5,8.5,8.5,8.5,8.5,0
1996-07-08,8.5,8.5,8.5,8.5,8.5,0
1996-07-09,8.5,8.5,8.5,8.5,8.5,0
1996-07-10,8.5,8.5,8.5,8.5,8.5,0
1996-07-11,8.5,8.5,8.5,8.5,8.5,0
1996-07-12,8.5,8.5,8.5,8.5,8.5,0
1996-07-15,8.5,8.5,8.5,8.5,8.5,0
1996-07-16,8.5,8.5,8.5,8.5,8.5,0
1996-07-17,8.5,8.5,8.5,8.5,8.5,0
1996-07-18,8.5,8.5,8.5,8.5,8.5,0
1996-07-19,8.5,8.5,8.5,8.5,8.5,0
1996-07-22,8.5,8.5,8.5,8.5,8.5,0
1996-07-23,8.5,8.5,8.5,8.5,8.5,0
1996-07-24,8.5,8.5,8.5,8.5,8.5,93800
1996-07-25,8.5,8.5,8.5,8.5,8.5,0
1996-07-26,8.5,8.5,8.5,8.5,8.5,0
1996-07-29,8.5,8.5,8.5,8.5,8.5,0
1996-07-30,8.5,8.5,8.5,8.5,8.5,0
1996-07-31,8.5,8.5,8.5,8.5,8.5,0
1996-08-01,8.5,8.5,8.5,8.5,8.5,0
1996-08-02,8.5,8.5,8.5,8.5,8.5,20000
1996-08-05,8.5,8.5,8.5,8.5,8.5,0
1996-08-06,8.5,8.5,8.5,8.5,8.5,0
1996-08-07,7.75,7.75,7.75,7.75,7.75,100
1996-08-08,7.75,7.75,7.75,7.75,7.75,0
1996-08-09,7.75,7.75,7.75,7.75,7.75,0
1996-08-12,7.75,7.75,7.75,7.75,7.75,0
1996-08-13,7.75,7.75,7.75,7.75,7.75,0
1996-08-14,7.75,7.75,7.75,7.75,7.75,0
1996-08-15,7.75,7.75,7.75,7.75,7.75,0
1996-08-16,7.75,7.75,7.75,7.75,7.75,0
1996-08-19,7.75,7.75,7.75,7.75,7.75,0
1996-08-20,7.75,7.75,7.75,7.75,7.75,0
1996-08-21,7.75,7.75,7.75,7.75,7.75,0
1996-08-22,9.25,9.25,9.25,9.25,9.25,2000
1996-08-23,9.25,9.25,9.25,9.25,9.25,0
1996-08-26,9.25,9.25,9.25,9.25,9.25,0
1996-08-27,9.25,9.25,9.25,9.25,9.25,0
1996-08-28,9.25,9.25,9.25,9.25,9.25,0
1996-08-29,8.0,8.75,8.0,8.75,8.75,600
1996-08-30,8.75,8.75,8.75,8.75,8.75,0
1996-09-03,8.75,8.75,8.75,8.75,8.75,0
1996-09-04,8.75,8.75,8.75,8.75,8.75,0
1996-09-05,8.75,8.75,8.75,8.75,8.75,0
1996-09-06,8.75,8.75,8.75,8.75,8.75,0
1996-09-09,8.75,8.75,8.75,8.75,8.75,0
1996-09-10,8.25,9.0,8.25,9.0,9.0,300
1996-09-11,9.75,9.75,9.75,9.75,9.75,500
1996-09-12,9.75,9.75,9.75,9.75,9.75,0
1996-09-13,9.75,9.75,9.75,9.75,9.75,0
1996-09-16,9.75,9.75,9.75,9.75,9.75,0
1996-09-17,9.75,9.75,9.75,9.75,9.75,0
1996-09-18,9.75,9.75,9.75,9.75,9.75,0
1996-09-19,9.75,9.75,9.75,9.75,9.75,0
1996-09-20,9.75,9.75,9.75,9.75,9.75,0
1996-09-23,9.75,9.75,9.75,9.75,9.75,0
1996-09-24,12.0,12.0,11.875,11.875,11.875,1700
1996-09-25,11.875,11.875,11.875,11.875,11.875,0
1996-09-26,10.75,12.5,10.75,12.25,12.25,4200
1996-09-27,11.0,11.0,11.0,11.0,11.0,200
1996-09-30,11.0,11.0,11.0,11.0,11.0,0
1996-10-01,11.0,11.0,11.0,11.0,11.0,0
1996-10-02,11.0,11.0,11.0,11.0,11.0,0
1996-10-03,11.0,11.0,11.0,11.0,11.0,0
1996-10-04,11.0,11.0,11.0,11.0,11.0,0
1996-10-07,11.0,11.0,11.0,11.0,11.0,0
1996-10-08,11.0,11.0,11.0,11.0,11.0,0
1996-10-09,11.0,11.0,11.0,11.0,11.0,0
1996-10-10,11.0,11.0,11.0,11.0,11.0,0
1996-10-11,11.0,11.0,11.0,11.0,11.0,0
1996-10-14,11.0,11.0,11.0,11.0,11.0,0
1996-10-15,11.0,11.0,11.0,11.0,11.0,0
1996-10-16,11.0,11.0,11.0,11.0,11.0,0
1996-10-17,11.0,11.0,11.0,11.0,11.0,0
1996-10-18,11.0,11.0,11.0,11.0,11.0,0
1996-10-21,11.0,11.0,11.0,11.0,11.0,0
1996-10-22,11.0,11.0,11.0,11.0,11.0,0
1996-10-23,11.0,11.0,11.0,11.0,11.0,0
1996-10-24,11.0,11.0,11.0,11.0,11.0,0
1996-10-25,11.0,11.0,11.0,11.0,11.0,0
1996-10-28,11.0,11.0,11.0,11.0,11.0,0
1996-10-29,11.0,11.0,11.0,11.0,11.0,0
1996-10-30,11.0,11.0,11.0,11.0,11.0,0
1996-10-31,11.0,11.0,11.0,11.0,11.0,0
1996-11-01,11.0,11.0,11.0,11.0,11.0,0
1996-11-04,11.0,11.0,11.0,11.0,11.0,0
1996-11-05,11.0,11.0,11.0,11.0,11.0,0
1996-11-06,11.0,11.0,11.0,11.0,11.0,0
1996-11-07,11.0,11.0,11.0,11.0,11.0,0
1996-11-08,11.0,11.0,11.0,11.0,11.0,0
1996-11-11,11.0,11.0,11.0,11.0,11.0,0
1996-11-12,11.0,11.0,11.0,11.0,11.0,0
1996-11-13,11.0,11.0,11.0,11.0,11.0,0
1996-11-14,11.0,11.0,11.0,11.0,11.0,0
1996-11-15,11.0,11.0,11.0,11.0,11.0,0
1996-11-18,11.0,11.0,11.0,11.0,11.0,0
1996-11-19,11.0,11.0,11.0,11.0,11.0,0
1996-11-20,11.0,11.0,11.0,11.0,11.0,0
1996-11-21,11.0,11.0,11.0,11.0,11.0,0
1996-11-22,10.75,10.75,9.75,9.75,9.75,2100
1996-11-25,9.75,9.75,9.75,9.75,9.75,0
1996-11-26,9.75,9.75,9.75,9.75,9.75,0
1996-11-27,10.125,10.125,10.125,10.125,10.125,6000
1996-11-29,10.125,10.125,10.125,10.125,10.125,0
1996-12-02,10.125,10.125,10.125,10.125,10.125,0
1996-12-03,10.125,10.125,10.125,10.125,10.125,0
1996-12-04,10.125,10.125,10.125,10.125,10.125,0
1996-12-05,10.125,10.125,10.125,10.125,10.125,0
1996-12-06,10.125,10.125,10.125,10.125,10.125,0
1996-12-09,10.125,10.125,10.125,10.125,10.125,0
1996-12-10,10.125,10.125,10.125,10.125,10.125,0
1996-12-11,10.125,10.125,10.125,10.125,10.125,0
1996-12-12,10.125,10.125,10.125,10.125,10.125,0
1996-12-13,10.125,10.125,10.125,10.125,10.125,0
1996-12-16,9.25,9.25,9.25,9.25,9.25,500
1996-12-17,9.25,9.25,9.25,9.25,9.25,0
1996-12-18,9.25,9.25,9.25,9.25,9.25,0
1996-12-19,9.25,9.25,9.25,9.25,9.25,100
1996-12-20,8.5,8.75,7.875,8.75,8.75,58000
1996-12-23,8.75,8.75,8.75,8.75,8.75,0
1996-12-24,8.75,8.75,8.75,8.75,8.75,0
1996-12-26,8.125,8.125,8.125,8.125,8.125,100
1996-12-27,8.125,8.125,8.125,8.125,8.125,0
1996-12-30,8.0,8.0,8.0,8.0,8.0,20000
1996-12-31,8.0,8.0,8.0,8.0,8.0,0
1997-01-02,8.0,8.0,8.0,8.0,8.0,0
1997-01-03,8.0,8.0,8.0,8.0,8.0,0
1997-01-06,8.0,8.0,8.0,8.0,8.0,0
1997-01-07,8.0,8.0,8.0,8.0,8.0,0
1997-01-08,8.0,8.0,8.0,8.0,8.0,0
1997-01-09,8.0,8.0,8.0,8.0,8.0,0
1997-01-10,8.0,8.0,8.0,8.0,8.0,0
1997-01-13,8.0,8.0,8.0,8.0,8.0,0
1997-01-14,8.0,8.0,8.0,8.0,8.0,0
1997-01-15,8.0,8.0,8.0,8.0,8.0,0
1997-01-16,8.0,8.0,8.0,8.0,8.0,0
1997-01-17,8.0,8.0,8.0,8.0,8.0,0
1997-01-20,8.0,8.0,8.0,8.0,8.0,0
1997-01-21,8.0,8.0,8.0,8.0,8.0,0
1997-01-22,8.0,8.0,8.0,8.0,8.0,0
1997-01-23,8.0,8.0,8.0,8.0,8.0,0
1997-01-24,8.0,8.0,8.0,8.0,8.0,0
1997-01-27,8.0,8.0,8.0,8.0,8.0,0
1997-01-28,8.0,8.0,8.0,8.0,8.0,0
1997-01-29,8.0,8.0,8.0,8.0,8.0,0
1997-01-30,8.0,8.0,8.0,8.0,8.0,0
1997-01-31,8.0,8.0,8.0,8.0,8.0,0
1997-02-03,8.0,8.0,8.0,8.0,8.0,0
1997-02-04,8.0,8.0,8.0,8.0,8.0,0
1997-02-05,8.0,8.0,8.0,8.0,8.0,0
1997-02-06,8.0,8.0,8.0,8.0,8.0,0
1997-02-07,8.0,8.0,8.0,8.0,8.0,0
1997-02-10,8.0,8.0,8.0,8.0,8.0,0
1997-02-11,8.0,8.0,8.0,8.0,8.0,0
1997-02-12,8.0,8.0,8.0,8.0,8.0,0
1997-02-13,8.0,8.0,8.0,8.0,8.0,0
1997-02-14,8.0,8.0,8.0,8.0,8.0,0
1997-02-18,8.0,8.0,8.0,8.0,8.0,0
1997-02-19,8.0,8.0,8.0,8.0,8.0,0
1997-02-20,8.0,8.0,8.0,8.0,8.0,0
1997-02-21,8.0,8.0,8.0,8.0,8.0,0
1997-02-24,8.0,8.0,8.0,8.0,8.0,0
1997-02-25,8.0,8.0,8.0,8.0,8.0,0
1997-02-26,8.0,8.0,8.0,8.0,8.0,0
1997-02-27,8.0,8.0,8.0,8.0,8.0,0
1997-02-28,8.0,8.0,8.0,8.0,8.0,0
1997-03-03,8.0,8.0,8.0,8.0,8.0,0
1997-03-04,8.0,8.0,8.0,8.0,8.0,0
1997-03-05,8.0,8.0,8.0,8.0,8.0,0
1997-03-06,8.0,8.0,8.0,8.0,8.0,0
1997-03-07,8.0,8.0,8.0,8.0,8.0,0
1997-03-10,8.0,8.0,8.0,8.0,8.0,0
1997-03-11,8.0,8.0,8.0,8.0,8.0,0
1997-03-12,8.0,8.0,8.0,8.0,8.0,0
1997-03-13,8.0,8.0,8.0,8.0,8.0,0
1997-03-14,8.0,8.0,8.0,8.0,8.0,0
1997-03-17,8.0,8.0,8.0,8.0,8.0,0
1997-03-18,8.0,8.0,8.0,8.0,8.0,0
1997-03-19,8.0,8.0,8.0,8.0,8.0,0
1997-03-20,9.5,9.5,9.5,9.5,9.5,1000
1997-03-21,9.5,9.5,9.5,9.5,9.5,0
1997-03-24,9.5,9.5,9.5,9.5,9.5,0
1997-03-25,9.5,9.5,9.5,9.5,9.5,0
1997-03-26,9.5,9.5,9.5,9.5,9.5,0
1997-03-27,9.5,9.5,9.5,9.5,9.5,0
1997-03-31,9.5,9.5,9.5,9.5,9.5,0
1997-04-01,9.5,9.5,9.5,9.5,9.5,0
1997-04-02,9.5,9.5,9.5,9.5,9.5,0
1997-04-03,9.5,9.5,9.5,9.5,9.5,0
1997-04-04,9.5,9.5,9.5,9.5,9.5,0
1997-04-07,9.5,9.5,9.5,9.5,9.5,0
1997-04-08,8.5,8.5,8.5,8.5,8.5,100
1997-04-09,9.5,9.5,9.5,9.5,9.5,300
1997-04-10,9.5,9.5,9.5,9.5,9.5,0
1997-04-11,9.5,9.5,9.5,9.5,9.5,0
1997-04-14,9.5,9.5,9.5,9.5,9.5,0
1997-04-15,9.5,9.5,9.5,9.5,9.5,0
1997-04-16,9.5,9.5,9.5,9.5,9.5,0
1997-04-17,9.5,9.5,9.5,9.5,9.5,0
1997-04-18,9.5,9.5,9.5,9.5,9.5,0
1997-04-21,9.5,9.5,9.5,9.5,9.5,0
1997-04-22,9.5,9.5,9.5,9.5,9.5,0
1997-04-23,9.5,9.5,9.5,9.5,9.5,0
1997-04-24,9.5,9.5,9.5,9.5,9.5,0
1997-04-25,9.5,9.5,9.5,9.5,9.5,0
1997-04-28,9.5,9.5,9.5,9.5,9.5,0
1997-04-29,9.5,9.5,9.5,9.5,9.5,0
1997-04-30,9.5,9.5,9.5,9.5,9.5,0
1997-05-01,9.5,9.5,9.5,9.5,9.5,0
1997-05-02,9.5,9.5,9.5,9.5,9.5,0
1997-05-05,9.5,9.5,9.5,9.5,9.5,0
1997-05-06,9.5,9.5,9.5,9.5,9.5,0
1997-05-07,9.5,9.5,9.5,9.5,9.5,0
1997-05-08,9.5,9.5,9.5,9.5,9.5,0
1997-05-09,9.5,9.5,9.5,9.5,9.5,0
1997-05-12,9.5,9.5,9.5,9.5,9.5,0
1997-05-13,10.5,10.5,10.5,10.5,10.5,200
1997-05-14,10.5,10.5,10.5,10.5,10.5,0
1997-05-15,8.75,8.75,8.75,8.75,8.75,200
1997-05-16,8.75,8.75,8.75,8.75,8.75,0
1997-05-19,8.75,8.75,8.75,8.75,8.75,0
1997-05-20,8.75,8.75,8.75,8.75,8.75,0
1997-05-21,8.75,8.75,8.75,8.75,8.75,0
1997-05-22,8.75,8.75,8.75,8.75,8.75,0
1997-05-23,8.75,8.75,8.75,8.75,8.75,0
1997-05-27,8.75,8.75,8.75,8.75,8.75,0
1997-05-28,8.75,8.75,8.75,8.75,8.75,0
1997-05-29,8.75,8.75,8.75,8.75,8.75,0
1997-05-30,8.75,8.75,8.75,8.75,8.75,0
1997-06-02,8.75,8.75,8.75,8.75,8.75,0
1997-06-03,8.75,8.75,8.75,8.75,8.75,0
1997-06-04,8.75,8.75,8.75,8.75,8.75,0
1997-06-05,8.75,8.75,8.75,8.75,8.75,0
1997-06-06,8.75,8.75,8.75,8.75,8.75,0
1997-06-09,8.75,8.75,8.75,8.75,8.75,0
1997-06-10,8.75,8.75,8.75,8.75,8.75,0
1997-06-11,8.75,8.75,8.75,8.75,8.75,0
1997-06-12,8.5,8.5,8.5,8.5,8.5,100
1997-06-13,8.5,8.5,8.5,8.5,8.5,0
1997-06-16,8.5,8.5,8.5,8.5,8.5,0
1997-06-17,8.5,8.5,8.5,8.5,8.5,0
1997-06-18,8.5,8.5,8.5,8.5,8.5,200
1997-06-19,8.5,8.5,8.5,8.5,8.5,0
1997-06-20,10.0,10.0,8.25,8.25,8.25,5200
1997-06-23,8.25,8.25,8.25,8.25,8.25,0
1997-06-24,10.0,10.0,10.0,10.0,10.0,1100
1997-06-25,10.25,10.25,10.25,10.25,10.25,500
1997-06-26,10.25,10.25,10.25,10.25,10.25,400
1997-06-27,10.25,10.25,10.25,10.25,10.25,800
1997-06-30,10.25,10.25,10.25,10.25,10.25,0
1997-07-01,10.0,10.0,10.0,10.0,10.0,56000
1997-07-02,10.0,10.0,10.0,10.0,10.0,0
1997-07-03,10.0,10.0,10.0,10.0,10.0,0
1997-07-07,10.0,10.0,10.0,10.0,10.0,0
1997-07-08,10.0,10.0,10.0,10.0,10.0,0
1997-07-09,10.0,10.0,10.0,10.0,10.0,0
1997-07-10,10.0,10.0,10.0,10.0,10.0,0
1997-07-11,10.0,10.0,10.0,10.0,10.0,0
1997-07-14,10.0,10.0,10.0,10.0,10.0,0
1997-07-15,10.0,10.0,10.0,10.0,10.0,0
1997-07-16,10.0,10.0,10.0,10.0,10.0,0
1997-07-17,10.0,10.0,10.0,10.0,10.0,0
1997-07-18,10.0,10.0,10.0,10.0,10.0,0
1997-07-21,10.0,10.0,10.0,10.0,10.0,0
1997-07-22,10.0,10.0,10.0,10.0,10.0,0
1997-07-23,10.0,10.0,10.0,10.0,10.0,0
1997-07-24,10.0,10.0,10.0,10.0,10.0,0
1997-07-25,10.0,10.0,10.0,10.0,10.0,0
1997-07-28,10.0,10.0,10.0,10.0,10.0,0
1997-07-29,10.0,10.0,10.0,10.0,10.0,0
1997-07-30,10.0,10.0,10.0,10.0,10.0,1000
1997-07-31,9.25,9.25,9.25,9.25,9.25,500
1997-08-01,9.25,9.25,9.25,9.25,9.25,0
1997-08-04,10.0,10.0,10.0,10.0,10.0,100
1997-08-05,10.125,10.125,10.125,10.125,10.125,600
1997-08-06,10.125,10.125,10.125,10.125,10.125,0
1997-08-07,10.0,10.125,10.0,10.125,10.125,800
1997-08-08,10.0,10.0,9.25,10.0,10.0,300
1997-08-11,10.0,10.0,10.0,10.0,10.0,0
1997-08-12,10.0,10.0,10.0,10.0,10.0,0
1997-08-13,10.0,10.0,10.0,10.0,10.0,0
1997-08-14,9.25,9.25,9.25,9.25,9.25,700
1997-08-15,9.25,9.25,9.25,9.25,9.25,0
1997-08-18,9.25,9.25,9.25,9.25,9.25,0
1997-08-19,9.25,9.25,9.25,9.25,9.25,1200
1997-08-20,9.0,9.0,9.0,9.0,9.0,300
1997-08-21,8.875,8.875,8.875,8.875,8.875,500
1997-08-22,8.875,8.875,8.875,8.875,8.875,0
1997-08-25,8.875,8.875,8.875,8.875,8.875,0
1997-08-26,8.875,8.875,8.875,8.875,8.875,0
1997-08-27,8.875,8.875,8.875,8.875,8.875,0
1997-08-28,9.0,9.0,8.875,8.875,8.875,2900
1997-08-29,8.875,8.875,8.875,8.875,8.875,0
1997-09-02,8.875,8.875,8.875,8.875,8.875,0
1997-09-03,8.875,8.875,8.875,8.875,8.875,0
1997-09-04,8.875,8.875,8.875,8.875,8.875,0
1997-09-05,8.0,8.0,8.0,8.0,8.0,600
1997-09-08,8.125,8.125,8.125,8.125,8.125,200
1997-09-09,8.125,8.125,8.125,8.125,8.125,0
1997-09-10,8.125,8.125,8.125,8.125,8.125,0
1997-09-11,8.125,8.125,8.125,8.125,8.125,0
1997-09-12,8.125,8.125,8.125,8.125,8.125,0
1997-09-15,8.125,8.125,8.125,8.125,8.125,0
1997-09-16,8.125,8.125,8.125,8.125,8.125,0
1997-09-17,8.125,8.125,8.125,8.125,8.125,0
1997-09-18,8.125,8.125,8.125,8.125,8.125,0
1997-09-19,8.125,8.125,8.125,8.125,8.125,0
1997-09-22,8.125,8.125,8.125,8.125,8.125,0
1997-09-23,8.9375,8.9375,8.8125,8.8125,8.8125,2400
1997-09-24,8.8125,8.8125,8.8125,8.8125,8.8125,0
1997-09-25,8.8125,8.8125,8.8125,8.8125,8.8125,0
1997-09-26,8.8125,8.8125,8.8125,8.8125,8.8125,0
1997-09-29,8.5,8.5,8.5,8.5,8.5,2000
1997-09-30,8.5,8.5,8.5,8.5,8.5,0
1997-10-01,8.5,8.5,8.5,8.5,8.5,0
1997-10-02,8.5,8.5,8.5,8.5,8.5,0
1997-10-03,8.5,8.5,8.5,8.5,8.5,0
1997-10-06,8.25,8.25,8.25,8.25,8.25,1200
1997-10-07,8.25,8.25,8.25,8.25,8.25,0
1997-10-08,8.5,8.75,8.375,8.625,8.625,16500
1997-10-09,8.9375,8.9375,8.9375,8.9375,8.9375,300
1997-10-10,8.9375,8.9375,8.9375,8.9375,8.9375,0
1997-10-13,8.9375,8.9375,8.9375,8.9375,8.9375,0
1997-10-14,8.9375,8.9375,8.9375,8.9375,8.9375,0
1997-10-15,9.0,9.0,9.0,9.0,9.0,1000
1997-10-16,9.3125,9.3125,9.3125,9.3125,9.3125,1200
1997-10-17,9.3125,9.3125,9.3125,9.3125,9.3125,0
1997-10-20,9.3125,9.3125,9.3125,9.3125,9.3125,0
1997-10-21,9.3125,9.3125,9.3125,9.3125,9.3125,0
1997-10-22,9.3125,9.3125,9.3125,9.3125,9.3125,0
1997-10-23,9.3125,9.3125,9.3125,9.3125,9.3125,0
1997-10-24,9.3125,9.3125,9.3125,9.3125,9.3125,0
1997-10-27,9.3125,9.3125,9.3125,9.3125,9.3125,0
1997-10-28,9.3125,9.3125,9.3125,9.3125,9.3125,0
1997-10-29,9.3125,9.3125,9.3125,9.3125,9.3125,0
1997-10-30,9.3125,9.3125,9.3125,9.3125,9.3125,0
1997-10-31,9.3125,9.3125,9.3125,9.3125,9.3125,0
1997-11-03,10.0,10.125,10.0,10.125,10.125,1300
1997-11-04,10.25,10.25,10.25,10.25,10.25,900
1997-11-05,10.25,10.25,10.25,10.25,10.25,0
1997-11-06,10.25,10.25,10.25,10.25,10.25,0
1997-11-07,9.5,9.5,9.5,9.5,9.5,2700
1997-11-10,9.5,9.5,9.5,9.5,9.5,0
1997-11-11,9.5,9.5,9.5,9.5,9.5,0
1997-11-12,9.5,9.5,9.5,9.5,9.5,0
1997-11-13,9.5,9.5,9.5,9.5,9.5,2000
1997-11-14,9.5,9.5,9.5,9.5,9.5,0
1997-11-17,9.5,9.5,9.5,9.5,9.5,0
1997-11-18,9.5,9.5,9.5,9.5,9.5,0
1997-11-19,9.5,9.5,9.5,9.5,9.5,0
1997-11-20,9.5,9.5,9.5,9.5,9.5,0
1997-11-21,9.5,9.5,9.5,9.5,9.5,0
1997-11-24,9.5,9.5,9.5,9.5,9.5,0
1997-11-25,9.5,9.5,9.5,9.5,9.5,0
1997-11-26,9.5,9.5,9.5,9.5,9.5,0
1997-11-28,9.5,9.5,9.5,9.5,9.5,0
1997-12-01,9.5,9.5,9.5,9.5,9.5,0
1997-12-02,9.53125,9.53125,9.53125,9.53125,9.53125,1000
1997-12-03,9.53125,9.53125,9.53125,9.53125,9.53125,0
1997-12-04,9.53125,9.53125,9.53125,9.53125,9.53125,0
1997-12-05,10.0,10.625,10.0,10.625,10.625,5800
1997-12-08,10.625,10.625,10.625,10.625,10.625,0
1997-12-09,9.875,10.3125,9.875,9.875,9.875,20000
1997-12-10,9.875,9.875,9.875,9.875,9.875,0
1997-12-11,9.875,9.875,9.875,9.875,9.875,0
1997-12-12,9.875,9.875,9.875,9.875,9.875,0
1997-12-15,9.875,9.875,9.875,9.875,9.875,0
1997-12-16,9.875,9.875,9.875,9.875,9.875,0
1997-12-17,9.875,9.875,9.875,9.875,9.875,0
1997-12-18,10.75,11.125,10.75,10.75,10.75,2100
1997-12-19,10.5,10.5,10.5,10.5,10.5,2000
1997-12-22,10.3125,10.3125,10.3125,10.3125,10.3125,2500
1997-12-23,10.375,10.375,10.375,10.375,10.375,1200
1997-12-24,10.375,10.375,10.375,10.375,10.375,0
1997-12-26,10.375,10.375,10.375,10.375,10.375,1500
1997-12-29,10.375,10.375,10.375,10.375,10.375,0
1997-12-30,10.375,10.375,10.375,10.375,10.375,0
1997-12-31,11.625,11.625,10.75,11.5,11.5,5900
1998-01-02,11.5,11.5,11.5,11.5,11.5,0
1998-01-05,11.5,11.5,11.5,11.5,11.5,0
1998-01-06,11.5,11.5,11.5,11.5,11.5,100
1998-01-07,11.5,11.5,11.5,11.5,11.5,0
1998-01-08,11.5,11.5,11.5,11.5,11.5,0
1998-01-09,10.75,10.75,10.75,10.75,10.75,3800
1998-01-12,11.375,11.375,11.25,11.375,11.375,42000
1998-01-13,11.75,11.75,11.5,11.5,11.5,1500
1998-01-14,11.5,11.875,11.5,11.875,11.875,2000
1998-01-15,11.875,11.875,11.875,11.875,11.875,0
1998-01-16,11.875,11.875,11.875,11.875,11.875,0
1998-01-20,11.875,11.875,11.875,11.875,11.875,0
1998-01-21,11.5625,11.6875,11.5625,11.6875,11.6875,300
1998-01-22,11.6875,11.6875,11.6875,11.6875,11.6875,0
1998-01-23,11.6875,11.6875,11.6875,11.6875,11.6875,0
1998-01-26,11.6875,11.6875,11.6875,11.6875,11.6875,0
1998-01-27,11.6875,11.6875,11.6875,11.6875,11.6875,0
1998-01-28,13.125,15.5,13.125,15.5,15.5,2000
1998-01-29,15.5,15.5,15.40625,15.5,15.5,3000
1998-01-30,15.5,15.5,15.5,15.5,15.5,0
1998-02-02,14.25,14.25,14.25,14.25,14.25,300
1998-02-03,14.25,14.25,14.25,14.25,14.25,0
1998-02-04,14.25,14.25,14.25,14.25,14.25,0
1998-02-05,14.25,14.25,14.25,14.25,14.25,0
1998-02-06,14.25,14.25,14.25,14.25,14.25,0
1998-02-09,15.0,16.0,15.0,16.0,16.0,800
1998-02-10,16.0,16.0,16.0,16.0,16.0,0
1998-02-11,16.0,16.0,16.0,16.0,16.0,0
1998-02-12,16.0,16.0,16.0,16.0,16.0,0
1998-02-13,16.0,16.0,16.0,16.0,16.0,0
1998-02-17,16.0,16.0,16.0,16.0,16.0,0
1998-02-18,16.0,16.0,16.0,16.0,16.0,0
1998-02-19,16.0,16.0,16.0,16.0,16.0,0
1998-02-20,16.0,16.0,16.0,16.0,16.0,0
1998-02-23,16.0,16.0,16.0,16.0,16.0,500
1998-02-24,16.0,16.0,16.0,16.0,16.0,0
1998-02-25,16.0,16.0,16.0,16.0,16.0,0
1998-02-26,16.0,16.0,16.0,16.0,16.0,0
1998-02-27,15.25,15.25,15.25,15.25,15.25,100
1998-03-02,16.0,16.0,16.0,16.0,16.0,500
1998-03-03,16.0,16.0,16.0,16.0,16.0,0
1998-03-04,16.0,16.0,16.0,16.0,16.0,0
1998-03-05,16.0,16.0,16.0,16.0,16.0,0
1998-03-06,16.0,16.0,16.0,16.0,16.0,0
1998-03-09,14.75,14.75,14.75,14.75,14.75,56000
1998-03-10,14.75,14.75,14.75,14.75,14.75,0
1998-03-11,14.75,14.75,14.75,14.75,14.75,0
1998-03-12,14.75,14.75,14.75,14.75,14.75,0
1998-03-13,15.25,15.5,15.25,15.5,15.5,2700
1998-03-16,15.5,15.5,15.5,15.5,15.5,0
1998-03-17,15.5,15.5,15.5,15.5,15.5,0
1998-03-18,15.5,15.5,15.5,15.5,15.5,0
1998-03-19,15.5,15.5,15.5,15.5,15.5,0
1998-03-20,15.5,15.5,15.5,15.5,15.5,0
1998-03-23,15.0,15.0,15.0,15.0,15.0,600
1998-03-24,15.0,15.0,15.0,15.0,15.0,0
1998-03-25,15.0,15.0,15.0,15.0,15.0,0
1998-03-26,15.0,15.0,15.0,15.0,15.0,0
1998-03-27,15.0,15.0,15.0,15.0,15.0,1100
1998-03-30,15.0,15.0,14.75,14.75,14.75,800
1998-03-31,14.75,14.75,14.75,14.75,14.75,0
1998-04-01,14.75,14.75,14.75,14.75,14.75,0
1998-04-02,14.75,14.75,14.75,14.75,14.75,0
1998-04-03,13.5,15.5,13.5,15.5,15.5,2400
1998-04-06,14.75,14.75,14.75,14.75,14.75,43500
1998-04-07,14.5,14.5,14.5,14.5,14.5,500
1998-04-08,13.5,13.5,13.0,13.25,13.25,700
1998-04-09,13.25,13.25,13.25,13.25,13.25,0
1998-04-13,14.0,14.0,14.0,14.0,14.0,100
1998-04-14,14.0,14.0,14.0,14.0,14.0,0
1998-04-15,14.0,14.0,14.0,14.0,14.0,100
1998-04-16,14.25,14.25,14.25,14.25,14.25,200
1998-04-17,12.875,12.875,12.625,12.625,12.625,400
1998-04-20,12.625,12.625,12.625,12.625,12.625,0
1998-04-21,12.625,12.625,12.625,12.625,12.625,0
1998-04-22,12.5,12.5,12.5,12.5,12.5,400
1998-04-23,12.5,12.5,12.5,12.5,12.5,0
1998-04-24,12.5,12.5,12.5,12.5,12.5,0
1998-04-27,12.5,12.5,12.5,12.5,12.5,0
1998-04-28,12.5,12.5,12.5,12.5,12.5,0
1998-04-29,12.5,12.5,12.5,12.5,12.5,0
1998-04-30,12.5,12.5,12.5,12.5,12.5,0
1998-05-01,12.5,12.5,12.5,12.5,12.5,0
1998-05-04,12.5,12.5,12.5,12.5,12.5,0
1998-05-05,12.5,12.5,12.5,12.5,12.5,0
1998-05-06,12.5,12.5,12.5,12.5,12.5,0
1998-05-07,12.5,12.5,12.5,12.5,12.5,0
1998-05-08,12.5,12.5,12.5,12.5,12.5,0
1998-05-11,12.5,12.5,12.5,12.5,12.5,0
1998-05-12,12.5,12.5,12.5,12.5,12.5,0
1998-05-13,12.5,12.5,12.5,12.5,12.5,0
1998-05-14,12.5,12.5,12.5,12.5,12.5,0
1998-05-15,12.5,12.5,12.5,12.5,12.5,0
1998-05-18,12.5,12.5,12.5,12.5,12.5,1200
1998-05-19,12.375,12.375,12.375,12.375,12.375,100
1998-05-20,12.375,12.375,12.375,12.375,12.375,0
1998-05-21,12.375,12.375,12.375,12.375,12.375,0
1998-05-22,12.375,12.375,12.375,12.375,12.375,0
1998-05-26,12.375,12.375,12.375,12.375,12.375,0
1998-05-27,12.375,12.375,12.375,12.375,12.375,0
1998-05-28,12.375,12.375,12.375,12.375,12.375,0
1998-05-29,12.375,12.375,12.375,12.375,12.375,0
1998-06-01,12.375,12.375,12.375,12.375,12.375,0
1998-06-02,12.375,12.375,12.375,12.375,12.375,0
1998-06-03,12.375,12.375,12.375,12.375,12.375,0
1998-06-04,12.375,12.375,12.375,12.375,12.375,0
1998-06-05,12.375,12.375,12.375,12.375,12.375,0
1998-06-08,12.0,14.0,12.0,12.25,12.25,2000
1998-06-09,12.0,12.0,12.0,12.0,12.0,1000
1998-06-10,12.0,12.0,12.0,12.0,12.0,0
1998-06-11,13.0,13.3125,13.0,13.1875,13.1875,5200
1998-06-12,12.0,12.75,12.0,12.625,12.625,4100
1998-06-15,12.875,12.875,12.875,12.875,12.875,300
1998-06-16,12.875,12.875,12.75,12.875,12.875,3400
1998-06-17,13.0,13.0,12.25,12.25,12.25,2200
1998-06-18,12.8125,12.8125,12.8125,12.8125,12.8125,1000
1998-06-19,12.6875,12.8125,12.6875,12.8125,12.8125,9600
1998-06-22,12.8125,12.8125,12.8125,12.8125,12.8125,0
1998-06-23,12.8125,12.8125,12.8125,12.8125,12.8125,0
1998-06-24,12.8125,12.8125,12.8125,12.8125,12.8125,0
1998-06-25,12.8125,12.8125,12.8125,12.8125,12.8125,0
1998-06-26,12.8125,12.8125,12.8125,12.8125,12.8125,0
1998-06-29,12.5,12.5,12.5,12.5,12.5,5500
1998-06-30,12.5,12.5,12.5,12.5,12.5,0
1998-07-01,12.5,12.5,12.5,12.5,12.5,0
1998-07-02,12.5,12.5,12.5,12.5,12.5,0
1998-07-06,12.5,12.5,12.5,12.5,12.5,0
1998-07-07,13.75,13.75,13.75,13.75,13.75,200
1998-07-08,13.75,13.75,13.75,13.75,13.75,0
1998-07-09,13.75,13.75,13.75,13.75,13.75,300
1998-07-10,13.75,13.75,13.75,13.75,13.75,0
1998-07-13,14.25,14.25,14.25,14.25,14.25,500
1998-07-14,14.25,14.25,14.25,14.25,14.25,0
1998-07-15,14.25,14.25,14.25,14.25,14.25,0
1998-07-16,14.25,14.25,14.25,14.25,14.25,0
1998-07-17,14.25,14.25,14.25,14.25,14.25,0
1998-07-20,14.25,14.25,14.25,14.25,14.25,0
1998-07-21,14.25,14.25,14.25,14.25,14.25,0
1998-07-22,14.25,14.25,14.25,14.25,14.25,0
1998-07-23,12.5,12.5,12.5,12.5,12.5,100
1998-07-24,12.5,12.5,12.5,12.5,12.5,0
1998-07-27,12.5,12.5,12.5,12.5,12.5,0
1998-07-28,12.5,12.5,12.5,12.5,12.5,0
1998-07-29,12.5,12.5,12.5,12.5,12.5,0
1998-07-30,12.5,12.5,12.5,12.5,12.5,0
1998-07-31,12.5,12.5,12.5,12.5,12.5,0
1998-08-03,12.5,12.5,12.5,12.5,12.5,0
1998-08-04,12.5,12.5,12.5,12.5,12.5,0
1998-08-05,12.5,12.5,12.5,12.5,12.5,0
1998-08-06,12.5,12.5,12.5,12.5,12.5,0
1998-08-07,12.5,12.5,12.5,12.5,12.5,0
1998-08-10,12.5,12.5,12.5,12.5,12.5,0
1998-08-11,12.5,12.5,12.5,12.5,12.5,0
1998-08-12,12.5,12.5,12.5,12.5,12.5,0
1998-08-13,12.5,12.5,12.5,12.5,12.5,0
1998-08-14,12.5,12.5,12.5,12.5,12.5,0
1998-08-17,12.5,12.5,12.5,12.5,12.5,0
1998-08-18,12.5,12.5,12.5,12.5,12.5,0
1998-08-19,12.5,12.5,12.5,12.5,12.5,0
1998-08-20,12.5,12.5,12.5,12.5,12.5,0
1998-08-21,12.5,12.5,12.5,12.5,12.5,0
1998-08-24,12.5,12.5,12.5,12.5,12.5,0
1998-08-25,12.5,12.5,12.5,12.5,12.5,0
1998-08-26,12.5,12.5,11.0,11.0,11.0,500
1998-08-27,11.0,11.0,11.0,11.0,11.0,0
1998-08-28,11.0,11.0,11.0,11.0,11.0,0
1998-08-31,11.0,11.0,11.0,11.0,11.0,0
1998-09-01,11.0,11.0,11.0,11.0,11.0,0
1998-09-02,11.0,11.0,11.0,11.0,11.0,0
1998-09-03,11.0,11.0,11.0,11.0,11.0,0
1998-09-04,11.0,11.0,11.0,11.0,11.0,0
1998-09-08,11.0,11.0,11.0,11.0,11.0,0
1998-09-09,11.0,11.0,11.0,11.0,11.0,0
1998-09-10,11.5,11.53125,11.5,11.53125,11.53125,21800
1998-09-11,11.53125,11.53125,11.53125,11.53125,11.53125,0
1998-09-14,11.53125,11.53125,11.53125,11.53125,11.53125,0
1998-09-15,11.53125,11.53125,11.53125,11.53125,11.53125,0
1998-09-16,11.53125,11.53125,11.53125,11.53125,11.53125,0
1998-09-17,11.53125,11.53125,11.53125,11.53125,11.53125,0
1998-09-18,11.53125,11.53125,11.53125,11.53125,11.53125,0
1998-09-21,11.53125,11.53125,11.53125,11.53125,11.53125,0
1998-09-22,11.53125,11.53125,11.53125,11.53125,11.53125,0
1998-09-23,11.53125,11.53125,11.53125,11.53125,11.53125,0
1998-09-24,11.53125,11.53125,11.53125,11.53125,11.53125,0
1998-09-25,11.53125,11.53125,11.53125,11.53125,11.53125,0
1998-09-28,11.53125,11.53125,11.53125,11.53125,11.53125,0
1998-09-29,11.53125,11.53125,11.53125,11.53125,11.53125,0
1998-09-30,9.125,9.125,6.875,9.0,9.0,20300
1998-10-01,9.0,9.0,9.0,9.0,9.0,0
1998-10-02,9.0,9.0,9.0,9.0,9.0,0
1998-10-05,9.0,9.0,9.0,9.0,9.0,0
1998-10-06,9.0,9.0,9.0,9.0,9.0,0
1998-10-07,9.0,9.0,9.0,9.0,9.0,0
1998-10-08,9.0,9.0,9.0,9.0,9.0,0
1998-10-09,6.875,6.875,6.875,6.875,6.875,1100
1998-10-12,6.875,6.875,6.875,6.875,6.875,0
1998-10-13,6.875,6.875,6.875,6.875,6.875,0
1998-10-14,6.875,6.875,6.875,6.875,6.875,0
1998-10-15,6.875,6.875,6.875,6.875,6.875,0
1998-10-16,6.875,6.875,6.875,6.875,6.875,0
1998-10-19,6.875,6.875,6.875,6.875,6.875,0
1998-10-20,6.875,6.875,6.875,6.875,6.875,0
1998-10-21,6.875,6.875,6.875,6.875,6.875,0
1998-10-22,7.0625,7.0625,7.0625,7.0625,7.0625,100
1998-10-23,7.0,7.0,7.0,7.0,7.0,100
1998-10-26,7.0,7.0,7.0,7.0,7.0,100
1998-10-27,7.0,7.0,7.0,7.0,7.0,0
1998-10-28,7.0,7.0,7.0,7.0,7.0,0
1998-10-29,7.0,7.0,7.0,7.0,7.0,0
1998-10-30,7.0,7.0,7.0,7.0,7.0,0
1998-11-02,7.0,7.0,7.0,7.0,7.0,0
1998-11-03,8.0,8.0,8.0,8.0,8.0,100
1998-11-04,7.53125,7.53125,7.5,7.5,7.5,200
1998-11-05,7.5,7.5,7.5,7.5,7.5,0
1998-11-06,7.5,7.5,7.5,7.5,7.5,0
1998-11-09,7.5,7.5,7.5,7.5,7.5,0
1998-11-10,7.5,7.5,7.5,7.5,7.5,0
1998-11-11,7.5,7.5,7.5,7.5,7.5,0
1998-11-12,7.5,7.5,7.5,7.5,7.5,0
1998-11-13,7.5,7.5,7.5,7.5,7.5,0
1998-11-16,7.5,7.5,7.5,7.5,7.5,0
1998-11-17,7.5,7.5,7.5,7.5,7.5,0
1998-11-18,7.375,7.375,7.375,7.375,7.375,200
1998-11-19,7.0625,7.0625,7.0625,7.0625,7.0625,100
1998-11-20,7.0625,7.0625,7.0625,7.0625,7.0625,0
1998-11-23,7.0625,7.0625,7.0625,7.0625,7.0625,0
1998-11-24,7.0625,7.0625,7.0625,7.0625,7.0625,0
1998-11-25,7.0625,7.0625,7.0625,7.0625,7.0625,0
1998-11-27,7.0625,7.0625,7.0625,7.0625,7.0625,0
1998-11-30,7.0625,7.0625,7.0625,7.0625,7.0625,200
1998-12-01,7.0625,7.0625,7.0625,7.0625,7.0625,0
1998-12-02,7.0625,7.0625,7.0625,7.0625,7.0625,0
1998-12-03,7.0625,7.0625,7.0625,7.0625,7.0625,0
1998-12-04,7.0625,7.0625,7.0625,7.0625,7.0625,0
1998-12-07,7.0625,7.0625,7.0625,7.0625,7.0625,0
1998-12-08,7.0625,7.0625,7.0625,7.0625,7.0625,0
1998-12-09,7.5,7.5,7.5,7.5,7.5,100
1998-12-10,7.5,7.5,7.5,7.5,7.5,0
1998-12-11,7.5,7.5,7.5,7.5,7.5,0
1998-12-14,7.5,7.5,7.5,7.5,7.5,0
1998-12-15,7.5,7.5,7.5,7.5,7.5,0
1998-12-16,7.5,7.5,7.5,7.5,7.5,0
1998-12-17,7.5,7.5,7.5,7.5,7.5,0
1998-12-18,7.5,7.5,7.5,7.5,7.5,0
1998-12-21,7.5,7.5,7.5,7.5,7.5,0
1998-12-22,7.5,7.5,7.5,7.5,7.5,0
1998-12-23,7.5,7.5,7.5,7.5,7.5,0
1998-12-24,7.5,7.5,7.5,7.5,7.5,0
1998-12-28,7.5,7.5,7.5,7.5,7.5,0
1998-12-29,7.5,7.5,7.5,7.5,7.5,0
1998-12-30,7.5,7.5,7.5,7.5,7.5,0
1998-12-31,7.5,7.5,7.5,7.5,7.5,0
1999-01-04,7.5,7.5,7.5,7.5,7.5,0
1999-01-05,7.625,7.625,7.625,7.625,7.625,500
1999-01-06,7.75,7.75,7.75,7.75,7.75,100
1999-01-07,7.75,7.75,7.75,7.75,7.75,0
1999-01-08,7.75,7.75,7.75,7.75,7.75,0
1999-01-11,7.75,7.75,7.75,7.75,7.75,0
1999-01-12,7.75,7.75,7.75,7.75,7.75,0
1999-01-13,6.75,6.75,6.75,6.75,6.75,300
1999-01-14,6.75,6.75,6.75,6.75,6.75,0
1999-01-15,6.75,6.75,6.75,6.75,6.75,0
1999-01-19,7.0625,7.125,7.0625,7.125,7.125,500
1999-01-20,7.125,7.125,7.125,7.125,7.125,0
1999-01-21,6.53125,6.53125,6.53125,6.53125,6.53125,200
1999-01-22,6.53125,6.53125,6.53125,6.53125,6.53125,0
1999-01-25,6.53125,6.53125,6.53125,6.53125,6.53125,0
1999-01-26,6.53125,6.53125,6.53125,6.53125,6.53125,0
1999-01-27,6.53125,6.53125,6.53125,6.53125,6.53125,0
1999-01-28,6.53125,6.53125,6.53125,6.53125,6.53125,0
1999-01-29,8.25,8.5,8.25,8.5,8.5,1000
1999-02-01,8.5,8.5,8.5,8.5,8.5,0
1999-02-02,7.0625,7.0625,7.0625,7.0625,7.0625,200
1999-02-03,7.0625,7.0625,7.0625,7.0625,7.0625,0
1999-02-04,7.0625,7.0625,7.0625,7.0625,7.0625,0
1999-02-05,7.0625,7.0625,7.0625,7.0625,7.0625,0
1999-02-08,7.0,7.0,7.0,7.0,7.0,300
1999-02-09,7.0,7.0,7.0,7.0,7.0,0
1999-02-10,7.0,7.0,7.0,7.0,7.0,0
1999-02-11,7.0,7.0,7.0,7.0,7.0,0
1999-02-12,7.0,7.0,7.0,7.0,7.0,0
1999-02-16,7.0,7.0,7.0,7.0,7.0,0
1999-02-17,7.0,7.0,7.0,7.0,7.0,0
1999-02-18,8.5,8.5,8.5,8.5,8.5,100
1999-02-19,6.53125,9.0,6.53125,8.5,8.5,1600
1999-02-22,7.53125,7.53125,7.5,7.5,7.5,1100
1999-02-23,8.25,8.25,8.25,8.25,8.25,400
1999-02-24,7.28125,7.28125,7.28125,7.28125,7.28125,100
1999-02-25,7.28125,7.28125,7.28125,7.28125,7.28125,0
1999-02-26,7.28125,8.5,7.25,8.5,8.5,2200
1999-03-01,8.5,8.5,8.5,8.5,8.5,0
1999-03-02,8.5,8.5,8.5,8.5,8.5,0
1999-03-03,8.5,8.5,8.5,8.5,8.5,0
1999-03-04,7.25,7.25,7.25,7.25,7.25,200
1999-03-05,7.375,8.25,7.25,8.25,8.25,2700
1999-03-08,8.25,8.25,8.25,8.25,8.25,0
1999-03-09,8.25,8.25,8.25,8.25,8.25,0
1999-03-10,8.25,8.25,8.25,8.25,8.25,0
1999-03-11,8.25,8.25,8.25,8.25,8.25,100
1999-03-12,8.25,8.25,8.25,8.25,8.25,0
1999-03-15,7.25,7.25,7.25,7.25,7.25,300
1999-03-16,7.25,7.25,7.25,7.25,7.25,0
1999-03-17,7.25,7.25,7.25,7.25,7.25,0
1999-03-18,7.25,7.25,7.25,7.25,7.25,0
1999-03-19,7.25,7.25,7.25,7.25,7.25,0
1999-03-22,7.25,7.25,7.25,7.25,7.25,0
1999-03-23,7.25,7.25,7.25,7.25,7.25,100
1999-03-24,7.25,7.25,7.25,7.25,7.25,0
1999-03-25,7.25,7.25,7.25,7.25,7.25,0
1999-03-26,7.25,7.25,7.25,7.25,7.25,0
1999-03-29,7.25,7.25,7.25,7.25,7.25,0
1999-03-30,7.25,7.25,7.25,7.25,7.25,0
1999-03-31,7.125,7.125,7.0,7.0,7.0,16100
1999-04-01,7.0,7.0,5.875,6.25,6.25,33000
1999-04-05,6.25,6.25,6.25,6.25,6.25,0
1999-04-06,5.25,5.25,5.25,5.25,5.25,100
1999-04-07,5.25,5.25,5.25,5.25,5.25,0
1999-04-08,5.625,5.625,5.625,5.625,5.625,500
1999-04-09,5.625,5.625,5.625,5.625,5.625,0
1999-04-12,5.375,5.375,5.375,5.375,5.375,500
1999-04-13,5.375,5.375,5.375,5.375,5.375,0
1999-04-14,5.375,5.375,3.75,4.453125,4.453125,12400
1999-04-15,5.5,5.5,3.25,3.6875,3.6875,24000
1999-04-16,3.6875,3.875,3.375,3.4375,3.4375,12400
1999-04-19,3.9375,6.875,3.9375,6.5,6.5,34100
1999-04-20,6.5,6.5,5.125,5.75,5.75,17400
1999-04-21,6.75,7.0,6.0,6.0,6.0,7800
1999-04-22,6.75,6.9375,6.75,6.9375,6.9375,500
1999-04-23,6.0625,6.9375,6.0625,6.0625,6.0625,1000
1999-04-26,6.0625,6.25,6.0,6.0,6.0,800
1999-04-27,6.9375,6.9375,6.9375,6.9375,6.9375,100
1999-04-28,6.125,6.125,6.125,6.125,6.125,100
1999-04-29,6.1875,6.8125,6.1875,6.8125,6.8125,400
1999-04-30,6.375,7.0,6.375,6.375,6.375,3200
1999-05-03,6.375,6.375,6.375,6.375,6.375,0
1999-05-04,6.375,6.375,6.375,6.375,6.375,0
1999-05-05,6.375,6.375,6.375,6.375,6.375,0
1999-05-06,6.375,6.375,6.375,6.375,6.375,0
1999-05-07,6.375,6.375,6.375,6.375,6.375,0
1999-05-10,6.375,6.375,6.375,6.375,6.375,0
1999-05-11,7.0,7.375,7.0,7.375,7.375,200
1999-05-12,7.375,7.375,7.375,7.375,7.375,0
1999-05-13,7.375,7.375,7.0,7.0,7.0,200
1999-05-14,7.0625,7.0625,6.875,7.0,7.0,2000
1999-05-17,7.0,7.0,7.0,7.0,7.0,0
1999-05-18,6.875,6.875,6.875,6.875,6.875,300
1999-05-19,6.75,6.75,6.75,6.75,6.75,300
1999-05-20,6.75,6.75,6.75,6.75,6.75,0
1999-05-21,6.75,6.75,6.75,6.75,6.75,0
1999-05-24,6.75,6.75,6.75,6.75,6.75,100
1999-05-25,6.75,6.75,6.75,6.75,6.75,0
1999-05-26,6.75,6.75,6.75,6.75,6.75,100
1999-05-27,7.0,7.0,7.0,7.0,7.0,100
1999-05-28,7.0,7.0,7.0,7.0,7.0,0
1999-06-01,7.0,7.0,7.0,7.0,7.0,0
1999-06-02,7.0,7.0,7.0,7.0,7.0,0
1999-06-03,6.9375,6.9375,6.75,6.75,6.75,500
1999-06-04,6.75,6.75,6.375,6.375,6.375,2700
1999-06-07,6.375,6.375,6.375,6.375,6.375,0
1999-06-08,6.375,6.375,6.375,6.375,6.375,0
1999-06-09,6.375,6.375,6.375,6.375,6.375,0
1999-06-10,6.375,6.375,6.375,6.375,6.375,0
1999-06-11,6.375,6.375,6.375,6.375,6.375,0
1999-06-14,6.375,6.375,6.375,6.375,6.375,0
1999-06-15,6.625,6.625,6.625,6.625,6.625,2500
1999-06-16,6.5625,6.5625,5.5,5.75,5.75,3100
1999-06-17,5.0,5.5,5.0,5.125,5.125,23500
1999-06-18,5.0,5.0,4.6875,4.875,4.875,5600
1999-06-21,5.0625,5.0625,4.75,5.0625,5.0625,5100
1999-06-22,5.0,5.0,4.75,4.875,4.875,23200
1999-06-23,5.0,5.0,4.875,5.0,5.0,1400
1999-06-24,5.0,5.125,4.9375,5.125,5.125,11000
1999-06-25,5.125,5.125,5.125,5.125,5.125,0
1999-06-28,5.125,5.125,5.125,5.125,5.125,0
1999-06-29,5.125,5.125,5.125,5.125,5.125,0
1999-06-30,5.125,5.125,5.125,5.125,5.125,0
1999-07-01,5.125,5.125,5.125,5.125,5.125,0
1999-07-02,5.125,5.125,5.0,5.0,5.0,6200
1999-07-06,5.0625,5.0625,5.0,5.0,5.0,8400
1999-07-07,5.375,6.5,5.375,6.5,6.5,4800
1999-07-08,6.5,7.5,6.0,6.25,6.25,3200
1999-07-09,6.25,6.25,6.25,6.25,6.25,0
1999-07-12,6.25,6.25,6.25,6.25,6.25,0
1999-07-13,6.25,6.25,6.25,6.25,6.25,0
1999-07-14,6.25,6.25,6.25,6.25,6.25,0
1999-07-15,6.25,6.25,6.25,6.25,6.25,0
1999-07-16,6.25,6.25,6.25,6.25,6.25,0
1999-07-19,6.25,6.25,6.25,6.25,6.25,0
1999-07-20,6.5625,6.5625,6.5625,6.5625,6.5625,200
1999-07-21,6.5625,6.5625,6.0625,6.5625,6.5625,1200
1999-07-22,6.1875,6.1875,6.1875,6.1875,6.1875,100
1999-07-23,6.1875,6.1875,6.1875,6.1875,6.1875,400
1999-07-26,6.1875,6.1875,6.1875,6.1875,6.1875,0
1999-07-27,6.1875,6.1875,6.1875,6.1875,6.1875,0
1999-07-28,6.1875,6.1875,6.1875,6.1875,6.1875,0
1999-07-29,7.25,8.0,7.25,8.0,8.0,1900
1999-07-30,7.9375,7.9375,7.9375,7.9375,7.9375,200
1999-08-02,7.25,7.25,7.25,7.25,7.25,1000
1999-08-03,6.5,6.5,6.5,6.5,6.5,200
1999-08-04,6.5,6.5,6.5,6.5,6.5,0
1999-08-05,6.5,6.5,6.5,6.5,6.5,0
1999-08-06,6.5,6.5,6.5,6.5,6.5,0
1999-08-09,6.5,6.5,6.5,6.5,6.5,0
1999-08-10,6.0,6.25,6.0,6.25,6.25,1500
1999-08-11,5.3125,5.3125,5.3125,5.3125,5.3125,100
1999-08-12,6.0,6.0,5.875,5.875,5.875,800
1999-08-13,6.0,6.125,6.0,6.125,6.125,700
1999-08-16,6.125,6.125,6.125,6.125,6.125,0
1999-08-17,6.0,6.25,6.0,6.25,6.25,3000
1999-08-18,6.25,6.25,6.25,6.25,6.25,0
1999-08-19,6.25,6.25,6.25,6.25,6.25,0
1999-08-20,5.375,5.375,5.375,5.375,5.375,1000
1999-08-23,5.5625,5.5625,5.5625,5.5625,5.5625,300
1999-08-24,5.5625,5.5625,5.5625,5.5625,5.5625,0
1999-08-25,5.25,5.25,5.125,5.125,5.125,1800
1999-08-26,5.125,5.125,5.125,5.125,5.125,0
1999-08-27,5.125,5.125,5.125,5.125,5.125,0
1999-08-30,5.125,5.125,5.125,5.125,5.125,200
1999-08-31,5.125,5.125,5.125,5.125,5.125,2100
1999-09-01,5.125,5.375,5.125,5.34375,5.34375,2900
1999-09-02,5.34375,5.34375,5.34375,5.34375,5.34375,0
1999-09-03,5.34375,5.34375,5.34375,5.34375,5.34375,0
1999-09-07,5.34375,5.34375,5.34375,5.34375,5.34375,0
1999-09-08,5.34375,5.34375,5.34375,5.34375,5.34375,0
1999-09-09,5.34375,5.34375,5.34375,5.34375,5.34375,0
1999-09-10,5.34375,5.34375,5.34375,5.34375,5.34375,0
1999-09-13,5.34375,5.34375,5.34375,5.34375,5.34375,0
1999-09-14,5.34375,5.34375,5.34375,5.34375,5.34375,0
1999-09-15,5.34375,5.34375,5.34375,5.34375,5.34375,0
1999-09-16,5.34375,5.34375,5.34375,5.34375,5.34375,0
1999-09-17,5.34375,5.34375,5.34375,5.34375,5.34375,0
1999-09-20,5.34375,5.34375,5.34375,5.34375,5.34375,0
1999-09-21,5.34375,5.34375,5.34375,5.34375,5.34375,0
1999-09-22,5.34375,5.34375,5.34375,5.34375,5.34375,0
1999-09-23,5.34375,5.34375,5.34375,5.34375,5.34375,0
1999-09-24,5.5,5.5,5.25,5.25,5.25,1600
1999-09-27,5.375,5.375,5.375,5.375,5.375,1000
1999-09-28,5.375,5.375,5.375,5.375,5.375,0
1999-09-29,5.375,5.375,5.375,5.375,5.375,7600
1999-09-30,5.375,5.375,5.3125,5.3125,5.3125,14200
1999-10-01,5.375,5.375,5.375,5.375,5.375,6000
1999-10-04,5.375,5.40625,5.375,5.375,5.375,14200
1999-10-05,5.375,5.375,5.375,5.375,5.375,2900
1999-10-06,5.375,5.375,5.3125,5.3125,5.3125,4600
1999-10-07,5.375,5.375,5.375,5.375,5.375,100
1999-10-08,5.375,5.375,5.375,5.375,5.375,1000
1999-10-11,5.375,5.375,5.375,5.375,5.375,0
1999-10-12,5.375,5.375,5.375,5.375,5.375,0
1999-10-13,5.375,5.375,5.375,5.375,5.375,0
1999-10-14,5.375,5.375,5.375,5.375,5.375,0
1999-10-15,5.375,5.375,5.375,5.375,5.375,0
1999-10-18,6.25,6.25,5.40625,6.25,6.25,3600
1999-10-19,6.25,6.25,6.25,6.25,6.25,0
1999-10-20,6.25,6.25,6.25,6.25,6.25,0
1999-10-21,6.0,6.0,6.0,6.0,6.0,300
1999-10-22,6.0,6.0,6.0,6.0,6.0,0
1999-10-25,6.0,6.0,6.0,6.0,6.0,0
1999-10-26,6.0,6.0,6.0,6.0,6.0,0
1999-10-27,6.0,6.0,6.0,6.0,6.0,0
1999-10-28,6.0,6.0,6.0,6.0,6.0,200
1999-10-29,6.0,6.0,6.0,6.0,6.0,0
1999-11-01,6.375,6.375,6.375,6.375,6.375,300
1999-11-02,6.125,6.375,6.125,6.375,6.375,3500
1999-11-03,6.375,6.375,6.375,6.375,6.375,0
1999-11-04,6.375,6.375,6.375,6.375,6.375,0
1999-11-05,5.75,5.75,5.0,5.0,5.0,900
1999-11-08,5.75,5.75,5.75,5.75,5.75,200
1999-11-09,5.125,5.25,5.125,5.21875,5.21875,15300
1999-11-10,5.25,5.25,5.25,5.25,5.25,3000
1999-11-11,5.25,5.25,5.25,5.25,5.25,0
1999-11-12,5.25,5.25,5.25,5.25,5.25,0
1999-11-15,5.25,5.25,5.25,5.25,5.25,0
1999-11-16,5.25,5.25,5.25,5.25,5.25,0
1999-11-17,5.25,5.25,5.25,5.25,5.25,300
1999-11-18,5.75,5.75,5.75,5.75,5.75,300
1999-11-19,5.75,5.75,5.75,5.75,5.75,0
1999-11-22,5.75,5.75,5.75,5.75,5.75,0
1999-11-23,5.75,5.75,5.75,5.75,5.75,0
1999-11-24,5.75,5.75,5.75,5.75,5.75,0
1999-11-26,5.75,5.75,5.75,5.75,5.75,0
1999-11-29,5.75,5.75,5.75,5.75,5.75,0
1999-11-30,5.75,5.75,5.75,5.75,5.75,0
1999-12-01,5.75,5.75,5.75,5.75,5.75,0
1999-12-02,5.75,5.75,5.75,5.75,5.75,0
1999-12-03,5.75,5.75,5.75,5.75,5.75,0
1999-12-06,5.75,5.75,5.75,5.75,5.75,0
1999-12-07,5.75,5.75,5.75,5.75,5.75,0
1999-12-08,5.828125,6.0,5.28125,5.28125,5.28125,2400
1999-12-09,5.53125,5.53125,5.53125,5.53125,5.53125,1000
1999-12-10,5.53125,5.53125,5.53125,5.53125,5.53125,0
1999-12-13,5.5,5.5,5.5,5.5,5.5,500
1999-12-14,5.5,5.5,5.5,5.5,5.5,0
1999-12-15,5.5,5.5,5.5,5.5,5.5,0
1999-12-16,5.5,5.5,5.5,5.5,5.5,0
1999-12-17,5.5,5.5,5.5,5.5,5.5,0
1999-12-20,5.5,5.5,5.5,5.5,5.5,0
1999-12-21,5.625,5.625,5.625,5.625,5.625,1100
1999-12-22,5.5,5.5,5.5,5.5,5.5,200
1999-12-23,5.5,5.5,5.5,5.5,5.5,0
1999-12-27,5.5,5.5,5.5,5.5,5.5,0
1999-12-28,5.5,5.5,5.5,5.5,5.5,0
1999-12-29,5.5,5.5,5.5,5.5,5.5,0
1999-12-30,5.5,5.5,5.5,5.5,5.5,0
1999-12-31,5.5,5.5,5.5,5.5,5.5,300
2000-01-03,5.5,5.5,5.5,5.5,5.5,0
2000-01-04,5.5,5.5,5.5,5.5,5.5,0
2000-01-05,5.5,5.5,5.5,5.5,5.5,0
2000-01-06,5.5,5.5,5.5,5.5,5.5,0
2000-01-07,5.5,5.5,5.5,5.5,5.5,0
2000-01-10,5.5,5.5,5.5,5.5,5.5,0
2000-01-11,5.5,5.5,5.5,5.5,5.5,0
2000-01-12,5.5625,5.5625,5.5,5.5,5.5,700
2000-01-13,5.5,5.5,5.5,5.5,5.5,300
2000-01-14,5.5,5.5,5.5,5.5,5.5,0
2000-01-18,5.5,5.5,5.5,5.5,5.5,0
2000-01-19,5.984375,5.984375,5.984375,5.984375,5.984375,500
2000-01-20,6.0,6.0,5.25,5.25,5.25,400
2000-01-21,5.25,5.25,5.25,5.25,5.25,0
2000-01-24,5.25,5.25,5.25,5.25,5.25,0
2000-01-25,5.25,5.25,5.25,5.25,5.25,0
2000-01-26,5.25,5.25,5.25,5.25,5.25,0
2000-01-27,5.25,5.25,5.25,5.25,5.25,400
2000-01-28,5.25,5.25,5.25,5.25,5.25,0
2000-01-31,5.8125,5.8125,5.8125,5.8125,5.8125,100
2000-02-01,5.8125,5.8125,5.8125,5.8125,5.8125,0
2000-02-02,5.8125,5.8125,5.8125,5.8125,5.8125,0
2000-02-03,5.25,5.25,5.25,5.25,5.25,1000
2000-02-04,5.25,5.25,5.25,5.25,5.25,0
2000-02-07,5.265625,5.265625,5.265625,5.265625,5.265625,300
2000-02-08,5.265625,5.265625,5.265625,5.265625,5.265625,0
2000-02-09,5.265625,5.265625,5.265625,5.265625,5.265625,0
2000-02-10,5.265625,5.265625,5.265625,5.265625,5.265625,0
2000-02-11,5.265625,5.265625,5.265625,5.265625,5.265625,0
2000-02-14,5.265625,5.265625,5.265625,5.265625,5.265625,0
2000-02-15,5.265625,5.265625,5.265625,5.265625,5.265625,0
2000-02-16,5.5,5.5,5.25,5.25,5.25,1400
2000-02-17,5.25,5.25,5.25,5.25,5.25,0
2000-02-18,5.25,5.25,5.25,5.25,5.25,0
2000-02-22,5.25,5.25,5.25,5.25,5.25,0
2000-02-23,5.25,5.25,5.25,5.25,5.25,0
2000-02-24,5.25,5.25,5.25,5.25,5.25,0
2000-02-25,5.0625,5.0625,5.0625,5.0625,5.0625,7200
2000-02-28,5.0625,5.0625,5.0625,5.0625,5.0625,0
2000-02-29,5.0625,5.0625,5.0625,5.0625,5.0625,0
2000-03-01,5.1875,5.1875,5.0,5.0,5.0,10200
2000-03-02,5.0,5.0,5.0,5.0,5.0,0
2000-03-03,5.1875,5.1875,5.1875,5.1875,5.1875,4000
2000-03-06,5.1875,5.1875,5.1875,5.1875,5.1875,2000
2000-03-07,5.1875,5.1875,5.1875,5.1875,5.1875,0
2000-03-08,5.1875,5.1875,5.1875,5.1875,5.1875,0
2000-03-09,5.1875,5.1875,5.1875,5.1875,5.1875,0
2000-03-10,5.5,5.5,5.5,5.5,5.5,300
2000-03-13,5.5,5.5,5.5,5.5,5.5,0
2000-03-14,5.5,5.5,5.5,5.5,5.5,0
2000-03-15,5.5,5.5,5.5,5.5,5.5,0
2000-03-16,5.5,5.5,5.5,5.5,5.5,0
2000-03-17,5.5,5.5,5.5,5.5,5.5,0
2000-03-20,5.5,5.5,5.5,5.5,5.5,0
2000-03-21,5.5,5.5,5.5,5.5,5.5,0
2000-03-22,5.5,5.5,5.5,5.5,5.5,0
2000-03-23,5.5,5.5,5.5,5.5,5.5,0
2000-03-24,5.375,5.40625,5.375,5.40625,5.40625,191000
2000-03-27,5.40625,5.40625,5.40625,5.40625,5.40625,0
2000-03-28,5.40625,5.40625,5.40625,5.40625,5.40625,2800
2000-03-29,5.40625,5.40625,5.40625,5.40625,5.40625,0
2000-03-30,5.40625,5.40625,5.40625,5.40625,5.40625,0
2000-03-31,5.5,5.5,5.5,5.5,5.5,6000
2000-04-03,5.5625,5.5625,5.5625,5.5625,5.5625,2000
2000-04-04,5.375,5.375,5.375,5.375,5.375,200
2000-04-05,5.375,5.375,5.375,5.375,5.375,0
2000-04-06,5.375,5.375,5.375,5.375,5.375,0
2000-04-07,5.375,5.375,5.375,5.375,5.375,0
2000-04-10,6.125,6.125,6.125,6.125,6.125,100
2000-04-11,6.125,6.125,6.125,6.125,6.125,0
2000-04-12,6.125,6.125,6.125,6.125,6.125,0
2000-04-13,6.125,6.125,6.125,6.125,6.125,1800
2000-04-14,5.6875,5.6875,5.25,5.25,5.25,700
2000-04-17,5.25,5.25,5.25,5.25,5.25,0
2000-04-18,5.25,5.25,5.25,5.25,5.25,0
2000-04-19,5.25,5.25,5.25,5.25,5.25,0
2000-04-20,5.25,5.25,5.25,5.25,5.25,0
2000-04-24,5.25,5.25,5.25,5.25,5.25,0
2000-04-25,5.25,5.25,5.25,5.25,5.25,0
2000-04-26,5.25,5.25,5.25,5.25,5.25,0
2000-04-27,5.25,5.25,5.25,5.25,5.25,0
2000-04-28,5.25,5.25,5.25,5.25,5.25,0
2000-05-01,5.25,5.25,5.25,5.25,5.25,0
2000-05-02,5.25,5.25,5.25,5.25,5.25,0
2000-05-03,5.25,5.25,5.25,5.25,5.25,0
2000-05-04,5.25,5.25,5.25,5.25,5.25,0
2000-05-05,5.25,5.25,5.25,5.25,5.25,0
2000-05-08,5.25,5.25,5.25,5.25,5.25,0
2000-05-09,4.75,4.75,4.75,4.75,4.75,1200
2000-05-10,4.75,4.75,4.75,4.75,4.75,0
2000-05-11,4.75,4.75,4.75,4.75,4.75,0
2000-05-12,4.75,4.75,4.75,4.75,4.75,0
2000-05-15,4.75,4.75,4.75,4.75,4.75,0
2000-05-16,4.75,4.75,4.75,4.75,4.75,100
2000-05-17,4.75,4.75,4.75,4.75,4.75,0
2000-05-18,4.75,4.75,4.75,4.75,4.75,0
2000-05-19,4.75,4.75,4.75,4.75,4.75,0
2000-05-22,4.75,4.75,4.75,4.75,4.75,0
2000-05-23,4.75,4.75,4.75,4.75,4.75,0
2000-05-24,4.75,4.75,4.75,4.75,4.75,0
2000-05-25,5.75,5.75,5.75,5.75,5.75,200
2000-05-26,5.75,5.75,5.75,5.75,5.75,0
2000-05-30,4.75,4.75,4.75,4.75,4.75,400
2000-05-31,4.75,4.75,4.75,4.75,4.75,0
2000-06-01,4.75,4.75,4.75,4.75,4.75,0
2000-06-02,4.75,4.75,4.75,4.75,4.75,0
2000-06-05,4.875,4.875,4.875,4.875,4.875,100
2000-06-06,4.875,4.875,4.875,4.875,4.875,0
2000-06-07,5.5,5.75,5.5,5.75,5.75,1100
2000-06-08,5.75,5.75,5.75,5.75,5.75,0
2000-06-09,5.75,5.75,5.75,5.75,5.75,0
2000-06-12,5.75,5.75,5.75,5.75,5.75,0
2000-06-13,5.75,5.75,5.75,5.75,5.75,0
2000-06-14,5.75,5.75,5.75,5.75,5.75,0
2000-06-15,5.75,5.75,5.75,5.75,5.75,0
2000-06-16,5.75,5.75,5.75,5.75,5.75,0
2000-06-19,5.75,5.75,5.75,5.75,5.75,0
2000-06-20,5.0,5.0,4.5,4.5,4.5,4000
2000-06-21,5.75,5.75,5.125,5.125,5.125,4400
2000-06-22,4.75,4.75,4.75,4.75,4.75,500
2000-06-23,4.75,4.75,4.75,4.75,4.75,400
2000-06-26,4.75,4.75,4.75,4.75,4.75,0
2000-06-27,4.75,4.75,4.75,4.75,4.75,0
2000-06-28,4.75,4.75,4.75,4.75,4.75,0
2000-06-29,5.0,5.0,5.0,5.0,5.0,500
2000-06-30,5.0,5.0,5.0,5.0,5.0,0
2000-07-03,5.0,5.0,5.0,5.0,5.0,0
2000-07-05,5.0,5.0,5.0,5.0,5.0,0
2000-07-06,5.875,5.875,5.875,5.875,5.875,1000
2000-07-07,5.25,5.25,5.25,5.25,5.25,500
2000-07-10,5.25,5.25,5.25,5.25,5.25,0
2000-07-11,5.25,5.25,5.25,5.25,5.25,0
2000-07-12,5.5,5.5,5.5,5.5,5.5,300
2000-07-13,5.5,5.5,5.5,5.5,5.5,0
2000-07-14,6.0,6.0,6.0,6.0,6.0,900
2000-07-17,6.25,7.0,6.25,7.0,7.0,800
2000-07-18,7.0,7.0,7.0,7.0,7.0,0
2000-07-19,7.0,7.0,7.0,7.0,7.0,0
2000-07-20,7.0,7.0,7.0,7.0,7.0,0
2000-07-21,7.0,7.0,7.0,7.0,7.0,0
2000-07-24,7.0,7.0,7.0,7.0,7.0,0
2000-07-25,7.0,7.0,7.0,7.0,7.0,0
2000-07-26,7.0,7.0,7.0,7.0,7.0,0
2000-07-27,7.0,7.0,7.0,7.0,7.0,0
2000-07-28,7.0,7.0,7.0,7.0,7.0,0
2000-07-31,7.0,7.0,7.0,7.0,7.0,0
2000-08-01,5.75,5.75,5.75,5.75,5.75,1700
2000-08-02,6.625,6.625,6.625,6.625,6.625,400
2000-08-03,6.75,6.75,6.75,6.75,6.75,200
2000-08-04,6.75,6.75,6.75,6.75,6.75,0
2000-08-07,6.75,6.75,6.75,6.75,6.75,0
2000-08-08,6.75,6.75,6.75,6.75,6.75,0
2000-08-09,6.75,6.75,6.75,6.75,6.75,0
2000-08-10,6.75,6.75,6.75,6.75,6.75,0
2000-08-11,6.75,6.75,6.75,6.75,6.75,0
2000-08-14,7.0,10.0,7.0,10.0,10.0,1500
2000-08-15,9.75,10.0,9.75,9.75,9.75,3900
2000-08-16,9.75,9.75,9.75,9.75,9.75,0
2000-08-17,9.75,9.75,9.75,9.75,9.75,0
2000-08-18,9.875,9.875,7.0,7.0,7.0,500
2000-08-21,7.0,7.0,7.0,7.0,7.0,0
2000-08-22,7.0,7.0,7.0,7.0,7.0,0
2000-08-23,9.75,9.75,9.75,9.75,9.75,300
2000-08-24,9.75,9.75,9.75,9.75,9.75,400
2000-08-25,7.5,10.0,7.5,9.0,9.0,1900
2000-08-28,9.0,9.0,9.0,9.0,9.0,0
2000-08-29,7.5,7.5,7.5,7.5,7.5,200
2000-08-30,7.5,7.5,7.5,7.5,7.5,0
2000-08-31,10.75,14.0,9.0,9.0,9.0,2500
2000-09-01,9.25,14.0,9.25,10.5,10.5,3200
2000-09-05,10.5,10.5,10.5,10.5,10.5,0
2000-09-06,12.75,12.75,12.75,12.75,12.75,500
2000-09-07,9.5,10.5,9.5,10.5,10.5,1200
2000-09-08,10.5,10.5,10.5,10.5,10.5,0
2000-09-11,10.75,10.75,9.25,9.25,9.25,1600
2000-09-12,9.25,9.25,9.25,9.25,9.25,0
2000-09-13,10.75,10.75,10.75,10.75,10.75,200
2000-09-14,10.0,10.0,10.0,10.0,10.0,400
2000-09-15,10.0,10.0,10.0,10.0,10.0,0
2000-09-18,9.5,9.5,9.5,9.5,9.5,200
2000-09-19,10.0,10.0,10.0,10.0,10.0,300
2000-09-20,9.5,9.5,9.5,9.5,9.5,900
2000-09-21,9.5,9.5,9.5,9.5,9.5,1000
2000-09-22,9.5,9.5,9.5,9.5,9.5,0
2000-09-25,9.5,9.5,9.5,9.5,9.5,900
2000-09-26,9.5,9.5,9.5,9.5,9.5,0
2000-09-27,9.0,9.0,9.0,9.0,9.0,2400
2000-09-28,9.0,9.0,9.0,9.0,9.0,0
2000-09-29,9.0,9.0,9.0,9.0,9.0,0
2000-10-02,9.0,9.0,9.0,9.0,9.0,0
2000-10-03,8.75,8.75,8.75,8.75,8.75,200
2000-10-04,8.75,8.75,8.75,8.75,8.75,0
2000-10-05,8.75,8.75,8.75,8.75,8.75,0
2000-10-06,8.75,8.75,8.75,8.75,8.75,0
2000-10-09,8.75,8.75,8.75,8.75,8.75,0
2000-10-10,8.75,8.75,8.75,8.75,8.75,0
2000-10-11,8.75,8.75,8.75,8.75,8.75,0
2000-10-12,8.75,8.75,8.75,8.75,8.75,0
2000-10-13,8.75,8.75,8.75,8.75,8.75,0
2000-10-16,8.5,8.5,8.5,8.5,8.5,100
2000-10-17,8.5,8.5,8.5,8.5,8.5,100
2000-10-18,8.5,8.5,8.5,8.5,8.5,0
2000-10-19,8.5,8.5,8.5,8.5,8.5,0
2000-10-20,8.5,8.5,8.5,8.5,8.5,0
2000-10-23,8.5,8.5,8.5,8.5,8.5,0
2000-10-24,8.5,8.5,8.5,8.5,8.5,0
2000-10-25,8.5,8.5,8.5,8.5,8.5,25000
2000-10-26,8.5,8.5,8.5,8.5,8.5,0
2000-10-27,8.5,8.5,8.5,8.5,8.5,0
2000-10-30,8.5,8.5,8.5,8.5,8.5,0
2000-10-31,8.5,8.5,8.5,8.5,8.5,0
2000-11-01,8.5,8.5,8.5,8.5,8.5,0
2000-11-02,8.5,8.5,8.5,8.5,8.5,0
2000-11-03,8.5,8.5,8.5,8.5,8.5,0
2000-11-06,8.5,8.5,8.5,8.5,8.5,0
2000-11-07,8.5,8.5,8.5,8.5,8.5,0
2000-11-08,8.5,8.5,8.5,8.5,8.5,0
2000-11-09,8.5,8.5,8.5,8.5,8.5,0
2000-11-10,8.5,8.5,8.5,8.5,8.5,0
2000-11-13,8.5,8.5,8.5,8.5,8.5,0
2000-11-14,8.0,8.0,8.0,8.0,8.0,1000
2000-11-15,8.0,8.0,8.0,8.0,8.0,0
2000-11-16,8.0,8.0,8.0,8.0,8.0,0
2000-11-17,8.0,8.0,8.0,8.0,8.0,0
2000-11-20,8.0,8.0,8.0,8.0,8.0,0
2000-11-21,8.0,8.0,8.0,8.0,8.0,0
2000-11-22,9.0,9.0,9.0,9.0,9.0,300
2000-11-24,9.0,9.0,9.0,9.0,9.0,0
2000-11-27,9.0,9.0,9.0,9.0,9.0,0
2000-11-28,9.0,9.0,9.0,9.0,9.0,0
2000-11-29,9.0,9.0,9.0,9.0,9.0,0
2000-11-30,7.59375,7.59375,7.59375,7.59375,7.59375,200
2000-12-01,7.59375,7.59375,7.59375,7.59375,7.59375,0
2000-12-04,8.75,8.75,8.75,8.75,8.75,600
2000-12-05,8.75,8.75,8.75,8.75,8.75,0
2000-12-06,8.75,8.75,8.75,8.75,8.75,0
2000-12-07,8.75,8.75,8.75,8.75,8.75,0
2000-12-08,8.75,8.75,8.75,8.75,8.75,0
2000-12-11,8.75,8.75,8.75,8.75,8.75,400
2000-12-12,8.75,8.75,8.75,8.75,8.75,0
2000-12-13,7.90625,7.90625,7.90625,7.90625,7.90625,300
2000-12-14,7.90625,7.90625,7.90625,7.90625,7.90625,0
2000-12-15,7.90625,7.90625,7.90625,7.90625,7.90625,0
2000-12-18,7.90625,7.90625,7.90625,7.90625,7.90625,0
2000-12-19,7.90625,7.90625,7.90625,7.90625,7.90625,0
2000-12-20,7.90625,7.90625,7.90625,7.90625,7.90625,0
2000-12-21,7.921875,7.921875,7.921875,7.921875,7.921875,200
2000-12-22,7.921875,7.921875,7.921875,7.921875,7.921875,0
2000-12-26,7.921875,7.921875,7.921875,7.921875,7.921875,0
2000-12-27,7.921875,7.921875,7.921875,7.921875,7.921875,0
2000-12-28,7.921875,7.921875,7.921875,7.921875,7.921875,0
2000-12-29,7.921875,7.921875,7.921875,7.921875,7.921875,0
2001-01-02,7.921875,7.921875,7.921875,7.921875,7.921875,0
2001-01-03,10.5,10.5,10.5,10.5,10.5,700
2001-01-04,10.5,10.5,10.5,10.5,10.5,0
2001-01-05,10.5,10.5,10.5,10.5,10.5,0
2001-01-08,10.5,10.5,10.5,10.5,10.5,0
2001-01-09,10.5,10.5,10.5,10.5,10.5,0
2001-01-10,10.5,10.5,10.5,10.5,10.5,0
2001-01-11,10.5,10.5,10.5,10.5,10.5,0
2001-01-12,10.5,10.5,10.5,10.5,10.5,0
2001-01-16,9.0,10.5,9.0,10.5,10.5,8800
2001-01-17,9.125,9.25,9.125,9.25,9.25,13100
2001-01-18,9.25,9.25,9.25,9.25,9.25,0
2001-01-19,9.25,9.25,9.25,9.25,9.25,0
2001-01-22,9.25,9.25,9.25,9.25,9.25,0
2001-01-23,9.25,9.25,9.25,9.25,9.25,0
2001-01-24,9.25,9.25,9.25,9.25,9.25,0
2001-01-25,9.25,9.25,9.25,9.25,9.25,0
2001-01-26,9.25,9.25,9.25,9.25,9.25,0
2001-01-29,9.25,9.25,9.25,9.25,9.25,0
2001-01-30,9.25,9.25,9.25,9.25,9.25,0
2001-01-31,9.25,9.25,9.25,9.25,9.25,0
2001-02-01,9.25,9.25,9.25,9.25,9.25,0
2001-02-02,9.6875,9.6875,9.6875,9.6875,9.6875,100
2001-02-05,9.6875,9.6875,9.6875,9.6875,9.6875,600
2001-02-06,9.6875,9.6875,9.6875,9.6875,9.6875,0
2001-02-07,9.6875,9.6875,9.6875,9.6875,9.6875,0
2001-02-08,9.6875,9.6875,9.6875,9.6875,9.6875,0
2001-02-09,9.6875,9.6875,9.6875,9.6875,9.6875,0
2001-02-12,9.6875,9.6875,9.6875,9.6875,9.6875,0
2001-02-13,10.0625,10.0625,10.0625,10.0625,10.0625,400
2001-02-14,10.125,10.125,10.125,10.125,10.125,400
2001-02-15,10.125,10.125,10.125,10.125,10.125,0
2001-02-16,10.125,10.125,10.125,10.125,10.125,0
2001-02-20,10.125,10.125,10.125,10.125,10.125,0
2001-02-21,10.125,10.125,10.125,10.125,10.125,0
2001-02-22,10.25,10.25,10.125,10.125,10.125,14600
2001-02-23,10.125,10.125,10.125,10.125,10.125,100
2001-02-26,10.125,10.125,10.125,10.125,10.125,0
2001-02-27,10.125,10.125,10.125,10.125,10.125,0
2001-02-28,10.125,10.125,10.125,10.125,10.125,0
2001-03-01,10.125,10.125,10.125,10.125,10.125,0
2001-03-02,10.125,10.125,10.125,10.125,10.125,0
2001-03-05,10.125,10.125,10.125,10.125,10.125,0
2001-03-06,10.125,10.125,10.125,10.125,10.125,0
2001-03-07,10.125,10.125,10.125,10.125,10.125,0
2001-03-08,10.125,10.125,10.125,10.125,10.125,0
2001-03-09,10.125,10.125,10.125,10.125,10.125,0
2001-03-12,10.125,10.125,10.125,10.125,10.125,0
2001-03-13,10.125,10.125,10.125,10.125,10.125,0
2001-03-14,10.125,10.125,10.125,10.125,10.125,0
2001-03-15,10.125,10.125,10.125,10.125,10.125,0
2001-03-16,10.125,10.125,10.125,10.125,10.125,0
2001-03-19,10.125,10.125,10.125,10.125,10.125,0
2001-03-20,11.6875,11.75,11.6875,11.75,11.75,1200
2001-03-21,11.75,11.75,11.75,11.75,11.75,0
2001-03-22,10.25,10.25,10.25,10.25,10.25,600
2001-03-23,10.25,10.25,10.25,10.25,10.25,0
2001-03-26,10.25,10.25,10.25,10.25,10.25,0
2001-03-27,10.25,10.25,10.25,10.25,10.25,0
2001-03-28,10.0,10.0,10.0,10.0,10.0,1500
2001-03-29,10.0,10.0,10.0,10.0,10.0,0
2001-03-30,10.0,10.0,10.0,10.0,10.0,0
2001-04-02,10.078125,10.078125,10.078125,10.078125,10.078125,1500
2001-04-03,10.078125,10.078125,10.078125,10.078125,10.078125,0
2001-04-04,10.078125,10.078125,10.078125,10.078125,10.078125,0
2001-04-05,10.078125,10.078125,10.078125,10.078125,10.078125,0
2001-04-06,10.078125,10.078125,10.078125,10.078125,10.078125,0
2001-04-09,10.079999923706055,10.079999923706055,10.079999923706055,10.079999923706055,10.079999923706055,0
2001-04-10,10.079999923706055,10.079999923706055,10.079999923706055,10.079999923706055,10.079999923706055,0
2001-04-11,10.079999923706055,10.079999923706055,10.079999923706055,10.079999923706055,10.079999923706055,0
2001-04-12,10.079999923706055,10.079999923706055,10.079999923706055,10.079999923706055,10.079999923706055,0
2001-04-16,10.079999923706055,10.079999923706055,10.079999923706055,10.079999923706055,10.079999923706055,0
2001-04-17,10.079999923706055,10.079999923706055,10.079999923706055,10.079999923706055,10.079999923706055,0
2001-04-18,10.079999923706055,10.079999923706055,10.079999923706055,10.079999923706055,10.079999923706055,0
2001-04-19,10.079999923706055,10.079999923706055,10.079999923706055,10.079999923706055,10.079999923706055,0
2001-04-20,10.079999923706055,10.079999923706055,10.079999923706055,10.079999923706055,10.079999923706055,0
2001-04-23,10.079999923706055,10.079999923706055,10.079999923706055,10.079999923706055,10.079999923706055,0
2001-04-24,10.079999923706055,10.079999923706055,10.079999923706055,10.079999923706055,10.079999923706055,0
2001-04-25,9.75,9.869999885559082,9.5,9.5,9.5,5400
2001-04-26,9.5,9.5,9.5,9.5,9.5,0
2001-04-27,9.5,9.5,9.5,9.5,9.5,0
2001-04-30,9.5,9.5,9.5,9.5,9.5,0
2001-05-01,9.5,9.5,9.5,9.5,9.5,0
2001-05-02,9.5,9.5,9.5,9.5,9.5,0
2001-05-03,9.5,9.5,9.5,9.5,9.5,0
2001-05-04,9.5,9.5,9.5,9.5,9.5,0
2001-05-07,9.5,9.5,9.5,9.5,9.5,0
2001-05-08,9.5,9.5,9.5,9.5,9.5,0
2001-05-09,9.5,9.5,9.5,9.5,9.5,0
2001-05-10,9.5,9.5,9.5,9.5,9.5,0
2001-05-11,9.5,9.5,9.5,9.5,9.5,0
2001-05-14,9.75,9.75,9.75,9.75,9.75,4100
2001-05-15,9.75,9.75,9.75,9.75,9.75,0
2001-05-16,9.75,9.75,9.75,9.75,9.75,0
2001-05-17,9.75,9.75,9.75,9.75,9.75,0
2001-05-18,9.75,9.75,9.75,9.75,9.75,0
2001-05-21,9.75,9.75,9.75,9.75,9.75,0
2001-05-22,9.75,9.75,9.75,9.75,9.75,0
2001-05-23,9.75,9.75,9.75,9.75,9.75,0
2001-05-24,9.75,9.75,9.75,9.75,9.75,0
2001-05-25,9.75,9.75,9.75,9.75,9.75,0
2001-05-29,9.75,9.75,9.75,9.75,9.75,0
2001-05-30,9.75,9.75,9.75,9.75,9.75,0
2001-05-31,9.75,9.75,9.75,9.75,9.75,0
2001-06-01,9.75,9.75,9.75,9.75,9.75,0
2001-06-04,9.75,9.75,9.75,9.75,9.75,0
2001-06-05,9.75,9.75,9.75,9.75,9.75,0
2001-06-06,9.75,9.75,9.75,9.75,9.75,0
2001-06-07,9.75,9.75,9.75,9.75,9.75,0
2001-06-08,9.75,9.75,9.75,9.75,9.75,0
2001-06-11,9.75,9.75,9.75,9.75,9.75,0
2001-06-12,9.75,9.75,9.75,9.75,9.75,0
2001-06-13,9.75,9.75,9.75,9.75,9.75,0
2001-06-14,9.75,9.75,9.75,9.75,9.75,0
2001-06-15,9.75,9.75,9.75,9.75,9.75,0
2001-06-18,9.75,9.75,9.75,9.75,9.75,0
2001-06-19,9.75,9.75,9.75,9.75,9.75,0
2001-06-20,9.75,9.75,9.75,9.75,9.75,0
2001-06-21,9.75,9.75,9.75,9.75,9.75,0
2001-06-22,9.75,9.75,9.75,9.75,9.75,0
2001-06-25,9.75,9.75,9.75,9.75,9.75,0
2001-06-26,9.5,9.5,9.5,9.5,9.5,600
2001-06-27,9.5,9.5,9.5,9.5,9.5,0
2001-06-28,9.5,9.5,9.5,9.5,9.5,0
2001-06-29,9.5,9.5,9.5,9.5,9.5,0
2001-07-02,9.5,9.5,9.5,9.5,9.5,0
2001-07-03,9.550000190734863,9.550000190734863,9.5,9.5,9.5,400
2001-07-05,9.5,9.5,9.5,9.5,9.5,0
2001-07-06,9.5,9.5,9.5,9.5,9.5,0
2001-07-09,9.5,9.5,9.5,9.5,9.5,0
2001-07-10,9.5,9.5,9.5,9.5,9.5,0
2001-07-11,9.5,9.5,9.5,9.5,9.5,0
2001-07-12,9.5,9.5,9.5,9.5,9.5,0
2001-07-13,9.5,9.5,9.5,9.5,9.5,0
2001-07-16,9.550000190734863,9.550000190734863,9.550000190734863,9.550000190734863,9.550000190734863,400
2001-07-17,9.550000190734863,9.550000190734863,9.550000190734863,9.550000190734863,9.550000190734863,0
2001-07-18,9.550000190734863,9.550000190734863,9.550000190734863,9.550000190734863,9.550000190734863,0
2001-07-19,9.550000190734863,9.550000190734863,9.550000190734863,9.550000190734863,9.550000190734863,0
2001-07-20,9.550000190734863,9.550000190734863,9.550000190734863,9.550000190734863,9.550000190734863,0
2001-07-23,9.550000190734863,9.550000190734863,9.550000190734863,9.550000190734863,9.550000190734863,0
2001-07-24,9.949999809265137,9.949999809265137,9.949999809265137,9.949999809265137,9.949999809265137,300
2001-07-25,9.949999809265137,9.949999809265137,9.949999809265137,9.949999809265137,9.949999809265137,0
2001-07-26,9.949999809265137,9.949999809265137,9.949999809265137,9.949999809265137,9.949999809265137,0
2001-07-27,9.949999809265137,9.949999809265137,9.949999809265137,9.949999809265137,9.949999809265137,0
2001-07-30,9.949999809265137,9.949999809265137,9.949999809265137,9.949999809265137,9.949999809265137,0
2001-07-31,9.949999809265137,9.949999809265137,9.949999809265137,9.949999809265137,9.949999809265137,0
2001-08-01,9.949999809265137,9.949999809265137,9.949999809265137,9.949999809265137,9.949999809265137,0
2001-08-02,9.949999809265137,9.949999809265137,9.949999809265137,9.949999809265137,9.949999809265137,0
2001-08-03,9.949999809265137,9.949999809265137,9.949999809265137,9.949999809265137,9.949999809265137,0
2001-08-06,9.600000381469727,9.600000381469727,9.600000381469727,9.600000381469727,9.600000381469727,800
2001-08-07,9.600000381469727,9.600000381469727,9.600000381469727,9.600000381469727,9.600000381469727,1100
2001-08-08,9.600000381469727,9.600000381469727,9.600000381469727,9.600000381469727,9.600000381469727,200
2001-08-09,9.600000381469727,9.600000381469727,9.600000381469727,9.600000381469727,9.600000381469727,200
2001-08-10,9.600000381469727,9.600000381469727,9.600000381469727,9.600000381469727,9.600000381469727,0
2001-08-13,9.600000381469727,9.600000381469727,9.600000381469727,9.600000381469727,9.600000381469727,0
2001-08-14,9.600000381469727,9.600000381469727,9.600000381469727,9.600000381469727,9.600000381469727,0
2001-08-15,9.600000381469727,9.600000381469727,9.600000381469727,9.600000381469727,9.600000381469727,0
2001-08-16,10.800000190734863,10.800000190734863,10.800000190734863,10.800000190734863,10.800000190734863,400
2001-08-17,10.800000190734863,10.800000190734863,10.800000190734863,10.800000190734863,10.800000190734863,0
2001-08-20,10.800000190734863,10.800000190734863,10.800000190734863,10.800000190734863,10.800000190734863,0
2001-08-21,10.800000190734863,10.800000190734863,10.800000190734863,10.800000190734863,10.800000190734863,0
2001-08-22,10.800000190734863,10.800000190734863,10.800000190734863,10.800000190734863,10.800000190734863,0
2001-08-23,10.800000190734863,10.800000190734863,10.800000190734863,10.800000190734863,10.800000190734863,0
2001-08-24,10.800000190734863,10.800000190734863,10.800000190734863,10.800000190734863,10.800000190734863,0
2001-08-27,10.800000190734863,10.800000190734863,10.800000190734863,10.800000190734863,10.800000190734863,0
2001-08-28,10.800000190734863,10.800000190734863,10.800000190734863,10.800000190734863,10.800000190734863,0
2001-08-29,10.800000190734863,10.800000190734863,10.800000190734863,10.800000190734863,10.800000190734863,0
2001-08-30,10.800000190734863,10.800000190734863,10.800000190734863,10.800000190734863,10.800000190734863,0
2001-08-31,10.800000190734863,10.800000190734863,10.800000190734863,10.800000190734863,10.800000190734863,0
2001-09-04,10.800000190734863,10.800000190734863,10.800000190734863,10.800000190734863,10.800000190734863,0
2001-09-05,10.800000190734863,10.800000190734863,10.800000190734863,10.800000190734863,10.800000190734863,0
2001-09-06,10.800000190734863,10.800000190734863,10.800000190734863,10.800000190734863,10.800000190734863,0
2001-09-07,9.600000381469727,9.619999885559082,9.279999732971191,9.619999885559082,9.619999885559082,700
2001-09-10,9.619999885559082,9.619999885559082,9.600000381469727,9.609999656677246,9.609999656677246,600
2001-09-17,9.75,9.75,9.75,9.75,9.75,100
2001-09-18,9.649999618530273,9.649999618530273,9.649999618530273,9.649999618530273,9.649999618530273,500
2001-09-19,9.649999618530273,9.649999618530273,9.649999618530273,9.649999618530273,9.649999618530273,0
2001-09-20,9.649999618530273,9.649999618530273,9.649999618530273,9.649999618530273,9.649999618530273,0
2001-09-21,9.649999618530273,9.649999618530273,9.649999618530273,9.649999618530273,9.649999618530273,0
2001-09-24,9.649999618530273,9.649999618530273,9.649999618530273,9.649999618530273,9.649999618530273,0
2001-09-25,9.649999618530273,9.649999618530273,9.649999618530273,9.649999618530273,9.649999618530273,0
2001-09-26,9.649999618530273,9.649999618530273,9.649999618530273,9.649999618530273,9.649999618530273,0
2001-09-27,9.649999618530273,9.649999618530273,9.649999618530273,9.649999618530273,9.649999618530273,0
2001-09-28,9.649999618530273,9.649999618530273,9.649999618530273,9.649999618530273,9.649999618530273,0
2001-10-01,9.649999618530273,9.649999618530273,9.649999618530273,9.649999618530273,9.649999618530273,0
2001-10-02,9.649999618530273,9.649999618530273,9.649999618530273,9.649999618530273,9.649999618530273,0
2001-10-03,9.649999618530273,9.649999618530273,9.649999618530273,9.649999618530273,9.649999618530273,0
2001-10-04,9.649999618530273,9.649999618530273,9.649999618530273,9.649999618530273,9.649999618530273,0
2001-10-05,9.649999618530273,9.649999618530273,9.649999618530273,9.649999618530273,9.649999618530273,0
2001-10-08,9.649999618530273,9.649999618530273,9.649999618530273,9.649999618530273,9.649999618530273,0
2001-10-09,9.649999618530273,9.649999618530273,9.649999618530273,9.649999618530273,9.649999618530273,200
2001-10-10,9.649999618530273,9.649999618530273,9.649999618530273,9.649999618530273,9.649999618530273,0
2001-10-11,9.649999618530273,9.649999618530273,9.649999618530273,9.649999618530273,9.649999618530273,0
2001-10-12,9.649999618530273,9.649999618530273,9.649999618530273,9.649999618530273,9.649999618530273,0
2001-10-15,9.649999618530273,9.649999618530273,9.649999618530273,9.649999618530273,9.649999618530273,0
2001-10-16,9.649999618530273,9.649999618530273,9.649999618530273,9.649999618530273,9.649999618530273,0
2001-10-17,9.649999618530273,9.649999618530273,9.649999618530273,9.649999618530273,9.649999618530273,0
2001-10-18,9.649999618530273,9.649999618530273,9.649999618530273,9.649999618530273,9.649999618530273,0
2001-10-19,9.649999618530273,9.649999618530273,9.649999618530273,9.649999618530273,9.649999618530273,0
2001-10-22,9.649999618530273,9.649999618530273,9.649999618530273,9.649999618530273,9.649999618530273,0
2001-10-23,9.649999618530273,9.649999618530273,9.649999618530273,9.649999618530273,9.649999618530273,0
2001-10-24,9.649999618530273,9.649999618530273,9.649999618530273,9.649999618530273,9.649999618530273,0
2001-10-25,9.649999618530273,9.649999618530273,9.649999618530273,9.649999618530273,9.649999618530273,0
2001-10-26,9.649999618530273,9.649999618530273,9.649999618530273,9.649999618530273,9.649999618530273,0
2001-10-29,9.649999618530273,9.649999618530273,9.649999618530273,9.649999618530273,9.649999618530273,0
2001-10-30,9.649999618530273,9.649999618530273,9.649999618530273,9.649999618530273,9.649999618530273,0
2001-10-31,9.649999618530273,9.649999618530273,9.649999618530273,9.649999618530273,9.649999618530273,0
2001-11-01,9.649999618530273,9.649999618530273,9.649999618530273,9.649999618530273,9.649999618530273,0
2001-11-02,9.649999618530273,9.649999618530273,9.649999618530273,9.649999618530273,9.649999618530273,0
2001-11-05,9.649999618530273,9.649999618530273,9.649999618530273,9.649999618530273,9.649999618530273,0
2001-11-06,9.649999618530273,9.649999618530273,9.649999618530273,9.649999618530273,9.649999618530273,0
2001-11-07,9.649999618530273,9.649999618530273,9.649999618530273,9.649999618530273,9.649999618530273,0
2001-11-08,9.649999618530273,9.649999618530273,9.649999618530273,9.649999618530273,9.649999618530273,0
2001-11-09,9.649999618530273,9.649999618530273,9.649999618530273,9.649999618530273,9.649999618530273,0
2001-11-12,9.649999618530273,9.649999618530273,9.649999618530273,9.649999618530273,9.649999618530273,0
2001-11-13,9.649999618530273,9.649999618530273,9.649999618530273,9.649999618530273,9.649999618530273,0
2001-11-14,9.649999618530273,9.649999618530273,9.649999618530273,9.649999618530273,9.649999618530273,0
2001-11-15,9.649999618530273,9.649999618530273,9.649999618530273,9.649999618530273,9.649999618530273,0
2001-11-16,9.649999618530273,9.649999618530273,9.649999618530273,9.649999618530273,9.649999618530273,0
2001-11-19,9.649999618530273,9.649999618530273,9.649999618530273,9.649999618530273,9.649999618530273,0
2001-11-20,9.649999618530273,9.649999618530273,9.649999618530273,9.649999618530273,9.649999618530273,0
2001-11-21,9.649999618530273,9.649999618530273,9.649999618530273,9.649999618530273,9.649999618530273,0
2001-11-23,9.649999618530273,9.649999618530273,9.649999618530273,9.649999618530273,9.649999618530273,0
2001-11-26,9.649999618530273,9.649999618530273,9.649999618530273,9.649999618530273,9.649999618530273,0
2001-11-27,11.0,11.25,10.0,11.25,11.25,6600
2001-11-28,11.25,11.5,11.0,11.0,11.0,1800
2001-11-29,11.75,11.75,11.569999694824219,11.75,11.75,500
2001-11-30,11.970000267028809,12.0,11.970000267028809,12.0,12.0,5300
2001-12-03,12.0,12.0,12.0,12.0,12.0,0
2001-12-04,11.5,11.5,11.5,11.5,11.5,200
2001-12-05,11.260000228881836,11.260000228881836,11.260000228881836,11.260000228881836,11.260000228881836,4000
2001-12-06,11.260000228881836,11.260000228881836,11.260000228881836,11.260000228881836,11.260000228881836,0
2001-12-07,11.479999542236328,11.5,11.479999542236328,11.5,11.5,700
2001-12-10,11.5,11.5,11.5,11.5,11.5,0
2001-12-11,11.5,11.5,11.5,11.5,11.5,100
2001-12-12,11.550000190734863,11.550000190734863,11.300000190734863,11.300000190734863,11.300000190734863,200
2001-12-13,12.75,12.75,12.75,12.75,12.75,200
2001-12-14,12.75,12.75,12.75,12.75,12.75,0
2001-12-17,12.75,12.75,12.75,12.75,12.75,0
2001-12-18,12.75,12.75,12.75,12.75,12.75,0
2001-12-19,11.75,11.75,11.75,11.75,11.75,100
2001-12-20,11.75,11.75,11.75,11.75,11.75,0
2001-12-21,11.75,11.75,11.75,11.75,11.75,0
2001-12-24,11.75,11.75,11.75,11.75,11.75,0
2001-12-26,11.75,11.75,11.75,11.75,11.75,0
2001-12-27,11.75,11.75,11.75,11.75,11.75,0
2001-12-28,11.75,11.75,11.75,11.75,11.75,0
2001-12-31,11.75,11.75,11.75,11.75,11.75,0
2002-01-02,11.75,11.75,11.75,11.75,11.75,0
2002-01-03,11.75,11.75,11.75,11.75,11.75,0
2002-01-04,11.75,11.75,11.75,11.75,11.75,400
2002-01-07,11.75,11.75,11.75,11.75,11.75,0
2002-01-08,11.75,11.75,11.75,11.75,11.75,0
2002-01-09,12.5,12.5,12.5,12.5,12.5,800
2002-01-10,12.25,12.25,12.25,12.25,12.25,400
2002-01-11,12.25,12.25,12.25,12.25,12.25,0
2002-01-14,12.25,12.25,12.25,12.25,12.25,0
2002-01-15,12.25,12.25,12.25,12.25,12.25,0
2002-01-16,12.25,12.25,12.25,12.25,12.25,0
2002-01-17,12.25,12.25,12.25,12.25,12.25,0
2002-01-18,12.25,12.25,12.25,12.25,12.25,0
2002-01-22,12.25,12.25,12.25,12.25,12.25,0
2002-01-23,12.25,12.25,12.25,12.25,12.25,0
2002-01-24,12.25,12.25,12.25,12.25,12.25,0
2002-01-25,12.25,12.25,12.25,12.25,12.25,0
2002-01-28,12.0,12.0,11.5,11.5,11.5,6200
2002-01-29,12.75,14.899999618530273,12.75,14.489999771118164,14.489999771118164,11900
2002-01-30,14.489999771118164,14.489999771118164,14.489999771118164,14.489999771118164,14.489999771118164,0
2002-01-31,14.600000381469727,14.600000381469727,14.600000381469727,14.600000381469727,14.600000381469727,500
2002-02-01,14.600000381469727,14.600000381469727,14.600000381469727,14.600000381469727,14.600000381469727,0
2002-02-04,14.600000381469727,14.600000381469727,14.600000381469727,14.600000381469727,14.600000381469727,0
2002-02-05,14.600000381469727,14.600000381469727,14.600000381469727,14.600000381469727,14.600000381469727,0
2002-02-06,14.600000381469727,14.600000381469727,14.600000381469727,14.600000381469727,14.600000381469727,0
2002-02-07,14.600000381469727,14.600000381469727,14.600000381469727,14.600000381469727,14.600000381469727,0
2002-02-08,14.600000381469727,14.600000381469727,14.600000381469727,14.600000381469727,14.600000381469727,0
2002-02-11,13.0,13.0,13.0,13.0,13.0,200
2002-02-12,13.0,13.0,13.0,13.0,13.0,0
2002-02-13,13.0,13.0,13.0,13.0,13.0,500
2002-02-14,13.0,13.0,13.0,13.0,13.0,0
2002-02-15,13.0,13.0,13.0,13.0,13.0,0
2002-02-19,13.0,13.0,13.0,13.0,13.0,0
2002-02-20,13.0,13.0,12.800000190734863,12.800000190734863,12.800000190734863,800
2002-02-21,12.800000190734863,12.800000190734863,12.800000190734863,12.800000190734863,12.800000190734863,900
2002-02-22,12.800000190734863,12.800000190734863,12.800000190734863,12.800000190734863,12.800000190734863,0
2002-02-25,12.800000190734863,12.800000190734863,12.800000190734863,12.800000190734863,12.800000190734863,0
2002-02-26,12.800000190734863,12.800000190734863,12.800000190734863,12.800000190734863,12.800000190734863,0
2002-02-27,12.800000190734863,12.800000190734863,12.800000190734863,12.800000190734863,12.800000190734863,0
2002-02-28,12.5,12.5,11.5,11.600000381469727,11.600000381469727,1700
2002-03-01,11.600000381469727,11.600000381469727,11.600000381469727,11.600000381469727,11.600000381469727,0
2002-03-04,11.600000381469727,11.600000381469727,11.5,11.5,11.5,600
2002-03-05,11.5,11.5,11.5,11.5,11.5,900
2002-03-06,12.0,12.0,12.0,12.0,12.0,1200
2002-03-07,12.0,12.0,12.0,12.0,12.0,0
2002-03-08,12.0,12.0,12.0,12.0,12.0,0
2002-03-11,12.0,12.0,12.0,12.0,12.0,0
2002-03-12,12.0,12.0,12.0,12.0,12.0,0
2002-03-13,12.0,12.0,12.0,12.0,12.0,0
2002-03-14,12.0,12.0,12.0,12.0,12.0,0
2002-03-15,12.0,12.0,12.0,12.0,12.0,0
2002-03-18,12.0,12.0,12.0,12.0,12.0,0
2002-03-19,12.0,12.0,12.0,12.0,12.0,0
2002-03-20,12.0,12.0,12.0,12.0,12.0,0
2002-03-21,12.0,12.0,12.0,12.0,12.0,0
2002-03-22,12.0,12.0,12.0,12.0,12.0,0
2002-03-25,12.0,12.0,12.0,12.0,12.0,0
2002-03-26,12.0,12.0,12.0,12.0,12.0,0
2002-03-27,12.0,12.0,12.0,12.0,12.0,0
2002-03-28,12.0,12.0,12.0,12.0,12.0,0
2002-04-01,12.0,12.0,12.0,12.0,12.0,0
2002-04-02,12.0,12.0,12.0,12.0,12.0,0
2002-04-03,12.0,12.0,12.0,12.0,12.0,0
2002-04-04,12.0,12.0,12.0,12.0,12.0,0
2002-04-05,12.0,12.0,12.0,12.0,12.0,0
2002-04-08,12.0,12.0,12.0,12.0,12.0,0
2002-04-09,12.0,12.0,12.0,12.0,12.0,0
2002-04-10,12.0,12.0,12.0,12.0,12.0,0
2002-04-11,12.0,12.0,12.0,12.0,12.0,0
2002-04-12,12.0,12.0,12.0,12.0,12.0,0
2002-04-15,12.0,12.0,12.0,12.0,12.0,0
2002-04-16,12.75,12.75,12.75,12.75,12.75,500
2002-04-17,12.75,12.75,12.75,12.75,12.75,0
2002-04-18,12.75,12.75,12.75,12.75,12.75,0
2002-04-19,12.75,12.75,12.75,12.75,12.75,0
2002-04-22,12.75,12.75,12.75,12.75,12.75,0
2002-04-23,12.239999771118164,12.5,12.239999771118164,12.5,12.5,1900
2002-04-24,12.5,12.5,12.5,12.5,12.5,0
2002-04-25,12.5,12.5,12.5,12.5,12.5,0
2002-04-26,12.5,12.5,12.5,12.5,12.5,0
2002-04-29,12.5,12.5,12.5,12.5,12.5,0
2002-04-30,12.5,12.5,12.5,12.5,12.5,0
2002-05-01,12.5,12.5,12.5,12.5,12.5,0
2002-05-02,12.5,12.5,12.5,12.5,12.5,0
2002-05-03,12.5,12.5,12.5,12.5,12.5,0
2002-05-06,12.5,12.5,12.5,12.5,12.5,1700
2002-05-07,12.5,12.5,12.5,12.5,12.5,0
2002-05-08,12.5,12.5,12.5,12.5,12.5,0
2002-05-09,12.5,12.5,12.5,12.5,12.5,0
2002-05-10,12.5,12.5,12.5,12.5,12.5,0
2002-05-13,12.5,12.5,12.5,12.5,12.5,0
2002-05-14,12.5,12.5,12.5,12.5,12.5,0
2002-05-15,12.5,12.5,12.5,12.5,12.5,0
2002-05-16,12.5,12.5,12.5,12.5,12.5,0
2002-05-17,12.25,12.25,12.25,12.25,12.25,1600
2002-05-20,12.25,12.25,12.25,12.25,12.25,12000
2002-05-21,12.25,12.25,12.25,12.25,12.25,0
2002-05-22,12.25,12.25,12.25,12.25,12.25,0
2002-05-23,12.25,12.25,12.25,12.25,12.25,0
2002-05-24,12.25,12.25,12.25,12.25,12.25,0
2002-05-28,12.25,12.25,12.25,12.25,12.25,0
2002-05-29,12.25,12.25,12.25,12.25,12.25,0
2002-05-30,12.350000381469727,12.350000381469727,12.25,12.350000381469727,12.350000381469727,16400
2002-05-31,12.350000381469727,12.350000381469727,12.350000381469727,12.350000381469727,12.350000381469727,0
2002-06-03,12.350000381469727,12.350000381469727,12.350000381469727,12.350000381469727,12.350000381469727,0
2002-06-04,12.350000381469727,12.350000381469727,12.350000381469727,12.350000381469727,12.350000381469727,0
2002-06-05,12.350000381469727,12.350000381469727,12.350000381469727,12.350000381469727,12.350000381469727,0
2002-06-06,12.350000381469727,12.350000381469727,12.350000381469727,12.350000381469727,12.350000381469727,0
2002-06-07,12.489999771118164,12.600000381469727,12.489999771118164,12.600000381469727,12.600000381469727,1600
2002-06-10,12.600000381469727,12.600000381469727,12.600000381469727,12.600000381469727,12.600000381469727,0
2002-06-11,12.600000381469727,12.600000381469727,12.600000381469727,12.600000381469727,12.600000381469727,0
2002-06-12,12.600000381469727,12.600000381469727,12.600000381469727,12.600000381469727,12.600000381469727,0
2002-06-13,12.600000381469727,12.600000381469727,12.600000381469727,12.600000381469727,12.600000381469727,0
2002-06-14,12.600000381469727,12.600000381469727,12.600000381469727,12.600000381469727,12.600000381469727,0
2002-06-17,12.600000381469727,12.600000381469727,12.600000381469727,12.600000381469727,12.600000381469727,0
2002-06-18,12.600000381469727,12.600000381469727,12.600000381469727,12.600000381469727,12.600000381469727,0
2002-06-19,12.25,12.25,12.100000381469727,12.100000381469727,12.100000381469727,700
2002-06-20,12.100000381469727,12.100000381469727,12.100000381469727,12.100000381469727,12.100000381469727,600
2002-06-21,12.100000381469727,12.100000381469727,12.100000381469727,12.100000381469727,12.100000381469727,0
2002-06-24,12.100000381469727,12.100000381469727,12.100000381469727,12.100000381469727,12.100000381469727,200
2002-06-25,12.100000381469727,12.100000381469727,12.100000381469727,12.100000381469727,12.100000381469727,0
2002-06-26,12.100000381469727,12.100000381469727,12.100000381469727,12.100000381469727,12.100000381469727,0
2002-06-27,12.100000381469727,12.100000381469727,12.100000381469727,12.100000381469727,12.100000381469727,0
2002-06-28,13.0,13.0,12.90999984741211,13.0,13.0,1100
2002-07-01,12.949999809265137,12.949999809265137,12.949999809265137,12.949999809265137,12.949999809265137,100
2002-07-02,13.0,13.0,13.0,13.0,13.0,500
2002-07-03,13.0,13.0,13.0,13.0,13.0,0
2002-07-05,13.0,13.0,13.0,13.0,13.0,0
2002-07-08,13.0,13.140000343322754,13.0,13.140000343322754,13.140000343322754,200
2002-07-09,13.5,13.5,13.5,13.5,13.5,100
2002-07-10,13.5,13.5,13.5,13.5,13.5,100
2002-07-11,13.5,13.5,13.5,13.5,13.5,0
2002-07-12,13.5,13.5,13.5,13.5,13.5,0
2002-07-15,13.5,13.5,13.5,13.5,13.5,600
2002-07-16,13.5,13.5,13.5,13.5,13.5,0
2002-07-17,13.050000190734863,13.050000190734863,13.050000190734863,13.050000190734863,13.050000190734863,100
2002-07-18,13.050000190734863,13.050000190734863,13.050000190734863,13.050000190734863,13.050000190734863,0
2002-07-19,13.050000190734863,13.050000190734863,13.050000190734863,13.050000190734863,13.050000190734863,0
2002-07-22,13.600000381469727,13.600000381469727,13.59000015258789,13.59000015258789,13.59000015258789,200
2002-07-23,13.59000015258789,13.59000015258789,13.59000015258789,13.59000015258789,13.59000015258789,0
2002-07-24,13.59000015258789,13.59000015258789,13.59000015258789,13.59000015258789,13.59000015258789,0
2002-07-25,13.59000015258789,13.59000015258789,13.59000015258789,13.59000015258789,13.59000015258789,0
2002-07-26,13.050000190734863,13.050000190734863,13.050000190734863,13.050000190734863,13.050000190734863,200
2002-07-29,13.600000381469727,13.649999618530273,13.600000381469727,13.649999618530273,13.649999618530273,900
2002-07-30,13.100000381469727,13.100000381469727,13.100000381469727,13.100000381469727,13.100000381469727,100
2002-07-31,13.100000381469727,13.100000381469727,13.100000381469727,13.100000381469727,13.100000381469727,0
2002-08-01,13.100000381469727,13.100000381469727,13.100000381469727,13.100000381469727,13.100000381469727,0
2002-08-02,13.100000381469727,13.100000381469727,13.100000381469727,13.100000381469727,13.100000381469727,0
2002-08-05,13.100000381469727,13.100000381469727,13.100000381469727,13.100000381469727,13.100000381469727,0
2002-08-06,13.100000381469727,13.100000381469727,13.100000381469727,13.100000381469727,13.100000381469727,0
2002-08-07,13.100000381469727,13.100000381469727,13.100000381469727,13.100000381469727,13.100000381469727,1000
2002-08-08,13.100000381469727,13.100000381469727,13.100000381469727,13.100000381469727,13.100000381469727,0
2002-08-09,13.100000381469727,13.100000381469727,13.100000381469727,13.100000381469727,13.100000381469727,0
2002-08-12,12.899999618530273,12.899999618530273,12.899999618530273,12.899999618530273,12.899999618530273,100
2002-08-13,12.899999618530273,12.899999618530273,12.899999618530273,12.899999618530273,12.899999618530273,0
2002-08-14,12.899999618530273,12.899999618530273,12.899999618530273,12.899999618530273,12.899999618530273,400
2002-08-15,12.899999618530273,12.899999618530273,12.899999618530273,12.899999618530273,12.899999618530273,0
2002-08-16,12.899999618530273,12.899999618530273,12.899999618530273,12.899999618530273,12.899999618530273,0
2002-08-19,12.899999618530273,12.899999618530273,12.899999618530273,12.899999618530273,12.899999618530273,0
2002-08-20,12.899999618530273,12.899999618530273,12.899999618530273,12.899999618530273,12.899999618530273,0
2002-08-21,12.899999618530273,12.899999618530273,12.899999618530273,12.899999618530273,12.899999618530273,300
2002-08-22,12.899999618530273,12.899999618530273,12.899999618530273,12.899999618530273,12.899999618530273,0
2002-08-23,12.899999618530273,12.899999618530273,12.899999618530273,12.899999618530273,12.899999618530273,0
2002-08-26,12.899999618530273,12.899999618530273,12.899999618530273,12.899999618530273,12.899999618530273,0
2002-08-27,12.899999618530273,12.899999618530273,12.899999618530273,12.899999618530273,12.899999618530273,0
2002-08-28,12.899999618530273,12.899999618530273,12.899999618530273,12.899999618530273,12.899999618530273,100
2002-08-29,12.899999618530273,12.899999618530273,12.899999618530273,12.899999618530273,12.899999618530273,0
2002-08-30,12.899999618530273,12.899999618530273,12.850000381469727,12.850000381469727,12.850000381469727,900
2002-09-03,12.850000381469727,12.850000381469727,12.850000381469727,12.850000381469727,12.850000381469727,0
2002-09-04,12.600000381469727,13.0,12.600000381469727,13.0,13.0,2700
2002-09-05,13.0,13.0,13.0,13.0,13.0,0
2002-09-06,13.0,13.0,13.0,13.0,13.0,0
2002-09-09,13.0,13.0,13.0,13.0,13.0,0
2002-09-10,13.0,13.0,13.0,13.0,13.0,0
2002-09-11,13.0,13.0,13.0,13.0,13.0,0
2002-09-12,13.0,13.0,13.0,13.0,13.0,0
2002-09-13,13.0,13.0,13.0,13.0,13.0,0
2002-09-16,13.0,13.0,13.0,13.0,13.0,0
2002-09-17,13.0,13.0,13.0,13.0,13.0,0
2002-09-18,13.0,13.0,13.0,13.0,13.0,0
2002-09-19,13.59000015258789,13.600000381469727,13.59000015258789,13.600000381469727,13.600000381469727,200
2002-09-20,13.600000381469727,13.600000381469727,13.600000381469727,13.600000381469727,13.600000381469727,0
2002-09-23,13.600000381469727,13.600000381469727,13.600000381469727,13.600000381469727,13.600000381469727,0
2002-09-24,13.600000381469727,13.600000381469727,13.600000381469727,13.600000381469727,13.600000381469727,0
2002-09-25,13.600000381469727,13.600000381469727,13.600000381469727,13.600000381469727,13.600000381469727,0
2002-09-26,12.40999984741211,12.40999984741211,12.399999618530273,12.399999618530273,12.399999618530273,700
2002-09-27,12.399999618530273,12.399999618530273,12.399999618530273,12.399999618530273,12.399999618530273,0
2002-09-30,12.399999618530273,12.399999618530273,12.399999618530273,12.399999618530273,12.399999618530273,0
2002-10-01,12.25,12.420000076293945,12.25,12.420000076293945,12.420000076293945,1100
2002-10-02,12.420000076293945,12.420000076293945,12.420000076293945,12.420000076293945,12.420000076293945,0
2002-10-03,12.420000076293945,12.420000076293945,12.420000076293945,12.420000076293945,12.420000076293945,0
2002-10-04,12.420000076293945,12.420000076293945,12.420000076293945,12.420000076293945,12.420000076293945,0
2002-10-07,12.510000228881836,12.510000228881836,12.510000228881836,12.510000228881836,12.510000228881836,100
2002-10-08,12.510000228881836,12.510000228881836,12.510000228881836,12.510000228881836,12.510000228881836,0
2002-10-09,12.510000228881836,12.510000228881836,12.510000228881836,12.510000228881836,12.510000228881836,0
2002-10-10,12.510000228881836,12.510000228881836,12.510000228881836,12.510000228881836,12.510000228881836,0
2002-10-11,12.510000228881836,12.510000228881836,12.510000228881836,12.510000228881836,12.510000228881836,0
2002-10-14,12.510000228881836,12.510000228881836,12.510000228881836,12.510000228881836,12.510000228881836,0
2002-10-15,12.510000228881836,12.510000228881836,12.510000228881836,12.510000228881836,12.510000228881836,0
2002-10-16,13.5,13.5,13.5,13.5,13.5,300
2002-10-17,13.5,13.5,13.5,13.5,13.5,0
2002-10-18,13.5,13.5,13.5,13.5,13.5,0
2002-10-21,13.5,13.5,13.5,13.5,13.5,0
2002-10-22,12.5,12.5,12.5,12.5,12.5,300
2002-10-23,12.520000457763672,12.520000457763672,12.5,12.5,12.5,400
2002-10-24,12.5,12.5,12.5,12.5,12.5,0
2002-10-25,12.5,12.5,12.5,12.5,12.5,0
2002-10-28,12.5,12.5,11.5,11.640000343322754,11.640000343322754,6200
2002-10-29,12.050000190734863,12.050000190734863,12.050000190734863,12.050000190734863,12.050000190734863,1500
2002-10-30,12.050000190734863,12.050000190734863,12.050000190734863,12.050000190734863,12.050000190734863,0
2002-10-31,12.6899995803833,12.6899995803833,12.15999984741211,12.15999984741211,12.15999984741211,300
2002-11-01,12.15999984741211,12.15999984741211,12.15999984741211,12.15999984741211,12.15999984741211,0
2002-11-04,12.149999618530273,12.149999618530273,12.149999618530273,12.149999618530273,12.149999618530273,500
2002-11-05,12.149999618530273,12.149999618530273,12.149999618530273,12.149999618530273,12.149999618530273,0
2002-11-06,12.5,12.5,12.5,12.5,12.5,1000
2002-11-07,12.5,12.5,12.5,12.5,12.5,0
2002-11-08,12.5,12.5,12.5,12.5,12.5,0
2002-11-11,12.5,12.5,12.5,12.5,12.5,0
2002-11-12,12.5,12.5,12.5,12.5,12.5,0
2002-11-13,12.5,12.5,12.5,12.5,12.5,0
2002-11-14,12.5,12.5,12.5,12.5,12.5,0
2002-11-15,12.5,12.5,12.5,12.5,12.5,0
2002-11-18,12.5,12.5,12.5,12.5,12.5,0
2002-11-19,12.5,12.5,12.5,12.5,12.5,0
2002-11-20,12.65999984741211,12.920000076293945,12.65999984741211,12.899999618530273,12.899999618530273,1200
2002-11-21,12.75,12.760000228881836,12.75,12.75,12.75,900
2002-11-22,12.75,12.75,12.75,12.75,12.75,0
2002-11-25,12.75,12.75,12.75,12.75,12.75,0
2002-11-26,12.75,12.75,12.75,12.75,12.75,0
2002-11-27,12.84000015258789,12.84000015258789,12.84000015258789,12.84000015258789,12.84000015258789,200
2002-11-29,12.779999732971191,12.779999732971191,12.779999732971191,12.779999732971191,12.779999732971191,100
2002-12-02,12.779999732971191,12.779999732971191,12.779999732971191,12.779999732971191,12.779999732971191,0
2002-12-03,12.699999809265137,12.699999809265137,12.699999809265137,12.699999809265137,12.699999809265137,300
2002-12-04,12.699999809265137,12.699999809265137,12.699999809265137,12.699999809265137,12.699999809265137,0
2002-12-05,12.699999809265137,12.699999809265137,12.699999809265137,12.699999809265137,12.699999809265137,0
2002-12-06,12.699999809265137,12.699999809265137,12.699999809265137,12.699999809265137,12.699999809265137,0
2002-12-09,12.699999809265137,12.699999809265137,12.699999809265137,12.699999809265137,12.699999809265137,0
2002-12-10,12.699999809265137,12.699999809265137,12.699999809265137,12.699999809265137,12.699999809265137,0
2002-12-11,12.920000076293945,12.920000076293945,12.920000076293945,12.920000076293945,12.920000076293945,200
2002-12-12,12.920000076293945,12.920000076293945,12.920000076293945,12.920000076293945,12.920000076293945,0
2002-12-13,12.920000076293945,12.920000076293945,12.920000076293945,12.920000076293945,12.920000076293945,0
2002-12-16,12.920000076293945,12.920000076293945,12.920000076293945,12.920000076293945,12.920000076293945,0
2002-12-17,12.920000076293945,12.920000076293945,12.920000076293945,12.920000076293945,12.920000076293945,0
2002-12-18,12.920000076293945,12.920000076293945,12.920000076293945,12.920000076293945,12.920000076293945,0
2002-12-19,12.920000076293945,12.920000076293945,12.920000076293945,12.920000076293945,12.920000076293945,0
2002-12-20,12.920000076293945,12.920000076293945,12.920000076293945,12.920000076293945,12.920000076293945,0
2002-12-23,12.920000076293945,12.920000076293945,12.920000076293945,12.920000076293945,12.920000076293945,0
2002-12-24,12.920000076293945,12.920000076293945,12.920000076293945,12.920000076293945,12.920000076293945,0
2002-12-26,12.920000076293945,12.920000076293945,12.920000076293945,12.920000076293945,12.920000076293945,0
2002-12-27,12.920000076293945,12.920000076293945,12.920000076293945,12.920000076293945,12.920000076293945,0
2002-12-30,12.920000076293945,12.920000076293945,12.920000076293945,12.920000076293945,12.920000076293945,0
2002-12-31,12.920000076293945,12.920000076293945,12.920000076293945,12.920000076293945,12.920000076293945,0
2003-01-02,12.920000076293945,12.920000076293945,12.920000076293945,12.920000076293945,12.920000076293945,0
2003-01-03,12.920000076293945,12.920000076293945,12.920000076293945,12.920000076293945,12.920000076293945,0
2003-01-06,12.920000076293945,12.920000076293945,12.920000076293945,12.920000076293945,12.920000076293945,0
2003-01-07,13.100000381469727,13.449999809265137,13.100000381469727,13.449999809265137,13.449999809265137,1500
2003-01-08,13.449999809265137,13.449999809265137,13.449999809265137,13.449999809265137,13.449999809265137,100
2003-01-09,13.489999771118164,13.489999771118164,13.489999771118164,13.489999771118164,13.489999771118164,100
2003-01-10,13.350000381469727,14.050000190734863,13.350000381469727,14.050000190734863,14.050000190734863,800
2003-01-13,14.100000381469727,14.100000381469727,14.100000381469727,14.100000381469727,14.100000381469727,200
2003-01-14,14.100000381469727,14.100000381469727,14.100000381469727,14.100000381469727,14.100000381469727,0
2003-01-15,14.100000381469727,14.100000381469727,14.100000381469727,14.100000381469727,14.100000381469727,0
2003-01-16,14.100000381469727,14.100000381469727,14.100000381469727,14.100000381469727,14.100000381469727,0
2003-01-17,14.100000381469727,14.100000381469727,14.100000381469727,14.100000381469727,14.100000381469727,0
2003-01-21,14.100000381469727,14.100000381469727,14.100000381469727,14.100000381469727,14.100000381469727,0
2003-01-22,14.100000381469727,14.100000381469727,14.100000381469727,14.100000381469727,14.100000381469727,0
2003-01-23,13.300000190734863,13.300000190734863,13.300000190734863,13.300000190734863,13.300000190734863,500
2003-01-24,13.300000190734863,13.300000190734863,13.300000190734863,13.300000190734863,13.300000190734863,0
2003-01-27,13.300000190734863,13.300000190734863,13.300000190734863,13.300000190734863,13.300000190734863,0
2003-01-28,13.300000190734863,13.300000190734863,13.300000190734863,13.300000190734863,13.300000190734863,0
2003-01-29,13.300000190734863,13.300000190734863,13.300000190734863,13.300000190734863,13.300000190734863,0
2003-01-30,13.300000190734863,13.300000190734863,13.300000190734863,13.300000190734863,13.300000190734863,0
2003-01-31,13.300000190734863,13.300000190734863,13.300000190734863,13.300000190734863,13.300000190734863,0
2003-02-03,13.300000190734863,13.300000190734863,13.300000190734863,13.300000190734863,13.300000190734863,0
2003-02-04,13.300000190734863,13.300000190734863,13.300000190734863,13.300000190734863,13.300000190734863,0
2003-02-05,13.300000190734863,13.300000190734863,13.300000190734863,13.300000190734863,13.300000190734863,0
2003-02-06,13.300000190734863,13.300000190734863,13.300000190734863,13.300000190734863,13.300000190734863,0
2003-02-07,13.300000190734863,13.300000190734863,13.300000190734863,13.300000190734863,13.300000190734863,0
2003-02-10,13.300000190734863,13.300000190734863,13.300000190734863,13.300000190734863,13.300000190734863,0
2003-02-11,13.300000190734863,13.300000190734863,13.300000190734863,13.300000190734863,13.300000190734863,0
2003-02-12,13.300000190734863,13.300000190734863,13.300000190734863,13.300000190734863,13.300000190734863,0
2003-02-13,13.300000190734863,13.300000190734863,13.300000190734863,13.300000190734863,13.300000190734863,0
2003-02-14,13.100000381469727,13.100000381469727,13.010000228881836,13.010000228881836,13.010000228881836,1000
2003-02-18,13.010000228881836,13.010000228881836,13.010000228881836,13.010000228881836,13.010000228881836,0
2003-02-19,13.010000228881836,13.010000228881836,13.010000228881836,13.010000228881836,13.010000228881836,0
2003-02-20,13.010000228881836,13.010000228881836,13.010000228881836,13.010000228881836,13.010000228881836,0
2003-02-21,13.010000228881836,13.010000228881836,13.010000228881836,13.010000228881836,13.010000228881836,0
2003-02-24,13.010000228881836,13.010000228881836,13.010000228881836,13.010000228881836,13.010000228881836,0
2003-02-25,13.010000228881836,13.010000228881836,13.010000228881836,13.010000228881836,13.010000228881836,0
2003-02-26,13.010000228881836,13.010000228881836,13.010000228881836,13.010000228881836,13.010000228881836,0
2003-02-27,13.010000228881836,13.010000228881836,13.010000228881836,13.010000228881836,13.010000228881836,0
2003-02-28,12.979999542236328,13.239999771118164,12.9399995803833,12.9399995803833,12.9399995803833,500
2003-03-03,12.9399995803833,12.9399995803833,12.9399995803833,12.9399995803833,12.9399995803833,0
2003-03-04,12.9399995803833,12.9399995803833,12.9399995803833,12.9399995803833,12.9399995803833,0
2003-03-05,12.779999732971191,12.779999732971191,12.779999732971191,12.779999732971191,12.779999732971191,8400
2003-03-06,12.779999732971191,12.779999732971191,12.779999732971191,12.779999732971191,12.779999732971191,0
2003-03-07,12.779999732971191,12.779999732971191,12.779999732971191,12.779999732971191,12.779999732971191,0
2003-03-10,12.779999732971191,12.779999732971191,12.779999732971191,12.779999732971191,12.779999732971191,100
2003-03-11,12.779999732971191,12.779999732971191,12.779999732971191,12.779999732971191,12.779999732971191,0
2003-03-12,13.069999694824219,13.489999771118164,13.069999694824219,13.489999771118164,13.489999771118164,400
2003-03-13,13.239999771118164,13.239999771118164,12.989999771118164,12.989999771118164,12.989999771118164,300
2003-03-14,13.140000343322754,13.140000343322754,13.0600004196167,13.0600004196167,13.0600004196167,200
2003-03-17,13.0600004196167,13.0600004196167,12.979999542236328,12.979999542236328,12.979999542236328,200
2003-03-18,12.779999732971191,12.779999732971191,12.779999732971191,12.779999732971191,12.779999732971191,100
2003-03-19,12.779999732971191,12.779999732971191,12.779999732971191,12.779999732971191,12.779999732971191,0
2003-03-20,12.850000381469727,13.279999732971191,12.8100004196167,13.279999732971191,13.279999732971191,400
2003-03-21,13.279999732971191,13.279999732971191,13.279999732971191,13.279999732971191,13.279999732971191,0
2003-03-24,13.0,13.0,13.0,13.0,13.0,17500
2003-03-25,13.0,13.0,13.0,13.0,13.0,0
2003-03-26,13.0,13.0,13.0,13.0,13.0,0
2003-03-27,13.0,13.0,13.0,13.0,13.0,0
2003-03-28,13.0,13.0,13.0,13.0,13.0,0
2003-03-31,13.0,13.0,13.0,13.0,13.0,0
2003-04-01,13.0,13.0,13.0,13.0,13.0,0
2003-04-02,13.0,13.0,13.0,13.0,13.0,0
2003-04-03,13.0,13.0,13.0,13.0,13.0,0
2003-04-04,13.0,13.0,13.0,13.0,13.0,0
2003-04-07,12.680000305175781,12.680000305175781,12.680000305175781,12.680000305175781,12.680000305175781,100
2003-04-08,12.680000305175781,12.680000305175781,12.680000305175781,12.680000305175781,12.680000305175781,0
2003-04-09,12.600000381469727,12.600000381469727,12.600000381469727,12.600000381469727,12.600000381469727,100
2003-04-10,12.600000381469727,12.600000381469727,12.600000381469727,12.600000381469727,12.600000381469727,0
2003-04-11,12.600000381469727,12.600000381469727,12.600000381469727,12.600000381469727,12.600000381469727,0
2003-04-14,12.600000381469727,12.600000381469727,12.600000381469727,12.600000381469727,12.600000381469727,0
2003-04-15,12.600000381469727,12.600000381469727,12.600000381469727,12.600000381469727,12.600000381469727,0
2003-04-16,12.600000381469727,12.600000381469727,12.600000381469727,12.600000381469727,12.600000381469727,0
2003-04-17,12.600000381469727,12.600000381469727,12.600000381469727,12.600000381469727,12.600000381469727,0
2003-04-21,12.600000381469727,12.600000381469727,12.600000381469727,12.600000381469727,12.600000381469727,0
2003-04-22,12.600000381469727,12.600000381469727,12.600000381469727,12.600000381469727,12.600000381469727,0
2003-04-23,12.600000381469727,12.600000381469727,12.600000381469727,12.600000381469727,12.600000381469727,0
2003-04-24,12.600000381469727,12.600000381469727,12.600000381469727,12.600000381469727,12.600000381469727,0
2003-04-25,12.600000381469727,12.600000381469727,12.600000381469727,12.600000381469727,12.600000381469727,0
2003-04-28,12.600000381469727,12.600000381469727,12.600000381469727,12.600000381469727,12.600000381469727,0
2003-04-29,12.100000381469727,12.25,12.100000381469727,12.25,12.25,5000
2003-04-30,12.25,12.25,12.25,12.25,12.25,0
2003-05-01,12.680000305175781,12.680000305175781,12.680000305175781,12.680000305175781,12.680000305175781,300
2003-05-02,12.680000305175781,12.680000305175781,12.680000305175781,12.680000305175781,12.680000305175781,0
2003-05-05,12.680000305175781,12.680000305175781,12.680000305175781,12.680000305175781,12.680000305175781,0
2003-05-06,12.680000305175781,12.680000305175781,12.680000305175781,12.680000305175781,12.680000305175781,0
2003-05-07,13.399999618530273,13.399999618530273,13.399999618530273,13.399999618530273,13.399999618530273,500
2003-05-08,13.399999618530273,13.399999618530273,13.399999618530273,13.399999618530273,13.399999618530273,0
2003-05-09,13.399999618530273,13.399999618530273,13.399999618530273,13.399999618530273,13.399999618530273,0
2003-05-12,13.399999618530273,13.399999618530273,13.399999618530273,13.399999618530273,13.399999618530273,0
2003-05-13,13.399999618530273,13.399999618530273,13.399999618530273,13.399999618530273,13.399999618530273,0
2003-05-14,13.399999618530273,13.399999618530273,13.399999618530273,13.399999618530273,13.399999618530273,0
2003-05-15,13.399999618530273,13.399999618530273,13.399999618530273,13.399999618530273,13.399999618530273,0
2003-05-16,13.399999618530273,13.399999618530273,13.399999618530273,13.399999618530273,13.399999618530273,0
2003-05-19,13.399999618530273,13.399999618530273,13.399999618530273,13.399999618530273,13.399999618530273,0
2003-05-20,13.399999618530273,13.399999618530273,13.399999618530273,13.399999618530273,13.399999618530273,0
2003-05-21,13.399999618530273,13.399999618530273,13.399999618530273,13.399999618530273,13.399999618530273,0
2003-05-22,13.399999618530273,13.399999618530273,13.399999618530273,13.399999618530273,13.399999618530273,0
2003-05-23,13.399999618530273,13.399999618530273,13.399999618530273,13.399999618530273,13.399999618530273,0
2003-05-27,13.399999618530273,13.399999618530273,13.399999618530273,13.399999618530273,13.399999618530273,0
2003-05-28,13.300000190734863,13.300000190734863,12.649999618530273,12.649999618530273,12.649999618530273,300
2003-05-29,12.649999618530273,12.649999618530273,12.649999618530273,12.649999618530273,12.649999618530273,0
2003-05-30,12.649999618530273,12.649999618530273,12.649999618530273,12.649999618530273,12.649999618530273,0
2003-06-02,12.25,13.5,12.25,13.5,13.5,400
2003-06-03,13.5,13.5,13.489999771118164,13.489999771118164,13.489999771118164,500
2003-06-04,13.489999771118164,13.5,13.489999771118164,13.5,13.5,500
2003-06-05,13.210000038146973,13.399999618530273,13.199999809265137,13.300000190734863,13.300000190734863,1100
2003-06-06,12.25,12.510000228881836,12.25,12.510000228881836,12.510000228881836,400
2003-06-09,12.260000228881836,12.4399995803833,12.170000076293945,12.210000038146973,12.210000038146973,1400
2003-06-10,12.75,12.75,12.75,12.75,12.75,200
2003-06-11,12.75,12.75,12.75,12.75,12.75,0
2003-06-12,12.75,12.75,12.75,12.75,12.75,0
2003-06-13,12.75,12.75,12.75,12.75,12.75,0
2003-06-16,12.75,12.75,12.75,12.75,12.75,0
2003-06-17,12.75,12.75,12.75,12.75,12.75,0
2003-06-18,12.75,12.75,12.75,12.75,12.75,0
2003-06-19,12.75,12.75,12.75,12.75,12.75,0
2003-06-20,12.75,12.75,12.75,12.75,12.75,0
2003-06-23,12.75,12.75,12.75,12.75,12.75,0
2003-06-24,12.75,12.75,12.75,12.75,12.75,0
2003-06-25,12.75,12.75,12.75,12.75,12.75,0
2003-06-26,12.75,12.75,12.75,12.75,12.75,0
2003-06-27,12.75,12.75,12.75,12.75,12.75,0
2003-06-30,12.75,12.75,12.75,12.75,12.75,0
2003-07-01,12.75,12.75,12.75,12.75,12.75,0
2003-07-02,12.75,12.75,12.75,12.75,12.75,0
2003-07-03,12.75,12.75,12.75,12.75,12.75,0
2003-07-07,12.75,12.75,12.75,12.75,12.75,0
2003-07-08,12.550000190734863,12.649999618530273,12.550000190734863,12.649999618530273,12.649999618530273,110400
2003-07-09,13.390000343322754,14.0,13.390000343322754,14.0,14.0,800
2003-07-10,13.010000228881836,13.010000228881836,13.010000228881836,13.010000228881836,13.010000228881836,200
2003-07-11,13.010000228881836,13.010000228881836,13.010000228881836,13.010000228881836,13.010000228881836,0
2003-07-14,13.050000190734863,13.270000457763672,13.050000190734863,13.170000076293945,13.170000076293945,1400
2003-07-15,13.170000076293945,13.170000076293945,13.170000076293945,13.170000076293945,13.170000076293945,0
2003-07-16,13.170000076293945,13.170000076293945,13.170000076293945,13.170000076293945,13.170000076293945,0
2003-07-17,13.050000190734863,13.050000190734863,13.050000190734863,13.050000190734863,13.050000190734863,300
2003-07-18,13.050000190734863,13.050000190734863,13.050000190734863,13.050000190734863,13.050000190734863,0
2003-07-21,13.050000190734863,13.050000190734863,13.050000190734863,13.050000190734863,13.050000190734863,0
2003-07-22,13.050000190734863,13.050000190734863,13.050000190734863,13.050000190734863,13.050000190734863,200
2003-07-23,13.050000190734863,13.050000190734863,13.050000190734863,13.050000190734863,13.050000190734863,0
2003-07-24,13.050000190734863,13.050000190734863,13.050000190734863,13.050000190734863,13.050000190734863,0
2003-07-25,13.050000190734863,13.050000190734863,13.050000190734863,13.050000190734863,13.050000190734863,0
2003-07-28,13.050000190734863,13.050000190734863,13.050000190734863,13.050000190734863,13.050000190734863,400
2003-07-29,13.050000190734863,13.050000190734863,13.050000190734863,13.050000190734863,13.050000190734863,0
2003-07-30,13.050000190734863,13.050000190734863,13.050000190734863,13.050000190734863,13.050000190734863,0
2003-07-31,13.050000190734863,13.050000190734863,13.050000190734863,13.050000190734863,13.050000190734863,0
2003-08-01,13.270000457763672,13.270000457763672,13.270000457763672,13.270000457763672,13.270000457763672,200
2003-08-04,13.270000457763672,13.270000457763672,13.270000457763672,13.270000457763672,13.270000457763672,0
2003-08-05,13.270000457763672,13.270000457763672,13.270000457763672,13.270000457763672,13.270000457763672,0
2003-08-06,13.819999694824219,13.819999694824219,13.25,13.470000267028809,13.470000267028809,3100
2003-08-07,13.260000228881836,13.710000038146973,13.260000228881836,13.539999961853027,13.539999961853027,3500
2003-08-08,13.720000267028809,13.720000267028809,13.220000267028809,13.59000015258789,13.59000015258789,8800
2003-08-11,13.420000076293945,13.850000381469727,13.420000076293945,13.600000381469727,13.600000381469727,3600
2003-08-12,13.5,13.5,13.390000343322754,13.399999618530273,13.399999618530273,3300
2003-08-13,13.520000457763672,13.520000457763672,13.399999618530273,13.399999618530273,13.399999618530273,1000
2003-08-14,13.510000228881836,13.529999732971191,13.5,13.5,13.5,1000
2003-08-15,13.5,13.5,13.5,13.5,13.5,0
2003-08-18,13.510000228881836,13.510000228881836,13.069999694824219,13.420000076293945,13.420000076293945,7900
2003-08-19,13.399999618530273,13.399999618530273,13.399999618530273,13.399999618530273,13.399999618530273,100
2003-08-20,13.260000228881836,13.390000343322754,13.149999618530273,13.3100004196167,13.3100004196167,5400
2003-08-21,13.329999923706055,13.399999618530273,13.260000228881836,13.260000228881836,13.260000228881836,1000
2003-08-22,13.34000015258789,13.350000381469727,13.260000228881836,13.350000381469727,13.350000381469727,3000
2003-08-25,13.359999656677246,13.40999984741211,13.260000228881836,13.260000228881836,13.260000228881836,500
2003-08-26,13.34000015258789,13.380000114440918,13.34000015258789,13.380000114440918,13.380000114440918,600
2003-08-27,13.380000114440918,13.380000114440918,13.380000114440918,13.380000114440918,13.380000114440918,0
2003-08-28,13.380000114440918,13.380000114440918,13.380000114440918,13.380000114440918,13.380000114440918,0
2003-08-29,13.550000190734863,13.59000015258789,13.279999732971191,13.279999732971191,13.279999732971191,300
2003-09-02,13.279999732971191,13.279999732971191,13.279999732971191,13.279999732971191,13.279999732971191,0
2003-09-03,13.279999732971191,13.279999732971191,13.279999732971191,13.279999732971191,13.279999732971191,0
2003-09-04,13.350000381469727,13.5,13.350000381469727,13.460000038146973,13.460000038146973,400
2003-09-05,13.460000038146973,13.460000038146973,13.460000038146973,13.460000038146973,13.460000038146973,0
2003-09-08,13.350000381469727,13.350000381469727,13.350000381469727,13.350000381469727,13.350000381469727,100
2003-09-09,13.350000381469727,13.350000381469727,13.350000381469727,13.350000381469727,13.350000381469727,0
2003-09-10,13.399999618530273,13.4399995803833,13.25,13.300000190734863,13.300000190734863,5200
2003-09-11,13.300000190734863,13.300000190734863,13.300000190734863,13.300000190734863,13.300000190734863,0
2003-09-12,13.300000190734863,13.300000190734863,13.300000190734863,13.300000190734863,13.300000190734863,0
2003-09-15,13.300000190734863,13.300000190734863,13.300000190734863,13.300000190734863,13.300000190734863,0
2003-09-16,13.399999618530273,13.399999618530273,13.319999694824219,13.319999694824219,13.319999694824219,200
2003-09-17,13.319999694824219,13.319999694824219,13.319999694824219,13.319999694824219,13.319999694824219,0
2003-09-18,13.319999694824219,13.319999694824219,13.319999694824219,13.319999694824219,13.319999694824219,0
2003-09-19,13.319999694824219,13.319999694824219,13.319999694824219,13.319999694824219,13.319999694824219,0
2003-09-22,13.25,13.300000190734863,13.100000381469727,13.300000190734863,13.300000190734863,5700
2003-09-23,13.300000190734863,13.300000190734863,13.300000190734863,13.300000190734863,13.300000190734863,0
2003-09-24,13.300000190734863,13.300000190734863,13.300000190734863,13.300000190734863,13.300000190734863,0
2003-09-25,13.300000190734863,13.300000190734863,13.300000190734863,13.300000190734863,13.300000190734863,0
2003-09-26,13.300000190734863,13.300000190734863,13.300000190734863,13.300000190734863,13.300000190734863,0
2003-09-29,13.300000190734863,13.300000190734863,13.300000190734863,13.300000190734863,13.300000190734863,0
2003-09-30,13.300000190734863,13.300000190734863,13.300000190734863,13.300000190734863,13.300000190734863,0
2003-10-01,13.300000190734863,13.300000190734863,13.300000190734863,13.300000190734863,13.300000190734863,0
2003-10-02,13.300000190734863,13.300000190734863,13.300000190734863,13.300000190734863,13.300000190734863,0
2003-10-03,13.300000190734863,13.300000190734863,13.300000190734863,13.300000190734863,13.300000190734863,0
2003-10-06,13.300000190734863,13.300000190734863,13.300000190734863,13.300000190734863,13.300000190734863,0
2003-10-07,13.300000190734863,13.300000190734863,13.300000190734863,13.300000190734863,13.300000190734863,0
2003-10-08,13.15999984741211,13.199999809265137,13.140000343322754,13.149999618530273,13.149999618530273,1500
2003-10-09,13.149999618530273,13.149999618530273,13.149999618530273,13.149999618530273,13.149999618530273,0
2003-10-10,13.149999618530273,13.149999618530273,13.149999618530273,13.149999618530273,13.149999618530273,0
2003-10-13,13.239999771118164,13.350000381469727,13.149999618530273,13.149999618530273,13.149999618530273,3300
2003-10-14,13.149999618530273,13.149999618530273,13.100000381469727,13.100000381469727,13.100000381469727,700
2003-10-15,13.100000381469727,13.100000381469727,13.100000381469727,13.100000381469727,13.100000381469727,0
2003-10-16,13.100000381469727,13.100000381469727,13.100000381469727,13.100000381469727,13.100000381469727,0
2003-10-17,13.100000381469727,13.100000381469727,13.100000381469727,13.100000381469727,13.100000381469727,0
2003-10-20,13.100000381469727,13.100000381469727,13.100000381469727,13.100000381469727,13.100000381469727,0
2003-10-21,13.100000381469727,13.100000381469727,13.100000381469727,13.100000381469727,13.100000381469727,0
2003-10-22,13.100000381469727,13.100000381469727,13.100000381469727,13.100000381469727,13.100000381469727,0
2003-10-23,13.100000381469727,13.100000381469727,13.100000381469727,13.100000381469727,13.100000381469727,0
2003-10-24,13.100000381469727,13.100000381469727,13.100000381469727,13.100000381469727,13.100000381469727,0
2003-10-27,13.100000381469727,13.100000381469727,13.100000381469727,13.100000381469727,13.100000381469727,0
2003-10-28,13.100000381469727,13.100000381469727,13.100000381469727,13.100000381469727,13.100000381469727,0
2003-10-29,13.100000381469727,13.100000381469727,13.100000381469727,13.100000381469727,13.100000381469727,0
2003-10-30,13.100000381469727,13.100000381469727,13.100000381469727,13.100000381469727,13.100000381469727,0
2003-10-31,13.100000381469727,13.100000381469727,13.100000381469727,13.100000381469727,13.100000381469727,0
2003-11-03,13.100000381469727,13.100000381469727,13.100000381469727,13.100000381469727,13.100000381469727,0
2003-11-04,13.100000381469727,13.100000381469727,13.100000381469727,13.100000381469727,13.100000381469727,0
2003-11-05,13.100000381469727,13.100000381469727,13.100000381469727,13.100000381469727,13.100000381469727,0
2003-11-06,13.100000381469727,13.100000381469727,13.100000381469727,13.100000381469727,13.100000381469727,0
2003-11-07,13.279999732971191,13.630000114440918,13.279999732971191,13.59000015258789,13.59000015258789,800
2003-11-10,13.289999961853027,13.630000114440918,13.289999961853027,13.489999771118164,13.489999771118164,500
2003-11-11,13.489999771118164,13.489999771118164,13.489999771118164,13.489999771118164,13.489999771118164,0
2003-11-12,13.489999771118164,13.489999771118164,13.489999771118164,13.489999771118164,13.489999771118164,0
2003-11-13,13.489999771118164,13.489999771118164,13.489999771118164,13.489999771118164,13.489999771118164,0
2003-11-14,13.279999732971191,13.979999542236328,13.25,13.739999771118164,13.739999771118164,4800
2003-11-17,13.90999984741211,13.90999984741211,13.8100004196167,13.8100004196167,13.8100004196167,800
2003-11-18,13.8100004196167,13.8100004196167,13.8100004196167,13.8100004196167,13.8100004196167,0
2003-11-19,13.989999771118164,14.109999656677246,13.649999618530273,13.720000267028809,13.720000267028809,1900
2003-11-20,13.720000267028809,13.720000267028809,13.720000267028809,13.720000267028809,13.720000267028809,0
2003-11-21,13.539999961853027,13.539999961853027,13.390000343322754,13.460000038146973,13.460000038146973,600
2003-11-24,14.109999656677246,14.119999885559082,13.449999809265137,13.6899995803833,13.6899995803833,600
2003-11-25,13.6899995803833,13.6899995803833,13.6899995803833,13.6899995803833,13.6899995803833,0
2003-11-26,13.520000457763672,14.199999809265137,13.40999984741211,13.739999771118164,13.739999771118164,2800
2003-11-28,13.739999771118164,13.739999771118164,13.739999771118164,13.739999771118164,13.739999771118164,0
2003-12-01,13.359999656677246,13.949999809265137,13.359999656677246,13.9399995803833,13.9399995803833,600
2003-12-02,14.109999656677246,14.109999656677246,13.4399995803833,13.59000015258789,13.59000015258789,1000
2003-12-03,13.3100004196167,13.550000190734863,13.3100004196167,13.5,13.5,500
2003-12-04,13.5,13.5,13.5,13.5,13.5,0
2003-12-05,13.5,13.5,13.5,13.5,13.5,0
2003-12-08,13.5,13.5,13.5,13.5,13.5,0
2003-12-09,13.399999618530273,13.399999618530273,13.399999618530273,13.399999618530273,13.399999618530273,200
2003-12-10,13.399999618530273,13.399999618530273,13.399999618530273,13.399999618530273,13.399999618530273,0
2003-12-11,13.399999618530273,13.399999618530273,13.399999618530273,13.399999618530273,13.399999618530273,0
2003-12-12,13.399999618530273,13.399999618530273,13.399999618530273,13.399999618530273,13.399999618530273,0
2003-12-15,13.399999618530273,13.399999618530273,13.399999618530273,13.399999618530273,13.399999618530273,0
2003-12-16,13.399999618530273,13.399999618530273,13.399999618530273,13.399999618530273,13.399999618530273,0
2003-12-17,13.9399995803833,13.9399995803833,13.40999984741211,13.40999984741211,13.40999984741211,300
2003-12-18,14.09000015258789,14.09000015258789,13.40999984741211,13.510000228881836,13.510000228881836,300
2003-12-19,13.510000228881836,13.510000228881836,13.510000228881836,13.510000228881836,13.510000228881836,0
2003-12-22,13.510000228881836,13.510000228881836,13.510000228881836,13.510000228881836,13.510000228881836,0
2003-12-23,13.510000228881836,13.510000228881836,13.510000228881836,13.510000228881836,13.510000228881836,0
2003-12-24,13.510000228881836,13.510000228881836,13.510000228881836,13.510000228881836,13.510000228881836,0
2003-12-26,13.510000228881836,13.510000228881836,13.510000228881836,13.510000228881836,13.510000228881836,0
2003-12-29,13.399999618530273,13.399999618530273,13.399999618530273,13.399999618530273,13.399999618530273,100
2003-12-30,13.399999618530273,13.399999618530273,13.399999618530273,13.399999618530273,13.399999618530273,0
2003-12-31,13.40999984741211,13.40999984741211,13.40999984741211,13.40999984741211,13.40999984741211,100
2004-01-02,13.40999984741211,13.40999984741211,13.40999984741211,13.40999984741211,13.40999984741211,0
2004-01-05,13.40999984741211,13.40999984741211,13.40999984741211,13.40999984741211,13.40999984741211,0
2004-01-06,13.40999984741211,13.40999984741211,13.40999984741211,13.40999984741211,13.40999984741211,0
2004-01-07,13.40999984741211,13.40999984741211,13.40999984741211,13.40999984741211,13.40999984741211,0
2004-01-08,13.40999984741211,13.40999984741211,13.40999984741211,13.40999984741211,13.40999984741211,0
2004-01-09,13.40999984741211,13.40999984741211,13.40999984741211,13.40999984741211,13.40999984741211,0
2004-01-12,13.40999984741211,13.40999984741211,13.40999984741211,13.40999984741211,13.40999984741211,0
2004-01-13,13.5,13.5,13.5,13.5,13.5,100
2004-01-14,13.5,13.5,13.5,13.5,13.5,0
2004-01-15,13.5,13.5,13.5,13.5,13.5,0
2004-01-16,13.5,13.5,13.5,13.5,13.5,0
2004-01-20,13.5,13.5,13.5,13.5,13.5,0
2004-01-21,13.5,13.5,13.5,13.5,13.5,0
2004-01-22,13.5,13.5,13.5,13.5,13.5,0
2004-01-23,13.5,13.5,13.5,13.5,13.5,0
2004-01-26,13.5,13.5,13.5,13.5,13.5,0
2004-01-27,13.5,13.5,13.5,13.5,13.5,0
2004-01-28,13.5,13.5,13.5,13.5,13.5,0
2004-01-29,13.479999542236328,13.479999542236328,13.479999542236328,13.479999542236328,13.479999542236328,100
2004-01-30,13.479999542236328,13.479999542236328,13.479999542236328,13.479999542236328,13.479999542236328,0
2004-02-02,13.40999984741211,13.600000381469727,13.350000381469727,13.40999984741211,13.40999984741211,3000
2004-02-03,13.40999984741211,13.40999984741211,13.40999984741211,13.40999984741211,13.40999984741211,0
2004-02-04,13.40999984741211,13.40999984741211,13.40999984741211,13.40999984741211,13.40999984741211,0
2004-02-05,13.40999984741211,13.40999984741211,13.40999984741211,13.40999984741211,13.40999984741211,0
2004-02-06,13.40999984741211,13.40999984741211,13.40999984741211,13.40999984741211,13.40999984741211,0
2004-02-09,13.420000076293945,13.420000076293945,13.399999618530273,13.399999618530273,13.399999618530273,400
2004-02-10,13.470000267028809,13.470000267028809,13.399999618530273,13.399999618530273,13.399999618530273,200
2004-02-11,13.800000190734863,13.800000190734863,13.800000190734863,13.800000190734863,13.800000190734863,100
2004-02-12,13.470000267028809,13.470000267028809,13.399999618530273,13.399999618530273,13.399999618530273,200
2004-02-13,13.399999618530273,13.399999618530273,13.399999618530273,13.399999618530273,13.399999618530273,0
2004-02-17,13.399999618530273,13.399999618530273,13.399999618530273,13.399999618530273,13.399999618530273,0
2004-02-18,13.399999618530273,13.399999618530273,13.399999618530273,13.399999618530273,13.399999618530273,0
2004-02-19,13.399999618530273,13.399999618530273,13.399999618530273,13.399999618530273,13.399999618530273,0
2004-02-20,13.399999618530273,13.399999618530273,13.399999618530273,13.399999618530273,13.399999618530273,0
2004-02-23,13.399999618530273,13.399999618530273,13.399999618530273,13.399999618530273,13.399999618530273,0
2004-02-24,13.399999618530273,13.399999618530273,13.399999618530273,13.399999618530273,13.399999618530273,0
2004-02-25,13.399999618530273,13.399999618530273,13.399999618530273,13.399999618530273,13.399999618530273,0
2004-02-26,13.399999618530273,13.399999618530273,13.399999618530273,13.399999618530273,13.399999618530273,0
2004-02-27,13.399999618530273,13.399999618530273,13.399999618530273,13.399999618530273,13.399999618530273,0
2004-03-01,13.899999618530273,13.899999618530273,13.899999618530273,13.899999618530273,13.899999618530273,100
2004-03-02,13.899999618530273,13.899999618530273,13.899999618530273,13.899999618530273,13.899999618530273,0
2004-03-03,13.899999618530273,13.899999618530273,13.899999618530273,13.899999618530273,13.899999618530273,0
2004-03-04,13.899999618530273,13.899999618530273,13.899999618530273,13.899999618530273,13.899999618530273,0
2004-03-05,13.899999618530273,13.899999618530273,13.899999618530273,13.899999618530273,13.899999618530273,0
2004-03-08,13.899999618530273,13.899999618530273,13.899999618530273,13.899999618530273,13.899999618530273,0
2004-03-09,13.899999618530273,13.899999618530273,13.899999618530273,13.899999618530273,13.899999618530273,0
2004-03-10,13.899999618530273,13.899999618530273,13.899999618530273,13.899999618530273,13.899999618530273,0
2004-03-11,13.899999618530273,13.899999618530273,13.899999618530273,13.899999618530273,13.899999618530273,0
2004-03-12,13.899999618530273,13.899999618530273,13.899999618530273,13.899999618530273,13.899999618530273,0
2004-03-15,13.399999618530273,13.600000381469727,13.399999618530273,13.600000381469727,13.600000381469727,1100
2004-03-16,13.600000381469727,13.600000381469727,13.600000381469727,13.600000381469727,13.600000381469727,0
2004-03-17,13.600000381469727,13.600000381469727,13.600000381469727,13.600000381469727,13.600000381469727,0
2004-03-18,13.600000381469727,13.600000381469727,13.600000381469727,13.600000381469727,13.600000381469727,0
2004-03-19,13.989999771118164,14.0,13.989999771118164,14.0,14.0,700
2004-03-22,14.0,14.0,13.989999771118164,14.0,14.0,600
2004-03-23,14.0,14.399999618530273,14.0,14.399999618530273,14.399999618530273,300
2004-03-24,14.399999618530273,14.399999618530273,14.399999618530273,14.399999618530273,14.399999618530273,0
2004-03-25,14.399999618530273,14.399999618530273,14.399999618530273,14.399999618530273,14.399999618530273,0
2004-03-26,14.399999618530273,14.399999618530273,14.399999618530273,14.399999618530273,14.399999618530273,0
2004-03-29,14.399999618530273,14.399999618530273,14.399999618530273,14.399999618530273,14.399999618530273,0
2004-03-30,14.399999618530273,14.399999618530273,14.399999618530273,14.399999618530273,14.399999618530273,0
2004-03-31,14.399999618530273,14.399999618530273,14.399999618530273,14.399999618530273,14.399999618530273,0
2004-04-01,14.399999618530273,14.399999618530273,14.399999618530273,14.399999618530273,14.399999618530273,0
2004-04-02,13.199999809265137,13.210000038146973,13.199999809265137,13.210000038146973,13.210000038146973,300
2004-04-05,13.210000038146973,13.210000038146973,13.210000038146973,13.210000038146973,13.210000038146973,0
2004-04-06,13.210000038146973,13.210000038146973,13.210000038146973,13.210000038146973,13.210000038146973,0
2004-04-07,13.210000038146973,13.210000038146973,13.210000038146973,13.210000038146973,13.210000038146973,0
2004-04-08,13.210000038146973,13.210000038146973,13.210000038146973,13.210000038146973,13.210000038146973,0
2004-04-12,13.210000038146973,13.210000038146973,13.210000038146973,13.210000038146973,13.210000038146973,0
2004-04-13,13.210000038146973,13.210000038146973,13.210000038146973,13.210000038146973,13.210000038146973,0
2004-04-14,13.210000038146973,13.210000038146973,13.210000038146973,13.210000038146973,13.210000038146973,0
2004-04-15,13.930000305175781,13.930000305175781,13.930000305175781,13.930000305175781,13.930000305175781,100
2004-04-16,13.930000305175781,13.930000305175781,13.930000305175781,13.930000305175781,13.930000305175781,0
2004-04-19,13.930000305175781,13.930000305175781,13.930000305175781,13.930000305175781,13.930000305175781,0
2004-04-20,13.930000305175781,13.930000305175781,13.930000305175781,13.930000305175781,13.930000305175781,0
2004-04-21,13.930000305175781,13.930000305175781,13.930000305175781,13.930000305175781,13.930000305175781,0
2004-04-22,13.930000305175781,13.930000305175781,13.930000305175781,13.930000305175781,13.930000305175781,0
2004-04-23,13.930000305175781,13.930000305175781,13.930000305175781,13.930000305175781,13.930000305175781,0
2004-04-26,13.930000305175781,13.930000305175781,13.930000305175781,13.930000305175781,13.930000305175781,0
2004-04-27,13.930000305175781,13.930000305175781,13.930000305175781,13.930000305175781,13.930000305175781,0
2004-04-28,13.930000305175781,13.930000305175781,13.930000305175781,13.930000305175781,13.930000305175781,0
2004-04-29,13.930000305175781,13.930000305175781,13.930000305175781,13.930000305175781,13.930000305175781,0
2004-04-30,13.930000305175781,13.930000305175781,13.930000305175781,13.930000305175781,13.930000305175781,0
2004-05-03,13.210000038146973,13.210000038146973,13.210000038146973,13.210000038146973,13.210000038146973,300
2004-05-04,13.210000038146973,13.210000038146973,13.210000038146973,13.210000038146973,13.210000038146973,0
2004-05-05,13.210000038146973,13.210000038146973,13.210000038146973,13.210000038146973,13.210000038146973,0
2004-05-06,13.210000038146973,13.210000038146973,13.210000038146973,13.210000038146973,13.210000038146973,0
2004-05-07,13.210000038146973,13.210000038146973,13.210000038146973,13.210000038146973,13.210000038146973,0
2004-05-10,13.210000038146973,13.210000038146973,13.210000038146973,13.210000038146973,13.210000038146973,0
2004-05-11,13.210000038146973,13.210000038146973,13.210000038146973,13.210000038146973,13.210000038146973,0
2004-05-12,13.210000038146973,13.210000038146973,13.210000038146973,13.210000038146973,13.210000038146973,0
2004-05-13,13.210000038146973,13.210000038146973,13.210000038146973,13.210000038146973,13.210000038146973,0
2004-05-14,13.210000038146973,13.210000038146973,13.210000038146973,13.210000038146973,13.210000038146973,0
2004-05-17,13.210000038146973,13.210000038146973,13.210000038146973,13.210000038146973,13.210000038146973,0
2004-05-18,13.210000038146973,13.210000038146973,13.210000038146973,13.210000038146973,13.210000038146973,0
2004-05-19,13.210000038146973,13.210000038146973,13.210000038146973,13.210000038146973,13.210000038146973,0
2004-05-20,13.210000038146973,13.210000038146973,13.210000038146973,13.210000038146973,13.210000038146973,0
2004-05-21,13.210000038146973,13.210000038146973,13.210000038146973,13.210000038146973,13.210000038146973,0
2004-05-24,13.210000038146973,13.210000038146973,13.210000038146973,13.210000038146973,13.210000038146973,0
2004-05-25,13.210000038146973,13.210000038146973,13.210000038146973,13.210000038146973,13.210000038146973,0
2004-05-26,13.210000038146973,13.210000038146973,13.210000038146973,13.210000038146973,13.210000038146973,0
2004-05-27,13.210000038146973,13.210000038146973,13.210000038146973,13.210000038146973,13.210000038146973,0
2004-05-28,13.210000038146973,13.210000038146973,13.210000038146973,13.210000038146973,13.210000038146973,0
2004-06-01,13.210000038146973,13.210000038146973,13.210000038146973,13.210000038146973,13.210000038146973,0
2004-06-02,14.390000343322754,14.390000343322754,14.390000343322754,14.390000343322754,14.390000343322754,200
2004-06-03,13.260000228881836,13.779999732971191,13.229999542236328,13.75,13.75,600
2004-06-04,13.75,13.75,13.75,13.75,13.75,0
2004-06-07,13.75,13.75,13.75,13.75,13.75,0
2004-06-08,13.350000381469727,13.720000267028809,13.350000381469727,13.529999732971191,13.529999732971191,700
2004-06-09,13.529999732971191,13.529999732971191,13.529999732971191,13.529999732971191,13.529999732971191,0
2004-06-10,13.210000038146973,13.710000038146973,13.210000038146973,13.670000076293945,13.670000076293945,400
2004-06-14,13.670000076293945,13.670000076293945,13.670000076293945,13.670000076293945,13.670000076293945,0
2004-06-15,13.670000076293945,13.670000076293945,13.670000076293945,13.670000076293945,13.670000076293945,0
2004-06-16,13.670000076293945,13.670000076293945,13.670000076293945,13.670000076293945,13.670000076293945,0
2004-06-17,13.670000076293945,13.670000076293945,13.670000076293945,13.670000076293945,13.670000076293945,0
2004-06-18,13.670000076293945,13.670000076293945,13.670000076293945,13.670000076293945,13.670000076293945,0
2004-06-21,13.670000076293945,13.670000076293945,13.670000076293945,13.670000076293945,13.670000076293945,0
2004-06-22,13.210000038146973,13.210000038146973,13.210000038146973,13.210000038146973,13.210000038146973,2000
2004-06-23,13.210000038146973,13.210000038146973,13.210000038146973,13.210000038146973,13.210000038146973,0
2004-06-24,13.210000038146973,13.210000038146973,13.210000038146973,13.210000038146973,13.210000038146973,0
2004-06-25,13.210000038146973,13.210000038146973,13.210000038146973,13.210000038146973,13.210000038146973,0
2004-06-28,13.210000038146973,13.210000038146973,13.210000038146973,13.210000038146973,13.210000038146973,0
2004-06-29,13.210000038146973,13.210000038146973,13.210000038146973,13.210000038146973,13.210000038146973,0
2004-06-30,13.210000038146973,13.210000038146973,13.210000038146973,13.210000038146973,13.210000038146973,0
2004-07-01,13.210000038146973,13.210000038146973,13.210000038146973,13.210000038146973,13.210000038146973,0
2004-07-02,13.3100004196167,13.3100004196167,13.0600004196167,13.0600004196167,13.0600004196167,1300
2004-07-06,13.0600004196167,13.0600004196167,13.0600004196167,13.0600004196167,13.0600004196167,0
2004-07-07,13.0600004196167,13.0600004196167,13.0600004196167,13.0600004196167,13.0600004196167,200
2004-07-08,13.0600004196167,13.0600004196167,13.0600004196167,13.0600004196167,13.0600004196167,100
2004-07-09,13.0600004196167,13.0600004196167,13.0600004196167,13.0600004196167,13.0600004196167,0
2004-07-12,13.0600004196167,13.0600004196167,13.0600004196167,13.0600004196167,13.0600004196167,0
2004-07-13,13.0600004196167,13.0600004196167,13.0600004196167,13.0600004196167,13.0600004196167,0
2004-07-14,13.0600004196167,13.0600004196167,13.0600004196167,13.0600004196167,13.0600004196167,0
2004-07-15,13.0600004196167,13.0600004196167,13.0600004196167,13.0600004196167,13.0600004196167,0
2004-07-16,13.0600004196167,13.0600004196167,13.0600004196167,13.0600004196167,13.0600004196167,0
2004-07-19,13.0600004196167,13.0600004196167,13.0600004196167,13.0600004196167,13.0600004196167,0
2004-07-20,13.0600004196167,13.0600004196167,13.0600004196167,13.0600004196167,13.0600004196167,0
2004-07-21,13.0600004196167,13.0600004196167,13.0600004196167,13.0600004196167,13.0600004196167,0
2004-07-22,13.0600004196167,13.0600004196167,13.0600004196167,13.0600004196167,13.0600004196167,0
2004-07-23,13.0600004196167,13.0600004196167,13.0600004196167,13.0600004196167,13.0600004196167,0
2004-07-26,13.0600004196167,13.0600004196167,13.0600004196167,13.0600004196167,13.0600004196167,0
2004-07-27,13.0600004196167,13.0600004196167,13.0600004196167,13.0600004196167,13.0600004196167,0
2004-07-28,13.0600004196167,13.0600004196167,13.0600004196167,13.0600004196167,13.0600004196167,0
2004-07-29,13.0600004196167,13.0600004196167,13.0600004196167,13.0600004196167,13.0600004196167,0
2004-07-30,13.0600004196167,13.0600004196167,13.0600004196167,13.0600004196167,13.0600004196167,0
2004-08-02,13.300000190734863,13.300000190734863,13.300000190734863,13.300000190734863,13.300000190734863,300
2004-08-03,13.300000190734863,13.300000190734863,13.300000190734863,13.300000190734863,13.300000190734863,0
2004-08-04,13.300000190734863,13.300000190734863,13.300000190734863,13.300000190734863,13.300000190734863,0
2004-08-05,13.300000190734863,13.300000190734863,13.300000190734863,13.300000190734863,13.300000190734863,0
2004-08-06,13.069999694824219,13.069999694824219,13.069999694824219,13.069999694824219,13.069999694824219,200
2004-08-09,13.069999694824219,13.069999694824219,13.069999694824219,13.069999694824219,13.069999694824219,0
2004-08-10,13.069999694824219,13.069999694824219,13.069999694824219,13.069999694824219,13.069999694824219,0
2004-08-11,13.069999694824219,13.069999694824219,13.069999694824219,13.069999694824219,13.069999694824219,0
2004-08-12,13.069999694824219,13.069999694824219,13.069999694824219,13.069999694824219,13.069999694824219,0
2004-08-13,13.069999694824219,13.069999694824219,13.069999694824219,13.069999694824219,13.069999694824219,0
2004-08-16,13.069999694824219,13.069999694824219,13.069999694824219,13.069999694824219,13.069999694824219,0
2004-08-17,13.069999694824219,13.069999694824219,13.069999694824219,13.069999694824219,13.069999694824219,0
2004-08-18,13.069999694824219,13.069999694824219,13.069999694824219,13.069999694824219,13.069999694824219,0
2004-08-19,13.069999694824219,13.069999694824219,13.069999694824219,13.069999694824219,13.069999694824219,0
2004-08-20,13.069999694824219,13.069999694824219,13.069999694824219,13.069999694824219,13.069999694824219,400
2004-08-23,13.0,13.0,13.0,13.0,13.0,400
2004-08-24,13.0,13.0,13.0,13.0,13.0,0
2004-08-25,13.0,13.0,12.5,12.5,12.5,6400
2004-08-26,12.5,12.5,12.5,12.5,12.5,0
2004-08-27,12.5,12.5,12.5,12.5,12.5,0
2004-08-30,12.5,12.5,12.5,12.5,12.5,0
2004-08-31,12.5,12.5,12.5,12.5,12.5,0
2004-09-01,12.5,12.5,12.5,12.5,12.5,0
2004-09-02,12.5,12.5,12.5,12.5,12.5,0
2004-09-03,12.5,12.5,12.5,12.5,12.5,0
2004-09-07,12.5,12.5,12.5,12.5,12.5,400
2004-09-08,12.5,12.5,12.5,12.5,12.5,0
2004-09-09,12.979999542236328,12.979999542236328,12.979999542236328,12.979999542236328,12.979999542236328,100
2004-09-10,12.979999542236328,12.979999542236328,12.979999542236328,12.979999542236328,12.979999542236328,0
2004-09-13,12.979999542236328,12.979999542236328,12.979999542236328,12.979999542236328,12.979999542236328,0
2004-09-14,12.75,12.75,12.75,12.75,12.75,200
2004-09-15,12.75,12.75,12.75,12.75,12.75,0
2004-09-16,12.75,12.75,12.75,12.75,12.75,0
2004-09-17,12.75,12.75,12.75,12.75,12.75,0
2004-09-20,12.75,12.75,12.75,12.75,12.75,0
2004-09-21,12.75,12.75,12.75,12.75,12.75,0
2004-09-22,12.75,12.75,12.75,12.75,12.75,0
2004-09-23,12.75,12.75,12.75,12.75,12.75,0
2004-09-24,12.75,12.75,12.75,12.75,12.75,0
2004-09-27,12.75,12.75,12.75,12.75,12.75,0
2004-09-28,12.75,12.75,12.75,12.75,12.75,0
2004-09-29,12.75,12.75,12.75,12.75,12.75,0
2004-09-30,12.75,12.75,12.75,12.75,12.75,0
2004-10-01,12.75,12.75,12.75,12.75,12.75,0
2004-10-04,12.75,12.75,12.75,12.75,12.75,0
2004-10-05,12.75,12.75,12.75,12.75,12.75,0
2004-10-06,12.75,12.75,12.75,12.75,12.75,0
2004-10-07,12.75,12.75,12.75,12.75,12.75,300
2004-10-08,12.75,12.75,12.75,12.75,12.75,0
2004-10-11,12.75,12.75,12.75,12.75,12.75,0
2004-10-12,12.75,12.75,12.75,12.75,12.75,0
2004-10-13,12.609999656677246,12.609999656677246,12.210000038146973,12.569999694824219,12.569999694824219,4000
2004-10-14,12.569999694824219,12.569999694824219,12.569999694824219,12.569999694824219,12.569999694824219,0
2004-10-15,12.569999694824219,12.569999694824219,12.569999694824219,12.569999694824219,12.569999694824219,0
2004-10-18,12.569999694824219,12.569999694824219,12.569999694824219,12.569999694824219,12.569999694824219,0
2004-10-19,12.569999694824219,12.569999694824219,12.569999694824219,12.569999694824219,12.569999694824219,0
2004-10-20,12.569999694824219,12.569999694824219,12.569999694824219,12.569999694824219,12.569999694824219,0
2004-10-21,12.569999694824219,12.569999694824219,12.569999694824219,12.569999694824219,12.569999694824219,0
2004-10-22,12.569999694824219,12.569999694824219,12.569999694824219,12.569999694824219,12.569999694824219,0
2004-10-25,12.569999694824219,12.569999694824219,12.569999694824219,12.569999694824219,12.569999694824219,0
2004-10-26,13.670000076293945,13.989999771118164,13.670000076293945,13.970000267028809,13.970000267028809,400
2004-10-27,13.970000267028809,13.970000267028809,13.970000267028809,13.970000267028809,13.970000267028809,0
2004-10-28,13.970000267028809,13.970000267028809,13.970000267028809,13.970000267028809,13.970000267028809,0
2004-10-29,14.100000381469727,14.100000381469727,14.100000381469727,14.100000381469727,14.100000381469727,200
2004-11-01,14.140000343322754,14.140000343322754,14.140000343322754,14.140000343322754,14.140000343322754,100
2004-11-02,14.140000343322754,14.140000343322754,14.140000343322754,14.140000343322754,14.140000343322754,0
2004-11-03,14.140000343322754,14.140000343322754,14.140000343322754,14.140000343322754,14.140000343322754,0
2004-11-04,13.5,13.5,13.5,13.5,13.5,100
2004-11-05,13.5,13.5,13.5,13.5,13.5,0
2004-11-08,13.5,13.5,13.5,13.5,13.5,0
2004-11-09,13.5,13.5,13.5,13.5,13.5,0
2004-11-10,13.510000228881836,14.239999771118164,13.510000228881836,14.029999732971191,14.029999732971191,1000
2004-11-11,14.029999732971191,14.029999732971191,14.029999732971191,14.029999732971191,14.029999732971191,0
2004-11-12,13.600000381469727,13.600000381469727,13.600000381469727,13.600000381469727,13.600000381469727,600
2004-11-15,13.600000381469727,13.600000381469727,13.600000381469727,13.600000381469727,13.600000381469727,0
2004-11-16,13.600000381469727,13.600000381469727,13.600000381469727,13.600000381469727,13.600000381469727,0
2004-11-17,13.600000381469727,13.600000381469727,13.600000381469727,13.600000381469727,13.600000381469727,0
2004-11-18,13.600000381469727,13.600000381469727,13.600000381469727,13.600000381469727,13.600000381469727,0
2004-11-19,13.600000381469727,13.600000381469727,13.600000381469727,13.600000381469727,13.600000381469727,0
2004-11-22,13.600000381469727,13.600000381469727,13.600000381469727,13.600000381469727,13.600000381469727,300
2004-11-23,13.600000381469727,13.600000381469727,13.600000381469727,13.600000381469727,13.600000381469727,0
2004-11-24,13.600000381469727,13.600000381469727,13.600000381469727,13.600000381469727,13.600000381469727,0
2004-11-26,13.600000381469727,13.600000381469727,13.600000381469727,13.600000381469727,13.600000381469727,0
2004-11-29,14.0,14.59000015258789,14.0,14.59000015258789,14.59000015258789,500
2004-11-30,14.59000015258789,14.59000015258789,14.59000015258789,14.59000015258789,14.59000015258789,0
2004-12-01,14.59000015258789,14.59000015258789,14.59000015258789,14.59000015258789,14.59000015258789,0
2004-12-02,14.600000381469727,14.600000381469727,14.600000381469727,14.600000381469727,14.600000381469727,500
2004-12-03,14.600000381469727,14.600000381469727,14.600000381469727,14.600000381469727,14.600000381469727,0
2004-12-06,14.600000381469727,14.600000381469727,14.600000381469727,14.600000381469727,14.600000381469727,0
2004-12-07,14.600000381469727,14.600000381469727,14.600000381469727,14.600000381469727,14.600000381469727,0
2004-12-08,14.600000381469727,14.600000381469727,14.600000381469727,14.600000381469727,14.600000381469727,0
2004-12-09,14.600000381469727,14.600000381469727,14.600000381469727,14.600000381469727,14.600000381469727,0
2004-12-10,14.600000381469727,14.600000381469727,14.600000381469727,14.600000381469727,14.600000381469727,0
2004-12-13,14.600000381469727,14.600000381469727,14.600000381469727,14.600000381469727,14.600000381469727,0
2004-12-14,14.600000381469727,14.600000381469727,14.600000381469727,14.600000381469727,14.600000381469727,0
2004-12-15,14.600000381469727,14.600000381469727,14.600000381469727,14.600000381469727,14.600000381469727,0
2004-12-16,14.600000381469727,14.600000381469727,14.600000381469727,14.600000381469727,14.600000381469727,0
2004-12-17,14.600000381469727,14.600000381469727,14.600000381469727,14.600000381469727,14.600000381469727,0
2004-12-20,14.600000381469727,14.600000381469727,14.600000381469727,14.600000381469727,14.600000381469727,0
2004-12-21,13.960000038146973,13.960000038146973,13.960000038146973,13.960000038146973,13.960000038146973,300
2004-12-22,13.960000038146973,13.960000038146973,13.960000038146973,13.960000038146973,13.960000038146973,400
2004-12-23,13.960000038146973,13.960000038146973,13.960000038146973,13.960000038146973,13.960000038146973,0
2004-12-27,13.960000038146973,13.960000038146973,13.960000038146973,13.960000038146973,13.960000038146973,0
2004-12-28,13.960000038146973,13.960000038146973,13.960000038146973,13.960000038146973,13.960000038146973,0
2004-12-29,13.960000038146973,13.960000038146973,13.960000038146973,13.960000038146973,13.960000038146973,0
2004-12-30,13.960000038146973,13.960000038146973,13.960000038146973,13.960000038146973,13.960000038146973,0
2004-12-31,13.960000038146973,13.960000038146973,13.960000038146973,13.960000038146973,13.960000038146973,0
2005-01-03,13.960000038146973,13.960000038146973,13.960000038146973,13.960000038146973,13.960000038146973,0
2005-01-04,14.600000381469727,15.100000381469727,14.0600004196167,14.069999694824219,14.069999694824219,1800
2005-01-05,14.069999694824219,14.069999694824219,14.069999694824219,14.069999694824219,14.069999694824219,0
2005-01-06,15.170000076293945,15.640000343322754,15.170000076293945,15.640000343322754,15.640000343322754,700
2005-01-07,15.670000076293945,15.670000076293945,15.670000076293945,15.670000076293945,15.670000076293945,100
2005-01-10,16.100000381469727,16.100000381469727,15.100000381469727,15.100000381469727,15.100000381469727,300
2005-01-11,15.100000381469727,15.100000381469727,15.100000381469727,15.100000381469727,15.100000381469727,0
2005-01-12,15.100000381469727,15.100000381469727,15.100000381469727,15.100000381469727,15.100000381469727,0
2005-01-13,15.100000381469727,15.100000381469727,15.100000381469727,15.100000381469727,15.100000381469727,0
2005-01-14,15.100000381469727,15.100000381469727,15.100000381469727,15.100000381469727,15.100000381469727,0
2005-01-18,15.100000381469727,15.100000381469727,15.100000381469727,15.100000381469727,15.100000381469727,0
2005-01-19,15.100000381469727,15.100000381469727,15.100000381469727,15.100000381469727,15.100000381469727,0
2005-01-20,15.100000381469727,15.100000381469727,15.100000381469727,15.100000381469727,15.100000381469727,0
2005-01-21,15.100000381469727,15.100000381469727,15.100000381469727,15.100000381469727,15.100000381469727,0
2005-01-24,15.100000381469727,15.100000381469727,15.100000381469727,15.100000381469727,15.100000381469727,0
2005-01-25,15.100000381469727,15.100000381469727,15.100000381469727,15.100000381469727,15.100000381469727,0
2005-01-26,15.100000381469727,15.100000381469727,15.100000381469727,15.100000381469727,15.100000381469727,0
2005-01-27,15.100000381469727,15.100000381469727,15.100000381469727,15.100000381469727,15.100000381469727,0
2005-01-28,15.100000381469727,15.100000381469727,15.100000381469727,15.100000381469727,15.100000381469727,0
2005-01-31,15.100000381469727,15.100000381469727,15.100000381469727,15.100000381469727,15.100000381469727,0
2005-02-01,15.100000381469727,15.100000381469727,15.100000381469727,15.100000381469727,15.100000381469727,0
2005-02-02,15.100000381469727,15.100000381469727,15.100000381469727,15.100000381469727,15.100000381469727,0
2005-02-03,15.100000381469727,15.100000381469727,15.100000381469727,15.100000381469727,15.100000381469727,0
2005-02-04,15.100000381469727,15.100000381469727,15.100000381469727,15.100000381469727,15.100000381469727,0
2005-02-07,15.15999984741211,15.470000267028809,15.15999984741211,15.350000381469727,15.350000381469727,400
2005-02-08,15.350000381469727,15.350000381469727,15.350000381469727,15.350000381469727,15.350000381469727,0
2005-02-09,15.920000076293945,15.920000076293945,15.920000076293945,15.920000076293945,15.920000076293945,100
2005-02-10,15.920000076293945,15.920000076293945,15.920000076293945,15.920000076293945,15.920000076293945,0
2005-02-11,15.920000076293945,15.920000076293945,15.920000076293945,15.920000076293945,15.920000076293945,0
2005-02-14,15.920000076293945,15.920000076293945,15.920000076293945,15.920000076293945,15.920000076293945,0
2005-02-15,15.25,15.25,15.25,15.25,15.25,100
2005-02-16,15.25,15.25,15.25,15.25,15.25,0
2005-02-17,15.25,15.25,15.25,15.25,15.25,0
2005-02-18,15.670000076293945,15.880000114440918,15.34000015258789,15.460000038146973,15.460000038146973,1800
2005-02-22,15.880000114440918,15.880000114440918,15.369999885559082,15.609999656677246,15.609999656677246,500
2005-02-23,15.609999656677246,15.609999656677246,15.609999656677246,15.609999656677246,15.609999656677246,0
2005-02-24,15.609999656677246,15.609999656677246,15.609999656677246,15.609999656677246,15.609999656677246,0
2005-02-25,15.609999656677246,15.609999656677246,15.609999656677246,15.609999656677246,15.609999656677246,0
2005-02-28,15.75,16.309999465942383,15.300000190734863,16.309999465942383,16.309999465942383,1200
2005-03-01,16.309999465942383,16.309999465942383,16.309999465942383,16.309999465942383,16.309999465942383,0
2005-03-02,16.600000381469727,16.600000381469727,16.600000381469727,16.600000381469727,16.600000381469727,200
2005-03-03,16.600000381469727,16.600000381469727,16.600000381469727,16.600000381469727,16.600000381469727,0
2005-03-04,16.600000381469727,16.600000381469727,16.600000381469727,16.600000381469727,16.600000381469727,0
2005-03-07,16.59000015258789,16.59000015258789,16.59000015258789,16.59000015258789,16.59000015258789,400
2005-03-08,16.59000015258789,16.59000015258789,16.59000015258789,16.59000015258789,16.59000015258789,0
2005-03-09,16.59000015258789,16.59000015258789,16.59000015258789,16.59000015258789,16.59000015258789,0
2005-03-10,16.59000015258789,16.59000015258789,16.59000015258789,16.59000015258789,16.59000015258789,0
2005-03-11,15.390000343322754,15.890000343322754,15.390000343322754,15.829999923706055,15.829999923706055,800
2005-03-14,17.600000381469727,17.600000381469727,16.229999542236328,16.239999771118164,16.239999771118164,3300
2005-03-15,16.06999969482422,16.06999969482422,16.06999969482422,16.06999969482422,16.06999969482422,100
2005-03-16,17.5,17.549999237060547,17.209999084472656,17.520000457763672,17.520000457763672,1800
2005-03-17,17.700000762939453,17.700000762939453,17.700000762939453,17.700000762939453,17.700000762939453,100
2005-03-18,17.559999465942383,17.559999465942383,17.559999465942383,17.559999465942383,17.559999465942383,100
2005-03-21,17.200000762939453,17.200000762939453,17.200000762939453,17.200000762939453,17.200000762939453,200
2005-03-22,17.200000762939453,17.200000762939453,17.200000762939453,17.200000762939453,17.200000762939453,0
2005-03-23,17.200000762939453,17.200000762939453,17.200000762939453,17.200000762939453,17.200000762939453,0
2005-03-24,17.200000762939453,17.200000762939453,17.200000762939453,17.200000762939453,17.200000762939453,0
2005-03-28,17.200000762939453,17.200000762939453,17.200000762939453,17.200000762939453,17.200000762939453,0
2005-03-29,17.270000457763672,17.270000457763672,16.850000381469727,16.860000610351562,16.860000610351562,500
2005-03-30,16.860000610351562,16.860000610351562,16.860000610351562,16.860000610351562,16.860000610351562,0
2005-03-31,16.860000610351562,16.860000610351562,16.860000610351562,16.860000610351562,16.860000610351562,0
2005-04-01,16.860000610351562,16.860000610351562,16.860000610351562,16.860000610351562,16.860000610351562,0
2005-04-04,16.860000610351562,16.860000610351562,16.860000610351562,16.860000610351562,16.860000610351562,0
2005-04-05,16.860000610351562,16.860000610351562,16.860000610351562,16.860000610351562,16.860000610351562,0
2005-04-06,16.860000610351562,16.860000610351562,16.860000610351562,16.860000610351562,16.860000610351562,0
2005-04-07,16.860000610351562,16.860000610351562,16.860000610351562,16.860000610351562,16.860000610351562,0
2005-04-08,16.860000610351562,16.860000610351562,16.860000610351562,16.860000610351562,16.860000610351562,0
2005-04-11,16.860000610351562,16.860000610351562,16.860000610351562,16.860000610351562,16.860000610351562,0
2005-04-12,16.860000610351562,16.860000610351562,16.860000610351562,16.860000610351562,16.860000610351562,0
2005-04-13,16.860000610351562,16.860000610351562,16.860000610351562,16.860000610351562,16.860000610351562,0
2005-04-14,16.860000610351562,16.860000610351562,16.860000610351562,16.860000610351562,16.860000610351562,0
2005-04-15,16.860000610351562,16.860000610351562,16.860000610351562,16.860000610351562,16.860000610351562,0
2005-04-18,16.860000610351562,16.860000610351562,16.860000610351562,16.860000610351562,16.860000610351562,0
2005-04-19,16.860000610351562,16.860000610351562,16.860000610351562,16.860000610351562,16.860000610351562,0
2005-04-20,16.860000610351562,16.860000610351562,16.860000610351562,16.860000610351562,16.860000610351562,0
2005-04-21,16.860000610351562,16.860000610351562,16.860000610351562,16.860000610351562,16.860000610351562,0
2005-04-22,16.860000610351562,16.860000610351562,16.860000610351562,16.860000610351562,16.860000610351562,0
2005-04-25,16.860000610351562,16.860000610351562,16.860000610351562,16.860000610351562,16.860000610351562,0
2005-04-26,16.860000610351562,16.860000610351562,16.860000610351562,16.860000610351562,16.860000610351562,0
2005-04-27,16.860000610351562,16.860000610351562,16.860000610351562,16.860000610351562,16.860000610351562,0
2005-04-28,16.860000610351562,16.860000610351562,16.860000610351562,16.860000610351562,16.860000610351562,0
2005-04-29,16.860000610351562,16.860000610351562,16.860000610351562,16.860000610351562,16.860000610351562,0
2005-05-02,16.860000610351562,16.860000610351562,16.860000610351562,16.860000610351562,16.860000610351562,0
2005-05-03,16.860000610351562,16.860000610351562,16.860000610351562,16.860000610351562,16.860000610351562,0
2005-05-04,16.860000610351562,16.860000610351562,16.860000610351562,16.860000610351562,16.860000610351562,0
2005-05-05,16.860000610351562,16.860000610351562,16.860000610351562,16.860000610351562,16.860000610351562,0
2005-05-06,16.100000381469727,16.100000381469727,16.100000381469727,16.100000381469727,16.100000381469727,200
2005-05-09,16.100000381469727,16.100000381469727,16.100000381469727,16.100000381469727,16.100000381469727,0
2005-05-10,16.100000381469727,16.100000381469727,16.100000381469727,16.100000381469727,16.100000381469727,0
2005-05-11,16.100000381469727,16.100000381469727,16.100000381469727,16.100000381469727,16.100000381469727,0
2005-05-12,16.100000381469727,16.100000381469727,16.100000381469727,16.100000381469727,16.100000381469727,0
2005-05-13,18.0,18.0,16.5,16.5,16.5,3900
2005-05-16,16.760000228881836,16.760000228881836,16.260000228881836,16.280000686645508,16.280000686645508,1500
2005-05-17,16.260000228881836,16.260000228881836,16.25,16.25,16.25,300
2005-05-18,16.25,16.25,16.25,16.25,16.25,0
2005-05-19,16.25,16.25,16.25,16.25,16.25,0
2005-05-20,16.25,16.25,16.25,16.25,16.25,0
2005-05-23,16.0,16.030000686645508,15.520000457763672,15.520000457763672,15.520000457763672,1100
2005-05-24,15.600000381469727,15.630000114440918,15.020000457763672,15.020000457763672,15.020000457763672,900
2005-05-25,15.020000457763672,15.020000457763672,15.020000457763672,15.020000457763672,15.020000457763672,0
2005-05-26,15.020000457763672,15.020000457763672,15.020000457763672,15.020000457763672,15.020000457763672,0
2005-05-27,15.859999656677246,15.859999656677246,15.859999656677246,15.859999656677246,15.859999656677246,100
2005-05-31,15.859999656677246,15.859999656677246,15.859999656677246,15.859999656677246,15.859999656677246,0
2005-06-01,15.859999656677246,15.859999656677246,15.859999656677246,15.859999656677246,15.859999656677246,0
2005-06-02,15.859999656677246,15.859999656677246,15.859999656677246,15.859999656677246,15.859999656677246,0
2005-06-03,15.859999656677246,15.859999656677246,15.859999656677246,15.859999656677246,15.859999656677246,0
2005-06-06,15.859999656677246,15.859999656677246,15.859999656677246,15.859999656677246,15.859999656677246,0
2005-06-07,15.859999656677246,15.859999656677246,15.859999656677246,15.859999656677246,15.859999656677246,0
2005-06-08,15.859999656677246,15.859999656677246,15.859999656677246,15.859999656677246,15.859999656677246,0
2005-06-09,15.859999656677246,15.859999656677246,15.859999656677246,15.859999656677246,15.859999656677246,0
2005-06-10,15.859999656677246,15.859999656677246,15.859999656677246,15.859999656677246,15.859999656677246,0
2005-06-13,15.859999656677246,15.859999656677246,15.859999656677246,15.859999656677246,15.859999656677246,0
2005-06-14,15.859999656677246,15.859999656677246,15.859999656677246,15.859999656677246,15.859999656677246,0
2005-06-15,15.859999656677246,15.859999656677246,15.859999656677246,15.859999656677246,15.859999656677246,0
2005-06-16,15.859999656677246,15.859999656677246,15.859999656677246,15.859999656677246,15.859999656677246,0
2005-06-17,15.859999656677246,15.859999656677246,15.859999656677246,15.859999656677246,15.859999656677246,0
2005-06-20,15.859999656677246,15.859999656677246,15.859999656677246,15.859999656677246,15.859999656677246,0
2005-06-21,15.859999656677246,15.859999656677246,15.859999656677246,15.859999656677246,15.859999656677246,0
2005-06-22,15.859999656677246,15.859999656677246,15.859999656677246,15.859999656677246,15.859999656677246,0
2005-06-23,15.859999656677246,15.859999656677246,15.859999656677246,15.859999656677246,15.859999656677246,0
2005-06-24,15.859999656677246,15.859999656677246,15.859999656677246,15.859999656677246,15.859999656677246,0
2005-06-27,15.859999656677246,15.859999656677246,15.859999656677246,15.859999656677246,15.859999656677246,0
2005-06-28,15.859999656677246,15.859999656677246,15.859999656677246,15.859999656677246,15.859999656677246,0
2005-06-29,15.859999656677246,15.859999656677246,15.859999656677246,15.859999656677246,15.859999656677246,0
2005-06-30,15.859999656677246,15.859999656677246,15.859999656677246,15.859999656677246,15.859999656677246,0
2005-07-01,15.859999656677246,15.859999656677246,15.859999656677246,15.859999656677246,15.859999656677246,0
2005-07-05,15.859999656677246,15.859999656677246,15.859999656677246,15.859999656677246,15.859999656677246,0
2005-07-06,15.859999656677246,15.859999656677246,15.859999656677246,15.859999656677246,15.859999656677246,0
2005-07-07,15.859999656677246,15.859999656677246,15.859999656677246,15.859999656677246,15.859999656677246,0
2005-07-08,15.859999656677246,15.859999656677246,15.859999656677246,15.859999656677246,15.859999656677246,0
2005-07-11,15.859999656677246,15.859999656677246,15.859999656677246,15.859999656677246,15.859999656677246,0
2005-07-12,15.859999656677246,15.859999656677246,15.859999656677246,15.859999656677246,15.859999656677246,0
2005-07-13,15.859999656677246,15.859999656677246,15.859999656677246,15.859999656677246,15.859999656677246,0
2005-07-14,15.859999656677246,15.859999656677246,15.859999656677246,15.859999656677246,15.859999656677246,0
2005-07-15,15.859999656677246,15.859999656677246,15.859999656677246,15.859999656677246,15.859999656677246,0
2005-07-18,15.859999656677246,15.859999656677246,15.859999656677246,15.859999656677246,15.859999656677246,0
2005-07-19,16.030000686645508,16.030000686645508,16.030000686645508,16.030000686645508,16.030000686645508,100
2005-07-20,16.030000686645508,16.030000686645508,16.030000686645508,16.030000686645508,16.030000686645508,0
2005-07-21,16.030000686645508,16.030000686645508,16.030000686645508,16.030000686645508,16.030000686645508,0
2005-07-22,16.030000686645508,16.030000686645508,16.030000686645508,16.030000686645508,16.030000686645508,0
2005-07-25,16.030000686645508,16.030000686645508,16.030000686645508,16.030000686645508,16.030000686645508,0
2005-07-26,16.0,16.0,16.0,16.0,16.0,300
2005-07-27,16.0,16.0,16.0,16.0,16.0,0
2005-07-28,16.0,16.0,16.0,16.0,16.0,100
2005-07-29,16.0,16.0,16.0,16.0,16.0,0
2005-08-01,16.0,16.0,16.0,16.0,16.0,0
2005-08-02,16.0,16.0,16.0,16.0,16.0,0
2005-08-03,15.359999656677246,15.359999656677246,15.359999656677246,15.359999656677246,15.359999656677246,100
2005-08-04,16.239999771118164,16.239999771118164,16.239999771118164,16.239999771118164,16.239999771118164,300
2005-08-05,16.239999771118164,16.239999771118164,16.239999771118164,16.239999771118164,16.239999771118164,0
2005-08-08,16.239999771118164,16.239999771118164,16.239999771118164,16.239999771118164,16.239999771118164,0
2005-08-09,16.239999771118164,16.239999771118164,16.239999771118164,16.239999771118164,16.239999771118164,0
2005-08-10,16.239999771118164,16.239999771118164,16.239999771118164,16.239999771118164,16.239999771118164,0
2005-08-11,16.239999771118164,16.239999771118164,16.239999771118164,16.239999771118164,16.239999771118164,0
2005-08-12,16.239999771118164,16.239999771118164,16.239999771118164,16.239999771118164,16.239999771118164,0
2005-08-15,16.239999771118164,16.239999771118164,16.239999771118164,16.239999771118164,16.239999771118164,0
2005-08-16,16.239999771118164,16.239999771118164,16.239999771118164,16.239999771118164,16.239999771118164,0
2005-08-17,16.239999771118164,16.239999771118164,16.239999771118164,16.239999771118164,16.239999771118164,0
2005-08-18,16.239999771118164,16.239999771118164,16.239999771118164,16.239999771118164,16.239999771118164,0
2005-08-19,16.239999771118164,16.239999771118164,16.239999771118164,16.239999771118164,16.239999771118164,0
2005-08-22,16.239999771118164,16.239999771118164,16.239999771118164,16.239999771118164,16.239999771118164,0
2005-08-23,16.239999771118164,16.239999771118164,16.239999771118164,16.239999771118164,16.239999771118164,0
2005-08-24,16.239999771118164,16.239999771118164,16.239999771118164,16.239999771118164,16.239999771118164,0
2005-08-25,16.239999771118164,16.239999771118164,16.239999771118164,16.239999771118164,16.239999771118164,0
2005-08-26,16.239999771118164,16.239999771118164,16.239999771118164,16.239999771118164,16.239999771118164,0
2005-08-29,16.239999771118164,16.239999771118164,16.239999771118164,16.239999771118164,16.239999771118164,0
2005-08-30,16.239999771118164,16.239999771118164,16.239999771118164,16.239999771118164,16.239999771118164,0
2005-08-31,16.239999771118164,16.239999771118164,16.239999771118164,16.239999771118164,16.239999771118164,0
2005-09-01,16.239999771118164,16.239999771118164,16.239999771118164,16.239999771118164,16.239999771118164,0
2005-09-02,16.239999771118164,16.239999771118164,16.239999771118164,16.239999771118164,16.239999771118164,0
2005-09-06,16.239999771118164,16.239999771118164,16.239999771118164,16.239999771118164,16.239999771118164,0
2005-09-07,16.239999771118164,16.239999771118164,16.239999771118164,16.239999771118164,16.239999771118164,0
2005-09-08,16.239999771118164,16.239999771118164,16.239999771118164,16.239999771118164,16.239999771118164,0
2005-09-09,16.239999771118164,16.239999771118164,16.239999771118164,16.239999771118164,16.239999771118164,0
2005-09-12,16.239999771118164,16.239999771118164,16.239999771118164,16.239999771118164,16.239999771118164,0
2005-09-13,16.239999771118164,16.239999771118164,16.239999771118164,16.239999771118164,16.239999771118164,0
2005-09-14,16.239999771118164,16.239999771118164,16.239999771118164,16.239999771118164,16.239999771118164,0
2005-09-15,16.239999771118164,16.239999771118164,16.239999771118164,16.239999771118164,16.239999771118164,0
2005-09-16,16.239999771118164,16.239999771118164,16.239999771118164,16.239999771118164,16.239999771118164,0
2005-09-19,16.239999771118164,16.239999771118164,16.239999771118164,16.239999771118164,16.239999771118164,0
2005-09-20,16.239999771118164,16.239999771118164,16.239999771118164,16.239999771118164,16.239999771118164,0
2005-09-21,16.34000015258789,16.34000015258789,16.34000015258789,16.34000015258789,16.34000015258789,300
2005-09-22,17.0,17.389999389648438,17.0,17.389999389648438,17.389999389648438,400
2005-09-23,17.389999389648438,17.389999389648438,17.389999389648438,17.389999389648438,17.389999389648438,0
2005-09-26,17.389999389648438,17.389999389648438,17.389999389648438,17.389999389648438,17.389999389648438,0
2005-09-27,17.389999389648438,17.389999389648438,17.389999389648438,17.389999389648438,17.389999389648438,0
2005-09-28,17.389999389648438,17.389999389648438,17.389999389648438,17.389999389648438,17.389999389648438,0
2005-09-29,17.389999389648438,17.389999389648438,17.389999389648438,17.389999389648438,17.389999389648438,0
2005-09-30,15.520000457763672,15.520000457763672,15.520000457763672,15.520000457763672,15.520000457763672,200
2005-10-03,15.399999618530273,15.510000228881836,14.75,15.449999809265137,15.449999809265137,1200
2005-10-04,15.449999809265137,15.449999809265137,15.449999809265137,15.449999809265137,15.449999809265137,0
2005-10-05,15.449999809265137,15.449999809265137,15.449999809265137,15.449999809265137,15.449999809265137,0
2005-10-06,14.850000381469727,14.850000381469727,14.850000381469727,14.850000381469727,14.850000381469727,100
2005-10-07,15.800000190734863,15.800000190734863,15.800000190734863,15.800000190734863,15.800000190734863,700
2005-10-10,15.800000190734863,15.800000190734863,15.800000190734863,15.800000190734863,15.800000190734863,0
2005-10-11,15.800000190734863,15.800000190734863,15.800000190734863,15.800000190734863,15.800000190734863,0
2005-10-12,15.800000190734863,15.800000190734863,15.800000190734863,15.800000190734863,15.800000190734863,0
2005-10-13,15.800000190734863,15.800000190734863,15.800000190734863,15.800000190734863,15.800000190734863,0
2005-10-14,15.800000190734863,15.800000190734863,15.800000190734863,15.800000190734863,15.800000190734863,0
2005-10-17,16.450000762939453,17.0,16.450000762939453,17.0,17.0,700
2005-10-18,17.0,17.0,17.0,17.0,17.0,0
2005-10-19,17.0,17.0,17.0,17.0,17.0,0
2005-10-20,17.0,17.0,17.0,17.0,17.0,0
2005-10-21,17.0,17.0,17.0,17.0,17.0,0
2005-10-24,16.889999389648438,16.899999618530273,16.889999389648438,16.899999618530273,16.899999618530273,300
2005-10-25,16.899999618530273,16.899999618530273,16.899999618530273,16.899999618530273,16.899999618530273,200
2005-10-26,16.899999618530273,16.899999618530273,16.899999618530273,16.899999618530273,16.899999618530273,0
2005-10-27,16.899999618530273,16.899999618530273,16.899999618530273,16.899999618530273,16.899999618530273,0
2005-10-28,16.899999618530273,16.899999618530273,16.899999618530273,16.899999618530273,16.899999618530273,0
2005-10-31,16.899999618530273,16.899999618530273,16.899999618530273,16.899999618530273,16.899999618530273,0
2005-11-01,16.899999618530273,16.899999618530273,16.899999618530273,16.899999618530273,16.899999618530273,0
2005-11-02,16.989999771118164,17.0,16.989999771118164,17.0,17.0,400
2005-11-03,16.149999618530273,16.149999618530273,16.149999618530273,16.149999618530273,16.149999618530273,100
2005-11-04,16.149999618530273,16.149999618530273,16.149999618530273,16.149999618530273,16.149999618530273,0
2005-11-07,16.770000457763672,16.770000457763672,16.770000457763672,16.770000457763672,16.770000457763672,300
2005-11-08,16.770000457763672,16.770000457763672,16.770000457763672,16.770000457763672,16.770000457763672,0
2005-11-09,16.770000457763672,16.770000457763672,16.770000457763672,16.770000457763672,16.770000457763672,0
2005-11-10,16.770000457763672,16.770000457763672,16.770000457763672,16.770000457763672,16.770000457763672,0
2005-11-11,16.770000457763672,16.770000457763672,16.770000457763672,16.770000457763672,16.770000457763672,0
2005-11-14,16.770000457763672,16.770000457763672,16.770000457763672,16.770000457763672,16.770000457763672,0
2005-11-15,16.920000076293945,17.0,16.920000076293945,17.0,17.0,300
2005-11-16,17.0,17.0,17.0,17.0,17.0,0
2005-11-17,17.0,17.0,17.0,17.0,17.0,0
2005-11-18,17.0,17.0,17.0,17.0,17.0,0
2005-11-21,17.0,17.0,17.0,17.0,17.0,0
2005-11-22,17.0,17.5,17.0,17.5,17.5,2800
2005-11-23,17.010000228881836,17.1200008392334,17.0,17.0,17.0,1000
2005-11-25,17.0,17.0,17.0,17.0,17.0,0
2005-11-28,17.170000076293945,17.170000076293945,17.170000076293945,17.170000076293945,17.170000076293945,300
2005-11-29,17.170000076293945,17.170000076293945,17.170000076293945,17.170000076293945,17.170000076293945,0
2005-11-30,17.170000076293945,17.170000076293945,17.170000076293945,17.170000076293945,17.170000076293945,0
2005-12-01,17.170000076293945,17.170000076293945,17.170000076293945,17.170000076293945,17.170000076293945,0
2005-12-02,17.360000610351562,17.440000534057617,17.360000610351562,17.440000534057617,17.440000534057617,200
2005-12-05,17.440000534057617,17.440000534057617,17.440000534057617,17.440000534057617,17.440000534057617,0
2005-12-06,17.440000534057617,17.440000534057617,17.440000534057617,17.440000534057617,17.440000534057617,0
2005-12-07,17.440000534057617,17.440000534057617,17.440000534057617,17.440000534057617,17.440000534057617,0
2005-12-08,17.440000534057617,17.440000534057617,17.440000534057617,17.440000534057617,17.440000534057617,0
2005-12-09,17.440000534057617,17.440000534057617,17.440000534057617,17.440000534057617,17.440000534057617,0
2005-12-12,17.440000534057617,17.440000534057617,17.440000534057617,17.440000534057617,17.440000534057617,0
2005-12-13,17.440000534057617,17.440000534057617,17.440000534057617,17.440000534057617,17.440000534057617,0
2005-12-14,17.440000534057617,17.440000534057617,17.440000534057617,17.440000534057617,17.440000534057617,0
2005-12-15,17.440000534057617,17.440000534057617,17.440000534057617,17.440000534057617,17.440000534057617,0
2005-12-16,17.020000457763672,17.100000381469727,17.0,17.0,17.0,400
2005-12-19,17.0,17.0,17.0,17.0,17.0,0
2005-12-20,17.0,17.0,17.0,17.0,17.0,0
2005-12-21,17.0,17.0,17.0,17.0,17.0,0
2005-12-22,17.0,17.0,17.0,17.0,17.0,0
2005-12-23,17.0,17.0,17.0,17.0,17.0,0
2005-12-27,17.040000915527344,17.040000915527344,17.040000915527344,17.040000915527344,17.040000915527344,300
2005-12-28,17.040000915527344,17.040000915527344,17.040000915527344,17.040000915527344,17.040000915527344,0
2005-12-29,17.040000915527344,17.040000915527344,17.040000915527344,17.040000915527344,17.040000915527344,0
2005-12-30,17.040000915527344,17.040000915527344,17.040000915527344,17.040000915527344,17.040000915527344,0
2006-01-03,17.040000915527344,17.040000915527344,17.040000915527344,17.040000915527344,17.040000915527344,0
2006-01-04,17.040000915527344,17.040000915527344,17.040000915527344,17.040000915527344,17.040000915527344,0
2006-01-05,17.040000915527344,17.040000915527344,17.040000915527344,17.040000915527344,17.040000915527344,0
2006-01-06,17.040000915527344,17.040000915527344,17.040000915527344,17.040000915527344,17.040000915527344,0
2006-01-09,17.25,17.5,17.25,17.5,17.5,200
2006-01-10,17.1200008392334,17.5,17.1200008392334,17.5,17.5,400
2006-01-11,17.5,17.5,17.5,17.5,17.5,0
2006-01-12,17.5,17.5,17.5,17.5,17.5,0
2006-01-13,17.5,17.5,17.5,17.5,17.5,0
2006-01-17,17.5,17.5,17.5,17.5,17.5,0
2006-01-18,17.5,17.5,17.5,17.5,17.5,0
2006-01-19,17.5,17.5,17.5,17.5,17.5,0
2006-01-20,17.059999465942383,17.5,17.059999465942383,17.5,17.5,200
2006-01-23,17.5,17.5,17.5,17.5,17.5,0
2006-01-24,17.5,17.5,17.5,17.5,17.5,0
2006-01-25,17.5,17.5,17.5,17.5,17.5,0
2006-01-26,17.5,17.8799991607666,17.5,17.8799991607666,17.8799991607666,300
2006-01-27,17.8799991607666,17.8799991607666,17.8799991607666,17.8799991607666,17.8799991607666,0
2006-01-30,17.899999618530273,17.899999618530273,17.899999618530273,17.899999618530273,17.899999618530273,400
2006-01-31,17.899999618530273,17.899999618530273,17.899999618530273,17.899999618530273,17.899999618530273,0
2006-02-01,17.899999618530273,17.899999618530273,17.899999618530273,17.899999618530273,17.899999618530273,0
2006-02-02,17.899999618530273,17.899999618530273,17.899999618530273,17.899999618530273,17.899999618530273,0
2006-02-03,17.899999618530273,17.899999618530273,17.899999618530273,17.899999618530273,17.899999618530273,0
2006-02-06,17.899999618530273,17.899999618530273,17.899999618530273,17.899999618530273,17.899999618530273,0
2006-02-07,17.899999618530273,17.899999618530273,17.899999618530273,17.899999618530273,17.899999618530273,0
2006-02-08,17.899999618530273,17.899999618530273,17.899999618530273,17.899999618530273,17.899999618530273,0
2006-02-09,17.899999618530273,17.920000076293945,17.899999618530273,17.920000076293945,17.920000076293945,500
2006-02-10,18.0,18.0,18.0,18.0,18.0,500
2006-02-13,18.049999237060547,18.049999237060547,18.049999237060547,18.049999237060547,18.049999237060547,300
2006-02-14,18.049999237060547,18.049999237060547,18.049999237060547,18.049999237060547,18.049999237060547,0
2006-02-15,18.049999237060547,18.049999237060547,17.530000686645508,17.530000686645508,17.530000686645508,800
2006-02-16,17.799999237060547,18.239999771118164,17.799999237060547,18.239999771118164,18.239999771118164,500
2006-02-17,18.239999771118164,18.239999771118164,18.239999771118164,18.239999771118164,18.239999771118164,0
2006-02-21,18.25,18.450000762939453,18.25,18.450000762939453,18.450000762939453,2100
2006-02-22,18.450000762939453,18.450000762939453,18.450000762939453,18.450000762939453,18.450000762939453,0
2006-02-23,18.489999771118164,18.489999771118164,18.489999771118164,18.489999771118164,18.489999771118164,200
2006-02-24,18.489999771118164,18.489999771118164,18.489999771118164,18.489999771118164,18.489999771118164,0
2006-02-27,18.489999771118164,18.489999771118164,18.489999771118164,18.489999771118164,18.489999771118164,0
2006-02-28,18.489999771118164,18.489999771118164,18.489999771118164,18.489999771118164,18.489999771118164,0
2006-03-01,18.489999771118164,18.489999771118164,18.489999771118164,18.489999771118164,18.489999771118164,0
2006-03-02,18.489999771118164,18.489999771118164,18.489999771118164,18.489999771118164,18.489999771118164,0
2006-03-03,18.489999771118164,18.489999771118164,18.489999771118164,18.489999771118164,18.489999771118164,0
2006-03-06,18.489999771118164,18.489999771118164,18.489999771118164,18.489999771118164,18.489999771118164,0
2006-03-07,18.079999923706055,18.079999923706055,18.079999923706055,18.079999923706055,18.079999923706055,200
2006-03-08,18.079999923706055,18.079999923706055,18.079999923706055,18.079999923706055,18.079999923706055,0
2006-03-09,18.079999923706055,18.079999923706055,18.079999923706055,18.079999923706055,18.079999923706055,0
2006-03-10,18.010000228881836,18.010000228881836,17.899999618530273,17.899999618530273,17.899999618530273,8100
2006-03-13,17.899999618530273,17.899999618530273,17.899999618530273,17.899999618530273,17.899999618530273,0
2006-03-14,17.899999618530273,17.899999618530273,17.899999618530273,17.899999618530273,17.899999618530273,0
2006-03-15,18.0,18.0,18.0,18.0,18.0,400
2006-03-16,18.0,18.0,18.0,18.0,18.0,0
2006-03-17,18.0,18.0,18.0,18.0,18.0,200
2006-03-20,18.0,18.0,18.0,18.0,18.0,0
2006-03-21,18.0,18.0,18.0,18.0,18.0,0
2006-03-22,18.0,18.0,18.0,18.0,18.0,0
2006-03-23,18.0,18.0,18.0,18.0,18.0,0
2006-03-24,18.0,18.0,18.0,18.0,18.0,0
2006-03-27,18.0,18.0,18.0,18.0,18.0,0
2006-03-28,18.0,18.0,18.0,18.0,18.0,0
2006-03-29,18.0,18.0,18.0,18.0,18.0,0
2006-03-30,18.0,18.0,18.0,18.0,18.0,0
2006-03-31,18.0,18.0,18.0,18.0,18.0,0
2006-04-03,18.0,18.0,18.0,18.0,18.0,100
2006-04-04,18.0,18.0,18.0,18.0,18.0,0
2006-04-05,18.450000762939453,18.450000762939453,18.450000762939453,18.450000762939453,18.450000762939453,200
2006-04-06,18.450000762939453,18.450000762939453,18.450000762939453,18.450000762939453,18.450000762939453,0
2006-04-07,18.450000762939453,18.450000762939453,18.450000762939453,18.450000762939453,18.450000762939453,0
2006-04-10,18.0,18.0,18.0,18.0,18.0,1000
2006-04-11,18.0,18.0,18.0,18.0,18.0,0
2006-04-12,18.0,18.0,18.0,18.0,18.0,100
2006-04-13,18.0,18.0,18.0,18.0,18.0,0
2006-04-17,18.0,18.0,18.0,18.0,18.0,2200
2006-04-18,18.0,18.0,18.0,18.0,18.0,100
2006-04-19,18.0,18.0,18.0,18.0,18.0,0
2006-04-20,18.0,18.0,18.0,18.0,18.0,0
2006-04-21,18.0,18.0,18.0,18.0,18.0,0
2006-04-24,18.0,18.0,18.0,18.0,18.0,0
2006-04-25,18.0,18.0,18.0,18.0,18.0,0
2006-04-26,18.0,18.0,18.0,18.0,18.0,0
2006-04-27,18.0,18.0,18.0,18.0,18.0,0
2006-04-28,18.0,18.0,18.0,18.0,18.0,0
2006-05-01,18.0,18.0,18.0,18.0,18.0,0
2006-05-02,18.0,18.0,18.0,18.0,18.0,0
2006-05-03,18.0,18.0,18.0,18.0,18.0,0
2006-05-04,18.0,18.0,18.0,18.0,18.0,0
2006-05-05,18.0,18.0,18.0,18.0,18.0,0
2006-05-08,18.450000762939453,18.450000762939453,18.450000762939453,18.450000762939453,18.450000762939453,200
2006-05-09,18.450000762939453,18.450000762939453,18.450000762939453,18.450000762939453,18.450000762939453,0
2006-05-10,18.450000762939453,18.450000762939453,18.450000762939453,18.450000762939453,18.450000762939453,0
2006-05-11,18.450000762939453,18.450000762939453,18.450000762939453,18.450000762939453,18.450000762939453,0
2006-05-12,18.450000762939453,18.450000762939453,18.450000762939453,18.450000762939453,18.450000762939453,0
2006-05-15,18.450000762939453,18.450000762939453,18.450000762939453,18.450000762939453,18.450000762939453,0
2006-05-16,18.450000762939453,18.450000762939453,18.450000762939453,18.450000762939453,18.450000762939453,0
2006-05-17,18.450000762939453,18.450000762939453,18.450000762939453,18.450000762939453,18.450000762939453,0
2006-05-18,18.450000762939453,18.450000762939453,18.450000762939453,18.450000762939453,18.450000762939453,0
2006-05-19,18.450000762939453,18.450000762939453,18.450000762939453,18.450000762939453,18.450000762939453,0
2006-05-22,18.450000762939453,18.450000762939453,18.450000762939453,18.450000762939453,18.450000762939453,0
2006-05-23,18.450000762939453,18.450000762939453,18.450000762939453,18.450000762939453,18.450000762939453,0
2006-05-24,18.450000762939453,18.450000762939453,18.450000762939453,18.450000762939453,18.450000762939453,0
2006-05-25,18.450000762939453,18.450000762939453,18.450000762939453,18.450000762939453,18.450000762939453,0
2006-05-26,18.450000762939453,18.450000762939453,18.450000762939453,18.450000762939453,18.450000762939453,0
2006-05-30,18.450000762939453,18.450000762939453,18.450000762939453,18.450000762939453,18.450000762939453,0
2006-05-31,18.450000762939453,18.450000762939453,18.450000762939453,18.450000762939453,18.450000762939453,0
2006-06-01,18.450000762939453,18.450000762939453,18.450000762939453,18.450000762939453,18.450000762939453,0
2006-06-02,18.450000762939453,18.450000762939453,18.450000762939453,18.450000762939453,18.450000762939453,0
2006-06-05,18.450000762939453,18.450000762939453,18.450000762939453,18.450000762939453,18.450000762939453,0
2006-06-06,18.0,18.0,18.0,18.0,18.0,6200
2006-06-07,18.0,18.0,18.0,18.0,18.0,0
2006-06-08,18.0,18.0,18.0,18.0,18.0,0
2006-06-09,18.0,18.0,18.0,18.0,18.0,0
2006-06-12,18.0,18.0,18.0,18.0,18.0,0
2006-06-13,18.0,18.0,18.0,18.0,18.0,0
2006-06-14,18.0,18.0,18.0,18.0,18.0,0
2006-06-15,18.0,18.0,18.0,18.0,18.0,0
2006-06-16,18.0,18.0,18.0,18.0,18.0,0
2006-06-19,18.0,18.0,18.0,18.0,18.0,0
2006-06-20,18.0,18.0,18.0,18.0,18.0,500
2006-06-21,18.0,18.0,18.0,18.0,18.0,0
2006-06-22,18.0,18.0,18.0,18.0,18.0,0
2006-06-23,18.0,18.0,18.0,18.0,18.0,0
2006-06-26,18.0,18.0,18.0,18.0,18.0,0
2006-06-27,18.0,18.0,18.0,18.0,18.0,1500
2006-06-28,18.0,18.0,18.0,18.0,18.0,0
2006-06-29,18.0,18.0,18.0,18.0,18.0,0
2006-06-30,18.0,18.0,18.0,18.0,18.0,0
2006-07-03,18.0,18.0,18.0,18.0,18.0,0
2006-07-05,18.0,18.0,18.0,18.0,18.0,0
2006-07-06,18.0,18.0,18.0,18.0,18.0,0
2006-07-07,18.0,18.0,18.0,18.0,18.0,0
2006-07-10,18.0,18.0,18.0,18.0,18.0,0
2006-07-11,18.0,18.0,18.0,18.0,18.0,0
2006-07-12,18.0,18.0,18.0,18.0,18.0,0
2006-07-13,18.0,18.0,18.0,18.0,18.0,0
2006-07-14,18.0,18.0,18.0,18.0,18.0,0
2006-07-17,18.0,18.0,18.0,18.0,18.0,0
2006-07-18,18.0,18.0,18.0,18.0,18.0,0
2006-07-19,18.0,18.0,18.0,18.0,18.0,0
2006-07-20,18.0,18.0,18.0,18.0,18.0,0
2006-07-21,18.0,18.0,18.0,18.0,18.0,0
2006-07-24,18.0,18.0,18.0,18.0,18.0,0
2006-07-25,18.0,18.0,18.0,18.0,18.0,0
2006-07-26,18.0,18.0,18.0,18.0,18.0,0
2006-07-27,18.0,18.0,18.0,18.0,18.0,0
2006-07-28,18.0,18.0,18.0,18.0,18.0,0
2006-07-31,18.0,18.0,18.0,18.0,18.0,0
2006-08-01,18.0,18.0,18.0,18.0,18.0,0
2006-08-02,18.0,18.0,18.0,18.0,18.0,0
2006-08-03,18.0,18.0,18.0,18.0,18.0,0
2006-08-04,18.0,18.0,18.0,18.0,18.0,0
2006-08-07,18.0,18.0,17.540000915527344,17.799999237060547,17.799999237060547,1100
2006-08-08,17.799999237060547,17.799999237060547,17.799999237060547,17.799999237060547,17.799999237060547,0
2006-08-09,17.799999237060547,17.799999237060547,17.799999237060547,17.799999237060547,17.799999237060547,0
2006-08-10,18.0,18.0,18.0,18.0,18.0,200
2006-08-11,18.0,18.0,18.0,18.0,18.0,0
2006-08-14,18.0,18.0,18.0,18.0,18.0,0
2006-08-15,18.0,18.0,18.0,18.0,18.0,0
2006-08-16,18.0,18.0,18.0,18.0,18.0,0
2006-08-17,18.0,18.0,18.0,18.0,18.0,0
2006-08-18,18.0,18.0,18.0,18.0,18.0,0
2006-08-21,18.0,18.0,18.0,18.0,18.0,0
2006-08-22,18.0,18.0,18.0,18.0,18.0,0
2006-08-23,18.649999618530273,18.649999618530273,18.649999618530273,18.649999618530273,18.649999618530273,400
2006-08-24,18.649999618530273,18.649999618530273,18.649999618530273,18.649999618530273,18.649999618530273,0
2006-08-25,18.649999618530273,18.649999618530273,18.649999618530273,18.649999618530273,18.649999618530273,0
2006-08-28,18.649999618530273,18.649999618530273,18.649999618530273,18.649999618530273,18.649999618530273,0
2006-08-29,18.0,18.0,18.0,18.0,18.0,200
2006-08-30,18.0,18.0,18.0,18.0,18.0,0
2006-08-31,18.0,18.0,18.0,18.0,18.0,0
2006-09-01,18.0,18.0,18.0,18.0,18.0,0
2006-09-05,18.799999237060547,18.799999237060547,18.799999237060547,18.799999237060547,18.799999237060547,100
2006-09-06,18.799999237060547,18.799999237060547,18.799999237060547,18.799999237060547,18.799999237060547,0
2006-09-07,18.799999237060547,18.799999237060547,18.799999237060547,18.799999237060547,18.799999237060547,0
2006-09-08,18.799999237060547,18.799999237060547,18.799999237060547,18.799999237060547,18.799999237060547,0
2006-09-11,18.799999237060547,18.799999237060547,18.799999237060547,18.799999237060547,18.799999237060547,0
2006-09-12,18.799999237060547,18.799999237060547,18.799999237060547,18.799999237060547,18.799999237060547,0
2006-09-13,18.799999237060547,18.799999237060547,18.799999237060547,18.799999237060547,18.799999237060547,0
2006-09-14,18.799999237060547,18.799999237060547,18.799999237060547,18.799999237060547,18.799999237060547,0
2006-09-15,18.799999237060547,18.799999237060547,18.799999237060547,18.799999237060547,18.799999237060547,0
2006-09-18,18.799999237060547,18.799999237060547,18.799999237060547,18.799999237060547,18.799999237060547,0
2006-09-19,18.799999237060547,18.799999237060547,18.799999237060547,18.799999237060547,18.799999237060547,0
2006-09-20,18.799999237060547,18.799999237060547,18.799999237060547,18.799999237060547,18.799999237060547,0
2006-09-21,18.799999237060547,18.799999237060547,18.799999237060547,18.799999237060547,18.799999237060547,0
2006-09-22,18.799999237060547,18.799999237060547,18.799999237060547,18.799999237060547,18.799999237060547,0
2006-09-25,18.799999237060547,18.799999237060547,18.799999237060547,18.799999237060547,18.799999237060547,0
2006-09-26,18.799999237060547,18.799999237060547,18.799999237060547,18.799999237060547,18.799999237060547,0
2006-09-27,18.799999237060547,18.799999237060547,18.799999237060547,18.799999237060547,18.799999237060547,0
2006-09-28,18.799999237060547,18.799999237060547,18.799999237060547,18.799999237060547,18.799999237060547,0
2006-09-29,18.799999237060547,18.799999237060547,18.799999237060547,18.799999237060547,18.799999237060547,0
2006-10-02,18.799999237060547,18.799999237060547,18.799999237060547,18.799999237060547,18.799999237060547,0
2006-10-03,18.799999237060547,18.799999237060547,18.799999237060547,18.799999237060547,18.799999237060547,0
2006-10-04,18.799999237060547,18.799999237060547,18.799999237060547,18.799999237060547,18.799999237060547,0
2006-10-05,18.799999237060547,18.799999237060547,18.799999237060547,18.799999237060547,18.799999237060547,0
2006-10-06,18.799999237060547,23.530000686645508,18.010000228881836,18.010000228881836,18.010000228881836,600
2006-10-09,18.5,19.290000915527344,18.5,19.290000915527344,19.290000915527344,500
2006-10-10,19.290000915527344,19.290000915527344,19.290000915527344,19.290000915527344,19.290000915527344,0
2006-10-11,19.290000915527344,19.290000915527344,19.290000915527344,19.290000915527344,19.290000915527344,0
2006-10-12,21.0,23.799999237060547,20.950000762939453,21.989999771118164,21.989999771118164,3000
2006-10-13,21.989999771118164,21.989999771118164,21.989999771118164,21.989999771118164,21.989999771118164,0
2006-10-16,18.93000030517578,21.940000534057617,18.93000030517578,21.700000762939453,21.700000762939453,400
2006-10-17,21.200000762939453,21.200000762939453,21.200000762939453,21.200000762939453,21.200000762939453,500
2006-10-18,21.200000762939453,21.200000762939453,21.200000762939453,21.200000762939453,21.200000762939453,0
2006-10-19,19.5,19.5,19.5,19.5,19.5,100
2006-10-20,19.5,19.5,19.5,19.5,19.5,0
2006-10-23,19.5,19.5,19.5,19.5,19.5,0
2006-10-24,20.790000915527344,20.790000915527344,20.790000915527344,20.790000915527344,20.790000915527344,500
2006-10-25,19.889999389648438,19.889999389648438,19.889999389648438,19.889999389648438,19.889999389648438,100
2006-10-26,19.889999389648438,19.889999389648438,19.889999389648438,19.889999389648438,19.889999389648438,0
2006-10-27,19.889999389648438,19.889999389648438,19.889999389648438,19.889999389648438,19.889999389648438,0
2006-10-30,19.889999389648438,19.889999389648438,19.889999389648438,19.889999389648438,19.889999389648438,0
2006-10-31,19.889999389648438,19.889999389648438,19.889999389648438,19.889999389648438,19.889999389648438,0
2006-11-01,19.889999389648438,19.889999389648438,19.889999389648438,19.889999389648438,19.889999389648438,0
2006-11-02,19.889999389648438,19.889999389648438,19.889999389648438,19.889999389648438,19.889999389648438,0
2006-11-03,20.0,20.25,20.0,20.100000381469727,20.100000381469727,1000
2006-11-06,20.100000381469727,20.100000381469727,20.100000381469727,20.100000381469727,20.100000381469727,0
2006-11-07,20.100000381469727,20.100000381469727,20.100000381469727,20.100000381469727,20.100000381469727,0
2006-11-08,20.100000381469727,20.100000381469727,20.100000381469727,20.100000381469727,20.100000381469727,0
2006-11-09,20.0,20.0,20.0,20.0,20.0,500
2006-11-10,20.0,20.0,20.0,20.0,20.0,0
2006-11-13,20.0,20.0,20.0,20.0,20.0,0
2006-11-14,20.0,20.0,20.0,20.0,20.0,0
2006-11-15,20.0,20.0,20.0,20.0,20.0,0
2006-11-16,22.0,22.0,22.0,22.0,22.0,300
2006-11-17,22.0,22.0,22.0,22.0,22.0,0
2006-11-20,22.0,22.0,22.0,22.0,22.0,0
2006-11-21,21.989999771118164,21.989999771118164,21.989999771118164,21.989999771118164,21.989999771118164,1100
2006-11-22,21.989999771118164,21.989999771118164,21.989999771118164,21.989999771118164,21.989999771118164,0
2006-11-24,21.989999771118164,21.989999771118164,21.989999771118164,21.989999771118164,21.989999771118164,0
2006-11-27,20.5,20.5,20.5,20.5,20.5,1000
2006-11-28,20.5,20.5,20.5,20.5,20.5,0
2006-11-29,20.5,20.5,20.5,20.5,20.5,0
2006-11-30,20.5,20.5,20.5,20.5,20.5,0
2006-12-01,20.5,20.5,20.5,20.5,20.5,0
2006-12-04,20.5,20.5,20.5,20.5,20.5,0
2006-12-05,20.600000381469727,20.600000381469727,20.600000381469727,20.600000381469727,20.600000381469727,100
2006-12-06,20.600000381469727,20.600000381469727,20.600000381469727,20.600000381469727,20.600000381469727,0
2006-12-07,20.600000381469727,20.600000381469727,20.600000381469727,20.600000381469727,20.600000381469727,0
2006-12-08,20.600000381469727,20.600000381469727,20.600000381469727,20.600000381469727,20.600000381469727,0
2006-12-11,20.600000381469727,20.600000381469727,20.600000381469727,20.600000381469727,20.600000381469727,0
2006-12-12,20.600000381469727,20.600000381469727,20.600000381469727,20.600000381469727,20.600000381469727,0
2006-12-13,20.600000381469727,20.600000381469727,20.600000381469727,20.600000381469727,20.600000381469727,0
2006-12-14,20.600000381469727,20.600000381469727,20.600000381469727,20.600000381469727,20.600000381469727,0
2006-12-15,20.600000381469727,20.600000381469727,20.600000381469727,20.600000381469727,20.600000381469727,0
2006-12-18,20.600000381469727,20.600000381469727,20.600000381469727,20.600000381469727,20.600000381469727,0
2006-12-19,20.600000381469727,20.600000381469727,20.600000381469727,20.600000381469727,20.600000381469727,0
2006-12-20,20.600000381469727,20.600000381469727,20.600000381469727,20.600000381469727,20.600000381469727,0
2006-12-21,20.600000381469727,20.600000381469727,20.600000381469727,20.600000381469727,20.600000381469727,0
2006-12-22,20.600000381469727,20.600000381469727,20.600000381469727,20.600000381469727,20.600000381469727,0
2006-12-26,20.600000381469727,20.600000381469727,20.600000381469727,20.600000381469727,20.600000381469727,0
2006-12-27,20.600000381469727,20.600000381469727,20.600000381469727,20.600000381469727,20.600000381469727,0
2006-12-28,20.600000381469727,20.600000381469727,20.600000381469727,20.600000381469727,20.600000381469727,0
2006-12-29,20.600000381469727,20.600000381469727,20.600000381469727,20.600000381469727,20.600000381469727,0
2007-01-03,20.600000381469727,20.600000381469727,20.600000381469727,20.600000381469727,20.600000381469727,0
2007-01-04,20.600000381469727,20.600000381469727,20.600000381469727,20.600000381469727,20.600000381469727,0
2007-01-05,20.600000381469727,20.600000381469727,20.600000381469727,20.600000381469727,20.600000381469727,0
2007-01-08,20.600000381469727,20.600000381469727,20.600000381469727,20.600000381469727,20.600000381469727,0
2007-01-09,20.600000381469727,20.600000381469727,20.600000381469727,20.600000381469727,20.600000381469727,0
2007-01-10,20.600000381469727,20.600000381469727,20.600000381469727,20.600000381469727,20.600000381469727,0
2007-01-11,20.600000381469727,20.600000381469727,20.600000381469727,20.600000381469727,20.600000381469727,0
2007-01-12,20.600000381469727,20.600000381469727,20.600000381469727,20.600000381469727,20.600000381469727,0
2007-01-16,20.510000228881836,20.510000228881836,20.510000228881836,20.510000228881836,20.510000228881836,100
2007-01-17,21.5,21.5,21.5,21.5,21.5,300
2007-01-18,21.5,21.5,21.5,21.5,21.5,0
2007-01-19,21.5,21.5,21.5,21.5,21.5,1600
2007-01-22,22.0,22.0,22.0,22.0,22.0,200
2007-01-23,22.0,22.0,22.0,22.0,22.0,0
2007-01-24,22.0,22.0,22.0,22.0,22.0,0
2007-01-25,22.0,22.0,22.0,22.0,22.0,200
2007-01-26,22.0,22.0,22.0,22.0,22.0,0
2007-01-29,22.0,22.0,22.0,22.0,22.0,0
2007-01-30,22.0,22.0,22.0,22.0,22.0,200
2007-01-31,22.0,22.0,22.0,22.0,22.0,0
2007-02-01,22.0,22.0,22.0,22.0,22.0,0
2007-02-02,22.0,22.0,22.0,22.0,22.0,0
2007-02-05,22.0,22.0,22.0,22.0,22.0,0
2007-02-06,22.0,22.0,22.0,22.0,22.0,0
2007-02-07,20.899999618530273,20.899999618530273,20.860000610351562,20.860000610351562,20.860000610351562,200
2007-02-08,20.860000610351562,20.860000610351562,20.860000610351562,20.860000610351562,20.860000610351562,0
2007-02-09,22.0,22.0,22.0,22.0,22.0,100
2007-02-12,22.0,22.0,22.0,22.0,22.0,0
2007-02-13,22.0,22.0,22.0,22.0,22.0,0
2007-02-14,22.0,22.0,22.0,22.0,22.0,0
2007-02-15,22.0,22.0,22.0,22.0,22.0,0
2007-02-16,22.0,22.0,22.0,22.0,22.0,0
2007-02-20,22.0,22.0,22.0,22.0,22.0,0
2007-02-21,22.0,22.0,22.0,22.0,22.0,0
2007-02-22,22.0,22.0,22.0,22.0,22.0,0
2007-02-23,22.0,22.0,22.0,22.0,22.0,0
2007-02-26,22.0,22.0,22.0,22.0,22.0,0
2007-02-27,22.0,22.0,22.0,22.0,22.0,0
2007-02-28,22.25,22.25,22.25,22.25,22.25,100
2007-03-01,22.25,22.25,22.25,22.25,22.25,0
2007-03-02,22.25,22.25,22.25,22.25,22.25,0
2007-03-05,22.25,22.25,22.25,22.25,22.25,0
2007-03-06,22.25,22.25,22.25,22.25,22.25,0
2007-03-07,22.25,22.25,22.25,22.25,22.25,0
2007-03-08,21.0,22.239999771118164,21.0,22.239999771118164,22.239999771118164,300
2007-03-09,22.239999771118164,22.239999771118164,22.239999771118164,22.239999771118164,22.239999771118164,0
2007-03-12,21.010000228881836,21.010000228881836,21.010000228881836,21.010000228881836,21.010000228881836,100
2007-03-13,21.010000228881836,21.010000228881836,21.010000228881836,21.010000228881836,21.010000228881836,0
2007-03-14,21.010000228881836,21.010000228881836,21.010000228881836,21.010000228881836,21.010000228881836,0
2007-03-15,21.010000228881836,21.010000228881836,21.010000228881836,21.010000228881836,21.010000228881836,0
2007-03-16,21.010000228881836,21.010000228881836,21.010000228881836,21.010000228881836,21.010000228881836,0
2007-03-19,21.010000228881836,21.010000228881836,21.010000228881836,21.010000228881836,21.010000228881836,0
2007-03-20,21.0,21.489999771118164,21.0,21.489999771118164,21.489999771118164,200
2007-03-21,21.5,21.5,21.5,21.5,21.5,700
2007-03-22,21.5,21.5,21.5,21.5,21.5,0
2007-03-23,21.5,21.5,21.5,21.5,21.5,0
2007-03-26,21.5,21.5,21.5,21.5,21.5,0
2007-03-27,21.5,21.5,21.5,21.5,21.5,0
2007-03-28,21.5,21.5,21.5,21.5,21.5,0
2007-03-29,21.5,21.5,21.5,21.5,21.5,0
2007-03-30,21.5,21.5,21.5,21.5,21.5,0
2007-04-02,21.5,21.5,21.5,21.5,21.5,0
2007-04-03,21.5,21.5,21.5,21.5,21.5,0
2007-04-04,21.5,21.5,21.5,21.5,21.5,0
2007-04-05,21.010000228881836,21.010000228881836,21.010000228881836,21.010000228881836,21.010000228881836,100
2007-04-09,21.010000228881836,21.010000228881836,21.010000228881836,21.010000228881836,21.010000228881836,0
2007-04-10,21.010000228881836,21.010000228881836,21.010000228881836,21.010000228881836,21.010000228881836,0
2007-04-11,21.010000228881836,21.010000228881836,21.010000228881836,21.010000228881836,21.010000228881836,0
2007-04-12,21.010000228881836,21.229999542236328,21.010000228881836,21.229999542236328,21.229999542236328,200
2007-04-13,21.229999542236328,21.229999542236328,21.229999542236328,21.229999542236328,21.229999542236328,0
2007-04-16,21.229999542236328,21.229999542236328,21.229999542236328,21.229999542236328,21.229999542236328,0
2007-04-17,21.229999542236328,21.229999542236328,21.229999542236328,21.229999542236328,21.229999542236328,0
2007-04-18,21.0,21.0,21.0,21.0,21.0,100
2007-04-19,21.0,21.0,21.0,21.0,21.0,200
2007-04-20,21.0,21.0,21.0,21.0,21.0,0
2007-04-23,21.0,21.0,21.0,21.0,21.0,0
2007-04-24,21.0,21.0,21.0,21.0,21.0,0
2007-04-25,21.0,21.0,21.0,21.0,21.0,0
2007-04-26,22.0,22.0,21.989999771118164,22.0,22.0,700
2007-04-27,22.0,22.0,22.0,22.0,22.0,0
2007-04-30,22.0,22.0,22.0,22.0,22.0,0
2007-05-01,22.0,22.0,22.0,22.0,22.0,0
2007-05-02,22.0,22.0,22.0,22.0,22.0,0
2007-05-03,22.0,22.0,22.0,22.0,22.0,0
2007-05-04,22.0,22.0,22.0,22.0,22.0,0
2007-05-07,22.0,22.0,22.0,22.0,22.0,0
2007-05-08,22.0,22.0,22.0,22.0,22.0,100
2007-05-09,22.0,22.0,22.0,22.0,22.0,0
2007-05-10,22.889999389648438,22.889999389648438,22.8799991607666,22.8799991607666,22.8799991607666,600
2007-05-11,22.8799991607666,22.8799991607666,22.8799991607666,22.8799991607666,22.8799991607666,0
2007-05-14,22.8799991607666,22.8799991607666,22.8799991607666,22.8799991607666,22.8799991607666,0
2007-05-15,22.8799991607666,22.8799991607666,22.8799991607666,22.8799991607666,22.8799991607666,0
2007-05-16,22.8799991607666,22.8799991607666,22.8799991607666,22.8799991607666,22.8799991607666,0
2007-05-17,22.8799991607666,22.8799991607666,22.8799991607666,22.8799991607666,22.8799991607666,0
2007-05-18,22.049999237060547,22.049999237060547,22.049999237060547,22.049999237060547,22.049999237060547,200
2007-05-21,23.280000686645508,23.329999923706055,23.049999237060547,23.329999923706055,23.329999923706055,600
2007-05-22,23.600000381469727,23.899999618530273,23.299999237060547,23.31999969482422,23.31999969482422,700
2007-05-23,23.440000534057617,24.0,23.440000534057617,24.0,24.0,800
2007-05-24,24.229999542236328,24.5,23.5,24.030000686645508,24.030000686645508,600
2007-05-25,24.110000610351562,24.530000686645508,24.110000610351562,24.530000686645508,24.530000686645508,200
2007-05-29,23.110000610351562,23.110000610351562,23.110000610351562,23.110000610351562,23.110000610351562,100
2007-05-30,23.139999389648438,23.3799991607666,23.139999389648438,23.3799991607666,23.3799991607666,200
2007-05-31,23.3799991607666,23.3799991607666,23.3799991607666,23.3799991607666,23.3799991607666,0
2007-06-01,23.3799991607666,23.3799991607666,23.3799991607666,23.3799991607666,23.3799991607666,0
2007-06-04,23.3799991607666,23.3799991607666,23.3799991607666,23.3799991607666,23.3799991607666,0
2007-06-05,23.3799991607666,23.3799991607666,23.3799991607666,23.3799991607666,23.3799991607666,0
2007-06-06,23.0,23.0,23.0,23.0,23.0,100
2007-06-07,23.0,23.0,23.0,23.0,23.0,0
2007-06-08,23.0,23.0,23.0,23.0,23.0,0
2007-06-11,23.0,23.0,23.0,23.0,23.0,0
2007-06-12,23.0,23.0,22.969999313354492,22.969999313354492,22.969999313354492,900
2007-06-13,22.969999313354492,22.969999313354492,22.969999313354492,22.969999313354492,22.969999313354492,0
2007-06-14,22.969999313354492,22.969999313354492,22.969999313354492,22.969999313354492,22.969999313354492,0
2007-06-15,22.969999313354492,22.969999313354492,22.969999313354492,22.969999313354492,22.969999313354492,0
2007-06-18,23.0,23.0,23.0,23.0,23.0,100
2007-06-19,23.0,23.0,23.0,23.0,23.0,0
2007-06-20,23.0,23.0,23.0,23.0,23.0,0
2007-06-21,23.0,23.0,23.0,23.0,23.0,0
2007-06-22,23.0,23.0,23.0,23.0,23.0,0
2007-06-25,23.0,23.0,23.0,23.0,23.0,0
2007-06-26,23.0,23.0,23.0,23.0,23.0,0
2007-06-27,23.0,23.0,23.0,23.0,23.0,0
2007-06-28,23.0,23.0,23.0,23.0,23.0,0
2007-06-29,23.0,23.0,23.0,23.0,23.0,0
2007-07-02,23.0,23.0,23.0,23.0,23.0,0
2007-07-03,23.0,23.0,23.0,23.0,23.0,0
2007-07-05,23.0,23.0,23.0,23.0,23.0,0
2007-07-06,23.0,23.0,23.0,23.0,23.0,0
2007-07-09,23.0,23.0,23.0,23.0,23.0,0
2007-07-10,23.0,23.0,23.0,23.0,23.0,0
2007-07-11,23.0,23.0,23.0,23.0,23.0,0
2007-07-12,21.90999984741211,21.90999984741211,21.760000228881836,21.770000457763672,21.770000457763672,1100
2007-07-13,21.950000762939453,23.43000030517578,21.84000015258789,22.40999984741211,22.40999984741211,1400
2007-07-16,22.299999237060547,23.989999771118164,22.299999237060547,23.799999237060547,23.799999237060547,600
2007-07-17,23.790000915527344,23.790000915527344,22.510000228881836,22.600000381469727,22.600000381469727,700
2007-07-18,22.610000610351562,24.0,22.149999618530273,22.75,22.75,1000
2007-07-19,22.100000381469727,23.510000228881836,22.100000381469727,22.75,22.75,1100
2007-07-20,21.950000762939453,24.0,21.899999618530273,22.350000381469727,22.350000381469727,1400
2007-07-23,21.950000762939453,22.299999237060547,21.950000762939453,21.979999542236328,21.979999542236328,300
2007-07-24,21.950000762939453,22.200000762939453,21.950000762939453,22.200000762939453,22.200000762939453,300
2007-07-25,22.200000762939453,22.200000762939453,22.200000762939453,22.200000762939453,22.200000762939453,0
2007-07-26,21.969999313354492,21.989999771118164,21.969999313354492,21.989999771118164,21.989999771118164,200
2007-07-27,22.049999237060547,22.649999618530273,22.049999237060547,22.649999618530273,22.649999618530273,400
2007-07-30,22.649999618530273,22.65999984741211,22.649999618530273,22.65999984741211,22.65999984741211,400
2007-07-31,22.65999984741211,22.65999984741211,22.65999984741211,22.65999984741211,22.65999984741211,0
2007-08-01,22.65999984741211,22.65999984741211,22.65999984741211,22.65999984741211,22.65999984741211,0
2007-08-02,22.65999984741211,22.65999984741211,22.65999984741211,22.65999984741211,22.65999984741211,0
2007-08-03,22.65999984741211,22.65999984741211,22.65999984741211,22.65999984741211,22.65999984741211,0
2007-08-06,22.65999984741211,22.65999984741211,22.65999984741211,22.65999984741211,22.65999984741211,0
2007-08-07,22.65999984741211,22.65999984741211,22.65999984741211,22.65999984741211,22.65999984741211,0
2007-08-08,22.690000534057617,22.690000534057617,22.690000534057617,22.690000534057617,22.690000534057617,300
2007-08-09,22.010000228881836,22.020000457763672,22.010000228881836,22.020000457763672,22.020000457763672,300
2007-08-10,22.020000457763672,22.020000457763672,22.020000457763672,22.020000457763672,22.020000457763672,0
2007-08-13,22.020000457763672,22.020000457763672,22.020000457763672,22.020000457763672,22.020000457763672,0
2007-08-14,22.020000457763672,22.020000457763672,22.020000457763672,22.020000457763672,22.020000457763672,0
2007-08-15,22.020000457763672,22.020000457763672,22.020000457763672,22.020000457763672,22.020000457763672,0
2007-08-16,22.020000457763672,22.020000457763672,22.020000457763672,22.020000457763672,22.020000457763672,0
2007-08-17,22.020000457763672,22.020000457763672,22.020000457763672,22.020000457763672,22.020000457763672,0
2007-08-20,22.020000457763672,22.020000457763672,22.020000457763672,22.020000457763672,22.020000457763672,0
2007-08-21,22.020000457763672,22.020000457763672,22.020000457763672,22.020000457763672,22.020000457763672,0
2007-08-22,22.020000457763672,22.020000457763672,22.020000457763672,22.020000457763672,22.020000457763672,0
2007-08-23,22.020000457763672,22.020000457763672,22.020000457763672,22.020000457763672,22.020000457763672,0
2007-08-24,22.020000457763672,22.020000457763672,22.020000457763672,22.020000457763672,22.020000457763672,0
2007-08-27,22.020000457763672,22.020000457763672,22.020000457763672,22.020000457763672,22.020000457763672,0
2007-08-28,22.020000457763672,22.020000457763672,22.020000457763672,22.020000457763672,22.020000457763672,0
2007-08-29,22.020000457763672,22.020000457763672,22.020000457763672,22.020000457763672,22.020000457763672,0
2007-08-30,22.020000457763672,22.020000457763672,22.020000457763672,22.020000457763672,22.020000457763672,0
2007-08-31,22.020000457763672,22.020000457763672,22.020000457763672,22.020000457763672,22.020000457763672,0
2007-09-04,22.020000457763672,22.020000457763672,22.020000457763672,22.020000457763672,22.020000457763672,0
2007-09-05,22.020000457763672,22.020000457763672,22.020000457763672,22.020000457763672,22.020000457763672,0
2007-09-06,22.5,22.5,22.5,22.5,22.5,100
2007-09-07,22.5,22.5,22.5,22.5,22.5,0
2007-09-10,22.5,22.5,22.5,22.5,22.5,0
2007-09-11,22.5,22.5,22.5,22.5,22.5,0
2007-09-12,22.5,22.5,22.5,22.5,22.5,0
2007-09-13,22.5,22.5,22.5,22.5,22.5,0
2007-09-14,22.5,22.5,22.5,22.5,22.5,0
2007-09-17,22.5,22.5,22.5,22.5,22.5,0
2007-09-18,22.5,22.5,22.5,22.5,22.5,0
2007-09-19,22.5,22.5,22.5,22.5,22.5,0
2007-09-20,22.5,22.5,22.5,22.5,22.5,0
2007-09-21,22.5,22.5,22.5,22.5,22.5,0
2007-09-24,22.5,22.5,22.5,22.5,22.5,0
2007-09-25,22.5,22.5,22.5,22.5,22.5,0
2007-09-26,22.5,22.5,22.5,22.5,22.5,0
2007-09-27,22.5,22.5,22.5,22.5,22.5,0
2007-09-28,22.5,22.5,22.5,22.5,22.5,0
2007-10-01,22.5,22.5,22.5,22.5,22.5,0
2007-10-02,22.5,22.5,22.5,22.5,22.5,300
2007-10-03,22.5,22.5,22.5,22.5,22.5,0
2007-10-04,22.5,22.5,22.5,22.5,22.5,0
2007-10-05,22.5,22.5,22.5,22.5,22.5,0
2007-10-08,22.5,22.5,22.5,22.5,22.5,0
2007-10-09,23.850000381469727,24.0,23.850000381469727,24.0,24.0,1000
2007-10-10,24.0,24.0,23.989999771118164,24.0,24.0,700
2007-10-11,22.25,22.969999313354492,22.25,22.969999313354492,22.969999313354492,300
2007-10-12,22.969999313354492,22.969999313354492,22.969999313354492,22.969999313354492,22.969999313354492,0
2007-10-15,24.200000762939453,24.200000762939453,23.540000915527344,23.540000915527344,23.540000915527344,200
2007-10-16,21.360000610351562,21.360000610351562,21.360000610351562,21.360000610351562,21.360000610351562,100
2007-10-17,22.139999389648438,22.139999389648438,22.030000686645508,22.139999389648438,22.139999389648438,700
2007-10-18,23.450000762939453,23.799999237060547,23.020000457763672,23.020000457763672,23.020000457763672,900
2007-10-19,21.3799991607666,21.3799991607666,21.3799991607666,21.3799991607666,21.3799991607666,100
2007-10-22,21.700000762939453,23.0,21.700000762939453,22.139999389648438,22.139999389648438,1200
2007-10-23,22.139999389648438,22.139999389648438,22.139999389648438,22.139999389648438,22.139999389648438,0
2007-10-24,22.139999389648438,22.139999389648438,22.139999389648438,22.139999389648438,22.139999389648438,0
2007-10-25,22.399999618530273,22.989999771118164,22.399999618530273,22.989999771118164,22.989999771118164,200
2007-10-26,22.989999771118164,22.989999771118164,22.989999771118164,22.989999771118164,22.989999771118164,0
2007-10-29,23.81999969482422,23.81999969482422,23.81999969482422,23.81999969482422,23.81999969482422,100
2007-10-30,23.90999984741211,24.690000534057617,23.399999618530273,23.399999618530273,23.399999618530273,1100
2007-10-31,23.399999618530273,23.399999618530273,23.399999618530273,23.399999618530273,23.399999618530273,0
2007-11-01,21.290000915527344,21.290000915527344,21.290000915527344,21.290000915527344,21.290000915527344,100
2007-11-02,21.950000762939453,22.139999389648438,21.950000762939453,22.139999389648438,22.139999389648438,800
2007-11-05,22.139999389648438,22.139999389648438,22.139999389648438,22.139999389648438,22.139999389648438,0
2007-11-06,22.139999389648438,22.139999389648438,22.139999389648438,22.139999389648438,22.139999389648438,0
2007-11-07,22.139999389648438,22.139999389648438,22.139999389648438,22.139999389648438,22.139999389648438,0
2007-11-08,22.139999389648438,22.139999389648438,22.139999389648438,22.139999389648438,22.139999389648438,0
2007-11-09,22.139999389648438,22.139999389648438,22.139999389648438,22.139999389648438,22.139999389648438,0
2007-11-12,22.139999389648438,22.139999389648438,22.139999389648438,22.139999389648438,22.139999389648438,0
2007-11-13,22.139999389648438,22.139999389648438,22.139999389648438,22.139999389648438,22.139999389648438,0
2007-11-14,22.139999389648438,22.139999389648438,22.139999389648438,22.139999389648438,22.139999389648438,0
2007-11-15,22.139999389648438,22.139999389648438,22.139999389648438,22.139999389648438,22.139999389648438,0
2007-11-16,22.139999389648438,22.139999389648438,22.139999389648438,22.139999389648438,22.139999389648438,0
2007-11-19,22.020000457763672,22.020000457763672,22.020000457763672,22.020000457763672,22.020000457763672,400
2007-11-20,22.020000457763672,22.020000457763672,22.020000457763672,22.020000457763672,22.020000457763672,0
2007-11-21,22.149999618530273,22.149999618530273,22.149999618530273,22.149999618530273,22.149999618530273,200
2007-11-23,22.149999618530273,22.149999618530273,22.149999618530273,22.149999618530273,22.149999618530273,0
2007-11-26,22.149999618530273,22.149999618530273,22.149999618530273,22.149999618530273,22.149999618530273,0
2007-11-27,22.149999618530273,22.149999618530273,22.149999618530273,22.149999618530273,22.149999618530273,0
2007-11-28,22.149999618530273,22.149999618530273,22.149999618530273,22.149999618530273,22.149999618530273,0
2007-11-29,22.149999618530273,22.149999618530273,22.149999618530273,22.149999618530273,22.149999618530273,0
2007-11-30,22.149999618530273,22.149999618530273,22.149999618530273,22.149999618530273,22.149999618530273,0
2007-12-03,22.149999618530273,22.149999618530273,22.149999618530273,22.149999618530273,22.149999618530273,0
2007-12-04,22.149999618530273,22.149999618530273,22.149999618530273,22.149999618530273,22.149999618530273,0
2007-12-05,22.149999618530273,22.149999618530273,22.149999618530273,22.149999618530273,22.149999618530273,0
2007-12-06,22.149999618530273,22.149999618530273,22.149999618530273,22.149999618530273,22.149999618530273,0
2007-12-07,22.149999618530273,22.149999618530273,22.149999618530273,22.149999618530273,22.149999618530273,0
2007-12-10,22.149999618530273,22.149999618530273,22.149999618530273,22.149999618530273,22.149999618530273,0
2007-12-11,22.149999618530273,22.149999618530273,22.149999618530273,22.149999618530273,22.149999618530273,0
2007-12-12,22.149999618530273,22.149999618530273,22.149999618530273,22.149999618530273,22.149999618530273,0
2007-12-13,22.149999618530273,22.149999618530273,22.149999618530273,22.149999618530273,22.149999618530273,0
2007-12-14,22.149999618530273,22.149999618530273,22.149999618530273,22.149999618530273,22.149999618530273,0
2007-12-17,22.149999618530273,22.149999618530273,22.149999618530273,22.149999618530273,22.149999618530273,0
2007-12-18,22.149999618530273,22.149999618530273,22.149999618530273,22.149999618530273,22.149999618530273,0
2007-12-19,22.149999618530273,22.149999618530273,22.149999618530273,22.149999618530273,22.149999618530273,0
2007-12-20,22.149999618530273,22.149999618530273,22.149999618530273,22.149999618530273,22.149999618530273,0
2007-12-21,22.149999618530273,22.149999618530273,22.149999618530273,22.149999618530273,22.149999618530273,0
2007-12-24,22.149999618530273,22.149999618530273,22.149999618530273,22.149999618530273,22.149999618530273,0
2007-12-26,22.149999618530273,22.149999618530273,22.149999618530273,22.149999618530273,22.149999618530273,0
2007-12-27,22.149999618530273,22.149999618530273,22.149999618530273,22.149999618530273,22.149999618530273,0
2007-12-28,22.149999618530273,22.149999618530273,22.149999618530273,22.149999618530273,22.149999618530273,0
2007-12-31,22.149999618530273,22.149999618530273,22.149999618530273,22.149999618530273,22.149999618530273,0
2008-01-02,22.149999618530273,22.149999618530273,22.149999618530273,22.149999618530273,22.149999618530273,0
2008-01-03,22.149999618530273,22.149999618530273,22.149999618530273,22.149999618530273,22.149999618530273,0
2008-01-04,19.350000381469727,19.350000381469727,19.350000381469727,19.350000381469727,19.350000381469727,1000
2008-01-07,21.030000686645508,21.030000686645508,21.0,21.0,21.0,1500
2008-01-08,21.0,21.0,21.0,21.0,21.0,0
2008-01-09,21.0,21.0,21.0,21.0,21.0,0
2008-01-10,21.0,21.0,21.0,21.0,21.0,0
2008-01-11,21.0,21.0,21.0,21.0,21.0,0
2008-01-14,21.0,21.0,21.0,21.0,21.0,0
2008-01-15,21.0,21.0,21.0,21.0,21.0,0
2008-01-16,21.0,21.0,21.0,21.0,21.0,0
2008-01-17,21.0,21.0,19.5,19.5,19.5,1800
2008-01-18,21.0,21.0,21.0,21.0,21.0,10000
2008-01-22,21.0,21.0,21.0,21.0,21.0,0
2008-01-23,21.0,21.0,21.0,21.0,21.0,0
2008-01-24,21.0,21.0,21.0,21.0,21.0,0
2008-01-25,21.0,21.0,21.0,21.0,21.0,0
2008-01-28,21.0,21.0,21.0,21.0,21.0,0
2008-01-29,21.0,21.0,21.0,21.0,21.0,0
2008-01-30,19.0,19.0,19.0,19.0,19.0,100
2008-01-31,19.0,19.0,19.0,19.0,19.0,0
2008-02-01,19.0,19.0,19.0,19.0,19.0,0
2008-02-04,19.0,19.0,19.0,19.0,19.0,0
2008-02-05,19.0,19.0,19.0,19.0,19.0,0
2008-02-06,19.600000381469727,19.600000381469727,19.600000381469727,19.600000381469727,19.600000381469727,400
2008-02-07,19.600000381469727,19.600000381469727,19.600000381469727,19.600000381469727,19.600000381469727,0
2008-02-08,19.600000381469727,19.600000381469727,19.600000381469727,19.600000381469727,19.600000381469727,0
2008-02-11,19.600000381469727,19.600000381469727,19.600000381469727,19.600000381469727,19.600000381469727,0
2008-02-12,19.600000381469727,19.600000381469727,19.600000381469727,19.600000381469727,19.600000381469727,0
2008-02-13,19.799999237060547,19.799999237060547,19.799999237060547,19.799999237060547,19.799999237060547,200
2008-02-14,19.799999237060547,19.799999237060547,19.799999237060547,19.799999237060547,19.799999237060547,0
2008-02-15,19.950000762939453,19.950000762939453,19.809999465942383,19.809999465942383,19.809999465942383,300
2008-02-19,19.809999465942383,19.809999465942383,19.809999465942383,19.809999465942383,19.809999465942383,0
2008-02-20,19.950000762939453,19.950000762939453,19.799999237060547,19.799999237060547,19.799999237060547,400
2008-02-21,19.799999237060547,19.799999237060547,19.799999237060547,19.799999237060547,19.799999237060547,0
2008-02-22,19.799999237060547,19.799999237060547,19.799999237060547,19.799999237060547,19.799999237060547,0
2008-02-25,19.950000762939453,19.950000762939453,19.799999237060547,19.799999237060547,19.799999237060547,1100
2008-02-26,19.799999237060547,19.799999237060547,19.799999237060547,19.799999237060547,19.799999237060547,0
2008-02-27,19.950000762939453,19.950000762939453,19.899999618530273,19.899999618530273,19.899999618530273,300
2008-02-28,19.899999618530273,19.899999618530273,19.899999618530273,19.899999618530273,19.899999618530273,0
2008-02-29,19.90999984741211,19.90999984741211,19.90999984741211,19.90999984741211,19.90999984741211,300
2008-03-03,19.90999984741211,19.90999984741211,19.90999984741211,19.90999984741211,19.90999984741211,0
2008-03-04,19.90999984741211,19.90999984741211,19.90999984741211,19.90999984741211,19.90999984741211,0
2008-03-05,19.90999984741211,19.90999984741211,19.90999984741211,19.90999984741211,19.90999984741211,0
2008-03-06,20.09000015258789,20.09000015258789,19.950000762939453,19.950000762939453,19.950000762939453,700
2008-03-07,19.950000762939453,19.950000762939453,19.950000762939453,19.950000762939453,19.950000762939453,0
2008-03-10,19.950000762939453,19.950000762939453,19.950000762939453,19.950000762939453,19.950000762939453,0
2008-03-11,19.950000762939453,19.950000762939453,19.950000762939453,19.950000762939453,19.950000762939453,0
2008-03-12,19.950000762939453,19.950000762939453,19.950000762939453,19.950000762939453,19.950000762939453,0
2008-03-13,19.950000762939453,19.950000762939453,19.950000762939453,19.950000762939453,19.950000762939453,0
2008-03-14,19.950000762939453,19.950000762939453,19.950000762939453,19.950000762939453,19.950000762939453,0
2008-03-17,19.950000762939453,19.950000762939453,19.950000762939453,19.950000762939453,19.950000762939453,0
2008-03-18,19.950000762939453,19.950000762939453,19.950000762939453,19.950000762939453,19.950000762939453,0
2008-03-19,19.950000762939453,19.950000762939453,19.950000762939453,19.950000762939453,19.950000762939453,0
2008-03-20,19.950000762939453,19.950000762939453,19.950000762939453,19.950000762939453,19.950000762939453,0
2008-03-24,19.950000762939453,19.950000762939453,19.950000762939453,19.950000762939453,19.950000762939453,0
2008-03-25,19.950000762939453,19.950000762939453,19.950000762939453,19.950000762939453,19.950000762939453,0
2008-03-26,19.950000762939453,19.950000762939453,19.950000762939453,19.950000762939453,19.950000762939453,0
2008-03-27,19.950000762939453,19.950000762939453,19.950000762939453,19.950000762939453,19.950000762939453,0
2008-03-28,19.950000762939453,19.950000762939453,19.950000762939453,19.950000762939453,19.950000762939453,0
2008-03-31,19.950000762939453,19.950000762939453,19.950000762939453,19.950000762939453,19.950000762939453,0
2008-04-01,19.950000762939453,19.950000762939453,19.950000762939453,19.950000762939453,19.950000762939453,0
2008-04-02,19.950000762939453,19.950000762939453,19.950000762939453,19.950000762939453,19.950000762939453,0
2008-04-03,19.950000762939453,19.950000762939453,19.950000762939453,19.950000762939453,19.950000762939453,0
2008-04-04,19.950000762939453,19.950000762939453,19.950000762939453,19.950000762939453,19.950000762939453,0
2008-04-07,19.950000762939453,19.950000762939453,19.950000762939453,19.950000762939453,19.950000762939453,0
2008-04-08,19.950000762939453,19.950000762939453,19.950000762939453,19.950000762939453,19.950000762939453,0
2008-04-09,19.950000762939453,19.950000762939453,19.950000762939453,19.950000762939453,19.950000762939453,0
2008-04-10,19.950000762939453,19.950000762939453,19.950000762939453,19.950000762939453,19.950000762939453,0
2008-04-11,19.950000762939453,19.950000762939453,19.950000762939453,19.950000762939453,19.950000762939453,0
2008-04-14,19.950000762939453,19.950000762939453,19.950000762939453,19.950000762939453,19.950000762939453,0
2008-04-15,19.950000762939453,19.950000762939453,19.950000762939453,19.950000762939453,19.950000762939453,0
2008-04-16,20.25,20.25,20.25,20.25,20.25,200
2008-04-17,20.25,20.25,20.25,20.25,20.25,0
2008-04-18,20.25,20.25,20.25,20.25,20.25,0
2008-04-21,20.25,20.25,20.25,20.25,20.25,0
2008-04-22,20.25,20.25,20.25,20.25,20.25,0
2008-04-23,20.149999618530273,20.149999618530273,20.0,20.0,20.0,3600
2008-04-24,20.0,20.0,20.0,20.0,20.0,0
2008-04-25,20.0,20.0,20.0,20.0,20.0,0
2008-04-28,20.0,20.0,20.0,20.0,20.0,0
2008-04-29,20.0,20.0,20.0,20.0,20.0,0
2008-04-30,20.0,20.0,20.0,20.0,20.0,0
2008-05-01,20.0,20.0,20.0,20.0,20.0,0
2008-05-02,20.0,20.0,20.0,20.0,20.0,0
2008-05-05,20.0,20.0,20.0,20.0,20.0,0
2008-05-06,20.18000030517578,20.18000030517578,20.049999237060547,20.100000381469727,20.100000381469727,4900
2008-05-07,20.100000381469727,20.100000381469727,20.100000381469727,20.100000381469727,20.100000381469727,0
2008-05-08,20.139999389648438,20.139999389648438,20.0,20.0,20.0,900
2008-05-09,21.0,21.0,21.0,21.0,21.0,29100
2008-05-12,21.0,21.0,21.0,21.0,21.0,0
2008-05-13,21.0,21.0,21.0,21.0,21.0,0
2008-05-14,21.0,21.0,21.0,21.0,21.0,0
2008-05-15,21.0,21.0,21.0,21.0,21.0,0
2008-05-16,21.0,21.0,21.0,21.0,21.0,0
2008-05-19,21.0,21.0,21.0,21.0,21.0,0
2008-05-20,21.0,21.0,21.0,21.0,21.0,0
2008-05-21,21.0,21.0,21.0,21.0,21.0,0
2008-05-22,21.0,21.0,21.0,21.0,21.0,0
2008-05-23,21.0,21.0,21.0,21.0,21.0,0
2008-05-27,21.0,21.0,21.0,21.0,21.0,0
2008-05-28,21.0,21.0,21.0,21.0,21.0,0
2008-05-29,21.0,21.0,21.0,21.0,21.0,0
2008-05-30,21.0,21.0,21.0,21.0,21.0,0
2008-06-02,21.0,21.0,21.0,21.0,21.0,0
2008-06-03,19.799999237060547,19.809999465942383,19.799999237060547,19.809999465942383,19.809999465942383,7300
2008-06-04,19.809999465942383,19.809999465942383,19.809999465942383,19.809999465942383,19.809999465942383,0
2008-06-05,19.799999237060547,19.799999237060547,19.799999237060547,19.799999237060547,19.799999237060547,100
2008-06-06,19.799999237060547,19.799999237060547,19.799999237060547,19.799999237060547,19.799999237060547,0
2008-06-09,19.799999237060547,19.799999237060547,19.799999237060547,19.799999237060547,19.799999237060547,0
2008-06-10,19.799999237060547,19.799999237060547,19.799999237060547,19.799999237060547,19.799999237060547,0
2008-06-11,19.799999237060547,19.799999237060547,19.799999237060547,19.799999237060547,19.799999237060547,0
2008-06-12,19.799999237060547,19.799999237060547,19.5,19.5,19.5,2600
2008-06-13,19.5,19.5,19.5,19.5,19.5,0
2008-06-16,19.5,19.5,19.5,19.5,19.5,0
2008-06-17,19.5,19.5,19.5,19.5,19.5,0
2008-06-18,19.5,19.5,19.5,19.5,19.5,0
2008-06-19,19.5,19.5,19.5,19.5,19.5,0
2008-06-20,19.5,19.5,19.5,19.5,19.5,0
2008-06-23,19.5,19.5,19.5,19.5,19.5,0
2008-06-24,19.0,19.0,18.0,18.0,18.0,700
2008-06-25,18.5,18.5,18.5,18.5,18.5,300
2008-06-26,18.579999923706055,18.579999923706055,18.579999923706055,18.579999923706055,18.579999923706055,900
2008-06-27,18.579999923706055,18.579999923706055,18.579999923706055,18.579999923706055,18.579999923706055,0
2008-06-30,18.75,18.75,18.5,18.5,18.5,800
2008-07-01,18.5,18.5,18.5,18.5,18.5,0
2008-07-02,18.5,18.5,18.5,18.5,18.5,0
2008-07-03,18.5,18.5,18.5,18.5,18.5,0
2008-07-07,18.5,18.5,18.5,18.5,18.5,0
2008-07-08,18.5,18.5,18.5,18.5,18.5,0
2008-07-09,18.5,18.5,18.5,18.5,18.5,0
2008-07-10,18.5,18.5,18.5,18.5,18.5,0
2008-07-11,18.600000381469727,18.600000381469727,18.600000381469727,18.600000381469727,18.600000381469727,200
2008-07-14,18.600000381469727,18.600000381469727,18.600000381469727,18.600000381469727,18.600000381469727,0
2008-07-15,18.600000381469727,18.600000381469727,18.600000381469727,18.600000381469727,18.600000381469727,0
2008-07-16,18.600000381469727,18.600000381469727,18.600000381469727,18.600000381469727,18.600000381469727,0
2008-07-17,18.059999465942383,18.059999465942383,18.059999465942383,18.059999465942383,18.059999465942383,400
2008-07-18,18.059999465942383,18.059999465942383,18.059999465942383,18.059999465942383,18.059999465942383,0
2008-07-21,18.059999465942383,18.059999465942383,18.059999465942383,18.059999465942383,18.059999465942383,0
2008-07-22,18.059999465942383,18.059999465942383,18.059999465942383,18.059999465942383,18.059999465942383,0
2008-07-23,18.059999465942383,18.059999465942383,18.059999465942383,18.059999465942383,18.059999465942383,0
2008-07-24,18.100000381469727,18.100000381469727,18.0,18.0,18.0,900
2008-07-25,18.0,18.0,18.0,18.0,18.0,0
2008-07-28,18.100000381469727,18.100000381469727,18.100000381469727,18.100000381469727,18.100000381469727,500
2008-07-29,18.0,18.0,18.0,18.0,18.0,400
2008-07-30,18.100000381469727,18.100000381469727,18.100000381469727,18.100000381469727,18.100000381469727,300
2008-07-31,18.100000381469727,18.100000381469727,18.100000381469727,18.100000381469727,18.100000381469727,0
2008-08-01,18.049999237060547,18.049999237060547,18.049999237060547,18.049999237060547,18.049999237060547,1000
2008-08-04,18.049999237060547,18.049999237060547,18.049999237060547,18.049999237060547,18.049999237060547,0
2008-08-05,18.020000457763672,18.020000457763672,18.020000457763672,18.020000457763672,18.020000457763672,500
2008-08-06,18.020000457763672,18.020000457763672,18.020000457763672,18.020000457763672,18.020000457763672,0
2008-08-07,17.799999237060547,17.799999237060547,16.799999237060547,17.5,17.5,2000
2008-08-08,17.5,17.5,17.5,17.5,17.5,1300
2008-08-11,17.5,17.5,17.5,17.5,17.5,0
2008-08-12,17.5,17.5,17.5,17.5,17.5,0
2008-08-13,17.5,17.5,17.5,17.5,17.5,0
2008-08-14,17.5,17.5,17.5,17.5,17.5,0
2008-08-15,17.5,17.5,17.5,17.5,17.5,0
2008-08-18,17.5,17.5,17.5,17.5,17.5,0
2008-08-19,17.5,17.5,17.5,17.5,17.5,0
2008-08-20,17.260000228881836,17.260000228881836,17.260000228881836,17.260000228881836,17.260000228881836,400
2008-08-21,17.25,17.25,16.0,16.5,16.5,800
2008-08-22,16.950000762939453,16.950000762939453,16.950000762939453,16.950000762939453,16.950000762939453,200
2008-08-25,16.950000762939453,16.950000762939453,16.950000762939453,16.950000762939453,16.950000762939453,0
2008-08-26,16.950000762939453,16.950000762939453,16.950000762939453,16.950000762939453,16.950000762939453,0
2008-08-27,16.950000762939453,16.950000762939453,16.950000762939453,16.950000762939453,16.950000762939453,500
2008-08-28,16.950000762939453,16.950000762939453,16.950000762939453,16.950000762939453,16.950000762939453,0
2008-08-29,16.950000762939453,16.950000762939453,16.950000762939453,16.950000762939453,16.950000762939453,0
2008-09-02,16.950000762939453,16.950000762939453,16.950000762939453,16.950000762939453,16.950000762939453,0
2008-09-03,16.950000762939453,16.950000762939453,16.950000762939453,16.950000762939453,16.950000762939453,0
2008-09-04,16.950000762939453,16.950000762939453,16.950000762939453,16.950000762939453,16.950000762939453,0
2008-09-05,16.950000762939453,16.950000762939453,16.950000762939453,16.950000762939453,16.950000762939453,0
2008-09-08,16.950000762939453,16.950000762939453,16.950000762939453,16.950000762939453,16.950000762939453,0
2008-09-09,16.950000762939453,16.950000762939453,16.950000762939453,16.950000762939453,16.950000762939453,0
2008-09-10,16.950000762939453,16.950000762939453,16.950000762939453,16.950000762939453,16.950000762939453,0
2008-09-11,16.950000762939453,16.950000762939453,16.950000762939453,16.950000762939453,16.950000762939453,0
2008-09-12,16.950000762939453,16.950000762939453,16.950000762939453,16.950000762939453,16.950000762939453,0
2008-09-15,16.950000762939453,16.950000762939453,16.950000762939453,16.950000762939453,16.950000762939453,0
2008-09-16,16.950000762939453,16.950000762939453,16.950000762939453,16.950000762939453,16.950000762939453,0
2008-09-17,16.950000762939453,16.950000762939453,16.950000762939453,16.950000762939453,16.950000762939453,0
2008-09-18,16.950000762939453,16.950000762939453,16.950000762939453,16.950000762939453,16.950000762939453,0
2008-09-19,16.649999618530273,16.649999618530273,16.649999618530273,16.649999618530273,16.649999618530273,100
2008-09-22,16.649999618530273,16.649999618530273,16.649999618530273,16.649999618530273,16.649999618530273,0
2008-09-23,16.649999618530273,16.649999618530273,16.649999618530273,16.649999618530273,16.649999618530273,0
2008-09-24,16.649999618530273,16.649999618530273,16.649999618530273,16.649999618530273,16.649999618530273,0
2008-09-25,17.100000381469727,17.100000381469727,17.100000381469727,17.100000381469727,17.100000381469727,100
2008-09-26,17.100000381469727,17.100000381469727,17.100000381469727,17.100000381469727,17.100000381469727,0
2008-09-29,17.100000381469727,17.100000381469727,17.100000381469727,17.100000381469727,17.100000381469727,0
2008-09-30,17.100000381469727,17.100000381469727,17.100000381469727,17.100000381469727,17.100000381469727,0
2008-10-01,17.100000381469727,17.100000381469727,17.100000381469727,17.100000381469727,17.100000381469727,0
2008-10-02,15.800000190734863,15.800000190734863,15.800000190734863,15.800000190734863,15.800000190734863,300
2008-10-03,15.800000190734863,16.5,15.449999809265137,15.449999809265137,15.449999809265137,2800
2008-10-06,15.449999809265137,15.449999809265137,15.449999809265137,15.449999809265137,15.449999809265137,0
2008-10-07,15.449999809265137,15.449999809265137,15.449999809265137,15.449999809265137,15.449999809265137,0
2008-10-08,15.800000190734863,16.0,15.800000190734863,16.0,16.0,400
2008-10-09,16.0,16.0,16.0,16.0,16.0,0
2008-10-10,14.40999984741211,14.40999984741211,13.600000381469727,13.600000381469727,13.600000381469727,200
2008-10-13,13.800000190734863,15.050000190734863,13.789999961853027,14.260000228881836,14.260000228881836,2000
2008-10-14,14.260000228881836,14.260000228881836,14.260000228881836,14.260000228881836,14.260000228881836,0
2008-10-15,14.260000228881836,14.260000228881836,14.260000228881836,14.260000228881836,14.260000228881836,0
2008-10-16,14.260000228881836,14.260000228881836,14.260000228881836,14.260000228881836,14.260000228881836,0
2008-10-17,14.260000228881836,14.260000228881836,14.260000228881836,14.260000228881836,14.260000228881836,0
2008-10-20,14.260000228881836,14.260000228881836,14.260000228881836,14.260000228881836,14.260000228881836,0
2008-10-21,14.260000228881836,14.260000228881836,14.260000228881836,14.260000228881836,14.260000228881836,0
2008-10-22,14.260000228881836,14.260000228881836,14.260000228881836,14.260000228881836,14.260000228881836,0
2008-10-23,14.260000228881836,14.260000228881836,14.260000228881836,14.260000228881836,14.260000228881836,0
2008-10-24,14.260000228881836,14.260000228881836,14.260000228881836,14.260000228881836,14.260000228881836,0
2008-10-27,14.260000228881836,14.260000228881836,14.260000228881836,14.260000228881836,14.260000228881836,0
2008-10-28,14.260000228881836,14.260000228881836,14.260000228881836,14.260000228881836,14.260000228881836,0
2008-10-29,12.899999618530273,12.899999618530273,10.899999618530273,11.5,11.5,1200
2008-10-30,11.5,11.5,11.5,11.5,11.5,0
2008-10-31,11.5,11.5,11.5,11.5,11.5,0
2008-11-03,11.399999618530273,11.399999618530273,11.0,11.0,11.0,300
2008-11-04,11.0,11.0,11.0,11.0,11.0,0
2008-11-05,11.0,11.0,11.0,11.0,11.0,0
2008-11-06,10.399999618530273,10.399999618530273,10.0,10.0,10.0,2700
2008-11-07,10.0,10.0,10.0,10.0,10.0,0
2008-11-10,10.0,10.0,10.0,10.0,10.0,0
2008-11-11,10.0,10.0,10.0,10.0,10.0,0
2008-11-12,10.0,10.0,10.0,10.0,10.0,0
2008-11-13,9.800000190734863,9.800000190734863,9.800000190734863,9.800000190734863,9.800000190734863,500
2008-11-14,9.770000457763672,9.770000457763672,9.760000228881836,9.760000228881836,9.760000228881836,200
2008-11-17,9.270000457763672,9.270000457763672,7.510000228881836,7.510000228881836,7.510000228881836,3400
2008-11-18,6.550000190734863,6.769999980926514,5.050000190734863,6.610000133514404,6.610000133514404,24800
2008-11-19,6.25,6.25,5.690000057220459,5.690000057220459,5.690000057220459,800
2008-11-20,5.690000057220459,5.690000057220459,5.690000057220459,5.690000057220459,5.690000057220459,0
2008-11-21,5.349999904632568,5.349999904632568,5.0,5.050000190734863,5.050000190734863,1900
2008-11-24,5.960000038146973,5.960000038146973,5.050000190734863,5.050000190734863,5.050000190734863,500
2008-11-25,5.199999809265137,5.199999809265137,5.199999809265137,5.199999809265137,5.199999809265137,100
2008-11-26,5.199999809265137,5.199999809265137,5.199999809265137,5.199999809265137,5.199999809265137,0
2008-11-28,5.199999809265137,5.199999809265137,5.199999809265137,5.199999809265137,5.199999809265137,0
2008-12-01,5.199999809265137,5.199999809265137,5.199999809265137,5.199999809265137,5.199999809265137,0
2008-12-02,5.849999904632568,6.699999809265137,5.300000190734863,5.300000190734863,5.300000190734863,1600
2008-12-03,5.300000190734863,5.300000190734863,5.300000190734863,5.300000190734863,5.300000190734863,1000
2008-12-04,5.300000190734863,5.300000190734863,4.820000171661377,4.820000171661377,4.820000171661377,4600
2008-12-05,4.820000171661377,4.820000171661377,4.820000171661377,4.820000171661377,4.820000171661377,0
2008-12-08,4.880000114440918,4.880000114440918,4.880000114440918,4.880000114440918,4.880000114440918,200
2008-12-09,4.880000114440918,4.880000114440918,4.880000114440918,4.880000114440918,4.880000114440918,0
2008-12-10,4.880000114440918,4.880000114440918,4.519999980926514,4.599999904632568,4.599999904632568,400
2008-12-11,4.599999904632568,4.599999904632568,4.599999904632568,4.599999904632568,4.599999904632568,0
2008-12-12,4.599999904632568,4.599999904632568,4.599999904632568,4.599999904632568,4.599999904632568,0
2008-12-15,4.980000019073486,4.980000019073486,4.980000019073486,4.980000019073486,4.980000019073486,100
2008-12-16,4.550000190734863,4.599999904632568,4.550000190734863,4.559999942779541,4.559999942779541,2500
2008-12-17,4.800000190734863,4.800000190734863,4.800000190734863,4.800000190734863,4.800000190734863,500
2008-12-18,4.800000190734863,4.800000190734863,4.800000190734863,4.800000190734863,4.800000190734863,0
2008-12-19,5.079999923706055,5.079999923706055,5.070000171661377,5.070000171661377,5.070000171661377,200
2008-12-22,4.809999942779541,4.809999942779541,4.5,4.599999904632568,4.599999904632568,6400
2008-12-23,4.53000020980835,4.53000020980835,4.5,4.5,4.5,700
2008-12-24,4.5,4.550000190734863,4.5,4.510000228881836,4.510000228881836,2700
2008-12-26,4.5,4.5,4.5,4.5,4.5,600
2008-12-29,4.5,4.5,4.5,4.5,4.5,1600
2008-12-30,4.5,4.5,4.5,4.5,4.5,0
2008-12-31,4.5,4.5,4.150000095367432,4.5,4.5,5600
2009-01-02,4.5,4.5,4.5,4.5,4.5,0
2009-01-05,4.5,4.5,4.5,4.5,4.5,0
2009-01-06,4.5,4.5,4.5,4.5,4.5,0
2009-01-07,4.730000019073486,4.739999771118164,4.730000019073486,4.739999771118164,4.739999771118164,1000
2009-01-08,4.820000171661377,6.389999866485596,4.449999809265137,5.559999942779541,5.559999942779541,19600
2009-01-09,5.260000228881836,6.050000190734863,5.260000228881836,5.309999942779541,5.309999942779541,3300
2009-01-12,5.309999942779541,5.309999942779541,5.309999942779541,5.309999942779541,5.309999942779541,0
2009-01-13,5.650000095367432,6.400000095367432,5.400000095367432,6.400000095367432,6.400000095367432,1300
2009-01-14,6.110000133514404,6.110000133514404,5.440000057220459,5.599999904632568,5.599999904632568,1900
2009-01-15,6.320000171661377,6.340000152587891,6.320000171661377,6.320000171661377,6.320000171661377,1000
2009-01-16,6.25,6.25,6.25,6.25,6.25,1500
2009-01-20,6.25,6.25,6.25,6.25,6.25,0
2009-01-21,6.25,6.25,6.25,6.25,6.25,0
2009-01-22,6.400000095367432,6.400000095367432,6.400000095367432,6.400000095367432,6.400000095367432,100
2009-01-23,6.28000020980835,6.28000020980835,6.28000020980835,6.28000020980835,6.28000020980835,100
2009-01-26,6.400000095367432,6.699999809265137,6.400000095367432,6.550000190734863,6.550000190734863,900
2009-01-27,6.550000190734863,6.550000190734863,6.550000190734863,6.550000190734863,6.550000190734863,0
2009-01-28,6.28000020980835,6.28000020980835,5.269999980926514,5.269999980926514,5.269999980926514,600
2009-01-29,5.659999847412109,5.75,5.659999847412109,5.75,5.75,200
2009-01-30,5.630000114440918,6.380000114440918,5.630000114440918,5.960000038146973,5.960000038146973,600
2009-02-02,5.960000038146973,5.960000038146973,5.960000038146973,5.960000038146973,5.960000038146973,0
2009-02-03,5.75,5.75,5.75,5.75,5.75,500
2009-02-04,5.75,5.75,5.75,5.75,5.75,0
2009-02-05,5.75,5.75,5.75,5.75,5.75,0
2009-02-06,5.75,5.75,5.75,5.75,5.75,0
2009-02-09,5.75,5.75,5.75,5.75,5.75,0
2009-02-10,5.75,5.75,5.75,5.75,5.75,0
2009-02-11,5.75,5.75,5.75,5.75,5.75,0
2009-02-12,5.75,5.75,5.75,5.75,5.75,0
2009-02-13,5.619999885559082,5.619999885559082,4.599999904632568,4.599999904632568,4.599999904632568,14200
2009-02-17,4.889999866485596,4.889999866485596,4.840000152587891,4.840000152587891,4.840000152587891,400
2009-02-18,4.840000152587891,4.840000152587891,4.840000152587891,4.840000152587891,4.840000152587891,0
2009-02-19,4.840000152587891,4.840000152587891,4.840000152587891,4.840000152587891,4.840000152587891,0
2009-02-20,4.269999980926514,4.269999980926514,4.269999980926514,4.269999980926514,4.269999980926514,100
2009-02-23,4.269999980926514,4.269999980926514,4.269999980926514,4.269999980926514,4.269999980926514,0
2009-02-24,4.269999980926514,4.269999980926514,4.269999980926514,4.269999980926514,4.269999980926514,0
2009-02-25,4.269999980926514,4.269999980926514,4.269999980926514,4.269999980926514,4.269999980926514,0
2009-02-26,4.710000038146973,5.010000228881836,4.5,4.96999979019165,4.96999979019165,1400
2009-02-27,4.96999979019165,4.96999979019165,4.96999979019165,4.96999979019165,4.96999979019165,0
2009-03-02,4.96999979019165,4.96999979019165,4.96999979019165,4.96999979019165,4.96999979019165,0
2009-03-03,4.96999979019165,4.96999979019165,4.96999979019165,4.96999979019165,4.96999979019165,0
2009-03-04,4.380000114440918,4.380000114440918,4.380000114440918,4.380000114440918,4.380000114440918,100
2009-03-05,4.199999809265137,4.199999809265137,4.199999809265137,4.199999809265137,4.199999809265137,400
2009-03-06,4.199999809265137,4.199999809265137,4.199999809265137,4.199999809265137,4.199999809265137,0
2009-03-09,4.199999809265137,4.199999809265137,4.199999809265137,4.199999809265137,4.199999809265137,0
2009-03-10,4.199999809265137,4.199999809265137,4.199999809265137,4.199999809265137,4.199999809265137,0
2009-03-11,4.199999809265137,4.199999809265137,4.199999809265137,4.199999809265137,4.199999809265137,0
2009-03-12,4.940000057220459,4.940000057220459,4.940000057220459,4.940000057220459,4.940000057220459,200
2009-03-13,4.940000057220459,4.940000057220459,4.940000057220459,4.940000057220459,4.940000057220459,0
2009-03-16,4.940000057220459,4.940000057220459,4.940000057220459,4.940000057220459,4.940000057220459,0
2009-03-17,4.940000057220459,4.940000057220459,4.940000057220459,4.940000057220459,4.940000057220459,0
2009-03-18,5.110000133514404,5.130000114440918,5.110000133514404,5.130000114440918,5.130000114440918,200
2009-03-19,5.130000114440918,5.130000114440918,5.130000114440918,5.130000114440918,5.130000114440918,0
2009-03-20,5.130000114440918,5.130000114440918,5.130000114440918,5.130000114440918,5.130000114440918,0
2009-03-23,5.130000114440918,5.130000114440918,5.130000114440918,5.130000114440918,5.130000114440918,0
2009-03-24,5.130000114440918,5.130000114440918,5.130000114440918,5.130000114440918,5.130000114440918,0
2009-03-25,5.130000114440918,5.130000114440918,5.130000114440918,5.130000114440918,5.130000114440918,0
2009-03-26,5.130000114440918,5.130000114440918,5.130000114440918,5.130000114440918,5.130000114440918,0
2009-03-27,5.130000114440918,5.130000114440918,5.130000114440918,5.130000114440918,5.130000114440918,0
2009-03-30,5.130000114440918,5.130000114440918,5.130000114440918,5.130000114440918,5.130000114440918,0
2009-03-31,5.130000114440918,5.130000114440918,5.130000114440918,5.130000114440918,5.130000114440918,0
2009-04-01,5.130000114440918,5.130000114440918,5.130000114440918,5.130000114440918,5.130000114440918,0
2009-04-02,5.130000114440918,5.130000114440918,5.130000114440918,5.130000114440918,5.130000114440918,0
2009-04-03,5.019999980926514,5.019999980926514,5.019999980926514,5.019999980926514,5.019999980926514,200
2009-04-06,5.019999980926514,5.019999980926514,5.019999980926514,5.019999980926514,5.019999980926514,0
2009-04-07,5.019999980926514,5.019999980926514,5.019999980926514,5.019999980926514,5.019999980926514,0
2009-04-08,5.019999980926514,5.019999980926514,5.019999980926514,5.019999980926514,5.019999980926514,300
2009-04-09,5.019999980926514,5.019999980926514,5.019999980926514,5.019999980926514,5.019999980926514,100
2009-04-13,5.019999980926514,5.019999980926514,5.019999980926514,5.019999980926514,5.019999980926514,600
2009-04-14,5.019999980926514,5.019999980926514,5.019999980926514,5.019999980926514,5.019999980926514,0
2009-04-15,5.019999980926514,5.019999980926514,5.019999980926514,5.019999980926514,5.019999980926514,0
2009-04-16,5.610000133514404,5.610000133514404,5.610000133514404,5.610000133514404,5.610000133514404,100
2009-04-17,5.71999979019165,5.840000152587891,5.699999809265137,5.820000171661377,5.820000171661377,1900
2009-04-20,5.820000171661377,5.820000171661377,5.820000171661377,5.820000171661377,5.820000171661377,0
2009-04-21,6.539999961853027,6.559999942779541,4.860000133514404,5.599999904632568,5.599999904632568,1600
2009-04-22,6.0,6.0,5.599999904632568,5.599999904632568,5.599999904632568,700
2009-04-23,5.599999904632568,5.599999904632568,5.599999904632568,5.599999904632568,5.599999904632568,0
2009-04-24,5.599999904632568,5.599999904632568,5.599999904632568,5.599999904632568,5.599999904632568,0
2009-04-27,5.599999904632568,5.599999904632568,5.599999904632568,5.599999904632568,5.599999904632568,0
2009-04-28,5.599999904632568,5.599999904632568,5.599999904632568,5.599999904632568,5.599999904632568,0
2009-04-29,5.599999904632568,5.599999904632568,5.599999904632568,5.599999904632568,5.599999904632568,0
2009-04-30,5.599999904632568,5.599999904632568,5.599999904632568,5.599999904632568,5.599999904632568,0
2009-05-01,5.599999904632568,5.599999904632568,5.599999904632568,5.599999904632568,5.599999904632568,0
2009-05-04,5.599999904632568,5.599999904632568,5.599999904632568,5.599999904632568,5.599999904632568,0
2009-05-05,6.650000095367432,6.650000095367432,6.650000095367432,6.650000095367432,6.650000095367432,100
2009-05-06,6.650000095367432,6.650000095367432,6.650000095367432,6.650000095367432,6.650000095367432,0
2009-05-07,5.769999980926514,6.550000190734863,5.769999980926514,6.550000190734863,6.550000190734863,200
2009-05-08,6.650000095367432,6.650000095367432,6.650000095367432,6.650000095367432,6.650000095367432,100
2009-05-11,6.650000095367432,6.650000095367432,6.650000095367432,6.650000095367432,6.650000095367432,100
2009-05-12,6.650000095367432,6.650000095367432,6.650000095367432,6.650000095367432,6.650000095367432,0
2009-05-13,6.650000095367432,6.650000095367432,6.650000095367432,6.650000095367432,6.650000095367432,0
2009-05-14,6.650000095367432,6.650000095367432,6.650000095367432,6.650000095367432,6.650000095367432,0
2009-05-15,6.650000095367432,6.650000095367432,6.650000095367432,6.650000095367432,6.650000095367432,0
2009-05-18,6.650000095367432,6.650000095367432,6.650000095367432,6.650000095367432,6.650000095367432,0
2009-05-19,6.650000095367432,6.650000095367432,6.650000095367432,6.650000095367432,6.650000095367432,0
2009-05-20,6.650000095367432,6.650000095367432,6.650000095367432,6.650000095367432,6.650000095367432,0
2009-05-21,6.650000095367432,6.650000095367432,6.650000095367432,6.650000095367432,6.650000095367432,0
2009-05-22,6.650000095367432,6.650000095367432,6.650000095367432,6.650000095367432,6.650000095367432,100
2009-05-26,6.650000095367432,6.650000095367432,6.650000095367432,6.650000095367432,6.650000095367432,0
2009-05-27,6.650000095367432,6.650000095367432,6.650000095367432,6.650000095367432,6.650000095367432,0
2009-05-28,6.650000095367432,6.650000095367432,6.650000095367432,6.650000095367432,6.650000095367432,0
2009-05-29,6.650000095367432,6.650000095367432,6.650000095367432,6.650000095367432,6.650000095367432,0
2009-06-01,6.650000095367432,6.650000095367432,6.650000095367432,6.650000095367432,6.650000095367432,0
2009-06-02,6.650000095367432,6.650000095367432,6.650000095367432,6.650000095367432,6.650000095367432,0
2009-06-03,6.650000095367432,6.650000095367432,6.650000095367432,6.650000095367432,6.650000095367432,0
2009-06-04,6.650000095367432,6.650000095367432,6.650000095367432,6.650000095367432,6.650000095367432,0
2009-06-05,6.650000095367432,6.650000095367432,6.650000095367432,6.650000095367432,6.650000095367432,0
2009-06-08,6.650000095367432,6.650000095367432,6.650000095367432,6.650000095367432,6.650000095367432,0
2009-06-09,6.650000095367432,6.650000095367432,6.650000095367432,6.650000095367432,6.650000095367432,0
2009-06-10,6.650000095367432,6.650000095367432,6.650000095367432,6.650000095367432,6.650000095367432,0
2009-06-11,6.650000095367432,7.150000095367432,6.550000190734863,7.150000095367432,7.150000095367432,1300
2009-06-12,7.25,7.570000171661377,7.25,7.570000171661377,7.570000171661377,700
2009-06-15,7.650000095367432,8.050000190734863,7.650000095367432,8.050000190734863,8.050000190734863,200
2009-06-16,8.050000190734863,8.050000190734863,8.050000190734863,8.050000190734863,8.050000190734863,0
2009-06-17,8.079999923706055,8.079999923706055,8.050000190734863,8.050000190734863,8.050000190734863,300
2009-06-18,8.050000190734863,8.050000190734863,8.050000190734863,8.050000190734863,8.050000190734863,0
2009-06-19,8.050000190734863,8.050000190734863,8.050000190734863,8.050000190734863,8.050000190734863,0
2009-06-22,8.050000190734863,8.300000190734863,8.050000190734863,8.300000190734863,8.300000190734863,700
2009-06-23,8.300000190734863,8.300000190734863,8.300000190734863,8.300000190734863,8.300000190734863,0
2009-06-24,8.300000190734863,8.300000190734863,8.300000190734863,8.300000190734863,8.300000190734863,0
2009-06-25,8.300000190734863,8.300000190734863,8.300000190734863,8.300000190734863,8.300000190734863,0
2009-06-26,8.300000190734863,8.300000190734863,8.300000190734863,8.300000190734863,8.300000190734863,0
2009-06-29,8.25,9.170000076293945,8.25,9.170000076293945,9.170000076293945,2400
2009-06-30,9.0,9.0,8.899999618530273,8.899999618530273,8.899999618530273,700
2009-07-01,8.899999618530273,8.899999618530273,8.899999618530273,8.899999618530273,8.899999618530273,0
2009-07-02,8.899999618530273,8.899999618530273,8.899999618530273,8.899999618530273,8.899999618530273,0
2009-07-06,8.899999618530273,9.600000381469727,8.899999618530273,9.600000381469727,9.600000381469727,2300
2009-07-07,9.699999809265137,9.699999809265137,9.699999809265137,9.699999809265137,9.699999809265137,200
2009-07-08,10.149999618530273,10.489999771118164,10.149999618530273,10.489999771118164,10.489999771118164,2100
2009-07-09,10.550000190734863,10.699999809265137,10.550000190734863,10.699999809265137,10.699999809265137,1100
2009-07-10,10.25,11.199999809265137,10.25,11.199999809265137,11.199999809265137,900
2009-07-13,11.579999923706055,12.5,11.579999923706055,12.5,12.5,3000
2009-07-14,12.5,12.859999656677246,12.5,12.859999656677246,12.859999656677246,400
2009-07-15,13.109999656677246,14.0,13.109999656677246,13.5,13.5,1400
2009-07-16,13.609999656677246,13.609999656677246,13.609999656677246,13.609999656677246,13.609999656677246,100
2009-07-17,13.859999656677246,14.609999656677246,13.859999656677246,14.609999656677246,14.609999656677246,900
2009-07-20,14.899999618530273,16.0,14.899999618530273,16.0,16.0,500
2009-07-21,16.0,16.0,15.010000228881836,15.180000305175781,15.180000305175781,700
2009-07-22,14.5,15.5,14.1899995803833,15.5,15.5,1300
2009-07-23,14.1899995803833,14.600000381469727,14.050000190734863,14.600000381469727,14.600000381469727,1100
2009-07-24,14.300000190734863,15.869999885559082,14.300000190734863,15.869999885559082,15.869999885559082,1200
2009-07-27,15.75,15.75,14.100000381469727,14.140000343322754,14.140000343322754,800
2009-07-28,14.149999618530273,14.970000267028809,14.149999618530273,14.920000076293945,14.920000076293945,800
2009-07-29,14.920000076293945,14.920000076293945,14.920000076293945,14.920000076293945,14.920000076293945,0
2009-07-30,15.0,15.0,15.0,15.0,15.0,100
2009-07-31,15.0,15.0,15.0,15.0,15.0,100
2009-08-03,14.25,15.90999984741211,14.199999809265137,15.90999984741211,15.90999984741211,700
2009-08-04,15.0,15.75,15.0,15.75,15.75,500
2009-08-05,15.75,15.75,15.75,15.75,15.75,0
2009-08-06,15.75,15.75,15.75,15.75,15.75,0
2009-08-07,14.550000190734863,14.550000190734863,14.510000228881836,14.510000228881836,14.510000228881836,400
2009-08-10,14.510000228881836,14.510000228881836,14.510000228881836,14.510000228881836,14.510000228881836,0
2009-08-11,14.510000228881836,14.510000228881836,14.510000228881836,14.510000228881836,14.510000228881836,0
2009-08-12,14.5600004196167,14.5600004196167,14.5,14.5,14.5,1000
2009-08-13,14.5,14.5,14.5,14.5,14.5,0
2009-08-14,14.5,14.5,14.5,14.5,14.5,0
2009-08-17,14.100000381469727,14.130000114440918,14.100000381469727,14.100000381469727,14.100000381469727,900
2009-08-18,14.100000381469727,14.100000381469727,14.100000381469727,14.100000381469727,14.100000381469727,0
2009-08-19,15.470000267028809,15.470000267028809,15.470000267028809,15.470000267028809,15.470000267028809,200
2009-08-20,15.470000267028809,15.470000267028809,15.470000267028809,15.470000267028809,15.470000267028809,0
2009-08-21,14.989999771118164,14.989999771118164,12.640000343322754,13.5,13.5,1000
2009-08-24,14.9399995803833,14.989999771118164,13.550000190734863,13.65999984741211,13.65999984741211,7300
2009-08-25,13.65999984741211,13.65999984741211,13.65999984741211,13.65999984741211,13.65999984741211,0
2009-08-26,13.550000190734863,13.550000190734863,13.5,13.5,13.5,300
2009-08-27,13.539999961853027,13.539999961853027,13.510000228881836,13.510000228881836,13.510000228881836,800
2009-08-28,13.510000228881836,13.510000228881836,13.510000228881836,13.510000228881836,13.510000228881836,0
2009-08-31,13.510000228881836,13.510000228881836,13.510000228881836,13.510000228881836,13.510000228881836,0
2009-09-01,13.510000228881836,13.510000228881836,13.510000228881836,13.510000228881836,13.510000228881836,0
2009-09-02,13.510000228881836,13.510000228881836,13.510000228881836,13.510000228881836,13.510000228881836,0
2009-09-03,13.510000228881836,13.510000228881836,13.510000228881836,13.510000228881836,13.510000228881836,0
2009-09-04,13.510000228881836,13.510000228881836,13.510000228881836,13.510000228881836,13.510000228881836,0
2009-09-08,13.510000228881836,13.510000228881836,13.510000228881836,13.510000228881836,13.510000228881836,0
2009-09-09,13.510000228881836,13.510000228881836,13.510000228881836,13.510000228881836,13.510000228881836,0
2009-09-10,13.510000228881836,13.510000228881836,13.510000228881836,13.510000228881836,13.510000228881836,0
2009-09-11,14.920000076293945,14.989999771118164,14.3100004196167,14.3100004196167,14.3100004196167,500
2009-09-14,14.899999618530273,15.0,14.899999618530273,15.0,15.0,800
2009-09-15,14.9399995803833,15.600000381469727,14.9399995803833,15.600000381469727,15.600000381469727,1300
2009-09-16,15.600000381469727,15.600000381469727,15.600000381469727,15.600000381469727,15.600000381469727,500
2009-09-17,15.600000381469727,15.600000381469727,15.600000381469727,15.600000381469727,15.600000381469727,300
2009-09-18,15.600000381469727,15.600000381469727,15.600000381469727,15.600000381469727,15.600000381469727,0
2009-09-21,15.600000381469727,15.600000381469727,15.600000381469727,15.600000381469727,15.600000381469727,500
2009-09-22,15.600000381469727,15.600000381469727,15.600000381469727,15.600000381469727,15.600000381469727,0
2009-09-23,15.600000381469727,15.600000381469727,15.600000381469727,15.600000381469727,15.600000381469727,0
2009-09-24,14.09000015258789,14.15999984741211,14.050000190734863,14.050000190734863,14.050000190734863,1500
2009-09-25,14.050000190734863,14.050000190734863,13.510000228881836,13.510000228881836,13.510000228881836,700
2009-09-28,13.510000228881836,13.510000228881836,13.510000228881836,13.510000228881836,13.510000228881836,0
2009-09-29,13.510000228881836,13.510000228881836,13.510000228881836,13.510000228881836,13.510000228881836,0
2009-09-30,13.510000228881836,13.510000228881836,13.510000228881836,13.510000228881836,13.510000228881836,0
2009-10-01,13.510000228881836,13.510000228881836,13.510000228881836,13.510000228881836,13.510000228881836,0
2009-10-02,13.5,13.5,13.5,13.5,13.5,200
2009-10-05,13.5,13.5,13.5,13.5,13.5,0
2009-10-06,13.5,13.5,13.5,13.5,13.5,0
2009-10-07,13.5,13.5,13.5,13.5,13.5,0
2009-10-08,13.5,13.5,13.5,13.5,13.5,0
2009-10-09,13.739999771118164,13.75,13.739999771118164,13.75,13.75,2000
2009-10-12,13.75,13.75,13.75,13.75,13.75,0
2009-10-13,13.75,13.75,13.75,13.75,13.75,0
2009-10-14,13.75,13.75,13.75,13.75,13.75,0
2009-10-15,13.75,13.75,13.75,13.75,13.75,0
2009-10-16,13.75,13.75,13.75,13.75,13.75,0
2009-10-19,13.789999961853027,13.800000190734863,13.510000228881836,13.75,13.75,3100
2009-10-20,13.75,14.0,13.699999809265137,13.699999809265137,13.699999809265137,2300
2009-10-21,13.699999809265137,13.699999809265137,13.699999809265137,13.699999809265137,13.699999809265137,0
2009-10-22,13.550000190734863,13.550000190734863,13.520000457763672,13.550000190734863,13.550000190734863,1100
2009-10-23,13.550000190734863,13.550000190734863,13.550000190734863,13.550000190734863,13.550000190734863,0
2009-10-26,13.550000190734863,13.550000190734863,13.550000190734863,13.550000190734863,13.550000190734863,0
2009-10-27,13.5600004196167,13.5600004196167,13.539999961853027,13.550000190734863,13.550000190734863,1300
2009-10-28,13.550000190734863,13.550000190734863,13.550000190734863,13.550000190734863,13.550000190734863,0
2009-10-29,13.550000190734863,13.550000190734863,13.550000190734863,13.550000190734863,13.550000190734863,0
2009-10-30,13.550000190734863,13.550000190734863,13.550000190734863,13.550000190734863,13.550000190734863,0
2009-11-02,13.550000190734863,13.550000190734863,13.550000190734863,13.550000190734863,13.550000190734863,0
2009-11-03,13.550000190734863,13.550000190734863,13.550000190734863,13.550000190734863,13.550000190734863,0
2009-11-04,13.550000190734863,13.550000190734863,13.550000190734863,13.550000190734863,13.550000190734863,0
2009-11-05,13.1899995803833,13.199999809265137,13.1899995803833,13.199999809265137,13.199999809265137,800
2009-11-06,13.199999809265137,13.199999809265137,13.199999809265137,13.199999809265137,13.199999809265137,0
2009-11-09,13.199999809265137,13.199999809265137,13.199999809265137,13.199999809265137,13.199999809265137,0
2009-11-10,13.199999809265137,13.239999771118164,13.199999809265137,13.239999771118164,13.239999771118164,3600
2009-11-11,13.199999809265137,14.260000228881836,13.199999809265137,14.119999885559082,14.119999885559082,2900
2009-11-12,13.199999809265137,13.199999809265137,13.199999809265137,13.199999809265137,13.199999809265137,2700
2009-11-13,13.489999771118164,14.970000267028809,13.489999771118164,14.970000267028809,14.970000267028809,1600
2009-11-16,14.869999885559082,14.869999885559082,14.869999885559082,14.869999885559082,14.869999885559082,200
2009-11-17,14.869999885559082,14.869999885559082,14.869999885559082,14.869999885559082,14.869999885559082,0
2009-11-18,14.869999885559082,14.869999885559082,14.869999885559082,14.869999885559082,14.869999885559082,0
2009-11-19,14.789999961853027,14.970000267028809,14.789999961853027,14.970000267028809,14.970000267028809,1100
2009-11-20,14.970000267028809,14.970000267028809,14.970000267028809,14.970000267028809,14.970000267028809,0
2009-11-23,12.510000228881836,14.9399995803833,12.5,14.9399995803833,14.9399995803833,500
2009-11-24,14.9399995803833,14.9399995803833,14.9399995803833,14.9399995803833,14.9399995803833,0
2009-11-25,14.9399995803833,14.9399995803833,14.9399995803833,14.9399995803833,14.9399995803833,0
2009-11-27,14.9399995803833,14.9399995803833,14.9399995803833,14.9399995803833,14.9399995803833,0
2009-11-30,14.9399995803833,14.9399995803833,14.9399995803833,14.9399995803833,14.9399995803833,0
2009-12-01,14.9399995803833,14.9399995803833,14.9399995803833,14.9399995803833,14.9399995803833,0
2009-12-02,14.9399995803833,14.9399995803833,14.9399995803833,14.9399995803833,14.9399995803833,0
2009-12-03,12.6899995803833,12.6899995803833,12.6899995803833,12.6899995803833,12.6899995803833,100
2009-12-04,12.6899995803833,12.6899995803833,12.6899995803833,12.6899995803833,12.6899995803833,0
2009-12-07,13.850000381469727,21.280000686645508,12.890000343322754,21.280000686645508,21.280000686645508,5400
2009-12-08,17.0,17.200000762939453,15.75,16.450000762939453,16.450000762939453,3100
2009-12-09,17.450000762939453,17.479999542236328,16.899999618530273,16.899999618530273,16.899999618530273,400
2009-12-10,16.899999618530273,16.899999618530273,16.899999618530273,16.899999618530273,16.899999618530273,0
2009-12-11,15.079999923706055,15.170000076293945,15.010000228881836,15.010000228881836,15.010000228881836,2000
2009-12-14,15.020000457763672,16.5,15.0,15.0,15.0,2200
2009-12-15,15.0,15.0,15.0,15.0,15.0,0
2009-12-16,15.0,15.0,15.0,15.0,15.0,1500
2009-12-17,15.0,15.0,15.0,15.0,15.0,0
2009-12-18,15.0,15.0,15.0,15.0,15.0,0
2009-12-21,15.0,15.0,15.0,15.0,15.0,0
2009-12-22,15.0,15.0,15.0,15.0,15.0,0
2009-12-23,14.609999656677246,14.609999656677246,14.5,14.5,14.5,700
2009-12-24,14.5,14.5,14.5,14.5,14.5,0
2009-12-28,14.050000190734863,14.050000190734863,13.75,13.75,13.75,400
2009-12-29,13.75,13.75,13.75,13.75,13.75,0
2009-12-30,13.75,13.75,13.75,13.75,13.75,0
2009-12-31,13.579999923706055,13.600000381469727,13.5,13.5,13.5,900
2010-01-04,13.5,13.5,13.5,13.5,13.5,0
2010-01-05,14.979999542236328,14.979999542236328,14.0,14.800000190734863,14.800000190734863,1500
2010-01-06,15.399999618530273,15.5,15.390000343322754,15.5,15.5,800
2010-01-07,15.420000076293945,15.84000015258789,15.420000076293945,15.75,15.75,3000
2010-01-08,15.75,15.75,15.75,15.75,15.75,500
2010-01-11,15.5,15.949999809265137,15.5,15.949999809265137,15.949999809265137,500
2010-01-12,15.949999809265137,15.949999809265137,15.949999809265137,15.949999809265137,15.949999809265137,0
2010-01-13,15.949999809265137,15.949999809265137,15.949999809265137,15.949999809265137,15.949999809265137,0
2010-01-14,15.619999885559082,15.619999885559082,15.609999656677246,15.609999656677246,15.609999656677246,500
2010-01-15,15.510000228881836,15.510000228881836,15.510000228881836,15.510000228881836,15.510000228881836,100
2010-01-19,15.850000381469727,15.850000381469727,15.800000190734863,15.800000190734863,15.800000190734863,1200
2010-01-20,16.25,16.25,16.010000228881836,16.110000610351562,16.110000610351562,3800
2010-01-21,16.299999237060547,16.299999237060547,15.520000457763672,15.520000457763672,15.520000457763672,1400
2010-01-22,16.3799991607666,16.3799991607666,16.200000762939453,16.200000762939453,16.200000762939453,1000
2010-01-25,16.389999389648438,16.389999389648438,16.200000762939453,16.200000762939453,16.200000762939453,300
2010-01-26,16.200000762939453,16.200000762939453,16.200000762939453,16.200000762939453,16.200000762939453,0
2010-01-27,16.389999389648438,16.389999389648438,16.389999389648438,16.389999389648438,16.389999389648438,1000
2010-01-28,16.389999389648438,16.389999389648438,16.389999389648438,16.389999389648438,16.389999389648438,0
2010-01-29,16.389999389648438,16.389999389648438,16.389999389648438,16.389999389648438,16.389999389648438,0
2010-02-01,16.299999237060547,16.399999618530273,16.299999237060547,16.399999618530273,16.399999618530273,900
2010-02-02,16.5,17.0,16.5,17.0,17.0,1600
2010-02-03,16.969999313354492,17.0,16.969999313354492,17.0,17.0,700
2010-02-04,16.399999618530273,16.399999618530273,16.209999084472656,16.209999084472656,16.209999084472656,400
2010-02-05,16.260000228881836,16.90999984741211,16.25,16.90999984741211,16.90999984741211,800
2010-02-08,17.780000686645508,17.780000686645508,17.780000686645508,17.780000686645508,17.780000686645508,5500
2010-02-09,17.780000686645508,17.780000686645508,17.780000686645508,17.780000686645508,17.780000686645508,0
2010-02-10,17.780000686645508,17.780000686645508,17.780000686645508,17.780000686645508,17.780000686645508,0
2010-02-11,17.780000686645508,17.780000686645508,17.780000686645508,17.780000686645508,17.780000686645508,0
2010-02-12,17.350000381469727,17.75,16.5,16.5,16.5,3600
2010-02-16,13.569999694824219,14.920000076293945,13.119999885559082,14.739999771118164,14.739999771118164,10100
2010-02-17,15.319999694824219,15.319999694824219,14.819999694824219,14.819999694824219,14.819999694824219,900
2010-02-18,14.819999694824219,14.819999694824219,14.819999694824219,14.819999694824219,14.819999694824219,0
2010-02-19,14.09000015258789,16.280000686645508,13.6899995803833,15.699999809265137,15.699999809265137,7800
2010-02-22,15.619999885559082,16.219999313354492,14.739999771118164,14.779999732971191,14.779999732971191,4700
2010-02-23,14.779999732971191,14.800000190734863,14.779999732971191,14.779999732971191,14.779999732971191,600
2010-02-24,14.899999618530273,14.899999618530273,14.09000015258789,14.630000114440918,14.630000114440918,800
2010-02-25,14.050000190734863,14.25,14.050000190734863,14.25,14.25,400
2010-02-26,14.170000076293945,14.930000305175781,14.170000076293945,14.359999656677246,14.359999656677246,2300
2010-03-01,14.149999618530273,14.399999618530273,14.029999732971191,14.140000343322754,14.140000343322754,1300
2010-03-02,14.989999771118164,14.989999771118164,14.989999771118164,14.989999771118164,14.989999771118164,200
2010-03-03,14.90999984741211,14.90999984741211,14.380000114440918,14.380000114440918,14.380000114440918,1200
2010-03-04,14.380000114440918,14.380000114440918,14.380000114440918,14.380000114440918,14.380000114440918,0
2010-03-05,13.199999809265137,13.350000381469727,13.170000076293945,13.350000381469727,13.350000381469727,500
2010-03-08,14.789999961853027,15.199999809265137,14.550000190734863,15.010000228881836,15.010000228881836,5000
2010-03-09,15.199999809265137,15.199999809265137,15.140000343322754,15.140000343322754,15.140000343322754,200
2010-03-10,15.140000343322754,15.140000343322754,15.140000343322754,15.140000343322754,15.140000343322754,0
2010-03-11,15.210000038146973,15.210000038146973,15.210000038146973,15.210000038146973,15.210000038146973,200
2010-03-12,15.399999618530273,16.0,15.399999618530273,15.90999984741211,15.90999984741211,4400
2010-03-15,14.619999885559082,15.75,14.619999885559082,15.600000381469727,15.600000381469727,3500
2010-03-16,15.5600004196167,15.640000343322754,14.510000228881836,15.640000343322754,15.640000343322754,1300
2010-03-17,15.640000343322754,15.640000343322754,15.640000343322754,15.640000343322754,15.640000343322754,0
2010-03-18,15.050000190734863,15.699999809265137,15.029999732971191,15.699999809265137,15.699999809265137,600
2010-03-19,15.699999809265137,15.699999809265137,15.699999809265137,15.699999809265137,15.699999809265137,0
2010-03-22,16.0,16.0,16.0,16.0,16.0,100
2010-03-23,16.0,16.0,16.0,16.0,16.0,0
2010-03-24,15.050000190734863,15.050000190734863,15.050000190734863,15.050000190734863,15.050000190734863,200
2010-03-25,15.050000190734863,15.050000190734863,15.050000190734863,15.050000190734863,15.050000190734863,0
2010-03-26,15.050000190734863,15.050000190734863,15.050000190734863,15.050000190734863,15.050000190734863,0
2010-03-29,15.869999885559082,17.170000076293945,15.869999885559082,16.8700008392334,16.8700008392334,5400
2010-03-30,16.8700008392334,17.90999984741211,16.8700008392334,17.90999984741211,17.90999984741211,3700
2010-03-31,17.899999618530273,17.899999618530273,16.81999969482422,16.81999969482422,16.81999969482422,2800
2010-04-01,16.770000457763672,17.299999237060547,16.719999313354492,16.719999313354492,16.719999313354492,900
2010-04-05,16.540000915527344,16.540000915527344,15.850000381469727,15.850000381469727,15.850000381469727,1100
2010-04-06,15.5,17.479999542236328,15.489999771118164,17.479999542236328,17.479999542236328,3400
2010-04-07,15.260000228881836,17.299999237060547,15.0,16.770000457763672,16.770000457763672,9500
2010-04-08,17.600000381469727,17.600000381469727,17.290000915527344,17.290000915527344,17.290000915527344,300
2010-04-09,17.299999237060547,17.299999237060547,17.299999237060547,17.299999237060547,17.299999237060547,500
2010-04-12,17.049999237060547,17.049999237060547,16.700000762939453,16.700000762939453,16.700000762939453,500
2010-04-13,16.700000762939453,16.700000762939453,16.700000762939453,16.700000762939453,16.700000762939453,0
2010-04-14,16.700000762939453,16.700000762939453,16.700000762939453,16.700000762939453,16.700000762939453,0
2010-04-15,16.700000762939453,16.700000762939453,16.700000762939453,16.700000762939453,16.700000762939453,0
2010-04-16,17.200000762939453,17.75,17.200000762939453,17.75,17.75,300
2010-04-19,15.75,16.010000228881836,15.75,16.010000228881836,16.010000228881836,1300
2010-04-20,15.819999694824219,17.350000381469727,15.819999694824219,17.350000381469727,17.350000381469727,2200
2010-04-21,17.329999923706055,17.329999923706055,17.049999237060547,17.15999984741211,17.15999984741211,2100
2010-04-22,17.15999984741211,17.15999984741211,17.15999984741211,17.15999984741211,17.15999984741211,0
2010-04-23,16.1200008392334,16.34000015258789,16.1200008392334,16.34000015258789,16.34000015258789,300
2010-04-26,17.489999771118164,22.209999084472656,17.450000762939453,21.799999237060547,21.799999237060547,26700
2010-04-27,20.360000610351562,21.0,20.309999465942383,20.959999084472656,20.959999084472656,3600
2010-04-28,21.670000076293945,21.670000076293945,20.31999969482422,20.469999313354492,20.469999313354492,3800
2010-04-29,21.600000381469727,21.600000381469727,20.31999969482422,20.31999969482422,20.31999969482422,2300
2010-04-30,21.299999237060547,23.549999237060547,21.030000686645508,22.610000610351562,22.610000610351562,5800
2010-05-03,21.920000076293945,21.920000076293945,15.5,15.869999885559082,15.869999885559082,25600
2010-05-04,16.200000762939453,16.399999618530273,15.710000038146973,15.710000038146973,15.710000038146973,2700
2010-05-05,15.989999771118164,16.18000030517578,14.550000190734863,14.890000343322754,14.890000343322754,10500
2010-05-06,14.920000076293945,15.989999771118164,14.920000076293945,15.100000381469727,15.100000381469727,1400
2010-05-07,15.100000381469727,15.100000381469727,14.720000267028809,14.75,14.75,600
2010-05-10,15.90999984741211,17.399999618530273,15.90999984741211,16.979999542236328,16.979999542236328,4000
2010-05-11,16.479999542236328,17.09000015258789,15.539999961853027,16.940000534057617,16.940000534057617,1200
2010-05-12,17.0,17.149999618530273,16.739999771118164,17.149999618530273,17.149999618530273,1100
2010-05-13,16.75,16.75,16.049999237060547,16.049999237060547,16.049999237060547,1000
2010-05-14,16.049999237060547,16.100000381469727,15.960000038146973,16.100000381469727,16.100000381469727,1000
2010-05-17,15.899999618530273,16.100000381469727,15.40999984741211,15.449999809265137,15.449999809265137,3300
2010-05-18,15.270000457763672,15.369999885559082,15.270000457763672,15.369999885559082,15.369999885559082,300
2010-05-19,15.0600004196167,15.100000381469727,14.270000457763672,14.579999923706055,14.579999923706055,1500
2010-05-20,14.84000015258789,15.579999923706055,14.020000457763672,14.960000038146973,14.960000038146973,1400
2010-05-21,14.300000190734863,14.899999618530273,14.300000190734863,14.899999618530273,14.899999618530273,200
2010-05-24,15.170000076293945,15.979999542236328,15.010000228881836,15.25,15.25,6700
2010-05-25,15.930000305175781,15.930000305175781,15.930000305175781,15.930000305175781,15.930000305175781,100
2010-05-26,15.930000305175781,15.930000305175781,15.930000305175781,15.930000305175781,15.930000305175781,0
2010-05-27,15.59000015258789,16.280000686645508,15.59000015258789,16.1299991607666,16.1299991607666,2000
2010-05-28,16.15999984741211,16.479999542236328,15.479999542236328,16.0,16.0,1900
2010-06-01,16.149999618530273,16.489999771118164,16.0,16.479999542236328,16.479999542236328,1800
2010-06-02,16.479999542236328,16.479999542236328,16.479999542236328,16.479999542236328,16.479999542236328,0
2010-06-03,15.359999656677246,15.5,15.279999732971191,15.279999732971191,15.279999732971191,600
2010-06-04,15.25,15.600000381469727,15.140000343322754,15.600000381469727,15.600000381469727,1500
2010-06-07,15.600000381469727,15.600000381469727,15.600000381469727,15.600000381469727,15.600000381469727,0
2010-06-08,15.600000381469727,15.600000381469727,15.600000381469727,15.600000381469727,15.600000381469727,0
2010-06-09,15.600000381469727,15.600000381469727,15.600000381469727,15.600000381469727,15.600000381469727,0
2010-06-10,15.600000381469727,15.600000381469727,15.600000381469727,15.600000381469727,15.600000381469727,0
2010-06-11,15.600000381469727,15.600000381469727,15.600000381469727,15.600000381469727,15.600000381469727,0
2010-06-14,15.600000381469727,15.600000381469727,15.600000381469727,15.600000381469727,15.600000381469727,0
2010-06-15,15.600000381469727,15.600000381469727,15.600000381469727,15.600000381469727,15.600000381469727,0
2010-06-16,14.300000190734863,14.539999961853027,14.289999961853027,14.539999961853027,14.539999961853027,1400
2010-06-17,14.539999961853027,14.539999961853027,14.539999961853027,14.539999961853027,14.539999961853027,0
2010-06-18,14.539999961853027,14.539999961853027,14.539999961853027,14.539999961853027,14.539999961853027,0
2010-06-21,15.539999961853027,16.989999771118164,15.180000305175781,16.700000762939453,16.700000762939453,4000
2010-06-22,16.899999618530273,16.899999618530273,16.899999618530273,16.899999618530273,16.899999618530273,200
2010-06-23,16.899999618530273,17.149999618530273,16.760000228881836,17.149999618530273,17.149999618530273,800
2010-06-24,17.799999237060547,17.799999237060547,17.799999237060547,17.799999237060547,17.799999237060547,1000
2010-06-25,17.6299991607666,17.6299991607666,16.56999969482422,16.56999969482422,16.56999969482422,600
2010-06-28,16.56999969482422,16.56999969482422,16.56999969482422,16.56999969482422,16.56999969482422,0
2010-06-29,16.56999969482422,16.56999969482422,16.56999969482422,16.56999969482422,16.56999969482422,0
2010-06-30,16.950000762939453,16.950000762939453,16.950000762939453,16.950000762939453,16.950000762939453,100
2010-07-01,16.950000762939453,16.950000762939453,16.950000762939453,16.950000762939453,16.950000762939453,0
2010-07-02,15.319999694824219,15.369999885559082,14.319999694824219,14.369999885559082,14.369999885559082,1700
2010-07-06,13.010000228881836,14.369999885559082,13.010000228881836,14.300000190734863,14.300000190734863,2700
2010-07-07,13.359999656677246,13.359999656677246,13.0,13.0,13.0,300
2010-07-08,13.0,13.0,13.0,13.0,13.0,0
2010-07-09,13.25,13.25,13.25,13.25,13.25,100
2010-07-12,14.369999885559082,17.25,13.949999809265137,16.81999969482422,16.81999969482422,2000
2010-07-13,16.670000076293945,16.979999542236328,16.600000381469727,16.979999542236328,16.979999542236328,4600
2010-07-14,16.260000228881836,16.260000228881836,15.970000267028809,16.0,16.0,1700
2010-07-15,16.0,16.0,16.0,16.0,16.0,0
2010-07-16,16.850000381469727,17.06999969482422,16.850000381469727,17.0,17.0,500
2010-07-19,16.100000381469727,16.100000381469727,16.0,16.0,16.0,400
2010-07-20,16.75,16.75,16.75,16.75,16.75,100
2010-07-21,16.75,16.75,16.75,16.75,16.75,0
2010-07-22,16.75,16.75,16.75,16.75,16.75,0
2010-07-23,15.010000228881836,15.510000228881836,15.010000228881836,15.010000228881836,15.010000228881836,3700
2010-07-26,14.65999984741211,14.65999984741211,14.279999732971191,14.279999732971191,14.279999732971191,1000
2010-07-27,14.449999809265137,15.479999542236328,14.0,15.479999542236328,15.479999542236328,5600
2010-07-28,15.479999542236328,15.479999542236328,14.359999656677246,14.359999656677246,14.359999656677246,3100
2010-07-29,14.319999694824219,14.369999885559082,14.25,14.359999656677246,14.359999656677246,400
2010-07-30,15.350000381469727,15.350000381469727,15.350000381469727,15.350000381469727,15.350000381469727,100
2010-08-02,14.300000190734863,14.300000190734863,14.300000190734863,14.300000190734863,14.300000190734863,200
2010-08-03,14.300000190734863,14.300000190734863,14.279999732971191,14.279999732971191,14.279999732971191,300
2010-08-04,13.899999618530273,14.449999809265137,13.899999618530273,14.0,14.0,2000
2010-08-05,14.25,14.25,14.149999618530273,14.149999618530273,14.149999618530273,600
2010-08-06,14.5,14.5,14.0,14.0,14.0,600
2010-08-09,16.889999389648438,16.889999389648438,14.880000114440918,16.010000228881836,16.010000228881836,3000
2010-08-10,16.010000228881836,16.010000228881836,16.010000228881836,16.010000228881836,16.010000228881836,0
2010-08-11,16.010000228881836,16.010000228881836,16.010000228881836,16.010000228881836,16.010000228881836,0
2010-08-12,14.760000228881836,15.609999656677246,14.760000228881836,15.609999656677246,15.609999656677246,300
2010-08-13,15.75,15.75,15.75,15.75,15.75,300
2010-08-16,15.050000190734863,15.050000190734863,14.920000076293945,14.949999809265137,14.949999809265137,300
2010-08-17,14.630000114440918,14.640000343322754,14.630000114440918,14.630000114440918,14.630000114440918,600
2010-08-18,14.630000114440918,14.630000114440918,14.630000114440918,14.630000114440918,14.630000114440918,700
2010-08-19,14.630000114440918,14.630000114440918,14.630000114440918,14.630000114440918,14.630000114440918,0
2010-08-20,14.630000114440918,14.630000114440918,14.630000114440918,14.630000114440918,14.630000114440918,0
2010-08-23,14.640000343322754,14.640000343322754,14.640000343322754,14.640000343322754,14.640000343322754,200
2010-08-24,14.010000228881836,14.050000190734863,13.789999961853027,13.789999961853027,13.789999961853027,800
2010-08-25,13.789999961853027,13.789999961853027,13.789999961853027,13.789999961853027,13.789999961853027,0
2010-08-26,13.789999961853027,13.789999961853027,13.789999961853027,13.789999961853027,13.789999961853027,0
2010-08-27,13.949999809265137,14.0,13.75,13.829999923706055,13.829999923706055,1600
2010-08-30,15.390000343322754,15.390000343322754,14.039999961853027,14.119999885559082,14.119999885559082,1900
2010-08-31,14.449999809265137,14.75,14.449999809265137,14.75,14.75,800
2010-09-01,14.960000038146973,14.960000038146973,14.899999618530273,14.899999618530273,14.899999618530273,500
2010-09-02,14.949999809265137,15.34000015258789,14.079999923706055,15.34000015258789,15.34000015258789,1100
2010-09-03,15.300000190734863,15.449999809265137,15.300000190734863,15.449999809265137,15.449999809265137,300
2010-09-07,14.609999656677246,14.609999656677246,14.100000381469727,14.1899995803833,14.1899995803833,3500
2010-09-08,14.210000038146973,14.640000343322754,14.149999618530273,14.149999618530273,14.149999618530273,400
2010-09-09,14.210000038146973,14.420000076293945,14.210000038146973,14.420000076293945,14.420000076293945,300
2010-09-10,14.420000076293945,14.420000076293945,14.420000076293945,14.420000076293945,14.420000076293945,0
2010-09-13,15.4399995803833,15.579999923706055,14.6899995803833,15.0,15.0,2200
2010-09-14,15.430000305175781,15.699999809265137,15.430000305175781,15.699999809265137,15.699999809265137,400
2010-09-15,15.75,15.75,15.359999656677246,15.489999771118164,15.489999771118164,600
2010-09-16,15.489999771118164,15.489999771118164,15.489999771118164,15.489999771118164,15.489999771118164,0
2010-09-17,14.59000015258789,15.279999732971191,14.489999771118164,15.279999732971191,15.279999732971191,600
2010-09-20,14.529999732971191,14.5600004196167,14.420000076293945,14.420000076293945,14.420000076293945,2300
2010-09-21,14.510000228881836,14.510000228881836,14.420000076293945,14.420000076293945,14.420000076293945,400
2010-09-22,14.420000076293945,14.420000076293945,14.420000076293945,14.420000076293945,14.420000076293945,0
2010-09-23,14.420000076293945,14.420000076293945,14.420000076293945,14.420000076293945,14.420000076293945,0
2010-09-24,14.420000076293945,14.420000076293945,14.420000076293945,14.420000076293945,14.420000076293945,200
2010-09-27,15.479999542236328,15.479999542236328,14.399999618530273,14.399999618530273,14.399999618530273,2000
2010-09-28,15.399999618530273,15.449999809265137,14.470000267028809,15.430000305175781,15.430000305175781,1400
2010-09-29,15.430000305175781,15.430000305175781,15.430000305175781,15.430000305175781,15.430000305175781,0
2010-09-30,14.75,15.5,14.75,15.5,15.5,400
2010-10-01,15.5,15.5,15.5,15.5,15.5,0
2010-10-04,14.550000190734863,14.890000343322754,14.550000190734863,14.890000343322754,14.890000343322754,200
2010-10-05,14.890000343322754,14.890000343322754,14.890000343322754,14.890000343322754,14.890000343322754,0
2010-10-06,14.890000343322754,14.890000343322754,14.890000343322754,14.890000343322754,14.890000343322754,0
2010-10-07,14.569999694824219,14.569999694824219,14.420000076293945,14.420000076293945,14.420000076293945,3100
2010-10-08,15.380000114440918,15.470000267028809,14.020000457763672,14.020000457763672,14.020000457763672,900
2010-10-11,13.760000228881836,14.020000457763672,13.75,13.75,13.75,5100
2010-10-12,13.75,13.75,13.75,13.75,13.75,0
2010-10-13,13.75,13.75,13.75,13.75,13.75,0
2010-10-14,13.829999923706055,13.829999923706055,13.760000228881836,13.760000228881836,13.760000228881836,1700
2010-10-15,14.0,14.069999694824219,13.75,13.75,13.75,1400
2010-10-18,13.75,13.75,13.180000305175781,13.180000305175781,13.180000305175781,700
2010-10-19,13.180000305175781,13.180000305175781,13.180000305175781,13.180000305175781,13.180000305175781,0
2010-10-20,13.180000305175781,13.180000305175781,13.180000305175781,13.180000305175781,13.180000305175781,0
2010-10-21,13.180000305175781,13.180000305175781,13.180000305175781,13.180000305175781,13.180000305175781,0
2010-10-22,13.25,13.25,13.109999656677246,13.109999656677246,13.109999656677246,800
2010-10-25,12.609999656677246,13.899999618530273,12.600000381469727,12.640000343322754,12.640000343322754,2600
2010-10-26,12.65999984741211,12.680000305175781,12.600000381469727,12.600000381469727,12.600000381469727,900
2010-10-27,12.600000381469727,12.600000381469727,12.600000381469727,12.600000381469727,12.600000381469727,0
2010-10-28,12.600000381469727,12.600000381469727,12.600000381469727,12.600000381469727,12.600000381469727,0
2010-10-29,12.600000381469727,12.600000381469727,12.600000381469727,12.600000381469727,12.600000381469727,0
2010-11-01,12.600000381469727,12.600000381469727,12.600000381469727,12.600000381469727,12.600000381469727,0
2010-11-02,12.979999542236328,12.989999771118164,12.649999618530273,12.649999618530273,12.649999618530273,900
2010-11-03,12.649999618530273,12.649999618530273,12.649999618530273,12.649999618530273,12.649999618530273,0
2010-11-04,12.699999809265137,13.0,12.699999809265137,13.0,13.0,500
2010-11-05,13.0,13.0,13.0,13.0,13.0,0
2010-11-08,13.050000190734863,13.050000190734863,13.050000190734863,13.050000190734863,13.050000190734863,300
2010-11-09,13.050000190734863,13.050000190734863,13.050000190734863,13.050000190734863,13.050000190734863,0
2010-11-10,13.050000190734863,13.050000190734863,13.050000190734863,13.050000190734863,13.050000190734863,0
2010-11-11,13.050000190734863,13.050000190734863,13.050000190734863,13.050000190734863,13.050000190734863,0
2010-11-12,13.050000190734863,13.050000190734863,13.050000190734863,13.050000190734863,13.050000190734863,300
2010-11-15,12.600000381469727,13.050000190734863,12.600000381469727,13.050000190734863,13.050000190734863,400
2010-11-16,13.050000190734863,13.050000190734863,13.050000190734863,13.050000190734863,13.050000190734863,0
2010-11-17,13.050000190734863,13.050000190734863,13.050000190734863,13.050000190734863,13.050000190734863,0
2010-11-18,13.050000190734863,13.050000190734863,13.050000190734863,13.050000190734863,13.050000190734863,0
2010-11-19,12.619999885559082,12.619999885559082,12.600000381469727,12.600000381469727,12.600000381469727,500
2010-11-22,12.600000381469727,12.600000381469727,12.600000381469727,12.600000381469727,12.600000381469727,900
2010-11-23,11.729999542236328,13.430000305175781,11.729999542236328,13.430000305175781,13.430000305175781,1600
2010-11-24,13.5,14.430000305175781,13.5,14.25,14.25,1000
2010-11-26,14.5,15.479999542236328,14.5,15.470000267028809,15.470000267028809,3900
2010-11-29,15.25,15.510000228881836,15.25,15.510000228881836,15.510000228881836,1700
2010-11-30,14.960000038146973,14.960000038146973,14.25,14.25,14.25,700
2010-12-01,15.350000381469727,16.0,15.350000381469727,15.710000038146973,15.710000038146973,2300
2010-12-02,15.710000038146973,15.710000038146973,15.710000038146973,15.710000038146973,15.710000038146973,0
2010-12-03,15.710000038146973,15.710000038146973,15.710000038146973,15.710000038146973,15.710000038146973,0
2010-12-06,15.710000038146973,15.710000038146973,15.710000038146973,15.710000038146973,15.710000038146973,0
2010-12-07,15.800000190734863,16.010000228881836,15.800000190734863,16.0,16.0,1500
2010-12-08,16.0,16.0,16.0,16.0,16.0,0
2010-12-09,16.030000686645508,16.100000381469727,16.0,16.0,16.0,1100
2010-12-10,16.0,16.0,16.0,16.0,16.0,0
2010-12-13,16.0,16.0,16.0,16.0,16.0,300
2010-12-14,16.0,16.0,16.0,16.0,16.0,0
2010-12-15,16.93000030517578,17.0,15.300000190734863,15.300000190734863,15.300000190734863,3700
2010-12-16,16.5,16.5,16.5,16.5,16.5,100
2010-12-17,16.5,16.5,16.5,16.5,16.5,0
2010-12-20,16.5,16.559999465942383,16.5,16.559999465942383,16.559999465942383,400
2010-12-21,16.559999465942383,16.559999465942383,16.559999465942383,16.559999465942383,16.559999465942383,0
2010-12-22,16.40999984741211,16.540000915527344,16.40999984741211,16.540000915527344,16.540000915527344,2100
2010-12-23,16.540000915527344,16.540000915527344,16.540000915527344,16.540000915527344,16.540000915527344,0
2010-12-27,16.510000228881836,16.510000228881836,16.5,16.5,16.5,300
2010-12-28,16.5,16.5,16.5,16.5,16.5,0
2010-12-29,16.5,16.5,16.5,16.5,16.5,3200
2010-12-30,16.5,16.5,16.5,16.5,16.5,300
2010-12-31,16.5,16.5,16.5,16.5,16.5,0
2011-01-03,16.5,16.5,16.5,16.5,16.5,200
2011-01-04,17.219999313354492,17.5,17.219999313354492,17.5,17.5,1400
2011-01-05,17.25,17.25,17.25,17.25,17.25,500
2011-01-06,17.25,17.25,17.25,17.25,17.25,0
2011-01-07,17.25,17.25,17.25,17.25,17.25,300
2011-01-10,17.329999923706055,17.329999923706055,17.260000228881836,17.280000686645508,17.280000686645508,700
2011-01-11,17.309999465942383,17.309999465942383,17.25,17.25,17.25,1400
2011-01-12,17.25,17.25,17.25,17.25,17.25,0
2011-01-13,17.25,17.25,17.25,17.25,17.25,0
2011-01-14,17.25,17.25,17.25,17.25,17.25,0
2011-01-18,17.25,17.25,17.25,17.25,17.25,0
2011-01-19,17.25,17.25,17.25,17.25,17.25,0
2011-01-20,17.350000381469727,19.90999984741211,17.350000381469727,19.90999984741211,19.90999984741211,1800
2011-01-21,19.850000381469727,19.850000381469727,18.5,19.440000534057617,19.440000534057617,2100
2011-01-24,19.40999984741211,19.40999984741211,19.399999618530273,19.399999618530273,19.399999618530273,1200
2011-01-25,19.399999618530273,19.399999618530273,19.399999618530273,19.399999618530273,19.399999618530273,0
2011-01-26,19.399999618530273,19.399999618530273,19.399999618530273,19.399999618530273,19.399999618530273,0
2011-01-27,19.399999618530273,19.399999618530273,19.399999618530273,19.399999618530273,19.399999618530273,0
2011-01-28,19.399999618530273,19.399999618530273,19.399999618530273,19.399999618530273,19.399999618530273,0
2011-01-31,18.260000228881836,18.260000228881836,18.260000228881836,18.260000228881836,18.260000228881836,100
2011-02-01,18.25,18.25,18.25,18.25,18.25,500
2011-02-02,18.25,18.25,18.25,18.25,18.25,0
2011-02-03,18.260000228881836,18.260000228881836,18.25,18.25,18.25,200
2011-02-04,18.25,18.25,17.25,17.25,17.25,2000
2011-02-07,17.25,17.25,17.25,17.25,17.25,0
2011-02-08,17.25,17.25,17.25,17.25,17.25,0
2011-02-09,17.25,17.25,17.25,17.25,17.25,0
2011-02-10,19.040000915527344,19.5,17.75,19.5,19.5,2900
2011-02-11,19.0,19.959999084472656,18.469999313354492,18.5,18.5,3000
2011-02-14,18.170000076293945,18.700000762939453,18.09000015258789,18.700000762939453,18.700000762939453,1000
2011-02-15,18.360000610351562,18.360000610351562,18.139999389648438,18.25,18.25,6200
2011-02-16,18.260000228881836,18.260000228881836,18.149999618530273,18.15999984741211,18.15999984741211,1200
2011-02-17,18.200000762939453,18.200000762939453,18.100000381469727,18.100000381469727,18.100000381469727,300
2011-02-18,18.010000228881836,18.010000228881836,17.760000228881836,17.760000228881836,17.760000228881836,1000
2011-02-22,20.0,20.0,20.0,20.0,20.0,200
2011-02-23,19.950000762939453,19.950000762939453,18.3700008392334,18.600000381469727,18.600000381469727,1000
2011-02-24,19.59000015258789,19.90999984741211,19.149999618530273,19.299999237060547,19.299999237060547,1000
2011-02-25,19.389999389648438,19.389999389648438,19.389999389648438,19.389999389648438,19.389999389648438,100
2011-02-28,19.389999389648438,19.389999389648438,19.389999389648438,19.389999389648438,19.389999389648438,0
2011-03-01,19.389999389648438,19.389999389648438,19.389999389648438,19.389999389648438,19.389999389648438,0
2011-03-02,19.389999389648438,19.389999389648438,19.389999389648438,19.389999389648438,19.389999389648438,0
2011-03-03,19.389999389648438,19.389999389648438,19.389999389648438,19.389999389648438,19.389999389648438,0
2011-03-04,19.389999389648438,19.389999389648438,19.389999389648438,19.389999389648438,19.389999389648438,0
2011-03-07,19.389999389648438,19.389999389648438,19.389999389648438,19.389999389648438,19.389999389648438,0
2011-03-08,19.389999389648438,19.389999389648438,19.389999389648438,19.389999389648438,19.389999389648438,0
2011-03-09,19.389999389648438,19.389999389648438,19.389999389648438,19.389999389648438,19.389999389648438,0
2011-03-10,19.389999389648438,19.389999389648438,19.389999389648438,19.389999389648438,19.389999389648438,0
2011-03-11,19.389999389648438,19.389999389648438,19.389999389648438,19.389999389648438,19.389999389648438,0
2011-03-14,19.389999389648438,19.389999389648438,19.389999389648438,19.389999389648438,19.389999389648438,0
2011-03-15,19.389999389648438,19.389999389648438,19.389999389648438,19.389999389648438,19.389999389648438,0
2011-03-16,19.389999389648438,19.389999389648438,19.389999389648438,19.389999389648438,19.389999389648438,0
2011-03-17,19.389999389648438,19.389999389648438,19.389999389648438,19.389999389648438,19.389999389648438,0
2011-03-18,19.389999389648438,19.389999389648438,19.389999389648438,19.389999389648438,19.389999389648438,0
2011-03-21,19.389999389648438,19.389999389648438,19.389999389648438,19.389999389648438,19.389999389648438,0
2011-03-22,19.389999389648438,19.389999389648438,19.389999389648438,19.389999389648438,19.389999389648438,0
2011-03-23,19.389999389648438,19.389999389648438,19.389999389648438,19.389999389648438,19.389999389648438,0
2011-03-24,19.389999389648438,19.389999389648438,19.389999389648438,19.389999389648438,19.389999389648438,0
2011-03-25,19.389999389648438,19.389999389648438,19.389999389648438,19.389999389648438,19.389999389648438,0
2011-03-28,19.389999389648438,19.389999389648438,19.389999389648438,19.389999389648438,19.389999389648438,0
2011-03-29,19.389999389648438,19.389999389648438,19.389999389648438,19.389999389648438,19.389999389648438,0
2011-03-30,18.649999618530273,18.649999618530273,18.200000762939453,18.309999465942383,18.309999465942383,1100
2011-03-31,18.510000228881836,18.510000228881836,18.510000228881836,18.510000228881836,18.510000228881836,300
2011-04-01,17.43000030517578,17.43000030517578,17.43000030517578,17.43000030517578,17.43000030517578,100
2011-04-04,17.450000762939453,18.18000030517578,17.450000762939453,18.18000030517578,18.18000030517578,1400
2011-04-05,18.18000030517578,18.18000030517578,18.18000030517578,18.18000030517578,18.18000030517578,0
2011-04-06,18.18000030517578,18.18000030517578,18.18000030517578,18.18000030517578,18.18000030517578,0
2011-04-07,18.18000030517578,18.18000030517578,18.18000030517578,18.18000030517578,18.18000030517578,0
2011-04-08,18.18000030517578,18.18000030517578,18.18000030517578,18.18000030517578,18.18000030517578,0
2011-04-11,18.18000030517578,18.18000030517578,18.18000030517578,18.18000030517578,18.18000030517578,0
2011-04-12,18.18000030517578,18.18000030517578,18.18000030517578,18.18000030517578,18.18000030517578,0
2011-04-13,17.43000030517578,17.43000030517578,17.43000030517578,17.43000030517578,17.43000030517578,100
2011-04-14,17.43000030517578,17.709999084472656,17.43000030517578,17.709999084472656,17.709999084472656,300
2011-04-15,17.709999084472656,17.709999084472656,17.709999084472656,17.709999084472656,17.709999084472656,0
2011-04-18,17.709999084472656,17.709999084472656,17.709999084472656,17.709999084472656,17.709999084472656,0
2011-04-19,18.940000534057617,19.3799991607666,18.940000534057617,19.3799991607666,19.3799991607666,1200
2011-04-20,19.3799991607666,19.3799991607666,19.3799991607666,19.3799991607666,19.3799991607666,0
2011-04-21,19.3799991607666,19.3799991607666,19.3799991607666,19.3799991607666,19.3799991607666,0
2011-04-25,19.3799991607666,19.3799991607666,19.3799991607666,19.3799991607666,19.3799991607666,0
2011-04-26,19.950000762939453,19.950000762939453,19.950000762939453,19.950000762939453,19.950000762939453,100
2011-04-27,19.950000762939453,19.950000762939453,19.950000762939453,19.950000762939453,19.950000762939453,0
2011-04-28,18.3799991607666,18.3799991607666,18.3799991607666,18.3799991607666,18.3799991607666,100
2011-04-29,18.3799991607666,18.3799991607666,18.3799991607666,18.3799991607666,18.3799991607666,0
2011-05-02,18.3799991607666,18.3799991607666,18.3799991607666,18.3799991607666,18.3799991607666,0
2011-05-03,18.3799991607666,18.3799991607666,18.3799991607666,18.3799991607666,18.3799991607666,0
2011-05-04,18.3799991607666,18.3799991607666,18.3799991607666,18.3799991607666,18.3799991607666,0
2011-05-05,18.3799991607666,18.3799991607666,18.3799991607666,18.3799991607666,18.3799991607666,0
2011-05-06,18.3799991607666,18.3799991607666,18.3799991607666,18.3799991607666,18.3799991607666,0
2011-05-09,18.3799991607666,18.3799991607666,18.3799991607666,18.3799991607666,18.3799991607666,0
2011-05-10,18.3799991607666,18.3799991607666,18.3799991607666,18.3799991607666,18.3799991607666,0
2011-05-11,17.540000915527344,17.540000915527344,17.540000915527344,17.540000915527344,17.540000915527344,100
2011-05-12,17.34000015258789,17.610000610351562,17.309999465942383,17.549999237060547,17.549999237060547,1600
2011-05-13,18.079999923706055,18.079999923706055,18.079999923706055,18.079999923706055,18.079999923706055,200
2011-05-16,18.079999923706055,18.079999923706055,18.079999923706055,18.079999923706055,18.079999923706055,0
2011-05-17,18.079999923706055,18.079999923706055,18.079999923706055,18.079999923706055,18.079999923706055,0
2011-05-18,18.079999923706055,18.079999923706055,18.079999923706055,18.079999923706055,18.079999923706055,0
2011-05-19,18.079999923706055,18.079999923706055,18.079999923706055,18.079999923706055,18.079999923706055,0
2011-05-20,18.079999923706055,18.079999923706055,18.079999923706055,18.079999923706055,18.079999923706055,0
2011-05-23,18.079999923706055,18.079999923706055,18.079999923706055,18.079999923706055,18.079999923706055,0
2011-05-24,18.079999923706055,18.079999923706055,18.079999923706055,18.079999923706055,18.079999923706055,0
2011-05-25,18.079999923706055,18.079999923706055,18.079999923706055,18.079999923706055,18.079999923706055,0
2011-05-26,18.079999923706055,18.079999923706055,18.079999923706055,18.079999923706055,18.079999923706055,0
2011-05-27,18.079999923706055,18.079999923706055,18.079999923706055,18.079999923706055,18.079999923706055,0
2011-05-31,18.079999923706055,18.079999923706055,18.079999923706055,18.079999923706055,18.079999923706055,0
2011-06-01,17.729999542236328,18.350000381469727,17.729999542236328,18.079999923706055,18.079999923706055,1000
2011-06-02,18.059999465942383,18.059999465942383,17.3799991607666,17.3799991607666,17.3799991607666,600
2011-06-03,17.850000381469727,17.850000381469727,17.65999984741211,17.65999984741211,17.65999984741211,300
2011-06-06,17.65999984741211,17.65999984741211,17.65999984741211,17.65999984741211,17.65999984741211,0
2011-06-07,19.479999542236328,19.479999542236328,19.479999542236328,19.479999542236328,19.479999542236328,100
2011-06-08,19.479999542236328,19.479999542236328,19.479999542236328,19.479999542236328,19.479999542236328,0
2011-06-09,19.479999542236328,19.479999542236328,19.479999542236328,19.479999542236328,19.479999542236328,0
2011-06-10,19.34000015258789,20.049999237060547,19.34000015258789,20.0,20.0,3200
2011-06-13,18.56999969482422,18.56999969482422,18.389999389648438,18.389999389648438,18.389999389648438,300
2011-06-14,18.389999389648438,18.389999389648438,18.389999389648438,18.389999389648438,18.389999389648438,0
2011-06-15,18.389999389648438,18.389999389648438,18.389999389648438,18.389999389648438,18.389999389648438,0
2011-06-16,18.389999389648438,18.389999389648438,18.389999389648438,18.389999389648438,18.389999389648438,0
2011-06-17,18.389999389648438,18.389999389648438,18.389999389648438,18.389999389648438,18.389999389648438,0
2011-06-20,18.389999389648438,18.389999389648438,18.389999389648438,18.389999389648438,18.389999389648438,0
2011-06-21,17.8799991607666,17.93000030517578,17.860000610351562,17.860000610351562,17.860000610351562,300
2011-06-22,17.860000610351562,17.860000610351562,17.860000610351562,17.860000610351562,17.860000610351562,0
2011-06-23,17.860000610351562,17.860000610351562,17.860000610351562,17.860000610351562,17.860000610351562,0
2011-06-24,19.979999542236328,19.979999542236328,19.979999542236328,19.979999542236328,19.979999542236328,200
2011-06-27,19.979999542236328,19.979999542236328,19.979999542236328,19.979999542236328,19.979999542236328,0
2011-06-28,19.979999542236328,19.979999542236328,19.979999542236328,19.979999542236328,19.979999542236328,0
2011-06-29,19.979999542236328,19.979999542236328,19.979999542236328,19.979999542236328,19.979999542236328,0
2011-06-30,19.979999542236328,19.979999542236328,19.979999542236328,19.979999542236328,19.979999542236328,0
2011-07-01,19.979999542236328,19.979999542236328,19.979999542236328,19.979999542236328,19.979999542236328,0
2011-07-05,19.979999542236328,19.979999542236328,19.979999542236328,19.979999542236328,19.979999542236328,0
2011-07-06,19.979999542236328,19.979999542236328,19.979999542236328,19.979999542236328,19.979999542236328,0
2011-07-07,19.979999542236328,19.979999542236328,19.979999542236328,19.979999542236328,19.979999542236328,0
2011-07-08,19.979999542236328,19.979999542236328,19.979999542236328,19.979999542236328,19.979999542236328,0
2011-07-11,19.979999542236328,19.979999542236328,19.979999542236328,19.979999542236328,19.979999542236328,0
2011-07-12,19.979999542236328,19.979999542236328,19.979999542236328,19.979999542236328,19.979999542236328,0
2011-07-13,19.979999542236328,19.979999542236328,19.979999542236328,19.979999542236328,19.979999542236328,0
2011-07-14,19.979999542236328,19.979999542236328,19.979999542236328,19.979999542236328,19.979999542236328,0
2011-07-15,19.979999542236328,19.979999542236328,19.979999542236328,19.979999542236328,19.979999542236328,0
2011-07-18,17.520000457763672,17.520000457763672,16.950000762939453,16.950000762939453,16.950000762939453,3600
2011-07-19,16.979999542236328,17.0,16.979999542236328,17.0,17.0,2400
2011-07-20,17.0,17.0,17.0,17.0,17.0,0
2011-07-21,17.489999771118164,17.489999771118164,16.969999313354492,16.969999313354492,16.969999313354492,300
2011-07-22,16.989999771118164,16.989999771118164,16.989999771118164,16.989999771118164,16.989999771118164,300
2011-07-25,16.989999771118164,16.989999771118164,16.989999771118164,16.989999771118164,16.989999771118164,0
2011-07-26,16.549999237060547,16.549999237060547,16.5,16.5,16.5,900
2011-07-27,16.5,16.5,16.5,16.5,16.5,0
2011-07-28,16.5,16.5,16.5,16.5,16.5,0
2011-07-29,16.5,16.5,16.5,16.5,16.5,0
2011-08-01,16.5,16.5,16.5,16.5,16.5,0
2011-08-02,16.5,16.5,16.5,16.5,16.5,0
2011-08-03,16.5,16.5,16.5,16.5,16.5,0
2011-08-04,16.5,16.5,16.5,16.5,16.5,0
2011-08-05,16.510000228881836,16.510000228881836,16.5,16.5,16.5,600
2011-08-08,16.5,16.5,16.5,16.5,16.5,0
2011-08-09,16.5,16.5,16.5,16.5,16.5,0
2011-08-10,16.5,16.5,16.5,16.5,16.5,0
2011-08-11,16.5,16.5,16.5,16.5,16.5,0
2011-08-12,16.5,16.5,16.5,16.5,16.5,0
2011-08-15,16.5,16.5,16.5,16.5,16.5,0
2011-08-16,16.489999771118164,17.0,16.489999771118164,17.0,17.0,1500
2011-08-17,17.0,17.0,17.0,17.0,17.0,0
2011-08-18,17.0,17.0,17.0,17.0,17.0,0
2011-08-19,17.0,17.0,17.0,17.0,17.0,0
2011-08-22,17.0,17.0,17.0,17.0,17.0,0
2011-08-23,17.0,17.0,17.0,17.0,17.0,0
2011-08-24,17.0,17.0,17.0,17.0,17.0,0
2011-08-25,17.0,17.0,17.0,17.0,17.0,0
2011-08-26,17.0,17.0,17.0,17.0,17.0,0
2011-08-29,13.949999809265137,15.25,13.949999809265137,15.25,15.25,400
2011-08-30,15.25,15.25,15.25,15.25,15.25,200
2011-08-31,13.270000457763672,14.199999809265137,13.270000457763672,14.199999809265137,14.199999809265137,400
2011-09-01,14.239999771118164,15.25,14.239999771118164,15.050000190734863,15.050000190734863,1300
2011-09-02,14.899999618530273,14.899999618530273,13.770000457763672,13.770000457763672,13.770000457763672,2200
2011-09-06,13.319999694824219,13.319999694824219,13.300000190734863,13.300000190734863,13.300000190734863,500
2011-09-07,13.300000190734863,13.300000190734863,13.300000190734863,13.300000190734863,13.300000190734863,0
2011-09-08,13.5,13.5,13.5,13.5,13.5,1200
2011-09-09,13.5,13.5,13.5,13.5,13.5,0
2011-09-12,13.5,13.5,13.5,13.5,13.5,0
2011-09-13,13.5,13.5,13.5,13.5,13.5,0
2011-09-14,13.5,13.5,13.5,13.5,13.5,0
2011-09-15,13.5,13.5,13.5,13.5,13.5,0
2011-09-16,13.5,13.5,13.5,13.5,13.5,0
2011-09-19,13.5,13.5,13.5,13.5,13.5,0
2011-09-20,13.5,13.5,13.5,13.5,13.5,0
2011-09-21,13.5,13.5,13.5,13.5,13.5,0
2011-09-22,13.5,13.5,13.5,13.5,13.5,0
2011-09-23,13.5,13.5,13.5,13.5,13.5,0
2011-09-26,13.300000190734863,13.300000190734863,13.300000190734863,13.300000190734863,13.300000190734863,200
2011-09-27,13.3100004196167,13.3100004196167,13.100000381469727,13.100000381469727,13.100000381469727,3700
2011-09-28,13.100000381469727,13.100000381469727,13.100000381469727,13.100000381469727,13.100000381469727,0
2011-09-29,13.100000381469727,13.100000381469727,13.100000381469727,13.100000381469727,13.100000381469727,0
2011-09-30,13.100000381469727,13.100000381469727,13.100000381469727,13.100000381469727,13.100000381469727,0
2011-10-03,13.100000381469727,13.100000381469727,13.100000381469727,13.100000381469727,13.100000381469727,200
2011-10-04,13.100000381469727,13.100000381469727,13.100000381469727,13.100000381469727,13.100000381469727,0
2011-10-05,13.100000381469727,13.100000381469727,13.100000381469727,13.100000381469727,13.100000381469727,0
2011-10-06,13.100000381469727,13.100000381469727,13.100000381469727,13.100000381469727,13.100000381469727,0
2011-10-07,15.989999771118164,17.0,15.989999771118164,16.959999084472656,16.959999084472656,1800
2011-10-10,16.969999313354492,17.0,16.969999313354492,17.0,17.0,1000
2011-10-11,17.0,17.0,17.0,17.0,17.0,0
2011-10-12,17.0,17.0,17.0,17.0,17.0,0
2011-10-13,14.569999694824219,17.0,14.550000190734863,16.979999542236328,16.979999542236328,3300
2011-10-14,16.81999969482422,17.0,15.010000228881836,17.0,17.0,3500
2011-10-17,17.0,17.0,17.0,17.0,17.0,0
2011-10-18,17.0,17.0,17.0,17.0,17.0,0
2011-10-19,17.0,17.0,16.969999313354492,16.969999313354492,16.969999313354492,400
2011-10-20,17.0,17.0,17.0,17.0,17.0,200
2011-10-21,17.0,17.0,17.0,17.0,17.0,200
2011-10-24,17.0,17.0,17.0,17.0,17.0,0
2011-10-25,17.0,17.0,17.0,17.0,17.0,1900
2011-10-26,17.0,17.0,17.0,17.0,17.0,0
2011-10-27,17.0,17.0,17.0,17.0,17.0,0
2011-10-28,17.0,17.0,17.0,17.0,17.0,0
2011-10-31,17.0,17.0,17.0,17.0,17.0,0
2011-11-01,17.0,17.0,17.0,17.0,17.0,0
2011-11-02,17.0,17.0,17.0,17.0,17.0,0
2011-11-03,17.0,17.0,17.0,17.0,17.0,0
2011-11-04,17.0,17.0,17.0,17.0,17.0,0
2011-11-07,17.0,17.0,17.0,17.0,17.0,0
2011-11-08,15.399999618530273,15.399999618530273,15.399999618530273,15.399999618530273,15.399999618530273,100
2011-11-09,14.770000457763672,14.770000457763672,14.770000457763672,14.770000457763672,14.770000457763672,100
2011-11-10,14.770000457763672,14.770000457763672,14.770000457763672,14.770000457763672,14.770000457763672,0
2011-11-11,14.770000457763672,14.770000457763672,14.770000457763672,14.770000457763672,14.770000457763672,0
2011-11-14,14.770000457763672,14.770000457763672,14.770000457763672,14.770000457763672,14.770000457763672,0
2011-11-15,14.770000457763672,14.770000457763672,14.770000457763672,14.770000457763672,14.770000457763672,0
2011-11-16,14.770000457763672,14.770000457763672,14.770000457763672,14.770000457763672,14.770000457763672,0
2011-11-17,14.770000457763672,14.770000457763672,14.770000457763672,14.770000457763672,14.770000457763672,0
2011-11-18,14.770000457763672,14.770000457763672,14.770000457763672,14.770000457763672,14.770000457763672,0
2011-11-21,14.770000457763672,14.770000457763672,14.770000457763672,14.770000457763672,14.770000457763672,0
2011-11-22,14.770000457763672,14.770000457763672,14.770000457763672,14.770000457763672,14.770000457763672,0
2011-11-23,14.770000457763672,14.770000457763672,14.770000457763672,14.770000457763672,14.770000457763672,0
2011-11-25,14.770000457763672,14.770000457763672,14.770000457763672,14.770000457763672,14.770000457763672,0
2011-11-28,14.770000457763672,14.770000457763672,14.770000457763672,14.770000457763672,14.770000457763672,0
2011-11-29,14.770000457763672,14.770000457763672,14.770000457763672,14.770000457763672,14.770000457763672,0
2011-11-30,14.770000457763672,14.770000457763672,14.770000457763672,14.770000457763672,14.770000457763672,0
2011-12-01,14.770000457763672,14.770000457763672,14.770000457763672,14.770000457763672,14.770000457763672,0
2011-12-02,14.770000457763672,14.770000457763672,14.770000457763672,14.770000457763672,14.770000457763672,0
2011-12-05,14.770000457763672,14.770000457763672,14.770000457763672,14.770000457763672,14.770000457763672,0
2011-12-06,14.770000457763672,14.770000457763672,14.770000457763672,14.770000457763672,14.770000457763672,0
2011-12-07,14.770000457763672,14.770000457763672,14.770000457763672,14.770000457763672,14.770000457763672,0
2011-12-08,14.770000457763672,14.770000457763672,14.770000457763672,14.770000457763672,14.770000457763672,1100
2011-12-09,14.770000457763672,14.770000457763672,14.770000457763672,14.770000457763672,14.770000457763672,0
2011-12-12,14.770000457763672,14.770000457763672,14.770000457763672,14.770000457763672,14.770000457763672,0
2011-12-13,14.770000457763672,14.770000457763672,14.770000457763672,14.770000457763672,14.770000457763672,0
2011-12-14,16.760000228881836,16.979999542236328,13.699999809265137,13.699999809265137,13.699999809265137,300
2011-12-15,14.050000190734863,14.050000190734863,13.710000038146973,13.710000038146973,13.710000038146973,1000
2011-12-16,14.1899995803833,14.699999809265137,14.1899995803833,14.699999809265137,14.699999809265137,700
2011-12-19,13.75,13.75,13.75,13.75,13.75,100
2011-12-20,15.380000114440918,15.380000114440918,13.329999923706055,13.329999923706055,13.329999923706055,800
2011-12-21,13.510000228881836,13.510000228881836,13.300000190734863,13.300000190734863,13.300000190734863,500
2011-12-22,13.359999656677246,13.359999656677246,13.300000190734863,13.300000190734863,13.300000190734863,500
2011-12-23,13.300000190734863,13.399999618530273,13.300000190734863,13.399999618530273,13.399999618530273,1700
2011-12-27,13.529999732971191,16.989999771118164,13.4399995803833,13.4399995803833,13.4399995803833,5000
2011-12-28,14.34000015258789,15.470000267028809,14.0,14.329999923706055,14.329999923706055,7500
2011-12-29,14.0,15.270000457763672,13.850000381469727,14.8100004196167,14.8100004196167,6500
2011-12-30,14.8100004196167,14.8100004196167,14.8100004196167,14.8100004196167,14.8100004196167,0
2012-01-03,14.8100004196167,14.8100004196167,14.8100004196167,14.8100004196167,14.8100004196167,0
2012-01-04,14.180000305175781,14.180000305175781,13.850000381469727,13.850000381469727,13.850000381469727,7000
2012-01-05,13.979999542236328,13.979999542236328,13.979999542236328,13.979999542236328,13.979999542236328,200
2012-01-06,13.979999542236328,13.979999542236328,13.979999542236328,13.979999542236328,13.979999542236328,0
2012-01-09,14.020000457763672,14.020000457763672,13.600000381469727,13.640000343322754,13.640000343322754,21400
2012-01-10,13.640000343322754,13.640000343322754,13.640000343322754,13.640000343322754,13.640000343322754,0
2012-01-11,13.680000305175781,13.680000305175781,13.680000305175781,13.680000305175781,13.680000305175781,100
2012-01-12,13.680000305175781,13.680000305175781,13.680000305175781,13.680000305175781,13.680000305175781,0
2012-01-13,14.350000381469727,16.0,14.350000381469727,15.329999923706055,15.329999923706055,2700
2012-01-17,15.609999656677246,16.030000686645508,15.300000190734863,15.880000114440918,15.880000114440918,2900
2012-01-18,15.489999771118164,15.489999771118164,14.5,14.729999542236328,14.729999542236328,1600
2012-01-19,14.680000305175781,16.700000762939453,14.680000305175781,16.459999084472656,16.459999084472656,2200
2012-01-20,16.09000015258789,16.09000015258789,14.890000343322754,14.899999618530273,14.899999618530273,3600
2012-01-23,14.680000305175781,15.699999809265137,14.680000305175781,15.40999984741211,15.40999984741211,4000
2012-01-24,15.5,16.0,15.5,16.0,16.0,1700
2012-01-25,15.890000343322754,16.0,14.760000228881836,14.779999732971191,14.779999732971191,10300
2012-01-26,14.949999809265137,15.680000305175781,14.770000457763672,15.399999618530273,15.399999618530273,4000
2012-01-27,15.539999961853027,15.90999984741211,15.539999961853027,15.609999656677246,15.609999656677246,2700
2012-01-30,15.75,16.0,14.510000228881836,15.989999771118164,15.989999771118164,2100
2012-01-31,15.960000038146973,15.960000038146973,15.420000076293945,15.430000305175781,15.430000305175781,3600
2012-02-01,15.239999771118164,16.0,14.800000190734863,14.800000190734863,14.800000190734863,3500
2012-02-02,15.470000267028809,15.489999771118164,15.100000381469727,15.489999771118164,15.489999771118164,600
2012-02-03,15.5,16.100000381469727,15.5,16.100000381469727,16.100000381469727,1700
2012-02-06,17.0,17.0,16.399999618530273,17.0,17.0,3700
2012-02-07,16.829999923706055,16.829999923706055,15.5,16.030000686645508,16.030000686645508,4800
2012-02-08,15.90999984741211,16.190000534057617,15.90999984741211,16.0,16.0,3400
2012-02-09,15.989999771118164,16.329999923706055,15.930000305175781,16.049999237060547,16.049999237060547,1700
2012-02-10,16.049999237060547,16.049999237060547,16.049999237060547,16.049999237060547,16.049999237060547,0
2012-02-13,16.049999237060547,16.049999237060547,16.049999237060547,16.049999237060547,16.049999237060547,0
2012-02-14,15.5,16.030000686645508,15.470000267028809,15.949999809265137,15.949999809265137,1800
2012-02-15,15.800000190734863,15.819999694824219,15.199999809265137,15.239999771118164,15.239999771118164,1400
2012-02-16,15.289999961853027,16.110000610351562,15.289999961853027,15.899999618530273,15.899999618530273,3000
2012-02-17,15.699999809265137,15.75,15.460000038146973,15.550000190734863,15.550000190734863,2500
2012-02-21,15.859999656677246,15.859999656677246,15.649999618530273,15.649999618530273,15.649999618530273,1100
2012-02-22,16.639999389648438,16.780000686645508,15.649999618530273,15.949999809265137,15.949999809265137,4700
2012-02-23,15.949999809265137,15.949999809265137,15.949999809265137,15.949999809265137,15.949999809265137,0
2012-02-24,15.949999809265137,15.949999809265137,15.949999809265137,15.949999809265137,15.949999809265137,0
2012-02-27,15.5,16.399999618530273,15.470000267028809,15.649999618530273,15.649999618530273,3700
2012-02-28,15.8100004196167,16.100000381469727,15.6899995803833,16.0,16.0,700
2012-02-29,15.800000190734863,15.8100004196167,15.760000228881836,15.760000228881836,15.760000228881836,1500
2012-03-01,15.75,15.75,15.75,15.75,15.75,200
2012-03-02,15.859999656677246,15.949999809265137,15.470000267028809,15.75,15.75,3400
2012-03-05,15.65999984741211,15.729999542236328,15.65999984741211,15.729999542236328,15.729999542236328,300
2012-03-06,15.729999542236328,15.729999542236328,15.729999542236328,15.729999542236328,15.729999542236328,0
2012-03-07,15.8100004196167,15.8100004196167,15.739999771118164,15.739999771118164,15.739999771118164,300
2012-03-08,16.649999618530273,16.799999237060547,15.3100004196167,15.869999885559082,15.869999885559082,6900
2012-03-09,15.420000076293945,16.799999237060547,15.420000076293945,16.700000762939453,16.700000762939453,3200
2012-03-12,16.3799991607666,16.469999313354492,16.3799991607666,16.469999313354492,16.469999313354492,400
2012-03-13,16.149999618530273,16.149999618530273,16.149999618530273,16.149999618530273,16.149999618530273,300
2012-03-14,16.440000534057617,16.479999542236328,16.440000534057617,16.479999542236328,16.479999542236328,300
2012-03-15,16.75,18.950000762939453,16.75,18.600000381469727,18.600000381469727,1000
2012-03-16,19.690000534057617,19.690000534057617,18.5,18.5,18.5,300
2012-03-19,18.81999969482422,18.81999969482422,18.450000762939453,18.450000762939453,18.450000762939453,400
2012-03-20,18.5,18.5,18.5,18.5,18.5,100
2012-03-21,18.5,18.5,18.5,18.5,18.5,0
2012-03-22,18.5,18.5,18.5,18.5,18.5,0
2012-03-23,18.5,18.5,18.5,18.5,18.5,0
2012-03-26,16.579999923706055,19.5,16.579999923706055,18.0,18.0,1500
2012-03-27,17.700000762939453,18.049999237060547,17.700000762939453,18.049999237060547,18.049999237060547,400
2012-03-28,18.049999237060547,18.049999237060547,18.049999237060547,18.049999237060547,18.049999237060547,0
2012-03-29,18.049999237060547,18.049999237060547,18.049999237060547,18.049999237060547,18.049999237060547,0
2012-03-30,18.709999084472656,18.709999084472656,17.190000534057617,17.190000534057617,17.190000534057617,1100
2012-04-02,16.979999542236328,18.489999771118164,16.979999542236328,18.299999237060547,18.299999237060547,2700
2012-04-03,18.299999237060547,18.299999237060547,18.299999237060547,18.299999237060547,18.299999237060547,0
2012-04-04,18.299999237060547,18.299999237060547,18.299999237060547,18.299999237060547,18.299999237060547,0
2012-04-05,18.299999237060547,18.299999237060547,18.299999237060547,18.299999237060547,18.299999237060547,0
2012-04-09,18.299999237060547,18.299999237060547,18.299999237060547,18.299999237060547,18.299999237060547,0
2012-04-10,18.299999237060547,18.299999237060547,18.299999237060547,18.299999237060547,18.299999237060547,0
2012-04-11,18.299999237060547,18.299999237060547,18.299999237060547,18.299999237060547,18.299999237060547,0
2012-04-12,18.299999237060547,18.299999237060547,18.299999237060547,18.299999237060547,18.299999237060547,0
2012-04-13,18.299999237060547,18.299999237060547,18.299999237060547,18.299999237060547,18.299999237060547,0
2012-04-16,17.809999465942383,17.809999465942383,17.389999389648438,17.389999389648438,17.389999389648438,400
2012-04-17,17.270000457763672,17.670000076293945,17.059999465942383,17.059999465942383,17.059999465942383,400
2012-04-18,17.059999465942383,17.059999465942383,17.059999465942383,17.059999465942383,17.059999465942383,0
2012-04-19,17.100000381469727,17.690000534057617,17.100000381469727,17.690000534057617,17.690000534057617,200
2012-04-20,17.690000534057617,17.690000534057617,17.690000534057617,17.690000534057617,17.690000534057617,0
2012-04-23,17.690000534057617,17.690000534057617,17.690000534057617,17.690000534057617,17.690000534057617,0
2012-04-24,17.690000534057617,17.690000534057617,17.690000534057617,17.690000534057617,17.690000534057617,0
2012-04-25,17.690000534057617,17.690000534057617,17.690000534057617,17.690000534057617,17.690000534057617,0
2012-04-26,17.690000534057617,17.690000534057617,17.690000534057617,17.690000534057617,17.690000534057617,0
2012-04-27,17.690000534057617,17.690000534057617,17.690000534057617,17.690000534057617,17.690000534057617,0
2012-04-30,17.690000534057617,17.690000534057617,17.690000534057617,17.690000534057617,17.690000534057617,0
2012-05-01,17.690000534057617,17.690000534057617,17.690000534057617,17.690000534057617,17.690000534057617,0
2012-05-02,17.690000534057617,17.690000534057617,17.690000534057617,17.690000534057617,17.690000534057617,0
2012-05-03,17.690000534057617,17.690000534057617,17.690000534057617,17.690000534057617,17.690000534057617,0
2012-05-04,17.690000534057617,17.690000534057617,17.690000534057617,17.690000534057617,17.690000534057617,0
2012-05-07,17.690000534057617,17.690000534057617,17.690000534057617,17.690000534057617,17.690000534057617,0
2012-05-08,17.690000534057617,17.690000534057617,17.690000534057617,17.690000534057617,17.690000534057617,0
2012-05-09,17.690000534057617,17.690000534057617,17.690000534057617,17.690000534057617,17.690000534057617,0
2012-05-10,17.690000534057617,17.690000534057617,17.690000534057617,17.690000534057617,17.690000534057617,0
2012-05-11,17.690000534057617,17.690000534057617,17.690000534057617,17.690000534057617,17.690000534057617,0
2012-05-14,17.690000534057617,17.690000534057617,17.690000534057617,17.690000534057617,17.690000534057617,0
2012-05-15,17.690000534057617,17.690000534057617,17.690000534057617,17.690000534057617,17.690000534057617,0
2012-05-16,17.690000534057617,17.690000534057617,17.690000534057617,17.690000534057617,17.690000534057617,0
2012-05-17,17.690000534057617,17.690000534057617,17.690000534057617,17.690000534057617,17.690000534057617,0
2012-05-18,17.690000534057617,17.690000534057617,17.690000534057617,17.690000534057617,17.690000534057617,0
2012-05-21,17.690000534057617,17.690000534057617,17.690000534057617,17.690000534057617,17.690000534057617,0
2012-05-22,17.690000534057617,17.690000534057617,17.690000534057617,17.690000534057617,17.690000534057617,0
2012-05-23,17.690000534057617,17.690000534057617,17.690000534057617,17.690000534057617,17.690000534057617,0
2012-05-24,17.690000534057617,17.690000534057617,17.690000534057617,17.690000534057617,17.690000534057617,0
2012-05-25,17.690000534057617,17.690000534057617,17.690000534057617,17.690000534057617,17.690000534057617,0
2012-05-29,17.690000534057617,17.690000534057617,17.690000534057617,17.690000534057617,17.690000534057617,0
2012-05-30,17.690000534057617,17.690000534057617,17.690000534057617,17.690000534057617,17.690000534057617,0
2012-05-31,17.690000534057617,17.690000534057617,17.690000534057617,17.690000534057617,17.690000534057617,0
2012-06-01,17.690000534057617,17.690000534057617,17.690000534057617,17.690000534057617,17.690000534057617,0
2012-06-04,18.31999969482422,18.510000228881836,18.31999969482422,18.5,18.5,1100
2012-06-05,18.56999969482422,18.56999969482422,18.56999969482422,18.56999969482422,18.56999969482422,300
2012-06-06,18.610000610351562,18.610000610351562,18.610000610351562,18.610000610351562,18.610000610351562,100
2012-06-07,18.610000610351562,18.610000610351562,18.610000610351562,18.610000610351562,18.610000610351562,100
2012-06-08,18.610000610351562,18.610000610351562,18.610000610351562,18.610000610351562,18.610000610351562,0
2012-06-11,18.610000610351562,18.610000610351562,18.610000610351562,18.610000610351562,18.610000610351562,0
2012-06-12,18.760000228881836,19.0,18.760000228881836,19.0,19.0,400
2012-06-13,19.479999542236328,20.0,19.479999542236328,20.0,20.0,1000
2012-06-14,18.719999313354492,19.0,18.65999984741211,18.65999984741211,18.65999984741211,300
2012-06-15,18.790000915527344,18.790000915527344,18.790000915527344,18.790000915527344,18.790000915527344,100
2012-06-18,18.600000381469727,19.75,18.600000381469727,19.709999084472656,19.709999084472656,1800
2012-06-19,19.709999084472656,19.709999084472656,19.709999084472656,19.709999084472656,19.709999084472656,0
2012-06-20,19.200000762939453,19.200000762939453,19.0,19.0,19.0,700
2012-06-21,19.350000381469727,19.350000381469727,18.5,18.5,18.5,600
2012-06-22,18.5,18.5,18.5,18.5,18.5,0
2012-06-25,18.5,18.5,18.100000381469727,18.299999237060547,18.299999237060547,2900
2012-06-26,17.84000015258789,18.209999084472656,17.84000015258789,18.100000381469727,18.100000381469727,900
2012-06-27,17.950000762939453,18.739999771118164,17.610000610351562,18.739999771118164,18.739999771118164,2000
2012-06-28,18.520000457763672,18.520000457763672,18.520000457763672,18.520000457763672,18.520000457763672,100
2012-06-29,18.5,18.510000228881836,18.5,18.510000228881836,18.510000228881836,400
2012-07-02,18.600000381469727,18.600000381469727,18.600000381469727,18.600000381469727,18.600000381469727,100
2012-07-03,18.600000381469727,18.600000381469727,18.600000381469727,18.600000381469727,18.600000381469727,0
2012-07-05,18.600000381469727,18.600000381469727,18.600000381469727,18.600000381469727,18.600000381469727,0
2012-07-06,19.729999542236328,19.75,19.489999771118164,19.489999771118164,19.489999771118164,1600
2012-07-09,19.489999771118164,19.489999771118164,19.489999771118164,19.489999771118164,19.489999771118164,0
2012-07-10,19.299999237060547,19.5,19.299999237060547,19.5,19.5,1700
2012-07-11,20.0,20.0,20.0,20.0,20.0,100
2012-07-12,20.0,20.0,20.0,20.0,20.0,200
2012-07-13,19.780000686645508,20.079999923706055,19.780000686645508,20.079999923706055,20.079999923706055,500
2012-07-16,20.079999923706055,20.079999923706055,20.079999923706055,20.079999923706055,20.079999923706055,0
2012-07-17,20.079999923706055,20.079999923706055,20.079999923706055,20.079999923706055,20.079999923706055,0
2012-07-18,20.079999923706055,20.079999923706055,20.079999923706055,20.079999923706055,20.079999923706055,0
2012-07-19,20.079999923706055,20.079999923706055,20.079999923706055,20.079999923706055,20.079999923706055,0
2012-07-20,20.0,20.0,20.0,20.0,20.0,100
2012-07-23,20.25,20.25,20.25,20.25,20.25,100
2012-07-24,19.299999237060547,19.299999237060547,19.25,19.25,19.25,1100
2012-07-25,19.25,19.25,19.25,19.25,19.25,0
2012-07-26,19.25,19.25,19.25,19.25,19.25,0
2012-07-27,19.25,19.25,19.25,19.25,19.25,0
2012-07-30,19.25,19.25,19.25,19.25,19.25,0
2012-07-31,19.25,19.25,19.25,19.25,19.25,0
2012-08-01,19.25,19.25,19.25,19.25,19.25,0
2012-08-02,19.25,19.25,19.25,19.25,19.25,0
2012-08-03,19.25,19.25,19.25,19.25,19.25,0
2012-08-06,20.020000457763672,20.049999237060547,20.0,20.0,20.0,600
2012-08-07,20.0,20.0,20.0,20.0,20.0,0
2012-08-08,20.0,20.0,20.0,20.0,20.0,0
2012-08-09,20.049999237060547,20.049999237060547,19.940000534057617,19.940000534057617,19.940000534057617,2400
2012-08-10,19.809999465942383,19.809999465942383,19.5,19.5,19.5,1300
2012-08-13,19.5,19.5,19.5,19.5,19.5,0
2012-08-14,19.729999542236328,19.799999237060547,19.670000076293945,19.670000076293945,19.670000076293945,600
2012-08-15,19.5,19.510000228881836,19.40999984741211,19.510000228881836,19.510000228881836,1800
2012-08-16,19.6200008392334,19.780000686645508,19.6200008392334,19.780000686645508,19.780000686645508,1000
2012-08-17,19.780000686645508,19.780000686645508,19.780000686645508,19.780000686645508,19.780000686645508,0
2012-08-20,19.780000686645508,19.780000686645508,19.780000686645508,19.780000686645508,19.780000686645508,0
2012-08-21,19.780000686645508,19.780000686645508,19.780000686645508,19.780000686645508,19.780000686645508,0
2012-08-22,19.780000686645508,19.780000686645508,19.780000686645508,19.780000686645508,19.780000686645508,0
2012-08-23,19.780000686645508,19.780000686645508,19.780000686645508,19.780000686645508,19.780000686645508,0
2012-08-24,19.780000686645508,19.780000686645508,19.780000686645508,19.780000686645508,19.780000686645508,0
2012-08-27,19.780000686645508,19.780000686645508,19.780000686645508,19.780000686645508,19.780000686645508,0
2012-08-28,19.549999237060547,19.549999237060547,19.549999237060547,19.549999237060547,19.549999237060547,200
2012-08-29,19.75,19.75,19.75,19.75,19.75,200
2012-08-30,19.75,19.75,19.75,19.75,19.75,0
2012-08-31,19.610000610351562,19.799999237060547,19.610000610351562,19.799999237060547,19.799999237060547,1300
2012-09-04,19.709999084472656,19.75,19.709999084472656,19.75,19.75,1000
2012-09-05,19.75,19.75,19.75,19.75,19.75,900
2012-09-06,19.790000915527344,19.790000915527344,19.75,19.75,19.75,1700
2012-09-07,19.75,19.75,19.75,19.75,19.75,0
2012-09-10,19.75,19.75,19.75,19.75,19.75,0
2012-09-11,19.75,19.75,19.75,19.75,19.75,0
2012-09-12,20.989999771118164,20.989999771118164,20.989999771118164,20.989999771118164,20.989999771118164,300
2012-09-13,20.989999771118164,20.989999771118164,20.989999771118164,20.989999771118164,20.989999771118164,0
2012-09-14,20.989999771118164,20.989999771118164,20.989999771118164,20.989999771118164,20.989999771118164,0
2012-09-17,20.989999771118164,20.989999771118164,20.989999771118164,20.989999771118164,20.989999771118164,0
2012-09-18,20.989999771118164,20.989999771118164,20.989999771118164,20.989999771118164,20.989999771118164,0
2012-09-19,20.989999771118164,20.989999771118164,20.989999771118164,20.989999771118164,20.989999771118164,0
2012-09-20,20.989999771118164,20.989999771118164,20.989999771118164,20.989999771118164,20.989999771118164,0
2012-09-21,20.989999771118164,20.989999771118164,20.989999771118164,20.989999771118164,20.989999771118164,0
2012-09-24,20.989999771118164,20.989999771118164,20.989999771118164,20.989999771118164,20.989999771118164,0
2012-09-25,20.989999771118164,20.989999771118164,20.989999771118164,20.989999771118164,20.989999771118164,0
2012-09-26,20.989999771118164,20.989999771118164,20.989999771118164,20.989999771118164,20.989999771118164,0
2012-09-27,20.989999771118164,20.989999771118164,20.989999771118164,20.989999771118164,20.989999771118164,0
2012-09-28,20.989999771118164,20.989999771118164,20.989999771118164,20.989999771118164,20.989999771118164,0
2012-10-01,19.8799991607666,19.8799991607666,19.8799991607666,19.8799991607666,19.8799991607666,300
2012-10-02,19.860000610351562,19.860000610351562,19.850000381469727,19.850000381469727,19.850000381469727,400
2012-10-03,19.850000381469727,19.850000381469727,19.850000381469727,19.850000381469727,19.850000381469727,0
2012-10-04,19.850000381469727,19.850000381469727,19.850000381469727,19.850000381469727,19.850000381469727,0
2012-10-05,19.850000381469727,19.850000381469727,19.850000381469727,19.850000381469727,19.850000381469727,0
2012-10-08,19.770000457763672,19.770000457763672,19.770000457763672,19.770000457763672,19.770000457763672,100
2012-10-09,19.770000457763672,19.770000457763672,19.770000457763672,19.770000457763672,19.770000457763672,0
2012-10-10,19.770000457763672,19.770000457763672,19.770000457763672,19.770000457763672,19.770000457763672,0
2012-10-11,19.770000457763672,19.770000457763672,19.770000457763672,19.770000457763672,19.770000457763672,0
2012-10-12,19.770000457763672,19.770000457763672,19.770000457763672,19.770000457763672,19.770000457763672,0
2012-10-15,19.780000686645508,19.780000686645508,19.780000686645508,19.780000686645508,19.780000686645508,100
2012-10-16,19.780000686645508,19.780000686645508,19.780000686645508,19.780000686645508,19.780000686645508,0
2012-10-17,19.850000381469727,19.850000381469727,19.850000381469727,19.850000381469727,19.850000381469727,100
2012-10-18,19.850000381469727,19.850000381469727,19.850000381469727,19.850000381469727,19.850000381469727,0
2012-10-19,19.850000381469727,19.850000381469727,19.850000381469727,19.850000381469727,19.850000381469727,0
2012-10-22,19.84000015258789,19.84000015258789,19.84000015258789,19.84000015258789,19.84000015258789,100
2012-10-23,20.600000381469727,20.600000381469727,20.56999969482422,20.600000381469727,20.600000381469727,700
2012-10-24,20.600000381469727,20.600000381469727,20.600000381469727,20.600000381469727,20.600000381469727,0
2012-10-25,22.25,22.5,22.25,22.5,22.5,200
2012-10-26,28.56999969482422,28.56999969482422,25.0,25.0,25.0,400
2012-10-31,25.0,25.0,25.0,25.0,25.0,0
2012-11-01,25.0,25.0,25.0,25.0,25.0,0
2012-11-02,25.0,25.0,25.0,25.0,25.0,0
2012-11-05,25.0,25.0,25.0,25.0,25.0,0
2012-11-06,25.0,25.0,25.0,25.0,25.0,0
2012-11-07,25.0,25.0,25.0,25.0,25.0,0
2012-11-08,25.0,25.0,25.0,25.0,25.0,0
2012-11-09,25.0,25.0,25.0,25.0,25.0,0
2012-11-12,25.0,25.0,25.0,25.0,25.0,0
2012-11-13,25.0,25.0,25.0,25.0,25.0,0
2012-11-14,25.0,25.0,25.0,25.0,25.0,0
2012-11-15,25.0,25.0,25.0,25.0,25.0,0
2012-11-16,25.0,25.0,25.0,25.0,25.0,0
2012-11-19,25.0,25.0,25.0,25.0,25.0,0
2012-11-20,21.059999465942383,22.049999237060547,21.059999465942383,22.049999237060547,22.049999237060547,500
2012-11-21,22.049999237060547,22.049999237060547,22.049999237060547,22.049999237060547,22.049999237060547,0
2012-11-23,22.040000915527344,22.040000915527344,22.040000915527344,22.040000915527344,22.040000915527344,200
2012-11-26,22.040000915527344,22.040000915527344,22.040000915527344,22.040000915527344,22.040000915527344,0
2012-11-27,22.040000915527344,22.040000915527344,22.040000915527344,22.040000915527344,22.040000915527344,0
2012-11-28,22.040000915527344,22.040000915527344,22.040000915527344,22.040000915527344,22.040000915527344,0
2012-11-29,22.040000915527344,22.040000915527344,22.040000915527344,22.040000915527344,22.040000915527344,0
2012-11-30,22.040000915527344,22.040000915527344,22.040000915527344,22.040000915527344,22.040000915527344,0
2012-12-03,22.270000457763672,22.309999465942383,22.270000457763672,22.309999465942383,22.309999465942383,300
2012-12-04,22.309999465942383,22.309999465942383,22.309999465942383,22.309999465942383,22.309999465942383,0
2012-12-05,22.309999465942383,22.309999465942383,22.309999465942383,22.309999465942383,22.309999465942383,0
2012-12-06,22.309999465942383,22.309999465942383,22.149999618530273,22.309999465942383,22.309999465942383,300
2012-12-07,22.25,22.25,22.0,22.0,22.0,500
2012-12-10,22.15999984741211,22.15999984741211,22.15999984741211,22.15999984741211,22.15999984741211,200
2012-12-11,22.15999984741211,22.15999984741211,22.15999984741211,22.15999984741211,22.15999984741211,0
2012-12-12,22.15999984741211,22.15999984741211,22.15999984741211,22.15999984741211,22.15999984741211,0
2012-12-13,22.200000762939453,22.25,21.950000762939453,22.0,22.0,900
2012-12-14,21.799999237060547,21.799999237060547,21.799999237060547,21.799999237060547,21.799999237060547,100
2012-12-17,21.799999237060547,21.799999237060547,21.799999237060547,21.799999237060547,21.799999237060547,0
2012-12-18,21.799999237060547,21.799999237060547,21.799999237060547,21.799999237060547,21.799999237060547,0
2012-12-19,21.799999237060547,21.799999237060547,21.799999237060547,21.799999237060547,21.799999237060547,0
2012-12-20,21.799999237060547,21.799999237060547,21.799999237060547,21.799999237060547,21.799999237060547,0
2012-12-21,21.65999984741211,21.65999984741211,21.65999984741211,21.65999984741211,21.65999984741211,100
2012-12-24,21.65999984741211,21.65999984741211,21.65999984741211,21.65999984741211,21.65999984741211,0
2012-12-26,21.65999984741211,21.65999984741211,21.65999984741211,21.65999984741211,21.65999984741211,0
2012-12-27,21.65999984741211,21.65999984741211,21.65999984741211,21.65999984741211,21.65999984741211,0
2012-12-28,21.65999984741211,21.65999984741211,21.65999984741211,21.65999984741211,21.65999984741211,0
2012-12-31,21.65999984741211,21.65999984741211,21.65999984741211,21.65999984741211,21.65999984741211,0
2013-01-02,21.65999984741211,21.65999984741211,21.65999984741211,21.65999984741211,21.65999984741211,0
2013-01-03,21.450000762939453,21.450000762939453,21.0,21.0,21.0,400
2013-01-04,21.229999542236328,21.229999542236328,21.229999542236328,21.229999542236328,21.229999542236328,100
2013-01-07,21.770000457763672,21.770000457763672,21.770000457763672,21.770000457763672,21.770000457763672,200
2013-01-08,21.770000457763672,21.770000457763672,21.770000457763672,21.770000457763672,21.770000457763672,0
2013-01-09,21.770000457763672,21.770000457763672,21.770000457763672,21.770000457763672,21.770000457763672,0
2013-01-10,21.770000457763672,21.770000457763672,21.770000457763672,21.770000457763672,21.770000457763672,0
2013-01-11,21.770000457763672,21.770000457763672,21.770000457763672,21.770000457763672,21.770000457763672,0
2013-01-14,21.770000457763672,21.770000457763672,21.770000457763672,21.770000457763672,21.770000457763672,0
2013-01-15,21.770000457763672,21.770000457763672,21.770000457763672,21.770000457763672,21.770000457763672,0
2013-01-16,21.770000457763672,21.770000457763672,21.770000457763672,21.770000457763672,21.770000457763672,0
2013-01-17,21.770000457763672,21.770000457763672,21.770000457763672,21.770000457763672,21.770000457763672,0
2013-01-18,21.770000457763672,21.770000457763672,21.770000457763672,21.770000457763672,21.770000457763672,0
2013-01-22,21.770000457763672,21.770000457763672,21.770000457763672,21.770000457763672,21.770000457763672,0
2013-01-23,21.770000457763672,21.770000457763672,21.770000457763672,21.770000457763672,21.770000457763672,0
2013-01-24,21.770000457763672,21.770000457763672,21.770000457763672,21.770000457763672,21.770000457763672,0
2013-01-25,21.770000457763672,21.770000457763672,21.770000457763672,21.770000457763672,21.770000457763672,0
2013-01-28,21.770000457763672,21.770000457763672,21.770000457763672,21.770000457763672,21.770000457763672,0
2013-01-29,21.770000457763672,21.770000457763672,21.770000457763672,21.770000457763672,21.770000457763672,0
2013-01-30,21.8799991607666,22.200000762939453,21.8799991607666,22.200000762939453,22.200000762939453,700
2013-01-31,22.200000762939453,22.200000762939453,22.200000762939453,22.200000762939453,22.200000762939453,0
2013-02-01,22.200000762939453,22.200000762939453,22.200000762939453,22.200000762939453,22.200000762939453,0
2013-02-04,22.360000610351562,22.360000610351562,22.209999084472656,22.209999084472656,22.209999084472656,200
2013-02-05,22.209999084472656,22.209999084472656,22.209999084472656,22.209999084472656,22.209999084472656,0
2013-02-06,22.209999084472656,22.209999084472656,22.209999084472656,22.209999084472656,22.209999084472656,0
2013-02-07,22.209999084472656,22.209999084472656,22.209999084472656,22.209999084472656,22.209999084472656,0
2013-02-08,22.209999084472656,22.209999084472656,22.209999084472656,22.209999084472656,22.209999084472656,0
2013-02-11,22.399999618530273,22.5,22.399999618530273,22.5,22.5,400
2013-02-12,22.75,22.75,22.75,22.75,22.75,300
2013-02-13,22.5,22.5,22.5,22.5,22.5,100
2013-02-14,22.5,22.5,22.5,22.5,22.5,0
2013-02-15,22.5,22.5,22.5,22.5,22.5,0
2013-02-19,22.549999237060547,22.549999237060547,22.549999237060547,22.549999237060547,22.549999237060547,100
2013-02-20,22.520000457763672,22.540000915527344,22.520000457763672,22.540000915527344,22.540000915527344,300
2013-02-21,22.540000915527344,22.540000915527344,22.540000915527344,22.540000915527344,22.540000915527344,0
2013-02-22,22.540000915527344,22.540000915527344,22.540000915527344,22.540000915527344,22.540000915527344,0
2013-02-25,22.540000915527344,22.540000915527344,22.540000915527344,22.540000915527344,22.540000915527344,0
2013-02-26,22.540000915527344,22.540000915527344,22.540000915527344,22.540000915527344,22.540000915527344,0
2013-02-27,22.43000030517578,22.43000030517578,22.0,22.309999465942383,22.309999465942383,1500
2013-02-28,22.309999465942383,22.309999465942383,22.309999465942383,22.309999465942383,22.309999465942383,1400
2013-03-01,22.270000457763672,22.270000457763672,22.25,22.25,22.25,300
2013-03-04,22.25,22.25,22.25,22.25,22.25,0
2013-03-05,22.1299991607666,22.1299991607666,21.899999618530273,21.899999618530273,21.899999618530273,1500
2013-03-06,21.899999618530273,21.899999618530273,21.899999618530273,21.899999618530273,21.899999618530273,0
2013-03-07,22.100000381469727,22.100000381469727,22.100000381469727,22.100000381469727,22.100000381469727,200
2013-03-08,22.100000381469727,22.100000381469727,22.100000381469727,22.100000381469727,22.100000381469727,0
2013-03-11,22.100000381469727,22.100000381469727,22.100000381469727,22.100000381469727,22.100000381469727,400
2013-03-12,22.040000915527344,22.040000915527344,22.040000915527344,22.040000915527344,22.040000915527344,400
2013-03-13,22.040000915527344,22.040000915527344,22.040000915527344,22.040000915527344,22.040000915527344,0
2013-03-14,22.079999923706055,22.079999923706055,22.020000457763672,22.020000457763672,22.020000457763672,300
2013-03-15,22.020000457763672,22.020000457763672,22.020000457763672,22.020000457763672,22.020000457763672,0
2013-03-18,22.0,22.0,22.0,22.0,22.0,200
2013-03-19,22.0,22.0,22.0,22.0,22.0,0
2013-03-20,22.0,22.0,22.0,22.0,22.0,0
2013-03-21,22.0,22.0,22.0,22.0,22.0,0
2013-03-22,22.0,22.0,22.0,22.0,22.0,500
2013-03-25,22.0,22.0,22.0,22.0,22.0,100
2013-03-26,22.0,22.0,22.0,22.0,22.0,0
2013-03-27,22.0,22.0,22.0,22.0,22.0,0
2013-03-28,22.0,22.0,22.0,22.0,22.0,0
2013-04-01,22.0,22.0,22.0,22.0,22.0,0
2013-04-02,22.0,22.0,22.0,22.0,22.0,0
2013-04-03,22.0,22.0,22.0,22.0,22.0,0
2013-04-04,22.0,22.0,22.0,22.0,22.0,0
2013-04-05,22.0,22.0,22.0,22.0,22.0,0
2013-04-08,22.0,22.0,22.0,22.0,22.0,0
2013-04-09,22.0,22.0,22.0,22.0,22.0,0
2013-04-10,22.0,22.0,22.0,22.0,22.0,0
2013-04-11,22.0,22.0,22.0,22.0,22.0,200
2013-04-12,22.0,22.0,22.0,22.0,22.0,0
2013-04-15,22.0,22.0,22.0,22.0,22.0,0
2013-04-16,22.0,22.0,22.0,22.0,22.0,0
2013-04-17,22.0,22.0,22.0,22.0,22.0,0
2013-04-18,22.0,22.0,22.0,22.0,22.0,0
2013-04-19,22.030000686645508,22.030000686645508,22.0,22.0,22.0,200
2013-04-22,21.989999771118164,21.989999771118164,21.899999618530273,21.899999618530273,21.899999618530273,1600
2013-04-23,21.899999618530273,22.5,21.899999618530273,22.200000762939453,22.200000762939453,900
2013-04-24,22.200000762939453,22.200000762939453,22.200000762939453,22.200000762939453,22.200000762939453,0
2013-04-25,22.200000762939453,22.200000762939453,22.200000762939453,22.200000762939453,22.200000762939453,0
2013-04-26,22.200000762939453,22.200000762939453,22.200000762939453,22.200000762939453,22.200000762939453,0
2013-04-29,22.200000762939453,22.200000762939453,22.200000762939453,22.200000762939453,22.200000762939453,0
2013-04-30,22.200000762939453,22.200000762939453,22.200000762939453,22.200000762939453,22.200000762939453,0
2013-05-01,22.200000762939453,22.200000762939453,22.200000762939453,22.200000762939453,22.200000762939453,0
2013-05-02,22.200000762939453,22.200000762939453,22.200000762939453,22.200000762939453,22.200000762939453,0
2013-05-03,22.0,22.0,21.989999771118164,22.0,22.0,400
2013-05-06,22.0,22.0,22.0,22.0,22.0,0
2013-05-07,22.100000381469727,22.100000381469727,22.0,22.0,22.0,300
2013-05-08,22.0,22.0,22.0,22.0,22.0,0
2013-05-09,22.0,22.0,22.0,22.0,22.0,0
2013-05-10,22.0,22.0,22.0,22.0,22.0,0
2013-05-13,22.09000015258789,22.09000015258789,22.09000015258789,22.09000015258789,22.09000015258789,200
2013-05-14,22.0,22.09000015258789,21.899999618530273,22.0,22.0,2600
2013-05-15,22.0,22.0,22.0,22.0,22.0,0
2013-05-16,22.0,22.0,22.0,22.0,22.0,0
2013-05-17,22.0,22.0,22.0,22.0,22.0,0
2013-05-20,22.0,22.0,22.0,22.0,22.0,0
2013-05-21,22.09000015258789,22.5,21.8799991607666,22.5,22.5,1200
2013-05-22,22.5,22.5,22.5,22.5,22.5,0
2013-05-23,22.09000015258789,22.09000015258789,22.09000015258789,22.09000015258789,22.09000015258789,100
2013-05-24,22.09000015258789,22.09000015258789,22.09000015258789,22.09000015258789,22.09000015258789,0
2013-05-28,22.0,22.0,21.989999771118164,21.989999771118164,21.989999771118164,500
2013-05-29,21.989999771118164,21.989999771118164,21.989999771118164,21.989999771118164,21.989999771118164,0
2013-05-30,21.989999771118164,21.989999771118164,21.989999771118164,21.989999771118164,21.989999771118164,0
2013-05-31,21.989999771118164,21.989999771118164,21.989999771118164,21.989999771118164,21.989999771118164,0
2013-06-03,21.510000228881836,21.510000228881836,20.889999389648438,20.889999389648438,20.889999389648438,300
2013-06-04,21.829999923706055,22.0,21.3700008392334,22.0,22.0,1500
2013-06-05,21.8700008392334,21.8700008392334,21.489999771118164,21.5,21.5,700
2013-06-06,21.75,21.780000686645508,21.75,21.75,21.75,800
2013-06-07,21.799999237060547,22.280000686645508,21.799999237060547,22.100000381469727,22.100000381469727,1800
2013-06-10,22.0,22.0,22.0,22.0,22.0,200
2013-06-11,22.0,22.0,22.0,22.0,22.0,500
2013-06-12,22.0,22.0,22.0,22.0,22.0,0
2013-06-13,22.299999237060547,22.299999237060547,22.270000457763672,22.299999237060547,22.299999237060547,2600
2013-06-14,22.200000762939453,22.200000762939453,22.200000762939453,22.200000762939453,22.200000762939453,2100
2013-06-17,22.75,22.75,22.299999237060547,22.610000610351562,22.610000610351562,400
2013-06-18,22.610000610351562,22.610000610351562,22.610000610351562,22.610000610351562,22.610000610351562,0
2013-06-19,22.610000610351562,22.610000610351562,22.610000610351562,22.610000610351562,22.610000610351562,0
2013-06-20,22.850000381469727,23.0,22.850000381469727,23.0,23.0,200
2013-06-21,23.0,23.0,23.0,23.0,23.0,0
2013-06-24,23.0,23.0,23.0,23.0,23.0,0
2013-06-25,23.290000915527344,26.0,23.290000915527344,24.010000228881836,24.010000228881836,1900
2013-06-26,24.5,24.5,24.5,24.5,24.5,1000
2013-06-27,24.31999969482422,24.649999618530273,24.010000228881836,24.649999618530273,24.649999618530273,1600
2013-06-28,24.649999618530273,24.649999618530273,24.649999618530273,24.649999618530273,24.649999618530273,0
2013-07-01,24.0,24.0,24.0,24.0,24.0,100
2013-07-02,24.0,24.0,24.0,24.0,24.0,0
2013-07-03,24.0,24.0,24.0,24.0,24.0,0
2013-07-05,24.0,24.0,24.0,24.0,24.0,500
2013-07-08,24.0,24.0,24.0,24.0,24.0,0
2013-07-09,24.0,24.0,24.0,24.0,24.0,0
2013-07-10,24.0,24.0,24.0,24.0,24.0,0
2013-07-11,24.049999237060547,24.25,24.049999237060547,24.25,24.25,700
2013-07-12,24.25,24.25,24.25,24.25,24.25,0
2013-07-15,24.950000762939453,24.950000762939453,24.950000762939453,24.950000762939453,24.950000762939453,100
2013-07-16,25.0,25.5,25.0,25.5,25.5,300
2013-07-17,25.5,25.5,25.5,25.5,25.5,0
2013-07-18,25.5,25.5,25.5,25.5,25.5,0
2013-07-19,25.5,25.5,25.5,25.5,25.5,0
2013-07-22,25.5,25.5,25.5,25.5,25.5,0
2013-07-23,25.5,25.5,25.5,25.5,25.5,0
2013-07-24,25.5,25.5,25.5,25.5,25.5,0
2013-07-25,25.5,25.5,25.5,25.5,25.5,0
2013-07-26,25.5,25.5,25.5,25.5,25.5,0
2013-07-29,25.5,25.5,25.5,25.5,25.5,100
2013-07-30,25.75,26.850000381469727,25.75,25.850000381469727,25.850000381469727,2700
2013-07-31,26.649999618530273,26.649999618530273,26.649999618530273,26.649999618530273,26.649999618530273,1000
2013-08-01,26.649999618530273,26.649999618530273,26.649999618530273,26.649999618530273,26.649999618530273,0
2013-08-02,25.030000686645508,25.030000686645508,25.0,25.0,25.0,900
2013-08-05,25.1299991607666,25.1299991607666,25.049999237060547,25.049999237060547,25.049999237060547,600
2013-08-06,25.020000457763672,25.020000457763672,25.0,25.0,25.0,1000
2013-08-07,25.030000686645508,25.950000762939453,25.0,25.950000762939453,25.950000762939453,1600
2013-08-08,25.950000762939453,25.950000762939453,25.950000762939453,25.950000762939453,25.950000762939453,0
2013-08-09,25.950000762939453,25.950000762939453,25.950000762939453,25.950000762939453,25.950000762939453,0
2013-08-12,25.950000762939453,25.950000762939453,25.950000762939453,25.950000762939453,25.950000762939453,0
2013-08-13,25.950000762939453,25.950000762939453,25.950000762939453,25.950000762939453,25.950000762939453,0
2013-08-14,25.950000762939453,25.950000762939453,25.950000762939453,25.950000762939453,25.950000762939453,0
2013-08-15,25.950000762939453,25.950000762939453,25.950000762939453,25.950000762939453,25.950000762939453,0
2013-08-16,25.0,25.0,25.0,25.0,25.0,500
2013-08-19,25.0,25.0,25.0,25.0,25.0,0
2013-08-20,25.0,25.0,25.0,25.0,25.0,0
2013-08-21,25.0,25.0,25.0,25.0,25.0,0
2013-08-22,25.0,25.0,25.0,25.0,25.0,0
2013-08-23,25.0,25.0,25.0,25.0,25.0,0
2013-08-26,25.0,25.0,25.0,25.0,25.0,0
2013-08-27,25.0,25.0,25.0,25.0,25.0,0
2013-08-28,25.0,25.0,25.0,25.0,25.0,0
2013-08-29,25.0,25.0,25.0,25.0,25.0,0
2013-08-30,25.0,25.0,25.0,25.0,25.0,0
2013-09-03,25.389999389648438,25.399999618530273,25.389999389648438,25.399999618530273,25.399999618530273,300
2013-09-04,25.399999618530273,25.399999618530273,25.399999618530273,25.399999618530273,25.399999618530273,0
2013-09-05,25.5,25.5,25.5,25.5,25.5,500
2013-09-06,25.5,25.5,25.5,25.5,25.5,0
2013-09-09,25.5,25.5,25.5,25.5,25.5,0
2013-09-10,25.5,25.5,25.5,25.5,25.5,0
2013-09-11,25.5,25.5,25.5,25.5,25.5,0
2013-09-12,25.5,25.5,25.5,25.5,25.5,0
2013-09-13,25.5,25.5,25.5,25.5,25.5,0
2013-09-16,25.049999237060547,25.15999984741211,25.049999237060547,25.15999984741211,25.15999984741211,1000
2013-09-17,25.049999237060547,25.049999237060547,25.049999237060547,25.049999237060547,25.049999237060547,1000
2013-09-18,25.059999465942383,25.059999465942383,25.0,25.0,25.0,200
2013-09-19,25.0,25.0,25.0,25.0,25.0,0
2013-09-20,25.5,25.5,25.5,25.5,25.5,100
2013-09-23,25.5,25.5,25.5,25.5,25.5,0
2013-09-24,25.5,25.5,25.5,25.5,25.5,0
2013-09-25,25.5,25.5,25.5,25.5,25.5,0
2013-09-26,25.450000762939453,25.450000762939453,25.450000762939453,25.450000762939453,25.450000762939453,200
2013-09-27,25.450000762939453,25.450000762939453,25.450000762939453,25.450000762939453,25.450000762939453,0
2013-09-30,25.450000762939453,25.450000762939453,25.450000762939453,25.450000762939453,25.450000762939453,0
2013-10-01,25.450000762939453,25.450000762939453,25.450000762939453,25.450000762939453,25.450000762939453,0
2013-10-02,25.450000762939453,25.450000762939453,25.450000762939453,25.450000762939453,25.450000762939453,0
2013-10-03,25.889999389648438,25.889999389648438,25.889999389648438,25.889999389648438,25.889999389648438,100
2013-10-04,25.889999389648438,25.889999389648438,25.889999389648438,25.889999389648438,25.889999389648438,0
2013-10-07,25.889999389648438,25.889999389648438,25.889999389648438,25.889999389648438,25.889999389648438,0
2013-10-08,25.889999389648438,25.889999389648438,25.889999389648438,25.889999389648438,25.889999389648438,0
2013-10-09,25.889999389648438,25.889999389648438,25.889999389648438,25.889999389648438,25.889999389648438,0
2013-10-10,25.889999389648438,25.889999389648438,25.889999389648438,25.889999389648438,25.889999389648438,0
2013-10-11,25.75,25.75,25.5,25.5,25.5,300
2013-10-14,25.5,25.5,25.5,25.5,25.5,0
2013-10-15,25.5,25.5,25.5,25.5,25.5,0
2013-10-16,25.5,25.5,25.5,25.5,25.5,0
2013-10-17,25.5,25.5,25.5,25.5,25.5,0
2013-10-18,25.5,25.5,25.5,25.5,25.5,0
2013-10-21,25.5,25.5,25.5,25.5,25.5,0
2013-10-22,25.5,25.5,25.5,25.5,25.5,1000
2013-10-23,25.5,25.5,25.5,25.5,25.5,0
2013-10-24,25.5,25.5,25.5,25.5,25.5,0
2013-10-25,25.5,25.5,25.5,25.5,25.5,0
2013-10-28,25.5,25.5,25.5,25.5,25.5,0
2013-10-29,25.510000228881836,26.649999618530273,25.510000228881836,26.649999618530273,26.649999618530273,1800
2013-10-30,26.649999618530273,26.649999618530273,26.649999618530273,26.649999618530273,26.649999618530273,0
2013-10-31,28.0,28.0,28.0,28.0,28.0,100
2013-11-01,28.0,28.0,28.0,28.0,28.0,0
2013-11-04,28.0,28.0,28.0,28.0,28.0,0
2013-11-05,27.799999237060547,27.799999237060547,27.799999237060547,27.799999237060547,27.799999237060547,800
2013-11-06,27.799999237060547,27.799999237060547,27.799999237060547,27.799999237060547,27.799999237060547,0
2013-11-07,27.799999237060547,27.799999237060547,27.799999237060547,27.799999237060547,27.799999237060547,0
2013-11-08,25.5,25.56999969482422,25.5,25.56999969482422,25.56999969482422,600
2013-11-11,25.56999969482422,25.56999969482422,25.56999969482422,25.56999969482422,25.56999969482422,0
2013-11-12,28.5,28.5,28.459999084472656,28.5,28.5,1200
2013-11-13,28.5,28.5,28.5,28.5,28.5,0
2013-11-14,28.5,28.5,28.5,28.5,28.5,0
2013-11-15,28.5,28.5,28.5,28.5,28.5,0
2013-11-18,28.5,28.5,28.5,28.5,28.5,0
2013-11-19,30.0,30.0,26.520000457763672,26.520000457763672,26.520000457763672,400
2013-11-20,26.520000457763672,26.520000457763672,26.520000457763672,26.520000457763672,26.520000457763672,0
2013-11-21,26.649999618530273,26.690000534057617,26.649999618530273,26.649999618530273,26.649999618530273,500
2013-11-22,26.649999618530273,26.649999618530273,26.649999618530273,26.649999618530273,26.649999618530273,400
2013-11-25,27.5,28.25,27.229999542236328,28.25,28.25,2300
2013-11-26,28.25,28.25,28.25,28.25,28.25,100
2013-11-27,27.760000228881836,27.760000228881836,27.760000228881836,27.760000228881836,27.760000228881836,300
2013-11-29,27.950000762939453,27.950000762939453,27.950000762939453,27.950000762939453,27.950000762939453,300
2013-12-02,27.950000762939453,27.950000762939453,27.950000762939453,27.950000762939453,27.950000762939453,0
2013-12-03,27.510000228881836,27.510000228881836,27.510000228881836,27.510000228881836,27.510000228881836,300
2013-12-04,27.84000015258789,28.0,27.510000228881836,28.0,28.0,1200
2013-12-05,27.950000762939453,27.950000762939453,27.950000762939453,27.950000762939453,27.950000762939453,300
2013-12-06,27.950000762939453,27.950000762939453,27.950000762939453,27.950000762939453,27.950000762939453,0
2013-12-09,27.950000762939453,27.950000762939453,27.950000762939453,27.950000762939453,27.950000762939453,0
2013-12-10,27.950000762939453,27.950000762939453,27.950000762939453,27.950000762939453,27.950000762939453,0
2013-12-11,27.950000762939453,27.950000762939453,27.950000762939453,27.950000762939453,27.950000762939453,0
2013-12-12,27.010000228881836,27.010000228881836,27.010000228881836,27.010000228881836,27.010000228881836,500
2013-12-13,27.5,27.5,27.5,27.5,27.5,300
2013-12-16,27.5,27.5,27.5,27.5,27.5,0
2013-12-17,29.0,29.0,29.0,29.0,29.0,300
2013-12-18,29.0,29.0,29.0,29.0,29.0,0
2013-12-19,29.0,29.0,29.0,29.0,29.0,0
2013-12-20,29.0,29.0,29.0,29.0,29.0,0
2013-12-23,29.0,29.0,29.0,29.0,29.0,0
2013-12-24,29.0,29.0,29.0,29.0,29.0,0
2013-12-26,29.290000915527344,29.290000915527344,29.290000915527344,29.290000915527344,29.290000915527344,100
2013-12-27,29.290000915527344,29.290000915527344,29.290000915527344,29.290000915527344,29.290000915527344,0
2013-12-30,29.959999084472656,34.0,29.959999084472656,32.0,32.0,2100
2013-12-31,34.4900016784668,35.0,29.0,33.5,33.5,2500
2014-01-02,30.989999771118164,31.0,30.5,30.5,30.5,500
2014-01-03,31.059999465942383,31.059999465942383,31.059999465942383,31.059999465942383,31.059999465942383,200
2014-01-06,32.5,32.5,32.5,32.5,32.5,200
2014-01-07,31.040000915527344,31.81999969482422,31.040000915527344,31.18000030517578,31.18000030517578,700
2014-01-08,31.040000915527344,31.040000915527344,31.040000915527344,31.040000915527344,31.040000915527344,300
2014-01-09,32.5,33.0,32.5,33.0,33.0,400
2014-01-10,33.0,33.0,33.0,33.0,33.0,0
2014-01-13,33.0,33.0,33.0,33.0,33.0,0
2014-01-14,33.0,33.0,33.0,33.0,33.0,0
2014-01-15,33.0,33.0,33.0,33.0,33.0,0
2014-01-16,33.0,33.0,33.0,33.0,33.0,0
2014-01-17,33.0,33.0,33.0,33.0,33.0,0
2014-01-21,35.939998626708984,36.060001373291016,35.939998626708984,36.060001373291016,36.060001373291016,500
2014-01-22,36.060001373291016,36.060001373291016,36.060001373291016,36.060001373291016,36.060001373291016,0
2014-01-23,36.060001373291016,36.060001373291016,36.060001373291016,36.060001373291016,36.060001373291016,0
2014-01-24,36.060001373291016,36.060001373291016,36.060001373291016,36.060001373291016,36.060001373291016,0
2014-01-27,36.060001373291016,36.060001373291016,36.060001373291016,36.060001373291016,36.060001373291016,0
2014-01-28,38.060001373291016,38.060001373291016,38.060001373291016,38.060001373291016,38.060001373291016,200
2014-01-29,38.060001373291016,38.060001373291016,38.060001373291016,38.060001373291016,38.060001373291016,0
2014-01-30,38.060001373291016,38.060001373291016,38.060001373291016,38.060001373291016,38.060001373291016,0
2014-01-31,38.060001373291016,38.060001373291016,38.060001373291016,38.060001373291016,38.060001373291016,0
2014-02-03,38.060001373291016,38.060001373291016,38.060001373291016,38.060001373291016,38.060001373291016,0
2014-02-04,38.060001373291016,38.060001373291016,38.060001373291016,38.060001373291016,38.060001373291016,0
2014-02-05,38.060001373291016,38.060001373291016,38.060001373291016,38.060001373291016,38.060001373291016,0
2014-02-06,38.060001373291016,38.060001373291016,38.060001373291016,38.060001373291016,38.060001373291016,0
2014-02-07,38.060001373291016,38.060001373291016,38.060001373291016,38.060001373291016,38.060001373291016,0
2014-02-10,45.0099983215332,45.0099983215332,45.0099983215332,45.0099983215332,45.0099983215332,300
2014-02-11,45.0099983215332,45.0099983215332,45.0099983215332,45.0099983215332,45.0099983215332,0
2014-02-12,45.0,45.0,38.099998474121094,38.11000061035156,38.11000061035156,1700
2014-02-13,45.91999816894531,45.91999816894531,45.91999816894531,45.91999816894531,45.91999816894531,100
2014-02-14,41.790000915527344,45.9900016784668,41.790000915527344,45.95000076293945,45.95000076293945,4600
2014-02-18,45.81999969482422,45.95000076293945,44.56999969482422,45.2599983215332,45.2599983215332,1700
2014-02-19,45.2599983215332,45.2599983215332,45.2599983215332,45.2599983215332,45.2599983215332,0
2014-02-20,45.0,45.0,45.0,45.0,45.0,200
2014-02-21,45.61000061035156,45.61000061035156,43.650001525878906,44.900001525878906,44.900001525878906,2400
2014-02-24,44.900001525878906,44.900001525878906,44.900001525878906,44.900001525878906,44.900001525878906,0
2014-02-25,44.900001525878906,44.900001525878906,44.900001525878906,44.900001525878906,44.900001525878906,0
2014-02-26,44.45000076293945,44.45000076293945,41.5,41.5,41.5,1800
2014-02-27,41.0099983215332,45.29999923706055,41.0099983215332,45.29999923706055,45.29999923706055,2700
2014-02-28,45.0,47.38999938964844,45.0,46.25,46.25,7900
2014-03-03,46.25,46.25,46.25,46.25,46.25,0
2014-03-04,45.0,47.5,42.040000915527344,47.5,47.5,2500
2014-03-05,47.95000076293945,48.0,47.95000076293945,48.0,48.0,300
2014-03-06,48.849998474121094,49.9900016784668,48.849998474121094,49.9900016784668,49.9900016784668,2500
2014-03-07,49.9900016784668,49.9900016784668,49.65999984741211,49.65999984741211,49.65999984741211,1100
2014-03-10,47.0,47.0,47.0,47.0,47.0,200
2014-03-11,49.939998626708984,53.0,49.849998474121094,53.0,53.0,4400
2014-03-12,53.0,53.0,52.0,53.0,53.0,1900
2014-03-13,52.7599983215332,52.7599983215332,50.54999923706055,50.54999923706055,50.54999923706055,800
2014-03-14,51.5,51.5,51.5,51.5,51.5,200
2014-03-17,50.5,50.560001373291016,50.5,50.529998779296875,50.529998779296875,600
2014-03-18,50.11000061035156,50.11000061035156,50.11000061035156,50.11000061035156,50.11000061035156,300
2014-03-19,50.150001525878906,50.150001525878906,50.150001525878906,50.150001525878906,50.150001525878906,100
2014-03-20,50.119998931884766,50.650001525878906,50.119998931884766,50.650001525878906,50.650001525878906,900
2014-03-21,52.75,52.75,52.75,52.75,52.75,1400
2014-03-24,52.75,52.75,52.72999954223633,52.75,52.75,900
2014-03-25,51.70000076293945,51.86000061035156,51.70000076293945,51.86000061035156,51.86000061035156,300
2014-03-26,52.2400016784668,52.2400016784668,50.13999938964844,50.5,50.5,3700
2014-03-27,50.720001220703125,51.619998931884766,50.5,51.619998931884766,51.619998931884766,2100
2014-03-28,51.5,51.5,51.5,51.5,51.5,100
2014-03-31,51.5,51.5,51.5,51.5,51.5,0
2014-04-01,52.75,52.75,52.75,52.75,52.75,700
2014-04-02,50.220001220703125,51.349998474121094,50.0,51.349998474121094,51.349998474121094,1900
2014-04-03,51.349998474121094,52.0,51.349998474121094,52.0,52.0,2000
2014-04-04,50.5,50.5,50.5,50.5,50.5,100
2014-04-07,50.11000061035156,51.900001525878906,49.939998626708984,51.900001525878906,51.900001525878906,2200
2014-04-08,51.0,51.029998779296875,51.0,51.029998779296875,51.029998779296875,1900
2014-04-09,51.04999923706055,51.04999923706055,51.0,51.0,51.0,1000
2014-04-10,51.0099983215332,51.0099983215332,51.0,51.0,51.0,700
2014-04-11,51.040000915527344,51.040000915527344,50.0099983215332,50.0099983215332,50.0099983215332,900
2014-04-14,50.060001373291016,51.0,50.0,51.0,51.0,3500
2014-04-15,50.0,51.0,50.0,50.79999923706055,50.79999923706055,8700
2014-04-16,50.0099983215332,50.58000183105469,50.0,50.52000045776367,50.52000045776367,2600
2014-04-17,50.52000045776367,50.52000045776367,50.52000045776367,50.52000045776367,50.52000045776367,0
2014-04-21,50.5,50.5,50.5,50.5,50.5,100
2014-04-22,50.099998474121094,50.5,50.06999969482422,50.5,50.5,2600
2014-04-23,50.060001373291016,50.08000183105469,49.310001373291016,49.310001373291016,49.310001373291016,2100
2014-04-24,49.9900016784668,49.9900016784668,48.0,48.0,48.0,1600
2014-04-25,49.790000915527344,50.720001220703125,48.88999938964844,49.84000015258789,49.84000015258789,4000
2014-04-28,49.95000076293945,50.5,49.900001525878906,49.95000076293945,49.95000076293945,2000
2014-04-29,50.0099983215332,50.25,50.0,50.11000061035156,50.11000061035156,1800
2014-04-30,50.0099983215332,50.5099983215332,50.0,50.5,50.5,5000
2014-05-01,50.5,50.5,50.5,50.5,50.5,0
2014-05-02,50.029998779296875,50.16999816894531,50.0,50.11000061035156,50.11000061035156,4600
2014-05-05,49.61000061035156,49.61000061035156,48.25,48.25,48.25,1200
2014-05-06,49.349998474121094,49.349998474121094,49.0,49.220001220703125,49.220001220703125,1500
2014-05-07,49.0,49.400001525878906,49.0,49.18000030517578,49.18000030517578,2500
2014-05-08,49.5,49.65999984741211,49.0,49.65999984741211,49.65999984741211,2500
2014-05-09,49.0099983215332,49.9900016784668,49.0,49.5,49.5,3800
2014-05-12,49.86000061035156,49.86000061035156,49.5,49.5,49.5,700
2014-05-13,50.79999923706055,50.79999923706055,49.720001220703125,49.7400016784668,49.7400016784668,2200
2014-05-14,49.18000030517578,50.0,49.099998474121094,50.0,50.0,3800
2014-05-15,50.0,50.0,50.0,50.0,50.0,0
2014-05-16,48.18000030517578,49.75,48.0,48.0,48.0,4800
2014-05-19,48.20000076293945,48.75,47.09000015258789,48.0,48.0,2500
2014-05-20,48.0,48.0,48.0,48.0,48.0,0
2014-05-21,46.5099983215332,47.189998626708984,45.04999923706055,46.0,46.0,3400
2014-05-22,46.5,49.779998779296875,45.0,46.0,46.0,7800
2014-05-23,46.0,46.0,46.0,46.0,46.0,0
2014-05-27,46.849998474121094,47.599998474121094,46.849998474121094,47.54999923706055,47.54999923706055,2300
2014-05-28,47.54999923706055,47.54999923706055,45.02000045776367,47.0,47.0,3400
2014-05-29,46.150001525878906,46.150001525878906,46.0,46.0,46.0,1800
2014-05-30,46.0,46.0,46.0,46.0,46.0,0
2014-06-02,48.0,48.0,46.5,46.5,46.5,4500
2014-06-03,46.5,46.5,46.5,46.5,46.5,0
2014-06-04,46.560001373291016,46.9900016784668,46.5,46.9900016784668,46.9900016784668,2200
2014-06-05,46.9900016784668,46.9900016784668,46.9900016784668,46.9900016784668,46.9900016784668,0
2014-06-06,46.9900016784668,46.9900016784668,46.9900016784668,46.9900016784668,46.9900016784668,0
2014-06-09,47.5,52.470001220703125,47.5,51.58000183105469,51.58000183105469,700
2014-06-10,52.459999084472656,52.4900016784668,52.22999954223633,52.22999954223633,52.22999954223633,800
2014-06-11,51.18000030517578,52.470001220703125,50.97999954223633,52.470001220703125,52.470001220703125,800
2014-06-12,51.9900016784668,52.4900016784668,47.2599983215332,52.4900016784668,52.4900016784668,3900
2014-06-13,52.4900016784668,52.4900016784668,52.4900016784668,52.4900016784668,52.4900016784668,0
2014-06-16,48.25,49.84000015258789,48.0,49.84000015258789,49.84000015258789,5900
2014-06-17,51.29999923706055,51.29999923706055,48.5,49.45000076293945,49.45000076293945,500
2014-06-18,51.189998626708984,51.189998626708984,51.189998626708984,51.189998626708984,51.189998626708984,400
2014-06-19,51.189998626708984,51.189998626708984,51.189998626708984,51.189998626708984,51.189998626708984,0
2014-06-20,51.43000030517578,51.43000030517578,47.59000015258789,47.59000015258789,47.59000015258789,4400
2014-06-23,48.63999938964844,48.63999938964844,47.5,48.04999923706055,48.04999923706055,1800
2014-06-24,48.0,48.959999084472656,48.0,48.959999084472656,48.959999084472656,300
2014-06-25,48.959999084472656,48.959999084472656,48.959999084472656,48.959999084472656,48.959999084472656,0
2014-06-26,49.290000915527344,49.33000183105469,48.0,48.0,48.0,300
2014-06-27,48.150001525878906,49.33000183105469,48.150001525878906,48.31999969482422,48.31999969482422,1300
2014-06-30,52.959999084472656,52.959999084472656,50.0,50.33000183105469,50.33000183105469,3300
2014-07-01,52.0,53.0,50.0,50.529998779296875,50.529998779296875,4100
2014-07-02,50.529998779296875,50.529998779296875,50.529998779296875,50.529998779296875,50.529998779296875,0
2014-07-03,52.4900016784668,52.4900016784668,49.5,51.720001220703125,51.720001220703125,6300
2014-07-07,52.81999969482422,52.81999969482422,51.5,52.0,52.0,2000
2014-07-08,52.0,52.0,52.0,52.0,52.0,0
2014-07-09,52.0,52.099998474121094,52.0,52.099998474121094,52.099998474121094,400
2014-07-10,53.0,53.0,52.06999969482422,52.06999969482422,52.06999969482422,1200
2014-07-11,52.06999969482422,52.06999969482422,52.06999969482422,52.06999969482422,52.06999969482422,0
2014-07-14,53.0,55.9900016784668,52.79999923706055,55.349998474121094,55.349998474121094,3300
2014-07-15,55.650001525878906,55.650001525878906,55.650001525878906,55.650001525878906,55.650001525878906,300
2014-07-16,55.84000015258789,55.970001220703125,54.9900016784668,55.22999954223633,55.22999954223633,1900
2014-07-17,55.0,55.0,54.5,55.0,55.0,400
2014-07-18,56.0,67.13999938964844,56.0,67.13999938964844,67.13999938964844,300
2014-07-21,63.9900016784668,63.9900016784668,63.9900016784668,63.9900016784668,63.9900016784668,300
2014-07-22,63.9900016784668,63.9900016784668,63.9900016784668,63.9900016784668,63.9900016784668,0
2014-07-23,63.9900016784668,63.9900016784668,63.9900016784668,63.9900016784668,63.9900016784668,0
2014-07-24,63.9900016784668,63.9900016784668,63.9900016784668,63.9900016784668,63.9900016784668,0
2014-07-25,56.869998931884766,62.560001373291016,56.869998931884766,62.560001373291016,62.560001373291016,1000
2014-07-28,62.560001373291016,62.560001373291016,62.560001373291016,62.560001373291016,62.560001373291016,0
2014-07-29,62.560001373291016,62.560001373291016,62.560001373291016,62.560001373291016,62.560001373291016,0
2014-07-30,62.560001373291016,62.560001373291016,62.560001373291016,62.560001373291016,62.560001373291016,0
2014-07-31,60.0,60.08000183105469,60.0,60.08000183105469,60.08000183105469,200
2014-08-01,60.0,60.0,60.0,60.0,60.0,300
2014-08-04,60.0,60.040000915527344,56.189998626708984,57.02000045776367,57.02000045776367,1400
2014-08-05,57.02000045776367,57.02000045776367,57.02000045776367,57.02000045776367,57.02000045776367,0
2014-08-06,57.02000045776367,57.02000045776367,57.02000045776367,57.02000045776367,57.02000045776367,0
2014-08-07,57.02000045776367,57.02000045776367,57.02000045776367,57.02000045776367,57.02000045776367,0
2014-08-08,57.5,57.5,56.54999923706055,56.54999923706055,56.54999923706055,500
2014-08-11,56.54999923706055,56.54999923706055,56.54999923706055,56.54999923706055,56.54999923706055,0
2014-08-12,60.0,60.0,60.0,60.0,60.0,500
2014-08-13,60.0,60.0,60.0,60.0,60.0,0
2014-08-14,61.400001525878906,61.400001525878906,61.400001525878906,61.400001525878906,61.400001525878906,100
2014-08-15,61.400001525878906,61.400001525878906,61.400001525878906,61.400001525878906,61.400001525878906,0
2014-08-18,64.19999694824219,64.25,63.349998474121094,64.01000213623047,64.01000213623047,600
2014-08-19,64.01000213623047,64.01000213623047,64.01000213623047,64.01000213623047,64.01000213623047,0
2014-08-20,64.01000213623047,64.01000213623047,64.01000213623047,64.01000213623047,64.01000213623047,0
2014-08-21,64.01000213623047,64.01000213623047,64.01000213623047,64.01000213623047,64.01000213623047,0
2014-08-22,64.01000213623047,64.01000213623047,64.01000213623047,64.01000213623047,64.01000213623047,0
2014-08-25,62.95000076293945,62.9900016784668,62.95000076293945,62.9900016784668,62.9900016784668,700
2014-08-26,62.9900016784668,62.9900016784668,62.9900016784668,62.9900016784668,62.9900016784668,0
2014-08-27,62.9900016784668,62.9900016784668,62.9900016784668,62.9900016784668,62.9900016784668,0
2014-08-28,60.29999923706055,60.29999923706055,60.29999923706055,60.29999923706055,60.29999923706055,100
2014-08-29,60.29999923706055,60.29999923706055,60.29999923706055,60.29999923706055,60.29999923706055,0
2014-09-02,60.29999923706055,60.29999923706055,60.29999923706055,60.29999923706055,60.29999923706055,0
2014-09-03,62.97999954223633,63.029998779296875,62.75,63.029998779296875,63.029998779296875,2600
2014-09-04,63.029998779296875,63.029998779296875,63.029998779296875,63.029998779296875,63.029998779296875,0
2014-09-05,63.029998779296875,63.029998779296875,63.029998779296875,63.029998779296875,63.029998779296875,0
2014-09-08,63.0,63.0,63.0,63.0,63.0,700
2014-09-09,63.0,63.0,63.0,63.0,63.0,0
2014-09-10,63.95000076293945,63.95000076293945,63.95000076293945,63.95000076293945,63.95000076293945,200
2014-09-11,63.95000076293945,63.95000076293945,63.95000076293945,63.95000076293945,63.95000076293945,0
2014-09-12,63.95000076293945,63.95000076293945,63.95000076293945,63.95000076293945,63.95000076293945,0
2014-09-15,63.95000076293945,63.95000076293945,63.95000076293945,63.95000076293945,63.95000076293945,0
2014-09-16,63.0,63.029998779296875,63.0,63.029998779296875,63.029998779296875,500
2014-09-17,63.029998779296875,63.029998779296875,63.029998779296875,63.029998779296875,63.029998779296875,0
2014-09-18,62.25,62.25,60.02000045776367,60.5,60.5,1400
2014-09-19,60.5,63.0,60.5,63.0,63.0,500
2014-09-22,63.0,63.0,63.0,63.0,63.0,900
2014-09-23,63.0,63.0,63.0,63.0,63.0,0
2014-09-24,60.5099983215332,60.5099983215332,60.0,60.0,60.0,2100
2014-09-25,60.0,60.0,60.0,60.0,60.0,0
2014-09-26,60.0,60.0,60.0,60.0,60.0,0
2014-09-29,57.959999084472656,57.959999084472656,57.0,57.0,57.0,800
2014-09-30,57.0,57.0,57.0,57.0,57.0,0
2014-10-01,54.02000045776367,55.029998779296875,53.880001068115234,55.029998779296875,55.029998779296875,1000
2014-10-02,54.0,54.0,54.0,54.0,54.0,100
2014-10-03,54.75,54.75,54.75,54.75,54.75,400
2014-10-06,54.95000076293945,55.0099983215332,54.95000076293945,55.0,55.0,1800
2014-10-07,55.029998779296875,55.029998779296875,55.0,55.0,55.0,900
2014-10-08,52.04999923706055,52.5,51.0,52.0,52.0,3700
2014-10-09,51.5,52.4900016784668,51.0,52.4900016784668,52.4900016784668,1400
2014-10-10,54.79999923706055,54.79999923706055,52.0,52.0,52.0,1300
2014-10-13,52.0,52.0,52.0,52.0,52.0,0
2014-10-14,50.0,50.0,46.0,46.0,46.0,4700
2014-10-15,47.0,48.38999938964844,47.0,47.5,47.5,3200
2014-10-16,47.5099983215332,48.5099983215332,47.5,47.5,47.5,1400
2014-10-17,48.0,51.0,48.0,49.0,49.0,1500
2014-10-20,51.5,51.5,51.47999954223633,51.5,51.5,800
2014-10-21,51.5,51.5,51.5,51.5,51.5,0
2014-10-22,51.5,51.5,51.5,51.5,51.5,0
2014-10-23,51.5,51.5,51.5,51.5,51.5,500
2014-10-24,50.0,50.0,50.0,50.0,50.0,600
2014-10-27,50.0,50.0,50.0,50.0,50.0,0
2014-10-28,50.0,50.0,50.0,50.0,50.0,0
2014-10-29,50.0,50.0,50.0,50.0,50.0,0
2014-10-30,50.0,50.0,50.0,50.0,50.0,0
2014-10-31,50.0,50.0,50.0,50.0,50.0,0
2014-11-03,50.0,50.0,50.0,50.0,50.0,0
2014-11-04,48.38999938964844,48.709999084472656,48.38999938964844,48.709999084472656,48.709999084472656,500
2014-11-05,50.0,50.0,50.0,50.0,50.0,200
2014-11-06,50.0,50.0,50.0,50.0,50.0,0
2014-11-07,50.0,52.0,50.0,52.0,52.0,700
2014-11-10,51.869998931884766,51.869998931884766,51.869998931884766,51.869998931884766,51.869998931884766,200
2014-11-11,51.869998931884766,51.869998931884766,51.869998931884766,51.869998931884766,51.869998931884766,0
2014-11-12,51.869998931884766,51.869998931884766,51.869998931884766,51.869998931884766,51.869998931884766,0
2014-11-13,49.20000076293945,49.20000076293945,49.0,49.0,49.0,500
2014-11-14,49.0,49.0,49.0,49.0,49.0,0
2014-11-17,49.0,49.0,49.0,49.0,49.0,0
2014-11-18,48.0,48.0,48.0,48.0,48.0,400
2014-11-19,48.0,48.0,48.0,48.0,48.0,0
2014-11-20,48.0,48.25,47.5,48.0,48.0,500
2014-11-21,48.0,48.0,48.0,48.0,48.0,0
2014-11-24,47.25,47.25,47.25,47.25,47.25,100
2014-11-25,47.25,47.25,47.25,47.25,47.25,0
2014-11-26,47.25,47.25,47.25,47.25,47.25,0
2014-11-28,49.79999923706055,49.79999923706055,49.79999923706055,49.79999923706055,49.79999923706055,100
2014-12-01,49.79999923706055,49.79999923706055,49.79999923706055,49.79999923706055,49.79999923706055,100
2014-12-02,47.9900016784668,48.0,47.9900016784668,48.0,48.0,600
2014-12-03,48.0,48.0,48.0,48.0,48.0,0
2014-12-04,48.0,48.0,48.0,48.0,48.0,0
2014-12-05,49.88999938964844,49.88999938964844,49.88999938964844,49.88999938964844,49.88999938964844,500
2014-12-08,49.88999938964844,49.88999938964844,49.88999938964844,49.88999938964844,49.88999938964844,0
2014-12-09,49.88999938964844,49.88999938964844,49.88999938964844,49.88999938964844,49.88999938964844,0
2014-12-10,49.88999938964844,49.88999938964844,49.88999938964844,49.88999938964844,49.88999938964844,0
2014-12-11,49.88999938964844,49.88999938964844,49.88999938964844,49.88999938964844,49.88999938964844,0
2014-12-12,49.88999938964844,49.88999938964844,49.88999938964844,49.88999938964844,49.88999938964844,0
2014-12-15,49.88999938964844,49.88999938964844,49.88999938964844,49.88999938964844,49.88999938964844,0
2014-12-16,49.88999938964844,49.88999938964844,49.88999938964844,49.88999938964844,49.88999938964844,0
2014-12-17,47.0,47.0,47.0,47.0,47.0,100
2014-12-18,49.099998474121094,49.099998474121094,49.099998474121094,49.099998474121094,49.099998474121094,1500
2014-12-19,49.099998474121094,49.099998474121094,49.099998474121094,49.099998474121094,49.099998474121094,0
2014-12-22,47.560001373291016,47.560001373291016,47.54999923706055,47.54999923706055,47.54999923706055,1100
2014-12-23,47.58000183105469,49.08000183105469,47.58000183105469,49.08000183105469,49.08000183105469,900
2014-12-24,49.08000183105469,49.08000183105469,49.08000183105469,49.08000183105469,49.08000183105469,0
2014-12-26,49.08000183105469,49.08000183105469,49.08000183105469,49.08000183105469,49.08000183105469,0
2014-12-29,49.08000183105469,49.08000183105469,49.08000183105469,49.08000183105469,49.08000183105469,0
2014-12-30,48.58000183105469,48.58000183105469,48.58000183105469,48.58000183105469,48.58000183105469,200
2014-12-31,48.58000183105469,48.58000183105469,48.58000183105469,48.58000183105469,48.58000183105469,0
2015-01-02,48.25,48.25,48.25,48.25,48.25,100
2015-01-05,49.0,49.0,49.0,49.0,49.0,600
2015-01-06,50.0,50.0,50.0,50.0,50.0,100
2015-01-07,50.0,50.0,50.0,50.0,50.0,0
2015-01-08,50.0,50.0,50.0,50.0,50.0,0
2015-01-09,49.0,49.0,49.0,49.0,49.0,400
2015-01-12,49.0,49.25,49.0,49.0,49.0,2100
2015-01-13,50.959999084472656,50.959999084472656,50.959999084472656,50.959999084472656,50.959999084472656,300
2015-01-14,50.40999984741211,50.40999984741211,50.40999984741211,50.40999984741211,50.40999984741211,200
2015-01-15,50.40999984741211,50.40999984741211,50.40999984741211,50.40999984741211,50.40999984741211,0
2015-01-16,50.40999984741211,50.40999984741211,50.40999984741211,50.40999984741211,50.40999984741211,0
2015-01-20,51.20000076293945,52.25,51.20000076293945,52.25,52.25,900
2015-01-21,54.650001525878906,54.650001525878906,51.5,51.52000045776367,51.52000045776367,1700
2015-01-22,48.130001068115234,48.130001068115234,48.130001068115234,48.130001068115234,48.130001068115234,400
2015-01-23,48.130001068115234,48.130001068115234,48.130001068115234,48.130001068115234,48.130001068115234,0
2015-01-26,48.130001068115234,48.130001068115234,48.130001068115234,48.130001068115234,48.130001068115234,0
2015-01-27,51.5,51.5,51.5,51.5,51.5,1000
2015-01-28,51.4900016784668,51.5,51.0,51.0,51.0,700
2015-01-29,51.0,51.0,51.0,51.0,51.0,0
2015-01-30,51.0,53.5,51.0,53.25,53.25,1200
2015-02-02,53.25,53.25,53.25,53.25,53.25,0
2015-02-03,55.0,55.0,55.0,55.0,55.0,400
2015-02-04,55.0,55.0,55.0,55.0,55.0,0
2015-02-05,55.0,55.0,55.0,55.0,55.0,0
2015-02-06,55.0,55.0,55.0,55.0,55.0,0
2015-02-09,55.0,55.0,55.0,55.0,55.0,0
2015-02-10,55.0,55.0,55.0,55.0,55.0,0
2015-02-11,55.0,55.0,55.0,55.0,55.0,0
2015-02-12,55.0,55.0,55.0,55.0,55.0,0
2015-02-13,55.0,55.0,55.0,55.0,55.0,100
2015-02-17,55.0,55.0,55.0,55.0,55.0,0
2015-02-18,55.0,55.0,55.0,55.0,55.0,0
2015-02-19,55.0,55.0,55.0,55.0,55.0,0
2015-02-20,51.0,51.0,51.0,51.0,51.0,900
2015-02-23,51.0,51.0,51.0,51.0,51.0,900
2015-02-24,50.400001525878906,50.5,50.400001525878906,50.5,50.5,900
2015-02-25,52.13999938964844,52.13999938964844,50.439998626708984,50.439998626708984,50.439998626708984,800
2015-02-26,50.439998626708984,50.439998626708984,50.439998626708984,50.439998626708984,50.439998626708984,0
2015-02-27,51.15999984741211,51.349998474121094,50.16999816894531,51.349998474121094,51.349998474121094,8200
2015-03-02,51.349998474121094,51.349998474121094,51.349998474121094,51.349998474121094,51.349998474121094,0
2015-03-03,50.72999954223633,51.130001068115234,50.72999954223633,51.130001068115234,51.130001068115234,200
2015-03-04,51.130001068115234,51.130001068115234,51.130001068115234,51.130001068115234,51.130001068115234,0
2015-03-05,51.130001068115234,51.130001068115234,51.130001068115234,51.130001068115234,51.130001068115234,0
2015-03-06,52.79999923706055,52.79999923706055,52.79999923706055,52.79999923706055,52.79999923706055,200
2015-03-09,50.09000015258789,50.09000015258789,49.040000915527344,49.04999923706055,49.04999923706055,700
2015-03-10,49.04999923706055,49.04999923706055,49.04999923706055,49.04999923706055,49.04999923706055,0
2015-03-11,49.5,49.5,49.5,49.5,49.5,100
2015-03-12,49.0,49.5,49.0,49.5,49.5,800
2015-03-13,49.5,49.5,49.5,49.5,49.5,0
2015-03-16,49.0,49.970001220703125,49.0,49.970001220703125,49.970001220703125,1400
2015-03-17,49.970001220703125,49.970001220703125,49.970001220703125,49.970001220703125,49.970001220703125,0
2015-03-18,48.130001068115234,48.130001068115234,47.0,47.0,47.0,1100
2015-03-19,47.0,47.0,47.0,47.0,47.0,0
2015-03-20,48.130001068115234,48.130001068115234,47.04999923706055,47.97999954223633,47.97999954223633,1800
2015-03-23,47.65999984741211,49.95000076293945,47.65999984741211,49.95000076293945,49.95000076293945,800
2015-03-24,49.95000076293945,49.95000076293945,49.95000076293945,49.95000076293945,49.95000076293945,0
2015-03-25,49.95000076293945,49.95000076293945,49.95000076293945,49.95000076293945,49.95000076293945,0
2015-03-26,49.95000076293945,49.95000076293945,49.95000076293945,49.95000076293945,49.95000076293945,0
2015-03-27,49.95000076293945,49.95000076293945,49.95000076293945,49.95000076293945,49.95000076293945,0
2015-03-30,49.5,49.5,49.5,49.5,49.5,100
2015-03-31,49.5,49.5,49.5,49.5,49.5,0
2015-04-01,47.779998779296875,49.5,47.0,47.45000076293945,47.45000076293945,6800
2015-04-02,47.619998931884766,48.599998474121094,47.08000183105469,48.56999969482422,48.56999969482422,800
2015-04-06,49.400001525878906,49.400001525878906,49.400001525878906,49.400001525878906,49.400001525878906,200
2015-04-07,49.45000076293945,50.0,49.45000076293945,50.0,50.0,1200
2015-04-08,50.0,50.0,50.0,50.0,50.0,0
2015-04-09,50.0,50.0,50.0,50.0,50.0,0
2015-04-10,50.0,50.0,50.0,50.0,50.0,0
2015-04-13,49.040000915527344,49.040000915527344,49.0,49.0,49.0,700
2015-04-14,50.279998779296875,50.279998779296875,49.029998779296875,49.029998779296875,49.029998779296875,900
2015-04-15,49.029998779296875,49.029998779296875,49.029998779296875,49.029998779296875,49.029998779296875,0
2015-04-16,49.029998779296875,49.029998779296875,49.029998779296875,49.029998779296875,49.029998779296875,0
2015-04-17,49.029998779296875,49.029998779296875,49.029998779296875,49.029998779296875,49.029998779296875,0
2015-04-20,49.29999923706055,49.29999923706055,49.29999923706055,49.29999923706055,49.29999923706055,200
2015-04-21,49.29999923706055,49.29999923706055,49.29999923706055,49.29999923706055,49.29999923706055,0
2015-04-22,50.689998626708984,50.95000076293945,50.689998626708984,50.95000076293945,50.95000076293945,500
2015-04-23,49.0,49.0,49.0,49.0,49.0,200
2015-04-24,49.0,49.0,49.0,49.0,49.0,0
2015-04-27,49.04999923706055,49.04999923706055,47.5,48.9900016784668,48.9900016784668,1800
2015-04-28,48.9900016784668,48.9900016784668,48.9900016784668,48.9900016784668,48.9900016784668,0
2015-04-29,48.9900016784668,48.9900016784668,48.9900016784668,48.9900016784668,48.9900016784668,0
2015-04-30,47.130001068115234,47.130001068115234,47.130001068115234,47.130001068115234,47.130001068115234,100
2015-05-01,47.130001068115234,47.130001068115234,47.130001068115234,47.130001068115234,47.130001068115234,0
2015-05-04,47.130001068115234,47.130001068115234,47.130001068115234,47.130001068115234,47.130001068115234,0
2015-05-05,47.599998474121094,48.25,47.54999923706055,47.959999084472656,47.959999084472656,3200
2015-05-06,47.95000076293945,48.20000076293945,47.93000030517578,48.189998626708984,48.189998626708984,1000
2015-05-07,49.150001525878906,51.95000076293945,49.099998474121094,51.95000076293945,51.95000076293945,500
2015-05-08,50.0,52.0,50.0,50.959999084472656,50.959999084472656,2500
2015-05-11,50.959999084472656,50.959999084472656,50.959999084472656,50.959999084472656,50.959999084472656,0
2015-05-12,51.0,51.0,51.0,51.0,51.0,200
2015-05-13,51.0,51.0,51.0,51.0,51.0,0
2015-05-14,50.779998779296875,50.900001525878906,50.75,50.75,50.75,2100
2015-05-15,49.20000076293945,50.0,49.20000076293945,50.0,50.0,900
2015-05-18,51.0,51.0,51.0,51.0,51.0,1100
2015-05-19,51.0,51.0,51.0,51.0,51.0,0
2015-05-20,49.29999923706055,49.29999923706055,49.29999923706055,49.29999923706055,49.29999923706055,400
2015-05-21,49.29999923706055,49.29999923706055,49.29999923706055,49.29999923706055,49.29999923706055,0
2015-05-22,49.27000045776367,52.9900016784668,49.27000045776367,51.0,51.0,1600
2015-05-26,51.0,51.0,51.0,51.0,51.0,0
2015-05-27,50.900001525878906,54.08000183105469,49.70000076293945,52.52000045776367,52.52000045776367,1600
2015-05-28,54.0099983215332,55.45000076293945,52.65999984741211,52.900001525878906,52.900001525878906,4800
2015-05-29,52.900001525878906,52.900001525878906,52.900001525878906,52.900001525878906,52.900001525878906,0
2015-06-01,54.38999938964844,54.38999938964844,54.38999938964844,54.38999938964844,54.38999938964844,100
2015-06-02,54.349998474121094,54.349998474121094,53.0,53.0,53.0,500
2015-06-03,53.0,53.0,53.0,53.0,53.0,0
2015-06-04,53.38999938964844,53.38999938964844,53.38999938964844,53.38999938964844,53.38999938964844,100
2015-06-05,51.060001373291016,51.060001373291016,51.060001373291016,51.060001373291016,51.060001373291016,100
2015-06-08,51.060001373291016,51.060001373291016,51.060001373291016,51.060001373291016,51.060001373291016,0
2015-06-09,51.459999084472656,54.86000061035156,51.459999084472656,54.86000061035156,54.86000061035156,1200
2015-06-10,55.0,55.0,50.31999969482422,50.31999969482422,50.31999969482422,500
2015-06-11,50.31999969482422,50.31999969482422,50.31999969482422,50.31999969482422,50.31999969482422,0
2015-06-12,55.0,55.0,55.0,55.0,55.0,800
2015-06-15,54.95000076293945,54.95000076293945,54.95000076293945,54.95000076293945,54.95000076293945,300
2015-06-16,55.0,55.0,55.0,55.0,55.0,600
2015-06-17,55.0,55.0,55.0,55.0,55.0,0
2015-06-18,55.0,55.310001373291016,55.0,55.310001373291016,55.310001373291016,1100
2015-06-19,55.5,55.5,55.5,55.5,55.5,200
2015-06-22,55.5,55.5,55.5,55.5,55.5,0
2015-06-23,53.630001068115234,55.0,53.630001068115234,55.0,55.0,1000
2015-06-24,54.61000061035156,55.130001068115234,54.61000061035156,55.130001068115234,55.130001068115234,400
2015-06-25,55.5,55.5,55.0,55.0,55.0,200
2015-06-26,55.0,55.0,55.0,55.0,55.0,0
2015-06-29,56.0,56.0,56.0,56.0,56.0,200
2015-06-30,56.0,56.0,56.0,56.0,56.0,0
2015-07-01,56.0,56.0,56.0,56.0,56.0,0
2015-07-02,57.0,57.0,57.0,57.0,57.0,300
2015-07-06,57.0,57.0,57.0,57.0,57.0,0
2015-07-07,57.0,57.0,57.0,57.0,57.0,0
2015-07-08,57.0,57.0,57.0,57.0,57.0,0
2015-07-09,57.0,57.0,57.0,57.0,57.0,0
2015-07-10,57.0,57.0,57.0,57.0,57.0,0
2015-07-13,55.79999923706055,55.79999923706055,55.790000915527344,55.79999923706055,55.79999923706055,600
2015-07-14,55.79999923706055,55.79999923706055,55.79999923706055,55.79999923706055,55.79999923706055,0
2015-07-15,55.29999923706055,55.5,55.29999923706055,55.29999923706055,55.29999923706055,700
2015-07-16,55.599998474121094,55.79999923706055,55.599998474121094,55.79999923706055,55.79999923706055,500
2015-07-17,56.61000061035156,56.7599983215332,56.279998779296875,56.279998779296875,56.279998779296875,300
2015-07-20,56.279998779296875,56.279998779296875,56.279998779296875,56.279998779296875,56.279998779296875,0
2015-07-21,56.279998779296875,56.279998779296875,56.279998779296875,56.279998779296875,56.279998779296875,0
2015-07-22,56.279998779296875,56.279998779296875,56.279998779296875,56.279998779296875,56.279998779296875,0
2015-07-23,56.81999969482422,56.81999969482422,55.720001220703125,55.720001220703125,55.720001220703125,400
2015-07-24,55.720001220703125,55.720001220703125,55.720001220703125,55.720001220703125,55.720001220703125,0
2015-07-27,57.0,57.0,57.0,57.0,57.0,200
2015-07-28,53.04999923706055,53.04999923706055,53.04999923706055,53.04999923706055,53.04999923706055,100
2015-07-29,53.04999923706055,53.04999923706055,53.04999923706055,53.04999923706055,53.04999923706055,0
2015-07-30,53.04999923706055,53.04999923706055,53.04999923706055,53.04999923706055,53.04999923706055,0
2015-07-31,53.04999923706055,53.04999923706055,53.04999923706055,53.04999923706055,53.04999923706055,0
2015-08-03,55.0,55.0,55.0,55.0,55.0,100
2015-08-04,55.0,55.0,55.0,55.0,55.0,0
2015-08-05,55.0,55.0,55.0,55.0,55.0,0
2015-08-06,55.0,55.0,55.0,55.0,55.0,0
2015-08-07,55.0,55.0,55.0,55.0,55.0,0
2015-08-10,55.0,55.0,55.0,55.0,55.0,0
2015-08-11,55.0,55.0,55.0,55.0,55.0,0
2015-08-12,55.0,55.0,55.0,55.0,55.0,0
2015-08-13,55.0,55.0,55.0,55.0,55.0,0
2015-08-14,55.0,55.0,55.0,55.0,55.0,600
2015-08-17,55.0,55.0,55.0,55.0,55.0,0
2015-08-18,58.25,58.5,56.099998474121094,57.0099983215332,57.0099983215332,2300
2015-08-19,57.0099983215332,57.0099983215332,57.0099983215332,57.0099983215332,57.0099983215332,0
2015-08-20,56.25,59.0,56.25,59.0,59.0,700
2015-08-21,59.0,59.0,59.0,59.0,59.0,0
2015-08-24,56.25,59.0,55.0,56.0,56.0,700
2015-08-25,56.0,56.0,56.0,56.0,56.0,5300
2015-08-26,56.0,56.0,56.0,56.0,56.0,0
2015-08-27,56.0,56.0,56.0,56.0,56.0,0
2015-08-28,56.0,56.0,55.95000076293945,55.95000076293945,55.95000076293945,200
2015-08-31,59.93000030517578,59.93000030517578,59.93000030517578,59.93000030517578,59.93000030517578,200
2015-09-01,59.93000030517578,59.93000030517578,59.93000030517578,59.93000030517578,59.93000030517578,0
2015-09-02,57.0,57.0,57.0,57.0,57.0,600
2015-09-03,57.0,57.0,57.0,57.0,57.0,0
2015-09-04,57.0,57.0,57.0,57.0,57.0,0
2015-09-08,56.900001525878906,56.900001525878906,56.900001525878906,56.900001525878906,56.900001525878906,400
2015-09-09,56.0,56.0,55.25,56.0,56.0,800
2015-09-10,56.0,56.0,56.0,56.0,56.0,600
2015-09-11,56.95000076293945,58.97999954223633,56.95000076293945,58.79999923706055,58.79999923706055,1300
2015-09-14,58.79999923706055,58.79999923706055,58.79999923706055,58.79999923706055,58.79999923706055,0
2015-09-15,58.0,59.0,58.0,59.0,59.0,1000
2015-09-16,59.0,59.0,59.0,59.0,59.0,0
2015-09-17,56.650001525878906,59.0,56.650001525878906,59.0,59.0,700
2015-09-18,59.0,63.20000076293945,56.9900016784668,56.9900016784668,56.9900016784668,9300
2015-09-21,57.2599983215332,58.0099983215332,57.2599983215332,58.0,58.0,800
2015-09-22,58.5,58.5,58.0,58.0,58.0,700
2015-09-23,56.54999923706055,58.02000045776367,56.45000076293945,58.0,58.0,2200
2015-09-24,58.0,58.0,58.0,58.0,58.0,0
2015-09-25,55.75,56.619998931884766,55.5,56.41999816894531,56.41999816894531,1800
2015-09-28,56.41999816894531,56.41999816894531,56.41999816894531,56.41999816894531,56.41999816894531,0
2015-09-29,55.15999984741211,55.560001373291016,55.15999984741211,55.560001373291016,55.560001373291016,400
2015-09-30,57.5,57.5,57.5,57.5,57.5,200
2015-10-01,57.5,57.5,57.5,57.5,57.5,0
2015-10-02,57.5,57.5,57.5,57.5,57.5,0
2015-10-05,57.5,57.5,57.5,57.5,57.5,0
2015-10-06,57.5,57.5,57.5,57.5,57.5,0
2015-10-07,57.5,57.5,57.5,57.5,57.5,0
2015-10-08,56.029998779296875,56.029998779296875,56.029998779296875,56.029998779296875,56.029998779296875,100
2015-10-09,56.029998779296875,56.029998779296875,56.029998779296875,56.029998779296875,56.029998779296875,0
2015-10-12,56.029998779296875,56.029998779296875,56.029998779296875,56.029998779296875,56.029998779296875,0
2015-10-13,56.0,56.0,55.04999923706055,55.04999923706055,55.04999923706055,500
2015-10-14,57.0,57.0,57.0,57.0,57.0,200
2015-10-15,57.0,57.0,57.0,57.0,57.0,0
2015-10-16,57.0,57.0,57.0,57.0,57.0,0
2015-10-19,57.0,57.0,57.0,57.0,57.0,0
2015-10-20,57.0,57.0,57.0,57.0,57.0,0
2015-10-21,56.150001525878906,56.150001525878906,55.849998474121094,55.86000061035156,55.86000061035156,1200
2015-10-22,55.029998779296875,56.5,55.0,56.41999816894531,56.41999816894531,4000
2015-10-23,56.41999816894531,56.41999816894531,56.41999816894531,56.41999816894531,56.41999816894531,0
2015-10-26,56.41999816894531,56.41999816894531,56.41999816894531,56.41999816894531,56.41999816894531,0
2015-10-27,56.41999816894531,56.41999816894531,56.41999816894531,56.41999816894531,56.41999816894531,0
2015-10-28,56.41999816894531,56.41999816894531,56.41999816894531,56.41999816894531,56.41999816894531,0
2015-10-29,56.41999816894531,56.41999816894531,56.41999816894531,56.41999816894531,56.41999816894531,0
2015-10-30,55.20000076293945,55.75,55.20000076293945,55.75,55.75,600
2015-11-02,55.75,55.75,55.75,55.75,55.75,0
2015-11-03,55.529998779296875,55.529998779296875,55.529998779296875,55.529998779296875,55.529998779296875,200
2015-11-04,55.529998779296875,55.529998779296875,55.529998779296875,55.529998779296875,55.529998779296875,0
2015-11-05,55.529998779296875,55.529998779296875,55.529998779296875,55.529998779296875,55.529998779296875,0
2015-11-06,55.529998779296875,55.529998779296875,55.529998779296875,55.529998779296875,55.529998779296875,0
2015-11-09,55.529998779296875,55.529998779296875,55.529998779296875,55.529998779296875,55.529998779296875,0
2015-11-10,55.529998779296875,55.529998779296875,55.529998779296875,55.529998779296875,55.529998779296875,0
2015-11-11,55.529998779296875,55.529998779296875,55.529998779296875,55.529998779296875,55.529998779296875,0
2015-11-12,55.529998779296875,55.529998779296875,55.529998779296875,55.529998779296875,55.529998779296875,0
2015-11-13,55.529998779296875,55.529998779296875,55.529998779296875,55.529998779296875,55.529998779296875,0
2015-11-16,55.810001373291016,55.810001373291016,55.77000045776367,55.77000045776367,55.77000045776367,1000
2015-11-17,55.77000045776367,55.77000045776367,55.77000045776367,55.77000045776367,55.77000045776367,0
2015-11-18,55.77000045776367,55.77000045776367,55.77000045776367,55.77000045776367,55.77000045776367,0
2015-11-19,55.77000045776367,55.77000045776367,55.77000045776367,55.77000045776367,55.77000045776367,0
2015-11-20,55.77000045776367,55.77000045776367,55.77000045776367,55.77000045776367,55.77000045776367,0
2015-11-23,55.77000045776367,55.77000045776367,55.77000045776367,55.77000045776367,55.77000045776367,0
2015-11-24,55.77000045776367,55.77000045776367,55.77000045776367,55.77000045776367,55.77000045776367,0
2015-11-25,55.77000045776367,55.77000045776367,55.77000045776367,55.77000045776367,55.77000045776367,0
2015-11-27,56.5,57.900001525878906,56.5,57.900001525878906,57.900001525878906,200
2015-11-30,57.900001525878906,57.900001525878906,57.900001525878906,57.900001525878906,57.900001525878906,0
2015-12-01,57.900001525878906,57.900001525878906,57.900001525878906,57.900001525878906,57.900001525878906,0
2015-12-02,57.900001525878906,57.900001525878906,57.900001525878906,57.900001525878906,57.900001525878906,0
2015-12-03,57.900001525878906,57.900001525878906,57.900001525878906,57.900001525878906,57.900001525878906,0
2015-12-04,57.900001525878906,57.900001525878906,57.900001525878906,57.900001525878906,57.900001525878906,1300
2015-12-07,57.900001525878906,57.900001525878906,57.900001525878906,57.900001525878906,57.900001525878906,0
2015-12-08,57.900001525878906,57.900001525878906,57.900001525878906,57.900001525878906,57.900001525878906,0
2015-12-09,57.900001525878906,57.900001525878906,57.900001525878906,57.900001525878906,57.900001525878906,0
2015-12-10,57.900001525878906,57.900001525878906,57.900001525878906,57.900001525878906,57.900001525878906,0
2015-12-11,57.900001525878906,57.900001525878906,57.900001525878906,57.900001525878906,57.900001525878906,0
2015-12-14,56.0,56.0,56.0,56.0,56.0,800
2015-12-15,56.0,56.0,56.0,56.0,56.0,0
2015-12-16,56.0,56.0,56.0,56.0,56.0,0
2015-12-17,56.0,56.0,56.0,56.0,56.0,0
2015-12-18,56.0,56.0,56.0,56.0,56.0,0
2015-12-21,55.79999923706055,57.25,55.790000915527344,56.56999969482422,56.56999969482422,1100
2015-12-22,56.56999969482422,56.56999969482422,56.56999969482422,56.56999969482422,56.56999969482422,0
2015-12-23,56.56999969482422,56.56999969482422,56.56999969482422,56.56999969482422,56.56999969482422,0
2015-12-24,56.20000076293945,56.20000076293945,56.20000076293945,56.20000076293945,56.20000076293945,300
2015-12-28,55.04999923706055,55.04999923706055,55.04999923706055,55.04999923706055,55.04999923706055,200
2015-12-29,57.29999923706055,57.45000076293945,57.29999923706055,57.45000076293945,57.45000076293945,400
2015-12-30,57.45000076293945,57.45000076293945,57.45000076293945,57.45000076293945,57.45000076293945,0
2015-12-31,57.45000076293945,57.45000076293945,57.45000076293945,57.45000076293945,57.45000076293945,0
2016-01-04,57.45000076293945,57.45000076293945,57.45000076293945,57.45000076293945,57.45000076293945,0
2016-01-05,57.45000076293945,57.45000076293945,57.45000076293945,57.45000076293945,57.45000076293945,0
2016-01-06,57.45000076293945,57.45000076293945,57.45000076293945,57.45000076293945,57.45000076293945,0
2016-01-07,57.45000076293945,57.45000076293945,57.45000076293945,57.45000076293945,57.45000076293945,0
2016-01-08,57.45000076293945,57.45000076293945,57.45000076293945,57.45000076293945,57.45000076293945,0
2016-01-11,57.45000076293945,57.45000076293945,57.45000076293945,57.45000076293945,57.45000076293945,0
2016-01-12,57.45000076293945,57.45000076293945,57.45000076293945,57.45000076293945,57.45000076293945,0
2016-01-13,56.0,56.0,55.5,56.0,56.0,1600
2016-01-14,56.0,56.0,55.0,55.0,55.0,11100
2016-01-15,55.0,55.0,55.0,55.0,55.0,0
2016-01-19,55.0,55.0,55.0,55.0,55.0,0
2016-01-20,54.90999984741211,54.90999984741211,54.90999984741211,54.90999984741211,54.90999984741211,100
2016-01-21,54.90999984741211,54.90999984741211,54.90999984741211,54.90999984741211,54.90999984741211,0
2016-01-22,54.90999984741211,54.90999984741211,54.90999984741211,54.90999984741211,54.90999984741211,0
2016-01-25,54.90999984741211,54.90999984741211,54.90999984741211,54.90999984741211,54.90999984741211,0
2016-01-26,54.90999984741211,54.90999984741211,54.90999984741211,54.90999984741211,54.90999984741211,0
2016-01-27,54.9900016784668,54.9900016784668,54.9900016784668,54.9900016784668,54.9900016784668,100
2016-01-28,54.9900016784668,54.9900016784668,54.9900016784668,54.9900016784668,54.9900016784668,0
2016-01-29,54.9900016784668,54.9900016784668,54.9900016784668,54.9900016784668,54.9900016784668,0
2016-02-01,54.9900016784668,54.9900016784668,54.9900016784668,54.9900016784668,54.9900016784668,0
2016-02-02,55.0,55.0,54.970001220703125,55.0,55.0,900
2016-02-03,55.0,55.0,55.0,55.0,55.0,0
2016-02-04,55.0,55.0,55.0,55.0,55.0,0
2016-02-05,54.20000076293945,54.20000076293945,54.20000076293945,54.20000076293945,54.20000076293945,100
2016-02-08,54.150001525878906,54.150001525878906,54.150001525878906,54.150001525878906,54.150001525878906,100
2016-02-09,54.150001525878906,54.150001525878906,54.150001525878906,54.150001525878906,54.150001525878906,100
2016-02-10,54.150001525878906,54.150001525878906,54.150001525878906,54.150001525878906,54.150001525878906,0
2016-02-11,53.880001068115234,53.880001068115234,53.880001068115234,53.880001068115234,53.880001068115234,300
2016-02-12,49.08000183105469,51.91999816894531,49.08000183105469,51.91999816894531,51.91999816894531,500
2016-02-16,51.91999816894531,51.91999816894531,51.91999816894531,51.91999816894531,51.91999816894531,0
2016-02-17,50.5,50.5,50.5,50.5,50.5,200
2016-02-18,46.0,47.0099983215332,46.0,46.439998626708984,46.439998626708984,3200
2016-02-19,46.439998626708984,46.439998626708984,46.439998626708984,46.439998626708984,46.439998626708984,0
2016-02-22,49.58000183105469,49.58000183105469,49.58000183105469,49.58000183105469,49.58000183105469,100
2016-02-23,49.58000183105469,49.58000183105469,49.58000183105469,49.58000183105469,49.58000183105469,0
2016-02-24,49.58000183105469,49.58000183105469,49.58000183105469,49.58000183105469,49.58000183105469,0
2016-02-25,49.58000183105469,49.58000183105469,49.58000183105469,49.58000183105469,49.58000183105469,0
2016-02-26,49.58000183105469,49.58000183105469,49.58000183105469,49.58000183105469,49.58000183105469,0
2016-02-29,52.0,52.0,52.0,52.0,52.0,200
2016-03-01,52.0,52.0,52.0,52.0,52.0,0
2016-03-02,52.0,52.0,52.0,52.0,52.0,0
2016-03-03,52.0,52.0,52.0,52.0,52.0,0
2016-03-04,52.0,52.0,52.0,52.0,52.0,0
2016-03-07,52.0,52.0,52.0,52.0,52.0,0
2016-03-08,52.0,52.0,52.0,52.0,52.0,0
2016-03-09,52.0,52.0,52.0,52.0,52.0,0
2016-03-10,52.0,52.0,52.0,52.0,52.0,0
2016-03-11,52.0,52.0,52.0,52.0,52.0,0
2016-03-14,52.0,52.0,52.0,52.0,52.0,0
2016-03-15,52.0,52.0,52.0,52.0,52.0,0
2016-03-16,52.0,52.0,52.0,52.0,52.0,0
2016-03-17,52.0,52.0,52.0,52.0,52.0,900
2016-03-18,52.0,52.0,52.0,52.0,52.0,0
2016-03-21,53.59000015258789,53.59000015258789,53.59000015258789,53.59000015258789,53.59000015258789,100
2016-03-22,53.59000015258789,53.59000015258789,53.59000015258789,53.59000015258789,53.59000015258789,0
2016-03-23,53.59000015258789,53.59000015258789,53.59000015258789,53.59000015258789,53.59000015258789,0
2016-03-24,53.59000015258789,53.59000015258789,53.59000015258789,53.59000015258789,53.59000015258789,0
2016-03-28,53.59000015258789,53.59000015258789,53.59000015258789,53.59000015258789,53.59000015258789,0
2016-03-29,53.59000015258789,53.59000015258789,53.59000015258789,53.59000015258789,53.59000015258789,0
2016-03-30,53.59000015258789,53.59000015258789,53.59000015258789,53.59000015258789,53.59000015258789,0
2016-03-31,53.59000015258789,53.59000015258789,53.59000015258789,53.59000015258789,53.59000015258789,0
2016-04-01,53.59000015258789,53.59000015258789,53.59000015258789,53.59000015258789,53.59000015258789,0
2016-04-04,53.59000015258789,53.59000015258789,53.59000015258789,53.59000015258789,53.59000015258789,0
2016-04-05,53.59000015258789,53.59000015258789,53.59000015258789,53.59000015258789,53.59000015258789,0
2016-04-06,53.5,53.5,53.5,53.5,53.5,200
2016-04-07,53.77000045776367,53.95000076293945,53.7599983215332,53.95000076293945,53.95000076293945,300
2016-04-08,53.95000076293945,53.95000076293945,53.95000076293945,53.95000076293945,53.95000076293945,0
2016-04-11,53.77000045776367,53.77000045776367,53.77000045776367,53.77000045776367,53.77000045776367,100
2016-04-12,53.77000045776367,53.77000045776367,53.77000045776367,53.77000045776367,53.77000045776367,0
2016-04-13,54.0,54.0,53.0,53.0,53.0,2500
2016-04-14,53.0,53.0,53.0,53.0,53.0,0
2016-04-15,50.41999816894531,52.0,50.20000076293945,51.52000045776367,51.52000045776367,2800
2016-04-18,51.52000045776367,51.52000045776367,51.52000045776367,51.52000045776367,51.52000045776367,0
2016-04-19,51.52000045776367,51.52000045776367,51.52000045776367,51.52000045776367,51.52000045776367,0
2016-04-20,51.0,52.0,51.0,52.0,52.0,500
2016-04-21,52.0,52.0,52.0,52.0,52.0,0
2016-04-22,52.0,52.0,52.0,52.0,52.0,0
2016-04-25,52.0,52.0,52.0,52.0,52.0,0
2016-04-26,50.5,50.5,50.5,50.5,50.5,100
2016-04-27,51.54999923706055,51.54999923706055,51.54999923706055,51.54999923706055,51.54999923706055,200
2016-04-28,51.0,52.0,51.0,52.0,52.0,1100
2016-04-29,52.0,52.0,52.0,52.0,52.0,0
2016-05-02,54.880001068115234,55.5099983215332,53.33000183105469,55.33000183105469,55.33000183105469,5400
2016-05-03,55.33000183105469,55.33000183105469,55.33000183105469,55.33000183105469,55.33000183105469,0
2016-05-04,53.0,53.779998779296875,53.0,53.720001220703125,53.720001220703125,1400
2016-05-05,53.720001220703125,53.720001220703125,53.720001220703125,53.720001220703125,53.720001220703125,0
2016-05-06,53.720001220703125,53.720001220703125,53.720001220703125,53.720001220703125,53.720001220703125,0
2016-05-09,53.720001220703125,53.720001220703125,53.720001220703125,53.720001220703125,53.720001220703125,0
2016-05-10,53.720001220703125,53.720001220703125,53.720001220703125,53.720001220703125,53.720001220703125,0
2016-05-11,53.720001220703125,53.720001220703125,53.720001220703125,53.720001220703125,53.720001220703125,0
2016-05-12,53.720001220703125,53.720001220703125,53.720001220703125,53.720001220703125,53.720001220703125,0
2016-05-13,57.869998931884766,57.869998931884766,57.869998931884766,57.869998931884766,57.869998931884766,100
2016-05-16,57.869998931884766,57.869998931884766,57.869998931884766,57.869998931884766,57.869998931884766,0
2016-05-17,57.869998931884766,57.869998931884766,57.869998931884766,57.869998931884766,57.869998931884766,0
2016-05-18,57.869998931884766,57.869998931884766,57.869998931884766,57.869998931884766,57.869998931884766,0
2016-05-19,57.869998931884766,57.869998931884766,57.869998931884766,57.869998931884766,57.869998931884766,0
2016-05-20,57.869998931884766,57.869998931884766,57.869998931884766,57.869998931884766,57.869998931884766,0
2016-05-23,57.869998931884766,57.869998931884766,57.869998931884766,57.869998931884766,57.869998931884766,0
2016-05-24,53.5,54.0,53.5,53.900001525878906,53.900001525878906,300
2016-05-25,53.900001525878906,53.900001525878906,53.900001525878906,53.900001525878906,53.900001525878906,0
2016-05-26,53.900001525878906,53.900001525878906,53.900001525878906,53.900001525878906,53.900001525878906,0
2016-05-27,53.900001525878906,53.900001525878906,53.900001525878906,53.900001525878906,53.900001525878906,0
2016-05-31,53.900001525878906,53.900001525878906,53.900001525878906,53.900001525878906,53.900001525878906,0
2016-06-01,55.7400016784668,55.7400016784668,52.119998931884766,52.119998931884766,52.119998931884766,3900
2016-06-02,52.119998931884766,56.95000076293945,47.619998931884766,56.95000076293945,56.95000076293945,17500
2016-06-03,55.33000183105469,55.33000183105469,52.029998779296875,52.029998779296875,52.029998779296875,700
2016-06-06,53.27000045776367,53.27000045776367,53.27000045776367,53.27000045776367,53.27000045776367,100
2016-06-07,52.0099983215332,52.90999984741211,50.869998931884766,52.70000076293945,52.70000076293945,4300
2016-06-08,51.0,51.0,51.0,51.0,51.0,100
2016-06-09,53.33000183105469,53.33000183105469,51.25,51.25,51.25,400
2016-06-10,51.15999984741211,52.43000030517578,50.720001220703125,51.040000915527344,51.040000915527344,2200
2016-06-13,51.0,51.0,51.0,51.0,51.0,300
2016-06-14,52.0,52.0,52.0,52.0,52.0,200
2016-06-15,51.209999084472656,51.209999084472656,51.209999084472656,51.209999084472656,51.209999084472656,100
2016-06-16,51.209999084472656,51.209999084472656,51.209999084472656,51.209999084472656,51.209999084472656,0
2016-06-17,49.81999969482422,49.81999969482422,49.81999969482422,49.81999969482422,49.81999969482422,200
2016-06-20,51.79999923706055,51.79999923706055,51.040000915527344,51.040000915527344,51.040000915527344,200
2016-06-21,51.040000915527344,51.040000915527344,51.040000915527344,51.040000915527344,51.040000915527344,0
2016-06-22,51.4900016784668,51.4900016784668,51.4900016784668,51.4900016784668,51.4900016784668,200
2016-06-23,51.4900016784668,51.4900016784668,51.4900016784668,51.4900016784668,51.4900016784668,0
2016-06-24,49.5,49.5,49.5,49.5,49.5,100
2016-06-27,49.5,49.5,49.5,49.5,49.5,0
2016-06-28,49.0,50.0,48.90999984741211,50.0,50.0,2500
2016-06-29,50.0,50.0,49.5,49.5099983215332,49.5099983215332,1100
2016-06-30,49.849998474121094,50.900001525878906,49.529998779296875,49.75,49.75,8600
2016-07-01,49.2599983215332,49.52000045776367,49.029998779296875,49.52000045776367,49.52000045776367,600
2016-07-05,49.0099983215332,49.06999969482422,48.63999938964844,49.04999923706055,49.04999923706055,2700
2016-07-06,48.36000061035156,48.61000061035156,47.400001525878906,47.41999816894531,47.41999816894531,1800
2016-07-07,47.0,48.79999923706055,47.0,48.099998474121094,48.099998474121094,2500
2016-07-08,48.16999816894531,49.599998474121094,48.16999816894531,48.709999084472656,48.709999084472656,6600
2016-07-11,48.0,48.54999923706055,48.0,48.0099983215332,48.0099983215332,1700
2016-07-12,48.83000183105469,48.9900016784668,47.5,47.5,47.5,1700
2016-07-13,48.29999923706055,48.72999954223633,47.790000915527344,48.15999984741211,48.15999984741211,2000
2016-07-14,48.15999984741211,48.15999984741211,48.15999984741211,48.15999984741211,48.15999984741211,0
2016-07-15,47.79999923706055,49.0,47.79999923706055,48.599998474121094,48.599998474121094,6400
2016-07-18,48.5,48.5,47.06999969482422,47.099998474121094,47.099998474121094,2600
2016-07-19,46.939998626708984,47.380001068115234,46.0,47.380001068115234,47.380001068115234,2500
2016-07-20,45.75,46.650001525878906,45.75,46.11000061035156,46.11000061035156,4100
2016-07-21,45.900001525878906,47.18000030517578,45.900001525878906,46.33000183105469,46.33000183105469,6500
2016-07-22,45.959999084472656,47.06999969482422,45.959999084472656,46.66999816894531,46.66999816894531,1000
2016-07-25,47.5,48.0,47.20000076293945,47.79999923706055,47.79999923706055,3700
2016-07-26,47.29999923706055,47.720001220703125,47.099998474121094,47.599998474121094,47.599998474121094,2000
2016-07-27,46.90999984741211,47.5,46.90999984741211,47.5,47.5,21500
2016-07-28,47.5,47.5,47.5,47.5,47.5,0
2016-07-29,47.5,47.5,47.5,47.5,47.5,0
2016-08-01,47.5,47.5,47.5,47.5,47.5,0
2016-08-02,47.5,47.5,47.5,47.5,47.5,0
2016-08-03,46.52000045776367,46.52000045776367,46.52000045776367,46.52000045776367,46.52000045776367,200
2016-08-04,48.4900016784668,48.4900016784668,48.4900016784668,48.4900016784668,48.4900016784668,100
2016-08-05,48.4900016784668,48.4900016784668,48.4900016784668,48.4900016784668,48.4900016784668,0
2016-08-08,48.4900016784668,48.4900016784668,48.4900016784668,48.4900016784668,48.4900016784668,0
2016-08-09,48.4900016784668,48.4900016784668,48.4900016784668,48.4900016784668,48.4900016784668,0
2016-08-10,48.4900016784668,48.4900016784668,48.4900016784668,48.4900016784668,48.4900016784668,0
2016-08-11,48.4900016784668,48.4900016784668,48.4900016784668,48.4900016784668,48.4900016784668,0
2016-08-12,47.369998931884766,47.369998931884766,47.16999816894531,47.25,47.25,400
2016-08-15,47.25,47.25,47.25,47.25,47.25,0
2016-08-16,48.470001220703125,48.5,47.7400016784668,47.75,47.75,1300
2016-08-17,47.75,47.75,47.75,47.75,47.75,0
2016-08-18,47.11000061035156,47.900001525878906,47.0,47.599998474121094,47.599998474121094,2000
2016-08-19,47.599998474121094,47.599998474121094,47.599998474121094,47.599998474121094,47.599998474121094,0
2016-08-22,47.599998474121094,47.599998474121094,47.599998474121094,47.599998474121094,47.599998474121094,0
2016-08-23,48.0,48.0,47.5,47.900001525878906,47.900001525878906,300
2016-08-24,47.900001525878906,47.900001525878906,47.900001525878906,47.900001525878906,47.900001525878906,0
2016-08-25,47.900001525878906,47.900001525878906,47.900001525878906,47.900001525878906,47.900001525878906,0
2016-08-26,47.900001525878906,47.900001525878906,47.900001525878906,47.900001525878906,47.900001525878906,0
2016-08-29,47.900001525878906,47.900001525878906,47.900001525878906,47.900001525878906,47.900001525878906,0
2016-08-30,47.900001525878906,47.900001525878906,47.900001525878906,47.900001525878906,47.900001525878906,0
2016-08-31,48.0,48.0,47.84000015258789,48.0,48.0,700
2016-09-01,48.0,48.0,48.0,48.0,48.0,0
2016-09-02,48.0,48.0,48.0,48.0,48.0,0
2016-09-06,47.68000030517578,47.68000030517578,46.33000183105469,46.540000915527344,46.540000915527344,900
2016-09-07,46.540000915527344,46.540000915527344,46.540000915527344,46.540000915527344,46.540000915527344,0
2016-09-08,46.0,46.0,45.040000915527344,45.040000915527344,45.040000915527344,600
2016-09-09,45.0,45.0,45.0,45.0,45.0,300
2016-09-12,45.099998474121094,47.130001068115234,44.0,44.0099983215332,44.0099983215332,4400
2016-09-13,44.68000030517578,45.5099983215332,44.11000061035156,45.5099983215332,45.5099983215332,3200
2016-09-14,45.0099983215332,45.9900016784668,45.0099983215332,45.11000061035156,45.11000061035156,1800
2016-09-15,45.150001525878906,45.599998474121094,44.279998779296875,45.0099983215332,45.0099983215332,3900
2016-09-16,45.0099983215332,48.5,45.0,48.5,48.5,1900
2016-09-19,48.5,48.5,48.5,48.5,48.5,0
2016-09-20,47.189998626708984,47.20000076293945,47.189998626708984,47.20000076293945,47.20000076293945,200
2016-09-21,47.20000076293945,47.20000076293945,47.20000076293945,47.20000076293945,47.20000076293945,0
2016-09-22,48.400001525878906,48.400001525878906,44.900001525878906,44.900001525878906,44.900001525878906,4000
2016-09-23,44.900001525878906,44.900001525878906,44.900001525878906,44.900001525878906,44.900001525878906,0
2016-09-26,45.9900016784668,45.9900016784668,45.9900016784668,45.9900016784668,45.9900016784668,300
2016-09-27,45.9900016784668,45.9900016784668,45.9900016784668,45.9900016784668,45.9900016784668,0
2016-09-28,45.9900016784668,45.9900016784668,45.9900016784668,45.9900016784668,45.9900016784668,0
2016-09-29,45.9900016784668,45.9900016784668,45.9900016784668,45.9900016784668,45.9900016784668,0
2016-09-30,45.9900016784668,45.9900016784668,45.9900016784668,45.9900016784668,45.9900016784668,0
2016-10-03,45.9900016784668,45.9900016784668,45.9900016784668,45.9900016784668,45.9900016784668,0
2016-10-04,46.0,46.0,46.0,46.0,46.0,200
2016-10-05,46.0,46.0,46.0,46.0,46.0,0
2016-10-06,46.0,46.0,46.0,46.0,46.0,0
2016-10-07,46.0,46.0,46.0,46.0,46.0,0
2016-10-10,47.5,47.5,47.5,47.5,47.5,200
2016-10-11,48.25,48.25,48.25,48.25,48.25,200
2016-10-12,48.25,48.25,48.25,48.25,48.25,0
2016-10-13,48.25,48.25,48.25,48.25,48.25,0
2016-10-14,48.25,48.25,48.25,48.25,48.25,0
2016-10-17,46.61000061035156,46.70000076293945,46.5,46.54999923706055,46.54999923706055,1300
2016-10-18,45.099998474121094,45.099998474121094,44.0,44.5,44.5,2200
2016-10-19,44.5,44.5,44.5,44.5,44.5,0
2016-10-20,46.0,46.0,46.0,46.0,46.0,200
2016-10-21,46.0,46.0,46.0,46.0,46.0,300
2016-10-24,46.0,46.0,46.0,46.0,46.0,0
2016-10-25,46.099998474121094,46.099998474121094,46.099998474121094,46.099998474121094,46.099998474121094,200
2016-10-26,46.099998474121094,46.099998474121094,46.099998474121094,46.099998474121094,46.099998474121094,0
2016-10-27,46.099998474121094,46.099998474121094,46.099998474121094,46.099998474121094,46.099998474121094,0
2016-10-28,46.5,46.5,46.5,46.5,46.5,400
2016-10-31,46.5,46.5,46.5,46.5,46.5,0
2016-11-01,46.5,46.5,46.5,46.5,46.5,0
2016-11-02,46.5,46.5,46.5,46.5,46.5,0
2016-11-03,46.5,46.5,46.5,46.5,46.5,0
2016-11-04,46.5,46.5,46.5,46.5,46.5,0
2016-11-07,46.5,46.5,46.5,46.5,46.5,0
2016-11-08,46.5,46.5,46.5,46.5,46.5,0
2016-11-09,46.5,46.5,46.5,46.5,46.5,0
2016-11-10,46.5,46.5,46.5,46.5,46.5,0
2016-11-11,44.61000061035156,45.0,44.61000061035156,44.650001525878906,44.650001525878906,1000
2016-11-14,44.599998474121094,44.599998474121094,44.599998474121094,44.599998474121094,44.599998474121094,200
2016-11-15,44.599998474121094,44.599998474121094,44.599998474121094,44.599998474121094,44.599998474121094,0
2016-11-16,46.0,46.0,46.0,46.0,46.0,300
2016-11-17,46.0,46.0,46.0,46.0,46.0,0
2016-11-18,46.0,46.0,46.0,46.0,46.0,0
2016-11-21,46.0,46.0,46.0,46.0,46.0,0
2016-11-22,46.0,46.0,46.0,46.0,46.0,0
2016-11-23,46.0,46.0,46.0,46.0,46.0,0
2016-11-25,46.0,46.0,46.0,46.0,46.0,0
2016-11-28,46.0,46.0,46.0,46.0,46.0,0
2016-11-29,46.0,46.0,46.0,46.0,46.0,0
2016-11-30,46.0,46.0,46.0,46.0,46.0,0
2016-12-01,45.0,45.0,44.5,44.5,44.5,400
2016-12-02,44.5,44.5,44.5,44.5,44.5,0
2016-12-05,44.5,44.5,44.5,44.5,44.5,0
2016-12-06,44.5,44.5,44.5,44.5,44.5,0
2016-12-07,44.5,44.5,44.5,44.5,44.5,0
2016-12-08,44.5,45.099998474121094,44.5,45.099998474121094,45.099998474121094,700
2016-12-09,45.099998474121094,45.099998474121094,45.099998474121094,45.099998474121094,45.099998474121094,0
2016-12-12,45.099998474121094,45.099998474121094,45.099998474121094,45.099998474121094,45.099998474121094,0
2016-12-13,45.099998474121094,45.099998474121094,45.099998474121094,45.099998474121094,45.099998474121094,0
2016-12-14,45.099998474121094,45.099998474121094,45.099998474121094,45.099998474121094,45.099998474121094,0
2016-12-15,44.0,44.0,44.0,44.0,44.0,200
2016-12-16,44.0,44.0,44.0,44.0,44.0,0
2016-12-19,44.0,44.0,44.0,44.0,44.0,0
2016-12-20,44.0,44.0,44.0,44.0,44.0,0
2016-12-21,44.0,44.0,44.0,44.0,44.0,0
2016-12-22,44.0,44.0,44.0,44.0,44.0,0
2016-12-23,44.0,44.0,44.0,44.0,44.0,0
2016-12-27,44.150001525878906,44.150001525878906,44.150001525878906,44.150001525878906,44.150001525878906,200
2016-12-28,43.0099983215332,43.0099983215332,43.0,43.0,43.0,300
2016-12-29,42.5,43.0,42.5,42.5,42.5,900
2016-12-30,42.5,42.5,42.5,42.5,42.5,0
2017-01-03,42.5,42.5,42.5,42.5,42.5,0
2017-01-04,42.5,42.5,42.5,42.5,42.5,0
2017-01-05,42.5,42.5,42.5,42.5,42.5,0
2017-01-06,42.5,42.5,42.5,42.5,42.5,0
2017-01-09,42.5,42.5,42.5,42.5,42.5,0
2017-01-10,44.81999969482422,44.81999969482422,43.72999954223633,43.72999954223633,43.72999954223633,700
2017-01-11,43.0,43.0,43.0,43.0,43.0,300
2017-01-12,43.0,43.0,43.0,43.0,43.0,0
2017-01-13,41.75,41.75,41.75,41.75,41.75,1100
2017-01-17,45.0,45.0,41.75,41.75,41.75,2100
2017-01-18,42.0,42.04999923706055,41.79999923706055,41.79999923706055,41.79999923706055,1000
2017-01-19,41.5,41.5,41.5,41.5,41.5,1000
2017-01-20,41.5,41.5,41.5,41.5,41.5,0
2017-01-23,41.5,41.5,41.5,41.5,41.5,0
2017-01-24,41.5,41.5,41.5,41.5,41.5,400
2017-01-25,41.5,41.5,41.5,41.5,41.5,0
2017-01-26,42.0,42.0,42.0,42.0,42.0,200
2017-01-27,42.0,42.0,42.0,42.0,42.0,0
2017-01-30,42.95000076293945,43.0,42.95000076293945,43.0,43.0,300
2017-01-31,43.0,43.0,43.0,43.0,43.0,0
2017-02-01,42.0,42.04999923706055,39.0,39.0,39.0,3100
2017-02-02,41.0,42.0,41.0,42.0,42.0,200
2017-02-03,42.0,42.0,42.0,42.0,42.0,0
2017-02-06,42.0,42.0,42.0,42.0,42.0,0
2017-02-07,42.0,42.0,42.0,42.0,42.0,0
2017-02-08,42.0,42.0,42.0,42.0,42.0,0
2017-02-09,42.0,42.0,42.0,42.0,42.0,0
2017-02-10,41.0,43.0,40.849998474121094,43.0,43.0,800
2017-02-13,43.0,43.0,43.0,43.0,43.0,0
2017-02-14,43.0,43.0,43.0,43.0,43.0,0
2017-02-15,43.0,43.0,43.0,43.0,43.0,0
2017-02-16,43.0,43.0,43.0,43.0,43.0,0
2017-02-17,40.0,41.5,40.0,41.5,41.5,700
2017-02-21,41.5,41.5,41.5,41.5,41.5,0
2017-02-22,41.5,41.5,41.5,41.5,41.5,0
2017-02-23,41.5,41.5,41.5,41.5,41.5,0
2017-02-24,41.5,41.5,41.5,41.5,41.5,0
2017-02-27,41.5,41.5,41.5,41.5,41.5,0
2017-02-28,41.5,41.5,41.5,41.5,41.5,0
2017-03-01,41.5,41.5,41.5,41.5,41.5,0
2017-03-02,41.5,41.5,41.5,41.5,41.5,0
2017-03-03,41.5,41.5,41.5,41.5,41.5,0
2017-03-06,41.5,41.5,41.5,41.5,41.5,0
2017-03-07,41.5,41.5,41.5,41.5,41.5,0
2017-03-08,41.5,41.5,41.5,41.5,41.5,0
2017-03-09,41.5,41.5,41.310001373291016,41.38999938964844,41.38999938964844,1800
2017-03-10,41.38999938964844,41.38999938964844,41.38999938964844,41.38999938964844,41.38999938964844,0
2017-03-13,41.38999938964844,41.38999938964844,41.38999938964844,41.38999938964844,41.38999938964844,0
2017-03-14,41.38999938964844,41.38999938964844,41.38999938964844,41.38999938964844,41.38999938964844,0
2017-03-15,41.38999938964844,41.38999938964844,41.38999938964844,41.38999938964844,41.38999938964844,0
2017-03-16,41.38999938964844,41.38999938964844,41.38999938964844,41.38999938964844,41.38999938964844,0
2017-03-17,41.38999938964844,41.38999938964844,41.38999938964844,41.38999938964844,41.38999938964844,0
2017-03-20,40.04999923706055,40.04999923706055,40.04999923706055,40.04999923706055,40.04999923706055,500
2017-03-21,40.04999923706055,40.04999923706055,40.04999923706055,40.04999923706055,40.04999923706055,0
2017-03-22,40.04999923706055,40.04999923706055,40.04999923706055,40.04999923706055,40.04999923706055,0
2017-03-23,40.04999923706055,40.04999923706055,39.650001525878906,39.650001525878906,39.650001525878906,700
2017-03-24,39.650001525878906,39.650001525878906,39.650001525878906,39.650001525878906,39.650001525878906,0
2017-03-27,39.150001525878906,39.150001525878906,39.150001525878906,39.150001525878906,39.150001525878906,100
2017-03-28,39.150001525878906,39.150001525878906,39.150001525878906,39.150001525878906,39.150001525878906,0
2017-03-29,39.150001525878906,39.150001525878906,39.150001525878906,39.150001525878906,39.150001525878906,0
2017-03-30,40.25,40.25,39.70000076293945,39.70000076293945,39.70000076293945,800
2017-03-31,39.70000076293945,39.70000076293945,39.70000076293945,39.70000076293945,39.70000076293945,0
2017-04-03,39.70000076293945,39.70000076293945,39.70000076293945,39.70000076293945,39.70000076293945,0
2017-04-04,39.70000076293945,39.70000076293945,39.70000076293945,39.70000076293945,39.70000076293945,0
2017-04-05,39.70000076293945,39.70000076293945,39.70000076293945,39.70000076293945,39.70000076293945,0
2017-04-06,39.70000076293945,39.70000076293945,39.70000076293945,39.70000076293945,39.70000076293945,0
2017-04-07,39.70000076293945,39.70000076293945,39.70000076293945,39.70000076293945,39.70000076293945,0
2017-04-10,39.70000076293945,39.70000076293945,39.70000076293945,39.70000076293945,39.70000076293945,0
2017-04-11,39.70000076293945,39.70000076293945,39.70000076293945,39.70000076293945,39.70000076293945,0
2017-04-12,39.70000076293945,39.70000076293945,39.70000076293945,39.70000076293945,39.70000076293945,0
2017-04-13,39.70000076293945,39.70000076293945,39.70000076293945,39.70000076293945,39.70000076293945,0
2017-04-17,38.599998474121094,39.150001525878906,38.599998474121094,39.150001525878906,39.150001525878906,700
2017-04-18,39.150001525878906,39.150001525878906,39.150001525878906,39.150001525878906,39.150001525878906,0
2017-04-19,38.0,39.849998474121094,38.0,39.849998474121094,39.849998474121094,400
2017-04-20,39.849998474121094,39.849998474121094,39.849998474121094,39.849998474121094,39.849998474121094,0
2017-04-21,39.849998474121094,39.849998474121094,39.849998474121094,39.849998474121094,39.849998474121094,0
2017-04-24,39.849998474121094,39.849998474121094,39.849998474121094,39.849998474121094,39.849998474121094,0
2017-04-25,39.849998474121094,39.849998474121094,39.849998474121094,39.849998474121094,39.849998474121094,0
2017-04-26,39.849998474121094,39.849998474121094,39.849998474121094,39.849998474121094,39.849998474121094,0
2017-04-27,39.849998474121094,39.849998474121094,39.849998474121094,39.849998474121094,39.849998474121094,0
2017-04-28,39.849998474121094,39.849998474121094,39.849998474121094,39.849998474121094,39.849998474121094,0
2017-05-01,39.849998474121094,39.849998474121094,39.849998474121094,39.849998474121094,39.849998474121094,0
2017-05-02,39.849998474121094,39.849998474121094,39.849998474121094,39.849998474121094,39.849998474121094,0
2017-05-03,39.849998474121094,39.849998474121094,39.849998474121094,39.849998474121094,39.849998474121094,0
2017-05-04,41.5,41.5,41.5,41.5,41.5,100
2017-05-05,41.5,41.5,41.5,41.5,41.5,0
2017-05-08,41.5,41.5,41.5,41.5,41.5,0
2017-05-09,41.5,41.5,41.5,41.5,41.5,0
2017-05-10,41.5,41.5,41.5,41.5,41.5,0
2017-05-11,41.5,41.5,41.5,41.5,41.5,0
2017-05-12,41.0,41.0,40.97999954223633,40.97999954223633,40.97999954223633,400
2017-05-15,40.97999954223633,40.97999954223633,40.97999954223633,40.97999954223633,40.97999954223633,0
2017-05-16,40.97999954223633,40.97999954223633,40.97999954223633,40.97999954223633,40.97999954223633,0
2017-05-17,40.97999954223633,40.97999954223633,40.97999954223633,40.97999954223633,40.97999954223633,0
2017-05-18,40.97999954223633,40.97999954223633,40.97999954223633,40.97999954223633,40.97999954223633,0
2017-05-19,40.97999954223633,40.97999954223633,40.97999954223633,40.97999954223633,40.97999954223633,0
2017-05-22,40.97999954223633,40.97999954223633,40.97999954223633,40.97999954223633,40.97999954223633,0
2017-05-23,40.97999954223633,40.97999954223633,40.97999954223633,40.97999954223633,40.97999954223633,0
2017-05-24,40.97999954223633,40.97999954223633,40.97999954223633,40.97999954223633,40.97999954223633,0
2017-05-25,40.97999954223633,40.97999954223633,40.97999954223633,40.97999954223633,40.97999954223633,0
2017-05-26,40.97999954223633,40.97999954223633,40.97999954223633,40.97999954223633,40.97999954223633,0
2017-05-30,40.97999954223633,40.97999954223633,40.97999954223633,40.97999954223633,40.97999954223633,0
2017-05-31,40.97999954223633,40.97999954223633,40.97999954223633,40.97999954223633,40.97999954223633,0
2017-06-01,40.97999954223633,40.97999954223633,40.97999954223633,40.97999954223633,40.97999954223633,0
2017-06-02,39.5,39.5,39.5,39.5,39.5,300
2017-06-05,39.5,39.5,39.5,39.5,39.5,0
2017-06-06,39.5,39.5,39.5,39.5,39.5,0
2017-06-07,36.099998474121094,36.099998474121094,36.099998474121094,36.099998474121094,36.099998474121094,200
2017-06-08,36.599998474121094,36.599998474121094,36.5,36.5,36.5,400
2017-06-09,36.5,37.0,36.400001525878906,37.0,37.0,1200
2017-06-12,36.0,36.75,36.0,36.0,36.0,600
2017-06-13,35.04999923706055,35.150001525878906,35.0,35.150001525878906,35.150001525878906,700
2017-06-14,33.650001525878906,33.650001525878906,33.54999923706055,33.54999923706055,33.54999923706055,900
2017-06-15,34.900001525878906,39.849998474121094,33.599998474121094,39.849998474121094,39.849998474121094,1700
2017-06-16,36.04999923706055,36.04999923706055,33.95000076293945,34.900001525878906,34.900001525878906,7000
2017-06-19,34.900001525878906,34.900001525878906,34.900001525878906,34.900001525878906,34.900001525878906,0
2017-06-20,34.900001525878906,34.900001525878906,34.900001525878906,34.900001525878906,34.900001525878906,0
2017-06-21,34.900001525878906,34.900001525878906,34.900001525878906,34.900001525878906,34.900001525878906,0
2017-06-22,34.04999923706055,35.0,34.04999923706055,34.04999923706055,34.04999923706055,500
2017-06-23,34.970001220703125,36.0,34.04999923706055,36.0,36.0,2500
2017-06-26,36.0,36.0,36.0,36.0,36.0,0
2017-06-27,36.0,36.0,36.0,36.0,36.0,0
2017-06-28,35.04999923706055,35.04999923706055,35.04999923706055,35.04999923706055,35.04999923706055,300
2017-06-29,35.0,35.150001525878906,35.0,35.04999923706055,35.04999923706055,800
2017-06-30,35.04999923706055,35.04999923706055,35.04999923706055,35.04999923706055,35.04999923706055,0
2017-07-03,35.04999923706055,35.04999923706055,35.04999923706055,35.04999923706055,35.04999923706055,0
2017-07-05,35.04999923706055,35.04999923706055,35.04999923706055,35.04999923706055,35.04999923706055,0
2017-07-06,35.04999923706055,35.04999923706055,35.04999923706055,35.04999923706055,35.04999923706055,0
2017-07-07,35.25,35.25,35.25,35.25,35.25,100
2017-07-10,35.25,35.25,35.25,35.25,35.25,0
2017-07-11,35.25,35.25,35.25,35.25,35.25,0
2017-07-12,36.5,36.5,36.5,36.5,36.5,200
2017-07-13,36.5,36.650001525878906,36.43000030517578,36.5,36.5,1400
2017-07-14,35.349998474121094,36.5,35.349998474121094,36.29999923706055,36.29999923706055,1300
2017-07-17,36.29999923706055,36.29999923706055,36.29999923706055,36.29999923706055,36.29999923706055,0
2017-07-18,38.20000076293945,38.20000076293945,38.20000076293945,38.20000076293945,38.20000076293945,300
2017-07-19,38.20000076293945,38.20000076293945,38.20000076293945,38.20000076293945,38.20000076293945,0
2017-07-20,38.20000076293945,38.20000076293945,38.20000076293945,38.20000076293945,38.20000076293945,0
2017-07-21,38.20000076293945,38.20000076293945,38.20000076293945,38.20000076293945,38.20000076293945,0
2017-07-24,38.20000076293945,38.20000076293945,38.20000076293945,38.20000076293945,38.20000076293945,0
2017-07-25,38.0,38.0,38.0,38.0,38.0,300
2017-07-26,38.0,38.0,38.0,38.0,38.0,0
2017-07-27,38.0,38.0,38.0,38.0,38.0,0
2017-07-28,37.5,37.5,37.5,37.5,37.5,200
2017-07-31,37.5,37.5,37.5,37.5,37.5,0
2017-08-01,37.5,37.5,37.5,37.5,37.5,0
2017-08-02,37.5,37.5,37.5,37.5,37.5,0
2017-08-03,37.5,37.5,37.5,37.5,37.5,0
2017-08-04,37.5,37.5,37.5,37.5,37.5,0
2017-08-07,37.5,37.5,37.5,37.5,37.5,0
2017-08-08,35.70000076293945,35.79999923706055,35.70000076293945,35.79999923706055,35.79999923706055,500
2017-08-09,35.79999923706055,35.79999923706055,35.79999923706055,35.79999923706055,35.79999923706055,0
2017-08-10,35.79999923706055,35.79999923706055,35.79999923706055,35.79999923706055,35.79999923706055,0
2017-08-11,36.0,36.0,36.0,36.0,36.0,700
2017-08-14,36.0,36.0,36.0,36.0,36.0,0
2017-08-15,36.0,36.0,36.0,36.0,36.0,100
2017-08-16,36.0,36.0,36.0,36.0,36.0,0
2017-08-17,36.0,36.0,36.0,36.0,36.0,0
2017-08-18,36.0,36.0,36.0,36.0,36.0,0
2017-08-21,36.0,36.0,36.0,36.0,36.0,0
2017-08-22,36.0,36.0,36.0,36.0,36.0,0
2017-08-23,36.349998474121094,36.349998474121094,36.0,36.0,36.0,1300
2017-08-24,36.0,36.0,36.0,36.0,36.0,0
2017-08-25,36.0,36.0,36.0,36.0,36.0,0
2017-08-28,36.0,36.0,36.0,36.0,36.0,0
2017-08-29,36.0,36.0,36.0,36.0,36.0,0
2017-08-30,36.0,36.0,36.0,36.0,36.0,0
2017-08-31,36.099998474121094,36.099998474121094,36.099998474121094,36.099998474121094,36.099998474121094,400
2017-09-01,36.099998474121094,36.099998474121094,36.099998474121094,36.099998474121094,36.099998474121094,0
2017-09-05,35.54999923706055,35.54999923706055,35.54999923706055,35.54999923706055,35.54999923706055,200
2017-09-06,35.54999923706055,35.54999923706055,35.54999923706055,35.54999923706055,35.54999923706055,200
2017-09-07,35.349998474121094,35.349998474121094,35.349998474121094,35.349998474121094,35.349998474121094,400
2017-09-08,35.29999923706055,35.29999923706055,35.29999923706055,35.29999923706055,35.29999923706055,300
2017-09-11,35.29999923706055,35.29999923706055,35.29999923706055,35.29999923706055,35.29999923706055,0
2017-09-12,35.29999923706055,35.29999923706055,35.29999923706055,35.29999923706055,35.29999923706055,0
2017-09-13,35.5,35.5,35.5,35.5,35.5,600
2017-09-14,35.5,35.5,35.5,35.5,35.5,0
2017-09-15,38.75,38.75,38.75,38.75,38.75,400
2017-09-18,38.75,38.75,38.75,38.75,38.75,0
2017-09-19,41.54999923706055,41.95000076293945,38.779998779296875,41.650001525878906,41.650001525878906,1300
2017-09-20,41.650001525878906,41.650001525878906,41.650001525878906,41.650001525878906,41.650001525878906,0
2017-09-21,42.0,42.0,42.0,42.0,42.0,1100
2017-09-22,43.0,45.0,43.0,45.0,45.0,2300
2017-09-25,45.0,45.0,45.0,45.0,45.0,0
2017-09-26,47.0,47.0,47.0,47.0,47.0,900
2017-09-27,47.0,47.0,47.0,47.0,47.0,0
2017-09-28,47.0,47.0,47.0,47.0,47.0,0
2017-09-29,47.0,47.0,47.0,47.0,47.0,0
2017-10-02,47.0,47.0,47.0,47.0,47.0,0
2017-10-03,47.0,47.0,47.0,47.0,47.0,0
2017-10-04,47.0,47.0,47.0,47.0,47.0,0
2017-10-05,47.0,47.0,47.0,47.0,47.0,0
2017-10-06,47.0,47.0,47.0,47.0,47.0,0
2017-10-09,47.0,47.0,47.0,47.0,47.0,0
2017-10-10,47.0,47.0,47.0,47.0,47.0,0
2017-10-11,47.0,47.0,47.0,47.0,47.0,0
2017-10-12,47.0,47.0,47.0,47.0,47.0,0
2017-10-13,47.0,47.0,47.0,47.0,47.0,0
2017-10-16,47.0,47.0,47.0,47.0,47.0,0
2017-10-17,47.0,47.0,47.0,47.0,47.0,0
2017-10-18,47.0,47.0,47.0,47.0,47.0,0
2017-10-19,47.0,47.0,47.0,47.0,47.0,0
2017-10-20,47.0,47.0,47.0,47.0,47.0,0
2017-10-23,47.0,47.0,47.0,47.0,47.0,0
2017-10-24,39.95000076293945,39.95000076293945,39.95000076293945,39.95000076293945,39.95000076293945,400
2017-10-25,39.95000076293945,39.95000076293945,39.95000076293945,39.95000076293945,39.95000076293945,0
2017-10-26,39.95000076293945,39.95000076293945,39.95000076293945,39.95000076293945,39.95000076293945,0
2017-10-27,39.95000076293945,39.95000076293945,39.95000076293945,39.95000076293945,39.95000076293945,0
2017-10-30,39.95000076293945,39.95000076293945,39.95000076293945,39.95000076293945,39.95000076293945,0
2017-10-31,39.95000076293945,39.95000076293945,39.95000076293945,39.95000076293945,39.95000076293945,0
2017-11-01,39.95000076293945,39.95000076293945,39.95000076293945,39.95000076293945,39.95000076293945,0
2017-11-02,39.95000076293945,39.95000076293945,39.95000076293945,39.95000076293945,39.95000076293945,0
2017-11-03,39.95000076293945,39.95000076293945,39.95000076293945,39.95000076293945,39.95000076293945,0
2017-11-06,39.95000076293945,39.95000076293945,39.95000076293945,39.95000076293945,39.95000076293945,0
2017-11-07,39.95000076293945,39.95000076293945,39.95000076293945,39.95000076293945,39.95000076293945,0
2017-11-08,39.95000076293945,39.95000076293945,39.95000076293945,39.95000076293945,39.95000076293945,0
2017-11-09,39.95000076293945,39.95000076293945,39.95000076293945,39.95000076293945,39.95000076293945,0
2017-11-10,39.95000076293945,39.95000076293945,39.95000076293945,39.95000076293945,39.95000076293945,0
2017-11-13,39.95000076293945,39.95000076293945,39.95000076293945,39.95000076293945,39.95000076293945,0
2017-11-14,39.95000076293945,39.95000076293945,39.95000076293945,39.95000076293945,39.95000076293945,0
2017-11-15,39.95000076293945,39.95000076293945,39.95000076293945,39.95000076293945,39.95000076293945,0
2017-11-16,40.0,40.0,40.0,40.0,40.0,200
2017-11-17,40.0,40.0,40.0,40.0,40.0,0
2017-11-20,40.0,40.0,40.0,40.0,40.0,0
2017-11-21,42.45000076293945,42.45000076293945,42.45000076293945,42.45000076293945,42.45000076293945,200
2017-11-22,42.45000076293945,42.45000076293945,42.45000076293945,42.45000076293945,42.45000076293945,0
2017-11-24,42.45000076293945,42.45000076293945,42.45000076293945,42.45000076293945,42.45000076293945,0
2017-11-27,42.45000076293945,42.45000076293945,42.45000076293945,42.45000076293945,42.45000076293945,0
2017-11-28,42.45000076293945,42.45000076293945,42.45000076293945,42.45000076293945,42.45000076293945,0
2017-11-29,39.0,39.0,39.0,39.0,39.0,500
2017-11-30,38.0,38.0,38.0,38.0,38.0,200
2017-12-01,38.0,38.0,38.0,38.0,38.0,0
2017-12-04,38.0,38.0,38.0,38.0,38.0,0
2017-12-05,39.4900016784668,39.4900016784668,38.0,38.189998626708984,38.189998626708984,800
2017-12-06,36.15999984741211,38.5,36.15999984741211,37.25,37.25,900
2017-12-07,36.849998474121094,37.099998474121094,36.279998779296875,37.099998474121094,37.099998474121094,8200
2017-12-08,37.099998474121094,37.099998474121094,37.099998474121094,37.099998474121094,37.099998474121094,0
2017-12-11,37.099998474121094,37.099998474121094,37.099998474121094,37.099998474121094,37.099998474121094,0
2017-12-12,37.099998474121094,37.099998474121094,37.099998474121094,37.099998474121094,37.099998474121094,0
2017-12-13,37.099998474121094,37.099998474121094,37.099998474121094,37.099998474121094,37.099998474121094,0
2017-12-14,37.099998474121094,37.099998474121094,37.099998474121094,37.099998474121094,37.099998474121094,0
2017-12-15,37.099998474121094,37.099998474121094,37.099998474121094,37.099998474121094,37.099998474121094,0
2017-12-18,36.900001525878906,36.900001525878906,36.900001525878906,36.900001525878906,36.900001525878906,100
2017-12-19,36.900001525878906,36.900001525878906,36.900001525878906,36.900001525878906,36.900001525878906,0
2017-12-20,36.900001525878906,36.900001525878906,36.900001525878906,36.900001525878906,36.900001525878906,0
2017-12-21,36.900001525878906,36.900001525878906,36.900001525878906,36.900001525878906,36.900001525878906,0
2017-12-22,36.79999923706055,36.79999923706055,35.54999923706055,35.54999923706055,35.54999923706055,1100
2017-12-26,36.0,36.0,36.0,36.0,36.0,500
2017-12-27,36.5,37.0,36.5,37.0,37.0,3900
2017-12-28,37.0,37.5,37.0,37.5,37.5,900
2017-12-29,37.25,39.0,37.25,39.0,39.0,700
2018-01-02,39.0,39.0,39.0,39.0,39.0,0
2018-01-03,39.0,39.0,39.0,39.0,39.0,0
2018-01-04,39.0,39.0,39.0,39.0,39.0,0
2018-01-05,35.5,35.5,35.5,35.5,35.5,100
2018-01-08,35.5,35.5,35.5,35.5,35.5,0
2018-01-09,35.5,35.5,35.5,35.5,35.5,0
2018-01-10,36.5,37.099998474121094,36.5,37.099998474121094,37.099998474121094,700
2018-01-11,37.099998474121094,37.099998474121094,37.099998474121094,37.099998474121094,37.099998474121094,0
2018-01-12,37.099998474121094,37.099998474121094,37.099998474121094,37.099998474121094,37.099998474121094,0
2018-01-16,37.099998474121094,37.099998474121094,37.099998474121094,37.099998474121094,37.099998474121094,0
2018-01-17,37.099998474121094,37.099998474121094,37.099998474121094,37.099998474121094,37.099998474121094,0
2018-01-18,37.099998474121094,37.099998474121094,37.099998474121094,37.099998474121094,37.099998474121094,0
2018-01-19,37.099998474121094,37.099998474121094,37.099998474121094,37.099998474121094,37.099998474121094,0
2018-01-22,37.099998474121094,37.099998474121094,37.099998474121094,37.099998474121094,37.099998474121094,0
2018-01-23,37.099998474121094,37.099998474121094,37.099998474121094,37.099998474121094,37.099998474121094,0
2018-01-24,37.099998474121094,37.099998474121094,37.099998474121094,37.099998474121094,37.099998474121094,0
2018-01-25,38.099998474121094,38.099998474121094,38.099998474121094,38.099998474121094,38.099998474121094,200
2018-01-26,38.099998474121094,38.099998474121094,38.099998474121094,38.099998474121094,38.099998474121094,0
2018-01-29,38.099998474121094,38.099998474121094,38.099998474121094,38.099998474121094,38.099998474121094,0
2018-01-30,38.099998474121094,38.099998474121094,38.099998474121094,38.099998474121094,38.099998474121094,0
2018-01-31,38.099998474121094,38.099998474121094,38.099998474121094,38.099998474121094,38.099998474121094,0
2018-02-01,38.0,38.0,38.0,38.0,38.0,9200
2018-02-02,38.0,38.0,38.0,38.0,38.0,0
2018-02-05,38.0,38.0,38.0,38.0,38.0,0
2018-02-06,38.0,38.0,38.0,38.0,38.0,0
2018-02-07,38.0,38.0,38.0,38.0,38.0,0
2018-02-08,38.0,38.0,38.0,38.0,38.0,0
2018-02-09,38.0,38.0,38.0,38.0,38.0,0
2018-02-12,38.0,38.0,38.0,38.0,38.0,0
2018-02-13,38.0,38.0,38.0,38.0,38.0,0
2018-02-14,38.0,38.0,38.0,38.0,38.0,0
2018-02-15,38.0,38.0,38.0,38.0,38.0,0
2018-02-16,38.0,38.0,38.0,38.0,38.0,0
2018-02-20,38.0,38.0,38.0,38.0,38.0,0
2018-02-21,38.0,38.0,38.0,38.0,38.0,1800
2018-02-22,38.0,38.0,38.0,38.0,38.0,100
2018-02-23,38.0,38.0,38.0,38.0,38.0,0
2018-02-26,38.0,38.0,38.0,38.0,38.0,0
2018-02-27,38.0,38.0,38.0,38.0,38.0,0
2018-02-28,38.0,38.0,38.0,38.0,38.0,0
2018-03-01,38.0,38.0,38.0,38.0,38.0,0
2018-03-02,38.0,38.0,38.0,38.0,38.0,0
2018-03-05,38.0,38.0,38.0,38.0,38.0,0
2018-03-06,38.0,38.0,38.0,38.0,38.0,0
2018-03-07,38.0,38.0,38.0,38.0,38.0,0
2018-03-08,38.0,38.0,38.0,38.0,38.0,0
2018-03-09,38.0,38.0,38.0,38.0,38.0,0
2018-03-12,38.0,38.0,38.0,38.0,38.0,0
2018-03-13,38.0,38.0,38.0,38.0,38.0,0
2018-03-14,38.0,38.0,38.0,38.0,38.0,0
2018-03-15,36.79999923706055,38.0,36.75,37.95000076293945,37.95000076293945,2700
2018-03-16,37.95000076293945,37.95000076293945,37.95000076293945,37.95000076293945,37.95000076293945,0
2018-03-19,37.95000076293945,37.95000076293945,37.95000076293945,37.95000076293945,37.95000076293945,0
2018-03-20,37.95000076293945,37.95000076293945,37.95000076293945,37.95000076293945,37.95000076293945,0
2018-03-21,37.95000076293945,37.95000076293945,37.95000076293945,37.95000076293945,37.95000076293945,0
2018-03-22,37.95000076293945,37.95000076293945,37.95000076293945,37.95000076293945,37.95000076293945,0
2018-03-23,37.95000076293945,37.95000076293945,37.95000076293945,37.95000076293945,37.95000076293945,0
2018-03-26,38.0,38.0,38.0,38.0,38.0,4000
2018-03-27,37.25,38.0,37.25,38.0,38.0,10900
2018-03-28,38.0,38.0,38.0,38.0,38.0,0
2018-03-29,38.0,38.0,37.630001068115234,38.0,38.0,2500
2018-04-02,37.25,37.25,37.25,37.25,37.25,200
2018-04-03,37.25,37.25,37.25,37.25,37.25,0
2018-04-04,37.25,37.25,37.25,37.25,37.25,200
2018-04-05,37.25,37.25,37.25,37.25,37.25,0
2018-04-06,37.25,37.25,37.25,37.25,37.25,300
2018-04-09,37.25,37.25,37.25,37.25,37.25,0
2018-04-10,37.25,37.25,37.25,37.25,37.25,0
2018-04-11,37.25,37.25,37.25,37.25,37.25,0
2018-04-12,37.25,37.25,37.25,37.25,37.25,300
2018-04-13,37.25,37.25,37.25,37.25,37.25,0
2018-04-16,37.25,37.25,37.25,37.25,37.25,200
2018-04-17,37.25,37.25,37.25,37.25,37.25,0
2018-04-18,37.25,37.25,37.25,37.25,37.25,0
2018-04-19,37.25,37.25,37.25,37.25,37.25,0
2018-04-20,37.25,37.25,37.25,37.25,37.25,0
2018-04-23,37.25,37.25,37.25,37.25,37.25,0
2018-04-24,38.0,38.0,38.0,38.0,38.0,2800
2018-04-25,38.0,38.0,38.0,38.0,38.0,0
2018-04-26,38.0,38.0,38.0,38.0,38.0,0
2018-04-27,38.0,38.0,38.0,38.0,38.0,0
2018-04-30,38.0,38.0,38.0,38.0,38.0,0
2018-05-01,38.0,38.0,38.0,38.0,38.0,0
2018-05-02,39.45000076293945,39.45000076293945,39.45000076293945,39.45000076293945,39.45000076293945,100
2018-05-03,39.45000076293945,39.45000076293945,39.45000076293945,39.45000076293945,39.45000076293945,0
2018-05-04,40.04999923706055,40.04999923706055,40.0,40.0,40.0,700
2018-05-07,40.0,40.0,40.0,40.0,40.0,0
2018-05-08,40.0,40.0,40.0,40.0,40.0,0
2018-05-09,40.0,40.0,40.0,40.0,40.0,0
2018-05-10,40.0,40.0,40.0,40.0,40.0,0
2018-05-11,40.0,40.0,40.0,40.0,40.0,0
2018-05-14,40.0,40.0,40.0,40.0,40.0,0
2018-05-15,37.70000076293945,37.70000076293945,37.70000076293945,37.70000076293945,37.70000076293945,100
2018-05-16,43.5,43.5,43.5,43.5,43.5,100
2018-05-17,43.5,43.5,43.5,43.5,43.5,0
2018-05-18,43.5,43.5,43.5,43.5,43.5,0
2018-05-21,41.599998474121094,41.599998474121094,38.77000045776367,40.29999923706055,40.29999923706055,5700
2018-05-22,42.79999923706055,42.97999954223633,38.099998474121094,38.099998474121094,38.099998474121094,6900
2018-05-23,39.130001068115234,39.849998474121094,38.380001068115234,39.849998474121094,39.849998474121094,3900
2018-05-24,41.0,42.02000045776367,39.560001373291016,39.79999923706055,39.79999923706055,4700
2018-05-25,39.79999923706055,39.79999923706055,39.79999923706055,39.79999923706055,39.79999923706055,0
2018-05-29,38.880001068115234,40.599998474121094,38.849998474121094,39.70000076293945,39.70000076293945,3500
2018-05-30,39.900001525878906,41.150001525878906,39.79999923706055,40.0,40.0,3600
2018-05-31,40.0,40.0,39.849998474121094,39.849998474121094,39.849998474121094,300
2018-06-01,41.099998474121094,41.099998474121094,41.099998474121094,41.099998474121094,41.099998474121094,500
2018-06-04,41.099998474121094,41.099998474121094,41.099998474121094,41.099998474121094,41.099998474121094,0
2018-06-05,41.099998474121094,41.099998474121094,41.099998474121094,41.099998474121094,41.099998474121094,0
2018-06-06,41.099998474121094,41.099998474121094,41.099998474121094,41.099998474121094,41.099998474121094,0
2018-06-07,40.0,41.0,40.0,40.04999923706055,40.04999923706055,3300
2018-06-08,40.0,40.0,38.34000015258789,39.45000076293945,39.45000076293945,4200
2018-06-11,40.95000076293945,41.0,38.650001525878906,40.0,40.0,5200
2018-06-12,40.900001525878906,42.540000915527344,40.650001525878906,40.650001525878906,40.650001525878906,2900
2018-06-13,39.380001068115234,39.900001525878906,39.380001068115234,39.900001525878906,39.900001525878906,2700
2018-06-14,40.27000045776367,41.599998474121094,38.70000076293945,39.70000076293945,39.70000076293945,3600
2018-06-15,39.150001525878906,40.25,38.720001220703125,39.0,39.0,2800
2018-06-18,39.0,39.0,39.0,39.0,39.0,0
2018-06-19,39.599998474121094,41.75,39.599998474121094,39.650001525878906,39.650001525878906,3300
2018-06-20,40.04999923706055,40.5,38.75,39.849998474121094,39.849998474121094,2800
2018-06-21,41.880001068115234,42.11000061035156,39.75,40.16999816894531,40.16999816894531,2000
2018-06-22,39.599998474121094,39.599998474121094,39.599998474121094,39.599998474121094,39.599998474121094,800
2018-06-25,38.650001525878906,41.5,38.650001525878906,40.400001525878906,40.400001525878906,3800
2018-06-26,41.0,43.459999084472656,40.400001525878906,40.45000076293945,40.45000076293945,2700
2018-06-27,39.79999923706055,40.400001525878906,39.150001525878906,40.099998474121094,40.099998474121094,2700
2018-06-28,41.5,43.36000061035156,40.20000076293945,40.20000076293945,40.20000076293945,1700
2018-06-29,40.20000076293945,40.20000076293945,40.20000076293945,40.20000076293945,40.20000076293945,0
2018-07-02,40.20000076293945,40.20000076293945,40.20000076293945,40.20000076293945,40.20000076293945,0
2018-07-03,40.20000076293945,40.20000076293945,40.20000076293945,40.20000076293945,40.20000076293945,0
2018-07-05,40.20000076293945,40.20000076293945,40.20000076293945,40.20000076293945,40.20000076293945,200
2018-07-06,40.20000076293945,40.20000076293945,40.20000076293945,40.20000076293945,40.20000076293945,0
2018-07-09,40.20000076293945,40.20000076293945,40.20000076293945,40.20000076293945,40.20000076293945,0
2018-07-10,40.25,40.25,40.25,40.25,40.25,100
2018-07-11,40.25,40.25,40.25,40.25,40.25,0
2018-07-12,40.25,40.25,40.25,40.25,40.25,0
2018-07-13,42.0,42.0,42.0,42.0,42.0,300
2018-07-16,42.0,42.0,42.0,42.0,42.0,0
2018-07-17,42.0,42.0,42.0,42.0,42.0,0
2018-07-18,42.0,42.0,42.0,42.0,42.0,0
2018-07-19,42.0,42.0,42.0,42.0,42.0,0
2018-07-20,41.29999923706055,42.130001068115234,40.4900016784668,40.599998474121094,40.599998474121094,1100
2018-07-23,40.599998474121094,40.599998474121094,40.599998474121094,40.599998474121094,40.599998474121094,0
2018-07-24,40.599998474121094,40.599998474121094,40.599998474121094,40.599998474121094,40.599998474121094,0
2018-07-25,40.45000076293945,40.45000076293945,40.099998474121094,40.099998474121094,40.099998474121094,700
2018-07-26,38.79999923706055,38.79999923706055,38.79999923706055,38.79999923706055,38.79999923706055,1000
2018-07-27,38.79999923706055,38.79999923706055,38.79999923706055,38.79999923706055,38.79999923706055,0
2018-07-30,39.599998474121094,41.130001068115234,39.40999984741211,40.0,40.0,1700
2018-07-31,39.20000076293945,41.45000076293945,39.20000076293945,39.54999923706055,39.54999923706055,2100
2018-08-01,39.20000076293945,39.849998474121094,39.150001525878906,39.849998474121094,39.849998474121094,1900
2018-08-02,40.310001373291016,41.349998474121094,39.95000076293945,39.95000076293945,39.95000076293945,2700
2018-08-03,40.29999923706055,40.79999923706055,39.45000076293945,39.70000076293945,39.70000076293945,9000
2018-08-06,41.439998626708984,41.45000076293945,39.400001525878906,39.650001525878906,39.650001525878906,7700
2018-08-07,40.0,40.0,39.099998474121094,39.599998474121094,39.599998474121094,6600
2018-08-08,39.95000076293945,41.25,38.849998474121094,39.0,39.0,10100
2018-08-09,39.349998474121094,39.70000076293945,38.54999923706055,38.54999923706055,38.54999923706055,2200
2018-08-10,39.400001525878906,40.72999954223633,38.5,38.5,38.5,1400
2018-08-13,38.099998474121094,38.150001525878906,36.20000076293945,37.650001525878906,37.650001525878906,1700
2018-08-14,38.150001525878906,40.04999923706055,38.099998474121094,38.20000076293945,38.20000076293945,1900
2018-08-15,37.900001525878906,38.0,37.83000183105469,38.0,38.0,1600
2018-08-16,38.45000076293945,40.18000030517578,37.380001068115234,38.29999923706055,38.29999923706055,2800
2018-08-17,38.5,40.25,37.369998931884766,38.29999923706055,38.29999923706055,3000
2018-08-20,38.75,39.099998474121094,37.61000061035156,38.400001525878906,38.400001525878906,4300
2018-08-21,38.75,40.040000915527344,38.20000076293945,38.20000076293945,38.20000076293945,3700
2018-08-22,38.25,38.25,36.900001525878906,37.79999923706055,37.79999923706055,900
2018-08-23,38.0,38.130001068115234,36.79999923706055,36.79999923706055,36.79999923706055,1400
2018-08-24,38.869998931884766,38.869998931884766,37.11000061035156,37.11000061035156,37.11000061035156,1000
2018-08-27,38.20000076293945,38.20000076293945,37.650001525878906,37.849998474121094,37.849998474121094,700
2018-08-28,37.0,38.20000076293945,36.75,37.79999923706055,37.79999923706055,2200
2018-08-29,37.66999816894531,38.20000076293945,37.66999816894531,38.20000076293945,38.20000076293945,200
2018-08-30,38.20000076293945,38.20000076293945,38.20000076293945,38.20000076293945,38.20000076293945,0
2018-08-31,38.20000076293945,38.20000076293945,38.20000076293945,38.20000076293945,38.20000076293945,0
2018-09-04,38.02000045776367,38.02000045776367,38.02000045776367,38.02000045776367,38.02000045776367,200
2018-09-05,37.0,37.9900016784668,37.0,37.77000045776367,37.77000045776367,2500
2018-09-06,38.09000015258789,38.150001525878906,38.09000015258789,38.150001525878906,38.150001525878906,500
2018-09-07,38.150001525878906,38.150001525878906,38.150001525878906,38.150001525878906,38.150001525878906,0
2018-09-10,37.5,37.650001525878906,37.27000045776367,37.650001525878906,37.650001525878906,2600
2018-09-11,37.900001525878906,40.15999984741211,37.20000076293945,37.29999923706055,37.29999923706055,4400
2018-09-12,37.29999923706055,37.29999923706055,37.29999923706055,37.29999923706055,37.29999923706055,100
2018-09-13,37.22999954223633,37.650001525878906,37.02000045776367,37.54999923706055,37.54999923706055,2800
2018-09-14,37.70000076293945,39.5,37.45000076293945,37.54999923706055,37.54999923706055,2700
2018-09-17,37.31999969482422,37.45000076293945,37.31999969482422,37.45000076293945,37.45000076293945,800
2018-09-18,37.5,37.5,37.5,37.5,37.5,900
2018-09-19,37.20000076293945,38.5099983215332,37.06999969482422,38.5099983215332,38.5099983215332,1700
2018-09-20,37.349998474121094,39.959999084472656,37.349998474121094,38.099998474121094,38.099998474121094,2100
2018-09-21,39.54999923706055,39.54999923706055,39.54999923706055,39.54999923706055,39.54999923706055,900
2018-09-24,39.54999923706055,39.54999923706055,39.54999923706055,39.54999923706055,39.54999923706055,0
2018-09-25,39.54999923706055,39.54999923706055,39.54999923706055,39.54999923706055,39.54999923706055,0
2018-09-26,39.54999923706055,39.54999923706055,39.54999923706055,39.54999923706055,39.54999923706055,0
2018-09-27,39.54999923706055,39.54999923706055,39.54999923706055,39.54999923706055,39.54999923706055,0
2018-09-28,39.54999923706055,39.54999923706055,39.54999923706055,39.54999923706055,39.54999923706055,0
2018-10-01,41.459999084472656,41.459999084472656,38.31999969482422,38.400001525878906,38.400001525878906,2300
2018-10-02,39.29999923706055,40.61000061035156,37.709999084472656,38.849998474121094,38.849998474121094,2800
2018-10-03,39.150001525878906,39.400001525878906,38.900001525878906,39.400001525878906,39.400001525878906,1400
2018-10-04,38.72999954223633,41.0,37.79999923706055,41.0,41.0,4500
2018-10-05,40.27000045776367,40.27000045776367,38.70000076293945,38.70000076293945,38.70000076293945,2200
2018-10-08,38.70000076293945,38.70000076293945,38.70000076293945,38.70000076293945,38.70000076293945,0
2018-10-09,38.459999084472656,38.75,37.689998626708984,38.75,38.75,3000
2018-10-10,40.11000061035156,40.11000061035156,38.70000076293945,38.70000076293945,38.70000076293945,1900
2018-10-11,38.70000076293945,38.70000076293945,38.70000076293945,38.70000076293945,38.70000076293945,0
2018-10-12,38.70000076293945,38.70000076293945,38.70000076293945,38.70000076293945,38.70000076293945,0
2018-10-15,38.599998474121094,38.599998474121094,38.29999923706055,38.29999923706055,38.29999923706055,400
2018-10-16,38.47999954223633,40.560001373291016,38.459999084472656,40.560001373291016,40.560001373291016,1200
2018-10-17,38.79999923706055,40.36000061035156,38.79999923706055,40.04999923706055,40.04999923706055,1800
2018-10-18,39.52000045776367,39.68000030517578,38.79999923706055,39.68000030517578,39.68000030517578,500
2018-10-19,39.02000045776367,39.02000045776367,38.689998626708984,38.689998626708984,38.689998626708984,1100
2018-10-22,40.029998779296875,41.0,39.20000076293945,39.20000076293945,39.20000076293945,2500
2018-10-23,39.20000076293945,39.20000076293945,39.20000076293945,39.20000076293945,39.20000076293945,0
2018-10-24,39.20000076293945,39.20000076293945,39.20000076293945,39.20000076293945,39.20000076293945,0
2018-10-25,37.849998474121094,38.5,37.7400016784668,37.849998474121094,37.849998474121094,1200
2018-10-26,38.22999954223633,39.65999984741211,38.22999954223633,39.5,39.5,2000
2018-10-29,38.58000183105469,38.70000076293945,37.869998931884766,38.70000076293945,38.70000076293945,1900
2018-10-30,39.77000045776367,39.77000045776367,38.65999984741211,38.70000076293945,38.70000076293945,1000
2018-10-31,38.5,40.0,37.959999084472656,40.0,40.0,1700
2018-11-01,39.0,39.869998931884766,39.0,39.0,39.0,1600
2018-11-02,38.08000183105469,39.75,38.02000045776367,39.75,39.75,1900
2018-11-05,40.45000076293945,40.45000076293945,38.79999923706055,38.79999923706055,38.79999923706055,1600
2018-11-06,38.70000076293945,38.9900016784668,38.0099983215332,38.9900016784668,38.9900016784668,2300
2018-11-07,39.91999816894531,41.0,39.0,39.45000076293945,39.45000076293945,1500
2018-11-08,38.459999084472656,39.56999969482422,37.91999816894531,39.56999969482422,39.56999969482422,3100
2018-11-09,39.20000076293945,40.04999923706055,38.689998626708984,38.689998626708984,38.689998626708984,2100
2018-11-12,38.70000076293945,39.36000061035156,38.31999969482422,39.16999816894531,39.16999816894531,3900
2018-11-13,39.20000076293945,40.060001373291016,38.20000076293945,38.79999923706055,38.79999923706055,2500
2018-11-14,39.310001373291016,39.400001525878906,38.400001525878906,39.400001525878906,39.400001525878906,4200
2018-11-15,39.599998474121094,39.97999954223633,38.720001220703125,39.29999923706055,39.29999923706055,11600
2018-11-16,39.0099983215332,39.119998931884766,38.900001525878906,39.0,39.0,1100
2018-11-19,39.0,39.0,39.0,39.0,39.0,200
2018-11-20,39.5,40.04999923706055,39.45000076293945,40.04999923706055,40.04999923706055,1700
2018-11-21,39.0,39.70000076293945,39.0,39.70000076293945,39.70000076293945,1900
2018-11-23,39.400001525878906,39.400001525878906,39.400001525878906,39.400001525878906,39.400001525878906,1000
2018-11-26,39.400001525878906,39.400001525878906,39.400001525878906,39.400001525878906,39.400001525878906,100
2018-11-27,39.400001525878906,39.400001525878906,39.400001525878906,39.400001525878906,39.400001525878906,0
2018-11-28,39.400001525878906,39.400001525878906,39.400001525878906,39.400001525878906,39.400001525878906,200
2018-11-29,39.400001525878906,39.400001525878906,39.400001525878906,39.400001525878906,39.400001525878906,100
2018-11-30,39.400001525878906,39.400001525878906,39.400001525878906,39.400001525878906,39.400001525878906,200
2018-12-03,39.400001525878906,39.400001525878906,39.400001525878906,39.400001525878906,39.400001525878906,100
2018-12-04,39.209999084472656,39.209999084472656,38.59000015258789,38.59000015258789,38.59000015258789,1100
2018-12-06,38.5,38.75,38.5,38.75,38.75,400
2018-12-07,38.75,38.75,38.75,38.75,38.75,100
2018-12-10,38.75,38.75,38.75,38.75,38.75,100
2018-12-11,39.0,39.349998474121094,38.779998779296875,38.900001525878906,38.900001525878906,2000
2018-12-12,39.099998474121094,40.029998779296875,39.08000183105469,40.029998779296875,40.029998779296875,1500
2018-12-13,40.029998779296875,40.029998779296875,40.029998779296875,40.029998779296875,40.029998779296875,100
2018-12-14,40.029998779296875,40.029998779296875,40.029998779296875,40.029998779296875,40.029998779296875,100
2018-12-17,40.029998779296875,40.029998779296875,40.029998779296875,40.029998779296875,40.029998779296875,0
2018-12-18,40.029998779296875,40.029998779296875,40.029998779296875,40.029998779296875,40.029998779296875,0
2018-12-19,40.029998779296875,40.029998779296875,40.029998779296875,40.029998779296875,40.029998779296875,0
2018-12-20,40.029998779296875,40.029998779296875,40.029998779296875,40.029998779296875,40.029998779296875,0
2018-12-21,38.41999816894531,38.709999084472656,38.41999816894531,38.5,38.5,1500
2018-12-24,38.900001525878906,40.2400016784668,38.900001525878906,38.900001525878906,38.900001525878906,2200
2018-12-26,38.900001525878906,38.900001525878906,38.900001525878906,38.900001525878906,38.900001525878906,100
2018-12-27,38.599998474121094,39.0,38.5,38.599998474121094,38.599998474121094,1200
2018-12-28,40.119998931884766,40.18000030517578,39.0,40.18000030517578,40.18000030517578,1000
2018-12-31,38.619998931884766,38.91999816894531,38.619998931884766,38.709999084472656,38.709999084472656,900
2019-01-02,39.16999816894531,40.20000076293945,38.619998931884766,40.0,40.0,4600
2019-01-03,39.20000076293945,39.29999923706055,39.099998474121094,39.099998474121094,39.099998474121094,1600
2019-01-04,38.9900016784668,39.099998474121094,38.9900016784668,39.08000183105469,39.08000183105469,1800
2019-01-07,39.29999923706055,39.97999954223633,39.09000015258789,39.099998474121094,39.099998474121094,1900
2019-01-08,39.20000076293945,41.54999923706055,38.70000076293945,39.66999816894531,39.66999816894531,1000
2019-01-09,39.29999923706055,40.66999816894531,39.20000076293945,39.20000076293945,39.20000076293945,800
2019-01-10,39.11000061035156,39.7599983215332,38.72999954223633,39.7599983215332,39.7599983215332,1400
2019-01-11,39.02000045776367,43.65999984741211,39.02000045776367,40.0,40.0,1200
2019-01-14,40.0,40.0,40.0,40.0,40.0,300
2019-01-15,38.63999938964844,39.310001373291016,38.40999984741211,39.25,39.25,1200
2019-01-16,39.29999923706055,40.720001220703125,39.29999923706055,40.029998779296875,40.029998779296875,900
2019-01-17,40.029998779296875,40.029998779296875,40.029998779296875,40.029998779296875,40.029998779296875,300
2019-01-18,40.029998779296875,40.029998779296875,40.029998779296875,40.029998779296875,40.029998779296875,100
2019-01-22,38.650001525878906,39.81999969482422,38.650001525878906,39.81999969482422,39.81999969482422,3400
2019-01-23,39.70000076293945,40.869998931884766,39.5,40.709999084472656,40.709999084472656,1600
2019-01-24,40.709999084472656,40.709999084472656,40.709999084472656,40.709999084472656,40.709999084472656,0
2019-01-25,39.310001373291016,39.880001068115234,38.65999984741211,39.880001068115234,39.880001068115234,1100
2019-01-28,39.599998474121094,40.619998931884766,39.5,39.5,39.5,700
2019-01-29,39.5,39.5,39.5,39.5,39.5,0
2019-01-30,39.5,39.599998474121094,39.5,39.5,39.5,600
2019-01-31,39.5,39.5,39.5,39.5,39.5,0
2019-02-01,39.5,39.5,39.5,39.5,39.5,100
2019-02-04,39.5,39.5,39.5,39.5,39.5,100
2019-02-05,39.5,39.5,39.5,39.5,39.5,100
2019-02-06,39.5,39.5,39.5,39.5,39.5,200
2019-02-07,39.5,39.5,39.5,39.5,39.5,0
2019-02-08,39.5,39.5,39.5,39.5,39.5,0
2019-02-11,39.5,39.5,39.5,39.5,39.5,100
2019-02-12,39.0,39.0,39.0,39.0,39.0,100
2019-02-13,39.0,39.0,39.0,39.0,39.0,0
2019-02-14,39.0,39.0,39.0,39.0,39.0,100
2019-02-15,39.0,39.0,39.0,39.0,39.0,100
2019-02-19,39.0,39.0,39.0,39.0,39.0,0
2019-02-20,39.0,39.0,39.0,39.0,39.0,100
2019-02-21,39.0,39.0,39.0,39.0,39.0,0
2019-02-22,39.0,39.0,39.0,39.0,39.0,100
2019-02-25,39.0,39.0,39.0,39.0,39.0,0
2019-02-26,39.0,39.0,39.0,39.0,39.0,100
2019-02-27,39.0,39.0,39.0,39.0,39.0,0
2019-02-28,39.0099983215332,39.20000076293945,39.0099983215332,39.20000076293945,39.20000076293945,1000
2019-03-01,39.599998474121094,39.70000076293945,39.31999969482422,39.400001525878906,39.400001525878906,1700
2019-03-04,40.95000076293945,40.95000076293945,40.95000076293945,40.95000076293945,40.95000076293945,200
2019-03-05,41.470001220703125,41.470001220703125,41.470001220703125,41.470001220703125,41.470001220703125,100
2019-03-06,41.5,41.5,40.279998779296875,40.279998779296875,40.279998779296875,300
2019-03-07,41.20000076293945,41.20000076293945,39.20000076293945,39.439998626708984,39.439998626708984,400
2019-03-08,40.869998931884766,40.869998931884766,40.0,40.310001373291016,40.310001373291016,500
2019-03-11,40.310001373291016,40.310001373291016,40.310001373291016,40.310001373291016,40.310001373291016,100
2019-03-12,39.81999969482422,40.150001525878906,39.81999969482422,40.0,40.0,600
2019-03-13,40.0,40.0,40.0,40.0,40.0,200
2019-03-14,39.5,40.08000183105469,38.5,40.08000183105469,40.08000183105469,1000
2019-03-15,39.5,39.5,39.5,39.5,39.5,400
2019-03-18,39.5,39.5,39.5,39.5,39.5,200
2019-03-19,38.31999969482422,38.31999969482422,38.31999969482422,38.31999969482422,38.31999969482422,100
2019-03-20,38.31999969482422,38.31999969482422,38.31999969482422,38.31999969482422,38.31999969482422,100
2019-03-21,38.31999969482422,38.31999969482422,38.31999969482422,38.31999969482422,38.31999969482422,100
2019-03-22,38.31999969482422,38.31999969482422,38.31999969482422,38.31999969482422,38.31999969482422,100
2019-03-25,38.31999969482422,38.31999969482422,38.31999969482422,38.31999969482422,38.31999969482422,100
2019-03-26,38.31999969482422,38.31999969482422,38.31999969482422,38.31999969482422,38.31999969482422,100
2019-03-27,38.31999969482422,38.31999969482422,38.31999969482422,38.31999969482422,38.31999969482422,100
2019-03-28,38.31999969482422,38.31999969482422,38.31999969482422,38.31999969482422,38.31999969482422,0
2019-03-29,38.25,38.25,37.900001525878906,37.900001525878906,37.900001525878906,300
2019-04-01,37.900001525878906,37.900001525878906,37.900001525878906,37.900001525878906,37.900001525878906,0
2019-04-02,36.52000045776367,37.209999084472656,36.52000045776367,37.209999084472656,37.209999084472656,2700
2019-04-03,37.209999084472656,37.209999084472656,37.209999084472656,37.209999084472656,37.209999084472656,0
2019-04-04,37.209999084472656,37.209999084472656,37.209999084472656,37.209999084472656,37.209999084472656,0
2019-04-05,37.209999084472656,37.209999084472656,37.209999084472656,37.209999084472656,37.209999084472656,0
2019-04-08,37.209999084472656,37.209999084472656,37.209999084472656,37.209999084472656,37.209999084472656,100
2019-04-09,37.209999084472656,37.209999084472656,37.209999084472656,37.209999084472656,37.209999084472656,0
2019-04-10,37.0,38.22999954223633,37.0,37.5,37.5,1500
2019-04-11,37.70000076293945,37.97999954223633,37.4900016784668,37.5,37.5,1300
2019-04-12,36.81999969482422,37.29999923706055,36.70000076293945,37.29999923706055,37.29999923706055,1900
2019-04-15,37.29999923706055,37.29999923706055,37.29999923706055,37.29999923706055,37.29999923706055,100
2019-04-16,37.310001373291016,37.5,37.290000915527344,37.5,37.5,400
2019-04-17,37.06999969482422,37.40999984741211,36.880001068115234,37.400001525878906,37.400001525878906,2200
2019-04-18,37.400001525878906,37.400001525878906,37.400001525878906,37.400001525878906,37.400001525878906,100
2019-04-22,36.2599983215332,36.2599983215332,36.2599983215332,36.2599983215332,36.2599983215332,100
2019-04-23,36.2599983215332,36.2599983215332,36.2599983215332,36.2599983215332,36.2599983215332,0
2019-04-24,37.43000030517578,37.43000030517578,36.86000061035156,36.86000061035156,36.86000061035156,800
2019-04-25,37.5,37.5,36.790000915527344,36.790000915527344,36.790000915527344,300
2019-04-26,36.790000915527344,36.790000915527344,36.790000915527344,36.790000915527344,36.790000915527344,1800
2019-04-29,36.7400016784668,36.810001373291016,36.7400016784668,36.79999923706055,36.79999923706055,1900
2019-04-30,36.79999923706055,36.79999923706055,36.79999923706055,36.79999923706055,36.79999923706055,1400
2019-05-01,36.59000015258789,36.900001525878906,36.47999954223633,36.900001525878906,36.900001525878906,2000
2019-05-02,37.0,37.0,37.0,37.0,37.0,200
2019-05-03,37.5,37.91999816894531,37.0,37.0,37.0,2000
2019-05-06,37.20000076293945,37.20000076293945,37.20000076293945,37.20000076293945,37.20000076293945,2100
2019-05-07,37.20000076293945,37.20000076293945,37.20000076293945,37.20000076293945,37.20000076293945,100
2019-05-08,37.20000076293945,37.41999816894531,37.20000076293945,37.29999923706055,37.29999923706055,2500
2019-05-09,37.599998474121094,37.650001525878906,37.5099983215332,37.5099983215332,37.5099983215332,2700
2019-05-10,37.72999954223633,38.04999923706055,37.72999954223633,38.04999923706055,38.04999923706055,2200
2019-05-13,38.5,42.099998474121094,38.5,42.099998474121094,42.099998474121094,500
2019-05-14,42.099998474121094,42.099998474121094,42.099998474121094,42.099998474121094,42.099998474121094,100
2019-05-15,42.099998474121094,42.099998474121094,42.099998474121094,42.099998474121094,42.099998474121094,0
2019-05-16,42.099998474121094,42.099998474121094,42.099998474121094,42.099998474121094,42.099998474121094,100
2019-05-17,42.099998474121094,42.099998474121094,42.099998474121094,42.099998474121094,42.099998474121094,0
2019-05-20,42.099998474121094,42.099998474121094,42.099998474121094,42.099998474121094,42.099998474121094,0
2019-05-21,42.099998474121094,42.099998474121094,42.099998474121094,42.099998474121094,42.099998474121094,0
2019-05-22,42.099998474121094,42.099998474121094,42.099998474121094,42.099998474121094,42.099998474121094,100
2019-05-23,42.099998474121094,42.099998474121094,42.099998474121094,42.099998474121094,42.099998474121094,100
2019-05-24,37.02000045776367,37.02000045776367,36.79999923706055,36.79999923706055,36.79999923706055,700
2019-05-28,36.25,36.25,35.15999984741211,35.15999984741211,35.15999984741211,600
2019-05-29,35.15999984741211,35.15999984741211,35.15999984741211,35.15999984741211,35.15999984741211,100
2019-05-30,35.15999984741211,35.15999984741211,35.15999984741211,35.15999984741211,35.15999984741211,100
2019-05-31,35.0,35.0,34.83000183105469,35.0,35.0,1900
2019-06-03,35.0,35.0,35.0,35.0,35.0,100
2019-06-04,35.0,35.0,35.0,35.0,35.0,100
2019-06-05,35.0,35.0,35.0,35.0,35.0,100
2019-06-06,35.0,35.0,35.0,35.0,35.0,100
2019-06-07,35.0,35.0,35.0,35.0,35.0,100
2019-06-10,35.0,35.0,35.0,35.0,35.0,100
2019-06-11,35.0,35.0,35.0,35.0,35.0,100
2019-06-12,35.0,35.0,35.0,35.0,35.0,100
2019-06-13,35.0,35.0,35.0,35.0,35.0,0
2019-06-14,35.0,35.0,35.0,35.0,35.0,0
2019-06-17,35.0,35.0,35.0,35.0,35.0,0
2019-06-18,35.0,35.0,35.0,35.0,35.0,0
2019-06-19,35.0,35.0,35.0,35.0,35.0,0
2019-06-20,35.849998474121094,35.849998474121094,35.47999954223633,35.47999954223633,35.47999954223633,1700
2019-06-21,35.220001220703125,35.61000061035156,34.0,34.0,34.0,2800
2019-06-24,34.0,34.0,34.0,34.0,34.0,100
2019-06-25,34.0,34.0,34.0,34.0,34.0,0
2019-06-26,34.0,34.0,34.0,34.0,34.0,0
2019-06-27,34.0,34.0,34.0,34.0,34.0,0
2019-06-28,34.0,34.0,34.0,34.0,34.0,200
2019-07-01,35.0,35.0,35.0,35.0,35.0,200
2019-07-02,35.0,35.0,35.0,35.0,35.0,0
2019-07-03,35.0,35.0,35.0,35.0,35.0,0
2019-07-05,35.0,35.0,35.0,35.0,35.0,0
2019-07-08,35.0,35.0,35.0,35.0,35.0,0
2019-07-09,35.0,35.0,35.0,35.0,35.0,100
2019-07-10,35.0,35.0,35.0,35.0,35.0,200
2019-07-11,37.43000030517578,37.439998626708984,37.43000030517578,37.439998626708984,37.439998626708984,500
2019-07-12,37.439998626708984,37.439998626708984,37.439998626708984,37.439998626708984,37.439998626708984,100
2019-07-15,37.439998626708984,37.439998626708984,37.439998626708984,37.439998626708984,37.439998626708984,0
2019-07-16,37.439998626708984,37.439998626708984,37.439998626708984,37.439998626708984,37.439998626708984,0
2019-07-17,37.439998626708984,37.439998626708984,37.439998626708984,37.439998626708984,37.439998626708984,0
2019-07-18,35.650001525878906,36.099998474121094,35.04999923706055,35.70000076293945,35.70000076293945,2700
2019-07-19,35.099998474121094,35.349998474121094,34.939998626708984,35.209999084472656,35.209999084472656,2600
2019-07-22,35.599998474121094,36.02000045776367,35.150001525878906,35.72999954223633,35.72999954223633,2300
2019-07-23,35.540000915527344,35.75,34.02000045776367,34.02000045776367,34.02000045776367,2500
2019-07-24,35.099998474121094,36.029998779296875,35.099998474121094,35.5,35.5,2000
2019-07-25,35.400001525878906,35.45000076293945,35.400001525878906,35.45000076293945,35.45000076293945,1000
2019-07-26,35.5,35.5,35.5,35.5,35.5,200
2019-07-29,35.5,35.5,35.5,35.5,35.5,100
2019-07-30,35.5,36.0,35.20000076293945,36.0,36.0,1900
2019-07-31,35.060001373291016,35.060001373291016,35.060001373291016,35.060001373291016,35.060001373291016,100
2019-08-01,35.060001373291016,35.060001373291016,35.060001373291016,35.060001373291016,35.060001373291016,100
2019-08-02,35.5,36.150001525878906,35.380001068115234,35.849998474121094,35.849998474121094,2400
2019-08-05,35.5,36.150001525878906,35.380001068115234,35.849998474121094,35.849998474121094,100
2019-08-06,35.5,36.150001525878906,35.380001068115234,35.849998474121094,35.849998474121094,100
2019-08-07,35.5,36.150001525878906,35.380001068115234,35.849998474121094,35.849998474121094,100
2019-08-08,35.5,36.150001525878906,35.380001068115234,35.849998474121094,35.849998474121094,100
2019-08-09,35.849998474121094,35.849998474121094,35.849998474121094,35.849998474121094,35.849998474121094,0
2019-08-12,35.849998474121094,35.849998474121094,35.849998474121094,35.849998474121094,35.849998474121094,0
2019-08-13,34.900001525878906,35.619998931884766,34.900001525878906,35.349998474121094,35.349998474121094,2100
2019-08-14,34.849998474121094,35.619998931884766,34.849998474121094,35.619998931884766,35.619998931884766,2300
2019-08-15,35.130001068115234,35.47999954223633,34.900001525878906,35.380001068115234,35.380001068115234,1500
2019-08-16,35.040000915527344,35.400001525878906,35.040000915527344,35.2400016784668,35.2400016784668,3600
2019-08-19,37.869998931884766,37.869998931884766,35.45000076293945,37.58000183105469,37.58000183105469,1200
2019-08-20,37.58000183105469,37.58000183105469,37.58000183105469,37.58000183105469,37.58000183105469,0
2019-08-21,37.58000183105469,37.58000183105469,37.58000183105469,37.58000183105469,37.58000183105469,0
2019-08-22,35.7599983215332,36.099998474121094,35.75,35.79999923706055,35.79999923706055,1400
2019-08-23,35.79999923706055,35.79999923706055,35.79999923706055,35.79999923706055,35.79999923706055,0
2019-08-26,35.0,35.540000915527344,35.0,35.540000915527344,35.540000915527344,500
2019-08-27,34.70000076293945,34.70000076293945,34.70000076293945,34.70000076293945,34.70000076293945,100
2019-08-28,35.400001525878906,36.029998779296875,35.400001525878906,35.5,35.5,2300
2019-08-29,35.5,35.5,35.5,35.5,35.5,0
2019-08-30,35.04999923706055,35.72999954223633,35.04999923706055,35.599998474121094,35.599998474121094,1800
2019-09-03,35.599998474121094,35.599998474121094,35.599998474121094,35.599998474121094,35.599998474121094,0
2019-09-04,35.380001068115234,36.04999923706055,35.11000061035156,35.52000045776367,35.52000045776367,2700
2019-09-05,35.380001068115234,36.209999084472656,35.36000061035156,35.599998474121094,35.599998474121094,2400
2019-09-06,35.849998474121094,36.63999938964844,35.349998474121094,36.0,36.0,4500
2019-09-09,35.70000076293945,35.90999984741211,35.29999923706055,35.79999923706055,35.79999923706055,2000
2019-09-10,35.79999923706055,35.79999923706055,35.79999923706055,35.79999923706055,35.79999923706055,0
2019-09-11,35.650001525878906,36.310001373291016,35.34000015258789,36.27000045776367,36.27000045776367,1600
2019-09-12,35.9900016784668,35.9900016784668,35.9900016784668,35.9900016784668,35.9900016784668,200
2019-09-13,38.04999923706055,38.04999923706055,37.0,37.0,37.0,300
2019-09-16,36.20000076293945,37.5099983215332,35.95000076293945,36.70000076293945,36.70000076293945,3400
2019-09-17,39.43000030517578,39.43000030517578,37.5,37.5,37.5,700
2019-09-18,39.349998474121094,39.349998474121094,39.0,39.0,39.0,300
2019-09-19,39.0,39.0,39.0,39.0,39.0,300
2019-09-20,37.959999084472656,37.959999084472656,37.959999084472656,37.959999084472656,37.959999084472656,1800
2019-09-23,39.0,39.0,39.0,39.0,39.0,500
2019-09-24,39.0,39.0,39.0,39.0,39.0,200
2019-09-25,39.0,39.0,39.0,39.0,39.0,200
2019-09-26,39.0,39.0,39.0,39.0,39.0,200
2019-09-27,39.0,39.0,39.0,39.0,39.0,100
2019-09-30,39.0,39.0,39.0,39.0,39.0,0
2019-10-01,35.0,35.0,35.0,35.0,35.0,1100
2019-10-02,35.0,35.0,35.0,35.0,35.0,100
2019-10-03,35.0,35.0,34.70000076293945,34.709999084472656,34.709999084472656,500
2019-10-04,34.599998474121094,34.599998474121094,34.0,34.0,34.0,1200
2019-10-07,34.0,34.0,34.0,34.0,34.0,100
2019-10-08,34.0,34.0,34.0,34.0,34.0,0
2019-10-09,34.0,34.0,34.0,34.0,34.0,100
2019-10-10,34.0,34.0,34.0,34.0,34.0,100
2019-10-11,35.16999816894531,35.16999816894531,35.16999816894531,35.16999816894531,35.16999816894531,100
2019-10-14,35.16999816894531,35.16999816894531,35.16999816894531,35.16999816894531,35.16999816894531,0
2019-10-15,35.16999816894531,35.16999816894531,35.16999816894531,35.16999816894531,35.16999816894531,0
2019-10-16,35.16999816894531,35.16999816894531,35.16999816894531,35.16999816894531,35.16999816894531,100
2019-10-17,35.16999816894531,35.16999816894531,35.16999816894531,35.16999816894531,35.16999816894531,100
2019-10-18,35.16999816894531,35.16999816894531,35.16999816894531,35.16999816894531,35.16999816894531,0
2019-10-21,35.16999816894531,35.16999816894531,35.16999816894531,35.16999816894531,35.16999816894531,100
2019-10-22,35.16999816894531,35.16999816894531,35.16999816894531,35.16999816894531,35.16999816894531,0
2019-10-23,35.16999816894531,35.16999816894531,35.16999816894531,35.16999816894531,35.16999816894531,0
2019-10-24,35.16999816894531,35.16999816894531,35.16999816894531,35.16999816894531,35.16999816894531,0
2019-10-25,35.16999816894531,35.16999816894531,35.16999816894531,35.16999816894531,35.16999816894531,0
2019-10-28,35.16999816894531,35.16999816894531,35.16999816894531,35.16999816894531,35.16999816894531,100
2019-10-29,35.16999816894531,35.16999816894531,35.16999816894531,35.16999816894531,35.16999816894531,0
2019-10-30,35.16999816894531,35.16999816894531,35.16999816894531,35.16999816894531,35.16999816894531,0
2019-10-31,35.16999816894531,35.16999816894531,35.16999816894531,35.16999816894531,35.16999816894531,100
2019-11-01,35.16999816894531,35.16999816894531,35.16999816894531,35.16999816894531,35.16999816894531,100
2019-11-04,35.16999816894531,35.16999816894531,35.16999816894531,35.16999816894531,35.16999816894531,0
2019-11-05,35.16999816894531,35.16999816894531,35.16999816894531,35.16999816894531,35.16999816894531,0
2019-11-06,35.16999816894531,35.16999816894531,35.16999816894531,35.16999816894531,35.16999816894531,0
2019-11-07,35.16999816894531,35.16999816894531,35.16999816894531,35.16999816894531,35.16999816894531,0
2019-11-08,35.16999816894531,35.16999816894531,35.16999816894531,35.16999816894531,35.16999816894531,0
2019-11-11,35.16999816894531,35.16999816894531,35.16999816894531,35.16999816894531,35.16999816894531,0
2019-11-12,35.16999816894531,35.16999816894531,35.16999816894531,35.16999816894531,35.16999816894531,0
2019-11-13,35.16999816894531,35.16999816894531,35.16999816894531,35.16999816894531,35.16999816894531,0
2019-11-14,33.130001068115234,33.15999984741211,33.130001068115234,33.15999984741211,33.15999984741211,400
2019-11-15,33.15999984741211,33.15999984741211,33.15999984741211,33.15999984741211,33.15999984741211,0
2019-11-18,33.15999984741211,33.15999984741211,33.15999984741211,33.15999984741211,33.15999984741211,0
2019-11-19,33.15999984741211,33.15999984741211,33.15999984741211,33.15999984741211,33.15999984741211,0
2019-11-20,33.15999984741211,33.15999984741211,33.15999984741211,33.15999984741211,33.15999984741211,0
2019-11-21,33.15999984741211,33.15999984741211,33.15999984741211,33.15999984741211,33.15999984741211,0
2019-11-22,33.15999984741211,33.15999984741211,33.15999984741211,33.15999984741211,33.15999984741211,100
2019-11-25,33.15999984741211,33.15999984741211,33.15999984741211,33.15999984741211,33.15999984741211,100
2019-11-26,33.15999984741211,33.15999984741211,33.15999984741211,33.15999984741211,33.15999984741211,0
2019-11-27,33.15999984741211,33.15999984741211,33.15999984741211,33.15999984741211,33.15999984741211,0
2019-11-29,33.15999984741211,33.15999984741211,33.15999984741211,33.15999984741211,33.15999984741211,0
2019-12-02,33.15999984741211,33.15999984741211,33.15999984741211,33.15999984741211,33.15999984741211,0
2019-12-03,33.5,33.5,33.5,33.5,33.5,100
2019-12-04,33.5,33.5,33.5,33.5,33.5,0
2019-12-05,33.5,33.5,31.100000381469727,32.290000915527344,32.290000915527344,3400
2019-12-06,31.6299991607666,32.0,31.6299991607666,32.0,32.0,1400
2019-12-09,32.0,32.0,32.0,32.0,32.0,0
2019-12-10,32.0,32.0,32.0,32.0,32.0,0
2019-12-11,32.0,32.0,32.0,32.0,32.0,0
2019-12-12,32.0,32.0,32.0,32.0,32.0,0
2019-12-13,31.100000381469727,31.989999771118164,31.100000381469727,31.989999771118164,31.989999771118164,800
2019-12-16,31.989999771118164,31.989999771118164,31.989999771118164,31.989999771118164,31.989999771118164,0
2019-12-17,31.989999771118164,31.989999771118164,31.989999771118164,31.989999771118164,31.989999771118164,0
2019-12-18,31.100000381469727,32.4900016784668,30.8799991607666,30.8799991607666,30.8799991607666,2700
2019-12-19,30.8799991607666,31.100000381469727,30.8799991607666,30.8799991607666,30.8799991607666,1800
2019-12-20,30.790000915527344,30.799999237060547,30.75,30.75,30.75,1500
2019-12-23,30.75,30.75,30.75,30.75,30.75,0
2019-12-24,30.75,30.75,30.75,30.75,30.75,0
2019-12-26,30.75,30.75,30.75,30.75,30.75,0
2019-12-27,30.75,30.75,30.75,30.75,30.75,0
2019-12-30,30.75,30.75,30.75,30.75,30.75,0
2019-12-31,30.75,30.75,30.75,30.75,30.75,0
2020-01-02,30.75,30.75,30.75,30.75,30.75,0
2020-01-03,30.75,30.75,30.75,30.75,30.75,0
2020-01-06,30.75,30.75,30.75,30.75,30.75,0
2020-01-07,29.709999084472656,30.25,29.709999084472656,30.25,30.25,700
2020-01-08,30.25,30.25,30.25,30.25,30.25,0
2020-01-09,30.25,30.25,30.25,30.25,30.25,0
2020-01-10,30.0,30.0,30.0,30.0,30.0,200
2020-01-13,30.0,30.0,30.0,30.0,30.0,0
2020-01-14,30.0,30.0,30.0,30.0,30.0,0
2020-01-15,30.0,30.0,30.0,30.0,30.0,0
2020-01-16,30.0,30.0,30.0,30.0,30.0,0
2020-01-17,30.0,30.0,30.0,30.0,30.0,0
2020-01-21,30.0,30.0,30.0,30.0,30.0,0
2020-01-22,30.0,30.0,30.0,30.0,30.0,0
2020-01-23,30.0,30.0,30.0,30.0,30.0,0
2020-01-24,30.0,30.0,30.0,30.0,30.0,0
2020-01-27,30.0,30.0,30.0,30.0,30.0,0
2020-01-28,30.0,30.0,30.0,30.0,30.0,0
2020-01-29,30.0,30.0,30.0,30.0,30.0,0
2020-01-30,29.190000534057617,29.190000534057617,29.190000534057617,29.190000534057617,29.190000534057617,400
2020-01-31,29.190000534057617,29.190000534057617,29.190000534057617,29.190000534057617,29.190000534057617,0
2020-02-03,30.020000457763672,30.170000076293945,30.0,30.170000076293945,30.170000076293945,2000
2020-02-04,30.170000076293945,30.170000076293945,30.170000076293945,30.170000076293945,30.170000076293945,0
2020-02-05,31.0,34.08000183105469,31.0,34.08000183105469,34.08000183105469,6800
2020-02-06,34.08000183105469,34.08000183105469,34.08000183105469,34.08000183105469,34.08000183105469,0
2020-02-07,34.08000183105469,34.08000183105469,34.08000183105469,34.08000183105469,34.08000183105469,0
2020-02-10,34.08000183105469,34.08000183105469,34.08000183105469,34.08000183105469,34.08000183105469,0
2020-02-11,34.08000183105469,34.08000183105469,34.08000183105469,34.08000183105469,34.08000183105469,0
2020-02-12,34.08000183105469,34.08000183105469,34.08000183105469,34.08000183105469,34.08000183105469,0
2020-02-13,34.08000183105469,34.08000183105469,34.08000183105469,34.08000183105469,34.08000183105469,0
2020-02-14,34.08000183105469,34.08000183105469,34.08000183105469,34.08000183105469,34.08000183105469,0
2020-02-18,34.08000183105469,34.08000183105469,34.08000183105469,34.08000183105469,34.08000183105469,0
2020-02-19,34.08000183105469,34.08000183105469,34.08000183105469,34.08000183105469,34.08000183105469,0
2020-02-20,34.08000183105469,34.08000183105469,34.08000183105469,34.08000183105469,34.08000183105469,0
2020-02-21,34.08000183105469,34.08000183105469,34.08000183105469,34.08000183105469,34.08000183105469,0
2020-02-24,30.5,30.5,30.5,30.5,30.5,300
2020-02-25,29.770000457763672,29.770000457763672,28.5,28.5,28.5,2000
2020-02-26,28.5,28.5,28.5,28.5,28.5,0
2020-02-27,28.5,28.5,28.5,28.5,28.5,0
2020-02-28,28.5,28.5,28.5,28.5,28.5,0
2020-03-02,28.479999542236328,28.479999542236328,28.479999542236328,28.479999542236328,28.479999542236328,100
2020-03-03,27.780000686645508,29.489999771118164,26.049999237060547,28.809999465942383,28.809999465942383,5200
2020-03-04,27.770000457763672,29.360000610351562,26.6299991607666,27.43000030517578,27.43000030517578,4000
2020-03-05,27.43000030517578,27.43000030517578,27.43000030517578,27.43000030517578,27.43000030517578,0
2020-03-06,27.43000030517578,27.43000030517578,27.43000030517578,27.43000030517578,27.43000030517578,0
2020-03-09,27.43000030517578,27.43000030517578,27.43000030517578,27.43000030517578,27.43000030517578,0
2020-03-10,27.43000030517578,27.43000030517578,27.43000030517578,27.43000030517578,27.43000030517578,0
2020-03-11,25.25,25.25,25.25,25.25,25.25,300
2020-03-12,25.25,25.25,25.25,25.25,25.25,0
2020-03-13,25.25,25.25,25.25,25.25,25.25,200
2020-03-16,25.3799991607666,25.3799991607666,25.3799991607666,25.3799991607666,25.3799991607666,300
2020-03-17,25.3799991607666,25.3799991607666,25.3799991607666,25.3799991607666,25.3799991607666,0
2020-03-18,25.3799991607666,25.3799991607666,25.3799991607666,25.3799991607666,25.3799991607666,0
2020-03-19,27.479999542236328,27.479999542236328,27.479999542236328,27.479999542236328,27.479999542236328,500
2020-03-20,27.479999542236328,27.479999542236328,27.479999542236328,27.479999542236328,27.479999542236328,0
2020-03-23,28.0,28.0,28.0,28.0,28.0,400
2020-03-24,28.0,28.0,28.0,28.0,28.0,0
2020-03-25,28.0,28.0,28.0,28.0,28.0,0
2020-03-26,22.110000610351562,26.309999465942383,22.110000610351562,26.309999465942383,26.309999465942383,500
2020-03-27,26.309999465942383,26.309999465942383,26.309999465942383,26.309999465942383,26.309999465942383,0
2020-03-30,24.639999389648438,24.639999389648438,24.639999389648438,24.639999389648438,24.639999389648438,100
2020-03-31,24.639999389648438,24.639999389648438,24.639999389648438,24.639999389648438,24.639999389648438,0
2020-04-01,24.639999389648438,24.639999389648438,24.639999389648438,24.639999389648438,24.639999389648438,0
2020-04-02,23.0,23.0,23.0,23.0,23.0,200
2020-04-03,22.0,22.0,22.0,22.0,22.0,200
2020-04-06,22.0,22.0,22.0,22.0,22.0,0
2020-04-07,21.75,21.969999313354492,20.1299991607666,20.1299991607666,20.1299991607666,900
2020-04-08,20.1299991607666,20.1299991607666,20.1299991607666,20.1299991607666,20.1299991607666,0
2020-04-09,20.270000457763672,20.270000457763672,20.270000457763672,20.270000457763672,20.270000457763672,100
2020-04-13,20.270000457763672,20.270000457763672,20.270000457763672,20.270000457763672,20.270000457763672,0
2020-04-14,20.270000457763672,20.270000457763672,20.270000457763672,20.270000457763672,20.270000457763672,0
2020-04-15,20.270000457763672,20.270000457763672,20.270000457763672,20.270000457763672,20.270000457763672,0
2020-04-16,22.59000015258789,22.610000610351562,22.59000015258789,22.610000610351562,22.610000610351562,800
2020-04-17,22.610000610351562,22.610000610351562,22.610000610351562,22.610000610351562,22.610000610351562,0
2020-04-20,22.610000610351562,22.610000610351562,22.610000610351562,22.610000610351562,22.610000610351562,0
2020-04-21,22.610000610351562,22.610000610351562,22.610000610351562,22.610000610351562,22.610000610351562,0
2020-04-22,22.610000610351562,22.610000610351562,22.610000610351562,22.610000610351562,22.610000610351562,0
2020-04-23,22.309999465942383,22.309999465942383,20.780000686645508,20.780000686645508,20.780000686645508,3200
2020-04-24,20.5,20.5,19.5,19.5,19.5,2800
2020-04-27,20.360000610351562,20.360000610351562,20.360000610351562,20.360000610351562,20.360000610351562,400
2020-04-28,21.15999984741211,21.15999984741211,21.15999984741211,21.15999984741211,21.15999984741211,100
2020-04-29,17.90999984741211,20.559999465942383,17.90999984741211,20.559999465942383,20.559999465942383,5700
2020-04-30,20.559999465942383,20.559999465942383,20.559999465942383,20.559999465942383,20.559999465942383,0
2020-05-01,20.559999465942383,20.559999465942383,20.559999465942383,20.559999465942383,20.559999465942383,0
2020-05-04,20.559999465942383,20.559999465942383,20.559999465942383,20.559999465942383,20.559999465942383,0
2020-05-05,20.559999465942383,20.559999465942383,20.559999465942383,20.559999465942383,20.559999465942383,0
2020-05-06,20.559999465942383,20.559999465942383,20.559999465942383,20.559999465942383,20.559999465942383,0
2020-05-07,20.559999465942383,20.559999465942383,20.559999465942383,20.559999465942383,20.559999465942383,0
2020-05-08,19.790000915527344,21.139999389648438,19.790000915527344,21.139999389648438,21.139999389648438,300
2020-05-11,19.75,20.0,19.75,20.0,20.0,1300
2020-05-12,20.0,20.0,20.0,20.0,20.0,0
2020-05-13,20.40999984741211,20.40999984741211,20.40999984741211,20.40999984741211,20.40999984741211,200
2020-05-14,21.15999984741211,21.15999984741211,21.15999984741211,21.15999984741211,21.15999984741211,700
2020-05-15,21.15999984741211,21.15999984741211,21.15999984741211,21.15999984741211,21.15999984741211,0
2020-05-18,21.15999984741211,21.15999984741211,21.15999984741211,21.15999984741211,21.15999984741211,600
2020-05-19,21.15999984741211,21.15999984741211,21.15999984741211,21.15999984741211,21.15999984741211,500
2020-05-20,21.15999984741211,21.15999984741211,21.15999984741211,21.15999984741211,21.15999984741211,0
2020-05-21,21.15999984741211,21.15999984741211,21.15999984741211,21.15999984741211,21.15999984741211,0
2020-05-22,21.15999984741211,21.15999984741211,21.15999984741211,21.15999984741211,21.15999984741211,0
2020-05-26,21.15999984741211,21.15999984741211,21.15999984741211,21.15999984741211,21.15999984741211,0
2020-05-27,22.25,22.25,22.25,22.25,22.25,600
2020-05-28,22.25,22.25,22.25,22.25,22.25,0
2020-05-29,22.25,22.25,22.25,22.25,22.25,0
2020-06-01,22.290000915527344,22.290000915527344,22.290000915527344,22.290000915527344,22.290000915527344,200
2020-06-02,22.5,22.5,22.5,22.5,22.5,200
2020-06-03,23.1299991607666,23.5,23.0,23.5,23.5,800
2020-06-04,21.5,23.6299991607666,21.5,23.6299991607666,23.6299991607666,600
2020-06-05,23.6299991607666,23.6299991607666,23.6299991607666,23.6299991607666,23.6299991607666,0
2020-06-08,23.6299991607666,23.6299991607666,23.6299991607666,23.6299991607666,23.6299991607666,0
2020-06-09,24.18000030517578,24.59000015258789,22.440000534057617,24.200000762939453,24.200000762939453,900
2020-06-10,20.719999313354492,22.790000915527344,20.719999313354492,22.790000915527344,22.790000915527344,800
2020-06-11,22.790000915527344,22.790000915527344,22.790000915527344,22.790000915527344,22.790000915527344,0
2020-06-12,22.950000762939453,22.950000762939453,22.950000762939453,22.950000762939453,22.950000762939453,400
2020-06-15,22.950000762939453,22.950000762939453,22.950000762939453,22.950000762939453,22.950000762939453,100
2020-06-16,20.75,22.780000686645508,20.75,22.780000686645508,22.780000686645508,600
2020-06-17,22.780000686645508,22.780000686645508,22.780000686645508,22.780000686645508,22.780000686645508,0
2020-06-18,22.780000686645508,22.780000686645508,22.780000686645508,22.780000686645508,22.780000686645508,0
2020-06-19,22.5,22.5,22.25,22.25,22.25,300
2020-06-22,22.25,22.25,22.25,22.25,22.25,0
2020-06-23,21.969999313354492,22.5,21.969999313354492,22.5,22.5,600
2020-06-24,22.5,22.5,22.5,22.5,22.5,0
2020-06-25,22.5,22.5,22.5,22.5,22.5,0
2020-06-26,22.5,22.5,22.5,22.5,22.5,0
2020-06-29,22.5,22.5,22.5,22.5,22.5,0
2020-06-30,22.5,22.5,22.5,22.5,22.5,0
2020-07-01,22.5,22.5,22.5,22.5,22.5,0
2020-07-02,22.5,22.5,22.5,22.5,22.5,0
2020-07-06,22.5,22.5,22.5,22.5,22.5,0
2020-07-07,22.5,22.5,22.5,22.5,22.5,0
2020-07-08,22.5,22.5,22.5,22.5,22.5,0
2020-07-09,22.5,22.5,22.5,22.5,22.5,0
2020-07-10,22.5,22.5,22.5,22.5,22.5,0
2020-07-13,22.5,22.5,22.5,22.5,22.5,0
2020-07-14,22.5,22.5,22.5,22.5,22.5,0
2020-07-15,22.5,22.5,22.5,22.5,22.5,0
2020-07-16,22.5,22.5,22.5,22.5,22.5,0
2020-07-17,22.5,22.5,22.5,22.5,22.5,0
2020-07-20,22.5,22.5,22.5,22.5,22.5,0
2020-07-21,22.5,22.5,22.5,22.5,22.5,0
2020-07-22,18.56999969482422,22.0,18.56999969482422,22.0,22.0,600
2020-07-23,22.0,22.0,22.0,22.0,22.0,0
2020-07-24,22.0,22.0,22.0,22.0,22.0,0
2020-07-27,21.5,21.5,21.5,21.5,21.5,400
2020-07-28,19.780000686645508,19.780000686645508,19.780000686645508,19.780000686645508,19.780000686645508,200
2020-07-29,19.780000686645508,19.780000686645508,19.780000686645508,19.780000686645508,19.780000686645508,0
2020-07-30,19.780000686645508,19.780000686645508,19.780000686645508,19.780000686645508,19.780000686645508,0
2020-07-31,19.780000686645508,19.780000686645508,19.780000686645508,19.780000686645508,19.780000686645508,0
2020-08-03,19.770000457763672,19.770000457763672,19.770000457763672,19.770000457763672,19.770000457763672,200
2020-08-04,20.0,20.0,20.0,20.0,20.0,500
2020-08-05,18.270000457763672,19.940000534057617,18.270000457763672,19.940000534057617,19.940000534057617,1000
2020-08-06,19.940000534057617,19.940000534057617,19.940000534057617,19.940000534057617,19.940000534057617,0
2020-08-07,19.940000534057617,19.940000534057617,19.940000534057617,19.940000534057617,19.940000534057617,0
2020-08-10,19.940000534057617,19.940000534057617,19.940000534057617,19.940000534057617,19.940000534057617,0
2020-08-11,19.940000534057617,19.940000534057617,19.940000534057617,19.940000534057617,19.940000534057617,0
2020-08-12,20.84000015258789,20.84000015258789,20.84000015258789,20.84000015258789,20.84000015258789,100
2020-08-13,19.200000762939453,19.520000457763672,19.200000762939453,19.520000457763672,19.520000457763672,700
2020-08-14,19.049999237060547,21.149999618530273,19.049999237060547,21.1299991607666,21.1299991607666,1100
2020-08-17,19.56999969482422,20.049999237060547,19.56999969482422,20.049999237060547,20.049999237060547,1000
2020-08-18,19.299999237060547,19.299999237060547,19.100000381469727,19.100000381469727,19.100000381469727,300
2020-08-19,19.100000381469727,19.100000381469727,19.100000381469727,19.100000381469727,19.100000381469727,0
2020-08-20,19.100000381469727,19.100000381469727,19.100000381469727,19.100000381469727,19.100000381469727,0
2020-08-21,19.100000381469727,19.100000381469727,19.100000381469727,19.100000381469727,19.100000381469727,0
2020-08-24,18.65999984741211,20.530000686645508,17.75,19.479999542236328,19.479999542236328,1100
2020-08-25,19.479999542236328,19.479999542236328,19.479999542236328,19.479999542236328,19.479999542236328,0
2020-08-26,19.479999542236328,19.479999542236328,19.479999542236328,19.479999542236328,19.479999542236328,0
2020-08-27,19.479999542236328,19.479999542236328,19.479999542236328,19.479999542236328,19.479999542236328,0
2020-08-28,19.479999542236328,19.479999542236328,19.479999542236328,19.479999542236328,19.479999542236328,0
2020-08-31,19.479999542236328,19.479999542236328,19.479999542236328,19.479999542236328,19.479999542236328,0
2020-09-01,20.0,20.0,20.0,20.0,20.0,200
2020-09-02,18.68000030517578,18.68000030517578,18.5,18.5,18.5,400
2020-09-03,18.5,18.5,18.5,18.5,18.5,0
2020-09-04,18.5,18.5,18.5,18.5,18.5,0
2020-09-08,18.5,18.5,18.5,18.5,18.5,0
2020-09-09,18.5,18.5,18.5,18.5,18.5,0
2020-09-10,18.5,18.5,18.5,18.5,18.5,0
2020-09-11,18.649999618530273,18.649999618530273,18.649999618530273,18.649999618530273,18.649999618530273,100
2020-09-14,18.760000228881836,18.760000228881836,18.760000228881836,18.760000228881836,18.760000228881836,500
2020-09-15,18.829999923706055,19.459999084472656,18.809999465942383,19.440000534057617,19.440000534057617,2100
2020-09-16,19.479999542236328,19.649999618530273,18.940000534057617,18.940000534057617,18.940000534057617,4800
2020-09-17,18.940000534057617,18.940000534057617,18.940000534057617,18.940000534057617,18.940000534057617,0
2020-09-18,18.940000534057617,18.940000534057617,18.940000534057617,18.940000534057617,18.940000534057617,0
2020-09-21,18.940000534057617,18.940000534057617,18.940000534057617,18.940000534057617,18.940000534057617,0
2020-09-22,20.309999465942383,20.309999465942383,18.290000915527344,19.200000762939453,19.200000762939453,500
2020-09-23,19.549999237060547,20.0,19.549999237060547,20.0,20.0,1100
2020-09-24,20.0,20.0,20.0,20.0,20.0,0
2020-09-25,20.0,20.0,20.0,20.0,20.0,0
2020-09-28,20.0,20.0,20.0,20.0,20.0,0
2020-09-29,20.0,20.0,20.0,20.0,20.0,0
2020-09-30,20.0,20.0,20.0,20.0,20.0,0
2020-10-01,21.889999389648438,22.600000381469727,21.5,22.600000381469727,22.600000381469727,2400
2020-10-02,22.600000381469727,22.600000381469727,22.600000381469727,22.600000381469727,22.600000381469727,0
2020-10-05,22.600000381469727,22.600000381469727,22.600000381469727,22.600000381469727,22.600000381469727,0
2020-10-06,22.420000076293945,22.420000076293945,21.389999389648438,21.389999389648438,21.389999389648438,600
2020-10-07,21.389999389648438,21.389999389648438,21.389999389648438,21.389999389648438,21.389999389648438,0
2020-10-08,21.389999389648438,21.389999389648438,21.389999389648438,21.389999389648438,21.389999389648438,0
2020-10-09,21.389999389648438,21.389999389648438,21.389999389648438,21.389999389648438,21.389999389648438,0
2020-10-12,21.389999389648438,21.389999389648438,21.389999389648438,21.389999389648438,21.389999389648438,0
2020-10-13,21.389999389648438,21.389999389648438,21.389999389648438,21.389999389648438,21.389999389648438,0
2020-10-14,21.389999389648438,21.389999389648438,21.389999389648438,21.389999389648438,21.389999389648438,0
2020-10-15,22.0,22.0,22.0,22.0,22.0,300
2020-10-16,22.0,22.0,22.0,22.0,22.0,100
2020-10-19,22.0,22.0,22.0,22.0,22.0,100
2020-10-20,21.760000228881836,22.0,21.760000228881836,22.0,22.0,300
2020-10-21,21.989999771118164,22.0,21.989999771118164,22.0,22.0,800
2020-10-22,22.0,22.0,22.0,22.0,22.0,100
2020-10-23,22.0,22.0,22.0,22.0,22.0,0
2020-10-26,22.0,22.0,22.0,22.0,22.0,0
2020-10-27,22.600000381469727,22.600000381469727,22.600000381469727,22.600000381469727,22.600000381469727,300
2020-10-28,23.0,23.0,23.0,23.0,23.0,200
2020-10-29,23.299999237060547,23.299999237060547,23.299999237060547,23.299999237060547,23.299999237060547,200
2020-10-30,23.299999237060547,23.299999237060547,23.299999237060547,23.299999237060547,23.299999237060547,0
2020-11-02,23.299999237060547,23.299999237060547,23.299999237060547,23.299999237060547,23.299999237060547,0
2020-11-03,23.299999237060547,23.299999237060547,23.299999237060547,23.299999237060547,23.299999237060547,0
2020-11-04,23.0,23.0,23.0,23.0,23.0,200
2020-11-05,23.0,23.0,23.0,23.0,23.0,200
2020-11-06,23.1299991607666,23.1299991607666,23.1299991607666,23.1299991607666,23.1299991607666,400
2020-11-09,23.1299991607666,23.1299991607666,23.1299991607666,23.1299991607666,23.1299991607666,0
2020-11-10,23.1299991607666,23.1299991607666,23.1299991607666,23.1299991607666,23.1299991607666,0
2020-11-11,23.1299991607666,23.1299991607666,23.1299991607666,23.1299991607666,23.1299991607666,0
2020-11-12,23.1299991607666,23.1299991607666,23.1299991607666,23.1299991607666,23.1299991607666,0
2020-11-13,23.1299991607666,23.1299991607666,23.1299991607666,23.1299991607666,23.1299991607666,0
2020-11-16,23.1299991607666,23.1299991607666,23.1299991607666,23.1299991607666,23.1299991607666,0
2020-11-17,23.1299991607666,23.1299991607666,23.1299991607666,23.1299991607666,23.1299991607666,0
2020-11-18,23.1299991607666,23.1299991607666,23.1299991607666,23.1299991607666,23.1299991607666,0
2020-11-19,23.1299991607666,23.1299991607666,23.1299991607666,23.1299991607666,23.1299991607666,0
2020-11-20,23.8700008392334,23.8700008392334,23.8700008392334,23.8700008392334,23.8700008392334,100
2020-11-23,23.8700008392334,23.8700008392334,23.8700008392334,23.8700008392334,23.8700008392334,0
2020-11-24,23.8700008392334,23.8700008392334,23.8700008392334,23.8700008392334,23.8700008392334,0
2020-11-25,23.0,23.0,23.0,23.0,23.0,100
2020-11-27,23.0,23.0,23.0,23.0,23.0,100
2020-11-30,23.0,23.0,23.0,23.0,23.0,0
2020-12-01,23.0,23.0,23.0,23.0,23.0,0
2020-12-02,23.0,23.0,23.0,23.0,23.0,300
2020-12-03,23.0,23.0,23.0,23.0,23.0,0
2020-12-04,23.0,23.0,23.0,23.0,23.0,0
2020-12-07,23.0,23.0,23.0,23.0,23.0,0
2020-12-08,23.0,23.0,23.0,23.0,23.0,0
2020-12-09,22.18000030517578,22.18000030517578,22.18000030517578,22.18000030517578,22.18000030517578,200
2020-12-10,22.18000030517578,22.18000030517578,22.18000030517578,22.18000030517578,22.18000030517578,100
2020-12-11,22.18000030517578,22.18000030517578,22.18000030517578,22.18000030517578,22.18000030517578,0
2020-12-14,21.389999389648438,21.389999389648438,21.389999389648438,21.389999389648438,21.389999389648438,700
2020-12-15,21.0,21.0,21.0,21.0,21.0,300
2020-12-16,21.100000381469727,21.100000381469727,21.100000381469727,21.100000381469727,21.100000381469727,300
2020-12-17,21.219999313354492,21.219999313354492,21.110000610351562,21.110000610351562,21.110000610351562,1300
2020-12-18,21.5,21.59000015258789,21.309999465942383,21.59000015258789,21.59000015258789,500
2020-12-21,21.25,21.25,21.25,21.25,21.25,300
2020-12-22,21.75,21.75,21.75,21.75,21.75,400
2020-12-23,21.75,21.75,21.75,21.75,21.75,0
2020-12-24,21.100000381469727,22.1200008392334,21.100000381469727,22.1200008392334,22.1200008392334,300
2020-12-28,21.389999389648438,21.389999389648438,21.389999389648438,21.389999389648438,21.389999389648438,100
2020-12-29,23.0,23.0,22.530000686645508,22.530000686645508,22.530000686645508,1000
2020-12-30,22.530000686645508,22.530000686645508,22.530000686645508,22.530000686645508,22.530000686645508,0
2020-12-31,22.530000686645508,22.530000686645508,22.530000686645508,22.530000686645508,22.530000686645508,100
2021-01-04,22.5,22.5,22.5,22.5,22.5,100
2021-01-05,22.5,22.5,22.5,22.5,22.5,0
2021-01-06,22.5,22.5,22.5,22.5,22.5,0
2021-01-07,22.5,22.5,22.5,22.5,22.5,0
2021-01-08,22.5,22.5,22.5,22.5,22.5,0
2021-01-11,22.5,22.5,22.5,22.5,22.5,100
2021-01-12,22.5,22.5,22.5,22.5,22.5,0
2021-01-13,22.5,22.5,22.5,22.5,22.5,0
2021-01-14,22.860000610351562,22.860000610351562,22.860000610351562,22.860000610351562,22.860000610351562,200
2021-01-15,24.0,24.0,23.989999771118164,23.989999771118164,23.989999771118164,2100
2021-01-19,23.989999771118164,23.989999771118164,23.989999771118164,23.989999771118164,23.989999771118164,0
2021-01-20,23.989999771118164,23.989999771118164,23.989999771118164,23.989999771118164,23.989999771118164,0
2021-01-21,23.989999771118164,23.989999771118164,23.989999771118164,23.989999771118164,23.989999771118164,0
2021-01-22,26.25,33.65999984741211,25.799999237060547,32.22999954223633,32.22999954223633,2600
2021-01-25,27.5,27.5,27.5,27.5,27.5,0
2021-01-26,33.0,33.0,28.450000762939453,28.450000762939453,28.450000762939453,500
2021-01-27,28.450000762939453,28.450000762939453,28.450000762939453,28.450000762939453,28.450000762939453,200
2021-01-28,28.450000762939453,28.450000762939453,28.450000762939453,28.450000762939453,28.450000762939453,0
2021-01-29,28.450000762939453,28.450000762939453,28.450000762939453,28.450000762939453,28.450000762939453,0
2021-02-01,28.450000762939453,28.450000762939453,28.450000762939453,28.450000762939453,28.450000762939453,0
2021-02-02,28.450000762939453,28.450000762939453,28.450000762939453,28.450000762939453,28.450000762939453,0
2021-02-03,28.450000762939453,28.450000762939453,28.450000762939453,28.450000762939453,28.450000762939453,0
2021-02-04,28.450000762939453,28.450000762939453,28.450000762939453,28.450000762939453,28.450000762939453,0
2021-02-05,28.450000762939453,28.450000762939453,28.450000762939453,28.450000762939453,28.450000762939453,0
2021-02-08,28.450000762939453,28.450000762939453,28.450000762939453,28.450000762939453,28.450000762939453,0
2021-02-09,28.450000762939453,28.450000762939453,28.450000762939453,28.450000762939453,28.450000762939453,0
2021-02-10,28.450000762939453,28.450000762939453,28.450000762939453,28.450000762939453,28.450000762939453,0
2021-02-11,28.450000762939453,28.450000762939453,28.450000762939453,28.450000762939453,28.450000762939453,0
2021-02-12,28.0,28.0,28.0,28.0,28.0,300
2021-02-16,28.0,28.0,28.0,28.0,28.0,0
2021-02-17,27.68000030517578,27.68000030517578,27.68000030517578,27.68000030517578,27.68000030517578,300
2021-02-18,27.68000030517578,27.68000030517578,27.68000030517578,27.68000030517578,27.68000030517578,0
2021-02-19,27.68000030517578,27.68000030517578,27.68000030517578,27.68000030517578,27.68000030517578,0
2021-02-22,29.25,29.25,29.139999389648438,29.25,29.25,1300
2021-02-23,29.75,29.75,29.649999618530273,29.649999618530273,29.649999618530273,300
2021-02-24,29.649999618530273,29.649999618530273,29.649999618530273,29.649999618530273,29.649999618530273,0
2021-02-25,29.5,29.5,29.5,29.5,29.5,100
2021-02-26,29.5,29.5,29.5,29.5,29.5,0
2021-03-01,32.0,32.0,32.0,32.0,32.0,300
2021-03-02,32.0,32.0,32.0,32.0,32.0,0
2021-03-03,32.0,32.0,32.0,32.0,32.0,0
2021-03-04,28.850000381469727,28.850000381469727,28.850000381469727,28.850000381469727,28.850000381469727,1500
2021-03-05,28.350000381469727,28.350000381469727,28.350000381469727,28.350000381469727,28.350000381469727,1200
2021-03-08,27.0,27.600000381469727,26.0,26.0,26.0,2500
2021-03-09,26.020000457763672,26.75,26.020000457763672,26.75,26.75,1500
2021-03-10,26.75,26.75,26.75,26.75,26.75,0
2021-03-11,26.75,26.75,26.75,26.75,26.75,0
2021-03-12,26.75,26.75,26.75,26.75,26.75,0
2021-03-15,26.75,26.75,26.75,26.75,26.75,0
2021-03-16,26.75,26.75,26.75,26.75,26.75,100
2021-03-17,26.75,26.75,26.75,26.75,26.75,100
2021-03-18,29.040000915527344,29.040000915527344,29.040000915527344,29.040000915527344,29.040000915527344,200
2021-03-19,29.040000915527344,29.040000915527344,29.040000915527344,29.040000915527344,29.040000915527344,0
2021-03-22,29.040000915527344,29.040000915527344,29.040000915527344,29.040000915527344,29.040000915527344,0
2021-03-23,29.040000915527344,29.040000915527344,29.040000915527344,29.040000915527344,29.040000915527344,0
2021-03-24,29.040000915527344,29.040000915527344,29.040000915527344,29.040000915527344,29.040000915527344,0
2021-03-25,29.040000915527344,29.040000915527344,29.040000915527344,29.040000915527344,29.040000915527344,0
2021-03-26,26.65999984741211,26.65999984741211,26.5,26.5,26.5,600
2021-03-29,26.5,26.5,26.5,26.5,26.5,0
2021-03-30,26.5,26.5,26.5,26.5,26.5,0
2021-03-31,27.0,27.0,27.0,27.0,27.0,100
2021-04-01,27.0,27.0,27.0,27.0,27.0,100
2021-04-05,27.5,27.5,26.450000762939453,26.450000762939453,26.450000762939453,4200
2021-04-06,26.450000762939453,26.450000762939453,26.450000762939453,26.450000762939453,26.450000762939453,0
2021-04-07,26.450000762939453,26.450000762939453,26.450000762939453,26.450000762939453,26.450000762939453,0
2021-04-08,26.450000762939453,26.450000762939453,26.450000762939453,26.450000762939453,26.450000762939453,0
2021-04-09,26.450000762939453,26.450000762939453,26.450000762939453,26.450000762939453,26.450000762939453,0
2021-04-12,26.450000762939453,26.450000762939453,26.450000762939453,26.450000762939453,26.450000762939453,0
2021-04-13,27.0,27.0,27.0,27.0,27.0,200
2021-04-14,27.0,27.0,27.0,27.0,27.0,0
2021-04-15,27.0,27.0,27.0,27.0,27.0,0
2021-04-16,27.0,27.0,27.0,27.0,27.0,0
2021-04-19,27.0,27.0,27.0,27.0,27.0,0
2021-04-20,27.0,27.0,27.0,27.0,27.0,0
2021-04-21,27.0,27.0,27.0,27.0,27.0,0
2021-04-22,27.0,27.0,27.0,27.0,27.0,2300
2021-04-23,27.0,27.0,27.0,27.0,27.0,0
2021-04-26,27.0,27.0,27.0,27.0,27.0,0
2021-04-27,27.0,27.0,27.0,27.0,27.0,0
2021-04-28,27.0,27.0,27.0,27.0,27.0,0
2021-04-29,27.0,27.0,27.0,27.0,27.0,0
2021-04-30,27.0,27.0,27.0,27.0,27.0,300
2021-05-03,27.0,27.0,27.0,27.0,27.0,0
2021-05-04,27.0,27.0,27.0,27.0,27.0,0
2021-05-05,27.0,27.0,27.0,27.0,27.0,0
2021-05-06,27.0,27.0,27.0,27.0,27.0,0
2021-05-07,27.0,27.0,27.0,27.0,27.0,0
2021-05-10,27.0,27.0,27.0,27.0,27.0,100
2021-05-11,27.0,27.0,27.0,27.0,27.0,0
2021-05-12,27.0,27.0,27.0,27.0,27.0,0
2021-05-13,27.0,27.0,27.0,27.0,27.0,200
2021-05-14,27.0,27.0,27.0,27.0,27.0,0
2021-05-17,27.0,27.0,27.0,27.0,27.0,0
2021-05-18,27.0,27.0,27.0,27.0,27.0,0
2021-05-19,27.149999618530273,27.149999618530273,27.149999618530273,27.149999618530273,27.149999618530273,1100
2021-05-20,25.899999618530273,25.899999618530273,25.899999618530273,25.899999618530273,25.899999618530273,200
2021-05-21,25.899999618530273,25.899999618530273,25.899999618530273,25.899999618530273,25.899999618530273,0
2021-05-24,26.5,27.0,26.5,26.979999542236328,26.979999542236328,500
2021-05-25,26.979999542236328,26.979999542236328,26.979999542236328,26.979999542236328,26.979999542236328,0
2021-05-26,26.979999542236328,26.979999542236328,26.979999542236328,26.979999542236328,26.979999542236328,0
2021-05-27,26.979999542236328,26.979999542236328,26.979999542236328,26.979999542236328,26.979999542236328,0
2021-05-28,30.25,30.25,27.25,28.5,28.5,2400
2021-06-01,28.5,28.5,28.5,28.5,28.5,0
2021-06-02,28.5,28.5,28.5,28.5,28.5,0
2021-06-03,28.0,28.110000610351562,27.989999771118164,28.0,28.0,800
2021-06-04,28.0,28.0,28.0,28.0,28.0,0
2021-06-07,28.0,28.0,28.0,28.0,28.0,0
2021-06-08,27.100000381469727,27.100000381469727,27.100000381469727,27.100000381469727,27.100000381469727,300
2021-06-09,27.0,27.0,27.0,27.0,27.0,300
2021-06-10,27.0,27.0,27.0,27.0,27.0,0
2021-06-11,27.0,27.0,27.0,27.0,27.0,0
2021-06-14,27.0,27.0,27.0,27.0,27.0,0
2021-06-15,27.0,27.0,27.0,27.0,27.0,0
2021-06-16,27.0,27.0,27.0,27.0,27.0,0
2021-06-17,27.0,27.0,27.0,27.0,27.0,0
2021-06-18,27.0,27.0,27.0,27.0,27.0,0
2021-06-21,28.0,28.0,28.0,28.0,28.0,400
2021-06-22,28.0,28.0,28.0,28.0,28.0,0
2021-06-23,28.0,28.0,28.0,28.0,28.0,0
2021-06-24,28.0,28.0,28.0,28.0,28.0,0
2021-06-25,31.079999923706055,31.079999923706055,31.079999923706055,31.079999923706055,31.079999923706055,800
2021-06-28,31.079999923706055,31.079999923706055,31.079999923706055,31.079999923706055,31.079999923706055,0
2021-06-29,31.079999923706055,31.079999923706055,31.079999923706055,31.079999923706055,31.079999923706055,0
2021-06-30,31.079999923706055,31.079999923706055,31.079999923706055,31.079999923706055,31.079999923706055,0
2021-07-01,30.31999969482422,34.13999938964844,30.31999969482422,34.13999938964844,34.13999938964844,1400
2021-07-02,34.0,34.0,34.0,34.0,34.0,700
2021-07-06,34.0,34.0,34.0,34.0,34.0,600
2021-07-07,34.0,34.0,34.0,34.0,34.0,0
2021-07-08,34.0,34.0,34.0,34.0,34.0,0
2021-07-09,34.0,34.0,34.0,34.0,34.0,0
2021-07-12,34.0,34.0,34.0,34.0,34.0,0
2021-07-13,34.0,34.0,34.0,34.0,34.0,0
2021-07-14,34.0,34.0,34.0,34.0,34.0,100
2021-07-15,34.0,34.0,34.0,34.0,34.0,0
2021-07-16,34.0,34.0,34.0,34.0,34.0,100
2021-07-19,34.0,34.0,34.0,34.0,34.0,0
2021-07-20,34.0,34.0,34.0,34.0,34.0,0
2021-07-21,34.0,34.0,34.0,34.0,34.0,100
2021-07-22,34.0,34.0,34.0,34.0,34.0,100
2021-07-23,37.0,37.0,37.0,37.0,37.0,200
2021-07-26,37.0,37.0,37.0,37.0,37.0,0
2021-07-27,37.0,37.0,37.0,37.0,37.0,0
2021-07-28,37.0,37.0,37.0,37.0,37.0,0
2021-07-29,38.34000015258789,38.34000015258789,38.34000015258789,38.34000015258789,38.34000015258789,100
2021-07-30,38.34000015258789,38.34000015258789,38.34000015258789,38.34000015258789,38.34000015258789,0
2021-08-02,34.630001068115234,34.630001068115234,34.630001068115234,34.630001068115234,34.630001068115234,300
2021-08-03,34.630001068115234,34.630001068115234,34.630001068115234,34.630001068115234,34.630001068115234,0
2021-08-04,34.630001068115234,34.630001068115234,34.630001068115234,34.630001068115234,34.630001068115234,0
2021-08-05,34.630001068115234,34.630001068115234,34.630001068115234,34.630001068115234,34.630001068115234,0
2021-08-06,34.630001068115234,34.630001068115234,34.630001068115234,34.630001068115234,34.630001068115234,0
2021-08-09,34.630001068115234,34.630001068115234,34.630001068115234,34.630001068115234,34.630001068115234,0
2021-08-10,33.119998931884766,33.119998931884766,33.119998931884766,33.119998931884766,33.119998931884766,100
2021-08-11,33.209999084472656,33.209999084472656,33.209999084472656,33.209999084472656,33.209999084472656,100
2021-08-12,33.209999084472656,33.209999084472656,33.209999084472656,33.209999084472656,33.209999084472656,0
2021-08-13,33.209999084472656,33.209999084472656,33.209999084472656,33.209999084472656,33.209999084472656,0
2021-08-16,33.209999084472656,33.209999084472656,33.209999084472656,33.209999084472656,33.209999084472656,0
2021-08-17,33.209999084472656,33.209999084472656,33.209999084472656,33.209999084472656,33.209999084472656,0
2021-08-18,34.88999938964844,34.88999938964844,31.40999984741211,31.40999984741211,31.40999984741211,500
2021-08-19,31.40999984741211,31.40999984741211,31.40999984741211,31.40999984741211,31.40999984741211,0
2021-08-20,31.40999984741211,31.40999984741211,31.40999984741211,31.40999984741211,31.40999984741211,0
2021-08-23,31.40999984741211,31.40999984741211,31.40999984741211,31.40999984741211,31.40999984741211,300
2021-08-24,31.40999984741211,31.40999984741211,31.40999984741211,31.40999984741211,31.40999984741211,0
2021-08-25,31.40999984741211,31.40999984741211,31.40999984741211,31.40999984741211,31.40999984741211,0
2021-08-26,31.40999984741211,31.40999984741211,31.40999984741211,31.40999984741211,31.40999984741211,0
2021-08-27,31.40999984741211,31.40999984741211,31.40999984741211,31.40999984741211,31.40999984741211,0
2021-08-30,31.40999984741211,31.40999984741211,31.40999984741211,31.40999984741211,31.40999984741211,0
2021-08-31,36.33000183105469,36.33000183105469,36.33000183105469,36.33000183105469,36.33000183105469,200
2021-09-01,36.33000183105469,36.33000183105469,36.33000183105469,36.33000183105469,36.33000183105469,0
2021-09-02,36.33000183105469,36.33000183105469,36.33000183105469,36.33000183105469,36.33000183105469,0
2021-09-03,36.33000183105469,36.33000183105469,36.33000183105469,36.33000183105469,36.33000183105469,0
2021-09-07,36.33000183105469,36.33000183105469,36.33000183105469,36.33000183105469,36.33000183105469,0
2021-09-08,36.33000183105469,36.33000183105469,36.33000183105469,36.33000183105469,36.33000183105469,0
2021-09-09,36.33000183105469,36.33000183105469,36.33000183105469,36.33000183105469,36.33000183105469,0
2021-09-10,33.88999938964844,33.88999938964844,33.88999938964844,33.88999938964844,33.88999938964844,200
2021-09-13,33.88999938964844,33.88999938964844,33.88999938964844,33.88999938964844,33.88999938964844,0
2021-09-14,34.470001220703125,34.9900016784668,34.31999969482422,34.79999923706055,34.79999923706055,800
2021-09-15,33.650001525878906,39.400001525878906,33.52000045776367,38.5,38.5,4700
2021-09-16,37.380001068115234,38.52000045776367,37.380001068115234,37.61000061035156,37.61000061035156,2800
2021-09-17,36.630001068115234,38.849998474121094,36.630001068115234,38.849998474121094,38.849998474121094,2500
2021-09-20,38.209999084472656,38.29999923706055,38.209999084472656,38.29999923706055,38.29999923706055,600
2021-09-21,38.29999923706055,38.29999923706055,38.29999923706055,38.29999923706055,38.29999923706055,500
2021-09-22,38.380001068115234,39.150001525878906,36.0,37.5,37.5,3400
2021-09-23,37.5,37.5,37.5,37.5,37.5,0
2021-09-24,37.5,37.5,35.5,35.5,35.5,900
2021-09-27,35.0,37.75,35.0,37.75,37.75,1600
2021-09-28,37.75,37.75,36.33000183105469,36.97999954223633,36.97999954223633,1000
2021-09-29,36.97999954223633,36.97999954223633,36.97999954223633,36.97999954223633,36.97999954223633,0
2021-09-30,36.779998779296875,37.400001525878906,36.61000061035156,36.61000061035156,36.61000061035156,300
2021-10-01,37.11000061035156,37.11000061035156,36.0,36.900001525878906,36.900001525878906,900
2021-10-04,36.779998779296875,40.0,36.779998779296875,38.0,38.0,1800
2021-10-05,38.0,38.0,38.0,38.0,38.0,0
2021-10-06,35.5,38.0,35.5,36.66999816894531,36.66999816894531,1900
2021-10-07,36.5,36.54999923706055,36.5,36.54999923706055,36.54999923706055,700
2021-10-08,35.79999923706055,35.79999923706055,33.0,34.400001525878906,34.400001525878906,2000
2021-10-11,33.75,33.900001525878906,33.0,33.0,33.0,1200
2021-10-12,33.34000015258789,33.34000015258789,33.34000015258789,33.34000015258789,33.34000015258789,200
2021-10-13,33.5,33.5,33.5,33.5,33.5,400
2021-10-14,33.22999954223633,34.880001068115234,33.22999954223633,34.0,34.0,900
2021-10-15,34.0,34.0,34.0,34.0,34.0,0
2021-10-18,34.0,34.0,34.0,34.0,34.0,0
2021-10-19,33.849998474121094,33.849998474121094,32.79999923706055,32.79999923706055,32.79999923706055,800
2021-10-20,33.0,33.0,33.0,33.0,33.0,300
2021-10-21,33.0,33.0,33.0,33.0,33.0,0
2021-10-22,34.36000061035156,34.36000061035156,33.0,33.5,33.5,1700
2021-10-25,34.22999954223633,36.0,34.189998626708984,36.0,36.0,2400
2021-10-26,34.9900016784668,36.0099983215332,34.9900016784668,36.0099983215332,36.0099983215332,1000
2021-10-27,36.5,36.5,35.54999923706055,35.54999923706055,35.54999923706055,900
2021-10-28,35.04999923706055,35.4900016784668,35.04999923706055,35.4900016784668,35.4900016784668,900
2021-10-29,36.5,36.5,34.900001525878906,34.900001525878906,34.900001525878906,800
2021-11-01,34.5,34.5,34.5,34.5,34.5,700
2021-11-02,36.5,36.5,35.279998779296875,35.279998779296875,35.279998779296875,700
2021-11-03,34.650001525878906,36.0,34.650001525878906,36.0,36.0,900
2021-11-04,36.5,36.5,35.41999816894531,35.41999816894531,35.41999816894531,1400
2021-11-05,34.5,35.150001525878906,34.5,35.150001525878906,35.150001525878906,700
2021-11-08,35.11000061035156,36.5,35.11000061035156,36.5,36.5,1300
2021-11-09,36.400001525878906,36.5,35.0,35.029998779296875,35.029998779296875,1900
2021-11-10,34.849998474121094,45.5,34.849998474121094,36.5099983215332,36.5099983215332,17200
2021-11-11,36.75,38.0,34.5,38.0,38.0,11400
2021-11-12,38.86000061035156,39.5,35.5,36.0,36.0,4300
2021-11-15,35.4900016784668,35.72999954223633,35.4900016784668,35.72999954223633,35.72999954223633,700
2021-11-16,36.0,36.5,36.0,36.5,36.5,1100
2021-11-17,35.18000030517578,40.25,35.18000030517578,37.20000076293945,37.20000076293945,15100
2021-11-18,37.5,38.150001525878906,36.939998626708984,38.150001525878906,38.150001525878906,3000
2021-11-19,38.25,41.529998779296875,37.5,39.5,39.5,4800
2021-11-22,39.5,43.5,38.29999923706055,38.689998626708984,38.689998626708984,5100
2021-11-23,38.5,38.5,37.63999938964844,37.91999816894531,37.91999816894531,900
2021-11-24,38.470001220703125,38.470001220703125,37.63999938964844,37.63999938964844,37.63999938964844,900
2021-11-26,37.63999938964844,37.63999938964844,37.63999938964844,37.63999938964844,37.63999938964844,0
2021-11-29,37.5,37.5,37.5,37.5,37.5,200
2021-11-30,38.4900016784668,40.5,38.0,39.040000915527344,39.040000915527344,4300
2021-12-01,38.5,39.290000915527344,38.349998474121094,38.599998474121094,38.599998474121094,3000
2021-12-02,38.0099983215332,38.59000015258789,37.95000076293945,37.95000076293945,37.95000076293945,800
2021-12-03,37.650001525878906,38.5,37.650001525878906,38.5,38.5,2000
2021-12-06,38.5,38.5,38.5,38.5,38.5,0
2021-12-07,38.5,38.5,38.5,38.5,38.5,0
2021-12-08,38.5,38.5,38.5,38.5,38.5,0
2021-12-09,38.5,38.5,38.5,38.5,38.5,0
2021-12-10,38.5,38.5,38.5,38.5,38.5,0
2021-12-13,38.5,38.5,37.18000030517578,37.18000030517578,37.18000030517578,1000
2021-12-14,37.5099983215332,41.0099983215332,37.5099983215332,39.0,39.0,2800
2021-12-15,40.7599983215332,40.7599983215332,38.04999923706055,38.04999923706055,38.04999923706055,800
2021-12-16,38.0,38.54999923706055,38.0,38.54999923706055,38.54999923706055,1100
2021-12-17,39.5,41.849998474121094,38.0,41.849998474121094,41.849998474121094,4600
2021-12-20,42.0,42.18000030517578,42.0,42.18000030517578,42.18000030517578,1200
2021-12-21,41.939998626708984,42.11000061035156,41.5,41.5,41.5,600
2021-12-22,40.5,41.5099983215332,40.5,41.5099983215332,41.5099983215332,1800
2021-12-23,41.5,41.5,41.5,41.5,41.5,400
2021-12-27,40.849998474121094,41.099998474121094,40.849998474121094,41.099998474121094,41.099998474121094,700
2021-12-28,41.5,41.5,41.5,41.5,41.5,400
2021-12-29,39.5,41.31999969482422,39.5,39.75,39.75,1400
2021-12-30,40.5,41.0,40.5,41.0,41.0,400
2021-12-31,39.599998474121094,40.650001525878906,39.599998474121094,40.61000061035156,40.61000061035156,600
2022-01-03,40.61000061035156,40.61000061035156,40.61000061035156,40.61000061035156,40.61000061035156,0
2022-01-04,41.5,41.5,40.9900016784668,40.9900016784668,40.9900016784668,400
2022-01-05,41.5,41.5,41.5,41.5,41.5,300
2022-01-06,39.5,40.08000183105469,39.5,40.060001373291016,40.060001373291016,1000
2022-01-07,41.400001525878906,41.400001525878906,41.400001525878906,41.400001525878906,41.400001525878906,100
2022-01-10,41.20000076293945,41.20000076293945,41.20000076293945,41.20000076293945,41.20000076293945,400
2022-01-11,41.25,41.25,41.209999084472656,41.209999084472656,41.209999084472656,800
2022-01-12,40.0,40.0,40.0,40.0,40.0,200
2022-01-13,40.0,40.0,40.0,40.0,40.0,600
2022-01-14,40.0,40.0,40.0,40.0,40.0,0
2022-01-18,40.0,40.0,40.0,40.0,40.0,0
2022-01-19,40.0,40.0,40.0,40.0,40.0,300
2022-01-20,41.0,41.0,40.90999984741211,40.90999984741211,40.90999984741211,700
2022-01-21,40.95000076293945,41.34000015258789,39.290000915527344,40.34000015258789,40.34000015258789,1900
2022-01-24,41.0,42.099998474121094,39.849998474121094,40.0,40.0,2500
2022-01-25,40.43000030517578,40.43000030517578,39.72999954223633,39.72999954223633,39.72999954223633,700
2022-01-26,39.33000183105469,39.83000183105469,39.22999954223633,39.83000183105469,39.83000183105469,500
2022-01-27,39.0,39.0,37.5,37.5,37.5,1600
2022-01-28,37.4900016784668,37.4900016784668,37.4900016784668,37.4900016784668,37.4900016784668,300
2022-01-31,37.04999923706055,37.04999923706055,37.04999923706055,37.04999923706055,37.04999923706055,300
2022-02-01,37.04999923706055,37.04999923706055,37.04999923706055,37.04999923706055,37.04999923706055,600
2022-02-02,37.97999954223633,37.97999954223633,37.97999954223633,37.97999954223633,37.97999954223633,400
2022-02-03,37.97999954223633,37.97999954223633,37.97999954223633,37.97999954223633,37.97999954223633,0
2022-02-04,37.97999954223633,37.97999954223633,37.959999084472656,37.959999084472656,37.959999084472656,600
2022-02-07,37.97999954223633,37.9900016784668,37.97999954223633,37.9900016784668,37.9900016784668,200
2022-02-08,38.0,40.61000061035156,38.0,39.09000015258789,39.09000015258789,1100
2022-02-09,40.0,40.0,39.02000045776367,39.02000045776367,39.02000045776367,1000
2022-02-10,39.02000045776367,39.02000045776367,39.02000045776367,39.02000045776367,39.02000045776367,0
2022-02-11,38.5,38.54999923706055,38.5,38.54999923706055,38.54999923706055,700
2022-02-14,40.0,40.349998474121094,39.02000045776367,39.02000045776367,39.02000045776367,1600
2022-02-15,38.5,38.5,38.400001525878906,38.400001525878906,38.400001525878906,1400
2022-02-16,38.25,38.25,38.25,38.25,38.25,100
2022-02-17,38.290000915527344,38.5,38.25,38.5,38.5,1200
2022-02-18,38.5,38.5,38.5,38.5,38.5,400
2022-02-22,38.41999816894531,38.45000076293945,37.70000076293945,38.45000076293945,38.45000076293945,500
2022-02-23,37.650001525878906,40.0099983215332,37.650001525878906,39.599998474121094,39.599998474121094,2200
2022-02-24,38.5,43.650001525878906,38.45000076293945,43.0099983215332,43.0099983215332,2400
2022-02-25,43.150001525878906,43.5,43.130001068115234,43.5,43.5,1200
2022-02-28,42.33000183105469,43.79999923706055,39.5,40.0,40.0,3600
2022-03-01,40.0,40.0,37.900001525878906,38.0,38.0,1900
2022-03-02,38.810001373291016,38.810001373291016,38.0,38.0,38.0,700
2022-03-03,38.0,38.0,38.0,38.0,38.0,400
2022-03-04,37.939998626708984,37.95000076293945,37.939998626708984,37.95000076293945,37.95000076293945,1100
2022-03-07,37.70000076293945,37.75,37.25,37.75,37.75,1600
2022-03-08,37.939998626708984,37.95000076293945,37.849998474121094,37.849998474121094,37.849998474121094,600
2022-03-09,37.849998474121094,37.849998474121094,37.849998474121094,37.849998474121094,37.849998474121094,0
2022-03-10,37.599998474121094,38.4900016784668,37.599998474121094,38.38999938964844,38.38999938964844,500
2022-03-11,38.38999938964844,38.38999938964844,38.38999938964844,38.38999938964844,38.38999938964844,0
2022-03-14,38.0,41.83000183105469,37.77000045776367,40.0,40.0,2200
2022-03-15,41.79999923706055,42.529998779296875,41.34000015258789,42.529998779296875,42.529998779296875,1900
2022-03-16,40.040000915527344,40.040000915527344,40.040000915527344,40.040000915527344,40.040000915527344,400
2022-03-17,40.040000915527344,40.040000915527344,40.040000915527344,40.040000915527344,40.040000915527344,0
2022-03-18,39.97999954223633,44.97999954223633,39.0,42.400001525878906,42.400001525878906,10700
2022-03-21,41.099998474121094,42.0,39.75,41.0,41.0,3500
2022-03-22,40.0,42.22999954223633,38.5,41.650001525878906,41.650001525878906,4000
2022-03-23,43.0,43.0,41.5,42.54999923706055,42.54999923706055,2800
2022-03-24,42.83000183105469,42.83000183105469,41.099998474121094,41.099998474121094,41.099998474121094,800
2022-03-25,39.58000183105469,40.79999923706055,39.52000045776367,40.79999923706055,40.79999923706055,1200
2022-03-28,40.79999923706055,40.79999923706055,40.79999923706055,40.79999923706055,40.79999923706055,0
2022-03-29,39.130001068115234,39.20000076293945,38.5,39.0,39.0,4100
2022-03-30,39.0,39.0,39.0,39.0,39.0,200
2022-03-31,38.70000076293945,38.70000076293945,38.5,38.54999923706055,38.54999923706055,600
2022-04-01,38.5,40.02000045776367,37.0,40.0,40.0,3200
2022-04-04,39.0,39.5,39.0,39.5,39.5,600
2022-04-05,39.5,39.5,39.5,39.5,39.5,0
2022-04-06,40.5,40.5,40.5,40.5,40.5,800
2022-04-07,39.400001525878906,39.95000076293945,39.400001525878906,39.95000076293945,39.95000076293945,700
2022-04-08,40.25,41.900001525878906,39.5,41.0,41.0,2100
2022-04-11,41.0,41.0,41.0,41.0,41.0,100
2022-04-12,41.0,41.0,41.0,41.0,41.0,0
2022-04-13,41.7400016784668,44.310001373291016,38.5,38.900001525878906,38.900001525878906,8400
2022-04-14,38.0,38.0,38.0,38.0,38.0,600
2022-04-18,38.349998474121094,38.349998474121094,38.349998474121094,38.349998474121094,38.349998474121094,200
2022-04-19,38.5,38.5,38.5,38.5,38.5,100
2022-04-20,38.45000076293945,38.5,38.0,38.5,38.5,900
2022-04-21,38.0,39.68000030517578,37.88999938964844,38.099998474121094,38.099998474121094,2200
2022-04-22,38.439998626708984,38.599998474121094,38.439998626708984,38.599998474121094,38.599998474121094,1500
2022-04-25,38.4900016784668,38.4900016784668,38.4900016784668,38.4900016784668,38.4900016784668,400
2022-04-26,37.599998474121094,39.459999084472656,37.599998474121094,39.150001525878906,39.150001525878906,2000
2022-04-27,39.83000183105469,40.75,39.54999923706055,39.54999923706055,39.54999923706055,1400
2022-04-28,39.0,41.0,39.0,40.0,40.0,600
2022-04-29,39.5,40.72999954223633,39.5,40.72999954223633,40.72999954223633,300
2022-05-02,40.0,40.0,40.0,40.0,40.0,500
2022-05-03,39.43000030517578,39.9900016784668,39.43000030517578,39.9900016784668,39.9900016784668,200
2022-05-04,39.79999923706055,43.0,39.79999923706055,41.59000015258789,41.59000015258789,4800
2022-05-05,39.0,39.0,39.0,39.0,39.0,100
2022-05-06,40.5,42.220001220703125,40.5,42.04999923706055,42.04999923706055,1500
2022-05-09,40.75,42.0,40.75,42.0,42.0,600
2022-05-10,40.0,40.0,40.0,40.0,40.0,400
2022-05-11,40.0,40.0,40.0,40.0,40.0,0
2022-05-12,40.0,40.0,39.5,40.0,40.0,1100
2022-05-13,41.400001525878906,41.400001525878906,41.400001525878906,41.400001525878906,41.400001525878906,300
2022-05-16,41.400001525878906,41.400001525878906,41.400001525878906,41.400001525878906,41.400001525878906,0
2022-05-17,41.400001525878906,41.400001525878906,41.400001525878906,41.400001525878906,41.400001525878906,100
2022-05-18,42.0,42.0,42.0,42.0,42.0,300
2022-05-19,42.0,42.81999969482422,41.0,42.36000061035156,42.36000061035156,2200
2022-05-20,41.150001525878906,41.150001525878906,41.150001525878906,41.150001525878906,41.150001525878906,100
2022-05-23,42.13999938964844,42.13999938964844,41.900001525878906,41.939998626708984,41.939998626708984,1300
2022-05-24,41.939998626708984,41.939998626708984,41.939998626708984,41.939998626708984,41.939998626708984,0
2022-05-25,41.939998626708984,41.939998626708984,41.939998626708984,41.939998626708984,41.939998626708984,0
2022-05-26,41.939998626708984,41.939998626708984,41.939998626708984,41.939998626708984,41.939998626708984,0
2022-05-27,41.540000915527344,42.0,41.0,41.0,41.0,1100
2022-05-31,40.22999954223633,40.22999954223633,37.650001525878906,38.5,38.5,1700
2022-06-01,38.75,38.75,38.75,38.75,38.75,500
2022-06-02,38.75,38.75,38.75,38.75,38.75,0
2022-06-03,38.75,40.54999923706055,38.4900016784668,40.54999923706055,40.54999923706055,1700
2022-06-06,40.0,40.0,39.93000030517578,39.93000030517578,39.93000030517578,400
2022-06-07,40.369998931884766,43.619998931884766,40.369998931884766,42.5099983215332,42.5099983215332,2700
2022-06-08,42.880001068115234,42.880001068115234,42.880001068115234,42.880001068115234,42.880001068115234,100
2022-06-09,42.0,42.31999969482422,42.0,42.31999969482422,42.31999969482422,700
2022-06-10,40.599998474121094,41.5,40.599998474121094,41.5,41.5,700
2022-06-13,41.5,41.5,41.5,41.5,41.5,0
2022-06-14,41.2400016784668,41.5,41.2400016784668,41.5,41.5,300
2022-06-15,42.27000045776367,43.099998474121094,42.119998931884766,43.099998474121094,43.099998474121094,1000
2022-06-16,43.099998474121094,43.099998474121094,43.099998474121094,43.099998474121094,43.099998474121094,0
2022-06-17,42.15999984741211,44.9900016784668,42.0,42.099998474121094,42.099998474121094,1000
2022-06-21,42.099998474121094,42.099998474121094,42.099998474121094,42.099998474121094,42.099998474121094,0
2022-06-22,43.5,43.5,43.5,43.5,43.5,300
2022-06-23,43.040000915527344,43.040000915527344,43.040000915527344,43.040000915527344,43.040000915527344,400
2022-06-24,43.040000915527344,43.040000915527344,43.040000915527344,43.040000915527344,43.040000915527344,0
2022-06-27,41.810001373291016,41.810001373291016,41.810001373291016,41.810001373291016,41.810001373291016,200
2022-06-28,41.599998474121094,42.79999923706055,41.599998474121094,42.099998474121094,42.099998474121094,300
2022-06-29,41.900001525878906,41.900001525878906,41.900001525878906,41.900001525878906,41.900001525878906,200
2022-06-30,41.599998474121094,41.599998474121094,41.599998474121094,41.599998474121094,41.599998474121094,300
2022-07-01,41.099998474121094,42.0,41.099998474121094,42.0,42.0,400
2022-07-05,42.0,42.0,42.0,42.0,42.0,100
2022-07-06,40.880001068115234,40.880001068115234,40.880001068115234,40.880001068115234,40.880001068115234,700
2022-07-07,42.20000076293945,42.5,41.560001373291016,42.5,42.5,700
2022-07-08,42.5,42.5,42.5,42.5,42.5,0
2022-07-11,42.5,42.5,42.5,42.5,42.5,0
2022-07-12,42.5,42.5,42.5,42.5,42.5,0
2022-07-13,42.5,42.5,42.5,42.5,42.5,0
2022-07-14,42.5,42.5,42.5,42.5,42.5,0
2022-07-15,42.5,42.5,42.5,42.5,42.5,0
2022-07-18,42.5,42.5,42.5,42.5,42.5,0
2022-07-19,42.5,42.5,42.5,42.5,42.5,0
2022-07-20,42.5,42.5,42.5,42.5,42.5,0
2022-07-21,42.5,42.5,42.5,42.5,42.5,0
2022-07-22,42.5,42.5,42.5,42.5,42.5,0
2022-07-25,42.43000030517578,47.099998474121094,42.43000030517578,46.95000076293945,46.95000076293945,6100
2022-07-26,44.95000076293945,46.22999954223633,44.790000915527344,44.79999923706055,44.79999923706055,2800
2022-07-27,44.79999923706055,44.79999923706055,44.79999923706055,44.79999923706055,44.79999923706055,0
2022-07-28,44.79999923706055,44.79999923706055,44.79999923706055,44.79999923706055,44.79999923706055,0
2022-07-29,44.79999923706055,44.79999923706055,44.79999923706055,44.79999923706055,44.79999923706055,0
2022-08-01,44.79999923706055,44.79999923706055,44.79999923706055,44.79999923706055,44.79999923706055,0
2022-08-02,43.400001525878906,44.970001220703125,43.400001525878906,44.970001220703125,44.970001220703125,300
2022-08-03,45.189998626708984,45.189998626708984,45.189998626708984,45.189998626708984,45.189998626708984,100
2022-08-04,45.189998626708984,45.189998626708984,45.189998626708984,45.189998626708984,45.189998626708984,0
2022-08-05,46.0,47.619998931884766,46.0,47.619998931884766,47.619998931884766,1500
2022-08-08,48.470001220703125,62.0099983215332,48.470001220703125,54.650001525878906,54.650001525878906,8700
2022-08-09,54.970001220703125,57.779998779296875,50.79999923706055,57.779998779296875,57.779998779296875,2000
2022-08-10,55.63999938964844,56.5,54.0099983215332,54.0099983215332,54.0099983215332,400
2022-08-11,55.0,55.0,53.36000061035156,53.36000061035156,53.36000061035156,500
2022-08-12,55.709999084472656,56.36000061035156,55.0099983215332,55.0099983215332,55.0099983215332,600
2022-08-15,55.0099983215332,55.0099983215332,55.0099983215332,55.0099983215332,55.0099983215332,300
2022-08-16,55.0099983215332,55.0099983215332,55.0099983215332,55.0099983215332,55.0099983215332,0
2022-08-17,52.0099983215332,52.0099983215332,52.0099983215332,52.0099983215332,52.0099983215332,100
2022-08-18,54.0,54.0,54.0,54.0,54.0,200
2022-08-19,51.83000183105469,51.83000183105469,51.83000183105469,51.83000183105469,51.83000183105469,200
2022-08-22,51.83000183105469,51.83000183105469,51.83000183105469,51.83000183105469,51.83000183105469,0
2022-08-23,51.83000183105469,51.83000183105469,51.83000183105469,51.83000183105469,51.83000183105469,0
2022-08-24,49.95000076293945,51.599998474121094,49.95000076293945,51.599998474121094,51.599998474121094,400
2022-08-25,53.0,53.0,53.0,53.0,53.0,500
2022-08-26,53.0,53.0,53.0,53.0,53.0,0
2022-08-29,51.0,52.529998779296875,51.0,51.689998626708984,51.689998626708984,500
2022-08-30,51.689998626708984,51.689998626708984,51.689998626708984,51.689998626708984,51.689998626708984,0
2022-08-31,49.22999954223633,49.22999954223633,49.22999954223633,49.22999954223633,49.22999954223633,400
2022-09-01,49.22999954223633,49.22999954223633,49.22999954223633,49.22999954223633,49.22999954223633,0
2022-09-02,48.970001220703125,49.45000076293945,48.970001220703125,49.45000076293945,49.45000076293945,300
2022-09-06,55.56999969482422,55.56999969482422,52.02000045776367,52.04999923706055,52.04999923706055,900
2022-09-07,52.900001525878906,53.959999084472656,52.900001525878906,53.959999084472656,53.959999084472656,1200
2022-09-08,51.790000915527344,51.790000915527344,50.0,50.0,50.0,1600
2022-09-09,50.0,50.2400016784668,49.95000076293945,50.2400016784668,50.2400016784668,1400
2022-09-12,50.0,50.7400016784668,50.0,50.5,50.5,1300
2022-09-13,47.33000183105469,49.0,47.33000183105469,49.0,49.0,1200
2022-09-14,46.0,51.70000076293945,46.0,48.68000030517578,48.68000030517578,2100
2022-09-15,49.83000183105469,50.29999923706055,46.54999923706055,46.54999923706055,46.54999923706055,6700
2022-09-16,47.5,47.5,44.0,44.0,44.0,3600
2022-09-19,42.22999954223633,42.2400016784668,42.22999954223633,42.2400016784668,42.2400016784668,500
2022-09-20,40.52000045776367,40.52000045776367,40.0099983215332,40.0099983215332,40.0099983215332,500
2022-09-21,40.5,40.5,40.5,40.5,40.5,200
2022-09-22,40.5,40.5,40.5,40.5,40.5,0
2022-09-23,40.0,40.0,40.0,40.0,40.0,100
2022-09-26,40.0,40.0,40.0,40.0,40.0,0
2022-09-27,40.0,40.0,36.099998474121094,36.959999084472656,36.959999084472656,3100
2022-09-28,36.939998626708984,38.720001220703125,36.2599983215332,38.619998931884766,38.619998931884766,8400
2022-09-29,38.0,38.0099983215332,38.0,38.0099983215332,38.0099983215332,600
2022-09-30,38.08000183105469,38.380001068115234,38.040000915527344,38.380001068115234,38.380001068115234,800
2022-10-03,38.380001068115234,38.380001068115234,38.380001068115234,38.380001068115234,38.380001068115234,0
2022-10-04,38.380001068115234,38.380001068115234,38.380001068115234,38.380001068115234,38.380001068115234,0
2022-10-05,38.54999923706055,40.0,38.54999923706055,39.5,39.5,1300
2022-10-06,39.5,39.5,39.5,39.5,39.5,0
2022-10-07,40.0099983215332,41.88999938964844,39.5,41.88999938964844,41.88999938964844,700
2022-10-10,41.88999938964844,41.88999938964844,41.88999938964844,41.88999938964844,41.88999938964844,0
2022-10-11,44.0,48.459999084472656,43.0099983215332,43.0099983215332,43.0099983215332,8500
2022-10-12,44.59000015258789,46.0,43.400001525878906,45.099998474121094,45.099998474121094,3100
2022-10-13,41.650001525878906,44.0,41.650001525878906,44.0,44.0,3000
2022-10-14,44.459999084472656,44.70000076293945,43.54999923706055,44.099998474121094,44.099998474121094,1800
2022-10-17,45.0,46.400001525878906,44.709999084472656,45.79999923706055,45.79999923706055,1400
2022-10-18,45.369998931884766,46.560001373291016,45.130001068115234,46.560001373291016,46.560001373291016,2500
2022-10-19,44.58000183105469,46.560001373291016,44.58000183105469,46.0,46.0,1000
2022-10-20,46.150001525878906,47.099998474121094,45.0,45.150001525878906,45.150001525878906,1600
2022-10-21,45.150001525878906,45.150001525878906,45.150001525878906,45.150001525878906,45.150001525878906,0
2022-10-24,46.79999923706055,46.79999923706055,46.79999923706055,46.79999923706055,46.79999923706055,300
2022-10-25,46.79999923706055,46.79999923706055,46.79999923706055,46.79999923706055,46.79999923706055,0
2022-10-26,44.880001068115234,45.720001220703125,44.22999954223633,45.720001220703125,45.720001220703125,800
2022-10-27,46.279998779296875,46.279998779296875,46.279998779296875,46.279998779296875,46.279998779296875,200
2022-10-28,45.29999923706055,47.0,44.88999938964844,44.88999938964844,44.88999938964844,1500
2022-10-31,46.27000045776367,46.27000045776367,46.27000045776367,46.27000045776367,46.27000045776367,500
2022-11-01,46.27000045776367,46.27000045776367,46.27000045776367,46.27000045776367,46.27000045776367,0
2022-11-02,46.27000045776367,46.27000045776367,46.27000045776367,46.27000045776367,46.27000045776367,200
2022-11-03,46.27000045776367,46.27000045776367,46.27000045776367,46.27000045776367,46.27000045776367,0
2022-11-04,46.27000045776367,46.27000045776367,46.27000045776367,46.27000045776367,46.27000045776367,0
2022-11-07,46.27000045776367,46.27000045776367,46.27000045776367,46.27000045776367,46.27000045776367,0
2022-11-08,45.15999984741211,45.15999984741211,45.130001068115234,45.130001068115234,45.130001068115234,700
2022-11-09,44.7599983215332,44.7599983215332,44.7599983215332,44.7599983215332,44.7599983215332,200
2022-11-10,43.130001068115234,43.130001068115234,43.130001068115234,43.130001068115234,43.130001068115234,100
2022-11-11,46.13999938964844,46.720001220703125,46.0,46.400001525878906,46.400001525878906,1000
2022-11-14,46.0,46.0,46.0,46.0,46.0,1300
2022-11-15,46.0,46.0,46.0,46.0,46.0,100
2022-11-16,46.0,46.0,46.0,46.0,46.0,0
2022-11-17,46.0,46.0,46.0,46.0,46.0,0
2022-11-18,46.0,46.0,46.0,46.0,46.0,100
2022-11-21,46.0,46.0,46.0,46.0,46.0,100
2022-11-22,48.810001373291016,48.810001373291016,48.810001373291016,48.810001373291016,48.810001373291016,400
2022-11-23,49.04999923706055,50.18000030517578,46.47999954223633,48.70000076293945,48.70000076293945,1300
2022-11-25,48.70000076293945,48.70000076293945,48.70000076293945,48.70000076293945,48.70000076293945,0
2022-11-28,48.400001525878906,48.400001525878906,48.400001525878906,48.400001525878906,48.400001525878906,200
2022-11-29,49.63999938964844,50.70000076293945,49.52000045776367,49.52000045776367,49.52000045776367,400
2022-11-30,50.45000076293945,50.45000076293945,48.0,48.22999954223633,48.22999954223633,800
2022-12-01,48.529998779296875,48.529998779296875,48.529998779296875,48.529998779296875,48.529998779296875,300
2022-12-02,48.529998779296875,48.529998779296875,48.529998779296875,48.529998779296875,48.529998779296875,0
2022-12-05,48.529998779296875,48.529998779296875,48.529998779296875,48.529998779296875,48.529998779296875,0
2022-12-06,48.040000915527344,50.5,46.619998931884766,47.70000076293945,47.70000076293945,7100
2022-12-07,48.02000045776367,48.02000045776367,47.75,47.75,47.75,400
2022-12-08,47.75,47.75,47.75,47.75,47.75,0
2022-12-09,47.75,47.75,47.75,47.75,47.75,0
2022-12-12,47.75,47.75,47.75,47.75,47.75,0
2022-12-13,47.63999938964844,47.63999938964844,47.619998931884766,47.619998931884766,47.619998931884766,400
2022-12-14,47.83000183105469,47.83000183105469,47.83000183105469,47.83000183105469,47.83000183105469,400
2022-12-15,47.83000183105469,47.83000183105469,47.83000183105469,47.83000183105469,47.83000183105469,0
2022-12-16,47.83000183105469,47.83000183105469,47.83000183105469,47.83000183105469,47.83000183105469,0
2022-12-19,49.560001373291016,49.560001373291016,48.560001373291016,48.560001373291016,48.560001373291016,400
2022-12-20,49.5,49.5,48.5099983215332,48.5099983215332,48.5099983215332,700
2022-12-21,48.529998779296875,48.529998779296875,48.5,48.5,48.5,900
2022-12-22,48.5,48.5,48.5,48.5,48.5,100
2022-12-23,48.209999084472656,48.310001373291016,48.0,48.0,48.0,500
2022-12-27,48.0,48.0,48.0,48.0,48.0,0
2022-12-28,49.400001525878906,49.400001525878906,48.099998474121094,48.099998474121094,48.099998474121094,400
2022-12-29,48.099998474121094,48.099998474121094,48.099998474121094,48.099998474121094,48.099998474121094,0
2022-12-30,48.099998474121094,48.099998474121094,48.099998474121094,48.099998474121094,48.099998474121094,0
2023-01-03,47.79999923706055,47.79999923706055,47.79999923706055,47.79999923706055,47.79999923706055,400
2023-01-04,47.79999923706055,47.79999923706055,47.79999923706055,47.79999923706055,47.79999923706055,0
2023-01-05,46.5099983215332,46.5099983215332,46.5099983215332,46.5099983215332,46.5099983215332,1500
2023-01-06,46.5099983215332,46.5099983215332,46.5099983215332,46.5099983215332,46.5099983215332,0
2023-01-09,46.5099983215332,46.5099983215332,46.5099983215332,46.5099983215332,46.5099983215332,0
2023-01-10,46.5099983215332,46.5099983215332,46.5099983215332,46.5099983215332,46.5099983215332,0
2023-01-11,46.5099983215332,46.5099983215332,46.5099983215332,46.5099983215332,46.5099983215332,0
2023-01-12,46.5099983215332,46.5099983215332,46.5099983215332,46.5099983215332,46.5099983215332,0
2023-01-13,44.2599983215332,44.2599983215332,44.2599983215332,44.2599983215332,44.2599983215332,100
2023-01-17,44.2599983215332,44.2599983215332,44.2599983215332,44.2599983215332,44.2599983215332,0
2023-01-18,44.2599983215332,44.2599983215332,44.2599983215332,44.2599983215332,44.2599983215332,0
2023-01-19,44.2599983215332,44.2599983215332,44.2599983215332,44.2599983215332,44.2599983215332,0
2023-01-20,44.2599983215332,44.2599983215332,44.2599983215332,44.2599983215332,44.2599983215332,0
2023-01-23,44.2599983215332,44.2599983215332,44.2599983215332,44.2599983215332,44.2599983215332,200
2023-01-24,44.2599983215332,44.2599983215332,44.2599983215332,44.2599983215332,44.2599983215332,0
2023-01-25,44.2599983215332,44.2599983215332,44.2599983215332,44.2599983215332,44.2599983215332,0
2023-01-26,44.2599983215332,44.2599983215332,44.2599983215332,44.2599983215332,44.2599983215332,0
2023-01-27,44.2599983215332,44.2599983215332,44.2599983215332,44.2599983215332,44.2599983215332,500
2023-01-30,44.2599983215332,44.2599983215332,44.2599983215332,44.2599983215332,44.2599983215332,200
2023-01-31,44.2599983215332,44.2599983215332,44.2599983215332,44.2599983215332,44.2599983215332,300
2023-02-01,41.529998779296875,41.529998779296875,41.529998779296875,41.529998779296875,41.529998779296875,200
2023-02-02,41.529998779296875,41.529998779296875,41.529998779296875,41.529998779296875,41.529998779296875,0
2023-02-03,41.029998779296875,41.029998779296875,41.029998779296875,41.029998779296875,41.029998779296875,300
2023-02-06,41.029998779296875,41.029998779296875,41.029998779296875,41.029998779296875,41.029998779296875,0
2023-02-07,41.880001068115234,41.880001068115234,41.130001068115234,41.130001068115234,41.130001068115234,300
2023-02-08,41.130001068115234,41.130001068115234,41.130001068115234,41.130001068115234,41.130001068115234,0
2023-02-09,41.20000076293945,41.20000076293945,41.0,41.0,41.0,400
2023-02-10,41.0,41.0,41.0,41.0,41.0,0
2023-02-13,41.0,41.0,41.0,41.0,41.0,0
2023-02-14,41.0,41.0,41.0,41.0,41.0,400
2023-02-15,41.0,41.0,41.0,41.0,41.0,0
2023-02-16,43.5,45.29999923706055,43.5,45.29999923706055,45.29999923706055,700
2023-02-17,45.29999923706055,45.29999923706055,45.29999923706055,45.29999923706055,45.29999923706055,0
2023-02-21,45.29999923706055,45.29999923706055,45.29999923706055,45.29999923706055,45.29999923706055,0
2023-02-22,45.29999923706055,45.29999923706055,45.29999923706055,45.29999923706055,45.29999923706055,0
2023-02-23,45.29999923706055,45.29999923706055,45.29999923706055,45.29999923706055,45.29999923706055,0
2023-02-24,45.29999923706055,45.29999923706055,45.29999923706055,45.29999923706055,45.29999923706055,0
2023-02-27,45.29999923706055,45.29999923706055,45.29999923706055,45.29999923706055,45.29999923706055,0
2023-02-28,45.29999923706055,45.29999923706055,45.29999923706055,45.29999923706055,45.29999923706055,0
2023-03-01,45.29999923706055,45.29999923706055,45.29999923706055,45.29999923706055,45.29999923706055,0
2023-03-02,45.29999923706055,45.29999923706055,45.29999923706055,45.29999923706055,45.29999923706055,0
2023-03-03,45.29999923706055,45.29999923706055,45.29999923706055,45.29999923706055,45.29999923706055,0
2023-03-06,46.099998474121094,47.0,45.9900016784668,45.9900016784668,45.9900016784668,900
2023-03-07,46.0,46.0,45.900001525878906,45.900001525878906,45.900001525878906,300
2023-03-08,45.900001525878906,45.900001525878906,45.900001525878906,45.900001525878906,45.900001525878906,200
2023-03-09,45.900001525878906,45.900001525878906,45.900001525878906,45.900001525878906,45.900001525878906,0
2023-03-10,47.720001220703125,47.720001220703125,47.720001220703125,47.720001220703125,47.720001220703125,400
2023-03-13,48.81999969482422,48.81999969482422,47.790000915527344,47.79999923706055,47.79999923706055,1500
2023-03-14,46.0,46.0,46.0,46.0,46.0,300
2023-03-15,48.27000045776367,48.27000045776367,47.400001525878906,47.400001525878906,47.400001525878906,900
2023-03-16,47.400001525878906,47.400001525878906,47.400001525878906,47.400001525878906,47.400001525878906,100
2023-03-17,47.400001525878906,47.400001525878906,47.400001525878906,47.400001525878906,47.400001525878906,0
2023-03-20,47.400001525878906,47.400001525878906,47.400001525878906,47.400001525878906,47.400001525878906,0
2023-03-21,47.400001525878906,47.400001525878906,47.400001525878906,47.400001525878906,47.400001525878906,400
2023-03-22,47.400001525878906,47.400001525878906,47.400001525878906,47.400001525878906,47.400001525878906,100
2023-03-23,47.400001525878906,47.400001525878906,47.400001525878906,47.400001525878906,47.400001525878906,0
2023-03-24,45.0099983215332,45.0099983215332,45.0099983215332,45.0099983215332,45.0099983215332,300
2023-03-27,44.5,45.0,44.5,44.9900016784668,44.9900016784668,500
2023-03-28,44.0,44.0,44.0,44.0,44.0,300
2023-03-29,44.0,44.0,44.0,44.0,44.0,0
2023-03-30,44.0,44.0,44.0,44.0,44.0,0
2023-03-31,44.0,44.0,44.0,44.0,44.0,0
2023-04-03,44.0,44.0,44.0,44.0,44.0,100
2023-04-04,44.0,44.0,44.0,44.0,44.0,0
2023-04-05,44.0,44.0,44.0,44.0,44.0,0
2023-04-06,43.15999984741211,43.15999984741211,43.15999984741211,43.15999984741211,43.15999984741211,100
2023-04-10,43.15999984741211,43.15999984741211,43.15999984741211,43.15999984741211,43.15999984741211,0
2023-04-11,43.5,43.5,43.5,43.5,43.5,400
2023-04-12,43.5,43.5,43.5,43.5,43.5,0
2023-04-13,43.5,43.5,43.5,43.5,43.5,0
2023-04-14,43.5,43.5,43.5,43.5,43.5,0
2023-04-17,43.5,43.5,43.5,43.5,43.5,0
2023-04-18,43.5,43.5,43.5,43.5,43.5,0
2023-04-19,44.79999923706055,44.79999923706055,44.5,44.5,44.5,600
2023-04-20,44.5,44.5,44.5,44.5,44.5,0
2023-04-21,45.5099983215332,46.970001220703125,45.5099983215332,46.970001220703125,46.970001220703125,300
2023-04-24,46.970001220703125,46.970001220703125,46.970001220703125,46.970001220703125,46.970001220703125,0
2023-04-25,46.970001220703125,46.970001220703125,46.970001220703125,46.970001220703125,46.970001220703125,0
2023-04-26,45.040000915527344,45.040000915527344,45.040000915527344,45.040000915527344,45.040000915527344,400
2023-04-27,45.040000915527344,45.040000915527344,45.040000915527344,45.040000915527344,45.040000915527344,200
2023-04-28,45.040000915527344,45.040000915527344,45.040000915527344,45.040000915527344,45.040000915527344,0
2023-05-01,45.0,45.0,44.25,44.25,44.25,1100
2023-05-02,44.25,44.25,44.25,44.25,44.25,0
2023-05-03,44.25,44.25,44.25,44.25,44.25,0
2023-05-04,44.25,44.25,44.25,44.25,44.25,0
2023-05-05,44.25,44.25,44.25,44.25,44.25,400
2023-05-08,44.25,44.25,44.25,44.25,44.25,300
2023-05-09,44.25,44.25,44.25,44.25,44.25,0
2023-05-10,44.5,44.5,44.5,44.5,44.5,100
2023-05-11,44.5,44.5,44.5,44.5,44.5,0
2023-05-12,44.5,44.5,44.5,44.5,44.5,0
2023-05-15,44.5,44.5,44.5,44.5,44.5,0
2023-05-16,44.72999954223633,47.86000061035156,44.720001220703125,45.0,45.0,3300
2023-05-17,45.0,45.0,45.0,45.0,45.0,100
2023-05-18,45.0,45.0,45.0,45.0,45.0,0
2023-05-19,45.0099983215332,45.0099983215332,45.0,45.0,45.0,300
2023-05-22,45.0,45.0,45.0,45.0,45.0,0
2023-05-23,45.7599983215332,45.7599983215332,45.7599983215332,45.7599983215332,45.7599983215332,200
2023-05-24,45.7599983215332,45.7599983215332,45.7599983215332,45.7599983215332,45.7599983215332,0
2023-05-25,45.7599983215332,45.7599983215332,45.7599983215332,45.7599983215332,45.7599983215332,0
2023-05-26,45.0,45.060001373291016,45.0,45.060001373291016,45.060001373291016,300
2023-05-30,45.68000030517578,47.130001068115234,45.369998931884766,45.369998931884766,45.369998931884766,2500
2023-05-31,45.369998931884766,45.369998931884766,45.369998931884766,45.369998931884766,45.369998931884766,0
2023-06-01,45.369998931884766,45.369998931884766,45.369998931884766,45.369998931884766,45.369998931884766,0
2023-06-02,45.369998931884766,45.369998931884766,45.369998931884766,45.369998931884766,45.369998931884766,0
2023-06-05,45.369998931884766,45.369998931884766,45.369998931884766,45.369998931884766,45.369998931884766,0
2023-06-06,45.369998931884766,45.369998931884766,45.369998931884766,45.369998931884766,45.369998931884766,0
2023-06-07,44.0099983215332,44.0099983215332,44.0099983215332,44.0099983215332,44.0099983215332,100
2023-06-08,44.0099983215332,44.0099983215332,44.0099983215332,44.0099983215332,44.0099983215332,100
2023-06-09,44.0099983215332,44.0099983215332,44.0099983215332,44.0099983215332,44.0099983215332,0
2023-06-12,44.0099983215332,44.0099983215332,44.0099983215332,44.0099983215332,44.0099983215332,0
2023-06-13,44.0099983215332,44.0099983215332,44.0099983215332,44.0099983215332,44.0099983215332,0
2023-06-14,44.0099983215332,44.0099983215332,44.0099983215332,44.0099983215332,44.0099983215332,0
2023-06-15,44.0099983215332,44.0099983215332,44.0099983215332,44.0099983215332,44.0099983215332,0
2023-06-16,49.33000183105469,49.33000183105469,49.33000183105469,49.33000183105469,49.33000183105469,1200
2023-06-20,49.33000183105469,49.33000183105469,49.33000183105469,49.33000183105469,49.33000183105469,0
2023-06-21,49.33000183105469,49.33000183105469,49.33000183105469,49.33000183105469,49.33000183105469,100
2023-06-22,49.33000183105469,49.33000183105469,49.33000183105469,49.33000183105469,49.33000183105469,0
2023-06-23,49.33000183105469,49.33000183105469,49.33000183105469,49.33000183105469,49.33000183105469,0
2023-06-26,49.33000183105469,49.33000183105469,49.33000183105469,49.33000183105469,49.33000183105469,0
2023-06-27,49.33000183105469,49.33000183105469,49.33000183105469,49.33000183105469,49.33000183105469,100
2023-06-28,49.33000183105469,49.33000183105469,49.33000183105469,49.33000183105469,49.33000183105469,0
2023-06-29,49.33000183105469,49.33000183105469,49.33000183105469,49.33000183105469,49.33000183105469,0
2023-06-30,43.75,43.75,43.75,43.75,43.75,100
2023-07-03,43.75,43.75,43.75,43.75,43.75,0
2023-07-05,43.75,43.75,43.75,43.75,43.75,0
2023-07-06,43.75,43.75,43.75,43.75,43.75,0
2023-07-07,43.75,43.75,43.75,43.75,43.75,0
2023-07-10,43.75,43.75,43.75,43.75,43.75,100
2023-07-11,43.75,43.75,43.75,43.75,43.75,100
2023-07-12,43.75,43.75,43.75,43.75,43.75,0
2023-07-13,43.75,43.75,43.75,43.75,43.75,100
2023-07-14,43.75,43.75,43.75,43.75,43.75,100
2023-07-17,43.75,43.75,43.75,43.75,43.75,0
2023-07-18,43.75,43.75,43.75,43.75,43.75,100
2023-07-19,43.75,43.75,43.75,43.75,43.75,100
2023-07-20,43.75,43.75,43.75,43.75,43.75,0
2023-07-21,43.75,43.75,43.75,43.75,43.75,100
2023-07-24,45.369998931884766,45.369998931884766,45.369998931884766,45.369998931884766,45.369998931884766,300
2023-07-25,45.369998931884766,45.369998931884766,45.369998931884766,45.369998931884766,45.369998931884766,0
2023-07-26,45.369998931884766,45.369998931884766,45.369998931884766,45.369998931884766,45.369998931884766,0
2023-07-27,45.369998931884766,45.369998931884766,45.369998931884766,45.369998931884766,45.369998931884766,0
2023-07-28,45.369998931884766,45.369998931884766,45.369998931884766,45.369998931884766,45.369998931884766,0
2023-07-31,45.369998931884766,45.369998931884766,45.369998931884766,45.369998931884766,45.369998931884766,300
2023-08-01,45.369998931884766,45.369998931884766,45.369998931884766,45.369998931884766,45.369998931884766,200
2023-08-02,45.0,45.0,45.0,45.0,45.0,300
2023-08-03,44.79999923706055,46.9900016784668,44.79999923706055,46.9900016784668,46.9900016784668,1600
2023-08-04,46.5,56.119998931884766,46.5,49.27000045776367,49.27000045776367,6300
2023-08-07,50.45000076293945,51.66999816894531,48.06999969482422,48.06999969482422,48.06999969482422,900
2023-08-08,48.06999969482422,48.06999969482422,48.06999969482422,48.06999969482422,48.06999969482422,0
2023-08-09,47.0,47.0,46.900001525878906,47.0,47.0,700
2023-08-10,46.0,46.0,46.0,46.0,46.0,600
2023-08-11,46.04999923706055,46.04999923706055,46.04999923706055,46.04999923706055,46.04999923706055,300
2023-08-14,46.0,49.77000045776367,46.0,49.77000045776367,49.77000045776367,1400
2023-08-15,49.77000045776367,49.77000045776367,49.77000045776367,49.77000045776367,49.77000045776367,0
2023-08-16,49.77000045776367,49.77000045776367,49.77000045776367,49.77000045776367,49.77000045776367,100
2023-08-17,49.77000045776367,49.77000045776367,49.77000045776367,49.77000045776367,49.77000045776367,0
2023-08-18,48.79999923706055,48.79999923706055,47.0,47.0,47.0,1500
2023-08-21,48.459999084472656,51.4900016784668,47.36000061035156,47.5,47.5,2900
2023-08-22,46.880001068115234,46.880001068115234,46.650001525878906,46.650001525878906,46.650001525878906,600
2023-08-23,46.099998474121094,48.75,46.099998474121094,48.75,48.75,500
2023-08-24,48.75,48.75,48.75,48.75,48.75,0
2023-08-25,48.75,48.75,48.75,48.75,48.75,0
2023-08-28,48.75,48.75,48.75,48.75,48.75,0
2023-08-29,48.75,48.75,48.75,48.75,48.75,100
2023-08-30,48.75,48.75,48.75,48.75,48.75,100
2023-08-31,48.75,48.75,48.75,48.75,48.75,300
2023-09-01,48.75,48.75,48.75,48.75,48.75,0
2023-09-05,46.08000183105469,46.08000183105469,46.08000183105469,46.08000183105469,46.08000183105469,500
2023-09-06,46.45000076293945,47.5,46.45000076293945,46.54999923706055,46.54999923706055,500
2023-09-07,46.029998779296875,46.029998779296875,46.029998779296875,46.029998779296875,46.029998779296875,200
2023-09-08,46.029998779296875,46.029998779296875,46.029998779296875,46.029998779296875,46.029998779296875,0
2023-09-11,46.029998779296875,46.029998779296875,46.029998779296875,46.029998779296875,46.029998779296875,100
2023-09-12,47.47999954223633,47.47999954223633,47.47999954223633,47.47999954223633,47.47999954223633,300
2023-09-13,47.66999816894531,47.66999816894531,47.66999816894531,47.66999816894531,47.66999816894531,900
2023-09-14,48.72999954223633,48.72999954223633,46.040000915527344,46.040000915527344,46.040000915527344,800
2023-09-15,48.33000183105469,48.33000183105469,48.33000183105469,48.33000183105469,48.33000183105469,600
2023-09-18,46.0099983215332,46.0099983215332,46.0099983215332,46.0099983215332,46.0099983215332,500
2023-09-19,46.5099983215332,46.5099983215332,46.5099983215332,46.5099983215332,46.5099983215332,600
2023-09-20,46.5099983215332,46.5099983215332,46.5099983215332,46.5099983215332,46.5099983215332,100
2023-09-21,46.5099983215332,46.5099983215332,46.5099983215332,46.5099983215332,46.5099983215332,0
2023-09-22,46.5099983215332,46.5099983215332,46.5099983215332,46.5099983215332,46.5099983215332,200
2023-09-25,46.5099983215332,46.5099983215332,46.5099983215332,46.5099983215332,46.5099983215332,0
2023-09-26,46.5099983215332,46.5099983215332,46.5099983215332,46.5099983215332,46.5099983215332,0
2023-09-27,46.5099983215332,46.5099983215332,46.5099983215332,46.5099983215332,46.5099983215332,0
2023-09-28,46.5099983215332,46.5099983215332,46.5099983215332,46.5099983215332,46.5099983215332,0
2023-09-29,46.5099983215332,46.5099983215332,46.5099983215332,46.5099983215332,46.5099983215332,600
2023-10-02,46.5099983215332,46.5099983215332,46.5099983215332,46.5099983215332,46.5099983215332,0
2023-10-03,46.5099983215332,46.5099983215332,46.5099983215332,46.5099983215332,46.5099983215332,0
2023-10-04,46.5099983215332,46.5099983215332,46.5099983215332,46.5099983215332,46.5099983215332,100
2023-10-05,46.5099983215332,46.5099983215332,46.5099983215332,46.5099983215332,46.5099983215332,0
2023-10-06,45.47999954223633,47.29999923706055,45.47999954223633,47.29999923706055,47.29999923706055,1700
2023-10-09,47.29999923706055,47.29999923706055,47.29999923706055,47.29999923706055,47.29999923706055,100
2023-10-10,46.70000076293945,46.70000076293945,46.400001525878906,46.70000076293945,46.70000076293945,700
2023-10-11,46.619998931884766,46.939998626708984,45.88999938964844,46.880001068115234,46.880001068115234,1600
2023-10-12,46.880001068115234,46.880001068115234,46.880001068115234,46.880001068115234,46.880001068115234,0
2023-10-13,48.0,48.0,48.0,48.0,48.0,1100
2023-10-16,48.11000061035156,48.11000061035156,48.11000061035156,48.11000061035156,48.11000061035156,500
2023-10-17,47.540000915527344,47.540000915527344,47.540000915527344,47.540000915527344,47.540000915527344,400
2023-10-18,47.540000915527344,47.540000915527344,47.540000915527344,47.540000915527344,47.540000915527344,0
2023-10-19,47.540000915527344,47.540000915527344,47.540000915527344,47.540000915527344,47.540000915527344,1000
2023-10-20,47.540000915527344,47.540000915527344,47.540000915527344,47.540000915527344,47.540000915527344,0
2023-10-23,47.540000915527344,47.540000915527344,47.540000915527344,47.540000915527344,47.540000915527344,0
2023-10-24,47.540000915527344,47.540000915527344,47.540000915527344,47.540000915527344,47.540000915527344,0
2023-10-25,47.540000915527344,47.540000915527344,47.540000915527344,47.540000915527344,47.540000915527344,0
2023-10-26,47.540000915527344,47.540000915527344,47.540000915527344,47.540000915527344,47.540000915527344,0
2023-10-27,47.599998474121094,47.599998474121094,47.599998474121094,47.599998474121094,47.599998474121094,900
2023-10-30,47.599998474121094,47.599998474121094,47.599998474121094,47.599998474121094,47.599998474121094,0
2023-10-31,47.599998474121094,47.599998474121094,47.599998474121094,47.599998474121094,47.599998474121094,0
2023-11-01,47.599998474121094,47.599998474121094,47.599998474121094,47.599998474121094,47.599998474121094,0
2023-11-02,47.599998474121094,47.599998474121094,47.599998474121094,47.599998474121094,47.599998474121094,100
2023-11-03,47.599998474121094,47.599998474121094,47.599998474121094,47.599998474121094,47.599998474121094,0
2023-11-06,47.599998474121094,47.599998474121094,47.599998474121094,47.599998474121094,47.599998474121094,100
2023-11-07,47.599998474121094,47.599998474121094,47.599998474121094,47.599998474121094,47.599998474121094,0
2023-11-08,43.709999084472656,44.209999084472656,43.709999084472656,44.0,44.0,2000
2023-11-09,44.0,44.0,44.0,44.0,44.0,0
2023-11-10,44.0,44.0,44.0,44.0,44.0,0
2023-11-13,44.0,44.0,44.0,44.0,44.0,0
2023-11-14,43.5,43.5,42.9900016784668,43.0,43.0,2500
2023-11-15,43.0,43.0,43.0,43.0,43.0,0
2023-11-16,43.0,43.0,43.0,43.0,43.0,0
2023-11-17,42.5,42.5,42.5,42.5,42.5,400
2023-11-20,42.5,42.5,42.5,42.5,42.5,0
2023-11-21,42.5,42.5,42.5,42.5,42.5,0
2023-11-22,42.5,42.5,42.5,42.5,42.5,0
2023-11-24,42.5,42.5,42.5,42.5,42.5,0
2023-11-27,43.25,43.25,43.25,43.25,43.25,400
2023-11-28,43.25,43.25,43.25,43.25,43.25,0
2023-11-29,43.25,43.25,43.25,43.25,43.25,0
2023-11-30,43.0099983215332,43.0099983215332,43.0099983215332,43.0099983215332,43.0099983215332,100
2023-12-01,43.0099983215332,43.0099983215332,43.0099983215332,43.0099983215332,43.0099983215332,0
2023-12-04,43.0099983215332,43.0099983215332,43.0099983215332,43.0099983215332,43.0099983215332,0
2023-12-05,42.709999084472656,42.709999084472656,42.709999084472656,42.709999084472656,42.709999084472656,100
2023-12-06,42.709999084472656,42.709999084472656,42.709999084472656,42.709999084472656,42.709999084472656,0
2023-12-07,43.5,43.5,43.5,43.5,43.5,200
2023-12-08,43.5,43.5,43.5,43.5,43.5,0
2023-12-11,43.5,43.5,43.5,43.5,43.5,0
2023-12-12,42.5,42.5,42.5,42.5,42.5,600
2023-12-13,42.5,42.5,42.5,42.5,42.5,0
2023-12-14,42.5,42.5,42.5,42.5,42.5,0
2023-12-15,42.11000061035156,42.11000061035156,42.11000061035156,42.11000061035156,42.11000061035156,200
2023-12-18,42.11000061035156,42.11000061035156,42.11000061035156,42.11000061035156,42.11000061035156,0
2023-12-19,42.11000061035156,42.11000061035156,42.11000061035156,42.11000061035156,42.11000061035156,0
2023-12-20,42.0099983215332,42.0099983215332,42.0099983215332,42.0099983215332,42.0099983215332,300
2023-12-21,42.0099983215332,42.0099983215332,42.0099983215332,42.0099983215332,42.0099983215332,0
2023-12-22,42.0099983215332,42.0099983215332,42.0099983215332,42.0099983215332,42.0099983215332,0
2023-12-26,42.0099983215332,42.0099983215332,42.0099983215332,42.0099983215332,42.0099983215332,0
2023-12-27,42.0099983215332,42.0099983215332,42.0099983215332,42.0099983215332,42.0099983215332,0
2023-12-28,42.0099983215332,42.0099983215332,42.0099983215332,42.0099983215332,42.0099983215332,0
2023-12-29,42.0099983215332,42.0099983215332,42.0099983215332,42.0099983215332,42.0099983215332,0
2024-01-02,43.0,43.0,43.0,43.0,43.0,300
2024-01-03,43.0,43.0,43.0,43.0,43.0,0
2024-01-04,43.0,43.0,43.0,43.0,43.0,0
2024-01-05,43.0,43.0,43.0,43.0,43.0,0
2024-01-08,43.0,43.0,43.0,43.0,43.0,0
2024-01-09,43.0,43.0,43.0,43.0,43.0,0
2024-01-10,43.0,43.0,43.0,43.0,43.0,0
2024-01-11,43.0,43.0,43.0,43.0,43.0,0
2024-01-12,43.0,43.0,43.0,43.0,43.0,0
2024-01-16,43.880001068115234,43.880001068115234,43.880001068115234,43.880001068115234,43.880001068115234,100
2024-01-17,43.880001068115234,43.880001068115234,43.880001068115234,43.880001068115234,43.880001068115234,0
2024-01-18,43.880001068115234,43.880001068115234,43.880001068115234,43.880001068115234,43.880001068115234,0
2024-01-19,43.880001068115234,43.880001068115234,43.880001068115234,43.880001068115234,43.880001068115234,0
2024-01-22,43.880001068115234,43.880001068115234,43.880001068115234,43.880001068115234,43.880001068115234,0
2024-01-23,43.880001068115234,43.880001068115234,43.880001068115234,43.880001068115234,43.880001068115234,0
2024-01-24,43.880001068115234,43.880001068115234,43.880001068115234,43.880001068115234,43.880001068115234,0
2024-01-25,43.880001068115234,43.880001068115234,43.880001068115234,43.880001068115234,43.880001068115234,0
2024-01-26,43.880001068115234,43.880001068115234,43.880001068115234,43.880001068115234,43.880001068115234,100
2024-01-29,43.880001068115234,43.880001068115234,43.880001068115234,43.880001068115234,43.880001068115234,0
2024-01-30,43.880001068115234,43.880001068115234,43.880001068115234,43.880001068115234,43.880001068115234,0
2024-01-31,43.880001068115234,43.880001068115234,43.880001068115234,43.880001068115234,43.880001068115234,0
2024-02-01,43.880001068115234,43.880001068115234,43.880001068115234,43.880001068115234,43.880001068115234,0
2024-02-02,43.880001068115234,43.880001068115234,43.880001068115234,43.880001068115234,43.880001068115234,100
2024-02-05,43.880001068115234,43.880001068115234,43.880001068115234,43.880001068115234,43.880001068115234,0
2024-02-06,43.880001068115234,43.880001068115234,43.880001068115234,43.880001068115234,43.880001068115234,0
2024-02-07,43.880001068115234,43.880001068115234,43.880001068115234,43.880001068115234,43.880001068115234,0
2024-02-08,43.880001068115234,43.880001068115234,43.880001068115234,43.880001068115234,43.880001068115234,0
2024-02-09,43.880001068115234,43.880001068115234,43.880001068115234,43.880001068115234,43.880001068115234,0
2024-02-12,43.880001068115234,43.880001068115234,43.880001068115234,43.880001068115234,43.880001068115234,0
2024-02-13,43.880001068115234,43.880001068115234,43.880001068115234,43.880001068115234,43.880001068115234,0
2024-02-14,43.79999923706055,44.0,43.79999923706055,44.0,44.0,300
2024-02-15,44.0,44.0,44.0,44.0,44.0,0
2024-02-16,44.0,44.0,44.0,44.0,44.0,0
2024-02-20,44.0,44.0,44.0,44.0,44.0,100
2024-02-21,44.0,44.0,44.0,44.0,44.0,0
2024-02-22,44.0,44.0,44.0,44.0,44.0,0
2024-02-23,44.0,44.0,44.0,44.0,44.0,200
2024-02-26,44.0,44.0,44.0,44.0,44.0,100
2024-02-27,44.0,44.0,44.0,44.0,44.0,0
2024-02-28,43.0,43.0,43.0,43.0,43.0,2000
2024-02-29,43.0,43.0,43.0,43.0,43.0,0
2024-03-01,43.33000183105469,43.33000183105469,43.33000183105469,43.33000183105469,43.33000183105469,200
2024-03-04,43.33000183105469,43.33000183105469,43.33000183105469,43.33000183105469,43.33000183105469,100
2024-03-05,43.33000183105469,43.33000183105469,43.33000183105469,43.33000183105469,43.33000183105469,0
2024-03-06,43.33000183105469,43.33000183105469,43.33000183105469,43.33000183105469,43.33000183105469,0
2024-03-07,44.0,44.0,44.0,44.0,44.0,200
2024-03-08,44.0,44.0,44.0,44.0,44.0,0
2024-03-11,44.0,44.0,44.0,44.0,44.0,0
2024-03-12,44.0,44.0,44.0,44.0,44.0,0
2024-03-13,44.0,44.0,44.0,44.0,44.0,0
2024-03-14,44.0,44.0,44.0,44.0,44.0,0
2024-03-15,43.630001068115234,43.630001068115234,43.630001068115234,43.630001068115234,43.630001068115234,100
2024-03-18,43.630001068115234,43.630001068115234,43.630001068115234,43.630001068115234,43.630001068115234,200
2024-03-19,43.560001373291016,43.560001373291016,43.560001373291016,43.560001373291016,43.560001373291016,300
2024-03-20,43.560001373291016,43.560001373291016,43.560001373291016,43.560001373291016,43.560001373291016,0
2024-03-21,43.560001373291016,43.560001373291016,43.560001373291016,43.560001373291016,43.560001373291016,0
2024-03-22,43.560001373291016,43.560001373291016,43.560001373291016,43.560001373291016,43.560001373291016,0
2024-03-25,43.560001373291016,43.560001373291016,43.560001373291016,43.560001373291016,43.560001373291016,0
2024-03-26,43.560001373291016,43.560001373291016,43.560001373291016,43.560001373291016,43.560001373291016,0
2024-03-27,43.560001373291016,43.560001373291016,43.560001373291016,43.560001373291016,43.560001373291016,300
2024-03-28,43.560001373291016,43.560001373291016,43.560001373291016,43.560001373291016,43.560001373291016,0
2024-04-01,45.0,45.0099983215332,45.0,45.0,45.0,600
2024-04-02,46.25,47.0,46.25,47.0,47.0,500
2024-04-03,47.0,47.0,47.0,47.0,47.0,0
2024-04-04,45.2599983215332,45.2599983215332,45.2599983215332,45.2599983215332,45.2599983215332,200
2024-04-05,45.2599983215332,45.2599983215332,45.2599983215332,45.2599983215332,45.2599983215332,0
2024-04-08,45.2599983215332,45.2599983215332,45.2599983215332,45.2599983215332,45.2599983215332,0
2024-04-09,45.2599983215332,45.2599983215332,45.2599983215332,45.2599983215332,45.2599983215332,0
2024-04-10,45.2599983215332,45.2599983215332,45.2599983215332,45.2599983215332,45.2599983215332,0
2024-04-11,47.0,47.0,45.2599983215332,46.09000015258789,46.09000015258789,800
2024-04-12,46.09000015258789,46.09000015258789,46.09000015258789,46.09000015258789,46.09000015258789,0
2024-04-15,46.09000015258789,46.09000015258789,46.09000015258789,46.09000015258789,46.09000015258789,0
2024-04-16,46.09000015258789,46.09000015258789,46.09000015258789,46.09000015258789,46.09000015258789,0
2024-04-17,46.09000015258789,46.09000015258789,46.09000015258789,46.09000015258789,46.09000015258789,0
2024-04-18,46.09000015258789,46.09000015258789,46.09000015258789,46.09000015258789,46.09000015258789,0
2024-04-19,46.09000015258789,46.09000015258789,46.09000015258789,46.09000015258789,46.09000015258789,0
2024-04-22,46.09000015258789,46.09000015258789,46.09000015258789,46.09000015258789,46.09000015258789,0
2024-04-23,43.5099983215332,43.5099983215332,43.5099983215332,43.5099983215332,43.5099983215332,100
2024-04-24,43.5099983215332,43.5099983215332,43.5099983215332,43.5099983215332,43.5099983215332,0
2024-04-25,43.5099983215332,43.5099983215332,43.5099983215332,43.5099983215332,43.5099983215332,0
2024-04-26,43.5099983215332,43.5099983215332,43.5099983215332,43.5099983215332,43.5099983215332,0
2024-04-29,43.5099983215332,43.5099983215332,43.5099983215332,43.5099983215332,43.5099983215332,0
2024-04-30,43.5099983215332,43.5099983215332,43.5099983215332,43.5099983215332,43.5099983215332,0
2024-05-01,43.5099983215332,43.5099983215332,43.5099983215332,43.5099983215332,43.5099983215332,0
2024-05-02,43.5099983215332,43.5099983215332,43.5099983215332,43.5099983215332,43.5099983215332,0
2024-05-03,43.5099983215332,43.5099983215332,43.5099983215332,43.5099983215332,43.5099983215332,0
2024-05-06,43.5099983215332,43.5099983215332,43.5099983215332,43.5099983215332,43.5099983215332,0
2024-05-07,43.5099983215332,43.5099983215332,43.5099983215332,43.5099983215332,43.5099983215332,0
2024-05-08,43.5099983215332,43.5099983215332,43.5099983215332,43.5099983215332,43.5099983215332,0
2024-05-09,43.5099983215332,43.5099983215332,43.5099983215332,43.5099983215332,43.5099983215332,0
2024-05-10,43.5099983215332,43.5099983215332,43.5099983215332,43.5099983215332,43.5099983215332,0
2024-05-13,43.5099983215332,43.5099983215332,43.5099983215332,43.5099983215332,43.5099983215332,0
2024-05-14,43.5099983215332,43.5099983215332,43.5099983215332,43.5099983215332,43.5099983215332,0
2024-05-15,43.5099983215332,43.5099983215332,43.5099983215332,43.5099983215332,43.5099983215332,100
2024-05-16,43.5099983215332,43.5099983215332,43.5099983215332,43.5099983215332,43.5099983215332,0
2024-05-17,43.5099983215332,43.5099983215332,43.5099983215332,43.5099983215332,43.5099983215332,0
2024-05-20,43.5099983215332,43.5099983215332,43.5099983215332,43.5099983215332,43.5099983215332,0
2024-05-21,43.5099983215332,43.5099983215332,43.5099983215332,43.5099983215332,43.5099983215332,0
2024-05-22,43.5099983215332,43.5099983215332,43.5099983215332,43.5099983215332,43.5099983215332,0
2024-05-23,43.5099983215332,43.5099983215332,43.5099983215332,43.5099983215332,43.5099983215332,0
2024-05-24,43.5099983215332,43.5099983215332,43.5099983215332,43.5099983215332,43.5099983215332,0
2024-05-28,43.5099983215332,43.5099983215332,43.5099983215332,43.5099983215332,43.5099983215332,100
2024-05-29,43.5099983215332,43.5099983215332,43.5099983215332,43.5099983215332,43.5099983215332,100
2024-05-30,43.5099983215332,43.5099983215332,43.5099983215332,43.5099983215332,43.5099983215332,100
2024-05-31,43.5099983215332,43.5099983215332,43.5099983215332,43.5099983215332,43.5099983215332,0
2024-06-03,43.5099983215332,43.5099983215332,43.5099983215332,43.5099983215332,43.5099983215332,0
2024-06-04,43.25,43.25,43.25,43.25,43.25,400
2024-06-05,43.25,43.25,43.25,43.25,43.25,0
2024-06-06,43.25,43.25,43.25,43.25,43.25,300
2024-06-07,43.25,43.25,43.25,43.25,43.25,0
2024-06-10,43.25,43.25,43.25,43.25,43.25,0
2024-06-11,43.25,43.25,43.25,43.25,43.25,0
2024-06-12,43.25,43.25,43.25,43.25,43.25,100
2024-06-13,43.25,43.25,43.25,43.25,43.25,300
2024-06-14,43.25,43.25,43.25,43.25,43.25,0
2024-06-17,43.25,43.25,43.25,43.25,43.25,0
2024-06-18,43.25,43.25,43.25,43.25,43.25,0
2024-06-20,43.25,43.25,43.25,43.25,43.25,0
2024-06-21,45.790000915527344,45.790000915527344,45.790000915527344,45.790000915527344,45.790000915527344,700
2024-06-24,45.790000915527344,45.790000915527344,45.790000915527344,45.790000915527344,45.790000915527344,0
2024-06-25,45.790000915527344,45.790000915527344,45.790000915527344,45.790000915527344,45.790000915527344,0
2024-06-26,45.790000915527344,45.790000915527344,45.790000915527344,45.790000915527344,45.790000915527344,0
2024-06-27,45.790000915527344,45.790000915527344,45.790000915527344,45.790000915527344,45.790000915527344,0
2024-06-28,45.790000915527344,45.790000915527344,45.790000915527344,45.790000915527344,45.790000915527344,0
2024-07-01,45.790000915527344,45.790000915527344,45.790000915527344,45.790000915527344,45.790000915527344,0
2024-07-02,45.790000915527344,45.790000915527344,45.790000915527344,45.790000915527344,45.790000915527344,0
2024-07-03,45.790000915527344,45.790000915527344,45.790000915527344,45.790000915527344,45.790000915527344,0
2024-07-05,45.790000915527344,45.790000915527344,45.790000915527344,45.790000915527344,45.790000915527344,0
2024-07-08,45.790000915527344,45.790000915527344,45.790000915527344,45.790000915527344,45.790000915527344,0
2024-07-09,45.790000915527344,45.790000915527344,45.790000915527344,45.790000915527344,45.790000915527344,0
2024-07-10,45.790000915527344,45.790000915527344,45.790000915527344,45.790000915527344,45.790000915527344,0
2024-07-11,45.790000915527344,45.790000915527344,45.790000915527344,45.790000915527344,45.790000915527344,0
2024-07-12,45.790000915527344,45.790000915527344,45.790000915527344,45.790000915527344,45.790000915527344,0
2024-07-15,45.790000915527344,45.790000915527344,45.790000915527344,45.790000915527344,45.790000915527344,0
2024-07-16,45.790000915527344,45.790000915527344,45.790000915527344,45.790000915527344,45.790000915527344,0
2024-07-17,43.33000183105469,43.33000183105469,43.33000183105469,43.33000183105469,43.33000183105469,100
2024-07-18,43.33000183105469,43.33000183105469,43.33000183105469,43.33000183105469,43.33000183105469,0
2024-07-19,43.33000183105469,43.33000183105469,43.33000183105469,43.33000183105469,43.33000183105469,0
2024-07-22,43.33000183105469,43.33000183105469,43.33000183105469,43.33000183105469,43.33000183105469,0
2024-07-23,43.33000183105469,43.33000183105469,43.33000183105469,43.33000183105469,43.33000183105469,0
2024-07-24,43.33000183105469,43.33000183105469,43.33000183105469,43.33000183105469,43.33000183105469,0
2024-07-25,43.33000183105469,43.33000183105469,43.33000183105469,43.33000183105469,43.33000183105469,0
2024-07-26,43.33000183105469,43.33000183105469,43.33000183105469,43.33000183105469,43.33000183105469,0
2024-07-29,43.33000183105469,43.33000183105469,43.33000183105469,43.33000183105469,43.33000183105469,0
2024-07-30,43.33000183105469,43.33000183105469,43.33000183105469,43.33000183105469,43.33000183105469,0
2024-07-31,43.33000183105469,43.33000183105469,43.33000183105469,43.33000183105469,43.33000183105469,0
2024-08-01,43.33000183105469,43.33000183105469,43.33000183105469,43.33000183105469,43.33000183105469,0
2024-08-02,43.33000183105469,43.33000183105469,43.33000183105469,43.33000183105469,43.33000183105469,0
2024-08-05,43.33000183105469,43.33000183105469,43.33000183105469,43.33000183105469,43.33000183105469,0
2024-08-06,43.33000183105469,43.33000183105469,43.33000183105469,43.33000183105469,43.33000183105469,0
2024-08-07,43.33000183105469,43.33000183105469,43.33000183105469,43.33000183105469,43.33000183105469,0
2024-08-08,43.33000183105469,43.33000183105469,43.33000183105469,43.33000183105469,43.33000183105469,0
2024-08-09,43.33000183105469,43.33000183105469,43.33000183105469,43.33000183105469,43.33000183105469,0
2024-08-12,43.33000183105469,43.33000183105469,43.33000183105469,43.33000183105469,43.33000183105469,0
2024-08-13,43.33000183105469,43.33000183105469,43.33000183105469,43.33000183105469,43.33000183105469,0
2024-08-14,43.33000183105469,43.33000183105469,43.33000183105469,43.33000183105469,43.33000183105469,0
2024-08-15,43.33000183105469,43.33000183105469,43.33000183105469,43.33000183105469,43.33000183105469,0
2024-08-16,43.33000183105469,43.33000183105469,43.33000183105469,43.33000183105469,43.33000183105469,0
2024-08-19,43.33000183105469,43.33000183105469,43.33000183105469,43.33000183105469,43.33000183105469,100
2024-08-20,43.33000183105469,43.33000183105469,43.33000183105469,43.33000183105469,43.33000183105469,0
2024-08-21,43.33000183105469,43.33000183105469,43.33000183105469,43.33000183105469,43.33000183105469,0
2024-08-22,43.33000183105469,43.33000183105469,43.33000183105469,43.33000183105469,43.33000183105469,0
2024-08-23,43.33000183105469,43.33000183105469,43.33000183105469,43.33000183105469,43.33000183105469,0
2024-08-26,43.33000183105469,43.33000183105469,43.33000183105469,43.33000183105469,43.33000183105469,0
2024-08-27,43.31999969482422,43.31999969482422,43.290000915527344,43.290000915527344,43.290000915527344,400
2024-08-28,43.290000915527344,43.290000915527344,43.290000915527344,43.290000915527344,43.290000915527344,0
2024-08-29,43.290000915527344,43.290000915527344,43.290000915527344,43.290000915527344,43.290000915527344,0
2024-08-30,43.290000915527344,43.290000915527344,43.290000915527344,43.290000915527344,43.290000915527344,0
2024-09-03,43.290000915527344,43.290000915527344,43.290000915527344,43.290000915527344,43.290000915527344,0
2024-09-04,43.290000915527344,43.290000915527344,43.290000915527344,43.290000915527344,43.290000915527344,0
2024-09-05,43.290000915527344,43.290000915527344,43.290000915527344,43.290000915527344,43.290000915527344,0
2024-09-06,43.290000915527344,43.290000915527344,43.290000915527344,43.290000915527344,43.290000915527344,0
2024-09-09,43.290000915527344,43.290000915527344,43.290000915527344,43.290000915527344,43.290000915527344,100
2024-09-10,43.5,43.5,43.5,43.5,43.5,300
2024-09-11,43.5,43.5,43.5,43.5,43.5,0
2024-09-12,43.5,43.5,43.5,43.5,43.5,0
2024-09-13,43.5,43.5,43.5,43.5,43.5,0
2024-09-16,43.5,43.5,43.5,43.5,43.5,0
2024-09-17,43.5,43.5,43.5,43.5,43.5,0
2024-09-18,43.5,43.5,43.5,43.5,43.5,100
2024-09-19,43.5,43.5,43.5,43.5,43.5,0
2024-09-20,45.97999954223633,45.97999954223633,45.97999954223633,45.97999954223633,45.97999954223633,600
2024-09-23,45.97999954223633,45.97999954223633,45.97999954223633,45.97999954223633,45.97999954223633,0
2024-09-24,45.97999954223633,45.97999954223633,45.97999954223633,45.97999954223633,45.97999954223633,0
2024-09-25,45.97999954223633,45.97999954223633,45.97999954223633,45.97999954223633,45.97999954223633,0
2024-09-26,45.97999954223633,45.97999954223633,45.97999954223633,45.97999954223633,45.97999954223633,0
2024-09-27,45.97999954223633,45.97999954223633,45.97999954223633,45.97999954223633,45.97999954223633,0
2024-09-30,45.97999954223633,45.97999954223633,45.97999954223633,45.97999954223633,45.97999954223633,0
2024-10-01,45.97999954223633,45.97999954223633,45.97999954223633,45.97999954223633,45.97999954223633,0
2024-10-02,45.97999954223633,45.97999954223633,45.97999954223633,45.97999954223633,45.97999954223633,0
2024-10-03,45.97999954223633,45.97999954223633,45.97999954223633,45.97999954223633,45.97999954223633,0
2024-10-04,45.97999954223633,45.97999954223633,45.97999954223633,45.97999954223633,45.97999954223633,0
2024-10-07,45.97999954223633,45.97999954223633,45.97999954223633,45.97999954223633,45.97999954223633,0
2024-10-08,45.97999954223633,45.97999954223633,45.97999954223633,45.97999954223633,45.97999954223633,0
2024-10-09,45.97999954223633,45.97999954223633,45.97999954223633,45.97999954223633,45.97999954223633,0
2024-10-10,44.5,44.5,44.5,44.5,44.5,100
2024-10-11,44.5,44.5,44.5,44.5,44.5,100
2024-10-14,44.5,44.5,44.5,44.5,44.5,0
2024-10-15,44.5,44.5,44.5,44.5,44.5,0
2024-10-16,43.5,43.5,43.5,43.5,43.5,1100
2024-10-17,43.529998779296875,43.529998779296875,43.5,43.5,43.5,200
2024-10-18,43.5,43.5,43.5,43.5,43.5,0
2024-10-21,43.5,43.5,43.5,43.5,43.5,0
2024-10-22,43.5,43.5,43.5,43.5,43.5,0
2024-10-23,43.5,43.5,43.5,43.5,43.5,0
2024-10-24,43.5,43.5,43.5,43.5,43.5,0
2024-10-25,43.5,43.5,43.5,43.5,43.5,0
2024-10-28,43.189998626708984,45.209999084472656,42.0,44.02000045776367,44.02000045776367,3000
2024-10-29,44.02000045776367,44.02000045776367,44.02000045776367,44.02000045776367,44.02000045776367,0
2024-10-30,44.02000045776367,44.02000045776367,44.02000045776367,44.02000045776367,44.02000045776367,0
2024-10-31,43.93000030517578,46.0,42.0,44.20000076293945,44.20000076293945,4600
2024-11-01,44.20000076293945,44.20000076293945,44.20000076293945,44.20000076293945,44.20000076293945,0
2024-11-04,43.939998626708984,44.720001220703125,43.88999938964844,43.93000030517578,43.93000030517578,2300
2024-11-05,44.47999954223633,44.47999954223633,42.34000015258789,42.34000015258789,42.34000015258789,4200
2024-11-06,42.34000015258789,42.34000015258789,42.34000015258789,42.34000015258789,42.34000015258789,0
2024-11-07,42.34000015258789,42.34000015258789,42.34000015258789,42.34000015258789,42.34000015258789,0
2024-11-08,42.34000015258789,42.34000015258789,42.34000015258789,42.34000015258789,42.34000015258789,0
2024-11-11,42.150001525878906,42.150001525878906,42.150001525878906,42.150001525878906,42.150001525878906,300
2024-11-12,42.150001525878906,42.150001525878906,42.150001525878906,42.150001525878906,42.150001525878906,0
2024-11-13,42.150001525878906,42.150001525878906,42.150001525878906,42.150001525878906,42.150001525878906,0
2024-11-14,42.150001525878906,42.150001525878906,42.150001525878906,42.150001525878906,42.150001525878906,0
2024-11-15,42.150001525878906,42.150001525878906,42.150001525878906,42.150001525878906,42.150001525878906,0
