Date,Open,High,Low,Close,Adj Close,Volume
1985-12-09,0.0,0.11393199861049652,0.08138000220060349,0.08138000220060349,0.06658466905355453,780288
1985-12-10,0.0,0.11393199861049652,0.08138000220060349,0.08138000220060349,0.06658466905355453,117888
1985-12-11,0.0,0.11393199861049652,0.08138000220060349,0.08138000220060349,0.06658466905355453,1632384
1985-12-12,0.0,0.11393199861049652,0.08138000220060349,0.08138000220060349,0.06658466905355453,1357248
1985-12-13,0.0,0.11393199861049652,0.08138000220060349,0.08138000220060349,0.06658466905355453,663936
1985-12-16,0.0,0.11393199861049652,0.08138000220060349,0.08138000220060349,0.06658466905355453,1421952
1985-12-17,0.0,0.11393199861049652,0.08138000220060349,0.08138000220060349,0.06658466905355453,1559040
1985-12-18,0.0,0.11393199861049652,0.08138000220060349,0.08138000220060349,0.06658466905355453,1308672
1985-12-19,0.0,0.11393199861049652,0.08138000220060349,0.08138000220060349,0.06658466905355453,1309056
1985-12-20,0.0,0.11393199861049652,0.08138000220060349,0.08138000220060349,0.06658466905355453,1352640
1985-12-23,0.0,0.13020800054073334,0.08138000220060349,0.08138000220060349,0.06658466905355453,713472
1985-12-24,0.0,0.11393199861049652,0.08138000220060349,0.08138000220060349,0.06658466905355453,1560960
1985-12-26,0.0,0.11393199861049652,0.08138000220060349,0.08138000220060349,0.06658466905355453,652032
1985-12-27,0.0,0.11393199861049652,0.08138000220060349,0.08138000220060349,0.06658466905355453,878592
1985-12-30,0.0,0.11393199861049652,0.08138000220060349,0.08138000220060349,0.06658466905355453,893952
1985-12-31,0.0,0.11393199861049652,0.08138000220060349,0.08138000220060349,0.06658466905355453,160704
1986-01-02,0.0,0.11393199861049652,0.08138000220060349,0.08138000220060349,0.06658466905355453,1137984
1986-01-03,0.0,0.13020800054073334,0.0976559966802597,0.0976559966802597,0.07990159839391708,839424
1986-01-06,0.0,0.13020800054073334,0.0976559966802597,0.0976559966802597,0.07990159839391708,1544640
1986-01-07,0.0,0.14648400247097015,0.11393199861049652,0.11393199861049652,0.09321853518486023,980160
1986-01-08,0.0,0.14648400247097015,0.11393199861049652,0.11393199861049652,0.09321853518486023,907392
1986-01-09,0.0,0.14648400247097015,0.11393199861049652,0.11393199861049652,0.09321853518486023,1655616
1986-01-10,0.0,0.14648400247097015,0.11393199861049652,0.11393199861049652,0.09321853518486023,798336
1986-01-13,0.0,0.14648400247097015,0.11393199861049652,0.11393199861049652,0.09321853518486023,1286592
1986-01-14,0.0,0.14648400247097015,0.11393199861049652,0.11393199861049652,0.09321853518486023,490560
1986-01-15,0.0,0.14648400247097015,0.11393199861049652,0.11393199861049652,0.09321853518486023,1770816
1986-01-16,0.0,0.14648400247097015,0.11393199861049652,0.11393199861049652,0.09321853518486023,1089216
1986-01-17,0.0,0.14648400247097015,0.11393199861049652,0.11393199861049652,0.09321853518486023,1106688
1986-01-20,0.0,0.14648400247097015,0.11393199861049652,0.11393199861049652,0.09321853518486023,1148352
1986-01-21,0.0,0.14648400247097015,0.11393199861049652,0.11393199861049652,0.09321853518486023,1253760
1986-01-22,0.0,0.14648400247097015,0.11393199861049652,0.11393199861049652,0.09321853518486023,1648512
1986-01-23,0.0,0.13020800054073334,0.0976559966802597,0.0976559966802597,0.07990159839391708,1458816
1986-01-24,0.0,0.13020800054073334,0.0976559966802597,0.0976559966802597,0.07990159839391708,1523904
1986-01-27,0.0,0.13020800054073334,0.11393199861049652,0.11393199861049652,0.09321853518486023,479424
1986-01-28,0.0,0.13020800054073334,0.11393199861049652,0.11393199861049652,0.09321853518486023,436608
1986-01-29,0.0,0.13020800054073334,0.11393199861049652,0.11393199861049652,0.09321853518486023,832320
1986-01-30,0.0,0.14648400247097015,0.11393199861049652,0.11393199861049652,0.09321853518486023,1154880
1986-01-31,0.0,0.13020800054073334,0.11393199861049652,0.11393199861049652,0.09321853518486023,795456
1986-02-03,0.0,0.13020800054073334,0.0976559966802597,0.0976559966802597,0.07990159839391708,826368
1986-02-04,0.0,0.14648400247097015,0.11393199861049652,0.11393199861049652,0.09321853518486023,632256
1986-02-05,0.0,0.14648400247097015,0.11393199861049652,0.11393199861049652,0.09321853518486023,892416
1986-02-06,0.0,0.13020800054073334,0.11393199861049652,0.11393199861049652,0.09321853518486023,941952
1986-02-07,0.0,0.14648400247097015,0.11393199861049652,0.11393199861049652,0.09321853518486023,1915584
1986-02-10,0.0,0.14648400247097015,0.11393199861049652,0.11393199861049652,0.09321853518486023,753024
1986-02-11,0.0,0.14648400247097015,0.13020800054073334,0.13020800054073334,0.10653547197580338,1779456
1986-02-12,0.0,0.16276000440120697,0.13020800054073334,0.13020800054073334,0.10653547197580338,336384
1986-02-13,0.0,0.16276000440120697,0.13020800054073334,0.13020800054073334,0.10653547197580338,1490112
1986-02-14,0.0,0.16276000440120697,0.13020800054073334,0.13020800054073334,0.10653547197580338,1308864
1986-02-18,0.0,0.16276000440120697,0.13020800054073334,0.13020800054073334,0.10653547197580338,1521984
1986-02-19,0.0,0.16276000440120697,0.13020800054073334,0.13020800054073334,0.10653547197580338,1708032
1986-02-20,0.0,0.16276000440120697,0.13020800054073334,0.13020800054073334,0.10653547197580338,1345728
1986-02-21,0.0,0.16276000440120697,0.13020800054073334,0.13020800054073334,0.10653547197580338,1790592
1986-02-24,0.0,0.16276000440120697,0.13020800054073334,0.13020800054073334,0.10653547197580338,1648128
1986-02-25,0.0,0.16276000440120697,0.13020800054073334,0.13020800054073334,0.10653547197580338,1556736
1986-02-26,0.0,0.16276000440120697,0.13020800054073334,0.13020800054073334,0.10653547197580338,1455744
1986-02-27,0.0,0.16276000440120697,0.13020800054073334,0.13020800054073334,0.10653547197580338,1008000
1986-02-28,0.0,0.16276000440120697,0.13020800054073334,0.13020800054073334,0.10653547197580338,748224
1986-03-03,0.0,0.16276000440120697,0.13020800054073334,0.13020800054073334,0.10653547197580338,619776
1986-03-04,0.0,0.16276000440120697,0.13020800054073334,0.13020800054073334,0.10653547197580338,972288
1986-03-05,0.0,0.16276000440120697,0.13020800054073334,0.13020800054073334,0.10653547197580338,1049664
1986-03-06,0.0,0.16276000440120697,0.11393199861049652,0.11393199861049652,0.09321853518486023,1028352
1986-03-07,0.0,0.16276000440120697,0.13020800054073334,0.13020800054073334,0.10653547197580338,726528
1986-03-10,0.0,0.16276000440120697,0.13020800054073334,0.13020800054073334,0.10653547197580338,286272
1986-03-11,0.0,0.1790360063314438,0.14648400247097015,0.14648400247097015,0.11985240876674652,3558336
1986-03-12,0.0,0.1790360063314438,0.14648400247097015,0.14648400247097015,0.11985240876674652,2096064
1986-03-13,0.0,0.1790360063314438,0.14648400247097015,0.14648400247097015,0.11985240876674652,1322112
1986-03-14,0.0,0.1790360063314438,0.14648400247097015,0.14648400247097015,0.11985240876674652,1479744
1986-03-17,0.0,0.1953130066394806,0.16276000440120697,0.16276000440120697,0.13316933810710907,2570688
1986-03-18,0.0,0.1953130066394806,0.1790360063314438,0.1790360063314438,0.1464862823486328,1608960
1986-03-19,0.0,0.1953130066394806,0.16276000440120697,0.16276000440120697,0.13316933810710907,1327488
1986-03-20,0.0,0.1953130066394806,0.16276000440120697,0.16276000440120697,0.13316933810710907,906816
1986-03-21,0.0,0.1953130066394806,0.16276000440120697,0.16276000440120697,0.13316933810710907,901440
1986-03-24,0.0,0.1953130066394806,0.16276000440120697,0.16276000440120697,0.13316933810710907,842688
1986-03-25,0.0,0.1953130066394806,0.16276000440120697,0.16276000440120697,0.13316933810710907,856320
1986-03-26,0.0,0.1953130066394806,0.16276000440120697,0.16276000440120697,0.13316933810710907,960192
1986-03-27,0.0,0.1953130066394806,0.16276000440120697,0.16276000440120697,0.13316933810710907,859200
1986-03-31,0.0,0.1953130066394806,0.16276000440120697,0.16276000440120697,0.13316933810710907,646848
1986-04-01,0.0,0.1953130066394806,0.16276000440120697,0.16276000440120697,0.13316933810710907,821952
1986-04-02,0.0,0.1953130066394806,0.16276000440120697,0.16276000440120697,0.13316933810710907,656064
1986-04-03,0.0,0.1953130066394806,0.16276000440120697,0.16276000440120697,0.13316933810710907,127680
1986-04-04,0.0,0.1953130066394806,0.16276000440120697,0.16276000440120697,0.13316933810710907,951744
1986-04-07,0.0,0.1953130066394806,0.16276000440120697,0.16276000440120697,0.13316933810710907,566976
1986-04-08,0.0,0.1953130066394806,0.16276000440120697,0.16276000440120697,0.13316933810710907,1210176
1986-04-09,0.0,0.1953130066394806,0.16276000440120697,0.16276000440120697,0.13316933810710907,1868544
1986-04-10,0.0,0.1953130066394806,0.16276000440120697,0.16276000440120697,0.13316933810710907,1437696
1986-04-11,0.0,0.1953130066394806,0.16276000440120697,0.16276000440120697,0.13316933810710907,1778880
1986-04-14,0.0,0.1953130066394806,0.16276000440120697,0.16276000440120697,0.13316933810710907,977856
1986-04-15,0.0,0.1953130066394806,0.16276000440120697,0.16276000440120697,0.13316933810710907,870912
1986-04-16,0.0,0.1953130066394806,0.16276000440120697,0.16276000440120697,0.13316933810710907,1259520
1986-04-17,0.0,0.1953130066394806,0.16276000440120697,0.16276000440120697,0.13316933810710907,803520
1986-04-18,0.0,0.1953130066394806,0.16276000440120697,0.16276000440120697,0.13316933810710907,977664
1986-04-21,0.0,0.1953130066394806,0.16276000440120697,0.16276000440120697,0.13316933810710907,711168
1986-04-22,0.0,0.1953130066394806,0.16276000440120697,0.16276000440120697,0.13316933810710907,704448
1986-04-23,0.0,0.1953130066394806,0.16276000440120697,0.16276000440120697,0.13316933810710907,1401024
1986-04-24,0.0,0.1953130066394806,0.16276000440120697,0.16276000440120697,0.13316933810710907,1106496
1986-04-25,0.0,0.1953130066394806,0.16276000440120697,0.16276000440120697,0.13316933810710907,1301760
1986-04-28,0.0,0.1953130066394806,0.16276000440120697,0.16276000440120697,0.13316933810710907,1150464
1986-04-29,0.0,0.1953130066394806,0.16276000440120697,0.16276000440120697,0.13316933810710907,950400
1986-04-30,0.0,0.1953130066394806,0.16276000440120697,0.16276000440120697,0.13316933810710907,543168
1986-05-01,0.0,0.1953130066394806,0.16276000440120697,0.16276000440120697,0.13316933810710907,760320
1986-05-02,0.0,0.1953130066394806,0.16276000440120697,0.16276000440120697,0.13316933810710907,531648
1986-05-05,0.0,0.1953130066394806,0.16276000440120697,0.16276000440120697,0.13316933810710907,616512
1986-05-06,0.0,0.1953130066394806,0.16276000440120697,0.16276000440120697,0.13316933810710907,580032
1986-05-07,0.0,0.1953130066394806,0.16276000440120697,0.16276000440120697,0.13316933810710907,869184
1986-05-08,0.0,0.1953130066394806,0.16276000440120697,0.16276000440120697,0.13316933810710907,570432
1986-05-09,0.0,0.1953130066394806,0.16276000440120697,0.16276000440120697,0.13316933810710907,696000
1986-05-12,0.0,0.1953130066394806,0.16276000440120697,0.16276000440120697,0.13316933810710907,755520
1986-05-13,0.0,0.1953130066394806,0.16276000440120697,0.16276000440120697,0.13316933810710907,517632
1986-05-14,0.0,0.1953130066394806,0.16276000440120697,0.16276000440120697,0.13316933810710907,474048
1986-05-15,0.0,0.1953130066394806,0.16276000440120697,0.16276000440120697,0.13316933810710907,463872
1986-05-16,0.0,0.1953130066394806,0.16276000440120697,0.16276000440120697,0.13316933810710907,297024
1986-05-19,0.0,0.1953130066394806,0.16276000440120697,0.16276000440120697,0.13316933810710907,293760
1986-05-20,0.0,0.1953130066394806,0.16276000440120697,0.16276000440120697,0.13316933810710907,479424
1986-05-21,0.0,0.1953130066394806,0.16276000440120697,0.16276000440120697,0.13316933810710907,969792
1986-05-22,0.0,0.1953130066394806,0.16276000440120697,0.16276000440120697,0.13316933810710907,1105536
1986-05-23,0.0,0.1953130066394806,0.16276000440120697,0.16276000440120697,0.13316933810710907,346752
1986-05-27,0.0,0.1953130066394806,0.16276000440120697,0.16276000440120697,0.13316933810710907,424896
1986-05-28,0.0,0.1953130066394806,0.16276000440120697,0.16276000440120697,0.13316933810710907,546048
1986-05-29,0.0,0.1953130066394806,0.16276000440120697,0.16276000440120697,0.13316933810710907,614976
1986-05-30,0.0,0.1953130066394806,0.16276000440120697,0.16276000440120697,0.13316933810710907,574848
1986-06-02,0.0,0.1953130066394806,0.16276000440120697,0.16276000440120697,0.13316933810710907,301248
1986-06-03,0.0,0.1953130066394806,0.16276000440120697,0.16276000440120697,0.13316933810710907,584832
1986-06-04,0.0,0.1953130066394806,0.16276000440120697,0.16276000440120697,0.13316933810710907,427200
1986-06-05,0.0,0.1953130066394806,0.16276000440120697,0.16276000440120697,0.13316933810710907,637248
1986-06-06,0.0,0.1953130066394806,0.16276000440120697,0.16276000440120697,0.13316933810710907,459456
1986-06-09,0.0,0.1953130066394806,0.16276000440120697,0.16276000440120697,0.13316933810710907,424320
1986-06-10,0.0,0.1953130066394806,0.16276000440120697,0.16276000440120697,0.13316933810710907,470400
1986-06-11,0.0,0.1953130066394806,0.16276000440120697,0.16276000440120697,0.13316933810710907,477696
1986-06-12,0.0,0.1953130066394806,0.16276000440120697,0.16276000440120697,0.13316933810710907,590976
1986-06-13,0.0,0.1953130066394806,0.16276000440120697,0.16276000440120697,0.13316933810710907,681984
1986-06-16,0.0,0.1953130066394806,0.16276000440120697,0.16276000440120697,0.13316933810710907,516288
1986-06-17,0.0,0.1953130066394806,0.16276000440120697,0.16276000440120697,0.13316933810710907,480576
1986-06-18,0.0,0.1953130066394806,0.16276000440120697,0.16276000440120697,0.13316933810710907,772992
1986-06-19,0.0,0.1953130066394806,0.16276000440120697,0.16276000440120697,0.13316933810710907,235584
1986-06-20,0.0,0.1953130066394806,0.16276000440120697,0.16276000440120697,0.13316933810710907,770304
1986-06-23,0.0,0.1953130066394806,0.16276000440120697,0.16276000440120697,0.13316933810710907,314688
1986-06-24,0.0,0.1953130066394806,0.16276000440120697,0.16276000440120697,0.13316933810710907,322176
1986-06-25,0.0,0.1953130066394806,0.16276000440120697,0.16276000440120697,0.13316933810710907,508416
1986-06-26,0.0,0.1953130066394806,0.16276000440120697,0.16276000440120697,0.13316933810710907,259776
1986-06-27,0.0,0.1953130066394806,0.16276000440120697,0.16276000440120697,0.13316933810710907,293568
1986-06-30,0.0,0.1953130066394806,0.16276000440120697,0.16276000440120697,0.13316933810710907,388800
1986-07-01,0.0,0.1953130066394806,0.16276000440120697,0.16276000440120697,0.13316933810710907,663744
1986-07-02,0.0,0.1953130066394806,0.16276000440120697,0.16276000440120697,0.13316933810710907,437376
1986-07-03,0.0,0.1953130066394806,0.16276000440120697,0.16276000440120697,0.13316933810710907,429504
1986-07-07,0.0,0.1953130066394806,0.16276000440120697,0.16276000440120697,0.13316933810710907,420864
1986-07-08,0.0,0.1953130066394806,0.16276000440120697,0.16276000440120697,0.13316933810710907,412032
1986-07-09,0.0,0.1953130066394806,0.16276000440120697,0.16276000440120697,0.13316933810710907,694848
1986-07-10,0.0,0.1953130066394806,0.16276000440120697,0.16276000440120697,0.13316933810710907,1065024
1986-07-11,0.0,0.1953130066394806,0.16276000440120697,0.16276000440120697,0.13316933810710907,1150656
1986-07-14,0.0,0.1953130066394806,0.16276000440120697,0.16276000440120697,0.13316933810710907,1188864
1986-07-15,0.0,0.1953130066394806,0.16276000440120697,0.16276000440120697,0.13316933810710907,1142400
1986-07-16,0.0,0.1953130066394806,0.16276000440120697,0.16276000440120697,0.13316933810710907,724608
1986-07-17,0.0,0.1953130066394806,0.16276000440120697,0.16276000440120697,0.13316933810710907,332160
1986-07-18,0.0,0.1953130066394806,0.16276000440120697,0.16276000440120697,0.13316933810710907,369792
1986-07-21,0.0,0.1953130066394806,0.16276000440120697,0.16276000440120697,0.13316933810710907,414912
1986-07-22,0.0,0.1953130066394806,0.16276000440120697,0.16276000440120697,0.13316933810710907,211200
1986-07-23,0.0,0.1953130066394806,0.16276000440120697,0.16276000440120697,0.13316933810710907,424512
1986-07-24,0.0,0.1953130066394806,0.16276000440120697,0.16276000440120697,0.13316933810710907,607488
1986-07-25,0.0,0.1953130066394806,0.16276000440120697,0.16276000440120697,0.13316933810710907,523008
1986-07-28,0.0,0.1953130066394806,0.16276000440120697,0.16276000440120697,0.13316933810710907,504000
1986-07-29,0.0,0.1953130066394806,0.16276000440120697,0.16276000440120697,0.13316933810710907,700992
1986-07-30,0.0,0.1953130066394806,0.16276000440120697,0.16276000440120697,0.13316933810710907,493440
1986-07-31,0.0,0.1953130066394806,0.16276000440120697,0.16276000440120697,0.13316933810710907,436800
1986-08-01,0.0,0.1953130066394806,0.16276000440120697,0.16276000440120697,0.13316933810710907,477504
1986-08-04,0.0,0.1953130066394806,0.16276000440120697,0.16276000440120697,0.13316933810710907,374976
1986-08-05,0.0,0.1953130066394806,0.16276000440120697,0.16276000440120697,0.13316933810710907,414912
1986-08-06,0.0,0.1953130066394806,0.16276000440120697,0.16276000440120697,0.13316933810710907,492480
1986-08-07,0.0,0.1953130066394806,0.16276000440120697,0.16276000440120697,0.13316933810710907,502464
1986-08-08,0.0,0.1953130066394806,0.1790360063314438,0.1790360063314438,0.1464862823486328,902016
1986-08-11,0.0,0.1790360063314438,0.13020800054073334,0.13020800054073334,0.10653547197580338,4525824
1986-08-12,0.0,0.16276000440120697,0.13020800054073334,0.13020800054073334,0.10653547197580338,2274816
1986-08-13,0.0,0.16276000440120697,0.13020800054073334,0.13020800054073334,0.10653547197580338,1460544
1986-08-14,0.0,0.14648400247097015,0.11393199861049652,0.11393199861049652,0.09321853518486023,328896
1986-08-15,0.0,0.14648400247097015,0.11393199861049652,0.11393199861049652,0.09321853518486023,2365056
1986-08-18,0.0,0.16276000440120697,0.13020800054073334,0.13020800054073334,0.10653547197580338,1498944
1986-08-19,0.0,0.1790360063314438,0.13020800054073334,0.13020800054073334,0.10653547197580338,2490240
1986-08-20,0.0,0.1790360063314438,0.13020800054073334,0.13020800054073334,0.10653547197580338,1178304
1986-08-21,0.0,0.16276000440120697,0.13020800054073334,0.13020800054073334,0.10653547197580338,2591424
1986-08-22,0.0,0.16276000440120697,0.13020800054073334,0.13020800054073334,0.10653547197580338,3199488
1986-08-25,0.0,0.16276000440120697,0.13020800054073334,0.13020800054073334,0.10653547197580338,723456
1986-08-26,0.0,0.16276000440120697,0.13020800054073334,0.13020800054073334,0.10653547197580338,695616
1986-08-27,0.0,0.16276000440120697,0.13020800054073334,0.13020800054073334,0.10653547197580338,556800
1986-08-28,0.0,0.16276000440120697,0.11393199861049652,0.11393199861049652,0.09321853518486023,561600
1986-08-29,0.0,0.16276000440120697,0.11393199861049652,0.11393199861049652,0.09321853518486023,415488
1986-09-02,0.0,0.16276000440120697,0.11393199861049652,0.11393199861049652,0.09321853518486023,404736
1986-09-03,0.0,0.16276000440120697,0.11393199861049652,0.11393199861049652,0.09321853518486023,722304
1986-09-04,0.0,0.16276000440120697,0.11393199861049652,0.11393199861049652,0.09321853518486023,606720
1986-09-05,0.0,0.16276000440120697,0.11393199861049652,0.11393199861049652,0.09321853518486023,701952
1986-09-08,0.0,0.16276000440120697,0.11393199861049652,0.11393199861049652,0.09321853518486023,401472
1986-09-09,0.0,0.16276000440120697,0.11393199861049652,0.11393199861049652,0.09321853518486023,662400
1986-09-10,0.0,0.16276000440120697,0.11393199861049652,0.11393199861049652,0.09321853518486023,411264
1986-09-11,0.0,0.16276000440120697,0.11393199861049652,0.11393199861049652,0.09321853518486023,408000
1986-09-12,0.0,0.16276000440120697,0.11393199861049652,0.11393199861049652,0.09321853518486023,957120
1986-09-15,0.0,0.16276000440120697,0.11393199861049652,0.11393199861049652,0.09321853518486023,776448
1986-09-16,0.0,0.16276000440120697,0.11393199861049652,0.11393199861049652,0.09321853518486023,571776
1986-09-17,0.0,0.16276000440120697,0.11393199861049652,0.11393199861049652,0.09321853518486023,891648
1986-09-18,0.0,0.16276000440120697,0.11393199861049652,0.11393199861049652,0.09321853518486023,659712
1986-09-19,0.0,0.16276000440120697,0.11393199861049652,0.11393199861049652,0.09321853518486023,757440
1986-09-22,0.0,0.16276000440120697,0.11393199861049652,0.11393199861049652,0.09321853518486023,300672
1986-09-23,0.0,0.16276000440120697,0.11393199861049652,0.11393199861049652,0.09321853518486023,486720
1986-09-24,0.0,0.16276000440120697,0.11393199861049652,0.11393199861049652,0.09321853518486023,343872
1986-09-25,0.0,0.16276000440120697,0.11393199861049652,0.11393199861049652,0.09321853518486023,602112
1986-09-26,0.0,0.16276000440120697,0.11393199861049652,0.11393199861049652,0.09321853518486023,698496
1986-09-29,0.0,0.16276000440120697,0.11393199861049652,0.11393199861049652,0.09321853518486023,299712
1986-09-30,0.0,0.16276000440120697,0.11393199861049652,0.11393199861049652,0.09321853518486023,606720
1986-10-01,0.0,0.16276000440120697,0.11393199861049652,0.11393199861049652,0.09321853518486023,873216
1986-10-02,0.0,0.16276000440120697,0.11393199861049652,0.11393199861049652,0.09321853518486023,408000
1986-10-03,0.0,0.16276000440120697,0.11393199861049652,0.11393199861049652,0.09321853518486023,491520
1986-10-06,0.0,0.16276000440120697,0.11393199861049652,0.11393199861049652,0.09321853518486023,374976
1986-10-07,0.0,0.16276000440120697,0.11393199861049652,0.11393199861049652,0.09321853518486023,731328
1986-10-08,0.0,0.16276000440120697,0.11393199861049652,0.11393199861049652,0.09321853518486023,453888
1986-10-09,0.0,0.16276000440120697,0.11393199861049652,0.11393199861049652,0.09321853518486023,437568
1986-10-10,0.0,0.16276000440120697,0.11393199861049652,0.11393199861049652,0.09321853518486023,778560
1986-10-13,0.0,0.16276000440120697,0.11393199861049652,0.11393199861049652,0.09321853518486023,383808
1986-10-14,0.0,0.14648400247097015,0.0976559966802597,0.0976559966802597,0.07990159839391708,1113024
1986-10-15,0.0,0.14648400247097015,0.0976559966802597,0.0976559966802597,0.07990159839391708,661824
1986-10-16,0.0,0.14648400247097015,0.0976559966802597,0.0976559966802597,0.07990159839391708,661824
1986-10-17,0.0,0.14648400247097015,0.0976559966802597,0.0976559966802597,0.07990159839391708,503040
1986-10-20,0.0,0.11393199861049652,0.06510400027036667,0.06510400027036667,0.05326773598790169,2210304
1986-10-21,0.0,0.11393199861049652,0.06510400027036667,0.06510400027036667,0.05326773598790169,1715712
1986-10-22,0.0,0.13020800054073334,0.08138000220060349,0.08138000220060349,0.06658466905355453,2397888
1986-10-23,0.0,0.13020800054073334,0.08138000220060349,0.08138000220060349,0.06658466905355453,866304
1986-10-24,0.0,0.13020800054073334,0.08138000220060349,0.08138000220060349,0.06658466905355453,718080
1986-10-27,0.0,0.13020800054073334,0.08138000220060349,0.08138000220060349,0.06658466905355453,296256
1986-10-28,0.0,0.13020800054073334,0.08138000220060349,0.08138000220060349,0.06658466905355453,459648
1986-10-29,0.0,0.13020800054073334,0.08138000220060349,0.08138000220060349,0.06658466905355453,709056
1986-10-30,0.0,0.13020800054073334,0.08138000220060349,0.08138000220060349,0.06658466905355453,599808
1986-10-31,0.0,0.13020800054073334,0.08138000220060349,0.08138000220060349,0.06658466905355453,586560
1986-11-03,0.0,0.13020800054073334,0.08138000220060349,0.08138000220060349,0.06658466905355453,472704
1986-11-04,0.0,0.13020800054073334,0.08138000220060349,0.08138000220060349,0.06658466905355453,917760
1986-11-05,0.0,0.13020800054073334,0.08138000220060349,0.08138000220060349,0.06658466905355453,623232
1986-11-06,0.0,0.13020800054073334,0.08138000220060349,0.08138000220060349,0.06658466905355453,684096
1986-11-07,0.0,0.13020800054073334,0.08138000220060349,0.08138000220060349,0.06658466905355453,977664
1986-11-10,0.0,0.13020800054073334,0.08138000220060349,0.08138000220060349,0.06658466905355453,552768
1986-11-11,0.0,0.13020800054073334,0.08138000220060349,0.08138000220060349,0.06658466905355453,520704
1986-11-12,0.0,0.13020800054073334,0.08138000220060349,0.08138000220060349,0.06658466905355453,584256
1986-11-13,0.0,0.13020800054073334,0.08138000220060349,0.08138000220060349,0.06658466905355453,640320
1986-11-14,0.0,0.13020800054073334,0.08138000220060349,0.08138000220060349,0.06658466905355453,470208
1986-11-17,0.0,0.13020800054073334,0.08138000220060349,0.08138000220060349,0.06658466905355453,417408
1986-11-18,0.0,0.13020800054073334,0.08138000220060349,0.08138000220060349,0.06658466905355453,537024
1986-11-19,0.0,0.13020800054073334,0.08138000220060349,0.08138000220060349,0.06658466905355453,1363968
1986-11-20,0.0,0.13020800054073334,0.08138000220060349,0.08138000220060349,0.06658466905355453,1002816
1986-11-21,0.0,0.13020800054073334,0.08138000220060349,0.08138000220060349,0.06658466905355453,826176
1986-11-24,0.0,0.13020800054073334,0.08138000220060349,0.08138000220060349,0.06658466905355453,369216
1986-11-25,0.0,0.13020800054073334,0.08138000220060349,0.08138000220060349,0.06658466905355453,475008
1986-11-26,0.0,0.13020800054073334,0.08138000220060349,0.08138000220060349,0.06658466905355453,458688
1986-11-28,0.0,0.13020800054073334,0.08138000220060349,0.08138000220060349,0.06658466905355453,156096
1986-12-01,0.0,0.11393199861049652,0.06510400027036667,0.06510400027036667,0.05326773598790169,824640
1986-12-02,0.0,0.0976559966802597,0.06510400027036667,0.06510400027036667,0.05326773598790169,732672
1986-12-03,0.0,0.0976559966802597,0.06510400027036667,0.06510400027036667,0.05326773598790169,1055616
1986-12-04,0.0,0.11393199861049652,0.06510400027036667,0.06510400027036667,0.05326773598790169,701568
1986-12-05,0.0,0.11393199861049652,0.06510400027036667,0.06510400027036667,0.05326773598790169,445824
1986-12-08,0.0,0.11393199861049652,0.06510400027036667,0.06510400027036667,0.05326773598790169,427584
1986-12-09,0.0,0.0976559966802597,0.06510400027036667,0.06510400027036667,0.05326773598790169,467904
1986-12-10,0.0,0.0976559966802597,0.06510400027036667,0.06510400027036667,0.05326773598790169,432000
1986-12-11,0.0,0.0976559966802597,0.06510400027036667,0.06510400027036667,0.05326773598790169,591168
1986-12-12,0.0,0.0976559966802597,0.06510400027036667,0.06510400027036667,0.05326773598790169,307200
1986-12-15,0.0,0.0976559966802597,0.06510400027036667,0.06510400027036667,0.05326773598790169,664704
1986-12-16,0.0,0.0976559966802597,0.06510400027036667,0.06510400027036667,0.05326773598790169,537984
1986-12-17,0.0,0.08138000220060349,0.04882799834012985,0.04882799834012985,0.03995079919695854,975936
1986-12-18,0.0,0.08138000220060349,0.04882799834012985,0.04882799834012985,0.03995079919695854,1890048
1986-12-19,0.0,0.0976559966802597,0.06510400027036667,0.06510400027036667,0.05326773598790169,423360
1986-12-22,0.0,0.0976559966802597,0.04882799834012985,0.04882799834012985,0.03995079919695854,589824
1986-12-23,0.0,0.0976559966802597,0.04882799834012985,0.04882799834012985,0.03995079919695854,310080
1986-12-24,0.0,0.0976559966802597,0.04882799834012985,0.04882799834012985,0.03995079919695854,116544
1986-12-26,0.0,0.0976559966802597,0.04882799834012985,0.04882799834012985,0.03995079919695854,81600
1986-12-29,0.0,0.0976559966802597,0.04882799834012985,0.04882799834012985,0.03995079919695854,672000
1986-12-30,0.0,0.0976559966802597,0.04882799834012985,0.04882799834012985,0.03995079919695854,304320
1986-12-31,0.0,0.08138000220060349,0.04882799834012985,0.04882799834012985,0.03995079919695854,827520
1987-01-02,0.0,0.08138000220060349,0.04882799834012985,0.04882799834012985,0.03995079919695854,214080
1987-01-05,0.0,0.08138000220060349,0.04882799834012985,0.04882799834012985,0.03995079919695854,230016
1987-01-06,0.0,0.08138000220060349,0.04882799834012985,0.04882799834012985,0.03995079919695854,414528
1987-01-07,0.0,0.08138000220060349,0.04882799834012985,0.04882799834012985,0.03995079919695854,609792
1987-01-08,0.0,0.0976559966802597,0.06510400027036667,0.06510400027036667,0.05326773598790169,1086144
1987-01-09,0.0,0.08138000220060349,0.06510400027036667,0.06510400027036667,0.05326773598790169,593664
1987-01-12,0.0,0.0976559966802597,0.06510400027036667,0.06510400027036667,0.05326773598790169,417792
1987-01-13,0.0,0.0976559966802597,0.06510400027036667,0.06510400027036667,0.05326773598790169,134400
1987-01-14,0.0,0.0976559966802597,0.06510400027036667,0.06510400027036667,0.05326773598790169,748416
1987-01-15,0.0,0.0976559966802597,0.06510400027036667,0.06510400027036667,0.05326773598790169,336960
1987-01-16,0.0,0.0976559966802597,0.06510400027036667,0.06510400027036667,0.05326773598790169,348480
1987-01-19,0.0,0.0976559966802597,0.06510400027036667,0.06510400027036667,0.05326773598790169,240384
1987-01-20,0.0,0.0976559966802597,0.06510400027036667,0.06510400027036667,0.05326773598790169,324672
1987-01-21,0.0,0.0976559966802597,0.06510400027036667,0.06510400027036667,0.05326773598790169,282816
1987-01-22,0.0,0.0976559966802597,0.06510400027036667,0.06510400027036667,0.05326773598790169,339072
1987-01-23,0.0,0.0976559966802597,0.06510400027036667,0.06510400027036667,0.05326773598790169,381504
1987-01-26,0.0,0.0976559966802597,0.06510400027036667,0.06510400027036667,0.05326773598790169,172800
1987-01-27,0.0,0.0976559966802597,0.06510400027036667,0.06510400027036667,0.05326773598790169,276480
1987-01-28,0.0,0.0976559966802597,0.06510400027036667,0.06510400027036667,0.05326773598790169,149184
1987-01-29,0.0,0.0976559966802597,0.06510400027036667,0.06510400027036667,0.05326773598790169,178944
1987-01-30,0.0,0.0976559966802597,0.06510400027036667,0.06510400027036667,0.05326773598790169,560640
1987-02-02,0.0,0.0976559966802597,0.06510400027036667,0.06510400027036667,0.05326773598790169,347520
1987-02-03,0.0,0.0976559966802597,0.06510400027036667,0.06510400027036667,0.05326773598790169,339840
1987-02-04,0.0,0.0976559966802597,0.06510400027036667,0.06510400027036667,0.05326773598790169,356352
1987-02-05,0.0,0.0976559966802597,0.06510400027036667,0.06510400027036667,0.05326773598790169,328704
1987-02-06,0.0,0.0976559966802597,0.06510400027036667,0.06510400027036667,0.05326773598790169,282240
1987-02-09,0.0,0.0976559966802597,0.06510400027036667,0.06510400027036667,0.05326773598790169,297984
1987-02-10,0.0,0.0976559966802597,0.06510400027036667,0.06510400027036667,0.05326773598790169,370368
1987-02-11,0.0,0.11393199861049652,0.06510400027036667,0.06510400027036667,0.05326773598790169,403584
1987-02-12,0.0,0.11393199861049652,0.06510400027036667,0.06510400027036667,0.05326773598790169,638208
1987-02-13,0.0,0.11393199861049652,0.08138000220060349,0.08138000220060349,0.06658466905355453,918720
1987-02-17,0.0,0.11393199861049652,0.08138000220060349,0.08138000220060349,0.06658466905355453,387456
1987-02-18,0.0,0.13020800054073334,0.08138000220060349,0.08138000220060349,0.06658466905355453,487104
1987-02-19,0.0,0.13020800054073334,0.08138000220060349,0.08138000220060349,0.06658466905355453,748992
1987-02-20,0.0,0.13020800054073334,0.08138000220060349,0.08138000220060349,0.06658466905355453,900096
1987-02-23,0.0,0.13020800054073334,0.08138000220060349,0.08138000220060349,0.06658466905355453,800064
1987-02-24,0.0,0.13020800054073334,0.08138000220060349,0.08138000220060349,0.06658466905355453,44928
1987-02-25,0.0,0.11393199861049652,0.08138000220060349,0.08138000220060349,0.06658466905355453,1441728
1987-02-26,0.0,0.13020800054073334,0.08138000220060349,0.08138000220060349,0.06658466905355453,397440
1987-02-27,0.0,0.13020800054073334,0.08138000220060349,0.08138000220060349,0.06658466905355453,460800
1987-03-02,0.0,0.13020800054073334,0.08138000220060349,0.08138000220060349,0.06658466905355453,394176
1987-03-03,0.0,0.13020800054073334,0.08138000220060349,0.08138000220060349,0.06658466905355453,422784
1987-03-04,0.0,0.13020800054073334,0.08138000220060349,0.08138000220060349,0.06658466905355453,755904
1987-03-05,0.0,0.13020800054073334,0.08138000220060349,0.08138000220060349,0.06658466905355453,537600
1987-03-06,0.0,0.13020800054073334,0.08138000220060349,0.08138000220060349,0.06658466905355453,346560
1987-03-09,0.0,0.13020800054073334,0.08138000220060349,0.08138000220060349,0.06658466905355453,121728
1987-03-10,0.0,0.13020800054073334,0.08138000220060349,0.08138000220060349,0.06658466905355453,170880
1987-03-11,0.0,0.13020800054073334,0.08138000220060349,0.08138000220060349,0.06658466905355453,476160
1987-03-12,0.0,0.13020800054073334,0.08138000220060349,0.08138000220060349,0.06658466905355453,636480
1987-03-13,0.0,0.13020800054073334,0.08138000220060349,0.08138000220060349,0.06658466905355453,738240
1987-03-16,0.0,0.13020800054073334,0.08138000220060349,0.08138000220060349,0.06658466905355453,368640
1987-03-17,0.0,0.13020800054073334,0.08138000220060349,0.08138000220060349,0.06658466905355453,675072
1987-03-18,0.0,0.13020800054073334,0.08138000220060349,0.08138000220060349,0.06658466905355453,699072
1987-03-19,0.0,0.13020800054073334,0.08138000220060349,0.08138000220060349,0.06658466905355453,421440
1987-03-20,0.0,0.13020800054073334,0.08138000220060349,0.08138000220060349,0.06658466905355453,727488
1987-03-23,0.0,0.13020800054073334,0.08138000220060349,0.08138000220060349,0.06658466905355453,332352
1987-03-24,0.0,0.13020800054073334,0.08138000220060349,0.08138000220060349,0.06658466905355453,406272
1987-03-25,0.0,0.13020800054073334,0.08138000220060349,0.08138000220060349,0.06658466905355453,423744
1987-03-26,0.0,0.13020800054073334,0.08138000220060349,0.08138000220060349,0.06658466905355453,488256
1987-03-27,0.0,0.13020800054073334,0.08138000220060349,0.08138000220060349,0.06658466905355453,433344
1987-03-30,0.0,0.13020800054073334,0.08138000220060349,0.08138000220060349,0.06658466905355453,360960
1987-03-31,0.0,0.13020800054073334,0.08138000220060349,0.08138000220060349,0.06658466905355453,562944
1987-04-01,0.0,0.13020800054073334,0.08138000220060349,0.08138000220060349,0.06658466905355453,715584
1987-04-02,0.0,0.13020800054073334,0.08138000220060349,0.08138000220060349,0.06658466905355453,496704
1987-04-03,0.0,0.13020800054073334,0.08138000220060349,0.08138000220060349,0.06658466905355453,581952
1987-04-06,0.0,0.13020800054073334,0.08138000220060349,0.08138000220060349,0.06658466905355453,528768
1987-04-07,0.0,0.13020800054073334,0.08138000220060349,0.08138000220060349,0.06658466905355453,676416
1987-04-08,0.0,0.13020800054073334,0.08138000220060349,0.08138000220060349,0.06658466905355453,560064
1987-04-09,0.0,0.13020800054073334,0.08138000220060349,0.08138000220060349,0.06658466905355453,599424
1987-04-10,0.0,0.13020800054073334,0.08138000220060349,0.08138000220060349,0.06658466905355453,389376
1987-04-13,0.0,0.13020800054073334,0.08138000220060349,0.08138000220060349,0.06658466905355453,495360
1987-04-14,0.0,0.13020800054073334,0.08138000220060349,0.08138000220060349,0.06658466905355453,441600
1987-04-15,0.0,0.13020800054073334,0.08138000220060349,0.08138000220060349,0.06658466905355453,419328
1987-04-16,0.0,0.13020800054073334,0.08138000220060349,0.08138000220060349,0.06658466905355453,883584
1987-04-20,0.0,0.13020800054073334,0.08138000220060349,0.08138000220060349,0.06658466905355453,350976
1987-04-21,0.0,0.13020800054073334,0.08138000220060349,0.08138000220060349,0.06658466905355453,675264
1987-04-22,0.0,0.11393199861049652,0.08138000220060349,0.08138000220060349,0.06658466905355453,305280
1987-04-23,0.0,0.11393199861049652,0.08138000220060349,0.08138000220060349,0.06658466905355453,567744
1987-04-24,0.0,0.11393199861049652,0.08138000220060349,0.08138000220060349,0.06658466905355453,253440
1987-04-27,0.0,0.11393199861049652,0.08138000220060349,0.08138000220060349,0.06658466905355453,243648
1987-04-28,0.0,0.11393199861049652,0.08138000220060349,0.08138000220060349,0.06658466905355453,188160
1987-04-29,0.0,0.11393199861049652,0.08138000220060349,0.08138000220060349,0.06658466905355453,284160
1987-04-30,0.0,0.11393199861049652,0.08138000220060349,0.08138000220060349,0.06658466905355453,272640
1987-05-01,0.0,0.11393199861049652,0.08138000220060349,0.08138000220060349,0.06658466905355453,554688
1987-05-04,0.0,0.11393199861049652,0.08138000220060349,0.08138000220060349,0.06658466905355453,166080
1987-05-05,0.0,0.11393199861049652,0.08138000220060349,0.08138000220060349,0.06658466905355453,449856
1987-05-06,0.0,0.11393199861049652,0.08138000220060349,0.08138000220060349,0.06658466905355453,1131264
1987-05-07,0.0,0.11393199861049652,0.08138000220060349,0.08138000220060349,0.06658466905355453,391680
1987-05-08,0.0,0.11393199861049652,0.08138000220060349,0.08138000220060349,0.06658466905355453,486720
1987-05-11,0.0,0.11393199861049652,0.08138000220060349,0.08138000220060349,0.06658466905355453,493440
1987-05-12,0.0,0.11393199861049652,0.08138000220060349,0.08138000220060349,0.06658466905355453,526848
1987-05-13,0.0,0.11393199861049652,0.08138000220060349,0.08138000220060349,0.06658466905355453,569664
1987-05-14,0.0,0.11393199861049652,0.08138000220060349,0.08138000220060349,0.06658466905355453,511296
1987-05-15,0.0,0.11393199861049652,0.08138000220060349,0.08138000220060349,0.06658466905355453,331584
1987-05-18,0.0,0.11393199861049652,0.08138000220060349,0.08138000220060349,0.06658466905355453,402048
1987-05-19,0.0,0.11393199861049652,0.08138000220060349,0.08138000220060349,0.06658466905355453,475584
1987-05-20,0.0,0.0976559966802597,0.08138000220060349,0.08138000220060349,0.06658466905355453,1049856
1987-05-21,0.0,0.11393199861049652,0.08138000220060349,0.08138000220060349,0.06658466905355453,592320
1987-05-22,0.0,0.11393199861049652,0.08138000220060349,0.08138000220060349,0.06658466905355453,175872
1987-05-26,0.0,0.11393199861049652,0.08138000220060349,0.08138000220060349,0.06658466905355453,316032
1987-05-27,0.0,0.11393199861049652,0.08138000220060349,0.08138000220060349,0.06658466905355453,235200
1987-05-28,0.0,0.11393199861049652,0.08138000220060349,0.08138000220060349,0.06658466905355453,185280
1987-05-29,0.0,0.11393199861049652,0.08138000220060349,0.08138000220060349,0.06658466905355453,228096
1987-06-01,0.0,0.11393199861049652,0.08138000220060349,0.08138000220060349,0.06658466905355453,314304
1987-06-02,0.0,0.11393199861049652,0.08138000220060349,0.08138000220060349,0.06658466905355453,218688
1987-06-03,0.0,0.0976559966802597,0.08138000220060349,0.08138000220060349,0.06658466905355453,202752
1987-06-04,0.0,0.0976559966802597,0.06510400027036667,0.06510400027036667,0.05326773598790169,293568
1987-06-05,0.0,0.0976559966802597,0.06510400027036667,0.06510400027036667,0.05326773598790169,425280
1987-06-08,0.0,0.0976559966802597,0.06510400027036667,0.06510400027036667,0.05326773598790169,212736
1987-06-09,0.0,0.0976559966802597,0.06510400027036667,0.06510400027036667,0.05326773598790169,318528
1987-06-10,0.0,0.0976559966802597,0.06510400027036667,0.06510400027036667,0.05326773598790169,239040
1987-06-11,0.0,0.0976559966802597,0.06510400027036667,0.06510400027036667,0.05326773598790169,241728
1987-06-12,0.0,0.0976559966802597,0.06510400027036667,0.06510400027036667,0.05326773598790169,267264
1987-06-15,0.0,0.0976559966802597,0.06510400027036667,0.06510400027036667,0.05326773598790169,164160
1987-06-16,0.0,0.0976559966802597,0.06510400027036667,0.06510400027036667,0.05326773598790169,389568
1987-06-17,0.0,0.0976559966802597,0.06510400027036667,0.06510400027036667,0.05326773598790169,312384
1987-06-18,0.0,0.08138000220060349,0.06510400027036667,0.06510400027036667,0.05326773598790169,532992
1987-06-19,0.0,0.0976559966802597,0.06510400027036667,0.06510400027036667,0.05326773598790169,715968
1987-06-22,0.0,0.0976559966802597,0.06510400027036667,0.06510400027036667,0.05326773598790169,197760
1987-06-23,0.0,0.0976559966802597,0.06510400027036667,0.06510400027036667,0.05326773598790169,141504
1987-06-24,0.0,0.0976559966802597,0.06510400027036667,0.06510400027036667,0.05326773598790169,488256
1987-06-25,0.0,0.0976559966802597,0.06510400027036667,0.06510400027036667,0.05326773598790169,79872
1987-06-26,0.0,0.0976559966802597,0.06510400027036667,0.06510400027036667,0.05326773598790169,567360
1987-06-29,0.0,0.0976559966802597,0.06510400027036667,0.06510400027036667,0.05326773598790169,818880
1987-06-30,0.0,0.0976559966802597,0.06510400027036667,0.06510400027036667,0.05326773598790169,456768
1987-07-01,0.0,0.0976559966802597,0.06510400027036667,0.06510400027036667,0.05326773598790169,445056
1987-07-02,0.0,0.0976559966802597,0.06510400027036667,0.06510400027036667,0.05326773598790169,272832
1987-07-06,0.0,0.0976559966802597,0.06510400027036667,0.06510400027036667,0.05326773598790169,297792
1987-07-07,0.0,0.0976559966802597,0.06510400027036667,0.06510400027036667,0.05326773598790169,559296
1987-07-08,0.0,0.0976559966802597,0.06510400027036667,0.06510400027036667,0.05326773598790169,807936
1987-07-09,0.0,0.0976559966802597,0.06510400027036667,0.06510400027036667,0.05326773598790169,357504
1987-07-10,0.0,0.0976559966802597,0.06510400027036667,0.06510400027036667,0.05326773598790169,1233024
1987-07-13,0.0,0.0976559966802597,0.06510400027036667,0.06510400027036667,0.05326773598790169,246336
1987-07-14,0.0,0.0976559966802597,0.06510400027036667,0.06510400027036667,0.05326773598790169,293184
1987-07-15,0.0,0.0976559966802597,0.06510400027036667,0.06510400027036667,0.05326773598790169,325632
1987-07-16,0.0,0.08138000220060349,0.06510400027036667,0.06510400027036667,0.05326773598790169,363840
1987-07-17,0.0,0.08138000220060349,0.06510400027036667,0.06510400027036667,0.05326773598790169,368256
1987-07-20,0.0,0.08138000220060349,0.06510400027036667,0.06510400027036667,0.05326773598790169,121344
1987-07-21,0.0,0.08138000220060349,0.06510400027036667,0.06510400027036667,0.05326773598790169,412992
1987-07-22,0.0,0.08138000220060349,0.06510400027036667,0.06510400027036667,0.05326773598790169,153024
1987-07-23,0.0,0.0976559966802597,0.06510400027036667,0.06510400027036667,0.05326773598790169,322560
1987-07-24,0.0,0.0976559966802597,0.06510400027036667,0.06510400027036667,0.05326773598790169,677952
1987-07-27,0.0,0.0976559966802597,0.06510400027036667,0.06510400027036667,0.05326773598790169,183744
1987-07-28,0.0,0.0976559966802597,0.06510400027036667,0.06510400027036667,0.05326773598790169,184128
1987-07-29,0.0,0.0976559966802597,0.06510400027036667,0.06510400027036667,0.05326773598790169,340800
1987-07-30,0.0,0.0976559966802597,0.06510400027036667,0.06510400027036667,0.05326773598790169,253632
1987-07-31,0.0,0.0976559966802597,0.06510400027036667,0.06510400027036667,0.05326773598790169,312384
1987-08-03,0.0,0.0976559966802597,0.06510400027036667,0.06510400027036667,0.05326773598790169,132672
1987-08-04,0.0,0.0976559966802597,0.06510400027036667,0.06510400027036667,0.05326773598790169,237504
1987-08-05,0.0,0.0976559966802597,0.06510400027036667,0.06510400027036667,0.05326773598790169,389952
1987-08-06,0.0,0.0976559966802597,0.06510400027036667,0.06510400027036667,0.05326773598790169,160320
1987-08-07,0.0,0.0976559966802597,0.06510400027036667,0.06510400027036667,0.05326773598790169,214656
1987-08-10,0.0,0.0976559966802597,0.06510400027036667,0.06510400027036667,0.05326773598790169,350016
1987-08-11,0.0,0.0976559966802597,0.06510400027036667,0.06510400027036667,0.05326773598790169,484224
1987-08-12,0.0,0.0976559966802597,0.06510400027036667,0.06510400027036667,0.05326773598790169,518976
1987-08-13,0.0,0.0976559966802597,0.06510400027036667,0.06510400027036667,0.05326773598790169,330048
1987-08-14,0.0,0.11393199861049652,0.08138000220060349,0.08138000220060349,0.06658466905355453,1100736
1987-08-17,0.0,0.11393199861049652,0.08138000220060349,0.08138000220060349,0.06658466905355453,360768
1987-08-18,0.0,0.11393199861049652,0.08138000220060349,0.08138000220060349,0.06658466905355453,530304
1987-08-19,0.0,0.11393199861049652,0.08138000220060349,0.08138000220060349,0.06658466905355453,374784
1987-08-20,0.0,0.11393199861049652,0.08138000220060349,0.08138000220060349,0.06658466905355453,482496
1987-08-21,0.0,0.11393199861049652,0.08138000220060349,0.08138000220060349,0.06658466905355453,400128
1987-08-24,0.0,0.11393199861049652,0.08138000220060349,0.08138000220060349,0.06658466905355453,121152
1987-08-25,0.0,0.0976559966802597,0.08138000220060349,0.08138000220060349,0.06658466905355453,418560
1987-08-26,0.0,0.0976559966802597,0.08138000220060349,0.08138000220060349,0.06658466905355453,306432
1987-08-27,0.0,0.0976559966802597,0.08138000220060349,0.08138000220060349,0.06658466905355453,146112
1987-08-28,0.0,0.0976559966802597,0.08138000220060349,0.08138000220060349,0.06658466905355453,540480
1987-08-31,0.0,0.0976559966802597,0.06510400027036667,0.06510400027036667,0.05326773598790169,246912
1987-09-01,0.0,0.0976559966802597,0.06510400027036667,0.06510400027036667,0.05326773598790169,297792
1987-09-02,0.0,0.0976559966802597,0.06510400027036667,0.06510400027036667,0.05326773598790169,101568
1987-09-03,0.0,0.0976559966802597,0.06510400027036667,0.06510400027036667,0.05326773598790169,207360
1987-09-04,0.0,0.0976559966802597,0.06510400027036667,0.06510400027036667,0.05326773598790169,73344
1987-09-08,0.0,0.08138000220060349,0.06510400027036667,0.06510400027036667,0.05326773598790169,217728
1987-09-09,0.0,0.08138000220060349,0.06510400027036667,0.06510400027036667,0.05326773598790169,36672
1987-09-10,0.0,0.08138000220060349,0.06510400027036667,0.06510400027036667,0.05326773598790169,256320
1987-09-11,0.0,0.08138000220060349,0.06510400027036667,0.06510400027036667,0.05326773598790169,64512
1987-09-14,0.0,0.08138000220060349,0.06510400027036667,0.06510400027036667,0.05326773598790169,232128
1987-09-15,0.0,0.08138000220060349,0.06510400027036667,0.06510400027036667,0.05326773598790169,265344
1987-09-16,0.0,0.08138000220060349,0.06510400027036667,0.06510400027036667,0.05326773598790169,349632
1987-09-17,0.0,0.06510400027036667,0.04882799834012985,0.04882799834012985,0.03995079919695854,661440
1987-09-18,0.0,0.06510400027036667,0.04882799834012985,0.04882799834012985,0.03995079919695854,270720
1987-09-21,0.0,0.06510400027036667,0.04882799834012985,0.04882799834012985,0.03995079919695854,80640
1987-09-22,0.0,0.06510400027036667,0.04882799834012985,0.04882799834012985,0.03995079919695854,364032
1987-09-23,0.0,0.06510400027036667,0.032552000135183334,0.032552000135183334,0.026633867993950844,298560
1987-09-24,0.0,0.06510400027036667,0.032552000135183334,0.032552000135183334,0.026633867993950844,414144
1987-09-25,0.0,0.06510400027036667,0.032552000135183334,0.032552000135183334,0.026633867993950844,128640
1987-09-28,0.0,0.06510400027036667,0.04882799834012985,0.04882799834012985,0.03995079919695854,157440
1987-09-29,0.0,0.06510400027036667,0.04882799834012985,0.04882799834012985,0.03995079919695854,327360
1987-09-30,0.0,0.06510400027036667,0.04882799834012985,0.04882799834012985,0.03995079919695854,333120
1987-10-01,0.0,0.06510400027036667,0.04882799834012985,0.04882799834012985,0.03995079919695854,339840
1987-10-02,0.0,0.06510400027036667,0.04882799834012985,0.04882799834012985,0.03995079919695854,192000
1987-10-05,0.0,0.06510400027036667,0.04882799834012985,0.04882799834012985,0.03995079919695854,103680
1987-10-06,0.0,0.06510400027036667,0.04882799834012985,0.04882799834012985,0.03995079919695854,144000
1987-10-07,0.0,0.06510400027036667,0.04882799834012985,0.04882799834012985,0.03995079919695854,161856
1987-10-08,0.0,0.06510400027036667,0.04882799834012985,0.04882799834012985,0.03995079919695854,151680
1987-10-09,0.0,0.06510400027036667,0.032552000135183334,0.032552000135183334,0.026633867993950844,646464
1987-10-12,0.0,0.06510400027036667,0.032552000135183334,0.032552000135183334,0.026633867993950844,191616
1987-10-13,0.0,0.06510400027036667,0.032552000135183334,0.032552000135183334,0.026633867993950844,263232
1987-10-14,0.0,0.06510400027036667,0.032552000135183334,0.032552000135183334,0.026633867993950844,247488
1987-10-15,0.0,0.06510400027036667,0.032552000135183334,0.032552000135183334,0.026633867993950844,122496
1987-10-16,0.0,0.06510400027036667,0.032552000135183334,0.032552000135183334,0.026633867993950844,328704
1987-10-19,0.0,0.06510400027036667,0.032552000135183334,0.032552000135183334,0.026633867993950844,137472
1987-10-20,0.0,0.04882799834012985,0.016276000067591667,0.016276000067591667,0.013316933996975422,604032
1987-10-21,0.0,0.04882799834012985,0.016276000067591667,0.016276000067591667,0.013316933996975422,427776
1987-10-22,0.0,0.04882799834012985,0.016276000067591667,0.016276000067591667,0.013316933996975422,390912
1987-10-23,0.0,0.04882799834012985,0.016276000067591667,0.016276000067591667,0.013316933996975422,165504
1987-10-26,0.0,0.04882799834012985,0.016276000067591667,0.016276000067591667,0.013316933996975422,144768
1987-10-27,0.0,0.04882799834012985,0.016276000067591667,0.016276000067591667,0.013316933996975422,144384
1987-10-28,0.0,0.04882799834012985,0.016276000067591667,0.016276000067591667,0.013316933996975422,203904
1987-10-29,0.0,0.04882799834012985,0.016276000067591667,0.016276000067591667,0.013316933996975422,249600
1987-10-30,0.0,0.04882799834012985,0.016276000067591667,0.016276000067591667,0.013316933996975422,86400
1987-11-02,0.0,0.04882799834012985,0.016276000067591667,0.016276000067591667,0.013316933996975422,69120
1987-11-03,0.0,0.04882799834012985,0.016276000067591667,0.016276000067591667,0.013316933996975422,176064
1987-11-04,0.0,0.04882799834012985,0.016276000067591667,0.016276000067591667,0.013316933996975422,206592
1987-11-05,0.0,0.04882799834012985,0.016276000067591667,0.016276000067591667,0.013316933996975422,298560
1987-11-06,0.0,0.032552000135183334,0.016276000067591667,0.016276000067591667,0.013316933996975422,263040
1987-11-09,0.0,0.032552000135183334,0.016276000067591667,0.016276000067591667,0.013316933996975422,142656
1987-11-10,0.0,0.04882799834012985,0.016276000067591667,0.016276000067591667,0.013316933996975422,236352
1987-11-11,0.0,0.04882799834012985,0.016276000067591667,0.016276000067591667,0.013316933996975422,168192
1987-11-12,0.0,0.04882799834012985,0.016276000067591667,0.016276000067591667,0.013316933996975422,34560
1987-11-13,0.0,0.04882799834012985,0.016276000067591667,0.016276000067591667,0.013316933996975422,894720
1987-11-16,0.0,0.04882799834012985,0.016276000067591667,0.016276000067591667,0.013316933996975422,253056
1987-11-17,0.0,0.04882799834012985,0.032552000135183334,0.032552000135183334,0.026633867993950844,1152000
1987-11-18,0.0,0.04882799834012985,0.032552000135183334,0.032552000135183334,0.026633867993950844,564480
1987-11-19,0.0,0.04882799834012985,0.032552000135183334,0.032552000135183334,0.026633867993950844,553920
1987-11-20,0.0,0.04882799834012985,0.032552000135183334,0.032552000135183334,0.026633867993950844,211200
1987-11-23,0.0,0.04882799834012985,0.032552000135183334,0.032552000135183334,0.026633867993950844,316224
1987-11-24,0.0,0.04882799834012985,0.032552000135183334,0.032552000135183334,0.026633867993950844,86784
1987-11-25,0.0,0.04882799834012985,0.032552000135183334,0.032552000135183334,0.026633867993950844,159360
1987-11-27,0.0,0.04882799834012985,0.032552000135183334,0.032552000135183334,0.026633867993950844,83136
1987-11-30,0.0,0.04882799834012985,0.016276000067591667,0.016276000067591667,0.013316933996975422,247680
1987-12-01,0.0,0.04882799834012985,0.016276000067591667,0.016276000067591667,0.013316933996975422,144000
1987-12-02,0.0,0.04882799834012985,0.016276000067591667,0.016276000067591667,0.013316933996975422,328320
1987-12-03,0.0,0.04882799834012985,0.016276000067591667,0.016276000067591667,0.013316933996975422,501120
1987-12-04,0.0,0.04882799834012985,0.016276000067591667,0.016276000067591667,0.013316933996975422,176640
1987-12-07,0.0,0.04882799834012985,0.016276000067591667,0.016276000067591667,0.013316933996975422,420480
1987-12-08,0.0,0.04882799834012985,0.016276000067591667,0.016276000067591667,0.013316933996975422,294912
1987-12-09,0.0,0.04882799834012985,0.016276000067591667,0.016276000067591667,0.013316933996975422,259968
1987-12-10,0.0,0.04882799834012985,0.016276000067591667,0.016276000067591667,0.013316933996975422,268032
1987-12-11,0.0,0.04882799834012985,0.016276000067591667,0.016276000067591667,0.013316933996975422,441600
1987-12-14,0.0,0.04882799834012985,0.016276000067591667,0.016276000067591667,0.013316933996975422,325056
1987-12-15,0.0,0.032552000135183334,0.016276000067591667,0.016276000067591667,0.013316933996975422,216960
1987-12-16,0.0,0.04882799834012985,0.016276000067591667,0.016276000067591667,0.013316933996975422,347904
1987-12-17,0.0,0.04882799834012985,0.016276000067591667,0.016276000067591667,0.013316933996975422,310848
1987-12-18,0.0,0.032552000135183334,0.016276000067591667,0.016276000067591667,0.013316933996975422,300096
1987-12-21,0.0,0.04882799834012985,0.016276000067591667,0.016276000067591667,0.013316933996975422,430272
1987-12-22,0.0,0.04882799834012985,0.016276000067591667,0.016276000067591667,0.013316933996975422,326208
1987-12-23,0.0,0.04882799834012985,0.016276000067591667,0.016276000067591667,0.013316933996975422,1385472
1987-12-24,0.0,0.04882799834012985,0.032552000135183334,0.032552000135183334,0.026633867993950844,285120
1987-12-28,0.0,0.04882799834012985,0.016276000067591667,0.016276000067591667,0.013316933996975422,346944
1987-12-29,0.0,0.04882799834012985,0.016276000067591667,0.016276000067591667,0.013316933996975422,417984
1987-12-30,0.0,0.032552000135183334,0.016276000067591667,0.016276000067591667,0.013316933996975422,529728
1987-12-31,0.0,0.04882799834012985,0.016276000067591667,0.016276000067591667,0.013316933996975422,566400
1988-01-04,0.0,0.04882799834012985,0.016276000067591667,0.016276000067591667,0.013316933996975422,121344
1988-01-05,0.0,0.04882799834012985,0.016276000067591667,0.016276000067591667,0.013316933996975422,316416
1988-01-06,0.0,0.04882799834012985,0.016276000067591667,0.016276000067591667,0.013316933996975422,169920
1988-01-07,0.0,0.04882799834012985,0.016276000067591667,0.016276000067591667,0.013316933996975422,198720
1988-01-08,0.0,0.04882799834012985,0.032552000135183334,0.032552000135183334,0.026633867993950844,2448960
1988-01-11,0.0,0.04882799834012985,0.032552000135183334,0.032552000135183334,0.026633867993950844,400512
1988-01-12,0.0,0.04882799834012985,0.032552000135183334,0.032552000135183334,0.026633867993950844,634560
1988-01-13,0.0,0.06510400027036667,0.04882799834012985,0.04882799834012985,0.03995079919695854,1882176
1988-01-14,0.0,0.06510400027036667,0.04882799834012985,0.04882799834012985,0.03995079919695854,1054080
1988-01-15,0.0,0.06510400027036667,0.032552000135183334,0.032552000135183334,0.026633867993950844,1578432
1988-01-18,0.0,0.06510400027036667,0.04882799834012985,0.04882799834012985,0.03995079919695854,564288
1988-01-19,0.0,0.06510400027036667,0.032552000135183334,0.032552000135183334,0.026633867993950844,1184640
1988-01-20,0.0,0.06510400027036667,0.032552000135183334,0.032552000135183334,0.026633867993950844,2128896
1988-01-21,0.0,0.06510400027036667,0.032552000135183334,0.032552000135183334,0.026633867993950844,920256
1988-01-22,0.0,0.06510400027036667,0.04882799834012985,0.04882799834012985,0.03995079919695854,1491648
1988-01-25,0.0,0.06510400027036667,0.032552000135183334,0.032552000135183334,0.026633867993950844,487296
1988-01-26,0.0,0.06510400027036667,0.04882799834012985,0.04882799834012985,0.03995079919695854,427008
1988-01-27,0.0,0.06510400027036667,0.032552000135183334,0.032552000135183334,0.026633867993950844,319488
1988-01-28,0.0,0.06510400027036667,0.032552000135183334,0.032552000135183334,0.026633867993950844,192960
1988-01-29,0.0,0.06510400027036667,0.032552000135183334,0.032552000135183334,0.026633867993950844,205440
1988-02-01,0.0,0.06510400027036667,0.032552000135183334,0.032552000135183334,0.026633867993950844,319872
1988-02-02,0.0,0.06510400027036667,0.032552000135183334,0.032552000135183334,0.026633867993950844,1093632
1988-02-03,0.0,0.06510400027036667,0.032552000135183334,0.032552000135183334,0.026633867993950844,1301760
1988-02-04,0.0,0.06510400027036667,0.032552000135183334,0.032552000135183334,0.026633867993950844,668544
1988-02-05,0.0,0.06510400027036667,0.032552000135183334,0.032552000135183334,0.026633867993950844,786240
1988-02-08,0.0,0.06510400027036667,0.032552000135183334,0.032552000135183334,0.026633867993950844,1040256
1988-02-09,0.0,0.06510400027036667,0.032552000135183334,0.032552000135183334,0.026633867993950844,659904
1988-02-10,0.0,0.06510400027036667,0.032552000135183334,0.032552000135183334,0.026633867993950844,306816
1988-02-11,0.0,0.06510400027036667,0.032552000135183334,0.032552000135183334,0.026633867993950844,922368
1988-02-12,0.0,0.06510400027036667,0.032552000135183334,0.032552000135183334,0.026633867993950844,862080
1988-02-16,0.0,0.06510400027036667,0.032552000135183334,0.032552000135183334,0.026633867993950844,582528
1988-02-17,0.0,0.06510400027036667,0.032552000135183334,0.032552000135183334,0.026633867993950844,934656
1988-02-18,0.0,0.06510400027036667,0.032552000135183334,0.032552000135183334,0.026633867993950844,799680
1988-02-19,0.0,0.06510400027036667,0.032552000135183334,0.032552000135183334,0.026633867993950844,798336
1988-02-22,0.0,0.06510400027036667,0.032552000135183334,0.032552000135183334,0.026633867993950844,561984
1988-02-23,0.0,0.06510400027036667,0.032552000135183334,0.032552000135183334,0.026633867993950844,357888
1988-02-24,0.0,0.06510400027036667,0.032552000135183334,0.032552000135183334,0.026633867993950844,201984
1988-02-25,0.0,0.06510400027036667,0.032552000135183334,0.032552000135183334,0.026633867993950844,440256
1988-02-26,0.0,0.06510400027036667,0.032552000135183334,0.032552000135183334,0.026633867993950844,1004736
1988-02-29,0.0,0.046875,0.03125,0.03125,0.025568578392267227,134400
1988-03-01,0.0,0.046875,0.03385400027036667,0.03385400027036667,0.02769915759563446,508800
1988-03-02,0.0,0.048177000135183334,0.03385400027036667,0.03385400027036667,0.02769915759563446,1056000
1988-03-03,0.0,0.0625,0.04947900027036667,0.04947900027036667,0.040483444929122925,3744000
1988-03-04,0.0,0.0625,0.048177000135183334,0.048177000135183334,0.03941815719008446,998400
1988-03-07,0.0,0.0625,0.048177000135183334,0.048177000135183334,0.03941815719008446,393600
1988-03-08,0.0,0.0625,0.048177000135183334,0.048177000135183334,0.03941815719008446,672000
1988-03-09,0.0,0.06510400027036667,0.05338500067591667,0.05338500067591667,0.043679315596818924,796800
1988-03-10,0.0,0.06510400027036667,0.05208300054073334,0.05208300054073334,0.04261402413249016,643200
1988-03-11,0.0,0.06510400027036667,0.05208300054073334,0.05208300054073334,0.04261402413249016,345600
1988-03-14,0.0,0.0625,0.05208300054073334,0.05208300054073334,0.04261402413249016,566400
1988-03-15,0.0,0.0625,0.05208300054073334,0.05208300054073334,0.04261402413249016,499200
1988-03-16,0.0,0.0625,0.05208300054073334,0.05208300054073334,0.04261402413249016,528000
1988-03-17,0.0,0.0625,0.048177000135183334,0.048177000135183334,0.03941815719008446,921600
1988-03-18,0.0,0.05729199945926666,0.048177000135183334,0.048177000135183334,0.03941815719008446,460800
1988-03-21,0.0,0.0625,0.048177000135183334,0.048177000135183334,0.03941815719008446,230400
1988-03-22,0.0,0.05729199945926666,0.048177000135183334,0.048177000135183334,0.03941815719008446,220800
1988-03-23,0.0,0.05729199945926666,0.048177000135183334,0.048177000135183334,0.03941815719008446,364800
1988-03-24,0.0,0.0625,0.048177000135183334,0.048177000135183334,0.03941815719008446,921600
1988-03-25,0.0,0.0625,0.048177000135183334,0.048177000135183334,0.03941815719008446,307200
1988-03-28,0.0,0.0625,0.048177000135183334,0.048177000135183334,0.03941815719008446,134400
1988-03-29,0.0,0.05989599972963333,0.046875,0.046875,0.03835286945104599,412800
1988-03-30,0.0,0.05989599972963333,0.046875,0.046875,0.03835286945104599,240000
1988-03-31,0.0,0.05989599972963333,0.046875,0.046875,0.03835286945104599,633600
1988-04-04,0.0,0.05989599972963333,0.04427099972963333,0.04427099972963333,0.03622229024767876,441600
1988-04-05,0.0,0.05729199945926666,0.04166699945926666,0.04166699945926666,0.03409171104431152,384000
1988-04-06,0.0,0.05208300054073334,0.04166699945926666,0.04166699945926666,0.03409171104431152,489600
1988-04-07,0.0,0.04947900027036667,0.039062999188899994,0.039062999188899994,0.03196113184094429,1008000
1988-04-08,0.0,0.04947900027036667,0.039062999188899994,0.039062999188899994,0.03196113184094429,220800
1988-04-11,0.0,0.05208300054073334,0.039062999188899994,0.039062999188899994,0.03196113184094429,355200
1988-04-12,0.0,0.05208300054073334,0.039062999188899994,0.039062999188899994,0.03196113184094429,192000
1988-04-13,0.0,0.05208300054073334,0.04166699945926666,0.04166699945926666,0.03409171104431152,604800
1988-04-14,0.0,0.054687999188899994,0.04427099972963333,0.04427099972963333,0.03622229024767876,1737600
1988-04-15,0.0,0.0625,0.048177000135183334,0.048177000135183334,0.03941815719008446,1814400
1988-04-18,0.0,0.0625,0.05078100040555,0.05078100040555,0.04154873639345169,374400
1988-04-19,0.0,0.06510400027036667,0.05078100040555,0.05078100040555,0.04154873639345169,643200
1988-04-20,0.0,0.0664059966802597,0.05208300054073334,0.05208300054073334,0.04261402413249016,1171200
1988-04-21,0.0,0.0625,0.054687999188899994,0.054687999188899994,0.044745419174432755,1382400
1988-04-22,0.0,0.0625,0.054687999188899994,0.054687999188899994,0.044745419174432755,1200000
1988-04-25,0.0,0.0625,0.05598999932408333,0.05598999932408333,0.04581071063876152,1094400
1988-04-26,0.0,0.06510400027036667,0.05598999932408333,0.05598999932408333,0.04581071063876152,278400
1988-04-27,0.0,0.06510400027036667,0.05598999932408333,0.05598999932408333,0.04581071063876152,518400
1988-04-28,0.0,0.06510400027036667,0.05598999932408333,0.05598999932408333,0.04581071063876152,624000
1988-04-29,0.0,0.06380199640989304,0.05598999932408333,0.05598999932408333,0.04581071063876152,710400
1988-05-02,0.0,0.06380199640989304,0.05598999932408333,0.05598999932408333,0.04581071063876152,518400
1988-05-03,0.0,0.06380199640989304,0.05598999932408333,0.05598999932408333,0.04581071063876152,336000
1988-05-04,0.0,0.06380199640989304,0.05338500067591667,0.05338500067591667,0.043679315596818924,576000
1988-05-05,0.0,0.06380199640989304,0.05338500067591667,0.05338500067591667,0.043679315596818924,297600
1988-05-06,0.0,0.06380199640989304,0.05338500067591667,0.05338500067591667,0.043679315596818924,336000
1988-05-09,0.0,0.06380199640989304,0.05338500067591667,0.05338500067591667,0.043679315596818924,307200
1988-05-10,0.0,0.06510400027036667,0.054687999188899994,0.054687999188899994,0.044745419174432755,672000
1988-05-11,0.0,0.06510400027036667,0.054687999188899994,0.054687999188899994,0.044745419174432755,403200
1988-05-12,0.0,0.06510400027036667,0.054687999188899994,0.054687999188899994,0.044745419174432755,480000
1988-05-13,0.0,0.06510400027036667,0.054687999188899994,0.054687999188899994,0.044745419174432755,345600
1988-05-16,0.0,0.06510400027036667,0.054687999188899994,0.054687999188899994,0.044745419174432755,163200
1988-05-17,0.0,0.06510400027036667,0.05338500067591667,0.05338500067591667,0.043679315596818924,825600
1988-05-18,0.0,0.05859399959445,0.05078100040555,0.05078100040555,0.04154873639345169,777600
1988-05-19,0.0,0.05859399959445,0.05078100040555,0.05078100040555,0.04154873639345169,566400
1988-05-20,0.0,0.05598999932408333,0.04947900027036667,0.04947900027036667,0.040483444929122925,854400
1988-05-23,0.0,0.05208300054073334,0.04947900027036667,0.04947900027036667,0.040483444929122925,201600
1988-05-24,0.0,0.0625,0.04947900027036667,0.04947900027036667,0.040483444929122925,1872000
1988-05-25,0.0,0.0625,0.04947900027036667,0.04947900027036667,0.040483444929122925,249600
1988-05-26,0.0,0.0625,0.04947900027036667,0.04947900027036667,0.040483444929122925,816000
1988-05-27,0.0,0.0625,0.04947900027036667,0.04947900027036667,0.040483444929122925,355200
1988-05-31,0.0,0.0625,0.04947900027036667,0.04947900027036667,0.040483444929122925,364800
1988-06-01,0.0,0.0625,0.048177000135183334,0.048177000135183334,0.03941815719008446,364800
1988-06-02,0.0,0.054687999188899994,0.048177000135183334,0.048177000135183334,0.03941815719008446,259200
1988-06-03,0.0,0.054687999188899994,0.048177000135183334,0.048177000135183334,0.03941815719008446,441600
1988-06-06,0.0,0.054687999188899994,0.048177000135183334,0.048177000135183334,0.03941815719008446,460800
1988-06-07,0.0,0.054687999188899994,0.048177000135183334,0.048177000135183334,0.03941815719008446,576000
1988-06-08,0.0,0.054687999188899994,0.048177000135183334,0.048177000135183334,0.03941815719008446,624000
1988-06-09,0.0,0.054687999188899994,0.048177000135183334,0.048177000135183334,0.03941815719008446,268800
1988-06-10,0.0,0.054687999188899994,0.048177000135183334,0.048177000135183334,0.03941815719008446,230400
1988-06-13,0.0,0.05208300054073334,0.048177000135183334,0.048177000135183334,0.03941815719008446,220800
1988-06-14,0.0,0.05859399959445,0.04947900027036667,0.04947900027036667,0.040483444929122925,268800
1988-06-15,0.0,0.05859399959445,0.04947900027036667,0.04947900027036667,0.040483444929122925,326400
1988-06-16,0.0,0.05859399959445,0.04947900027036667,0.04947900027036667,0.040483444929122925,345600
1988-06-17,0.0,0.0625,0.05208300054073334,0.05208300054073334,0.04261402413249016,1372800
1988-06-20,0.0,0.0625,0.05208300054073334,0.05208300054073334,0.04261402413249016,163200
1988-06-21,0.0,0.0625,0.05208300054073334,0.05208300054073334,0.04261402413249016,230400
1988-06-22,0.0,0.0625,0.05208300054073334,0.05208300054073334,0.04261402413249016,124800
1988-06-23,0.0,0.0625,0.05208300054073334,0.05208300054073334,0.04261402413249016,585600
1988-06-24,0.0,0.0625,0.04947900027036667,0.04947900027036667,0.040483444929122925,796800
1988-06-27,0.0,0.0625,0.04947900027036667,0.04947900027036667,0.040483444929122925,374400
1988-06-28,0.0,0.0625,0.04947900027036667,0.04947900027036667,0.040483444929122925,163200
1988-06-29,0.0,0.0625,0.04947900027036667,0.04947900027036667,0.040483444929122925,422400
1988-06-30,0.0,0.0625,0.04947900027036667,0.04947900027036667,0.040483444929122925,1814400
1988-07-01,0.0,0.05989599972963333,0.04947900027036667,0.04947900027036667,0.040483444929122925,700800
1988-07-05,0.0,0.0625,0.05208300054073334,0.05208300054073334,0.04261402413249016,758400
1988-07-06,0.0,0.0625,0.05208300054073334,0.05208300054073334,0.04261402413249016,201600
1988-07-07,0.0,0.0625,0.05208300054073334,0.05208300054073334,0.04261402413249016,249600
1988-07-08,0.0,0.0625,0.05208300054073334,0.05208300054073334,0.04261402413249016,230400
1988-07-11,0.0,0.0625,0.05208300054073334,0.05208300054073334,0.04261402413249016,316800
1988-07-12,0.0,0.0625,0.05208300054073334,0.05208300054073334,0.04261402413249016,297600
1988-07-13,0.0,0.05729199945926666,0.04947900027036667,0.04947900027036667,0.040483444929122925,1401600
1988-07-14,0.0,0.0625,0.05208300054073334,0.05208300054073334,0.04261402413249016,2995200
1988-07-15,0.0,0.0625,0.05208300054073334,0.05208300054073334,0.04261402413249016,1104000
1988-07-18,0.0,0.0625,0.05208300054073334,0.05208300054073334,0.04261402413249016,614400
1988-07-19,0.0,0.0625,0.05208300054073334,0.05208300054073334,0.04261402413249016,652800
1988-07-20,0.0,0.0625,0.05208300054073334,0.05208300054073334,0.04261402413249016,547200
1988-07-21,0.0,0.05729199945926666,0.05208300054073334,0.05208300054073334,0.04261402413249016,825600
1988-07-22,0.0,0.05729199945926666,0.05208300054073334,0.05208300054073334,0.04261402413249016,1084800
1988-07-25,0.0,0.0625,0.05208300054073334,0.05208300054073334,0.04261402413249016,585600
1988-07-26,0.0,0.0625,0.05208300054073334,0.05208300054073334,0.04261402413249016,393600
1988-07-27,0.0,0.0625,0.05208300054073334,0.05208300054073334,0.04261402413249016,230400
1988-07-28,0.0,0.0625,0.05208300054073334,0.05208300054073334,0.04261402413249016,739200
1988-07-29,0.0,0.0625,0.05208300054073334,0.05208300054073334,0.04261402413249016,374400
1988-08-01,0.0,0.0625,0.05208300054073334,0.05208300054073334,0.04261402413249016,76800
1988-08-02,0.0,0.0625,0.05208300054073334,0.05208300054073334,0.04261402413249016,336000
1988-08-03,0.0,0.0625,0.05208300054073334,0.05208300054073334,0.04261402413249016,134400
1988-08-04,0.0,0.0625,0.05208300054073334,0.05208300054073334,0.04261402413249016,729600
1988-08-05,0.0,0.0625,0.05208300054073334,0.05208300054073334,0.04261402413249016,268800
1988-08-08,0.0,0.0625,0.05208300054073334,0.05208300054073334,0.04261402413249016,345600
1988-08-09,0.0,0.0625,0.05208300054073334,0.05208300054073334,0.04261402413249016,777600
1988-08-10,0.0,0.0625,0.05208300054073334,0.05208300054073334,0.04261402413249016,585600
1988-08-11,0.0,0.05989599972963333,0.05208300054073334,0.05208300054073334,0.04261402413249016,1027200
1988-08-12,0.0,0.0625,0.05208300054073334,0.05208300054073334,0.04261402413249016,307200
1988-08-15,0.0,0.0625,0.05208300054073334,0.05208300054073334,0.04261402413249016,230400
1988-08-16,0.0,0.05989599972963333,0.05208300054073334,0.05208300054073334,0.04261402413249016,1238400
1988-08-17,0.0,0.05989599972963333,0.05208300054073334,0.05208300054073334,0.04261402413249016,499200
1988-08-18,0.0,0.05989599972963333,0.05208300054073334,0.05208300054073334,0.04261402413249016,144000
1988-08-19,0.0,0.05989599972963333,0.05208300054073334,0.05208300054073334,0.04261402413249016,998400
1988-08-22,0.0,0.05989599972963333,0.05208300054073334,0.05208300054073334,0.04261402413249016,220800
1988-08-23,0.0,0.05989599972963333,0.05208300054073334,0.05208300054073334,0.04261402413249016,259200
1988-08-24,0.0,0.05989599972963333,0.05208300054073334,0.05208300054073334,0.04261402413249016,153600
1988-08-25,0.0,0.05989599972963333,0.05208300054073334,0.05208300054073334,0.04261402413249016,556800
1988-08-26,0.0,0.05729199945926666,0.05208300054073334,0.05208300054073334,0.04261402413249016,192000
1988-08-29,0.0,0.05729199945926666,0.05208300054073334,0.05208300054073334,0.04261402413249016,182400
1988-08-30,0.0,0.05729199945926666,0.05208300054073334,0.05208300054073334,0.04261402413249016,144000
1988-08-31,0.0,0.05729199945926666,0.05078100040555,0.05078100040555,0.04154873639345169,172800
1988-09-01,0.0,0.05729199945926666,0.048177000135183334,0.048177000135183334,0.03941815719008446,249600
1988-09-02,0.0,0.054687999188899994,0.048177000135183334,0.048177000135183334,0.03941815719008446,76800
1988-09-06,0.0,0.054687999188899994,0.048177000135183334,0.048177000135183334,0.03941815719008446,105600
1988-09-07,0.0,0.054687999188899994,0.048177000135183334,0.048177000135183334,0.03941815719008446,76800
1988-09-08,0.0,0.054687999188899994,0.048177000135183334,0.048177000135183334,0.03941815719008446,950400
1988-09-09,0.0,0.054687999188899994,0.048177000135183334,0.048177000135183334,0.03941815719008446,259200
1988-09-12,0.0,0.054687999188899994,0.048177000135183334,0.048177000135183334,0.03941815719008446,96000
1988-09-13,0.0,0.054687999188899994,0.048177000135183334,0.048177000135183334,0.03941815719008446,96000
1988-09-14,0.0,0.054687999188899994,0.046875,0.046875,0.03835286945104599,364800
1988-09-15,0.0,0.054687999188899994,0.046875,0.046875,0.03835286945104599,249600
1988-09-16,0.0,0.054687999188899994,0.045572999864816666,0.045572999864816666,0.037287577986717224,662400
1988-09-19,0.0,0.05989599972963333,0.046875,0.046875,0.03835286945104599,585600
1988-09-20,0.0,0.05989599972963333,0.046875,0.046875,0.03835286945104599,326400
1988-09-21,0.0,0.05989599972963333,0.046875,0.046875,0.03835286945104599,86400
1988-09-22,0.0,0.05989599972963333,0.046875,0.046875,0.03835286945104599,220800
1988-09-23,0.0,0.05989599972963333,0.046875,0.046875,0.03835286945104599,278400
1988-09-26,0.0,0.05989599972963333,0.046875,0.046875,0.03835286945104599,57600
1988-09-27,0.0,0.05989599972963333,0.046875,0.046875,0.03835286945104599,211200
1988-09-28,0.0,0.05598999932408333,0.045572999864816666,0.045572999864816666,0.037287577986717224,316800
1988-09-29,0.0,0.05598999932408333,0.045572999864816666,0.045572999864816666,0.037287577986717224,259200
1988-09-30,0.0,0.05598999932408333,0.045572999864816666,0.045572999864816666,0.037287577986717224,172800
1988-10-03,0.0,0.05598999932408333,0.045572999864816666,0.045572999864816666,0.037287577986717224,134400
1988-10-04,0.0,0.054687999188899994,0.04427099972963333,0.04427099972963333,0.03622229024767876,288000
1988-10-05,0.0,0.054687999188899994,0.04427099972963333,0.04427099972963333,0.03622229024767876,240000
1988-10-06,0.0,0.05208300054073334,0.04296899959445,0.04296899959445,0.03515699878334999,460800
1988-10-07,0.0,0.05208300054073334,0.04296899959445,0.04296899959445,0.03515699878334999,892800
1988-10-10,0.0,0.05208300054073334,0.04296899959445,0.04296899959445,0.03515699878334999,105600
1988-10-11,0.0,0.05208300054073334,0.04296899959445,0.04296899959445,0.03515699878334999,163200
1988-10-12,0.0,0.05208300054073334,0.04296899959445,0.04296899959445,0.03515699878334999,768000
1988-10-13,0.0,0.05208300054073334,0.04427099972963333,0.04427099972963333,0.03622229024767876,153600
1988-10-14,0.0,0.054687999188899994,0.04427099972963333,0.04427099972963333,0.03622229024767876,2102400
1988-10-17,0.0,0.05729199945926666,0.04947900027036667,0.04947900027036667,0.040483444929122925,1420800
1988-10-18,0.0,0.05598999932408333,0.04947900027036667,0.04947900027036667,0.040483444929122925,432000
1988-10-19,0.0,0.05729199945926666,0.05078100040555,0.05078100040555,0.04154873639345169,1094400
1988-10-20,0.0,0.05859399959445,0.05338500067591667,0.05338500067591667,0.043679315596818924,1353600
1988-10-21,0.0,0.05989599972963333,0.054687999188899994,0.054687999188899994,0.044745419174432755,2947200
1988-10-24,0.0,0.0625,0.05598999932408333,0.05598999932408333,0.04581071063876152,1641600
1988-10-25,0.0,0.06380199640989304,0.05729199945926666,0.05729199945926666,0.04687599837779999,1977600
1988-10-26,0.0,0.07291699945926666,0.0664059966802597,0.0664059966802597,0.05433302000164986,5174400
1988-10-27,0.0,0.078125,0.0703129991889,0.0703129991889,0.05752971023321152,5414400
1988-10-28,0.0,0.078125,0.0703129991889,0.0703129991889,0.05752971023321152,2160000
1988-10-31,0.0,0.08072900027036667,0.07291699945926666,0.07291699945926666,0.05966028943657875,1948800
1988-11-01,0.0,0.08463499695062637,0.078125,0.078125,0.06392144411802292,4243200
1988-11-02,0.0,0.078125,0.07291699945926666,0.07291699945926666,0.05966028943657875,3465600
1988-11-03,0.0,0.07682300359010696,0.0703129991889,0.0703129991889,0.05752971023321152,1996800
1988-11-04,0.0,0.07552099972963333,0.0703129991889,0.0703129991889,0.05752971023321152,940800
1988-11-07,0.0,0.0703129991889,0.0664059966802597,0.0664059966802597,0.05433302000164986,835200
1988-11-08,0.0,0.07291699945926666,0.06900999695062637,0.06900999695062637,0.05646359920501709,1785600
1988-11-09,0.0,0.0703129991889,0.06770800054073334,0.06770800054073334,0.05539831519126892,576000
1988-11-10,0.0,0.07161500304937363,0.06770800054073334,0.06770800054073334,0.05539831519126892,268800
1988-11-11,0.0,0.07291699945926666,0.06900999695062637,0.06900999695062637,0.05646359920501709,3600000
1988-11-14,0.0,0.0742190033197403,0.06900999695062637,0.06900999695062637,0.05646359920501709,1056000
1988-11-15,0.0,0.0742190033197403,0.06900999695062637,0.06900999695062637,0.05646359920501709,1728000
1988-11-16,0.0,0.0742190033197403,0.06900999695062637,0.06900999695062637,0.05646359920501709,710400
1988-11-17,0.0,0.07552099972963333,0.0703129991889,0.0703129991889,0.05752971023321152,2409600
1988-11-18,0.0,0.0742190033197403,0.0703129991889,0.0703129991889,0.05752971023321152,1238400
1988-11-21,0.0,0.07161500304937363,0.0703129991889,0.0703129991889,0.05752971023321152,1881600
1988-11-22,0.0,0.0742190033197403,0.0703129991889,0.0703129991889,0.05752971023321152,681600
1988-11-23,0.0,0.0742190033197403,0.0703129991889,0.0703129991889,0.05752971023321152,1238400
1988-11-25,0.0,0.0742190033197403,0.0703129991889,0.0703129991889,0.05752971023321152,480000
1988-11-28,0.0,0.07161500304937363,0.06900999695062637,0.06900999695062637,0.05646359920501709,2380800
1988-11-29,0.0,0.07161500304937363,0.06900999695062637,0.06900999695062637,0.05646359920501709,163200
1988-11-30,0.0,0.07291699945926666,0.06900999695062637,0.06900999695062637,0.05646359920501709,412800
1988-12-01,0.0,0.07161500304937363,0.0664059966802597,0.0664059966802597,0.05433302000164986,2275200
1988-12-02,0.0,0.0703129991889,0.0664059966802597,0.0664059966802597,0.05433302000164986,499200
1988-12-05,0.0,0.06900999695062637,0.06510400027036667,0.06510400027036667,0.05326773598790169,1324800
1988-12-06,0.0,0.0664059966802597,0.0625,0.0625,0.051137156784534454,604800
1988-12-07,0.0,0.06510400027036667,0.061197999864816666,0.061197999864816666,0.05007186904549599,748800
1988-12-08,0.0,0.06510400027036667,0.061197999864816666,0.061197999864816666,0.05007186904549599,422400
1988-12-09,0.0,0.06380199640989304,0.05989599972963333,0.05989599972963333,0.04900657758116722,1478400
1988-12-12,0.0,0.061197999864816666,0.05729199945926666,0.05729199945926666,0.04687599837779999,1200000
1988-12-13,0.0,0.061197999864816666,0.05729199945926666,0.05729199945926666,0.04687599837779999,652800
1988-12-14,0.0,0.061197999864816666,0.05729199945926666,0.05729199945926666,0.04687599837779999,336000
1988-12-15,0.0,0.061197999864816666,0.05729199945926666,0.05729199945926666,0.04687599837779999,249600
1988-12-16,0.0,0.061197999864816666,0.05598999932408333,0.05598999932408333,0.04581071063876152,988800
1988-12-19,0.0,0.061197999864816666,0.05598999932408333,0.05598999932408333,0.04581071063876152,297600
1988-12-20,0.0,0.061197999864816666,0.05598999932408333,0.05598999932408333,0.04581071063876152,432000
1988-12-21,0.0,0.05989599972963333,0.054687999188899994,0.054687999188899994,0.044745419174432755,1075200
1988-12-22,0.0,0.05598999932408333,0.05208300054073334,0.05208300054073334,0.04261402413249016,2620800
1988-12-23,0.0,0.05338500067591667,0.048177000135183334,0.048177000135183334,0.03941815719008446,2736000
1988-12-27,0.0,0.046875,0.045572999864816666,0.045572999864816666,0.037287577986717224,2832000
1988-12-28,0.0,0.046875,0.045572999864816666,0.045572999864816666,0.037287577986717224,182400
1988-12-29,0.0,0.04947900027036667,0.046875,0.046875,0.03835286945104599,1257600
1988-12-30,0.0,0.05208300054073334,0.048177000135183334,0.048177000135183334,0.03941815719008446,806400
1989-01-03,0.0,0.05208300054073334,0.048177000135183334,0.048177000135183334,0.03941815719008446,316800
1989-01-04,0.0,0.05208300054073334,0.048177000135183334,0.048177000135183334,0.03941815719008446,172800
1989-01-05,0.0,0.048177000135183334,0.04427099972963333,0.04427099972963333,0.03622229024767876,3100800
1989-01-06,0.0,0.048177000135183334,0.04296899959445,0.04296899959445,0.03515699878334999,508800
1989-01-09,0.0,0.048177000135183334,0.04296899959445,0.04296899959445,0.03515699878334999,432000
1989-01-10,0.0,0.046875,0.04166699945926666,0.04166699945926666,0.03409171104431152,816000
1989-01-11,0.0,0.046875,0.04166699945926666,0.04166699945926666,0.03409171104431152,172800
1989-01-12,0.0,0.046875,0.04166699945926666,0.04166699945926666,0.03409171104431152,1123200
1989-01-13,0.0,0.046875,0.04166699945926666,0.04166699945926666,0.03409171104431152,355200
1989-01-16,0.0,0.046875,0.04166699945926666,0.04166699945926666,0.03409171104431152,355200
1989-01-17,0.0,0.046875,0.04166699945926666,0.04166699945926666,0.03409171104431152,249600
1989-01-18,0.0,0.046875,0.04166699945926666,0.04166699945926666,0.03409171104431152,412800
1989-01-19,0.0,0.046875,0.04166699945926666,0.04166699945926666,0.03409171104431152,211200
1989-01-20,0.0,0.046875,0.04166699945926666,0.04166699945926666,0.03409171104431152,576000
1989-01-23,0.0,0.046875,0.04166699945926666,0.04166699945926666,0.03409171104431152,144000
1989-01-24,0.0,0.046875,0.04166699945926666,0.04166699945926666,0.03409171104431152,76800
1989-01-25,0.0,0.046875,0.04166699945926666,0.04166699945926666,0.03409171104431152,297600
1989-01-26,0.0,0.046875,0.04166699945926666,0.04166699945926666,0.03409171104431152,86400
1989-01-27,0.0,0.046875,0.04166699945926666,0.04166699945926666,0.03409171104431152,240000
1989-01-30,0.0,0.046875,0.04166699945926666,0.04166699945926666,0.03409171104431152,1075200
1989-01-31,0.0,0.048177000135183334,0.04296899959445,0.04296899959445,0.03515699878334999,1161600
1989-02-01,0.0,0.048177000135183334,0.04296899959445,0.04296899959445,0.03515699878334999,624000
1989-02-02,0.0,0.05208300054073334,0.046875,0.046875,0.03835286945104599,4416000
1989-02-03,0.0,0.05598999932408333,0.05078100040555,0.05078100040555,0.04154873639345169,4012800
1989-02-06,0.0,0.05859399959445,0.05338500067591667,0.05338500067591667,0.043679315596818924,1315200
1989-02-07,0.0,0.05859399959445,0.054687999188899994,0.054687999188899994,0.044745419174432755,1420800
1989-02-08,0.0,0.05729199945926666,0.05208300054073334,0.05208300054073334,0.04261402413249016,1392000
1989-02-09,0.0,0.05598999932408333,0.05078100040555,0.05078100040555,0.04154873639345169,566400
1989-02-10,0.0,0.054687999188899994,0.05078100040555,0.05078100040555,0.04154873639345169,499200
1989-02-13,0.0,0.054687999188899994,0.05208300054073334,0.05208300054073334,0.04261402413249016,969600
1989-02-14,0.0,0.05729199945926666,0.05208300054073334,0.05208300054073334,0.04261402413249016,960000
1989-02-15,0.0,0.05729199945926666,0.05208300054073334,0.05208300054073334,0.04261402413249016,1036800
1989-02-16,0.0,0.05729199945926666,0.05208300054073334,0.05208300054073334,0.04261402413249016,1507200
1989-02-17,0.0,0.05729199945926666,0.05208300054073334,0.05208300054073334,0.04261402413249016,739200
1989-02-21,0.0,0.05729199945926666,0.05208300054073334,0.05208300054073334,0.04261402413249016,259200
1989-02-22,0.0,0.05729199945926666,0.05078100040555,0.05078100040555,0.04154873639345169,940800
1989-02-23,0.0,0.05598999932408333,0.04947900027036667,0.04947900027036667,0.040483444929122925,297600
1989-02-24,0.0,0.05598999932408333,0.04947900027036667,0.04947900027036667,0.040483444929122925,153600
1989-02-27,0.0,0.05598999932408333,0.04947900027036667,0.04947900027036667,0.040483444929122925,172800
1989-02-28,0.0,0.05598999932408333,0.04947900027036667,0.04947900027036667,0.040483444929122925,393600
1989-03-01,0.0,0.05598999932408333,0.048177000135183334,0.048177000135183334,0.03941815719008446,307200
1989-03-02,0.0,0.05598999932408333,0.048177000135183334,0.048177000135183334,0.03941815719008446,393600
1989-03-03,0.0,0.05598999932408333,0.048177000135183334,0.048177000135183334,0.03941815719008446,374400
1989-03-06,0.0,0.05598999932408333,0.048177000135183334,0.048177000135183334,0.03941815719008446,144000
1989-03-07,0.0,0.05598999932408333,0.048177000135183334,0.048177000135183334,0.03941815719008446,297600
1989-03-08,0.0,0.05338500067591667,0.048177000135183334,0.048177000135183334,0.03941815719008446,134400
1989-03-09,0.0,0.054687999188899994,0.04947900027036667,0.04947900027036667,0.040483444929122925,700800
1989-03-10,0.0,0.05598999932408333,0.05078100040555,0.05078100040555,0.04154873639345169,1670400
1989-03-13,0.0,0.05598999932408333,0.05078100040555,0.05078100040555,0.04154873639345169,950400
1989-03-14,0.0,0.05729199945926666,0.05078100040555,0.05078100040555,0.04154873639345169,374400
1989-03-15,0.0,0.05729199945926666,0.05078100040555,0.05078100040555,0.04154873639345169,364800
1989-03-16,0.0,0.05729199945926666,0.05078100040555,0.05078100040555,0.04154873639345169,86400
1989-03-17,0.0,0.05729199945926666,0.05078100040555,0.05078100040555,0.04154873639345169,441600
1989-03-20,0.0,0.05598999932408333,0.04947900027036667,0.04947900027036667,0.040483444929122925,585600
1989-03-21,0.0,0.05598999932408333,0.04947900027036667,0.04947900027036667,0.040483444929122925,153600
1989-03-22,0.0,0.05598999932408333,0.048177000135183334,0.048177000135183334,0.03941815719008446,748800
1989-03-23,0.0,0.054687999188899994,0.048177000135183334,0.048177000135183334,0.03941815719008446,393600
1989-03-27,0.0,0.054687999188899994,0.048177000135183334,0.048177000135183334,0.03941815719008446,182400
1989-03-28,0.0,0.054687999188899994,0.048177000135183334,0.048177000135183334,0.03941815719008446,105600
1989-03-29,0.0,0.054687999188899994,0.048177000135183334,0.048177000135183334,0.03941815719008446,403200
1989-03-30,0.0,0.05338500067591667,0.046875,0.046875,0.03835286945104599,1152000
1989-03-31,0.0,0.05208300054073334,0.045572999864816666,0.045572999864816666,0.037287577986717224,470400
1989-04-03,0.0,0.05208300054073334,0.045572999864816666,0.045572999864816666,0.037287577986717224,633600
1989-04-04,0.0,0.05208300054073334,0.04427099972963333,0.04427099972963333,0.03622229024767876,1190400
1989-04-05,0.0,0.05078100040555,0.04296899959445,0.04296899959445,0.03515699878334999,1094400
1989-04-06,0.0,0.05078100040555,0.04296899959445,0.04296899959445,0.03515699878334999,451200
1989-04-07,0.0,0.05078100040555,0.04296899959445,0.04296899959445,0.03515699878334999,192000
1989-04-10,0.0,0.05078100040555,0.04296899959445,0.04296899959445,0.03515699878334999,576000
1989-04-11,0.0,0.048177000135183334,0.04166699945926666,0.04166699945926666,0.03409171104431152,316800
1989-04-12,0.0,0.048177000135183334,0.04166699945926666,0.04166699945926666,0.03409171104431152,38400
1989-04-13,0.0,0.048177000135183334,0.04166699945926666,0.04166699945926666,0.03409171104431152,758400
1989-04-14,0.0,0.048177000135183334,0.04166699945926666,0.04166699945926666,0.03409171104431152,537600
1989-04-17,0.0,0.045572999864816666,0.04036499932408333,0.04036499932408333,0.03302641957998276,672000
1989-04-18,0.0,0.04296899959445,0.04036499932408333,0.04036499932408333,0.03302641957998276,969600
1989-04-19,0.0,0.04166699945926666,0.03776000067591667,0.03776000067591667,0.03089502453804016,940800
1989-04-20,0.0,0.04166699945926666,0.03776000067591667,0.03776000067591667,0.03089502453804016,566400
1989-04-21,0.0,0.04166699945926666,0.03776000067591667,0.03776000067591667,0.03089502453804016,220800
1989-04-24,0.0,0.04166699945926666,0.03776000067591667,0.03776000067591667,0.03089502453804016,67200
1989-04-25,0.0,0.04166699945926666,0.03776000067591667,0.03776000067591667,0.03089502453804016,816000
1989-04-26,0.0,0.04166699945926666,0.03776000067591667,0.03776000067591667,0.03089502453804016,220800
1989-04-27,0.0,0.04166699945926666,0.03776000067591667,0.03776000067591667,0.03089502453804016,163200
1989-04-28,0.0,0.04166699945926666,0.03776000067591667,0.03776000067591667,0.03089502453804016,220800
1989-05-01,0.0,0.04166699945926666,0.03776000067591667,0.03776000067591667,0.03089502453804016,76800
1989-05-02,0.0,0.04166699945926666,0.03645800054073334,0.03645800054073334,0.029829734936356544,758400
1989-05-03,0.0,0.04166699945926666,0.03645800054073334,0.03645800054073334,0.029829734936356544,460800
1989-05-04,0.0,0.04166699945926666,0.03645800054073334,0.03645800054073334,0.029829734936356544,268800
1989-05-05,0.0,0.04166699945926666,0.03645800054073334,0.03645800054073334,0.029829734936356544,57600
1989-05-08,0.0,0.04166699945926666,0.03645800054073334,0.03645800054073334,0.029829734936356544,451200
1989-05-09,0.0,0.04166699945926666,0.03645800054073334,0.03645800054073334,0.029829734936356544,96000
1989-05-10,0.0,0.04166699945926666,0.03515600040555,0.03515600040555,0.028764447197318077,739200
1989-05-11,0.0,0.04166699945926666,0.03515600040555,0.03515600040555,0.028764447197318077,192000
1989-05-12,0.0,0.04166699945926666,0.03515600040555,0.03515600040555,0.028764447197318077,316800
1989-05-15,0.0,0.04166699945926666,0.03515600040555,0.03515600040555,0.028764447197318077,115200
1989-05-16,0.0,0.04166699945926666,0.03515600040555,0.03515600040555,0.028764447197318077,710400
1989-05-17,0.0,0.039062999188899994,0.03385400027036667,0.03385400027036667,0.02769915759563446,662400
1989-05-18,0.0,0.039062999188899994,0.03385400027036667,0.03385400027036667,0.02769915759563446,1180800
1989-05-19,0.0,0.039062999188899994,0.03385400027036667,0.03385400027036667,0.02769915759563446,595200
1989-05-22,0.0,0.039062999188899994,0.03125,0.03125,0.025568578392267227,1046400
1989-05-23,0.0,0.039062999188899994,0.03125,0.03125,0.025568578392267227,585600
1989-05-24,0.0,0.039062999188899994,0.03125,0.03125,0.025568578392267227,76800
1989-05-25,0.0,0.039062999188899994,0.03125,0.03125,0.025568578392267227,38400
1989-05-26,0.0,0.039062999188899994,0.03125,0.03125,0.025568578392267227,76800
1989-05-30,0.0,0.039062999188899994,0.03125,0.03125,0.025568578392267227,57600
1989-05-31,0.0,0.03776000067591667,0.032552000135183334,0.032552000135183334,0.026633867993950844,2620800
1989-06-01,0.0,0.04166699945926666,0.03515600040555,0.03515600040555,0.028764447197318077,2611200
1989-06-02,0.0,0.04166699945926666,0.03515600040555,0.03515600040555,0.028764447197318077,624000
1989-06-05,0.0,0.04166699945926666,0.03515600040555,0.03515600040555,0.028764447197318077,19200
1989-06-06,0.0,0.04166699945926666,0.03515600040555,0.03515600040555,0.028764447197318077,9600
1989-06-07,0.0,0.04166699945926666,0.03515600040555,0.03515600040555,0.028764447197318077,76800
1989-06-08,0.0,0.04166699945926666,0.03515600040555,0.03515600040555,0.028764447197318077,192000
1989-06-09,0.0,0.04166699945926666,0.03515600040555,0.03515600040555,0.028764447197318077,288000
1989-06-12,0.0,0.04166699945926666,0.03515600040555,0.03515600040555,0.028764447197318077,662400
1989-06-13,0.0,0.04166699945926666,0.03515600040555,0.03515600040555,0.028764447197318077,326400
1989-06-14,0.0,0.04166699945926666,0.03385400027036667,0.03385400027036667,0.02769915759563446,451200
1989-06-15,0.0,0.04166699945926666,0.03385400027036667,0.03385400027036667,0.02769915759563446,249600
1989-06-16,0.0,0.04166699945926666,0.03385400027036667,0.03385400027036667,0.02769915759563446,748800
1989-06-19,0.0,0.04166699945926666,0.03385400027036667,0.03385400027036667,0.02769915759563446,48000
1989-06-20,0.0,0.04036499932408333,0.032552000135183334,0.032552000135183334,0.026633867993950844,124800
1989-06-21,0.0,0.04036499932408333,0.032552000135183334,0.032552000135183334,0.026633867993950844,76800
1989-06-22,0.032552000135183334,0.032552000135183334,0.032552000135183334,0.032552000135183334,0.026633867993950844,0
1989-06-23,0.0,0.04036499932408333,0.032552000135183334,0.032552000135183334,0.026633867993950844,508800
1989-06-26,0.0,0.04036499932408333,0.032552000135183334,0.032552000135183334,0.026633867993950844,249600
1989-06-27,0.0,0.04036499932408333,0.032552000135183334,0.032552000135183334,0.026633867993950844,182400
1989-06-28,0.0,0.04036499932408333,0.032552000135183334,0.032552000135183334,0.026633867993950844,307200
1989-06-29,0.0,0.04036499932408333,0.032552000135183334,0.032552000135183334,0.026633867993950844,115200
1989-06-30,0.0,0.04036499932408333,0.032552000135183334,0.032552000135183334,0.026633867993950844,86400
1989-07-03,0.0,0.04036499932408333,0.032552000135183334,0.032552000135183334,0.026633867993950844,76800
1989-07-05,0.0,0.04036499932408333,0.032552000135183334,0.032552000135183334,0.026633867993950844,28800
1989-07-06,0.0,0.04036499932408333,0.032552000135183334,0.032552000135183334,0.026633867993950844,38400
1989-07-07,0.0,0.04036499932408333,0.032552000135183334,0.032552000135183334,0.026633867993950844,86400
1989-07-10,0.0,0.04036499932408333,0.032552000135183334,0.032552000135183334,0.026633867993950844,172800
1989-07-11,0.0,0.04036499932408333,0.032552000135183334,0.032552000135183334,0.026633867993950844,422400
1989-07-12,0.0,0.04036499932408333,0.032552000135183334,0.032552000135183334,0.026633867993950844,172800
1989-07-13,0.0,0.04036499932408333,0.032552000135183334,0.032552000135183334,0.026633867993950844,48000
1989-07-14,0.0,0.039062999188899994,0.03125,0.03125,0.025568578392267227,969600
1989-07-17,0.0,0.039062999188899994,0.03125,0.03125,0.025568578392267227,67200
1989-07-18,0.0,0.03776000067591667,0.03125,0.03125,0.025568578392267227,38400
1989-07-19,0.0,0.03776000067591667,0.03125,0.03125,0.025568578392267227,249600
1989-07-20,0.0,0.03776000067591667,0.03125,0.03125,0.025568578392267227,201600
1989-07-21,0.0,0.03776000067591667,0.03125,0.03125,0.025568578392267227,249600
1989-07-24,0.0,0.03776000067591667,0.03125,0.03125,0.025568578392267227,86400
1989-07-25,0.0,0.03776000067591667,0.03125,0.03125,0.025568578392267227,547200
1989-07-26,0.0,0.03776000067591667,0.03125,0.03125,0.025568578392267227,38400
1989-07-27,0.0,0.03776000067591667,0.03125,0.03125,0.025568578392267227,96000
1989-07-28,0.0,0.03776000067591667,0.03125,0.03125,0.025568578392267227,249600
1989-07-31,0.0,0.03645800054073334,0.029947999864816666,0.029947999864816666,0.02450328879058361,201600
1989-08-01,0.0,0.03645800054073334,0.029947999864816666,0.029947999864816666,0.02450328879058361,115200
1989-08-02,0.0,0.03645800054073334,0.029947999864816666,0.029947999864816666,0.02450328879058361,384000
1989-08-03,0.0,0.03645800054073334,0.029947999864816666,0.029947999864816666,0.02450328879058361,288000
1989-08-04,0.0,0.03645800054073334,0.029947999864816666,0.029947999864816666,0.02450328879058361,220800
1989-08-07,0.0,0.03385400027036667,0.029947999864816666,0.029947999864816666,0.02450328879058361,57600
1989-08-08,0.0,0.03385400027036667,0.029947999864816666,0.029947999864816666,0.02450328879058361,9600
1989-08-09,0.0,0.03385400027036667,0.029947999864816666,0.029947999864816666,0.02450328879058361,0
1989-08-10,0.0,0.032552000135183334,0.02864599972963333,0.02864599972963333,0.023437999188899994,844800
1989-08-11,0.0,0.032552000135183334,0.02864599972963333,0.02864599972963333,0.023437999188899994,48000
1989-08-14,0.0,0.032552000135183334,0.02864599972963333,0.02864599972963333,0.023437999188899994,86400
1989-08-15,0.0,0.032552000135183334,0.02864599972963333,0.02864599972963333,0.023437999188899994,211200
1989-08-16,0.0,0.032552000135183334,0.027343999594449997,0.027343999594449997,0.022372709587216377,825600
1989-08-17,0.0,0.03125,0.026041999459266663,0.026041999459266663,0.02130742184817791,1305600
1989-08-18,0.026041999459266663,0.026041999459266663,0.026041999459266663,0.026041999459266663,0.02130742184817791,0
1989-08-21,0.0,0.03125,0.026041999459266663,0.026041999459266663,0.02130742184817791,48000
1989-08-22,0.0,0.03125,0.026041999459266663,0.026041999459266663,0.02130742184817791,288000
1989-08-23,0.0,0.03125,0.026041999459266663,0.026041999459266663,0.02130742184817791,19200
1989-08-24,0.026041999459266663,0.026041999459266663,0.026041999459266663,0.026041999459266663,0.02130742184817791,0
1989-08-25,0.0,0.03125,0.026041999459266663,0.026041999459266663,0.02130742184817791,124800
1989-08-28,0.0,0.03125,0.024739999324083328,0.024739999324083328,0.020242132246494293,624000
1989-08-29,0.0,0.03125,0.024739999324083328,0.024739999324083328,0.020242132246494293,9600
1989-08-30,0.0,0.03125,0.024739999324083328,0.024739999324083328,0.020242132246494293,28800
1989-08-31,0.024739999324083328,0.024739999324083328,0.024739999324083328,0.024739999324083328,0.020242132246494293,0
1989-09-01,0.0,0.03125,0.024739999324083328,0.024739999324083328,0.020242132246494293,48000
1989-09-05,0.0,0.03125,0.024739999324083328,0.024739999324083328,0.020242132246494293,345600
1989-09-06,0.0,0.03125,0.024739999324083328,0.024739999324083328,0.020242132246494293,76800
1989-09-07,0.0,0.03125,0.024739999324083328,0.024739999324083328,0.020242132246494293,57600
1989-09-08,0.0,0.029947999864816666,0.023437999188899994,0.023437999188899994,0.019176842644810677,96000
1989-09-11,0.0,0.029947999864816666,0.023437999188899994,0.023437999188899994,0.019176842644810677,259200
1989-09-12,0.0,0.029947999864816666,0.023437999188899994,0.023437999188899994,0.019176842644810677,19200
1989-09-13,0.0,0.029947999864816666,0.023437999188899994,0.023437999188899994,0.019176842644810677,86400
1989-09-14,0.0,0.02864599972963333,0.022135000675916672,0.022135000675916672,0.018110735341906548,1411200
1989-09-15,0.0,0.029947999864816666,0.024739999324083328,0.024739999324083328,0.020242132246494293,3331200
1989-09-18,0.0,0.032552000135183334,0.026041999459266663,0.026041999459266663,0.02130742184817791,1152000
1989-09-19,0.0,0.032552000135183334,0.026041999459266663,0.026041999459266663,0.02130742184817791,652800
1989-09-20,0.0,0.03645800054073334,0.03125,0.03125,0.025568578392267227,4060800
1989-09-21,0.0,0.03515600040555,0.029947999864816666,0.029947999864816666,0.02450328879058361,384000
1989-09-22,0.0,0.03515600040555,0.029947999864816666,0.029947999864816666,0.02450328879058361,710400
1989-09-25,0.0,0.03515600040555,0.029947999864816666,0.029947999864816666,0.02450328879058361,0
1989-09-26,0.0,0.03515600040555,0.029947999864816666,0.029947999864816666,0.02450328879058361,86400
1989-09-27,0.0,0.03515600040555,0.029947999864816666,0.029947999864816666,0.02450328879058361,96000
1989-09-28,0.0,0.03515600040555,0.029947999864816666,0.029947999864816666,0.02450328879058361,422400
1989-09-29,0.0,0.03515600040555,0.02864599972963333,0.02864599972963333,0.023437999188899994,883200
1989-10-02,0.0,0.03515600040555,0.02864599972963333,0.02864599972963333,0.023437999188899994,336000
1989-10-03,0.0,0.032552000135183334,0.027343999594449997,0.027343999594449997,0.022372709587216377,451200
1989-10-04,0.0,0.032552000135183334,0.027343999594449997,0.027343999594449997,0.022372709587216377,499200
1989-10-05,0.0,0.03125,0.027343999594449997,0.027343999594449997,0.022372709587216377,9600
1989-10-06,0.0,0.029947999864816666,0.026041999459266663,0.026041999459266663,0.02130742184817791,67200
1989-10-09,0.0,0.029947999864816666,0.026041999459266663,0.026041999459266663,0.02130742184817791,1008000
1989-10-10,0.0,0.029947999864816666,0.026041999459266663,0.026041999459266663,0.02130742184817791,96000
1989-10-11,0.0,0.029947999864816666,0.026041999459266663,0.026041999459266663,0.02130742184817791,172800
1989-10-12,0.0,0.029947999864816666,0.026041999459266663,0.026041999459266663,0.02130742184817791,28800
1989-10-13,0.0,0.02864599972963333,0.024739999324083328,0.024739999324083328,0.020242132246494293,172800
1989-10-16,0.0,0.027343999594449997,0.024739999324083328,0.024739999324083328,0.020242132246494293,182400
1989-10-17,0.024739999324083328,0.024739999324083328,0.024739999324083328,0.024739999324083328,0.020242132246494293,0
1989-10-18,0.0,0.027343999594449997,0.024739999324083328,0.024739999324083328,0.020242132246494293,297600
1989-10-19,0.0,0.027343999594449997,0.024739999324083328,0.024739999324083328,0.020242132246494293,105600
1989-10-20,0.0,0.027343999594449997,0.024739999324083328,0.024739999324083328,0.020242132246494293,172800
1989-10-23,0.0,0.027343999594449997,0.024739999324083328,0.024739999324083328,0.020242132246494293,19200
1989-10-24,0.0,0.027343999594449997,0.023437999188899994,0.023437999188899994,0.019176842644810677,259200
1989-10-25,0.0,0.027343999594449997,0.023437999188899994,0.023437999188899994,0.019176842644810677,115200
1989-10-26,0.0,0.027343999594449997,0.023437999188899994,0.023437999188899994,0.019176842644810677,633600
1989-10-27,0.0,0.027343999594449997,0.023437999188899994,0.023437999188899994,0.019176842644810677,1728000
1989-10-30,0.0,0.027343999594449997,0.023437999188899994,0.023437999188899994,0.019176842644810677,19200
1989-10-31,0.0,0.02864599972963333,0.023437999188899994,0.023437999188899994,0.019176842644810677,28800
1989-11-01,0.0,0.02864599972963333,0.023437999188899994,0.023437999188899994,0.019176842644810677,9600
1989-11-02,0.0,0.02864599972963333,0.023437999188899994,0.023437999188899994,0.019176842644810677,163200
1989-11-03,0.0,0.02864599972963333,0.023437999188899994,0.023437999188899994,0.019176842644810677,9600
1989-11-06,0.0,0.027343999594449997,0.022135000675916672,0.022135000675916672,0.018110735341906548,201600
1989-11-07,0.0,0.027343999594449997,0.022135000675916672,0.022135000675916672,0.018110735341906548,38400
1989-11-08,0.0,0.027343999594449997,0.022135000675916672,0.022135000675916672,0.018110735341906548,96000
1989-11-09,0.0,0.027343999594449997,0.022135000675916672,0.022135000675916672,0.018110735341906548,57600
1989-11-10,0.0,0.027343999594449997,0.022135000675916672,0.022135000675916672,0.018110735341906548,182400
1989-11-13,0.0,0.027343999594449997,0.022135000675916672,0.022135000675916672,0.018110735341906548,499200
1989-11-14,0.0,0.027343999594449997,0.022135000675916672,0.022135000675916672,0.018110735341906548,240000
1989-11-15,0.0,0.027343999594449997,0.022135000675916672,0.022135000675916672,0.018110735341906548,153600
1989-11-16,0.0,0.027343999594449997,0.022135000675916672,0.022135000675916672,0.018110735341906548,297600
1989-11-17,0.0,0.027343999594449997,0.022135000675916672,0.022135000675916672,0.018110735341906548,499200
1989-11-20,0.022135000675916672,0.022135000675916672,0.022135000675916672,0.022135000675916672,0.018110735341906548,0
1989-11-21,0.0,0.026041999459266663,0.020833000540733337,0.020833000540733337,0.01704544574022293,1593600
1989-11-22,0.0,0.026041999459266663,0.020833000540733337,0.020833000540733337,0.01704544574022293,9600
1989-11-24,0.020833000540733337,0.020833000540733337,0.020833000540733337,0.020833000540733337,0.01704544574022293,0
1989-11-27,0.0,0.026041999459266663,0.020833000540733337,0.020833000540733337,0.01704544574022293,48000
1989-11-28,0.0,0.024739999324083328,0.019531000405550003,0.019531000405550003,0.015980158001184464,48000
1989-11-29,0.0,0.024739999324083328,0.019531000405550003,0.019531000405550003,0.015980158001184464,489600
1989-11-30,0.0,0.024739999324083328,0.019531000405550003,0.019531000405550003,0.015980158001184464,604800
1989-12-01,0.0,0.024739999324083328,0.019531000405550003,0.019531000405550003,0.015980158001184464,57600
1989-12-04,0.0,0.024739999324083328,0.019531000405550003,0.019531000405550003,0.015980158001184464,38400
1989-12-05,0.0,0.024739999324083328,0.019531000405550003,0.019531000405550003,0.015980158001184464,28800
1989-12-06,0.0,0.024739999324083328,0.019531000405550003,0.019531000405550003,0.015980158001184464,528000
1989-12-07,0.0,0.024739999324083328,0.019531000405550003,0.019531000405550003,0.015980158001184464,67200
1989-12-08,0.0,0.024739999324083328,0.019531000405550003,0.019531000405550003,0.015980158001184464,105600
1989-12-11,0.0,0.024739999324083328,0.019531000405550003,0.019531000405550003,0.015980158001184464,0
1989-12-12,0.0,0.024739999324083328,0.019531000405550003,0.019531000405550003,0.015980158001184464,9600
1989-12-13,0.0,0.024739999324083328,0.019531000405550003,0.019531000405550003,0.015980158001184464,57600
1989-12-14,0.0,0.024739999324083328,0.019531000405550003,0.019531000405550003,0.015980158001184464,19200
1989-12-15,0.0,0.024739999324083328,0.019531000405550003,0.019531000405550003,0.015980158001184464,163200
1989-12-18,0.0,0.026041999459266663,0.019531000405550003,0.019531000405550003,0.015980158001184464,192000
1989-12-19,0.0,0.026041999459266663,0.019531000405550003,0.019531000405550003,0.015980158001184464,249600
1989-12-20,0.0,0.026041999459266663,0.019531000405550003,0.019531000405550003,0.015980158001184464,326400
1989-12-21,0.0,0.026041999459266663,0.019531000405550003,0.019531000405550003,0.015980158001184464,1104000
1989-12-22,0.0,0.026041999459266663,0.019531000405550003,0.019531000405550003,0.015980158001184464,96000
1989-12-26,0.0,0.026041999459266663,0.019531000405550003,0.019531000405550003,0.015980158001184464,0
1989-12-27,0.0,0.026041999459266663,0.019531000405550003,0.019531000405550003,0.015980158001184464,96000
1989-12-28,0.0,0.024739999324083328,0.019531000405550003,0.019531000405550003,0.015980158001184464,124800
1989-12-29,0.0,0.024739999324083328,0.019531000405550003,0.019531000405550003,0.015980158001184464,96000
1990-01-02,0.019531000405550003,0.019531000405550003,0.019531000405550003,0.019531000405550003,0.015980158001184464,0
1990-01-03,0.0,0.024739999324083328,0.020833000540733337,0.020833000540733337,0.01704544574022293,0
1990-01-04,0.0,0.024739999324083328,0.020833000540733337,0.020833000540733337,0.01704544574022293,9600
1990-01-05,0.0,0.024739999324083328,0.020833000540733337,0.020833000540733337,0.01704544574022293,201600
1990-01-08,0.0,0.024739999324083328,0.020833000540733337,0.020833000540733337,0.01704544574022293,105600
1990-01-09,0.0,0.024739999324083328,0.020833000540733337,0.020833000540733337,0.01704544574022293,105600
1990-01-10,0.0,0.024739999324083328,0.020833000540733337,0.020833000540733337,0.01704544574022293,86400
1990-01-11,0.0,0.024739999324083328,0.020833000540733337,0.020833000540733337,0.01704544574022293,220800
1990-01-12,0.0,0.024739999324083328,0.020833000540733337,0.020833000540733337,0.01704544574022293,393600
1990-01-15,0.0,0.024739999324083328,0.020833000540733337,0.020833000540733337,0.01704544574022293,76800
1990-01-16,0.0,0.024739999324083328,0.020833000540733337,0.020833000540733337,0.01704544574022293,384000
1990-01-17,0.0,0.024739999324083328,0.020833000540733337,0.020833000540733337,0.01704544574022293,211200
1990-01-18,0.0,0.024739999324083328,0.020833000540733337,0.020833000540733337,0.01704544574022293,1670400
1990-01-19,0.0,0.024739999324083328,0.020833000540733337,0.020833000540733337,0.01704544574022293,787200
1990-01-22,0.0,0.026041999459266663,0.020833000540733337,0.020833000540733337,0.01704544574022293,1305600
1990-01-23,0.0,0.026041999459266663,0.020833000540733337,0.020833000540733337,0.01704544574022293,499200
1990-01-24,0.020833000540733337,0.020833000540733337,0.020833000540733337,0.020833000540733337,0.01704544574022293,0
1990-01-25,0.0,0.026041999459266663,0.020833000540733337,0.020833000540733337,0.01704544574022293,96000
1990-01-26,0.0,0.026041999459266663,0.019531000405550003,0.019531000405550003,0.015980158001184464,230400
1990-01-29,0.0,0.026041999459266663,0.019531000405550003,0.019531000405550003,0.015980158001184464,297600
1990-01-30,0.0,0.026041999459266663,0.019531000405550003,0.019531000405550003,0.015980158001184464,192000
1990-01-31,0.0,0.026041999459266663,0.019531000405550003,0.019531000405550003,0.015980158001184464,76800
1990-02-01,0.0,0.026041999459266663,0.019531000405550003,0.019531000405550003,0.015980158001184464,67200
1990-02-02,0.0,0.026041999459266663,0.019531000405550003,0.019531000405550003,0.015980158001184464,1958400
1990-02-05,0.0,0.026041999459266663,0.020833000540733337,0.020833000540733337,0.01704544574022293,67200
1990-02-06,0.0,0.026041999459266663,0.020833000540733337,0.020833000540733337,0.01704544574022293,4358400
1990-02-07,0.0,0.03125,0.023437999188899994,0.023437999188899994,0.019176842644810677,2208000
1990-02-08,0.0,0.03125,0.023437999188899994,0.023437999188899994,0.019176842644810677,134400
1990-02-09,0.0,0.03125,0.023437999188899994,0.023437999188899994,0.019176842644810677,537600
1990-02-12,0.0,0.03125,0.026041999459266663,0.026041999459266663,0.02130742184817791,240000
1990-02-13,0.0,0.03125,0.026041999459266663,0.026041999459266663,0.02130742184817791,230400
1990-02-14,0.0,0.03125,0.027343999594449997,0.027343999594449997,0.022372709587216377,115200
1990-02-15,0.0,0.03125,0.027343999594449997,0.027343999594449997,0.022372709587216377,556800
1990-02-16,0.0,0.03385400027036667,0.02864599972963333,0.02864599972963333,0.023437999188899994,489600
1990-02-20,0.0,0.03385400027036667,0.029947999864816666,0.029947999864816666,0.02450328879058361,508800
1990-02-21,0.0,0.03385400027036667,0.029947999864816666,0.029947999864816666,0.02450328879058361,211200
1990-02-22,0.0,0.03385400027036667,0.027343999594449997,0.027343999594449997,0.022372709587216377,384000
1990-02-23,0.0,0.03385400027036667,0.027343999594449997,0.027343999594449997,0.022372709587216377,336000
1990-02-26,0.0,0.03385400027036667,0.027343999594449997,0.027343999594449997,0.022372709587216377,28800
1990-02-27,0.0,0.03385400027036667,0.026041999459266663,0.026041999459266663,0.02130742184817791,883200
1990-02-28,0.0,0.03125,0.023437999188899994,0.023437999188899994,0.019176842644810677,1296000
1990-03-01,0.0,0.03125,0.023437999188899994,0.023437999188899994,0.019176842644810677,489600
1990-03-02,0.0,0.03125,0.023437999188899994,0.023437999188899994,0.019176842644810677,211200
1990-03-05,0.023437999188899994,0.023437999188899994,0.023437999188899994,0.023437999188899994,0.019176842644810677,0
1990-03-06,0.0,0.05598999932408333,0.04296899959445,0.04296899959445,0.03515699878334999,6528000
1990-03-07,0.0,0.05208300054073334,0.04296899959445,0.04296899959445,0.03515699878334999,6729600
1990-03-08,0.0,0.05598999932408333,0.04296899959445,0.04296899959445,0.03515699878334999,3120000
1990-03-09,0.0,0.05729199945926666,0.045572999864816666,0.045572999864816666,0.037287577986717224,2467200
1990-03-12,0.0,0.05729199945926666,0.046875,0.046875,0.03835286945104599,1824000
1990-03-13,0.0,0.05729199945926666,0.046875,0.046875,0.03835286945104599,2928000
1990-03-14,0.0,0.05729199945926666,0.046875,0.046875,0.03835286945104599,1200000
1990-03-15,0.0,0.05729199945926666,0.046875,0.046875,0.03835286945104599,96000
1990-03-16,0.0,0.05729199945926666,0.046875,0.046875,0.03835286945104599,566400
1990-03-19,0.0,0.05208300054073334,0.04427099972963333,0.04427099972963333,0.03622229024767876,748800
1990-03-20,0.0,0.05208300054073334,0.04427099972963333,0.04427099972963333,0.03622229024767876,998400
1990-03-21,0.0,0.05208300054073334,0.04427099972963333,0.04427099972963333,0.03622229024767876,1315200
1990-03-22,0.0,0.05208300054073334,0.04427099972963333,0.04427099972963333,0.03622229024767876,288000
1990-03-23,0.0,0.05208300054073334,0.04427099972963333,0.04427099972963333,0.03622229024767876,115200
1990-03-26,0.0,0.05208300054073334,0.04427099972963333,0.04427099972963333,0.03622229024767876,76800
1990-03-27,0.0,0.05208300054073334,0.04427099972963333,0.04427099972963333,0.03622229024767876,364800
1990-03-28,0.0,0.05208300054073334,0.04427099972963333,0.04427099972963333,0.03622229024767876,67200
1990-03-29,0.0,0.05208300054073334,0.04427099972963333,0.04427099972963333,0.03622229024767876,288000
1990-03-30,0.0,0.05208300054073334,0.04427099972963333,0.04427099972963333,0.03622229024767876,144000
1990-04-02,0.0,0.05208300054073334,0.04427099972963333,0.04427099972963333,0.03622229024767876,96000
1990-04-03,0.0,0.05208300054073334,0.04427099972963333,0.04427099972963333,0.03622229024767876,249600
1990-04-04,0.0,0.05208300054073334,0.04427099972963333,0.04427099972963333,0.03622229024767876,566400
1990-04-05,0.0,0.05208300054073334,0.04427099972963333,0.04427099972963333,0.03622229024767876,240000
1990-04-06,0.0,0.05208300054073334,0.04427099972963333,0.04427099972963333,0.03622229024767876,57600
1990-04-09,0.0,0.05208300054073334,0.04427099972963333,0.04427099972963333,0.03622229024767876,288000
1990-04-10,0.0,0.05208300054073334,0.04427099972963333,0.04427099972963333,0.03622229024767876,96000
1990-04-11,0.0,0.05208300054073334,0.04427099972963333,0.04427099972963333,0.03622229024767876,316800
1990-04-12,0.0,0.05208300054073334,0.04427099972963333,0.04427099972963333,0.03622229024767876,19200
1990-04-16,0.0,0.05208300054073334,0.04427099972963333,0.04427099972963333,0.03622229024767876,441600
1990-04-17,0.0,0.048177000135183334,0.04166699945926666,0.04166699945926666,0.03409171104431152,873600
1990-04-18,0.0,0.048177000135183334,0.04166699945926666,0.04166699945926666,0.03409171104431152,364800
1990-04-19,0.0,0.048177000135183334,0.04166699945926666,0.04166699945926666,0.03409171104431152,163200
1990-04-20,0.0,0.048177000135183334,0.04166699945926666,0.04166699945926666,0.03409171104431152,4560000
1990-04-23,0.0,0.048177000135183334,0.04166699945926666,0.04166699945926666,0.03409171104431152,633600
1990-04-24,0.0,0.048177000135183334,0.04166699945926666,0.04166699945926666,0.03409171104431152,211200
1990-04-25,0.0,0.048177000135183334,0.04166699945926666,0.04166699945926666,0.03409171104431152,211200
1990-04-26,0.0,0.048177000135183334,0.04166699945926666,0.04166699945926666,0.03409171104431152,9600
1990-04-27,0.0,0.048177000135183334,0.04166699945926666,0.04166699945926666,0.03409171104431152,134400
1990-04-30,0.0,0.048177000135183334,0.04166699945926666,0.04166699945926666,0.03409171104431152,57600
1990-05-01,0.0,0.048177000135183334,0.04427099972963333,0.04427099972963333,0.03622229024767876,96000
1990-05-02,0.0,0.048177000135183334,0.04166699945926666,0.04166699945926666,0.03409171104431152,384000
1990-05-03,0.0,0.048177000135183334,0.04166699945926666,0.04166699945926666,0.03409171104431152,28800
1990-05-04,0.0,0.048177000135183334,0.04166699945926666,0.04166699945926666,0.03409171104431152,48000
1990-05-07,0.0,0.048177000135183334,0.04166699945926666,0.04166699945926666,0.03409171104431152,345600
1990-05-08,0.0,0.048177000135183334,0.04166699945926666,0.04166699945926666,0.03409171104431152,57600
1990-05-09,0.0,0.048177000135183334,0.04166699945926666,0.04166699945926666,0.03409171104431152,86400
1990-05-10,0.0,0.048177000135183334,0.04166699945926666,0.04166699945926666,0.03409171104431152,374400
1990-05-11,0.0,0.048177000135183334,0.04166699945926666,0.04166699945926666,0.03409171104431152,316800
1990-05-14,0.0,0.048177000135183334,0.04166699945926666,0.04166699945926666,0.03409171104431152,9600
1990-05-15,0.0,0.048177000135183334,0.04166699945926666,0.04166699945926666,0.03409171104431152,57600
1990-05-16,0.0,0.048177000135183334,0.04166699945926666,0.04166699945926666,0.03409171104431152,28800
1990-05-17,0.0,0.048177000135183334,0.04166699945926666,0.04166699945926666,0.03409171104431152,403200
1990-05-18,0.0,0.048177000135183334,0.04166699945926666,0.04166699945926666,0.03409171104431152,259200
1990-05-21,0.0,0.048177000135183334,0.04166699945926666,0.04166699945926666,0.03409171104431152,0
1990-05-22,0.04166699945926666,0.04166699945926666,0.04166699945926666,0.04166699945926666,0.03409171104431152,0
1990-05-23,0.0,0.048177000135183334,0.04166699945926666,0.04166699945926666,0.03409171104431152,105600
1990-05-24,0.0,0.048177000135183334,0.04166699945926666,0.04166699945926666,0.03409171104431152,0
1990-05-25,0.0,0.048177000135183334,0.04166699945926666,0.04166699945926666,0.03409171104431152,240000
1990-05-29,0.0,0.048177000135183334,0.04166699945926666,0.04166699945926666,0.03409171104431152,9600
1990-05-30,0.04166699945926666,0.04166699945926666,0.04166699945926666,0.04166699945926666,0.03409171104431152,0
1990-05-31,0.0,0.048177000135183334,0.04166699945926666,0.04166699945926666,0.03409171104431152,105600
1990-06-01,0.0,0.05989599972963333,0.054687999188899994,0.054687999188899994,0.044745419174432755,2745600
1990-06-04,0.0,0.0625,0.05729199945926666,0.05729199945926666,0.04687599837779999,7641600
1990-06-05,0.0,0.05729199945926666,0.05208300054073334,0.05208300054073334,0.04261402413249016,1161600
1990-06-06,0.0,0.05729199945926666,0.05208300054073334,0.05208300054073334,0.04261402413249016,403200
1990-06-07,0.0,0.05729199945926666,0.05208300054073334,0.05208300054073334,0.04261402413249016,460800
1990-06-08,0.0,0.05859399959445,0.05208300054073334,0.05208300054073334,0.04261402413249016,489600
1990-06-11,0.0,0.05859399959445,0.05208300054073334,0.05208300054073334,0.04261402413249016,748800
1990-06-12,0.0,0.05859399959445,0.05208300054073334,0.05208300054073334,0.04261402413249016,1104000
1990-06-13,0.0,0.054687999188899994,0.04947900027036667,0.04947900027036667,0.040483444929122925,1459200
1990-06-14,0.0,0.05338500067591667,0.046875,0.046875,0.03835286945104599,1516800
1990-06-15,0.0,0.046875,0.04166699945926666,0.04166699945926666,0.03409171104431152,1977600
1990-06-18,0.04166699945926666,0.04166699945926666,0.04166699945926666,0.04166699945926666,0.03409171104431152,0
1990-06-19,0.0,0.046875,0.04166699945926666,0.04166699945926666,0.03409171104431152,249600
1990-06-20,0.0,0.046875,0.04166699945926666,0.04166699945926666,0.03409171104431152,57600
1990-06-21,0.0,0.04427099972963333,0.04166699945926666,0.04166699945926666,0.03409171104431152,1987200
1990-06-22,0.0,0.04427099972963333,0.04166699945926666,0.04166699945926666,0.03409171104431152,614400
1990-06-25,0.0,0.046875,0.04166699945926666,0.04166699945926666,0.03409171104431152,259200
1990-06-26,0.0,0.04427099972963333,0.04036499932408333,0.04036499932408333,0.03302641957998276,384000
1990-06-27,0.0,0.04427099972963333,0.04036499932408333,0.04036499932408333,0.03302641957998276,28800
1990-06-28,0.0,0.04427099972963333,0.04036499932408333,0.04036499932408333,0.03302641957998276,201600
1990-06-29,0.04036499932408333,0.04036499932408333,0.04036499932408333,0.04036499932408333,0.03302641957998276,0
1990-07-02,0.0,0.04427099972963333,0.04036499932408333,0.04036499932408333,0.03302641957998276,28800
1990-07-03,0.0,0.04427099972963333,0.04036499932408333,0.04036499932408333,0.03302641957998276,57600
1990-07-05,0.0,0.04427099972963333,0.04036499932408333,0.04036499932408333,0.03302641957998276,28800
1990-07-06,0.04036499932408333,0.04036499932408333,0.04036499932408333,0.04036499932408333,0.03302641957998276,0
1990-07-09,0.0,0.04427099972963333,0.04036499932408333,0.04036499932408333,0.03302641957998276,9600
1990-07-10,0.0,0.04427099972963333,0.04036499932408333,0.04036499932408333,0.03302641957998276,9600
1990-07-11,0.0,0.04427099972963333,0.04036499932408333,0.04036499932408333,0.03302641957998276,547200
1990-07-12,0.0,0.04427099972963333,0.04036499932408333,0.04036499932408333,0.03302641957998276,28800
1990-07-13,0.0,0.04427099972963333,0.04036499932408333,0.04036499932408333,0.03302641957998276,124800
1990-07-16,0.0,0.04427099972963333,0.04036499932408333,0.04036499932408333,0.03302641957998276,57600
1990-07-17,0.0,0.04427099972963333,0.04036499932408333,0.04036499932408333,0.03302641957998276,240000
1990-07-18,0.0,0.04427099972963333,0.04036499932408333,0.04036499932408333,0.03302641957998276,259200
1990-07-19,0.04036499932408333,0.04036499932408333,0.04036499932408333,0.04036499932408333,0.03302641957998276,0
1990-07-20,0.0,0.04296899959445,0.039062999188899994,0.039062999188899994,0.03196113184094429,518400
1990-07-23,0.0,0.04296899959445,0.039062999188899994,0.039062999188899994,0.03196113184094429,230400
1990-07-24,0.0,0.04296899959445,0.039062999188899994,0.039062999188899994,0.03196113184094429,28800
1990-07-25,0.0,0.04296899959445,0.039062999188899994,0.039062999188899994,0.03196113184094429,28800
1990-07-26,0.0,0.04296899959445,0.039062999188899994,0.039062999188899994,0.03196113184094429,38400
1990-07-27,0.0,0.04296899959445,0.039062999188899994,0.039062999188899994,0.03196113184094429,480000
1990-07-30,0.0,0.04296899959445,0.039062999188899994,0.039062999188899994,0.03196113184094429,48000
1990-07-31,0.039062999188899994,0.039062999188899994,0.039062999188899994,0.039062999188899994,0.03196113184094429,0
1990-08-01,0.0,0.04166699945926666,0.03645800054073334,0.03645800054073334,0.029829734936356544,1632000
1990-08-02,0.0,0.04166699945926666,0.03645800054073334,0.03645800054073334,0.029829734936356544,1603200
1990-08-03,0.0,0.04166699945926666,0.03515600040555,0.03515600040555,0.028764447197318077,240000
1990-08-06,0.03515600040555,0.03515600040555,0.03515600040555,0.03515600040555,0.028764447197318077,0
1990-08-07,0.0,0.04166699945926666,0.03515600040555,0.03515600040555,0.028764447197318077,38400
1990-08-08,0.03515600040555,0.03515600040555,0.03515600040555,0.03515600040555,0.028764447197318077,0
1990-08-09,0.0,0.04166699945926666,0.03515600040555,0.03515600040555,0.028764447197318077,604800
1990-08-10,0.03515600040555,0.03515600040555,0.03515600040555,0.03515600040555,0.028764447197318077,0
1990-08-13,0.0,0.04166699945926666,0.03515600040555,0.03515600040555,0.028764447197318077,192000
1990-08-14,0.03515600040555,0.03515600040555,0.03515600040555,0.03515600040555,0.028764447197318077,0
1990-08-15,0.0,0.04166699945926666,0.03515600040555,0.03515600040555,0.028764447197318077,585600
1990-08-16,0.0,0.04166699945926666,0.03515600040555,0.03515600040555,0.028764447197318077,28800
1990-08-17,0.0,0.04166699945926666,0.03515600040555,0.03515600040555,0.028764447197318077,172800
1990-08-20,0.0,0.04166699945926666,0.03515600040555,0.03515600040555,0.028764447197318077,153600
1990-08-21,0.0,0.04166699945926666,0.03385400027036667,0.03385400027036667,0.02769915759563446,4848000
1990-08-22,0.03385400027036667,0.03385400027036667,0.03385400027036667,0.03385400027036667,0.02769915759563446,0
1990-08-23,0.0,0.04036499932408333,0.03125,0.03125,0.025568578392267227,739200
1990-08-24,0.0,0.04036499932408333,0.03385400027036667,0.03385400027036667,0.02769915759563446,9600
1990-08-27,0.0,0.04036499932408333,0.03385400027036667,0.03385400027036667,0.02769915759563446,124800
1990-08-28,0.0,0.04036499932408333,0.03385400027036667,0.03385400027036667,0.02769915759563446,38400
1990-08-29,0.0,0.04036499932408333,0.03385400027036667,0.03385400027036667,0.02769915759563446,19200
1990-08-30,0.0,0.04036499932408333,0.03385400027036667,0.03385400027036667,0.02769915759563446,115200
1990-08-31,0.0,0.04036499932408333,0.03385400027036667,0.03385400027036667,0.02769915759563446,115200
1990-09-04,0.03385400027036667,0.03385400027036667,0.03385400027036667,0.03385400027036667,0.02769915759563446,0
1990-09-05,0.0,0.04036499932408333,0.03385400027036667,0.03385400027036667,0.02769915759563446,38400
1990-09-06,0.0,0.04036499932408333,0.03385400027036667,0.03385400027036667,0.02769915759563446,9600
1990-09-07,0.0,0.04036499932408333,0.03385400027036667,0.03385400027036667,0.02769915759563446,57600
1990-09-10,0.0,0.04036499932408333,0.03385400027036667,0.03385400027036667,0.02769915759563446,19200
1990-09-11,0.0,0.04036499932408333,0.03385400027036667,0.03385400027036667,0.02769915759563446,403200
1990-09-12,0.03385400027036667,0.03385400027036667,0.03385400027036667,0.03385400027036667,0.02769915759563446,0
1990-09-13,0.0,0.04036499932408333,0.03385400027036667,0.03385400027036667,0.02769915759563446,28800
1990-09-14,0.0,0.04036499932408333,0.03385400027036667,0.03385400027036667,0.02769915759563446,268800
1990-09-17,0.0,0.04036499932408333,0.03385400027036667,0.03385400027036667,0.02769915759563446,38400
1990-09-18,0.0,0.03645800054073334,0.03125,0.03125,0.025568578392267227,297600
1990-09-19,0.0,0.03645800054073334,0.03125,0.03125,0.025568578392267227,288000
1990-09-20,0.0,0.03645800054073334,0.03125,0.03125,0.025568578392267227,115200
1990-09-21,0.0,0.03645800054073334,0.03125,0.03125,0.025568578392267227,19200
1990-09-24,0.0,0.03645800054073334,0.03125,0.03125,0.025568578392267227,76800
1990-09-25,0.0,0.03645800054073334,0.03125,0.03125,0.025568578392267227,9600
1990-09-26,0.0,0.03645800054073334,0.03125,0.03125,0.025568578392267227,19200
1990-09-27,0.0,0.03645800054073334,0.02864599972963333,0.02864599972963333,0.023437999188899994,345600
1990-09-28,0.0,0.03645800054073334,0.02864599972963333,0.02864599972963333,0.023437999188899994,19200
1990-10-01,0.0,0.03645800054073334,0.02864599972963333,0.02864599972963333,0.023437999188899994,192000
1990-10-02,0.0,0.03645800054073334,0.02864599972963333,0.02864599972963333,0.023437999188899994,0
1990-10-03,0.02864599972963333,0.02864599972963333,0.02864599972963333,0.02864599972963333,0.023437999188899994,0
1990-10-04,0.0,0.03645800054073334,0.02864599972963333,0.02864599972963333,0.023437999188899994,288000
1990-10-05,0.0,0.03645800054073334,0.02864599972963333,0.02864599972963333,0.023437999188899994,153600
1990-10-08,0.02864599972963333,0.02864599972963333,0.02864599972963333,0.02864599972963333,0.023437999188899994,0
1990-10-09,0.0,0.03645800054073334,0.02864599972963333,0.02864599972963333,0.023437999188899994,144000
1990-10-10,0.02864599972963333,0.02864599972963333,0.02864599972963333,0.02864599972963333,0.023437999188899994,0
1990-10-11,0.0,0.03645800054073334,0.02864599972963333,0.02864599972963333,0.023437999188899994,201600
1990-10-12,0.0,0.03645800054073334,0.02864599972963333,0.02864599972963333,0.023437999188899994,67200
1990-10-15,0.0,0.03125,0.024739999324083328,0.024739999324083328,0.020242132246494293,1036800
1990-10-16,0.0,0.03125,0.024739999324083328,0.024739999324083328,0.020242132246494293,9600
1990-10-17,0.0,0.03125,0.023437999188899994,0.023437999188899994,0.019176842644810677,172800
1990-10-18,0.0,0.026041999459266663,0.01822900027036667,0.01822900027036667,0.014914867468178272,624000
1990-10-19,0.0,0.026041999459266663,0.022135000675916672,0.022135000675916672,0.018110735341906548,1180800
1990-10-22,0.0,0.027343999594449997,0.023437999188899994,0.023437999188899994,0.019176842644810677,105600
1990-10-23,0.0,0.02864599972963333,0.023437999188899994,0.023437999188899994,0.019176842644810677,345600
1990-10-24,0.023437999188899994,0.023437999188899994,0.023437999188899994,0.023437999188899994,0.019176842644810677,0
1990-10-25,0.0,0.02864599972963333,0.022135000675916672,0.022135000675916672,0.018110735341906548,268800
1990-10-26,0.0,0.02864599972963333,0.022135000675916672,0.022135000675916672,0.018110735341906548,38400
1990-10-29,0.0,0.02864599972963333,0.022135000675916672,0.022135000675916672,0.018110735341906548,28800
1990-10-30,0.0,0.026041999459266663,0.01822900027036667,0.01822900027036667,0.014914867468178272,201600
1990-10-31,0.0,0.026041999459266663,0.01822900027036667,0.01822900027036667,0.014914867468178272,0
1990-11-01,0.0,0.03645800054073334,0.02864599972963333,0.02864599972963333,0.023437999188899994,5942400
1990-11-02,0.0,0.03645800054073334,0.03125,0.03125,0.025568578392267227,6163200
1990-11-05,0.0,0.03515600040555,0.03125,0.03125,0.025568578392267227,5520000
1990-11-06,0.0,0.03515600040555,0.03125,0.03125,0.025568578392267227,3657600
1990-11-07,0.0,0.032552000135183334,0.02864599972963333,0.02864599972963333,0.023437999188899994,2889600
1990-11-08,0.0,0.045572999864816666,0.04166699945926666,0.04166699945926666,0.04166699945926666,2121600
1990-11-09,0.0,0.04036499932408333,0.03645800054073334,0.03645800054073334,0.03645800054073334,19200
1990-11-12,0.0,0.04036499932408333,0.03776000067591667,0.03776000067591667,0.03776000067591667,662400
1990-11-13,0.0,0.039062999188899994,0.03645800054073334,0.03645800054073334,0.03645800054073334,144000
1990-11-14,0.0,0.039062999188899994,0.03515600040555,0.03515600040555,0.03515600040555,76800
1990-11-15,0.0,0.039062999188899994,0.03385400027036667,0.03385400027036667,0.03385400027036667,528000
1990-11-16,0.0,0.03515600040555,0.029947999864816666,0.029947999864816666,0.029947999864816666,816000
1990-11-19,0.029947999864816666,0.029947999864816666,0.029947999864816666,0.029947999864816666,0.029947999864816666,0
1990-11-20,0.0,0.03385400027036667,0.029947999864816666,0.029947999864816666,0.029947999864816666,9600
1990-11-21,0.0,0.029947999864816666,0.026041999459266663,0.026041999459266663,0.026041999459266663,604800
1990-11-23,0.0,0.029947999864816666,0.026041999459266663,0.026041999459266663,0.026041999459266663,960000
1990-11-26,0.0,0.029947999864816666,0.024739999324083328,0.024739999324083328,0.024739999324083328,336000
1990-11-27,0.0,0.02864599972963333,0.023437999188899994,0.023437999188899994,0.023437999188899994,105600
1990-11-28,0.0,0.02864599972963333,0.023437999188899994,0.023437999188899994,0.023437999188899994,0
1990-11-29,0.0,0.027343999594449997,0.024739999324083328,0.024739999324083328,0.024739999324083328,38400
1990-11-30,0.0,0.027343999594449997,0.024739999324083328,0.024739999324083328,0.024739999324083328,192000
1990-12-03,0.0,0.02864599972963333,0.024739999324083328,0.024739999324083328,0.024739999324083328,9600
1990-12-04,0.0,0.022135000675916672,0.019531000405550003,0.019531000405550003,0.019531000405550003,345600
1990-12-05,0.0,0.023437999188899994,0.020833000540733337,0.020833000540733337,0.020833000540733337,1392000
1990-12-06,0.0,0.023437999188899994,0.020833000540733337,0.020833000540733337,0.020833000540733337,595200
1990-12-07,0.0,0.024739999324083328,0.019531000405550003,0.019531000405550003,0.019531000405550003,144000
1990-12-10,0.0,0.024739999324083328,0.019531000405550003,0.019531000405550003,0.019531000405550003,115200
1990-12-11,0.0,0.024739999324083328,0.019531000405550003,0.019531000405550003,0.019531000405550003,307200
1990-12-12,0.0,0.022135000675916672,0.019531000405550003,0.019531000405550003,0.019531000405550003,288000
1990-12-13,0.0,0.022135000675916672,0.019531000405550003,0.019531000405550003,0.019531000405550003,336000
1990-12-14,0.019531000405550003,0.019531000405550003,0.019531000405550003,0.019531000405550003,0.019531000405550003,0
1990-12-17,0.0,0.022135000675916672,0.019531000405550003,0.019531000405550003,0.019531000405550003,969600
1990-12-18,0.0,0.022135000675916672,0.019531000405550003,0.019531000405550003,0.019531000405550003,38400
1990-12-19,0.019531000405550003,0.019531000405550003,0.019531000405550003,0.019531000405550003,0.019531000405550003,0
1990-12-20,0.0,0.022135000675916672,0.019531000405550003,0.019531000405550003,0.019531000405550003,1152000
1990-12-21,0.0,0.022135000675916672,0.019531000405550003,0.019531000405550003,0.019531000405550003,441600
1990-12-24,0.0,0.022135000675916672,0.019531000405550003,0.019531000405550003,0.019531000405550003,48000
1990-12-26,0.0,0.023437999188899994,0.019531000405550003,0.019531000405550003,0.019531000405550003,768000
1990-12-27,0.0,0.023437999188899994,0.019531000405550003,0.019531000405550003,0.019531000405550003,192000
1990-12-28,0.0,0.023437999188899994,0.019531000405550003,0.019531000405550003,0.019531000405550003,48000
1990-12-31,0.0,0.023437999188899994,0.019531000405550003,0.019531000405550003,0.019531000405550003,57600
1991-01-02,0.0,0.023437999188899994,0.019531000405550003,0.019531000405550003,0.019531000405550003,672000
1991-01-03,0.0,0.023437999188899994,0.019531000405550003,0.019531000405550003,0.019531000405550003,144000
1991-01-04,0.019531000405550003,0.019531000405550003,0.019531000405550003,0.019531000405550003,0.019531000405550003,0
1991-01-07,0.019531000405550003,0.019531000405550003,0.019531000405550003,0.019531000405550003,0.019531000405550003,0
1991-01-08,0.0,0.020833000540733337,0.01822900027036667,0.01822900027036667,0.01822900027036667,297600
1991-01-09,0.01822900027036667,0.01822900027036667,0.01822900027036667,0.01822900027036667,0.01822900027036667,0
1991-01-10,0.0,0.01822900027036667,0.015625,0.015625,0.015625,1152000
1991-01-11,0.0,0.020833000540733337,0.01822900027036667,0.01822900027036667,0.01822900027036667,1920000
1991-01-14,0.0,0.020833000540733337,0.01822900027036667,0.01822900027036667,0.01822900027036667,19200
1991-01-15,0.0,0.023437999188899994,0.020833000540733337,0.020833000540733337,0.020833000540733337,624000
1991-01-16,0.0,0.020833000540733337,0.019531000405550003,0.019531000405550003,0.019531000405550003,1084800
1991-01-17,0.0,0.022135000675916672,0.019531000405550003,0.019531000405550003,0.019531000405550003,384000
1991-01-18,0.019531000405550003,0.019531000405550003,0.019531000405550003,0.019531000405550003,0.019531000405550003,0
1991-01-21,0.0,0.020833000540733337,0.01822900027036667,0.01822900027036667,0.01822900027036667,19200
1991-01-22,0.0,0.020833000540733337,0.01822900027036667,0.01822900027036667,0.01822900027036667,2016000
1991-01-23,0.0,0.020833000540733337,0.01822900027036667,0.01822900027036667,0.01822900027036667,326400
1991-01-24,0.0,0.020833000540733337,0.01822900027036667,0.01822900027036667,0.01822900027036667,9600
1991-01-25,0.0,0.020833000540733337,0.01822900027036667,0.01822900027036667,0.01822900027036667,192000
1991-01-28,0.01822900027036667,0.01822900027036667,0.01822900027036667,0.01822900027036667,0.01822900027036667,0
1991-01-29,0.0,0.020833000540733337,0.01822900027036667,0.01822900027036667,0.01822900027036667,28800
1991-01-30,0.01822900027036667,0.01822900027036667,0.01822900027036667,0.01822900027036667,0.01822900027036667,0
1991-01-31,0.01822900027036667,0.01822900027036667,0.01822900027036667,0.01822900027036667,0.01822900027036667,0
1991-02-01,0.01822900027036667,0.01822900027036667,0.01822900027036667,0.01822900027036667,0.01822900027036667,0
1991-02-04,0.01822900027036667,0.01822900027036667,0.01822900027036667,0.01822900027036667,0.01822900027036667,0
1991-02-05,0.0,0.020833000540733337,0.016927000135183334,0.016927000135183334,0.016927000135183334,595200
1991-02-06,0.016927000135183334,0.016927000135183334,0.016927000135183334,0.016927000135183334,0.016927000135183334,0
1991-02-07,0.016927000135183334,0.016927000135183334,0.016927000135183334,0.016927000135183334,0.016927000135183334,0
1991-02-08,0.0,0.01822900027036667,0.015625,0.015625,0.015625,451200
1991-02-11,0.015625,0.015625,0.015625,0.015625,0.015625,0
1991-02-12,0.0,0.01822900027036667,0.014322999864816666,0.014322999864816666,0.014322999864816666,192000
1991-02-13,0.0,0.01822900027036667,0.014322999864816666,0.014322999864816666,0.014322999864816666,192000
1991-02-14,0.0,0.01822900027036667,0.014322999864816666,0.014322999864816666,0.014322999864816666,729600
1991-02-15,0.014322999864816666,0.014322999864816666,0.014322999864816666,0.014322999864816666,0.014322999864816666,0
1991-02-19,0.0,0.01822900027036667,0.015625,0.015625,0.015625,9600
1991-02-20,0.015625,0.015625,0.015625,0.015625,0.015625,0
1991-02-21,0.015625,0.015625,0.015625,0.015625,0.015625,0
1991-02-22,0.015625,0.015625,0.015625,0.015625,0.015625,0
1991-02-25,0.0,0.01822900027036667,0.016927000135183334,0.016927000135183334,0.016927000135183334,547200
1991-02-26,0.0,0.01822900027036667,0.016927000135183334,0.016927000135183334,0.016927000135183334,336000
1991-02-27,0.016927000135183334,0.016927000135183334,0.016927000135183334,0.016927000135183334,0.016927000135183334,0
1991-02-28,0.0,0.01822900027036667,0.015625,0.015625,0.015625,384000
1991-03-01,0.0,0.019531000405550003,0.016927000135183334,0.016927000135183334,0.016927000135183334,1632000
1991-03-04,0.0,0.022135000675916672,0.01822900027036667,0.01822900027036667,0.01822900027036667,1603200
1991-03-05,0.0,0.022135000675916672,0.01822900027036667,0.01822900027036667,0.01822900027036667,28800
1991-03-06,0.0,0.022135000675916672,0.01822900027036667,0.01822900027036667,0.01822900027036667,28800
1991-03-07,0.0,0.022135000675916672,0.01822900027036667,0.01822900027036667,0.01822900027036667,384000
1991-03-08,0.0,0.022135000675916672,0.016927000135183334,0.016927000135183334,0.016927000135183334,480000
1991-03-11,0.016927000135183334,0.016927000135183334,0.016927000135183334,0.016927000135183334,0.016927000135183334,0
1991-03-12,0.016927000135183334,0.016927000135183334,0.016927000135183334,0.016927000135183334,0.016927000135183334,0
1991-03-13,0.0,0.022135000675916672,0.016927000135183334,0.016927000135183334,0.016927000135183334,192000
1991-03-14,0.0,0.026041999459266663,0.022135000675916672,0.022135000675916672,0.022135000675916672,326400
1991-03-15,0.0,0.024739999324083328,0.020833000540733337,0.020833000540733337,0.020833000540733337,844800
1991-03-18,0.020833000540733337,0.020833000540733337,0.020833000540733337,0.020833000540733337,0.020833000540733337,0
1991-03-19,0.0,0.024739999324083328,0.020833000540733337,0.020833000540733337,0.020833000540733337,124800
1991-03-20,0.0,0.024739999324083328,0.020833000540733337,0.020833000540733337,0.020833000540733337,1132800
1991-03-21,0.0,0.024739999324083328,0.020833000540733337,0.020833000540733337,0.020833000540733337,643200
1991-03-22,0.0,0.023437999188899994,0.020833000540733337,0.020833000540733337,0.020833000540733337,825600
1991-03-25,0.0,0.023437999188899994,0.019531000405550003,0.019531000405550003,0.019531000405550003,153600
1991-03-26,0.019531000405550003,0.019531000405550003,0.019531000405550003,0.019531000405550003,0.019531000405550003,0
1991-03-27,0.019531000405550003,0.019531000405550003,0.019531000405550003,0.019531000405550003,0.019531000405550003,0
1991-03-28,0.0,0.020833000540733337,0.019531000405550003,0.019531000405550003,0.019531000405550003,28800
1991-04-01,0.0,0.020833000540733337,0.019531000405550003,0.019531000405550003,0.019531000405550003,0
1991-04-02,0.0,0.020833000540733337,0.019531000405550003,0.019531000405550003,0.019531000405550003,105600
1991-04-03,0.0,0.020833000540733337,0.019531000405550003,0.019531000405550003,0.019531000405550003,0
1991-04-04,0.019531000405550003,0.019531000405550003,0.019531000405550003,0.019531000405550003,0.019531000405550003,0
1991-04-05,0.0,0.020833000540733337,0.019531000405550003,0.019531000405550003,0.019531000405550003,288000
1991-04-08,0.0,0.019531000405550003,0.016927000135183334,0.016927000135183334,0.016927000135183334,796800
1991-04-09,0.0,0.01822900027036667,0.016927000135183334,0.016927000135183334,0.016927000135183334,48000
1991-04-10,0.0,0.019531000405550003,0.016927000135183334,0.016927000135183334,0.016927000135183334,288000
1991-04-11,0.0,0.01822900027036667,0.016927000135183334,0.016927000135183334,0.016927000135183334,220800
1991-04-12,0.0,0.01822900027036667,0.015625,0.015625,0.015625,249600
1991-04-15,0.0,0.01822900027036667,0.015625,0.015625,0.015625,0
1991-04-16,0.015625,0.015625,0.015625,0.015625,0.015625,0
1991-04-17,0.015625,0.015625,0.015625,0.015625,0.015625,0
1991-04-18,0.015625,0.015625,0.015625,0.015625,0.015625,0
1991-04-19,0.015625,0.015625,0.015625,0.015625,0.015625,0
1991-04-22,0.015625,0.015625,0.015625,0.015625,0.015625,0
1991-04-23,0.0,0.01822900027036667,0.014322999864816666,0.014322999864816666,0.014322999864816666,1056000
1991-04-24,0.0,0.01822900027036667,0.014322999864816666,0.014322999864816666,0.014322999864816666,9600
1991-04-25,0.0,0.01822900027036667,0.014322999864816666,0.014322999864816666,0.014322999864816666,9600
1991-04-26,0.014322999864816666,0.014322999864816666,0.014322999864816666,0.014322999864816666,0.014322999864816666,0
1991-04-29,0.0,0.01822900027036667,0.014322999864816666,0.014322999864816666,0.014322999864816666,134400
1991-04-30,0.014322999864816666,0.014322999864816666,0.014322999864816666,0.014322999864816666,0.014322999864816666,0
1991-05-01,0.0,0.01822900027036667,0.014322999864816666,0.014322999864816666,0.014322999864816666,192000
1991-05-02,0.014322999864816666,0.014322999864816666,0.014322999864816666,0.014322999864816666,0.014322999864816666,0
1991-05-03,0.014322999864816666,0.014322999864816666,0.014322999864816666,0.014322999864816666,0.014322999864816666,0
1991-05-06,0.014322999864816666,0.014322999864816666,0.014322999864816666,0.014322999864816666,0.014322999864816666,0
1991-05-07,0.014322999864816666,0.014322999864816666,0.014322999864816666,0.014322999864816666,0.014322999864816666,0
1991-05-08,0.0,0.01822900027036667,0.015625,0.015625,0.015625,96000
1991-05-09,0.015625,0.015625,0.015625,0.015625,0.015625,0
1991-05-10,0.015625,0.015625,0.015625,0.015625,0.015625,0
1991-05-13,0.015625,0.015625,0.015625,0.015625,0.015625,0
1991-05-14,0.0,0.01822900027036667,0.015625,0.015625,0.015625,547200
1991-05-15,0.0,0.01822900027036667,0.015625,0.015625,0.015625,48000
1991-05-16,0.0,0.01822900027036667,0.015625,0.015625,0.015625,48000
1991-05-17,0.015625,0.015625,0.015625,0.015625,0.015625,0
1991-05-20,0.0,0.01822900027036667,0.015625,0.015625,0.015625,19200
1991-05-21,0.015625,0.015625,0.015625,0.015625,0.015625,0
1991-05-22,0.0,0.01822900027036667,0.015625,0.015625,0.015625,48000
1991-05-23,0.0,0.01822900027036667,0.015625,0.015625,0.015625,28800
1991-05-24,0.015625,0.015625,0.015625,0.015625,0.015625,0
1991-05-28,0.015625,0.015625,0.015625,0.015625,0.015625,0
1991-05-29,0.0,0.01822900027036667,0.015625,0.015625,0.015625,672000
1991-05-30,0.0,0.01822900027036667,0.015625,0.015625,0.015625,9600
1991-05-31,0.0,0.016927000135183334,0.015625,0.015625,0.015625,192000
1991-06-03,0.0,0.016927000135183334,0.015625,0.015625,0.015625,9600
1991-06-04,0.0,0.016927000135183334,0.015625,0.015625,0.015625,19200
1991-06-05,0.015625,0.015625,0.015625,0.015625,0.015625,0
1991-06-06,0.015625,0.015625,0.015625,0.015625,0.015625,0
1991-06-07,0.015625,0.015625,0.015625,0.015625,0.015625,0
1991-06-10,0.0,0.019531000405550003,0.016927000135183334,0.016927000135183334,0.016927000135183334,288000
1991-06-11,0.0,0.019531000405550003,0.016927000135183334,0.016927000135183334,0.016927000135183334,9600
1991-06-12,0.016927000135183334,0.016927000135183334,0.016927000135183334,0.016927000135183334,0.016927000135183334,0
1991-06-13,0.016927000135183334,0.016927000135183334,0.016927000135183334,0.016927000135183334,0.016927000135183334,0
1991-06-14,0.0,0.019531000405550003,0.01822900027036667,0.01822900027036667,0.01822900027036667,201600
1991-06-17,0.01822900027036667,0.01822900027036667,0.01822900027036667,0.01822900027036667,0.01822900027036667,0
1991-06-18,0.01822900027036667,0.01822900027036667,0.01822900027036667,0.01822900027036667,0.01822900027036667,0
1991-06-19,0.0,0.019531000405550003,0.01822900027036667,0.01822900027036667,0.01822900027036667,201600
1991-06-20,0.0,0.019531000405550003,0.01822900027036667,0.01822900027036667,0.01822900027036667,384000
1991-06-21,0.0,0.020833000540733337,0.01822900027036667,0.01822900027036667,0.01822900027036667,672000
1991-06-24,0.0,0.020833000540733337,0.01822900027036667,0.01822900027036667,0.01822900027036667,537600
1991-06-25,0.01822900027036667,0.01822900027036667,0.01822900027036667,0.01822900027036667,0.01822900027036667,0
1991-06-26,0.0,0.020833000540733337,0.01822900027036667,0.01822900027036667,0.01822900027036667,960000
1991-06-27,0.01822900027036667,0.01822900027036667,0.01822900027036667,0.01822900027036667,0.01822900027036667,0
1991-06-28,0.0,0.020833000540733337,0.01822900027036667,0.01822900027036667,0.01822900027036667,96000
1991-07-01,0.0,0.020833000540733337,0.01822900027036667,0.01822900027036667,0.01822900027036667,96000
1991-07-02,0.0,0.020833000540733337,0.01822900027036667,0.01822900027036667,0.01822900027036667,96000
1991-07-03,0.0,0.020833000540733337,0.01822900027036667,0.01822900027036667,0.01822900027036667,28800
1991-07-05,0.01822900027036667,0.01822900027036667,0.01822900027036667,0.01822900027036667,0.01822900027036667,0
1991-07-08,0.01822900027036667,0.01822900027036667,0.01822900027036667,0.01822900027036667,0.01822900027036667,0
1991-07-09,0.0,0.019531000405550003,0.01822900027036667,0.01822900027036667,0.01822900027036667,19200
1991-07-10,0.0,0.019531000405550003,0.01822900027036667,0.01822900027036667,0.01822900027036667,105600
1991-07-11,0.01822900027036667,0.01822900027036667,0.01822900027036667,0.01822900027036667,0.01822900027036667,0
1991-07-12,0.01822900027036667,0.01822900027036667,0.01822900027036667,0.01822900027036667,0.01822900027036667,0
1991-07-15,0.0,0.019531000405550003,0.01822900027036667,0.01822900027036667,0.01822900027036667,9600
1991-07-16,0.01822900027036667,0.01822900027036667,0.01822900027036667,0.01822900027036667,0.01822900027036667,0
1991-07-17,0.0,0.019531000405550003,0.01822900027036667,0.01822900027036667,0.01822900027036667,9600
1991-07-18,0.01822900027036667,0.01822900027036667,0.01822900027036667,0.01822900027036667,0.01822900027036667,0
1991-07-19,0.0,0.019531000405550003,0.01822900027036667,0.01822900027036667,0.01822900027036667,38400
1991-07-22,0.01822900027036667,0.01822900027036667,0.01822900027036667,0.01822900027036667,0.01822900027036667,0
1991-07-23,0.01822900027036667,0.01822900027036667,0.01822900027036667,0.01822900027036667,0.01822900027036667,0
1991-07-24,0.01822900027036667,0.01822900027036667,0.01822900027036667,0.01822900027036667,0.01822900027036667,0
1991-07-25,0.01822900027036667,0.01822900027036667,0.01822900027036667,0.01822900027036667,0.01822900027036667,0
1991-07-26,0.0,0.019531000405550003,0.01822900027036667,0.01822900027036667,0.01822900027036667,9600
1991-07-29,0.01822900027036667,0.01822900027036667,0.01822900027036667,0.01822900027036667,0.01822900027036667,0
1991-07-30,0.01822900027036667,0.01822900027036667,0.01822900027036667,0.01822900027036667,0.01822900027036667,0
1991-07-31,0.0,0.019531000405550003,0.01822900027036667,0.01822900027036667,0.01822900027036667,48000
1991-08-01,0.01822900027036667,0.01822900027036667,0.01822900027036667,0.01822900027036667,0.01822900027036667,0
1991-08-02,0.01822900027036667,0.01822900027036667,0.01822900027036667,0.01822900027036667,0.01822900027036667,0
1991-08-05,0.01822900027036667,0.01822900027036667,0.01822900027036667,0.01822900027036667,0.01822900027036667,0
1991-08-06,0.0,0.019531000405550003,0.01822900027036667,0.01822900027036667,0.01822900027036667,0
1991-08-07,0.01822900027036667,0.01822900027036667,0.01822900027036667,0.01822900027036667,0.01822900027036667,0
1991-08-08,0.0,0.019531000405550003,0.01822900027036667,0.01822900027036667,0.01822900027036667,28800
1991-08-09,0.0,0.019531000405550003,0.01822900027036667,0.01822900027036667,0.01822900027036667,9600
1991-08-12,0.01822900027036667,0.01822900027036667,0.01822900027036667,0.01822900027036667,0.01822900027036667,0
1991-08-13,0.0,0.019531000405550003,0.01822900027036667,0.01822900027036667,0.01822900027036667,192000
1991-08-14,0.0,0.019531000405550003,0.01822900027036667,0.01822900027036667,0.01822900027036667,9600
1991-08-15,0.01822900027036667,0.01822900027036667,0.01822900027036667,0.01822900027036667,0.01822900027036667,0
1991-08-16,0.0,0.019531000405550003,0.01822900027036667,0.01822900027036667,0.01822900027036667,9600
1991-08-19,0.01822900027036667,0.01822900027036667,0.01822900027036667,0.01822900027036667,0.01822900027036667,0
1991-08-20,0.01822900027036667,0.01822900027036667,0.01822900027036667,0.01822900027036667,0.01822900027036667,0
1991-08-21,0.01822900027036667,0.01822900027036667,0.01822900027036667,0.01822900027036667,0.01822900027036667,0
1991-08-22,0.01822900027036667,0.01822900027036667,0.01822900027036667,0.01822900027036667,0.01822900027036667,0
1991-08-23,0.0,0.020833000540733337,0.019531000405550003,0.019531000405550003,0.019531000405550003,480000
1991-08-26,0.019531000405550003,0.019531000405550003,0.019531000405550003,0.019531000405550003,0.019531000405550003,0
1991-08-27,0.0,0.020833000540733337,0.019531000405550003,0.019531000405550003,0.019531000405550003,1680000
1991-08-28,0.0,0.020833000540733337,0.019531000405550003,0.019531000405550003,0.019531000405550003,9600
1991-08-29,0.0,0.020833000540733337,0.019531000405550003,0.019531000405550003,0.019531000405550003,0
1991-08-30,0.019531000405550003,0.019531000405550003,0.019531000405550003,0.019531000405550003,0.019531000405550003,0
1991-09-03,0.019531000405550003,0.019531000405550003,0.019531000405550003,0.019531000405550003,0.019531000405550003,0
1991-09-04,0.019531000405550003,0.019531000405550003,0.019531000405550003,0.019531000405550003,0.019531000405550003,0
1991-09-05,0.0,0.020833000540733337,0.019531000405550003,0.019531000405550003,0.019531000405550003,393600
1991-09-06,0.0,0.020833000540733337,0.019531000405550003,0.019531000405550003,0.019531000405550003,96000
1991-09-09,0.019531000405550003,0.019531000405550003,0.019531000405550003,0.019531000405550003,0.019531000405550003,0
1991-09-10,0.0,0.020833000540733337,0.019531000405550003,0.019531000405550003,0.019531000405550003,48000
1991-09-11,0.0,0.020833000540733337,0.019531000405550003,0.019531000405550003,0.019531000405550003,38400
1991-09-12,0.0,0.020833000540733337,0.019531000405550003,0.019531000405550003,0.019531000405550003,57600
1991-09-13,0.019531000405550003,0.019531000405550003,0.019531000405550003,0.019531000405550003,0.019531000405550003,0
1991-09-16,0.019531000405550003,0.019531000405550003,0.019531000405550003,0.019531000405550003,0.019531000405550003,0
1991-09-17,0.019531000405550003,0.019531000405550003,0.019531000405550003,0.019531000405550003,0.019531000405550003,0
1991-09-18,0.019531000405550003,0.019531000405550003,0.019531000405550003,0.019531000405550003,0.019531000405550003,0
1991-09-19,0.019531000405550003,0.019531000405550003,0.019531000405550003,0.019531000405550003,0.019531000405550003,0
1991-09-20,0.0,0.020833000540733337,0.019531000405550003,0.019531000405550003,0.019531000405550003,38400
1991-09-23,0.019531000405550003,0.019531000405550003,0.019531000405550003,0.019531000405550003,0.019531000405550003,0
1991-09-24,0.0,0.020833000540733337,0.019531000405550003,0.019531000405550003,0.019531000405550003,28800
1991-09-25,0.0,0.019531000405550003,0.019531000405550003,0.019531000405550003,0.019531000405550003,163200
1991-09-26,0.019531000405550003,0.019531000405550003,0.019531000405550003,0.019531000405550003,0.019531000405550003,0
1991-09-27,0.0,0.019531000405550003,0.019531000405550003,0.019531000405550003,0.019531000405550003,393600
1991-09-30,0.0,0.019531000405550003,0.019531000405550003,0.019531000405550003,0.019531000405550003,105600
1991-10-01,0.0,0.01822900027036667,0.016927000135183334,0.016927000135183334,0.016927000135183334,432000
1991-10-02,0.016927000135183334,0.016927000135183334,0.016927000135183334,0.016927000135183334,0.016927000135183334,0
1991-10-03,0.016927000135183334,0.016927000135183334,0.016927000135183334,0.016927000135183334,0.016927000135183334,0
1991-10-04,0.016927000135183334,0.016927000135183334,0.016927000135183334,0.016927000135183334,0.016927000135183334,0
1991-10-07,0.016927000135183334,0.016927000135183334,0.016927000135183334,0.016927000135183334,0.016927000135183334,0
1991-10-08,0.016927000135183334,0.016927000135183334,0.016927000135183334,0.016927000135183334,0.016927000135183334,0
1991-10-09,0.016927000135183334,0.016927000135183334,0.016927000135183334,0.016927000135183334,0.016927000135183334,0
1991-10-10,0.0,0.01822900027036667,0.016927000135183334,0.016927000135183334,0.016927000135183334,153600
1991-10-11,0.016927000135183334,0.016927000135183334,0.016927000135183334,0.016927000135183334,0.016927000135183334,0
1991-10-14,0.0,0.01822900027036667,0.016927000135183334,0.016927000135183334,0.016927000135183334,48000
1991-10-15,0.0,0.01822900027036667,0.016927000135183334,0.016927000135183334,0.016927000135183334,480000
1991-10-16,0.0,0.01822900027036667,0.016927000135183334,0.016927000135183334,0.016927000135183334,163200
1991-10-17,0.0,0.01822900027036667,0.016927000135183334,0.016927000135183334,0.016927000135183334,0
1991-10-18,0.0,0.01822900027036667,0.016927000135183334,0.016927000135183334,0.016927000135183334,288000
1991-10-21,0.016927000135183334,0.016927000135183334,0.016927000135183334,0.016927000135183334,0.016927000135183334,0
1991-10-22,0.016927000135183334,0.016927000135183334,0.016927000135183334,0.016927000135183334,0.016927000135183334,0
1991-10-23,0.0,0.01822900027036667,0.016927000135183334,0.016927000135183334,0.016927000135183334,288000
1991-10-24,0.0,0.01822900027036667,0.016927000135183334,0.016927000135183334,0.016927000135183334,57600
1991-10-25,0.016927000135183334,0.016927000135183334,0.016927000135183334,0.016927000135183334,0.016927000135183334,0
1991-10-28,0.0,0.01822900027036667,0.016927000135183334,0.016927000135183334,0.016927000135183334,192000
1991-10-29,0.0,0.020833000540733337,0.016927000135183334,0.016927000135183334,0.016927000135183334,134400
1991-10-30,0.0,0.020833000540733337,0.016927000135183334,0.016927000135183334,0.016927000135183334,288000
1991-10-31,0.0,0.020833000540733337,0.016927000135183334,0.016927000135183334,0.016927000135183334,9600
1991-11-01,0.0,0.020833000540733337,0.016927000135183334,0.016927000135183334,0.016927000135183334,9600
1991-11-04,0.0,0.020833000540733337,0.016927000135183334,0.016927000135183334,0.016927000135183334,0
1991-11-05,0.0,0.020833000540733337,0.016927000135183334,0.016927000135183334,0.016927000135183334,144000
1991-11-06,0.0,0.020833000540733337,0.01822900027036667,0.01822900027036667,0.01822900027036667,1968000
1991-11-07,0.0,0.020833000540733337,0.01822900027036667,0.01822900027036667,0.01822900027036667,528000
1991-11-08,0.0,0.020833000540733337,0.01822900027036667,0.01822900027036667,0.01822900027036667,144000
1991-11-11,0.0,0.020833000540733337,0.01822900027036667,0.01822900027036667,0.01822900027036667,576000
1991-11-12,0.0,0.020833000540733337,0.01822900027036667,0.01822900027036667,0.01822900027036667,384000
1991-11-13,0.01822900027036667,0.01822900027036667,0.01822900027036667,0.01822900027036667,0.01822900027036667,0
1991-11-14,0.0,0.026041999459266663,0.023437999188899994,0.023437999188899994,0.023437999188899994,1363200
1991-11-15,0.0,0.02864599972963333,0.024739999324083328,0.024739999324083328,0.024739999324083328,105600
1991-11-18,0.0,0.027343999594449997,0.024739999324083328,0.024739999324083328,0.024739999324083328,288000
1991-11-19,0.0,0.027343999594449997,0.023437999188899994,0.023437999188899994,0.023437999188899994,921600
1991-11-20,0.0,0.027343999594449997,0.023437999188899994,0.023437999188899994,0.023437999188899994,192000
1991-11-21,0.0,0.027343999594449997,0.023437999188899994,0.023437999188899994,0.023437999188899994,48000
1991-11-22,0.0,0.027343999594449997,0.023437999188899994,0.023437999188899994,0.023437999188899994,144000
1991-11-25,0.0,0.027343999594449997,0.023437999188899994,0.023437999188899994,0.023437999188899994,28800
1991-11-26,0.0,0.027343999594449997,0.023437999188899994,0.023437999188899994,0.023437999188899994,57600
1991-11-27,0.023437999188899994,0.023437999188899994,0.023437999188899994,0.023437999188899994,0.023437999188899994,0
1991-11-29,0.023437999188899994,0.023437999188899994,0.023437999188899994,0.023437999188899994,0.023437999188899994,0
1991-12-02,0.023437999188899994,0.023437999188899994,0.023437999188899994,0.023437999188899994,0.023437999188899994,0
1991-12-03,0.0,0.027343999594449997,0.023437999188899994,0.023437999188899994,0.023437999188899994,9600
1991-12-04,0.0,0.027343999594449997,0.023437999188899994,0.023437999188899994,0.023437999188899994,0
1991-12-05,0.0,0.027343999594449997,0.023437999188899994,0.023437999188899994,0.023437999188899994,124800
1991-12-06,0.0,0.027343999594449997,0.023437999188899994,0.023437999188899994,0.023437999188899994,38400
1991-12-09,0.0,0.02864599972963333,0.023437999188899994,0.023437999188899994,0.023437999188899994,0
1991-12-10,0.0,0.02864599972963333,0.023437999188899994,0.023437999188899994,0.023437999188899994,384000
1991-12-11,0.0,0.02864599972963333,0.023437999188899994,0.023437999188899994,0.023437999188899994,105600
1991-12-12,0.0,0.02864599972963333,0.023437999188899994,0.023437999188899994,0.023437999188899994,9600
1991-12-13,0.0,0.02864599972963333,0.023437999188899994,0.023437999188899994,0.023437999188899994,144000
1991-12-16,0.0,0.02864599972963333,0.023437999188899994,0.023437999188899994,0.023437999188899994,422400
1991-12-17,0.0,0.02864599972963333,0.023437999188899994,0.023437999188899994,0.023437999188899994,19200
1991-12-18,0.0,0.02864599972963333,0.023437999188899994,0.023437999188899994,0.023437999188899994,192000
1991-12-19,0.0,0.02864599972963333,0.023437999188899994,0.023437999188899994,0.023437999188899994,19200
1991-12-20,0.0,0.02864599972963333,0.023437999188899994,0.023437999188899994,0.023437999188899994,105600
1991-12-23,0.023437999188899994,0.023437999188899994,0.023437999188899994,0.023437999188899994,0.023437999188899994,0
1991-12-24,0.023437999188899994,0.023437999188899994,0.023437999188899994,0.023437999188899994,0.023437999188899994,0
1991-12-26,0.0,0.02864599972963333,0.023437999188899994,0.023437999188899994,0.023437999188899994,172800
1991-12-27,0.0,0.02864599972963333,0.023437999188899994,0.023437999188899994,0.023437999188899994,28800
1991-12-30,0.0,0.02864599972963333,0.023437999188899994,0.023437999188899994,0.023437999188899994,163200
1991-12-31,0.0,0.02864599972963333,0.023437999188899994,0.023437999188899994,0.023437999188899994,614400
1992-01-02,0.0,0.026041999459266663,0.022135000675916672,0.022135000675916672,0.022135000675916672,288000
1992-01-03,0.022135000675916672,0.022135000675916672,0.022135000675916672,0.022135000675916672,0.022135000675916672,0
1992-01-06,0.0,0.026041999459266663,0.022135000675916672,0.022135000675916672,0.022135000675916672,57600
1992-01-07,0.0,0.026041999459266663,0.022135000675916672,0.022135000675916672,0.022135000675916672,96000
1992-01-08,0.0,0.026041999459266663,0.022135000675916672,0.022135000675916672,0.022135000675916672,19200
1992-01-09,0.0,0.026041999459266663,0.022135000675916672,0.022135000675916672,0.022135000675916672,9600
1992-01-10,0.022135000675916672,0.022135000675916672,0.022135000675916672,0.022135000675916672,0.022135000675916672,0
1992-01-13,0.022135000675916672,0.022135000675916672,0.022135000675916672,0.022135000675916672,0.022135000675916672,0
1992-01-14,0.022135000675916672,0.022135000675916672,0.022135000675916672,0.022135000675916672,0.022135000675916672,0
1992-01-15,0.022135000675916672,0.022135000675916672,0.022135000675916672,0.022135000675916672,0.022135000675916672,0
1992-01-16,0.022135000675916672,0.022135000675916672,0.022135000675916672,0.022135000675916672,0.022135000675916672,0
1992-01-17,0.0,0.027343999594449997,0.022135000675916672,0.022135000675916672,0.022135000675916672,96000
1992-01-20,0.0,0.027343999594449997,0.022135000675916672,0.022135000675916672,0.022135000675916672,76800
1992-01-21,0.0,0.027343999594449997,0.022135000675916672,0.022135000675916672,0.022135000675916672,19200
1992-01-22,0.0,0.027343999594449997,0.022135000675916672,0.022135000675916672,0.022135000675916672,9600
1992-01-23,0.0,0.027343999594449997,0.022135000675916672,0.022135000675916672,0.022135000675916672,57600
1992-01-24,0.0,0.027343999594449997,0.022135000675916672,0.022135000675916672,0.022135000675916672,9600
1992-01-27,0.022135000675916672,0.022135000675916672,0.022135000675916672,0.022135000675916672,0.022135000675916672,0
1992-01-28,0.0,0.027343999594449997,0.022135000675916672,0.022135000675916672,0.022135000675916672,9600
1992-01-29,0.0,0.027343999594449997,0.022135000675916672,0.022135000675916672,0.022135000675916672,9600
1992-01-30,0.0,0.027343999594449997,0.022135000675916672,0.022135000675916672,0.022135000675916672,9600
1992-01-31,0.0,0.024739999324083328,0.020833000540733337,0.020833000540733337,0.020833000540733337,508800
1992-02-03,0.0,0.024739999324083328,0.020833000540733337,0.020833000540733337,0.020833000540733337,0
1992-02-04,0.0,0.024739999324083328,0.019531000405550003,0.019531000405550003,0.019531000405550003,278400
1992-02-05,0.0,0.024739999324083328,0.019531000405550003,0.019531000405550003,0.019531000405550003,9600
1992-02-06,0.0,0.024739999324083328,0.019531000405550003,0.019531000405550003,0.019531000405550003,19200
1992-02-07,0.019531000405550003,0.019531000405550003,0.019531000405550003,0.019531000405550003,0.019531000405550003,0
1992-02-10,0.0,0.01822900027036667,0.015625,0.015625,0.015625,355200
1992-02-11,0.015625,0.015625,0.015625,0.015625,0.015625,0
1992-02-12,0.015625,0.015625,0.015625,0.015625,0.015625,0
1992-02-13,0.0,0.026041999459266663,0.019531000405550003,0.019531000405550003,0.019531000405550003,739200
1992-02-14,0.019531000405550003,0.019531000405550003,0.019531000405550003,0.019531000405550003,0.019531000405550003,0
1992-02-18,0.0,0.03515600040555,0.024739999324083328,0.024739999324083328,0.024739999324083328,393600
1992-02-19,0.0,0.03515600040555,0.024739999324083328,0.024739999324083328,0.024739999324083328,96000
1992-02-20,0.0,0.03515600040555,0.024739999324083328,0.024739999324083328,0.024739999324083328,201600
1992-02-21,0.0,0.03515600040555,0.026041999459266663,0.026041999459266663,0.026041999459266663,249600
1992-02-24,0.0,0.03515600040555,0.027343999594449997,0.027343999594449997,0.027343999594449997,825600
1992-02-25,0.0,0.03515600040555,0.027343999594449997,0.027343999594449997,0.027343999594449997,288000
1992-02-26,0.0,0.03515600040555,0.027343999594449997,0.027343999594449997,0.027343999594449997,105600
1992-02-27,0.027343999594449997,0.027343999594449997,0.027343999594449997,0.027343999594449997,0.027343999594449997,0
1992-02-28,0.027343999594449997,0.027343999594449997,0.027343999594449997,0.027343999594449997,0.027343999594449997,0
1992-03-02,0.0,0.03515600040555,0.02864599972963333,0.02864599972963333,0.02864599972963333,576000
1992-03-03,0.0,0.03385400027036667,0.027343999594449997,0.027343999594449997,0.027343999594449997,278400
1992-03-04,0.027343999594449997,0.027343999594449997,0.027343999594449997,0.027343999594449997,0.027343999594449997,0
1992-03-05,0.0,0.03385400027036667,0.027343999594449997,0.027343999594449997,0.027343999594449997,96000
1992-03-06,0.027343999594449997,0.027343999594449997,0.027343999594449997,0.027343999594449997,0.027343999594449997,0
1992-03-09,0.0,0.032552000135183334,0.027343999594449997,0.027343999594449997,0.027343999594449997,38400
1992-03-10,0.027343999594449997,0.027343999594449997,0.027343999594449997,0.027343999594449997,0.027343999594449997,0
1992-03-11,0.027343999594449997,0.027343999594449997,0.027343999594449997,0.027343999594449997,0.027343999594449997,0
1992-03-12,0.0,0.032552000135183334,0.027343999594449997,0.027343999594449997,0.027343999594449997,48000
1992-03-13,0.0,0.032552000135183334,0.027343999594449997,0.027343999594449997,0.027343999594449997,96000
1992-03-16,0.027343999594449997,0.027343999594449997,0.027343999594449997,0.027343999594449997,0.027343999594449997,0
1992-03-17,0.0,0.03385400027036667,0.02864599972963333,0.02864599972963333,0.02864599972963333,297600
1992-03-18,0.0,0.03385400027036667,0.02864599972963333,0.02864599972963333,0.02864599972963333,192000
1992-03-19,0.0,0.03385400027036667,0.02864599972963333,0.02864599972963333,0.02864599972963333,192000
1992-03-20,0.0,0.03385400027036667,0.02864599972963333,0.02864599972963333,0.02864599972963333,288000
1992-03-23,0.0,0.03385400027036667,0.02864599972963333,0.02864599972963333,0.02864599972963333,393600
1992-03-24,0.02864599972963333,0.02864599972963333,0.02864599972963333,0.02864599972963333,0.02864599972963333,0
1992-03-25,0.0,0.03385400027036667,0.02864599972963333,0.02864599972963333,0.02864599972963333,96000
1992-03-26,0.0,0.03385400027036667,0.02864599972963333,0.02864599972963333,0.02864599972963333,19200
1992-03-27,0.02864599972963333,0.02864599972963333,0.02864599972963333,0.02864599972963333,0.02864599972963333,0
1992-03-30,0.0,0.03385400027036667,0.02864599972963333,0.02864599972963333,0.02864599972963333,144000
1992-03-31,0.02864599972963333,0.02864599972963333,0.02864599972963333,0.02864599972963333,0.02864599972963333,0
1992-04-01,0.0,0.03385400027036667,0.027343999594449997,0.027343999594449997,0.027343999594449997,259200
1992-04-02,0.0,0.03385400027036667,0.027343999594449997,0.027343999594449997,0.027343999594449997,384000
1992-04-03,0.027343999594449997,0.027343999594449997,0.027343999594449997,0.027343999594449997,0.027343999594449997,0
1992-04-06,0.0,0.03385400027036667,0.027343999594449997,0.027343999594449997,0.027343999594449997,9600
1992-04-07,0.0,0.03385400027036667,0.027343999594449997,0.027343999594449997,0.027343999594449997,9600
1992-04-08,0.0,0.03385400027036667,0.02864599972963333,0.02864599972963333,0.02864599972963333,19200
1992-04-09,0.0,0.03385400027036667,0.02864599972963333,0.02864599972963333,0.02864599972963333,384000
1992-04-10,0.0,0.03385400027036667,0.027343999594449997,0.027343999594449997,0.027343999594449997,326400
1992-04-13,0.0,0.03385400027036667,0.027343999594449997,0.027343999594449997,0.027343999594449997,124800
1992-04-14,0.0,0.03385400027036667,0.027343999594449997,0.027343999594449997,0.027343999594449997,432000
1992-04-15,0.0,0.03385400027036667,0.027343999594449997,0.027343999594449997,0.027343999594449997,9600
1992-04-16,0.0,0.026041999459266663,0.023437999188899994,0.023437999188899994,0.023437999188899994,576000
1992-04-20,0.0,0.032552000135183334,0.024739999324083328,0.024739999324083328,0.024739999324083328,384000
1992-04-21,0.0,0.03125,0.024739999324083328,0.024739999324083328,0.024739999324083328,480000
1992-04-22,0.0,0.029947999864816666,0.023437999188899994,0.023437999188899994,0.023437999188899994,307200
1992-04-23,0.0,0.029947999864816666,0.023437999188899994,0.023437999188899994,0.023437999188899994,163200
1992-04-24,0.023437999188899994,0.023437999188899994,0.023437999188899994,0.023437999188899994,0.023437999188899994,0
1992-04-27,0.0,0.02864599972963333,0.020833000540733337,0.020833000540733337,0.020833000540733337,76800
1992-04-28,0.0,0.02864599972963333,0.020833000540733337,0.020833000540733337,0.020833000540733337,19200
1992-04-29,0.020833000540733337,0.020833000540733337,0.020833000540733337,0.020833000540733337,0.020833000540733337,0
1992-04-30,0.020833000540733337,0.020833000540733337,0.020833000540733337,0.020833000540733337,0.020833000540733337,0
1992-05-01,0.0,0.02864599972963333,0.020833000540733337,0.020833000540733337,0.020833000540733337,240000
1992-05-04,0.0,0.02864599972963333,0.020833000540733337,0.020833000540733337,0.020833000540733337,249600
1992-05-05,0.020833000540733337,0.020833000540733337,0.020833000540733337,0.020833000540733337,0.020833000540733337,0
1992-05-06,0.020833000540733337,0.020833000540733337,0.020833000540733337,0.020833000540733337,0.020833000540733337,0
1992-05-07,0.0,0.02864599972963333,0.020833000540733337,0.020833000540733337,0.020833000540733337,38400
1992-05-08,0.020833000540733337,0.020833000540733337,0.020833000540733337,0.020833000540733337,0.020833000540733337,0
1992-05-11,0.020833000540733337,0.020833000540733337,0.020833000540733337,0.020833000540733337,0.020833000540733337,0
1992-05-12,0.020833000540733337,0.020833000540733337,0.020833000540733337,0.020833000540733337,0.020833000540733337,0
1992-05-13,0.0,0.02864599972963333,0.020833000540733337,0.020833000540733337,0.020833000540733337,9600
1992-05-14,0.0,0.02864599972963333,0.020833000540733337,0.020833000540733337,0.020833000540733337,384000
1992-05-15,0.020833000540733337,0.020833000540733337,0.020833000540733337,0.020833000540733337,0.020833000540733337,0
1992-05-18,0.0,0.027343999594449997,0.019531000405550003,0.019531000405550003,0.019531000405550003,576000
1992-05-19,0.0,0.024739999324083328,0.016927000135183334,0.016927000135183334,0.016927000135183334,844800
1992-05-20,0.016927000135183334,0.016927000135183334,0.016927000135183334,0.016927000135183334,0.016927000135183334,0
1992-05-21,0.016927000135183334,0.016927000135183334,0.016927000135183334,0.016927000135183334,0.016927000135183334,0
1992-05-22,0.016927000135183334,0.016927000135183334,0.016927000135183334,0.016927000135183334,0.016927000135183334,0
1992-05-26,0.0,0.020833000540733337,0.016927000135183334,0.016927000135183334,0.016927000135183334,288000
1992-05-27,0.0,0.020833000540733337,0.016927000135183334,0.016927000135183334,0.016927000135183334,288000
1992-05-28,0.016927000135183334,0.016927000135183334,0.016927000135183334,0.016927000135183334,0.016927000135183334,0
1992-05-29,0.0,0.020833000540733337,0.016927000135183334,0.016927000135183334,0.016927000135183334,57600
1992-06-01,0.016927000135183334,0.016927000135183334,0.016927000135183334,0.016927000135183334,0.016927000135183334,0
1992-06-02,0.016927000135183334,0.016927000135183334,0.016927000135183334,0.016927000135183334,0.016927000135183334,0
1992-06-03,0.016927000135183334,0.016927000135183334,0.016927000135183334,0.016927000135183334,0.016927000135183334,0
1992-06-04,0.0,0.022135000675916672,0.016927000135183334,0.016927000135183334,0.016927000135183334,672000
1992-06-05,0.0,0.022135000675916672,0.016927000135183334,0.016927000135183334,0.016927000135183334,48000
1992-06-08,0.0,0.022135000675916672,0.016927000135183334,0.016927000135183334,0.016927000135183334,0
1992-06-09,0.0,0.022135000675916672,0.015625,0.015625,0.015625,96000
1992-06-10,0.015625,0.015625,0.015625,0.015625,0.015625,0
1992-06-11,0.0,0.020833000540733337,0.015625,0.015625,0.015625,124800
1992-06-12,0.0,0.020833000540733337,0.015625,0.015625,0.015625,1411200
1992-06-15,0.01822900027036667,0.020833000540733337,0.015625,0.015625,0.015625,3216000
1992-06-16,0.020833000540733337,0.020833000540733337,0.020833000540733337,0.020833000540733337,0.020833000540733337,249600
1992-06-17,0.019531000405550003,0.019531000405550003,0.019531000405550003,0.019531000405550003,0.019531000405550003,38400
1992-06-18,0.023437999188899994,0.023437999188899994,0.020833000540733337,0.023437999188899994,0.023437999188899994,182400
1992-06-19,0.019531000405550003,0.019531000405550003,0.019531000405550003,0.019531000405550003,0.019531000405550003,9600
1992-06-22,0.023437999188899994,0.023437999188899994,0.020833000540733337,0.020833000540733337,0.020833000540733337,374400
1992-06-23,0.020833000540733337,0.022135000675916672,0.01822900027036667,0.022135000675916672,0.022135000675916672,902400
1992-06-24,0.020833000540733337,0.020833000540733337,0.019531000405550003,0.019531000405550003,0.019531000405550003,912000
1992-06-25,0.01822900027036667,0.01822900027036667,0.015625,0.015625,0.015625,3840000
1992-06-26,0.019531000405550003,0.019531000405550003,0.013020999729633331,0.015625,0.015625,5164800
1992-06-29,0.019531000405550003,0.019531000405550003,0.015625,0.019531000405550003,0.019531000405550003,326400
1992-06-30,0.019531000405550003,0.019531000405550003,0.015625,0.015625,0.015625,1420800
1992-07-01,0.015625,0.019531000405550003,0.015625,0.015625,0.015625,86400
1992-07-02,0.01822900027036667,0.01822900027036667,0.01822900027036667,0.01822900027036667,0.01822900027036667,192000
1992-07-06,0.01822900027036667,0.01822900027036667,0.01822900027036667,0.01822900027036667,0.01822900027036667,211200
1992-07-07,0.01822900027036667,0.01822900027036667,0.01822900027036667,0.01822900027036667,0.01822900027036667,0
1992-07-08,0.015625,0.015625,0.015625,0.015625,0.015625,230400
1992-07-09,0.01822900027036667,0.01822900027036667,0.014322999864816666,0.014322999864816666,0.014322999864816666,912000
1992-07-10,0.01822900027036667,0.01822900027036667,0.015625,0.015625,0.015625,604800
1992-07-13,0.014322999864816666,0.01822900027036667,0.014322999864816666,0.016927000135183334,0.016927000135183334,355200
1992-07-14,0.01822900027036667,0.01822900027036667,0.01822900027036667,0.01822900027036667,0.01822900027036667,96000
1992-07-15,0.01822900027036667,0.01822900027036667,0.015625,0.015625,0.015625,124800
1992-07-16,0.01822900027036667,0.01822900027036667,0.01822900027036667,0.01822900027036667,0.01822900027036667,249600
1992-07-17,0.015625,0.029947999864816666,0.015625,0.029947999864816666,0.029947999864816666,10041600
1992-07-20,0.02864599972963333,0.02864599972963333,0.023437999188899994,0.023437999188899994,0.023437999188899994,1113600
1992-07-21,0.024739999324083328,0.027343999594449997,0.019531000405550003,0.019531000405550003,0.019531000405550003,1267200
1992-07-22,0.026041999459266663,0.026041999459266663,0.026041999459266663,0.026041999459266663,0.026041999459266663,412800
1992-07-23,0.026041999459266663,0.026041999459266663,0.026041999459266663,0.026041999459266663,0.026041999459266663,0
1992-07-24,0.01822900027036667,0.026041999459266663,0.01822900027036667,0.026041999459266663,0.026041999459266663,201600
1992-07-27,0.026041999459266663,0.026041999459266663,0.020833000540733337,0.020833000540733337,0.020833000540733337,374400
1992-07-28,0.020833000540733337,0.020833000540733337,0.020833000540733337,0.020833000540733337,0.020833000540733337,0
1992-07-29,0.023437999188899994,0.024739999324083328,0.023437999188899994,0.024739999324083328,0.024739999324083328,1315200
1992-07-30,0.026041999459266663,0.03125,0.025390999391674995,0.027343999594449997,0.027343999594449997,1296000
1992-07-31,0.027343999594449997,0.029947999864816666,0.027343999594449997,0.029947999864816666,0.029947999864816666,326400
1992-08-03,0.029947999864816666,0.029947999864816666,0.02864599972963333,0.02864599972963333,0.02864599972963333,1046400
1992-08-04,0.027343999594449997,0.029947999864816666,0.027343999594449997,0.029947999864816666,0.029947999864816666,307200
1992-08-05,0.029947999864816666,0.029947999864816666,0.029947999864816666,0.029947999864816666,0.029947999864816666,115200
1992-08-06,0.026041999459266663,0.02831999957561493,0.026041999459266663,0.026041999459266663,0.026041999459266663,172800
1992-08-07,0.029947999864816666,0.03125,0.02831999957561493,0.03125,0.03125,672000
1992-08-10,0.02864599972963333,0.03385400027036667,0.02864599972963333,0.029947999864816666,0.029947999864816666,595200
1992-08-11,0.029947999864816666,0.03385400027036667,0.029947999864816666,0.03125,0.03125,336000
1992-08-12,0.029947999864816666,0.03385400027036667,0.029947999864816666,0.029947999864816666,0.029947999864816666,422400
1992-08-13,0.029947999864816666,0.029947999864816666,0.027343999594449997,0.027343999594449997,0.027343999594449997,508800
1992-08-14,0.032552000135183334,0.032552000135183334,0.032552000135183334,0.032552000135183334,0.032552000135183334,105600
1992-08-17,0.027343999594449997,0.02864599972963333,0.027343999594449997,0.02864599972963333,0.02864599972963333,576000
1992-08-18,0.03125,0.03125,0.024739999324083328,0.03125,0.03125,604800
1992-08-19,0.026041999459266663,0.03125,0.026041999459266663,0.03125,0.03125,1814400
1992-08-20,0.03125,0.03125,0.02864599972963333,0.029947999864816666,0.029947999864816666,307200
1992-08-21,0.026041999459266663,0.029947999864816666,0.026041999459266663,0.029947999864816666,0.029947999864816666,864000
1992-08-24,0.026041999459266663,0.029947999864816666,0.026041999459266663,0.026041999459266663,0.026041999459266663,912000
1992-08-25,0.029947999864816666,0.029947999864816666,0.029947999864816666,0.029947999864816666,0.029947999864816666,547200
1992-08-26,0.02864599972963333,0.02864599972963333,0.026041999459266663,0.026041999459266663,0.026041999459266663,76800
1992-08-27,0.029947999864816666,0.029947999864816666,0.026041999459266663,0.026041999459266663,0.026041999459266663,854400
1992-08-28,0.026041999459266663,0.026041999459266663,0.026041999459266663,0.026041999459266663,0.026041999459266663,28800
1992-08-31,0.026041999459266663,0.026041999459266663,0.026041999459266663,0.026041999459266663,0.026041999459266663,0
1992-09-01,0.029947999864816666,0.029947999864816666,0.026041999459266663,0.026041999459266663,0.026041999459266663,1228800
1992-09-02,0.026041999459266663,0.027343999594449997,0.026041999459266663,0.027343999594449997,0.027343999594449997,604800
1992-09-03,0.02864599972963333,0.02864599972963333,0.02864599972963333,0.02864599972963333,0.02864599972963333,278400
1992-09-04,0.023437999188899994,0.023437999188899994,0.023437999188899994,0.023437999188899994,0.023437999188899994,96000
1992-09-08,0.024739999324083328,0.027994999662041664,0.024739999324083328,0.027994999662041664,0.027994999662041664,489600
1992-09-09,0.023437999188899994,0.023437999188899994,0.023437999188899994,0.023437999188899994,0.023437999188899994,19200
1992-09-10,0.023437999188899994,0.026041999459266663,0.023437999188899994,0.026041999459266663,0.026041999459266663,710400
1992-09-11,0.027343999594449997,0.027343999594449997,0.023437999188899994,0.027343999594449997,0.027343999594449997,969600
1992-09-14,0.027343999594449997,0.027343999594449997,0.026041999459266663,0.026041999459266663,0.026041999459266663,384000
1992-09-15,0.027343999594449997,0.027343999594449997,0.023437999188899994,0.023437999188899994,0.023437999188899994,201600
1992-09-16,0.027343999594449997,0.027343999594449997,0.024739999324083328,0.024739999324083328,0.024739999324083328,518400
1992-09-17,0.027343999594449997,0.027343999594449997,0.023437999188899994,0.027343999594449997,0.027343999594449997,806400
1992-09-18,0.027343999594449997,0.02864599972963333,0.023437999188899994,0.027343999594449997,0.027343999594449997,720000
1992-09-21,0.027343999594449997,0.027343999594449997,0.027343999594449997,0.027343999594449997,0.027343999594449997,0
1992-09-22,0.029947999864816666,0.029947999864816666,0.029947999864816666,0.029947999864816666,0.029947999864816666,96000
1992-09-23,0.029296999797225,0.029296999797225,0.027343999594449997,0.027343999594449997,0.027343999594449997,134400
1992-09-24,0.029296999797225,0.03125,0.02864599972963333,0.02864599972963333,0.02864599972963333,1910400
1992-09-25,0.02864599972963333,0.02864599972963333,0.02864599972963333,0.02864599972963333,0.02864599972963333,0
1992-09-28,0.02864599972963333,0.03125,0.02864599972963333,0.03125,0.03125,508800
1992-09-29,0.03125,0.03125,0.03125,0.03125,0.03125,0
1992-09-30,0.03125,0.03125,0.03125,0.03125,0.03125,48000
1992-10-01,0.03125,0.03125,0.03125,0.03125,0.03125,0
1992-10-02,0.026041999459266663,0.029947999864816666,0.026041999459266663,0.029947999864816666,0.029947999864816666,1190400
1992-10-05,0.029947999864816666,0.029947999864816666,0.029947999864816666,0.029947999864816666,0.029947999864816666,0
1992-10-06,0.026041999459266663,0.026041999459266663,0.026041999459266663,0.026041999459266663,0.026041999459266663,2016000
1992-10-07,0.02864599972963333,0.02864599972963333,0.02864599972963333,0.02864599972963333,0.02864599972963333,96000
1992-10-08,0.026041999459266663,0.026041999459266663,0.026041999459266663,0.026041999459266663,0.026041999459266663,144000
1992-10-09,0.026041999459266663,0.026041999459266663,0.026041999459266663,0.026041999459266663,0.026041999459266663,0
1992-10-12,0.026041999459266663,0.02864599972963333,0.026041999459266663,0.02864599972963333,0.02864599972963333,115200
1992-10-13,0.02864599972963333,0.02864599972963333,0.02864599972963333,0.02864599972963333,0.02864599972963333,0
1992-10-14,0.026041999459266663,0.026041999459266663,0.026041999459266663,0.026041999459266663,0.026041999459266663,9600
1992-10-15,0.026041999459266663,0.02864599972963333,0.026041999459266663,0.026041999459266663,0.026041999459266663,182400
1992-10-16,0.026041999459266663,0.027343999594449997,0.026041999459266663,0.026041999459266663,0.026041999459266663,835200
1992-10-19,0.027343999594449997,0.027343999594449997,0.027343999594449997,0.027343999594449997,0.027343999594449997,9600
1992-10-20,0.026041999459266663,0.026041999459266663,0.026041999459266663,0.026041999459266663,0.026041999459266663,67200
1992-10-21,0.026041999459266663,0.027343999594449997,0.024739999324083328,0.024739999324083328,0.024739999324083328,1267200
1992-10-22,0.027343999594449997,0.027343999594449997,0.024739999324083328,0.026041999459266663,0.026041999459266663,220800
1992-10-23,0.024739999324083328,0.027343999594449997,0.024739999324083328,0.024739999324083328,0.024739999324083328,1449600
1992-10-26,0.024739999324083328,0.024739999324083328,0.024739999324083328,0.024739999324083328,0.024739999324083328,0
1992-10-27,0.027343999594449997,0.027343999594449997,0.026041999459266663,0.027343999594449997,0.027343999594449997,4627200
1992-10-28,0.02864599972963333,0.02864599972963333,0.02864599972963333,0.02864599972963333,0.02864599972963333,48000
1992-10-29,0.02864599972963333,0.029947999864816666,0.027343999594449997,0.029947999864816666,0.029947999864816666,652800
1992-10-30,0.029947999864816666,0.029947999864816666,0.029947999864816666,0.029947999864816666,0.029947999864816666,96000
1992-11-02,0.027343999594449997,0.029947999864816666,0.027343999594449997,0.029947999864816666,0.029947999864816666,288000
1992-11-03,0.029947999864816666,0.029947999864816666,0.027343999594449997,0.027343999594449997,0.027343999594449997,768000
1992-11-04,0.029947999864816666,0.03125,0.027343999594449997,0.03125,0.03125,1296000
1992-11-05,0.032552000135183334,0.032552000135183334,0.032552000135183334,0.032552000135183334,0.032552000135183334,556800
1992-11-06,0.032552000135183334,0.032552000135183334,0.032552000135183334,0.032552000135183334,0.032552000135183334,0
1992-11-09,0.029947999864816666,0.03385400027036667,0.029947999864816666,0.03385400027036667,0.03385400027036667,201600
1992-11-10,0.03385400027036667,0.03645800054073334,0.032552000135183334,0.03645800054073334,0.03645800054073334,1017600
1992-11-11,0.03776000067591667,0.04947900027036667,0.03385400027036667,0.046875,0.046875,7286400
1992-11-12,0.05208300054073334,0.05208300054073334,0.04427099972963333,0.04947900027036667,0.04947900027036667,1641600
1992-11-13,0.04947900027036667,0.05338500067591667,0.045572999864816666,0.05078100040555,0.05078100040555,2851200
1992-11-16,0.05338500067591667,0.05598999932408333,0.05208300054073334,0.05208300054073334,0.05208300054073334,3417600
1992-11-17,0.05208300054073334,0.05598999932408333,0.05208300054073334,0.05208300054073334,0.05208300054073334,1833600
1992-11-18,0.05208300054073334,0.054687999188899994,0.05078100040555,0.05338500067591667,0.05338500067591667,1046400
1992-11-19,0.05338500067591667,0.05338500067591667,0.048177000135183334,0.05078100040555,0.05078100040555,192000
1992-11-20,0.05208300054073334,0.05338500067591667,0.05208300054073334,0.05338500067591667,0.05338500067591667,172800
1992-11-23,0.05338500067591667,0.054687999188899994,0.04947900027036667,0.04947900027036667,0.04947900027036667,854400
1992-11-24,0.05338500067591667,0.05338500067591667,0.04947900027036667,0.04947900027036667,0.04947900027036667,988800
1992-11-25,0.04947900027036667,0.04947900027036667,0.04947900027036667,0.04947900027036667,0.04947900027036667,9600
1992-11-27,0.04947900027036667,0.04947900027036667,0.04947900027036667,0.04947900027036667,0.04947900027036667,0
1992-11-30,0.05078100040555,0.05208300054073334,0.04947900027036667,0.04947900027036667,0.04947900027036667,566400
1992-12-01,0.05338500067591667,0.05338500067591667,0.04947900027036667,0.04947900027036667,0.04947900027036667,230400
1992-12-02,0.04947900027036667,0.04947900027036667,0.04947900027036667,0.04947900027036667,0.04947900027036667,0
1992-12-03,0.05338500067591667,0.05338500067591667,0.04947900027036667,0.05208300054073334,0.05208300054073334,182400
1992-12-04,0.05208300054073334,0.05208300054073334,0.05208300054073334,0.05208300054073334,0.05208300054073334,240000
1992-12-07,0.05208300054073334,0.05208300054073334,0.05208300054073334,0.05208300054073334,0.05208300054073334,0
1992-12-08,0.046875,0.05078100040555,0.046875,0.05078100040555,0.05078100040555,192000
1992-12-09,0.05078100040555,0.05078100040555,0.04427099972963333,0.04947900027036667,0.04947900027036667,3408000
1992-12-10,0.04947900027036667,0.04947900027036667,0.046875,0.046875,0.046875,403200
1992-12-11,0.046875,0.04947900027036667,0.045572999864816666,0.045572999864816666,0.045572999864816666,1430400
1992-12-14,0.04427099972963333,0.046875,0.04427099972963333,0.04427099972963333,0.04427099972963333,201600
1992-12-15,0.046875,0.046875,0.04427099972963333,0.046875,0.046875,489600
1992-12-16,0.04427099972963333,0.046875,0.04427099972963333,0.04427099972963333,0.04427099972963333,115200
1992-12-17,0.04427099972963333,0.046875,0.04427099972963333,0.046875,0.046875,537600
1992-12-18,0.04427099972963333,0.046875,0.04427099972963333,0.046875,0.046875,38400
1992-12-21,0.04427099972963333,0.04427099972963333,0.04427099972963333,0.04427099972963333,0.04427099972963333,240000
1992-12-22,0.04427099972963333,0.048177000135183334,0.04427099972963333,0.048177000135183334,0.048177000135183334,182400
1992-12-23,0.04427099972963333,0.04427099972963333,0.04427099972963333,0.04427099972963333,0.04427099972963333,115200
1992-12-24,0.04427099972963333,0.04427099972963333,0.04427099972963333,0.04427099972963333,0.04427099972963333,0
1992-12-28,0.048177000135183334,0.048177000135183334,0.048177000135183334,0.048177000135183334,0.048177000135183334,9600
1992-12-29,0.048177000135183334,0.048177000135183334,0.04427099972963333,0.048177000135183334,0.048177000135183334,96000
1992-12-30,0.04427099972963333,0.04427099972963333,0.04427099972963333,0.04427099972963333,0.04427099972963333,115200
1992-12-31,0.048177000135183334,0.048177000135183334,0.04622400179505348,0.04622400179505348,0.04622400179505348,307200
1993-01-04,0.046875,0.046875,0.046875,0.046875,0.046875,96000
1993-01-05,0.048177000135183334,0.048177000135183334,0.048177000135183334,0.048177000135183334,0.048177000135183334,38400
1993-01-06,0.045572999864816666,0.048177000135183334,0.04296899959445,0.04296899959445,0.04296899959445,547200
1993-01-07,0.046875,0.046875,0.04296899959445,0.04296899959445,0.04296899959445,364800
1993-01-08,0.04296899959445,0.04296899959445,0.04296899959445,0.04296899959445,0.04296899959445,67200
1993-01-11,0.04296899959445,0.046875,0.04296899959445,0.046875,0.046875,67200
1993-01-12,0.04296899959445,0.04427099972963333,0.04166699945926666,0.04166699945926666,0.04166699945926666,115200
1993-01-13,0.04296899959445,0.04427099972963333,0.04296899959445,0.04427099972963333,0.04427099972963333,76800
1993-01-14,0.04166699945926666,0.04427099972963333,0.04166699945926666,0.04427099972963333,0.04427099972963333,182400
1993-01-15,0.04166699945926666,0.04427099972963333,0.04166699945926666,0.04166699945926666,0.04166699945926666,1123200
1993-01-18,0.04036499932408333,0.04166699945926666,0.039062999188899994,0.04166699945926666,0.04166699945926666,1132800
1993-01-19,0.04166699945926666,0.04296899959445,0.04036499932408333,0.04296899959445,0.04296899959445,595200
1993-01-20,0.04296899959445,0.04296899959445,0.04296899959445,0.04296899959445,0.04296899959445,0
1993-01-21,0.04036499932408333,0.04296899959445,0.04036499932408333,0.04296899959445,0.04296899959445,556800
1993-01-22,0.039062999188899994,0.04166699945926666,0.03645800054073334,0.039062999188899994,0.039062999188899994,614400
1993-01-25,0.039062999188899994,0.04166699945926666,0.03645800054073334,0.039062999188899994,0.039062999188899994,1651200
1993-01-26,0.04166699945926666,0.045572999864816666,0.04166699945926666,0.04427099972963333,0.04427099972963333,1555200
1993-01-27,0.045572999864816666,0.045572999864816666,0.04296899959445,0.045572999864816666,0.045572999864816666,1046400
1993-01-28,0.04296899959445,0.04296899959445,0.04166699945926666,0.04166699945926666,0.04166699945926666,854400
1993-01-29,0.04036499932408333,0.04427099972963333,0.04036499932408333,0.04427099972963333,0.04427099972963333,19200
1993-02-01,0.04427099972963333,0.04427099972963333,0.03776000067591667,0.03776000067591667,0.03776000067591667,230400
1993-02-02,0.04296899959445,0.04296899959445,0.04296899959445,0.04296899959445,0.04296899959445,19200
1993-02-03,0.04296899959445,0.04296899959445,0.04036499932408333,0.04036499932408333,0.04036499932408333,144000
1993-02-04,0.04296899959445,0.04296899959445,0.04296899959445,0.04296899959445,0.04296899959445,9600
1993-02-05,0.04296899959445,0.04296899959445,0.04296899959445,0.04296899959445,0.04296899959445,96000
1993-02-08,0.04296899959445,0.04296899959445,0.04296899959445,0.04296899959445,0.04296899959445,0
1993-02-09,0.03776000067591667,0.04296899959445,0.03776000067591667,0.04296899959445,0.04296899959445,28800
1993-02-10,0.04296899959445,0.04296899959445,0.04296899959445,0.04296899959445,0.04296899959445,0
1993-02-11,0.03776000067591667,0.04296899959445,0.03776000067591667,0.04296899959445,0.04296899959445,432000
1993-02-12,0.04296899959445,0.04296899959445,0.04296899959445,0.04296899959445,0.04296899959445,48000
1993-02-16,0.04296899959445,0.04296899959445,0.04296899959445,0.04296899959445,0.04296899959445,0
1993-02-17,0.04296899959445,0.04296899959445,0.04296899959445,0.04296899959445,0.04296899959445,0
1993-02-18,0.04296899959445,0.04296899959445,0.04296899959445,0.04296899959445,0.04296899959445,57600
1993-02-19,0.04296899959445,0.04296899959445,0.04296899959445,0.04296899959445,0.04296899959445,38400
1993-02-22,0.03776000067591667,0.039062999188899994,0.03776000067591667,0.039062999188899994,0.039062999188899994,48000
1993-02-23,0.03776000067591667,0.039062999188899994,0.03776000067591667,0.039062999188899994,0.039062999188899994,67200
1993-02-24,0.039062999188899994,0.039062999188899994,0.039062999188899994,0.039062999188899994,0.039062999188899994,0
1993-02-25,0.03776000067591667,0.039062999188899994,0.03385400027036667,0.03385400027036667,0.03385400027036667,1209600
1993-02-26,0.03385400027036667,0.03385400027036667,0.03385400027036667,0.03385400027036667,0.03385400027036667,28800
1993-03-01,0.03645800054073334,0.03645800054073334,0.03385400027036667,0.03645800054073334,0.03645800054073334,403200
1993-03-02,0.03645800054073334,0.03645800054073334,0.03645800054073334,0.03645800054073334,0.03645800054073334,48000
1993-03-03,0.03645800054073334,0.03645800054073334,0.03645800054073334,0.03645800054073334,0.03645800054073334,9600
1993-03-04,0.03515600040555,0.03515600040555,0.032552000135183334,0.032552000135183334,0.032552000135183334,220800
1993-03-05,0.032552000135183334,0.03645800054073334,0.032552000135183334,0.03515600040555,0.03515600040555,441600
1993-03-08,0.03320299834012985,0.03320299834012985,0.03320299834012985,0.03320299834012985,0.03320299834012985,211200
1993-03-09,0.03515600040555,0.03515600040555,0.032552000135183334,0.032552000135183334,0.032552000135183334,633600
1993-03-10,0.032552000135183334,0.032552000135183334,0.032552000135183334,0.032552000135183334,0.032552000135183334,0
1993-03-11,0.032552000135183334,0.032552000135183334,0.032552000135183334,0.032552000135183334,0.032552000135183334,0
1993-03-12,0.03125,0.03385400027036667,0.029947999864816666,0.03385400027036667,0.03385400027036667,576000
1993-03-15,0.029947999864816666,0.032552000135183334,0.029947999864816666,0.032552000135183334,0.032552000135183334,211200
1993-03-16,0.032552000135183334,0.032552000135183334,0.02864599972963333,0.032552000135183334,0.032552000135183334,192000
1993-03-17,0.029947999864816666,0.032552000135183334,0.029947999864816666,0.03125,0.03125,796800
1993-03-18,0.03385400027036667,0.03385400027036667,0.03385400027036667,0.03385400027036667,0.03385400027036667,192000
1993-03-19,0.03385400027036667,0.03385400027036667,0.03385400027036667,0.03385400027036667,0.03385400027036667,115200
1993-03-22,0.03385400027036667,0.03385400027036667,0.03385400027036667,0.03385400027036667,0.03385400027036667,57600
1993-03-23,0.03125,0.032552000135183334,0.03125,0.032552000135183334,0.032552000135183334,576000
1993-03-24,0.03320299834012985,0.03320299834012985,0.032552000135183334,0.032552000135183334,0.032552000135183334,288000
1993-03-25,0.03385400027036667,0.03385400027036667,0.03125,0.03385400027036667,0.03385400027036667,172800
1993-03-26,0.03385400027036667,0.03385400027036667,0.03125,0.03125,0.03125,1161600
1993-03-29,0.032552000135183334,0.032552000135183334,0.029947999864816666,0.032552000135183334,0.032552000135183334,115200
1993-03-30,0.03125,0.03385400027036667,0.029947999864816666,0.029947999864816666,0.029947999864816666,2476800
1993-03-31,0.03385400027036667,0.03385400027036667,0.03125,0.03125,0.03125,1248000
1993-04-01,0.03385400027036667,0.03385400027036667,0.03125,0.03125,0.03125,806400
1993-04-02,0.03385400027036667,0.03385400027036667,0.03125,0.03125,0.03125,4464000
1993-04-05,0.03385400027036667,0.03385400027036667,0.032552000135183334,0.03385400027036667,0.03385400027036667,441600
1993-04-06,0.03385400027036667,0.03385400027036667,0.03385400027036667,0.03385400027036667,0.03385400027036667,307200
1993-04-07,0.03385400027036667,0.03385400027036667,0.03385400027036667,0.03385400027036667,0.03385400027036667,345600
1993-04-08,0.03385400027036667,0.03385400027036667,0.03125,0.03125,0.03125,1296000
1993-04-12,0.03385400027036667,0.03385400027036667,0.03125,0.03125,0.03125,374400
1993-04-13,0.03125,0.032552000135183334,0.029947999864816666,0.032552000135183334,0.032552000135183334,729600
1993-04-14,0.032552000135183334,0.032552000135183334,0.032552000135183334,0.032552000135183334,0.032552000135183334,38400
1993-04-15,0.032552000135183334,0.032552000135183334,0.029947999864816666,0.029947999864816666,0.029947999864816666,48000
1993-04-16,0.029947999864816666,0.032552000135183334,0.029947999864816666,0.032552000135183334,0.032552000135183334,67200
1993-04-19,0.03125,0.032552000135183334,0.03125,0.032552000135183334,0.032552000135183334,336000
1993-04-20,0.032552000135183334,0.032552000135183334,0.032552000135183334,0.032552000135183334,0.032552000135183334,9600
1993-04-21,0.032552000135183334,0.032552000135183334,0.029947999864816666,0.032552000135183334,0.032552000135183334,460800
1993-04-22,0.029947999864816666,0.032552000135183334,0.029947999864816666,0.03125,0.03125,902400
1993-04-23,0.032552000135183334,0.032552000135183334,0.032552000135183334,0.032552000135183334,0.032552000135183334,163200
1993-04-26,0.029947999864816666,0.029947999864816666,0.029947999864816666,0.029947999864816666,0.029947999864816666,825600
1993-04-27,0.029947999864816666,0.03125,0.029947999864816666,0.029947999864816666,0.029947999864816666,691200
1993-04-28,0.032552000135183334,0.032552000135183334,0.032552000135183334,0.032552000135183334,0.032552000135183334,76800
1993-04-29,0.029947999864816666,0.029947999864816666,0.029947999864816666,0.029947999864816666,0.029947999864816666,326400
1993-04-30,0.029947999864816666,0.03125,0.029947999864816666,0.029947999864816666,0.029947999864816666,748800
1993-05-03,0.03125,0.03125,0.029947999864816666,0.029947999864816666,0.029947999864816666,240000
1993-05-04,0.03125,0.03125,0.02864599972963333,0.02864599972963333,0.02864599972963333,931200
1993-05-05,0.032552000135183334,0.032552000135183334,0.032552000135183334,0.032552000135183334,0.032552000135183334,48000
1993-05-06,0.02864599972963333,0.02864599972963333,0.02864599972963333,0.02864599972963333,0.02864599972963333,393600
1993-05-07,0.02864599972963333,0.02864599972963333,0.027343999594449997,0.027343999594449997,0.027343999594449997,201600
1993-05-10,0.03125,0.03125,0.027343999594449997,0.027343999594449997,0.027343999594449997,201600
1993-05-11,0.027343999594449997,0.027343999594449997,0.027343999594449997,0.027343999594449997,0.027343999594449997,537600
1993-05-12,0.027343999594449997,0.027343999594449997,0.027343999594449997,0.027343999594449997,0.027343999594449997,0
1993-05-13,0.027343999594449997,0.027343999594449997,0.027343999594449997,0.027343999594449997,0.027343999594449997,0
1993-05-14,0.03125,0.03125,0.03125,0.03125,0.03125,19200
1993-05-17,0.027343999594449997,0.03125,0.027343999594449997,0.03125,0.03125,48000
1993-05-18,0.027343999594449997,0.027343999594449997,0.026041999459266663,0.026041999459266663,0.026041999459266663,480000
1993-05-19,0.029947999864816666,0.029947999864816666,0.026041999459266663,0.029947999864816666,0.029947999864816666,134400
1993-05-20,0.029947999864816666,0.029947999864816666,0.029947999864816666,0.029947999864816666,0.029947999864816666,0
1993-05-21,0.029947999864816666,0.029947999864816666,0.026041999459266663,0.026041999459266663,0.026041999459266663,873600
1993-05-24,0.029947999864816666,0.029947999864816666,0.029947999864816666,0.029947999864816666,0.029947999864816666,19200
1993-05-25,0.029947999864816666,0.029947999864816666,0.029947999864816666,0.029947999864816666,0.029947999864816666,0
1993-05-26,0.029947999864816666,0.029947999864816666,0.029947999864816666,0.029947999864816666,0.029947999864816666,240000
1993-05-27,0.029947999864816666,0.029947999864816666,0.029947999864816666,0.029947999864816666,0.029947999864816666,48000
1993-05-28,0.029947999864816666,0.03125,0.026041999459266663,0.029947999864816666,0.029947999864816666,1968000
1993-06-01,0.03125,0.03645800054073334,0.029947999864816666,0.03645800054073334,0.03645800054073334,2985600
1993-06-02,0.03645800054073334,0.03645800054073334,0.03515600040555,0.03645800054073334,0.03645800054073334,345600
1993-06-03,0.03645800054073334,0.03645800054073334,0.03385400027036667,0.03645800054073334,0.03645800054073334,1276800
1993-06-04,0.03776000067591667,0.03776000067591667,0.03776000067591667,0.03776000067591667,0.03776000067591667,96000
1993-06-07,0.03580699861049652,0.03776000067591667,0.03580699861049652,0.03776000067591667,0.03776000067591667,393600
1993-06-08,0.03580699861049652,0.03776000067591667,0.03515600040555,0.03580699861049652,0.03580699861049652,921600
1993-06-09,0.03776000067591667,0.03776000067591667,0.03515600040555,0.03515600040555,0.03515600040555,1488000
1993-06-10,0.03776000067591667,0.03776000067591667,0.03515600040555,0.03580699861049652,0.03580699861049652,576000
1993-06-11,0.03645800054073334,0.03776000067591667,0.03645800054073334,0.03776000067591667,0.03776000067591667,528000
1993-06-14,0.03645800054073334,0.03776000067591667,0.03645800054073334,0.03645800054073334,0.03645800054073334,873600
1993-06-15,0.03645800054073334,0.03776000067591667,0.03515600040555,0.03776000067591667,0.03776000067591667,2304000
1993-06-16,0.03580699861049652,0.03645800054073334,0.03515600040555,0.03515600040555,0.03515600040555,1497600
1993-06-17,0.03645800054073334,0.03645800054073334,0.03515600040555,0.03515600040555,0.03515600040555,2112000
1993-06-18,0.03645800054073334,0.03645800054073334,0.03580699861049652,0.03580699861049652,0.03580699861049652,192000
1993-06-21,0.03385400027036667,0.03385400027036667,0.032552000135183334,0.032552000135183334,0.032552000135183334,595200
1993-06-22,0.03125,0.03385400027036667,0.029947999864816666,0.032552000135183334,0.032552000135183334,1190400
1993-06-23,0.03125,0.032552000135183334,0.03125,0.032552000135183334,0.032552000135183334,259200
1993-06-24,0.032552000135183334,0.032552000135183334,0.032552000135183334,0.032552000135183334,0.032552000135183334,0
1993-06-25,0.03385400027036667,0.03385400027036667,0.03385400027036667,0.03385400027036667,0.03385400027036667,192000
1993-06-28,0.03385400027036667,0.03385400027036667,0.03385400027036667,0.03385400027036667,0.03385400027036667,9600
1993-06-29,0.029947999864816666,0.03190099820494652,0.029947999864816666,0.029947999864816666,0.029947999864816666,336000
1993-06-30,0.03385400027036667,0.03385400027036667,0.029947999864816666,0.029947999864816666,0.029947999864816666,441600
1993-07-01,0.03385400027036667,0.03385400027036667,0.029947999864816666,0.029947999864816666,0.029947999864816666,192000
1993-07-02,0.029947999864816666,0.029947999864816666,0.029947999864816666,0.029947999864816666,0.029947999864816666,96000
1993-07-06,0.029947999864816666,0.032552000135183334,0.029947999864816666,0.029947999864816666,0.029947999864816666,460800
1993-07-07,0.032552000135183334,0.032552000135183334,0.02864599972963333,0.02864599972963333,0.02864599972963333,76800
1993-07-08,0.03125,0.03125,0.027343999594449997,0.02864599972963333,0.02864599972963333,998400
1993-07-09,0.02864599972963333,0.02864599972963333,0.02864599972963333,0.02864599972963333,0.02864599972963333,0
1993-07-12,0.026041999459266663,0.02864599972963333,0.026041999459266663,0.02864599972963333,0.02864599972963333,528000
1993-07-13,0.02864599972963333,0.029947999864816666,0.027343999594449997,0.029947999864816666,0.029947999864816666,1286400
1993-07-14,0.029947999864816666,0.029947999864816666,0.029947999864816666,0.029947999864816666,0.029947999864816666,38400
1993-07-15,0.02864599972963333,0.029947999864816666,0.027343999594449997,0.027343999594449997,0.027343999594449997,460800
1993-07-16,0.029947999864816666,0.03385400027036667,0.029947999864816666,0.03385400027036667,0.03385400027036667,1353600
1993-07-19,0.03385400027036667,0.03385400027036667,0.03125,0.03125,0.03125,470400
1993-07-20,0.03125,0.032552000135183334,0.03125,0.03125,0.03125,278400
1993-07-21,0.03125,0.03125,0.03125,0.03125,0.03125,0
1993-07-22,0.03125,0.032552000135183334,0.03125,0.03125,0.03125,1968000
1993-07-23,0.03385400027036667,0.03385400027036667,0.032552000135183334,0.032552000135183334,0.032552000135183334,201600
1993-07-26,0.029947999864816666,0.032552000135183334,0.029947999864816666,0.029947999864816666,0.029947999864816666,230400
1993-07-27,0.032552000135183334,0.032552000135183334,0.032552000135183334,0.032552000135183334,0.032552000135183334,96000
1993-07-28,0.030598999932408333,0.030598999932408333,0.030598999932408333,0.030598999932408333,0.030598999932408333,124800
1993-07-29,0.030598999932408333,0.030598999932408333,0.030598999932408333,0.030598999932408333,0.030598999932408333,0
1993-07-30,0.030598999932408333,0.030598999932408333,0.029947999864816666,0.029947999864816666,0.029947999864816666,422400
1993-08-02,0.02864599972963333,0.02864599972963333,0.02864599972963333,0.02864599972963333,0.02864599972963333,105600
1993-08-03,0.02864599972963333,0.02864599972963333,0.02864599972963333,0.02864599972963333,0.02864599972963333,374400
1993-08-04,0.032552000135183334,0.032552000135183334,0.02864599972963333,0.032552000135183334,0.032552000135183334,307200
1993-08-05,0.032552000135183334,0.032552000135183334,0.029947999864816666,0.029947999864816666,0.029947999864816666,57600
1993-08-06,0.032552000135183334,0.03645800054073334,0.03125,0.03580699861049652,0.03580699861049652,1728000
1993-08-09,0.03645800054073334,0.03645800054073334,0.03515600040555,0.03645800054073334,0.03645800054073334,499200
1993-08-10,0.03645800054073334,0.03645800054073334,0.03385400027036667,0.03515600040555,0.03515600040555,643200
1993-08-11,0.03645800054073334,0.03645800054073334,0.03385400027036667,0.03385400027036667,0.03385400027036667,566400
1993-08-12,0.03645800054073334,0.03645800054073334,0.03385400027036667,0.03645800054073334,0.03645800054073334,662400
1993-08-13,0.03645800054073334,0.03645800054073334,0.03385400027036667,0.03580699861049652,0.03580699861049652,144000
1993-08-16,0.03645800054073334,0.03645800054073334,0.03645800054073334,0.03645800054073334,0.03645800054073334,192000
1993-08-17,0.03645800054073334,0.03645800054073334,0.03385400027036667,0.03385400027036667,0.03385400027036667,729600
1993-08-18,0.032552000135183334,0.03385400027036667,0.03125,0.032552000135183334,0.032552000135183334,1420800
1993-08-19,0.03385400027036667,0.03385400027036667,0.03385400027036667,0.03385400027036667,0.03385400027036667,67200
1993-08-20,0.032552000135183334,0.03385400027036667,0.03125,0.03125,0.03125,1507200
1993-08-23,0.032552000135183334,0.032552000135183334,0.029947999864816666,0.029947999864816666,0.029947999864816666,115200
1993-08-24,0.032552000135183334,0.032552000135183334,0.029947999864816666,0.030598999932408333,0.030598999932408333,1392000
1993-08-25,0.03125,0.03125,0.029947999864816666,0.03125,0.03125,825600
1993-08-26,0.03125,0.03125,0.029947999864816666,0.03125,0.03125,230400
1993-08-27,0.02864599972963333,0.03125,0.02864599972963333,0.02864599972963333,0.02864599972963333,326400
1993-08-30,0.03125,0.03125,0.03125,0.03125,0.03125,316800
1993-08-31,0.03125,0.032552000135183334,0.030598999932408333,0.03190099820494652,0.03190099820494652,2140800
1993-09-01,0.032552000135183334,0.032552000135183334,0.032552000135183334,0.032552000135183334,0.032552000135183334,124800
1993-09-02,0.029947999864816666,0.032552000135183334,0.029947999864816666,0.030598999932408333,0.030598999932408333,633600
1993-09-03,0.032552000135183334,0.032552000135183334,0.03027299977838993,0.03125,0.03125,1449600
1993-09-07,0.029947999864816666,0.03125,0.029947999864816666,0.03125,0.03125,134400
1993-09-08,0.029947999864816666,0.029947999864816666,0.029947999864816666,0.029947999864816666,0.029947999864816666,585600
1993-09-09,0.02864599972963333,0.02864599972963333,0.02864599972963333,0.02864599972963333,0.02864599972963333,96000
1993-09-10,0.02864599972963333,0.02864599972963333,0.02864599972963333,0.02864599972963333,0.02864599972963333,0
1993-09-13,0.03125,0.03125,0.02864599972963333,0.02864599972963333,0.02864599972963333,163200
1993-09-14,0.02864599972963333,0.02864599972963333,0.02864599972963333,0.02864599972963333,0.02864599972963333,0
1993-09-15,0.03125,0.03125,0.03125,0.03125,0.03125,153600
1993-09-16,0.030598999932408333,0.030598999932408333,0.029947999864816666,0.030598999932408333,0.030598999932408333,720000
1993-09-17,0.029947999864816666,0.03125,0.029947999864816666,0.029947999864816666,0.029947999864816666,672000
1993-09-20,0.03125,0.03125,0.029947999864816666,0.029947999864816666,0.029947999864816666,297600
1993-09-21,0.029947999864816666,0.03125,0.02864599972963333,0.02864599972963333,0.02864599972963333,508800
1993-09-22,0.02864599972963333,0.02864599972963333,0.02864599972963333,0.02864599972963333,0.02864599972963333,0
1993-09-23,0.029947999864816666,0.029947999864816666,0.029947999864816666,0.029947999864816666,0.029947999864816666,451200
1993-09-24,0.03125,0.03125,0.027343999594449997,0.02864599972963333,0.02864599972963333,1257600
1993-09-27,0.02864599972963333,0.02864599972963333,0.027343999594449997,0.02864599972963333,0.02864599972963333,201600
1993-09-28,0.027343999594449997,0.027343999594449997,0.027343999594449997,0.027343999594449997,0.027343999594449997,249600
1993-09-29,0.02864599972963333,0.02864599972963333,0.027343999594449997,0.027343999594449997,0.027343999594449997,422400
1993-09-30,0.02864599972963333,0.02864599972963333,0.027343999594449997,0.027994999662041664,0.027994999662041664,1305600
1993-10-01,0.027343999594449997,0.027343999594449997,0.027343999594449997,0.027343999594449997,0.027343999594449997,883200
1993-10-04,0.026041999459266663,0.026041999459266663,0.023437999188899994,0.026041999459266663,0.026041999459266663,1497600
1993-10-05,0.023437999188899994,0.023437999188899994,0.023437999188899994,0.023437999188899994,0.023437999188899994,96000
1993-10-06,0.022135000675916672,0.026041999459266663,0.022135000675916672,0.026041999459266663,0.026041999459266663,672000
1993-10-07,0.026041999459266663,0.027343999594449997,0.023437999188899994,0.024739999324083328,0.024739999324083328,4339200
1993-10-08,0.023437999188899994,0.026041999459266663,0.023437999188899994,0.024739999324083328,0.024739999324083328,230400
1993-10-11,0.024739999324083328,0.024739999324083328,0.024739999324083328,0.024739999324083328,0.024739999324083328,0
1993-10-12,0.023437999188899994,0.023437999188899994,0.023437999188899994,0.023437999188899994,0.023437999188899994,96000
1993-10-13,0.026041999459266663,0.026041999459266663,0.023437999188899994,0.023437999188899994,0.023437999188899994,998400
1993-10-14,0.023437999188899994,0.023437999188899994,0.023437999188899994,0.023437999188899994,0.023437999188899994,220800
1993-10-15,0.023437999188899994,0.026041999459266663,0.023437999188899994,0.026041999459266663,0.026041999459266663,624000
1993-10-18,0.023437999188899994,0.026041999459266663,0.023437999188899994,0.024739999324083328,0.024739999324083328,422400
1993-10-19,0.023437999188899994,0.023437999188899994,0.023437999188899994,0.023437999188899994,0.023437999188899994,9600
1993-10-20,0.023437999188899994,0.023437999188899994,0.023437999188899994,0.023437999188899994,0.023437999188899994,172800
1993-10-21,0.026041999459266663,0.026041999459266663,0.023437999188899994,0.026041999459266663,0.026041999459266663,480000
1993-10-22,0.023437999188899994,0.023437999188899994,0.023437999188899994,0.023437999188899994,0.023437999188899994,134400
1993-10-25,0.023437999188899994,0.023437999188899994,0.022135000675916672,0.023437999188899994,0.023437999188899994,259200
1993-10-26,0.023437999188899994,0.023437999188899994,0.023437999188899994,0.023437999188899994,0.023437999188899994,288000
1993-10-27,0.024739999324083328,0.024739999324083328,0.022135000675916672,0.022135000675916672,0.022135000675916672,182400
1993-10-28,0.024739999324083328,0.024739999324083328,0.022135000675916672,0.024739999324083328,0.024739999324083328,969600
1993-10-29,0.024739999324083328,0.024739999324083328,0.023437999188899994,0.024739999324083328,0.024739999324083328,3868800
1993-11-01,0.026041999459266663,0.026041999459266663,0.026041999459266663,0.026041999459266663,0.026041999459266663,441600
1993-11-02,0.027343999594449997,0.027343999594449997,0.026041999459266663,0.026041999459266663,0.026041999459266663,700800
1993-11-03,0.027343999594449997,0.027343999594449997,0.026041999459266663,0.026041999459266663,0.026041999459266663,796800
1993-11-04,0.026041999459266663,0.027343999594449997,0.024739999324083328,0.027343999594449997,0.027343999594449997,480000
1993-11-05,0.027343999594449997,0.027343999594449997,0.026041999459266663,0.026041999459266663,0.026041999459266663,67200
1993-11-08,0.026041999459266663,0.026041999459266663,0.024739999324083328,0.025390999391674995,0.025390999391674995,384000
1993-11-09,0.026041999459266663,0.027343999594449997,0.02408899925649166,0.026041999459266663,0.026041999459266663,4992000
1993-11-10,0.026041999459266663,0.026041999459266663,0.024739999324083328,0.026041999459266663,0.026041999459266663,921600
1993-11-11,0.026041999459266663,0.02864599972963333,0.026041999459266663,0.02864599972963333,0.02864599972963333,5452800
1993-11-12,0.02864599972963333,0.02864599972963333,0.027343999594449997,0.027343999594449997,0.027343999594449997,67200
1993-11-15,0.02864599972963333,0.032552000135183334,0.027343999594449997,0.032552000135183334,0.032552000135183334,6662400
1993-11-16,0.032552000135183334,0.03515600040555,0.03125,0.03125,0.03125,2889600
1993-11-17,0.03125,0.03385400027036667,0.03125,0.03125,0.03125,835200
1993-11-18,0.03385400027036667,0.03385400027036667,0.03125,0.03385400027036667,0.03385400027036667,3254400
1993-11-19,0.032552000135183334,0.03515600040555,0.032552000135183334,0.032552000135183334,0.032552000135183334,2630400
1993-11-22,0.032552000135183334,0.03385400027036667,0.03125,0.03125,0.03125,1833600
1993-11-23,0.03385400027036667,0.03385400027036667,0.03125,0.03125,0.03125,1315200
1993-11-24,0.032552000135183334,0.032552000135183334,0.029947999864816666,0.032552000135183334,0.032552000135183334,825600
1993-11-26,0.032552000135183334,0.032552000135183334,0.032552000135183334,0.032552000135183334,0.032552000135183334,0
1993-11-29,0.030598999932408333,0.030598999932408333,0.029947999864816666,0.029947999864816666,0.029947999864816666,710400
1993-11-30,0.03125,0.032552000135183334,0.029947999864816666,0.032552000135183334,0.032552000135183334,2140800
1993-12-01,0.032552000135183334,0.032552000135183334,0.029947999864816666,0.032552000135183334,0.032552000135183334,1171200
1993-12-02,0.032552000135183334,0.032552000135183334,0.029947999864816666,0.03125,0.03125,883200
1993-12-03,0.029947999864816666,0.032552000135183334,0.029947999864816666,0.032552000135183334,0.032552000135183334,105600
1993-12-06,0.03125,0.03190099820494652,0.03125,0.03190099820494652,0.03190099820494652,700800
1993-12-07,0.029947999864816666,0.029947999864816666,0.02864599972963333,0.02864599972963333,0.02864599972963333,1382400
1993-12-08,0.029947999864816666,0.029947999864816666,0.02864599972963333,0.02864599972963333,0.02864599972963333,124800
1993-12-09,0.029947999864816666,0.030598999932408333,0.02864599972963333,0.030598999932408333,0.030598999932408333,3724800
1993-12-10,0.030598999932408333,0.030598999932408333,0.030598999932408333,0.030598999932408333,0.030598999932408333,57600
1993-12-13,0.030598999932408333,0.030598999932408333,0.029296999797225,0.029296999797225,0.029296999797225,86400
1993-12-14,0.02864599972963333,0.02864599972963333,0.02864599972963333,0.02864599972963333,0.02864599972963333,57600
1993-12-15,0.029296999797225,0.030598999932408333,0.02669299952685833,0.027343999594449997,0.027343999594449997,3868800
1993-12-16,0.026041999459266663,0.02864599972963333,0.026041999459266663,0.02864599972963333,0.02864599972963333,595200
1993-12-17,0.02864599972963333,0.02864599972963333,0.02864599972963333,0.02864599972963333,0.02864599972963333,192000
1993-12-20,0.02864599972963333,0.02864599972963333,0.02669299952685833,0.02669299952685833,0.02669299952685833,115200
1993-12-21,0.02669299952685833,0.027994999662041664,0.02669299952685833,0.027994999662041664,0.027994999662041664,163200
1993-12-22,0.02669299952685833,0.027994999662041664,0.02669299952685833,0.027994999662041664,0.027994999662041664,604800
1993-12-23,0.027994999662041664,0.027994999662041664,0.027994999662041664,0.027994999662041664,0.027994999662041664,0
1993-12-27,0.027343999594449997,0.027343999594449997,0.02669299952685833,0.027343999594449997,0.027343999594449997,931200
1993-12-28,0.02669299952685833,0.027343999594449997,0.02669299952685833,0.02669299952685833,0.02669299952685833,278400
1993-12-29,0.027343999594449997,0.027343999594449997,0.026041999459266663,0.027343999594449997,0.027343999594449997,758400
1993-12-30,0.026041999459266663,0.027343999594449997,0.026041999459266663,0.027343999594449997,0.027343999594449997,3936000
1993-12-31,0.027343999594449997,0.027343999594449997,0.026041999459266663,0.027343999594449997,0.027343999594449997,2496000
1994-01-03,0.027994999662041664,0.027994999662041664,0.027994999662041664,0.027994999662041664,0.027994999662041664,528000
1994-01-04,0.02669299952685833,0.027994999662041664,0.02669299952685833,0.027994999662041664,0.027994999662041664,1488000
1994-01-05,0.026041999459266663,0.027994999662041664,0.026041999459266663,0.027994999662041664,0.027994999662041664,576000
1994-01-06,0.027343999594449997,0.027994999662041664,0.026041999459266663,0.026041999459266663,0.026041999459266663,720000
1994-01-07,0.026041999459266663,0.026041999459266663,0.026041999459266663,0.026041999459266663,0.026041999459266663,220800
1994-01-10,0.027994999662041664,0.027994999662041664,0.027994999662041664,0.027994999662041664,0.027994999662041664,364800
1994-01-11,0.026041999459266663,0.027343999594449997,0.026041999459266663,0.027343999594449997,0.027343999594449997,777600
1994-01-12,0.026041999459266663,0.027343999594449997,0.026041999459266663,0.027343999594449997,0.027343999594449997,57600
1994-01-13,0.027343999594449997,0.027343999594449997,0.027343999594449997,0.027343999594449997,0.027343999594449997,115200
1994-01-14,0.027343999594449997,0.027994999662041664,0.026041999459266663,0.027343999594449997,0.027343999594449997,1430400
1994-01-17,0.027994999662041664,0.027994999662041664,0.027994999662041664,0.027994999662041664,0.027994999662041664,595200
1994-01-18,0.027994999662041664,0.027994999662041664,0.02669299952685833,0.027343999594449997,0.027343999594449997,2265600
1994-01-19,0.02864599972963333,0.02864599972963333,0.026041999459266663,0.027343999594449997,0.027343999594449997,2073600
1994-01-20,0.026041999459266663,0.027343999594449997,0.026041999459266663,0.027343999594449997,0.027343999594449997,825600
1994-01-21,0.027343999594449997,0.027343999594449997,0.026041999459266663,0.027343999594449997,0.027343999594449997,1113600
1994-01-24,0.027343999594449997,0.027343999594449997,0.026041999459266663,0.026041999459266663,0.026041999459266663,595200
1994-01-25,0.027343999594449997,0.027343999594449997,0.026041999459266663,0.027343999594449997,0.027343999594449997,230400
1994-01-26,0.026041999459266663,0.027343999594449997,0.024739999324083328,0.02669299952685833,0.02669299952685833,3609600
1994-01-27,0.02669299952685833,0.02669299952685833,0.024739999324083328,0.02669299952685833,0.02669299952685833,1113600
1994-01-28,0.02669299952685833,0.02669299952685833,0.024739999324083328,0.02669299952685833,0.02669299952685833,662400
1994-01-31,0.02669299952685833,0.02669299952685833,0.024739999324083328,0.024739999324083328,0.024739999324083328,835200
1994-02-01,0.024739999324083328,0.02669299952685833,0.024739999324083328,0.02669299952685833,0.02669299952685833,700800
1994-02-02,0.02669299952685833,0.02669299952685833,0.025390999391674995,0.02669299952685833,0.02669299952685833,3110400
1994-02-03,0.02669299952685833,0.02669299952685833,0.025390999391674995,0.02669299952685833,0.02669299952685833,182400
1994-02-04,0.02669299952685833,0.02669299952685833,0.024739999324083328,0.02669299952685833,0.02669299952685833,844800
1994-02-07,0.026041999459266663,0.026041999459266663,0.024739999324083328,0.026041999459266663,0.026041999459266663,864000
1994-02-08,0.02571599930524826,0.027994999662041664,0.024739999324083328,0.025390999391674995,0.025390999391674995,3820800
1994-02-09,0.026041999459266663,0.026041999459266663,0.026041999459266663,0.026041999459266663,0.026041999459266663,192000
1994-02-10,0.026041999459266663,0.027994999662041664,0.026041999459266663,0.027343999594449997,0.027343999594449997,768000
1994-02-11,0.027994999662041664,0.027994999662041664,0.026041999459266663,0.026041999459266663,0.026041999459266663,777600
1994-02-14,0.026041999459266663,0.027994999662041664,0.026041999459266663,0.027994999662041664,0.027994999662041664,969600
1994-02-15,0.02669299952685833,0.027994999662041664,0.02669299952685833,0.027994999662041664,0.027994999662041664,192000
1994-02-16,0.027343999594449997,0.027994999662041664,0.02669299952685833,0.027994999662041664,0.027994999662041664,672000
1994-02-17,0.02669299952685833,0.02669299952685833,0.02669299952685833,0.02669299952685833,0.02669299952685833,566400
1994-02-18,0.027017999440431595,0.027994999662041664,0.02669299952685833,0.02669299952685833,0.02669299952685833,1296000
1994-02-22,0.027343999594449997,0.027343999594449997,0.02669299952685833,0.027343999594449997,0.027343999594449997,316800
1994-02-23,0.027343999594449997,0.027343999594449997,0.027343999594449997,0.027343999594449997,0.027343999594449997,96000
1994-02-24,0.02669299952685833,0.027343999594449997,0.02669299952685833,0.027343999594449997,0.027343999594449997,787200
1994-02-25,0.027343999594449997,0.027343999594449997,0.027343999594449997,0.027343999594449997,0.027343999594449997,220800
1994-02-28,0.027343999594449997,0.027343999594449997,0.027343999594449997,0.027343999594449997,0.027343999594449997,96000
1994-03-01,0.02669299952685833,0.027343999594449997,0.02669299952685833,0.02669299952685833,0.02669299952685833,1536000
1994-03-02,0.02669299952685833,0.02669299952685833,0.02669299952685833,0.02669299952685833,0.02669299952685833,9600
1994-03-03,0.027343999594449997,0.027343999594449997,0.027343999594449997,0.027343999594449997,0.027343999594449997,163200
1994-03-04,0.02669299952685833,0.027343999594449997,0.02669299952685833,0.027343999594449997,0.027343999594449997,1430400
1994-03-07,0.027343999594449997,0.027343999594449997,0.027343999594449997,0.027343999594449997,0.027343999594449997,96000
1994-03-08,0.027343999594449997,0.027343999594449997,0.02669299952685833,0.027343999594449997,0.027343999594449997,1449600
1994-03-09,0.027343999594449997,0.027343999594449997,0.027343999594449997,0.027343999594449997,0.027343999594449997,28800
1994-03-10,0.02669299952685833,0.027343999594449997,0.02669299952685833,0.02669299952685833,0.02669299952685833,211200
1994-03-11,0.027343999594449997,0.03125,0.02669299952685833,0.03125,0.03125,6048000
1994-03-14,0.03125,0.03190099820494652,0.029947999864816666,0.03125,0.03125,3273600
1994-03-15,0.03190099820494652,0.03190099820494652,0.029296999797225,0.03125,0.03125,2841600
1994-03-16,0.03125,0.03125,0.030598999932408333,0.03125,0.03125,662400
1994-03-17,0.03125,0.03125,0.029296999797225,0.03125,0.03125,1728000
1994-03-18,0.03125,0.03190099820494652,0.029947999864816666,0.03190099820494652,0.03190099820494652,2179200
1994-03-21,0.03190099820494652,0.03190099820494652,0.030598999932408333,0.030598999932408333,0.030598999932408333,1084800
1994-03-22,0.03190099820494652,0.032552000135183334,0.030598999932408333,0.03125,0.03125,2083200
1994-03-23,0.03125,0.032552000135183334,0.03125,0.03125,0.03125,1065600
1994-03-24,0.032552000135183334,0.032552000135183334,0.03125,0.03125,0.03125,614400
1994-03-25,0.032552000135183334,0.032552000135183334,0.03125,0.032552000135183334,0.032552000135183334,2860800
1994-03-28,0.03125,0.032552000135183334,0.03125,0.03125,0.03125,2073600
1994-03-29,0.032552000135183334,0.032552000135183334,0.030598999932408333,0.032552000135183334,0.032552000135183334,1084800
1994-03-30,0.032552000135183334,0.032552000135183334,0.02864599972963333,0.02864599972963333,0.02864599972963333,1526400
1994-03-31,0.03125,0.03125,0.02864599972963333,0.02864599972963333,0.02864599972963333,403200
1994-04-04,0.03125,0.03125,0.02864599972963333,0.030598999932408333,0.030598999932408333,374400
1994-04-05,0.02864599972963333,0.03125,0.02864599972963333,0.03125,0.03125,720000
1994-04-06,0.03125,0.03125,0.03125,0.03125,0.03125,201600
1994-04-07,0.02864599972963333,0.03125,0.02864599972963333,0.030598999932408333,0.030598999932408333,1152000
1994-04-08,0.03125,0.03125,0.02864599972963333,0.02864599972963333,0.02864599972963333,2803200
1994-04-11,0.02864599972963333,0.03125,0.026041999459266663,0.027343999594449997,0.027343999594449997,1776000
1994-04-12,0.026041999459266663,0.026041999459266663,0.026041999459266663,0.026041999459266663,0.026041999459266663,144000
1994-04-13,0.026041999459266663,0.026041999459266663,0.026041999459266663,0.026041999459266663,0.026041999459266663,0
1994-04-14,0.027343999594449997,0.02864599972963333,0.02669299952685833,0.027343999594449997,0.027343999594449997,1180800
1994-04-15,0.029947999864816666,0.029947999864816666,0.02864599972963333,0.02864599972963333,0.02864599972963333,1507200
1994-04-18,0.029296999797225,0.029296999797225,0.029296999797225,0.029296999797225,0.029296999797225,384000
1994-04-19,0.029296999797225,0.029296999797225,0.02864599972963333,0.02864599972963333,0.02864599972963333,1334400
1994-04-20,0.029296999797225,0.029296999797225,0.027994999662041664,0.02864599972963333,0.02864599972963333,307200
1994-04-21,0.027343999594449997,0.029296999797225,0.027343999594449997,0.027343999594449997,0.027343999594449997,1075200
1994-04-22,0.027343999594449997,0.029296999797225,0.027343999594449997,0.029296999797225,0.029296999797225,163200
1994-04-25,0.027343999594449997,0.029296999797225,0.027343999594449997,0.02864599972963333,0.02864599972963333,422400
1994-04-26,0.027343999594449997,0.027343999594449997,0.027343999594449997,0.027343999594449997,0.027343999594449997,172800
1994-04-28,0.029296999797225,0.029296999797225,0.027343999594449997,0.027343999594449997,0.027343999594449997,316800
1994-04-29,0.027343999594449997,0.029296999797225,0.027343999594449997,0.029296999797225,0.029296999797225,931200
1994-05-02,0.029296999797225,0.029296999797225,0.027343999594449997,0.027343999594449997,0.027343999594449997,163200
1994-05-03,0.027343999594449997,0.027343999594449997,0.027343999594449997,0.027343999594449997,0.027343999594449997,192000
1994-05-04,0.027343999594449997,0.029296999797225,0.027343999594449997,0.027343999594449997,0.027343999594449997,672000
1994-05-05,0.029296999797225,0.029296999797225,0.027343999594449997,0.027343999594449997,0.027343999594449997,537600
1994-05-06,0.027994999662041664,0.027994999662041664,0.027994999662041664,0.027994999662041664,0.027994999662041664,624000
1994-05-09,0.027343999594449997,0.029296999797225,0.027343999594449997,0.027994999662041664,0.027994999662041664,249600
1994-05-10,0.027343999594449997,0.029296999797225,0.027343999594449997,0.027343999594449997,0.027343999594449997,1872000
1994-05-11,0.027994999662041664,0.02864599972963333,0.02669299952685833,0.02864599972963333,0.02864599972963333,576000
1994-05-12,0.02669299952685833,0.02864599972963333,0.02669299952685833,0.02669299952685833,0.02669299952685833,316800
1994-05-13,0.02669299952685833,0.029296999797225,0.02669299952685833,0.027994999662041664,0.027994999662041664,422400
1994-05-16,0.02669299952685833,0.02669299952685833,0.02669299952685833,0.02669299952685833,0.02669299952685833,28800
1994-05-17,0.02669299952685833,0.029296999797225,0.02669299952685833,0.029296999797225,0.029296999797225,115200
1994-05-18,0.029296999797225,0.029296999797225,0.02669299952685833,0.029296999797225,0.029296999797225,307200
1994-05-19,0.027994999662041664,0.029296999797225,0.02669299952685833,0.027343999594449997,0.027343999594449997,710400
1994-05-20,0.029296999797225,0.029296999797225,0.026041999459266663,0.02669299952685833,0.02669299952685833,1017600
1994-05-23,0.02864599972963333,0.02864599972963333,0.027343999594449997,0.027343999594449997,0.027343999594449997,144000
1994-05-24,0.027343999594449997,0.02864599972963333,0.026041999459266663,0.02669299952685833,0.02669299952685833,2332800
1994-05-25,0.02864599972963333,0.02864599972963333,0.026041999459266663,0.026041999459266663,0.026041999459266663,720000
1994-05-26,0.026041999459266663,0.026041999459266663,0.026041999459266663,0.026041999459266663,0.026041999459266663,489600
1994-05-27,0.027343999594449997,0.027343999594449997,0.025390999391674995,0.025390999391674995,0.025390999391674995,384000
1994-05-31,0.027343999594449997,0.027343999594449997,0.026041999459266663,0.026041999459266663,0.026041999459266663,326400
1994-06-01,0.026041999459266663,0.026041999459266663,0.026041999459266663,0.026041999459266663,0.026041999459266663,0
1994-06-02,0.027343999594449997,0.027343999594449997,0.024739999324083328,0.026041999459266663,0.026041999459266663,3158400
1994-06-03,0.026041999459266663,0.027343999594449997,0.026041999459266663,0.027343999594449997,0.027343999594449997,624000
1994-06-06,0.027343999594449997,0.027343999594449997,0.024739999324083328,0.024739999324083328,0.024739999324083328,988800
1994-06-07,0.027343999594449997,0.027343999594449997,0.024739999324083328,0.027343999594449997,0.027343999594449997,1152000
1994-06-08,0.027343999594449997,0.027343999594449997,0.027343999594449997,0.027343999594449997,0.027343999594449997,0
1994-06-09,0.027343999594449997,0.027343999594449997,0.027343999594449997,0.027343999594449997,0.027343999594449997,0
1994-06-10,0.024739999324083328,0.027343999594449997,0.024739999324083328,0.027343999594449997,0.027343999594449997,2409600
1994-06-13,0.026041999459266663,0.027343999594449997,0.026041999459266663,0.027343999594449997,0.027343999594449997,230400
1994-06-14,0.027343999594449997,0.027343999594449997,0.024739999324083328,0.024739999324083328,0.024739999324083328,691200
1994-06-15,0.027343999594449997,0.027343999594449997,0.024739999324083328,0.024739999324083328,0.024739999324083328,729600
1994-06-16,0.027343999594449997,0.027343999594449997,0.023437999188899994,0.023437999188899994,0.023437999188899994,1488000
1994-06-17,0.023437999188899994,0.024739999324083328,0.022135000675916672,0.022135000675916672,0.022135000675916672,220800
1994-06-20,0.024739999324083328,0.024739999324083328,0.022135000675916672,0.024739999324083328,0.024739999324083328,422400
1994-06-21,0.024739999324083328,0.024739999324083328,0.022135000675916672,0.024739999324083328,0.024739999324083328,556800
1994-06-22,0.024739999324083328,0.026041999459266663,0.02278600074350834,0.023437999188899994,0.023437999188899994,1996800
1994-06-23,0.026041999459266663,0.026041999459266663,0.023437999188899994,0.026041999459266663,0.026041999459266663,288000
1994-06-24,0.026041999459266663,0.026041999459266663,0.023437999188899994,0.024739999324083328,0.024739999324083328,1612800
1994-06-27,0.022135000675916672,0.024739999324083328,0.022135000675916672,0.023437999188899994,0.023437999188899994,336000
1994-06-28,0.026041999459266663,0.026041999459266663,0.024739999324083328,0.024739999324083328,0.024739999324083328,768000
1994-06-29,0.023437999188899994,0.026041999459266663,0.023437999188899994,0.026041999459266663,0.026041999459266663,595200
1994-06-30,0.026041999459266663,0.026041999459266663,0.023437999188899994,0.024739999324083328,0.024739999324083328,259200
1994-07-01,0.026041999459266663,0.027343999594449997,0.024739999324083328,0.027343999594449997,0.027343999594449997,2035200
1994-07-05,0.026041999459266663,0.027343999594449997,0.026041999459266663,0.027343999594449997,0.027343999594449997,355200
1994-07-06,0.027343999594449997,0.027343999594449997,0.026041999459266663,0.026041999459266663,0.026041999459266663,422400
1994-07-07,0.026041999459266663,0.02669299952685833,0.026041999459266663,0.02669299952685833,0.02669299952685833,384000
1994-07-08,0.027343999594449997,0.029947999864816666,0.027343999594449997,0.029947999864816666,0.029947999864816666,1728000
1994-07-11,0.02864599972963333,0.029947999864816666,0.027343999594449997,0.027343999594449997,0.027343999594449997,1987200
1994-07-12,0.027343999594449997,0.029947999864816666,0.027343999594449997,0.02864599972963333,0.02864599972963333,720000
1994-07-13,0.02864599972963333,0.02864599972963333,0.02864599972963333,0.02864599972963333,0.02864599972963333,0
1994-07-14,0.027343999594449997,0.029947999864816666,0.027343999594449997,0.029947999864816666,0.029947999864816666,576000
1994-07-15,0.029947999864816666,0.029947999864816666,0.02864599972963333,0.029947999864816666,0.029947999864816666,691200
1994-07-18,0.029947999864816666,0.029947999864816666,0.02864599972963333,0.029947999864816666,0.029947999864816666,220800
1994-07-19,0.02864599972963333,0.029947999864816666,0.02864599972963333,0.029947999864816666,0.029947999864816666,1027200
1994-07-20,0.02864599972963333,0.03125,0.02864599972963333,0.03125,0.03125,816000
1994-07-21,0.03125,0.03125,0.02864599972963333,0.03125,0.03125,912000
1994-07-22,0.02864599972963333,0.03125,0.02864599972963333,0.02864599972963333,0.02864599972963333,1900800
1994-07-25,0.03125,0.032552000135183334,0.029947999864816666,0.032552000135183334,0.032552000135183334,1958400
1994-07-26,0.03125,0.032552000135183334,0.03125,0.03190099820494652,0.03190099820494652,1852800
1994-07-27,0.03190099820494652,0.03190099820494652,0.03190099820494652,0.03190099820494652,0.03190099820494652,0
1994-07-28,0.03125,0.032552000135183334,0.03125,0.032552000135183334,0.032552000135183334,1161600
1994-07-29,0.032552000135183334,0.032552000135183334,0.03125,0.03125,0.03125,1699200
1994-08-01,0.03125,0.032552000135183334,0.029947999864816666,0.032552000135183334,0.032552000135183334,873600
1994-08-02,0.03125,0.032552000135183334,0.029947999864816666,0.029947999864816666,0.029947999864816666,681600
1994-08-03,0.03125,0.03125,0.027343999594449997,0.029947999864816666,0.029947999864816666,2400000
1994-08-04,0.029947999864816666,0.03125,0.027343999594449997,0.029947999864816666,0.029947999864816666,864000
1994-08-05,0.02864599972963333,0.02864599972963333,0.027343999594449997,0.027343999594449997,0.027343999594449997,508800
1994-08-08,0.02864599972963333,0.02864599972963333,0.02864599972963333,0.02864599972963333,0.02864599972963333,144000
1994-08-09,0.02864599972963333,0.03125,0.02864599972963333,0.02864599972963333,0.02864599972963333,662400
1994-08-10,0.02864599972963333,0.02864599972963333,0.02864599972963333,0.02864599972963333,0.02864599972963333,489600
1994-08-11,0.03125,0.032552000135183334,0.029947999864816666,0.03125,0.03125,2265600
1994-08-12,0.03125,0.032552000135183334,0.03125,0.032552000135183334,0.032552000135183334,1670400
1994-08-15,0.03125,0.03125,0.03125,0.03125,0.03125,96000
1994-08-16,0.03125,0.03125,0.03125,0.03125,0.03125,873600
1994-08-17,0.029947999864816666,0.032552000135183334,0.029947999864816666,0.032552000135183334,0.032552000135183334,2025600
1994-08-18,0.029947999864816666,0.032552000135183334,0.029947999864816666,0.032552000135183334,0.032552000135183334,240000
1994-08-19,0.032552000135183334,0.032552000135183334,0.029947999864816666,0.029947999864816666,0.029947999864816666,739200
1994-08-22,0.029947999864816666,0.032552000135183334,0.029947999864816666,0.03125,0.03125,1084800
1994-08-23,0.03125,0.03125,0.029947999864816666,0.03125,0.03125,1104000
1994-08-24,0.029947999864816666,0.03125,0.029296999797225,0.029296999797225,0.029296999797225,1305600
1994-08-25,0.029947999864816666,0.029947999864816666,0.02864599972963333,0.02864599972963333,0.02864599972963333,892800
1994-08-26,0.02864599972963333,0.03125,0.02864599972963333,0.02864599972963333,0.02864599972963333,1209600
1994-08-29,0.03125,0.03125,0.02864599972963333,0.03125,0.03125,585600
1994-08-30,0.02864599972963333,0.02864599972963333,0.02864599972963333,0.02864599972963333,0.02864599972963333,57600
1994-08-31,0.03125,0.03125,0.02864599972963333,0.029947999864816666,0.029947999864816666,883200
1994-09-01,0.029947999864816666,0.029947999864816666,0.02864599972963333,0.02864599972963333,0.02864599972963333,576000
1994-09-02,0.02864599972963333,0.02864599972963333,0.02864599972963333,0.02864599972963333,0.02864599972963333,48000
1994-09-06,0.029947999864816666,0.029947999864816666,0.029947999864816666,0.029947999864816666,0.029947999864816666,9600
1994-09-07,0.02864599972963333,0.02864599972963333,0.02864599972963333,0.02864599972963333,0.02864599972963333,691200
1994-09-08,0.029296999797225,0.029296999797225,0.02864599972963333,0.02864599972963333,0.02864599972963333,451200
1994-09-09,0.02864599972963333,0.029947999864816666,0.02864599972963333,0.02864599972963333,0.02864599972963333,806400
1994-09-12,0.029947999864816666,0.029947999864816666,0.029947999864816666,0.029947999864816666,0.029947999864816666,19200
1994-09-13,0.02864599972963333,0.029296999797225,0.02864599972963333,0.029296999797225,0.029296999797225,1008000
1994-09-14,0.029947999864816666,0.030598999932408333,0.029947999864816666,0.030598999932408333,0.030598999932408333,288000
1994-09-15,0.02864599972963333,0.03125,0.02864599972963333,0.03125,0.03125,124800
1994-09-16,0.02864599972963333,0.03125,0.02864599972963333,0.02864599972963333,0.02864599972963333,1142400
1994-09-19,0.029947999864816666,0.03125,0.029947999864816666,0.03125,0.03125,220800
1994-09-20,0.02864599972963333,0.02864599972963333,0.02864599972963333,0.02864599972963333,0.02864599972963333,230400
1994-09-21,0.02864599972963333,0.02864599972963333,0.027343999594449997,0.027343999594449997,0.027343999594449997,748800
1994-09-22,0.027343999594449997,0.02864599972963333,0.027343999594449997,0.027994999662041664,0.027994999662041664,595200
1994-09-23,0.027343999594449997,0.02864599972963333,0.027343999594449997,0.02864599972963333,0.02864599972963333,67200
1994-09-26,0.027343999594449997,0.027343999594449997,0.027343999594449997,0.027343999594449997,0.027343999594449997,28800
1994-09-27,0.027343999594449997,0.027343999594449997,0.027343999594449997,0.027343999594449997,0.027343999594449997,0
1994-09-28,0.02864599972963333,0.02864599972963333,0.027343999594449997,0.027343999594449997,0.027343999594449997,220800
1994-09-29,0.027994999662041664,0.027994999662041664,0.027994999662041664,0.027994999662041664,0.027994999662041664,9600
1994-09-30,0.027343999594449997,0.02864599972963333,0.027343999594449997,0.027994999662041664,0.027994999662041664,230400
1994-10-03,0.027994999662041664,0.027994999662041664,0.027994999662041664,0.027994999662041664,0.027994999662041664,0
1994-10-04,0.027994999662041664,0.027994999662041664,0.027994999662041664,0.027994999662041664,0.027994999662041664,0
1994-10-05,0.02864599972963333,0.02864599972963333,0.027343999594449997,0.027343999594449997,0.027343999594449997,230400
1994-10-06,0.027343999594449997,0.02864599972963333,0.027343999594449997,0.02864599972963333,0.02864599972963333,249600
1994-10-07,0.027994999662041664,0.027994999662041664,0.027343999594449997,0.027343999594449997,0.027343999594449997,979200
1994-10-10,0.02864599972963333,0.02864599972963333,0.02864599972963333,0.02864599972963333,0.02864599972963333,9600
1994-10-11,0.027343999594449997,0.027343999594449997,0.027343999594449997,0.027343999594449997,0.027343999594449997,19200
1994-10-12,0.027343999594449997,0.027343999594449997,0.027343999594449997,0.027343999594449997,0.027343999594449997,0
1994-10-13,0.027343999594449997,0.02864599972963333,0.027343999594449997,0.027994999662041664,0.027994999662041664,489600
1994-10-14,0.027343999594449997,0.027343999594449997,0.026041999459266663,0.026041999459266663,0.026041999459266663,720000
1994-10-17,0.02864599972963333,0.02864599972963333,0.026041999459266663,0.026041999459266663,0.026041999459266663,326400
1994-10-18,0.026041999459266663,0.027343999594449997,0.024739999324083328,0.027343999594449997,0.027343999594449997,1190400
1994-10-19,0.027343999594449997,0.027343999594449997,0.024739999324083328,0.024739999324083328,0.024739999324083328,144000
1994-10-20,0.024739999324083328,0.024739999324083328,0.024739999324083328,0.024739999324083328,0.024739999324083328,134400
1994-10-21,0.024739999324083328,0.027343999594449997,0.024739999324083328,0.027343999594449997,0.027343999594449997,1094400
1994-10-24,0.027343999594449997,0.027343999594449997,0.027343999594449997,0.027343999594449997,0.027343999594449997,67200
1994-10-25,0.024739999324083328,0.026041999459266663,0.022135000675916672,0.022135000675916672,0.022135000675916672,6192000
1994-10-26,0.023437999188899994,0.023437999188899994,0.022135000675916672,0.022135000675916672,0.022135000675916672,2726400
1994-10-27,0.022135000675916672,0.022298000752925873,0.020833000540733337,0.020833000540733337,0.020833000540733337,796800
1994-10-28,0.020833000540733337,0.023437999188899994,0.020833000540733337,0.02278600074350834,0.02278600074350834,1056000
1994-10-31,0.02115900069475174,0.023437999188899994,0.020833000540733337,0.022135000675916672,0.022135000675916672,8025600
1994-11-01,0.021810000762343407,0.02278600074350834,0.021810000762343407,0.02278600074350834,0.02278600074350834,2428800
1994-11-02,0.020833000540733337,0.020833000540733337,0.019531000405550003,0.020833000540733337,0.020833000540733337,998400
1994-11-03,0.019531000405550003,0.02278600074350834,0.019531000405550003,0.019531000405550003,0.019531000405550003,230400
1994-11-04,0.02018200047314167,0.020833000540733337,0.02018200047314167,0.020833000540733337,0.020833000540733337,96000
1994-11-07,0.021484000608325005,0.021484000608325005,0.02018200047314167,0.020833000540733337,0.020833000540733337,537600
1994-11-08,0.021484000608325005,0.021484000608325005,0.021484000608325005,0.021484000608325005,0.021484000608325005,585600
1994-11-09,0.02018200047314167,0.02018200047314167,0.02018200047314167,0.02018200047314167,0.02018200047314167,499200
1994-11-10,0.021484000608325005,0.021484000608325005,0.019531000405550003,0.019531000405550003,0.019531000405550003,5529600
1994-11-11,0.019531000405550003,0.019531000405550003,0.019206000491976738,0.019531000405550003,0.019531000405550003,3590400
1994-11-14,0.019531000405550003,0.021484000608325005,0.019531000405550003,0.019531000405550003,0.019531000405550003,604800
1994-11-15,0.02018200047314167,0.021484000608325005,0.019531000405550003,0.02018200047314167,0.02018200047314167,595200
1994-11-16,0.019531000405550003,0.019531000405550003,0.019531000405550003,0.019531000405550003,0.019531000405550003,19200
1994-11-17,0.020833000540733337,0.022135000675916672,0.020833000540733337,0.022135000675916672,0.022135000675916672,2035200
1994-11-18,0.022135000675916672,0.023437999188899994,0.022135000675916672,0.023437999188899994,0.023437999188899994,739200
1994-11-21,0.022135000675916672,0.022135000675916672,0.022135000675916672,0.022135000675916672,0.022135000675916672,48000
1994-11-22,0.023437999188899994,0.023437999188899994,0.02018200047314167,0.02018200047314167,0.02018200047314167,2736000
1994-11-23,0.019531000405550003,0.020833000540733337,0.019531000405550003,0.019531000405550003,0.019531000405550003,816000
1994-11-25,0.019531000405550003,0.019531000405550003,0.019531000405550003,0.019531000405550003,0.019531000405550003,0
1994-11-28,0.019531000405550003,0.022135000675916672,0.019531000405550003,0.020833000540733337,0.020833000540733337,566400
1994-11-29,0.019531000405550003,0.019531000405550003,0.019531000405550003,0.019531000405550003,0.019531000405550003,144000
1994-11-30,0.019531000405550003,0.019531000405550003,0.019531000405550003,0.019531000405550003,0.019531000405550003,288000
1994-12-01,0.022135000675916672,0.022135000675916672,0.020833000540733337,0.020833000540733337,0.020833000540733337,144000
1994-12-02,0.020833000540733337,0.022135000675916672,0.020833000540733337,0.022135000675916672,0.022135000675916672,240000
1994-12-05,0.022135000675916672,0.022135000675916672,0.022135000675916672,0.022135000675916672,0.022135000675916672,0
1994-12-06,0.020833000540733337,0.020833000540733337,0.02018200047314167,0.02018200047314167,0.02018200047314167,739200
1994-12-07,0.020833000540733337,0.020833000540733337,0.018880000337958336,0.019531000405550003,0.019531000405550003,835200
1994-12-08,0.018880000337958336,0.02018200047314167,0.018880000337958336,0.02018200047314167,0.02018200047314167,441600
1994-12-09,0.018880000337958336,0.018880000337958336,0.018880000337958336,0.018880000337958336,0.018880000337958336,9600
1994-12-12,0.018880000337958336,0.020833000540733337,0.018880000337958336,0.020833000540733337,0.020833000540733337,86400
1994-12-13,0.018880000337958336,0.018880000337958336,0.01822900027036667,0.01822900027036667,0.01822900027036667,864000
1994-12-14,0.01822900027036667,0.01822900027036667,0.01822900027036667,0.01822900027036667,0.01822900027036667,0
1994-12-15,0.01822900027036667,0.01822900027036667,0.01822900027036667,0.01822900027036667,0.01822900027036667,278400
1994-12-16,0.01822900027036667,0.01822900027036667,0.01822900027036667,0.01822900027036667,0.01822900027036667,422400
1994-12-19,0.02018200047314167,0.02018200047314167,0.01822900027036667,0.01822900027036667,0.01822900027036667,124800
1994-12-20,0.01822900027036667,0.01822900027036667,0.01822900027036667,0.01822900027036667,0.01822900027036667,9600
1994-12-21,0.01822900027036667,0.02018200047314167,0.01822900027036667,0.02018200047314167,0.02018200047314167,336000
1994-12-22,0.01822900027036667,0.01822900027036667,0.01822900027036667,0.01822900027036667,0.01822900027036667,9600
1994-12-23,0.02018200047314167,0.02018200047314167,0.02018200047314167,0.02018200047314167,0.02018200047314167,9600
1994-12-27,0.02018200047314167,0.02018200047314167,0.01822900027036667,0.019531000405550003,0.019531000405550003,1152000
1994-12-28,0.01822900027036667,0.01822900027036667,0.017578000202775,0.017578000202775,0.017578000202775,1180800
1994-12-29,0.017578000202775,0.017578000202775,0.017578000202775,0.017578000202775,0.017578000202775,288000
1994-12-30,0.02018200047314167,0.020833000540733337,0.017578000202775,0.019531000405550003,0.019531000405550003,1123200
1995-01-03,0.018880000337958336,0.018880000337958336,0.018880000337958336,0.018880000337958336,0.018880000337958336,86400
1995-01-04,0.018880000337958336,0.018880000337958336,0.018880000337958336,0.018880000337958336,0.018880000337958336,48000
1995-01-05,0.018880000337958336,0.018880000337958336,0.018880000337958336,0.018880000337958336,0.018880000337958336,0
1995-01-06,0.018880000337958336,0.018880000337958336,0.018880000337958336,0.018880000337958336,0.018880000337958336,105600
1995-01-09,0.018880000337958336,0.020833000540733337,0.018880000337958336,0.020833000540733337,0.020833000540733337,57600
1995-01-10,0.021484000608325005,0.021484000608325005,0.018880000337958336,0.018880000337958336,0.018880000337958336,240000
1995-01-11,0.018880000337958336,0.018880000337958336,0.018880000337958336,0.018880000337958336,0.018880000337958336,9600
1995-01-12,0.018880000337958336,0.018880000337958336,0.018880000337958336,0.018880000337958336,0.018880000337958336,336000
1995-01-13,0.018880000337958336,0.020833000540733337,0.018880000337958336,0.018880000337958336,0.018880000337958336,748800
1995-01-16,0.019531000405550003,0.019531000405550003,0.016927000135183334,0.016927000135183334,0.016927000135183334,288000
1995-01-17,0.019531000405550003,0.019531000405550003,0.019531000405550003,0.019531000405550003,0.019531000405550003,96000
1995-01-18,0.017578000202775,0.017578000202775,0.017578000202775,0.017578000202775,0.017578000202775,57600
1995-01-19,0.019531000405550003,0.019531000405550003,0.018880000337958336,0.018880000337958336,0.018880000337958336,432000
1995-01-20,0.017578000202775,0.017578000202775,0.017578000202775,0.017578000202775,0.017578000202775,9600
1995-01-23,0.017578000202775,0.017578000202775,0.017578000202775,0.017578000202775,0.017578000202775,0
1995-01-24,0.019531000405550003,0.019531000405550003,0.019531000405550003,0.019531000405550003,0.019531000405550003,192000
1995-01-25,0.019531000405550003,0.019531000405550003,0.019531000405550003,0.019531000405550003,0.019531000405550003,96000
1995-01-26,0.017578000202775,0.017578000202775,0.017578000202775,0.017578000202775,0.017578000202775,28800
1995-01-27,0.019531000405550003,0.019531000405550003,0.016927000135183334,0.016927000135183334,0.016927000135183334,172800
1995-01-30,0.016927000135183334,0.016927000135183334,0.016927000135183334,0.016927000135183334,0.016927000135183334,115200
1995-01-31,0.019531000405550003,0.019531000405550003,0.019531000405550003,0.019531000405550003,0.019531000405550003,96000
1995-02-01,0.016927000135183334,0.019531000405550003,0.016927000135183334,0.019531000405550003,0.019531000405550003,268800
1995-02-02,0.016927000135183334,0.016927000135183334,0.016927000135183334,0.016927000135183334,0.016927000135183334,9600
1995-02-03,0.019531000405550003,0.019531000405550003,0.019531000405550003,0.019531000405550003,0.019531000405550003,115200
1995-02-06,0.019531000405550003,0.019531000405550003,0.01822900027036667,0.01822900027036667,0.01822900027036667,192000
1995-02-07,0.019531000405550003,0.019531000405550003,0.01822900027036667,0.01822900027036667,0.01822900027036667,192000
1995-02-08,0.016927000135183334,0.016927000135183334,0.016927000135183334,0.016927000135183334,0.016927000135183334,172800
1995-02-09,0.019531000405550003,0.019531000405550003,0.019531000405550003,0.019531000405550003,0.019531000405550003,96000
1995-02-10,0.019531000405550003,0.019531000405550003,0.019531000405550003,0.019531000405550003,0.019531000405550003,0
1995-02-13,0.019531000405550003,0.019531000405550003,0.019531000405550003,0.019531000405550003,0.019531000405550003,0
1995-02-14,0.019531000405550003,0.019531000405550003,0.019531000405550003,0.019531000405550003,0.019531000405550003,0
1995-02-15,0.019531000405550003,0.019531000405550003,0.019531000405550003,0.019531000405550003,0.019531000405550003,0
1995-02-16,0.01822900027036667,0.01822900027036667,0.01822900027036667,0.01822900027036667,0.01822900027036667,288000
1995-02-17,0.020833000540733337,0.020833000540733337,0.01822900027036667,0.01822900027036667,0.01822900027036667,441600
1995-02-21,0.01822900027036667,0.01822900027036667,0.01822900027036667,0.01822900027036667,0.01822900027036667,0
1995-02-22,0.01822900027036667,0.019531000405550003,0.01822900027036667,0.019206000491976738,0.019206000491976738,1267200
1995-02-23,0.01822900027036667,0.01822900027036667,0.01822900027036667,0.01822900027036667,0.01822900027036667,192000
1995-02-24,0.01822900027036667,0.019531000405550003,0.01822900027036667,0.019531000405550003,0.019531000405550003,249600
1995-02-27,0.020833000540733337,0.020833000540733337,0.02018200047314167,0.02018200047314167,0.02018200047314167,355200
1995-02-28,0.02018200047314167,0.02018200047314167,0.02018200047314167,0.02018200047314167,0.02018200047314167,0
1995-03-01,0.018880000337958336,0.02018200047314167,0.018880000337958336,0.018880000337958336,0.018880000337958336,153600
1995-03-02,0.02018200047314167,0.02018200047314167,0.018880000337958336,0.018880000337958336,0.018880000337958336,105600
1995-03-03,0.018880000337958336,0.018880000337958336,0.018880000337958336,0.018880000337958336,0.018880000337958336,211200
1995-03-06,0.018880000337958336,0.019531000405550003,0.018880000337958336,0.018880000337958336,0.018880000337958336,2265600
1995-03-07,0.018880000337958336,0.018880000337958336,0.018880000337958336,0.018880000337958336,0.018880000337958336,0
1995-03-08,0.019531000405550003,0.019531000405550003,0.01822900027036667,0.01822900027036667,0.01822900027036667,192000
1995-03-09,0.019531000405550003,0.019531000405550003,0.018880000337958336,0.018880000337958336,0.018880000337958336,192000
1995-03-10,0.01822900027036667,0.019531000405550003,0.01822900027036667,0.01822900027036667,0.01822900027036667,624000
1995-03-13,0.016927000135183334,0.018880000337958336,0.016927000135183334,0.016927000135183334,0.016927000135183334,3254400
1995-03-14,0.016276000067591667,0.016276000067591667,0.016276000067591667,0.016276000067591667,0.016276000067591667,96000
1995-03-15,0.016276000067591667,0.016276000067591667,0.016276000067591667,0.016276000067591667,0.016276000067591667,19200
1995-03-16,0.018880000337958336,0.018880000337958336,0.018880000337958336,0.018880000337958336,0.018880000337958336,57600
1995-03-17,0.018880000337958336,0.018880000337958336,0.016276000067591667,0.016276000067591667,0.016276000067591667,2409600
1995-03-20,0.015625,0.015625,0.015625,0.015625,0.015625,144000
1995-03-21,0.015625,0.016276000067591667,0.015625,0.016276000067591667,0.016276000067591667,105600
1995-03-22,0.01822900027036667,0.01822900027036667,0.017578000202775,0.017578000202775,0.017578000202775,1632000
1995-03-23,0.016927000135183334,0.016927000135183334,0.016927000135183334,0.016927000135183334,0.016927000135183334,595200
1995-03-24,0.016927000135183334,0.018880000337958336,0.016927000135183334,0.016927000135183334,0.016927000135183334,134400
1995-03-27,0.018880000337958336,0.018880000337958336,0.018880000337958336,0.018880000337958336,0.018880000337958336,144000
1995-03-28,0.016276000067591667,0.016276000067591667,0.016276000067591667,0.016276000067591667,0.016276000067591667,19200
1995-03-29,0.016276000067591667,0.016276000067591667,0.016276000067591667,0.016276000067591667,0.016276000067591667,0
1995-03-30,0.015625,0.016276000067591667,0.015625,0.015625,0.015625,940800
1995-03-31,0.014973999932408333,0.016927000135183334,0.014973999932408333,0.016927000135183334,0.016927000135183334,326400
1995-04-03,0.016276000067591667,0.016276000067591667,0.014322999864816666,0.015625,0.015625,2860800
1995-04-04,0.014322999864816666,0.014973999932408333,0.014322999864816666,0.014973999932408333,0.014973999932408333,384000
1995-04-05,0.015625,0.015625,0.013671999797224998,0.013671999797224998,0.013671999797224998,297600
1995-04-06,0.013671999797224998,0.013671999797224998,0.013671999797224998,0.013671999797224998,0.013671999797224998,38400
1995-04-07,0.013671999797224998,0.013671999797224998,0.013671999797224998,0.013671999797224998,0.013671999797224998,0
1995-04-10,0.015625,0.015625,0.015625,0.015625,0.015625,518400
1995-04-11,0.013671999797224998,0.015625,0.013671999797224998,0.013671999797224998,0.013671999797224998,316800
1995-04-12,0.014973999932408333,0.014973999932408333,0.013671999797224998,0.013671999797224998,0.013671999797224998,288000
1995-04-13,0.013671999797224998,0.013671999797224998,0.013671999797224998,0.013671999797224998,0.013671999797224998,0
1995-04-17,0.013671999797224998,0.014973999932408333,0.013671999797224998,0.013671999797224998,0.013671999797224998,1382400
1995-04-18,0.013671999797224998,0.013671999797224998,0.013671999797224998,0.013671999797224998,0.013671999797224998,0
1995-04-19,0.014322999864816666,0.014973999932408333,0.013671999797224998,0.014973999932408333,0.014973999932408333,3168000
1995-04-20,0.013671999797224998,0.015625,0.013671999797224998,0.015625,0.015625,5788800
1995-04-21,0.015625,0.015625,0.013671999797224998,0.014322999864816666,0.014322999864816666,4204800
1995-04-24,0.013671999797224998,0.015625,0.013671999797224998,0.013671999797224998,0.013671999797224998,1152000
1995-04-25,0.015625,0.015625,0.014322999864816666,0.015625,0.015625,2044800
1995-04-26,0.015625,0.015625,0.014973999932408333,0.015625,0.015625,1536000
1995-04-27,0.015625,0.015625,0.014973999932408333,0.014973999932408333,0.014973999932408333,1248000
1995-04-28,0.015625,0.015625,0.014973999932408333,0.015625,0.015625,480000
1995-05-01,0.015625,0.015625,0.015625,0.015625,0.015625,192000
1995-05-02,0.015625,0.015625,0.015625,0.015625,0.015625,0
1995-05-03,0.015625,0.015625,0.014973999932408333,0.015625,0.015625,2784000
1995-05-04,0.016276000067591667,0.016276000067591667,0.016276000067591667,0.016276000067591667,0.016276000067591667,134400
1995-05-05,0.016276000067591667,0.016276000067591667,0.016276000067591667,0.016276000067591667,0.016276000067591667,0
1995-05-08,0.016276000067591667,0.016276000067591667,0.016276000067591667,0.016276000067591667,0.016276000067591667,0
1995-05-09,0.014973999932408333,0.016276000067591667,0.014973999932408333,0.014973999932408333,0.014973999932408333,816000
1995-05-10,0.016276000067591667,0.016276000067591667,0.014973999932408333,0.014973999932408333,0.014973999932408333,86400
1995-05-11,0.014973999932408333,0.016276000067591667,0.014973999932408333,0.015625,0.015625,1017600
1995-05-12,0.014973999932408333,0.016927000135183334,0.014973999932408333,0.016927000135183334,0.016927000135183334,297600
1995-05-15,0.016927000135183334,0.016927000135183334,0.015625,0.015625,0.015625,1113600
1995-05-16,0.015625,0.016927000135183334,0.015625,0.015625,0.015625,451200
1995-05-17,0.014973999932408333,0.014973999932408333,0.014973999932408333,0.014973999932408333,0.014973999932408333,278400
1995-05-18,0.014973999932408333,0.014973999932408333,0.014973999932408333,0.014973999932408333,0.014973999932408333,547200
1995-05-19,0.016927000135183334,0.016927000135183334,0.014973999932408333,0.016927000135183334,0.016927000135183334,115200
1995-05-22,0.015625,0.015625,0.014973999932408333,0.014973999932408333,0.014973999932408333,67200
1995-05-23,0.014973999932408333,0.016276000067591667,0.014973999932408333,0.016276000067591667,0.016276000067591667,758400
1995-05-24,0.014973999932408333,0.015625,0.014322999864816666,0.015625,0.015625,1776000
1995-05-25,0.015625,0.015625,0.015298999845981598,0.015298999845981598,0.015298999845981598,624000
1995-05-26,0.014322999864816666,0.014322999864816666,0.014322999864816666,0.014322999864816666,0.014322999864816666,28800
1995-05-30,0.014322999864816666,0.014322999864816666,0.014322999864816666,0.014322999864816666,0.014322999864816666,192000
1995-05-31,0.014322999864816666,0.014322999864816666,0.014322999864816666,0.014322999864816666,0.014322999864816666,0
1995-06-01,0.014322999864816666,0.014322999864816666,0.014322999864816666,0.014322999864816666,0.014322999864816666,0
1995-06-02,0.014322999864816666,0.014322999864816666,0.014322999864816666,0.014322999864816666,0.014322999864816666,499200
1995-06-05,0.014322999864816666,0.014322999864816666,0.014322999864816666,0.014322999864816666,0.014322999864816666,96000
1995-06-06,0.014322999864816666,0.014322999864816666,0.013671999797224998,0.013671999797224998,0.013671999797224998,163200
1995-06-07,0.015625,0.015625,0.013671999797224998,0.013671999797224998,0.013671999797224998,144000
1995-06-08,0.013996999710798264,0.014322999864816666,0.013996999710798264,0.014322999864816666,0.014322999864816666,220800
1995-06-09,0.013671999797224998,0.013671999797224998,0.013671999797224998,0.013671999797224998,0.013671999797224998,307200
1995-06-12,0.013671999797224998,0.013671999797224998,0.013671999797224998,0.013671999797224998,0.013671999797224998,19200
1995-06-13,0.01464799977838993,0.01464799977838993,0.013671999797224998,0.013671999797224998,0.013671999797224998,48000
1995-06-14,0.013671999797224998,0.013671999797224998,0.013671999797224998,0.013671999797224998,0.013671999797224998,19200
1995-06-15,0.01464799977838993,0.01464799977838993,0.01464799977838993,0.01464799977838993,0.01464799977838993,48000
1995-06-16,0.013671999797224998,0.013671999797224998,0.013671999797224998,0.013671999797224998,0.013671999797224998,480000
1995-06-19,0.013020999729633331,0.01464799977838993,0.013020999729633331,0.013671999797224998,0.013671999797224998,3648000
1995-06-20,0.012369999662041664,0.013020999729633331,0.012369999662041664,0.013020999729633331,0.013020999729633331,1315200
1995-06-21,0.013671999797224998,0.013671999797224998,0.012369999662041664,0.012369999662041664,0.012369999662041664,576000
1995-06-22,0.012369999662041664,0.012369999662041664,0.012369999662041664,0.012369999662041664,0.012369999662041664,76800
1995-06-23,0.012369999662041664,0.013671999797224998,0.012369999662041664,0.013671999797224998,0.013671999797224998,432000
1995-06-26,0.013671999797224998,0.013671999797224998,0.013020999729633331,0.013020999729633331,0.013020999729633331,470400
1995-06-27,0.013020999729633331,0.013671999797224998,0.013020999729633331,0.013020999729633331,0.013020999729633331,384000
1995-06-28,0.012369999662041664,0.013020999729633331,0.012369999662041664,0.012369999662041664,0.012369999662041664,422400
1995-06-29,0.012369999662041664,0.013671999797224998,0.012369999662041664,0.013671999797224998,0.013671999797224998,153600
1995-06-30,0.012369999662041664,0.013020999729633331,0.012369999662041664,0.013020999729633331,0.013020999729633331,134400
1995-07-03,0.012369999662041664,0.013671999797224998,0.012369999662041664,0.013020999729633331,0.013020999729633331,384000
1995-07-05,0.013671999797224998,0.014322999864816666,0.013020999729633331,0.014322999864816666,0.014322999864816666,4876800
1995-07-06,0.014322999864816666,0.016276000067591667,0.014322999864816666,0.016276000067591667,0.016276000067591667,3628800
1995-07-07,0.016927000135183334,0.016927000135183334,0.015625,0.016276000067591667,0.016276000067591667,2198400
1995-07-10,0.015625,0.016276000067591667,0.015625,0.016276000067591667,0.016276000067591667,297600
1995-07-11,0.016276000067591667,0.016276000067591667,0.014973999932408333,0.016276000067591667,0.016276000067591667,528000
1995-07-12,0.014973999932408333,0.016276000067591667,0.014973999932408333,0.014973999932408333,0.014973999932408333,883200
1995-07-13,0.014973999932408333,0.014973999932408333,0.014973999932408333,0.014973999932408333,0.014973999932408333,0
1995-07-14,0.015625,0.016927000135183334,0.015625,0.015625,0.015625,883200
1995-07-17,0.015625,0.016276000067591667,0.015625,0.016276000067591667,0.016276000067591667,192000
1995-07-18,0.015625,0.01822900027036667,0.015625,0.01822900027036667,0.01822900027036667,633600
1995-07-19,0.01822900027036667,0.01822900027036667,0.01822900027036667,0.01822900027036667,0.01822900027036667,96000
1995-07-20,0.015625,0.01822900027036667,0.015625,0.016276000067591667,0.016276000067591667,633600
1995-07-21,0.01822900027036667,0.01822900027036667,0.016276000067591667,0.016276000067591667,0.016276000067591667,710400
1995-07-24,0.017578000202775,0.017578000202775,0.016276000067591667,0.016276000067591667,0.016276000067591667,2524800
1995-07-25,0.016927000135183334,0.017578000202775,0.014973999932408333,0.015625,0.015625,4185600
1995-07-26,0.014973999932408333,0.015625,0.014973999932408333,0.015298999845981598,0.015298999845981598,2486400
1995-07-27,0.015625,0.015625,0.014973999932408333,0.014973999932408333,0.014973999932408333,1824000
1995-07-28,0.015625,0.015625,0.014973999932408333,0.015625,0.015625,614400
1995-07-31,0.014973999932408333,0.014973999932408333,0.014322999864816666,0.014322999864816666,0.014322999864816666,912000
1995-08-01,0.014322999864816666,0.014322999864816666,0.014322999864816666,0.014322999864816666,0.014322999864816666,172800
1995-08-02,0.014322999864816666,0.015625,0.014322999864816666,0.014973999932408333,0.014973999932408333,2256000
1995-08-03,0.014973999932408333,0.014973999932408333,0.013671999797224998,0.014973999932408333,0.014973999932408333,748800
1995-08-04,0.013020999729633331,0.013020999729633331,0.013020999729633331,0.013020999729633331,0.013020999729633331,144000
1995-08-07,0.013020999729633331,0.014322999864816666,0.013020999729633331,0.013020999729633331,0.013020999729633331,1334400
1995-08-08,0.012369999662041664,0.012369999662041664,0.012369999662041664,0.012369999662041664,0.012369999662041664,192000
1995-08-09,0.013671999797224998,0.013671999797224998,0.013671999797224998,0.013671999797224998,0.013671999797224998,9600
1995-08-10,0.013671999797224998,0.013671999797224998,0.013671999797224998,0.013671999797224998,0.013671999797224998,0
1995-08-11,0.013671999797224998,0.013671999797224998,0.013020999729633331,0.013020999729633331,0.013020999729633331,124800
1995-08-14,0.013671999797224998,0.013671999797224998,0.013020999729633331,0.013671999797224998,0.013671999797224998,1497600
1995-08-15,0.014322999864816666,0.014322999864816666,0.012369999662041664,0.014322999864816666,0.014322999864816666,288000
1995-08-16,0.012369999662041664,0.013020999729633331,0.012369999662041664,0.013020999729633331,0.013020999729633331,38400
1995-08-17,0.012369999662041664,0.014322999864816666,0.012369999662041664,0.014322999864816666,0.014322999864816666,2217600
1995-08-18,0.012369999662041664,0.012369999662041664,0.012369999662041664,0.012369999662041664,0.012369999662041664,76800
1995-08-21,0.013020999729633331,0.014322999864816666,0.013020999729633331,0.013020999729633331,0.013020999729633331,1958400
1995-08-22,0.012369999662041664,0.014322999864816666,0.012369999662041664,0.014322999864816666,0.014322999864816666,163200
1995-08-23,0.014322999864816666,0.014322999864816666,0.012369999662041664,0.014322999864816666,0.014322999864816666,163200
1995-08-24,0.014322999864816666,0.014322999864816666,0.012369999662041664,0.013020999729633331,0.013020999729633331,1296000
1995-08-25,0.012369999662041664,0.012369999662041664,0.012369999662041664,0.012369999662041664,0.012369999662041664,192000
1995-08-28,0.012369999662041664,0.012369999662041664,0.012369999662041664,0.012369999662041664,0.012369999662041664,19200
1995-08-29,0.012369999662041664,0.012369999662041664,0.012369999662041664,0.012369999662041664,0.012369999662041664,38400
1995-08-30,0.013020999729633331,0.013671999797224998,0.013020999729633331,0.013671999797224998,0.013671999797224998,1920000
1995-08-31,0.012369999662041664,0.014322999864816666,0.012369999662041664,0.014322999864816666,0.014322999864816666,1641600
1995-09-01,0.014322999864816666,0.014322999864816666,0.014322999864816666,0.014322999864816666,0.014322999864816666,0
1995-09-05,0.014973999932408333,0.015625,0.014973999932408333,0.014973999932408333,0.014973999932408333,393600
1995-09-06,0.015625,0.015625,0.013996999710798264,0.013996999710798264,0.013996999710798264,124800
1995-09-07,0.014322999864816666,0.015625,0.013671999797224998,0.013671999797224998,0.013671999797224998,4012800
1995-09-08,0.013671999797224998,0.014973999932408333,0.013671999797224998,0.014973999932408333,0.014973999932408333,153600
1995-09-11,0.015298999845981598,0.015298999845981598,0.015298999845981598,0.015298999845981598,0.015298999845981598,96000
1995-09-12,0.015298999845981598,0.015298999845981598,0.015298999845981598,0.015298999845981598,0.015298999845981598,96000
1995-09-13,0.014322999864816666,0.014322999864816666,0.014322999864816666,0.014322999864816666,0.014322999864816666,48000
1995-09-14,0.014322999864816666,0.015298999845981598,0.014322999864816666,0.015298999845981598,0.015298999845981598,220800
1995-09-15,0.015298999845981598,0.015298999845981598,0.015298999845981598,0.015298999845981598,0.015298999845981598,192000
1995-09-18,0.015298999845981598,0.015298999845981598,0.015298999845981598,0.015298999845981598,0.015298999845981598,0
1995-09-19,0.01464799977838993,0.01464799977838993,0.01464799977838993,0.01464799977838993,0.01464799977838993,230400
1995-09-20,0.01464799977838993,0.015298999845981598,0.01464799977838993,0.015298999845981598,0.015298999845981598,499200
1995-09-21,0.01464799977838993,0.015625,0.014322999864816666,0.014322999864816666,0.014322999864816666,1200000
1995-09-22,0.014322999864816666,0.014322999864816666,0.013020999729633331,0.014322999864816666,0.014322999864816666,1161600
1995-09-25,0.015625,0.015625,0.013183999806642532,0.014973999932408333,0.014973999932408333,172800
1995-09-26,0.013020999729633331,0.013020999729633331,0.013020999729633331,0.013020999729633331,0.013020999729633331,96000
1995-09-27,0.013020999729633331,0.014322999864816666,0.013020999729633331,0.014322999864816666,0.014322999864816666,115200
1995-09-28,0.013020999729633331,0.014322999864816666,0.011718999594449997,0.011718999594449997,0.011718999594449997,1084800
1995-09-29,0.014973999932408333,0.014973999932408333,0.012044000439345837,0.012044000439345837,0.012044000439345837,134400
1995-10-02,0.014973999932408333,0.014973999932408333,0.013020999729633331,0.013020999729633331,0.013020999729633331,585600
1995-10-03,0.013020999729633331,0.013020999729633331,0.013020999729633331,0.013020999729633331,0.013020999729633331,0
1995-10-04,0.013020999729633331,0.013020999729633331,0.013020999729633331,0.013020999729633331,0.013020999729633331,0
1995-10-05,0.011718999594449997,0.013020999729633331,0.010417000390589237,0.013020999729633331,0.013020999729633331,883200
1995-10-06,0.011718999594449997,0.013671999797224998,0.011068000458180904,0.012369999662041664,0.012369999662041664,624000
1995-10-09,0.011068000458180904,0.012369999662041664,0.011068000458180904,0.011068000458180904,0.011068000458180904,182400
1995-10-10,0.011068000458180904,0.012369999662041664,0.010417000390589237,0.010417000390589237,0.010417000390589237,595200
1995-10-11,0.010417000390589237,0.011718999594449997,0.010417000390589237,0.011068000458180904,0.011068000458180904,604800
1995-10-12,0.011068000458180904,0.011068000458180904,0.011068000458180904,0.011068000458180904,0.011068000458180904,0
1995-10-13,0.011718999594449997,0.013020999729633331,0.011718999594449997,0.013020999729633331,0.013020999729633331,2880000
1995-10-16,0.011718999594449997,0.011718999594449997,0.011718999594449997,0.011718999594449997,0.011718999594449997,940800
1995-10-17,0.011718999594449997,0.013671999797224998,0.011718999594449997,0.011718999594449997,0.011718999594449997,307200
1995-10-18,0.012369999662041664,0.012369999662041664,0.012369999662041664,0.012369999662041664,0.012369999662041664,19200
1995-10-19,0.011068000458180904,0.011068000458180904,0.00976600032299757,0.010417000390589237,0.010417000390589237,2822400
1995-10-20,0.010417000390589237,0.010417000390589237,0.010417000390589237,0.010417000390589237,0.010417000390589237,0
1995-10-23,0.010417000390589237,0.010417000390589237,0.010417000390589237,0.010417000390589237,0.010417000390589237,288000
1995-10-24,0.011718999594449997,0.011718999594449997,0.010417000390589237,0.011068000458180904,0.011068000458180904,2169600
1995-10-25,0.010417000390589237,0.01139300037175417,0.009115000255405903,0.01139300037175417,0.01139300037175417,1776000
1995-10-26,0.009115000255405903,0.010417000390589237,0.009115000255405903,0.010417000390589237,0.010417000390589237,384000
1995-10-27,0.009115000255405903,0.011718999594449997,0.009115000255405903,0.011718999594449997,0.011718999594449997,739200
1995-10-30,0.00976600032299757,0.010417000390589237,0.00976600032299757,0.010417000390589237,0.010417000390589237,192000
1995-10-31,0.00976600032299757,0.010417000390589237,0.00976600032299757,0.00976600032299757,0.00976600032299757,643200
1995-11-01,0.011718999594449997,0.011718999594449997,0.00976600032299757,0.011718999594449997,0.011718999594449997,134400
1995-11-02,0.011718999594449997,0.011718999594449997,0.010579000227153301,0.010579000227153301,0.010579000227153301,460800
1995-11-03,0.011718999594449997,0.011718999594449997,0.011718999594449997,0.011718999594449997,0.011718999594449997,28800
1995-11-06,0.00976600032299757,0.010417000390589237,0.00976600032299757,0.010417000390589237,0.010417000390589237,38400
1995-11-07,0.00976600032299757,0.011068000458180904,0.00976600032299757,0.010417000390589237,0.010417000390589237,355200
1995-11-08,0.00976600032299757,0.010417000390589237,0.00976600032299757,0.010417000390589237,0.010417000390589237,259200
1995-11-09,0.00976600032299757,0.010417000390589237,0.00976600032299757,0.00976600032299757,0.00976600032299757,230400
1995-11-10,0.00976600032299757,0.00976600032299757,0.00976600032299757,0.00976600032299757,0.00976600032299757,480000
1995-11-13,0.00976600032299757,0.010417000390589237,0.00976600032299757,0.010417000390589237,0.010417000390589237,1584000
1995-11-14,0.010417000390589237,0.010417000390589237,0.009115000255405903,0.009115000255405903,0.009115000255405903,5798400
1995-11-15,0.00976600032299757,0.00976600032299757,0.009115000255405903,0.009115000255405903,0.009115000255405903,768000
1995-11-16,0.010417000390589237,0.010417000390589237,0.009115000255405903,0.009115000255405903,0.009115000255405903,969600
1995-11-17,0.009115000255405903,0.009115000255405903,0.009115000255405903,0.009115000255405903,0.009115000255405903,249600
1995-11-20,0.009115000255405903,0.009115000255405903,0.009115000255405903,0.009115000255405903,0.009115000255405903,19200
1995-11-21,0.010417000390589237,0.010417000390589237,0.009115000255405903,0.009115000255405903,0.009115000255405903,259200
1995-11-22,0.010417000390589237,0.010417000390589237,0.010417000390589237,0.010417000390589237,0.010417000390589237,48000
1995-11-24,0.010417000390589237,0.010417000390589237,0.010417000390589237,0.010417000390589237,0.010417000390589237,0
1995-11-27,0.009115000255405903,0.010417000390589237,0.009115000255405903,0.010417000390589237,0.010417000390589237,144000
1995-11-28,0.009115000255405903,0.010091000236570835,0.009115000255405903,0.010091000236570835,0.010091000236570835,633600
1995-11-29,0.010091000236570835,0.010091000236570835,0.009115000255405903,0.009115000255405903,0.009115000255405903,480000
1995-11-30,0.009115000255405903,0.009115000255405903,0.009115000255405903,0.009115000255405903,0.009115000255405903,720000
1995-12-01,0.009115000255405903,0.009115000255405903,0.009115000255405903,0.009115000255405903,0.009115000255405903,19200
1995-12-04,0.010091000236570835,0.010091000236570835,0.009115000255405903,0.010091000236570835,0.010091000236570835,921600
1995-12-05,0.008464000187814236,0.010091000236570835,0.008464000187814236,0.008464000187814236,0.008464000187814236,364800
1995-12-06,0.008464000187814236,0.008464000187814236,0.007813000120222569,0.007813000120222569,0.007813000120222569,2208000
1995-12-07,0.007813000120222569,0.009115000255405903,0.007813000120222569,0.008464000187814236,0.008464000187814236,2409600
1995-12-08,0.007486999966204166,0.009115000255405903,0.007486999966204166,0.009115000255405903,0.009115000255405903,220800
1995-12-11,0.009115000255405903,0.009115000255405903,0.007160999812185764,0.0087890001013875,0.0087890001013875,720000
1995-12-12,0.007160999812185764,0.007160999812185764,0.007160999812185764,0.007160999812185764,0.007160999812185764,144000
1995-12-13,0.007160999812185764,0.007160999812185764,0.007160999812185764,0.007160999812185764,0.007160999812185764,384000
1995-12-14,0.0065100002102553844,0.0065100002102553844,0.006184999831020832,0.0065100002102553844,0.0065100002102553844,3100800
1995-12-15,0.0065100002102553844,0.007813000120222569,0.0065100002102553844,0.0065100002102553844,0.0065100002102553844,1200000
1995-12-18,0.0065100002102553844,0.007813000120222569,0.0065100002102553844,0.007813000120222569,0.007813000120222569,691200
1995-12-19,0.0065100002102553844,0.007813000120222569,0.0065100002102553844,0.007813000120222569,0.007813000120222569,489600
1995-12-20,0.006672999821603298,0.006672999821603298,0.0065100002102553844,0.0065100002102553844,0.0065100002102553844,297600
1995-12-21,0.0065100002102553844,0.0065100002102553844,0.0065100002102553844,0.0065100002102553844,0.0065100002102553844,153600
1995-12-22,0.0065100002102553844,0.007813000120222569,0.0065100002102553844,0.007813000120222569,0.007813000120222569,729600
1995-12-26,0.007813000120222569,0.007813000120222569,0.007813000120222569,0.007813000120222569,0.007813000120222569,0
1995-12-27,0.0065100002102553844,0.0065100002102553844,0.0065100002102553844,0.0065100002102553844,0.0065100002102553844,144000
1995-12-28,0.0065100002102553844,0.007813000120222569,0.0065100002102553844,0.007160999812185764,0.007160999812185764,3081600
1995-12-29,0.007160999812185764,0.007813000120222569,0.007160999812185764,0.007160999812185764,0.007160999812185764,7276800
1996-01-02,0.007160999812185764,0.007160999812185764,0.007160999812185764,0.007160999812185764,0.007160999812185764,0
1996-01-03,0.007813000120222569,0.007813000120222569,0.007813000120222569,0.007813000120222569,0.007813000120222569,1344000
1996-01-04,0.008464000187814236,0.009115000255405903,0.008464000187814236,0.009115000255405903,0.009115000255405903,1142400
1996-01-05,0.009115000255405903,0.009115000255405903,0.009115000255405903,0.009115000255405903,0.009115000255405903,192000
1996-01-08,0.009115000255405903,0.009115000255405903,0.009115000255405903,0.009115000255405903,0.009115000255405903,1161600
1996-01-09,0.00976600032299757,0.010091000236570835,0.007813000120222569,0.010091000236570835,0.010091000236570835,1545600
1996-01-10,0.010091000236570835,0.010091000236570835,0.010091000236570835,0.010091000236570835,0.010091000236570835,0
1996-01-11,0.009115000255405903,0.009115000255405903,0.0065100002102553844,0.007160999812185764,0.007160999812185764,15916800
1996-01-12,0.007813000120222569,0.007813000120222569,0.0065100002102553844,0.0065100002102553844,0.0065100002102553844,844800
1996-01-15,0.006835999898612499,0.006835999898612499,0.006835999898612499,0.006835999898612499,0.006835999898612499,96000
1996-01-16,0.0065100002102553844,0.0065100002102553844,0.0065100002102553844,0.0065100002102553844,0.0065100002102553844,249600
1996-01-17,0.007813000120222569,0.007813000120222569,0.0065100002102553844,0.007323999889194965,0.007323999889194965,2265600
1996-01-18,0.008464000187814236,0.008464000187814236,0.008464000187814236,0.008464000187814236,0.008464000187814236,96000
1996-01-19,0.008464000187814236,0.008464000187814236,0.0065100002102553844,0.007160999812185764,0.007160999812185764,13612800
1996-01-22,0.008464000187814236,0.008464000187814236,0.008464000187814236,0.008464000187814236,0.008464000187814236,96000
1996-01-23,0.007486999966204166,0.008464000187814236,0.007486999966204166,0.008464000187814236,0.008464000187814236,1152000
1996-01-24,0.008464000187814236,0.008464000187814236,0.008464000187814236,0.008464000187814236,0.008464000187814236,672000
1996-01-25,0.008464000187814236,0.008464000187814236,0.008464000187814236,0.008464000187814236,0.008464000187814236,288000
1996-01-26,0.008464000187814236,0.008464000187814236,0.008464000187814236,0.008464000187814236,0.008464000187814236,144000
1996-01-29,0.008464000187814236,0.008464000187814236,0.008464000187814236,0.008464000187814236,0.008464000187814236,240000
1996-01-30,0.006835999898612499,0.008464000187814236,0.006835999898612499,0.008464000187814236,0.008464000187814236,297600
1996-01-31,0.008464000187814236,0.008464000187814236,0.007813000120222569,0.007813000120222569,0.007813000120222569,624000
1996-02-01,0.007160999812185764,0.007160999812185764,0.007160999812185764,0.007160999812185764,0.007160999812185764,19200
1996-02-02,0.007813000120222569,0.008138000033795834,0.007160999812185764,0.007160999812185764,0.007160999812185764,768000
1996-02-05,0.007160999812185764,0.008464000187814236,0.006835999898612499,0.006835999898612499,0.006835999898612499,3292800
1996-02-06,0.006835999898612499,0.007486999966204166,0.006835999898612499,0.006835999898612499,0.006835999898612499,2400000
1996-02-07,0.006835999898612499,0.006835999898612499,0.006835999898612499,0.006835999898612499,0.006835999898612499,57600
1996-02-08,0.006835999898612499,0.006835999898612499,0.006835999898612499,0.006835999898612499,0.006835999898612499,0
1996-02-09,0.007486999966204166,0.007486999966204166,0.006835999898612499,0.007160999812185764,0.007160999812185764,3168000
1996-02-12,0.007486999966204166,0.007486999966204166,0.006835999898612499,0.007486999966204166,0.007486999966204166,1968000
1996-02-13,0.007486999966204166,0.007486999966204166,0.007486999966204166,0.007486999966204166,0.007486999966204166,48000
1996-02-14,0.007160999812185764,0.007486999966204166,0.007160999812185764,0.007160999812185764,0.007160999812185764,1084800
1996-02-15,0.009115000255405903,0.009115000255405903,0.007813000120222569,0.008464000187814236,0.008464000187814236,3964800
1996-02-16,0.007813000120222569,0.008464000187814236,0.007813000120222569,0.008464000187814236,0.008464000187814236,2304000
1996-02-20,0.007813000120222569,0.007813000120222569,0.007813000120222569,0.007813000120222569,0.007813000120222569,192000
1996-02-21,0.007813000120222569,0.008464000187814236,0.007813000120222569,0.007813000120222569,0.007813000120222569,1276800
1996-02-22,0.007813000120222569,0.007813000120222569,0.007160999812185764,0.007813000120222569,0.007813000120222569,1296000
1996-02-23,0.006835999898612499,0.007813000120222569,0.006835999898612499,0.007813000120222569,0.007813000120222569,1152000
1996-02-26,0.007323999889194965,0.007813000120222569,0.007323999889194965,0.007813000120222569,0.007813000120222569,864000
1996-02-27,0.007813000120222569,0.007813000120222569,0.007813000120222569,0.007813000120222569,0.007813000120222569,0
1996-02-28,0.007813000120222569,0.007813000120222569,0.007813000120222569,0.007813000120222569,0.007813000120222569,96000
1996-02-29,0.007813000120222569,0.007813000120222569,0.007813000120222569,0.007813000120222569,0.007813000120222569,48000
1996-03-01,0.006835999898612499,0.006835999898612499,0.0065100002102553844,0.0065100002102553844,0.0065100002102553844,480000
1996-03-04,0.007160999812185764,0.007813000120222569,0.0065100002102553844,0.0065100002102553844,0.0065100002102553844,1680000
1996-03-05,0.0065100002102553844,0.007813000120222569,0.0065100002102553844,0.006835999898612499,0.006835999898612499,3657600
1996-03-06,0.006835999898612499,0.006835999898612499,0.006835999898612499,0.006835999898612499,0.006835999898612499,0
1996-03-07,0.0069989999756217,0.007813000120222569,0.006835999898612499,0.007813000120222569,0.007813000120222569,2803200
1996-03-08,0.007813000120222569,0.007813000120222569,0.007813000120222569,0.007813000120222569,0.007813000120222569,0
1996-03-11,0.007813000120222569,0.007813000120222569,0.007813000120222569,0.007813000120222569,0.007813000120222569,0
1996-03-12,0.007160999812185764,0.007160999812185764,0.007160999812185764,0.007160999812185764,0.007160999812185764,230400
1996-03-13,0.007160999812185764,0.007160999812185764,0.0065100002102553844,0.0065100002102553844,0.0065100002102553844,576000
1996-03-14,0.0065100002102553844,0.007160999812185764,0.0065100002102553844,0.007160999812185764,0.007160999812185764,259200
1996-03-15,0.007160999812185764,0.007160999812185764,0.007160999812185764,0.007160999812185764,0.007160999812185764,0
1996-03-18,0.007486999966204166,0.007486999966204166,0.007486999966204166,0.007486999966204166,0.007486999966204166,480000
1996-03-19,0.007486999966204166,0.007486999966204166,0.007486999966204166,0.007486999966204166,0.007486999966204166,0
1996-03-20,0.007160999812185764,0.007160999812185764,0.007160999812185764,0.007160999812185764,0.007160999812185764,3120000
1996-03-21,0.007160999812185764,0.007160999812185764,0.007160999812185764,0.007160999812185764,0.007160999812185764,0
1996-03-22,0.007160999812185764,0.007160999812185764,0.007160999812185764,0.007160999812185764,0.007160999812185764,0
1996-03-25,0.007486999966204166,0.007486999966204166,0.007486999966204166,0.007486999966204166,0.007486999966204166,211200
1996-03-26,0.007486999966204166,0.007486999966204166,0.007486999966204166,0.007486999966204166,0.007486999966204166,0
1996-03-27,0.007486999966204166,0.007486999966204166,0.007486999966204166,0.007486999966204166,0.007486999966204166,19200
1996-03-28,0.007486999966204166,0.007486999966204166,0.007486999966204166,0.007486999966204166,0.007486999966204166,288000
1996-03-29,0.0065100002102553844,0.007486999966204166,0.0065100002102553844,0.007486999966204166,0.007486999966204166,115200
1996-04-01,0.007486999966204166,0.007486999966204166,0.007486999966204166,0.007486999966204166,0.007486999966204166,508800
1996-04-02,0.007486999966204166,0.007486999966204166,0.007486999966204166,0.007486999966204166,0.007486999966204166,0
1996-04-03,0.007486999966204166,0.007486999966204166,0.007486999966204166,0.007486999966204166,0.007486999966204166,96000
1996-04-04,0.007486999966204166,0.007486999966204166,0.0065100002102553844,0.0065100002102553844,0.0065100002102553844,1372800
1996-04-08,0.007486999966204166,0.007813000120222569,0.006835999898612499,0.007813000120222569,0.007813000120222569,6672000
1996-04-09,0.007813000120222569,0.007813000120222569,0.007813000120222569,0.007813000120222569,0.007813000120222569,0
1996-04-10,0.007486999966204166,0.008138000033795834,0.007486999966204166,0.007813000120222569,0.007813000120222569,4128000
1996-04-11,0.007813000120222569,0.008138000033795834,0.007813000120222569,0.008138000033795834,0.008138000033795834,1027200
1996-04-12,0.008138000033795834,0.008138000033795834,0.007486999966204166,0.007486999966204166,0.007486999966204166,2371200
1996-04-15,0.007486999966204166,0.007486999966204166,0.007486999966204166,0.007486999966204166,0.007486999966204166,0
1996-04-16,0.008138000033795834,0.008138000033795834,0.007486999966204166,0.007486999966204166,0.007486999966204166,969600
1996-04-17,0.007486999966204166,0.007486999966204166,0.007486999966204166,0.007486999966204166,0.007486999966204166,0
1996-04-18,0.008138000033795834,0.008138000033795834,0.008138000033795834,0.008138000033795834,0.008138000033795834,1056000
1996-04-19,0.006835999898612499,0.006835999898612499,0.006835999898612499,0.006835999898612499,0.006835999898612499,96000
1996-04-22,0.008138000033795834,0.008138000033795834,0.006835999898612499,0.008138000033795834,0.008138000033795834,1180800
1996-04-23,0.008138000033795834,0.008138000033795834,0.007813000120222569,0.007813000120222569,0.007813000120222569,1094400
1996-04-24,0.006835999898612499,0.007813000120222569,0.006835999898612499,0.007813000120222569,0.007813000120222569,2304000
1996-04-25,0.007813000120222569,0.007813000120222569,0.007813000120222569,0.007813000120222569,0.007813000120222569,192000
1996-04-26,0.008138000033795834,0.009440000168979168,0.007813000120222569,0.009440000168979168,0.009440000168979168,3792000
1996-04-29,0.010091000236570835,0.01269499957561493,0.009115000255405903,0.01139300037175417,0.01139300037175417,6393600
1996-04-30,0.01269499957561493,0.01269499957561493,0.01139300037175417,0.01269499957561493,0.01269499957561493,3292800
1996-05-01,0.01269499957561493,0.013996999710798264,0.011718999594449997,0.011718999594449997,0.011718999594449997,6672000
1996-05-02,0.01139300037175417,0.011718999594449997,0.010417000390589237,0.01139300037175417,0.01139300037175417,672000
1996-05-03,0.01139300037175417,0.01139300037175417,0.010742000304162502,0.010742000304162502,0.010742000304162502,1372800
1996-05-06,0.01139300037175417,0.015625,0.01139300037175417,0.015625,0.015625,10627200
1996-05-07,0.014973999932408333,0.01822900027036667,0.014973999932408333,0.01822900027036667,0.01822900027036667,11683200
1996-05-08,0.018880000337958336,0.02278600074350834,0.017578000202775,0.020833000540733337,0.020833000540733337,14803200
1996-05-09,0.027994999662041664,0.027994999662041664,0.020833000540733337,0.02669299952685833,0.02669299952685833,32582400
1996-05-10,0.025390999391674995,0.02669299952685833,0.020833000540733337,0.020833000540733337,0.020833000540733337,14054400
1996-05-13,0.022135000675916672,0.023437999188899994,0.020833000540733337,0.021484000608325005,0.021484000608325005,7161600
1996-05-14,0.023437999188899994,0.023437999188899994,0.021484000608325005,0.021484000608325005,0.021484000608325005,3388800
1996-05-15,0.021484000608325005,0.02278600074350834,0.019531000405550003,0.020833000540733337,0.020833000540733337,4108800
1996-05-16,0.019531000405550003,0.020833000540733337,0.011718999594449997,0.016276000067591667,0.016276000067591667,13200000
1996-05-17,0.016276000067591667,0.016276000067591667,0.013020999729633331,0.014973999932408333,0.014973999932408333,5635200
1996-05-20,0.015625,0.015625,0.013020999729633331,0.015625,0.015625,4915200
1996-05-21,0.014322999864816666,0.015625,0.013020999729633331,0.015625,0.015625,6902400
1996-05-22,0.013671999797224998,0.015625,0.013671999797224998,0.013671999797224998,0.013671999797224998,2169600
1996-05-23,0.013671999797224998,0.016276000067591667,0.013671999797224998,0.014322999864816666,0.014322999864816666,3273600
1996-05-24,0.014973999932408333,0.016927000135183334,0.014973999932408333,0.016927000135183334,0.016927000135183334,10320000
1996-05-28,0.016927000135183334,0.016927000135183334,0.015625,0.015625,0.015625,499200
1996-05-29,0.015625,0.016927000135183334,0.015625,0.016927000135183334,0.016927000135183334,3120000
1996-05-30,0.016927000135183334,0.016927000135183334,0.015625,0.016927000135183334,0.016927000135183334,614400
1996-05-31,0.016927000135183334,0.016927000135183334,0.016927000135183334,0.016927000135183334,0.016927000135183334,38400
1996-06-03,0.016927000135183334,0.016927000135183334,0.016276000067591667,0.016276000067591667,0.016276000067591667,1046400
1996-06-04,0.015625,0.016927000135183334,0.015625,0.016927000135183334,0.016927000135183334,1228800
1996-06-05,0.015625,0.016927000135183334,0.014973999932408333,0.016927000135183334,0.016927000135183334,2784000
1996-06-06,0.014973999932408333,0.016927000135183334,0.014973999932408333,0.014973999932408333,0.014973999932408333,451200
1996-06-07,0.016927000135183334,0.016927000135183334,0.014973999932408333,0.014973999932408333,0.014973999932408333,1516800
1996-06-10,0.014973999932408333,0.017578000202775,0.014973999932408333,0.015625,0.015625,480000
1996-06-11,0.015625,0.01822900027036667,0.015625,0.01822900027036667,0.01822900027036667,115200
1996-06-12,0.01822900027036667,0.01822900027036667,0.015625,0.016276000067591667,0.016276000067591667,816000
1996-06-13,0.016927000135183334,0.01822900027036667,0.015625,0.01822900027036667,0.01822900027036667,1209600
1996-06-14,0.01822900027036667,0.01822900027036667,0.012369999662041664,0.013020999729633331,0.013020999729633331,4368000
1996-06-17,0.014322999864816666,0.016276000067591667,0.013671999797224998,0.016276000067591667,0.016276000067591667,2851200
1996-06-18,0.013671999797224998,0.016276000067591667,0.013671999797224998,0.013671999797224998,0.013671999797224998,758400
1996-06-19,0.016276000067591667,0.017578000202775,0.015625,0.017578000202775,0.017578000202775,13459200
1996-06-20,0.015625,0.016927000135183334,0.015625,0.016276000067591667,0.016276000067591667,2275200
1996-06-21,0.015625,0.016276000067591667,0.015625,0.015625,0.015625,3465600
1996-06-24,0.016276000067591667,0.016927000135183334,0.015625,0.016927000135183334,0.016927000135183334,4243200
1996-06-25,0.016927000135183334,0.02018200047314167,0.015625,0.019531000405550003,0.019531000405550003,5702400
1996-06-26,0.020833000540733337,0.02669299952685833,0.02018200047314167,0.020833000540733337,0.020833000540733337,16723200
1996-06-27,0.021484000608325005,0.025390999391674995,0.020833000540733337,0.022461000829935074,0.022461000829935074,8284800
1996-06-28,0.023437999188899994,0.023437999188899994,0.021484000608325005,0.021484000608325005,0.021484000608325005,1747200
1996-07-01,0.021484000608325005,0.022135000675916672,0.019531000405550003,0.019531000405550003,0.019531000405550003,2188800
1996-07-02,0.022135000675916672,0.02408899925649166,0.02018200047314167,0.023437999188899994,0.023437999188899994,13516800
1996-07-03,0.024739999324083328,0.024739999324083328,0.022135000675916672,0.022135000675916672,0.022135000675916672,4732800
1996-07-05,0.023437999188899994,0.023437999188899994,0.021484000608325005,0.021484000608325005,0.021484000608325005,432000
1996-07-08,0.02408899925649166,0.026041999459266663,0.021484000608325005,0.02278600074350834,0.02278600074350834,7401600
1996-07-09,0.02278600074350834,0.025390999391674995,0.02278600074350834,0.025390999391674995,0.025390999391674995,2448000
1996-07-10,0.02278600074350834,0.025390999391674995,0.02278600074350834,0.024739999324083328,0.024739999324083328,1536000
1996-07-11,0.02278600074350834,0.024739999324083328,0.021484000608325005,0.021484000608325005,0.021484000608325005,1334400
1996-07-12,0.02408899925649166,0.02408899925649166,0.02278600074350834,0.02311200089752674,0.02311200089752674,1478400
1996-07-15,0.021484000608325005,0.024739999324083328,0.021484000608325005,0.02408899925649166,0.02408899925649166,4118400
1996-07-16,0.021484000608325005,0.02408899925649166,0.021484000608325005,0.021484000608325005,0.021484000608325005,5635200
1996-07-17,0.023437999188899994,0.02408899925649166,0.023437999188899994,0.02408899925649166,0.02408899925649166,441600
1996-07-18,0.02408899925649166,0.02408899925649166,0.021484000608325005,0.021484000608325005,0.021484000608325005,720000
1996-07-19,0.021484000608325005,0.023437999188899994,0.021484000608325005,0.021484000608325005,0.021484000608325005,1593600
1996-07-22,0.023437999188899994,0.023437999188899994,0.021484000608325005,0.022135000675916672,0.022135000675916672,3148800
1996-07-23,0.023437999188899994,0.023437999188899994,0.021484000608325005,0.021484000608325005,0.021484000608325005,470400
1996-07-24,0.021484000608325005,0.021484000608325005,0.021484000608325005,0.021484000608325005,0.021484000608325005,1363200
1996-07-25,0.022135000675916672,0.022135000675916672,0.020833000540733337,0.021484000608325005,0.021484000608325005,1881600
1996-07-26,0.021484000608325005,0.021484000608325005,0.02018200047314167,0.020833000540733337,0.020833000540733337,595200
1996-07-29,0.021484000608325005,0.021484000608325005,0.02018200047314167,0.020833000540733337,0.020833000540733337,1046400
1996-07-30,0.019531000405550003,0.020833000540733337,0.019531000405550003,0.019531000405550003,0.019531000405550003,374400
1996-07-31,0.020833000540733337,0.021484000608325005,0.019531000405550003,0.019531000405550003,0.019531000405550003,1449600
1996-08-01,0.019531000405550003,0.019531000405550003,0.019531000405550003,0.019531000405550003,0.019531000405550003,0
1996-08-02,0.021484000608325005,0.021484000608325005,0.02018200047314167,0.021484000608325005,0.021484000608325005,172800
1996-08-05,0.021484000608325005,0.021484000608325005,0.02018200047314167,0.020833000540733337,0.020833000540733337,1046400
1996-08-06,0.020508000627160072,0.020833000540733337,0.018880000337958336,0.018880000337958336,0.018880000337958336,1718400
1996-08-07,0.021484000608325005,0.021484000608325005,0.018880000337958336,0.020833000540733337,0.020833000540733337,1872000
1996-08-08,0.019531000405550003,0.020833000540733337,0.019531000405550003,0.020833000540733337,0.020833000540733337,499200
1996-08-09,0.019531000405550003,0.020833000540733337,0.019531000405550003,0.02018200047314167,0.02018200047314167,2419200
1996-08-12,0.019531000405550003,0.020833000540733337,0.01822900027036667,0.01822900027036667,0.01822900027036667,3158400
1996-08-13,0.019531000405550003,0.019531000405550003,0.017578000202775,0.01822900027036667,0.01822900027036667,4022400
1996-08-14,0.018880000337958336,0.019531000405550003,0.018880000337958336,0.019531000405550003,0.019531000405550003,1228800
1996-08-15,0.019531000405550003,0.020833000540733337,0.01822900027036667,0.020833000540733337,0.020833000540733337,672000
1996-08-16,0.020833000540733337,0.020833000540733337,0.020833000540733337,0.020833000540733337,0.020833000540733337,432000
1996-08-19,0.020833000540733337,0.020833000540733337,0.01822900027036667,0.020833000540733337,0.020833000540733337,912000
1996-08-20,0.020833000540733337,0.020833000540733337,0.018880000337958336,0.019531000405550003,0.019531000405550003,681600
1996-08-21,0.020671000704169273,0.020833000540733337,0.018880000337958336,0.020833000540733337,0.020833000540733337,3340800
1996-08-22,0.023437999188899994,0.023437999188899994,0.019531000405550003,0.019531000405550003,0.019531000405550003,6950400
1996-08-23,0.020833000540733337,0.020833000540733337,0.020833000540733337,0.020833000540733337,0.020833000540733337,57600
1996-08-26,0.020833000540733337,0.020833000540733337,0.020508000627160072,0.020508000627160072,0.020508000627160072,844800
1996-08-27,0.020508000627160072,0.020508000627160072,0.020508000627160072,0.020508000627160072,0.020508000627160072,0
1996-08-28,0.020833000540733337,0.020833000540733337,0.02018200047314167,0.02018200047314167,0.02018200047314167,288000
1996-08-29,0.019531000405550003,0.020833000540733337,0.019531000405550003,0.020833000540733337,0.020833000540733337,403200
1996-08-30,0.019531000405550003,0.020833000540733337,0.019531000405550003,0.020833000540733337,0.020833000540733337,220800
1996-09-03,0.019531000405550003,0.019531000405550003,0.018880000337958336,0.019531000405550003,0.019531000405550003,1756800
1996-09-04,0.01822900027036667,0.01822900027036667,0.01822900027036667,0.01822900027036667,0.01822900027036667,528000
1996-09-05,0.017578000202775,0.017578000202775,0.016927000135183334,0.016927000135183334,0.016927000135183334,432000
1996-09-06,0.016927000135183334,0.02018200047314167,0.016927000135183334,0.02018200047314167,0.02018200047314167,4368000
1996-09-09,0.02018200047314167,0.02018200047314167,0.018880000337958336,0.019531000405550003,0.019531000405550003,1833600
1996-09-10,0.02018200047314167,0.02018200047314167,0.019531000405550003,0.019531000405550003,0.019531000405550003,345600
1996-09-11,0.018880000337958336,0.018880000337958336,0.017578000202775,0.01822900027036667,0.01822900027036667,326400
1996-09-12,0.02018200047314167,0.02018200047314167,0.02018200047314167,0.02018200047314167,0.02018200047314167,9600
1996-09-13,0.017578000202775,0.017578000202775,0.017578000202775,0.017578000202775,0.017578000202775,220800
1996-09-16,0.02018200047314167,0.02018200047314167,0.02018200047314167,0.02018200047314167,0.02018200047314167,134400
1996-09-17,0.01822900027036667,0.018880000337958336,0.01822900027036667,0.018880000337958336,0.018880000337958336,307200
1996-09-18,0.017578000202775,0.017578000202775,0.017578000202775,0.017578000202775,0.017578000202775,1574400
1996-09-19,0.01822900027036667,0.01822900027036667,0.016927000135183334,0.017578000202775,0.017578000202775,1641600
1996-09-20,0.019531000405550003,0.019531000405550003,0.017578000202775,0.017578000202775,0.017578000202775,240000
1996-09-23,0.019531000405550003,0.019531000405550003,0.019531000405550003,0.019531000405550003,0.019531000405550003,9600
1996-09-24,0.017578000202775,0.01822900027036667,0.017578000202775,0.01822900027036667,0.01822900027036667,3696000
1996-09-25,0.017578000202775,0.018880000337958336,0.016927000135183334,0.016927000135183334,0.016927000135183334,4790400
1996-09-26,0.016927000135183334,0.01822900027036667,0.016927000135183334,0.01822900027036667,0.01822900027036667,2678400
1996-09-27,0.01822900027036667,0.01822900027036667,0.016927000135183334,0.016927000135183334,0.016927000135183334,499200
1996-09-30,0.016927000135183334,0.016927000135183334,0.016927000135183334,0.016927000135183334,0.016927000135183334,192000
1996-10-01,0.016927000135183334,0.017578000202775,0.016927000135183334,0.016927000135183334,0.016927000135183334,3302400
1996-10-02,0.016927000135183334,0.017578000202775,0.016927000135183334,0.016927000135183334,0.016927000135183334,1065600
1996-10-03,0.016927000135183334,0.019531000405550003,0.016927000135183334,0.018880000337958336,0.018880000337958336,35222400
1996-10-04,0.019531000405550003,0.019531000405550003,0.01822900027036667,0.01855500042438507,0.01855500042438507,3744000
1996-10-07,0.018880000337958336,0.019531000405550003,0.01822900027036667,0.01822900027036667,0.01822900027036667,2140800
1996-10-08,0.01822900027036667,0.02408899925649166,0.01822900027036667,0.020833000540733337,0.020833000540733337,33628800
1996-10-09,0.019531000405550003,0.020833000540733337,0.019531000405550003,0.019531000405550003,0.019531000405550003,6960000
1996-10-10,0.019531000405550003,0.019531000405550003,0.017578000202775,0.01822900027036667,0.01822900027036667,2697600
1996-10-11,0.017578000202775,0.017578000202775,0.017578000202775,0.017578000202775,0.017578000202775,192000
1996-10-14,0.02018200047314167,0.02018200047314167,0.017578000202775,0.017578000202775,0.017578000202775,480000
1996-10-15,0.017578000202775,0.017578000202775,0.017578000202775,0.017578000202775,0.017578000202775,720000
1996-10-16,0.017578000202775,0.017578000202775,0.017578000202775,0.017578000202775,0.017578000202775,124800
1996-10-17,0.017578000202775,0.01822900027036667,0.015625,0.016276000067591667,0.016276000067591667,5260800
1996-10-18,0.016276000067591667,0.016276000067591667,0.014973999932408333,0.014973999932408333,0.014973999932408333,528000
1996-10-21,0.016276000067591667,0.016276000067591667,0.015625,0.015625,0.015625,384000
1996-10-22,0.014973999932408333,0.015625,0.012369999662041664,0.014322999864816666,0.014322999864816666,12556800
1996-10-23,0.014322999864816666,0.014322999864816666,0.012369999662041664,0.012369999662041664,0.012369999662041664,1680000
1996-10-24,0.013020999729633331,0.013020999729633331,0.013020999729633331,0.013020999729633331,0.013020999729633331,384000
1996-10-25,0.014322999864816666,0.014322999864816666,0.012369999662041664,0.013671999797224998,0.013671999797224998,1104000
1996-10-28,0.013020999729633331,0.013671999797224998,0.011718999594449997,0.011881999671459198,0.011881999671459198,5577600
1996-10-29,0.013020999729633331,0.014322999864816666,0.012369999662041664,0.012369999662041664,0.012369999662041664,2160000
1996-10-30,0.013020999729633331,0.013671999797224998,0.011068000458180904,0.012369999662041664,0.012369999662041664,8025600
1996-10-31,0.012369999662041664,0.012369999662041664,0.012369999662041664,0.012369999662041664,0.012369999662041664,0
1996-11-01,0.013020999729633331,0.013020999729633331,0.012369999662041664,0.013020999729633331,0.013020999729633331,4032000
1996-11-04,0.013020999729633331,0.013671999797224998,0.013020999729633331,0.013671999797224998,0.013671999797224998,2803200
1996-11-05,0.014322999864816666,0.014322999864816666,0.013671999797224998,0.014322999864816666,0.014322999864816666,892800
1996-11-06,0.014322999864816666,0.014973999932408333,0.013671999797224998,0.013671999797224998,0.013671999797224998,1977600
1996-11-07,0.014973999932408333,0.014973999932408333,0.014973999932408333,0.014973999932408333,0.014973999932408333,384000
1996-11-08,0.014322999864816666,0.014322999864816666,0.014322999864816666,0.014322999864816666,0.014322999864816666,384000
1996-11-11,0.014973999932408333,0.014973999932408333,0.013671999797224998,0.013671999797224998,0.013671999797224998,681600
1996-11-12,0.013671999797224998,0.014973999932408333,0.013020999729633331,0.013020999729633331,0.013020999729633331,883200
1996-11-13,0.013020999729633331,0.014973999932408333,0.013020999729633331,0.014973999932408333,0.014973999932408333,1948800
1996-11-14,0.014973999932408333,0.014973999932408333,0.013020999729633331,0.013020999729633331,0.013020999729633331,432000
1996-11-15,0.013671999797224998,0.014322999864816666,0.013671999797224998,0.013671999797224998,0.013671999797224998,3196800
1996-11-18,0.013020999729633331,0.014322999864816666,0.013020999729633331,0.014322999864816666,0.014322999864816666,1708800
1996-11-19,0.013020999729633331,0.013020999729633331,0.013020999729633331,0.013020999729633331,0.013020999729633331,307200
1996-11-20,0.014322999864816666,0.014322999864816666,0.013020999729633331,0.013020999729633331,0.013020999729633331,316800
1996-11-21,0.013671999797224998,0.013671999797224998,0.013345999643206596,0.013671999797224998,0.013671999797224998,1440000
1996-11-22,0.01269499957561493,0.01269499957561493,0.012369999662041664,0.012369999662041664,0.012369999662041664,441600
1996-11-25,0.012369999662041664,0.013671999797224998,0.012369999662041664,0.013671999797224998,0.013671999797224998,1526400
1996-11-26,0.013020999729633331,0.013671999797224998,0.013020999729633331,0.013020999729633331,0.013020999729633331,2736000
1996-11-27,0.013020999729633331,0.013671999797224998,0.013020999729633331,0.013671999797224998,0.013671999797224998,2697600
1996-11-29,0.013020999729633331,0.013020999729633331,0.013020999729633331,0.013020999729633331,0.013020999729633331,192000
1996-12-02,0.013020999729633331,0.013020999729633331,0.013020999729633331,0.013020999729633331,0.013020999729633331,115200
1996-12-03,0.013020999729633331,0.013020999729633331,0.013020999729633331,0.013020999729633331,0.013020999729633331,115200
1996-12-04,0.013671999797224998,0.013671999797224998,0.012369999662041664,0.012369999662041664,0.012369999662041664,230400
1996-12-05,0.012369999662041664,0.012369999662041664,0.012369999662041664,0.012369999662041664,0.012369999662041664,374400
1996-12-06,0.012369999662041664,0.013020999729633331,0.012369999662041664,0.013020999729633331,0.013020999729633331,336000
1996-12-09,0.012369999662041664,0.012369999662041664,0.012369999662041664,0.012369999662041664,0.012369999662041664,76800
1996-12-10,0.012369999662041664,0.013020999729633331,0.011068000458180904,0.012369999662041664,0.012369999662041664,14064000
1996-12-11,0.011718999594449997,0.01269499957561493,0.011718999594449997,0.01269499957561493,0.01269499957561493,451200
1996-12-12,0.011718999594449997,0.011718999594449997,0.01139300037175417,0.01139300037175417,0.01139300037175417,4848000
1996-12-13,0.01139300037175417,0.013020999729633331,0.011068000458180904,0.013020999729633331,0.013020999729633331,6000000
1996-12-16,0.01139300037175417,0.01139300037175417,0.01139300037175417,0.01139300037175417,0.01139300037175417,96000
1996-12-17,0.01269499957561493,0.013020999729633331,0.01139300037175417,0.013020999729633331,0.013020999729633331,1478400
1996-12-18,0.01139300037175417,0.01139300037175417,0.01139300037175417,0.01139300037175417,0.01139300037175417,988800
1996-12-19,0.01269499957561493,0.01269499957561493,0.01139300037175417,0.01139300037175417,0.01139300037175417,268800
1996-12-20,0.01139300037175417,0.01139300037175417,0.01139300037175417,0.01139300037175417,0.01139300037175417,0
1996-12-23,0.01139300037175417,0.01269499957561493,0.011068000458180904,0.01269499957561493,0.01269499957561493,931200
1996-12-24,0.01269499957561493,0.01269499957561493,0.01269499957561493,0.01269499957561493,0.01269499957561493,0
1996-12-26,0.01269499957561493,0.01269499957561493,0.011068000458180904,0.011718999594449997,0.011718999594449997,1344000
1996-12-27,0.011068000458180904,0.01269499957561493,0.011068000458180904,0.01269499957561493,0.01269499957561493,537600
1996-12-30,0.011718999594449997,0.011718999594449997,0.011718999594449997,0.011718999594449997,0.011718999594449997,220800
1996-12-31,0.011718999594449997,0.013020999729633331,0.011068000458180904,0.011068000458180904,0.011068000458180904,1219200
1997-01-02,0.011068000458180904,0.011068000458180904,0.011068000458180904,0.011068000458180904,0.011068000458180904,0
1997-01-03,0.013671999797224998,0.013671999797224998,0.011718999594449997,0.011718999594449997,0.011718999594449997,182400
1997-01-06,0.011718999594449997,0.013020999729633331,0.011718999594449997,0.011718999594449997,0.011718999594449997,192000
1997-01-07,0.011718999594449997,0.013020999729633331,0.011718999594449997,0.013020999729633331,0.013020999729633331,537600
1997-01-08,0.011718999594449997,0.011718999594449997,0.011718999594449997,0.011718999594449997,0.011718999594449997,38400
1997-01-09,0.014322999864816666,0.014322999864816666,0.011718999594449997,0.011718999594449997,0.011718999594449997,979200
1997-01-10,0.011718999594449997,0.01269499957561493,0.011718999594449997,0.01269499957561493,0.01269499957561493,624000
1997-01-13,0.011718999594449997,0.011718999594449997,0.011718999594449997,0.011718999594449997,0.011718999594449997,86400
1997-01-14,0.011718999594449997,0.011718999594449997,0.011718999594449997,0.011718999594449997,0.011718999594449997,48000
1997-01-15,0.012369999662041664,0.012369999662041664,0.011718999594449997,0.011718999594449997,0.011718999594449997,1344000
1997-01-16,0.01139300037175417,0.01139300037175417,0.011068000458180904,0.011068000458180904,0.011068000458180904,76800
1997-01-17,0.011068000458180904,0.012044000439345837,0.011068000458180904,0.012044000439345837,0.012044000439345837,3283200
1997-01-20,0.012044000439345837,0.012044000439345837,0.012044000439345837,0.012044000439345837,0.012044000439345837,0
1997-01-21,0.012044000439345837,0.012044000439345837,0.011068000458180904,0.012044000439345837,0.012044000439345837,1171200
1997-01-22,0.011068000458180904,0.012044000439345837,0.011068000458180904,0.011068000458180904,0.011068000458180904,48000
1997-01-23,0.011068000458180904,0.011068000458180904,0.011068000458180904,0.011068000458180904,0.011068000458180904,0
1997-01-24,0.011068000458180904,0.011068000458180904,0.011068000458180904,0.011068000458180904,0.011068000458180904,96000
1997-01-27,0.011068000458180904,0.012044000439345837,0.011068000458180904,0.012044000439345837,0.012044000439345837,393600
1997-01-28,0.012044000439345837,0.012044000439345837,0.011068000458180904,0.011718999594449997,0.011718999594449997,249600
1997-01-29,0.012369999662041664,0.012369999662041664,0.012369999662041664,0.012369999662041664,0.012369999662041664,192000
1997-01-30,0.012369999662041664,0.012369999662041664,0.012369999662041664,0.012369999662041664,0.012369999662041664,0
1997-01-31,0.011068000458180904,0.011068000458180904,0.011068000458180904,0.011068000458180904,0.011068000458180904,105600
1997-02-03,0.011068000458180904,0.011068000458180904,0.011068000458180904,0.011068000458180904,0.011068000458180904,192000
1997-02-04,0.011068000458180904,0.011068000458180904,0.011068000458180904,0.011068000458180904,0.011068000458180904,0
1997-02-05,0.012369999662041664,0.013020999729633331,0.011068000458180904,0.013020999729633331,0.013020999729633331,1862400
1997-02-06,0.012206999585032463,0.012206999585032463,0.012206999585032463,0.012206999585032463,0.012206999585032463,144000
1997-02-07,0.012206999585032463,0.012206999585032463,0.012206999585032463,0.012206999585032463,0.012206999585032463,0
1997-02-10,0.011068000458180904,0.011068000458180904,0.011068000458180904,0.011068000458180904,0.011068000458180904,86400
1997-02-11,0.011068000458180904,0.011068000458180904,0.011068000458180904,0.011068000458180904,0.011068000458180904,0
1997-02-12,0.011068000458180904,0.012532999739050865,0.011068000458180904,0.011068000458180904,0.011068000458180904,1056000
1997-02-13,0.011718999594449997,0.011718999594449997,0.011068000458180904,0.011068000458180904,0.011068000458180904,249600
1997-02-14,0.012369999662041664,0.012369999662041664,0.011068000458180904,0.012369999662041664,0.012369999662041664,4464000
1997-02-18,0.013020999729633331,0.013020999729633331,0.011718999594449997,0.011718999594449997,0.011718999594449997,576000
1997-02-19,0.011718999594449997,0.011718999594449997,0.011718999594449997,0.011718999594449997,0.011718999594449997,124800
1997-02-20,0.011718999594449997,0.013020999729633331,0.011718999594449997,0.011718999594449997,0.011718999594449997,835200
1997-02-21,0.011718999594449997,0.011718999594449997,0.011718999594449997,0.011718999594449997,0.011718999594449997,0
1997-02-24,0.011718999594449997,0.011718999594449997,0.011068000458180904,0.011718999594449997,0.011718999594449997,1632000
1997-02-25,0.011718999594449997,0.012369999662041664,0.011718999594449997,0.011718999594449997,0.011718999594449997,624000
1997-02-26,0.012369999662041664,0.012369999662041664,0.011068000458180904,0.011718999594449997,0.011718999594449997,220800
1997-02-27,0.011068000458180904,0.011068000458180904,0.011068000458180904,0.011068000458180904,0.011068000458180904,192000
1997-02-28,0.012369999662041664,0.012369999662041664,0.012369999662041664,0.012369999662041664,0.012369999662041664,19200
1997-03-03,0.010417000390589237,0.010742000304162502,0.010417000390589237,0.010417000390589237,0.010417000390589237,1200000
1997-03-04,0.010417000390589237,0.010742000304162502,0.010417000390589237,0.010742000304162502,0.010742000304162502,96000
1997-03-05,0.010742000304162502,0.010742000304162502,0.010742000304162502,0.010742000304162502,0.010742000304162502,0
1997-03-06,0.010742000304162502,0.010742000304162502,0.010742000304162502,0.010742000304162502,0.010742000304162502,2400000
1997-03-07,0.010417000390589237,0.011718999594449997,0.010417000390589237,0.010417000390589237,0.010417000390589237,1296000
1997-03-10,0.011718999594449997,0.011718999594449997,0.010417000390589237,0.010417000390589237,0.010417000390589237,1190400
1997-03-11,0.010742000304162502,0.011068000458180904,0.010742000304162502,0.011068000458180904,0.011068000458180904,1353600
1997-03-12,0.010742000304162502,0.010742000304162502,0.010417000390589237,0.010417000390589237,0.010417000390589237,3552000
1997-03-13,0.010417000390589237,0.010417000390589237,0.010417000390589237,0.010417000390589237,0.010417000390589237,0
1997-03-14,0.010417000390589237,0.011068000458180904,0.010417000390589237,0.011068000458180904,0.011068000458180904,105600
1997-03-17,0.011068000458180904,0.011068000458180904,0.010417000390589237,0.010417000390589237,0.010417000390589237,124800
1997-03-18,0.010417000390589237,0.011718999594449997,0.010417000390589237,0.011718999594449997,0.011718999594449997,556800
1997-03-19,0.011718999594449997,0.011718999594449997,0.011718999594449997,0.011718999594449997,0.011718999594449997,48000
1997-03-20,0.010417000390589237,0.010417000390589237,0.010417000390589237,0.010417000390589237,0.010417000390589237,3936000
1997-03-21,0.010417000390589237,0.011068000458180904,0.010417000390589237,0.011068000458180904,0.011068000458180904,1910400
1997-03-24,0.011068000458180904,0.011068000458180904,0.011068000458180904,0.011068000458180904,0.011068000458180904,0
1997-03-25,0.010417000390589237,0.010417000390589237,0.010417000390589237,0.010417000390589237,0.010417000390589237,96000
1997-03-26,0.011068000458180904,0.011068000458180904,0.011068000458180904,0.011068000458180904,0.011068000458180904,76800
1997-03-27,0.010417000390589237,0.010417000390589237,0.010417000390589237,0.010417000390589237,0.010417000390589237,96000
1997-03-31,0.010417000390589237,0.011068000458180904,0.010417000390589237,0.010417000390589237,0.010417000390589237,2400000
1997-04-01,0.010417000390589237,0.010417000390589237,0.010417000390589237,0.010417000390589237,0.010417000390589237,0
1997-04-02,0.010417000390589237,0.011718999594449997,0.010417000390589237,0.011718999594449997,0.011718999594449997,2524800
1997-04-03,0.010417000390589237,0.011718999594449997,0.010417000390589237,0.011718999594449997,0.011718999594449997,57600
1997-04-04,0.010417000390589237,0.011718999594449997,0.010417000390589237,0.011718999594449997,0.011718999594449997,355200
1997-04-07,0.010417000390589237,0.011068000458180904,0.010417000390589237,0.010417000390589237,0.010417000390589237,4944000
1997-04-08,0.010417000390589237,0.010417000390589237,0.010417000390589237,0.010417000390589237,0.010417000390589237,0
1997-04-09,0.011718999594449997,0.011718999594449997,0.010417000390589237,0.011068000458180904,0.011068000458180904,326400
1997-04-10,0.010417000390589237,0.011718999594449997,0.010417000390589237,0.011718999594449997,0.011718999594449997,2448000
1997-04-11,0.010417000390589237,0.011718999594449997,0.010417000390589237,0.011718999594449997,0.011718999594449997,451200
1997-04-14,0.011718999594449997,0.011718999594449997,0.011718999594449997,0.011718999594449997,0.011718999594449997,96000
1997-04-15,0.010417000390589237,0.011068000458180904,0.010417000390589237,0.011068000458180904,0.011068000458180904,403200
1997-04-16,0.011068000458180904,0.011068000458180904,0.011068000458180904,0.011068000458180904,0.011068000458180904,0
1997-04-17,0.011068000458180904,0.011068000458180904,0.011068000458180904,0.011068000458180904,0.011068000458180904,0
1997-04-18,0.010417000390589237,0.010417000390589237,0.010417000390589237,0.010417000390589237,0.010417000390589237,892800
1997-04-21,0.011068000458180904,0.011068000458180904,0.010091000236570835,0.010091000236570835,0.010091000236570835,3734400
1997-04-22,0.010417000390589237,0.010417000390589237,0.010091000236570835,0.010417000390589237,0.010417000390589237,998400
1997-04-23,0.010417000390589237,0.010742000304162502,0.010417000390589237,0.010417000390589237,0.010417000390589237,3820800
1997-04-24,0.011068000458180904,0.01269499957561493,0.011068000458180904,0.01139300037175417,0.01139300037175417,3638400
1997-04-25,0.01139300037175417,0.012369999662041664,0.011068000458180904,0.011068000458180904,0.011068000458180904,1478400
1997-04-28,0.010742000304162502,0.011718999594449997,0.010742000304162502,0.011718999594449997,0.011718999594449997,2256000
1997-04-29,0.012369999662041664,0.012369999662041664,0.011068000458180904,0.011068000458180904,0.011068000458180904,201600
1997-04-30,0.011068000458180904,0.013020999729633331,0.011068000458180904,0.01269499957561493,0.01269499957561493,1728000
1997-05-01,0.011718999594449997,0.011718999594449997,0.011718999594449997,0.011718999594449997,0.011718999594449997,1132800
1997-05-02,0.013020999729633331,0.013020999729633331,0.013020999729633331,0.013020999729633331,0.013020999729633331,48000
1997-05-05,0.011718999594449997,0.011718999594449997,0.011718999594449997,0.011718999594449997,0.011718999594449997,192000
1997-05-06,0.011068000458180904,0.013020999729633331,0.011068000458180904,0.01139300037175417,0.01139300037175417,1622400
1997-05-07,0.012369999662041664,0.012369999662041664,0.012369999662041664,0.012369999662041664,0.012369999662041664,192000
1997-05-08,0.01139300037175417,0.01139300037175417,0.01139300037175417,0.01139300037175417,0.01139300037175417,96000
1997-05-09,0.012369999662041664,0.012369999662041664,0.012369999662041664,0.012369999662041664,0.012369999662041664,288000
1997-05-12,0.01139300037175417,0.012369999662041664,0.01139300037175417,0.012044000439345837,0.012044000439345837,3552000
1997-05-13,0.01139300037175417,0.01139300037175417,0.01139300037175417,0.01139300037175417,0.01139300037175417,240000
1997-05-14,0.012044000439345837,0.013671999797224998,0.012044000439345837,0.013671999797224998,0.013671999797224998,1104000
1997-05-15,0.012369999662041664,0.013671999797224998,0.012369999662041664,0.013671999797224998,0.013671999797224998,3542400
1997-05-16,0.013671999797224998,0.013671999797224998,0.013671999797224998,0.013671999797224998,0.013671999797224998,96000
1997-05-19,0.012369999662041664,0.013020999729633331,0.012369999662041664,0.012369999662041664,0.012369999662041664,403200
1997-05-20,0.012369999662041664,0.013671999797224998,0.012369999662041664,0.013671999797224998,0.013671999797224998,336000
1997-05-21,0.012369999662041664,0.012369999662041664,0.012369999662041664,0.012369999662041664,0.012369999662041664,192000
1997-05-22,0.012369999662041664,0.013671999797224998,0.012369999662041664,0.012369999662041664,0.012369999662041664,278400
1997-05-23,0.012369999662041664,0.013671999797224998,0.012369999662041664,0.012369999662041664,0.012369999662041664,1372800
1997-05-27,0.012044000439345837,0.012044000439345837,0.012044000439345837,0.012044000439345837,0.012044000439345837,201600
1997-05-28,0.013020999729633331,0.013020999729633331,0.013020999729633331,0.013020999729633331,0.013020999729633331,220800
1997-05-29,0.012044000439345837,0.012044000439345837,0.012044000439345837,0.012044000439345837,0.012044000439345837,115200
1997-05-30,0.012044000439345837,0.012044000439345837,0.011718999594449997,0.011718999594449997,0.011718999594449997,364800
1997-06-02,0.011718999594449997,0.011718999594449997,0.011718999594449997,0.011718999594449997,0.011718999594449997,192000
1997-06-03,0.011718999594449997,0.013020999729633331,0.011718999594449997,0.011718999594449997,0.011718999594449997,470400
1997-06-04,0.01139300037175417,0.011718999594449997,0.011068000458180904,0.011068000458180904,0.011068000458180904,1468800
1997-06-05,0.011718999594449997,0.011718999594449997,0.011718999594449997,0.011718999594449997,0.011718999594449997,1545600
1997-06-06,0.011068000458180904,0.011718999594449997,0.011068000458180904,0.011718999594449997,0.011718999594449997,4339200
1997-06-09,0.011068000458180904,0.012369999662041664,0.011068000458180904,0.012369999662041664,0.012369999662041664,4262400
1997-06-10,0.012369999662041664,0.012369999662041664,0.011718999594449997,0.012369999662041664,0.012369999662041664,9638400
1997-06-11,0.012044000439345837,0.014973999932408333,0.012044000439345837,0.013020999729633331,0.013020999729633331,6211200
1997-06-12,0.013671999797224998,0.013671999797224998,0.013020999729633331,0.013020999729633331,0.013020999729633331,240000
1997-06-13,0.014322999864816666,0.014322999864816666,0.013020999729633331,0.014322999864816666,0.014322999864816666,172800
1997-06-16,0.014322999864816666,0.014322999864816666,0.013020999729633331,0.013020999729633331,0.013020999729633331,3014400
1997-06-17,0.013183999806642532,0.014322999864816666,0.013020999729633331,0.013020999729633331,0.013020999729633331,806400
1997-06-18,0.014322999864816666,0.014322999864816666,0.012369999662041664,0.012369999662041664,0.012369999662041664,3168000
1997-06-19,0.012369999662041664,0.013671999797224998,0.012369999662041664,0.012369999662041664,0.012369999662041664,374400
1997-06-20,0.012369999662041664,0.012369999662041664,0.012369999662041664,0.012369999662041664,0.012369999662041664,144000
1997-06-23,0.013671999797224998,0.013671999797224998,0.012369999662041664,0.012369999662041664,0.012369999662041664,816000
1997-06-24,0.013020999729633331,0.013020999729633331,0.012044000439345837,0.01269499957561493,0.01269499957561493,3532800
1997-06-25,0.012369999662041664,0.01269499957561493,0.012044000439345837,0.012044000439345837,0.012044000439345837,1680000
1997-06-26,0.011718999594449997,0.012369999662041664,0.011718999594449997,0.012369999662041664,0.012369999662041664,240000
1997-06-27,0.012369999662041664,0.012369999662041664,0.011718999594449997,0.011718999594449997,0.011718999594449997,2544000
1997-06-30,0.012369999662041664,0.012369999662041664,0.012369999662041664,0.012369999662041664,0.012369999662041664,19200
1997-07-01,0.012369999662041664,0.012369999662041664,0.012369999662041664,0.012369999662041664,0.012369999662041664,0
1997-07-02,0.011718999594449997,0.011718999594449997,0.011068000458180904,0.011068000458180904,0.011068000458180904,1344000
1997-07-03,0.011718999594449997,0.011718999594449997,0.011718999594449997,0.011718999594449997,0.011718999594449997,220800
1997-07-07,0.01139300037175417,0.01139300037175417,0.011068000458180904,0.011068000458180904,0.011068000458180904,864000
1997-07-08,0.011068000458180904,0.011068000458180904,0.010742000304162502,0.011068000458180904,0.011068000458180904,1920000
1997-07-09,0.010742000304162502,0.01139300037175417,0.010742000304162502,0.010742000304162502,0.010742000304162502,604800
1997-07-10,0.010742000304162502,0.011068000458180904,0.010742000304162502,0.011068000458180904,0.011068000458180904,3024000
1997-07-11,0.010742000304162502,0.01139300037175417,0.010742000304162502,0.01139300037175417,0.01139300037175417,393600
1997-07-14,0.01139300037175417,0.01139300037175417,0.011068000458180904,0.011068000458180904,0.011068000458180904,67200
1997-07-15,0.01139300037175417,0.01139300037175417,0.01139300037175417,0.01139300037175417,0.01139300037175417,1737600
1997-07-16,0.01139300037175417,0.01139300037175417,0.01139300037175417,0.01139300037175417,0.01139300037175417,0
1997-07-17,0.01139300037175417,0.01139300037175417,0.01139300037175417,0.01139300037175417,0.01139300037175417,0
1997-07-18,0.011718999594449997,0.013671999797224998,0.011718999594449997,0.013671999797224998,0.013671999797224998,8822400
1997-07-21,0.013020999729633331,0.013996999710798264,0.013020999729633331,0.013345999643206596,0.013345999643206596,2985600
1997-07-22,0.013996999710798264,0.013996999710798264,0.013345999643206596,0.013996999710798264,0.013996999710798264,2227200
1997-07-23,0.013345999643206596,0.013671999797224998,0.013345999643206596,0.013345999643206596,0.013345999643206596,1660800
1997-07-24,0.013671999797224998,0.013671999797224998,0.013345999643206596,0.013345999643206596,0.013345999643206596,2544000
1997-07-25,0.014322999864816666,0.014973999932408333,0.013996999710798264,0.014973999932408333,0.014973999932408333,7219200
1997-07-28,0.015298999845981598,0.015298999845981598,0.013671999797224998,0.01464799977838993,0.01464799977838993,1113600
1997-07-29,0.01464799977838993,0.01464799977838993,0.013345999643206596,0.01464799977838993,0.01464799977838993,691200
1997-07-30,0.01464799977838993,0.01464799977838993,0.01464799977838993,0.01464799977838993,0.01464799977838993,0
1997-07-31,0.01464799977838993,0.01464799977838993,0.014322999864816666,0.014322999864816666,0.014322999864816666,672000
1997-08-01,0.014322999864816666,0.014322999864816666,0.014322999864816666,0.014322999864816666,0.014322999864816666,0
1997-08-04,0.013671999797224998,0.01464799977838993,0.013671999797224998,0.014322999864816666,0.014322999864816666,2208000
1997-08-05,0.01464799977838993,0.01464799977838993,0.014322999864816666,0.01464799977838993,0.01464799977838993,2553600
1997-08-06,0.014322999864816666,0.01464799977838993,0.014322999864816666,0.01464799977838993,0.01464799977838993,192000
1997-08-07,0.01464799977838993,0.01464799977838993,0.014322999864816666,0.01464799977838993,0.01464799977838993,2265600
1997-08-08,0.013996999710798264,0.015625,0.013996999710798264,0.015625,0.015625,7056000
1997-08-11,0.015625,0.015625,0.015461999922990799,0.015625,0.015625,1670400
1997-08-12,0.014973999932408333,0.016927000135183334,0.014973999932408333,0.015625,0.015625,1257600
1997-08-13,0.016927000135183334,0.016927000135183334,0.014973999932408333,0.015625,0.015625,5097600
1997-08-14,0.014973999932408333,0.016276000067591667,0.014322999864816666,0.015298999845981598,0.015298999845981598,2908800
1997-08-15,0.015625,0.015625,0.014322999864816666,0.015298999845981598,0.015298999845981598,1046400
1997-08-18,0.015298999845981598,0.015298999845981598,0.014973999932408333,0.014973999932408333,0.014973999932408333,403200
1997-08-19,0.014322999864816666,0.014322999864816666,0.014322999864816666,0.014322999864816666,0.014322999864816666,96000
1997-08-20,0.014322999864816666,0.014322999864816666,0.013671999797224998,0.013671999797224998,0.013671999797224998,940800
1997-08-21,0.014322999864816666,0.014322999864816666,0.013671999797224998,0.013671999797224998,0.013671999797224998,316800
1997-08-22,0.014322999864816666,0.014322999864816666,0.014322999864816666,0.014322999864816666,0.014322999864816666,748800
1997-08-25,0.014322999864816666,0.014322999864816666,0.013671999797224998,0.013671999797224998,0.013671999797224998,144000
1997-08-26,0.013671999797224998,0.013671999797224998,0.013671999797224998,0.013671999797224998,0.013671999797224998,0
1997-08-27,0.014322999864816666,0.014322999864816666,0.014322999864816666,0.014322999864816666,0.014322999864816666,374400
1997-08-28,0.014322999864816666,0.014322999864816666,0.014322999864816666,0.014322999864816666,0.014322999864816666,0
1997-08-29,0.013671999797224998,0.014973999932408333,0.013671999797224998,0.014322999864816666,0.014322999864816666,883200
1997-09-02,0.014322999864816666,0.016276000067591667,0.014322999864816666,0.016276000067591667,0.016276000067591667,2476800
1997-09-03,0.015625,0.018880000337958336,0.015625,0.018880000337958336,0.018880000337958336,3427200
1997-09-04,0.016927000135183334,0.02018200047314167,0.016927000135183334,0.01855500042438507,0.01855500042438507,5395200
1997-09-05,0.019531000405550003,0.019531000405550003,0.01822900027036667,0.01822900027036667,0.01822900027036667,5107200
1997-09-08,0.019531000405550003,0.019531000405550003,0.01822900027036667,0.01822900027036667,0.01822900027036667,7968000
1997-09-09,0.01822900027036667,0.019531000405550003,0.01822900027036667,0.019531000405550003,0.019531000405550003,1161600
1997-09-10,0.01855500042438507,0.019531000405550003,0.01822900027036667,0.01822900027036667,0.01822900027036667,2044800
1997-09-11,0.018880000337958336,0.018880000337958336,0.01822900027036667,0.018880000337958336,0.018880000337958336,268800
1997-09-12,0.017578000202775,0.018880000337958336,0.017578000202775,0.01855500042438507,0.01855500042438507,3955200
1997-09-15,0.017904000356793404,0.01822900027036667,0.017253000289201736,0.01822900027036667,0.01822900027036667,2054400
1997-09-16,0.018880000337958336,0.018880000337958336,0.017904000356793404,0.017904000356793404,0.017904000356793404,1756800
1997-09-17,0.018880000337958336,0.019531000405550003,0.018880000337958336,0.019531000405550003,0.019531000405550003,1891200
1997-09-18,0.017578000202775,0.017578000202775,0.017578000202775,0.017578000202775,0.017578000202775,432000
1997-09-19,0.017578000202775,0.019531000405550003,0.017578000202775,0.017904000356793404,0.017904000356793404,3571200
1997-09-22,0.019531000405550003,0.019531000405550003,0.01822900027036667,0.018880000337958336,0.018880000337958336,6921600
1997-09-23,0.019531000405550003,0.019531000405550003,0.01855500042438507,0.01855500042438507,0.01855500042438507,2630400
1997-09-24,0.019531000405550003,0.019531000405550003,0.017578000202775,0.019531000405550003,0.019531000405550003,1113600
1997-09-25,0.017578000202775,0.017578000202775,0.017578000202775,0.017578000202775,0.017578000202775,288000
1997-09-26,0.019531000405550003,0.019531000405550003,0.017578000202775,0.01822900027036667,0.01822900027036667,3139200
1997-09-29,0.01822900027036667,0.019531000405550003,0.017904000356793404,0.017904000356793404,0.017904000356793404,979200
1997-09-30,0.017253000289201736,0.01855500042438507,0.017253000289201736,0.01822900027036667,0.01822900027036667,3360000
1997-10-01,0.018880000337958336,0.020833000540733337,0.01855500042438507,0.020508000627160072,0.020508000627160072,4598400
1997-10-02,0.020833000540733337,0.020833000540733337,0.01822900027036667,0.019531000405550003,0.019531000405550003,2073600
1997-10-03,0.02018200047314167,0.022135000675916672,0.019531000405550003,0.02115900069475174,0.02115900069475174,9945600
1997-10-06,0.022135000675916672,0.024739999324083328,0.020833000540733337,0.022135000675916672,0.022135000675916672,6566400
1997-10-07,0.024739999324083328,0.027994999662041664,0.020833000540733337,0.022135000675916672,0.022135000675916672,25228800
1997-10-08,0.023437999188899994,0.023437999188899994,0.02018200047314167,0.021484000608325005,0.021484000608325005,6153600
1997-10-09,0.021484000608325005,0.021484000608325005,0.018880000337958336,0.018880000337958336,0.018880000337958336,3312000
1997-10-10,0.02018200047314167,0.02018200047314167,0.019531000405550003,0.019531000405550003,0.019531000405550003,3302400
1997-10-13,0.020833000540733337,0.021484000608325005,0.019206000491976738,0.021484000608325005,0.021484000608325005,2841600
1997-10-14,0.020833000540733337,0.022135000675916672,0.020508000627160072,0.020508000627160072,0.020508000627160072,6547200
1997-10-15,0.019531000405550003,0.02115900069475174,0.019531000405550003,0.02018200047314167,0.02018200047314167,6268800
1997-10-16,0.021484000608325005,0.02278600074350834,0.020833000540733337,0.020833000540733337,0.020833000540733337,4003200
1997-10-17,0.020833000540733337,0.02115900069475174,0.020508000627160072,0.02115900069475174,0.02115900069475174,3321600
1997-10-20,0.020508000627160072,0.020833000540733337,0.019857000559568405,0.020508000627160072,0.020508000627160072,2496000
1997-10-21,0.020508000627160072,0.020508000627160072,0.019531000405550003,0.019531000405550003,0.019531000405550003,662400
1997-10-22,0.020833000540733337,0.021810000762343407,0.020833000540733337,0.020833000540733337,0.020833000540733337,1900800
1997-10-23,0.021484000608325005,0.021484000608325005,0.019857000559568405,0.020833000540733337,0.020833000540733337,4233600
1997-10-24,0.02115900069475174,0.021810000762343407,0.020833000540733337,0.020833000540733337,0.020833000540733337,2870400
1997-10-27,0.021810000762343407,0.021810000762343407,0.019531000405550003,0.019531000405550003,0.019531000405550003,4742400
1997-10-28,0.01822900027036667,0.021484000608325005,0.01822900027036667,0.019531000405550003,0.019531000405550003,5548800
1997-10-29,0.02018200047314167,0.02018200047314167,0.01822900027036667,0.01822900027036667,0.01822900027036667,5376000
1997-10-30,0.018880000337958336,0.018880000337958336,0.01822900027036667,0.01822900027036667,0.01822900027036667,1536000
1997-10-31,0.019531000405550003,0.019531000405550003,0.019531000405550003,0.019531000405550003,0.019531000405550003,96000
1997-11-03,0.019531000405550003,0.019531000405550003,0.019531000405550003,0.019531000405550003,0.019531000405550003,1008000
1997-11-04,0.019857000559568405,0.019857000559568405,0.01822900027036667,0.01822900027036667,0.01822900027036667,1881600
1997-11-05,0.019531000405550003,0.020508000627160072,0.019531000405550003,0.020508000627160072,0.020508000627160072,5107200
1997-11-06,0.020833000540733337,0.020833000540733337,0.016927000135183334,0.019206000491976738,0.019206000491976738,5779200
1997-11-07,0.018880000337958336,0.019206000491976738,0.01855500042438507,0.019206000491976738,0.019206000491976738,2121600
1997-11-10,0.019206000491976738,0.022135000675916672,0.019206000491976738,0.022135000675916672,0.022135000675916672,7209600
1997-11-11,0.022135000675916672,0.022135000675916672,0.020833000540733337,0.022135000675916672,0.022135000675916672,652800
1997-11-12,0.020833000540733337,0.020833000540733337,0.02018200047314167,0.02018200047314167,0.02018200047314167,1036800
1997-11-13,0.020833000540733337,0.020833000540733337,0.020833000540733337,0.020833000540733337,0.020833000540733337,2016000
1997-11-14,0.022135000675916672,0.02278600074350834,0.020508000627160072,0.022135000675916672,0.022135000675916672,5366400
1997-11-17,0.022135000675916672,0.023437999188899994,0.020833000540733337,0.02278600074350834,0.02278600074350834,4550400
1997-11-18,0.022135000675916672,0.02278600074350834,0.020833000540733337,0.022135000675916672,0.022135000675916672,2361600
1997-11-19,0.022135000675916672,0.02278600074350834,0.022135000675916672,0.02278600074350834,0.02278600074350834,2390400
1997-11-20,0.02278600074350834,0.02278600074350834,0.022135000675916672,0.022135000675916672,0.022135000675916672,720000
1997-11-21,0.022135000675916672,0.02278600074350834,0.021810000762343407,0.02278600074350834,0.02278600074350834,1574400
1997-11-24,0.02278600074350834,0.02278600074350834,0.022135000675916672,0.02278600074350834,0.02278600074350834,3811200
1997-11-25,0.02278600074350834,0.02278600074350834,0.02278600074350834,0.02278600074350834,0.02278600074350834,1248000
1997-11-26,0.02311200089752674,0.02311200089752674,0.022135000675916672,0.022135000675916672,0.022135000675916672,1152000
1997-11-28,0.02311200089752674,0.02311200089752674,0.02311200089752674,0.02311200089752674,0.02311200089752674,288000
1997-12-01,0.02311200089752674,0.02311200089752674,0.022461000829935074,0.022461000829935074,0.022461000829935074,1353600
1997-12-02,0.02311200089752674,0.02311200089752674,0.022135000675916672,0.022461000829935074,0.022461000829935074,3331200
1997-12-03,0.022135000675916672,0.02311200089752674,0.022135000675916672,0.022135000675916672,0.022135000675916672,979200
1997-12-04,0.022135000675916672,0.022461000829935074,0.022135000675916672,0.022461000829935074,0.022461000829935074,1056000
1997-12-05,0.022135000675916672,0.02278600074350834,0.022135000675916672,0.02278600074350834,0.02278600074350834,854400
1997-12-08,0.022135000675916672,0.022135000675916672,0.020508000627160072,0.020508000627160072,0.020508000627160072,3043200
1997-12-09,0.02115900069475174,0.02115900069475174,0.02018200047314167,0.020508000627160072,0.020508000627160072,1478400
1997-12-10,0.020508000627160072,0.020508000627160072,0.02018200047314167,0.02018200047314167,0.02018200047314167,1209600
1997-12-11,0.019531000405550003,0.019531000405550003,0.01822900027036667,0.01822900027036667,0.01822900027036667,1670400
1997-12-12,0.01822900027036667,0.019531000405550003,0.01822900027036667,0.01822900027036667,0.01822900027036667,825600
1997-12-15,0.02018200047314167,0.02018200047314167,0.01822900027036667,0.02018200047314167,0.02018200047314167,393600
1997-12-16,0.02018200047314167,0.02018200047314167,0.01822900027036667,0.01855500042438507,0.01855500042438507,796800
1997-12-17,0.01822900027036667,0.019531000405550003,0.01822900027036667,0.01822900027036667,0.01822900027036667,1507200
1997-12-18,0.01822900027036667,0.01822900027036667,0.01822900027036667,0.01822900027036667,0.01822900027036667,2361600
1997-12-19,0.01822900027036667,0.01822900027036667,0.01822900027036667,0.01822900027036667,0.01822900027036667,0
1997-12-22,0.017578000202775,0.01822900027036667,0.01660200022161007,0.01822900027036667,0.01822900027036667,1747200
1997-12-23,0.016276000067591667,0.016276000067591667,0.016276000067591667,0.016276000067591667,0.016276000067591667,105600
1997-12-24,0.01660200022161007,0.017578000202775,0.01660200022161007,0.017578000202775,0.017578000202775,1948800
1997-12-26,0.017578000202775,0.017904000356793404,0.017578000202775,0.017904000356793404,0.017904000356793404,316800
1997-12-29,0.01822900027036667,0.01822900027036667,0.01660200022161007,0.01660200022161007,0.01660200022161007,1843200
1997-12-30,0.01822900027036667,0.01822900027036667,0.016927000135183334,0.01822900027036667,0.01822900027036667,268800
1997-12-31,0.01822900027036667,0.019531000405550003,0.01822900027036667,0.018880000337958336,0.018880000337958336,1132800
1998-01-02,0.018880000337958336,0.018880000337958336,0.018880000337958336,0.018880000337958336,0.018880000337958336,0
1998-01-05,0.018880000337958336,0.018880000337958336,0.01822900027036667,0.01855500042438507,0.01855500042438507,4569600
1998-01-06,0.01822900027036667,0.01822900027036667,0.01822900027036667,0.01822900027036667,0.01822900027036667,192000
1998-01-07,0.01822900027036667,0.01822900027036667,0.017904000356793404,0.017904000356793404,0.017904000356793404,2064000
1998-01-08,0.017904000356793404,0.018880000337958336,0.017904000356793404,0.018880000337958336,0.018880000337958336,460800
1998-01-09,0.017578000202775,0.01822900027036667,0.016927000135183334,0.016927000135183334,0.016927000135183334,1881600
1998-01-12,0.016276000067591667,0.016276000067591667,0.015625,0.015625,0.015625,1872000
1998-01-13,0.015625,0.015625,0.015625,0.015625,0.015625,76800
1998-01-14,0.015298999845981598,0.015298999845981598,0.015298999845981598,0.015298999845981598,0.015298999845981598,384000
1998-01-15,0.016927000135183334,0.016927000135183334,0.016927000135183334,0.016927000135183334,0.016927000135183334,374400
1998-01-16,0.015625,0.017578000202775,0.015625,0.017578000202775,0.017578000202775,672000
1998-01-20,0.01822900027036667,0.01822900027036667,0.017253000289201736,0.017253000289201736,0.017253000289201736,307200
1998-01-21,0.01822900027036667,0.01822900027036667,0.01822900027036667,0.01822900027036667,0.01822900027036667,9600
1998-01-22,0.01822900027036667,0.01822900027036667,0.016276000067591667,0.016276000067591667,0.016276000067591667,768000
1998-01-23,0.016276000067591667,0.017904000356793404,0.016276000067591667,0.016276000067591667,0.016276000067591667,528000
1998-01-26,0.016927000135183334,0.017904000356793404,0.016927000135183334,0.017904000356793404,0.017904000356793404,1612800
1998-01-27,0.017253000289201736,0.017253000289201736,0.017253000289201736,0.017253000289201736,0.017253000289201736,604800
1998-01-28,0.01660200022161007,0.017253000289201736,0.01660200022161007,0.017253000289201736,0.017253000289201736,153600
1998-01-29,0.017578000202775,0.017578000202775,0.016927000135183334,0.016927000135183334,0.016927000135183334,1459200
1998-01-30,0.016927000135183334,0.016927000135183334,0.015951000154018402,0.01660200022161007,0.01660200022161007,1584000
1998-02-02,0.016927000135183334,0.017904000356793404,0.01660200022161007,0.017253000289201736,0.017253000289201736,3254400
1998-02-03,0.016927000135183334,0.016927000135183334,0.016927000135183334,0.016927000135183334,0.016927000135183334,19200
1998-02-04,0.016927000135183334,0.016927000135183334,0.016927000135183334,0.016927000135183334,0.016927000135183334,105600
1998-02-05,0.017904000356793404,0.017904000356793404,0.017253000289201736,0.017904000356793404,0.017904000356793404,787200
1998-02-06,0.017578000202775,0.017904000356793404,0.017253000289201736,0.017253000289201736,0.017253000289201736,691200
1998-02-09,0.017253000289201736,0.017904000356793404,0.017253000289201736,0.017253000289201736,0.017253000289201736,67200
1998-02-10,0.017578000202775,0.019531000405550003,0.017578000202775,0.01822900027036667,0.01822900027036667,2918400
1998-02-11,0.019531000405550003,0.019531000405550003,0.01822900027036667,0.01855500042438507,0.01855500042438507,576000
1998-02-12,0.018880000337958336,0.018880000337958336,0.018880000337958336,0.018880000337958336,0.018880000337958336,268800
1998-02-13,0.019206000491976738,0.019531000405550003,0.019206000491976738,0.019531000405550003,0.019531000405550003,3312000
1998-02-17,0.019857000559568405,0.02018200047314167,0.018880000337958336,0.02018200047314167,0.02018200047314167,1372800
1998-02-18,0.019531000405550003,0.02115900069475174,0.019531000405550003,0.02115900069475174,0.02115900069475174,4099200
1998-02-19,0.021484000608325005,0.021810000762343407,0.020833000540733337,0.021484000608325005,0.021484000608325005,8284800
1998-02-20,0.02115900069475174,0.02115900069475174,0.020508000627160072,0.020833000540733337,0.020833000540733337,2246400
1998-02-23,0.02018200047314167,0.020833000540733337,0.019531000405550003,0.019857000559568405,0.019857000559568405,1651200
1998-02-24,0.020833000540733337,0.020833000540733337,0.019857000559568405,0.02018200047314167,0.02018200047314167,1084800
1998-02-25,0.02018200047314167,0.021810000762343407,0.02018200047314167,0.021810000762343407,0.021810000762343407,9033600
1998-02-26,0.021810000762343407,0.022135000675916672,0.021484000608325005,0.021810000762343407,0.021810000762343407,2131200
1998-02-27,0.021484000608325005,0.02408899925649166,0.020508000627160072,0.023437999188899994,0.023437999188899994,15782400
1998-03-02,0.02278600074350834,0.023437999188899994,0.020833000540733337,0.02311200089752674,0.02311200089752674,11395200
1998-03-03,0.02278600074350834,0.02278600074350834,0.022135000675916672,0.022135000675916672,0.022135000675916672,1948800
1998-03-04,0.021484000608325005,0.021484000608325005,0.020833000540733337,0.02115900069475174,0.02115900069475174,9916800
1998-03-05,0.020833000540733337,0.020833000540733337,0.020833000540733337,0.020833000540733337,0.020833000540733337,67200
1998-03-06,0.021810000762343407,0.022135000675916672,0.020833000540733337,0.022135000675916672,0.022135000675916672,3792000
1998-03-09,0.02115900069475174,0.02278600074350834,0.02115900069475174,0.02278600074350834,0.02278600074350834,4406400
1998-03-10,0.022135000675916672,0.022135000675916672,0.020833000540733337,0.020833000540733337,0.020833000540733337,1113600
1998-03-11,0.021810000762343407,0.022135000675916672,0.02115900069475174,0.022135000675916672,0.022135000675916672,3763200
1998-03-12,0.021484000608325005,0.022461000829935074,0.021484000608325005,0.021810000762343407,0.021810000762343407,1987200
1998-03-13,0.022135000675916672,0.02376299910247326,0.022135000675916672,0.02311200089752674,0.02311200089752674,9686400
1998-03-16,0.02408899925649166,0.025064999237656593,0.023437999188899994,0.024739999324083328,0.024739999324083328,6643200
1998-03-17,0.02571599930524826,0.026041999459266663,0.024739999324083328,0.02571599930524826,0.02571599930524826,6902400
1998-03-18,0.026041999459266663,0.026041999459266663,0.02376299910247326,0.02376299910247326,0.02376299910247326,10761600
1998-03-19,0.024739999324083328,0.025064999237656593,0.02376299910247326,0.02376299910247326,0.02376299910247326,5241600
1998-03-20,0.02408899925649166,0.026041999459266663,0.023437999188899994,0.024739999324083328,0.024739999324083328,12480000
1998-03-23,0.024739999324083328,0.026041999459266663,0.024739999324083328,0.026041999459266663,0.026041999459266663,6336000
1998-03-24,0.026041999459266663,0.026041999459266663,0.025064999237656593,0.025390999391674995,0.025390999391674995,1084800
1998-03-25,0.02571599930524826,0.026041999459266663,0.025064999237656593,0.025064999237656593,0.025064999237656593,2515200
1998-03-26,0.02571599930524826,0.026041999459266663,0.025064999237656593,0.025390999391674995,0.025390999391674995,3504000
1998-03-27,0.026366999372839928,0.026366999372839928,0.025390999391674995,0.02571599930524826,0.02571599930524826,1872000
1998-03-30,0.02571599930524826,0.02571599930524826,0.025390999391674995,0.02571599930524826,0.02571599930524826,864000
1998-03-31,0.026041999459266663,0.02669299952685833,0.02571599930524826,0.026366999372839928,0.026366999372839928,5385600
1998-04-01,0.02571599930524826,0.02669299952685833,0.02571599930524826,0.02669299952685833,0.02669299952685833,4771200
1998-04-02,0.026366999372839928,0.026366999372839928,0.026041999459266663,0.026041999459266663,0.026041999459266663,902400
1998-04-03,0.026041999459266663,0.02669299952685833,0.026041999459266663,0.026366999372839928,0.026366999372839928,2275200
1998-04-06,0.026366999372839928,0.026366999372839928,0.026041999459266663,0.026041999459266663,0.026041999459266663,115200
1998-04-07,0.026041999459266663,0.026041999459266663,0.02571599930524826,0.026041999459266663,0.026041999459266663,3273600
1998-04-08,0.026366999372839928,0.026366999372839928,0.026041999459266663,0.026041999459266663,0.026041999459266663,48000
1998-04-09,0.026041999459266663,0.026366999372839928,0.025390999391674995,0.026041999459266663,0.026041999459266663,1248000
1998-04-13,0.02669299952685833,0.02669299952685833,0.026041999459266663,0.026041999459266663,0.026041999459266663,2880000
1998-04-14,0.02669299952685833,0.02669299952685833,0.026041999459266663,0.026041999459266663,0.026041999459266663,931200
1998-04-15,0.026041999459266663,0.02669299952685833,0.026041999459266663,0.026041999459266663,0.026041999459266663,355200
1998-04-16,0.026041999459266663,0.026041999459266663,0.02571599930524826,0.02571599930524826,0.02571599930524826,2208000
1998-04-17,0.026366999372839928,0.026366999372839928,0.024739999324083328,0.024739999324083328,0.024739999324083328,336000
1998-04-20,0.024739999324083328,0.026041999459266663,0.024739999324083328,0.025390999391674995,0.025390999391674995,2716800
1998-04-21,0.026041999459266663,0.02669299952685833,0.025390999391674995,0.02669299952685833,0.02669299952685833,2409600
1998-04-22,0.02669299952685833,0.02669299952685833,0.026041999459266663,0.02669299952685833,0.02669299952685833,5980800
1998-04-23,0.026366999372839928,0.02669299952685833,0.026041999459266663,0.026041999459266663,0.026041999459266663,5414400
1998-04-24,0.02669299952685833,0.02669299952685833,0.025390999391674995,0.025390999391674995,0.025390999391674995,2323200
1998-04-27,0.02669299952685833,0.027994999662041664,0.026041999459266663,0.027343999594449997,0.027343999594449997,9763200
1998-04-28,0.027994999662041664,0.02864599972963333,0.02669299952685833,0.027994999662041664,0.027994999662041664,8448000
1998-04-29,0.028970999643206596,0.03190099820494652,0.02864599972963333,0.0315760001540184,0.0315760001540184,12009600
1998-04-30,0.03125,0.03645800054073334,0.03125,0.03515600040555,0.03515600040555,29155200
1998-05-01,0.03515600040555,0.03580699861049652,0.03320299834012985,0.03450499847531319,0.03450499847531319,11385600
1998-05-04,0.03450499847531319,0.03450499847531319,0.032552000135183334,0.032552000135183334,0.032552000135183334,5184000
1998-05-05,0.03385400027036667,0.03385400027036667,0.03125,0.0315760001540184,0.0315760001540184,5049600
1998-05-06,0.03190099820494652,0.03385400027036667,0.03125,0.032878000289201736,0.032878000289201736,5011200
1998-05-07,0.032878000289201736,0.032878000289201736,0.03125,0.03190099820494652,0.03190099820494652,3292800
1998-05-08,0.03125,0.03190099820494652,0.03125,0.03190099820494652,0.03190099820494652,2332800
1998-05-11,0.03190099820494652,0.03190099820494652,0.030598999932408333,0.03190099820494652,0.03190099820494652,3715200
1998-05-12,0.03190099820494652,0.032552000135183334,0.03125,0.0315760001540184,0.0315760001540184,9561600
1998-05-13,0.0315760001540184,0.03320299834012985,0.030598999932408333,0.03320299834012985,0.03320299834012985,8064000
1998-05-14,0.03645800054073334,0.04231800138950348,0.035482000559568405,0.04166699945926666,0.04166699945926666,57686400
1998-05-15,0.04231800138950348,0.04427099972963333,0.04036499932408333,0.04231800138950348,0.04231800138950348,10723200
1998-05-18,0.041016001254320145,0.04231800138950348,0.04036499932408333,0.04166699945926666,0.04166699945926666,8265600
1998-05-19,0.041016001254320145,0.04166699945926666,0.04036499932408333,0.04134099930524826,0.04134099930524826,8352000
1998-05-20,0.04036499932408333,0.04166699945926666,0.04036499932408333,0.041016001254320145,0.041016001254320145,3801600
1998-05-21,0.04134099930524826,0.04166699945926666,0.04036499932408333,0.04166699945926666,0.04166699945926666,9254400
1998-05-22,0.04166699945926666,0.04199200123548508,0.041016001254320145,0.04166699945926666,0.04166699945926666,3868800
1998-05-26,0.04166699945926666,0.04199200123548508,0.04036499932408333,0.04166699945926666,0.04166699945926666,4156800
1998-05-27,0.04134099930524826,0.04231800138950348,0.04036499932408333,0.04166699945926666,0.04166699945926666,22051200
1998-05-28,0.04231800138950348,0.04231800138950348,0.041016001254320145,0.041016001254320145,0.041016001254320145,1200000
1998-05-29,0.04166699945926666,0.04231800138950348,0.041016001254320145,0.04231800138950348,0.04231800138950348,1190400
1998-06-01,0.04296899959445,0.04296899959445,0.041016001254320145,0.04199200123548508,0.04199200123548508,7641600
1998-06-02,0.04036499932408333,0.04199200123548508,0.04036499932408333,0.041016001254320145,0.041016001254320145,1747200
1998-06-03,0.04166699945926666,0.04166699945926666,0.04069000110030174,0.04069000110030174,0.04069000110030174,2361600
1998-06-04,0.04134099930524826,0.04199200123548508,0.04036499932408333,0.04166699945926666,0.04166699945926666,4358400
1998-06-05,0.04166699945926666,0.04199200123548508,0.041016001254320145,0.04166699945926666,0.04166699945926666,6912000
1998-06-08,0.04166699945926666,0.04199200123548508,0.041016001254320145,0.041016001254320145,0.041016001254320145,7929600
1998-06-09,0.04166699945926666,0.04166699945926666,0.041016001254320145,0.04166699945926666,0.04166699945926666,1200000
1998-06-10,0.04134099930524826,0.04166699945926666,0.04069000110030174,0.04134099930524826,0.04134099930524826,960000
1998-06-11,0.04166699945926666,0.04166699945926666,0.041016001254320145,0.04134099930524826,0.04134099930524826,3254400
1998-06-12,0.04134099930524826,0.04134099930524826,0.03938800096511841,0.03971400111913681,0.03971400111913681,2832000
1998-06-15,0.03938800096511841,0.041016001254320145,0.039062999188899994,0.039062999188899994,0.039062999188899994,2563200
1998-06-16,0.03971400111913681,0.03971400111913681,0.039062999188899994,0.039062999188899994,0.039062999188899994,5913600
1998-06-17,0.038086000829935074,0.03971400111913681,0.03776000067591667,0.03841099888086319,0.03841099888086319,8563200
1998-06-18,0.039062999188899994,0.04069000110030174,0.03841099888086319,0.03873699903488159,0.03873699903488159,3590400
1998-06-19,0.03971400111913681,0.03971400111913681,0.03776000067591667,0.03776000067591667,0.03776000067591667,5577600
1998-06-22,0.03873699903488159,0.04036499932408333,0.038086000829935074,0.039062999188899994,0.039062999188899994,2371200
1998-06-23,0.040038999170064926,0.04231800138950348,0.040038999170064926,0.04166699945926666,0.04166699945926666,2697600
1998-06-24,0.042642999440431595,0.04296899959445,0.04166699945926666,0.042642999440431595,0.042642999440431595,5376000
1998-06-25,0.042642999440431595,0.04362000152468681,0.04199200123548508,0.04296899959445,0.04296899959445,8592000
1998-06-26,0.04296899959445,0.04427099972963333,0.04231800138950348,0.04296899959445,0.04296899959445,2294400
1998-06-29,0.04394499957561493,0.04752599820494652,0.04394499957561493,0.046875,0.046875,8745600
1998-06-30,0.04752599820494652,0.04947900027036667,0.046875,0.048177000135183334,0.048177000135183334,3609600
1998-07-01,0.04947900027036667,0.056641001254320145,0.048503000289201736,0.05598999932408333,0.05598999932408333,15187200
1998-07-02,0.05598999932408333,0.056641001254320145,0.05078100040555,0.052733998745679855,0.052733998745679855,11241600
1998-07-06,0.054687999188899994,0.054687999188899994,0.05143199861049652,0.05143199861049652,0.05143199861049652,7766400
1998-07-07,0.05078100040555,0.05240900069475174,0.04947900027036667,0.05143199861049652,0.05143199861049652,3792000
1998-07-08,0.05143199861049652,0.05208300054073334,0.04947900027036667,0.05143199861049652,0.05143199861049652,2112000
1998-07-09,0.05143199861049652,0.05208300054073334,0.04947900027036667,0.04980500042438507,0.04980500042438507,1526400
1998-07-10,0.05143199861049652,0.05143199861049652,0.04947900027036667,0.05078100040555,0.05078100040555,1344000
1998-07-13,0.04882799834012985,0.05143199861049652,0.04882799834012985,0.04980500042438507,0.04980500042438507,1420800
1998-07-14,0.04947900027036667,0.05208300054073334,0.04947900027036667,0.051107000559568405,0.051107000559568405,3532800
1998-07-15,0.05208300054073334,0.05208300054073334,0.04947900027036667,0.04947900027036667,0.04947900027036667,2515200
1998-07-16,0.04980500042438507,0.05208300054073334,0.04980500042438507,0.05143199861049652,0.05143199861049652,4569600
1998-07-17,0.05208300054073334,0.05240900069475174,0.05143199861049652,0.05240900069475174,0.05240900069475174,5251200
1998-07-20,0.05240900069475174,0.05305999889969826,0.05175799876451492,0.05208300054073334,0.05208300054073334,14755200
1998-07-21,0.052733998745679855,0.05989599972963333,0.05240900069475174,0.05794300138950348,0.05794300138950348,13315200
1998-07-22,0.05794300138950348,0.05924500152468681,0.05598999932408333,0.05761700123548508,0.05761700123548508,10387200
1998-07-23,0.05859399959445,0.05859399959445,0.05729199945926666,0.05729199945926666,0.05729199945926666,2726400
1998-07-24,0.05989599972963333,0.05989599972963333,0.05729199945926666,0.05924500152468681,0.05924500152468681,2812800
1998-07-27,0.05989599972963333,0.05989599972963333,0.05729199945926666,0.05729199945926666,0.05729199945926666,18460800
1998-07-28,0.05598999932408333,0.05729199945926666,0.05208300054073334,0.05501300096511841,0.05501300096511841,6940800
1998-07-29,0.05338500067591667,0.05533900111913681,0.05338500067591667,0.05501300096511841,0.05501300096511841,1987200
1998-07-30,0.05501300096511841,0.05989599972963333,0.05501300096511841,0.05989599972963333,0.05989599972963333,11606400
1998-07-31,0.05989599972963333,0.0621739998459816,0.05924500152468681,0.061197999864816666,0.061197999864816666,4627200
1998-08-03,0.0625,0.07096400111913681,0.06152300164103508,0.06770800054073334,0.06770800054073334,30604800
1998-08-04,0.06835900247097015,0.0703129991889,0.0625,0.0628260001540184,0.0628260001540184,18086400
1998-08-05,0.061197999864816666,0.0621739998459816,0.05859399959445,0.061197999864816666,0.061197999864816666,12960000
1998-08-06,0.06054700165987015,0.06315100193023682,0.05533900111913681,0.06184900179505348,0.06184900179505348,13747200
1998-08-07,0.06315100193023682,0.06315100193023682,0.05729199945926666,0.06054700165987015,0.06054700165987015,8150400
1998-08-10,0.05989599972963333,0.06705699861049652,0.05989599972963333,0.06510400027036667,0.06510400027036667,15398400
1998-08-11,0.06445299834012985,0.06445299834012985,0.06184900179505348,0.06315100193023682,0.06315100193023682,6211200
1998-08-12,0.06575500220060349,0.07096400111913681,0.06559199839830399,0.06998699903488159,0.06998699903488159,15888000
1998-08-13,0.0703129991889,0.0703129991889,0.0664059966802597,0.0664059966802597,0.0664059966802597,10953600
1998-08-14,0.06900999695062637,0.06933599710464478,0.061197999864816666,0.0625,0.0625,13814400
1998-08-17,0.06575500220060349,0.06868500262498856,0.06380199640989304,0.06770800054073334,0.06770800054073334,14332800
1998-08-18,0.06705699861049652,0.06868500262498856,0.06608100235462189,0.06770800054073334,0.06770800054073334,5414400
1998-08-19,0.06770800054073334,0.06900999695062637,0.0664059966802597,0.06770800054073334,0.06770800054073334,4857600
1998-08-20,0.06705699861049652,0.06705699861049652,0.06575500220060349,0.0667319968342781,0.0667319968342781,2073600
1998-08-21,0.0664059966802597,0.0664059966802597,0.05598999932408333,0.0664059966802597,0.0664059966802597,13612800
1998-08-24,0.06770800054073334,0.06770800054073334,0.06184900179505348,0.0628260001540184,0.0628260001540184,5472000
1998-08-25,0.06445299834012985,0.06445299834012985,0.06054700165987015,0.06184900179505348,0.06184900179505348,7622400
1998-08-26,0.06184900179505348,0.06184900179505348,0.054687999188899994,0.05501300096511841,0.05501300096511841,10934400
1998-08-27,0.05338500067591667,0.05403599888086319,0.045572999864816666,0.04947900027036667,0.04947900027036667,19401600
1998-08-28,0.04947900027036667,0.05208300054073334,0.045572999864816666,0.04752599820494652,0.04752599820494652,9427200
1998-08-31,0.04947900027036667,0.04947900027036667,0.04166699945926666,0.04231800138950348,0.04231800138950348,7411200
1998-09-01,0.04166699945926666,0.04427099972963333,0.039062999188899994,0.04362000152468681,0.04362000152468681,9993600
1998-09-02,0.04362000152468681,0.05078100040555,0.04362000152468681,0.048177000135183334,0.048177000135183334,6326400
1998-09-03,0.04947900027036667,0.04947900027036667,0.04752599820494652,0.04947900027036667,0.04947900027036667,1113600
1998-09-04,0.04947900027036667,0.04947900027036667,0.046875,0.048177000135183334,0.048177000135183334,1449600
1998-09-08,0.04947900027036667,0.05078100040555,0.04882799834012985,0.04947900027036667,0.04947900027036667,2822400
1998-09-09,0.05078100040555,0.05143199861049652,0.046875,0.04752599820494652,0.04752599820494652,2102400
1998-09-10,0.046875,0.046875,0.04427099972963333,0.04622400179505348,0.04622400179505348,864000
1998-09-11,0.04492200165987015,0.046875,0.04492200165987015,0.04622400179505348,0.04622400179505348,1017600
1998-09-14,0.0465489998459816,0.046875,0.04427099972963333,0.045572999864816666,0.045572999864816666,3340800
1998-09-15,0.045572999864816666,0.04622400179505348,0.04231800138950348,0.04622400179505348,0.04622400179505348,3244800
1998-09-16,0.045572999864816666,0.045572999864816666,0.04427099972963333,0.04427099972963333,0.04427099972963333,1257600
1998-09-17,0.04296899959445,0.045572999864816666,0.04166699945926666,0.045572999864816666,0.045572999864816666,1641600
1998-09-18,0.04362000152468681,0.045572999864816666,0.04296899959445,0.04492200165987015,0.04492200165987015,1564800
1998-09-21,0.044596001505851746,0.04492200165987015,0.04296899959445,0.04492200165987015,0.04492200165987015,604800
1998-09-22,0.04492200165987015,0.04492200165987015,0.04166699945926666,0.04427099972963333,0.04427099972963333,2054400
1998-09-23,0.04362000152468681,0.045572999864816666,0.04166699945926666,0.04427099972963333,0.04427099972963333,1603200
1998-09-24,0.04199200123548508,0.045246999710798264,0.04199200123548508,0.04427099972963333,0.04427099972963333,864000
1998-09-25,0.04166699945926666,0.044596001505851746,0.03971400111913681,0.04231800138950348,0.04231800138950348,4406400
1998-09-28,0.04231800138950348,0.04231800138950348,0.04036499932408333,0.04166699945926666,0.04166699945926666,2294400
1998-09-29,0.04166699945926666,0.04199200123548508,0.04036499932408333,0.041016001254320145,0.041016001254320145,4406400
1998-09-30,0.039062999188899994,0.04166699945926666,0.039062999188899994,0.04134099930524826,0.04134099930524826,3283200
1998-10-01,0.04036499932408333,0.04134099930524826,0.03515600040555,0.03841099888086319,0.03841099888086319,8044800
1998-10-02,0.03841099888086319,0.039062999188899994,0.03320299834012985,0.039062999188899994,0.039062999188899994,4464000
1998-10-05,0.039062999188899994,0.039062999188899994,0.03515600040555,0.03580699861049652,0.03580699861049652,1833600
1998-10-06,0.03776000067591667,0.039062999188899994,0.03385400027036667,0.03450499847531319,0.03450499847531319,4963200
1998-10-07,0.03580699861049652,0.03645800054073334,0.03385400027036667,0.03385400027036667,0.03385400027036667,1084800
1998-10-08,0.03385400027036667,0.03450499847531319,0.03125,0.03190099820494652,0.03190099820494652,3494400
1998-10-09,0.03320299834012985,0.03320299834012985,0.030923999845981598,0.0315760001540184,0.0315760001540184,3801600
1998-10-12,0.0315760001540184,0.03320299834012985,0.030598999932408333,0.03222699835896492,0.03222699835896492,4886400
1998-10-13,0.032878000289201736,0.032878000289201736,0.03125,0.03125,0.03125,787200
1998-10-14,0.03222699835896492,0.04036499932408333,0.03222699835896492,0.039062999188899994,0.039062999188899994,7507200
1998-10-15,0.04036499932408333,0.04166699945926666,0.03776000067591667,0.04166699945926666,0.04166699945926666,7516800
1998-10-16,0.04036499932408333,0.045246999710798264,0.04036499932408333,0.04427099972963333,0.04427099972963333,17616000
1998-10-19,0.045572999864816666,0.0465489998459816,0.04427099972963333,0.04492200165987015,0.04492200165987015,3907200
1998-10-20,0.0465489998459816,0.0465489998459816,0.04427099972963333,0.044596001505851746,0.044596001505851746,2112000
1998-10-21,0.04427099972963333,0.04427099972963333,0.04166699945926666,0.04296899959445,0.04296899959445,2640000
1998-10-22,0.04166699945926666,0.04394499957561493,0.04166699945926666,0.04394499957561493,0.04394499957561493,3379200
1998-10-23,0.04362000152468681,0.045572999864816666,0.04296899959445,0.045572999864816666,0.045572999864816666,1670400
1998-10-26,0.04427099972963333,0.05208300054073334,0.04427099972963333,0.05078100040555,0.05078100040555,10771200
1998-10-27,0.05208300054073334,0.05729199945926666,0.05143199861049652,0.05598999932408333,0.05598999932408333,17251200
1998-10-28,0.05598999932408333,0.05598999932408333,0.052733998745679855,0.05338500067591667,0.05338500067591667,5587200
1998-10-29,0.054687999188899994,0.05533900111913681,0.05338500067591667,0.05338500067591667,0.05338500067591667,6220800
1998-10-30,0.05403599888086319,0.05598999932408333,0.05338500067591667,0.05501300096511841,0.05501300096511841,3590400
1998-11-02,0.055663999170064926,0.05696599930524826,0.052733998745679855,0.054687999188899994,0.054687999188899994,8505600
1998-11-03,0.05403599888086319,0.05436199903488159,0.05208300054073334,0.05403599888086319,0.05403599888086319,8860800
1998-11-04,0.05305999889969826,0.05729199945926666,0.05012999847531319,0.05501300096511841,0.05501300096511841,17193600
1998-11-05,0.05598999932408333,0.05598999932408333,0.054687999188899994,0.05598999932408333,0.05598999932408333,1929600
1998-11-06,0.054687999188899994,0.05598999932408333,0.05403599888086319,0.05598999932408333,0.05598999932408333,3369600
1998-11-09,0.05598999932408333,0.05631500110030174,0.054687999188899994,0.05533900111913681,0.05533900111913681,2841600
1998-11-10,0.05533900111913681,0.05729199945926666,0.054687999188899994,0.05729199945926666,0.05729199945926666,17769600
1998-11-11,0.05729199945926666,0.06380199640989304,0.056641001254320145,0.05989599972963333,0.05989599972963333,18470400
1998-11-12,0.05989599972963333,0.061197999864816666,0.05729199945926666,0.05989599972963333,0.05989599972963333,8630400
1998-11-13,0.05729199945926666,0.06510400027036667,0.05729199945926666,0.0625,0.0625,26380800
1998-11-16,0.06380199640989304,0.06380199640989304,0.061197999864816666,0.06184900179505348,0.06184900179505348,13622400
1998-11-17,0.0625,0.06770800054073334,0.06054700165987015,0.06575500220060349,0.06575500220060349,14467200
1998-11-18,0.06575500220060349,0.06803400069475174,0.06445299834012985,0.06510400027036667,0.06510400027036667,10425600
1998-11-19,0.06510400027036667,0.0664059966802597,0.06184900179505348,0.06347700208425522,0.06347700208425522,3926400
1998-11-20,0.06347700208425522,0.06347700208425522,0.05729199945926666,0.05794300138950348,0.05794300138950348,6729600
1998-11-23,0.05924500152468681,0.05924500152468681,0.05045599862933159,0.05338500067591667,0.05338500067591667,13996800
1998-11-24,0.05403599888086319,0.054687999188899994,0.05143199861049652,0.05338500067591667,0.05338500067591667,9580800
1998-11-25,0.05533900111913681,0.05794300138950348,0.05338500067591667,0.05598999932408333,0.05598999932408333,3705600
1998-11-27,0.05761700123548508,0.05859399959445,0.05533900111913681,0.05598999932408333,0.05598999932408333,1344000
1998-11-30,0.05924500152468681,0.05924500152468681,0.05208300054073334,0.05208300054073334,0.05208300054073334,5289600
1998-12-01,0.054687999188899994,0.05533900111913681,0.05143199861049652,0.05208300054073334,0.05208300054073334,8841600
1998-12-02,0.054687999188899994,0.054687999188899994,0.05208300054073334,0.05208300054073334,0.05208300054073334,5433600
1998-12-03,0.05208300054073334,0.05338500067591667,0.04947900027036667,0.04947900027036667,0.04947900027036667,2889600
1998-12-04,0.048177000135183334,0.05012999847531319,0.046875,0.04882799834012985,0.04882799834012985,5635200
1998-12-07,0.048177000135183334,0.04947900027036667,0.04752599820494652,0.048177000135183334,0.048177000135183334,5136000
1998-12-08,0.04752599820494652,0.04947900027036667,0.046875,0.04882799834012985,0.04882799834012985,1545600
1998-12-09,0.049153998494148254,0.05208300054073334,0.048177000135183334,0.05143199861049652,0.05143199861049652,5750400
1998-12-10,0.05175799876451492,0.05794300138950348,0.05012999847531319,0.056641001254320145,0.056641001254320145,11107200
1998-12-11,0.05501300096511841,0.055663999170064926,0.05208300054073334,0.054687999188899994,0.054687999188899994,6652800
1998-12-14,0.05533900111913681,0.056641001254320145,0.05078100040555,0.05338500067591667,0.05338500067591667,4924800
1998-12-15,0.05208300054073334,0.05338500067591667,0.04947900027036667,0.04980500042438507,0.04980500042438507,4368000
1998-12-16,0.05143199861049652,0.05143199861049652,0.04947900027036667,0.04947900027036667,0.04947900027036667,3542400
1998-12-17,0.04947900027036667,0.05338500067591667,0.04947900027036667,0.05078100040555,0.05078100040555,7488000
1998-12-18,0.05143199861049652,0.052733998745679855,0.04947900027036667,0.05208300054073334,0.05208300054073334,1862400
1998-12-21,0.05078100040555,0.05338500067591667,0.05078100040555,0.05338500067591667,0.05338500067591667,4185600
1998-12-22,0.05305999889969826,0.054687999188899994,0.05208300054073334,0.05338500067591667,0.05338500067591667,2841600
1998-12-23,0.054687999188899994,0.05598999932408333,0.05208300054073334,0.052733998745679855,0.052733998745679855,4838400
1998-12-24,0.05338500067591667,0.05598999932408333,0.05338500067591667,0.05533900111913681,0.05533900111913681,883200
1998-12-28,0.055663999170064926,0.055663999170064926,0.052733998745679855,0.052733998745679855,0.052733998745679855,2640000
1998-12-29,0.052733998745679855,0.05403599888086319,0.05208300054073334,0.052733998745679855,0.052733998745679855,3072000
1998-12-30,0.05338500067591667,0.05598999932408333,0.052733998745679855,0.05338500067591667,0.05338500067591667,2016000
1998-12-31,0.05338500067591667,0.05794300138950348,0.05338500067591667,0.05598999932408333,0.05598999932408333,4233600
1999-01-04,0.05598999932408333,0.05761700123548508,0.054687999188899994,0.05533900111913681,0.05533900111913681,6537600
1999-01-05,0.05533900111913681,0.056641001254320145,0.054687999188899994,0.056641001254320145,0.056641001254320145,4636800
1999-01-06,0.05533900111913681,0.05729199945926666,0.05533900111913681,0.05533900111913681,0.05533900111913681,5328000
1999-01-07,0.05729199945926666,0.05729199945926666,0.05338500067591667,0.05403599888086319,0.05403599888086319,4924800
1999-01-08,0.05403599888086319,0.056641001254320145,0.05403599888086319,0.05403599888086319,0.05403599888086319,1459200
1999-01-11,0.05338500067591667,0.054687999188899994,0.05208300054073334,0.052733998745679855,0.052733998745679855,4416000
1999-01-12,0.052733998745679855,0.054687999188899994,0.05208300054073334,0.05208300054073334,0.05208300054073334,1843200
1999-01-13,0.05208300054073334,0.05338500067591667,0.05078100040555,0.05078100040555,0.05078100040555,2150400
1999-01-14,0.05143199861049652,0.05338500067591667,0.04882799834012985,0.04947900027036667,0.04947900027036667,9868800
1999-01-15,0.04882799834012985,0.05078100040555,0.04622400179505348,0.046875,0.046875,7132800
1999-01-19,0.04947900027036667,0.05078100040555,0.04752599820494652,0.05078100040555,0.05078100040555,2928000
1999-01-20,0.05208300054073334,0.05208300054073334,0.04980500042438507,0.05143199861049652,0.05143199861049652,1478400
1999-01-21,0.05208300054073334,0.05208300054073334,0.04947900027036667,0.05078100040555,0.05078100040555,1536000
1999-01-22,0.05208300054073334,0.05208300054073334,0.05078100040555,0.05143199861049652,0.05143199861049652,835200
1999-01-25,0.05175799876451492,0.05208300054073334,0.046875,0.05078100040555,0.05078100040555,5510400
1999-01-26,0.05078100040555,0.05078100040555,0.04752599820494652,0.04947900027036667,0.04947900027036667,4243200
1999-01-27,0.04752599820494652,0.05012999847531319,0.04622400179505348,0.046875,0.046875,15504000
1999-01-28,0.046875,0.04752599820494652,0.045572999864816666,0.04622400179505348,0.04622400179505348,11539200
1999-01-29,0.04622400179505348,0.048177000135183334,0.04589800164103508,0.04752599820494652,0.04752599820494652,3331200
1999-02-01,0.048177000135183334,0.04947900027036667,0.04492200165987015,0.04622400179505348,0.04622400179505348,5145600
1999-02-02,0.045572999864816666,0.045572999864816666,0.04166699945926666,0.04427099972963333,0.04427099972963333,24787200
1999-02-03,0.04296899959445,0.045572999864816666,0.04296899959445,0.045572999864816666,0.045572999864816666,6307200
1999-02-04,0.045572999864816666,0.04752599820494652,0.04166699945926666,0.04622400179505348,0.04622400179505348,6480000
1999-02-05,0.04166699945926666,0.048177000135183334,0.041016001254320145,0.048177000135183334,0.048177000135183334,7785600
1999-02-08,0.048177000135183334,0.05338500067591667,0.046875,0.05338500067591667,0.05338500067591667,11923200
1999-02-09,0.05598999932408333,0.05859399959445,0.04947900027036667,0.054687999188899994,0.054687999188899994,14505600
1999-02-10,0.05533900111913681,0.05598999932408333,0.05078100040555,0.05143199861049652,0.05143199861049652,7747200
1999-02-11,0.05208300054073334,0.05208300054073334,0.05012999847531319,0.05012999847531319,0.05012999847531319,11443200
1999-02-12,0.04947900027036667,0.05143199861049652,0.04947900027036667,0.05012999847531319,0.05012999847531319,1603200
1999-02-16,0.05078100040555,0.05208300054073334,0.04785199835896492,0.04785199835896492,0.04785199835896492,2371200
1999-02-17,0.046875,0.048177000135183334,0.04427099972963333,0.04427099972963333,0.04427099972963333,5520000
1999-02-18,0.0465489998459816,0.046875,0.04427099972963333,0.046875,0.046875,2064000
1999-02-19,0.04752599820494652,0.048177000135183334,0.045572999864816666,0.045572999864816666,0.045572999864816666,2688000
1999-02-22,0.045572999864816666,0.04589800164103508,0.04427099972963333,0.04589800164103508,0.04589800164103508,1910400
1999-02-23,0.045572999864816666,0.04622400179505348,0.04427099972963333,0.045572999864816666,0.045572999864816666,2630400
1999-02-24,0.04622400179505348,0.04622400179505348,0.045572999864816666,0.045572999864816666,0.045572999864816666,1708800
1999-02-25,0.045572999864816666,0.045572999864816666,0.04231800138950348,0.04296899959445,0.04296899959445,2524800
1999-02-26,0.04427099972963333,0.045572999864816666,0.04296899959445,0.04296899959445,0.04296899959445,5011200
1999-03-01,0.04296899959445,0.04427099972963333,0.04166699945926666,0.04296899959445,0.04296899959445,1651200
1999-03-02,0.04296899959445,0.045572999864816666,0.04231800138950348,0.04362000152468681,0.04362000152468681,9590400
1999-03-03,0.04296899959445,0.04427099972963333,0.04166699945926666,0.04231800138950348,0.04231800138950348,6902400
1999-03-04,0.04231800138950348,0.04362000152468681,0.04166699945926666,0.04231800138950348,0.04231800138950348,3139200
1999-03-05,0.04296899959445,0.04427099972963333,0.04296899959445,0.04427099972963333,0.04427099972963333,163200
1999-03-08,0.045572999864816666,0.045572999864816666,0.04427099972963333,0.045572999864816666,0.045572999864816666,2870400
1999-03-09,0.045572999864816666,0.046875,0.04427099972963333,0.046875,0.046875,1891200
1999-03-10,0.045572999864816666,0.046875,0.045572999864816666,0.0465489998459816,0.0465489998459816,2025600
1999-03-11,0.046875,0.046875,0.04427099972963333,0.045572999864816666,0.045572999864816666,6297600
1999-03-12,0.045572999864816666,0.045572999864816666,0.04427099972963333,0.04427099972963333,0.04427099972963333,883200
1999-03-15,0.04492200165987015,0.04622400179505348,0.04427099972963333,0.04427099972963333,0.04427099972963333,3734400
1999-03-16,0.04427099972963333,0.04492200165987015,0.04427099972963333,0.04492200165987015,0.04492200165987015,5145600
1999-03-17,0.04362000152468681,0.04622400179505348,0.04296899959445,0.045572999864816666,0.045572999864816666,2323200
1999-03-18,0.04492200165987015,0.045572999864816666,0.04296899959445,0.04296899959445,0.04296899959445,1017600
1999-03-19,0.04296899959445,0.04427099972963333,0.04166699945926666,0.04231800138950348,0.04231800138950348,3043200
1999-03-22,0.04296899959445,0.04296899959445,0.039062999188899994,0.04231800138950348,0.04231800138950348,5558400
1999-03-23,0.04036499932408333,0.04166699945926666,0.039062999188899994,0.03971400111913681,0.03971400111913681,3139200
1999-03-24,0.039062999188899994,0.04036499932408333,0.03776000067591667,0.03841099888086319,0.03841099888086319,5961600
1999-03-25,0.03776000067591667,0.041016001254320145,0.03776000067591667,0.03971400111913681,0.03971400111913681,681600
1999-03-26,0.04036499932408333,0.04296899959445,0.03938800096511841,0.041016001254320145,0.041016001254320145,4166400
1999-03-29,0.04199200123548508,0.04362000152468681,0.041016001254320145,0.04296899959445,0.04296899959445,1824000
1999-03-30,0.04296899959445,0.04296899959445,0.03971400111913681,0.04036499932408333,0.04036499932408333,5030400
1999-03-31,0.04166699945926666,0.04166699945926666,0.03580699861049652,0.03841099888086319,0.03841099888086319,19094400
1999-04-01,0.03841099888086319,0.041016001254320145,0.03776000067591667,0.041016001254320145,0.041016001254320145,2649600
1999-04-05,0.04166699945926666,0.04166699945926666,0.03841099888086319,0.04036499932408333,0.04036499932408333,2851200
1999-04-06,0.039062999188899994,0.04166699945926666,0.039062999188899994,0.04036499932408333,0.04036499932408333,1516800
1999-04-07,0.04036499932408333,0.04166699945926666,0.039062999188899994,0.04036499932408333,0.04036499932408333,4502400
1999-04-08,0.04036499932408333,0.04036499932408333,0.03776000067591667,0.03971400111913681,0.03971400111913681,3571200
1999-04-09,0.039062999188899994,0.03971400111913681,0.03776000067591667,0.03841099888086319,0.03841099888086319,4857600
1999-04-12,0.03841099888086319,0.041016001254320145,0.03841099888086319,0.04036499932408333,0.04036499932408333,20745600
1999-04-13,0.04166699945926666,0.04296899959445,0.04036499932408333,0.04166699945926666,0.04166699945926666,5356800
1999-04-14,0.041016001254320145,0.042642999440431595,0.041016001254320145,0.041016001254320145,0.041016001254320145,4387200
1999-04-15,0.04166699945926666,0.04296899959445,0.04036499932408333,0.04036499932408333,0.04036499932408333,4377600
1999-04-16,0.04036499932408333,0.04427099972963333,0.04036499932408333,0.04296899959445,0.04296899959445,5942400
1999-04-19,0.04427099972963333,0.046875,0.04296899959445,0.04427099972963333,0.04427099972963333,5625600
1999-04-20,0.04296899959445,0.045572999864816666,0.04296899959445,0.045572999864816666,0.045572999864816666,1468800
1999-04-21,0.045572999864816666,0.045572999864816666,0.04296899959445,0.04427099972963333,0.04427099972963333,2083200
1999-04-22,0.04492200165987015,0.04622400179505348,0.04427099972963333,0.04622400179505348,0.04622400179505348,3014400
1999-04-23,0.04622400179505348,0.05078100040555,0.045246999710798264,0.048177000135183334,0.048177000135183334,5107200
1999-04-26,0.04947900027036667,0.05208300054073334,0.048177000135183334,0.05078100040555,0.05078100040555,5760000
1999-04-27,0.05208300054073334,0.052733998745679855,0.04947900027036667,0.05078100040555,0.05078100040555,4646400
1999-04-28,0.05208300054073334,0.05208300054073334,0.04947900027036667,0.05208300054073334,0.05208300054073334,2035200
1999-04-29,0.05078100040555,0.05338500067591667,0.046875,0.052733998745679855,0.052733998745679855,7152000
1999-04-30,0.05208300054073334,0.05729199945926666,0.05208300054073334,0.05598999932408333,0.05598999932408333,14889600
1999-05-03,0.05533900111913681,0.05729199945926666,0.05403599888086319,0.05729199945926666,0.05729199945926666,7305600
1999-05-04,0.05729199945926666,0.05729199945926666,0.054687999188899994,0.056641001254320145,0.056641001254320145,1929600
1999-05-05,0.05338500067591667,0.05729199945926666,0.05338500067591667,0.056641001254320145,0.056641001254320145,4387200
1999-05-06,0.05533900111913681,0.056641001254320145,0.054687999188899994,0.05598999932408333,0.05598999932408333,2102400
1999-05-07,0.05598999932408333,0.056641001254320145,0.05208300054073334,0.05240900069475174,0.05240900069475174,5875200
1999-05-10,0.054687999188899994,0.056641001254320145,0.04947900027036667,0.05208300054073334,0.05208300054073334,19017600
1999-05-11,0.05012999847531319,0.052733998745679855,0.05012999847531319,0.05143199861049652,0.05143199861049652,4771200
1999-05-12,0.05208300054073334,0.052733998745679855,0.05012999847531319,0.05078100040555,0.05078100040555,4560000
1999-05-13,0.05012999847531319,0.05143199861049652,0.04947900027036667,0.05078100040555,0.05078100040555,2630400
1999-05-14,0.05078100040555,0.05078100040555,0.04427099972963333,0.04947900027036667,0.04947900027036667,4857600
1999-05-17,0.04947900027036667,0.04947900027036667,0.048177000135183334,0.04947900027036667,0.04947900027036667,1363200
1999-05-18,0.04947900027036667,0.04947900027036667,0.046875,0.046875,0.046875,3686400
1999-05-19,0.045572999864816666,0.04882799834012985,0.045572999864816666,0.04752599820494652,0.04752599820494652,403200
1999-05-20,0.046875,0.048177000135183334,0.04427099972963333,0.046875,0.046875,5971200
1999-05-21,0.046875,0.048177000135183334,0.045572999864816666,0.04785199835896492,0.04785199835896492,3187200
1999-05-24,0.049153998494148254,0.049153998494148254,0.046875,0.046875,0.046875,1708800
1999-05-25,0.048177000135183334,0.04947900027036667,0.046875,0.04882799834012985,0.04882799834012985,4915200
1999-05-26,0.04866499826312065,0.049153998494148254,0.046875,0.04785199835896492,0.04785199835896492,1958400
1999-05-27,0.04768899828195572,0.048177000135183334,0.046875,0.0472010001540184,0.0472010001540184,1161600
1999-05-28,0.0472010001540184,0.05012999847531319,0.0472010001540184,0.05012999847531319,0.05012999847531319,5539200
1999-06-01,0.04882799834012985,0.05078100040555,0.04882799834012985,0.04947900027036667,0.04947900027036667,2707200
1999-06-02,0.04947900027036667,0.04947900027036667,0.048177000135183334,0.048177000135183334,0.048177000135183334,1132800
1999-06-03,0.04947900027036667,0.04947900027036667,0.048177000135183334,0.04947900027036667,0.04947900027036667,1046400
1999-06-04,0.049153998494148254,0.05143199861049652,0.046875,0.04785199835896492,0.04785199835896492,5107200
1999-06-07,0.05078100040555,0.05078100040555,0.048177000135183334,0.04947900027036667,0.04947900027036667,2092800
1999-06-08,0.04947900027036667,0.05078100040555,0.04882799834012985,0.04947900027036667,0.04947900027036667,3955200
1999-06-09,0.05012999847531319,0.05078100040555,0.04882799834012985,0.05078100040555,0.05078100040555,777600
1999-06-10,0.05078100040555,0.05078100040555,0.048177000135183334,0.05078100040555,0.05078100040555,3081600
1999-06-11,0.05078100040555,0.052733998745679855,0.04882799834012985,0.04947900027036667,0.04947900027036667,7737600
1999-06-14,0.04882799834012985,0.05078100040555,0.04882799834012985,0.05012999847531319,0.05012999847531319,1526400
1999-06-15,0.04980500042438507,0.05078100040555,0.04622400179505348,0.04622400179505348,0.04622400179505348,10608000
1999-06-16,0.04947900027036667,0.05078100040555,0.046875,0.046875,0.046875,4867200
1999-06-17,0.04947900027036667,0.04947900027036667,0.0465489998459816,0.046875,0.046875,6009600
1999-06-18,0.04785199835896492,0.04785199835896492,0.04622400179505348,0.046875,0.046875,2880000
1999-06-21,0.04752599820494652,0.04752599820494652,0.045572999864816666,0.045572999864816666,0.045572999864816666,2784000
1999-06-22,0.048177000135183334,0.048177000135183334,0.04362000152468681,0.046875,0.046875,11030400
1999-06-23,0.046875,0.048177000135183334,0.045572999864816666,0.04622400179505348,0.04622400179505348,547200
1999-06-24,0.04622400179505348,0.046875,0.045572999864816666,0.045572999864816666,0.045572999864816666,892800
1999-06-25,0.045572999864816666,0.045572999864816666,0.04427099972963333,0.04492200165987015,0.04492200165987015,1094400
1999-06-28,0.04427099972963333,0.04492200165987015,0.04427099972963333,0.04492200165987015,0.04492200165987015,768000
1999-06-29,0.045572999864816666,0.046875,0.04427099972963333,0.04427099972963333,0.04427099972963333,9763200
1999-06-30,0.04362000152468681,0.045572999864816666,0.04362000152468681,0.045572999864816666,0.045572999864816666,1968000
1999-07-01,0.04492200165987015,0.046875,0.04492200165987015,0.04622400179505348,0.04622400179505348,1766400
1999-07-02,0.04622400179505348,0.048177000135183334,0.04589800164103508,0.04752599820494652,0.04752599820494652,15686400
1999-07-06,0.048177000135183334,0.04947900027036667,0.04752599820494652,0.04947900027036667,0.04947900027036667,2601600
1999-07-07,0.04882799834012985,0.05078100040555,0.04882799834012985,0.04947900027036667,0.04947900027036667,2601600
1999-07-08,0.04882799834012985,0.04947900027036667,0.048177000135183334,0.048177000135183334,0.048177000135183334,1593600
1999-07-09,0.048177000135183334,0.05012999847531319,0.048177000135183334,0.05012999847531319,0.05012999847531319,1344000
1999-07-12,0.05012999847531319,0.05208300054073334,0.04947900027036667,0.04947900027036667,0.04947900027036667,6825600
1999-07-13,0.05012999847531319,0.05208300054073334,0.04947900027036667,0.05012999847531319,0.05012999847531319,3955200
1999-07-14,0.04882799834012985,0.05012999847531319,0.04882799834012985,0.04882799834012985,0.04882799834012985,2016000
1999-07-15,0.05012999847531319,0.054687999188899994,0.048177000135183334,0.05338500067591667,0.05338500067591667,15120000
1999-07-16,0.054687999188899994,0.05533900111913681,0.05208300054073334,0.05338500067591667,0.05338500067591667,4953600
1999-07-19,0.05338500067591667,0.054687999188899994,0.05208300054073334,0.054687999188899994,0.054687999188899994,4876800
1999-07-20,0.05338500067591667,0.05729199945926666,0.05338500067591667,0.056641001254320145,0.056641001254320145,7593600
1999-07-21,0.054687999188899994,0.056641001254320145,0.05436199903488159,0.054687999188899994,0.054687999188899994,1612800
1999-07-22,0.05598999932408333,0.056641001254320145,0.054687999188899994,0.054687999188899994,0.054687999188899994,1219200
1999-07-23,0.05501300096511841,0.05533900111913681,0.054687999188899994,0.054687999188899994,0.054687999188899994,470400
1999-07-26,0.054687999188899994,0.05501300096511841,0.05338500067591667,0.054687999188899994,0.054687999188899994,5241600
1999-07-27,0.05305999889969826,0.054687999188899994,0.05208300054073334,0.05403599888086319,0.05403599888086319,1641600
1999-07-28,0.053711000829935074,0.054687999188899994,0.05208300054073334,0.052733998745679855,0.052733998745679855,4080000
1999-07-29,0.05305999889969826,0.054687999188899994,0.05208300054073334,0.05338500067591667,0.05338500067591667,5577600
1999-07-30,0.05338500067591667,0.05598999932408333,0.05338500067591667,0.05598999932408333,0.05598999932408333,4003200
1999-08-02,0.05859399959445,0.05859399959445,0.05338500067591667,0.05403599888086319,0.05403599888086319,11558400
1999-08-03,0.05403599888086319,0.054687999188899994,0.05208300054073334,0.05208300054073334,0.05208300054073334,5702400
1999-08-04,0.05208300054073334,0.05403599888086319,0.05078100040555,0.05078100040555,0.05078100040555,4022400
1999-08-05,0.05208300054073334,0.05208300054073334,0.04947900027036667,0.05012999847531319,0.05012999847531319,1939200
1999-08-06,0.05078100040555,0.05175799876451492,0.05012999847531319,0.05012999847531319,0.05012999847531319,940800
1999-08-09,0.05012999847531319,0.05208300054073334,0.04947900027036667,0.05208300054073334,0.05208300054073334,4195200
1999-08-10,0.05208300054073334,0.052733998745679855,0.05078100040555,0.05208300054073334,0.05208300054073334,2659200
1999-08-11,0.05338500067591667,0.05403599888086319,0.05208300054073334,0.052733998745679855,0.052733998745679855,1699200
1999-08-12,0.05338500067591667,0.054687999188899994,0.05078100040555,0.05078100040555,0.05078100040555,2188800
1999-08-13,0.05338500067591667,0.05338500067591667,0.05143199861049652,0.052733998745679855,0.052733998745679855,1017600
1999-08-16,0.05403599888086319,0.054687999188899994,0.05208300054073334,0.052733998745679855,0.052733998745679855,960000
1999-08-17,0.053711000829935074,0.054687999188899994,0.05208300054073334,0.054687999188899994,0.054687999188899994,2217600
1999-08-18,0.054687999188899994,0.054687999188899994,0.05208300054073334,0.052733998745679855,0.052733998745679855,2112000
1999-08-19,0.052733998745679855,0.05403599888086319,0.052733998745679855,0.05403599888086319,0.05403599888086319,825600
1999-08-20,0.05403599888086319,0.054687999188899994,0.05208300054073334,0.05338500067591667,0.05338500067591667,1920000
1999-08-23,0.05338500067591667,0.05436199903488159,0.05208300054073334,0.05338500067591667,0.05338500067591667,3168000
1999-08-24,0.053711000829935074,0.054687999188899994,0.052733998745679855,0.052733998745679855,0.052733998745679855,4828800
1999-08-25,0.052733998745679855,0.05305999889969826,0.05240900069475174,0.05240900069475174,0.05240900069475174,1132800
1999-08-26,0.05240900069475174,0.052896998822689056,0.04947900027036667,0.051107000559568405,0.051107000559568405,4233600
1999-08-27,0.05045599862933159,0.05208300054073334,0.04947900027036667,0.051107000559568405,0.051107000559568405,2534400
1999-08-30,0.04947900027036667,0.05208300054073334,0.04947900027036667,0.04947900027036667,0.04947900027036667,2659200
1999-08-31,0.05078100040555,0.05208300054073334,0.04947900027036667,0.05012999847531319,0.05012999847531319,1305600
1999-09-01,0.05143199861049652,0.05208300054073334,0.04947900027036667,0.05143199861049652,0.05143199861049652,1008000
1999-09-02,0.05078100040555,0.05078100040555,0.04947900027036667,0.05078100040555,0.05078100040555,1641600
1999-09-03,0.05078100040555,0.052733998745679855,0.05012999847531319,0.052733998745679855,0.052733998745679855,5145600
1999-09-07,0.05305999889969826,0.05338500067591667,0.05143199861049652,0.052733998745679855,0.052733998745679855,3043200
1999-09-08,0.05338500067591667,0.05403599888086319,0.05208300054073334,0.05403599888086319,0.05403599888086319,6384000
1999-09-09,0.05338500067591667,0.05338500067591667,0.05208300054073334,0.05338500067591667,0.05338500067591667,1891200
1999-09-10,0.05240900069475174,0.05338500067591667,0.05143199861049652,0.05338500067591667,0.05338500067591667,1171200
1999-09-13,0.05208300054073334,0.052733998745679855,0.04947900027036667,0.05078100040555,0.05078100040555,7593600
1999-09-14,0.05208300054073334,0.05208300054073334,0.05012999847531319,0.05208300054073334,0.05208300054073334,883200
1999-09-15,0.05208300054073334,0.05208300054073334,0.05012999847531319,0.05208300054073334,0.05208300054073334,1084800
1999-09-16,0.05143199861049652,0.05208300054073334,0.05012999847531319,0.05012999847531319,0.05012999847531319,1113600
1999-09-17,0.05208300054073334,0.05208300054073334,0.05012999847531319,0.05175799876451492,0.05175799876451492,1737600
1999-09-20,0.05175799876451492,0.05208300054073334,0.05012999847531319,0.05143199861049652,0.05143199861049652,1276800
1999-09-21,0.05078100040555,0.052733998745679855,0.05012999847531319,0.05078100040555,0.05078100040555,3945600
1999-09-22,0.05143199861049652,0.05143199861049652,0.05012999847531319,0.05143199861049652,0.05143199861049652,2419200
1999-09-23,0.05143199861049652,0.05208300054073334,0.05012999847531319,0.05012999847531319,0.05012999847531319,2073600
1999-09-24,0.05045599862933159,0.05143199861049652,0.05012999847531319,0.05078100040555,0.05078100040555,1392000
1999-09-27,0.05012999847531319,0.05208300054073334,0.04947900027036667,0.05012999847531319,0.05012999847531319,2102400
1999-09-28,0.05012999847531319,0.05078100040555,0.04947900027036667,0.05078100040555,0.05078100040555,2822400
1999-09-29,0.05078100040555,0.05078100040555,0.04947900027036667,0.04947900027036667,0.04947900027036667,1392000
1999-09-30,0.04947900027036667,0.05338500067591667,0.04947900027036667,0.052733998745679855,0.052733998745679855,12076800
1999-10-01,0.05208300054073334,0.05208300054073334,0.05012999847531319,0.05078100040555,0.05078100040555,13814400
1999-10-04,0.05208300054073334,0.05338500067591667,0.04947900027036667,0.05078100040555,0.05078100040555,1200000
1999-10-05,0.051107000559568405,0.051107000559568405,0.05078100040555,0.051107000559568405,0.051107000559568405,480000
1999-10-06,0.051107000559568405,0.05143199861049652,0.05012999847531319,0.05012999847531319,0.05012999847531319,854400
1999-10-07,0.05012999847531319,0.05143199861049652,0.05012999847531319,0.05012999847531319,0.05012999847531319,355200
1999-10-08,0.05012999847531319,0.05208300054073334,0.05012999847531319,0.05143199861049652,0.05143199861049652,1497600
1999-10-11,0.05078100040555,0.05208300054073334,0.05012999847531319,0.05078100040555,0.05078100040555,1507200
1999-10-12,0.051107000559568405,0.05208300054073334,0.04947900027036667,0.04947900027036667,0.04947900027036667,777600
1999-10-13,0.05143199861049652,0.05143199861049652,0.04947900027036667,0.04947900027036667,0.04947900027036667,1305600
1999-10-14,0.05078100040555,0.05078100040555,0.04947900027036667,0.05078100040555,0.05078100040555,1641600
1999-10-15,0.05012999847531319,0.05078100040555,0.04947900027036667,0.05078100040555,0.05078100040555,1219200
1999-10-18,0.05012999847531319,0.05078100040555,0.04947900027036667,0.04947900027036667,0.04947900027036667,979200
1999-10-19,0.05078100040555,0.05078100040555,0.048177000135183334,0.05012999847531319,0.05012999847531319,1862400
1999-10-20,0.04947900027036667,0.05012999847531319,0.04947900027036667,0.04947900027036667,0.04947900027036667,2611200
1999-10-21,0.04947900027036667,0.05078100040555,0.048177000135183334,0.048177000135183334,0.048177000135183334,6249600
1999-10-22,0.048177000135183334,0.05045599862933159,0.04752599820494652,0.048177000135183334,0.048177000135183334,1180800
1999-10-25,0.04785199835896492,0.048177000135183334,0.04752599820494652,0.04752599820494652,0.04752599820494652,2179200
1999-10-26,0.04752599820494652,0.04752599820494652,0.04296899959445,0.04427099972963333,0.04427099972963333,7392000
1999-10-27,0.04296899959445,0.045572999864816666,0.04296899959445,0.04427099972963333,0.04427099972963333,3772800
1999-10-28,0.04410799965262413,0.045572999864816666,0.04410799965262413,0.045572999864816666,0.045572999864816666,2448000
1999-10-29,0.045246999710798264,0.045572999864816666,0.04036499932408333,0.04231800138950348,0.04231800138950348,21052800
1999-11-01,0.04231800138950348,0.045572999864816666,0.04166699945926666,0.04231800138950348,0.04231800138950348,20304000
1999-11-02,0.04362000152468681,0.04492200165987015,0.04231800138950348,0.04296899959445,0.04296899959445,13488000
1999-11-03,0.04427099972963333,0.04492200165987015,0.04166699945926666,0.04166699945926666,0.04166699945926666,15628800
1999-11-04,0.04166699945926666,0.04427099972963333,0.04166699945926666,0.04362000152468681,0.04362000152468681,3763200
1999-11-05,0.04329400137066841,0.04427099972963333,0.04296899959445,0.04427099972963333,0.04427099972963333,633600
1999-11-08,0.04362000152468681,0.04394499957561493,0.04296899959445,0.04362000152468681,0.04362000152468681,1488000
1999-11-09,0.04362000152468681,0.04362000152468681,0.04166699945926666,0.04231800138950348,0.04231800138950348,6508800
1999-11-10,0.04231800138950348,0.04296899959445,0.04036499932408333,0.04296899959445,0.04296899959445,7795200
1999-11-11,0.04296899959445,0.04296899959445,0.041016001254320145,0.041016001254320145,0.041016001254320145,11337600
1999-11-12,0.041016001254320145,0.04427099972963333,0.041016001254320145,0.04231800138950348,0.04231800138950348,4819200
1999-11-15,0.04231800138950348,0.04231800138950348,0.04166699945926666,0.04231800138950348,0.04231800138950348,5040000
1999-11-16,0.04199200123548508,0.04362000152468681,0.04166699945926666,0.04231800138950348,0.04231800138950348,8294400
1999-11-17,0.042479999363422394,0.04296899959445,0.04166699945926666,0.04166699945926666,0.04166699945926666,4492800
1999-11-18,0.04199200123548508,0.04329400137066841,0.04166699945926666,0.04329400137066841,0.04329400137066841,6643200
1999-11-19,0.0431319996714592,0.04427099972963333,0.04296899959445,0.04296899959445,0.04296899959445,3840000
1999-11-22,0.04362000152468681,0.04752599820494652,0.04296899959445,0.04752599820494652,0.04752599820494652,8476800
1999-11-23,0.046875,0.04947900027036667,0.046875,0.046875,0.046875,5404800
1999-11-24,0.04882799834012985,0.04882799834012985,0.045572999864816666,0.045572999864816666,0.045572999864816666,5308800
1999-11-26,0.048177000135183334,0.048177000135183334,0.045572999864816666,0.046875,0.046875,806400
1999-11-29,0.046875,0.048177000135183334,0.045572999864816666,0.048177000135183334,0.048177000135183334,5001600
1999-11-30,0.048177000135183334,0.04947900027036667,0.04492200165987015,0.045572999864816666,0.045572999864816666,6652800
1999-12-01,0.04492200165987015,0.048177000135183334,0.04492200165987015,0.04492200165987015,0.04492200165987015,4137600
1999-12-02,0.04492200165987015,0.048177000135183334,0.04492200165987015,0.04752599820494652,0.04752599820494652,7094400
1999-12-03,0.04752599820494652,0.04882799834012985,0.046875,0.048177000135183334,0.048177000135183334,5136000
1999-12-06,0.04752599820494652,0.04882799834012985,0.046875,0.046875,0.046875,3302400
1999-12-07,0.046875,0.04882799834012985,0.04622400179505348,0.046875,0.046875,3628800
1999-12-08,0.04622400179505348,0.046875,0.045572999864816666,0.045572999864816666,0.045572999864816666,2323200
1999-12-09,0.04622400179505348,0.046875,0.045572999864816666,0.04622400179505348,0.04622400179505348,4416000
1999-12-10,0.04589800164103508,0.04622400179505348,0.045572999864816666,0.045572999864816666,0.045572999864816666,1430400
1999-12-13,0.04622400179505348,0.04752599820494652,0.045572999864816666,0.046875,0.046875,3475200
1999-12-14,0.0472010001540184,0.04752599820494652,0.045572999864816666,0.045572999864816666,0.045572999864816666,2064000
1999-12-15,0.04752599820494652,0.04752599820494652,0.045572999864816666,0.04622400179505348,0.04622400179505348,902400
1999-12-16,0.04622400179505348,0.04622400179505348,0.045572999864816666,0.04622400179505348,0.04622400179505348,1804800
1999-12-17,0.045572999864816666,0.046875,0.04427099972963333,0.04622400179505348,0.04622400179505348,2899200
1999-12-20,0.04622400179505348,0.04752599820494652,0.04427099972963333,0.045572999864816666,0.045572999864816666,5846400
1999-12-21,0.045246999710798264,0.04622400179505348,0.04427099972963333,0.045246999710798264,0.045246999710798264,1238400
1999-12-22,0.045246999710798264,0.046875,0.04492200165987015,0.04622400179505348,0.04622400179505348,1785600
1999-12-23,0.046875,0.046875,0.04427099972963333,0.046875,0.046875,3484800
1999-12-27,0.04296899959445,0.045572999864816666,0.04166699945926666,0.045572999864816666,0.045572999864816666,6902400
1999-12-28,0.04427099972963333,0.045572999864816666,0.04362000152468681,0.04427099972963333,0.04427099972963333,3043200
1999-12-29,0.044596001505851746,0.045572999864816666,0.04296899959445,0.04427099972963333,0.04427099972963333,4896000
1999-12-30,0.04492200165987015,0.045572999864816666,0.04231800138950348,0.04427099972963333,0.04427099972963333,3868800
1999-12-31,0.04427099972963333,0.045572999864816666,0.04296899959445,0.04492200165987015,0.04492200165987015,2640000
2000-01-03,0.044596001505851746,0.046875,0.04362000152468681,0.04492200165987015,0.04492200165987015,1171200
2000-01-04,0.04492200165987015,0.045572999864816666,0.04296899959445,0.04296899959445,0.04296899959445,2438400
2000-01-05,0.04427099972963333,0.045572999864816666,0.04296899959445,0.04296899959445,0.04296899959445,1430400
2000-01-06,0.04329400137066841,0.04427099972963333,0.04296899959445,0.04427099972963333,0.04427099972963333,2400000
2000-01-07,0.04329400137066841,0.046875,0.04296899959445,0.04329400137066841,0.04329400137066841,5251200
2000-01-10,0.04394499957561493,0.04427099972963333,0.04329400137066841,0.04362000152468681,0.04362000152468681,6307200
2000-01-11,0.04492200165987015,0.045572999864816666,0.04329400137066841,0.045572999864816666,0.045572999864816666,6038400
2000-01-12,0.044596001505851746,0.045572999864816666,0.04329400137066841,0.04362000152468681,0.04362000152468681,2745600
2000-01-13,0.04427099972963333,0.045572999864816666,0.04362000152468681,0.04362000152468681,0.04362000152468681,3590400
2000-01-14,0.04427099972963333,0.045572999864816666,0.04362000152468681,0.04492200165987015,0.04492200165987015,2140800
2000-01-18,0.045572999864816666,0.045572999864816666,0.04427099972963333,0.045572999864816666,0.045572999864816666,3139200
2000-01-19,0.04427099972963333,0.045572999864816666,0.04427099972963333,0.04427099972963333,0.04427099972963333,700800
2000-01-20,0.04475900158286095,0.045246999710798264,0.04427099972963333,0.045246999710798264,0.045246999710798264,2198400
2000-01-21,0.04492200165987015,0.045572999864816666,0.04427099972963333,0.04427099972963333,0.04427099972963333,1132800
2000-01-24,0.045246999710798264,0.045572999864816666,0.04427099972963333,0.04427099972963333,0.04427099972963333,3225600
2000-01-25,0.045246999710798264,0.04622400179505348,0.04492200165987015,0.045572999864816666,0.045572999864816666,4444800
2000-01-26,0.04622400179505348,0.048177000135183334,0.04492200165987015,0.04752599820494652,0.04752599820494652,7276800
2000-01-27,0.047363001853227615,0.04785199835896492,0.04492200165987015,0.04492200165987015,0.04492200165987015,4483200
2000-01-28,0.045572999864816666,0.04622400179505348,0.04492200165987015,0.045572999864816666,0.045572999864816666,1008000
2000-01-31,0.045572999864816666,0.046875,0.04492200165987015,0.046875,0.046875,6585600
2000-02-01,0.04622400179505348,0.046875,0.045572999864816666,0.04622400179505348,0.04622400179505348,1910400
2000-02-02,0.046875,0.046875,0.045572999864816666,0.0465489998459816,0.0465489998459816,2678400
2000-02-03,0.0465489998459816,0.046875,0.04492200165987015,0.045572999864816666,0.045572999864816666,6691200
2000-02-04,0.04622400179505348,0.046875,0.044596001505851746,0.045572999864816666,0.045572999864816666,2774400
2000-02-07,0.0465489998459816,0.04752599820494652,0.04492200165987015,0.046875,0.046875,3456000
2000-02-08,0.046386998146772385,0.046386998146772385,0.044596001505851746,0.045246999710798264,0.045246999710798264,2265600
2000-02-09,0.045246999710798264,0.045572999864816666,0.044596001505851746,0.045572999864816666,0.045572999864816666,3091200
2000-02-10,0.044596001505851746,0.045572999864816666,0.04427099972963333,0.04427099972963333,0.04427099972963333,2659200
2000-02-11,0.04427099972963333,0.045572999864816666,0.04427099972963333,0.04492200165987015,0.04492200165987015,1516800
2000-02-14,0.04475900158286095,0.04492200165987015,0.04427099972963333,0.04427099972963333,0.04427099972963333,2889600
2000-02-15,0.04427099972963333,0.045572999864816666,0.04427099972963333,0.04427099972963333,0.04427099972963333,835200
2000-02-16,0.04427099972963333,0.04492200165987015,0.04427099972963333,0.04427099972963333,0.04427099972963333,2025600
2000-02-17,0.04427099972963333,0.04492200165987015,0.04296899959445,0.04492200165987015,0.04492200165987015,3475200
2000-02-18,0.04296899959445,0.04492200165987015,0.042642999440431595,0.042642999440431595,0.042642999440431595,2064000
2000-02-22,0.04329400137066841,0.04427099972963333,0.04166699945926666,0.04166699945926666,0.04166699945926666,1449600
2000-02-23,0.04427099972963333,0.04427099972963333,0.04166699945926666,0.04296899959445,0.04296899959445,1872000
2000-02-24,0.04394499957561493,0.04427099972963333,0.04199200123548508,0.04427099972963333,0.04427099972963333,2688000
2000-02-25,0.045246999710798264,0.045572999864816666,0.04427099972963333,0.044596001505851746,0.044596001505851746,2246400
2000-02-28,0.04492200165987015,0.04492200165987015,0.04296899959445,0.04492200165987015,0.04492200165987015,4348800
2000-02-29,0.04394499957561493,0.04427099972963333,0.04199200123548508,0.04362000152468681,0.04362000152468681,5241600
2000-03-01,0.04394499957561493,0.04427099972963333,0.04231800138950348,0.04362000152468681,0.04362000152468681,4512000
2000-03-02,0.04329400137066841,0.04362000152468681,0.04296899959445,0.04296899959445,0.04296899959445,1881600
2000-03-03,0.04362000152468681,0.04427099972963333,0.04166699945926666,0.04296899959445,0.04296899959445,6201600
2000-03-06,0.04362000152468681,0.04492200165987015,0.04231800138950348,0.04362000152468681,0.04362000152468681,8630400
2000-03-07,0.04362000152468681,0.04427099972963333,0.04296899959445,0.04427099972963333,0.04427099972963333,2073600
2000-03-08,0.04362000152468681,0.04394499957561493,0.04231800138950348,0.04362000152468681,0.04362000152468681,2188800
2000-03-09,0.04394499957561493,0.04427099972963333,0.04231800138950348,0.04231800138950348,0.04231800138950348,4435200
2000-03-10,0.04362000152468681,0.04492200165987015,0.04296899959445,0.04427099972963333,0.04427099972963333,5452800
2000-03-13,0.04427099972963333,0.04492200165987015,0.04296899959445,0.04296899959445,0.04296899959445,6585600
2000-03-14,0.04394499957561493,0.04492200165987015,0.04296899959445,0.04362000152468681,0.04362000152468681,2726400
2000-03-15,0.04427099972963333,0.04492200165987015,0.04296899959445,0.04427099972963333,0.04427099972963333,2361600
2000-03-16,0.04394499957561493,0.04492200165987015,0.04296899959445,0.04362000152468681,0.04362000152468681,3552000
2000-03-17,0.04362000152468681,0.045572999864816666,0.04296899959445,0.04394499957561493,0.04394499957561493,3897600
2000-03-20,0.04427099972963333,0.04427099972963333,0.04362000152468681,0.04427099972963333,0.04427099972963333,3916800
2000-03-21,0.04492200165987015,0.045572999864816666,0.04394499957561493,0.04394499957561493,0.04394499957561493,1046400
2000-03-22,0.04492200165987015,0.04492200165987015,0.04362000152468681,0.04427099972963333,0.04427099972963333,2361600
2000-03-23,0.04427099972963333,0.04492200165987015,0.04362000152468681,0.04427099972963333,0.04427099972963333,1699200
2000-03-24,0.04427099972963333,0.045572999864816666,0.04362000152468681,0.04492200165987015,0.04492200165987015,3398400
2000-03-27,0.044596001505851746,0.04492200165987015,0.04362000152468681,0.04427099972963333,0.04427099972963333,2428800
2000-03-28,0.04492200165987015,0.045572999864816666,0.04394499957561493,0.04394499957561493,0.04394499957561493,2284800
2000-03-29,0.04394499957561493,0.045572999864816666,0.04362000152468681,0.045572999864816666,0.045572999864816666,4963200
2000-03-30,0.04492200165987015,0.046875,0.04492200165987015,0.04622400179505348,0.04622400179505348,3667200
2000-03-31,0.045572999864816666,0.046875,0.04427099972963333,0.046875,0.046875,4435200
2000-04-03,0.045572999864816666,0.046875,0.045572999864816666,0.04622400179505348,0.04622400179505348,2860800
2000-04-04,0.046875,0.046875,0.04492200165987015,0.04492200165987015,0.04492200165987015,2390400
2000-04-05,0.04589800164103508,0.046875,0.04427099972963333,0.046875,0.046875,1612800
2000-04-06,0.04589800164103508,0.046875,0.04362000152468681,0.04622400179505348,0.04622400179505348,1382400
2000-04-07,0.04622400179505348,0.046875,0.04427099972963333,0.04427099972963333,0.04427099972963333,2956800
2000-04-10,0.045246999710798264,0.04622400179505348,0.04427099972963333,0.045572999864816666,0.045572999864816666,1440000
2000-04-11,0.04622400179505348,0.046875,0.04427099972963333,0.045572999864816666,0.045572999864816666,3350400
2000-04-12,0.04589800164103508,0.04622400179505348,0.04427099972963333,0.04622400179505348,0.04622400179505348,1536000
2000-04-13,0.045572999864816666,0.04752599820494652,0.04492200165987015,0.04622400179505348,0.04622400179505348,3878400
2000-04-14,0.04622400179505348,0.046875,0.045572999864816666,0.045572999864816666,0.045572999864816666,8102400
2000-04-17,0.04622400179505348,0.046875,0.04296899959445,0.045572999864816666,0.045572999864816666,12691200
2000-04-18,0.04622400179505348,0.046875,0.04427099972963333,0.04622400179505348,0.04622400179505348,2150400
2000-04-19,0.046875,0.046875,0.04427099972963333,0.04427099972963333,0.04427099972963333,2160000
2000-04-20,0.046875,0.046875,0.04492200165987015,0.046875,0.046875,787200
2000-04-24,0.046875,0.046875,0.045572999864816666,0.045572999864816666,0.045572999864816666,1497600
2000-04-25,0.046875,0.046875,0.045572999864816666,0.04622400179505348,0.04622400179505348,4569600
2000-04-26,0.0465489998459816,0.046875,0.04622400179505348,0.046875,0.046875,1363200
2000-04-27,0.046875,0.046875,0.04622400179505348,0.0465489998459816,0.0465489998459816,892800
2000-04-28,0.0467119999229908,0.046875,0.04622400179505348,0.0465489998459816,0.0465489998459816,4320000
2000-05-01,0.046875,0.046875,0.04622400179505348,0.046875,0.046875,2102400
2000-05-02,0.04622400179505348,0.046875,0.045572999864816666,0.046875,0.046875,1305600
2000-05-03,0.046875,0.0472010001540184,0.045572999864816666,0.045572999864816666,0.045572999864816666,1027200
2000-05-04,0.0465489998459816,0.0465489998459816,0.04492200165987015,0.04622400179505348,0.04622400179505348,748800
2000-05-05,0.04589800164103508,0.046875,0.04492200165987015,0.046875,0.046875,3715200
2000-05-08,0.046875,0.046875,0.04492200165987015,0.046875,0.046875,854400
2000-05-09,0.04492200165987015,0.046875,0.04199200123548508,0.04199200123548508,0.04199200123548508,4339200
2000-05-10,0.04427099972963333,0.045572999864816666,0.04166699945926666,0.04296899959445,0.04296899959445,1622400
2000-05-11,0.04492200165987015,0.04492200165987015,0.04296899959445,0.04296899959445,0.04296899959445,422400
2000-05-12,0.04427099972963333,0.045572999864816666,0.04296899959445,0.045572999864816666,0.045572999864816666,2697600
2000-05-15,0.04166699945926666,0.04296899959445,0.037108998745679855,0.041016001254320145,0.041016001254320145,16502400
2000-05-16,0.03971400111913681,0.041016001254320145,0.03776000067591667,0.039062999188899994,0.039062999188899994,4128000
2000-05-17,0.03841099888086319,0.04036499932408333,0.03776000067591667,0.03971400111913681,0.03971400111913681,1795200
2000-05-18,0.03971400111913681,0.04036499932408333,0.039062999188899994,0.040038999170064926,0.040038999170064926,1065600
2000-05-19,0.039062999188899994,0.03938800096511841,0.03841099888086319,0.03841099888086319,0.03841099888086319,2985600
2000-05-22,0.039062999188899994,0.039062999188899994,0.03776000067591667,0.03776000067591667,0.03776000067591667,2275200
2000-05-23,0.039062999188899994,0.04036499932408333,0.037108998745679855,0.037108998745679855,0.037108998745679855,1603200
2000-05-24,0.037108998745679855,0.03841099888086319,0.03645800054073334,0.03645800054073334,0.03645800054073334,4320000
2000-05-25,0.03645800054073334,0.03841099888086319,0.03580699861049652,0.03645800054073334,0.03645800054073334,1804800
2000-05-26,0.035482000559568405,0.03776000067591667,0.035319000482559204,0.035482000559568405,0.035482000559568405,2448000
2000-05-30,0.037108998745679855,0.04427099972963333,0.03645800054073334,0.04427099972963333,0.04427099972963333,5184000
2000-05-31,0.039062999188899994,0.0465489998459816,0.03645800054073334,0.04492200165987015,0.04492200165987015,9340800
2000-06-01,0.04296899959445,0.045572999864816666,0.04296899959445,0.04296899959445,0.04296899959445,5980800
2000-06-02,0.04492200165987015,0.045572999864816666,0.04296899959445,0.04362000152468681,0.04362000152468681,2668800
2000-06-05,0.04296899959445,0.04362000152468681,0.04166699945926666,0.04199200123548508,0.04199200123548508,2947200
2000-06-06,0.04231800138950348,0.04231800138950348,0.04166699945926666,0.04231800138950348,0.04231800138950348,1046400
2000-06-07,0.04166699945926666,0.04231800138950348,0.04166699945926666,0.04166699945926666,0.04166699945926666,1046400
2000-06-08,0.04166699945926666,0.04296899959445,0.04166699945926666,0.04166699945926666,0.04166699945926666,1171200
2000-06-09,0.04166699945926666,0.04231800138950348,0.04166699945926666,0.04166699945926666,0.04166699945926666,739200
2000-06-12,0.042642999440431595,0.04362000152468681,0.04166699945926666,0.04362000152468681,0.04362000152468681,8601600
2000-06-13,0.04362000152468681,0.04492200165987015,0.04296899959445,0.04427099972963333,0.04427099972963333,2025600
2000-06-14,0.04492200165987015,0.045572999864816666,0.04296899959445,0.04492200165987015,0.04492200165987015,1209600
2000-06-15,0.04394499957561493,0.045572999864816666,0.04296899959445,0.04492200165987015,0.04492200165987015,950400
2000-06-16,0.04492200165987015,0.04622400179505348,0.04427099972963333,0.045572999864816666,0.045572999864816666,1171200
2000-06-19,0.04329400137066841,0.04362000152468681,0.04231800138950348,0.04362000152468681,0.04362000152468681,4656000
2000-06-20,0.04296899959445,0.04362000152468681,0.04166699945926666,0.04296899959445,0.04296899959445,1968000
2000-06-21,0.04362000152468681,0.04362000152468681,0.04166699945926666,0.04296899959445,0.04296899959445,624000
2000-06-22,0.04362000152468681,0.04410799965262413,0.04296899959445,0.04296899959445,0.04296899959445,691200
2000-06-23,0.04362000152468681,0.04427099972963333,0.04296899959445,0.04362000152468681,0.04362000152468681,1718400
2000-06-26,0.04427099972963333,0.04427099972963333,0.04296899959445,0.04296899959445,0.04296899959445,2102400
2000-06-27,0.04296899959445,0.04362000152468681,0.04166699945926666,0.04362000152468681,0.04362000152468681,1248000
2000-06-28,0.04362000152468681,0.04427099972963333,0.04296899959445,0.04296899959445,0.04296899959445,1968000
2000-06-29,0.04362000152468681,0.04427099972963333,0.04296899959445,0.0431319996714592,0.0431319996714592,230400
2000-06-30,0.04362000152468681,0.04427099972963333,0.04296899959445,0.04296899959445,0.04296899959445,1305600
2000-07-03,0.04362000152468681,0.045572999864816666,0.04296899959445,0.045572999864816666,0.045572999864816666,1603200
2000-07-05,0.04296899959445,0.04427099972963333,0.04296899959445,0.04296899959445,0.04296899959445,4924800
2000-07-06,0.0431319996714592,0.04427099972963333,0.04296899959445,0.04296899959445,0.04296899959445,278400
2000-07-07,0.045572999864816666,0.0472010001540184,0.04427099972963333,0.04427099972963333,0.04427099972963333,5769600
2000-07-10,0.046875,0.046875,0.04427099972963333,0.046875,0.046875,1459200
2000-07-11,0.04394499957561493,0.045572999864816666,0.04296899959445,0.04492200165987015,0.04492200165987015,1881600
2000-07-12,0.04622400179505348,0.046875,0.044596001505851746,0.04492200165987015,0.04492200165987015,1996800
2000-07-13,0.0465489998459816,0.04752599820494652,0.04622400179505348,0.04622400179505348,0.04622400179505348,7737600
2000-07-14,0.0465489998459816,0.0472010001540184,0.045572999864816666,0.04622400179505348,0.04622400179505348,1430400
2000-07-17,0.04622400179505348,0.046875,0.04492200165987015,0.046875,0.046875,4080000
2000-07-18,0.045572999864816666,0.04752599820494652,0.045572999864816666,0.046875,0.046875,2620800
2000-07-19,0.045572999864816666,0.046875,0.045572999864816666,0.046875,0.046875,1728000
2000-07-20,0.045572999864816666,0.0472010001540184,0.045572999864816666,0.046875,0.046875,1257600
2000-07-21,0.0472010001540184,0.04752599820494652,0.046875,0.046875,0.046875,1536000
2000-07-24,0.0472010001540184,0.04752599820494652,0.0472010001540184,0.0472010001540184,0.0472010001540184,1008000
2000-07-25,0.048177000135183334,0.04947900027036667,0.04752599820494652,0.04752599820494652,0.04752599820494652,2112000
2000-07-26,0.04752599820494652,0.04752599820494652,0.046875,0.046875,0.046875,556800
2000-07-27,0.04752599820494652,0.04752599820494652,0.04622400179505348,0.046875,0.046875,710400
2000-07-28,0.0465489998459816,0.0470380000770092,0.0465489998459816,0.046875,0.046875,1382400
2000-07-31,0.046875,0.046875,0.04622400179505348,0.046875,0.046875,2265600
2000-08-01,0.04752599820494652,0.04752599820494652,0.04622400179505348,0.046875,0.046875,1708800
2000-08-02,0.046875,0.046875,0.04622400179505348,0.04622400179505348,0.04622400179505348,1190400
2000-08-03,0.045572999864816666,0.046875,0.045572999864816666,0.046875,0.046875,1824000
2000-08-04,0.04622400179505348,0.04752599820494652,0.045572999864816666,0.046875,0.046875,2582400
2000-08-07,0.04622400179505348,0.04947900027036667,0.04622400179505348,0.048177000135183334,0.048177000135183334,4320000
2000-08-08,0.04752599820494652,0.04947900027036667,0.04752599820494652,0.048177000135183334,0.048177000135183334,4099200
2000-08-09,0.048177000135183334,0.05012999847531319,0.048177000135183334,0.048177000135183334,0.048177000135183334,5692800
2000-08-10,0.048177000135183334,0.05208300054073334,0.048177000135183334,0.05208300054073334,0.05208300054073334,10195200
2000-08-11,0.05175799876451492,0.052733998745679855,0.04947900027036667,0.05078100040555,0.05078100040555,2937600
2000-08-14,0.051107000559568405,0.05143199861049652,0.05078100040555,0.05078100040555,0.05078100040555,2947200
2000-08-15,0.051920998841524124,0.05240900069475174,0.05078100040555,0.05208300054073334,0.05208300054073334,2284800
2000-08-16,0.052733998745679855,0.052733998745679855,0.05078100040555,0.05078100040555,0.05078100040555,2716800
2000-08-17,0.05078100040555,0.05143199861049652,0.05078100040555,0.05143199861049652,0.05143199861049652,1987200
2000-08-18,0.05208300054073334,0.05208300054073334,0.05078100040555,0.05208300054073334,0.05208300054073334,4224000
2000-08-21,0.052733998745679855,0.052733998745679855,0.05078100040555,0.05078100040555,0.05078100040555,4953600
2000-08-22,0.05143199861049652,0.05208300054073334,0.04947900027036667,0.04947900027036667,0.04947900027036667,1622400
2000-08-23,0.04947900027036667,0.05012999847531319,0.04947900027036667,0.05012999847531319,0.05012999847531319,1737600
2000-08-24,0.04947900027036667,0.05078100040555,0.04947900027036667,0.05078100040555,0.05078100040555,1488000
2000-08-25,0.05078100040555,0.05078100040555,0.05078100040555,0.05078100040555,0.05078100040555,278400
2000-08-28,0.05078100040555,0.05208300054073334,0.05078100040555,0.05143199861049652,0.05143199861049652,3408000
2000-08-29,0.05012999847531319,0.05208300054073334,0.04947900027036667,0.05208300054073334,0.05208300054073334,2198400
2000-08-30,0.05208300054073334,0.052733998745679855,0.05078100040555,0.052733998745679855,0.052733998745679855,4819200
2000-08-31,0.05078100040555,0.05403599888086319,0.05078100040555,0.05338500067591667,0.05338500067591667,6595200
2000-09-01,0.054687999188899994,0.05598999932408333,0.05338500067591667,0.054687999188899994,0.054687999188899994,5712000
2000-09-05,0.05533900111913681,0.05533900111913681,0.05338500067591667,0.054687999188899994,0.054687999188899994,4694400
2000-09-06,0.054687999188899994,0.05533900111913681,0.05338500067591667,0.05338500067591667,0.05338500067591667,1132800
2000-09-07,0.054687999188899994,0.05533900111913681,0.05338500067591667,0.05403599888086319,0.05403599888086319,1920000
2000-09-08,0.05501300096511841,0.056641001254320145,0.05338500067591667,0.05338500067591667,0.05338500067591667,2438400
2000-09-11,0.055663999170064926,0.05729199945926666,0.05403599888086319,0.05598999932408333,0.05598999932408333,3206400
2000-09-12,0.05729199945926666,0.05729199945926666,0.05598999932408333,0.056641001254320145,0.056641001254320145,1411200
2000-09-13,0.05598999932408333,0.05729199945926666,0.054687999188899994,0.056641001254320145,0.056641001254320145,2764800
2000-09-14,0.05598999932408333,0.05729199945926666,0.05598999932408333,0.056641001254320145,0.056641001254320145,768000
2000-09-15,0.05729199945926666,0.05794300138950348,0.056641001254320145,0.05729199945926666,0.05729199945926666,2812800
2000-09-18,0.05794300138950348,0.05794300138950348,0.05729199945926666,0.05729199945926666,0.05729199945926666,144000
2000-09-19,0.05729199945926666,0.0621739998459816,0.056641001254320145,0.061197999864816666,0.061197999864816666,1958400
2000-09-20,0.061197999864816666,0.0664059966802597,0.05989599972963333,0.06152300164103508,0.06152300164103508,8150400
2000-09-21,0.06184900179505348,0.06184900179505348,0.05859399959445,0.05989599972963333,0.05989599972963333,1545600
2000-09-22,0.06184900179505348,0.06184900179505348,0.05729199945926666,0.061197999864816666,0.061197999864816666,2246400
2000-09-25,0.05989599972963333,0.0625,0.05989599972963333,0.05989599972963333,0.05989599972963333,1641600
2000-09-26,0.05859399959445,0.061197999864816666,0.05859399959445,0.061197999864816666,0.061197999864816666,249600
2000-09-27,0.060221001505851746,0.0625,0.060221001505851746,0.061197999864816666,0.061197999864816666,3081600
2000-09-28,0.05989599972963333,0.061034999787807465,0.05729199945926666,0.05729199945926666,0.05729199945926666,1536000
2000-09-29,0.05794300138950348,0.05794300138950348,0.056641001254320145,0.056641001254320145,0.056641001254320145,1363200
2000-10-02,0.05696599930524826,0.05696599930524826,0.05403599888086319,0.05598999932408333,0.05598999932408333,835200
2000-10-03,0.05403599888086319,0.05403599888086319,0.052733998745679855,0.05403599888086319,0.05403599888086319,796800
2000-10-04,0.05338500067591667,0.054687999188899994,0.052733998745679855,0.05403599888086319,0.05403599888086319,1353600
2000-10-05,0.052733998745679855,0.054687999188899994,0.052733998745679855,0.05354800075292587,0.05354800075292587,1545600
2000-10-06,0.05403599888086319,0.05403599888086319,0.05338500067591667,0.05338500067591667,0.05338500067591667,2208000
2000-10-09,0.05354800075292587,0.05989599972963333,0.05338500067591667,0.054687999188899994,0.054687999188899994,2889600
2000-10-10,0.056641001254320145,0.05729199945926666,0.05338500067591667,0.054687999188899994,0.054687999188899994,1651200
2000-10-11,0.054687999188899994,0.05729199945926666,0.05338500067591667,0.054687999188899994,0.054687999188899994,1104000
2000-10-12,0.05501300096511841,0.05729199945926666,0.05338500067591667,0.05729199945926666,0.05729199945926666,1459200
2000-10-13,0.05403599888086319,0.05598999932408333,0.05338500067591667,0.054687999188899994,0.054687999188899994,931200
2000-10-16,0.054687999188899994,0.05598999932408333,0.05338500067591667,0.05598999932408333,0.05598999932408333,316800
2000-10-17,0.05598999932408333,0.05598999932408333,0.05598999932408333,0.05598999932408333,0.05598999932408333,240000
2000-10-18,0.05533900111913681,0.05533900111913681,0.05338500067591667,0.05338500067591667,0.05338500067591667,3398400
2000-10-19,0.05338500067591667,0.05338500067591667,0.05338500067591667,0.05338500067591667,0.05338500067591667,9600
2000-10-20,0.05208300054073334,0.05224600061774254,0.05078100040555,0.05208300054073334,0.05208300054073334,3283200
2000-10-23,0.05208300054073334,0.052733998745679855,0.05208300054073334,0.052733998745679855,0.052733998745679855,96000
2000-10-24,0.053874000906944275,0.053874000906944275,0.052733998745679855,0.05338500067591667,0.05338500067591667,1526400
2000-10-25,0.05208300054073334,0.05338500067591667,0.05143199861049652,0.05143199861049652,0.05143199861049652,441600
2000-10-26,0.05143199861049652,0.05208300054073334,0.05078100040555,0.05208300054073334,0.05208300054073334,844800
2000-10-27,0.05078100040555,0.05208300054073334,0.05078100040555,0.05078100040555,0.05078100040555,201600
2000-10-30,0.053711000829935074,0.05517600104212761,0.05208300054073334,0.05208300054073334,0.05208300054073334,2592000
2000-10-31,0.054687999188899994,0.05598999932408333,0.052733998745679855,0.05598999932408333,0.05598999932408333,3024000
2000-11-01,0.056478001177310944,0.056478001177310944,0.052733998745679855,0.05403599888086319,0.05403599888086319,1920000
2000-11-02,0.05533900111913681,0.05533900111913681,0.046875,0.046875,0.046875,4992000
2000-11-03,0.04785199835896492,0.04947900027036667,0.045572999864816666,0.048177000135183334,0.048177000135183334,2102400
2000-11-06,0.0472010001540184,0.04931600019335747,0.04622400179505348,0.04622400179505348,0.04622400179505348,3139200
2000-11-07,0.0472010001540184,0.048177000135183334,0.045572999864816666,0.045572999864816666,0.045572999864816666,5990400
2000-11-08,0.045572999864816666,0.04622400179505348,0.045572999864816666,0.04622400179505348,0.04622400179505348,220800
2000-11-09,0.045572999864816666,0.04947900027036667,0.045572999864816666,0.048177000135183334,0.048177000135183334,1344000
2000-11-10,0.04882799834012985,0.04947900027036667,0.048177000135183334,0.048177000135183334,0.048177000135183334,451200
2000-11-13,0.04768899828195572,0.04768899828195572,0.04427099972963333,0.04492200165987015,0.04492200165987015,2179200
2000-11-14,0.0465489998459816,0.0465489998459816,0.04427099972963333,0.045572999864816666,0.045572999864816666,614400
2000-11-15,0.04427099972963333,0.046875,0.04427099972963333,0.046875,0.046875,345600
2000-11-16,0.0467119999229908,0.0467119999229908,0.04492200165987015,0.045572999864816666,0.045572999864816666,5328000
2000-11-17,0.04589800164103508,0.04589800164103508,0.04492200165987015,0.04492200165987015,0.04492200165987015,768000
2000-11-20,0.045409999787807465,0.045572999864816666,0.04427099972963333,0.045572999864816666,0.045572999864816666,796800
2000-11-21,0.04573599994182587,0.04589800164103508,0.045572999864816666,0.045572999864816666,0.045572999864816666,403200
2000-11-22,0.045572999864816666,0.04589800164103508,0.045572999864816666,0.04589800164103508,0.04589800164103508,211200
2000-11-24,0.04589800164103508,0.04589800164103508,0.04589800164103508,0.04589800164103508,0.04589800164103508,0
2000-11-27,0.044596001505851746,0.045572999864816666,0.04296899959445,0.04427099972963333,0.04427099972963333,3504000
2000-11-28,0.04427099972963333,0.04427099972963333,0.04166699945926666,0.04166699945926666,0.04166699945926666,259200
2000-11-29,0.04166699945926666,0.04166699945926666,0.03971400111913681,0.04036499932408333,0.04036499932408333,5289600
2000-11-30,0.04036499932408333,0.04036499932408333,0.03580699861049652,0.03776000067591667,0.03776000067591667,1804800
2000-12-01,0.037271998822689056,0.039062999188899994,0.037108998745679855,0.03776000067591667,0.03776000067591667,969600
2000-12-04,0.03776000067591667,0.03776000067591667,0.03450499847531319,0.03515600040555,0.03515600040555,2524800
2000-12-05,0.03580699861049652,0.037108998745679855,0.03385400027036667,0.03385400027036667,0.03385400027036667,4089600
2000-12-06,0.03385400027036667,0.03645800054073334,0.03125,0.03645800054073334,0.03645800054073334,3504000
2000-12-07,0.03450499847531319,0.03645800054073334,0.03385400027036667,0.03645800054073334,0.03645800054073334,441600
2000-12-08,0.03385400027036667,0.03645800054073334,0.03385400027036667,0.03515600040555,0.03515600040555,950400
2000-12-11,0.03613299876451492,0.03776000067591667,0.03613299876451492,0.03776000067591667,0.03776000067591667,1238400
2000-12-12,0.03645800054073334,0.04166699945926666,0.03645800054073334,0.039062999188899994,0.039062999188899994,2188800
2000-12-13,0.04166699945926666,0.04166699945926666,0.039062999188899994,0.041016001254320145,0.041016001254320145,1238400
2000-12-14,0.03971400111913681,0.04166699945926666,0.03971400111913681,0.04036499932408333,0.04036499932408333,1699200
2000-12-15,0.03971400111913681,0.04166699945926666,0.039062999188899994,0.04036499932408333,0.04036499932408333,1113600
2000-12-18,0.04020199924707413,0.04036499932408333,0.039062999188899994,0.039062999188899994,0.039062999188899994,2496000
2000-12-19,0.039062999188899994,0.041016001254320145,0.039062999188899994,0.041016001254320145,0.041016001254320145,393600
2000-12-20,0.04166699945926666,0.04166699945926666,0.041016001254320145,0.041016001254320145,0.041016001254320145,1507200
2000-12-21,0.041016001254320145,0.04166699945926666,0.03971400111913681,0.041016001254320145,0.041016001254320145,1344000
2000-12-22,0.039062999188899994,0.03922500088810921,0.03580699861049652,0.037108998745679855,0.037108998745679855,2390400
2000-12-26,0.039062999188899994,0.039062999188899994,0.03645800054073334,0.03776000067591667,0.03776000067591667,902400
2000-12-27,0.03743499889969826,0.03971400111913681,0.03743499889969826,0.03938800096511841,0.03938800096511841,12988800
2000-12-28,0.03938800096511841,0.03938800096511841,0.03678400069475174,0.039062999188899994,0.039062999188899994,1622400
2000-12-29,0.039062999188899994,0.04036499932408333,0.039062999188899994,0.04036499932408333,0.04036499932408333,3484800
2001-01-02,0.03971400111913681,0.040038999170064926,0.03971400111913681,0.03971400111913681,0.03971400111913681,345600
2001-01-03,0.03922500088810921,0.04296899959445,0.03922500088810921,0.04231800138950348,0.04231800138950348,2908800
2001-01-04,0.04231800138950348,0.04362000152468681,0.04231800138950348,0.04231800138950348,0.04231800138950348,1027200
2001-01-05,0.04231800138950348,0.04231800138950348,0.04231800138950348,0.04231800138950348,0.04231800138950348,28800
2001-01-08,0.04231800138950348,0.04296899959445,0.04166699945926666,0.04166699945926666,0.04166699945926666,384000
2001-01-09,0.04166699945926666,0.04362000152468681,0.04166699945926666,0.04166699945926666,0.04166699945926666,240000
2001-01-10,0.041016001254320145,0.04296899959445,0.041016001254320145,0.04296899959445,0.04296899959445,748800
2001-01-11,0.04296899959445,0.04427099972963333,0.04166699945926666,0.04166699945926666,0.04166699945926666,643200
2001-01-12,0.04427099972963333,0.04427099972963333,0.04296899959445,0.04427099972963333,0.04427099972963333,1248000
2001-01-16,0.04362000152468681,0.04427099972963333,0.04296899959445,0.04362000152468681,0.04362000152468681,1603200
2001-01-17,0.04394499957561493,0.04492200165987015,0.04394499957561493,0.04427099972963333,0.04427099972963333,1123200
2001-01-18,0.04427099972963333,0.04492200165987015,0.04427099972963333,0.04492200165987015,0.04492200165987015,86400
2001-01-19,0.0431319996714592,0.0431319996714592,0.04296899959445,0.04296899959445,0.04296899959445,249600
2001-01-22,0.04296899959445,0.04296899959445,0.041016001254320145,0.04296899959445,0.04296899959445,240000
2001-01-23,0.04231800138950348,0.04296899959445,0.04166699945926666,0.04166699945926666,0.04166699945926666,2227200
2001-01-24,0.04231800138950348,0.04427099972963333,0.04231800138950348,0.04296899959445,0.04296899959445,998400
2001-01-25,0.04296899959445,0.04362000152468681,0.04166699945926666,0.04296899959445,0.04296899959445,1267200
2001-01-26,0.04166699945926666,0.04296899959445,0.04166699945926666,0.04166699945926666,0.04166699945926666,172800
2001-01-29,0.04166699945926666,0.04231800138950348,0.04166699945926666,0.04166699945926666,0.04166699945926666,3321600
2001-01-30,0.04036499932408333,0.04231800138950348,0.04036499932408333,0.04166699945926666,0.04166699945926666,1449600
2001-01-31,0.04166699945926666,0.04231800138950348,0.04166699945926666,0.04231800138950348,0.04231800138950348,86400
2001-02-01,0.04199200123548508,0.04231800138950348,0.041016001254320145,0.041016001254320145,0.041016001254320145,201600
2001-02-02,0.041016001254320145,0.041016001254320145,0.039062999188899994,0.04036499932408333,0.04036499932408333,3465600
2001-02-05,0.04150399938225746,0.04150399938225746,0.03971400111913681,0.04036499932408333,0.04036499932408333,835200
2001-02-06,0.040038999170064926,0.04036499932408333,0.039062999188899994,0.03971400111913681,0.03971400111913681,182400
2001-02-07,0.039062999188899994,0.04036499932408333,0.039062999188899994,0.039062999188899994,0.039062999188899994,355200
2001-02-08,0.039062999188899994,0.04036499932408333,0.039062999188899994,0.03971400111913681,0.03971400111913681,364800
2001-02-09,0.039062999188899994,0.04036499932408333,0.039062999188899994,0.03971400111913681,0.03971400111913681,614400
2001-02-12,0.04036499932408333,0.04036499932408333,0.039062999188899994,0.04036499932408333,0.04036499932408333,451200
2001-02-13,0.039062999188899994,0.039062999188899994,0.039062999188899994,0.039062999188899994,0.039062999188899994,1152000
2001-02-14,0.039062999188899994,0.039875999093055725,0.039062999188899994,0.039062999188899994,0.039062999188899994,3696000
2001-02-15,0.03955100104212761,0.04036499932408333,0.03955100104212761,0.03971400111913681,0.03971400111913681,672000
2001-02-16,0.03938800096511841,0.040853001177310944,0.03938800096511841,0.04036499932408333,0.04036499932408333,15667200
2001-02-20,0.04036499932408333,0.04296899959445,0.04036499932408333,0.04296899959445,0.04296899959445,1363200
2001-02-21,0.04296899959445,0.045572999864816666,0.04166699945926666,0.04166699945926666,0.04166699945926666,1862400
2001-02-22,0.04166699945926666,0.04231800138950348,0.041016001254320145,0.041016001254320145,0.041016001254320145,1324800
2001-02-23,0.04036499932408333,0.041016001254320145,0.04036499932408333,0.041016001254320145,0.041016001254320145,144000
2001-02-26,0.04036499932408333,0.04150399938225746,0.039062999188899994,0.039062999188899994,0.039062999188899994,3158400
2001-02-27,0.03873699903488159,0.03938800096511841,0.03841099888086319,0.039062999188899994,0.039062999188899994,39724800
2001-02-28,0.039062999188899994,0.04036499932408333,0.03645800054073334,0.037108998745679855,0.037108998745679855,24988800
2001-03-01,0.037108998745679855,0.039062999188899994,0.037108998745679855,0.039062999188899994,0.039062999188899994,912000
2001-03-02,0.037108998745679855,0.039062999188899994,0.037108998745679855,0.03776000067591667,0.03776000067591667,489600
2001-03-05,0.03841099888086319,0.03971400111913681,0.03776000067591667,0.03841099888086319,0.03841099888086319,1401600
2001-03-06,0.03971400111913681,0.03971400111913681,0.03776000067591667,0.03776000067591667,0.03776000067591667,1497600
2001-03-07,0.03776000067591667,0.03841099888086319,0.037108998745679855,0.03841099888086319,0.03841099888086319,6681600
2001-03-08,0.03776000067591667,0.03776000067591667,0.03776000067591667,0.03776000067591667,0.03776000067591667,115200
2001-03-09,0.03776000067591667,0.03841099888086319,0.03776000067591667,0.03776000067591667,0.03776000067591667,432000
2001-03-12,0.03759799897670746,0.03776000067591667,0.03759799897670746,0.03776000067591667,0.03776000067591667,412800
2001-03-13,0.03776000067591667,0.039062999188899994,0.03776000067591667,0.03776000067591667,0.03776000067591667,883200
2001-03-14,0.03776000067591667,0.03841099888086319,0.03776000067591667,0.03776000067591667,0.03776000067591667,422400
2001-03-15,0.03743499889969826,0.03841099888086319,0.03743499889969826,0.03776000067591667,0.03776000067591667,2390400
2001-03-16,0.03776000067591667,0.03841099888086319,0.03776000067591667,0.03776000067591667,0.03776000067591667,2832000
2001-03-19,0.03776000067591667,0.039062999188899994,0.03776000067591667,0.03776000067591667,0.03776000067591667,8515200
2001-03-20,0.03776000067591667,0.03971400111913681,0.03645800054073334,0.03645800054073334,0.03645800054073334,2899200
2001-03-21,0.038086000829935074,0.03955100104212761,0.03515600040555,0.03515600040555,0.03515600040555,2928000
2001-03-22,0.03645800054073334,0.03759799897670746,0.03450499847531319,0.03515600040555,0.03515600040555,1881600
2001-03-23,0.03580699861049652,0.03776000067591667,0.03580699861049652,0.03645800054073334,0.03645800054073334,883200
2001-03-26,0.03645800054073334,0.03645800054073334,0.03125,0.03385400027036667,0.03385400027036667,1612800
2001-03-27,0.034341998398303986,0.034341998398303986,0.032552000135183334,0.03385400027036667,0.03385400027036667,547200
2001-03-28,0.03385400027036667,0.03450499847531319,0.03385400027036667,0.03385400027036667,0.03385400027036667,2352000
2001-03-29,0.03385400027036667,0.037108998745679855,0.03385400027036667,0.03580699861049652,0.03580699861049652,787200
2001-03-30,0.03580699861049652,0.03580699861049652,0.03515600040555,0.03515600040555,0.03515600040555,422400
2001-04-02,0.03483099862933159,0.03483099862933159,0.03483099862933159,0.03483099862933159,0.03483099862933159,163200
2001-04-03,0.03450499847531319,0.03483099862933159,0.03418000042438507,0.03418000042438507,0.03418000042438507,182400
2001-04-04,0.03418000042438507,0.03580699861049652,0.03385400027036667,0.03385400027036667,0.03385400027036667,1219200
2001-04-05,0.03385400027036667,0.03385400027036667,0.03385400027036667,0.03385400027036667,0.03385400027036667,0
2001-04-06,0.03385400027036667,0.03450499847531319,0.03385400027036667,0.03450499847531319,0.03450499847531319,201600
2001-04-09,0.03385400027036667,0.03645800054073334,0.03385400027036667,0.036146000027656555,0.036146000027656555,211200
2001-04-10,0.03645800054073334,0.03947899863123894,0.03645800054073334,0.038332998752593994,0.038332998752593994,326400
2001-04-11,0.039374999701976776,0.0395830012857914,0.035937998443841934,0.035937998443841934,0.035937998443841934,1478400
2001-04-12,0.036146000027656555,0.03645800054073334,0.03437500074505806,0.03437500074505806,0.03437500074505806,1996800
2001-04-16,0.03718800097703934,0.03947899863123894,0.03385400027036667,0.03385400027036667,0.03385400027036667,489600
2001-04-17,0.03385400027036667,0.03395799919962883,0.03385400027036667,0.03385400027036667,0.03385400027036667,2054400
2001-04-18,0.03395799919962883,0.03437500074505806,0.03395799919962883,0.03437500074505806,0.03437500074505806,182400
2001-04-19,0.03385400027036667,0.03385400027036667,0.03385400027036667,0.03385400027036667,0.03385400027036667,115200
2001-04-20,0.03375000134110451,0.03437500074505806,0.03375000134110451,0.03385400027036667,0.03385400027036667,278400
2001-04-23,0.03395799919962883,0.03437500074505806,0.03385400027036667,0.03437500074505806,0.03437500074505806,249600
2001-04-24,0.03395799919962883,0.03437500074505806,0.03385400027036667,0.03385400027036667,0.03385400027036667,508800
2001-04-25,0.03385400027036667,0.03447899967432022,0.03385400027036667,0.03447899967432022,0.03447899967432022,67200
2001-04-26,0.03385400027036667,0.03520800173282623,0.03385400027036667,0.03447899967432022,0.03447899967432022,585600
2001-04-27,0.03447899967432022,0.03447899967432022,0.03385400027036667,0.03447899967432022,0.03447899967432022,1555200
2001-04-30,0.03395799919962883,0.03395799919962883,0.03395799919962883,0.03395799919962883,0.03395799919962883,96000
2001-05-01,0.03395799919962883,0.03395799919962883,0.03145800158381462,0.03145800158381462,0.03145800158381462,2208000
2001-05-02,0.032708000391721725,0.033229000866413116,0.03166700154542923,0.033229000866413116,0.033229000866413116,67200
2001-05-03,0.032917000353336334,0.03312499821186066,0.032917000353336334,0.03312499821186066,0.03312499821186066,240000
2001-05-04,0.03072899952530861,0.03281300142407417,0.026978999376296997,0.03187499940395355,0.03187499940395355,2467200
2001-05-07,0.03208300098776817,0.03208300098776817,0.029791999608278275,0.03072899952530861,0.03072899952530861,1353600
2001-05-08,0.030520999804139137,0.03114599920809269,0.028750000521540642,0.030520999804139137,0.030520999804139137,8774400
2001-05-09,0.030520999804139137,0.030520999804139137,0.029999999329447746,0.030520999804139137,0.030520999804139137,288000
2001-05-10,0.030208000913262367,0.030625000596046448,0.030208000913262367,0.030520999804139137,0.030520999804139137,1008000
2001-05-11,0.030520999804139137,0.03145800158381462,0.029999999329447746,0.03135399892926216,0.03135399892926216,1219200
2001-05-14,0.03166700154542923,0.03166700154542923,0.03125,0.03125,0.03125,3273600
2001-05-15,0.03083300031721592,0.03135399892926216,0.03083300031721592,0.03125,0.03125,451200
2001-05-16,0.030625000596046448,0.03333299979567528,0.030625000596046448,0.03187499940395355,0.03187499940395355,1008000
2001-05-17,0.03187499940395355,0.03187499940395355,0.03187499940395355,0.03187499940395355,0.03187499940395355,115200
2001-05-18,0.032708000391721725,0.03281300142407417,0.03187499940395355,0.03281300142407417,0.03281300142407417,115200
2001-05-21,0.032708000391721725,0.032708000391721725,0.03218799829483032,0.03218799829483032,0.03218799829483032,480000
2001-05-22,0.03239599987864494,0.032708000391721725,0.03125,0.03208300098776817,0.03208300098776817,1488000
2001-05-23,0.03208300098776817,0.032499998807907104,0.03166700154542923,0.032499998807907104,0.032499998807907104,739200
2001-05-24,0.03177100047469139,0.03229200094938278,0.03177100047469139,0.03177100047469139,0.03177100047469139,86400
2001-05-25,0.03177100047469139,0.032499998807907104,0.03177100047469139,0.03229200094938278,0.03229200094938278,403200
2001-05-29,0.03208300098776817,0.03229200094938278,0.03177100047469139,0.03177100047469139,0.03177100047469139,163200
2001-05-30,0.03177100047469139,0.03187499940395355,0.03177100047469139,0.03187499940395355,0.03187499940395355,259200
2001-05-31,0.03177100047469139,0.03208300098776817,0.03177100047469139,0.03208300098776817,0.03208300098776817,345600
2001-06-01,0.03208300098776817,0.03208300098776817,0.03208300098776817,0.03208300098776817,0.03208300098776817,0
2001-06-04,0.03208300098776817,0.03208300098776817,0.03208300098776817,0.03208300098776817,0.03208300098776817,144000
2001-06-05,0.03187499940395355,0.03187499940395355,0.03177100047469139,0.03177100047469139,0.03177100047469139,470400
2001-06-06,0.03177100047469139,0.03333299979567528,0.03177100047469139,0.03333299979567528,0.03333299979567528,652800
2001-06-07,0.033229000866413116,0.03385400027036667,0.03125,0.03385400027036667,0.03385400027036667,1843200
2001-06-08,0.03395799919962883,0.03437500074505806,0.03395799919962883,0.0342710018157959,0.0342710018157959,710400
2001-06-11,0.03385400027036667,0.03385400027036667,0.03208300098776817,0.03312499821186066,0.03312499821186066,700800
2001-06-12,0.03208300098776817,0.03333299979567528,0.03208300098776817,0.03333299979567528,0.03333299979567528,172800
2001-06-13,0.03239599987864494,0.03333299979567528,0.03177100047469139,0.03333299979567528,0.03333299979567528,336000
2001-06-14,0.03239599987864494,0.032604001462459564,0.03239599987864494,0.032604001462459564,0.032604001462459564,172800
2001-06-15,0.03281300142407417,0.03281300142407417,0.032708000391721725,0.032708000391721725,0.032708000391721725,432000
2001-06-18,0.032708000391721725,0.03281300142407417,0.03239599987864494,0.03239599987864494,0.03239599987864494,556800
2001-06-19,0.03239599987864494,0.03281300142407417,0.03239599987864494,0.03281300142407417,0.03281300142407417,249600
2001-06-20,0.03239599987864494,0.032917000353336334,0.03239599987864494,0.032917000353336334,0.032917000353336334,652800
2001-06-21,0.032917000353336334,0.03375000134110451,0.03281300142407417,0.03333299979567528,0.03333299979567528,1142400
2001-06-22,0.03281300142407417,0.032917000353336334,0.03281300142407417,0.032917000353336334,0.032917000353336334,240000
2001-06-25,0.032917000353336334,0.03385400027036667,0.03281300142407417,0.03333299979567528,0.03333299979567528,4252800
2001-06-26,0.03333299979567528,0.03385400027036667,0.03229200094938278,0.03229200094938278,0.03229200094938278,7382400
2001-06-27,0.03229200094938278,0.03437500074505806,0.03229200094938278,0.03333299979567528,0.03333299979567528,2035200
2001-06-28,0.03333299979567528,0.03385400027036667,0.03333299979567528,0.03385400027036667,0.03385400027036667,144000
2001-06-29,0.03447899967432022,0.03541700169444084,0.03385400027036667,0.03541700169444084,0.03541700169444084,643200
2001-07-02,0.03541700169444084,0.03708299994468689,0.03468799963593483,0.03708299994468689,0.03708299994468689,614400
2001-07-03,0.0372919999063015,0.03739599883556366,0.03645800054073334,0.03645800054073334,0.03645800054073334,163200
2001-07-05,0.0372919999063015,0.03822899982333183,0.03697900101542473,0.03750000149011612,0.03750000149011612,816000
2001-07-06,0.03750000149011612,0.03750000149011612,0.03750000149011612,0.03750000149011612,0.03750000149011612,480000
2001-07-09,0.036563001573085785,0.038332998752593994,0.036563001573085785,0.03802099823951721,0.03802099823951721,940800
2001-07-10,0.036563001573085785,0.03802099823951721,0.036249998956918716,0.03770799934864044,0.03770799934864044,614400
2001-07-11,0.036249998956918716,0.039271000772714615,0.036249998956918716,0.039271000772714615,0.039271000772714615,3225600
2001-07-12,0.04010400176048279,0.04020800068974495,0.039687998592853546,0.039792001247406006,0.039792001247406006,1161600
2001-07-13,0.039792001247406006,0.04020800068974495,0.039062999188899994,0.0395830012857914,0.0395830012857914,691200
2001-07-16,0.0395830012857914,0.04010400176048279,0.039062999188899994,0.0395830012857914,0.0395830012857914,1468800
2001-07-17,0.04010400176048279,0.04010400176048279,0.0395830012857914,0.0395830012857914,0.0395830012857914,374400
2001-07-18,0.04010400176048279,0.04010400176048279,0.039062999188899994,0.03947899863123894,0.03947899863123894,1401600
2001-07-19,0.0395830012857914,0.0395830012857914,0.03947899863123894,0.03947899863123894,0.03947899863123894,345600
2001-07-20,0.03947899863123894,0.04020800068974495,0.03947899863123894,0.039792001247406006,0.039792001247406006,2179200
2001-07-23,0.0403130017220974,0.04062499850988388,0.04010400176048279,0.04062499850988388,0.04062499850988388,787200
2001-07-24,0.04020800068974495,0.04062499850988388,0.04010400176048279,0.04062499850988388,0.04062499850988388,691200
2001-07-25,0.04010400176048279,0.04062499850988388,0.03999999910593033,0.04062499850988388,0.04062499850988388,681600
2001-07-26,0.03989600017666817,0.03989600017666817,0.03989600017666817,0.03989600017666817,0.03989600017666817,48000
2001-07-27,0.0395830012857914,0.04041700065135956,0.0395830012857914,0.04010400176048279,0.04010400176048279,528000
2001-07-30,0.04041700065135956,0.04041700065135956,0.0395830012857914,0.04020800068974495,0.04020800068974495,902400
2001-07-31,0.04020800068974495,0.04020800068974495,0.039687998592853546,0.04010400176048279,0.04010400176048279,912000
2001-08-01,0.04010400176048279,0.04041700065135956,0.04010400176048279,0.0403130017220974,0.0403130017220974,393600
2001-08-02,0.04041700065135956,0.04125000163912773,0.04010400176048279,0.0408330000936985,0.0408330000936985,1257600
2001-08-03,0.04072900116443634,0.041457999497652054,0.04062499850988388,0.041457999497652054,0.041457999497652054,691200
2001-08-06,0.039167001843452454,0.041457999497652054,0.039167001843452454,0.04010400176048279,0.04010400176048279,1180800
2001-08-07,0.04020800068974495,0.04114599898457527,0.039062999188899994,0.04062499850988388,0.04062499850988388,1622400
2001-08-08,0.039062999188899994,0.04010400176048279,0.039062999188899994,0.0395830012857914,0.0395830012857914,422400
2001-08-09,0.039687998592853546,0.04114599898457527,0.0395830012857914,0.04093800112605095,0.04093800112605095,3888000
2001-08-10,0.04104200005531311,0.04166699945926666,0.04041700065135956,0.04052099958062172,0.04052099958062172,1833600
2001-08-13,0.04104200005531311,0.04114599898457527,0.04010400176048279,0.04093800112605095,0.04093800112605095,912000
2001-08-14,0.04072900116443634,0.04114599898457527,0.04052099958062172,0.04062499850988388,0.04062499850988388,1219200
2001-08-15,0.04062499850988388,0.04062499850988388,0.04010400176048279,0.04010400176048279,0.04010400176048279,182400
2001-08-16,0.04020800068974495,0.04062499850988388,0.04010400176048279,0.04062499850988388,0.04062499850988388,336000
2001-08-17,0.04041700065135956,0.041457999497652054,0.04020800068974495,0.04135400056838989,0.04135400056838989,1814400
2001-08-20,0.04135400056838989,0.04135400056838989,0.04135400056838989,0.04135400056838989,0.04135400056838989,0
2001-08-21,0.04072900116443634,0.0408330000936985,0.04062499850988388,0.0408330000936985,0.0408330000936985,307200
2001-08-22,0.0408330000936985,0.04114599898457527,0.0408330000936985,0.04114599898457527,0.04114599898457527,172800
2001-08-23,0.04062499850988388,0.04062499850988388,0.04062499850988388,0.04062499850988388,0.04062499850988388,480000
2001-08-24,0.04062499850988388,0.04062499850988388,0.04062499850988388,0.04062499850988388,0.04062499850988388,0
2001-08-27,0.04093800112605095,0.04093800112605095,0.04010400176048279,0.04010400176048279,0.04010400176048279,144000
2001-08-28,0.04010400176048279,0.041457999497652054,0.0395830012857914,0.0395830012857914,0.0395830012857914,825600
2001-08-29,0.0395830012857914,0.0395830012857914,0.0395830012857914,0.0395830012857914,0.0395830012857914,76800
2001-08-30,0.0395830012857914,0.039687998592853546,0.0395830012857914,0.039687998592853546,0.039687998592853546,220800
2001-08-31,0.0395830012857914,0.04041700065135956,0.0395830012857914,0.04041700065135956,0.04041700065135956,1968000
2001-09-04,0.04093800112605095,0.04114599898457527,0.039062999188899994,0.039062999188899994,0.039062999188899994,76800
2001-09-05,0.039062999188899994,0.04114599898457527,0.039062999188899994,0.04114599898457527,0.04114599898457527,691200
2001-09-06,0.04010400176048279,0.04114599898457527,0.04010400176048279,0.04114599898457527,0.04114599898457527,2140800
2001-09-07,0.0395830012857914,0.0395830012857914,0.0395830012857914,0.0395830012857914,0.0395830012857914,28800
2001-09-10,0.0395830012857914,0.04062499850988388,0.0395830012857914,0.04062499850988388,0.04062499850988388,556800
2001-09-17,0.04062499850988388,0.04062499850988388,0.03645800054073334,0.039167001843452454,0.039167001843452454,662400
2001-09-18,0.04010400176048279,0.04010400176048279,0.03812500089406967,0.03812500089406967,0.03812500089406967,585600
2001-09-19,0.03822899982333183,0.03822899982333183,0.029582999646663666,0.03500000014901161,0.03500000014901161,2764800
2001-09-20,0.03333299979567528,0.035624999552965164,0.03333299979567528,0.035624999552965164,0.035624999552965164,412800
2001-09-21,0.033541999757289886,0.03645800054073334,0.033438000828027725,0.03500000014901161,0.03500000014901161,451200
2001-09-24,0.036249998956918716,0.03697900101542473,0.03489600121974945,0.03645800054073334,0.03645800054073334,460800
2001-09-25,0.03541700169444084,0.035521000623703,0.03541700169444084,0.035521000623703,0.035521000623703,144000
2001-09-26,0.035937998443841934,0.03645800054073334,0.03333299979567528,0.03333299979567528,0.03333299979567528,547200
2001-09-27,0.03385400027036667,0.03645800054073334,0.03385400027036667,0.03645800054073334,0.03645800054073334,76800
2001-09-28,0.03229200094938278,0.03645800054073334,0.03229200094938278,0.03645800054073334,0.03645800054073334,460800
2001-10-01,0.035521000623703,0.03770799934864044,0.035521000623703,0.03770799934864044,0.03770799934864044,105600
2001-10-02,0.03541700169444084,0.03541700169444084,0.03208300098776817,0.03437500074505806,0.03437500074505806,316800
2001-10-03,0.03437500074505806,0.03437500074505806,0.03437500074505806,0.03437500074505806,0.03437500074505806,124800
2001-10-04,0.03437500074505806,0.03541700169444084,0.03437500074505806,0.03437500074505806,0.03437500074505806,268800
2001-10-05,0.03541700169444084,0.03770799934864044,0.03541700169444084,0.03770799934864044,0.03770799934864044,470400
2001-10-08,0.03489600121974945,0.03645800054073334,0.03489600121974945,0.03645800054073334,0.03645800054073334,57600
2001-10-09,0.03645800054073334,0.03645800054073334,0.03541700169444084,0.03645800054073334,0.03645800054073334,710400
2001-10-10,0.03541700169444084,0.035937998443841934,0.03541700169444084,0.035937998443841934,0.035937998443841934,288000
2001-10-11,0.035937998443841934,0.03645800054073334,0.035937998443841934,0.035937998443841934,0.035937998443841934,134400
2001-10-12,0.035521000623703,0.03645800054073334,0.03541700169444084,0.03541700169444084,0.03541700169444084,201600
2001-10-15,0.035521000623703,0.03645800054073334,0.035521000623703,0.03645800054073334,0.03645800054073334,96000
2001-10-16,0.03645800054073334,0.03645800054073334,0.035624999552965164,0.035624999552965164,0.035624999552965164,326400
2001-10-17,0.035624999552965164,0.035624999552965164,0.035624999552965164,0.035624999552965164,0.035624999552965164,201600
2001-10-18,0.036354001611471176,0.036354001611471176,0.035624999552965164,0.035728998482227325,0.035728998482227325,259200
2001-10-19,0.035728998482227325,0.035937998443841934,0.035728998482227325,0.035937998443841934,0.035937998443841934,268800
2001-10-22,0.036249998956918716,0.0395830012857914,0.036249998956918716,0.03947899863123894,0.03947899863123894,1526400
2001-10-23,0.0395830012857914,0.03989600017666817,0.039167001843452454,0.03989600017666817,0.03989600017666817,307200
2001-10-24,0.0395830012857914,0.04052099958062172,0.039374999701976776,0.0395830012857914,0.0395830012857914,921600
2001-10-25,0.0395830012857914,0.0395830012857914,0.0395830012857914,0.0395830012857914,0.0395830012857914,0
2001-10-26,0.039062999188899994,0.04062499850988388,0.03750000149011612,0.04062499850988388,0.04062499850988388,864000
2001-10-29,0.03802099823951721,0.03822899982333183,0.03802099823951721,0.03802099823951721,0.03802099823951721,115200
2001-10-30,0.0403130017220974,0.04270799830555916,0.04020800068974495,0.0415630005300045,0.0415630005300045,3321600
2001-10-31,0.041457999497652054,0.041457999497652054,0.04041700065135956,0.04114599898457527,0.04114599898457527,278400
2001-11-01,0.04020800068974495,0.04166699945926666,0.04020800068974495,0.04166699945926666,0.04166699945926666,2102400
2001-11-02,0.04114599898457527,0.041875001043081284,0.0408330000936985,0.04114599898457527,0.04114599898457527,633600
2001-11-05,0.0415630005300045,0.04166699945926666,0.03822899982333183,0.0385419987142086,0.0385419987142086,576000
2001-11-06,0.03864600136876106,0.039062999188899994,0.0385419987142086,0.039062999188899994,0.039062999188899994,691200
2001-11-07,0.04010400176048279,0.04010400176048279,0.03999999910593033,0.03999999910593033,0.03999999910593033,19200
2001-11-08,0.03989600017666817,0.04062499850988388,0.039062999188899994,0.039062999188899994,0.039062999188899994,403200
2001-11-09,0.04072900116443634,0.0408330000936985,0.039271000772714615,0.04010400176048279,0.04010400176048279,384000
2001-11-12,0.03999999910593033,0.04166699945926666,0.03999999910593033,0.04166699945926666,0.04166699945926666,451200
2001-11-13,0.04114599898457527,0.0415630005300045,0.04072900116443634,0.04125000163912773,0.04125000163912773,1056000
2001-11-14,0.04062499850988388,0.0415630005300045,0.04062499850988388,0.0415630005300045,0.0415630005300045,259200
2001-11-15,0.04072900116443634,0.0415630005300045,0.04062499850988388,0.04125000163912773,0.04125000163912773,940800
2001-11-16,0.04166699945926666,0.041875001043081284,0.04114599898457527,0.04135400056838989,0.04135400056838989,1651200
2001-11-19,0.04062499850988388,0.041770998388528824,0.04062499850988388,0.04166699945926666,0.04166699945926666,614400
2001-11-20,0.04041700065135956,0.04166699945926666,0.04041700065135956,0.04166699945926666,0.04166699945926666,1257600
2001-11-21,0.04020800068974495,0.04020800068974495,0.04020800068974495,0.04020800068974495,0.04020800068974495,9600
2001-11-23,0.041978999972343445,0.042082998901605606,0.04114599898457527,0.04114599898457527,0.04114599898457527,259200
2001-11-26,0.04166699945926666,0.04166699945926666,0.04114599898457527,0.04114599898457527,0.04114599898457527,710400
2001-11-27,0.04166699945926666,0.042187999933958054,0.04114599898457527,0.04114599898457527,0.04114599898457527,585600
2001-11-28,0.042187999933958054,0.042187999933958054,0.04114599898457527,0.04114599898457527,0.04114599898457527,768000
2001-11-29,0.04114599898457527,0.04125000163912773,0.04114599898457527,0.04114599898457527,0.04114599898457527,57600
2001-11-30,0.04114599898457527,0.04166699945926666,0.04114599898457527,0.04166699945926666,0.04166699945926666,1171200
2001-12-03,0.04093800112605095,0.04166699945926666,0.04093800112605095,0.04166699945926666,0.04166699945926666,806400
2001-12-04,0.04166699945926666,0.04166699945926666,0.04072900116443634,0.04072900116443634,0.04072900116443634,835200
2001-12-05,0.04114599898457527,0.041457999497652054,0.04104200005531311,0.041457999497652054,0.041457999497652054,633600
2001-12-06,0.041457999497652054,0.04166699945926666,0.04125000163912773,0.04166699945926666,0.04166699945926666,451200
2001-12-07,0.042082998901605606,0.042187999933958054,0.041457999497652054,0.04166699945926666,0.04166699945926666,134400
2001-12-10,0.0415630005300045,0.042396001517772675,0.04114599898457527,0.042396001517772675,0.042396001517772675,259200
2001-12-11,0.04114599898457527,0.0415630005300045,0.04114599898457527,0.0415630005300045,0.0415630005300045,297600
2001-12-12,0.04125000163912773,0.042187999933958054,0.04125000163912773,0.042187999933958054,0.042187999933958054,816000
2001-12-13,0.04312499985098839,0.04312499985098839,0.042187999933958054,0.042187999933958054,0.042187999933958054,57600
2001-12-14,0.04270799830555916,0.04322899878025055,0.04270799830555916,0.04322899878025055,0.04322899878025055,96000
2001-12-17,0.04291699826717377,0.04343799874186516,0.04291699826717377,0.04343799874186516,0.04343799874186516,422400
2001-12-18,0.042396001517772675,0.0438539981842041,0.042396001517772675,0.0438539981842041,0.0438539981842041,86400
2001-12-19,0.04291699826717377,0.04291699826717377,0.04291699826717377,0.04291699826717377,0.04291699826717377,144000
2001-12-20,0.041770998388528824,0.04395800083875656,0.04166699945926666,0.04374999925494194,0.04374999925494194,892800
2001-12-21,0.042291998863220215,0.042291998863220215,0.04114599898457527,0.042187999933958054,0.042187999933958054,739200
2001-12-24,0.039271000772714615,0.039792001247406006,0.039167001843452454,0.039167001843452454,0.039167001843452454,1852800
2001-12-26,0.0395830012857914,0.042291998863220215,0.0395830012857914,0.042291998863220215,0.042291998863220215,1190400
2001-12-27,0.04270799830555916,0.04427099972963333,0.04270799830555916,0.04427099972963333,0.04427099972963333,1248000
2001-12-28,0.04270799830555916,0.04322899878025055,0.042603999376297,0.042603999376297,0.042603999376297,1257600
2001-12-31,0.04322899878025055,0.04374999925494194,0.042603999376297,0.04374999925494194,0.04374999925494194,1833600
2002-01-02,0.04416700080037117,0.04677100107073784,0.042500000447034836,0.04270799830555916,0.04270799830555916,5769600
2002-01-03,0.042500000447034836,0.04583299905061722,0.04166699945926666,0.04374999925494194,0.04374999925494194,547200
2002-01-04,0.0438539981842041,0.04531300067901611,0.04374999925494194,0.04479200020432472,0.04479200020432472,441600
2002-01-07,0.04374999925494194,0.04479200020432472,0.04374999925494194,0.04479200020432472,0.04479200020432472,412800
2002-01-08,0.0438539981842041,0.04635399952530861,0.0438539981842041,0.045625001192092896,0.045625001192092896,1200000
2002-01-09,0.045938000082969666,0.045938000082969666,0.04447900131344795,0.04447900131344795,0.04447900131344795,38400
2002-01-10,0.04583299905061722,0.04583299905061722,0.04468800127506256,0.04479200020432472,0.04479200020432472,3926400
2002-01-11,0.04531300067901611,0.04531300067901611,0.04437499865889549,0.044895999133586884,0.044895999133586884,2025600
2002-01-14,0.0438539981842041,0.04427099972963333,0.04374999925494194,0.04374999925494194,0.04374999925494194,345600
2002-01-15,0.0438539981842041,0.04427099972963333,0.0438539981842041,0.0438539981842041,0.0438539981842041,403200
2002-01-16,0.04395800083875656,0.04427099972963333,0.04395800083875656,0.04395800083875656,0.04395800083875656,585600
2002-01-17,0.0438539981842041,0.0438539981842041,0.04291699826717377,0.04343799874186516,0.04343799874186516,1209600
2002-01-18,0.04291699826717377,0.04500000178813934,0.042812999337911606,0.04500000178813934,0.04500000178813934,1334400
2002-01-22,0.042812999337911606,0.04395800083875656,0.042812999337911606,0.04395800083875656,0.04395800083875656,508800
2002-01-23,0.042812999337911606,0.04374999925494194,0.042812999337911606,0.04374999925494194,0.04374999925494194,38400
2002-01-24,0.044583000242710114,0.044583000242710114,0.044583000242710114,0.044583000242710114,0.044583000242710114,9600
2002-01-25,0.04374999925494194,0.04374999925494194,0.04374999925494194,0.04374999925494194,0.04374999925494194,67200
2002-01-28,0.04374999925494194,0.04447900131344795,0.042812999337911606,0.042812999337911606,0.042812999337911606,643200
2002-01-29,0.04395800083875656,0.04437499865889549,0.04291699826717377,0.04322899878025055,0.04322899878025055,480000
2002-01-30,0.042812999337911606,0.04333300143480301,0.042812999337911606,0.04333300143480301,0.04333300143480301,172800
2002-01-31,0.04333300143480301,0.04333300143480301,0.04333300143480301,0.04333300143480301,0.04333300143480301,0
2002-02-01,0.04333300143480301,0.04333300143480301,0.04270799830555916,0.04322899878025055,0.04322899878025055,892800
2002-02-04,0.042812999337911606,0.04374999925494194,0.042812999337911606,0.04364600032567978,0.04364600032567978,1315200
2002-02-05,0.042812999337911606,0.042812999337911606,0.04093800112605095,0.04166699945926666,0.04166699945926666,1468800
2002-02-06,0.042187999933958054,0.042187999933958054,0.042187999933958054,0.042187999933958054,0.042187999933958054,115200
2002-02-07,0.04354200139641762,0.04354200139641762,0.04322899878025055,0.04354200139641762,0.04354200139641762,163200
2002-02-08,0.04322899878025055,0.04322899878025055,0.04302100092172623,0.04312499985098839,0.04312499985098839,729600
2002-02-11,0.04312499985098839,0.04312499985098839,0.042812999337911606,0.04312499985098839,0.04312499985098839,451200
2002-02-12,0.04312499985098839,0.04312499985098839,0.04312499985098839,0.04312499985098839,0.04312499985098839,0
2002-02-13,0.042812999337911606,0.04333300143480301,0.042812999337911606,0.04322899878025055,0.04322899878025055,1545600
2002-02-14,0.04333300143480301,0.04333300143480301,0.04333300143480301,0.04333300143480301,0.04333300143480301,28800
2002-02-15,0.04312499985098839,0.04312499985098839,0.04312499985098839,0.04312499985098839,0.04312499985098839,316800
2002-02-19,0.04166699945926666,0.04270799830555916,0.04166699945926666,0.04270799830555916,0.04270799830555916,105600
2002-02-20,0.04270799830555916,0.04312499985098839,0.04270799830555916,0.04312499985098839,0.04312499985098839,518400
2002-02-21,0.04166699945926666,0.04166699945926666,0.04114599898457527,0.04114599898457527,0.04114599898457527,1065600
2002-02-22,0.04052099958062172,0.04166699945926666,0.04052099958062172,0.04166699945926666,0.04166699945926666,2169600
2002-02-25,0.04062499850988388,0.042187999933958054,0.04062499850988388,0.041978999972343445,0.041978999972343445,1891200
2002-02-26,0.041770998388528824,0.042291998863220215,0.041770998388528824,0.042291998863220215,0.042291998863220215,57600
2002-02-27,0.04270799830555916,0.04333300143480301,0.04270799830555916,0.04270799830555916,0.04270799830555916,374400
2002-02-28,0.041770998388528824,0.04312499985098839,0.041770998388528824,0.04312499985098839,0.04312499985098839,566400
2002-03-01,0.04166699945926666,0.042187999933958054,0.04166699945926666,0.042187999933958054,0.042187999933958054,96000
2002-03-04,0.042187999933958054,0.04302100092172623,0.042187999933958054,0.04270799830555916,0.04270799830555916,3811200
2002-03-05,0.042187999933958054,0.04322899878025055,0.042082998901605606,0.042291998863220215,0.042291998863220215,518400
2002-03-06,0.041770998388528824,0.041770998388528824,0.041770998388528824,0.041770998388528824,0.041770998388528824,9600
2002-03-07,0.04166699945926666,0.04166699945926666,0.04166699945926666,0.04166699945926666,0.04166699945926666,1747200
2002-03-08,0.039792001247406006,0.04062499850988388,0.039792001247406006,0.04062499850988388,0.04062499850988388,537600
2002-03-11,0.04020800068974495,0.0415630005300045,0.04020800068974495,0.0415630005300045,0.0415630005300045,115200
2002-03-12,0.041457999497652054,0.042500000447034836,0.041457999497652054,0.042500000447034836,0.042500000447034836,124800
2002-03-13,0.04166699945926666,0.04166699945926666,0.04166699945926666,0.04166699945926666,0.04166699945926666,326400
2002-03-14,0.04166699945926666,0.042187999933958054,0.04072900116443634,0.042187999933958054,0.042187999933958054,739200
2002-03-15,0.042082998901605606,0.042187999933958054,0.041875001043081284,0.042187999933958054,0.042187999933958054,240000
2002-03-18,0.04166699945926666,0.042603999376297,0.04104200005531311,0.042603999376297,0.042603999376297,115200
2002-03-19,0.04062499850988388,0.042396001517772675,0.04062499850988388,0.04166699945926666,0.04166699945926666,528000
2002-03-20,0.0408330000936985,0.04270799830555916,0.0408330000936985,0.04270799830555916,0.04270799830555916,336000
2002-03-21,0.041770998388528824,0.041770998388528824,0.041770998388528824,0.041770998388528824,0.041770998388528824,96000
2002-03-22,0.041770998388528824,0.04270799830555916,0.041770998388528824,0.04270799830555916,0.04270799830555916,172800
2002-03-25,0.04270799830555916,0.04270799830555916,0.042187999933958054,0.042396001517772675,0.042396001517772675,441600
2002-03-26,0.04270799830555916,0.04374999925494194,0.04270799830555916,0.04333300143480301,0.04333300143480301,3494400
2002-03-27,0.042812999337911606,0.04322899878025055,0.042812999337911606,0.04322899878025055,0.04322899878025055,1094400
2002-03-28,0.04322899878025055,0.04395800083875656,0.04312499985098839,0.04395800083875656,0.04395800083875656,4348800
2002-04-01,0.04374999925494194,0.04437499865889549,0.04374999925494194,0.04427099972963333,0.04427099972963333,1660800
2002-04-02,0.04479200020432472,0.04479200020432472,0.04374999925494194,0.04374999925494194,0.04374999925494194,316800
2002-04-03,0.04312499985098839,0.04312499985098839,0.04270799830555916,0.04270799830555916,0.04270799830555916,134400
2002-04-04,0.04437499865889549,0.045207999646663666,0.04427099972963333,0.04427099972963333,0.04427099972963333,422400
2002-04-05,0.04333300143480301,0.044583000242710114,0.04333300143480301,0.04374999925494194,0.04374999925494194,556800
2002-04-08,0.04374999925494194,0.04479200020432472,0.04374999925494194,0.04479200020432472,0.04479200020432472,758400
2002-04-09,0.045207999646663666,0.04531300067901611,0.04427099972963333,0.04531300067901611,0.04531300067901611,614400
2002-04-10,0.04374999925494194,0.04479200020432472,0.04374999925494194,0.0438539981842041,0.0438539981842041,211200
2002-04-11,0.0438539981842041,0.0438539981842041,0.042187999933958054,0.042291998863220215,0.042291998863220215,652800
2002-04-12,0.042603999376297,0.04322899878025055,0.04166699945926666,0.04166699945926666,0.04166699945926666,355200
2002-04-15,0.04166699945926666,0.041770998388528824,0.04166699945926666,0.041770998388528824,0.041770998388528824,163200
2002-04-16,0.04125000163912773,0.04427099972963333,0.04125000163912773,0.04291699826717377,0.04291699826717377,595200
2002-04-17,0.042187999933958054,0.042187999933958054,0.042187999933958054,0.042187999933958054,0.042187999933958054,38400
2002-04-18,0.04166699945926666,0.04166699945926666,0.04166699945926666,0.04166699945926666,0.04166699945926666,19200
2002-04-19,0.04166699945926666,0.04166699945926666,0.04166699945926666,0.04166699945926666,0.04166699945926666,0
2002-04-22,0.04166699945926666,0.041770998388528824,0.04166699945926666,0.04166699945926666,0.04166699945926666,825600
2002-04-23,0.04166699945926666,0.04270799830555916,0.04166699945926666,0.04270799830555916,0.04270799830555916,825600
2002-04-24,0.04374999925494194,0.04374999925494194,0.04166699945926666,0.04166699945926666,0.04166699945926666,1478400
2002-04-25,0.04270799830555916,0.04416700080037117,0.042396001517772675,0.042396001517772675,0.042396001517772675,86400
2002-04-26,0.04270799830555916,0.04270799830555916,0.04270799830555916,0.04270799830555916,0.04270799830555916,38400
2002-04-29,0.04166699945926666,0.04322899878025055,0.04166699945926666,0.04322899878025055,0.04322899878025055,1094400
2002-04-30,0.041770998388528824,0.04322899878025055,0.041770998388528824,0.042187999933958054,0.042187999933958054,576000
2002-05-01,0.04166699945926666,0.042187999933958054,0.04166699945926666,0.042187999933958054,0.042187999933958054,105600
2002-05-02,0.042187999933958054,0.04322899878025055,0.04166699945926666,0.042812999337911606,0.042812999337911606,816000
2002-05-03,0.041978999972343445,0.042082998901605606,0.041978999972343445,0.041978999972343445,0.041978999972343445,585600
2002-05-06,0.041978999972343445,0.041978999972343445,0.04166699945926666,0.04166699945926666,0.04166699945926666,163200
2002-05-07,0.04166699945926666,0.04166699945926666,0.04062499850988388,0.04062499850988388,0.04062499850988388,259200
2002-05-08,0.0415630005300045,0.04166699945926666,0.04062499850988388,0.04062499850988388,0.04062499850988388,67200
2002-05-09,0.042082998901605606,0.042187999933958054,0.04114599898457527,0.04114599898457527,0.04114599898457527,451200
2002-05-10,0.04062499850988388,0.04166699945926666,0.039062999188899994,0.039062999188899994,0.039062999188899994,768000
2002-05-13,0.04052099958062172,0.04052099958062172,0.038853999227285385,0.03947899863123894,0.03947899863123894,288000
2002-05-14,0.038853999227285385,0.0395830012857914,0.038853999227285385,0.0395830012857914,0.0395830012857914,38400
2002-05-15,0.038957998156547546,0.04062499850988388,0.038957998156547546,0.04010400176048279,0.04010400176048279,259200
2002-05-16,0.039687998592853546,0.042500000447034836,0.039687998592853546,0.04166699945926666,0.04166699945926666,134400
2002-05-17,0.04302100092172623,0.04427099972963333,0.039687998592853546,0.04270799830555916,0.04270799830555916,1209600
2002-05-20,0.04166699945926666,0.04374999925494194,0.04166699945926666,0.04322899878025055,0.04322899878025055,672000
2002-05-21,0.04322899878025055,0.04374999925494194,0.04322899878025055,0.04354200139641762,0.04354200139641762,364800
2002-05-22,0.04270799830555916,0.04406299814581871,0.04270799830555916,0.04374999925494194,0.04374999925494194,1132800
2002-05-23,0.04270799830555916,0.04270799830555916,0.04270799830555916,0.04270799830555916,0.04270799830555916,19200
2002-05-24,0.04427099972963333,0.04427099972963333,0.042603999376297,0.042603999376297,0.042603999376297,28800
2002-05-28,0.042603999376297,0.04427099972963333,0.04052099958062172,0.04354200139641762,0.04354200139641762,2073600
2002-05-29,0.042603999376297,0.04374999925494194,0.042603999376297,0.04374999925494194,0.04374999925494194,28800
2002-05-30,0.04322899878025055,0.04437499865889549,0.04312499985098839,0.04427099972963333,0.04427099972963333,2486400
2002-05-31,0.04437499865889549,0.04447900131344795,0.04333300143480301,0.04427099972963333,0.04427099972963333,268800
2002-06-03,0.04333300143480301,0.04343799874186516,0.042187999933958054,0.042187999933958054,0.042187999933958054,1008000
2002-06-04,0.042187999933958054,0.042187999933958054,0.04166699945926666,0.042187999933958054,0.042187999933958054,163200
2002-06-05,0.041770998388528824,0.042500000447034836,0.041770998388528824,0.042291998863220215,0.042291998863220215,278400
2002-06-06,0.042396001517772675,0.04343799874186516,0.042396001517772675,0.04343799874186516,0.04343799874186516,672000
2002-06-07,0.041770998388528824,0.04333300143480301,0.041770998388528824,0.04270799830555916,0.04270799830555916,211200
2002-06-10,0.04406299814581871,0.04583299905061722,0.04395800083875656,0.04427099972963333,0.04427099972963333,873600
2002-06-11,0.04479200020432472,0.04479200020432472,0.04479200020432472,0.04479200020432472,0.04479200020432472,998400
2002-06-12,0.04343799874186516,0.04364600032567978,0.04343799874186516,0.04364600032567978,0.04364600032567978,441600
2002-06-13,0.042603999376297,0.042603999376297,0.042603999376297,0.042603999376297,0.042603999376297,19200
2002-06-14,0.042812999337911606,0.04333300143480301,0.042187999933958054,0.042603999376297,0.042603999376297,681600
2002-06-17,0.04270799830555916,0.042812999337911606,0.041457999497652054,0.041457999497652054,0.041457999497652054,192000
2002-06-18,0.042500000447034836,0.042500000447034836,0.041457999497652054,0.04166699945926666,0.04166699945926666,192000
2002-06-19,0.041457999497652054,0.042396001517772675,0.041457999497652054,0.04166699945926666,0.04166699945926666,768000
2002-06-20,0.041770998388528824,0.04270799830555916,0.041770998388528824,0.04270799830555916,0.04270799830555916,432000
2002-06-21,0.04302100092172623,0.04322899878025055,0.042187999933958054,0.042291998863220215,0.042291998863220215,403200
2002-06-24,0.04427099972963333,0.04427099972963333,0.042291998863220215,0.04270799830555916,0.04270799830555916,124800
2002-06-25,0.04427099972963333,0.04427099972963333,0.04270799830555916,0.04395800083875656,0.04395800083875656,412800
2002-06-26,0.04447900131344795,0.04447900131344795,0.04270799830555916,0.04322899878025055,0.04322899878025055,1094400
2002-06-27,0.04270799830555916,0.04416700080037117,0.04270799830555916,0.04416700080037117,0.04416700080037117,393600
2002-06-28,0.04427099972963333,0.04427099972963333,0.04427099972963333,0.04427099972963333,0.04427099972963333,259200
2002-07-01,0.04468800127506256,0.04468800127506256,0.04322899878025055,0.04354200139641762,0.04354200139641762,268800
2002-07-02,0.04322899878025055,0.04364600032567978,0.042082998901605606,0.042291998863220215,0.042291998863220215,1324800
2002-07-03,0.041978999972343445,0.04374999925494194,0.041978999972343445,0.042082998901605606,0.042082998901605606,1132800
2002-07-05,0.042082998901605606,0.042082998901605606,0.042082998901605606,0.042082998901605606,0.042082998901605606,0
2002-07-08,0.04270799830555916,0.042812999337911606,0.04062499850988388,0.04062499850988388,0.04062499850988388,451200
2002-07-09,0.04041700065135956,0.04062499850988388,0.0395830012857914,0.04010400176048279,0.04010400176048279,1852800
2002-07-10,0.04166699945926666,0.04479200020432472,0.0395830012857914,0.0395830012857914,0.0395830012857914,422400
2002-07-11,0.04447900131344795,0.04447900131344795,0.0395830012857914,0.04427099972963333,0.04427099972963333,288000
2002-07-12,0.04427099972963333,0.04427099972963333,0.03718800097703934,0.03718800097703934,0.03718800097703934,422400
2002-07-15,0.04343799874186516,0.04395800083875656,0.0385419987142086,0.0395830012857914,0.0395830012857914,566400
2002-07-16,0.04114599898457527,0.04166699945926666,0.04114599898457527,0.04166699945926666,0.04166699945926666,67200
2002-07-17,0.04114599898457527,0.04166699945926666,0.04114599898457527,0.04166699945926666,0.04166699945926666,710400
2002-07-18,0.0415630005300045,0.04166699945926666,0.0415630005300045,0.04166699945926666,0.04166699945926666,624000
2002-07-19,0.04166699945926666,0.04166699945926666,0.04166699945926666,0.04166699945926666,0.04166699945926666,105600
2002-07-22,0.04041700065135956,0.04166699945926666,0.03406300023198128,0.03677099943161011,0.03677099943161011,940800
2002-07-23,0.04010400176048279,0.04010400176048279,0.03677099943161011,0.04010400176048279,0.04010400176048279,230400
2002-07-24,0.03864600136876106,0.03864600136876106,0.03437500074505806,0.03510399907827377,0.03510399907827377,1622400
2002-07-25,0.03687499836087227,0.03687499836087227,0.03125,0.03437500074505806,0.03437500074505806,3081600
2002-07-26,0.03645800054073334,0.038957998156547546,0.03458299860358238,0.038957998156547546,0.038957998156547546,1718400
2002-07-29,0.04010400176048279,0.04166699945926666,0.0395830012857914,0.04135400056838989,0.04135400056838989,864000
2002-07-30,0.04062499850988388,0.041978999972343445,0.0395830012857914,0.041875001043081284,0.041875001043081284,1248000
2002-07-31,0.04166699945926666,0.0438539981842041,0.04125000163912773,0.04343799874186516,0.04343799874186516,873600
2002-08-01,0.04416700080037117,0.04416700080037117,0.04166699945926666,0.04166699945926666,0.04166699945926666,528000
2002-08-02,0.042396001517772675,0.042500000447034836,0.041457999497652054,0.042396001517772675,0.042396001517772675,76800
2002-08-05,0.04125000163912773,0.042500000447034836,0.04114599898457527,0.04135400056838989,0.04135400056838989,412800
2002-08-06,0.041770998388528824,0.042396001517772675,0.041770998388528824,0.041770998388528824,0.041770998388528824,537600
2002-08-07,0.042187999933958054,0.042187999933958054,0.041875001043081284,0.042082998901605606,0.042082998901605606,393600
2002-08-08,0.042082998901605606,0.042082998901605606,0.042082998901605606,0.042082998901605606,0.042082998901605606,28800
2002-08-09,0.0415630005300045,0.042187999933958054,0.03999999910593033,0.04010400176048279,0.04010400176048279,297600
2002-08-12,0.042187999933958054,0.04270799830555916,0.04072900116443634,0.04166699945926666,0.04166699945926666,969600
2002-08-13,0.04072900116443634,0.04270799830555916,0.04072900116443634,0.04166699945926666,0.04166699945926666,220800
2002-08-14,0.04166699945926666,0.042603999376297,0.04062499850988388,0.042082998901605606,0.042082998901605606,115200
2002-08-15,0.0415630005300045,0.04166699945926666,0.04114599898457527,0.04125000163912773,0.04125000163912773,480000
2002-08-16,0.0408330000936985,0.04270799830555916,0.0408330000936985,0.041770998388528824,0.041770998388528824,355200
2002-08-19,0.042396001517772675,0.04322899878025055,0.04166699945926666,0.04166699945926666,0.04166699945926666,1603200
2002-08-20,0.042082998901605606,0.04364600032567978,0.04166699945926666,0.041770998388528824,0.041770998388528824,470400
2002-08-21,0.042603999376297,0.042603999376297,0.04166699945926666,0.04166699945926666,0.04166699945926666,96000
2002-08-22,0.04125000163912773,0.04270799830555916,0.04125000163912773,0.04166699945926666,0.04166699945926666,172800
2002-08-23,0.04166699945926666,0.04166699945926666,0.04166699945926666,0.04166699945926666,0.04166699945926666,105600
2002-08-26,0.0415630005300045,0.041875001043081284,0.04072900116443634,0.041875001043081284,0.041875001043081284,1430400
2002-08-27,0.041875001043081284,0.042187999933958054,0.04093800112605095,0.042082998901605606,0.042082998901605606,2764800
2002-08-28,0.04166699945926666,0.041978999972343445,0.04166699945926666,0.041978999972343445,0.041978999972343445,681600
2002-08-29,0.042082998901605606,0.042187999933958054,0.04166699945926666,0.04166699945926666,0.04166699945926666,67200
2002-08-30,0.04166699945926666,0.04270799830555916,0.041457999497652054,0.04270799830555916,0.04270799830555916,288000
2002-09-03,0.04270799830555916,0.04374999925494194,0.04166699945926666,0.04166699945926666,0.04166699945926666,662400
2002-09-04,0.041770998388528824,0.04270799830555916,0.041770998388528824,0.04270799830555916,0.04270799830555916,240000
2002-09-05,0.04364600032567978,0.04364600032567978,0.04322899878025055,0.04322899878025055,0.04322899878025055,374400
2002-09-06,0.04270799830555916,0.04322899878025055,0.042500000447034836,0.042500000447034836,0.042500000447034836,595200
2002-09-09,0.04322899878025055,0.04322899878025055,0.042396001517772675,0.04302100092172623,0.04302100092172623,163200
2002-09-10,0.041770998388528824,0.04322899878025055,0.041770998388528824,0.04322899878025055,0.04322899878025055,528000
2002-09-11,0.04322899878025055,0.04322899878025055,0.042187999933958054,0.04322899878025055,0.04322899878025055,364800
2002-09-12,0.04312499985098839,0.04354200139641762,0.04312499985098839,0.04354200139641762,0.04354200139641762,182400
2002-09-13,0.04354200139641762,0.04416700080037117,0.04270799830555916,0.04322899878025055,0.04322899878025055,614400
2002-09-16,0.04322899878025055,0.04416700080037117,0.04322899878025055,0.04374999925494194,0.04374999925494194,768000
2002-09-17,0.042812999337911606,0.04468800127506256,0.042812999337911606,0.044583000242710114,0.044583000242710114,604800
2002-09-18,0.04479200020432472,0.04479200020432472,0.04322899878025055,0.04416700080037117,0.04416700080037117,662400
2002-09-19,0.045207999646663666,0.045520998537540436,0.04468800127506256,0.04479200020432472,0.04479200020432472,691200
2002-09-20,0.04479200020432472,0.044895999133586884,0.04052099958062172,0.04468800127506256,0.04468800127506256,556800
2002-09-23,0.04479200020432472,0.04479200020432472,0.042187999933958054,0.04479200020432472,0.04479200020432472,96000
2002-09-24,0.04302100092172623,0.04302100092172623,0.04291699826717377,0.04291699826717377,0.04291699826717377,201600
2002-09-25,0.04468800127506256,0.04468800127506256,0.04333300143480301,0.04333300143480301,0.04333300143480301,259200
2002-09-26,0.04468800127506256,0.045938000082969666,0.04468800127506256,0.04479200020432472,0.04479200020432472,96000
2002-09-27,0.04479200020432472,0.04479200020432472,0.04364600032567978,0.04374999925494194,0.04374999925494194,124800
2002-09-30,0.044583000242710114,0.044583000242710114,0.04291699826717377,0.04312499985098839,0.04312499985098839,374400
2002-10-01,0.04291699826717377,0.04302100092172623,0.04270799830555916,0.04270799830555916,0.04270799830555916,316800
2002-10-02,0.04302100092172623,0.04302100092172623,0.0372919999063015,0.04052099958062172,0.04052099958062172,1286400
2002-10-03,0.03750000149011612,0.039687998592853546,0.03750000149011612,0.039687998592853546,0.039687998592853546,355200
2002-10-04,0.041875001043081284,0.04427099972963333,0.041770998388528824,0.04427099972963333,0.04427099972963333,480000
2002-10-07,0.041978999972343445,0.04374999925494194,0.041978999972343445,0.04291699826717377,0.04291699826717377,518400
2002-10-08,0.04291699826717377,0.04322899878025055,0.04291699826717377,0.04322899878025055,0.04322899878025055,105600
2002-10-09,0.04302100092172623,0.04437499865889549,0.04062499850988388,0.04062499850988388,0.04062499850988388,1017600
2002-10-10,0.042500000447034836,0.04374999925494194,0.042500000447034836,0.04374999925494194,0.04374999925494194,441600
2002-10-11,0.04343799874186516,0.04374999925494194,0.04343799874186516,0.04354200139641762,0.04354200139641762,67200
2002-10-14,0.04416700080037117,0.04416700080037117,0.04416700080037117,0.04416700080037117,0.04416700080037117,28800
2002-10-15,0.04354200139641762,0.04364600032567978,0.042187999933958054,0.042291998863220215,0.042291998863220215,249600
2002-10-16,0.04354200139641762,0.04364600032567978,0.042187999933958054,0.04291699826717377,0.04291699826717377,604800
2002-10-17,0.04374999925494194,0.04427099972963333,0.04343799874186516,0.04406299814581871,0.04406299814581871,633600
2002-10-18,0.04343799874186516,0.04374999925494194,0.04312499985098839,0.04312499985098839,0.04312499985098839,316800
2002-10-21,0.04291699826717377,0.044583000242710114,0.04270799830555916,0.044583000242710114,0.044583000242710114,739200
2002-10-22,0.0438539981842041,0.04406299814581871,0.04374999925494194,0.04395800083875656,0.04395800083875656,192000
2002-10-23,0.0438539981842041,0.04395800083875656,0.04374999925494194,0.04395800083875656,0.04395800083875656,192000
2002-10-24,0.04437499865889549,0.04500000178813934,0.04291699826717377,0.04468800127506256,0.04468800127506256,345600
2002-10-25,0.04479200020432472,0.04479200020432472,0.04479200020432472,0.04479200020432472,0.04479200020432472,278400
2002-10-28,0.04468800127506256,0.04843800142407417,0.04437499865889549,0.048124998807907104,0.048124998807907104,1180800
2002-10-29,0.04437499865889549,0.04697899892926216,0.04437499865889549,0.04479200020432472,0.04479200020432472,153600
2002-10-30,0.044583000242710114,0.045207999646663666,0.04447900131344795,0.04468800127506256,0.04468800127506256,288000
2002-10-31,0.04437499865889549,0.04437499865889549,0.04374999925494194,0.0438539981842041,0.0438539981842041,528000
2002-11-01,0.04374999925494194,0.0438539981842041,0.04374999925494194,0.0438539981842041,0.0438539981842041,182400
2002-11-04,0.045207999646663666,0.045207999646663666,0.04135400056838989,0.045104000717401505,0.045104000717401505,1200000
2002-11-05,0.045104000717401505,0.045104000717401505,0.04322899878025055,0.04322899878025055,0.04322899878025055,105600
2002-11-06,0.04427099972963333,0.044583000242710114,0.04291699826717377,0.044583000242710114,0.044583000242710114,278400
2002-11-07,0.0438539981842041,0.0438539981842041,0.0438539981842041,0.0438539981842041,0.0438539981842041,172800
2002-11-08,0.0438539981842041,0.0438539981842041,0.0438539981842041,0.0438539981842041,0.0438539981842041,9600
2002-11-11,0.045207999646663666,0.045207999646663666,0.042500000447034836,0.045104000717401505,0.045104000717401505,854400
2002-11-12,0.04645799845457077,0.04645799845457077,0.04500000178813934,0.04625000059604645,0.04625000059604645,182400
2002-11-13,0.04625000059604645,0.04625000059604645,0.04437499865889549,0.04583299905061722,0.04583299905061722,307200
2002-11-14,0.04583299905061722,0.04583299905061722,0.04343799874186516,0.04479200020432472,0.04479200020432472,259200
2002-11-15,0.044583000242710114,0.044895999133586884,0.04374999925494194,0.04374999925494194,0.04374999925494194,172800
2002-11-18,0.0438539981842041,0.0438539981842041,0.0438539981842041,0.0438539981842041,0.0438539981842041,19200
2002-11-19,0.04437499865889549,0.04437499865889549,0.0438539981842041,0.0438539981842041,0.0438539981842041,19200
2002-11-20,0.042812999337911606,0.04354200139641762,0.04270799830555916,0.04343799874186516,0.04343799874186516,451200
2002-11-21,0.04343799874186516,0.04343799874186516,0.04322899878025055,0.04322899878025055,0.04322899878025055,1056000
2002-11-22,0.04322899878025055,0.04395800083875656,0.04322899878025055,0.04333300143480301,0.04333300143480301,595200
2002-11-25,0.04333300143480301,0.04364600032567978,0.04322899878025055,0.04354200139641762,0.04354200139641762,624000
2002-11-26,0.04364600032567978,0.04479200020432472,0.04364600032567978,0.04479200020432472,0.04479200020432472,268800
2002-11-27,0.04354200139641762,0.04354200139641762,0.04354200139641762,0.04354200139641762,0.04354200139641762,9600
2002-11-29,0.04312499985098839,0.04395800083875656,0.04312499985098839,0.04374999925494194,0.04374999925494194,220800
2002-12-02,0.04427099972963333,0.04468800127506256,0.04322899878025055,0.04427099972963333,0.04427099972963333,614400
2002-12-03,0.042812999337911606,0.04479200020432472,0.042812999337911606,0.04479200020432472,0.04479200020432472,393600
2002-12-04,0.04479200020432472,0.04479200020432472,0.04479200020432472,0.04479200020432472,0.04479200020432472,0
2002-12-05,0.044583000242710114,0.044583000242710114,0.04374999925494194,0.0438539981842041,0.0438539981842041,124800
2002-12-06,0.0438539981842041,0.0438539981842041,0.0438539981842041,0.0438539981842041,0.0438539981842041,86400
2002-12-09,0.04427099972963333,0.04447900131344795,0.04395800083875656,0.04427099972963333,0.04427099972963333,105600
2002-12-10,0.04427099972963333,0.04437499865889549,0.04427099972963333,0.04427099972963333,0.04427099972963333,374400
2002-12-11,0.04427099972963333,0.04427099972963333,0.04374999925494194,0.0438539981842041,0.0438539981842041,240000
2002-12-12,0.0438539981842041,0.04427099972963333,0.04354200139641762,0.04416700080037117,0.04416700080037117,1795200
2002-12-13,0.04406299814581871,0.04479200020432472,0.04406299814581871,0.04479200020432472,0.04479200020432472,278400
2002-12-16,0.04406299814581871,0.04427099972963333,0.04406299814581871,0.04427099972963333,0.04427099972963333,115200
2002-12-17,0.04406299814581871,0.04479200020432472,0.04374999925494194,0.0438539981842041,0.0438539981842041,1660800
2002-12-18,0.0438539981842041,0.04427099972963333,0.0438539981842041,0.04427099972963333,0.04427099972963333,662400
2002-12-19,0.04427099972963333,0.04427099972963333,0.04427099972963333,0.04427099972963333,0.04427099972963333,115200
2002-12-20,0.0438539981842041,0.04427099972963333,0.0438539981842041,0.04395800083875656,0.04395800083875656,576000
2002-12-23,0.04395800083875656,0.04406299814581871,0.0438539981842041,0.0438539981842041,0.0438539981842041,403200
2002-12-24,0.0438539981842041,0.0438539981842041,0.0438539981842041,0.0438539981842041,0.0438539981842041,0
2002-12-26,0.04468800127506256,0.04468800127506256,0.0438539981842041,0.0438539981842041,0.0438539981842041,48000
2002-12-27,0.04395800083875656,0.04406299814581871,0.04395800083875656,0.04406299814581871,0.04406299814581871,355200
2002-12-30,0.04395800083875656,0.04395800083875656,0.04395800083875656,0.04395800083875656,0.04395800083875656,249600
2002-12-31,0.0438539981842041,0.04479200020432472,0.0438539981842041,0.04395800083875656,0.04395800083875656,220800
2003-01-02,0.0438539981842041,0.04427099972963333,0.0438539981842041,0.04427099972963333,0.04427099972963333,220800
2003-01-03,0.04395800083875656,0.045104000717401505,0.04395800083875656,0.044895999133586884,0.044895999133586884,825600
2003-01-06,0.045416999608278275,0.045416999608278275,0.044895999133586884,0.044895999133586884,0.044895999133586884,28800
2003-01-07,0.04479200020432472,0.044895999133586884,0.04479200020432472,0.04479200020432472,0.04479200020432472,441600
2003-01-08,0.04479200020432472,0.045416999608278275,0.04479200020432472,0.04479200020432472,0.04479200020432472,86400
2003-01-09,0.04479200020432472,0.045416999608278275,0.04479200020432472,0.044895999133586884,0.044895999133586884,393600
2003-01-10,0.04479200020432472,0.04479200020432472,0.04479200020432472,0.04479200020432472,0.04479200020432472,28800
2003-01-13,0.04479200020432472,0.045416999608278275,0.04479200020432472,0.045416999608278275,0.045416999608278275,48000
2003-01-14,0.044895999133586884,0.044895999133586884,0.04479200020432472,0.044895999133586884,0.044895999133586884,576000
2003-01-15,0.04479200020432472,0.04479200020432472,0.04479200020432472,0.04479200020432472,0.04479200020432472,892800
2003-01-16,0.04479200020432472,0.04479200020432472,0.04479200020432472,0.04479200020432472,0.04479200020432472,48000
2003-01-17,0.04479200020432472,0.04479200020432472,0.04479200020432472,0.04479200020432472,0.04479200020432472,0
2003-01-21,0.04531300067901611,0.04531300067901611,0.04531300067901611,0.04531300067901611,0.04531300067901611,9600
2003-01-22,0.04531300067901611,0.04531300067901611,0.04479200020432472,0.04500000178813934,0.04500000178813934,576000
2003-01-23,0.04479200020432472,0.04635399952530861,0.04479200020432472,0.045207999646663666,0.045207999646663666,1660800
2003-01-24,0.045416999608278275,0.045416999608278275,0.045416999608278275,0.045416999608278275,0.045416999608278275,9600
2003-01-27,0.045416999608278275,0.045416999608278275,0.045416999608278275,0.045416999608278275,0.045416999608278275,0
2003-01-28,0.04479200020432472,0.04531300067901611,0.04479200020432472,0.04479200020432472,0.04479200020432472,105600
2003-01-29,0.045416999608278275,0.04583299905061722,0.04479200020432472,0.04479200020432472,0.04479200020432472,3216000
2003-01-30,0.04500000178813934,0.045207999646663666,0.04479200020432472,0.04479200020432472,0.04479200020432472,11644800
2003-01-31,0.04479200020432472,0.04479200020432472,0.04479200020432472,0.04479200020432472,0.04479200020432472,0
2003-02-03,0.045104000717401505,0.045207999646663666,0.044583000242710114,0.04479200020432472,0.04479200020432472,211200
2003-02-04,0.045207999646663666,0.04531300067901611,0.045207999646663666,0.04531300067901611,0.04531300067901611,96000
2003-02-05,0.04416700080037117,0.04416700080037117,0.04416700080037117,0.04416700080037117,0.04416700080037117,19200
2003-02-06,0.0438539981842041,0.04395800083875656,0.04333300143480301,0.04333300143480301,0.04333300143480301,192000
2003-02-07,0.04312499985098839,0.04312499985098839,0.04166699945926666,0.041770998388528824,0.041770998388528824,268800
2003-02-10,0.041770998388528824,0.041770998388528824,0.04104200005531311,0.04166699945926666,0.04166699945926666,489600
2003-02-11,0.04010400176048279,0.0415630005300045,0.035937998443841934,0.039062999188899994,0.039062999188899994,710400
2003-02-12,0.0395830012857914,0.0395830012857914,0.033020999282598495,0.036042001098394394,0.036042001098394394,499200
2003-02-13,0.036563001573085785,0.038332998752593994,0.036563001573085785,0.038332998752593994,0.038332998752593994,19200
2003-02-14,0.038332998752593994,0.038332998752593994,0.038332998752593994,0.038332998752593994,0.038332998752593994,0
2003-02-18,0.03781300038099289,0.039167001843452454,0.03406300023198128,0.039167001843452454,0.039167001843452454,144000
2003-02-19,0.03947899863123894,0.03947899863123894,0.039374999701976776,0.039374999701976776,0.039374999701976776,115200
2003-02-20,0.038332998752593994,0.03947899863123894,0.03822899982333183,0.038853999227285385,0.038853999227285385,576000
2003-02-21,0.038853999227285385,0.038853999227285385,0.038853999227285385,0.038853999227285385,0.038853999227285385,0
2003-02-24,0.03843799978494644,0.03843799978494644,0.03750000149011612,0.03750000149011612,0.03750000149011612,192000
2003-02-25,0.03760400041937828,0.0415630005300045,0.03760400041937828,0.04052099958062172,0.04052099958062172,364800
2003-02-26,0.039687998592853546,0.04427099972963333,0.039687998592853546,0.04427099972963333,0.04427099972963333,384000
2003-02-27,0.04364600032567978,0.04427099972963333,0.042500000447034836,0.042500000447034836,0.042500000447034836,115200
2003-02-28,0.042187999933958054,0.042187999933958054,0.042187999933958054,0.042187999933958054,0.042187999933958054,192000
2003-03-03,0.042291998863220215,0.042291998863220215,0.0395830012857914,0.04114599898457527,0.04114599898457527,268800
2003-03-04,0.04125000163912773,0.04166699945926666,0.04114599898457527,0.04114599898457527,0.04114599898457527,211200
2003-03-05,0.042812999337911606,0.04416700080037117,0.042500000447034836,0.042500000447034836,0.042500000447034836,28800
2003-03-06,0.042500000447034836,0.042500000447034836,0.042500000447034836,0.042500000447034836,0.042500000447034836,0
2003-03-07,0.041978999972343445,0.041978999972343445,0.041978999972343445,0.041978999972343445,0.041978999972343445,9600
2003-03-10,0.042187999933958054,0.042187999933958054,0.042187999933958054,0.042187999933958054,0.042187999933958054,38400
2003-03-11,0.04270799830555916,0.04270799830555916,0.04270799830555916,0.04270799830555916,0.04270799830555916,48000
2003-03-12,0.041875001043081284,0.041875001043081284,0.041875001043081284,0.041875001043081284,0.041875001043081284,9600
2003-03-13,0.04114599898457527,0.042187999933958054,0.04114599898457527,0.04114599898457527,0.04114599898457527,921600
2003-03-14,0.042082998901605606,0.042082998901605606,0.04166699945926666,0.041978999972343445,0.041978999972343445,86400
2003-03-17,0.04166699945926666,0.04166699945926666,0.04114599898457527,0.0415630005300045,0.0415630005300045,67200
2003-03-18,0.041457999497652054,0.04437499865889549,0.041457999497652054,0.04437499865889549,0.04437499865889549,259200
2003-03-19,0.04395800083875656,0.04406299814581871,0.04114599898457527,0.04114599898457527,0.04114599898457527,537600
2003-03-20,0.04166699945926666,0.04270799830555916,0.04166699945926666,0.04270799830555916,0.04270799830555916,124800
2003-03-21,0.04166699945926666,0.04166699945926666,0.03739599883556366,0.04114599898457527,0.04114599898457527,604800
2003-03-24,0.04114599898457527,0.04270799830555916,0.04114599898457527,0.04270799830555916,0.04270799830555916,998400
2003-03-25,0.042500000447034836,0.04270799830555916,0.042500000447034836,0.04270799830555916,0.04270799830555916,720000
2003-03-26,0.0385419987142086,0.041770998388528824,0.0385419987142086,0.041770998388528824,0.041770998388528824,105600
2003-03-27,0.04270799830555916,0.04374999925494194,0.04270799830555916,0.04374999925494194,0.04374999925494194,201600
2003-03-28,0.04374999925494194,0.04677100107073784,0.04374999925494194,0.04427099972963333,0.04427099972963333,1353600
2003-03-31,0.04354200139641762,0.046875,0.04354200139641762,0.04531300067901611,0.04531300067901611,451200
2003-04-01,0.045104000717401505,0.045104000717401505,0.042187999933958054,0.04416700080037117,0.04416700080037117,652800
2003-04-02,0.04531300067901611,0.046875,0.042291998863220215,0.04291699826717377,0.04291699826717377,614400
2003-04-03,0.04270799830555916,0.04322899878025055,0.041978999972343445,0.041978999972343445,0.041978999972343445,105600
2003-04-04,0.041978999972343445,0.042291998863220215,0.041978999972343445,0.042291998863220215,0.042291998863220215,48000
2003-04-07,0.04125000163912773,0.04166699945926666,0.04052099958062172,0.04166699945926666,0.04166699945926666,1132800
2003-04-08,0.042396001517772675,0.042396001517772675,0.04062499850988388,0.04062499850988388,0.04062499850988388,307200
2003-04-09,0.04062499850988388,0.04114599898457527,0.04062499850988388,0.04114599898457527,0.04114599898457527,892800
2003-04-10,0.04270799830555916,0.04270799830555916,0.04114599898457527,0.04114599898457527,0.04114599898457527,1296000
2003-04-11,0.04114599898457527,0.042291998863220215,0.04114599898457527,0.042291998863220215,0.042291998863220215,1449600
2003-04-14,0.0408330000936985,0.04135400056838989,0.0408330000936985,0.04114599898457527,0.04114599898457527,172800
2003-04-15,0.04166699945926666,0.04364600032567978,0.04166699945926666,0.04364600032567978,0.04364600032567978,249600
2003-04-16,0.04354200139641762,0.0438539981842041,0.041978999972343445,0.041978999972343445,0.041978999972343445,278400
2003-04-17,0.041978999972343445,0.04427099972963333,0.041978999972343445,0.04427099972963333,0.04427099972963333,163200
2003-04-21,0.04427099972963333,0.04427099972963333,0.042603999376297,0.04374999925494194,0.04374999925494194,211200
2003-04-22,0.04270799830555916,0.04270799830555916,0.042603999376297,0.042603999376297,0.042603999376297,48000
2003-04-23,0.042603999376297,0.042603999376297,0.042187999933958054,0.042187999933958054,0.042187999933958054,96000
2003-04-24,0.041875001043081284,0.041875001043081284,0.04114599898457527,0.04114599898457527,0.04114599898457527,499200
2003-04-25,0.04166699945926666,0.04166699945926666,0.0415630005300045,0.04166699945926666,0.04166699945926666,700800
2003-04-28,0.04166699945926666,0.04166699945926666,0.04166699945926666,0.04166699945926666,0.04166699945926666,0
2003-04-29,0.0415630005300045,0.0415630005300045,0.0415630005300045,0.0415630005300045,0.0415630005300045,28800
2003-04-30,0.04166699945926666,0.042187999933958054,0.04166699945926666,0.042187999933958054,0.042187999933958054,86400
2003-05-01,0.042187999933958054,0.042187999933958054,0.042187999933958054,0.042187999933958054,0.042187999933958054,0
2003-05-02,0.04166699945926666,0.04166699945926666,0.04166699945926666,0.04166699945926666,0.04166699945926666,9600
2003-05-05,0.041978999972343445,0.042187999933958054,0.041978999972343445,0.042187999933958054,0.042187999933958054,19200
2003-05-06,0.042082998901605606,0.04270799830555916,0.042082998901605606,0.04270799830555916,0.04270799830555916,307200
2003-05-07,0.042082998901605606,0.042291998863220215,0.04114599898457527,0.04114599898457527,0.04114599898457527,595200
2003-05-08,0.0415630005300045,0.04166699945926666,0.04114599898457527,0.04114599898457527,0.04114599898457527,508800
2003-05-09,0.041875001043081284,0.041875001043081284,0.041875001043081284,0.041875001043081284,0.041875001043081284,48000
2003-05-12,0.04114599898457527,0.04666699841618538,0.04114599898457527,0.045520998537540436,0.045520998537540436,1555200
2003-05-13,0.042812999337911606,0.04374999925494194,0.04166699945926666,0.04364600032567978,0.04364600032567978,355200
2003-05-14,0.04374999925494194,0.04374999925494194,0.042291998863220215,0.042291998863220215,0.042291998863220215,643200
2003-05-15,0.042291998863220215,0.042291998863220215,0.042187999933958054,0.042187999933958054,0.042187999933958054,192000
2003-05-16,0.042187999933958054,0.0438539981842041,0.042187999933958054,0.0438539981842041,0.0438539981842041,1862400
2003-05-19,0.04395800083875656,0.04395800083875656,0.04374999925494194,0.04374999925494194,0.04374999925494194,268800
2003-05-20,0.04374999925494194,0.045104000717401505,0.04374999925494194,0.04374999925494194,0.04374999925494194,624000
2003-05-21,0.04374999925494194,0.04374999925494194,0.04374999925494194,0.04374999925494194,0.04374999925494194,57600
2003-05-22,0.04374999925494194,0.04374999925494194,0.04374999925494194,0.04374999925494194,0.04374999925494194,0
2003-05-23,0.04270799830555916,0.04374999925494194,0.04270799830555916,0.04374999925494194,0.04374999925494194,374400
2003-05-27,0.042396001517772675,0.04374999925494194,0.042396001517772675,0.04374999925494194,0.04374999925494194,11116800
2003-05-28,0.04427099972963333,0.04468800127506256,0.04427099972963333,0.04427099972963333,0.04427099972963333,931200
2003-05-29,0.04479200020432472,0.04583299905061722,0.04427099972963333,0.04583299905061722,0.04583299905061722,412800
2003-05-30,0.04479200020432472,0.04479200020432472,0.04479200020432472,0.04479200020432472,0.04479200020432472,38400
2003-06-02,0.04479200020432472,0.044895999133586884,0.04427099972963333,0.04437499865889549,0.04437499865889549,307200
2003-06-03,0.04427099972963333,0.04656299948692322,0.04406299814581871,0.04656299948692322,0.04656299948692322,2304000
2003-06-04,0.04406299814581871,0.04406299814581871,0.04406299814581871,0.04406299814581871,0.04406299814581871,76800
2003-06-05,0.04395800083875656,0.04437499865889549,0.04395800083875656,0.04437499865889549,0.04437499865889549,48000
2003-06-06,0.04437499865889549,0.04437499865889549,0.04374999925494194,0.04437499865889549,0.04437499865889549,451200
2003-06-09,0.04427099972963333,0.04479200020432472,0.04374999925494194,0.04437499865889549,0.04437499865889549,345600
2003-06-10,0.04479200020432472,0.04656299948692322,0.04479200020432472,0.04479200020432472,0.04479200020432472,537600
2003-06-11,0.04395800083875656,0.04604199901223183,0.04395800083875656,0.04604199901223183,0.04604199901223183,96000
2003-06-12,0.0438539981842041,0.04604199901223183,0.04374999925494194,0.0438539981842041,0.0438539981842041,86400
2003-06-13,0.04374999925494194,0.04604199901223183,0.04374999925494194,0.04604199901223183,0.04604199901223183,28800
2003-06-16,0.04479200020432472,0.04479200020432472,0.04374999925494194,0.04374999925494194,0.04374999925494194,38400
2003-06-17,0.04374999925494194,0.04604199901223183,0.04374999925494194,0.0438539981842041,0.0438539981842041,115200
2003-06-18,0.0438539981842041,0.04468800127506256,0.04374999925494194,0.04374999925494194,0.04374999925494194,345600
2003-06-19,0.0438539981842041,0.0438539981842041,0.0438539981842041,0.0438539981842041,0.0438539981842041,9600
2003-06-20,0.0438539981842041,0.0438539981842041,0.04374999925494194,0.04374999925494194,0.04374999925494194,57600
2003-06-23,0.04437499865889549,0.04468800127506256,0.04437499865889549,0.04468800127506256,0.04468800127506256,28800
2003-06-24,0.04468800127506256,0.04468800127506256,0.04468800127506256,0.04468800127506256,0.04468800127506256,153600
2003-06-25,0.0438539981842041,0.04395800083875656,0.04374999925494194,0.0438539981842041,0.0438539981842041,259200
2003-06-26,0.0438539981842041,0.0438539981842041,0.0438539981842041,0.0438539981842041,0.0438539981842041,48000
2003-06-27,0.04343799874186516,0.04374999925494194,0.04343799874186516,0.04374999925494194,0.04374999925494194,124800
2003-06-30,0.045104000717401505,0.04531300067901611,0.045104000717401505,0.04531300067901611,0.04531300067901611,316800
2003-07-01,0.044583000242710114,0.044583000242710114,0.04447900131344795,0.04447900131344795,0.04447900131344795,86400
2003-07-02,0.04447900131344795,0.045520998537540436,0.04447900131344795,0.04500000178813934,0.04500000178813934,681600
2003-07-03,0.04374999925494194,0.044895999133586884,0.04374999925494194,0.044895999133586884,0.044895999133586884,537600
2003-07-07,0.04374999925494194,0.04572900012135506,0.04374999925494194,0.04531300067901611,0.04531300067901611,2198400
2003-07-08,0.04468800127506256,0.04739600047469139,0.04468800127506256,0.04729200154542923,0.04729200154542923,1008000
2003-07-09,0.046146001666784286,0.04874999821186066,0.046146001666784286,0.04802099987864494,0.04802099987864494,1276800
2003-07-10,0.04802099987864494,0.04895799979567528,0.04791700094938278,0.04843800142407417,0.04843800142407417,2121600
2003-07-11,0.049166999757289886,0.05031299963593483,0.046875,0.048854000866413116,0.048854000866413116,816000
2003-07-14,0.04739600047469139,0.051771000027656555,0.04739600047469139,0.05052100121974945,0.05052100121974945,1478400
2003-07-15,0.05052100121974945,0.05052100121974945,0.04843800142407417,0.04843800142407417,0.04843800142407417,1171200
2003-07-16,0.05052100121974945,0.06239600107073784,0.05041699856519699,0.05968799814581871,0.05968799814581871,5923200
2003-07-17,0.061563000082969666,0.061563000082969666,0.04958299919962883,0.05020799860358238,0.05020799860358238,5030400
2003-07-18,0.05208300054073334,0.05614599958062172,0.05208300054073334,0.05343800038099289,0.05343800038099289,1180800
2003-07-21,0.05343800038099289,0.05343800038099289,0.05104200169444084,0.051979001611471176,0.051979001611471176,460800
2003-07-22,0.05041699856519699,0.05427100136876106,0.05041699856519699,0.0541669987142086,0.0541669987142086,1123200
2003-07-23,0.05041699856519699,0.05041699856519699,0.05041699856519699,0.05041699856519699,0.05041699856519699,57600
2003-07-24,0.051979001611471176,0.0541669987142086,0.051979001611471176,0.053957998752593994,0.053957998752593994,614400
2003-07-25,0.05093799903988838,0.052188001573085785,0.05093799903988838,0.052188001573085785,0.052188001573085785,201600
2003-07-28,0.05083300173282623,0.05302099883556366,0.04843800142407417,0.05302099883556366,0.05302099883556366,1132800
2003-07-29,0.05052100121974945,0.0552080012857914,0.05052100121974945,0.054687999188899994,0.054687999188899994,1526400
2003-07-30,0.05364599823951721,0.054687999188899994,0.05072899907827377,0.05249999836087227,0.05249999836087227,1824000
2003-07-31,0.0541669987142086,0.054478999227285385,0.0529169999063015,0.05312500149011612,0.05312500149011612,566400
2003-08-01,0.05312500149011612,0.054478999227285385,0.05093799903988838,0.054478999227285385,0.054478999227285385,710400
2003-08-04,0.05364599823951721,0.054478999227285385,0.05364599823951721,0.054478999227285385,0.054478999227285385,355200
2003-08-05,0.054478999227285385,0.054687999188899994,0.05406299978494644,0.0541669987142086,0.0541669987142086,1708800
2003-08-06,0.05406299978494644,0.05406299978494644,0.05249999836087227,0.05364599823951721,0.05364599823951721,508800
2003-08-07,0.054687999188899994,0.054687999188899994,0.05010399967432022,0.05249999836087227,0.05249999836087227,326400
2003-08-08,0.051353998482227325,0.05208300054073334,0.05031299963593483,0.051146000623703,0.051146000623703,412800
2003-08-11,0.051249999552965164,0.05208300054073334,0.051249999552965164,0.05208300054073334,0.05208300054073334,259200
2003-08-12,0.05312500149011612,0.0541669987142086,0.05312500149011612,0.05406299978494644,0.05406299978494644,1497600
2003-08-13,0.054687999188899994,0.0564580000936985,0.0541669987142086,0.0564580000936985,0.0564580000936985,1449600
2003-08-14,0.05656300112605095,0.06458300352096558,0.0564580000936985,0.0625,0.0625,17376000
2003-08-15,0.0625,0.06458300352096558,0.05833299830555916,0.06458300352096558,0.06458300352096558,2544000
2003-08-18,0.06458300352096558,0.06458300352096558,0.05968799814581871,0.06145799905061722,0.06145799905061722,691200
2003-08-19,0.061563000082969666,0.06291700154542923,0.05999999865889549,0.05999999865889549,0.05999999865889549,1372800
2003-08-20,0.06093800067901611,0.06145799905061722,0.05916700139641762,0.06145799905061722,0.06145799905061722,806400
2003-08-21,0.060520999133586884,0.061771001666784286,0.05729199945926666,0.061771001666784286,0.061771001666784286,873600
2003-08-22,0.060208000242710114,0.06354200094938278,0.060208000242710114,0.06302099674940109,0.06302099674940109,988800
2003-08-25,0.06145799905061722,0.06354200094938278,0.06062500178813934,0.06270799785852432,0.06270799785852432,2035200
2003-08-26,0.06218799948692322,0.0625,0.06041700020432472,0.0625,0.0625,950400
2003-08-27,0.06187500059604645,0.06197899952530861,0.061041999608278275,0.061145998537540436,0.061145998537540436,681600
2003-08-28,0.06208299845457077,0.0625,0.06208299845457077,0.0625,0.0625,144000
2003-08-29,0.06322900205850601,0.0637499988079071,0.06197899952530861,0.06208299845457077,0.06208299845457077,1046400
2003-09-02,0.06499999761581421,0.06499999761581421,0.05895800143480301,0.0625,0.0625,1372800
2003-09-03,0.061250001192092896,0.0625,0.05989599972963333,0.0625,0.0625,902400
2003-09-04,0.06239600107073784,0.06260400265455246,0.06239600107073784,0.06239600107073784,0.06239600107073784,336000
2003-09-05,0.0625,0.0625,0.06093800067901611,0.06093800067901611,0.06093800067901611,854400
2003-09-08,0.06145799905061722,0.06260400265455246,0.05968799814581871,0.05989599972963333,0.05989599972963333,1238400
2003-09-09,0.05968799814581871,0.061563000082969666,0.05937499925494194,0.05937499925494194,0.05937499925494194,960000
2003-09-10,0.05958300083875656,0.060208000242710114,0.05958300083875656,0.05958300083875656,0.05958300083875656,240000
2003-09-11,0.05989599972963333,0.05989599972963333,0.05989599972963333,0.05989599972963333,0.05989599972963333,96000
2003-09-12,0.05958300083875656,0.05958300083875656,0.05906299874186516,0.0594789981842041,0.0594789981842041,1555200
2003-09-15,0.05968799814581871,0.05968799814581871,0.05916700139641762,0.0594789981842041,0.0594789981842041,864000
2003-09-16,0.05989599972963333,0.061771001666784286,0.05958300083875656,0.05968799814581871,0.05968799814581871,969600
2003-09-17,0.06062500178813934,0.06187500059604645,0.05906299874186516,0.05906299874186516,0.05906299874186516,268800
2003-09-18,0.061250001192092896,0.06145799905061722,0.05968799814581871,0.05968799814581871,0.05968799814581871,172800
2003-09-19,0.0625,0.0625,0.060208000242710114,0.061250001192092896,0.061250001192092896,489600
2003-09-22,0.0625,0.0625,0.05614599958062172,0.0564580000936985,0.0564580000936985,1939200
2003-09-23,0.06031300127506256,0.06031300127506256,0.057916998863220215,0.057916998863220215,0.057916998863220215,172800
2003-09-24,0.058021001517772675,0.06041700020432472,0.05729199945926666,0.05989599972963333,0.05989599972963333,796800
2003-09-25,0.06031300127506256,0.06031300127506256,0.05833299830555916,0.06010400131344795,0.06010400131344795,499200
2003-09-26,0.061250001192092896,0.06135400012135506,0.058021001517772675,0.06041700020432472,0.06041700020432472,691200
2003-09-29,0.06135400012135506,0.06218799948692322,0.05937499925494194,0.06218799948692322,0.06218799948692322,816000
2003-09-30,0.06208299845457077,0.06208299845457077,0.060832999646663666,0.060832999646663666,0.060832999646663666,556800
2003-10-01,0.060729000717401505,0.06343799829483032,0.06062500178813934,0.06343799829483032,0.06343799829483032,1612800
2003-10-02,0.06343799829483032,0.06343799829483032,0.06145799905061722,0.06302099674940109,0.06302099674940109,1276800
2003-10-03,0.06239600107073784,0.06239600107073784,0.06239600107073784,0.06239600107073784,0.06239600107073784,19200
2003-10-06,0.06031300127506256,0.06302099674940109,0.06031300127506256,0.06239600107073784,0.06239600107073784,268800
2003-10-07,0.06208299845457077,0.0625,0.06145799905061722,0.06239600107073784,0.06239600107073784,316800
2003-10-08,0.06270799785852432,0.06302099674940109,0.06239600107073784,0.06302099674940109,0.06302099674940109,1641600
2003-10-09,0.06270799785852432,0.06864599883556366,0.06270799785852432,0.06864599883556366,0.06864599883556366,9216000
2003-10-10,0.06624999642372131,0.0720829963684082,0.06624999642372131,0.0720829963684082,0.0720829963684082,3081600
2003-10-13,0.06989599764347076,0.073853999376297,0.06989599764347076,0.0733330026268959,0.0733330026268959,4435200
2003-10-14,0.07447899878025055,0.07604199647903442,0.07177100330591202,0.07343800365924835,0.07343800365924835,1728000
2003-10-15,0.07135400176048279,0.07302100211381912,0.07135400176048279,0.0720829963684082,0.0720829963684082,892800
2003-10-16,0.07291699945926666,0.07291699945926666,0.07187499850988388,0.07187499850988388,0.07187499850988388,3052800
2003-10-17,0.07270800322294235,0.07270800322294235,0.07052099704742432,0.0708329975605011,0.0708329975605011,2188800
2003-10-20,0.07062499970197678,0.07177100330591202,0.06718800216913223,0.06770800054073334,0.06770800054073334,6096000
2003-10-21,0.0685420036315918,0.0685420036315918,0.06718800216913223,0.06770800054073334,0.06770800054073334,3523200
2003-10-22,0.06614600121974945,0.07062499970197678,0.06614600121974945,0.06656300276517868,0.06656300276517868,230400
2003-10-23,0.06770800054073334,0.06781300157308578,0.06739600002765656,0.06739600002765656,0.06739600002765656,288000
2003-10-24,0.06656300276517868,0.06864599883556366,0.06656300276517868,0.06708300113677979,0.06708300113677979,595200
2003-10-27,0.07000000029802322,0.07000000029802322,0.06656300276517868,0.06770800054073334,0.06770800054073334,326400
2003-10-28,0.0672919973731041,0.07072900235652924,0.0672919973731041,0.06822899729013443,0.06822899729013443,691200
2003-10-29,0.0685420036315918,0.0685420036315918,0.06750000268220901,0.06750000268220901,0.06750000268220901,595200
2003-10-30,0.06750000268220901,0.06750000268220901,0.06750000268220901,0.06750000268220901,0.06750000268220901,0
2003-10-31,0.06989599764347076,0.06989599764347076,0.06781300157308578,0.0697920024394989,0.0697920024394989,364800
2003-11-03,0.069582998752594,0.07291699945926666,0.06562499701976776,0.06593800336122513,0.06593800336122513,2592000
2003-11-04,0.0655210018157959,0.06770800054073334,0.0655210018157959,0.06562499701976776,0.06562499701976776,1392000
2003-11-05,0.06604199856519699,0.0672919973731041,0.06604199856519699,0.06697899848222733,0.06697899848222733,403200
2003-11-06,0.06624999642372131,0.06760399788618088,0.06572899967432022,0.06760399788618088,0.06760399788618088,355200
2003-11-07,0.06885399669408798,0.07447899878025055,0.06875000149011612,0.07395800203084946,0.07395800203084946,2198400
2003-11-10,0.07458300143480301,0.07552099972963333,0.0697920024394989,0.07041700184345245,0.07041700184345245,691200
2003-11-11,0.0697920024394989,0.07802099734544754,0.06875000149011612,0.07552099972963333,0.07552099972963333,2380800
2003-11-12,0.07312499731779099,0.07572899758815765,0.07291699945926666,0.07458300143480301,0.07458300143480301,1363200
2003-11-13,0.07708299905061722,0.09791699796915054,0.07708299905061722,0.09218800067901611,0.09218800067901611,22924800
2003-11-14,0.09270799905061722,0.09468799829483032,0.08510400354862213,0.09166699647903442,0.09166699647903442,7008000
2003-11-17,0.08635400235652924,0.09166699647903442,0.08510400354862213,0.08854199945926666,0.08854199945926666,3072000
2003-11-18,0.08854199945926666,0.09354200214147568,0.08854199945926666,0.09114599972963333,0.09114599972963333,3321600
2003-11-19,0.08791700005531311,0.09166699647903442,0.0864579975605011,0.08864600211381912,0.08864600211381912,1430400
2003-11-20,0.09000000357627869,0.09093800187110901,0.0864579975605011,0.09093800187110901,0.09093800187110901,1248000
2003-11-21,0.08864600211381912,0.09375,0.08864600211381912,0.09333299845457077,0.09333299845457077,1190400
2003-11-24,0.08854199945926666,0.09375,0.08854199945926666,0.0907289981842041,0.0907289981842041,1641600
2003-11-25,0.09333299845457077,0.09333299845457077,0.09010399878025055,0.09052100032567978,0.09052100032567978,672000
2003-11-26,0.09062500298023224,0.09291700273752213,0.08937499672174454,0.09239599853754044,0.09239599853754044,1478400
2003-11-28,0.09343799948692322,0.09343799948692322,0.09208299964666367,0.09281300008296967,0.09281300008296967,892800
2003-12-01,0.09281300008296967,0.09343799948692322,0.09166699647903442,0.09166699647903442,0.09166699647903442,4108800
2003-12-02,0.09125000238418579,0.0919789969921112,0.09125000238418579,0.09166699647903442,0.09166699647903442,547200
2003-12-03,0.09166699647903442,0.09166699647903442,0.09010399878025055,0.09010399878025055,0.09010399878025055,2102400
2003-12-04,0.0907289981842041,0.0907289981842041,0.08864600211381912,0.09052100032567978,0.09052100032567978,2025600
2003-12-05,0.08864600211381912,0.09083300083875656,0.08864600211381912,0.09052100032567978,0.09052100032567978,1516800
2003-12-08,0.09052100032567978,0.09062500298023224,0.09010399878025055,0.09062500298023224,0.09062500298023224,2400000
2003-12-09,0.09062500298023224,0.09062500298023224,0.08989600092172623,0.08989600092172623,0.08989600092172623,2371200
2003-12-10,0.08874999731779099,0.08906300365924835,0.08854199945926666,0.08854199945926666,0.08854199945926666,1017600
2003-12-11,0.08854199945926666,0.09166699647903442,0.08854199945926666,0.09062500298023224,0.09062500298023224,4915200
2003-12-12,0.08937499672174454,0.0919789969921112,0.08937499672174454,0.09062500298023224,0.09062500298023224,5174400
2003-12-15,0.09187500178813934,0.09187500178813934,0.08864600211381912,0.09062500298023224,0.09062500298023224,633600
2003-12-16,0.08864600211381912,0.09208299964666367,0.08749999850988388,0.09062500298023224,0.09062500298023224,2966400
2003-12-17,0.09062500298023224,0.0907289981842041,0.08822900056838989,0.08822900056838989,0.08822900056838989,681600
2003-12-18,0.09156300127506256,0.09156300127506256,0.08697900176048279,0.08802100270986557,0.08802100270986557,297600
2003-12-19,0.09166699647903442,0.09166699647903442,0.08739600330591202,0.08791700005531311,0.08791700005531311,921600
2003-12-22,0.08697900176048279,0.08958300203084946,0.08697900176048279,0.08958300203084946,0.08958300203084946,547200
2003-12-23,0.09000000357627869,0.09000000357627869,0.0854170024394989,0.08833300322294235,0.08833300322294235,921600
2003-12-24,0.08562500029802322,0.08854199945926666,0.08562500029802322,0.08572900295257568,0.08572900295257568,768000
2003-12-26,0.08531299978494644,0.08604200184345245,0.08531299978494644,0.08604200184345245,0.08604200184345245,240000
2003-12-29,0.0854170024394989,0.09104199707508087,0.0854170024394989,0.08760400116443634,0.08760400116443634,1190400
2003-12-30,0.089478999376297,0.08958300203084946,0.08781299740076065,0.08781299740076065,0.08781299740076065,720000
2003-12-31,0.086667001247406,0.08937499672174454,0.086667001247406,0.0877079963684082,0.0877079963684082,979200
2004-01-02,0.08781299740076065,0.08781299740076065,0.08604200184345245,0.08624999970197678,0.08624999970197678,432000
2004-01-05,0.08874999731779099,0.08874999731779099,0.08708299696445465,0.08739600330591202,0.08739600330591202,288000
2004-01-06,0.09114599972963333,0.09114599972963333,0.0859379991889,0.0864579975605011,0.0864579975605011,921600
2004-01-07,0.08604200184345245,0.08916699886322021,0.07916700094938278,0.0859379991889,0.0859379991889,6220800
2004-01-08,0.07874999940395355,0.08489599823951721,0.07874999940395355,0.08250000327825546,0.08250000327825546,710400
2004-01-09,0.08385399729013443,0.0859379991889,0.08385399729013443,0.08447899669408798,0.08447899669408798,1545600
2004-01-12,0.08406300097703934,0.085207998752594,0.08322899788618088,0.08489599823951721,0.08489599823951721,1776000
2004-01-13,0.08302100002765656,0.08562500029802322,0.08072900027036667,0.08500000089406967,0.08500000089406967,566400
2004-01-14,0.0854170024394989,0.08854199945926666,0.08354199677705765,0.08395799994468689,0.08395799994468689,3408000
2004-01-15,0.085207998752594,0.08562500029802322,0.08333300054073334,0.08489599823951721,0.08489599823951721,4867200
2004-01-16,0.08708299696445465,0.08791700005531311,0.08395799994468689,0.08583299815654755,0.08583299815654755,422400
2004-01-20,0.08749999850988388,0.08749999850988388,0.08229199796915054,0.08749999850988388,0.08749999850988388,2044800
2004-01-21,0.08531299978494644,0.09864600002765656,0.08531299978494644,0.09604199975728989,0.09604199975728989,5328000
2004-01-22,0.098021000623703,0.10416699945926666,0.09531299769878387,0.10291700065135956,0.10291700065135956,5040000
2004-01-23,0.10187499970197678,0.1040629968047142,0.09635400027036667,0.09635400027036667,0.09635400027036667,979200
2004-01-26,0.09635400027036667,0.10093799978494644,0.09635400027036667,0.09812500327825546,0.09812500327825546,1027200
2004-01-27,0.09687499701976776,0.09885399788618088,0.09687499701976776,0.09718800336122513,0.09718800336122513,777600
2004-01-28,0.09406299889087677,0.09635400027036667,0.086667001247406,0.09593799710273743,0.09593799710273743,1766400
2004-01-29,0.09427099674940109,0.09812500327825546,0.09145800024271011,0.09812500327825546,0.09812500327825546,1334400
2004-01-30,0.09947899729013443,0.09947899729013443,0.09281300008296967,0.09375,0.09375,1296000
2004-02-02,0.09375,0.10645800083875656,0.08864600211381912,0.10322900116443634,0.10322900116443634,8092800
2004-02-03,0.10718800127506256,0.10895799845457077,0.10385400056838989,0.10541699826717377,0.10541699826717377,9657600
2004-02-04,0.10927099734544754,0.10927099734544754,0.1053130030632019,0.10562500357627869,0.10562500357627869,2592000
2004-02-05,0.10708300024271011,0.10708300024271011,0.09687499701976776,0.09947899729013443,0.09947899729013443,3465600
2004-02-06,0.10447899997234344,0.10927099734544754,0.10010399669408798,0.10395800322294235,0.10395800322294235,1680000
2004-02-09,0.10479199886322021,0.10906299948692322,0.10479199886322021,0.10750000178813934,0.10750000178813934,3868800
2004-02-10,0.1076039969921112,0.10979200154542923,0.1053130030632019,0.10666699707508087,0.10666699707508087,1267200
2004-02-11,0.1081250011920929,0.10927099734544754,0.10447899997234344,0.10781300067901611,0.10781300067901611,2208000
2004-02-12,0.10770799964666367,0.11041700094938278,0.10385400056838989,0.109375,0.109375,1680000
2004-02-13,0.10989599674940109,0.11979199945926666,0.10906299948692322,0.1171879991889,0.1171879991889,3244800
2004-02-17,0.1171879991889,0.120728999376297,0.11458300054073334,0.11916700005531311,0.11916700005531311,4396800
2004-02-18,0.120728999376297,0.13750000298023224,0.12010399997234344,0.12562499940395355,0.12562499940395355,9619200
2004-02-19,0.13427099585533142,0.13427099585533142,0.12708300352096558,0.12864600121974945,0.12864600121974945,5078400
2004-02-20,0.12968799471855164,0.12968799471855164,0.1267710030078888,0.12687499821186066,0.12687499821186066,2860800
2004-02-23,0.12635399401187897,0.1287499964237213,0.11687500029802322,0.11854200065135956,0.11854200065135956,4435200
2004-02-24,0.11864600330591202,0.11864600330591202,0.11354199796915054,0.11677099764347076,0.11677099764347076,1891200
2004-02-25,0.11458300054073334,0.12031300365924835,0.11458300054073334,0.11958300322294235,0.11958300322294235,969600
2004-02-26,0.125,0.125,0.11552099883556366,0.11562500149011612,0.11562500149011612,566400
2004-02-27,0.12427099794149399,0.12447900325059891,0.1166670024394989,0.12447900325059891,0.12447900325059891,1468800
2004-03-01,0.125,0.12593799829483032,0.11760400235652924,0.12395799905061722,0.12395799905061722,1728000
2004-03-02,0.11979199945926666,0.12458299845457077,0.1196879968047142,0.12354200333356857,0.12354200333356857,873600
2004-03-03,0.1209380030632019,0.13197900354862213,0.1209380030632019,0.13062499463558197,0.13062499463558197,2985600
2004-03-04,0.13614599406719208,0.14989599585533142,0.13020800054073334,0.14395800232887268,0.14395800232887268,8486400
2004-03-05,0.14395800232887268,0.14687499403953552,0.14322899281978607,0.14510400593280792,0.14510400593280792,4118400
2004-03-08,0.14531299471855164,0.14687499403953552,0.13989600539207458,0.14333300292491913,0.14333300292491913,3235200
2004-03-09,0.13958300650119781,0.1443749964237213,0.1370829939842224,0.14427100121974945,0.14427100121974945,1430400
2004-03-10,0.14395800232887268,0.15625,0.14281299710273743,0.15031300485134125,0.15031300485134125,5078400
2004-03-11,0.15010400116443634,0.15052099525928497,0.13020800054073334,0.136353999376297,0.136353999376297,5702400
2004-03-12,0.13239599764347076,0.13854199647903442,0.13239599764347076,0.13854199647903442,0.13854199647903442,1920000
2004-03-15,0.140625,0.14510400593280792,0.13645799458026886,0.14322899281978607,0.14322899281978607,5721600
2004-03-16,0.14572900533676147,0.14572900533676147,0.13697899878025055,0.1411460041999817,0.1411460041999817,1881600
2004-03-17,0.14135399460792542,0.14322899281978607,0.13625000417232513,0.14302100241184235,0.14302100241184235,2304000
2004-03-18,0.14354200661182404,0.14520800113677979,0.13864600658416748,0.1401039958000183,0.1401039958000183,1603200
2004-03-19,0.13864600658416748,0.14208300411701202,0.13864600658416748,0.1401039958000183,0.1401039958000183,2208000
2004-03-22,0.14020800590515137,0.14260399341583252,0.11697900295257568,0.1171879991889,0.1171879991889,9840000
2004-03-23,0.11739599704742432,0.12031300365924835,0.109375,0.11562500149011612,0.11562500149011612,12864000
2004-03-24,0.11447899788618088,0.12864600121974945,0.11343800276517868,0.11500000208616257,0.11500000208616257,9571200
2004-03-25,0.1177079975605011,0.12604199349880219,0.11572899669408798,0.12531299889087677,0.12531299889087677,3436800
2004-03-26,0.12604199349880219,0.1322920024394989,0.1255210041999817,0.12718799710273743,0.12718799710273743,3100800
2004-03-29,0.13791699707508087,0.13854199647903442,0.13135400414466858,0.133542001247406,0.133542001247406,5596800
2004-03-30,0.12968799471855164,0.1351040005683899,0.12968799471855164,0.13468800485134125,0.13468800485134125,4886400
2004-03-31,0.1338540017604828,0.14583300054073334,0.1333329975605011,0.14572900533676147,0.14572900533676147,6326400
2004-04-01,0.14562499523162842,0.16364599764347076,0.14166699349880219,0.15895800292491913,0.15895800292491913,10310400
2004-04-02,0.17687499523162842,0.17708300054073334,0.15000000596046448,0.15156300365924835,0.15156300365924835,12336000
2004-04-05,0.151978999376297,0.15260399878025055,0.14812499284744263,0.15104199945926666,0.15104199945926666,6729600
2004-04-06,0.14583300054073334,0.15229199826717377,0.14583300054073334,0.15166699886322021,0.15166699886322021,3177600
2004-04-07,0.1484380066394806,0.15104199945926666,0.1459379941225052,0.1507290005683899,0.1507290005683899,2083200
2004-04-08,0.1459379941225052,0.15520800650119781,0.1459379941225052,0.15406300127506256,0.15406300127506256,2956800
2004-04-12,0.15135399997234344,0.15989600121974945,0.1502079963684082,0.15958300232887268,0.15958300232887268,3782400
2004-04-13,0.160521000623703,0.160521000623703,0.15531300008296967,0.15739600360393524,0.15739600360393524,2112000
2004-04-14,0.1574999988079071,0.15989600121974945,0.1546880006790161,0.15614600479602814,0.15614600479602814,2179200
2004-04-15,0.1557289958000183,0.15781299769878387,0.15156300365924835,0.15364600718021393,0.15364600718021393,1843200
2004-04-16,0.1544789969921112,0.15541699528694153,0.1525000035762787,0.1525000035762787,0.1525000035762787,1075200
2004-04-19,0.15333299338817596,0.15510399639606476,0.15156300365924835,0.1537500023841858,0.1537500023841858,835200
2004-04-20,0.1521880030632019,0.1550000011920929,0.15114599466323853,0.15416699647903442,0.15416699647903442,2054400
2004-04-21,0.15416699647903442,0.15416699647903442,0.15000000596046448,0.15208299458026886,0.15208299458026886,2265600
2004-04-22,0.14989599585533142,0.15885399281978607,0.14729200303554535,0.15614600479602814,0.15614600479602814,2083200
2004-04-23,0.15729199349880219,0.1587499976158142,0.140625,0.147707998752594,0.147707998752594,6086400
2004-04-26,0.14052100479602814,0.1574999988079071,0.14052100479602814,0.14875000715255737,0.14875000715255737,5971200
2004-04-27,0.15187500417232513,0.16145800054073334,0.15031300485134125,0.1507290005683899,0.1507290005683899,3216000
2004-04-28,0.1527079939842224,0.1527079939842224,0.14572900533676147,0.15104199945926666,0.15104199945926666,816000
2004-04-29,0.14531299471855164,0.1507290005683899,0.13562500476837158,0.14072899520397186,0.14072899520397186,3523200
2004-04-30,0.1388539969921112,0.1494790017604828,0.1388539969921112,0.14510400593280792,0.14510400593280792,2236800
2004-05-03,0.144896000623703,0.14729200303554535,0.14218799769878387,0.14374999701976776,0.14374999701976776,2476800
2004-05-04,0.144896000623703,0.1494790017604828,0.14479200541973114,0.14937500655651093,0.14937500655651093,2140800
2004-05-05,0.14677099883556366,0.14708299934864044,0.13541699945926666,0.14322899281978607,0.14322899281978607,7056000
2004-05-06,0.14520800113677979,0.17635400593280792,0.140625,0.16666699945926666,0.16666699945926666,33302400
2004-05-07,0.16677099466323853,0.21354199945926666,0.1640630066394806,0.20510399341583252,0.20510399341583252,82483200
2004-05-10,0.20479199290275574,0.20708300173282623,0.18291699886322021,0.2018750011920929,0.2018750011920929,64876800
2004-05-11,0.21187500655651093,0.2276040017604828,0.19916699826717377,0.21541699767112732,0.21541699767112732,49526400
2004-05-12,0.21239599585533142,0.21541699767112732,0.2015630006790161,0.21062499284744263,0.21062499284744263,26832000
2004-05-13,0.21062499284744263,0.21062499284744263,0.19364599883556366,0.1958329975605011,0.1958329975605011,14544000
2004-05-14,0.19895799458026886,0.21302099525928497,0.19062499701976776,0.20947900414466858,0.20947900414466858,21792000
2004-05-17,0.20083299279212952,0.23000000417232513,0.19270800054073334,0.22374999523162842,0.22374999523162842,43977600
2004-05-18,0.22822900116443634,0.22864599525928497,0.21208299696445465,0.22083300352096558,0.22083300352096558,39513600
2004-05-19,0.22864599525928497,0.22864599525928497,0.21364599466323853,0.21875,0.21875,16598400
2004-05-20,0.21864600479602814,0.22374999523162842,0.20708300173282623,0.2192710041999817,0.2192710041999817,15446400
2004-05-21,0.2255209982395172,0.24427099525928497,0.21906299889087677,0.2434380054473877,0.2434380054473877,50323200
2004-05-24,0.2578130066394806,0.2651039958000183,0.25010401010513306,0.258542001247406,0.258542001247406,63292800
2004-05-25,0.25770801305770874,0.2578130066394806,0.24354200065135956,0.2507289946079254,0.2507289946079254,42931200
2004-05-26,0.25,0.25562500953674316,0.24489599466323853,0.25562500953674316,0.25562500953674316,19862400
2004-05-27,0.2551040053367615,0.27937498688697815,0.24895800650119781,0.2777079939842224,0.2777079939842224,62870400
2004-05-28,0.27864599227905273,0.2807289958000183,0.2648960053920746,0.2744790017604828,0.2744790017604828,33398400
2004-06-01,0.2761459946632385,0.2780210077762604,0.24385400116443634,0.25520798563957214,0.25520798563957214,66211200
2004-06-02,0.25,0.265625,0.24895800650119781,0.26468798518180847,0.26468798518180847,94492800
2004-06-03,0.24479199945926666,0.25260400772094727,0.2318750023841858,0.2444790005683899,0.2444790005683899,112963200
2004-06-04,0.24479199945926666,0.2502079904079437,0.22208300232887268,0.2253129929304123,0.2253129929304123,48768000
2004-06-07,0.22489599883556366,0.2444790005683899,0.21781300008296967,0.23958300054073334,0.23958300054073334,45148800
2004-06-08,0.23604199290275574,0.23958300054073334,0.22916699945926666,0.2326039969921112,0.2326039969921112,15302400
2004-06-09,0.22937500476837158,0.2328130006790161,0.22031299769878387,0.2328130006790161,0.2328130006790161,17702400
2004-06-10,0.2306250035762787,0.24781300127506256,0.22843800485134125,0.23927100002765656,0.23927100002765656,32784000
2004-06-14,0.23802100121974945,0.2645829916000366,0.23406299948692322,0.25864601135253906,0.25864601135253906,51091200
2004-06-15,0.25864601135253906,0.26197901368141174,0.2505210041999817,0.2553130090236664,0.2553130090236664,26361600
2004-06-16,0.2603130042552948,0.2615630030632019,0.25447899103164673,0.2601040005683899,0.2601040005683899,20102400
2004-06-17,0.26395800709724426,0.27552101016044617,0.25572898983955383,0.27177101373672485,0.27177101373672485,38208000
2004-06-18,0.27552101016044617,0.29875001311302185,0.2723959982395172,0.28385400772094727,0.28385400772094727,75792000
2004-06-21,0.29270800948143005,0.3031249940395355,0.24812500178813934,0.24927100539207458,0.24927100539207458,97987200
2004-06-22,0.24531300365924835,0.2521879971027374,0.23177100718021393,0.24583299458026886,0.24583299458026886,72153600
2004-06-23,0.24864600598812103,0.2576040029525757,0.2441670000553131,0.25,0.25,27350400
2004-06-24,0.25343799591064453,0.261353999376297,0.2475000023841858,0.2533330023288727,0.2533330023288727,17059200
2004-06-25,0.25156301259994507,0.26302099227905273,0.25145798921585083,0.2622919976711273,0.2622919976711273,59558400
2004-06-28,0.26822900772094727,0.27604201436042786,0.25645801424980164,0.2592709958553314,0.2592709958553314,30230400
2004-06-29,0.26593801379203796,0.26822900772094727,0.2510420083999634,0.254271000623703,0.254271000623703,14784000
2004-06-30,0.2549999952316284,0.26447901129722595,0.2505210041999817,0.2638539969921112,0.2638539969921112,18960000
2004-07-01,0.25520798563957214,0.26302099227905273,0.2537499964237213,0.25541698932647705,0.25541698932647705,12307200
2004-07-02,0.2603130042552948,0.26041701436042786,0.2533330023288727,0.25416699051856995,0.25416699051856995,7123200
2004-07-06,0.25041699409484863,0.25385400652885437,0.234375,0.23979200422763824,0.23979200422763824,32236800
2004-07-07,0.23552100360393524,0.24208299815654755,0.2199999988079071,0.23947900533676147,0.23947900533676147,53596800
2004-07-08,0.23718799650669098,0.23979200422763824,0.2270829975605011,0.23177100718021393,0.23177100718021393,13718400
2004-07-09,0.22812500596046448,0.23177100718021393,0.21354199945926666,0.21458299458026886,0.21458299458026886,26918400
2004-07-12,0.21281300485134125,0.22083300352096558,0.18489600718021393,0.20197899639606476,0.20197899639606476,72019200
2004-07-13,0.20104199647903442,0.20624999701976776,0.19218799471855164,0.19552099704742432,0.19552099704742432,28790400
2004-07-14,0.18895800411701202,0.1990630030632019,0.18760399520397186,0.18895800411701202,0.18895800411701202,18288000
2004-07-15,0.1859380006790161,0.19572900235652924,0.18489600718021393,0.1892710030078888,0.1892710030078888,12864000
2004-07-16,0.19791699945926666,0.22364600002765656,0.1942709982395172,0.21427099406719208,0.21427099406719208,69868800
2004-07-19,0.20937499403953552,0.21510399878025055,0.19645799696445465,0.1976040005683899,0.1976040005683899,53001600
2004-07-20,0.19989599287509918,0.2129170000553131,0.19843800365924835,0.210207998752594,0.210207998752594,18086400
2004-07-21,0.21437500417232513,0.21437500417232513,0.203125,0.20833300054073334,0.20833300054073334,11510400
2004-07-22,0.20624999701976776,0.21510399878025055,0.1953130066394806,0.19802099466323853,0.19802099466323853,16416000
2004-07-23,0.19666700065135956,0.20125000178813934,0.18937499821186066,0.19489599764347076,0.19489599764347076,9321600
2004-07-26,0.1922920048236847,0.2018750011920929,0.1887499988079071,0.1983329951763153,0.1983329951763153,15168000
2004-07-27,0.19968800246715546,0.20541700720787048,0.1965630054473877,0.20041699707508087,0.20041699707508087,12364800
2004-07-28,0.203125,0.203125,0.1930209994316101,0.19770799577236176,0.19770799577236176,14716800
2004-07-29,0.19895799458026886,0.20718799531459808,0.196042001247406,0.20697900652885437,0.20697900652885437,9523200
2004-07-30,0.20760400593280792,0.2171880006790161,0.20645800232887268,0.21354199945926666,0.21354199945926666,14361600
2004-08-02,0.2086459994316101,0.2253129929304123,0.20760400593280792,0.21177099645137787,0.21177099645137787,15580800
2004-08-03,0.21250000596046448,0.21354199945926666,0.2104170024394989,0.2109380066394806,0.2109380066394806,12844800
2004-08-04,0.21250000596046448,0.22395800054073334,0.21156300604343414,0.21968799829483032,0.21968799829483032,19046400
2004-08-05,0.24635399878025055,0.2623960077762604,0.23854200541973114,0.2452079951763153,0.2452079951763153,96086400
2004-08-06,0.23395800590515137,0.2540630102157593,0.23343800008296967,0.24281300604343414,0.24281300604343414,25392000
2004-08-09,0.2421880066394806,0.25239598751068115,0.2421880066394806,0.24864600598812103,0.24864600598812103,18480000
2004-08-10,0.24854199588298798,0.24958300590515137,0.2416670024394989,0.24562500417232513,0.24562500417232513,22982400
2004-08-11,0.24197900295257568,0.2421880066394806,0.234375,0.2421880066394806,0.2421880066394806,22972800
2004-08-12,0.24052099883556366,0.2446880042552948,0.2348960041999817,0.2421880066394806,0.2421880066394806,7852800
2004-08-13,0.24479199945926666,0.24479199945926666,0.2242709994316101,0.23218800127506256,0.23218800127506256,16147200
2004-08-16,0.22812500596046448,0.23322899639606476,0.20395800471305847,0.20468799769878387,0.20468799769878387,33878400
2004-08-17,0.20624999701976776,0.2169789969921112,0.2026039958000183,0.20656299591064453,0.20656299591064453,22454400
2004-08-18,0.2036460041999817,0.22666700184345245,0.2015630006790161,0.2265630066394806,0.2265630066394806,24144000
2004-08-19,0.22135399281978607,0.2270829975605011,0.2182289958000183,0.22093799710273743,0.22093799710273743,7180800
2004-08-20,0.2171880006790161,0.2306250035762787,0.2152079939842224,0.2303130030632019,0.2303130030632019,9619200
2004-08-23,0.23166699707508087,0.24708299338817596,0.22916699945926666,0.24135400354862213,0.24135400354862213,18595200
2004-08-24,0.24677099287509918,0.24979199469089508,0.23854200541973114,0.24729199707508087,0.24729199707508087,14092800
2004-08-25,0.2487500011920929,0.24968799948692322,0.23999999463558197,0.2459380030632019,0.2459380030632019,9331200
2004-08-26,0.24895800650119781,0.2502079904079437,0.2398959994316101,0.24197900295257568,0.24197900295257568,6960000
2004-08-27,0.24635399878025055,0.24635399878025055,0.23593799769878387,0.23708300292491913,0.23708300292491913,5116800
2004-08-30,0.23770800232887268,0.24479199945926666,0.23510399460792542,0.242917001247406,0.242917001247406,8121600
2004-08-31,0.24583299458026886,0.24958300590515137,0.24072900414466858,0.24729199707508087,0.24729199707508087,9628800
2004-09-01,0.25,0.28270798921585083,0.24739600718021393,0.2824999988079071,0.2824999988079071,86131200
2004-09-02,0.28416699171066284,0.29166701436042786,0.27125000953674316,0.28510400652885437,0.28510400652885437,74649600
2004-09-03,0.2870829999446869,0.28770801424980164,0.2729170024394989,0.2822920083999634,0.2822920083999634,21177600
2004-09-07,0.28645798563957214,0.3029170036315918,0.27760401368141174,0.28489598631858826,0.28489598631858826,69792000
2004-09-08,0.28614598512649536,0.2903130054473877,0.2762500047683716,0.28239598870277405,0.28239598870277405,18672000
2004-09-09,0.28645798563957214,0.2880209982395172,0.26625001430511475,0.2748959958553314,0.2748959958553314,35712000
2004-09-10,0.27760401368141174,0.29729199409484863,0.2718749940395355,0.2966670095920563,0.2966670095920563,47635200
2004-09-13,0.30781298875808716,0.31541699171066284,0.26249998807907104,0.26625001430511475,0.26625001430511475,197481600
2004-09-14,0.25999999046325684,0.27812498807907104,0.25666698813438416,0.27000001072883606,0.27000001072883606,53702400
2004-09-15,0.27406299114227295,0.27406299114227295,0.25489598512649536,0.2633329927921295,0.2633329927921295,30576000
2004-09-16,0.2606250047683716,0.2718749940395355,0.2578130066394806,0.26166701316833496,0.26166701316833496,20544000
2004-09-17,0.2605209946632385,0.2654170095920563,0.24281300604343414,0.24489599466323853,0.24489599466323853,45657600
2004-09-20,0.24333299696445465,0.25947898626327515,0.2432290017604828,0.25145798921585083,0.25145798921585083,31286400
2004-09-21,0.25520798563957214,0.25520798563957214,0.23552100360393524,0.23552100360393524,0.23552100360393524,50121600
2004-09-22,0.23541699349880219,0.24791699647903442,0.23510399460792542,0.2398959994316101,0.2398959994316101,28502400
2004-09-23,0.23958300054073334,0.24802100658416748,0.2391670048236847,0.24385400116443634,0.24385400116443634,11203200
2004-09-24,0.24104200303554535,0.2551040053367615,0.23999999463558197,0.2520830035209656,0.2520830035209656,14908800
2004-09-27,0.2475000023841858,0.25291699171066284,0.245728999376297,0.2505210041999817,0.2505210041999817,16281600
2004-09-28,0.2487500011920929,0.25864601135253906,0.2487500011920929,0.25,0.25,8371200
2004-09-29,0.24583299458026886,0.25385400652885437,0.24583299458026886,0.2530210018157959,0.2530210018157959,10041600
2004-09-30,0.25416699051856995,0.25416699051856995,0.24708299338817596,0.2512499988079071,0.2512499988079071,9148800
2004-10-01,0.24916699528694153,0.2718749940395355,0.24906300008296967,0.26041701436042786,0.26041701436042786,31248000
2004-10-04,0.26468798518180847,0.2759380042552948,0.26145800948143005,0.2665629982948303,0.2665629982948303,29040000
2004-10-05,0.27260398864746094,0.27260398864746094,0.26197901368141174,0.26395800709724426,0.26395800709724426,7478400
2004-10-06,0.2618750035762787,0.27125000953674316,0.2618750035762787,0.2706249952316284,0.2706249952316284,8736000
2004-10-07,0.26593801379203796,0.27479198575019836,0.26572901010513306,0.26625001430511475,0.26625001430511475,7536000
2004-10-08,0.2688539922237396,0.2688539922237396,0.26197901368141174,0.2636460065841675,0.2636460065841675,6547200
2004-10-11,0.26041701436042786,0.265625,0.25312501192092896,0.26218798756599426,0.26218798756599426,12643200
2004-10-12,0.2562499940395355,0.26322901248931885,0.2562499940395355,0.26041701436042786,0.26041701436042786,7536000
2004-10-13,0.25822898745536804,0.26322901248931885,0.25572898983955383,0.25645801424980164,0.25645801424980164,8899200
2004-10-14,0.25572898983955383,0.26041701436042786,0.23677100241184235,0.24052099883556366,0.24052099883556366,16771200
2004-10-15,0.24135400354862213,0.24989600479602814,0.23697899281978607,0.24916699528694153,0.24916699528694153,20851200
2004-10-18,0.2509379982948303,0.2551040053367615,0.24729199707508087,0.2520830035209656,0.2520830035209656,8428800
2004-10-19,0.2574999928474426,0.26041701436042786,0.25343799591064453,0.2576040029525757,0.2576040029525757,8409600
2004-10-20,0.2593750059604645,0.26447901129722595,0.2530210018157959,0.26322901248931885,0.26322901248931885,6211200
2004-10-21,0.2651039958000183,0.2665629982948303,0.258542001247406,0.2648960053920746,0.2648960053920746,5395200
2004-10-22,0.2648960053920746,0.26572901010513306,0.2605209946632385,0.2605209946632385,0.2605209946632385,3619200
2004-10-25,0.2567709982395172,0.2686460018157959,0.25562500953674316,0.26822900772094727,0.26822900772094727,6528000
2004-10-26,0.26906299591064453,0.2691670060157776,0.2593750059604645,0.26572901010513306,0.26572901010513306,7747200
2004-10-27,0.26875001192092896,0.28031298518180847,0.2635419964790344,0.27083298563957214,0.27083298563957214,12451200
2004-10-28,0.27333301305770874,0.2777079939842224,0.2718749940395355,0.2750000059604645,0.2750000059604645,6384000
2004-10-29,0.27812498807907104,0.27812498807907104,0.2729170024394989,0.27604201436042786,0.27604201436042786,4627200
2004-11-01,0.2802079916000366,0.2802079916000366,0.2608329951763153,0.26343798637390137,0.26343798637390137,8524800
2004-11-02,0.2689580023288727,0.27708300948143005,0.26395800709724426,0.27708300948143005,0.27708300948143005,12566400
2004-11-03,0.2807289958000183,0.2922919988632202,0.2796880006790161,0.2890630066394806,0.2890630066394806,26860800
2004-11-04,0.3050000071525574,0.3102079927921295,0.2661460041999817,0.27031299471855164,0.27031299471855164,102739200
2004-11-05,0.27354198694229126,0.2794789969921112,0.2666670083999634,0.26875001192092896,0.26875001192092896,15187200
2004-11-08,0.2723959982395172,0.2775000035762787,0.26822900772094727,0.27729201316833496,0.27729201316833496,10176000
2004-11-09,0.2777079939842224,0.28125,0.26822900772094727,0.28125,0.28125,13209600
2004-11-10,0.28125,0.3043749928474426,0.2800000011920929,0.30333301424980164,0.30333301424980164,37833600
2004-11-11,0.3041670024394989,0.325313001871109,0.3036459982395172,0.3220829963684082,0.3220829963684082,77164800
2004-11-12,0.32291701436042786,0.3357290029525757,0.3160420060157776,0.3332290053367615,0.3332290053367615,74044800
2004-11-15,0.3332290053367615,0.33427101373672485,0.32239601016044617,0.32927098870277405,0.32927098870277405,21897600
2004-11-16,0.3304170072078705,0.3306249976158142,0.31895801424980164,0.3247919976711273,0.3247919976711273,16281600
2004-11-17,0.32645800709724426,0.3331249952316284,0.2981249988079071,0.30656298995018005,0.30656298995018005,52329600
2004-11-18,0.30135399103164673,0.3291670083999634,0.2991670072078705,0.32291701436042786,0.32291701436042786,43584000
2004-11-19,0.3165630102157593,0.335207998752594,0.3125,0.328125,0.328125,17875200
2004-11-22,0.3332290053367615,0.3332290053367615,0.3206250071525574,0.32968801259994507,0.32968801259994507,8419200
2004-11-23,0.3316670060157776,0.34864598512649536,0.3230209946632385,0.34791699051856995,0.34791699051856995,25142400
2004-11-24,0.34895798563957214,0.3561460077762604,0.34375,0.3556250035762787,0.3556250035762787,16617600
2004-11-26,0.359375,0.3595829904079437,0.34895798563957214,0.35239601135253906,0.35239601135253906,6297600
2004-11-29,0.35624998807907104,0.359375,0.34760400652885437,0.3547919988632202,0.3547919988632202,13680000
2004-11-30,0.35666701197624207,0.3634380102157593,0.3520829975605011,0.3520829975605011,0.3520829975605011,14409600
2004-12-01,0.35416701436042786,0.3648959994316101,0.34895798563957214,0.3621880114078522,0.3621880114078522,23107200
2004-12-02,0.3621880114078522,0.3631249964237213,0.35697901248931885,0.359375,0.359375,12931200
2004-12-03,0.35677099227905273,0.3661459982395172,0.35364601016044617,0.3618749976158142,0.3618749976158142,8611200
2004-12-06,0.36427098512649536,0.3671880066394806,0.36250001192092896,0.3669790029525757,0.3669790029525757,8659200
2004-12-07,0.3671880066394806,0.3691670000553131,0.3387500047683716,0.3447920083999634,0.3447920083999634,17932800
2004-12-08,0.33802101016044617,0.34687501192092896,0.3304170072078705,0.34687501192092896,0.34687501192092896,14294400
2004-12-09,0.34385401010513306,0.3455210030078888,0.32947900891304016,0.34010401368141174,0.34010401368141174,8515200
2004-12-10,0.3458330035209656,0.34895798563957214,0.3375000059604645,0.33854201436042786,0.33854201436042786,5990400
2004-12-13,0.3435420095920563,0.350832998752594,0.3405210077762604,0.3458330035209656,0.3458330035209656,9004800
2004-12-14,0.3505209982395172,0.3540630042552948,0.34375,0.34437501430511475,0.34437501430511475,8246400
2004-12-15,0.34635400772094727,0.35145801305770874,0.3427079916000366,0.34614598751068115,0.34614598751068115,5212800
2004-12-16,0.3458330035209656,0.34812501072883606,0.34135401248931885,0.3416669964790344,0.3416669964790344,7881600
2004-12-17,0.3386459946632385,0.3442710041999817,0.33656299114227295,0.34156298637390137,0.34156298637390137,7104000
2004-12-20,0.34375,0.34541699290275574,0.33177098631858826,0.33500000834465027,0.33500000834465027,7353600
2004-12-21,0.3421880006790161,0.3421880006790161,0.3206250071525574,0.33781298995018005,0.33781298995018005,14707200
2004-12-22,0.34114599227905273,0.34364598989486694,0.33781298995018005,0.3405210077762604,0.3405210077762604,3657600
2004-12-23,0.3421880006790161,0.35072898864746094,0.34208300709724426,0.3499999940395355,0.3499999940395355,22252800
2004-12-27,0.35677099227905273,0.3644790053367615,0.3560419976711273,0.3583329916000366,0.3583329916000366,23664000
2004-12-28,0.3591670095920563,0.3666670024394989,0.35624998807907104,0.36479198932647705,0.36479198932647705,22464000
2004-12-29,0.3671880066394806,0.38020798563957214,0.3652079999446869,0.37406298518180847,0.37406298518180847,21676800
2004-12-30,0.37406298518180847,0.375,0.36479198932647705,0.3729169964790344,0.3729169964790344,7881600
2004-12-31,0.375,0.38343799114227295,0.37239599227905273,0.379271000623703,0.379271000623703,7948800
2005-01-03,0.38947901129722595,0.39208298921585083,0.37406298518180847,0.38270801305770874,0.38270801305770874,17059200
2005-01-04,0.38093799352645874,0.3847920000553131,0.3573960065841675,0.36677101254463196,0.36677101254463196,23443200
2005-01-05,0.359375,0.3675000071525574,0.34010401368141174,0.3490630090236664,0.3490630090236664,26649600
2005-01-06,0.34895798563957214,0.36093801259994507,0.3371880054473877,0.3604170083999634,0.3604170083999634,15081600
2005-01-07,0.36333298683166504,0.3634380102157593,0.3497920036315918,0.35270801186561584,0.35270801186561584,9206400
2005-01-10,0.3531250059604645,0.3661459982395172,0.35270801186561584,0.3578130006790161,0.3578130006790161,13152000
2005-01-11,0.3598960041999817,0.36406299471855164,0.34739598631858826,0.36197900772094727,0.36197900772094727,12374400
2005-01-12,0.359375,0.36406299471855164,0.3510420024394989,0.3606249988079071,0.3606249988079071,15945600
2005-01-13,0.35843798518180847,0.3812499940395355,0.35843798518180847,0.37187498807907104,0.37187498807907104,16531200
2005-01-14,0.3760420083999634,0.38802099227905273,0.3682290017604828,0.3876039981842041,0.3876039981842041,14649600
2005-01-18,0.3901039958000183,0.4145829975605011,0.38062500953674316,0.40625,0.40625,31113600
2005-01-19,0.41041699051856995,0.41041699051856995,0.3984380066394806,0.4000000059604645,0.4000000059604645,16473600
2005-01-20,0.3984380066394806,0.3984380066394806,0.3755210041999817,0.38218799233436584,0.38218799233436584,14236800
2005-01-21,0.3858329951763153,0.40010398626327515,0.37812501192092896,0.39072901010513306,0.39072901010513306,7977600
2005-01-24,0.3911460041999817,0.40437498688697815,0.38416698575019836,0.3986459970474243,0.3986459970474243,18240000
2005-01-25,0.4014579951763153,0.4074999988079071,0.40062499046325684,0.40562498569488525,0.40562498569488525,11011200
2005-01-26,0.41187500953674316,0.41239601373672485,0.3971880078315735,0.3987500071525574,0.3987500071525574,15984000
2005-01-27,0.40104201436042786,0.41645801067352295,0.40104201436042786,0.41020798683166504,0.41020798683166504,13036800
2005-01-28,0.4143750071525574,0.4286459982395172,0.41187500953674316,0.42343801259994507,0.42343801259994507,24009600
2005-01-31,0.43489599227905273,0.44010400772094727,0.41739600896835327,0.42604199051856995,0.42604199051856995,32736000
2005-02-01,0.42906299233436584,0.453125,0.42906299233436584,0.45145800709724426,0.45145800709724426,29433600
2005-02-02,0.46083301305770874,0.4609380066394806,0.4395830035209656,0.44927099347114563,0.44927099347114563,26294400
2005-02-03,0.4515630006790161,0.46458300948143005,0.44947901368141174,0.4634380042552948,0.4634380042552948,22012800
2005-02-04,0.46531298756599426,0.47874999046325684,0.4637500047683716,0.4780209958553314,0.4780209958553314,19603200
2005-02-07,0.47916701436042786,0.4946880042552948,0.4780209958553314,0.4946880042552948,0.4946880042552948,23155200
2005-02-08,0.48958298563957214,0.49385398626327515,0.413332998752594,0.41666701436042786,0.41666701436042786,111225600
2005-02-09,0.41364601254463196,0.4228129982948303,0.3886460065841675,0.3954170048236847,0.3954170048236847,76809600
2005-02-10,0.39093801379203796,0.4291670024394989,0.39020800590515137,0.4064579904079437,0.4064579904079437,45120000
2005-02-11,0.4064579904079437,0.41489601135253906,0.3883329927921295,0.4099999964237213,0.4099999964237213,25084800
2005-02-14,0.4165630042552948,0.4478130042552948,0.4153130054473877,0.4478130042552948,0.4478130042552948,43152000
2005-02-15,0.4551039934158325,0.4579170048236847,0.4362500011920929,0.4472920000553131,0.4472920000553131,31747200
2005-02-16,0.44645801186561584,0.44791701436042786,0.42781299352645874,0.44093799591064453,0.44093799591064453,31785600
2005-02-17,0.44010400772094727,0.446042001247406,0.4229170083999634,0.42479199171066284,0.42479199171066284,11952000
2005-02-18,0.42479199171066284,0.42906299233436584,0.40781301259994507,0.417603999376297,0.417603999376297,18528000
2005-02-22,0.41666701436042786,0.41666701436042786,0.3996880054473877,0.4021880030632019,0.4021880030632019,16387200
2005-02-23,0.40104201436042786,0.4197919964790344,0.4007290005683899,0.4108330011367798,0.4108330011367798,18470400
2005-02-24,0.4156250059604645,0.44968798756599426,0.4050000011920929,0.44927099347114563,0.44927099347114563,33321600
2005-02-25,0.448853999376297,0.46458300948143005,0.4357289969921112,0.45802098512649536,0.45802098512649536,21763200
2005-02-28,0.4636459946632385,0.465938001871109,0.44135400652885437,0.4564580023288727,0.4564580023288727,11865600
2005-03-01,0.45875000953674316,0.4737499952316284,0.45552098751068115,0.4709379971027374,0.4709379971027374,16915200
2005-03-02,0.47291699051856995,0.4828130006790161,0.4614579975605011,0.4797919988632202,0.4797919988632202,13680000
2005-03-03,0.48302099108695984,0.4863539934158325,0.46937501430511475,0.47749999165534973,0.47749999165534973,11328000
2005-03-04,0.48552098870277405,0.48572900891304016,0.47260400652885437,0.48447901010513306,0.48447901010513306,12950400
2005-03-07,0.47989600896835327,0.4822919964790344,0.46208301186561584,0.4722920060157776,0.4722920060157776,13958400
2005-03-08,0.47395798563957214,0.4822919964790344,0.4541670083999634,0.46562498807907104,0.46562498807907104,11644800
2005-03-09,0.46104198694229126,0.46604201197624207,0.4385420083999634,0.43989598751068115,0.43989598751068115,27446400
2005-03-10,0.44395801424980164,0.44520801305770874,0.42124998569488525,0.42583298683166504,0.42583298683166504,29001600
2005-03-11,0.42750000953674316,0.46354201436042786,0.42750000953674316,0.4506250023841858,0.4506250023841858,43276800
2005-03-14,0.48697900772094727,0.5721880197525024,0.48052099347114563,0.5684379935264587,0.5684379935264587,313132800
2005-03-15,0.5703129768371582,0.6134380102157593,0.552291989326477,0.6088539958000183,0.6088539958000183,170784000
2005-03-16,0.6027079820632935,0.6041669845581055,0.5654169917106628,0.5789579749107361,0.5789579749107361,80707200
2005-03-17,0.5855209827423096,0.6067709922790527,0.5730209946632385,0.5961459875106812,0.5961459875106812,37929600
2005-03-18,0.5917710065841675,0.6035419702529907,0.5670830011367798,0.5791670083999634,0.5791670083999634,38889600
2005-03-21,0.5791670083999634,0.5841670036315918,0.5536460280418396,0.559374988079071,0.559374988079071,33724800
2005-03-22,0.5603129863739014,0.5706250071525574,0.5442709922790527,0.546875,0.546875,32841600
2005-03-23,0.5442709922790527,0.5572919845581055,0.5432289838790894,0.5489580035209656,0.5489580035209656,18720000
2005-03-24,0.5552080273628235,0.6244789958000183,0.5548959970474243,0.6237499713897705,0.6237499713897705,109248000
2005-03-28,0.6197919845581055,0.6253129839897156,0.5847920179367065,0.6086459755897522,0.6086459755897522,73939200
2005-03-29,0.609375,0.6254169940948486,0.5868750214576721,0.5895829796791077,0.5895829796791077,74102400
2005-03-30,0.5911459922790527,0.6185420155525208,0.5911459922790527,0.6172919869422913,0.6172919869422913,38553600
2005-03-31,0.6160420179367065,0.6302080154418945,0.6045830249786377,0.6244789958000183,0.6244789958000183,68112000
2005-04-01,0.6318749785423279,0.6421880125999451,0.6077079772949219,0.6121879816055298,0.6121879816055298,40608000
2005-04-04,0.6229169964790344,0.6364579796791077,0.6130210161209106,0.6307290196418762,0.6307290196418762,35452800
2005-04-05,0.6343749761581421,0.6415629982948303,0.6207290291786194,0.6382290124893188,0.6382290124893188,23702400
2005-04-06,0.6414579749107361,0.6447920203208923,0.6208329796791077,0.6273959875106812,0.6273959875106812,20496000
2005-04-07,0.6324999928474426,0.6324999928474426,0.617917001247406,0.6290630102157593,0.6290630102157593,10579200
2005-04-08,0.6262500286102295,0.6380209922790527,0.6145830154418945,0.6162499785423279,0.6162499785423279,16425600
2005-04-11,0.6166669726371765,0.6301040053367615,0.5994790196418762,0.6087499856948853,0.6087499856948853,20803200
2005-04-12,0.609375,0.6131250262260437,0.5809379816055298,0.6041669845581055,0.6041669845581055,34195200
2005-04-13,0.6044790148735046,0.6044790148735046,0.5851039886474609,0.5876039862632751,0.5876039862632751,14774400
2005-04-14,0.585207998752594,0.5946879982948303,0.5677080154418945,0.5777080059051514,0.5777080059051514,24480000
2005-04-15,0.5738540291786194,0.5806249976158142,0.552291989326477,0.5583329796791077,0.5583329796791077,20995200
2005-04-18,0.5555210113525391,0.5916669964790344,0.5461459755897522,0.5665630102157593,0.5665630102157593,46185600
2005-04-19,0.5768749713897705,0.5863540172576904,0.5438539981842041,0.5588539838790894,0.5588539838790894,47942400
2005-04-20,0.5691670179367065,0.5702080130577087,0.5519790053367615,0.5547919869422913,0.5547919869422913,22281600
2005-04-21,0.5625,0.5901039838790894,0.5584380030632019,0.5841670036315918,0.5841670036315918,36326400
2005-04-22,0.5888540148735046,0.5888540148735046,0.565625011920929,0.5670830011367798,0.5670830011367798,27926400
2005-04-25,0.5846880078315735,0.6539580225944519,0.5787500143051147,0.6476039886474609,0.6476039886474609,125232000
2005-04-26,0.6505209803581238,0.6598960161209106,0.6145830154418945,0.6168749928474426,0.6168749928474426,69936000
2005-04-27,0.6145830154418945,0.628957986831665,0.6019790172576904,0.6232290267944336,0.6232290267944336,39004800
2005-04-28,0.625,0.6295830011367798,0.5744789838790894,0.578125,0.578125,68457600
2005-04-29,0.59375,0.6011459827423096,0.5614579916000366,0.5904170274734497,0.5904170274734497,46963200
2005-05-02,0.5978130102157593,0.6446880102157593,0.5978130102157593,0.6441670060157776,0.6441670060157776,78480000
2005-05-03,0.6458330154418945,0.6911460161209106,0.633542001247406,0.682083010673523,0.682083010673523,141840000
2005-05-04,0.6864579916000366,0.7010419964790344,0.6630210280418396,0.6881250143051147,0.6881250143051147,72201600
2005-05-05,0.6961460113525391,0.7076039910316467,0.6723960041999817,0.6777080297470093,0.6777080297470093,68803200
2005-05-06,0.6810420155525208,0.7026039958000183,0.6697919964790344,0.6933330297470093,0.6933330297470093,58550400
2005-05-09,0.7081249952316284,0.7303130030632019,0.6886460185050964,0.7251039743423462,0.7251039743423462,101702400
2005-05-10,0.7636460065841675,0.7676039934158325,0.7005209922790527,0.7074999809265137,0.7074999809265137,355209600
2005-05-11,0.7167710065841675,0.7223960161209106,0.6719790101051331,0.7072920203208923,0.7072920203208923,178310400
2005-05-12,0.7036460041999817,0.7237499952316284,0.6825000047683716,0.6862499713897705,0.6862499713897705,144710400
2005-05-13,0.6770830154418945,0.6791669726371765,0.6387500166893005,0.6489580273628235,0.6489580273628235,141628800
2005-05-16,0.6496880054473877,0.6964579820632935,0.6473960280418396,0.6948959827423096,0.6948959827423096,90931200
2005-05-17,0.6937500238418579,0.7072920203208923,0.6854169964790344,0.7012500166893005,0.7012500166893005,65904000
2005-05-18,0.7082290053367615,0.7259380221366882,0.6911460161209106,0.7231249809265137,0.7231249809265137,58704000
2005-05-19,0.7263540029525757,0.7269790172576904,0.7053130269050598,0.7203130125999451,0.7203130125999451,35424000
2005-05-20,0.7208330035209656,0.7270830273628235,0.706354022026062,0.7216669917106628,0.7216669917106628,25027200
2005-05-23,0.7310420274734497,0.753957986831665,0.7229170203208923,0.7497919797897339,0.7497919797897339,56947200
2005-05-24,0.7479169964790344,0.7491670250892639,0.7228130102157593,0.7319790124893188,0.7319790124893188,32889600
2005-05-25,0.7370830178260803,0.7370830178260803,0.7166669964790344,0.7198960185050964,0.7198960185050964,29875200
2005-05-26,0.7223960161209106,0.7475000023841858,0.7223960161209106,0.7341669797897339,0.7341669797897339,25603200
2005-05-27,0.7357289791107178,0.7434380054473877,0.7252079844474792,0.7406250238418579,0.7406250238418579,11001600
2005-05-31,0.7406250238418579,0.78125,0.734375,0.7764580249786377,0.7764580249786377,53318400
2005-06-01,0.7787500023841858,0.7990630269050598,0.7577080130577087,0.7738540172576904,0.7738540172576904,61680000
2005-06-02,0.777292013168335,0.7894790172576904,0.7669789791107178,0.7837499976158142,0.7837499976158142,21811200
2005-06-03,0.7833330035209656,0.7965630292892456,0.7586460113525391,0.7726039886474609,0.7726039886474609,32275200
2005-06-06,0.7692710161209106,0.8203129768371582,0.7685419917106628,0.816353976726532,0.816353976726532,56774400
2005-06-07,0.8203129768371582,0.8408330082893372,0.8126040101051331,0.8382290005683899,0.8382290005683899,59769600
2005-06-08,0.8427079916000366,0.8581249713897705,0.8126040101051331,0.8182290196418762,0.8182290196418762,49555200
2005-06-09,0.8199999928474426,0.8528130054473877,0.8130210041999817,0.8503130078315735,0.8503130078315735,32716800
2005-06-10,0.8535419702529907,0.8634380102157593,0.8346880078315735,0.8520830273628235,0.8520830273628235,36019200
2005-06-13,0.8634380102157593,0.8635420203208923,0.8359379768371582,0.8419790267944336,0.8419790267944336,32841600
2005-06-14,0.8382290005683899,0.8482289910316467,0.8382290005683899,0.8455209732055664,0.8455209732055664,15369600
2005-06-15,0.8438540101051331,0.8531249761581421,0.8361459970474243,0.84375,0.84375,37833600
2005-06-16,0.8443750143051147,0.8496879935264587,0.8182290196418762,0.8475000262260437,0.8475000262260437,28617600
2005-06-17,0.8495830297470093,0.8526039719581604,0.8392710089683533,0.8455209732055664,0.8455209732055664,14966400
2005-06-20,0.8386459946632385,0.8482289910316467,0.8207290172576904,0.8442710041999817,0.8442710041999817,25958400
2005-06-21,0.8434380292892456,0.9034379720687866,0.8360419869422913,0.894582986831665,0.894582986831665,79382400
2005-06-22,0.9035419821739197,0.9156249761581421,0.8780210018157959,0.8846880197525024,0.8846880197525024,30912000
2005-06-23,0.887499988079071,0.8932290077209473,0.8541669845581055,0.8612499833106995,0.8612499833106995,19219200
2005-06-24,0.8560420274734497,0.859375,0.7922919988632202,0.8430209755897522,0.8430209755897522,77145600
2005-06-27,0.8422920107841492,0.8747919797897339,0.817916989326477,0.8657289743423462,0.8657289743423462,36057600
2005-06-28,0.8748959898948669,0.8994789719581604,0.856145977973938,0.893750011920929,0.893750011920929,36105600
2005-06-29,0.9018750190734863,0.9145830273628235,0.8759379982948303,0.8972920179367065,0.8972920179367065,31382400
2005-06-30,0.9010419845581055,0.9207289814949036,0.8807290196418762,0.8824999928474426,0.8824999928474426,41174400
2005-07-01,0.8984379768371582,0.8984379768371582,0.8604170083999634,0.8840630054473877,0.8840630054473877,21763200
2005-07-05,0.8862500190734863,0.9352080225944519,0.8797919750213623,0.9295830130577087,0.9295830130577087,34886400
2005-07-06,0.9364579916000366,0.9364579916000366,0.9114580154418945,0.9177079796791077,0.9177079796791077,21888000
2005-07-07,0.9055209755897522,0.9270830154418945,0.9024999737739563,0.9219790101051331,0.9219790101051331,22252800
2005-07-08,0.927291989326477,0.9484379887580872,0.9220830202102661,0.9476040005683899,0.9476040005683899,21888000
2005-07-11,0.9635419845581055,0.9947919845581055,0.949999988079071,0.9895830154418945,0.9895830154418945,31545600
2005-07-12,0.9943749904632568,1.012395977973938,0.974166989326477,1.000520944595337,1.000520944595337,36844800
2005-07-13,1.0010420083999634,1.0162500143051147,0.9803130030632019,1.009374976158142,1.009374976158142,24873600
2005-07-14,1.015104055404663,1.0460419654846191,0.9796879887580872,0.996042013168335,0.996042013168335,51062400
2005-07-15,1.0,1.03125,0.9797919988632202,1.0187499523162842,1.0187499523162842,22003200
2005-07-18,1.0416669845581055,1.072708010673523,1.0390629768371582,1.0488539934158325,1.0488539934158325,59702400
2005-07-19,1.0556249618530273,1.121978998184204,1.0521880388259888,1.118749976158142,1.118749976158142,52886400
2005-07-20,1.1124999523162842,1.125,1.006250023841858,1.0616669654846191,1.0616669654846191,101472000
2005-07-21,1.0625,1.0666669607162476,0.9920830130577087,1.0229170322418213,1.0229170322418213,54364800
2005-07-22,1.0229170322418213,1.0311460494995117,0.8808330297470093,0.9593750238418579,0.9593750238418579,152764800
2005-07-25,0.9319790005683899,0.9802079796791077,0.9071879982948303,0.9398959875106812,0.9398959875106812,67756800
2005-07-26,0.9192709922790527,0.973438024520874,0.9169790148735046,0.9527080059051514,0.9527080059051514,52492800
2005-07-27,0.9607290029525757,1.0176039934158325,0.9607290029525757,1.0135420560836792,1.0135420560836792,62688000
2005-07-28,1.0260419845581055,1.0296880006790161,0.9881250262260437,0.9984380006790161,0.9984380006790161,35308800
2005-07-29,1.0058330297470093,1.0254169702529907,0.9515630006790161,0.9624999761581421,0.9624999761581421,43843200
2005-08-01,0.9296879768371582,1.0031249523162842,0.9191669821739197,0.9941669702529907,0.9941669702529907,103996800
2005-08-02,0.9870830178260803,1.019582986831665,0.9661459922790527,0.971875011920929,0.971875011920929,44870400
2005-08-03,0.9685419797897339,1.0125000476837158,0.9636459946632385,1.0075000524520874,1.0075000524520874,42144000
2005-08-04,1.0104169845581055,1.0104169845581055,0.9839580059051514,1.004688024520874,1.004688024520874,23644800
2005-08-05,1.004688024520874,1.0187499523162842,0.9479169845581055,0.9527080059051514,0.9527080059051514,38265600
2005-08-08,0.956250011920929,1.009166955947876,0.9505209922790527,1.0058330297470093,1.0058330297470093,67660800
2005-08-09,1.1041669845581055,1.1145830154418945,0.9375,0.9708330035209656,0.9708330035209656,175526400
2005-08-10,0.9629169702529907,0.9904170036315918,0.8833330273628235,0.9035419821739197,0.9035419821739197,113520000
2005-08-11,0.8912500143051147,0.932083010673523,0.8552079796791077,0.8879169821739197,0.8879169821739197,74347200
2005-08-12,0.9122920036315918,0.9166669845581055,0.8756250143051147,0.9135419726371765,0.9135419726371765,38260800
2005-08-15,0.9120830297470093,0.9312499761581421,0.8918750286102295,0.9185420274734497,0.9185420274734497,23438400
2005-08-16,0.9208329916000366,0.9364579916000366,0.8860419988632202,0.9081249833106995,0.9081249833106995,26524800
2005-08-17,0.8989580273628235,0.9291669726371765,0.8879169821739197,0.9037500023841858,0.9037500023841858,19060800
2005-08-18,0.8910419940948486,0.9070829749107361,0.8777080178260803,0.8856250047683716,0.8856250047683716,17625600
2005-08-19,0.8770830035209656,0.90625,0.8760420083999634,0.9049999713897705,0.9049999713897705,20616000
2005-08-22,0.9064580202102661,0.9572920203208923,0.8993750214576721,0.9545829892158508,0.9545829892158508,38688000
2005-08-23,0.9574999809265137,0.9716669917106628,0.9256250262260437,0.9322919845581055,0.9322919845581055,45153600
2005-08-24,0.9333329796791077,0.9345830082893372,0.893750011920929,0.8995829820632935,0.8995829820632935,32904000
2005-08-25,0.921875,0.9574999809265137,0.921875,0.9408329725265503,0.9408329725265503,41198400
2005-08-26,0.9416670203208923,0.956250011920929,0.9291669726371765,0.9437500238418579,0.9437500238418579,21628800
2005-08-29,0.9327080249786377,0.9739580154418945,0.9327080249786377,0.9610419869422913,0.9610419869422913,16795200
2005-08-30,0.9643750190734863,0.9975000023841858,0.9583330154418945,0.9881250262260437,0.9881250262260437,29188800
2005-08-31,0.9977080225944519,1.038957953453064,0.9802079796791077,1.0343749523162842,1.0343749523162842,41980800
2005-09-01,1.0416669845581055,1.0750000476837158,1.0322920083999634,1.0681250095367432,1.0681250095367432,31507200
2005-09-02,1.0758329629898071,1.0760420560836792,1.0158330202102661,1.0297919511795044,1.0297919511795044,24825600
2005-09-06,1.0364580154418945,1.057083010673523,1.0145829916000366,1.0460419654846191,1.0460419654846191,25526400
2005-09-07,1.0470830202102661,1.0645829439163208,1.0470830202102661,1.0633330345153809,1.0633330345153809,15076800
2005-09-08,1.0635420083999634,1.0652079582214355,1.0458329916000366,1.0483330488204956,1.0483330488204956,15192000
2005-09-09,1.0568749904632568,1.0568749904632568,1.0143749713897705,1.023542046546936,1.023542046546936,23587200
2005-09-12,1.0279170274734497,1.0362499952316284,1.0002080202102661,1.0041669607162476,1.0041669607162476,20472000
2005-09-13,1.0,1.0208330154418945,0.9479169845581055,0.9881250262260437,0.9881250262260437,43065600
2005-09-14,0.9827079772949219,0.9995830059051514,0.9599999785423279,0.9720829725265503,0.9720829725265503,17664000
2005-09-15,0.965624988079071,0.9739580154418945,0.9206249713897705,0.925000011920929,0.925000011920929,30681600
2005-09-16,0.9287499785423279,0.9645829796791077,0.9287499785423279,0.9489579796791077,0.9489579796791077,21139200
2005-09-19,0.9489579796791077,0.9662500023841858,0.9449999928474426,0.9470829963684082,0.9470829963684082,14020800
2005-09-20,0.9537500143051147,0.9537500143051147,0.8854169845581055,0.8981249928474426,0.8981249928474426,36379200
2005-09-21,0.8887500166893005,0.9077079892158508,0.8243749737739563,0.8972920179367065,0.8972920179367065,76430400
2005-09-22,0.8958330154418945,0.8958330154418945,0.8343750238418579,0.8435419797897339,0.8435419797897339,40190400
2005-09-23,0.8414580225944519,0.8545830249786377,0.833541989326477,0.8470829725265503,0.8470829725265503,18657600
2005-09-26,0.8520830273628235,0.8931249976158142,0.8387500047683716,0.8802080154418945,0.8802080154418945,25228800
2005-09-27,0.8802080154418945,0.9060419797897339,0.8764579892158508,0.8941670060157776,0.8941670060157776,19056000
2005-09-28,0.9024999737739563,0.9145830273628235,0.8797919750213623,0.9122920036315918,0.9122920036315918,21168000
2005-09-29,0.916458010673523,0.9683330059051514,0.885208010673523,0.9583330154418945,0.9583330154418945,50169600
2005-09-30,0.9604169726371765,0.9977080225944519,0.9524999856948853,0.9808329939842224,0.9808329939842224,36446400
2005-10-03,0.9864580035209656,1.0066670179367065,0.9791669845581055,0.9852079749107361,0.9852079749107361,102916800
2005-10-04,0.9847919940948486,0.9904170036315918,0.9318749904632568,0.9358329772949219,0.9358329772949219,40036800
2005-10-05,0.9318749904632568,0.9518749713897705,0.9237499833106995,0.925000011920929,0.925000011920929,25219200
2005-10-06,0.9243749976158142,0.9439579844474792,0.9070829749107361,0.928957998752594,0.928957998752594,21988800
2005-10-07,0.9318749904632568,0.9620829820632935,0.9291669726371765,0.9554169774055481,0.9554169774055481,15998400
2005-10-10,0.9583330154418945,0.963333010673523,0.8974999785423279,0.9129170179367065,0.9129170179367065,19065600
2005-10-11,0.9166669845581055,0.9447919726371765,0.911666989326477,0.9331250190734863,0.9331250190734863,21120000
2005-10-12,0.9229170083999634,0.9372919797897339,0.8729169964790344,0.8745830059051514,0.8745830059051514,29203200
2005-10-13,0.8656250238418579,0.9079170227050781,0.8360419869422913,0.8845829963684082,0.8845829963684082,31420800
2005-10-14,0.8837500214576721,0.9189580082893372,0.8833330273628235,0.9166669845581055,0.9166669845581055,19080000
2005-10-17,0.9166669845581055,0.9352080225944519,0.9068750143051147,0.9235420227050781,0.9235420227050781,18744000
2005-10-18,0.9239580035209656,0.9389579892158508,0.9127079844474792,0.9325000047683716,0.9325000047683716,13608000
2005-10-19,0.9208329916000366,0.949999988079071,0.9012500047683716,0.9466670155525208,0.9466670155525208,19300800
2005-10-20,0.9487500190734863,0.9645829796791077,0.9293749928474426,0.9614580273628235,0.9614580273628235,23721600
2005-10-21,0.9645829796791077,0.9856250286102295,0.9614580273628235,0.9841669797897339,0.9841669797897339,18240000
2005-10-24,0.991457998752594,1.0083329677581787,0.9895830154418945,0.9937499761581421,0.9937499761581421,22876800
2005-10-25,0.9889580011367798,0.9933329820632935,0.960207998752594,0.9791669845581055,0.9791669845581055,14332800
2005-10-26,0.9702079892158508,0.996874988079071,0.9506250023841858,0.960207998752594,0.960207998752594,10473600
2005-10-27,0.9547920227050781,0.9552080035209656,0.9166669845581055,0.9231250286102295,0.9231250286102295,18384000
2005-10-28,0.9243749976158142,1.0068750381469727,0.9243749976158142,1.0056250095367432,1.0056250095367432,31924800
2005-10-31,1.013124942779541,1.0645829439163208,1.0122920274734497,1.0525000095367432,1.0525000095367432,54988800
2005-11-01,1.0579169988632202,1.0579169988632202,1.0289579629898071,1.0356249809265137,1.0356249809265137,21715200
2005-11-02,1.1135419607162476,1.212291955947876,1.0920829772949219,1.2106250524520874,1.2106250524520874,122150400
2005-11-03,1.244583010673523,1.2495830059051514,1.175832986831665,1.1816669702529907,1.1816669702529907,63600000
2005-11-04,1.1956249475479126,1.2114579677581787,1.1572920083999634,1.200624942779541,1.200624942779541,31828800
2005-11-07,1.2202080488204956,1.2477079629898071,1.149999976158142,1.1604169607162476,1.1604169607162476,52612800
2005-11-08,1.1583329439163208,1.1847920417785645,1.127500057220459,1.181249976158142,1.181249976158142,55233600
2005-11-09,1.3627079725265503,1.3733329772949219,1.2779170274734497,1.337499976158142,1.337499976158142,252273600
2005-11-10,1.321874976158142,1.4212499856948853,1.321874976158142,1.4039579629898071,1.4039579629898071,92462400
2005-11-11,1.4039579629898071,1.4249999523162842,1.3604170083999634,1.4058330059051514,1.4058330059051514,43329600
2005-11-14,1.416458010673523,1.433750033378601,1.3981250524520874,1.4308329820632935,1.4308329820632935,32030400
2005-11-15,1.457082986831665,1.5135420560836792,1.4081250429153442,1.4143749475479126,1.4143749475479126,124387200
2005-11-16,1.4012500047683716,1.4631249904632568,1.375,1.4558329582214355,1.4558329582214355,48907200
2005-11-17,1.4691669940948486,1.4972920417785645,1.4385420083999634,1.4912500381469727,1.4912500381469727,35481600
2005-11-18,1.4966670274734497,1.5099999904632568,1.4802080392837524,1.4987499713897705,1.4987499713897705,29491200
2005-11-21,1.4987499713897705,1.5510419607162476,1.4816670417785645,1.5441670417785645,1.5441670417785645,34972800
2005-11-22,1.5439579486846924,1.5625,1.5127079486846924,1.5447920560836792,1.5447920560836792,29966400
2005-11-23,1.5458329916000366,1.5489579439163208,1.5052080154418945,1.5135420560836792,1.5135420560836792,28896000
2005-11-25,1.523542046546936,1.541458010673523,1.5183329582214355,1.5364580154418945,1.5364580154418945,9652800
2005-11-28,1.5464580059051514,1.6174999475479126,1.5364580154418945,1.5970829725265503,1.5970829725265503,52915200
2005-11-29,1.5968749523162842,1.647083044052124,1.590000033378601,1.6441669464111328,1.6441669464111328,61540800
2005-11-30,1.6458330154418945,1.6622920036315918,1.59375,1.6177079677581787,1.6177079677581787,44880000
2005-12-01,1.6410419940948486,1.6791670322418213,1.618749976158142,1.6749999523162842,1.6749999523162842,45456000
2005-12-02,1.6872919797897339,1.7287499904632568,1.6595829725265503,1.724166989326477,1.724166989326477,44956800
2005-12-05,1.7106250524520874,1.7622920274734497,1.7097920179367065,1.7510420083999634,1.7510420083999634,52387200
2005-12-06,1.75,1.7777080535888672,1.7385419607162476,1.7477079629898071,1.7477079629898071,39758400
2005-12-07,1.7583329677581787,1.7739579677581787,1.692916989326477,1.7714580297470093,1.7714580297470093,49051200
2005-12-08,1.7708330154418945,1.8208329677581787,1.728958010673523,1.7387499809265137,1.7387499809265137,68985600
2005-12-09,1.7520829439163208,1.768125057220459,1.7052079439163208,1.7635420560836792,1.7635420560836792,36940800
2005-12-12,1.786666989326477,1.8322919607162476,1.7714580297470093,1.8064579963684082,1.8064579963684082,46200000
2005-12-13,1.8195830583572388,1.8393750190734863,1.7581249475479126,1.7983330488204956,1.7983330488204956,54139200
2005-12-14,1.7862499952316284,1.7862499952316284,1.7316670417785645,1.7472920417785645,1.7472920417785645,47606400
2005-12-15,1.7395830154418945,1.7493749856948853,1.5895830392837524,1.6687500476837158,1.6687500476837158,106747200
2005-12-16,1.6689579486846924,1.6875,1.6066670417785645,1.6141669750213623,1.6141669750213623,56366400
2005-12-19,1.650833010673523,1.6666669845581055,1.6050000190734863,1.6395829916000366,1.6395829916000366,43281600
2005-12-20,1.6520830392837524,1.7572920322418213,1.6395829916000366,1.7391669750213623,1.7391669750213623,76742400
2005-12-21,1.7300000190734863,1.757917046546936,1.7127079963684082,1.7418750524520874,1.7418750524520874,36624000
2005-12-22,1.75,1.773542046546936,1.7262500524520874,1.761667013168335,1.761667013168335,29174400
2005-12-23,1.7725000381469727,1.7833329439163208,1.75,1.7831250429153442,1.7831250429153442,33456000
2005-12-27,1.78125,1.7829170227050781,1.7312500476837158,1.7333329916000366,1.7333329916000366,32395200
2005-12-28,1.7291669845581055,1.7291669845581055,1.671875,1.7087500095367432,1.7087500095367432,42259200
2005-12-29,1.7066669464111328,1.7087500095367432,1.635208010673523,1.65625,1.65625,38313600
2005-12-30,1.643125057220459,1.663957953453064,1.6064579486846924,1.6418750286102295,1.6418750286102295,32236800
2006-01-03,1.6779170036315918,1.7339580059051514,1.6564580202102661,1.7274999618530273,1.7274999618530273,35097600
2006-01-04,1.7354170083999634,1.75,1.7020829916000366,1.7160420417785645,1.7160420417785645,35673600
2006-01-05,1.721250057220459,1.727916955947876,1.6793750524520874,1.696666955947876,1.696666955947876,23798400
2006-01-06,1.713333010673523,1.7947920560836792,1.7045830488204956,1.7845829725265503,1.7845829725265503,48182400
2006-01-09,1.821666955947876,1.9197920560836792,1.804792046546936,1.8777079582214355,1.8777079582214355,99878400
2006-01-10,1.8820830583572388,1.9674999713897705,1.8581249713897705,1.8987499475479126,1.8987499475479126,86971200
2006-01-11,1.8875000476837158,1.941457986831665,1.8808330297470093,1.9279170036315918,1.9279170036315918,46521600
2006-01-12,1.933542013168335,1.96875,1.8989579677581787,1.9197920560836792,1.9197920560836792,30355200
2006-01-13,2.016666889190674,2.1831250190734863,2.0133330821990967,2.1731250286102295,2.1731250286102295,245913600
2006-01-17,2.1039578914642334,2.1354169845581055,2.0420830249786377,2.0602080821990967,2.0602080821990967,138014400
2006-01-18,2.019166946411133,2.0308330059051514,1.9460419416427612,1.9872920513153076,1.9872920513153076,64065600
2006-01-19,2.018749952316284,2.074167013168335,1.997499942779541,2.0104169845581055,2.0104169845581055,63441600
2006-01-20,2.015625,2.0552079677581787,1.959375023841858,1.9895830154418945,1.9895830154418945,36504000
2006-01-23,2.0183329582214355,2.0183329582214355,1.8666670322418213,1.903749942779541,1.903749942779541,60801600
2006-01-24,1.9172919988632202,1.9785419702529907,1.9158329963684082,1.9664579629898071,1.9664579629898071,44068800
2006-01-25,1.9874999523162842,1.9895830154418945,1.8979170322418213,1.9018750190734863,1.9018750190734863,30297600
2006-01-26,1.9375,1.9487500190734863,1.880416989326477,1.921875,1.921875,27504000
2006-01-27,1.9322919845581055,2.005000114440918,1.927291989326477,1.9500000476837158,1.9500000476837158,31046400
2006-01-30,1.9664579629898071,1.9664579629898071,1.7858330011367798,1.8339580297470093,1.8339580297470093,70017600
2006-01-31,1.84375,1.8652080297470093,1.7725000381469727,1.8291670083999634,1.8291670083999634,66840000
2006-02-01,1.8229169845581055,1.8783329725265503,1.820417046546936,1.8679169416427612,1.8679169416427612,30921600
2006-02-02,1.871042013168335,1.8958330154418945,1.7870830297470093,1.8068749904632568,1.8068749904632568,41256000
2006-02-03,1.788957953453064,1.8579169511795044,1.787708044052124,1.8127080202102661,1.8127080202102661,31478400
2006-02-06,1.84375,1.8645830154418945,1.6458330154418945,1.6789580583572388,1.6789580583572388,116937600
2006-02-07,1.650833010673523,1.7135419845581055,1.6166670322418213,1.6793750524520874,1.6793750524520874,44736000
2006-02-08,1.6897920370101929,1.7708330154418945,1.6877080202102661,1.756250023841858,1.756250023841858,51556800
2006-02-09,1.7760419845581055,1.804582953453064,1.7308330535888672,1.7447919845581055,1.7447919845581055,45460800
2006-02-10,1.747499942779541,1.7497919797897339,1.6597919464111328,1.7452080249786377,1.7452080249786377,37742400
2006-02-13,1.7452080249786377,1.7549999952316284,1.6962499618530273,1.7160420417785645,1.7160420417785645,24187200
2006-02-14,1.7285419702529907,1.7479170560836792,1.6875,1.693958044052124,1.693958044052124,22051200
2006-02-15,1.6887500286102295,1.8020830154418945,1.6875,1.7956249713897705,1.7956249713897705,39316800
2006-02-16,1.8052079677581787,1.8958330154418945,1.7956249713897705,1.8741669654846191,1.8741669654846191,45628800
2006-02-17,1.8858330249786377,1.9104169607162476,1.835832953453064,1.9002079963684082,1.9002079963684082,25425600
2006-02-21,1.9229170083999634,1.9364579916000366,1.8464579582214355,1.90625,1.90625,21542400
2006-02-22,1.9131250381469727,1.9131250381469727,1.8752080202102661,1.9035420417785645,1.9035420417785645,18043200
2006-02-23,1.9118750095367432,2.0416669845581055,1.8962500095367432,2.0185420513153076,2.0185420513153076,61267200
2006-02-24,2.022707939147949,2.030625104904175,1.9375,1.9683330059051514,1.9683330059051514,31867200
2006-02-27,1.9770829677581787,2.0308330059051514,1.953125,1.9604170322418213,1.9604170322418213,21014400
2006-02-28,1.9604170322418213,1.9910420179367065,1.9166669845581055,1.9445830583572388,1.9445830583572388,21888000
2006-03-01,1.9458329677581787,1.9947919845581055,1.9375,1.9885419607162476,1.9885419607162476,19996800
2006-03-02,1.9885419607162476,2.065624952316284,1.9677079916000366,2.061875104904175,2.061875104904175,45096000
2006-03-03,2.0595829486846924,2.0999999046325684,2.0316669940948486,2.0581250190734863,2.0581250190734863,37680000
2006-03-06,2.0625,2.1583330631256104,2.047916889190674,2.152082920074463,2.152082920074463,41937600
2006-03-07,2.1362500190734863,2.1443750858306885,2.0335419178009033,2.097707986831665,2.097707986831665,42840000
2006-03-08,2.0829169750213623,2.1145830154418945,2.0218749046325684,2.0935420989990234,2.0935420989990234,40372800
2006-03-09,2.233750104904175,2.2885420322418213,2.0335419178009033,2.046875,2.046875,258091200
2006-03-10,2.081249952316284,2.215208053588867,2.0052080154418945,2.2093749046325684,2.2093749046325684,158760000
2006-03-13,2.219374895095825,2.34708309173584,2.1697919368743896,2.3104169368743896,2.3104169368743896,89870400
2006-03-14,2.300832986831665,2.336667060852051,2.233333110809326,2.3112499713897705,2.3112499713897705,54244800
2006-03-15,2.3258330821990967,2.388124942779541,2.2858328819274902,2.362499952316284,2.362499952316284,48926400
2006-03-16,2.3812499046325684,2.4635419845581055,2.354374885559082,2.3677079677581787,2.3677079677581787,70689600
2006-03-17,2.3727080821990967,2.424999952316284,2.3187499046325684,2.409791946411133,2.409791946411133,49377600
2006-03-20,2.427500009536743,2.428957939147949,2.3616669178009033,2.394582986831665,2.394582986831665,29136000
2006-03-21,2.334583044052124,2.406874895095825,2.326457977294922,2.334583044052124,2.334583044052124,30499200
2006-03-22,2.303333044052124,2.3414580821990967,2.2718749046325684,2.3391671180725098,2.3391671180725098,38016000
2006-03-23,2.3647921085357666,2.4114580154418945,2.339582920074463,2.3852078914642334,2.3852078914642334,30758400
2006-03-24,2.3787500858306885,2.3952078819274902,2.3481249809265137,2.358333110809326,2.358333110809326,16478400
2006-03-27,2.374375104904175,2.559375047683716,2.360416889190674,2.5235419273376465,2.5235419273376465,62016000
2006-03-28,2.5185420513153076,2.586250066757202,2.391458034515381,2.395625114440918,2.395625114440918,111249600
2006-03-29,2.4160420894622803,2.5,2.388957977294922,2.4945828914642334,2.4945828914642334,54556800
2006-03-30,2.499166965484619,2.5204169750213623,2.4404170513153076,2.481250047683716,2.481250047683716,34372800
2006-03-31,2.5950000286102295,2.6435420513153076,2.5406250953674316,2.626041889190674,2.626041889190674,111124800
2006-04-03,2.6875,2.6962499618530273,2.635624885559082,2.6479170322418213,2.6479170322418213,62577600
2006-04-04,2.6262500286102295,2.6797919273376465,2.609375,2.6716670989990234,2.6716670989990234,38126400
2006-04-05,2.6031250953674316,2.6762499809265137,2.5497920513153076,2.661875009536743,2.661875009536743,72000000
2006-04-06,2.6645829677581787,2.704166889190674,2.639583110809326,2.6822919845581055,2.6822919845581055,34689600
2006-04-07,2.6979169845581055,2.6979169845581055,2.606874942779541,2.623958110809326,2.623958110809326,30955200
2006-04-10,2.637083053588867,2.6458330154418945,2.523750066757202,2.5627079010009766,2.5627079010009766,49358400
2006-04-11,2.5679171085357666,2.6116669178009033,2.532707929611206,2.571042060852051,2.571042060852051,37468800
2006-04-12,2.561458110809326,2.6166670322418213,2.5441670417785645,2.6020829677581787,2.6020829677581787,24196800
2006-04-13,2.59375,2.645625114440918,2.5677080154418945,2.618541955947876,2.618541955947876,21009600
2006-04-17,2.6452078819274902,2.6722919940948486,2.628124952316284,2.6616671085357666,2.6616671085357666,24494400
2006-04-18,2.680833101272583,2.7166669368743896,2.667917013168335,2.703125,2.703125,34800000
2006-04-19,2.704792022705078,2.771667003631592,2.688541889190674,2.768749952316284,2.768749952316284,25372800
2006-04-20,2.7799999713897705,2.7916669845581055,2.7264580726623535,2.772707939147949,2.772707939147949,23904000
2006-04-21,2.7856249809265137,2.864375114440918,2.7729170322418213,2.8260419368743896,2.8260419368743896,30556800
2006-04-24,2.844583034515381,2.9312500953674316,2.7925000190734863,2.917707920074463,2.917707920074463,38078400
2006-04-25,2.9197919368743896,2.989375114440918,2.9181249141693115,2.965208053588867,2.965208053588867,38092800
2006-04-26,2.9872920513153076,3.034791946411133,2.8350000381469727,2.868333101272583,2.868333101272583,83913600
2006-04-27,2.809375047683716,2.9135420322418213,2.7522919178009033,2.8333330154418945,2.8333330154418945,52737600
2006-04-28,2.8768749237060547,2.8768749237060547,2.6791670322418213,2.697082996368408,2.697082996368408,54878400
2006-05-01,2.7291669845581055,2.890625,2.721250057220459,2.855833053588867,2.855833053588867,56376000
2006-05-02,2.894792079925537,2.956666946411133,2.8677079677581787,2.940624952316284,2.940624952316284,41294400
2006-05-03,2.9535419940948486,2.985208034515381,2.891666889190674,2.9014580249786377,2.9014580249786377,28200000
2006-05-04,2.9116671085357666,2.9206249713897705,2.8333330154418945,2.9010419845581055,2.9010419845581055,34075200
2006-05-05,2.9220829010009766,3.108750104904175,2.9170830249786377,3.0875000953674316,3.0875000953674316,64488000
2006-05-08,3.1362500190734863,3.204166889190674,3.1041669845581055,3.159374952316284,3.159374952316284,80548800
2006-05-09,3.53125,3.7133328914642334,3.4375,3.6716670989990234,3.6716670989990234,310502400
2006-05-10,3.844791889190674,4.210416793823242,3.7874999046325684,4.18874979019165,4.18874979019165,249480000
2006-05-11,4.150000095367432,4.165625095367432,3.7970829010009766,3.8393750190734863,3.8393750190734863,235060800
2006-05-12,3.7347919940948486,3.8020830154418945,3.5647919178009033,3.6041669845581055,3.6041669845581055,166608000
2006-05-15,3.580625057220459,4.062082767486572,3.579166889190674,4.061874866485596,4.061874866485596,237494400
2006-05-16,4.041041851043701,4.089582920074463,3.8958330154418945,4.017083168029785,4.017083168029785,121540800
2006-05-17,3.9166669845581055,4.0572919845581055,3.8547921180725098,3.892292022705078,3.892292022705078,101606400
2006-05-18,3.952291965484619,3.9954171180725098,3.6485419273376465,3.683332920074463,3.683332920074463,89529600
2006-05-19,3.7345829010009766,3.884166955947876,3.5875000953674316,3.8229169845581055,3.8229169845581055,123388800
2006-05-22,3.7810420989990234,3.829582929611206,3.625,3.71541690826416,3.71541690826416,95932800
2006-05-23,3.853749990463257,3.87833309173584,3.672916889190674,3.6958329677581787,3.6958329677581787,117134400
2006-05-24,3.6927080154418945,3.75,3.3843750953674316,3.5410420894622803,3.5410420894622803,183355200
2006-05-25,3.6020829677581787,3.801042079925537,3.546875,3.7899999618530273,3.7899999618530273,125644800
2006-05-26,3.8541669845581055,3.8639578819274902,3.7083330154418945,3.8162500858306885,3.8162500858306885,84854400
2006-05-30,3.7891669273376465,3.8162500858306885,3.7083330154418945,3.7356250286102295,3.7356250286102295,65664000
2006-05-31,3.7610421180725098,3.8647921085357666,3.675832986831665,3.8514580726623535,3.8514580726623535,86539200
2006-06-01,3.87166690826416,3.88729190826416,3.7677080631256104,3.8283329010009766,3.8283329010009766,99926400
2006-06-02,3.8745830059051514,3.930833101272583,3.805833101272583,3.8391671180725098,3.8391671180725098,88603200
2006-06-05,3.825624942779541,3.9166669845581055,3.7364580631256104,3.75,3.75,82632000
2006-06-06,3.6368749141693115,3.695625066757202,3.5174999237060547,3.622499942779541,3.622499942779541,166651200
2006-06-07,3.6333329677581787,3.6895830631256104,3.5416669845581055,3.549375057220459,3.549375057220459,75211200
2006-06-08,3.396667003631592,3.4733328819274902,3.2522919178009033,3.3541669845581055,3.3541669845581055,139627200
2006-06-09,3.4839580059051514,3.5414578914642334,3.3860421180725098,3.4533329010009766,3.4533329010009766,124012800
2006-06-12,3.610832929611206,3.619374990463257,3.2431249618530273,3.2502079010009766,3.2502079010009766,153105600
2006-06-13,3.2291669845581055,3.3197920322418213,3.0833330154418945,3.123958110809326,3.123958110809326,156902400
2006-06-14,3.1666669845581055,3.2947919368743896,3.1558330059051514,3.2866671085357666,3.2866671085357666,110894400
2006-06-15,3.3385419845581055,3.4583330154418945,3.3385419845581055,3.404582977294922,3.404582977294922,137155200
2006-06-16,3.3968749046325684,3.4166669845581055,3.3072919845581055,3.375,3.375,72868800
2006-06-19,3.412916898727417,3.4354169368743896,3.281874895095825,3.3072919845581055,3.3072919845581055,76267200
2006-06-20,3.322082996368408,3.3677079677581787,3.232917070388794,3.3510420322418213,3.3510420322418213,68553600
2006-06-21,3.367917060852051,3.53125,3.311042070388794,3.5052080154418945,3.5052080154418945,83865600
2006-06-22,3.515625,3.579166889190674,3.4749999046325684,3.534374952316284,3.534374952316284,66216000
2006-06-23,3.528125047683716,3.623542070388794,3.4791669845581055,3.582292079925537,3.582292079925537,59553600
2006-06-26,3.6120829582214355,3.637500047683716,3.539375066757202,3.613542079925537,3.613542079925537,66580800
2006-06-27,3.620832920074463,3.6272919178009033,3.50333309173584,3.514583110809326,3.514583110809326,73387200
2006-06-28,3.5208330154418945,3.6433329582214355,3.5104169845581055,3.6347920894622803,3.6347920894622803,69897600
2006-06-29,3.657083034515381,3.872499942779541,3.6479170322418213,3.872499942779541,3.872499942779541,110606400
2006-06-30,3.8927080631256104,3.9660420417785645,3.7864580154418945,3.9660420417785645,3.9660420417785645,151248000
2006-07-03,3.989375114440918,4.154167175292969,3.964582920074463,4.129374980926514,4.129374980926514,73089600
2006-07-05,4.08270788192749,4.292707920074463,4.000833034515381,4.278124809265137,4.278124809265137,172924800
2006-07-06,4.3045830726623535,4.3933329582214355,4.230416774749756,4.243124961853027,4.243124961853027,190267200
2006-07-07,4.248125076293945,4.352707862854004,4.140625,4.245832920074463,4.245832920074463,159009600
2006-07-10,4.188333034515381,4.303332805633545,3.8125,3.8524999618530273,3.8524999618530273,138884400
2006-07-11,3.8616669178009033,4.233333110809326,3.75,4.2158331871032715,4.2158331871032715,154740000
2006-07-12,4.212500095367432,4.262499809265137,4.005833148956299,4.099999904632568,4.099999904632568,136935600
2006-07-13,4.000833034515381,4.009167194366455,3.855833053588867,3.920833110809326,3.920833110809326,108560400
2006-07-14,3.8958330154418945,3.9041669368743896,3.6933329105377197,3.819166898727417,3.819166898727417,82459200
2006-07-17,3.809999942779541,3.99666690826416,3.80916690826416,3.9291670322418213,3.9291670322418213,74323200
2006-07-18,3.990833044052124,4.0366668701171875,3.8333330154418945,3.9058330059051514,3.9058330059051514,56888400
2006-07-19,3.9058330059051514,4.0208330154418945,3.875833034515381,3.9791669845581055,3.9791669845581055,50899200
2006-07-20,4.016666889190674,4.081666946411133,3.766666889190674,3.7841670513153076,3.7841670513153076,46717200
2006-07-21,3.7583329677581787,3.7658329010009766,3.483333110809326,3.5891671180725098,3.5891671180725098,66493200
2006-07-24,3.6075000762939453,3.816667079925537,3.5958330631256104,3.74666690826416,3.74666690826416,50826000
2006-07-25,3.725832939147949,3.8833329677581787,3.6875,3.875833034515381,3.875833034515381,37209600
2006-07-26,3.9083330631256104,3.9108328819274902,3.75,3.8324999809265137,3.8324999809265137,30266400
2006-07-27,3.8666670322418213,3.9083330631256104,3.689167022705078,3.7191669940948486,3.7191669940948486,29671200
2006-07-28,3.759166955947876,3.808332920074463,3.6541669368743896,3.730833053588867,3.730833053588867,35422800
2006-07-31,3.7766671180725098,3.8333330154418945,3.6458330154418945,3.8324999809265137,3.8324999809265137,32206800
2006-08-01,3.8416669368743896,3.9041669368743896,3.69083309173584,3.748332977294922,3.748332977294922,32992800
2006-08-02,3.762500047683716,3.933332920074463,3.711667060852051,3.8391671180725098,3.8391671180725098,51700800
2006-08-03,3.49666690826416,3.694999933242798,3.3616669178009033,3.5824999809265137,3.5824999809265137,106239600
2006-08-04,3.636667013168335,3.6449999809265137,3.3125,3.3541669845581055,3.3541669845581055,110883600
2006-08-07,2.683332920074463,2.859999895095825,2.4841670989990234,2.487499952316284,2.487499952316284,541976400
2006-08-08,2.480833053588867,2.5250000953674316,2.355833053588867,2.4549999237060547,2.4549999237060547,270396000
2006-08-09,2.485832929611206,2.5358328819274902,2.3908329010009766,2.415832996368408,2.415832996368408,111148800
2006-08-10,2.384166955947876,2.4316670894622803,2.293333053588867,2.316667079925537,2.316667079925537,88266000
2006-08-11,2.3883330821990967,2.4791669845581055,2.370832920074463,2.420833110809326,2.420833110809326,118832400
2006-08-14,2.484999895095825,2.555833101272583,2.43416690826416,2.454166889190674,2.454166889190674,126610800
2006-08-15,2.5233330726623535,2.5299999713897705,2.4000000953674316,2.413332939147949,2.413332939147949,70251600
2006-08-16,2.4533329010009766,2.516666889190674,2.390000104904175,2.511667013168335,2.511667013168335,68810400
2006-08-17,2.4649999141693115,2.5416669845581055,2.4641671180725098,2.505000114440918,2.505000114440918,52460400
2006-08-18,2.4866669178009033,2.5266671180725098,2.461667060852051,2.512500047683716,2.512500047683716,42768000
2006-08-21,2.492500066757202,2.5516669750213623,2.4458329677581787,2.459167003631592,2.459167003631592,44410800
2006-08-22,2.4766669273376465,2.5416669845581055,2.4666669368743896,2.5358328819274902,2.5358328819274902,54080400
2006-08-23,2.538332939147949,2.566667079925537,2.502500057220459,2.5399999618530273,2.5399999618530273,47764800
2006-08-24,2.5333330631256104,2.563333034515381,2.4583330154418945,2.4816670417785645,2.4816670417785645,68152800
2006-08-25,2.5374999046325684,2.5416669845581055,2.4583330154418945,2.494999885559082,2.494999885559082,60978000
2006-08-28,2.498332977294922,2.506666898727417,2.423332929611206,2.444166898727417,2.444166898727417,31363200
2006-08-29,2.4558329582214355,2.4741671085357666,2.4216670989990234,2.4533329010009766,2.4533329010009766,40502400
2006-08-30,2.461667060852051,2.4725000858306885,2.3808329105377197,2.3883330821990967,2.3883330821990967,48249600
2006-08-31,2.384999990463257,2.3908329010009766,2.251667022705078,2.2950000762939453,2.2950000762939453,75842400
2006-09-01,2.321666955947876,2.3308329582214355,2.2799999713897705,2.290832996368408,2.290832996368408,48603600
2006-09-05,2.3066670894622803,2.370832920074463,2.302500009536743,2.3350000381469727,2.3350000381469727,42528000
2006-09-06,2.3233330249786377,2.389167070388794,2.305000066757202,2.308332920074463,2.308332920074463,42210000
2006-09-07,2.31583309173584,2.31583309173584,2.2708330154418945,2.288332939147949,2.288332939147949,21006000
2006-09-08,2.288332939147949,2.311666965484619,2.2733330726623535,2.288332939147949,2.288332939147949,16905600
2006-09-11,2.265000104904175,2.2799999713897705,2.1716670989990234,2.2208330631256104,2.2208330631256104,55930800
2006-09-12,2.235832929611206,2.4149999618530273,2.2216670513153076,2.375,2.375,63332400
2006-09-13,2.3924999237060547,2.5199999809265137,2.375833034515381,2.4800000190734863,2.4800000190734863,60703200
2006-09-14,2.6024999618530273,2.8066670894622803,2.5733330249786377,2.7816669940948486,2.7816669940948486,241972800
2006-09-15,2.745832920074463,2.855833053588867,2.672499895095825,2.7191669940948486,2.7191669940948486,122388000
2006-09-18,2.7416670322418213,2.803333044052124,2.692500114440918,2.766666889190674,2.766666889190674,61411200
2006-09-19,2.7991669178009033,2.946666955947876,2.734999895095825,2.932499885559082,2.932499885559082,120596400
2006-09-20,2.987499952316284,3.000833034515381,2.875833034515381,2.9124999046325684,2.9124999046325684,95905200
2006-09-21,2.9375,2.950000047683716,2.876667022705078,2.923332929611206,2.923332929611206,35682000
2006-09-22,2.932499885559082,2.933332920074463,2.7758328914642334,2.7925000190734863,2.7925000190734863,43340400
2006-09-25,2.8666670322418213,2.950000047683716,2.810832977294922,2.946666955947876,2.946666955947876,80277600
2006-09-26,2.9583330154418945,2.9666669368743896,2.827500104904175,2.87833309173584,2.87833309173584,75750000
2006-09-27,2.8466670513153076,2.9766669273376465,2.8350000381469727,2.9091670513153076,2.9091670513153076,67484400
2006-09-28,2.9141669273376465,2.9141669273376465,2.8416669368743896,2.873332977294922,2.873332977294922,34988400
2006-09-29,2.8616669178009033,2.8833329677581787,2.688333034515381,2.706666946411133,2.706666946411133,70698000
2006-10-02,2.673332929611206,2.673332929611206,2.555833101272583,2.627500057220459,2.627500057220459,53973600
2006-10-03,2.6066670417785645,2.6433329582214355,2.5466670989990234,2.5924999713897705,2.5924999713897705,39416400
2006-10-04,2.566667079925537,2.6983330249786377,2.557499885559082,2.686666965484619,2.686666965484619,36013200
2006-10-05,2.692500114440918,2.702500104904175,2.626667022705078,2.640000104904175,2.640000104904175,32996400
2006-10-06,2.624166965484619,2.670833110809326,2.5708329677581787,2.624166965484619,2.624166965484619,35589600
2006-10-09,2.5916669368743896,2.6624999046325684,2.549999952316284,2.6533329486846924,2.6533329486846924,37660800
2006-10-10,2.649167060852051,2.694999933242798,2.615000009536743,2.6741669178009033,2.6741669178009033,31390800
2006-10-11,2.6741669178009033,2.7074999809265137,2.6116669178009033,2.694166898727417,2.694166898727417,24352800
2006-10-12,2.7158329486846924,2.7158329486846924,2.6166670322418213,2.6383330821990967,2.6383330821990967,27548400
2006-10-13,2.612499952316284,2.7750000953674316,2.5924999713897705,2.7325000762939453,2.7325000762939453,33187200
2006-10-16,2.743333101272583,2.8375000953674316,2.7083330154418945,2.7991669178009033,2.7991669178009033,36931200
2006-10-17,2.7916669845581055,2.795833110809326,2.7133328914642334,2.735832929611206,2.735832929611206,19496400
2006-10-18,2.75,2.819166898727417,2.7291669845581055,2.7825000286102295,2.7825000286102295,28653600
2006-10-19,2.829166889190674,2.8333330154418945,2.697499990463257,2.7125000953674316,2.7125000953674316,33891600
2006-10-20,2.7100000381469727,2.7583329677581787,2.5933330059051514,2.734999895095825,2.734999895095825,34978800
2006-10-23,2.7300000190734863,2.7699999809265137,2.689167022705078,2.728332996368408,2.728332996368408,16632000
2006-10-24,2.7033329010009766,2.7266669273376465,2.6641669273376465,2.6875,2.6875,17570400
2006-10-25,2.7033329010009766,2.737499952316284,2.680000066757202,2.7141671180725098,2.7141671180725098,15139200
2006-10-26,2.7191669940948486,2.8066670894622803,2.7074999809265137,2.7899999618530273,2.7899999618530273,80451600
2006-10-27,2.790832996368408,2.821666955947876,2.691667079925537,2.6983330249786377,2.6983330249786377,31158000
2006-10-30,2.6958329677581787,2.700000047683716,2.543333053588867,2.6116669178009033,2.6116669178009033,35156400
2006-10-31,2.5941669940948486,2.6816670894622803,2.567500114440918,2.6458330154418945,2.6458330154418945,35521200
2006-11-01,2.515000104904175,2.5983328819274902,2.4816670417785645,2.504167079925537,2.504167079925537,59367600
2006-11-02,2.4916670322418213,2.5516669750213623,2.4625000953674316,2.490833044052124,2.490833044052124,36330000
2006-11-03,2.4633328914642334,2.5233330726623535,2.446666955947876,2.5233330726623535,2.5233330726623535,22078800
2006-11-06,2.4000000953674316,2.4508330821990967,2.2925000190734863,2.321666955947876,2.321666955947876,111592800
2006-11-07,2.2674999237060547,2.309999942779541,2.2341670989990234,2.271667003631592,2.271667003631592,69109200
2006-11-08,2.271667003631592,2.4558329582214355,2.2583329677581787,2.418333053588867,2.418333053588867,76137600
2006-11-09,2.3833329677581787,2.4075000286102295,2.0625,2.0733330249786377,2.0733330249786377,231615600
2006-11-10,2.109999895095825,2.240000009536743,2.077500104904175,2.204166889190674,2.204166889190674,137004000
2006-11-13,2.2816669940948486,2.2833330631256104,2.1583330631256104,2.19083309173584,2.19083309173584,70633200
2006-11-14,2.2058329582214355,2.24666690826416,2.170833110809326,2.240000009536743,2.240000009536743,35383200
2006-11-15,2.2674999237060547,2.37833309173584,2.2583329677581787,2.298332929611206,2.298332929611206,60777600
2006-11-16,2.3516669273376465,2.370832920074463,2.30916690826416,2.327500104904175,2.327500104904175,35602800
2006-11-17,2.3041670322418213,2.329166889190674,2.2733330726623535,2.2825000286102295,2.2825000286102295,23982000
2006-11-20,2.2583329677581787,2.310832977294922,2.249166965484619,2.2708330154418945,2.2708330154418945,30782400
2006-11-21,2.2725000381469727,2.3233330249786377,2.2708330154418945,2.315000057220459,2.315000057220459,22528800
2006-11-22,2.319999933242798,2.3441669940948486,2.266666889190674,2.3358330726623535,2.3358330726623535,25071600
2006-11-24,2.3183329105377197,2.370832920074463,2.2925000190734863,2.367500066757202,2.367500066757202,10778400
2006-11-27,2.3499999046325684,2.4083330631256104,2.309999942779541,2.315000057220459,2.315000057220459,30967200
2006-11-28,2.308332920074463,2.311666965484619,2.25,2.271667003631592,2.271667003631592,22773600
2006-11-29,2.2791669368743896,2.3383328914642334,2.2750000953674316,2.2916669845581055,2.2916669845581055,21475200
2006-11-30,2.2925000190734863,2.368333101272583,2.2791669368743896,2.3441669940948486,2.3441669940948486,25636800
2006-12-01,2.3358330726623535,2.370832920074463,2.2916669845581055,2.327500104904175,2.327500104904175,25056000
2006-12-04,2.2966670989990234,2.4024999141693115,2.293333053588867,2.394166946411133,2.394166946411133,24766800
2006-12-05,2.381666898727417,2.615833044052124,2.375833034515381,2.605833053588867,2.605833053588867,114290400
2006-12-06,2.5808329582214355,2.7291669845581055,2.565000057220459,2.6141669750213623,2.6141669750213623,90445200
2006-12-07,2.634166955947876,2.686666965484619,2.612499952316284,2.632499933242798,2.632499933242798,31563600
2006-12-08,2.7033329010009766,2.7808330059051514,2.6558330059051514,2.752500057220459,2.752500057220459,60314400
2006-12-11,2.7633330821990967,2.7833330631256104,2.7249999046325684,2.754167079925537,2.754167079925537,30434400
2006-12-12,2.827500104904175,2.9641671180725098,2.825000047683716,2.884166955947876,2.884166955947876,96639600
2006-12-13,2.870832920074463,2.8975000381469727,2.759999990463257,2.800832986831665,2.800832986831665,45475200
2006-12-14,2.810832977294922,2.8541669845581055,2.737499952316284,2.8233330249786377,2.8233330249786377,27175200
2006-12-15,2.8491671085357666,2.8541669845581055,2.766666889190674,2.7899999618530273,2.7899999618530273,22252800
2006-12-18,2.7841670513153076,2.8208329677581787,2.7674999237060547,2.7750000953674316,2.7750000953674316,20005200
2006-12-19,2.737499952316284,2.7850000858306885,2.6791670322418213,2.7783329486846924,2.7783329486846924,27237600
2006-12-20,2.800832986831665,2.9049999713897705,2.800832986831665,2.862499952316284,2.862499952316284,36092400
2006-12-21,2.8541669845581055,2.884999990463257,2.819166898727417,2.8416669368743896,2.8416669368743896,22653600
2006-12-22,2.8566670417785645,2.891666889190674,2.808332920074463,2.8499999046325684,2.8499999046325684,26797200
2006-12-26,2.8458330631256104,2.8691670894622803,2.819166898727417,2.8283329010009766,2.8283329010009766,9600000
2006-12-27,2.836667060852051,2.879167079925537,2.8208329677581787,2.873332977294922,2.873332977294922,9967200
2006-12-28,2.869999885559082,2.869999885559082,2.819166898727417,2.8375000953674316,2.8375000953674316,10273200
2006-12-29,2.826667070388794,2.8358330726623535,2.802500009536743,2.8066670894622803,2.8066670894622803,11553600
2007-01-03,2.817500114440918,2.8541669845581055,2.7658329010009766,2.826667070388794,2.826667070388794,24748800
2007-01-04,2.807499885559082,2.8499999046325684,2.7925000190734863,2.8433330059051514,2.8433330059051514,27715200
2007-01-05,2.8458330631256104,2.8616669178009033,2.7699999809265137,2.8566670417785645,2.8566670417785645,32784000
2007-01-08,2.8408329486846924,2.8458330631256104,2.8041670322418213,2.8333330154418945,2.8333330154418945,24787200
2007-01-09,2.8333330154418945,3.077500104904175,2.8208329677581787,2.994999885559082,2.994999885559082,87240000
2007-01-10,2.9674999713897705,3.201667070388794,2.932499885559082,3.1666669845581055,3.1666669845581055,73716000
2007-01-11,3.191667079925537,3.24666690826416,3.086667060852051,3.131666898727417,3.131666898727417,38047200
2007-01-12,3.131666898727417,3.192500114440918,3.117500066757202,3.1791670322418213,3.1791670322418213,22334400
2007-01-16,3.1791670322418213,3.184999942779541,3.058332920074463,3.0899999141693115,3.0899999141693115,33157200
2007-01-17,3.0933330059051514,3.2325000762939453,3.0933330059051514,3.200000047683716,3.200000047683716,32458800
2007-01-18,3.1766669750213623,3.183332920074463,3.012500047683716,3.0733330249786377,3.0733330249786377,28640400
2007-01-19,3.074167013168335,3.124166965484619,3.043333053588867,3.100832939147949,3.100832939147949,17428800
2007-01-22,3.170833110809326,3.183332920074463,3.1024999618530273,3.1191670894622803,3.1191670894622803,18741600
2007-01-23,3.1333329677581787,3.173332929611206,3.1050000190734863,3.1616671085357666,3.1616671085357666,13514400
2007-01-24,3.1983330249786377,3.204166889190674,3.1516671180725098,3.182499885559082,3.182499885559082,17352000
2007-01-25,3.183332920074463,3.183332920074463,3.0875000953674316,3.112499952316284,3.112499952316284,16603200
2007-01-26,3.12166690826416,3.123332977294922,3.048332929611206,3.0824999809265137,3.0824999809265137,10212000
2007-01-29,3.0833330154418945,3.1449999809265137,3.0683329105377197,3.118333101272583,3.118333101272583,16234800
2007-01-30,3.1383330821990967,3.1716670989990234,3.122499942779541,3.1549999713897705,3.1549999713897705,17385600
2007-01-31,3.140000104904175,3.199167013168335,3.118333101272583,3.1741669178009033,3.1741669178009033,14815200
2007-02-01,3.189167022705078,3.2658329010009766,3.1575000286102295,3.249166965484619,3.249166965484619,27310800
2007-02-02,3.259999990463257,3.325000047683716,3.240833044052124,3.299999952316284,3.299999952316284,20480400
2007-02-05,3.325000047683716,3.3499999046325684,3.2274999618530273,3.2341670989990234,3.2341670989990234,23835600
2007-02-06,3.25,3.3041670322418213,3.2325000762939453,3.24666690826416,3.24666690826416,16969200
2007-02-07,3.240833044052124,3.251667022705078,3.163332939147949,3.199167013168335,3.199167013168335,14216400
2007-02-08,3.200000047683716,3.204166889190674,3.064167022705078,3.0883328914642334,3.0883328914642334,24970800
2007-02-09,3.2100000381469727,3.430000066757202,3.1791670322418213,3.293333053588867,3.293333053588867,101239200
2007-02-12,3.420833110809326,3.5199999809265137,3.3208329677581787,3.492500066757202,3.492500066757202,86348400
2007-02-13,3.2441670894622803,3.2825000286102295,3.1141669750213623,3.141666889190674,3.141666889190674,106484400
2007-02-14,3.1458330154418945,3.1933329105377197,3.1041669845581055,3.168333053588867,3.168333053588867,31515600
2007-02-15,3.177500009536743,3.2074999809265137,3.1458330154418945,3.172499895095825,3.172499895095825,21950400
2007-02-16,3.1616671085357666,3.1816670894622803,3.066667079925537,3.075000047683716,3.075000047683716,26220000
2007-02-20,3.043333053588867,3.0824999809265137,3.004167079925537,3.069999933242798,3.069999933242798,29889600
2007-02-21,3.072499990463257,3.1649999618530273,3.050832986831665,3.1566669940948486,3.1566669940948486,27966000
2007-02-22,3.168333053588867,3.2125000953674316,3.1166670322418213,3.1449999809265137,3.1449999809265137,23104800
2007-02-23,3.1333329677581787,3.165832996368408,3.0399999618530273,3.06583309173584,3.06583309173584,26494800
2007-02-26,3.112499952316284,3.115833044052124,3.0450000762939453,3.0783329010009766,3.0783329010009766,17995200
2007-02-27,3.0416669845581055,3.057499885559082,2.7083330154418945,2.8949999809265137,2.8949999809265137,57558000
2007-02-28,2.9024999141693115,2.9700000286102295,2.8458330631256104,2.9166669845581055,2.9166669845581055,31098000
2007-03-01,2.8541669845581055,2.9024999141693115,2.793333053588867,2.890000104904175,2.890000104904175,23000400
2007-03-02,2.8983330726623535,2.9166669845581055,2.8308329582214355,2.850832939147949,2.850832939147949,20042400
2007-03-05,2.7799999713897705,2.825000047683716,2.743333101272583,2.745832920074463,2.745832920074463,30658800
2007-03-06,2.788332939147949,2.8308329582214355,2.7608330249786377,2.790832996368408,2.790832996368408,28252800
2007-03-07,2.798332929611206,2.824167013168335,2.7558329105377197,2.7966670989990234,2.7966670989990234,17989200
2007-03-08,2.80916690826416,2.9008328914642334,2.793333053588867,2.863332986831665,2.863332986831665,28966800
2007-03-09,2.891666889190674,2.932499885559082,2.8491671085357666,2.880000114440918,2.880000114440918,17884800
2007-03-12,2.875,2.9266669750213623,2.8466670513153076,2.9141669273376465,2.9141669273376465,20653200
2007-03-13,2.875,2.941667079925537,2.875,2.889167070388794,2.889167070388794,23343600
2007-03-14,2.874166965484619,2.932499885559082,2.860832929611206,2.920833110809326,2.920833110809326,26326800
2007-03-15,2.940000057220459,3.0,2.9166669845581055,2.978332996368408,2.978332996368408,20746800
2007-03-16,2.978332996368408,2.997499942779541,2.946666955947876,2.9733328819274902,2.9733328819274902,15306000
2007-03-19,2.992500066757202,2.992500066757202,2.891666889190674,2.9141669273376465,2.9141669273376465,18961200
2007-03-20,2.9375,2.9866669178009033,2.924999952316284,2.950000047683716,2.950000047683716,18169200
2007-03-21,2.932499885559082,2.952500104904175,2.9083330631256104,2.930000066757202,2.930000066757202,13830000
2007-03-22,2.9266669750213623,3.0625,2.9266669750213623,3.05916690826416,3.05916690826416,22659600
2007-03-23,3.049999952316284,3.0799999237060547,3.004167079925537,3.0174999237060547,3.0174999237060547,12036000
2007-03-26,3.0683329105377197,3.120832920074463,3.0250000953674316,3.0325000286102295,3.0325000286102295,13372800
2007-03-27,3.0258328914642334,3.047499895095825,2.954166889190674,2.9608330726623535,2.9608330726623535,11581200
2007-03-28,2.934999942779541,3.058332920074463,2.9049999713897705,3.019166946411133,3.019166946411133,34148400
2007-03-29,3.0358328819274902,3.0541670322418213,2.9625000953674316,2.998332977294922,2.998332977294922,12416400
2007-03-30,3.0916669368743896,3.1983330249786377,3.0916669368743896,3.1566669940948486,3.1566669940948486,41054400
2007-04-02,3.1675000190734863,3.288332939147949,3.1675000190734863,3.2866671085357666,3.2866671085357666,32227200
2007-04-03,3.300832986831665,3.31583309173584,3.211667060852051,3.2225000858306885,3.2225000858306885,26244000
2007-04-04,3.2300000190734863,3.240833044052124,3.165832996368408,3.174999952316284,3.174999952316284,16107600
2007-04-05,3.190000057220459,3.2266669273376465,3.173332929611206,3.191667079925537,3.191667079925537,18804000
2007-04-09,3.259166955947876,3.261667013168335,3.190000057220459,3.2241671085357666,3.2241671085357666,14217600
2007-04-10,3.2133328914642334,3.237499952316284,3.1600000858306885,3.168333053588867,3.168333053588867,11119200
2007-04-11,3.1624999046325684,3.2191669940948486,3.1141669750213623,3.1533329486846924,3.1533329486846924,14008800
2007-04-12,3.134166955947876,3.225832939147949,3.125,3.200000047683716,3.200000047683716,12651600
2007-04-13,3.2149999141693115,3.245832920074463,3.2058329582214355,3.2158329486846924,3.2158329486846924,10554000
2007-04-16,3.2158329486846924,3.244999885559082,3.1583330631256104,3.1700000762939453,3.1700000762939453,13906800
2007-04-17,3.196666955947876,3.237499952316284,3.178333044052124,3.211667060852051,3.211667060852051,13992000
2007-04-18,3.211667060852051,3.2266669273376465,3.1791670322418213,3.2183330059051514,3.2183330059051514,14036400
2007-04-19,3.190000057220459,3.25333309173584,3.170833110809326,3.2208330631256104,3.2208330631256104,21278400
2007-04-20,3.235832929611206,3.248332977294922,3.199167013168335,3.248332977294922,3.248332977294922,13054800
2007-04-23,3.2850000858306885,3.374166965484619,3.2850000858306885,3.317500114440918,3.317500114440918,20631600
2007-04-24,3.317500114440918,3.3358330726623535,3.2300000190734863,3.248332977294922,3.248332977294922,19341600
2007-04-25,3.2558329105377197,3.2808330059051514,3.230833053588867,3.245832920074463,3.245832920074463,17892000
2007-04-26,3.264167070388794,3.264167070388794,3.2141671180725098,3.2241671085357666,3.2241671085357666,9938400
2007-04-27,3.2083330154418945,3.2366669178009033,3.1875,3.2208330631256104,3.2208330631256104,12710400
2007-04-30,3.2133328914642334,3.290832996368408,3.1516671180725098,3.183332920074463,3.183332920074463,18862800
2007-05-01,3.1875,3.1875,3.0875000953674316,3.105833053588867,3.105833053588867,19083600
2007-05-02,3.0858330726623535,3.165832996368408,3.0708329677581787,3.0833330154418945,3.0833330154418945,20331600
2007-05-03,3.0858330726623535,3.1383330821990967,3.0783329010009766,3.0991671085357666,3.0991671085357666,16130400
2007-05-04,3.129167079925537,3.2916669845581055,3.118333101272583,3.2766671180725098,3.2766671180725098,25881600
2007-05-07,3.055833101272583,3.427500009536743,3.00333309173584,3.368333101272583,3.368333101272583,149164800
2007-05-08,3.322499990463257,3.336667060852051,3.2125000953674316,3.256666898727417,3.256666898727417,40410000
2007-05-09,3.242500066757202,3.3333330154418945,3.2249999046325684,3.2925000190734863,3.2925000190734863,21902400
2007-05-10,3.295833110809326,3.321666955947876,3.233333110809326,3.262500047683716,3.262500047683716,19002000
2007-05-11,3.25333309173584,3.2791669368743896,3.2208330631256104,3.266666889190674,3.266666889190674,12009600
2007-05-14,3.2416670322418213,3.288332939147949,3.192500114440918,3.2049999237060547,3.2049999237060547,9667200
2007-05-15,3.1958329677581787,3.2058329582214355,3.1500000953674316,3.1875,3.1875,17018400
2007-05-16,3.177500009536743,3.2274999618530273,3.177500009536743,3.204166889190674,3.204166889190674,12909600
2007-05-17,3.190000057220459,3.242500066757202,3.1666669845581055,3.2341670989990234,3.2341670989990234,10798800
2007-05-18,3.25,3.302500009536743,3.2083330154418945,3.2733330726623535,3.2733330726623535,10960800
2007-05-21,3.264167070388794,3.302500009536743,3.2341670989990234,3.2850000858306885,3.2850000858306885,10795200
2007-05-22,3.230833053588867,3.3299999237060547,3.230833053588867,3.266666889190674,3.266666889190674,15211200
2007-05-23,3.2708330154418945,3.456666946411133,3.2558329105377197,3.369999885559082,3.369999885559082,27648000
2007-05-24,3.375,3.4108328819274902,3.235832929611206,3.254167079925537,3.254167079925537,13851600
2007-05-25,3.2783329486846924,3.3433330059051514,3.2725000381469727,3.2916669845581055,3.2916669845581055,12933600
2007-05-29,3.2791669368743896,3.319999933242798,3.265000104904175,3.2858328819274902,3.2858328819274902,7927200
2007-05-30,3.262500047683716,3.353332996368408,3.2174999713897705,3.3375000953674316,3.3375000953674316,23539200
2007-05-31,3.3324999809265137,3.394166946411133,3.2991669178009033,3.316667079925537,3.316667079925537,11114400
2007-06-01,3.3399999141693115,3.4058330059051514,3.305833101272583,3.359999895095825,3.359999895095825,14259600
2007-06-04,3.2674999237060547,3.3399999141693115,3.244999885559082,3.324167013168335,3.324167013168335,14794800
2007-06-05,3.299999952316284,3.3616669178009033,3.299999952316284,3.3333330154418945,3.3333330154418945,12309600
2007-06-06,3.2991669178009033,3.3375000953674316,3.262500047683716,3.2916669845581055,3.2916669845581055,10166400
2007-06-07,3.2708330154418945,3.316667079925537,3.182499885559082,3.2166669368743896,3.2166669368743896,14151600
2007-06-08,3.2058329582214355,3.2708330154418945,3.129167079925537,3.2608330249786377,3.2608330249786377,11026800
2007-06-11,3.245832920074463,3.271667003631592,3.200000047683716,3.2316670417785645,3.2316670417785645,11780400
2007-06-12,3.2166669368743896,3.245832920074463,3.202500104904175,3.2233328819274902,3.2233328819274902,8992800
2007-06-13,3.2274999618530273,3.319166898727417,3.2274999618530273,3.3016669750213623,3.3016669750213623,21763200
2007-06-14,3.298332929611206,3.3433330059051514,3.2750000953674316,3.3283329010009766,3.3283329010009766,16585200
2007-06-15,3.5250000953674316,3.7158329486846924,3.5083329677581787,3.6583330631256104,3.6583330631256104,91785600
2007-06-18,3.680833101272583,3.7658329010009766,3.641666889190674,3.69083309173584,3.69083309173584,23781600
2007-06-19,3.691667079925537,3.7074999809265137,3.630000114440918,3.6700000762939453,3.6700000762939453,22821600
2007-06-20,3.6041669845581055,3.7708330154418945,3.5416669845581055,3.7083330154418945,3.7083330154418945,42788400
2007-06-21,3.7233328819274902,3.869999885559082,3.709167003631592,3.8516669273376465,3.8516669273376465,28196400
2007-06-22,3.7674999237060547,3.802500009536743,3.682499885559082,3.696666955947876,3.696666955947876,45858000
2007-06-25,3.6433329582214355,3.774167060852051,3.565000057220459,3.6191670894622803,3.6191670894622803,23016000
2007-06-26,3.6483330726623535,3.694166898727417,3.545833110809326,3.5783329010009766,3.5783329010009766,22969200
2007-06-27,3.549999952316284,3.629167079925537,3.5416669845581055,3.609999895095825,3.609999895095825,15177600
2007-06-28,3.625833034515381,3.665832996368408,3.575000047683716,3.620832920074463,3.620832920074463,17484000
2007-06-29,3.6449999809265137,3.665832996368408,3.55916690826416,3.581666946411133,3.581666946411133,10399200
2007-07-02,3.62833309173584,3.7325000762939453,3.625,3.704166889190674,3.704166889190674,19102800
2007-07-03,3.737499952316284,3.737499952316284,3.678333044052124,3.6791670322418213,3.6791670322418213,7524000
2007-07-05,3.7083330154418945,3.7083330154418945,3.615000009536743,3.6424999237060547,3.6424999237060547,15102000
2007-07-06,3.641666889190674,3.860832929611206,3.626667022705078,3.8125,3.8125,32635200
2007-07-09,3.813333034515381,3.882499933242798,3.774167060852051,3.822499990463257,3.822499990463257,30508800
2007-07-10,3.825000047683716,3.8499999046325684,3.7191669940948486,3.744999885559082,3.744999885559082,16862400
2007-07-11,3.747499942779541,3.7991669178009033,3.670833110809326,3.6958329677581787,3.6958329677581787,15444000
2007-07-12,3.7174999713897705,3.7750000953674316,3.689167022705078,3.7583329677581787,3.7583329677581787,11769600
2007-07-13,3.7341670989990234,3.766666889190674,3.6566669940948486,3.677500009536743,3.677500009536743,14792400
2007-07-16,3.6549999713897705,3.7174999713897705,3.6166670322418213,3.637500047683716,3.637500047683716,9730800
2007-07-17,3.6508328914642334,3.694166898727417,3.632499933242798,3.641666889190674,3.641666889190674,8516400
2007-07-18,3.62166690826416,3.623332977294922,3.576667070388794,3.612499952316284,3.612499952316284,10662000
2007-07-19,3.6308329105377197,3.670833110809326,3.62166690826416,3.639167070388794,3.639167070388794,7970400
2007-07-20,3.6333329677581787,3.6508328914642334,3.545833110809326,3.547499895095825,3.547499895095825,10692000
2007-07-23,3.5958330631256104,3.697499990463257,3.5625,3.6716670989990234,3.6716670989990234,14649600
2007-07-24,3.644166946411133,3.69083309173584,3.565000057220459,3.5833330154418945,3.5833330154418945,11638800
2007-07-25,3.608333110809326,3.640000104904175,3.5625,3.581666946411133,3.581666946411133,7294800
2007-07-26,3.543333053588867,3.567500114440918,3.4075000286102295,3.4825000762939453,3.4825000762939453,16982400
2007-07-27,3.446666955947876,3.509166955947876,3.4091670513153076,3.4191670417785645,3.4191670417785645,8258400
2007-07-30,3.4083330631256104,3.4816670417785645,3.3808329105377197,3.4533329010009766,3.4533329010009766,14176800
2007-07-31,3.478332996368408,3.5208330154418945,3.377500057220459,3.379167079925537,3.379167079925537,11672400
2007-08-01,3.363332986831665,3.4124999046325684,3.2083330154418945,3.3975000381469727,3.3975000381469727,21949200
2007-08-02,3.384166955947876,3.4666669368743896,3.384166955947876,3.444166898727417,3.444166898727417,11305200
2007-08-03,3.4658329486846924,3.4674999713897705,3.336667060852051,3.3399999141693115,3.3399999141693115,9429600
2007-08-06,3.353332996368408,3.433332920074463,3.2341670989990234,3.4066669940948486,3.4066669940948486,13872000
2007-08-07,3.359999895095825,3.495832920074463,3.359999895095825,3.4649999141693115,3.4649999141693115,15432000
2007-08-08,4.054999828338623,4.164999961853027,3.8258330821990967,3.9100000858306885,3.9100000858306885,99384000
2007-08-09,3.855833053588867,4.06583309173584,3.8333330154418945,3.9658329486846924,3.9658329486846924,40852800
2007-08-10,3.894166946411133,3.9141669273376465,3.675832986831665,3.798332929611206,3.798332929611206,30434400
2007-08-13,3.8499999046325684,3.9066669940948486,3.702500104904175,3.766666889190674,3.766666889190674,19790400
2007-08-14,3.7208330631256104,3.8466670513153076,3.709167003631592,3.766666889190674,3.766666889190674,17890800
2007-08-15,3.769166946411133,3.7850000858306885,3.6616671085357666,3.689167022705078,3.689167022705078,17224800
2007-08-16,3.639167070388794,3.6666669845581055,3.420833110809326,3.484999895095825,3.484999895095825,33429600
2007-08-17,3.6583330631256104,3.7683329582214355,3.4216670989990234,3.5108330249786377,3.5108330249786377,25905600
2007-08-20,3.552500009536743,3.696666955947876,3.5341670513153076,3.6641669273376465,3.6641669273376465,17437200
2007-08-21,3.6933329105377197,3.737499952316284,3.6558330059051514,3.6716670989990234,3.6716670989990234,17905200
2007-08-22,3.683332920074463,3.7158329486846924,3.6624999046325684,3.6675000190734863,3.6675000190734863,16176000
2007-08-23,3.7233328819274902,3.7233328819274902,3.6408329010009766,3.678333044052124,3.678333044052124,10966800
2007-08-24,3.678333044052124,3.7200000286102295,3.668333053588867,3.684999942779541,3.684999942779541,16063200
2007-08-27,3.670833110809326,3.757499933242798,3.6700000762939453,3.733333110809326,3.733333110809326,11064000
2007-08-28,3.7049999237060547,3.7291669845581055,3.571666955947876,3.5883328914642334,3.5883328914642334,11382000
2007-08-29,3.617500066757202,3.7391669750213623,3.5875000953674316,3.7216670513153076,3.7216670513153076,11696400
2007-08-30,3.6983330249786377,3.757499933242798,3.649167060852051,3.691667079925537,3.691667079925537,12045600
2007-08-31,3.742500066757202,3.7558329105377197,3.6524999141693115,3.742500066757202,3.742500066757202,13459200
2007-09-04,3.74666690826416,3.858333110809326,3.694999933242798,3.8308329582214355,3.8308329582214355,17995200
2007-09-05,3.8041670322418213,3.8333330154418945,3.765000104904175,3.826667070388794,3.826667070388794,16471200
2007-09-06,3.829166889190674,3.9608330726623535,3.802500009536743,3.9508330821990967,3.9508330821990967,16128000
2007-09-07,3.887500047683716,3.944999933242798,3.8391671180725098,3.891666889190674,3.891666889190674,14148000
2007-09-10,3.9241669178009033,3.9800000190734863,3.8433330059051514,3.9108328819274902,3.9108328819274902,12282000
2007-09-11,3.927500009536743,3.983333110809326,3.868333101272583,3.928333044052124,3.928333044052124,13172400
2007-09-12,3.9241669178009033,4.072500228881836,3.9058330059051514,4.034999847412109,4.034999847412109,17284800
2007-09-13,4.0833330154418945,4.241666793823242,4.057499885559082,4.1591668128967285,4.1591668128967285,33604800
2007-09-14,4.155832767486572,4.2083330154418945,4.0966668128967285,4.133333206176758,4.133333206176758,18603600
2007-09-17,4.125,4.1666669845581055,4.065000057220459,4.079166889190674,4.079166889190674,12439200
2007-09-18,4.0908331871032715,4.28000020980835,4.079166889190674,4.263332843780518,4.263332843780518,14709600
2007-09-19,4.28249979019165,4.309999942779541,4.216667175292969,4.244166851043701,4.244166851043701,11960400
2007-09-20,4.206666946411133,4.358333110809326,4.18416690826416,4.24666690826416,4.24666690826416,13705200
2007-09-21,4.283332824707031,4.337500095367432,4.259167194366455,4.324999809265137,4.324999809265137,15140400
2007-09-24,4.409999847412109,4.570000171661377,4.408332824707031,4.499166965484619,4.499166965484619,29110800
2007-09-25,4.524167060852051,4.591667175292969,4.445833206176758,4.568333148956299,4.568333148956299,19191600
2007-09-26,4.602499961853027,4.760832786560059,4.587500095367432,4.760832786560059,4.760832786560059,24906000
2007-09-27,4.797500133514404,4.829999923706055,4.671667098999023,4.722499847412109,4.722499847412109,23716800
2007-09-28,4.671667098999023,4.815000057220459,4.671667098999023,4.72333288192749,4.72333288192749,19845600
2007-10-01,4.767499923706055,4.780832767486572,4.6875,4.779167175292969,4.779167175292969,21027600
2007-10-02,4.775000095367432,4.804166793823242,4.69083309173584,4.7733330726623535,4.7733330726623535,17155200
2007-10-03,4.688333034515381,5.137499809265137,4.688333034515381,4.9166669845581055,4.9166669845581055,35502000
2007-10-04,4.625833034515381,5.264166831970215,4.590000152587891,5.243332862854004,5.243332862854004,69308400
2007-10-05,5.179999828338623,5.269166946411133,5.09250020980835,5.216667175292969,5.216667175292969,40372800
2007-10-08,5.1875,5.367499828338623,5.0883331298828125,5.344167232513428,5.344167232513428,26920800
2007-10-09,5.3333330154418945,5.432499885559082,5.230833053588867,5.3933329582214355,5.3933329582214355,25593600
2007-10-10,5.340000152587891,5.441667079925537,5.304166793823242,5.344167232513428,5.344167232513428,15925200
2007-10-11,5.347499847412109,5.484167098999023,5.137499809265137,5.1875,5.1875,19171200
2007-10-12,5.168333053588867,5.406667232513428,5.1483330726623535,5.406667232513428,5.406667232513428,13554000
2007-10-15,5.4166669845581055,5.440000057220459,5.263332843780518,5.289999961853027,5.289999961853027,13458000
2007-10-16,5.2916669845581055,5.40749979019165,5.2083330154418945,5.385000228881836,5.385000228881836,14556000
2007-10-17,5.466667175292969,5.477499961853027,5.386666774749756,5.461667060852051,5.461667060852051,17136000
2007-10-18,5.4166669845581055,5.699999809265137,5.412499904632568,5.675833225250244,5.675833225250244,22038000
2007-10-19,5.62166690826416,5.62166690826416,5.132500171661377,5.132500171661377,5.132500171661377,37426800
2007-10-22,5.053332805633545,5.191667079925537,4.9166669845581055,4.998332977294922,4.998332977294922,38110800
2007-10-23,5.095832824707031,5.2083330154418945,5.038332939147949,5.175833225250244,5.175833225250244,19957200
2007-10-24,5.144999980926514,5.349999904632568,5.109167098999023,5.340000152587891,5.340000152587891,24578400
2007-10-25,5.292500019073486,5.363333225250244,5.259167194366455,5.3408331871032715,5.3408331871032715,17809200
2007-10-26,5.380000114440918,5.6666669845581055,5.347499847412109,5.65500020980835,5.65500020980835,17869200
2007-10-29,5.6666669845581055,5.6666669845581055,5.4658331871032715,5.484167098999023,5.484167098999023,17763600
2007-10-30,5.4791669845581055,5.599999904632568,5.425000190734863,5.5258331298828125,5.5258331298828125,10675200
2007-10-31,5.506667137145996,5.697500228881836,5.500833034515381,5.6666669845581055,5.6666669845581055,18129600
2007-11-01,5.545000076293945,5.599999904632568,5.439167022705078,5.440000057220459,5.440000057220459,20413200
2007-11-02,5.489167213439941,5.568333148956299,5.260832786560059,5.451666831970215,5.451666831970215,24038400
2007-11-05,5.3408331871032715,5.41083288192749,4.978332996368408,5.08916711807251,5.08916711807251,30931200
2007-11-06,5.125833034515381,5.147500038146973,4.801667213439941,4.835000038146973,4.835000038146973,35046000
2007-11-07,4.7916669845581055,4.8958330154418945,4.6875,4.722499847412109,4.722499847412109,22050000
2007-11-08,3.571666955947876,3.7208330631256104,3.1875,3.625,3.625,243199200
2007-11-09,3.6308329105377197,3.988332986831665,3.492500066757202,3.87166690826416,3.87166690826416,103869600
2007-11-12,3.8258330821990967,4.078332901000977,3.634166955947876,3.683332920074463,3.683332920074463,58224000
2007-11-13,3.699167013168335,3.827500104904175,3.6575000286102295,3.7233328819274902,3.7233328819274902,45051600
2007-11-14,3.7991669178009033,3.8333330154418945,3.684999942779541,3.6958329677581787,3.6958329677581787,32996400
2007-11-15,3.6875,3.704166889190674,3.5491669178009033,3.579166889190674,3.579166889190674,34416000
2007-11-16,3.613332986831665,3.624166965484619,3.4533329010009766,3.4600000381469727,3.4600000381469727,38049600
2007-11-19,3.375,3.5758330821990967,3.3499999046325684,3.514167070388794,3.514167070388794,29932800
2007-11-20,3.5274999141693115,3.579166889190674,3.4166669845581055,3.447499990463257,3.447499990463257,30058800
2007-11-21,3.4108328819274902,3.4316670894622803,3.3541669845581055,3.373332977294922,3.373332977294922,16716000
2007-11-23,3.4075000286102295,3.4583330154418945,3.370832920074463,3.4166669845581055,3.4166669845581055,6381600
2007-11-26,3.4166669845581055,3.5199999809265137,3.389167070388794,3.389167070388794,3.389167070388794,13899600
2007-11-27,3.4241669178009033,3.454166889190674,3.3808329105377197,3.4091670513153076,3.4091670513153076,18498000
2007-11-28,3.515000104904175,3.6016669273376465,3.490000009536743,3.567500114440918,3.567500114440918,22731600
2007-11-29,3.567500114440918,3.605833053588867,3.490000009536743,3.5908329486846924,3.5908329486846924,15190800
2007-11-30,3.6741669178009033,3.7249999046325684,3.581666946411133,3.617500066757202,3.617500066757202,44481600
2007-12-03,3.5958330631256104,3.774167060852051,3.5783329010009766,3.706666946411133,3.706666946411133,33805200
2007-12-04,3.706666946411133,3.740833044052124,3.5883328914642334,3.6091670989990234,3.6091670989990234,16555200
2007-12-05,3.6600000858306885,3.8499999046325684,3.6483330726623535,3.8299999237060547,3.8299999237060547,25743600
2007-12-06,3.8566670417785645,3.9583330154418945,3.8258330821990967,3.938333034515381,3.938333034515381,19233600
2007-12-07,4.042500019073486,4.181666851043701,3.9791669845581055,4.093332767486572,4.093332767486572,22653600
2007-12-10,4.125,4.179166793823242,3.990833044052124,4.000833034515381,4.000833034515381,14338800
2007-12-11,4.006667137145996,4.012499809265137,3.875833034515381,3.9041669368743896,3.9041669368743896,18142800
2007-12-12,3.988332986831665,4.0,3.8591670989990234,3.9058330059051514,3.9058330059051514,20877600
2007-12-13,3.9558329582214355,3.9916670322418213,3.875833034515381,3.949167013168335,3.949167013168335,29138400
2007-12-14,3.9741671085357666,3.990833044052124,3.920833110809326,3.9749999046325684,3.9749999046325684,21333600
2007-12-17,3.9791669845581055,3.983333110809326,3.7766671180725098,3.7774999141693115,3.7774999141693115,28765200
2007-12-18,3.8066670894622803,3.817500114440918,3.6600000858306885,3.7366669178009033,3.7366669178009033,17430000
2007-12-19,3.75333309173584,3.8641669750213623,3.744999885559082,3.858333110809326,3.858333110809326,12039600
2007-12-20,3.890000104904175,3.9583330154418945,3.809999942779541,3.941667079925537,3.941667079925537,18804000
2007-12-21,4.043333053588867,4.054166793823242,3.8441669940948486,3.9749999046325684,3.9749999046325684,54520800
2007-12-24,4.010832786560059,4.03583288192749,3.868333101272583,4.021667003631592,4.021667003631592,8796000
2007-12-26,4.015832901000977,4.02666711807251,3.9075000286102295,3.949167013168335,3.949167013168335,9837600
2007-12-27,3.9733328819274902,3.9733328819274902,3.75333309173584,3.7658329010009766,3.7658329010009766,16812000
2007-12-28,3.800832986831665,3.8041670322418213,3.6791670322418213,3.706666946411133,3.706666946411133,15855600
2007-12-31,3.6741669178009033,3.764167070388794,3.670833110809326,3.69083309173584,3.69083309173584,14444400
2008-01-02,3.701667070388794,3.748332977294922,3.5625,3.5983328819274902,3.5983328819274902,18436800
2008-01-03,3.5758330821990967,3.6566669940948486,3.5374999046325684,3.575000047683716,3.575000047683716,10791600
2008-01-04,3.5416669845581055,3.5733330249786377,3.4316670894622803,3.4583330154418945,3.4583330154418945,16824000
2008-01-07,3.4683330059051514,3.509999990463257,3.3666670322418213,3.459167003631592,3.459167003631592,21558000
2008-01-08,3.494999885559082,3.637500047683716,3.4600000381469727,3.564167022705078,3.564167022705078,27672000
2008-01-09,3.5391669273376465,3.668333053588867,3.5225000381469727,3.6541669368743896,3.6541669368743896,25660800
2008-01-10,3.637500047683716,3.802500009536743,3.579166889190674,3.7658329010009766,3.7658329010009766,27895200
2008-01-11,3.7233328819274902,3.75333309173584,3.5425000190734863,3.5941669940948486,3.5941669940948486,31330800
2008-01-14,3.629167079925537,3.649167060852051,3.5733330249786377,3.612499952316284,3.612499952316284,16999200
2008-01-15,3.5683329105377197,3.5933330059051514,3.5258328914642334,3.5258328914642334,3.5258328914642334,24522000
2008-01-16,3.5174999237060547,3.5516669750213623,3.2766671180725098,3.3333330154418945,3.3333330154418945,32206800
2008-01-17,3.4000000953674316,3.494999885559082,3.3408329486846924,3.3458330631256104,3.3458330631256104,34701600
2008-01-18,3.329166889190674,3.4816670417785645,3.313333034515381,3.4141669273376465,3.4141669273376465,31676400
2008-01-22,3.126667022705078,3.375,3.0683329105377197,3.331666946411133,3.331666946411133,21670800
2008-01-23,3.2049999237060547,3.420833110809326,3.1666669845581055,3.396667003631592,3.396667003631592,24106800
2008-01-24,3.4216670989990234,3.5374999046325684,3.3691670894622803,3.507499933242798,3.507499933242798,23076000
2008-01-25,3.552500009536743,3.563333034515381,3.4083330631256104,3.415832996368408,3.415832996368408,11774400
2008-01-28,3.4058330059051514,3.483333110809326,3.3924999237060547,3.4825000762939453,3.4825000762939453,10719600
2008-01-29,3.5333330631256104,3.5450000762939453,3.4600000381469727,3.4666669368743896,3.4666669368743896,10550400
2008-01-30,3.3958330154418945,3.3958330154418945,3.0899999141693115,3.100832939147949,3.100832939147949,58890000
2008-01-31,3.129167079925537,3.288332939147949,3.129167079925537,3.2133328914642334,3.2133328914642334,48894000
2008-02-01,3.2608330249786377,3.2750000953674316,3.189167022705078,3.2658329010009766,3.2658329010009766,22261200
2008-02-04,3.274167060852051,3.381666898727417,3.274167060852051,3.3383328914642334,3.3383328914642334,16492800
2008-02-05,3.2683329582214355,3.2991669178009033,3.2316670417785645,3.24666690826416,3.24666690826416,16797600
2008-02-06,3.2758328914642334,3.299999952316284,3.1541669368743896,3.1624999046325684,3.1624999046325684,11431200
2008-02-07,3.127500057220459,3.265000104904175,3.1075000762939453,3.240833044052124,3.240833044052124,14264400
2008-02-08,3.2325000762939453,3.315000057220459,3.1583330631256104,3.1875,3.1875,15063600
2008-02-11,3.2108330726623535,3.249166965484619,3.125,3.199167013168335,3.199167013168335,13938000
2008-02-12,3.265000104904175,3.302500009536743,3.1958329677581787,3.2249999046325684,3.2249999046325684,16014000
2008-02-13,3.2200000286102295,3.3299999237060547,3.2083330154418945,3.2108330726623535,3.2108330726623535,14398800
2008-02-14,3.2141671180725098,3.2774999141693115,3.1458330154418945,3.1600000858306885,3.1600000858306885,15955200
2008-02-15,3.178333044052124,3.353332996368408,3.178333044052124,3.3408329486846924,3.3408329486846924,32480400
2008-02-19,3.514167070388794,3.553333044052124,3.4166669845581055,3.442500114440918,3.442500114440918,32191200
2008-02-20,3.502500057220459,3.557499885559082,3.4291670322418213,3.5566670894622803,3.5566670894622803,22851600
2008-02-21,3.571666955947876,3.572499990463257,3.456666946411133,3.4841670989990234,3.4841670989990234,18958800
2008-02-22,3.512500047683716,3.663332939147949,3.487499952316284,3.6516671180725098,3.6516671180725098,24079200
2008-02-25,3.6500000953674316,3.7416670322418213,3.625,3.6475000381469727,3.6475000381469727,20652000
2008-02-26,3.615833044052124,3.7874999046325684,3.5966670513153076,3.665832996368408,3.665832996368408,18589200
2008-02-27,3.673332929611206,3.7816669940948486,3.631666898727417,3.6583330631256104,3.6583330631256104,26140800
2008-02-28,3.7141671180725098,3.7291669845581055,3.6050000190734863,3.6791670322418213,3.6791670322418213,32790000
2008-02-29,3.379167079925537,3.5333330631256104,3.303333044052124,3.4583330154418945,3.4583330154418945,72080400
2008-03-03,3.436666965484619,3.4716670513153076,3.314167022705078,3.379167079925537,3.379167079925537,28962000
2008-03-04,3.360832929611206,3.44083309173584,3.3233330249786377,3.4083330631256104,3.4083330631256104,21703200
2008-03-05,3.4100000858306885,3.5350000858306885,3.4016671180725098,3.509999990463257,3.509999990463257,19816800
2008-03-06,3.5283329486846924,3.55916690826416,3.428333044052124,3.430000066757202,3.430000066757202,23293200
2008-03-07,3.4191670417785645,3.4774999618530273,3.3424999713897705,3.380000114440918,3.380000114440918,17744400
2008-03-10,3.3924999237060547,3.4141669273376465,3.266666889190674,3.271667003631592,3.271667003631592,15780000
2008-03-11,3.353332996368408,3.415832996368408,3.2300000190734863,3.3125,3.3125,25780800
2008-03-12,3.3333330154418945,3.519166946411133,3.311666965484619,3.4683330059051514,3.4683330059051514,30470400
2008-03-13,3.4049999713897705,3.4191670417785645,3.1700000762939453,3.3324999809265137,3.3324999809265137,63446400
2008-03-14,3.3666670322418213,3.374166965484619,3.188333034515381,3.2341670989990234,3.2341670989990234,31754400
2008-03-17,3.1983330249786377,3.2225000858306885,3.0733330249786377,3.0883328914642334,3.0883328914642334,34357200
2008-03-18,3.125,3.2874999046325684,3.115000009536743,3.2683329582214355,3.2683329582214355,25426800
2008-03-19,3.2583329677581787,3.3483328819274902,3.1816670894622803,3.1816670894622803,3.1816670894622803,19662000
2008-03-20,3.188333034515381,3.240833044052124,3.12833309173584,3.2225000858306885,3.2225000858306885,20168400
2008-03-24,3.2608330249786377,3.2608330249786377,3.112499952316284,3.1558330059051514,3.1558330059051514,19095600
2008-03-25,3.125,3.2300000190734863,3.125,3.182499885559082,3.182499885559082,22477200
2008-03-26,3.180833101272583,3.180833101272583,3.0858330726623535,3.109999895095825,3.109999895095825,19639200
2008-03-27,3.0883328914642334,3.132499933242798,2.990000009536743,2.998332977294922,2.998332977294922,26262000
2008-03-28,2.992500066757202,3.0341670513153076,2.872499942779541,2.889167070388794,2.889167070388794,34164000
2008-03-31,2.8975000381469727,2.956666946411133,2.869999885559082,2.941667079925537,2.941667079925537,24996000
2008-04-01,3.129167079925537,3.314167022705078,3.1141669750213623,3.302500009536743,3.302500009536743,52436400
2008-04-02,3.297499895095825,3.299999952316284,3.1983330249786377,3.2441670894622803,3.2441670894622803,26936400
2008-04-03,3.2191669940948486,3.234999895095825,3.1791670322418213,3.204166889190674,3.204166889190674,26402400
2008-04-04,3.247499942779541,3.2825000286102295,3.180000066757202,3.186666965484619,3.186666965484619,18393600
2008-04-07,3.2149999141693115,3.234999895095825,3.1524999141693115,3.1591670513153076,3.1591670513153076,20582400
2008-04-08,3.1358330249786377,3.149167060852051,3.057499885559082,3.0733330249786377,3.0733330249786377,39372000
2008-04-09,3.060832977294922,3.0833330154418945,3.0208330154418945,3.0250000953674316,3.0250000953674316,35984400
2008-04-10,3.0358328819274902,3.069166898727417,2.9600000381469727,3.038332939147949,3.038332939147949,34328400
2008-04-11,3.0341670513153076,3.0341670513153076,2.9166669845581055,2.93416690826416,2.93416690826416,29505600
2008-04-14,2.922499895095825,2.9691669940948486,2.8550000190734863,2.8641669750213623,2.8641669750213623,22629600
2008-04-15,2.9166669845581055,2.9166669845581055,2.8299999237060547,2.8375000953674316,2.8375000953674316,26304000
2008-04-16,2.8666670322418213,2.870832920074463,2.6700000762939453,2.737499952316284,2.737499952316284,63932400
2008-04-17,2.7658329010009766,2.769166946411133,2.694999933242798,2.7083330154418945,2.7083330154418945,24850800
2008-04-18,2.749166965484619,2.7816669940948486,2.6600000858306885,2.68416690826416,2.68416690826416,25357200
2008-04-21,2.6575000286102295,2.7766671180725098,2.612499952316284,2.757499933242798,2.757499933242798,39234000
2008-04-22,2.75,2.7708330154418945,2.6533329486846924,2.668333053588867,2.668333053588867,26253600
2008-04-23,2.683332920074463,2.7149999141693115,2.6433329582214355,2.7058329582214355,2.7058329582214355,17347200
2008-04-24,2.704166889190674,2.704166889190674,2.564167022705078,2.634166955947876,2.634166955947876,33516000
2008-04-25,2.702500104904175,2.8233330249786377,2.691667079925537,2.805833101272583,2.805833101272583,61674000
2008-04-28,2.8066670894622803,2.8066670894622803,2.738332986831665,2.751667022705078,2.751667022705078,25212000
2008-04-29,2.745832920074463,2.8908329010009766,2.745832920074463,2.875833034515381,2.875833034515381,30368400
2008-04-30,2.889167070388794,3.049999952316284,2.8833329677581787,2.949167013168335,2.949167013168335,44601600
2008-05-01,2.961667060852051,2.997499942779541,2.8383328914642334,2.9066669940948486,2.9066669940948486,31758000
2008-05-02,2.932499885559082,2.9533329010009766,2.9024999141693115,2.933332920074463,2.933332920074463,23275200
2008-05-05,2.9574999809265137,2.9825000762939453,2.8908329010009766,2.9075000286102295,2.9075000286102295,24111600
2008-05-06,2.887500047683716,2.9941670894622803,2.887500047683716,2.944166898727417,2.944166898727417,22904400
2008-05-07,2.9658329486846924,3.0108330249786377,2.9266669750213623,2.9666669368743896,2.9666669368743896,42036000
2008-05-08,2.4041669368743896,2.6458330154418945,2.375833034515381,2.511667013168335,2.511667013168335,250286400
2008-05-09,2.488332986831665,2.497499942779541,2.3499999046325684,2.3833329677581787,2.3833329677581787,113350800
2008-05-12,2.396667003631592,2.5233330726623535,2.382499933242798,2.5199999809265137,2.5199999809265137,68887200
2008-05-13,2.5225000381469727,2.5274999141693115,2.4000000953674316,2.4666669368743896,2.4666669368743896,64083600
2008-05-14,2.4916670322418213,2.506666898727417,2.4191670417785645,2.4266669750213623,2.4266669750213623,33154800
2008-05-15,2.4483330249786377,2.5199999809265137,2.4316670894622803,2.4825000762939453,2.4825000762939453,30405600
2008-05-16,2.497499942779541,2.5208330154418945,2.4266669750213623,2.456666946411133,2.456666946411133,24896400
2008-05-19,2.4633328914642334,2.4774999618530273,2.375,2.391666889190674,2.391666889190674,31417200
2008-05-20,2.375833034515381,2.4100000858306885,2.3333330154418945,2.37166690826416,2.37166690826416,38700000
2008-05-21,2.3808329105377197,2.3883330821990967,2.325000047683716,2.3450000286102295,2.3450000286102295,26769600
2008-05-22,2.3666670322418213,2.423332929611206,2.3541669845581055,2.4124999046325684,2.4124999046325684,25185600
2008-05-23,2.368333101272583,2.4124999046325684,2.3416669368743896,2.4000000953674316,2.4000000953674316,32869200
2008-05-27,2.4175000190734863,2.4791669845581055,2.4116671085357666,2.4649999141693115,2.4649999141693115,44023200
2008-05-28,2.5174999237060547,2.6041669845581055,2.515000104904175,2.5933330059051514,2.5933330059051514,49546800
2008-05-29,2.5933330059051514,2.6066670417785645,2.555833101272583,2.577500104904175,2.577500104904175,23989200
2008-05-30,2.5983328819274902,2.62166690826416,2.524167060852051,2.603332996368408,2.603332996368408,33289200
2008-06-02,2.6166670322418213,2.672499895095825,2.5783329010009766,2.6433329582214355,2.6433329582214355,40455600
2008-06-03,2.6500000953674316,2.7033329010009766,2.5983328819274902,2.6408329010009766,2.6408329010009766,31148400
2008-06-04,2.625,2.7608330249786377,2.610832929611206,2.733333110809326,2.733333110809326,76687200
2008-06-05,2.751667022705078,2.954166889190674,2.740000009536743,2.933332920074463,2.933332920074463,66202800
2008-06-06,2.9016671180725098,2.9066669940948486,2.803333044052124,2.865000009536743,2.865000009536743,62454000
2008-06-09,2.879167079925537,2.927500009536743,2.875,2.9100000858306885,2.9100000858306885,45186000
2008-06-10,2.881666898727417,2.9058330059051514,2.8475000858306885,2.877500057220459,2.877500057220459,29857200
2008-06-11,2.8858330249786377,2.9016671180725098,2.762500047683716,2.816667079925537,2.816667079925537,28608000
2008-06-12,2.816667079925537,2.816667079925537,2.6500000953674316,2.733333110809326,2.733333110809326,62090400
2008-06-13,2.7750000953674316,2.870832920074463,2.771667003631592,2.8566670417785645,2.8566670417785645,34593600
2008-06-16,2.8499999046325684,3.1608328819274902,2.7925000190734863,3.1433329582214355,3.1433329582214355,52408800
2008-06-17,3.067500114440918,3.074167013168335,2.9691669940948486,2.9725000858306885,2.9725000858306885,40670400
2008-06-18,2.9700000286102295,3.0358328819274902,2.887500047683716,2.994999885559082,2.994999885559082,31550400
2008-06-19,2.9891669750213623,3.024167060852051,2.930833101272583,2.961667060852051,2.961667060852051,21678000
2008-06-20,2.9558329582214355,2.9674999713897705,2.8391671180725098,2.8483328819274902,2.8483328819274902,42810000
2008-06-23,2.8424999713897705,2.938333034515381,2.819999933242798,2.8324999809265137,2.8324999809265137,25251600
2008-06-24,2.8183329105377197,2.825000047683716,2.5875000953674316,2.600832939147949,2.600832939147949,48049200
2008-06-25,2.617500066757202,2.68416690826416,2.612499952316284,2.625,2.625,22814400
2008-06-26,2.5883328914642334,2.6141669750213623,2.451667070388794,2.4583330154418945,2.4583330154418945,38894400
2008-06-27,2.4508330821990967,2.490000009536743,2.4083330631256104,2.4291670322418213,2.4291670322418213,35425200
2008-06-30,2.4241669178009033,2.435832977294922,2.3933329582214355,2.4016671180725098,2.4016671180725098,29684400
2008-07-01,2.4149999618530273,2.428333044052124,2.2916669845581055,2.3416669368743896,2.3416669368743896,31722000
2008-07-02,2.3283329010009766,2.3833329677581787,2.252500057220459,2.2608330249786377,2.2608330249786377,39366000
2008-07-03,2.251667022705078,2.2916669845581055,2.009166955947876,2.1041669845581055,2.1041669845581055,49248000
2008-07-07,2.108333110809326,2.4016671180725098,2.1075000762939453,2.377500057220459,2.377500057220459,56365200
2008-07-08,2.3499999046325684,2.4891669750213623,2.334167003631592,2.4124999046325684,2.4124999046325684,46534800
2008-07-09,2.25,2.2916669845581055,2.0158329010009766,2.0466670989990234,2.0466670989990234,87992400
2008-07-10,2.0333330631256104,2.146667003631592,1.988332986831665,2.123332977294922,2.123332977294922,57432000
2008-07-11,2.043333053588867,2.0975000858306885,1.9866670370101929,2.0425000190734863,2.0425000190734863,37279200
2008-07-14,2.067500114440918,2.0824999809265137,1.9516669511795044,2.0325000286102295,2.0325000286102295,39967200
2008-07-15,2.000833034515381,2.0291669368743896,1.9383330345153809,1.9666670560836792,1.9666670560836792,25089600
2008-07-16,1.9816670417785645,1.9991669654846191,1.9191670417785645,1.9791669845581055,1.9791669845581055,29724000
2008-07-17,2.009166955947876,2.0466670989990234,1.9791669845581055,2.0374999046325684,2.0374999046325684,32988000
2008-07-18,2.0333330631256104,2.0824999809265137,2.007499933242798,2.015000104904175,2.015000104904175,29224800
2008-07-21,2.0783329010009766,2.0783329010009766,2.009999990463257,2.0491669178009033,2.0491669178009033,18150000
2008-07-22,2.055000066757202,2.115000009536743,2.012500047683716,2.1066670417785645,2.1066670417785645,33786000
2008-07-23,2.100832939147949,2.2058329582214355,2.084167003631592,2.1958329677581787,2.1958329677581787,30633600
2008-07-24,2.197499990463257,2.197499990463257,2.0058329105377197,2.0108330249786377,2.0108330249786377,31778400
2008-07-25,2.0316669940948486,2.050832986831665,1.9874999523162842,2.024167060852051,2.024167060852051,16480800
2008-07-28,2.015000104904175,2.0391669273376465,1.9924999475479126,1.9966670274734497,1.9966670274734497,21818400
2008-07-29,2.0133330821990967,2.069999933242798,1.9966670274734497,2.0466670989990234,2.0466670989990234,29403600
2008-07-30,2.050832986831665,2.0808329582214355,2.0225000381469727,2.0291669368743896,2.0291669368743896,15676800
2008-07-31,1.9658329486846924,1.9900000095367432,1.8941669464111328,1.9049999713897705,1.9049999713897705,74040000
2008-08-01,1.9049999713897705,1.9158329963684082,1.8558330535888672,1.8933329582214355,1.8933329582214355,69454800
2008-08-04,1.8758330345153809,1.8833329677581787,1.7791670560836792,1.7833329439163208,1.7833329439163208,54066000
2008-08-05,1.8274999856948853,1.8574999570846558,1.7975000143051147,1.8333330154418945,1.8333330154418945,59152800
2008-08-06,1.8333330154418945,1.8716670274734497,1.7833329439163208,1.8191670179367065,1.8191670179367065,33920400
2008-08-07,1.7949999570846558,1.8208329677581787,1.7841670513153076,1.8041670322418213,1.8041670322418213,67183200
2008-08-08,1.7858330011367798,1.9958330392837524,1.722499966621399,1.9358329772949219,1.9358329772949219,81030000
2008-08-11,1.9391670227050781,2.1741669178009033,1.9358329772949219,2.163332939147949,2.163332939147949,51382800
2008-08-12,2.248332977294922,2.4058330059051514,2.2208330631256104,2.269166946411133,2.269166946411133,82984800
2008-08-13,2.25333309173584,2.2699999809265137,2.182499885559082,2.249166965484619,2.249166965484619,25518000
2008-08-14,2.233333110809326,2.6333329677581787,2.2083330154418945,2.498332977294922,2.498332977294922,140631600
2008-08-15,2.5,2.5158329010009766,2.379167079925537,2.3858330249786377,2.3858330249786377,56085600
2008-08-18,2.4149999618530273,2.494999885559082,2.3375000953674316,2.382499933242798,2.382499933242798,27404400
2008-08-19,2.365833044052124,2.5,2.329166889190674,2.3383328914642334,2.3383328914642334,23053200
2008-08-20,2.3575000762939453,2.561666965484619,2.3375000953674316,2.5174999237060547,2.5174999237060547,39434400
2008-08-21,2.475832939147949,2.497499942779541,2.423332929611206,2.4433329105377197,2.4433329105377197,30830400
2008-08-22,2.420833110809326,2.487499952316284,2.4141669273376465,2.4608330726623535,2.4608330726623535,26271600
2008-08-25,2.396667003631592,2.4583330154418945,2.3475000858306885,2.365000009536743,2.365000009536743,21327600
2008-08-26,2.3591670989990234,2.422499895095825,2.322499990463257,2.3541669845581055,2.3541669845581055,21561600
2008-08-27,2.3375000953674316,2.386667013168335,2.2841670513153076,2.3066670894622803,2.3066670894622803,15091200
2008-08-28,2.319166898727417,2.3399999141693115,2.2858328819274902,2.2891669273376465,2.2891669273376465,22425600
2008-08-29,2.266666889190674,2.370832920074463,2.262500047683716,2.2899999618530273,2.2899999618530273,17479200
2008-09-02,2.3399999141693115,2.3399999141693115,2.2049999237060547,2.228332996368408,2.228332996368408,27244800
2008-09-03,2.230833053588867,2.299999952316284,2.1875,2.202500104904175,2.202500104904175,23468400
2008-09-04,2.184999942779541,2.204166889190674,2.069999933242798,2.0875000953674316,2.0875000953674316,31544400
2008-09-05,2.067500114440918,2.1575000286102295,2.0258328914642334,2.131666898727417,2.131666898727417,27003600
2008-09-08,2.1458330154418945,2.196666955947876,1.872499942779541,1.9916670322418213,1.9916670322418213,40546800
2008-09-09,1.962499976158142,2.049999952316284,1.9391670227050781,1.9666670560836792,1.9666670560836792,49027200
2008-09-10,2.011667013168335,2.0133330821990967,1.963333010673523,2.000833034515381,2.000833034515381,31809600
2008-09-11,1.9666670560836792,2.072499990463257,1.9299999475479126,2.048332929611206,2.048332929611206,29174400
2008-09-12,2.0225000381469727,2.0566670894622803,2.0,2.0250000953674316,2.0250000953674316,43543200
2008-09-15,1.963333010673523,2.084167003631592,1.963333010673523,1.975000023841858,1.975000023841858,40333200
2008-09-16,1.9774999618530273,2.057499885559082,1.928333044052124,1.972499966621399,1.972499966621399,25484400
2008-09-17,1.9325000047683716,1.9991669654846191,1.8849999904632568,1.925832986831665,1.925832986831665,46106400
2008-09-18,2.0208330154418945,2.375,2.0199999809265137,2.261667013168335,2.261667013168335,82466400
2008-09-19,2.266666889190674,2.5416669845581055,2.266666889190674,2.5325000286102295,2.5325000286102295,113608800
2008-09-22,2.6091670989990234,2.631666898727417,2.4075000286102295,2.4674999713897705,2.4674999713897705,53074800
2008-09-23,2.433332920074463,2.665832996368408,2.4166669845581055,2.625,2.625,83145600
2008-09-24,2.5975000858306885,2.7033329010009766,2.18416690826416,2.5883328914642334,2.5883328914642334,48429600
2008-09-25,2.62166690826416,2.749166965484619,2.4716670513153076,2.7274999618530273,2.7274999618530273,28314000
2008-09-26,2.577500104904175,2.7083330154418945,2.501667022705078,2.619999885559082,2.619999885559082,18148800
2008-09-29,2.576667070388794,2.5933330059051514,2.2441670894622803,2.3399999141693115,2.3399999141693115,22381200
2008-09-30,2.441667079925537,2.540832996368408,2.2925000190734863,2.5208330154418945,2.5208330154418945,16024800
2008-10-01,2.4649999141693115,2.609999895095825,2.387500047683716,2.600832939147949,2.600832939147949,31401600
2008-10-02,2.603332996368408,2.644166946411133,2.321666955947876,2.391666889190674,2.391666889190674,22240800
2008-10-03,2.4166669845581055,2.69083309173584,2.3550000190734863,2.663332939147949,2.663332939147949,35437200
2008-10-06,2.2858328819274902,2.4916670322418213,2.233333110809326,2.424999952316284,2.424999952316284,61242000
2008-10-07,2.436666965484619,2.4583330154418945,2.1649999618530273,2.299999952316284,2.299999952316284,32113200
2008-10-08,2.134166955947876,2.372499942779541,2.0999999046325684,2.2208330631256104,2.2208330631256104,26977200
2008-10-09,2.2774999141693115,2.3016669750213623,1.8083330392837524,1.9483330249786377,1.9483330249786377,32062800
2008-10-10,1.849166989326477,2.165832996368408,1.7100000381469727,2.0683329105377197,2.0683329105377197,26744400
2008-10-13,2.1649999618530273,2.2916669845581055,2.084167003631592,2.2225000858306885,2.2225000858306885,21949200
2008-10-14,2.274167060852051,2.3333330154418945,2.136667013168335,2.174999952316284,2.174999952316284,23628000
2008-10-15,2.2583329677581787,2.2583329677581787,2.011667013168335,2.0133330821990967,2.0133330821990967,26118000
2008-10-16,2.0266671180725098,2.0708329677581787,1.789167046546936,1.9166669845581055,1.9166669845581055,31059600
2008-10-17,1.8958330154418945,1.9991669654846191,1.8333330154418945,1.8849999904632568,1.8849999904632568,24081600
2008-10-20,1.9691669940948486,2.0991671085357666,1.8791669607162476,2.0958330631256104,2.0958330631256104,20844000
2008-10-21,2.050832986831665,2.248332977294922,2.0083329677581787,2.0083329677581787,2.0083329677581787,23540400
2008-10-22,1.9383330345153809,2.0999999046325684,1.8833329677581787,1.9500000476837158,1.9500000476837158,19239600
2008-10-23,1.9708329439163208,2.049999952316284,1.7916669845581055,1.9066669940948486,1.9066669940948486,40248000
2008-10-24,1.7166670560836792,1.8333330154418945,1.7166670560836792,1.7599999904632568,1.7599999904632568,19540800
2008-10-27,1.7291669845581055,1.8583329916000366,1.713333010673523,1.75,1.75,12278400
2008-10-28,1.7975000143051147,2.005000114440918,1.7174999713897705,2.00333309173584,2.00333309173584,18226800
2008-10-29,1.9716670513153076,2.060832977294922,1.8916670083999634,1.9924999475479126,1.9924999475479126,13872000
2008-10-30,1.9233330488204956,2.1566669940948486,1.9233330488204956,2.120832920074463,2.120832920074463,19516800
2008-10-31,2.0758330821990967,2.2208330631256104,2.074167013168335,2.109999895095825,2.109999895095825,14198400
2008-11-03,2.119999885559082,2.233333110809326,2.119999885559082,2.136667013168335,2.136667013168335,15279600
2008-11-04,2.2233328819274902,2.2300000190734863,2.140000104904175,2.1691670417785645,2.1691670417785645,16033200
2008-11-05,2.1666669845581055,2.190000057220459,2.0158329010009766,2.024167060852051,2.024167060852051,12302400
2008-11-06,2.005000114440918,2.061666965484619,1.8700000047683716,1.9175000190734863,1.9175000190734863,21771600
2008-11-07,2.0833330154418945,2.134999990463257,1.940000057220459,2.075000047683716,2.075000047683716,28303200
2008-11-10,2.125,2.1533329486846924,2.050832986831665,2.1449999809265137,2.1449999809265137,11571600
2008-11-11,2.125833034515381,2.2149999141693115,2.0733330249786377,2.1424999237060547,2.1424999237060547,14734800
2008-11-12,2.1075000762939453,2.1358330249786377,2.0733330249786377,2.0899999141693115,2.0899999141693115,15031200
2008-11-13,2.079166889190674,2.197499990463257,2.0225000381469727,2.190000057220459,2.190000057220459,21111600
2008-11-14,2.112499952316284,2.2416670322418213,2.0833330154418945,2.113332986831665,2.113332986831665,29742000
2008-11-17,2.0850000381469727,2.172499895095825,2.059999942779541,2.076667070388794,2.076667070388794,17271600
2008-11-18,2.0850000381469727,2.1308329105377197,2.0625,2.125,2.125,23494800
2008-11-19,2.123332977294922,2.182499885559082,2.0366671085357666,2.0391669273376465,2.0391669273376465,21320400
2008-11-20,2.0291669368743896,2.126667022705078,1.9941669702529907,2.0058329105377197,2.0058329105377197,27158400
2008-11-21,2.038332939147949,2.0808329582214355,1.9166669845581055,2.048332929611206,2.048332929611206,29094000
2008-11-24,2.075000047683716,2.1508328914642334,2.0625,2.112499952316284,2.112499952316284,24963600
2008-11-25,2.1766669750213623,2.329166889190674,2.112499952316284,2.3041670322418213,2.3041670322418213,28288800
2008-11-26,2.2916669845581055,2.497499942779541,2.25,2.4533329010009766,2.4533329010009766,25455600
2008-11-28,2.4166669845581055,2.4916670322418213,2.4024999141693115,2.4791669845581055,2.4791669845581055,7048800
2008-12-01,2.4316670894622803,2.438333034515381,2.25,2.255000114440918,2.255000114440918,24208800
2008-12-02,2.310832977294922,2.375833034515381,2.25,2.3466670513153076,2.3466670513153076,16753200
2008-12-03,2.2991669178009033,2.3591670989990234,2.25,2.3183329105377197,2.3183329105377197,27534000
2008-12-04,2.261667013168335,2.446666955947876,2.2216670513153076,2.2808330059051514,2.2808330059051514,27763200
2008-12-05,2.266666889190674,2.4741671085357666,2.248332977294922,2.4633328914642334,2.4633328914642334,17997600
2008-12-08,2.4100000858306885,2.5,2.360832929611206,2.379167079925537,2.379167079925537,24253200
2008-12-09,2.3691670894622803,2.450000047683716,2.3125,2.37166690826416,2.37166690826416,19309200
2008-12-10,2.389167070388794,2.4458329677581787,2.3591670989990234,2.3975000381469727,2.3975000381469727,11908800
2008-12-11,2.365833044052124,2.439167022705078,2.325000047683716,2.3416669368743896,2.3416669368743896,26289600
2008-12-12,2.4024999141693115,2.456666946411133,2.2966670989990234,2.439167022705078,2.439167022705078,13938000
2008-12-15,2.4841670989990234,2.512500047683716,2.377500057220459,2.4016671180725098,2.4016671180725098,22896000
2008-12-16,2.4100000858306885,2.5625,2.4100000858306885,2.5341670513153076,2.5341670513153076,22890000
2008-12-17,2.5199999809265137,2.7074999809265137,2.5,2.686666965484619,2.686666965484619,43033200
2008-12-18,2.6558330059051514,2.8324999809265137,2.6558330059051514,2.747499942779541,2.747499942779541,25244400
2008-12-19,2.7141671180725098,2.816667079925537,2.7125000953674316,2.7441670894622803,2.7441670894622803,21754800
2008-12-22,2.75,2.7758328914642334,2.5708329677581787,2.673332929611206,2.673332929611206,17037600
2008-12-23,2.68416690826416,2.766666889190674,2.6675000190734863,2.750833034515381,2.750833034515381,14424000
2008-12-24,2.761667013168335,2.8125,2.748332977294922,2.8066670894622803,2.8066670894622803,5584800
2008-12-26,2.81583309173584,2.8383328914642334,2.790832996368408,2.825000047683716,2.825000047683716,6266400
2008-12-29,2.825000047683716,2.825000047683716,2.730833053588867,2.765000104904175,2.765000104904175,6769200
2008-12-30,2.759166955947876,2.875,2.733333110809326,2.862499952316284,2.862499952316284,15242400
2008-12-31,2.8499999046325684,2.899167060852051,2.774167060852051,2.7941670417785645,2.7941670417785645,13465200
2009-01-02,2.751667022705078,2.9166669845581055,2.751667022705078,2.9008328914642334,2.9008328914642334,14136000
2009-01-05,2.880000114440918,2.950000047683716,2.8458330631256104,2.879167079925537,2.879167079925537,12664800
2009-01-06,2.8883330821990967,2.9533329010009766,2.8066670894622803,2.8299999237060547,2.8299999237060547,11989200
2009-01-07,2.809999942779541,2.8575000762939453,2.7233328819274902,2.749166965484619,2.749166965484619,15561600
2009-01-08,2.756666898727417,2.7833330631256104,2.6766669750213623,2.7225000858306885,2.7225000858306885,20866800
2009-01-09,2.7249999046325684,2.7249999046325684,2.625,2.6675000190734863,2.6675000190734863,13592400
2009-01-12,2.735832929611206,2.735832929611206,2.574167013168335,2.5958330631256104,2.5958330631256104,14421600
2009-01-13,2.5958330631256104,2.663332939147949,2.5625,2.6533329486846924,2.6533329486846924,18038400
2009-01-14,2.609999895095825,2.644166946411133,2.5308330059051514,2.565000057220459,2.565000057220459,14108400
2009-01-15,2.5758330821990967,2.7033329010009766,2.5308330059051514,2.6791670322418213,2.6791670322418213,16767600
2009-01-16,2.7125000953674316,2.827500104904175,2.701667070388794,2.805000066757202,2.805000066757202,22384800
2009-01-20,2.8383328914642334,2.8666670322418213,2.7141671180725098,2.733333110809326,2.733333110809326,18073200
2009-01-21,2.7441670894622803,2.814167022705078,2.6741669178009033,2.7774999141693115,2.7774999141693115,15832800
2009-01-22,2.735832929611206,2.790832996368408,2.677500009536743,2.756666898727417,2.756666898727417,13818000
2009-01-23,2.7158329486846924,2.7916669845581055,2.685832977294922,2.74666690826416,2.74666690826416,12728400
2009-01-26,2.759999990463257,2.8424999713897705,2.759166955947876,2.821666955947876,2.821666955947876,18673200
2009-01-27,2.8516669273376465,2.8933329582214355,2.80916690826416,2.882499933242798,2.882499933242798,13722000
2009-01-28,2.9066669940948486,2.942500114440918,2.891666889190674,2.930000066757202,2.930000066757202,18577200
2009-01-29,2.9049999713897705,2.988332986831665,2.872499942779541,2.9149999618530273,2.9149999618530273,12069600
2009-01-30,2.956666946411133,2.9583330154418945,2.7725000381469727,2.7916669845581055,2.7916669845581055,18862800
2009-02-02,2.750833034515381,2.8299999237060547,2.674999952316284,2.805833101272583,2.805833101272583,13516800
2009-02-03,2.8233330249786377,2.913332939147949,2.7833330631256104,2.8833329677581787,2.8833329677581787,15816000
2009-02-04,2.880000114440918,2.9458329677581787,2.8399999141693115,2.880000114440918,2.880000114440918,14493600
2009-02-05,2.8258330821990967,2.9291670322418213,2.805833101272583,2.922499895095825,2.922499895095825,16068000
2009-02-06,2.944999933242798,3.016666889190674,2.925832986831665,3.015000104904175,3.015000104904175,20106000
2009-02-09,3.0208330154418945,3.0208330154418945,2.9166669845581055,2.9549999237060547,2.9549999237060547,14122800
2009-02-10,2.920833110809326,2.9800000190734863,2.868333101272583,2.87833309173584,2.87833309173584,16528800
2009-02-11,2.886667013168335,2.9266669750213623,2.834167003631592,2.9016671180725098,2.9016671180725098,12610800
2009-02-12,2.8433330059051514,2.8858330249786377,2.813333034515381,2.879167079925537,2.879167079925537,18038400
2009-02-13,2.8833329677581787,2.990000009536743,2.8666670322418213,2.94083309173584,2.94083309173584,18470400
2009-02-17,2.9000000953674316,2.9041669368743896,2.819166898727417,2.853332996368408,2.853332996368408,14748000
2009-02-18,2.863332986831665,2.9375,2.8183329105377197,2.935832977294922,2.935832977294922,24357600
2009-02-19,2.9583330154418945,2.9774999618530273,2.867500066757202,2.872499942779541,2.872499942779541,19200000
2009-02-20,2.853332996368408,2.853332996368408,2.751667022705078,2.8299999237060547,2.8299999237060547,25036800
2009-02-23,2.8441669940948486,2.87166690826416,2.6666669845581055,2.672499895095825,2.672499895095825,22764000
2009-02-24,2.702500104904175,2.803333044052124,2.6666669845581055,2.7866671085357666,2.7866671085357666,20275200
2009-02-25,2.7866671085357666,2.790832996368408,2.691667079925537,2.7049999237060547,2.7049999237060547,15165600
2009-02-26,2.7083330154418945,2.75,2.5833330154418945,2.584167003631592,2.584167003631592,22782000
2009-02-27,2.624166965484619,2.936666965484619,2.622499942779541,2.7733330726623535,2.7733330726623535,45086400
2009-03-02,2.737499952316284,2.8016669750213623,2.7149999141693115,2.75333309173584,2.75333309173584,31424400
2009-03-03,2.7708330154418945,2.859999895095825,2.756666898727417,2.827500104904175,2.827500104904175,29328000
2009-03-04,2.8499999046325684,2.994999885559082,2.8333330154418945,2.930833101272583,2.930833101272583,34717200
2009-03-05,2.9641671180725098,2.9716670513153076,2.8324999809265137,2.850832939147949,2.850832939147949,25260000
2009-03-06,2.8833329677581787,2.951667070388794,2.8258330821990967,2.9458329677581787,2.9458329677581787,33679200
2009-03-09,2.9375,3.0391669273376465,2.9166669845581055,2.984999895095825,2.984999895095825,17374800
2009-03-10,2.9774999618530273,3.0799999237060547,2.9774999618530273,3.0258328914642334,3.0258328914642334,21642000
2009-03-11,3.067500114440918,3.067500114440918,2.94083309173584,2.961667060852051,2.961667060852051,20468400
2009-03-12,2.9700000286102295,3.055833101272583,2.9700000286102295,3.0391669273376465,3.0391669273376465,25203600
2009-03-13,3.0450000762939453,3.0899999141693115,2.9800000190734863,3.0824999809265137,3.0824999809265137,21186000
2009-03-16,3.0950000286102295,3.103332996368408,2.9916670322418213,2.997499942779541,2.997499942779541,21495600
2009-03-17,3.004167079925537,3.077500104904175,2.941667079925537,3.065000057220459,3.065000057220459,19642800
2009-03-18,3.0350000858306885,3.0733330249786377,2.9625000953674316,2.999166965484619,2.999166965484619,25831200
2009-03-19,3.0133330821990967,3.0250000953674316,2.9000000953674316,2.9483330249786377,2.9483330249786377,15873600
2009-03-20,2.980833053588867,3.0108330249786377,2.9091670513153076,2.9166669845581055,2.9166669845581055,22557600
2009-03-23,2.9716670513153076,3.047499895095825,2.9166669845581055,3.0450000762939453,3.0450000762939453,22458000
2009-03-24,3.019166946411133,3.0733330249786377,3.0,3.0250000953674316,3.0250000953674316,19171200
2009-03-25,2.944166898727417,2.956666946411133,2.8616669178009033,2.9458329677581787,2.9458329677581787,37548000
2009-03-26,2.938333034515381,3.0625,2.9141669273376465,3.060832977294922,3.060832977294922,27636000
2009-03-27,3.0325000286102295,3.058332920074463,2.984999895095825,2.993333101272583,2.993333101272583,12111600
2009-03-30,2.9816670417785645,2.987499952316284,2.93416690826416,2.9583330154418945,2.9583330154418945,15234000
2009-03-31,3.0416669845581055,3.0416669845581055,2.956666946411133,3.0,3.0,18067200
2009-04-01,2.9608330726623535,3.0183329582214355,2.9075000286102295,3.0174999237060547,3.0174999237060547,17540400
2009-04-02,3.058332920074463,3.134999990463257,3.0308330059051514,3.0916669368743896,3.0916669368743896,17954400
2009-04-03,3.0891671180725098,3.120832920074463,3.0333330631256104,3.0983328819274902,3.0983328819274902,8246400
2009-04-06,3.058332920074463,3.0758330821990967,3.0208330154418945,3.058332920074463,3.058332920074463,9273600
2009-04-07,3.024167060852051,3.0325000286102295,2.952500104904175,2.9608330726623535,2.9608330726623535,12330000
2009-04-08,3.0,3.0266671180725098,2.947499990463257,3.0058329105377197,3.0058329105377197,11924400
2009-04-09,3.055000066757202,3.0958330631256104,3.016666889190674,3.0891671180725098,3.0891671180725098,13042800
2009-04-13,3.058332920074463,3.081666946411133,3.0108330249786377,3.053333044052124,3.053333044052124,8602800
2009-04-14,3.0425000190734863,3.058332920074463,2.9700000286102295,2.978332996368408,2.978332996368408,11536800
2009-04-15,3.0250000953674316,3.0250000953674316,2.927500009536743,2.984999895095825,2.984999895095825,7952400
2009-04-16,3.000833034515381,3.058332920074463,2.9749999046325684,3.0491669178009033,3.0491669178009033,12597600
2009-04-17,3.043333053588867,3.112499952316284,2.988332986831665,3.0899999141693115,3.0899999141693115,13592400
2009-04-20,3.0441670417785645,3.113332986831665,3.00333309173584,3.049999952316284,3.049999952316284,12646800
2009-04-21,3.004167079925537,3.0916669368743896,3.0,3.075000047683716,3.075000047683716,15434400
2009-04-22,3.075000047683716,3.119999885559082,3.0258328914642334,3.0958330631256104,3.0958330631256104,13524000
2009-04-23,3.079166889190674,3.315000057220459,3.047499895095825,3.2899999618530273,3.2899999618530273,38760000
2009-04-24,3.2916669845581055,3.353332996368408,3.2608330249786377,3.324167013168335,3.324167013168335,18679200
2009-04-27,3.2249999046325684,3.386667013168335,3.2216670513153076,3.3233330249786377,3.3233330249786377,16892400
2009-04-28,3.3324999809265137,3.379167079925537,3.2674999237060547,3.3324999809265137,3.3324999809265137,18336000
2009-04-29,3.3450000286102295,3.441667079925537,3.3433330059051514,3.430833101272583,3.430833101272583,15933600
2009-04-30,3.439167022705078,3.4691669940948486,3.365000009536743,3.396667003631592,3.396667003631592,15428400
2009-05-01,3.4041669368743896,3.436666965484619,3.3566670417785645,3.4241669178009033,3.4241669178009033,10861200
2009-05-04,3.436666965484619,3.490000009536743,3.377500057220459,3.4891669750213623,3.4891669750213623,13221600
2009-05-05,3.5208330154418945,3.5416669845581055,3.4124999046325684,3.4708330631256104,3.4708330631256104,21188400
2009-05-06,3.5058329105377197,3.5058329105377197,3.2825000286102295,3.2991669178009033,3.2991669178009033,23727600
2009-05-07,3.3333330154418945,3.370832920074463,3.1716670989990234,3.1716670989990234,3.1716670989990234,28605600
2009-05-08,3.4483330249786377,3.615833044052124,3.2858328819274902,3.545833110809326,3.545833110809326,44232000
2009-05-11,3.5083329677581787,3.6608328819274902,3.4700000286102295,3.620832920074463,3.620832920074463,31071600
2009-05-12,3.6066670417785645,3.668333053588867,3.5733330249786377,3.634166955947876,3.634166955947876,27177600
2009-05-13,3.618333101272583,3.637500047683716,3.5341670513153076,3.559999942779541,3.559999942779541,19260000
2009-05-14,3.5399999618530273,3.5908329486846924,3.5208330154418945,3.566667079925537,3.566667079925537,12256800
2009-05-15,3.5783329010009766,3.5783329010009766,3.5158329010009766,3.550832986831665,3.550832986831665,10951200
2009-05-18,3.5883328914642334,3.5991671085357666,3.4800000190734863,3.5325000286102295,3.5325000286102295,17083200
2009-05-19,3.495832920074463,3.5133330821990967,3.4216670989990234,3.4608330726623535,3.4608330726623535,21373200
2009-05-20,3.514167070388794,3.514167070388794,3.4091670513153076,3.428333044052124,3.428333044052124,14569200
2009-05-21,3.390000104904175,3.4124999046325684,3.2608330249786377,3.314167022705078,3.314167022705078,19510800
2009-05-22,3.3299999237060547,3.367500066757202,3.266666889190674,3.2758328914642334,3.2758328914642334,8060400
2009-05-26,3.2274999618530273,3.396667003631592,3.225832939147949,3.3641669750213623,3.3641669750213623,11374800
2009-05-27,3.370832920074463,3.382499933242798,3.299999952316284,3.302500009536743,3.302500009536743,16867200
2009-05-28,3.3833329677581787,3.3833329677581787,3.119999885559082,3.1933329105377197,3.1933329105377197,22653600
2009-05-29,3.178333044052124,3.185832977294922,2.9941670894622803,3.0566670894622803,3.0566670894622803,41868000
2009-06-01,3.0541670322418213,3.0541670322418213,2.941667079925537,3.0108330249786377,3.0108330249786377,32102400
2009-06-02,3.057499885559082,3.126667022705078,3.001667022705078,3.052500009536743,3.052500009536743,22146000
2009-06-03,3.1091670989990234,3.1091670989990234,3.001667022705078,3.0341670513153076,3.0341670513153076,12256800
2009-06-04,3.0416669845581055,3.05916690826416,3.012500047683716,3.045833110809326,3.045833110809326,10395600
2009-06-05,3.0333330631256104,3.0399999618530273,2.6700000762939453,2.696666955947876,2.696666955947876,92707200
2009-06-08,2.668333053588867,2.80916690826416,2.668333053588867,2.790832996368408,2.790832996368408,43338000
2009-06-09,2.824167013168335,2.8524999618530273,2.8066670894622803,2.8333330154418945,2.8333330154418945,25713600
2009-06-10,2.8499999046325684,2.8499999046325684,2.7083330154418945,2.725832939147949,2.725832939147949,26167200
2009-06-11,2.7249999046325684,2.7816669940948486,2.694166898727417,2.700000047683716,2.700000047683716,15128400
2009-06-12,2.684999942779541,2.701667070388794,2.581666946411133,2.6041669845581055,2.6041669845581055,36253200
2009-06-15,2.5950000286102295,2.6016669273376465,2.475832939147949,2.5566670894622803,2.5566670894622803,26974800
2009-06-16,2.5858330726623535,2.5883328914642334,2.5333330631256104,2.549999952316284,2.549999952316284,19062000
2009-06-17,2.5491669178009033,2.5683329105377197,2.4941670894622803,2.5133330821990967,2.5133330821990967,27915600
2009-06-18,2.50333309173584,2.566667079925537,2.4708330631256104,2.558332920074463,2.558332920074463,17271600
2009-06-19,2.5833330154418945,2.5941669940948486,2.5416669845581055,2.564167022705078,2.564167022705078,17851200
2009-06-22,2.5291669368743896,2.5308330059051514,2.4749999046325684,2.4891669750213623,2.4891669750213623,16407600
2009-06-23,2.5199999809265137,2.560832977294922,2.4916670322418213,2.547499895095825,2.547499895095825,22972800
2009-06-24,2.5491669178009033,2.5950000286102295,2.5233330726623535,2.5325000286102295,2.5325000286102295,16225200
2009-06-25,2.514167070388794,2.5999999046325684,2.512500047683716,2.5850000381469727,2.5850000381469727,17360400
2009-06-26,2.612499952316284,2.6600000858306885,2.5416669845581055,2.6475000381469727,2.6475000381469727,23918400
2009-06-29,2.6475000381469727,2.6591670513153076,2.5783329010009766,2.5958330631256104,2.5958330631256104,24642000
2009-06-30,2.5916669368743896,2.6075000762939453,2.548332929611206,2.571666955947876,2.571666955947876,17170800
2009-07-01,2.5975000858306885,2.644166946411133,2.569166898727417,2.5991671085357666,2.5991671085357666,18476400
2009-07-02,2.584167003631592,2.5975000858306885,2.5,2.514167070388794,2.514167070388794,14301600
2009-07-06,2.452500104904175,2.5058329105377197,2.4375,2.4700000286102295,2.4700000286102295,20397600
2009-07-07,2.4666669368743896,2.478332996368408,2.4049999713897705,2.4049999713897705,2.4049999713897705,21086400
2009-07-08,2.430000066757202,2.436666965484619,2.3258330821990967,2.355833053588867,2.355833053588867,28778400
2009-07-09,2.368333101272583,2.4100000858306885,2.3333330154418945,2.3933329582214355,2.3933329582214355,16785600
2009-07-10,2.3858330249786377,2.4016671180725098,2.367500066757202,2.3808329105377197,2.3808329105377197,16273200
2009-07-13,2.3924999237060547,2.423332929611206,2.329166889190674,2.4166669845581055,2.4166669845581055,20259600
2009-07-14,2.4166669845581055,2.446666955947876,2.4041669368743896,2.427500009536743,2.427500009536743,10642800
2009-07-15,2.44083309173584,2.493333101272583,2.4216670989990234,2.4741671085357666,2.4741671085357666,11822400
2009-07-16,2.456666946411133,2.4866669178009033,2.425832986831665,2.451667070388794,2.451667070388794,10892400
2009-07-17,2.459167003631592,2.4733328819274902,2.430000066757202,2.456666946411133,2.456666946411133,9674400
2009-07-20,2.446666955947876,2.4683330059051514,2.420833110809326,2.4641671180725098,2.4641671180725098,19892400
2009-07-21,2.4658329486846924,2.475832939147949,2.3808329105377197,2.430000066757202,2.430000066757202,18511200
2009-07-22,2.4091670513153076,2.4433329105377197,2.4008328914642334,2.424999952316284,2.424999952316284,17620800
2009-07-23,2.430000066757202,2.5199999809265137,2.4266669750213623,2.509166955947876,2.509166955947876,20110800
2009-07-24,2.4816670417785645,2.490000009536743,2.422499895095825,2.4716670513153076,2.4716670513153076,15966000
2009-07-27,2.4583330154418945,2.4700000286102295,2.423332929611206,2.442500114440918,2.442500114440918,18364800
2009-07-28,2.430000066757202,2.4866669178009033,2.425832986831665,2.4700000286102295,2.4700000286102295,16640400
2009-07-29,2.507499933242798,2.5283329486846924,2.433332920074463,2.440000057220459,2.440000057220459,11952000
2009-07-30,2.488332986831665,2.506666898727417,2.4800000190734863,2.490000009536743,2.490000009536743,20070000
2009-07-31,2.490000009536743,2.5999999046325684,2.4791669845581055,2.584167003631592,2.584167003631592,25460400
2009-08-03,2.629167079925537,2.690000057220459,2.603332996368408,2.6875,2.6875,25753200
2009-08-04,2.6791670322418213,2.735832929611206,2.670833110809326,2.7200000286102295,2.7200000286102295,17770800
2009-08-05,2.730833053588867,2.730833053588867,2.620832920074463,2.6500000953674316,2.6500000953674316,14494800
2009-08-06,2.646667003631592,2.6558330059051514,2.5566670894622803,2.5566670894622803,2.5566670894622803,28308000
2009-08-07,2.87833309173584,3.086667060852051,2.87833309173584,3.007499933242798,3.007499933242798,111177600
2009-08-10,2.9625000953674316,2.978332996368408,2.836667060852051,2.8491671085357666,2.8491671085357666,27558000
2009-08-11,2.8958330154418945,2.8958330154418945,2.759999990463257,2.7866671085357666,2.7866671085357666,22797600
2009-08-12,2.771667003631592,2.799999952316284,2.738332986831665,2.744999885559082,2.744999885559082,19359600
2009-08-13,2.750833034515381,2.7850000858306885,2.7208330631256104,2.7416670322418213,2.7416670322418213,13836000
2009-08-14,2.725832939147949,2.766666889190674,2.691667079925537,2.7174999713897705,2.7174999713897705,14220000
2009-08-17,2.6600000858306885,2.6958329677581787,2.632499933242798,2.6458330154418945,2.6458330154418945,12250800
2009-08-18,2.6533329486846924,2.694999933242798,2.6533329486846924,2.6641669273376465,2.6641669273376465,12529200
2009-08-19,2.6458330154418945,2.691667079925537,2.626667022705078,2.6691670417785645,2.6691670417785645,14200800
2009-08-20,2.6691670417785645,2.771667003631592,2.6691670417785645,2.734999895095825,2.734999895095825,17652000
2009-08-21,2.7733330726623535,2.7966670989990234,2.734999895095825,2.757499933242798,2.757499933242798,11139600
2009-08-24,2.749166965484619,2.80916690826416,2.7291669845581055,2.744999885559082,2.744999885559082,13603200
2009-08-25,2.7391669750213623,2.765000104904175,2.7100000381469727,2.7208330631256104,2.7208330631256104,9253200
2009-08-26,2.694166898727417,2.7266669273376465,2.675832986831665,2.6983330249786377,2.6983330249786377,13089600
2009-08-27,2.683332920074463,2.7291669845581055,2.6600000858306885,2.7183330059051514,2.7183330059051514,10746000
2009-08-28,2.7416670322418213,2.7799999713897705,2.7216670513153076,2.734999895095825,2.734999895095825,14539200
2009-08-31,2.7125000953674316,2.740000009536743,2.6875,2.7216670513153076,2.7216670513153076,12061200
2009-09-01,2.7216670513153076,2.7608330249786377,2.6549999713897705,2.6558330059051514,2.6558330059051514,22198800
2009-09-02,2.641666889190674,2.686666965484619,2.600832939147949,2.6624999046325684,2.6624999046325684,22598400
2009-09-03,2.6666669845581055,2.686666965484619,2.640000104904175,2.680833101272583,2.680833101272583,13161600
2009-09-04,2.6649999618530273,2.7100000381469727,2.6533329486846924,2.673332929611206,2.673332929611206,12124800
2009-09-08,2.680833101272583,2.802500009536743,2.680833101272583,2.764167070388794,2.764167070388794,19323600
2009-09-09,2.764167070388794,2.7816669940948486,2.696666955947876,2.7100000381469727,2.7100000381469727,12069600
2009-09-10,2.7083330154418945,2.813333034515381,2.704166889190674,2.7850000858306885,2.7850000858306885,16582800
2009-09-11,2.7291669845581055,2.800832986831665,2.7291669845581055,2.747499942779541,2.747499942779541,8094000
2009-09-14,2.7216670513153076,2.7391669750213623,2.6816670894622803,2.6958329677581787,2.6958329677581787,9559200
2009-09-15,2.6766669750213623,2.7049999237060547,2.6616671085357666,2.6983330249786377,2.6983330249786377,10783200
2009-09-16,2.696666955947876,2.7708330154418945,2.674999952316284,2.769166946411133,2.769166946411133,11556000
2009-09-17,2.790832996368408,2.9241669178009033,2.75333309173584,2.8833329677581787,2.8833329677581787,19621200
2009-09-18,2.8883330821990967,2.9375,2.8475000858306885,2.9141669273376465,2.9141669273376465,19400400
2009-09-21,2.9458329677581787,3.005000114440918,2.9166669845581055,3.0,3.0,21408000
2009-09-22,3.002500057220459,3.0466670989990234,2.9691669940948486,3.00333309173584,3.00333309173584,14978400
2009-09-23,3.011667013168335,3.0341670513153076,2.946666955947876,2.946666955947876,2.946666955947876,13970400
2009-09-24,2.939167022705078,2.9708330631256104,2.9075000286102295,2.942500114440918,2.942500114440918,10778400
2009-09-25,2.951667070388794,3.0133330821990967,2.951667070388794,2.995832920074463,2.995832920074463,17479200
2009-09-28,3.0058329105377197,3.0491669178009033,2.9683330059051514,3.0391669273376465,3.0391669273376465,12471600
2009-09-29,3.0625,3.0883328914642334,3.019166946411133,3.063333034515381,3.063333034515381,10738800
2009-09-30,3.069999933242798,3.100832939147949,3.001667022705078,3.061666965484619,3.061666965484619,11602800
2009-10-01,3.0541670322418213,3.110832929611206,2.950000047683716,2.990000009536743,2.990000009536743,12702000
2009-10-02,2.9633328914642334,3.0333330631256104,2.951667070388794,3.0208330154418945,3.0208330154418945,8968800
2009-10-05,3.0174999237060547,3.0174999237060547,2.9749999046325684,2.99666690826416,2.99666690826416,10544400
2009-10-06,3.0058329105377197,3.053333044052124,2.983333110809326,3.0450000762939453,3.0450000762939453,10830000
2009-10-07,3.0441670417785645,3.0733330249786377,3.0158329010009766,3.055833101272583,3.055833101272583,8043600
2009-10-08,3.066667079925537,3.112499952316284,3.049999952316284,3.081666946411133,3.081666946411133,13393200
2009-10-09,2.9825000762939453,3.0975000858306885,2.9825000762939453,3.0799999237060547,3.0799999237060547,10740000
2009-10-12,3.05916690826416,3.129167079925537,3.058332920074463,3.0975000858306885,3.0975000858306885,8985600
2009-10-13,3.1041669845581055,3.136667013168335,3.0566670894622803,3.12833309173584,3.12833309173584,12714000
2009-10-14,3.141666889190674,3.1608328819274902,3.105833053588867,3.1591670513153076,3.1591670513153076,9800400
2009-10-15,3.1383330821990967,3.174999952316284,3.120832920074463,3.1408329010009766,3.1408329010009766,14491200
2009-10-16,3.12166690826416,3.1558330059051514,3.0908329486846924,3.137500047683716,3.137500047683716,10330800
2009-10-19,3.1508328914642334,3.1716670989990234,3.124166965484619,3.1575000286102295,3.1575000286102295,6770400
2009-10-20,3.137500047683716,3.1558330059051514,3.0958330631256104,3.125833034515381,3.125833034515381,7140000
2009-10-21,3.1050000190734863,3.1541669368743896,3.0824999809265137,3.086667060852051,3.086667060852051,9477600
2009-10-22,3.0899999141693115,3.1483330726623535,3.058332920074463,3.1308329105377197,3.1308329105377197,8502000
2009-10-23,3.132499933242798,3.1508328914642334,3.0824999809265137,3.120832920074463,3.120832920074463,5510400
2009-10-26,3.134166955947876,3.2049999237060547,3.117500066757202,3.136667013168335,3.136667013168335,9019200
2009-10-27,3.146667003631592,3.1591670513153076,3.1066670417785645,3.1191670894622803,3.1191670894622803,5770800
2009-10-28,3.1016669273376465,3.132499933242798,3.052500009536743,3.055000066757202,3.055000066757202,8067600
2009-10-29,3.055833101272583,3.0799999237060547,2.975832939147949,3.075000047683716,3.075000047683716,9146400
2009-10-30,3.065000057220459,3.0824999809265137,2.9841670989990234,3.012500047683716,3.012500047683716,9050400
2009-11-02,3.006666898727417,3.0808329582214355,2.9733328819274902,3.0374999046325684,3.0374999046325684,7089600
2009-11-03,3.0350000858306885,3.065000057220459,3.000833034515381,3.053333044052124,3.053333044052124,7344000
2009-11-04,3.1191670894622803,3.1191670894622803,2.994999885559082,3.0566670894622803,3.0566670894622803,8427600
2009-11-05,3.06583309173584,3.1024999618530273,3.0233330726623535,3.081666946411133,3.081666946411133,15943200
2009-11-06,2.7791669368743896,2.918333053588867,2.745832920074463,2.87166690826416,2.87166690826416,54252000
2009-11-09,2.876667022705078,2.9016671180725098,2.829166889190674,2.865833044052124,2.865833044052124,17767200
2009-11-10,2.8516669273376465,2.894166946411133,2.8350000381469727,2.873332977294922,2.873332977294922,18240000
2009-11-11,2.87166690826416,2.913332939147949,2.860832929611206,2.899167060852051,2.899167060852051,12034800
2009-11-12,2.9016671180725098,2.9075000286102295,2.850832939147949,2.8591670989990234,2.8591670989990234,10476000
2009-11-13,2.870832920074463,2.944999933242798,2.865833044052124,2.9291670322418213,2.9291670322418213,16558800
2009-11-16,2.942500114440918,2.985832929611206,2.923332929611206,2.9666669368743896,2.9666669368743896,9086400
2009-11-17,2.9583330154418945,2.9733328819274902,2.933332920074463,2.952500104904175,2.952500104904175,6888000
2009-11-18,2.934999942779541,2.9375,2.913332939147949,2.9149999618530273,2.9149999618530273,14517600
2009-11-19,2.8983330726623535,2.930833101272583,2.875,2.925832986831665,2.925832986831665,10389600
2009-11-20,2.9558329582214355,2.9574999809265137,2.887500047683716,2.951667070388794,2.951667070388794,11868000
2009-11-23,2.997499942779541,3.0316669940948486,2.9658329486846924,2.9749999046325684,2.9749999046325684,13064400
2009-11-24,2.978332996368408,2.987499952316284,2.9141669273376465,2.9166669845581055,2.9166669845581055,8611200
2009-11-25,2.9175000190734863,2.940000057220459,2.865833044052124,2.9166669845581055,2.9166669845581055,7149600
2009-11-27,2.858333110809326,2.933332920074463,2.8375000953674316,2.896667003631592,2.896667003631592,4978800
2009-11-30,2.882499933242798,2.9241669178009033,2.860832929611206,2.9141669273376465,2.9141669273376465,8584800
2009-12-01,2.922499895095825,2.9766669273376465,2.9124999046325684,2.9700000286102295,2.9700000286102295,9702000
2009-12-02,2.9741671085357666,3.0233330726623535,2.942500114440918,2.9716670513153076,2.9716670513153076,8458800
2009-12-03,2.9916670322418213,3.0,2.936666965484619,2.941667079925537,2.941667079925537,5683200
2009-12-04,2.9649999141693115,2.995832920074463,2.930000066757202,2.9558329582214355,2.9558329582214355,6919200
2009-12-07,2.942500114440918,2.9658329486846924,2.9191670417785645,2.94083309173584,2.94083309173584,6205200
2009-12-08,2.9141669273376465,2.954166889190674,2.8808329105377197,2.9241669178009033,2.9241669178009033,7546800
2009-12-09,2.9108328819274902,2.934999942779541,2.870832920074463,2.915832996368408,2.915832996368408,8059200
2009-12-10,2.944999933242798,2.9941670894622803,2.942500114440918,2.9674999713897705,2.9674999713897705,9711600
2009-12-11,2.9600000381469727,2.987499952316284,2.9316670894622803,2.9458329677581787,2.9458329677581787,9824400
2009-12-14,2.951667070388794,3.004167079925537,2.951667070388794,2.993333101272583,2.993333101272583,7804800
2009-12-15,2.992500066757202,2.9941670894622803,2.9375,2.9458329677581787,2.9458329677581787,8144400
2009-12-16,2.9583330154418945,3.079166889190674,2.9583330154418945,3.0274999141693115,3.0274999141693115,15639600
2009-12-17,3.000833034515381,3.0391669273376465,2.9725000858306885,3.0083329677581787,3.0083329677581787,11308800
2009-12-18,3.0358328819274902,3.0833330154418945,2.99666690826416,3.0833330154418945,3.0833330154418945,54163200
2009-12-21,3.0858330726623535,3.1024999618530273,3.0541670322418213,3.0999999046325684,3.0999999046325684,10081200
2009-12-22,3.100832939147949,3.1483330726623535,3.0999999046325684,3.129167079925537,3.129167079925537,7086000
2009-12-23,3.1308329105377197,3.240833044052124,3.115833044052124,3.2074999809265137,3.2074999809265137,11272800
2009-12-24,3.2366669178009033,3.243333101272583,3.197499990463257,3.2108330726623535,3.2108330726623535,3116400
2009-12-28,3.2200000286102295,3.2816669940948486,3.2158329486846924,3.255000114440918,3.255000114440918,4298400
2009-12-29,3.255000114440918,3.2708330154418945,3.230833053588867,3.2608330249786377,3.2608330249786377,4666800
2009-12-30,3.262500047683716,3.2766671180725098,3.2300000190734863,3.243333101272583,3.243333101272583,4042800
2009-12-31,3.252500057220459,3.264167070388794,3.197499990463257,3.200000047683716,3.200000047683716,4873200
2010-01-04,3.2216670513153076,3.2750000953674316,3.209167003631592,3.2733330726623535,3.2733330726623535,7760400
2010-01-05,3.2825000286102295,3.293333053588867,3.252500057220459,3.2858328819274902,3.2858328819274902,7568400
2010-01-06,3.295833110809326,3.391666889190674,3.251667022705078,3.3541669845581055,3.3541669845581055,11278800
2010-01-07,3.3408329486846924,3.362499952316284,3.3258330821990967,3.3408329486846924,3.3408329486846924,5018400
2010-01-08,3.3450000286102295,3.3591670989990234,3.309999942779541,3.3575000762939453,3.3575000762939453,3927600
2010-01-11,3.350832939147949,3.376667022705078,3.336667060852051,3.3575000762939453,3.3575000762939453,5781600
2010-01-12,3.3466670513153076,3.3616669178009033,3.2733330726623535,3.331666946411133,3.331666946411133,6076800
2010-01-13,3.327500104904175,3.389167070388794,3.30916690826416,3.380000114440918,3.380000114440918,10640400
2010-01-14,3.374166965484619,3.4141669273376465,3.3491671085357666,3.376667022705078,3.376667022705078,7443600
2010-01-15,3.3808329105377197,3.4116671085357666,3.3416669368743896,3.370832920074463,3.370832920074463,7465200
2010-01-19,3.367500066757202,3.434999942779541,3.3333330154418945,3.413332939147949,3.413332939147949,6002400
2010-01-20,3.4049999713897705,3.4116671085357666,3.3575000762939453,3.4000000953674316,3.4000000953674316,7314000
2010-01-21,3.4124999046325684,3.4649999141693115,3.37166690826416,3.377500057220459,3.377500057220459,9970800
2010-01-22,3.368333101272583,3.381666898727417,3.298332929611206,3.302500009536743,3.302500009536743,7233600
2010-01-25,3.315000057220459,3.315000057220459,3.261667013168335,3.288332939147949,3.288332939147949,4939200
2010-01-26,3.2941670417785645,3.319999933242798,3.25333309173584,3.269166946411133,3.269166946411133,5305200
2010-01-27,3.2791669368743896,3.302500009536743,3.2341670989990234,3.2891669273376465,3.2891669273376465,5883600
2010-01-28,3.2833330631256104,3.2833330631256104,3.2241671085357666,3.243333101272583,3.243333101272583,4132800
2010-01-29,3.24666690826416,3.2708330154418945,3.204166889190674,3.204166889190674,3.204166889190674,7893600
2010-02-01,3.2183330059051514,3.269166946411133,3.194166898727417,3.269166946411133,3.269166946411133,11420400
2010-02-02,3.2774999141693115,3.288332939147949,3.1700000762939453,3.256666898727417,3.256666898727417,6264000
2010-02-03,3.2391669750213623,3.274167060852051,3.225832939147949,3.244999885559082,3.244999885559082,4620000
2010-02-04,3.2366669178009033,3.243333101272583,3.1666669845581055,3.1691670417785645,3.1691670417785645,6052800
2010-02-05,3.177500009536743,3.250833034515381,3.1524999141693115,3.2316670417785645,3.2316670417785645,10164000
2010-02-08,3.2416670322418213,3.249166965484619,3.18416690826416,3.1958329677581787,3.1958329677581787,4854000
2010-02-09,3.2316670417785645,3.271667003631592,3.211667060852051,3.228332996368408,3.228332996368408,5949600
2010-02-10,3.2174999713897705,3.243333101272583,3.173332929611206,3.2149999141693115,3.2149999141693115,4210800
2010-02-11,3.2108330726623535,3.265000104904175,3.19083309173584,3.259999990463257,3.259999990463257,5518800
2010-02-12,3.242500066757202,3.2750000953674316,3.2266669273376465,3.269166946411133,3.269166946411133,6519600
2010-02-16,3.2758328914642334,3.2916669845581055,3.243333101272583,3.254167079925537,3.254167079925537,5184000
2010-02-17,3.25,3.2966670989990234,3.230833053588867,3.2899999618530273,3.2899999618530273,8931600
2010-02-18,3.2991669178009033,3.3975000381469727,3.2966670989990234,3.375833034515381,3.375833034515381,9345600
2010-02-19,3.381666898727417,3.4266669750213623,3.303333044052124,3.4041669368743896,3.4041669368743896,7668000
2010-02-22,3.4141669273376465,3.4175000190734863,3.3616669178009033,3.379167079925537,3.379167079925537,5442000
2010-02-23,3.367500066757202,3.4108328819274902,3.324167013168335,3.324167013168335,3.324167013168335,7946400
2010-02-24,3.3383328914642334,3.363332986831665,3.2874999046325684,3.3441669940948486,3.3441669940948486,11876400
2010-02-25,3.30916690826416,3.49666690826416,3.2991669178009033,3.367500066757202,3.367500066757202,34256400
2010-02-26,3.3975000381469727,3.4666669368743896,3.360832929611206,3.4649999141693115,3.4649999141693115,18368400
2010-03-01,3.4841670989990234,3.5299999713897705,3.4691669940948486,3.487499952316284,3.487499952316284,16219200
2010-03-02,3.4741671085357666,3.501667022705078,3.4291670322418213,3.4825000762939453,3.4825000762939453,22808400
2010-03-03,3.49666690826416,3.499166965484619,3.43416690826416,3.450000047683716,3.450000047683716,15814800
2010-03-04,3.4641671180725098,3.480833053588867,3.4375,3.4800000190734863,3.4800000190734863,8000400
2010-03-05,3.4825000762939453,3.483333110809326,3.4175000190734863,3.4508330821990967,3.4508330821990967,9511200
2010-03-08,3.44083309173584,3.454166889190674,3.427500009536743,3.4291670322418213,3.4291670322418213,4550400
2010-03-09,3.4166669845581055,3.449167013168335,3.4058330059051514,3.4091670513153076,3.4091670513153076,11194800
2010-03-10,3.4091670513153076,3.444166898727417,3.3924999237060547,3.4066669940948486,3.4066669940948486,7869600
2010-03-11,3.3958330154418945,3.4508330821990967,3.3924999237060547,3.449167013168335,3.449167013168335,7748400
2010-03-12,3.4649999141693115,3.502500057220459,3.4600000381469727,3.502500057220459,3.502500057220459,11521200
2010-03-15,3.505000114440918,3.5541670322418213,3.4766669273376465,3.497499942779541,3.497499942779541,14276400
2010-03-16,3.493333101272583,3.5183329582214355,3.4608330726623535,3.516666889190674,3.516666889190674,8830800
2010-03-17,3.5316669940948486,3.5908329486846924,3.5208330154418945,3.548332929611206,3.548332929611206,7480800
2010-03-18,3.5416669845581055,3.5491669178009033,3.507499933242798,3.516666889190674,3.516666889190674,5413200
2010-03-19,3.5566670894622803,3.634166955947876,3.4800000190734863,3.577500104904175,3.577500104904175,21294000
2010-03-22,3.569166898727417,3.641666889190674,3.5299999713897705,3.5733330249786377,3.5733330249786377,8288400
2010-03-23,3.5833330154418945,3.620832920074463,3.5799999237060547,3.6141669750213623,3.6141669750213623,8632800
2010-03-24,3.613332986831665,3.6308329105377197,3.5950000286102295,3.5950000286102295,3.5950000286102295,4460400
2010-03-25,3.6166670322418213,3.6458330154418945,3.600832939147949,3.612499952316284,3.612499952316284,5902800
2010-03-26,3.615833044052124,3.640000104904175,3.584167003631592,3.5991671085357666,3.5991671085357666,7624800
2010-03-29,3.615833044052124,3.6433329582214355,3.5733330249786377,3.5875000953674316,3.5875000953674316,4473600
2010-03-30,3.5891671180725098,3.639167070388794,3.559999942779541,3.609999895095825,3.609999895095825,11923200
2010-03-31,3.608333110809326,3.6616671085357666,3.5916669368743896,3.615000009536743,3.615000009536743,7705200
2010-04-01,3.634166955947876,3.649167060852051,3.6024999618530273,3.625,3.625,6433200
2010-04-05,3.634999990463257,3.6483330726623535,3.6191670894622803,3.631666898727417,3.631666898727417,7057200
2010-04-06,3.609999895095825,3.6541669368743896,3.5975000858306885,3.634999990463257,3.634999990463257,5833200
2010-04-07,3.6358330249786377,3.6424999237060547,3.538332939147949,3.545833110809326,3.545833110809326,7629600
2010-04-08,3.5466670989990234,3.550832986831665,3.494999885559082,3.498332977294922,3.498332977294922,6984000
2010-04-09,3.509999990463257,3.543333053588867,3.4725000858306885,3.538332939147949,3.538332939147949,9250800
2010-04-12,3.545833110809326,3.55916690826416,3.4508330821990967,3.502500057220459,3.502500057220459,9108000
2010-04-13,3.487499952316284,3.521667003631592,3.487499952316284,3.509999990463257,3.509999990463257,3654000
2010-04-14,3.5308330059051514,3.5308330059051514,3.50333309173584,3.5266671180725098,3.5266671180725098,4177200
2010-04-15,3.5325000286102295,3.5325000286102295,3.4774999618530273,3.483333110809326,3.483333110809326,4858800
2010-04-16,3.484999895095825,3.5,3.4608330726623535,3.4683330059051514,3.4683330059051514,4197600
2010-04-19,3.4691669940948486,3.4708330631256104,3.4149999618530273,3.4574999809265137,3.4574999809265137,4550400
2010-04-20,3.461667060852051,3.483333110809326,3.4141669273376465,3.436666965484619,3.436666965484619,7575600
2010-04-21,3.433332920074463,3.514167070388794,3.418333053588867,3.436666965484619,3.436666965484619,10257600
2010-04-22,3.425832986831665,3.454166889190674,3.4033329486846924,3.4433329105377197,3.4433329105377197,5756400
2010-04-23,3.459167003631592,3.605833053588867,3.4375,3.5899999141693115,3.5899999141693115,16106400
2010-04-26,3.6016669273376465,3.6116669178009033,3.5683329105377197,3.586667060852051,3.586667060852051,7370400
2010-04-27,3.559999942779541,3.5891671180725098,3.5450000762939453,3.5466670989990234,3.5466670989990234,5853600
2010-04-28,3.557499885559082,3.5824999809265137,3.5491669178009033,3.5683329105377197,3.5683329105377197,3933600
2010-04-29,3.584167003631592,3.7174999713897705,3.5808329582214355,3.7008330821990967,3.7008330821990967,18596400
2010-04-30,3.7149999141693115,3.749166965484619,3.673332929611206,3.6791670322418213,3.6791670322418213,7075200
2010-05-03,3.673332929611206,3.6741669178009033,3.6024999618530273,3.6524999141693115,3.6524999141693115,8900400
2010-05-04,3.622499942779541,3.62833309173584,3.561666965484619,3.620832920074463,3.620832920074463,7142400
2010-05-05,3.5875000953674316,3.6600000858306885,3.566667079925537,3.5958330631256104,3.5958330631256104,6529200
2010-05-06,3.5899999141693115,3.637500047683716,2.000833034515381,3.5450000762939453,3.5450000762939453,17700000
2010-05-07,2.944999933242798,3.2166669368743896,2.8458330631256104,3.112499952316284,3.112499952316284,133518000
2010-05-10,3.1675000190734863,3.2233328819274902,3.084167003631592,3.2166669368743896,3.2166669368743896,47134800
2010-05-11,3.2141671180725098,3.3399999141693115,3.189167022705078,3.3308329582214355,3.3308329582214355,16843200
2010-05-12,3.3524999618530273,3.365833044052124,3.295833110809326,3.359999895095825,3.359999895095825,9105600
2010-05-13,3.336667060852051,3.355833053588867,3.25333309173584,3.2725000381469727,3.2725000381469727,10948800
2010-05-14,3.2200000286102295,3.274167060852051,3.2200000286102295,3.25,3.25,9802800
2010-05-17,3.24666690826416,3.2783329486846924,3.188333034515381,3.247499942779541,3.247499942779541,9848400
2010-05-18,3.4016671180725098,3.450000047683716,3.2966670989990234,3.322499990463257,3.322499990463257,21240000
2010-05-19,3.305000066757202,3.3458330631256104,3.2833330631256104,3.2916669845581055,3.2916669845581055,12361200
2010-05-20,3.2416670322418213,3.2758328914642334,3.2083330154418945,3.2208330631256104,3.2208330631256104,15309600
2010-05-21,3.2008330821990967,3.234999895095825,3.1558330059051514,3.19083309173584,3.19083309173584,16362000
2010-05-24,3.194166898727417,3.2233328819274902,3.182499885559082,3.184999942779541,3.184999942779541,10814400
2010-05-25,3.126667022705078,3.1649999618530273,3.0991671085357666,3.127500057220459,3.127500057220459,20187600
2010-05-26,3.131666898727417,3.2249999046325684,3.112499952316284,3.1716670989990234,3.1716670989990234,17649600
2010-05-27,3.2158329486846924,3.2874999046325684,3.2074999809265137,3.271667003631592,3.271667003631592,10244400
2010-05-28,3.261667013168335,3.3333330154418945,3.25,3.254167079925537,3.254167079925537,7628400
2010-06-01,3.25,3.2816669940948486,3.2049999237060547,3.2049999237060547,3.2049999237060547,10207200
2010-06-02,3.2083330154418945,3.2766671180725098,3.194166898727417,3.2750000953674316,3.2750000953674316,15126000
2010-06-03,3.2925000190734863,3.3375000953674316,3.269166946411133,3.310832977294922,3.310832977294922,12661200
2010-06-04,3.256666898727417,3.3566670417785645,3.256666898727417,3.300832986831665,3.300832986831665,13796400
2010-06-07,3.317500114440918,3.317500114440918,3.249166965484619,3.25,3.25,7413600
2010-06-08,3.25,3.25,3.1066670417785645,3.163332939147949,3.163332939147949,35512800
2010-06-09,3.1716670989990234,3.247499942779541,3.1716670989990234,3.200000047683716,3.200000047683716,10900800
2010-06-10,3.237499952316284,3.249166965484619,3.2141671180725098,3.2316670417785645,3.2316670417785645,5929200
2010-06-11,3.2166669368743896,3.2733330726623535,3.132499933242798,3.2441670894622803,3.2441670894622803,9772800
2010-06-14,3.24666690826416,3.2816669940948486,3.2033329010009766,3.238332986831665,3.238332986831665,9914400
2010-06-15,3.2316670417785645,3.2916669845581055,3.2166669368743896,3.2733330726623535,3.2733330726623535,7891200
2010-06-16,3.250833034515381,3.290832996368408,3.238332986831665,3.245832920074463,3.245832920074463,6939600
2010-06-17,3.255000114440918,3.2916669845581055,3.235832929611206,3.265000104904175,3.265000104904175,6781200
2010-06-18,3.2725000381469727,3.316667079925537,3.254167079925537,3.2941670417785645,3.2941670417785645,11749200
2010-06-21,3.3125,3.377500057220459,3.303333044052124,3.3308329582214355,3.3308329582214355,11108400
2010-06-22,3.3375000953674316,3.3383328914642334,3.2808330059051514,3.288332939147949,3.288332939147949,9205200
2010-06-23,3.2850000858306885,3.2850000858306885,3.243333101272583,3.266666889190674,3.266666889190674,6804000
2010-06-24,3.24666690826416,3.3375000953674316,3.2325000762939453,3.3041670322418213,3.3041670322418213,18268800
2010-06-25,3.303333044052124,3.3333330154418945,3.2725000381469727,3.310832977294922,3.310832977294922,18196800
2010-06-28,3.321666955947876,3.384999990463257,3.2941670417785645,3.368333101272583,3.368333101272583,11452800
2010-06-29,3.334167003631592,3.3441669940948486,3.2833330631256104,3.2941670417785645,3.2941670417785645,10351200
2010-06-30,3.2850000858306885,3.334167003631592,3.257499933242798,3.259166955947876,3.259166955947876,8838000
2010-07-01,3.242500066757202,3.288332939147949,3.168333053588867,3.2725000381469727,3.2725000381469727,15033600
2010-07-02,3.2916669845581055,3.3666670322418213,3.2774999141693115,3.3433330059051514,3.3433330059051514,12080400
2010-07-06,3.370832920074463,3.4191670417785645,3.3475000858306885,3.396667003631592,3.396667003631592,9726000
2010-07-07,3.413332939147949,3.5158329010009766,3.413332939147949,3.4741671085357666,3.4741671085357666,15570000
2010-07-08,3.4941670894622803,3.511667013168335,3.435832977294922,3.50333309173584,3.50333309173584,16442400
2010-07-09,3.490000009536743,3.567500114440918,3.4825000762939453,3.560832977294922,3.560832977294922,11186400
2010-07-12,3.5416669845581055,3.5425000190734863,3.418333053588867,3.452500104904175,3.452500104904175,10599600
2010-07-13,3.4716670513153076,3.4816670417785645,3.444166898727417,3.4608330726623535,3.4608330726623535,6660000
2010-07-14,3.4625000953674316,3.4841670989990234,3.4433329105377197,3.480833053588867,3.480833053588867,8966400
2010-07-15,3.488332986831665,3.5083329677581787,3.4600000381469727,3.505000114440918,3.505000114440918,4495200
2010-07-16,3.501667022705078,3.50333309173584,3.4175000190734863,3.4241669178009033,3.4241669178009033,4472400
2010-07-19,3.4166669845581055,3.435832977294922,3.367500066757202,3.425832986831665,3.425832986831665,5061600
2010-07-20,3.3924999237060547,3.5291669368743896,3.379167079925537,3.5225000381469727,3.5225000381469727,8011200
2010-07-21,3.5325000286102295,3.56583309173584,3.5083329677581787,3.5416669845581055,3.5416669845581055,8566800
2010-07-22,3.56583309173584,3.618333101272583,3.5541670322418213,3.5783329010009766,3.5783329010009766,11421600
2010-07-23,3.5783329010009766,3.603332996368408,3.559999942779541,3.584167003631592,3.584167003631592,12723600
2010-07-26,3.5833330154418945,3.603332996368408,3.561666965484619,3.603332996368408,3.603332996368408,5692800
2010-07-27,3.610832929611206,3.624166965484619,3.5783329010009766,3.5883328914642334,3.5883328914642334,4093200
2010-07-28,3.5833330154418945,3.5883328914642334,3.483333110809326,3.488332986831665,3.488332986831665,11095200
2010-07-29,3.5158329010009766,3.5541670322418213,3.430833101272583,3.4800000190734863,3.4800000190734863,10000800
2010-07-30,3.4600000381469727,3.512500047683716,3.424999952316284,3.490833044052124,3.490833044052124,12643200
2010-08-02,3.538332939147949,3.538332939147949,3.4741671085357666,3.492500066757202,3.492500066757202,10060800
2010-08-03,3.4916670322418213,3.5250000953674316,3.4649999141693115,3.490000009536743,3.490000009536743,14185200
2010-08-04,3.509166955947876,3.519166946411133,3.4691669940948486,3.475832939147949,3.475832939147949,10375200
2010-08-05,3.4574999809265137,3.4825000762939453,3.4008328914642334,3.459167003631592,3.459167003631592,18442800
2010-08-06,3.6549999713897705,3.749166965484619,3.6041669845581055,3.7241671085357666,3.7241671085357666,41666400
2010-08-09,3.7291669845581055,3.816667079925537,3.7166669368743896,3.7866671085357666,3.7866671085357666,17286000
2010-08-10,3.7325000762939453,3.7899999618530273,3.709167003631592,3.7750000953674316,3.7750000953674316,13753200
2010-08-11,3.7166669368743896,3.75,3.709167003631592,3.7174999713897705,3.7174999713897705,7677600
2010-08-12,3.6675000190734863,3.7441670894622803,3.6383330821990967,3.7241671085357666,3.7241671085357666,7856400
2010-08-13,3.709167003631592,3.764167070388794,3.686666965484619,3.692500114440918,3.692500114440918,7587600
2010-08-16,3.675832986831665,3.7074999809265137,3.646667003631592,3.697499990463257,3.697499990463257,4898400
2010-08-17,3.711667060852051,3.7874999046325684,3.706666946411133,3.756666898727417,3.756666898727417,7455600
2010-08-18,3.745832920074463,3.813333034515381,3.7341670989990234,3.7841670513153076,3.7841670513153076,4923600
2010-08-19,3.7791669368743896,3.821666955947876,3.744999885559082,3.799999952316284,3.799999952316284,8504400
2010-08-20,3.7825000286102295,3.8233330249786377,3.755000114440918,3.8125,3.8125,7068000
2010-08-23,3.817500114440918,3.887500047683716,3.802500009536743,3.8424999713897705,3.8424999713897705,9285600
2010-08-24,3.797499895095825,3.829166889190674,3.757499933242798,3.7808330059051514,3.7808330059051514,7215600
2010-08-25,3.7708330154418945,3.7808330059051514,3.702500104904175,3.738332986831665,3.738332986831665,7675200
2010-08-26,3.756666898727417,3.7633330821990967,3.7183330059051514,3.742500066757202,3.742500066757202,4729200
2010-08-27,3.7733330726623535,3.8333330154418945,3.7249999046325684,3.815000057220459,3.815000057220459,9182400
2010-08-30,3.7966670989990234,3.8324999809265137,3.743333101272583,3.745832920074463,3.745832920074463,6033600
2010-08-31,3.733333110809326,3.7683329582214355,3.7200000286102295,3.75333309173584,3.75333309173584,12609600
2010-09-01,3.7925000190734863,3.827500104904175,3.7699999809265137,3.807499885559082,3.807499885559082,7026000
2010-09-02,3.825000047683716,3.8566670417785645,3.797499895095825,3.8499999046325684,3.8499999046325684,6381600
2010-09-03,3.867500066757202,3.9508330821990967,3.829166889190674,3.939167022705078,3.939167022705078,13780800
2010-09-07,3.9316670894622803,3.987499952316284,3.894166946411133,3.9625000953674316,3.9625000953674316,14790000
2010-09-08,3.9916670322418213,3.99666690826416,3.879167079925537,3.891666889190674,3.891666889190674,11869200
2010-09-09,3.9008328914642334,3.930833101272583,3.8183329105377197,3.8524999618530273,3.8524999618530273,7540800
2010-09-10,3.853332996368408,3.8541669845581055,3.810832977294922,3.8233330249786377,3.8233330249786377,7678800
2010-09-13,3.8358330726623535,3.865000009536743,3.824167013168335,3.853332996368408,3.853332996368408,6315600
2010-09-14,3.853332996368408,3.913332939147949,3.8458330631256104,3.867500066757202,3.867500066757202,17624400
2010-09-15,3.8499999046325684,3.881666898727417,3.8408329486846924,3.8466670513153076,3.8466670513153076,10290000
2010-09-16,3.8499999046325684,3.875,3.816667079925537,3.821666955947876,3.821666955947876,8523600
2010-09-17,3.821666955947876,3.821666955947876,3.7858328819274902,3.7899999618530273,3.7899999618530273,14445600
2010-09-20,3.802500009536743,3.829166889190674,3.7816669940948486,3.822499990463257,3.822499990463257,9652800
2010-09-21,3.8283329010009766,3.8283329010009766,3.7783329486846924,3.805833101272583,3.805833101272583,7090800
2010-09-22,3.7966670989990234,3.8375000953674316,3.7658329010009766,3.7791669368743896,3.7791669368743896,4736400
2010-09-23,3.756666898727417,3.819999933242798,3.7083330154418945,3.7899999618530273,3.7899999618530273,6367200
2010-09-24,3.829166889190674,3.873332977294922,3.810832977294922,3.8550000190734863,3.8550000190734863,9037200
2010-09-27,3.865000009536743,3.949167013168335,3.8616669178009033,3.932499885559082,3.932499885559082,12020400
2010-09-28,3.949167013168335,3.985832929611206,3.865000009536743,3.938333034515381,3.938333034515381,6376800
2010-09-29,3.920833110809326,3.9316670894622803,3.890000104904175,3.9016671180725098,3.9016671180725098,3907200
2010-09-30,3.9049999713897705,3.954166889190674,3.87166690826416,3.884999990463257,3.884999990463257,8448000
2010-10-01,3.9100000858306885,3.9149999618530273,3.8283329010009766,3.913332939147949,3.913332939147949,5756400
2010-10-04,3.9141669273376465,3.9216670989990234,3.7925000190734863,3.805833101272583,3.805833101272583,7023600
2010-10-05,3.834167003631592,3.927500009536743,3.834167003631592,3.9149999618530273,3.9149999618530273,6961200
2010-10-06,3.9291670322418213,3.9766669273376465,3.9033329486846924,3.9649999141693115,3.9649999141693115,8335200
2010-10-07,3.9633328914642334,3.9725000858306885,3.8575000762939453,3.9100000858306885,3.9100000858306885,6084000
2010-10-08,3.93416690826416,3.9508330821990967,3.886667013168335,3.932499885559082,3.932499885559082,8366400
2010-10-11,3.940000057220459,3.9674999713897705,3.9166669845581055,3.946666955947876,3.946666955947876,4252800
2010-10-12,3.941667079925537,4.03000020980835,3.941667079925537,3.988332986831665,3.988332986831665,9770400
2010-10-13,3.9941670894622803,4.069167137145996,3.984999895095825,4.043333053588867,4.043333053588867,11208000
2010-10-14,4.052499771118164,4.236667156219482,4.021667003631592,4.227499961853027,4.227499961853027,18856800
2010-10-15,4.244999885559082,4.2708330154418945,4.119166851043701,4.179999828338623,4.179999828338623,17280000
2010-10-18,4.171667098999023,4.21750020980835,4.152500152587891,4.1666669845581055,4.1666669845581055,7537200
2010-10-19,4.135000228881836,4.175833225250244,4.100832939147949,4.144166946411133,4.144166946411133,6110400
2010-10-20,4.159999847412109,4.259167194366455,4.149167060852051,4.195000171661377,4.195000171661377,8697600
2010-10-21,4.211667060852051,4.259167194366455,4.158332824707031,4.19083309173584,4.19083309173584,5372400
2010-10-22,4.2108330726623535,4.4033331871032715,4.179999828338623,4.306666851043701,4.306666851043701,13788000
2010-10-25,4.344167232513428,4.362500190734863,4.295833110809326,4.299167156219482,4.299167156219482,5988000
2010-10-26,4.280832767486572,4.301667213439941,4.238333225250244,4.284999847412109,4.284999847412109,6640800
2010-10-27,4.250833034515381,4.2733330726623535,4.2316670417785645,4.241666793823242,4.241666793823242,6202800
2010-10-28,4.277500152587891,4.320000171661377,4.264999866485596,4.281667232513428,4.281667232513428,5260800
2010-10-29,4.275000095367432,4.293333053588867,4.25,4.267499923706055,4.267499923706055,5588400
2010-11-01,4.288332939147949,4.324166774749756,4.2683329582214355,4.289999961853027,4.289999961853027,5971200
2010-11-02,4.318333148956299,4.3466668128967285,4.260832786560059,4.2683329582214355,4.2683329582214355,7203600
2010-11-03,4.275000095367432,4.306666851043701,4.235000133514404,4.274167060852051,4.274167060852051,8959200
2010-11-04,4.325832843780518,4.331666946411133,4.245832920074463,4.260000228881836,4.260000228881836,11356800
2010-11-05,4.235000133514404,4.37833309173584,4.185832977294922,4.295000076293945,4.295000076293945,19383600
2010-11-08,4.28583288192749,4.292500019073486,4.2266669273376465,4.247499942779541,4.247499942779541,9007200
2010-11-09,4.25,4.267499923706055,4.149167060852051,4.170833110809326,4.170833110809326,10209600
2010-11-10,4.163332939147949,4.188333034515381,4.0991668701171875,4.131667137145996,4.131667137145996,8724000
2010-11-11,4.085000038146973,4.1641669273376465,4.070833206176758,4.154167175292969,4.154167175292969,10591200
2010-11-12,4.137499809265137,4.199999809265137,4.111667156219482,4.179166793823242,4.179166793823242,7437600
2010-11-15,4.1691670417785645,4.176667213439941,4.120832920074463,4.137499809265137,4.137499809265137,5502000
2010-11-16,4.127500057220459,4.158332824707031,4.099999904632568,4.135832786560059,4.135832786560059,7004400
2010-11-17,4.130833148956299,4.167500019073486,4.111667156219482,4.1533331871032715,4.1533331871032715,7309200
2010-11-18,4.179999828338623,4.206666946411133,4.158332824707031,4.18416690826416,4.18416690826416,11638800
2010-11-19,4.192500114440918,4.448332786560059,4.178332805633545,4.40500020980835,4.40500020980835,20006400
2010-11-22,4.415832996368408,4.433332920074463,4.358333110809326,4.408332824707031,4.408332824707031,10332000
2010-11-23,4.375,4.3958330154418945,4.335000038146973,4.372499942779541,4.372499942779541,7262400
2010-11-24,4.390832901000977,4.510832786560059,4.383333206176758,4.501667022705078,4.501667022705078,11692800
2010-11-26,4.474999904632568,4.5625,4.460000038146973,4.53249979019165,4.53249979019165,8413200
2010-11-29,4.504167079925537,4.504167079925537,4.418333053588867,4.427499771118164,4.427499771118164,10773600
2010-11-30,4.389999866485596,4.4633331298828125,4.376667022705078,4.434999942779541,4.434999942779541,11282400
2010-12-01,4.4766669273376465,4.4791669845581055,4.34499979019165,4.375833034515381,4.375833034515381,13161600
2010-12-02,4.37166690826416,4.420000076293945,4.37166690826416,4.4116668701171875,4.4116668701171875,6576000
2010-12-03,4.405832767486572,4.4116668701171875,4.367499828338623,4.3958330154418945,4.3958330154418945,4112400
2010-12-06,4.381667137145996,4.417500019073486,4.322500228881836,4.4116668701171875,4.4116668701171875,8151600
2010-12-07,4.442500114440918,4.451666831970215,4.383333206176758,4.4116668701171875,4.4116668701171875,6036000
2010-12-08,4.3333330154418945,4.34250020980835,4.2083330154418945,4.25333309173584,4.25333309173584,26709600
2010-12-09,4.257500171661377,4.275000095367432,4.174167156219482,4.175000190734863,4.175000190734863,12513600
2010-12-10,4.203332901000977,4.207499980926514,4.078332901000977,4.08916711807251,4.08916711807251,22423200
2010-12-13,4.114999771118164,4.129167079925537,4.0233330726623535,4.091667175292969,4.091667175292969,21445200
2010-12-14,4.09499979019165,4.297500133514404,4.074999809265137,4.25333309173584,4.25333309173584,22668000
2010-12-15,4.230833053588867,4.254167079925537,4.204999923706055,4.207499980926514,4.207499980926514,11928000
2010-12-16,4.2158331871032715,4.227499961853027,4.195000171661377,4.2266669273376465,4.2266669273376465,8949600
2010-12-17,4.233333110809326,4.446667194366455,4.212500095367432,4.3958330154418945,4.3958330154418945,23658000
2010-12-20,4.391666889190674,4.40500020980835,4.3358330726623535,4.396667003631592,4.396667003631592,7402800
2010-12-21,4.489999771118164,4.5625,4.450832843780518,4.486667156219482,4.486667156219482,13974000
2010-12-22,4.502500057220459,4.53000020980835,4.441667079925537,4.498332977294922,4.498332977294922,7869600
2010-12-23,4.501667022705078,4.514999866485596,4.445833206176758,4.4633331298828125,4.4633331298828125,3571200
2010-12-27,4.459167003631592,4.460000038146973,4.4033331871032715,4.438333034515381,4.438333034515381,2236800
2010-12-28,4.421667098999023,4.430832862854004,4.373332977294922,4.377500057220459,4.377500057220459,4525200
2010-12-29,4.375,4.399167060852051,4.3541669845581055,4.385832786560059,4.385832786560059,5176800
2010-12-30,4.381667137145996,4.414999961853027,4.375833034515381,4.396667003631592,4.396667003631592,2265600
2010-12-31,4.384167194366455,4.4008331298828125,4.355833053588867,4.3566670417785645,4.3566670417785645,5329200
2011-01-03,4.387499809265137,4.504167079925537,4.387499809265137,4.462500095367432,4.462500095367432,9212400
2011-01-04,4.4766669273376465,4.4766669273376465,4.3541669845581055,4.357500076293945,4.357500076293945,9948000
2011-01-05,4.355833053588867,4.370832920074463,4.309999942779541,4.329999923706055,4.329999923706055,5887200
2011-01-06,4.350832939147949,4.539999961853027,4.305832862854004,4.468332767486572,4.468332767486572,12776400
2011-01-07,4.4816670417785645,4.497499942779541,4.370832920074463,4.448332786560059,4.448332786560059,6769200
2011-01-10,4.432499885559082,4.474999904632568,4.4008331298828125,4.461667060852051,4.461667060852051,5270400
2011-01-11,4.4716668128967285,4.4716668128967285,4.427499771118164,4.439167022705078,4.439167022705078,4726800
2011-01-12,4.46999979019165,4.480000019073486,4.404167175292969,4.43416690826416,4.43416690826416,7437600
2011-01-13,4.440000057220459,4.4583330154418945,4.390832901000977,4.429166793823242,4.429166793823242,8475600
2011-01-14,4.4141669273376465,4.540832996368408,4.3983330726623535,4.540832996368408,4.540832996368408,7227600
2011-01-18,4.5208330154418945,4.582499980926514,4.513332843780518,4.582499980926514,4.582499980926514,7665600
2011-01-19,4.570000171661377,4.578332901000977,4.4658331871032715,4.521667003631592,4.521667003631592,10906800
2011-01-20,4.501667022705078,4.59250020980835,4.486667156219482,4.585000038146973,4.585000038146973,14494800
2011-01-21,4.6066670417785645,4.693333148956299,4.59250020980835,4.639999866485596,4.639999866485596,12777600
2011-01-24,4.673333168029785,4.673333168029785,4.551667213439941,4.570000171661377,4.570000171661377,8336400
2011-01-25,4.568333148956299,4.625833034515381,4.5416669845581055,4.608333110809326,4.608333110809326,7771200
2011-01-26,4.62833309173584,4.7216668128967285,4.622499942779541,4.6666669845581055,4.6666669845581055,12008400
2011-01-27,4.6641669273376465,4.678332805633545,4.6041669845581055,4.637499809265137,4.637499809265137,6728400
2011-01-28,4.654167175292969,4.7291669845581055,4.579166889190674,4.595832824707031,4.595832824707031,7196400
2011-01-31,4.5908331871032715,4.752500057220459,4.561666965484619,4.71999979019165,4.71999979019165,14229600
2011-02-01,4.74666690826416,4.84250020980835,4.724999904632568,4.829166889190674,4.829166889190674,16168800
2011-02-02,4.824999809265137,4.873332977294922,4.772500038146973,4.7916669845581055,4.7916669845581055,6798000
2011-02-03,4.788332939147949,4.802499771118164,4.682499885559082,4.752500057220459,4.752500057220459,9216000
2011-02-04,4.769999980926514,4.816667079925537,4.736667156219482,4.742499828338623,4.742499828338623,7251600
2011-02-07,4.760832786560059,4.792500019073486,4.605000019073486,4.646667003631592,4.646667003631592,15114000
2011-02-08,4.646667003631592,4.692500114440918,4.5833330154418945,4.639166831970215,4.639166831970215,12021600
2011-02-09,4.6433329582214355,4.679999828338623,4.558332920074463,4.58916711807251,4.58916711807251,9548400
2011-02-10,4.573332786560059,4.6483330726623535,4.546667098999023,4.600832939147949,4.600832939147949,8949600
2011-02-11,4.5833330154418945,4.809999942779541,4.561666965484619,4.71416711807251,4.71416711807251,10453200
2011-02-14,4.71416711807251,4.754167079925537,4.644166946411133,4.699166774749756,4.699166774749756,4837200
2011-02-15,4.69083309173584,4.755000114440918,4.680832862854004,4.745832920074463,4.745832920074463,6033600
2011-02-16,4.761666774749756,4.779167175292969,4.7266669273376465,4.771667003631592,4.771667003631592,6271200
2011-02-17,4.767499923706055,4.80916690826416,4.715000152587891,4.7841668128967285,4.7841668128967285,6594000
2011-02-18,4.797500133514404,4.820833206176758,4.748332977294922,4.772500038146973,4.772500038146973,6434400
2011-02-22,4.732500076293945,4.739999771118164,4.632500171661377,4.640832901000977,4.640832901000977,8338800
2011-02-23,4.632500171661377,4.738333225250244,4.614999771118164,4.65500020980835,4.65500020980835,10809600
2011-02-24,4.6458330154418945,4.656667232513428,4.53583288192749,4.557499885559082,4.557499885559082,14473200
2011-02-25,4.610833168029785,4.987500190734863,4.597499847412109,4.9166669845581055,4.9166669845581055,47727600
2011-02-28,4.9116668701171875,4.9116668701171875,4.781667232513428,4.795833110809326,4.795833110809326,17689200
2011-03-01,4.7733330726623535,4.804166793823242,4.679999828338623,4.695833206176758,4.695833206176758,12060000
2011-03-02,4.68416690826416,4.719167232513428,4.5908331871032715,4.614999771118164,4.614999771118164,12438000
2011-03-03,4.631667137145996,4.737500190734863,4.631667137145996,4.71416711807251,4.71416711807251,17247600
2011-03-04,4.7083330154418945,4.7083330154418945,4.62833309173584,4.682499885559082,4.682499885559082,5869200
2011-03-07,4.6875,4.6875,4.5966668128967285,4.656667232513428,4.656667232513428,7935600
2011-03-08,4.65166711807251,4.691667079925537,4.620832920074463,4.6691670417785645,4.6691670417785645,8828400
2011-03-09,4.6666669845581055,4.709167003631592,4.599999904632568,4.697500228881836,4.697500228881836,6654000
2011-03-10,4.6508331298828125,4.709167003631592,4.622499942779541,4.697500228881836,4.697500228881836,8338800
2011-03-11,4.574166774749756,4.644999980926514,4.461667060852051,4.614999771118164,4.614999771118164,13780800
2011-03-14,4.6041669845581055,4.620832920074463,4.540832996368408,4.607500076293945,4.607500076293945,8017200
2011-03-15,4.484167098999023,4.602499961853027,4.440000057220459,4.570833206176758,4.570833206176758,7993200
2011-03-16,4.554999828338623,4.6483330726623535,4.502500057220459,4.567500114440918,4.567500114440918,9519600
2011-03-17,4.627500057220459,4.6483330726623535,4.548333168029785,4.578332901000977,4.578332901000977,7605600
2011-03-18,4.613333225250244,4.625,4.548333168029785,4.611667156219482,4.611667156219482,10149600
2011-03-21,4.6533331871032715,4.694167137145996,4.571667194366455,4.574166774749756,4.574166774749756,10094400
2011-03-22,4.578332901000977,4.5991668701171875,4.53583288192749,4.584167003631592,4.584167003631592,12798000
2011-03-23,4.582499980926514,4.760832786560059,4.561666965484619,4.749166965484619,4.749166965484619,9169200
2011-03-24,4.761666774749756,4.818333148956299,4.716667175292969,4.815000057220459,4.815000057220459,7802400
2011-03-25,4.84833288192749,4.987500190734863,4.8466668128967285,4.923333168029785,4.923333168029785,11035200
2011-03-28,4.918333053588867,4.954166889190674,4.84833288192749,4.862500190734863,4.862500190734863,4618800
2011-03-29,4.867499828338623,4.954999923706055,4.844167232513428,4.9091668128967285,4.9091668128967285,6765600
2011-03-30,4.930832862854004,5.02666711807251,4.924167156219482,5.0208330154418945,5.0208330154418945,7814400
2011-03-31,5.03000020980835,5.043333053588867,4.985000133514404,5.019166946411133,5.019166946411133,6739200
2011-04-01,5.02666711807251,5.091667175292969,4.984167098999023,5.0833330154418945,5.0833330154418945,7040400
2011-04-04,5.078332901000977,5.113333225250244,5.051667213439941,5.08916711807251,5.08916711807251,3520800
2011-04-05,5.0833330154418945,5.124166965484619,5.064167022705078,5.084167003631592,5.084167003631592,6776400
2011-04-06,5.086667060852051,5.191667079925537,5.086667060852051,5.1616668701171875,5.1616668701171875,9247200
2011-04-07,5.1458330154418945,5.235833168029785,5.134167194366455,5.170000076293945,5.170000076293945,12999600
2011-04-08,5.199999809265137,5.269166946411133,5.133333206176758,5.164999961853027,5.164999961853027,6536400
2011-04-11,5.175833225250244,5.2916669845581055,5.1616668701171875,5.188333034515381,5.188333034515381,7213200
2011-04-12,5.170833110809326,5.189167022705078,5.138332843780518,5.154167175292969,5.154167175292969,6760800
2011-04-13,5.19083309173584,5.199999809265137,5.144999980926514,5.173333168029785,5.173333168029785,4140000
2011-04-14,5.170000076293945,5.233333110809326,5.137499809265137,5.216667175292969,5.216667175292969,5062800
2011-04-15,5.235000133514404,5.292500019073486,5.195833206176758,5.2733330726623535,5.2733330726623535,5714400
2011-04-18,5.239167213439941,5.259167194366455,5.200832843780518,5.230833053588867,5.230833053588867,9262800
2011-04-19,5.2316670417785645,5.2891669273376465,5.227499961853027,5.283332824707031,5.283332824707031,8814000
2011-04-20,5.336667060852051,5.389999866485596,5.2941670417785645,5.317500114440918,5.317500114440918,10347600
2011-04-21,5.310832977294922,5.441667079925537,5.308332920074463,5.44083309173584,5.44083309173584,15502800
2011-04-25,5.438333034515381,5.439167022705078,5.375,5.383333206176758,5.383333206176758,7040400
2011-04-26,5.391666889190674,5.489999771118164,5.3566670417785645,5.4816670417785645,5.4816670417785645,8047200
2011-04-27,5.500833034515381,5.522500038146973,5.47333288192749,5.508333206176758,5.508333206176758,7777200
2011-04-28,5.493332862854004,5.542500019073486,5.459167003631592,5.5233330726623535,5.5233330726623535,7350000
2011-04-29,5.5183329582214355,5.540832996368408,5.4791669845581055,5.512499809265137,5.512499809265137,9360000
2011-05-02,5.521667003631592,5.540832996368408,5.420833110809326,5.425833225250244,5.425833225250244,5958000
2011-05-03,5.408332824707031,5.408332824707031,5.22333288192749,5.288332939147949,5.288332939147949,15600000
2011-05-04,5.288332939147949,5.31583309173584,5.2266669273376465,5.228332996368408,5.228332996368408,8226000
2011-05-05,5.1875,5.227499961853027,5.125833034515381,5.1616668701171875,5.1616668701171875,12054000
2011-05-06,5.4166669845581055,5.715000152587891,5.367499828338623,5.394999980926514,5.394999980926514,29757600
2011-05-09,5.413332939147949,5.485000133514404,5.341667175292969,5.4608330726623535,5.4608330726623535,11584800
2011-05-10,5.449166774749756,5.482500076293945,5.425833225250244,5.456666946411133,5.456666946411133,7398000
2011-05-11,5.4375,5.459167003631592,5.397500038146973,5.420000076293945,5.420000076293945,8512800
2011-05-12,5.392499923706055,5.579999923706055,5.392499923706055,5.563333034515381,5.563333034515381,8088000
2011-05-13,5.537499904632568,5.573332786560059,5.508333206176758,5.5416669845581055,5.5416669845581055,7524000
2011-05-16,5.517499923706055,5.600832939147949,5.501667022705078,5.561666965484619,5.561666965484619,9381600
2011-05-17,5.5183329582214355,5.5991668701171875,5.510832786560059,5.58916711807251,5.58916711807251,8164800
2011-05-18,5.586667060852051,5.684999942779541,5.533332824707031,5.675833225250244,5.675833225250244,10082400
2011-05-19,5.7083330154418945,5.762499809265137,5.677499771118164,5.744999885559082,5.744999885559082,7906800
2011-05-20,5.745832920074463,5.8333330154418945,5.724999904632568,5.796667098999023,5.796667098999023,10042800
2011-05-23,5.730833053588867,5.7783331871032715,5.7291669845581055,5.772500038146973,5.772500038146973,6583200
2011-05-24,5.7916669845581055,5.827499866485596,5.766666889190674,5.801667213439941,5.801667213439941,6080400
2011-05-25,5.789999961853027,5.936666965484619,5.75,5.8933329582214355,5.8933329582214355,11679600
2011-05-26,5.869166851043701,5.9033331871032715,5.841667175292969,5.90166711807251,5.90166711807251,7719600
2011-05-27,5.926667213439941,5.946667194366455,5.889999866485596,5.90749979019165,5.90749979019165,3546000
2011-05-31,5.96750020980835,5.99666690826416,5.902500152587891,5.970832824707031,5.970832824707031,9897600
2011-06-01,5.966667175292969,6.149167060852051,5.956666946411133,6.021667003631592,6.021667003631592,10381200
2011-06-02,6.0233330726623535,6.055832862854004,5.9816670417785645,6.029167175292969,6.029167175292969,7936800
2011-06-03,5.961667060852051,6.102499961853027,5.961667060852051,6.065000057220459,6.065000057220459,6898800
2011-06-06,6.070000171661377,6.0908331871032715,5.9816670417785645,6.009167194366455,6.009167194366455,6733200
2011-06-07,6.038332939147949,6.052499771118164,5.972499847412109,5.97333288192749,5.97333288192749,8226000
2011-06-08,5.982500076293945,6.073332786560059,5.957499980926514,6.0625,6.0625,10716000
2011-06-09,6.074999809265137,6.130833148956299,6.063333034515381,6.093332767486572,6.093332767486572,8595600
2011-06-10,6.0625,6.093332767486572,5.948332786560059,5.9658331871032715,5.9658331871032715,6930000
2011-06-13,5.986667156219482,6.030832767486572,5.933332920074463,5.989999771118164,5.989999771118164,5635200
2011-06-14,5.986667156219482,6.09250020980835,5.986667156219482,6.081666946411133,6.081666946411133,5588400
2011-06-15,6.045000076293945,6.070000171661377,5.9816670417785645,6.016666889190674,6.016666889190674,5876400
2011-06-16,6.00333309173584,6.045833110809326,5.886666774749756,5.8933329582214355,5.8933329582214355,12200400
2011-06-17,5.9375,6.05916690826416,5.926667213439941,6.0258331298828125,6.0258331298828125,12195600
2011-06-20,6.00333309173584,6.16083288192749,6.00333309173584,6.152500152587891,6.152500152587891,8226000
2011-06-21,6.177499771118164,6.260000228881836,6.170000076293945,6.247499942779541,6.247499942779541,9955200
2011-06-22,6.258333206176758,6.311666965484619,6.206666946411133,6.234167098999023,6.234167098999023,9316800
2011-06-23,6.170000076293945,6.266666889190674,6.141666889190674,6.250833034515381,6.250833034515381,10178400
2011-06-24,6.275000095367432,6.632500171661377,6.275000095367432,6.504167079925537,6.504167079925537,28330800
2011-06-27,6.521667003631592,6.644999980926514,6.5208330154418945,6.59250020980835,6.59250020980835,13227600
2011-06-28,6.622499942779541,6.737500190734863,6.59833288192749,6.686666965484619,6.686666965484619,18325200
2011-06-29,6.7266669273376465,6.81583309173584,6.6666669845581055,6.670000076293945,6.670000076293945,14824800
2011-06-30,6.681666851043701,6.7708330154418945,6.625,6.745832920074463,6.745832920074463,13862400
2011-07-01,6.760000228881836,6.994166851043701,6.742499828338623,6.969167232513428,6.969167232513428,16698000
2011-07-05,6.994999885559082,7.0,6.829999923706055,6.8491668701171875,6.8491668701171875,13166400
2011-07-06,6.882500171661377,6.940000057220459,6.8566670417785645,6.915832996368408,6.915832996368408,13488000
2011-07-07,6.949166774749756,6.999166965484619,6.795000076293945,6.8125,6.8125,19321200
2011-07-08,6.724999904632568,6.756667137145996,6.5208330154418945,6.75,6.75,17274000
2011-07-11,6.6875,6.694167137145996,6.566667079925537,6.58916711807251,6.58916711807251,12258000
2011-07-12,6.5833330154418945,6.587500095367432,6.452499866485596,6.492499828338623,6.492499828338623,17643600
2011-07-13,6.529167175292969,6.637499809265137,6.52666711807251,6.572500228881836,6.572500228881836,12171600
2011-07-14,6.574166774749756,6.6666669845581055,6.4816670417785645,6.519999980926514,6.519999980926514,9511200
2011-07-15,6.540832996368408,6.55916690826416,6.483333110809326,6.524167060852051,6.524167060852051,10382400
2011-07-18,6.5183329582214355,6.5416669845581055,6.408332824707031,6.489999771118164,6.489999771118164,9301200
2011-07-19,6.582499980926514,6.847499847412109,6.582499980926514,6.790832996368408,6.790832996368408,25372800
2011-07-20,6.761666774749756,6.789999961853027,6.6691670417785645,6.733333110809326,6.733333110809326,10100400
2011-07-21,6.772500038146973,6.859167098999023,6.727499961853027,6.817500114440918,6.817500114440918,9349200
2011-07-22,6.7916669845581055,6.7916669845581055,6.675833225250244,6.709167003631592,6.709167003631592,7497600
2011-07-25,6.630000114440918,6.662499904632568,6.579999923706055,6.59833288192749,6.59833288192749,9487200
2011-07-26,6.617499828338623,6.635000228881836,6.457499980926514,6.461667060852051,6.461667060852051,11132400
2011-07-27,6.430832862854004,6.432499885559082,6.212500095367432,6.266666889190674,6.266666889190674,20419200
2011-07-28,6.267499923706055,6.55916690826416,6.255000114440918,6.441667079925537,6.441667079925537,14964000
2011-07-29,6.363333225250244,6.4658331871032715,6.296667098999023,6.385000228881836,6.385000228881836,10088400
2011-08-01,6.4608330726623535,6.511666774749756,6.321667194366455,6.384167194366455,6.384167194366455,11302800
2011-08-02,6.335000038146973,6.40500020980835,6.175000190734863,6.180832862854004,6.180832862854004,12346800
2011-08-03,6.180832862854004,6.30916690826416,6.108333110809326,6.305832862854004,6.305832862854004,13126800
2011-08-04,6.225832939147949,6.274167060852051,5.820000171661377,5.836667060852051,5.836667060852051,21304800
2011-08-05,5.920833110809326,6.513332843780518,5.853332996368408,6.326666831970215,6.326666831970215,29078400
2011-08-08,6.1641669273376465,6.251667022705078,5.738333225250244,5.742499828338623,5.742499828338623,20826000
2011-08-09,5.858333110809326,6.309999942779541,5.800833225250244,6.30916690826416,6.30916690826416,24325200
2011-08-10,6.178332805633545,6.494999885559082,6.067500114440918,6.37166690826416,6.37166690826416,19063200
2011-08-11,6.400000095367432,6.799167156219482,6.318333148956299,6.748332977294922,6.748332977294922,17958000
2011-08-12,6.813333034515381,6.8333330154418945,6.6666669845581055,6.739999771118164,6.739999771118164,11240400
2011-08-15,6.7891669273376465,6.800833225250244,6.639999866485596,6.754167079925537,6.754167079925537,10236000
2011-08-16,6.675833225250244,6.760000228881836,6.6533331871032715,6.662499904632568,6.662499904632568,11307600
2011-08-17,6.690000057220459,6.748332977294922,6.650000095367432,6.742499828338623,6.742499828338623,7773600
2011-08-18,6.597499847412109,6.754167079925537,6.567500114440918,6.71750020980835,6.71750020980835,17980800
2011-08-19,6.5908331871032715,6.764999866485596,6.5833330154418945,6.625833034515381,6.625833034515381,18076800
2011-08-22,6.735000133514404,6.7708330154418945,6.546667098999023,6.650000095367432,6.650000095367432,13550400
2011-08-23,6.707499980926514,7.133333206176758,6.6666669845581055,7.0625,7.0625,31080000
2011-08-24,7.125,7.280832767486572,6.983333110809326,7.196667194366455,7.196667194366455,24198000
2011-08-25,7.230000019073486,7.2316670417785645,7.027500152587891,7.042500019073486,7.042500019073486,12766800
2011-08-26,7.012499809265137,7.113333225250244,6.775000095367432,7.052499771118164,7.052499771118164,16942800
2011-08-29,7.1666669845581055,7.427499771118164,7.1666669845581055,7.4191670417785645,7.4191670417785645,17301600
2011-08-30,7.408332824707031,7.519999980926514,7.3333330154418945,7.465000152587891,7.465000152587891,13418400
2011-08-31,7.4816670417785645,7.489999771118164,6.809999942779541,7.110000133514404,7.110000133514404,44540400
2011-09-01,7.113333225250244,7.306666851043701,6.985000133514404,7.006667137145996,7.006667137145996,16148400
2011-09-02,6.818333148956299,7.118332862854004,6.5833330154418945,6.969167232513428,6.969167232513428,16676400
2011-09-06,6.775000095367432,7.130833148956299,6.774167060852051,7.111667156219482,7.111667156219482,13178400
2011-09-07,7.233333110809326,7.236667156219482,7.031667232513428,7.08916711807251,7.08916711807251,13555200
2011-09-08,7.025000095367432,7.320000171661377,6.988333225250244,7.2708330154418945,7.2708330154418945,15801600
2011-09-09,7.225832939147949,7.2758331298828125,7.105833053588867,7.204999923706055,7.204999923706055,14901600
2011-09-12,7.071667194366455,7.199166774749756,7.048333168029785,7.184999942779541,7.184999942779541,11715600
2011-09-13,7.211667060852051,7.4033331871032715,7.103332996368408,7.367499828338623,7.367499828338623,13593600
2011-09-14,7.365832805633545,7.439167022705078,7.258333206176758,7.364999771118164,7.364999771118164,15069600
2011-09-15,7.441667079925537,7.448332786560059,7.218332767486572,7.329166889190674,7.329166889190674,17023200
2011-09-16,7.366666793823242,7.780832767486572,7.345832824707031,7.675833225250244,7.675833225250244,39614400
2011-09-19,7.5858330726623535,7.7891669273376465,7.545833110809326,7.6875,7.6875,17516400
2011-09-20,7.702499866485596,7.84499979019165,7.5833330154418945,7.663332939147949,7.663332939147949,17605200
2011-09-21,7.689167022705078,7.888332843780518,7.582499980926514,7.584167003631592,7.584167003631592,15279600
2011-09-22,7.37833309173584,7.489999771118164,7.195000171661377,7.454166889190674,7.454166889190674,16783200
2011-09-23,7.409999847412109,7.435832977294922,7.171667098999023,7.317500114440918,7.317500114440918,15980400
2011-09-26,7.3983330726623535,7.550833225250244,7.232500076293945,7.537499904632568,7.537499904632568,12224400
2011-09-27,7.680832862854004,7.78249979019165,7.494999885559082,7.53249979019165,7.53249979019165,17151600
2011-09-28,7.5416669845581055,7.664999961853027,7.4166669845581055,7.441667079925537,7.441667079925537,9529200
2011-09-29,7.570000171661377,7.630833148956299,7.224999904632568,7.360000133514404,7.360000133514404,9842400
2011-09-30,7.296667098999023,7.466667175292969,7.167500019073486,7.274167060852051,7.274167060852051,8556000
2011-10-03,7.237500190734863,7.261666774749756,6.638332843780518,6.646667003631592,6.646667003631592,25970400
2011-10-04,6.540832996368408,6.8125,6.365832805633545,6.808332920074463,6.808332920074463,22110000
2011-10-05,6.844167232513428,6.985000133514404,6.739999771118164,6.94083309173584,6.94083309173584,11949600
2011-10-06,6.94083309173584,7.1458330154418945,6.899167060852051,7.025000095367432,7.025000095367432,14068800
2011-10-07,7.051667213439941,7.296667098999023,7.051667213439941,7.170833110809326,7.170833110809326,14084400
2011-10-10,7.272500038146973,7.391666889190674,7.256667137145996,7.30916690826416,7.30916690826416,7232400
2011-10-11,7.28000020980835,7.537499904632568,7.198332786560059,7.508333206176758,7.508333206176758,10740000
2011-10-12,7.577499866485596,7.78583288192749,7.5366668701171875,7.59833288192749,7.59833288192749,17358000
2011-10-13,7.614999771118164,7.760832786560059,7.587500095367432,7.699999809265137,7.699999809265137,10693200
2011-10-14,7.817500114440918,8.078332901000977,7.7916669845581055,7.864167213439941,7.864167213439941,15012000
2011-10-17,7.809999942779541,7.994166851043701,7.706666946411133,7.745832920074463,7.745832920074463,7838400
2011-10-18,7.762499809265137,7.827499866485596,7.679166793823242,7.75333309173584,7.75333309173584,8059200
2011-10-19,7.752500057220459,7.899167060852051,7.624166965484619,7.625,7.625,8154000
2011-10-20,7.618332862854004,7.7291669845581055,7.548333168029785,7.581666946411133,7.581666946411133,9292800
2011-10-21,7.688333034515381,7.78000020980835,7.637499809265137,7.7291669845581055,7.7291669845581055,9782400
2011-10-24,7.758333206176758,7.760000228881836,7.635000228881836,7.662499904632568,7.662499904632568,13665600
2011-10-25,7.620832920074463,7.632500171661377,6.945833206176758,7.0391669273376465,7.0391669273376465,36420000
2011-10-26,7.033332824707031,7.116666793823242,6.813333034515381,6.923333168029785,6.923333168029785,27966000
2011-10-27,7.0991668701171875,7.3958330154418945,6.993332862854004,7.124166965484619,7.124166965484619,20401200
2011-10-28,7.119999885559082,7.274167060852051,7.057499885559082,7.2266669273376465,7.2266669273376465,9812400
2011-10-31,7.196667194366455,7.5908331871032715,7.179166793823242,7.424167156219482,7.424167156219482,18738000
2011-11-01,7.202499866485596,7.264166831970215,7.049167156219482,7.16083288192749,7.16083288192749,15182400
2011-11-02,7.216667175292969,7.459167003631592,7.204166889190674,7.3516669273376465,7.3516669273376465,13497600
2011-11-03,7.413332939147949,7.571667194366455,7.233333110809326,7.510832786560059,7.510832786560059,17059200
2011-11-04,7.3333330154418945,8.109167098999023,7.251667022705078,7.9633331298828125,7.9633331298828125,38271600
2011-11-07,7.982500076293945,8.029999732971191,7.693333148956299,7.7891669273376465,7.7891669273376465,11689200
2011-11-08,7.832499980926514,7.892499923706055,7.670000076293945,7.873332977294922,7.873332977294922,8335200
2011-11-09,7.682499885559082,7.7158331871032715,7.46750020980835,7.507500171661377,7.507500171661377,13359600
2011-11-10,7.616666793823242,7.631667137145996,7.425000190734863,7.499166965484619,7.499166965484619,12280800
2011-11-11,7.579166889190674,7.8333330154418945,7.519166946411133,7.787499904632568,7.787499904632568,7690800
2011-11-14,7.800000190734863,7.841667175292969,7.7266669273376465,7.772500038146973,7.772500038146973,6049200
2011-11-15,7.734167098999023,7.948332786560059,7.719167232513428,7.909999847412109,7.909999847412109,7714800
2011-11-16,7.841667175292969,7.942500114440918,7.75333309173584,7.772500038146973,7.772500038146973,10155600
2011-11-17,7.787499904632568,7.803332805633545,7.542500019073486,7.616666793823242,7.616666793823242,6643200
2011-11-18,7.644166946411133,7.6483330726623535,7.5441670417785645,7.584167003631592,7.584167003631592,4075200
2011-11-21,7.4633331298828125,7.497499942779541,7.2916669845581055,7.34499979019165,7.34499979019165,10231200
2011-11-22,7.332499980926514,7.4375,7.283332824707031,7.408332824707031,7.408332824707031,5342400
2011-11-23,7.320000171661377,7.353332996368408,7.15166711807251,7.15166711807251,7.15166711807251,7669200
2011-11-25,7.139166831970215,7.2241668701171875,7.0441670417785645,7.085000038146973,7.085000038146973,5107200
2011-11-28,7.28000020980835,7.5,7.266666889190674,7.456666946411133,7.456666946411133,8960400
2011-11-29,7.517499923706055,7.639166831970215,7.396667003631592,7.425833225250244,7.425833225250244,6685200
2011-11-30,7.548333168029785,7.742499828338623,7.548333168029785,7.683332920074463,7.683332920074463,8450400
2011-12-01,7.614999771118164,7.769999980926514,7.584167003631592,7.673333168029785,7.673333168029785,5738400
2011-12-02,7.75333309173584,7.877500057220459,7.7266669273376465,7.819167137145996,7.819167137145996,7185600
2011-12-05,7.866666793823242,7.894999980926514,7.748332977294922,7.795000076293945,7.795000076293945,7195200
2011-12-06,7.814167022705078,7.946667194366455,7.7783331871032715,7.917500019073486,7.917500019073486,9006000
2011-12-07,7.888332843780518,7.988333225250244,7.821667194366455,7.980833053588867,7.980833053588867,7602000
2011-12-08,7.934999942779541,8.03833293914795,7.90749979019165,7.945833206176758,7.945833206176758,7392000
2011-12-09,7.949999809265137,8.09749984741211,7.875,8.095000267028809,8.095000267028809,7306800
2011-12-12,8.03833293914795,8.048333168029785,7.835000038146973,7.975832939147949,7.975832939147949,11551200
2011-12-13,8.024999618530273,8.057499885559082,7.860833168029785,7.891666889190674,7.891666889190674,10088400
2011-12-14,7.873332977294922,7.873332977294922,7.700832843780518,7.727499961853027,7.727499961853027,8448000
2011-12-15,7.788332939147949,7.817500114440918,7.594167232513428,7.6616668701171875,7.6616668701171875,12320400
2011-12-16,7.754167079925537,8.067500114440918,7.716667175292969,7.990832805633545,7.990832805633545,48126000
2011-12-19,8.020000457763672,8.196666717529297,7.909999847412109,7.939167022705078,7.939167022705078,10922400
2011-12-20,8.019166946411133,8.126667022705078,8.019166946411133,8.09416675567627,8.09416675567627,8832000
2011-12-21,8.087499618530273,8.118332862854004,7.966667175292969,8.076666831970215,8.076666831970215,4291200
2011-12-22,8.084166526794434,8.123332977294922,7.961667060852051,7.97333288192749,7.97333288192749,4208400
2011-12-23,7.913332939147949,7.913332939147949,7.6875,7.9116668701171875,7.9116668701171875,8956800
2011-12-27,7.908332824707031,7.974999904632568,7.889166831970215,7.915832996368408,7.915832996368408,4102800
2011-12-28,7.902500152587891,7.902500152587891,7.615832805633545,7.638332843780518,7.638332843780518,7736400
2011-12-29,7.675000190734863,7.824999809265137,7.646667003631592,7.8125,7.8125,6552000
2011-12-30,7.8308329582214355,7.8308329582214355,7.677499771118164,7.678332805633545,7.678332805633545,5073600
2012-01-03,7.797500133514404,7.890832901000977,7.594167232513428,7.7083330154418945,7.7083330154418945,9556800
2012-01-04,7.677499771118164,7.748332977294922,7.617499828338623,7.7158331871032715,7.7158331871032715,4840800
2012-01-05,7.761666774749756,7.847499847412109,7.6616668701171875,7.821667194366455,7.821667194366455,8409600
2012-01-06,7.866666793823242,8.039999961853027,7.837500095367432,7.948332786560059,7.948332786560059,8970000
2012-01-09,7.949999809265137,8.039999961853027,7.882500171661377,7.993332862854004,7.993332862854004,4220400
2012-01-10,8.02750015258789,8.05666732788086,7.899167060852051,7.9375,7.9375,5086800
2012-01-11,7.887499809265137,7.925000190734863,7.696667194366455,7.699999809265137,7.699999809265137,5034000
2012-01-12,7.760832786560059,7.928332805633545,7.679166793823242,7.9191670417785645,7.9191670417785645,6033600
2012-01-13,7.945833206176758,8.095000267028809,7.850832939147949,8.082500457763672,8.082500457763672,9595200
2012-01-17,8.35083293914795,8.462499618530273,8.270833015441895,8.380000114440918,8.380000114440918,20980800
2012-01-18,8.449999809265137,8.47249984741211,8.266667366027832,8.325833320617676,8.325833320617676,8425200
2012-01-19,8.333333015441895,8.555000305175781,8.333333015441895,8.41333293914795,8.41333293914795,12166800
2012-01-20,8.4350004196167,8.729166984558105,8.421667098999023,8.710000038146973,8.710000038146973,13719600
2012-01-23,8.732500076293945,8.764166831970215,8.59000015258789,8.75,8.75,9348000
2012-01-24,8.689167022705078,8.90250015258789,8.666666984558105,8.861666679382324,8.861666679382324,9460800
2012-01-25,8.829167366027832,9.052499771118164,8.77416706085205,9.040833473205566,9.040833473205566,8881200
2012-01-26,9.02750015258789,9.058333396911621,8.833333015441895,8.8725004196167,8.8725004196167,7587600
2012-01-27,8.888333320617676,9.033332824707031,8.875,8.960832595825195,8.960832595825195,7999200
2012-01-30,8.78083324432373,8.952500343322754,8.602499961853027,8.792499542236328,8.792499542236328,10627200
2012-01-31,8.759166717529297,8.826666831970215,8.702500343322754,8.709166526794434,8.709166526794434,9602400
2012-02-01,8.795832633972168,8.80666732788086,8.637499809265137,8.732500076293945,8.732500076293945,10920000
2012-02-02,8.831666946411133,8.912500381469727,8.764166831970215,8.819999694824219,8.819999694824219,11947200
2012-02-03,8.880000114440918,8.899999618530273,8.761667251586914,8.80916690826416,8.80916690826416,10050000
2012-02-06,8.789999961853027,8.884166717529297,8.75333309173584,8.782500267028809,8.782500267028809,5869200
2012-02-07,8.758333206176758,8.885832786560059,8.71166706085205,8.840832710266113,8.840832710266113,5412000
2012-02-08,8.830833435058594,9.188332557678223,8.830833435058594,8.916666984558105,8.916666984558105,15001200
2012-02-09,8.9375,9.044166564941406,8.916666984558105,9.025833129882812,9.025833129882812,5821200
2012-02-10,8.895833015441895,9.050832748413086,8.895833015441895,9.02416706085205,9.02416706085205,5326800
2012-02-13,9.137499809265137,9.15666675567627,9.029999732971191,9.105833053588867,9.105833053588867,4870800
2012-02-14,9.149999618530273,9.191666603088379,9.073332786560059,9.189167022705078,9.189167022705078,4778400
2012-02-15,9.19083309173584,9.265000343322754,8.859999656677246,8.875832557678223,8.875832557678223,17630400
2012-02-16,8.948332786560059,9.006667137145996,8.739999771118164,8.831666946411133,8.831666946411133,8788800
2012-02-17,8.793333053588867,9.005000114440918,8.793333053588867,8.866666793823242,8.866666793823242,6091200
2012-02-21,8.890000343322754,8.944999694824219,8.819999694824219,8.941666603088379,8.941666603088379,5994000
2012-02-22,8.866666793823242,9.221667289733887,8.866666793823242,9.176667213439941,9.176667213439941,11197800
2012-02-23,9.274999618530273,9.433333396911621,9.063332557678223,9.145000457763672,9.145000457763672,14046600
2012-02-24,9.05666732788086,9.493332862854004,8.875,9.396666526794434,9.396666526794434,16587000
2012-02-27,9.364999771118164,9.654999732971191,9.265000343322754,9.545000076293945,9.545000076293945,10645200
2012-02-28,9.640000343322754,9.640000343322754,9.453332901000977,9.498332977294922,9.498332977294922,8490000
2012-02-29,9.529999732971191,9.596667289733887,9.475000381469727,9.529999732971191,9.529999732971191,10452000
2012-03-01,9.541666984558105,9.614999771118164,9.476667404174805,9.574999809265137,9.574999809265137,9750000
2012-03-02,9.598333358764648,9.765000343322754,9.550000190734863,9.765000343322754,9.765000343322754,8755800
2012-03-05,9.770000457763672,9.805000305175781,9.583333015441895,9.611666679382324,9.611666679382324,9871800
2012-03-06,9.595000267028809,9.736666679382324,9.388333320617676,9.411666870117188,9.411666870117188,9115800
2012-03-07,9.41333293914795,9.506667137145996,9.375,9.453332901000977,9.453332901000977,4520400
2012-03-08,9.486666679382324,9.635000228881836,9.454999923706055,9.614999771118164,9.614999771118164,6856200
2012-03-09,9.675000190734863,9.983332633972168,9.668333053588867,9.928333282470703,9.928333282470703,8663400
2012-03-12,9.988332748413086,9.988332748413086,9.861666679382324,9.93166732788086,9.93166732788086,5744400
2012-03-13,9.998332977294922,10.098333358764648,9.925000190734863,10.095000267028809,10.095000267028809,6280200
2012-03-14,10.08666706085205,10.114999771118164,9.856666564941406,9.873332977294922,9.873332977294922,6009000
2012-03-15,9.90666675567627,9.953332901000977,9.858332633972168,9.951666831970215,9.951666831970215,4627800
2012-03-16,9.9350004196167,10.026666641235352,9.851667404174805,9.923333168029785,9.923333168029785,6933000
2012-03-19,9.933333396911621,10.011667251586914,9.824999809265137,9.949999809265137,9.949999809265137,3575400
2012-03-20,9.921667098999023,10.111666679382324,9.859999656677246,10.073332786560059,10.073332786560059,3722400
2012-03-21,10.083333015441895,10.194999694824219,9.971667289733887,10.066666603088379,10.066666603088379,8615400
2012-03-22,10.010000228881836,10.180000305175781,9.973333358764648,10.138333320617676,10.138333320617676,4039800
2012-03-23,10.145000457763672,10.198332786560059,10.046667098999023,10.088333129882812,10.088333129882812,3562800
2012-03-26,10.220000267028809,10.268333435058594,10.143333435058594,10.238332748413086,10.238332748413086,4249200
2012-03-27,10.238332748413086,10.346667289733887,10.19333267211914,10.313332557678223,10.313332557678223,4384800
2012-03-28,10.276666641235352,10.381667137145996,10.196666717529297,10.301667213439941,10.301667213439941,3334200
2012-03-29,10.386667251586914,10.470000267028809,10.225000381469727,10.428333282470703,10.428333282470703,4756200
2012-03-30,10.526666641235352,10.529999732971191,10.34333324432373,10.348333358764648,10.348333358764648,6443400
2012-04-02,10.358332633972168,10.604999542236328,10.295000076293945,10.551667213439941,10.551667213439941,6084000
2012-04-03,10.520000457763672,10.703332901000977,10.508333206176758,10.631667137145996,10.631667137145996,7118400
2012-04-04,10.583333015441895,10.600000381469727,10.354999542236328,10.40999984741211,10.40999984741211,6784200
2012-04-05,10.391667366027832,10.614999771118164,10.333333015441895,10.563332557678223,10.563332557678223,6389400
2012-04-09,10.466667175292969,10.548333168029785,10.385000228881836,10.483332633972168,10.483332633972168,3655800
2012-04-10,10.486666679382324,10.5,10.109999656677246,10.145000457763672,10.145000457763672,8284800
2012-04-11,10.191666603088379,10.539999961853027,10.191666603088379,10.520000457763672,10.520000457763672,5718000
2012-04-12,10.606666564941406,10.606666564941406,10.376667022705078,10.430000305175781,10.430000305175781,4915800
2012-04-13,10.40666675567627,10.921667098999023,10.395000457763672,10.710000038146973,10.710000038146973,8658600
2012-04-16,10.875,10.881667137145996,10.528332710266113,10.563332557678223,10.563332557678223,7884600
2012-04-17,10.606666564941406,10.696666717529297,10.510000228881836,10.630000114440918,10.630000114440918,5531400
2012-04-18,10.614999771118164,10.748332977294922,10.581666946411133,10.694999694824219,10.694999694824219,3721800
2012-04-19,10.638333320617676,10.699999809265137,10.483332633972168,10.526666641235352,10.526666641235352,4521600
2012-04-20,10.604999542236328,10.65999984741211,10.546667098999023,10.585000038146973,10.585000038146973,5202000
2012-04-23,10.518333435058594,10.539999961853027,10.274999618530273,10.518333435058594,10.518333435058594,5062200
2012-04-24,10.539999961853027,10.583333015441895,10.40999984741211,10.478333473205566,10.478333473205566,5716200
2012-04-25,10.619999885559082,10.623332977294922,10.494999885559082,10.588333129882812,10.588333129882812,5608200
2012-04-26,10.583333015441895,10.938332557678223,10.548333168029785,10.896666526794434,10.896666526794434,7102200
2012-04-27,10.973333358764648,10.989999771118164,10.83666706085205,10.921667098999023,10.921667098999023,7722600
2012-04-30,10.923333168029785,13.993332862854004,10.676667213439941,10.833333015441895,10.833333015441895,114374400
2012-05-01,10.833333015441895,11.328332901000977,10.666666984558105,11.130000114440918,11.130000114440918,48493200
2012-05-02,11.143333435058594,11.539999961853027,11.050000190734863,11.444999694824219,11.444999694824219,12880800
2012-05-03,11.486666679382324,11.491666793823242,11.138333320617676,11.178333282470703,11.178333282470703,11274600
2012-05-04,11.133333206176758,11.274999618530273,11.051667213439941,11.123332977294922,11.123332977294922,12640800
2012-05-07,11.071666717529297,11.441666603088379,10.921667098999023,11.260000228881836,11.260000228881836,14175000
2012-05-08,11.208333015441895,11.268333435058594,10.861666679382324,10.914999961853027,10.914999961853027,16909800
2012-05-09,10.833333015441895,10.998332977294922,10.533332824707031,10.885000228881836,10.885000228881836,14608200
2012-05-10,12.329999923706055,12.486666679382324,11.835000038146973,11.861666679382324,11.861666679382324,46532400
2012-05-11,11.883333206176758,12.016667366027832,11.798333168029785,11.925000190734863,11.925000190734863,11287200
2012-05-14,11.833333015441895,11.875,11.708333015441895,11.80666732788086,11.80666732788086,7063800
2012-05-15,11.828332901000977,12.043333053588867,11.783332824707031,11.93166732788086,11.93166732788086,8401200
2012-05-16,11.9350004196167,12.024999618530273,11.863332748413086,11.911666870117188,11.911666870117188,7920000
2012-05-17,11.911666870117188,12.0,11.62166690826416,11.62166690826416,11.62166690826416,8318400
2012-05-18,11.654999732971191,11.680000305175781,11.37833309173584,11.433333396911621,11.433333396911621,9048000
2012-05-21,11.470000267028809,11.608332633972168,11.268333435058594,11.588333129882812,11.588333129882812,7045200
2012-05-22,11.65999984741211,11.8100004196167,11.569999694824219,11.653332710266113,11.653332710266113,7633200
2012-05-23,11.604999542236328,11.668333053588867,11.470000267028809,11.668333053588867,11.668333053588867,5028000
2012-05-24,11.6899995803833,12.168333053588867,11.585000038146973,12.158332824707031,12.158332824707031,16240200
2012-05-25,12.145000457763672,12.15999984741211,11.850000381469727,11.930000305175781,11.930000305175781,10259400
2012-05-29,12.225000381469727,12.233332633972168,11.978333473205566,12.173333168029785,12.173333168029785,9183600
2012-05-30,12.069999694824219,12.296667098999023,11.911666870117188,12.273332595825195,12.273332595825195,10196400
2012-05-31,12.289999961853027,12.328332901000977,12.028332710266113,12.100000381469727,12.100000381469727,7342800
2012-06-01,11.904999732971191,12.073332786560059,11.721667289733887,11.756667137145996,11.756667137145996,7493400
2012-06-04,11.81833267211914,12.194999694824219,11.805000305175781,12.1850004196167,12.1850004196167,9607800
2012-06-05,12.151666641235352,12.241666793823242,11.983332633972168,12.138333320617676,12.138333320617676,8866800
2012-06-06,12.270000457763672,12.5649995803833,12.204999923706055,12.324999809265137,12.324999809265137,9288600
2012-06-07,12.511667251586914,12.511667251586914,12.243332862854004,12.416666984558105,12.416666984558105,8238600
2012-06-08,12.361666679382324,12.835000038146973,12.338333129882812,12.683333396911621,12.683333396911621,14253600
2012-06-11,12.881667137145996,12.916666984558105,12.4350004196167,12.46500015258789,12.46500015258789,8781600
2012-06-12,12.566666603088379,12.598333358764648,12.353333473205566,12.5649995803833,12.5649995803833,7080000
2012-06-13,12.59000015258789,12.619999885559082,12.403332710266113,12.46166706085205,12.46166706085205,5265600
2012-06-14,12.486666679382324,12.783332824707031,12.484999656677246,12.71833324432373,12.71833324432373,6339600
2012-06-15,12.741666793823242,13.133333206176758,12.688332557678223,13.106666564941406,13.106666564941406,13110000
2012-06-18,13.126667022705078,13.166666984558105,12.96166706085205,13.119999885559082,13.119999885559082,8092200
2012-06-19,12.956666946411133,12.989999771118164,12.608332633972168,12.691666603088379,12.691666603088379,14230800
2012-06-20,12.708333015441895,12.765000343322754,12.479999542236328,12.550000190734863,12.550000190734863,10912800
2012-06-21,12.62833309173584,12.691666603088379,12.444999694824219,12.456666946411133,12.456666946411133,8924400
2012-06-22,12.733332633972168,12.733332633972168,12.198332786560059,12.268333435058594,12.268333435058594,22573200
2012-06-25,12.12833309173584,12.396666526794434,11.891667366027832,12.3100004196167,12.3100004196167,14637000
2012-06-26,12.361666679382324,12.488332748413086,12.233332633972168,12.436667442321777,12.436667442321777,9585600
2012-06-27,12.484999656677246,12.524999618530273,11.738332748413086,11.848333358764648,11.848333358764648,17584200
2012-06-28,11.71500015258789,11.729999542236328,11.061667442321777,11.4399995803833,11.4399995803833,228187200
2012-06-29,11.841667175292969,12.046667098999023,11.654999732971191,11.866666793823242,11.866666793823242,19521600
2012-07-02,11.989999771118164,12.5,11.791666984558105,12.463333129882812,12.463333129882812,20966400
2012-07-03,12.444999694824219,12.498332977294922,12.210000038146973,12.479999542236328,12.479999542236328,7242000
2012-07-05,12.456666946411133,12.489999771118164,12.28499984741211,12.350000381469727,12.350000381469727,6196800
2012-07-06,12.241666793823242,12.268333435058594,12.076666831970215,12.238332748413086,12.238332748413086,6046800
2012-07-09,12.238332748413086,12.289999961853027,12.029999732971191,12.085000038146973,12.085000038146973,8884200
2012-07-10,12.166666984558105,12.266667366027832,12.061667442321777,12.109999656677246,12.109999656677246,7611000
2012-07-11,12.071666717529297,12.12833309173584,11.773332595825195,11.963333129882812,11.963333129882812,11259000
2012-07-12,11.838333129882812,12.036666870117188,11.805000305175781,11.971667289733887,11.971667289733887,6521400
2012-07-13,11.960000038146973,12.328332901000977,11.960000038146973,12.28833293914795,12.28833293914795,6317400
2012-07-16,12.251667022705078,12.3149995803833,12.058333396911621,12.085000038146973,12.085000038146973,8140200
2012-07-17,12.146666526794434,12.196666717529297,11.704999923706055,11.970000267028809,11.970000267028809,8361600
2012-07-18,11.883333206176758,12.103333473205566,11.851667404174805,11.983332633972168,11.983332633972168,6273000
2012-07-19,12.008333206176758,12.028332710266113,11.208333015441895,11.305000305175781,11.305000305175781,23193000
2012-07-20,11.301667213439941,11.331666946411133,10.50333309173584,10.828332901000977,10.828332901000977,33952800
2012-07-23,10.416666984558105,11.166666984558105,10.286666870117188,11.026666641235352,11.026666641235352,21414000
2012-07-24,11.013333320617676,11.013333320617676,10.625,10.90666675567627,10.90666675567627,14945400
2012-07-25,10.951666831970215,11.100000381469727,10.923333168029785,11.095000267028809,11.095000267028809,9440400
2012-07-26,11.208333015441895,11.399999618530273,11.176667213439941,11.286666870117188,11.286666870117188,7964400
2012-07-27,11.5,11.608332633972168,11.28833293914795,11.359999656677246,11.359999656677246,13048800
2012-07-30,11.451666831970215,11.463333129882812,11.1850004196167,11.366666793823242,11.366666793823242,6142800
2012-07-31,11.333333015441895,11.346667289733887,11.048333168029785,11.069999694824219,11.069999694824219,7140600
2012-08-01,11.076666831970215,11.25,10.760000228881836,10.8100004196167,10.8100004196167,8697000
2012-08-02,10.761667251586914,10.833333015441895,10.609999656677246,10.6899995803833,10.6899995803833,9688800
2012-08-03,10.84333324432373,11.15999984741211,10.803333282470703,11.130000114440918,11.130000114440918,7956000
2012-08-06,11.173333168029785,11.225000381469727,10.976667404174805,11.00333309173584,11.00333309173584,6784200
2012-08-07,11.033332824707031,11.516667366027832,11.008333206176758,11.476667404174805,11.476667404174805,12486600
2012-08-08,11.421667098999023,11.444999694824219,11.178333282470703,11.295000076293945,11.295000076293945,25306800
2012-08-09,10.46833324432373,10.703332901000977,10.16333293914795,10.199999809265137,10.199999809265137,68519400
2012-08-10,9.741666793823242,9.741666793823242,8.921667098999023,9.045000076293945,9.045000076293945,69972600
2012-08-13,8.881667137145996,9.133333206176758,8.666666984558105,8.87833309173584,8.87833309173584,41950200
2012-08-14,9.029999732971191,9.78499984741211,9.020000457763672,9.765000343322754,9.765000343322754,46611600
2012-08-15,9.774999618530273,9.851667404174805,9.591667175292969,9.796667098999023,9.796667098999023,28956600
2012-08-16,9.756667137145996,10.069999694824219,9.733332633972168,10.043333053588867,10.043333053588867,23508600
2012-08-17,10.098333358764648,10.188332557678223,10.021666526794434,10.140000343322754,10.140000343322754,18360000
2012-08-20,10.16333293914795,10.16333293914795,9.898332595825195,10.069999694824219,10.069999694824219,14035200
2012-08-21,10.053333282470703,10.233332633972168,10.024999618530273,10.113332748413086,10.113332748413086,16593000
2012-08-22,10.0600004196167,10.263333320617676,10.048333168029785,10.21833324432373,10.21833324432373,6786600
2012-08-23,10.168333053588867,10.19333267211914,9.896666526794434,9.941666603088379,9.941666603088379,17402400
2012-08-24,9.91333293914795,10.071666717529297,9.824999809265137,9.958333015441895,9.958333015441895,13498200
2012-08-27,9.973333358764648,10.036666870117188,9.854999542236328,10.005000114440918,10.005000114440918,12339600
2012-08-28,9.816666603088379,10.05666732788086,9.755000114440918,9.91333293914795,9.91333293914795,18779400
2012-08-29,9.893333435058594,9.966667175292969,9.850000381469727,9.880000114440918,9.880000114440918,13257000
2012-08-30,9.850000381469727,9.864999771118164,9.710000038146973,9.761667251586914,9.761667251586914,6933000
2012-08-31,9.83666706085205,9.863332748413086,9.726667404174805,9.823332786560059,9.823332786560059,7596000
2012-09-04,9.75333309173584,9.783332824707031,9.518333435058594,9.541666984558105,9.541666984558105,12217800
2012-09-05,9.501667022705078,9.505000114440918,9.143333435058594,9.260000228881836,9.260000228881836,17312400
2012-09-06,9.308333396911621,9.728333473205566,9.296667098999023,9.678333282470703,9.678333282470703,11907600
2012-09-07,9.678333282470703,9.748332977294922,9.616666793823242,9.703332901000977,9.703332901000977,10152000
2012-09-10,9.800000190734863,9.800000190734863,9.4399995803833,9.536666870117188,9.536666870117188,14352000
2012-09-11,9.46833324432373,9.50333309173584,9.341667175292969,9.393333435058594,9.393333435058594,12438600
2012-09-12,9.278332710266113,9.28166675567627,8.438332557678223,8.463333129882812,8.463333129882812,43733400
2012-09-13,8.375,8.953332901000977,8.366666793823242,8.901666641235352,8.901666641235352,25154400
2012-09-14,8.948332786560059,9.024999618530273,8.733332633972168,8.96166706085205,8.96166706085205,15318600
2012-09-17,8.975000381469727,9.050000190734863,8.854999542236328,8.869999885559082,8.869999885559082,13920000
2012-09-18,8.841667175292969,8.858332633972168,8.688332557678223,8.729999542236328,8.729999542236328,13285800
2012-09-19,8.726667404174805,9.098333358764648,8.726667404174805,8.958333015441895,8.958333015441895,14998800
2012-09-20,8.960000038146973,9.401666641235352,8.958333015441895,9.25333309173584,9.25333309173584,17573400
2012-09-21,9.345000267028809,9.386667251586914,9.0600004196167,9.116666793823242,9.116666793823242,21455400
2012-09-24,9.021666526794434,9.104999542236328,8.9350004196167,9.066666603088379,9.066666603088379,13421400
2012-09-25,9.091667175292969,9.140000343322754,8.989999771118164,8.998332977294922,8.998332977294922,10676400
2012-09-26,8.978333473205566,9.0649995803833,8.866666793823242,8.885000228881836,8.885000228881836,10723800
2012-09-27,8.895000457763672,8.993332862854004,8.80666732788086,8.90666675567627,8.90666675567627,7491000
2012-09-28,8.916666984558105,9.050000190734863,8.885000228881836,9.010000228881836,9.010000228881836,10073400
2012-10-01,9.048333168029785,9.326666831970215,9.00333309173584,9.171667098999023,9.171667098999023,14029800
2012-10-02,9.216667175292969,9.223333358764648,9.05666732788086,9.114999771118164,9.114999771118164,8586600
2012-10-03,9.136667251586914,9.220000267028809,9.016667366027832,9.063332557678223,9.063332557678223,8226600
2012-10-04,9.083333015441895,9.28833293914795,9.03166675567627,9.229999542236328,9.229999542236328,7853400
2012-10-05,9.28166675567627,9.541666984558105,9.229999542236328,9.505000114440918,9.505000114440918,11496000
2012-10-08,9.46500015258789,9.526666641235352,9.44333267211914,9.498332977294922,9.498332977294922,8292000
2012-10-09,9.446666717529297,9.539999961853027,9.416666984558105,9.456666946411133,9.456666946411133,10105800
2012-10-10,8.936667442321777,9.175000190734863,8.916666984558105,8.938332557678223,8.938332557678223,21450000
2012-10-11,9.081666946411133,9.126667022705078,9.016667366027832,9.073332786560059,9.073332786560059,12875400
2012-10-12,9.074999809265137,9.541666984558105,9.06833267211914,9.513333320617676,9.513333320617676,22376400
2012-10-15,9.583333015441895,9.731666564941406,9.539999961853027,9.71833324432373,9.71833324432373,15625200
2012-10-16,9.774999618530273,9.845000267028809,9.708333015441895,9.736666679382324,9.736666679382324,10955400
2012-10-17,9.765000343322754,9.793333053588867,9.515000343322754,9.529999732971191,9.529999732971191,8226600
2012-10-18,9.5649995803833,9.566666603088379,9.301667213439941,9.338333129882812,9.338333129882812,12186600
2012-10-19,9.331666946411133,9.333333015441895,8.75333309173584,8.886667251586914,8.886667251586914,20137200
2012-10-22,8.90999984741211,8.923333168029785,7.266666889190674,7.62166690826416,7.62166690826416,130982400
2012-10-23,7.425000190734863,7.433332920074463,6.676667213439941,6.8466668128967285,6.8466668128967285,115570200
2012-10-24,7.163332939147949,8.024999618530273,7.099999904632568,7.994999885559082,7.994999885559082,76578600
2012-10-25,7.968332767486572,8.011667251586914,7.703332901000977,7.84833288192749,7.84833288192749,30768000
2012-10-26,7.795000076293945,7.84833288192749,7.400000095367432,7.6433329582214355,7.6433329582214355,22588800
2012-10-31,7.635000228881836,7.6616668701171875,7.343332767486572,7.441667079925537,7.441667079925537,15544800
2012-11-01,7.451666831970215,7.5966668128967285,7.184999942779541,7.498332977294922,7.498332977294922,16723200
2012-11-02,7.300000190734863,7.491666793823242,7.144999980926514,7.3383331298828125,7.3383331298828125,15296400
2012-11-05,7.3333330154418945,7.550000190734863,7.296667098999023,7.506667137145996,7.506667137145996,11941800
2012-11-06,7.531667232513428,7.618332862854004,7.40166711807251,7.514999866485596,7.514999866485596,12078600
2012-11-07,7.4166669845581055,7.623332977294922,7.34833288192749,7.494999885559082,7.494999885559082,21836400
2012-11-08,6.715000152587891,7.5,6.664999961853027,7.400000095367432,7.400000095367432,49003800
2012-11-09,7.368332862854004,7.59833288192749,7.341667175292969,7.543333053588867,7.543333053588867,14010600
2012-11-12,7.605000019073486,7.6066670417785645,7.494999885559082,7.52666711807251,7.52666711807251,12120000
2012-11-13,7.546667098999023,7.7916669845581055,7.5283331871032715,7.7316670417785645,7.7316670417785645,12664800
2012-11-14,7.736667156219482,7.736667156219482,7.446667194366455,7.456666946411133,7.456666946411133,10689600
2012-11-15,7.1066670417785645,7.489999771118164,7.073332786560059,7.468332767486572,7.468332767486572,26449200
2012-11-16,7.468332767486572,7.784999847412109,7.425000190734863,7.578332901000977,7.578332901000977,19580400
2012-11-19,7.675000190734863,7.738333225250244,7.434999942779541,7.538332939147949,7.538332939147949,13090800
2012-11-20,7.5233330726623535,7.62833309173584,7.349999904632568,7.4816670417785645,7.4816670417785645,13284600
2012-11-21,7.519999980926514,7.646667003631592,7.445000171661377,7.623332977294922,7.623332977294922,7798800
2012-11-23,7.630000114440918,7.6666669845581055,7.539999961853027,7.656667232513428,7.656667232513428,3493200
2012-11-26,7.6533331871032715,7.706666946411133,7.611667156219482,7.646667003631592,7.646667003631592,8430600
2012-11-27,7.6433329582214355,8.864999771118164,7.593332767486572,8.661666870117188,8.661666870117188,79086000
2012-11-28,8.636667251586914,8.640000343322754,8.33666706085205,8.5600004196167,8.5600004196167,25371600
2012-11-29,8.676667213439941,8.731666564941406,8.518333435058594,8.614999771118164,8.614999771118164,10782000
2012-11-30,8.649999618530273,8.71833324432373,8.551667213439941,8.675000190734863,8.675000190734863,12842400
2012-12-03,8.728333473205566,8.760000228881836,8.59000015258789,8.646666526794434,8.646666526794434,9726600
2012-12-04,8.646666526794434,8.696666717529297,8.471667289733887,8.609999656677246,8.609999656677246,10474800
2012-12-05,8.641667366027832,8.758333206176758,8.585000038146973,8.604999542236328,8.604999542236328,10077000
2012-12-06,8.649999618530273,8.671667098999023,8.5,8.641667366027832,8.641667366027832,13014600
2012-12-07,8.654999732971191,8.816666603088379,8.53499984741211,8.796667098999023,8.796667098999023,8230200
2012-12-10,8.838333129882812,8.99666690826416,8.738332748413086,8.80666732788086,8.80666732788086,12229200
2012-12-11,9.100000381469727,9.40999984741211,8.970000267028809,9.151666641235352,9.151666641235352,23611800
2012-12-12,9.229999542236328,9.5600004196167,9.166666984558105,9.466667175292969,9.466667175292969,23880600
2012-12-13,9.441666603088379,9.493332862854004,9.095000267028809,9.114999771118164,9.114999771118164,14430000
2012-12-14,9.104999542236328,9.113332748413086,8.87833309173584,8.896666526794434,8.896666526794434,14217600
2012-12-17,8.91333293914795,8.973333358764648,8.779999732971191,8.793333053588867,8.793333053588867,14917800
2012-12-18,8.816666603088379,8.979999542236328,8.6850004196167,8.918333053588867,8.918333053588867,12089400
2012-12-19,8.908332824707031,8.946666717529297,8.703332901000977,8.84333324432373,8.84333324432373,7638000
2012-12-20,8.864999771118164,8.901666641235352,8.651666641235352,8.686667442321777,8.686667442321777,8068800
2012-12-21,8.598333358764648,8.734999656677246,8.46833324432373,8.68166732788086,8.68166732788086,15480600
2012-12-24,8.678333282470703,8.741666793823242,8.583333015441895,8.736666679382324,8.736666679382324,2749800
2012-12-26,8.725000381469727,8.78833293914795,8.645000457763672,8.670000076293945,8.670000076293945,3745800
2012-12-27,8.69333267211914,8.778332710266113,8.606666564941406,8.703332901000977,8.703332901000977,5577000
2012-12-28,8.641667366027832,8.720000267028809,8.62833309173584,8.646666526794434,8.646666526794434,3612000
2012-12-31,8.645000457763672,8.833333015441895,8.623332977294922,8.80666732788086,8.80666732788086,7015200
2013-01-02,8.949999809265137,9.05666732788086,8.896666526794434,9.03833293914795,9.03833293914795,12178200
2013-01-03,9.010000228881836,9.033332824707031,8.65999984741211,8.701666831970215,8.701666831970215,12885600
2013-01-04,8.710000038146973,8.800000190734863,8.640000343322754,8.648332595825195,8.648332595825195,9684600
2013-01-07,8.651666641235352,8.721667289733887,8.176667213439941,8.34333324432373,8.34333324432373,21012600
2013-01-08,8.34333324432373,8.470000267028809,8.220000267028809,8.454999923706055,8.454999923706055,12936600
2013-01-09,8.475000381469727,8.475000381469727,8.311667442321777,8.388333320617676,8.388333320617676,5792400
2013-01-10,8.466667175292969,8.466667175292969,7.99666690826416,8.126667022705078,8.126667022705078,14666400
2013-01-11,8.141667366027832,8.510000228881836,8.133333206176758,8.486666679382324,8.486666679382324,13538400
2013-01-14,8.385000228881836,8.486666679382324,8.300000190734863,8.46166706085205,8.46166706085205,8382000
2013-01-15,8.460000038146973,8.5649995803833,8.418333053588867,8.508333206176758,8.508333206176758,6737400
2013-01-16,8.463333129882812,8.515000343322754,8.338333129882812,8.425000190734863,8.425000190734863,6780600
2013-01-17,8.473333358764648,8.494999885559082,8.140000343322754,8.30666732788086,8.30666732788086,16668000
2013-01-18,8.31833267211914,8.324999809265137,7.633333206176758,7.96999979019165,7.96999979019165,35643000
2013-01-22,7.986667156219482,8.104999542236328,7.828332901000977,8.09000015258789,8.09000015258789,13617600
2013-01-23,8.126667022705078,8.16333293914795,7.956666946411133,8.010000228881836,8.010000228881836,10529400
2013-01-24,8.091667175292969,8.136667251586914,7.818333148956299,7.87833309173584,7.87833309173584,10100400
2013-01-25,7.894999980926514,7.97333288192749,7.756667137145996,7.784999847412109,7.784999847412109,9442200
2013-01-28,7.818333148956299,7.965000152587891,7.7866668701171875,7.908332824707031,7.908332824707031,7900800
2013-01-29,7.938333034515381,8.041666984558105,7.843332767486572,7.873332977294922,7.873332977294922,10693200
2013-01-30,7.886666774749756,8.149999618530273,7.875,8.029999732971191,8.029999732971191,8514000
2013-01-31,7.9816670417785645,8.063332557678223,7.816667079925537,7.983333110809326,7.983333110809326,9706200
2013-02-01,8.063332557678223,8.109999656677246,7.883333206176758,7.941667079925537,7.941667079925537,11120400
2013-02-04,7.925000190734863,8.001667022705078,7.873332977294922,7.933332920074463,7.933332920074463,7060800
2013-02-05,8.008333206176758,8.158332824707031,7.906667232513428,8.055000305175781,8.055000305175781,10194000
2013-02-06,8.026666641235352,8.369999885559082,8.026666641235352,8.241666793823242,8.241666793823242,10092000
2013-02-07,8.268333435058594,8.283332824707031,7.9766669273376465,8.024999618530273,8.024999618530273,9757800
2013-02-08,8.046667098999023,8.088333129882812,7.743332862854004,7.806666851043701,7.806666851043701,13138800
2013-02-11,7.824999809265137,7.961667060852051,7.7783331871032715,7.908332824707031,7.908332824707031,7174800
2013-02-12,7.90166711807251,7.925000190734863,7.755000114440918,7.793333053588867,7.793333053588867,7131600
2013-02-13,7.7783331871032715,8.220000267028809,7.658332824707031,7.948332786560059,7.948332786560059,19333800
2013-02-14,7.948332786560059,8.026666641235352,7.743332862854004,7.948332786560059,7.948332786560059,12087000
2013-02-15,7.9033331871032715,8.646666526794434,7.8466668128967285,8.513333320617676,8.513333320617676,41102400
2013-02-19,8.44333267211914,8.463333129882812,8.171667098999023,8.279999732971191,8.279999732971191,16012800
2013-02-20,8.276666641235352,8.494999885559082,8.186667442321777,8.444999694824219,8.444999694824219,13824000
2013-02-21,8.408332824707031,8.600000381469727,8.1850004196167,8.293333053588867,8.293333053588867,13656000
2013-02-22,8.30666732788086,8.59333324432373,8.300000190734863,8.448332786560059,8.448332786560059,8073000
2013-02-25,8.505000114440918,8.596667289733887,8.271666526794434,8.273332595825195,8.273332595825195,9625200
2013-02-26,8.286666870117188,8.323332786560059,8.043333053588867,8.158332824707031,8.158332824707031,8894400
2013-02-27,8.135000228881836,8.375,8.063332557678223,8.270000457763672,8.270000457763672,15608400
2013-02-28,8.773332595825195,8.979999542236328,8.376667022705078,8.40999984741211,8.40999984741211,39705600
2013-03-01,8.356666564941406,8.501667022705078,8.175000190734863,8.44333267211914,8.44333267211914,16489200
2013-03-04,8.385000228881836,8.385000228881836,8.1899995803833,8.301667213439941,8.301667213439941,12112800
2013-03-05,8.308333396911621,8.37833309173584,8.126667022705078,8.175000190734863,8.175000190734863,11636400
2013-03-06,8.188332557678223,8.21833324432373,8.036666870117188,8.113332748413086,8.113332748413086,10685400
2013-03-07,8.180000305175781,8.188332557678223,7.943333148956299,7.9583330154418945,7.9583330154418945,14464800
2013-03-08,8.013333320617676,8.028332710266113,7.873332977294922,7.889999866485596,7.889999866485596,10369800
2013-03-11,7.873332977294922,7.900000095367432,7.639999866485596,7.84833288192749,7.84833288192749,14514000
2013-03-12,7.816667079925537,7.861667156219482,7.563333034515381,7.698332786560059,7.698332786560059,14858400
2013-03-13,7.75,7.9766669273376465,7.711667060852051,7.84833288192749,7.84833288192749,13792200
2013-03-14,7.84499979019165,7.946667194366455,7.78000020980835,7.855000019073486,7.855000019073486,7502400
2013-03-15,7.863333225250244,8.085000038146973,7.828332901000977,8.063332557678223,8.063332557678223,24073800
2013-03-18,8.013333320617676,8.028332710266113,7.933332920074463,8.020000457763672,8.020000457763672,10801800
2013-03-19,8.053333282470703,8.386667251586914,8.03833293914795,8.286666870117188,8.286666870117188,18652800
2013-03-20,8.323332786560059,8.515000343322754,8.283332824707031,8.5,8.5,8967600
2013-03-21,8.423333168029785,8.50333309173584,8.338333129882812,8.391667366027832,8.391667366027832,9561000
2013-03-22,8.125,8.351667404174805,8.010000228881836,8.083333015441895,8.083333015441895,17971800
2013-03-25,8.118332862854004,8.145000457763672,8.010000228881836,8.063332557678223,8.063332557678223,9662400
2013-03-26,8.100000381469727,8.171667098999023,8.0600004196167,8.138333320617676,8.138333320617676,7210200
2013-03-27,8.06833267211914,8.106666564941406,7.900000095367432,8.001667022705078,8.001667022705078,10407000
2013-03-28,8.008333206176758,8.013333320617676,7.873332977294922,7.956666946411133,7.956666946411133,9250800
2013-04-01,7.956666946411133,8.010000228881836,7.860000133514404,7.943333148956299,7.943333148956299,7198800
2013-04-02,7.985000133514404,8.199999809265137,7.936666965484619,8.101667404174805,8.101667404174805,10492200
2013-04-03,8.061667442321777,8.138333320617676,7.9716668128967285,8.046667098999023,8.046667098999023,8527800
2013-04-04,8.083333015441895,8.383333206176758,8.029999732971191,8.380000114440918,8.380000114440918,16533600
2013-04-05,8.261667251586914,8.373332977294922,8.191666603088379,8.279999732971191,8.279999732971191,10923600
2013-04-08,8.311667442321777,8.694999694824219,8.279999732971191,8.668333053588867,8.668333053588867,19797000
2013-04-09,8.716667175292969,8.946666717529297,8.645000457763672,8.778332710266113,8.778332710266113,17143800
2013-04-10,8.761667251586914,9.243332862854004,8.761667251586914,9.131667137145996,9.131667137145996,16059600
2013-04-11,9.178333282470703,9.321666717529297,9.133333206176758,9.3100004196167,9.3100004196167,14491200
2013-04-12,9.321666717529297,9.489999771118164,9.175000190734863,9.458333015441895,9.458333015441895,11936400
2013-04-15,9.4399995803833,9.598333358764648,9.21166706085205,9.220000267028809,9.220000267028809,13958400
2013-04-16,9.24666690826416,9.46166706085205,9.210000038146973,9.414999961853027,9.414999961853027,9809400
2013-04-17,9.346667289733887,9.638333320617676,9.238332748413086,9.279999732971191,9.279999732971191,12231600
2013-04-18,9.258333206176758,9.441666603088379,9.158332824707031,9.203332901000977,9.203332901000977,7885800
2013-04-19,9.149999618530273,9.390000343322754,9.118332862854004,9.28499984741211,9.28499984741211,7675800
2013-04-22,9.276666641235352,9.381667137145996,9.213333129882812,9.265000343322754,9.265000343322754,9118800
2013-04-23,9.31833267211914,9.550000190734863,9.293333053588867,9.448332786560059,9.448332786560059,8209200
2013-04-24,9.489999771118164,9.761667251586914,9.489999771118164,9.581666946411133,9.581666946411133,16030800
2013-04-25,9.625,9.66333293914795,9.456666946411133,9.476667404174805,9.476667404174805,13252800
2013-04-26,9.416666984558105,9.518333435058594,9.40999984741211,9.441666603088379,9.441666603088379,6775800
2013-04-29,9.441666603088379,9.466667175292969,9.381667137145996,9.416666984558105,9.416666984558105,5776800
2013-04-30,9.396666526794434,9.473333358764648,9.241666793823242,9.399999618530273,9.399999618530273,7663200
2013-05-01,9.243332862854004,9.376667022705078,9.146666526794434,9.319999694824219,9.319999694824219,11553600
2013-05-02,9.286666870117188,9.416666984558105,9.241666793823242,9.25,9.25,6081600
2013-05-03,9.328332901000977,9.71500015258789,9.328332901000977,9.573332786560059,9.573332786560059,8461800
2013-05-06,9.546667098999023,9.566666603088379,9.223333358764648,9.363332748413086,9.363332748413086,11587800
2013-05-07,9.375,9.543333053588867,9.286666870117188,9.524999618530273,9.524999618530273,10263000
2013-05-08,9.53499984741211,9.630000114440918,9.385000228881836,9.494999885559082,9.494999885559082,21033000
2013-05-09,8.541666984558105,9.001667022705078,8.458333015441895,9.001667022705078,9.001667022705078,56634000
2013-05-10,9.0,9.061667442321777,8.851667404174805,9.03833293914795,9.03833293914795,17023800
2013-05-13,8.949999809265137,9.145000457763672,8.80666732788086,8.971667289733887,8.971667289733887,19346400
2013-05-14,9.208333015441895,9.460000038146973,9.083333015441895,9.403332710266113,9.403332710266113,18938400
2013-05-15,9.383333206176758,9.648332595825195,9.331666946411133,9.633333206176758,9.633333206176758,12793200
2013-05-16,9.601667404174805,9.805000305175781,9.528332710266113,9.53499984741211,9.53499984741211,12023400
2013-05-17,9.583333015441895,9.59000015258789,9.348333358764648,9.484999656677246,9.484999656677246,8932800
2013-05-20,9.418333053588867,9.473333358764648,9.289999961853027,9.37833309173584,9.37833309173584,7724400
2013-05-21,9.37833309173584,9.481666564941406,9.319999694824219,9.404999732971191,9.404999732971191,12181200
2013-05-22,9.541666984558105,9.890000343322754,9.438332557678223,9.479999542236328,9.479999542236328,13189200
2013-05-23,9.448332786560059,9.493332862854004,9.335000038146973,9.458333015441895,9.458333015441895,7306800
2013-05-24,9.396666526794434,9.418333053588867,9.251667022705078,9.31833267211914,9.31833267211914,6523800
2013-05-28,9.408332824707031,9.478333473205566,9.208333015441895,9.248332977294922,9.248332977294922,6388800
2013-05-29,9.196666717529297,9.248332977294922,9.03833293914795,9.145000457763672,9.145000457763672,7462200
2013-05-30,9.176667213439941,9.260000228881836,9.125,9.136667251586914,9.136667251586914,5770800
2013-05-31,9.126667022705078,9.273332595825195,9.085000038146973,9.098333358764648,9.098333358764648,9145200
2013-06-03,9.071666717529297,9.136667251586914,8.928333282470703,8.993332862854004,8.993332862854004,10964400
2013-06-04,9.380000114440918,9.96500015258789,9.289999961853027,9.933333396911621,9.933333396911621,33546600
2013-06-05,9.880000114440918,10.24666690826416,9.713333129882812,9.770000457763672,9.770000457763672,23247600
2013-06-06,9.800000190734863,9.994999885559082,9.725000381469727,9.956666946411133,9.956666946411133,12659400
2013-06-07,9.970000267028809,10.390000343322754,9.93166732788086,10.270000457763672,10.270000457763672,19469400
2013-06-10,10.30666732788086,10.386667251586914,10.21833324432373,10.366666793823242,10.366666793823242,6955200
2013-06-11,10.271666526794434,10.404999732971191,10.216667175292969,10.228333473205566,10.228333473205566,6027600
2013-06-12,10.293333053588867,10.414999961853027,10.28166675567627,10.316666603088379,10.316666603088379,7366800
2013-06-13,10.28499984741211,10.350000381469727,10.216667175292969,10.333333015441895,10.333333015441895,8708400
2013-06-14,10.278332710266113,10.489999771118164,9.78499984741211,9.876667022705078,9.876667022705078,16423800
2013-06-17,9.946666717529297,10.203332901000977,9.864999771118164,9.9350004196167,9.9350004196167,11307600
2013-06-18,9.998332977294922,10.058333396911621,9.861666679382324,9.938332557678223,9.938332557678223,6446400
2013-06-19,9.930000305175781,10.12833309173584,9.713333129882812,9.726667404174805,9.726667404174805,9066600
2013-06-20,9.626667022705078,9.654999732971191,9.316666603088379,9.34000015258789,9.34000015258789,8249400
2013-06-21,9.353333473205566,9.478333473205566,9.098333358764648,9.369999885559082,9.369999885559082,17733600
2013-06-24,9.34333324432373,9.533332824707031,9.25333309173584,9.470000267028809,9.470000267028809,10023600
2013-06-25,9.533332824707031,9.62833309173584,9.471667289733887,9.533332824707031,9.533332824707031,6333000
2013-06-26,9.58666706085205,9.721667289733887,9.5649995803833,9.625,9.625,5067000
2013-06-27,9.668333053588867,9.951666831970215,9.666666984558105,9.941666603088379,9.941666603088379,7354800
2013-06-28,10.015000343322754,10.303333282470703,9.973333358764648,10.138333320617676,10.138333320617676,17829600
2013-07-01,10.183333396911621,10.30666732788086,10.100000381469727,10.136667251586914,10.136667251586914,7990800
2013-07-02,10.048333168029785,10.126667022705078,9.976667404174805,10.066666603088379,10.066666603088379,6657600
2013-07-03,10.021666526794434,10.096667289733887,9.926667213439941,10.041666984558105,10.041666984558105,3201000
2013-07-05,10.131667137145996,10.16333293914795,9.976667404174805,10.098333358764648,10.098333358764648,2859000
2013-07-08,10.188332557678223,10.220000267028809,10.048333168029785,10.103333473205566,10.103333473205566,4726800
2013-07-09,10.136667251586914,10.228333473205566,9.951666831970215,9.963333129882812,9.963333129882812,5611200
2013-07-10,9.936667442321777,10.020000457763672,9.858332633972168,9.933333396911621,9.933333396911621,6418200
2013-07-11,10.050000190734863,10.161666870117188,9.991666793823242,10.074999809265137,10.074999809265137,6397200
2013-07-12,10.091667175292969,10.164999961853027,9.904999732971191,9.976667404174805,9.976667404174805,6993000
2013-07-15,10.149999618530273,10.191666603088379,10.073332786560059,10.133333206176758,10.133333206176758,9394800
2013-07-16,10.149999618530273,10.173333168029785,10.061667442321777,10.104999542236328,10.104999542236328,6934800
2013-07-17,10.148332595825195,10.625,10.148332595825195,10.453332901000977,10.453332901000977,13161600
2013-07-18,10.626667022705078,10.626667022705078,10.383333206176758,10.543333053588867,10.543333053588867,7112400
2013-07-19,10.566666603088379,10.609999656677246,10.399999618530273,10.5649995803833,10.5649995803833,6450600
2013-07-22,10.65999984741211,10.805000305175781,10.630000114440918,10.771666526794434,10.771666526794434,9570600
2013-07-23,10.768333435058594,10.813332557678223,10.648332595825195,10.774999618530273,10.774999618530273,5768400
2013-07-24,10.774999618530273,10.80666732788086,10.398332595825195,10.53833293914795,10.53833293914795,7774800
2013-07-25,10.493332862854004,10.574999809265137,10.426667213439941,10.550000190734863,10.550000190734863,4194600
2013-07-26,10.446666717529297,10.529999732971191,10.331666946411133,10.479999542236328,10.479999542236328,3279000
2013-07-29,10.53833293914795,10.601667404174805,10.066666603088379,10.101667404174805,10.101667404174805,11219400
2013-07-30,10.15666675567627,10.266667366027832,10.024999618530273,10.045000076293945,10.045000076293945,12546600
2013-07-31,10.119999885559082,10.28166675567627,10.073332786560059,10.164999961853027,10.164999961853027,14675400
2013-08-01,10.236666679382324,10.493332862854004,10.236666679382324,10.420000076293945,10.420000076293945,7339800
2013-08-02,10.441666603088379,10.578332901000977,10.423333168029785,10.561667442321777,10.561667442321777,4716000
2013-08-05,10.573332786560059,10.601667404174805,10.40666675567627,10.573332786560059,10.573332786560059,3871800
2013-08-06,10.561667442321777,10.604999542236328,10.404999732971191,10.49666690826416,10.49666690826416,6262200
2013-08-07,10.46500015258789,10.561667442321777,10.404999732971191,10.40999984741211,10.40999984741211,9476400
2013-08-08,10.466667175292969,10.608332633972168,10.404999732971191,10.578332901000977,10.578332901000977,14110800
2013-08-09,10.666666984558105,11.020000457763672,10.606666564941406,10.616666793823242,10.616666793823242,27754800
2013-08-12,10.543333053588867,10.545000076293945,10.183333396911621,10.460000038146973,10.460000038146973,12138000
2013-08-13,10.524999618530273,10.59000015258789,10.270000457763672,10.300000190734863,10.300000190734863,7612200
2013-08-14,10.273332595825195,10.298333168029785,10.0649995803833,10.095000267028809,10.095000267028809,8203800
2013-08-15,10.005000114440918,10.029999732971191,9.755000114440918,9.763333320617676,9.763333320617676,8628600
2013-08-16,9.729999542236328,9.798333168029785,9.604999542236328,9.706666946411133,9.706666946411133,6829200
2013-08-19,9.706666946411133,9.888333320617676,9.664999961853027,9.851667404174805,9.851667404174805,7020600
2013-08-20,9.845000267028809,9.93166732788086,9.774999618530273,9.873332977294922,9.873332977294922,6403800
2013-08-21,9.861666679382324,9.963333129882812,9.808333396911621,9.831666946411133,9.831666946411133,6564000
2013-08-22,9.819999694824219,10.026666641235352,9.811667442321777,10.015000343322754,10.015000343322754,3166800
2013-08-23,10.055000305175781,10.19333267211914,9.883333206176758,9.933333396911621,9.933333396911621,9538200
2013-08-26,9.921667098999023,9.994999885559082,9.776666641235352,9.831666946411133,9.831666946411133,5496600
2013-08-27,9.71500015258789,9.761667251586914,9.651666641235352,9.66333293914795,9.66333293914795,5240400
2013-08-28,9.664999961853027,9.738332748413086,9.59000015258789,9.609999656677246,9.609999656677246,4786800
2013-08-29,9.571666717529297,9.648332595825195,9.488332748413086,9.49666690826416,9.49666690826416,5680800
2013-08-30,9.543333053588867,9.583333015441895,9.463333129882812,9.5649995803833,9.5649995803833,5641200
2013-09-03,9.69333267211914,9.698332786560059,8.989999771118164,9.00333309173584,9.00333309173584,27336600
2013-09-04,8.958333015441895,9.444999694824219,8.921667098999023,9.341667175292969,9.341667175292969,16129200
2013-09-05,9.37166690826416,9.414999961853027,9.295000076293945,9.356666564941406,9.356666564941406,5967600
2013-09-06,9.411666870117188,9.411666870117188,9.186667442321777,9.208333015441895,9.208333015441895,6612000
2013-09-09,9.183333396911621,9.388333320617676,9.148332595825195,9.369999885559082,9.369999885559082,7377000
2013-09-10,9.423333168029785,9.423333168029785,9.298333168029785,9.338333129882812,9.338333129882812,6380400
2013-09-11,9.295000076293945,9.373332977294922,9.210000038146973,9.25333309173584,9.25333309173584,8845800
2013-09-12,9.223333358764648,9.238332748413086,9.148332595825195,9.183333396911621,9.183333396911621,5715600
2013-09-13,9.191666603088379,9.225000381469727,9.05666732788086,9.175000190734863,9.175000190734863,5977200
2013-09-16,9.301667213439941,9.43166732788086,9.248332977294922,9.291666984558105,9.291666984558105,4428600
2013-09-17,9.329999923706055,9.636667251586914,9.301667213439941,9.505000114440918,9.505000114440918,6816600
2013-09-18,9.506667137145996,9.694999694824219,9.414999961853027,9.671667098999023,9.671667098999023,7373400
2013-09-19,9.708333015441895,9.789999961853027,9.351667404174805,9.361666679382324,9.361666679382324,11311800
2013-09-20,9.273332595825195,9.33666706085205,8.975000381469727,9.316666603088379,9.316666603088379,34071600
2013-09-23,9.145000457763672,9.303333282470703,9.05666732788086,9.143333435058594,9.143333435058594,9068400
2013-09-24,9.213333129882812,9.263333320617676,9.096667289733887,9.123332977294922,9.123332977294922,5667600
2013-09-25,9.100000381469727,9.203332901000977,8.991666793823242,9.05666732788086,9.05666732788086,4936800
2013-09-26,9.066666603088379,9.149999618530273,8.84333324432373,8.928333282470703,8.928333282470703,7582200
2013-09-27,8.901666641235352,8.9350004196167,8.795000076293945,8.845000267028809,8.845000267028809,6228000
2013-09-30,8.816666603088379,8.829999923706055,8.641667366027832,8.708333015441895,8.708333015441895,10145400
2013-10-01,8.738332748413086,8.773332595825195,8.668333053588867,8.766667366027832,8.766667366027832,10020000
2013-10-02,8.661666870117188,8.708333015441895,8.618332862854004,8.703332901000977,8.703332901000977,12307200
2013-10-03,8.68166732788086,8.691666603088379,8.603333473205566,8.625,8.625,10867800
2013-10-04,8.635000228881836,8.739999771118164,8.585000038146973,8.645000457763672,8.645000457763672,11257200
2013-10-07,8.56833267211914,8.670000076293945,8.524999618530273,8.608332633972168,8.608332633972168,8760600
2013-10-08,8.58666706085205,9.108332633972168,8.543333053588867,8.93166732788086,8.93166732788086,23241600
2013-10-09,8.920000076293945,9.081666946411133,8.821666717529297,8.876667022705078,8.876667022705078,16886400
2013-10-10,8.936667442321777,8.981666564941406,8.821666717529297,8.975000381469727,8.975000381469727,5784600
2013-10-11,8.93166732788086,8.989999771118164,8.853333473205566,8.958333015441895,8.958333015441895,5729400
2013-10-14,8.891667366027832,9.233332633972168,8.87833309173584,9.188332557678223,9.188332557678223,8242200
2013-10-15,9.15999984741211,9.291666984558105,9.130000114440918,9.260000228881836,9.260000228881836,10531800
2013-10-16,9.30666732788086,9.473333358764648,9.279999732971191,9.411666870117188,9.411666870117188,9503400
2013-10-17,9.463333129882812,9.774999618530273,9.420000076293945,9.574999809265137,9.574999809265137,13821600
2013-10-18,9.658332824707031,9.765000343322754,9.533332824707031,9.619999885559082,9.619999885559082,10223400
2013-10-21,9.65999984741211,9.6899995803833,9.510000228881836,9.571666717529297,9.571666717529297,8469600
2013-10-22,9.579999923706055,9.680000305175781,9.561667442321777,9.596667289733887,9.596667289733887,4789800
2013-10-23,9.515000343322754,9.619999885559082,9.451666831970215,9.456666946411133,9.456666946411133,5895600
2013-10-24,9.473333358764648,9.601667404174805,9.404999732971191,9.5600004196167,9.5600004196167,10051200
2013-10-25,9.604999542236328,9.728333473205566,9.573332786560059,9.691666603088379,9.691666603088379,4895400
2013-10-28,9.823332786560059,9.833333015441895,9.6899995803833,9.75,9.75,6339600
2013-10-29,9.786666870117188,9.829999923706055,9.671667098999023,9.755000114440918,9.755000114440918,6265800
2013-10-30,9.720000267028809,9.819999694824219,9.583333015441895,9.666666984558105,9.666666984558105,4248600
2013-10-31,9.65999984741211,9.699999809265137,9.524999618530273,9.53833293914795,9.53833293914795,5875800
2013-11-01,9.591667175292969,9.616666793823242,9.408332824707031,9.448332786560059,9.448332786560059,6219000
2013-11-04,9.460000038146973,9.555000305175781,9.43166732788086,9.449999809265137,9.449999809265137,6715800
2013-11-05,9.46833324432373,9.696666717529297,9.416666984558105,9.58666706085205,9.58666706085205,6454200
2013-11-06,9.585000038146973,9.666666984558105,9.476667404174805,9.638333320617676,9.638333320617676,7143000
2013-11-07,9.625,9.641667366027832,9.505000114440918,9.518333435058594,9.518333435058594,11299200
2013-11-08,9.31833267211914,9.613332748413086,9.06833267211914,9.19333267211914,9.19333267211914,19995600
2013-11-11,9.196666717529297,9.33666706085205,9.176667213439941,9.300000190734863,9.300000190734863,9010800
2013-11-12,9.258333206176758,9.423333168029785,9.239999771118164,9.331666946411133,9.331666946411133,9909600
2013-11-13,9.316666603088379,9.524999618530273,9.273332595825195,9.515000343322754,9.515000343322754,7484400
2013-11-14,9.545000076293945,9.691666603088379,9.515000343322754,9.619999885559082,9.619999885559082,6393600
2013-11-15,9.748332977294922,9.748332977294922,9.44333267211914,9.576666831970215,9.576666831970215,7201200
2013-11-18,9.606666564941406,9.658332824707031,9.49666690826416,9.505000114440918,9.505000114440918,7439400
2013-11-19,9.493332862854004,9.601667404174805,9.463333129882812,9.510000228881836,9.510000228881836,7653000
2013-11-20,9.515000343322754,9.573332786560059,9.456666946411133,9.475000381469727,9.475000381469727,8059200
2013-11-21,9.483332633972168,9.591667175292969,9.460000038146973,9.523332595825195,9.523332595825195,8332200
2013-11-22,9.511667251586914,9.579999923706055,9.486666679382324,9.553333282470703,9.553333282470703,10115400
2013-11-25,9.611666679382324,9.756667137145996,9.511667251586914,9.536666870117188,9.536666870117188,10422600
2013-11-26,9.618332862854004,9.833333015441895,9.595000267028809,9.800000190734863,9.800000190734863,15808800
2013-11-27,9.864999771118164,9.998332977294922,9.795000076293945,9.975000381469727,9.975000381469727,7101000
2013-11-29,10.0,10.041666984558105,9.846667289733887,9.863332748413086,9.863332748413086,3033000
2013-12-02,10.273332595825195,10.274999618530273,9.881667137145996,9.918333053588867,9.918333053588867,12728400
2013-12-03,9.859999656677246,10.229999542236328,9.859999656677246,10.21166706085205,10.21166706085205,14110800
2013-12-04,10.173333168029785,10.426667213439941,10.095000267028809,10.414999961853027,10.414999961853027,13588800
2013-12-05,10.364999771118164,10.421667098999023,10.196666717529297,10.381667137145996,10.381667137145996,8723400
2013-12-06,10.483332633972168,10.561667442321777,10.363332748413086,10.508333206176758,10.508333206176758,6309000
2013-12-09,10.506667137145996,10.550000190734863,10.448332786560059,10.518333435058594,10.518333435058594,4791000
2013-12-10,10.520000457763672,10.574999809265137,10.494999885559082,10.545000076293945,10.545000076293945,6468600
2013-12-11,10.59000015258789,10.595000267028809,10.436667442321777,10.448332786560059,10.448332786560059,5928000
2013-12-12,10.395000457763672,10.456666946411133,10.223333358764648,10.265000343322754,10.265000343322754,6994200
2013-12-13,10.321666717529297,10.380000114440918,10.21500015258789,10.243332862854004,10.243332862854004,5151000
2013-12-16,10.613332748413086,10.701666831970215,10.488332748413086,10.600000381469727,10.600000381469727,12078600
2013-12-17,10.283332824707031,10.670000076293945,10.276666641235352,10.5649995803833,10.5649995803833,9212400
2013-12-18,10.583333015441895,10.875,10.506667137145996,10.859999656677246,10.859999656677246,11219400
2013-12-19,10.901666641235352,11.091667175292969,10.771666526794434,11.039999961853027,11.039999961853027,11376000
2013-12-20,11.103333473205566,11.236666679382324,11.03166675567627,11.039999961853027,11.039999961853027,12839400
2013-12-23,11.071666717529297,11.226667404174805,11.0600004196167,11.1850004196167,11.1850004196167,8278200
2013-12-24,11.225000381469727,11.238332748413086,11.100000381469727,11.226667404174805,11.226667404174805,1774200
2013-12-26,11.204999923706055,11.286666870117188,11.158332824707031,11.243332862854004,11.243332862854004,3586200
2013-12-27,11.28833293914795,11.388333320617676,11.170000076293945,11.236666679382324,11.236666679382324,3111600
2013-12-30,11.260000228881836,11.369999885559082,11.238332748413086,11.300000190734863,11.300000190734863,3765600
2013-12-31,11.323332786560059,11.335000038146973,11.21500015258789,11.295000076293945,11.295000076293945,3508800
2014-01-02,11.313332557678223,11.331666946411133,11.108332633972168,11.130000114440918,11.130000114440918,9180600
2014-01-03,11.383333206176758,11.383333206176758,11.208333015441895,11.25333309173584,11.25333309173584,9709200
2014-01-06,11.244999885559082,11.291666984558105,11.074999809265137,11.076666831970215,11.076666831970215,13118400
2014-01-07,11.21166706085205,11.4350004196167,11.1850004196167,11.289999961853027,11.289999961853027,11219400
2014-01-08,11.361666679382324,11.58666706085205,11.354999542236328,11.398332595825195,11.398332595825195,15684600
2014-01-09,11.44333267211914,11.46166706085205,11.180000305175781,11.258333206176758,11.258333206176758,8235600
2014-01-10,11.274999618530273,11.734999656677246,11.21833324432373,11.636667251586914,11.636667251586914,19736400
2014-01-13,11.741666793823242,11.748332977294922,11.516667366027832,11.619999885559082,11.619999885559082,16212600
2014-01-14,11.640000343322754,11.640000343322754,11.458333015441895,11.536666870117188,11.536666870117188,7801200
2014-01-15,11.521666526794434,11.558333396911621,11.37833309173584,11.515000343322754,11.515000343322754,5227200
2014-01-16,11.555000305175781,11.635000228881836,11.494999885559082,11.59000015258789,11.59000015258789,3859800
2014-01-17,11.453332901000977,11.583333015441895,11.453332901000977,11.520000457763672,11.520000457763672,5018400
2014-01-21,11.588333129882812,11.716667175292969,11.541666984558105,11.630000114440918,11.630000114440918,7510200
2014-01-22,11.626667022705078,11.6850004196167,11.56833267211914,11.651666641235352,11.651666641235352,4761000
2014-01-23,11.548333168029785,11.625,11.399999618530273,11.506667137145996,11.506667137145996,5485200
2014-01-24,11.453332901000977,11.453332901000977,11.16333293914795,11.258333206176758,11.258333206176758,6771000
2014-01-27,11.289999961853027,11.350000381469727,11.194999694824219,11.286666870117188,11.286666870117188,9027600
2014-01-28,11.30666732788086,11.541666984558105,11.261667251586914,11.491666793823242,11.491666793823242,9421800
2014-01-29,11.428333282470703,11.436667442321777,11.268333435058594,11.295000076293945,11.295000076293945,7228800
2014-01-30,11.348333358764648,11.526666641235352,11.316666603088379,11.444999694824219,11.444999694824219,7293600
2014-01-31,11.16333293914795,11.414999961853027,11.051667213439941,11.316666603088379,11.316666603088379,7919400
2014-02-03,11.351667404174805,11.404999732971191,11.073332786560059,11.15666675567627,11.15666675567627,10996800
2014-02-04,11.21166706085205,11.265000343322754,11.09000015258789,11.231666564941406,11.231666564941406,8440200
2014-02-05,11.145000457763672,11.231666564941406,11.08666706085205,11.108332633972168,11.108332633972168,10924800
2014-02-06,11.164999961853027,11.40999984741211,11.100000381469727,11.33666706085205,11.33666706085205,9531600
2014-02-07,11.350000381469727,11.566666603088379,11.16333293914795,11.411666870117188,11.411666870117188,9872400
2014-02-10,11.303333282470703,11.795000076293945,11.19333267211914,11.78166675567627,11.78166675567627,8362800
2014-02-11,11.823332786560059,12.206666946411133,11.811667442321777,12.16333293914795,12.16333293914795,15078600
2014-02-12,12.216667175292969,12.216667175292969,11.925000190734863,11.966667175292969,11.966667175292969,10945800
2014-02-13,11.881667137145996,11.918333053588867,11.721667289733887,11.888333320617676,11.888333320617676,8886600
2014-02-14,11.833333015441895,11.978333473205566,11.800000190734863,11.93166732788086,11.93166732788086,5589000
2014-02-18,11.998332977294922,12.036666870117188,11.838333129882812,12.001667022705078,12.001667022705078,6723600
2014-02-19,11.971667289733887,12.198332786560059,11.90666675567627,12.191666603088379,12.191666603088379,7809000
2014-02-20,12.196666717529297,12.506667137145996,12.196666717529297,12.449999809265137,12.449999809265137,11912400
2014-02-21,12.526666641235352,12.56833267211914,12.375,12.46500015258789,12.46500015258789,10288200
2014-02-24,12.5,12.604999542236328,12.40666675567627,12.420000076293945,12.420000076293945,11507400
2014-02-25,12.255000114440918,12.291666984558105,11.859999656677246,11.898332595825195,11.898332595825195,15132000
2014-02-26,11.93166732788086,11.981666564941406,11.819999694824219,11.833333015441895,11.833333015441895,8216400
2014-02-27,12.006667137145996,12.011667251586914,11.78166675567627,11.859999656677246,11.859999656677246,12622800
2014-02-28,12.446666717529297,12.581666946411133,12.133333206176758,12.333333015441895,12.333333015441895,25474200
2014-03-03,12.223333358764648,12.319999694824219,12.03499984741211,12.098333358764648,12.098333358764648,12388200
2014-03-04,12.135000228881836,12.425000190734863,12.135000228881836,12.411666870117188,12.411666870117188,14382000
2014-03-05,12.363332748413086,12.37166690826416,12.21500015258789,12.239999771118164,12.239999771118164,7623600
2014-03-06,12.321666717529297,12.361666679382324,12.130000114440918,12.140000343322754,12.140000343322754,7121400
2014-03-07,12.154999732971191,12.265000343322754,12.088333129882812,12.231666564941406,12.231666564941406,8716200
2014-03-10,12.220000267028809,12.256667137145996,12.143333435058594,12.220000267028809,12.220000267028809,4514400
2014-03-11,12.183333396911621,12.33666706085205,12.149999618530273,12.283332824707031,12.283332824707031,7983000
2014-03-12,12.186667442321777,12.25333309173584,12.109999656677246,12.213333129882812,12.213333129882812,4713600
2014-03-13,12.251667022705078,12.266667366027832,11.619999885559082,11.691666603088379,11.691666603088379,12428400
2014-03-14,11.680000305175781,11.821666717529297,11.664999961853027,11.676667213439941,11.676667213439941,7928400
2014-03-17,11.761667251586914,11.885000228881836,11.6850004196167,11.81833267211914,11.81833267211914,9486000
2014-03-18,11.835000038146973,11.93166732788086,11.80666732788086,11.831666946411133,11.831666946411133,4972200
2014-03-19,11.850000381469727,11.916666984558105,11.539999961853027,11.603333473205566,11.603333473205566,6846600
2014-03-20,11.529999732971191,11.66333293914795,11.486666679382324,11.608332633972168,11.608332633972168,5028600
2014-03-21,11.748332977294922,11.816666603088379,11.4399995803833,11.471667289733887,11.471667289733887,12768600
2014-03-24,11.513333320617676,11.546667098999023,11.286666870117188,11.3149995803833,11.3149995803833,8728200
2014-03-25,11.418333053588867,11.546667098999023,11.3100004196167,11.366666793823242,11.366666793823242,7153800
2014-03-26,11.398332595825195,11.498332977294922,11.361666679382324,11.363332748413086,11.363332748413086,5688000
2014-03-27,11.369999885559082,11.486666679382324,11.345000267028809,11.426667213439941,11.426667213439941,6237600
2014-03-28,11.515000343322754,11.626667022705078,11.454999923706055,11.581666946411133,11.581666946411133,4700400
2014-03-31,11.65666675567627,11.729999542236328,11.5649995803833,11.574999809265137,11.574999809265137,7415400
2014-04-01,11.623332977294922,11.920000076293945,11.59000015258789,11.841667175292969,11.841667175292969,7486800
2014-04-02,11.823332786560059,11.869999885559082,11.595000267028809,11.608332633972168,11.608332633972168,5083800
2014-04-03,11.598333358764648,11.62166690826416,11.326666831970215,11.335000038146973,11.335000038146973,8309400
2014-04-04,11.373332977294922,11.478333473205566,11.096667289733887,11.109999656677246,11.109999656677246,11058600
2014-04-07,11.066666603088379,11.208333015441895,10.951666831970215,11.138333320617676,11.138333320617676,7492800
2014-04-08,11.118332862854004,11.166666984558105,10.904999732971191,10.975000381469727,10.975000381469727,7659000
2014-04-09,11.036666870117188,11.513333320617676,10.971667289733887,11.481666564941406,11.481666564941406,12240600
2014-04-10,11.363332748413086,11.456666946411133,10.651666641235352,10.673333168029785,10.673333168029785,19749600
2014-04-11,10.588333129882812,10.8149995803833,10.533332824707031,10.545000076293945,10.545000076293945,15054600
2014-04-14,10.699999809265137,10.81833267211914,10.550000190734863,10.664999961853027,10.664999961853027,5745600
2014-04-15,10.731666564941406,10.831666946411133,10.526666641235352,10.645000457763672,10.645000457763672,7201800
2014-04-16,10.59333324432373,10.918333053588867,10.59333324432373,10.903332710266113,10.903332710266113,8927400
2014-04-17,10.921667098999023,11.279999732971191,10.831666946411133,11.258333206176758,11.258333206176758,9601200
2014-04-21,11.21166706085205,11.25,10.986666679382324,11.204999923706055,11.204999923706055,4867200
2014-04-22,11.1899995803833,11.356666564941406,11.133333206176758,11.293333053588867,11.293333053588867,5557200
2014-04-23,11.274999618530273,11.305000305175781,11.118332862854004,11.180000305175781,11.180000305175781,4777800
2014-04-24,11.270000457763672,11.303333282470703,11.081666946411133,11.125,11.125,4915800
2014-04-25,11.180000305175781,11.251667022705078,10.896666526794434,10.963333129882812,10.963333129882812,6054600
2014-04-28,11.028332710266113,11.130000114440918,10.920000076293945,11.123332977294922,11.123332977294922,6761400
2014-04-29,11.153332710266113,11.19333267211914,11.045000076293945,11.073332786560059,11.073332786560059,3886200
2014-04-30,11.03833293914795,11.226667404174805,10.930000305175781,11.15999984741211,11.15999984741211,5087400
2014-05-01,11.176667213439941,11.198332786560059,11.03833293914795,11.16333293914795,11.16333293914795,3025800
2014-05-02,11.204999923706055,11.208333015441895,11.041666984558105,11.153332710266113,11.153332710266113,3727800
2014-05-05,11.011667251586914,11.188332557678223,10.963333129882812,11.08666706085205,11.08666706085205,4773600
2014-05-06,11.0600004196167,11.140000343322754,10.966667175292969,11.008333206176758,11.008333206176758,3438600
2014-05-07,11.024999618530273,11.133333206176758,10.856666564941406,10.863332748413086,10.863332748413086,10716000
2014-05-08,10.838333129882812,11.143333435058594,10.833333015441895,11.020000457763672,11.020000457763672,10069800
2014-05-09,10.625,11.28833293914795,10.5,11.164999961853027,11.164999961853027,19951200
2014-05-12,11.248332977294922,11.743332862854004,11.198332786560059,11.683333396911621,11.683333396911621,11854200
2014-05-13,11.728333473205566,11.829999923706055,11.658332824707031,11.676667213439941,11.676667213439941,8268000
2014-05-14,11.703332901000977,11.811667442321777,11.59000015258789,11.721667289733887,11.721667289733887,5299200
2014-05-15,11.694999694824219,11.75,11.595000267028809,11.708333015441895,11.708333015441895,6772800
2014-05-16,11.710000038146973,11.795000076293945,11.5649995803833,11.758333206176758,11.758333206176758,5568600
2014-05-19,11.699999809265137,11.881667137145996,11.651666641235352,11.741666793823242,11.741666793823242,4555200
2014-05-20,11.625,11.66333293914795,11.488332748413086,11.574999809265137,11.574999809265137,6052800
2014-05-21,11.640000343322754,11.748332977294922,11.523332595825195,11.630000114440918,11.630000114440918,5731800
2014-05-22,11.606666564941406,11.641667366027832,11.521666526794434,11.5600004196167,11.5600004196167,5304600
2014-05-23,11.588333129882812,11.643333435058594,11.513333320617676,11.611666679382324,11.611666679382324,3174600
2014-05-27,11.611666679382324,11.649999618530273,11.403332710266113,11.44333267211914,11.44333267211914,7417200
2014-05-28,11.493332862854004,11.579999923706055,11.373332977294922,11.411666870117188,11.411666870117188,7480200
2014-05-29,11.453332901000977,11.551667213439941,11.408332824707031,11.50333309173584,11.50333309173584,5085000
2014-05-30,11.513333320617676,11.596667289733887,11.453332901000977,11.563332557678223,11.563332557678223,6643800
2014-06-02,11.546667098999023,11.649999618530273,11.430000305175781,11.5,11.5,7253400
2014-06-03,11.416666984558105,11.416666984558105,11.045000076293945,11.123332977294922,11.123332977294922,20994000
2014-06-04,11.260000228881836,11.37166690826416,11.143333435058594,11.350000381469727,11.350000381469727,11409000
2014-06-05,11.34000015258789,11.426667213439941,11.271666526794434,11.33666706085205,11.33666706085205,10257600
2014-06-06,11.376667022705078,11.414999961853027,11.316666603088379,11.37833309173584,11.37833309173584,6213000
2014-06-09,11.396666526794434,11.403332710266113,11.321666717529297,11.380000114440918,11.380000114440918,4767600
2014-06-10,11.391667366027832,11.699999809265137,11.335000038146973,11.649999618530273,11.649999618530273,8039400
2014-06-11,11.5649995803833,11.78499984741211,11.5600004196167,11.670000076293945,11.670000076293945,5980200
2014-06-12,11.666666984558105,11.805000305175781,11.608332633972168,11.771666526794434,11.771666526794434,6192000
2014-06-13,11.666666984558105,11.675000190734863,11.319999694824219,11.478333473205566,11.478333473205566,13481400
2014-06-16,11.466667175292969,11.773332595825195,11.393333435058594,11.729999542236328,11.729999542236328,9949200
2014-06-17,11.666666984558105,11.744999885559082,11.508333206176758,11.706666946411133,11.706666946411133,5947800
2014-06-18,11.694999694824219,11.994999885559082,11.66333293914795,11.896666526794434,11.896666526794434,9572400
2014-06-19,12.083333015441895,12.206666946411133,12.0,12.125,12.125,12655800
2014-06-20,12.149999618530273,12.15666675567627,11.989999771118164,12.114999771118164,12.114999771118164,10311600
2014-06-23,12.123332977294922,12.229999542236328,12.063332557678223,12.208333015441895,12.208333015441895,8181600
2014-06-24,12.153332710266113,12.153332710266113,11.861666679382324,11.869999885559082,11.869999885559082,8298000
2014-06-25,11.868332862854004,11.895000457763672,11.703332901000977,11.741666793823242,11.741666793823242,5426400
2014-06-26,11.741666793823242,11.741666793823242,11.636667251586914,11.645000457763672,11.645000457763672,4699800
2014-06-27,11.648332595825195,11.706666946411133,11.518333435058594,11.541666984558105,11.541666984558105,9630000
2014-06-30,11.566666603088379,11.84333324432373,11.546667098999023,11.838333129882812,11.838333129882812,10375800
2014-07-01,11.8149995803833,11.826666831970215,11.631667137145996,11.6899995803833,11.6899995803833,5193600
2014-07-02,11.666666984558105,11.838333129882812,11.630000114440918,11.641667366027832,11.641667366027832,5300400
2014-07-03,11.671667098999023,11.770000457763672,11.654999732971191,11.691666603088379,11.691666603088379,6237000
2014-07-07,11.691666603088379,11.756667137145996,11.608332633972168,11.661666870117188,11.661666870117188,4861800
2014-07-08,11.648332595825195,11.661666870117188,11.528332710266113,11.558333396911621,11.558333396911621,7929600
2014-07-09,11.5600004196167,11.641667366027832,11.479999542236328,11.49666690826416,11.49666690826416,7745400
2014-07-10,11.37833309173584,11.823332786560059,11.278332710266113,11.8100004196167,11.8100004196167,8868000
2014-07-11,11.896666526794434,12.0,11.691666603088379,11.833333015441895,11.833333015441895,6196200
2014-07-14,11.829999923706055,11.899999618530273,11.698332786560059,11.71833324432373,11.71833324432373,7263000
2014-07-15,11.666666984558105,11.721667289733887,11.34333324432373,11.511667251586914,11.511667251586914,13413000
2014-07-16,11.420000076293945,11.498332977294922,11.166666984558105,11.175000190734863,11.175000190734863,11387400
2014-07-17,11.164999961853027,11.166666984558105,11.036666870117188,11.046667098999023,11.046667098999023,11316000
2014-07-18,11.116666793823242,11.308333396911621,11.041666984558105,11.301667213439941,11.301667213439941,6907800
2014-07-21,11.029999732971191,11.116666793823242,10.770000457763672,10.789999961853027,10.789999961853027,15445800
2014-07-22,10.78833293914795,11.05666732788086,10.786666870117188,10.908332824707031,10.908332824707031,9959400
2014-07-23,10.91333293914795,11.011667251586914,10.819999694824219,10.903332710266113,10.903332710266113,7110000
2014-07-24,10.956666946411133,11.141667366027832,10.916666984558105,11.111666679382324,11.111666679382324,7630800
2014-07-25,11.088333129882812,11.206666946411133,11.066666603088379,11.168333053588867,11.168333053588867,6341400
2014-07-28,10.861666679382324,11.026666641235352,10.751667022705078,10.833333015441895,10.833333015441895,12348600
2014-07-29,10.846667289733887,10.94333267211914,10.805000305175781,10.848333358764648,10.848333358764648,6393000
2014-07-30,10.925000190734863,10.938332557678223,10.720000267028809,10.8100004196167,10.8100004196167,8388600
2014-07-31,10.75333309173584,10.813332557678223,10.636667251586914,10.65999984741211,10.65999984741211,12799800
2014-08-01,10.708333015441895,10.9350004196167,10.694999694824219,10.868332862854004,10.868332862854004,10080000
2014-08-04,10.914999961853027,10.991666793823242,10.83666706085205,10.925000190734863,10.925000190734863,7248000
2014-08-05,10.868332862854004,10.988332748413086,10.741666793823242,10.851667404174805,10.851667404174805,8980800
2014-08-06,10.71166706085205,11.039999961853027,10.71166706085205,11.006667137145996,11.006667137145996,9816600
2014-08-07,11.051667213439941,11.083333015441895,10.811667442321777,10.850000381469727,10.850000381469727,9991800
2014-08-08,11.5600004196167,11.866666793823242,11.414999961853027,11.574999809265137,11.574999809265137,19402800
2014-08-11,11.645000457763672,11.760000228881836,11.5,11.6899995803833,11.6899995803833,8137200
2014-08-12,11.703332901000977,11.8100004196167,11.671667098999023,11.783332824707031,11.783332824707031,6896400
2014-08-13,11.8100004196167,11.888333320617676,11.778332710266113,11.858332633972168,11.858332633972168,4558800
2014-08-14,11.87166690826416,11.973333358764648,11.816666603088379,11.941666603088379,11.941666603088379,11869800
2014-08-15,15.40666675567627,15.821666717529297,15.005000114440918,15.581666946411133,15.581666946411133,118096800
2014-08-18,15.331666946411133,15.388333320617676,14.683333396911621,14.739999771118164,14.739999771118164,40990800
2014-08-19,14.776666641235352,14.936667442321777,14.673333168029785,14.84000015258789,14.84000015258789,19142400
2014-08-20,14.850000381469727,14.96166706085205,14.648332595825195,14.748332977294922,14.748332977294922,11927400
2014-08-21,14.733332633972168,14.859999656677246,14.536666870117188,14.583333015441895,14.583333015441895,12566400
2014-08-22,14.583333015441895,14.643333435058594,14.329999923706055,14.395000457763672,14.395000457763672,15723000
2014-08-25,14.460000038146973,14.581666946411133,14.380000114440918,14.399999618530273,14.399999618530273,7717800
2014-08-26,14.375,14.676667213439941,14.375,14.501667022705078,14.501667022705078,8829600
2014-08-27,14.453332901000977,14.5600004196167,14.390000343322754,14.425000190734863,14.425000190734863,5639400
2014-08-28,14.385000228881836,14.703332901000977,14.335000038146973,14.69333267211914,14.69333267211914,7674600
2014-08-29,14.751667022705078,14.791666984558105,14.616666793823242,14.734999656677246,14.734999656677246,6375600
2014-09-02,14.800000190734863,15.151666641235352,14.75333309173584,14.96166706085205,14.96166706085205,11725800
2014-09-03,14.949999809265137,15.119999885559082,14.848333358764648,15.058333396911621,15.058333396911621,7495800
2014-09-04,15.053333282470703,15.088333129882812,14.798333168029785,14.805000305175781,14.805000305175781,7360200
2014-09-05,14.805000305175781,14.881667137145996,14.699999809265137,14.869999885559082,14.869999885559082,5056800
2014-09-08,14.823332786560059,14.994999885559082,14.75333309173584,14.984999656677246,14.984999656677246,6531000
2014-09-09,14.925000190734863,15.071666717529297,14.895000457763672,14.948332786560059,14.948332786560059,9520800
2014-09-10,14.926667213439941,15.305000305175781,14.925000190734863,15.268333435058594,15.268333435058594,8016000
2014-09-11,15.194999694824219,15.276666641235352,15.113332748413086,15.15999984741211,15.15999984741211,6459600
2014-09-12,15.16333293914795,15.191666603088379,14.918333053588867,14.981666564941406,14.981666564941406,5166600
2014-09-15,14.941666603088379,15.001667022705078,14.858332633972168,15.0,15.0,3796800
2014-09-16,14.933333396911621,15.125,14.856666564941406,15.098333358764648,15.098333358764648,5061600
2014-09-17,15.118332862854004,15.243332862854004,15.053333282470703,15.136667251586914,15.136667251586914,4306200
2014-09-18,15.178333282470703,15.225000381469727,14.96500015258789,15.073332786560059,15.073332786560059,4809000
2014-09-19,15.16333293914795,15.16333293914795,14.925000190734863,14.963333129882812,14.963333129882812,17668200
2014-09-22,15.164999961853027,15.46166706085205,15.126667022705078,15.396666526794434,15.396666526794434,10846800
2014-09-23,15.393333435058594,15.416666984558105,15.083333015441895,15.088333129882812,15.088333129882812,5506200
2014-09-24,15.095000267028809,15.34333324432373,15.095000267028809,15.279999732971191,15.279999732971191,6082200
2014-09-25,15.300000190734863,15.300000190734863,14.821666717529297,14.921667098999023,14.921667098999023,6134400
2014-09-26,14.890000343322754,15.108332633972168,14.823332786560059,15.088333129882812,15.088333129882812,4458000
2014-09-29,14.916666984558105,15.279999732971191,14.916666984558105,15.221667289733887,15.221667289733887,5092800
2014-09-30,15.15999984741211,15.391667366027832,15.126667022705078,15.278332710266113,15.278332710266113,7980600
2014-10-01,15.266667366027832,15.266667366027832,15.03166675567627,15.088333129882812,15.088333129882812,7108800
2014-10-02,15.135000228881836,15.233332633972168,14.96500015258789,15.091667175292969,15.091667175292969,6372600
2014-10-03,15.15999984741211,15.421667098999023,15.096667289733887,15.338333129882812,15.338333129882812,17768400
2014-10-06,15.40666675567627,15.416666984558105,15.191666603088379,15.395000457763672,15.395000457763672,8014800
2014-10-07,15.274999618530273,15.536666870117188,15.255000114440918,15.404999732971191,15.404999732971191,8493000
2014-10-08,15.46833324432373,16.14666748046875,15.356666564941406,16.078332901000977,16.078332901000977,12373800
2014-10-09,16.121667861938477,16.183332443237305,15.81833267211914,15.911666870117188,15.911666870117188,12463800
2014-10-10,15.926667213439941,16.149999618530273,15.801667213439941,15.80666732788086,15.80666732788086,7717800
2014-10-13,15.721667289733887,15.758333206176758,15.46833324432373,15.486666679382324,15.486666679382324,6155400
2014-10-14,15.609999656677246,15.845000267028809,15.520000457763672,15.74666690826416,15.74666690826416,7705200
2014-10-15,15.631667137145996,15.791666984558105,15.170000076293945,15.236666679382324,15.236666679382324,14546400
2014-10-16,15.008333206176758,15.221667289733887,14.926667213439941,15.138333320617676,15.138333320617676,7454400
2014-10-17,15.204999923706055,15.466667175292969,15.119999885559082,15.351667404174805,15.351667404174805,6198000
2014-10-20,15.335000038146973,15.895000457763672,15.301667213439941,15.888333320617676,15.888333320617676,6503400
2014-10-21,15.87166690826416,16.508333206176758,15.87166690826416,16.393333435058594,16.393333435058594,12714000
2014-10-22,16.44499969482422,16.481666564941406,16.30500030517578,16.364999771118164,16.364999771118164,6640800
2014-10-23,16.4950008392334,16.588333129882812,16.22166633605957,16.27166748046875,16.27166748046875,5461200
2014-10-24,16.389999389648438,16.415000915527344,16.190000534057617,16.315000534057617,16.315000534057617,3981000
2014-10-27,16.208332061767578,16.331666946411133,16.190000534057617,16.315000534057617,16.315000534057617,3359400
2014-10-28,16.36833381652832,16.389999389648438,16.208332061767578,16.241666793823242,16.241666793823242,6697200
2014-10-29,16.251667022705078,16.51333236694336,16.22166633605957,16.441667556762695,16.441667556762695,6645000
2014-10-30,16.38166618347168,16.56333351135254,16.264999389648438,16.516666412353516,16.516666412353516,5034000
2014-10-31,16.866666793823242,16.89666748046875,16.538333892822266,16.81333351135254,16.81333351135254,6657600
2014-11-03,16.808332443237305,17.145000457763672,16.796667098999023,16.871667861938477,16.871667861938477,5832600
2014-11-04,16.916667938232422,16.920000076293945,16.661666870117188,16.67333221435547,16.67333221435547,5438400
2014-11-05,16.829999923706055,17.045000076293945,16.441667556762695,16.52833366394043,16.52833366394043,6579000
2014-11-06,16.623332977294922,16.899999618530273,16.601667404174805,16.746667861938477,16.746667861938477,9784200
2014-11-07,17.295000076293945,18.094999313354492,17.15833282470703,18.065000534057617,18.065000534057617,17169000
2014-11-10,18.020000457763672,18.100000381469727,17.718332290649414,17.959999084472656,17.959999084472656,7500600
2014-11-11,17.928333282470703,17.981666564941406,17.735000610351562,17.834999084472656,17.834999084472656,4964400
2014-11-12,17.74333381652832,18.003332138061523,17.63166618347168,17.985000610351562,17.985000610351562,4110000
2014-11-13,18.06166648864746,18.26333236694336,17.801666259765625,18.02666664123535,18.02666664123535,7290600
2014-11-14,18.05500030517578,18.093332290649414,17.858333587646484,17.98666763305664,17.98666763305664,2906400
2014-11-17,17.9950008392334,18.34833335876465,17.941667556762695,18.344999313354492,18.344999313354492,4474200
2014-11-18,18.251667022705078,18.44499969482422,18.101667404174805,18.291667938232422,18.291667938232422,4407600
2014-11-19,18.32666778564453,18.40833282470703,18.21500015258789,18.383333206176758,18.383333206176758,3327000
2014-11-20,18.31333351135254,18.448333740234375,18.229999542236328,18.364999771118164,18.364999771118164,3923400
2014-11-21,18.584999084472656,18.584999084472656,18.11166763305664,18.241666793823242,18.241666793823242,7984800
2014-11-24,18.241666793823242,18.34166717529297,18.06833267211914,18.13166618347168,18.13166618347168,5692200
2014-11-25,18.229999542236328,18.489999771118164,18.15999984741211,18.40833282470703,18.40833282470703,4975200
2014-11-26,18.385000228881836,18.454999923706055,18.26333236694336,18.398332595825195,18.398332595825195,2721000
2014-11-28,18.524999618530273,18.916667938232422,18.43666648864746,18.691667556762695,18.691667556762695,2736000
2014-12-01,18.4950008392334,18.713333129882812,18.39666748046875,18.549999237060547,18.549999237060547,4852800
2014-12-02,18.44333267211914,18.53333282470703,18.049999237060547,18.26333236694336,18.26333236694336,6858600
2014-12-03,18.238332748413086,18.260000228881836,17.641666412353516,17.82666778564453,17.82666778564453,14277000
2014-12-04,17.860000610351562,17.9950008392334,17.573333740234375,17.768333435058594,17.768333435058594,7495800
2014-12-05,17.88833236694336,17.933332443237305,17.706666946411133,17.781667709350586,17.781667709350586,6001800
2014-12-08,17.793333053588867,18.030000686645508,17.616666793823242,17.753332138061523,17.753332138061523,5791200
2014-12-09,17.559999465942383,17.75,17.196666717529297,17.735000610351562,17.735000610351562,7474200
2014-12-10,17.666667938232422,17.961666107177734,17.661666870117188,17.751667022705078,17.751667022705078,5497800
2014-12-11,17.84166717529297,18.261667251586914,17.639999389648438,18.065000534057617,18.065000534057617,5900400
2014-12-12,17.8799991607666,18.05500030517578,17.5049991607666,17.518333435058594,17.518333435058594,4693200
2014-12-15,17.668333053588867,17.726667404174805,17.413333892822266,17.501667022705078,17.501667022705078,6908400
2014-12-16,17.748332977294922,18.366666793823242,17.623332977294922,17.706666946411133,17.706666946411133,7402800
2014-12-17,17.796667098999023,18.183332443237305,17.558332443237305,18.093332290649414,18.093332290649414,5410800
2014-12-18,18.325000762939453,18.68833351135254,18.126667022705078,18.68833351135254,18.68833351135254,6681000
2014-12-19,18.671667098999023,18.84000015258789,18.49333381652832,18.604999542236328,18.604999542236328,12126000
2014-12-22,18.61166763305664,18.906667709350586,18.540000915527344,18.68833351135254,18.68833351135254,4284600
2014-12-23,18.828332901000977,18.886667251586914,18.479999542236328,18.67333221435547,18.67333221435547,3669600
2014-12-24,18.678333282470703,18.915000915527344,18.636667251586914,18.760000228881836,18.760000228881836,1660200
2014-12-26,18.741666793823242,18.831666946411133,18.56999969482422,18.584999084472656,18.584999084472656,2110200
2014-12-29,18.543333053588867,18.606666564941406,18.296667098999023,18.536666870117188,18.536666870117188,3091800
2014-12-30,18.43833351135254,18.54833221435547,18.258333206176758,18.26333236694336,18.26333236694336,3120600
2014-12-31,18.38833236694336,18.541667938232422,18.049999237060547,18.058332443237305,18.058332443237305,3289800
2015-01-02,18.233333587646484,18.315000534057617,17.795000076293945,18.02666664123535,18.02666664123535,3922800
2015-01-05,18.02833366394043,18.299999237060547,18.023332595825195,18.238332748413086,18.238332748413086,6514800
2015-01-06,18.241666793823242,18.998332977294922,18.211666107177734,18.713333129882812,18.713333129882812,11548800
2015-01-07,18.738332748413086,19.333332061767578,18.738332748413086,19.32666778564453,19.32666778564453,9118800
2015-01-08,19.558332443237305,19.78333282470703,19.413333892822266,19.61833381652832,19.61833381652832,9048000
2015-01-09,19.69333267211914,19.708332061767578,19.3799991607666,19.50666618347168,19.50666618347168,6218400
2015-01-12,19.456666946411133,19.594999313354492,18.65333366394043,18.65999984741211,18.65999984741211,15354000
2015-01-13,18.753332138061523,19.375,18.67333221435547,18.851667404174805,18.851667404174805,10528800
2015-01-14,18.93166732788086,19.676666259765625,18.916667938232422,19.623332977294922,19.623332977294922,9355200
2015-01-15,19.764999389648438,19.796667098999023,19.27666664123535,19.376667022705078,19.376667022705078,6389400
2015-01-16,19.315000534057617,19.828332901000977,19.315000534057617,19.815000534057617,19.815000534057617,5693400
2015-01-20,19.828332901000977,19.86166763305664,19.491666793823242,19.573333740234375,19.573333740234375,6142800
2015-01-21,19.59666633605957,19.834999084472656,19.375,19.75666618347168,19.75666618347168,4536600
2015-01-22,19.828332901000977,20.024999618530273,19.475000381469727,19.998332977294922,19.998332977294922,5451000
2015-01-23,20.036666870117188,20.143333435058594,19.838333129882812,19.885000228881836,19.885000228881836,5211000
2015-01-26,19.934999465942383,20.001667022705078,19.671667098999023,19.991666793823242,19.991666793823242,4935600
2015-01-27,19.833332061767578,19.950000762939453,19.614999771118164,19.801666259765625,19.801666259765625,5079000
2015-01-28,19.899999618530273,20.378332138061523,19.838333129882812,19.86833381652832,19.86833381652832,7147200
2015-01-29,19.95166778564453,20.139999389648438,19.821666717529297,20.128332138061523,20.128332138061523,4636800
2015-01-30,19.921667098999023,19.976667404174805,19.43000030517578,19.491666793823242,19.491666793823242,6132000
2015-02-02,19.46500015258789,19.60333251953125,19.116666793823242,19.59166717529297,19.59166717529297,5386800
2015-02-03,19.399999618530273,19.725000381469727,19.270000457763672,19.44499969482422,19.44499969482422,6208200
2015-02-04,19.391666412353516,19.92333221435547,19.351667404174805,19.788333892822266,19.788333892822266,5444400
2015-02-05,19.825000762939453,19.998332977294922,19.6200008392334,19.72833251953125,19.72833251953125,3992400
2015-02-06,19.713333129882812,19.773332595825195,19.399999618530273,19.524999618530273,19.524999618530273,3076800
2015-02-09,19.426666259765625,19.52166748046875,19.209999084472656,19.323333740234375,19.323333740234375,3982800
2015-02-10,19.351667404174805,19.80666732788086,19.343332290649414,19.748332977294922,19.748332977294922,3066000
2015-02-11,19.75,19.90166664123535,19.684999465942383,19.831666946411133,19.831666946411133,3967800
2015-02-12,19.81333351135254,19.956666946411133,19.670000076293945,19.918333053588867,19.918333053588867,3546600
2015-02-13,19.934999465942383,19.934999465942383,19.391666412353516,19.623332977294922,19.623332977294922,4822200
2015-02-17,19.50666618347168,19.858333587646484,19.424999237060547,19.78499984741211,19.78499984741211,3090000
2015-02-18,19.764999389648438,20.101667404174805,19.668333053588867,20.046667098999023,20.046667098999023,3396600
2015-02-19,20.036666870117188,20.31999969482422,19.975000381469727,20.18833351135254,20.18833351135254,3517200
2015-02-20,20.203332901000977,20.238332748413086,19.90333366394043,20.209999084472656,20.209999084472656,3333600
2015-02-23,20.268333435058594,20.395000457763672,20.11833381652832,20.35333251953125,20.35333251953125,4612800
2015-02-24,20.549999237060547,20.934999465942383,20.53333282470703,20.801666259765625,20.801666259765625,6629400
2015-02-25,20.878332138061523,21.0,20.40999984741211,20.63166618347168,20.63166618347168,5451600
2015-02-26,20.676666259765625,20.834999084472656,20.383333206176758,20.790000915527344,20.790000915527344,12888600
2015-02-27,23.190000534057617,23.983333587646484,22.953332901000977,23.520000457763672,23.520000457763672,37314600
2015-03-02,23.696666717529297,23.831666946411133,23.281667709350586,23.538333892822266,23.538333892822266,13733400
2015-03-03,23.344999313354492,23.621667861938477,23.333332061767578,23.448333740234375,23.448333740234375,10271400
2015-03-04,23.334999084472656,23.415000915527344,23.125,23.25666618347168,23.25666618347168,7867200
2015-03-05,23.024999618530273,23.446666717529297,23.001667022705078,23.338333129882812,23.338333129882812,4818600
2015-03-06,23.22833251953125,23.28499984741211,22.636667251586914,22.770000457763672,22.770000457763672,7333200
2015-03-09,22.833332061767578,23.165000915527344,22.78333282470703,22.86833381652832,22.86833381652832,4890000
2015-03-10,22.711666107177734,22.768333435058594,22.52833366394043,22.65333366394043,22.65333366394043,4812000
2015-03-11,22.626667022705078,22.80500030517578,22.510000228881836,22.65999984741211,22.65999984741211,5713800
2015-03-12,22.893333435058594,23.15833282470703,22.803333282470703,22.975000381469727,22.975000381469727,3825000
2015-03-13,22.90333366394043,22.981666564941406,22.47166633605957,22.579999923706055,22.579999923706055,5719800
2015-03-16,22.773332595825195,23.07666778564453,22.711666107177734,23.00666618347168,23.00666618347168,5737200
2015-03-17,22.85333251953125,22.981666564941406,22.621667861938477,22.71500015258789,22.71500015258789,4197600
2015-03-18,22.726667404174805,22.878332138061523,22.31999969482422,22.78499984741211,22.78499984741211,7380000
2015-03-19,22.790000915527344,23.29833221435547,22.645000457763672,23.046667098999023,23.046667098999023,5788200
2015-03-20,23.288333892822266,23.43000030517578,22.90333366394043,22.920000076293945,22.920000076293945,13235400
2015-03-23,23.040000915527344,23.141666412353516,22.883333206176758,22.989999771118164,22.989999771118164,5393400
2015-03-24,23.203332901000977,23.546667098999023,23.114999771118164,23.116666793823242,23.116666793823242,5038200
2015-03-25,23.19499969482422,23.30666732788086,22.635000228881836,22.671667098999023,22.671667098999023,4863000
2015-03-26,22.51333236694336,22.886667251586914,22.43000030517578,22.761667251586914,22.761667251586914,3832200
2015-03-27,22.690000534057617,23.213333129882812,22.578332901000977,22.998332977294922,22.998332977294922,5513400
2015-03-30,23.02833366394043,23.424999237060547,22.78499984741211,23.406667709350586,23.406667709350586,5070000
2015-03-31,23.31333351135254,23.38833236694336,23.059999465942383,23.066667556762695,23.066667556762695,6868800
2015-04-01,23.1200008392334,23.1200008392334,22.441667556762695,22.774999618530273,22.774999618530273,7467600
2015-04-02,22.760000228881836,22.88833236694336,22.518333435058594,22.610000610351562,22.610000610351562,5610000
2015-04-06,22.463333129882812,23.15999984741211,22.333332061767578,22.953332901000977,22.953332901000977,8382600
2015-04-07,23.01333236694336,23.373332977294922,22.913333892822266,22.920000076293945,22.920000076293945,5550000
2015-04-08,22.934999465942383,23.10333251953125,22.799999237060547,22.96500015258789,22.96500015258789,4970400
2015-04-09,23.008333206176758,23.104999542236328,22.69499969482422,22.933332443237305,22.933332443237305,4200600
2015-04-10,22.8700008392334,23.168333053588867,22.77666664123535,23.05666732788086,23.05666732788086,3636600
2015-04-13,23.038333892822266,23.110000610351562,22.906667709350586,22.963333129882812,22.963333129882812,3521400
2015-04-14,22.834999084472656,23.071666717529297,22.558332443237305,22.633333206176758,22.633333206176758,4622400
2015-04-15,22.73666763305664,23.04833221435547,22.713333129882812,22.948333740234375,22.948333740234375,3979800
2015-04-16,22.898332595825195,23.078332901000977,22.796667098999023,23.0,23.0,4073400
2015-04-17,22.808332443237305,22.96666717529297,22.678333282470703,22.81833267211914,22.81833267211914,5268600
2015-04-20,23.108333587646484,23.469999313354492,23.0,23.26333236694336,23.26333236694336,5077800
2015-04-21,23.375,23.583332061767578,23.18000030517578,23.308332443237305,23.308332443237305,6671400
2015-04-22,23.34000015258789,23.358333587646484,23.149999618530273,23.31833267211914,23.31833267211914,5149800
2015-04-23,23.333332061767578,23.450000762939453,23.17333221435547,23.393333435058594,23.393333435058594,4900200
2015-04-24,23.459999084472656,23.7549991607666,23.270000457763672,23.6299991607666,23.6299991607666,5481000
2015-04-27,23.78499984741211,24.114999771118164,23.760000228881836,23.906667709350586,23.906667709350586,8337000
2015-04-28,23.713333129882812,23.748332977294922,23.20166778564453,23.456666946411133,23.456666946411133,7182600
2015-04-29,23.344999313354492,23.498332977294922,22.916667938232422,23.19333267211914,23.19333267211914,8272200
2015-04-30,23.02166748046875,23.225000381469727,22.72833251953125,22.851667404174805,22.851667404174805,15025800
2015-05-01,22.873332977294922,23.639999389648438,22.75,23.52166748046875,23.52166748046875,9115800
2015-05-04,23.454999923706055,24.0,23.260000228881836,23.641666412353516,23.641666412353516,8927400
2015-05-05,23.546667098999023,23.690000534057617,23.171667098999023,23.43833351135254,23.43833351135254,8790600
2015-05-06,23.5,23.665000915527344,23.20166778564453,23.413333892822266,23.413333892822266,7015800
2015-05-07,23.49333381652832,24.058332443237305,23.418333053588867,23.915000915527344,23.915000915527344,11772000
2015-05-08,22.43166732788086,22.75,21.266666412353516,21.411666870117188,21.411666870117188,60458400
2015-05-11,21.540000915527344,23.170000076293945,21.5,22.334999084472656,22.334999084472656,27756600
2015-05-12,22.183332443237305,22.30666732788086,21.854999542236328,21.98666763305664,21.98666763305664,14061000
2015-05-13,21.93166732788086,22.166667938232422,21.586666107177734,21.656667709350586,21.656667709350586,13165200
2015-05-14,21.854999542236328,22.128332138061523,21.733333587646484,22.106666564941406,22.106666564941406,13213200
2015-05-15,22.15999984741211,22.260000228881836,21.954999923706055,22.053333282470703,22.053333282470703,5739000
2015-05-18,21.93833351135254,22.114999771118164,21.803333282470703,21.876667022705078,21.876667022705078,5407800
2015-05-19,21.950000762939453,22.141666412353516,21.635000228881836,21.71666717529297,21.71666717529297,6137400
2015-05-20,21.725000381469727,21.725000381469727,21.43166732788086,21.540000915527344,21.540000915527344,6942000
2015-05-21,21.545000076293945,21.746667861938477,21.503332138061523,21.70166778564453,21.70166778564453,6304800
2015-05-22,21.581666946411133,21.696666717529297,21.50666618347168,21.56833267211914,21.56833267211914,6723000
2015-05-26,21.450000762939453,21.56333351135254,21.06166648864746,21.27666664123535,21.27666664123535,7732200
2015-05-27,21.26333236694336,21.81333351135254,21.25666618347168,21.67333221435547,21.67333221435547,11659800
2015-05-28,21.606666564941406,21.708332061767578,21.47166633605957,21.53333282470703,21.53333282470703,4970400
2015-05-29,21.459999084472656,21.59166717529297,21.168333053588867,21.213333129882812,21.213333129882812,13803600
2015-06-01,21.303333282470703,21.36166763305664,21.06166648864746,21.19499969482422,21.19499969482422,7884600
2015-06-02,21.121667861938477,21.204999923706055,20.926666259765625,21.020000457763672,21.020000457763672,8089800
2015-06-03,21.023332595825195,21.11166763305664,20.873332977294922,20.9950008392334,20.9950008392334,7683000
2015-06-04,20.883333206176758,21.32666778564453,20.883333206176758,21.196666717529297,21.196666717529297,8263800
2015-06-05,21.148332595825195,21.149999618530273,20.90333366394043,20.924999237060547,20.924999237060547,5744400
2015-06-08,20.905000686645508,20.991666793823242,20.7549991607666,20.915000915527344,20.915000915527344,7738200
2015-06-09,20.876667022705078,20.969999313354492,20.696666717529297,20.81333351135254,20.81333351135254,5061000
2015-06-10,20.906667709350586,21.253332138061523,20.796667098999023,21.171667098999023,21.171667098999023,8757600
2015-06-11,21.14666748046875,21.31833267211914,20.991666793823242,21.19499969482422,21.19499969482422,7946400
2015-06-12,21.448333740234375,21.65166664123535,21.366666793823242,21.398332595825195,21.398332595825195,8491800
2015-06-15,21.32666778564453,21.395000457763672,21.05500030517578,21.15166664123535,21.15166664123535,5334000
2015-06-16,21.378332138061523,22.233333587646484,21.378332138061523,22.030000686645508,22.030000686645508,8272200
2015-06-17,22.083332061767578,22.123332977294922,21.850000381469727,22.041667938232422,22.041667938232422,5707200
2015-06-18,22.10333251953125,22.415000915527344,22.07666778564453,22.309999465942383,22.309999465942383,6239400
2015-06-19,22.309999465942383,22.545000076293945,22.10333251953125,22.286666870117188,22.286666870117188,9167400
2015-06-22,22.46666717529297,22.549999237060547,22.22833251953125,22.25,22.25,4398600
2015-06-23,22.475000381469727,22.475000381469727,22.011667251586914,22.233333587646484,22.233333587646484,4882200
2015-06-24,22.239999771118164,22.239999771118164,22.031667709350586,22.15999984741211,22.15999984741211,5055000
2015-06-25,22.238332748413086,22.871667861938477,22.0049991607666,22.795000076293945,22.795000076293945,8917800
2015-06-26,22.998332977294922,23.274999618530273,22.838333129882812,23.235000610351562,23.235000610351562,15103800
2015-06-29,23.02833366394043,23.168333053588867,22.328332901000977,22.398332595825195,22.398332595825195,6196200
2015-06-30,22.621667861938477,22.65333366394043,22.25,22.336666107177734,22.336666107177734,5639400
2015-07-01,22.391666412353516,22.47333335876465,22.145000457763672,22.416667938232422,22.416667938232422,5514600
2015-07-02,22.389999389648438,22.448333740234375,22.02833366394043,22.266666412353516,22.266666412353516,4328400
2015-07-06,21.968332290649414,22.476667404174805,21.956666946411133,22.469999313354492,22.469999313354492,7471800
2015-07-07,22.543333053588867,22.793333053588867,22.27833366394043,22.72333335876465,22.72333335876465,6090600
2015-07-08,22.639999389648438,22.639999389648438,22.178333282470703,22.299999237060547,22.299999237060547,5238600
2015-07-09,22.626667022705078,22.64666748046875,22.233333587646484,22.239999771118164,22.239999771118164,3909000
2015-07-10,22.446666717529297,22.7450008392334,22.31999969482422,22.684999465942383,22.684999465942383,4582800
2015-07-13,22.911666870117188,23.258333206176758,22.834999084472656,23.231666564941406,23.231666564941406,4945800
2015-07-14,23.2549991607666,23.543333053588867,23.241666793823242,23.479999542236328,23.479999542236328,9533400
2015-07-15,23.416667938232422,23.661666870117188,23.309999465942383,23.35333251953125,23.35333251953125,4246200
2015-07-16,23.40999984741211,23.475000381469727,23.106666564941406,23.280000686645508,23.280000686645508,4759200
2015-07-17,23.360000610351562,23.360000610351562,23.030000686645508,23.343332290649414,23.343332290649414,3623400
2015-07-20,23.356666564941406,23.860000610351562,23.356666564941406,23.791667938232422,23.791667938232422,4363200
2015-07-21,23.809999465942383,24.06999969482422,23.68000030517578,24.008333206176758,24.008333206176758,6081600
2015-07-22,24.143333435058594,24.816667556762695,24.09666633605957,24.641666412353516,24.641666412353516,6819600
2015-07-23,24.593332290649414,24.959999084472656,24.42333221435547,24.7549991607666,24.7549991607666,5383800
2015-07-24,24.573333740234375,24.878332138061523,24.553333282470703,24.815000534057617,24.815000534057617,5293200
2015-07-27,24.790000915527344,24.924999237060547,24.538333892822266,24.793333053588867,24.793333053588867,5866200
2015-07-28,24.81999969482422,25.09666633605957,24.579999923706055,24.998332977294922,24.998332977294922,5142000
2015-07-29,24.989999771118164,25.31166648864746,24.8700008392334,25.219999313354492,25.219999313354492,4989600
2015-07-30,25.163333892822266,25.421667098999023,24.933332443237305,25.363332748413086,25.363332748413086,3868800
2015-07-31,25.52833366394043,25.678333282470703,25.405000686645508,25.59166717529297,25.59166717529297,4735200
2015-08-03,25.768333435058594,25.97166633605957,25.59166717529297,25.968332290649414,25.968332290649414,7077600
2015-08-04,25.920000076293945,25.920000076293945,25.266666412353516,25.286666870117188,25.286666870117188,10789800
2015-08-05,25.333332061767578,25.758333206176758,25.251667022705078,25.666667938232422,25.666667938232422,10146000
2015-08-06,25.649999618530273,25.649999618530273,24.04833221435547,24.145000457763672,24.145000457763672,20566800
2015-08-07,24.84833335876465,25.456666946411133,24.336666107177734,24.86166763305664,24.86166763305664,15690000
2015-08-10,25.06166648864746,25.113332748413086,24.02833366394043,24.121667861938477,24.121667861938477,10861200
2015-08-11,23.876667022705078,24.1200008392334,23.604999542236328,23.799999237060547,23.799999237060547,7279800
2015-08-12,23.496667861938477,23.72166633605957,23.100000381469727,23.691667556762695,23.691667556762695,7482000
2015-08-13,23.97333335876465,25.084999084472656,23.961666107177734,24.843332290649414,24.843332290649414,11965800
2015-08-14,24.726667404174805,25.11166763305664,24.663333892822266,25.066667556762695,25.066667556762695,7005000
2015-08-17,24.926666259765625,25.161666870117188,24.899999618530273,25.11833381652832,25.11833381652832,4817400
2015-08-18,25.274999618530273,25.28333282470703,24.996667861938477,25.086666107177734,25.086666107177734,4777800
2015-08-19,24.921667098999023,25.110000610351562,24.536666870117188,24.541667938232422,24.541667938232422,7497600
2015-08-20,24.273332595825195,24.545000076293945,24.100000381469727,24.100000381469727,24.100000381469727,6123000
2015-08-21,23.760000228881836,23.866666793823242,23.149999618530273,23.15166664123535,23.15166664123535,10126800
2015-08-24,21.420000076293945,22.97166633605957,19.270000457763672,22.57666778564453,22.57666778564453,15472800
2015-08-25,23.040000915527344,23.155000686645508,22.393333435058594,22.393333435058594,22.393333435058594,11046600
2015-08-26,22.81166648864746,23.11833381652832,22.385000228881836,23.09833335876465,23.09833335876465,9274800
2015-08-27,23.270000457763672,23.643333435058594,22.891666412353516,23.334999084472656,23.334999084472656,7391400
2015-08-28,23.101667404174805,23.418333053588867,22.97833251953125,23.405000686645508,23.405000686645508,7214400
2015-08-31,23.343332290649414,23.6299991607666,22.75,23.07666778564453,23.07666778564453,9925200
2015-09-01,22.63166618347168,22.893333435058594,22.40833282470703,22.5049991607666,22.5049991607666,7141200
2015-09-02,22.729999542236328,22.78333282470703,22.354999542236328,22.733333587646484,22.733333587646484,8524200
2015-09-03,22.809999465942383,22.93000030517578,22.498332977294922,22.606666564941406,22.606666564941406,6377400
2015-09-04,22.280000686645508,22.649999618530273,22.11833381652832,22.373332977294922,22.373332977294922,6964800
2015-09-08,22.68166732788086,23.02666664123535,22.43000030517578,22.816667556762695,22.816667556762695,10115400
2015-09-09,23.03333282470703,23.09166717529297,21.084999084472656,22.066667556762695,22.066667556762695,7265400
2015-09-10,21.98666763305664,22.31333351135254,21.863332748413086,22.040000915527344,22.040000915527344,4752600
2015-09-11,22.041667938232422,22.24333381652832,21.933332443237305,22.128332138061523,22.128332138061523,4528800
2015-09-14,22.233333587646484,22.25,21.788333892822266,22.02666664123535,22.02666664123535,6488400
2015-09-15,21.89666748046875,22.2549991607666,21.75,22.079999923706055,22.079999923706055,4781400
2015-09-16,21.741666793823242,22.406667709350586,21.708332061767578,22.321666717529297,22.321666717529297,6987600
2015-09-17,22.39666748046875,22.795000076293945,22.316667556762695,22.450000762939453,22.450000762939453,5544600
2015-09-18,22.170000076293945,22.77166748046875,22.170000076293945,22.433332443237305,22.433332443237305,24766800
2015-09-21,22.479999542236328,22.635000228881836,22.371667861938477,22.540000915527344,22.540000915527344,5678400
2015-09-22,22.281667709350586,22.63166618347168,22.135000228881836,22.42333221435547,22.42333221435547,7942200
2015-09-23,22.391666412353516,22.540000915527344,22.174999237060547,22.393333435058594,22.393333435058594,4181400
2015-09-24,22.683332443237305,23.031667709350586,22.375,22.856666564941406,22.856666564941406,8846400
2015-09-25,23.09166717529297,23.163333892822266,22.575000762939453,22.704999923706055,22.704999923706055,5089200
2015-09-28,22.696666717529297,22.856666564941406,22.166667938232422,22.34666633605957,22.34666633605957,6861600
2015-09-29,22.38833236694336,22.536666870117188,22.21500015258789,22.424999237060547,22.424999237060547,6716400
2015-09-30,22.666667938232422,22.979999542236328,22.366666793823242,22.523332595825195,22.523332595825195,6358200
2015-10-01,22.406667709350586,22.549999237060547,22.010000228881836,22.366666793823242,22.366666793823242,5769600
2015-10-02,22.141666412353516,22.336666107177734,21.833332061767578,22.321666717529297,22.321666717529297,6340800
2015-10-05,22.49333381652832,22.899999618530273,22.350000381469727,22.520000457763672,22.520000457763672,7992600
2015-10-06,22.524999618530273,22.666667938232422,22.261667251586914,22.316667556762695,22.316667556762695,4378200
2015-10-07,22.420000076293945,22.645000457763672,22.18666648864746,22.44333267211914,22.44333267211914,5470800
2015-10-08,22.420000076293945,22.729999542236328,22.22166633605957,22.69333267211914,22.69333267211914,4830600
2015-10-09,22.65166664123535,23.121667861938477,22.469999313354492,22.905000686645508,22.905000686645508,5506200
2015-10-12,22.916667938232422,23.104999542236328,22.821666717529297,22.90999984741211,22.90999984741211,2921400
2015-10-13,22.89666748046875,22.933332443237305,21.891666412353516,21.946666717529297,21.946666717529297,6663000
2015-10-14,21.801666259765625,21.934999465942383,21.226667404174805,21.428333282470703,21.428333282470703,8157600
2015-10-15,21.536666870117188,21.81166648864746,21.22333335876465,21.760000228881836,21.760000228881836,6033600
2015-10-16,21.968332290649414,22.273332595825195,21.843332290649414,22.041667938232422,22.041667938232422,5037000
2015-10-19,22.008333206176758,22.148332595825195,21.89666748046875,22.116666793823242,22.116666793823242,3750000
2015-10-20,22.333332061767578,23.748332977294922,22.22333335876465,23.268333435058594,23.268333435058594,15825000
2015-10-21,23.433332443237305,23.61833381652832,22.96666717529297,23.148332595825195,23.148332595825195,6801600
2015-10-22,23.22333335876465,23.915000915527344,23.17333221435547,23.7450008392334,23.7450008392334,6538200
2015-10-23,23.843332290649414,23.844999313354492,23.253332138061523,23.59666633605957,23.59666633605957,4015800
2015-10-26,23.57666778564453,23.916667938232422,23.416667938232422,23.57666778564453,23.57666778564453,6329400
2015-10-27,23.518333435058594,23.821666717529297,23.295000076293945,23.434999465942383,23.434999465942383,3744600
2015-10-28,23.46666717529297,23.56833267211914,23.123332977294922,23.55666732788086,23.55666732788086,2994000
2015-10-29,23.34666633605957,23.34666633605957,22.32666778564453,22.773332595825195,22.773332595825195,9877800
2015-10-30,22.788333892822266,23.014999389648438,22.666667938232422,22.719999313354492,22.719999313354492,6519000
2015-11-02,22.65833282470703,22.731666564941406,22.225000381469727,22.496667861938477,22.496667861938477,4735200
2015-11-03,22.34833335876465,22.75,22.088333129882812,22.450000762939453,22.450000762939453,6708600
2015-11-04,22.416667938232422,22.488332748413086,21.873332977294922,22.136667251586914,22.136667251586914,9372600
2015-11-05,22.2549991607666,22.295000076293945,21.80500030517578,22.040000915527344,22.040000915527344,10179000
2015-11-06,23.833332061767578,25.47833251953125,23.833332061767578,25.040000915527344,25.040000915527344,24976200
2015-11-09,24.959999084472656,24.9950008392334,24.456666946411133,24.84166717529297,24.84166717529297,9148200
2015-11-10,24.85333251953125,25.42333221435547,24.584999084472656,25.315000534057617,25.315000534057617,8848800
2015-11-11,25.52666664123535,25.649999618530273,25.020000457763672,25.34166717529297,25.34166717529297,9574800
2015-11-12,25.321666717529297,25.321666717529297,24.523332595825195,24.74333381652832,24.74333381652832,6197400
2015-11-13,24.670000076293945,25.0,24.358333587646484,24.454999923706055,24.454999923706055,5422800
2015-11-16,24.524999618530273,24.586666107177734,24.170000076293945,24.578332901000977,24.578332901000977,4428000
2015-11-17,24.583332061767578,24.858333587646484,24.141666412353516,24.268333435058594,24.268333435058594,4903200
2015-11-18,24.261667251586914,24.889999389648438,24.24333381652832,24.854999542236328,24.854999542236328,4574400
2015-11-19,24.821666717529297,24.988332748413086,24.65833282470703,24.893333435058594,24.893333435058594,4489200
2015-11-20,25.065000534057617,25.073333740234375,24.56999969482422,24.68166732788086,24.68166732788086,8910600
2015-11-23,24.766666412353516,25.386667251586914,24.751667022705078,25.06833267211914,25.06833267211914,7596600
2015-11-24,25.09666633605957,25.476667404174805,24.850000381469727,25.376667022705078,25.376667022705078,6134400
2015-11-25,25.364999771118164,26.170000076293945,25.258333206176758,26.06833267211914,26.06833267211914,7011000
2015-11-27,26.06833267211914,26.27666664123535,25.93166732788086,26.09000015258789,26.09000015258789,2488800
2015-11-30,26.11833381652832,26.391666412353516,25.725000381469727,25.768333435058594,25.768333435058594,7265400
2015-12-01,25.924999237060547,26.376667022705078,25.834999084472656,26.203332901000977,26.203332901000977,5870400
2015-12-02,26.166667938232422,26.29833221435547,25.75,25.801666259765625,25.801666259765625,5345400
2015-12-03,25.725000381469727,26.343332290649414,25.351667404174805,25.511667251586914,25.511667251586914,6564000
2015-12-04,25.514999389648438,26.378332138061523,25.514999389648438,26.116666793823242,26.116666793823242,6901200
2015-12-07,26.698333740234375,26.75,25.733333587646484,25.93000030517578,25.93000030517578,9575400
2015-12-08,25.790000915527344,26.270000457763672,25.584999084472656,26.083332061767578,26.083332061767578,7033800
2015-12-09,25.913333892822266,26.06999969482422,25.09666633605957,25.333332061767578,25.333332061767578,8058600
2015-12-10,25.21500015258789,25.594999313354492,25.170000076293945,25.30500030517578,25.30500030517578,4487400
2015-12-11,25.003332138061523,25.31166648864746,24.856666564941406,24.956666946411133,24.956666946411133,5557200
2015-12-14,24.983333587646484,25.356666564941406,24.8700008392334,25.31833267211914,25.31833267211914,5052000
2015-12-15,25.43833351135254,25.636667251586914,25.149999618530273,25.43000030517578,25.43000030517578,5559600
2015-12-16,25.530000686645508,25.703332901000977,25.13166618347168,25.551666259765625,25.551666259765625,4778400
2015-12-17,25.735000610351562,25.735000610351562,24.93833351135254,25.04833221435547,25.04833221435547,6187200
2015-12-18,24.84000015258789,25.0,24.25666618347168,24.30666732788086,24.30666732788086,24424200
2015-12-21,24.53499984741211,24.86166763305664,24.325000762939453,24.579999923706055,24.579999923706055,5638200
2015-12-22,24.684999465942383,24.71500015258789,24.270000457763672,24.583332061767578,24.583332061767578,4532400
2015-12-23,24.793333053588867,24.983333587646484,24.553333282470703,24.578332901000977,24.578332901000977,4464000
2015-12-24,24.639999389648438,24.950000762939453,24.588333129882812,24.803333282470703,24.803333282470703,2010000
2015-12-28,24.77166748046875,24.88166618347168,24.52166748046875,24.69333267211914,24.69333267211914,2631000
2015-12-29,24.84833335876465,25.176666259765625,24.7549991607666,25.02833366394043,25.02833366394043,3394800
2015-12-30,24.983333587646484,25.184999465942383,24.799999237060547,25.040000915527344,25.040000915527344,3543600
2015-12-31,24.90999984741211,25.15166664123535,24.71500015258789,24.82666778564453,24.82666778564453,4329000
2016-01-04,24.420000076293945,24.604999542236328,23.678333282470703,24.05666732788086,24.05666732788086,7978200
2016-01-05,24.05666732788086,24.395000457763672,24.046667098999023,24.344999313354492,24.344999313354492,5533200
2016-01-06,23.989999771118164,24.450000762939453,23.766666412353516,24.383333206176758,24.383333206176758,8913600
2016-01-07,23.94333267211914,24.393333435058594,23.858333587646484,24.200000762939453,24.200000762939453,7417200
2016-01-08,24.22333335876465,24.344999313354492,23.99333381652832,24.041667938232422,24.041667938232422,5028600
2016-01-11,24.29833221435547,24.625,24.041667938232422,24.34000015258789,24.34000015258789,6405000
2016-01-12,24.46500015258789,24.886667251586914,24.3700008392334,24.549999237060547,24.549999237060547,7569600
2016-01-13,24.34833335876465,24.89666748046875,23.90333366394043,23.94499969482422,23.94499969482422,7819200
2016-01-14,24.040000915527344,24.141666412353516,23.43000030517578,23.73666763305664,23.73666763305664,6921600
2016-01-15,23.148332595825195,23.684999465942383,23.071666717529297,23.52166748046875,23.52166748046875,8896200
2016-01-19,23.851667404174805,24.334999084472656,23.76333236694336,24.126667022705078,24.126667022705078,7282200
2016-01-20,23.883333206176758,23.911666870117188,22.57666778564453,23.336666107177734,23.336666107177734,11182800
2016-01-21,23.594999313354492,23.666667938232422,22.80500030517578,23.003332138061523,23.003332138061523,10315800
2016-01-22,23.26333236694336,24.06833267211914,22.96666717529297,24.02666664123535,24.02666664123535,9926400
2016-01-25,23.876667022705078,23.975000381469727,23.315000534057617,23.34833335876465,23.34833335876465,5963400
2016-01-26,23.373332977294922,23.566667556762695,23.051666259765625,23.174999237060547,23.174999237060547,4789800
2016-01-27,23.238332748413086,23.2450008392334,22.850000381469727,22.9950008392334,22.9950008392334,5162400
2016-01-28,23.133333206176758,23.18000030517578,22.67333221435547,22.866666793823242,22.866666793823242,7368600
2016-01-29,22.84166717529297,22.84166717529297,21.421667098999023,22.5049991607666,22.5049991607666,45826200
2016-02-01,22.875,23.078332901000977,22.541667938232422,22.905000686645508,22.905000686645508,11701200
2016-02-02,22.75,23.084999084472656,22.46666717529297,22.68666648864746,22.68666648864746,7822200
2016-02-03,22.809999465942383,23.046667098999023,22.198333740234375,22.48666763305664,22.48666763305664,8707800
2016-02-04,22.43666648864746,22.458332061767578,21.280000686645508,21.40999984741211,21.40999984741211,13587000
2016-02-05,21.208332061767578,21.358333587646484,20.531667709350586,20.621667861938477,20.621667861938477,18536400
2016-02-08,20.274999618530273,20.34000015258789,19.291667938232422,19.6200008392334,19.6200008392334,17149200
2016-02-09,19.43000030517578,20.125,19.34166717529297,19.81833267211914,19.81833267211914,10315200
2016-02-10,20.108333587646484,20.225000381469727,19.286666870117188,19.469999313354492,19.469999313354492,7582800
2016-02-11,19.14666748046875,19.976667404174805,18.84666633605957,19.816667556762695,19.816667556762695,12100800
2016-02-12,20.31166648864746,20.60333251953125,19.86166763305664,20.395000457763672,20.395000457763672,8918400
2016-02-16,20.559999465942383,20.90999984741211,20.358333587646484,20.718332290649414,20.718332290649414,10368600
2016-02-17,20.718332290649414,21.155000686645508,20.625,20.906667709350586,20.906667709350586,9014400
2016-02-18,20.93000030517578,21.22833251953125,20.844999313354492,21.011667251586914,21.011667251586914,7153200
2016-02-19,20.968332290649414,21.566667556762695,20.770000457763672,21.26333236694336,21.26333236694336,9888600
2016-02-22,21.43166732788086,21.72166633605957,21.338333129882812,21.635000228881836,21.635000228881836,7806000
2016-02-23,21.510000228881836,21.799999237060547,21.34166717529297,21.46500015258789,21.46500015258789,7444200
2016-02-24,21.34166717529297,22.19333267211914,21.031667709350586,22.066667556762695,22.066667556762695,10782600
2016-02-25,22.001667022705078,22.233333587646484,21.766666412353516,22.184999465942383,22.184999465942383,12858000
2016-02-26,21.291667938232422,22.27833366394043,21.106666564941406,21.79833221435547,21.79833221435547,30015000
2016-02-29,21.74333381652832,21.74333381652832,20.915000915527344,20.916667938232422,20.916667938232422,13415400
2016-03-01,21.014999389648438,21.64666748046875,20.876667022705078,21.621667861938477,21.621667861938477,13306800
2016-03-02,21.520000457763672,21.581666946411133,21.165000915527344,21.291667938232422,21.291667938232422,7044600
2016-03-03,21.238332748413086,21.43000030517578,21.03333282470703,21.411666870117188,21.411666870117188,5765400
2016-03-04,21.469999313354492,21.553333282470703,21.24333381652832,21.481666564941406,21.481666564941406,5493000
2016-03-07,21.316667556762695,21.46500015258789,21.083332061767578,21.331666946411133,21.331666946411133,9629400
2016-03-08,21.241666793823242,21.860000610351562,21.145000457763672,21.55500030517578,21.55500030517578,7684800
2016-03-09,21.49333381652832,21.77666664123535,21.456666946411133,21.678333282470703,21.678333282470703,3947400
2016-03-10,21.831666946411133,22.083332061767578,21.641666412353516,21.941667556762695,21.941667556762695,7530600
2016-03-11,22.114999771118164,22.413333892822266,21.950000762939453,22.309999465942383,22.309999465942383,6370200
2016-03-14,22.208332061767578,22.308332443237305,21.833332061767578,21.99333381652832,21.99333381652832,5763600
2016-03-15,21.893333435058594,22.125,21.71666717529297,21.996667861938477,21.996667861938477,5560200
2016-03-16,22.22166633605957,22.739999771118164,22.166667938232422,22.696666717529297,22.696666717529297,7810800
2016-03-17,22.63833236694336,22.773332595825195,22.468332290649414,22.696666717529297,22.696666717529297,6399000
2016-03-18,22.746667861938477,22.93833351135254,22.600000381469727,22.7549991607666,22.7549991607666,10923600
2016-03-21,22.621667861938477,22.65999984741211,22.375,22.420000076293945,22.420000076293945,7109400
2016-03-22,22.31833267211914,22.56999969482422,22.171667098999023,22.433332443237305,22.433332443237305,6504000
2016-03-23,22.28499984741211,22.581666946411133,22.1299991607666,22.13833236694336,22.13833236694336,5368200
2016-03-24,22.09166717529297,22.09166717529297,21.541667938232422,21.875,21.875,6715200
2016-03-28,21.988332748413086,22.415000915527344,21.96666717529297,22.206666946411133,22.206666946411133,4738200
2016-03-29,22.100000381469727,22.371667861938477,22.100000381469727,22.268333435058594,22.268333435058594,4081200
2016-03-30,22.456666946411133,22.613332748413086,22.218332290649414,22.483333587646484,22.483333587646484,4322400
2016-03-31,22.441667556762695,22.48666763305664,22.183332443237305,22.229999542236328,22.229999542236328,4774800
2016-04-01,22.22333335876465,22.600000381469727,22.01333236694336,22.46500015258789,22.46500015258789,5995800
2016-04-04,22.47333335876465,22.56999969482422,22.200000762939453,22.461666107177734,22.461666107177734,5032800
2016-04-05,22.360000610351562,22.633333206176758,22.218332290649414,22.43666648864746,22.43666648864746,9963000
2016-04-06,22.434999465942383,22.46666717529297,22.113332748413086,22.36166763305664,22.36166763305664,5310000
2016-04-07,22.248332977294922,22.34666633605957,21.773332595825195,21.99333381652832,21.99333381652832,6718200
2016-04-08,22.148332595825195,22.2450008392334,21.981666564941406,22.09666633605957,22.09666633605957,4831800
2016-04-11,22.059999465942383,22.18833351135254,21.72833251953125,21.773332595825195,21.773332595825195,4482600
2016-04-12,21.77166748046875,21.858333587646484,21.47833251953125,21.698333740234375,21.698333740234375,5772000
2016-04-13,21.77833366394043,21.801666259765625,21.295000076293945,21.479999542236328,21.479999542236328,6436200
2016-04-14,21.453332901000977,21.719999313354492,21.051666259765625,21.406667709350586,21.406667709350586,20524200
2016-04-15,21.453332901000977,21.60333251953125,20.96500015258789,21.38833236694336,21.38833236694336,11040000
2016-04-18,21.399999618530273,21.47833251953125,21.239999771118164,21.274999618530273,21.274999618530273,5049000
2016-04-19,21.30500030517578,21.703332901000977,21.001667022705078,21.551666259765625,21.551666259765625,18754800
2016-04-20,21.52666664123535,21.616666793823242,21.086666107177734,21.114999771118164,21.114999771118164,6239400
2016-04-21,21.00666618347168,21.11166763305664,20.71666717529297,20.75666618347168,20.75666618347168,9981600
2016-04-22,20.655000686645508,20.741666793823242,20.258333206176758,20.498332977294922,20.498332977294922,15226800
2016-04-25,20.386667251586914,20.94499969482422,20.253332138061523,20.81999969482422,20.81999969482422,7610400
2016-04-26,20.799999237060547,20.878332138061523,20.594999313354492,20.6299991607666,20.6299991607666,6574800
2016-04-27,20.610000610351562,20.68000030517578,20.15166664123535,20.571666717529297,20.571666717529297,11568000
2016-04-28,20.6299991607666,21.376667022705078,20.59666633605957,21.30666732788086,21.30666732788086,19525200
2016-04-29,23.94499969482422,24.31333351135254,23.333332061767578,24.036666870117188,24.036666870117188,30988800
2016-05-02,24.06833267211914,25.116666793823242,24.058332443237305,24.655000686645508,24.655000686645508,21988800
2016-05-03,24.51333236694336,24.625,24.25,24.386667251586914,24.386667251586914,7446000
2016-05-04,24.178333282470703,24.549999237060547,24.046667098999023,24.391666412353516,24.391666412353516,6563400
2016-05-05,24.53499984741211,24.643333435058594,24.196666717529297,24.325000762939453,24.325000762939453,5065200
2016-05-06,24.28499984741211,24.773332595825195,24.184999465942383,24.68833351135254,24.68833351135254,8442000
2016-05-09,24.746667861938477,24.933332443237305,24.60333251953125,24.79833221435547,24.79833221435547,6279600
2016-05-10,25.166667938232422,25.65999984741211,25.166667938232422,25.516666412353516,25.516666412353516,22467000
2016-05-11,25.378332138061523,25.559999465942383,24.924999237060547,25.071666717529297,25.071666717529297,9999000
2016-05-12,25.13833236694336,25.233333587646484,24.84666633605957,25.02833366394043,25.02833366394043,8700000
2016-05-13,24.916667938232422,25.02833366394043,24.6299991607666,24.768333435058594,24.768333435058594,5508000
2016-05-16,24.75,25.165000915527344,24.75,25.1200008392334,25.1200008392334,5100600
2016-05-17,25.0,25.110000610351562,24.791667938232422,24.883333206176758,24.883333206176758,8172600
2016-05-18,24.821666717529297,25.121667861938477,24.725000381469727,24.803333282470703,24.803333282470703,11004600
2016-05-19,24.621667861938477,24.883333206176758,24.581666946411133,24.74333381652832,24.74333381652832,4782600
2016-05-20,24.75666618347168,24.895000457763672,24.594999313354492,24.649999618530273,24.649999618530273,5606400
2016-05-23,24.68833351135254,24.843332290649414,24.61833381652832,24.72166633605957,24.72166633605957,5968800
2016-05-24,24.873332977294922,25.093332290649414,24.781667709350586,25.018333435058594,25.018333435058594,7110000
2016-05-25,24.961666107177734,25.174999237060547,24.833332061767578,24.921667098999023,24.921667098999023,7850400
2016-05-26,24.956666946411133,25.136667251586914,24.956666946411133,25.001667022705078,25.001667022705078,4773000
2016-05-27,25.04833221435547,25.166667938232422,24.97333335876465,25.084999084472656,25.084999084472656,3966600
2016-05-31,25.078332901000977,25.213333129882812,24.854999542236328,25.0,25.0,8605800
2016-06-01,25.016666412353516,25.34833335876465,24.916667938232422,25.233333587646484,25.233333587646484,8548200
2016-06-02,25.170000076293945,25.415000915527344,25.1200008392334,25.40999984741211,25.40999984741211,4648200
2016-06-03,25.391666412353516,25.581666946411133,25.264999389648438,25.476667404174805,25.476667404174805,6135600
2016-06-06,25.440000534057617,25.858333587646484,25.415000915527344,25.726667404174805,25.726667404174805,21280200
2016-06-07,25.850000381469727,25.88833236694336,25.523332595825195,25.636667251586914,25.636667251586914,13523400
2016-06-08,25.584999084472656,26.155000686645508,25.501667022705078,25.863332748413086,25.863332748413086,22063800
2016-06-09,25.933332443237305,26.448333740234375,25.50666618347168,25.834999084472656,25.834999084472656,26581200
2016-06-10,25.65833282470703,25.829999923706055,25.47833251953125,25.59000015258789,25.59000015258789,6997800
2016-06-13,25.59000015258789,25.59833335876465,25.121667861938477,25.1299991607666,25.1299991607666,9679800
2016-06-14,25.123332977294922,25.583332061767578,24.893333435058594,25.496667861938477,25.496667861938477,13250400
2016-06-15,25.633333206176758,25.916667938232422,25.593332290649414,25.604999542236328,25.604999542236328,10231800
2016-06-16,25.481666564941406,26.075000762939453,25.34833335876465,25.969999313354492,25.969999313354492,10057200
2016-06-17,25.918333053588867,26.11166763305664,25.68666648864746,25.996667861938477,25.996667861938477,15051600
2016-06-20,26.100000381469727,26.211666107177734,25.996667861938477,26.02833366394043,26.02833366394043,11839800
2016-06-21,26.086666107177734,26.389999389648438,25.99333381652832,26.30500030517578,26.30500030517578,7384200
2016-06-22,26.233333587646484,26.27833366394043,26.09000015258789,26.155000686645508,26.155000686645508,6246600
2016-06-23,26.416667938232422,26.433332443237305,25.99333381652832,26.23666763305664,26.23666763305664,5900400
2016-06-24,25.358333587646484,25.921667098999023,25.358333587646484,25.573333740234375,25.573333740234375,23425800
2016-06-27,25.50666618347168,25.88166618347168,25.225000381469727,25.801666259765625,25.801666259765625,10080600
2016-06-28,25.770000457763672,25.90999984741211,25.501667022705078,25.74333381652832,25.74333381652832,6025800
2016-06-29,25.815000534057617,26.309999465942383,25.781667709350586,26.308332443237305,26.308332443237305,5884800
2016-06-30,26.364999771118164,26.808332443237305,26.123332977294922,26.78499984741211,26.78499984741211,8913000
2016-07-01,26.81999969482422,26.985000610351562,26.581666946411133,26.621667861938477,26.621667861938477,4071600
2016-07-05,26.57666778564453,26.996667861938477,26.498332977294922,26.81833267211914,26.81833267211914,4153800
2016-07-06,26.781667709350586,26.953332901000977,26.674999237060547,26.876667022705078,26.876667022705078,7361400
2016-07-07,26.963333129882812,27.05500030517578,26.683332443237305,26.85333251953125,26.85333251953125,4660800
2016-07-08,26.98666763305664,27.031667709350586,26.831666946411133,26.916667938232422,26.916667938232422,4815600
2016-07-11,26.916667938232422,27.093332290649414,26.726667404174805,26.833332061767578,26.833332061767578,4233000
2016-07-12,26.84833335876465,26.940000534057617,26.666667938232422,26.79833221435547,26.79833221435547,5033400
2016-07-13,26.898332595825195,27.128332138061523,26.72333335876465,26.963333129882812,26.963333129882812,4153200
2016-07-14,27.014999389648438,27.03333282470703,26.780000686645508,27.018333435058594,27.018333435058594,3069600
2016-07-15,27.088333129882812,27.11166763305664,26.65333366394043,26.933332443237305,26.933332443237305,3884400
2016-07-18,26.483333587646484,26.578332901000977,25.458332061767578,25.92333221435547,25.92333221435547,12131400
2016-07-19,25.82666778564453,26.31166648864746,25.773332595825195,26.22833251953125,26.22833251953125,5109600
2016-07-20,26.268333435058594,26.39666748046875,26.145000457763672,26.351667404174805,26.351667404174805,3516000
2016-07-21,26.350000381469727,26.53499984741211,26.248332977294922,26.343332290649414,26.343332290649414,3055800
2016-07-22,26.551666259765625,26.81833267211914,26.456666946411133,26.76333236694336,26.76333236694336,3093600
2016-07-25,26.72333335876465,26.758333206176758,26.541667938232422,26.678333282470703,26.678333282470703,2431800
2016-07-26,26.65166664123535,26.678333282470703,26.30500030517578,26.43666648864746,26.43666648864746,3411000
2016-07-27,26.35333251953125,26.481666564941406,25.975000381469727,26.251667022705078,26.251667022705078,3976800
2016-07-28,26.2549991607666,26.696666717529297,26.135000228881836,26.573333740234375,26.573333740234375,3056400
2016-07-29,26.626667022705078,26.831666946411133,26.520000457763672,26.77166748046875,26.77166748046875,3452400
2016-08-01,26.72333335876465,27.031667709350586,26.700000762939453,26.84666633605957,26.84666633605957,3756000
2016-08-02,26.77666664123535,26.821666717529297,26.270000457763672,26.549999237060547,26.549999237060547,4854000
2016-08-03,26.588333129882812,26.588333129882812,26.196666717529297,26.295000076293945,26.295000076293945,5111400
2016-08-04,26.34000015258789,26.57666778564453,26.078332901000977,26.43166732788086,26.43166732788086,7792800
2016-08-05,27.083332061767578,27.75,26.96500015258789,27.086666107177734,27.086666107177734,14800200
2016-08-08,27.014999389648438,27.071666717529297,26.38166618347168,26.49333381652832,26.49333381652832,5414400
2016-08-09,26.463333129882812,26.8799991607666,26.43666648864746,26.520000457763672,26.520000457763672,7630800
2016-08-10,26.53333282470703,26.90333366394043,26.5,26.816667556762695,26.816667556762695,4944000
2016-08-11,26.961666107177734,27.09666633605957,26.816667556762695,26.95166778564453,26.95166778564453,4197000
2016-08-12,26.854999542236328,26.981666564941406,26.7450008392334,26.863332748413086,26.863332748413086,2640600
2016-08-15,26.85333251953125,26.956666946411133,26.764999389648438,26.905000686645508,26.905000686645508,2482200
2016-08-16,26.90166664123535,26.93666648864746,26.594999313354492,26.60333251953125,26.60333251953125,2721000
2016-08-17,26.56166648864746,26.803333282470703,26.308332443237305,26.61833381652832,26.61833381652832,2929800
2016-08-18,26.70166778564453,26.825000762939453,26.648332595825195,26.738332748413086,26.738332748413086,3655200
2016-08-19,26.790000915527344,26.93666648864746,26.536666870117188,26.575000762939453,26.575000762939453,4529400
2016-08-22,26.608333587646484,26.649999618530273,26.434999465942383,26.52833366394043,26.52833366394043,2655000
2016-08-23,26.44499969482422,26.53333282470703,26.219999313354492,26.229999542236328,26.229999542236328,3410400
2016-08-24,26.18166732788086,26.358333587646484,26.071666717529297,26.15333366394043,26.15333366394043,3602400
2016-08-25,26.110000610351562,26.44333267211914,26.110000610351562,26.24333381652832,26.24333381652832,4116600
2016-08-26,26.293333053588867,26.411666870117188,26.09833335876465,26.17333221435547,26.17333221435547,3210600
2016-08-29,26.088333129882812,26.176666259765625,25.863332748413086,25.989999771118164,25.989999771118164,4269000
2016-08-30,25.975000381469727,26.018333435058594,25.52166748046875,25.635000228881836,25.635000228881836,5248200
2016-08-31,25.661666870117188,25.748332977294922,25.488332748413086,25.648332595825195,25.648332595825195,6022800
2016-09-01,25.72166633605957,25.863332748413086,25.483333587646484,25.72166633605957,25.72166633605957,4079400
2016-09-02,25.786666870117188,25.918333053588867,25.52166748046875,25.641666412353516,25.641666412353516,3489000
2016-09-06,25.604999542236328,25.65333366394043,25.291667938232422,25.645000457763672,25.645000457763672,8449800
2016-09-07,25.639999389648438,25.696666717529297,25.31333351135254,25.36166763305664,25.36166763305664,3820200
2016-09-08,25.343332290649414,25.416667938232422,25.174999237060547,25.35333251953125,25.35333251953125,5379000
2016-09-09,25.09166717529297,25.35333251953125,24.586666107177734,24.59166717529297,24.59166717529297,7888200
2016-09-12,24.52666664123535,24.864999771118164,24.385000228881836,24.71666717529297,24.71666717529297,6745800
2016-09-13,24.524999618530273,24.536666870117188,23.911666870117188,23.98666763305664,23.98666763305664,9349200
2016-09-14,23.948333740234375,24.19333267211914,23.718332290649414,23.816667556762695,23.816667556762695,5682000
2016-09-15,23.864999771118164,24.52833366394043,23.774999618530273,24.391666412353516,24.391666412353516,11277000
2016-09-16,24.316667556762695,24.483333587646484,24.13833236694336,24.385000228881836,24.385000228881836,13794600
2016-09-19,24.468332290649414,24.639999389648438,24.299999237060547,24.573333740234375,24.573333740234375,5796000
2016-09-20,24.639999389648438,24.72166633605957,24.463333129882812,24.516666412353516,24.516666412353516,4489800
2016-09-21,24.5,24.600000381469727,24.25,24.516666412353516,24.516666412353516,5172000
2016-09-22,24.665000915527344,24.913333892822266,24.626667022705078,24.823333740234375,24.823333740234375,3766200
2016-09-23,24.875,24.93666648864746,24.719999313354492,24.746667861938477,24.746667861938477,3256200
2016-09-26,24.643333435058594,24.74333381652832,24.416667938232422,24.600000381469727,24.600000381469727,2916600
2016-09-27,24.573333740234375,24.75666618347168,24.543333053588867,24.626667022705078,24.626667022705078,3381000
2016-09-28,24.725000381469727,24.790000915527344,24.40333366394043,24.47166633605957,24.47166633605957,2845800
2016-09-29,24.456666946411133,24.458332061767578,24.143333435058594,24.22833251953125,24.22833251953125,3885000
2016-09-30,24.360000610351562,24.581666946411133,24.22833251953125,24.468332290649414,24.468332290649414,4328400
2016-10-03,24.343332290649414,24.3700008392334,24.176666259765625,24.29833221435547,24.29833221435547,2682600
2016-10-04,24.434999465942383,24.476667404174805,24.174999237060547,24.21666717529297,24.21666717529297,3397800
2016-10-05,24.308332443237305,24.398332595825195,24.15166664123535,24.206666946411133,24.206666946411133,6526800
2016-10-06,24.168333053588867,24.59000015258789,24.166667938232422,24.456666946411133,24.456666946411133,3106800
2016-10-07,24.518333435058594,24.518333435058594,24.104999542236328,24.30666732788086,24.30666732788086,3878400
2016-10-10,24.331666946411133,24.483333587646484,24.299999237060547,24.3700008392334,24.3700008392334,2413200
2016-10-11,24.36166763305664,24.36166763305664,23.793333053588867,23.85333251953125,23.85333251953125,5042400
2016-10-12,23.86833381652832,24.213333129882812,23.760000228881836,24.19333267211914,24.19333267211914,3522000
2016-10-13,24.10333251953125,24.395000457763672,23.9950008392334,24.329999923706055,24.329999923706055,3970800
2016-10-14,23.96666717529297,24.52666664123535,23.463333129882812,24.18000030517578,24.18000030517578,7814400
2016-10-17,24.166667938232422,24.174999237060547,23.836666107177734,24.049999237060547,24.049999237060547,3718800
2016-10-18,24.22333335876465,24.768333435058594,24.22333335876465,24.453332901000977,24.453332901000977,4827600
2016-10-19,24.5,24.678333282470703,24.371667861938477,24.581666946411133,24.581666946411133,3218400
2016-10-20,24.649999618530273,24.711666107177734,24.35333251953125,24.434999465942383,24.434999465942383,3459000
2016-10-21,24.468332290649414,24.56166648864746,24.22833251953125,24.543333053588867,24.543333053588867,3381000
2016-10-24,24.690000534057617,25.315000534057617,24.678333282470703,25.020000457763672,25.020000457763672,6842400
2016-10-25,25.051666259765625,25.170000076293945,24.915000915527344,24.968332290649414,24.968332290649414,3376800
2016-10-26,24.981666564941406,24.981666564941406,24.34166717529297,24.350000381469727,24.350000381469727,3849600
2016-10-27,24.413333892822266,24.415000915527344,23.831666946411133,23.883333206176758,23.883333206176758,5599200
2016-10-28,23.8799991607666,24.128332138061523,23.8799991607666,23.98666763305664,23.98666763305664,5484600
2016-10-31,24.010000228881836,24.178333282470703,23.873332977294922,24.05666732788086,24.05666732788086,4535400
2016-11-01,24.358333587646484,24.428333282470703,23.821666717529297,23.93833351135254,23.93833351135254,4614600
2016-11-02,23.989999771118164,24.373332977294922,23.989999771118164,24.04833221435547,24.04833221435547,4927800
2016-11-03,24.135000228881836,24.165000915527344,23.316667556762695,23.36833381652832,23.36833381652832,9057000
2016-11-04,21.7549991607666,23.15166664123535,21.083332061767578,22.538333892822266,22.538333892822266,36476400
2016-11-07,22.758333206176758,22.78499984741211,22.273332595825195,22.690000534057617,22.690000534057617,8246400
2016-11-08,22.708332061767578,22.831666946411133,22.405000686645508,22.666667938232422,22.666667938232422,5959800
2016-11-09,21.924999237060547,22.5049991607666,21.668333053588867,22.09833335876465,22.09833335876465,10206600
2016-11-10,22.389999389648438,22.43000030517578,21.149999618530273,21.165000915527344,21.165000915527344,7230600
2016-11-11,21.19499969482422,21.329999923706055,20.71500015258789,20.959999084472656,20.959999084472656,5676400
2016-11-14,20.895000457763672,21.149999618530273,20.31999969482422,20.434999465942383,20.434999465942383,8057000
2016-11-15,20.510000228881836,20.924999237060547,20.43000030517578,20.809999465942383,20.809999465942383,9331800
2016-11-16,20.764999389648438,21.270000457763672,20.735000610351562,21.030000686645508,21.030000686645508,7788200
2016-11-17,21.010000228881836,21.170000076293945,20.7549991607666,20.985000610351562,20.985000610351562,7280000
2016-11-18,20.8700008392334,21.0,20.80500030517578,20.84000015258789,20.84000015258789,5534600
2016-11-21,20.815000534057617,21.854999542236328,20.774999618530273,21.795000076293945,21.795000076293945,18131200
2016-11-22,21.864999771118164,22.825000762939453,21.795000076293945,22.6299991607666,22.6299991607666,13816600
2016-11-23,22.510000228881836,22.81999969482422,22.30500030517578,22.3700008392334,22.3700008392334,5981800
2016-11-25,22.364999771118164,22.514999389648438,22.315000534057617,22.424999237060547,22.424999237060547,2658200
2016-11-28,22.385000228881836,22.735000610351562,22.34000015258789,22.645000457763672,22.645000457763672,7403800
2016-11-29,22.635000228881836,22.8700008392334,22.540000915527344,22.639999389648438,22.639999389648438,7970600
2016-11-30,22.614999771118164,22.645000457763672,22.274999618530273,22.375,22.375,7934600
2016-12-01,22.25,22.399999618530273,21.764999389648438,21.81999969482422,21.81999969482422,8284400
2016-12-02,22.5,22.5,21.719999313354492,22.219999313354492,22.219999313354492,6165600
2016-12-05,22.739999771118164,22.739999771118164,22.21500015258789,22.44499969482422,22.44499969482422,5219000
2016-12-06,22.440000534057617,22.489999771118164,21.924999237060547,22.184999465942383,22.184999465942383,5570600
2016-12-07,22.184999465942383,22.3799991607666,22.125,22.235000610351562,22.235000610351562,5542400
2016-12-08,22.184999465942383,22.264999389648438,21.5,21.524999618530273,21.524999618530273,5759200
2016-12-09,21.53499984741211,22.110000610351562,21.530000686645508,22.020000457763672,22.020000457763672,5057200
2016-12-12,21.924999237060547,22.25,21.924999237060547,22.135000228881836,22.135000228881836,3965400
2016-12-13,22.079999923706055,22.600000381469727,21.94499969482422,22.5,22.5,5259000
2016-12-14,22.4950008392334,22.549999237060547,21.899999618530273,22.010000228881836,22.010000228881836,4069600
2016-12-15,21.905000686645508,22.280000686645508,21.875,22.145000457763672,22.145000457763672,3121200
2016-12-16,22.139999389648438,22.375,21.954999923706055,22.25,22.25,7848800
2016-12-19,22.200000762939453,22.25,21.844999313354492,21.934999465942383,21.934999465942383,4398600
2016-12-20,21.954999923706055,22.0,21.729999542236328,21.770000457763672,21.770000457763672,5104000
2016-12-21,22.639999389648438,22.885000228881836,22.184999465942383,22.684999465942383,22.684999465942383,8610200
2016-12-22,22.7549991607666,22.795000076293945,22.2450008392334,22.649999618530273,22.649999618530273,4580200
2016-12-23,22.524999618530273,23.010000228881836,22.514999389648438,22.78499984741211,22.78499984741211,4020800
2016-12-27,22.799999237060547,23.045000076293945,22.56999969482422,22.764999389648438,22.764999389648438,3449000
2016-12-28,22.815000534057617,22.815000534057617,22.350000381469727,22.454999923706055,22.454999923706055,3342200
2016-12-29,22.454999923706055,22.6200008392334,22.344999313354492,22.514999389648438,22.514999389648438,3966400
2016-12-30,22.549999237060547,22.594999313354492,22.05500030517578,22.170000076293945,22.170000076293945,5059000
2017-01-03,22.325000762939453,22.774999618530273,22.28499984741211,22.770000457763672,22.770000457763672,6885200
2017-01-04,22.850000381469727,23.065000534057617,22.770000457763672,23.010000228881836,23.010000228881836,4619200
2017-01-05,22.9950008392334,23.149999618530273,22.815000534057617,23.094999313354492,23.094999313354492,5490000
2017-01-06,23.075000762939453,23.149999618530273,22.674999237060547,22.809999465942383,22.809999465942383,5317200
2017-01-09,22.729999542236328,22.78499984741211,22.100000381469727,22.200000762939453,22.200000762939453,5761400
2017-01-10,22.125,22.2450008392334,21.69499969482422,21.75,21.75,7106600
2017-01-11,21.770000457763672,22.239999771118164,21.7549991607666,21.9950008392334,21.9950008392334,4021800
2017-01-12,22.0,22.0,21.489999771118164,21.55500030517578,21.55500030517578,6666600
2017-01-13,22.625,22.625,21.975000381469727,22.2549991607666,22.2549991607666,9049400
2017-01-17,22.2450008392334,22.350000381469727,21.915000915527344,21.969999313354492,21.969999313354492,4766800
2017-01-18,21.979999542236328,22.075000762939453,21.56999969482422,21.729999542236328,21.729999542236328,6364400
2017-01-19,21.65999984741211,21.885000228881836,21.584999084472656,21.674999237060547,21.674999237060547,3951400
2017-01-20,21.780000686645508,21.924999237060547,21.579999923706055,21.7549991607666,21.7549991607666,4792400
2017-01-23,21.725000381469727,21.8799991607666,21.649999618530273,21.760000228881836,21.760000228881836,3348600
2017-01-24,21.854999542236328,21.889999389648438,21.424999237060547,21.854999542236328,21.854999542236328,4093400
2017-01-25,21.954999923706055,22.1200008392334,21.540000915527344,21.565000534057617,21.565000534057617,6653600
2017-01-26,21.55500030517578,21.729999542236328,21.1299991607666,21.334999084472656,21.334999084472656,5809600
2017-01-27,21.40999984741211,21.43000030517578,21.014999389648438,21.149999618530273,21.149999618530273,3092600
2017-01-30,21.1299991607666,21.239999771118164,20.975000381469727,21.21500015258789,21.21500015258789,4153000
2017-01-31,21.25,21.405000686645508,21.149999618530273,21.299999237060547,21.299999237060547,3762400
2017-02-01,21.260000228881836,21.260000228881836,20.829999923706055,20.90999984741211,20.90999984741211,3856800
2017-02-02,20.924999237060547,21.104999542236328,20.889999389648438,20.905000686645508,20.905000686645508,4051200
2017-02-03,21.084999084472656,21.55500030517578,20.889999389648438,21.31999969482422,21.31999969482422,4881600
2017-02-06,21.290000915527344,21.459999084472656,21.18000030517578,21.364999771118164,21.364999771118164,3777800
2017-02-07,21.375,21.604999542236328,21.329999923706055,21.540000915527344,21.540000915527344,2849800
2017-02-08,21.469999313354492,21.905000686645508,21.454999923706055,21.834999084472656,21.834999084472656,3641600
2017-02-09,21.81999969482422,21.985000610351562,21.6299991607666,21.889999389648438,21.889999389648438,3839000
2017-02-10,21.93000030517578,22.024999618530273,21.825000762939453,22.0049991607666,22.0049991607666,2860400
2017-02-13,22.459999084472656,22.489999771118164,21.690000534057617,21.709999084472656,21.709999084472656,4357000
2017-02-14,21.709999084472656,21.75,21.485000610351562,21.690000534057617,21.690000534057617,3648800
2017-02-15,21.665000915527344,21.795000076293945,21.565000534057617,21.674999237060547,21.674999237060547,3453200
2017-02-16,21.760000228881836,21.815000534057617,21.53499984741211,21.725000381469727,21.725000381469727,3105800
2017-02-17,21.725000381469727,21.895000457763672,21.665000915527344,21.815000534057617,21.815000534057617,6346600
2017-02-21,21.854999542236328,22.03499984741211,21.700000762939453,21.9950008392334,21.9950008392334,5298600
2017-02-22,22.024999618530273,22.239999771118164,21.954999923706055,21.969999313354492,21.969999313354492,3204600
2017-02-23,21.985000610351562,22.094999313354492,21.844999313354492,21.954999923706055,21.954999923706055,2994800
2017-02-24,22.100000381469727,22.170000076293945,21.68000030517578,21.774999618530273,21.774999618530273,4155000
2017-02-27,21.655000686645508,21.725000381469727,20.950000762939453,21.045000076293945,21.045000076293945,8515600
2017-02-28,21.0049991607666,21.1200008392334,20.510000228881836,20.719999313354492,20.719999313354492,17018600
2017-03-01,20.704999923706055,21.114999771118164,20.645000457763672,21.0049991607666,21.0049991607666,9546200
2017-03-02,23.924999237060547,24.469999313354492,23.334999084472656,23.684999465942383,23.684999465942383,26017800
2017-03-03,23.479999542236328,24.075000762939453,23.170000076293945,24.020000457763672,24.020000457763672,10891200
2017-03-06,23.8700008392334,23.9950008392334,23.485000610351562,23.489999771118164,23.489999771118164,12850800
2017-03-07,23.315000534057617,23.485000610351562,23.280000686645508,23.350000381469727,23.350000381469727,3591400
2017-03-08,23.2549991607666,23.690000534057617,23.2549991607666,23.684999465942383,23.684999465942383,5324800
2017-03-09,23.69499969482422,23.899999618530273,23.344999313354492,23.5049991607666,23.5049991607666,4073200
2017-03-10,23.614999771118164,23.625,23.239999771118164,23.40999984741211,23.40999984741211,3480400
2017-03-13,23.31999969482422,23.334999084472656,23.09000015258789,23.21500015258789,23.21500015258789,3661800
2017-03-14,23.149999618530273,23.200000762939453,22.975000381469727,23.135000228881836,23.135000228881836,3598400
2017-03-15,23.25,23.604999542236328,23.184999465942383,23.545000076293945,23.545000076293945,3982800
2017-03-16,23.184999465942383,23.584999084472656,23.184999465942383,23.440000534057617,23.440000534057617,3863400
2017-03-17,23.565000534057617,23.584999084472656,23.219999313354492,23.235000610351562,23.235000610351562,7629000
2017-03-20,23.28499984741211,23.5049991607666,23.184999465942383,23.399999618530273,23.399999618530273,3690400
2017-03-21,23.5049991607666,23.68000030517578,23.334999084472656,23.344999313354492,23.344999313354492,4587200
2017-03-22,23.364999771118164,23.610000610351562,23.209999084472656,23.565000534057617,23.565000534057617,4305800
2017-03-23,23.46500015258789,23.639999389648438,23.260000228881836,23.280000686645508,23.280000686645508,3050800
2017-03-24,23.325000762939453,23.55500030517578,23.229999542236328,23.469999313354492,23.469999313354492,3927400
2017-03-27,23.389999389648438,23.514999389648438,23.209999084472656,23.450000762939453,23.450000762939453,2630600
2017-03-28,23.479999542236328,23.645000457763672,23.28499984741211,23.4950008392334,23.4950008392334,2645800
2017-03-29,23.364999771118164,23.635000228881836,23.309999465942383,23.614999771118164,23.614999771118164,4005400
2017-03-30,23.545000076293945,23.6200008392334,23.045000076293945,23.1299991607666,23.1299991607666,3910000
2017-03-31,23.075000762939453,23.260000228881836,22.8799991607666,23.084999084472656,23.084999084472656,4142400
2017-04-03,23.114999771118164,23.209999084472656,22.780000686645508,22.8799991607666,22.8799991607666,4563600
2017-04-04,22.885000228881836,23.024999618530273,22.700000762939453,23.010000228881836,23.010000228881836,3781200
2017-04-05,22.915000915527344,23.145000457763672,22.799999237060547,22.96500015258789,22.96500015258789,3839600
2017-04-06,23.020000457763672,23.170000076293945,22.84000015258789,22.875,22.875,3238600
2017-04-07,22.8700008392334,22.954999923706055,22.670000076293945,22.924999237060547,22.924999237060547,3508400
2017-04-10,22.959999084472656,22.9950008392334,22.709999084472656,22.90999984741211,22.90999984741211,3444800
2017-04-11,22.895000457763672,22.895000457763672,22.579999923706055,22.68000030517578,22.68000030517578,3179200
2017-04-12,22.600000381469727,22.764999389648438,22.575000762939453,22.700000762939453,22.700000762939453,3695800
2017-04-13,22.7549991607666,22.815000534057617,22.420000076293945,22.450000762939453,22.450000762939453,2656600
2017-04-17,22.399999618530273,22.514999389648438,22.190000534057617,22.5049991607666,22.5049991607666,5616200
2017-04-18,22.485000610351562,22.729999542236328,22.44499969482422,22.655000686645508,22.655000686645508,3705600
2017-04-19,22.75,22.829999923706055,22.5,22.549999237060547,22.549999237060547,2705400
2017-04-20,22.4950008392334,22.96500015258789,22.469999313354492,22.8700008392334,22.8700008392334,4098200
2017-04-21,22.84000015258789,22.934999465942383,22.684999465942383,22.69499969482422,22.69499969482422,3585400
2017-04-24,22.84000015258789,22.959999084472656,22.520000457763672,22.735000610351562,22.735000610351562,4989000
2017-04-25,22.774999618530273,22.795000076293945,22.489999771118164,22.684999465942383,22.684999465942383,4415800
2017-04-26,22.655000686645508,22.75,22.520000457763672,22.55500030517578,22.55500030517578,3869200
2017-04-27,22.600000381469727,22.764999389648438,22.514999389648438,22.645000457763672,22.645000457763672,3771200
2017-04-28,22.690000534057617,22.790000915527344,22.540000915527344,22.690000534057617,22.690000534057617,5070800
2017-05-01,22.719999313354492,22.790000915527344,22.2549991607666,22.280000686645508,22.280000686645508,4617600
2017-05-02,22.295000076293945,22.44499969482422,22.174999237060547,22.34000015258789,22.34000015258789,4811800
2017-05-03,22.360000610351562,22.604999542236328,22.34000015258789,22.46500015258789,22.46500015258789,4744800
2017-05-04,22.565000534057617,23.149999618530273,22.510000228881836,22.96500015258789,22.96500015258789,7366800
2017-05-05,23.479999542236328,24.049999237060547,23.375,23.725000381469727,23.725000381469727,12103000
2017-05-08,23.7450008392334,24.344999313354492,23.739999771118164,24.239999771118164,24.239999771118164,11648000
2017-05-09,24.200000762939453,24.239999771118164,23.719999313354492,23.9950008392334,23.9950008392334,6301600
2017-05-10,23.985000610351562,24.145000457763672,23.84000015258789,23.924999237060547,23.924999237060547,5784400
2017-05-11,23.84000015258789,24.059999465942383,23.770000457763672,23.940000534057617,23.940000534057617,2958400
2017-05-12,23.940000534057617,24.024999618530273,23.7450008392334,23.809999465942383,23.809999465942383,2758800
2017-05-15,23.75,23.825000762939453,23.639999389648438,23.729999542236328,23.729999542236328,3930600
2017-05-16,23.795000076293945,23.825000762939453,23.354999542236328,23.405000686645508,23.405000686645508,4167600
2017-05-17,23.350000381469727,23.575000762939453,23.25,23.399999618530273,23.399999618530273,4335600
2017-05-18,23.81999969482422,23.81999969482422,23.329999923706055,23.405000686645508,23.405000686645508,4986800
2017-05-19,23.43000030517578,23.950000762939453,23.329999923706055,23.844999313354492,23.844999313354492,4442600
2017-05-22,23.764999389648438,24.264999389648438,23.764999389648438,24.170000076293945,24.170000076293945,4399000
2017-05-23,24.225000381469727,24.795000076293945,24.204999923706055,24.71500015258789,24.71500015258789,7457400
2017-05-24,24.799999237060547,24.9950008392334,24.6200008392334,24.94499969482422,24.94499969482422,4659400
2017-05-25,25.0,25.559999465942383,24.950000762939453,25.3799991607666,25.3799991607666,5113200
2017-05-26,25.395000457763672,25.655000686645508,25.344999313354492,25.450000762939453,25.450000762939453,3483000
2017-05-30,25.334999084472656,25.46500015258789,25.21500015258789,25.354999542236328,25.354999542236328,2466800
2017-05-31,25.420000076293945,25.55500030517578,25.235000610351562,25.280000686645508,25.280000686645508,4143600
2017-06-01,25.315000534057617,25.530000686645508,25.049999237060547,25.485000610351562,25.485000610351562,4871200
2017-06-02,25.424999237060547,25.639999389648438,25.15999984741211,25.635000228881836,25.635000228881836,4278800
2017-06-05,25.625,25.65999984741211,25.405000686645508,25.55500030517578,25.55500030517578,2512200
2017-06-06,25.469999313354492,25.6200008392334,25.28499984741211,25.375,25.375,2876000
2017-06-07,25.34000015258789,25.479999542236328,25.235000610351562,25.424999237060547,25.424999237060547,2876200
2017-06-08,25.170000076293945,25.274999618530273,24.899999618530273,25.239999771118164,25.239999771118164,3979400
2017-06-09,25.190000534057617,25.31999969482422,24.940000534057617,25.024999618530273,25.024999618530273,4484200
2017-06-12,25.0049991607666,25.334999084472656,25.0,25.31999969482422,25.31999969482422,4028800
2017-06-13,25.1299991607666,25.364999771118164,25.010000228881836,25.274999618530273,25.274999618530273,3415800
2017-06-14,25.43000030517578,25.600000381469727,25.165000915527344,25.375,25.375,3556200
2017-06-15,25.264999389648438,25.719999313354492,25.260000228881836,25.649999618530273,25.649999618530273,3921800
2017-06-16,25.440000534057617,25.93000030517578,25.059999465942383,25.155000686645508,25.155000686645508,6846200
2017-06-19,25.184999465942383,25.44499969482422,25.0049991607666,25.43000030517578,25.43000030517578,3134200
2017-06-20,25.459999084472656,25.579999923706055,25.309999465942383,25.415000915527344,25.415000915527344,4056000
2017-06-21,25.3700008392334,25.71500015258789,25.3700008392334,25.594999313354492,25.594999313354492,3757800
2017-06-22,25.549999237060547,25.71500015258789,25.329999923706055,25.424999237060547,25.424999237060547,2976600
2017-06-23,25.514999389648438,26.204999923706055,25.514999389648438,25.9950008392334,25.9950008392334,6620000
2017-06-26,26.065000534057617,26.1200008392334,25.729999542236328,25.760000228881836,25.760000228881836,3899000
2017-06-27,25.655000686645508,25.7549991607666,25.145000457763672,25.149999618530273,25.149999618530273,4958400
2017-06-28,25.239999771118164,25.6200008392334,25.084999084472656,25.524999618530273,25.524999618530273,4063000
2017-06-29,25.399999618530273,25.514999389648438,24.825000762939453,24.954999923706055,24.954999923706055,4236000
2017-06-30,25.2450008392334,25.25,24.825000762939453,24.84000015258789,24.84000015258789,5233600
2017-07-03,24.985000610351562,25.075000762939453,24.735000610351562,24.860000610351562,24.860000610351562,2077000
2017-07-05,24.915000915527344,24.979999542236328,24.514999389648438,24.7549991607666,24.7549991607666,3799200
2017-07-06,24.625,25.239999771118164,24.600000381469727,25.165000915527344,25.165000915527344,7384200
2017-07-07,25.165000915527344,25.415000915527344,25.024999618530273,25.350000381469727,25.350000381469727,5734200
2017-07-10,25.399999618530273,25.450000762939453,25.079999923706055,25.2549991607666,25.2549991607666,3613200
2017-07-11,25.28499984741211,25.290000915527344,24.905000686645508,24.989999771118164,24.989999771118164,3857200
2017-07-12,25.19499969482422,25.434999465942383,25.1200008392334,25.209999084472656,25.209999084472656,2568800
2017-07-13,25.264999389648438,25.43000030517578,25.059999465942383,25.405000686645508,25.405000686645508,3415200
2017-07-14,25.565000534057617,25.864999771118164,25.510000228881836,25.834999084472656,25.834999084472656,3165400
2017-07-17,25.8700008392334,25.8700008392334,25.69499969482422,25.770000457763672,25.770000457763672,2378400
2017-07-18,25.75,25.934999465942383,25.610000610351562,25.920000076293945,25.920000076293945,2139800
2017-07-19,25.989999771118164,26.139999389648438,25.84000015258789,26.114999771118164,26.114999771118164,3649200
2017-07-20,26.19499969482422,26.290000915527344,25.989999771118164,26.184999465942383,26.184999465942383,3182400
2017-07-21,26.079999923706055,26.315000534057617,26.079999923706055,26.290000915527344,26.290000915527344,2490200
2017-07-24,26.315000534057617,26.475000381469727,26.184999465942383,26.364999771118164,26.364999771118164,3520800
2017-07-25,26.420000076293945,26.75,26.309999465942383,26.69499969482422,26.69499969482422,4208800
2017-07-26,26.670000076293945,26.969999313354492,26.530000686645508,26.78499984741211,26.78499984741211,3210000
2017-07-27,26.709999084472656,27.03499984741211,26.625,27.014999389648438,27.014999389648438,4715800
2017-07-28,26.959999084472656,27.1200008392334,26.6200008392334,26.704999923706055,26.704999923706055,2488200
2017-07-31,26.69499969482422,26.799999237060547,26.264999389648438,26.375,26.375,3903800
2017-08-01,26.469999313354492,26.674999237060547,26.204999923706055,26.559999465942383,26.559999465942383,3620000
2017-08-02,26.395000457763672,26.565000534057617,26.1200008392334,26.520000457763672,26.520000457763672,3475800
2017-08-03,26.584999084472656,26.7450008392334,26.229999542236328,26.56999969482422,26.56999969482422,2920200
2017-08-04,26.655000686645508,26.65999984741211,26.200000762939453,26.354999542236328,26.354999542236328,2756200
2017-08-07,26.415000915527344,26.5,26.295000076293945,26.434999465942383,26.434999465942383,3722200
2017-08-08,26.344999313354492,26.690000534057617,26.270000457763672,26.315000534057617,26.315000534057617,6315200
2017-08-09,25.770000457763672,26.21500015258789,25.395000457763672,26.014999389648438,26.014999389648438,6742800
2017-08-10,25.934999465942383,26.415000915527344,25.780000686645508,26.260000228881836,26.260000228881836,5748800
2017-08-11,26.690000534057617,27.0049991607666,26.280000686645508,26.90999984741211,26.90999984741211,5489400
2017-08-14,26.969999313354492,27.28499984741211,26.93000030517578,26.975000381469727,26.975000381469727,4018800
2017-08-15,26.989999771118164,27.059999465942383,26.844999313354492,27.0049991607666,27.0049991607666,2390600
2017-08-16,27.135000228881836,27.200000762939453,27.03499984741211,27.155000686645508,27.155000686645508,2063600
2017-08-17,27.1299991607666,27.364999771118164,26.799999237060547,26.854999542236328,26.854999542236328,3370000
2017-08-18,26.739999771118164,27.18000030517578,26.71500015258789,27.024999618530273,27.024999618530273,3860600
2017-08-21,27.06999969482422,27.260000228881836,26.979999542236328,27.18000030517578,27.18000030517578,2513800
2017-08-22,27.190000534057617,27.7450008392334,27.184999465942383,27.690000534057617,27.690000534057617,4720800
2017-08-23,27.7450008392334,27.790000915527344,27.44499969482422,27.579999923706055,27.579999923706055,3174800
2017-08-24,27.549999237060547,27.6200008392334,27.389999389648438,27.489999771118164,27.489999771118164,3218800
2017-08-25,27.584999084472656,27.850000381469727,27.46500015258789,27.610000610351562,27.610000610351562,3620000
2017-08-28,27.700000762939453,27.7450008392334,27.479999542236328,27.579999923706055,27.579999923706055,3286000
2017-08-29,27.520000457763672,27.78499984741211,27.450000762939453,27.684999465942383,27.684999465942383,2918000
2017-08-30,27.665000915527344,28.065000534057617,27.635000228881836,27.975000381469727,27.975000381469727,3085000
2017-08-31,28.024999618530273,28.219999313354492,27.8799991607666,27.90999984741211,27.90999984741211,4060600
2017-09-01,27.985000610351562,28.145000457763672,27.940000534057617,28.040000915527344,28.040000915527344,3224800
2017-09-05,27.985000610351562,28.229999542236328,27.975000381469727,28.174999237060547,28.174999237060547,5255600
2017-09-06,28.475000381469727,28.625,27.975000381469727,28.165000915527344,28.165000915527344,6516800
2017-09-07,28.190000534057617,28.28499984741211,28.03499984741211,28.18000030517578,28.18000030517578,4003400
2017-09-08,28.18000030517578,28.350000381469727,28.104999542236328,28.15999984741211,28.15999984741211,2461600
2017-09-11,28.264999389648438,28.479999542236328,28.21500015258789,28.329999923706055,28.329999923706055,2729000
2017-09-12,28.239999771118164,28.454999923706055,27.924999237060547,28.040000915527344,28.040000915527344,5569600
2017-09-13,27.924999237060547,28.299999237060547,27.885000228881836,28.190000534057617,28.190000534057617,3047000
2017-09-14,28.165000915527344,28.31999969482422,27.979999542236328,28.290000915527344,28.290000915527344,4465400
2017-09-15,28.375,28.415000915527344,28.010000228881836,28.09000015258789,28.09000015258789,8690400
2017-09-18,28.084999084472656,28.399999618530273,27.979999542236328,28.334999084472656,28.334999084472656,2513400
2017-09-19,28.34000015258789,28.3799991607666,28.084999084472656,28.1299991607666,28.1299991607666,2928800
2017-09-20,28.049999237060547,28.149999618530273,27.600000381469727,27.975000381469727,27.975000381469727,3064600
2017-09-21,27.975000381469727,27.9950008392334,27.75,27.78499984741211,27.78499984741211,2333600
2017-09-22,27.809999465942383,28.020000457763672,27.735000610351562,27.905000686645508,27.905000686645508,2254600
2017-09-25,27.90999984741211,27.9950008392334,27.565000534057617,27.584999084472656,27.584999084472656,3333000
2017-09-26,27.610000610351562,27.7549991607666,27.575000762939453,27.600000381469727,27.600000381469727,3961200
2017-09-27,27.604999542236328,27.604999542236328,27.114999771118164,27.440000534057617,27.440000534057617,11633000
2017-09-28,27.31999969482422,27.864999771118164,27.209999084472656,27.739999771118164,27.739999771118164,6055000
2017-09-29,27.729999542236328,27.975000381469727,27.530000686645508,27.625,27.625,4266200
2017-10-02,27.625,27.934999465942383,27.514999389648438,27.56999969482422,27.56999969482422,2760800
2017-10-03,27.6200008392334,27.844999313354492,27.5,27.635000228881836,27.635000228881836,3055600
2017-10-04,27.684999465942383,27.71500015258789,27.399999618530273,27.610000610351562,27.610000610351562,3761400
2017-10-05,27.739999771118164,27.809999465942383,27.575000762939453,27.700000762939453,27.700000762939453,2608200
2017-10-06,27.614999771118164,27.770000457763672,27.540000915527344,27.684999465942383,27.684999465942383,2203800
2017-10-09,27.7450008392334,27.864999771118164,27.6299991607666,27.69499969482422,27.69499969482422,1501600
2017-10-10,27.729999542236328,27.860000610351562,27.604999542236328,27.68000030517578,27.68000030517578,2001200
2017-10-11,27.649999618530273,27.94499969482422,27.610000610351562,27.850000381469727,27.850000381469727,2738200
2017-10-12,27.829999923706055,28.0049991607666,27.7549991607666,27.979999542236328,27.979999542236328,2797800
2017-10-13,28.0049991607666,28.084999084472656,27.8799991607666,27.915000915527344,27.915000915527344,1941600
2017-10-16,27.940000534057617,28.135000228881836,27.940000534057617,28.110000610351562,28.110000610351562,3156200
2017-10-17,28.145000457763672,28.375,27.969999313354492,28.260000228881836,28.260000228881836,2934600
2017-10-18,28.174999237060547,28.2450008392334,27.959999084472656,28.145000457763672,28.145000457763672,2430600
2017-10-19,28.110000610351562,28.165000915527344,27.915000915527344,27.9950008392334,27.9950008392334,2359200
2017-10-20,28.09000015258789,28.264999389648438,28.03499984741211,28.229999542236328,28.229999542236328,3614600
2017-10-23,28.25,28.350000381469727,28.09000015258789,28.18000030517578,28.18000030517578,2481400
2017-10-24,28.1299991607666,28.475000381469727,28.014999389648438,28.415000915527344,28.415000915527344,2715600
2017-10-25,28.204999923706055,28.299999237060547,27.950000762939453,28.25,28.25,2547200
2017-10-26,28.3700008392334,28.510000228881836,28.25,28.375,28.375,2412600
2017-10-27,28.190000534057617,28.540000915527344,27.959999084472656,28.375,28.375,3295400
2017-10-30,28.43000030517578,28.5,28.079999923706055,28.415000915527344,28.415000915527344,3298600
2017-10-31,28.5,29.270000457763672,28.479999542236328,28.96500015258789,28.96500015258789,4810600
2017-11-01,29.170000076293945,29.21500015258789,28.799999237060547,28.899999618530273,28.899999618530273,3471000
2017-11-02,28.954999923706055,28.96500015258789,28.69499969482422,28.725000381469727,28.725000381469727,2558000
2017-11-03,28.604999542236328,28.954999923706055,28.545000076293945,28.834999084472656,28.834999084472656,2736000
2017-11-06,28.850000381469727,28.899999618530273,28.665000915527344,28.760000228881836,28.760000228881836,3230200
2017-11-07,28.75,28.959999084472656,28.68000030517578,28.959999084472656,28.959999084472656,3442000
2017-11-08,28.959999084472656,29.149999618530273,28.829999923706055,29.0,29.0,6514600
2017-11-09,28.0,29.940000534057617,28.0,29.34000015258789,29.34000015258789,9616000
2017-11-10,29.299999237060547,30.670000076293945,29.135000228881836,30.579999923706055,30.579999923706055,9176600
2017-11-13,30.485000610351562,31.209999084472656,30.420000076293945,31.100000381469727,31.100000381469727,5854400
2017-11-14,30.864999771118164,31.399999618530273,30.600000381469727,31.315000534057617,31.315000534057617,5932000
2017-11-15,31.270000457763672,31.329999923706055,30.729999542236328,30.799999237060547,30.799999237060547,6751000
2017-11-16,30.825000762939453,31.28499984741211,30.68000030517578,31.0,31.0,5459400
2017-11-17,30.989999771118164,31.31999969482422,30.8700008392334,31.084999084472656,31.084999084472656,3603400
2017-11-20,30.264999389648438,30.915000915527344,30.075000762939453,30.579999923706055,30.579999923706055,4902400
2017-11-21,30.670000076293945,30.899999618530273,30.520000457763672,30.635000228881836,30.635000228881836,5100200
2017-11-22,30.704999923706055,30.84000015258789,30.434999465942383,30.635000228881836,30.635000228881836,2300000
2017-11-24,30.530000686645508,30.90999984741211,30.530000686645508,30.875,30.875,1147200
2017-11-27,30.8799991607666,30.989999771118164,30.69499969482422,30.885000228881836,30.885000228881836,2526800
2017-11-28,31.174999237060547,31.34000015258789,30.774999618530273,31.045000076293945,31.045000076293945,5730200
2017-11-29,31.049999237060547,31.104999542236328,30.729999542236328,30.94499969482422,30.94499969482422,2922000
2017-11-30,30.90999984741211,31.375,30.799999237060547,31.334999084472656,31.334999084472656,5432000
2017-12-01,31.075000762939453,31.469999313354492,30.924999237060547,31.459999084472656,31.459999084472656,4384400
2017-12-04,31.469999313354492,31.704999923706055,31.2450008392334,31.674999237060547,31.674999237060547,4463000
2017-12-05,31.584999084472656,31.770000457763672,31.399999618530273,31.524999618530273,31.524999618530273,3971000
2017-12-06,31.524999618530273,31.649999618530273,31.30500030517578,31.635000228881836,31.635000228881836,4162600
2017-12-07,31.540000915527344,31.594999313354492,31.110000610351562,31.149999618530273,31.149999618530273,4712400
2017-12-08,31.309999465942383,31.614999771118164,31.190000534057617,31.610000610351562,31.610000610351562,3589200
2017-12-11,31.44499969482422,31.545000076293945,31.110000610351562,31.469999313354492,31.469999313354492,3194000
2017-12-12,31.475000381469727,31.75,31.235000610351562,31.454999923706055,31.454999923706055,3136400
2017-12-13,31.579999923706055,31.809999465942383,31.5,31.7549991607666,31.7549991607666,3351400
2017-12-14,31.809999465942383,32.11000061035156,31.46500015258789,31.565000534057617,31.565000534057617,3449000
2017-12-15,31.709999084472656,32.125,31.25,32.005001068115234,32.005001068115234,8232400
2017-12-18,32.220001220703125,32.39500045776367,31.954999923706055,32.01499938964844,32.01499938964844,2761200
2017-12-19,32.029998779296875,32.255001068115234,31.90999984741211,32.10499954223633,32.10499954223633,2534600
2017-12-20,32.27000045776367,32.34000015258789,31.774999618530273,32.0099983215332,32.0099983215332,2671400
2017-12-21,32.185001373291016,32.255001068115234,31.780000686645508,31.905000686645508,31.905000686645508,3377400
2017-12-22,31.950000762939453,32.025001525878906,31.7549991607666,31.885000228881836,31.885000228881836,2460800
2017-12-26,31.540000915527344,32.04999923706055,31.479999542236328,31.920000076293945,31.920000076293945,1622400
2017-12-27,31.94499969482422,32.15999984741211,31.860000610351562,32.1150016784668,32.1150016784668,3111600
2017-12-28,32.25,32.279998779296875,31.440000534057617,31.459999084472656,31.459999084472656,2882600
2017-12-29,31.3700008392334,31.850000381469727,31.354999542236328,31.645000457763672,31.645000457763672,3217600
2018-01-02,31.700000762939453,31.809999465942383,31.295000076293945,31.354999542236328,31.354999542236328,5050000
2018-01-03,31.34000015258789,31.65999984741211,31.1200008392334,31.559999465942383,31.559999465942383,5575400
2018-01-04,31.690000534057617,32.029998779296875,31.559999465942383,31.68000030517578,31.68000030517578,3779000
2018-01-05,31.7450008392334,31.924999237060547,31.594999313354492,31.7450008392334,31.7450008392334,3509400
2018-01-08,31.530000686645508,32.040000915527344,31.395000457763672,32.01499938964844,32.01499938964844,2958400
2018-01-09,32.154998779296875,32.79499816894531,31.989999771118164,32.7400016784668,32.7400016784668,6946600
2018-01-10,32.84000015258789,33.08000183105469,31.645000457763672,31.795000076293945,31.795000076293945,5427200
2018-01-11,31.860000610351562,32.05500030517578,31.719999313354492,31.979999542236328,31.979999542236328,3948000
2018-01-12,32.06999969482422,32.15999984741211,31.84000015258789,31.885000228881836,31.885000228881836,3685400
2018-01-16,32.040000915527344,32.380001068115234,31.80500030517578,32.279998779296875,32.279998779296875,5714000
2018-01-17,32.66999816894531,33.619998931884766,32.525001525878906,33.53499984741211,33.53499984741211,7812200
2018-01-18,33.505001068115234,33.61000061035156,32.845001220703125,33.23500061035156,33.23500061035156,3525000
2018-01-19,33.314998626708984,33.66999816894531,33.26499938964844,33.43000030517578,33.43000030517578,5003200
2018-01-22,33.41999816894531,33.900001525878906,33.375,33.8849983215332,33.8849983215332,3648000
2018-01-23,33.8650016784668,34.314998626708984,33.689998626708984,34.224998474121094,34.224998474121094,4999000
2018-01-24,34.34000015258789,34.3849983215332,34.06999969482422,34.13999938964844,34.13999938964844,4277800
2018-01-25,34.275001525878906,34.334999084472656,33.82500076293945,33.900001525878906,33.900001525878906,5345000
2018-01-26,33.91999816894531,34.5,33.845001220703125,34.45500183105469,34.45500183105469,3516800
2018-01-29,34.79999923706055,35.11000061035156,33.779998779296875,34.14500045776367,34.14500045776367,6183600
2018-01-30,34.125,34.505001068115234,33.89500045776367,33.95000076293945,33.95000076293945,4858000
2018-01-31,33.81999969482422,34.290000915527344,33.775001525878906,34.1150016784668,34.1150016784668,5009200
2018-02-01,33.98500061035156,34.220001220703125,33.529998779296875,33.96500015258789,33.96500015258789,3820200
2018-02-02,33.83000183105469,33.93000030517578,33.290000915527344,33.314998626708984,33.314998626708984,6236600
2018-02-05,33.290000915527344,33.43000030517578,31.924999237060547,31.924999237060547,31.924999237060547,6678400
2018-02-06,31.549999237060547,32.15999984741211,30.575000762939453,32.10499954223633,32.10499954223633,6897200
2018-02-07,31.864999771118164,32.55500030517578,31.790000915527344,32.275001525878906,32.275001525878906,5862200
2018-02-08,32.19499969482422,32.310001373291016,30.969999313354492,30.9950008392334,30.9950008392334,5910200
2018-02-09,31.139999389648438,31.709999084472656,30.59000015258789,31.44499969482422,31.44499969482422,5359600
2018-02-12,31.575000762939453,32.2400016784668,31.5,32.040000915527344,32.040000915527344,4103000
2018-02-13,31.80500030517578,31.885000228881836,31.434999465942383,31.69499969482422,31.69499969482422,4036600
2018-02-14,31.420000076293945,32.0,31.204999923706055,31.950000762939453,31.950000762939453,3467400
2018-02-15,32.04499816894531,32.82500076293945,31.899999618530273,32.80500030517578,32.80500030517578,3423000
2018-02-16,32.98500061035156,33.21500015258789,32.55500030517578,32.7400016784668,32.7400016784668,3134600
2018-02-20,32.4900016784668,32.790000915527344,32.15999984741211,32.29999923706055,32.29999923706055,3665600
2018-02-21,32.375,33.130001068115234,32.334999084472656,32.5099983215332,32.5099983215332,4479000
2018-02-22,32.54999923706055,32.8849983215332,32.36000061035156,32.46500015258789,32.46500015258789,4414800
2018-02-23,32.70000076293945,32.974998474121094,32.34000015258789,32.939998626708984,32.939998626708984,3895200
2018-02-26,33.060001373291016,33.17499923706055,32.584999084472656,32.904998779296875,32.904998779296875,3428200
2018-02-27,32.95000076293945,33.125,32.08000183105469,32.084999084472656,32.084999084472656,5610000
2018-02-28,32.375,32.42499923706055,31.649999618530273,31.684999465942383,31.684999465942383,8717000
2018-03-01,28.725000381469727,28.969999313354492,27.0,27.110000610351562,27.110000610351562,29378800
2018-03-02,26.850000381469727,27.1200008392334,26.364999771118164,27.079999923706055,27.079999923706055,13276400
2018-03-05,27.5049991607666,28.31999969482422,27.239999771118164,27.8700008392334,27.8700008392334,12898800
2018-03-06,27.950000762939453,27.950000762939453,27.219999313354492,27.834999084472656,27.834999084472656,7624000
2018-03-07,27.68000030517578,27.940000534057617,27.459999084472656,27.774999618530273,27.774999618530273,6095600
2018-03-08,27.795000076293945,28.489999771118164,27.684999465942383,28.415000915527344,28.415000915527344,5876000
2018-03-09,28.549999237060547,29.030000686645508,28.270000457763672,29.030000686645508,29.030000686645508,7862000
2018-03-12,28.9950008392334,29.674999237060547,28.9950008392334,29.21500015258789,29.21500015258789,8163800
2018-03-13,29.385000228881836,29.684999465942383,29.235000610351562,29.344999313354492,29.344999313354492,6671600
2018-03-14,29.434999465942383,29.4950008392334,28.864999771118164,29.364999771118164,29.364999771118164,6996600
2018-03-15,29.354999542236328,29.670000076293945,28.940000534057617,29.094999313354492,29.094999313354492,4597600
2018-03-16,29.100000381469727,29.454999923706055,28.844999313354492,29.31999969482422,29.31999969482422,7860800
2018-03-19,29.209999084472656,29.329999923706055,28.854999542236328,29.135000228881836,29.135000228881836,10876800
2018-03-20,29.290000915527344,29.459999084472656,29.114999771118164,29.34000015258789,29.34000015258789,5136400
2018-03-21,29.264999389648438,29.434999465942383,28.885000228881836,29.040000915527344,29.040000915527344,6143800
2018-03-22,28.8700008392334,29.014999389648438,28.354999542236328,28.389999389648438,28.389999389648438,6989600
2018-03-23,28.385000228881836,28.545000076293945,27.93000030517578,27.93000030517578,27.93000030517578,6377400
2018-03-26,28.405000686645508,28.565000534057617,27.959999084472656,28.434999465942383,28.434999465942383,5036800
2018-03-27,28.625,28.7549991607666,27.954999923706055,28.125,28.125,3674800
2018-03-28,28.184999465942383,28.489999771118164,28.024999618530273,28.1200008392334,28.1200008392334,3248000
2018-03-29,28.315000534057617,28.795000076293945,28.21500015258789,28.604999542236328,28.604999542236328,3722000
2018-04-02,28.44499969482422,28.510000228881836,27.545000076293945,27.809999465942383,27.809999465942383,5587000
2018-04-03,28.0049991607666,28.024999618530273,27.635000228881836,27.864999771118164,27.864999771118164,6917400
2018-04-04,27.645000457763672,28.514999389648438,27.5,28.385000228881836,28.385000228881836,5971600
2018-04-05,28.575000762939453,28.899999618530273,28.415000915527344,28.704999923706055,28.704999923706055,3863600
2018-04-06,28.395000457763672,28.6200008392334,27.71500015258789,27.96500015258789,27.96500015258789,6246800
2018-04-09,28.239999771118164,28.5,28.0049991607666,28.114999771118164,28.114999771118164,4122800
2018-04-10,28.329999923706055,28.40999984741211,27.8700008392334,28.15999984741211,28.15999984741211,4460600
2018-04-11,27.889999389648438,28.2450008392334,27.7549991607666,28.110000610351562,28.110000610351562,4079000
2018-04-12,28.1299991607666,28.415000915527344,28.049999237060547,28.264999389648438,28.264999389648438,3527600
2018-04-13,28.405000686645508,28.579999923706055,28.155000686645508,28.34000015258789,28.34000015258789,2962800
2018-04-16,28.594999313354492,28.674999237060547,28.334999084472656,28.489999771118164,28.489999771118164,2589000
2018-04-17,28.565000534057617,28.889999389648438,28.31999969482422,28.84000015258789,28.84000015258789,5844800
2018-04-18,28.84000015258789,28.889999389648438,28.604999542236328,28.735000610351562,28.735000610351562,3452200
2018-04-19,28.549999237060547,29.0,28.43000030517578,28.655000686645508,28.655000686645508,10829000
2018-04-20,28.469999313354492,28.579999923706055,28.084999084472656,28.25,28.25,7612600
2018-04-23,28.364999771118164,28.729999542236328,28.2450008392334,28.434999465942383,28.434999465942383,4880600
2018-04-24,28.610000610351562,28.610000610351562,27.68000030517578,27.864999771118164,27.864999771118164,5707600
2018-04-25,27.81999969482422,27.864999771118164,27.149999618530273,27.204999923706055,27.204999923706055,8590000
2018-04-26,27.190000534057617,27.790000915527344,27.0049991607666,27.549999237060547,27.549999237060547,6852000
2018-04-27,27.53499984741211,28.219999313354492,27.475000381469727,28.094999313354492,28.094999313354492,4531200
2018-04-30,28.1299991607666,28.315000534057617,27.415000915527344,27.5,27.5,6271000
2018-05-01,27.440000534057617,27.6299991607666,27.065000534057617,27.600000381469727,27.600000381469727,3904200
2018-05-02,27.5,27.540000915527344,26.309999465942383,26.360000610351562,26.360000610351562,9598400
2018-05-03,26.354999542236328,26.56999969482422,25.8799991607666,26.155000686645508,26.155000686645508,8754000
2018-05-04,26.059999465942383,26.655000686645508,26.040000915527344,26.3799991607666,26.3799991607666,10478400
2018-05-07,26.434999465942383,26.7549991607666,26.350000381469727,26.655000686645508,26.655000686645508,9709400
2018-05-08,26.670000076293945,27.155000686645508,26.520000457763672,26.540000915527344,26.540000915527344,7980800
2018-05-09,24.75,24.875,24.045000076293945,24.55500030517578,24.55500030517578,19233200
2018-05-10,24.594999313354492,25.43000030517578,24.579999923706055,25.030000686645508,25.030000686645508,7630400
2018-05-11,25.059999465942383,25.135000228881836,24.5,24.635000228881836,24.635000228881836,9277800
2018-05-14,24.670000076293945,24.80500030517578,24.3799991607666,24.46500015258789,24.46500015258789,7863600
2018-05-15,24.299999237060547,24.475000381469727,23.969999313354492,24.100000381469727,24.100000381469727,7976800
2018-05-16,24.149999618530273,24.260000228881836,23.854999542236328,24.045000076293945,24.045000076293945,6500600
2018-05-17,23.9950008392334,24.34000015258789,23.80500030517578,24.28499984741211,24.28499984741211,7068800
2018-05-18,24.325000762939453,24.905000686645508,24.149999618530273,24.735000610351562,24.735000610351562,13088000
2018-05-21,24.799999237060547,25.200000762939453,24.7450008392334,24.954999923706055,24.954999923706055,7387200
2018-05-22,24.93000030517578,25.155000686645508,24.760000228881836,24.84000015258789,24.84000015258789,7476400
2018-05-23,24.665000915527344,25.184999465942383,24.479999542236328,25.0049991607666,25.0049991607666,7174600
2018-05-24,24.975000381469727,25.145000457763672,24.614999771118164,24.809999465942383,24.809999465942383,6423600
2018-05-25,24.850000381469727,25.614999771118164,24.65999984741211,24.829999923706055,24.829999923706055,7215800
2018-05-29,24.690000534057617,24.8700008392334,24.415000915527344,24.645000457763672,24.645000457763672,5732000
2018-05-30,24.940000534057617,26.31999969482422,24.905000686645508,25.979999542236328,25.979999542236328,16054200
2018-05-31,25.915000915527344,26.075000762939453,25.424999237060547,25.579999923706055,25.579999923706055,11769600
2018-06-01,25.780000686645508,25.96500015258789,25.649999618530273,25.75,25.75,5830800
2018-06-04,25.825000762939453,25.985000610351562,25.6299991607666,25.895000457763672,25.895000457763672,5591200
2018-06-05,25.850000381469727,26.045000076293945,25.514999389648438,25.68000030517578,25.68000030517578,7067800
2018-06-06,26.15999984741211,26.764999389648438,25.860000610351562,26.600000381469727,26.600000381469727,14418000
2018-06-07,26.649999618530273,26.739999771118164,26.344999313354492,26.415000915527344,26.415000915527344,9525400
2018-06-08,27.05500030517578,28.079999923706055,27.049999237060547,27.739999771118164,27.739999771118164,13618200
2018-06-11,27.834999084472656,28.100000381469727,27.69499969482422,28.03499984741211,28.03499984741211,8982000
2018-06-12,28.084999084472656,28.219999313354492,27.959999084472656,28.09000015258789,28.09000015258789,7563800
2018-06-13,28.21500015258789,28.21500015258789,27.950000762939453,28.049999237060547,28.049999237060547,5781800
2018-06-14,28.094999313354492,28.094999313354492,27.834999084472656,28.024999618530273,28.024999618530273,4627200
2018-06-15,28.010000228881836,28.239999771118164,27.75,28.21500015258789,28.21500015258789,8280800
2018-06-18,28.05500030517578,28.149999618530273,27.899999618530273,28.045000076293945,28.045000076293945,6711200
2018-06-19,27.889999389648438,28.059999465942383,27.80500030517578,27.940000534057617,27.940000534057617,6490800
2018-06-20,28.03499984741211,28.03499984741211,27.520000457763672,27.770000457763672,27.770000457763672,3518200
2018-06-21,27.80500030517578,28.075000762939453,27.649999618530273,27.985000610351562,27.985000610351562,5834000
2018-06-22,28.040000915527344,28.510000228881836,27.979999542236328,28.43000030517578,28.43000030517578,6311600
2018-06-25,28.454999923706055,28.649999618530273,28.049999237060547,28.315000534057617,28.315000534057617,5721800
2018-06-26,28.264999389648438,28.385000228881836,28.0049991607666,28.1200008392334,28.1200008392334,3201400
2018-06-27,28.014999389648438,28.274999618530273,27.8700008392334,27.96500015258789,27.96500015258789,3898000
2018-06-28,27.9950008392334,28.459999084472656,27.899999618530273,28.389999389648438,28.389999389648438,3914200
2018-06-29,28.375,28.864999771118164,28.239999771118164,28.649999618530273,28.649999618530273,6354000
2018-07-02,28.614999771118164,28.9950008392334,28.485000610351562,28.790000915527344,28.790000915527344,4572600
2018-07-03,28.924999237060547,29.045000076293945,28.790000915527344,28.84000015258789,28.84000015258789,2320400
2018-07-05,28.920000076293945,29.09000015258789,28.364999771118164,28.81999969482422,28.81999969482422,5759600
2018-07-06,28.774999618530273,29.315000534057617,28.774999618530273,29.219999313354492,29.219999313354492,3514000
2018-07-09,29.229999542236328,29.420000076293945,29.09000015258789,29.360000610351562,29.360000610351562,2504600
2018-07-10,29.5,29.825000762939453,29.415000915527344,29.78499984741211,29.78499984741211,4499800
2018-07-11,29.55500030517578,30.25,29.4950008392334,30.1200008392334,30.1200008392334,7047400
2018-07-12,30.375,30.614999771118164,30.225000381469727,30.4950008392334,30.4950008392334,3676600
2018-07-13,30.584999084472656,30.6200008392334,30.344999313354492,30.604999542236328,30.604999542236328,2697600
2018-07-16,30.600000381469727,30.739999771118164,30.399999618530273,30.53499984741211,30.53499984741211,2921200
2018-07-17,30.440000534057617,31.15999984741211,30.440000534057617,31.084999084472656,31.084999084472656,3509000
2018-07-18,30.989999771118164,30.989999771118164,30.309999465942383,30.514999389648438,30.514999389648438,4791200
2018-07-19,30.579999923706055,30.780000686645508,30.360000610351562,30.56999969482422,30.56999969482422,3811600
2018-07-20,30.56999969482422,30.854999542236328,30.415000915527344,30.790000915527344,30.790000915527344,4456000
2018-07-23,30.68000030517578,30.829999923706055,30.405000686645508,30.4950008392334,30.4950008392334,2882800
2018-07-24,30.475000381469727,30.639999389648438,30.264999389648438,30.540000915527344,30.540000915527344,4363400
2018-07-25,30.565000534057617,31.139999389648438,30.510000228881836,31.059999465942383,31.059999465942383,4101200
2018-07-26,31.21500015258789,31.295000076293945,30.770000457763672,30.825000762939453,30.825000762939453,2821000
2018-07-27,30.84000015258789,30.96500015258789,30.135000228881836,30.315000534057617,30.315000534057617,4042800
2018-07-30,30.104999542236328,30.270000457763672,29.799999237060547,29.854999542236328,29.854999542236328,4849400
2018-07-31,29.975000381469727,30.40999984741211,29.8700008392334,30.010000228881836,30.010000228881836,8954400
2018-08-01,29.80500030517578,29.885000228881836,29.19499969482422,29.385000228881836,29.385000228881836,6398600
2018-08-02,29.21500015258789,29.80500030517578,29.21500015258789,29.674999237060547,29.674999237060547,4943400
2018-08-03,29.665000915527344,29.954999923706055,29.104999542236328,29.6299991607666,29.6299991607666,4629600
2018-08-06,29.614999771118164,30.135000228881836,29.514999389648438,29.704999923706055,29.704999923706055,5972400
2018-08-07,29.9950008392334,29.9950008392334,29.639999389648438,29.895000457763672,29.895000457763672,6053400
2018-08-08,29.905000686645508,29.950000762939453,29.5049991607666,29.700000762939453,29.700000762939453,4713800
2018-08-09,30.114999771118164,31.200000762939453,29.385000228881836,30.489999771118164,30.489999771118164,8732800
2018-08-10,30.290000915527344,30.5,29.920000076293945,30.350000381469727,30.350000381469727,4103000
2018-08-13,30.5,30.6299991607666,30.139999389648438,30.219999313354492,30.219999313354492,3229200
2018-08-14,30.235000610351562,30.905000686645508,30.020000457763672,30.889999389648438,30.889999389648438,4908000
2018-08-15,30.639999389648438,31.030000686645508,30.469999313354492,30.670000076293945,30.670000076293945,6803400
2018-08-16,30.670000076293945,30.96500015258789,30.389999389648438,30.834999084472656,30.834999084472656,2730600
2018-08-17,30.81999969482422,31.139999389648438,30.71500015258789,31.084999084472656,31.084999084472656,3512400
2018-08-20,31.25,31.31999969482422,30.90999984741211,31.045000076293945,31.045000076293945,5072600
2018-08-21,31.225000381469727,31.25,30.850000381469727,30.93000030517578,30.93000030517578,5702000
2018-08-22,30.875,30.875,30.489999771118164,30.5049991607666,30.5049991607666,2956400
2018-08-23,30.489999771118164,30.59000015258789,30.325000762939453,30.34000015258789,30.34000015258789,3509000
2018-08-24,30.420000076293945,30.559999465942383,30.25,30.325000762939453,30.325000762939453,2660800
2018-08-27,30.514999389648438,30.665000915527344,30.104999542236328,30.219999313354492,30.219999313354492,4701400
2018-08-28,30.295000076293945,30.434999465942383,30.190000534057617,30.395000457763672,30.395000457763672,3301000
2018-08-29,30.3799991607666,30.704999923706055,30.290000915527344,30.690000534057617,30.690000534057617,3044200
2018-08-30,30.540000915527344,30.934999465942383,30.270000457763672,30.40999984741211,30.40999984741211,4405000
2018-08-31,30.399999618530273,30.5,30.104999542236328,30.44499969482422,30.44499969482422,5646800
2018-09-04,30.2549991607666,30.5049991607666,30.235000610351562,30.46500015258789,30.46500015258789,2788000
2018-09-05,30.34000015258789,30.80500030517578,30.309999465942383,30.725000381469727,30.725000381469727,4392600
2018-09-06,30.69499969482422,30.735000610351562,30.434999465942383,30.670000076293945,30.670000076293945,3658000
2018-09-07,30.485000610351562,30.485000610351562,29.899999618530273,30.170000076293945,30.170000076293945,4505600
2018-09-10,30.290000915527344,30.354999542236328,29.854999542236328,29.8799991607666,29.8799991607666,4039000
2018-09-11,29.834999084472656,29.834999084472656,29.024999618530273,29.045000076293945,29.045000076293945,11009800
2018-09-12,29.075000762939453,29.290000915527344,28.8799991607666,29.145000457763672,29.145000457763672,9723000
2018-09-13,29.315000534057617,29.665000915527344,29.075000762939453,29.469999313354492,29.469999313354492,13658800
2018-09-14,29.604999542236328,29.860000610351562,29.3799991607666,29.764999389648438,29.764999389648438,6767000
2018-09-17,29.844999313354492,29.959999084472656,29.545000076293945,29.860000610351562,29.860000610351562,3885200
2018-09-18,29.8700008392334,29.940000534057617,29.209999084472656,29.69499969482422,29.69499969482422,5943000
2018-09-19,29.690000534057617,29.815000534057617,29.545000076293945,29.65999984741211,29.65999984741211,3840000
2018-09-20,29.75,30.334999084472656,29.649999618530273,30.190000534057617,30.190000534057617,6098400
2018-09-21,30.075000762939453,30.434999465942383,29.90999984741211,29.924999237060547,29.924999237060547,12427000
2018-09-24,29.739999771118164,29.774999618530273,28.795000076293945,29.149999618530273,29.149999618530273,6257600
2018-09-25,29.235000610351562,29.235000610351562,28.860000610351562,28.96500015258789,28.96500015258789,3561000
2018-09-26,29.084999084472656,29.44499969482422,28.924999237060547,29.155000686645508,29.155000686645508,4986000
2018-09-27,29.145000457763672,29.565000534057617,29.05500030517578,29.15999984741211,29.15999984741211,5120400
2018-09-28,29.149999618530273,29.385000228881836,29.05500030517578,29.139999389648438,29.139999389648438,5014400
2018-10-01,29.34000015258789,29.385000228881836,28.584999084472656,28.68000030517578,28.68000030517578,4589600
2018-10-02,28.6200008392334,28.704999923706055,28.09000015258789,28.594999313354492,28.594999313354492,9270000
2018-10-03,28.69499969482422,28.895000457763672,28.19499969482422,28.334999084472656,28.334999084472656,5472400
2018-10-04,28.229999542236328,28.405000686645508,27.790000915527344,27.985000610351562,27.985000610351562,6177800
2018-10-05,28.219999313354492,28.420000076293945,27.940000534057617,28.094999313354492,28.094999313354492,5796800
2018-10-08,28.049999237060547,28.395000457763672,28.024999618530273,28.2450008392334,28.2450008392334,4752800
2018-10-09,28.334999084472656,28.4950008392334,28.209999084472656,28.274999618530273,28.274999618530273,4941200
2018-10-10,28.139999389648438,28.139999389648438,26.889999389648438,26.950000762939453,26.950000762939453,6759000
2018-10-11,27.024999618530273,27.19499969482422,26.375,26.415000915527344,26.415000915527344,5856000
2018-10-12,26.44499969482422,26.979999542236328,26.25,26.645000457763672,26.645000457763672,5351600
2018-10-15,26.1200008392334,26.424999237060547,25.84000015258789,26.100000381469727,26.100000381469727,5374200
2018-10-16,26.219999313354492,26.625,26.049999237060547,26.549999237060547,26.549999237060547,5285400
2018-10-17,26.4950008392334,26.549999237060547,26.1200008392334,26.315000534057617,26.315000534057617,5894000
2018-10-18,26.229999542236328,26.454999923706055,25.75,25.915000915527344,25.915000915527344,7075800
2018-10-19,26.065000534057617,26.459999084472656,26.030000686645508,26.05500030517578,26.05500030517578,5640400
2018-10-22,26.084999084472656,26.315000534057617,26.0049991607666,26.045000076293945,26.045000076293945,4525800
2018-10-23,25.809999465942383,26.530000686645508,25.55500030517578,26.31999969482422,26.31999969482422,8171800
2018-10-24,26.209999084472656,26.6299991607666,25.950000762939453,26.010000228881836,26.010000228881836,8838600
2018-10-25,25.989999771118164,26.520000457763672,25.53499984741211,26.2549991607666,26.2549991607666,7487400
2018-10-26,25.825000762939453,26.014999389648438,25.350000381469727,25.524999618530273,25.524999618530273,7606000
2018-10-29,25.844999313354492,26.014999389648438,25.235000610351562,25.65999984741211,25.65999984741211,6622800
2018-10-30,25.8799991607666,26.520000457763672,25.809999465942383,26.485000610351562,26.485000610351562,6863200
2018-10-31,26.604999542236328,26.764999389648438,26.315000534057617,26.424999237060547,26.424999237060547,6312400
2018-11-01,26.5,27.295000076293945,26.43000030517578,27.225000381469727,27.225000381469727,6150600
2018-11-02,27.295000076293945,27.530000686645508,26.760000228881836,27.049999237060547,27.049999237060547,6746600
2018-11-05,27.174999237060547,27.385000228881836,26.989999771118164,27.354999542236328,27.354999542236328,5085200
2018-11-06,27.309999465942383,27.55500030517578,27.114999771118164,27.395000457763672,27.395000457763672,4035200
2018-11-07,27.6299991607666,27.959999084472656,27.354999542236328,27.954999923706055,27.954999923706055,9977400
2018-11-08,24.829999923706055,27.375,24.709999084472656,27.06999969482422,27.06999969482422,28273800
2018-11-09,27.479999542236328,28.565000534057617,27.149999618530273,28.420000076293945,28.420000076293945,10682000
2018-11-12,28.280000686645508,28.350000381469727,27.34000015258789,27.375,27.375,10021800
2018-11-13,27.389999389648438,27.979999542236328,27.260000228881836,27.889999389648438,27.889999389648438,5515800
2018-11-14,28.05500030517578,28.104999542236328,27.104999542236328,27.2450008392334,27.2450008392334,7698600
2018-11-15,27.200000762939453,27.649999618530273,27.09000015258789,27.649999618530273,27.649999618530273,5675800
2018-11-16,27.670000076293945,28.065000534057617,27.614999771118164,27.885000228881836,27.885000228881836,4404600
2018-11-19,27.94499969482422,28.614999771118164,27.920000076293945,28.520000457763672,28.520000457763672,8159800
2018-11-20,28.84000015258789,29.2450008392334,27.850000381469727,27.889999389648438,27.889999389648438,9260600
2018-11-21,27.975000381469727,28.28499984741211,27.770000457763672,28.014999389648438,28.014999389648438,7026400
2018-11-23,27.94499969482422,28.75,27.844999313354492,28.65999984741211,28.65999984741211,3565800
2018-11-26,28.75,28.94499969482422,28.375,28.40999984741211,28.40999984741211,8782800
2018-11-27,28.454999923706055,29.065000534057617,28.454999923706055,28.8799991607666,28.8799991607666,6655800
2018-11-28,28.834999084472656,29.559999465942383,28.71500015258789,29.549999237060547,29.549999237060547,6278000
2018-11-29,29.350000381469727,29.790000915527344,29.315000534057617,29.399999618530273,29.399999618530273,5355200
2018-11-30,29.5,29.979999542236328,29.450000762939453,29.84000015258789,29.84000015258789,5711800
2018-12-03,29.614999771118164,30.165000915527344,29.614999771118164,30.0,30.0,6945800
2018-12-04,29.5,30.045000076293945,28.829999923706055,28.915000915527344,28.915000915527344,11044600
2018-12-06,28.770000457763672,29.165000915527344,28.395000457763672,29.135000228881836,29.135000228881836,9234400
2018-12-07,28.94499969482422,29.524999618530273,28.704999923706055,28.704999923706055,28.704999923706055,7376200
2018-12-10,28.510000228881836,28.860000610351562,28.204999923706055,28.475000381469727,28.475000381469727,7608600
2018-12-11,28.780000686645508,29.174999237060547,28.625,28.790000915527344,28.790000915527344,7694600
2018-12-12,29.135000228881836,29.209999084472656,28.559999465942383,28.719999313354492,28.719999313354492,6113400
2018-12-13,27.815000534057617,28.09000015258789,26.53499984741211,26.71500015258789,26.71500015258789,8497800
2018-12-14,26.514999389648438,26.7549991607666,26.2549991607666,26.344999313354492,26.344999313354492,7229200
2018-12-17,26.31999969482422,26.3700008392334,25.44499969482422,25.625,25.625,6471400
2018-12-18,25.889999389648438,26.049999237060547,25.315000534057617,25.614999771118164,25.614999771118164,6459400
2018-12-19,25.639999389648438,25.854999542236328,24.59000015258789,24.719999313354492,24.719999313354492,6320800
2018-12-20,24.725000381469727,24.875,24.299999237060547,24.604999542236328,24.604999542236328,6608400
2018-12-21,24.670000076293945,25.09000015258789,24.079999923706055,24.114999771118164,24.114999771118164,11739800
2018-12-24,24.125,24.389999389648438,23.8799991607666,23.975000381469727,23.975000381469727,3997800
2018-12-26,24.05500030517578,24.55500030517578,23.8700008392334,24.549999237060547,24.549999237060547,7477000
2018-12-27,24.270000457763672,24.725000381469727,23.905000686645508,24.719999313354492,24.719999313354492,4936600
2018-12-28,24.760000228881836,24.889999389648438,24.219999313354492,24.520000457763672,24.520000457763672,5606000
2018-12-31,24.565000534057617,24.690000534057617,24.395000457763672,24.610000610351562,24.610000610351562,4523000
2019-01-02,24.280000686645508,24.43000030517578,24.084999084472656,24.3799991607666,24.3799991607666,7501600
2019-01-03,24.200000762939453,24.55500030517578,23.920000076293945,24.0,24.0,11526600
2019-01-04,24.2549991607666,24.920000076293945,24.219999313354492,24.895000457763672,24.895000457763672,8070600
2019-01-07,24.700000762939453,25.03499984741211,24.584999084472656,24.864999771118164,24.864999771118164,6652200
2019-01-08,25.8700008392334,26.524999618530273,25.700000762939453,26.415000915527344,26.415000915527344,12059400
2019-01-09,26.53499984741211,27.010000228881836,26.399999618530273,26.665000915527344,26.665000915527344,12476800
2019-01-10,26.625,26.649999618530273,25.940000534057617,26.6299991607666,26.6299991607666,12827800
2019-01-11,26.635000228881836,27.209999084472656,26.424999237060547,27.184999465942383,27.184999465942383,7941000
2019-01-14,26.90999984741211,27.21500015258789,26.729999542236328,27.075000762939453,27.075000762939453,6155200
2019-01-15,27.094999313354492,27.479999542236328,27.024999618530273,27.3799991607666,27.3799991607666,4538400
2019-01-16,27.204999923706055,27.3799991607666,26.7549991607666,26.905000686645508,26.905000686645508,6751000
2019-01-17,26.950000762939453,27.334999084472656,26.94499969482422,27.135000228881836,27.135000228881836,5129600
2019-01-18,27.424999237060547,27.899999618530273,27.260000228881836,27.790000915527344,27.790000915527344,7967600
2019-01-22,27.674999237060547,27.770000457763672,27.260000228881836,27.739999771118164,27.739999771118164,5652000
2019-01-23,27.690000534057617,27.8799991607666,27.424999237060547,27.59000015258789,27.59000015258789,5941000
2019-01-24,27.549999237060547,27.809999465942383,27.46500015258789,27.68000030517578,27.68000030517578,6017200
2019-01-25,27.885000228881836,28.125,27.844999313354492,27.924999237060547,27.924999237060547,3696400
2019-01-28,27.770000457763672,27.905000686645508,27.530000686645508,27.780000686645508,27.780000686645508,3731800
2019-01-29,27.864999771118164,27.94499969482422,27.594999313354492,27.739999771118164,27.739999771118164,3016600
2019-01-30,27.774999618530273,28.190000534057617,27.674999237060547,28.110000610351562,28.110000610351562,4000600
2019-01-31,28.1200008392334,28.665000915527344,28.059999465942383,28.6200008392334,28.6200008392334,5461600
2019-02-01,28.690000534057617,29.0,28.565000534057617,28.975000381469727,28.975000381469727,6026600
2019-02-04,29.0049991607666,29.100000381469727,28.735000610351562,29.09000015258789,29.09000015258789,8924000
2019-02-05,29.170000076293945,29.290000915527344,28.704999923706055,28.80500030517578,28.80500030517578,10100600
2019-02-06,28.71500015258789,28.829999923706055,28.635000228881836,28.68000030517578,28.68000030517578,5392600
2019-02-07,28.575000762939453,28.8799991607666,28.46500015258789,28.71500015258789,28.71500015258789,3255400
2019-02-08,28.59000015258789,28.94499969482422,28.559999465942383,28.94499969482422,28.94499969482422,3071400
2019-02-11,28.969999313354492,29.15999984741211,28.899999618530273,29.0,29.0,3033400
2019-02-12,28.989999771118164,29.559999465942383,28.989999771118164,29.44499969482422,29.44499969482422,4428200
2019-02-13,29.5049991607666,29.69499969482422,29.475000381469727,29.655000686645508,29.655000686645508,3448600
2019-02-14,29.405000686645508,29.59000015258789,29.0,29.315000534057617,29.315000534057617,5913400
2019-02-15,29.5,29.610000610351562,29.290000915527344,29.360000610351562,29.360000610351562,5226400
2019-02-19,29.25,29.325000762939453,28.96500015258789,29.114999771118164,29.114999771118164,6840600
2019-02-20,29.190000534057617,29.549999237060547,29.104999542236328,29.350000381469727,29.350000381469727,5472400
2019-02-21,29.229999542236328,29.864999771118164,29.149999618530273,29.440000534057617,29.440000534057617,5712200
2019-02-22,29.399999618530273,29.594999313354492,29.104999542236328,29.219999313354492,29.219999313354492,5120000
2019-02-25,29.540000915527344,29.56999969482422,29.135000228881836,29.270000457763672,29.270000457763672,4860000
2019-02-26,29.30500030517578,29.524999618530273,29.209999084472656,29.3700008392334,29.3700008392334,3570200
2019-02-27,29.165000915527344,29.415000915527344,28.954999923706055,29.3700008392334,29.3700008392334,10246800
2019-02-28,31.610000610351562,33.189998626708984,31.610000610351562,31.915000915527344,31.915000915527344,20948200
2019-03-01,32.185001373291016,32.4900016784668,31.625,32.369998931884766,32.369998931884766,7700600
2019-03-04,32.3849983215332,32.78499984741211,32.14500045776367,32.5099983215332,32.5099983215332,7171600
2019-03-05,32.25,32.25,31.2549991607666,31.309999465942383,31.309999465942383,10248800
2019-03-06,31.364999771118164,31.549999237060547,30.7549991607666,30.8700008392334,30.8700008392334,9506800
2019-03-07,31.0,31.299999237060547,30.614999771118164,30.795000076293945,30.795000076293945,10783800
2019-03-08,30.614999771118164,30.739999771118164,30.040000915527344,30.30500030517578,30.30500030517578,5926400
2019-03-11,30.25,30.65999984741211,30.225000381469727,30.594999313354492,30.594999313354492,8385400
2019-03-12,30.3700008392334,30.4950008392334,29.735000610351562,30.114999771118164,30.114999771118164,10997200
2019-03-13,30.05500030517578,30.290000915527344,29.69499969482422,29.885000228881836,29.885000228881836,7786000
2019-03-14,29.850000381469727,30.084999084472656,29.78499984741211,29.834999084472656,29.834999084472656,8270800
2019-03-15,30.0,30.540000915527344,29.934999465942383,30.135000228881836,30.135000228881836,12526600
2019-03-18,30.165000915527344,30.575000762939453,30.139999389648438,30.299999237060547,30.299999237060547,6111400
2019-03-19,29.440000534057617,29.4950008392334,28.764999389648438,28.959999084472656,28.959999084472656,13199400
2019-03-20,28.415000915527344,28.774999618530273,28.149999618530273,28.25,28.25,18263200
2019-03-21,28.325000762939453,28.420000076293945,27.084999084472656,27.100000381469727,27.100000381469727,23419400
2019-03-22,27.104999542236328,27.225000381469727,26.469999313354492,26.7549991607666,26.7549991607666,16682000
2019-03-25,26.760000228881836,27.40999984741211,26.704999923706055,27.274999618530273,27.274999618530273,12775800
2019-03-26,27.364999771118164,27.84000015258789,27.354999542236328,27.809999465942383,27.809999465942383,16576800
2019-03-27,27.71500015258789,27.889999389648438,27.280000686645508,27.440000534057617,27.440000534057617,7433800
2019-03-28,27.395000457763672,27.665000915527344,27.184999465942383,27.229999542236328,27.229999542236328,9046400
2019-03-29,27.274999618530273,27.420000076293945,26.8700008392334,27.290000915527344,27.290000915527344,9803000
2019-04-01,27.190000534057617,27.434999465942383,26.524999618530273,26.639999389648438,26.639999389648438,10675200
2019-04-02,26.4950008392334,27.094999313354492,26.114999771118164,26.665000915527344,26.665000915527344,14974600
2019-04-03,26.75,26.954999923706055,26.225000381469727,26.295000076293945,26.295000076293945,9953000
2019-04-04,26.3799991607666,26.559999465942383,26.209999084472656,26.434999465942383,26.434999465942383,6896800
2019-04-05,26.614999771118164,26.899999618530273,26.364999771118164,26.440000534057617,26.440000534057617,6386000
2019-04-08,26.53499984741211,26.700000762939453,26.375,26.53499984741211,26.53499984741211,6415600
2019-04-09,26.514999389648438,27.3700008392334,26.514999389648438,27.344999313354492,27.344999313354492,12463200
2019-04-10,27.350000381469727,27.579999923706055,27.09000015258789,27.485000610351562,27.485000610351562,11282800
2019-04-11,27.584999084472656,27.690000534057617,26.93000030517578,27.375,27.375,16113800
2019-04-12,27.375,27.415000915527344,26.28499984741211,26.510000228881836,26.510000228881836,12316600
2019-04-15,26.5,27.229999542236328,26.5,27.03499984741211,27.03499984741211,6061400
2019-04-16,27.045000076293945,27.600000381469727,26.895000457763672,27.100000381469727,27.100000381469727,8438200
2019-04-17,27.18000030517578,27.53499984741211,27.145000457763672,27.44499969482422,27.44499969482422,7925600
2019-04-18,27.614999771118164,27.709999084472656,27.399999618530273,27.600000381469727,27.600000381469727,8432400
2019-04-22,27.520000457763672,27.69499969482422,27.375,27.485000610351562,27.485000610351562,5183200
2019-04-23,27.4950008392334,28.1299991607666,27.4950008392334,28.114999771118164,28.114999771118164,9304200
2019-04-24,28.19499969482422,28.575000762939453,28.174999237060547,28.40999984741211,28.40999984741211,7337600
2019-04-25,28.1299991607666,29.03499984741211,27.889999389648438,28.950000762939453,28.950000762939453,9231200
2019-04-26,29.165000915527344,29.844999313354492,29.165000915527344,29.825000762939453,29.825000762939453,10826200
2019-04-29,29.729999542236328,29.78499984741211,29.34000015258789,29.344999313354492,29.344999313354492,8507000
2019-04-30,29.59000015258789,29.93000030517578,29.5,29.799999237060547,29.799999237060547,9130400
2019-05-01,29.739999771118164,29.739999771118164,28.934999465942383,28.969999313354492,28.969999313354492,7273000
2019-05-02,28.9950008392334,29.4950008392334,28.719999313354492,28.9950008392334,28.9950008392334,9689400
2019-05-03,31.450000762939453,32.05500030517578,30.6299991607666,31.55500030517578,31.55500030517578,19805400
2019-05-06,31.024999618530273,31.389999389648438,30.68000030517578,31.309999465942383,31.309999465942383,5875800
2019-05-07,31.065000534057617,31.165000915527344,30.584999084472656,30.799999237060547,30.799999237060547,7418200
2019-05-08,30.735000610351562,30.96500015258789,30.579999923706055,30.84000015258789,30.84000015258789,6518000
2019-05-09,30.579999923706055,31.135000228881836,30.3700008392334,30.959999084472656,30.959999084472656,5555800
2019-05-10,30.799999237060547,31.579999923706055,30.764999389648438,31.5,31.5,7175200
2019-05-13,31.110000610351562,31.299999237060547,30.905000686645508,31.170000076293945,31.170000076293945,6549200
2019-05-14,31.049999237060547,31.34000015258789,30.764999389648438,31.174999237060547,31.174999237060547,6071200
2019-05-15,31.125,31.610000610351562,31.030000686645508,31.53499984741211,31.53499984741211,5900800
2019-05-16,31.53499984741211,32.084999084472656,31.53499984741211,31.96500015258789,31.96500015258789,5339200
2019-05-17,31.934999465942383,32.03499984741211,31.760000228881836,31.815000534057617,31.815000534057617,3800000
2019-05-20,31.729999542236328,31.8700008392334,31.575000762939453,31.80500030517578,31.80500030517578,4226800
2019-05-21,31.93000030517578,32.005001068115234,31.635000228881836,31.8700008392334,31.8700008392334,3545000
2019-05-22,31.850000381469727,32.125,31.655000686645508,32.0,32.0,5430400
2019-05-23,31.739999771118164,31.959999084472656,31.5,31.614999771118164,31.614999771118164,4559800
2019-05-24,31.670000076293945,31.844999313354492,31.375,31.709999084472656,31.709999084472656,2823600
2019-05-28,31.674999237060547,31.90999984741211,31.110000610351562,31.135000228881836,31.135000228881836,6031000
2019-05-29,31.2549991607666,31.329999923706055,30.80500030517578,30.8799991607666,30.8799991607666,5685200
2019-05-30,31.0,31.21500015258789,30.885000228881836,31.139999389648438,31.139999389648438,3018200
2019-05-31,30.975000381469727,31.420000076293945,30.899999618530273,30.93000030517578,30.93000030517578,5246600
2019-06-03,31.020000457763672,31.53499984741211,31.020000457763672,31.405000686645508,31.405000686645508,5136400
2019-06-04,31.739999771118164,31.7450008392334,31.110000610351562,31.434999465942383,31.434999465942383,5794800
2019-06-05,31.75,32.13999938964844,31.670000076293945,32.01499938964844,32.01499938964844,7878200
2019-06-06,32.099998474121094,32.130001068115234,31.729999542236328,31.920000076293945,31.920000076293945,5198000
2019-06-07,32.17499923706055,33.18000030517578,32.1349983215332,32.959999084472656,32.959999084472656,13516000
2019-06-10,32.93000030517578,33.14500045776367,32.650001525878906,32.875,32.875,6066200
2019-06-11,33.005001068115234,33.06999969482422,32.08000183105469,32.25,32.25,7780600
2019-06-12,32.31999969482422,32.55500030517578,31.96500015258789,32.040000915527344,32.040000915527344,3984800
2019-06-13,32.040000915527344,32.19499969482422,30.28499984741211,30.299999237060547,30.299999237060547,11557000
2019-06-14,30.405000686645508,31.065000534057617,30.405000686645508,30.665000915527344,30.665000915527344,7513400
2019-06-17,30.739999771118164,31.225000381469727,30.604999542236328,30.959999084472656,30.959999084472656,7867800
2019-06-18,31.30500030517578,31.405000686645508,30.979999542236328,31.059999465942383,31.059999465942383,4476200
2019-06-19,30.989999771118164,31.25,30.614999771118164,31.18000030517578,31.18000030517578,3747800
2019-06-20,31.46500015258789,31.809999465942383,31.3700008392334,31.760000228881836,31.760000228881836,4434800
2019-06-21,31.75,31.959999084472656,31.53499984741211,31.889999389648438,31.889999389648438,7115400
2019-06-24,31.950000762939453,32.064998626708984,31.7549991607666,31.780000686645508,31.780000686645508,3586000
2019-06-25,31.96500015258789,31.96500015258789,31.614999771118164,31.665000915527344,31.665000915527344,3423000
2019-06-26,31.875,32.06999969482422,31.704999923706055,31.799999237060547,31.799999237060547,4276000
2019-06-27,31.764999389648438,31.940000534057617,31.665000915527344,31.78499984741211,31.78499984741211,5310600
2019-06-28,31.915000915527344,32.17499923706055,31.674999237060547,31.915000915527344,31.915000915527344,5810000
2019-07-01,31.549999237060547,32.415000915527344,31.524999618530273,32.3849983215332,32.3849983215332,4808600
2019-07-02,32.505001068115234,32.66999816894531,32.154998779296875,32.32500076293945,32.32500076293945,3327400
2019-07-03,32.5099983215332,33.025001525878906,32.35499954223633,32.974998474121094,32.974998474121094,5492400
2019-07-05,32.42499923706055,32.96500015258789,32.42499923706055,32.959999084472656,32.959999084472656,2188200
2019-07-08,32.94499969482422,33.084999084472656,32.69499969482422,33.0,33.0,4245800
2019-07-09,32.849998474121094,32.869998931884766,32.16999816894531,32.380001068115234,32.380001068115234,4528600
2019-07-10,32.47999954223633,32.779998779296875,32.400001525878906,32.51499938964844,32.51499938964844,4573600
2019-07-11,32.54999923706055,32.54999923706055,32.095001220703125,32.400001525878906,32.400001525878906,3298400
2019-07-12,32.439998626708984,32.619998931884766,32.19499969482422,32.5,32.5,3212800
2019-07-15,32.61000061035156,32.849998474121094,32.52000045776367,32.630001068115234,32.630001068115234,2747200
2019-07-16,32.54999923706055,32.93000030517578,32.51499938964844,32.89500045776367,32.89500045776367,4290800
2019-07-17,32.650001525878906,32.939998626708984,32.599998474121094,32.869998931884766,32.869998931884766,3381800
2019-07-18,32.935001373291016,32.970001220703125,32.45000076293945,32.48500061035156,32.48500061035156,4033400
2019-07-19,32.375,32.375,31.389999389648438,31.6299991607666,31.6299991607666,7739800
2019-07-22,31.635000228881836,32.150001525878906,31.5049991607666,31.764999389648438,31.764999389648438,3772000
2019-07-23,32.04999923706055,32.189998626708984,31.475000381469727,32.04999923706055,32.04999923706055,5057600
2019-07-24,32.13999938964844,32.53499984741211,32.04999923706055,32.369998931884766,32.369998931884766,3557600
2019-07-25,32.314998626708984,32.53499984741211,32.02000045776367,32.08000183105469,32.08000183105469,2704800
2019-07-26,32.23500061035156,32.71500015258789,31.9950008392334,32.599998474121094,32.599998474121094,3418200
2019-07-29,32.6150016784668,32.85499954223633,32.57500076293945,32.69499969482422,32.69499969482422,4384000
2019-07-30,32.58000183105469,32.84000015258789,32.525001525878906,32.755001068115234,32.755001068115234,4201200
2019-07-31,32.665000915527344,32.720001220703125,31.860000610351562,32.23500061035156,32.23500061035156,5421000
2019-08-01,32.39500045776367,32.665000915527344,31.645000457763672,31.729999542236328,31.729999542236328,5764400
2019-08-02,31.809999465942383,31.864999771118164,31.104999542236328,31.19499969482422,31.19499969482422,5866000
2019-08-05,31.56999969482422,31.56999969482422,29.420000076293945,29.479999542236328,29.479999542236328,10775200
2019-08-06,29.5,30.28499984741211,29.28499984741211,30.09000015258789,30.09000015258789,13124000
2019-08-07,29.795000076293945,30.315000534057617,29.485000610351562,30.19499969482422,30.19499969482422,10984200
2019-08-08,27.450000762939453,31.184999465942383,26.905000686645508,31.09000015258789,31.09000015258789,24494600
2019-08-09,30.864999771118164,30.899999618530273,29.55500030517578,29.614999771118164,29.614999771118164,10508800
2019-08-12,29.510000228881836,29.524999618530273,28.15999984741211,28.239999771118164,28.239999771118164,10564000
2019-08-13,28.010000228881836,29.155000686645508,28.0,29.020000457763672,29.020000457763672,6830400
2019-08-14,28.670000076293945,28.854999542236328,27.9950008392334,28.05500030517578,28.05500030517578,5229000
2019-08-15,28.31999969482422,28.65999984741211,28.059999465942383,28.475000381469727,28.475000381469727,6112600
2019-08-16,28.704999923706055,28.844999313354492,28.329999923706055,28.59000015258789,28.59000015258789,3512200
2019-08-19,28.975000381469727,29.104999542236328,28.700000762939453,28.899999618530273,28.899999618530273,4904200
2019-08-20,28.78499984741211,29.104999542236328,28.53499984741211,28.920000076293945,28.920000076293945,4162400
2019-08-21,29.174999237060547,29.239999771118164,28.90999984741211,29.014999389648438,29.014999389648438,3468000
2019-08-22,28.9950008392334,29.030000686645508,28.360000610351562,28.575000762939453,28.575000762939453,4765200
2019-08-23,28.59000015258789,28.829999923706055,27.924999237060547,28.040000915527344,28.040000915527344,5169000
2019-08-26,28.260000228881836,28.3700008392334,27.9950008392334,28.325000762939453,28.325000762939453,3365800
2019-08-27,28.43000030517578,28.565000534057617,28.024999618530273,28.28499984741211,28.28499984741211,4533600
2019-08-28,28.53499984741211,29.229999542236328,28.364999771118164,29.040000915527344,29.040000915527344,6395800
2019-08-29,29.31999969482422,29.325000762939453,28.75,28.80500030517578,28.80500030517578,4096600
2019-08-30,29.024999618530273,29.415000915527344,29.024999618530273,29.334999084472656,29.334999084472656,4427000
2019-09-03,29.059999465942383,29.110000610351562,28.68000030517578,28.81999969482422,28.81999969482422,5075800
2019-09-04,28.989999771118164,29.184999465942383,28.825000762939453,29.030000686645508,29.030000686645508,3721200
2019-09-05,29.219999313354492,29.510000228881836,29.030000686645508,29.385000228881836,29.385000228881836,4049200
2019-09-06,29.375,29.46500015258789,28.514999389648438,28.584999084472656,28.584999084472656,5908200
2019-09-09,28.514999389648438,28.8799991607666,28.15999984741211,28.614999771118164,28.614999771118164,7793800
2019-09-10,28.489999771118164,28.8799991607666,28.334999084472656,28.8799991607666,28.8799991607666,4651000
2019-09-11,28.684999465942383,28.985000610351562,27.9950008392334,28.434999465942383,28.434999465942383,7753800
2019-09-12,28.719999313354492,29.065000534057617,28.65999984741211,28.725000381469727,28.725000381469727,4019600
2019-09-13,28.684999465942383,29.78499984741211,28.684999465942383,29.43000030517578,29.43000030517578,9108800
2019-09-16,29.28499984741211,29.71500015258789,29.184999465942383,29.614999771118164,29.614999771118164,6446600
2019-09-17,29.524999618530273,29.68000030517578,28.799999237060547,28.9950008392334,28.9950008392334,8697000
2019-09-18,28.885000228881836,29.28499984741211,28.795000076293945,29.18000030517578,29.18000030517578,5528800
2019-09-19,29.270000457763672,29.530000686645508,29.264999389648438,29.395000457763672,29.395000457763672,3273200
2019-09-20,29.360000610351562,29.559999465942383,29.15999984741211,29.174999237060547,29.174999237060547,8304200
2019-09-23,29.30500030517578,29.760000228881836,29.229999542236328,29.559999465942383,29.559999465942383,4298000
2019-09-24,29.709999084472656,29.7450008392334,29.125,29.405000686645508,29.405000686645508,4659600
2019-09-25,29.145000457763672,29.485000610351562,28.459999084472656,29.184999465942383,29.184999465942383,6548400
2019-09-26,29.239999771118164,29.415000915527344,28.40999984741211,28.885000228881836,28.885000228881836,5175000
2019-09-27,29.010000228881836,29.28499984741211,28.69499969482422,28.905000686645508,28.905000686645508,4073600
2019-09-30,29.079999923706055,29.424999237060547,28.915000915527344,29.030000686645508,29.030000686645508,2944800
2019-10-01,29.045000076293945,29.239999771118164,28.024999618530273,28.209999084472656,28.209999084472656,6878400
2019-10-02,27.219999313354492,27.815000534057617,26.834999084472656,27.559999465942383,27.559999465942383,9641200
2019-10-03,27.690000534057617,28.0049991607666,27.44499969482422,27.809999465942383,27.809999465942383,7399400
2019-10-04,27.90999984741211,28.3799991607666,27.90999984741211,28.290000915527344,28.290000915527344,5434600
2019-10-07,28.079999923706055,28.239999771118164,27.790000915527344,27.864999771118164,27.864999771118164,7937000
2019-10-08,27.700000762939453,28.415000915527344,27.68000030517578,27.940000534057617,27.940000534057617,5459800
2019-10-09,28.364999771118164,28.364999771118164,27.969999313354492,28.139999389648438,28.139999389648438,2659600
2019-10-10,28.059999465942383,28.18000030517578,27.920000076293945,28.059999465942383,28.059999465942383,3099200
2019-10-11,28.239999771118164,28.420000076293945,28.0049991607666,28.149999618530273,28.149999618530273,4948600
2019-10-14,28.204999923706055,28.485000610351562,28.030000686645508,28.274999618530273,28.274999618530273,2533800
2019-10-15,28.030000686645508,28.270000457763672,27.924999237060547,28.145000457763672,28.145000457763672,4134800
2019-10-16,28.184999465942383,28.344999313354492,27.989999771118164,28.260000228881836,28.260000228881836,3651800
2019-10-17,27.915000915527344,28.639999389648438,27.915000915527344,28.280000686645508,28.280000686645508,8336400
2019-10-18,28.239999771118164,28.434999465942383,27.96500015258789,28.030000686645508,28.030000686645508,7019600
2019-10-21,28.125,28.25,28.010000228881836,28.145000457763672,28.145000457763672,3308200
2019-10-22,28.190000534057617,28.329999923706055,27.969999313354492,27.969999313354492,27.969999313354492,3706400
2019-10-23,28.0,28.25,27.924999237060547,28.100000381469727,28.100000381469727,3011800
2019-10-24,28.139999389648438,28.334999084472656,27.8799991607666,28.30500030517578,28.30500030517578,3492600
2019-10-25,28.309999465942383,28.3799991607666,28.0,28.174999237060547,28.174999237060547,3524200
2019-10-28,28.30500030517578,28.485000610351562,27.93000030517578,27.985000610351562,27.985000610351562,5471800
2019-10-29,27.8700008392334,28.309999465942383,27.770000457763672,28.075000762939453,28.075000762939453,5351400
2019-10-30,28.03499984741211,28.170000076293945,27.924999237060547,28.075000762939453,28.075000762939453,4411200
2019-10-31,28.079999923706055,28.19499969482422,27.75,28.065000534057617,28.065000534057617,4873400
2019-11-01,28.219999313354492,28.354999542236328,28.0049991607666,28.125,28.125,4767600
2019-11-04,28.290000915527344,28.290000915527344,27.844999313354492,28.045000076293945,28.045000076293945,6618600
2019-11-05,27.985000610351562,28.53499984741211,27.934999465942383,28.235000610351562,28.235000610351562,9056800
2019-11-06,28.375,28.459999084472656,27.954999923706055,27.9950008392334,27.9950008392334,11082800
2019-11-07,28.0,28.469999313354492,27.899999618530273,28.31999969482422,28.31999969482422,13799200
2019-11-08,29.75,30.7450008392334,28.905000686645508,29.079999923706055,29.079999923706055,13200600
2019-11-11,29.0049991607666,29.31999969482422,28.549999237060547,29.014999389648438,29.014999389648438,5388600
2019-11-12,28.75,29.2450008392334,28.584999084472656,29.200000762939453,29.200000762939453,7102400
2019-11-13,29.145000457763672,29.575000762939453,29.024999618530273,29.475000381469727,29.475000381469727,5065600
2019-11-14,29.575000762939453,29.579999923706055,29.34000015258789,29.46500015258789,29.46500015258789,5087800
2019-11-15,29.6200008392334,29.690000534057617,29.045000076293945,29.31999969482422,29.31999969482422,5042200
2019-11-18,29.270000457763672,29.825000762939453,29.065000534057617,29.514999389648438,29.514999389648438,5781600
2019-11-19,29.579999923706055,29.670000076293945,29.280000686645508,29.280000686645508,29.280000686645508,3424000
2019-11-20,29.334999084472656,29.485000610351562,28.959999084472656,29.0,29.0,4969600
2019-11-21,28.959999084472656,29.204999923706055,28.795000076293945,29.200000762939453,29.200000762939453,4175600
2019-11-22,29.28499984741211,29.450000762939453,28.979999542236328,29.315000534057617,29.315000534057617,2966600
2019-11-25,29.424999237060547,29.614999771118164,29.139999389648438,29.329999923706055,29.329999923706055,3174800
2019-11-26,29.395000457763672,30.0,29.239999771118164,29.81999969482422,29.81999969482422,5171000
2019-11-27,29.90999984741211,30.139999389648438,29.850000381469727,30.045000076293945,30.045000076293945,3453800
2019-11-29,29.979999542236328,30.05500030517578,29.780000686645508,29.90999984741211,29.90999984741211,2198800
2019-12-02,29.8799991607666,29.940000534057617,29.684999465942383,29.905000686645508,29.905000686645508,4364600
2019-12-03,29.6200008392334,29.889999389648438,29.229999542236328,29.4950008392334,29.4950008392334,5327800
2019-12-04,29.44499969482422,30.235000610351562,29.44499969482422,30.19499969482422,30.19499969482422,4982400
2019-12-05,30.135000228881836,30.145000457763672,29.719999313354492,29.959999084472656,29.959999084472656,5898200
2019-12-06,30.03499984741211,30.204999923706055,29.860000610351562,30.020000457763672,30.020000457763672,5233800
2019-12-09,30.049999237060547,30.329999923706055,29.78499984741211,30.2450008392334,30.2450008392334,5336800
2019-12-10,30.375,30.774999618530273,30.28499984741211,30.7549991607666,30.7549991607666,11368800
2019-12-11,30.809999465942383,31.2549991607666,30.65999984741211,31.21500015258789,31.21500015258789,6494000
2019-12-12,31.139999389648438,31.350000381469727,30.954999923706055,31.1200008392334,31.1200008392334,5731200
2019-12-13,31.049999237060547,31.239999771118164,30.899999618530273,31.104999542236328,31.104999542236328,4383000
2019-12-16,31.219999313354492,31.399999618530273,31.010000228881836,31.2450008392334,31.2450008392334,3352400
2019-12-17,31.229999542236328,31.450000762939453,30.90999984741211,31.385000228881836,31.385000228881836,3810600
2019-12-18,31.530000686645508,31.645000457763672,31.200000762939453,31.43000030517578,31.43000030517578,5466400
2019-12-19,31.3799991607666,31.790000915527344,31.325000762939453,31.735000610351562,31.735000610351562,5649600
2019-12-20,31.809999465942383,32.0099983215332,31.604999542236328,31.959999084472656,31.959999084472656,14707800
2019-12-23,32.06999969482422,32.06999969482422,31.65999984741211,31.68000030517578,31.68000030517578,4970400
2019-12-24,31.764999389648438,31.899999618530273,31.69499969482422,31.735000610351562,31.735000610351562,1320400
2019-12-26,31.8799991607666,31.96500015258789,31.725000381469727,31.940000534057617,31.940000534057617,3277000
2019-12-27,31.969999313354492,32.03499984741211,31.739999771118164,31.78499984741211,31.78499984741211,4530000
2019-12-30,31.709999084472656,31.8700008392334,31.510000228881836,31.68000030517578,31.68000030517578,3310600
2019-12-31,31.729999542236328,31.875,31.59000015258789,31.774999618530273,31.774999618530273,3341800
2020-01-02,31.979999542236328,32.0099983215332,31.655000686645508,31.850000381469727,31.850000381469727,3566000
2020-01-03,31.559999465942383,31.80500030517578,31.434999465942383,31.639999389648438,31.639999389648438,3482200
2020-01-06,31.4950008392334,31.764999389648438,31.4950008392334,31.690000534057617,31.690000534057617,4469200
2020-01-07,31.934999465942383,32.06999969482422,31.770000457763672,31.844999313354492,31.844999313354492,6735600
2020-01-08,31.850000381469727,32.029998779296875,31.684999465942383,31.90999984741211,31.90999984741211,6053600
2020-01-09,32.08000183105469,32.16999816894531,31.860000610351562,32.125,32.125,6613000
2020-01-10,32.34000015258789,33.095001220703125,32.25,32.66999816894531,32.66999816894531,8936400
2020-01-13,32.70000076293945,32.85499954223633,32.33000183105469,32.76499938964844,32.76499938964844,5419800
2020-01-14,32.77000045776367,32.935001373291016,32.64500045776367,32.790000915527344,32.790000915527344,5768800
2020-01-15,32.80500030517578,33.08000183105469,32.61000061035156,32.939998626708984,32.939998626708984,5894200
2020-01-16,33.07500076293945,33.584999084472656,32.98500061035156,33.54999923706055,33.54999923706055,5228800
2020-01-17,33.599998474121094,33.810001373291016,33.345001220703125,33.654998779296875,33.654998779296875,8846200
2020-01-21,33.64500045776367,33.70500183105469,33.20000076293945,33.40999984741211,33.40999984741211,4751000
2020-01-22,33.470001220703125,33.75,33.36000061035156,33.744998931884766,33.744998931884766,3979800
2020-01-23,33.66999816894531,33.974998474121094,33.57500076293945,33.8849983215332,33.8849983215332,4477000
2020-01-24,34.0,34.005001068115234,33.46500015258789,33.54999923706055,33.54999923706055,4698800
2020-01-27,33.279998779296875,33.529998779296875,33.165000915527344,33.29999923706055,33.29999923706055,4479000
2020-01-28,33.30500030517578,33.55500030517578,33.30500030517578,33.439998626708984,33.439998626708984,5429400
2020-01-29,33.369998931884766,33.45500183105469,33.130001068115234,33.275001525878906,33.275001525878906,3698600
2020-01-30,33.150001525878906,33.56999969482422,32.900001525878906,33.505001068115234,33.505001068115234,4988600
2020-01-31,33.415000915527344,33.7400016784668,33.10499954223633,33.29999923706055,33.29999923706055,6732600
2020-02-03,34.435001373291016,34.46500015258789,33.69499969482422,33.709999084472656,33.709999084472656,9039000
2020-02-04,33.810001373291016,34.720001220703125,33.810001373291016,34.439998626708984,34.439998626708984,11572000
2020-02-05,34.625,34.869998931884766,34.400001525878906,34.474998474121094,34.474998474121094,5838400
2020-02-06,34.709999084472656,34.77000045776367,34.400001525878906,34.724998474121094,34.724998474121094,8602000
2020-02-07,34.654998779296875,34.83000183105469,34.439998626708984,34.45500183105469,34.45500183105469,4785800
2020-02-10,34.40999984741211,34.7400016784668,34.40999984741211,34.584999084472656,34.584999084472656,6544800
2020-02-11,34.630001068115234,34.724998474121094,34.400001525878906,34.57500076293945,34.57500076293945,4321200
2020-02-12,34.595001220703125,34.79999923706055,34.30500030517578,34.625,34.625,3125800
2020-02-13,34.625,34.915000915527344,34.57500076293945,34.845001220703125,34.845001220703125,3890200
2020-02-14,34.84000015258789,34.970001220703125,34.70000076293945,34.93000030517578,34.93000030517578,5318600
2020-02-18,34.71500015258789,34.98500061035156,34.68000030517578,34.79999923706055,34.79999923706055,4773200
2020-02-19,34.86000061035156,35.2599983215332,34.79999923706055,35.040000915527344,35.040000915527344,6444800
2020-02-20,34.915000915527344,35.224998474121094,34.5,35.20000076293945,35.20000076293945,6650200
2020-02-21,35.0099983215332,35.099998474121094,34.724998474121094,34.869998931884766,34.869998931884766,5946600
2020-02-24,34.834999084472656,35.095001220703125,33.89500045776367,34.095001220703125,34.095001220703125,6622000
2020-02-25,34.189998626708984,34.255001068115234,33.220001220703125,33.310001373291016,33.310001373291016,5684600
2020-02-26,33.55500030517578,33.875,32.935001373291016,32.939998626708984,32.939998626708984,7001000
2020-02-27,32.869998931884766,32.970001220703125,31.719999313354492,31.8700008392334,31.8700008392334,14253000
2020-02-28,32.40999984741211,32.52000045776367,30.610000610351562,31.204999923706055,31.204999923706055,14429200
2020-03-02,31.059999465942383,32.41999816894531,30.639999389648438,32.3849983215332,32.3849983215332,9094400
2020-03-03,32.14500045776367,33.084999084472656,31.565000534057617,31.889999389648438,31.889999389648438,10584000
2020-03-04,32.5099983215332,34.06999969482422,32.26499938964844,34.025001525878906,34.025001525878906,13059800
2020-03-05,33.185001373291016,34.415000915527344,33.040000915527344,33.564998626708984,33.564998626708984,10910800
2020-03-06,32.415000915527344,33.224998474121094,32.16999816894531,33.095001220703125,33.095001220703125,12287600
2020-03-09,31.03499984741211,31.485000610351562,30.524999618530273,30.93000030517578,30.93000030517578,10937800
2020-03-10,31.75,33.10499954223633,31.454999923706055,33.064998626708984,33.064998626708984,16962000
2020-03-11,32.0,32.369998931884766,30.2450008392334,30.905000686645508,30.905000686645508,13025400
2020-03-12,29.0,30.395000457763672,28.315000534057617,28.69499969482422,28.69499969482422,15201000
2020-03-13,29.899999618530273,31.25,29.295000076293945,31.19499969482422,31.19499969482422,15497200
2020-03-16,28.100000381469727,30.434999465942383,27.389999389648438,28.719999313354492,28.719999313354492,12150400
2020-03-17,29.415000915527344,30.225000381469727,28.80500030517578,29.8700008392334,29.8700008392334,12112800
2020-03-18,28.815000534057617,28.815000534057617,25.2549991607666,27.94499969482422,27.94499969482422,12934000
2020-03-19,27.854999542236328,28.575000762939453,25.7549991607666,27.15999984741211,27.15999984741211,12526200
2020-03-20,27.524999618530273,27.915000915527344,25.030000686645508,26.049999237060547,26.049999237060547,11583400
2020-03-23,26.05500030517578,26.670000076293945,25.375,25.485000610351562,25.485000610351562,11411400
2020-03-24,26.764999389648438,27.235000610351562,25.69499969482422,26.864999771118164,26.864999771118164,15504600
2020-03-25,26.854999542236328,27.549999237060547,26.329999923706055,26.829999923706055,26.829999923706055,9431800
2020-03-26,27.0,29.165000915527344,26.90999984741211,28.920000076293945,28.920000076293945,10910400
2020-03-27,28.045000076293945,29.045000076293945,28.0,28.19499969482422,28.19499969482422,7995800
2020-03-30,28.084999084472656,29.15999984741211,27.799999237060547,29.0,29.0,7250400
2020-03-31,28.040000915527344,29.0,27.979999542236328,28.1299991607666,28.1299991607666,5758800
2020-04-01,27.184999465942383,27.239999771118164,26.364999771118164,26.549999237060547,26.549999237060547,7631800
2020-04-02,26.354999542236328,27.600000381469727,26.19499969482422,27.530000686645508,27.530000686645508,6176200
2020-04-03,27.260000228881836,27.46500015258789,26.834999084472656,27.110000610351562,27.110000610351562,5574200
2020-04-06,28.334999084472656,29.155000686645508,27.729999542236328,29.03499984741211,29.03499984741211,9525400
2020-04-07,29.924999237060547,30.264999389648438,29.114999771118164,29.204999923706055,29.204999923706055,8599200
2020-04-08,29.079999923706055,30.274999618530273,28.96500015258789,30.1299991607666,30.1299991607666,4396200
2020-04-09,30.239999771118164,30.674999237060547,29.915000915527344,30.2549991607666,30.2549991607666,5118400
2020-04-13,30.1299991607666,30.295000076293945,29.350000381469727,29.764999389648438,29.764999389648438,5413000
2020-04-14,30.399999618530273,32.220001220703125,30.05500030517578,32.20500183105469,32.20500183105469,9673400
2020-04-15,31.239999771118164,31.559999465942383,30.84000015258789,31.145000457763672,31.145000457763672,6982400
2020-04-16,31.510000228881836,31.565000534057617,30.614999771118164,30.934999465942383,30.934999465942383,4204600
2020-04-17,31.28499984741211,31.565000534057617,30.94499969482422,31.094999313354492,31.094999313354492,6349200
2020-04-20,30.899999618530273,31.020000457763672,30.454999923706055,30.690000534057617,30.690000534057617,5705600
2020-04-21,29.934999465942383,30.209999084472656,29.399999618530273,29.520000457763672,29.520000457763672,4214200
2020-04-22,30.049999237060547,30.290000915527344,29.575000762939453,30.059999465942383,30.059999465942383,4876800
2020-04-23,30.09000015258789,30.44499969482422,29.729999542236328,29.815000534057617,29.815000534057617,3298600
2020-04-24,29.8799991607666,30.31999969482422,29.549999237060547,29.899999618530273,29.899999618530273,5111800
2020-04-27,30.299999237060547,30.3700008392334,29.815000534057617,30.260000228881836,30.260000228881836,5847200
2020-04-28,30.635000228881836,30.7450008392334,29.645000457763672,30.06999969482422,30.06999969482422,5729400
2020-04-29,30.165000915527344,31.264999389648438,29.985000610351562,31.06999969482422,31.06999969482422,5699400
2020-04-30,31.170000076293945,31.350000381469727,30.56999969482422,30.905000686645508,30.905000686645508,7046200
2020-05-01,30.6299991607666,30.729999542236328,29.584999084472656,29.760000228881836,29.760000228881836,3565200
2020-05-04,29.6200008392334,29.790000915527344,29.364999771118164,29.604999542236328,29.604999542236328,3831600
2020-05-05,29.7450008392334,30.8799991607666,29.610000610351562,30.325000762939453,30.325000762939453,5550000
2020-05-06,30.559999465942383,30.8799991607666,30.25,30.649999618530273,30.649999618530273,3470600
2020-05-07,30.875,31.549999237060547,30.825000762939453,31.045000076293945,31.045000076293945,4421200
2020-05-08,31.690000534057617,33.375,31.690000534057617,32.88999938964844,32.88999938964844,6549400
2020-05-11,32.375,33.525001525878906,32.375,33.20000076293945,33.20000076293945,4109800
2020-05-12,33.03499984741211,33.61000061035156,33.03499984741211,33.095001220703125,33.095001220703125,6303400
2020-05-13,32.86000061035156,33.36000061035156,32.290000915527344,32.584999084472656,32.584999084472656,3903600
2020-05-14,32.35499954223633,32.595001220703125,31.950000762939453,32.494998931884766,32.494998931884766,4096200
2020-05-15,32.470001220703125,33.17499923706055,32.16999816894531,33.005001068115234,33.005001068115234,8997800
2020-05-18,33.775001525878906,33.904998779296875,33.11000061035156,33.310001373291016,33.310001373291016,4412600
2020-05-19,33.43000030517578,33.875,33.25,33.57500076293945,33.57500076293945,4241600
2020-05-20,33.86000061035156,34.775001525878906,33.86000061035156,34.70500183105469,34.70500183105469,5147200
2020-05-21,34.59000015258789,34.69499969482422,34.040000915527344,34.18000030517578,34.18000030517578,3731000
2020-05-22,33.94499969482422,34.41999816894531,33.88999938964844,34.35499954223633,34.35499954223633,3404600
2020-05-26,35.125,35.32500076293945,34.3650016784668,34.505001068115234,34.505001068115234,5809400
2020-05-27,34.689998626708984,35.33000183105469,34.494998931884766,35.29999923706055,35.29999923706055,4043800
2020-05-28,35.55500030517578,35.81999969482422,34.86000061035156,35.435001373291016,35.435001373291016,6135800
2020-05-29,35.39500045776367,36.084999084472656,34.91999816894531,35.95500183105469,35.95500183105469,6229000
2020-06-01,36.404998779296875,36.71500015258789,36.01499938964844,36.29499816894531,36.29499816894531,3539600
2020-06-02,36.310001373291016,36.5,35.744998931884766,36.040000915527344,36.040000915527344,4813400
2020-06-03,36.30500030517578,36.529998779296875,36.029998779296875,36.255001068115234,36.255001068115234,3567200
2020-06-04,36.16999816894531,36.55500030517578,35.14500045776367,35.459999084472656,35.459999084472656,5904200
2020-06-05,35.7599983215332,36.154998779296875,35.244998931884766,36.1150016784668,36.1150016784668,5504800
2020-06-08,35.70500183105469,36.05500030517578,35.084999084472656,35.20000076293945,35.20000076293945,4955000
2020-06-09,34.9900016784668,35.41999816894531,34.790000915527344,35.21500015258789,35.21500015258789,3340800
2020-06-10,35.36000061035156,35.494998931884766,35.005001068115234,35.220001220703125,35.220001220703125,2929600
2020-06-11,34.8849983215332,35.189998626708984,33.76499938964844,33.900001525878906,33.900001525878906,4785400
2020-06-12,34.3849983215332,34.64500045776367,33.89500045776367,34.150001525878906,34.150001525878906,4212000
2020-06-15,33.595001220703125,34.43000030517578,33.310001373291016,34.400001525878906,34.400001525878906,3371200
2020-06-16,35.21500015258789,35.25,34.23500061035156,34.75,34.75,3310600
2020-06-17,34.974998474121094,35.22999954223633,34.665000915527344,34.77000045776367,34.77000045776367,3109200
2020-06-18,34.755001068115234,35.04999923706055,34.599998474121094,34.85499954223633,34.85499954223633,3172800
2020-06-19,35.345001220703125,35.474998474121094,34.71500015258789,35.040000915527344,35.040000915527344,8663600
2020-06-22,34.77000045776367,35.43000030517578,34.720001220703125,35.1349983215332,35.1349983215332,3254600
2020-06-23,35.43000030517578,35.52000045776367,34.994998931884766,35.09000015258789,35.09000015258789,2900000
2020-06-24,34.775001525878906,35.064998626708984,33.935001373291016,34.03499984741211,34.03499984741211,4316400
2020-06-25,34.040000915527344,34.56999969482422,33.685001373291016,34.529998779296875,34.529998779296875,3490400
2020-06-26,34.599998474121094,34.689998626708984,33.845001220703125,33.95000076293945,33.95000076293945,4092000
2020-06-29,34.19499969482422,34.630001068115234,33.96500015258789,34.55500030517578,34.55500030517578,3238400
2020-06-30,34.54499816894531,34.755001068115234,34.290000915527344,34.65999984741211,34.65999984741211,3857400
2020-07-01,34.665000915527344,34.98500061035156,34.41999816894531,34.51499938964844,34.51499938964844,2202400
2020-07-02,34.810001373291016,34.970001220703125,34.54999923706055,34.630001068115234,34.630001068115234,2826600
2020-07-06,35.1349983215332,35.67499923706055,34.98500061035156,35.654998779296875,35.654998779296875,5204000
2020-07-07,35.400001525878906,36.46500015258789,35.32500076293945,35.849998474121094,35.849998474121094,5078600
2020-07-08,36.05500030517578,36.40999984741211,35.61000061035156,35.880001068115234,35.880001068115234,3343400
2020-07-09,35.82500076293945,36.02000045776367,35.2599983215332,35.525001525878906,35.525001525878906,3051000
2020-07-10,35.540000915527344,35.834999084472656,35.05500030517578,35.82500076293945,35.82500076293945,2373400
2020-07-13,36.244998931884766,36.244998931884766,35.119998931884766,35.275001525878906,35.275001525878906,5254600
2020-07-14,34.8849983215332,35.875,34.77000045776367,35.814998626708984,35.814998626708984,4129600
2020-07-15,35.935001373291016,36.29499816894531,35.5,36.095001220703125,36.095001220703125,4421600
2020-07-16,35.89500045776367,36.31999969482422,35.80500030517578,36.310001373291016,36.310001373291016,2986800
2020-07-17,36.650001525878906,37.310001373291016,36.21500015258789,37.11000061035156,37.11000061035156,11530400
2020-07-20,37.25,37.474998474121094,36.79499816894531,36.935001373291016,36.935001373291016,3709400
2020-07-21,37.25,37.880001068115234,37.17499923706055,37.5,37.5,5121000
2020-07-22,37.70500183105469,38.04499816894531,37.66999816894531,37.8650016784668,37.8650016784668,4240800
2020-07-23,38.08000183105469,38.25,37.400001525878906,37.46500015258789,37.46500015258789,4396800
2020-07-24,37.529998779296875,37.744998931884766,37.29499816894531,37.439998626708984,37.439998626708984,3172200
2020-07-27,37.64500045776367,38.3650016784668,37.6349983215332,38.21500015258789,38.21500015258789,4054000
2020-07-28,38.46500015258789,38.5099983215332,37.96500015258789,38.095001220703125,38.095001220703125,3482000
2020-07-29,38.11000061035156,38.755001068115234,37.904998779296875,38.654998779296875,38.654998779296875,2977800
2020-07-30,38.3650016784668,39.0,38.005001068115234,38.90999984741211,38.90999984741211,4318600
2020-07-31,38.880001068115234,39.2400016784668,38.404998779296875,39.2400016784668,39.2400016784668,4205400
2020-08-03,39.345001220703125,39.39500045776367,38.57500076293945,38.91999816894531,38.91999816894531,3146400
2020-08-04,38.7400016784668,39.125,38.60499954223633,39.005001068115234,39.005001068115234,4987800
2020-08-05,41.01499938964844,41.97999954223633,40.654998779296875,41.54999923706055,41.54999923706055,7059400
2020-08-06,41.4900016784668,41.915000915527344,41.310001373291016,41.755001068115234,41.755001068115234,4367600
2020-08-07,41.474998474121094,41.91999816894531,41.209999084472656,41.595001220703125,41.595001220703125,3649000
2020-08-10,41.595001220703125,41.68000030517578,40.790000915527344,41.0,41.0,2531400
2020-08-11,41.13999938964844,41.220001220703125,40.07500076293945,40.29999923706055,40.29999923706055,4647600
2020-08-12,40.619998931884766,41.53499984741211,40.619998931884766,41.32500076293945,41.32500076293945,4070200
2020-08-13,41.5,41.9900016784668,41.39500045776367,41.90999984741211,41.90999984741211,4395400
2020-08-14,41.744998931884766,41.939998626708984,41.439998626708984,41.65999984741211,41.65999984741211,2771600
2020-08-17,41.66999816894531,41.95500183105469,41.64500045776367,41.724998474121094,41.724998474121094,5217800
2020-08-18,41.720001220703125,41.915000915527344,41.29999923706055,41.4900016784668,41.4900016784668,2744800
2020-08-19,41.38999938964844,41.790000915527344,41.17499923706055,41.334999084472656,41.334999084472656,2463200
2020-08-20,41.095001220703125,41.59000015258789,40.95500183105469,41.505001068115234,41.505001068115234,2238600
2020-08-21,41.380001068115234,41.51499938964844,40.90999984741211,41.3650016784668,41.3650016784668,2961800
2020-08-24,41.4900016784668,41.849998474121094,41.27000045776367,41.845001220703125,41.845001220703125,2881000
2020-08-25,42.025001525878906,42.279998779296875,41.595001220703125,41.98500061035156,41.98500061035156,2635600
2020-08-26,41.849998474121094,42.04499816894531,41.5099983215332,41.98500061035156,41.98500061035156,2942800
2020-08-27,42.0,42.095001220703125,41.39500045776367,41.66999816894531,41.66999816894531,2683400
2020-08-28,41.875,42.31999969482422,41.529998779296875,42.27000045776367,42.27000045776367,3333600
2020-08-31,42.209999084472656,42.48500061035156,41.619998931884766,41.93000030517578,41.93000030517578,5575000
2020-09-01,41.88999938964844,42.43000030517578,41.73500061035156,42.41999816894531,42.41999816894531,3822600
2020-09-02,42.5,43.525001525878906,42.474998474121094,43.26499938964844,43.26499938964844,5143000
2020-09-03,43.38999938964844,43.404998779296875,40.98500061035156,41.349998474121094,41.349998474121094,5403400
2020-09-04,41.58000183105469,41.880001068115234,40.48500061035156,41.1349983215332,41.1349983215332,5602000
2020-09-08,40.900001525878906,40.98500061035156,39.82500076293945,40.04999923706055,40.04999923706055,5340000
2020-09-09,40.275001525878906,41.67499923706055,40.275001525878906,41.369998931884766,41.369998931884766,7744400
2020-09-10,41.220001220703125,41.595001220703125,40.53499984741211,40.88999938964844,40.88999938964844,4664200
2020-09-11,41.025001525878906,41.15999984741211,40.209999084472656,40.66999816894531,40.66999816894531,3007400
2020-09-14,41.05500030517578,41.65999984741211,41.05500030517578,41.44499969482422,41.44499969482422,3683200
2020-09-15,41.619998931884766,41.96500015258789,41.209999084472656,41.56999969482422,41.56999969482422,3090000
2020-09-16,41.685001373291016,42.0,40.935001373291016,40.935001373291016,40.935001373291016,2866000
2020-09-17,40.39500045776367,40.720001220703125,39.83000183105469,40.35499954223633,40.35499954223633,4069000
2020-09-18,40.404998779296875,40.474998474121094,39.05500030517578,39.494998931884766,39.494998931884766,8863600
2020-09-21,39.20500183105469,39.25,38.53499984741211,39.189998626708984,39.189998626708984,4194400
2020-09-22,39.099998474121094,39.77000045776367,38.95500183105469,39.6150016784668,39.6150016784668,2659200
2020-09-23,39.42499923706055,39.619998931884766,38.71500015258789,38.89500045776367,38.89500045776367,2850400
2020-09-24,38.724998474121094,39.5099983215332,38.439998626708984,39.0,39.0,2472400
2020-09-25,38.724998474121094,39.51499938964844,38.540000915527344,39.39500045776367,39.39500045776367,3153800
2020-09-28,39.95500183105469,40.3650016784668,39.720001220703125,40.255001068115234,40.255001068115234,4542800
2020-09-29,40.44499969482422,40.540000915527344,39.79499816894531,39.89500045776367,39.89500045776367,2938600
2020-09-30,40.165000915527344,40.529998779296875,39.81999969482422,40.099998474121094,40.099998474121094,6780600
2020-10-01,40.525001525878906,40.880001068115234,40.119998931884766,40.7400016784668,40.7400016784668,9398200
2020-10-02,40.165000915527344,40.415000915527344,39.36000061035156,39.775001525878906,39.775001525878906,4004000
2020-10-05,39.85499954223633,40.060001373291016,39.0099983215332,39.334999084472656,39.334999084472656,4563000
2020-10-06,39.314998626708984,39.685001373291016,38.67499923706055,38.814998626708984,38.814998626708984,3674600
2020-10-07,38.939998626708984,39.494998931884766,38.814998626708984,39.380001068115234,39.380001068115234,3296000
2020-10-08,39.595001220703125,39.67499923706055,39.29999923706055,39.584999084472656,39.584999084472656,2904200
2020-10-09,39.744998931884766,40.599998474121094,39.685001373291016,40.474998474121094,40.474998474121094,5007600
2020-10-12,41.01499938964844,41.69499969482422,40.779998779296875,41.38999938964844,41.38999938964844,6679600
2020-10-13,41.83000183105469,42.22999954223633,41.415000915527344,41.744998931884766,41.744998931884766,5850000
2020-10-14,41.89500045776367,42.16999816894531,41.084999084472656,41.400001525878906,41.400001525878906,3779800
2020-10-15,40.915000915527344,41.25,40.540000915527344,40.69499969482422,40.69499969482422,4388400
2020-10-16,40.8650016784668,41.31999969482422,40.349998474121094,40.380001068115234,40.380001068115234,9510000
2020-10-19,40.22999954223633,40.78499984741211,39.814998626708984,40.005001068115234,40.005001068115234,4373600
2020-10-20,40.25,40.529998779296875,39.959999084472656,40.099998474121094,40.099998474121094,3429400
2020-10-21,39.935001373291016,40.34000015258789,39.70500183105469,40.04499816894531,40.04499816894531,2382000
2020-10-22,40.209999084472656,40.38999938964844,39.66999816894531,40.279998779296875,40.279998779296875,2338800
2020-10-23,40.43000030517578,40.64500045776367,40.025001525878906,40.19499969482422,40.19499969482422,3008400
2020-10-26,39.67499923706055,40.1349983215332,39.03499984741211,39.42499923706055,39.42499923706055,3101600
2020-10-27,39.89500045776367,40.540000915527344,39.665000915527344,40.19499969482422,40.19499969482422,3812200
2020-10-28,39.35499954223633,39.56999969482422,38.625,38.685001373291016,38.685001373291016,4345200
2020-10-29,38.53499984741211,39.255001068115234,38.27000045776367,38.77000045776367,38.77000045776367,3060600
2020-10-30,38.415000915527344,38.61000061035156,37.724998474121094,38.28499984741211,38.28499984741211,6512000
2020-11-02,38.91999816894531,39.17499923706055,38.459999084472656,38.959999084472656,38.959999084472656,3053200
2020-11-03,40.17499923706055,40.26499938964844,39.025001525878906,39.7599983215332,39.7599983215332,11307600
2020-11-04,40.45000076293945,41.709999084472656,40.20500183105469,41.36000061035156,41.36000061035156,5447000
2020-11-05,42.02000045776367,42.345001220703125,41.31999969482422,41.84000015258789,41.84000015258789,5788400
2020-11-06,42.244998931884766,42.290000915527344,41.31999969482422,41.630001068115234,41.630001068115234,4282800
2020-11-09,43.904998779296875,44.20500183105469,40.45000076293945,40.67499923706055,40.67499923706055,6738200
2020-11-10,40.47999954223633,41.380001068115234,40.255001068115234,40.790000915527344,40.790000915527344,5245400
2020-11-11,40.875,42.38999938964844,40.76499938964844,42.25,42.25,4651600
2020-11-12,42.25,42.39500045776367,41.19499969482422,41.47999954223633,41.47999954223633,2897200
2020-11-13,41.71500015258789,42.060001373291016,41.439998626708984,42.0099983215332,42.0099983215332,3730600
2020-11-16,41.9900016784668,42.665000915527344,41.61000061035156,41.790000915527344,41.790000915527344,4823200
2020-11-17,42.41999816894531,42.935001373291016,41.9900016784668,42.77000045776367,42.77000045776367,4410400
2020-11-18,42.46500015258789,43.01499938964844,42.060001373291016,42.11000061035156,42.11000061035156,3784400
2020-11-19,41.689998626708984,42.095001220703125,41.42499923706055,41.8650016784668,41.8650016784668,3606000
2020-11-20,41.80500030517578,42.19499969482422,41.720001220703125,41.7599983215332,41.7599983215332,3064600
2020-11-23,41.96500015258789,42.35499954223633,41.6349983215332,42.03499984741211,42.03499984741211,4277000
2020-11-24,42.150001525878906,42.494998931884766,41.755001068115234,42.095001220703125,42.095001220703125,2869000
2020-11-25,42.28499984741211,42.470001220703125,41.91999816894531,42.040000915527344,42.040000915527344,1889000
2020-11-27,42.2400016784668,42.56999969482422,41.95000076293945,42.07500076293945,42.07500076293945,2232400
2020-11-30,42.099998474121094,42.42499923706055,41.63999938964844,42.38999938964844,42.38999938964844,5309000
2020-12-01,42.7400016784668,43.51499938964844,42.4900016784668,43.34000015258789,43.34000015258789,4998400
2020-12-02,43.91999816894531,44.22999954223633,42.90999984741211,43.130001068115234,43.130001068115234,3482400
2020-12-03,42.8650016784668,43.3849983215332,42.779998779296875,43.2599983215332,43.2599983215332,4931000
2020-12-04,43.06999969482422,43.80500030517578,43.064998626708984,43.720001220703125,43.720001220703125,3642600
2020-12-07,43.474998474121094,43.880001068115234,43.334999084472656,43.584999084472656,43.584999084472656,2626000
2020-12-08,43.93000030517578,44.44499969482422,43.404998779296875,44.099998474121094,44.099998474121094,4275600
2020-12-09,44.20000076293945,44.349998474121094,43.73500061035156,43.95000076293945,43.95000076293945,2969400
2020-12-10,44.275001525878906,44.310001373291016,43.755001068115234,44.01499938964844,44.01499938964844,2506600
2020-12-11,43.775001525878906,44.11000061035156,43.51499938964844,44.0099983215332,44.0099983215332,3817000
2020-12-14,44.13999938964844,44.744998931884766,44.04999923706055,44.209999084472656,44.209999084472656,3382600
2020-12-15,44.4900016784668,44.58000183105469,44.084999084472656,44.290000915527344,44.290000915527344,3515000
2020-12-16,44.375,44.970001220703125,44.279998779296875,44.900001525878906,44.900001525878906,2729200
2020-12-17,44.9900016784668,45.224998474121094,44.7599983215332,45.06999969482422,45.06999969482422,2740400
2020-12-18,45.35499954223633,45.35499954223633,44.540000915527344,45.064998626708984,45.064998626708984,8386600
2020-12-21,44.42499923706055,44.724998474121094,43.654998779296875,44.48500061035156,44.48500061035156,3013400
2020-12-22,44.30500030517578,44.415000915527344,43.9900016784668,44.1349983215332,44.1349983215332,3033000
2020-12-23,44.13999938964844,44.75,44.099998474121094,44.470001220703125,44.470001220703125,2832000
2020-12-24,44.5,45.0099983215332,44.494998931884766,44.904998779296875,44.904998779296875,922800
2020-12-28,45.18000030517578,45.45500183105469,45.10499954223633,45.404998779296875,45.404998779296875,1725200
2020-12-29,45.599998474121094,45.720001220703125,45.255001068115234,45.52000045776367,45.52000045776367,1764800
2020-12-30,45.529998779296875,45.84000015258789,45.529998779296875,45.72999954223633,45.72999954223633,1574200
2020-12-31,45.7599983215332,46.27000045776367,45.53499984741211,46.2400016784668,46.2400016784668,2388000
2021-01-04,46.255001068115234,46.275001525878906,44.400001525878906,45.29999923706055,45.29999923706055,6013200
2021-01-05,44.94499969482422,45.83000183105469,44.724998474121094,45.709999084472656,45.709999084472656,5060200
2021-01-06,45.529998779296875,45.70000076293945,45.04499816894531,45.349998474121094,45.349998474121094,7577800
2021-01-07,45.28499984741211,46.79999923706055,45.1349983215332,46.75,46.75,6040800
2021-01-08,46.88999938964844,47.529998779296875,46.474998474121094,47.494998931884766,47.494998931884766,6277600
2021-01-11,47.43000030517578,47.55500030517578,46.27000045776367,46.470001220703125,46.470001220703125,3017600
2021-01-12,46.630001068115234,47.21500015258789,46.30500030517578,46.994998931884766,46.994998931884766,5388400
2021-01-13,47.0,47.08000183105469,45.904998779296875,45.935001373291016,45.935001373291016,6745200
2021-01-14,45.86000061035156,46.34000015258789,45.26499938964844,45.68000030517578,45.68000030517578,4772200
2021-01-15,45.150001525878906,46.25,44.86000061035156,45.82500076293945,45.82500076293945,6141400
2021-01-19,46.16999816894531,46.494998931884766,45.0099983215332,45.040000915527344,45.040000915527344,4727000
2021-01-20,45.064998626708984,45.23500061035156,44.64500045776367,44.80500030517578,44.80500030517578,3974400
2021-01-21,44.80500030517578,44.845001220703125,44.310001373291016,44.599998474121094,44.599998474121094,2556000
2021-01-22,44.55500030517578,44.70000076293945,44.040000915527344,44.099998474121094,44.099998474121094,2393400
2021-01-25,44.279998779296875,44.70000076293945,44.05500030517578,44.22999954223633,44.22999954223633,3477600
2021-01-26,44.150001525878906,44.869998931884766,44.13999938964844,44.400001525878906,44.400001525878906,2875200
2021-01-27,44.01499938964844,44.26499938964844,42.68000030517578,42.96500015258789,42.96500015258789,7168600
2021-01-28,43.38999938964844,44.665000915527344,43.314998626708984,44.3650016784668,44.3650016784668,3769000
2021-01-29,43.755001068115234,44.334999084472656,43.3849983215332,43.415000915527344,43.415000915527344,3693800
2021-02-01,43.404998779296875,44.21500015258789,43.220001220703125,44.125,44.125,3085000
2021-02-02,44.505001068115234,45.779998779296875,44.29499816894531,45.220001220703125,45.220001220703125,3255000
2021-02-03,45.10499954223633,45.56999969482422,44.625,45.20500183105469,45.20500183105469,2592800
2021-02-04,45.1349983215332,45.79999923706055,45.10499954223633,45.73500061035156,45.73500061035156,2404600
2021-02-05,46.025001525878906,46.36000061035156,45.43000030517578,45.54999923706055,45.54999923706055,3452200
2021-02-08,45.86000061035156,46.060001373291016,45.01499938964844,45.439998626708984,45.439998626708984,3406800
2021-02-09,45.224998474121094,45.3849983215332,44.86000061035156,45.255001068115234,45.255001068115234,2069000
2021-02-10,45.584999084472656,45.595001220703125,44.68000030517578,45.224998474121094,45.224998474121094,3267800
2021-02-11,45.39500045776367,45.505001068115234,44.8650016784668,44.970001220703125,44.970001220703125,2058200
2021-02-12,44.95000076293945,45.92499923706055,44.73500061035156,45.8650016784668,45.8650016784668,3215400
2021-02-16,45.8650016784668,46.3849983215332,45.78499984741211,46.09000015258789,46.09000015258789,3672400
2021-02-17,46.0,46.19499969482422,45.72999954223633,46.08000183105469,46.08000183105469,2404200
2021-02-18,45.73500061035156,46.474998474121094,45.5,46.32500076293945,46.32500076293945,2621600
2021-02-19,46.16999816894531,46.25,44.689998626708984,44.82500076293945,44.82500076293945,4606400
2021-02-22,44.78499984741211,44.97999954223633,44.400001525878906,44.584999084472656,44.584999084472656,4382200
2021-02-23,44.7599983215332,44.775001525878906,43.220001220703125,44.15999984741211,44.15999984741211,5441000
2021-02-24,43.724998474121094,44.44499969482422,43.25,44.119998931884766,44.119998931884766,4000000
2021-02-25,43.95000076293945,44.44499969482422,42.58000183105469,42.67499923706055,42.67499923706055,6369000
2021-02-26,43.810001373291016,44.814998626708984,43.11000061035156,43.869998931884766,43.869998931884766,9418400
2021-03-01,44.064998626708984,44.494998931884766,43.20000076293945,43.775001525878906,43.775001525878906,4140800
2021-03-02,43.779998779296875,44.244998931884766,43.400001525878906,43.439998626708984,43.439998626708984,4551000
2021-03-03,43.42499923706055,43.665000915527344,42.244998931884766,42.29999923706055,42.29999923706055,4186200
2021-03-04,42.36000061035156,43.28499984741211,42.029998779296875,42.34000015258789,42.34000015258789,4667000
2021-03-05,42.63999938964844,43.39500045776367,41.47999954223633,43.209999084472656,43.209999084472656,6817000
2021-03-08,43.099998474121094,43.35499954223633,42.5099983215332,42.56999969482422,42.56999969482422,4603600
2021-03-09,43.35499954223633,44.55500030517578,42.97999954223633,44.220001220703125,44.220001220703125,4986200
2021-03-10,44.400001525878906,45.04999923706055,44.349998474121094,44.70000076293945,44.70000076293945,4209000
2021-03-11,44.529998779296875,45.03499984741211,44.39500045776367,44.67499923706055,44.67499923706055,3186800
2021-03-12,44.23500061035156,44.599998474121094,43.83000183105469,44.470001220703125,44.470001220703125,5040400
2021-03-15,44.46500015258789,44.69499969482422,43.95000076293945,44.654998779296875,44.654998779296875,3074200
2021-03-16,45.025001525878906,45.29999923706055,44.619998931884766,44.69499969482422,44.69499969482422,4415600
2021-03-17,44.314998626708984,44.625,43.64500045776367,44.29999923706055,44.29999923706055,3589800
2021-03-18,44.09000015258789,44.1150016784668,43.16999816894531,43.959999084472656,43.959999084472656,5317200
2021-03-19,43.8849983215332,44.310001373291016,43.67499923706055,43.959999084472656,43.959999084472656,6279000
2021-03-22,43.900001525878906,45.099998474121094,43.790000915527344,44.525001525878906,44.525001525878906,5004600
2021-03-23,44.94499969482422,45.42499923706055,44.48500061035156,44.810001373291016,44.810001373291016,4077000
2021-03-24,44.77000045776367,44.77000045776367,43.92499923706055,44.36000061035156,44.36000061035156,3741200
2021-03-25,44.47999954223633,44.654998779296875,43.654998779296875,44.39500045776367,44.39500045776367,2656200
2021-03-26,44.17499923706055,45.91999816894531,44.11000061035156,45.82500076293945,45.82500076293945,4230200
2021-03-29,45.880001068115234,46.18000030517578,45.34000015258789,45.959999084472656,45.959999084472656,4273800
2021-03-30,45.64500045776367,45.814998626708984,45.06999969482422,45.345001220703125,45.345001220703125,3444800
2021-03-31,45.540000915527344,45.8650016784668,45.275001525878906,45.54499816894531,45.54499816894531,4038200
2021-04-01,45.849998474121094,46.084999084472656,45.54499816894531,45.68000030517578,45.68000030517578,3623000
2021-04-05,45.76499938964844,47.064998626708984,45.71500015258789,46.720001220703125,46.720001220703125,4506600
2021-04-06,46.869998931884766,47.13999938964844,46.314998626708984,46.8650016784668,46.8650016784668,3346600
2021-04-07,46.89500045776367,47.28499984741211,46.709999084472656,47.1150016784668,47.1150016784668,3219800
2021-04-08,47.39500045776367,47.915000915527344,47.20000076293945,47.650001525878906,47.650001525878906,3320400
2021-04-09,47.51499938964844,47.7400016784668,47.415000915527344,47.64500045776367,47.64500045776367,2752200
2021-04-12,47.55500030517578,47.8650016784668,47.310001373291016,47.709999084472656,47.709999084472656,2734400
2021-04-13,47.70000076293945,48.14500045776367,47.70000076293945,47.94499969482422,47.94499969482422,4279800
2021-04-14,47.915000915527344,48.0099983215332,47.275001525878906,47.400001525878906,47.400001525878906,3646600
2021-04-15,47.65999984741211,48.10499954223633,47.5,47.974998474121094,47.974998474121094,2614800
2021-04-16,48.314998626708984,49.21500015258789,48.064998626708984,49.084999084472656,49.084999084472656,8516600
2021-04-19,49.16999816894531,49.244998931884766,48.470001220703125,48.93000030517578,48.93000030517578,3462200
2021-04-20,49.025001525878906,49.125,48.47999954223633,48.70000076293945,48.70000076293945,3343600
2021-04-21,49.10499954223633,49.244998931884766,48.654998779296875,48.994998931884766,48.994998931884766,2665200
2021-04-22,48.904998779296875,49.040000915527344,48.599998474121094,48.755001068115234,48.755001068115234,2800200
2021-04-23,48.935001373291016,49.619998931884766,48.79499816894531,49.34000015258789,49.34000015258789,3053800
2021-04-26,49.13999938964844,49.255001068115234,48.35499954223633,48.56999969482422,48.56999969482422,3654800
2021-04-27,48.654998779296875,48.654998779296875,48.25,48.5099983215332,48.5099983215332,2127000
2021-04-28,48.584999084472656,48.650001525878906,48.03499984741211,48.23500061035156,48.23500061035156,2098800
2021-04-29,48.46500015258789,49.11000061035156,48.255001068115234,48.970001220703125,48.970001220703125,2269200
2021-04-30,48.78499984741211,48.810001373291016,48.220001220703125,48.525001525878906,48.525001525878906,4192600
2021-05-03,48.95500183105469,49.56999969482422,48.69499969482422,48.80500030517578,48.80500030517578,3842000
2021-05-04,48.625,48.73500061035156,47.80500030517578,47.970001220703125,47.970001220703125,4077000
2021-05-05,48.0,48.19499969482422,47.064998626708984,47.224998474121094,47.224998474121094,4010600
2021-05-06,47.44499969482422,47.599998474121094,47.060001373291016,47.5099983215332,47.5099983215332,4296000
2021-05-07,44.5,45.84000015258789,44.17499923706055,45.625,45.625,12023800
2021-05-10,45.56999969482422,46.40999984741211,45.349998474121094,45.79999923706055,45.79999923706055,6512200
2021-05-11,44.95000076293945,46.119998931884766,44.95000076293945,45.77000045776367,45.77000045776367,4059600
2021-05-12,45.51499938964844,45.630001068115234,44.79999923706055,44.89500045776367,44.89500045776367,4526800
2021-05-13,45.1150016784668,45.31999969482422,44.63999938964844,44.73500061035156,44.73500061035156,4646400
2021-05-14,44.900001525878906,46.29499816894531,44.80500030517578,46.06999969482422,46.06999969482422,4459800
2021-05-17,45.525001525878906,45.849998474121094,45.290000915527344,45.67499923706055,45.67499923706055,2920000
2021-05-18,45.810001373291016,45.81999969482422,45.26499938964844,45.404998779296875,45.404998779296875,3107600
2021-05-19,45.16999816894531,45.400001525878906,44.91999816894531,45.3650016784668,45.3650016784668,3543600
2021-05-20,45.40999984741211,46.46500015258789,45.36000061035156,46.25,46.25,5164600
2021-05-21,46.439998626708984,46.53499984741211,45.7400016784668,46.005001068115234,46.005001068115234,3684000
2021-05-24,46.30500030517578,46.8849983215332,46.15999984741211,46.6150016784668,46.6150016784668,4328000
2021-05-25,46.86000061035156,47.1150016784668,46.2599983215332,46.51499938964844,46.51499938964844,4221600
2021-05-26,46.755001068115234,46.959999084472656,46.57500076293945,46.70500183105469,46.70500183105469,2906600
2021-05-27,46.970001220703125,47.095001220703125,46.560001373291016,46.654998779296875,46.654998779296875,4490000
2021-05-28,46.76499938964844,47.349998474121094,46.70000076293945,47.1349983215332,47.1349983215332,2767600
2021-06-01,47.19499969482422,47.415000915527344,46.654998779296875,46.79499816894531,46.79499816894531,5645600
2021-06-02,47.13999938964844,47.90999984741211,46.93000030517578,47.415000915527344,47.415000915527344,4828400
2021-06-03,47.04499816894531,47.60499954223633,46.880001068115234,47.525001525878906,47.525001525878906,3981200
2021-06-04,47.75,47.939998626708984,47.46500015258789,47.685001373291016,47.685001373291016,2685800
2021-06-07,47.689998626708984,47.69499969482422,46.85499954223633,47.150001525878906,47.150001525878906,3396600
2021-06-08,47.224998474121094,47.31999969482422,46.6349983215332,47.08000183105469,47.08000183105469,2913000
2021-06-09,47.11000061035156,47.25,46.540000915527344,46.619998931884766,46.619998931884766,2522800
2021-06-10,46.25,47.06999969482422,46.25,46.8849983215332,46.8849983215332,3455200
2021-06-11,46.9900016784668,47.0,46.52000045776367,46.75,46.75,2156600
2021-06-14,46.560001373291016,46.834999084472656,46.5,46.70000076293945,46.70000076293945,3009600
2021-06-15,46.904998779296875,46.904998779296875,46.025001525878906,46.095001220703125,46.095001220703125,3613800
2021-06-16,45.525001525878906,46.36000061035156,45.525001525878906,45.7599983215332,45.7599983215332,6313200
2021-06-17,45.7599983215332,46.41999816894531,45.66999816894531,46.28499984741211,46.28499984741211,3164000
2021-06-18,46.1349983215332,46.470001220703125,45.81999969482422,45.880001068115234,45.880001068115234,6802600
2021-06-21,46.08000183105469,46.275001525878906,45.60499954223633,46.02000045776367,46.02000045776367,3067000
2021-06-22,46.04499816894531,46.13999938964844,45.60499954223633,45.88999938964844,45.88999938964844,3198000
2021-06-23,45.90999984741211,45.96500015258789,45.14500045776367,45.154998779296875,45.154998779296875,3717200
2021-06-24,45.275001525878906,45.345001220703125,44.90999984741211,45.06999969482422,45.06999969482422,5211000
2021-06-25,45.20000076293945,47.64500045776367,44.625,46.060001373291016,46.060001373291016,8855000
2021-06-28,46.040000915527344,46.439998626708984,45.5099983215332,45.72999954223633,45.72999954223633,3954800
2021-06-29,45.77000045776367,45.8849983215332,45.43000030517578,45.779998779296875,45.779998779296875,2837200
2021-06-30,45.79999923706055,45.95000076293945,45.53499984741211,45.67499923706055,45.67499923706055,3971800
2021-07-01,45.630001068115234,45.834999084472656,45.47999954223633,45.57500076293945,45.57500076293945,3406400
2021-07-02,45.790000915527344,46.01499938964844,45.375,45.43000030517578,45.43000030517578,3086600
2021-07-06,45.43000030517578,45.584999084472656,45.154998779296875,45.30500030517578,45.30500030517578,4578400
2021-07-07,45.44499969482422,45.474998474121094,45.21500015258789,45.41999816894531,45.41999816894531,2552800
2021-07-08,45.0,45.439998626708984,44.775001525878906,44.91999816894531,44.91999816894531,3447200
2021-07-09,44.775001525878906,45.27000045776367,44.73500061035156,45.119998931884766,45.119998931884766,2788600
2021-07-12,45.19499969482422,45.654998779296875,45.095001220703125,45.584999084472656,45.584999084472656,2985800
2021-07-13,45.70500183105469,46.209999084472656,45.6349983215332,46.0099983215332,46.0099983215332,3210600
2021-07-14,46.130001068115234,46.75,46.060001373291016,46.5,46.5,4303400
2021-07-15,46.51499938964844,46.939998626708984,46.400001525878906,46.810001373291016,46.810001373291016,5191800
2021-07-16,46.849998474121094,47.029998779296875,46.51499938964844,46.53499984741211,46.53499984741211,3156600
2021-07-19,46.53499984741211,46.7400016784668,45.93000030517578,46.125,46.125,3846200
2021-07-20,46.220001220703125,47.08000183105469,46.10499954223633,46.85499954223633,46.85499954223633,3116000
2021-07-21,46.810001373291016,47.224998474121094,46.56999969482422,46.67499923706055,46.67499923706055,2539600
2021-07-22,46.709999084472656,46.78499984741211,46.30500030517578,46.685001373291016,46.685001373291016,1728000
2021-07-23,47.47999954223633,48.470001220703125,47.279998779296875,48.14500045776367,48.14500045776367,3849000
2021-07-26,48.040000915527344,48.21500015258789,47.599998474121094,48.0,48.0,3594000
2021-07-27,48.125,48.290000915527344,47.33000183105469,47.59000015258789,47.59000015258789,6477400
2021-07-28,47.584999084472656,47.744998931884766,46.8650016784668,47.025001525878906,47.025001525878906,3049600
2021-07-29,47.099998474121094,47.459999084472656,46.91999816894531,47.290000915527344,47.290000915527344,2538800
2021-07-30,47.38999938964844,47.540000915527344,47.025001525878906,47.15999984741211,47.15999984741211,3352800
2021-08-02,47.2400016784668,47.314998626708984,46.310001373291016,46.68000030517578,46.68000030517578,4080400
2021-08-03,46.834999084472656,46.97999954223633,46.119998931884766,46.52000045776367,46.52000045776367,3927600
2021-08-04,46.41999816894531,46.71500015258789,45.95000076293945,46.005001068115234,46.005001068115234,3063400
2021-08-05,46.28499984741211,46.32500076293945,45.90999984741211,45.974998474121094,45.974998474121094,4018400
2021-08-06,47.0,49.25,47.0,48.48500061035156,48.48500061035156,9913400
2021-08-09,48.68000030517578,49.45000076293945,48.60499954223633,49.23500061035156,49.23500061035156,5505400
2021-08-10,49.459999084472656,49.94499969482422,49.22999954223633,49.39500045776367,49.39500045776367,4374400
2021-08-11,49.54999923706055,49.810001373291016,49.185001373291016,49.36000061035156,49.36000061035156,2939400
2021-08-12,49.435001373291016,49.435001373291016,48.720001220703125,48.810001373291016,48.810001373291016,2373200
2021-08-13,48.79499816894531,49.1150016784668,48.61000061035156,49.060001373291016,49.060001373291016,2773000
2021-08-16,49.18000030517578,49.290000915527344,48.904998779296875,49.209999084472656,49.209999084472656,2170000
2021-08-17,48.974998474121094,49.025001525878906,48.67499923706055,48.7599983215332,48.7599983215332,2442600
2021-08-18,48.685001373291016,48.814998626708984,47.904998779296875,47.93000030517578,47.93000030517578,2100400
2021-08-19,47.56999969482422,48.64500045776367,47.45000076293945,48.59000015258789,48.59000015258789,2738400
2021-08-20,48.68000030517578,48.92499923706055,48.2599983215332,48.369998931884766,48.369998931884766,2659600
2021-08-23,48.209999084472656,48.54999923706055,48.1150016784668,48.375,48.375,2027800
2021-08-24,48.470001220703125,48.470001220703125,47.8650016784668,48.314998626708984,48.314998626708984,1992000
2021-08-25,48.31999969482422,48.64500045776367,48.084999084472656,48.564998626708984,48.564998626708984,1990000
2021-08-26,48.56999969482422,48.689998626708984,48.33000183105469,48.41999816894531,48.41999816894531,1929400
2021-08-27,48.505001068115234,48.89500045776367,48.29999923706055,48.665000915527344,48.665000915527344,1971600
2021-08-30,48.69499969482422,48.95500183105469,48.54499816894531,48.904998779296875,48.904998779296875,1742800
2021-08-31,48.98500061035156,49.0,48.584999084472656,48.78499984741211,48.78499984741211,3100600
2021-09-01,48.88999938964844,49.099998474121094,48.595001220703125,48.900001525878906,48.900001525878906,2856000
2021-09-02,48.9900016784668,49.20000076293945,48.619998931884766,48.79999923706055,48.79999923706055,2093400
2021-09-03,48.54999923706055,48.880001068115234,48.1150016784668,48.790000915527344,48.790000915527344,2285400
2021-09-07,48.68000030517578,48.68000030517578,47.53499984741211,47.59000015258789,47.59000015258789,3057800
2021-09-08,47.560001373291016,48.44499969482422,47.505001068115234,48.41999816894531,48.41999816894531,2353400
2021-09-09,48.45500183105469,48.55500030517578,48.095001220703125,48.17499923706055,48.17499923706055,1935400
2021-09-10,48.244998931884766,48.279998779296875,47.939998626708984,47.959999084472656,47.959999084472656,2229000
2021-09-13,48.27000045776367,48.46500015258789,47.599998474121094,47.69499969482422,47.69499969482422,2575200
2021-09-14,47.810001373291016,48.099998474121094,47.415000915527344,47.47999954223633,47.47999954223633,3036600
2021-09-15,47.5,47.875,47.18000030517578,47.56999969482422,47.56999969482422,3075800
2021-09-16,47.45500183105469,48.02000045776367,47.23500061035156,47.939998626708984,47.939998626708984,2151600
2021-09-17,47.33000183105469,47.94499969482422,46.904998779296875,47.31999969482422,47.31999969482422,6246800
2021-09-20,47.119998931884766,47.130001068115234,45.98500061035156,46.39500045776367,46.39500045776367,3491600
2021-09-21,46.58000183105469,46.869998931884766,45.869998931884766,45.900001525878906,45.900001525878906,2792400
2021-09-22,46.20500183105469,46.61000061035156,45.67499923706055,46.28499984741211,46.28499984741211,3049800
2021-09-23,46.29999923706055,46.779998779296875,46.244998931884766,46.54499816894531,46.54499816894531,2892600
2021-09-24,46.369998931884766,46.69499969482422,46.07500076293945,46.369998931884766,46.369998931884766,2748400
2021-09-27,46.084999084472656,46.29499816894531,45.63999938964844,45.89500045776367,45.89500045776367,3183400
2021-09-28,45.65999984741211,45.79499816894531,44.595001220703125,44.75,44.75,4337200
2021-09-29,44.75,45.02000045776367,44.61000061035156,44.665000915527344,44.665000915527344,2852800
2021-09-30,44.95500183105469,45.04999923706055,44.404998779296875,44.415000915527344,44.415000915527344,4550600
2021-10-01,44.790000915527344,45.09000015258789,44.18000030517578,44.939998626708984,44.939998626708984,3895600
2021-10-04,44.935001373291016,45.185001373291016,44.060001373291016,44.25,44.25,5636200
2021-10-05,44.380001068115234,45.02000045776367,44.2599983215332,44.775001525878906,44.775001525878906,3174800
2021-10-06,44.44499969482422,45.165000915527344,44.275001525878906,45.04999923706055,45.04999923706055,3152400
2021-10-07,45.435001373291016,45.71500015258789,44.994998931884766,45.03499984741211,45.03499984741211,3716400
2021-10-08,45.1349983215332,45.28499984741211,44.595001220703125,44.6349983215332,44.6349983215332,3210800
2021-10-11,44.5099983215332,44.625,43.96500015258789,44.025001525878906,44.025001525878906,2235400
2021-10-12,44.029998779296875,44.404998779296875,43.834999084472656,43.970001220703125,43.970001220703125,3097200
2021-10-13,42.9900016784668,43.470001220703125,42.470001220703125,42.665000915527344,42.665000915527344,5975800
2021-10-14,42.97999954223633,43.22999954223633,42.6349983215332,42.79999923706055,42.79999923706055,7239800
2021-10-15,42.904998779296875,43.16999816894531,42.58000183105469,42.790000915527344,42.790000915527344,7120000
2021-10-18,42.599998474121094,43.0099983215332,42.42499923706055,42.71500015258789,42.71500015258789,3552600
2021-10-19,42.73500061035156,42.834999084472656,42.20500183105469,42.5,42.5,6439200
2021-10-20,43.02000045776367,43.02000045776367,42.439998626708984,42.46500015258789,42.46500015258789,6481800
2021-10-21,42.51499938964844,42.76499938964844,42.29999923706055,42.625,42.625,8226000
2021-10-22,42.84000015258789,43.02000045776367,42.244998931884766,42.3650016784668,42.3650016784668,2767200
2021-10-25,42.34000015258789,42.459999084472656,42.025001525878906,42.189998626708984,42.189998626708984,4687400
2021-10-26,42.375,42.959999084472656,42.290000915527344,42.790000915527344,42.790000915527344,5747600
2021-10-27,43.0,43.0,41.849998474121094,42.439998626708984,42.439998626708984,4402000
2021-10-28,42.54999923706055,42.81999969482422,42.165000915527344,42.45000076293945,42.45000076293945,3151600
2021-10-29,42.45000076293945,42.69499969482422,42.375,42.5,42.5,5402600
2021-11-01,42.4900016784668,42.900001525878906,42.459999084472656,42.72999954223633,42.72999954223633,4594000
2021-11-02,42.915000915527344,43.290000915527344,42.69499969482422,42.94499969482422,42.94499969482422,4239400
2021-11-03,43.03499984741211,43.69499969482422,43.0,43.65999984741211,43.65999984741211,5841600
2021-11-04,43.63999938964844,44.029998779296875,43.39500045776367,43.88999938964844,43.88999938964844,3834000
2021-11-05,45.21500015258789,45.94499969482422,44.935001373291016,45.814998626708984,45.814998626708984,8898800
2021-11-08,45.61000061035156,45.904998779296875,45.25,45.415000915527344,45.415000915527344,5537400
2021-11-09,45.40999984741211,46.01499938964844,45.09000015258789,45.880001068115234,45.880001068115234,4254400
2021-11-10,45.95000076293945,46.6349983215332,45.89500045776367,45.9900016784668,45.9900016784668,4288800
2021-11-11,46.04499816894531,46.35499954223633,45.92499923706055,46.1349983215332,46.1349983215332,3367600
2021-11-12,46.224998474121094,46.334999084472656,45.4900016784668,46.029998779296875,46.029998779296875,3980000
2021-11-15,46.189998626708984,46.540000915527344,46.04999923706055,46.5,46.5,5327200
2021-11-16,46.67499923706055,46.904998779296875,46.130001068115234,46.165000915527344,46.165000915527344,4315000
2021-11-17,46.10499954223633,46.23500061035156,45.599998474121094,45.70000076293945,45.70000076293945,4110400
2021-11-18,45.57500076293945,45.595001220703125,44.30500030517578,44.69499969482422,44.69499969482422,5120400
2021-11-19,44.69499969482422,44.994998931884766,44.474998474121094,44.650001525878906,44.650001525878906,3880000
2021-11-22,46.005001068115234,46.150001525878906,44.68000030517578,45.04499816894531,45.04499816894531,6418600
2021-11-23,45.05500030517578,45.255001068115234,43.54499816894531,44.310001373291016,44.310001373291016,5654000
2021-11-24,43.94499969482422,44.6150016784668,43.94499969482422,44.54499816894531,44.54499816894531,2990400
2021-11-26,44.4900016784668,44.494998931884766,43.3849983215332,43.525001525878906,43.525001525878906,2514000
2021-11-29,43.60499954223633,43.77000045776367,43.279998779296875,43.42499923706055,43.42499923706055,3813400
2021-11-30,43.2599983215332,43.400001525878906,41.66999816894531,41.88999938964844,41.88999938964844,7082800
2021-12-01,42.275001525878906,42.42499923706055,40.459999084472656,40.529998779296875,40.529998779296875,6209200
2021-12-02,40.84000015258789,41.900001525878906,40.84000015258789,41.47999954223633,41.47999954223633,5599600
2021-12-03,41.65999984741211,41.93000030517578,41.290000915527344,41.849998474121094,41.849998474121094,4822400
2021-12-06,42.29999923706055,42.939998626708984,41.974998474121094,42.85499954223633,42.85499954223633,3120400
2021-12-07,42.974998474121094,44.39500045776367,42.974998474121094,44.185001373291016,44.185001373291016,7769400
2021-12-08,44.099998474121094,44.51499938964844,43.76499938964844,44.46500015258789,44.46500015258789,4618200
2021-12-09,44.04999923706055,44.439998626708984,44.0099983215332,44.150001525878906,44.150001525878906,2984400
2021-12-10,44.5099983215332,45.005001068115234,44.35499954223633,44.775001525878906,44.775001525878906,5296800
2021-12-13,44.75,45.154998779296875,44.42499923706055,44.88999938964844,44.88999938964844,3196800
2021-12-14,44.70000076293945,45.334999084472656,44.67499923706055,45.185001373291016,45.185001373291016,3964600
2021-12-15,45.2400016784668,45.650001525878906,44.81999969482422,45.60499954223633,45.60499954223633,5586400
2021-12-16,45.834999084472656,46.310001373291016,45.625,45.810001373291016,45.810001373291016,5437600
2021-12-17,45.51499938964844,46.55500030517578,45.25,45.810001373291016,45.810001373291016,11568800
2021-12-20,45.3650016784668,45.88999938964844,44.79999923706055,45.81999969482422,45.81999969482422,5719000
2021-12-21,45.834999084472656,46.45000076293945,45.82500076293945,46.39500045776367,46.39500045776367,3091800
2021-12-22,46.345001220703125,46.76499938964844,46.185001373291016,46.7400016784668,46.7400016784668,2308200
2021-12-23,46.86000061035156,47.154998779296875,46.68000030517578,46.91999816894531,46.91999816894531,2444400
2021-12-27,47.0099983215332,47.45500183105469,47.0099983215332,47.400001525878906,47.400001525878906,2034200
2021-12-28,47.45000076293945,47.654998779296875,47.17499923706055,47.349998474121094,47.349998474121094,2137200
2021-12-29,47.42499923706055,47.994998931884766,47.25,47.89500045776367,47.89500045776367,2588600
2021-12-30,48.13999938964844,48.209999084472656,47.625,47.69499969482422,47.69499969482422,2226600
2021-12-31,47.654998779296875,48.11000061035156,47.5,48.02000045776367,48.02000045776367,2210200
2022-01-03,47.7599983215332,48.345001220703125,47.44499969482422,48.27000045776367,48.27000045776367,3685000
2022-01-04,48.20500183105469,48.97999954223633,48.20500183105469,48.869998931884766,48.869998931884766,4181600
2022-01-05,48.75,49.3650016784668,48.0,48.025001525878906,48.025001525878906,4739000
2022-01-06,47.814998626708984,48.400001525878906,47.64500045776367,47.7599983215332,47.7599983215332,4969200
2022-01-07,47.68000030517578,47.85499954223633,47.0099983215332,47.029998779296875,47.029998779296875,3675200
2022-01-10,46.90999984741211,46.935001373291016,45.57500076293945,46.3650016784668,46.3650016784668,6309400
2022-01-11,46.06999969482422,47.369998931884766,45.775001525878906,47.290000915527344,47.290000915527344,3742400
2022-01-12,47.54999923706055,47.63999938964844,46.845001220703125,46.9900016784668,46.9900016784668,3743400
2022-01-13,47.17499923706055,47.525001525878906,46.83000183105469,47.185001373291016,47.185001373291016,4779000
2022-01-14,47.18000030517578,47.18000030517578,44.57500076293945,44.95500183105469,44.95500183105469,8029000
2022-01-18,44.16999816894531,44.43000030517578,43.275001525878906,43.349998474121094,43.349998474121094,6205400
2022-01-19,43.42499923706055,43.73500061035156,43.095001220703125,43.3650016784668,43.3650016784668,5808200
2022-01-20,43.689998626708984,44.560001373291016,43.119998931884766,43.185001373291016,43.185001373291016,3938200
2022-01-21,43.27000045776367,43.875,42.7599983215332,42.810001373291016,42.810001373291016,6160600
2022-01-24,42.76499938964844,44.150001525878906,42.099998474121094,44.06999969482422,44.06999969482422,6855800
2022-01-25,43.474998474121094,43.650001525878906,42.689998626708984,43.165000915527344,43.165000915527344,5585800
2022-01-26,43.05500030517578,43.619998931884766,42.040000915527344,42.29499816894531,42.29499816894531,5077400
2022-01-27,42.665000915527344,42.95500183105469,41.349998474121094,41.584999084472656,41.584999084472656,4749000
2022-01-28,41.45500183105469,42.654998779296875,41.0,42.654998779296875,42.654998779296875,5212400
2022-01-31,42.630001068115234,43.39500045776367,42.404998779296875,43.36000061035156,43.36000061035156,4579600
2022-02-01,43.30500030517578,43.369998931884766,42.665000915527344,43.23500061035156,43.23500061035156,6964200
2022-02-02,43.564998626708984,43.970001220703125,43.29999923706055,43.60499954223633,43.60499954223633,4176400
2022-02-03,43.20500183105469,43.4900016784668,42.90999984741211,43.040000915527344,43.040000915527344,6862200
2022-02-04,42.525001525878906,42.810001373291016,41.90999984741211,42.14500045776367,42.14500045776367,6169800
2022-02-07,42.2599983215332,42.564998626708984,42.08000183105469,42.27000045776367,42.27000045776367,3072000
2022-02-08,42.189998626708984,42.494998931884766,41.880001068115234,42.36000061035156,42.36000061035156,5139400
2022-02-09,42.869998931884766,43.29499816894531,42.665000915527344,43.14500045776367,43.14500045776367,4356200
2022-02-10,42.494998931884766,42.52000045776367,41.60499954223633,41.915000915527344,41.915000915527344,6357600
2022-02-11,41.93000030517578,42.369998931884766,41.275001525878906,41.400001525878906,41.400001525878906,4233400
2022-02-14,41.5,42.85499954223633,40.76499938964844,41.28499984741211,41.28499984741211,5872000
2022-02-15,42.5,42.564998626708984,40.959999084472656,41.38999938964844,41.38999938964844,7839800
2022-02-16,41.19499969482422,41.83000183105469,40.540000915527344,41.61000061035156,41.61000061035156,5330600
2022-02-17,41.44499969482422,41.45000076293945,40.64500045776367,41.06999969482422,41.06999969482422,4696000
2022-02-18,40.9900016784668,41.04499816894531,40.224998474121094,40.6349983215332,40.6349983215332,10591000
2022-02-22,40.41999816894531,41.099998474121094,40.255001068115234,40.82500076293945,40.82500076293945,9145600
2022-02-23,40.900001525878906,40.994998931884766,39.60499954223633,39.70500183105469,39.70500183105469,6408000
2022-02-24,39.44499969482422,40.20500183105469,38.185001373291016,40.17499923706055,40.17499923706055,9444600
2022-02-25,41.5,43.4900016784668,41.064998626708984,42.28499984741211,42.28499984741211,11672200
2022-02-28,41.4900016784668,42.474998474121094,41.43000030517578,42.20000076293945,42.20000076293945,8159000
2022-03-01,42.10499954223633,42.32500076293945,41.3650016784668,41.6150016784668,41.6150016784668,5382200
2022-03-02,41.7400016784668,42.15999984741211,41.38999938964844,41.875,41.875,3418400
2022-03-03,42.084999084472656,42.189998626708984,41.625,41.67499923706055,41.67499923706055,7623600
2022-03-04,41.470001220703125,41.470001220703125,40.439998626708984,40.65999984741211,40.65999984741211,7686200
2022-03-07,40.66999816894531,40.66999816894531,37.35499954223633,37.5,37.5,10949000
2022-03-08,37.36000061035156,37.834999084472656,35.88999938964844,36.244998931884766,36.244998931884766,8853400
2022-03-09,37.28499984741211,38.58000183105469,37.125,38.34000015258789,38.34000015258789,7075000
2022-03-10,37.68000030517578,38.25,37.03499984741211,37.69499969482422,37.69499969482422,5517200
2022-03-11,38.154998779296875,38.255001068115234,36.54499816894531,36.61000061035156,36.61000061035156,3375000
2022-03-14,36.880001068115234,37.38999938964844,36.564998626708984,36.6150016784668,36.6150016784668,3931800
2022-03-15,37.10499954223633,37.619998931884766,36.994998931884766,37.540000915527344,37.540000915527344,3991200
2022-03-16,37.970001220703125,39.029998779296875,37.63999938964844,38.595001220703125,38.595001220703125,6022000
2022-03-17,38.54999923706055,39.220001220703125,38.244998931884766,39.13999938964844,39.13999938964844,4688600
2022-03-18,39.564998626708984,40.40999984741211,39.10499954223633,40.29499816894531,40.29499816894531,9556000
2022-03-21,39.97999954223633,40.10499954223633,38.915000915527344,39.5,39.5,4685600
2022-03-22,39.720001220703125,40.875,39.720001220703125,40.650001525878906,40.650001525878906,7084600
2022-03-23,40.435001373291016,40.45000076293945,38.92499923706055,39.025001525878906,39.025001525878906,5123400
2022-03-24,39.15999984741211,39.314998626708984,38.625,39.279998779296875,39.279998779296875,4443000
2022-03-25,39.529998779296875,39.6349983215332,39.029998779296875,39.349998474121094,39.349998474121094,3413200
2022-03-28,39.58000183105469,40.040000915527344,39.27000045776367,40.0099983215332,40.0099983215332,3321600
2022-03-29,40.709999084472656,41.790000915527344,40.32500076293945,41.290000915527344,41.290000915527344,5138400
2022-03-30,40.88999938964844,41.084999084472656,39.79999923706055,40.029998779296875,40.029998779296875,3895400
2022-03-31,40.21500015258789,40.48500061035156,39.935001373291016,39.95000076293945,39.95000076293945,5368600
2022-04-01,40.13999938964844,41.125,40.040000915527344,41.07500076293945,41.07500076293945,4550200
2022-04-04,40.97999954223633,41.3849983215332,40.56999969482422,41.29999923706055,41.29999923706055,4254200
2022-04-05,41.32500076293945,41.44499969482422,40.744998931884766,40.95000076293945,40.95000076293945,3998800
2022-04-06,40.51499938964844,40.90999984741211,39.58000183105469,40.40999984741211,40.40999984741211,4929600
2022-04-07,40.31999969482422,41.15999984741211,40.09000015258789,40.88999938964844,40.88999938964844,5247400
2022-04-08,40.83000183105469,41.560001373291016,40.2599983215332,40.810001373291016,40.810001373291016,6990600
2022-04-11,40.73500061035156,41.540000915527344,40.560001373291016,41.084999084472656,41.084999084472656,5691600
2022-04-12,41.314998626708984,41.709999084472656,41.02000045776367,41.345001220703125,41.345001220703125,5973200
2022-04-13,41.2400016784668,42.279998779296875,41.2400016784668,42.005001068115234,42.005001068115234,5956800
2022-04-14,42.060001373291016,42.244998931884766,40.95000076293945,41.29499816894531,41.29499816894531,12559600
2022-04-18,41.029998779296875,41.415000915527344,40.8650016784668,41.220001220703125,41.220001220703125,4421000
2022-04-19,41.185001373291016,41.9900016784668,41.025001525878906,41.900001525878906,41.900001525878906,3784200
2022-04-20,42.244998931884766,42.78499984741211,41.96500015258789,42.67499923706055,42.67499923706055,4205200
2022-04-21,43.01499938964844,44.01499938964844,42.904998779296875,43.439998626708984,43.439998626708984,8538200
2022-04-22,43.25,43.470001220703125,42.595001220703125,42.82500076293945,42.82500076293945,7973800
2022-04-25,42.82500076293945,43.39500045776367,41.810001373291016,43.34000015258789,43.34000015258789,7005200
2022-04-26,42.91999816894531,43.52000045776367,42.869998931884766,43.130001068115234,43.130001068115234,8401200
2022-04-27,42.994998931884766,43.709999084472656,42.8650016784668,43.375,43.375,7378600
2022-04-28,43.43000030517578,43.994998931884766,42.689998626708984,43.904998779296875,43.904998779296875,5333800
2022-04-29,43.625,43.90999984741211,42.619998931884766,42.84000015258789,42.84000015258789,6645800
2022-05-02,43.06999969482422,43.29499816894531,41.56999969482422,42.375,42.375,6969200
2022-05-03,42.755001068115234,42.755001068115234,41.55500030517578,41.959999084472656,41.959999084472656,5610200
2022-05-04,41.904998779296875,43.435001373291016,41.67499923706055,43.32500076293945,43.32500076293945,7040200
2022-05-05,42.875,43.084999084472656,41.064998626708984,41.52000045776367,41.52000045776367,7849400
2022-05-06,41.275001525878906,43.79499816894531,41.275001525878906,43.334999084472656,43.334999084472656,13271400
2022-05-09,42.685001373291016,43.244998931884766,41.10499954223633,41.78499984741211,41.78499984741211,9843200
2022-05-10,42.44499969482422,42.63999938964844,41.53499984741211,42.06999969482422,42.06999969482422,5860800
2022-05-11,41.939998626708984,43.65999984741211,41.69499969482422,42.45500183105469,42.45500183105469,6959400
2022-05-12,41.85499954223633,43.26499938964844,41.85499954223633,42.84000015258789,42.84000015258789,6359600
2022-05-13,43.05500030517578,44.57500076293945,42.93000030517578,44.44499969482422,44.44499969482422,6411200
2022-05-16,44.05500030517578,45.029998779296875,44.05500030517578,44.55500030517578,44.55500030517578,5450600
2022-05-17,44.880001068115234,45.10499954223633,44.040000915527344,44.6150016784668,44.6150016784668,4668200
2022-05-18,44.724998474121094,45.119998931884766,43.119998931884766,43.310001373291016,43.310001373291016,6416000
2022-05-19,43.040000915527344,43.79499816894531,42.56999969482422,43.380001068115234,43.380001068115234,6509000
2022-05-20,43.55500030517578,43.9900016784668,42.95500183105469,43.814998626708984,43.814998626708984,7617800
2022-05-23,44.345001220703125,44.44499969482422,43.189998626708984,43.525001525878906,43.525001525878906,5906400
2022-05-24,43.47999954223633,43.834999084472656,43.290000915527344,43.744998931884766,43.744998931884766,5669800
2022-05-25,43.529998779296875,44.064998626708984,43.40999984741211,43.8650016784668,43.8650016784668,3489400
2022-05-26,43.98500061035156,44.70000076293945,43.93000030517578,44.3650016784668,44.3650016784668,3225800
2022-05-27,44.54999923706055,44.85499954223633,44.334999084472656,44.834999084472656,44.834999084472656,4247200
2022-05-31,44.78499984741211,45.0,43.88999938964844,44.560001373291016,44.560001373291016,8210000
2022-06-01,44.40999984741211,44.48500061035156,43.47999954223633,44.025001525878906,44.025001525878906,3887600
2022-06-02,44.2400016784668,45.19499969482422,43.70000076293945,45.16999816894531,45.16999816894531,5374000
2022-06-03,44.89500045776367,44.994998931884766,44.185001373291016,44.415000915527344,44.415000915527344,4682600
2022-06-06,45.0,45.92499923706055,44.900001525878906,45.68000030517578,45.68000030517578,7057400
2022-06-07,45.45000076293945,46.0,45.11000061035156,45.42499923706055,45.42499923706055,4724200
2022-06-08,45.16999816894531,45.46500015258789,44.9900016784668,45.119998931884766,45.119998931884766,3830800
2022-06-09,44.84000015258789,45.47999954223633,44.61000061035156,44.650001525878906,44.650001525878906,4228000
2022-06-10,43.85499954223633,44.060001373291016,43.43000030517578,43.52000045776367,43.52000045776367,6134200
2022-06-13,42.625,42.97999954223633,41.95000076293945,42.244998931884766,42.244998931884766,5873400
2022-06-14,42.880001068115234,44.18000030517578,42.880001068115234,44.029998779296875,44.029998779296875,9365200
2022-06-15,44.33000183105469,45.209999084472656,43.525001525878906,43.935001373291016,43.935001373291016,7452800
2022-06-16,43.3849983215332,44.28499984741211,42.64500045776367,43.94499969482422,43.94499969482422,8247800
2022-06-17,43.904998779296875,44.53499984741211,43.53499984741211,44.060001373291016,44.060001373291016,9618400
2022-06-21,44.41999816894531,45.779998779296875,44.01499938964844,45.41999816894531,45.41999816894531,5917600
2022-06-22,45.099998474121094,45.81999969482422,44.88999938964844,45.369998931884766,45.369998931884766,4964600
2022-06-23,45.779998779296875,46.349998474121094,45.5,46.09000015258789,46.09000015258789,3585800
2022-06-24,46.64500045776367,47.29499816894531,46.11000061035156,47.290000915527344,47.290000915527344,5943200
2022-06-27,47.0,47.13999938964844,46.53499984741211,47.10499954223633,47.10499954223633,4807400
2022-06-28,47.084999084472656,47.3650016784668,45.19499969482422,45.404998779296875,45.404998779296875,7031000
2022-06-29,45.595001220703125,46.68000030517578,45.41999816894531,46.67499923706055,46.67499923706055,5137800
2022-06-30,46.3650016784668,46.560001373291016,45.709999084472656,46.349998474121094,46.349998474121094,5145200
2022-07-01,46.084999084472656,47.345001220703125,45.959999084472656,47.29499816894531,47.29499816894531,3635200
2022-07-05,47.04499816894531,48.310001373291016,46.51499938964844,48.05500030517578,48.05500030517578,7244800
2022-07-06,48.125,49.2599983215332,48.125,48.69499969482422,48.69499969482422,7359200
2022-07-07,48.69499969482422,48.724998474121094,48.185001373291016,48.494998931884766,48.494998931884766,6708800
2022-07-08,48.494998931884766,49.005001068115234,47.95000076293945,48.7400016784668,48.7400016784668,6302400
2022-07-11,48.70500183105469,48.92499923706055,48.2400016784668,48.43000030517578,48.43000030517578,4199600
2022-07-12,48.560001373291016,48.93000030517578,48.220001220703125,48.375,48.375,4246800
2022-07-13,47.66999816894531,48.91999816894531,47.66999816894531,48.400001525878906,48.400001525878906,4381200
2022-07-14,48.220001220703125,48.91999816894531,47.845001220703125,48.875,48.875,5582800
2022-07-15,48.98500061035156,49.474998474121094,48.13999938964844,48.57500076293945,48.57500076293945,12850600
2022-07-18,48.744998931884766,48.77000045776367,47.45000076293945,47.5099983215332,47.5099983215332,4577000
2022-07-19,48.0,48.20500183105469,47.69499969482422,48.130001068115234,48.130001068115234,4869000
2022-07-20,48.185001373291016,48.92499923706055,48.08000183105469,48.20000076293945,48.20000076293945,5166200
2022-07-21,48.29999923706055,48.494998931884766,47.415000915527344,47.8849983215332,47.8849983215332,4547400
2022-07-22,47.95500183105469,48.04999923706055,47.08000183105469,47.53499984741211,47.53499984741211,3911200
2022-07-25,47.73500061035156,48.1349983215332,47.185001373291016,47.91999816894531,47.91999816894531,3756000
2022-07-26,47.95500183105469,48.1349983215332,47.66999816894531,47.94499969482422,47.94499969482422,3353200
2022-07-27,47.6349983215332,48.82500076293945,47.380001068115234,48.69499969482422,48.69499969482422,4548800
2022-07-28,48.75,49.54499816894531,48.470001220703125,49.45500183105469,49.45500183105469,3859800
2022-07-29,49.150001525878906,49.904998779296875,48.93000030517578,49.810001373291016,49.810001373291016,6023200
2022-08-01,49.279998779296875,49.5099983215332,48.834999084472656,49.244998931884766,49.244998931884766,6048000
2022-08-02,48.95000076293945,49.04499816894531,48.025001525878906,48.45000076293945,48.45000076293945,6194000
2022-08-03,48.334999084472656,48.57500076293945,47.94499969482422,48.025001525878906,48.025001525878906,5958600
2022-08-04,47.8849983215332,48.209999084472656,47.55500030517578,48.18000030517578,48.18000030517578,6158800
2022-08-05,45.80500030517578,46.23500061035156,44.41999816894531,45.689998626708984,45.689998626708984,13870400
2022-08-08,45.86000061035156,46.0099983215332,44.56999969482422,44.71500015258789,44.71500015258789,5368400
2022-08-09,44.38999938964844,44.4900016784668,43.68000030517578,44.404998779296875,44.404998779296875,12434000
2022-08-10,44.939998626708984,45.775001525878906,44.70000076293945,44.90999984741211,44.90999984741211,7162000
2022-08-11,44.69499969482422,45.380001068115234,44.48500061035156,44.650001525878906,44.650001525878906,4177200
2022-08-12,44.685001373291016,45.06999969482422,44.47999954223633,45.0099983215332,45.0099983215332,5929400
2022-08-15,45.08000183105469,46.09000015258789,45.0,45.89500045776367,45.89500045776367,3627600
2022-08-16,45.779998779296875,46.380001068115234,45.51499938964844,46.13999938964844,46.13999938964844,3047800
2022-08-17,45.880001068115234,46.05500030517578,45.564998626708984,45.755001068115234,45.755001068115234,2522400
2022-08-18,45.77000045776367,46.09000015258789,45.52000045776367,45.630001068115234,45.630001068115234,3331400
2022-08-19,45.380001068115234,45.689998626708984,45.13999938964844,45.29499816894531,45.29499816894531,3818000
2022-08-22,45.005001068115234,45.189998626708984,44.689998626708984,44.79499816894531,44.79499816894531,4016600
2022-08-23,44.60499954223633,45.14500045776367,44.43000030517578,45.08000183105469,45.08000183105469,4434200
2022-08-24,45.0,45.33000183105469,44.880001068115234,45.21500015258789,45.21500015258789,2705400
2022-08-25,45.20500183105469,45.650001525878906,45.1150016784668,45.59000015258789,45.59000015258789,3009000
2022-08-26,45.54499816894531,45.665000915527344,44.529998779296875,44.57500076293945,44.57500076293945,4215200
2022-08-29,44.29999923706055,44.67499923706055,43.94499969482422,44.29499816894531,44.29499816894531,3448800
2022-08-30,44.375,44.44499969482422,43.790000915527344,44.26499938964844,44.26499938964844,4759200
2022-08-31,44.54499816894531,44.834999084472656,44.185001373291016,44.415000915527344,44.415000915527344,6569200
2022-09-01,44.03499984741211,44.540000915527344,43.814998626708984,44.5,44.5,4628000
2022-09-02,44.89500045776367,45.349998474121094,43.994998931884766,44.19499969482422,44.19499969482422,6926600
2022-09-06,44.685001373291016,45.345001220703125,44.20500183105469,44.29499816894531,44.29499816894531,4912800
2022-09-07,44.439998626708984,45.32500076293945,44.439998626708984,45.224998474121094,45.224998474121094,3490600
2022-09-08,45.244998931884766,45.73500061035156,44.7400016784668,45.709999084472656,45.709999084472656,4455600
2022-09-09,45.78499984741211,46.470001220703125,45.720001220703125,46.21500015258789,46.21500015258789,4955200
2022-09-12,46.625,47.1150016784668,46.310001373291016,46.779998779296875,46.779998779296875,5499800
2022-09-13,45.974998474121094,46.2400016784668,44.6150016784668,44.76499938964844,44.76499938964844,5612200
2022-09-14,44.76499938964844,45.0,43.9900016784668,44.46500015258789,44.46500015258789,4387600
2022-09-15,44.29499816894531,44.73500061035156,43.55500030517578,43.685001373291016,43.685001373291016,4034200
2022-09-16,43.619998931884766,43.81999969482422,43.21500015258789,43.619998931884766,43.619998931884766,8566800
2022-09-19,43.53499984741211,44.084999084472656,43.334999084472656,43.92499923706055,43.92499923706055,3150200
2022-09-20,43.68000030517578,44.04499816894531,43.345001220703125,43.849998474121094,43.849998474121094,2942400
2022-09-21,44.08000183105469,44.80500030517578,43.5099983215332,43.52000045776367,43.52000045776367,4330400
2022-09-22,43.34000015258789,43.75,43.33000183105469,43.3849983215332,43.3849983215332,3894400
2022-09-23,43.23500061035156,43.584999084472656,43.07500076293945,43.54499816894531,43.54499816894531,4092000
2022-09-26,43.55500030517578,44.45000076293945,43.53499984741211,43.95500183105469,43.95500183105469,5723600
2022-09-27,44.17499923706055,44.78499984741211,43.5,43.67499923706055,43.67499923706055,5584600
2022-09-28,43.8849983215332,44.9900016784668,43.584999084472656,44.70000076293945,44.70000076293945,5678400
2022-09-29,44.58000183105469,44.96500015258789,43.540000915527344,44.005001068115234,44.005001068115234,5915200
2022-09-30,44.22999954223633,44.51499938964844,43.40999984741211,43.47999954223633,43.47999954223633,5921600
2022-10-03,43.7599983215332,44.77000045776367,43.560001373291016,44.53499984741211,44.53499984741211,4687600
2022-10-04,45.07500076293945,45.869998931884766,45.07500076293945,45.82500076293945,45.82500076293945,4767600
2022-10-05,45.56999969482422,46.310001373291016,45.275001525878906,46.09000015258789,46.09000015258789,4270200
2022-10-06,46.03499984741211,46.564998626708984,45.7599983215332,45.869998931884766,45.869998931884766,4303200
2022-10-07,45.59000015258789,45.71500015258789,44.970001220703125,45.14500045776367,45.14500045776367,5551600
2022-10-10,45.32500076293945,45.70500183105469,44.994998931884766,45.5099983215332,45.5099983215332,4285000
2022-10-11,45.29999923706055,45.505001068115234,44.685001373291016,44.72999954223633,44.72999954223633,7950800
2022-10-12,45.119998931884766,45.3650016784668,44.76499938964844,44.78499984741211,44.78499984741211,5208400
2022-10-13,43.8849983215332,45.404998779296875,42.8849983215332,45.040000915527344,45.040000915527344,8063400
2022-10-14,45.689998626708984,45.689998626708984,43.630001068115234,43.70000076293945,43.70000076293945,7404400
2022-10-17,44.15999984741211,45.04999923706055,44.14500045776367,44.689998626708984,44.689998626708984,4545000
2022-10-18,45.459999084472656,46.21500015258789,44.73500061035156,45.2400016784668,45.2400016784668,4377400
2022-10-19,45.04499816894531,45.165000915527344,44.025001525878906,44.119998931884766,44.119998931884766,4420400
2022-10-20,44.02000045776367,44.47999954223633,43.4900016784668,43.505001068115234,43.505001068115234,4407000
2022-10-21,43.2400016784668,43.92499923706055,42.80500030517578,43.79499816894531,43.79499816894531,6638800
2022-10-24,44.279998779296875,45.095001220703125,43.92499923706055,45.05500030517578,45.05500030517578,4304600
2022-10-25,45.28499984741211,45.85499954223633,45.029998779296875,45.83000183105469,45.83000183105469,3277400
2022-10-26,45.900001525878906,46.52000045776367,45.7599983215332,46.005001068115234,46.005001068115234,5018600
2022-10-27,46.1150016784668,46.29499816894531,45.775001525878906,45.8650016784668,45.8650016784668,4959200
2022-10-28,46.0,46.849998474121094,45.849998474121094,46.77000045776367,46.77000045776367,4341000
2022-10-31,46.46500015258789,47.119998931884766,46.244998931884766,46.86000061035156,46.86000061035156,5904000
2022-11-01,47.900001525878906,48.0,46.7400016784668,47.17499923706055,47.17499923706055,5388200
2022-11-02,47.19499969482422,47.44499969482422,45.834999084472656,45.85499954223633,45.85499954223633,4571600
2022-11-03,45.279998779296875,45.935001373291016,45.060001373291016,45.54499816894531,45.54499816894531,5182400
2022-11-04,48.904998779296875,50.23500061035156,47.6349983215332,48.970001220703125,48.970001220703125,12367200
2022-11-07,49.165000915527344,49.564998626708984,48.90999984741211,49.45000076293945,49.45000076293945,6082200
2022-11-08,49.25,49.67499923706055,48.5099983215332,48.93000030517578,48.93000030517578,5211400
2022-11-09,48.85499954223633,48.95500183105469,48.04999923706055,48.1150016784668,48.1150016784668,3929400
2022-11-10,49.349998474121094,49.76499938964844,48.494998931884766,49.650001525878906,49.650001525878906,6659200
2022-11-11,49.5,49.654998779296875,48.11000061035156,49.060001373291016,49.060001373291016,5388800
2022-11-14,49.255001068115234,49.29499816894531,48.380001068115234,48.459999084472656,48.459999084472656,3514600
2022-11-15,49.224998474121094,49.40999984741211,48.459999084472656,49.06999969482422,49.06999969482422,6129600
2022-11-16,49.39500045776367,49.709999084472656,49.279998779296875,49.595001220703125,49.595001220703125,4654400
2022-11-17,48.96500015258789,49.720001220703125,48.75,49.47999954223633,49.47999954223633,3583200
2022-11-18,49.70000076293945,49.939998626708984,49.13999938964844,49.849998474121094,49.849998474121094,4173600
2022-11-21,50.0,50.689998626708984,49.834999084472656,50.54999923706055,50.54999923706055,5097800
2022-11-22,50.915000915527344,51.720001220703125,50.6349983215332,51.58000183105469,51.58000183105469,5983000
2022-11-23,51.86000061035156,52.209999084472656,51.724998474121094,51.96500015258789,51.96500015258789,3952000
2022-11-25,51.94499969482422,51.974998474121094,51.650001525878906,51.685001373291016,51.685001373291016,1735200
2022-11-28,51.8650016784668,52.244998931884766,50.834999084472656,50.939998626708984,50.939998626708984,4001400
2022-11-29,50.720001220703125,50.845001220703125,49.654998779296875,49.89500045776367,49.89500045776367,4698200
2022-11-30,49.880001068115234,51.529998779296875,49.67499923706055,51.43000030517578,51.43000030517578,9048200
2022-12-01,51.375,51.65999984741211,51.03499984741211,51.625,51.625,4230800
2022-12-02,50.974998474121094,52.32500076293945,50.880001068115234,52.02000045776367,52.02000045776367,3374600
2022-12-05,51.38999938964844,51.5099983215332,50.84000015258789,51.084999084472656,51.084999084472656,3413000
2022-12-06,51.275001525878906,51.599998474121094,50.53499984741211,50.720001220703125,50.720001220703125,3129800
2022-12-07,50.79999923706055,51.03499984741211,50.3650016784668,50.6150016784668,50.6150016784668,2356600
2022-12-08,50.51499938964844,50.8849983215332,50.369998931884766,50.77000045776367,50.77000045776367,2147000
2022-12-09,50.5099983215332,50.60499954223633,49.98500061035156,50.02000045776367,50.02000045776367,2733800
2022-12-12,50.20500183105469,50.43000030517578,49.88999938964844,50.40999984741211,50.40999984741211,3051400
2022-12-13,51.334999084472656,51.35499954223633,49.89500045776367,50.220001220703125,50.220001220703125,3328000
2022-12-14,50.209999084472656,51.3849983215332,50.08000183105469,50.95000076293945,50.95000076293945,5544800
2022-12-15,50.3650016784668,50.564998626708984,49.564998626708984,49.82500076293945,49.82500076293945,3933800
2022-12-16,49.630001068115234,50.77000045776367,49.209999084472656,50.38999938964844,50.38999938964844,12225800
2022-12-19,50.5,50.845001220703125,49.95500183105469,50.209999084472656,50.209999084472656,3345000
2022-12-20,50.25,50.79499816894531,50.099998474121094,50.58000183105469,50.58000183105469,3049800
2022-12-21,50.78499984741211,51.369998931884766,50.775001525878906,50.974998474121094,50.974998474121094,2477800
2022-12-22,50.595001220703125,50.72999954223633,49.665000915527344,50.404998779296875,50.404998779296875,3077400
2022-12-23,50.72999954223633,50.7599983215332,50.23500061035156,50.630001068115234,50.630001068115234,1430600
2022-12-27,50.89500045776367,51.21500015258789,50.58000183105469,51.005001068115234,51.005001068115234,3000200
2022-12-28,51.165000915527344,51.3650016784668,50.63999938964844,50.65999984741211,50.65999984741211,2243400
2022-12-29,50.810001373291016,51.35499954223633,50.7400016784668,51.0099983215332,51.0099983215332,2208000
2022-12-30,50.90999984741211,50.90999984741211,50.345001220703125,50.76499938964844,50.76499938964844,2288600
2023-01-03,50.8849983215332,51.14500045776367,50.15999984741211,50.65999984741211,50.65999984741211,3013600
2023-01-04,51.05500030517578,51.3650016784668,50.58000183105469,51.07500076293945,51.07500076293945,3488000
2023-01-05,50.665000915527344,50.775001525878906,50.084999084472656,50.189998626708984,50.189998626708984,3698200
2023-01-06,50.599998474121094,51.57500076293945,50.505001068115234,51.21500015258789,51.21500015258789,3881400
2023-01-09,51.130001068115234,51.540000915527344,50.435001373291016,50.57500076293945,50.57500076293945,3602000
2023-01-10,50.540000915527344,51.10499954223633,50.14500045776367,50.26499938964844,50.26499938964844,4983600
2023-01-11,50.47999954223633,50.89500045776367,50.029998779296875,50.845001220703125,50.845001220703125,3955200
2023-01-12,50.810001373291016,50.810001373291016,49.900001525878906,50.02000045776367,50.02000045776367,4016600
2023-01-13,49.76499938964844,51.09000015258789,49.76499938964844,51.040000915527344,51.040000915527344,4000400
2023-01-17,51.375,51.85499954223633,51.0,51.084999084472656,51.084999084472656,5581800
2023-01-18,51.42499923706055,51.57500076293945,50.224998474121094,50.369998931884766,50.369998931884766,6184000
2023-01-19,50.619998931884766,50.68000030517578,49.779998779296875,49.93000030517578,49.93000030517578,4363600
2023-01-20,49.66999816894531,50.04999923706055,49.29999923706055,50.0,50.0,4924000
2023-01-23,50.099998474121094,50.529998779296875,49.78499984741211,50.05500030517578,50.05500030517578,4096000
2023-01-24,50.095001220703125,51.54999923706055,50.0,51.5099983215332,51.5099983215332,4125000
2023-01-25,51.0,51.81999969482422,50.810001373291016,51.7599983215332,51.7599983215332,3646200
2023-01-26,51.77000045776367,52.119998931884766,51.4900016784668,51.95500183105469,51.95500183105469,3764800
2023-01-27,51.665000915527344,51.9900016784668,51.290000915527344,51.39500045776367,51.39500045776367,3150000
2023-01-30,50.98500061035156,51.60499954223633,50.97999954223633,51.185001373291016,51.185001373291016,3319000
2023-01-31,51.380001068115234,52.10499954223633,51.244998931884766,52.040000915527344,52.040000915527344,3380600
2023-02-01,52.0,52.375,51.150001525878906,52.02000045776367,52.02000045776367,3991800
2023-02-02,52.04499816894531,52.095001220703125,50.59000015258789,51.290000915527344,51.290000915527344,4698000
2023-02-03,51.13999938964844,51.18000030517578,50.04999923706055,50.900001525878906,50.900001525878906,5191600
2023-02-06,50.904998779296875,51.6349983215332,50.8849983215332,51.40999984741211,51.40999984741211,2848600
2023-02-07,51.06999969482422,51.595001220703125,50.790000915527344,51.255001068115234,51.255001068115234,4249200
2023-02-08,51.279998779296875,51.349998474121094,50.92499923706055,51.04499816894531,51.04499816894531,3241000
2023-02-09,51.51499938964844,51.880001068115234,51.349998474121094,51.42499923706055,51.42499923706055,3070200
2023-02-10,51.43000030517578,51.59000015258789,51.10499954223633,51.400001525878906,51.400001525878906,2347000
2023-02-13,51.70000076293945,52.125,51.51499938964844,52.11000061035156,52.11000061035156,2208600
2023-02-14,52.14500045776367,52.209999084472656,51.404998779296875,52.125,52.125,3942200
2023-02-15,52.095001220703125,52.560001373291016,51.79999923706055,52.54999923706055,52.54999923706055,3826400
2023-02-16,51.96500015258789,52.724998474121094,51.69499969482422,52.02000045776367,52.02000045776367,4245800
2023-02-17,52.07500076293945,52.474998474121094,51.82500076293945,52.09000015258789,52.09000015258789,2722400
2023-02-21,51.91999816894531,51.95500183105469,51.09000015258789,51.189998626708984,51.189998626708984,3536200
2023-02-22,51.404998779296875,51.525001525878906,51.005001068115234,51.165000915527344,51.165000915527344,3713600
2023-02-23,51.29999923706055,51.525001525878906,50.77000045776367,51.345001220703125,51.345001220703125,3449400
2023-02-24,50.83000183105469,50.83000183105469,50.099998474121094,50.6150016784668,50.6150016784668,4187200
2023-02-27,50.994998931884766,51.30500030517578,50.81999969482422,51.15999984741211,51.15999984741211,3194200
2023-02-28,50.95500183105469,51.349998474121094,50.83000183105469,50.880001068115234,50.880001068115234,5956600
2023-03-01,49.099998474121094,49.95000076293945,48.625,49.595001220703125,49.595001220703125,11352400
2023-03-02,49.375,51.39500045776367,49.26499938964844,51.07500076293945,51.07500076293945,5594000
2023-03-03,51.099998474121094,51.150001525878906,50.474998474121094,51.005001068115234,51.005001068115234,3823800
2023-03-06,51.08000183105469,52.07500076293945,50.875,51.9900016784668,51.9900016784668,5485800
2023-03-07,52.02000045776367,52.21500015258789,51.39500045776367,51.61000061035156,51.61000061035156,3454800
2023-03-08,51.7400016784668,51.849998474121094,51.34000015258789,51.560001373291016,51.560001373291016,2479200
2023-03-09,51.79999923706055,52.0099983215332,50.904998779296875,51.0,51.0,2774800
2023-03-10,51.27000045776367,51.32500076293945,49.904998779296875,50.084999084472656,50.084999084472656,3277800
2023-03-13,49.970001220703125,51.13999938964844,49.7599983215332,50.15999984741211,50.15999984741211,3854800
2023-03-14,50.345001220703125,50.869998931884766,50.150001525878906,50.81999969482422,50.81999969482422,3232800
2023-03-15,50.595001220703125,51.46500015258789,50.41999816894531,51.17499923706055,51.17499923706055,5184600
2023-03-16,51.07500076293945,51.814998626708984,50.974998474121094,51.70000076293945,51.70000076293945,4101400
2023-03-17,51.67499923706055,52.040000915527344,51.28499984741211,51.494998931884766,51.494998931884766,9458600
2023-03-20,51.77000045776367,52.29499816894531,51.45000076293945,52.275001525878906,52.275001525878906,4997400
2023-03-21,52.375,52.45000076293945,51.51499938964844,51.89500045776367,51.89500045776367,3468400
2023-03-22,51.92499923706055,52.150001525878906,51.13999938964844,51.17499923706055,51.17499923706055,2801200
2023-03-23,51.30500030517578,51.67499923706055,50.994998931884766,51.19499969482422,51.19499969482422,4966600
2023-03-24,51.400001525878906,52.17499923706055,51.13999938964844,52.040000915527344,52.040000915527344,2684800
2023-03-27,52.154998779296875,52.505001068115234,51.95000076293945,52.334999084472656,52.334999084472656,2989800
2023-03-28,52.15999984741211,52.75,51.54999923706055,51.599998474121094,51.599998474121094,2917400
2023-03-29,51.709999084472656,52.349998474121094,51.40999984741211,52.150001525878906,52.150001525878906,3512600
2023-03-30,52.380001068115234,52.650001525878906,52.04999923706055,52.4900016784668,52.4900016784668,3487400
2023-03-31,52.939998626708984,54.16999816894531,52.7599983215332,54.0099983215332,54.0099983215332,5497000
2023-04-03,54.220001220703125,54.52000045776367,53.209999084472656,53.58000183105469,53.58000183105469,4845500
2023-04-04,53.540000915527344,53.75,52.849998474121094,53.15999984741211,53.15999984741211,4088900
2023-04-05,53.31999969482422,53.72999954223633,52.720001220703125,52.79999923706055,52.79999923706055,5061900
2023-04-06,52.36000061035156,53.04999923706055,51.290000915527344,52.560001373291016,52.560001373291016,5512200
2023-04-10,52.279998779296875,52.439998626708984,51.29999923706055,52.349998474121094,52.349998474121094,2823200
2023-04-11,52.400001525878906,52.40999984741211,52.060001373291016,52.279998779296875,52.279998779296875,2815100
2023-04-12,52.310001373291016,52.81999969482422,52.15999984741211,52.470001220703125,52.470001220703125,3571900
2023-04-13,52.7599983215332,52.95000076293945,52.150001525878906,52.869998931884766,52.869998931884766,3620700
2023-04-14,52.650001525878906,52.869998931884766,52.27000045776367,52.560001373291016,52.560001373291016,2578400
2023-04-17,52.7400016784668,53.029998779296875,52.52000045776367,52.880001068115234,52.880001068115234,2644200
2023-04-18,52.880001068115234,53.150001525878906,52.040000915527344,52.68000030517578,52.68000030517578,3350900
2023-04-19,52.75,52.939998626708984,52.33000183105469,52.4900016784668,52.4900016784668,1891700
2023-04-20,52.4900016784668,53.2400016784668,52.290000915527344,52.900001525878906,52.900001525878906,3337700
2023-04-21,53.04999923706055,53.27000045776367,52.630001068115234,53.06999969482422,53.06999969482422,4485000
2023-04-24,53.15999984741211,53.970001220703125,53.119998931884766,53.70000076293945,53.70000076293945,2932200
2023-04-25,53.77000045776367,54.369998931884766,53.720001220703125,54.209999084472656,54.209999084472656,3252400
2023-04-26,53.75,54.630001068115234,53.75,54.2599983215332,54.2599983215332,3195500
2023-04-27,54.27000045776367,55.34000015258789,54.220001220703125,55.279998779296875,55.279998779296875,4052600
2023-04-28,55.31999969482422,56.130001068115234,55.290000915527344,56.0,56.0,3053300
2023-05-01,55.81999969482422,56.90999984741211,55.790000915527344,56.84000015258789,56.84000015258789,3984300
2023-05-02,56.84000015258789,57.68000030517578,56.38999938964844,57.540000915527344,57.540000915527344,4375100
2023-05-03,57.779998779296875,58.79999923706055,57.54999923706055,58.36000061035156,58.36000061035156,6350300
2023-05-04,58.58000183105469,58.72999954223633,57.61000061035156,57.81999969482422,57.81999969482422,7627500
2023-05-05,59.25,60.470001220703125,59.08000183105469,59.709999084472656,59.709999084472656,8246300
2023-05-08,59.40999984741211,59.40999984741211,57.79999923706055,59.040000915527344,59.040000915527344,5761300
2023-05-09,58.970001220703125,59.619998931884766,58.45000076293945,58.689998626708984,58.689998626708984,5574000
2023-05-10,58.720001220703125,59.40999984741211,58.47999954223633,59.11000061035156,59.11000061035156,4261100
2023-05-11,59.2599983215332,59.310001373291016,58.619998931884766,59.279998779296875,59.279998779296875,3718100
2023-05-12,59.20000076293945,59.70000076293945,59.20000076293945,59.540000915527344,59.540000915527344,4105500
2023-05-15,59.33000183105469,59.869998931884766,59.08000183105469,59.720001220703125,59.720001220703125,2739700
2023-05-16,59.689998626708984,60.119998931884766,59.22999954223633,59.939998626708984,59.939998626708984,3015200
2023-05-17,59.77000045776367,59.900001525878906,59.09000015258789,59.650001525878906,59.650001525878906,4241500
2023-05-18,59.43000030517578,59.91999816894531,59.27000045776367,59.849998474121094,59.849998474121094,3532400
2023-05-19,60.2400016784668,60.25,59.310001373291016,59.68000030517578,59.68000030517578,6867200
2023-05-22,60.0,60.22999954223633,59.04999923706055,59.119998931884766,59.119998931884766,3980100
2023-05-23,59.04999923706055,59.04999923706055,57.66999816894531,57.939998626708984,57.939998626708984,5003200
2023-05-24,57.849998474121094,57.91999816894531,57.47999954223633,57.56999969482422,57.56999969482422,4350200
2023-05-25,57.209999084472656,57.59000015258789,56.810001373291016,57.33000183105469,57.33000183105469,4280100
2023-05-26,57.33000183105469,57.869998931884766,57.150001525878906,57.61000061035156,57.61000061035156,3596500
2023-05-30,57.54999923706055,57.88999938964844,57.31999969482422,57.75,57.75,3860400
2023-05-31,58.130001068115234,58.72999954223633,57.81999969482422,58.619998931884766,58.619998931884766,7211400
2023-06-01,58.56999969482422,59.560001373291016,58.560001373291016,59.36000061035156,59.36000061035156,4084700
2023-06-02,59.02000045776367,59.810001373291016,59.02000045776367,59.47999954223633,59.47999954223633,4240900
2023-06-05,59.47999954223633,59.810001373291016,59.04999923706055,59.2599983215332,59.2599983215332,3138100
2023-06-06,59.209999084472656,59.369998931884766,58.06999969482422,58.33000183105469,58.33000183105469,3153600
2023-06-07,58.0,58.31999969482422,56.880001068115234,56.900001525878906,56.900001525878906,5507200
2023-06-08,56.61000061035156,57.59000015258789,56.4900016784668,57.529998779296875,57.529998779296875,3208100
2023-06-09,57.33000183105469,57.54999923706055,57.0099983215332,57.25,57.25,4358600
2023-06-12,57.38999938964844,58.0,56.88999938964844,57.90999984741211,57.90999984741211,4068700
2023-06-13,58.15999984741211,58.310001373291016,57.86000061035156,58.18000030517578,58.18000030517578,2711300
2023-06-14,58.34000015258789,58.560001373291016,57.88999938964844,58.47999954223633,58.47999954223633,2981700
2023-06-15,58.63999938964844,58.970001220703125,58.310001373291016,58.79999923706055,58.79999923706055,3789600
2023-06-16,59.040000915527344,59.369998931884766,58.36000061035156,58.45000076293945,58.45000076293945,7692300
2023-06-20,58.599998474121094,58.97999954223633,58.22999954223633,58.36000061035156,58.36000061035156,2895000
2023-06-21,58.36000061035156,58.83000183105469,57.939998626708984,58.40999984741211,58.40999984741211,2840000
2023-06-22,58.70000076293945,59.810001373291016,58.689998626708984,59.689998626708984,59.689998626708984,2906700
2023-06-23,59.79999923706055,60.029998779296875,58.7599983215332,59.11000061035156,59.11000061035156,6838800
2023-06-26,58.90999984741211,58.97999954223633,57.66999816894531,57.709999084472656,57.709999084472656,5482900
2023-06-27,57.88999938964844,58.369998931884766,57.63999938964844,58.130001068115234,58.130001068115234,3156000
2023-06-28,57.970001220703125,58.0099983215332,57.02000045776367,57.150001525878906,57.150001525878906,4188900
2023-06-29,57.0,57.91999816894531,56.810001373291016,57.41999816894531,57.41999816894531,4356100
2023-06-30,57.880001068115234,58.0,57.22999954223633,57.439998626708984,57.439998626708984,4124600
2023-07-03,57.0,57.119998931884766,56.4900016784668,56.95000076293945,56.95000076293945,2650800
2023-07-05,57.02000045776367,57.33000183105469,56.709999084472656,56.970001220703125,56.970001220703125,4582500
2023-07-06,56.54999923706055,57.02000045776367,56.5099983215332,56.61000061035156,56.61000061035156,5591500
2023-07-07,56.599998474121094,56.66999816894531,55.79999923706055,55.869998931884766,55.869998931884766,5366100
2023-07-10,56.150001525878906,57.0099983215332,56.06999969482422,56.380001068115234,56.380001068115234,4246400
2023-07-11,56.33000183105469,56.52000045776367,55.279998779296875,55.529998779296875,55.529998779296875,5329500
2023-07-12,56.0,56.4900016784668,55.709999084472656,56.209999084472656,56.209999084472656,5525700
2023-07-13,56.2400016784668,56.849998474121094,56.2400016784668,56.7400016784668,56.7400016784668,3023500
2023-07-14,56.72999954223633,57.380001068115234,56.59000015258789,57.310001373291016,57.310001373291016,3069000
2023-07-17,57.060001373291016,57.84000015258789,57.0,57.290000915527344,57.290000915527344,4087900
2023-07-18,57.27000045776367,57.400001525878906,56.0,56.54999923706055,56.54999923706055,5032000
2023-07-19,56.560001373291016,57.470001220703125,56.54999923706055,57.25,57.25,4206300
2023-07-20,57.209999084472656,57.7599983215332,57.08000183105469,57.58000183105469,57.58000183105469,4900900
2023-07-21,57.90999984741211,58.439998626708984,57.90999984741211,58.099998474121094,58.099998474121094,12346500
2023-07-24,58.25,58.43000030517578,57.86000061035156,58.380001068115234,58.380001068115234,4062500
2023-07-25,58.279998779296875,58.779998779296875,58.04999923706055,58.08000183105469,58.08000183105469,3756300
2023-07-26,57.880001068115234,58.2599983215332,57.7400016784668,58.16999816894531,58.16999816894531,4622700
2023-07-27,58.52000045776367,58.63999938964844,57.5,57.560001373291016,57.560001373291016,3427400
2023-07-28,58.220001220703125,58.43000030517578,57.95000076293945,58.150001525878906,58.150001525878906,3069100
2023-07-31,57.880001068115234,58.029998779296875,57.04999923706055,57.4900016784668,57.4900016784668,3736000
2023-08-01,57.599998474121094,57.959999084472656,57.439998626708984,57.709999084472656,57.709999084472656,3030800
2023-08-02,57.4900016784668,57.970001220703125,57.29999923706055,57.630001068115234,57.630001068115234,4830300
2023-08-03,57.439998626708984,58.29999923706055,57.40999984741211,57.97999954223633,57.97999954223633,7113000
2023-08-04,56.900001525878906,57.09000015258789,54.9900016784668,55.11000061035156,55.11000061035156,9743900
2023-08-07,56.060001373291016,58.560001373291016,55.720001220703125,58.4900016784668,58.4900016784668,8387200
2023-08-08,58.439998626708984,58.61000061035156,56.959999084472656,57.40999984741211,57.40999984741211,4825300
2023-08-09,57.63999938964844,57.7400016784668,57.02000045776367,57.5099983215332,57.5099983215332,4687200
2023-08-10,58.0,58.81999969482422,57.84000015258789,58.099998474121094,58.099998474121094,3698500
2023-08-11,58.38999938964844,58.470001220703125,57.91999816894531,58.18000030517578,58.18000030517578,2381200
2023-08-14,58.5,59.2400016784668,58.16999816894531,59.0099983215332,59.0099983215332,3904700
2023-08-15,59.0,59.22999954223633,58.150001525878906,58.209999084472656,58.209999084472656,2949300
2023-08-16,58.540000915527344,58.9900016784668,58.2400016784668,58.29999923706055,58.29999923706055,2776100
2023-08-17,58.290000915527344,58.33000183105469,57.20000076293945,57.25,57.25,3542500
2023-08-18,57.0,57.560001373291016,56.790000915527344,57.36000061035156,57.36000061035156,3319500
2023-08-21,57.290000915527344,57.869998931884766,57.06999969482422,57.41999816894531,57.41999816894531,3318100
2023-08-22,57.41999816894531,57.540000915527344,57.06999969482422,57.349998474121094,57.349998474121094,2674900
2023-08-23,57.56999969482422,58.29999923706055,57.560001373291016,57.90999984741211,57.90999984741211,3975000
2023-08-24,58.08000183105469,58.33000183105469,56.93000030517578,57.029998779296875,57.029998779296875,5128900
2023-08-25,57.220001220703125,57.529998779296875,56.810001373291016,57.34000015258789,57.34000015258789,2654900
2023-08-28,57.7400016784668,57.95000076293945,57.400001525878906,57.709999084472656,57.709999084472656,2244900
2023-08-29,57.709999084472656,58.599998474121094,57.599998474121094,58.4900016784668,58.4900016784668,3403900
2023-08-30,58.5,58.900001525878906,58.08000183105469,58.150001525878906,58.150001525878906,3246300
2023-08-31,58.060001373291016,58.16999816894531,57.25,57.40999984741211,57.40999984741211,4962700
2023-09-01,57.70000076293945,57.7599983215332,56.4900016784668,56.54999923706055,56.54999923706055,2832900
2023-09-05,56.470001220703125,56.470001220703125,55.380001068115234,55.959999084472656,55.959999084472656,6205800
2023-09-06,56.0,56.290000915527344,55.810001373291016,56.279998779296875,56.279998779296875,4046100
2023-09-07,56.279998779296875,56.79999923706055,55.97999954223633,56.63999938964844,56.63999938964844,3873700
2023-09-08,56.529998779296875,56.66999816894531,56.150001525878906,56.369998931884766,56.369998931884766,2486000
2023-09-11,56.400001525878906,57.0099983215332,56.29999923706055,56.779998779296875,56.779998779296875,3285800
2023-09-12,56.63999938964844,56.77000045776367,56.130001068115234,56.150001525878906,56.150001525878906,3830400
2023-09-13,56.060001373291016,56.97999954223633,56.040000915527344,56.52000045776367,56.52000045776367,4684800
2023-09-14,56.59000015258789,57.02000045776367,56.349998474121094,56.869998931884766,56.869998931884766,2990100
2023-09-15,56.93000030517578,57.040000915527344,55.9900016784668,56.13999938964844,56.13999938964844,9790600
2023-09-18,56.34000015258789,56.5099983215332,55.97999954223633,56.27000045776367,56.27000045776367,3840300
2023-09-19,56.02000045776367,56.16999816894531,55.599998474121094,56.0099983215332,56.0099983215332,3798800
2023-09-20,56.29999923706055,56.33000183105469,55.689998626708984,55.7599983215332,55.7599983215332,4330400
2023-09-21,55.529998779296875,55.61000061035156,54.61000061035156,54.75,54.75,8015200
2023-09-22,54.70000076293945,55.0,54.380001068115234,54.52000045776367,54.52000045776367,7062000
2023-09-25,54.29999923706055,54.709999084472656,54.2599983215332,54.650001525878906,54.650001525878906,5082800
2023-09-26,54.5,54.61000061035156,54.220001220703125,54.290000915527344,54.290000915527344,5284900
2023-09-27,54.31999969482422,54.4900016784668,52.939998626708984,53.119998931884766,53.119998931884766,6239400
2023-09-28,53.2400016784668,53.5,53.04999923706055,53.15999984741211,53.15999984741211,4003200
2023-09-29,53.5,53.599998474121094,52.7599983215332,52.95000076293945,52.95000076293945,5133600
2023-10-02,52.83000183105469,52.959999084472656,52.290000915527344,52.540000915527344,52.540000915527344,4082900
2023-10-03,52.400001525878906,52.5,50.439998626708984,50.66999816894531,50.66999816894531,7451500
2023-10-04,50.88999938964844,52.43000030517578,50.630001068115234,52.33000183105469,52.33000183105469,6805000
2023-10-05,52.290000915527344,52.400001525878906,49.939998626708984,50.09000015258789,50.09000015258789,6769800
2023-10-06,49.599998474121094,50.11000061035156,48.5099983215332,49.970001220703125,49.970001220703125,7947000
2023-10-09,49.86000061035156,49.869998931884766,48.79999923706055,49.63999938964844,49.63999938964844,4593300
2023-10-10,50.15999984741211,50.63999938964844,49.68000030517578,50.400001525878906,50.400001525878906,7168000
2023-10-11,50.70000076293945,50.869998931884766,49.400001525878906,49.599998474121094,49.599998474121094,4923100
2023-10-12,49.59000015258789,49.619998931884766,47.22999954223633,47.540000915527344,47.540000915527344,8329900
2023-10-13,47.709999084472656,48.02000045776367,47.130001068115234,47.720001220703125,47.720001220703125,6060300
2023-10-16,48.0099983215332,48.83000183105469,47.79999923706055,48.66999816894531,48.66999816894531,5461700
2023-10-17,48.630001068115234,49.86000061035156,48.630001068115234,49.790000915527344,49.790000915527344,7497900
2023-10-18,49.72999954223633,50.380001068115234,49.619998931884766,49.84000015258789,49.84000015258789,5449200
2023-10-19,50.06999969482422,50.810001373291016,49.79999923706055,50.400001525878906,50.400001525878906,8158900
2023-10-20,50.400001525878906,50.65999984741211,49.779998779296875,49.97999954223633,49.97999954223633,7487800
2023-10-23,49.75,50.59000015258789,49.43000030517578,50.29999923706055,50.29999923706055,4386700
2023-10-24,49.22999954223633,50.83000183105469,49.20000076293945,50.04999923706055,50.04999923706055,7827600
2023-10-25,49.93000030517578,50.540000915527344,49.790000915527344,50.08000183105469,50.08000183105469,4751900
2023-10-26,50.099998474121094,50.380001068115234,49.970001220703125,50.060001373291016,50.060001373291016,5384900
2023-10-27,49.970001220703125,50.400001525878906,49.5099983215332,49.900001525878906,49.900001525878906,5087100
2023-10-30,50.40999984741211,50.84000015258789,50.349998474121094,50.68000030517578,50.68000030517578,5665500
2023-10-31,50.77000045776367,51.130001068115234,50.54999923706055,51.099998474121094,51.099998474121094,5686300
2023-11-01,51.209999084472656,51.709999084472656,51.060001373291016,51.650001525878906,51.650001525878906,6458400
2023-11-02,51.79999923706055,52.77000045776367,51.7599983215332,52.65999984741211,52.65999984741211,9394200
2023-11-03,57.2400016784668,58.86000061035156,55.33000183105469,55.560001373291016,55.560001373291016,9951100
2023-11-06,55.560001373291016,56.959999084472656,55.560001373291016,56.13999938964844,56.13999938964844,5532400
2023-11-07,56.119998931884766,56.150001525878906,55.630001068115234,55.97999954223633,55.97999954223633,5121800
2023-11-08,56.119998931884766,56.279998779296875,55.25,55.65999984741211,55.65999984741211,7613700
2023-11-09,56.0,56.02000045776367,54.90999984741211,55.08000183105469,55.08000183105469,5374500
2023-11-10,55.29999923706055,55.380001068115234,54.33000183105469,55.279998779296875,55.279998779296875,5849600
2023-11-13,55.31999969482422,55.779998779296875,55.290000915527344,55.540000915527344,55.540000915527344,3461500
2023-11-14,56.0,56.099998474121094,55.290000915527344,55.68000030517578,55.68000030517578,4625300
2023-11-15,55.810001373291016,55.900001525878906,55.25,55.41999816894531,55.41999816894531,4658000
2023-11-16,55.70000076293945,56.0099983215332,54.9900016784668,55.099998474121094,55.099998474121094,5015700
2023-11-17,54.93000030517578,55.0,54.150001525878906,54.790000915527344,54.790000915527344,7936300
2023-11-20,54.650001525878906,55.040000915527344,54.380001068115234,54.81999969482422,54.81999969482422,6964600
2023-11-21,54.970001220703125,55.119998931884766,54.599998474121094,54.79999923706055,54.79999923706055,8424500
2023-11-22,55.31999969482422,55.61000061035156,55.0,55.220001220703125,55.220001220703125,4756300
2023-11-24,55.11000061035156,55.40999984741211,55.02000045776367,55.16999816894531,55.16999816894531,1871800
2023-11-27,55.220001220703125,55.33000183105469,54.650001525878906,54.720001220703125,54.720001220703125,4535600
2023-11-28,54.70000076293945,55.41999816894531,54.68000030517578,55.279998779296875,55.279998779296875,8008500
2023-11-29,55.47999954223633,55.5,54.31999969482422,54.709999084472656,54.709999084472656,8844500
2023-11-30,54.81999969482422,55.20000076293945,54.18000030517578,55.150001525878906,55.150001525878906,8484100
2023-12-01,54.91999816894531,55.529998779296875,54.91999816894531,55.220001220703125,55.220001220703125,5525600
2023-12-04,54.970001220703125,55.58000183105469,54.66999816894531,55.16999816894531,55.16999816894531,5413200
2023-12-05,55.08000183105469,55.2599983215332,53.9900016784668,54.2599983215332,54.2599983215332,5775500
2023-12-06,54.2599983215332,54.439998626708984,53.540000915527344,54.29999923706055,54.29999923706055,5649400
2023-12-07,54.529998779296875,54.59000015258789,53.9900016784668,54.29999923706055,54.29999923706055,5129900
2023-12-08,54.15999984741211,54.349998474121094,53.70000076293945,53.91999816894531,53.91999816894531,4935800
2023-12-11,54.529998779296875,55.400001525878906,54.529998779296875,55.2599983215332,55.2599983215332,4631800
2023-12-12,55.83000183105469,55.86000061035156,55.16999816894531,55.79999923706055,55.79999923706055,4122400
2023-12-13,55.93000030517578,56.56999969482422,55.779998779296875,56.54999923706055,56.54999923706055,5780700
2023-12-14,56.68000030517578,56.68000030517578,55.29999923706055,55.560001373291016,55.560001373291016,5595300
2023-12-15,55.560001373291016,55.95000076293945,54.91999816894531,55.09000015258789,55.09000015258789,9880400
2023-12-18,55.470001220703125,55.54999923706055,54.77000045776367,55.29999923706055,55.29999923706055,4230200
2023-12-19,55.380001068115234,55.72999954223633,55.290000915527344,55.58000183105469,55.58000183105469,4203800
2023-12-20,55.279998779296875,55.540000915527344,54.36000061035156,54.36000061035156,54.36000061035156,4820400
2023-12-21,54.709999084472656,55.470001220703125,54.68000030517578,55.380001068115234,55.380001068115234,4323800
2023-12-22,55.650001525878906,56.349998474121094,55.52000045776367,56.0099983215332,56.0099983215332,3942500
2023-12-26,55.900001525878906,56.91999816894531,55.900001525878906,56.790000915527344,56.790000915527344,3469100
2023-12-27,56.84000015258789,57.369998931884766,56.720001220703125,57.34000015258789,57.34000015258789,3606200
2023-12-28,57.5099983215332,57.560001373291016,57.189998626708984,57.41999816894531,57.41999816894531,3344700
2023-12-29,57.43000030517578,57.779998779296875,57.33000183105469,57.61000061035156,57.61000061035156,4061400
2024-01-02,57.52000045776367,58.810001373291016,57.369998931884766,58.59000015258789,58.59000015258789,8150000
2024-01-03,59.06999969482422,59.08000183105469,57.27000045776367,57.47999954223633,57.47999954223633,6954500
2024-01-04,57.59000015258789,58.59000015258789,57.529998779296875,57.709999084472656,57.709999084472656,4984400
2024-01-05,57.56999969482422,58.13999938964844,57.310001373291016,57.540000915527344,57.540000915527344,3741700
2024-01-08,57.619998931884766,58.16999816894531,57.38999938964844,57.959999084472656,57.959999084472656,5764300
2024-01-09,57.619998931884766,58.7599983215332,57.400001525878906,58.7400016784668,58.7400016784668,5042900
2024-01-10,58.75,59.130001068115234,58.33000183105469,58.90999984741211,58.90999984741211,4436100
2024-01-11,58.900001525878906,58.93000030517578,58.209999084472656,58.630001068115234,58.630001068115234,4159300
2024-01-12,59.130001068115234,59.310001373291016,58.79999923706055,59.04999923706055,59.04999923706055,4024800
2024-01-16,59.400001525878906,59.400001525878906,57.95000076293945,58.16999816894531,58.16999816894531,5783100
2024-01-17,57.4900016784668,57.540000915527344,56.34000015258789,57.11000061035156,57.11000061035156,8595300
2024-01-18,56.7599983215332,57.439998626708984,56.61000061035156,57.25,57.25,4800400
2024-01-19,57.45000076293945,57.45000076293945,56.54999923706055,57.18000030517578,57.18000030517578,5450200
2024-01-22,57.290000915527344,57.33000183105469,56.25,56.31999969482422,56.31999969482422,4294200
2024-01-23,56.29999923706055,56.29999923706055,54.88999938964844,55.56999969482422,55.56999969482422,7050000
2024-01-24,55.470001220703125,55.689998626708984,54.97999954223633,55.06999969482422,55.06999969482422,9574700
2024-01-25,55.400001525878906,55.470001220703125,54.88999938964844,55.13999938964844,55.13999938964844,5711600
2024-01-26,55.15999984741211,55.58000183105469,55.0,55.439998626708984,55.439998626708984,5273100
2024-01-29,55.470001220703125,55.849998474121094,55.22999954223633,55.59000015258789,55.59000015258789,5736000
2024-01-30,55.529998779296875,55.58000183105469,55.0,55.310001373291016,55.310001373291016,4704200
2024-01-31,55.369998931884766,55.59000015258789,54.84000015258789,55.02000045776367,55.02000045776367,5908100
2024-02-01,55.150001525878906,56.040000915527344,54.81999969482422,55.939998626708984,55.939998626708984,5619500
2024-02-02,55.79999923706055,55.93000030517578,55.0,55.349998474121094,55.349998474121094,5481800
2024-02-05,55.130001068115234,55.369998931884766,54.7599983215332,55.119998931884766,55.119998931884766,4768700
2024-02-06,55.2599983215332,56.380001068115234,55.040000915527344,56.34000015258789,56.34000015258789,7407000
2024-02-07,56.709999084472656,56.90999984741211,56.220001220703125,56.459999084472656,56.459999084472656,4315100
2024-02-08,56.4900016784668,56.529998779296875,56.0099983215332,56.4900016784668,56.4900016784668,4253900
2024-02-09,56.52000045776367,56.56999969482422,55.349998474121094,55.65999984741211,55.65999984741211,3893900
2024-02-12,55.56999969482422,55.9900016784668,55.27000045776367,55.93000030517578,55.93000030517578,3497800
2024-02-13,55.959999084472656,56.459999084472656,55.41999816894531,56.15999984741211,56.15999984741211,5970700
2024-02-14,56.15999984741211,56.63999938964844,55.459999084472656,55.869998931884766,55.869998931884766,3981900
2024-02-15,56.13999938964844,56.41999816894531,55.790000915527344,56.16999816894531,56.16999816894531,5553100
2024-02-16,55.880001068115234,55.970001220703125,54.959999084472656,55.02000045776367,55.02000045776367,6077600
2024-02-20,55.29999923706055,55.68000030517578,54.86000061035156,55.400001525878906,55.400001525878906,5620400
2024-02-21,55.439998626708984,55.65999984741211,54.90999984741211,55.13999938964844,55.13999938964844,5714600
2024-02-22,55.13999938964844,55.45000076293945,54.79999923706055,55.11000061035156,55.11000061035156,6579700
2024-02-23,55.11000061035156,55.689998626708984,54.970001220703125,55.290000915527344,55.290000915527344,3308000
2024-02-26,55.290000915527344,55.93000030517578,55.04999923706055,55.720001220703125,55.720001220703125,4876700
2024-02-27,55.41999816894531,56.13999938964844,55.279998779296875,56.11000061035156,56.11000061035156,4200900
2024-02-28,56.209999084472656,56.25,55.04999923706055,55.849998474121094,55.849998474121094,6789500
2024-02-29,59.20000076293945,60.06999969482422,58.38999938964844,59.099998474121094,59.099998474121094,11115500
2024-03-01,58.79999923706055,59.130001068115234,58.36000061035156,58.790000915527344,58.790000915527344,6401900
2024-03-04,58.86000061035156,59.20000076293945,58.31999969482422,58.5,58.5,6993100
2024-03-05,58.459999084472656,58.619998931884766,57.689998626708984,57.88999938964844,57.88999938964844,5846400
2024-03-06,57.90999984741211,58.61000061035156,57.529998779296875,58.310001373291016,58.310001373291016,6487300
2024-03-07,58.459999084472656,59.529998779296875,58.25,59.380001068115234,59.380001068115234,4683300
2024-03-08,59.189998626708984,59.7599983215332,58.81999969482422,59.18000030517578,59.18000030517578,4294300
2024-03-11,58.869998931884766,59.54999923706055,58.75,59.15999984741211,59.15999984741211,3307600
2024-03-12,59.130001068115234,59.93000030517578,58.900001525878906,59.81999969482422,59.81999969482422,3761300
2024-03-13,59.91999816894531,61.22999954223633,59.77000045776367,60.849998474121094,60.849998474121094,5953700
2024-03-14,61.0,61.189998626708984,60.060001373291016,60.29999923706055,60.29999923706055,3927100
2024-03-15,60.0,60.65999984741211,59.529998779296875,60.45000076293945,60.45000076293945,8046500
2024-03-18,60.70000076293945,61.209999084472656,60.5,60.790000915527344,60.790000915527344,3923400
2024-03-19,60.939998626708984,61.029998779296875,60.380001068115234,60.540000915527344,60.540000915527344,3342100
2024-03-20,60.810001373291016,60.81999969482422,59.84000015258789,60.13999938964844,60.13999938964844,3336100
2024-03-21,60.2400016784668,60.54999923706055,59.79999923706055,59.880001068115234,59.880001068115234,3328600
2024-03-22,59.790000915527344,59.900001525878906,59.40999984741211,59.5,59.5,3034100
2024-03-25,59.56999969482422,59.83000183105469,58.970001220703125,59.09000015258789,59.09000015258789,3938400
2024-03-26,59.29999923706055,59.560001373291016,59.099998474121094,59.31999969482422,59.31999969482422,2835800
2024-03-27,59.68000030517578,60.130001068115234,59.040000915527344,59.20000076293945,59.20000076293945,3495300
2024-03-28,59.709999084472656,60.09000015258789,59.189998626708984,59.279998779296875,59.279998779296875,4469600
2024-04-01,59.560001373291016,59.560001373291016,57.650001525878906,57.7400016784668,57.7400016784668,5369100
2024-04-02,57.7400016784668,57.84000015258789,56.83000183105469,56.900001525878906,56.900001525878906,5987100
2024-04-03,56.68000030517578,57.099998474121094,55.869998931884766,55.95000076293945,55.95000076293945,4726000
2024-04-04,56.18000030517578,56.79999923706055,55.52000045776367,55.75,55.75,5565700
2024-04-05,55.91999816894531,56.349998474121094,55.54999923706055,55.900001525878906,55.900001525878906,4847700
2024-04-08,55.900001525878906,55.97999954223633,55.61000061035156,55.650001525878906,55.650001525878906,4264900
2024-04-09,55.90999984741211,56.08000183105469,55.349998474121094,55.75,55.75,3868700
2024-04-10,55.099998474121094,55.27000045776367,54.29999923706055,54.810001373291016,54.810001373291016,6271900
2024-04-11,54.93000030517578,55.099998474121094,54.459999084472656,54.72999954223633,54.72999954223633,4527700
2024-04-12,54.40999984741211,55.02000045776367,54.310001373291016,55.0099983215332,55.0099983215332,5634400
2024-04-15,55.36000061035156,55.47999954223633,53.54999923706055,54.11000061035156,54.11000061035156,8889900
2024-04-16,54.27000045776367,54.9900016784668,53.97999954223633,54.689998626708984,54.689998626708984,6219000
2024-04-17,55.08000183105469,55.11000061035156,53.939998626708984,54.25,54.25,5931300
2024-04-18,54.25,54.439998626708984,53.209999084472656,53.459999084472656,53.459999084472656,4757100
2024-04-19,53.45000076293945,53.65999984741211,52.7400016784668,53.13999938964844,53.13999938964844,10405100
2024-04-22,53.540000915527344,53.79999923706055,53.25,53.599998474121094,53.599998474121094,4430400
2024-04-23,53.439998626708984,53.849998474121094,53.189998626708984,53.72999954223633,53.72999954223633,5641800
2024-04-24,53.09000015258789,54.869998931884766,53.0,54.33000183105469,54.33000183105469,6944700
2024-04-25,52.279998779296875,54.060001373291016,51.97999954223633,53.150001525878906,53.150001525878906,7483000
2024-04-26,52.61000061035156,53.529998779296875,52.5099983215332,53.369998931884766,53.369998931884766,4204600
2024-04-29,53.34000015258789,54.13999938964844,53.34000015258789,54.130001068115234,54.130001068115234,4163700
2024-04-30,54.029998779296875,54.119998931884766,53.43000030517578,53.45000076293945,53.45000076293945,5652600
2024-05-01,53.029998779296875,54.13999938964844,52.939998626708984,53.540000915527344,53.540000915527344,7359000
2024-05-02,53.83000183105469,53.880001068115234,53.209999084472656,53.38999938964844,53.38999938964844,6294000
2024-05-03,54.66999816894531,55.40999984741211,52.95000076293945,55.0,55.0,12204600
2024-05-06,55.0,55.150001525878906,53.7400016784668,54.220001220703125,54.220001220703125,10088100
2024-05-07,54.540000915527344,54.779998779296875,54.060001373291016,54.66999816894531,54.66999816894531,8678900
2024-05-08,55.2599983215332,55.29999923706055,54.15999984741211,54.29999923706055,54.29999923706055,6912300
2024-05-09,54.41999816894531,55.33000183105469,54.41999816894531,55.20000076293945,55.20000076293945,4367700
2024-05-10,55.08000183105469,55.70000076293945,54.9900016784668,55.459999084472656,55.459999084472656,3958900
2024-05-13,55.619998931884766,55.79999923706055,54.630001068115234,54.720001220703125,54.720001220703125,4951000
2024-05-14,54.72999954223633,54.83000183105469,53.9900016784668,54.47999954223633,54.47999954223633,11345600
2024-05-15,54.650001525878906,54.650001525878906,54.119998931884766,54.2400016784668,54.2400016784668,5932100
2024-05-16,54.16999816894531,54.4900016784668,54.040000915527344,54.09000015258789,54.09000015258789,4177500
2024-05-17,53.93000030517578,54.2400016784668,53.790000915527344,54.11000061035156,54.11000061035156,5243000
2024-05-20,54.189998626708984,54.2599983215332,53.5099983215332,53.58000183105469,53.58000183105469,6300000
2024-05-21,53.75,53.79999923706055,53.08000183105469,53.380001068115234,53.380001068115234,5536400
2024-05-22,53.380001068115234,53.439998626708984,53.04999923706055,53.099998474121094,53.099998474121094,6566200
2024-05-23,53.099998474121094,53.15999984741211,52.619998931884766,52.63999938964844,52.63999938964844,6978800
2024-05-24,52.79999923706055,53.029998779296875,52.66999816894531,52.70000076293945,52.70000076293945,7137600
2024-05-28,52.5,52.5,51.41999816894531,51.650001525878906,51.650001525878906,10855700
2024-05-29,51.470001220703125,52.29999923706055,51.310001373291016,52.130001068115234,52.130001068115234,14571400
2024-05-30,52.29999923706055,52.349998474121094,50.97999954223633,51.2400016784668,51.2400016784668,15555800
2024-05-31,51.209999084472656,51.95000076293945,50.88999938964844,51.91999816894531,51.91999816894531,20482800
2024-06-03,51.810001373291016,52.09000015258789,51.400001525878906,51.88999938964844,51.88999938964844,26613800
2024-06-04,51.83000183105469,52.279998779296875,51.5,52.189998626708984,52.189998626708984,26337600
2024-06-05,52.18000030517578,52.5,51.7599983215332,52.0,52.0,36709500
2024-06-06,53.88999938964844,53.900001525878906,51.91999816894531,52.45000076293945,52.45000076293945,35094400
2024-06-07,52.2400016784668,52.72999954223633,52.02000045776367,52.689998626708984,52.689998626708984,18586500
2024-06-10,52.349998474121094,52.540000915527344,50.77000045776367,51.0,51.0,20168200
2024-06-11,50.939998626708984,51.2599983215332,50.33000183105469,51.15999984741211,51.15999984741211,16163500
2024-06-12,51.08000183105469,51.2599983215332,49.18000030517578,49.77000045776367,49.77000045776367,27290100
2024-06-13,49.380001068115234,49.4900016784668,48.54999923706055,48.720001220703125,48.720001220703125,14660700
2024-06-14,48.47999954223633,48.810001373291016,47.66999816894531,48.029998779296875,48.029998779296875,10690800
2024-06-17,47.849998474121094,49.34000015258789,47.630001068115234,49.130001068115234,49.130001068115234,8492300
2024-06-18,49.0099983215332,49.029998779296875,48.279998779296875,48.41999816894531,48.41999816894531,9376700
2024-06-20,48.439998626708984,49.06999969482422,48.34000015258789,48.68000030517578,48.68000030517578,8622000
2024-06-21,48.900001525878906,49.56999969482422,48.900001525878906,49.09000015258789,49.09000015258789,16238000
2024-06-24,49.02000045776367,49.790000915527344,48.90999984741211,49.4900016784668,49.4900016784668,9290000
2024-06-25,49.5099983215332,50.349998474121094,49.5,50.13999938964844,50.13999938964844,7534400
2024-06-26,49.650001525878906,50.88999938964844,49.54999923706055,50.459999084472656,50.459999084472656,6302700
2024-06-27,50.4900016784668,50.709999084472656,50.27000045776367,50.56999969482422,50.56999969482422,4226700
2024-06-28,50.400001525878906,50.59000015258789,49.900001525878906,49.95000076293945,49.95000076293945,11843300
2024-07-01,50.040000915527344,50.22999954223633,49.58000183105469,49.900001525878906,49.900001525878906,4963700
2024-07-02,49.970001220703125,49.970001220703125,49.130001068115234,49.34000015258789,49.34000015258789,6283100
2024-07-03,49.20000076293945,49.65999984741211,49.060001373291016,49.15999984741211,49.15999984741211,4172700
2024-07-05,49.09000015258789,49.83000183105469,48.970001220703125,49.75,49.75,6076700
2024-07-08,49.59000015258789,50.290000915527344,49.470001220703125,50.18000030517578,50.18000030517578,6863200
2024-07-09,50.189998626708984,50.20000076293945,49.650001525878906,49.79999923706055,49.79999923706055,5851600
2024-07-10,49.83000183105469,49.88999938964844,49.209999084472656,49.849998474121094,49.849998474121094,4938200
2024-07-11,49.7400016784668,50.790000915527344,49.68000030517578,50.279998779296875,50.279998779296875,6503400
2024-07-12,50.5,51.13999938964844,50.47999954223633,50.83000183105469,50.83000183105469,5274100
2024-07-15,50.5099983215332,50.689998626708984,49.689998626708984,49.86000061035156,49.86000061035156,5467400
2024-07-16,49.810001373291016,50.59000015258789,49.599998474121094,50.4900016784668,50.4900016784668,4105900
2024-07-17,50.970001220703125,51.47999954223633,50.56999969482422,50.720001220703125,50.720001220703125,5366400
2024-07-18,50.54999923706055,51.66999816894531,50.47999954223633,51.0099983215332,51.0099983215332,6396200
2024-07-19,51.09000015258789,51.18000030517578,50.47999954223633,50.88999938964844,50.88999938964844,4851000
2024-07-22,50.81999969482422,50.90999984741211,49.630001068115234,50.36000061035156,50.36000061035156,5654600
2024-07-23,50.47999954223633,50.779998779296875,50.20000076293945,50.310001373291016,50.310001373291016,6159700
2024-07-24,50.2599983215332,50.45000076293945,49.380001068115234,49.59000015258789,49.59000015258789,7109700
2024-07-25,49.83000183105469,50.34000015258789,49.459999084472656,50.099998474121094,50.099998474121094,6462500
2024-07-26,50.279998779296875,51.029998779296875,50.06999969482422,51.0,51.0,3803200
2024-07-29,51.0,51.689998626708984,50.58000183105469,51.27000045776367,51.27000045776367,4880200
2024-07-30,51.2400016784668,51.7400016784668,50.88999938964844,51.56999969482422,51.56999969482422,4024800
2024-07-31,51.81999969482422,52.22999954223633,51.33000183105469,51.45000076293945,51.45000076293945,6978200
2024-08-01,51.43000030517578,51.70000076293945,51.11000061035156,51.380001068115234,51.380001068115234,4816000
2024-08-02,52.119998931884766,52.400001525878906,50.41999816894531,51.61000061035156,51.61000061035156,6058500
2024-08-05,52.02000045776367,52.400001525878906,50.189998626708984,50.470001220703125,50.470001220703125,5729000
2024-08-06,50.59000015258789,51.790000915527344,50.33000183105469,50.79999923706055,50.79999923706055,5145800
2024-08-07,50.84000015258789,51.54999923706055,50.459999084472656,50.529998779296875,50.529998779296875,7295500
2024-08-08,44.880001068115234,45.540000915527344,43.31999969482422,45.0099983215332,45.0099983215332,27323100
2024-08-09,45.290000915527344,46.31999969482422,45.189998626708984,46.060001373291016,46.060001373291016,14618800
2024-08-12,46.02000045776367,46.56999969482422,45.86000061035156,45.88999938964844,45.88999938964844,7643900
2024-08-13,46.0,46.790000915527344,46.0,46.5,46.5,6554400
2024-08-14,46.279998779296875,46.66999816894531,45.97999954223633,46.2400016784668,46.2400016784668,7164500
2024-08-15,46.61000061035156,47.540000915527344,46.54999923706055,46.9900016784668,46.9900016784668,6680500
2024-08-16,46.91999816894531,47.13999938964844,46.33000183105469,46.7400016784668,46.7400016784668,4611400
2024-08-19,46.790000915527344,46.939998626708984,46.34000015258789,46.599998474121094,46.599998474121094,5206300
2024-08-20,46.91999816894531,47.119998931884766,46.20000076293945,46.709999084472656,46.709999084472656,7071000
2024-08-21,47.0099983215332,47.22999954223633,46.619998931884766,47.0099983215332,47.0099983215332,5239000
2024-08-22,47.22999954223633,47.22999954223633,46.38999938964844,46.47999954223633,46.47999954223633,3309100
2024-08-23,46.599998474121094,46.84000015258789,46.400001525878906,46.650001525878906,46.650001525878906,4507900
2024-08-26,47.0,47.68000030517578,46.779998779296875,47.279998779296875,47.279998779296875,3868500
2024-08-27,47.279998779296875,47.63999938964844,47.040000915527344,47.59000015258789,47.59000015258789,3836700
2024-08-28,47.61000061035156,47.70000076293945,46.79999923706055,47.04999923706055,47.04999923706055,4447400
2024-08-29,47.36000061035156,47.5,46.90999984741211,47.0,47.0,6752000
2024-08-30,47.119998931884766,47.20000076293945,46.59000015258789,47.130001068115234,47.130001068115234,5420800
2024-09-03,46.939998626708984,48.38999938964844,46.849998474121094,48.29999923706055,48.29999923706055,7422000
2024-09-04,48.220001220703125,48.7400016784668,48.040000915527344,48.380001068115234,48.380001068115234,4783800
2024-09-05,48.27000045776367,48.540000915527344,47.77000045776367,48.220001220703125,48.220001220703125,3838800
2024-09-06,48.060001373291016,48.849998474121094,48.060001373291016,48.650001525878906,48.650001525878906,5847900
2024-09-09,48.65999984741211,51.02000045776367,48.619998931884766,50.7400016784668,50.7400016784668,9188000
2024-09-10,50.83000183105469,50.83000183105469,50.0,50.33000183105469,50.33000183105469,5372600
2024-09-11,50.36000061035156,50.40999984741211,49.16999816894531,49.650001525878906,49.650001525878906,5225700
2024-09-12,49.61000061035156,49.959999084472656,48.650001525878906,49.90999984741211,49.90999984741211,4102400
2024-09-13,49.970001220703125,50.900001525878906,49.72999954223633,50.83000183105469,50.83000183105469,3816000
