Date,Open,High,Low,Close,Adj Close,Volume
2003-01-16,14.350000381469727,14.350000381469727,14.300000190734863,14.300000190734863,4.647862434387207,1300
2003-01-17,14.399999618530273,14.5,14.399999618530273,14.5,4.7128705978393555,1300
2003-01-21,14.489999771118164,14.489999771118164,14.399999618530273,14.399999618530273,4.680367469787598,2100
2003-01-22,14.5,14.600000381469727,14.460000038146973,14.460000038146973,4.69986629486084,2300
2003-01-23,14.359999656677246,14.399999618530273,14.300000190734863,14.300000190734863,4.647862434387207,2400
2003-01-24,14.199999809265137,14.199999809265137,14.199999809265137,14.199999809265137,4.615359783172607,1000
2003-01-27,14.100000381469727,14.100000381469727,14.100000381469727,14.100000381469727,4.582859516143799,400
2003-01-28,14.199999809265137,14.449999809265137,14.199999809265137,14.399999618530273,4.680367469787598,6400
2003-01-29,14.5,14.600000381469727,14.5,14.600000381469727,4.7453718185424805,3700
2003-01-30,14.699999809265137,14.699999809265137,14.5,14.5,4.7128705978393555,4200
2003-01-31,14.600000381469727,14.600000381469727,14.600000381469727,14.600000381469727,4.7453718185424805,100
2003-02-03,14.600000381469727,14.600000381469727,14.449999809265137,14.449999809265137,4.69661808013916,2100
2003-02-04,14.550000190734863,14.859999656677246,14.550000190734863,14.859999656677246,4.829877853393555,3600
2003-02-05,14.859999656677246,14.859999656677246,14.5,14.850000381469727,4.826625823974609,10000
2003-02-06,14.75,14.75,14.699999809265137,14.75,4.794127941131592,1600
2003-02-07,14.75,14.760000228881836,14.65999984741211,14.75,4.794127941131592,4000
2003-02-10,14.800000190734863,14.800000190734863,14.550000190734863,14.550000190734863,4.72912073135376,4400
2003-02-11,14.699999809265137,14.699999809265137,14.600000381469727,14.649999618530273,4.761623382568359,1900
2003-02-12,14.699999809265137,14.850000381469727,14.649999618530273,14.649999618530273,4.785469055175781,6200
2003-02-13,14.75,14.75,14.649999618530273,14.649999618530273,4.785469055175781,2200
2003-02-14,14.75,14.75,14.399999618530273,14.399999618530273,4.703806400299072,3100
2003-02-18,14.449999809265137,14.449999809265137,14.449999809265137,14.449999809265137,4.720138072967529,300
2003-02-19,14.449999809265137,14.449999809265137,14.25,14.25,4.654807090759277,3900
2003-02-20,14.25,14.25,14.15999984741211,14.15999984741211,4.625405311584473,2500
2003-02-21,14.199999809265137,14.350000381469727,14.149999618530273,14.25,4.654807090759277,2800
2003-02-24,14.25,14.350000381469727,14.25,14.350000381469727,4.687475204467773,1900
2003-02-25,14.25,14.550000190734863,14.25,14.550000190734863,4.752803802490234,3000
2003-02-26,14.550000190734863,14.550000190734863,14.550000190734863,14.550000190734863,4.752803802490234,400
2003-02-27,14.649999618530273,14.800000190734863,14.550000190734863,14.800000190734863,4.834468364715576,4300
2003-02-28,14.699999809265137,14.800000190734863,14.699999809265137,14.800000190734863,4.834468364715576,1700
2003-03-03,14.899999618530273,15.0,14.800000190734863,14.800000190734863,4.834468364715576,5600
2003-03-04,14.699999809265137,15.0,14.600000381469727,14.899999618530273,4.867133140563965,16000
2003-03-05,15.0,15.0,14.90999984741211,15.0,4.8997979164123535,3800
2003-03-06,15.0,15.0,14.850000381469727,14.850000381469727,4.850797653198242,2800
2003-03-07,14.850000381469727,14.989999771118164,14.850000381469727,14.989999771118164,4.896531581878662,9700
2003-03-10,14.899999618530273,15.0,14.800000190734863,15.0,4.8997979164123535,9000
2003-03-11,14.949999809265137,15.0,14.850000381469727,14.949999809265137,4.883461952209473,4800
2003-03-12,14.75,14.75,14.75,14.75,4.841773509979248,100
2003-03-13,14.84000015258789,14.949999809265137,14.84000015258789,14.949999809265137,4.907424449920654,3500
2003-03-14,14.869999885559082,14.9399995803833,14.869999885559082,14.9399995803833,4.904145240783691,1500
2003-03-17,14.949999809265137,14.949999809265137,14.75,14.850000381469727,4.874601364135742,2200
2003-03-18,14.770000457763672,14.890000343322754,14.770000457763672,14.890000343322754,4.88773250579834,1400
2003-03-19,14.90999984741211,14.930000305175781,14.600000381469727,14.720000267028809,4.83192777633667,3000
2003-03-20,14.8100004196167,14.8100004196167,14.600000381469727,14.600000381469727,4.792537212371826,2400
2003-03-21,14.699999809265137,14.699999809265137,14.699999809265137,14.699999809265137,4.825361251831055,500
2003-03-24,14.699999809265137,14.699999809265137,14.65999984741211,14.65999984741211,4.812233924865723,5000
2003-03-25,14.65999984741211,14.829999923706055,14.449999809265137,14.550000190734863,4.776125431060791,10100
2003-03-26,14.600000381469727,14.84000015258789,14.5,14.5,4.759713172912598,8000
2003-03-27,14.5,14.5,14.5,14.5,4.759713172912598,0
2003-03-28,14.5600004196167,14.600000381469727,14.5600004196167,14.600000381469727,4.792537212371826,2200
2003-03-31,14.699999809265137,14.699999809265137,14.6899995803833,14.699999809265137,4.825361251831055,1700
2003-04-01,14.899999618530273,14.899999618530273,14.890000343322754,14.890000343322754,4.88773250579834,2100
2003-04-02,14.890000343322754,14.9399995803833,14.75,14.75,4.841773509979248,5000
2003-04-03,14.850000381469727,14.890000343322754,14.850000381469727,14.890000343322754,4.88773250579834,800
2003-04-04,14.789999961853027,14.899999618530273,14.789999961853027,14.899999618530273,4.891016006469727,1300
2003-04-07,14.899999618530273,14.899999618530273,14.899999618530273,14.899999618530273,4.891016006469727,300
2003-04-08,14.800000190734863,14.899999618530273,14.800000190734863,14.899999618530273,4.891016006469727,1100
2003-04-09,14.949999809265137,14.949999809265137,14.800000190734863,14.84000015258789,4.871319770812988,13600
2003-04-10,14.9399995803833,14.979999542236328,14.9399995803833,14.979999542236328,4.917273044586182,700
2003-04-11,14.979999542236328,15.0,14.899999618530273,14.899999618530273,4.914966106414795,1600
2003-04-14,14.90999984741211,14.90999984741211,14.739999771118164,14.829999923706055,4.891871452331543,6700
2003-04-15,14.739999771118164,14.739999771118164,14.729999542236328,14.729999542236328,4.858890056610107,3000
2003-04-16,14.739999771118164,14.739999771118164,14.739999771118164,14.739999771118164,4.862186908721924,500
2003-04-17,14.609999656677246,14.699999809265137,14.59000015258789,14.699999809265137,4.848993301391602,4600
2003-04-21,14.779999732971191,14.789999961853027,14.779999732971191,14.789999961853027,4.8786797523498535,1300
2003-04-22,14.699999809265137,14.699999809265137,14.699999809265137,14.699999809265137,4.848993301391602,200
2003-04-23,14.609999656677246,14.75,14.510000228881836,14.609999656677246,4.819302558898926,3500
2003-04-24,14.510000228881836,14.789999961853027,14.510000228881836,14.789999961853027,4.8786797523498535,2200
2003-04-25,14.760000228881836,14.760000228881836,14.420000076293945,14.550000190734863,4.799515724182129,16700
2003-04-28,14.699999809265137,14.699999809265137,14.699999809265137,14.699999809265137,4.848993301391602,1200
2003-04-29,14.699999809265137,14.75,14.699999809265137,14.75,4.865480422973633,1200
2003-04-30,14.800000190734863,14.869999885559082,14.800000190734863,14.869999885559082,4.90506649017334,400
2003-05-01,14.899999618530273,14.949999809265137,14.899999618530273,14.949999809265137,4.931458473205566,2800
2003-05-02,14.949999809265137,14.949999809265137,14.949999809265137,14.949999809265137,4.931458473205566,0
2003-05-05,14.949999809265137,14.949999809265137,14.649999618530273,14.649999618530273,4.832497596740723,1900
2003-05-06,14.699999809265137,14.699999809265137,14.600000381469727,14.600000381469727,4.816009521484375,6900
2003-05-07,14.640000343322754,14.640000343322754,14.449999809265137,14.550000190734863,4.799515724182129,2600
2003-05-08,14.550000190734863,14.640000343322754,14.550000190734863,14.630000114440918,4.825899600982666,2200
2003-05-09,14.630000114440918,14.630000114440918,14.630000114440918,14.630000114440918,4.825899600982666,0
2003-05-12,14.579999923706055,14.920000076293945,14.5600004196167,14.920000076293945,4.9215617179870605,7100
2003-05-13,14.970000267028809,15.0,14.949999809265137,15.0,4.9722771644592285,6800
2003-05-14,14.899999618530273,14.949999809265137,14.859999656677246,14.949999809265137,4.955702781677246,1300
2003-05-15,15.0,15.0,14.859999656677246,14.859999656677246,4.925868988037109,19400
2003-05-16,14.989999771118164,14.989999771118164,14.899999618530273,14.979999542236328,4.9656500816345215,3900
2003-05-19,14.930000305175781,14.989999771118164,14.850000381469727,14.989999771118164,4.968969821929932,8400
2003-05-20,15.0,15.0600004196167,14.960000038146973,14.960000038146973,4.959023475646973,8800
2003-05-21,15.0600004196167,15.100000381469727,14.970000267028809,15.0,4.9722771644592285,25800
2003-05-22,15.0,15.119999885559082,15.0,15.119999885559082,5.012056350708008,7900
2003-05-23,15.140000343322754,15.3100004196167,15.140000343322754,15.300000190734863,5.0717244148254395,6100
2003-05-27,15.199999809265137,15.25,15.079999923706055,15.25,5.05515193939209,29400
2003-05-28,15.149999618530273,15.180000305175781,15.09000015258789,15.180000305175781,5.031948089599609,3600
2003-05-29,15.100000381469727,15.220000267028809,15.100000381469727,15.220000267028809,5.045205116271973,2800
2003-05-30,15.100000381469727,15.199999809265137,15.050000190734863,15.199999809265137,5.038578510284424,1900
2003-06-02,15.25,15.289999961853027,15.170000076293945,15.25,5.05515193939209,2500
2003-06-03,15.289999961853027,15.289999961853027,15.260000228881836,15.260000228881836,5.058468818664551,5600
2003-06-04,15.300000190734863,15.399999618530273,15.25,15.399999618530273,5.104874134063721,9900
2003-06-05,15.5,15.5,15.25,15.260000228881836,5.058468818664551,5500
2003-06-06,15.270000457763672,15.300000190734863,15.270000457763672,15.300000190734863,5.0717244148254395,2600
2003-06-09,15.289999961853027,15.300000190734863,15.210000038146973,15.229999542236328,5.048520565032959,3300
2003-06-10,15.270000457763672,15.300000190734863,15.199999809265137,15.300000190734863,5.0717244148254395,7900
2003-06-11,15.149999618530273,15.149999618530273,14.960000038146973,15.029999732971191,5.006107807159424,32500
2003-06-12,15.029999732971191,15.140000343322754,15.029999732971191,15.100000381469727,5.029424667358398,10100
2003-06-13,15.100000381469727,15.100000381469727,15.100000381469727,15.100000381469727,5.029424667358398,1400
2003-06-16,15.140000343322754,15.1899995803833,15.050000190734863,15.050000190734863,5.012768268585205,23100
2003-06-17,15.09000015258789,15.09000015258789,15.029999732971191,15.029999732971191,5.006107807159424,1000
2003-06-18,15.069999694824219,15.069999694824219,15.0,15.0,4.99611759185791,6300
2003-06-19,15.0600004196167,15.140000343322754,15.0600004196167,15.119999885559082,5.036086559295654,8800
2003-06-20,15.100000381469727,15.100000381469727,15.029999732971191,15.029999732971191,5.006107807159424,1000
2003-06-23,15.010000228881836,15.109999656677246,15.0,15.029999732971191,5.006107807159424,12000
2003-06-24,14.90999984741211,15.029999732971191,14.90999984741211,14.970000267028809,4.986126899719238,9600
2003-06-25,14.960000038146973,14.960000038146973,14.850000381469727,14.899999618530273,4.962810516357422,5300
2003-06-26,14.5,14.75,14.5,14.75,4.912845134735107,46800
2003-06-27,14.770000457763672,14.869999885559082,14.75,14.8100004196167,4.932834625244141,20600
2003-06-30,14.739999771118164,14.760000228881836,14.680000305175781,14.760000228881836,4.916181564331055,2800
2003-07-01,14.760000228881836,14.850000381469727,14.6899995803833,14.850000381469727,4.9461541175842285,15500
2003-07-02,14.869999885559082,15.069999694824219,14.869999885559082,15.069999694824219,5.019429683685303,16400
2003-07-03,15.09000015258789,15.289999961853027,15.09000015258789,15.279999732971191,5.089377403259277,4400
2003-07-07,15.119999885559082,15.279999732971191,15.119999885559082,15.279999732971191,5.089377403259277,2000
2003-07-08,15.15999984741211,15.279999732971191,15.15999984741211,15.279999732971191,5.089377403259277,3900
2003-07-09,15.279999732971191,15.279999732971191,15.170000076293945,15.199999809265137,5.0627360343933105,1600
2003-07-10,15.210000038146973,15.239999771118164,15.210000038146973,15.239999771118164,5.076057434082031,1900
2003-07-11,15.100000381469727,15.100000381469727,15.0,15.029999732971191,5.030205726623535,7100
2003-07-14,15.100000381469727,15.350000381469727,15.100000381469727,15.289999961853027,5.117218017578125,8600
2003-07-15,15.239999771118164,15.239999771118164,15.199999809265137,15.199999809265137,5.087099552154541,2700
2003-07-16,15.199999809265137,15.199999809265137,15.199999809265137,15.199999809265137,5.087099552154541,2000
2003-07-17,15.239999771118164,15.239999771118164,15.119999885559082,15.119999885559082,5.060327529907227,3200
2003-07-18,15.0,15.0,15.0,15.0,5.020163059234619,500
2003-07-21,15.0,15.0,15.0,15.0,5.020163059234619,0
2003-07-22,15.0,15.0,14.850000381469727,14.850000381469727,4.969961643218994,700
2003-07-23,14.770000457763672,14.770000457763672,14.520000457763672,14.520000457763672,4.859522819519043,7900
2003-07-24,14.399999618530273,14.399999618530273,14.399999618530273,14.399999618530273,4.8193535804748535,1600
2003-07-25,14.470000267028809,14.470000267028809,14.470000267028809,14.470000267028809,4.8427815437316895,800
2003-07-28,14.529999732971191,14.630000114440918,14.460000038146973,14.5,4.852827548980713,6200
2003-07-29,14.399999618530273,14.600000381469727,14.399999618530273,14.600000381469727,4.886294841766357,3800
2003-07-30,14.600000381469727,14.600000381469727,14.600000381469727,14.600000381469727,4.886294841766357,2700
2003-07-31,14.5,14.5,14.149999618530273,14.149999618530273,4.735686779022217,7100
2003-08-01,14.050000190734863,14.100000381469727,13.649999618530273,13.75,4.6018147468566895,10300
2003-08-04,13.75,13.75,13.550000190734863,13.550000190734863,4.534881591796875,9000
2003-08-05,13.550000190734863,13.550000190734863,13.350000381469727,13.4399995803833,4.498067378997803,12200
2003-08-06,13.449999809265137,13.550000190734863,13.380000114440918,13.539999961853027,4.531534194946289,10300
2003-08-07,13.489999771118164,13.720000267028809,13.489999771118164,13.720000267028809,4.591775417327881,15100
2003-08-08,13.729999542236328,13.760000228881836,13.489999771118164,13.520000457763672,4.524839878082275,20800
2003-08-11,13.619999885559082,13.619999885559082,13.369999885559082,13.369999885559082,4.474638938903809,10200
2003-08-12,13.420000076293945,13.520000457763672,13.420000076293945,13.520000457763672,4.524839878082275,9200
2003-08-13,13.5,13.5600004196167,13.4399995803833,13.550000190734863,4.5594987869262695,8200
2003-08-14,13.550000190734863,13.579999923706055,13.550000190734863,13.579999923706055,4.569594383239746,600
2003-08-15,13.579999923706055,13.579999923706055,13.579999923706055,13.579999923706055,4.569594383239746,0
2003-08-18,13.579999923706055,13.609999656677246,13.579999923706055,13.579999923706055,4.569594383239746,4400
2003-08-19,13.579999923706055,13.640000343322754,13.460000038146973,13.489999771118164,4.539310455322266,8800
2003-08-20,13.449999809265137,13.5,13.449999809265137,13.5,4.5426788330078125,6300
2003-08-21,13.5,13.5,13.5,13.5,4.5426788330078125,1500
2003-08-22,13.539999961853027,13.670000076293945,13.539999961853027,13.649999618530273,4.5931525230407715,4400
2003-08-25,13.649999618530273,13.649999618530273,13.649999618530273,13.649999618530273,4.5931525230407715,0
2003-08-26,13.649999618530273,13.710000038146973,13.649999618530273,13.710000038146973,4.613337993621826,6500
2003-08-27,13.710000038146973,13.710000038146973,13.649999618530273,13.649999618530273,4.5931525230407715,2300
2003-08-28,13.739999771118164,13.739999771118164,13.699999809265137,13.699999809265137,4.6099700927734375,2100
2003-08-29,13.770000457763672,13.770000457763672,13.670000076293945,13.760000228881836,4.630166530609131,4500
2003-09-02,13.800000190734863,13.800000190734863,13.680000305175781,13.680000305175781,4.603243350982666,5200
2003-09-03,13.779999732971191,13.779999732971191,13.640000343322754,13.75,4.626796722412109,5100
2003-09-04,13.800000190734863,13.819999694824219,13.75,13.75,4.626796722412109,13200
2003-09-05,13.729999542236328,13.729999542236328,13.579999923706055,13.600000381469727,4.576322555541992,24200
2003-09-08,13.699999809265137,13.789999961853027,13.699999809265137,13.789999961853027,4.640259265899658,4600
2003-09-09,13.649999618530273,13.75,13.649999618530273,13.75,4.626796722412109,3000
2003-09-10,13.770000457763672,13.789999961853027,13.75,13.789999961853027,4.640259265899658,12400
2003-09-11,13.75,13.75,13.75,13.75,4.6514201164245605,1100
2003-09-12,13.770000457763672,13.770000457763672,13.770000457763672,13.770000457763672,4.658191204071045,300
2003-09-15,13.75,13.75,13.699999809265137,13.699999809265137,4.634504795074463,2000
2003-09-16,13.720000267028809,13.729999542236328,13.649999618530273,13.729999542236328,4.64465856552124,3300
2003-09-17,13.760000228881836,13.819999694824219,13.75,13.789999961853027,4.664953231811523,5900
2003-09-18,13.789999961853027,13.789999961853027,13.75,13.760000228881836,4.6548075675964355,5600
2003-09-19,13.75,13.75,13.640000343322754,13.649999618530273,4.617596626281738,8500
2003-09-22,13.619999885559082,13.640000343322754,13.5600004196167,13.5600004196167,4.587148666381836,2100
2003-09-23,13.5600004196167,13.600000381469727,13.5,13.5,4.566853046417236,12300
2003-09-24,13.420000076293945,13.489999771118164,13.359999656677246,13.489999771118164,4.563468933105469,20700
2003-09-25,13.510000228881836,13.609999656677246,13.449999809265137,13.479999542236328,4.560083389282227,16000
2003-09-26,13.550000190734863,13.630000114440918,13.550000190734863,13.630000114440918,4.6108293533325195,3800
2003-09-29,13.5600004196167,13.619999885559082,13.479999542236328,13.619999885559082,4.607444763183594,6800
2003-09-30,13.649999618530273,13.710000038146973,13.649999618530273,13.710000038146973,4.637888431549072,9100
2003-10-01,13.729999542236328,13.819999694824219,13.65999984741211,13.710000038146973,4.637888431549072,10600
2003-10-02,13.6899995803833,13.880000114440918,13.6899995803833,13.880000114440918,4.695401668548584,5500
2003-10-03,13.880000114440918,13.930000305175781,13.880000114440918,13.930000305175781,4.712309837341309,3800
2003-10-06,13.930000305175781,13.930000305175781,13.8100004196167,13.899999618530273,4.7021613121032715,16500
2003-10-07,13.9399995803833,14.0,13.9399995803833,14.0,4.735996246337891,4500
2003-10-08,14.0,14.0,13.819999694824219,13.9399995803833,4.715696811676025,9700
2003-10-09,14.0,14.0,13.800000190734863,13.800000190734863,4.668333053588867,5300
2003-10-10,13.75,13.930000305175781,13.75,13.819999694824219,4.69996452331543,4200
2003-10-13,13.899999618530273,13.920000076293945,13.819999694824219,13.920000076293945,4.733973979949951,3100
2003-10-14,13.9399995803833,13.9399995803833,13.84000015258789,13.84000015258789,4.706766128540039,3300
2003-10-15,13.729999542236328,13.729999542236328,13.710000038146973,13.710000038146973,4.662552833557129,1600
2003-10-16,13.779999732971191,13.84000015258789,13.779999732971191,13.84000015258789,4.706766128540039,2100
2003-10-17,13.819999694824219,13.829999923706055,13.65999984741211,13.6899995803833,4.655752658843994,4800
2003-10-20,13.789999961853027,13.949999809265137,13.789999961853027,13.829999923706055,4.703361511230469,9900
2003-10-21,13.869999885559082,13.869999885559082,13.800000190734863,13.800000190734863,4.6931610107421875,3200
2003-10-22,13.899999618530273,13.899999618530273,13.699999809265137,13.729999542236328,4.6693596839904785,10600
2003-10-23,13.800000190734863,13.800000190734863,13.800000190734863,13.800000190734863,4.6931610107421875,700
2003-10-24,13.800000190734863,13.800000190734863,13.800000190734863,13.800000190734863,4.6931610107421875,0
2003-10-27,13.699999809265137,13.729999542236328,13.649999618530273,13.729999542236328,4.6693596839904785,7100
2003-10-28,13.670000076293945,13.819999694824219,13.649999618530273,13.819999694824219,4.69996452331543,8000
2003-10-29,13.84000015258789,13.84000015258789,13.699999809265137,13.699999809265137,4.659152030944824,6000
2003-10-30,13.789999961853027,13.890000343322754,13.770000457763672,13.770000457763672,4.682964324951172,9400
2003-10-31,13.850000381469727,13.880000114440918,13.850000381469727,13.859999656677246,4.7135701179504395,1500
2003-11-03,13.880000114440918,13.920000076293945,13.880000114440918,13.920000076293945,4.733973979949951,3800
2003-11-04,13.90999984741211,14.09000015258789,13.850000381469727,14.09000015258789,4.791785717010498,6200
2003-11-05,14.0,14.210000038146973,14.0,14.199999809265137,4.829195976257324,3300
2003-11-06,14.210000038146973,14.210000038146973,14.109999656677246,14.109999656677246,4.798585414886475,1400
2003-11-07,14.25,14.25,14.25,14.25,4.846203327178955,1300
2003-11-10,14.130000114440918,14.289999961853027,14.130000114440918,14.289999961853027,4.85980224609375,1900
2003-11-11,14.289999961853027,14.289999961853027,14.289999961853027,14.289999961853027,4.85980224609375,0
2003-11-12,14.319999694824219,14.40999984741211,14.300000190734863,14.399999618530273,4.922357559204102,7100
2003-11-13,14.399999618530273,14.430000305175781,14.399999618530273,14.430000305175781,4.9326090812683105,1700
2003-11-14,14.399999618530273,14.399999618530273,14.319999694824219,14.319999694824219,4.895017147064209,600
2003-11-17,14.449999809265137,14.449999809265137,14.399999618530273,14.399999618530273,4.922357559204102,8400
2003-11-18,14.539999961853027,14.539999961853027,14.319999694824219,14.34000015258789,4.901849746704102,7700
2003-11-19,14.3100004196167,14.3100004196167,14.279999732971191,14.279999732971191,4.881337642669678,1600
2003-11-20,14.380000114440918,14.430000305175781,14.380000114440918,14.430000305175781,4.9326090812683105,3400
2003-11-21,14.5,14.5,14.25,14.25,4.871087551116943,7700
2003-11-24,14.25,14.3100004196167,14.199999809265137,14.3100004196167,4.891592502593994,5800
2003-11-25,14.3100004196167,14.359999656677246,14.199999809265137,14.270000457763672,4.8779215812683105,6200
2003-11-26,14.170000076293945,14.170000076293945,14.170000076293945,14.170000076293945,4.8437395095825195,300
2003-11-28,14.270000457763672,14.270000457763672,14.260000228881836,14.260000228881836,4.874500274658203,1000
2003-12-01,14.270000457763672,14.329999923706055,14.09000015258789,14.329999923706055,4.898428916931152,9900
2003-12-02,14.329999923706055,14.329999923706055,14.119999885559082,14.119999885559082,4.82664680480957,5300
2003-12-03,14.25,14.25,14.1899995803833,14.199999809265137,4.853991985321045,2600
2003-12-04,14.199999809265137,14.199999809265137,14.199999809265137,14.199999809265137,4.853991985321045,0
2003-12-05,14.319999694824219,14.489999771118164,14.319999694824219,14.489999771118164,4.953123569488525,3200
2003-12-08,14.350000381469727,14.520000457763672,14.350000381469727,14.350000381469727,4.905269622802734,4000
2003-12-09,14.350000381469727,14.350000381469727,14.180000305175781,14.180000305175781,4.847156047821045,4500
2003-12-10,14.180000305175781,14.180000305175781,14.180000305175781,14.180000305175781,4.847156047821045,700
2003-12-11,14.25,14.25,14.069999694824219,14.149999618530273,4.861928939819336,18900
2003-12-12,14.149999618530273,14.399999618530273,14.149999618530273,14.399999618530273,4.9478302001953125,9400
2003-12-15,14.399999618530273,14.550000190734863,14.399999618530273,14.40999984741211,4.951266765594482,12400
2003-12-16,14.449999809265137,14.600000381469727,14.449999809265137,14.600000381469727,5.016552448272705,13600
2003-12-17,14.600000381469727,14.600000381469727,14.5,14.59000015258789,5.013115882873535,16600
2003-12-18,14.470000267028809,14.699999809265137,14.470000267028809,14.640000343322754,5.030295372009277,5800
2003-12-19,14.449999809265137,14.5600004196167,14.40999984741211,14.430000305175781,4.9581403732299805,6800
2003-12-22,14.5,14.520000457763672,14.399999618530273,14.420000076293945,4.954702377319336,12200
2003-12-23,14.380000114440918,14.649999618530273,14.300000190734863,14.300000190734863,4.913471698760986,13000
2003-12-24,14.449999809265137,14.449999809265137,14.350000381469727,14.350000381469727,4.930652618408203,600
2003-12-26,14.350000381469727,14.350000381469727,14.350000381469727,14.350000381469727,4.930652618408203,0
2003-12-29,14.449999809265137,14.680000305175781,14.399999618530273,14.550000190734863,4.999372959136963,9400
2003-12-30,14.649999618530273,14.970000267028809,14.539999961853027,14.850000381469727,5.102449893951416,9600
2003-12-31,14.949999809265137,14.949999809265137,14.899999618530273,14.930000305175781,5.12993860244751,1500
2004-01-02,14.930000305175781,14.930000305175781,14.770000457763672,14.770000457763672,5.074963092803955,4600
2004-01-05,14.84000015258789,14.859999656677246,14.84000015258789,14.850000381469727,5.102449893951416,1200
2004-01-06,14.859999656677246,14.859999656677246,14.8100004196167,14.850000381469727,5.102449893951416,700
2004-01-07,14.800000190734863,14.800000190734863,14.779999732971191,14.779999732971191,5.07839822769165,1000
2004-01-08,14.8100004196167,14.819999694824219,14.8100004196167,14.819999694824219,5.092138290405273,1600
2004-01-09,14.930000305175781,14.930000305175781,14.930000305175781,14.930000305175781,5.12993860244751,800
2004-01-12,14.930000305175781,14.930000305175781,14.930000305175781,14.930000305175781,5.12993860244751,500
2004-01-13,14.869999885559082,14.960000038146973,14.869999885559082,14.960000038146973,5.165500640869141,2900
2004-01-14,14.899999618530273,15.0,14.779999732971191,14.779999732971191,5.103352069854736,6900
2004-01-15,14.920000076293945,14.989999771118164,14.920000076293945,14.989999771118164,5.17586088180542,2800
2004-01-16,14.949999809265137,15.0,14.949999809265137,15.0,5.179317474365234,1300
2004-01-20,14.949999809265137,14.949999809265137,14.899999618530273,14.899999618530273,5.144783020019531,2100
2004-01-21,14.899999618530273,14.920000076293945,14.770000457763672,14.920000076293945,5.151686191558838,4900
2004-01-22,14.920000076293945,14.920000076293945,14.75,14.75,5.092990875244141,5000
2004-01-23,14.75,14.75,14.649999618530273,14.649999618530273,5.0584635734558105,5000
2004-01-26,14.65999984741211,14.65999984741211,14.640000343322754,14.640000343322754,5.0550103187561035,800
2004-01-27,14.640000343322754,14.710000038146973,14.619999885559082,14.710000038146973,5.079184055328369,4400
2004-01-28,14.720000267028809,14.770000457763672,14.720000267028809,14.770000457763672,5.099898815155029,3700
2004-01-29,14.670000076293945,14.760000228881836,14.670000076293945,14.680000305175781,5.068820476531982,600
2004-01-30,14.729999542236328,14.869999885559082,14.699999809265137,14.75,5.092990875244141,5200
2004-02-02,14.850000381469727,14.890000343322754,14.850000381469727,14.890000343322754,5.141333103179932,600
2004-02-03,14.890000343322754,14.890000343322754,14.760000228881836,14.760000228881836,5.096445083618164,3100
2004-02-04,14.770000457763672,14.770000457763672,14.600000381469727,14.600000381469727,5.041201114654541,5200
2004-02-05,14.579999923706055,14.699999809265137,14.5,14.640000343322754,5.0550103187561035,22100
2004-02-06,14.65999984741211,14.710000038146973,14.65999984741211,14.710000038146973,5.079184055328369,1000
2004-02-09,14.65999984741211,14.779999732971191,14.65999984741211,14.779999732971191,5.103352069854736,1100
2004-02-10,14.8100004196167,14.920000076293945,14.710000038146973,14.920000076293945,5.151686191558838,4400
2004-02-11,14.869999885559082,14.930000305175781,14.8100004196167,14.930000305175781,5.180490016937256,2900
2004-02-12,14.84000015258789,14.850000381469727,14.720000267028809,14.720000267028809,5.107624530792236,4800
2004-02-13,14.720000267028809,14.720000267028809,14.720000267028809,14.720000267028809,5.107624530792236,0
2004-02-17,14.800000190734863,14.829999923706055,14.800000190734863,14.829999923706055,5.145788192749023,700
2004-02-18,14.829999923706055,14.880000114440918,14.819999694824219,14.880000114440918,5.163141250610352,1400
2004-02-19,14.8100004196167,14.960000038146973,14.760000228881836,14.960000038146973,5.190901756286621,4700
2004-02-20,14.960000038146973,15.010000228881836,14.899999618530273,14.899999618530273,5.170081615447998,3000
2004-02-23,14.899999618530273,14.90999984741211,14.779999732971191,14.90999984741211,5.173552513122559,15900
2004-02-24,14.920000076293945,15.109999656677246,14.920000076293945,15.09000015258789,5.2360124588012695,8200
2004-02-25,15.0,15.029999732971191,14.75,14.90999984741211,5.173552513122559,17600
2004-02-26,14.90999984741211,15.029999732971191,14.90999984741211,15.029999732971191,5.215193271636963,3200
2004-02-27,15.069999694824219,15.069999694824219,15.0600004196167,15.069999694824219,5.229070663452148,800
2004-03-01,15.170000076293945,15.199999809265137,15.170000076293945,15.199999809265137,5.274177074432373,3000
2004-03-02,15.25,15.289999961853027,15.15999984741211,15.199999809265137,5.274177074432373,9500
2004-03-03,15.149999618530273,15.199999809265137,15.149999618530273,15.199999809265137,5.274177074432373,1400
2004-03-04,15.130000114440918,15.130000114440918,15.130000114440918,15.130000114440918,5.249887943267822,100
2004-03-05,15.199999809265137,15.220000267028809,15.199999809265137,15.210000038146973,5.277647495269775,4900
2004-03-08,15.380000114440918,15.399999618530273,15.270000457763672,15.399999618530273,5.343575954437256,5900
2004-03-09,15.449999809265137,15.489999771118164,15.4399995803833,15.4399995803833,5.357453346252441,1500
2004-03-10,15.470000267028809,15.569999694824219,15.470000267028809,15.569999694824219,5.402560710906982,2200
2004-03-11,15.420000076293945,15.479999542236328,15.40999984741211,15.430000305175781,5.379203796386719,5000
2004-03-12,15.479999542236328,15.510000228881836,15.420000076293945,15.420000076293945,5.3757171630859375,1700
2004-03-15,15.420000076293945,15.420000076293945,15.149999618530273,15.149999618530273,5.281589984893799,7200
2004-03-16,15.289999961853027,15.539999961853027,15.020000457763672,15.020000457763672,5.236270427703857,22400
2004-03-17,15.0,15.15999984741211,15.0,15.15999984741211,5.285078048706055,2700
2004-03-18,15.1899995803833,15.1899995803833,15.1899995803833,15.1899995803833,5.295535564422607,200
2004-03-19,15.180000305175781,15.350000381469727,15.170000076293945,15.350000381469727,5.351316928863525,5000
2004-03-22,15.350000381469727,15.460000038146973,15.350000381469727,15.460000038146973,5.3896660804748535,3000
2004-03-23,15.319999694824219,15.319999694824219,15.229999542236328,15.229999542236328,5.309480667114258,8600
2004-03-24,15.350000381469727,15.350000381469727,15.300000190734863,15.300000190734863,5.3338823318481445,3000
2004-03-25,15.260000228881836,15.260000228881836,15.199999809265137,15.199999809265137,5.299022674560547,6700
2004-03-26,15.0,15.010000228881836,15.0,15.0,5.229299545288086,10200
2004-03-29,15.0600004196167,15.0600004196167,14.920000076293945,15.0,5.229299545288086,4600
2004-03-30,15.010000228881836,15.020000457763672,15.010000228881836,15.020000457763672,5.236270427703857,2800
2004-03-31,15.029999732971191,15.029999732971191,15.0,15.029999732971191,5.239757537841797,4200
2004-04-01,15.029999732971191,15.09000015258789,15.0,15.0,5.229299545288086,12700
2004-04-02,14.970000267028809,14.970000267028809,14.670000076293945,14.75,5.142139911651611,4400
2004-04-05,14.699999809265137,14.699999809265137,14.630000114440918,14.630000114440918,5.100305557250977,200
2004-04-06,14.479999542236328,14.479999542236328,14.079999923706055,14.140000343322754,4.929481029510498,14400
2004-04-07,13.899999618530273,14.199999809265137,13.899999618530273,14.050000190734863,4.898106098175049,9700
2004-04-08,14.050000190734863,14.170000076293945,14.050000190734863,14.100000381469727,4.9155402183532715,9600
2004-04-12,14.100000381469727,14.100000381469727,14.0600004196167,14.0600004196167,4.901597023010254,900
2004-04-13,13.979999542236328,14.0,13.869999885559082,13.90999984741211,4.8746113777160645,5900
2004-04-14,13.899999618530273,13.899999618530273,13.800000190734863,13.800000190734863,4.836064338684082,3500
2004-04-15,13.789999961853027,13.850000381469727,13.720000267028809,13.850000381469727,4.8535871505737305,4400
2004-04-16,13.739999771118164,13.90999984741211,13.720000267028809,13.90999984741211,4.8746113777160645,6700
2004-04-19,13.930000305175781,14.149999618530273,13.930000305175781,14.0,4.906147003173828,12000
2004-04-20,14.010000228881836,14.029999732971191,14.0,14.029999732971191,4.9166646003723145,3000
2004-04-21,14.029999732971191,14.029999732971191,13.720000267028809,13.800000190734863,4.836064338684082,16700
2004-04-22,13.800000190734863,13.800000190734863,13.550000190734863,13.550000190734863,4.748452663421631,6400
2004-04-23,13.449999809265137,13.529999732971191,13.390000343322754,13.489999771118164,4.727428436279297,15300
2004-04-26,13.380000114440918,13.449999809265137,13.369999885559082,13.449999809265137,4.713410377502441,3000
2004-04-27,13.609999656677246,13.609999656677246,13.5,13.550000190734863,4.748452663421631,6900
2004-04-28,13.600000381469727,13.600000381469727,13.600000381469727,13.600000381469727,4.7659759521484375,100
2004-04-29,13.600000381469727,13.600000381469727,13.600000381469727,13.600000381469727,4.7659759521484375,0
2004-04-30,13.600000381469727,13.600000381469727,13.329999923706055,13.390000343322754,4.692383766174316,9700
2004-05-03,13.449999809265137,13.470000267028809,13.399999618530273,13.470000267028809,4.720419406890869,1600
2004-05-04,13.399999618530273,13.470000267028809,13.380000114440918,13.460000038146973,4.716914653778076,4100
2004-05-05,13.369999885559082,13.600000381469727,13.350000381469727,13.350000381469727,4.678365230560303,13400
2004-05-06,13.199999809265137,13.25,13.039999961853027,13.039999961853027,4.569727897644043,6700
2004-05-07,13.0,13.0,12.979999542236328,12.979999542236328,4.548703670501709,1200
2004-05-10,12.880000114440918,12.979999542236328,12.399999618530273,12.550000190734863,4.398016929626465,20800
2004-05-11,12.460000038146973,12.609999656677246,12.399999618530273,12.609999656677246,4.419040203094482,15900
2004-05-12,12.529999732971191,12.529999732971191,12.399999618530273,12.399999618530273,4.370752334594727,12200
2004-05-13,12.34000015258789,12.34000015258789,12.0,12.0,4.2297587394714355,35600
2004-05-14,11.899999618530273,12.210000038146973,11.899999618530273,12.210000038146973,4.303775310516357,17300
2004-05-17,12.1899995803833,12.25,12.1899995803833,12.25,4.317878246307373,4200
2004-05-18,12.270000457763672,12.390000343322754,12.270000457763672,12.390000343322754,4.367224216461182,13900
2004-05-19,12.359999656677246,12.399999618530273,12.359999656677246,12.399999618530273,4.370752334594727,2500
2004-05-20,12.399999618530273,12.529999732971191,12.399999618530273,12.529999732971191,4.416572570800781,5000
2004-05-21,12.539999961853027,12.539999961853027,12.4399995803833,12.4399995803833,4.384848117828369,3100
2004-05-24,12.520000457763672,12.630000114440918,12.520000457763672,12.630000114440918,4.451822280883789,9100
2004-05-25,12.539999961853027,12.630000114440918,12.510000228881836,12.539999961853027,4.420102596282959,7600
2004-05-26,12.600000381469727,12.600000381469727,12.569999694824219,12.600000381469727,4.44124698638916,9700
2004-05-27,12.670000076293945,12.680000305175781,12.65999984741211,12.680000305175781,4.469441890716553,5600
2004-05-28,12.699999809265137,12.789999961853027,12.640000343322754,12.789999961853027,4.508220672607422,11800
2004-06-01,12.789999961853027,12.789999961853027,12.720000267028809,12.720000267028809,4.483545303344727,1800
2004-06-02,12.789999961853027,12.8100004196167,12.789999961853027,12.8100004196167,4.5152668952941895,2500
2004-06-03,12.720000267028809,12.760000228881836,12.6899995803833,12.760000228881836,4.497645854949951,6600
2004-06-04,12.760000228881836,12.760000228881836,12.760000228881836,12.760000228881836,4.497645854949951,1800
2004-06-07,12.6899995803833,12.6899995803833,12.5600004196167,12.5600004196167,4.427148818969727,10000
2004-06-08,12.579999923706055,12.699999809265137,12.579999923706055,12.6899995803833,4.472969055175781,11400
2004-06-09,12.6899995803833,12.720000267028809,12.6899995803833,12.720000267028809,4.483545303344727,6100
2004-06-10,12.710000038146973,12.720000267028809,12.699999809265137,12.720000267028809,4.483545303344727,2600
2004-06-14,12.609999656677246,12.699999809265137,12.539999961853027,12.649999618530273,4.484608173370361,12600
2004-06-15,12.630000114440918,12.630000114440918,12.550000190734863,12.550000190734863,4.449158668518066,1200
2004-06-16,12.649999618530273,12.649999618530273,12.520000457763672,12.520000457763672,4.43851900100708,1400
2004-06-17,12.600000381469727,12.600000381469727,12.600000381469727,12.600000381469727,4.46688175201416,1200
2004-06-18,12.550000190734863,12.550000190734863,12.550000190734863,12.550000190734863,4.449158668518066,300
2004-06-21,12.529999732971191,12.630000114440918,12.460000038146973,12.460000038146973,4.4172515869140625,11300
2004-06-22,12.529999732971191,12.539999961853027,12.5,12.539999961853027,4.445615768432617,2600
2004-06-23,12.5,12.579999923706055,12.5,12.579999923706055,4.459792613983154,400
2004-06-24,12.59000015258789,12.6899995803833,12.539999961853027,12.5600004196167,4.45270299911499,9000
2004-06-25,12.680000305175781,12.680000305175781,12.539999961853027,12.539999961853027,4.445615768432617,2800
2004-06-28,12.630000114440918,12.630000114440918,12.550000190734863,12.550000190734863,4.449158668518066,2600
2004-06-29,12.59000015258789,12.670000076293945,12.470000267028809,12.539999961853027,4.445615768432617,10300
2004-06-30,12.59000015258789,12.630000114440918,12.59000015258789,12.630000114440918,4.477517604827881,2200
2004-07-01,12.65999984741211,12.829999923706055,12.65999984741211,12.829999923706055,4.548420429229736,5000
2004-07-02,12.949999809265137,13.100000381469727,12.949999809265137,13.100000381469727,4.644140243530273,1500
2004-07-06,13.170000076293945,13.170000076293945,13.020000457763672,13.100000381469727,4.644140243530273,9400
2004-07-07,13.029999732971191,13.130000114440918,13.029999732971191,13.050000190734863,4.6264119148254395,3800
2004-07-08,13.050000190734863,13.050000190734863,13.050000190734863,13.050000190734863,4.6264119148254395,0
2004-07-09,13.119999885559082,13.180000305175781,13.119999885559082,13.180000305175781,4.672499656677246,3800
2004-07-12,13.229999542236328,13.34000015258789,13.229999542236328,13.34000015258789,4.729226589202881,3000
2004-07-13,13.199999809265137,13.279999732971191,13.069999694824219,13.170000076293945,4.694644451141357,14600
2004-07-14,13.170000076293945,13.260000228881836,13.170000076293945,13.210000038146973,4.708903789520264,3600
2004-07-15,13.1899995803833,13.199999809265137,13.130000114440918,13.199999809265137,4.705338954925537,3500
2004-07-16,13.130000114440918,13.210000038146973,13.130000114440918,13.130000114440918,4.680387496948242,2700
2004-07-19,13.140000343322754,13.260000228881836,13.140000343322754,13.1899995803833,4.701773166656494,4900
2004-07-20,13.170000076293945,13.270000457763672,13.020000457763672,13.239999771118164,4.719595432281494,18200
2004-07-21,13.220000267028809,13.220000267028809,13.140000343322754,13.140000343322754,4.683950901031494,1800
2004-07-22,13.010000228881836,13.109999656677246,13.010000228881836,13.039999961853027,4.648304462432861,5800
2004-07-23,13.010000228881836,13.119999885559082,13.010000228881836,13.109999656677246,4.673259258270264,3100
2004-07-26,13.0600004196167,13.0600004196167,12.970000267028809,13.039999961853027,4.648304462432861,8200
2004-07-27,12.960000038146973,12.960000038146973,12.829999923706055,12.960000038146973,4.619787693023682,10400
2004-07-28,12.970000267028809,13.010000228881836,12.970000267028809,13.0,4.6340460777282715,2900
2004-07-29,13.039999961853027,13.069999694824219,13.039999961853027,13.069999694824219,4.658998489379883,1000
2004-07-30,13.100000381469727,13.130000114440918,13.100000381469727,13.130000114440918,4.680387496948242,5300
2004-08-02,13.25,13.25,13.239999771118164,13.25,4.7231645584106445,1900
2004-08-03,13.25,13.5,13.25,13.449999809265137,4.794456958770752,5500
2004-08-04,13.460000038146973,13.569999694824219,13.460000038146973,13.569999694824219,4.837231159210205,3700
2004-08-05,13.569999694824219,13.569999694824219,13.430000305175781,13.550000190734863,4.83009672164917,4700
2004-08-06,13.600000381469727,13.75,13.600000381469727,13.75,4.901394367218018,2100
2004-08-09,13.649999618530273,13.770000457763672,13.649999618530273,13.770000457763672,4.908524036407471,1700
2004-08-10,13.710000038146973,13.720000267028809,13.600000381469727,13.600000381469727,4.847928047180176,6500
2004-08-11,13.550000190734863,13.619999885559082,13.550000190734863,13.619999885559082,4.881253242492676,2800
2004-08-12,13.649999618530273,13.699999809265137,13.640000343322754,13.649999618530273,4.892008304595947,5200
2004-08-13,13.65999984741211,13.710000038146973,13.65999984741211,13.710000038146973,4.913511276245117,500
2004-08-16,13.880000114440918,13.880000114440918,13.6899995803833,13.850000381469727,4.96368408203125,5300
2004-08-17,13.8100004196167,13.819999694824219,13.760000228881836,13.800000190734863,4.945769309997559,2500
2004-08-18,13.800000190734863,13.800000190734863,13.800000190734863,13.800000190734863,4.945769309997559,0
2004-08-19,13.800000190734863,13.800000190734863,13.800000190734863,13.800000190734863,4.945769309997559,1000
2004-08-20,13.75,13.75,13.649999618530273,13.75,4.92784309387207,2400
2004-08-23,13.75,13.75,13.75,13.75,4.92784309387207,0
2004-08-24,13.899999618530273,14.149999618530273,13.899999618530273,14.149999618530273,5.071200847625732,5600
2004-08-25,14.399999618530273,14.399999618530273,14.0,14.0,5.017443656921387,5300
2004-08-26,14.0,14.149999618530273,14.0,14.069999694824219,5.042530536651611,2100
2004-08-27,14.149999618530273,14.149999618530273,13.739999771118164,13.739999771118164,4.924262523651123,5000
2004-08-30,13.869999885559082,14.300000190734863,13.869999885559082,14.300000190734863,5.1249589920043945,13800
2004-08-31,14.399999618530273,14.5,14.050000190734863,14.40999984741211,5.164382457733154,24000
2004-09-01,14.460000038146973,14.5,14.25,14.449999809265137,5.17871618270874,4300
2004-09-02,14.350000381469727,14.350000381469727,14.34000015258789,14.34000015258789,5.139298439025879,200
2004-09-03,14.34000015258789,14.34000015258789,14.199999809265137,14.199999809265137,5.0891194343566895,3700
2004-09-07,14.199999809265137,14.199999809265137,14.199999809265137,14.199999809265137,5.0891194343566895,0
2004-09-08,14.0600004196167,14.170000076293945,14.0600004196167,14.100000381469727,5.053281784057617,6100
2004-09-09,14.050000190734863,14.149999618530273,14.050000190734863,14.069999694824219,5.042530536651611,7700
2004-09-10,14.050000190734863,14.079999923706055,13.9399995803833,14.079999923706055,5.046114921569824,7300
2004-09-13,13.899999618530273,13.899999618530273,13.800000190734863,13.859999656677246,4.992086887359619,9200
2004-09-14,13.75,13.779999732971191,13.600000381469727,13.630000114440918,4.90924596786499,7000
2004-09-15,13.619999885559082,13.75,13.550000190734863,13.75,4.952465534210205,19100
2004-09-16,13.59000015258789,13.640000343322754,13.550000190734863,13.640000343322754,4.912851333618164,18600
2004-09-17,13.640000343322754,13.680000305175781,13.640000343322754,13.680000305175781,4.927252292633057,3300
2004-09-20,13.6899995803833,13.720000267028809,13.6899995803833,13.720000267028809,4.941667556762695,2600
2004-09-21,13.6899995803833,13.6899995803833,13.65999984741211,13.65999984741211,4.920052528381348,5200
2004-09-22,13.699999809265137,13.739999771118164,13.699999809265137,13.739999771118164,4.94886589050293,2800
2004-09-23,13.699999809265137,13.739999771118164,13.699999809265137,13.699999809265137,4.93446159362793,4300
2004-09-24,13.739999771118164,13.739999771118164,13.739999771118164,13.739999771118164,4.94886589050293,500
2004-09-27,13.649999618530273,13.65999984741211,13.649999618530273,13.65999984741211,4.920052528381348,2300
2004-09-28,13.729999542236328,14.0,13.619999885559082,13.899999618530273,5.006494522094727,8300
2004-09-29,13.75,13.75,13.710000038146973,13.710000038146973,4.9380621910095215,2900
2004-09-30,13.75,13.75,13.640000343322754,13.640000343322754,4.912851333618164,3100
2004-10-01,13.890000343322754,13.890000343322754,13.5,13.699999809265137,4.93446159362793,18200
2004-10-04,13.699999809265137,13.699999809265137,13.699999809265137,13.699999809265137,4.93446159362793,1800
2004-10-05,13.600000381469727,13.6899995803833,13.529999732971191,13.65999984741211,4.920052528381348,8400
2004-10-06,13.550000190734863,13.550000190734863,13.449999809265137,13.449999809265137,4.844413757324219,3000
2004-10-07,13.460000038146973,13.569999694824219,13.460000038146973,13.569999694824219,4.887636184692383,7800
2004-10-08,13.619999885559082,13.699999809265137,13.600000381469727,13.699999809265137,4.93446159362793,4500
2004-10-11,13.800000190734863,13.949999809265137,13.800000190734863,13.899999618530273,5.006494522094727,3900
2004-10-12,13.800000190734863,13.930000305175781,13.800000190734863,13.869999885559082,4.99569034576416,4200
2004-10-13,13.800000190734863,13.869999885559082,13.699999809265137,13.869999885559082,5.021026611328125,9100
2004-10-14,13.979999542236328,13.989999771118164,13.800000190734863,13.899999618530273,5.03188943862915,12300
2004-10-15,13.989999771118164,13.989999771118164,13.90999984741211,13.90999984741211,5.035511016845703,1400
2004-10-18,13.930000305175781,13.930000305175781,13.829999923706055,13.829999923706055,5.006547451019287,2900
2004-10-19,13.819999694824219,13.819999694824219,13.779999732971191,13.779999732971191,4.988448143005371,9700
2004-10-20,13.899999618530273,13.899999618530273,13.850000381469727,13.850000381469727,5.013791561126709,1900
2004-10-21,13.890000343322754,13.890000343322754,13.770000457763672,13.770000457763672,4.984827041625977,7300
2004-10-22,13.850000381469727,13.850000381469727,13.779999732971191,13.779999732971191,4.988448143005371,3300
2004-10-25,13.84000015258789,14.109999656677246,13.84000015258789,13.850000381469727,5.013791561126709,9800
2004-10-26,14.0,14.050000190734863,13.84000015258789,13.949999809265137,5.049992561340332,8200
2004-10-27,14.020000457763672,14.09000015258789,13.899999618530273,13.899999618530273,5.03188943862915,11600
2004-10-28,13.789999961853027,14.050000190734863,13.789999961853027,14.050000190734863,5.0861897468566895,15500
2004-10-29,14.079999923706055,14.09000015258789,14.079999923706055,14.079999923706055,5.097050666809082,1800
2004-11-01,14.09000015258789,14.109999656677246,14.079999923706055,14.109999656677246,5.107910633087158,4000
2004-11-02,14.149999618530273,14.300000190734863,14.149999618530273,14.300000190734863,5.176693916320801,9400
2004-11-03,14.289999961853027,14.449999809265137,14.289999961853027,14.449999809265137,5.230989933013916,1300
2004-11-04,14.59000015258789,14.59000015258789,14.449999809265137,14.449999809265137,5.230989933013916,200
2004-11-05,14.399999618530273,14.399999618530273,14.350000381469727,14.350000381469727,5.194791793823242,1500
2004-11-08,14.359999656677246,14.359999656677246,14.300000190734863,14.300000190734863,5.176693916320801,2000
2004-11-09,14.25,14.300000190734863,14.0600004196167,14.1899995803833,5.136870384216309,9600
2004-11-10,14.25,14.479999542236328,14.25,14.479999542236328,5.26783561706543,3400
2004-11-11,14.350000381469727,14.470000267028809,14.199999809265137,14.399999618530273,5.238736629486084,13600
2004-11-12,14.399999618530273,14.399999618530273,14.199999809265137,14.260000228881836,5.18780517578125,4700
2004-11-15,14.260000228881836,14.260000228881836,14.260000228881836,14.260000228881836,5.18780517578125,0
2004-11-16,14.279999732971191,14.380000114440918,14.279999732971191,14.380000114440918,5.231461524963379,2700
2004-11-17,14.25,14.359999656677246,14.25,14.359999656677246,5.224183082580566,2000
2004-11-18,14.5,14.5,14.5,14.5,5.275116920471191,500
2004-11-19,14.399999618530273,14.4399995803833,14.300000190734863,14.4399995803833,5.253290176391602,2400
2004-11-22,14.59000015258789,14.59000015258789,14.369999885559082,14.369999885559082,5.2278242111206055,7000
2004-11-23,14.350000381469727,14.359999656677246,14.15999984741211,14.25,5.18416690826416,3800
2004-11-24,14.180000305175781,14.180000305175781,14.180000305175781,14.180000305175781,5.158700942993164,600
2004-11-26,14.25,14.25,14.170000076293945,14.170000076293945,5.155061721801758,900
2004-11-29,14.100000381469727,14.100000381469727,13.979999542236328,14.069999694824219,5.118680477142334,4700
2004-11-30,14.0,14.0,13.829999923706055,13.880000114440918,5.049556732177734,4400
2004-12-01,13.880000114440918,13.880000114440918,13.569999694824219,13.569999694824219,4.936783790588379,27600
2004-12-02,13.649999618530273,13.649999618530273,13.460000038146973,13.460000038146973,4.896761417388916,2900
2004-12-03,13.510000228881836,13.579999923706055,13.510000228881836,13.579999923706055,4.940417766571045,3400
2004-12-06,13.569999694824219,13.699999809265137,13.569999694824219,13.649999618530273,4.965888500213623,7300
2004-12-07,13.65999984741211,13.65999984741211,13.479999542236328,13.479999542236328,4.904036998748779,11700
2004-12-08,13.5600004196167,13.640000343322754,13.5,13.609999656677246,4.9513349533081055,6900
2004-12-09,13.600000381469727,13.65999984741211,13.449999809265137,13.550000190734863,4.929502487182617,7200
2004-12-10,13.649999618530273,13.779999732971191,13.649999618530273,13.779999732971191,5.013178825378418,10100
2004-12-13,13.5,13.5,13.5,13.5,4.935313701629639,4500
2004-12-14,13.430000305175781,13.430000305175781,13.369999885559082,13.369999885559082,4.887786865234375,5400
2004-12-15,13.359999656677246,13.550000190734863,13.300000190734863,13.520000457763672,4.942622184753418,14300
2004-12-16,13.460000038146973,13.460000038146973,13.289999961853027,13.34000015258789,4.876814842224121,13600
2004-12-17,13.3100004196167,13.319999694824219,13.25,13.319999694824219,4.869504451751709,6400
2004-12-20,13.279999732971191,13.3100004196167,13.239999771118164,13.25,4.8439178466796875,9300
2004-12-21,13.199999809265137,13.199999809265137,13.170000076293945,13.180000305175781,4.818324565887451,24600
2004-12-22,13.170000076293945,13.180000305175781,13.119999885559082,13.15999984741211,4.811011791229248,6200
2004-12-23,13.119999885559082,13.149999618530273,13.119999885559082,13.140000343322754,4.803701400756836,9800
2004-12-27,13.170000076293945,13.170000076293945,13.050000190734863,13.0600004196167,4.774453639984131,5000
2004-12-28,13.010000228881836,13.010000228881836,13.0,13.0,4.752520561218262,8000
2004-12-29,13.0,13.09000015258789,13.0,13.039999961853027,4.767143249511719,8000
2004-12-30,13.079999923706055,13.119999885559082,12.989999771118164,13.079999923706055,4.781766414642334,12200
2004-12-31,13.109999656677246,13.119999885559082,13.100000381469727,13.119999885559082,4.796391010284424,1700
2005-01-03,13.149999618530273,13.170000076293945,13.149999618530273,13.170000076293945,4.814671516418457,7100
2005-01-04,13.149999618530273,13.350000381469727,13.149999618530273,13.3100004196167,4.86584997177124,19100
2005-01-05,13.289999961853027,13.289999961853027,13.289999961853027,13.289999961853027,4.858541965484619,3800
2005-01-06,13.300000190734863,13.3100004196167,13.300000190734863,13.3100004196167,4.86584997177124,11100
2005-01-07,13.319999694824219,13.430000305175781,13.319999694824219,13.420000076293945,4.906064510345459,3700
2005-01-10,13.449999809265137,13.449999809265137,13.40999984741211,13.449999809265137,4.917031288146973,10400
2005-01-11,13.449999809265137,13.489999771118164,13.420000076293945,13.489999771118164,4.9316558837890625,14900
2005-01-12,13.420000076293945,13.489999771118164,13.40999984741211,13.470000267028809,4.948923110961914,6000
2005-01-13,13.390000343322754,13.460000038146973,13.390000343322754,13.449999809265137,4.9415740966796875,4200
2005-01-14,13.399999618530273,13.430000305175781,13.390000343322754,13.430000305175781,4.934228420257568,5000
2005-01-18,13.430000305175781,13.59000015258789,13.430000305175781,13.59000015258789,4.993011474609375,15600
2005-01-19,13.609999656677246,13.630000114440918,13.550000190734863,13.550000190734863,4.978314399719238,3200
2005-01-20,13.550000190734863,13.59000015258789,13.550000190734863,13.5600004196167,4.981988430023193,2300
2005-01-21,13.609999656677246,13.800000190734863,13.600000381469727,13.770000457763672,5.059144020080566,11000
2005-01-24,13.760000228881836,13.829999923706055,13.760000228881836,13.789999961853027,5.066494941711426,2000
2005-01-25,13.800000190734863,13.800000190734863,13.649999618530273,13.649999618530273,5.01505708694458,1500
2005-01-26,13.649999618530273,13.649999618530273,13.550000190734863,13.649999618530273,5.01505708694458,20400
2005-01-27,13.680000305175781,13.680000305175781,13.680000305175781,13.680000305175781,5.026078224182129,200
2005-01-28,13.649999618530273,13.649999618530273,13.649999618530273,13.649999618530273,5.01505708694458,5000
2005-01-31,13.699999809265137,13.770000457763672,13.699999809265137,13.760000228881836,5.05547571182251,2700
2005-02-01,13.770000457763672,13.770000457763672,13.6899995803833,13.6899995803833,5.02974796295166,4500
2005-02-02,13.699999809265137,13.729999542236328,13.699999809265137,13.710000038146973,5.037098407745361,7200
2005-02-03,13.699999809265137,13.699999809265137,13.6899995803833,13.699999809265137,5.03342866897583,300
2005-02-04,13.770000457763672,13.770000457763672,13.760000228881836,13.770000457763672,5.059144020080566,2900
2005-02-07,13.75,13.869999885559082,13.75,13.869999885559082,5.095882415771484,7900
2005-02-08,13.890000343322754,13.930000305175781,13.890000343322754,13.899999618530273,5.106904029846191,4500
2005-02-09,13.90999984741211,13.949999809265137,13.829999923706055,13.859999656677246,5.092212677001953,7500
2005-02-10,13.850000381469727,13.899999618530273,13.84000015258789,13.84000015258789,5.084863662719727,4700
2005-02-11,13.75,13.800000190734863,13.739999771118164,13.800000190734863,5.094829082489014,1000
2005-02-14,13.829999923706055,14.149999618530273,13.829999923706055,14.0600004196167,5.19081974029541,15500
2005-02-15,14.039999961853027,14.039999961853027,13.9399995803833,13.970000267028809,5.157595634460449,6300
2005-02-16,13.970000267028809,14.1899995803833,13.960000038146973,14.170000076293945,5.2314300537109375,13400
2005-02-17,14.140000343322754,14.140000343322754,13.899999618530273,13.899999618530273,5.131746768951416,13900
2005-02-18,13.779999732971191,13.779999732971191,13.739999771118164,13.739999771118164,5.072678089141846,3300
2005-02-22,13.899999618530273,13.899999618530273,13.640000343322754,13.640000343322754,5.035758972167969,11100
2005-02-23,13.670000076293945,13.6899995803833,13.609999656677246,13.640000343322754,5.035758972167969,5200
2005-02-24,13.680000305175781,13.680000305175781,13.510000228881836,13.579999923706055,5.01360559463501,8500
2005-02-25,13.569999694824219,13.760000228881836,13.569999694824219,13.760000228881836,5.080068111419678,5600
2005-02-28,13.779999732971191,13.800000190734863,13.770000457763672,13.789999961853027,5.091142654418945,3100
2005-03-01,13.800000190734863,13.869999885559082,13.800000190734863,13.869999885559082,5.120670318603516,1600
2005-03-02,13.880000114440918,13.949999809265137,13.880000114440918,13.949999809265137,5.150207042694092,1700
2005-03-03,14.199999809265137,14.300000190734863,14.170000076293945,14.170000076293945,5.2314300537109375,8500
2005-03-04,14.1899995803833,14.220000267028809,14.1899995803833,14.220000267028809,5.2498908042907715,300
2005-03-07,14.210000038146973,14.25,14.039999961853027,14.039999961853027,5.183435440063477,10400
2005-03-08,14.0,14.0,13.960000038146973,13.960000038146973,5.153902053833008,5000
2005-03-09,13.949999809265137,13.949999809265137,13.720000267028809,13.720000267028809,5.065295696258545,8200
2005-03-10,13.6899995803833,13.6899995803833,13.640000343322754,13.640000343322754,5.035758972167969,800
2005-03-11,13.470000267028809,13.6899995803833,13.470000267028809,13.520000457763672,5.014989376068115,4100
2005-03-14,13.520000457763672,13.600000381469727,13.460000038146973,13.600000381469727,5.044661998748779,2500
2005-03-15,13.539999961853027,13.609999656677246,13.489999771118164,13.600000381469727,5.044661998748779,8000
2005-03-16,13.930000305175781,13.930000305175781,13.869999885559082,13.890000343322754,5.152231693267822,10100
2005-03-17,13.989999771118164,14.180000305175781,13.989999771118164,14.050000190734863,5.211580276489258,10900
2005-03-18,14.0,14.0,14.0,14.0,5.193033695220947,2700
2005-03-21,13.90999984741211,13.90999984741211,13.90999984741211,13.90999984741211,5.159649848937988,900
2005-03-22,13.850000381469727,13.899999618530273,13.800000190734863,13.800000190734863,5.1188459396362305,8100
2005-03-23,13.779999732971191,13.779999732971191,13.779999732971191,13.779999732971191,5.1114277839660645,100
2005-03-24,13.710000038146973,13.710000038146973,13.619999885559082,13.619999885559082,5.05208158493042,1700
2005-03-28,13.520000457763672,13.520000457763672,13.300000190734863,13.329999923706055,4.9445085525512695,6400
2005-03-29,13.350000381469727,13.350000381469727,13.3100004196167,13.3100004196167,4.93709135055542,300
2005-03-30,13.65999984741211,13.65999984741211,13.489999771118164,13.539999961853027,5.022402286529541,7400
2005-03-31,13.579999923706055,13.579999923706055,13.40999984741211,13.40999984741211,4.974183082580566,2300
2005-04-01,13.449999809265137,13.449999809265137,13.399999618530273,13.399999618530273,4.970475196838379,2200
2005-04-04,13.479999542236328,13.479999542236328,13.319999694824219,13.399999618530273,4.970475196838379,2200
2005-04-05,13.260000228881836,13.350000381469727,13.260000228881836,13.3100004196167,4.93709135055542,2500
2005-04-06,13.399999618530273,13.399999618530273,13.279999732971191,13.300000190734863,4.933385372161865,3500
2005-04-07,13.300000190734863,13.390000343322754,13.1899995803833,13.270000457763672,4.922255039215088,9700
2005-04-08,13.260000228881836,13.260000228881836,13.15999984741211,13.15999984741211,4.881451606750488,3300
2005-04-11,12.899999618530273,13.149999618530273,12.899999618530273,13.0,4.8221049308776855,45800
2005-04-12,13.020000457763672,13.119999885559082,12.949999809265137,13.119999885559082,4.86661434173584,7800
2005-04-13,13.079999923706055,13.170000076293945,13.079999923706055,13.15999984741211,4.905380725860596,4100
2005-04-14,13.180000305175781,13.239999771118164,13.079999923706055,13.100000381469727,4.883018493652344,9700
2005-04-15,13.100000381469727,13.25,13.100000381469727,13.25,4.938929080963135,9900
2005-04-18,13.279999732971191,13.329999923706055,13.260000228881836,13.260000228881836,4.942651748657227,5100
2005-04-19,13.25,13.329999923706055,13.210000038146973,13.329999923706055,4.968747138977051,6700
2005-04-20,13.25,13.359999656677246,13.170000076293945,13.34000015258789,4.97247838973999,40100
2005-04-21,13.300000190734863,13.300000190734863,13.180000305175781,13.180000305175781,4.912833213806152,21600
2005-04-22,13.210000038146973,13.270000457763672,13.180000305175781,13.270000457763672,4.946382999420166,30900
2005-04-25,13.210000038146973,13.229999542236328,13.109999656677246,13.229999542236328,4.931472301483154,42500
2005-04-26,13.1899995803833,13.1899995803833,13.149999618530273,13.1899995803833,4.916561603546143,11000
2005-04-27,13.199999809265137,13.210000038146973,13.180000305175781,13.210000038146973,4.924018383026123,1000
2005-04-28,13.270000457763672,13.279999732971191,13.229999542236328,13.239999771118164,4.935201168060303,4300
2005-04-29,13.34000015258789,13.369999885559082,13.329999923706055,13.369999885559082,4.983658313751221,3100
2005-05-02,13.3100004196167,13.460000038146973,13.3100004196167,13.40999984741211,4.998566150665283,8800
2005-05-03,13.479999542236328,13.5,13.479999542236328,13.479999542236328,5.024660587310791,3000
2005-05-04,13.520000457763672,13.520000457763672,13.34000015258789,13.359999656677246,4.979930400848389,17100
2005-05-05,13.359999656677246,13.420000076293945,13.350000381469727,13.420000076293945,5.002294540405273,4100
2005-05-06,13.420000076293945,13.420000076293945,13.350000381469727,13.420000076293945,5.002294540405273,4400
2005-05-09,13.359999656677246,13.359999656677246,13.359999656677246,13.359999656677246,4.979930400848389,1100
2005-05-10,13.380000114440918,13.449999809265137,13.369999885559082,13.390000343322754,4.99111270904541,18300
2005-05-11,13.380000114440918,13.380000114440918,13.380000114440918,13.380000114440918,5.011341094970703,1000
2005-05-12,13.399999618530273,13.399999618530273,13.399999618530273,13.399999618530273,5.018830299377441,500
2005-05-13,13.399999618530273,13.4399995803833,13.399999618530273,13.4399995803833,5.033810138702393,7500
2005-05-16,13.449999809265137,13.510000228881836,13.449999809265137,13.510000228881836,5.060031414031982,4600
2005-05-17,13.539999961853027,13.800000190734863,13.539999961853027,13.770000457763672,5.157411575317383,8900
2005-05-18,13.729999542236328,13.729999542236328,13.720000267028809,13.720000267028809,5.138685703277588,2000
2005-05-19,13.720000267028809,13.720000267028809,13.720000267028809,13.720000267028809,5.138685703277588,0
2005-05-20,13.779999732971191,13.779999732971191,13.770000457763672,13.770000457763672,5.157411575317383,2100
2005-05-23,13.800000190734863,13.859999656677246,13.75,13.819999694824219,5.176135540008545,10900
2005-05-24,13.75,13.880000114440918,13.75,13.779999732971191,5.161155700683594,6500
2005-05-25,13.859999656677246,14.0,13.65999984741211,13.65999984741211,5.116209030151367,23100
2005-05-26,13.65999984741211,14.0,13.649999618530273,13.779999732971191,5.161155700683594,11700
2005-05-27,13.729999542236328,13.770000457763672,13.609999656677246,13.609999656677246,5.0974836349487305,6000
2005-05-31,13.710000038146973,13.850000381469727,13.65999984741211,13.800000190734863,5.16864538192749,4800
2005-06-01,13.850000381469727,13.850000381469727,13.770000457763672,13.850000381469727,5.187373161315918,1700
2005-06-02,13.84000015258789,13.989999771118164,13.84000015258789,13.979999542236328,5.236062049865723,5500
2005-06-03,14.09000015258789,14.1899995803833,14.050000190734863,14.050000190734863,5.262279033660889,1400
2005-06-06,14.149999618530273,14.180000305175781,14.119999885559082,14.119999885559082,5.288496971130371,8500
2005-06-07,14.170000076293945,14.1899995803833,14.119999885559082,14.170000076293945,5.307222843170166,11800
2005-06-08,14.170000076293945,14.170000076293945,13.890000343322754,13.970000267028809,5.23231840133667,11100
2005-06-09,13.890000343322754,13.890000343322754,13.880000114440918,13.880000114440918,5.198606967926025,500
2005-06-10,13.880000114440918,13.890000343322754,13.850000381469727,13.869999885559082,5.1948652267456055,10800
2005-06-13,13.850000381469727,13.960000038146973,13.720000267028809,13.949999809265137,5.247906684875488,18200
2005-06-14,13.829999923706055,13.829999923706055,13.829999923706055,13.829999923706055,5.202762126922607,300
2005-06-15,13.789999961853027,13.789999961853027,13.720000267028809,13.720000267028809,5.1613850593566895,1000
2005-06-16,13.800000190734863,13.850000381469727,13.800000190734863,13.850000381469727,5.210289001464844,1400
2005-06-17,13.789999961853027,13.859999656677246,13.789999961853027,13.859999656677246,5.214045524597168,1100
2005-06-20,13.850000381469727,13.899999618530273,13.819999694824219,13.899999618530273,5.229099750518799,2700
2005-06-21,13.84000015258789,13.979999542236328,13.8100004196167,13.979999542236328,5.259191513061523,5800
2005-06-22,13.979999542236328,13.979999542236328,13.819999694824219,13.970000267028809,5.25543212890625,6800
2005-06-23,13.979999542236328,13.979999542236328,13.979999542236328,13.979999542236328,5.259191513061523,1000
2005-06-24,13.890000343322754,13.970000267028809,13.8100004196167,13.970000267028809,5.25543212890625,9900
2005-06-27,13.970000267028809,13.979999542236328,13.850000381469727,13.9399995803833,5.24414587020874,4700
2005-06-28,13.979999542236328,13.979999542236328,13.949999809265137,13.949999809265137,5.247906684875488,400
2005-06-29,13.949999809265137,13.949999809265137,13.949999809265137,13.949999809265137,5.247906684875488,0
2005-06-30,13.970000267028809,13.979999542236328,13.949999809265137,13.979999542236328,5.259191513061523,1300
2005-07-01,14.079999923706055,14.079999923706055,14.079999923706055,14.079999923706055,5.296811580657959,200
2005-07-05,14.180000305175781,14.180000305175781,14.079999923706055,14.079999923706055,5.296811580657959,3900
2005-07-06,14.180000305175781,14.180000305175781,13.970000267028809,13.970000267028809,5.25543212890625,1900
2005-07-07,13.970000267028809,13.970000267028809,13.970000267028809,13.970000267028809,5.25543212890625,0
2005-07-08,13.970000267028809,13.970000267028809,13.970000267028809,13.970000267028809,5.25543212890625,0
2005-07-11,14.180000305175781,14.180000305175781,14.010000228881836,14.010000228881836,5.27047872543335,3700
2005-07-12,14.109999656677246,14.149999618530273,14.069999694824219,14.149999618530273,5.323146820068359,4200
2005-07-13,14.140000343322754,14.149999618530273,14.100000381469727,14.149999618530273,5.346192359924316,5400
2005-07-14,14.170000076293945,14.199999809265137,14.069999694824219,14.199999809265137,5.365082263946533,9400
2005-07-15,14.199999809265137,14.359999656677246,14.149999618530273,14.149999618530273,5.346192359924316,4400
2005-07-18,14.399999618530273,14.399999618530273,14.319999694824219,14.390000343322754,5.436877727508545,11000
2005-07-19,14.270000457763672,14.479999542236328,14.149999618530273,14.149999618530273,5.346192359924316,21400
2005-07-20,14.25,14.329999923706055,14.25,14.329999923706055,5.414203643798828,3000
2005-07-21,14.329999923706055,14.619999885559082,14.329999923706055,14.609999656677246,5.519994735717773,7000
2005-07-22,14.4399995803833,14.760000228881836,14.4399995803833,14.699999809265137,5.553994655609131,8600
2005-07-25,14.699999809265137,15.100000381469727,14.699999809265137,14.899999618530273,5.6295552253723145,7500
2005-07-26,14.899999618530273,14.899999618530273,14.800000190734863,14.800000190734863,5.591776371002197,2700
2005-07-27,14.800000190734863,14.800000190734863,14.5,14.550000190734863,5.497320175170898,9000
2005-07-28,14.510000228881836,14.510000228881836,14.399999618530273,14.5,5.478431701660156,11300
2005-07-29,14.5,14.5,14.399999618530273,14.399999618530273,5.440646648406982,2300
2005-08-01,14.470000267028809,14.470000267028809,14.170000076293945,14.170000076293945,5.353749752044678,2800
2005-08-02,14.170000076293945,14.170000076293945,14.170000076293945,14.170000076293945,5.353749752044678,0
2005-08-03,14.180000305175781,14.180000305175781,14.109999656677246,14.149999618530273,5.346192359924316,1900
2005-08-04,14.109999656677246,14.109999656677246,14.020000457763672,14.020000457763672,5.2970781326293945,4200
2005-08-05,14.0,14.0,13.949999809265137,13.960000038146973,5.27440881729126,700
2005-08-08,13.859999656677246,14.140000343322754,13.579999923706055,13.649999618530273,5.157279968261719,20700
2005-08-09,13.710000038146973,13.710000038146973,13.449999809265137,13.529999732971191,5.111941337585449,16000
2005-08-10,13.5600004196167,13.720000267028809,13.5600004196167,13.720000267028809,5.183732032775879,9600
2005-08-11,13.710000038146973,13.75,13.600000381469727,13.640000343322754,5.1765217781066895,4800
2005-08-12,13.770000457763672,13.8100004196167,13.760000228881836,13.8100004196167,5.241032600402832,2800
2005-08-15,13.819999694824219,13.84000015258789,13.8100004196167,13.8100004196167,5.241032600402832,1600
2005-08-16,13.819999694824219,13.890000343322754,13.819999694824219,13.84000015258789,5.2524237632751465,4000
2005-08-17,13.890000343322754,13.899999618530273,13.869999885559082,13.890000343322754,5.27139139175415,3200
2005-08-18,13.880000114440918,13.960000038146973,13.880000114440918,13.930000305175781,5.28657341003418,4800
2005-08-19,13.920000076293945,13.920000076293945,13.829999923706055,13.899999618530273,5.275193691253662,6800
2005-08-22,13.880000114440918,13.890000343322754,13.869999885559082,13.890000343322754,5.27139139175415,3700
2005-08-23,13.869999885559082,13.899999618530273,13.869999885559082,13.880000114440918,5.267600059509277,8500
2005-08-24,13.899999618530273,13.979999542236328,13.899999618530273,13.979999542236328,5.305551528930664,10600
2005-08-25,13.899999618530273,14.0,13.890000343322754,14.0,5.313144207000732,4800
2005-08-26,14.0,14.0,14.0,14.0,5.313144207000732,5400
2005-08-29,14.010000228881836,14.010000228881836,14.0,14.0,5.313144207000732,3100
2005-08-30,14.010000228881836,14.069999694824219,14.010000228881836,14.0600004196167,5.33591365814209,2400
2005-08-31,14.069999694824219,14.069999694824219,14.029999732971191,14.029999732971191,5.324525356292725,300
2005-09-01,14.100000381469727,14.130000114440918,14.069999694824219,14.130000114440918,5.3624796867370605,3600
2005-09-02,14.130000114440918,14.15999984741211,14.130000114440918,14.15999984741211,5.373863697052002,1700
2005-09-06,14.09000015258789,14.1899995803833,14.09000015258789,14.109999656677246,5.354887008666992,1100
2005-09-07,14.109999656677246,14.180000305175781,14.100000381469727,14.119999885559082,5.358682632446289,4600
2005-09-08,14.109999656677246,14.1899995803833,14.109999656677246,14.1899995803833,5.385249137878418,3700
2005-09-09,14.1899995803833,14.1899995803833,14.140000343322754,14.140000343322754,5.366274356842041,6200
2005-09-12,14.15999984741211,14.180000305175781,14.130000114440918,14.130000114440918,5.3624796867370605,5300
2005-09-13,14.079999923706055,14.09000015258789,14.069999694824219,14.09000015258789,5.3697190284729,2000
2005-09-14,14.069999694824219,14.130000114440918,14.039999961853027,14.130000114440918,5.384964466094971,3500
2005-09-15,14.130000114440918,14.130000114440918,14.130000114440918,14.130000114440918,5.384964466094971,0
2005-09-16,14.069999694824219,14.079999923706055,14.0,14.0,5.335421085357666,1100
2005-09-19,14.020000457763672,14.020000457763672,13.819999694824219,13.819999694824219,5.266820907592773,5800
2005-09-20,13.920000076293945,13.979999542236328,13.75,13.800000190734863,5.259201526641846,10000
2005-09-21,13.8100004196167,13.8100004196167,13.6899995803833,13.6899995803833,5.21727991104126,14900
2005-09-22,13.65999984741211,13.760000228881836,13.65999984741211,13.729999542236328,5.232520580291748,3200
2005-09-23,13.649999618530273,13.770000457763672,13.649999618530273,13.770000457763672,5.247766017913818,2900
2005-09-26,13.760000228881836,14.149999618530273,13.760000228881836,14.149999618530273,5.392588138580322,15600
2005-09-27,14.149999618530273,14.149999618530273,13.949999809265137,14.069999694824219,5.3620991706848145,18000
2005-09-28,13.920000076293945,14.09000015258789,13.920000076293945,13.989999771118164,5.331607341766357,5300
2005-09-29,13.989999771118164,13.989999771118164,13.989999771118164,13.989999771118164,5.331607341766357,0
2005-09-30,14.069999694824219,14.079999923706055,14.020000457763672,14.020000457763672,5.343040466308594,300
2005-10-03,14.069999694824219,14.079999923706055,13.989999771118164,13.989999771118164,5.331607341766357,4100
2005-10-04,13.949999809265137,13.949999809265137,13.9399995803833,13.9399995803833,5.312555313110352,1900
2005-10-05,14.0,14.039999961853027,13.949999809265137,14.039999961853027,5.35066032409668,2500
2005-10-06,14.039999961853027,14.039999961853027,14.039999961853027,14.039999961853027,5.35066032409668,0
2005-10-07,13.960000038146973,13.960000038146973,13.949999809265137,13.960000038146973,5.3201775550842285,3000
2005-10-10,13.920000076293945,13.920000076293945,13.90999984741211,13.90999984741211,5.301122665405273,2400
2005-10-11,13.9399995803833,13.949999809265137,13.9399995803833,13.949999809265137,5.316362380981445,200
2005-10-12,13.850000381469727,13.850000381469727,13.850000381469727,13.850000381469727,5.300673484802246,2700
2005-10-13,13.75,13.75,13.609999656677246,13.609999656677246,5.2088212966918945,1300
2005-10-14,13.609999656677246,13.609999656677246,13.609999656677246,13.609999656677246,5.2088212966918945,0
2005-10-17,13.5,13.5600004196167,13.119999885559082,13.449999809265137,5.147585868835449,30600
2005-10-18,13.300000190734863,13.300000190734863,13.300000190734863,13.300000190734863,5.090176582336426,300
2005-10-19,13.350000381469727,13.350000381469727,13.279999732971191,13.279999732971191,5.082523822784424,2000
2005-10-20,13.34000015258789,13.420000076293945,13.34000015258789,13.350000381469727,5.109312534332275,1900
2005-10-21,13.319999694824219,13.369999885559082,13.319999694824219,13.369999885559082,5.11696720123291,1300
2005-10-24,13.380000114440918,13.399999618530273,13.3100004196167,13.399999618530273,5.128452301025391,5900
2005-10-25,13.399999618530273,13.399999618530273,13.399999618530273,13.399999618530273,5.128452301025391,400
2005-10-26,13.359999656677246,13.359999656677246,13.359999656677246,13.359999656677246,5.113142013549805,100
2005-10-27,13.369999885559082,13.520000457763672,13.359999656677246,13.5,5.166718006134033,4000
2005-10-28,13.520000457763672,13.520000457763672,13.260000228881836,13.300000190734863,5.090176582336426,4200
2005-10-31,13.399999618530273,13.399999618530273,13.289999961853027,13.300000190734863,5.090176582336426,2400
2005-11-01,13.350000381469727,13.350000381469727,13.289999961853027,13.289999961853027,5.086348056793213,400
2005-11-02,13.3100004196167,13.380000114440918,13.3100004196167,13.380000114440918,5.120796203613281,1100
2005-11-03,13.369999885559082,13.5,13.369999885559082,13.5,5.166718006134033,3800
2005-11-04,13.430000305175781,13.430000305175781,13.319999694824219,13.329999923706055,5.101656436920166,3200
2005-11-07,13.3100004196167,13.3100004196167,13.220000267028809,13.220000267028809,5.059557914733887,4400
2005-11-08,13.300000190734863,13.40999984741211,13.229999542236328,13.40999984741211,5.132273197174072,3500
2005-11-09,13.399999618530273,13.399999618530273,13.399999618530273,13.399999618530273,5.128452301025391,100
2005-11-10,13.359999656677246,13.359999656677246,13.350000381469727,13.350000381469727,5.131906032562256,3500
2005-11-11,13.350000381469727,13.350000381469727,13.350000381469727,13.350000381469727,5.131906032562256,500
2005-11-14,13.3100004196167,13.3100004196167,13.130000114440918,13.130000114440918,5.047335147857666,16900
2005-11-15,13.100000381469727,13.149999618530273,13.0,13.050000190734863,5.016582489013672,5400
2005-11-16,13.100000381469727,13.100000381469727,12.90999984741211,12.930000305175781,4.970455646514893,9300
2005-11-17,13.039999961853027,13.039999961853027,12.819999694824219,12.920000076293945,4.966614246368408,25000
2005-11-18,12.920000076293945,12.979999542236328,12.920000076293945,12.979999542236328,4.989678382873535,4100
2005-11-21,12.930000305175781,13.0,12.930000305175781,13.0,4.997364521026611,4900
2005-11-22,12.930000305175781,13.050000190734863,12.930000305175781,12.970000267028809,4.985832691192627,7100
2005-11-23,12.979999542236328,13.010000228881836,12.970000267028809,13.010000228881836,5.001211166381836,4600
2005-11-25,12.989999771118164,12.989999771118164,12.979999542236328,12.989999771118164,4.993520736694336,3600
2005-11-28,13.0600004196167,13.100000381469727,12.970000267028809,12.970000267028809,4.985832691192627,4600
2005-11-29,13.0,13.180000305175781,13.0,13.180000305175781,5.066556930541992,9900
2005-11-30,13.1899995803833,13.1899995803833,13.100000381469727,13.1899995803833,5.0704026222229,5200
2005-12-01,13.199999809265137,13.199999809265137,13.199999809265137,13.199999809265137,5.074248313903809,500
2005-12-02,13.15999984741211,13.15999984741211,13.0,13.069999694824219,5.024272441864014,11800
2005-12-05,13.0,13.0600004196167,12.9399995803833,13.0,4.997364521026611,11500
2005-12-06,13.010000228881836,13.029999732971191,12.960000038146973,13.029999732971191,5.008894920349121,5200
2005-12-07,13.039999961853027,13.050000190734863,13.020000457763672,13.039999961853027,5.012739181518555,3800
2005-12-08,12.989999771118164,13.09000015258789,12.960000038146973,13.029999732971191,5.008894920349121,8900
2005-12-09,13.050000190734863,13.109999656677246,13.050000190734863,13.09000015258789,5.031961441040039,5700
2005-12-12,13.069999694824219,13.069999694824219,13.050000190734863,13.050000190734863,5.016582489013672,7200
2005-12-13,13.0,13.0,12.9399995803833,12.949999809265137,5.010396957397461,10600
2005-12-14,12.960000038146973,13.0,12.84000015258789,12.880000114440918,4.983313083648682,41100
2005-12-15,12.899999618530273,12.960000038146973,12.850000381469727,12.899999618530273,4.991047382354736,20400
2005-12-16,12.899999618530273,13.039999961853027,12.899999618530273,13.029999732971191,5.041345119476318,5600
2005-12-19,13.0600004196167,13.0600004196167,12.960000038146973,12.970000267028809,5.018136978149414,6100
2005-12-20,13.029999732971191,13.0600004196167,13.029999732971191,13.0600004196167,5.052955627441406,1700
2005-12-21,13.0600004196167,13.140000343322754,12.989999771118164,12.989999771118164,5.025872230529785,7700
2005-12-22,13.0600004196167,13.109999656677246,12.90999984741211,13.020000457763672,5.037476539611816,15800
2005-12-23,13.09000015258789,13.279999732971191,13.0,13.140000343322754,5.0839033126831055,20000
2005-12-27,13.239999771118164,13.239999771118164,13.0600004196167,13.09000015258789,5.0645599365234375,5100
2005-12-28,13.140000343322754,13.270000457763672,13.119999885559082,13.270000457763672,5.13420295715332,5000
2005-12-29,13.319999694824219,13.449999809265137,13.300000190734863,13.350000381469727,5.165155410766602,8100
2005-12-30,13.350000381469727,13.460000038146973,13.34000015258789,13.350000381469727,5.165155410766602,5100
2006-01-03,13.420000076293945,13.479999542236328,13.380000114440918,13.470000267028809,5.211582183837891,11100
2006-01-04,13.399999618530273,13.520000457763672,13.380000114440918,13.520000457763672,5.230930805206299,4500
2006-01-05,13.529999732971191,13.720000267028809,13.5,13.720000267028809,5.30831241607666,11800
2006-01-06,13.710000038146973,13.720000267028809,13.630000114440918,13.710000038146973,5.304438591003418,6800
2006-01-09,13.75,13.779999732971191,13.720000267028809,13.720000267028809,5.30831241607666,7000
2006-01-10,13.760000228881836,13.84000015258789,13.760000228881836,13.84000015258789,5.354737758636475,5400
2006-01-11,13.800000190734863,13.949999809265137,13.779999732971191,13.779999732971191,5.354353904724121,11100
2006-01-12,13.869999885559082,13.869999885559082,13.850000381469727,13.850000381469727,5.3815484046936035,4900
2006-01-13,13.8100004196167,13.859999656677246,13.779999732971191,13.819999694824219,5.369889736175537,6600
2006-01-17,13.819999694824219,13.819999694824219,13.819999694824219,13.819999694824219,5.369889736175537,0
2006-01-18,13.800000190734863,13.829999923706055,13.800000190734863,13.800000190734863,5.362120628356934,1900
2006-01-19,13.699999809265137,13.699999809265137,13.649999618530273,13.670000076293945,5.311610698699951,6100
2006-01-20,13.59000015258789,13.59000015258789,13.5,13.5,5.245550155639648,2300
2006-01-23,13.5600004196167,13.6899995803833,13.4399995803833,13.649999618530273,5.303835391998291,13900
2006-01-24,13.670000076293945,14.0,13.670000076293945,13.899999618530273,5.40097713470459,18800
2006-01-25,13.890000343322754,13.899999618530273,13.859999656677246,13.890000343322754,5.397090435028076,3600
2006-01-26,13.850000381469727,13.850000381469727,13.739999771118164,13.8100004196167,5.366005897521973,4100
2006-01-27,13.84000015258789,13.84000015258789,13.699999809265137,13.699999809265137,5.3232645988464355,7800
2006-01-30,13.699999809265137,13.710000038146973,13.699999809265137,13.699999809265137,5.3232645988464355,6800
2006-01-31,13.75,13.770000457763672,13.75,13.75,5.342692852020264,1600
2006-02-01,13.8100004196167,13.829999923706055,13.8100004196167,13.819999694824219,5.369889736175537,2300
2006-02-02,13.829999923706055,13.829999923706055,13.75,13.75,5.342692852020264,400
2006-02-03,13.710000038146973,13.8100004196167,13.600000381469727,13.600000381469727,5.284409046173096,16300
2006-02-06,13.59000015258789,13.600000381469727,13.319999694824219,13.449999809265137,5.226123332977295,29200
2006-02-07,13.449999809265137,13.449999809265137,13.449999809265137,13.449999809265137,5.226123332977295,0
2006-02-08,13.479999542236328,13.520000457763672,13.479999542236328,13.510000228881836,5.249438762664795,3900
2006-02-09,13.529999732971191,13.609999656677246,13.520000457763672,13.609999656677246,5.288290023803711,5600
2006-02-10,13.609999656677246,13.779999732971191,13.609999656677246,13.739999771118164,5.338804244995117,8700
2006-02-13,13.739999771118164,13.739999771118164,13.739999771118164,13.739999771118164,5.36182975769043,0
2006-02-14,13.699999809265137,13.720000267028809,13.649999618530273,13.649999618530273,5.326709270477295,3600
2006-02-15,13.699999809265137,13.819999694824219,13.699999809265137,13.819999694824219,5.39304780960083,5000
2006-02-16,13.8100004196167,13.8100004196167,13.739999771118164,13.739999771118164,5.36182975769043,6200
2006-02-17,13.800000190734863,13.800000190734863,13.739999771118164,13.789999961853027,5.381343364715576,9900
2006-02-21,13.779999732971191,13.819999694824219,13.779999732971191,13.819999694824219,5.39304780960083,1500
2006-02-22,13.819999694824219,13.970000267028809,13.739999771118164,13.970000267028809,5.451584815979004,9500
2006-02-23,13.960000038146973,14.050000190734863,13.960000038146973,14.050000190734863,5.482802867889404,2300
2006-02-24,14.100000381469727,14.100000381469727,14.029999732971191,14.029999732971191,5.4749979972839355,7500
2006-02-27,14.100000381469727,14.149999618530273,14.0,14.0,5.463293075561523,3500
2006-02-28,14.100000381469727,14.180000305175781,14.100000381469727,14.15999984741211,5.525730609893799,3600
2006-03-01,14.079999923706055,14.109999656677246,14.079999923706055,14.100000381469727,5.502315998077393,2100
2006-03-02,14.100000381469727,14.119999885559082,14.069999694824219,14.079999923706055,5.494512557983398,5200
2006-03-03,14.130000114440918,14.130000114440918,13.819999694824219,13.819999694824219,5.39304780960083,8600
2006-03-06,13.720000267028809,13.899999618530273,13.65999984741211,13.670000076293945,5.3345160484313965,13000
2006-03-07,13.9399995803833,14.0,13.5,13.510000228881836,5.272080421447754,7000
2006-03-08,13.5,13.979999542236328,13.5,13.800000190734863,5.385246753692627,11400
2006-03-09,13.819999694824219,13.949999809265137,13.819999694824219,13.899999618530273,5.424269199371338,3600
2006-03-10,13.9399995803833,13.979999542236328,13.880000114440918,13.899999618530273,5.424269199371338,5300
2006-03-13,13.949999809265137,13.960000038146973,13.75,13.75,5.388604164123535,16000
2006-03-14,13.829999923706055,13.90999984741211,13.829999923706055,13.90999984741211,5.4513115882873535,5400
2006-03-15,13.9399995803833,13.9399995803833,13.859999656677246,13.90999984741211,5.4513115882873535,3400
2006-03-16,13.920000076293945,13.979999542236328,13.920000076293945,13.979999542236328,5.47874116897583,2800
2006-03-17,13.90999984741211,13.949999809265137,13.90999984741211,13.949999809265137,5.466987133026123,1200
2006-03-20,13.930000305175781,13.949999809265137,13.880000114440918,13.899999618530273,5.447391510009766,4200
2006-03-21,13.899999618530273,13.899999618530273,13.899999618530273,13.899999618530273,5.447391510009766,0
2006-03-22,13.899999618530273,13.899999618530273,13.899999618530273,13.899999618530273,5.447391510009766,0
2006-03-23,13.949999809265137,14.130000114440918,13.899999618530273,13.899999618530273,5.447391510009766,5200
2006-03-24,13.890000343322754,14.130000114440918,13.890000343322754,14.130000114440918,5.537530422210693,2300
2006-03-27,14.130000114440918,14.130000114440918,13.9399995803833,13.9399995803833,5.463068962097168,3500
2006-03-28,13.890000343322754,13.970000267028809,13.880000114440918,13.880000114440918,5.439554691314697,1200
2006-03-29,13.9399995803833,13.9399995803833,13.880000114440918,13.899999618530273,5.447391510009766,5200
2006-03-30,13.9399995803833,14.039999961853027,13.90999984741211,13.90999984741211,5.4513115882873535,6800
2006-03-31,13.979999542236328,14.0,13.979999542236328,14.0,5.486579895019531,1900
2006-04-03,14.039999961853027,14.039999961853027,14.039999961853027,14.039999961853027,5.502254962921143,400
2006-04-04,14.039999961853027,14.050000190734863,13.989999771118164,13.989999771118164,5.482664108276367,4200
2006-04-05,13.850000381469727,14.0,13.699999809265137,13.729999542236328,5.380765438079834,10600
2006-04-06,13.739999771118164,13.800000190734863,13.649999618530273,13.680000305175781,5.361172199249268,2600
2006-04-07,13.75,13.829999923706055,13.510000228881836,13.510000228881836,5.29455041885376,4800
2006-04-10,13.670000076293945,13.670000076293945,13.579999923706055,13.579999923706055,5.321981906890869,2600
2006-04-11,13.520000457763672,14.140000343322754,13.390000343322754,14.0,5.510521411895752,13800
2006-04-12,14.0,14.0,13.9399995803833,13.9399995803833,5.486905574798584,2300
2006-04-13,13.9399995803833,13.9399995803833,13.9399995803833,13.9399995803833,5.486905574798584,0
2006-04-17,13.9399995803833,13.9399995803833,13.9399995803833,13.9399995803833,5.486905574798584,0
2006-04-18,13.9399995803833,13.9399995803833,13.609999656677246,13.609999656677246,5.357010364532471,4000
2006-04-19,13.699999809265137,13.699999809265137,13.6899995803833,13.6899995803833,5.388503074645996,900
2006-04-20,13.649999618530273,13.649999618530273,13.5,13.5,5.313719272613525,3000
2006-04-21,13.5,13.539999961853027,13.479999542236328,13.479999542236328,5.305845260620117,1700
2006-04-24,13.539999961853027,13.579999923706055,13.3100004196167,13.380000114440918,5.266488075256348,8300
2006-04-25,13.40999984741211,13.420000076293945,13.399999618530273,13.420000076293945,5.282227039337158,2200
2006-04-26,13.460000038146973,13.460000038146973,13.369999885559082,13.460000038146973,5.2979736328125,1200
2006-04-27,13.5,13.619999885559082,13.479999542236328,13.510000228881836,5.31765604019165,4500
2006-04-28,13.609999656677246,13.800000190734863,13.609999656677246,13.789999961853027,5.427866458892822,7500
2006-05-01,13.800000190734863,13.800000190734863,13.789999961853027,13.789999961853027,5.427866458892822,1100
2006-05-02,13.789999961853027,13.789999961853027,13.569999694824219,13.75,5.4121174812316895,3200
2006-05-03,13.75,13.75,13.65999984741211,13.65999984741211,5.3766937255859375,2000
2006-05-04,13.75,13.75,13.75,13.75,5.4121174812316895,2600
2006-05-05,13.600000381469727,13.75,13.600000381469727,13.75,5.4121174812316895,6600
2006-05-08,13.670000076293945,13.699999809265137,13.600000381469727,13.600000381469727,5.353080749511719,3400
2006-05-09,13.600000381469727,13.600000381469727,13.569999694824219,13.600000381469727,5.353080749511719,2800
2006-05-10,13.600000381469727,13.640000343322754,13.539999961853027,13.640000343322754,5.368820667266846,7100
2006-05-11,13.550000190734863,13.550000190734863,13.329999923706055,13.329999923706055,5.269596576690674,4900
2006-05-12,13.359999656677246,13.619999885559082,13.359999656677246,13.619999885559082,5.384241104125977,4000
2006-05-15,13.640000343322754,13.640000343322754,13.640000343322754,13.640000343322754,5.392148971557617,100
2006-05-16,13.5,13.520000457763672,13.5,13.520000457763672,5.34470796585083,1100
2006-05-17,13.430000305175781,13.430000305175781,13.260000228881836,13.260000228881836,5.24192476272583,9400
2006-05-18,13.399999618530273,13.399999618530273,13.220000267028809,13.350000381469727,5.27750301361084,4600
2006-05-19,13.279999732971191,13.399999618530273,13.260000228881836,13.260000228881836,5.24192476272583,6200
2006-05-22,13.319999694824219,13.329999923706055,13.319999694824219,13.329999923706055,5.269596576690674,2200
2006-05-23,13.350000381469727,13.350000381469727,13.260000228881836,13.350000381469727,5.27750301361084,1600
2006-05-24,13.359999656677246,13.359999656677246,13.199999809265137,13.199999809265137,5.218204975128174,3200
2006-05-25,13.199999809265137,13.210000038146973,13.15999984741211,13.170000076293945,5.20634651184082,6100
2006-05-26,13.239999771118164,13.260000228881836,13.170000076293945,13.199999809265137,5.218204975128174,7400
2006-05-30,13.260000228881836,13.350000381469727,13.260000228881836,13.350000381469727,5.27750301361084,4900
2006-05-31,13.399999618530273,13.449999809265137,13.350000381469727,13.350000381469727,5.27750301361084,8100
2006-06-01,13.399999618530273,13.6899995803833,13.329999923706055,13.6899995803833,5.411918640136719,8300
2006-06-02,13.779999732971191,13.779999732971191,13.649999618530273,13.65999984741211,5.400051593780518,1000
2006-06-05,13.529999732971191,13.720000267028809,13.529999732971191,13.720000267028809,5.423774242401123,8300
2006-06-06,13.600000381469727,13.600000381469727,13.460000038146973,13.489999771118164,5.332849025726318,4200
2006-06-07,13.460000038146973,13.460000038146973,13.449999809265137,13.449999809265137,5.317035675048828,1500
2006-06-08,13.489999771118164,13.5,13.4399995803833,13.4399995803833,5.313080310821533,3300
2006-06-09,13.430000305175781,13.430000305175781,13.430000305175781,13.430000305175781,5.30912446975708,200
2006-06-12,13.4399995803833,13.4399995803833,13.40999984741211,13.40999984741211,5.301222801208496,700
2006-06-13,13.300000190734863,13.3100004196167,13.229999542236328,13.229999542236328,5.251601219177246,3200
2006-06-14,13.199999809265137,13.319999694824219,13.15999984741211,13.319999694824219,5.287330150604248,3200
2006-06-15,13.199999809265137,13.569999694824219,13.180000305175781,13.550000190734863,5.3786301612854,13700
2006-06-16,13.449999809265137,13.6899995803833,13.449999809265137,13.6899995803833,5.43419885635376,4000
2006-06-19,13.6899995803833,13.6899995803833,13.6899995803833,13.6899995803833,5.43419885635376,0
2006-06-20,13.59000015258789,13.59000015258789,13.399999618530273,13.40999984741211,5.323056221008301,2300
2006-06-21,13.369999885559082,13.40999984741211,13.350000381469727,13.40999984741211,5.323056221008301,2500
2006-06-22,13.390000343322754,13.399999618530273,13.390000343322754,13.399999618530273,5.319087982177734,700
2006-06-23,13.510000228881836,13.600000381469727,13.369999885559082,13.369999885559082,5.307177543640137,4000
2006-06-26,13.350000381469727,13.350000381469727,13.229999542236328,13.229999542236328,5.251601219177246,3500
2006-06-27,13.229999542236328,13.25,13.09000015258789,13.09000015258789,5.196028232574463,3700
2006-06-28,13.149999618530273,13.199999809265137,13.130000114440918,13.199999809265137,5.239699840545654,2900
2006-06-29,13.149999618530273,13.149999618530273,13.149999618530273,13.149999618530273,5.2198486328125,200
2006-06-30,13.199999809265137,13.199999809265137,13.130000114440918,13.130000114440918,5.211909770965576,1600
2006-07-03,13.1899995803833,13.3100004196167,13.100000381469727,13.3100004196167,5.283359527587891,2300
2006-07-05,13.3100004196167,13.3100004196167,13.300000190734863,13.3100004196167,5.283359527587891,300
2006-07-06,13.279999732971191,13.3100004196167,13.220000267028809,13.3100004196167,5.283359527587891,2200
2006-07-07,13.3100004196167,13.3100004196167,13.3100004196167,13.3100004196167,5.283359527587891,500
2006-07-10,13.449999809265137,13.59000015258789,13.170000076293945,13.170000076293945,5.227787971496582,15500
2006-07-11,13.25,13.479999542236328,13.210000038146973,13.479999542236328,5.3508453369140625,2900
2006-07-12,13.5,13.539999961853027,13.479999542236328,13.539999961853027,5.396679401397705,1000
2006-07-13,13.539999961853027,13.539999961853027,13.539999961853027,13.539999961853027,5.396679401397705,0
2006-07-14,13.449999809265137,13.449999809265137,13.350000381469727,13.350000381469727,5.320945739746094,1700
2006-07-17,13.40999984741211,13.40999984741211,13.319999694824219,13.319999694824219,5.308990478515625,700
2006-07-18,13.3100004196167,13.3100004196167,13.079999923706055,13.079999923706055,5.213335990905762,6500
2006-07-19,13.149999618530273,13.319999694824219,13.149999618530273,13.210000038146973,5.265148639678955,8400
2006-07-20,13.25,13.260000228881836,13.1899995803833,13.1899995803833,5.257175445556641,5300
2006-07-21,13.25,13.359999656677246,13.25,13.359999656677246,5.324935436248779,2500
2006-07-24,13.460000038146973,13.460000038146973,13.359999656677246,13.399999618530273,5.340878486633301,12500
2006-07-25,13.430000305175781,13.630000114440918,13.329999923706055,13.329999923706055,5.3129777908325195,3700
2006-07-26,13.329999923706055,13.329999923706055,13.1899995803833,13.25,5.281091213226318,8200
2006-07-27,13.300000190734863,13.369999885559082,13.300000190734863,13.369999885559082,5.328919887542725,1300
2006-07-28,13.359999656677246,13.420000076293945,13.350000381469727,13.399999618530273,5.340878486633301,5300
2006-07-31,13.399999618530273,13.479999542236328,13.399999618530273,13.479999542236328,5.372763156890869,4500
2006-08-01,13.470000267028809,13.489999771118164,13.470000267028809,13.489999771118164,5.3767499923706055,800
2006-08-02,13.5,13.539999961853027,13.5,13.539999961853027,5.396679401397705,600
2006-08-03,13.539999961853027,13.770000457763672,13.510000228881836,13.770000457763672,5.48834753036499,3600
2006-08-04,13.770000457763672,13.770000457763672,13.760000228881836,13.760000228881836,5.4843621253967285,1900
2006-08-07,13.850000381469727,14.0,13.630000114440918,13.899999618530273,5.540166854858398,14500
2006-08-08,13.819999694824219,13.930000305175781,13.779999732971191,13.930000305175781,5.552121639251709,12700
2006-08-09,13.819999694824219,13.920000076293945,13.649999618530273,13.920000076293945,5.548133850097656,11300
2006-08-10,13.800000190734863,13.930000305175781,13.800000190734863,13.819999694824219,5.508279323577881,6000
2006-08-11,13.779999732971191,13.850000381469727,13.779999732971191,13.850000381469727,5.542294502258301,2500
2006-08-14,13.880000114440918,13.880000114440918,13.770000457763672,13.770000457763672,5.510279655456543,3600
2006-08-15,13.859999656677246,13.859999656677246,13.770000457763672,13.819999694824219,5.530289173126221,4200
2006-08-16,13.800000190734863,13.829999923706055,13.800000190734863,13.800000190734863,5.522281646728516,2100
2006-08-17,13.800000190734863,13.800000190734863,13.800000190734863,13.800000190734863,5.522281646728516,0
2006-08-18,13.829999923706055,13.979999542236328,13.829999923706055,13.899999618530273,5.562304973602295,7600
2006-08-21,13.989999771118164,14.0,13.979999542236328,14.0,5.60231876373291,1400
2006-08-22,13.920000076293945,13.989999771118164,13.920000076293945,13.979999542236328,5.594310760498047,2900
2006-08-23,13.979999542236328,13.979999542236328,13.979999542236328,13.979999542236328,5.594310760498047,0
2006-08-24,13.920000076293945,14.0,13.899999618530273,14.0,5.60231876373291,2300
2006-08-25,14.0,14.0,13.90999984741211,13.90999984741211,5.566296100616455,900
2006-08-28,14.0,14.149999618530273,14.0,14.039999961853027,5.618321418762207,6900
2006-08-29,14.100000381469727,14.100000381469727,14.0,14.0,5.60231876373291,4200
2006-08-30,14.0,14.0,13.970000267028809,13.979999542236328,5.594310760498047,2000
2006-08-31,14.029999732971191,14.039999961853027,13.949999809265137,13.949999809265137,5.582311153411865,2400
2006-09-01,14.0,14.0,13.989999771118164,13.989999771118164,5.5983147621154785,2200
2006-09-05,14.09000015258789,14.09000015258789,13.899999618530273,13.899999618530273,5.562304973602295,3500
2006-09-06,13.899999618530273,14.0,13.739999771118164,13.739999771118164,5.4982709884643555,10000
2006-09-07,13.739999771118164,13.739999771118164,13.739999771118164,13.739999771118164,5.4982709884643555,0
2006-09-08,13.739999771118164,13.739999771118164,13.739999771118164,13.739999771118164,5.4982709884643555,0
2006-09-11,13.880000114440918,13.880000114440918,13.880000114440918,13.880000114440918,5.554296970367432,700
2006-09-12,13.880000114440918,13.880000114440918,13.880000114440918,13.880000114440918,5.554296970367432,1000
2006-09-13,13.850000381469727,13.850000381469727,13.729999542236328,13.75,5.524167537689209,4600
2006-09-14,13.779999732971191,13.800000190734863,13.779999732971191,13.800000190734863,5.544251441955566,1700
2006-09-15,13.800000190734863,13.960000038146973,13.800000190734863,13.869999885559082,5.572375774383545,7300
2006-09-18,13.970000267028809,13.979999542236328,13.59000015258789,13.670000076293945,5.492026329040527,13000
2006-09-19,13.630000114440918,13.630000114440918,13.619999885559082,13.619999885559082,5.471934795379639,800
2006-09-20,13.609999656677246,13.720000267028809,13.609999656677246,13.720000267028809,5.512115955352783,1400
2006-09-21,13.699999809265137,13.8100004196167,13.699999809265137,13.8100004196167,5.548269271850586,2800
2006-09-22,13.760000228881836,13.819999694824219,13.720000267028809,13.819999694824219,5.552292346954346,2200
2006-09-25,13.859999656677246,14.0,13.800000190734863,13.899999618530273,5.584429740905762,5600
2006-09-26,13.920000076293945,13.960000038146973,13.920000076293945,13.9399995803833,5.6005024909973145,2000
2006-09-27,14.0600004196167,14.0600004196167,14.029999732971191,14.029999732971191,5.636658668518066,700
2006-09-28,13.960000038146973,14.09000015258789,13.920000076293945,13.970000267028809,5.612553596496582,9100
2006-09-29,13.920000076293945,14.079999923706055,13.920000076293945,14.079999923706055,5.656741619110107,2100
2006-10-02,13.960000038146973,14.170000076293945,13.960000038146973,14.109999656677246,5.66879415512085,6500
2006-10-03,14.170000076293945,14.199999809265137,14.069999694824219,14.079999923706055,5.656741619110107,19700
2006-10-04,14.010000228881836,14.010000228881836,13.960000038146973,13.989999771118164,5.620584964752197,4400
2006-10-05,14.0,14.010000228881836,14.0,14.010000228881836,5.628620147705078,5000
2006-10-06,14.010000228881836,14.010000228881836,14.010000228881836,14.010000228881836,5.628620147705078,500
2006-10-09,13.979999542236328,13.979999542236328,13.979999542236328,13.979999542236328,5.616566181182861,300
2006-10-10,14.010000228881836,14.010000228881836,13.970000267028809,14.010000228881836,5.628620147705078,3400
2006-10-11,13.960000038146973,13.960000038146973,13.75,13.760000228881836,5.5499701499938965,25500
2006-10-12,13.800000190734863,13.90999984741211,13.800000190734863,13.90999984741211,5.610466957092285,8600
2006-10-13,13.850000381469727,13.850000381469727,13.850000381469727,13.850000381469727,5.586271286010742,500
2006-10-16,13.8100004196167,13.8100004196167,13.739999771118164,13.800000190734863,5.566103458404541,4300
2006-10-17,13.84000015258789,13.84000015258789,13.789999961853027,13.789999961853027,5.562068939208984,2300
2006-10-18,13.8100004196167,13.859999656677246,13.800000190734863,13.800000190734863,5.566103458404541,3200
2006-10-19,13.829999923706055,13.899999618530273,13.760000228881836,13.770000457763672,5.554004669189453,8900
2006-10-20,13.859999656677246,13.90999984741211,13.75,13.90999984741211,5.610466957092285,6600
2006-10-23,13.979999542236328,14.1899995803833,13.979999542236328,14.1899995803833,5.72340202331543,3600
2006-10-24,14.0600004196167,14.069999694824219,14.0600004196167,14.0600004196167,5.670975208282471,3000
2006-10-25,14.239999771118164,14.239999771118164,14.239999771118164,14.239999771118164,5.743570804595947,200
2006-10-26,14.1899995803833,14.25,14.1899995803833,14.25,5.747605323791504,3400
2006-10-27,14.350000381469727,14.390000343322754,14.170000076293945,14.170000076293945,5.715337753295898,4900
2006-10-30,14.149999618530273,14.149999618530273,14.130000114440918,14.130000114440918,5.699209690093994,3600
2006-10-31,14.199999809265137,14.199999809265137,14.1899995803833,14.1899995803833,5.72340202331543,3500
2006-11-01,14.199999809265137,14.25,14.140000343322754,14.25,5.747605323791504,4800
2006-11-02,14.260000228881836,14.260000228881836,14.170000076293945,14.170000076293945,5.715337753295898,3400
2006-11-03,14.079999923706055,14.180000305175781,14.079999923706055,14.140000343322754,5.703239917755127,2500
2006-11-06,14.079999923706055,14.109999656677246,14.079999923706055,14.109999656677246,5.691136837005615,600
2006-11-07,14.109999656677246,14.109999656677246,14.069999694824219,14.069999694824219,5.6750054359436035,1600
2006-11-08,14.069999694824219,14.069999694824219,13.979999542236328,14.010000228881836,5.65080451965332,5600
2006-11-09,13.970000267028809,14.079999923706055,13.970000267028809,14.079999923706055,5.679039478302002,11000
2006-11-10,14.109999656677246,14.170000076293945,14.109999656677246,14.170000076293945,5.715337753295898,3700
2006-11-13,14.069999694824219,14.069999694824219,14.069999694824219,14.069999694824219,5.69711971282959,1700
2006-11-14,14.069999694824219,14.069999694824219,14.0,14.029999732971191,5.680926322937012,4700
2006-11-15,14.020000457763672,14.020000457763672,13.960000038146973,13.960000038146973,5.652576923370361,2800
2006-11-16,13.920000076293945,13.920000076293945,13.899999618530273,13.899999618530273,5.6282854080200195,900
2006-11-17,13.949999809265137,13.989999771118164,13.949999809265137,13.960000038146973,5.652576923370361,11700
2006-11-20,13.949999809265137,14.0,13.949999809265137,13.989999771118164,5.664727210998535,12100
2006-11-21,14.0,14.039999961853027,13.949999809265137,13.949999809265137,5.648530006408691,6700
2006-11-22,13.960000038146973,14.029999732971191,13.949999809265137,13.949999809265137,5.648530006408691,7700
2006-11-24,14.0,14.0,14.0,14.0,5.668774127960205,400
2006-11-27,14.050000190734863,14.050000190734863,13.960000038146973,13.960000038146973,5.652576923370361,7000
2006-11-28,14.100000381469727,14.149999618530273,14.100000381469727,14.149999618530273,5.729513645172119,300
2006-11-29,14.069999694824219,14.069999694824219,14.069999694824219,14.069999694824219,5.69711971282959,500
2006-11-30,14.079999923706055,14.149999618530273,14.079999923706055,14.140000343322754,5.7254638671875,6500
2006-12-01,14.199999809265137,14.220000267028809,14.100000381469727,14.199999809265137,5.749757289886475,13800
2006-12-04,14.300000190734863,14.300000190734863,14.149999618530273,14.170000076293945,5.737608909606934,1000
2006-12-05,14.100000381469727,14.109999656677246,14.100000381469727,14.109999656677246,5.713314533233643,600
2006-12-06,14.119999885559082,14.220000267028809,14.119999885559082,14.220000267028809,5.757856845855713,400
2006-12-07,14.289999961853027,14.359999656677246,14.289999961853027,14.359999656677246,5.814543724060059,5500
2006-12-08,14.319999694824219,14.449999809265137,14.319999694824219,14.449999809265137,5.850986480712891,3800
2006-12-11,14.5,14.520000457763672,14.300000190734863,14.520000457763672,5.879332542419434,5600
2006-12-12,14.59000015258789,14.59000015258789,14.5600004196167,14.569999694824219,5.899573802947998,1000
2006-12-13,14.420000076293945,14.489999771118164,14.420000076293945,14.449999809265137,5.876798152923584,1400
2006-12-14,14.369999885559082,14.420000076293945,14.329999923706055,14.350000381469727,5.8361287117004395,6200
2006-12-15,14.380000114440918,14.470000267028809,14.289999961853027,14.289999961853027,5.811726093292236,5100
2006-12-18,14.289999961853027,14.289999961853027,14.180000305175781,14.180000305175781,5.766992092132568,6600
2006-12-19,14.15999984741211,14.15999984741211,13.979999542236328,13.979999542236328,5.685651779174805,12500
2006-12-20,14.010000228881836,14.050000190734863,13.960000038146973,14.029999732971191,5.7059855461120605,4600
2006-12-21,13.970000267028809,14.09000015258789,13.960000038146973,14.010000228881836,5.697850227355957,3700
2006-12-22,14.100000381469727,14.100000381469727,14.0,14.020000457763672,5.701920986175537,2700
2006-12-26,14.0600004196167,14.25,14.010000228881836,14.25,5.795457363128662,8800
2006-12-27,14.319999694824219,14.399999618530273,14.319999694824219,14.399999618530273,5.856464862823486,600
2006-12-28,14.399999618530273,14.399999618530273,14.210000038146973,14.210000038146973,5.779191970825195,2900
2006-12-29,14.319999694824219,14.319999694824219,14.319999694824219,14.319999694824219,5.823927879333496,700
2007-01-03,14.300000190734863,14.300000190734863,14.289999961853027,14.300000190734863,5.815791606903076,2000
2007-01-04,14.260000228881836,14.300000190734863,14.260000228881836,14.300000190734863,5.815791606903076,1900
2007-01-05,14.300000190734863,14.300000190734863,14.300000190734863,14.300000190734863,5.815791606903076,0
2007-01-08,14.210000038146973,14.210000038146973,14.15999984741211,14.15999984741211,5.758856773376465,2200
2007-01-09,14.149999618530273,14.149999618530273,14.119999885559082,14.119999885559082,5.74259090423584,900
2007-01-10,14.0600004196167,14.0600004196167,14.0,14.020000457763672,5.724217414855957,3800
2007-01-11,14.029999732971191,14.069999694824219,14.029999732971191,14.069999694824219,5.744631290435791,900
2007-01-12,14.100000381469727,14.100000381469727,14.0,14.0,5.716052532196045,5900
2007-01-16,13.979999542236328,14.039999961853027,13.979999542236328,14.039999961853027,5.732381343841553,7400
2007-01-17,14.0,14.0,13.979999542236328,13.979999542236328,5.707881927490234,2700
2007-01-18,14.029999732971191,14.039999961853027,13.800000190734863,13.9399995803833,5.691554069519043,12800
2007-01-19,13.90999984741211,14.09000015258789,13.869999885559082,13.899999618530273,5.675226211547852,5600
2007-01-22,14.09000015258789,14.100000381469727,14.09000015258789,14.100000381469727,5.756880283355713,1300
2007-01-23,14.119999885559082,14.220000267028809,14.109999656677246,14.220000267028809,5.805873870849609,3400
2007-01-24,14.119999885559082,14.289999961853027,14.0600004196167,14.170000076293945,5.785459995269775,7400
2007-01-25,14.34000015258789,14.34000015258789,14.069999694824219,14.100000381469727,5.756880283355713,6200
2007-01-26,14.100000381469727,14.170000076293945,14.100000381469727,14.170000076293945,5.785459995269775,1800
2007-01-29,14.170000076293945,14.170000076293945,14.149999618530273,14.149999618530273,5.777295112609863,1400
2007-01-30,14.149999618530273,14.380000114440918,14.149999618530273,14.380000114440918,5.8712005615234375,9200
2007-01-31,14.390000343322754,14.390000343322754,14.380000114440918,14.390000343322754,5.8752827644348145,5000
2007-02-01,14.390000343322754,14.390000343322754,14.350000381469727,14.350000381469727,5.858949661254883,6000
2007-02-02,14.399999618530273,14.4399995803833,14.390000343322754,14.4399995803833,5.895693302154541,4300
2007-02-05,14.399999618530273,14.399999618530273,14.390000343322754,14.390000343322754,5.8752827644348145,600
2007-02-06,14.479999542236328,14.550000190734863,14.479999542236328,14.550000190734863,5.940605640411377,2000
2007-02-07,14.489999771118164,14.829999923706055,14.479999542236328,14.739999771118164,6.018184185028076,10200
2007-02-08,14.710000038146973,14.789999961853027,14.710000038146973,14.789999961853027,6.038599967956543,800
2007-02-09,14.739999771118164,14.789999961853027,14.720000267028809,14.720000267028809,6.010022163391113,1300
2007-02-12,14.819999694824219,14.829999923706055,14.640000343322754,14.75,6.022271156311035,7600
2007-02-13,14.680000305175781,14.770000457763672,14.680000305175781,14.770000457763672,6.053001880645752,300
2007-02-14,14.65999984741211,14.779999732971191,14.569999694824219,14.779999732971191,6.057099342346191,4900
2007-02-15,14.720000267028809,14.890000343322754,14.59000015258789,14.729999542236328,6.036609172821045,9000
2007-02-16,14.729999542236328,14.8100004196167,14.720000267028809,14.739999771118164,6.040709972381592,2600
2007-02-20,14.739999771118164,14.739999771118164,14.739999771118164,14.739999771118164,6.040709972381592,0
2007-02-21,14.739999771118164,14.739999771118164,14.5,14.569999694824219,5.971039295196533,7600
2007-02-22,14.529999732971191,14.710000038146973,14.529999732971191,14.710000038146973,6.028415203094482,2900
2007-02-23,14.729999542236328,14.729999542236328,14.579999923706055,14.579999923706055,5.975140571594238,1000
2007-02-26,14.710000038146973,14.710000038146973,14.529999732971191,14.649999618530273,6.003823280334473,3500
2007-02-27,14.609999656677246,14.720000267028809,14.569999694824219,14.720000267028809,6.032517433166504,4400
2007-02-28,14.819999694824219,14.880000114440918,14.550000190734863,14.569999694824219,5.971039295196533,18500
2007-03-01,14.720000267028809,14.90999984741211,14.520000457763672,14.539999961853027,5.958745002746582,13000
2007-03-02,14.5600004196167,14.710000038146973,14.539999961853027,14.59000015258789,5.979236125946045,7200
2007-03-05,14.619999885559082,14.850000381469727,14.619999885559082,14.710000038146973,6.028415203094482,6100
2007-03-06,14.800000190734863,14.920000076293945,14.800000190734863,14.920000076293945,6.114476203918457,2500
2007-03-07,14.859999656677246,14.859999656677246,14.569999694824219,14.819999694824219,6.0734968185424805,13800
2007-03-08,14.739999771118164,14.970000267028809,14.739999771118164,14.880000114440918,6.09808349609375,7300
2007-03-09,14.880000114440918,14.880000114440918,14.789999961853027,14.829999923706055,6.077591419219971,2900
2007-03-12,14.779999732971191,14.779999732971191,14.75,14.75,6.044809341430664,900
2007-03-13,14.720000267028809,14.890000343322754,14.720000267028809,14.880000114440918,6.120906829833984,1600
2007-03-14,14.880000114440918,15.300000190734863,14.850000381469727,14.850000381469727,6.10856819152832,23700
2007-03-15,14.869999885559082,14.869999885559082,14.850000381469727,14.850000381469727,6.10856819152832,800
2007-03-16,14.84000015258789,14.859999656677246,14.760000228881836,14.829999923706055,6.100338935852051,3400
2007-03-19,14.789999961853027,14.829999923706055,14.710000038146973,14.829999923706055,6.100338935852051,8000
2007-03-20,14.789999961853027,14.8100004196167,14.699999809265137,14.710000038146973,6.05097770690918,8800
2007-03-21,14.710000038146973,14.75,14.710000038146973,14.75,6.067432880401611,600
2007-03-22,14.729999542236328,14.729999542236328,14.649999618530273,14.649999618530273,6.026294231414795,2900
2007-03-23,14.65999984741211,14.850000381469727,14.65999984741211,14.850000381469727,6.10856819152832,2100
2007-03-26,14.850000381469727,14.850000381469727,14.850000381469727,14.850000381469727,6.10856819152832,600
2007-03-27,14.760000228881836,14.869999885559082,14.760000228881836,14.869999885559082,6.116791725158691,2000
2007-03-28,14.899999618530273,14.899999618530273,14.899999618530273,14.899999618530273,6.129134178161621,400
2007-03-29,14.899999618530273,14.90999984741211,14.899999618530273,14.90999984741211,6.133250713348389,300
2007-03-30,14.989999771118164,14.989999771118164,14.75,14.9399995803833,6.145586013793945,1800
2007-04-02,14.9399995803833,14.9399995803833,14.829999923706055,14.829999923706055,6.100338935852051,1900
2007-04-03,15.0,15.010000228881836,14.899999618530273,14.899999618530273,6.129134178161621,4400
2007-04-04,15.0,15.069999694824219,14.850000381469727,14.850000381469727,6.10856819152832,5100
2007-04-05,15.0,15.0,14.850000381469727,14.890000343322754,6.125018119812012,5300
2007-04-09,14.890000343322754,14.890000343322754,14.8100004196167,14.890000343322754,6.125018119812012,4700
2007-04-10,14.850000381469727,14.850000381469727,14.8100004196167,14.8100004196167,6.092108726501465,2200
2007-04-11,14.800000190734863,14.890000343322754,14.6899995803833,14.699999809265137,6.069404602050781,14000
2007-04-12,14.800000190734863,14.800000190734863,14.670000076293945,14.670000076293945,6.057016849517822,2200
2007-04-13,14.75,14.779999732971191,14.670000076293945,14.670000076293945,6.057016849517822,1700
2007-04-16,14.699999809265137,14.699999809265137,14.65999984741211,14.65999984741211,6.052890300750732,900
2007-04-17,14.670000076293945,14.670000076293945,14.170000076293945,14.430000305175781,5.957926273345947,6900
2007-04-18,14.520000457763672,14.520000457763672,14.34000015258789,14.34000015258789,5.9207658767700195,9000
2007-04-19,14.40999984741211,14.569999694824219,14.390000343322754,14.5,5.986823558807373,5500
2007-04-20,14.5,14.5,14.5,14.5,5.986823558807373,0
2007-04-23,14.640000343322754,14.699999809265137,14.399999618530273,14.399999618530273,5.945537090301514,4600
2007-04-24,14.449999809265137,14.59000015258789,14.449999809265137,14.59000015258789,6.023987293243408,4700
2007-04-25,14.600000381469727,14.600000381469727,14.359999656677246,14.579999923706055,6.0198588371276855,3900
2007-04-26,14.640000343322754,14.65999984741211,14.470000267028809,14.649999618530273,6.048757076263428,6200
2007-04-27,14.6899995803833,14.6899995803833,14.6899995803833,14.6899995803833,6.065276145935059,900
2007-04-30,14.770000457763672,14.789999961853027,14.770000457763672,14.779999732971191,6.102431774139404,500
2007-05-01,14.800000190734863,14.800000190734863,14.770000457763672,14.779999732971191,6.102431774139404,1500
2007-05-02,14.850000381469727,14.890000343322754,14.479999542236328,14.539999961853027,6.003340721130371,7200
2007-05-03,14.510000228881836,14.510000228881836,14.399999618530273,14.40999984741211,5.949667930603027,7200
2007-05-04,14.430000305175781,14.430000305175781,14.199999809265137,14.319999694824219,5.912509441375732,16200
2007-05-07,14.359999656677246,14.40999984741211,14.350000381469727,14.40999984741211,5.949667930603027,6700
2007-05-08,14.399999618530273,14.40999984741211,14.3100004196167,14.3100004196167,5.908377647399902,8200
2007-05-09,14.300000190734863,14.329999923706055,14.270000457763672,14.329999923706055,5.916635990142822,3200
2007-05-10,14.319999694824219,14.319999694824219,14.220000267028809,14.3100004196167,5.908377647399902,3000
2007-05-11,14.279999732971191,14.289999961853027,14.279999732971191,14.289999961853027,5.922885417938232,1300
2007-05-14,14.289999961853027,14.34000015258789,14.260000228881836,14.260000228881836,5.9104509353637695,2700
2007-05-15,14.380000114440918,14.420000076293945,14.380000114440918,14.420000076293945,5.97676944732666,300
2007-05-16,14.300000190734863,14.3100004196167,14.300000190734863,14.3100004196167,5.931175708770752,1100
2007-05-17,14.430000305175781,14.449999809265137,14.390000343322754,14.449999809265137,5.989200592041016,2300
2007-05-18,14.399999618530273,14.399999618530273,14.380000114440918,14.399999618530273,5.9684739112854,3900
2007-05-21,14.369999885559082,14.369999885559082,14.369999885559082,14.369999885559082,5.956047058105469,2500
2007-05-22,14.3100004196167,14.350000381469727,14.300000190734863,14.350000381469727,5.947754383087158,5100
2007-05-23,14.399999618530273,14.399999618530273,14.0600004196167,14.100000381469727,5.844135761260986,15700
2007-05-24,14.140000343322754,14.229999542236328,14.140000343322754,14.199999809265137,5.885584831237793,4400
2007-05-25,14.119999885559082,14.199999809265137,14.0,14.199999809265137,5.885584831237793,4700
2007-05-29,14.239999771118164,14.25,14.100000381469727,14.100000381469727,5.844135761260986,2800
2007-05-30,14.149999618530273,14.149999618530273,14.0,14.0,5.802688121795654,400
2007-05-31,14.100000381469727,14.350000381469727,14.100000381469727,14.329999923706055,5.939465045928955,11500
2007-06-01,14.350000381469727,14.399999618530273,14.199999809265137,14.199999809265137,5.885584831237793,2800
2007-06-04,14.199999809265137,14.199999809265137,14.010000228881836,14.100000381469727,5.844135761260986,3900
2007-06-05,14.020000457763672,14.020000457763672,14.010000228881836,14.010000228881836,5.806829929351807,2000
2007-06-06,13.970000267028809,14.100000381469727,13.970000267028809,14.100000381469727,5.844135761260986,1900
2007-06-07,14.010000228881836,14.010000228881836,13.899999618530273,13.899999618530273,5.761242866516113,1900
2007-06-08,13.8100004196167,13.899999618530273,13.710000038146973,13.899999618530273,5.761242866516113,3200
2007-06-11,13.899999618530273,13.899999618530273,13.800000190734863,13.800000190734863,5.719793796539307,2600
2007-06-12,13.699999809265137,13.699999809265137,13.579999923706055,13.649999618530273,5.657618522644043,2200
2007-06-13,13.649999618530273,13.649999618530273,13.550000190734863,13.550000190734863,5.638894081115723,2400
2007-06-14,13.550000190734863,13.550000190734863,13.550000190734863,13.550000190734863,5.638894081115723,500
2007-06-15,13.649999618530273,13.649999618530273,13.649999618530273,13.649999618530273,5.680505752563477,200
2007-06-18,13.75,13.75,13.600000381469727,13.699999809265137,5.701319694519043,3200
2007-06-19,13.649999618530273,13.649999618530273,13.649999618530273,13.649999618530273,5.680505752563477,3400
2007-06-20,13.619999885559082,13.680000305175781,13.609999656677246,13.680000305175781,5.692993640899658,4800
2007-06-21,13.550000190734863,13.569999694824219,13.550000190734863,13.569999694824219,5.647216796875,2000
2007-06-22,13.630000114440918,13.770000457763672,13.630000114440918,13.760000228881836,5.726285934448242,3700
2007-06-25,13.770000457763672,13.819999694824219,13.600000381469727,13.600000381469727,5.659702777862549,9300
2007-06-26,13.600000381469727,13.600000381469727,13.529999732971191,13.529999732971191,5.630568504333496,11700
2007-06-27,13.579999923706055,13.630000114440918,13.579999923706055,13.630000114440918,5.672183990478516,1900
2007-06-28,13.729999542236328,13.729999542236328,13.649999618530273,13.649999618530273,5.680505752563477,5500
2007-06-29,13.619999885559082,13.729999542236328,13.619999885559082,13.729999542236328,5.713798522949219,1000
2007-07-02,13.729999542236328,13.800000190734863,13.699999809265137,13.800000190734863,5.7429327964782715,5600
2007-07-03,13.850000381469727,13.920000076293945,13.720000267028809,13.779999732971191,5.734607696533203,5800
2007-07-05,13.770000457763672,13.800000190734863,13.59000015258789,13.59000015258789,5.655540943145752,5200
2007-07-06,13.59000015258789,13.59000015258789,13.59000015258789,13.59000015258789,5.655540943145752,0
2007-07-09,13.720000267028809,13.720000267028809,13.550000190734863,13.550000190734863,5.638894081115723,1700
2007-07-10,13.640000343322754,13.699999809265137,13.510000228881836,13.550000190734863,5.638894081115723,8200
2007-07-11,13.5,13.5,13.5,13.5,5.640982627868652,300
2007-07-12,13.5,13.6899995803833,13.5,13.609999656677246,5.686943531036377,4800
2007-07-13,13.600000381469727,13.680000305175781,13.600000381469727,13.680000305175781,5.716197967529297,8000
2007-07-16,13.600000381469727,13.630000114440918,13.380000114440918,13.399999618530273,5.599197864532471,24400
2007-07-17,13.40999984741211,13.489999771118164,13.380000114440918,13.380000114440918,5.590842247009277,8900
2007-07-18,13.350000381469727,13.470000267028809,13.350000381469727,13.40999984741211,5.60337495803833,5600
2007-07-19,13.449999809265137,13.449999809265137,13.390000343322754,13.390000343322754,5.595017433166504,4000
2007-07-20,13.479999542236328,13.5,13.479999542236328,13.5,5.640982627868652,700
2007-07-23,13.40999984741211,13.40999984741211,13.380000114440918,13.380000114440918,5.590842247009277,2400
2007-07-24,13.329999923706055,13.329999923706055,13.289999961853027,13.300000190734863,5.5574116706848145,2500
2007-07-25,13.300000190734863,13.300000190734863,13.25,13.300000190734863,5.5574116706848145,5400
2007-07-26,13.300000190734863,13.300000190734863,13.0,13.010000228881836,5.436237335205078,7900
2007-07-27,13.199999809265137,13.399999618530273,13.199999809265137,13.399999618530273,5.599197864532471,2900
2007-07-30,13.25,13.350000381469727,13.25,13.350000381469727,5.578304290771484,2800
2007-07-31,13.300000190734863,13.399999618530273,13.300000190734863,13.300000190734863,5.5574116706848145,1700
2007-08-01,13.350000381469727,13.390000343322754,13.350000381469727,13.390000343322754,5.595017433166504,500
2007-08-02,13.489999771118164,13.550000190734863,13.449999809265137,13.539999961853027,5.657695770263672,1700
2007-08-03,13.5,13.510000228881836,13.460000038146973,13.460000038146973,5.624267578125,2300
2007-08-06,13.40999984741211,13.630000114440918,13.40999984741211,13.550000190734863,5.661876678466797,9300
2007-08-07,13.539999961853027,13.539999961853027,13.460000038146973,13.520000457763672,5.649339199066162,2300
2007-08-08,13.520000457763672,13.800000190734863,13.5,13.800000190734863,5.766339302062988,14200
2007-08-09,14.050000190734863,14.050000190734863,13.850000381469727,13.850000381469727,5.787230014801025,4600
2007-08-10,13.800000190734863,13.800000190734863,13.699999809265137,13.710000038146973,5.728728771209717,5800
2007-08-13,13.699999809265137,13.699999809265137,13.699999809265137,13.699999809265137,5.747611045837402,300
2007-08-14,13.699999809265137,13.75,13.699999809265137,13.699999809265137,5.747611045837402,4200
2007-08-15,13.649999618530273,13.649999618530273,13.510000228881836,13.510000228881836,5.667898654937744,2900
2007-08-16,13.470000267028809,13.470000267028809,13.260000228881836,13.260000228881836,5.563018321990967,8400
2007-08-17,13.0,13.40999984741211,13.0,13.319999694824219,5.5881853103637695,1600
2007-08-20,13.350000381469727,13.4399995803833,13.34000015258789,13.369999885559082,5.609162330627441,4000
2007-08-21,13.420000076293945,13.4399995803833,13.420000076293945,13.4399995803833,5.638526916503906,600
2007-08-22,13.489999771118164,13.510000228881836,13.399999618530273,13.489999771118164,5.659511089324951,3300
2007-08-23,13.399999618530273,13.399999618530273,13.390000343322754,13.390000343322754,5.617552757263184,700
2007-08-24,13.390000343322754,13.390000343322754,13.390000343322754,13.390000343322754,5.617552757263184,400
2007-08-27,13.449999809265137,13.829999923706055,13.449999809265137,13.729999542236328,5.760197162628174,6100
2007-08-28,13.59000015258789,13.800000190734863,13.59000015258789,13.649999618530273,5.726628303527832,5400
2007-08-29,13.699999809265137,14.010000228881836,13.699999809265137,13.800000190734863,5.789565563201904,8000
2007-08-30,14.300000190734863,14.300000190734863,13.949999809265137,13.949999809265137,5.852492809295654,10700
2007-08-31,13.949999809265137,13.949999809265137,13.949999809265137,13.949999809265137,5.852492809295654,2000
2007-09-04,13.859999656677246,13.859999656677246,13.75,13.850000381469727,5.810539722442627,2700
2007-09-05,13.899999618530273,13.949999809265137,13.65999984741211,13.65999984741211,5.730827331542969,8000
2007-09-06,13.710000038146973,13.710000038146973,13.6899995803833,13.6899995803833,5.743415355682373,600
2007-09-07,13.720000267028809,14.050000190734863,13.720000267028809,14.050000190734863,5.894443988800049,3800
2007-09-10,14.100000381469727,14.100000381469727,13.880000114440918,14.100000381469727,5.915426254272461,9400
2007-09-11,14.100000381469727,14.100000381469727,13.859999656677246,14.0,5.873469829559326,8000
2007-09-12,14.0,14.199999809265137,13.899999618530273,14.0,5.896634101867676,6800
2007-09-13,13.899999618530273,13.899999618530273,13.1899995803833,13.699999809265137,5.770280361175537,38600
2007-09-14,13.75,13.75,13.75,13.75,5.7913408279418945,4300
2007-09-17,13.75,13.800000190734863,13.75,13.800000190734863,5.812399387359619,1900
2007-09-18,13.800000190734863,13.899999618530273,13.800000190734863,13.899999618530273,5.854515552520752,1600
2007-09-19,13.800000190734863,13.899999618530273,13.800000190734863,13.800000190734863,5.812399387359619,900
2007-09-20,13.850000381469727,13.850000381469727,13.600000381469727,13.600000381469727,5.728160858154297,3000
2007-09-21,13.649999618530273,13.649999618530273,13.649999618530273,13.649999618530273,5.749214172363281,1200
2007-09-24,13.649999618530273,13.649999618530273,13.649999618530273,13.649999618530273,5.749214172363281,0
2007-09-25,13.699999809265137,13.699999809265137,13.489999771118164,13.649999618530273,5.749214172363281,5800
2007-09-26,13.670000076293945,13.800000190734863,13.649999618530273,13.800000190734863,5.812399387359619,10200
2007-09-27,13.800000190734863,13.800000190734863,13.75,13.800000190734863,5.812399387359619,3000
2007-09-28,13.850000381469727,13.850000381469727,13.739999771118164,13.739999771118164,5.787125110626221,1300
2007-10-01,13.800000190734863,13.850000381469727,13.779999732971191,13.850000381469727,5.833456516265869,1400
2007-10-02,13.899999618530273,14.029999732971191,13.899999618530273,14.0,5.896634101867676,13000
2007-10-03,14.050000190734863,14.050000190734863,14.050000190734863,14.050000190734863,5.917691707611084,400
2007-10-04,14.010000228881836,14.010000228881836,14.0,14.0,5.896634101867676,7100
2007-10-05,14.010000228881836,14.09000015258789,14.0,14.020000457763672,5.905060768127441,29700
2007-10-08,14.0600004196167,14.109999656677246,14.039999961853027,14.109999656677246,5.942965507507324,3700
2007-10-09,14.109999656677246,14.109999656677246,13.779999732971191,13.779999732971191,5.803975582122803,17300
2007-10-10,13.739999771118164,13.84000015258789,13.739999771118164,13.84000015258789,5.829248428344727,2000
2007-10-11,13.829999923706055,14.029999732971191,13.800000190734863,13.930000305175781,5.890561103820801,11800
2007-10-12,14.020000457763672,14.020000457763672,14.0,14.0,5.920161724090576,600
2007-10-15,14.0,14.0,13.920000076293945,13.920000076293945,5.886334419250488,600
2007-10-16,14.0,14.0,13.550000190734863,13.880000114440918,5.8694167137146,52200
2007-10-17,13.899999618530273,14.069999694824219,13.850000381469727,13.850000381469727,5.856731414794922,9800
2007-10-18,13.850000381469727,13.949999809265137,13.850000381469727,13.920000076293945,5.886334419250488,3500
2007-10-19,13.920000076293945,14.109999656677246,13.899999618530273,14.109999656677246,5.966679573059082,3800
2007-10-22,14.010000228881836,14.010000228881836,13.899999618530273,13.899999618530273,5.877874374389648,2800
2007-10-23,13.8100004196167,13.949999809265137,13.789999961853027,13.949999809265137,5.899016380310059,2400
2007-10-24,13.949999809265137,14.050000190734863,13.850000381469727,14.050000190734863,5.941301345825195,11600
2007-10-25,14.109999656677246,14.109999656677246,13.949999809265137,14.029999732971191,5.9328460693359375,2200
2007-10-26,14.029999732971191,14.029999732971191,14.029999732971191,14.029999732971191,5.9328460693359375,0
2007-10-29,14.050000190734863,14.050000190734863,13.819999694824219,13.819999694824219,5.844047546386719,5200
2007-10-30,13.819999694824219,13.90999984741211,13.710000038146973,13.710000038146973,5.7975287437438965,4000
2007-10-31,13.739999771118164,13.770000457763672,13.739999771118164,13.75,5.814448356628418,800
2007-11-01,13.770000457763672,13.800000190734863,13.770000457763672,13.800000190734863,5.835590839385986,4600
2007-11-02,13.850000381469727,13.949999809265137,13.850000381469727,13.949999809265137,5.899016380310059,400
2007-11-05,13.869999885559082,13.869999885559082,13.75,13.75,5.814448356628418,1400
2007-11-06,13.829999923706055,13.829999923706055,13.829999923706055,13.829999923706055,5.848273754119873,200
2007-11-07,13.729999542236328,13.729999542236328,13.630000114440918,13.630000114440918,5.763699531555176,1300
2007-11-08,13.649999618530273,13.649999618530273,13.529999732971191,13.550000190734863,5.729874134063721,3500
2007-11-09,13.579999923706055,13.789999961853027,13.5,13.789999961853027,5.831362724304199,1900
2007-11-12,13.75,13.75,13.75,13.75,5.814448356628418,600
2007-11-13,13.65999984741211,13.779999732971191,13.65999984741211,13.779999732971191,5.850537300109863,600
2007-11-14,13.65999984741211,13.65999984741211,13.5,13.510000228881836,5.735901355743408,1700
2007-11-15,13.460000038146973,13.649999618530273,13.300000190734863,13.649999618530273,5.795339584350586,4800
2007-11-16,13.550000190734863,13.550000190734863,13.279999732971191,13.279999732971191,5.638248443603516,10300
2007-11-19,13.479999542236328,13.579999923706055,13.380000114440918,13.579999923706055,5.765620231628418,7800
2007-11-20,13.369999885559082,13.399999618530273,13.279999732971191,13.399999618530273,5.689202308654785,1100
2007-11-21,13.399999618530273,13.399999618530273,13.399999618530273,13.399999618530273,5.689202308654785,1200
2007-11-23,13.399999618530273,13.899999618530273,13.399999618530273,13.800000190734863,5.859026908874512,6900
2007-11-26,13.800000190734863,14.020000457763672,13.699999809265137,14.020000457763672,5.952431678771973,3700
2007-11-27,13.850000381469727,14.199999809265137,13.529999732971191,14.09000015258789,5.982146739959717,24000
2007-11-28,14.050000190734863,14.279999732971191,14.0,14.0,5.943938255310059,5800
2007-11-29,14.0,14.100000381469727,13.569999694824219,14.100000381469727,5.986396789550781,4300
2007-11-30,14.09000015258789,14.09000015258789,14.09000015258789,14.09000015258789,5.982146739959717,600
2007-12-03,14.149999618530273,14.149999618530273,14.149999618530273,14.149999618530273,6.007620334625244,100
2007-12-04,14.199999809265137,14.25,14.100000381469727,14.25,6.050079345703125,5300
2007-12-05,14.5,14.5,14.119999885559082,14.119999885559082,5.994884490966797,2700
2007-12-06,14.050000190734863,14.109999656677246,13.970000267028809,14.100000381469727,5.986396789550781,16000
2007-12-07,14.010000228881836,14.069999694824219,13.930000305175781,14.029999732971191,5.956677436828613,5200
2007-12-10,14.029999732971191,14.029999732971191,13.970000267028809,14.0,5.943938255310059,5100
2007-12-11,13.970000267028809,13.970000267028809,13.960000038146973,13.960000038146973,5.9269537925720215,2300
2007-12-12,13.899999618530273,13.899999618530273,13.899999618530273,13.899999618530273,5.925251007080078,1000
2007-12-13,13.8100004196167,13.8100004196167,13.699999809265137,13.699999809265137,5.8399977684021,1100
2007-12-14,13.699999809265137,13.850000381469727,13.600000381469727,13.609999656677246,5.801631450653076,6100
2007-12-17,13.619999885559082,13.649999618530273,13.520000457763672,13.600000381469727,5.79736852645874,8500
2007-12-18,13.510000228881836,14.289999961853027,13.5,13.699999809265137,5.8399977684021,13200
2007-12-19,13.619999885559082,13.619999885559082,13.619999885559082,13.619999885559082,5.805891990661621,1000
2007-12-20,13.649999618530273,13.649999618530273,13.649999618530273,13.649999618530273,5.818680286407471,3200
2007-12-21,13.550000190734863,13.850000381469727,13.550000190734863,13.850000381469727,5.903936862945557,7300
2007-12-24,13.850000381469727,13.850000381469727,13.850000381469727,13.850000381469727,5.903936862945557,300
2007-12-26,13.430000305175781,13.720000267028809,13.430000305175781,13.720000267028809,5.848519325256348,18100
2007-12-27,13.600000381469727,13.600000381469727,13.270000457763672,13.59000015258789,5.79310417175293,24700
2007-12-28,13.489999771118164,13.5,13.350000381469727,13.5,5.754735469818115,8100
2007-12-31,13.5,13.550000190734863,13.430000305175781,13.550000190734863,5.776055335998535,8100
2008-01-02,13.569999694824219,13.75,13.569999694824219,13.75,5.861307144165039,6900
2008-01-03,13.800000190734863,14.170000076293945,13.75,14.039999961853027,5.984931468963623,6600
2008-01-04,14.109999656677246,14.140000343322754,14.109999656677246,14.140000343322754,6.027558326721191,400
2008-01-07,14.210000038146973,14.3100004196167,14.180000305175781,14.3100004196167,6.100025177001953,8900
2008-01-08,14.289999961853027,14.350000381469727,14.289999961853027,14.350000381469727,6.117074012756348,5400
2008-01-09,14.350000381469727,14.350000381469727,14.350000381469727,14.350000381469727,6.117074012756348,600
2008-01-10,14.369999885559082,14.510000228881836,14.359999656677246,14.359999656677246,6.121338367462158,6000
2008-01-11,14.300000190734863,14.300000190734863,14.289999961853027,14.300000190734863,6.119198799133301,1900
2008-01-14,14.779999732971191,14.779999732971191,14.390000343322754,14.5,6.204780101776123,7100
2008-01-15,14.40999984741211,14.40999984741211,14.40999984741211,14.40999984741211,6.166269302368164,500
2008-01-16,14.40999984741211,14.40999984741211,14.369999885559082,14.369999885559082,6.149150848388672,1700
2008-01-17,14.430000305175781,14.470000267028809,14.25,14.25,6.0978007316589355,3500
2008-01-18,14.300000190734863,14.300000190734863,14.149999618530273,14.149999618530273,6.055009841918945,5000
2008-01-22,14.229999542236328,14.229999542236328,14.149999618530273,14.149999618530273,6.055009841918945,14500
2008-01-23,14.149999618530273,14.170000076293945,14.09000015258789,14.09000015258789,6.029333591461182,9700
2008-01-24,14.09000015258789,14.09000015258789,13.880000114440918,13.949999809265137,5.969429016113281,18500
2008-01-25,13.890000343322754,13.920000076293945,13.850000381469727,13.850000381469727,5.926634311676025,4100
2008-01-28,13.899999618530273,13.949999809265137,13.420000076293945,13.829999923706055,5.918078899383545,9700
2008-01-29,13.829999923706055,13.949999809265137,13.729999542236328,13.90999984741211,5.952310085296631,13400
2008-01-30,13.8100004196167,13.90999984741211,13.8100004196167,13.90999984741211,5.952310085296631,2800
2008-01-31,13.949999809265137,14.050000190734863,13.850000381469727,13.970000267028809,5.977982044219971,4900
2008-02-01,13.970000267028809,14.050000190734863,13.970000267028809,14.0,5.990819454193115,1400
2008-02-04,14.479999542236328,14.479999542236328,14.069999694824219,14.199999809265137,6.0764055252075195,10100
2008-02-05,14.229999542236328,14.229999542236328,14.210000038146973,14.220000267028809,6.084965229034424,4100
2008-02-06,14.199999809265137,14.199999809265137,14.130000114440918,14.15999984741211,6.059290409088135,4300
2008-02-07,14.229999542236328,14.229999542236328,14.229999542236328,14.229999542236328,6.089245319366455,600
2008-02-08,14.229999542236328,14.229999542236328,14.010000228881836,14.109999656677246,6.037894248962402,5800
2008-02-11,14.100000381469727,14.100000381469727,14.100000381469727,14.100000381469727,6.0336151123046875,800
2008-02-12,14.079999923706055,14.149999618530273,14.079999923706055,14.149999618530273,6.055009841918945,6900
2008-02-13,14.069999694824219,14.199999809265137,13.930000305175781,13.989999771118164,6.009905815124512,16400
2008-02-14,13.890000343322754,13.890000343322754,13.229999542236328,13.350000381469727,5.734963893890381,30600
2008-02-15,13.25,13.369999885559082,13.15999984741211,13.369999885559082,5.743556499481201,10100
2008-02-19,13.329999923706055,13.489999771118164,13.260000228881836,13.489999771118164,5.795112133026123,6600
2008-02-20,13.470000267028809,13.479999542236328,13.399999618530273,13.479999542236328,5.7908148765563965,5600
2008-02-21,13.399999618530273,13.470000267028809,13.350000381469727,13.470000267028809,5.786516189575195,3100
2008-02-22,13.25,13.25,13.050000190734863,13.199999809265137,5.670534133911133,8700
2008-02-25,13.210000038146973,13.489999771118164,13.1899995803833,13.430000305175781,5.769335746765137,12900
2008-02-26,13.430000305175781,13.449999809265137,13.350000381469727,13.350000381469727,5.734963893890381,3900
2008-02-27,13.449999809265137,13.449999809265137,13.25,13.25,5.692009925842285,10400
2008-02-28,13.270000457763672,13.270000457763672,13.109999656677246,13.180000305175781,5.6619391441345215,4400
2008-02-29,13.100000381469727,13.149999618530273,13.0,13.0,5.584615230560303,14200
2008-03-03,13.0,13.130000114440918,13.0,13.100000381469727,5.6275715827941895,6800
2008-03-04,13.119999885559082,13.119999885559082,12.920000076293945,13.0600004196167,5.610387325286865,14800
2008-03-05,13.050000190734863,13.220000267028809,13.050000190734863,13.220000267028809,5.6791205406188965,7700
2008-03-06,13.199999809265137,13.199999809265137,13.119999885559082,13.199999809265137,5.670534133911133,9900
2008-03-07,13.15999984741211,13.15999984741211,13.039999961853027,13.039999961853027,5.601797580718994,10300
2008-03-10,13.109999656677246,13.220000267028809,13.0600004196167,13.149999618530273,5.649049758911133,14000
2008-03-11,13.170000076293945,13.319999694824219,13.170000076293945,13.319999694824219,5.722081184387207,9400
2008-03-12,13.210000038146973,13.399999618530273,13.210000038146973,13.210000038146973,5.698358058929443,11500
2008-03-13,13.210000038146973,13.529999732971191,13.020000457763672,13.529999732971191,5.836391448974609,14200
2008-03-14,13.430000305175781,13.489999771118164,13.279999732971191,13.489999771118164,5.819137096405029,3200
2008-03-17,13.449999809265137,13.449999809265137,13.140000343322754,13.15999984741211,5.676788806915283,2600
2008-03-18,13.0600004196167,13.149999618530273,13.010000228881836,13.149999618530273,5.672472953796387,7800
2008-03-19,13.0600004196167,13.100000381469727,12.9399995803833,12.9399995803833,5.581882953643799,9900
2008-03-20,12.979999542236328,12.979999542236328,12.979999542236328,12.979999542236328,5.599137783050537,1200
2008-03-24,13.020000457763672,13.09000015258789,13.020000457763672,13.020000457763672,5.616397380828857,5000
2008-03-25,13.109999656677246,13.109999656677246,12.899999618530273,13.069999694824219,5.63796854019165,14500
2008-03-26,13.020000457763672,13.050000190734863,12.600000381469727,13.050000190734863,5.629336357116699,37800
2008-03-27,13.0600004196167,13.149999618530273,13.0600004196167,13.149999618530273,5.672472953796387,2400
2008-03-28,13.15999984741211,13.229999542236328,13.140000343322754,13.140000343322754,5.668161869049072,5400
2008-03-31,13.229999542236328,13.229999542236328,13.210000038146973,13.210000038146973,5.698358058929443,2900
2008-04-01,13.270000457763672,13.289999961853027,13.25,13.289999961853027,5.732865333557129,3800
2008-04-02,13.34000015258789,13.399999618530273,13.239999771118164,13.399999618530273,5.780320644378662,7400
2008-04-03,13.390000343322754,13.399999618530273,13.390000343322754,13.399999618530273,5.780320644378662,700
2008-04-04,13.430000305175781,13.470000267028809,13.430000305175781,13.470000267028809,5.810507774353027,1500
2008-04-07,13.470000267028809,13.600000381469727,13.470000267028809,13.59000015258789,5.862274169921875,12300
2008-04-08,13.550000190734863,13.5600004196167,13.470000267028809,13.470000267028809,5.810507774353027,2300
2008-04-09,13.470000267028809,13.470000267028809,13.470000267028809,13.470000267028809,5.810507774353027,100
2008-04-10,13.470000267028809,13.550000190734863,13.470000267028809,13.539999961853027,5.8407063484191895,2000
2008-04-11,13.5,13.510000228881836,13.489999771118164,13.510000228881836,5.851534366607666,1200
2008-04-14,13.489999771118164,13.489999771118164,13.350000381469727,13.350000381469727,5.782236576080322,4200
2008-04-15,13.3100004196167,13.3100004196167,13.3100004196167,13.3100004196167,5.7649102210998535,1200
2008-04-16,13.3100004196167,13.4399995803833,13.3100004196167,13.4399995803833,5.821215629577637,4800
2008-04-17,13.350000381469727,13.539999961853027,13.300000190734863,13.449999809265137,5.8255486488342285,11800
2008-04-18,13.470000267028809,13.550000190734863,13.470000267028809,13.510000228881836,5.851534366607666,4900
2008-04-21,13.420000076293945,13.420000076293945,13.34000015258789,13.34000015258789,5.777902126312256,3100
2008-04-22,13.34000015258789,13.34000015258789,13.300000190734863,13.300000190734863,5.760580539703369,1000
2008-04-23,13.300000190734863,13.359999656677246,13.270000457763672,13.359999656677246,5.786569118499756,2000
2008-04-24,13.390000343322754,13.390000343322754,13.390000343322754,13.390000343322754,5.799559593200684,400
2008-04-25,13.390000343322754,13.5,13.390000343322754,13.470000267028809,5.834210395812988,7000
2008-04-28,13.470000267028809,13.5,13.470000267028809,13.489999771118164,5.8428730964660645,1300
2008-04-29,13.510000228881836,13.550000190734863,13.510000228881836,13.550000190734863,5.868861675262451,1700
2008-04-30,13.5,13.5,13.399999618530273,13.399999618530273,5.803893089294434,3000
2008-05-01,13.460000038146973,13.479999542236328,13.350000381469727,13.420000076293945,5.81254768371582,4600
2008-05-02,13.470000267028809,13.479999542236328,13.470000267028809,13.479999542236328,5.838540077209473,700
2008-05-05,13.510000228881836,13.510000228881836,13.380000114440918,13.380000114440918,5.795231342315674,1100
2008-05-06,13.479999542236328,13.479999542236328,13.25,13.380000114440918,5.795231342315674,8300
2008-05-07,13.430000305175781,13.529999732971191,13.329999923706055,13.369999885559082,5.790894985198975,4300
2008-05-08,13.34000015258789,13.420000076293945,13.34000015258789,13.420000076293945,5.81254768371582,400
2008-05-09,13.479999542236328,13.5,13.359999656677246,13.5,5.847201824188232,800
2008-05-12,13.449999809265137,13.619999885559082,13.449999809265137,13.619999885559082,5.899177074432373,7400
2008-05-13,13.510000228881836,13.510000228881836,13.510000228881836,13.510000228881836,5.875262260437012,700
2008-05-14,13.470000267028809,13.470000267028809,13.4399995803833,13.4399995803833,5.844815254211426,1000
2008-05-15,13.5,13.539999961853027,13.5,13.539999961853027,5.888308048248291,1900
2008-05-16,13.539999961853027,13.539999961853027,13.520000457763672,13.520000457763672,5.879610061645508,1000
2008-05-19,13.489999771118164,13.489999771118164,13.489999771118164,13.489999771118164,5.8665618896484375,100
2008-05-20,13.479999542236328,13.5,13.399999618530273,13.5,5.870911598205566,7600
2008-05-21,13.529999732971191,13.529999732971191,13.449999809265137,13.449999809265137,5.849170207977295,1400
2008-05-22,13.529999732971191,13.529999732971191,13.529999732971191,13.529999732971191,5.8839569091796875,500
2008-05-23,13.539999961853027,13.579999923706055,13.539999961853027,13.579999923706055,5.905704498291016,800
2008-05-27,13.569999694824219,13.569999694824219,13.5,13.5,5.870911598205566,800
2008-05-28,13.5600004196167,13.5600004196167,13.449999809265137,13.479999542236328,5.862211227416992,1800
2008-05-29,13.529999732971191,13.529999732971191,13.529999732971191,13.529999732971191,5.8839569091796875,200
2008-05-30,13.539999961853027,13.5600004196167,13.479999542236328,13.479999542236328,5.862211227416992,1300
2008-06-02,13.550000190734863,13.550000190734863,13.539999961853027,13.539999961853027,5.888308048248291,700
2008-06-03,13.579999923706055,13.579999923706055,13.479999542236328,13.529999732971191,5.8839569091796875,2100
2008-06-04,13.520000457763672,13.579999923706055,13.479999542236328,13.579999923706055,5.905704498291016,16500
2008-06-05,13.550000190734863,13.600000381469727,13.550000190734863,13.600000381469727,5.914401054382324,3500
2008-06-06,13.489999771118164,13.539999961853027,13.449999809265137,13.529999732971191,5.8839569091796875,1900
2008-06-09,13.5,13.539999961853027,13.449999809265137,13.489999771118164,5.8665618896484375,7300
2008-06-10,13.449999809265137,13.449999809265137,13.350000381469727,13.449999809265137,5.849170207977295,1900
2008-06-11,13.390000343322754,13.470000267028809,13.390000343322754,13.390000343322754,5.846989154815674,11900
2008-06-12,13.289999961853027,13.289999961853027,13.239999771118164,13.239999771118164,5.781483173370361,3900
2008-06-13,13.239999771118164,13.239999771118164,13.1899995803833,13.1899995803833,5.759649276733398,2500
2008-06-16,13.199999809265137,13.350000381469727,13.199999809265137,13.260000228881836,5.790218830108643,6600
2008-06-17,13.260000228881836,13.260000228881836,13.260000228881836,13.260000228881836,5.790218830108643,0
2008-06-18,13.199999809265137,13.199999809265137,13.0600004196167,13.0600004196167,5.702883243560791,3900
2008-06-19,13.0600004196167,13.0600004196167,13.0600004196167,13.0600004196167,5.702883243560791,0
2008-06-20,12.960000038146973,12.960000038146973,12.859999656677246,12.899999618530273,5.63301420211792,3100
2008-06-23,12.819999694824219,12.9399995803833,12.819999694824219,12.9399995803833,5.650485038757324,1500
2008-06-24,12.859999656677246,13.149999618530273,12.859999656677246,13.149999618530273,5.742187976837158,10500
2008-06-25,13.140000343322754,13.170000076293945,13.020000457763672,13.069999694824219,5.707250595092773,2800
2008-06-26,13.199999809265137,13.199999809265137,13.199999809265137,13.199999809265137,5.764020919799805,2000
2008-06-27,13.210000038146973,13.25,13.210000038146973,13.220000267028809,5.772750377655029,2300
2008-06-30,13.319999694824219,13.359999656677246,13.25,13.359999656677246,5.833883762359619,3800
2008-07-01,13.260000228881836,13.359999656677246,13.25,13.25,5.785854816436768,3900
2008-07-02,13.25,13.25,13.25,13.25,5.785854816436768,1500
2008-07-03,13.25,13.25,13.25,13.25,5.785854816436768,0
2008-07-07,13.239999771118164,13.239999771118164,13.210000038146973,13.210000038146973,5.768383026123047,1600
2008-07-08,13.319999694824219,13.319999694824219,13.319999694824219,13.319999694824219,5.816417694091797,2900
2008-07-09,13.319999694824219,13.319999694824219,13.319999694824219,13.319999694824219,5.816417694091797,0
2008-07-10,13.319999694824219,13.319999694824219,13.319999694824219,13.319999694824219,5.816417694091797,0
2008-07-11,13.270000457763672,13.5,13.270000457763672,13.399999618530273,5.875613689422607,6200
2008-07-14,13.649999618530273,13.699999809265137,13.5,13.600000381469727,5.9633073806762695,7000
2008-07-15,13.600000381469727,13.609999656677246,13.600000381469727,13.609999656677246,5.967693328857422,8100
2008-07-16,13.600000381469727,13.600000381469727,13.449999809265137,13.449999809265137,5.897536754608154,3400
2008-07-17,13.449999809265137,13.550000190734863,13.449999809265137,13.550000190734863,5.941383361816406,1700
2008-07-18,13.550000190734863,13.699999809265137,13.5,13.600000381469727,5.9633073806762695,11700
2008-07-21,13.600000381469727,13.600000381469727,13.600000381469727,13.600000381469727,5.9633073806762695,0
2008-07-22,13.600000381469727,13.699999809265137,13.600000381469727,13.699999809265137,6.00715970993042,600
2008-07-23,13.600000381469727,13.600000381469727,13.600000381469727,13.600000381469727,5.9633073806762695,500
2008-07-24,13.5,13.5,13.449999809265137,13.449999809265137,5.897536754608154,1000
2008-07-25,13.449999809265137,13.449999809265137,13.449999809265137,13.449999809265137,5.897536754608154,0
2008-07-28,13.449999809265137,13.449999809265137,13.449999809265137,13.449999809265137,5.897536754608154,0
2008-07-29,13.550000190734863,13.550000190734863,13.300000190734863,13.300000190734863,5.831765651702881,3600
2008-07-30,13.300000190734863,13.300000190734863,13.300000190734863,13.300000190734863,5.831765651702881,1900
2008-07-31,13.350000381469727,13.449999809265137,13.350000381469727,13.430000305175781,5.888767719268799,800
2008-08-01,13.550000190734863,13.550000190734863,13.350000381469727,13.550000190734863,5.941383361816406,1000
2008-08-04,13.550000190734863,13.550000190734863,13.550000190734863,13.550000190734863,5.941383361816406,200
2008-08-05,13.449999809265137,13.449999809265137,13.25,13.380000114440918,5.866842746734619,6300
2008-08-06,13.380000114440918,13.380000114440918,13.380000114440918,13.380000114440918,5.866842746734619,1200
2008-08-07,13.380000114440918,13.380000114440918,13.380000114440918,13.380000114440918,5.866842746734619,300
2008-08-08,13.279999732971191,13.279999732971191,13.229999542236328,13.229999542236328,5.80107307434082,2000
2008-08-11,13.180000305175781,13.180000305175781,13.119999885559082,13.119999885559082,5.752838134765625,3500
2008-08-12,13.180000305175781,13.180000305175781,13.180000305175781,13.180000305175781,5.779148101806641,700
2008-08-13,13.180000305175781,13.180000305175781,13.180000305175781,13.180000305175781,5.8033623695373535,0
2008-08-14,13.140000343322754,13.140000343322754,13.069999694824219,13.069999694824219,5.7549285888671875,5200
2008-08-15,13.0600004196167,13.119999885559082,13.0600004196167,13.109999656677246,5.7725419998168945,3900
2008-08-18,13.119999885559082,13.140000343322754,13.0600004196167,13.140000343322754,5.785752296447754,11000
2008-08-19,13.0600004196167,13.0600004196167,13.0600004196167,13.0600004196167,5.750524520874023,200
2008-08-20,13.140000343322754,13.149999618530273,13.140000343322754,13.149999618530273,5.790156364440918,400
2008-08-21,13.0600004196167,13.0600004196167,12.890000343322754,12.979999542236328,5.715301036834717,8300
2008-08-22,12.989999771118164,13.020000457763672,12.989999771118164,13.020000457763672,5.732912540435791,900
2008-08-25,13.010000228881836,13.050000190734863,13.0,13.050000190734863,5.746119499206543,500
2008-08-26,13.050000190734863,13.050000190734863,13.050000190734863,13.050000190734863,5.746119499206543,0
2008-08-27,13.0600004196167,13.180000305175781,13.0600004196167,13.180000305175781,5.8033623695373535,9300
2008-08-28,13.300000190734863,13.59000015258789,13.300000190734863,13.520000457763672,5.95306921005249,11600
2008-08-29,13.520000457763672,13.619999885559082,13.350000381469727,13.449999809265137,5.9222517013549805,6800
2008-09-02,13.680000305175781,13.680000305175781,13.449999809265137,13.649999618530273,6.01031494140625,9300
2008-09-03,13.649999618530273,13.649999618530273,13.649999618530273,13.649999618530273,6.01031494140625,200
2008-09-04,13.649999618530273,13.649999618530273,13.649999618530273,13.649999618530273,6.01031494140625,300
2008-09-05,13.600000381469727,13.600000381469727,13.5600004196167,13.5600004196167,5.970684051513672,1000
2008-09-08,13.520000457763672,13.520000457763672,13.210000038146973,13.210000038146973,5.816572189331055,900
2008-09-09,13.5,13.5,13.449999809265137,13.449999809265137,5.9222517013549805,3600
2008-09-10,13.449999809265137,13.470000267028809,13.449999809265137,13.470000267028809,5.931056499481201,2400
2008-09-11,13.3100004196167,13.3100004196167,13.3100004196167,13.3100004196167,5.884632587432861,300
2008-09-12,13.260000228881836,13.279999732971191,13.260000228881836,13.279999732971191,5.871372222900391,400
2008-09-15,13.3100004196167,13.510000228881836,13.079999923706055,13.130000114440918,5.805053234100342,2700
2008-09-16,13.050000190734863,13.050000190734863,12.800000190734863,12.800000190734863,5.6591477394104,3100
2008-09-17,12.829999923706055,12.829999923706055,12.520000457763672,12.529999732971191,5.539778709411621,5400
2008-09-18,12.510000228881836,12.510000228881836,12.050000190734863,12.25,5.415987491607666,7500
2008-09-19,12.350000381469727,13.050000190734863,12.350000381469727,12.529999732971191,5.539778709411621,5100
2008-09-22,12.529999732971191,12.529999732971191,12.5,12.5,5.526515007019043,1900
2008-09-23,12.470000267028809,12.470000267028809,12.399999618530273,12.40999984741211,5.486723899841309,3500
2008-09-24,12.449999809265137,12.949999809265137,12.449999809265137,12.8100004196167,5.663573265075684,4400
2008-09-25,12.5,12.510000228881836,12.399999618530273,12.399999618530273,5.482300758361816,3700
2008-09-26,12.539999961853027,12.550000190734863,12.5,12.5,5.526515007019043,300
2008-09-29,12.350000381469727,12.350000381469727,11.75,11.75,5.194925308227539,3300
2008-09-30,11.899999618530273,11.899999618530273,11.5,11.520000457763672,5.093234539031982,6500
2008-10-01,12.4399995803833,12.4399995803833,11.670000076293945,11.75,5.194925308227539,900
2008-10-02,12.0,12.149999618530273,11.899999618530273,12.149999618530273,5.371774673461914,2400
2008-10-03,12.130000114440918,12.130000114440918,11.800000190734863,11.800000190734863,5.21702766418457,3100
2008-10-06,11.75,11.75,10.699999809265137,10.75,4.75280237197876,5200
2008-10-07,10.800000190734863,10.800000190734863,10.699999809265137,10.770000457763672,4.761646747589111,2600
2008-10-08,10.199999809265137,10.630000114440918,10.130000114440918,10.369999885559082,4.584799289703369,2600
2008-10-09,10.489999771118164,10.489999771118164,9.529999732971191,9.630000114440918,4.257627010345459,3600
2008-10-10,9.649999618530273,9.649999618530273,7.760000228881836,8.350000381469727,3.712918758392334,6200
2008-10-13,8.430000305175781,9.449999809265137,8.430000305175781,9.449999809265137,4.202047824859619,21200
2008-10-14,9.210000038146973,10.300000190734863,9.210000038146973,10.0,4.4466071128845215,7900
2008-10-15,9.850000381469727,9.850000381469727,9.180000305175781,9.5,4.224276542663574,8900
2008-10-16,9.5,9.5,9.5,9.5,4.224276542663574,300
2008-10-17,9.649999618530273,9.770000457763672,9.630000114440918,9.770000457763672,4.344333648681641,2600
2008-10-20,10.0,10.270000457763672,9.770000457763672,10.25,4.557770252227783,4100
2008-10-21,10.149999618530273,10.15999984741211,10.149999618530273,10.15999984741211,4.517753601074219,200
2008-10-22,10.079999923706055,10.380000114440918,10.079999923706055,10.380000114440918,4.61557674407959,16400
2008-10-23,10.449999809265137,10.800000190734863,10.449999809265137,10.800000190734863,4.802337646484375,5700
2008-10-24,10.649999618530273,11.0,10.649999618530273,11.0,4.891271114349365,5000
2008-10-27,10.9399995803833,10.949999809265137,10.800000190734863,10.949999809265137,4.86903715133667,3900
2008-10-28,10.949999809265137,11.0,10.800000190734863,10.960000038146973,4.873483657836914,20000
2008-10-29,10.960000038146973,11.25,10.880000114440918,11.25,5.002431392669678,5000
2008-10-30,11.149999618530273,11.170000076293945,11.039999961853027,11.039999961853027,4.9090576171875,2200
2008-10-31,11.979999542236328,11.979999542236328,11.079999923706055,11.079999923706055,4.926844120025635,1000
2008-11-03,11.350000381469727,11.350000381469727,11.0600004196167,11.09000015258789,4.93129301071167,6400
2008-11-04,12.0600004196167,12.0600004196167,11.0,11.0,4.891271114349365,1500
2008-11-05,11.020000457763672,11.069999694824219,11.020000457763672,11.069999694824219,4.922391891479492,1500
2008-11-06,11.039999961853027,11.09000015258789,11.039999961853027,11.09000015258789,4.93129301071167,1300
2008-11-07,11.119999885559082,11.210000038146973,11.119999885559082,11.149999618530273,4.957967758178711,8700
2008-11-10,11.149999618530273,11.149999618530273,11.149999618530273,11.149999618530273,4.957967758178711,200
2008-11-11,11.170000076293945,11.170000076293945,11.100000381469727,11.170000076293945,4.966862201690674,1900
2008-11-12,11.449999809265137,11.449999809265137,11.199999809265137,11.199999809265137,5.004843711853027,2400
2008-11-13,11.0600004196167,11.069999694824219,11.0600004196167,11.0600004196167,4.942285060882568,1500
2008-11-14,11.119999885559082,11.119999885559082,11.039999961853027,11.039999961853027,4.933346748352051,1200
2008-11-17,11.010000228881836,11.010000228881836,10.489999771118164,10.489999771118164,4.687572479248047,5700
2008-11-18,10.699999809265137,10.899999618530273,10.449999809265137,10.899999618530273,4.870785236358643,2800
2008-11-19,10.779999732971191,10.779999732971191,10.449999809265137,10.470000267028809,4.678631782531738,1600
2008-11-20,10.40999984741211,10.40999984741211,10.34000015258789,10.350000381469727,4.6250128746032715,1600
2008-11-21,10.0,10.199999809265137,9.949999809265137,10.039999961853027,4.486484527587891,6900
2008-11-24,10.149999618530273,10.369999885559082,10.149999618530273,10.350000381469727,4.6250128746032715,7900
2008-11-25,10.369999885559082,10.369999885559082,10.300000190734863,10.300000190734863,4.6026692390441895,11300
2008-11-26,10.300000190734863,10.300000190734863,10.300000190734863,10.300000190734863,4.6026692390441895,2500
2008-11-28,11.109999656677246,11.109999656677246,10.15999984741211,10.300000190734863,4.6026692390441895,1000
2008-12-01,10.979999542236328,10.979999542236328,10.170000076293945,10.180000305175781,4.549046039581299,7200
2008-12-02,10.550000190734863,10.550000190734863,10.140000343322754,10.149999618530273,4.535643577575684,3000
2008-12-03,10.229999542236328,10.399999618530273,10.229999542236328,10.399999618530273,4.6473565101623535,5000
2008-12-04,10.899999618530273,10.899999618530273,9.899999618530273,9.899999618530273,4.423925399780273,14300
2008-12-05,9.899999618530273,9.899999618530273,8.649999618530273,9.510000228881836,4.249650955200195,18300
2008-12-08,9.510000228881836,9.510000228881836,9.510000228881836,9.510000228881836,4.249650955200195,700
2008-12-09,9.520000457763672,9.550000190734863,9.40999984741211,9.520000457763672,4.254116058349609,2900
2008-12-10,9.4399995803833,9.5,8.979999542236328,9.069999694824219,4.053030014038086,11800
2008-12-11,8.920000076293945,9.0,8.84000015258789,9.0,4.04987907409668,4400
2008-12-12,9.0,9.109999656677246,8.819999694824219,8.819999694824219,3.9688832759857178,8000
2008-12-15,8.829999923706055,8.869999885559082,8.670000076293945,8.75,3.9373843669891357,6500
2008-12-16,8.649999618530273,9.0600004196167,8.0,8.649999618530273,3.8923864364624023,22200
2008-12-17,8.729999542236328,8.949999809265137,8.729999542236328,8.90999984741211,4.0093817710876465,17300
2008-12-18,9.0,10.5,9.0,10.020000457763672,4.5088677406311035,52500
2008-12-19,10.020000457763672,10.609999656677246,10.020000457763672,10.149999618530273,4.567368507385254,11400
2008-12-22,10.050000190734863,10.050000190734863,10.020000457763672,10.029999732971191,4.513364791870117,6500
2008-12-23,10.039999961853027,10.25,10.039999961853027,10.199999809265137,4.58986234664917,7300
2008-12-24,10.300000190734863,10.5,10.300000190734863,10.460000038146973,4.7068586349487305,6100
2008-12-26,10.359999656677246,10.369999885559082,10.270000457763672,10.289999961853027,4.630363464355469,4700
2008-12-29,9.859999656677246,10.449999809265137,9.859999656677246,10.079999923706055,4.535865783691406,33900
2008-12-30,10.229999542236328,10.399999618530273,9.960000038146973,10.300000190734863,4.634862899780273,10100
2008-12-31,10.979999542236328,10.979999542236328,10.149999618530273,10.359999656677246,4.661862850189209,16900
2009-01-02,10.15999984741211,10.470000267028809,10.15999984741211,10.470000267028809,4.711358070373535,19900
2009-01-05,10.880000114440918,10.880000114440918,10.539999961853027,10.779999732971191,4.850859642028809,8600
2009-01-06,10.779999732971191,11.15999984741211,10.779999732971191,11.15999984741211,5.021853446960449,5900
2009-01-07,11.149999618530273,11.239999771118164,11.149999618530273,11.199999809265137,5.03985071182251,7800
2009-01-08,11.0,11.350000381469727,11.0,11.34000015258789,5.102848052978516,4400
2009-01-09,11.5,12.069999694824219,11.5,12.0600004196167,5.426838397979736,19900
2009-01-12,12.140000343322754,12.220000267028809,12.140000343322754,12.199999809265137,5.489836692810059,6800
2009-01-13,12.25,12.930000305175781,12.25,12.449999809265137,5.6277079582214355,5300
2009-01-14,12.359999656677246,12.359999656677246,12.3100004196167,12.329999923706055,5.573462963104248,2400
2009-01-15,12.170000076293945,12.289999961853027,11.949999809265137,11.989999771118164,5.419775009155273,4000
2009-01-16,11.949999809265137,12.149999618530273,11.949999809265137,12.0,5.42429256439209,1300
2009-01-20,11.800000190734863,13.0,11.710000038146973,11.920000076293945,5.388134956359863,4300
2009-01-21,11.960000038146973,12.0,11.960000038146973,12.0,5.42429256439209,1000
2009-01-22,12.0,12.0,11.75,11.760000228881836,5.315814018249512,3800
2009-01-23,11.550000190734863,11.75,11.550000190734863,11.720000267028809,5.297727108001709,800
2009-01-26,11.75,11.760000228881836,11.75,11.760000228881836,5.315814018249512,300
2009-01-27,11.640000343322754,11.829999923706055,11.630000114440918,11.819999694824219,5.342926979064941,3900
2009-01-28,11.970000267028809,12.300000190734863,11.970000267028809,12.25,5.537299633026123,9200
2009-01-29,12.399999618530273,12.449999809265137,12.079999923706055,12.300000190734863,5.559902667999268,3200
2009-01-30,12.390000343322754,12.399999618530273,12.300000190734863,12.300000190734863,5.559902667999268,3700
2009-02-02,12.949999809265137,12.949999809265137,12.130000114440918,12.130000114440918,5.483056545257568,3100
2009-02-03,12.949999809265137,12.949999809265137,12.279999732971191,12.699999809265137,5.740710258483887,9400
2009-02-04,12.760000228881836,12.800000190734863,12.510000228881836,12.579999923706055,5.686466217041016,4500
2009-02-05,12.420000076293945,12.420000076293945,12.390000343322754,12.390000343322754,5.600584030151367,700
2009-02-06,12.3100004196167,12.350000381469727,12.300000190734863,12.3100004196167,5.564424514770508,2900
2009-02-09,12.270000457763672,12.319999694824219,12.199999809265137,12.319999694824219,5.568943023681641,3500
2009-02-10,12.25,12.3100004196167,12.25,12.260000228881836,5.541821479797363,7200
2009-02-11,12.25,12.600000381469727,12.25,12.600000381469727,5.721174240112305,4500
2009-02-12,12.600000381469727,12.600000381469727,12.420000076293945,12.59000015258789,5.716634273529053,4100
2009-02-13,12.520000457763672,12.520000457763672,11.920000076293945,11.949999809265137,5.426034450531006,41100
2009-02-17,11.850000381469727,11.869999885559082,11.770000457763672,11.8100004196167,5.362465858459473,3600
2009-02-18,11.699999809265137,11.859999656677246,11.699999809265137,11.84000015258789,5.3760905265808105,7500
2009-02-19,11.84000015258789,11.84000015258789,11.609999656677246,11.609999656677246,5.271655082702637,12300
2009-02-20,11.550000190734863,11.600000381469727,11.029999732971191,11.069999694824219,5.02646017074585,7300
2009-02-23,11.069999694824219,11.100000381469727,11.039999961853027,11.039999961853027,5.0128397941589355,4300
2009-02-24,11.039999961853027,11.260000228881836,11.039999961853027,11.260000228881836,5.112733364105225,7700
2009-02-25,11.260000228881836,11.479999542236328,11.260000228881836,11.479999542236328,5.212625980377197,2900
2009-02-26,11.550000190734863,11.550000190734863,11.550000190734863,11.550000190734863,5.244409084320068,1200
2009-02-27,11.4399995803833,11.550000190734863,11.4399995803833,11.550000190734863,5.244409084320068,3800
2009-03-02,12.470000267028809,12.470000267028809,11.5,11.609999656677246,5.271655082702637,4700
2009-03-03,12.5,12.5,11.430000305175781,11.460000038146973,5.203542232513428,5400
2009-03-04,11.319999694824219,11.479999542236328,11.260000228881836,11.479999542236328,5.212625980377197,4900
2009-03-05,12.300000190734863,12.300000190734863,11.399999618530273,11.399999618530273,5.176302909851074,200
2009-03-06,12.350000381469727,12.350000381469727,11.399999618530273,11.399999618530273,5.176302909851074,1300
2009-03-09,11.369999885559082,11.369999885559082,11.369999885559082,11.369999885559082,5.162680149078369,100
2009-03-10,11.369999885559082,11.369999885559082,11.25,11.359999656677246,5.158139705657959,2500
2009-03-11,11.25,11.25,11.149999618530273,11.149999618530273,5.0874152183532715,6200
2009-03-12,11.069999694824219,11.199999809265137,11.069999694824219,11.109999656677246,5.069164752960205,4100
2009-03-13,11.020000457763672,11.050000190734863,11.020000457763672,11.050000190734863,5.041788578033447,900
2009-03-16,11.020000457763672,11.050000190734863,11.020000457763672,11.050000190734863,5.041788578033447,800
2009-03-17,11.039999961853027,11.09000015258789,11.039999961853027,11.039999961853027,5.037228584289551,2000
2009-03-18,11.899999618530273,11.899999618530273,10.859999656677246,11.039999961853027,5.037228584289551,3900
2009-03-19,11.020000457763672,11.100000381469727,11.020000457763672,11.050000190734863,5.041788578033447,8200
2009-03-20,11.039999961853027,11.149999618530273,11.039999961853027,11.149999618530273,5.0874152183532715,6700
2009-03-23,11.15999984741211,11.369999885559082,11.15999984741211,11.3100004196167,5.160421371459961,2800
2009-03-24,11.369999885559082,11.369999885559082,11.319999694824219,11.319999694824219,5.16498327255249,3600
2009-03-25,11.369999885559082,11.470000267028809,11.369999885559082,11.399999618530273,5.201483726501465,4200
2009-03-26,11.5,11.670000076293945,11.430000305175781,11.600000381469727,5.2927374839782715,2600
2009-03-27,11.5600004196167,11.699999809265137,11.5600004196167,11.6899995803833,5.33380126953125,5000
2009-03-30,11.649999618530273,11.649999618530273,11.630000114440918,11.649999618530273,5.315554618835449,4400
2009-03-31,11.640000343322754,11.6899995803833,11.619999885559082,11.6899995803833,5.33380126953125,1100
2009-04-01,11.989999771118164,11.989999771118164,11.6899995803833,11.720000267028809,5.347488880157471,5500
2009-04-02,11.979999542236328,11.979999542236328,11.75,11.819999694824219,5.3931169509887695,2000
2009-04-03,11.720000267028809,11.720000267028809,11.720000267028809,11.720000267028809,5.347488880157471,700
2009-04-06,11.720000267028809,11.760000228881836,11.710000038146973,11.760000228881836,5.365739822387695,2000
2009-04-07,11.760000228881836,11.850000381469727,11.760000228881836,11.850000381469727,5.406806945800781,2000
2009-04-08,11.890000343322754,12.0,11.890000343322754,12.0,5.475246429443359,900
2009-04-09,12.0,12.09000015258789,11.920000076293945,12.069999694824219,5.507185459136963,4200
2009-04-13,12.039999961853027,12.050000190734863,11.829999923706055,11.850000381469727,5.431557655334473,3200
2009-04-14,11.880000114440918,11.880000114440918,11.699999809265137,11.699999809265137,5.362805366516113,5800
2009-04-15,11.729999542236328,11.729999542236328,11.699999809265137,11.699999809265137,5.362805366516113,7100
2009-04-16,11.729999542236328,11.729999542236328,11.729999542236328,11.729999542236328,5.376553535461426,2100
2009-04-17,11.760000228881836,11.760000228881836,11.699999809265137,11.699999809265137,5.362805366516113,1500
2009-04-20,11.729999542236328,11.729999542236328,11.520000457763672,11.630000114440918,5.330717086791992,18700
2009-04-21,11.6899995803833,12.350000381469727,11.6899995803833,12.350000381469727,5.660735130310059,19000
2009-04-22,12.449999809265137,12.449999809265137,12.199999809265137,12.319999694824219,5.64698600769043,4000
2009-04-23,12.369999885559082,12.5,12.350000381469727,12.5,5.729486465454102,2600
2009-04-24,12.550000190734863,12.550000190734863,12.369999885559082,12.369999885559082,5.669900417327881,3400
2009-04-27,12.5,12.5,12.479999542236328,12.5,5.729486465454102,2000
2009-04-28,12.5,12.550000190734863,12.399999618530273,12.399999618530273,5.683651447296143,4100
2009-04-29,12.270000457763672,12.899999618530273,12.270000457763672,12.510000228881836,5.734074115753174,17100
2009-04-30,12.569999694824219,12.770000457763672,12.569999694824219,12.600000381469727,5.775322914123535,8900
2009-05-01,13.279999732971191,13.279999732971191,12.6899995803833,12.6899995803833,5.816576957702637,800
2009-05-04,13.369999885559082,13.369999885559082,12.8100004196167,12.869999885559082,5.899080753326416,9700
2009-05-05,12.949999809265137,12.949999809265137,12.850000381469727,12.850000381469727,5.8899149894714355,3100
2009-05-06,12.949999809265137,12.949999809265137,12.850000381469727,12.930000305175781,5.926581382751465,2000
2009-05-07,12.949999809265137,12.949999809265137,12.569999694824219,12.630000114440918,5.789079189300537,17700
2009-05-08,12.699999809265137,12.699999809265137,12.600000381469727,12.649999618530273,5.798245906829834,1300
2009-05-11,12.979999542236328,12.979999542236328,12.539999961853027,12.649999618530273,5.798245906829834,10400
2009-05-12,12.710000038146973,12.710000038146973,12.710000038146973,12.710000038146973,5.825745105743408,100
2009-05-13,12.640000343322754,12.649999618530273,12.510000228881836,12.510000228881836,5.758995056152344,6200
2009-05-14,12.510000228881836,12.510000228881836,12.390000343322754,12.420000076293945,5.717557907104492,4800
2009-05-15,12.40999984741211,12.470000267028809,12.399999618530273,12.399999618530273,5.708354949951172,2900
2009-05-18,12.470000267028809,12.649999618530273,12.40999984741211,12.5600004196167,5.782009124755859,7500
2009-05-19,12.5600004196167,12.5600004196167,12.5600004196167,12.5600004196167,5.782009124755859,900
2009-05-20,12.609999656677246,12.75,12.609999656677246,12.6899995803833,5.841855525970459,2500
2009-05-21,12.710000038146973,12.710000038146973,12.619999885559082,12.699999809265137,5.846458435058594,2800
2009-05-22,12.6899995803833,12.6899995803833,12.600000381469727,12.630000114440918,5.814237117767334,3200
2009-05-26,12.630000114440918,12.630000114440918,12.630000114440918,12.630000114440918,5.814237117767334,0
2009-05-27,12.699999809265137,12.729999542236328,12.699999809265137,12.729999542236328,5.8602705001831055,400
2009-05-28,12.729999542236328,12.739999771118164,12.59000015258789,12.729999542236328,5.8602705001831055,3700
2009-05-29,12.729999542236328,12.779999732971191,12.729999542236328,12.770000457763672,5.878684043884277,2600
2009-06-01,12.850000381469727,12.850000381469727,12.630000114440918,12.630000114440918,5.814237117767334,6500
2009-06-02,13.260000228881836,13.279999732971191,12.84000015258789,12.899999618530273,5.93853235244751,3900
2009-06-03,12.899999618530273,12.930000305175781,12.84000015258789,12.899999618530273,5.93853235244751,700
2009-06-04,12.90999984741211,12.90999984741211,12.90999984741211,12.90999984741211,5.9431352615356445,100
2009-06-05,12.90999984741211,12.930000305175781,12.850000381469727,12.930000305175781,5.9523396492004395,1100
2009-06-08,12.949999809265137,12.949999809265137,12.8100004196167,12.850000381469727,5.915512561798096,2100
2009-06-09,12.899999618530273,13.100000381469727,12.59000015258789,12.609999656677246,5.805028915405273,10500
2009-06-10,12.5600004196167,12.649999618530273,12.5600004196167,12.609999656677246,5.805028915405273,2400
2009-06-11,12.569999694824219,12.649999618530273,12.5600004196167,12.649999618530273,5.848955154418945,6000
2009-06-12,12.649999618530273,12.649999618530273,12.600000381469727,12.600000381469727,5.825832366943359,500
2009-06-15,12.380000114440918,12.479999542236328,12.380000114440918,12.399999618530273,5.733362197875977,5000
2009-06-16,12.399999618530273,12.399999618530273,12.399999618530273,12.399999618530273,5.733362197875977,1100
2009-06-17,12.380000114440918,12.460000038146973,12.050000190734863,12.149999618530273,5.617771625518799,11800
2009-06-18,12.1899995803833,12.199999809265137,12.1899995803833,12.199999809265137,5.640886306762695,1000
2009-06-19,12.25,12.300000190734863,12.25,12.25,5.664006233215332,7500
2009-06-22,12.270000457763672,12.270000457763672,12.069999694824219,12.119999885559082,5.603899002075195,3900
2009-06-23,12.119999885559082,12.229999542236328,12.119999885559082,12.149999618530273,5.617771625518799,3500
2009-06-24,12.149999618530273,12.270000457763672,12.130000114440918,12.270000457763672,5.673252582550049,6700
2009-06-25,12.270000457763672,12.420000076293945,12.25,12.420000076293945,5.742605686187744,2100
2009-06-26,12.420000076293945,12.569999694824219,12.420000076293945,12.430000305175781,5.747232437133789,3300
2009-06-29,12.4399995803833,12.539999961853027,12.40999984741211,12.539999961853027,5.798094272613525,3500
2009-06-30,12.520000457763672,12.520000457763672,12.15999984741211,12.380000114440918,5.724112033843994,11900
2009-07-01,12.329999923706055,12.529999732971191,12.329999923706055,12.399999618530273,5.733362197875977,6000
2009-07-02,12.960000038146973,12.960000038146973,12.25,12.25,5.664006233215332,9500
2009-07-06,12.239999771118164,12.380000114440918,12.239999771118164,12.25,5.664006233215332,11600
2009-07-07,12.270000457763672,12.329999923706055,12.130000114440918,12.229999542236328,5.654757499694824,13200
2009-07-08,12.279999732971191,12.369999885559082,12.279999732971191,12.369999885559082,5.719490051269531,2000
2009-07-09,12.359999656677246,12.369999885559082,12.359999656677246,12.369999885559082,5.719490051269531,700
2009-07-10,12.460000038146973,12.460000038146973,12.380000114440918,12.380000114440918,5.724112033843994,1200
2009-07-13,12.359999656677246,12.359999656677246,12.350000381469727,12.350000381469727,5.735724925994873,5900
2009-07-14,12.420000076293945,12.479999542236328,12.380000114440918,12.479999542236328,5.796102046966553,4200
2009-07-15,12.550000190734863,12.579999923706055,12.510000228881836,12.579999923706055,5.842546463012695,1700
2009-07-16,12.600000381469727,12.600000381469727,12.600000381469727,12.600000381469727,5.851830005645752,100
2009-07-17,12.600000381469727,12.6899995803833,12.600000381469727,12.680000305175781,5.888986110687256,4200
2009-07-20,12.710000038146973,12.710000038146973,12.699999809265137,12.699999809265137,5.898273468017578,2400
2009-07-21,12.720000267028809,12.75,12.710000038146973,12.75,5.921494960784912,2700
2009-07-22,12.729999542236328,12.890000343322754,12.710000038146973,12.890000343322754,5.9865193367004395,2100
2009-07-23,12.880000114440918,12.880000114440918,12.850000381469727,12.880000114440918,5.981874465942383,3700
2009-07-24,12.869999885559082,12.989999771118164,12.6899995803833,12.920000076293945,6.000452518463135,19000
2009-07-27,12.9399995803833,13.100000381469727,12.920000076293945,13.020000457763672,6.046896934509277,4200
2009-07-28,13.0600004196167,13.0600004196167,12.859999656677246,12.859999656677246,5.972587585449219,4100
2009-07-29,12.9399995803833,13.0,12.9399995803833,13.0,6.037604808807373,2900
2009-07-30,13.039999961853027,13.300000190734863,13.039999961853027,13.300000190734863,6.176933765411377,9300
2009-07-31,13.300000190734863,13.350000381469727,13.229999542236328,13.350000381469727,6.2001543045043945,3800
2009-08-03,13.40999984741211,13.40999984741211,13.180000305175781,13.180000305175781,6.121203899383545,4700
2009-08-04,14.119999885559082,14.119999885559082,13.180000305175781,13.180000305175781,6.121203899383545,800
2009-08-05,13.25,13.329999923706055,13.149999618530273,13.279999732971191,6.167647838592529,1500
2009-08-06,13.289999961853027,13.399999618530273,13.270000457763672,13.270000457763672,6.1630024909973145,2100
2009-08-07,13.270000457763672,13.34000015258789,13.270000457763672,13.329999923706055,6.1908698081970215,2500
2009-08-10,13.390000343322754,13.390000343322754,13.199999809265137,13.199999809265137,6.130491256713867,2400
2009-08-11,13.25,13.529999732971191,13.229999542236328,13.380000114440918,6.214092254638672,12400
2009-08-12,13.319999694824219,13.489999771118164,13.119999885559082,13.420000076293945,6.258392810821533,9900
2009-08-13,13.4399995803833,13.4399995803833,13.100000381469727,13.210000038146973,6.16045618057251,12900
2009-08-14,13.149999618530273,13.180000305175781,13.100000381469727,13.100000381469727,6.10915994644165,700
2009-08-17,13.270000457763672,13.270000457763672,12.949999809265137,13.050000190734863,6.085845470428467,5700
2009-08-18,13.050000190734863,13.270000457763672,13.050000190734863,13.260000228881836,6.183776378631592,7900
2009-08-19,13.300000190734863,13.329999923706055,13.300000190734863,13.3100004196167,6.207095623016357,1900
2009-08-20,13.3100004196167,13.3100004196167,13.3100004196167,13.3100004196167,6.207095623016357,0
2009-08-21,13.25,13.449999809265137,13.25,13.449999809265137,6.272380352020264,5600
2009-08-24,13.420000076293945,13.430000305175781,13.420000076293945,13.430000305175781,6.26305627822876,1600
2009-08-25,13.479999542236328,13.479999542236328,13.479999542236328,13.479999542236328,6.286375522613525,500
2009-08-26,13.510000228881836,13.510000228881836,13.4399995803833,13.4399995803833,6.267721176147461,400
2009-08-27,13.5,13.609999656677246,13.5,13.609999656677246,6.347002029418945,5100
2009-08-28,13.630000114440918,13.75,13.619999885559082,13.75,6.412287712097168,1800
2009-08-31,13.729999542236328,13.770000457763672,13.729999542236328,13.729999542236328,6.402962684631348,4900
2009-09-01,14.760000228881836,14.760000228881836,13.75,13.75,6.412287712097168,1500
2009-09-02,13.819999694824219,13.949999809265137,13.75,13.859999656677246,6.463586330413818,5700
2009-09-03,13.920000076293945,13.920000076293945,13.600000381469727,13.649999618530273,6.365654468536377,8700
2009-09-04,13.649999618530273,13.649999618530273,13.649999618530273,13.649999618530273,6.365654468536377,0
2009-09-08,13.670000076293945,13.670000076293945,13.5,13.670000076293945,6.3749775886535645,2800
2009-09-09,13.600000381469727,13.600000381469727,13.470000267028809,13.59000015258789,6.337675094604492,6400
2009-09-10,13.569999694824219,13.600000381469727,13.479999542236328,13.59000015258789,6.337675094604492,2500
2009-09-11,13.5600004196167,13.5600004196167,13.489999771118164,13.489999771118164,6.318002700805664,900
2009-09-14,13.520000457763672,13.520000457763672,13.479999542236328,13.520000457763672,6.332056045532227,6200
2009-09-15,13.5600004196167,13.5600004196167,13.449999809265137,13.479999542236328,6.313323497772217,5700
2009-09-16,13.510000228881836,13.739999771118164,13.510000228881836,13.739999771118164,6.4350905418396,2900
2009-09-17,13.789999961853027,13.789999961853027,13.670000076293945,13.670000076293945,6.402304649353027,1700
2009-09-18,13.729999542236328,13.850000381469727,13.65999984741211,13.850000381469727,6.486605167388916,5100
2009-09-21,13.890000343322754,13.960000038146973,13.75,13.819999694824219,6.472560882568359,6300
2009-09-22,14.0,14.0,13.8100004196167,13.970000267028809,6.542806625366211,3400
2009-09-23,14.0,14.0,13.90999984741211,13.989999771118164,6.5521721839904785,1800
2009-09-24,14.0,14.0,13.890000343322754,13.890000343322754,6.505336284637451,1600
2009-09-25,13.920000076293945,13.920000076293945,13.710000038146973,13.710000038146973,6.42103910446167,2800
2009-09-28,13.760000228881836,13.819999694824219,13.760000228881836,13.760000228881836,6.444455623626709,2100
2009-09-29,13.819999694824219,13.84000015258789,13.760000228881836,13.760000228881836,6.444455623626709,1800
2009-09-30,13.859999656677246,13.859999656677246,13.699999809265137,13.699999809265137,6.416357040405273,2500
2009-10-01,13.970000267028809,14.0,13.710000038146973,14.0,6.556859970092773,2100
2009-10-02,14.0,14.170000076293945,13.9399995803833,14.069999694824219,6.589640140533447,7400
2009-10-05,14.130000114440918,14.140000343322754,14.119999885559082,14.119999885559082,6.613059043884277,1000
2009-10-06,14.239999771118164,14.65999984741211,14.199999809265137,14.210000038146973,6.655213356018066,9500
2009-10-07,14.25,14.25,14.1899995803833,14.220000267028809,6.659895420074463,5400
2009-10-08,14.15999984741211,14.15999984741211,13.920000076293945,14.010000228881836,6.5615434646606445,8800
2009-10-09,14.010000228881836,14.050000190734863,13.859999656677246,13.859999656677246,6.491287708282471,7500
2009-10-12,13.75,14.0,13.460000038146973,13.529999732971191,6.336734771728516,7300
2009-10-13,13.5,13.539999961853027,13.5,13.539999961853027,6.368724346160889,1100
2009-10-14,13.550000190734863,13.699999809265137,13.350000381469727,13.350000381469727,6.279356002807617,14300
2009-10-15,13.390000343322754,13.390000343322754,13.199999809265137,13.199999809265137,6.208800315856934,9800
2009-10-16,13.270000457763672,13.359999656677246,13.260000228881836,13.359999656677246,6.284053802490234,1700
2009-10-19,13.399999618530273,13.5,13.399999618530273,13.399999618530273,6.3028669357299805,2300
2009-10-20,13.489999771118164,13.800000190734863,13.489999771118164,13.579999923706055,6.387535572052002,5200
2009-10-21,13.630000114440918,13.75,13.630000114440918,13.75,6.467494010925293,1500
2009-10-22,13.779999732971191,13.779999732971191,13.75,13.75,6.467494010925293,2100
2009-10-23,13.789999961853027,13.9399995803833,13.710000038146973,13.890000343322754,6.533348083496094,2200
2009-10-26,13.989999771118164,13.989999771118164,13.25,13.300000190734863,6.25583553314209,25800
2009-10-27,13.470000267028809,13.470000267028809,13.350000381469727,13.399999618530273,6.3028669357299805,4300
2009-10-28,13.4399995803833,13.489999771118164,13.25,13.270000457763672,6.241720199584961,4400
2009-10-29,13.300000190734863,13.34000015258789,13.199999809265137,13.34000015258789,6.274644374847412,12900
2009-10-30,13.300000190734863,13.350000381469727,13.25,13.319999694824219,6.265242576599121,3200
2009-11-02,14.34000015258789,14.34000015258789,13.319999694824219,13.369999885559082,6.288762092590332,800
2009-11-03,13.399999618530273,13.600000381469727,13.399999618530273,13.420000076293945,6.3122782707214355,1400
2009-11-04,13.5,13.539999961853027,13.5,13.5,6.349906921386719,1100
2009-11-05,13.5,13.5,13.399999618530273,13.399999618530273,6.3028669357299805,8700
2009-11-06,14.430000305175781,14.430000305175781,13.350000381469727,13.350000381469727,6.279356002807617,1700
2009-11-09,13.180000305175781,13.4399995803833,13.180000305175781,13.4399995803833,6.321685791015625,7300
2009-11-10,13.359999656677246,13.359999656677246,13.34000015258789,13.34000015258789,6.301844596862793,500
2009-11-11,13.350000381469727,13.350000381469727,13.350000381469727,13.350000381469727,6.306564807891846,300
2009-11-12,13.270000457763672,13.359999656677246,13.119999885559082,13.119999885559082,6.19791316986084,19200
2009-11-13,13.210000038146973,13.210000038146973,13.0600004196167,13.15999984741211,6.216811656951904,2600
2009-11-16,13.220000267028809,13.220000267028809,13.109999656677246,13.210000038146973,6.2404303550720215,3400
2009-11-17,13.239999771118164,13.300000190734863,13.069999694824219,13.300000190734863,6.282948970794678,11700
2009-11-18,13.34000015258789,13.369999885559082,13.100000381469727,13.25,6.2593255043029785,11800
2009-11-19,13.210000038146973,13.399999618530273,12.989999771118164,13.399999618530273,6.330191612243652,11700
2009-11-20,13.390000343322754,13.390000343322754,13.15999984741211,13.15999984741211,6.216811656951904,1100
2009-11-23,13.270000457763672,13.289999961853027,13.010000228881836,13.069999694824219,6.17429256439209,15400
2009-11-24,13.210000038146973,13.210000038146973,13.039999961853027,13.039999961853027,6.160120487213135,10600
2009-11-25,13.069999694824219,13.210000038146973,13.069999694824219,13.109999656677246,6.193187236785889,2900
2009-11-27,13.109999656677246,13.119999885559082,12.739999771118164,13.050000190734863,6.164844989776611,2200
2009-11-30,13.100000381469727,13.4399995803833,13.100000381469727,13.149999618530273,6.2120866775512695,12200
2009-12-01,13.289999961853027,13.5,13.140000343322754,13.3100004196167,6.2876691818237305,9900
2009-12-02,13.420000076293945,13.420000076293945,13.319999694824219,13.329999923706055,6.297121524810791,2400
2009-12-03,13.399999618530273,13.4399995803833,13.199999809265137,13.199999809265137,6.235708713531494,22100
2009-12-04,13.260000228881836,13.300000190734863,13.260000228881836,13.300000190734863,6.282948970794678,600
2009-12-07,13.319999694824219,13.319999694824219,13.220000267028809,13.229999542236328,6.249878883361816,1500
2009-12-08,13.319999694824219,13.369999885559082,13.300000190734863,13.3100004196167,6.2876691818237305,3300
2009-12-09,13.380000114440918,13.600000381469727,13.319999694824219,13.319999694824219,6.292398929595947,3900
2009-12-10,13.350000381469727,13.4399995803833,13.350000381469727,13.40999984741211,6.334911823272705,3700
2009-12-11,13.329999923706055,13.600000381469727,13.329999923706055,13.449999809265137,6.414554119110107,13200
2009-12-14,13.489999771118164,13.489999771118164,13.359999656677246,13.369999885559082,6.376403331756592,4500
2009-12-15,13.420000076293945,13.449999809265137,13.350000381469727,13.399999618530273,6.390711784362793,2400
2009-12-16,13.420000076293945,13.420000076293945,12.949999809265137,13.300000190734863,6.343020915985107,7800
2009-12-17,13.319999694824219,13.319999694824219,12.970000267028809,13.25,6.319170951843262,5400
2009-12-18,13.260000228881836,13.319999694824219,13.25,13.25,6.319170951843262,400
2009-12-21,13.34000015258789,13.460000038146973,13.34000015258789,13.399999618530273,6.390711784362793,2900
2009-12-22,13.449999809265137,13.729999542236328,13.399999618530273,13.470000267028809,6.424091815948486,6200
2009-12-23,13.420000076293945,13.510000228881836,13.420000076293945,13.430000305175781,6.405017375946045,2400
2009-12-24,13.489999771118164,13.489999771118164,13.220000267028809,13.390000343322754,6.385940074920654,6400
2009-12-28,13.369999885559082,13.40999984741211,13.199999809265137,13.279999732971191,6.33348274230957,3700
2009-12-29,13.289999961853027,13.390000343322754,13.079999923706055,13.390000343322754,6.385940074920654,19400
2009-12-30,13.359999656677246,13.420000076293945,13.359999656677246,13.420000076293945,6.400247097015381,300
2009-12-31,14.130000114440918,14.130000114440918,13.350000381469727,13.569999694824219,6.471787929534912,22600
2010-01-04,13.5,13.520000457763672,13.399999618530273,13.40999984741211,6.395481586456299,5200
2010-01-05,13.460000038146973,13.460000038146973,13.390000343322754,13.399999618530273,6.390711784362793,4900
2010-01-06,13.420000076293945,13.420000076293945,13.350000381469727,13.350000381469727,6.36686372756958,2500
2010-01-07,13.40999984741211,13.420000076293945,13.359999656677246,13.399999618530273,6.390711784362793,2300
2010-01-08,13.399999618530273,13.399999618530273,13.399999618530273,13.399999618530273,6.390711784362793,2200
2010-01-11,13.399999618530273,13.569999694824219,13.399999618530273,13.569999694824219,6.471787929534912,9700
2010-01-12,13.510000228881836,13.59000015258789,13.449999809265137,13.5,6.4384050369262695,12700
2010-01-13,13.5,13.5,13.430000305175781,13.4399995803833,6.439358234405518,1800
2010-01-14,13.5,13.640000343322754,13.399999618530273,13.470000267028809,6.453731536865234,3200
2010-01-15,13.40999984741211,13.609999656677246,13.399999618530273,13.609999656677246,6.520810127258301,4200
2010-01-19,13.579999923706055,13.609999656677246,13.569999694824219,13.600000381469727,6.51602029800415,1800
2010-01-20,13.59000015258789,13.630000114440918,13.59000015258789,13.600000381469727,6.51602029800415,1300
2010-01-21,13.630000114440918,13.630000114440918,13.3100004196167,13.399999618530273,6.420197486877441,14000
2010-01-22,13.420000076293945,13.579999923706055,13.420000076293945,13.479999542236328,6.458526134490967,4700
2010-01-25,13.5,13.529999732971191,13.460000038146973,13.460000038146973,6.448940277099609,5600
2010-01-26,13.4399995803833,13.460000038146973,13.4399995803833,13.460000038146973,6.448940277099609,2300
2010-01-27,13.460000038146973,13.479999542236328,13.430000305175781,13.479999542236328,6.458526134490967,4200
2010-01-28,13.529999732971191,13.579999923706055,13.520000457763672,13.520000457763672,6.477694511413574,4500
2010-01-29,13.529999732971191,13.529999732971191,13.529999732971191,13.529999732971191,6.482480525970459,1600
2010-02-01,13.710000038146973,13.710000038146973,13.479999542236328,13.520000457763672,6.477694511413574,7400
2010-02-02,13.520000457763672,13.680000305175781,13.520000457763672,13.649999618530273,6.539976596832275,6400
2010-02-03,13.600000381469727,13.649999618530273,13.600000381469727,13.649999618530273,6.539976596832275,1900
2010-02-04,13.649999618530273,13.649999618530273,13.600000381469727,13.600000381469727,6.51602029800415,7400
2010-02-05,14.130000114440918,14.130000114440918,13.649999618530273,13.680000305175781,6.554354190826416,6300
2010-02-08,13.699999809265137,13.699999809265137,13.630000114440918,13.680000305175781,6.554354190826416,900
2010-02-09,13.710000038146973,13.720000267028809,13.670000076293945,13.720000267028809,6.573515892028809,1000
2010-02-10,13.529999732971191,13.630000114440918,13.369999885559082,13.600000381469727,6.545599460601807,5700
2010-02-11,13.630000114440918,13.710000038146973,13.630000114440918,13.699999809265137,6.593729496002197,2800
2010-02-12,13.699999809265137,13.710000038146973,13.699999809265137,13.699999809265137,6.593729496002197,500
2010-02-16,13.720000267028809,13.720000267028809,13.710000038146973,13.710000038146973,6.598542213439941,3100
2010-02-17,13.729999542236328,13.729999542236328,13.720000267028809,13.729999542236328,6.608168125152588,1200
2010-02-18,13.569999694824219,13.720000267028809,13.569999694824219,13.710000038146973,6.598542213439941,2200
2010-02-19,13.710000038146973,13.710000038146973,13.65999984741211,13.65999984741211,6.574477195739746,6000
2010-02-22,13.680000305175781,13.680000305175781,13.510000228881836,13.579999923706055,6.535969257354736,6000
2010-02-23,13.579999923706055,13.579999923706055,13.579999923706055,13.579999923706055,6.535969257354736,400
2010-02-24,13.579999923706055,13.699999809265137,13.579999923706055,13.699999809265137,6.593729496002197,2700
2010-02-25,13.699999809265137,13.710000038146973,13.569999694824219,13.630000114440918,6.5600385665893555,5500
2010-02-26,13.630000114440918,13.710000038146973,13.510000228881836,13.510000228881836,6.502282619476318,11300
2010-03-01,13.609999656677246,13.829999923706055,13.579999923706055,13.770000457763672,6.6274189949035645,10800
2010-03-02,13.84000015258789,13.880000114440918,13.789999961853027,13.880000114440918,6.680359363555908,2100
2010-03-03,13.859999656677246,13.989999771118164,13.859999656677246,13.989999771118164,6.733306407928467,3700
2010-03-04,14.0,14.0,13.84000015258789,13.920000076293945,6.699609756469727,5100
2010-03-05,13.869999885559082,13.9399995803833,13.850000381469727,13.880000114440918,6.680359363555908,7700
2010-03-08,13.920000076293945,13.930000305175781,13.859999656677246,13.859999656677246,6.670735836029053,14200
2010-03-09,13.930000305175781,14.0600004196167,13.930000305175781,14.0600004196167,6.766992568969727,7400
2010-03-10,14.0600004196167,14.199999809265137,14.0600004196167,14.199999809265137,6.834379196166992,8500
2010-03-11,14.210000038146973,14.210000038146973,13.960000038146973,14.029999732971191,6.782170295715332,5100
2010-03-12,14.050000190734863,14.079999923706055,13.760000228881836,13.760000228881836,6.651648044586182,11500
2010-03-15,13.9399995803833,14.1899995803833,13.779999732971191,13.84000015258789,6.69032096862793,5200
2010-03-16,13.869999885559082,13.9399995803833,13.75,13.869999885559082,6.704827785491943,14600
2010-03-17,13.899999618530273,13.899999618530273,13.649999618530273,13.819999694824219,6.68065071105957,14400
2010-03-18,13.829999923706055,13.90999984741211,13.779999732971191,13.859999656677246,6.699988842010498,3700
2010-03-19,13.880000114440918,13.880000114440918,13.829999923706055,13.880000114440918,6.709656238555908,2000
2010-03-22,13.899999618530273,13.920000076293945,13.850000381469727,13.90999984741211,6.724160671234131,1800
2010-03-23,13.949999809265137,13.989999771118164,13.899999618530273,13.899999618530273,6.719322204589844,6200
2010-03-24,13.899999618530273,13.989999771118164,13.869999885559082,13.989999771118164,6.76283073425293,17300
2010-03-25,14.029999732971191,14.0600004196167,13.960000038146973,13.960000038146973,6.748328685760498,18100
2010-03-26,14.039999961853027,14.039999961853027,13.869999885559082,13.920000076293945,6.7289958000183105,2200
2010-03-29,13.920000076293945,14.039999961853027,13.869999885559082,14.029999732971191,6.782170295715332,7200
2010-03-30,14.029999732971191,14.029999732971191,13.960000038146973,13.979999542236328,6.757997512817383,1300
2010-03-31,13.979999542236328,14.100000381469727,13.949999809265137,14.029999732971191,6.782170295715332,4500
2010-04-01,14.630000114440918,14.630000114440918,14.039999961853027,14.09000015258789,6.811173915863037,3700
2010-04-05,14.130000114440918,14.130000114440918,13.979999542236328,14.029999732971191,6.782170295715332,5800
2010-04-06,14.0600004196167,14.0600004196167,14.010000228881836,14.0600004196167,6.796670436859131,2100
2010-04-07,14.050000190734863,14.0600004196167,13.949999809265137,14.0,6.767666816711426,4700
2010-04-08,14.0,14.0,13.869999885559082,13.949999809265137,6.743493556976318,1200
2010-04-09,14.0,14.029999732971191,14.0,14.029999732971191,6.782170295715332,1100
2010-04-12,14.020000457763672,14.029999732971191,14.010000228881836,14.020000457763672,6.777332782745361,1900
2010-04-13,13.989999771118164,14.029999732971191,13.899999618530273,13.989999771118164,6.792872428894043,3600
2010-04-14,14.0,14.0600004196167,14.0,14.050000190734863,6.822003364562988,1800
2010-04-15,14.0600004196167,14.0600004196167,14.010000228881836,14.010000228881836,6.80258321762085,2600
2010-04-16,14.0600004196167,14.0600004196167,14.010000228881836,14.010000228881836,6.80258321762085,1500
2010-04-19,14.050000190734863,14.050000190734863,14.020000457763672,14.020000457763672,6.807436466217041,1300
2010-04-20,14.079999923706055,14.079999923706055,14.029999732971191,14.069999694824219,6.831716537475586,6200
2010-04-21,14.079999923706055,14.079999923706055,13.989999771118164,14.0,6.797728061676025,3600
2010-04-22,14.0,14.020000457763672,13.989999771118164,13.989999771118164,6.792872428894043,3500
2010-04-23,13.989999771118164,14.0600004196167,13.970000267028809,14.0600004196167,6.826861381530762,5300
2010-04-26,14.100000381469727,14.100000381469727,13.880000114440918,13.989999771118164,6.792872428894043,28800
2010-04-27,14.010000228881836,14.039999961853027,13.899999618530273,14.039999961853027,6.817150592803955,5500
2010-04-28,14.0,14.140000343322754,14.0,14.09000015258789,6.841426849365234,4600
2010-04-29,14.140000343322754,14.25,14.100000381469727,14.130000114440918,6.860850811004639,13800
2010-04-30,14.130000114440918,14.270000457763672,14.119999885559082,14.130000114440918,6.860850811004639,9700
2010-05-03,14.210000038146973,14.25,14.170000076293945,14.220000267028809,6.90454626083374,2400
2010-05-04,14.0600004196167,14.220000267028809,14.0600004196167,14.1899995803833,6.889979362487793,6500
2010-05-05,14.210000038146973,14.210000038146973,14.079999923706055,14.140000343322754,6.865703582763672,4300
2010-05-06,14.15999984741211,14.640000343322754,14.149999618530273,14.149999618530273,6.87055778503418,7200
2010-05-07,14.25,14.25,14.25,14.25,6.919116020202637,3800
2010-05-10,14.350000381469727,14.350000381469727,14.119999885559082,14.15999984741211,6.875412464141846,3200
2010-05-11,14.210000038146973,14.25,14.210000038146973,14.25,6.919116020202637,1000
2010-05-12,14.25,14.25,14.239999771118164,14.25,6.9493536949157715,1300
2010-05-13,14.25,14.260000228881836,14.25,14.260000228881836,6.954231262207031,1300
2010-05-14,14.300000190734863,14.300000190734863,14.199999809265137,14.260000228881836,6.954231262207031,2700
2010-05-17,14.260000228881836,14.300000190734863,14.199999809265137,14.199999809265137,6.92496395111084,3100
2010-05-18,14.359999656677246,14.359999656677246,14.199999809265137,14.199999809265137,6.92496395111084,4900
2010-05-19,14.220000267028809,14.260000228881836,14.220000267028809,14.260000228881836,6.954231262207031,700
2010-05-20,14.260000228881836,14.300000190734863,14.069999694824219,14.069999694824219,6.861569881439209,5300
2010-05-21,14.09000015258789,14.220000267028809,14.09000015258789,14.220000267028809,6.934720039367676,1000
2010-05-24,14.279999732971191,14.319999694824219,14.210000038146973,14.210000038146973,6.929843425750732,600
2010-05-25,14.210000038146973,14.300000190734863,13.850000381469727,13.899999618530273,6.778663635253906,15000
2010-05-26,14.020000457763672,14.149999618530273,13.869999885559082,14.069999694824219,6.861569881439209,7100
2010-05-27,14.130000114440918,14.130000114440918,14.039999961853027,14.039999961853027,6.846940994262695,4600
2010-05-28,14.09000015258789,14.09000015258789,14.079999923706055,14.09000015258789,6.871323108673096,500
2010-06-01,14.100000381469727,14.180000305175781,14.0,14.0600004196167,6.856692790985107,8000
2010-06-02,14.100000381469727,14.25,14.010000228881836,14.050000190734863,6.851812839508057,8100
2010-06-03,14.079999923706055,14.260000228881836,14.069999694824219,14.09000015258789,6.871323108673096,4400
2010-06-04,14.09000015258789,14.09000015258789,13.890000343322754,13.9399995803833,6.798171043395996,6100
2010-06-07,14.020000457763672,14.020000457763672,13.9399995803833,14.020000457763672,6.837184906005859,7000
2010-06-08,13.970000267028809,14.0600004196167,13.970000267028809,14.0600004196167,6.856692790985107,700
2010-06-09,14.100000381469727,14.100000381469727,14.079999923706055,14.079999923706055,6.866450309753418,700
2010-06-10,14.109999656677246,14.119999885559082,13.9399995803833,14.09000015258789,6.871323108673096,3300
2010-06-11,13.90999984741211,14.0600004196167,13.90999984741211,14.050000190734863,6.882093906402588,4300
2010-06-14,14.0600004196167,14.0600004196167,13.979999542236328,14.039999961853027,6.877201080322266,1200
2010-06-15,14.0600004196167,14.100000381469727,13.760000228881836,14.020000457763672,6.867405414581299,4600
2010-06-16,14.09000015258789,14.09000015258789,14.020000457763672,14.09000015258789,6.901692867279053,1100
2010-06-17,14.100000381469727,14.100000381469727,13.90999984741211,13.9399995803833,6.828217029571533,12300
2010-06-18,13.970000267028809,14.020000457763672,13.970000267028809,13.970000267028809,6.842912673950195,1200
2010-06-21,13.979999542236328,14.0600004196167,13.979999542236328,14.020000457763672,6.867405414581299,2200
2010-06-22,14.100000381469727,14.100000381469727,14.100000381469727,14.100000381469727,6.906593322753906,400
2010-06-23,14.119999885559082,14.119999885559082,13.989999771118164,14.100000381469727,6.906593322753906,7600
2010-06-24,14.130000114440918,14.149999618530273,14.100000381469727,14.149999618530273,6.931085109710693,3600
2010-06-25,14.170000076293945,14.180000305175781,14.170000076293945,14.180000305175781,6.945779323577881,200
2010-06-28,14.220000267028809,14.220000267028809,14.15999984741211,14.15999984741211,6.935977458953857,1200
2010-06-29,14.140000343322754,14.140000343322754,14.020000457763672,14.119999885559082,6.916388511657715,5100
2010-06-30,14.100000381469727,14.140000343322754,13.979999542236328,14.100000381469727,6.906593322753906,2100
2010-07-01,14.180000305175781,14.199999809265137,14.140000343322754,14.199999809265137,6.955570697784424,4200
2010-07-02,14.220000267028809,14.220000267028809,14.15999984741211,14.199999809265137,6.955570697784424,3600
2010-07-06,14.25,14.25,14.109999656677246,14.149999618530273,6.931085109710693,4700
2010-07-07,14.170000076293945,14.170000076293945,14.109999656677246,14.149999618530273,6.931085109710693,3500
2010-07-08,14.149999618530273,14.180000305175781,14.029999732971191,14.0600004196167,6.887001037597656,6900
2010-07-09,14.0600004196167,14.140000343322754,14.0600004196167,14.140000343322754,6.926185131072998,1000
2010-07-12,14.180000305175781,14.180000305175781,14.130000114440918,14.180000305175781,6.945779323577881,2500
2010-07-13,14.140000343322754,14.140000343322754,14.09000015258789,14.100000381469727,6.936922550201416,1800
2010-07-14,14.140000343322754,14.180000305175781,13.989999771118164,13.989999771118164,6.882803916931152,2800
2010-07-15,14.050000190734863,14.229999542236328,14.050000190734863,14.180000305175781,6.976285457611084,6200
2010-07-16,14.180000305175781,14.180000305175781,13.979999542236328,14.050000190734863,6.912322521209717,14700
2010-07-19,14.25,14.25,14.069999694824219,14.069999694824219,6.922161102294922,11000
2010-07-20,14.09000015258789,14.130000114440918,14.079999923706055,14.130000114440918,6.9516801834106445,1600
2010-07-21,14.180000305175781,14.239999771118164,14.180000305175781,14.229999542236328,7.000879287719727,7100
2010-07-22,14.229999542236328,14.25,14.199999809265137,14.25,7.010720729827881,3300
2010-07-23,14.289999961853027,14.350000381469727,14.25,14.350000381469727,7.059913635253906,7200
2010-07-26,14.380000114440918,14.390000343322754,14.319999694824219,14.390000343322754,7.07959508895874,4400
2010-07-27,14.449999809265137,14.449999809265137,14.329999923706055,14.329999923706055,7.050081253051758,3500
2010-07-28,14.380000114440918,14.489999771118164,14.380000114440918,14.489999771118164,7.128798007965088,7600
2010-07-29,14.529999732971191,14.529999732971191,14.390000343322754,14.390000343322754,7.07959508895874,2600
2010-07-30,14.5,14.5,14.380000114440918,14.40999984741211,7.089437961578369,2800
2010-08-02,14.5600004196167,14.5600004196167,14.479999542236328,14.5,7.133713245391846,4300
2010-08-03,14.5,14.579999923706055,14.5,14.579999923706055,7.173069953918457,1100
2010-08-04,14.619999885559082,14.619999885559082,14.59000015258789,14.600000381469727,7.182910919189453,400
2010-08-05,14.640000343322754,14.649999618530273,14.579999923706055,14.649999618530273,7.207508563995361,1700
2010-08-06,14.710000038146973,14.710000038146973,14.619999885559082,14.630000114440918,7.197670936584473,900
2010-08-09,14.649999618530273,14.720000267028809,14.619999885559082,14.619999885559082,7.192749977111816,400
2010-08-10,14.670000076293945,14.720000267028809,14.600000381469727,14.6899995803833,7.227194309234619,3000
2010-08-11,14.670000076293945,14.720000267028809,14.600000381469727,14.699999809265137,7.262763977050781,2400
2010-08-12,14.739999771118164,14.739999771118164,14.6899995803833,14.6899995803833,7.2578253746032715,5100
2010-08-13,14.75,14.75,14.670000076293945,14.739999771118164,7.282522678375244,700
2010-08-16,14.800000190734863,14.800000190734863,14.739999771118164,14.75,7.287472248077393,4400
2010-08-17,14.800000190734863,14.800000190734863,14.760000228881836,14.760000228881836,7.292407989501953,1300
2010-08-18,14.760000228881836,14.779999732971191,14.739999771118164,14.75,7.287472248077393,4400
2010-08-19,14.789999961853027,14.789999961853027,14.789999961853027,14.789999961853027,7.307228088378906,700
2010-08-20,14.800000190734863,14.800000190734863,14.65999984741211,14.65999984741211,7.243001461029053,5000
2010-08-23,14.680000305175781,14.800000190734863,14.649999618530273,14.65999984741211,7.243001461029053,7300
2010-08-24,14.680000305175781,14.760000228881836,14.550000190734863,14.640000343322754,7.2331223487854,4100
2010-08-25,14.640000343322754,14.760000228881836,14.489999771118164,14.550000190734863,7.18865442276001,8600
2010-08-26,14.5600004196167,14.680000305175781,14.5600004196167,14.680000305175781,7.252882957458496,1800
2010-08-27,14.670000076293945,14.8100004196167,14.670000076293945,14.8100004196167,7.317112445831299,5800
2010-08-30,14.819999694824219,14.819999694824219,14.59000015258789,14.699999809265137,7.262763977050781,8800
2010-08-31,14.729999542236328,14.8100004196167,14.710000038146973,14.8100004196167,7.317112445831299,3900
2010-09-01,14.9399995803833,14.9399995803833,14.720000267028809,14.800000190734863,7.312165260314941,7600
2010-09-02,14.819999694824219,14.819999694824219,14.600000381469727,14.699999809265137,7.262763977050781,4600
2010-09-03,14.739999771118164,14.739999771118164,14.739999771118164,14.739999771118164,7.282522678375244,300
2010-09-07,14.739999771118164,15.0,14.739999771118164,15.0,7.410979747772217,12700
2010-09-08,15.5,15.5,14.869999885559082,15.029999732971191,7.425806045532227,12900
2010-09-09,15.039999961853027,15.180000305175781,14.819999694824219,15.09000015258789,7.455451965332031,28100
2010-09-10,15.180000305175781,15.25,15.130000114440918,15.199999809265137,7.509796619415283,18000
2010-09-13,15.289999961853027,15.300000190734863,15.119999885559082,15.289999961853027,7.58519983291626,16800
2010-09-14,15.279999732971191,15.460000038146973,15.130000114440918,15.460000038146973,7.669531345367432,17800
2010-09-15,15.470000267028809,15.470000267028809,15.239999771118164,15.239999771118164,7.560399532318115,4700
2010-09-16,15.270000457763672,15.300000190734863,15.270000457763672,15.300000190734863,7.5901618003845215,3000
2010-09-17,15.329999923706055,15.329999923706055,14.989999771118164,14.989999771118164,7.436373233795166,9700
2010-09-20,15.0,15.180000305175781,14.760000228881836,14.819999694824219,7.352040767669678,19200
2010-09-21,14.84000015258789,14.930000305175781,14.600000381469727,14.609999656677246,7.247861385345459,9000
2010-09-22,14.609999656677246,14.770000457763672,14.609999656677246,14.75,7.317319869995117,5800
2010-09-23,14.770000457763672,14.770000457763672,14.680000305175781,14.729999542236328,7.307395935058594,2700
2010-09-24,14.770000457763672,14.8100004196167,14.739999771118164,14.739999771118164,7.312351703643799,1600
2010-09-27,14.800000190734863,14.8100004196167,14.710000038146973,14.710000038146973,7.297467231750488,3300
2010-09-28,14.760000228881836,14.800000190734863,14.720000267028809,14.800000190734863,7.3421149253845215,2500
2010-09-29,14.84000015258789,14.84000015258789,14.729999542236328,14.760000228881836,7.322272777557373,4200
2010-09-30,14.770000457763672,14.779999732971191,14.710000038146973,14.75,7.317319869995117,8300
2010-10-01,14.890000343322754,14.890000343322754,14.710000038146973,14.710000038146973,7.297467231750488,6000
2010-10-04,14.729999542236328,14.779999732971191,14.729999542236328,14.779999732971191,7.332193851470947,5100
2010-10-05,14.710000038146973,14.800000190734863,14.710000038146973,14.789999961853027,7.337154865264893,5800
2010-10-06,14.800000190734863,14.800000190734863,14.75,14.800000190734863,7.3421149253845215,2400
2010-10-07,14.8100004196167,14.84000015258789,14.680000305175781,14.729999542236328,7.307395935058594,6300
2010-10-08,14.770000457763672,14.770000457763672,14.710000038146973,14.770000457763672,7.327236175537109,1100
2010-10-11,14.800000190734863,14.890000343322754,14.789999961853027,14.890000343322754,7.386765480041504,2400
2010-10-12,14.890000343322754,14.960000038146973,14.789999961853027,14.789999961853027,7.337154865264893,11900
2010-10-13,14.720000267028809,14.829999923706055,14.720000267028809,14.779999732971191,7.363058090209961,1700
2010-10-14,14.84000015258789,14.850000381469727,14.75,14.75,7.34812068939209,1100
2010-10-15,14.8100004196167,14.8100004196167,14.65999984741211,14.65999984741211,7.303283214569092,4100
2010-10-18,14.649999618530273,14.800000190734863,14.550000190734863,14.640000343322754,7.293318271636963,12100
2010-10-19,14.680000305175781,14.850000381469727,14.680000305175781,14.6899995803833,7.318224906921387,3600
2010-10-20,14.770000457763672,14.770000457763672,14.579999923706055,14.579999923706055,7.263423442840576,3400
2010-10-21,14.630000114440918,14.630000114440918,14.449999809265137,14.579999923706055,7.263423442840576,13500
2010-10-22,14.579999923706055,14.649999618530273,14.550000190734863,14.649999618530273,7.29829740524292,12800
2010-10-25,14.640000343322754,14.640000343322754,14.460000038146973,14.550000190734863,7.248477935791016,8600
2010-10-26,14.5600004196167,14.609999656677246,14.5600004196167,14.59000015258789,7.26840877532959,4300
2010-10-27,14.609999656677246,14.609999656677246,14.59000015258789,14.59000015258789,7.26840877532959,4800
2010-10-28,14.600000381469727,14.600000381469727,14.539999961853027,14.5600004196167,7.253464221954346,1100
2010-10-29,14.600000381469727,14.600000381469727,14.5600004196167,14.59000015258789,7.26840877532959,1300
2010-11-01,14.6899995803833,14.6899995803833,14.399999618530273,14.399999618530273,7.17375373840332,11300
2010-11-02,14.430000305175781,14.489999771118164,14.3100004196167,14.380000114440918,7.163790702819824,12900
2010-11-03,14.380000114440918,14.5,14.380000114440918,14.489999771118164,7.218590259552002,2200
2010-11-04,14.489999771118164,14.489999771118164,14.319999694824219,14.34000015258789,7.143864631652832,10100
2010-11-05,14.34000015258789,14.420000076293945,14.300000190734863,14.399999618530273,7.17375373840332,15700
2010-11-08,14.359999656677246,14.40999984741211,14.359999656677246,14.380000114440918,7.163790702819824,5000
2010-11-09,14.300000190734863,14.3100004196167,14.1899995803833,14.279999732971191,7.1139750480651855,11300
2010-11-10,14.210000038146973,14.210000038146973,13.699999809265137,13.949999809265137,6.9798808097839355,24000
2010-11-11,13.949999809265137,13.949999809265137,13.65999984741211,13.760000228881836,6.8848114013671875,12800
2010-11-12,13.899999618530273,13.899999618530273,13.760000228881836,13.800000190734863,6.90482234954834,14900
2010-11-15,13.9399995803833,13.9399995803833,13.390000343322754,13.479999542236328,6.7447123527526855,17900
2010-11-16,13.460000038146973,13.6899995803833,13.0600004196167,13.470000267028809,6.739710807800293,32300
2010-11-17,13.510000228881836,13.699999809265137,13.510000228881836,13.680000305175781,6.84478759765625,5700
2010-11-18,13.699999809265137,13.699999809265137,13.550000190734863,13.569999694824219,6.789747714996338,6900
2010-11-19,13.720000267028809,13.739999771118164,13.619999885559082,13.649999618530273,6.829773426055908,10700
2010-11-22,13.649999618530273,13.9399995803833,13.640000343322754,13.90999984741211,6.95986270904541,7700
2010-11-23,13.899999618530273,13.970000267028809,13.890000343322754,13.890000343322754,6.949859619140625,2400
2010-11-24,13.960000038146973,13.960000038146973,13.850000381469727,13.850000381469727,6.929844379425049,3000
2010-11-26,13.920000076293945,14.020000457763672,13.920000076293945,14.020000457763672,7.014904022216797,1000
2010-11-29,14.039999961853027,14.039999961853027,13.90999984741211,13.979999542236328,6.99489164352417,2600
2010-11-30,14.0,14.109999656677246,13.819999694824219,13.819999694824219,6.91483211517334,7200
2010-12-01,13.930000305175781,14.029999732971191,13.8100004196167,13.90999984741211,6.95986270904541,4300
2010-12-02,13.899999618530273,13.90999984741211,13.699999809265137,13.699999809265137,6.854793071746826,3300
2010-12-03,13.6899995803833,13.84000015258789,13.6899995803833,13.800000190734863,6.90482234954834,5200
2010-12-06,13.770000457763672,13.770000457763672,13.59000015258789,13.59000015258789,6.799753665924072,4700
2010-12-07,13.59000015258789,13.609999656677246,13.449999809265137,13.449999809265137,6.729704856872559,6700
2010-12-08,13.470000267028809,13.470000267028809,13.140000343322754,13.359999656677246,6.684675216674805,22400
2010-12-09,13.350000381469727,13.350000381469727,13.109999656677246,13.25,6.629634380340576,9300
2010-12-10,13.229999542236328,13.380000114440918,13.039999961853027,13.380000114440918,6.694681167602539,6100
2010-12-13,13.3100004196167,13.3100004196167,13.130000114440918,13.15999984741211,6.615258693695068,7100
2010-12-14,13.149999618530273,13.149999618530273,12.8100004196167,12.869999885559082,6.469480991363525,11900
2010-12-15,12.850000381469727,12.989999771118164,12.800000190734863,12.989999771118164,6.529799938201904,11900
2010-12-16,12.989999771118164,13.229999542236328,12.989999771118164,13.229999542236328,6.6504435539245605,6700
2010-12-17,13.34000015258789,13.359999656677246,13.239999771118164,13.289999961853027,6.680605888366699,8500
2010-12-20,13.399999618530273,13.399999618530273,12.8100004196167,12.90999984741211,6.489584445953369,36900
2010-12-21,12.949999809265137,12.949999809265137,12.9399995803833,12.949999809265137,6.509692668914795,4600
2010-12-22,13.0,13.119999885559082,12.9399995803833,13.050000190734863,6.559961795806885,11200
2010-12-23,13.050000190734863,13.100000381469727,12.90999984741211,12.930000305175781,6.499639987945557,15300
2010-12-27,12.970000267028809,13.0600004196167,12.920000076293945,13.050000190734863,6.559961795806885,9200
2010-12-28,13.069999694824219,13.130000114440918,13.0,13.0,6.53482723236084,2700
2010-12-29,13.010000228881836,13.020000457763672,12.949999809265137,13.020000457763672,6.544881343841553,5500
2010-12-30,12.970000267028809,13.09000015258789,12.970000267028809,13.0600004196167,6.564988613128662,2700
2010-12-31,13.069999694824219,13.300000190734863,13.069999694824219,13.170000076293945,6.620279312133789,5700
2011-01-03,13.25,13.3100004196167,13.199999809265137,13.3100004196167,6.690661430358887,4800
2011-01-04,13.390000343322754,13.420000076293945,13.359999656677246,13.420000076293945,6.745953559875488,3200
2011-01-05,13.4399995803833,13.4399995803833,13.229999542236328,13.319999694824219,6.695685863494873,5400
2011-01-06,13.430000305175781,13.4399995803833,13.25,13.25,6.660497665405273,5200
2011-01-07,13.3100004196167,13.380000114440918,13.300000190734863,13.380000114440918,6.725847244262695,1800
2011-01-10,13.420000076293945,13.420000076293945,13.039999961853027,13.039999961853027,6.554932117462158,6500
2011-01-11,13.15999984741211,13.199999809265137,13.119999885559082,13.149999618530273,6.610229969024658,2600
2011-01-12,13.100000381469727,13.100000381469727,13.029999732971191,13.050000190734863,6.591037273406982,3900
2011-01-13,13.050000190734863,13.460000038146973,12.789999961853027,12.880000114440918,6.505181789398193,24400
2011-01-14,12.880000114440918,12.880000114440918,12.770000457763672,12.829999923706055,6.479925155639648,6800
2011-01-18,12.850000381469727,13.100000381469727,12.789999961853027,13.069999694824219,6.601139068603516,3800
2011-01-19,13.069999694824219,13.09000015258789,12.989999771118164,13.09000015258789,6.611238479614258,3300
2011-01-20,13.100000381469727,13.210000038146973,13.069999694824219,13.199999809265137,6.666796684265137,4300
2011-01-21,13.199999809265137,13.329999923706055,13.100000381469727,13.239999771118164,6.68699836730957,7200
2011-01-24,13.260000228881836,13.319999694824219,13.25,13.319999694824219,6.727405071258545,3600
2011-01-25,13.350000381469727,13.350000381469727,13.300000190734863,13.350000381469727,6.742557525634766,3000
2011-01-26,13.3100004196167,13.3100004196167,13.100000381469727,13.119999885559082,6.626391887664795,16400
2011-01-27,13.09000015258789,13.170000076293945,13.079999923706055,13.09000015258789,6.611238479614258,4400
2011-01-28,13.09000015258789,13.15999984741211,13.09000015258789,13.109999656677246,6.621341705322266,2200
2011-01-31,13.140000343322754,13.140000343322754,13.130000114440918,13.130000114440918,6.631443023681641,1400
2011-02-01,13.229999542236328,13.279999732971191,13.170000076293945,13.170000076293945,6.651641368865967,4600
2011-02-02,13.239999771118164,13.25,13.229999542236328,13.25,6.692048072814941,1700
2011-02-03,13.289999961853027,13.350000381469727,13.0600004196167,13.149999618530273,6.641542911529541,12000
2011-02-04,13.100000381469727,13.170000076293945,13.100000381469727,13.119999885559082,6.626391887664795,2100
2011-02-07,13.15999984741211,13.170000076293945,13.029999732971191,13.09000015258789,6.611238479614258,4400
2011-02-08,13.130000114440918,13.1899995803833,13.130000114440918,13.1899995803833,6.6617431640625,3100
2011-02-09,13.170000076293945,13.1899995803833,13.170000076293945,13.180000305175781,6.656696319580078,1100
2011-02-10,13.180000305175781,13.180000305175781,12.779999732971191,12.899999618530273,6.515278339385986,31700
2011-02-11,12.84000015258789,13.109999656677246,12.84000015258789,13.010000228881836,6.602570056915283,8300
2011-02-14,12.979999542236328,12.979999542236328,12.90999984741211,12.90999984741211,6.551817417144775,4800
2011-02-15,12.960000038146973,12.960000038146973,12.899999618530273,12.899999618530273,6.546743392944336,2100
2011-02-16,12.90999984741211,12.960000038146973,12.90999984741211,12.9399995803833,6.567042827606201,5200
2011-02-17,12.90999984741211,12.979999542236328,12.90999984741211,12.979999542236328,6.587347984313965,1000
2011-02-18,12.979999542236328,12.979999542236328,12.960000038146973,12.970000267028809,6.582266330718994,1900
2011-02-22,12.930000305175781,12.930000305175781,12.800000190734863,12.8100004196167,6.5010666847229,10800
2011-02-23,12.8100004196167,12.90999984741211,12.8100004196167,12.850000381469727,6.52136754989624,5000
2011-02-24,12.970000267028809,13.0,12.8100004196167,12.90999984741211,6.551817417144775,9100
2011-02-25,12.819999694824219,13.0,12.819999694824219,12.90999984741211,6.551817417144775,8200
2011-02-28,12.960000038146973,13.050000190734863,12.960000038146973,13.0,6.597494125366211,5700
2011-03-01,13.0,13.239999771118164,12.989999771118164,13.069999694824219,6.633020401000977,19800
2011-03-02,13.170000076293945,13.1899995803833,13.09000015258789,13.170000076293945,6.683766841888428,5300
2011-03-03,13.210000038146973,13.220000267028809,13.15999984741211,13.220000267028809,6.709139823913574,5700
2011-03-04,13.170000076293945,13.220000267028809,13.140000343322754,13.220000267028809,6.709139823913574,800
2011-03-07,13.119999885559082,13.119999885559082,13.020000457763672,13.100000381469727,6.648243427276611,3300
2011-03-08,13.180000305175781,13.239999771118164,13.130000114440918,13.239999771118164,6.719293117523193,6800
2011-03-09,13.239999771118164,13.239999771118164,13.239999771118164,13.239999771118164,6.719293117523193,1000
2011-03-10,13.239999771118164,13.239999771118164,13.15999984741211,13.15999984741211,6.678693771362305,1100
2011-03-11,13.100000381469727,13.149999618530273,13.039999961853027,13.109999656677246,6.684811592102051,2500
2011-03-14,13.109999656677246,13.149999618530273,13.0600004196167,13.149999618530273,6.705206394195557,4000
2011-03-15,13.109999656677246,13.180000305175781,13.109999656677246,13.119999885559082,6.689915657043457,2100
2011-03-16,13.199999809265137,13.220000267028809,13.119999885559082,13.220000267028809,6.740898609161377,2200
2011-03-17,13.1899995803833,13.239999771118164,13.1899995803833,13.220000267028809,6.740898609161377,2900
2011-03-18,13.1899995803833,13.1899995803833,13.119999885559082,13.119999885559082,6.689915657043457,2700
2011-03-21,13.119999885559082,13.220000267028809,13.119999885559082,13.130000114440918,6.695009708404541,3200
2011-03-22,13.180000305175781,13.180000305175781,13.050000190734863,13.050000190734863,6.654219150543213,7000
2011-03-23,13.079999923706055,13.100000381469727,13.079999923706055,13.100000381469727,6.679710388183594,800
2011-03-24,13.170000076293945,13.170000076293945,13.050000190734863,13.050000190734863,6.654219150543213,2500
2011-03-25,13.050000190734863,13.079999923706055,12.949999809265137,12.979999542236328,6.618525981903076,6900
2011-03-28,12.979999542236328,13.079999923706055,12.979999542236328,13.079999923706055,6.669517517089844,8900
2011-03-29,13.079999923706055,13.109999656677246,13.079999923706055,13.109999656677246,6.684811592102051,1600
2011-03-30,13.130000114440918,13.130000114440918,13.069999694824219,13.069999694824219,6.6644158363342285,1100
2011-03-31,13.100000381469727,13.119999885559082,13.039999961853027,13.119999885559082,6.689915657043457,5800
2011-04-01,13.220000267028809,13.220000267028809,13.15999984741211,13.15999984741211,6.710308074951172,3600
2011-04-04,13.239999771118164,13.239999771118164,13.199999809265137,13.199999809265137,6.7307024002075195,500
2011-04-05,13.220000267028809,13.220000267028809,13.140000343322754,13.140000343322754,6.700112342834473,1800
2011-04-06,13.130000114440918,13.220000267028809,13.130000114440918,13.220000267028809,6.740898609161377,1700
2011-04-07,13.239999771118164,13.239999771118164,13.229999542236328,13.229999542236328,6.746002674102783,1700
2011-04-08,13.1899995803833,13.1899995803833,13.1899995803833,13.1899995803833,6.7256035804748535,200
2011-04-11,13.239999771118164,13.239999771118164,13.140000343322754,13.229999542236328,6.746002674102783,7500
2011-04-12,13.170000076293945,13.170000076293945,13.0,13.0,6.628722667694092,5500
2011-04-13,13.029999732971191,13.029999732971191,12.989999771118164,12.989999771118164,6.655367374420166,1600
2011-04-14,12.989999771118164,12.989999771118164,12.859999656677246,12.960000038146973,6.639995098114014,7600
2011-04-15,13.010000228881836,13.020000457763672,12.960000038146973,12.979999542236328,6.650240421295166,1600
2011-04-18,13.050000190734863,13.069999694824219,13.010000228881836,13.069999694824219,6.69635009765625,2000
2011-04-19,13.09000015258789,13.149999618530273,13.069999694824219,13.149999618530273,6.73734188079834,6300
2011-04-20,13.170000076293945,13.170000076293945,13.149999618530273,13.170000076293945,6.747585296630859,400
2011-04-21,13.149999618530273,13.210000038146973,13.140000343322754,13.210000038146973,6.7680792808532715,1300
2011-04-25,13.15999984741211,13.15999984741211,13.0,13.100000381469727,6.711720943450928,6700
2011-04-26,13.130000114440918,13.130000114440918,13.100000381469727,13.130000114440918,6.727091312408447,1600
2011-04-27,13.149999618530273,13.15999984741211,13.109999656677246,13.15999984741211,6.742462635040283,3600
2011-04-28,13.15999984741211,13.199999809265137,13.15999984741211,13.199999809265137,6.762956142425537,2300
2011-04-29,13.180000305175781,13.239999771118164,13.180000305175781,13.229999542236328,6.778331279754639,900
2011-05-02,13.25,13.25,13.25,13.25,6.788575649261475,5000
2011-05-03,13.25,13.25,13.130000114440918,13.229999542236328,6.778331279754639,6100
2011-05-04,13.25,13.3100004196167,13.149999618530273,13.170000076293945,6.747585296630859,6000
2011-05-05,13.170000076293945,13.3100004196167,13.130000114440918,13.130000114440918,6.727091312408447,13500
2011-05-06,13.109999656677246,13.279999732971191,13.109999656677246,13.279999732971191,6.8039445877075195,4200
2011-05-09,13.229999542236328,13.319999694824219,13.229999542236328,13.319999694824219,6.8244404792785645,1700
2011-05-10,13.319999694824219,13.380000114440918,13.319999694824219,13.369999885559082,6.8500590324401855,5400
2011-05-11,13.300000190734863,13.329999923706055,13.300000190734863,13.329999923706055,6.861376762390137,8300
2011-05-12,13.300000190734863,13.390000343322754,13.300000190734863,13.34000015258789,6.866522789001465,7700
2011-05-13,13.350000381469727,13.350000381469727,13.34000015258789,13.350000381469727,6.871675491333008,7200
2011-05-16,13.350000381469727,13.350000381469727,13.300000190734863,13.350000381469727,6.871675491333008,4400
2011-05-17,13.329999923706055,13.350000381469727,13.3100004196167,13.350000381469727,6.871675491333008,4100
2011-05-18,13.369999885559082,13.369999885559082,13.34000015258789,13.34000015258789,6.866522789001465,900
2011-05-19,13.359999656677246,13.359999656677246,13.329999923706055,13.359999656677246,6.8768229484558105,1400
2011-05-20,13.329999923706055,13.380000114440918,13.329999923706055,13.369999885559082,6.881973743438721,1400
2011-05-23,13.380000114440918,13.399999618530273,13.34000015258789,13.34000015258789,6.866522789001465,5200
2011-05-24,13.390000343322754,13.449999809265137,13.380000114440918,13.449999809265137,6.9231462478637695,3300
2011-05-25,13.449999809265137,13.449999809265137,13.420000076293945,13.4399995803833,6.918004989624023,2500
2011-05-26,13.40999984741211,13.460000038146973,13.40999984741211,13.420000076293945,6.90770959854126,3600
2011-05-27,13.4399995803833,13.4399995803833,13.4399995803833,13.4399995803833,6.918004989624023,500
2011-05-31,13.470000267028809,13.479999542236328,13.470000267028809,13.470000267028809,6.933443546295166,1900
2011-06-01,13.510000228881836,13.569999694824219,13.5,13.569999694824219,6.9849138259887695,3400
2011-06-02,13.579999923706055,13.579999923706055,13.5600004196167,13.579999923706055,6.990062236785889,2100
2011-06-03,13.579999923706055,13.59000015258789,13.5600004196167,13.59000015258789,6.995212078094482,2800
2011-06-06,13.59000015258789,13.59000015258789,13.550000190734863,13.550000190734863,6.974620342254639,3000
2011-06-07,13.59000015258789,13.600000381469727,13.59000015258789,13.600000381469727,7.0003581047058105,900
2011-06-08,13.600000381469727,13.600000381469727,13.460000038146973,13.460000038146973,6.9282941818237305,5900
2011-06-09,13.449999809265137,13.479999542236328,13.399999618530273,13.399999618530273,6.897410869598389,4400
2011-06-10,13.4399995803833,13.4399995803833,13.380000114440918,13.420000076293945,6.90770959854126,2500
2011-06-13,13.34000015258789,13.34000015258789,13.34000015258789,13.34000015258789,6.898396968841553,1400
2011-06-14,13.350000381469727,13.390000343322754,13.350000381469727,13.390000343322754,6.92425537109375,3100
2011-06-15,13.390000343322754,13.489999771118164,13.3100004196167,13.399999618530273,6.929423809051514,12300
2011-06-16,13.399999618530273,13.399999618530273,13.289999961853027,13.289999961853027,6.872542858123779,8300
2011-06-17,13.300000190734863,13.420000076293945,13.300000190734863,13.420000076293945,6.939764976501465,6000
2011-06-20,13.390000343322754,13.489999771118164,13.390000343322754,13.430000305175781,6.944938659667969,4800
2011-06-21,13.449999809265137,13.510000228881836,13.430000305175781,13.430000305175781,6.944938659667969,3800
2011-06-22,13.539999961853027,13.539999961853027,13.510000228881836,13.510000228881836,6.986306667327881,1900
2011-06-23,13.5,13.5600004196167,13.5,13.5,6.981138229370117,6500
2011-06-24,13.520000457763672,13.5600004196167,13.479999542236328,13.529999732971191,6.996648788452148,4400
2011-06-27,13.529999732971191,13.529999732971191,13.529999732971191,13.529999732971191,6.996648788452148,800
2011-06-28,13.539999961853027,13.59000015258789,13.529999732971191,13.569999694824219,7.017341136932373,16200
2011-06-29,13.569999694824219,13.59000015258789,13.569999694824219,13.59000015258789,7.027677059173584,800
2011-06-30,13.59000015258789,13.600000381469727,13.569999694824219,13.600000381469727,7.032853126525879,2500
2011-07-01,13.600000381469727,13.600000381469727,13.569999694824219,13.569999694824219,7.017341136932373,3900
2011-07-05,13.609999656677246,13.670000076293945,13.539999961853027,13.670000076293945,7.069049835205078,5200
2011-07-06,13.680000305175781,13.720000267028809,13.579999923706055,13.699999809265137,7.084561347961426,13200
2011-07-07,13.710000038146973,13.710000038146973,13.65999984741211,13.65999984741211,7.063872337341309,3700
2011-07-08,13.6899995803833,13.710000038146973,13.649999618530273,13.65999984741211,7.063872337341309,4600
2011-07-11,13.6899995803833,13.75,13.670000076293945,13.739999771118164,7.105248928070068,3300
2011-07-12,13.75,13.819999694824219,13.75,13.760000228881836,7.115586757659912,2800
2011-07-13,13.729999542236328,13.729999542236328,13.680000305175781,13.710000038146973,7.121825218200684,1200
2011-07-14,13.720000267028809,13.720000267028809,13.569999694824219,13.600000381469727,7.0646843910217285,14000
2011-07-15,13.609999656677246,13.699999809265137,13.600000381469727,13.65999984741211,7.0958452224731445,4700
2011-07-18,13.75,13.75,13.640000343322754,13.65999984741211,7.0958452224731445,2100
2011-07-19,13.6899995803833,13.75,13.6899995803833,13.75,7.142607688903809,1900
2011-07-20,13.739999771118164,13.760000228881836,13.710000038146973,13.729999542236328,7.132213592529297,2900
2011-07-21,13.710000038146973,13.739999771118164,13.680000305175781,13.710000038146973,7.121825218200684,2500
2011-07-22,13.739999771118164,13.789999961853027,13.699999809265137,13.789999961853027,7.163379669189453,8600
2011-07-25,13.789999961853027,13.789999961853027,13.729999542236328,13.729999542236328,7.132213592529297,1100
2011-07-26,13.720000267028809,13.720000267028809,13.670000076293945,13.670000076293945,7.101044654846191,1500
2011-07-27,13.6899995803833,13.6899995803833,13.510000228881836,13.539999961853027,7.033514022827148,5400
2011-07-28,13.5600004196167,13.59000015258789,13.529999732971191,13.529999732971191,7.028312683105469,4000
2011-07-29,13.539999961853027,13.609999656677246,13.460000038146973,13.569999694824219,7.049100875854492,13800
2011-08-01,13.720000267028809,13.729999542236328,13.65999984741211,13.65999984741211,7.0958452224731445,4500
2011-08-02,13.680000305175781,13.729999542236328,13.680000305175781,13.699999809265137,7.116629123687744,2000
2011-08-03,13.710000038146973,13.760000228881836,13.710000038146973,13.739999771118164,7.137406826019287,2600
2011-08-04,13.739999771118164,13.789999961853027,13.729999542236328,13.729999542236328,7.132213592529297,1900
2011-08-05,13.720000267028809,13.720000267028809,13.550000190734863,13.609999656677246,7.06987190246582,2100
2011-08-08,13.59000015258789,13.600000381469727,13.140000343322754,13.1899995803833,6.851703643798828,13700
2011-08-09,13.239999771118164,13.390000343322754,13.1899995803833,13.390000343322754,6.955598831176758,4600
2011-08-10,13.390000343322754,13.5,13.390000343322754,13.5,7.012735366821289,1000
2011-08-11,13.40999984741211,13.510000228881836,13.40999984741211,13.510000228881836,7.050310134887695,3900
2011-08-12,13.489999771118164,13.609999656677246,13.489999771118164,13.539999961853027,7.0659661293029785,2800
2011-08-15,13.59000015258789,13.630000114440918,13.59000015258789,13.630000114440918,7.112929344177246,3600
2011-08-16,13.630000114440918,13.630000114440918,13.430000305175781,13.460000038146973,7.0242156982421875,9800
2011-08-17,13.460000038146973,13.5600004196167,13.460000038146973,13.550000190734863,7.071183681488037,5500
2011-08-18,13.550000190734863,13.550000190734863,13.430000305175781,13.550000190734863,7.071183681488037,4900
2011-08-19,13.569999694824219,13.569999694824219,13.550000190734863,13.550000190734863,7.071183681488037,500
2011-08-22,13.5600004196167,13.5600004196167,13.489999771118164,13.489999771118164,7.039872646331787,1400
2011-08-23,13.489999771118164,13.520000457763672,13.479999542236328,13.5,7.045092582702637,1200
2011-08-24,13.5,13.6899995803833,13.5,13.609999656677246,7.102497100830078,7400
2011-08-25,13.630000114440918,13.6899995803833,13.630000114440918,13.680000305175781,7.1390228271484375,2300
2011-08-26,13.630000114440918,13.670000076293945,13.550000190734863,13.550000190734863,7.071183681488037,2400
2011-08-29,13.569999694824219,13.680000305175781,13.569999694824219,13.680000305175781,7.1390228271484375,1200
2011-08-30,13.680000305175781,13.6899995803833,13.619999885559082,13.619999885559082,7.107716083526611,900
2011-08-31,13.680000305175781,13.819999694824219,13.680000305175781,13.739999771118164,7.170338153839111,2600
2011-09-01,13.84000015258789,13.84000015258789,13.779999732971191,13.779999732971191,7.191211223602295,900
2011-09-02,13.789999961853027,13.789999961853027,13.649999618530273,13.649999618530273,7.123372554779053,3200
2011-09-06,13.630000114440918,13.680000305175781,13.59000015258789,13.680000305175781,7.1390228271484375,9400
2011-09-07,13.649999618530273,13.710000038146973,13.640000343322754,13.640000343322754,7.118152618408203,2000
2011-09-08,13.699999809265137,13.699999809265137,13.640000343322754,13.640000343322754,7.118152618408203,800
2011-09-09,13.640000343322754,13.8100004196167,13.640000343322754,13.710000038146973,7.1546783447265625,6300
2011-09-12,13.649999618530273,13.829999923706055,13.649999618530273,13.760000228881836,7.180775165557861,4800
2011-09-13,13.710000038146973,13.819999694824219,13.6899995803833,13.760000228881836,7.211697101593018,2800
2011-09-14,13.75,13.760000228881836,13.720000267028809,13.75,7.206456661224365,6100
2011-09-15,13.729999542236328,13.75,13.670000076293945,13.670000076293945,7.164527893066406,3100
2011-09-16,13.699999809265137,13.720000267028809,13.640000343322754,13.640000343322754,7.14880895614624,2400
2011-09-19,13.720000267028809,13.760000228881836,13.720000267028809,13.75,7.206456661224365,1300
2011-09-20,13.760000228881836,13.760000228881836,13.579999923706055,13.579999923706055,7.117359161376953,12300
2011-09-21,13.600000381469727,13.680000305175781,13.600000381469727,13.680000305175781,7.169764995574951,2900
2011-09-22,13.6899995803833,13.75,13.670000076293945,13.680000305175781,7.169764995574951,4400
2011-09-23,13.65999984741211,13.760000228881836,13.619999885559082,13.619999885559082,7.138324737548828,7100
2011-09-26,13.619999885559082,13.6899995803833,13.619999885559082,13.65999984741211,7.159282684326172,3900
2011-09-27,13.65999984741211,13.8100004196167,13.65999984741211,13.8100004196167,7.237897872924805,4200
2011-09-28,13.8100004196167,13.880000114440918,13.8100004196167,13.880000114440918,7.274587154388428,2400
2011-09-29,14.020000457763672,14.020000457763672,13.800000190734863,13.869999885559082,7.269344329833984,5400
2011-09-30,13.880000114440918,13.880000114440918,13.8100004196167,13.869999885559082,7.269344329833984,2200
2011-10-03,13.880000114440918,13.880000114440918,13.789999961853027,13.8100004196167,7.237897872924805,2400
2011-10-04,13.789999961853027,13.789999961853027,13.720000267028809,13.720000267028809,7.190731048583984,1200
2011-10-05,13.710000038146973,13.770000457763672,13.710000038146973,13.760000228881836,7.211697101593018,6500
2011-10-06,13.75,13.779999732971191,13.729999542236328,13.779999732971191,7.2221784591674805,2000
2011-10-07,13.760000228881836,13.8100004196167,13.6899995803833,13.6899995803833,7.175006866455078,2300
2011-10-10,13.6899995803833,13.720000267028809,13.6899995803833,13.720000267028809,7.190731048583984,400
2011-10-11,13.729999542236328,13.800000190734863,13.65999984741211,13.699999809265137,7.180248260498047,2700
2011-10-12,13.640000343322754,13.6899995803833,13.5600004196167,13.65999984741211,7.190255165100098,6100
2011-10-13,13.6899995803833,13.800000190734863,13.6899995803833,13.800000190734863,7.263940334320068,2700
2011-10-14,13.899999618530273,13.899999618530273,13.800000190734863,13.829999923706055,7.279736042022705,2100
2011-10-17,13.829999923706055,13.829999923706055,13.760000228881836,13.8100004196167,7.26920223236084,700
2011-10-18,13.819999694824219,14.09000015258789,13.710000038146973,13.710000038146973,7.216571807861328,14600
2011-10-19,13.760000228881836,13.789999961853027,13.710000038146973,13.710000038146973,7.216571807861328,4800
2011-10-20,13.779999732971191,13.84000015258789,13.779999732971191,13.789999961853027,7.258680820465088,3100
2011-10-21,13.850000381469727,14.0600004196167,13.850000381469727,14.039999961853027,7.3902716636657715,8800
2011-10-24,14.050000190734863,14.050000190734863,13.859999656677246,13.859999656677246,7.29552698135376,3700
2011-10-25,13.850000381469727,13.850000381469727,13.819999694824219,13.819999694824219,7.27446985244751,1200
2011-10-26,13.800000190734863,13.890000343322754,13.789999961853027,13.800000190734863,7.263940334320068,3800
2011-10-27,13.880000114440918,13.920000076293945,13.84000015258789,13.890000343322754,7.311315059661865,5000
2011-10-28,13.899999618530273,13.930000305175781,13.829999923706055,13.930000305175781,7.3323750495910645,3100
2011-10-31,13.949999809265137,13.960000038146973,13.829999923706055,13.84000015258789,7.285000801086426,3900
2011-11-01,13.850000381469727,13.920000076293945,13.850000381469727,13.899999618530273,7.316580295562744,2100
2011-11-02,13.9399995803833,13.979999542236328,13.9399995803833,13.979999542236328,7.3586907386779785,5200
2011-11-03,13.949999809265137,13.979999542236328,13.949999809265137,13.979999542236328,7.3586907386779785,600
2011-11-04,14.0,14.119999885559082,13.979999542236328,13.979999542236328,7.3586907386779785,2900
2011-11-07,14.0,14.279999732971191,14.0,14.15999984741211,7.453433036804199,18700
2011-11-08,14.180000305175781,14.239999771118164,14.170000076293945,14.1899995803833,7.469229221343994,2300
2011-11-09,14.170000076293945,14.170000076293945,14.140000343322754,14.140000343322754,7.442908763885498,800
2011-11-10,14.220000267028809,14.220000267028809,14.069999694824219,14.069999694824219,7.437097072601318,1300
2011-11-11,14.069999694824219,14.069999694824219,14.069999694824219,14.069999694824219,7.437097072601318,800
2011-11-14,14.079999923706055,14.100000381469727,14.069999694824219,14.09000015258789,7.447664260864258,2300
2011-11-15,14.0600004196167,14.130000114440918,13.989999771118164,14.130000114440918,7.468809127807617,5300
2011-11-16,14.149999618530273,14.170000076293945,14.010000228881836,14.020000457763672,7.410665512084961,4200
2011-11-17,14.010000228881836,14.010000228881836,14.010000228881836,14.010000228881836,7.405383110046387,1000
2011-11-18,14.029999732971191,14.15999984741211,14.029999732971191,14.069999694824219,7.437097072601318,4600
2011-11-21,14.0600004196167,14.140000343322754,14.029999732971191,14.029999732971191,7.415950298309326,7200
2011-11-22,14.0600004196167,14.170000076293945,14.0600004196167,14.119999885559082,7.46352481842041,13300
2011-11-23,14.119999885559082,14.149999618530273,14.069999694824219,14.149999618530273,7.479379177093506,4700
2011-11-25,14.149999618530273,14.199999809265137,14.149999618530273,14.199999809265137,7.5058088302612305,900
2011-11-28,14.15999984741211,14.1899995803833,13.979999542236328,14.109999656677246,7.458237648010254,12300
2011-11-29,14.050000190734863,14.149999618530273,14.050000190734863,14.119999885559082,7.46352481842041,6000
2011-11-30,14.149999618530273,14.15999984741211,14.020000457763672,14.069999694824219,7.437097072601318,16200
2011-12-01,14.119999885559082,14.119999885559082,14.069999694824219,14.069999694824219,7.437097072601318,6900
2011-12-02,14.199999809265137,14.199999809265137,14.069999694824219,14.109999656677246,7.458237648010254,18400
2011-12-05,14.130000114440918,14.15999984741211,14.119999885559082,14.15999984741211,7.484668731689453,4600
2011-12-06,14.130000114440918,14.170000076293945,14.069999694824219,14.079999923706055,7.442385673522949,8300
2011-12-07,14.079999923706055,14.199999809265137,14.079999923706055,14.130000114440918,7.468809127807617,6300
2011-12-08,14.109999656677246,14.109999656677246,14.109999656677246,14.109999656677246,7.458237648010254,1500
2011-12-09,14.170000076293945,14.170000076293945,14.09000015258789,14.09000015258789,7.447664260864258,1500
2011-12-12,14.100000381469727,14.1899995803833,14.100000381469727,14.1899995803833,7.500526428222656,2500
2011-12-13,14.1899995803833,14.199999809265137,14.140000343322754,14.199999809265137,7.542487621307373,5000
2011-12-14,14.25,14.25,14.220000267028809,14.25,7.569044589996338,2100
2011-12-15,14.25,14.25,14.130000114440918,14.199999809265137,7.542487621307373,13500
2011-12-16,14.210000038146973,14.210000038146973,14.109999656677246,14.119999885559082,7.499996185302734,32600
2011-12-19,14.199999809265137,14.199999809265137,14.130000114440918,14.15999984741211,7.521242141723633,5900
2011-12-20,14.220000267028809,14.220000267028809,14.100000381469727,14.100000381469727,7.489367961883545,2700
2011-12-21,14.079999923706055,14.119999885559082,14.079999923706055,14.119999885559082,7.499996185302734,1300
2011-12-22,14.149999618530273,14.210000038146973,14.149999618530273,14.149999618530273,7.515928268432617,4300
2011-12-23,14.199999809265137,14.220000267028809,14.15999984741211,14.15999984741211,7.521242141723633,2900
2011-12-27,14.220000267028809,14.3100004196167,14.220000267028809,14.3100004196167,7.600914478302002,4400
2011-12-28,14.279999732971191,14.319999694824219,14.100000381469727,14.119999885559082,7.499996185302734,13600
2011-12-29,14.140000343322754,14.1899995803833,14.119999885559082,14.119999885559082,7.499996185302734,6000
2011-12-30,14.1899995803833,14.210000038146973,14.069999694824219,14.130000114440918,7.505307674407959,9000
2012-01-03,14.270000457763672,14.270000457763672,14.0600004196167,14.109999656677246,7.494683742523193,9500
2012-01-04,14.100000381469727,14.329999923706055,14.020000457763672,14.079999923706055,7.478751182556152,25100
2012-01-05,14.119999885559082,14.300000190734863,14.109999656677246,14.300000190734863,7.595602989196777,11600
2012-01-06,14.300000190734863,14.369999885559082,14.300000190734863,14.369999885559082,7.632784843444824,3000
2012-01-09,14.380000114440918,14.449999809265137,14.270000457763672,14.420000076293945,7.659342288970947,13800
2012-01-10,14.550000190734863,14.550000190734863,14.270000457763672,14.329999923706055,7.611536979675293,9100
2012-01-11,14.260000228881836,14.369999885559082,14.25,14.270000457763672,7.611001014709473,11000
2012-01-12,14.270000457763672,14.390000343322754,14.270000457763672,14.390000343322754,7.675005912780762,5000
2012-01-13,14.359999656677246,14.449999809265137,14.34000015258789,14.399999618530273,7.680338382720947,5300
2012-01-17,14.369999885559082,14.399999618530273,14.300000190734863,14.399999618530273,7.680338382720947,6400
2012-01-18,14.399999618530273,14.5,14.329999923706055,14.449999809265137,7.707006931304932,11600
2012-01-19,14.460000038146973,14.5600004196167,14.460000038146973,14.5600004196167,7.765678882598877,5000
2012-01-20,14.550000190734863,14.579999923706055,14.390000343322754,14.399999618530273,7.680338382720947,7000
2012-01-23,14.380000114440918,14.489999771118164,14.350000381469727,14.489999771118164,7.7283430099487305,7100
2012-01-24,14.479999542236328,14.579999923706055,14.430000305175781,14.460000038146973,7.712342262268066,7000
2012-01-25,14.539999961853027,14.699999809265137,14.539999961853027,14.699999809265137,7.840348243713379,5900
2012-01-26,14.710000038146973,14.859999656677246,14.710000038146973,14.859999656677246,7.925684452056885,9200
2012-01-27,14.869999885559082,14.880000114440918,14.6899995803833,14.6899995803833,7.835014343261719,7100
2012-01-30,14.699999809265137,14.770000457763672,14.5600004196167,14.619999885559082,7.797679901123047,20700
2012-01-31,14.640000343322754,14.760000228881836,14.630000114440918,14.760000228881836,7.87235164642334,10900
2012-02-01,14.819999694824219,14.850000381469727,14.8100004196167,14.829999923706055,7.909686088562012,8900
2012-02-02,14.859999656677246,15.0,14.779999732971191,14.890000343322754,7.941687107086182,15800
2012-02-03,14.920000076293945,14.920000076293945,14.720000267028809,14.880000114440918,7.936356067657471,7800
2012-02-06,14.789999961853027,14.84000015258789,14.75,14.84000015258789,7.915015697479248,7700
2012-02-07,14.84000015258789,15.0,14.84000015258789,14.989999771118164,7.995021820068359,16500
2012-02-08,15.0,15.0,14.890000343322754,14.899999618530273,7.947022438049316,5300
2012-02-09,14.90999984741211,14.989999771118164,14.819999694824219,14.819999694824219,7.904343605041504,9300
2012-02-10,14.829999923706055,14.979999542236328,14.819999694824219,14.899999618530273,7.947022438049316,5100
2012-02-13,14.869999885559082,14.9399995803833,14.84000015258789,14.90999984741211,7.983963966369629,5400
2012-02-14,14.930000305175781,14.989999771118164,14.75,14.930000305175781,7.994675159454346,20200
2012-02-15,14.9399995803833,14.960000038146973,14.930000305175781,14.960000038146973,8.0107421875,3200
2012-02-16,14.979999542236328,14.979999542236328,14.890000343322754,14.949999809265137,8.005385398864746,7200
2012-02-17,14.890000343322754,14.899999618530273,14.699999809265137,14.720000267028809,7.882229328155518,8800
2012-02-21,14.739999771118164,14.960000038146973,14.739999771118164,14.899999618530273,7.978612899780273,15900
2012-02-22,14.949999809265137,14.949999809265137,14.899999618530273,14.920000076293945,7.989317417144775,8200
2012-02-23,14.90999984741211,14.930000305175781,14.789999961853027,14.850000381469727,7.95183801651001,4000
2012-02-24,14.899999618530273,14.930000305175781,14.890000343322754,14.930000305175781,7.994675159454346,8400
2012-02-27,14.930000305175781,14.930000305175781,14.8100004196167,14.869999885559082,7.96254825592041,14900
2012-02-28,14.90999984741211,14.970000267028809,14.90999984741211,14.949999809265137,8.005385398864746,5700
2012-02-29,14.979999542236328,14.989999771118164,14.930000305175781,14.989999771118164,8.026806831359863,9700
2012-03-01,15.0,15.0,14.979999542236328,14.979999542236328,8.021455764770508,4200
2012-03-02,15.0,15.010000228881836,14.979999542236328,15.010000228881836,8.037516593933105,5500
2012-03-05,15.029999732971191,15.029999732971191,14.899999618530273,14.949999809265137,8.005385398864746,13100
2012-03-06,14.949999809265137,14.949999809265137,14.859999656677246,14.90999984741211,7.983963966369629,8300
2012-03-07,14.90999984741211,14.949999809265137,14.850000381469727,14.850000381469727,7.95183801651001,7400
2012-03-08,14.869999885559082,14.949999809265137,14.869999885559082,14.949999809265137,8.005385398864746,2800
2012-03-09,14.8100004196167,15.010000228881836,14.8100004196167,15.010000228881836,8.037516593933105,6900
2012-03-12,15.010000228881836,15.069999694824219,15.010000228881836,15.069999694824219,8.069642066955566,3500
2012-03-13,15.069999694824219,15.100000381469727,15.069999694824219,15.100000381469727,8.117487907409668,4400
2012-03-14,15.079999923706055,15.079999923706055,14.75,14.75,7.9293341636657715,2600
2012-03-15,14.75,14.789999961853027,14.329999923706055,14.399999618530273,7.741175651550293,28000
2012-03-16,14.229999542236328,14.25,13.84000015258789,13.949999809265137,7.499271392822266,25600
2012-03-19,13.979999542236328,14.149999618530273,13.979999542236328,14.069999694824219,7.563779354095459,2400
2012-03-20,14.170000076293945,14.260000228881836,14.170000076293945,14.260000228881836,7.66591739654541,3200
2012-03-21,14.270000457763672,14.289999961853027,14.25,14.25,7.660543441772461,2700
2012-03-22,14.289999961853027,14.34000015258789,14.210000038146973,14.34000015258789,7.70892858505249,7100
2012-03-23,14.34000015258789,14.390000343322754,14.229999542236328,14.229999542236328,7.6497883796691895,6700
2012-03-26,14.3100004196167,14.3100004196167,14.039999961853027,14.069999694824219,7.563779354095459,7600
2012-03-27,14.069999694824219,14.119999885559082,14.029999732971191,14.0600004196167,7.558403491973877,9800
2012-03-28,14.100000381469727,14.380000114440918,14.100000381469727,14.359999656677246,7.7196760177612305,9200
2012-03-29,14.390000343322754,14.470000267028809,14.359999656677246,14.470000267028809,7.778812885284424,7400
2012-03-30,14.470000267028809,14.489999771118164,14.399999618530273,14.399999618530273,7.741175651550293,2100
2012-04-02,14.489999771118164,14.489999771118164,14.369999885559082,14.369999885559082,7.7250542640686035,3800
2012-04-03,14.40999984741211,14.40999984741211,14.359999656677246,14.40999984741211,7.74655818939209,3200
2012-04-04,14.40999984741211,14.460000038146973,14.359999656677246,14.460000038146973,7.773435592651367,2800
2012-04-05,14.470000267028809,14.569999694824219,14.470000267028809,14.470000267028809,7.778812885284424,8300
2012-04-09,14.520000457763672,14.520000457763672,14.449999809265137,14.470000267028809,7.778812885284424,2400
2012-04-10,14.420000076293945,14.5,14.359999656677246,14.359999656677246,7.7196760177612305,9200
2012-04-11,14.34000015258789,14.40999984741211,14.329999923706055,14.40999984741211,7.778513431549072,5600
2012-04-12,14.34000015258789,14.40999984741211,14.300000190734863,14.40999984741211,7.778513431549072,1400
2012-04-13,14.40999984741211,14.65999984741211,14.40999984741211,14.65999984741211,7.9134697914123535,3800
2012-04-16,14.699999809265137,14.779999732971191,14.5600004196167,14.5600004196167,7.859488010406494,2500
2012-04-17,14.5600004196167,14.619999885559082,14.5600004196167,14.619999885559082,7.891871452331543,1200
2012-04-18,14.640000343322754,14.65999984741211,14.520000457763672,14.5600004196167,7.859488010406494,2500
2012-04-19,14.569999694824219,14.640000343322754,14.489999771118164,14.609999656677246,7.886473178863525,9700
2012-04-20,14.649999618530273,14.6899995803833,14.579999923706055,14.609999656677246,7.886473178863525,4000
2012-04-23,14.630000114440918,14.649999618530273,14.630000114440918,14.649999618530273,7.908071517944336,3700
2012-04-24,14.550000190734863,14.649999618530273,14.40999984741211,14.479999542236328,7.816301345825195,10500
2012-04-25,14.5,14.630000114440918,14.5,14.619999885559082,7.891871452331543,4200
2012-04-26,14.640000343322754,14.729999542236328,14.550000190734863,14.579999923706055,7.87028169631958,13700
2012-04-27,14.579999923706055,14.630000114440918,14.579999923706055,14.630000114440918,7.897272109985352,2400
2012-04-30,14.649999618530273,14.6899995803833,14.649999618530273,14.6899995803833,7.929657936096191,5200
2012-05-01,14.710000038146973,14.789999961853027,14.470000267028809,14.609999656677246,7.886473178863525,14000
2012-05-02,14.640000343322754,14.65999984741211,14.579999923706055,14.59000015258789,7.875680446624756,1500
2012-05-03,14.579999923706055,14.579999923706055,14.510000228881836,14.510000228881836,7.832496643066406,1500
2012-05-04,14.529999732971191,14.65999984741211,14.529999732971191,14.65999984741211,7.9134697914123535,3600
2012-05-07,14.630000114440918,14.699999809265137,14.609999656677246,14.609999656677246,7.886473178863525,4100
2012-05-08,14.630000114440918,14.649999618530273,14.609999656677246,14.649999618530273,7.908071517944336,1600
2012-05-09,14.65999984741211,14.710000038146973,14.609999656677246,14.710000038146973,7.940455913543701,5200
2012-05-10,14.729999542236328,14.729999542236328,14.609999656677246,14.699999809265137,7.935056686401367,3900
2012-05-11,14.640000343322754,14.649999618530273,14.640000343322754,14.649999618530273,7.939937114715576,1400
2012-05-14,14.65999984741211,14.65999984741211,14.630000114440918,14.630000114440918,7.9290971755981445,1000
2012-05-15,14.630000114440918,14.720000267028809,14.630000114440918,14.699999809265137,7.967036724090576,9800
2012-05-16,14.729999542236328,14.739999771118164,14.699999809265137,14.739999771118164,7.988706111907959,3500
2012-05-17,14.729999542236328,14.729999542236328,14.619999885559082,14.619999885559082,7.9236741065979,6000
2012-05-18,14.670000076293945,14.680000305175781,14.619999885559082,14.649999618530273,7.939937114715576,2500
2012-05-21,14.770000457763672,14.8100004196167,14.75,14.800000190734863,8.021231651306152,4500
2012-05-22,14.800000190734863,14.800000190734863,14.630000114440918,14.680000305175781,7.9561991691589355,7600
2012-05-23,14.649999618530273,14.75,14.649999618530273,14.75,7.994133472442627,2200
2012-05-24,14.75,14.84000015258789,14.75,14.75,7.994133472442627,2100
2012-05-25,14.75,14.779999732971191,14.720000267028809,14.720000267028809,7.977877140045166,2400
2012-05-29,14.779999732971191,14.84000015258789,14.779999732971191,14.84000015258789,8.0429105758667,2000
2012-05-30,14.789999961853027,14.789999961853027,14.670000076293945,14.729999542236328,7.983291149139404,5500
2012-05-31,14.729999542236328,14.770000457763672,14.600000381469727,14.600000381469727,7.912837505340576,16500
2012-06-01,14.6899995803833,14.6899995803833,14.600000381469727,14.600000381469727,7.912837505340576,2600
2012-06-04,14.600000381469727,14.630000114440918,14.600000381469727,14.600000381469727,7.912837505340576,9100
2012-06-05,14.619999885559082,14.670000076293945,14.619999885559082,14.670000076293945,7.950772285461426,5900
2012-06-06,14.6899995803833,14.6899995803833,14.520000457763672,14.65999984741211,7.94535493850708,8900
2012-06-07,14.640000343322754,14.640000343322754,14.520000457763672,14.579999923706055,7.901997089385986,5200
2012-06-08,14.59000015258789,14.710000038146973,14.59000015258789,14.699999809265137,7.967036724090576,6200
2012-06-11,14.739999771118164,14.75,14.619999885559082,14.699999809265137,7.967036724090576,9400
2012-06-12,14.720000267028809,14.770000457763672,14.720000267028809,14.729999542236328,7.983291149139404,8000
2012-06-13,14.699999809265137,14.729999542236328,14.670000076293945,14.699999809265137,7.999073028564453,2100
2012-06-14,14.699999809265137,14.699999809265137,14.579999923706055,14.579999923706055,7.933776378631592,5500
2012-06-15,14.5600004196167,14.569999694824219,14.470000267028809,14.489999771118164,7.88479471206665,4600
2012-06-18,14.489999771118164,14.550000190734863,14.489999771118164,14.550000190734863,7.917450428009033,1200
2012-06-19,14.670000076293945,14.699999809265137,14.640000343322754,14.6899995803833,7.993629455566406,3100
2012-06-20,14.739999771118164,14.739999771118164,14.619999885559082,14.649999618530273,7.971865177154541,2700
2012-06-21,14.649999618530273,14.699999809265137,14.649999618530273,14.699999809265137,7.999073028564453,4000
2012-06-22,14.710000038146973,14.710000038146973,14.699999809265137,14.699999809265137,7.999073028564453,1000
2012-06-25,14.760000228881836,14.760000228881836,14.699999809265137,14.739999771118164,8.020838737487793,2800
2012-06-26,14.739999771118164,14.739999771118164,14.529999732971191,14.529999732971191,7.906563758850098,4600
2012-06-27,14.569999694824219,14.609999656677246,14.569999694824219,14.609999656677246,7.95010232925415,1500
2012-06-28,14.65999984741211,14.75,14.65999984741211,14.720000267028809,8.009954452514648,7600
2012-06-29,14.739999771118164,14.800000190734863,14.710000038146973,14.770000457763672,8.037168502807617,16500
2012-07-02,14.850000381469727,14.9399995803833,14.850000381469727,14.9399995803833,8.129671096801758,11400
2012-07-03,14.920000076293945,15.0,14.920000076293945,15.0,8.162321090698242,6100
2012-07-05,14.979999542236328,15.100000381469727,14.979999542236328,15.100000381469727,8.216734886169434,3400
2012-07-06,15.100000381469727,15.100000381469727,15.100000381469727,15.100000381469727,8.216734886169434,3800
2012-07-09,15.109999656677246,15.140000343322754,15.0,15.050000190734863,8.189530372619629,15300
2012-07-10,15.050000190734863,15.050000190734863,15.050000190734863,15.050000190734863,8.189530372619629,800
2012-07-11,15.039999961853027,15.140000343322754,14.989999771118164,15.100000381469727,8.249072074890137,7800
2012-07-12,15.09000015258789,15.130000114440918,15.0600004196167,15.130000114440918,8.265461921691895,1600
2012-07-13,14.9399995803833,15.079999923706055,14.9399995803833,14.970000267028809,8.178056716918945,10600
2012-07-16,14.989999771118164,15.020000457763672,14.970000267028809,14.979999542236328,8.183521270751953,2000
2012-07-17,14.970000267028809,15.0,14.9399995803833,14.9399995803833,8.161665916442871,3700
2012-07-18,14.960000038146973,15.039999961853027,14.960000038146973,15.039999961853027,8.21629810333252,3200
2012-07-19,15.079999923706055,15.25,15.079999923706055,15.25,8.331014633178711,7200
2012-07-20,15.199999809265137,15.229999542236328,15.140000343322754,15.149999618530273,8.276387214660645,2500
2012-07-23,15.170000076293945,15.260000228881836,15.100000381469727,15.100000381469727,8.249072074890137,5900
2012-07-24,15.140000343322754,15.289999961853027,15.140000343322754,15.289999961853027,8.352874755859375,2700
2012-07-25,15.229999542236328,15.229999542236328,15.140000343322754,15.220000267028809,8.314629554748535,5600
2012-07-26,15.180000305175781,15.270000457763672,15.170000076293945,15.170000076293945,8.287309646606445,6700
2012-07-27,15.220000267028809,15.239999771118164,15.09000015258789,15.239999771118164,8.32555103302002,7400
2012-07-30,15.260000228881836,15.260000228881836,15.260000228881836,15.260000228881836,8.336483001708984,1500
2012-07-31,15.260000228881836,15.270000457763672,15.15999984741211,15.199999809265137,8.303706169128418,6300
2012-08-01,15.260000228881836,15.260000228881836,15.210000038146973,15.229999542236328,8.320091247558594,2100
2012-08-02,15.239999771118164,15.270000457763672,15.100000381469727,15.270000457763672,8.34194564819336,9900
2012-08-03,15.3100004196167,15.390000343322754,15.3100004196167,15.34000015258789,8.380187034606934,5100
2012-08-06,15.449999809265137,15.489999771118164,15.390000343322754,15.399999618530273,8.41296672821045,6900
2012-08-07,15.399999618530273,15.479999542236328,15.380000114440918,15.449999809265137,8.440278053283691,9600
2012-08-08,15.5,15.520000457763672,15.449999809265137,15.520000457763672,8.478516578674316,16800
2012-08-09,15.529999732971191,15.539999961853027,15.380000114440918,15.489999771118164,8.462130546569824,8900
2012-08-10,15.520000457763672,15.550000190734863,15.489999771118164,15.520000457763672,8.478516578674316,2600
2012-08-13,15.479999542236328,15.479999542236328,15.350000381469727,15.350000381469727,8.417646408081055,7700
2012-08-14,15.369999885559082,15.529999732971191,15.289999961853027,15.430000305175781,8.461516380310059,10300
2012-08-15,15.399999618530273,15.399999618530273,15.3100004196167,15.380000114440918,8.434103965759277,6800
2012-08-16,15.380000114440918,15.430000305175781,15.319999694824219,15.380000114440918,8.434103965759277,2900
2012-08-17,15.359999656677246,15.369999885559082,15.140000343322754,15.1899995803833,8.329911231994629,7400
2012-08-20,15.220000267028809,15.220000267028809,15.149999618530273,15.199999809265137,8.335392951965332,3100
2012-08-21,15.199999809265137,15.319999694824219,15.1899995803833,15.220000267028809,8.346355438232422,5800
2012-08-22,15.210000038146973,15.210000038146973,15.09000015258789,15.09000015258789,8.275070190429688,3400
2012-08-23,15.109999656677246,15.140000343322754,15.050000190734863,15.069999694824219,8.264101028442383,3600
2012-08-24,15.119999885559082,15.119999885559082,15.09000015258789,15.09000015258789,8.275070190429688,2800
2012-08-27,15.130000114440918,15.130000114440918,15.029999732971191,15.0600004196167,8.25861644744873,2000
2012-08-28,15.0600004196167,15.09000015258789,15.0,15.069999694824219,8.264101028442383,7100
2012-08-29,15.109999656677246,15.239999771118164,15.109999656677246,15.170000076293945,8.318937301635742,7200
2012-08-30,15.199999809265137,15.34000015258789,15.180000305175781,15.34000015258789,8.412165641784668,3800
2012-08-31,15.390000343322754,15.4399995803833,15.380000114440918,15.40999984741211,8.450554847717285,5300
2012-09-04,15.489999771118164,15.489999771118164,15.369999885559082,15.420000076293945,8.456039428710938,6700
2012-09-05,15.489999771118164,15.5,15.229999542236328,15.229999542236328,8.351837158203125,16300
2012-09-06,15.369999885559082,15.399999618530273,15.199999809265137,15.199999809265137,8.335392951965332,7600
2012-09-07,15.050000190734863,15.1899995803833,15.050000190734863,15.140000343322754,8.302490234375,11800
2012-09-10,15.279999732971191,15.279999732971191,15.180000305175781,15.180000305175781,8.324420928955078,6500
2012-09-11,15.220000267028809,15.319999694824219,15.220000267028809,15.3100004196167,8.395709991455078,4600
2012-09-12,15.229999542236328,15.229999542236328,15.149999618530273,15.220000267028809,8.378644943237305,5900
2012-09-13,15.199999809265137,15.229999542236328,15.15999984741211,15.180000305175781,8.356623649597168,3800
2012-09-14,15.199999809265137,15.229999542236328,15.100000381469727,15.100000381469727,8.31258773803711,5800
2012-09-17,15.100000381469727,15.140000343322754,15.050000190734863,15.119999885559082,8.32359790802002,3800
2012-09-18,15.050000190734863,15.069999694824219,15.050000190734863,15.069999694824219,8.29607105255127,1600
2012-09-19,15.069999694824219,15.149999618530273,15.069999694824219,15.149999618530273,8.340112686157227,1900
2012-09-20,15.149999618530273,15.180000305175781,15.119999885559082,15.15999984741211,8.345614433288574,5200
2012-09-21,15.140000343322754,15.210000038146973,15.130000114440918,15.15999984741211,8.345614433288574,6800
2012-09-24,15.229999542236328,15.229999542236328,15.119999885559082,15.119999885559082,8.32359790802002,1800
2012-09-25,15.170000076293945,15.210000038146973,15.109999656677246,15.130000114440918,8.32909870147705,15000
2012-09-26,15.210000038146973,15.270000457763672,15.210000038146973,15.229999542236328,8.384148597717285,4900
2012-09-27,15.199999809265137,15.229999542236328,15.15999984741211,15.15999984741211,8.345614433288574,3500
2012-09-28,15.229999542236328,15.289999961853027,15.229999542236328,15.289999961853027,8.41718578338623,3800
2012-10-01,15.390000343322754,15.390000343322754,15.25,15.25,8.395160675048828,6200
2012-10-02,15.34000015258789,15.34000015258789,15.239999771118164,15.239999771118164,8.389655113220215,1700
2012-10-03,15.239999771118164,15.3100004196167,15.210000038146973,15.210000038146973,8.373147010803223,4000
2012-10-04,15.270000457763672,15.270000457763672,15.1899995803833,15.199999809265137,8.367637634277344,2000
2012-10-05,15.25,15.260000228881836,15.239999771118164,15.260000228881836,8.400668144226074,1000
2012-10-08,15.260000228881836,15.260000228881836,15.1899995803833,15.1899995803833,8.362137794494629,10200
2012-10-09,15.239999771118164,15.239999771118164,15.109999656677246,15.140000343322754,8.334609031677246,7100
2012-10-10,15.1899995803833,15.1899995803833,15.109999656677246,15.109999656677246,8.318085670471191,8600
2012-10-11,15.100000381469727,15.119999885559082,15.039999961853027,15.050000190734863,8.317543029785156,4400
2012-10-12,15.079999923706055,15.210000038146973,15.079999923706055,15.210000038146973,8.405965805053711,11300
2012-10-15,15.220000267028809,15.229999542236328,15.15999984741211,15.180000305175781,8.389385223388672,6500
2012-10-16,15.220000267028809,15.300000190734863,15.220000267028809,15.239999771118164,8.4225435256958,6200
2012-10-17,15.319999694824219,15.350000381469727,15.300000190734863,15.350000381469727,8.483336448669434,3600
2012-10-18,15.399999618530273,15.40999984741211,15.3100004196167,15.369999885559082,8.494390487670898,5600
2012-10-19,15.359999656677246,15.359999656677246,15.260000228881836,15.289999961853027,8.450178146362305,6200
2012-10-22,15.3100004196167,15.3100004196167,15.1899995803833,15.210000038146973,8.405965805053711,1500
2012-10-23,15.3100004196167,15.3100004196167,15.25,15.279999732971191,8.444650650024414,2100
2012-10-24,15.25,15.369999885559082,15.25,15.279999732971191,8.444650650024414,4600
2012-10-25,15.3100004196167,15.329999923706055,15.229999542236328,15.229999542236328,8.417016983032227,4500
2012-10-26,15.300000190734863,15.380000114440918,15.300000190734863,15.300000190734863,8.455702781677246,4900
2012-10-31,15.289999961853027,15.319999694824219,15.180000305175781,15.1899995803833,8.394914627075195,4600
2012-11-01,15.319999694824219,15.34000015258789,15.270000457763672,15.270000457763672,8.439123153686523,6200
2012-11-02,15.319999694824219,15.319999694824219,15.199999809265137,15.239999771118164,8.4225435256958,5800
2012-11-05,15.220000267028809,15.220000267028809,15.09000015258789,15.109999656677246,8.350695610046387,2400
2012-11-06,15.199999809265137,15.220000267028809,15.15999984741211,15.1899995803833,8.394914627075195,1800
2012-11-07,15.25,15.279999732971191,15.210000038146973,15.279999732971191,8.444650650024414,2300
2012-11-08,15.300000190734863,15.489999771118164,15.300000190734863,15.489999771118164,8.560712814331055,1900
2012-11-09,15.489999771118164,15.520000457763672,15.40999984741211,15.520000457763672,8.577284812927246,3400
2012-11-12,15.609999656677246,15.640000343322754,15.579999923706055,15.600000381469727,8.621501922607422,4700
2012-11-13,15.539999961853027,15.579999923706055,15.449999809265137,15.569999694824219,8.63758659362793,10900
2012-11-14,15.579999923706055,15.649999618530273,15.520000457763672,15.529999732971191,8.615399360656738,3600
2012-11-15,15.630000114440918,15.630000114440918,15.15999984741211,15.229999542236328,8.44897174835205,20000
2012-11-16,15.40999984741211,15.569999694824219,15.350000381469727,15.5600004196167,8.63204288482666,2900
2012-11-19,15.579999923706055,15.859999656677246,15.579999923706055,15.699999809265137,8.709711074829102,20600
2012-11-20,15.760000228881836,15.899999618530273,15.760000228881836,15.890000343322754,8.815115928649902,12300
2012-11-21,15.880000114440918,16.0,15.850000381469727,15.970000267028809,8.859493255615234,3100
2012-11-23,16.0,16.0,16.0,16.0,8.876138687133789,1600
2012-11-26,15.970000267028809,16.010000228881836,15.899999618530273,15.920000076293945,8.831757545471191,5900
2012-11-27,15.960000038146973,15.989999771118164,15.819999694824219,15.899999618530273,8.820660591125488,13200
2012-11-28,16.030000686645508,16.030000686645508,15.699999809265137,15.920000076293945,8.831757545471191,23600
2012-11-29,15.949999809265137,15.979999542236328,15.800000190734863,15.800000190734863,8.765185356140137,12700
2012-11-30,15.850000381469727,15.850000381469727,15.729999542236328,15.779999732971191,8.75408935546875,9400
2012-12-03,15.850000381469727,15.890000343322754,15.800000190734863,15.800000190734863,8.765185356140137,4700
2012-12-04,15.699999809265137,15.699999809265137,15.630000114440918,15.640000343322754,8.676420211791992,7400
2012-12-05,15.5,15.65999984741211,15.5,15.65999984741211,8.687519073486328,6100
2012-12-06,15.729999542236328,15.729999542236328,15.59000015258789,15.649999618530273,8.681968688964844,5500
2012-12-07,15.609999656677246,15.720000267028809,15.609999656677246,15.649999618530273,8.681968688964844,7900
2012-12-10,15.8100004196167,15.8100004196167,15.5600004196167,15.649999618530273,8.681968688964844,10400
2012-12-11,15.770000457763672,15.779999732971191,15.600000381469727,15.729999542236328,8.726348876953125,12800
2012-12-12,15.649999618530273,15.6899995803833,15.4399995803833,15.4399995803833,8.596624374389648,12000
2012-12-13,15.470000267028809,15.479999542236328,15.260000228881836,15.3100004196167,8.524236679077148,8300
2012-12-14,15.420000076293945,15.420000076293945,15.020000457763672,15.079999923706055,8.396187782287598,17600
2012-12-17,15.109999656677246,15.109999656677246,14.770000457763672,14.829999923706055,8.256987571716309,39000
2012-12-18,14.819999694824219,14.9399995803833,14.779999732971191,14.880000114440918,8.284830093383789,9500
2012-12-19,14.850000381469727,15.010000228881836,14.850000381469727,14.899999618530273,8.295964241027832,8100
2012-12-20,14.960000038146973,15.09000015258789,14.960000038146973,15.09000015258789,8.401752471923828,7200
2012-12-21,14.850000381469727,15.25,14.850000381469727,15.220000267028809,8.47413158416748,16000
2012-12-24,15.329999923706055,15.329999923706055,15.170000076293945,15.170000076293945,8.446293830871582,5200
2012-12-26,15.25,15.300000190734863,15.0600004196167,15.0600004196167,8.38504695892334,4500
2012-12-27,15.5,15.5,14.960000038146973,15.039999961853027,8.373910903930664,4600
2012-12-28,15.149999618530273,15.1899995803833,15.050000190734863,15.050000190734863,8.379475593566895,8600
2012-12-31,15.210000038146973,15.210000038146973,15.050000190734863,15.100000381469727,8.407317161560059,14900
2013-01-02,15.170000076293945,15.399999618530273,15.140000343322754,15.390000343322754,8.56878662109375,10300
2013-01-03,15.3100004196167,15.430000305175781,15.3100004196167,15.430000305175781,8.591058731079102,2000
2013-01-04,15.539999961853027,15.59000015258789,15.520000457763672,15.59000015258789,8.680140495300293,4400
2013-01-07,15.600000381469727,15.600000381469727,15.5600004196167,15.59000015258789,8.680140495300293,12400
2013-01-08,15.539999961853027,15.699999809265137,15.539999961853027,15.6899995803833,8.735815048217773,21500
2013-01-09,15.699999809265137,15.699999809265137,15.510000228881836,15.649999618530273,8.71354866027832,10300
2013-01-10,15.6899995803833,15.6899995803833,15.529999732971191,15.539999961853027,8.652301788330078,5100
2013-01-11,15.600000381469727,15.65999984741211,15.520000457763672,15.520000457763672,8.672975540161133,5400
2013-01-14,15.65999984741211,15.6899995803833,15.649999618530273,15.649999618530273,8.745626449584961,2700
2013-01-15,15.640000343322754,15.640000343322754,15.569999694824219,15.569999694824219,8.70091438293457,2900
2013-01-16,15.5600004196167,15.569999694824219,15.449999809265137,15.520000457763672,8.672975540161133,7300
2013-01-17,15.6899995803833,15.6899995803833,15.619999885559082,15.649999618530273,8.745626449584961,900
2013-01-18,15.6899995803833,15.6899995803833,15.40999984741211,15.510000228881836,8.667393684387207,19200
2013-01-22,15.539999961853027,15.550000190734863,15.5,15.5,8.661799430847168,1000
2013-01-23,15.510000228881836,15.579999923706055,15.489999771118164,15.579999923706055,8.706501960754395,11500
2013-01-24,15.600000381469727,15.630000114440918,15.569999694824219,15.569999694824219,8.70091438293457,2600
2013-01-25,15.670000076293945,15.670000076293945,15.59000015258789,15.609999656677246,8.72326946258545,2800
2013-01-28,15.680000305175781,15.680000305175781,15.460000038146973,15.5,8.661799430847168,3100
2013-01-29,15.470000267028809,15.489999771118164,15.399999618530273,15.479999542236328,8.650625228881836,8800
2013-01-30,15.539999961853027,15.539999961853027,15.239999771118164,15.25,8.52209758758545,19500
2013-01-31,15.3100004196167,15.3100004196167,15.239999771118164,15.289999961853027,8.544450759887695,7100
2013-02-01,15.390000343322754,15.399999618530273,15.34000015258789,15.34000015258789,8.57238483428955,6000
2013-02-04,15.420000076293945,15.420000076293945,15.380000114440918,15.380000114440918,8.594744682312012,1600
2013-02-05,15.380000114440918,15.520000457763672,15.380000114440918,15.510000228881836,8.667393684387207,11900
2013-02-06,15.520000457763672,15.640000343322754,15.510000228881836,15.609999656677246,8.72326946258545,8700
2013-02-07,15.539999961853027,15.579999923706055,15.430000305175781,15.520000457763672,8.672975540161133,11200
2013-02-08,15.40999984741211,15.470000267028809,15.399999618530273,15.430000305175781,8.622682571411133,8000
2013-02-11,15.460000038146973,15.460000038146973,15.399999618530273,15.420000076293945,8.617094039916992,4400
2013-02-12,15.460000038146973,15.460000038146973,15.34000015258789,15.359999656677246,8.58356761932373,3900
2013-02-13,15.399999618530273,15.399999618530273,15.319999694824219,15.319999694824219,8.593104362487793,6500
2013-02-14,15.279999732971191,15.279999732971191,15.210000038146973,15.229999542236328,8.542613983154297,3900
2013-02-15,15.350000381469727,15.350000381469727,15.0,15.109999656677246,8.475309371948242,12400
2013-02-19,15.25,15.25,15.0600004196167,15.100000381469727,8.46970272064209,6200
2013-02-20,15.170000076293945,15.1899995803833,15.149999618530273,15.15999984741211,8.503357887268066,7800
2013-02-21,15.229999542236328,15.239999771118164,15.180000305175781,15.229999542236328,8.542613983154297,6900
2013-02-22,15.149999618530273,15.180000305175781,15.050000190734863,15.050000190734863,8.44165325164795,12600
2013-02-25,15.100000381469727,15.140000343322754,15.0,15.0,8.413605690002441,5400
2013-02-26,14.930000305175781,15.039999961853027,14.920000076293945,14.920000076293945,8.36874008178711,9000
2013-02-27,15.0,15.050000190734863,14.960000038146973,14.979999542236328,8.402396202087402,17100
2013-02-28,15.039999961853027,15.079999923706055,15.0,15.0,8.413605690002441,4900
2013-03-01,15.069999694824219,15.100000381469727,14.880000114440918,14.920000076293945,8.36874008178711,17500
2013-03-04,14.989999771118164,14.989999771118164,14.819999694824219,14.850000381469727,8.329476356506348,7700
2013-03-05,14.989999771118164,15.010000228881836,14.8100004196167,14.8100004196167,8.307039260864258,5600
2013-03-06,14.84000015258789,15.020000457763672,14.84000015258789,14.869999885559082,8.401963233947754,15900
2013-03-07,14.979999542236328,14.979999542236328,14.800000190734863,14.8100004196167,8.368059158325195,9000
2013-03-08,14.899999618530273,14.90999984741211,14.510000228881836,14.59000015258789,8.243752479553223,16100
2013-03-11,14.59000015258789,14.59000015258789,14.34000015258789,14.380000114440918,8.12509536743164,55400
2013-03-12,14.470000267028809,14.470000267028809,14.210000038146973,14.220000267028809,8.034695625305176,98200
2013-03-13,14.119999885559082,14.199999809265137,13.920000076293945,14.09000015258789,7.961240768432617,488900
2013-03-14,14.010000228881836,14.109999656677246,13.699999809265137,13.8100004196167,7.80303430557251,512600
2013-03-15,13.710000038146973,14.399999618530273,13.680000305175781,14.3100004196167,8.085549354553223,992300
2013-03-18,14.220000267028809,14.609999656677246,14.220000267028809,14.600000381469727,8.249404907226562,176800
2013-03-19,14.59000015258789,14.729999542236328,14.220000267028809,14.420000076293945,8.147704124450684,361700
2013-03-20,14.380000114440918,14.5,14.329999923706055,14.350000381469727,8.108147621154785,169200
2013-03-21,14.359999656677246,14.600000381469727,14.3100004196167,14.539999961853027,8.215505599975586,208500
2013-03-22,14.489999771118164,14.520000457763672,14.390000343322754,14.5,8.192901611328125,142300
2013-03-25,14.489999771118164,14.59000015258789,14.369999885559082,14.430000305175781,8.153352737426758,184400
2013-03-26,14.369999885559082,14.489999771118164,14.300000190734863,14.390000343322754,8.130743026733398,138900
2013-03-27,14.350000381469727,14.479999542236328,14.319999694824219,14.479999542236328,8.181596755981445,82600
2013-03-28,14.40999984741211,14.479999542236328,14.359999656677246,14.430000305175781,8.153352737426758,109000
2013-04-01,14.4399995803833,14.520000457763672,14.420000076293945,14.420000076293945,8.147704124450684,88700
2013-04-02,14.420000076293945,14.510000228881836,14.420000076293945,14.479999542236328,8.181596755981445,76100
2013-04-03,14.4399995803833,14.510000228881836,14.4399995803833,14.4399995803833,8.15899658203125,132200
2013-04-04,14.430000305175781,14.5600004196167,14.420000076293945,14.529999732971191,8.20984935760498,118700
2013-04-05,14.5,14.779999732971191,14.5,14.6899995803833,8.300253868103027,130900
2013-04-08,14.739999771118164,14.800000190734863,14.569999694824219,14.649999618530273,8.27765941619873,134000
2013-04-09,14.640000343322754,14.6899995803833,14.5,14.5,8.192901611328125,152900
2013-04-10,14.529999732971191,14.539999961853027,14.420000076293945,14.430000305175781,8.153352737426758,219500
2013-04-11,14.470000267028809,14.5,14.399999618530273,14.460000038146973,8.170304298400879,102900
2013-04-12,14.5,14.529999732971191,14.3100004196167,14.479999542236328,8.181596755981445,361500
2013-04-15,14.369999885559082,14.5,14.34000015258789,14.5,8.192901611328125,69700
2013-04-16,14.569999694824219,14.569999694824219,14.359999656677246,14.430000305175781,8.153352737426758,85000
2013-04-17,14.539999961853027,14.539999961853027,14.350000381469727,14.390000343322754,8.130743026733398,152700
2013-04-18,14.350000381469727,14.460000038146973,14.34000015258789,14.34000015258789,8.102496147155762,123200
2013-04-19,14.369999885559082,14.380000114440918,14.3100004196167,14.34000015258789,8.102496147155762,87600
2013-04-22,14.34000015258789,14.470000267028809,14.329999923706055,14.350000381469727,8.108147621154785,184600
2013-04-23,14.350000381469727,14.4399995803833,14.329999923706055,14.329999923706055,8.096841812133789,172800
2013-04-24,14.380000114440918,14.390000343322754,14.220000267028809,14.3100004196167,8.085549354553223,225200
2013-04-25,14.180000305175781,14.600000381469727,14.180000305175781,14.59000015258789,8.243752479553223,360200
2013-04-26,14.470000267028809,14.609999656677246,14.4399995803833,14.600000381469727,8.249404907226562,150700
2013-04-29,14.640000343322754,14.640000343322754,14.460000038146973,14.569999694824219,8.232453346252441,179700
2013-04-30,14.630000114440918,14.6899995803833,14.550000190734863,14.6899995803833,8.300253868103027,188100
2013-05-01,14.670000076293945,14.720000267028809,14.600000381469727,14.720000267028809,8.317205429077148,104300
2013-05-02,14.829999923706055,14.829999923706055,14.640000343322754,14.6899995803833,8.300253868103027,65800
2013-05-03,14.619999885559082,14.720000267028809,14.609999656677246,14.680000305175781,8.29460620880127,73500
2013-05-06,14.609999656677246,14.640000343322754,14.529999732971191,14.550000190734863,8.221153259277344,73200
2013-05-07,14.510000228881836,14.59000015258789,14.5,14.569999694824219,8.232453346252441,75400
2013-05-08,14.5,14.550000190734863,14.420000076293945,14.550000190734863,8.221153259277344,139200
2013-05-09,14.420000076293945,14.520000457763672,14.420000076293945,14.520000457763672,8.204203605651855,115600
2013-05-10,14.600000381469727,14.600000381469727,14.449999809265137,14.5,8.192901611328125,96500
2013-05-13,14.350000381469727,14.430000305175781,14.25,14.25,8.090140342712402,309000
2013-05-14,14.050000190734863,14.430000305175781,14.050000190734863,14.270000457763672,8.101494789123535,157000
2013-05-15,14.34000015258789,14.34000015258789,14.199999809265137,14.229999542236328,8.078783988952637,159300
2013-05-16,14.149999618530273,14.270000457763672,14.149999618530273,14.170000076293945,8.04472541809082,170600
2013-05-17,14.270000457763672,14.270000457763672,14.130000114440918,14.229999542236328,8.078783988952637,122500
2013-05-20,14.15999984741211,14.270000457763672,14.149999618530273,14.25,8.090140342712402,130900
2013-05-21,14.199999809265137,14.279999732971191,14.170000076293945,14.199999809265137,8.061758041381836,79200
2013-05-22,14.210000038146973,14.289999961853027,14.170000076293945,14.170000076293945,8.04472541809082,108900
2013-05-23,14.199999809265137,14.25,14.149999618530273,14.170000076293945,8.04472541809082,104900
2013-05-24,14.130000114440918,14.220000267028809,14.119999885559082,14.140000343322754,8.027693748474121,108400
2013-05-28,14.180000305175781,14.180000305175781,13.90999984741211,13.960000038146973,7.925501346588135,212100
2013-05-29,13.859999656677246,13.970000267028809,13.829999923706055,13.970000267028809,7.931179523468018,278500
2013-05-30,13.890000343322754,13.970000267028809,13.819999694824219,13.859999656677246,7.868727684020996,211100
2013-05-31,13.5600004196167,13.850000381469727,13.529999732971191,13.600000381469727,7.721118450164795,332200
2013-06-03,13.6899995803833,13.6899995803833,13.350000381469727,13.5600004196167,7.698407173156738,365600
2013-06-04,13.449999809265137,13.649999618530273,13.399999618530273,13.449999809265137,7.635954856872559,318000
2013-06-05,13.649999618530273,13.75,13.4399995803833,13.649999618530273,7.749506950378418,146500
2013-06-06,13.600000381469727,13.890000343322754,13.59000015258789,13.819999694824219,7.846018314361572,199400
2013-06-07,13.800000190734863,13.800000190734863,13.5,13.539999961853027,7.6870574951171875,151000
2013-06-10,13.5600004196167,13.600000381469727,13.329999923706055,13.399999618530273,7.607570171356201,380100
2013-06-11,13.3100004196167,13.460000038146973,13.25,13.399999618530273,7.607570171356201,349200
2013-06-12,13.260000228881836,13.34000015258789,13.199999809265137,13.3100004196167,7.595587730407715,199400
2013-06-13,13.279999732971191,13.470000267028809,13.130000114440918,13.470000267028809,7.686898231506348,297000
2013-06-14,13.399999618530273,13.729999542236328,13.380000114440918,13.729999542236328,7.83527135848999,156200
2013-06-17,13.720000267028809,13.739999771118164,13.4399995803833,13.5,7.704013347625732,129000
2013-06-18,13.430000305175781,13.569999694824219,13.25,13.369999885559082,7.629825115203857,144700
2013-06-19,13.420000076293945,13.420000076293945,13.140000343322754,13.180000305175781,7.521401882171631,166500
2013-06-20,13.09000015258789,13.15999984741211,12.789999961853027,12.989999771118164,7.412973403930664,532500
2013-06-21,12.979999542236328,13.020000457763672,12.779999732971191,12.880000114440918,7.350198268890381,267900
2013-06-24,12.739999771118164,12.739999771118164,12.420000076293945,12.729999542236328,7.2646050453186035,510100
2013-06-25,12.699999809265137,13.109999656677246,12.520000457763672,13.0600004196167,7.452922344207764,408600
2013-06-26,13.239999771118164,13.359999656677246,13.170000076293945,13.319999694824219,7.601294040679932,195600
2013-06-27,13.430000305175781,13.460000038146973,13.300000190734863,13.420000076293945,7.658363342285156,152000
2013-06-28,13.460000038146973,13.460000038146973,13.180000305175781,13.279999732971191,7.5784687995910645,136300
2013-07-01,13.470000267028809,13.5,13.279999732971191,13.369999885559082,7.629825115203857,110200
2013-07-02,13.260000228881836,13.430000305175781,13.210000038146973,13.430000305175781,7.664072513580322,137100
2013-07-03,13.199999809265137,13.319999694824219,13.149999618530273,13.149999618530273,7.504283428192139,94100
2013-07-05,13.149999618530273,13.149999618530273,12.800000190734863,13.050000190734863,7.447221279144287,183400
2013-07-08,12.9399995803833,13.15999984741211,12.869999885559082,12.869999885559082,7.344501972198486,135700
2013-07-09,12.890000343322754,12.970000267028809,12.6899995803833,12.800000190734863,7.304546356201172,216500
2013-07-10,12.800000190734863,12.859999656677246,12.699999809265137,12.859999656677246,7.338785648345947,128100
2013-07-11,12.899999618530273,13.039999961853027,12.829999923706055,12.920000076293945,7.412801265716553,148200
2013-07-12,12.949999809265137,12.949999809265137,12.75,12.770000457763672,7.326741695404053,109700
2013-07-15,12.739999771118164,12.84000015258789,12.710000038146973,12.789999961853027,7.338211536407471,135000
2013-07-16,12.800000190734863,12.8100004196167,12.6899995803833,12.729999542236328,7.303791046142578,162400
2013-07-17,12.739999771118164,13.010000228881836,12.739999771118164,12.989999771118164,7.452963829040527,176700
2013-07-18,12.930000305175781,12.989999771118164,12.760000228881836,12.829999923706055,7.361164093017578,180100
2013-07-19,12.699999809265137,12.789999961853027,12.619999885559082,12.619999885559082,7.240680694580078,142000
2013-07-22,12.600000381469727,12.600000381469727,12.449999809265137,12.470000267028809,7.154615879058838,207600
2013-07-23,12.449999809265137,12.65999984741211,12.449999809265137,12.600000381469727,7.2292022705078125,138600
2013-07-24,12.460000038146973,12.550000190734863,12.449999809265137,12.449999809265137,7.14314079284668,121000
2013-07-25,12.399999618530273,12.470000267028809,12.359999656677246,12.399999618530273,7.114452362060547,106900
2013-07-26,12.399999618530273,12.59000015258789,12.399999618530273,12.470000267028809,7.154615879058838,107800
2013-07-29,12.420000076293945,12.600000381469727,12.420000076293945,12.569999694824219,7.2119903564453125,84600
2013-07-30,12.5,12.579999923706055,12.460000038146973,12.489999771118164,7.166090488433838,96700
2013-07-31,12.460000038146973,12.460000038146973,12.1899995803833,12.350000381469727,7.085768222808838,367200
2013-08-01,12.470000267028809,12.470000267028809,12.180000305175781,12.210000038146973,7.005437850952148,287900
2013-08-02,12.199999809265137,12.359999656677246,12.199999809265137,12.34000015258789,7.0800299644470215,200500
2013-08-05,12.199999809265137,12.260000228881836,12.1899995803833,12.199999809265137,6.999706745147705,164200
2013-08-06,12.1899995803833,12.239999771118164,12.170000076293945,12.210000038146973,7.005437850952148,203400
2013-08-07,12.109999656677246,12.239999771118164,12.069999694824219,12.180000305175781,6.9882283210754395,247300
2013-08-08,12.079999923706055,12.229999542236328,12.079999923706055,12.220000267028809,7.011178493499756,145700
2013-08-09,12.109999656677246,12.199999809265137,12.029999732971191,12.119999885559082,6.953804969787598,193700
2013-08-12,12.0600004196167,12.180000305175781,12.0600004196167,12.100000381469727,6.942330360412598,176600
2013-08-13,11.960000038146973,12.010000228881836,11.90999984741211,11.949999809265137,6.895592212677002,290500
2013-08-14,11.920000076293945,12.0,11.920000076293945,11.989999771118164,6.918669700622559,177500
2013-08-15,11.920000076293945,11.949999809265137,11.84000015258789,11.920000076293945,6.878282070159912,252400
2013-08-16,12.010000228881836,12.010000228881836,11.739999771118164,11.800000190734863,6.809036731719971,238200
2013-08-19,11.789999961853027,11.899999618530273,11.770000457763672,11.890000343322754,6.8609700202941895,288100
2013-08-20,11.800000190734863,12.170000076293945,11.800000190734863,12.170000076293945,7.022537708282471,377400
2013-08-21,12.119999885559082,12.199999809265137,12.069999694824219,12.079999923706055,6.970602989196777,182400
2013-08-22,12.0,12.210000038146973,11.979999542236328,12.1899995803833,7.034077167510986,206400
2013-08-23,12.09000015258789,12.3100004196167,12.069999694824219,12.279999732971191,7.0860137939453125,205100
2013-08-26,12.229999542236328,12.279999732971191,11.979999542236328,12.0600004196167,6.959064483642578,137800
2013-08-27,11.920000076293945,12.119999885559082,11.899999618530273,12.050000190734863,6.953293800354004,156700
2013-08-28,12.010000228881836,12.100000381469727,11.970000267028809,11.970000267028809,6.907130718231201,176300
2013-08-29,11.90999984741211,11.979999542236328,11.90999984741211,11.979999542236328,6.912903308868408,180000
2013-08-30,11.920000076293945,11.949999809265137,11.880000114440918,11.90999984741211,6.872509002685547,160600
2013-09-03,11.850000381469727,11.970000267028809,11.8100004196167,11.960000038146973,6.901358604431152,214800
2013-09-04,12.010000228881836,12.010000228881836,11.90999984741211,11.9399995803833,6.8898210525512695,108200
2013-09-05,11.890000343322754,11.9399995803833,11.819999694824219,11.880000114440918,6.855198383331299,172600
2013-09-06,11.859999656677246,11.9399995803833,11.850000381469727,11.899999618530273,6.866736888885498,267500
2013-09-09,11.920000076293945,12.0,11.770000457763672,11.8100004196167,6.814805030822754,312300
2013-09-10,11.800000190734863,11.90999984741211,11.729999542236328,11.859999656677246,6.843656063079834,243000
2013-09-11,11.729999542236328,11.819999694824219,11.6899995803833,11.6899995803833,6.785037040710449,207500
2013-09-12,11.680000305175781,11.8100004196167,11.680000305175781,11.729999542236328,6.8082499504089355,224600
2013-09-13,11.699999809265137,11.850000381469727,11.699999809265137,11.850000381469727,6.877902507781982,252800
2013-09-16,11.920000076293945,12.050000190734863,11.920000076293945,11.920000076293945,6.918532371520996,233800
2013-09-17,11.880000114440918,12.100000381469727,11.880000114440918,12.100000381469727,7.023004055023193,209400
2013-09-18,12.029999732971191,12.4399995803833,11.989999771118164,12.40999984741211,7.202934265136719,299400
2013-09-19,12.359999656677246,12.430000305175781,12.260000228881836,12.260000228881836,7.115869522094727,297700
2013-09-20,12.34000015258789,12.34000015258789,12.100000381469727,12.1899995803833,7.075246334075928,91300
2013-09-23,12.149999618530273,12.319999694824219,12.149999618530273,12.25,7.110067367553711,156300
2013-09-24,12.1899995803833,12.34000015258789,12.15999984741211,12.34000015258789,7.162303924560547,131600
2013-09-25,12.270000457763672,12.399999618530273,12.25,12.329999923706055,7.15649938583374,184000
2013-09-26,12.289999961853027,12.34000015258789,12.210000038146973,12.279999732971191,7.127477645874023,154300
2013-09-27,12.180000305175781,12.260000228881836,12.180000305175781,12.210000038146973,7.086851596832275,93800
2013-09-30,12.140000343322754,12.279999732971191,12.140000343322754,12.239999771118164,7.104258060455322,122000
2013-10-01,12.350000381469727,12.350000381469727,12.1899995803833,12.199999809265137,7.081045150756836,121900
2013-10-02,12.130000114440918,12.260000228881836,12.130000114440918,12.239999771118164,7.104258060455322,161000
2013-10-03,12.170000076293945,12.25,12.15999984741211,12.1899995803833,7.075246334075928,197600
2013-10-04,12.140000343322754,12.199999809265137,12.109999656677246,12.109999656677246,7.028807163238525,184500
2013-10-07,12.15999984741211,12.170000076293945,12.0,12.069999694824219,7.005594253540039,148400
2013-10-08,12.0,12.130000114440918,11.890000343322754,11.979999542236328,6.953355312347412,219100
2013-10-09,12.029999732971191,12.0600004196167,11.979999542236328,12.0,6.964967727661133,167500
2013-10-10,11.949999809265137,11.989999771118164,11.90999984741211,11.960000038146973,6.98189115524292,163700
2013-10-11,11.920000076293945,12.0,11.920000076293945,11.989999771118164,6.999405384063721,115100
2013-10-14,11.899999618530273,11.989999771118164,11.619999885559082,11.880000114440918,6.935186862945557,205400
2013-10-15,11.949999809265137,11.949999809265137,11.84000015258789,11.869999885559082,6.929354190826416,103800
2013-10-16,11.8100004196167,11.979999542236328,11.8100004196167,11.920000076293945,6.95854377746582,208400
2013-10-17,11.920000076293945,12.199999809265137,11.920000076293945,12.119999885559082,7.075296401977539,229000
2013-10-18,12.130000114440918,12.210000038146973,12.0600004196167,12.140000343322754,7.086968898773193,175700
2013-10-21,12.140000343322754,12.170000076293945,12.050000190734863,12.069999694824219,7.046106815338135,171200
2013-10-22,12.09000015258789,12.149999618530273,12.069999694824219,12.149999618530273,7.092806816101074,180000
2013-10-23,12.149999618530273,12.279999732971191,12.119999885559082,12.270000457763672,7.162862777709961,152000
2013-10-24,12.300000190734863,12.300000190734863,12.170000076293945,12.220000267028809,7.133675575256348,250300
2013-10-25,12.170000076293945,12.270000457763672,12.149999618530273,12.260000228881836,7.15702486038208,206800
2013-10-28,12.199999809265137,12.399999618530273,12.199999809265137,12.350000381469727,7.20956563949585,250300
2013-10-29,12.329999923706055,12.369999885559082,12.229999542236328,12.279999732971191,7.168699264526367,153600
2013-10-30,12.239999771118164,12.350000381469727,12.239999771118164,12.270000457763672,7.162862777709961,179800
2013-10-31,12.239999771118164,12.289999961853027,12.149999618530273,12.149999618530273,7.092806816101074,186900
2013-11-01,12.289999961853027,12.289999961853027,12.020000457763672,12.039999961853027,7.028593063354492,200100
2013-11-04,12.010000228881836,12.119999885559082,12.010000228881836,12.050000190734863,7.034431457519531,195400
2013-11-05,12.100000381469727,12.229999542236328,12.0600004196167,12.1899995803833,7.116161346435547,408900
2013-11-06,12.1899995803833,12.210000038146973,12.050000190734863,12.119999885559082,7.075296401977539,262700
2013-11-07,12.050000190734863,12.149999618530273,12.039999961853027,12.069999694824219,7.046106815338135,188900
2013-11-08,12.0,12.050000190734863,11.899999618530273,11.989999771118164,6.999405384063721,258100
2013-11-11,11.920000076293945,11.989999771118164,11.899999618530273,11.9399995803833,6.970217227935791,146400
2013-11-12,11.9399995803833,11.970000267028809,11.880000114440918,11.960000038146973,6.98189115524292,240500
2013-11-13,11.819999694824219,11.880000114440918,11.819999694824219,11.84000015258789,6.95194673538208,155100
2013-11-14,11.8100004196167,11.920000076293945,11.8100004196167,11.90999984741211,6.993052959442139,178600
2013-11-15,11.84000015258789,11.960000038146973,11.84000015258789,11.960000038146973,7.02240514755249,286000
2013-11-18,11.90999984741211,11.989999771118164,11.890000343322754,11.930000305175781,7.004791736602783,241000
2013-11-19,11.859999656677246,11.949999809265137,11.84000015258789,11.890000343322754,6.981306076049805,290100
2013-11-20,11.84000015258789,11.960000038146973,11.84000015258789,11.90999984741211,6.993052959442139,313000
2013-11-21,11.869999885559082,11.970000267028809,11.789999961853027,11.9399995803833,7.0106635093688965,227100
2013-11-22,11.920000076293945,11.960000038146973,11.899999618530273,11.930000305175781,7.004791736602783,197100
2013-11-25,11.890000343322754,11.9399995803833,11.869999885559082,11.9399995803833,7.0106635093688965,211900
2013-11-26,11.899999618530273,11.970000267028809,11.899999618530273,11.9399995803833,7.0106635093688965,162400
2013-11-27,11.90999984741211,11.9399995803833,11.899999618530273,11.90999984741211,6.993052959442139,197500
2013-11-29,11.880000114440918,11.960000038146973,11.869999885559082,11.960000038146973,7.02240514755249,91200
2013-12-02,11.899999618530273,11.9399995803833,11.819999694824219,11.880000114440918,6.975429058074951,322500
2013-12-03,11.850000381469727,12.0,11.850000381469727,11.880000114440918,6.975429058074951,216700
2013-12-04,11.800000190734863,11.90999984741211,11.800000190734863,11.850000381469727,6.957817077636719,273300
2013-12-05,11.8100004196167,11.829999923706055,11.779999732971191,11.789999961853027,6.922590732574463,303300
2013-12-06,11.75,11.84000015258789,11.75,11.770000457763672,6.9108476638793945,330200
2013-12-09,11.75,11.850000381469727,11.739999771118164,11.850000381469727,6.957817077636719,243100
2013-12-10,11.819999694824219,11.850000381469727,11.75,11.760000228881836,6.90497350692749,672600
2013-12-11,11.65999984741211,11.8100004196167,11.649999618530273,11.729999542236328,6.928009033203125,359200
2013-12-12,11.739999771118164,11.779999732971191,11.649999618530273,11.760000228881836,6.9457244873046875,410900
2013-12-13,11.710000038146973,11.75,11.670000076293945,11.680000305175781,6.898481369018555,507500
2013-12-16,11.65999984741211,11.770000457763672,11.65999984741211,11.75,6.939825057983398,545500
2013-12-17,11.6899995803833,12.069999694824219,11.680000305175781,12.020000457763672,7.099293231964111,712600
2013-12-18,12.100000381469727,12.199999809265137,11.989999771118164,12.109999656677246,7.152442455291748,669700
2013-12-19,12.119999885559082,12.119999885559082,12.020000457763672,12.039999961853027,7.111103534698486,368700
2013-12-20,12.020000457763672,12.109999656677246,11.90999984741211,11.989999771118164,7.081571102142334,554300
2013-12-23,12.069999694824219,12.329999923706055,12.069999694824219,12.25,7.235134124755859,767000
2013-12-24,12.279999732971191,12.369999885559082,12.199999809265137,12.350000381469727,7.294198513031006,334400
2013-12-26,12.350000381469727,12.350000381469727,12.210000038146973,12.229999542236328,7.223316669464111,416300
2013-12-27,12.199999809265137,12.34000015258789,12.199999809265137,12.3100004196167,7.270572185516357,345700
2013-12-30,12.329999923706055,12.399999618530273,12.279999732971191,12.369999885559082,7.306009769439697,381700
2013-12-31,12.510000228881836,12.510000228881836,12.260000228881836,12.279999732971191,7.2528510093688965,337200
2014-01-02,12.270000457763672,12.350000381469727,12.270000457763672,12.34000015258789,7.2882890701293945,157500
2014-01-03,12.380000114440918,12.390000343322754,12.289999961853027,12.300000190734863,7.2646684646606445,170900
2014-01-06,12.350000381469727,12.420000076293945,12.319999694824219,12.359999656677246,7.300102710723877,268900
2014-01-07,12.449999809265137,12.479999542236328,12.390000343322754,12.479999542236328,7.370977401733398,181600
2014-01-08,12.430000305175781,12.489999771118164,12.390000343322754,12.489999771118164,7.3768792152404785,174000
2014-01-09,12.470000267028809,12.5,12.420000076293945,12.460000038146973,7.359165668487549,235800
2014-01-10,12.5,12.65999984741211,12.5,12.59000015258789,7.435945510864258,354300
2014-01-13,12.579999923706055,12.640000343322754,12.470000267028809,12.470000267028809,7.405657768249512,185500
2014-01-14,12.460000038146973,12.539999961853027,12.369999885559082,12.430000305175781,7.381901264190674,204000
2014-01-15,12.390000343322754,12.470000267028809,12.390000343322754,12.390000343322754,7.358146667480469,186200
2014-01-16,12.399999618530273,12.470000267028809,12.399999618530273,12.420000076293945,7.375962257385254,92000
2014-01-17,12.449999809265137,12.65999984741211,12.430000305175781,12.649999618530273,7.512552738189697,325600
2014-01-21,12.6899995803833,12.729999542236328,12.539999961853027,12.609999656677246,7.488799095153809,202900
2014-01-22,12.649999618530273,12.649999618530273,12.550000190734863,12.579999923706055,7.470983982086182,127700
2014-01-23,12.640000343322754,12.710000038146973,12.59000015258789,12.65999984741211,7.518493175506592,127600
2014-01-24,12.640000343322754,12.729999542236328,12.609999656677246,12.6899995803833,7.536311149597168,182300
2014-01-27,12.640000343322754,12.65999984741211,12.369999885559082,12.520000457763672,7.435356140136719,168800
2014-01-28,12.489999771118164,12.6899995803833,12.489999771118164,12.619999885559082,7.4947404861450195,160000
2014-01-29,12.600000381469727,12.670000076293945,12.5,12.5,7.423470497131348,170800
2014-01-30,12.65999984741211,12.65999984741211,12.65999984741211,12.65999984741211,7.518493175506592,0
2014-01-31,12.510000228881836,12.630000114440918,12.510000228881836,12.59000015258789,7.476919651031494,112500
2014-02-03,12.649999618530273,12.739999771118164,12.59000015258789,12.619999885559082,7.4947404861450195,192900
2014-02-04,12.649999618530273,12.6899995803833,12.529999732971191,12.550000190734863,7.453165531158447,155900
2014-02-05,12.520000457763672,12.569999694824219,12.420000076293945,12.5,7.423470497131348,177800
2014-02-06,12.529999732971191,12.529999732971191,12.40999984741211,12.460000038146973,7.399716854095459,199600
2014-02-07,12.460000038146973,12.569999694824219,12.4399995803833,12.550000190734863,7.453165531158447,123100
2014-02-10,12.520000457763672,12.640000343322754,12.520000457763672,12.550000190734863,7.453165531158447,150400
2014-02-11,12.5600004196167,12.579999923706055,12.520000457763672,12.550000190734863,7.453165531158447,192900
2014-02-12,12.470000267028809,12.550000190734863,12.4399995803833,12.4399995803833,7.428683280944824,175200
2014-02-13,12.430000305175781,12.520000457763672,12.420000076293945,12.470000267028809,7.446598052978516,154800
2014-02-14,12.470000267028809,12.5,12.4399995803833,12.460000038146973,7.440626621246338,119500
2014-02-18,12.489999771118164,12.520000457763672,12.430000305175781,12.460000038146973,7.440626621246338,156900
2014-02-19,12.460000038146973,12.520000457763672,12.460000038146973,12.489999771118164,7.458538055419922,89900
2014-02-20,12.460000038146973,12.489999771118164,12.430000305175781,12.430000305175781,7.422710418701172,142100
2014-02-21,12.479999542236328,12.569999694824219,12.449999809265137,12.569999694824219,7.5063157081604,167000
2014-02-24,12.529999732971191,12.609999656677246,12.479999542236328,12.5600004196167,7.500339031219482,190800
2014-02-25,12.520000457763672,12.600000381469727,12.520000457763672,12.5600004196167,7.500339031219482,147700
2014-02-26,12.600000381469727,12.640000343322754,12.550000190734863,12.600000381469727,7.524229526519775,161500
2014-02-27,12.619999885559082,12.710000038146973,12.609999656677246,12.710000038146973,7.5899176597595215,174300
2014-02-28,12.670000076293945,12.699999809265137,12.579999923706055,12.699999809265137,7.58394718170166,201600
2014-03-03,13.039999961853027,13.09000015258789,12.699999809265137,12.720000267028809,7.595892906188965,199800
2014-03-04,12.8100004196167,12.829999923706055,12.739999771118164,12.770000457763672,7.625747203826904,122100
2014-03-05,12.800000190734863,12.8100004196167,12.75,12.789999961853027,7.637691020965576,123000
2014-03-06,12.760000228881836,12.789999961853027,12.670000076293945,12.710000038146973,7.5899176597595215,190000
2014-03-07,12.710000038146973,12.710000038146973,12.59000015258789,12.630000114440918,7.542150974273682,243800
2014-03-10,12.630000114440918,12.729999542236328,12.619999885559082,12.680000305175781,7.57200288772583,180200
2014-03-11,12.680000305175781,12.729999542236328,12.59000015258789,12.630000114440918,7.542150974273682,218700
2014-03-12,12.619999885559082,12.720000267028809,12.609999656677246,12.65999984741211,7.601587772369385,138000
2014-03-13,12.670000076293945,12.729999542236328,12.640000343322754,12.670000076293945,7.60759162902832,132700
2014-03-14,12.699999809265137,12.720000267028809,12.640000343322754,12.670000076293945,7.60759162902832,83800
2014-03-17,12.710000038146973,12.75,12.670000076293945,12.720000267028809,7.6376118659973145,143500
2014-03-18,12.729999542236328,12.739999771118164,12.6899995803833,12.729999542236328,7.643620491027832,70700
2014-03-19,12.739999771118164,12.75,12.630000114440918,12.630000114440918,7.583577632904053,153000
2014-03-20,12.569999694824219,12.640000343322754,12.510000228881836,12.5600004196167,7.541543006896973,131500
2014-03-21,12.609999656677246,12.739999771118164,12.609999656677246,12.720000267028809,7.6376118659973145,90500
2014-03-24,12.739999771118164,12.789999961853027,12.65999984741211,12.720000267028809,7.6376118659973145,144000
2014-03-25,12.739999771118164,12.760000228881836,12.630000114440918,12.65999984741211,7.601587772369385,118100
2014-03-26,12.680000305175781,12.739999771118164,12.680000305175781,12.729999542236328,7.643620491027832,105000
2014-03-27,12.760000228881836,12.760000228881836,12.6899995803833,12.739999771118164,7.649619102478027,111400
2014-03-28,12.760000228881836,12.800000190734863,12.739999771118164,12.779999732971191,7.673639297485352,43300
2014-03-31,12.75,12.8100004196167,12.729999542236328,12.770000457763672,7.667635440826416,152700
2014-04-01,12.779999732971191,12.819999694824219,12.739999771118164,12.770000457763672,7.667635440826416,259200
2014-04-02,12.739999771118164,12.789999961853027,12.710000038146973,12.75,7.6556291580200195,126000
2014-04-03,12.770000457763672,12.800000190734863,12.739999771118164,12.789999961853027,7.679643630981445,63700
2014-04-04,12.8100004196167,12.829999923706055,12.770000457763672,12.779999732971191,7.673639297485352,167800
2014-04-07,12.779999732971191,12.819999694824219,12.739999771118164,12.770000457763672,7.667635440826416,67800
2014-04-08,12.789999961853027,12.859999656677246,12.720000267028809,12.859999656677246,7.721677780151367,127000
2014-04-09,12.819999694824219,12.869999885559082,12.770000457763672,12.819999694824219,7.697661399841309,165000
2014-04-10,12.819999694824219,12.850000381469727,12.779999732971191,12.819999694824219,7.697661399841309,117800
2014-04-11,12.75,12.8100004196167,12.720000267028809,12.760000228881836,7.7030930519104,141200
2014-04-14,12.75,12.770000457763672,12.649999618530273,12.649999618530273,7.636684894561768,158200
2014-04-15,12.65999984741211,12.739999771118164,12.640000343322754,12.739999771118164,7.691012859344482,96800
2014-04-16,12.710000038146973,12.800000190734863,12.65999984741211,12.779999732971191,7.7151641845703125,134000
2014-04-17,12.75,12.770000457763672,12.699999809265137,12.75,7.697053909301758,127700
2014-04-21,12.789999961853027,12.949999809265137,12.789999961853027,12.920000076293945,7.799680709838867,166300
2014-04-22,12.899999618530273,13.0,12.869999885559082,12.979999542236328,7.835905075073242,150400
2014-04-23,12.989999771118164,13.0600004196167,12.979999542236328,13.039999961853027,7.872122287750244,169600
2014-04-24,13.050000190734863,13.079999923706055,13.010000228881836,13.069999694824219,7.890234470367432,152100
2014-04-25,13.100000381469727,13.210000038146973,13.069999694824219,13.15999984741211,7.944567680358887,135300
2014-04-28,13.15999984741211,13.210000038146973,13.149999618530273,13.170000076293945,7.950607776641846,169600
2014-04-29,13.149999618530273,13.1899995803833,13.109999656677246,13.149999618530273,7.93853235244751,135900
2014-04-30,13.15999984741211,13.220000267028809,13.15999984741211,13.220000267028809,7.9807915687561035,169300
2014-05-01,13.260000228881836,13.279999732971191,13.220000267028809,13.220000267028809,7.9807915687561035,252700
2014-05-02,13.180000305175781,13.229999542236328,13.130000114440918,13.1899995803833,7.9626784324646,187000
2014-05-05,13.170000076293945,13.210000038146973,13.149999618530273,13.180000305175781,7.956638813018799,118500
2014-05-06,13.149999618530273,13.239999771118164,13.149999618530273,13.229999542236328,7.986828804016113,130000
2014-05-07,13.229999542236328,13.270000457763672,13.210000038146973,13.25,7.998900890350342,112400
2014-05-08,13.239999771118164,13.289999961853027,13.210000038146973,13.279999732971191,8.017012596130371,288000
2014-05-09,13.239999771118164,13.270000457763672,13.199999809265137,13.199999809265137,7.968715667724609,332700
2014-05-12,13.1899995803833,13.25,13.170000076293945,13.229999542236328,7.986828804016113,217300
2014-05-13,13.149999618530273,13.199999809265137,13.130000114440918,13.180000305175781,7.998358249664307,141700
2014-05-14,13.180000305175781,13.279999732971191,13.180000305175781,13.270000457763672,8.052973747253418,126200
2014-05-15,13.300000190734863,13.329999923706055,13.270000457763672,13.319999694824219,8.083317756652832,134400
2014-05-16,13.319999694824219,13.329999923706055,13.270000457763672,13.300000190734863,8.071184158325195,115400
2014-05-19,13.279999732971191,13.300000190734863,13.239999771118164,13.270000457763672,8.052973747253418,221200
2014-05-20,13.279999732971191,13.279999732971191,13.180000305175781,13.199999809265137,8.010493278503418,281000
2014-05-21,13.210000038146973,13.220000267028809,13.15999984741211,13.220000267028809,8.022631645202637,90500
2014-05-22,13.220000267028809,13.239999771118164,13.170000076293945,13.210000038146973,8.016562461853027,156000
2014-05-23,13.239999771118164,13.239999771118164,13.1899995803833,13.210000038146973,8.016562461853027,93700
2014-05-27,13.229999542236328,13.229999542236328,13.210000038146973,13.229999542236328,8.028698921203613,104300
2014-05-28,13.25,13.270000457763672,13.210000038146973,13.260000228881836,8.04690170288086,210900
2014-05-29,13.260000228881836,13.289999961853027,13.210000038146973,13.210000038146973,8.016562461853027,184200
2014-05-30,13.199999809265137,13.239999771118164,13.170000076293945,13.239999771118164,8.034769058227539,169200
2014-06-02,13.25,13.260000228881836,13.170000076293945,13.1899995803833,8.004426956176758,153700
2014-06-03,13.199999809265137,13.210000038146973,13.140000343322754,13.140000343322754,7.974079132080078,194400
2014-06-04,13.140000343322754,13.149999618530273,12.979999542236328,13.050000190734863,7.919470310211182,357000
2014-06-05,13.039999961853027,13.149999618530273,13.029999732971191,13.09000015258789,7.9437384605407715,104100
2014-06-06,13.140000343322754,13.180000305175781,13.109999656677246,13.149999618530273,7.980153560638428,84700
2014-06-09,13.170000076293945,13.220000267028809,13.140000343322754,13.180000305175781,7.998358249664307,111400
2014-06-10,13.15999984741211,13.220000267028809,13.149999618530273,13.1899995803833,8.004426956176758,62400
2014-06-11,13.149999618530273,13.15999984741211,13.079999923706055,13.100000381469727,7.991616249084473,113800
2014-06-12,13.09000015258789,13.180000305175781,13.09000015258789,13.140000343322754,8.01601505279541,87400
2014-06-13,13.140000343322754,13.149999618530273,13.050000190734863,13.09000015258789,7.985516548156738,76900
2014-06-16,13.069999694824219,13.109999656677246,13.029999732971191,13.050000190734863,7.961115837097168,143500
2014-06-17,13.010000228881836,13.029999732971191,12.979999542236328,13.0,7.930612087249756,175700
2014-06-18,13.010000228881836,13.029999732971191,12.949999809265137,12.949999809265137,7.900103569030762,130700
2014-06-19,13.010000228881836,13.050000190734863,12.930000305175781,12.949999809265137,7.900103569030762,199900
2014-06-20,12.9399995803833,12.970000267028809,12.9399995803833,12.9399995803833,7.894001483917236,121900
2014-06-23,13.010000228881836,13.010000228881836,12.899999618530273,12.960000038146973,7.906205177307129,206600
2014-06-24,12.979999542236328,13.020000457763672,12.960000038146973,13.020000457763672,7.942810535430908,111100
2014-06-25,13.029999732971191,13.069999694824219,13.020000457763672,13.0600004196167,7.967209815979004,97500
2014-06-26,13.09000015258789,13.09000015258789,13.0600004196167,13.09000015258789,7.985516548156738,68700
2014-06-27,13.100000381469727,13.130000114440918,13.0600004196167,13.069999694824219,7.973309516906738,69100
2014-06-30,13.079999923706055,13.109999656677246,13.069999694824219,13.109999656677246,7.9977126121521,117400
2014-07-01,13.119999885559082,13.130000114440918,13.079999923706055,13.079999923706055,7.9794135093688965,129900
2014-07-02,13.069999694824219,13.09000015258789,12.979999542236328,13.0,7.930612087249756,195600
2014-07-03,12.930000305175781,12.9399995803833,12.869999885559082,12.90999984741211,7.875708103179932,220300
2014-07-07,12.920000076293945,12.949999809265137,12.90999984741211,12.949999809265137,7.900103569030762,160000
2014-07-08,13.0,13.039999961853027,12.930000305175781,12.989999771118164,7.924508094787598,180400
2014-07-09,12.979999542236328,13.039999961853027,12.9399995803833,13.029999732971191,7.948912143707275,157800
2014-07-10,13.050000190734863,13.069999694824219,13.020000457763672,13.069999694824219,7.973309516906738,119000
2014-07-11,13.0,13.020000457763672,12.979999542236328,12.979999542236328,7.960434436798096,102500
2014-07-14,12.989999771118164,13.039999961853027,12.949999809265137,12.970000267028809,7.95430326461792,141200
2014-07-15,12.949999809265137,12.989999771118164,12.949999809265137,12.960000038146973,7.948167324066162,82200
2014-07-16,12.949999809265137,13.0,12.949999809265137,12.949999809265137,7.942030906677246,100800
2014-07-17,12.989999771118164,13.029999732971191,12.979999542236328,12.989999771118164,7.96656608581543,92800
2014-07-18,13.029999732971191,13.050000190734863,13.010000228881836,13.029999732971191,7.991101264953613,60300
2014-07-21,13.029999732971191,13.079999923706055,13.029999732971191,13.0600004196167,8.00949478149414,73800
2014-07-22,13.039999961853027,13.09000015258789,13.020000457763672,13.029999732971191,7.991101264953613,148500
2014-07-23,13.039999961853027,13.079999923706055,13.010000228881836,13.010000228881836,7.978830814361572,109100
2014-07-24,13.0,13.020000457763672,12.970000267028809,12.989999771118164,7.96656608581543,87700
2014-07-25,13.020000457763672,13.079999923706055,13.0,13.0,7.972698211669922,61000
2014-07-28,13.010000228881836,13.029999732971191,12.989999771118164,13.029999732971191,7.991101264953613,91500
2014-07-29,13.050000190734863,13.09000015258789,13.039999961853027,13.0600004196167,8.00949478149414,81300
2014-07-30,13.039999961853027,13.050000190734863,12.989999771118164,12.989999771118164,7.96656608581543,140300
2014-07-31,12.890000343322754,13.010000228881836,12.890000343322754,13.010000228881836,7.978830814361572,131400
2014-08-01,13.029999732971191,13.069999694824219,13.0,13.020000457763672,7.9849677085876465,193400
2014-08-04,13.069999694824219,13.079999923706055,13.0,13.0,7.972698211669922,123400
2014-08-05,12.960000038146973,13.010000228881836,12.949999809265137,12.949999809265137,7.942030906677246,97900
2014-08-06,12.960000038146973,13.020000457763672,12.9399995803833,13.010000228881836,7.978830814361572,110000
2014-08-07,13.010000228881836,13.09000015258789,13.010000228881836,13.050000190734863,8.00336742401123,101600
2014-08-08,13.069999694824219,13.119999885559082,13.050000190734863,13.09000015258789,8.027894020080566,87600
2014-08-11,13.079999923706055,13.100000381469727,13.050000190734863,13.079999923706055,8.021763801574707,43100
2014-08-12,13.100000381469727,13.170000076293945,13.0600004196167,13.170000076293945,8.076958656311035,81500
2014-08-13,13.109999656677246,13.130000114440918,13.0,13.0600004196167,8.051680564880371,154800
2014-08-14,13.09000015258789,13.09000015258789,13.029999732971191,13.050000190734863,8.045517921447754,91200
2014-08-15,13.069999694824219,13.109999656677246,13.050000190734863,13.079999923706055,8.06401252746582,98500
2014-08-18,13.0600004196167,13.09000015258789,12.970000267028809,12.989999771118164,8.008523941040039,218800
2014-08-19,13.010000228881836,13.09000015258789,13.010000228881836,13.079999923706055,8.06401252746582,112100
2014-08-20,13.09000015258789,13.100000381469727,13.010000228881836,13.039999961853027,8.039350509643555,63400
2014-08-21,13.0600004196167,13.0600004196167,13.010000228881836,13.039999961853027,8.039350509643555,83600
2014-08-22,13.020000457763672,13.050000190734863,12.979999542236328,13.020000457763672,8.027022361755371,112400
2014-08-25,13.0,13.0600004196167,13.0,13.010000228881836,8.020853996276855,72900
2014-08-26,13.010000228881836,13.0600004196167,13.0,13.039999961853027,8.039350509643555,95900
2014-08-27,13.079999923706055,13.119999885559082,13.050000190734863,13.119999885559082,8.088672637939453,83900
2014-08-28,13.109999656677246,13.15999984741211,13.100000381469727,13.15999984741211,8.113332748413086,99800
2014-08-29,13.140000343322754,13.170000076293945,13.140000343322754,13.140000343322754,8.101001739501953,77300
2014-09-02,13.100000381469727,13.149999618530273,13.09000015258789,13.119999885559082,8.088672637939453,171700
2014-09-03,13.119999885559082,13.140000343322754,13.069999694824219,13.09000015258789,8.070174217224121,143900
2014-09-04,13.029999732971191,13.079999923706055,13.010000228881836,13.020000457763672,8.027022361755371,188200
2014-09-05,13.020000457763672,13.079999923706055,13.0,13.020000457763672,8.027022361755371,126100
2014-09-08,13.010000228881836,13.039999961853027,13.0,13.0,8.014687538146973,150600
2014-09-09,12.970000267028809,13.020000457763672,12.949999809265137,12.989999771118164,8.008523941040039,156800
2014-09-10,12.989999771118164,13.0,12.930000305175781,12.979999542236328,8.002362251281738,148600
2014-09-11,12.899999618530273,12.9399995803833,12.869999885559082,12.930000305175781,8.0116548538208,133300
2014-09-12,12.890000343322754,12.949999809265137,12.859999656677246,12.869999885559082,7.9744791984558105,182900
2014-09-15,12.850000381469727,12.850000381469727,12.739999771118164,12.789999961853027,7.924907207489014,237000
2014-09-16,12.720000267028809,12.75,12.65999984741211,12.699999809265137,7.869143009185791,278100
2014-09-17,12.739999771118164,12.829999923706055,12.720000267028809,12.729999542236328,7.887730598449707,124900
2014-09-18,12.739999771118164,12.789999961853027,12.6899995803833,12.6899995803833,7.862942218780518,121400
2014-09-19,12.720000267028809,12.760000228881836,12.670000076293945,12.739999771118164,7.893924236297607,186100
2014-09-22,12.800000190734863,12.819999694824219,12.720000267028809,12.800000190734863,7.931105136871338,181500
2014-09-23,12.819999694824219,12.819999694824219,12.739999771118164,12.739999771118164,7.893924236297607,102000
2014-09-24,12.739999771118164,12.800000190734863,12.699999809265137,12.710000038146973,7.875340461730957,137000
2014-09-25,12.699999809265137,12.75,12.65999984741211,12.739999771118164,7.893924236297607,124800
2014-09-26,12.699999809265137,12.789999961853027,12.670000076293945,12.680000305175781,7.856754302978516,124200
2014-09-29,12.680000305175781,12.739999771118164,12.670000076293945,12.699999809265137,7.869143009185791,81000
2014-09-30,12.699999809265137,12.800000190734863,12.670000076293945,12.800000190734863,7.931105136871338,181100
2014-10-01,12.850000381469727,12.890000343322754,12.829999923706055,12.84000015258789,7.955888748168945,106100
2014-10-02,12.880000114440918,12.899999618530273,12.800000190734863,12.850000381469727,7.9620842933654785,214100
2014-10-03,12.880000114440918,12.899999618530273,12.869999885559082,12.869999885559082,7.9744791984558105,78700
2014-10-06,12.899999618530273,12.970000267028809,12.880000114440918,12.9399995803833,8.017847061157227,134100
2014-10-07,12.920000076293945,13.0,12.890000343322754,13.0,8.05502700805664,124500
2014-10-08,12.979999542236328,13.039999961853027,12.960000038146973,13.039999961853027,8.079813957214355,90700
2014-10-09,13.0600004196167,13.079999923706055,12.890000343322754,12.890000343322754,7.986868858337402,128900
2014-10-10,12.869999885559082,12.899999618530273,12.800000190734863,12.850000381469727,8.00243854522705,110600
2014-10-13,12.84000015258789,12.890000343322754,12.779999732971191,12.869999885559082,8.014894485473633,113800
2014-10-14,12.899999618530273,12.90999984741211,12.84000015258789,12.880000114440918,8.021124839782715,141300
2014-10-15,12.899999618530273,12.970000267028809,12.899999618530273,12.90999984741211,8.039801597595215,114500
2014-10-16,12.90999984741211,12.960000038146973,12.899999618530273,12.920000076293945,8.046028137207031,94300
2014-10-17,12.979999542236328,12.979999542236328,12.869999885559082,12.869999885559082,8.014894485473633,103500
2014-10-20,12.920000076293945,13.0600004196167,12.920000076293945,13.039999961853027,8.120760917663574,158600
2014-10-21,13.0600004196167,13.069999694824219,12.989999771118164,13.050000190734863,8.126991271972656,198100
2014-10-22,13.039999961853027,13.050000190734863,13.0,13.010000228881836,8.102075576782227,79100
2014-10-23,13.020000457763672,13.029999732971191,12.960000038146973,12.989999771118164,8.089622497558594,93300
2014-10-24,12.979999542236328,13.0,12.970000267028809,13.0,8.095849990844727,82300
2014-10-27,12.989999771118164,13.0,12.960000038146973,12.960000038146973,8.070942878723145,129800
2014-10-28,12.989999771118164,13.029999732971191,12.960000038146973,13.029999732971191,8.114532470703125,115700
2014-10-29,13.039999961853027,13.050000190734863,12.960000038146973,13.020000457763672,8.108307838439941,99100
2014-10-30,13.029999732971191,13.050000190734863,12.960000038146973,12.960000038146973,8.070942878723145,260700
2014-10-31,12.989999771118164,13.010000228881836,12.90999984741211,13.0,8.095849990844727,175700
2014-11-03,13.020000457763672,13.029999732971191,12.979999542236328,13.020000457763672,8.108307838439941,187000
2014-11-04,13.039999961853027,13.079999923706055,13.0,13.020000457763672,8.108307838439941,190200
2014-11-05,13.050000190734863,13.050000190734863,12.9399995803833,13.0,8.095849990844727,123600
2014-11-06,12.970000267028809,12.989999771118164,12.9399995803833,12.9399995803833,8.05848503112793,120600
2014-11-07,12.9399995803833,13.010000228881836,12.920000076293945,12.979999542236328,8.083398818969727,158700
2014-11-10,12.960000038146973,12.979999542236328,12.920000076293945,12.970000267028809,8.077170372009277,130200
2014-11-11,12.9399995803833,13.079999923706055,12.920000076293945,13.079999923706055,8.145669937133789,236500
2014-11-12,13.0,13.020000457763672,12.9399995803833,12.979999542236328,8.123767852783203,125000
2014-11-13,12.960000038146973,13.020000457763672,12.960000038146973,12.970000267028809,8.117507934570312,98800
2014-11-14,13.0,13.050000190734863,12.979999542236328,13.050000190734863,8.167577743530273,108900
2014-11-17,13.079999923706055,13.079999923706055,12.949999809265137,12.979999542236328,8.123767852783203,136300
2014-11-18,12.989999771118164,12.989999771118164,12.960000038146973,12.979999542236328,8.123767852783203,105700
2014-11-19,12.979999542236328,13.029999732971191,12.960000038146973,12.979999542236328,8.123767852783203,78800
2014-11-20,13.010000228881836,13.0600004196167,12.960000038146973,12.960000038146973,8.111250877380371,103100
2014-11-21,13.010000228881836,13.010000228881836,12.960000038146973,12.970000267028809,8.117507934570312,72500
2014-11-24,12.960000038146973,12.989999771118164,12.949999809265137,12.949999809265137,8.104992866516113,195000
2014-11-25,12.979999542236328,13.010000228881836,12.890000343322754,12.979999542236328,8.123767852783203,178300
2014-11-26,13.010000228881836,13.010000228881836,12.979999542236328,13.0,8.136285781860352,80300
2014-11-28,12.979999542236328,13.010000228881836,12.960000038146973,12.970000267028809,8.117507934570312,41100
2014-12-01,13.020000457763672,13.029999732971191,12.970000267028809,13.029999732971191,8.155060768127441,179800
2014-12-02,13.039999961853027,13.039999961853027,12.930000305175781,12.979999542236328,8.123767852783203,350600
2014-12-03,13.010000228881836,13.039999961853027,12.970000267028809,12.989999771118164,8.130023956298828,164200
2014-12-04,12.979999542236328,13.029999732971191,12.970000267028809,13.020000457763672,8.148799896240234,111200
2014-12-05,12.979999542236328,13.020000457763672,12.920000076293945,12.979999542236328,8.123767852783203,108800
2014-12-08,12.960000038146973,12.979999542236328,12.9399995803833,12.979999542236328,8.123767852783203,84200
2014-12-09,12.949999809265137,12.979999542236328,12.930000305175781,12.970000267028809,8.117507934570312,124800
2014-12-10,12.979999542236328,13.029999732971191,12.960000038146973,12.970000267028809,8.117507934570312,109900
2014-12-11,12.9399995803833,12.960000038146973,12.90999984741211,12.90999984741211,8.11876392364502,108800
2014-12-12,12.899999618530273,12.960000038146973,12.890000343322754,12.960000038146973,8.1502103805542,134500
2014-12-15,12.960000038146973,12.960000038146973,12.880000114440918,12.920000076293945,8.125053405761719,110400
2014-12-16,12.9399995803833,12.970000267028809,12.930000305175781,12.930000305175781,8.13134479522705,139700
2014-12-17,12.90999984741211,13.0,12.90999984741211,12.979999542236328,8.162787437438965,106500
2014-12-18,12.989999771118164,12.989999771118164,12.960000038146973,12.989999771118164,8.169073104858398,99400
2014-12-19,12.989999771118164,12.989999771118164,12.960000038146973,12.960000038146973,8.1502103805542,80300
2014-12-22,12.970000267028809,12.989999771118164,12.949999809265137,12.960000038146973,8.1502103805542,114700
2014-12-23,12.970000267028809,12.989999771118164,12.930000305175781,12.960000038146973,8.1502103805542,149800
2014-12-24,12.979999542236328,12.979999542236328,12.9399995803833,12.970000267028809,8.156498908996582,62000
2014-12-26,12.960000038146973,12.970000267028809,12.949999809265137,12.970000267028809,8.156498908996582,80800
2014-12-29,12.930000305175781,12.960000038146973,12.890000343322754,12.920000076293945,8.125053405761719,169300
2014-12-30,12.899999618530273,12.960000038146973,12.890000343322754,12.960000038146973,8.1502103805542,140800
2014-12-31,12.9399995803833,12.970000267028809,12.899999618530273,12.899999618530273,8.112479209899902,188500
2015-01-02,12.90999984741211,12.989999771118164,12.899999618530273,12.979999542236328,8.162787437438965,181900
2015-01-05,13.0,13.050000190734863,12.989999771118164,13.039999961853027,8.200520515441895,161900
2015-01-06,13.0600004196167,13.119999885559082,13.0600004196167,13.069999694824219,8.219383239746094,244700
2015-01-07,13.09000015258789,13.170000076293945,13.079999923706055,13.15999984741211,8.275984764099121,229000
2015-01-08,13.170000076293945,13.449999809265137,13.15999984741211,13.170000076293945,8.282273292541504,470600
2015-01-09,13.1899995803833,13.270000457763672,13.170000076293945,13.25,8.332587242126465,159400
2015-01-12,13.270000457763672,13.270000457763672,13.229999542236328,13.260000228881836,8.33887004852295,159700
2015-01-13,13.229999542236328,13.260000228881836,13.210000038146973,13.220000267028809,8.352139472961426,128000
2015-01-14,13.239999771118164,13.270000457763672,13.199999809265137,13.229999542236328,8.358461380004883,144700
2015-01-15,13.260000228881836,13.279999732971191,13.229999542236328,13.270000457763672,8.383727073669434,193500
2015-01-16,13.3100004196167,13.3100004196167,13.210000038146973,13.239999771118164,8.36476993560791,132000
2015-01-20,13.239999771118164,13.289999961853027,13.220000267028809,13.25,8.371094703674316,156300
2015-01-21,13.239999771118164,13.300000190734863,13.199999809265137,13.199999809265137,8.339503288269043,184900
2015-01-22,13.210000038146973,13.239999771118164,13.170000076293945,13.170000076293945,8.320550918579102,117300
2015-01-23,13.170000076293945,13.239999771118164,13.15999984741211,13.1899995803833,8.333184242248535,122200
2015-01-26,13.229999542236328,13.270000457763672,13.180000305175781,13.199999809265137,8.339503288269043,114900
2015-01-27,13.220000267028809,13.270000457763672,13.220000267028809,13.270000457763672,8.383727073669434,79900
2015-01-28,13.319999694824219,13.420000076293945,13.300000190734863,13.40999984741211,8.472177505493164,171600
2015-01-29,13.4399995803833,13.529999732971191,13.40999984741211,13.479999542236328,8.516404151916504,149600
2015-01-30,13.529999732971191,13.59000015258789,13.489999771118164,13.5,8.52903938293457,102600
2015-02-02,13.550000190734863,13.619999885559082,13.510000228881836,13.600000381469727,8.592217445373535,159100
2015-02-03,13.569999694824219,13.600000381469727,13.479999542236328,13.479999542236328,8.516404151916504,140800
2015-02-04,13.489999771118164,13.489999771118164,13.369999885559082,13.380000114440918,8.453225135803223,103100
2015-02-05,13.390000343322754,13.449999809265137,13.350000381469727,13.350000381469727,8.434271812438965,116900
2015-02-06,13.329999923706055,13.34000015258789,13.220000267028809,13.220000267028809,8.352139472961426,201600
2015-02-09,13.25,13.260000228881836,13.199999809265137,13.25,8.371094703674316,142500
2015-02-10,13.25,13.25,13.170000076293945,13.199999809265137,8.339503288269043,159400
2015-02-11,13.199999809265137,13.199999809265137,13.100000381469727,13.100000381469727,8.314750671386719,87100
2015-02-12,13.100000381469727,13.109999656677246,13.010000228881836,13.020000457763672,8.263972282409668,190300
2015-02-13,13.050000190734863,13.0600004196167,13.0,13.010000228881836,8.257624626159668,160900
2015-02-17,13.029999732971191,13.029999732971191,12.770000457763672,12.800000190734863,8.12433910369873,404000
2015-02-18,12.8100004196167,12.979999542236328,12.770000457763672,12.970000267028809,8.232234001159668,233600
2015-02-19,12.989999771118164,13.069999694824219,12.989999771118164,13.050000190734863,8.283016204833984,131100
2015-02-20,13.050000190734863,13.119999885559082,13.050000190734863,13.0600004196167,8.289361000061035,80400
2015-02-23,13.079999923706055,13.140000343322754,13.029999732971191,13.09000015258789,8.308402061462402,118400
2015-02-24,13.069999694824219,13.180000305175781,13.050000190734863,13.170000076293945,8.359179496765137,95200
2015-02-25,13.180000305175781,13.199999809265137,13.130000114440918,13.170000076293945,8.359179496765137,122700
2015-02-26,13.170000076293945,13.170000076293945,13.079999923706055,13.109999656677246,8.321097373962402,100800
2015-02-27,13.140000343322754,13.149999618530273,13.079999923706055,13.119999885559082,8.327445983886719,149100
2015-03-02,13.149999618530273,13.170000076293945,13.100000381469727,13.100000381469727,8.314750671386719,148500
2015-03-03,13.100000381469727,13.140000343322754,13.09000015258789,13.09000015258789,8.308402061462402,111700
2015-03-04,13.130000114440918,13.15999984741211,13.119999885559082,13.149999618530273,8.346484184265137,98900
2015-03-05,13.130000114440918,13.180000305175781,13.109999656677246,13.130000114440918,8.333788871765137,104300
2015-03-06,13.09000015258789,13.09000015258789,12.960000038146973,12.960000038146973,8.22589111328125,197200
2015-03-09,12.949999809265137,13.039999961853027,12.949999809265137,13.010000228881836,8.257624626159668,118500
2015-03-10,13.020000457763672,13.069999694824219,13.020000457763672,13.0600004196167,8.289361000061035,85300
2015-03-11,13.0,13.020000457763672,12.949999809265137,12.960000038146973,8.264495849609375,99400
2015-03-12,12.979999542236328,13.010000228881836,12.920000076293945,12.949999809265137,8.2581148147583,125600
2015-03-13,12.920000076293945,12.949999809265137,12.899999618530273,12.899999618530273,8.226227760314941,74400
2015-03-16,12.90999984741211,12.9399995803833,12.890000343322754,12.899999618530273,8.226227760314941,82400
2015-03-17,12.899999618530273,12.899999618530273,12.859999656677246,12.869999885559082,8.207097053527832,91600
2015-03-18,12.899999618530273,13.069999694824219,12.869999885559082,13.069999694824219,8.334635734558105,160400
2015-03-19,13.020000457763672,13.020000457763672,12.90999984741211,12.949999809265137,8.2581148147583,81400
2015-03-20,12.979999542236328,13.079999923706055,12.949999809265137,13.039999961853027,8.315505027770996,91100
2015-03-23,13.069999694824219,13.130000114440918,13.029999732971191,13.050000190734863,8.321884155273438,31300
2015-03-24,13.09000015258789,13.100000381469727,13.069999694824219,13.09000015258789,8.347393035888672,43100
2015-03-25,13.100000381469727,13.100000381469727,13.020000457763672,13.039999961853027,8.315505027770996,77700
2015-03-26,13.010000228881836,13.039999961853027,13.0,13.010000228881836,8.296369552612305,70000
2015-03-27,13.039999961853027,13.079999923706055,13.0,13.0600004196167,8.328258514404297,66900
2015-03-30,13.050000190734863,13.09000015258789,13.010000228881836,13.029999732971191,8.309124946594238,85600
2015-03-31,13.010000228881836,13.069999694824219,12.979999542236328,13.069999694824219,8.334635734558105,88200
2015-04-01,13.100000381469727,13.149999618530273,13.050000190734863,13.079999923706055,8.341012001037598,113500
2015-04-02,13.109999656677246,13.109999656677246,13.050000190734863,13.079999923706055,8.341012001037598,100700
2015-04-06,13.079999923706055,13.109999656677246,13.050000190734863,13.0600004196167,8.328258514404297,120500
2015-04-07,13.079999923706055,13.119999885559082,13.050000190734863,13.119999885559082,8.366520881652832,74800
2015-04-08,13.119999885559082,13.140000343322754,13.109999656677246,13.130000114440918,8.372897148132324,63000
2015-04-09,13.130000114440918,13.149999618530273,13.039999961853027,13.0600004196167,8.328258514404297,155800
2015-04-10,13.109999656677246,13.130000114440918,13.069999694824219,13.069999694824219,8.334635734558105,78100
2015-04-13,13.050000190734863,13.0600004196167,12.970000267028809,12.989999771118164,8.322463035583496,131800
2015-04-14,13.039999961853027,13.170000076293945,13.029999732971191,13.170000076293945,8.437788009643555,111000
2015-04-15,13.149999618530273,13.170000076293945,13.109999656677246,13.15999984741211,8.431382179260254,150000
2015-04-16,13.140000343322754,13.15999984741211,13.109999656677246,13.15999984741211,8.431382179260254,76700
2015-04-17,13.119999885559082,13.15999984741211,13.119999885559082,13.149999618530273,8.424969673156738,79600
2015-04-20,13.119999885559082,13.180000305175781,13.109999656677246,13.130000114440918,8.412158966064453,71500
2015-04-21,13.119999885559082,13.170000076293945,13.119999885559082,13.149999618530273,8.424969673156738,56100
2015-04-22,13.149999618530273,13.170000076293945,13.079999923706055,13.09000015258789,8.3865327835083,69500
2015-04-23,13.100000381469727,13.140000343322754,13.079999923706055,13.100000381469727,8.392937660217285,70900
2015-04-24,13.09000015258789,13.140000343322754,13.079999923706055,13.100000381469727,8.392937660217285,80500
2015-04-27,13.100000381469727,13.109999656677246,13.079999923706055,13.09000015258789,8.3865327835083,51900
2015-04-28,13.100000381469727,13.140000343322754,13.09000015258789,13.109999656677246,8.399345397949219,107300
2015-04-29,13.079999923706055,13.100000381469727,13.0600004196167,13.079999923706055,8.380121231079102,76200
2015-04-30,13.0600004196167,13.109999656677246,13.039999961853027,13.079999923706055,8.380121231079102,189200
2015-05-01,13.100000381469727,13.100000381469727,12.970000267028809,13.020000457763672,8.341686248779297,202000
2015-05-04,13.050000190734863,13.069999694824219,12.930000305175781,13.029999732971191,8.348088264465332,298600
2015-05-05,12.979999542236328,13.010000228881836,12.949999809265137,12.970000267028809,8.309651374816895,121300
2015-05-06,12.960000038146973,12.970000267028809,12.859999656677246,12.880000114440918,8.251989364624023,258700
2015-05-07,12.869999885559082,12.90999984741211,12.859999656677246,12.899999618530273,8.264801979064941,123200
2015-05-08,12.930000305175781,12.989999771118164,12.930000305175781,12.960000038146973,8.303247451782227,92700
2015-05-11,12.960000038146973,12.989999771118164,12.859999656677246,12.880000114440918,8.251989364624023,104600
2015-05-12,12.850000381469727,12.890000343322754,12.829999923706055,12.880000114440918,8.251989364624023,166900
2015-05-13,12.829999923706055,12.850000381469727,12.8100004196167,12.8100004196167,8.246194839477539,115100
2015-05-14,12.8100004196167,12.84000015258789,12.779999732971191,12.779999732971191,8.22688102722168,116100
2015-05-15,12.829999923706055,12.880000114440918,12.8100004196167,12.84000015258789,8.265503883361816,84800
2015-05-18,12.84000015258789,12.869999885559082,12.789999961853027,12.829999923706055,8.259071350097656,116100
2015-05-19,12.800000190734863,12.829999923706055,12.779999732971191,12.8100004196167,8.246194839477539,82900
2015-05-20,12.829999923706055,12.850000381469727,12.789999961853027,12.829999923706055,8.259071350097656,79300
2015-05-21,12.829999923706055,12.859999656677246,12.8100004196167,12.829999923706055,8.259071350097656,91200
2015-05-22,12.8100004196167,12.829999923706055,12.800000190734863,12.800000190734863,8.239761352539062,55100
2015-05-26,12.770000457763672,12.829999923706055,12.770000457763672,12.8100004196167,8.246194839477539,73800
2015-05-27,12.800000190734863,12.850000381469727,12.789999961853027,12.84000015258789,8.265503883361816,157900
2015-05-28,12.84000015258789,12.890000343322754,12.829999923706055,12.859999656677246,8.278380393981934,100700
2015-05-29,12.850000381469727,12.880000114440918,12.819999694824219,12.850000381469727,8.271942138671875,108000
2015-06-01,12.890000343322754,12.9399995803833,12.859999656677246,12.9399995803833,8.329876899719238,111400
2015-06-02,12.899999618530273,12.90999984741211,12.789999961853027,12.800000190734863,8.239761352539062,175300
2015-06-03,12.800000190734863,12.819999694824219,12.739999771118164,12.760000228881836,8.214006423950195,164000
2015-06-04,12.75,12.789999961853027,12.65999984741211,12.670000076293945,8.156074523925781,136000
2015-06-05,12.619999885559082,12.640000343322754,12.550000190734863,12.5600004196167,8.0852632522583,258500
2015-06-08,12.600000381469727,12.600000381469727,12.460000038146973,12.520000457763672,8.059515953063965,241200
2015-06-09,12.520000457763672,12.529999732971191,12.449999809265137,12.5,8.046636581420898,372400
2015-06-10,12.489999771118164,12.5600004196167,12.449999809265137,12.550000190734863,8.078825950622559,130900
2015-06-11,12.520000457763672,12.5600004196167,12.510000228881836,12.539999961853027,8.110515594482422,101500
2015-06-12,12.510000228881836,12.619999885559082,12.510000228881836,12.600000381469727,8.14932632446289,99900
2015-06-15,12.630000114440918,12.680000305175781,12.609999656677246,12.65999984741211,8.188128471374512,146300
2015-06-16,12.670000076293945,12.680000305175781,12.609999656677246,12.630000114440918,8.168726921081543,81000
2015-06-17,12.630000114440918,12.770000457763672,12.630000114440918,12.75,8.246342658996582,144700
2015-06-18,12.699999809265137,12.779999732971191,12.699999809265137,12.75,8.246342658996582,105600
2015-06-19,12.770000457763672,12.850000381469727,12.770000457763672,12.84000015258789,8.304546356201172,58900
2015-06-22,12.789999961853027,12.800000190734863,12.720000267028809,12.729999542236328,8.233404159545898,115000
2015-06-23,12.720000267028809,12.800000190734863,12.699999809265137,12.720000267028809,8.226937294006348,111600
2015-06-24,12.710000038146973,12.75,12.619999885559082,12.630000114440918,8.168726921081543,257200
2015-06-25,12.670000076293945,12.670000076293945,12.539999961853027,12.5600004196167,8.12345027923584,217100
2015-06-26,12.539999961853027,12.5600004196167,12.5,12.520000457763672,8.097583770751953,217500
2015-06-29,12.520000457763672,12.550000190734863,12.399999618530273,12.449999809265137,8.05230712890625,251900
2015-06-30,12.470000267028809,12.550000190734863,12.40999984741211,12.550000190734863,8.116987228393555,182500
2015-07-01,12.569999694824219,12.59000015258789,12.479999542236328,12.59000015258789,8.14285659790039,158100
2015-07-02,12.619999885559082,12.640000343322754,12.59000015258789,12.640000343322754,8.175192832946777,83400
2015-07-06,12.630000114440918,12.710000038146973,12.579999923706055,12.680000305175781,8.201066970825195,111700
2015-07-07,12.680000305175781,12.75,12.680000305175781,12.710000038146973,8.220474243164062,79100
2015-07-08,12.65999984741211,12.75,12.65999984741211,12.720000267028809,8.226937294006348,76000
2015-07-09,12.729999542236328,12.760000228881836,12.680000305175781,12.729999542236328,8.233404159545898,51200
2015-07-10,12.680000305175781,12.739999771118164,12.65999984741211,12.710000038146973,8.220474243164062,110000
2015-07-13,12.649999618530273,12.680000305175781,12.609999656677246,12.609999656677246,8.193829536437988,78000
2015-07-14,12.579999923706055,12.609999656677246,12.569999694824219,12.59000015258789,8.180834770202637,142200
2015-07-15,12.5600004196167,12.619999885559082,12.550000190734863,12.59000015258789,8.180834770202637,66500
2015-07-16,12.619999885559082,12.649999618530273,12.569999694824219,12.569999694824219,8.167838096618652,131900
2015-07-17,12.600000381469727,12.630000114440918,12.569999694824219,12.569999694824219,8.167838096618652,51100
2015-07-20,12.569999694824219,12.579999923706055,12.470000267028809,12.479999542236328,8.109356880187988,121400
2015-07-21,12.449999809265137,12.600000381469727,12.449999809265137,12.579999923706055,8.174332618713379,144900
2015-07-22,12.569999694824219,12.619999885559082,12.569999694824219,12.609999656677246,8.193829536437988,98700
2015-07-23,12.600000381469727,12.65999984741211,12.600000381469727,12.65999984741211,8.226316452026367,32400
2015-07-24,12.640000343322754,12.710000038146973,12.609999656677246,12.699999809265137,8.25230884552002,60300
2015-07-27,12.699999809265137,12.739999771118164,12.640000343322754,12.680000305175781,8.239314079284668,59500
2015-07-28,12.649999618530273,12.65999984741211,12.579999923706055,12.579999923706055,8.174332618713379,71100
2015-07-29,12.600000381469727,12.649999618530273,12.569999694824219,12.630000114440918,8.20682430267334,85900
2015-07-30,12.59000015258789,12.640000343322754,12.59000015258789,12.609999656677246,8.193829536437988,72900
2015-07-31,12.640000343322754,12.729999542236328,12.619999885559082,12.729999542236328,8.271800994873047,45400
2015-08-03,12.770000457763672,12.8100004196167,12.6899995803833,12.699999809265137,8.25230884552002,164900
2015-08-04,12.760000228881836,12.770000457763672,12.65999984741211,12.670000076293945,8.232815742492676,118100
2015-08-05,12.699999809265137,12.699999809265137,12.619999885559082,12.640000343322754,8.213318824768066,89300
2015-08-06,12.640000343322754,12.640000343322754,12.579999923706055,12.630000114440918,8.20682430267334,63900
2015-08-07,12.630000114440918,12.6899995803833,12.619999885559082,12.65999984741211,8.226316452026367,58700
2015-08-10,12.670000076293945,12.680000305175781,12.619999885559082,12.640000343322754,8.213318824768066,77200
2015-08-11,12.649999618530273,12.760000228881836,12.640000343322754,12.729999542236328,8.271800994873047,92600
2015-08-12,12.720000267028809,12.75,12.65999984741211,12.670000076293945,8.27115249633789,62500
2015-08-13,12.630000114440918,12.680000305175781,12.630000114440918,12.65999984741211,8.264617919921875,60300
2015-08-14,12.609999656677246,12.65999984741211,12.579999923706055,12.65999984741211,8.264617919921875,102600
2015-08-17,12.65999984741211,12.699999809265137,12.59000015258789,12.630000114440918,8.245036125183105,94400
2015-08-18,12.609999656677246,12.640000343322754,12.579999923706055,12.579999923706055,8.212390899658203,65800
2015-08-19,12.579999923706055,12.59000015258789,12.550000190734863,12.5600004196167,8.19933795928955,49100
2015-08-20,12.5600004196167,12.619999885559082,12.529999732971191,12.600000381469727,8.22545337677002,99500
2015-08-21,12.59000015258789,12.6899995803833,12.569999694824219,12.65999984741211,8.264617919921875,127400
2015-08-24,12.5600004196167,12.609999656677246,12.479999542236328,12.600000381469727,8.22545337677002,202500
2015-08-25,12.5600004196167,12.65999984741211,12.529999732971191,12.529999732971191,8.1797513961792,124600
2015-08-26,12.569999694824219,12.600000381469727,12.5,12.529999732971191,8.1797513961792,29000
2015-08-27,12.569999694824219,12.609999656677246,12.520000457763672,12.520000457763672,8.173225402832031,74700
2015-08-28,12.520000457763672,12.539999961853027,12.510000228881836,12.529999732971191,8.1797513961792,54800
2015-08-31,12.550000190734863,12.600000381469727,12.510000228881836,12.600000381469727,8.22545337677002,104000
2015-09-01,12.649999618530273,12.65999984741211,12.569999694824219,12.579999923706055,8.212390899658203,125900
2015-09-02,12.630000114440918,12.630000114440918,12.569999694824219,12.609999656677246,8.23198127746582,51300
2015-09-03,12.600000381469727,12.649999618530273,12.5600004196167,12.5600004196167,8.19933795928955,74200
2015-09-04,12.59000015258789,12.600000381469727,12.529999732971191,12.5600004196167,8.19933795928955,68300
2015-09-08,12.579999923706055,12.630000114440918,12.5600004196167,12.5600004196167,8.19933795928955,87900
2015-09-09,12.600000381469727,12.619999885559082,12.5600004196167,12.600000381469727,8.22545337677002,74100
2015-09-10,12.579999923706055,12.619999885559082,12.5600004196167,12.579999923706055,8.212390899658203,68800
2015-09-11,12.539999961853027,12.550000190734863,12.470000267028809,12.520000457763672,8.21174144744873,106900
2015-09-14,12.510000228881836,12.539999961853027,12.4399995803833,12.470000267028809,8.178948402404785,158700
2015-09-15,12.460000038146973,12.470000267028809,12.40999984741211,12.4399995803833,8.159268379211426,137500
2015-09-16,12.40999984741211,12.4399995803833,12.40999984741211,12.420000076293945,8.146151542663574,63700
2015-09-17,12.399999618530273,12.600000381469727,12.399999618530273,12.600000381469727,8.26421070098877,198400
2015-09-18,12.5600004196167,12.600000381469727,12.520000457763672,12.5600004196167,8.2379732131958,146100
2015-09-21,12.5600004196167,12.579999923706055,12.5,12.5,8.198625564575195,74200
2015-09-22,12.520000457763672,12.600000381469727,12.520000457763672,12.569999694824219,8.244529724121094,176900
2015-09-23,12.5600004196167,12.59000015258789,12.550000190734863,12.579999923706055,8.251090049743652,67500
2015-09-24,12.579999923706055,12.710000038146973,12.5600004196167,12.600000381469727,8.26421070098877,243500
2015-09-25,12.609999656677246,12.630000114440918,12.520000457763672,12.579999923706055,8.251090049743652,107300
2015-09-28,12.569999694824219,12.630000114440918,12.479999542236328,12.5,8.198625564575195,154500
2015-09-29,12.510000228881836,12.569999694824219,12.510000228881836,12.569999694824219,8.244529724121094,54700
2015-09-30,12.529999732971191,12.59000015258789,12.520000457763672,12.59000015258789,8.257650375366211,82400
2015-10-01,12.640000343322754,12.640000343322754,12.579999923706055,12.600000381469727,8.26421070098877,93800
2015-10-02,12.65999984741211,12.680000305175781,12.619999885559082,12.65999984741211,8.303565979003906,97000
2015-10-05,12.670000076293945,12.6899995803833,12.649999618530273,12.649999618530273,8.297001838684082,103200
2015-10-06,12.640000343322754,12.699999809265137,12.640000343322754,12.680000305175781,8.316681861877441,72500
2015-10-07,12.649999618530273,12.670000076293945,12.569999694824219,12.630000114440918,8.28388786315918,95900
2015-10-08,12.65999984741211,12.699999809265137,12.640000343322754,12.680000305175781,8.316681861877441,54700
2015-10-09,12.680000305175781,12.699999809265137,12.630000114440918,12.630000114440918,8.28388786315918,52800
2015-10-12,12.640000343322754,12.699999809265137,12.630000114440918,12.670000076293945,8.310121536254883,54500
2015-10-13,12.640000343322754,12.649999618530273,12.609999656677246,12.609999656677246,8.309465408325195,99700
2015-10-14,12.640000343322754,12.680000305175781,12.59000015258789,12.630000114440918,8.322648048400879,172300
2015-10-15,12.630000114440918,12.6899995803833,12.609999656677246,12.630000114440918,8.322648048400879,106900
2015-10-16,12.670000076293945,12.670000076293945,12.640000343322754,12.670000076293945,8.348999977111816,74600
2015-10-19,12.6899995803833,12.699999809265137,12.630000114440918,12.670000076293945,8.348999977111816,96900
2015-10-20,12.65999984741211,12.670000076293945,12.609999656677246,12.670000076293945,8.348999977111816,87500
2015-10-21,12.65999984741211,12.729999542236328,12.65999984741211,12.720000267028809,8.381949424743652,125200
2015-10-22,12.739999771118164,12.770000457763672,12.720000267028809,12.75,8.40172290802002,109000
2015-10-23,12.75,12.8100004196167,12.699999809265137,12.779999732971191,8.421485900878906,60000
2015-10-26,12.770000457763672,12.800000190734863,12.75,12.800000190734863,8.434663772583008,66500
2015-10-27,12.800000190734863,12.800000190734863,12.760000228881836,12.789999961853027,8.428074836730957,58800
2015-10-28,12.789999961853027,12.880000114440918,12.760000228881836,12.800000190734863,8.434663772583008,87900
2015-10-29,12.800000190734863,12.8100004196167,12.75,12.789999961853027,8.428074836730957,101900
2015-10-30,12.760000228881836,12.800000190734863,12.760000228881836,12.789999961853027,8.428074836730957,45700
2015-11-02,12.850000381469727,12.859999656677246,12.8100004196167,12.850000381469727,8.467616081237793,88000
2015-11-03,12.880000114440918,12.880000114440918,12.770000457763672,12.8100004196167,8.441254615783691,108400
2015-11-04,12.800000190734863,12.800000190734863,12.75,12.779999732971191,8.421485900878906,89300
2015-11-05,12.75,12.789999961853027,12.739999771118164,12.789999961853027,8.428074836730957,70900
2015-11-06,12.720000267028809,12.729999542236328,12.630000114440918,12.649999618530273,8.335820198059082,178600
2015-11-09,12.619999885559082,12.630000114440918,12.539999961853027,12.59000015258789,8.296287536621094,249500
2015-11-10,12.520000457763672,12.619999885559082,12.5,12.539999961853027,8.302244186401367,172800
2015-11-11,12.529999732971191,12.5600004196167,12.5,12.539999961853027,8.302244186401367,89600
2015-11-12,12.520000457763672,12.609999656677246,12.520000457763672,12.520000457763672,8.289007186889648,150800
2015-11-13,12.5600004196167,12.65999984741211,12.5600004196167,12.600000381469727,8.341965675354004,106800
2015-11-16,12.649999618530273,12.65999984741211,12.600000381469727,12.640000343322754,8.368447303771973,179700
2015-11-17,12.65999984741211,12.699999809265137,12.630000114440918,12.640000343322754,8.368447303771973,142700
2015-11-18,12.649999618530273,12.6899995803833,12.619999885559082,12.6899995803833,8.401549339294434,97500
2015-11-19,12.670000076293945,12.770000457763672,12.670000076293945,12.729999542236328,8.4280366897583,104700
2015-11-20,12.779999732971191,12.800000190734863,12.6899995803833,12.739999771118164,8.434652328491211,120100
2015-11-23,12.770000457763672,12.84000015258789,12.699999809265137,12.710000038146973,8.414793014526367,108700
2015-11-24,12.739999771118164,12.789999961853027,12.6899995803833,12.75,8.441276550292969,112100
2015-11-25,12.739999771118164,12.770000457763672,12.699999809265137,12.720000267028809,8.421419143676758,141800
2015-11-27,12.770000457763672,12.779999732971191,12.710000038146973,12.729999542236328,8.4280366897583,37400
2015-11-30,12.720000267028809,12.789999961853027,12.720000267028809,12.789999961853027,8.467758178710938,151500
2015-12-01,12.829999923706055,12.880000114440918,12.779999732971191,12.84000015258789,8.500862121582031,206700
2015-12-02,12.890000343322754,12.890000343322754,12.789999961853027,12.789999961853027,8.467758178710938,99400
2015-12-03,12.800000190734863,12.800000190734863,12.670000076293945,12.680000305175781,8.39493179321289,151100
2015-12-04,12.6899995803833,12.760000228881836,12.680000305175781,12.760000228881836,8.447900772094727,115100
2015-12-07,12.729999542236328,12.739999771118164,12.680000305175781,12.699999809265137,8.408174514770508,96600
2015-12-08,12.75,12.8100004196167,12.729999542236328,12.8100004196167,8.480998039245605,70300
2015-12-09,12.84000015258789,12.850000381469727,12.779999732971191,12.850000381469727,8.50748062133789,55000
2015-12-10,12.869999885559082,12.869999885559082,12.8100004196167,12.84000015258789,8.500862121582031,93200
2015-12-11,12.829999923706055,12.869999885559082,12.739999771118164,12.779999732971191,8.50019645690918,242400
2015-12-14,12.789999961853027,12.829999923706055,12.630000114440918,12.6899995803833,8.44033145904541,129100
2015-12-15,12.680000305175781,12.75,12.59000015258789,12.619999885559082,8.393777847290039,229800
2015-12-16,12.640000343322754,12.729999542236328,12.569999694824219,12.680000305175781,8.43368911743164,297400
2015-12-17,12.75,12.859999656677246,12.6899995803833,12.829999923706055,8.533452033996582,288600
2015-12-18,12.869999885559082,12.949999809265137,12.850000381469727,12.90999984741211,8.58665657043457,98200
2015-12-21,12.930000305175781,12.970000267028809,12.890000343322754,12.930000305175781,8.599967956542969,146200
2015-12-22,12.9399995803833,12.970000267028809,12.899999618530273,12.899999618530273,8.580011367797852,114200
2015-12-23,12.920000076293945,12.989999771118164,12.899999618530273,12.960000038146973,8.61992073059082,167300
2015-12-24,13.0,13.020000457763672,12.970000267028809,13.0,8.64651870727539,98300
2015-12-28,13.020000457763672,13.029999732971191,12.920000076293945,13.0,8.64651870727539,198100
2015-12-29,13.010000228881836,13.010000228881836,12.949999809265137,12.960000038146973,8.61992073059082,99500
2015-12-30,12.9399995803833,13.069999694824219,12.9399995803833,13.069999694824219,8.693078994750977,124700
2015-12-31,13.100000381469727,13.140000343322754,13.100000381469727,13.130000114440918,8.732988357543945,164600
2016-01-04,13.050000190734863,13.09000015258789,13.0,13.010000228881836,8.653170585632324,436500
2016-01-05,13.0600004196167,13.119999885559082,13.0600004196167,13.100000381469727,8.713033676147461,200700
2016-01-06,13.100000381469727,13.140000343322754,13.0600004196167,13.079999923706055,8.69973087310791,494400
2016-01-07,13.079999923706055,13.109999656677246,13.0,13.020000457763672,8.659830093383789,382000
2016-01-08,13.020000457763672,13.119999885559082,13.0,13.020000457763672,8.659830093383789,284900
2016-01-11,13.029999732971191,13.039999961853027,13.0,13.010000228881836,8.653170585632324,204200
2016-01-12,13.0,13.050000190734863,12.970000267028809,13.0,8.64651870727539,191500
2016-01-13,12.989999771118164,12.989999771118164,12.890000343322754,12.890000343322754,8.612448692321777,140200
2016-01-14,12.920000076293945,12.920000076293945,12.720000267028809,12.850000381469727,8.585724830627441,333400
2016-01-15,12.890000343322754,12.949999809265137,12.869999885559082,12.930000305175781,8.639174461364746,234300
2016-01-19,12.960000038146973,12.989999771118164,12.850000381469727,12.869999885559082,8.59908390045166,188900
2016-01-20,12.850000381469727,12.890000343322754,12.770000457763672,12.789999961853027,8.545632362365723,292700
2016-01-21,12.819999694824219,12.899999618530273,12.779999732971191,12.899999618530273,8.619128227233887,174400
2016-01-22,12.899999618530273,12.949999809265137,12.869999885559082,12.949999809265137,8.652538299560547,88700
2016-01-25,12.989999771118164,12.989999771118164,12.850000381469727,12.869999885559082,8.59908390045166,115300
2016-01-26,12.920000076293945,12.989999771118164,12.880000114440918,12.949999809265137,8.652538299560547,166700
2016-01-27,12.979999542236328,13.029999732971191,12.970000267028809,13.010000228881836,8.692625045776367,196500
2016-01-28,13.029999732971191,13.0600004196167,12.989999771118164,13.050000190734863,8.719347953796387,244200
2016-01-29,13.069999694824219,13.170000076293945,13.0600004196167,13.170000076293945,8.799529075622559,399000
2016-02-01,13.180000305175781,13.220000267028809,13.109999656677246,13.220000267028809,8.832938194274902,203700
2016-02-02,13.220000267028809,13.289999961853027,13.220000267028809,13.270000457763672,8.866340637207031,242000
2016-02-03,13.300000190734863,13.350000381469727,13.25,13.329999923706055,8.906431198120117,133400
2016-02-04,13.34000015258789,13.350000381469727,13.289999961853027,13.34000015258789,8.913111686706543,158300
2016-02-05,13.350000381469727,13.350000381469727,13.270000457763672,13.319999694824219,8.899755477905273,114800
2016-02-08,13.329999923706055,13.380000114440918,13.289999961853027,13.34000015258789,8.913111686706543,143400
2016-02-09,13.319999694824219,13.34000015258789,13.260000228881836,13.289999961853027,8.879707336425781,189000
2016-02-10,13.25,13.329999923706055,13.220000267028809,13.300000190734863,8.926019668579102,144400
2016-02-11,13.390000343322754,13.390000343322754,13.25,13.319999694824219,8.939436912536621,184900
2016-02-12,13.3100004196167,13.3100004196167,13.15999984741211,13.210000038146973,8.865612030029297,123300
2016-02-16,13.220000267028809,13.220000267028809,13.079999923706055,13.079999923706055,8.77836799621582,108400
2016-02-17,13.100000381469727,13.109999656677246,13.050000190734863,13.069999694824219,8.77165699005127,71800
2016-02-18,13.130000114440918,13.149999618530273,13.079999923706055,13.140000343322754,8.818632125854492,74100
2016-02-19,13.180000305175781,13.180000305175781,13.119999885559082,13.130000114440918,8.81192398071289,60000
2016-02-22,13.15999984741211,13.199999809265137,13.119999885559082,13.130000114440918,8.81192398071289,105800
2016-02-23,13.130000114440918,13.1899995803833,13.09000015258789,13.1899995803833,8.852189064025879,92100
2016-02-24,13.180000305175781,13.229999542236328,13.170000076293945,13.229999542236328,8.879036903381348,106200
2016-02-25,13.25,13.289999961853027,13.220000267028809,13.270000457763672,8.905879974365234,107200
2016-02-26,13.25,13.25,13.149999618530273,13.1899995803833,8.852189064025879,133700
2016-02-29,13.210000038146973,13.239999771118164,13.140000343322754,13.199999809265137,8.858904838562012,208400
2016-03-01,13.229999542236328,13.270000457763672,13.199999809265137,13.270000457763672,8.905879974365234,219600
2016-03-02,13.279999732971191,13.279999732971191,13.180000305175781,13.210000038146973,8.865612030029297,93500
2016-03-03,13.220000267028809,13.270000457763672,13.210000038146973,13.25,8.892460823059082,72900
2016-03-04,13.210000038146973,13.270000457763672,13.199999809265137,13.229999542236328,8.879036903381348,152300
2016-03-07,13.25,13.300000190734863,13.25,13.289999961853027,8.919303894042969,246000
2016-03-08,13.319999694824219,13.350000381469727,13.270000457763672,13.3100004196167,8.932727813720703,136000
2016-03-09,13.329999923706055,13.329999923706055,13.270000457763672,13.270000457763672,8.905879974365234,119300
2016-03-10,13.3100004196167,13.319999694824219,13.180000305175781,13.220000267028809,8.87232780456543,137600
2016-03-11,13.199999809265137,13.239999771118164,13.119999885559082,13.1899995803833,8.89187240600586,101200
2016-03-14,13.239999771118164,13.279999732971191,13.199999809265137,13.25,8.932323455810547,109500
2016-03-15,13.279999732971191,13.289999961853027,13.210000038146973,13.239999771118164,8.925578117370605,113800
2016-03-16,13.270000457763672,13.3100004196167,13.220000267028809,13.3100004196167,8.972772598266602,157400
2016-03-17,13.319999694824219,13.359999656677246,13.270000457763672,13.34000015258789,8.992992401123047,118300
2016-03-18,13.369999885559082,13.380000114440918,13.289999961853027,13.350000381469727,8.999735832214355,143900
2016-03-21,13.359999656677246,13.359999656677246,13.279999732971191,13.300000190734863,8.96603012084961,91800
2016-03-22,13.300000190734863,13.359999656677246,13.300000190734863,13.350000381469727,8.999735832214355,90900
2016-03-23,13.359999656677246,13.359999656677246,13.3100004196167,13.3100004196167,8.972772598266602,86400
2016-03-24,13.350000381469727,13.359999656677246,13.3100004196167,13.319999694824219,8.979513168334961,85500
2016-03-28,13.319999694824219,13.359999656677246,13.3100004196167,13.350000381469727,8.999735832214355,92600
2016-03-29,13.359999656677246,13.399999618530273,13.319999694824219,13.399999618530273,9.03344440460205,178100
2016-03-30,13.399999618530273,13.420000076293945,13.369999885559082,13.399999618530273,9.03344440460205,132200
2016-03-31,13.4399995803833,13.470000267028809,13.369999885559082,13.4399995803833,9.060407638549805,258100
2016-04-01,13.4399995803833,13.470000267028809,13.420000076293945,13.420000076293945,9.046924591064453,132900
2016-04-04,13.5,13.5,13.4399995803833,13.5,9.100860595703125,139100
2016-04-05,13.5,13.59000015258789,13.5,13.59000015258789,9.161529541015625,136500
2016-04-06,13.600000381469727,13.670000076293945,13.579999923706055,13.65999984741211,9.208721160888672,188200
2016-04-07,13.670000076293945,13.670000076293945,13.649999618530273,13.670000076293945,9.21546459197998,112600
2016-04-08,13.710000038146973,13.729999542236328,13.640000343322754,13.640000343322754,9.195239067077637,119800
2016-04-11,13.640000343322754,13.760000228881836,13.640000343322754,13.75,9.269392013549805,199500
2016-04-12,13.800000190734863,13.800000190734863,13.710000038146973,13.779999732971191,9.28961181640625,175100
2016-04-13,13.75,13.75,13.65999984741211,13.6899995803833,9.268630981445312,147200
2016-04-14,13.649999618530273,13.729999542236328,13.649999618530273,13.6899995803833,9.268630981445312,108400
2016-04-15,13.680000305175781,13.760000228881836,13.65999984741211,13.6899995803833,9.268630981445312,180000
2016-04-18,13.739999771118164,13.779999732971191,13.699999809265137,13.770000457763672,9.322795867919922,150900
2016-04-19,13.770000457763672,13.770000457763672,13.699999809265137,13.729999542236328,9.295707702636719,94100
2016-04-20,13.760000228881836,13.829999923706055,13.760000228881836,13.800000190734863,9.34310245513916,278400
2016-04-21,13.819999694824219,13.850000381469727,13.800000190734863,13.800000190734863,9.34310245513916,109800
2016-04-22,13.789999961853027,13.84000015258789,13.789999961853027,13.84000015258789,9.370182037353516,79700
2016-04-25,13.819999694824219,13.829999923706055,13.779999732971191,13.8100004196167,9.349872589111328,55400
2016-04-26,13.8100004196167,13.8100004196167,13.75,13.779999732971191,9.329556465148926,62000
2016-04-27,13.770000457763672,13.850000381469727,13.770000457763672,13.800000190734863,9.34310245513916,125900
2016-04-28,13.84000015258789,13.850000381469727,13.800000190734863,13.850000381469727,9.376955032348633,163200
2016-04-29,13.859999656677246,13.880000114440918,13.84000015258789,13.880000114440918,9.39726734161377,68300
2016-05-02,13.869999885559082,13.899999618530273,13.859999656677246,13.859999656677246,9.383723258972168,114900
2016-05-03,13.920000076293945,13.949999809265137,13.869999885559082,13.949999809265137,9.444657325744629,115100
2016-05-04,13.920000076293945,13.970000267028809,13.880000114440918,13.9399995803833,9.437885284423828,105300
2016-05-05,13.949999809265137,14.0,13.930000305175781,13.970000267028809,9.458197593688965,83100
2016-05-06,13.979999542236328,14.0,13.930000305175781,13.9399995803833,9.437885284423828,131100
2016-05-09,13.930000305175781,14.0,13.930000305175781,14.0,9.478510856628418,159000
2016-05-10,13.989999771118164,14.029999732971191,13.989999771118164,13.989999771118164,9.4717378616333,110600
2016-05-11,13.970000267028809,13.989999771118164,13.859999656677246,13.930000305175781,9.47105598449707,147800
2016-05-12,13.899999618530273,13.949999809265137,13.859999656677246,13.920000076293945,9.46426010131836,96800
2016-05-13,13.979999542236328,13.979999542236328,13.920000076293945,13.920000076293945,9.46426010131836,144900
2016-05-16,13.960000038146973,13.960000038146973,13.90999984741211,13.920000076293945,9.46426010131836,131700
2016-05-17,13.9399995803833,13.979999542236328,13.899999618530273,13.979999542236328,9.505053520202637,112500
2016-05-18,13.989999771118164,13.989999771118164,13.6899995803833,13.75,9.348679542541504,346300
2016-05-19,13.760000228881836,13.760000228881836,13.579999923706055,13.609999656677246,9.253490447998047,351500
2016-05-20,13.600000381469727,13.649999618530273,13.569999694824219,13.59000015258789,9.239889144897461,185800
2016-05-23,13.65999984741211,13.739999771118164,13.630000114440918,13.6899995803833,9.307882308959961,120300
2016-05-24,13.699999809265137,13.739999771118164,13.65999984741211,13.6899995803833,9.307882308959961,103400
2016-05-25,13.729999542236328,13.760000228881836,13.670000076293945,13.670000076293945,9.294283866882324,102400
2016-05-26,13.739999771118164,13.779999732971191,13.6899995803833,13.729999542236328,9.33508014678955,185400
2016-05-27,13.729999542236328,13.779999732971191,13.699999809265137,13.699999809265137,9.314682006835938,74000
2016-05-31,13.649999618530273,13.710000038146973,13.600000381469727,13.710000038146973,9.321480751037598,145000
2016-06-01,13.770000457763672,13.859999656677246,13.720000267028809,13.829999923706055,9.40306568145752,114900
2016-06-02,13.869999885559082,13.930000305175781,13.829999923706055,13.869999885559082,9.430267333984375,114200
2016-06-03,13.9399995803833,13.989999771118164,13.890000343322754,13.949999809265137,9.48465633392334,92100
2016-06-06,13.979999542236328,14.010000228881836,13.880000114440918,13.90999984741211,9.4574556350708,177800
2016-06-07,13.90999984741211,14.010000228881836,13.90999984741211,13.970000267028809,9.498257637023926,123500
2016-06-08,13.970000267028809,14.029999732971191,13.949999809265137,14.020000457763672,9.532254219055176,126600
2016-06-09,14.050000190734863,14.050000190734863,13.979999542236328,14.050000190734863,9.55264663696289,114300
2016-06-10,14.069999694824219,14.109999656677246,14.050000190734863,14.100000381469727,9.586644172668457,71800
2016-06-13,14.09000015258789,14.119999885559082,14.069999694824219,14.100000381469727,9.626924514770508,91200
2016-06-14,14.119999885559082,14.119999885559082,14.0600004196167,14.100000381469727,9.626924514770508,108100
2016-06-15,14.119999885559082,14.149999618530273,14.100000381469727,14.149999618530273,9.661070823669434,112400
2016-06-16,14.199999809265137,14.220000267028809,14.149999618530273,14.1899995803833,9.688372611999512,112600
2016-06-17,14.239999771118164,14.25,14.170000076293945,14.180000305175781,9.68154525756836,46200
2016-06-20,14.199999809265137,14.210000038146973,14.140000343322754,14.149999618530273,9.661070823669434,116800
2016-06-21,14.15999984741211,14.210000038146973,14.109999656677246,14.170000076293945,9.674722671508789,93000
2016-06-22,14.1899995803833,14.229999542236328,14.15999984741211,14.170000076293945,9.674722671508789,74700
2016-06-23,14.1899995803833,14.199999809265137,14.050000190734863,14.130000114440918,9.647405624389648,144100
2016-06-24,14.029999732971191,14.239999771118164,14.029999732971191,14.170000076293945,9.674722671508789,119800
2016-06-27,14.149999618530273,14.279999732971191,14.149999618530273,14.260000228881836,9.736167907714844,106100
2016-06-28,14.279999732971191,14.350000381469727,14.199999809265137,14.25,9.729339599609375,231600
2016-06-29,14.270000457763672,14.34000015258789,14.239999771118164,14.25,9.729339599609375,114600
2016-06-30,14.319999694824219,14.369999885559082,14.220000267028809,14.260000228881836,9.736167907714844,208400
2016-07-01,14.369999885559082,14.369999885559082,14.3100004196167,14.34000015258789,9.790786743164062,81300
2016-07-05,14.4399995803833,14.4399995803833,14.350000381469727,14.380000114440918,9.818102836608887,130400
2016-07-06,14.4399995803833,14.489999771118164,14.380000114440918,14.489999771118164,9.893205642700195,86300
2016-07-07,14.539999961853027,14.539999961853027,14.470000267028809,14.5,9.900030136108398,92000
2016-07-08,14.5600004196167,14.5600004196167,14.460000038146973,14.5,9.900030136108398,140100
2016-07-11,14.510000228881836,14.5600004196167,14.5,14.539999961853027,9.927339553833008,181600
2016-07-12,14.550000190734863,14.569999694824219,14.350000381469727,14.380000114440918,9.818102836608887,372500
2016-07-13,14.399999618530273,14.40999984741211,14.260000228881836,14.359999656677246,9.844832420349121,360300
2016-07-14,14.319999694824219,14.319999694824219,14.170000076293945,14.170000076293945,9.714581489562988,360300
2016-07-15,14.149999618530273,14.3100004196167,14.149999618530273,14.279999732971191,9.789989471435547,138100
2016-07-18,14.350000381469727,14.420000076293945,14.289999961853027,14.350000381469727,9.837982177734375,96700
2016-07-19,14.430000305175781,14.430000305175781,14.279999732971191,14.420000076293945,9.885970115661621,72800
2016-07-20,14.430000305175781,14.430000305175781,14.319999694824219,14.329999923706055,9.824267387390137,100800
2016-07-21,14.359999656677246,14.420000076293945,14.329999923706055,14.369999885559082,9.851689338684082,150900
2016-07-22,14.399999618530273,14.420000076293945,14.359999656677246,14.390000343322754,9.86540412902832,74600
2016-07-25,14.420000076293945,14.4399995803833,14.359999656677246,14.380000114440918,9.858551979064941,71200
2016-07-26,14.369999885559082,14.4399995803833,14.369999885559082,14.420000076293945,9.885970115661621,95800
2016-07-27,14.470000267028809,14.479999542236328,14.430000305175781,14.430000305175781,9.892827033996582,60500
2016-07-28,14.479999542236328,14.520000457763672,14.460000038146973,14.510000228881836,9.947670936584473,86500
2016-07-29,14.539999961853027,14.579999923706055,14.520000457763672,14.569999694824219,9.988809585571289,73500
2016-08-01,14.569999694824219,14.600000381469727,14.520000457763672,14.520000457763672,9.954529762268066,64000
2016-08-02,14.479999542236328,14.539999961853027,14.430000305175781,14.470000267028809,9.920248985290527,117700
2016-08-03,14.510000228881836,14.600000381469727,14.470000267028809,14.5600004196167,9.981955528259277,67500
2016-08-04,14.609999656677246,14.619999885559082,14.550000190734863,14.5600004196167,9.981955528259277,60600
2016-08-05,14.550000190734863,14.59000015258789,14.520000457763672,14.520000457763672,9.954529762268066,59600
2016-08-08,14.569999694824219,14.579999923706055,14.539999961853027,14.5600004196167,9.981955528259277,33100
2016-08-09,14.569999694824219,14.600000381469727,14.550000190734863,14.550000190734863,9.975093841552734,44100
2016-08-10,14.59000015258789,14.59000015258789,14.520000457763672,14.59000015258789,10.002518653869629,89000
2016-08-11,14.569999694824219,14.569999694824219,14.5,14.510000228881836,9.98806381225586,62800
2016-08-12,14.5600004196167,14.59000015258789,14.5,14.569999694824219,10.029364585876465,54700
2016-08-15,14.529999732971191,14.5600004196167,14.510000228881836,14.510000228881836,9.98806381225586,84000
2016-08-16,14.470000267028809,14.510000228881836,14.449999809265137,14.5,9.981180191040039,73900
2016-08-17,14.510000228881836,14.520000457763672,14.460000038146973,14.5,9.981180191040039,71100
2016-08-18,14.520000457763672,14.539999961853027,14.470000267028809,14.5,9.981180191040039,88300
2016-08-19,14.449999809265137,14.5,14.369999885559082,14.430000305175781,9.932994842529297,73500
2016-08-22,14.449999809265137,14.449999809265137,14.399999618530273,14.4399995803833,9.939876556396484,118500
2016-08-23,14.479999542236328,14.569999694824219,14.359999656677246,14.380000114440918,9.898580551147461,212700
2016-08-24,14.350000381469727,14.40999984741211,14.350000381469727,14.40999984741211,9.91922378540039,53300
2016-08-25,14.4399995803833,14.4399995803833,14.350000381469727,14.399999618530273,9.912342071533203,63200
2016-08-26,14.40999984741211,14.4399995803833,14.239999771118164,14.260000228881836,9.815974235534668,136000
2016-08-29,14.3100004196167,14.329999923706055,14.25,14.300000190734863,9.843509674072266,97400
2016-08-30,14.329999923706055,14.329999923706055,14.270000457763672,14.270000457763672,9.822856903076172,79400
2016-08-31,14.260000228881836,14.369999885559082,14.260000228881836,14.369999885559082,9.891691207885742,84700
2016-09-01,14.369999885559082,14.399999618530273,14.319999694824219,14.380000114440918,9.898580551147461,85600
2016-09-02,14.420000076293945,14.420000076293945,14.359999656677246,14.359999656677246,9.884807586669922,110300
2016-09-06,14.399999618530273,14.399999618530273,14.319999694824219,14.380000114440918,9.898580551147461,150700
2016-09-07,14.369999885559082,14.390000343322754,14.329999923706055,14.359999656677246,9.884807586669922,92500
2016-09-08,14.350000381469727,14.420000076293945,14.350000381469727,14.420000076293945,9.926108360290527,89900
2016-09-09,14.390000343322754,14.390000343322754,14.170000076293945,14.229999542236328,9.795323371887207,298400
2016-09-12,14.210000038146973,14.239999771118164,14.0600004196167,14.210000038146973,9.781556129455566,87900
2016-09-13,14.140000343322754,14.1899995803833,14.079999923706055,14.119999885559082,9.75805950164795,119500
2016-09-14,14.140000343322754,14.199999809265137,14.079999923706055,14.140000343322754,9.771879196166992,176800
2016-09-15,14.15999984741211,14.199999809265137,14.100000381469727,14.119999885559082,9.75805950164795,68700
2016-09-16,14.069999694824219,14.109999656677246,14.0600004196167,14.069999694824219,9.72350025177002,83200
2016-09-19,14.069999694824219,14.170000076293945,14.069999694824219,14.15999984741211,9.785701751708984,91700
2016-09-20,14.199999809265137,14.220000267028809,14.109999656677246,14.170000076293945,9.792617797851562,101700
2016-09-21,14.15999984741211,14.220000267028809,14.09000015258789,14.220000267028809,9.827166557312012,120900
2016-09-22,14.270000457763672,14.319999694824219,14.25,14.260000228881836,9.85481071472168,147700
2016-09-23,14.300000190734863,14.300000190734863,14.239999771118164,14.239999771118164,9.840986251831055,80300
2016-09-26,14.279999732971191,14.289999961853027,14.1899995803833,14.210000038146973,9.820256233215332,71500
2016-09-27,14.210000038146973,14.25,14.199999809265137,14.239999771118164,9.840986251831055,61000
2016-09-28,14.239999771118164,14.300000190734863,14.229999542236328,14.239999771118164,9.840986251831055,118500
2016-09-29,14.25,14.270000457763672,14.140000343322754,14.149999618530273,9.778797149658203,49400
2016-09-30,14.180000305175781,14.180000305175781,14.119999885559082,14.119999885559082,9.75805950164795,110100
2016-10-03,14.15999984741211,14.170000076293945,14.109999656677246,14.130000114440918,9.764972686767578,110000
2016-10-04,14.170000076293945,14.170000076293945,13.949999809265137,13.949999809265137,9.640576362609863,177300
2016-10-05,13.979999542236328,13.989999771118164,13.8100004196167,13.829999923706055,9.557641983032227,243100
2016-10-06,13.829999923706055,13.850000381469727,13.6899995803833,13.720000267028809,9.48162841796875,472600
2016-10-07,13.760000228881836,13.789999961853027,13.640000343322754,13.720000267028809,9.48162841796875,279300
2016-10-10,13.6899995803833,13.760000228881836,13.670000076293945,13.710000038146973,9.47471809387207,177200
2016-10-11,13.720000267028809,13.739999771118164,13.640000343322754,13.649999618530273,9.433256149291992,184100
2016-10-12,13.600000381469727,13.609999656677246,13.479999542236328,13.489999771118164,9.361083030700684,182400
2016-10-13,13.489999771118164,13.609999656677246,13.34000015258789,13.5600004196167,9.409658432006836,549300
2016-10-14,13.5,13.579999923706055,13.449999809265137,13.470000267028809,9.347211837768555,270100
2016-10-17,13.460000038146973,13.460000038146973,13.3100004196167,13.329999923706055,9.250055313110352,316100
2016-10-18,13.350000381469727,13.569999694824219,13.289999961853027,13.539999961853027,9.39577865600586,333200
2016-10-19,13.5600004196167,13.779999732971191,13.550000190734863,13.670000076293945,9.485989570617676,251800
2016-10-20,13.739999771118164,13.770000457763672,13.579999923706055,13.649999618530273,9.472113609313965,118500
2016-10-21,13.6899995803833,13.760000228881836,13.640000343322754,13.729999542236328,9.527626991271973,181600
2016-10-24,13.789999961853027,13.789999961853027,13.6899995803833,13.720000267028809,9.5206880569458,54400
2016-10-25,13.699999809265137,13.739999771118164,13.670000076293945,13.6899995803833,9.499869346618652,88600
2016-10-26,13.710000038146973,13.720000267028809,13.579999923706055,13.600000381469727,9.437417030334473,99600
2016-10-27,13.550000190734863,13.59000015258789,13.399999618530273,13.40999984741211,9.305572509765625,245200
2016-10-28,13.40999984741211,13.430000305175781,13.350000381469727,13.369999885559082,9.277816772460938,202300
2016-10-31,13.369999885559082,13.40999984741211,13.359999656677246,13.359999656677246,9.270868301391602,104600
2016-11-01,13.350000381469727,13.430000305175781,13.319999694824219,13.399999618530273,9.29863166809082,202700
2016-11-02,13.449999809265137,13.449999809265137,13.380000114440918,13.430000305175781,9.31944751739502,171100
2016-11-03,13.350000381469727,13.479999542236328,13.350000381469727,13.449999809265137,9.333327293395996,104400
2016-11-04,13.430000305175781,13.520000457763672,13.430000305175781,13.470000267028809,9.347211837768555,119600
2016-11-07,13.40999984741211,13.609999656677246,13.40999984741211,13.529999732971191,9.388837814331055,179400
2016-11-08,13.460000038146973,13.510000228881836,13.420000076293945,13.449999809265137,9.333327293395996,112300
2016-11-09,13.329999923706055,13.350000381469727,13.109999656677246,13.140000343322754,9.118210792541504,714100
2016-11-10,13.079999923706055,13.079999923706055,12.850000381469727,12.890000343322754,8.983007431030273,539100
2016-11-11,12.850000381469727,12.930000305175781,12.8100004196167,12.869999885559082,8.969073295593262,314200
2016-11-14,12.789999961853027,12.8100004196167,12.5,12.510000228881836,8.718186378479004,830300
2016-11-15,12.539999961853027,12.739999771118164,12.539999961853027,12.6899995803833,8.843629837036133,282000
2016-11-16,12.720000267028809,12.84000015258789,12.619999885559082,12.6899995803833,8.843629837036133,266500
2016-11-17,12.680000305175781,12.710000038146973,12.609999656677246,12.670000076293945,8.829689979553223,158000
2016-11-18,12.619999885559082,12.649999618530273,12.510000228881836,12.529999732971191,8.732126235961914,138400
2016-11-21,12.59000015258789,12.710000038146973,12.5600004196167,12.65999984741211,8.822722434997559,183200
2016-11-22,12.729999542236328,12.760000228881836,12.680000305175781,12.75,8.885446548461914,246200
2016-11-23,12.65999984741211,12.75,12.619999885559082,12.729999542236328,8.871504783630371,140900
2016-11-25,12.699999809265137,12.739999771118164,12.630000114440918,12.640000343322754,8.808789253234863,78200
2016-11-28,12.710000038146973,12.75,12.670000076293945,12.75,8.885446548461914,167000
2016-11-29,12.75,12.800000190734863,12.6899995803833,12.760000228881836,8.892410278320312,218900
2016-11-30,12.680000305175781,12.699999809265137,12.640000343322754,12.649999618530273,8.815756797790527,204400
2016-12-01,12.59000015258789,12.640000343322754,12.479999542236328,12.510000228881836,8.718186378479004,359900
2016-12-02,12.520000457763672,12.520000457763672,12.4399995803833,12.510000228881836,8.718186378479004,228700
2016-12-05,12.460000038146973,12.529999732971191,12.449999809265137,12.520000457763672,8.72515869140625,290600
2016-12-06,12.539999961853027,12.729999542236328,12.520000457763672,12.720000267028809,8.864542961120605,334200
2016-12-07,12.720000267028809,12.869999885559082,12.720000267028809,12.869999885559082,8.969073295593262,211600
2016-12-08,12.84000015258789,12.84000015258789,12.699999809265137,12.75,8.885446548461914,299600
2016-12-09,12.699999809265137,12.710000038146973,12.609999656677246,12.65999984741211,8.822722434997559,305700
2016-12-12,12.600000381469727,12.65999984741211,12.600000381469727,12.609999656677246,8.787878036499023,278000
2016-12-13,12.619999885559082,12.649999618530273,12.539999961853027,12.649999618530273,8.85367202758789,396500
2016-12-14,12.670000076293945,12.75,12.649999618530273,12.699999809265137,8.888665199279785,500600
2016-12-15,12.649999618530273,12.699999809265137,12.600000381469727,12.600000381469727,8.818673133850098,405600
2016-12-16,12.59000015258789,12.65999984741211,12.59000015258789,12.640000343322754,8.846665382385254,150700
2016-12-19,12.649999618530273,12.699999809265137,12.600000381469727,12.619999885559082,8.832673072814941,341700
2016-12-20,12.609999656677246,12.720000267028809,12.600000381469727,12.720000267028809,8.902667045593262,312700
2016-12-21,12.760000228881836,12.819999694824219,12.699999809265137,12.8100004196167,8.965651512145996,280500
2016-12-22,12.829999923706055,12.850000381469727,12.789999961853027,12.8100004196167,8.965651512145996,201500
2016-12-23,12.8100004196167,12.859999656677246,12.789999961853027,12.800000190734863,8.95865249633789,212900
2016-12-27,12.84000015258789,12.84000015258789,12.720000267028809,12.729999542236328,8.909661293029785,158300
2016-12-28,12.789999961853027,12.789999961853027,12.710000038146973,12.739999771118164,8.916658401489258,209100
2016-12-29,12.760000228881836,12.84000015258789,12.760000228881836,12.789999961853027,8.951656341552734,193800
2016-12-30,12.84000015258789,12.84000015258789,12.75,12.8100004196167,8.965651512145996,204500
2017-01-03,12.770000457763672,12.819999694824219,12.760000228881836,12.789999961853027,8.951656341552734,113400
2017-01-04,12.890000343322754,12.890000343322754,12.819999694824219,12.850000381469727,8.99364948272705,163600
2017-01-05,12.920000076293945,12.9399995803833,12.869999885559082,12.90999984741211,9.035643577575684,162800
2017-01-06,12.869999885559082,12.920000076293945,12.850000381469727,12.920000076293945,9.042638778686523,94800
2017-01-09,12.960000038146973,13.010000228881836,12.930000305175781,12.960000038146973,9.070636749267578,92600
2017-01-10,12.979999542236328,13.010000228881836,12.970000267028809,12.979999542236328,9.084634780883789,84000
2017-01-11,12.920000076293945,13.0,12.800000190734863,12.880000114440918,9.052306175231934,92000
2017-01-12,12.960000038146973,13.010000228881836,12.890000343322754,12.930000305175781,9.087444305419922,143900
2017-01-13,12.920000076293945,12.960000038146973,12.890000343322754,12.930000305175781,9.087444305419922,110400
2017-01-17,12.970000267028809,13.010000228881836,12.920000076293945,12.920000076293945,9.080418586730957,219300
2017-01-18,12.859999656677246,12.949999809265137,12.859999656677246,12.90999984741211,9.07339096069336,196200
2017-01-19,12.880000114440918,12.920000076293945,12.850000381469727,12.869999885559082,9.045275688171387,249300
2017-01-20,12.819999694824219,12.829999923706055,12.779999732971191,12.819999694824219,9.010132789611816,129400
2017-01-23,12.819999694824219,12.880000114440918,12.8100004196167,12.859999656677246,9.038246154785156,236300
2017-01-24,12.850000381469727,12.890000343322754,12.800000190734863,12.800000190734863,8.996078491210938,179300
2017-01-25,12.75,12.8100004196167,12.75,12.770000457763672,8.974996566772461,215300
2017-01-26,12.760000228881836,12.84000015258789,12.75,12.84000015258789,9.024190902709961,92600
2017-01-27,12.859999656677246,12.890000343322754,12.819999694824219,12.850000381469727,9.031218528747559,150400
2017-01-30,12.850000381469727,12.90999984741211,12.850000381469727,12.869999885559082,9.045275688171387,173300
2017-01-31,12.869999885559082,12.960000038146973,12.869999885559082,12.960000038146973,9.108530044555664,96200
2017-02-01,12.9399995803833,12.949999809265137,12.90999984741211,12.930000305175781,9.087444305419922,107300
2017-02-02,13.0,13.0,12.899999618530273,12.90999984741211,9.07339096069336,148800
2017-02-03,12.949999809265137,12.989999771118164,12.90999984741211,12.960000038146973,9.108530044555664,89700
2017-02-06,12.949999809265137,12.989999771118164,12.930000305175781,12.979999542236328,9.122591018676758,88100
2017-02-07,12.989999771118164,13.029999732971191,12.960000038146973,13.029999732971191,9.157722473144531,104900
2017-02-08,13.0600004196167,13.079999923706055,13.029999732971191,13.050000190734863,9.171782493591309,89100
2017-02-09,13.029999732971191,13.039999961853027,12.979999542236328,12.989999771118164,9.12961196899414,85400
2017-02-10,12.960000038146973,12.989999771118164,12.949999809265137,12.989999771118164,9.12961196899414,111600
2017-02-13,12.949999809265137,12.949999809265137,12.890000343322754,12.899999618530273,9.104208946228027,131700
2017-02-14,12.890000343322754,12.899999618530273,12.819999694824219,12.84000015258789,9.061861038208008,95800
2017-02-15,12.779999732971191,12.829999923706055,12.720000267028809,12.729999542236328,8.98422908782959,230800
2017-02-16,12.729999542236328,12.800000190734863,12.720000267028809,12.800000190734863,9.033636093139648,226100
2017-02-17,12.84000015258789,12.859999656677246,12.789999961853027,12.800000190734863,9.033636093139648,88300
2017-02-21,12.819999694824219,12.829999923706055,12.779999732971191,12.829999923706055,9.054804801940918,74600
2017-02-22,12.829999923706055,12.84000015258789,12.819999694824219,12.84000015258789,9.061861038208008,57900
2017-02-23,12.880000114440918,12.880000114440918,12.84000015258789,12.869999885559082,9.083032608032227,94100
2017-02-24,12.920000076293945,12.9399995803833,12.890000343322754,12.920000076293945,9.118322372436523,93200
2017-02-27,12.899999618530273,12.90999984741211,12.880000114440918,12.880000114440918,9.090094566345215,163900
2017-02-28,12.890000343322754,12.930000305175781,12.850000381469727,12.930000305175781,9.125378608703613,161000
2017-03-01,12.890000343322754,12.920000076293945,12.850000381469727,12.920000076293945,9.118322372436523,155100
2017-03-02,12.899999618530273,12.899999618530273,12.84000015258789,12.84000015258789,9.061861038208008,94500
2017-03-03,12.84000015258789,12.869999885559082,12.800000190734863,12.8100004196167,9.040689468383789,89200
2017-03-06,12.819999694824219,12.84000015258789,12.770000457763672,12.789999961853027,9.026575088500977,135100
2017-03-07,12.770000457763672,12.800000190734863,12.760000228881836,12.770000457763672,9.012459754943848,147500
2017-03-08,12.720000267028809,12.739999771118164,12.699999809265137,12.729999542236328,8.98422908782959,178300
2017-03-09,12.6899995803833,12.720000267028809,12.579999923706055,12.600000381469727,8.892481803894043,256200
2017-03-10,12.609999656677246,12.680000305175781,12.579999923706055,12.619999885559082,8.906599044799805,168300
2017-03-13,12.5600004196167,12.5600004196167,12.529999732971191,12.550000190734863,8.895257949829102,96500
2017-03-14,12.520000457763672,12.550000190734863,12.510000228881836,12.539999961853027,8.888169288635254,142100
2017-03-15,12.539999961853027,12.65999984741211,12.520000457763672,12.649999618530273,8.966135025024414,164200
2017-03-16,12.619999885559082,12.65999984741211,12.5600004196167,12.609999656677246,8.937783241271973,84400
2017-03-17,12.619999885559082,12.699999809265137,12.600000381469727,12.670000076293945,8.98030948638916,121500
2017-03-20,12.670000076293945,12.720000267028809,12.670000076293945,12.710000038146973,9.008662223815918,78000
2017-03-21,12.710000038146973,12.770000457763672,12.699999809265137,12.75,9.03701114654541,137000
2017-03-22,12.760000228881836,12.8100004196167,12.760000228881836,12.8100004196167,9.079545021057129,88000
2017-03-23,12.800000190734863,12.8100004196167,12.779999732971191,12.789999961853027,9.065366744995117,78500
2017-03-24,12.779999732971191,12.859999656677246,12.779999732971191,12.859999656677246,9.114977836608887,78300
2017-03-27,12.869999885559082,12.920000076293945,12.850000381469727,12.869999885559082,9.122064590454102,73100
2017-03-28,12.899999618530273,12.920000076293945,12.850000381469727,12.890000343322754,9.13624382019043,72500
2017-03-29,12.899999618530273,12.9399995803833,12.899999618530273,12.90999984741211,9.15041732788086,79900
2017-03-30,12.899999618530273,12.9399995803833,12.890000343322754,12.930000305175781,9.164591789245605,36100
2017-03-31,12.930000305175781,12.979999542236328,12.90999984741211,12.979999542236328,9.200035095214844,59000
2017-04-03,13.010000228881836,13.020000457763672,12.949999809265137,13.020000457763672,9.228389739990234,112000
2017-04-04,13.029999732971191,13.0600004196167,12.970000267028809,13.010000228881836,9.22130012512207,76900
2017-04-05,12.979999542236328,13.010000228881836,12.9399995803833,12.979999542236328,9.200035095214844,112200
2017-04-06,12.979999542236328,13.050000190734863,12.979999542236328,13.029999732971191,9.235471725463867,104900
2017-04-07,13.050000190734863,13.069999694824219,12.970000267028809,13.010000228881836,9.22130012512207,173400
2017-04-10,13.039999961853027,13.149999618530273,13.0,13.149999618530273,9.32052993774414,103100
2017-04-11,13.130000114440918,13.130000114440918,13.039999961853027,13.0600004196167,9.294907569885254,194000
2017-04-12,13.09000015258789,13.130000114440918,13.0600004196167,13.109999656677246,9.330488204956055,92300
2017-04-13,13.119999885559082,13.170000076293945,13.100000381469727,13.109999656677246,9.330488204956055,93900
2017-04-17,13.109999656677246,13.170000076293945,13.079999923706055,13.109999656677246,9.330488204956055,78400
2017-04-18,13.130000114440918,13.140000343322754,13.0600004196167,13.100000381469727,9.323371887207031,96900
2017-04-19,13.130000114440918,13.130000114440918,13.09000015258789,13.119999885559082,9.337610244750977,87700
2017-04-20,13.079999923706055,13.119999885559082,13.069999694824219,13.079999923706055,9.3091402053833,111400
2017-04-21,13.119999885559082,13.140000343322754,13.069999694824219,13.069999694824219,9.302021026611328,90600
2017-04-24,13.0600004196167,13.09000015258789,13.029999732971191,13.0600004196167,9.294907569885254,83100
2017-04-25,13.029999732971191,13.029999732971191,12.979999542236328,13.010000228881836,9.259321212768555,102000
2017-04-26,13.010000228881836,13.079999923706055,13.0,13.029999732971191,9.273554801940918,142900
2017-04-27,13.050000190734863,13.119999885559082,13.029999732971191,13.119999885559082,9.337610244750977,78600
2017-04-28,13.100000381469727,13.130000114440918,13.09000015258789,13.109999656677246,9.330488204956055,117400
2017-05-01,13.109999656677246,13.140000343322754,13.079999923706055,13.119999885559082,9.337610244750977,120100
2017-05-02,13.140000343322754,13.140000343322754,13.09000015258789,13.140000343322754,9.35184097290039,163000
2017-05-03,13.130000114440918,13.130000114440918,13.069999694824219,13.079999923706055,9.3091402053833,136500
2017-05-04,13.069999694824219,13.119999885559082,13.050000190734863,13.079999923706055,9.3091402053833,125400
2017-05-05,13.050000190734863,13.079999923706055,13.039999961853027,13.039999961853027,9.280671119689941,140200
2017-05-08,13.069999694824219,13.079999923706055,13.020000457763672,13.0600004196167,9.294907569885254,113500
2017-05-09,13.020000457763672,13.0600004196167,12.949999809265137,12.979999542236328,9.2379732131958,235200
2017-05-10,12.960000038146973,13.0,12.930000305175781,12.960000038146973,9.223736763000488,145700
2017-05-11,12.869999885559082,12.970000267028809,12.869999885559082,12.960000038146973,9.262331008911133,110100
2017-05-12,12.979999542236328,13.069999694824219,12.970000267028809,13.069999694824219,9.340941429138184,203800
2017-05-15,13.069999694824219,13.109999656677246,13.039999961853027,13.100000381469727,9.362381935119629,94900
2017-05-16,13.079999923706055,13.100000381469727,13.050000190734863,13.079999923706055,9.348090171813965,72200
2017-05-17,13.109999656677246,13.130000114440918,13.100000381469727,13.119999885559082,9.376678466796875,55700
2017-05-18,13.140000343322754,13.149999618530273,13.010000228881836,13.039999961853027,9.319502830505371,188700
2017-05-19,13.069999694824219,13.100000381469727,13.039999961853027,13.050000190734863,9.326650619506836,123100
2017-05-22,13.069999694824219,13.079999923706055,13.050000190734863,13.069999694824219,9.340941429138184,60400
2017-05-23,13.109999656677246,13.119999885559082,13.069999694824219,13.109999656677246,9.369529724121094,79700
2017-05-24,13.130000114440918,13.130000114440918,13.069999694824219,13.109999656677246,9.369529724121094,109900
2017-05-25,13.100000381469727,13.119999885559082,13.020000457763672,13.050000190734863,9.326650619506836,127100
2017-05-26,13.079999923706055,13.09000015258789,13.050000190734863,13.079999923706055,9.348090171813965,153100
2017-05-30,13.09000015258789,13.109999656677246,13.069999694824219,13.100000381469727,9.362381935119629,110000
2017-05-31,13.149999618530273,13.199999809265137,13.130000114440918,13.170000076293945,9.41241455078125,108100
2017-06-01,13.1899995803833,13.220000267028809,13.170000076293945,13.199999809265137,9.433847427368164,149000
2017-06-02,13.25,13.25,13.1899995803833,13.229999542236328,9.455292701721191,288800
2017-06-05,13.1899995803833,13.239999771118164,13.15999984741211,13.210000038146973,9.440994262695312,75200
2017-06-06,13.229999542236328,13.260000228881836,13.199999809265137,13.25,9.469588279724121,92900
2017-06-07,13.220000267028809,13.270000457763672,13.220000267028809,13.239999771118164,9.462437629699707,73600
2017-06-08,13.270000457763672,13.289999961853027,13.229999542236328,13.260000228881836,9.476734161376953,84200
2017-06-09,13.220000267028809,13.25,13.199999809265137,13.220000267028809,9.448142051696777,61800
2017-06-12,13.239999771118164,13.239999771118164,13.199999809265137,13.199999809265137,9.433847427368164,33900
2017-06-13,13.170000076293945,13.180000305175781,13.149999618530273,13.170000076293945,9.451078414916992,92800
2017-06-14,13.239999771118164,13.25,13.15999984741211,13.170000076293945,9.451078414916992,122700
2017-06-15,13.180000305175781,13.1899995803833,13.130000114440918,13.170000076293945,9.451078414916992,85100
2017-06-16,13.170000076293945,13.210000038146973,13.170000076293945,13.1899995803833,9.465429306030273,105900
2017-06-19,13.199999809265137,13.239999771118164,13.1899995803833,13.1899995803833,9.465429306030273,125500
2017-06-20,13.220000267028809,13.239999771118164,13.210000038146973,13.229999542236328,9.494132041931152,38700
2017-06-21,13.25,13.25,13.210000038146973,13.25,9.5084867477417,74200
2017-06-22,13.260000228881836,13.260000228881836,13.199999809265137,13.229999542236328,9.494132041931152,115600
2017-06-23,13.210000038146973,13.25,13.210000038146973,13.229999542236328,9.494132041931152,68800
2017-06-26,13.229999542236328,13.25,13.220000267028809,13.220000267028809,9.486952781677246,153400
2017-06-27,13.220000267028809,13.239999771118164,13.1899995803833,13.1899995803833,9.465429306030273,144700
2017-06-28,13.220000267028809,13.270000457763672,13.199999809265137,13.25,9.5084867477417,117000
2017-06-29,13.220000267028809,13.220000267028809,13.130000114440918,13.140000343322754,9.429544448852539,107600
2017-06-30,13.109999656677246,13.140000343322754,13.069999694824219,13.109999656677246,9.4080171585083,186100
2017-07-03,13.149999618530273,13.1899995803833,13.119999885559082,13.15999984741211,9.443897247314453,105800
2017-07-05,13.1899995803833,13.1899995803833,13.100000381469727,13.1899995803833,9.465429306030273,124100
2017-07-06,13.140000343322754,13.15999984741211,13.09000015258789,13.09000015258789,9.393665313720703,144300
2017-07-07,13.0600004196167,13.109999656677246,13.050000190734863,13.050000190734863,9.364962577819824,109500
2017-07-10,13.069999694824219,13.140000343322754,13.069999694824219,13.140000343322754,9.429544448852539,89200
2017-07-11,13.149999618530273,13.149999618530273,13.109999656677246,13.149999618530273,9.436725616455078,101000
2017-07-12,13.130000114440918,13.15999984741211,13.130000114440918,13.140000343322754,9.468430519104004,66000
2017-07-13,13.100000381469727,13.1899995803833,13.100000381469727,13.170000076293945,9.490047454833984,168700
2017-07-14,13.1899995803833,13.239999771118164,13.149999618530273,13.199999809265137,9.511663436889648,203500
2017-07-17,13.210000038146973,13.220000267028809,13.15999984741211,13.1899995803833,9.5044584274292,75300
2017-07-18,13.210000038146973,13.25,13.180000305175781,13.25,9.547690391540527,108300
2017-07-19,13.229999542236328,13.270000457763672,13.199999809265137,13.260000228881836,9.554896354675293,74300
2017-07-20,13.260000228881836,13.289999961853027,13.239999771118164,13.239999771118164,9.540484428405762,79300
2017-07-21,13.289999961853027,13.289999961853027,13.199999809265137,13.25,9.547690391540527,95200
2017-07-24,13.279999732971191,13.279999732971191,13.220000267028809,13.25,9.547690391540527,63400
2017-07-25,13.210000038146973,13.270000457763672,13.210000038146973,13.260000228881836,9.554896354675293,149100
2017-07-26,13.229999542236328,13.3100004196167,13.229999542236328,13.289999961853027,9.576512336730957,73800
2017-07-27,13.289999961853027,13.3100004196167,13.239999771118164,13.25,9.547690391540527,110000
2017-07-28,13.25,13.319999694824219,13.239999771118164,13.289999961853027,9.576512336730957,73700
2017-07-31,13.279999732971191,13.350000381469727,13.279999732971191,13.34000015258789,9.612542152404785,155500
2017-08-01,13.329999923706055,13.380000114440918,13.329999923706055,13.350000381469727,9.619749069213867,151500
2017-08-02,13.390000343322754,13.40999984741211,13.369999885559082,13.399999618530273,9.655776977539062,128900
2017-08-03,13.430000305175781,13.430000305175781,13.359999656677246,13.399999618530273,9.655776977539062,135600
2017-08-04,13.399999618530273,13.399999618530273,13.329999923706055,13.34000015258789,9.612542152404785,71600
2017-08-07,13.34000015258789,13.390000343322754,13.329999923706055,13.369999885559082,9.634160041809082,67000
2017-08-08,13.380000114440918,13.380000114440918,13.289999961853027,13.319999694824219,9.59813117980957,100700
2017-08-09,13.329999923706055,13.359999656677246,13.279999732971191,13.300000190734863,9.583722114562988,112400
2017-08-10,13.329999923706055,13.329999923706055,13.149999618530273,13.239999771118164,9.540484428405762,243600
2017-08-11,13.199999809265137,13.229999542236328,13.079999923706055,13.229999542236328,9.572319984436035,98000
2017-08-14,13.25,13.270000457763672,13.180000305175781,13.180000305175781,9.536144256591797,77400
2017-08-15,13.180000305175781,13.1899995803833,13.119999885559082,13.140000343322754,9.507207870483398,47900
2017-08-16,13.140000343322754,13.210000038146973,13.140000343322754,13.199999809265137,9.550620079040527,147700
2017-08-17,13.180000305175781,13.229999542236328,13.180000305175781,13.220000267028809,9.565084457397461,47300
2017-08-18,13.239999771118164,13.270000457763672,13.199999809265137,13.270000457763672,9.601264953613281,71500
2017-08-21,13.270000457763672,13.319999694824219,13.260000228881836,13.319999694824219,9.637436866760254,96000
2017-08-22,13.34000015258789,13.34000015258789,13.270000457763672,13.270000457763672,9.601264953613281,122700
2017-08-23,13.279999732971191,13.329999923706055,13.270000457763672,13.329999923706055,9.64467716217041,69700
2017-08-24,13.329999923706055,13.329999923706055,13.260000228881836,13.270000457763672,9.601264953613281,81000
2017-08-25,13.300000190734863,13.329999923706055,13.25,13.300000190734863,9.62297248840332,61200
2017-08-28,13.300000190734863,13.34000015258789,13.289999961853027,13.300000190734863,9.62297248840332,142200
2017-08-29,13.350000381469727,13.420000076293945,13.329999923706055,13.40999984741211,9.702557563781738,103700
2017-08-30,13.430000305175781,13.430000305175781,13.350000381469727,13.369999885559082,9.673616409301758,48900
2017-08-31,13.390000343322754,13.399999618530273,13.350000381469727,13.369999885559082,9.673616409301758,67900
2017-09-01,13.399999618530273,13.430000305175781,13.369999885559082,13.430000305175781,9.71703052520752,60400
2017-09-05,13.4399995803833,13.4399995803833,13.359999656677246,13.369999885559082,9.673616409301758,77800
2017-09-06,13.399999618530273,13.40999984741211,13.350000381469727,13.380000114440918,9.680850982666016,68700
2017-09-07,13.390000343322754,13.420000076293945,13.369999885559082,13.380000114440918,9.680850982666016,101000
2017-09-08,13.359999656677246,13.420000076293945,13.359999656677246,13.390000343322754,9.68808650970459,110800
2017-09-11,13.40999984741211,13.4399995803833,13.390000343322754,13.430000305175781,9.71703052520752,81400
2017-09-12,13.390000343322754,13.4399995803833,13.380000114440918,13.40999984741211,9.702557563781738,65100
2017-09-13,13.380000114440918,13.430000305175781,13.380000114440918,13.390000343322754,9.68808650970459,80900
2017-09-14,13.329999923706055,13.380000114440918,13.3100004196167,13.350000381469727,9.69607925415039,73200
2017-09-15,13.329999923706055,13.380000114440918,13.300000190734863,13.34000015258789,9.68880844116211,44100
2017-09-18,13.350000381469727,13.380000114440918,13.34000015258789,13.350000381469727,9.69607925415039,67700
2017-09-19,13.329999923706055,13.34000015258789,13.289999961853027,13.289999961853027,9.652498245239258,82600
2017-09-20,13.279999732971191,13.319999694824219,13.25,13.25,9.623451232910156,57700
2017-09-21,13.239999771118164,13.279999732971191,13.210000038146973,13.210000038146973,9.59439468383789,68200
2017-09-22,13.229999542236328,13.270000457763672,13.210000038146973,13.239999771118164,9.616185188293457,57600
2017-09-25,13.25,13.270000457763672,13.220000267028809,13.239999771118164,9.616185188293457,68100
2017-09-26,13.239999771118164,13.289999961853027,13.210000038146973,13.220000267028809,9.601655960083008,78700
2017-09-27,13.1899995803833,13.220000267028809,13.130000114440918,13.149999618530273,9.550819396972656,118000
2017-09-28,13.130000114440918,13.15999984741211,13.079999923706055,13.15999984741211,9.558077812194824,100400
2017-09-29,13.15999984741211,13.199999809265137,13.119999885559082,13.199999809265137,9.587133407592773,98000
2017-10-02,13.199999809265137,13.229999542236328,13.180000305175781,13.180000305175781,9.572606086730957,84900
2017-10-03,13.180000305175781,13.199999809265137,13.140000343322754,13.199999809265137,9.587133407592773,105000
2017-10-04,13.170000076293945,13.180000305175781,13.149999618530273,13.15999984741211,9.558077812194824,71700
2017-10-05,13.170000076293945,13.180000305175781,13.119999885559082,13.140000343322754,9.543556213378906,115900
2017-10-06,13.109999656677246,13.15999984741211,13.109999656677246,13.140000343322754,9.543556213378906,83300
2017-10-09,13.130000114440918,13.149999618530273,13.079999923706055,13.09000015258789,9.507242202758789,166900
2017-10-10,13.100000381469727,13.130000114440918,13.09000015258789,13.109999656677246,9.521761894226074,83500
2017-10-11,13.109999656677246,13.180000305175781,13.100000381469727,13.149999618530273,9.550819396972656,88000
2017-10-12,13.100000381469727,13.140000343322754,13.09000015258789,13.140000343322754,9.580714225769043,89100
2017-10-13,13.149999618530273,13.170000076293945,13.149999618530273,13.149999618530273,9.588004112243652,54000
2017-10-16,13.15999984741211,13.15999984741211,13.09000015258789,13.140000343322754,9.580714225769043,120500
2017-10-17,13.109999656677246,13.220000267028809,13.109999656677246,13.1899995803833,9.617169380187988,165200
2017-10-18,13.140000343322754,13.210000038146973,13.140000343322754,13.199999809265137,9.624456405639648,144400
2017-10-19,13.220000267028809,13.229999542236328,13.149999618530273,13.170000076293945,9.602584838867188,115500
2017-10-20,13.130000114440918,13.130000114440918,13.0600004196167,13.09000015258789,9.544255256652832,115300
2017-10-23,13.0600004196167,13.119999885559082,13.0600004196167,13.079999923706055,9.536967277526855,95100
2017-10-24,13.100000381469727,13.109999656677246,13.069999694824219,13.109999656677246,9.558837890625,69500
2017-10-25,13.069999694824219,13.079999923706055,13.039999961853027,13.069999694824219,9.529674530029297,104700
2017-10-26,13.039999961853027,13.069999694824219,12.960000038146973,12.960000038146973,9.449468612670898,181700
2017-10-27,12.9399995803833,12.970000267028809,12.880000114440918,12.920000076293945,9.420302391052246,319500
2017-10-30,12.970000267028809,12.989999771118164,12.930000305175781,12.9399995803833,9.434887886047363,59800
2017-10-31,12.960000038146973,12.960000038146973,12.880000114440918,12.960000038146973,9.449468612670898,160800
2017-11-01,12.960000038146973,12.989999771118164,12.9399995803833,12.979999542236328,9.464048385620117,105100
2017-11-02,12.989999771118164,13.020000457763672,12.949999809265137,13.020000457763672,9.493216514587402,127900
2017-11-03,13.020000457763672,13.020000457763672,12.9399995803833,12.979999542236328,9.464048385620117,106900
2017-11-06,12.970000267028809,12.989999771118164,12.9399995803833,12.960000038146973,9.449468612670898,179700
2017-11-07,12.9399995803833,13.010000228881836,12.9399995803833,13.0,9.478635787963867,116000
2017-11-08,13.010000228881836,13.0600004196167,13.0,13.039999961853027,9.507796287536621,153900
2017-11-09,13.0,13.020000457763672,12.970000267028809,13.0,9.478635787963867,81400
2017-11-10,12.949999809265137,12.970000267028809,12.949999809265137,12.960000038146973,9.449468612670898,59200
2017-11-13,13.0,13.149999618530273,13.0,13.130000114440918,9.5734224319458,151700
2017-11-14,13.09000015258789,13.09000015258789,13.050000190734863,13.09000015258789,9.581474304199219,117000
2017-11-15,13.109999656677246,13.130000114440918,13.050000190734863,13.069999694824219,9.5668306350708,154600
2017-11-16,13.069999694824219,13.119999885559082,13.0600004196167,13.100000381469727,9.58879280090332,69100
2017-11-17,13.119999885559082,13.119999885559082,13.050000190734863,13.079999923706055,9.574155807495117,79400
2017-11-20,13.050000190734863,13.069999694824219,12.979999542236328,12.979999542236328,9.50095272064209,139700
2017-11-21,12.979999542236328,13.029999732971191,12.979999542236328,13.0,9.515596389770508,137200
2017-11-22,12.979999542236328,12.989999771118164,12.960000038146973,12.970000267028809,9.493634223937988,166400
2017-11-24,13.0,13.0,12.9399995803833,12.949999809265137,9.478999137878418,61300
2017-11-27,12.960000038146973,12.960000038146973,12.90999984741211,12.930000305175781,9.464353561401367,169500
2017-11-28,12.960000038146973,12.960000038146973,12.890000343322754,12.9399995803833,9.471678733825684,157900
2017-11-29,12.880000114440918,12.920000076293945,12.859999656677246,12.890000343322754,9.435078620910645,206600
2017-11-30,12.869999885559082,12.9399995803833,12.859999656677246,12.930000305175781,9.464353561401367,151500
2017-12-01,12.930000305175781,12.979999542236328,12.899999618530273,12.979999542236328,9.50095272064209,287700
2017-12-04,12.970000267028809,12.970000267028809,12.859999656677246,12.890000343322754,9.435078620910645,375600
2017-12-05,12.920000076293945,12.989999771118164,12.899999618530273,12.970000267028809,9.493634223937988,144300
2017-12-06,12.989999771118164,13.079999923706055,12.970000267028809,13.069999694824219,9.5668306350708,152000
2017-12-07,13.100000381469727,13.100000381469727,13.039999961853027,13.100000381469727,9.58879280090332,120000
2017-12-08,13.109999656677246,13.109999656677246,13.029999732971191,13.029999732971191,9.537556648254395,187600
2017-12-11,13.039999961853027,13.0600004196167,13.0,13.020000457763672,9.53023624420166,85000
2017-12-12,13.020000457763672,13.020000457763672,12.989999771118164,13.0,9.515596389770508,182700
2017-12-13,12.970000267028809,13.010000228881836,12.970000267028809,13.0,9.515596389770508,165800
2017-12-14,12.9399995803833,12.960000038146973,12.9399995803833,12.960000038146973,9.521472930908203,184500
2017-12-15,12.979999542236328,12.979999542236328,12.920000076293945,12.930000305175781,9.499430656433105,109400
2017-12-18,12.949999809265137,12.960000038146973,12.880000114440918,12.880000114440918,9.462700843811035,218300
2017-12-19,12.880000114440918,12.890000343322754,12.850000381469727,12.850000381469727,9.440659523010254,170600
2017-12-20,12.84000015258789,12.84000015258789,12.760000228881836,12.760000228881836,9.374536514282227,351600
2017-12-21,12.739999771118164,12.800000190734863,12.739999771118164,12.770000457763672,9.381884574890137,227800
2017-12-22,12.75,12.779999732971191,12.729999542236328,12.75,9.367191314697266,346300
2017-12-26,12.739999771118164,12.8100004196167,12.739999771118164,12.770000457763672,9.381884574890137,262400
2017-12-27,12.779999732971191,12.859999656677246,12.779999732971191,12.84000015258789,9.433311462402344,182900
2017-12-28,12.8100004196167,12.869999885559082,12.8100004196167,12.859999656677246,9.448003768920898,222400
2017-12-29,12.850000381469727,12.970000267028809,12.850000381469727,12.960000038146973,9.521472930908203,257200
2018-01-02,12.930000305175781,13.0,12.930000305175781,12.979999542236328,9.536165237426758,106300
2018-01-03,13.010000228881836,13.069999694824219,12.989999771118164,13.029999732971191,9.572901725769043,65700
2018-01-04,13.010000228881836,13.069999694824219,13.010000228881836,13.029999732971191,9.572901725769043,95600
2018-01-05,13.029999732971191,13.079999923706055,12.979999542236328,13.0,9.550859451293945,142400
2018-01-08,13.020000457763672,13.029999732971191,12.970000267028809,12.979999542236328,9.536165237426758,91400
2018-01-09,12.960000038146973,12.970000267028809,12.920000076293945,12.920000076293945,9.492084503173828,151300
2018-01-10,12.869999885559082,12.9399995803833,12.859999656677246,12.890000343322754,9.47004508972168,120700
2018-01-11,12.800000190734863,12.869999885559082,12.800000190734863,12.8100004196167,9.44644546508789,121100
2018-01-12,12.789999961853027,12.850000381469727,12.770000457763672,12.800000190734863,9.439075469970703,114200
2018-01-16,12.829999923706055,12.84000015258789,12.729999542236328,12.770000457763672,9.416952133178711,166800
2018-01-17,12.75,12.770000457763672,12.729999542236328,12.729999542236328,9.387449264526367,157000
2018-01-18,12.6899995803833,12.739999771118164,12.6899995803833,12.6899995803833,9.357954978942871,150000
2018-01-19,12.699999809265137,12.729999542236328,12.6899995803833,12.729999542236328,9.387449264526367,149000
2018-01-22,12.729999542236328,12.739999771118164,12.699999809265137,12.710000038146973,9.372703552246094,112100
2018-01-23,12.729999542236328,12.739999771118164,12.699999809265137,12.710000038146973,9.372703552246094,108300
2018-01-24,12.710000038146973,12.729999542236328,12.680000305175781,12.720000267028809,9.380078315734863,91300
2018-01-25,12.710000038146973,12.710000038146973,12.65999984741211,12.670000076293945,9.343207359313965,180300
2018-01-26,12.649999618530273,12.649999618530273,12.579999923706055,12.600000381469727,9.291583061218262,200900
2018-01-29,12.550000190734863,12.569999694824219,12.390000343322754,12.420000076293945,9.15885066986084,414300
2018-01-30,12.399999618530273,12.430000305175781,12.350000381469727,12.380000114440918,9.129351615905762,438100
2018-01-31,12.399999618530273,12.40999984741211,12.3100004196167,12.350000381469727,9.10722827911377,387100
2018-02-01,12.34000015258789,12.430000305175781,12.3100004196167,12.350000381469727,9.10722827911377,265700
2018-02-02,12.279999732971191,12.369999885559082,12.270000457763672,12.359999656677246,9.114603996276855,250100
2018-02-05,12.359999656677246,12.369999885559082,12.3100004196167,12.34000015258789,9.099854469299316,147600
2018-02-06,12.3100004196167,12.380000114440918,12.3100004196167,12.329999923706055,9.092477798461914,199600
2018-02-07,12.34000015258789,12.430000305175781,12.34000015258789,12.399999618530273,9.144103050231934,309000
2018-02-08,12.369999885559082,12.5,12.279999732971191,12.4399995803833,9.173598289489746,506700
2018-02-09,12.399999618530273,12.4399995803833,12.3100004196167,12.350000381469727,9.10722827911377,132600
2018-02-12,12.369999885559082,12.390000343322754,12.34000015258789,12.390000343322754,9.136725425720215,88900
2018-02-13,12.359999656677246,12.460000038146973,12.359999656677246,12.430000305175781,9.16622543334961,75200
2018-02-14,12.350000381469727,12.420000076293945,12.34000015258789,12.34000015258789,9.135126113891602,178700
2018-02-15,12.329999923706055,12.40999984741211,12.329999923706055,12.369999885559082,9.157341003417969,102500
2018-02-16,12.390000343322754,12.40999984741211,12.34000015258789,12.350000381469727,9.142537117004395,217900
2018-02-20,12.359999656677246,12.390000343322754,12.350000381469727,12.359999656677246,9.149938583374023,190800
2018-02-21,12.359999656677246,12.359999656677246,12.300000190734863,12.3100004196167,9.112921714782715,192400
2018-02-22,12.329999923706055,12.34000015258789,12.260000228881836,12.270000457763672,9.083311080932617,181100
2018-02-23,12.270000457763672,12.329999923706055,12.270000457763672,12.3100004196167,9.112921714782715,152400
2018-02-26,12.3100004196167,12.380000114440918,12.3100004196167,12.319999694824219,9.12032699584961,119200
2018-02-27,12.329999923706055,12.369999885559082,12.300000190734863,12.319999694824219,9.12032699584961,121500
2018-02-28,12.34000015258789,12.34000015258789,12.279999732971191,12.3100004196167,9.112921714782715,140700
2018-03-01,12.34000015258789,12.34000015258789,12.279999732971191,12.300000190734863,9.105518341064453,112800
2018-03-02,12.279999732971191,12.300000190734863,12.25,12.270000457763672,9.083311080932617,135900
2018-03-05,12.289999961853027,12.359999656677246,12.279999732971191,12.359999656677246,9.149938583374023,128600
2018-03-06,12.329999923706055,12.390000343322754,12.319999694824219,12.380000114440918,9.164742469787598,51200
2018-03-07,12.359999656677246,12.380000114440918,12.329999923706055,12.380000114440918,9.164742469787598,129600
2018-03-08,12.380000114440918,12.399999618530273,12.359999656677246,12.390000343322754,9.17214584350586,79100
2018-03-09,12.359999656677246,12.399999618530273,12.359999656677246,12.390000343322754,9.17214584350586,201800
2018-03-12,12.390000343322754,12.470000267028809,12.279999732971191,12.279999732971191,9.090717315673828,165800
2018-03-13,12.279999732971191,12.319999694824219,12.260000228881836,12.319999694824219,9.12032699584961,167300
2018-03-14,12.279999732971191,12.279999732971191,12.220000267028809,12.229999542236328,9.086891174316406,149200
2018-03-15,12.25,12.25,12.15999984741211,12.180000305175781,9.04974365234375,84600
2018-03-16,12.180000305175781,12.180000305175781,12.15999984741211,12.180000305175781,9.04974365234375,60900
2018-03-19,12.130000114440918,12.15999984741211,12.0600004196167,12.079999923706055,8.975444793701172,145100
2018-03-20,12.0600004196167,12.079999923706055,12.050000190734863,12.050000190734863,8.953150749206543,195000
2018-03-21,12.050000190734863,12.0600004196167,12.020000457763672,12.029999732971191,8.938289642333984,196700
2018-03-22,12.029999732971191,12.100000381469727,12.020000457763672,12.100000381469727,8.990299224853516,148000
2018-03-23,12.100000381469727,12.100000381469727,12.010000228881836,12.079999923706055,8.975444793701172,169600
2018-03-26,12.039999961853027,12.130000114440918,12.039999961853027,12.09000015258789,8.982872009277344,142300
2018-03-27,12.079999923706055,12.109999656677246,12.079999923706055,12.09000015258789,8.982872009277344,86500
2018-03-28,12.119999885559082,12.170000076293945,12.09000015258789,12.130000114440918,9.012593269348145,183900
2018-03-29,12.130000114440918,12.180000305175781,12.100000381469727,12.15999984741211,9.034880638122559,144300
2018-04-02,12.210000038146973,12.210000038146973,12.149999618530273,12.1899995803833,9.057169914245605,97600
2018-04-03,12.199999809265137,12.220000267028809,12.140000343322754,12.149999618530273,9.027447700500488,164500
2018-04-04,12.199999809265137,12.199999809265137,12.140000343322754,12.170000076293945,9.042309761047363,90300
2018-04-05,12.149999618530273,12.149999618530273,12.109999656677246,12.140000343322754,9.020020484924316,90600
2018-04-06,12.15999984741211,12.170000076293945,12.149999618530273,12.15999984741211,9.034880638122559,72700
2018-04-09,12.149999618530273,12.180000305175781,12.140000343322754,12.180000305175781,9.04974365234375,88500
2018-04-10,12.140000343322754,12.170000076293945,12.119999885559082,12.130000114440918,9.012593269348145,126100
2018-04-11,12.149999618530273,12.170000076293945,12.130000114440918,12.15999984741211,9.034880638122559,180100
2018-04-12,12.130000114440918,12.130000114440918,12.0600004196167,12.069999694824219,9.001321792602539,148100
2018-04-13,12.069999694824219,12.079999923706055,12.050000190734863,12.0600004196167,8.993863105773926,100200
2018-04-16,12.039999961853027,12.079999923706055,12.010000228881836,12.020000457763672,8.964034080505371,262100
2018-04-17,12.020000457763672,12.050000190734863,12.020000457763672,12.029999732971191,8.9714937210083,150500
2018-04-18,12.010000228881836,12.039999961853027,11.960000038146973,11.989999771118164,8.941661834716797,263900
2018-04-19,11.960000038146973,11.989999771118164,11.930000305175781,11.949999809265137,8.911828994750977,298000
2018-04-20,11.949999809265137,11.970000267028809,11.949999809265137,11.960000038146973,8.919285774230957,282800
2018-04-23,11.949999809265137,11.949999809265137,11.890000343322754,11.890000343322754,8.867082595825195,132600
2018-04-24,11.890000343322754,11.9399995803833,11.890000343322754,11.9399995803833,8.904372215270996,86500
2018-04-25,11.9399995803833,11.949999809265137,11.880000114440918,11.899999618530273,8.874539375305176,138200
2018-04-26,11.90999984741211,11.960000038146973,11.90999984741211,11.930000305175781,8.896919250488281,155400
2018-04-27,11.90999984741211,12.010000228881836,11.90999984741211,12.010000228881836,8.956582069396973,177200
2018-04-30,11.989999771118164,12.069999694824219,11.949999809265137,12.0600004196167,8.993863105773926,441700
2018-05-01,12.0600004196167,12.09000015258789,11.960000038146973,11.989999771118164,8.941661834716797,275600
2018-05-02,12.010000228881836,12.020000457763672,11.979999542236328,12.0,8.949114799499512,164300
2018-05-03,12.010000228881836,12.079999923706055,12.010000228881836,12.0600004196167,8.993863105773926,104300
2018-05-04,12.069999694824219,12.09000015258789,12.050000190734863,12.050000190734863,8.986408233642578,144300
2018-05-07,12.050000190734863,12.0600004196167,12.039999961853027,12.050000190734863,8.986408233642578,134700
2018-05-08,12.050000190734863,12.079999923706055,12.050000190734863,12.069999694824219,9.001321792602539,134700
2018-05-09,12.029999732971191,12.0600004196167,12.010000228881836,12.029999732971191,8.9714937210083,140500
2018-05-10,12.039999961853027,12.100000381469727,12.039999961853027,12.079999923706055,9.00877857208252,141400
2018-05-11,12.109999656677246,12.140000343322754,12.100000381469727,12.119999885559082,9.038610458374023,126500
2018-05-14,12.119999885559082,12.130000114440918,12.09000015258789,12.109999656677246,9.064810752868652,199300
2018-05-15,12.09000015258789,12.109999656677246,12.0600004196167,12.079999923706055,9.042350769042969,270200
2018-05-16,12.079999923706055,12.09000015258789,12.039999961853027,12.050000190734863,9.019895553588867,147900
2018-05-17,12.050000190734863,12.050000190734863,11.989999771118164,12.0,8.982467651367188,156800
2018-05-18,12.0,12.039999961853027,12.0,12.020000457763672,8.997441291809082,70000
2018-05-21,11.989999771118164,12.050000190734863,11.989999771118164,12.039999961853027,9.01241397857666,160600
2018-05-22,12.020000457763672,12.039999961853027,11.979999542236328,11.979999542236328,8.967498779296875,91900
2018-05-23,12.010000228881836,12.050000190734863,12.0,12.029999732971191,9.004922866821289,145400
2018-05-24,12.079999923706055,12.119999885559082,12.0600004196167,12.09000015258789,9.049838066101074,183000
2018-05-25,12.109999656677246,12.130000114440918,12.109999656677246,12.130000114440918,9.079777717590332,159400
2018-05-29,12.149999618530273,12.199999809265137,12.079999923706055,12.149999618530273,9.094752311706543,171500
2018-05-30,12.149999618530273,12.170000076293945,12.100000381469727,12.130000114440918,9.079777717590332,180800
2018-05-31,12.15999984741211,12.1899995803833,12.149999618530273,12.149999618530273,9.094752311706543,188600
2018-06-01,12.130000114440918,12.180000305175781,12.130000114440918,12.130000114440918,9.079777717590332,134000
2018-06-04,12.130000114440918,12.199999809265137,12.119999885559082,12.130000114440918,9.079777717590332,174400
2018-06-05,12.130000114440918,12.15999984741211,12.130000114440918,12.130000114440918,9.079777717590332,140200
2018-06-06,12.119999885559082,12.140000343322754,12.100000381469727,12.119999885559082,9.072290420532227,75500
2018-06-07,12.149999618530273,12.149999618530273,12.109999656677246,12.140000343322754,9.087264060974121,69800
2018-06-08,12.119999885559082,12.149999618530273,12.109999656677246,12.140000343322754,9.087264060974121,79500
2018-06-11,12.130000114440918,12.15999984741211,12.119999885559082,12.140000343322754,9.087264060974121,72800
2018-06-12,12.130000114440918,12.170000076293945,12.130000114440918,12.170000076293945,9.109724044799805,91200
2018-06-13,12.15999984741211,12.15999984741211,12.130000114440918,12.140000343322754,9.087264060974121,57100
2018-06-14,12.100000381469727,12.109999656677246,12.079999923706055,12.100000381469727,9.091021537780762,104100
2018-06-15,12.100000381469727,12.109999656677246,12.0,12.0600004196167,9.060966491699219,103600
2018-06-18,12.0600004196167,12.079999923706055,12.039999961853027,12.0600004196167,9.060966491699219,124900
2018-06-19,12.069999694824219,12.130000114440918,12.0600004196167,12.100000381469727,9.091021537780762,126500
2018-06-20,12.119999885559082,12.149999618530273,12.100000381469727,12.130000114440918,9.113564491271973,161600
2018-06-21,12.130000114440918,12.15999984741211,12.09000015258789,12.130000114440918,9.113564491271973,139100
2018-06-22,12.130000114440918,12.130000114440918,12.100000381469727,12.109999656677246,9.098535537719727,87500
2018-06-25,12.100000381469727,12.130000114440918,12.079999923706055,12.109999656677246,9.098535537719727,214800
2018-06-26,12.100000381469727,12.15999984741211,12.09000015258789,12.15999984741211,9.136102676391602,108800
2018-06-27,12.170000076293945,12.1899995803833,12.149999618530273,12.180000305175781,9.151129722595215,76000
2018-06-28,12.180000305175781,12.220000267028809,12.15999984741211,12.199999809265137,9.166152000427246,92300
2018-06-29,12.229999542236328,12.260000228881836,12.199999809265137,12.229999542236328,9.188695907592773,112600
2018-07-02,12.270000457763672,12.3100004196167,12.25,12.279999732971191,9.226259231567383,73600
2018-07-03,12.300000190734863,12.300000190734863,12.229999542236328,12.239999771118164,9.196205139160156,64800
2018-07-05,12.229999542236328,12.300000190734863,12.220000267028809,12.279999732971191,9.226259231567383,109500
2018-07-06,12.279999732971191,12.3100004196167,12.270000457763672,12.289999961853027,9.233772277832031,69800
2018-07-09,12.300000190734863,12.300000190734863,12.25,12.260000228881836,9.211235046386719,103700
2018-07-10,12.239999771118164,12.300000190734863,12.239999771118164,12.260000228881836,9.211235046386719,108400
2018-07-11,12.270000457763672,12.300000190734863,12.25,12.270000457763672,9.218745231628418,108800
2018-07-12,12.239999771118164,12.239999771118164,12.199999809265137,12.220000267028809,9.21497631072998,109600
2018-07-13,12.229999542236328,12.229999542236328,12.170000076293945,12.210000038146973,9.207433700561523,101900
2018-07-16,12.180000305175781,12.210000038146973,12.15999984741211,12.15999984741211,9.169730186462402,92500
2018-07-17,12.170000076293945,12.199999809265137,12.140000343322754,12.15999984741211,9.169730186462402,102100
2018-07-18,12.170000076293945,12.199999809265137,12.140000343322754,12.199999809265137,9.199893951416016,93900
2018-07-19,12.210000038146973,12.210000038146973,12.180000305175781,12.210000038146973,9.207433700561523,91300
2018-07-20,12.220000267028809,12.220000267028809,12.180000305175781,12.210000038146973,9.207433700561523,80600
2018-07-23,12.210000038146973,12.229999542236328,12.149999618530273,12.170000076293945,9.17726993560791,137400
2018-07-24,12.170000076293945,12.1899995803833,12.119999885559082,12.15999984741211,9.169730186462402,110900
2018-07-25,12.149999618530273,12.199999809265137,12.149999618530273,12.15999984741211,9.169730186462402,125700
2018-07-26,12.180000305175781,12.1899995803833,12.170000076293945,12.1899995803833,9.192353248596191,48000
2018-07-27,12.199999809265137,12.199999809265137,12.149999618530273,12.170000076293945,9.17726993560791,77200
2018-07-30,12.170000076293945,12.1899995803833,12.149999618530273,12.149999618530273,9.162189483642578,79000
2018-07-31,12.15999984741211,12.180000305175781,12.130000114440918,12.130000114440918,9.147109031677246,87900
2018-08-01,12.140000343322754,12.140000343322754,12.109999656677246,12.140000343322754,9.154651641845703,100600
2018-08-02,12.15999984741211,12.180000305175781,12.149999618530273,12.15999984741211,9.169730186462402,74600
2018-08-03,12.170000076293945,12.1899995803833,12.149999618530273,12.170000076293945,9.17726993560791,44200
2018-08-06,12.180000305175781,12.229999542236328,12.180000305175781,12.210000038146973,9.207433700561523,129400
2018-08-07,12.220000267028809,12.229999542236328,12.149999618530273,12.229999542236328,9.222516059875488,125800
2018-08-08,12.199999809265137,12.229999542236328,12.199999809265137,12.199999809265137,9.199893951416016,90400
2018-08-09,12.199999809265137,12.220000267028809,12.15999984741211,12.180000305175781,9.184815406799316,206300
2018-08-10,12.170000076293945,12.199999809265137,12.170000076293945,12.180000305175781,9.184815406799316,62400
2018-08-13,12.170000076293945,12.210000038146973,12.170000076293945,12.199999809265137,9.199893951416016,72400
2018-08-14,12.170000076293945,12.180000305175781,12.170000076293945,12.180000305175781,9.218815803527832,40900
2018-08-15,12.1899995803833,12.199999809265137,12.170000076293945,12.180000305175781,9.218815803527832,138700
2018-08-16,12.180000305175781,12.199999809265137,12.170000076293945,12.170000076293945,9.211249351501465,180100
2018-08-17,12.170000076293945,12.199999809265137,12.170000076293945,12.170000076293945,9.211249351501465,87200
2018-08-20,12.170000076293945,12.180000305175781,12.119999885559082,12.140000343322754,9.18853759765625,109400
2018-08-21,12.140000343322754,12.15999984741211,12.119999885559082,12.149999618530273,9.196111679077148,103700
2018-08-22,12.149999618530273,12.149999618530273,12.119999885559082,12.130000114440918,9.180974960327148,64100
2018-08-23,12.119999885559082,12.149999618530273,12.109999656677246,12.149999618530273,9.196111679077148,57700
2018-08-24,12.149999618530273,12.149999618530273,12.100000381469727,12.140000343322754,9.18853759765625,117500
2018-08-27,12.119999885559082,12.15999984741211,12.119999885559082,12.130000114440918,9.180974960327148,53800
2018-08-28,12.109999656677246,12.149999618530273,12.109999656677246,12.130000114440918,9.180974960327148,98700
2018-08-29,12.140000343322754,12.149999618530273,12.109999656677246,12.130000114440918,9.180974960327148,81000
2018-08-30,12.119999885559082,12.170000076293945,12.119999885559082,12.15999984741211,9.203680038452148,81600
2018-08-31,12.170000076293945,12.1899995803833,12.130000114440918,12.140000343322754,9.18853759765625,104800
2018-09-04,12.170000076293945,12.180000305175781,12.130000114440918,12.170000076293945,9.211249351501465,73400
2018-09-05,12.170000076293945,12.180000305175781,12.140000343322754,12.140000343322754,9.18853759765625,96100
2018-09-06,12.15999984741211,12.15999984741211,12.109999656677246,12.140000343322754,9.18853759765625,112400
2018-09-07,12.130000114440918,12.140000343322754,12.100000381469727,12.109999656677246,9.165833473205566,88100
2018-09-10,12.119999885559082,12.130000114440918,12.100000381469727,12.119999885559082,9.1734037399292,76800
2018-09-11,12.130000114440918,12.130000114440918,12.109999656677246,12.109999656677246,9.165833473205566,62100
2018-09-12,12.119999885559082,12.130000114440918,12.100000381469727,12.109999656677246,9.165833473205566,133700
2018-09-13,12.09000015258789,12.100000381469727,12.039999961853027,12.0600004196167,9.162039756774902,45000
2018-09-14,12.039999961853027,12.0600004196167,11.979999542236328,11.979999542236328,9.10125732421875,100000
2018-09-17,11.979999542236328,12.010000228881836,11.9399995803833,11.9399995803833,9.07087230682373,109200
2018-09-18,11.859999656677246,11.920000076293945,11.859999656677246,11.880000114440918,9.02529239654541,162100
2018-09-19,11.859999656677246,11.920000076293945,11.859999656677246,11.859999656677246,9.010093688964844,113500
2018-09-20,11.850000381469727,11.880000114440918,11.800000190734863,11.850000381469727,9.002497673034668,217600
2018-09-21,11.84000015258789,11.880000114440918,11.819999694824219,11.819999694824219,8.979706764221191,159000
2018-09-24,11.800000190734863,11.869999885559082,11.720000267028809,11.800000190734863,8.964510917663574,377800
2018-09-25,11.770000457763672,11.84000015258789,11.770000457763672,11.8100004196167,8.972110748291016,72900
2018-09-26,11.819999694824219,11.899999618530273,11.789999961853027,11.869999885559082,9.017691612243652,207300
2018-09-27,11.880000114440918,11.899999618530273,11.829999923706055,11.829999923706055,8.987305641174316,110600
2018-09-28,11.850000381469727,11.90999984741211,11.84000015258789,11.899999618530273,9.040481567382812,159700
2018-10-01,11.90999984741211,11.949999809265137,11.880000114440918,11.890000343322754,9.032890319824219,75000
2018-10-02,11.90999984741211,11.920000076293945,11.880000114440918,11.90999984741211,9.048078536987305,58700
2018-10-03,11.920000076293945,11.920000076293945,11.789999961853027,11.829999923706055,8.987305641174316,213600
2018-10-04,11.800000190734863,11.800000190734863,11.699999809265137,11.739999771118164,8.918932914733887,299900
2018-10-05,11.699999809265137,11.729999542236328,11.640000343322754,11.680000305175781,8.873347282409668,264600
2018-10-08,11.630000114440918,11.6899995803833,11.619999885559082,11.649999618530273,8.850554466247559,141400
2018-10-09,11.670000076293945,11.710000038146973,11.640000343322754,11.65999984741211,8.858156204223633,153500
2018-10-10,11.619999885559082,11.699999809265137,11.579999923706055,11.600000381469727,8.81257152557373,235200
2018-10-11,11.619999885559082,11.640000343322754,11.59000015258789,11.640000343322754,8.842957496643066,193200
2018-10-12,11.59000015258789,11.630000114440918,11.510000228881836,11.539999961853027,8.80101203918457,204900
2018-10-15,11.520000457763672,11.5600004196167,11.479999542236328,11.479999542236328,8.755254745483398,249900
2018-10-16,11.489999771118164,11.569999694824219,11.479999542236328,11.539999961853027,8.80101203918457,297400
2018-10-17,11.539999961853027,11.579999923706055,11.539999961853027,11.539999961853027,8.80101203918457,102000
2018-10-18,11.520000457763672,11.600000381469727,11.520000457763672,11.579999923706055,8.831521034240723,149200
2018-10-19,11.59000015258789,11.609999656677246,11.579999923706055,11.609999656677246,8.854400634765625,192900
2018-10-22,11.609999656677246,11.609999656677246,11.569999694824219,11.579999923706055,8.831521034240723,80600
2018-10-23,11.579999923706055,11.600000381469727,11.539999961853027,11.550000190734863,8.808639526367188,148400
2018-10-24,11.5600004196167,11.619999885559082,11.5600004196167,11.609999656677246,8.854400634765625,245700
2018-10-25,11.5600004196167,11.640000343322754,11.5600004196167,11.600000381469727,8.846773147583008,133100
2018-10-26,11.569999694824219,11.640000343322754,11.569999694824219,11.609999656677246,8.854400634765625,100600
2018-10-29,11.579999923706055,11.59000015258789,11.550000190734863,11.550000190734863,8.808639526367188,238900
2018-10-30,11.510000228881836,11.569999694824219,11.510000228881836,11.529999732971191,8.793383598327637,268800
2018-10-31,11.510000228881836,11.569999694824219,11.489999771118164,11.529999732971191,8.793383598327637,190500
2018-11-01,11.510000228881836,11.569999694824219,11.510000228881836,11.550000190734863,8.808639526367188,89400
2018-11-02,11.520000457763672,11.569999694824219,11.5,11.5,8.7705078125,141100
2018-11-05,11.579999923706055,11.680000305175781,11.539999961853027,11.609999656677246,8.854400634765625,189500
2018-11-06,11.609999656677246,11.630000114440918,11.59000015258789,11.59000015258789,8.839146614074707,138700
2018-11-07,11.630000114440918,11.680000305175781,11.579999923706055,11.649999618530273,8.884905815124512,185600
2018-11-08,11.649999618530273,11.699999809265137,11.600000381469727,11.600000381469727,8.846773147583008,583900
2018-11-09,11.619999885559082,11.680000305175781,11.619999885559082,11.65999984741211,8.892535209655762,359400
2018-11-12,11.670000076293945,11.720000267028809,11.640000343322754,11.6899995803833,8.915407180786133,202600
2018-11-13,11.680000305175781,11.739999771118164,11.680000305175781,11.729999542236328,8.945918083190918,156200
2018-11-14,11.699999809265137,11.699999809265137,11.600000381469727,11.670000076293945,8.934433937072754,159600
2018-11-15,11.6899995803833,11.710000038146973,11.619999885559082,11.619999885559082,8.896153450012207,159200
2018-11-16,11.630000114440918,11.649999618530273,11.619999885559082,11.649999618530273,8.919120788574219,280000
2018-11-19,11.609999656677246,11.630000114440918,11.579999923706055,11.600000381469727,8.880841255187988,182500
2018-11-20,11.600000381469727,11.600000381469727,11.5600004196167,11.569999694824219,8.857873916625977,199100
2018-11-21,11.600000381469727,11.600000381469727,11.550000190734863,11.579999923706055,8.865530967712402,106800
2018-11-23,11.579999923706055,11.619999885559082,11.5600004196167,11.600000381469727,8.880841255187988,137300
2018-11-26,11.5600004196167,11.59000015258789,11.550000190734863,11.550000190734863,8.842560768127441,356600
2018-11-27,11.579999923706055,11.59000015258789,11.520000457763672,11.539999961853027,8.834908485412598,396100
2018-11-28,11.539999961853027,11.5600004196167,11.489999771118164,11.550000190734863,8.842560768127441,310900
2018-11-29,11.569999694824219,11.649999618530273,11.550000190734863,11.600000381469727,8.880841255187988,366600
2018-11-30,11.630000114440918,11.680000305175781,11.609999656677246,11.680000305175781,8.942090034484863,214900
2018-12-03,11.720000267028809,11.760000228881836,11.6899995803833,11.720000267028809,8.9727144241333,221900
2018-12-04,11.739999771118164,11.829999923706055,11.739999771118164,11.819999694824219,9.049271583557129,464800
2018-12-06,11.739999771118164,11.850000381469727,11.739999771118164,11.789999961853027,9.026304244995117,296600
2018-12-07,11.789999961853027,11.84000015258789,11.779999732971191,11.8100004196167,9.041620254516602,329600
2018-12-10,11.819999694824219,11.850000381469727,11.800000190734863,11.800000190734863,9.033961296081543,172100
2018-12-11,11.789999961853027,11.869999885559082,11.779999732971191,11.829999923706055,9.056926727294922,377500
2018-12-12,11.8100004196167,11.84000015258789,11.789999961853027,11.829999923706055,9.056926727294922,143800
2018-12-13,11.800000190734863,11.800000190734863,11.670000076293945,11.720000267028809,9.006976127624512,332500
2018-12-14,11.699999809265137,11.770000457763672,11.699999809265137,11.699999809265137,8.991606712341309,240000
2018-12-17,11.729999542236328,11.739999771118164,11.640000343322754,11.670000076293945,8.968549728393555,339400
2018-12-18,11.649999618530273,11.710000038146973,11.619999885559082,11.619999885559082,8.930120468139648,336500
2018-12-19,11.65999984741211,11.710000038146973,11.649999618530273,11.710000038146973,8.999290466308594,396600
2018-12-20,11.75,11.75,11.539999961853027,11.539999961853027,8.868643760681152,445200
2018-12-21,11.5,11.619999885559082,11.5,11.579999923706055,8.899381637573242,464800
2018-12-24,11.600000381469727,11.65999984741211,11.569999694824219,11.65999984741211,8.960866928100586,243100
2018-12-26,11.609999656677246,11.640000343322754,11.520000457763672,11.609999656677246,8.92243480682373,421100
2018-12-27,11.579999923706055,11.6899995803833,11.569999694824219,11.6899995803833,8.983918190002441,266700
2018-12-28,11.630000114440918,11.710000038146973,11.609999656677246,11.609999656677246,8.92243480682373,555100
2018-12-31,11.609999656677246,11.65999984741211,11.609999656677246,11.649999618530273,8.953176498413086,594100
2019-01-02,11.649999618530273,11.829999923706055,11.649999618530273,11.819999694824219,9.083826065063477,114800
2019-01-03,11.859999656677246,11.960000038146973,11.84000015258789,11.880000114440918,9.129936218261719,181500
2019-01-04,11.859999656677246,11.920000076293945,11.84000015258789,11.890000343322754,9.13762378692627,119100
2019-01-07,11.920000076293945,11.949999809265137,11.880000114440918,11.890000343322754,9.13762378692627,165100
2019-01-08,11.960000038146973,12.0,11.899999618530273,11.989999771118164,9.214473724365234,214800
2019-01-09,11.979999542236328,12.020000457763672,11.970000267028809,12.0,9.22215461730957,88800
2019-01-10,12.0,12.029999732971191,11.970000267028809,12.0,9.22215461730957,59600
2019-01-11,12.020000457763672,12.069999694824219,12.020000457763672,12.0600004196167,9.268274307250977,52400
2019-01-14,12.0,12.069999694824219,12.0,12.069999694824219,9.310697555541992,115100
2019-01-15,12.050000190734863,12.0600004196167,12.0,12.0,9.256693840026855,79600
2019-01-16,12.010000228881836,12.039999961853027,11.989999771118164,12.039999961853027,9.287553787231445,87800
2019-01-17,12.039999961853027,12.039999961853027,11.970000267028809,11.979999542236328,9.241271018981934,112800
2019-01-18,11.970000267028809,12.020000457763672,11.970000267028809,12.020000457763672,9.272128105163574,84200
2019-01-22,12.029999732971191,12.069999694824219,12.010000228881836,12.0600004196167,9.302987098693848,57600
2019-01-23,12.0600004196167,12.069999694824219,12.039999961853027,12.0600004196167,9.302987098693848,39500
2019-01-24,12.0600004196167,12.079999923706055,12.050000190734863,12.069999694824219,9.310697555541992,56100
2019-01-25,12.069999694824219,12.079999923706055,12.050000190734863,12.0600004196167,9.302987098693848,63600
2019-01-28,12.069999694824219,12.069999694824219,12.029999732971191,12.0600004196167,9.302987098693848,79800
2019-01-29,12.050000190734863,12.0600004196167,12.029999732971191,12.029999732971191,9.279841423034668,63000
2019-01-30,12.0600004196167,12.100000381469727,12.039999961853027,12.100000381469727,9.333839416503906,100300
2019-01-31,12.079999923706055,12.119999885559082,12.079999923706055,12.09000015258789,9.32612419128418,99000
2019-02-01,12.130000114440918,12.170000076293945,12.119999885559082,12.119999885559082,9.349264144897461,142500
2019-02-04,12.149999618530273,12.149999618530273,12.109999656677246,12.140000343322754,9.36469554901123,74100
2019-02-05,12.140000343322754,12.15999984741211,12.119999885559082,12.130000114440918,9.356980323791504,101500
2019-02-06,12.130000114440918,12.15999984741211,12.130000114440918,12.140000343322754,9.36469554901123,64500
2019-02-07,12.170000076293945,12.199999809265137,12.15999984741211,12.1899995803833,9.403263092041016,76200
2019-02-08,12.1899995803833,12.229999542236328,12.1899995803833,12.220000267028809,9.426405906677246,79500
2019-02-11,12.220000267028809,12.25,12.210000038146973,12.239999771118164,9.441832542419434,83800
2019-02-12,12.229999542236328,12.270000457763672,12.229999542236328,12.260000228881836,9.457260131835938,64300
2019-02-13,12.25,12.289999961853027,12.210000038146973,12.229999542236328,9.434122085571289,236900
2019-02-14,12.180000305175781,12.260000228881836,12.180000305175781,12.25,9.484441757202148,57400
2019-02-15,12.25,12.270000457763672,12.25,12.260000228881836,9.4921875,35900
2019-02-19,12.260000228881836,12.279999732971191,12.25,12.260000228881836,9.4921875,71500
2019-02-20,12.270000457763672,12.319999694824219,12.270000457763672,12.3100004196167,9.530895233154297,178300
2019-02-21,12.319999694824219,12.34000015258789,12.300000190734863,12.329999923706055,9.54638385772705,97400
2019-02-22,12.34000015258789,12.369999885559082,12.319999694824219,12.359999656677246,9.569612503051758,157600
2019-02-25,12.350000381469727,12.369999885559082,12.34000015258789,12.350000381469727,9.561869621276855,59400
2019-02-26,12.369999885559082,12.380000114440918,12.319999694824219,12.380000114440918,9.585100173950195,87100
2019-02-27,12.390000343322754,12.430000305175781,12.319999694824219,12.319999694824219,9.538641929626465,210500
2019-02-28,12.300000190734863,12.369999885559082,12.289999961853027,12.359999656677246,9.569612503051758,119200
2019-03-01,12.380000114440918,12.390000343322754,12.359999656677246,12.390000343322754,9.592838287353516,69500
2019-03-04,12.399999618530273,12.430000305175781,12.399999618530273,12.430000305175781,9.623807907104492,122300
2019-03-05,12.390000343322754,12.420000076293945,12.390000343322754,12.420000076293945,9.616069793701172,50700
2019-03-06,12.430000305175781,12.449999809265137,12.430000305175781,12.430000305175781,9.623807907104492,87700
2019-03-07,12.460000038146973,12.510000228881836,12.4399995803833,12.510000228881836,9.685748100280762,111000
2019-03-08,12.489999771118164,12.529999732971191,12.489999771118164,12.510000228881836,9.685748100280762,81000
2019-03-11,12.529999732971191,12.529999732971191,12.5,12.5,9.678007125854492,69300
2019-03-12,12.510000228881836,12.539999961853027,12.5,12.520000457763672,9.693490028381348,68800
2019-03-13,12.539999961853027,12.5600004196167,12.529999732971191,12.539999961853027,9.708977699279785,89400
2019-03-14,12.539999961853027,12.550000190734863,12.5,12.550000190734863,9.751713752746582,70300
2019-03-15,12.539999961853027,12.569999694824219,12.510000228881836,12.529999732971191,9.736169815063477,119800
2019-03-18,12.529999732971191,12.579999923706055,12.510000228881836,12.579999923706055,9.775023460388184,91000
2019-03-19,12.550000190734863,12.59000015258789,12.550000190734863,12.569999694824219,9.76724910736084,118700
2019-03-20,12.5600004196167,12.6899995803833,12.5600004196167,12.6899995803833,9.860491752624512,166800
2019-03-21,12.65999984741211,12.760000228881836,12.65999984741211,12.720000267028809,9.883805274963379,125800
2019-03-22,12.770000457763672,12.800000190734863,12.710000038146973,12.800000190734863,9.94597053527832,139300
2019-03-25,12.800000190734863,12.84000015258789,12.760000228881836,12.819999694824219,9.961505889892578,96400
2019-03-26,12.850000381469727,12.850000381469727,12.739999771118164,12.789999961853027,9.938197135925293,122000
2019-03-27,12.789999961853027,12.819999694824219,12.760000228881836,12.770000457763672,9.922658920288086,148900
2019-03-28,12.829999923706055,12.829999923706055,12.75,12.8100004196167,9.953741073608398,109300
2019-03-29,12.760000228881836,12.779999732971191,12.699999809265137,12.720000267028809,9.883805274963379,198800
2019-04-01,12.770000457763672,12.789999961853027,12.75,12.75,9.907114028930664,107700
2019-04-02,12.770000457763672,12.789999961853027,12.729999542236328,12.739999771118164,9.899346351623535,55700
2019-04-03,12.739999771118164,12.770000457763672,12.680000305175781,12.699999809265137,9.868266105651855,176300
2019-04-04,12.699999809265137,12.75,12.670000076293945,12.680000305175781,9.8527250289917,149100
2019-04-05,12.699999809265137,12.699999809265137,12.65999984741211,12.699999809265137,9.868266105651855,115600
2019-04-08,12.699999809265137,12.729999542236328,12.670000076293945,12.710000038146973,9.876035690307617,80200
2019-04-09,12.720000267028809,12.75,12.710000038146973,12.720000267028809,9.883805274963379,98500
2019-04-10,12.720000267028809,12.75,12.699999809265137,12.720000267028809,9.883805274963379,81000
2019-04-11,12.710000038146973,12.739999771118164,12.699999809265137,12.729999542236328,9.891579627990723,64000
2019-04-12,12.630000114440918,12.6899995803833,12.630000114440918,12.640000343322754,9.856487274169922,102800
2019-04-15,12.640000343322754,12.670000076293945,12.630000114440918,12.630000114440918,9.848685264587402,138300
2019-04-16,12.630000114440918,12.65999984741211,12.520000457763672,12.550000190734863,9.786311149597168,137500
2019-04-17,12.550000190734863,12.59000015258789,12.550000190734863,12.569999694824219,9.801898956298828,65900
2019-04-18,12.59000015258789,12.609999656677246,12.5600004196167,12.59000015258789,9.81749439239502,66000
2019-04-22,12.59000015258789,12.609999656677246,12.529999732971191,12.609999656677246,9.83309268951416,71800
2019-04-23,12.600000381469727,12.649999618530273,12.600000381469727,12.600000381469727,9.825295448303223,75600
2019-04-24,12.640000343322754,12.65999984741211,12.619999885559082,12.649999618530273,9.864285469055176,82700
2019-04-25,12.670000076293945,12.710000038146973,12.649999618530273,12.710000038146973,9.911072731018066,69400
2019-04-26,12.760000228881836,12.779999732971191,12.729999542236328,12.779999732971191,9.965658187866211,114300
2019-04-29,12.779999732971191,12.8100004196167,12.770000457763672,12.8100004196167,9.989049911499023,149200
2019-04-30,12.770000457763672,12.819999694824219,12.729999542236328,12.819999694824219,9.996843338012695,89700
2019-05-01,12.84000015258789,12.899999618530273,12.829999923706055,12.899999618530273,10.05923080444336,120700
2019-05-02,12.90999984741211,12.930000305175781,12.880000114440918,12.90999984741211,10.067024230957031,184600
2019-05-03,12.9399995803833,12.960000038146973,12.920000076293945,12.9399995803833,10.090420722961426,121900
2019-05-06,12.960000038146973,12.970000267028809,12.899999618530273,12.90999984741211,10.067024230957031,72300
2019-05-07,12.960000038146973,12.960000038146973,12.920000076293945,12.949999809265137,10.098221778869629,120600
2019-05-08,12.989999771118164,12.989999771118164,12.949999809265137,12.970000267028809,10.11381721496582,43700
2019-05-09,12.970000267028809,12.989999771118164,12.90999984741211,12.920000076293945,10.074822425842285,44400
2019-05-10,12.960000038146973,12.979999542236328,12.90999984741211,12.930000305175781,10.082624435424805,82300
2019-05-13,12.930000305175781,13.0,12.920000076293945,12.970000267028809,10.11381721496582,77100
2019-05-14,12.970000267028809,12.970000267028809,12.920000076293945,12.949999809265137,10.133379936218262,128600
2019-05-15,12.970000267028809,12.979999542236328,12.9399995803833,12.9399995803833,10.125551223754883,76300
2019-05-16,12.9399995803833,12.970000267028809,12.920000076293945,12.949999809265137,10.133379936218262,62400
2019-05-17,12.970000267028809,12.989999771118164,12.949999809265137,12.970000267028809,10.149030685424805,81000
2019-05-20,13.0,13.0,12.960000038146973,12.979999542236328,10.156853675842285,143600
2019-05-21,12.949999809265137,13.010000228881836,12.949999809265137,12.989999771118164,10.164676666259766,112300
2019-05-22,12.989999771118164,13.010000228881836,12.970000267028809,13.0,10.172503471374512,141300
2019-05-23,13.0,13.029999732971191,12.989999771118164,13.010000228881836,10.180329322814941,194900
2019-05-24,13.020000457763672,13.039999961853027,13.010000228881836,13.039999961853027,10.203801155090332,112400
2019-05-28,13.050000190734863,13.069999694824219,13.039999961853027,13.050000190734863,10.211626052856445,166100
2019-05-29,13.069999694824219,13.119999885559082,13.0600004196167,13.069999694824219,10.227279663085938,110200
2019-05-30,13.09000015258789,13.170000076293945,13.069999694824219,13.130000114440918,10.274229049682617,165600
2019-05-31,13.149999618530273,13.15999984741211,13.100000381469727,13.140000343322754,10.282051086425781,93900
2019-06-03,13.140000343322754,13.180000305175781,13.109999656677246,13.170000076293945,10.305527687072754,100900
2019-06-04,13.180000305175781,13.180000305175781,13.130000114440918,13.149999618530273,10.289876937866211,87600
2019-06-05,13.149999618530273,13.199999809265137,13.140000343322754,13.1899995803833,10.321179389953613,116800
2019-06-06,13.1899995803833,13.210000038146973,13.15999984741211,13.210000038146973,10.336831092834473,76100
2019-06-07,13.220000267028809,13.239999771118164,13.180000305175781,13.199999809265137,10.329004287719727,84600
2019-06-10,13.1899995803833,13.210000038146973,13.15999984741211,13.1899995803833,10.321179389953613,133900
2019-06-11,13.180000305175781,13.220000267028809,13.09000015258789,13.100000381469727,10.250754356384277,143200
2019-06-12,13.130000114440918,13.170000076293945,13.100000381469727,13.109999656677246,10.258578300476074,49500
2019-06-13,13.09000015258789,13.109999656677246,13.069999694824219,13.09000015258789,10.278207778930664,70400
2019-06-14,13.100000381469727,13.119999885559082,13.09000015258789,13.100000381469727,10.286060333251953,35700
2019-06-17,13.079999923706055,13.109999656677246,13.079999923706055,13.109999656677246,10.293912887573242,91000
2019-06-18,13.119999885559082,13.170000076293945,13.119999885559082,13.140000343322754,10.317468643188477,68100
2019-06-19,13.130000114440918,13.15999984741211,13.130000114440918,13.15999984741211,10.333171844482422,86400
2019-06-20,13.149999618530273,13.1899995803833,13.069999694824219,13.09000015258789,10.278207778930664,208100
2019-06-21,13.039999961853027,13.109999656677246,13.020000457763672,13.039999961853027,10.238945960998535,70300
2019-06-24,13.079999923706055,13.119999885559082,12.979999542236328,13.119999885559082,10.301764488220215,124100
2019-06-25,13.09000015258789,13.119999885559082,13.069999694824219,13.069999694824219,10.262510299682617,47500
2019-06-26,13.069999694824219,13.130000114440918,13.069999694824219,13.09000015258789,10.278207778930664,53300
2019-06-27,13.130000114440918,13.149999618530273,13.09000015258789,13.130000114440918,10.309612274169922,71700
2019-06-28,13.109999656677246,13.130000114440918,13.09000015258789,13.09000015258789,10.278207778930664,48900
2019-07-01,13.149999618530273,13.149999618530273,13.069999694824219,13.100000381469727,10.286060333251953,84100
2019-07-02,13.149999618530273,13.149999618530273,13.079999923706055,13.100000381469727,10.286060333251953,79600
2019-07-03,13.119999885559082,13.15999984741211,13.09000015258789,13.140000343322754,10.317468643188477,24500
2019-07-05,13.119999885559082,13.119999885559082,13.0600004196167,13.069999694824219,10.262510299682617,53100
2019-07-08,13.069999694824219,13.119999885559082,13.050000190734863,13.0600004196167,10.25465202331543,56400
2019-07-09,13.069999694824219,13.09000015258789,13.050000190734863,13.0600004196167,10.25465202331543,65000
2019-07-10,13.100000381469727,13.130000114440918,13.069999694824219,13.130000114440918,10.309612274169922,89000
2019-07-11,13.130000114440918,13.15999984741211,13.109999656677246,13.140000343322754,10.317468643188477,111500
2019-07-12,13.109999656677246,13.15999984741211,13.109999656677246,13.149999618530273,10.360800743103027,49000
2019-07-15,13.149999618530273,13.199999809265137,13.149999618530273,13.199999809265137,10.40019702911377,101700
2019-07-16,13.180000305175781,13.180000305175781,13.140000343322754,13.149999618530273,10.360800743103027,88700
2019-07-17,13.180000305175781,13.180000305175781,13.140000343322754,13.15999984741211,10.368680953979492,52200
2019-07-18,13.180000305175781,13.220000267028809,13.180000305175781,13.210000038146973,10.408080101013184,59100
2019-07-19,13.220000267028809,13.25,13.170000076293945,13.229999542236328,10.423834800720215,55600
2019-07-22,13.239999771118164,13.25,13.199999809265137,13.229999542236328,10.423834800720215,61200
2019-07-23,13.229999542236328,13.25,13.210000038146973,13.25,10.439589500427246,71800
2019-07-24,13.25,13.3100004196167,13.25,13.260000228881836,10.44747257232666,75100
2019-07-25,13.270000457763672,13.270000457763672,13.170000076293945,13.210000038146973,10.408080101013184,148800
2019-07-26,13.199999809265137,13.270000457763672,13.180000305175781,13.260000228881836,10.44747257232666,58000
2019-07-29,13.279999732971191,13.380000114440918,13.279999732971191,13.380000114440918,10.542015075683594,87700
2019-07-30,13.380000114440918,13.40999984741211,13.359999656677246,13.380000114440918,10.542015075683594,76800
2019-07-31,13.380000114440918,13.420000076293945,13.359999656677246,13.399999618530273,10.557775497436523,151800
2019-08-01,13.460000038146973,13.510000228881836,13.420000076293945,13.510000228881836,10.644439697265625,127700
2019-08-02,13.510000228881836,13.529999732971191,13.479999542236328,13.5,10.63656234741211,125100
2019-08-05,13.539999961853027,13.550000190734863,13.489999771118164,13.520000457763672,10.652321815490723,75700
2019-08-06,13.479999542236328,13.520000457763672,13.479999542236328,13.5,10.63656234741211,106900
2019-08-07,13.550000190734863,13.600000381469727,13.5,13.510000228881836,10.644439697265625,101700
2019-08-08,13.550000190734863,13.5600004196167,13.510000228881836,13.539999961853027,10.668078422546387,89100
2019-08-09,13.579999923706055,13.59000015258789,13.5,13.510000228881836,10.644439697265625,67500
2019-08-12,13.619999885559082,13.680000305175781,13.600000381469727,13.680000305175781,10.778388023376465,104700
2019-08-13,13.6899995803833,13.6899995803833,13.59000015258789,13.600000381469727,10.715353012084961,104000
2019-08-14,13.649999618530273,13.649999618530273,13.520000457763672,13.539999961853027,10.703496932983398,153600
2019-08-15,13.579999923706055,13.600000381469727,13.520000457763672,13.5600004196167,10.719305038452148,71100
2019-08-16,13.510000228881836,13.569999694824219,13.510000228881836,13.550000190734863,10.71140193939209,63800
2019-08-19,13.550000190734863,13.600000381469727,13.510000228881836,13.59000015258789,10.743022918701172,89200
2019-08-20,13.619999885559082,13.649999618530273,13.569999694824219,13.649999618530273,10.790449142456055,88500
2019-08-21,13.649999618530273,13.649999618530273,13.5600004196167,13.609999656677246,10.758832931518555,94000
2019-08-22,13.619999885559082,13.630000114440918,13.5600004196167,13.579999923706055,10.735116958618164,56900
2019-08-23,13.569999694824219,13.59000015258789,13.529999732971191,13.569999694824219,10.72721004486084,72700
2019-08-26,13.569999694824219,13.619999885559082,13.5600004196167,13.619999885559082,10.766739845275879,177300
2019-08-27,13.619999885559082,13.630000114440918,13.579999923706055,13.579999923706055,10.735116958618164,49000
2019-08-28,13.619999885559082,13.640000343322754,13.550000190734863,13.609999656677246,10.758832931518555,85300
2019-08-29,13.609999656677246,13.619999885559082,13.59000015258789,13.59000015258789,10.743022918701172,63800
2019-08-30,13.59000015258789,13.630000114440918,13.550000190734863,13.630000114440918,10.774640083312988,66400
2019-09-03,13.670000076293945,13.670000076293945,13.619999885559082,13.670000076293945,10.806262969970703,49800
2019-09-04,13.670000076293945,13.680000305175781,13.65999984741211,13.65999984741211,10.798355102539062,48700
2019-09-05,13.65999984741211,13.65999984741211,13.579999923706055,13.640000343322754,10.78254508972168,103100
2019-09-06,13.640000343322754,13.670000076293945,13.619999885559082,13.670000076293945,10.806262969970703,63700
2019-09-09,13.640000343322754,13.640000343322754,13.520000457763672,13.550000190734863,10.71140193939209,94700
2019-09-10,13.539999961853027,13.5600004196167,13.430000305175781,13.430000305175781,10.616540908813477,104300
2019-09-11,13.40999984741211,13.470000267028809,13.399999618530273,13.399999618530273,10.59282398223877,66700
2019-09-12,13.359999656677246,13.380000114440918,13.25,13.260000228881836,10.517473220825195,468900
2019-09-13,13.199999809265137,13.229999542236328,13.0600004196167,13.079999923706055,10.374698638916016,204300
2019-09-16,13.079999923706055,13.140000343322754,13.039999961853027,13.050000190734863,10.350903511047363,171600
2019-09-17,13.039999961853027,13.15999984741211,13.039999961853027,13.119999885559082,10.4064302444458,30400
2019-09-18,13.149999618530273,13.270000457763672,13.149999618530273,13.210000038146973,10.477816581726074,62700
2019-09-19,13.260000228881836,13.3100004196167,13.25,13.3100004196167,10.55713176727295,49700
2019-09-20,13.329999923706055,13.329999923706055,13.279999732971191,13.3100004196167,10.55713176727295,53700
2019-09-23,13.319999694824219,13.380000114440918,13.300000190734863,13.34000015258789,10.580925941467285,53400
2019-09-24,13.34000015258789,13.4399995803833,13.34000015258789,13.369999885559082,10.60472297668457,66100
2019-09-25,13.369999885559082,13.399999618530273,13.279999732971191,13.390000343322754,10.620582580566406,200100
2019-09-26,13.40999984741211,13.479999542236328,13.369999885559082,13.40999984741211,10.636449813842773,46900
2019-09-27,13.420000076293945,13.479999542236328,13.399999618530273,13.470000267028809,10.684041976928711,33700
2019-09-30,13.479999542236328,13.479999542236328,13.40999984741211,13.460000038146973,10.676107406616211,133700
2019-10-01,13.449999809265137,13.520000457763672,13.4399995803833,13.470000267028809,10.684041976928711,146800
2019-10-02,13.5,13.529999732971191,13.4399995803833,13.460000038146973,10.676107406616211,148300
2019-10-03,13.520000457763672,13.529999732971191,13.470000267028809,13.529999732971191,10.731629371643066,124700
2019-10-04,13.550000190734863,13.550000190734863,13.479999542236328,13.529999732971191,10.731629371643066,111000
2019-10-07,13.529999732971191,13.569999694824219,13.520000457763672,13.550000190734863,10.747493743896484,132400
2019-10-08,13.569999694824219,13.600000381469727,13.539999961853027,13.600000381469727,10.787155151367188,48900
2019-10-09,13.600000381469727,13.609999656677246,13.579999923706055,13.59000015258789,10.779221534729004,59800
2019-10-10,13.59000015258789,13.600000381469727,13.529999732971191,13.550000190734863,10.747493743896484,54000
2019-10-11,13.460000038146973,13.5,13.4399995803833,13.449999809265137,10.70372200012207,74200
2019-10-14,13.449999809265137,13.5,13.430000305175781,13.4399995803833,10.695765495300293,59700
2019-10-15,13.420000076293945,13.489999771118164,13.420000076293945,13.430000305175781,10.6878080368042,118100
2019-10-16,13.430000305175781,13.460000038146973,13.399999618530273,13.420000076293945,10.679852485656738,159100
2019-10-17,13.399999618530273,13.4399995803833,13.390000343322754,13.40999984741211,10.671891212463379,95700
2019-10-18,13.40999984741211,13.40999984741211,13.3100004196167,13.359999656677246,10.632099151611328,42700
2019-10-21,13.350000381469727,13.350000381469727,13.289999961853027,13.329999923706055,10.60822582244873,87100
2019-10-22,13.369999885559082,13.390000343322754,13.350000381469727,13.380000114440918,10.648016929626465,35800
2019-10-23,13.390000343322754,13.40999984741211,13.3100004196167,13.380000114440918,10.648016929626465,58700
2019-10-24,13.399999618530273,13.399999618530273,13.3100004196167,13.350000381469727,10.624139785766602,69900
2019-10-25,13.350000381469727,13.369999885559082,13.25,13.300000190734863,10.5843505859375,72900
2019-10-28,13.279999732971191,13.289999961853027,13.199999809265137,13.210000038146973,10.512731552124023,67900
2019-10-29,13.210000038146973,13.220000267028809,13.140000343322754,13.170000076293945,10.480896949768066,172600
2019-10-30,13.170000076293945,13.270000457763672,13.15999984741211,13.239999771118164,10.536604881286621,101800
2019-10-31,13.279999732971191,13.430000305175781,13.270000457763672,13.319999694824219,10.600266456604004,152200
2019-11-01,13.369999885559082,13.399999618530273,13.319999694824219,13.369999885559082,10.640057563781738,139500
2019-11-04,13.350000381469727,13.359999656677246,13.300000190734863,13.359999656677246,10.632099151611328,71000
2019-11-05,13.319999694824219,13.359999656677246,13.300000190734863,13.350000381469727,10.624139785766602,156700
2019-11-06,13.380000114440918,13.420000076293945,13.350000381469727,13.40999984741211,10.671891212463379,124600
2019-11-07,13.390000343322754,13.390000343322754,13.270000457763672,13.270000457763672,10.560477256774902,150500
2019-11-08,13.239999771118164,13.329999923706055,13.239999771118164,13.300000190734863,10.5843505859375,88400
2019-11-11,13.289999961853027,13.319999694824219,13.270000457763672,13.270000457763672,10.560477256774902,57200
2019-11-12,13.289999961853027,13.319999694824219,13.270000457763672,13.289999961853027,10.576395034790039,75400
2019-11-13,13.300000190734863,13.3100004196167,13.239999771118164,13.239999771118164,10.536604881286621,85600
2019-11-14,13.229999542236328,13.3100004196167,13.199999809265137,13.239999771118164,10.572537422180176,123700
2019-11-15,13.260000228881836,13.270000457763672,13.229999542236328,13.25,10.580519676208496,70200
2019-11-18,13.239999771118164,13.279999732971191,13.239999771118164,13.279999732971191,10.604477882385254,51800
2019-11-19,13.300000190734863,13.399999618530273,13.279999732971191,13.3100004196167,10.628435134887695,96000
2019-11-20,13.359999656677246,13.380000114440918,13.289999961853027,13.3100004196167,10.628435134887695,72200
2019-11-21,13.300000190734863,13.3100004196167,13.229999542236328,13.25,10.580519676208496,123400
2019-11-22,13.279999732971191,13.300000190734863,13.229999542236328,13.270000457763672,10.596491813659668,80200
2019-11-25,13.300000190734863,13.3100004196167,13.279999732971191,13.300000190734863,10.62044906616211,64000
2019-11-26,13.25,13.369999885559082,13.25,13.369999885559082,10.676342964172363,93800
2019-11-27,13.380000114440918,13.420000076293945,13.380000114440918,13.40999984741211,10.708287239074707,83700
2019-11-29,13.449999809265137,13.479999542236328,13.399999618530273,13.470000267028809,10.756197929382324,48000
2019-12-02,13.449999809265137,13.449999809265137,13.40999984741211,13.449999809265137,10.740225791931152,132600
2019-12-03,13.479999542236328,13.520000457763672,13.449999809265137,13.460000038146973,10.748213768005371,124600
2019-12-04,13.470000267028809,13.470000267028809,13.40999984741211,13.449999809265137,10.740225791931152,97900
2019-12-05,13.449999809265137,13.520000457763672,13.40999984741211,13.470000267028809,10.756197929382324,122100
2019-12-06,13.470000267028809,13.5,13.449999809265137,13.5,10.780153274536133,57600
2019-12-09,13.5,13.520000457763672,13.460000038146973,13.5,10.780153274536133,128700
2019-12-10,13.5,13.520000457763672,13.460000038146973,13.520000457763672,10.796126365661621,42300
2019-12-11,13.520000457763672,13.550000190734863,13.479999542236328,13.529999732971191,10.804110527038574,78900
2019-12-12,13.430000305175781,13.470000267028809,13.390000343322754,13.390000343322754,10.72799301147461,179000
2019-12-13,13.390000343322754,13.510000228881836,13.390000343322754,13.479999542236328,10.800103187561035,77300
2019-12-16,13.489999771118164,13.5,13.380000114440918,13.380000114440918,10.719986915588379,37000
2019-12-17,13.390000343322754,13.449999809265137,13.380000114440918,13.420000076293945,10.752035140991211,81700
2019-12-18,13.470000267028809,13.489999771118164,13.430000305175781,13.479999542236328,10.800103187561035,41600
2019-12-19,13.489999771118164,13.5,13.460000038146973,13.479999542236328,10.800103187561035,62600
2019-12-20,13.449999809265137,13.460000038146973,13.399999618530273,13.399999618530273,10.73600959777832,98900
2019-12-23,13.449999809265137,13.539999961853027,13.4399995803833,13.539999961853027,10.848174095153809,86800
2019-12-24,13.539999961853027,13.600000381469727,13.520000457763672,13.600000381469727,10.896248817443848,46600
2019-12-26,13.609999656677246,13.609999656677246,13.579999923706055,13.59000015258789,10.88823413848877,78900
2019-12-27,13.609999656677246,13.609999656677246,13.510000228881836,13.539999961853027,10.848174095153809,81600
2019-12-30,13.550000190734863,13.579999923706055,13.539999961853027,13.5600004196167,10.864198684692383,57300
2019-12-31,13.609999656677246,13.609999656677246,13.539999961853027,13.569999694824219,10.872211456298828,105800
2020-01-02,13.609999656677246,13.619999885559082,13.5600004196167,13.59000015258789,10.88823413848877,74500
2020-01-03,13.600000381469727,13.619999885559082,13.539999961853027,13.550000190734863,10.856189727783203,82200
2020-01-06,13.59000015258789,13.59000015258789,13.539999961853027,13.5600004196167,10.864198684692383,70100
2020-01-07,13.579999923706055,13.619999885559082,13.5600004196167,13.619999885559082,10.912273406982422,76600
2020-01-08,13.640000343322754,13.640000343322754,13.550000190734863,13.569999694824219,10.872211456298828,132900
2020-01-09,13.569999694824219,13.579999923706055,13.529999732971191,13.5600004196167,10.864198684692383,128900
2020-01-10,13.579999923706055,13.600000381469727,13.550000190734863,13.5600004196167,10.864198684692383,79800
2020-01-13,13.569999694824219,13.609999656677246,13.569999694824219,13.59000015258789,10.88823413848877,75200
2020-01-14,13.5600004196167,13.619999885559082,13.550000190734863,13.5600004196167,10.900293350219727,90800
2020-01-15,13.569999694824219,13.609999656677246,13.569999694824219,13.579999923706055,10.91637134552002,76300
2020-01-16,13.600000381469727,13.649999618530273,13.59000015258789,13.630000114440918,10.956563949584961,110400
2020-01-17,13.600000381469727,13.649999618530273,13.600000381469727,13.640000343322754,10.964601516723633,73200
2020-01-21,13.649999618530273,13.720000267028809,13.619999885559082,13.710000038146973,11.020873069763184,92500
2020-01-22,13.729999542236328,13.729999542236328,13.680000305175781,13.720000267028809,11.028914451599121,80300
2020-01-23,13.729999542236328,13.770000457763672,13.729999542236328,13.739999771118164,11.044986724853516,44500
2020-01-24,13.760000228881836,13.789999961853027,13.739999771118164,13.789999961853027,11.085180282592773,43700
2020-01-27,13.8100004196167,13.899999618530273,13.8100004196167,13.869999885559082,11.149490356445312,206900
2020-01-28,13.899999618530273,13.899999618530273,13.84000015258789,13.859999656677246,11.141448020935059,37400
2020-01-29,13.920000076293945,13.920000076293945,13.869999885559082,13.880000114440918,11.157525062561035,40200
2020-01-30,13.90999984741211,13.930000305175781,13.869999885559082,13.90999984741211,11.181646347045898,54000
2020-01-31,13.90999984741211,13.920000076293945,13.880000114440918,13.880000114440918,11.157525062561035,69200
2020-02-03,13.9399995803833,13.9399995803833,13.869999885559082,13.930000305175781,11.197720527648926,71900
2020-02-04,13.899999618530273,13.899999618530273,13.84000015258789,13.869999885559082,11.149490356445312,91400
2020-02-05,13.880000114440918,13.90999984741211,13.859999656677246,13.890000343322754,11.165569305419922,83100
2020-02-06,13.890000343322754,13.9399995803833,13.869999885559082,13.890000343322754,11.165569305419922,45500
2020-02-07,13.920000076293945,13.930000305175781,13.899999618530273,13.920000076293945,11.189682960510254,92300
2020-02-10,13.920000076293945,13.970000267028809,13.90999984741211,13.970000267028809,11.22987174987793,66700
2020-02-11,13.970000267028809,13.979999542236328,13.9399995803833,13.970000267028809,11.22987174987793,94000
2020-02-12,13.970000267028809,13.970000267028809,13.949999809265137,13.960000038146973,11.221834182739258,49400
2020-02-13,13.90999984741211,13.930000305175781,13.899999618530273,13.90999984741211,11.217805862426758,79700
2020-02-14,13.930000305175781,13.930000305175781,13.90999984741211,13.90999984741211,11.217805862426758,92100
2020-02-18,13.920000076293945,13.920000076293945,13.869999885559082,13.899999618530273,11.209738731384277,66100
2020-02-19,13.890000343322754,13.960000038146973,13.890000343322754,13.960000038146973,11.258123397827148,44600
2020-02-20,13.960000038146973,13.979999542236328,13.949999809265137,13.949999809265137,11.25006103515625,23200
2020-02-21,13.9399995803833,13.989999771118164,13.9399995803833,13.979999542236328,11.274249076843262,68600
2020-02-24,13.979999542236328,14.0,13.970000267028809,14.0,11.290387153625488,101200
2020-02-25,14.0,14.039999961853027,13.979999542236328,13.989999771118164,11.282320022583008,64900
2020-02-26,13.979999542236328,14.010000228881836,13.949999809265137,13.960000038146973,11.258123397827148,55300
2020-02-27,13.979999542236328,13.979999542236328,13.899999618530273,13.930000305175781,11.233933448791504,160700
2020-02-28,13.869999885559082,13.90999984741211,13.680000305175781,13.720000267028809,11.064579963684082,798500
2020-03-02,13.850000381469727,13.869999885559082,13.779999732971191,13.8100004196167,11.137157440185547,183400
2020-03-03,13.8100004196167,13.9399995803833,13.8100004196167,13.899999618530273,11.209738731384277,106000
2020-03-04,13.960000038146973,14.029999732971191,13.899999618530273,13.979999542236328,11.274249076843262,83100
2020-03-05,13.989999771118164,13.989999771118164,13.899999618530273,13.90999984741211,11.217805862426758,68700
2020-03-06,13.90999984741211,13.970000267028809,13.90999984741211,13.949999809265137,11.25006103515625,362400
2020-03-09,13.869999885559082,13.869999885559082,13.739999771118164,13.800000190734863,11.129095077514648,509000
2020-03-10,13.8100004196167,13.859999656677246,13.75,13.789999961853027,11.121027946472168,635200
2020-03-11,13.75,13.859999656677246,13.449999809265137,13.5,10.887157440185547,893000
2020-03-12,13.100000381469727,13.180000305175781,12.0,12.699999809265137,10.276246070861816,783900
2020-03-13,13.010000228881836,13.25,12.670000076293945,12.800000190734863,10.357160568237305,301400
2020-03-16,12.300000190734863,12.319999694824219,11.569999694824219,11.970000267028809,9.685566902160645,459300
2020-03-17,12.010000228881836,12.289999961853027,11.960000038146973,12.09000015258789,9.782662391662598,489400
2020-03-18,11.880000114440918,11.899999618530273,10.0,10.949999809265137,8.860228538513184,1282600
2020-03-19,10.420000076293945,11.229999542236328,10.399999618530273,11.079999923706055,8.965415954589844,540400
2020-03-20,11.109999656677246,11.949999809265137,11.109999656677246,11.539999961853027,9.337627410888672,518500
2020-03-23,11.520000457763672,11.539999961853027,10.65999984741211,10.729999542236328,8.682215690612793,424100
2020-03-24,10.930000305175781,11.420000076293945,10.920000076293945,11.329999923706055,9.167705535888672,344300
2020-03-25,11.25,12.140000343322754,11.25,12.050000190734863,9.750299453735352,220900
2020-03-26,12.15999984741211,12.680000305175781,12.15999984741211,12.529999732971191,10.138687133789062,297000
2020-03-27,12.369999885559082,12.520000457763672,12.279999732971191,12.449999809265137,10.073958396911621,250300
2020-03-30,12.489999771118164,12.569999694824219,12.4399995803833,12.539999961853027,10.14677906036377,979200
2020-03-31,12.510000228881836,12.5600004196167,12.390000343322754,12.5,10.114411354064941,295600
2020-04-01,12.4399995803833,12.470000267028809,12.010000228881836,12.0600004196167,9.758387565612793,322100
2020-04-02,12.0,12.0600004196167,11.890000343322754,11.970000267028809,9.685566902160645,286900
2020-04-03,11.829999923706055,11.970000267028809,11.6899995803833,11.739999771118164,9.499456405639648,238100
2020-04-06,11.850000381469727,12.010000228881836,11.819999694824219,11.979999542236328,9.69365119934082,179400
2020-04-07,12.119999885559082,12.25,12.029999732971191,12.199999809265137,9.871667861938477,294800
2020-04-08,12.1899995803833,12.319999694824219,12.1899995803833,12.319999694824219,9.968768119812012,227400
2020-04-09,12.470000267028809,12.789999961853027,12.470000267028809,12.640000343322754,10.22769546508789,309700
2020-04-13,12.640000343322754,12.640000343322754,12.369999885559082,12.380000114440918,10.017314910888672,207500
2020-04-14,12.420000076293945,12.489999771118164,12.369999885559082,12.489999771118164,10.14319133758545,275800
2020-04-15,12.40999984741211,12.569999694824219,12.40999984741211,12.529999732971191,10.175679206848145,136500
2020-04-16,12.5600004196167,12.5600004196167,12.420000076293945,12.479999542236328,10.1350736618042,224600
2020-04-17,12.520000457763672,12.520000457763672,12.430000305175781,12.489999771118164,10.14319133758545,235600
2020-04-20,12.489999771118164,12.489999771118164,12.369999885559082,12.40999984741211,10.07822322845459,177200
2020-04-21,12.300000190734863,12.390000343322754,12.25,12.329999923706055,10.013257026672363,157300
2020-04-22,12.329999923706055,12.350000381469727,12.25,12.25,9.948285102844238,188100
2020-04-23,12.279999732971191,12.279999732971191,12.100000381469727,12.109999656677246,9.834592819213867,214900
2020-04-24,12.109999656677246,12.109999656677246,11.899999618530273,11.970000267028809,9.720900535583496,297100
2020-04-27,11.90999984741211,11.960000038146973,11.649999618530273,11.710000038146973,9.509750366210938,1119600
2020-04-28,11.739999771118164,11.850000381469727,11.699999809265137,11.789999961853027,9.574718475341797,477300
2020-04-29,11.90999984741211,11.979999542236328,11.829999923706055,11.920000076293945,9.680292129516602,201300
2020-04-30,11.90999984741211,11.979999542236328,11.880000114440918,11.949999809265137,9.704655647277832,172200
2020-05-01,11.949999809265137,12.0600004196167,11.949999809265137,12.029999732971191,9.769625663757324,156800
2020-05-04,12.029999732971191,12.0600004196167,11.970000267028809,12.050000190734863,9.785869598388672,198600
2020-05-05,12.119999885559082,12.149999618530273,12.0600004196167,12.140000343322754,9.858957290649414,177900
2020-05-06,12.119999885559082,12.180000305175781,12.100000381469727,12.180000305175781,9.891441345214844,109000
2020-05-07,12.220000267028809,12.3100004196167,12.210000038146973,12.25,9.948285102844238,123400
2020-05-08,12.3100004196167,12.3100004196167,12.25,12.289999961853027,9.980769157409668,78500
2020-05-11,12.25,12.300000190734863,12.239999771118164,12.270000457763672,9.964530944824219,115900
2020-05-12,12.279999732971191,12.329999923706055,12.279999732971191,12.3100004196167,9.997014045715332,59400
2020-05-13,12.279999732971191,12.3100004196167,12.239999771118164,12.239999771118164,9.940169334411621,187300
2020-05-14,12.069999694824219,12.210000038146973,12.069999694824219,12.130000114440918,9.887182235717773,193100
2020-05-15,12.130000114440918,12.170000076293945,12.100000381469727,12.149999618530273,9.903485298156738,104600
2020-05-18,12.170000076293945,12.1899995803833,12.119999885559082,12.140000343322754,9.89533519744873,77500
2020-05-19,12.130000114440918,12.1899995803833,12.130000114440918,12.15999984741211,9.911636352539062,139300
2020-05-20,12.1899995803833,12.260000228881836,12.1899995803833,12.260000228881836,9.993144035339355,92300
2020-05-21,12.300000190734863,12.34000015258789,12.289999961853027,12.34000015258789,10.058357238769531,79200
2020-05-22,12.390000343322754,12.430000305175781,12.350000381469727,12.430000305175781,10.131712913513184,109100
2020-05-26,12.4399995803833,12.5,12.4399995803833,12.489999771118164,10.180620193481445,101000
2020-05-27,12.510000228881836,12.600000381469727,12.510000228881836,12.5600004196167,10.237679481506348,96600
2020-05-28,12.619999885559082,12.6899995803833,12.59000015258789,12.680000305175781,10.335489273071289,179000
2020-05-29,12.699999809265137,12.789999961853027,12.699999809265137,12.789999961853027,10.425151824951172,109100
2020-06-01,12.829999923706055,12.880000114440918,12.8100004196167,12.84000015258789,10.465907096862793,114500
2020-06-02,12.819999694824219,12.899999618530273,12.800000190734863,12.869999885559082,10.490361213684082,244700
2020-06-03,12.869999885559082,12.90999984741211,12.8100004196167,12.90999984741211,10.522968292236328,153600
2020-06-04,12.930000305175781,12.9399995803833,12.859999656677246,12.899999618530273,10.514813423156738,91400
2020-06-05,12.899999618530273,12.979999542236328,12.819999694824219,12.869999885559082,10.490361213684082,116300
2020-06-08,12.930000305175781,12.9399995803833,12.880000114440918,12.9399995803833,10.547419548034668,161900
2020-06-09,12.899999618530273,12.979999542236328,12.899999618530273,12.930000305175781,10.539267539978027,160400
2020-06-10,12.899999618530273,12.9399995803833,12.899999618530273,12.9399995803833,10.547419548034668,117300
2020-06-11,12.920000076293945,12.930000305175781,12.770000457763672,12.8100004196167,10.44145393371582,94600
2020-06-12,12.899999618530273,12.899999618530273,12.760000228881836,12.819999694824219,10.488910675048828,78300
2020-06-15,12.779999732971191,12.800000190734863,12.6899995803833,12.779999732971191,10.456182479858398,154700
2020-06-16,12.8100004196167,12.850000381469727,12.779999732971191,12.829999923706055,10.497086524963379,86500
2020-06-17,12.84000015258789,12.850000381469727,12.760000228881836,12.789999961853027,10.464362144470215,91700
2020-06-18,12.789999961853027,12.800000190734863,12.75,12.779999732971191,10.456182479858398,109100
2020-06-19,12.800000190734863,12.800000190734863,12.729999542236328,12.75,10.431633949279785,86100
2020-06-22,12.720000267028809,12.770000457763672,12.720000267028809,12.760000228881836,10.439817428588867,84400
2020-06-23,12.779999732971191,12.819999694824219,12.760000228881836,12.8100004196167,10.48072624206543,67000
2020-06-24,12.84000015258789,12.84000015258789,12.75,12.779999732971191,10.456182479858398,120600
2020-06-25,12.789999961853027,12.850000381469727,12.779999732971191,12.850000381469727,10.51345443725586,204600
2020-06-26,12.850000381469727,12.880000114440918,12.800000190734863,12.8100004196167,10.48072624206543,82600
2020-06-29,12.84000015258789,12.850000381469727,12.800000190734863,12.8100004196167,10.48072624206543,42400
2020-06-30,12.800000190734863,12.890000343322754,12.800000190734863,12.880000114440918,10.537997245788574,96400
2020-07-01,12.970000267028809,12.979999542236328,12.880000114440918,12.899999618530273,10.554360389709473,118200
2020-07-02,12.930000305175781,12.970000267028809,12.890000343322754,12.90999984741211,10.562548637390137,109700
2020-07-06,12.949999809265137,12.949999809265137,12.899999618530273,12.920000076293945,10.570723533630371,47500
2020-07-07,12.9399995803833,12.960000038146973,12.899999618530273,12.949999809265137,10.595271110534668,91800
2020-07-08,12.949999809265137,13.039999961853027,12.949999809265137,12.989999771118164,10.627995491027832,78400
2020-07-09,13.010000228881836,13.029999732971191,12.979999542236328,13.0,10.636174201965332,81300
2020-07-10,12.989999771118164,13.050000190734863,12.989999771118164,13.050000190734863,10.677085876464844,76100
2020-07-13,13.0600004196167,13.100000381469727,13.050000190734863,13.09000015258789,10.709814071655273,124000
2020-07-14,13.069999694824219,13.069999694824219,12.970000267028809,13.050000190734863,10.71638298034668,133600
2020-07-15,13.0,13.0600004196167,12.989999771118164,13.029999732971191,10.699958801269531,53800
2020-07-16,13.029999732971191,13.039999961853027,12.979999542236328,13.010000228881836,10.683531761169434,72800
2020-07-17,13.0,13.100000381469727,12.979999542236328,13.0600004196167,10.724592208862305,109500
2020-07-20,13.050000190734863,13.130000114440918,13.029999732971191,13.109999656677246,10.765650749206543,149200
2020-07-21,13.140000343322754,13.140000343322754,13.0600004196167,13.100000381469727,10.757440567016602,124000
2020-07-22,13.069999694824219,13.149999618530273,13.0600004196167,13.119999885559082,10.773866653442383,120800
2020-07-23,13.119999885559082,13.119999885559082,13.09000015258789,13.119999885559082,10.773866653442383,78600
2020-07-24,13.140000343322754,13.149999618530273,13.09000015258789,13.149999618530273,10.798500061035156,42400
2020-07-27,13.140000343322754,13.180000305175781,13.119999885559082,13.180000305175781,10.823135375976562,68700
2020-07-28,13.180000305175781,13.210000038146973,13.140000343322754,13.149999618530273,10.798500061035156,77300
2020-07-29,13.170000076293945,13.25,13.170000076293945,13.25,10.880617141723633,84200
2020-07-30,13.210000038146973,13.270000457763672,13.210000038146973,13.25,10.880617141723633,66900
2020-07-31,13.210000038146973,13.25,13.210000038146973,13.25,10.880617141723633,63900
2020-08-03,13.270000457763672,13.289999961853027,13.239999771118164,13.270000457763672,10.897041320800781,211600
2020-08-04,13.279999732971191,13.329999923706055,13.279999732971191,13.319999694824219,10.938097953796387,84200
2020-08-05,13.319999694824219,13.380000114440918,13.319999694824219,13.380000114440918,10.987373352050781,52400
2020-08-06,13.390000343322754,13.40999984741211,13.380000114440918,13.40999984741211,11.012004852294922,47200
2020-08-07,13.369999885559082,13.479999542236328,13.369999885559082,13.470000267028809,11.061279296875,97600
2020-08-10,13.479999542236328,13.489999771118164,13.399999618530273,13.460000038146973,11.05306625366211,123300
2020-08-11,13.5,13.520000457763672,13.430000305175781,13.449999809265137,11.044852256774902,64700
2020-08-12,13.449999809265137,13.470000267028809,13.399999618530273,13.40999984741211,11.012004852294922,101000
2020-08-13,13.359999656677246,13.399999618530273,13.3100004196167,13.3100004196167,10.96915340423584,80600
2020-08-14,13.329999923706055,13.359999656677246,13.260000228881836,13.270000457763672,10.936185836791992,65300
2020-08-17,13.289999961853027,13.329999923706055,13.260000228881836,13.289999961853027,10.952667236328125,120400
2020-08-18,13.279999732971191,13.319999694824219,13.260000228881836,13.289999961853027,10.952667236328125,118500
2020-08-19,13.329999923706055,13.329999923706055,13.260000228881836,13.289999961853027,10.952667236328125,40500
2020-08-20,13.289999961853027,13.289999961853027,13.229999542236328,13.229999542236328,10.903220176696777,83300
2020-08-21,13.229999542236328,13.279999732971191,13.149999618530273,13.1899995803833,10.870258331298828,138400
2020-08-24,13.180000305175781,13.229999542236328,13.140000343322754,13.140000343322754,10.82905387878418,94200
2020-08-25,13.130000114440918,13.130000114440918,13.050000190734863,13.100000381469727,10.796085357666016,59900
2020-08-26,13.0600004196167,13.100000381469727,12.989999771118164,13.020000457763672,10.730154991149902,131000
2020-08-27,13.020000457763672,13.020000457763672,12.970000267028809,12.979999542236328,10.697187423706055,98400
2020-08-28,13.050000190734863,13.09000015258789,13.0,13.039999961853027,10.746639251708984,67900
2020-08-31,13.079999923706055,13.149999618530273,13.069999694824219,13.100000381469727,10.796085357666016,89200
2020-09-01,13.149999618530273,13.180000305175781,12.890000343322754,13.109999656677246,10.804325103759766,192900
2020-09-02,13.119999885559082,13.130000114440918,13.050000190734863,13.050000190734863,10.754878044128418,117200
2020-09-03,13.069999694824219,13.09000015258789,12.979999542236328,13.0,10.713668823242188,174800
2020-09-04,12.930000305175781,12.979999542236328,12.880000114440918,12.899999618530273,10.631260871887207,116300
2020-09-08,12.899999618530273,12.899999618530273,12.859999656677246,12.869999885559082,10.606536865234375,56600
2020-09-09,12.899999618530273,12.960000038146973,12.899999618530273,12.949999809265137,10.672467231750488,60200
2020-09-10,12.989999771118164,13.0,12.920000076293945,12.949999809265137,10.672467231750488,72900
2020-09-11,12.970000267028809,13.039999961853027,12.949999809265137,12.970000267028809,10.688950538635254,66900
2020-09-14,12.9399995803833,12.989999771118164,12.869999885559082,12.920000076293945,10.68729305267334,104100
2020-09-15,12.90999984741211,12.960000038146973,12.859999656677246,12.880000114440918,10.654205322265625,73900
2020-09-16,12.890000343322754,12.90999984741211,12.859999656677246,12.890000343322754,10.662479400634766,49200
2020-09-17,12.890000343322754,12.920000076293945,12.850000381469727,12.859999656677246,10.637659072875977,141800
2020-09-18,12.880000114440918,12.890000343322754,12.850000381469727,12.850000381469727,10.62939167022705,153400
2020-09-21,12.880000114440918,12.880000114440918,12.819999694824219,12.829999923706055,10.612847328186035,175500
2020-09-22,12.819999694824219,12.850000381469727,12.8100004196167,12.829999923706055,10.612847328186035,61800
2020-09-23,12.829999923706055,12.829999923706055,12.8100004196167,12.8100004196167,10.596303939819336,132900
2020-09-24,12.8100004196167,12.819999694824219,12.800000190734863,12.8100004196167,10.596303939819336,86300
2020-09-25,12.84000015258789,12.859999656677246,12.579999923706055,12.859999656677246,10.637659072875977,183800
2020-09-28,12.869999885559082,12.920000076293945,12.869999885559082,12.90999984741211,10.679023742675781,123300
2020-09-29,12.930000305175781,12.930000305175781,12.84000015258789,12.859999656677246,10.637659072875977,123500
2020-09-30,12.84000015258789,12.890000343322754,12.84000015258789,12.859999656677246,10.637659072875977,82900
2020-10-01,12.90999984741211,12.90999984741211,12.829999923706055,12.859999656677246,10.637659072875977,169400
2020-10-02,12.8100004196167,12.880000114440918,12.770000457763672,12.880000114440918,10.654205322265625,119700
2020-10-05,12.90999984741211,12.90999984741211,12.84000015258789,12.859999656677246,10.637659072875977,107800
2020-10-06,12.859999656677246,12.880000114440918,12.8100004196167,12.819999694824219,10.604572296142578,61700
2020-10-07,12.829999923706055,12.880000114440918,12.829999923706055,12.869999885559082,10.645936965942383,230400
2020-10-08,12.890000343322754,12.9399995803833,12.859999656677246,12.9399995803833,10.703835487365723,269500
2020-10-09,12.949999809265137,12.979999542236328,12.890000343322754,12.979999542236328,10.736924171447754,72300
2020-10-12,12.979999542236328,13.010000228881836,12.970000267028809,13.0,10.753470420837402,78200
2020-10-13,13.0,13.029999732971191,12.989999771118164,13.010000228881836,10.761741638183594,110200
2020-10-14,12.989999771118164,13.029999732971191,12.949999809265137,13.0,10.793286323547363,90300
2020-10-15,12.960000038146973,13.020000457763672,12.949999809265137,12.979999542236328,10.776683807373047,33100
2020-10-16,12.960000038146973,12.970000267028809,12.920000076293945,12.9399995803833,10.743474006652832,88100
2020-10-19,12.949999809265137,13.0,12.9399995803833,12.989999771118164,10.784985542297363,63600
2020-10-20,12.970000267028809,13.010000228881836,12.930000305175781,12.979999542236328,10.776683807373047,93500
2020-10-21,12.970000267028809,13.0,12.9399995803833,12.9399995803833,10.743474006652832,48600
2020-10-22,12.970000267028809,12.970000267028809,12.899999618530273,12.930000305175781,10.735176086425781,202600
2020-10-23,12.920000076293945,12.949999809265137,12.90999984741211,12.930000305175781,10.735176086425781,123500
2020-10-26,12.899999618530273,12.930000305175781,12.829999923706055,12.850000381469727,10.668754577636719,81900
2020-10-27,12.899999618530273,12.899999618530273,12.84000015258789,12.890000343322754,10.70196533203125,98700
2020-10-28,12.850000381469727,12.850000381469727,12.770000457763672,12.779999732971191,10.610635757446289,75800
2020-10-29,12.760000228881836,12.829999923706055,12.760000228881836,12.800000190734863,10.627241134643555,50700
2020-10-30,12.770000457763672,12.84000015258789,12.760000228881836,12.800000190734863,10.627241134643555,85400
2020-11-02,12.869999885559082,12.880000114440918,12.800000190734863,12.880000114440918,10.6936616897583,105900
2020-11-03,12.9399995803833,12.9399995803833,12.859999656677246,12.920000076293945,10.7268705368042,112300
2020-11-04,12.930000305175781,13.020000457763672,12.930000305175781,12.989999771118164,10.784985542297363,113400
2020-11-05,13.010000228881836,13.069999694824219,12.989999771118164,13.0,10.793286323547363,164400
2020-11-06,13.039999961853027,13.069999694824219,13.029999732971191,13.050000190734863,10.834802627563477,142500
2020-11-09,13.1899995803833,13.199999809265137,13.050000190734863,13.069999694824219,10.851408004760742,175700
2020-11-10,13.100000381469727,13.109999656677246,13.050000190734863,13.0600004196167,10.843107223510742,66400
2020-11-11,13.0600004196167,13.079999923706055,13.050000190734863,13.050000190734863,10.834802627563477,60300
2020-11-12,13.010000228881836,13.050000190734863,12.979999542236328,12.989999771118164,10.824800491333008,73600
2020-11-13,13.0,13.039999961853027,13.0,13.020000457763672,10.849801063537598,34300
2020-11-16,13.079999923706055,13.100000381469727,13.029999732971191,13.0600004196167,10.883136749267578,60000
2020-11-17,13.0600004196167,13.119999885559082,13.039999961853027,13.119999885559082,10.933136940002441,130800
2020-11-18,13.100000381469727,13.130000114440918,13.0600004196167,13.069999694824219,10.891468048095703,121100
2020-11-19,13.069999694824219,13.130000114440918,13.069999694824219,13.109999656677246,10.924800872802734,122900
2020-11-20,13.109999656677246,13.119999885559082,13.069999694824219,13.079999923706055,10.899803161621094,92500
2020-11-23,13.100000381469727,13.119999885559082,13.050000190734863,13.069999694824219,10.891468048095703,135000
2020-11-24,13.100000381469727,13.130000114440918,13.079999923706055,13.100000381469727,10.91646957397461,171800
2020-11-25,13.140000343322754,13.149999618530273,13.109999656677246,13.140000343322754,10.949801445007324,133600
2020-11-27,13.15999984741211,13.229999542236328,13.140000343322754,13.199999809265137,10.999800682067871,34200
2020-11-30,13.239999771118164,13.239999771118164,13.170000076293945,13.199999809265137,10.999800682067871,89900
2020-12-01,13.25,13.270000457763672,13.199999809265137,13.229999542236328,11.024798393249512,131700
2020-12-02,13.229999542236328,13.25,13.199999809265137,13.239999771118164,11.03313159942627,75300
2020-12-03,13.25,13.300000190734863,13.239999771118164,13.289999961853027,11.074800491333008,114900
2020-12-04,13.279999732971191,13.329999923706055,13.279999732971191,13.3100004196167,11.09146499633789,49300
2020-12-07,13.300000190734863,13.390000343322754,13.279999732971191,13.300000190734863,11.083131790161133,161600
2020-12-08,13.329999923706055,13.399999618530273,13.329999923706055,13.359999656677246,11.13313102722168,67400
2020-12-09,13.359999656677246,13.430000305175781,13.350000381469727,13.359999656677246,11.13313102722168,90400
2020-12-10,13.359999656677246,13.380000114440918,13.359999656677246,13.369999885559082,11.141463279724121,59000
2020-12-11,13.390000343322754,13.40999984741211,13.380000114440918,13.40999984741211,11.174798965454102,188800
2020-12-14,13.369999885559082,13.399999618530273,13.319999694824219,13.34000015258789,11.156397819519043,107000
2020-12-15,13.329999923706055,13.390000343322754,13.300000190734863,13.350000381469727,11.164761543273926,112600
2020-12-16,13.329999923706055,13.359999656677246,13.279999732971191,13.289999961853027,11.114585876464844,162700
2020-12-17,13.3100004196167,13.3100004196167,13.25,13.279999732971191,11.106219291687012,162600
2020-12-18,13.300000190734863,13.359999656677246,13.279999732971191,13.319999694824219,11.139673233032227,106900
2020-12-21,13.34000015258789,13.390000343322754,13.319999694824219,13.380000114440918,11.189849853515625,215700
2020-12-22,13.380000114440918,13.380000114440918,13.34000015258789,13.359999656677246,11.173124313354492,292800
2020-12-23,13.380000114440918,13.420000076293945,13.319999694824219,13.319999694824219,11.139673233032227,90800
2020-12-24,13.350000381469727,13.4399995803833,13.350000381469727,13.4399995803833,11.240030288696289,49900
2020-12-28,13.420000076293945,13.449999809265137,13.40999984741211,13.430000305175781,11.23166561126709,178300
2020-12-29,13.430000305175781,13.489999771118164,13.430000305175781,13.470000267028809,11.265120506286621,125200
2020-12-30,13.479999542236328,13.529999732971191,13.430000305175781,13.5,11.290206909179688,119600
2020-12-31,13.579999923706055,13.65999984741211,13.390000343322754,13.529999732971191,11.31529712677002,485800
2021-01-04,13.550000190734863,13.550000190734863,13.430000305175781,13.489999771118164,11.281845092773438,64900
2021-01-05,13.460000038146973,13.550000190734863,13.460000038146973,13.5,11.290206909179688,189000
2021-01-06,13.5,13.569999694824219,13.399999618530273,13.399999618530273,11.206578254699707,228700
2021-01-07,13.40999984741211,13.430000305175781,13.329999923706055,13.34000015258789,11.156397819519043,248400
2021-01-08,13.359999656677246,13.380000114440918,13.319999694824219,13.369999885559082,11.181489944458008,101700
2021-01-11,13.350000381469727,13.350000381469727,13.270000457763672,13.289999961853027,11.114585876464844,137600
2021-01-12,13.3100004196167,13.3100004196167,13.279999732971191,13.3100004196167,11.13131046295166,102400
2021-01-13,13.300000190734863,13.40999984741211,13.300000190734863,13.399999618530273,11.206578254699707,93900
2021-01-14,13.420000076293945,13.420000076293945,13.329999923706055,13.369999885559082,11.221688270568848,299400
2021-01-15,13.40999984741211,13.40999984741211,13.359999656677246,13.369999885559082,11.221688270568848,66400
2021-01-19,13.369999885559082,13.420000076293945,13.300000190734863,13.329999923706055,11.188109397888184,83900
2021-01-20,13.359999656677246,13.420000076293945,13.329999923706055,13.390000343322754,11.238469123840332,98100
2021-01-21,13.420000076293945,13.460000038146973,13.399999618530273,13.449999809265137,11.288829803466797,106200
2021-01-22,13.470000267028809,13.520000457763672,13.470000267028809,13.5,11.330794334411621,76000
2021-01-25,13.489999771118164,13.5,13.470000267028809,13.479999542236328,11.314007759094238,60900
2021-01-26,13.510000228881836,13.59000015258789,13.489999771118164,13.579999923706055,11.397941589355469,129000
2021-01-27,13.550000190734863,13.630000114440918,13.550000190734863,13.5600004196167,11.381155014038086,130400
2021-01-28,13.600000381469727,13.720000267028809,13.59000015258789,13.720000267028809,11.515448570251465,182700
2021-01-29,13.710000038146973,13.710000038146973,13.640000343322754,13.699999809265137,11.49866008758545,124300
2021-02-01,13.75,13.75,13.6899995803833,13.710000038146973,11.507051467895508,156600
2021-02-02,13.680000305175781,13.75,13.65999984741211,13.720000267028809,11.515448570251465,134200
2021-02-03,13.739999771118164,13.75,13.6899995803833,13.75,11.540627479553223,825600
2021-02-04,13.75,13.760000228881836,13.729999542236328,13.75,11.540627479553223,94300
2021-02-05,13.729999542236328,13.770000457763672,13.729999542236328,13.75,11.540627479553223,134600
2021-02-08,13.779999732971191,13.8100004196167,13.739999771118164,13.8100004196167,11.590983390808105,162200
2021-02-09,13.789999961853027,13.899999618530273,13.739999771118164,13.850000381469727,11.62456226348877,196200
2021-02-10,13.859999656677246,13.869999885559082,13.8100004196167,13.819999694824219,11.599376678466797,82500
2021-02-11,13.819999694824219,13.819999694824219,13.739999771118164,13.779999732971191,11.606114387512207,495700
2021-02-12,13.789999961853027,13.800000190734863,13.739999771118164,13.770000457763672,11.597692489624023,94600
2021-02-16,13.75,13.75,13.670000076293945,13.720000267028809,11.555581092834473,269300
2021-02-17,13.720000267028809,13.729999542236328,13.670000076293945,13.6899995803833,11.530312538146973,60300
2021-02-18,13.670000076293945,13.680000305175781,13.609999656677246,13.630000114440918,11.479779243469238,139600
2021-02-19,13.630000114440918,13.649999618530273,13.59000015258789,13.619999885559082,11.471358299255371,329200
2021-02-22,13.640000343322754,13.640000343322754,13.5,13.550000190734863,11.412402153015137,125500
2021-02-23,13.489999771118164,13.5,13.399999618530273,13.430000305175781,11.311326026916504,253400
2021-02-24,13.380000114440918,13.579999923706055,13.359999656677246,13.569999694824219,11.429242134094238,817600
2021-02-25,13.529999732971191,13.5600004196167,13.3100004196167,13.350000381469727,11.243950843811035,144200
2021-02-26,13.369999885559082,13.4399995803833,13.300000190734863,13.4399995803833,11.319755554199219,119700
2021-03-01,13.520000457763672,13.550000190734863,13.460000038146973,13.510000228881836,11.37870979309082,82800
2021-03-02,13.5,13.529999732971191,13.460000038146973,13.460000038146973,11.336601257324219,77200
2021-03-03,13.460000038146973,13.470000267028809,13.380000114440918,13.420000076293945,11.302908897399902,159700
2021-03-04,13.4399995803833,13.449999809265137,13.380000114440918,13.40999984741211,11.294487953186035,158900
2021-03-05,13.430000305175781,13.4399995803833,13.380000114440918,13.430000305175781,11.311326026916504,77600
2021-03-08,13.430000305175781,13.449999809265137,13.369999885559082,13.390000343322754,11.277640342712402,92000
2021-03-09,13.4399995803833,13.460000038146973,13.420000076293945,13.430000305175781,11.311326026916504,118600
2021-03-10,13.430000305175781,13.5,13.430000305175781,13.470000267028809,11.345019340515137,223900
2021-03-11,13.470000267028809,13.5600004196167,13.470000267028809,13.520000457763672,11.38713264465332,54600
2021-03-12,13.489999771118164,13.489999771118164,13.399999618530273,13.4399995803833,11.360085487365723,65300
2021-03-15,13.399999618530273,13.449999809265137,13.399999618530273,13.420000076293945,11.343178749084473,177300
2021-03-16,13.449999809265137,13.460000038146973,13.399999618530273,13.4399995803833,11.360085487365723,67300
2021-03-17,13.430000305175781,13.4399995803833,13.380000114440918,13.420000076293945,11.343178749084473,73800
2021-03-18,13.369999885559082,13.430000305175781,13.359999656677246,13.420000076293945,11.343178749084473,85900
2021-03-19,13.4399995803833,13.460000038146973,13.380000114440918,13.430000305175781,11.351631164550781,68100
2021-03-22,13.420000076293945,13.4399995803833,13.399999618530273,13.40999984741211,11.33472728729248,63000
2021-03-23,13.390000343322754,13.399999618530273,13.359999656677246,13.359999656677246,11.292461395263672,93700
2021-03-24,13.399999618530273,13.4399995803833,13.380000114440918,13.4399995803833,11.360085487365723,48200
2021-03-25,13.479999542236328,13.479999542236328,13.40999984741211,13.430000305175781,11.351631164550781,64800
2021-03-26,13.40999984741211,13.470000267028809,13.40999984741211,13.4399995803833,11.360085487365723,66600
2021-03-29,13.470000267028809,13.5600004196167,13.460000038146973,13.550000190734863,11.4530611038208,82600
2021-03-30,13.59000015258789,13.609999656677246,13.550000190734863,13.600000381469727,11.495325088500977,38700
2021-03-31,13.630000114440918,13.680000305175781,13.619999885559082,13.649999618530273,11.537586212158203,33800
2021-04-01,13.75,13.760000228881836,13.680000305175781,13.720000267028809,11.596752166748047,142500
2021-04-05,13.729999542236328,13.789999961853027,13.609999656677246,13.630000114440918,11.520682334899902,99200
2021-04-06,13.630000114440918,13.649999618530273,13.600000381469727,13.619999885559082,11.512229919433594,76100
2021-04-07,13.640000343322754,13.670000076293945,13.619999885559082,13.649999618530273,11.537586212158203,29900
2021-04-08,13.65999984741211,13.739999771118164,13.649999618530273,13.729999542236328,11.605205535888672,54100
2021-04-09,13.75,13.75,13.710000038146973,13.739999771118164,11.613658905029297,42800
2021-04-12,13.760000228881836,13.779999732971191,13.739999771118164,13.770000457763672,11.639013290405273,33500
2021-04-13,13.75,13.859999656677246,13.75,13.850000381469727,11.706631660461426,48000
2021-04-14,13.850000381469727,13.850000381469727,13.789999961853027,13.829999923706055,11.730384826660156,58200
2021-04-15,13.850000381469727,13.890000343322754,13.84000015258789,13.859999656677246,11.755827903747559,34000
2021-04-16,13.850000381469727,13.859999656677246,13.760000228881836,13.760000228881836,11.671010971069336,138800
2021-04-19,13.779999732971191,13.779999732971191,13.720000267028809,13.760000228881836,11.671010971069336,64200
2021-04-20,13.789999961853027,13.789999961853027,13.680000305175781,13.710000038146973,11.628602981567383,95600
2021-04-21,13.710000038146973,13.729999542236328,13.699999809265137,13.729999542236328,11.645565032958984,36500
2021-04-22,13.729999542236328,13.760000228881836,13.6899995803833,13.75,11.662530899047852,50600
2021-04-23,13.729999542236328,13.819999694824219,13.699999809265137,13.779999732971191,11.687976837158203,54500
2021-04-26,13.789999961853027,13.84000015258789,13.760000228881836,13.779999732971191,11.687976837158203,64100
2021-04-27,13.789999961853027,13.850000381469727,13.760000228881836,13.800000190734863,11.704936981201172,46300
2021-04-28,13.789999961853027,13.84000015258789,13.770000457763672,13.84000015258789,11.738866806030273,64800
2021-04-29,13.829999923706055,13.859999656677246,13.789999961853027,13.819999694824219,11.721901893615723,68000
2021-04-30,13.800000190734863,13.859999656677246,13.789999961853027,13.84000015258789,11.738866806030273,171800
2021-05-03,13.890000343322754,13.899999618530273,13.84000015258789,13.880000114440918,11.772793769836426,98000
2021-05-04,13.880000114440918,13.899999618530273,13.829999923706055,13.880000114440918,11.772793769836426,73600
2021-05-05,13.920000076293945,13.960000038146973,13.890000343322754,13.890000343322754,11.78127384185791,105800
2021-05-06,13.920000076293945,13.989999771118164,13.920000076293945,13.930000305175781,11.815205574035645,100600
2021-05-07,13.979999542236328,14.039999961853027,13.9399995803833,13.960000038146973,11.840648651123047,89400
2021-05-10,13.960000038146973,14.020000457763672,13.949999809265137,13.949999809265137,11.832164764404297,118700
2021-05-11,13.970000267028809,13.970000267028809,13.949999809265137,13.960000038146973,11.840648651123047,47000
2021-05-12,13.930000305175781,13.960000038146973,13.819999694824219,13.84000015258789,11.738866806030273,83000
2021-05-13,13.779999732971191,13.869999885559082,13.779999732971191,13.789999961853027,11.737164497375488,86600
2021-05-14,13.800000190734863,13.800000190734863,13.770000457763672,13.779999732971191,11.728654861450195,89500
2021-05-17,13.789999961853027,13.800000190734863,13.760000228881836,13.779999732971191,11.728654861450195,103800
2021-05-18,13.770000457763672,13.8100004196167,13.770000457763672,13.8100004196167,11.754185676574707,71800
2021-05-19,13.84000015258789,13.850000381469727,13.789999961853027,13.829999923706055,11.771208763122559,53100
2021-05-20,13.84000015258789,13.850000381469727,13.800000190734863,13.84000015258789,11.7797212600708,74500
2021-05-21,13.880000114440918,13.880000114440918,13.789999961853027,13.8100004196167,11.754185676574707,89900
2021-05-24,13.869999885559082,13.880000114440918,13.8100004196167,13.819999694824219,11.762696266174316,57700
2021-05-25,13.859999656677246,13.880000114440918,13.819999694824219,13.869999885559082,11.805252075195312,42800
2021-05-26,13.90999984741211,13.90999984741211,13.869999885559082,13.880000114440918,11.813766479492188,118900
2021-05-27,13.899999618530273,13.899999618530273,13.850000381469727,13.869999885559082,11.805252075195312,96400
2021-05-28,13.90999984741211,13.960000038146973,13.90999984741211,13.949999809265137,11.873342514038086,619000
2021-06-01,14.0,14.0,13.9399995803833,13.949999809265137,11.873342514038086,90500
2021-06-02,13.949999809265137,14.010000228881836,13.949999809265137,13.970000267028809,11.89037036895752,248500
2021-06-03,13.989999771118164,14.010000228881836,13.970000267028809,14.0,11.915901184082031,416400
2021-06-04,14.010000228881836,14.010000228881836,13.970000267028809,14.0,11.915901184082031,96000
2021-06-07,14.020000457763672,14.020000457763672,13.979999542236328,14.020000457763672,11.9329252243042,53900
2021-06-08,14.050000190734863,14.079999923706055,14.029999732971191,14.050000190734863,11.958460807800293,123100
2021-06-09,14.069999694824219,14.09000015258789,14.029999732971191,14.029999732971191,11.941433906555176,48100
2021-06-10,14.069999694824219,14.100000381469727,14.050000190734863,14.100000381469727,12.001015663146973,89100
2021-06-11,14.140000343322754,14.149999618530273,14.119999885559082,14.140000343322754,12.03506088256836,70000
2021-06-14,14.09000015258789,14.100000381469727,14.050000190734863,14.050000190734863,11.99919319152832,60300
2021-06-15,14.069999694824219,14.100000381469727,14.050000190734863,14.0600004196167,12.007731437683105,65800
2021-06-16,14.0600004196167,14.100000381469727,14.020000457763672,14.050000190734863,11.99919319152832,166200
2021-06-17,14.069999694824219,14.100000381469727,14.020000457763672,14.0600004196167,12.007731437683105,43600
2021-06-18,14.029999732971191,14.09000015258789,14.029999732971191,14.069999694824219,12.01627254486084,99300
2021-06-21,14.069999694824219,14.140000343322754,14.0600004196167,14.09000015258789,12.033353805541992,74500
2021-06-22,14.119999885559082,14.119999885559082,14.069999694824219,14.079999923706055,12.024811744689941,46400
2021-06-23,14.109999656677246,14.109999656677246,14.050000190734863,14.100000381469727,12.04189395904541,55400
2021-06-24,14.109999656677246,14.119999885559082,14.079999923706055,14.109999656677246,12.050433158874512,42500
2021-06-25,14.100000381469727,14.109999656677246,14.069999694824219,14.09000015258789,12.033353805541992,47300
2021-06-28,14.100000381469727,14.130000114440918,14.09000015258789,14.119999885559082,12.058972358703613,63000
2021-06-29,14.119999885559082,14.170000076293945,14.109999656677246,14.149999618530273,12.084593772888184,88700
2021-06-30,14.130000114440918,14.199999809265137,14.130000114440918,14.1899995803833,12.118757247924805,76100
2021-07-01,14.210000038146973,14.229999542236328,14.15999984741211,14.220000267028809,12.144376754760742,169300
2021-07-02,14.199999809265137,14.239999771118164,14.180000305175781,14.199999809265137,12.127294540405273,74800
2021-07-06,14.1899995803833,14.229999542236328,14.1899995803833,14.229999542236328,12.152920722961426,70200
2021-07-07,14.229999542236328,14.239999771118164,14.220000267028809,14.239999771118164,12.161456108093262,30200
2021-07-08,14.239999771118164,14.270000457763672,14.229999542236328,14.270000457763672,12.187079429626465,72700
2021-07-09,14.270000457763672,14.329999923706055,14.270000457763672,14.3100004196167,12.221240997314453,70600
2021-07-12,14.329999923706055,14.369999885559082,14.3100004196167,14.359999656677246,12.263941764831543,67200
2021-07-13,14.350000381469727,14.380000114440918,14.34000015258789,14.369999885559082,12.272482872009277,67300
2021-07-14,14.359999656677246,14.369999885559082,14.300000190734863,14.329999923706055,12.279340744018555,114000
2021-07-15,14.34000015258789,14.34000015258789,14.3100004196167,14.319999694824219,12.270767211914062,80300
2021-07-16,14.3100004196167,14.3100004196167,14.229999542236328,14.260000228881836,12.219358444213867,58700
2021-07-19,14.25,14.289999961853027,14.180000305175781,14.210000038146973,12.176512718200684,90900
2021-07-20,14.210000038146973,14.239999771118164,14.180000305175781,14.1899995803833,12.159372329711914,53700
2021-07-21,14.25,14.25,14.130000114440918,14.140000343322754,12.11652660369873,92800
2021-07-22,14.130000114440918,14.149999618530273,14.119999885559082,14.140000343322754,12.11652660369873,75600
2021-07-23,14.180000305175781,14.180000305175781,13.899999618530273,14.119999885559082,12.099390983581543,73600
2021-07-26,14.149999618530273,14.180000305175781,14.119999885559082,14.130000114440918,12.107961654663086,48700
2021-07-27,14.149999618530273,14.180000305175781,14.100000381469727,14.140000343322754,12.11652660369873,62500
2021-07-28,14.149999618530273,14.260000228881836,14.119999885559082,14.25,12.210784912109375,62400
2021-07-29,14.289999961853027,14.359999656677246,14.289999961853027,14.359999656677246,12.305045127868652,72800
2021-07-30,14.350000381469727,14.359999656677246,14.329999923706055,14.329999923706055,12.279340744018555,42200
2021-08-02,14.369999885559082,14.369999885559082,14.34000015258789,14.359999656677246,12.305045127868652,52500
2021-08-03,14.359999656677246,14.40999984741211,14.359999656677246,14.399999618530273,12.339320182800293,43000
2021-08-04,14.399999618530273,14.430000305175781,14.390000343322754,14.420000076293945,12.35645866394043,30400
2021-08-05,14.430000305175781,14.449999809265137,14.390000343322754,14.420000076293945,12.35645866394043,99500
2021-08-06,14.40999984741211,14.420000076293945,14.359999656677246,14.399999618530273,12.339320182800293,49000
2021-08-09,14.390000343322754,14.430000305175781,14.380000114440918,14.390000343322754,12.330751419067383,51900
2021-08-10,14.420000076293945,14.430000305175781,14.40999984741211,14.430000305175781,12.365026473999023,44700
2021-08-11,14.430000305175781,14.449999809265137,14.390000343322754,14.40999984741211,12.347892761230469,35600
2021-08-12,14.369999885559082,14.380000114440918,14.289999961853027,14.300000190734863,12.294586181640625,66400
2021-08-13,14.3100004196167,14.34000015258789,14.260000228881836,14.300000190734863,12.294586181640625,112200
2021-08-16,14.3100004196167,14.350000381469727,14.289999961853027,14.34000015258789,12.328974723815918,92500
2021-08-17,14.350000381469727,14.380000114440918,14.3100004196167,14.359999656677246,12.346171379089355,72200
2021-08-18,14.359999656677246,14.380000114440918,14.289999961853027,14.289999961853027,12.285987854003906,64000
2021-08-19,14.300000190734863,14.369999885559082,14.289999961853027,14.3100004196167,12.303183555603027,49100
2021-08-20,14.300000190734863,14.350000381469727,14.25,14.25,12.251594543457031,73100
2021-08-23,14.300000190734863,14.3100004196167,14.199999809265137,14.260000228881836,12.260196685791016,108800
2021-08-24,14.3100004196167,14.3100004196167,14.260000228881836,14.289999961853027,12.285987854003906,35100
2021-08-25,14.270000457763672,14.300000190734863,14.260000228881836,14.279999732971191,12.277387619018555,86900
2021-08-26,14.300000190734863,14.300000190734863,14.229999542236328,14.260000228881836,12.260196685791016,603900
2021-08-27,14.239999771118164,14.260000228881836,14.1899995803833,14.220000267028809,12.225801467895508,85100
2021-08-30,14.239999771118164,14.25,14.180000305175781,14.1899995803833,12.20001220703125,72600
2021-08-31,14.210000038146973,14.220000267028809,14.170000076293945,14.1899995803833,12.20001220703125,157800
2021-09-01,14.210000038146973,14.210000038146973,14.170000076293945,14.199999809265137,12.208603858947754,264400
2021-09-02,14.199999809265137,14.199999809265137,14.170000076293945,14.170000076293945,12.182812690734863,101700
2021-09-03,14.170000076293945,14.170000076293945,14.079999923706055,14.09000015258789,12.114034652709961,125300
2021-09-07,14.09000015258789,14.09000015258789,13.84000015258789,13.880000114440918,11.93348503112793,207300
2021-09-08,13.899999618530273,13.960000038146973,13.899999618530273,13.9399995803833,11.98507022857666,161600
2021-09-09,13.979999542236328,14.039999961853027,13.970000267028809,14.020000457763672,12.053851127624512,169000
2021-09-10,14.039999961853027,14.050000190734863,13.970000267028809,14.020000457763672,12.053851127624512,89000
2021-09-13,14.039999961853027,14.039999961853027,14.010000228881836,14.039999961853027,12.07104778289795,82100
2021-09-14,14.010000228881836,14.010000228881836,13.970000267028809,13.989999771118164,12.069319725036621,83000
2021-09-15,14.039999961853027,14.0600004196167,14.020000457763672,14.050000190734863,12.121084213256836,102400
2021-09-16,14.069999694824219,14.079999923706055,13.970000267028809,13.970000267028809,12.052069664001465,144600
2021-09-17,13.970000267028809,14.010000228881836,13.960000038146973,13.970000267028809,12.052069664001465,47000
2021-09-20,13.949999809265137,13.989999771118164,13.930000305175781,13.9399995803833,12.026185989379883,117000
2021-09-21,13.960000038146973,13.989999771118164,13.90999984741211,13.930000305175781,12.017559051513672,181100
2021-09-22,13.970000267028809,13.989999771118164,13.949999809265137,13.989999771118164,12.069319725036621,81100
2021-09-23,14.029999732971191,14.029999732971191,13.9399995803833,13.970000267028809,12.052069664001465,177100
2021-09-24,13.979999542236328,14.0,13.9399995803833,13.949999809265137,12.034811973571777,97500
2021-09-27,13.920000076293945,13.930000305175781,13.890000343322754,13.890000343322754,11.983049392700195,159300
2021-09-28,13.850000381469727,13.850000381469727,13.739999771118164,13.739999771118164,11.853642463684082,209100
2021-09-29,13.779999732971191,13.84000015258789,13.75,13.84000015258789,11.939913749694824,99500
2021-09-30,13.890000343322754,13.890000343322754,13.800000190734863,13.829999923706055,11.93128776550293,131300
2021-10-01,13.90999984741211,13.90999984741211,13.789999961853027,13.829999923706055,11.93128776550293,65800
2021-10-04,13.829999923706055,13.949999809265137,13.819999694824219,13.9399995803833,12.026185989379883,116400
2021-10-05,13.960000038146973,13.960000038146973,13.869999885559082,13.890000343322754,11.983049392700195,58900
2021-10-06,13.920000076293945,14.0,13.869999885559082,13.970000267028809,12.052069664001465,90700
2021-10-07,13.899999618530273,13.989999771118164,13.890000343322754,13.899999618530273,11.991678237915039,99800
2021-10-08,13.90999984741211,13.90999984741211,13.84000015258789,13.880000114440918,11.974424362182617,37600
2021-10-11,13.899999618530273,13.949999809265137,13.880000114440918,13.890000343322754,11.983049392700195,41000
2021-10-12,13.880000114440918,13.9399995803833,13.880000114440918,13.920000076293945,12.008934020996094,35700
2021-10-13,13.949999809265137,13.989999771118164,13.930000305175781,13.970000267028809,12.052069664001465,24900
2021-10-14,13.9399995803833,13.989999771118164,13.920000076293945,13.930000305175781,12.058992385864258,70800
2021-10-15,13.899999618530273,13.9399995803833,13.899999618530273,13.90999984741211,12.041680335998535,43000
2021-10-18,13.90999984741211,13.90999984741211,13.84000015258789,13.880000114440918,12.015707969665527,59000
2021-10-19,13.899999618530273,13.90999984741211,13.779999732971191,13.789999961853027,11.937796592712402,67400
2021-10-20,13.770000457763672,13.819999694824219,13.699999809265137,13.779999732971191,11.92913818359375,98500
2021-10-21,13.75,13.75,13.640000343322754,13.65999984741211,11.82525634765625,113300
2021-10-22,13.699999809265137,13.779999732971191,13.65999984741211,13.6899995803833,11.851225852966309,93700
2021-10-25,13.710000038146973,13.75,13.609999656677246,13.609999656677246,11.781972885131836,121300
2021-10-26,13.609999656677246,13.630000114440918,13.510000228881836,13.59000015258789,11.764659881591797,132100
2021-10-27,13.619999885559082,13.649999618530273,13.569999694824219,13.630000114440918,11.799285888671875,88000
2021-10-28,13.65999984741211,13.65999984741211,13.550000190734863,13.640000343322754,11.807941436767578,88800
2021-10-29,13.579999923706055,13.699999809265137,13.539999961853027,13.65999984741211,11.82525634765625,110800
2021-11-01,13.65999984741211,13.729999542236328,13.65999984741211,13.720000267028809,11.877196311950684,87600
2021-11-02,13.699999809265137,13.779999732971191,13.699999809265137,13.760000228881836,11.911827087402344,72900
2021-11-03,13.779999732971191,13.819999694824219,13.720000267028809,13.760000228881836,11.911827087402344,84200
2021-11-04,13.789999961853027,13.8100004196167,13.75,13.789999961853027,11.937796592712402,65700
2021-11-05,13.84000015258789,13.90999984741211,13.84000015258789,13.90999984741211,12.041680335998535,121300
2021-11-08,13.960000038146973,14.0,13.9399995803833,13.960000038146973,12.08496379852295,134900
2021-11-09,13.979999542236328,13.989999771118164,13.949999809265137,13.989999771118164,12.110930442810059,34600
2021-11-10,13.989999771118164,14.0,13.779999732971191,13.800000190734863,11.946454048156738,71000
2021-11-11,13.819999694824219,13.899999618530273,13.819999694824219,13.829999923706055,11.972423553466797,58500
2021-11-12,13.8100004196167,13.829999923706055,13.779999732971191,13.829999923706055,12.014120101928711,54300
2021-11-15,13.850000381469727,13.850000381469727,13.760000228881836,13.8100004196167,11.996748924255371,63000
2021-11-16,13.829999923706055,13.829999923706055,13.75,13.760000228881836,11.953311920166016,55700
2021-11-17,13.779999732971191,13.800000190734863,13.6899995803833,13.729999542236328,11.927252769470215,94800
2021-11-18,13.770000457763672,13.800000190734863,13.710000038146973,13.710000038146973,11.909876823425293,97200
2021-11-19,13.710000038146973,13.75,13.710000038146973,13.729999542236328,11.927252769470215,99800
2021-11-22,13.760000228881836,13.760000228881836,13.710000038146973,13.729999542236328,11.927252769470215,54400
2021-11-23,13.729999542236328,13.760000228881836,13.710000038146973,13.760000228881836,11.953311920166016,63100
2021-11-24,13.770000457763672,13.800000190734863,13.729999542236328,13.760000228881836,11.953311920166016,33600
2021-11-26,13.760000228881836,13.770000457763672,13.710000038146973,13.75,11.944623947143555,36700
2021-11-29,13.75,13.850000381469727,13.75,13.829999923706055,12.014120101928711,80000
2021-11-30,13.800000190734863,13.880000114440918,13.739999771118164,13.819999694824219,12.005433082580566,98200
2021-12-01,13.930000305175781,13.9399995803833,13.800000190734863,13.819999694824219,12.005433082580566,68900
2021-12-02,13.850000381469727,13.850000381469727,13.600000381469727,13.649999618530273,11.857754707336426,198000
2021-12-03,13.65999984741211,13.670000076293945,13.569999694824219,13.59000015258789,11.805635452270508,212200
2021-12-06,13.630000114440918,13.65999984741211,13.600000381469727,13.619999885559082,11.831694602966309,71800
2021-12-07,13.640000343322754,13.729999542236328,13.630000114440918,13.65999984741211,11.86644172668457,100500
2021-12-08,13.6899995803833,13.800000190734863,13.670000076293945,13.770000457763672,11.96200180053711,84600
2021-12-09,13.789999961853027,13.800000190734863,13.720000267028809,13.720000267028809,11.918564796447754,69000
2021-12-10,13.729999542236328,13.789999961853027,13.729999542236328,13.779999732971191,11.970686912536621,34500
2021-12-13,13.789999961853027,13.819999694824219,13.770000457763672,13.779999732971191,11.970686912536621,135200
2021-12-14,13.720000267028809,13.720000267028809,13.630000114440918,13.640000343322754,11.890484809875488,88700
2021-12-15,13.680000305175781,13.720000267028809,13.630000114440918,13.65999984741211,11.90792179107666,69400
2021-12-16,13.65999984741211,13.760000228881836,13.65999984741211,13.6899995803833,11.934072494506836,54700
2021-12-17,13.670000076293945,13.789999961853027,13.670000076293945,13.75,11.986377716064453,48600
2021-12-20,13.699999809265137,13.779999732971191,13.699999809265137,13.720000267028809,11.960223197937012,75900
2021-12-21,13.680000305175781,13.739999771118164,13.65999984741211,13.6899995803833,11.934072494506836,89900
2021-12-22,13.729999542236328,13.829999923706055,13.699999809265137,13.789999961853027,12.021245002746582,70500
2021-12-23,13.770000457763672,13.850000381469727,13.770000457763672,13.8100004196167,12.038680076599121,51300
2021-12-27,13.850000381469727,13.859999656677246,13.779999732971191,13.800000190734863,12.029962539672852,29100
2021-12-28,13.8100004196167,13.8100004196167,13.770000457763672,13.789999961853027,12.021245002746582,67100
2021-12-29,13.800000190734863,13.800000190734863,13.739999771118164,13.789999961853027,12.021245002746582,157700
2021-12-30,13.779999732971191,13.800000190734863,13.739999771118164,13.779999732971191,12.012528419494629,145700
2021-12-31,13.8100004196167,13.850000381469727,13.75,13.789999961853027,12.021245002746582,110400
2022-01-03,13.789999961853027,13.8100004196167,13.710000038146973,13.720000267028809,11.960223197937012,100300
2022-01-04,13.710000038146973,13.800000190734863,13.670000076293945,13.6899995803833,11.934072494506836,107300
2022-01-05,13.720000267028809,13.739999771118164,13.65999984741211,13.670000076293945,11.916637420654297,64900
2022-01-06,13.65999984741211,13.720000267028809,13.619999885559082,13.720000267028809,11.960223197937012,124700
2022-01-07,13.720000267028809,13.729999542236328,13.630000114440918,13.65999984741211,11.90792179107666,87100
2022-01-10,13.65999984741211,13.6899995803833,13.609999656677246,13.670000076293945,11.916637420654297,68800
2022-01-11,13.65999984741211,13.65999984741211,13.600000381469727,13.619999885559082,11.873051643371582,84500
2022-01-12,13.609999656677246,13.640000343322754,13.569999694824219,13.600000381469727,11.855615615844727,104300
2022-01-13,13.579999923706055,13.600000381469727,13.489999771118164,13.510000228881836,11.818873405456543,69500
2022-01-14,13.5,13.5,13.359999656677246,13.369999885559082,11.696395874023438,109600
2022-01-18,13.34000015258789,13.359999656677246,13.130000114440918,13.149999618530273,11.503939628601074,250500
2022-01-19,13.15999984741211,13.199999809265137,13.029999732971191,13.119999885559082,11.477694511413574,213400
2022-01-20,13.149999618530273,13.260000228881836,13.050000190734863,13.0600004196167,11.425204277038574,160300
2022-01-21,13.069999694824219,13.130000114440918,13.020000457763672,13.109999656677246,11.468945503234863,164800
2022-01-24,13.100000381469727,13.100000381469727,13.010000228881836,13.09000015258789,11.451447486877441,134900
2022-01-25,13.050000190734863,13.229999542236328,13.029999732971191,13.180000305175781,11.53018569946289,124600
2022-01-26,13.220000267028809,13.279999732971191,13.109999656677246,13.140000343322754,11.49518871307373,137200
2022-01-27,13.170000076293945,13.199999809265137,12.989999771118164,12.989999771118164,11.363965034484863,107400
2022-01-28,13.020000457763672,13.069999694824219,12.970000267028809,13.0,11.372715950012207,84000
2022-01-31,12.970000267028809,13.069999694824219,12.949999809265137,13.020000457763672,11.390209197998047,66200
2022-02-01,13.079999923706055,13.199999809265137,13.029999732971191,13.149999618530273,11.503939628601074,74500
2022-02-02,13.180000305175781,13.329999923706055,13.15999984741211,13.260000228881836,11.600170135498047,236500
2022-02-03,13.140000343322754,13.180000305175781,13.029999732971191,13.029999732971191,11.398958206176758,74700
2022-02-04,13.010000228881836,13.0600004196167,12.949999809265137,12.949999809265137,11.328972816467285,112700
2022-02-07,12.979999542236328,13.100000381469727,12.9399995803833,13.029999732971191,11.398958206176758,99800
2022-02-08,13.020000457763672,13.109999656677246,12.930000305175781,13.010000228881836,11.381463050842285,115000
2022-02-09,13.039999961853027,13.069999694824219,12.8100004196167,12.989999771118164,11.363965034484863,66100
2022-02-10,12.989999771118164,13.020000457763672,12.829999923706055,12.829999923706055,11.223995208740234,166000
2022-02-11,12.829999923706055,12.829999923706055,12.569999694824219,12.65999984741211,11.075273513793945,363000
2022-02-14,12.619999885559082,12.619999885559082,12.460000038146973,12.489999771118164,10.968140602111816,217600
2022-02-15,12.510000228881836,12.779999732971191,12.460000038146973,12.680000305175781,11.134987831115723,321600
2022-02-16,12.630000114440918,12.699999809265137,12.539999961853027,12.65999984741211,11.117425918579102,1012500
2022-02-17,12.710000038146973,12.770000457763672,12.59000015258789,12.630000114440918,11.091083526611328,189800
2022-02-18,12.630000114440918,12.729999542236328,12.630000114440918,12.680000305175781,11.134987831115723,45400
2022-02-22,12.680000305175781,12.680000305175781,12.550000190734863,12.5600004196167,11.029610633850098,55500
2022-02-23,12.550000190734863,12.609999656677246,12.520000457763672,12.550000190734863,11.020829200744629,60700
2022-02-24,12.539999961853027,12.649999618530273,12.5,12.579999923706055,11.047172546386719,125400
2022-02-25,12.579999923706055,12.6899995803833,12.579999923706055,12.640000343322754,11.099859237670898,128200
2022-02-28,12.640000343322754,12.720000267028809,12.579999923706055,12.6899995803833,11.143768310546875,124600
2022-03-01,12.75,12.859999656677246,12.6899995803833,12.739999771118164,11.187675476074219,154100
2022-03-02,12.75,12.770000457763672,12.59000015258789,12.59000015258789,11.05595588684082,122300
2022-03-03,12.619999885559082,12.680000305175781,12.59000015258789,12.649999618530273,11.108643531799316,44500
2022-03-04,12.649999618530273,12.699999809265137,12.579999923706055,12.649999618530273,11.108643531799316,98700
2022-03-07,12.609999656677246,12.649999618530273,12.5,12.5,10.976921081542969,120300
2022-03-08,12.479999542236328,12.539999961853027,12.399999618530273,12.510000228881836,10.98570442199707,75400
2022-03-09,12.539999961853027,12.539999961853027,12.40999984741211,12.40999984741211,10.897886276245117,103700
2022-03-10,12.40999984741211,12.4399995803833,12.319999694824219,12.359999656677246,10.853978157043457,98100
2022-03-11,12.319999694824219,12.369999885559082,12.270000457763672,12.270000457763672,10.774945259094238,29200
2022-03-14,12.210000038146973,12.210000038146973,12.050000190734863,12.069999694824219,10.64094066619873,104000
2022-03-15,12.119999885559082,12.180000305175781,12.020000457763672,12.039999961853027,10.614493370056152,74500
2022-03-16,12.069999694824219,12.149999618530273,11.949999809265137,12.010000228881836,10.588044166564941,80400
2022-03-17,12.0,12.079999923706055,11.960000038146973,12.039999961853027,10.614493370056152,130200
2022-03-18,12.100000381469727,12.100000381469727,12.020000457763672,12.039999961853027,10.614493370056152,106000
2022-03-21,12.0,12.010000228881836,11.9399995803833,11.979999542236328,10.56159496307373,104900
2022-03-22,11.979999542236328,12.020000457763672,11.949999809265137,12.010000228881836,10.588044166564941,194800
2022-03-23,11.970000267028809,12.069999694824219,11.970000267028809,12.050000190734863,10.623307228088379,104400
2022-03-24,12.039999961853027,12.039999961853027,11.970000267028809,11.970000267028809,10.552781105041504,101400
2022-03-25,11.989999771118164,11.989999771118164,11.890000343322754,11.9399995803833,10.526335716247559,103600
2022-03-28,11.930000305175781,11.930000305175781,11.890000343322754,11.90999984741211,10.499881744384766,123700
2022-03-29,11.90999984741211,12.020000457763672,11.890000343322754,11.9399995803833,10.526335716247559,129200
2022-03-30,11.9399995803833,12.109999656677246,11.9399995803833,12.029999732971191,10.60567855834961,61100
2022-03-31,12.0600004196167,12.140000343322754,12.029999732971191,12.140000343322754,10.702651977539062,108000
2022-04-01,12.180000305175781,12.180000305175781,12.069999694824219,12.130000114440918,10.693838119506836,1677000
2022-04-04,12.079999923706055,12.130000114440918,12.020000457763672,12.079999923706055,10.649757385253906,141900
2022-04-05,12.050000190734863,12.109999656677246,11.920000076293945,11.920000076293945,10.50870132446289,112800
2022-04-06,11.920000076293945,11.9399995803833,11.869999885559082,11.869999885559082,10.464620590209961,118700
2022-04-07,11.850000381469727,11.90999984741211,11.779999732971191,11.779999732971191,10.38527774810791,72500
2022-04-08,11.710000038146973,11.75,11.680000305175781,11.720000267028809,10.332379341125488,100300
2022-04-11,11.6899995803833,11.720000267028809,11.59000015258789,11.600000381469727,10.22658634185791,174700
2022-04-12,11.630000114440918,11.710000038146973,11.609999656677246,11.619999885559082,10.244220733642578,138000
2022-04-13,11.5,11.600000381469727,11.479999542236328,11.520000457763672,10.198187828063965,199700
2022-04-14,11.489999771118164,11.510000228881836,11.430000305175781,11.430000305175781,10.118515968322754,96400
2022-04-18,11.420000076293945,11.460000038146973,11.380000114440918,11.449999809265137,10.13621997833252,125300
2022-04-19,11.399999618530273,11.399999618530273,11.289999961853027,11.300000190734863,10.00343132019043,177700
2022-04-20,11.300000190734863,11.449999809265137,11.300000190734863,11.449999809265137,10.13621997833252,151100
2022-04-21,11.420000076293945,11.460000038146973,11.369999885559082,11.380000114440918,10.074252128601074,135200
2022-04-22,11.380000114440918,11.430000305175781,11.25,11.369999885559082,10.065396308898926,95100
2022-04-25,11.319999694824219,11.350000381469727,11.210000038146973,11.329999923706055,10.029987335205078,180100
2022-04-26,11.3100004196167,11.350000381469727,11.25,11.25,9.959166526794434,215300
2022-04-27,11.229999542236328,11.300000190734863,11.050000190734863,11.119999885559082,9.84408187866211,285200
2022-04-28,11.09000015258789,11.180000305175781,11.079999923706055,11.09000015258789,9.817525863647461,485400
2022-04-29,11.050000190734863,11.079999923706055,11.010000228881836,11.079999923706055,9.808672904968262,239300
2022-05-02,11.069999694824219,11.109999656677246,11.0,11.039999961853027,9.773262977600098,216300
2022-05-03,11.109999656677246,11.109999656677246,10.949999809265137,11.020000457763672,9.755558013916016,238800
2022-05-04,11.029999732971191,11.109999656677246,10.899999618530273,11.029999732971191,9.764410018920898,312700
2022-05-05,10.970000267028809,10.970000267028809,10.880000114440918,10.920000076293945,9.667031288146973,298700
2022-05-06,10.880000114440918,11.170000076293945,10.850000381469727,10.899999618530273,9.649325370788574,426800
2022-05-09,10.899999618530273,10.90999984741211,10.829999923706055,10.859999656677246,9.613912582397461,356700
2022-05-10,10.899999618530273,10.930000305175781,10.850000381469727,10.869999885559082,9.622769355773926,208200
2022-05-11,10.859999656677246,10.979999542236328,10.8100004196167,10.949999809265137,9.693586349487305,357000
2022-05-12,10.869999885559082,11.010000228881836,10.8100004196167,10.9399995803833,9.727377891540527,386200
2022-05-13,10.930000305175781,10.960000038146973,10.619999885559082,10.800000190734863,9.60289478302002,759900
2022-05-16,10.789999961853027,10.84000015258789,10.729999542236328,10.819999694824219,9.620673179626465,229500
2022-05-17,10.789999961853027,10.880000114440918,10.760000228881836,10.84000015258789,9.638461112976074,458000
2022-05-18,10.8100004196167,10.8100004196167,10.6899995803833,10.770000457763672,9.57622241973877,213400
2022-05-19,10.739999771118164,10.8100004196167,10.6899995803833,10.710000038146973,9.522871971130371,389400
2022-05-20,10.739999771118164,10.850000381469727,10.739999771118164,10.819999694824219,9.620673179626465,114500
2022-05-23,10.850000381469727,10.970000267028809,10.850000381469727,10.9399995803833,9.727377891540527,108400
2022-05-24,10.979999542236328,11.039999961853027,10.979999542236328,11.0,9.780726432800293,283900
2022-05-25,11.069999694824219,11.489999771118164,11.069999694824219,11.470000267028809,10.198631286621094,255500
2022-05-26,11.470000267028809,11.600000381469727,11.449999809265137,11.539999961853027,10.260871887207031,355400
2022-05-27,11.579999923706055,11.789999961853027,11.579999923706055,11.680000305175781,10.385353088378906,308200
2022-05-31,11.640000343322754,11.65999984741211,11.550000190734863,11.649999618530273,10.358677864074707,161400
2022-06-01,11.800000190734863,11.800000190734863,11.550000190734863,11.640000343322754,10.349785804748535,268500
2022-06-02,11.649999618530273,11.739999771118164,11.600000381469727,11.6899995803833,10.394243240356445,113400
2022-06-03,11.649999618530273,11.6899995803833,11.59000015258789,11.630000114440918,10.340897560119629,81100
2022-06-06,11.619999885559082,11.729999542236328,11.539999961853027,11.550000190734863,10.269762992858887,125300
2022-06-07,11.569999694824219,11.65999984741211,11.539999961853027,11.600000381469727,10.314223289489746,159400
2022-06-08,11.529999732971191,11.5600004196167,11.489999771118164,11.5,10.225305557250977,155200
2022-06-09,11.5,11.5,11.279999732971191,11.34000015258789,10.083039283752441,146200
2022-06-10,11.34000015258789,11.369999885559082,11.1899995803833,11.369999885559082,10.109713554382324,135700
2022-06-13,11.260000228881836,11.270000457763672,10.979999542236328,11.210000038146973,9.967448234558105,273700
2022-06-14,11.170000076293945,11.170000076293945,10.899999618530273,10.899999618530273,9.733488082885742,263600
2022-06-15,10.899999618530273,10.949999809265137,10.670000076293945,10.720000267028809,9.572752952575684,205200
2022-06-16,10.65999984741211,10.65999984741211,10.489999771118164,10.5600004196167,9.429877281188965,126600
2022-06-17,10.649999618530273,10.720000267028809,10.569999694824219,10.619999885559082,9.483454704284668,220800
2022-06-21,10.579999923706055,10.729999542236328,10.520000457763672,10.520000457763672,9.394155502319336,187700
2022-06-22,10.5600004196167,10.680000305175781,10.539999961853027,10.5600004196167,9.429877281188965,234500
2022-06-23,10.649999618530273,10.800000190734863,10.649999618530273,10.789999961853027,9.635259628295898,164100
2022-06-24,10.84000015258789,11.020000457763672,10.819999694824219,11.020000457763672,9.840645790100098,118600
2022-06-27,10.9399995803833,11.020000457763672,10.890000343322754,10.989999771118164,9.813858032226562,157100
2022-06-28,10.970000267028809,11.100000381469727,10.949999809265137,10.979999542236328,9.804926872253418,118600
2022-06-29,10.979999542236328,11.100000381469727,10.970000267028809,11.039999961853027,9.858506202697754,211100
2022-06-30,11.029999732971191,11.079999923706055,11.0,11.050000190734863,9.86743450164795,148300
2022-07-01,11.1899995803833,11.199999809265137,10.989999771118164,11.09000015258789,9.903155326843262,203100
2022-07-05,11.09000015258789,11.09000015258789,10.970000267028809,11.029999732971191,9.84957504272461,244400
2022-07-06,11.09000015258789,11.149999618530273,11.050000190734863,11.069999694824219,9.88529109954834,126300
2022-07-07,11.130000114440918,11.149999618530273,11.069999694824219,11.149999618530273,9.956731796264648,82500
2022-07-08,11.140000343322754,11.239999771118164,11.079999923706055,11.199999809265137,10.001382827758789,115600
2022-07-11,11.220000267028809,11.300000190734863,11.170000076293945,11.270000457763672,10.063891410827637,107200
2022-07-12,11.279999732971191,11.369999885559082,11.260000228881836,11.300000190734863,10.090680122375488,90600
2022-07-13,11.210000038146973,11.270000457763672,11.149999618530273,11.220000267028809,10.019240379333496,159700
2022-07-14,11.149999618530273,11.180000305175781,11.100000381469727,11.170000076293945,10.017447471618652,143200
2022-07-15,11.199999809265137,11.260000228881836,11.1899995803833,11.199999809265137,10.044350624084473,79900
2022-07-18,11.220000267028809,11.25,11.15999984741211,11.170000076293945,10.017447471618652,73600
2022-07-19,11.180000305175781,11.25,11.149999618530273,11.220000267028809,10.06229019165039,90100
2022-07-20,11.220000267028809,11.319999694824219,11.1899995803833,11.239999771118164,10.080224990844727,87900
2022-07-21,11.270000457763672,11.270000457763672,11.170000076293945,11.199999809265137,10.044350624084473,98000
2022-07-22,11.229999542236328,11.300000190734863,11.210000038146973,11.270000457763672,10.107132911682129,153400
2022-07-25,11.229999542236328,11.270000457763672,11.170000076293945,11.25,10.089194297790527,98100
2022-07-26,11.279999732971191,11.289999961853027,11.210000038146973,11.270000457763672,10.107132911682129,91800
2022-07-27,11.319999694824219,11.319999694824219,11.229999542236328,11.300000190734863,10.134033203125,165300
2022-07-28,11.319999694824219,11.5,11.270000457763672,11.470000267028809,10.286493301391602,187300
2022-07-29,11.569999694824219,11.739999771118164,11.510000228881836,11.59000015258789,10.394109725952148,295300
2022-08-01,11.619999885559082,11.6899995803833,11.550000190734863,11.579999923706055,10.38514232635498,244700
2022-08-02,11.640000343322754,11.680000305175781,11.569999694824219,11.640000343322754,10.438950538635254,109000
2022-08-03,11.680000305175781,11.6899995803833,11.600000381469727,11.630000114440918,10.429985046386719,154300
2022-08-04,11.600000381469727,11.729999542236328,11.59000015258789,11.600000381469727,10.403081893920898,115800
2022-08-05,11.569999694824219,11.59000015258789,11.5,11.520000457763672,10.33133316040039,65700
2022-08-08,11.5600004196167,11.600000381469727,11.4399995803833,11.4399995803833,10.259589195251465,165300
2022-08-09,11.470000267028809,11.5,11.390000343322754,11.430000305175781,10.25062084197998,73200
2022-08-10,11.479999542236328,11.569999694824219,11.470000267028809,11.5,10.313398361206055,124900
2022-08-11,11.5,11.569999694824219,11.4399995803833,11.4399995803833,10.259589195251465,113400
2022-08-12,11.4399995803833,11.510000228881836,11.430000305175781,11.470000267028809,10.329834938049316,114000
2022-08-15,11.470000267028809,11.489999771118164,11.430000305175781,11.470000267028809,10.329834938049316,77900
2022-08-16,11.470000267028809,11.489999771118164,11.390000343322754,11.40999984741211,10.275799751281738,74600
2022-08-17,11.399999618530273,11.40999984741211,11.300000190734863,11.329999923706055,10.203750610351562,67700
2022-08-18,11.329999923706055,11.380000114440918,11.289999961853027,11.380000114440918,10.24878215789795,121100
2022-08-19,11.3100004196167,11.319999694824219,11.069999694824219,11.15999984741211,10.050650596618652,242500
2022-08-22,11.149999618530273,11.15999984741211,11.069999694824219,11.09000015258789,9.98760986328125,87100
2022-08-23,11.09000015258789,11.15999984741211,11.020000457763672,11.119999885559082,10.014625549316406,94600
2022-08-24,11.119999885559082,11.15999984741211,11.079999923706055,11.119999885559082,10.014625549316406,93400
2022-08-25,11.15999984741211,11.170000076293945,11.079999923706055,11.109999656677246,10.005620002746582,76500
2022-08-26,11.100000381469727,11.109999656677246,11.010000228881836,11.029999732971191,9.933573722839355,118100
2022-08-29,11.010000228881836,11.029999732971191,10.930000305175781,10.930000305175781,9.843514442443848,205300
2022-08-30,10.989999771118164,11.020000457763672,10.90999984741211,10.970000267028809,9.879537582397461,217700
2022-08-31,10.970000267028809,11.029999732971191,10.920000076293945,10.960000038146973,9.870530128479004,149300
2022-09-01,10.869999885559082,10.880000114440918,10.789999961853027,10.819999694824219,9.744446754455566,227500
2022-09-02,10.84000015258789,10.9399995803833,10.800000190734863,10.84000015258789,9.762458801269531,96400
2022-09-06,10.829999923706055,10.869999885559082,10.720000267028809,10.75,9.681406021118164,156500
2022-09-07,10.760000228881836,10.760000228881836,10.729999542236328,10.75,9.681406021118164,89700
2022-09-08,10.760000228881836,10.770000457763672,10.649999618530273,10.670000076293945,9.609356880187988,154800
2022-09-09,10.670000076293945,10.779999732971191,10.630000114440918,10.680000305175781,9.618364334106445,156500
2022-09-12,10.739999771118164,10.819999694824219,10.670000076293945,10.770000457763672,9.699419021606445,267700
2022-09-13,10.710000038146973,10.75,10.65999984741211,10.670000076293945,9.609356880187988,117400
2022-09-14,10.640000343322754,10.640000343322754,10.600000381469727,10.619999885559082,9.607548713684082,71800
2022-09-15,10.619999885559082,10.619999885559082,10.470000267028809,10.5,9.498987197875977,91100
2022-09-16,10.449999809265137,10.449999809265137,10.359999656677246,10.390000343322754,9.399476051330566,221800
2022-09-19,10.390000343322754,10.4399995803833,10.25,10.289999961853027,9.309009552001953,701700
2022-09-20,10.25,10.329999923706055,10.229999542236328,10.270000457763672,9.29091739654541,151600
2022-09-21,10.289999961853027,10.34000015258789,10.229999542236328,10.239999771118164,9.263776779174805,198800
2022-09-22,10.229999542236328,10.260000228881836,10.109999656677246,10.119999885559082,9.1552152633667,258900
2022-09-23,10.119999885559082,10.119999885559082,9.970000267028809,9.989999771118164,9.03761100769043,316200
2022-09-26,9.9399995803833,9.989999771118164,9.779999732971191,9.789999961853027,8.856675148010254,345000
2022-09-27,9.800000190734863,9.890000343322754,9.75,9.829999923706055,8.892862319946289,430200
2022-09-28,9.890000343322754,10.0,9.859999656677246,9.979999542236328,9.02856159210205,236800
2022-09-29,9.949999809265137,9.960000038146973,9.84000015258789,9.920000076293945,8.974285125732422,216600
2022-09-30,9.9399995803833,9.960000038146973,9.819999694824219,9.819999694824219,8.883814811706543,315000
2022-10-03,9.9399995803833,10.039999961853027,9.899999618530273,9.930000305175781,8.983331680297852,240800
2022-10-04,9.930000305175781,10.119999885559082,9.930000305175781,9.989999771118164,9.03761100769043,170400
2022-10-05,9.970000267028809,9.970000267028809,9.869999885559082,9.899999618530273,8.956186294555664,171000
2022-10-06,9.949999809265137,9.949999809265137,9.890000343322754,9.90999984741211,8.965235710144043,85500
2022-10-07,9.880000114440918,9.930000305175781,9.850000381469727,9.859999656677246,8.920003890991211,174200
2022-10-10,9.90999984741211,9.90999984741211,9.800000190734863,9.800000190734863,8.865723609924316,91300
2022-10-11,9.819999694824219,9.899999618530273,9.789999961853027,9.869999885559082,8.929048538208008,155100
2022-10-12,9.859999656677246,9.899999618530273,9.859999656677246,9.869999885559082,8.929048538208008,692300
2022-10-13,9.789999961853027,9.859999656677246,9.670000076293945,9.8100004196167,8.91179370880127,328200
2022-10-14,9.8100004196167,9.850000381469727,9.770000457763672,9.789999961853027,8.893620491027832,763200
2022-10-17,9.829999923706055,9.829999923706055,9.760000228881836,9.779999732971191,8.884535789489746,462200
2022-10-18,9.829999923706055,9.84000015258789,9.779999732971191,9.8100004196167,8.91179370880127,540700
2022-10-19,9.789999961853027,9.789999961853027,9.649999618530273,9.710000038146973,8.820945739746094,816300
2022-10-20,9.670000076293945,9.75,9.670000076293945,9.6899995803833,8.802775382995605,551200
2022-10-21,9.649999618530273,9.670000076293945,9.579999923706055,9.640000343322754,8.757355690002441,145700
2022-10-24,9.569999694824219,9.630000114440918,9.479999542236328,9.479999542236328,8.612003326416016,423400
2022-10-25,9.520000457763672,9.550000190734863,9.4399995803833,9.529999732971191,8.657427787780762,503200
2022-10-26,9.529999732971191,9.550000190734863,9.479999542236328,9.479999542236328,8.612003326416016,216700
2022-10-27,9.449999809265137,9.489999771118164,9.380000114440918,9.430000305175781,8.566584587097168,290700
2022-10-28,9.460000038146973,9.520000457763672,9.449999809265137,9.510000228881836,8.63925838470459,225000
2022-10-31,9.5,9.569999694824219,9.479999542236328,9.5600004196167,8.684679985046387,317000
2022-11-01,9.65999984741211,9.670000076293945,9.569999694824219,9.619999885559082,8.739187240600586,227300
2022-11-02,9.600000381469727,9.720000267028809,9.579999923706055,9.600000381469727,8.721020698547363,446800
2022-11-03,9.59000015258789,9.600000381469727,9.510000228881836,9.529999732971191,8.657427787780762,177900
2022-11-04,9.59000015258789,9.6899995803833,9.5600004196167,9.579999923706055,8.702848434448242,180800
2022-11-07,9.579999923706055,9.640000343322754,9.520000457763672,9.579999923706055,8.702848434448242,208500
2022-11-08,9.640000343322754,9.65999984741211,9.529999732971191,9.550000190734863,8.675594329833984,177100
2022-11-09,9.5600004196167,9.5600004196167,9.479999542236328,9.510000228881836,8.63925838470459,214000
2022-11-10,9.640000343322754,9.890000343322754,9.640000343322754,9.819999694824219,8.920873641967773,400000
2022-11-11,9.920000076293945,10.289999961853027,9.859999656677246,9.949999809265137,9.038969039916992,319500
2022-11-14,9.949999809265137,9.949999809265137,9.819999694824219,9.84000015258789,8.976029396057129,111500
2022-11-15,9.970000267028809,10.279999732971191,9.920000076293945,10.260000228881836,9.359153747558594,1053700
2022-11-16,10.380000114440918,10.380000114440918,10.170000076293945,10.319999694824219,9.413887977600098,607700
2022-11-17,10.279999732971191,10.359999656677246,10.25,10.279999732971191,9.377396583557129,276200
2022-11-18,10.289999961853027,10.329999923706055,10.229999542236328,10.25,9.350030899047852,175500
2022-11-21,10.229999542236328,10.420000076293945,10.229999542236328,10.369999885559082,9.459493637084961,333900
2022-11-22,10.399999618530273,10.510000228881836,10.369999885559082,10.489999771118164,9.56895923614502,143500
2022-11-23,10.5,10.5600004196167,10.489999771118164,10.520000457763672,9.596324920654297,194100
2022-11-25,10.5,10.539999961853027,10.5,10.529999732971191,9.605448722839355,68400
2022-11-28,10.489999771118164,10.5600004196167,10.489999771118164,10.520000457763672,9.596324920654297,188200
2022-11-29,10.520000457763672,10.600000381469727,10.5,10.529999732971191,9.605448722839355,120700
2022-11-30,10.579999923706055,10.65999984741211,10.550000190734863,10.609999656677246,9.678422927856445,179300
2022-12-01,10.680000305175781,10.710000038146973,10.619999885559082,10.680000305175781,9.742276191711426,223000
2022-12-02,10.65999984741211,10.699999809265137,10.569999694824219,10.600000381469727,9.669301986694336,150900
2022-12-05,10.600000381469727,10.609999656677246,10.399999618530273,10.449999809265137,9.532469749450684,374900
2022-12-06,10.449999809265137,10.510000228881836,10.449999809265137,10.460000038146973,9.54159164428711,400200
2022-12-07,10.479999542236328,10.569999694824219,10.460000038146973,10.5,9.578079223632812,216300
2022-12-08,10.520000457763672,10.520000457763672,10.460000038146973,10.479999542236328,9.559836387634277,376100
2022-12-09,10.470000267028809,10.489999771118164,10.380000114440918,10.40999984741211,9.495984077453613,224100
2022-12-12,10.479999542236328,10.600000381469727,10.449999809265137,10.449999809265137,9.532469749450684,434100
2022-12-13,10.609999656677246,10.65999984741211,10.449999809265137,10.449999809265137,9.532469749450684,211900
2022-12-14,10.420000076293945,10.470000267028809,10.380000114440918,10.430000305175781,9.551701545715332,290700
2022-12-15,10.430000305175781,10.430000305175781,10.329999923706055,10.329999923706055,9.460121154785156,279400
2022-12-16,10.300000190734863,10.329999923706055,10.260000228881836,10.319999694824219,9.450967788696289,219800
2022-12-19,10.289999961853027,10.359999656677246,10.289999961853027,10.319999694824219,9.450967788696289,460800
2022-12-20,10.170000076293945,10.359999656677246,10.15999984741211,10.270000457763672,9.405176162719727,450600
2022-12-21,10.289999961853027,10.319999694824219,10.279999732971191,10.3100004196167,9.44180679321289,805100
2022-12-22,10.270000457763672,10.369999885559082,10.210000038146973,10.25,9.386857986450195,619000
2022-12-23,10.25,10.25,10.199999809265137,10.210000038146973,9.350228309631348,316200
2022-12-27,10.239999771118164,10.279999732971191,10.140000343322754,10.140000343322754,9.286121368408203,416000
2022-12-28,10.170000076293945,10.239999771118164,10.119999885559082,10.130000114440918,9.276965141296387,436200
2022-12-29,10.210000038146973,10.279999732971191,10.15999984741211,10.279999732971191,9.41433334350586,440600
2022-12-30,10.270000457763672,10.319999694824219,10.199999809265137,10.260000228881836,9.396018028259277,340200
2023-01-03,10.329999923706055,10.369999885559082,10.300000190734863,10.300000190734863,9.432650566101074,240200
2023-01-04,10.359999656677246,10.4399995803833,10.359999656677246,10.4399995803833,9.560857772827148,128700
2023-01-05,10.399999618530273,10.460000038146973,10.359999656677246,10.359999656677246,9.487593650817871,246800
2023-01-06,10.399999618530273,10.5,10.350000381469727,10.430000305175781,9.551701545715332,128900
2023-01-09,10.470000267028809,10.539999961853027,10.449999809265137,10.520000457763672,9.634121894836426,211500
2023-01-10,10.569999694824219,10.609999656677246,10.479999542236328,10.510000228881836,9.624964714050293,138600
2023-01-11,10.550000190734863,10.569999694824219,10.479999542236328,10.550000190734863,9.661598205566406,193700
2023-01-12,10.5600004196167,10.640000343322754,10.529999732971191,10.640000343322754,9.77645206451416,123900
2023-01-13,10.65999984741211,10.699999809265137,10.619999885559082,10.630000114440918,9.767264366149902,326100
2023-01-17,10.649999618530273,10.680000305175781,10.630000114440918,10.640000343322754,9.77645206451416,263300
2023-01-18,10.699999809265137,10.75,10.699999809265137,10.720000267028809,9.849961280822754,264900
2023-01-19,10.729999542236328,10.84000015258789,10.729999542236328,10.770000457763672,9.89590072631836,176400
2023-01-20,10.8100004196167,10.859999656677246,10.770000457763672,10.829999923706055,9.951028823852539,743200
2023-01-23,10.84000015258789,10.899999618530273,10.819999694824219,10.819999694824219,9.941842079162598,202900
2023-01-24,10.859999656677246,10.880000114440918,10.8100004196167,10.84000015258789,9.960220336914062,84500
2023-01-25,10.84000015258789,10.859999656677246,10.779999732971191,10.789999961853027,9.914278984069824,92000
2023-01-26,10.800000190734863,10.869999885559082,10.75,10.760000228881836,9.886711120605469,105200
2023-01-27,10.75,10.779999732971191,10.75,10.779999732971191,9.905089378356934,56800
2023-01-30,10.770000457763672,11.039999961853027,10.75,10.989999771118164,10.09804630279541,535500
2023-01-31,11.0600004196167,11.1899995803833,11.0,11.170000076293945,10.263436317443848,313700
2023-02-01,11.170000076293945,11.199999809265137,11.109999656677246,11.140000343322754,10.235870361328125,212700
2023-02-02,11.1899995803833,11.260000228881836,11.15999984741211,11.180000305175781,10.272623062133789,155100
2023-02-03,11.119999885559082,11.15999984741211,11.050000190734863,11.09000015258789,10.189931869506836,139500
2023-02-06,11.050000190734863,11.09000015258789,10.920000076293945,10.920000076293945,10.03372859954834,198100
2023-02-07,10.9399995803833,11.039999961853027,10.920000076293945,10.970000267028809,10.079668045043945,93200
2023-02-08,10.970000267028809,11.039999961853027,10.949999809265137,10.960000038146973,10.070480346679688,96700
2023-02-09,11.0,11.039999961853027,10.869999885559082,10.890000343322754,10.006160736083984,146400
2023-02-10,10.880000114440918,10.90999984741211,10.789999961853027,10.8100004196167,9.93265438079834,99300
2023-02-13,10.8100004196167,10.859999656677246,10.789999961853027,10.84000015258789,9.960220336914062,98300
2023-02-14,10.770000457763672,10.819999694824219,10.699999809265137,10.699999809265137,9.863428115844727,94200
2023-02-15,10.699999809265137,10.760000228881836,10.649999618530273,10.65999984741211,9.826556205749512,127100
2023-02-16,10.600000381469727,10.609999656677246,10.4399995803833,10.460000038146973,9.642190933227539,162000
2023-02-17,10.449999809265137,10.479999542236328,10.390000343322754,10.420000076293945,9.605320930480957,194500
2023-02-21,10.329999923706055,10.369999885559082,10.229999542236328,10.34000015258789,9.531577110290527,226500
2023-02-22,10.350000381469727,10.369999885559082,10.279999732971191,10.319999694824219,9.513139724731445,120800
2023-02-23,10.329999923706055,10.380000114440918,10.260000228881836,10.289999961853027,9.485486030578613,136600
2023-02-24,10.25,10.289999961853027,10.210000038146973,10.229999542236328,9.430174827575684,213700
2023-02-27,10.239999771118164,10.350000381469727,10.239999771118164,10.34000015258789,9.531577110290527,112600
2023-02-28,10.329999923706055,10.359999656677246,10.270000457763672,10.289999961853027,9.485486030578613,152900
2023-03-01,10.3100004196167,10.350000381469727,10.260000228881836,10.260000228881836,9.457830429077148,90800
2023-03-02,10.1899995803833,10.220000267028809,10.15999984741211,10.15999984741211,9.365649223327637,119100
2023-03-03,10.199999809265137,10.25,10.180000305175781,10.1899995803833,9.393304824829102,157400
2023-03-06,10.210000038146973,10.210000038146973,10.180000305175781,10.1899995803833,9.393304824829102,204300
2023-03-07,10.220000267028809,10.319999694824219,10.170000076293945,10.319999694824219,9.513139724731445,266700
2023-03-08,10.329999923706055,10.350000381469727,10.239999771118164,10.25,9.44861125946045,108100
2023-03-09,10.25,10.329999923706055,10.25,10.300000190734863,9.49470329284668,118200
2023-03-10,10.390000343322754,10.420000076293945,10.25,10.3100004196167,9.503921508789062,234300
2023-03-13,10.260000228881836,10.369999885559082,10.260000228881836,10.319999694824219,9.513139724731445,109500
2023-03-14,10.329999923706055,10.369999885559082,10.300000190734863,10.329999923706055,9.55476188659668,81300
2023-03-15,10.300000190734863,10.40999984741211,10.289999961853027,10.369999885559082,9.591757774353027,96100
2023-03-16,10.350000381469727,10.420000076293945,10.319999694824219,10.359999656677246,9.582508087158203,103800
2023-03-17,10.40999984741211,10.40999984741211,10.300000190734863,10.34000015258789,9.56401252746582,72000
2023-03-20,10.3100004196167,10.34000015258789,10.279999732971191,10.319999694824219,9.545512199401855,267500
2023-03-21,10.359999656677246,10.359999656677246,10.1899995803833,10.270000457763672,9.499266624450684,179800
2023-03-22,10.260000228881836,10.329999923706055,10.180000305175781,10.300000190734863,9.527012825012207,122200
2023-03-23,10.329999923706055,10.329999923706055,10.25,10.289999961853027,9.517765045166016,106400
2023-03-24,10.260000228881836,10.329999923706055,10.260000228881836,10.319999694824219,9.545512199401855,99800
2023-03-27,10.34000015258789,10.4399995803833,10.329999923706055,10.350000381469727,9.573261260986328,58200
2023-03-28,10.350000381469727,10.390000343322754,10.329999923706055,10.359999656677246,9.582508087158203,106500
2023-03-29,10.350000381469727,10.420000076293945,10.350000381469727,10.369999885559082,9.591757774353027,30000
2023-03-30,10.40999984741211,10.550000190734863,10.40999984741211,10.520000457763672,9.730500221252441,97100
2023-03-31,10.5600004196167,10.600000381469727,10.529999732971191,10.569999694824219,9.776750564575195,95400
2023-04-03,10.600000381469727,10.65999984741211,10.460000038146973,10.5,9.712002754211426,111700
2023-04-04,10.489999771118164,10.5600004196167,10.4399995803833,10.470000267028809,9.684255599975586,120900
2023-04-05,10.460000038146973,10.579999923706055,10.460000038146973,10.550000190734863,9.758252143859863,106800
2023-04-06,10.600000381469727,10.600000381469727,10.529999732971191,10.539999961853027,9.749001502990723,131600
2023-04-10,10.539999961853027,10.569999694824219,10.460000038146973,10.520000457763672,9.730500221252441,163800
2023-04-11,10.5600004196167,10.609999656677246,10.539999961853027,10.609999656677246,9.813748359680176,68800
2023-04-12,10.649999618530273,10.729999542236328,10.649999618530273,10.699999809265137,9.89699649810791,164100
2023-04-13,10.6899995803833,10.75,10.6899995803833,10.739999771118164,9.966591835021973,129000
2023-04-14,10.710000038146973,10.720000267028809,10.569999694824219,10.59000015258789,9.827394485473633,149100
2023-04-17,10.579999923706055,10.600000381469727,10.479999542236328,10.539999961853027,9.78099536895752,163200
2023-04-18,10.520000457763672,10.569999694824219,10.34000015258789,10.34000015258789,9.595398902893066,293400
2023-04-19,10.300000190734863,10.34000015258789,10.270000457763672,10.270000457763672,9.530441284179688,97500
2023-04-20,10.270000457763672,10.319999694824219,10.260000228881836,10.289999961853027,9.548998832702637,111800
2023-04-21,10.289999961853027,10.329999923706055,10.239999771118164,10.25,9.511877059936523,89600
2023-04-24,10.25,10.3100004196167,10.25,10.270000457763672,9.530441284179688,108500
2023-04-25,10.279999732971191,10.289999961853027,10.220000267028809,10.279999732971191,9.539717674255371,201100
2023-04-26,10.300000190734863,10.350000381469727,10.260000228881836,10.3100004196167,9.567558288574219,174500
2023-04-27,10.369999885559082,10.369999885559082,10.300000190734863,10.359999656677246,9.6139554977417,65300
2023-04-28,10.390000343322754,10.399999618530273,10.350000381469727,10.380000114440918,9.632513999938965,102900
2023-05-01,10.390000343322754,10.390000343322754,10.270000457763672,10.289999961853027,9.548998832702637,185700
2023-05-02,10.329999923706055,10.34000015258789,10.25,10.329999923706055,9.586118698120117,182200
2023-05-03,10.289999961853027,10.350000381469727,10.289999961853027,10.319999694824219,9.576839447021484,98600
2023-05-04,10.3100004196167,10.350000381469727,10.279999732971191,10.3100004196167,9.567558288574219,130600
2023-05-05,10.350000381469727,10.489999771118164,10.329999923706055,10.489999771118164,9.734596252441406,107800
2023-05-08,10.470000267028809,10.470000267028809,10.369999885559082,10.390000343322754,9.641796112060547,141500
2023-05-09,10.40999984741211,10.40999984741211,10.34000015258789,10.369999885559082,9.623235702514648,61200
2023-05-10,10.420000076293945,10.420000076293945,10.359999656677246,10.380000114440918,9.632513999938965,75200
2023-05-11,10.380000114440918,10.399999618530273,10.329999923706055,10.34000015258789,9.595398902893066,44800
2023-05-12,10.319999694824219,10.350000381469727,10.300000190734863,10.329999923706055,9.618677139282227,49300
2023-05-15,10.329999923706055,10.430000305175781,10.329999923706055,10.430000305175781,9.711791038513184,86400
2023-05-16,10.40999984741211,10.430000305175781,10.34000015258789,10.359999656677246,9.64660930633545,103900
2023-05-17,10.390000343322754,10.390000343322754,10.260000228881836,10.329999923706055,9.618677139282227,128900
2023-05-18,10.329999923706055,10.350000381469727,10.229999542236328,10.25,9.544183731079102,89700
2023-05-19,10.229999542236328,10.25,10.199999809265137,10.239999771118164,9.534872055053711,132000
2023-05-22,10.180000305175781,10.220000267028809,10.079999923706055,10.149999618530273,9.451072692871094,172100
2023-05-23,10.149999618530273,10.1899995803833,10.010000228881836,10.15999984741211,9.460381507873535,240700
2023-05-24,10.149999618530273,10.149999618530273,10.0600004196167,10.079999923706055,9.385890007019043,76200
2023-05-25,10.079999923706055,10.079999923706055,10.050000190734863,10.079999923706055,9.385890007019043,85600
2023-05-26,10.100000381469727,10.170000076293945,10.100000381469727,10.15999984741211,9.460381507873535,43100
2023-05-30,10.180000305175781,10.260000228881836,10.170000076293945,10.220000267028809,9.516250610351562,125000
2023-05-31,10.270000457763672,10.3100004196167,10.25,10.279999732971191,9.572118759155273,100000
2023-06-01,10.329999923706055,10.359999656677246,10.260000228881836,10.279999732971191,9.572118759155273,152800
2023-06-02,10.329999923706055,10.350000381469727,10.180000305175781,10.199999809265137,9.497628211975098,117500
2023-06-05,10.199999809265137,10.210000038146973,10.119999885559082,10.210000038146973,9.506938934326172,203900
2023-06-06,10.25,10.270000457763672,10.220000267028809,10.25,9.544183731079102,78400
2023-06-07,10.25,10.260000228881836,10.199999809265137,10.210000038146973,9.506938934326172,133100
2023-06-08,10.210000038146973,10.430000305175781,10.210000038146973,10.380000114440918,9.665230751037598,485100
2023-06-09,10.399999618530273,10.449999809265137,10.329999923706055,10.420000076293945,9.702478408813477,181700
2023-06-12,10.4399995803833,10.479999542236328,10.420000076293945,10.460000038146973,9.739724159240723,76100
2023-06-13,10.479999542236328,10.5,10.390000343322754,10.40999984741211,9.693167686462402,146400
2023-06-14,10.380000114440918,10.420000076293945,10.380000114440918,10.40999984741211,9.725868225097656,70100
2023-06-15,10.399999618530273,10.470000267028809,10.399999618530273,10.430000305175781,9.744552612304688,86200
2023-06-16,10.359999656677246,10.460000038146973,10.329999923706055,10.329999923706055,9.651124000549316,129300
2023-06-20,10.319999694824219,10.390000343322754,10.260000228881836,10.260000228881836,9.585725784301758,138800
2023-06-21,10.270000457763672,10.289999961853027,10.260000228881836,10.279999732971191,9.604409217834473,120600
2023-06-22,10.25,10.300000190734863,10.25,10.289999961853027,9.613755226135254,92400
2023-06-23,10.3100004196167,10.4399995803833,10.3100004196167,10.399999618530273,9.716523170471191,125800
2023-06-26,10.380000114440918,10.430000305175781,10.350000381469727,10.350000381469727,9.669811248779297,76500
2023-06-27,10.390000343322754,10.470000267028809,10.369999885559082,10.380000114440918,9.697837829589844,94900
2023-06-28,10.420000076293945,10.449999809265137,10.399999618530273,10.449999809265137,9.763237953186035,93900
2023-06-29,10.420000076293945,10.430000305175781,10.34000015258789,10.369999885559082,9.688495635986328,194100
2023-06-30,10.399999618530273,10.420000076293945,10.350000381469727,10.350000381469727,9.669811248779297,153300
2023-07-03,10.380000114440918,10.399999618530273,10.350000381469727,10.380000114440918,9.697837829589844,101200
2023-07-05,10.369999885559082,10.399999618530273,10.3100004196167,10.3100004196167,9.632440567016602,121700
2023-07-06,10.25,10.279999732971191,10.180000305175781,10.229999542236328,9.557696342468262,322000
2023-07-07,10.1899995803833,10.289999961853027,10.1899995803833,10.270000457763672,9.59506893157959,166200
2023-07-10,10.25,10.300000190734863,10.239999771118164,10.289999961853027,9.613755226135254,69100
2023-07-11,10.289999961853027,10.34000015258789,10.270000457763672,10.270000457763672,9.59506893157959,173700
2023-07-12,10.300000190734863,10.369999885559082,10.289999961853027,10.329999923706055,9.651124000549316,229100
2023-07-13,10.329999923706055,10.359999656677246,10.319999694824219,10.329999923706055,9.68393325805664,117700
2023-07-14,10.319999694824219,10.359999656677246,10.319999694824219,10.329999923706055,9.68393325805664,104500
2023-07-17,10.300000190734863,10.380000114440918,10.300000190734863,10.359999656677246,9.712059020996094,188300
2023-07-18,10.359999656677246,10.390000343322754,10.329999923706055,10.369999885559082,9.721433639526367,187800
2023-07-19,10.369999885559082,10.430000305175781,10.359999656677246,10.40999984741211,9.758932113647461,196400
2023-07-20,10.369999885559082,10.40999984741211,10.359999656677246,10.369999885559082,9.721433639526367,198400
2023-07-21,10.399999618530273,10.420000076293945,10.369999885559082,10.390000343322754,9.740181922912598,851800
2023-07-24,10.399999618530273,10.4399995803833,10.390000343322754,10.40999984741211,9.758932113647461,168700
2023-07-25,10.390000343322754,10.420000076293945,10.380000114440918,10.399999618530273,9.749556541442871,72700
2023-07-26,10.390000343322754,10.420000076293945,10.380000114440918,10.420000076293945,9.768305778503418,78800
2023-07-27,10.390000343322754,10.40999984741211,10.34000015258789,10.34000015258789,9.69331169128418,157000
2023-07-28,10.40999984741211,10.430000305175781,10.369999885559082,10.380000114440918,9.730809211730957,86200
2023-07-31,10.399999618530273,10.399999618530273,10.3100004196167,10.399999618530273,9.749556541442871,173200
2023-08-01,10.380000114440918,10.399999618530273,10.329999923706055,10.399999618530273,9.749556541442871,146100
2023-08-02,10.34000015258789,10.350000381469727,10.289999961853027,10.3100004196167,9.665188789367676,130600
2023-08-03,10.239999771118164,10.25,10.180000305175781,10.180000305175781,9.543316841125488,145300
2023-08-04,10.180000305175781,10.239999771118164,10.15999984741211,10.1899995803833,9.552690505981445,125700
2023-08-07,10.170000076293945,10.170000076293945,10.020000457763672,10.130000114440918,9.496444702148438,150500
2023-08-08,10.149999618530273,10.149999618530273,10.100000381469727,10.130000114440918,9.496444702148438,75500
2023-08-09,10.130000114440918,10.170000076293945,10.109999656677246,10.109999656677246,9.47769546508789,139800
2023-08-10,10.119999885559082,10.1899995803833,10.109999656677246,10.130000114440918,9.496444702148438,155700
2023-08-11,10.100000381469727,10.15999984741211,10.09000015258789,10.130000114440918,9.496444702148438,166000
2023-08-14,10.050000190734863,10.130000114440918,10.050000190734863,10.09000015258789,9.491741180419922,188100
2023-08-15,10.0600004196167,10.119999885559082,10.020000457763672,10.029999732971191,9.435298919677734,238400
2023-08-16,10.039999961853027,10.039999961853027,9.960000038146973,9.960000038146973,9.369446754455566,164100
2023-08-17,9.9399995803833,9.979999542236328,9.899999618530273,9.920000076293945,9.331820487976074,181300
2023-08-18,9.930000305175781,9.949999809265137,9.869999885559082,9.930000305175781,9.341227531433105,160500
2023-08-21,9.869999885559082,9.890000343322754,9.8100004196167,9.859999656677246,9.275378227233887,150200
2023-08-22,9.899999618530273,9.899999618530273,9.84000015258789,9.850000381469727,9.265972137451172,95700
2023-08-23,9.899999618530273,9.920000076293945,9.880000114440918,9.890000343322754,9.30359935760498,169300
2023-08-24,9.880000114440918,9.880000114440918,9.829999923706055,9.869999885559082,9.284785270690918,92500
2023-08-25,9.880000114440918,9.880000114440918,9.819999694824219,9.850000381469727,9.265972137451172,123300
2023-08-28,9.850000381469727,9.880000114440918,9.819999694824219,9.850000381469727,9.265972137451172,288600
2023-08-29,9.850000381469727,9.930000305175781,9.850000381469727,9.90999984741211,9.322413444519043,146500
2023-08-30,9.920000076293945,9.979999542236328,9.920000076293945,9.949999809265137,9.360041618347168,100300
2023-08-31,9.970000267028809,10.0,9.9399995803833,9.989999771118164,9.397669792175293,115800
2023-09-01,10.0,10.0,9.930000305175781,9.960000038146973,9.369446754455566,79000
2023-09-05,9.949999809265137,9.949999809265137,9.890000343322754,9.890000343322754,9.30359935760498,91300
2023-09-06,9.90999984741211,9.920000076293945,9.890000343322754,9.890000343322754,9.30359935760498,99300
2023-09-07,9.890000343322754,9.890000343322754,9.8100004196167,9.829999923706055,9.247157096862793,137400
2023-09-08,9.829999923706055,9.84000015258789,9.770000457763672,9.789999961853027,9.209528923034668,122200
2023-09-11,9.760000228881836,9.789999961853027,9.75,9.760000228881836,9.18130874633789,295300
2023-09-12,9.720000267028809,9.779999732971191,9.720000267028809,9.760000228881836,9.18130874633789,108800
2023-09-13,9.710000038146973,9.770000457763672,9.710000038146973,9.770000457763672,9.190714836120605,164800
2023-09-14,9.739999771118164,9.760000228881836,9.739999771118164,9.739999771118164,9.195433616638184,148300
2023-09-15,9.75,9.75,9.720000267028809,9.739999771118164,9.195433616638184,206600
2023-09-18,9.760000228881836,9.789999961853027,9.729999542236328,9.739999771118164,9.195433616638184,233300
2023-09-19,9.739999771118164,9.739999771118164,9.6899995803833,9.720000267028809,9.176554679870605,102500
2023-09-20,9.75,9.789999961853027,9.75,9.770000457763672,9.223758697509766,110200
2023-09-21,9.710000038146973,9.720000267028809,9.680000305175781,9.6899995803833,9.148229598999023,130500
2023-09-22,9.729999542236328,9.729999542236328,9.680000305175781,9.699999809265137,9.157670974731445,262700
2023-09-25,9.649999618530273,9.670000076293945,9.59000015258789,9.600000381469727,9.063261032104492,357200
2023-09-26,9.550000190734863,9.5600004196167,9.470000267028809,9.489999771118164,8.959412574768066,244100
2023-09-27,9.520000457763672,9.539999961853027,9.4399995803833,9.4399995803833,8.91220760345459,309100
2023-09-28,9.4399995803833,9.460000038146973,9.399999618530273,9.4399995803833,8.91220760345459,353700
2023-09-29,9.460000038146973,9.479999542236328,9.420000076293945,9.449999809265137,8.921648979187012,279200
2023-10-02,9.470000267028809,9.470000267028809,9.40999984741211,9.449999809265137,8.921648979187012,222800
2023-10-03,9.449999809265137,9.479999542236328,9.399999618530273,9.449999809265137,8.921648979187012,217400
2023-10-04,9.489999771118164,9.489999771118164,9.430000305175781,9.460000038146973,8.93109130859375,98000
2023-10-05,9.449999809265137,9.449999809265137,9.380000114440918,9.40999984741211,8.883885383605957,206800
2023-10-06,9.329999923706055,9.4399995803833,9.279999732971191,9.319999694824219,8.798918724060059,294700
2023-10-09,9.329999923706055,9.380000114440918,9.329999923706055,9.369999885559082,8.846120834350586,95100
2023-10-10,9.34000015258789,9.4399995803833,9.34000015258789,9.430000305175781,8.902767181396484,109400
2023-10-11,9.489999771118164,9.520000457763672,9.479999542236328,9.520000457763672,8.9877347946167,561500
2023-10-12,9.489999771118164,9.539999961853027,9.460000038146973,9.520000457763672,9.020899772644043,382400
2023-10-13,9.569999694824219,9.59000015258789,9.510000228881836,9.539999961853027,9.0398530960083,103600
2023-10-16,9.529999732971191,9.539999961853027,9.430000305175781,9.449999809265137,8.954569816589355,131700
2023-10-17,9.380000114440918,9.399999618530273,9.279999732971191,9.329999923706055,8.840861320495605,223900
2023-10-18,9.289999961853027,9.3100004196167,9.270000457763672,9.300000190734863,8.812434196472168,162800
2023-10-19,9.289999961853027,9.300000190734863,9.270000457763672,9.279999732971191,8.79348373413086,175200
2023-10-20,9.210000038146973,9.25,9.170000076293945,9.170000076293945,8.689249992370605,198500
2023-10-23,9.149999618530273,9.15999984741211,9.050000190734863,9.050000190734863,8.575541496276855,244300
2023-10-24,9.109999656677246,9.15999984741211,9.0600004196167,9.109999656677246,8.632393836975098,246300
2023-10-25,9.050000190734863,9.050000190734863,9.0,9.0,8.528162002563477,190400
2023-10-26,8.949999809265137,9.039999961853027,8.949999809265137,9.020000457763672,8.547113418579102,177900
2023-10-27,9.050000190734863,9.09000015258789,8.970000267028809,9.079999923706055,8.60396671295166,241100
2023-10-30,9.039999961853027,9.09000015258789,9.039999961853027,9.079999923706055,8.60396671295166,207900
2023-10-31,9.079999923706055,9.100000381469727,9.039999961853027,9.069999694824219,8.59449291229248,152200
2023-11-01,9.09000015258789,9.199999809265137,9.09000015258789,9.199999809265137,8.71767520904541,263900
2023-11-02,9.25,9.300000190734863,9.25,9.289999961853027,8.802957534790039,302700
2023-11-03,9.369999885559082,9.539999961853027,9.369999885559082,9.449999809265137,8.954569816589355,343000
2023-11-06,9.430000305175781,9.449999809265137,9.380000114440918,9.430000305175781,8.935619354248047,212400
2023-11-07,9.460000038146973,9.539999961853027,9.4399995803833,9.460000038146973,8.964046478271484,256400
2023-11-08,9.460000038146973,9.470000267028809,9.4399995803833,9.460000038146973,8.964046478271484,651900
2023-11-09,9.460000038146973,9.460000038146973,9.289999961853027,9.3100004196167,8.82190990447998,627300
2023-11-10,9.3100004196167,9.329999923706055,9.279999732971191,9.319999694824219,8.83138656616211,1246700
2023-11-13,9.359999656677246,9.399999618530273,9.3100004196167,9.399999618530273,8.907191276550293,202800
2023-11-14,9.460000038146973,9.609999656677246,9.460000038146973,9.609999656677246,9.146073341369629,344700
2023-11-15,9.600000381469727,9.640000343322754,9.569999694824219,9.579999923706055,9.117524147033691,250700
2023-11-16,9.630000114440918,9.729999542236328,9.630000114440918,9.640000343322754,9.174627304077148,307700
2023-11-17,9.6899995803833,9.6899995803833,9.640000343322754,9.680000305175781,9.212695121765137,169200
2023-11-20,9.699999809265137,9.789999961853027,9.670000076293945,9.779999732971191,9.307866096496582,257100
2023-11-21,9.8100004196167,9.819999694824219,9.770000457763672,9.8100004196167,9.336420059204102,348500
2023-11-22,9.890000343322754,9.890000343322754,9.84000015258789,9.859999656677246,9.38400650024414,197700
2023-11-24,9.880000114440918,9.880000114440918,9.829999923706055,9.880000114440918,9.403039932250977,87500
2023-11-27,9.920000076293945,9.930000305175781,9.859999656677246,9.899999618530273,9.422074317932129,332900
2023-11-28,9.880000114440918,9.960000038146973,9.880000114440918,9.9399995803833,9.46014404296875,166600
2023-11-29,10.0,10.09000015258789,10.0,10.079999923706055,9.593384742736816,382100
2023-11-30,10.069999694824219,10.069999694824219,10.029999732971191,10.069999694824219,9.583868026733398,195900
2023-12-01,10.09000015258789,10.220000267028809,10.039999961853027,10.170000076293945,9.67903995513916,305400
2023-12-04,10.15999984741211,10.210000038146973,10.140000343322754,10.149999618530273,9.660004615783691,211500
2023-12-05,10.1899995803833,10.229999542236328,10.170000076293945,10.180000305175781,9.688558578491211,262000
2023-12-06,10.15999984741211,10.210000038146973,10.15999984741211,10.170000076293945,9.67903995513916,194500
2023-12-07,10.180000305175781,10.289999961853027,10.15999984741211,10.270000457763672,9.774213790893555,248900
2023-12-08,10.229999542236328,10.279999732971191,10.180000305175781,10.260000228881836,9.76469612121582,299600
2023-12-11,10.260000228881836,10.279999732971191,10.210000038146973,10.25,9.75517749786377,247300
2023-12-12,10.239999771118164,10.279999732971191,10.220000267028809,10.239999771118164,9.745661735534668,124300
2023-12-13,10.220000267028809,10.319999694824219,10.199999809265137,10.319999694824219,9.821798324584961,265200
2023-12-14,10.34000015258789,10.449999809265137,10.34000015258789,10.430000305175781,9.966083526611328,465600
2023-12-15,10.399999618530273,10.470000267028809,10.390000343322754,10.449999809265137,9.985193252563477,400600
2023-12-18,10.460000038146973,10.470000267028809,10.4399995803833,10.449999809265137,9.985193252563477,267300
2023-12-19,10.4399995803833,10.539999961853027,10.4399995803833,10.510000228881836,10.042524337768555,354000
2023-12-20,10.489999771118164,10.569999694824219,10.489999771118164,10.520000457763672,10.052080154418945,359100
2023-12-21,10.550000190734863,10.550000190734863,10.479999542236328,10.5,10.03296947479248,290800
2023-12-22,10.5600004196167,10.59000015258789,10.510000228881836,10.59000015258789,10.118967056274414,317000
2023-12-26,10.5600004196167,10.579999923706055,10.5,10.550000190734863,10.080744743347168,367700
2023-12-27,10.619999885559082,10.640000343322754,10.539999961853027,10.609999656677246,10.138075828552246,489500
2023-12-28,10.59000015258789,10.59000015258789,10.470000267028809,10.489999771118164,10.023415565490723,478900
2023-12-29,10.5,10.579999923706055,10.390000343322754,10.529999732971191,10.06163501739502,427100
2024-01-02,10.470000267028809,10.550000190734863,10.470000267028809,10.550000190734863,10.080744743347168,208800
2024-01-03,10.550000190734863,10.569999694824219,10.539999961853027,10.569999694824219,10.099854469299316,192700
2024-01-04,10.550000190734863,10.579999923706055,10.520000457763672,10.579999923706055,10.109411239624023,164600
2024-01-05,10.529999732971191,10.569999694824219,10.520000457763672,10.550000190734863,10.080744743347168,147600
2024-01-08,10.550000190734863,10.619999885559082,10.550000190734863,10.619999885559082,10.147631645202637,239500
2024-01-09,10.569999694824219,10.609999656677246,10.569999694824219,10.59000015258789,10.118967056274414,148400
2024-01-10,10.59000015258789,10.600000381469727,10.520000457763672,10.529999732971191,10.06163501739502,139100
2024-01-11,10.479999542236328,10.539999961853027,10.470000267028809,10.510000228881836,10.081779479980469,153000
2024-01-12,10.550000190734863,10.579999923706055,10.529999732971191,10.529999732971191,10.100964546203613,142800
2024-01-16,10.5,10.550000190734863,10.4399995803833,10.460000038146973,10.033814430236816,203500
2024-01-17,10.430000305175781,10.4399995803833,10.399999618530273,10.40999984741211,9.98585319519043,152000
2024-01-18,10.40999984741211,10.4399995803833,10.350000381469727,10.390000343322754,9.966669082641602,219700
2024-01-19,10.380000114440918,10.460000038146973,10.300000190734863,10.399999618530273,9.9762601852417,671400
2024-01-22,10.460000038146973,10.520000457763672,10.460000038146973,10.479999542236328,10.053000450134277,190000
2024-01-23,10.4399995803833,10.520000457763672,10.430000305175781,10.460000038146973,10.033814430236816,333700
2024-01-24,10.529999732971191,10.539999961853027,10.460000038146973,10.5,10.072185516357422,243400
2024-01-25,10.5600004196167,10.609999656677246,10.520000457763672,10.579999923706055,10.148927688598633,169500
2024-01-26,10.579999923706055,10.579999923706055,10.510000228881836,10.510000228881836,10.081779479980469,78400
2024-01-29,10.529999732971191,10.65999984741211,10.529999732971191,10.65999984741211,10.225667953491211,148400
2024-01-30,10.680000305175781,10.710000038146973,10.619999885559082,10.630000114440918,10.19688892364502,168300
2024-01-31,10.670000076293945,10.75,10.649999618530273,10.699999809265137,10.264037132263184,179700
2024-02-01,10.8100004196167,10.859999656677246,10.770000457763672,10.829999923706055,10.388740539550781,156100
2024-02-02,10.739999771118164,10.779999732971191,10.710000038146973,10.760000228881836,10.321593284606934,109200
2024-02-05,10.699999809265137,10.699999809265137,10.65999984741211,10.680000305175781,10.244853019714355,93400
2024-02-06,10.680000305175781,10.779999732971191,10.65999984741211,10.760000228881836,10.321593284606934,92500
2024-02-07,10.739999771118164,10.829999923706055,10.739999771118164,10.819999694824219,10.379148483276367,365200
2024-02-08,10.789999961853027,10.829999923706055,10.75,10.819999694824219,10.379148483276367,212600
2024-02-09,10.800000190734863,10.84000015258789,10.789999961853027,10.819999694824219,10.379148483276367,130100
2024-02-12,10.819999694824219,10.850000381469727,10.760000228881836,10.84000015258789,10.398334503173828,168400
2024-02-13,10.649999618530273,10.789999961853027,10.649999618530273,10.729999542236328,10.292813301086426,177700
2024-02-14,10.680000305175781,10.75,10.680000305175781,10.699999809265137,10.303407669067383,151700
2024-02-15,10.720000267028809,10.770000457763672,10.720000267028809,10.739999771118164,10.341924667358398,128700
2024-02-16,10.680000305175781,10.729999542236328,10.670000076293945,10.720000267028809,10.32266616821289,110400
2024-02-20,10.680000305175781,10.729999542236328,10.680000305175781,10.710000038146973,10.313036918640137,176100
2024-02-21,10.720000267028809,10.819999694824219,10.720000267028809,10.760000228881836,10.361185073852539,225400
2024-02-22,10.779999732971191,10.859999656677246,10.739999771118164,10.760000228881836,10.361185073852539,220000
2024-02-23,10.800000190734863,10.850000381469727,10.75,10.84000015258789,10.43821907043457,209300
2024-02-26,10.84000015258789,10.84000015258789,10.760000228881836,10.800000190734863,10.399701118469238,121200
2024-02-27,10.800000190734863,10.800000190734863,10.760000228881836,10.760000228881836,10.361185073852539,133700
2024-02-28,10.770000457763672,10.800000190734863,10.760000228881836,10.800000190734863,10.399701118469238,85200
2024-02-29,10.850000381469727,10.869999885559082,10.800000190734863,10.829999923706055,10.4285888671875,83400
2024-03-01,10.829999923706055,10.84000015258789,10.779999732971191,10.829999923706055,10.4285888671875,113800
2024-03-04,10.8100004196167,10.84000015258789,10.779999732971191,10.84000015258789,10.43821907043457,228400
2024-03-05,10.869999885559082,10.899999618530273,10.850000381469727,10.880000114440918,10.476736068725586,157900
2024-03-06,10.859999656677246,10.920000076293945,10.850000381469727,10.899999618530273,10.495994567871094,277900
2024-03-07,10.899999618530273,10.970000267028809,10.899999618530273,10.970000267028809,10.563399314880371,274600
2024-03-08,10.960000038146973,11.0,10.960000038146973,10.989999771118164,10.582659721374512,98000
2024-03-11,10.970000267028809,11.010000228881836,10.970000267028809,11.010000228881836,10.601917266845703,75300
2024-03-12,11.010000228881836,11.069999694824219,11.010000228881836,11.069999694824219,10.659693717956543,231500
2024-03-13,11.0600004196167,11.09000015258789,11.050000190734863,11.079999923706055,10.669322967529297,102500
2024-03-14,10.979999542236328,10.989999771118164,10.920000076293945,10.930000305175781,10.569718360900879,129900
2024-03-15,10.979999542236328,11.029999732971191,10.90999984741211,11.029999732971191,10.666421890258789,108900
2024-03-18,11.0,11.050000190734863,11.0,11.039999961853027,10.676092147827148,171000
2024-03-19,11.039999961853027,11.0600004196167,11.020000457763672,11.039999961853027,10.676092147827148,78700
2024-03-20,11.020000457763672,11.039999961853027,10.989999771118164,11.0,10.637410163879395,143500
2024-03-21,11.020000457763672,11.069999694824219,11.0,11.020000457763672,10.656752586364746,195900
2024-03-22,11.0600004196167,11.0600004196167,11.020000457763672,11.020000457763672,10.656752586364746,123100
2024-03-25,10.989999771118164,11.020000457763672,10.979999542236328,10.989999771118164,10.627741813659668,73900
2024-03-26,11.010000228881836,11.020000457763672,10.880000114440918,10.890000343322754,10.531038284301758,186100
2024-03-27,10.9399995803833,10.949999809265137,10.850000381469727,10.859999656677246,10.502025604248047,245800
2024-03-28,10.859999656677246,10.890000343322754,10.84000015258789,10.869999885559082,10.511695861816406,62800
2024-04-01,10.869999885559082,10.890000343322754,10.779999732971191,10.789999961853027,10.434332847595215,170200
2024-04-02,10.600000381469727,10.770000457763672,10.600000381469727,10.770000457763672,10.414992332458496,99000
2024-04-03,10.720000267028809,10.760000228881836,10.710000038146973,10.739999771118164,10.385981559753418,137100
2024-04-04,10.819999694824219,10.819999694824219,10.779999732971191,10.789999961853027,10.434332847595215,102700
2024-04-05,10.760000228881836,10.800000190734863,10.729999542236328,10.75,10.395650863647461,88000
2024-04-08,10.770000457763672,10.800000190734863,10.760000228881836,10.779999732971191,10.424662590026855,100400
2024-04-09,10.760000228881836,10.819999694824219,10.760000228881836,10.8100004196167,10.45367431640625,98600
2024-04-10,10.6899995803833,10.720000267028809,10.65999984741211,10.670000076293945,10.318288803100586,130600
2024-04-11,10.75,10.75,10.640000343322754,10.649999618530273,10.29894733428955,126300
2024-04-12,10.600000381469727,10.649999618530273,10.579999923706055,10.630000114440918,10.325174331665039,124400
2024-04-15,10.5600004196167,10.630000114440918,10.489999771118164,10.520000457763672,10.218328475952148,268000
2024-04-16,10.5,10.550000190734863,10.470000267028809,10.539999961853027,10.237753868103027,151000
2024-04-17,10.59000015258789,10.59000015258789,10.520000457763672,10.550000190734863,10.247467994689941,163200
2024-04-18,10.569999694824219,10.600000381469727,10.550000190734863,10.59000015258789,10.286320686340332,148600
2024-04-19,10.619999885559082,10.649999618530273,10.59000015258789,10.619999885559082,10.315460205078125,96600
2024-04-22,10.600000381469727,10.649999618530273,10.600000381469727,10.640000343322754,10.334887504577637,139200
2024-04-23,10.609999656677246,10.720000267028809,10.609999656677246,10.6899995803833,10.383452415466309,101400
2024-04-24,10.670000076293945,10.699999809265137,10.640000343322754,10.699999809265137,10.393166542053223,94100
2024-04-25,10.630000114440918,10.630000114440918,10.550000190734863,10.600000381469727,10.296034812927246,81900
2024-04-26,10.600000381469727,10.65999984741211,10.600000381469727,10.600000381469727,10.296034812927246,64600
2024-04-29,10.609999656677246,10.65999984741211,10.59000015258789,10.65999984741211,10.354312896728516,112600
2024-04-30,10.640000343322754,10.649999618530273,10.619999885559082,10.640000343322754,10.334887504577637,116100
2024-05-01,10.680000305175781,10.739999771118164,10.640000343322754,10.720000267028809,10.412592887878418,138300
2024-05-02,10.710000038146973,10.770000457763672,10.710000038146973,10.770000457763672,10.461159706115723,60500
2024-05-03,10.819999694824219,10.880000114440918,10.819999694824219,10.869999885559082,10.558290481567383,38100
2024-05-06,10.899999618530273,10.9399995803833,10.880000114440918,10.90999984741211,10.597145080566406,66300
2024-05-07,10.9399995803833,11.0,10.880000114440918,10.899999618530273,10.58742904663086,214100
2024-05-08,10.890000343322754,10.920000076293945,10.890000343322754,10.90999984741211,10.597145080566406,60900
2024-05-09,10.960000038146973,10.960000038146973,10.869999885559082,10.880000114440918,10.568005561828613,258900
2024-05-10,10.90999984741211,10.90999984741211,10.84000015258789,10.869999885559082,10.558290481567383,110500
2024-05-13,10.930000305175781,10.930000305175781,10.829999923706055,10.850000381469727,10.538865089416504,121300
2024-05-14,10.819999694824219,10.869999885559082,10.819999694824219,10.859999656677246,10.59446907043457,127900
2024-05-15,10.869999885559082,10.90999984741211,10.859999656677246,10.869999885559082,10.604226112365723,115600
2024-05-16,10.859999656677246,10.880000114440918,10.850000381469727,10.880000114440918,10.613981246948242,83400
2024-05-17,10.869999885559082,10.960000038146973,10.869999885559082,10.899999618530273,10.633492469787598,123500
2024-05-20,10.90999984741211,10.920000076293945,10.869999885559082,10.890000343322754,10.623737335205078,142100
2024-05-21,10.920000076293945,10.930000305175781,10.859999656677246,10.880000114440918,10.613981246948242,132600
2024-05-22,10.859999656677246,10.899999618530273,10.8100004196167,10.8100004196167,10.545693397521973,65400
2024-05-23,10.8100004196167,10.829999923706055,10.729999542236328,10.789999961853027,10.5261812210083,136900
2024-05-24,10.800000190734863,10.850000381469727,10.760000228881836,10.850000381469727,10.584714889526367,40000
2024-05-28,10.819999694824219,10.84000015258789,10.75,10.760000228881836,10.496916770935059,100900
2024-05-29,10.75,10.75,10.670000076293945,10.6899995803833,10.428627014160156,144300
2024-05-30,10.710000038146973,10.720000267028809,10.680000305175781,10.699999809265137,10.438383102416992,64500
2024-05-31,10.720000267028809,10.800000190734863,10.710000038146973,10.729999542236328,10.467649459838867,87800
2024-06-03,10.8100004196167,10.859999656677246,10.770000457763672,10.789999961853027,10.5261812210083,89900
2024-06-04,10.930000305175781,10.960000038146973,10.880000114440918,10.899999618530273,10.633492469787598,115700
2024-06-05,10.949999809265137,10.970000267028809,10.899999618530273,10.9399995803833,10.672514915466309,129800
2024-06-06,10.970000267028809,10.989999771118164,10.930000305175781,10.9399995803833,10.672514915466309,162900
2024-06-07,10.880000114440918,10.90999984741211,10.859999656677246,10.90999984741211,10.643248558044434,155100
2024-06-10,10.90999984741211,10.960000038146973,10.859999656677246,10.960000038146973,10.692026138305664,138000
2024-06-11,10.979999542236328,11.039999961853027,10.949999809265137,11.0,10.731047630310059,88400
2024-06-12,11.079999923706055,11.140000343322754,11.050000190734863,11.069999694824219,10.799334526062012,63400
2024-06-13,11.079999923706055,11.100000381469727,11.050000190734863,11.069999694824219,10.799334526062012,189900
2024-06-14,11.020000457763672,11.039999961853027,10.979999542236328,11.0,10.798354148864746,108000
2024-06-17,10.949999809265137,10.989999771118164,10.9399995803833,10.949999809265137,10.74927043914795,152800
2024-06-18,11.0,11.020000457763672,10.949999809265137,11.020000457763672,10.817988395690918,90500
2024-06-20,10.960000038146973,10.989999771118164,10.930000305175781,10.9399995803833,10.73945426940918,118200
2024-06-21,10.920000076293945,10.989999771118164,10.920000076293945,10.979999542236328,10.77872085571289,149100
2024-06-24,10.970000267028809,11.039999961853027,10.970000267028809,11.010000228881836,10.808171272277832,101100
2024-06-25,11.050000190734863,11.0600004196167,10.989999771118164,11.0,10.798354148864746,124600
2024-06-26,10.979999542236328,11.039999961853027,10.960000038146973,11.039999961853027,10.837620735168457,105200
2024-06-27,11.050000190734863,11.199999809265137,10.960000038146973,11.0600004196167,10.857254028320312,178500
2024-06-28,11.140000343322754,11.149999618530273,11.029999732971191,11.09000015258789,10.886704444885254,182500
2024-07-01,11.119999885559082,11.149999618530273,11.020000457763672,11.069999694824219,10.867070198059082,207300
2024-07-02,11.09000015258789,11.109999656677246,11.079999923706055,11.100000381469727,10.896522521972656,115800
2024-07-03,11.079999923706055,11.100000381469727,11.029999732971191,11.029999732971191,10.827804565429688,71200
2024-07-05,11.079999923706055,11.100000381469727,11.0600004196167,11.09000015258789,10.886704444885254,73600
2024-07-08,11.0600004196167,11.09000015258789,11.020000457763672,11.050000190734863,10.847437858581543,125700
2024-07-09,11.069999694824219,11.069999694824219,11.020000457763672,11.039999961853027,10.837620735168457,85000
2024-07-10,11.09000015258789,11.09000015258789,11.010000228881836,11.039999961853027,10.837620735168457,136000
2024-07-11,11.149999618530273,11.1899995803833,11.0600004196167,11.170000076293945,10.965238571166992,321500
2024-07-12,11.180000305175781,11.1899995803833,11.149999618530273,11.15999984741211,10.955421447753906,176100
2024-07-15,11.069999694824219,11.079999923706055,11.020000457763672,11.020000457763672,10.885290145874023,149800
2024-07-16,11.050000190734863,11.100000381469727,11.010000228881836,11.020000457763672,10.885290145874023,217200
2024-07-17,11.029999732971191,11.029999732971191,10.960000038146973,10.989999771118164,10.855655670166016,153400
2024-07-18,10.989999771118164,11.0,10.90999984741211,10.920000076293945,10.786511421203613,236200
2024-07-19,10.9399995803833,10.970000267028809,10.829999923706055,10.84000015258789,10.707489013671875,617500
2024-07-22,10.880000114440918,10.920000076293945,10.84000015258789,10.920000076293945,10.786511421203613,155700
2024-07-23,10.920000076293945,10.970000267028809,10.899999618530273,10.960000038146973,10.82602310180664,185500
2024-07-24,10.960000038146973,10.960000038146973,10.890000343322754,10.90999984741211,10.776633262634277,236700
2024-07-25,10.9399995803833,10.949999809265137,10.90999984741211,10.930000305175781,10.79638957977295,124600
2024-07-26,10.920000076293945,10.949999809265137,10.899999618530273,10.9399995803833,10.806266784667969,118700
2024-07-29,10.9399995803833,10.970000267028809,10.920000076293945,10.970000267028809,10.83590030670166,182200
2024-07-30,10.960000038146973,10.989999771118164,10.899999618530273,10.989999771118164,10.855655670166016,190200
2024-07-31,11.0,11.0600004196167,10.970000267028809,11.039999961853027,10.905044555664062,204600
2024-08-01,11.079999923706055,11.140000343322754,11.039999961853027,11.140000343322754,11.003822326660156,342600
2024-08-02,11.140000343322754,11.180000305175781,11.100000381469727,11.140000343322754,11.003822326660156,198800
2024-08-05,11.010000228881836,11.069999694824219,10.979999542236328,11.020000457763672,10.885290145874023,196400
2024-08-06,11.029999732971191,11.119999885559082,11.020000457763672,11.09000015258789,10.95443344116211,158600
2024-08-07,11.149999618530273,11.260000228881836,11.09000015258789,11.130000114440918,10.99394416809082,210400
2024-08-08,11.149999618530273,11.15999984741211,11.069999694824219,11.09000015258789,10.95443344116211,129900
2024-08-09,11.130000114440918,11.130000114440918,11.069999694824219,11.09000015258789,10.95443344116211,142800
2024-08-12,11.100000381469727,11.149999618530273,11.069999694824219,11.109999656677246,10.974188804626465,119400
2024-08-13,11.1899995803833,11.199999809265137,11.130000114440918,11.199999809265137,11.063088417053223,107300
2024-08-14,11.1899995803833,11.25,11.170000076293945,11.180000305175781,11.043334007263184,132600
2024-08-15,11.109999656677246,11.119999885559082,11.050000190734863,11.050000190734863,10.982705116271973,138700
2024-08-16,11.079999923706055,11.100000381469727,11.0600004196167,11.069999694824219,11.002582550048828,84600
2024-08-19,11.0600004196167,11.109999656677246,11.0600004196167,11.079999923706055,11.01252269744873,77500
2024-08-20,11.119999885559082,11.140000343322754,11.109999656677246,11.140000343322754,11.07215690612793,72600
2024-08-21,11.170000076293945,11.180000305175781,11.109999656677246,11.149999618530273,11.0820951461792,112800
2024-08-22,11.149999618530273,11.149999618530273,11.100000381469727,11.109999656677246,11.042339324951172,83500
2024-08-23,11.170000076293945,11.170000076293945,11.119999885559082,11.140000343322754,11.07215690612793,129400
2024-08-26,11.239999771118164,11.239999771118164,11.109999656677246,11.119999885559082,11.052278518676758,131300
2024-08-27,11.100000381469727,11.140000343322754,11.09000015258789,11.109999656677246,11.042339324951172,130900
2024-08-28,11.100000381469727,11.100000381469727,11.0600004196167,11.079999923706055,11.01252269744873,96300
2024-08-29,11.100000381469727,11.100000381469727,11.069999694824219,11.079999923706055,11.01252269744873,80500
2024-08-30,11.119999885559082,11.130000114440918,11.069999694824219,11.09000015258789,11.022461891174316,228800
2024-09-03,11.140000343322754,11.140000343322754,11.079999923706055,11.100000381469727,11.032401084899902,294400
2024-09-04,11.069999694824219,11.100000381469727,11.069999694824219,11.09000015258789,11.022461891174316,173000
2024-09-05,11.119999885559082,11.149999618530273,11.079999923706055,11.079999923706055,11.01252269744873,192100
2024-09-06,11.109999656677246,11.140000343322754,11.079999923706055,11.100000381469727,11.032401084899902,217500
2024-09-09,11.140000343322754,11.15999984741211,11.100000381469727,11.15999984741211,11.092035293579102,204400
2024-09-10,11.149999618530273,11.15999984741211,11.100000381469727,11.149999618530273,11.0820951461792,202000
2024-09-11,11.180000305175781,11.300000190734863,11.149999618530273,11.25,11.181487083435059,349700
2024-09-12,11.289999961853027,11.359999656677246,11.239999771118164,11.329999923706055,11.26099967956543,148400
2024-09-13,11.260000228881836,11.329999923706055,11.260000228881836,11.279999732971191,11.279999732971191,118100
2024-09-16,11.319999694824219,11.319999694824219,11.25,11.270000457763672,11.270000457763672,156900
2024-09-17,11.270000457763672,11.270000457763672,11.170000076293945,11.210000038146973,11.210000038146973,196800
2024-09-18,11.239999771118164,11.270000457763672,11.180000305175781,11.229999542236328,11.229999542236328,375600
2024-09-19,11.260000228881836,11.260000228881836,11.199999809265137,11.220000267028809,11.220000267028809,209500
2024-09-20,11.1899995803833,11.220000267028809,11.180000305175781,11.199999809265137,11.199999809265137,149400
2024-09-23,11.199999809265137,11.220000267028809,11.149999618530273,11.220000267028809,11.220000267028809,242400
2024-09-24,11.199999809265137,11.210000038146973,11.15999984741211,11.210000038146973,11.210000038146973,88500
2024-09-25,11.199999809265137,11.210000038146973,11.149999618530273,11.15999984741211,11.15999984741211,251500
2024-09-26,11.170000076293945,11.180000305175781,11.130000114440918,11.15999984741211,11.15999984741211,133900
2024-09-27,11.170000076293945,11.1899995803833,11.15999984741211,11.180000305175781,11.180000305175781,290500
2024-09-30,11.1899995803833,11.220000267028809,11.170000076293945,11.199999809265137,11.199999809265137,276700
2024-10-01,11.270000457763672,11.289999961853027,11.239999771118164,11.260000228881836,11.260000228881836,291600
2024-10-02,11.239999771118164,11.260000228881836,11.199999809265137,11.260000228881836,11.260000228881836,247800
2024-10-03,11.260000228881836,11.260000228881836,11.1899995803833,11.210000038146973,11.210000038146973,105700
2024-10-04,11.170000076293945,11.1899995803833,11.130000114440918,11.170000076293945,11.170000076293945,158300
2024-10-07,11.149999618530273,11.149999618530273,11.079999923706055,11.119999885559082,11.119999885559082,271400
2024-10-08,11.119999885559082,11.149999618530273,11.100000381469727,11.140000343322754,11.140000343322754,115600
2024-10-09,11.130000114440918,11.149999618530273,11.100000381469727,11.100000381469727,11.100000381469727,87700
2024-10-10,11.109999656677246,11.130000114440918,11.079999923706055,11.100000381469727,11.100000381469727,106800
