Date,Open,High,Low,Close,Adj Close,Volume
1984-10-19,0.0,3.1463398933410645,3.118980884552002,3.118980884552002,0.4431612491607666,1846709
1984-10-22,0.0,3.1463398933410645,3.118980884552002,3.1326611042022705,0.44510501623153687,109651
1984-10-23,0.0,3.1463398933410645,3.1053009033203125,3.1326611042022705,0.44510501623153687,47516
1984-10-24,0.0,3.1463398933410645,3.1326611042022705,3.1326611042022705,0.44510501623153687,72187
1984-10-25,0.0,3.050581932067871,3.0232229232788086,3.0369019508361816,0.4314989745616913,76756
1984-10-26,0.0,3.0642619132995605,3.009542942047119,3.009542942047119,0.4276117980480194,61222
1984-10-29,0.0,3.0369019508361816,3.009542942047119,3.0232229232788086,0.4295557737350464,135236
1984-10-30,0.0,3.0369019508361816,3.0232229232788086,3.0369019508361816,0.4314989745616913,302455
1984-10-31,0.0,3.0232229232788086,2.9821839332580566,2.9958629608154297,0.4256681501865387,191890
1984-11-01,0.0,3.0232229232788086,2.9821839332580566,3.009542942047119,0.4276117980480194,109651
1984-11-02,0.0,3.0369019508361816,2.9958629608154297,3.0232229232788086,0.4295557737350464,168132
1984-11-05,0.0,3.0642619132995605,3.0232229232788086,3.0369019508361816,0.4314989745616913,40205
1984-11-06,0.0,3.0642619132995605,3.0369019508361816,3.0642619132995605,0.4353865385055542,109651
1984-11-07,0.0,3.050581932067871,3.009542942047119,3.0232229232788086,0.4295557737350464,173614
1984-11-08,0.0,3.050581932067871,3.009542942047119,3.050581932067871,0.4334428906440735,151684
1984-11-09,0.0,3.050581932067871,3.050581932067871,3.050581932067871,0.4334428906440735,47516
1984-11-12,0.0,3.0642619132995605,3.0369019508361816,3.050581932067871,0.4334428906440735,66704
1984-11-13,0.0,3.091620922088623,3.0642619132995605,3.0642619132995605,0.4353865385055542,265904
1984-11-14,0.0,3.091620922088623,3.050581932067871,3.050581932067871,0.4334428906440735,245801
1984-11-15,0.0,3.050581932067871,3.0232229232788086,3.0232229232788086,0.4295557737350464,141633
1984-11-16,0.0,3.0642619132995605,3.0232229232788086,3.0642619132995605,0.4353865385055542,255853
1984-11-19,0.0,3.07794189453125,3.0232229232788086,3.0642619132995605,0.4353865385055542,60308
1984-11-20,0.0,3.0642619132995605,3.050581932067871,3.050581932067871,0.4334428906440735,1536944
1984-11-21,0.0,3.0642619132995605,3.0232229232788086,3.0369019508361816,0.4314989745616913,676182
1984-11-23,0.0,3.050581932067871,3.0369019508361816,3.0369019508361816,0.4314989745616913,21930
1984-11-26,0.0,3.1053009033203125,3.0642619132995605,3.07794189453125,0.4373304843902588,152598
1984-11-27,0.0,3.07794189453125,3.050581932067871,3.0642619132995605,0.4353865385055542,97772
1984-11-28,0.0,3.1053009033203125,3.0642619132995605,3.07794189453125,0.4373304843902588,31068
1984-11-29,0.0,3.1053009033203125,3.050581932067871,3.050581932067871,0.4334428906440735,38378
1984-11-30,0.0,3.091620922088623,3.0642619132995605,3.07794189453125,0.4373304843902588,23758
1984-12-03,0.0,3.0642619132995605,3.050581932067871,3.050581932067871,0.4334428906440735,24672
1984-12-04,0.0,3.07794189453125,3.0232229232788086,3.050581932067871,0.4334428906440735,43860
1984-12-05,0.0,3.0642619132995605,3.050581932067871,3.050581932067871,0.4334428906440735,8224
1984-12-06,0.0,3.091620922088623,2.9958629608154297,2.9958629608154297,0.4256681501865387,221130
1984-12-07,0.0,3.0232229232788086,2.9958629608154297,2.9958629608154297,0.4256681501865387,33809
1984-12-10,0.0,3.0232229232788086,2.9821839332580566,3.0232229232788086,0.4295557737350464,7310
1984-12-11,0.0,3.009542942047119,2.968503952026367,2.968503952026367,0.4217807948589325,149857
1984-12-12,0.0,2.968503952026367,2.9411439895629883,2.9411439895629883,0.4178932309150696,183666
1984-12-13,0.0,2.9548239707946777,2.9274649620056152,2.9548239707946777,0.41983723640441895,27413
1984-12-14,0.0,2.9548239707946777,2.913784980773926,2.9411439895629883,0.4178932309150696,57567
1984-12-17,0.0,2.9821839332580566,2.913784980773926,2.9821839332580566,0.42372432351112366,49343
1984-12-18,0.0,3.050581932067871,2.968503952026367,3.0369019508361816,0.4314989745616913,84066
1984-12-19,0.0,3.118980884552002,3.050581932067871,3.118980884552002,0.4431612491607666,82238
1984-12-20,0.0,3.160020112991333,3.091620922088623,3.160020112991333,0.4489927887916565,523584
1984-12-21,0.0,3.1737000942230225,3.091620922088623,3.1053009033203125,0.44121772050857544,510792
1984-12-24,0.0,3.1053009033203125,3.0232229232788086,3.0232229232788086,0.4295557737350464,27413
1984-12-26,0.0,3.091620922088623,3.0369019508361816,3.091620922088623,0.4392741918563843,62136
1984-12-27,0.0,3.091620922088623,3.050581932067871,3.091620922088623,0.4392741918563843,12793
1984-12-28,0.0,3.07794189453125,3.0642619132995605,3.07794189453125,0.4373304843902588,31068
1984-12-31,0.0,3.160020112991333,3.091620922088623,3.160020112991333,0.4489927887916565,74928
1985-01-02,0.0,3.160020112991333,3.1053009033203125,3.118980884552002,0.4431612491607666,52998
1985-01-03,0.0,3.1463398933410645,3.118980884552002,3.1326611042022705,0.44510501623153687,21930
1985-01-04,0.0,3.118980884552002,3.1053009033203125,3.1053009033203125,0.44121772050857544,66704
1985-01-07,0.0,3.160020112991333,3.07794189453125,3.118980884552002,0.4431612491607666,1197939
1985-01-08,0.0,3.1463398933410645,3.118980884552002,3.1326611042022705,0.44510501623153687,199200
1985-01-09,0.0,3.160020112991333,3.1326611042022705,3.160020112991333,0.4489927887916565,22844
1985-01-10,0.0,3.2420990467071533,3.1463398933410645,3.2420990467071533,0.4606545865535736,197372
1985-01-11,0.0,3.2420990467071533,3.160020112991333,3.160020112991333,0.4489927887916565,950310
1985-01-14,0.0,3.2420990467071533,3.160020112991333,3.2147390842437744,0.45676708221435547,94117
1985-01-15,0.0,3.3104970455169678,3.2147390842437744,3.228419065475464,0.45871081948280334,180924
1985-01-16,0.0,3.3104970455169678,3.228419065475464,3.3104970455169678,0.4703730642795563,215647
1985-01-17,0.0,3.365216016769409,3.2968180179595947,3.365216016769409,0.4781477749347687,530895
1985-01-18,0.0,3.5293729305267334,3.4609739780426025,3.502013921737671,0.49758458137512207,1392570
1985-01-21,0.0,3.515692949295044,3.474653959274292,3.4883339405059814,0.49564123153686523,487034
1985-01-22,0.0,3.5293729305267334,3.4199349880218506,3.4609739780426025,0.491753488779068,293317
1985-01-23,0.0,3.515692949295044,3.4609739780426025,3.502013921737671,0.49758458137512207,334436
1985-01-24,0.0,3.502013921737671,3.474653959274292,3.502013921737671,0.49758458137512207,315247
1985-01-25,0.0,3.43361496925354,3.351536989212036,3.406255006790161,0.4839789569377899,3497873
1985-01-28,0.0,3.4609739780426025,3.351536989212036,3.4609739780426025,0.491753488779068,205596
1985-01-29,0.0,3.515692949295044,3.4609739780426025,3.515692949295044,0.4995284974575043,305196
1985-01-30,0.0,3.515692949295044,3.4609739780426025,3.4883339405059814,0.49564123153686523,178183
1985-01-31,0.0,3.502013921737671,3.4609739780426025,3.4883339405059814,0.49564123153686523,197372
1985-02-01,0.0,3.515692949295044,3.4609739780426025,3.4609739780426025,0.491753488779068,178183
1985-02-04,0.0,3.515692949295044,3.43361496925354,3.502013921737671,0.49758458137512207,119703
1985-02-05,0.0,3.5293729305267334,3.4609739780426025,3.4883339405059814,0.49564123153686523,243974
1985-02-06,0.0,3.502013921737671,3.4609739780426025,3.502013921737671,0.49758458137512207,212906
1985-02-07,0.0,3.6524910926818848,3.502013921737671,3.611452102661133,0.5131344795227051,314333
1985-02-08,0.0,3.6388111114501953,3.5567328929901123,3.584091901779175,0.5092467069625854,275956
1985-02-11,0.0,3.5977718830108643,3.543052911758423,3.543052911758423,0.5034158825874329,194631
1985-02-12,0.0,3.543052911758423,3.515692949295044,3.515692949295044,0.4995284974575043,137978
1985-02-13,0.0,3.5293729305267334,3.515692949295044,3.5293729305267334,0.5014721155166626,229354
1985-02-14,0.0,3.5293729305267334,3.4883339405059814,3.5293729305267334,0.5014721155166626,201027
1985-02-15,0.0,3.5293729305267334,3.474653959274292,3.515692949295044,0.4995284974575043,258594
1985-02-19,0.0,3.515692949295044,3.474653959274292,3.4883339405059814,0.49564123153686523,75842
1985-02-20,0.0,3.502013921737671,3.4472949504852295,3.4609739780426025,0.491753488779068,130668
1985-02-21,0.0,3.4609739780426025,3.43361496925354,3.43361496925354,0.4878665804862976,169959
1985-02-22,0.0,3.4609739780426025,3.4199349880218506,3.4472949504852295,0.4898098409175873,250370
1985-02-25,0.0,3.4472949504852295,3.406255006790161,3.4472949504852295,0.4898098409175873,194631
1985-02-26,0.0,3.4609739780426025,3.392575979232788,3.43361496925354,0.4878665804862976,456880
1985-02-27,0.0,3.43361496925354,3.3378570079803467,3.392575979232788,0.4820351302623749,388348
1985-02-28,0.0,3.4883339405059814,3.406255006790161,3.4883339405059814,0.49564123153686523,300627
1985-03-01,0.0,3.4883339405059814,3.4472949504852295,3.4883339405059814,0.49564123153686523,665217
1985-03-04,0.0,3.4883339405059814,3.406255006790161,3.4609739780426025,0.491753488779068,138892
1985-03-05,0.0,3.4883339405059814,3.4199349880218506,3.4883339405059814,0.49564123153686523,116048
1985-03-06,0.0,3.474653959274292,3.4199349880218506,3.4609739780426025,0.491753488779068,95031
1985-03-07,0.0,3.4883339405059814,3.43361496925354,3.43361496925354,0.4878665804862976,129754
1985-03-08,0.0,3.4472949504852295,3.4199349880218506,3.4199349880218506,0.4859226942062378,88635
1985-03-11,0.0,3.474653959274292,3.406255006790161,3.4609739780426025,0.491753488779068,69446
1985-03-12,0.0,3.4609739780426025,3.392575979232788,3.4609739780426025,0.491753488779068,372814
1985-03-13,0.0,3.4609739780426025,3.406255006790161,3.43361496925354,0.4878665804862976,69446
1985-03-14,0.0,3.43361496925354,3.406255006790161,3.4199349880218506,0.4859226942062378,85893
1985-03-15,0.0,3.43361496925354,3.406255006790161,3.43361496925354,0.4878665804862976,74928
1985-03-18,0.0,3.4609739780426025,3.4199349880218506,3.4609739780426025,0.491753488779068,94117
1985-03-19,0.0,3.474653959274292,3.406255006790161,3.4609739780426025,0.491753488779068,113306
1985-03-20,0.0,3.4609739780426025,3.392575979232788,3.43361496925354,0.4878665804862976,132495
1985-03-21,0.0,3.4609739780426025,3.406255006790161,3.4609739780426025,0.491753488779068,131581
1985-03-22,0.0,3.4472949504852295,3.392575979232788,3.392575979232788,0.4820351302623749,127013
1985-03-25,0.0,3.4199349880218506,3.365216016769409,3.406255006790161,0.4839789569377899,50257
1985-03-26,0.0,3.406255006790161,3.3788959980010986,3.406255006790161,0.4839789569377899,98686
1985-03-27,0.0,3.406255006790161,3.392575979232788,3.406255006790161,0.4839789569377899,103255
1985-03-28,0.0,3.406255006790161,3.3788959980010986,3.392575979232788,0.4820351302623749,131581
1985-03-29,0.0,3.4199349880218506,3.392575979232788,3.406255006790161,0.4839789569377899,155339
1985-04-01,0.0,3.4472949504852295,3.406255006790161,3.4199349880218506,0.4859226942062378,101427
1985-04-02,0.0,3.43361496925354,3.406255006790161,3.43361496925354,0.4878665804862976,136150
1985-04-03,0.0,3.43361496925354,3.406255006790161,3.43361496925354,0.4878665804862976,55739
1985-04-04,0.0,3.43361496925354,3.3788959980010986,3.3788959980010986,0.48009192943573,112392
1985-04-08,0.0,3.392575979232788,3.3104970455169678,3.3241770267486572,0.47231680154800415,131581
1985-04-09,0.0,3.351536989212036,3.2831380367279053,3.351536989212036,0.47620439529418945,136150
1985-04-10,0.0,3.351536989212036,3.3241770267486572,3.351536989212036,0.47620439529418945,48429
1985-04-11,0.0,3.392575979232788,3.3104970455169678,3.3104970455169678,0.4703730642795563,321644
1985-04-12,0.0,3.3378570079803467,3.2420990467071533,3.2831380367279053,0.46648573875427246,3768346
1985-04-15,0.0,3.3104970455169678,3.2557780742645264,3.3104970455169678,0.4703730642795563,165391
1985-04-16,0.0,3.365216016769409,3.3378570079803467,3.365216016769409,0.4781477749347687,154425
1985-04-17,0.0,3.365216016769409,3.351536989212036,3.351536989212036,0.47620439529418945,73101
1985-04-18,0.0,3.365216016769409,3.3104970455169678,3.365216016769409,0.4781477749347687,94117
1985-04-19,0.0,3.392575979232788,3.351536989212036,3.392575979232788,0.4820351302623749,106910
1985-04-22,0.0,3.3788959980010986,3.3378570079803467,3.3788959980010986,0.48009192943573,124271
1985-04-23,0.0,3.3788959980010986,3.3378570079803467,3.3788959980010986,0.48009192943573,217475
1985-04-24,0.0,3.365216016769409,3.3241770267486572,3.351536989212036,0.47620439529418945,1229007
1985-04-25,0.0,3.3788959980010986,3.3104970455169678,3.3378570079803467,0.4742606282234192,1286574
1985-04-26,0.0,3.365216016769409,3.3241770267486572,3.3241770267486572,0.47231680154800415,46602
1985-04-29,0.0,3.365216016769409,3.3378570079803467,3.365216016769409,0.4781477749347687,74928
1985-04-30,0.0,3.365216016769409,3.3378570079803467,3.365216016769409,0.4781477749347687,68532
1985-05-01,0.0,3.365216016769409,3.3378570079803467,3.3378570079803467,0.4742606282234192,94117
1985-05-02,0.0,3.3788959980010986,3.3378570079803467,3.3788959980010986,0.48009192943573,111479
1985-05-03,0.0,3.474653959274292,3.3788959980010986,3.474653959274292,0.49369749426841736,342660
1985-05-06,0.0,3.611452102661133,3.4883339405059814,3.611452102661133,0.5131344795227051,328040
1985-05-07,0.0,3.666171073913574,3.543052911758423,3.5567328929901123,0.5053598284721375,194631
1985-05-08,0.0,3.515692949295044,3.474653959274292,3.4883339405059814,0.49564123153686523,89548
1985-05-09,0.0,3.584091901779175,3.515692949295044,3.543052911758423,0.5034158825874329,116961
1985-05-10,0.0,3.515692949295044,3.474653959274292,3.502013921737671,0.49758458137512207,75842
1985-05-13,0.0,3.5704119205474854,3.474653959274292,3.5567328929901123,0.5053598284721375,90462
1985-05-14,0.0,3.584091901779175,3.515692949295044,3.543052911758423,0.5034158825874329,122444
1985-05-15,0.0,3.5567328929901123,3.515692949295044,3.515692949295044,0.4995284974575043,79497
1985-05-16,0.0,3.5567328929901123,3.515692949295044,3.5567328929901123,0.5053598284721375,104169
1985-05-17,0.0,3.611452102661133,3.543052911758423,3.5977718830108643,0.5111904740333557,171787
1985-05-20,0.0,3.6935300827026367,3.543052911758423,3.6524910926818848,0.5189654231071472,184580
1985-05-21,0.0,3.6251308917999268,3.5704119205474854,3.5977718830108643,0.5111904740333557,2999874
1985-05-22,0.0,3.611452102661133,3.5704119205474854,3.584091901779175,0.5092467069625854,130668
1985-05-23,0.0,3.611452102661133,3.515692949295044,3.5977718830108643,0.5111904740333557,296058
1985-05-24,0.0,3.5977718830108643,3.5704119205474854,3.584091901779175,0.5092467069625854,41119
1985-05-28,0.0,3.5977718830108643,3.5704119205474854,3.5977718830108643,0.5111904740333557,104169
1985-05-29,0.0,3.5977718830108643,3.5293729305267334,3.584091901779175,0.5092467069625854,138892
1985-05-30,0.0,3.611452102661133,3.5704119205474854,3.611452102661133,0.5131344795227051,49343
1985-05-31,0.0,3.611452102661133,3.5567328929901123,3.584091901779175,0.5092467069625854,105082
1985-06-03,0.0,3.584091901779175,3.5293729305267334,3.5567328929901123,0.5053598284721375,79497
1985-06-04,0.0,3.5704119205474854,3.5293729305267334,3.5567328929901123,0.5053598284721375,126099
1985-06-05,0.0,3.5567328929901123,3.4883339405059814,3.5293729305267334,0.5014721155166626,190976
1985-06-06,0.0,3.5293729305267334,3.474653959274292,3.474653959274292,0.49369749426841736,148029
1985-06-07,0.0,3.515692949295044,3.4609739780426025,3.502013921737671,0.49758458137512207,180924
1985-06-10,0.0,3.6251308917999268,3.515692949295044,3.5977718830108643,0.5111904740333557,210165
1985-06-11,0.0,3.6251308917999268,3.5567328929901123,3.5704119205474854,0.5073033571243286,146202
1985-06-12,0.0,3.5704119205474854,3.4883339405059814,3.502013921737671,0.49758458137512207,68532
1985-06-13,0.0,3.543052911758423,3.43361496925354,3.4472949504852295,0.4898098409175873,89548
1985-06-14,0.0,3.5293729305267334,3.502013921737671,3.502013921737671,0.49758458137512207,115134
1985-06-17,0.0,3.5293729305267334,3.4472949504852295,3.4609739780426025,0.491753488779068,94117
1985-06-18,0.0,3.515692949295044,3.474653959274292,3.502013921737671,0.49758458137512207,90462
1985-06-19,0.0,3.515692949295044,3.502013921737671,3.502013921737671,0.49758458137512207,65791
1985-06-20,0.0,3.502013921737671,3.43361496925354,3.43361496925354,0.4878665804862976,73101
1985-06-21,0.0,3.584091901779175,3.351536989212036,3.584091901779175,0.5092467069625854,299713
1985-06-24,0.0,3.584091901779175,3.5293729305267334,3.5567328929901123,0.5053598284721375,79497
1985-06-25,0.0,3.584091901779175,3.5567328929901123,3.5704119205474854,0.5073033571243286,181838
1985-06-26,0.0,3.5704119205474854,3.543052911758423,3.5704119205474854,0.5073033571243286,127926
1985-06-27,0.0,3.5567328929901123,3.515692949295044,3.5293729305267334,0.5014721155166626,76756
1985-06-28,0.0,3.543052911758423,3.4883339405059814,3.502013921737671,0.49758458137512207,227526
1985-07-01,3.474653959274292,3.5293729305267334,3.474653959274292,3.474653959274292,0.49369749426841736,110565
1985-07-02,3.4883339405059814,3.543052911758423,3.4883339405059814,3.543052911758423,0.5034158825874329,86807
1985-07-03,3.543052911758423,3.5704119205474854,3.543052911758423,3.5567328929901123,0.5053598284721375,74928
1985-07-05,3.5567328929901123,3.5704119205474854,3.4883339405059814,3.4883339405059814,0.49564123153686523,141633
1985-07-08,3.4883339405059814,3.502013921737671,3.4199349880218506,3.4883339405059814,0.49564123153686523,69446
1985-07-09,3.4883339405059814,3.5293729305267334,3.474653959274292,3.4883339405059814,0.49564123153686523,146202
1985-07-10,3.4883339405059814,3.515692949295044,3.474653959274292,3.4883339405059814,0.49564123153686523,145288
1985-07-11,3.4883339405059814,3.5293729305267334,3.4609739780426025,3.502013921737671,0.49758458137512207,210165
1985-07-12,3.502013921737671,3.5293729305267334,3.4883339405059814,3.5293729305267334,0.5014721155166626,97772
1985-07-15,3.5293729305267334,3.5293729305267334,3.4883339405059814,3.5293729305267334,0.5014721155166626,103255
1985-07-16,3.5293729305267334,3.5567328929901123,3.515692949295044,3.5567328929901123,0.5053598284721375,133409
1985-07-17,3.5567328929901123,3.584091901779175,3.543052911758423,3.543052911758423,0.5034158825874329,339005
1985-07-18,3.543052911758423,3.5704119205474854,3.515692949295044,3.5567328929901123,0.5053598284721375,118789
1985-07-19,3.5567328929901123,3.5567328929901123,3.502013921737671,3.5293729305267334,0.5014721155166626,227526
1985-07-22,3.5293729305267334,3.5293729305267334,3.502013921737671,3.515692949295044,0.4995284974575043,3675143
1985-07-23,3.515692949295044,3.515692949295044,3.474653959274292,3.502013921737671,0.49758458137512207,146202
1985-07-24,3.502013921737671,3.502013921737671,3.4609739780426025,3.502013921737671,0.49758458137512207,106910
1985-07-25,3.406255006790161,3.406255006790161,3.365216016769409,3.392575979232788,0.4918725788593292,103255
1985-07-26,3.392575979232788,3.43361496925354,3.365216016769409,3.43361496925354,0.497823029756546,74928
1985-07-29,3.43361496925354,3.43361496925354,3.3788959980010986,3.3788959980010986,0.4898897111415863,77670
1985-07-30,3.3788959980010986,3.392575979232788,3.365216016769409,3.3788959980010986,0.4898897111415863,32895
1985-07-31,3.3788959980010986,3.392575979232788,3.3378570079803467,3.3788959980010986,0.4898897111415863,93204
1985-08-01,3.3788959980010986,3.406255006790161,3.365216016769409,3.392575979232788,0.4918725788593292,116048
1985-08-02,3.365216016769409,3.365216016769409,3.3104970455169678,3.3241770267486572,0.4819560647010803,62136
1985-08-05,3.3241770267486572,3.3378570079803467,3.1463398933410645,3.160020112991333,0.4581555128097534,176356
1985-08-06,3.160020112991333,3.187380075454712,3.1326611042022705,3.1326611042022705,0.45418885350227356,262249
1985-08-07,3.1326611042022705,3.201059103012085,3.091620922088623,3.1737000942230225,0.4601389169692993,190062
1985-08-08,3.1737000942230225,3.187380075454712,3.1463398933410645,3.1463398933410645,0.4561724066734314,88635
1985-08-09,3.1463398933410645,3.1737000942230225,3.1463398933410645,3.1463398933410645,0.4561724066734314,63963
1985-08-12,3.1463398933410645,3.1737000942230225,3.1463398933410645,3.160020112991333,0.4581555128097534,182752
1985-08-13,3.160020112991333,3.187380075454712,3.160020112991333,3.160020112991333,0.4581555128097534,87721
1985-08-14,3.160020112991333,3.2420990467071533,3.160020112991333,3.201059103012085,0.46410563588142395,197372
1985-08-15,3.201059103012085,3.2420990467071533,3.187380075454712,3.2420990467071533,0.47005587816238403,257680
1985-08-16,3.2420990467071533,3.2420990467071533,3.187380075454712,3.201059103012085,0.46410563588142395,53912
1985-08-19,3.201059103012085,3.2420990467071533,3.187380075454712,3.2147390842437744,0.4660887122154236,71273
1985-08-20,3.2147390842437744,3.269458055496216,3.201059103012085,3.2557780742645264,0.4720391035079956,52998
1985-08-21,3.2557780742645264,3.269458055496216,3.2557780742645264,3.269458055496216,0.4740227162837982,58481
1985-08-22,3.269458055496216,3.269458055496216,3.201059103012085,3.2420990467071533,0.47005587816238403,93204
1985-08-23,3.2420990467071533,3.2831380367279053,3.2420990467071533,3.2831380367279053,0.476005882024765,59394
1985-08-26,3.2831380367279053,3.2831380367279053,3.2831380367279053,3.2831380367279053,0.476005882024765,14620
1985-08-27,3.2831380367279053,3.2831380367279053,3.2557780742645264,3.2557780742645264,0.4720391035079956,26499
1985-08-28,3.2831380367279053,3.3241770267486572,3.2831380367279053,3.2968180179595947,0.47798916697502136,69446
1985-08-29,3.2968180179595947,3.2968180179595947,3.2557780742645264,3.269458055496216,0.4740227162837982,68532
1985-08-30,3.269458055496216,3.2968180179595947,3.2557780742645264,3.2968180179595947,0.47798916697502136,64877
1985-09-03,3.2968180179595947,3.2968180179595947,3.2557780742645264,3.2557780742645264,0.4720391035079956,74928
1985-09-04,3.2557780742645264,3.2831380367279053,3.2557780742645264,3.2831380367279053,0.476005882024765,49343
1985-09-05,3.2831380367279053,3.3104970455169678,3.2831380367279053,3.2968180179595947,0.47798916697502136,53912
1985-09-06,3.2968180179595947,3.3378570079803467,3.2968180179595947,3.3241770267486572,0.4819560647010803,52998
1985-09-09,3.3241770267486572,3.3378570079803467,3.3104970455169678,3.3378570079803467,0.4839392900466919,99600
1985-09-10,3.3378570079803467,3.3378570079803467,3.2968180179595947,3.2968180179595947,0.47798916697502136,113306
1985-09-11,3.2968180179595947,3.3241770267486572,3.2968180179595947,3.2968180179595947,0.47798916697502136,41119
1985-09-12,3.2968180179595947,3.2968180179595947,3.2557780742645264,3.269458055496216,0.4740227162837982,70360
1985-09-13,3.269458055496216,3.3241770267486572,3.2557780742645264,3.2831380367279053,0.476005882024765,107824
1985-09-16,3.2831380367279053,3.2968180179595947,3.2557780742645264,3.269458055496216,0.4740227162837982,67618
1985-09-17,3.269458055496216,3.269458055496216,3.2420990467071533,3.2557780742645264,0.4720391035079956,73101
1985-09-18,3.2557780742645264,3.269458055496216,3.228419065475464,3.2420990467071533,0.47005587816238403,174528
1985-09-19,3.228419065475464,3.228419065475464,3.2147390842437744,3.228419065475464,0.4680725038051605,813246
1985-09-20,3.228419065475464,3.2557780742645264,3.201059103012085,3.201059103012085,0.46410563588142395,115134
1985-09-23,3.201059103012085,3.201059103012085,3.187380075454712,3.201059103012085,0.46410563588142395,139805
1985-09-24,3.201059103012085,3.201059103012085,3.1737000942230225,3.1737000942230225,0.4601389169692993,26499
1985-09-25,3.1737000942230225,3.1737000942230225,3.1463398933410645,3.1463398933410645,0.4561724066734314,55739
1985-09-26,3.1463398933410645,3.1463398933410645,3.0642619132995605,3.0642619132995605,0.44427192211151123,237578
1985-09-30,3.0642619132995605,3.091620922088623,3.050581932067871,3.07794189453125,0.44625556468963623,263163
1985-10-01,3.07794189453125,3.07794189453125,3.0642619132995605,3.0642619132995605,0.44427192211151123,385607
1985-10-02,3.0642619132995605,3.091620922088623,3.0642619132995605,3.091620922088623,0.44823896884918213,81325
1985-10-03,3.091620922088623,3.1326611042022705,3.07794189453125,3.1326611042022705,0.45418885350227356,58481
1985-10-04,3.1326611042022705,3.1463398933410645,3.1053009033203125,3.118980884552002,0.452205628156662,42947
1985-10-07,3.118980884552002,3.1737000942230225,3.1053009033203125,3.1737000942230225,0.4601389169692993,52998
1985-10-08,3.1737000942230225,3.1737000942230225,3.091620922088623,3.1737000942230225,0.4601389169692993,183666
1985-10-09,3.1737000942230225,3.2147390842437744,3.1737000942230225,3.201059103012085,0.46410563588142395,62136
1985-10-10,3.201059103012085,3.2147390842437744,3.1737000942230225,3.1737000942230225,0.4601389169692993,59394
1985-10-11,3.1737000942230225,3.201059103012085,3.1463398933410645,3.160020112991333,0.4581555128097534,52998
1985-10-14,3.160020112991333,3.269458055496216,3.1326611042022705,3.160020112991333,0.4581555128097534,32895
1985-10-15,3.160020112991333,3.160020112991333,3.1326611042022705,3.1463398933410645,0.4561724066734314,104169
1985-10-16,3.1463398933410645,3.160020112991333,3.1326611042022705,3.1463398933410645,0.4561724066734314,36550
1985-10-17,3.1463398933410645,3.160020112991333,3.1326611042022705,3.1326611042022705,0.45418885350227356,90462
1985-10-18,3.1326611042022705,3.1463398933410645,3.118980884552002,3.1326611042022705,0.45418885350227356,50257
1985-10-21,3.1326611042022705,3.201059103012085,3.1326611042022705,3.201059103012085,0.46410563588142395,65791
1985-10-22,3.201059103012085,3.2147390842437744,3.160020112991333,3.1737000942230225,0.4601389169692993,51171
1985-10-23,3.1737000942230225,3.1737000942230225,3.1326611042022705,3.1737000942230225,0.4601389169692993,12928790
1985-10-24,3.187380075454712,3.228419065475464,3.187380075454712,3.228419065475464,0.4680725038051605,1477550
1985-10-25,3.160020112991333,3.160020112991333,3.1326611042022705,3.1463398933410645,0.4662884771823883,62136
1985-10-28,3.1463398933410645,3.160020112991333,3.118980884552002,3.118980884552002,0.4622337818145752,471500
1985-10-29,3.1326611042022705,3.1463398933410645,3.1326611042022705,3.1463398933410645,0.4662884771823883,1464757
1985-10-30,3.1737000942230225,3.201059103012085,3.1737000942230225,3.1737000942230225,0.4703429639339447,74015
1985-10-31,3.201059103012085,3.201059103012085,3.1737000942230225,3.1737000942230225,0.4703429639339447,74015
1985-11-01,3.1737000942230225,3.201059103012085,3.160020112991333,3.187380075454712,0.472370445728302,169046
1985-11-04,3.187380075454712,3.2147390842437744,3.1737000942230225,3.187380075454712,0.472370445728302,74928
1985-11-05,3.187380075454712,3.228419065475464,3.1737000942230225,3.228419065475464,0.47845226526260376,80411
1985-11-06,3.228419065475464,3.228419065475464,3.1737000942230225,3.201059103012085,0.47439754009246826,183666
1985-11-07,3.201059103012085,3.2147390842437744,3.1737000942230225,3.201059103012085,0.47439754009246826,512619
1985-11-08,3.201059103012085,3.2147390842437744,3.160020112991333,3.2147390842437744,0.47642478346824646,101427
1985-11-11,3.2147390842437744,3.2420990467071533,3.201059103012085,3.2420990467071533,0.4804796874523163,148943
1985-11-12,3.2557780742645264,3.365216016769409,3.2557780742645264,3.3378570079803467,0.494671106338501,280524
1985-11-13,3.351536989212036,3.406255006790161,3.351536989212036,3.3788959980010986,0.5007535219192505,283266
1985-11-14,3.3788959980010986,3.3788959980010986,3.351536989212036,3.3788959980010986,0.5007535219192505,120616
1985-11-15,3.351536989212036,3.351536989212036,3.3378570079803467,3.351536989212036,0.49669864773750305,132495
1985-11-18,3.351536989212036,3.3788959980010986,3.351536989212036,3.3788959980010986,0.5007535219192505,124271
1985-11-19,3.3788959980010986,3.4199349880218506,3.365216016769409,3.392575979232788,0.5027801394462585,169959
1985-11-20,3.392575979232788,3.392575979232788,3.365216016769409,3.365216016769409,0.4987255334854126,47516
1985-11-21,3.3788959980010986,3.43361496925354,3.3788959980010986,3.4199349880218506,0.5068349838256836,213820
1985-11-22,3.4199349880218506,3.474653959274292,3.4199349880218506,3.4472949504852295,0.5108898282051086,134323
1985-11-25,3.4472949504852295,3.474653959274292,3.4472949504852295,3.4609739780426025,0.5129171013832092,78583
1985-11-26,3.4609739780426025,3.4883339405059814,3.4472949504852295,3.4883339405059814,0.5169718265533447,99600
1985-11-27,3.4883339405059814,3.515692949295044,3.4609739780426025,3.4883339405059814,0.5169718265533447,139805
1985-11-29,3.4883339405059814,3.502013921737671,3.4609739780426025,3.474653959274292,0.5149443745613098,74015
1985-12-02,3.474653959274292,3.502013921737671,3.43361496925354,3.4472949504852295,0.5108898282051086,132495
1985-12-03,3.4472949504852295,3.474653959274292,3.406255006790161,3.4609739780426025,0.5129171013832092,116048
1985-12-04,3.4609739780426025,3.474653959274292,3.4199349880218506,3.474653959274292,0.5149443745613098,186407
1985-12-05,3.474653959274292,3.4883339405059814,3.4472949504852295,3.4472949504852295,0.5108898282051086,181838
1985-12-06,3.4472949504852295,3.4472949504852295,3.406255006790161,3.4199349880218506,0.5068349838256836,183666
1985-12-09,3.4199349880218506,3.4199349880218506,3.351536989212036,3.406255006790161,0.5048077702522278,130668
1985-12-10,3.406255006790161,3.43361496925354,3.3104970455169678,3.3241770267486572,0.49264368414878845,105082
1985-12-11,3.3104970455169678,3.3104970455169678,3.2420990467071533,3.2420990467071533,0.4804796874523163,127926
1985-12-12,3.2420990467071533,3.2831380367279053,3.2420990467071533,3.2420990467071533,0.4804796874523163,134323
1985-12-13,3.2420990467071533,3.392575979232788,3.2420990467071533,3.392575979232788,0.5027801394462585,229354
1985-12-16,3.392575979232788,3.4472949504852295,3.365216016769409,3.4199349880218506,0.5068349838256836,198286
1985-12-17,3.4199349880218506,3.4472949504852295,3.406255006790161,3.4472949504852295,0.5108898282051086,142547
1985-12-18,3.4472949504852295,3.4472949504852295,3.392575979232788,3.406255006790161,0.5048077702522278,108737
1985-12-19,3.406255006790161,3.4472949504852295,3.365216016769409,3.4199349880218506,0.5068349838256836,85893
1985-12-20,3.4199349880218506,3.4883339405059814,3.3241770267486572,3.4883339405059814,0.5169718265533447,283266
1985-12-23,3.4883339405059814,3.502013921737671,3.474653959274292,3.4883339405059814,0.5169718265533447,47516
1985-12-24,3.4883339405059814,3.4883339405059814,3.4609739780426025,3.474653959274292,0.5149443745613098,87721
1985-12-26,3.474653959274292,3.4883339405059814,3.43361496925354,3.4472949504852295,0.5108898282051086,42947
1985-12-27,3.4472949504852295,3.4883339405059814,3.406255006790161,3.4472949504852295,0.5108898282051086,124271
1985-12-30,3.4472949504852295,3.474653959274292,3.392575979232788,3.474653959274292,0.5149443745613098,88635
1985-12-31,3.474653959274292,3.4883339405059814,3.4609739780426025,3.4883339405059814,0.5169718265533447,135236
1986-01-02,3.4883339405059814,3.502013921737671,3.474653959274292,3.502013921737671,0.5189990401268005,56653
1986-01-03,3.502013921737671,3.543052911758423,3.474653959274292,3.543052911758423,0.5250810384750366,1557961
1986-01-06,3.543052911758423,3.543052911758423,3.4883339405059814,3.4883339405059814,0.5169718265533447,1475722
1986-01-07,3.4883339405059814,3.5567328929901123,3.4883339405059814,3.543052911758423,0.5250810384750366,141633
1986-01-08,3.543052911758423,3.543052911758423,3.4609739780426025,3.474653959274292,0.5149443745613098,90462
1986-01-09,3.474653959274292,3.502013921737671,3.4609739780426025,3.4609739780426025,0.5129171013832092,288748
1986-01-10,3.4609739780426025,3.502013921737671,3.4609739780426025,3.502013921737671,0.5189990401268005,145288
1986-01-13,3.502013921737671,3.5293729305267334,3.474653959274292,3.515692949295044,0.5210265517234802,151684
1986-01-14,3.515692949295044,3.543052911758423,3.474653959274292,3.474653959274292,0.5149443745613098,107824
1986-01-15,3.474653959274292,3.502013921737671,3.474653959274292,3.474653959274292,0.5149443745613098,84066
1986-01-16,3.474653959274292,3.515692949295044,3.474653959274292,3.4883339405059814,0.5169718265533447,100514
1986-01-17,3.4883339405059814,3.515692949295044,3.474653959274292,3.474653959274292,0.5149443745613098,150770
1986-01-20,3.474653959274292,3.4883339405059814,3.4609739780426025,3.474653959274292,0.5149443745613098,46602
1986-01-21,3.474653959274292,3.502013921737671,3.4609739780426025,3.474653959274292,0.5149443745613098,74928
1986-01-22,3.474653959274292,3.502013921737671,3.4609739780426025,3.474653959274292,0.5149443745613098,239405
1986-01-23,3.474653959274292,3.502013921737671,3.4609739780426025,3.4883339405059814,0.5169718265533447,126099
1986-01-24,3.4883339405059814,3.515692949295044,3.4199349880218506,3.474653959274292,0.5149443745613098,7932351
1986-01-27,3.406255006790161,3.406255006790161,3.3788959980010986,3.392575979232788,0.5131238102912903,1221697
1986-01-28,3.392575979232788,3.392575979232788,3.3378570079803467,3.365216016769409,0.5089855194091797,834263
1986-01-29,3.365216016769409,3.3788959980010986,3.2968180179595947,3.2968180179595947,0.4986402988433838,177269
1986-01-30,3.2968180179595947,3.3241770267486572,3.2147390842437744,3.2147390842437744,0.4862259328365326,148029
1986-01-31,3.2147390842437744,3.2831380367279053,3.2147390842437744,3.2831380367279053,0.49657130241394043,74015
1986-02-03,3.2831380367279053,3.3241770267486572,3.2831380367279053,3.3104970455169678,0.5007092952728271,86807
1986-02-04,3.3104970455169678,3.351536989212036,3.3104970455169678,3.3378570079803467,0.5048477053642273,229354
1986-02-05,3.3378570079803467,3.351536989212036,3.228419065475464,3.228419065475464,0.48829519748687744,63963
1986-02-06,3.228419065475464,3.2420990467071533,3.187380075454712,3.187380075454712,0.4820881485939026,350884
1986-02-07,3.160020112991333,3.160020112991333,3.050581932067871,3.050581932067871,0.4613974392414093,211079
1986-02-10,3.050581932067871,3.0642619132995605,2.9821839332580566,3.009542942047119,0.4551902711391449,196458
1986-02-11,3.009542942047119,3.0232229232788086,2.9958629608154297,3.0232229232788086,0.4572595953941345,153512
1986-02-12,3.0232229232788086,3.07794189453125,3.009542942047119,3.0232229232788086,0.4572595953941345,243060
1986-02-13,3.0232229232788086,3.0642619132995605,3.0232229232788086,3.0232229232788086,0.4572595953941345,95031
1986-02-14,3.0232229232788086,3.118980884552002,3.0232229232788086,3.118980884552002,0.4717429280281067,128840
1986-02-18,3.118980884552002,3.228419065475464,3.1053009033203125,3.2147390842437744,0.4862259328365326,159908
1986-02-19,3.2147390842437744,3.2147390842437744,3.0369019508361816,3.0642619132995605,0.46346646547317505,245801
1986-02-20,3.0642619132995605,3.1053009033203125,3.050581932067871,3.1053009033203125,0.4696738123893738,280524
1986-02-21,3.1053009033203125,3.118980884552002,3.091620922088623,3.118980884552002,0.4717429280281067,178183
1986-02-24,3.118980884552002,3.1326611042022705,3.0642619132995605,3.091620922088623,0.46760469675064087,232095
1986-02-25,3.091620922088623,3.1053009033203125,3.07794189453125,3.1053009033203125,0.4696738123893738,96859
1986-02-26,3.1053009033203125,3.1053009033203125,3.0642619132995605,3.0642619132995605,0.46346646547317505,197372
1986-02-27,3.07794189453125,3.1326611042022705,3.07794189453125,3.1326611042022705,0.47381165623664856,122444
1986-02-28,3.1326611042022705,3.1737000942230225,3.1053009033203125,3.1326611042022705,0.47381165623664856,193717
1986-03-03,3.1326611042022705,3.2147390842437744,3.1326611042022705,3.1737000942230225,0.4800190031528473,127926
1986-03-04,3.201059103012085,3.2557780742645264,3.201059103012085,3.228419065475464,0.48829519748687744,327126
1986-03-05,3.228419065475464,3.228419065475464,3.187380075454712,3.2147390842437744,0.4862259328365326,127926
1986-03-06,3.2147390842437744,3.228419065475464,3.1463398933410645,3.187380075454712,0.4820881485939026,201027
1986-03-07,3.187380075454712,3.2147390842437744,3.1326611042022705,3.1737000942230225,0.4800190031528473,180011
1986-03-10,3.1737000942230225,3.1737000942230225,3.118980884552002,3.1463398933410645,0.47588086128234863,319816
1986-03-11,3.1463398933410645,3.1737000942230225,3.1463398933410645,3.1737000942230225,0.4800190031528473,127013
1986-03-12,3.1737000942230225,3.228419065475464,3.1463398933410645,3.2147390842437744,0.4862259328365326,236664
1986-03-13,3.2147390842437744,3.2420990467071533,3.160020112991333,3.2420990467071533,0.4903644025325775,477896
1986-03-14,3.2420990467071533,3.2557780742645264,3.1737000942230225,3.2420990467071533,0.4903644025325775,281438
1986-03-17,3.2420990467071533,3.2420990467071533,3.1737000942230225,3.1737000942230225,0.4800190031528473,156253
1986-03-18,3.1737000942230225,3.2420990467071533,3.1463398933410645,3.2420990467071533,0.4903644025325775,138892
1986-03-19,3.2420990467071533,3.2420990467071533,3.187380075454712,3.2420990467071533,0.4903644025325775,74015
1986-03-20,3.2420990467071533,3.2420990467071533,3.201059103012085,3.228419065475464,0.48829519748687744,44774
1986-03-21,3.228419065475464,3.3378570079803467,3.228419065475464,3.3378570079803467,0.5048477053642273,420330
1986-03-24,3.3378570079803467,3.365216016769409,3.269458055496216,3.365216016769409,0.5089855194091797,200113
1986-03-25,3.365216016769409,3.4472949504852295,3.3241770267486572,3.4472949504852295,0.5213998556137085,261335
1986-03-26,3.4472949504852295,3.4472949504852295,3.3378570079803467,3.3788959980010986,0.5110543966293335,1631062
1986-03-27,3.3788959980010986,3.392575979232788,3.3241770267486572,3.351536989212036,0.5069164633750916,98686
1986-03-31,3.3378570079803467,3.3378570079803467,3.2420990467071533,3.2968180179595947,0.4986402988433838,2941393
1986-04-01,3.3241770267486572,3.3241770267486572,3.2420990467071533,3.2557780742645264,0.4924330711364746,70360
1986-04-02,3.2557780742645264,3.365216016769409,3.2420990467071533,3.3378570079803467,0.5048477053642273,163563
1986-04-03,3.3378570079803467,3.392575979232788,3.3378570079803467,3.3788959980010986,0.5110543966293335,126099
1986-04-04,3.3788959980010986,3.392575979232788,3.3241770267486572,3.3378570079803467,0.5048477053642273,365504
1986-04-07,3.3378570079803467,3.365216016769409,3.3378570079803467,3.3378570079803467,0.5048477053642273,91376
1986-04-08,3.3378570079803467,3.365216016769409,3.3378570079803467,3.351536989212036,0.5069164633750916,80411
1986-04-09,3.351536989212036,3.365216016769409,3.2831380367279053,3.3104970455169678,0.5007092952728271,228440
1986-04-10,3.3104970455169678,3.351536989212036,3.2968180179595947,3.3104970455169678,0.5007092952728271,72187
1986-04-11,3.3104970455169678,3.3241770267486572,3.2557780742645264,3.3104970455169678,0.5007092952728271,217475
1986-04-14,3.3104970455169678,3.351536989212036,3.2831380367279053,3.2831380367279053,0.49657130241394043,106910
1986-04-15,3.2831380367279053,3.2968180179595947,3.228419065475464,3.228419065475464,0.48829519748687744,130668
1986-04-16,3.228419065475464,3.3241770267486572,3.228419065475464,3.2831380367279053,0.49657130241394043,300627
1986-04-17,3.2831380367279053,3.351536989212036,3.269458055496216,3.351536989212036,0.5069164633750916,481552
1986-04-18,3.351536989212036,3.3788959980010986,3.3104970455169678,3.351536989212036,0.5069164633750916,123358
1986-04-21,3.351536989212036,3.406255006790161,3.3378570079803467,3.3378570079803467,0.5048477053642273,161736
1986-04-22,3.3378570079803467,3.43361496925354,3.3378570079803467,3.43361496925354,0.519331157207489,339919
1986-04-23,3.392575979232788,3.43361496925354,3.392575979232788,3.43361496925354,0.519331157207489,2846362
1986-04-24,3.365216016769409,3.365216016769409,3.3104970455169678,3.3241770267486572,0.5132477879524231,57567
1986-04-25,3.3241770267486572,3.3788959980010986,3.3241770267486572,3.365216016769409,0.5195841193199158,2891137
1986-04-28,3.365216016769409,3.392575979232788,3.3378570079803467,3.365216016769409,0.5195841193199158,201941
1986-04-29,3.3378570079803467,3.3378570079803467,3.269458055496216,3.269458055496216,0.5047993659973145,109651
1986-04-30,3.269458055496216,3.3104970455169678,3.160020112991333,3.228419065475464,0.49846306443214417,84980
1986-05-01,3.228419065475464,3.269458055496216,3.1737000942230225,3.201059103012085,0.49423864483833313,140719
1986-05-02,3.201059103012085,3.2831380367279053,3.201059103012085,3.269458055496216,0.5047993659973145,209251
1986-05-05,3.269458055496216,3.2968180179595947,3.2557780742645264,3.2968180179595947,0.5090237855911255,161736
1986-05-06,3.2968180179595947,3.3104970455169678,3.2147390842437744,3.2147390842437744,0.4963506758213043,98686
1986-05-07,3.2147390842437744,3.2557780742645264,3.187380075454712,3.2147390842437744,0.4963506758213043,62136
1986-05-08,3.2147390842437744,3.3241770267486572,3.2147390842437744,3.2831380367279053,0.5069116353988647,127926
1986-05-09,3.2831380367279053,3.2831380367279053,3.228419065475464,3.269458055496216,0.5047993659973145,222044
1986-05-12,3.269458055496216,3.269458055496216,3.1326611042022705,3.160020112991333,0.48790234327316284,1222611
1986-05-13,3.160020112991333,3.201059103012085,3.1326611042022705,3.187380075454712,0.49212658405303955,147115
1986-05-14,3.187380075454712,3.201059103012085,3.1463398933410645,3.187380075454712,0.49212658405303955,235750
1986-05-15,3.187380075454712,3.2968180179595947,3.1737000942230225,3.2968180179595947,0.5090237855911255,103255
1986-05-16,3.2968180179595947,3.351536989212036,3.2968180179595947,3.351536989212036,0.5174721479415894,295144
1986-05-19,3.351536989212036,3.351536989212036,3.3104970455169678,3.3378570079803467,0.5153600573539734,77670
1986-05-20,3.3378570079803467,3.365216016769409,3.3241770267486572,3.3378570079803467,0.5153600573539734,210165
1986-05-21,3.3378570079803467,3.365216016769409,3.3104970455169678,3.3104970455169678,0.5111358165740967,42033
1986-05-22,3.3104970455169678,3.3378570079803467,3.2968180179595947,3.3241770267486572,0.5132477879524231,96859
1986-05-23,3.3241770267486572,3.3241770267486572,3.2831380367279053,3.3104970455169678,0.5111358165740967,94117
1986-05-27,3.3104970455169678,3.3104970455169678,3.2831380367279053,3.3104970455169678,0.5111358165740967,75842
1986-05-28,3.3104970455169678,3.3241770267486572,3.2968180179595947,3.3104970455169678,0.5111358165740967,47516
1986-05-29,3.3104970455169678,3.3241770267486572,3.228419065475464,3.3104970455169678,0.5111358165740967,99600
1986-05-30,3.3104970455169678,3.3378570079803467,3.2557780742645264,3.3378570079803467,0.5153600573539734,145288
1986-06-02,3.3378570079803467,3.3378570079803467,3.2557780742645264,3.2557780742645264,0.5026870369911194,133409
1986-06-03,3.2557780742645264,3.3104970455169678,3.2420990467071533,3.2831380367279053,0.5069116353988647,56653
1986-06-04,3.2831380367279053,3.3378570079803467,3.2420990467071533,3.3378570079803467,0.5153600573539734,68532
1986-06-05,3.3378570079803467,3.3378570079803467,3.2831380367279053,3.2968180179595947,0.5090237855911255,39292
1986-06-06,3.2968180179595947,3.3104970455169678,3.2420990467071533,3.2831380367279053,0.5069116353988647,86807
1986-06-09,3.269458055496216,3.269458055496216,3.160020112991333,3.1737000942230225,0.49001458287239075,159908
1986-06-10,3.1737000942230225,3.2147390842437744,3.160020112991333,3.187380075454712,0.49212658405303955,66704
1986-06-11,3.187380075454712,3.2420990467071533,3.1737000942230225,3.2420990467071533,0.5005751252174377,49343
1986-06-12,3.2420990467071533,3.2831380367279053,3.2420990467071533,3.2831380367279053,0.5069116353988647,114220
1986-06-13,3.2831380367279053,3.351536989212036,3.2831380367279053,3.3378570079803467,0.5153600573539734,61222
1986-06-16,3.3378570079803467,3.351536989212036,3.3378570079803467,3.3378570079803467,0.5153600573539734,34723
1986-06-17,3.3378570079803467,3.351536989212036,3.2420990467071533,3.2420990467071533,0.5005751252174377,61222
1986-06-18,3.2420990467071533,3.3104970455169678,3.228419065475464,3.3104970455169678,0.5111358165740967,213820
1986-06-19,3.3104970455169678,3.3378570079803467,3.269458055496216,3.2968180179595947,0.5090237855911255,87721
1986-06-20,3.2968180179595947,3.351536989212036,3.269458055496216,3.3104970455169678,0.5111358165740967,159908
1986-06-23,3.3104970455169678,3.365216016769409,3.2968180179595947,3.3104970455169678,0.5111358165740967,151684
1986-06-24,3.3104970455169678,3.3241770267486572,3.2831380367279053,3.3104970455169678,0.5111358165740967,85893
1986-06-25,3.3104970455169678,3.3788959980010986,3.2831380367279053,3.3788959980010986,0.5216962099075317,147115
1986-06-26,3.3788959980010986,3.3788959980010986,3.269458055496216,3.3378570079803467,0.5153600573539734,201941
1986-06-27,3.3378570079803467,3.351536989212036,3.2831380367279053,3.2831380367279053,0.5069116353988647,52084
1986-06-30,3.2831380367279053,3.365216016769409,3.2831380367279053,3.3378570079803467,0.5153600573539734,63049
1986-07-01,3.3104970455169678,3.3788959980010986,3.3104970455169678,3.3378570079803467,0.5153600573539734,201027
1986-07-02,3.3378570079803467,3.392575979232788,3.3241770267486572,3.365216016769409,0.5195841193199158,2447963
1986-07-03,3.351536989212036,3.351536989212036,3.2968180179595947,3.3378570079803467,0.5153600573539734,60308
1986-07-07,3.3378570079803467,3.4472949504852295,3.2831380367279053,3.4472949504852295,0.5322570204734802,409364
1986-07-08,3.4199349880218506,3.4199349880218506,3.2968180179595947,3.3378570079803467,0.5153600573539734,228440
1986-07-09,3.3241770267486572,3.351536989212036,3.2968180179595947,3.3104970455169678,0.5111358165740967,119703
1986-07-10,3.2968180179595947,3.365216016769409,3.2420990467071533,3.365216016769409,0.5195841193199158,202855
1986-07-11,3.3788959980010986,3.392575979232788,3.351536989212036,3.3788959980010986,0.5216962099075317,57567
1986-07-14,3.351536989212036,3.3788959980010986,3.3378570079803467,3.3378570079803467,0.5153600573539734,254025
1986-07-15,3.3241770267486572,3.3788959980010986,3.3104970455169678,3.3378570079803467,0.5153600573539734,187321
1986-07-16,3.351536989212036,3.3788959980010986,3.3378570079803467,3.351536989212036,0.5174721479415894,63963
1986-07-17,3.3788959980010986,3.3788959980010986,3.351536989212036,3.3788959980010986,0.5216962099075317,343574
1986-07-18,3.3788959980010986,3.4883339405059814,3.351536989212036,3.4609739780426025,0.5343690514564514,470586
1986-07-21,3.4472949504852295,3.4883339405059814,3.406255006790161,3.4199349880218506,0.5280326008796692,135236
1986-07-22,3.406255006790161,3.4609739780426025,3.406255006790161,3.406255006790161,0.525920569896698,148943
1986-07-23,3.43361496925354,3.43361496925354,3.406255006790161,3.406255006790161,0.525920569896698,70360
1986-07-24,3.406255006790161,3.4199349880218506,3.392575979232788,3.392575979232788,0.5238086581230164,162649
1986-07-25,3.406255006790161,3.4609739780426025,3.3104970455169678,3.406255006790161,0.5370070934295654,210165
1986-07-28,3.4199349880218506,3.4199349880218506,3.392575979232788,3.392575979232788,0.53485107421875,95945
1986-07-29,3.392575979232788,3.406255006790161,3.3788959980010986,3.392575979232788,0.53485107421875,147115
1986-07-30,3.392575979232788,3.43361496925354,3.392575979232788,3.406255006790161,0.5370070934295654,145288
1986-07-31,3.406255006790161,3.406255006790161,3.3788959980010986,3.392575979232788,0.53485107421875,143460
1986-08-01,3.392575979232788,3.4199349880218506,3.392575979232788,3.392575979232788,0.53485107421875,95945
1986-08-04,3.406255006790161,3.43361496925354,3.365216016769409,3.43361496925354,0.5413207411766052,222957
1986-08-05,3.4472949504852295,3.4472949504852295,3.392575979232788,3.406255006790161,0.5370070934295654,317075
1986-08-06,3.3788959980010986,3.4199349880218506,3.3788959980010986,3.4199349880218506,0.5391638875007629,107824
1986-08-07,3.392575979232788,3.406255006790161,3.365216016769409,3.392575979232788,0.53485107421875,122444
1986-08-08,3.406255006790161,3.43361496925354,3.3788959980010986,3.43361496925354,0.5413207411766052,71273
1986-08-11,3.406255006790161,3.43361496925354,3.406255006790161,3.4199349880218506,0.5391638875007629,104169
1986-08-12,3.406255006790161,3.43361496925354,3.3788959980010986,3.406255006790161,0.5370070934295654,153512
1986-08-13,3.406255006790161,3.4472949504852295,3.365216016769409,3.4472949504852295,0.5434774160385132,826953
1986-08-14,3.43361496925354,3.474653959274292,3.406255006790161,3.474653959274292,0.5477904677391052,851624
1986-08-15,3.4472949504852295,3.543052911758423,3.4472949504852295,3.543052911758423,0.558573842048645,294231
1986-08-18,3.5567328929901123,3.5567328929901123,3.502013921737671,3.543052911758423,0.558573842048645,2383086
1986-08-19,3.515692949295044,3.543052911758423,3.4883339405059814,3.515692949295044,0.5542599558830261,159908
1986-08-20,3.543052911758423,3.543052911758423,3.515692949295044,3.543052911758423,0.558573842048645,128840
1986-08-21,3.5293729305267334,3.543052911758423,3.515692949295044,3.543052911758423,0.558573842048645,88635
1986-08-22,3.5567328929901123,3.5704119205474854,3.543052911758423,3.543052911758423,0.558573842048645,74928
1986-08-25,3.5567328929901123,3.5704119205474854,3.543052911758423,3.5567328929901123,0.5607303977012634,172701
1986-08-26,3.5567328929901123,3.5977718830108643,3.5567328929901123,3.5704119205474854,0.5628869533538818,694458
1986-08-27,3.5704119205474854,3.584091901779175,3.5293729305267334,3.584091901779175,0.5650438070297241,1578977
1986-08-28,3.5704119205474854,3.5977718830108643,3.543052911758423,3.584091901779175,0.5650438070297241,284179
1986-08-29,3.5567328929901123,3.584091901779175,3.5567328929901123,3.5704119205474854,0.5628869533538818,113306
1986-09-02,3.584091901779175,3.611452102661133,3.5567328929901123,3.5567328929901123,0.5607303977012634,741973
1986-09-03,3.5704119205474854,3.5977718830108643,3.5567328929901123,3.584091901779175,0.5650438070297241,663390
1986-09-04,3.584091901779175,3.584091901779175,3.5567328929901123,3.584091901779175,0.5650438070297241,680751
1986-09-05,3.584091901779175,3.584091901779175,3.5567328929901123,3.5704119205474854,0.5628869533538818,453225
1986-09-08,3.5567328929901123,3.584091901779175,3.543052911758423,3.5567328929901123,0.5607303977012634,251284
1986-09-09,3.5567328929901123,3.5567328929901123,3.4883339405059814,3.515692949295044,0.5542599558830261,261335
1986-09-10,3.515692949295044,3.5293729305267334,3.502013921737671,3.502013921737671,0.5521039962768555,347229
1986-09-11,3.515692949295044,3.515692949295044,3.3241770267486572,3.4883339405059814,0.549947202205658,1905190
1986-09-12,3.4883339405059814,3.515692949295044,3.43361496925354,3.43361496925354,0.5413207411766052,334436
1986-09-15,3.4472949504852295,3.474653959274292,3.3241770267486572,3.351536989212036,0.5283806324005127,108737
1986-09-16,3.3378570079803467,3.392575979232788,3.269458055496216,3.3788959980010986,0.5326936841011047,224785
1986-09-17,3.406255006790161,3.43361496925354,3.351536989212036,3.392575979232788,0.53485107421875,125185
1986-09-18,3.365216016769409,3.43361496925354,3.351536989212036,3.406255006790161,0.5370070934295654,415761
1986-09-19,3.4199349880218506,3.4472949504852295,3.365216016769409,3.406255006790161,0.5370070934295654,217475
1986-09-22,3.392575979232788,3.43361496925354,3.365216016769409,3.43361496925354,0.5413207411766052,91376
1986-09-23,3.4609739780426025,3.474653959274292,3.406255006790161,3.4609739780426025,0.5456336736679077,146202
1986-09-24,3.474653959274292,3.474653959274292,3.4472949504852295,3.4609739780426025,0.5456336736679077,94117
1986-09-25,3.4609739780426025,3.4609739780426025,3.43361496925354,3.4609739780426025,0.5456336736679077,72187
1986-09-26,3.4609739780426025,3.4609739780426025,3.43361496925354,3.43361496925354,0.5413207411766052,71273
1986-09-29,3.4472949504852295,3.4472949504852295,3.406255006790161,3.4472949504852295,0.5434774160385132,82238
1986-09-30,3.43361496925354,3.4472949504852295,3.4199349880218506,3.43361496925354,0.5413207411766052,109651
1986-10-01,3.4199349880218506,3.4472949504852295,3.4199349880218506,3.4199349880218506,0.5391638875007629,831522
1986-10-02,3.43361496925354,3.43361496925354,3.392575979232788,3.4199349880218506,0.5391638875007629,185493
1986-10-03,3.4199349880218506,3.4199349880218506,3.392575979232788,3.4199349880218506,0.5391638875007629,63049
1986-10-06,3.392575979232788,3.4199349880218506,3.351536989212036,3.392575979232788,0.53485107421875,174528
1986-10-07,3.406255006790161,3.406255006790161,3.3378570079803467,3.392575979232788,0.53485107421875,202855
1986-10-08,3.3788959980010986,3.4199349880218506,3.365216016769409,3.4199349880218506,0.5391638875007629,127926
1986-10-09,3.406255006790161,3.4883339405059814,3.406255006790161,3.474653959274292,0.5477904677391052,135236
1986-10-10,3.474653959274292,3.4883339405059814,3.474653959274292,3.4883339405059814,0.549947202205658,84980
1986-10-13,3.502013921737671,3.502013921737671,3.4883339405059814,3.502013921737671,0.5521039962768555,53912
1986-10-14,3.474653959274292,3.515692949295044,3.4609739780426025,3.4883339405059814,0.549947202205658,179097
1986-10-15,3.515692949295044,3.5977718830108643,3.502013921737671,3.5977718830108643,0.5672004818916321,162649
1986-10-16,3.5977718830108643,3.6798501014709473,3.584091901779175,3.6388111114501953,0.5736702084541321,226612
1986-10-17,3.666171073913574,3.6798501014709473,3.6388111114501953,3.6524910926818848,0.5758269429206848,250370
1986-10-20,3.6524910926818848,3.6798501014709473,3.5567328929901123,3.666171073913574,0.5779839158058167,194631
1986-10-21,3.748249053955078,3.7756080627441406,3.666171073913574,3.666171073913574,0.5779839158058167,292403
1986-10-22,3.6798501014709473,3.6935300827026367,3.6524910926818848,3.666171073913574,0.5779839158058167,159908
1986-10-23,3.666171073913574,3.707210063934326,3.6524910926818848,3.707210063934326,0.5844534039497375,241233
1986-10-24,3.7208900451660156,3.7208900451660156,3.6798501014709473,3.6935300827026367,0.5822969079017639,112392
1986-10-27,3.6524910926818848,3.6524910926818848,3.5567328929901123,3.6524910926818848,0.5869571566581726,414847
1986-10-28,3.666171073913574,3.6935300827026367,3.6251308917999268,3.6388111114501953,0.5847589373588562,494344
1986-10-29,3.6935300827026367,3.6935300827026367,3.611452102661133,3.6935300827026367,0.5935524702072144,117875
1986-10-30,3.6935300827026367,3.6935300827026367,3.584091901779175,3.611452102661133,0.5803623795509338,171787
1986-10-31,3.611452102661133,3.611452102661133,3.5567328929901123,3.5704119205474854,0.5737670063972473,136150
1986-11-03,3.543052911758423,3.611452102661133,3.543052911758423,3.611452102661133,0.5803623795509338,181838
1986-11-04,3.611452102661133,3.611452102661133,3.5704119205474854,3.611452102661133,0.5803623795509338,148029
1986-11-05,3.611452102661133,3.6388111114501953,3.584091901779175,3.611452102661133,0.5803623795509338,105996
1986-11-06,3.611452102661133,3.6388111114501953,3.584091901779175,3.6388111114501953,0.5847589373588562,143460
1986-11-07,3.6251308917999268,3.6388111114501953,3.584091901779175,3.611452102661133,0.5803623795509338,150770
1986-11-10,3.584091901779175,3.5977718830108643,3.543052911758423,3.5977718830108643,0.5781639218330383,397486
1986-11-11,3.5977718830108643,3.5977718830108643,3.584091901779175,3.584091901779175,0.575965404510498,160822
1986-11-12,3.5977718830108643,3.707210063934326,3.584091901779175,3.6388111114501953,0.5847589373588562,217475
1986-11-13,3.6388111114501953,3.6935300827026367,3.6388111114501953,3.6798501014709473,0.591353714466095,169046
1986-11-14,3.666171073913574,3.7756080627441406,3.666171073913574,3.748249053955078,0.602345883846283,752024
1986-11-17,3.748249053955078,3.816648006439209,3.7345690727233887,3.8029680252075195,0.6111392974853516,592116
1986-11-18,3.7756080627441406,3.830327033996582,3.7345690727233887,3.816648006439209,0.613337516784668,297886
1986-11-19,3.78928804397583,3.816648006439209,3.748249053955078,3.7619290351867676,0.604543924331665,497085
1986-11-20,3.7345690727233887,3.816648006439209,3.7345690727233887,3.816648006439209,0.613337516784668,125185
1986-11-21,3.830327033996582,3.9124059677124023,3.816648006439209,3.8850460052490234,0.6243293285369873,240319
1986-11-24,3.8440070152282715,3.8713669776916504,3.830327033996582,3.857686996459961,0.6199323534965515,451397
1986-11-25,3.830327033996582,3.857686996459961,3.830327033996582,3.830327033996582,0.6155354380607605,152598
1986-11-26,3.8440070152282715,3.857686996459961,3.816648006439209,3.8440070152282715,0.6177339553833008,400227
1986-11-28,3.830327033996582,3.857686996459961,3.816648006439209,3.857686996459961,0.6199323534965515,124271
1986-12-01,3.830327033996582,3.8440070152282715,3.8029680252075195,3.8440070152282715,0.6177339553833008,156253
1986-12-02,3.857686996459961,3.898725986480713,3.830327033996582,3.8713669776916504,0.6221308708190918,356366
1986-12-03,3.857686996459961,3.898725986480713,3.8440070152282715,3.857686996459961,0.6199323534965515,315247
1986-12-04,3.857686996459961,3.857686996459961,3.830327033996582,3.830327033996582,0.6155354380607605,333522
1986-12-05,3.8440070152282715,3.8440070152282715,3.816648006439209,3.830327033996582,0.6155354380607605,201027
1986-12-08,3.8440070152282715,3.8440070152282715,3.78928804397583,3.830327033996582,0.6155354380607605,378297
1986-12-09,3.8029680252075195,3.830327033996582,3.78928804397583,3.830327033996582,0.6155354380607605,198286
1986-12-10,3.8029680252075195,3.857686996459961,3.8029680252075195,3.8440070152282715,0.6177339553833008,358194
1986-12-11,3.8440070152282715,3.8440070152282715,3.8029680252075195,3.830327033996582,0.6155354380607605,187321
1986-12-12,3.830327033996582,3.830327033996582,3.816648006439209,3.830327033996582,0.6155354380607605,221130
1986-12-15,3.816648006439209,3.8440070152282715,3.8029680252075195,3.830327033996582,0.6155354380607605,331695
1986-12-16,3.830327033996582,3.8713669776916504,3.816648006439209,3.8440070152282715,0.6177339553833008,444087
1986-12-17,3.830327033996582,3.857686996459961,3.816648006439209,3.816648006439209,0.613337516784668,1582632
1986-12-18,3.816648006439209,3.830327033996582,3.7345690727233887,3.8029680252075195,0.6111392974853516,1665784
1986-12-19,3.7756080627441406,3.78928804397583,3.707210063934326,3.748249053955078,0.602345883846283,697199
1986-12-22,3.7208900451660156,3.7208900451660156,3.6798501014709473,3.707210063934326,0.5957508087158203,776696
1986-12-23,3.707210063934326,3.707210063934326,3.6251308917999268,3.666171073913574,0.5891558527946472,632322
1986-12-24,3.666171073913574,3.707210063934326,3.666171073913574,3.707210063934326,0.5957508087158203,130668
1986-12-26,3.6798501014709473,3.7345690727233887,3.6798501014709473,3.7208900451660156,0.5979489088058472,107824
1986-12-29,3.7345690727233887,3.7619290351867676,3.7208900451660156,3.7619290351867676,0.604543924331665,98686
1986-12-30,3.748249053955078,3.7619290351867676,3.6935300827026367,3.7619290351867676,0.604543924331665,199200
1986-12-31,3.7756080627441406,3.7756080627441406,3.6388111114501953,3.666171073913574,0.5891558527946472,1270126
1987-01-02,3.707210063934326,3.748249053955078,3.6524910926818848,3.748249053955078,0.602345883846283,64877
1987-01-05,3.7619290351867676,3.9124059677124023,3.7619290351867676,3.898725986480713,0.6265273690223694,178183
1987-01-06,3.8713669776916504,3.898725986480713,3.8029680252075195,3.830327033996582,0.6155354380607605,389262
1987-01-07,3.8029680252075195,3.857686996459961,3.8029680252075195,3.857686996459961,0.6199323534965515,376469
1987-01-08,3.830327033996582,3.8850460052490234,3.816648006439209,3.8713669776916504,0.6221308708190918,704509
1987-01-09,3.830327033996582,3.8713669776916504,3.830327033996582,3.8713669776916504,0.6221308708190918,563790
1987-01-12,3.8850460052490234,4.035523891448975,3.857686996459961,4.035523891448975,0.6485111117362976,368245
1987-01-13,4.008163928985596,4.035523891448975,4.008163928985596,4.021843910217285,0.6463125944137573,207424
1987-01-14,4.021843910217285,4.062882900238037,4.021843910217285,4.062882900238037,0.6529074311256409,164477
1987-01-15,4.035523891448975,4.090242862701416,4.035523891448975,4.090242862701416,0.6573043465614319,185493
1987-01-16,4.076562881469727,4.144960880279541,4.062882900238037,4.144960880279541,0.6660976409912109,252198
1987-01-19,4.1176018714904785,4.144960880279541,4.049202919006348,4.076562881469727,0.6551060676574707,203768
1987-01-20,4.049202919006348,4.103921890258789,3.9944839477539062,4.062882900238037,0.6529074311256409,350884
1987-01-21,4.049202919006348,4.186000823974609,4.049202919006348,4.131281852722168,0.6638994216918945,382865
1987-01-22,4.103921890258789,4.131281852722168,4.090242862701416,4.131281852722168,0.6638994216918945,233923
1987-01-23,4.144960880279541,4.144960880279541,4.1176018714904785,4.131281852722168,0.6638994216918945,490689
1987-01-26,4.008163928985596,4.049202919006348,4.008163928985596,4.008163928985596,0.6552227735519409,146202
1987-01-27,4.008163928985596,4.090242862701416,4.008163928985596,4.076562881469727,0.6664039492607117,178183
1987-01-28,4.062882900238037,4.1176018714904785,4.062882900238037,4.1176018714904785,0.6731128692626953,166304
1987-01-29,4.103921890258789,4.1586408615112305,4.103921890258789,4.144960880279541,0.6775854229927063,312506
1987-01-30,4.131281852722168,4.186000823974609,4.1176018714904785,4.17232084274292,0.6820576786994934,158994
1987-02-02,4.17232084274292,4.17232084274292,4.1176018714904785,4.131281852722168,0.6753486394882202,294231
1987-02-03,4.131281852722168,4.1586408615112305,4.1176018714904785,4.131281852722168,0.6753486394882202,337177
1987-02-04,4.1176018714904785,4.17232084274292,4.1176018714904785,4.1586408615112305,0.6798214316368103,747456
1987-02-05,4.144960880279541,4.227039813995361,4.144960880279541,4.213359832763672,0.6887663006782532,294231
1987-02-06,4.240719795227051,4.295438766479492,4.199679851531982,4.281758785247803,0.6999477744102478,521757
1987-02-09,4.240719795227051,4.254398822784424,4.227039813995361,4.240719795227051,0.6932390332221985,174528
1987-02-10,4.240719795227051,4.295438766479492,4.227039813995361,4.281758785247803,0.6999477744102478,315247
1987-02-11,4.213359832763672,4.309117794036865,4.213359832763672,4.309117794036865,0.7044199705123901,362763
1987-02-12,4.322797775268555,4.363836765289307,4.309117794036865,4.363836765289307,0.7133651971817017,248543
1987-02-13,4.350158214569092,4.692151069641113,4.350158214569092,4.5416741371154785,0.7424368858337402,624098
1987-02-17,4.5143141746521,4.555354118347168,4.486955165863037,4.527994155883789,0.7402001619338989,435864
1987-02-18,4.555354118347168,4.569033145904541,4.240719795227051,4.363836765289307,0.7133651971817017,490689
1987-02-19,4.350158214569092,4.404877185821533,4.336478233337402,4.404877185821533,0.7200740575790405,182752
1987-02-20,4.377517223358154,4.418556213378906,4.377517223358154,4.404877185821533,0.7200740575790405,190976
1987-02-23,4.418556213378906,4.432236194610596,4.377517223358154,4.404877185821533,0.7200740575790405,129754
1987-02-24,4.404877185821533,4.445916175842285,4.404877185821533,4.432236194610596,0.7245463132858276,167218
1987-02-25,4.432236194610596,4.459596157073975,4.418556213378906,4.445916175842285,0.726782500743866,143460
1987-02-26,4.432236194610596,4.445916175842285,4.322797775268555,4.363836765289307,0.7133651971817017,222957
1987-02-27,4.350158214569092,4.432236194610596,4.336478233337402,4.363836765289307,0.7133651971817017,211079
1987-03-02,4.391197204589844,4.391197204589844,4.295438766479492,4.295438766479492,0.7021840214729309,188235
1987-03-03,4.309117794036865,4.309117794036865,4.103921890258789,4.186000823974609,0.6842935681343079,635977
1987-03-04,4.186000823974609,4.213359832763672,4.17232084274292,4.213359832763672,0.6887663006782532,281438
1987-03-05,4.227039813995361,4.240719795227051,4.186000823974609,4.186000823974609,0.6842935681343079,255853
1987-03-06,4.17232084274292,4.227039813995361,4.17232084274292,4.227039813995361,0.6910027861595154,412106
1987-03-09,4.227039813995361,4.254398822784424,4.186000823974609,4.254398822784424,0.6954752802848816,74015
1987-03-10,4.281758785247803,4.377517223358154,4.268078804016113,4.363836765289307,0.7133651971817017,212906
1987-03-11,4.350158214569092,4.377517223358154,4.336478233337402,4.377517223358154,0.7156015038490295,167218
1987-03-12,4.377517223358154,4.418556213378906,4.377517223358154,4.418556213378906,0.7223102450370789,61222
1987-03-13,4.404877185821533,4.459596157073975,4.377517223358154,4.445916175842285,0.726782500743866,281438
1987-03-16,4.445916175842285,4.459596157073975,4.432236194610596,4.459596157073975,0.7290191650390625,69446
1987-03-17,4.473275184631348,4.527994155883789,4.445916175842285,4.527994155883789,0.7402001619338989,264077
1987-03-18,4.5416741371154785,4.555354118347168,4.500635147094727,4.527994155883789,0.7402001619338989,195545
1987-03-19,4.5143141746521,4.59639310836792,4.5143141746521,4.5827131271362305,0.7491453289985657,336264
1987-03-20,4.59639310836792,4.623752117156982,4.569033145904541,4.623752117156982,0.7558537125587463,402968
1987-03-23,4.59639310836792,4.637432098388672,4.5827131271362305,4.637432098388672,0.7580901384353638,138892
1987-03-24,4.610073089599609,4.678471088409424,4.610073089599609,4.651112079620361,0.7603263854980469,250370
1987-03-25,4.623752117156982,4.664792060852051,4.610073089599609,4.610073089599609,0.7536178231239319,132495
1987-03-26,4.610073089599609,4.637432098388672,4.610073089599609,4.610073089599609,0.7536178231239319,116048
1987-03-27,4.623752117156982,4.637432098388672,4.527994155883789,4.555354118347168,0.744672954082489,257680
1987-03-30,4.5143141746521,4.555354118347168,4.486955165863037,4.5143141746521,0.7379641532897949,168132
1987-03-31,4.459596157073975,4.5827131271362305,4.445916175842285,4.5416741371154785,0.7424368858337402,279611
1987-04-01,4.5143141746521,4.59639310836792,4.459596157073975,4.5827131271362305,0.7491453289985657,339919
1987-04-02,4.59639310836792,4.637432098388672,4.555354118347168,4.637432098388672,0.7580901384353638,118789
1987-04-03,4.637432098388672,4.8152689933776855,4.59639310836792,4.733190059661865,0.7737444043159485,603995
1987-04-06,4.733190059661865,4.733190059661865,4.651112079620361,4.651112079620361,0.7603263854980469,75842
1987-04-07,4.692151069641113,4.692151069641113,4.5143141746521,4.5143141746521,0.7379641532897949,135236
1987-04-08,4.527994155883789,4.527994155883789,4.445916175842285,4.445916175842285,0.726782500743866,136150
1987-04-09,4.445916175842285,4.459596157073975,4.350158214569092,4.377517223358154,0.7156015038490295,128840
1987-04-10,4.350158214569092,4.404877185821533,4.103921890258789,4.227039813995361,0.6910027861595154,250370
1987-04-13,4.213359832763672,4.281758785247803,3.9944839477539062,4.035523891448975,0.6596952080726624,143460
1987-04-14,3.9671249389648438,3.9671249389648438,3.6524910926818848,3.666171073913574,0.599316418170929,541860
1987-04-15,3.5567328929901123,3.9671249389648438,3.4199349880218506,3.939764976501465,0.6440414190292358,846142
1987-04-16,3.9124059677124023,3.926085948944092,3.7756080627441406,3.830327033996582,0.6261512041091919,554652
1987-04-20,3.8029680252075195,3.816648006439209,3.5293729305267334,3.584091901779175,0.5858983397483826,229354
1987-04-21,3.611452102661133,3.6935300827026367,3.543052911758423,3.6935300827026367,0.603788435459137,360935
1987-04-22,3.6935300827026367,3.7208900451660156,3.611452102661133,3.6388111114501953,0.5948436856269836,185493
1987-04-23,3.611452102661133,3.707210063934326,3.5977718830108643,3.666171073913574,0.599316418170929,812333
1987-04-24,3.474653959274292,3.5977718830108643,3.4472949504852295,3.474653959274292,0.5790714621543884,208337
1987-04-27,3.474653959274292,3.515692949295044,3.43361496925354,3.4609739780426025,0.5767917037010193,333522
1987-04-28,3.4472949504852295,3.5293729305267334,3.4472949504852295,3.4609739780426025,0.5767917037010193,410278
1987-04-29,3.4883339405059814,3.515692949295044,3.4609739780426025,3.474653959274292,0.5790714621543884,213820
1987-04-30,3.502013921737671,3.5567328929901123,3.4883339405059814,3.5293729305267334,0.588190495967865,95031
1987-05-01,3.515692949295044,3.5704119205474854,3.502013921737671,3.5704119205474854,0.595029890537262,130668
1987-05-04,3.584091901779175,3.5977718830108643,3.5567328929901123,3.584091901779175,0.5973095893859863,189148
1987-05-05,3.5704119205474854,3.6524910926818848,3.5704119205474854,3.6524910926818848,0.6087089776992798,207424
1987-05-06,3.666171073913574,3.7208900451660156,3.611452102661133,3.666171073913574,0.6109890341758728,433122
1987-05-07,3.666171073913574,3.6798501014709473,3.611452102661133,3.611452102661133,0.6018697619438171,244888
1987-05-08,3.6251308917999268,3.6251308917999268,3.5567328929901123,3.5977718830108643,0.599590003490448,133409
1987-05-11,3.5704119205474854,3.6798501014709473,3.5704119205474854,3.611452102661133,0.6018697619438171,222044
1987-05-12,3.6251308917999268,3.6524910926818848,3.584091901779175,3.6524910926818848,0.6087089776992798,178183
1987-05-13,3.6388111114501953,3.7208900451660156,3.6251308917999268,3.7208900451660156,0.6201080679893494,254025
1987-05-14,3.7208900451660156,3.748249053955078,3.6798501014709473,3.7208900451660156,0.6201080679893494,143460
1987-05-15,3.707210063934326,3.7208900451660156,3.666171073913574,3.666171073913574,0.6109890341758728,902795
1987-05-18,3.6798501014709473,3.6798501014709473,3.515692949295044,3.584091901779175,0.5973095893859863,233009
1987-05-19,3.5704119205474854,3.5977718830108643,3.4883339405059814,3.515692949295044,0.5859105587005615,239405
1987-05-20,3.502013921737671,3.5704119205474854,3.474653959274292,3.474653959274292,0.5790714621543884,123358
1987-05-21,3.474653959274292,3.5567328929901123,3.474653959274292,3.4883339405059814,0.5813513398170471,305196
1987-05-22,3.474653959274292,3.5293729305267334,3.474653959274292,3.5293729305267334,0.588190495967865,105082
1987-05-26,3.5293729305267334,3.5704119205474854,3.515692949295044,3.5704119205474854,0.595029890537262,104169
1987-05-27,3.5704119205474854,3.5704119205474854,3.515692949295044,3.5567328929901123,0.592750608921051,122444
1987-05-28,3.543052911758423,3.5567328929901123,3.4609739780426025,3.543052911758423,0.5904706716537476,156253
1987-05-29,3.5567328929901123,3.5567328929901123,3.502013921737671,3.5293729305267334,0.588190495967865,99600
1987-06-01,3.515692949295044,3.543052911758423,3.406255006790161,3.406255006790161,0.5676724314689636,134323
1987-06-02,3.4472949504852295,3.4883339405059814,3.392575979232788,3.4199349880218506,0.5699520707130432,210165
1987-06-03,3.4199349880218506,3.4472949504852295,3.406255006790161,3.4199349880218506,0.5699520707130432,143460
1987-06-04,3.43361496925354,3.4609739780426025,3.4199349880218506,3.4609739780426025,0.5767917037010193,151684
1987-06-05,3.43361496925354,3.4609739780426025,3.4199349880218506,3.4472949504852295,0.5745118856430054,89548
1987-06-08,3.4472949504852295,3.4609739780426025,3.406255006790161,3.4609739780426025,0.5767917037010193,283266
1987-06-09,3.4609739780426025,3.4609739780426025,3.4199349880218506,3.4472949504852295,0.5745118856430054,127013
1987-06-10,3.43361496925354,3.4472949504852295,3.406255006790161,3.406255006790161,0.5676724314689636,251284
1987-06-11,3.4199349880218506,3.4199349880218506,3.2831380367279053,3.365216016769409,0.560833215713501,578410
1987-06-12,3.392575979232788,3.43361496925354,3.351536989212036,3.392575979232788,0.5653927326202393,363676
1987-06-15,3.406255006790161,3.4199349880218506,3.3241770267486572,3.406255006790161,0.5676724314689636,834263
1987-06-16,3.5567328929901123,3.6524910926818848,3.515692949295044,3.5567328929901123,0.592750608921051,1070013
1987-06-17,3.5567328929901123,3.6251308917999268,3.5293729305267334,3.611452102661133,0.6018697619438171,845228
1987-06-18,3.6251308917999268,3.7208900451660156,3.5977718830108643,3.6798501014709473,0.6132684946060181,564704
1987-06-19,3.707210063934326,3.748249053955078,3.6524910926818848,3.707210063934326,0.6178284287452698,1332262
1987-06-22,3.7208900451660156,3.8029680252075195,3.7208900451660156,3.78928804397583,0.631507158279419,444087
1987-06-23,3.816648006439209,3.816648006439209,3.7208900451660156,3.78928804397583,0.631507158279419,915588
1987-06-24,3.816648006439209,3.816648006439209,3.7208900451660156,3.78928804397583,0.631507158279419,498913
1987-06-25,3.78928804397583,3.8029680252075195,3.7208900451660156,3.7756080627441406,0.6292271614074707,377383
1987-06-26,3.7756080627441406,3.7756080627441406,3.7345690727233887,3.7619290351867676,0.6269479990005493,211992
1987-06-29,3.78928804397583,3.816648006439209,3.748249053955078,3.78928804397583,0.631507158279419,214734
1987-06-30,3.8029680252075195,3.8029680252075195,3.748249053955078,3.7756080627441406,0.6292271614074707,249456
1987-07-01,3.748249053955078,3.7756080627441406,3.7345690727233887,3.7756080627441406,0.6292271614074707,173614
1987-07-02,3.78928804397583,3.78928804397583,3.748249053955078,3.7619290351867676,0.6269479990005493,162649
1987-07-06,3.707210063934326,3.7208900451660156,3.584091901779175,3.6251308917999268,0.6041491627693176,598513
1987-07-07,3.6388111114501953,3.6798501014709473,3.6388111114501953,3.666171073913574,0.6109890341758728,388348
1987-07-08,3.6798501014709473,3.78928804397583,3.5977718830108643,3.78928804397583,0.631507158279419,418502
1987-07-09,3.78928804397583,3.857686996459961,3.7208900451660156,3.7208900451660156,0.6201080679893494,423071
1987-07-10,3.7208900451660156,3.7208900451660156,3.7208900451660156,3.7208900451660156,0.6201080679893494,513533
1987-07-13,3.6935300827026367,3.7208900451660156,3.584091901779175,3.7208900451660156,0.6201080679893494,227526
1987-07-14,3.6935300827026367,3.7619290351867676,3.6935300827026367,3.7208900451660156,0.6201080679893494,407537
1987-07-15,3.7208900451660156,3.7345690727233887,3.6388111114501953,3.7208900451660156,0.6201080679893494,165391
1987-07-16,3.7208900451660156,3.7345690727233887,3.666171073913574,3.666171073913574,0.6109890341758728,247629
1987-07-17,3.6798501014709473,3.6798501014709473,3.611452102661133,3.666171073913574,0.6109890341758728,338091
1987-07-20,3.5977718830108643,3.6524910926818848,3.5977718830108643,3.6388111114501953,0.6064292192459106,239405
1987-07-21,3.6388111114501953,3.707210063934326,3.5567328929901123,3.5567328929901123,0.592750608921051,439519
1987-07-22,3.5704119205474854,3.5704119205474854,3.515692949295044,3.543052911758423,0.5904706716537476,233009
1987-07-23,3.5567328929901123,3.5977718830108643,3.515692949295044,3.5977718830108643,0.599590003490448,402968
1987-07-24,3.6388111114501953,3.707210063934326,3.6388111114501953,3.707210063934326,0.6178284287452698,240319
1987-07-27,3.6524910926818848,3.6524910926818848,3.5977718830108643,3.6524910926818848,0.620430588722229,201941
1987-07-28,3.6524910926818848,3.6524910926818848,3.5977718830108643,3.6251308917999268,0.6157830357551575,153512
1987-07-29,3.6388111114501953,3.6524910926818848,3.611452102661133,3.6388111114501953,0.6181069612503052,187321
1987-07-30,3.6524910926818848,3.6798501014709473,3.5567328929901123,3.666171073913574,0.622754693031311,333522
1987-07-31,3.6798501014709473,3.7345690727233887,3.6388111114501953,3.7345690727233887,0.6343729496002197,360021
1987-08-03,3.7619290351867676,3.7619290351867676,3.7208900451660156,3.7208900451660156,0.6320492625236511,274128
1987-08-04,3.7345690727233887,3.748249053955078,3.6935300827026367,3.707210063934326,0.6297256946563721,307937
1987-08-05,3.7345690727233887,3.748249053955078,3.7208900451660156,3.7345690727233887,0.6343729496002197,477896
1987-08-06,3.7345690727233887,3.7619290351867676,3.7208900451660156,3.748249053955078,0.6366965770721436,279611
1987-08-07,3.7619290351867676,3.7756080627441406,3.6935300827026367,3.7208900451660156,0.6320492625236511,211992
1987-08-10,3.707210063934326,3.7345690727233887,3.6798501014709473,3.7345690727233887,0.6343729496002197,286007
1987-08-11,3.7345690727233887,3.7619290351867676,3.6935300827026367,3.7208900451660156,0.6320492625236511,691716
1987-08-12,3.7345690727233887,3.748249053955078,3.6798501014709473,3.7208900451660156,0.6320492625236511,351798
1987-08-13,3.7345690727233887,3.748249053955078,3.707210063934326,3.748249053955078,0.6366965770721436,175442
1987-08-14,3.748249053955078,3.7619290351867676,3.7208900451660156,3.7619290351867676,0.6390208601951599,249456
1987-08-17,3.7756080627441406,3.816648006439209,3.7619290351867676,3.816648006439209,0.6483155488967896,293317
1987-08-18,3.816648006439209,3.8850460052490234,3.78928804397583,3.8850460052490234,0.6599335670471191,526326
1987-08-19,3.9124059677124023,4.1176018714904785,3.898725986480713,4.090242862701416,0.6947895288467407,647856
1987-08-20,4.076562881469727,4.1176018714904785,4.049202919006348,4.076562881469727,0.6924657225608826,537291
1987-08-21,4.076562881469727,4.103921890258789,4.062882900238037,4.090242862701416,0.6947895288467407,352711
1987-08-24,4.062882900238037,4.062882900238037,3.939764976501465,4.049202919006348,0.6878184080123901,203768
1987-08-25,4.049202919006348,4.131281852722168,4.049202919006348,4.1176018714904785,0.6994369626045227,220216
1987-08-26,4.103921890258789,4.144960880279541,4.049202919006348,4.131281852722168,0.7017605304718018,474241
1987-08-27,4.103921890258789,4.131281852722168,4.062882900238037,4.103921890258789,0.697113037109375,354539
1987-08-28,4.076562881469727,4.090242862701416,4.021843910217285,4.049202919006348,0.6878184080123901,108737
1987-08-31,4.049202919006348,4.090242862701416,4.035523891448975,4.076562881469727,0.6924657225608826,148029
1987-09-01,4.090242862701416,4.090242862701416,3.898725986480713,3.898725986480713,0.6622576117515564,284179
1987-09-02,3.857686996459961,3.9944839477539062,3.8440070152282715,3.9944839477539062,0.6785234212875366,288748
1987-09-03,4.021843910217285,4.049202919006348,3.9534449577331543,4.049202919006348,0.6878184080123901,95031
1987-09-04,4.049202919006348,4.049202919006348,3.939764976501465,3.939764976501465,0.6692287921905518,165391
1987-09-08,3.939764976501465,3.939764976501465,3.8029680252075195,3.857686996459961,0.6552863717079163,253112
1987-09-09,3.8713669776916504,3.8850460052490234,3.7756080627441406,3.8440070152282715,0.6529626250267029,189148
1987-09-10,3.8850460052490234,3.9124059677124023,3.8440070152282715,3.8850460052490234,0.6599335670471191,159908
1987-09-11,3.898725986480713,3.9124059677124023,3.8440070152282715,3.8713669776916504,0.6576099991798401,77670
1987-09-14,3.898725986480713,3.9534449577331543,3.857686996459961,3.9534449577331543,0.6715525984764099,200113
1987-09-15,3.926085948944092,3.9534449577331543,3.898725986480713,3.9534449577331543,0.6715525984764099,95031
1987-09-16,3.939764976501465,3.9671249389648438,3.857686996459961,3.8713669776916504,0.6576099991798401,162649
1987-09-17,3.8713669776916504,3.9671249389648438,3.8713669776916504,3.939764976501465,0.6692287921905518,197372
1987-09-18,3.857686996459961,3.8713669776916504,3.7756080627441406,3.7756080627441406,0.6413441896438599,244888
1987-09-21,3.78928804397583,3.816648006439209,3.611452102661133,3.6251308917999268,0.6157830357551575,449570
1987-09-22,3.6388111114501953,3.6798501014709473,3.584091901779175,3.6798501014709473,0.6250781416893005,295144
1987-09-23,3.6798501014709473,3.6935300827026367,3.6251308917999268,3.6388111114501953,0.6181069612503052,158080
1987-09-24,3.6524910926818848,3.666171073913574,3.611452102661133,3.6251308917999268,0.6157830357551575,130668
1987-09-25,3.6251308917999268,3.6251308917999268,3.5567328929901123,3.611452102661133,0.6134597063064575,85893
1987-09-28,3.6251308917999268,3.6798501014709473,3.611452102661133,3.6251308917999268,0.6157830357551575,273214
1987-09-29,3.6251308917999268,3.666171073913574,3.6251308917999268,3.6524910926818848,0.620430588722229,147115
1987-09-30,3.6524910926818848,3.6524910926818848,3.5704119205474854,3.5704119205474854,0.6064882278442383,184580
1987-10-01,3.5977718830108643,3.666171073913574,3.584091901779175,3.666171073913574,0.622754693031311,147115
1987-10-02,3.6798501014709473,3.816648006439209,3.6798501014709473,3.8029680252075195,0.6459916234016418,137978
1987-10-05,3.78928804397583,3.8440070152282715,3.7619290351867676,3.830327033996582,0.6506390571594238,188235
1987-10-06,3.8029680252075195,3.8850460052490234,3.78928804397583,3.830327033996582,0.6506390571594238,172701
1987-10-07,3.8029680252075195,3.8029680252075195,3.7208900451660156,3.8029680252075195,0.6459916234016418,179097
1987-10-08,3.830327033996582,3.830327033996582,3.7208900451660156,3.7208900451660156,0.6320492625236511,97772
1987-10-09,3.7208900451660156,3.7208900451660156,3.611452102661133,3.6251308917999268,0.6157830357551575,192803
1987-10-12,3.6388111114501953,3.6388111114501953,3.5704119205474854,3.611452102661133,0.6134597063064575,152598
1987-10-13,3.6388111114501953,3.6524910926818848,3.611452102661133,3.6388111114501953,0.6181069612503052,115134
1987-10-14,3.6388111114501953,3.6388111114501953,3.5567328929901123,3.611452102661133,0.6134597063064575,230268
1987-10-15,3.584091901779175,3.5977718830108643,3.4199349880218506,3.43361496925354,0.583251416683197,209251
1987-10-16,3.2420990467071533,3.351536989212036,3.2420990467071533,3.2831380367279053,0.5576908588409424,673441
1987-10-19,3.201059103012085,3.201059103012085,2.6812291145324707,2.735948085784912,0.4647422432899475,723698
1987-10-20,2.62650990486145,2.9001049995422363,2.5991508960723877,2.8317060470581055,0.48100826144218445,827867
1987-10-21,3.009542942047119,3.2420990467071533,3.009542942047119,3.187380075454712,0.5414243340492249,487034
1987-10-22,3.1737000942230225,3.1737000942230225,3.0232229232788086,3.1737000942230225,0.5391006469726562,418502
1987-10-23,3.118980884552002,3.228419065475464,3.118980884552002,3.2147390842437744,0.5460720658302307,232095
1987-10-26,3.1326611042022705,3.1737000942230225,2.9548239707946777,2.9548239707946777,0.5131003260612488,219302
1987-10-27,2.9274649620056152,2.968503952026367,2.8180270195007324,2.8317060470581055,0.4917215406894684,167218
1987-10-28,2.845386028289795,2.845386028289795,2.735948085784912,2.7906670570373535,0.4845949709415436,157167
1987-10-29,2.804347038269043,2.804347038269043,2.1887590885162354,2.1887590885162354,0.38007456064224243,420330
1987-10-30,2.489712953567505,2.5991508960723877,2.489712953567505,2.5581119060516357,0.4442121982574463,2940480
1987-11-02,2.571790933609009,2.653870105743408,2.5581119060516357,2.6401898860931396,0.45846450328826904,782179
1987-11-03,2.667548894882202,2.7222681045532227,2.6401898860931396,2.7085890769958496,0.47034215927124023,395658
1987-11-04,2.6812291145324707,2.69490909576416,2.6401898860931396,2.667548894882202,0.4632156789302826,254939
1987-11-05,2.6812291145324707,2.7222681045532227,2.6401898860931396,2.6812291145324707,0.4655912518501282,357280
1987-11-06,2.667548894882202,2.7222681045532227,2.6401898860931396,2.69490909576416,0.46796637773513794,266818
1987-11-09,2.7085890769958496,2.7085890769958496,2.62650990486145,2.6812291145324707,0.4655912518501282,159908
1987-11-10,2.653870105743408,2.69490909576416,2.62650990486145,2.69490909576416,0.46796637773513794,258594
1987-11-11,2.6812291145324707,2.7085890769958496,2.6812291145324707,2.7085890769958496,0.47034215927124023,155339
1987-11-12,2.7222681045532227,2.776987075805664,2.7222681045532227,2.776987075805664,0.4822193682193756,281438
1987-11-13,2.7496280670166016,3.07794189453125,2.7496280670166016,3.050581932067871,0.529728889465332,411192
1987-11-16,3.0369019508361816,3.0369019508361816,2.845386028289795,2.872745990753174,0.49884796142578125,371900
1987-11-17,2.8180270195007324,2.8180270195007324,2.69490909576416,2.7906670570373535,0.4845949709415436,684406
1987-11-18,2.804347038269043,2.8180270195007324,2.763308048248291,2.7906670570373535,0.4845949709415436,205596
1987-11-19,2.7906670570373535,2.7906670570373535,2.6812291145324707,2.6812291145324707,0.4655912518501282,227526
1987-11-20,2.69490909576416,2.7085890769958496,2.667548894882202,2.69490909576416,0.46796637773513794,205596
1987-11-23,2.6812291145324707,2.6812291145324707,2.530751943588257,2.5444319248199463,0.4418365955352783,255853
1987-11-24,2.571790933609009,2.5854709148406982,2.4760329723358154,2.5033929347991943,0.43471041321754456,752024
1987-11-25,2.5170719623565674,2.6401898860931396,2.5170719623565674,2.6401898860931396,0.45846450328826904,523584
1987-11-27,2.653870105743408,2.667548894882202,2.62650990486145,2.62650990486145,0.45608943700790405,120616
1987-11-30,2.6401898860931396,2.6401898860931396,2.530751943588257,2.530751943588257,0.43946102261543274,302455
1987-12-01,2.5444319248199463,2.571790933609009,2.530751943588257,2.5444319248199463,0.4418365955352783,450484
1987-12-02,2.530751943588257,2.5991508960723877,2.530751943588257,2.571790933609009,0.44658777117729187,428553
1987-12-03,2.5854709148406982,2.62650990486145,2.530751943588257,2.6128311157226562,0.45371395349502563,466018
1987-12-04,2.5854709148406982,2.7085890769958496,2.5854709148406982,2.653870105743408,0.4608403146266937,417588
1987-12-07,2.6401898860931396,2.7906670570373535,2.62650990486145,2.7906670570373535,0.4845949709415436,393831
1987-12-08,2.7496280670166016,2.776987075805664,2.4349939823150635,2.530751943588257,0.43946102261543274,999653
1987-12-09,2.352915048599243,2.352915048599243,1.7510069608688354,1.9288430213928223,0.3349405527114868,3830482
1987-12-10,1.9014840126037598,1.9014840126037598,1.8194060325622559,1.8741240501403809,0.3254387080669403,2439739
1987-12-11,1.8604450225830078,1.8878040313720703,1.5868500471115112,1.8878040313720703,0.32781416177749634,2011186
1987-12-14,1.8878040313720703,2.065640926361084,1.8878040313720703,2.024601936340332,0.3515688478946686,1401708
1987-12-15,1.9698829650878906,1.9972419738769531,1.8467650413513184,1.8467650413513184,0.3206876516342163,566531
1987-12-16,1.8467650413513184,1.8878040313720703,1.778365969657898,1.8330849409103394,0.318312406539917,435864
1987-12-17,1.8057260513305664,1.8467650413513184,1.7510069608688354,1.764686942100525,0.3064349889755249,440432
1987-12-18,1.7920459508895874,1.7920459508895874,1.696287989616394,1.737326979637146,0.30168405175209045,835177
1987-12-21,1.7099679708480835,1.737326979637146,1.696287989616394,1.7236469984054565,0.2993084788322449,805023
1987-12-22,1.737326979637146,1.737326979637146,1.696287989616394,1.737326979637146,0.30168405175209045,970413
1987-12-23,1.7920459508895874,1.8467650413513184,1.7920459508895874,1.8467650413513184,0.3206876516342163,593944
1987-12-24,1.8604450225830078,1.8741240501403809,1.8330849409103394,1.8741240501403809,0.3254387080669403,174528
1987-12-28,1.8467650413513184,1.8467650413513184,1.8330849409103394,1.8330849409103394,0.318312406539917,379210
1987-12-29,1.8330849409103394,1.8467650413513184,1.764686942100525,1.778365969657898,0.30881044268608093,429467
1987-12-30,1.7510069608688354,1.8604450225830078,1.7510069608688354,1.8057260513305664,0.3135615885257721,441346
1987-12-31,1.8057260513305664,1.8604450225830078,1.7920459508895874,1.8330849409103394,0.318312406539917,772127
1988-01-04,1.8467650413513184,1.9972419738769531,1.8194060325622559,1.9835619926452637,0.3444422781467438,233923
1988-01-05,2.024601936340332,2.175079107284546,2.024601936340332,2.1613988876342773,0.3753237724304199,641460
1988-01-06,2.1613988876342773,2.175079107284546,2.0929999351501465,2.0929999351501465,0.3634462356567383,420330
1988-01-07,2.0929999351501465,2.134040117263794,2.0793209075927734,2.0929999351501465,0.3634462356567383,194631
1988-01-08,2.106679916381836,2.106679916381836,1.9698829650878906,1.9698829650878906,0.3420672118663788,255853
1988-01-11,1.9425230026245117,1.9425230026245117,1.8604450225830078,1.9014840126037598,0.3301897346973419,1075496
1988-01-12,1.9288430213928223,1.9288430213928223,1.8741240501403809,1.9151639938354492,0.3325653076171875,728267
1988-01-13,1.9151639938354492,2.1613988876342773,1.9014840126037598,2.038280963897705,0.35394424200057983,1801021
1988-01-14,2.038280963897705,2.065640926361084,1.9835619926452637,2.0519609451293945,0.35631972551345825,307023
1988-01-15,2.024601936340332,2.106679916381836,2.024601936340332,2.0929999351501465,0.3634462356567383,288748
1988-01-18,2.065640926361084,2.1203598976135254,2.065640926361084,2.106679916381836,0.3658216595649719,208337
1988-01-19,2.0793209075927734,2.106679916381836,2.0793209075927734,2.0929999351501465,0.3634462356567383,249456
1988-01-20,2.0793209075927734,2.0929999351501465,2.0793209075927734,2.0793209075927734,0.3610706925392151,119703
1988-01-21,2.0793209075927734,2.0929999351501465,1.8741240501403809,1.9562029838562012,0.3396916389465332,668872
1988-01-22,1.9835619926452637,2.065640926361084,1.9698829650878906,2.0519609451293945,0.35631972551345825,13054889
1988-01-25,1.9698829650878906,2.0109219551086426,1.9698829650878906,1.9972419738769531,0.35907435417175293,168132
1988-01-26,1.9972419738769531,2.024601936340332,1.9698829650878906,1.9972419738769531,0.35907435417175293,129754
1988-01-27,2.0109219551086426,2.106679916381836,1.9972419738769531,2.106679916381836,0.3787495791912079,567445
1988-01-28,2.0793209075927734,2.106679916381836,2.038280963897705,2.0793209075927734,0.37383079528808594,228440
1988-01-29,2.0793209075927734,2.134040117263794,2.038280963897705,2.1203598976135254,0.38120904564857483,854366
1988-02-01,2.1203598976135254,2.134040117263794,2.038280963897705,2.106679916381836,0.3787495791912079,366418
1988-02-02,2.0793209075927734,2.106679916381836,2.0793209075927734,2.0929999351501465,0.37629014253616333,1175095
1988-02-03,2.0929999351501465,2.134040117263794,2.0793209075927734,2.134040117263794,0.38366857171058655,260422
1988-02-04,2.106679916381836,2.134040117263794,2.0929999351501465,2.0929999351501465,0.37629014253616333,247629
1988-02-05,2.1203598976135254,2.134040117263794,2.0519609451293945,2.106679916381836,0.3787495791912079,266818
1988-02-08,2.106679916381836,2.106679916381836,2.038280963897705,2.0519609451293945,0.3689119219779968,438605
1988-02-09,2.038280963897705,2.065640926361084,2.038280963897705,2.0519609451293945,0.3689119219779968,168132
1988-02-10,2.0793209075927734,2.1203598976135254,2.065640926361084,2.1203598976135254,0.38120904564857483,195545
1988-02-11,2.106679916381836,2.147718906402588,2.0793209075927734,2.106679916381836,0.3787495791912079,218389
1988-02-12,2.106679916381836,2.1203598976135254,2.0929999351501465,2.106679916381836,0.3787495791912079,100514
1988-02-16,2.0929999351501465,2.134040117263794,2.038280963897705,2.0793209075927734,0.37383079528808594,271387
1988-02-17,2.147718906402588,2.147718906402588,2.038280963897705,2.106679916381836,0.3787495791912079,458708
1988-02-18,2.106679916381836,2.106679916381836,2.0793209075927734,2.0793209075927734,0.37383079528808594,288748
1988-02-19,2.106679916381836,2.1203598976135254,2.0793209075927734,2.0929999351501465,0.37629014253616333,272300
1988-02-22,2.065640926361084,2.1203598976135254,2.0519609451293945,2.0793209075927734,0.37383079528808594,345401
1988-02-23,2.0793209075927734,2.106679916381836,2.038280963897705,2.038280963897705,0.36645248532295227,107824
1988-02-24,2.038280963897705,2.0519609451293945,2.0109219551086426,2.0109219551086426,0.3615337908267975,126099
1988-02-25,2.0109219551086426,2.065640926361084,1.9151639938354492,1.9151639938354492,0.34431782364845276,147115
1988-02-26,1.9288430213928223,1.9972419738769531,1.9288430213928223,1.9698829650878906,0.3541554808616638,156253
1988-02-29,1.9972419738769531,2.038280963897705,1.9835619926452637,2.038280963897705,0.36645248532295227,192803
1988-03-01,2.038280963897705,2.0519609451293945,2.024601936340332,2.038280963897705,0.36645248532295227,229354
1988-03-02,2.038280963897705,2.038280963897705,2.0109219551086426,2.038280963897705,0.36645248532295227,165391
1988-03-03,2.024601936340332,2.038280963897705,1.9151639938354492,1.9425230026245117,0.34923651814460754,333522
1988-03-04,1.4226930141448975,1.5047709941864014,1.4226930141448975,1.4637320041656494,0.2631570100784302,5209346
1988-03-07,1.4774119853973389,1.5184509754180908,1.4774119853973389,1.5184509754180908,0.2729948163032532,1118442
1988-03-08,1.5184509754180908,1.5321309566497803,1.4774119853973389,1.4910919666290283,0.2680758833885193,1224438
1988-03-09,1.4774119853973389,1.4910919666290283,1.4637320041656494,1.4774119853973389,0.2656165361404419,700854
1988-03-10,1.4774119853973389,1.4774119853973389,1.436372995376587,1.4637320041656494,0.2631570100784302,753852
1988-03-11,1.4637320041656494,1.4774119853973389,1.4226930141448975,1.4500529766082764,0.2606979012489319,476069
1988-03-14,1.436372995376587,1.4637320041656494,1.4226930141448975,1.436372995376587,0.2582383453845978,614960
1988-03-15,1.4226930141448975,1.4226930141448975,1.3816540241241455,1.4226930141448975,0.255778968334198,877210
1988-03-16,1.395334005355835,1.395334005355835,1.1354180574417114,1.2722159624099731,0.22872529923915863,2431515
1988-03-17,1.2311769723892212,1.2585359811782837,1.108059048652649,1.108059048652649,0.19921234250068665,3719003
1988-03-18,1.108059048652649,1.1354180574417114,1.053339958190918,1.1354180574417114,0.20413121581077576,4535905
1988-03-21,1.1354180574417114,1.1490980386734009,1.108059048652649,1.1354180574417114,0.20413121581077576,1819296
1988-03-22,1.1490980386734009,1.1490980386734009,1.1217390298843384,1.1217390298843384,0.20167198777198792,380124
1988-03-23,1.1217390298843384,1.1764580011367798,1.108059048652649,1.1627780199050903,0.2090502828359604,579324
1988-03-24,1.1627780199050903,1.1627780199050903,1.1217390298843384,1.1354180574417114,0.20413121581077576,2054132
1988-03-25,1.1217390298843384,1.1354180574417114,1.108059048652649,1.1354180574417114,0.20413121581077576,992343
1988-03-28,1.108059048652649,1.1217390298843384,1.067020058631897,1.09437894821167,0.19675302505493164,1090116
1988-03-29,1.09437894821167,1.108059048652649,1.09437894821167,1.09437894821167,0.19675302505493164,1222611
1988-03-30,1.09437894821167,1.108059048652649,1.0807000398635864,1.09437894821167,0.19675302505493164,1803762
1988-03-31,1.09437894821167,1.108059048652649,1.0807000398635864,1.108059048652649,0.19921234250068665,1827520
1988-04-04,1.09437894821167,1.1217390298843384,1.0807000398635864,1.09437894821167,0.19675302505493164,508964
1988-04-05,1.09437894821167,1.09437894821167,1.0807000398635864,1.09437894821167,0.19675302505493164,489775
1988-04-06,1.09437894821167,1.09437894821167,1.067020058631897,1.09437894821167,0.19675302505493164,2589596
1988-04-07,1.0807000398635864,1.09437894821167,1.067020058631897,1.0807000398635864,0.1942937672138214,284179
1988-04-08,1.0807000398635864,1.09437894821167,1.067020058631897,1.067020058631897,0.19183428585529327,332609
1988-04-11,1.0807000398635864,1.1490980386734009,1.067020058631897,1.1490980386734009,0.20659060776233673,2286228
1988-04-12,1.1354180574417114,1.2585359811782837,1.1354180574417114,1.2311769723892212,0.2213471680879593,1047169
1988-04-13,1.2448559999465942,1.2995749711990356,1.2311769723892212,1.2585359811782837,0.22626590728759766,582979
1988-04-14,1.2448559999465942,1.2585359811782837,1.2174969911575317,1.2174969911575317,0.2188878059387207,589375
1988-04-15,1.2038170099258423,1.2174969911575317,1.2038170099258423,1.2038170099258423,0.21642841398715973,226612
1988-04-18,1.2038170099258423,1.2174969911575317,1.1764580011367798,1.2038170099258423,0.21642841398715973,391089
1988-04-19,1.1901370286941528,1.2174969911575317,1.1764580011367798,1.1901370286941528,0.21396882832050323,241233
1988-04-20,1.1764580011367798,1.1901370286941528,1.1627780199050903,1.1901370286941528,0.21396882832050323,393831
1988-04-21,1.1901370286941528,1.1901370286941528,1.1627780199050903,1.1627780199050903,0.2090502828359604,278697
1988-04-22,1.1764580011367798,1.1764580011367798,1.1627780199050903,1.1627780199050903,0.2090502828359604,135236
1988-04-25,1.1627780199050903,1.1901370286941528,1.1627780199050903,1.1764580011367798,0.2115096002817154,502568
1988-04-26,1.1901370286941528,1.1901370286941528,1.1627780199050903,1.1764580011367798,0.2115096002817154,416675
1988-04-27,1.1901370286941528,1.1901370286941528,1.1627780199050903,1.1901370286941528,0.21396882832050323,210165
1988-04-28,1.1764580011367798,1.2448559999465942,1.1764580011367798,1.2448559999465942,0.22380651533603668,632322
1988-04-29,1.2448559999465942,1.2448559999465942,1.1764580011367798,1.2174969911575317,0.2188878059387207,652425
1988-05-02,1.2174969911575317,1.2448559999465942,1.2038170099258423,1.2174969911575317,0.2188878059387207,702681
1988-05-03,1.2448559999465942,1.2448559999465942,1.2038170099258423,1.2038170099258423,0.21642841398715973,332609
1988-05-04,1.2174969911575317,1.2311769723892212,1.2038170099258423,1.2038170099258423,0.21642841398715973,418502
1988-05-05,1.2174969911575317,1.2448559999465942,1.2038170099258423,1.2448559999465942,0.22380651533603668,782179
1988-05-06,1.2585359811782837,1.3816540241241455,1.2585359811782837,1.3816540241241455,0.24840077757835388,992343
1988-05-09,1.367974042892456,1.3816540241241455,1.3406150341033936,1.367974042892456,0.24594134092330933,511706
1988-05-10,1.3816540241241455,1.3816540241241455,1.3406150341033936,1.367974042892456,0.24594134092330933,230268
1988-05-11,1.3406150341033936,1.367974042892456,1.313254952430725,1.354293942451477,0.24348175525665283,337177
1988-05-12,1.3816540241241455,1.5184509754180908,1.3816540241241455,1.4637320041656494,0.2631570100784302,1151338
1988-05-13,1.4637320041656494,1.4910919666290283,1.4500529766082764,1.4637320041656494,0.2631570100784302,780351
1988-05-16,1.4500529766082764,1.4774119853973389,1.4226930141448975,1.4500529766082764,0.2606979012489319,372814
1988-05-17,1.4500529766082764,1.4637320041656494,1.367974042892456,1.3816540241241455,0.24840077757835388,545515
1988-05-18,1.395334005355835,1.436372995376587,1.3816540241241455,1.395334005355835,0.2508601248264313,488862
1988-05-19,1.395334005355835,1.409013032913208,1.3816540241241455,1.395334005355835,0.2508601248264313,534550
1988-05-20,1.409013032913208,1.436372995376587,1.395334005355835,1.4226930141448975,0.255778968334198,234836
1988-05-23,1.409013032913208,1.4226930141448975,1.3816540241241455,1.395334005355835,0.2508601248264313,196458
1988-05-24,1.3816540241241455,1.395334005355835,1.3406150341033936,1.354293942451477,0.24348175525665283,349970
1988-05-25,1.354293942451477,1.395334005355835,1.354293942451477,1.395334005355835,0.2508601248264313,272300
1988-05-26,1.3816540241241455,1.395334005355835,1.3816540241241455,1.395334005355835,0.2508601248264313,307937
1988-05-27,1.395334005355835,1.395334005355835,1.1354180574417114,1.1490980386734009,0.20659060776233673,1496739
1988-05-31,1.1217390298843384,1.2995749711990356,1.1217390298843384,1.2995749711990356,0.2336440533399582,1303936
1988-06-01,1.2995749711990356,1.313254952430725,1.2448559999465942,1.2722159624099731,0.22872529923915863,696285
1988-06-02,1.2585359811782837,1.2585359811782837,1.2311769723892212,1.2448559999465942,0.22380651533603668,210165
1988-06-03,1.2311769723892212,1.2585359811782837,1.2038170099258423,1.2585359811782837,0.22626590728759766,493430
1988-06-06,1.2585359811782837,1.2585359811782837,1.2311769723892212,1.2585359811782837,0.22626590728759766,253112
1988-06-07,1.2722159624099731,1.2722159624099731,1.2311769723892212,1.2448559999465942,0.22380651533603668,311592
1988-06-08,1.2311769723892212,1.2722159624099731,1.2311769723892212,1.2722159624099731,0.22872529923915863,384693
1988-06-09,1.2585359811782837,1.2858959436416626,1.2448559999465942,1.2448559999465942,0.22380651533603668,212906
1988-06-10,1.2448559999465942,1.2858959436416626,1.2311769723892212,1.2858959436416626,0.23118481040000916,229354
1988-06-13,1.2722159624099731,1.2722159624099731,1.2448559999465942,1.2585359811782837,0.22626590728759766,149857
1988-06-14,1.2722159624099731,1.2995749711990356,1.2722159624099731,1.2995749711990356,0.2336440533399582,150770
1988-06-15,1.2858959436416626,1.326935052871704,1.2722159624099731,1.326935052871704,0.2385631650686264,376469
1988-06-16,1.326935052871704,1.326935052871704,1.2585359811782837,1.2585359811782837,0.22626590728759766,506223
1988-06-17,1.2448559999465942,1.2858959436416626,1.2448559999465942,1.2585359811782837,0.22626590728759766,435864
1988-06-20,1.2585359811782837,1.4500529766082764,1.2585359811782837,1.395334005355835,0.2508601248264313,776696
1988-06-21,1.409013032913208,1.6689280271530151,1.409013032913208,1.655248999595642,0.29758909344673157,3306897
1988-06-22,1.6826080083847046,1.6826080083847046,1.6142090559005737,1.6415690183639526,0.2951296269893646,734663
1988-06-23,1.6278890371322632,1.6415690183639526,1.6142090559005737,1.6278890371322632,0.2926701307296753,417588
1988-06-24,1.6278890371322632,1.6415690183639526,1.6142090559005737,1.6415690183639526,0.2951296269893646,394744
1988-06-27,1.6278890371322632,1.6415690183639526,1.6142090559005737,1.6415690183639526,0.2951296269893646,425812
1988-06-28,1.6278890371322632,1.6415690183639526,1.6142090559005737,1.6142090559005737,0.29021063446998596,591203
1988-06-29,1.6278890371322632,1.6826080083847046,1.6278890371322632,1.6415690183639526,0.2951296269893646,445001
1988-06-30,1.655248999595642,1.7920459508895874,1.655248999595642,1.778365969657898,0.31972360610961914,956707
1988-07-01,1.8194060325622559,1.9014840126037598,1.8194060325622559,1.8194060325622559,0.32710209488868713,762990
1988-07-05,1.7510069608688354,1.9972419738769531,1.737326979637146,1.9425230026245117,0.34923651814460754,1123011
1988-07-06,1.9151639938354492,1.9562029838562012,1.9014840126037598,1.9425230026245117,0.34923651814460754,569272
1988-07-07,1.9288430213928223,1.9562029838562012,1.9151639938354492,1.9562029838562012,0.3516959249973297,310678
1988-07-08,1.9425230026245117,1.9698829650878906,1.9288430213928223,1.9425230026245117,0.34923651814460754,761162
1988-07-11,1.9425230026245117,2.024601936340332,1.9151639938354492,1.9972419738769531,0.35907435417175293,1215301
1988-07-12,1.9835619926452637,2.024601936340332,1.9425230026245117,1.9425230026245117,0.34923651814460754,401141
1988-07-13,1.9288430213928223,1.9698829650878906,1.9151639938354492,1.9698829650878906,0.3541554808616638,483379
1988-07-14,1.9562029838562012,1.9698829650878906,1.9288430213928223,1.9562029838562012,0.3516959249973297,198286
1988-07-15,1.9698829650878906,2.038280963897705,1.9151639938354492,2.0109219551086426,0.3615337908267975,613133
1988-07-18,1.9835619926452637,1.9972419738769531,1.9288430213928223,1.9288430213928223,0.34677714109420776,190062
1988-07-19,1.9425230026245117,1.9562029838562012,1.9288430213928223,1.9425230026245117,0.34923651814460754,218389
1988-07-20,1.9562029838562012,1.9562029838562012,1.9288430213928223,1.9288430213928223,0.34677714109420776,161736
1988-07-21,1.9425230026245117,1.9425230026245117,1.778365969657898,1.9014840126037598,0.341858446598053,643287
1988-07-22,1.8878040313720703,1.8878040313720703,1.8604450225830078,1.8741240501403809,0.3369394838809967,123358
1988-07-25,1.8741240501403809,1.8741240501403809,1.8604450225830078,1.8604450225830078,0.3344801664352417,178183
1988-07-26,1.8330849409103394,1.9425230026245117,1.8057260513305664,1.9151639938354492,0.34431782364845276,510792
1988-07-27,1.9151639938354492,1.9425230026245117,1.9151639938354492,1.9288430213928223,0.34677714109420776,539118
1988-07-28,1.9288430213928223,1.9835619926452637,1.9288430213928223,1.9698829650878906,0.3541554808616638,377383
1988-07-29,1.9698829650878906,2.065640926361084,1.9562029838562012,2.038280963897705,0.36645248532295227,597599
1988-08-01,2.065640926361084,2.147718906402588,2.065640926361084,2.147718906402588,0.38612791895866394,761162
1988-08-02,2.134040117263794,2.1613988876342773,2.134040117263794,2.147718906402588,0.38612791895866394,655166
1988-08-03,2.147718906402588,2.147718906402588,2.024601936340332,2.038280963897705,0.36645248532295227,408451
1988-08-04,2.024601936340332,2.106679916381836,2.024601936340332,2.0793209075927734,0.37383079528808594,318902
1988-08-05,2.0519609451293945,2.0929999351501465,1.9972419738769531,2.0519609451293945,0.3689119219779968,288748
1988-08-08,2.024601936340332,2.024601936340332,1.9014840126037598,1.9014840126037598,0.341858446598053,475155
1988-08-09,1.9014840126037598,1.9151639938354492,1.8741240501403809,1.9014840126037598,0.341858446598053,606737
1988-08-10,1.9151639938354492,1.9151639938354492,1.8878040313720703,1.9151639938354492,0.34431782364845276,241233
1988-08-11,1.9288430213928223,1.9288430213928223,1.8878040313720703,1.9151639938354492,0.34431782364845276,186407
1988-08-12,1.9151639938354492,1.9425230026245117,1.9151639938354492,1.9288430213928223,0.34677714109420776,227526
1988-08-15,1.9288430213928223,1.9562029838562012,1.9014840126037598,1.9014840126037598,0.341858446598053,196458
1988-08-16,1.9014840126037598,1.9562029838562012,1.9014840126037598,1.9288430213928223,0.34677714109420776,158080
1988-08-17,1.9151639938354492,1.9425230026245117,1.9014840126037598,1.9014840126037598,0.341858446598053,115134
1988-08-18,1.9014840126037598,1.9151639938354492,1.8741240501403809,1.9014840126037598,0.341858446598053,223871
1988-08-19,1.9014840126037598,1.9014840126037598,1.8741240501403809,1.9014840126037598,0.341858446598053,114220
1988-08-22,1.9014840126037598,1.9014840126037598,1.8604450225830078,1.8604450225830078,0.3344801664352417,138892
1988-08-23,1.8741240501403809,1.8878040313720703,1.8604450225830078,1.8741240501403809,0.3369394838809967,158994
1988-08-24,1.8741240501403809,1.8741240501403809,1.8467650413513184,1.8604450225830078,0.3344801664352417,464190
1988-08-25,1.8330849409103394,1.8604450225830078,1.8194060325622559,1.8467650413513184,0.3320206105709076,190976
1988-08-26,1.8467650413513184,1.8604450225830078,1.8330849409103394,1.8604450225830078,0.3344801664352417,106910
1988-08-29,1.8741240501403809,1.9014840126037598,1.8741240501403809,1.8741240501403809,0.3369394838809967,155339
1988-08-30,1.9014840126037598,1.9014840126037598,1.8604450225830078,1.8878040313720703,0.33939898014068604,235750
1988-08-31,1.8878040313720703,1.9014840126037598,1.8330849409103394,1.8604450225830078,0.3344801664352417,224785
1988-09-01,1.8467650413513184,1.9014840126037598,1.8467650413513184,1.8878040313720703,0.33939898014068604,243974
1988-09-02,1.8878040313720703,1.9151639938354492,1.8604450225830078,1.9014840126037598,0.341858446598053,287834
1988-09-06,1.8878040313720703,1.9014840126037598,1.8604450225830078,1.8741240501403809,0.3369394838809967,84980
1988-09-07,1.8741240501403809,1.8741240501403809,1.8330849409103394,1.8604450225830078,0.3344801664352417,155339
1988-09-08,1.8467650413513184,1.8878040313720703,1.8330849409103394,1.8878040313720703,0.33939898014068604,175442
1988-09-09,1.8741240501403809,1.8741240501403809,1.8604450225830078,1.8604450225830078,0.3344801664352417,99600
1988-09-12,1.8604450225830078,1.8878040313720703,1.8604450225830078,1.8604450225830078,0.3344801664352417,316161
1988-09-13,1.8604450225830078,1.9014840126037598,1.8604450225830078,1.8741240501403809,0.3369394838809967,273214
1988-09-14,1.8878040313720703,1.9014840126037598,1.8604450225830078,1.9014840126037598,0.341858446598053,114220
1988-09-15,1.8878040313720703,1.9014840126037598,1.8878040313720703,1.9014840126037598,0.341858446598053,140719
1988-09-16,1.9014840126037598,1.9151639938354492,1.8741240501403809,1.9151639938354492,0.34431782364845276,365504
1988-09-19,1.8878040313720703,1.9014840126037598,1.8878040313720703,1.9014840126037598,0.341858446598053,123358
1988-09-20,1.9014840126037598,1.9151639938354492,1.9014840126037598,1.9151639938354492,0.34431782364845276,137978
1988-09-21,1.9151639938354492,1.9288430213928223,1.9151639938354492,1.9151639938354492,0.34431782364845276,140719
1988-09-22,1.9425230026245117,1.9562029838562012,1.9288430213928223,1.9425230026245117,0.34923651814460754,256767
1988-09-23,1.9698829650878906,1.9698829650878906,1.9562029838562012,1.9698829650878906,0.3541554808616638,318902
1988-09-26,1.9698829650878906,2.0109219551086426,1.9698829650878906,1.9698829650878906,0.3541554808616638,243060
1988-09-27,1.9698829650878906,1.9835619926452637,1.9425230026245117,1.9425230026245117,0.34923651814460754,47516
1988-09-28,1.9425230026245117,1.9562029838562012,1.9288430213928223,1.9562029838562012,0.3516959249973297,111479
1988-09-29,1.9698829650878906,1.9698829650878906,1.9288430213928223,1.9288430213928223,0.34677714109420776,111479
1988-09-30,1.9151639938354492,1.9562029838562012,1.9014840126037598,1.9014840126037598,0.341858446598053,183666
1988-10-03,1.9151639938354492,1.9425230026245117,1.8741240501403809,1.9014840126037598,0.341858446598053,166304
1988-10-04,1.8878040313720703,1.9014840126037598,1.8741240501403809,1.8878040313720703,0.33939898014068604,110565
1988-10-05,1.9014840126037598,1.9014840126037598,1.8878040313720703,1.9014840126037598,0.341858446598053,60308
1988-10-06,1.8878040313720703,1.9151639938354492,1.8878040313720703,1.9151639938354492,0.34431782364845276,268645
1988-10-07,1.9014840126037598,1.9562029838562012,1.9014840126037598,1.9425230026245117,0.34923651814460754,209251
1988-10-10,1.9425230026245117,1.9562029838562012,1.9288430213928223,1.9288430213928223,0.34677714109420776,133409
1988-10-11,1.9151639938354492,1.9151639938354492,1.8604450225830078,1.9014840126037598,0.341858446598053,184580
1988-10-12,1.8741240501403809,1.8741240501403809,1.8467650413513184,1.8604450225830078,0.3344801664352417,258594
1988-10-13,1.8604450225830078,1.8741240501403809,1.8467650413513184,1.8467650413513184,0.3320206105709076,214734
1988-10-14,1.8467650413513184,1.8604450225830078,1.8467650413513184,1.8604450225830078,0.3344801664352417,567445
1988-10-17,1.8604450225830078,1.8878040313720703,1.8467650413513184,1.8741240501403809,0.3369394838809967,169959
1988-10-18,1.8741240501403809,1.9014840126037598,1.8741240501403809,1.9014840126037598,0.341858446598053,286007
1988-10-19,1.8878040313720703,1.8878040313720703,1.8741240501403809,1.8741240501403809,0.3369394838809967,131581
1988-10-20,1.8878040313720703,1.9014840126037598,1.8741240501403809,1.8741240501403809,0.3369394838809967,162649
1988-10-21,1.8741240501403809,1.8878040313720703,1.8467650413513184,1.8604450225830078,0.3344801664352417,211992
1988-10-24,1.8604450225830078,1.8604450225830078,1.8467650413513184,1.8604450225830078,0.3344801664352417,195545
1988-10-25,1.8604450225830078,1.8741240501403809,1.8467650413513184,1.8604450225830078,0.3344801664352417,598513
1988-10-26,1.8741240501403809,1.9014840126037598,1.8604450225830078,1.8878040313720703,0.33939898014068604,237578
1988-10-27,1.8741240501403809,1.8878040313720703,1.8741240501403809,1.8741240501403809,0.3369394838809967,285093
1988-10-28,1.8741240501403809,1.8878040313720703,1.8741240501403809,1.8741240501403809,0.3369394838809967,107824
1988-10-31,1.8878040313720703,1.8878040313720703,1.8741240501403809,1.8741240501403809,0.3369394838809967,114220
1988-11-01,1.8741240501403809,1.9151639938354492,1.8604450225830078,1.9151639938354492,0.34431782364845276,198286
1988-11-02,1.9014840126037598,1.9014840126037598,1.8878040313720703,1.8878040313720703,0.33939898014068604,150770
1988-11-03,1.9151639938354492,1.9151639938354492,1.9014840126037598,1.9014840126037598,0.341858446598053,329867
1988-11-04,1.8878040313720703,1.9288430213928223,1.8878040313720703,1.9151639938354492,0.34431782364845276,278697
1988-11-07,1.9288430213928223,1.9698829650878906,1.9151639938354492,1.9698829650878906,0.3541554808616638,323471
1988-11-08,1.9562029838562012,1.9562029838562012,1.9288430213928223,1.9562029838562012,0.3516959249973297,141633
1988-11-09,1.9425230026245117,1.9562029838562012,1.9288430213928223,1.9425230026245117,0.34923651814460754,91376
1988-11-10,1.9288430213928223,1.9835619926452637,1.9288430213928223,1.9698829650878906,0.3541554808616638,241233
1988-11-11,1.9698829650878906,1.9835619926452637,1.9562029838562012,1.9698829650878906,0.3541554808616638,433122
1988-11-14,1.9698829650878906,1.9835619926452637,1.9562029838562012,1.9698829650878906,0.3541554808616638,471500
1988-11-15,1.9562029838562012,1.9972419738769531,1.9562029838562012,1.9835619926452637,0.3566149175167084,381038
1988-11-16,1.9972419738769531,1.9972419738769531,1.9425230026245117,1.9835619926452637,0.3566149175167084,262249
1988-11-17,1.9562029838562012,1.9835619926452637,1.9562029838562012,1.9562029838562012,0.3516959249973297,165391
1988-11-18,1.9698829650878906,1.9835619926452637,1.9562029838562012,1.9835619926452637,0.3566149175167084,190976
1988-11-21,1.9698829650878906,1.9835619926452637,1.9562029838562012,1.9698829650878906,0.3541554808616638,131581
1988-11-22,1.9562029838562012,1.9698829650878906,1.9562029838562012,1.9698829650878906,0.3541554808616638,143460
1988-11-23,1.9562029838562012,1.9698829650878906,1.9288430213928223,1.9562029838562012,0.3516959249973297,307023
1988-11-25,1.9562029838562012,1.9698829650878906,1.9562029838562012,1.9698829650878906,0.3541554808616638,58481
1988-11-28,1.9562029838562012,1.9698829650878906,1.9425230026245117,1.9425230026245117,0.34923651814460754,128840
1988-11-29,1.9562029838562012,1.9562029838562012,1.9151639938354492,1.9288430213928223,0.34677714109420776,1730661
1988-11-30,1.9151639938354492,1.9425230026245117,1.9151639938354492,1.9288430213928223,0.34677714109420776,415761
1988-12-01,1.9151639938354492,1.9288430213928223,1.9151639938354492,1.9151639938354492,0.34431782364845276,189148
1988-12-02,1.9151639938354492,1.9288430213928223,1.9014840126037598,1.9288430213928223,0.34677714109420776,167218
1988-12-05,1.9151639938354492,1.9288430213928223,1.9014840126037598,1.9151639938354492,0.34431782364845276,332609
1988-12-06,1.9014840126037598,1.9425230026245117,1.9014840126037598,1.9425230026245117,0.34923651814460754,291489
1988-12-07,1.9288430213928223,1.9425230026245117,1.9151639938354492,1.9425230026245117,0.34923651814460754,153512
1988-12-08,1.9288430213928223,1.9425230026245117,1.9288430213928223,1.9425230026245117,0.34923651814460754,190062
1988-12-09,1.9425230026245117,1.9425230026245117,1.9151639938354492,1.9425230026245117,0.34923651814460754,200113
1988-12-12,1.9425230026245117,1.9698829650878906,1.9425230026245117,1.9562029838562012,0.3516959249973297,421243
1988-12-13,1.9425230026245117,1.9562029838562012,1.9425230026245117,1.9425230026245117,0.34923651814460754,202855
1988-12-14,1.9698829650878906,1.9698829650878906,1.9562029838562012,1.9562029838562012,0.3516959249973297,223871
1988-12-15,1.9562029838562012,1.9972419738769531,1.9425230026245117,1.9835619926452637,0.3566149175167084,306110
1988-12-16,1.9562029838562012,1.9972419738769531,1.9425230026245117,1.9972419738769531,0.35907435417175293,389262
1988-12-19,1.9835619926452637,2.0109219551086426,1.9698829650878906,1.9972419738769531,0.35907435417175293,469673
1988-12-20,1.9835619926452637,2.0109219551086426,1.9698829650878906,1.9972419738769531,0.35907435417175293,361849
1988-12-21,1.9972419738769531,2.038280963897705,1.9972419738769531,2.024601936340332,0.3639933168888092,258594
1988-12-22,2.038280963897705,2.0519609451293945,2.0109219551086426,2.0109219551086426,0.3615337908267975,615874
1988-12-23,1.9972419738769531,2.0109219551086426,1.9972419738769531,2.0109219551086426,0.3615337908267975,180924
1988-12-27,1.9972419738769531,2.0109219551086426,1.9972419738769531,1.9972419738769531,0.35907435417175293,119703
1988-12-28,1.9972419738769531,2.024601936340332,1.9972419738769531,2.0109219551086426,0.3615337908267975,300627
1988-12-29,2.0109219551086426,2.024601936340332,1.9972419738769531,1.9972419738769531,0.35907435417175293,141633
1988-12-30,2.0109219551086426,2.065640926361084,1.9972419738769531,2.065640926361084,0.3713715374469757,387434
1989-01-03,2.065640926361084,2.065640926361084,2.024601936340332,2.0519609451293945,0.3689119219779968,133409
1989-01-04,2.065640926361084,2.1203598976135254,2.0519609451293945,2.1203598976135254,0.38120904564857483,206510
1989-01-05,2.0929999351501465,2.147718906402588,2.0929999351501465,2.1203598976135254,0.38120904564857483,338091
1989-01-06,2.1203598976135254,2.134040117263794,2.106679916381836,2.134040117263794,0.38366857171058655,217475
1989-01-09,2.1203598976135254,2.134040117263794,2.1203598976135254,2.134040117263794,0.38366857171058655,69446
1989-01-10,2.134040117263794,2.147718906402588,2.1203598976135254,2.134040117263794,0.38366857171058655,553739
1989-01-11,2.147718906402588,2.216118097305298,2.134040117263794,2.2024381160736084,0.39596548676490784,423985
1989-01-12,2.1887590885162354,2.2434771060943604,2.175079107284546,2.2024381160736084,0.39596548676490784,311592
1989-01-13,2.2024381160736084,2.216118097305298,2.2024381160736084,2.2024381160736084,0.39596548676490784,153512
1989-01-16,2.2297980785369873,2.2981960773468018,2.216118097305298,2.2297980785369873,0.4008844196796417,434036
1989-01-17,2.25715708732605,2.311876058578491,2.2434771060943604,2.311876058578491,0.41564077138900757,423071
1989-01-18,2.311876058578491,2.448673963546753,2.311876058578491,2.4349939823150635,0.4377756118774414,526326
1989-01-19,2.421314001083374,2.448673963546753,2.311876058578491,2.352915048599243,0.42301905155181885,789489
1989-01-20,2.3255560398101807,2.3255560398101807,2.1887590885162354,2.2845170497894287,0.410722017288208,409364
1989-01-23,2.2981960773468018,2.352915048599243,2.2708370685577393,2.2708370685577393,0.4082625210285187,173614
1989-01-24,2.2708370685577393,2.3255560398101807,2.25715708732605,2.3255560398101807,0.4181005656719208,589375
1989-01-25,2.311876058578491,2.3255560398101807,2.2981960773468018,2.2981960773468018,0.4190978705883026,324385
1989-01-26,2.2845170497894287,2.311876058578491,2.2708370685577393,2.311876058578491,0.4215925633907318,301541
1989-01-27,2.2981960773468018,2.3255560398101807,2.2708370685577393,2.2981960773468018,0.4190978705883026,121530
1989-01-30,2.2981960773468018,2.311876058578491,2.2845170497894287,2.2981960773468018,0.4190978705883026,154425
1989-01-31,2.2981960773468018,2.311876058578491,2.2845170497894287,2.311876058578491,0.4215925633907318,188235
1989-02-01,2.2981960773468018,2.311876058578491,2.2845170497894287,2.2981960773468018,0.4190978705883026,110565
1989-02-02,2.2845170497894287,2.2981960773468018,2.25715708732605,2.2981960773468018,0.4190978705883026,153512
1989-02-03,2.2845170497894287,2.311876058578491,2.2845170497894287,2.2981960773468018,0.4190978705883026,108737
1989-02-06,2.2981960773468018,2.311876058578491,2.2981960773468018,2.2981960773468018,0.4190978705883026,80411
1989-02-07,2.2981960773468018,2.3255560398101807,2.2981960773468018,2.311876058578491,0.4215925633907318,108737
1989-02-08,2.2981960773468018,2.33923602104187,2.2981960773468018,2.3255560398101807,0.4240873456001282,181838
1989-02-09,2.3255560398101807,2.352915048599243,2.3255560398101807,2.33923602104187,0.4265821576118469,94117
1989-02-10,2.33923602104187,2.352915048599243,2.3255560398101807,2.3255560398101807,0.4240873456001282,135236
1989-02-13,2.3255560398101807,2.352915048599243,2.3255560398101807,2.352915048599243,0.42907634377479553,158080
1989-02-14,2.380275011062622,2.3939549922943115,2.380275011062622,2.380275011062622,0.43406590819358826,207424
1989-02-15,2.380275011062622,2.4349939823150635,2.3665950298309326,2.4349939823150635,0.4440443813800812,473328
1989-02-16,2.4349939823150635,2.4349939823150635,2.4076340198516846,2.4349939823150635,0.4440443813800812,105996
1989-02-17,2.4349939823150635,2.4349939823150635,2.4076340198516846,2.421314001083374,0.4415494501590729,74928
1989-02-21,2.448673963546753,2.4760329723358154,2.421314001083374,2.462352991104126,0.44903355836868286,195545
1989-02-22,2.448673963546753,2.448673963546753,2.3939549922943115,2.3939549922943115,0.43656042218208313,208337
1989-02-23,2.3939549922943115,2.421314001083374,2.3939549922943115,2.4076340198516846,0.43905505537986755,53912
1989-02-24,2.4349939823150635,2.4349939823150635,2.3665950298309326,2.4076340198516846,0.43905505537986755,162649
1989-02-27,2.4076340198516846,2.421314001083374,2.380275011062622,2.3939549922943115,0.43656042218208313,29240
1989-02-28,2.3939549922943115,2.448673963546753,2.3939549922943115,2.448673963546753,0.4465389847755432,77670
1989-03-01,2.4349939823150635,2.448673963546753,2.421314001083374,2.421314001083374,0.4415494501590729,143460
1989-03-02,2.4349939823150635,2.462352991104126,2.421314001083374,2.462352991104126,0.44903355836868286,167218
1989-03-03,2.462352991104126,2.462352991104126,2.421314001083374,2.448673963546753,0.4465389847755432,73101
1989-03-06,2.448673963546753,2.462352991104126,2.4349939823150635,2.4349939823150635,0.4440443813800812,180011
1989-03-07,2.4349939823150635,2.462352991104126,2.421314001083374,2.448673963546753,0.4465389847755432,104169
1989-03-08,2.448673963546753,2.448673963546753,2.4349939823150635,2.4349939823150635,0.4440443813800812,60308
1989-03-09,2.4349939823150635,2.4349939823150635,2.4076340198516846,2.421314001083374,0.4415494501590729,136150
1989-03-10,2.3939549922943115,2.4076340198516846,2.380275011062622,2.380275011062622,0.43406590819358826,60308
1989-03-13,2.3665950298309326,2.3939549922943115,2.3665950298309326,2.3939549922943115,0.43656042218208313,88635
1989-03-14,2.380275011062622,2.3939549922943115,2.3665950298309326,2.3665950298309326,0.43157100677490234,147115
1989-03-15,2.380275011062622,2.380275011062622,2.3665950298309326,2.380275011062622,0.43406590819358826,31982
1989-03-16,2.380275011062622,2.3939549922943115,2.352915048599243,2.380275011062622,0.43406590819358826,122444
1989-03-17,2.352915048599243,2.3665950298309326,2.33923602104187,2.352915048599243,0.42907634377479553,333522
1989-03-20,2.33923602104187,2.352915048599243,2.33923602104187,2.352915048599243,0.42907634377479553,187321
1989-03-21,2.352915048599243,2.380275011062622,2.33923602104187,2.3665950298309326,0.43157100677490234,166304
1989-03-22,2.3665950298309326,2.380275011062622,2.352915048599243,2.3665950298309326,0.43157100677490234,63049
1989-03-23,2.3665950298309326,2.380275011062622,2.3665950298309326,2.3665950298309326,0.43157100677490234,46602
1989-03-27,2.3665950298309326,2.380275011062622,2.352915048599243,2.3665950298309326,0.43157100677490234,84980
1989-03-28,2.3665950298309326,2.3939549922943115,2.3665950298309326,2.3665950298309326,0.43157100677490234,89548
1989-03-29,2.380275011062622,2.3939549922943115,2.352915048599243,2.3665950298309326,0.43157100677490234,1036204
1989-03-30,2.352915048599243,2.3665950298309326,2.352915048599243,2.352915048599243,0.42907634377479553,1311246
1989-03-31,2.352915048599243,2.380275011062622,2.352915048599243,2.380275011062622,0.43406590819358826,201941
1989-04-03,2.380275011062622,2.3939549922943115,2.3665950298309326,2.380275011062622,0.43406590819358826,109651
1989-04-04,2.380275011062622,2.3939549922943115,2.3665950298309326,2.380275011062622,0.43406590819358826,213820
1989-04-05,2.380275011062622,2.380275011062622,2.33923602104187,2.352915048599243,0.42907634377479553,261335
1989-04-06,2.352915048599243,2.380275011062622,2.352915048599243,2.3665950298309326,0.43157100677490234,349970
1989-04-07,2.3665950298309326,2.4076340198516846,2.352915048599243,2.4076340198516846,0.43905505537986755,245801
1989-04-10,2.3939549922943115,2.421314001083374,2.3939549922943115,2.421314001083374,0.4415494501590729,188235
1989-04-11,2.421314001083374,2.4349939823150635,2.4076340198516846,2.421314001083374,0.4415494501590729,42947
1989-04-12,2.448673963546753,2.530751943588257,2.4349939823150635,2.5170719623565674,0.45901209115982056,176356
1989-04-13,2.530751943588257,2.530751943588257,2.448673963546753,2.462352991104126,0.44903355836868286,116961
1989-04-14,2.489712953567505,2.5581119060516357,2.489712953567505,2.5170719623565674,0.45901209115982056,144374
1989-04-17,2.530751943588257,2.571790933609009,2.5170719623565674,2.571790933609009,0.46899062395095825,161736
1989-04-18,2.571790933609009,2.62650990486145,2.571790933609009,2.6128311157226562,0.4764743745326996,202855
1989-04-19,2.6128311157226562,2.6401898860931396,2.5991508960723877,2.62650990486145,0.4789690673351288,119703
1989-04-20,2.653870105743408,2.6812291145324707,2.653870105743408,2.653870105743408,0.4839584529399872,260422
1989-04-21,2.653870105743408,2.667548894882202,2.62650990486145,2.62650990486145,0.4789690673351288,282352
1989-04-24,2.571790933609009,2.5991508960723877,2.5581119060516357,2.571790933609009,0.4749268889427185,86807
1989-04-25,2.62650990486145,2.62650990486145,2.6128311157226562,2.62650990486145,0.48503196239471436,286007
1989-04-26,2.6401898860931396,2.69490909576416,2.6128311157226562,2.6812291145324707,0.49513688683509827,211992
1989-04-27,2.6812291145324707,2.7222681045532227,2.6812291145324707,2.7222681045532227,0.5027152299880981,138892
1989-04-28,2.7222681045532227,2.7222681045532227,2.6812291145324707,2.6812291145324707,0.49513688683509827,353625
1989-05-01,2.6812291145324707,2.6812291145324707,2.62650990486145,2.653870105743408,0.4900846779346466,139805
1989-05-02,2.653870105743408,2.735948085784912,2.653870105743408,2.6812291145324707,0.49513688683509827,1648423
1989-05-03,2.667548894882202,2.667548894882202,2.62650990486145,2.667548894882202,0.49261045455932617,246715
1989-05-04,2.667548894882202,2.667548894882202,2.62650990486145,2.62650990486145,0.48503196239471436,113306
1989-05-05,2.6128311157226562,2.667548894882202,2.571790933609009,2.571790933609009,0.4749268889427185,514447
1989-05-08,2.5854709148406982,2.5991508960723877,2.5581119060516357,2.571790933609009,0.4749268889427185,336264
1989-05-09,2.571790933609009,2.5854709148406982,2.5033929347991943,2.5444319248199463,0.4698748290538788,84066
1989-05-10,2.530751943588257,2.571790933609009,2.530751943588257,2.5444319248199463,0.4698748290538788,92290
1989-05-11,2.5444319248199463,2.5444319248199463,2.5170719623565674,2.5170719623565674,0.464821994304657,117875
1989-05-12,2.5170719623565674,2.5581119060516357,2.5170719623565674,2.5444319248199463,0.4698748290538788,94117
1989-05-15,2.5581119060516357,2.5854709148406982,2.5581119060516357,2.571790933609009,0.4749268889427185,327126
1989-05-16,2.571790933609009,2.571790933609009,2.5444319248199463,2.5581119060516357,0.47240105271339417,115134
1989-05-17,2.571790933609009,2.571790933609009,2.530751943588257,2.5581119060516357,0.47240105271339417,112392
1989-05-18,2.571790933609009,2.571790933609009,2.5444319248199463,2.5444319248199463,0.4698748290538788,93204
1989-05-19,2.571790933609009,2.5991508960723877,2.571790933609009,2.5854709148406982,0.4774533808231354,390176
1989-05-22,2.62650990486145,2.62650990486145,2.5991508960723877,2.62650990486145,0.48503196239471436,162649
1989-05-23,2.62650990486145,2.62650990486145,2.6128311157226562,2.62650990486145,0.48503196239471436,262249
1989-05-24,2.6401898860931396,2.6401898860931396,2.6128311157226562,2.62650990486145,0.48503196239471436,39292
1989-05-25,2.62650990486145,2.62650990486145,2.5854709148406982,2.6128311157226562,0.48250576853752136,102341
1989-05-26,2.5991508960723877,2.5991508960723877,2.5854709148406982,2.5854709148406982,0.4774533808231354,74928
1989-05-30,2.5991508960723877,2.5991508960723877,2.5581119060516357,2.571790933609009,0.4749268889427185,184580
1989-05-31,2.5581119060516357,2.5854709148406982,2.5581119060516357,2.5581119060516357,0.47240105271339417,75842
1989-06-01,2.571790933609009,2.5854709148406982,2.5581119060516357,2.5581119060516357,0.47240105271339417,225699
1989-06-02,2.571790933609009,2.6128311157226562,2.571790933609009,2.5991508960723877,0.47997966408729553,191890
1989-06-05,2.6128311157226562,2.62650990486145,2.5991508960723877,2.5991508960723877,0.47997966408729553,189148
1989-06-06,2.6128311157226562,2.653870105743408,2.6128311157226562,2.62650990486145,0.48503196239471436,113306
1989-06-07,2.62650990486145,2.667548894882202,2.62650990486145,2.653870105743408,0.4900846779346466,158080
1989-06-08,2.6812291145324707,2.6812291145324707,2.6401898860931396,2.6401898860931396,0.4875580966472626,116961
1989-06-09,2.62650990486145,2.6401898860931396,2.62650990486145,2.62650990486145,0.48503196239471436,49343
1989-06-12,2.6401898860931396,2.653870105743408,2.62650990486145,2.6401898860931396,0.4875580966472626,187321
1989-06-13,2.62650990486145,2.6401898860931396,2.62650990486145,2.6401898860931396,0.4875580966472626,66704
1989-06-14,2.62650990486145,2.653870105743408,2.62650990486145,2.6401898860931396,0.4875580966472626,103255
1989-06-15,2.6401898860931396,2.6401898860931396,2.62650990486145,2.6401898860931396,0.4875580966472626,92290
1989-06-16,2.62650990486145,2.667548894882202,2.6128311157226562,2.667548894882202,0.49261045455932617,402968
1989-06-19,2.653870105743408,2.667548894882202,2.6401898860931396,2.667548894882202,0.49261045455932617,247629
1989-06-20,2.667548894882202,2.667548894882202,2.6401898860931396,2.653870105743408,0.4900846779346466,116961
1989-06-21,2.6401898860931396,2.653870105743408,2.6401898860931396,2.653870105743408,0.4900846779346466,105996
1989-06-22,2.653870105743408,2.653870105743408,2.6401898860931396,2.653870105743408,0.4900846779346466,43860
1989-06-23,2.667548894882202,2.69490909576416,2.653870105743408,2.6812291145324707,0.49513688683509827,321644
1989-06-26,2.6812291145324707,2.7222681045532227,2.6812291145324707,2.69490909576416,0.4976629912853241,171787
1989-06-27,2.69490909576416,2.7085890769958496,2.69490909576416,2.69490909576416,0.4976629912853241,78583
1989-06-28,2.69490909576416,2.7222681045532227,2.6812291145324707,2.7222681045532227,0.5027152299880981,197372
1989-06-29,2.7085890769958496,2.735948085784912,2.653870105743408,2.653870105743408,0.4900846779346466,403882
1989-06-30,2.667548894882202,2.667548894882202,2.5854709148406982,2.6128311157226562,0.48250576853752136,110565
1989-07-03,2.5991508960723877,2.6128311157226562,2.5854709148406982,2.5991508960723877,0.47997966408729553,43860
1989-07-05,2.6128311157226562,2.6128311157226562,2.5444319248199463,2.571790933609009,0.4749268889427185,219302
1989-07-06,2.6401898860931396,2.735948085784912,2.6401898860931396,2.7222681045532227,0.5027152299880981,631408
1989-07-07,2.7222681045532227,2.735948085784912,2.7085890769958496,2.735948085784912,0.5052414536476135,322557
1989-07-10,2.735948085784912,2.7906670570373535,2.7222681045532227,2.776987075805664,0.5128200650215149,296972
1989-07-11,2.776987075805664,2.9548239707946777,2.776987075805664,2.9548239707946777,0.5456609725952148,604909
1989-07-12,2.9274649620056152,2.9411439895629883,2.886425018310547,2.9001049995422363,0.5355558395385742,434036
1989-07-13,2.9001049995422363,2.9001049995422363,2.8590660095214844,2.872745990753174,0.5305039882659912,567445
1989-07-14,2.886425018310547,2.9274649620056152,2.886425018310547,2.913784980773926,0.5380822420120239,507137
1989-07-17,2.9001049995422363,2.913784980773926,2.9001049995422363,2.913784980773926,0.5380822420120239,281438
1989-07-18,2.9001049995422363,2.913784980773926,2.886425018310547,2.886425018310547,0.5330296754837036,135236
1989-07-19,3.009542942047119,3.050581932067871,2.9821839332580566,3.050581932067871,0.5633443593978882,796799
1989-07-20,3.0369019508361816,3.07794189453125,2.9958629608154297,2.9958629608154297,0.5532397031784058,373728
1989-07-21,2.9821839332580566,3.0369019508361816,2.9821839332580566,3.0369019508361816,0.5608181357383728,236664
1989-07-24,3.0232229232788086,3.0369019508361816,2.9958629608154297,2.9958629608154297,0.5532397031784058,83152
1989-07-25,2.968503952026367,2.968503952026367,2.9411439895629883,2.9548239707946777,0.5527279376983643,123358
1989-07-26,2.9548239707946777,2.9821839332580566,2.9548239707946777,2.9821839332580566,0.557845950126648,156253
1989-07-27,2.9958629608154297,3.0369019508361816,2.9821839332580566,2.9958629608154297,0.5604044198989868,115134
1989-07-28,3.0232229232788086,3.0369019508361816,2.9958629608154297,3.0369019508361816,0.5680813193321228,121530
1989-07-31,3.0232229232788086,3.0642619132995605,3.009542942047119,3.0642619132995605,0.5731990337371826,165391
1989-08-01,3.118980884552002,3.187380075454712,3.1053009033203125,3.187380075454712,0.596229076385498,500740
1989-08-02,3.187380075454712,3.269458055496216,3.187380075454712,3.2420990467071533,0.6064650416374207,547342
1989-08-03,3.228419065475464,3.269458055496216,3.228419065475464,3.2420990467071533,0.6064650416374207,531808
1989-08-04,3.2420990467071533,3.2968180179595947,3.2420990467071533,3.2831380367279053,0.6141420602798462,373728
1989-08-07,3.269458055496216,3.2968180179595947,3.269458055496216,3.2968180179595947,0.6167013049125671,382865
1989-08-08,3.2831380367279053,3.2968180179595947,3.2831380367279053,3.2831380367279053,0.6141420602798462,396572
1989-08-09,3.2831380367279053,3.2968180179595947,3.269458055496216,3.269458055496216,0.6115831732749939,221130
1989-08-10,3.269458055496216,3.269458055496216,3.2147390842437744,3.228419065475464,0.6039063334465027,404796
1989-08-11,3.2147390842437744,3.2420990467071533,3.187380075454712,3.187380075454712,0.596229076385498,211992
1989-08-14,3.160020112991333,3.187380075454712,3.118980884552002,3.118980884552002,0.5834349393844604,234836
1989-08-15,3.1326611042022705,3.201059103012085,3.1326611042022705,3.1737000942230225,0.5936704874038696,122444
1989-08-16,3.201059103012085,3.2147390842437744,3.1737000942230225,3.201059103012085,0.5987883806228638,127013
1989-08-17,3.228419065475464,3.2557780742645264,3.187380075454712,3.187380075454712,0.596229076385498,276869
1989-08-18,3.187380075454712,3.2420990467071533,3.187380075454712,3.2420990467071533,0.6064650416374207,131581
1989-08-21,3.2420990467071533,3.269458055496216,3.228419065475464,3.2420990467071533,0.6064650416374207,212906
1989-08-22,3.2420990467071533,3.2420990467071533,3.201059103012085,3.2147390842437744,0.6013469099998474,197372
1989-08-23,3.2147390842437744,3.2420990467071533,3.201059103012085,3.2420990467071533,0.6064650416374207,164477
1989-08-24,3.2557780742645264,3.269458055496216,3.228419065475464,3.269458055496216,0.6115831732749939,190976
1989-08-25,3.2557780742645264,3.269458055496216,3.2420990467071533,3.2557780742645264,0.6090244054794312,86807
1989-08-28,3.2557780742645264,3.269458055496216,3.2420990467071533,3.269458055496216,0.6115831732749939,119703
1989-08-29,3.2420990467071533,3.269458055496216,3.2420990467071533,3.2557780742645264,0.6090244054794312,116048
1989-08-30,3.269458055496216,3.2831380367279053,3.2557780742645264,3.269458055496216,0.6115831732749939,239405
1989-08-31,3.269458055496216,3.2831380367279053,3.2557780742645264,3.2831380367279053,0.6141420602798462,1052652
1989-09-01,3.269458055496216,3.2968180179595947,3.269458055496216,3.2968180179595947,0.6167013049125671,92290
1989-09-05,3.2831380367279053,3.2968180179595947,3.269458055496216,3.2968180179595947,0.6167013049125671,108737
1989-09-06,3.2968180179595947,3.2968180179595947,3.269458055496216,3.269458055496216,0.6115831732749939,136150
1989-09-07,3.2831380367279053,3.2831380367279053,3.2557780742645264,3.2557780742645264,0.6090244054794312,46602
1989-09-08,3.2831380367279053,3.2831380367279053,3.2557780742645264,3.2831380367279053,0.6141420602798462,104169
1989-09-11,3.269458055496216,3.2968180179595947,3.269458055496216,3.2968180179595947,0.6167013049125671,79497
1989-09-12,3.2968180179595947,3.3104970455169678,3.2968180179595947,3.2968180179595947,0.6167013049125671,366418
1989-09-13,3.3104970455169678,3.3104970455169678,3.2831380367279053,3.2831380367279053,0.6141420602798462,585720
1989-09-14,3.2831380367279053,3.2968180179595947,3.201059103012085,3.2420990467071533,0.6064650416374207,714560
1989-09-15,3.228419065475464,3.2557780742645264,3.201059103012085,3.228419065475464,0.6039063334465027,637804
1989-09-18,3.2420990467071533,3.269458055496216,3.2420990467071533,3.269458055496216,0.6115831732749939,91376
1989-09-19,3.2557780742645264,3.269458055496216,3.2420990467071533,3.2557780742645264,0.6090244054794312,1561616
1989-09-20,3.2557780742645264,3.2831380367279053,3.2557780742645264,3.269458055496216,0.6115831732749939,215647
1989-09-21,3.2831380367279053,3.3378570079803467,3.269458055496216,3.2968180179595947,0.6167013049125671,273214
1989-09-22,3.3104970455169678,3.3241770267486572,3.2831380367279053,3.3104970455169678,0.6192599534988403,125185
1989-09-25,3.2968180179595947,3.3241770267486572,3.2968180179595947,3.2968180179595947,0.6167013049125671,85893
1989-09-26,3.2968180179595947,3.3104970455169678,3.2831380367279053,3.2968180179595947,0.6167013049125671,148943
1989-09-27,3.2968180179595947,3.3104970455169678,3.2831380367279053,3.3104970455169678,0.6192599534988403,135236
1989-09-28,3.2968180179595947,3.3241770267486572,3.2831380367279053,3.3241770267486572,0.6218184232711792,130668
1989-09-29,3.3104970455169678,3.3378570079803467,3.2968180179595947,3.3378570079803467,0.6243776679039001,132495
1989-10-02,3.351536989212036,3.365216016769409,3.3378570079803467,3.351536989212036,0.6269368529319763,146202
1989-10-03,3.351536989212036,3.3788959980010986,3.3378570079803467,3.3788959980010986,0.6320540904998779,238491
1989-10-04,3.3788959980010986,3.3788959980010986,3.3378570079803467,3.3788959980010986,0.6320540904998779,275956
1989-10-05,3.3788959980010986,3.3788959980010986,3.365216016769409,3.3788959980010986,0.6320540904998779,52084
1989-10-06,3.3788959980010986,3.4609739780426025,3.365216016769409,3.406255006790161,0.637172281742096,616788
1989-10-09,3.43361496925354,3.43361496925354,3.406255006790161,3.43361496925354,0.6422899961471558,135236
1989-10-10,3.43361496925354,3.43361496925354,3.3788959980010986,3.392575979232788,0.6346132755279541,216561
1989-10-11,3.406255006790161,3.406255006790161,3.3788959980010986,3.392575979232788,0.6346132755279541,171787
1989-10-12,3.392575979232788,3.406255006790161,3.351536989212036,3.351536989212036,0.6269368529319763,431295
1989-10-13,3.365216016769409,3.3788959980010986,3.1737000942230225,3.1737000942230225,0.5936704874038696,374642
1989-10-16,3.118980884552002,3.1463398933410645,3.050581932067871,3.1463398933410645,0.5885525941848755,375555
1989-10-17,3.118980884552002,3.160020112991333,3.091620922088623,3.1053009033203125,0.5808758735656738,251284
1989-10-18,3.07794189453125,3.091620922088623,2.9958629608154297,3.009542942047119,0.5629636645317078,415761
1989-10-19,3.0369019508361816,3.091620922088623,3.009542942047119,3.0369019508361816,0.5680813193321228,644201
1989-10-20,3.0369019508361816,3.0369019508361816,2.9821839332580566,3.0369019508361816,0.5680813193321228,798626
1989-10-23,3.0369019508361816,3.050581932067871,2.9001049995422363,2.9274649620056152,0.5476102232933044,453225
1989-10-24,2.9548239707946777,2.968503952026367,2.886425018310547,2.9001049995422363,0.5424919724464417,248543
1989-10-25,2.8590660095214844,2.9548239707946777,2.8590660095214844,2.9548239707946777,0.5601257681846619,124271
1989-10-26,3.009542942047119,3.009542942047119,2.9274649620056152,2.9274649620056152,0.5549395680427551,277783
1989-10-27,2.9274649620056152,2.9411439895629883,2.9001049995422363,2.9001049995422363,0.5497528910636902,204682
1989-10-30,2.886425018310547,2.9548239707946777,2.886425018310547,2.9548239707946777,0.5601257681846619,263163
1989-10-31,2.9821839332580566,3.1053009033203125,2.9821839332580566,3.1053009033203125,0.5886504054069519,299713
1989-11-01,3.1053009033203125,3.2147390842437744,3.1053009033203125,3.1463398933410645,0.5964299440383911,399313
1989-11-02,3.1737000942230225,3.228419065475464,3.1737000942230225,3.228419065475464,0.6119891405105591,158994
1989-11-03,3.2420990467071533,3.2420990467071533,3.201059103012085,3.201059103012085,0.6068027019500732,269559
1989-11-06,3.201059103012085,3.2147390842437744,3.1737000942230225,3.1737000942230225,0.6016163229942322,155339
1989-11-07,3.160020112991333,3.160020112991333,3.1326611042022705,3.1463398933410645,0.5964299440383911,898226
1989-11-08,3.1463398933410645,3.1737000942230225,3.1326611042022705,3.1737000942230225,0.6016163229942322,370073
1989-11-09,3.160020112991333,3.228419065475464,3.160020112991333,3.228419065475464,0.6119891405105591,200113
1989-11-10,3.228419065475464,3.228419065475464,3.2147390842437744,3.228419065475464,0.6119891405105591,77670
1989-11-13,3.2147390842437744,3.2420990467071533,3.2147390842437744,3.228419065475464,0.6119891405105591,56653
1989-11-14,3.228419065475464,3.269458055496216,3.228419065475464,3.2557780742645264,0.6171756386756897,332609
1989-11-15,3.2557780742645264,3.365216016769409,3.2557780742645264,3.365216016769409,0.6379207372665405,428553
1989-11-16,3.365216016769409,3.392575979232788,3.365216016769409,3.365216016769409,0.6379207372665405,87721
1989-11-17,3.365216016769409,3.43361496925354,3.365216016769409,3.43361496925354,0.6508865356445312,324385
1989-11-20,3.43361496925354,3.43361496925354,3.392575979232788,3.392575979232788,0.6431071162223816,216561
1989-11-21,3.406255006790161,3.5293729305267334,3.406255006790161,3.502013921737671,0.6638525128364563,268645
1989-11-22,3.502013921737671,3.5567328929901123,3.502013921737671,3.5567328929901123,0.6742254495620728,139805
1989-11-24,3.5567328929901123,3.666171073913574,3.5567328929901123,3.6251308917999268,0.6871907711029053,278697
1989-11-27,3.611452102661133,3.666171073913574,3.611452102661133,3.666171073913574,0.6949709057807922,186407
1989-11-28,3.6524910926818848,3.7208900451660156,3.6388111114501953,3.6798501014709473,0.6975640058517456,519929
1989-11-29,3.666171073913574,3.666171073913574,3.611452102661133,3.6388111114501953,0.689784049987793,250370
1989-11-30,3.6388111114501953,3.707210063934326,3.6251308917999268,3.6798501014709473,0.6975640058517456,309765
1989-12-01,3.6935300827026367,3.707210063934326,3.666171073913574,3.6798501014709473,0.6975640058517456,293317
1989-12-04,3.6524910926818848,3.6524910926818848,3.611452102661133,3.6251308917999268,0.6871907711029053,231181
1989-12-05,3.6388111114501953,3.707210063934326,3.6388111114501953,3.6798501014709473,0.6975640058517456,434036
1989-12-06,3.6798501014709473,3.6935300827026367,3.666171073913574,3.666171073913574,0.6949709057807922,455052
1989-12-07,3.6524910926818848,3.6798501014709473,3.6524910926818848,3.666171073913574,0.6949709057807922,217475
1989-12-08,3.6798501014709473,3.6935300827026367,3.584091901779175,3.584091901779175,0.6794114112854004,127926
1989-12-11,3.584091901779175,3.5977718830108643,3.584091901779175,3.5977718830108643,0.6820047497749329,89548
1989-12-12,3.5977718830108643,3.5977718830108643,3.543052911758423,3.5567328929901123,0.6742254495620728,625012
1989-12-13,3.5704119205474854,3.5704119205474854,3.4883339405059814,3.502013921737671,0.6638525128364563,123358
1989-12-14,3.474653959274292,3.5293729305267334,3.474653959274292,3.515692949295044,0.666445791721344,859848
1989-12-15,3.515692949295044,3.515692949295044,3.4472949504852295,3.502013921737671,0.6638525128364563,249456
1989-12-18,3.502013921737671,3.502013921737671,3.4609739780426025,3.4609739780426025,0.6560729742050171,183666
1989-12-19,3.4883339405059814,3.4883339405059814,3.43361496925354,3.43361496925354,0.6508865356445312,139805
1989-12-20,3.4609739780426025,3.4883339405059814,3.4472949504852295,3.474653959274292,0.6586662530899048,81325
1989-12-21,3.474653959274292,3.4883339405059814,3.4609739780426025,3.4609739780426025,0.6560729742050171,100514
1989-12-22,3.474653959274292,3.474653959274292,3.4472949504852295,3.4609739780426025,0.6560729742050171,843400
1989-12-26,3.4472949504852295,3.474653959274292,3.4472949504852295,3.474653959274292,0.6586662530899048,171787
1989-12-27,3.4609739780426025,3.474653959274292,3.4609739780426025,3.4609739780426025,0.6560729742050171,174528
1989-12-28,3.4609739780426025,3.474653959274292,3.4609739780426025,3.474653959274292,0.6586662530899048,33809
1989-12-29,3.474653959274292,3.4883339405059814,3.474653959274292,3.4883339405059814,0.6612594723701477,134323
1990-01-02,3.474653959274292,3.502013921737671,3.4609739780426025,3.502013921737671,0.6638525128364563,540946
1990-01-03,3.5293729305267334,3.5567328929901123,3.502013921737671,3.543052911758423,0.671631932258606,484293
1990-01-04,3.5293729305267334,3.5293729305267334,3.4609739780426025,3.4609739780426025,0.6560729742050171,206510
1990-01-05,3.4609739780426025,3.4609739780426025,3.351536989212036,3.365216016769409,0.6379207372665405,381038
1990-01-08,3.351536989212036,3.4199349880218506,3.351536989212036,3.406255006790161,0.6457003355026245,445001
1990-01-09,3.406255006790161,3.4472949504852295,3.3788959980010986,3.392575979232788,0.6431071162223816,507137
1990-01-10,3.392575979232788,3.392575979232788,3.3788959980010986,3.392575979232788,0.6431071162223816,90462
1990-01-11,3.3788959980010986,3.43361496925354,3.3788959980010986,3.43361496925354,0.6508865356445312,370073
1990-01-12,3.406255006790161,3.406255006790161,3.3241770267486572,3.3378570079803467,0.632734477519989,180011
1990-01-15,3.3104970455169678,3.3104970455169678,3.091620922088623,3.269458055496216,0.6197686791419983,1056307
1990-01-16,3.2557780742645264,3.269458055496216,3.228419065475464,3.269458055496216,0.6197686791419983,123358
1990-01-17,3.2557780742645264,3.269458055496216,3.228419065475464,3.269458055496216,0.6197686791419983,94117
1990-01-18,3.2420990467071533,3.3104970455169678,3.228419065475464,3.2557780742645264,0.6171756386756897,272300
1990-01-19,3.269458055496216,3.2968180179595947,3.228419065475464,3.2420990467071533,0.6145821809768677,359108
1990-01-22,3.2557780742645264,3.2831380367279053,3.2147390842437744,3.228419065475464,0.6119891405105591,183666
1990-01-23,3.228419065475464,3.2420990467071533,3.201059103012085,3.228419065475464,0.6119891405105591,262249
1990-01-24,3.228419065475464,3.228419065475464,3.1053009033203125,3.1463398933410645,0.5964299440383911,587548
1990-01-25,3.1053009033203125,3.1326611042022705,3.07794189453125,3.07794189453125,0.5912790894508362,266818
1990-01-26,3.091620922088623,3.1326611042022705,3.091620922088623,3.1326611042022705,0.6017906665802002,146202
1990-01-29,3.1326611042022705,3.1463398933410645,3.118980884552002,3.1326611042022705,0.6017906665802002,131581
1990-01-30,3.118980884552002,3.1737000942230225,3.091620922088623,3.1737000942230225,0.6096747517585754,415761
1990-01-31,3.187380075454712,3.2420990467071533,3.187380075454712,3.187380075454712,0.6123024225234985,254939
1990-02-01,3.228419065475464,3.351536989212036,3.201059103012085,3.351536989212036,0.643837571144104,211992
1990-02-02,3.3241770267486572,3.4199349880218506,3.3241770267486572,3.4199349880218506,0.6569764018058777,414847
1990-02-05,3.4199349880218506,3.4472949504852295,3.4199349880218506,3.4199349880218506,0.6569764018058777,233009
1990-02-06,3.406255006790161,3.4199349880218506,3.392575979232788,3.392575979232788,0.6517215967178345,411192
1990-02-07,3.406255006790161,3.4472949504852295,3.392575979232788,3.4199349880218506,0.6569764018058777,275042
1990-02-08,3.43361496925354,3.4472949504852295,3.4199349880218506,3.4472949504852295,0.6622328162193298,131581
1990-02-09,3.43361496925354,3.4472949504852295,3.4199349880218506,3.4472949504852295,0.6622328162193298,117875
1990-02-12,3.43361496925354,3.43361496925354,3.4199349880218506,3.43361496925354,0.6596048474311829,163563
1990-02-13,3.4199349880218506,3.43361496925354,3.406255006790161,3.43361496925354,0.6596048474311829,141633
1990-02-14,3.43361496925354,3.4472949504852295,3.4199349880218506,3.43361496925354,0.6596048474311829,75842
1990-02-15,3.4199349880218506,3.4199349880218506,3.365216016769409,3.392575979232788,0.6517215967178345,109651
1990-02-16,3.406255006790161,3.406255006790161,3.365216016769409,3.3788959980010986,0.6490933299064636,48429
1990-02-20,3.365216016769409,3.392575979232788,3.269458055496216,3.392575979232788,0.6517215967178345,304282
1990-02-21,3.365216016769409,3.3788959980010986,3.3378570079803467,3.351536989212036,0.643837571144104,125185
1990-02-22,3.365216016769409,3.365216016769409,3.3241770267486572,3.3378570079803467,0.6412094235420227,55739
1990-02-23,3.3378570079803467,3.3378570079803467,3.2420990467071533,3.2831380367279053,0.6306977272033691,159908
1990-02-26,3.2968180179595947,3.3241770267486572,3.2420990467071533,3.2557780742645264,0.625442385673523,1277436
1990-02-27,3.2420990467071533,3.2420990467071533,3.201059103012085,3.201059103012085,0.6149303913116455,205596
1990-02-28,3.2147390842437744,3.2420990467071533,3.2147390842437744,3.2420990467071533,0.6228139996528625,322557
1990-03-01,3.228419065475464,3.3104970455169678,3.228419065475464,3.3104970455169678,0.6359535455703735,322100
1990-03-02,3.3378570079803467,3.4199349880218506,3.3104970455169678,3.4199349880218506,0.6569764018058777,380124
1990-03-05,3.392575979232788,3.4472949504852295,3.392575979232788,3.4199349880218506,0.6569764018058777,418502
1990-03-06,3.4472949504852295,3.5567328929901123,3.4199349880218506,3.5567328929901123,0.6832559704780579,566988
1990-03-07,3.5293729305267334,3.611452102661133,3.474653959274292,3.502013921737671,0.672744870185852,575669
1990-03-08,3.474653959274292,3.5293729305267334,3.474653959274292,3.502013921737671,0.672744870185852,123814
1990-03-09,3.5293729305267334,3.5293729305267334,3.474653959274292,3.5293729305267334,0.6780007481575012,116504
1990-03-12,3.502013921737671,3.5293729305267334,3.4472949504852295,3.4472949504852295,0.6622328162193298,98686
1990-03-13,3.4472949504852295,3.502013921737671,3.365216016769409,3.4199349880218506,0.6569764018058777,82238
1990-03-14,3.4199349880218506,3.4199349880218506,3.3378570079803467,3.3378570079803467,0.6412094235420227,120616
1990-03-15,3.365216016769409,3.4472949504852295,3.3378570079803467,3.4472949504852295,0.6622328162193298,79954
1990-03-16,3.4199349880218506,3.4472949504852295,3.392575979232788,3.4199349880218506,0.6569764018058777,221587
1990-03-19,3.392575979232788,3.4199349880218506,3.392575979232788,3.4199349880218506,0.6569764018058777,88178
1990-03-20,3.4199349880218506,3.4472949504852295,3.392575979232788,3.4199349880218506,0.6569764018058777,58024
1990-03-21,3.3104970455169678,3.3378570079803467,3.2831380367279053,3.3378570079803467,0.6412094235420227,201484
1990-03-22,3.2831380367279053,3.3378570079803467,3.2557780742645264,3.3104970455169678,0.6359535455703735,295601
1990-03-23,3.2557780742645264,3.2831380367279053,3.2557780742645264,3.2557780742645264,0.625442385673523,139348
1990-03-26,3.2831380367279053,3.3104970455169678,3.2557780742645264,3.3104970455169678,0.6359535455703735,67618
1990-03-27,3.2557780742645264,3.3378570079803467,3.2557780742645264,3.3378570079803467,0.6412094235420227,103712
1990-03-28,3.3378570079803467,3.365216016769409,3.2557780742645264,3.3378570079803467,0.6412094235420227,139348
1990-03-29,3.3378570079803467,3.3378570079803467,3.228419065475464,3.2831380367279053,0.6306977272033691,165391
1990-03-30,3.2557780742645264,3.3104970455169678,3.201059103012085,3.201059103012085,0.6149303913116455,149400
1990-04-02,3.1737000942230225,3.201059103012085,3.118980884552002,3.201059103012085,0.6149303913116455,211079
1990-04-03,3.228419065475464,3.3104970455169678,3.228419065475464,3.2831380367279053,0.6306977272033691,280524
1990-04-04,3.2831380367279053,3.2831380367279053,3.228419065475464,3.2557780742645264,0.625442385673523,118332
1990-04-05,3.2831380367279053,3.3378570079803467,3.228419065475464,3.3104970455169678,0.6359535455703735,49343
1990-04-06,3.3104970455169678,3.3378570079803467,3.2557780742645264,3.2557780742645264,0.625442385673523,83609
1990-04-09,3.2831380367279053,3.3104970455169678,3.228419065475464,3.228419065475464,0.6201866865158081,141633
1990-04-10,3.2557780742645264,3.2557780742645264,3.091620922088623,3.1463398933410645,0.6044182181358337,331238
1990-04-11,3.1737000942230225,3.1737000942230225,3.0369019508361816,3.0642619132995605,0.5886514186859131,118789
1990-04-12,3.091620922088623,3.1463398933410645,3.091620922088623,3.091620922088623,0.5939068794250488,58938
1990-04-16,3.118980884552002,3.118980884552002,2.9821839332580566,2.9821839332580566,0.5728841423988342,193260
1990-04-17,3.009542942047119,3.009542942047119,2.9001049995422363,2.9548239707946777,0.5676279067993164,293317
1990-04-18,2.9821839332580566,2.9821839332580566,2.845386028289795,2.872745990753174,0.5518606305122375,172701
1990-04-19,2.9001049995422363,2.9548239707946777,2.872745990753174,2.9001049995422363,0.5571163892745972,162649
1990-04-20,2.872745990753174,2.872745990753174,2.7906670570373535,2.7906670570373535,0.5360934138298035,212449
1990-04-23,2.763308048248291,2.845386028289795,2.7085890769958496,2.845386028289795,0.5466046929359436,345858
1990-04-24,2.845386028289795,2.9001049995422363,2.845386028289795,2.845386028289795,0.5547120571136475,340376
1990-04-25,2.872745990753174,2.9274649620056152,2.845386028289795,2.872745990753174,0.5600457787513733,124728
1990-04-26,2.9001049995422363,2.9001049995422363,2.8180270195007324,2.8180270195007324,0.5493782758712769,125185
1990-04-27,2.8180270195007324,2.845386028289795,2.763308048248291,2.763308048248291,0.5387110114097595,66704
1990-04-30,2.7906670570373535,2.8180270195007324,2.735948085784912,2.7906670570373535,0.5440446138381958,953052
1990-05-01,2.763308048248291,2.763308048248291,2.653870105743408,2.7085890769958496,0.5280435085296631,548713
1990-05-02,2.7085890769958496,2.7085890769958496,2.62650990486145,2.62650990486145,0.5120418071746826,150314
1990-05-03,2.6812291145324707,2.6812291145324707,2.5991508960723877,2.653870105743408,0.5173755884170532,1092400
1990-05-04,2.653870105743408,2.653870105743408,2.5991508960723877,2.653870105743408,0.5173755884170532,285550
1990-05-07,2.653870105743408,2.653870105743408,2.62650990486145,2.653870105743408,0.5173755884170532,151227
1990-05-08,2.653870105743408,2.6812291145324707,2.653870105743408,2.6812291145324707,0.522709310054779,59394
1990-05-09,2.6812291145324707,2.8180270195007324,2.6812291145324707,2.763308048248291,0.5387110114097595,492517
1990-05-10,2.7906670570373535,2.7906670570373535,2.763308048248291,2.763308048248291,0.5387110114097595,70360
1990-05-11,2.763308048248291,2.8180270195007324,2.763308048248291,2.7906670570373535,0.5440446138381958,332152
1990-05-14,2.845386028289795,2.845386028289795,2.8180270195007324,2.845386028289795,0.5547120571136475,611762
1990-05-15,2.8180270195007324,2.8180270195007324,2.7906670570373535,2.8180270195007324,0.5493782758712769,212449
1990-05-16,2.8180270195007324,2.9274649620056152,2.8180270195007324,2.9274649620056152,0.5707133412361145,582522
1990-05-17,2.9001049995422363,3.009542942047119,2.9001049995422363,2.9548239707946777,0.576046884059906,204682
1990-05-18,2.9821839332580566,3.009542942047119,2.9548239707946777,3.009542942047119,0.5867145657539368,215190
1990-05-21,3.0369019508361816,3.0369019508361816,3.009542942047119,3.0369019508361816,0.5920480489730835,100057
1990-05-22,3.0642619132995605,3.118980884552002,3.0369019508361816,3.091620922088623,0.6027159094810486,145288
1990-05-23,3.0642619132995605,3.0642619132995605,2.9548239707946777,3.0369019508361816,0.5920480489730835,153055
1990-05-24,3.0369019508361816,3.0369019508361816,2.9548239707946777,2.9821839332580566,0.5813812017440796,111936
1990-05-25,2.9821839332580566,3.0369019508361816,2.9821839332580566,2.9821839332580566,0.5813812017440796,30154
1990-05-29,2.9821839332580566,2.9821839332580566,2.9274649620056152,2.9548239707946777,0.576046884059906,84066
1990-05-30,2.9548239707946777,2.9548239707946777,2.9001049995422363,2.9001049995422363,0.5653795599937439,190519
1990-05-31,2.9274649620056152,2.9548239707946777,2.9001049995422363,2.9274649620056152,0.5707133412361145,441803
1990-06-01,2.9548239707946777,2.9548239707946777,2.872745990753174,2.9274649620056152,0.5707133412361145,264077
1990-06-04,2.9274649620056152,2.9274649620056152,2.872745990753174,2.9001049995422363,0.5653795599937439,152598
1990-06-05,2.9274649620056152,2.9821839332580566,2.9001049995422363,2.9821839332580566,0.5813812017440796,320273
1990-06-06,2.9821839332580566,2.9821839332580566,2.9548239707946777,2.9548239707946777,0.576046884059906,222044
1990-06-07,2.9821839332580566,3.0369019508361816,2.9548239707946777,2.9821839332580566,0.5813812017440796,83609
1990-06-08,2.9548239707946777,2.9821839332580566,2.9274649620056152,2.9274649620056152,0.5707133412361145,47059
1990-06-11,2.9274649620056152,2.9274649620056152,2.9001049995422363,2.9274649620056152,0.5707133412361145,103255
1990-06-12,2.872745990753174,2.9548239707946777,2.872745990753174,2.9274649620056152,0.5707133412361145,174985
1990-06-13,2.872745990753174,2.9001049995422363,2.845386028289795,2.9001049995422363,0.5653795599937439,170416
1990-06-14,2.872745990753174,2.9001049995422363,2.872745990753174,2.9001049995422363,0.5653795599937439,86807
1990-06-15,2.845386028289795,2.9274649620056152,2.845386028289795,2.9274649620056152,0.5707133412361145,227069
1990-06-18,2.9001049995422363,2.9274649620056152,2.845386028289795,2.872745990753174,0.5600457787513733,274128
1990-06-19,2.872745990753174,2.9274649620056152,2.7906670570373535,2.9274649620056152,0.5707133412361145,239405
1990-06-20,2.9274649620056152,2.9548239707946777,2.9274649620056152,2.9548239707946777,0.576046884059906,194631
1990-06-21,2.9548239707946777,2.9821839332580566,2.9274649620056152,2.9821839332580566,0.5813812017440796,28783
1990-06-22,2.9821839332580566,2.9821839332580566,2.872745990753174,2.872745990753174,0.5600457787513733,69903
1990-06-25,2.872745990753174,2.9274649620056152,2.872745990753174,2.872745990753174,0.5600457787513733,163563
1990-06-26,2.9001049995422363,2.9821839332580566,2.9001049995422363,2.9001049995422363,0.5653795599937439,73558
1990-06-27,2.9548239707946777,3.009542942047119,2.9274649620056152,3.009542942047119,0.5867145657539368,82695
1990-06-28,2.9821839332580566,3.0369019508361816,2.9821839332580566,3.0369019508361816,0.5920480489730835,149857
1990-06-29,3.0369019508361816,3.0369019508361816,2.872745990753174,2.872745990753174,0.5600457787513733,309765
1990-07-02,2.9274649620056152,2.9548239707946777,2.9274649620056152,2.9548239707946777,0.576046884059906,161279
1990-07-03,2.9548239707946777,2.9548239707946777,2.9274649620056152,2.9548239707946777,0.576046884059906,194631
1990-07-05,2.9274649620056152,2.9821839332580566,2.872745990753174,2.9548239707946777,0.576046884059906,211992
1990-07-06,2.9274649620056152,2.9821839332580566,2.9274649620056152,2.9548239707946777,0.576046884059906,73558
1990-07-09,2.9274649620056152,2.9548239707946777,2.9274649620056152,2.9274649620056152,0.5707133412361145,162192
1990-07-10,2.9274649620056152,2.9274649620056152,2.8180270195007324,2.8180270195007324,0.5493782758712769,293774
1990-07-11,2.8180270195007324,2.9274649620056152,2.7906670570373535,2.9274649620056152,0.5707133412361145,119703
1990-07-12,2.872745990753174,2.9001049995422363,2.845386028289795,2.9001049995422363,0.5653795599937439,120616
1990-07-13,2.9001049995422363,2.9274649620056152,2.872745990753174,2.9274649620056152,0.5707133412361145,44317
1990-07-16,2.9001049995422363,2.9274649620056152,2.872745990753174,2.9001049995422363,0.5653795599937439,252655
1990-07-17,2.872745990753174,2.9001049995422363,2.8180270195007324,2.845386028289795,0.5547120571136475,146202
1990-07-18,2.8180270195007324,2.845386028289795,2.8180270195007324,2.845386028289795,0.5547120571136475,148029
1990-07-19,2.845386028289795,2.872745990753174,2.8180270195007324,2.845386028289795,0.5547120571136475,79040
1990-07-20,2.872745990753174,2.9001049995422363,2.8180270195007324,2.8180270195007324,0.5493782758712769,62593
1990-07-23,2.845386028289795,2.845386028289795,2.7906670570373535,2.8180270195007324,0.5493782758712769,159908
1990-07-24,2.845386028289795,2.872745990753174,2.845386028289795,2.845386028289795,0.5547120571136475,214277
1990-07-25,2.8180270195007324,2.872745990753174,2.8180270195007324,2.872745990753174,0.5683523416519165,75842
1990-07-26,2.845386028289795,2.845386028289795,2.7906670570373535,2.845386028289795,0.5629395842552185,217932
1990-07-27,2.845386028289795,2.9001049995422363,2.7906670570373535,2.9001049995422363,0.5737653970718384,185950
1990-07-30,2.9001049995422363,3.0369019508361816,2.872745990753174,3.0369019508361816,0.6008294224739075,122901
1990-07-31,3.0369019508361816,3.0642619132995605,2.9548239707946777,3.0642619132995605,0.6062427759170532,617702
1990-08-01,3.009542942047119,3.0642619132995605,3.009542942047119,3.0642619132995605,0.6062427759170532,472871
1990-08-02,3.091620922088623,3.201059103012085,3.0642619132995605,3.1737000942230225,0.6278942227363586,475155
1990-08-03,3.1463398933410645,3.1737000942230225,3.0642619132995605,3.091620922088623,0.6116555333137512,256310
1990-08-06,3.118980884552002,3.201059103012085,3.091620922088623,3.091620922088623,0.6116555333137512,254025
1990-08-07,3.118980884552002,3.1463398933410645,3.091620922088623,3.1463398933410645,0.6224811673164368,184580
1990-08-08,3.118980884552002,3.1463398933410645,3.118980884552002,3.1463398933410645,0.6224811673164368,47516
1990-08-09,3.1463398933410645,3.1463398933410645,3.118980884552002,3.118980884552002,0.6170681118965149,290576
1990-08-10,3.091620922088623,3.118980884552002,2.9821839332580566,2.9821839332580566,0.5900041460990906,240319
1990-08-13,3.0369019508361816,3.0642619132995605,2.9821839332580566,3.0369019508361816,0.6008294224739075,251284
1990-08-14,3.0642619132995605,3.091620922088623,3.009542942047119,3.0369019508361816,0.6008294224739075,109651
1990-08-15,3.0642619132995605,3.1463398933410645,3.009542942047119,3.1463398933410645,0.6224811673164368,423071
1990-08-16,3.1463398933410645,3.201059103012085,3.091620922088623,3.1463398933410645,0.6224811673164368,261335
1990-08-17,3.091620922088623,3.1463398933410645,3.0642619132995605,3.118980884552002,0.6170681118965149,182295
1990-08-20,3.091620922088623,3.118980884552002,3.0369019508361816,3.0369019508361816,0.6008294224739075,111479
1990-08-21,3.0369019508361816,3.0642619132995605,3.009542942047119,3.0369019508361816,0.6008294224739075,181838
1990-08-22,3.0369019508361816,3.118980884552002,3.0369019508361816,3.091620922088623,0.6116555333137512,423071
1990-08-23,3.091620922088623,3.091620922088623,2.9821839332580566,3.009542942047119,0.5954166054725647,249456
1990-08-24,3.009542942047119,3.009542942047119,2.872745990753174,2.872745990753174,0.5683523416519165,196458
1990-08-27,3.009542942047119,3.0369019508361816,2.9274649620056152,2.9274649620056152,0.5791782140731812,133866
1990-08-28,2.9548239707946777,2.9548239707946777,2.845386028289795,2.872745990753174,0.5683523416519165,162192
1990-08-29,2.8180270195007324,2.9274649620056152,2.8180270195007324,2.845386028289795,0.5629395842552185,443174
1990-08-30,2.872745990753174,2.9001049995422363,2.8180270195007324,2.845386028289795,0.5629395842552185,174985
1990-08-31,2.8180270195007324,2.845386028289795,2.7906670570373535,2.845386028289795,0.5629395842552185,116961
1990-09-04,2.845386028289795,2.9274649620056152,2.8180270195007324,2.9274649620056152,0.5791782140731812,332152
1990-09-05,2.9274649620056152,2.9548239707946777,2.845386028289795,2.9274649620056152,0.5791782140731812,227526
1990-09-06,2.9274649620056152,3.201059103012085,2.9274649620056152,3.1737000942230225,0.6278942227363586,312506
1990-09-07,3.1737000942230225,3.2557780742645264,3.1737000942230225,3.228419065475464,0.6387198567390442,429467
1990-09-10,3.228419065475464,3.2831380367279053,3.1737000942230225,3.1737000942230225,0.6278942227363586,281438
1990-09-11,3.1737000942230225,3.201059103012085,3.118980884552002,3.1737000942230225,0.6278942227363586,170873
1990-09-12,3.201059103012085,3.2557780742645264,3.201059103012085,3.2557780742645264,0.6441327929496765,170416
1990-09-13,3.201059103012085,3.2557780742645264,3.201059103012085,3.228419065475464,0.6387198567390442,80411
1990-09-14,3.2557780742645264,3.3104970455169678,3.228419065475464,3.3104970455169678,0.6549583077430725,305196
1990-09-17,3.3104970455169678,3.3378570079803467,3.228419065475464,3.2557780742645264,0.6441327929496765,516731
1990-09-18,3.2831380367279053,3.3378570079803467,3.228419065475464,3.3104970455169678,0.6549583077430725,195545
1990-09-19,3.3104970455169678,3.392575979232788,3.3104970455169678,3.392575979232788,0.6711971759796143,355453
1990-09-20,3.365216016769409,3.4199349880218506,3.365216016769409,3.392575979232788,0.6711971759796143,172244
1990-09-21,3.365216016769409,3.474653959274292,3.3378570079803467,3.474653959274292,0.6874356269836426,432665
1990-09-24,3.474653959274292,3.502013921737671,3.365216016769409,3.392575979232788,0.6711971759796143,539575
1990-09-25,3.365216016769409,3.4199349880218506,3.365216016769409,3.4199349880218506,0.6766100525856018,168589
1990-09-26,3.4199349880218506,3.5293729305267334,3.4199349880218506,3.502013921737671,0.6928492188453674,1629691
1990-09-27,3.474653959274292,3.502013921737671,3.4472949504852295,3.474653959274292,0.6874356269836426,501654
1990-09-28,3.4472949504852295,3.4472949504852295,3.4199349880218506,3.4199349880218506,0.6766100525856018,260878
1990-10-01,3.392575979232788,3.4472949504852295,3.3378570079803467,3.392575979232788,0.6711971759796143,431752
1990-10-02,3.392575979232788,3.4199349880218506,3.365216016769409,3.392575979232788,0.6711971759796143,585263
1990-10-03,3.392575979232788,3.392575979232788,3.365216016769409,3.365216016769409,0.6657841801643372,260878
1990-10-04,3.392575979232788,3.4199349880218506,3.365216016769409,3.392575979232788,0.6711971759796143,78126
1990-10-05,3.365216016769409,3.4199349880218506,3.365216016769409,3.4199349880218506,0.6766100525856018,153512
1990-10-08,3.4472949504852295,3.474653959274292,3.4199349880218506,3.4472949504852295,0.6820228695869446,76756
1990-10-09,3.4472949504852295,3.474653959274292,3.3378570079803467,3.392575979232788,0.6711971759796143,254025
1990-10-10,3.392575979232788,3.392575979232788,3.3104970455169678,3.365216016769409,0.6657841801643372,56653
1990-10-11,3.3104970455169678,3.3104970455169678,3.118980884552002,3.1463398933410645,0.6224811673164368,154882
1990-10-12,3.1737000942230225,3.201059103012085,3.1463398933410645,3.1463398933410645,0.6224811673164368,161736
1990-10-15,3.201059103012085,3.2557780742645264,3.1463398933410645,3.2557780742645264,0.6441327929496765,247629
1990-10-16,3.2557780742645264,3.2557780742645264,3.1463398933410645,3.201059103012085,0.6333069801330566,86350
1990-10-17,3.201059103012085,3.2831380367279053,3.201059103012085,3.2557780742645264,0.6441327929496765,319359
1990-10-18,3.2831380367279053,3.3378570079803467,3.2557780742645264,3.3378570079803467,0.6603714227676392,242603
1990-10-19,3.3104970455169678,3.3378570079803467,3.3104970455169678,3.3378570079803467,0.6603714227676392,142090
1990-10-22,3.3378570079803467,3.3378570079803467,3.3104970455169678,3.3378570079803467,0.6603714227676392,162192
1990-10-23,3.2831380367279053,3.3378570079803467,3.2831380367279053,3.3104970455169678,0.6549583077430725,344944
1990-10-24,3.2831380367279053,3.3378570079803467,3.2831380367279053,3.3378570079803467,0.6603714227676392,127926
1990-10-25,3.2831380367279053,3.3104970455169678,3.228419065475464,3.228419065475464,0.6467779874801636,93660
1990-10-26,3.2557780742645264,3.2831380367279053,3.228419065475464,3.2557780742645264,0.6522594690322876,96402
1990-10-29,3.2831380367279053,3.2831380367279053,3.201059103012085,3.228419065475464,0.6467779874801636,63049
1990-10-30,3.2557780742645264,3.2831380367279053,3.201059103012085,3.2831380367279053,0.6577407121658325,111936
1990-10-31,3.2557780742645264,3.2831380367279053,3.228419065475464,3.2831380367279053,0.6577407121658325,91376
1990-11-01,3.2557780742645264,3.4199349880218506,3.2557780742645264,3.4199349880218506,0.6851459741592407,227983
1990-11-02,3.4199349880218506,3.4472949504852295,3.365216016769409,3.4472949504852295,0.6906272768974304,194631
1990-11-05,3.4199349880218506,3.4199349880218506,3.365216016769409,3.392575979232788,0.6796647906303406,53912
1990-11-06,3.365216016769409,3.4199349880218506,3.365216016769409,3.365216016769409,0.6741839647293091,66704
1990-11-07,3.3378570079803467,3.365216016769409,3.201059103012085,3.2557780742645264,0.6522594690322876,117418
1990-11-08,3.2831380367279053,3.2831380367279053,3.118980884552002,3.118980884552002,0.6248531937599182,181381
1990-11-09,3.1737000942230225,3.2557780742645264,3.1737000942230225,3.201059103012085,0.6412968039512634,113763
1990-11-12,3.228419065475464,3.3104970455169678,3.228419065475464,3.2831380367279053,0.6577407121658325,42033
1990-11-13,3.2557780742645264,3.2831380367279053,3.228419065475464,3.2557780742645264,0.6522594690322876,449113
1990-11-14,3.2557780742645264,3.2557780742645264,3.1737000942230225,3.228419065475464,0.6467779874801636,84980
1990-11-15,3.2557780742645264,3.2557780742645264,3.1737000942230225,3.201059103012085,0.6412968039512634,317988
1990-11-16,3.228419065475464,3.2557780742645264,3.201059103012085,3.228419065475464,0.6467779874801636,424442
1990-11-19,3.201059103012085,3.228419065475464,3.201059103012085,3.228419065475464,0.6467779874801636,37921
1990-11-20,3.201059103012085,3.201059103012085,3.1463398933410645,3.1737000942230225,0.6358157992362976,73558
1990-11-21,3.1737000942230225,3.1737000942230225,3.1463398933410645,3.1737000942230225,0.6358157992362976,69446
1990-11-23,3.1463398933410645,3.1737000942230225,3.118980884552002,3.118980884552002,0.6248531937599182,24672
1990-11-26,3.091620922088623,3.1737000942230225,3.091620922088623,3.1737000942230225,0.6358157992362976,64420
1990-11-27,3.201059103012085,3.228419065475464,3.1737000942230225,3.201059103012085,0.6412968039512634,112392
1990-11-28,3.228419065475464,3.2557780742645264,3.1737000942230225,3.1737000942230225,0.6358157992362976,61679
1990-11-29,3.1463398933410645,3.1737000942230225,3.1463398933410645,3.1463398933410645,0.6303343772888184,40662
1990-11-30,3.1737000942230225,3.2557780742645264,3.1737000942230225,3.2557780742645264,0.6522594690322876,81325
1990-12-03,3.228419065475464,3.2557780742645264,3.201059103012085,3.2557780742645264,0.6522594690322876,78126
1990-12-04,3.228419065475464,3.2831380367279053,3.201059103012085,3.2831380367279053,0.6577407121658325,120159
1990-12-05,3.2831380367279053,3.3104970455169678,3.228419065475464,3.2831380367279053,0.6577407121658325,97772
1990-12-06,3.3104970455169678,3.3104970455169678,3.2557780742645264,3.2831380367279053,0.6577407121658325,250370
1990-12-07,3.2831380367279053,3.2831380367279053,3.201059103012085,3.201059103012085,0.6412968039512634,385607
1990-12-10,3.201059103012085,3.228419065475464,3.1737000942230225,3.201059103012085,0.6412968039512634,38378
1990-12-11,3.1737000942230225,3.201059103012085,3.0642619132995605,3.0642619132995605,0.6138911843299866,276412
1990-12-12,3.1463398933410645,3.1737000942230225,3.091620922088623,3.1463398933410645,0.6303343772888184,332609
1990-12-13,3.1463398933410645,3.201059103012085,3.1463398933410645,3.1463398933410645,0.6303343772888184,85437
1990-12-14,3.1463398933410645,3.1463398933410645,3.091620922088623,3.1463398933410645,0.6303343772888184,94574
1990-12-17,3.1463398933410645,3.1463398933410645,3.118980884552002,3.118980884552002,0.6248531937599182,63049
1990-12-18,3.1463398933410645,3.1737000942230225,3.118980884552002,3.1737000942230225,0.6358157992362976,70360
1990-12-19,3.201059103012085,3.2557780742645264,3.1737000942230225,3.2557780742645264,0.6522594690322876,127013
1990-12-20,3.228419065475464,3.2557780742645264,3.201059103012085,3.2557780742645264,0.6522594690322876,81782
1990-12-21,3.3104970455169678,3.3104970455169678,3.228419065475464,3.3104970455169678,0.6632212996482849,233009
1990-12-24,3.2831380367279053,3.2831380367279053,3.2557780742645264,3.2557780742645264,0.6522594690322876,107367
1990-12-26,3.228419065475464,3.228419065475464,3.228419065475464,3.228419065475464,0.6467779874801636,21473
1990-12-27,3.201059103012085,3.228419065475464,3.1737000942230225,3.1737000942230225,0.6358157992362976,47059
1990-12-28,3.1737000942230225,3.228419065475464,3.1737000942230225,3.228419065475464,0.6467779874801636,63049
1990-12-31,3.2557780742645264,3.2557780742645264,3.201059103012085,3.228419065475464,0.6467779874801636,32895
1991-01-02,3.228419065475464,3.228419065475464,3.118980884552002,3.1463398933410645,0.6303343772888184,180011
1991-01-03,3.1463398933410645,3.1463398933410645,3.118980884552002,3.1463398933410645,0.6303343772888184,121073
1991-01-04,3.1463398933410645,3.201059103012085,3.1463398933410645,3.1737000942230225,0.6358157992362976,96402
1991-01-07,3.1737000942230225,3.201059103012085,3.0369019508361816,3.0642619132995605,0.6138911843299866,102341
1991-01-08,3.0369019508361816,3.0369019508361816,2.9548239707946777,3.0369019508361816,0.6084093451499939,149857
1991-01-09,3.0642619132995605,3.118980884552002,2.9821839332580566,3.009542942047119,0.6029284596443176,170873
1991-01-10,3.009542942047119,3.0642619132995605,3.009542942047119,3.0369019508361816,0.6084093451499939,25585
1991-01-11,3.0369019508361816,3.0642619132995605,3.0369019508361816,3.0642619132995605,0.6138911843299866,306110
1991-01-14,3.0369019508361816,3.0642619132995605,3.009542942047119,3.0642619132995605,0.6138911843299866,111479
1991-01-15,3.0369019508361816,3.0642619132995605,3.009542942047119,3.0369019508361816,0.6084093451499939,86807
1991-01-16,3.009542942047119,3.0369019508361816,2.9821839332580566,2.9821839332580566,0.5974478125572205,126556
1991-01-17,3.009542942047119,3.091620922088623,2.9821839332580566,3.091620922088623,0.6193721890449524,192803
1991-01-18,3.091620922088623,3.118980884552002,3.0369019508361816,3.0642619132995605,0.6138911843299866,180468
1991-01-21,3.0642619132995605,3.091620922088623,3.0369019508361816,3.0642619132995605,0.6138911843299866,380124
1991-01-22,3.0642619132995605,3.091620922088623,3.0642619132995605,3.091620922088623,0.6193721890449524,356366
1991-01-23,3.0642619132995605,3.0642619132995605,3.0369019508361816,3.0642619132995605,0.6138911843299866,37464
1991-01-24,3.0642619132995605,3.118980884552002,3.0642619132995605,3.118980884552002,0.6248531937599182,647856
1991-01-25,3.0642619132995605,3.118980884552002,3.0369019508361816,3.118980884552002,0.6341996192932129,150314
1991-01-28,3.091620922088623,3.118980884552002,3.0369019508361816,3.0369019508361816,0.6175099611282349,57567
1991-01-29,3.0369019508361816,3.0369019508361816,3.009542942047119,3.0369019508361816,0.6175099611282349,227069
1991-01-30,3.0369019508361816,3.091620922088623,3.0369019508361816,3.0642619132995605,0.6230733394622803,93660
1991-01-31,3.0369019508361816,3.0642619132995605,3.0369019508361816,3.0369019508361816,0.6175099611282349,158080
1991-02-01,3.0642619132995605,3.118980884552002,3.0369019508361816,3.091620922088623,0.6286358833312988,210165
1991-02-04,3.091620922088623,3.091620922088623,3.0369019508361816,3.0642619132995605,0.6230733394622803,142090
1991-02-05,3.0642619132995605,3.0642619132995605,3.009542942047119,3.0642619132995605,0.6230733394622803,191890
1991-02-06,3.0369019508361816,3.118980884552002,3.0369019508361816,3.118980884552002,0.6341996192932129,137064
1991-02-07,3.1463398933410645,3.201059103012085,3.091620922088623,3.1737000942230225,0.6453258991241455,321187
1991-02-08,3.1737000942230225,3.201059103012085,3.1463398933410645,3.1463398933410645,0.6397625207901001,244888
1991-02-11,3.1463398933410645,3.1737000942230225,3.1463398933410645,3.1463398933410645,0.6397625207901001,164477
1991-02-12,3.1737000942230225,3.201059103012085,3.1737000942230225,3.1737000942230225,0.6453258991241455,290119
1991-02-13,3.1737000942230225,3.2557780742645264,3.1737000942230225,3.2557780742645264,0.6620150804519653,147115
1991-02-14,3.228419065475464,3.228419065475464,3.1737000942230225,3.1737000942230225,0.6453258991241455,73101
1991-02-15,3.201059103012085,3.228419065475464,3.118980884552002,3.228419065475464,0.6564520597457886,463276
1991-02-19,3.228419065475464,3.228419065475464,3.201059103012085,3.201059103012085,0.6508890390396118,172701
1991-02-20,3.1737000942230225,3.1737000942230225,3.091620922088623,3.091620922088623,0.6286358833312988,92290
1991-02-21,3.118980884552002,3.1463398933410645,3.0642619132995605,3.0642619132995605,0.6230733394622803,136150
1991-02-22,3.0642619132995605,3.091620922088623,2.9821839332580566,3.009542942047119,0.6119468808174133,167675
1991-02-25,3.0369019508361816,3.0369019508361816,2.9548239707946777,2.9548239707946777,0.6008204221725464,238491
1991-02-26,2.9821839332580566,2.9821839332580566,2.9001049995422363,2.9274649620056152,0.5952574014663696,196002
1991-02-27,2.9274649620056152,2.9821839332580566,2.9001049995422363,2.9548239707946777,0.6008204221725464,200570
1991-02-28,2.9821839332580566,3.0369019508361816,2.9821839332580566,3.0369019508361816,0.6175099611282349,305653
1991-03-01,2.9821839332580566,3.0642619132995605,2.9821839332580566,3.0642619132995605,0.6230733394622803,394287
1991-03-04,3.0369019508361816,3.2557780742645264,3.0369019508361816,3.201059103012085,0.6508890390396118,504852
1991-03-05,3.201059103012085,3.201059103012085,3.1737000942230225,3.1737000942230225,0.6453258991241455,142090
1991-03-06,3.201059103012085,3.201059103012085,3.1737000942230225,3.201059103012085,0.6508890390396118,99600
1991-03-07,3.1737000942230225,3.201059103012085,3.1737000942230225,3.1737000942230225,0.6453258991241455,64877
1991-03-08,3.1737000942230225,3.228419065475464,3.1737000942230225,3.201059103012085,0.6508890390396118,127013
1991-03-11,3.228419065475464,3.2557780742645264,3.201059103012085,3.228419065475464,0.6564520597457886,38378
1991-03-12,3.228419065475464,3.228419065475464,3.201059103012085,3.201059103012085,0.6508890390396118,336721
1991-03-13,3.228419065475464,3.228419065475464,3.1463398933410645,3.1737000942230225,0.6453258991241455,121073
1991-03-14,3.1737000942230225,3.201059103012085,3.091620922088623,3.1463398933410645,0.6397625207901001,117418
1991-03-15,3.0642619132995605,3.118980884552002,2.9548239707946777,3.009542942047119,0.6119468808174133,454596
1991-03-18,3.009542942047119,3.118980884552002,3.009542942047119,3.091620922088623,0.6286358833312988,152141
1991-03-19,3.009542942047119,3.0642619132995605,3.009542942047119,3.0369019508361816,0.6175099611282349,74928
1991-03-20,2.9821839332580566,3.0642619132995605,2.9821839332580566,3.0369019508361816,0.6175099611282349,103255
1991-03-21,2.9548239707946777,2.9548239707946777,2.872745990753174,2.9001049995422363,0.5896945595741272,392003
1991-03-22,2.872745990753174,2.872745990753174,2.8180270195007324,2.8180270195007324,0.5730047225952148,229811
1991-03-25,2.8180270195007324,2.872745990753174,2.8180270195007324,2.872745990753174,0.5841314196586609,89092
1991-03-26,2.8180270195007324,2.845386028289795,2.8180270195007324,2.845386028289795,0.5785678625106812,165391
1991-03-27,2.845386028289795,2.845386028289795,2.8180270195007324,2.8180270195007324,0.5730047225952148,371900
1991-03-28,2.8180270195007324,2.845386028289795,2.8180270195007324,2.8180270195007324,0.5730047225952148,205139
1991-04-01,2.8180270195007324,2.872745990753174,2.8180270195007324,2.845386028289795,0.5785678625106812,201027
1991-04-02,2.9001049995422363,2.9821839332580566,2.9001049995422363,2.9548239707946777,0.6008204221725464,82238
1991-04-03,2.9274649620056152,2.9274649620056152,2.845386028289795,2.845386028289795,0.5785678625106812,242146
1991-04-04,2.872745990753174,2.9001049995422363,2.845386028289795,2.9001049995422363,0.5896945595741272,244431
1991-04-05,2.872745990753174,2.9548239707946777,2.872745990753174,2.9548239707946777,0.6008204221725464,170873
1991-04-08,2.9548239707946777,3.009542942047119,2.9274649620056152,2.9548239707946777,0.6008204221725464,222501
1991-04-09,2.9821839332580566,3.009542942047119,2.9548239707946777,2.9548239707946777,0.6008204221725464,160365
1991-04-10,2.9821839332580566,2.9821839332580566,2.9548239707946777,2.9548239707946777,0.6008204221725464,106453
1991-04-11,2.9821839332580566,3.0369019508361816,2.9548239707946777,2.9821839332580566,0.6063838005065918,533179
1991-04-12,3.0369019508361816,3.0369019508361816,2.9548239707946777,2.9548239707946777,0.6008204221725464,99600
1991-04-15,2.9548239707946777,2.9548239707946777,2.872745990753174,2.9001049995422363,0.5896945595741272,125642
1991-04-16,2.9274649620056152,2.9821839332580566,2.872745990753174,2.9548239707946777,0.6008204221725464,254939
1991-04-17,2.9548239707946777,3.009542942047119,2.9001049995422363,3.009542942047119,0.6119468808174133,427640
1991-04-18,3.009542942047119,3.1737000942230225,3.009542942047119,3.1463398933410645,0.6397625207901001,519473
1991-04-19,3.118980884552002,3.1737000942230225,3.0642619132995605,3.1737000942230225,0.6453258991241455,358651
1991-04-22,3.1737000942230225,3.1737000942230225,3.091620922088623,3.091620922088623,0.6286358833312988,167218
1991-04-23,3.118980884552002,3.118980884552002,3.0369019508361816,3.0369019508361816,0.6175099611282349,284636
1991-04-24,2.9821839332580566,3.0369019508361816,2.9274649620056152,3.0369019508361816,0.6269999742507935,284636
1991-04-25,3.118980884552002,3.1737000942230225,3.118980884552002,3.1463398933410645,0.649594247341156,712276
1991-04-26,3.118980884552002,3.1463398933410645,3.091620922088623,3.1463398933410645,0.649594247341156,158537
1991-04-29,3.118980884552002,3.1463398933410645,3.091620922088623,3.118980884552002,0.6439458131790161,176813
1991-04-30,3.1463398933410645,3.1737000942230225,3.118980884552002,3.1463398933410645,0.649594247341156,279611
1991-05-01,3.1737000942230225,3.228419065475464,3.1737000942230225,3.228419065475464,0.6665405035018921,286464
1991-05-02,3.201059103012085,3.2557780742645264,3.201059103012085,3.228419065475464,0.6665405035018921,239862
1991-05-03,3.228419065475464,3.2557780742645264,3.201059103012085,3.201059103012085,0.6608916521072388,154425
1991-05-06,3.228419065475464,3.2557780742645264,3.201059103012085,3.2557780742645264,0.6721888184547424,332152
1991-05-07,3.2557780742645264,3.2557780742645264,3.201059103012085,3.228419065475464,0.6665405035018921,256310
1991-05-08,3.228419065475464,3.228419065475464,3.201059103012085,3.201059103012085,0.6608916521072388,200113
1991-05-09,3.228419065475464,3.228419065475464,3.1737000942230225,3.1737000942230225,0.6552430987358093,238948
1991-05-10,3.201059103012085,3.228419065475464,3.1737000942230225,3.1737000942230225,0.6552430987358093,206053
1991-05-13,3.201059103012085,3.2557780742645264,3.1737000942230225,3.2557780742645264,0.6721888184547424,164477
1991-05-14,3.228419065475464,3.2831380367279053,3.228419065475464,3.2557780742645264,0.6721888184547424,945742
1991-05-15,3.2557780742645264,3.3104970455169678,3.228419065475464,3.2831380367279053,0.6778376698493958,478353
1991-05-16,3.2831380367279053,3.3104970455169678,3.2557780742645264,3.3104970455169678,0.6834861040115356,279611
1991-05-17,3.2831380367279053,3.2831380367279053,3.2557780742645264,3.2831380367279053,0.6778376698493958,217018
1991-05-20,3.2831380367279053,3.3104970455169678,3.2557780742645264,3.2831380367279053,0.6778376698493958,132952
1991-05-21,3.2557780742645264,3.2831380367279053,3.2557780742645264,3.2557780742645264,0.6721888184547424,174071
1991-05-22,3.2831380367279053,3.2831380367279053,3.228419065475464,3.2831380367279053,0.6778376698493958,101427
1991-05-23,3.2831380367279053,3.3104970455169678,3.228419065475464,3.228419065475464,0.6665405035018921,400227
1991-05-24,3.228419065475464,3.2557780742645264,3.228419065475464,3.2557780742645264,0.6721888184547424,231638
1991-05-28,3.2557780742645264,3.2557780742645264,3.228419065475464,3.2557780742645264,0.6721888184547424,154425
1991-05-29,3.2557780742645264,3.2831380367279053,3.2557780742645264,3.2831380367279053,0.6778376698493958,238491
1991-05-30,3.2831380367279053,3.3104970455169678,3.2831380367279053,3.3104970455169678,0.6834861040115356,365504
1991-05-31,3.3104970455169678,3.3104970455169678,3.2831380367279053,3.3104970455169678,0.6834861040115356,304282
1991-06-03,3.3104970455169678,3.3104970455169678,3.2831380367279053,3.3104970455169678,0.6834861040115356,225242
1991-06-04,3.3104970455169678,3.3378570079803467,3.2831380367279053,3.3104970455169678,0.6834861040115356,333066
1991-06-05,3.3104970455169678,3.3104970455169678,3.2831380367279053,3.3104970455169678,0.6834861040115356,140262
1991-06-06,3.3104970455169678,3.3104970455169678,3.2557780742645264,3.2557780742645264,0.6721888184547424,262706
1991-06-07,3.228419065475464,3.2557780742645264,3.228419065475464,3.228419065475464,0.6665405035018921,70816
1991-06-10,3.2557780742645264,3.2831380367279053,3.228419065475464,3.2557780742645264,0.6721888184547424,114220
1991-06-11,3.2557780742645264,3.3104970455169678,3.2557780742645264,3.2831380367279053,0.6778376698493958,323928
1991-06-12,3.2831380367279053,3.3104970455169678,3.2557780742645264,3.2831380367279053,0.6778376698493958,526326
1991-06-13,3.2831380367279053,3.3104970455169678,3.2831380367279053,3.2831380367279053,0.6778376698493958,180468
1991-06-14,3.2831380367279053,3.3104970455169678,3.2831380367279053,3.3104970455169678,0.6834861040115356,187321
1991-06-17,3.3378570079803467,3.3378570079803467,3.2831380367279053,3.2831380367279053,0.6778376698493958,138892
1991-06-18,3.2831380367279053,3.3104970455169678,3.2831380367279053,3.2831380367279053,0.6778376698493958,215190
1991-06-19,3.2831380367279053,3.2831380367279053,3.2557780742645264,3.2831380367279053,0.6778376698493958,107824
1991-06-20,3.2557780742645264,3.2831380367279053,3.2557780742645264,3.2557780742645264,0.6721888184547424,457794
1991-06-21,3.2557780742645264,3.2831380367279053,3.2557780742645264,3.2831380367279053,0.6778376698493958,486120
1991-06-24,3.2831380367279053,3.2831380367279053,3.201059103012085,3.201059103012085,0.6608916521072388,199200
1991-06-25,3.228419065475464,3.228419065475464,3.1737000942230225,3.1737000942230225,0.6552430987358093,266361
1991-06-26,3.2557780742645264,3.2557780742645264,3.201059103012085,3.201059103012085,0.6608916521072388,313420
1991-06-27,3.201059103012085,3.228419065475464,3.1737000942230225,3.1737000942230225,0.6552430987358093,81325
1991-06-28,3.228419065475464,3.228419065475464,3.118980884552002,3.118980884552002,0.6439458131790161,519016
1991-07-01,3.1463398933410645,3.201059103012085,3.1463398933410645,3.1737000942230225,0.6552430987358093,74471
1991-07-02,3.1737000942230225,3.201059103012085,3.1737000942230225,3.201059103012085,0.6608916521072388,105082
1991-07-03,3.1737000942230225,3.201059103012085,3.1463398933410645,3.1737000942230225,0.6552430987358093,56196
1991-07-05,3.1737000942230225,3.201059103012085,3.1737000942230225,3.201059103012085,0.6608916521072388,111936
1991-07-08,3.1737000942230225,3.201059103012085,3.1463398933410645,3.1737000942230225,0.6552430987358093,386977
1991-07-09,3.1463398933410645,3.1737000942230225,3.0642619132995605,3.091620922088623,0.6382969617843628,159451
1991-07-10,3.118980884552002,3.118980884552002,3.0369019508361816,3.0642619132995605,0.6326485276222229,209708
1991-07-11,3.0642619132995605,3.0642619132995605,3.0369019508361816,3.0642619132995605,0.6326485276222229,324385
1991-07-12,3.0369019508361816,3.0642619132995605,2.9821839332580566,3.0369019508361816,0.6269999742507935,175442
1991-07-15,3.009542942047119,3.0642619132995605,2.9821839332580566,3.0642619132995605,0.6326485276222229,113306
1991-07-16,3.009542942047119,3.0369019508361816,3.009542942047119,3.0369019508361816,0.6269999742507935,367332
1991-07-17,3.009542942047119,3.0642619132995605,3.009542942047119,3.0369019508361816,0.6269999742507935,276869
1991-07-18,3.0369019508361816,3.0642619132995605,3.0369019508361816,3.0642619132995605,0.6326485276222229,603538
1991-07-19,3.0642619132995605,3.0642619132995605,3.0369019508361816,3.0642619132995605,0.6326485276222229,247172
1991-07-22,3.0642619132995605,3.0642619132995605,3.0369019508361816,3.0369019508361816,0.6269999742507935,55739
1991-07-23,3.0369019508361816,3.0642619132995605,3.0369019508361816,3.0369019508361816,0.6269999742507935,64877
1991-07-24,3.0642619132995605,3.0642619132995605,3.0369019508361816,3.0642619132995605,0.6326485276222229,132952
1991-07-25,3.0369019508361816,3.0369019508361816,2.9821839332580566,2.9821839332580566,0.6250786781311035,134323
1991-07-26,2.9821839332580566,3.009542942047119,2.9821839332580566,2.9821839332580566,0.6250786781311035,20103
1991-07-29,2.9821839332580566,3.009542942047119,2.9548239707946777,2.9548239707946777,0.619344174861908,134780
1991-07-30,2.9548239707946777,3.009542942047119,2.9548239707946777,3.009542942047119,0.6308131217956543,207880
1991-07-31,2.9821839332580566,2.9821839332580566,2.9548239707946777,2.9821839332580566,0.6250786781311035,171787
1991-08-01,2.9548239707946777,2.9548239707946777,2.9274649620056152,2.9548239707946777,0.619344174861908,150770
1991-08-02,2.9548239707946777,2.9548239707946777,2.9001049995422363,2.9274649620056152,0.6136093139648438,210165
1991-08-05,2.9274649620056152,2.9274649620056152,2.845386028289795,2.845386028289795,0.5964051485061646,191433
1991-08-06,2.9001049995422363,2.9001049995422363,2.845386028289795,2.872745990753174,0.602140486240387,238491
1991-08-07,2.845386028289795,2.872745990753174,2.8180270195007324,2.845386028289795,0.5964051485061646,239862
1991-08-08,2.845386028289795,2.845386028289795,2.8180270195007324,2.8180270195007324,0.590670645236969,369616
1991-08-09,2.8180270195007324,2.845386028289795,2.7906670570373535,2.8180270195007324,0.590670645236969,251284
1991-08-12,2.8180270195007324,2.8180270195007324,2.735948085784912,2.8180270195007324,0.590670645236969,826496
1991-08-13,2.8180270195007324,2.872745990753174,2.8180270195007324,2.872745990753174,0.602140486240387,728724
1991-08-14,2.872745990753174,2.872745990753174,2.7906670570373535,2.8180270195007324,0.590670645236969,1218042
1991-08-15,2.8180270195007324,2.872745990753174,2.7906670570373535,2.872745990753174,0.602140486240387,463733
1991-08-16,2.845386028289795,2.872745990753174,2.8180270195007324,2.845386028289795,0.5964051485061646,175899
1991-08-19,2.8180270195007324,2.872745990753174,2.7906670570373535,2.845386028289795,0.5964051485061646,214734
1991-08-20,2.872745990753174,2.872745990753174,2.8180270195007324,2.872745990753174,0.602140486240387,296972
1991-08-21,2.872745990753174,2.872745990753174,2.845386028289795,2.845386028289795,0.5964051485061646,250370
1991-08-22,2.845386028289795,2.872745990753174,2.8180270195007324,2.845386028289795,0.5964051485061646,223414
1991-08-23,2.872745990753174,2.9001049995422363,2.872745990753174,2.9001049995422363,0.6078747510910034,239405
1991-08-26,2.9001049995422363,2.9001049995422363,2.845386028289795,2.872745990753174,0.602140486240387,112392
1991-08-27,2.872745990753174,2.9001049995422363,2.872745990753174,2.872745990753174,0.602140486240387,145745
1991-08-28,2.9001049995422363,2.9548239707946777,2.872745990753174,2.9548239707946777,0.619344174861908,459621
1991-08-29,2.9548239707946777,3.0369019508361816,2.9274649620056152,3.0369019508361816,0.6365480422973633,463276
1991-08-30,3.0642619132995605,3.0642619132995605,3.009542942047119,3.0369019508361816,0.6365480422973633,206967
1991-09-03,3.009542942047119,3.0642619132995605,3.009542942047119,3.0642619132995605,0.6422827243804932,307937
1991-09-04,3.0642619132995605,3.0642619132995605,3.0369019508361816,3.0369019508361816,0.6365480422973633,260422
1991-09-05,3.0369019508361816,3.0642619132995605,2.9548239707946777,3.009542942047119,0.6308131217956543,487491
1991-09-06,3.0369019508361816,3.0369019508361816,3.009542942047119,3.0369019508361816,0.6365480422973633,106453
1991-09-09,3.009542942047119,3.0369019508361816,3.009542942047119,3.009542942047119,0.6308131217956543,227526
1991-09-10,3.009542942047119,3.0369019508361816,2.9821839332580566,3.009542942047119,0.6308131217956543,136150
1991-09-11,3.0369019508361816,3.0369019508361816,2.9821839332580566,3.009542942047119,0.6308131217956543,105996
1991-09-12,2.9821839332580566,3.0369019508361816,2.9821839332580566,3.0369019508361816,0.6365480422973633,105996
1991-09-13,3.0369019508361816,3.0642619132995605,3.009542942047119,3.009542942047119,0.6308131217956543,227526
1991-09-16,3.009542942047119,3.0369019508361816,2.9821839332580566,3.009542942047119,0.6308131217956543,316161
1991-09-17,3.009542942047119,3.009542942047119,2.9548239707946777,2.9548239707946777,0.619344174861908,193717
1991-09-18,2.9548239707946777,3.009542942047119,2.9548239707946777,3.009542942047119,0.6308131217956543,121987
1991-09-19,3.009542942047119,3.0369019508361816,2.9821839332580566,3.009542942047119,0.6308131217956543,277326
1991-09-20,3.009542942047119,3.0369019508361816,2.9548239707946777,2.9548239707946777,0.619344174861908,563333
1991-09-23,2.9548239707946777,3.009542942047119,2.9548239707946777,2.9548239707946777,0.619344174861908,232552
1991-09-24,2.9548239707946777,3.009542942047119,2.9548239707946777,2.9821839332580566,0.6250786781311035,60308
1991-09-25,2.9548239707946777,2.9821839332580566,2.9001049995422363,2.9001049995422363,0.6078747510910034,286007
1991-09-26,2.9001049995422363,2.9274649620056152,2.872745990753174,2.9001049995422363,0.6078747510910034,540489
1991-09-27,2.9274649620056152,2.9821839332580566,2.9274649620056152,2.9821839332580566,0.6250786781311035,150314
1991-09-30,3.009542942047119,3.0642619132995605,3.009542942047119,3.0642619132995605,0.6422827243804932,406166
1991-10-01,3.0642619132995605,3.091620922088623,3.0369019508361816,3.0642619132995605,0.6422827243804932,144374
1991-10-02,3.0642619132995605,3.0642619132995605,3.0369019508361816,3.0642619132995605,0.6422827243804932,138892
1991-10-03,3.0369019508361816,3.091620922088623,3.0369019508361816,3.0369019508361816,0.6365480422973633,171330
1991-10-04,3.0369019508361816,3.0369019508361816,3.009542942047119,3.0369019508361816,0.6365480422973633,98229
1991-10-07,3.009542942047119,3.0642619132995605,2.9821839332580566,3.009542942047119,0.6308131217956543,160822
1991-10-08,3.009542942047119,3.009542942047119,2.9821839332580566,2.9821839332580566,0.6250786781311035,317075
1991-10-09,2.9821839332580566,3.009542942047119,2.9548239707946777,2.9548239707946777,0.619344174861908,320730
1991-10-10,2.9548239707946777,2.9821839332580566,2.9274649620056152,2.9548239707946777,0.619344174861908,276412
1991-10-11,2.9821839332580566,2.9821839332580566,2.9548239707946777,2.9821839332580566,0.6250786781311035,137521
1991-10-14,3.009542942047119,3.0369019508361816,2.9821839332580566,3.009542942047119,0.6308131217956543,214277
1991-10-15,3.009542942047119,3.0369019508361816,3.009542942047119,3.0369019508361816,0.6365480422973633,213363
1991-10-16,3.0369019508361816,3.0642619132995605,3.0369019508361816,3.0642619132995605,0.6422827243804932,104169
1991-10-17,3.0642619132995605,3.0642619132995605,3.0369019508361816,3.0642619132995605,0.6422827243804932,280524
1991-10-18,3.0369019508361816,3.118980884552002,3.0369019508361816,3.118980884552002,0.6537523865699768,555109
1991-10-21,3.118980884552002,3.118980884552002,3.091620922088623,3.091620922088623,0.6480171084403992,218846
1991-10-22,3.091620922088623,3.1463398933410645,3.091620922088623,3.118980884552002,0.6537523865699768,141633
1991-10-23,3.118980884552002,3.1463398933410645,3.118980884552002,3.1463398933410645,0.6594865918159485,125642
1991-10-24,3.1463398933410645,3.1463398933410645,3.118980884552002,3.1463398933410645,0.6594865918159485,129754
1991-10-25,3.091620922088623,3.118980884552002,3.091620922088623,3.118980884552002,0.6634442210197449,49800
1991-10-28,3.1463398933410645,3.1463398933410645,3.118980884552002,3.1463398933410645,0.6692638397216797,595315
1991-10-29,3.1463398933410645,3.201059103012085,3.118980884552002,3.1737000942230225,0.6750836372375488,460535
1991-10-30,3.201059103012085,3.2557780742645264,3.1737000942230225,3.1737000942230225,0.6750836372375488,307023
1991-10-31,3.2557780742645264,3.2557780742645264,3.201059103012085,3.228419065475464,0.6867226958274841,386520
1991-11-01,3.201059103012085,3.201059103012085,3.091620922088623,3.091620922088623,0.6576241850852966,471957
1991-11-04,3.091620922088623,3.1463398933410645,3.091620922088623,3.1463398933410645,0.6692638397216797,395201
1991-11-05,3.1463398933410645,3.228419065475464,3.1463398933410645,3.201059103012085,0.6809029579162598,178183
1991-11-06,3.201059103012085,3.3104970455169678,3.201059103012085,3.2831380367279053,0.6983623504638672,492517
1991-11-07,3.2831380367279053,3.365216016769409,3.2557780742645264,3.365216016769409,0.7158212065696716,266361
1991-11-08,3.365216016769409,3.365216016769409,3.2831380367279053,3.2831380367279053,0.6983623504638672,164477
1991-11-11,3.2831380367279053,3.2831380367279053,3.228419065475464,3.2557780742645264,0.692542314529419,153055
1991-11-12,3.2831380367279053,3.365216016769409,3.2557780742645264,3.365216016769409,0.7158212065696716,255853
1991-11-13,3.3378570079803467,3.3378570079803467,3.3104970455169678,3.3378570079803467,0.710001528263092,151684
1991-11-14,3.3104970455169678,3.3378570079803467,3.3104970455169678,3.3104970455169678,0.7041818499565125,153512
1991-11-15,3.2831380367279053,3.392575979232788,3.2831380367279053,3.2831380367279053,0.6983623504638672,561049
1991-11-18,3.3104970455169678,3.4472949504852295,3.2557780742645264,3.4199349880218506,0.7274608612060547,622271
1991-11-19,3.392575979232788,3.392575979232788,3.2831380367279053,3.365216016769409,0.7158212065696716,170873
1991-11-20,3.392575979232788,3.392575979232788,3.3378570079803467,3.365216016769409,0.7158212065696716,141176
1991-11-21,3.365216016769409,3.4199349880218506,3.3378570079803467,3.365216016769409,0.7158212065696716,739232
1991-11-22,3.392575979232788,3.392575979232788,3.365216016769409,3.365216016769409,0.7158212065696716,151227
1991-11-25,3.365216016769409,3.392575979232788,3.365216016769409,3.392575979232788,0.7216413617134094,96402
1991-11-26,3.392575979232788,3.392575979232788,3.3104970455169678,3.365216016769409,0.7158212065696716,307480
1991-11-27,3.365216016769409,3.4199349880218506,3.3378570079803467,3.4199349880218506,0.7274608612060547,214277
1991-11-29,3.4199349880218506,3.474653959274292,3.4199349880218506,3.474653959274292,0.7391001582145691,278697
1991-12-02,3.4472949504852295,3.4472949504852295,3.365216016769409,3.365216016769409,0.7158212065696716,223414
1991-12-03,3.365216016769409,3.365216016769409,3.3104970455169678,3.3378570079803467,0.710001528263092,411192
1991-12-04,3.3104970455169678,3.365216016769409,3.3104970455169678,3.365216016769409,0.7158212065696716,118789
1991-12-05,3.3378570079803467,3.3378570079803467,3.3104970455169678,3.3104970455169678,0.7041818499565125,58024
1991-12-06,3.3104970455169678,3.365216016769409,3.3104970455169678,3.365216016769409,0.7158212065696716,327583
1991-12-09,3.365216016769409,3.4472949504852295,3.3378570079803467,3.4472949504852295,0.733280599117279,303825
1991-12-10,3.4199349880218506,3.4199349880218506,3.365216016769409,3.365216016769409,0.7158212065696716,86350
1991-12-11,3.392575979232788,3.392575979232788,3.228419065475464,3.228419065475464,0.6867226958274841,168589
1991-12-12,3.2557780742645264,3.392575979232788,3.228419065475464,3.392575979232788,0.7216413617134094,395201
1991-12-13,3.392575979232788,3.392575979232788,3.365216016769409,3.392575979232788,0.7216413617134094,360021
1991-12-16,3.392575979232788,3.392575979232788,3.365216016769409,3.365216016769409,0.7158212065696716,848426
1991-12-17,3.392575979232788,3.392575979232788,3.3378570079803467,3.392575979232788,0.7216413617134094,162649
1991-12-18,3.392575979232788,3.4199349880218506,3.365216016769409,3.4199349880218506,0.7274608612060547,528610
1991-12-19,3.392575979232788,3.4199349880218506,3.392575979232788,3.4199349880218506,0.7274608612060547,298800
1991-12-20,3.4472949504852295,3.502013921737671,3.392575979232788,3.474653959274292,0.7391001582145691,627296
1991-12-23,3.474653959274292,3.666171073913574,3.4472949504852295,3.6388111114501953,0.774017870426178,412563
1991-12-24,3.6388111114501953,3.666171073913574,3.5293729305267334,3.5567328929901123,0.7565590143203735,99600
1991-12-26,3.584091901779175,3.611452102661133,3.5567328929901123,3.611452102661133,0.768198549747467,74015
1991-12-27,3.611452102661133,3.611452102661133,3.5293729305267334,3.5567328929901123,0.7565590143203735,307937
1991-12-30,3.584091901779175,3.6388111114501953,3.5567328929901123,3.611452102661133,0.768198549747467,150314
1991-12-31,3.611452102661133,3.6935300827026367,3.584091901779175,3.6935300827026367,0.7856573462486267,478810
1992-01-02,3.6388111114501953,3.6388111114501953,3.584091901779175,3.611452102661133,0.768198549747467,361849
1992-01-03,3.6388111114501953,3.666171073913574,3.502013921737671,3.5293729305267334,0.7507393956184387,423528
1992-01-06,3.5293729305267334,3.584091901779175,3.5293729305267334,3.5567328929901123,0.7565590143203735,219302
1992-01-07,3.5293729305267334,3.5567328929901123,3.5293729305267334,3.5567328929901123,0.7565590143203735,267732
1992-01-08,3.5293729305267334,3.611452102661133,3.502013921737671,3.5567328929901123,0.7565590143203735,457794
1992-01-09,3.611452102661133,3.611452102661133,3.5293729305267334,3.584091901779175,0.7623787522315979,295601
1992-01-10,3.584091901779175,3.584091901779175,3.4472949504852295,3.474653959274292,0.7391001582145691,350884
1992-01-13,3.502013921737671,3.5293729305267334,3.474653959274292,3.502013921737671,0.7449199557304382,176356
1992-01-14,3.502013921737671,3.5567328929901123,3.474653959274292,3.474653959274292,0.7391001582145691,194174
1992-01-15,3.474653959274292,3.474653959274292,3.4199349880218506,3.474653959274292,0.7391001582145691,219759
1992-01-16,3.4472949504852295,3.5567328929901123,3.4199349880218506,3.5293729305267334,0.7507393956184387,362306
1992-01-17,3.5567328929901123,3.666171073913574,3.5567328929901123,3.666171073913574,0.7798382043838501,316161
1992-01-20,3.666171073913574,3.748249053955078,3.6388111114501953,3.666171073913574,0.7798382043838501,427183
1992-01-21,3.666171073913574,3.666171073913574,3.611452102661133,3.6388111114501953,0.774017870426178,321644
1992-01-22,3.6388111114501953,3.748249053955078,3.6388111114501953,3.7208900451660156,0.7914771437644958,272300
1992-01-23,3.7756080627441406,3.7756080627441406,3.6935300827026367,3.7208900451660156,0.7914771437644958,291033
1992-01-24,3.6935300827026367,3.7208900451660156,3.666171073913574,3.666171073913574,0.7798382043838501,164020
1992-01-27,3.6388111114501953,3.666171073913574,3.502013921737671,3.5293729305267334,0.762114405632019,132952
1992-01-28,3.5567328929901123,3.584091901779175,3.5567328929901123,3.584091901779175,0.7739301323890686,108281
1992-01-29,3.611452102661133,3.6388111114501953,3.584091901779175,3.611452102661133,0.7798381447792053,316161
1992-01-30,3.611452102661133,3.611452102661133,3.5567328929901123,3.5567328929901123,0.7680220603942871,50257
1992-01-31,3.5567328929901123,3.584091901779175,3.5567328929901123,3.5567328929901123,0.7680220603942871,387891
1992-02-03,3.5567328929901123,3.6388111114501953,3.5567328929901123,3.6388111114501953,0.7857457399368286,471043
1992-02-04,3.611452102661133,3.6388111114501953,3.5293729305267334,3.611452102661133,0.7798381447792053,392917
1992-02-05,3.5567328929901123,3.584091901779175,3.5293729305267334,3.5567328929901123,0.7680220603942871,221130
1992-02-06,3.611452102661133,3.6388111114501953,3.584091901779175,3.611452102661133,0.7798381447792053,193260
1992-02-07,3.611452102661133,3.666171073913574,3.5567328929901123,3.5567328929901123,0.7680220603942871,343574
1992-02-10,3.5567328929901123,3.611452102661133,3.5567328929901123,3.611452102661133,0.7798381447792053,185493
1992-02-11,3.584091901779175,3.611452102661133,3.584091901779175,3.584091901779175,0.7739301323890686,29240
1992-02-12,3.611452102661133,3.611452102661133,3.5293729305267334,3.584091901779175,0.7739301323890686,159908
1992-02-13,3.5567328929901123,3.584091901779175,3.5567328929901123,3.584091901779175,0.7739301323890686,68075
1992-02-14,3.5567328929901123,3.5567328929901123,3.502013921737671,3.5293729305267334,0.762114405632019,309765
1992-02-18,3.5293729305267334,3.5293729305267334,3.502013921737671,3.5293729305267334,0.762114405632019,398856
1992-02-19,3.5293729305267334,3.5567328929901123,3.474653959274292,3.5567328929901123,0.7680220603942871,275956
1992-02-20,3.5293729305267334,3.666171073913574,3.5293729305267334,3.6388111114501953,0.7857457399368286,576583
1992-02-21,3.6388111114501953,3.6388111114501953,3.5293729305267334,3.5293729305267334,0.762114405632019,266818
1992-02-24,3.5293729305267334,3.5293729305267334,3.4472949504852295,3.4472949504852295,0.7443908452987671,153512
1992-02-25,3.4199349880218506,3.4472949504852295,3.3378570079803467,3.392575979232788,0.7325753569602966,348143
1992-02-26,3.392575979232788,3.4472949504852295,3.365216016769409,3.365216016769409,0.726667046546936,275499
1992-02-27,3.392575979232788,3.4199349880218506,3.365216016769409,3.4199349880218506,0.7384827733039856,272757
1992-02-28,3.4199349880218506,3.4199349880218506,3.3104970455169678,3.3104970455169678,0.7148512005805969,176356
1992-03-02,3.3104970455169678,3.3378570079803467,3.228419065475464,3.228419065475464,0.6971276998519897,464647
1992-03-03,3.2557780742645264,3.2831380367279053,3.228419065475464,3.2831380367279053,0.7089439034461975,242603
1992-03-04,3.2831380367279053,3.392575979232788,3.2557780742645264,3.365216016769409,0.726667046546936,312506
1992-03-05,3.3378570079803467,3.392575979232788,3.3378570079803467,3.365216016769409,0.726667046546936,87721
1992-03-06,3.365216016769409,3.365216016769409,3.228419065475464,3.228419065475464,0.6971276998519897,346315
1992-03-09,3.2557780742645264,3.2831380367279053,3.228419065475464,3.2831380367279053,0.7089439034461975,69903
1992-03-10,3.3104970455169678,3.3104970455169678,3.2557780742645264,3.2831380367279053,0.7089439034461975,44317
1992-03-11,3.2831380367279053,3.3378570079803467,3.2831380367279053,3.3378570079803467,0.7207593321800232,168132
1992-03-12,3.392575979232788,3.474653959274292,3.365216016769409,3.4472949504852295,0.7443908452987671,401598
1992-03-13,3.474653959274292,3.474653959274292,3.365216016769409,3.392575979232788,0.7325753569602966,253112
1992-03-16,3.392575979232788,3.4472949504852295,3.392575979232788,3.4472949504852295,0.7443908452987671,169046
1992-03-17,3.392575979232788,3.4199349880218506,3.392575979232788,3.392575979232788,0.7325753569602966,301084
1992-03-18,3.392575979232788,3.474653959274292,3.392575979232788,3.4472949504852295,0.7443908452987671,195088
1992-03-19,3.474653959274292,3.474653959274292,3.4472949504852295,3.474653959274292,0.750298261642456,189148
1992-03-20,3.474653959274292,3.474653959274292,3.4472949504852295,3.474653959274292,0.750298261642456,534093
1992-03-23,3.4472949504852295,3.502013921737671,3.4199349880218506,3.502013921737671,0.7562064528465271,346315
1992-03-24,3.502013921737671,3.502013921737671,3.4472949504852295,3.4472949504852295,0.7443908452987671,123814
1992-03-25,3.4472949504852295,3.474653959274292,3.4472949504852295,3.4472949504852295,0.7443908452987671,45688
1992-03-26,3.474653959274292,3.474653959274292,3.4199349880218506,3.4472949504852295,0.7443908452987671,68075
1992-03-27,3.4472949504852295,3.4472949504852295,3.3378570079803467,3.3378570079803467,0.7207593321800232,40662
1992-03-30,3.3378570079803467,3.392575979232788,3.3378570079803467,3.365216016769409,0.726667046546936,256767
1992-03-31,3.365216016769409,3.5293729305267334,3.365216016769409,3.5293729305267334,0.762114405632019,335807
1992-04-01,3.502013921737671,3.584091901779175,3.502013921737671,3.584091901779175,0.7739301323890686,211079
1992-04-02,3.5293729305267334,3.5293729305267334,3.2557780742645264,3.2557780742645264,0.7030354738235474,250827
1992-04-03,3.228419065475464,3.2557780742645264,3.0642619132995605,3.118980884552002,0.673496425151825,647856
1992-04-06,3.1463398933410645,3.365216016769409,3.1463398933410645,3.3378570079803467,0.7207593321800232,331238
1992-04-07,3.3104970455169678,3.3378570079803467,3.2557780742645264,3.2831380367279053,0.7089439034461975,289205
1992-04-08,3.2557780742645264,3.2831380367279053,3.2557780742645264,3.2557780742645264,0.7030354738235474,68075
1992-04-09,3.2831380367279053,3.3104970455169678,3.2557780742645264,3.2831380367279053,0.7089439034461975,79497
1992-04-10,3.3378570079803467,3.365216016769409,3.3104970455169678,3.3378570079803467,0.7207593321800232,60765
1992-04-13,3.365216016769409,3.392575979232788,3.365216016769409,3.365216016769409,0.726667046546936,227983
1992-04-14,3.3378570079803467,3.365216016769409,3.3104970455169678,3.3378570079803467,0.7207593321800232,240776
1992-04-15,3.3104970455169678,3.3104970455169678,3.118980884552002,3.1737000942230225,0.6853121519088745,488405
1992-04-16,3.1737000942230225,3.201059103012085,3.1463398933410645,3.201059103012085,0.6912198066711426,619529
1992-04-20,3.2831380367279053,3.2831380367279053,3.1737000942230225,3.228419065475464,0.6971276998519897,407994
1992-04-21,3.2831380367279053,3.2831380367279053,3.201059103012085,3.228419065475464,0.6971276998519897,947112
1992-04-22,3.2831380367279053,3.2831380367279053,3.228419065475464,3.2557780742645264,0.7030354738235474,433122
1992-04-23,3.2557780742645264,3.3104970455169678,3.228419065475464,3.3104970455169678,0.7148512005805969,106453
1992-04-24,3.3104970455169678,3.4472949504852295,3.3104970455169678,3.4472949504852295,0.7569014430046082,360021
1992-04-27,3.392575979232788,3.4199349880218506,3.392575979232788,3.4199349880218506,0.75089430809021,243974
1992-04-28,3.4199349880218506,3.4199349880218506,3.365216016769409,3.392575979232788,0.744887113571167,110108
1992-04-29,3.392575979232788,3.392575979232788,3.365216016769409,3.365216016769409,0.7388800382614136,75385
1992-04-30,3.392575979232788,3.5567328929901123,3.392575979232788,3.5567328929901123,0.7809301614761353,257680
1992-05-01,3.502013921737671,3.5293729305267334,3.4199349880218506,3.4472949504852295,0.7569014430046082,141176
1992-05-04,3.4199349880218506,3.4472949504852295,3.4199349880218506,3.4472949504852295,0.7569014430046082,379210
1992-05-05,3.474653959274292,3.5567328929901123,3.4472949504852295,3.474653959274292,0.7629085779190063,182752
1992-05-06,3.474653959274292,3.5293729305267334,3.474653959274292,3.5293729305267334,0.7749229073524475,149400
1992-05-07,3.5293729305267334,3.5293729305267334,3.502013921737671,3.5293729305267334,0.7749229073524475,138435
1992-05-08,3.5293729305267334,3.5293729305267334,3.474653959274292,3.502013921737671,0.768915593624115,142547
1992-05-11,3.502013921737671,3.502013921737671,3.474653959274292,3.474653959274292,0.7629085779190063,55739
1992-05-12,3.474653959274292,3.5567328929901123,3.474653959274292,3.5293729305267334,0.7749229073524475,135236
1992-05-13,3.5567328929901123,3.5567328929901123,3.5293729305267334,3.5567328929901123,0.7809301614761353,200570
1992-05-14,3.5567328929901123,3.5567328929901123,3.5293729305267334,3.5567328929901123,0.7809301614761353,233009
1992-05-15,3.5293729305267334,3.611452102661133,3.5293729305267334,3.611452102661133,0.792944610118866,241233
1992-05-18,3.6388111114501953,3.666171073913574,3.584091901779175,3.611452102661133,0.792944610118866,402054
1992-05-19,3.611452102661133,3.611452102661133,3.584091901779175,3.611452102661133,0.792944610118866,222957
1992-05-20,3.611452102661133,3.6388111114501953,3.5567328929901123,3.5567328929901123,0.7809301614761353,110565
1992-05-21,3.584091901779175,3.611452102661133,3.5567328929901123,3.5567328929901123,0.7809301614761353,98686
1992-05-22,3.5293729305267334,3.5567328929901123,3.502013921737671,3.5293729305267334,0.7749229073524475,166304
1992-05-26,3.502013921737671,3.502013921737671,3.4199349880218506,3.474653959274292,0.7629085779190063,263620
1992-05-27,3.4472949504852295,3.474653959274292,3.4472949504852295,3.4472949504852295,0.7569014430046082,26042
1992-05-28,3.474653959274292,3.7208900451660156,3.474653959274292,3.7208900451660156,0.8169727921485901,183209
1992-05-29,3.666171073913574,3.6935300827026367,3.4199349880218506,3.502013921737671,0.768915593624115,191433
1992-06-01,3.502013921737671,3.5293729305267334,3.474653959274292,3.502013921737671,0.768915593624115,196915
1992-06-02,3.474653959274292,3.502013921737671,3.3378570079803467,3.392575979232788,0.744887113571167,177726
1992-06-03,3.392575979232788,3.4472949504852295,3.392575979232788,3.392575979232788,0.744887113571167,163106
1992-06-04,3.3378570079803467,3.365216016769409,3.3104970455169678,3.3104970455169678,0.7268655896186829,367332
1992-06-05,3.3104970455169678,3.3378570079803467,3.2831380367279053,3.3104970455169678,0.7268655896186829,231638
1992-06-08,3.3104970455169678,3.3104970455169678,3.2831380367279053,3.3104970455169678,0.7268655896186829,208337
1992-06-09,3.2557780742645264,3.2831380367279053,3.2557780742645264,3.2557780742645264,0.7148514986038208,290576
1992-06-10,3.2831380367279053,3.3104970455169678,3.2557780742645264,3.2557780742645264,0.7148514986038208,157167
1992-06-11,3.2557780742645264,3.2831380367279053,3.2557780742645264,3.2557780742645264,0.7148514986038208,254482
1992-06-12,3.2831380367279053,3.3104970455169678,3.2557780742645264,3.2831380367279053,0.7208582758903503,90005
1992-06-15,3.2831380367279053,3.3104970455169678,3.2831380367279053,3.3104970455169678,0.7268655896186829,344488
1992-06-16,3.3104970455169678,3.502013921737671,3.3104970455169678,3.474653959274292,0.7629085779190063,491146
1992-06-17,3.4472949504852295,3.5293729305267334,3.4199349880218506,3.502013921737671,0.768915593624115,176356
1992-06-18,3.474653959274292,3.502013921737671,3.4472949504852295,3.474653959274292,0.7629085779190063,58481
1992-06-19,3.4199349880218506,3.4472949504852295,3.4199349880218506,3.4472949504852295,0.7569014430046082,123814
1992-06-22,3.392575979232788,3.4199349880218506,3.365216016769409,3.365216016769409,0.7388800382614136,100057
1992-06-23,3.365216016769409,3.4472949504852295,3.365216016769409,3.365216016769409,0.7388800382614136,157624
1992-06-24,3.392575979232788,3.392575979232788,3.365216016769409,3.365216016769409,0.7388800382614136,47516
1992-06-25,3.392575979232788,3.502013921737671,3.392575979232788,3.502013921737671,0.768915593624115,74928
1992-06-26,3.474653959274292,3.5293729305267334,3.474653959274292,3.5293729305267334,0.7749229073524475,352254
1992-06-29,3.5293729305267334,3.8029680252075195,3.5293729305267334,3.7756080627441406,0.8289873600006104,437234
1992-06-30,3.830327033996582,3.830327033996582,3.611452102661133,3.7208900451660156,0.8169727921485901,524955
1992-07-01,3.6935300827026367,3.8029680252075195,3.6935300827026367,3.7208900451660156,0.8169727921485901,752024
1992-07-02,3.6935300827026367,3.7208900451660156,3.5293729305267334,3.5293729305267334,0.7749229073524475,270930
1992-07-06,3.5567328929901123,3.584091901779175,3.474653959274292,3.502013921737671,0.768915593624115,238948
1992-07-07,3.474653959274292,3.5567328929901123,3.474653959274292,3.5293729305267334,0.7749229073524475,215647
1992-07-08,3.584091901779175,3.666171073913574,3.5567328929901123,3.611452102661133,0.792944610118866,270930
1992-07-09,3.611452102661133,3.748249053955078,3.611452102661133,3.6935300827026367,0.8109657168388367,299713
1992-07-10,3.6935300827026367,3.6935300827026367,3.666171073913574,3.6935300827026367,0.8109657168388367,243060
1992-07-13,3.7208900451660156,3.748249053955078,3.6935300827026367,3.748249053955078,0.8229800462722778,205139
1992-07-14,3.6935300827026367,3.748249053955078,3.666171073913574,3.7208900451660156,0.8169727921485901,566531
1992-07-15,3.6935300827026367,3.8029680252075195,3.6935300827026367,3.7756080627441406,0.8289873600006104,528153
1992-07-16,3.748249053955078,3.830327033996582,3.7208900451660156,3.748249053955078,0.8229800462722778,294688
1992-07-17,3.7756080627441406,3.8029680252075195,3.7756080627441406,3.8029680252075195,0.8349944949150085,152141
1992-07-20,3.748249053955078,3.7756080627441406,3.7208900451660156,3.7756080627441406,0.8289873600006104,77670
1992-07-21,3.748249053955078,3.7756080627441406,3.748249053955078,3.7756080627441406,0.8289873600006104,77213
1992-07-22,3.748249053955078,3.748249053955078,3.6935300827026367,3.7208900451660156,0.8169727921485901,158537
1992-07-23,3.666171073913574,3.666171073913574,3.5293729305267334,3.584091901779175,0.7869369983673096,300627
1992-07-24,3.584091901779175,3.584091901779175,3.502013921737671,3.5293729305267334,0.7749229073524475,509421
1992-07-27,3.502013921737671,3.5293729305267334,3.3104970455169678,3.4472949504852295,0.768821120262146,686691
1992-07-28,3.392575979232788,3.4472949504852295,3.392575979232788,3.392575979232788,0.7566174864768982,502568
1992-07-29,3.4199349880218506,3.584091901779175,3.4199349880218506,3.584091901779175,0.7993301153182983,201484
1992-07-30,3.5567328929901123,3.6935300827026367,3.5567328929901123,3.6935300827026367,0.823736846446991,188691
1992-07-31,3.6935300827026367,3.6935300827026367,3.666171073913574,3.6935300827026367,0.823736846446991,173614
1992-08-03,3.6935300827026367,3.7208900451660156,3.6935300827026367,3.6935300827026367,0.823736846446991,285093
1992-08-04,3.7208900451660156,3.748249053955078,3.6935300827026367,3.748249053955078,0.8359405994415283,222044
1992-08-05,3.7756080627441406,3.8029680252075195,3.7208900451660156,3.748249053955078,0.8359405994415283,255396
1992-08-06,3.6935300827026367,3.7208900451660156,3.6935300827026367,3.6935300827026367,0.823736846446991,116504
1992-08-07,3.7208900451660156,3.748249053955078,3.6935300827026367,3.6935300827026367,0.823736846446991,266818
1992-08-10,3.666171073913574,3.6935300827026367,3.611452102661133,3.6388111114501953,0.8115330338478088,99600
1992-08-11,3.6935300827026367,3.6935300827026367,3.611452102661133,3.6935300827026367,0.823736846446991,496172
1992-08-12,3.6935300827026367,3.6935300827026367,3.6388111114501953,3.666171073913574,0.8176352381706238,142090
1992-08-13,3.666171073913574,3.666171073913574,3.611452102661133,3.611452102661133,0.8054317831993103,486120
1992-08-14,3.611452102661133,3.6388111114501953,3.584091901779175,3.584091901779175,0.7993301153182983,524041
1992-08-17,3.611452102661133,3.611452102661133,3.584091901779175,3.584091901779175,0.7993301153182983,381495
1992-08-18,3.584091901779175,3.611452102661133,3.5567328929901123,3.584091901779175,0.7993301153182983,321644
1992-08-19,3.5567328929901123,3.584091901779175,3.5567328929901123,3.5567328929901123,0.7932282090187073,125642
1992-08-20,3.5567328929901123,3.5567328929901123,3.502013921737671,3.502013921737671,0.7810245752334595,295144
1992-08-21,3.5293729305267334,3.5293729305267334,3.502013921737671,3.502013921737671,0.7810245752334595,195545
1992-08-24,3.502013921737671,3.5293729305267334,3.502013921737671,3.5293729305267334,0.7871261835098267,95945
1992-08-25,3.5293729305267334,3.5293729305267334,3.474653959274292,3.474653959274292,0.7749229073524475,172244
1992-08-26,3.474653959274292,3.5293729305267334,3.474653959274292,3.502013921737671,0.7810245752334595,171787
1992-08-27,3.5293729305267334,3.5293729305267334,3.502013921737671,3.5293729305267334,0.7871261835098267,540946
1992-08-28,3.5293729305267334,3.584091901779175,3.5293729305267334,3.584091901779175,0.7993301153182983,190062
1992-08-31,3.611452102661133,3.748249053955078,3.611452102661133,3.7208900451660156,0.8298384547233582,252198
1992-09-01,3.6935300827026367,3.7208900451660156,3.666171073913574,3.666171073913574,0.8176352381706238,422614
1992-09-02,3.6935300827026367,3.6935300827026367,3.666171073913574,3.6935300827026367,0.823736846446991,304739
1992-09-03,3.6935300827026367,3.748249053955078,3.6935300827026367,3.748249053955078,0.8359405994415283,361849
1992-09-04,3.7208900451660156,3.7208900451660156,3.6935300827026367,3.7208900451660156,0.8298384547233582,310678
1992-09-08,3.7208900451660156,3.7208900451660156,3.666171073913574,3.666171073913574,0.8176352381706238,329410
1992-09-09,3.666171073913574,3.6935300827026367,3.611452102661133,3.6388111114501953,0.8115330338478088,352711
1992-09-10,3.666171073913574,3.6935300827026367,3.6388111114501953,3.666171073913574,0.8176352381706238,204225
1992-09-11,3.666171073913574,3.6935300827026367,3.666171073913574,3.6935300827026367,0.823736846446991,145288
1992-09-14,3.6935300827026367,3.7208900451660156,3.666171073913574,3.6935300827026367,0.823736846446991,188691
1992-09-15,3.6388111114501953,3.7208900451660156,3.584091901779175,3.6388111114501953,0.8115330338478088,411649
1992-09-16,3.584091901779175,3.7756080627441406,3.5567328929901123,3.748249053955078,0.8359405994415283,360935
1992-09-17,3.7208900451660156,3.748249053955078,3.611452102661133,3.7208900451660156,0.8298384547233582,409364
1992-09-18,3.748249053955078,3.748249053955078,3.7208900451660156,3.748249053955078,0.8359405994415283,382409
1992-09-21,3.748249053955078,3.748249053955078,3.7208900451660156,3.748249053955078,0.8359405994415283,387434
1992-09-22,3.7208900451660156,3.748249053955078,3.666171073913574,3.666171073913574,0.8176352381706238,586177
1992-09-23,3.6388111114501953,3.666171073913574,3.6388111114501953,3.6388111114501953,0.8115330338478088,96402
1992-09-24,3.6388111114501953,3.666171073913574,3.6388111114501953,3.6388111114501953,0.8115330338478088,86350
1992-09-25,3.6388111114501953,3.7756080627441406,3.611452102661133,3.7756080627441406,0.8420422077178955,199657
1992-09-28,3.7756080627441406,3.8029680252075195,3.748249053955078,3.7756080627441406,0.8420422077178955,398856
1992-09-29,3.7208900451660156,3.748249053955078,3.7208900451660156,3.748249053955078,0.8359405994415283,56196
1992-09-30,3.7208900451660156,3.8029680252075195,3.7208900451660156,3.8029680252075195,0.8481444716453552,111022
1992-10-01,3.8029680252075195,3.8029680252075195,3.7208900451660156,3.7756080627441406,0.8420422077178955,300627
1992-10-02,3.8029680252075195,3.8029680252075195,3.748249053955078,3.748249053955078,0.8359405994415283,40662
1992-10-05,3.7756080627441406,3.7756080627441406,3.611452102661133,3.666171073913574,0.8176352381706238,259508
1992-10-06,3.666171073913574,3.7208900451660156,3.6388111114501953,3.666171073913574,0.8176352381706238,235750
1992-10-07,3.666171073913574,3.6935300827026367,3.666171073913574,3.666171073913574,0.8176352381706238,220673
1992-10-08,3.6935300827026367,3.7756080627441406,3.6935300827026367,3.6935300827026367,0.823736846446991,128840
1992-10-09,3.6935300827026367,3.6935300827026367,3.666171073913574,3.666171073913574,0.8176352381706238,86807
1992-10-12,3.6935300827026367,3.7208900451660156,3.666171073913574,3.6935300827026367,0.823736846446991,199657
1992-10-13,3.6935300827026367,3.748249053955078,3.6935300827026367,3.748249053955078,0.8359405994415283,132038
1992-10-14,3.748249053955078,3.7756080627441406,3.7208900451660156,3.748249053955078,0.8359405994415283,358651
1992-10-15,3.7208900451660156,3.748249053955078,3.666171073913574,3.7208900451660156,0.8298384547233582,330781
1992-10-16,3.7208900451660156,3.7208900451660156,3.666171073913574,3.666171073913574,0.8176352381706238,115134
1992-10-19,3.7208900451660156,3.7756080627441406,3.6935300827026367,3.7756080627441406,0.8420422077178955,121073
1992-10-20,3.7756080627441406,3.8029680252075195,3.7208900451660156,3.8029680252075195,0.8481444716453552,347229
1992-10-21,3.830327033996582,3.9124059677124023,3.8029680252075195,3.9124059677124023,0.8725511431694031,246715
1992-10-22,3.8850460052490234,3.9671249389648438,3.8850460052490234,3.9671249389648438,0.8847546577453613,182752
1992-10-23,3.9944839477539062,4.021843910217285,3.8850460052490234,3.939764976501465,0.8786523938179016,195088
1992-10-26,3.939764976501465,3.9944839477539062,3.9124059677124023,3.9671249389648438,0.8972156643867493,151227
1992-10-27,3.9944839477539062,3.9944839477539062,3.939764976501465,3.9671249389648438,0.8972156643867493,68075
1992-10-28,3.939764976501465,3.9671249389648438,3.8850460052490234,3.9671249389648438,0.8972156643867493,161736
1992-10-29,3.9671249389648438,3.9671249389648438,3.939764976501465,3.9671249389648438,0.8972156643867493,78583
1992-10-30,3.9671249389648438,3.9671249389648438,3.9124059677124023,3.9671249389648438,0.8972156643867493,164477
1992-11-02,3.9671249389648438,3.9944839477539062,3.939764976501465,3.9944839477539062,0.9034034013748169,192346
1992-11-03,3.9671249389648438,3.9944839477539062,3.9124059677124023,3.9124059677124023,0.8848403096199036,111022
1992-11-04,3.9124059677124023,3.9671249389648438,3.8850460052490234,3.8850460052490234,0.8786522746086121,137978
1992-11-05,3.8850460052490234,3.939764976501465,3.8850460052490234,3.8850460052490234,0.8786522746086121,52998
1992-11-06,3.8850460052490234,3.9124059677124023,3.7756080627441406,3.7756080627441406,0.8539018034934998,741516
1992-11-09,3.7756080627441406,3.8029680252075195,3.748249053955078,3.7756080627441406,0.8539018034934998,344488
1992-11-10,3.7756080627441406,3.7756080627441406,3.748249053955078,3.748249053955078,0.8477143049240112,201941
1992-11-11,3.7756080627441406,3.7756080627441406,3.748249053955078,3.7756080627441406,0.8539018034934998,201027
1992-11-12,3.748249053955078,3.7756080627441406,3.748249053955078,3.7756080627441406,0.8539018034934998,201027
1992-11-13,3.7756080627441406,3.7756080627441406,3.666171073913574,3.666171073913574,0.8291512727737427,366875
1992-11-16,3.7208900451660156,3.7208900451660156,3.666171073913574,3.666171073913574,0.8291512727737427,382409
1992-11-17,3.666171073913574,3.6935300827026367,3.666171073913574,3.6935300827026367,0.8353388905525208,100970
1992-11-18,3.6935300827026367,3.6935300827026367,3.666171073913574,3.6935300827026367,0.8353388905525208,216561
1992-11-19,3.6935300827026367,3.748249053955078,3.6935300827026367,3.7208900451660156,0.841526448726654,353625
1992-11-20,3.8029680252075195,3.830327033996582,3.7756080627441406,3.830327033996582,0.866277277469635,243517
1992-11-23,3.830327033996582,3.830327033996582,3.7208900451660156,3.7208900451660156,0.841526448726654,108281
1992-11-24,3.748249053955078,3.7756080627441406,3.7208900451660156,3.748249053955078,0.8477143049240112,163106
1992-11-25,3.7208900451660156,3.748249053955078,3.6935300827026367,3.7208900451660156,0.841526448726654,28783
1992-11-27,3.7208900451660156,3.748249053955078,3.6935300827026367,3.7208900451660156,0.841526448726654,33809
1992-11-30,3.7208900451660156,3.7208900451660156,3.666171073913574,3.6935300827026367,0.8353388905525208,48886
1992-12-01,3.6935300827026367,3.748249053955078,3.6935300827026367,3.7208900451660156,0.841526448726654,86350
1992-12-02,3.748249053955078,3.857686996459961,3.6935300827026367,3.857686996459961,0.8724650740623474,228440
1992-12-03,3.857686996459961,3.9124059677124023,3.857686996459961,3.8850460052490234,0.8786522746086121,233923
1992-12-04,3.8850460052490234,3.939764976501465,3.857686996459961,3.9124059677124023,0.8848403096199036,374642
1992-12-07,3.939764976501465,3.939764976501465,3.8850460052490234,3.8850460052490234,0.8786522746086121,137978
1992-12-08,3.8850460052490234,3.8850460052490234,3.8029680252075195,3.830327033996582,0.866277277469635,313877
1992-12-09,3.8850460052490234,4.049202919006348,3.8850460052490234,3.9124059677124023,0.8848403096199036,429467
1992-12-10,3.939764976501465,3.9944839477539062,3.857686996459961,3.8850460052490234,0.8786522746086121,254025
1992-12-11,3.939764976501465,3.939764976501465,3.857686996459961,3.9124059677124023,0.8848403096199036,368245
1992-12-14,3.939764976501465,3.9944839477539062,3.9124059677124023,3.9671249389648438,0.8972156643867493,134780
1992-12-15,3.9671249389648438,3.9671249389648438,3.830327033996582,3.9124059677124023,0.8848403096199036,261792
1992-12-16,3.939764976501465,3.939764976501465,3.8850460052490234,3.8850460052490234,0.8786522746086121,159451
1992-12-17,3.9124059677124023,3.9944839477539062,3.8850460052490234,3.9944839477539062,0.9034034013748169,121987
1992-12-18,3.9944839477539062,3.9944839477539062,3.9671249389648438,3.9944839477539062,0.9034034013748169,349970
1992-12-21,4.021843910217285,4.131281852722168,4.021843910217285,4.049202919006348,0.9157788753509521,330781
1992-12-22,4.103921890258789,4.103921890258789,4.076562881469727,4.103921890258789,0.928153932094574,198286
1992-12-23,4.131281852722168,4.131281852722168,4.021843910217285,4.021843910217285,0.9095907807350159,239405
1992-12-24,4.021843910217285,4.021843910217285,3.9944839477539062,4.021843910217285,0.9095907807350159,46602
1992-12-28,4.049202919006348,4.049202919006348,4.021843910217285,4.049202919006348,0.9157788753509521,379667
1992-12-29,4.076562881469727,4.131281852722168,4.049202919006348,4.049202919006348,0.9157788753509521,132952
1992-12-30,4.076562881469727,4.1586408615112305,4.049202919006348,4.049202919006348,0.9157788753509521,296972
1992-12-31,4.049202919006348,4.049202919006348,3.9944839477539062,4.021843910217285,0.9095907807350159,437234
1993-01-04,4.049202919006348,4.076562881469727,4.021843910217285,4.049202919006348,0.9157788753509521,305653
1993-01-05,4.049202919006348,4.049202919006348,4.021843910217285,4.049202919006348,0.9157788753509521,121987
1993-01-06,4.049202919006348,4.049202919006348,4.021843910217285,4.049202919006348,0.9157788753509521,149400
1993-01-07,4.049202919006348,4.049202919006348,3.9944839477539062,4.021843910217285,0.9095907807350159,102341
1993-01-08,4.021843910217285,4.021843910217285,3.939764976501465,3.9671249389648438,0.8972156643867493,131581
1993-01-11,3.9671249389648438,4.021843910217285,3.9671249389648438,3.9944839477539062,0.9034034013748169,107824
1993-01-12,4.049202919006348,4.076562881469727,3.9944839477539062,4.021843910217285,0.9095907807350159,109651
1993-01-13,4.076562881469727,4.103921890258789,4.049202919006348,4.076562881469727,0.921966552734375,214277
1993-01-14,4.103921890258789,4.103921890258789,3.9671249389648438,4.076562881469727,0.921966552734375,328040
1993-01-15,4.103921890258789,4.1586408615112305,4.103921890258789,4.131281852722168,0.9343419671058655,270930
1993-01-18,4.1586408615112305,4.1586408615112305,4.076562881469727,4.103921890258789,0.928153932094574,137064
1993-01-19,4.131281852722168,4.186000823974609,4.103921890258789,4.131281852722168,0.9343419671058655,497085
1993-01-20,4.1586408615112305,4.186000823974609,4.131281852722168,4.131281852722168,0.9343419671058655,191890
1993-01-21,4.1586408615112305,4.213359832763672,4.131281852722168,4.1586408615112305,0.940530002117157,204682
1993-01-22,4.186000823974609,4.240719795227051,4.1586408615112305,4.1586408615112305,0.940530002117157,198286
1993-01-25,4.103921890258789,4.1586408615112305,4.103921890258789,4.1586408615112305,0.9540879130363464,154425
1993-01-26,4.213359832763672,4.213359832763672,4.131281852722168,4.1586408615112305,0.9540879130363464,205139
1993-01-27,4.186000823974609,4.186000823974609,4.131281852722168,4.131281852722168,0.9478108882904053,135236
1993-01-28,4.103921890258789,4.1586408615112305,4.103921890258789,4.131281852722168,0.9478108882904053,243974
1993-01-29,4.131281852722168,4.1586408615112305,4.021843910217285,4.049202919006348,0.9289798736572266,393831
1993-02-01,4.103921890258789,4.131281852722168,4.103921890258789,4.103921890258789,0.9415338635444641,230268
1993-02-02,4.131281852722168,4.131281852722168,4.049202919006348,4.076562881469727,0.9352571964263916,279154
1993-02-03,4.076562881469727,4.131281852722168,4.076562881469727,4.103921890258789,0.9415338635444641,819643
1993-02-04,4.1586408615112305,4.213359832763672,4.131281852722168,4.1586408615112305,0.9540879130363464,270016
1993-02-05,4.213359832763672,4.268078804016113,4.131281852722168,4.1586408615112305,0.9540879130363464,344031
1993-02-08,4.213359832763672,4.268078804016113,4.186000823974609,4.268078804016113,0.9791942834854126,220216
1993-02-09,4.268078804016113,4.268078804016113,4.1586408615112305,4.1586408615112305,0.9540879130363464,273671
1993-02-10,4.186000823974609,4.213359832763672,4.1586408615112305,4.1586408615112305,0.9540879130363464,270016
1993-02-11,4.213359832763672,4.240719795227051,4.1586408615112305,4.213359832763672,0.9666411876678467,333066
1993-02-12,4.240719795227051,4.322797775268555,4.213359832763672,4.240719795227051,0.9729180335998535,487491
1993-02-16,4.240719795227051,4.240719795227051,4.131281852722168,4.1586408615112305,0.9540879130363464,402968
1993-02-17,4.186000823974609,4.213359832763672,4.1586408615112305,4.213359832763672,0.9666411876678467,261335
1993-02-18,4.213359832763672,4.240719795227051,4.1586408615112305,4.240719795227051,0.9729180335998535,237121
1993-02-19,4.240719795227051,4.350158214569092,4.213359832763672,4.322797775268555,0.9917491674423218,225699
1993-02-22,4.350158214569092,4.377517223358154,4.322797775268555,4.350158214569092,0.9980262517929077,345858
1993-02-23,4.377517223358154,4.5143141746521,4.377517223358154,4.5143141746521,1.0356872081756592,354996
1993-02-24,4.5143141746521,4.5143141746521,4.404877185821533,4.432236194610596,1.0168566703796387,301541
1993-02-25,4.432236194610596,4.459596157073975,4.377517223358154,4.459596157073975,1.023133397102356,176813
1993-02-26,4.5143141746521,4.5143141746521,4.459596157073975,4.459596157073975,1.023133397102356,198286
1993-03-01,4.486955165863037,4.486955165863037,4.432236194610596,4.459596157073975,1.023133397102356,190519
1993-03-02,4.486955165863037,4.486955165863037,4.432236194610596,4.432236194610596,1.0168566703796387,227526
1993-03-03,4.459596157073975,4.486955165863037,4.377517223358154,4.486955165863037,1.0294102430343628,582979
1993-03-04,4.5143141746521,4.5143141746521,4.486955165863037,4.486955165863037,1.0294102430343628,272757
1993-03-05,4.5143141746521,4.5143141746521,4.459596157073975,4.459596157073975,1.023133397102356,461906
1993-03-08,4.486955165863037,4.486955165863037,4.432236194610596,4.432236194610596,1.0168566703796387,219302
1993-03-09,4.486955165863037,4.486955165863037,4.459596157073975,4.459596157073975,1.023133397102356,273214
1993-03-10,4.486955165863037,4.569033145904541,4.432236194610596,4.5416741371154785,1.0419639348983765,327583
1993-03-11,4.5416741371154785,4.5416741371154785,4.486955165863037,4.5416741371154785,1.0419639348983765,284179
1993-03-12,4.5416741371154785,4.5416741371154785,4.432236194610596,4.486955165863037,1.0294102430343628,327126
1993-03-15,4.486955165863037,4.5416741371154785,4.432236194610596,4.5143141746521,1.0356872081756592,408908
1993-03-16,4.5416741371154785,4.569033145904541,4.486955165863037,4.486955165863037,1.0294102430343628,270473
1993-03-17,4.5143141746521,4.5416741371154785,4.459596157073975,4.486955165863037,1.0294102430343628,304739
1993-03-18,4.486955165863037,4.59639310836792,4.459596157073975,4.5143141746521,1.0356872081756592,335807
1993-03-19,4.678471088409424,4.733190059661865,4.623752117156982,4.733190059661865,1.0859023332595825,449113
1993-03-22,4.678471088409424,4.705831050872803,4.59639310836792,4.705831050872803,1.079624891281128,217018
1993-03-23,4.705831050872803,4.733190059661865,4.678471088409424,4.678471088409424,1.0733481645584106,175899
1993-03-24,4.705831050872803,4.760550022125244,4.651112079620361,4.678471088409424,1.0733481645584106,278240
1993-03-25,4.678471088409424,4.705831050872803,4.678471088409424,4.705831050872803,1.079624891281128,178640
1993-03-26,4.705831050872803,4.705831050872803,4.651112079620361,4.651112079620361,1.067071795463562,140719
1993-03-29,4.705831050872803,4.842628002166748,4.678471088409424,4.8152689933776855,1.1047338247299194,171330
1993-03-30,4.842628002166748,4.952065944671631,4.842628002166748,4.869987964630127,1.1172868013381958,263163
1993-03-31,4.952065944671631,5.116222858428955,4.842628002166748,4.869987964630127,1.1172868013381958,498456
1993-04-01,4.869987964630127,4.8973469734191895,4.8152689933776855,4.8973469734191895,1.123563528060913,305653
1993-04-02,4.869987964630127,4.869987964630127,4.760550022125244,4.760550022125244,1.0921789407730103,222044
1993-04-05,4.787909030914307,4.842628002166748,4.705831050872803,4.787909030914307,1.0984560251235962,261335
1993-04-06,4.760550022125244,4.787909030914307,4.705831050872803,4.787909030914307,1.0984560251235962,190519
1993-04-07,4.787909030914307,4.787909030914307,4.733190059661865,4.760550022125244,1.0921789407730103,275956
1993-04-08,4.733190059661865,4.8152689933776855,4.733190059661865,4.8152689933776855,1.1047338247299194,227983
1993-04-12,4.8152689933776855,4.97942590713501,4.8152689933776855,4.97942590713501,1.1423945426940918,180468
1993-04-13,5.034144878387451,5.143582820892334,4.97942590713501,5.143582820892334,1.1800559759140015,247172
1993-04-14,5.116222858428955,5.116222858428955,5.061503887176514,5.061503887176514,1.16122567653656,364590
1993-04-15,5.116222858428955,5.143582820892334,5.061503887176514,5.116222858428955,1.1737794876098633,215647
1993-04-16,5.143582820892334,5.2530198097229,5.116222858428955,5.225660800933838,1.1988866329193115,339919
1993-04-19,5.225660800933838,5.307738780975342,5.1709418296813965,5.307738780975342,1.217717170715332,354996
1993-04-20,5.280379772186279,5.307738780975342,5.2530198097229,5.280379772186279,1.2114402055740356,360478
1993-04-21,5.307738780975342,5.307738780975342,5.143582820892334,5.1709418296813965,1.1863332986831665,401598
1993-04-22,5.116222858428955,5.143582820892334,5.088863849639893,5.088863849639893,1.1675024032592773,140719
1993-04-23,5.034144878387451,5.034144878387451,4.8973469734191895,5.006784915924072,1.148671269416809,235750
1993-04-26,4.8973469734191895,4.924706935882568,4.842628002166748,4.869987964630127,1.1306322813034058,91376
1993-04-27,4.869987964630127,4.97942590713501,4.8152689933776855,4.97942590713501,1.1560392379760742,121073
1993-04-28,5.034144878387451,5.088863849639893,5.006784915924072,5.088863849639893,1.1814472675323486,148486
1993-04-29,5.143582820892334,5.143582820892334,4.952065944671631,4.952065944671631,1.149687647819519,395658
1993-04-30,4.97942590713501,5.143582820892334,4.952065944671631,5.088863849639893,1.1814472675323486,244888
1993-05-03,5.088863849639893,5.116222858428955,5.061503887176514,5.088863849639893,1.1814472675323486,249913
1993-05-04,5.061503887176514,5.1709418296813965,5.061503887176514,5.143582820892334,1.194150686264038,135236
1993-05-05,5.143582820892334,5.38981819152832,5.116222858428955,5.362458229064941,1.2449651956558228,334893
1993-05-06,5.335099220275879,5.444537162780762,5.307738780975342,5.307738780975342,1.2322615385055542,368245
1993-05-07,5.088863849639893,5.088863849639893,5.006784915924072,5.034144878387451,1.1687432527542114,458251
1993-05-10,5.061503887176514,5.143582820892334,5.006784915924072,5.116222858428955,1.1877992153167725,601254
1993-05-11,5.116222858428955,5.198301792144775,5.088863849639893,5.116222858428955,1.1877992153167725,382409
1993-05-12,5.061503887176514,5.143582820892334,4.952065944671631,5.116222858428955,1.1877992153167725,218846
1993-05-13,5.088863849639893,5.088863849639893,5.006784915924072,5.088863849639893,1.1814472675323486,255853
1993-05-14,5.088863849639893,5.116222858428955,5.061503887176514,5.088863849639893,1.1814472675323486,261335
1993-05-17,5.034144878387451,5.088863849639893,4.97942590713501,5.034144878387451,1.1687432527542114,469673
1993-05-18,5.006784915924072,5.088863849639893,4.97942590713501,5.061503887176514,1.175095558166504,199200
1993-05-19,5.034144878387451,5.198301792144775,5.034144878387451,5.198301792144775,1.2068543434143066,238491
1993-05-20,5.143582820892334,5.1709418296813965,5.061503887176514,5.088863849639893,1.1814472675323486,218846
1993-05-21,5.116222858428955,5.116222858428955,5.088863849639893,5.116222858428955,1.1877992153167725,150770
1993-05-24,5.116222858428955,5.143582820892334,5.088863849639893,5.116222858428955,1.1877992153167725,87264
1993-05-25,5.116222858428955,5.116222858428955,5.088863849639893,5.116222858428955,1.1877992153167725,121530
1993-05-26,5.116222858428955,5.143582820892334,5.088863849639893,5.143582820892334,1.194150686264038,85893
1993-05-27,5.088863849639893,5.116222858428955,5.006784915924072,5.088863849639893,1.1814472675323486,319359
1993-05-28,5.116222858428955,5.116222858428955,5.061503887176514,5.116222858428955,1.1877992153167725,236664
1993-06-01,5.143582820892334,5.280379772186279,5.116222858428955,5.2530198097229,1.2195574045181274,235293
1993-06-02,5.225660800933838,5.307738780975342,5.225660800933838,5.280379772186279,1.2259101867675781,168132
1993-06-03,5.307738780975342,5.417177200317383,5.307738780975342,5.362458229064941,1.2449651956558228,219759
1993-06-04,5.335099220275879,5.335099220275879,5.280379772186279,5.307738780975342,1.2322615385055542,79040
1993-06-07,5.307738780975342,5.362458229064941,5.307738780975342,5.362458229064941,1.2449651956558228,105539
1993-06-08,5.335099220275879,5.362458229064941,5.307738780975342,5.335099220275879,1.2386131286621094,124728
1993-06-09,5.280379772186279,5.526615142822266,5.280379772186279,5.526615142822266,1.2830767631530762,209251
1993-06-10,5.471896171569824,5.499256134033203,5.362458229064941,5.444537162780762,1.264021635055542,211992
1993-06-11,5.444537162780762,5.499256134033203,5.335099220275879,5.335099220275879,1.2386131286621094,140262
1993-06-14,5.362458229064941,5.581334114074707,5.362458229064941,5.526615142822266,1.2830767631530762,220673
1993-06-15,5.5539751052856445,5.663413047790527,5.499256134033203,5.526615142822266,1.2830767631530762,220673
1993-06-16,5.526615142822266,5.581334114074707,5.499256134033203,5.499256134033203,1.2767246961593628,178640
1993-06-17,5.526615142822266,5.581334114074707,5.499256134033203,5.5539751052856445,1.289428472518921,208794
1993-06-18,5.5539751052856445,5.581334114074707,5.526615142822266,5.526615142822266,1.2830767631530762,199200
1993-06-21,5.5539751052856445,5.608694076538086,5.499256134033203,5.526615142822266,1.2830767631530762,248543
1993-06-22,5.5539751052856445,5.5539751052856445,5.499256134033203,5.526615142822266,1.2830767631530762,108737
1993-06-23,5.5539751052856445,5.608694076538086,5.471896171569824,5.499256134033203,1.2767246961593628,150770
1993-06-24,5.417177200317383,5.499256134033203,5.362458229064941,5.417177200317383,1.2576696872711182,192346
1993-06-25,5.471896171569824,5.471896171569824,5.335099220275879,5.362458229064941,1.2449651956558228,180924
1993-06-28,5.362458229064941,5.38981819152832,5.307738780975342,5.335099220275879,1.2386131286621094,312506
1993-06-29,5.335099220275879,5.608694076538086,5.335099220275879,5.608694076538086,1.3021328449249268,313877
1993-06-30,5.608694076538086,5.745491027832031,5.608694076538086,5.718132019042969,1.3275405168533325,282352
1993-07-01,5.69077205657959,5.718132019042969,5.526615142822266,5.636053085327148,1.3084839582443237,473328
1993-07-02,5.608694076538086,5.636053085327148,5.581334114074707,5.608694076538086,1.3021328449249268,560592
1993-07-06,5.5539751052856445,5.636053085327148,5.5539751052856445,5.5539751052856445,1.289428472518921,105996
1993-07-07,5.5539751052856445,5.608694076538086,5.5539751052856445,5.581334114074707,1.2957803010940552,122901
1993-07-08,5.581334114074707,5.581334114074707,5.471896171569824,5.5539751052856445,1.289428472518921,242146
1993-07-09,5.5539751052856445,5.5539751052856445,5.471896171569824,5.499256134033203,1.2767246961593628,112849
1993-07-12,5.499256134033203,5.499256134033203,5.362458229064941,5.38981819152832,1.2513175010681152,214277
1993-07-13,5.362458229064941,5.471896171569824,5.362458229064941,5.38981819152832,1.2513175010681152,128383
1993-07-14,5.417177200317383,5.417177200317383,5.335099220275879,5.335099220275879,1.2386131286621094,105996
1993-07-15,5.362458229064941,5.38981819152832,5.335099220275879,5.335099220275879,1.2386131286621094,1855390
1993-07-16,5.38981819152832,5.38981819152832,5.335099220275879,5.362458229064941,1.2449651956558228,275956
1993-07-19,5.362458229064941,5.362458229064941,5.280379772186279,5.280379772186279,1.2259101867675781,80868
1993-07-20,5.280379772186279,5.280379772186279,5.1709418296813965,5.1709418296813965,1.2005029916763306,177269
1993-07-21,5.1709418296813965,5.198301792144775,5.1709418296813965,5.1709418296813965,1.2005029916763306,101427
1993-07-22,5.1709418296813965,5.1709418296813965,4.760550022125244,4.787909030914307,1.1115761995315552,543687
1993-07-23,4.787909030914307,4.869987964630127,4.760550022125244,4.787909030914307,1.1115761995315552,325755
1993-07-26,4.760550022125244,4.8152689933776855,4.623752117156982,4.705831050872803,1.1061736345291138,232095
1993-07-27,4.760550022125244,4.8152689933776855,4.678471088409424,4.705831050872803,1.1061736345291138,300170
1993-07-28,4.678471088409424,4.760550022125244,4.678471088409424,4.705831050872803,1.1061736345291138,258594
1993-07-29,4.705831050872803,4.787909030914307,4.705831050872803,4.705831050872803,1.1061736345291138,136607
1993-07-30,4.733190059661865,4.733190059661865,4.623752117156982,4.623752117156982,1.086880087852478,230724
1993-08-02,4.651112079620361,4.651112079620361,4.59639310836792,4.623752117156982,1.086880087852478,376012
1993-08-03,4.623752117156982,4.678471088409424,4.569033145904541,4.623752117156982,1.086880087852478,269102
1993-08-04,4.623752117156982,4.678471088409424,4.569033145904541,4.678471088409424,1.0997424125671387,584806
1993-08-05,4.678471088409424,4.8152689933776855,4.678471088409424,4.760550022125244,1.1190364360809326,429010
1993-08-06,4.760550022125244,4.787909030914307,4.733190059661865,4.760550022125244,1.1190364360809326,155796
1993-08-09,4.760550022125244,4.760550022125244,4.733190059661865,4.733190059661865,1.112605333328247,158994
1993-08-10,4.760550022125244,4.760550022125244,4.569033145904541,4.569033145904541,1.0740174055099487,333979
1993-08-11,4.59639310836792,4.623752117156982,4.486955165863037,4.5143141746521,1.0611555576324463,197372
1993-08-12,4.5143141746521,4.5416741371154785,4.459596157073975,4.486955165863037,1.0547243356704712,752481
1993-08-13,4.486955165863037,4.569033145904541,4.459596157073975,4.569033145904541,1.0740174055099487,291033
1993-08-16,4.59639310836792,4.651112079620361,4.5416741371154785,4.59639310836792,1.080449104309082,293774
1993-08-17,4.59639310836792,4.623752117156982,4.5416741371154785,4.5416741371154785,1.0675863027572632,303825
1993-08-18,4.569033145904541,4.569033145904541,4.5143141746521,4.569033145904541,1.0740174055099487,503025
1993-08-19,4.5416741371154785,4.59639310836792,4.5143141746521,4.5416741371154785,1.0675863027572632,404796
1993-08-20,4.569033145904541,4.569033145904541,4.5143141746521,4.5143141746521,1.0611555576324463,206510
1993-08-23,4.569033145904541,4.59639310836792,4.5143141746521,4.5416741371154785,1.0675863027572632,333066
1993-08-24,4.569033145904541,4.678471088409424,4.569033145904541,4.678471088409424,1.0997424125671387,177269
1993-08-25,4.678471088409424,4.842628002166748,4.651112079620361,4.760550022125244,1.1190364360809326,228440
1993-08-26,4.760550022125244,4.760550022125244,4.705831050872803,4.705831050872803,1.1061736345291138,115591
1993-08-27,4.678471088409424,4.733190059661865,4.651112079620361,4.733190059661865,1.112605333328247,139805
1993-08-30,4.705831050872803,4.760550022125244,4.705831050872803,4.733190059661865,1.112605333328247,101427
1993-08-31,4.733190059661865,4.733190059661865,4.651112079620361,4.705831050872803,1.1061736345291138,134780
1993-09-01,4.705831050872803,4.733190059661865,4.59639310836792,4.705831050872803,1.1061736345291138,244431
1993-09-02,4.705831050872803,4.760550022125244,4.678471088409424,4.760550022125244,1.1190364360809326,190062
1993-09-03,4.733190059661865,4.787909030914307,4.705831050872803,4.760550022125244,1.1190364360809326,164934
1993-09-07,4.733190059661865,4.787909030914307,4.705831050872803,4.787909030914307,1.1254676580429077,100514
1993-09-08,4.787909030914307,4.787909030914307,4.678471088409424,4.705831050872803,1.1061736345291138,274128
1993-09-09,4.651112079620361,4.733190059661865,4.651112079620361,4.705831050872803,1.1061736345291138,122901
1993-09-10,4.678471088409424,4.787909030914307,4.651112079620361,4.787909030914307,1.1254676580429077,211992
1993-09-13,4.787909030914307,4.787909030914307,4.760550022125244,4.787909030914307,1.1254676580429077,122901
1993-09-14,4.787909030914307,4.842628002166748,4.760550022125244,4.8152689933776855,1.131899118423462,149857
1993-09-15,4.8152689933776855,4.8973469734191895,4.787909030914307,4.869987964630127,1.144761562347412,244888
1993-09-16,4.869987964630127,4.952065944671631,4.869987964630127,4.8973469734191895,1.1511929035186768,93204
1993-09-17,4.733190059661865,4.869987964630127,4.733190059661865,4.842628002166748,1.1383296251296997,644201
1993-09-20,4.842628002166748,4.8973469734191895,4.842628002166748,4.8973469734191895,1.1511929035186768,233009
1993-09-21,4.8973469734191895,4.924706935882568,4.705831050872803,4.760550022125244,1.1190364360809326,180011
1993-09-22,4.8152689933776855,4.842628002166748,4.705831050872803,4.760550022125244,1.1190364360809326,185950
1993-09-23,4.760550022125244,4.8973469734191895,4.760550022125244,4.869987964630127,1.144761562347412,290119
1993-09-24,4.869987964630127,4.8973469734191895,4.787909030914307,4.787909030914307,1.1254676580429077,103712
1993-09-27,4.842628002166748,4.8973469734191895,4.842628002166748,4.8973469734191895,1.1511929035186768,63049
1993-09-28,4.8973469734191895,4.8973469734191895,4.869987964630127,4.8973469734191895,1.1511929035186768,137064
1993-09-29,4.869987964630127,4.8973469734191895,4.842628002166748,4.842628002166748,1.1383296251296997,47516
1993-09-30,4.869987964630127,4.924706935882568,4.869987964630127,4.869987964630127,1.144761562347412,169046
1993-10-01,4.869987964630127,4.8973469734191895,4.842628002166748,4.8973469734191895,1.1511929035186768,288291
1993-10-04,4.869987964630127,4.924706935882568,4.869987964630127,4.869987964630127,1.144761562347412,93204
1993-10-05,4.924706935882568,4.924706935882568,4.8152689933776855,4.8152689933776855,1.131899118423462,221587
1993-10-06,4.869987964630127,4.8973469734191895,4.787909030914307,4.8152689933776855,1.131899118423462,63506
1993-10-07,4.842628002166748,4.869987964630127,4.733190059661865,4.733190059661865,1.112605333328247,95945
1993-10-08,4.787909030914307,4.869987964630127,4.760550022125244,4.787909030914307,1.1254676580429077,154425
1993-10-11,4.8152689933776855,4.8973469734191895,4.8152689933776855,4.869987964630127,1.144761562347412,58938
1993-10-12,4.869987964630127,4.869987964630127,4.842628002166748,4.842628002166748,1.1383296251296997,275499
1993-10-13,4.842628002166748,4.869987964630127,4.8152689933776855,4.842628002166748,1.1383296251296997,126556
1993-10-14,4.8152689933776855,4.842628002166748,4.760550022125244,4.842628002166748,1.1383296251296997,179554
1993-10-15,4.869987964630127,4.8973469734191895,4.869987964630127,4.8973469734191895,1.1511929035186768,174071
1993-10-18,4.8973469734191895,4.8973469734191895,4.787909030914307,4.842628002166748,1.1383296251296997,206510
1993-10-19,4.842628002166748,4.952065944671631,4.8152689933776855,4.952065944671631,1.1640554666519165,210165
1993-10-20,4.952065944671631,4.952065944671631,4.924706935882568,4.924706935882568,1.1576244831085205,301084
1993-10-21,4.952065944671631,4.952065944671631,4.8152689933776855,4.869987964630127,1.144761562347412,103712
1993-10-22,4.869987964630127,4.869987964630127,4.842628002166748,4.842628002166748,1.1383296251296997,53912
1993-10-25,4.760550022125244,4.787909030914307,4.705831050872803,4.705831050872803,1.1198395490646362,94574
1993-10-26,4.651112079620361,4.651112079620361,4.569033145904541,4.59639310836792,1.0937970876693726,116504
1993-10-27,4.59639310836792,4.678471088409424,4.59639310836792,4.678471088409424,1.1133290529251099,112849
1993-10-28,4.760550022125244,4.8152689933776855,4.733190059661865,4.760550022125244,1.1328613758087158,203312
1993-10-29,4.705831050872803,4.733190059661865,4.651112079620361,4.651112079620361,1.1068187952041626,131125
1993-11-01,4.651112079620361,4.733190059661865,4.651112079620361,4.733190059661865,1.1263506412506104,102798
1993-11-02,4.705831050872803,4.760550022125244,4.678471088409424,4.705831050872803,1.1198395490646362,103255
1993-11-03,4.705831050872803,4.705831050872803,4.486955165863037,4.486955165863037,1.0677543878555298,102798
1993-11-04,4.459596157073975,4.459596157073975,4.295438766479492,4.295438766479492,1.0221790075302124,291946
1993-11-05,4.295438766479492,4.350158214569092,4.295438766479492,4.350158214569092,1.035201072692871,227526
1993-11-08,4.404877185821533,4.5416741371154785,4.404877185821533,4.459596157073975,1.0612434148788452,206510
1993-11-09,4.459596157073975,4.486955165863037,4.377517223358154,4.404877185821533,1.0482221841812134,177269
1993-11-10,4.459596157073975,4.486955165863037,4.377517223358154,4.432236194610596,1.0547326803207397,172701
1993-11-11,4.432236194610596,4.459596157073975,4.404877185821533,4.432236194610596,1.0547326803207397,118789
1993-11-12,4.404877185821533,4.432236194610596,4.322797775268555,4.432236194610596,1.0547326803207397,140719
1993-11-15,4.432236194610596,4.432236194610596,4.377517223358154,4.404877185821533,1.0482221841812134,92747
1993-11-16,4.432236194610596,4.5416741371154785,4.432236194610596,4.5143141746521,1.074264645576477,186864
1993-11-17,4.486955165863037,4.5143141746521,4.432236194610596,4.5143141746521,1.074264645576477,118789
1993-11-18,4.5143141746521,4.5416741371154785,4.486955165863037,4.5143141746521,1.074264645576477,94574
1993-11-19,4.5416741371154785,4.5416741371154785,4.486955165863037,4.5416741371154785,1.0807756185531616,109194
1993-11-22,4.459596157073975,4.5143141746521,4.432236194610596,4.5143141746521,1.074264645576477,164934
1993-11-23,4.5143141746521,4.5143141746521,4.486955165863037,4.5143141746521,1.074264645576477,73101
1993-11-24,4.486955165863037,4.5416741371154785,4.486955165863037,4.5143141746521,1.074264645576477,59851
1993-11-26,4.5143141746521,4.5416741371154785,4.5143141746521,4.5416741371154785,1.0807756185531616,12793
1993-11-29,4.5416741371154785,4.5416741371154785,4.459596157073975,4.459596157073975,1.0612434148788452,60765
1993-11-30,4.432236194610596,4.486955165863037,4.404877185821533,4.486955165863037,1.0677543878555298,74015
1993-12-01,4.432236194610596,4.486955165863037,4.432236194610596,4.432236194610596,1.0547326803207397,84980
1993-12-02,4.432236194610596,4.486955165863037,4.432236194610596,4.459596157073975,1.0612434148788452,45231
1993-12-03,4.432236194610596,4.486955165863037,4.432236194610596,4.459596157073975,1.0612434148788452,150770
1993-12-06,4.432236194610596,4.486955165863037,4.432236194610596,4.486955165863037,1.0677543878555298,53912
1993-12-07,4.459596157073975,4.486955165863037,4.404877185821533,4.432236194610596,1.0547326803207397,145288
1993-12-08,4.404877185821533,4.459596157073975,4.404877185821533,4.432236194610596,1.0547326803207397,60308
1993-12-09,4.432236194610596,4.459596157073975,4.432236194610596,4.432236194610596,1.0547326803207397,176813
1993-12-10,4.432236194610596,4.486955165863037,4.432236194610596,4.486955165863037,1.0677543878555298,91833
1993-12-13,4.459596157073975,4.486955165863037,4.404877185821533,4.404877185821533,1.0482221841812134,114677
1993-12-14,4.432236194610596,4.432236194610596,4.350158214569092,4.350158214569092,1.035201072692871,124728
1993-12-15,4.322797775268555,4.350158214569092,4.268078804016113,4.295438766479492,1.0221790075302124,293774
1993-12-16,4.295438766479492,4.322797775268555,4.295438766479492,4.322797775268555,1.028689980506897,103712
1993-12-17,4.268078804016113,4.268078804016113,4.076562881469727,4.186000823974609,0.996136486530304,482465
1993-12-20,4.186000823974609,4.240719795227051,4.1586408615112305,4.1586408615112305,0.9896252155303955,439519
1993-12-21,4.268078804016113,4.268078804016113,4.1586408615112305,4.213359832763672,1.0026475191116333,201027
1993-12-22,4.213359832763672,4.213359832763672,3.9944839477539062,4.021843910217285,0.9570724368095398,291033
1993-12-23,4.021843910217285,4.049202919006348,3.857686996459961,3.9124059677124023,0.9310296773910522,759791
1993-12-27,3.9671249389648438,4.076562881469727,3.9124059677124023,4.076562881469727,0.9700937867164612,188235
1993-12-28,4.049202919006348,4.1586408615112305,4.049202919006348,4.076562881469727,0.9700937867164612,326212
1993-12-29,4.076562881469727,4.103921890258789,4.021843910217285,4.076562881469727,0.9700937867164612,159451
1993-12-30,4.076562881469727,4.1586408615112305,4.049202919006348,4.131281852722168,0.9831151962280273,158994
1993-12-31,4.131281852722168,4.131281852722168,4.076562881469727,4.131281852722168,0.9831151962280273,158537
1994-01-03,4.103921890258789,4.1586408615112305,4.103921890258789,4.103921890258789,0.9766041040420532,107367
1994-01-04,4.103921890258789,4.103921890258789,4.076562881469727,4.103921890258789,0.9766041040420532,228897
1994-01-05,4.076562881469727,4.1586408615112305,4.076562881469727,4.131281852722168,0.9831151962280273,151684
1994-01-06,4.1586408615112305,4.213359832763672,4.103921890258789,4.1586408615112305,0.9896252155303955,479267
1994-01-07,4.186000823974609,4.240719795227051,4.1586408615112305,4.240719795227051,1.009157657623291,154425
1994-01-10,4.322797775268555,4.322797775268555,4.268078804016113,4.295438766479492,1.0221790075302124,174528
1994-01-11,4.295438766479492,4.295438766479492,4.213359832763672,4.213359832763672,1.0026475191116333,338548
1994-01-12,4.213359832763672,4.240719795227051,4.186000823974609,4.240719795227051,1.009157657623291,118332
1994-01-13,4.213359832763672,4.268078804016113,4.186000823974609,4.268078804016113,1.0156687498092651,71730
1994-01-14,4.213359832763672,4.240719795227051,4.131281852722168,4.131281852722168,0.9831151962280273,157167
1994-01-17,4.131281852722168,4.213359832763672,4.103921890258789,4.186000823974609,0.996136486530304,105996
1994-01-18,4.213359832763672,4.268078804016113,4.186000823974609,4.213359832763672,1.0026475191116333,146658
1994-01-19,4.186000823974609,4.186000823974609,4.1586408615112305,4.186000823974609,0.996136486530304,122901
1994-01-20,4.240719795227051,4.268078804016113,4.213359832763672,4.240719795227051,1.009157657623291,91376
1994-01-21,4.268078804016113,4.295438766479492,4.186000823974609,4.213359832763672,1.0026475191116333,187778
1994-01-24,4.1586408615112305,4.295438766479492,4.1586408615112305,4.186000823974609,0.996136486530304,202855
1994-01-25,4.103921890258789,4.1586408615112305,4.103921890258789,4.103921890258789,0.9911143183708191,96402
1994-01-26,4.131281852722168,4.1586408615112305,4.103921890258789,4.1586408615112305,1.004328966140747,176813
1994-01-27,4.1586408615112305,4.186000823974609,4.076562881469727,4.186000823974609,1.010936975479126,386977
1994-01-28,4.295438766479492,4.350158214569092,4.240719795227051,4.322797775268555,1.0439741611480713,171330
1994-01-31,4.322797775268555,4.350158214569092,4.295438766479492,4.322797775268555,1.0439741611480713,109194
1994-02-01,4.322797775268555,4.404877185821533,4.295438766479492,4.377517223358154,1.0571889877319336,256310
1994-02-02,4.432236194610596,4.459596157073975,4.404877185821533,4.404877185821533,1.0637967586517334,112849
1994-02-03,4.404877185821533,4.404877185821533,4.295438766479492,4.322797775268555,1.0439741611480713,105539
1994-02-04,4.377517223358154,4.377517223358154,4.131281852722168,4.186000823974609,1.010936975479126,262706
1994-02-07,4.186000823974609,4.295438766479492,4.131281852722168,4.295438766479492,1.0373660326004028,131125
1994-02-08,4.322797775268555,4.350158214569092,4.295438766479492,4.322797775268555,1.0439741611480713,169502
1994-02-09,4.350158214569092,4.350158214569092,4.268078804016113,4.268078804016113,1.030759572982788,70360
1994-02-10,4.268078804016113,4.295438766479492,4.186000823974609,4.213359832763672,1.0175446271896362,63506
1994-02-11,4.1586408615112305,4.213359832763672,4.1586408615112305,4.213359832763672,1.0175446271896362,79497
1994-02-14,4.213359832763672,4.213359832763672,4.1586408615112305,4.213359832763672,1.0175446271896362,106453
1994-02-15,4.213359832763672,4.213359832763672,4.186000823974609,4.213359832763672,1.0175446271896362,393374
1994-02-16,4.240719795227051,4.268078804016113,4.186000823974609,4.213359832763672,1.0175446271896362,151227
1994-02-17,4.213359832763672,4.240719795227051,4.103921890258789,4.131281852722168,0.997722327709198,122444
1994-02-18,4.186000823974609,4.186000823974609,4.021843910217285,4.021843910217285,0.9712929725646973,185950
1994-02-22,4.076562881469727,4.103921890258789,4.021843910217285,4.103921890258789,0.9911143183708191,153055
1994-02-23,4.131281852722168,4.131281852722168,3.9944839477539062,4.049202919006348,0.9778998494148254,146202
1994-02-24,3.9944839477539062,4.049202919006348,3.939764976501465,3.9671249389648438,0.9580776691436768,151227
1994-02-25,3.939764976501465,4.049202919006348,3.939764976501465,3.9944839477539062,0.9646854400634766,96859
1994-02-28,4.021843910217285,4.076562881469727,3.9671249389648438,3.9671249389648438,0.9580776691436768,138892
1994-03-01,3.9671249389648438,4.021843910217285,3.9671249389648438,4.021843910217285,0.9712929725646973,223871
1994-03-02,3.9671249389648438,4.021843910217285,3.9671249389648438,4.021843910217285,0.9712929725646973,107824
1994-03-03,3.9671249389648438,4.021843910217285,3.9671249389648438,4.021843910217285,0.9712929725646973,96402
1994-03-04,4.049202919006348,4.049202919006348,3.939764976501465,3.939764976501465,0.9514703750610352,170416
1994-03-07,3.9671249389648438,3.9944839477539062,3.939764976501465,3.9944839477539062,0.9646854400634766,179554
1994-03-08,4.021843910217285,4.049202919006348,3.9671249389648438,4.049202919006348,0.9778998494148254,106910
1994-03-09,3.9944839477539062,4.049202919006348,3.9944839477539062,4.049202919006348,0.9778998494148254,57567
1994-03-10,3.9944839477539062,4.049202919006348,3.939764976501465,3.9944839477539062,0.9646854400634766,123358
1994-03-11,3.9671249389648438,3.9944839477539062,3.939764976501465,3.9944839477539062,0.9646854400634766,93204
1994-03-14,3.9944839477539062,3.9944839477539062,3.9124059677124023,3.9944839477539062,0.9646854400634766,195088
1994-03-15,3.9944839477539062,3.9944839477539062,3.8850460052490234,3.8850460052490234,0.9382554888725281,281438
1994-03-16,3.857686996459961,3.8850460052490234,3.830327033996582,3.830327033996582,0.9250404238700867,551911
1994-03-17,3.857686996459961,3.939764976501465,3.857686996459961,3.939764976501465,0.9514703750610352,154425
1994-03-18,3.939764976501465,3.939764976501465,3.9124059677124023,3.939764976501465,0.9514703750610352,344031
1994-03-21,3.8850460052490234,3.9944839477539062,3.857686996459961,3.9124059677124023,0.9448626041412354,89548
1994-03-22,3.939764976501465,3.939764976501465,3.8029680252075195,3.830327033996582,0.9250404238700867,382409
1994-03-23,3.830327033996582,3.8850460052490234,3.8029680252075195,3.8029680252075195,0.918432891368866,143460
1994-03-24,3.8029680252075195,3.857686996459961,3.748249053955078,3.830327033996582,0.9250404238700867,245345
1994-03-25,3.857686996459961,3.9124059677124023,3.830327033996582,3.857686996459961,0.9316476583480835,130668
1994-03-28,3.857686996459961,3.8850460052490234,3.7756080627441406,3.7756080627441406,0.9118257164955139,129297
1994-03-29,3.7756080627441406,3.8029680252075195,3.6935300827026367,3.7208900451660156,0.8986107707023621,131581
1994-03-30,3.7208900451660156,3.7208900451660156,3.584091901779175,3.666171073913574,0.8853963613510132,229354
1994-03-31,3.666171073913574,3.7756080627441406,3.584091901779175,3.748249053955078,0.9052181839942932,454139
1994-04-04,3.7208900451660156,3.7208900451660156,3.666171073913574,3.6935300827026367,0.892003059387207,135236
1994-04-05,3.666171073913574,3.7756080627441406,3.6388111114501953,3.7756080627441406,0.9118257164955139,517645
1994-04-06,3.748249053955078,3.7756080627441406,3.6935300827026367,3.6935300827026367,0.892003059387207,113763
1994-04-07,3.7208900451660156,3.7208900451660156,3.611452102661133,3.7208900451660156,0.8986107707023621,237578
1994-04-08,3.6935300827026367,3.7208900451660156,3.6388111114501953,3.7208900451660156,0.8986107707023621,84523
1994-04-11,3.7208900451660156,3.7208900451660156,3.666171073913574,3.7208900451660156,0.8986107707023621,98229
1994-04-12,3.7208900451660156,3.748249053955078,3.7208900451660156,3.7208900451660156,0.8986107707023621,146202
1994-04-13,3.7208900451660156,3.748249053955078,3.6935300827026367,3.7208900451660156,0.8986107707023621,158537
1994-04-14,3.7208900451660156,3.7208900451660156,3.6388111114501953,3.666171073913574,0.8853963613510132,104626
1994-04-15,3.6935300827026367,3.748249053955078,3.666171073913574,3.7208900451660156,0.8986107707023621,116961
1994-04-18,3.748249053955078,3.748249053955078,3.6935300827026367,3.6935300827026367,0.892003059387207,127470
1994-04-19,3.666171073913574,3.7208900451660156,3.5567328929901123,3.666171073913574,0.8853963613510132,267732
1994-04-20,3.666171073913574,3.7208900451660156,3.666171073913574,3.7208900451660156,0.8986107707023621,125185
1994-04-21,3.7208900451660156,3.830327033996582,3.6935300827026367,3.8029680252075195,0.918432891368866,162649
1994-04-22,3.830327033996582,3.857686996459961,3.7756080627441406,3.830327033996582,0.9250404238700867,54369
1994-04-25,3.7756080627441406,3.857686996459961,3.7756080627441406,3.8029680252075195,0.9333670735359192,116961
1994-04-26,3.8029680252075195,3.8029680252075195,3.7208900451660156,3.7756080627441406,0.9266514182090759,130668
1994-04-28,3.748249053955078,3.7756080627441406,3.6388111114501953,3.6388111114501953,0.8930774927139282,121073
1994-04-29,3.6388111114501953,3.6935300827026367,3.6388111114501953,3.6388111114501953,0.8930774927139282,1346425
1994-05-02,3.6388111114501953,3.666171073913574,3.611452102661133,3.6388111114501953,0.8930774927139282,259051
1994-05-03,3.6388111114501953,3.6388111114501953,3.5293729305267334,3.611452102661133,0.8863624334335327,175442
1994-05-04,3.611452102661133,3.6388111114501953,3.5567328929901123,3.5567328929901123,0.8729330897331238,209708
1994-05-05,3.584091901779175,3.611452102661133,3.5567328929901123,3.611452102661133,0.8863624334335327,213363
1994-05-06,3.5567328929901123,3.584091901779175,3.502013921737671,3.584091901779175,0.8796479105949402,119703
1994-05-09,3.5567328929901123,3.584091901779175,3.502013921737671,3.502013921737671,0.8595031499862671,110108
1994-05-10,3.5567328929901123,3.666171073913574,3.5293729305267334,3.584091901779175,0.8796479105949402,392917
1994-05-11,3.584091901779175,3.584091901779175,3.5293729305267334,3.5293729305267334,0.8662182092666626,101884
1994-05-12,3.5567328929901123,3.5567328929901123,3.4472949504852295,3.4472949504852295,0.8460736870765686,142547
1994-05-13,3.474653959274292,3.502013921737671,3.4472949504852295,3.502013921737671,0.8595031499862671,464190
1994-05-16,3.5567328929901123,3.5567328929901123,3.502013921737671,3.5293729305267334,0.8662182092666626,392003
1994-05-17,3.5293729305267334,3.584091901779175,3.5293729305267334,3.584091901779175,0.8796479105949402,113306
1994-05-18,3.5567328929901123,3.6935300827026367,3.5567328929901123,3.6935300827026367,0.906507134437561,190976
1994-05-19,3.6388111114501953,3.6935300827026367,3.611452102661133,3.6388111114501953,0.8930774927139282,220673
1994-05-20,3.666171073913574,3.748249053955078,3.611452102661133,3.611452102661133,0.8863624334335327,311135
1994-05-23,3.5567328929901123,3.5567328929901123,3.474653959274292,3.5293729305267334,0.8662182092666626,362763
1994-05-24,3.502013921737671,3.584091901779175,3.502013921737671,3.5567328929901123,0.8729330897331238,222044
1994-05-25,3.5293729305267334,3.611452102661133,3.502013921737671,3.584091901779175,0.8796479105949402,234836
1994-05-26,3.584091901779175,3.6388111114501953,3.5567328929901123,3.611452102661133,0.8863624334335327,160822
1994-05-27,3.584091901779175,3.611452102661133,3.5567328929901123,3.584091901779175,0.8796479105949402,217018
1994-05-31,3.584091901779175,3.584091901779175,3.5293729305267334,3.584091901779175,0.8796479105949402,342203
1994-06-01,3.5567328929901123,3.611452102661133,3.5567328929901123,3.584091901779175,0.8796479105949402,86807
1994-06-02,3.584091901779175,3.6388111114501953,3.584091901779175,3.611452102661133,0.8863624334335327,342203
1994-06-03,3.6388111114501953,3.6935300827026367,3.611452102661133,3.6935300827026367,0.906507134437561,302911
1994-06-06,3.666171073913574,3.748249053955078,3.4472949504852295,3.5567328929901123,0.8729330897331238,378297
1994-06-07,3.584091901779175,3.611452102661133,3.5567328929901123,3.611452102661133,0.8863624334335327,71730
1994-06-08,3.6388111114501953,3.6388111114501953,3.584091901779175,3.611452102661133,0.8863624334335327,119703
1994-06-09,3.584091901779175,3.611452102661133,3.584091901779175,3.611452102661133,0.8863624334335327,100057
1994-06-10,3.6388111114501953,3.6388111114501953,3.584091901779175,3.611452102661133,0.8863624334335327,133866
1994-06-13,3.611452102661133,3.611452102661133,3.5567328929901123,3.5567328929901123,0.8729330897331238,114220
1994-06-14,3.611452102661133,3.7208900451660156,3.5293729305267334,3.5567328929901123,0.8729330897331238,323014
1994-06-15,3.584091901779175,3.584091901779175,3.474653959274292,3.502013921737671,0.8595031499862671,446372
1994-06-16,3.502013921737671,3.5567328929901123,3.474653959274292,3.5293729305267334,0.8662182092666626,331238
1994-06-17,3.5567328929901123,3.584091901779175,3.5293729305267334,3.584091901779175,0.8796479105949402,220216
1994-06-20,3.5567328929901123,3.584091901779175,3.5293729305267334,3.584091901779175,0.8796479105949402,145745
1994-06-21,3.5293729305267334,3.748249053955078,3.5293729305267334,3.6388111114501953,0.8930774927139282,468302
1994-06-22,3.666171073913574,3.7208900451660156,3.666171073913574,3.6935300827026367,0.906507134437561,211535
1994-06-23,3.666171073913574,3.6935300827026367,3.6388111114501953,3.666171073913574,0.8997927904129028,94117
1994-06-24,3.666171073913574,3.7208900451660156,3.666171073913574,3.6935300827026367,0.906507134437561,79954
1994-06-27,3.666171073913574,3.7756080627441406,3.666171073913574,3.7756080627441406,0.9266514182090759,172701
1994-06-28,3.7756080627441406,3.7756080627441406,3.666171073913574,3.6935300827026367,0.906507134437561,185493
1994-06-29,3.666171073913574,3.6935300827026367,3.584091901779175,3.6388111114501953,0.8930774927139282,217932
1994-06-30,3.6388111114501953,3.7756080627441406,3.6388111114501953,3.748249053955078,0.9199370741844177,476983
1994-07-01,3.748249053955078,3.748249053955078,3.6935300827026367,3.748249053955078,0.9199370741844177,100514
1994-07-05,3.7208900451660156,3.748249053955078,3.6388111114501953,3.666171073913574,0.8997927904129028,110565
1994-07-06,3.6388111114501953,3.6388111114501953,3.584091901779175,3.6388111114501953,0.8930774927139282,164477
1994-07-07,3.666171073913574,3.7208900451660156,3.666171073913574,3.6935300827026367,0.906507134437561,180924
1994-07-08,3.666171073913574,3.6935300827026367,3.611452102661133,3.6388111114501953,0.8930774927139282,167218
1994-07-11,3.666171073913574,3.666171073913574,3.611452102661133,3.666171073913574,0.8997927904129028,137521
1994-07-12,3.666171073913574,3.748249053955078,3.6388111114501953,3.7208900451660156,0.9132224321365356,259965
1994-07-13,3.7208900451660156,3.7756080627441406,3.6935300827026367,3.7208900451660156,0.9132224321365356,168589
1994-07-14,3.7208900451660156,3.830327033996582,3.7208900451660156,3.830327033996582,0.9400817155838013,352254
1994-07-15,3.830327033996582,3.857686996459961,3.8029680252075195,3.8029680252075195,0.9333670735359192,144831
1994-07-18,3.857686996459961,3.9671249389648438,3.8029680252075195,3.9671249389648438,0.973656177520752,248543
1994-07-19,3.939764976501465,4.021843910217285,3.939764976501465,3.939764976501465,0.9669414758682251,228440
1994-07-20,3.9671249389648438,3.9671249389648438,3.939764976501465,3.939764976501465,0.9669414758682251,100057
1994-07-21,3.9124059677124023,3.939764976501465,3.8850460052490234,3.9124059677124023,0.9602267742156982,90005
1994-07-22,3.939764976501465,3.939764976501465,3.8850460052490234,3.939764976501465,0.9669414758682251,98229
1994-07-25,3.8850460052490234,3.9124059677124023,3.830327033996582,3.857686996459961,0.9617569446563721,73558
1994-07-26,3.857686996459961,3.9124059677124023,3.830327033996582,3.8850460052490234,0.9685784578323364,108281
1994-07-27,3.8850460052490234,3.9124059677124023,3.857686996459961,3.857686996459961,0.9617569446563721,107824
1994-07-28,3.8850460052490234,3.9944839477539062,3.8850460052490234,3.9944839477539062,0.9958620071411133,120159
1994-07-29,3.9944839477539062,4.049202919006348,3.9671249389648438,4.049202919006348,1.0095033645629883,117418
1994-08-01,3.9944839477539062,4.103921890258789,3.9944839477539062,4.103921890258789,1.023145318031311,187321
1994-08-02,4.076562881469727,4.103921890258789,4.076562881469727,4.076562881469727,1.0163246393203735,143917
1994-08-03,4.076562881469727,4.103921890258789,4.076562881469727,4.103921890258789,1.023145318031311,113763
1994-08-04,4.103921890258789,4.131281852722168,4.076562881469727,4.103921890258789,1.023145318031311,76299
1994-08-05,4.103921890258789,4.1586408615112305,4.076562881469727,4.1586408615112305,1.0367878675460815,139348
1994-08-08,4.1586408615112305,4.1586408615112305,4.049202919006348,4.076562881469727,1.0163246393203735,112849
1994-08-09,4.076562881469727,4.103921890258789,4.021843910217285,4.049202919006348,1.0095033645629883,87721
1994-08-10,4.049202919006348,4.049202919006348,3.9944839477539062,4.049202919006348,1.0095033645629883,92290
1994-08-11,4.021843910217285,4.021843910217285,3.9944839477539062,3.9944839477539062,0.9958620071411133,52998
1994-08-12,3.9944839477539062,3.9944839477539062,3.939764976501465,3.939764976501465,0.9822202324867249,303825
1994-08-15,3.9124059677124023,3.939764976501465,3.857686996459961,3.939764976501465,0.9822202324867249,275956
1994-08-16,3.939764976501465,3.939764976501465,3.857686996459961,3.9124059677124023,0.9753994941711426,143003
1994-08-17,3.9124059677124023,3.9124059677124023,3.857686996459961,3.8850460052490234,0.9685784578323364,73101
1994-08-18,3.857686996459961,3.9124059677124023,3.857686996459961,3.8850460052490234,0.9685784578323364,73558
1994-08-19,3.9124059677124023,3.9124059677124023,3.857686996459961,3.8850460052490234,0.9685784578323364,69903
1994-08-22,3.857686996459961,3.8850460052490234,3.857686996459961,3.857686996459961,0.9617569446563721,54369
1994-08-23,3.830327033996582,3.8850460052490234,3.8029680252075195,3.830327033996582,0.9549362659454346,158994
1994-08-24,3.7756080627441406,3.9124059677124023,3.748249053955078,3.9124059677124023,0.9753994941711426,138892
1994-08-25,3.9124059677124023,3.9671249389648438,3.8850460052490234,3.8850460052490234,0.9685784578323364,122901
1994-08-26,3.9124059677124023,3.939764976501465,3.8850460052490234,3.9124059677124023,0.9753994941711426,89548
1994-08-29,3.939764976501465,3.939764976501465,3.8850460052490234,3.8850460052490234,0.9685784578323364,88178
1994-08-30,3.9124059677124023,3.939764976501465,3.857686996459961,3.8850460052490234,0.9685784578323364,69903
1994-08-31,3.8850460052490234,3.939764976501465,3.8850460052490234,3.939764976501465,0.9822202324867249,67618
1994-09-01,3.9124059677124023,3.939764976501465,3.9124059677124023,3.939764976501465,0.9822202324867249,82238
1994-09-02,3.939764976501465,3.939764976501465,3.857686996459961,3.857686996459961,0.9617569446563721,56653
1994-09-06,3.857686996459961,3.857686996459961,3.830327033996582,3.857686996459961,0.9617569446563721,41576
1994-09-07,3.857686996459961,3.857686996459961,3.8029680252075195,3.830327033996582,0.9549362659454346,35180
1994-09-08,3.8029680252075195,3.830327033996582,3.7756080627441406,3.8029680252075195,0.9481151700019836,82695
1994-09-09,3.748249053955078,3.8029680252075195,3.7208900451660156,3.748249053955078,0.9344730973243713,163563
1994-09-12,3.7756080627441406,3.8029680252075195,3.748249053955078,3.7756080627441406,0.9412935972213745,50257
1994-09-13,3.7756080627441406,3.830327033996582,3.748249053955078,3.830327033996582,0.9549362659454346,54826
1994-09-14,3.8029680252075195,3.8029680252075195,3.7208900451660156,3.748249053955078,0.9344730973243713,75385
1994-09-15,3.748249053955078,3.748249053955078,3.7208900451660156,3.748249053955078,0.9344730973243713,117418
1994-09-16,3.748249053955078,3.748249053955078,3.666171073913574,3.6935300827026367,0.9208312630653381,235293
1994-09-19,3.666171073913574,3.8850460052490234,3.6388111114501953,3.666171073913574,0.9140104651451111,55739
1994-09-20,3.6388111114501953,3.6388111114501953,3.584091901779175,3.584091901779175,0.8935475945472717,120159
1994-09-21,3.584091901779175,3.6935300827026367,3.474653959274292,3.666171073913574,0.9140104651451111,196002
1994-09-22,3.666171073913574,3.6935300827026367,3.6388111114501953,3.666171073913574,0.9140104651451111,384693
1994-09-23,3.666171073913574,3.7208900451660156,3.666171073913574,3.666171073913574,0.9140104651451111,134323
1994-09-26,3.6935300827026367,3.748249053955078,3.666171073913574,3.748249053955078,0.9344730973243713,115134
1994-09-27,3.7345690727233887,3.7345690727233887,3.6935300827026367,3.7208900451660156,0.9276525378227234,67618
1994-09-28,3.7208900451660156,3.8029680252075195,3.7208900451660156,3.7208900451660156,0.9276525378227234,90462
1994-09-29,3.7208900451660156,3.748249053955078,3.7208900451660156,3.7208900451660156,0.9276525378227234,161736
1994-09-30,3.7208900451660156,3.7208900451660156,3.6935300827026367,3.6935300827026367,0.9208312630653381,126099
1994-10-03,3.7208900451660156,3.7208900451660156,3.6935300827026367,3.7208900451660156,0.9276525378227234,86350
1994-10-04,3.7208900451660156,3.748249053955078,3.6935300827026367,3.7208900451660156,0.9276525378227234,132038
1994-10-05,3.6935300827026367,3.8029680252075195,3.6935300827026367,3.7756080627441406,0.9412935972213745,149400
1994-10-06,3.7756080627441406,3.7756080627441406,3.748249053955078,3.748249053955078,0.9344730973243713,58481
1994-10-07,3.748249053955078,3.8029680252075195,3.7208900451660156,3.7756080627441406,0.9412935972213745,100970
1994-10-10,3.8029680252075195,3.8029680252075195,3.748249053955078,3.7756080627441406,0.9412935972213745,42947
1994-10-11,3.7756080627441406,3.857686996459961,3.7756080627441406,3.830327033996582,0.9549362659454346,65334
1994-10-12,3.7756080627441406,3.830327033996582,3.748249053955078,3.7756080627441406,0.9412935972213745,108281
1994-10-13,3.830327033996582,3.939764976501465,3.830327033996582,3.8850460052490234,0.9685784578323364,158080
1994-10-14,3.830327033996582,3.9124059677124023,3.8029680252075195,3.9124059677124023,0.9753994941711426,75385
1994-10-17,3.9124059677124023,3.9124059677124023,3.857686996459961,3.857686996459961,0.9617569446563721,90919
1994-10-18,3.830327033996582,3.857686996459961,3.7756080627441406,3.830327033996582,0.9549362659454346,135236
1994-10-19,3.830327033996582,3.9124059677124023,3.8029680252075195,3.9124059677124023,0.9753994941711426,70816
1994-10-20,3.8850460052490234,3.8850460052490234,3.830327033996582,3.8850460052490234,0.9685784578323364,105082
1994-10-21,3.857686996459961,3.8850460052490234,3.830327033996582,3.8850460052490234,0.9685784578323364,50714
1994-10-24,3.857686996459961,3.8850460052490234,3.857686996459961,3.857686996459961,0.9617569446563721,37921
1994-10-25,3.7756080627441406,3.857686996459961,3.7756080627441406,3.857686996459961,0.9772825241088867,77670
1994-10-26,3.857686996459961,3.857686996459961,3.8029680252075195,3.8029680252075195,0.9634205102920532,93204
1994-10-27,3.830327033996582,3.830327033996582,3.8029680252075195,3.830327033996582,0.9703516364097595,63963
1994-10-28,3.857686996459961,3.8850460052490234,3.830327033996582,3.857686996459961,0.9772825241088867,112849
1994-10-31,3.857686996459961,3.8850460052490234,3.830327033996582,3.857686996459961,0.9772825241088867,9239941
1994-11-01,3.830327033996582,3.8850460052490234,3.8029680252075195,3.857686996459961,0.9772825241088867,206053
1994-11-02,3.857686996459961,3.857686996459961,3.8029680252075195,3.8029680252075195,0.9634205102920532,53455
1994-11-03,3.8029680252075195,3.857686996459961,3.8029680252075195,3.857686996459961,0.9772825241088867,44774
1994-11-04,3.857686996459961,3.857686996459961,3.7756080627441406,3.7756080627441406,0.9564889073371887,127470
1994-11-07,3.7756080627441406,3.857686996459961,3.7756080627441406,3.857686996459961,0.9772825241088867,113306
1994-11-08,3.857686996459961,3.857686996459961,3.8029680252075195,3.830327033996582,0.9703516364097595,252655
1994-11-09,3.8850460052490234,3.8850460052490234,3.8029680252075195,3.8029680252075195,0.9634205102920532,234379
1994-11-10,3.7756080627441406,3.7756080627441406,3.7208900451660156,3.748249053955078,0.9495581984519958,54369
1994-11-11,3.7208900451660156,3.7208900451660156,3.6935300827026367,3.6935300827026367,0.9356961846351624,53912
1994-11-14,3.7208900451660156,3.748249053955078,3.6935300827026367,3.748249053955078,0.9495581984519958,187778
1994-11-15,3.666171073913574,3.8029680252075195,3.666171073913574,3.8029680252075195,0.9634205102920532,83152
1994-11-16,3.830327033996582,3.8850460052490234,3.830327033996582,3.857686996459961,0.9772825241088867,153055
1994-11-17,3.857686996459961,3.857686996459961,3.830327033996582,3.830327033996582,0.9703516364097595,72644
1994-11-18,3.830327033996582,3.857686996459961,3.830327033996582,3.857686996459961,0.9772825241088867,345858
1994-11-21,3.857686996459961,3.857686996459961,3.830327033996582,3.857686996459961,0.9772825241088867,79040
1994-11-22,3.830327033996582,3.830327033996582,3.7756080627441406,3.8029680252075195,0.9634205102920532,90462
1994-11-23,3.830327033996582,3.830327033996582,3.7756080627441406,3.830327033996582,0.9703516364097595,174071
1994-11-25,3.8029680252075195,3.830327033996582,3.8029680252075195,3.830327033996582,0.9703516364097595,29240
1994-11-28,3.8029680252075195,3.830327033996582,3.8029680252075195,3.8029680252075195,0.9634205102920532,275956
1994-11-29,3.8029680252075195,3.830327033996582,3.8029680252075195,3.8029680252075195,0.9634205102920532,111936
1994-11-30,3.830327033996582,3.830327033996582,3.7756080627441406,3.7756080627441406,0.9564889073371887,320273
1994-12-01,3.7756080627441406,3.7756080627441406,3.7208900451660156,3.748249053955078,0.9495581984519958,165847
1994-12-02,3.7208900451660156,3.748249053955078,3.6935300827026367,3.748249053955078,0.9495581984519958,135693
1994-12-05,3.7756080627441406,3.830327033996582,3.748249053955078,3.8029680252075195,0.9634205102920532,106453
1994-12-06,3.7756080627441406,3.8029680252075195,3.7756080627441406,3.8029680252075195,0.9634205102920532,82695
1994-12-07,3.7756080627441406,3.8850460052490234,3.7756080627441406,3.857686996459961,0.9772825241088867,230268
1994-12-08,3.830327033996582,3.830327033996582,3.7208900451660156,3.748249053955078,0.9495581984519958,225699
1994-12-09,3.7756080627441406,3.7756080627441406,3.7208900451660156,3.7756080627441406,0.9564889073371887,197829
1994-12-12,3.748249053955078,3.8029680252075195,3.748249053955078,3.8029680252075195,0.9634205102920532,168132
1994-12-13,3.748249053955078,3.8029680252075195,3.748249053955078,3.8029680252075195,0.9634205102920532,89548
1994-12-14,3.830327033996582,3.8713669776916504,3.8029680252075195,3.857686996459961,0.9772825241088867,122444
1994-12-15,3.830327033996582,3.8850460052490234,3.830327033996582,3.8850460052490234,0.9842142462730408,98686
1994-12-16,3.939764976501465,3.939764976501465,3.857686996459961,3.857686996459961,0.9772825241088867,344488
1994-12-19,3.857686996459961,3.9124059677124023,3.857686996459961,3.9124059677124023,0.9911453127861023,87721
1994-12-20,3.9124059677124023,3.9124059677124023,3.857686996459961,3.9124059677124023,0.9911453127861023,296515
1994-12-21,3.9124059677124023,3.939764976501465,3.8850460052490234,3.8850460052490234,0.9842142462730408,48886
1994-12-22,3.9124059677124023,3.9124059677124023,3.8850460052490234,3.9124059677124023,0.9911453127861023,106453
1994-12-23,3.8850460052490234,3.939764976501465,3.8850460052490234,3.8850460052490234,0.9842142462730408,38378
1994-12-27,3.9124059677124023,3.939764976501465,3.8850460052490234,3.9124059677124023,0.9911453127861023,21473
1994-12-28,3.8850460052490234,3.9124059677124023,3.8850460052490234,3.8850460052490234,0.9842142462730408,111022
1994-12-29,3.8850460052490234,3.9671249389648438,3.857686996459961,3.939764976501465,0.9980761408805847,207424
1994-12-30,3.9124059677124023,3.939764976501465,3.9124059677124023,3.939764976501465,0.9980761408805847,84066
1995-01-03,3.9124059677124023,3.939764976501465,3.8850460052490234,3.939764976501465,0.9980761408805847,94117
1995-01-04,3.9124059677124023,3.9671249389648438,3.9124059677124023,3.9671249389648438,1.005007028579712,52998
1995-01-05,3.939764976501465,4.021843910217285,3.939764976501465,4.021843910217285,1.0188692808151245,111936
1995-01-06,3.9944839477539062,4.021843910217285,3.939764976501465,3.939764976501465,0.9980761408805847,83609
1995-01-09,3.9124059677124023,3.939764976501465,3.9124059677124023,3.9124059677124023,0.9911453127861023,79497
1995-01-10,3.9124059677124023,3.939764976501465,3.9124059677124023,3.9124059677124023,0.9911453127861023,148029
1995-01-11,3.9124059677124023,3.939764976501465,3.857686996459961,3.8850460052490234,0.9842142462730408,82238
1995-01-12,3.9124059677124023,3.9124059677124023,3.857686996459961,3.8850460052490234,0.9842142462730408,93660
1995-01-13,3.8850460052490234,3.8850460052490234,3.830327033996582,3.857686996459961,0.9772825241088867,110565
1995-01-16,3.857686996459961,3.857686996459961,3.8029680252075195,3.830327033996582,0.9703516364097595,138892
1995-01-17,3.8029680252075195,3.830327033996582,3.7756080627441406,3.830327033996582,0.9703516364097595,189605
1995-01-18,3.7756080627441406,3.8029680252075195,3.7756080627441406,3.7756080627441406,0.9564889073371887,288748
1995-01-19,3.7756080627441406,3.8029680252075195,3.748249053955078,3.8029680252075195,0.9634205102920532,35637
1995-01-20,3.7756080627441406,3.857686996459961,3.7756080627441406,3.857686996459961,0.9772825241088867,131125
1995-01-23,3.857686996459961,3.9124059677124023,3.830327033996582,3.857686996459961,0.9772825241088867,188691
1995-01-24,3.857686996459961,3.9124059677124023,3.857686996459961,3.8850460052490234,0.9842142462730408,92747
1995-01-25,3.830327033996582,3.9124059677124023,3.830327033996582,3.8850460052490234,0.9999880790710449,124271
1995-01-26,3.8850460052490234,3.8850460052490234,3.857686996459961,3.8850460052490234,0.9999880790710449,185950
1995-01-27,3.8850460052490234,3.8850460052490234,3.857686996459961,3.857686996459961,0.9929459691047668,152598
1995-01-30,3.857686996459961,3.8850460052490234,3.857686996459961,3.857686996459961,0.9929459691047668,50714
1995-01-31,3.857686996459961,3.8850460052490234,3.830327033996582,3.830327033996582,0.9859035611152649,125642
1995-02-01,3.8029680252075195,3.857686996459961,3.8029680252075195,3.8029680252075195,0.9788618087768555,100970
1995-02-02,3.8029680252075195,3.830327033996582,3.7756080627441406,3.830327033996582,0.9859035611152649,96859
1995-02-03,3.830327033996582,3.857686996459961,3.8029680252075195,3.857686996459961,0.9929459691047668,52541
1995-02-06,3.857686996459961,3.857686996459961,3.830327033996582,3.830327033996582,0.9859035611152649,70360
1995-02-07,3.857686996459961,3.857686996459961,3.8029680252075195,3.830327033996582,0.9859035611152649,82238
1995-02-08,3.830327033996582,3.9124059677124023,3.8029680252075195,3.8029680252075195,0.9788618087768555,177726
1995-02-09,3.830327033996582,3.830327033996582,3.7756080627441406,3.830327033996582,0.9859035611152649,97315
1995-02-10,3.8029680252075195,3.830327033996582,3.7756080627441406,3.7756080627441406,0.9718192219734192,53455
1995-02-13,3.830327033996582,3.830327033996582,3.748249053955078,3.748249053955078,0.9647772908210754,333066
1995-02-14,3.8029680252075195,3.8029680252075195,3.748249053955078,3.8029680252075195,0.9788618087768555,64877
1995-02-15,3.8029680252075195,3.8850460052490234,3.7756080627441406,3.8850460052490234,0.9999880790710449,296058
1995-02-16,3.9124059677124023,3.9124059677124023,3.830327033996582,3.8850460052490234,0.9999880790710449,53912
1995-02-17,3.857686996459961,3.8850460052490234,3.830327033996582,3.830327033996582,0.9859035611152649,85437
1995-02-21,3.857686996459961,3.8850460052490234,3.830327033996582,3.857686996459961,0.9929459691047668,73101
1995-02-22,3.830327033996582,3.9124059677124023,3.830327033996582,3.9124059677124023,1.0070303678512573,74015
1995-02-23,3.9124059677124023,3.9124059677124023,3.830327033996582,3.8850460052490234,0.9999880790710449,50257
1995-02-24,3.8850460052490234,3.8850460052490234,3.857686996459961,3.857686996459961,0.9929459691047668,45688
1995-02-27,3.830327033996582,3.857686996459961,3.8029680252075195,3.830327033996582,0.9859035611152649,48886
1995-02-28,3.830327033996582,3.830327033996582,3.7756080627441406,3.7756080627441406,0.9718192219734192,102341
1995-03-01,3.8029680252075195,3.857686996459961,3.7756080627441406,3.857686996459961,0.9929459691047668,60765
1995-03-02,3.857686996459961,3.857686996459961,3.8029680252075195,3.8029680252075195,0.9788618087768555,21473
1995-03-03,3.8029680252075195,3.939764976501465,3.8029680252075195,3.939764976501465,1.0140726566314697,223414
1995-03-06,3.9124059677124023,3.9124059677124023,3.8850460052490234,3.9124059677124023,1.0070303678512573,32895
1995-03-07,3.8850460052490234,3.8850460052490234,3.8029680252075195,3.8029680252075195,0.9788618087768555,83152
1995-03-08,3.830327033996582,3.8850460052490234,3.8029680252075195,3.857686996459961,0.9929459691047668,72644
1995-03-09,3.830327033996582,3.9124059677124023,3.830327033996582,3.8850460052490234,0.9999880790710449,84980
1995-03-10,3.9124059677124023,3.939764976501465,3.9124059677124023,3.9124059677124023,1.0070303678512573,147572
1995-03-13,3.939764976501465,3.9671249389648438,3.9124059677124023,3.939764976501465,1.0140726566314697,95031
1995-03-14,3.9671249389648438,3.9671249389648438,3.9124059677124023,3.939764976501465,1.0140726566314697,85893
1995-03-15,3.9124059677124023,3.939764976501465,3.857686996459961,3.857686996459961,0.9929459691047668,68075
1995-03-16,3.857686996459961,3.9124059677124023,3.857686996459961,3.8850460052490234,0.9999880790710449,58481
1995-03-17,3.9124059677124023,3.939764976501465,3.8850460052490234,3.9124059677124023,1.0070303678512573,270016
1995-03-20,3.939764976501465,3.939764976501465,3.830327033996582,3.8850460052490234,0.9999880790710449,112849
1995-03-21,3.857686996459961,3.939764976501465,3.857686996459961,3.8850460052490234,0.9999880790710449,58938
1995-03-22,3.9124059677124023,3.9124059677124023,3.830327033996582,3.8850460052490234,0.9999880790710449,68532
1995-03-23,3.8850460052490234,3.939764976501465,3.8850460052490234,3.939764976501465,1.0140726566314697,153969
1995-03-24,4.021843910217285,4.076562881469727,3.9944839477539062,4.049202919006348,1.0422409772872925,360935
1995-03-27,3.9944839477539062,4.103921890258789,3.9944839477539062,4.049202919006348,1.0422409772872925,231638
1995-03-28,4.076562881469727,4.131281852722168,4.049202919006348,4.131281852722168,1.0633680820465088,267275
1995-03-29,4.103921890258789,4.131281852722168,4.103921890258789,4.131281852722168,1.0633680820465088,267275
1995-03-30,4.131281852722168,4.186000823974609,4.103921890258789,4.1586408615112305,1.0704096555709839,163563
1995-03-31,4.1586408615112305,4.186000823974609,4.103921890258789,4.131281852722168,1.0633680820465088,153969
1995-04-03,4.103921890258789,4.186000823974609,4.103921890258789,4.1586408615112305,1.0704096555709839,381038
1995-04-04,4.131281852722168,4.240719795227051,4.131281852722168,4.240719795227051,1.0915367603302002,460992
1995-04-05,4.186000823974609,4.213359832763672,4.1586408615112305,4.186000823974609,1.077452301979065,245801
1995-04-06,4.186000823974609,4.240719795227051,4.1586408615112305,4.240719795227051,1.0915367603302002,427183
1995-04-07,4.240719795227051,4.240719795227051,4.131281852722168,4.186000823974609,1.077452301979065,179097
1995-04-10,4.1586408615112305,4.213359832763672,4.1586408615112305,4.213359832763672,1.0844939947128296,404339
1995-04-11,4.186000823974609,4.186000823974609,4.1586408615112305,4.186000823974609,1.077452301979065,424898
1995-04-12,4.186000823974609,4.213359832763672,4.1586408615112305,4.1586408615112305,1.0704096555709839,245801
1995-04-13,4.186000823974609,4.213359832763672,4.1586408615112305,4.213359832763672,1.0844939947128296,230268
1995-04-17,4.213359832763672,4.213359832763672,4.049202919006348,4.049202919006348,1.0422409772872925,662476
1995-04-18,4.076562881469727,4.1586408615112305,4.076562881469727,4.1586408615112305,1.0704096555709839,106453
1995-04-19,4.131281852722168,4.1586408615112305,4.021843910217285,4.076562881469727,1.0492833852767944,164934
1995-04-20,4.103921890258789,4.213359832763672,4.076562881469727,4.186000823974609,1.077452301979065,135693
1995-04-21,4.213359832763672,4.213359832763672,4.131281852722168,4.186000823974609,1.077452301979065,164477
1995-04-24,4.1586408615112305,4.213359832763672,4.1586408615112305,4.213359832763672,1.100607991218567,111022
1995-04-25,4.186000823974609,4.240719795227051,4.1586408615112305,4.240719795227051,1.1077543497085571,286464
1995-04-26,4.240719795227051,4.240719795227051,4.186000823974609,4.213359832763672,1.100607991218567,87721
1995-04-27,4.186000823974609,4.213359832763672,4.1586408615112305,4.1586408615112305,1.0863138437271118,70360
1995-04-28,4.1586408615112305,4.213359832763672,4.131281852722168,4.186000823974609,1.093461513519287,59851
1995-05-01,4.186000823974609,4.213359832763672,4.1586408615112305,4.186000823974609,1.093461513519287,113763
1995-05-02,4.1586408615112305,4.213359832763672,4.103921890258789,4.213359832763672,1.100607991218567,210622
1995-05-03,4.213359832763672,4.240719795227051,4.186000823974609,4.240719795227051,1.1077543497085571,131581
1995-05-04,4.240719795227051,4.295438766479492,4.240719795227051,4.268078804016113,1.1149015426635742,216561
1995-05-05,4.295438766479492,4.295438766479492,4.213359832763672,4.213359832763672,1.100607991218567,134323
1995-05-08,4.103921890258789,4.268078804016113,4.103921890258789,4.268078804016113,1.1149015426635742,157624
1995-05-09,4.240719795227051,4.268078804016113,4.213359832763672,4.240719795227051,1.1077543497085571,109651
1995-05-10,4.268078804016113,4.268078804016113,4.186000823974609,4.240719795227051,1.1077543497085571,61679
1995-05-11,4.240719795227051,4.240719795227051,4.213359832763672,4.213359832763672,1.100607991218567,126556
1995-05-12,4.213359832763672,4.213359832763672,4.131281852722168,4.213359832763672,1.100607991218567,131581
1995-05-15,4.186000823974609,4.268078804016113,4.186000823974609,4.240719795227051,1.1077543497085571,201027
1995-05-16,4.240719795227051,4.268078804016113,4.1586408615112305,4.186000823974609,1.093461513519287,291489
1995-05-17,4.131281852722168,4.1586408615112305,4.103921890258789,4.1586408615112305,1.0863138437271118,122901
1995-05-18,4.131281852722168,4.131281852722168,4.076562881469727,4.103921890258789,1.0720205307006836,116048
1995-05-19,4.103921890258789,4.1586408615112305,4.103921890258789,4.1586408615112305,1.0863138437271118,225242
1995-05-22,4.131281852722168,4.1586408615112305,4.049202919006348,4.049202919006348,1.0577270984649658,106453
1995-05-23,4.103921890258789,4.131281852722168,4.049202919006348,4.131281852722168,1.0791677236557007,116048
1995-05-24,4.131281852722168,4.131281852722168,4.103921890258789,4.131281852722168,1.0791677236557007,101884
1995-05-25,4.131281852722168,4.1586408615112305,4.103921890258789,4.1586408615112305,1.0863138437271118,148486
1995-05-26,4.131281852722168,4.131281852722168,4.076562881469727,4.103921890258789,1.0720205307006836,84523
1995-05-30,4.103921890258789,4.103921890258789,4.049202919006348,4.049202919006348,1.0577270984649658,187321
1995-05-31,4.049202919006348,4.1586408615112305,4.049202919006348,4.1586408615112305,1.0863138437271118,112849
1995-06-01,4.1586408615112305,4.1586408615112305,4.103921890258789,4.1586408615112305,1.0863138437271118,199200
1995-06-02,4.131281852722168,4.186000823974609,4.131281852722168,4.186000823974609,1.093461513519287,222957
1995-06-05,4.268078804016113,4.404877185821533,4.076562881469727,4.404877185821533,1.1506351232528687,729180
1995-06-06,4.404877185821533,4.569033145904541,4.404877185821533,4.5143141746521,1.1792224645614624,370987
1995-06-07,4.5143141746521,4.5143141746521,4.404877185821533,4.432236194610596,1.1577820777893066,243517
1995-06-08,4.432236194610596,4.459596157073975,4.432236194610596,4.459596157073975,1.1649290323257446,87721
1995-06-09,4.459596157073975,4.486955165863037,4.404877185821533,4.486955165863037,1.1720757484436035,238948
1995-06-12,4.459596157073975,4.486955165863037,4.459596157073975,4.459596157073975,1.1649290323257446,177726
1995-06-13,4.459596157073975,4.459596157073975,4.377517223358154,4.459596157073975,1.1649290323257446,128840
1995-06-14,4.459596157073975,4.459596157073975,4.404877185821533,4.459596157073975,1.1649290323257446,85437
1995-06-15,4.459596157073975,4.5143141746521,4.432236194610596,4.486955165863037,1.1720757484436035,170416
1995-06-16,4.59639310836792,4.59639310836792,4.5143141746521,4.5143141746521,1.1792224645614624,329867
1995-06-19,4.459596157073975,4.569033145904541,4.459596157073975,4.5143141746521,1.1792224645614624,178183
1995-06-20,4.486955165863037,4.5143141746521,4.459596157073975,4.5143141746521,1.1792224645614624,131581
1995-06-21,4.5143141746521,4.5143141746521,4.459596157073975,4.486955165863037,1.1720757484436035,115591
1995-06-22,4.459596157073975,4.5143141746521,4.459596157073975,4.5143141746521,1.1792224645614624,263620
1995-06-23,4.5143141746521,4.623752117156982,4.459596157073975,4.5143141746521,1.1792224645614624,388348
1995-06-26,4.5143141746521,4.5143141746521,4.459596157073975,4.459596157073975,1.1649290323257446,114677
1995-06-27,4.486955165863037,4.5143141746521,4.459596157073975,4.486955165863037,1.1720757484436035,112392
1995-06-28,4.486955165863037,4.5416741371154785,4.432236194610596,4.5143141746521,1.1792224645614624,169502
1995-06-29,4.5143141746521,4.5143141746521,4.459596157073975,4.5143141746521,1.1792224645614624,118332
1995-06-30,4.5416741371154785,4.705831050872803,4.5416741371154785,4.678471088409424,1.2221028804779053,249000
1995-07-03,4.569033145904541,4.569033145904541,4.5416741371154785,4.569033145904541,1.1935158967971802,168132
1995-07-05,4.5416741371154785,4.623752117156982,4.5143141746521,4.59639310836792,1.200663447380066,312506
1995-07-06,4.59639310836792,4.651112079620361,4.59639310836792,4.651112079620361,1.2149566411972046,238948
1995-07-07,4.623752117156982,4.651112079620361,4.59639310836792,4.59639310836792,1.200663447380066,190519
1995-07-10,4.651112079620361,4.678471088409424,4.59639310836792,4.678471088409424,1.2221028804779053,202398
1995-07-11,4.651112079620361,4.760550022125244,4.651112079620361,4.733190059661865,1.2363964319229126,561049
1995-07-12,4.733190059661865,4.842628002166748,4.733190059661865,4.842628002166748,1.264983892440796,361392
1995-07-13,4.8152689933776855,4.842628002166748,4.733190059661865,4.842628002166748,1.264983892440796,361849
1995-07-14,4.842628002166748,4.869987964630127,4.787909030914307,4.869987964630127,1.2721316814422607,333066
1995-07-17,4.869987964630127,4.924706935882568,4.842628002166748,4.924706935882568,1.2864242792129517,166304
1995-07-18,4.8973469734191895,4.924706935882568,4.8152689933776855,4.924706935882568,1.2864242792129517,305196
1995-07-19,4.869987964630127,4.924706935882568,4.8152689933776855,4.842628002166748,1.264983892440796,295601
1995-07-20,4.842628002166748,4.8973469734191895,4.787909030914307,4.869987964630127,1.2721316814422607,297429
1995-07-21,4.869987964630127,4.924706935882568,4.869987964630127,4.924706935882568,1.2864242792129517,130668
1995-07-24,4.952065944671631,5.006784915924072,4.952065944671631,4.952065944671631,1.2935713529586792,180924
1995-07-25,5.006784915924072,5.034144878387451,4.952065944671631,5.006784915924072,1.3078649044036865,131125
1995-07-26,5.006784915924072,5.034144878387451,4.97942590713501,5.006784915924072,1.3078649044036865,142090
1995-07-27,4.924706935882568,5.006784915924072,4.924706935882568,5.006784915924072,1.3240723609924316,122901
1995-07-28,4.97942590713501,5.116222858428955,4.952065944671631,5.116222858428955,1.3530139923095703,164020
1995-07-31,5.088863849639893,5.088863849639893,5.034144878387451,5.088863849639893,1.345779299736023,214277
1995-08-01,5.061503887176514,5.143582820892334,5.061503887176514,5.116222858428955,1.3530139923095703,252198
1995-08-02,5.116222858428955,5.198301792144775,5.116222858428955,5.198301792144775,1.3747198581695557,253112
1995-08-03,5.143582820892334,5.225660800933838,5.143582820892334,5.225660800933838,1.381954550743103,244431
1995-08-04,5.225660800933838,5.225660800933838,5.143582820892334,5.143582820892334,1.3602498769760132,183666
1995-08-07,5.143582820892334,5.1709418296813965,4.952065944671631,4.952065944671631,1.3096020221710205,406166
1995-08-08,4.952065944671631,5.006784915924072,4.924706935882568,4.924706935882568,1.3023658990859985,166304
1995-08-09,4.924706935882568,4.97942590713501,4.924706935882568,4.952065944671631,1.3096020221710205,77670
1995-08-10,4.97942590713501,4.97942590713501,4.8973469734191895,4.97942590713501,1.3168364763259888,191433
1995-08-11,4.97942590713501,4.97942590713501,4.8973469734191895,4.924706935882568,1.3023658990859985,154882
1995-08-14,4.924706935882568,4.924706935882568,4.869987964630127,4.869987964630127,1.2878957986831665,265904
1995-08-15,4.869987964630127,4.97942590713501,4.869987964630127,4.952065944671631,1.3096020221710205,240319
1995-08-16,4.952065944671631,4.952065944671631,4.8973469734191895,4.8973469734191895,1.2951303720474243,105996
1995-08-17,4.8973469734191895,4.924706935882568,4.842628002166748,4.842628002166748,1.2806602716445923,83609
1995-08-18,4.869987964630127,4.8973469734191895,4.842628002166748,4.8973469734191895,1.2951303720474243,224785
1995-08-21,4.869987964630127,4.952065944671631,4.869987964630127,4.924706935882568,1.3023658990859985,110565
1995-08-22,4.869987964630127,4.924706935882568,4.842628002166748,4.869987964630127,1.2878957986831665,181381
1995-08-23,4.869987964630127,4.8973469734191895,4.842628002166748,4.869987964630127,1.2878957986831665,48429
1995-08-24,4.8973469734191895,4.8973469734191895,4.787909030914307,4.869987964630127,1.2878957986831665,131581
1995-08-25,4.869987964630127,4.8973469734191895,4.8152689933776855,4.869987964630127,1.2878957986831665,76756
1995-08-28,4.842628002166748,4.869987964630127,4.842628002166748,4.842628002166748,1.2806602716445923,106910
1995-08-29,4.842628002166748,4.842628002166748,4.787909030914307,4.8152689933776855,1.2734252214431763,75842
1995-08-30,4.8152689933776855,4.8152689933776855,4.787909030914307,4.8152689933776855,1.2734252214431763,30611
1995-08-31,4.8152689933776855,4.8152689933776855,4.760550022125244,4.787909030914307,1.2661889791488647,137064
1995-09-01,4.8152689933776855,4.869987964630127,4.8152689933776855,4.842628002166748,1.2806602716445923,69903
1995-09-05,4.869987964630127,4.97942590713501,4.842628002166748,4.97942590713501,1.3168364763259888,201484
1995-09-06,4.924706935882568,4.952065944671631,4.869987964630127,4.924706935882568,1.3023658990859985,84523
1995-09-07,4.952065944671631,4.952065944671631,4.869987964630127,4.924706935882568,1.3023658990859985,171330
1995-09-08,4.924706935882568,4.924706935882568,4.869987964630127,4.869987964630127,1.2878957986831665,51627
1995-09-11,4.869987964630127,4.924706935882568,4.869987964630127,4.8973469734191895,1.2951303720474243,276412
1995-09-12,4.924706935882568,4.924706935882568,4.869987964630127,4.8973469734191895,1.2951303720474243,47972
1995-09-13,4.8973469734191895,4.97942590713501,4.869987964630127,4.952065944671631,1.3096020221710205,341746
1995-09-14,4.952065944671631,5.034144878387451,4.952065944671631,5.006784915924072,1.3240723609924316,115591
1995-09-15,4.952065944671631,5.116222858428955,4.8973469734191895,5.116222858428955,1.3530139923095703,530438
1995-09-18,5.061503887176514,5.061503887176514,5.006784915924072,5.034144878387451,1.3313074111938477,195088
1995-09-19,5.006784915924072,5.061503887176514,5.006784915924072,5.061503887176514,1.3385428190231323,103712
1995-09-20,5.034144878387451,5.061503887176514,4.97942590713501,5.061503887176514,1.3385428190231323,461906
1995-09-21,5.034144878387451,5.088863849639893,5.034144878387451,5.061503887176514,1.3385428190231323,144374
1995-09-22,5.034144878387451,5.061503887176514,5.006784915924072,5.061503887176514,1.3385428190231323,147115
1995-09-25,5.061503887176514,5.061503887176514,5.034144878387451,5.034144878387451,1.3313074111938477,68532
1995-09-26,5.034144878387451,5.061503887176514,5.006784915924072,5.006784915924072,1.3240723609924316,63049
1995-09-27,4.97942590713501,5.088863849639893,4.97942590713501,5.088863849639893,1.345779299736023,255853
1995-09-28,5.088863849639893,5.143582820892334,5.061503887176514,5.116222858428955,1.3530139923095703,94574
1995-09-29,5.143582820892334,5.143582820892334,5.061503887176514,5.088863849639893,1.345779299736023,72187
1995-10-02,5.116222858428955,5.116222858428955,5.061503887176514,5.116222858428955,1.3530139923095703,63963
1995-10-03,5.143582820892334,5.143582820892334,5.061503887176514,5.116222858428955,1.3530139923095703,126556
1995-10-04,5.116222858428955,5.225660800933838,5.116222858428955,5.198301792144775,1.3747198581695557,152598
1995-10-05,5.198301792144775,5.225660800933838,5.1709418296813965,5.1709418296813965,1.36748468875885,124728
1995-10-06,5.1709418296813965,5.1709418296813965,5.061503887176514,5.061503887176514,1.3385428190231323,96402
1995-10-09,5.088863849639893,5.088863849639893,5.061503887176514,5.061503887176514,1.3385428190231323,90005
1995-10-10,5.034144878387451,5.1709418296813965,5.034144878387451,5.1709418296813965,1.36748468875885,140262
1995-10-11,5.198301792144775,5.225660800933838,5.143582820892334,5.225660800933838,1.381954550743103,92290
1995-10-12,5.225660800933838,5.225660800933838,5.143582820892334,5.1709418296813965,1.36748468875885,140262
1995-10-13,5.198301792144775,5.225660800933838,5.116222858428955,5.198301792144775,1.3747198581695557,174071
1995-10-16,5.2530198097229,5.2530198097229,5.198301792144775,5.198301792144775,1.3747198581695557,196915
1995-10-17,5.198301792144775,5.225660800933838,5.198301792144775,5.225660800933838,1.381954550743103,99143
1995-10-18,5.225660800933838,5.362458229064941,5.225660800933838,5.362458229064941,1.4181309938430786,213363
1995-10-19,5.362458229064941,5.362458229064941,5.280379772186279,5.335099220275879,1.4108966588974,108281
1995-10-20,5.335099220275879,5.362458229064941,5.335099220275879,5.335099220275879,1.4108966588974,171787
1995-10-23,5.307738780975342,5.362458229064941,5.2530198097229,5.362458229064941,1.4181309938430786,143003
1995-10-24,5.307738780975342,5.335099220275879,5.280379772186279,5.335099220275879,1.4108966588974,120616
1995-10-25,5.335099220275879,5.335099220275879,5.198301792144775,5.2530198097229,1.38918936252594,190976
1995-10-26,5.225660800933838,5.280379772186279,5.198301792144775,5.280379772186279,1.3964258432388306,180011
1995-10-27,5.198301792144775,5.2530198097229,5.143582820892334,5.2530198097229,1.4060922861099243,159908
1995-10-30,5.307738780975342,5.335099220275879,5.280379772186279,5.307738780975342,1.4207390546798706,203768
1995-10-31,5.335099220275879,5.417177200317383,5.335099220275879,5.335099220275879,1.428062915802002,191433
1995-11-01,5.335099220275879,5.38981819152832,5.335099220275879,5.335099220275879,1.428062915802002,74928
1995-11-02,5.362458229064941,5.362458229064941,5.307738780975342,5.335099220275879,1.428062915802002,185036
1995-11-03,5.307738780975342,5.362458229064941,5.280379772186279,5.362458229064941,1.435386061668396,141176
1995-11-06,5.335099220275879,5.362458229064941,5.307738780975342,5.307738780975342,1.4207390546798706,111479
1995-11-07,5.335099220275879,5.417177200317383,5.307738780975342,5.38981819152832,1.44270920753479,373728
1995-11-08,5.38981819152832,5.430857181549072,5.362458229064941,5.38981819152832,1.44270920753479,136607
1995-11-09,5.417177200317383,5.417177200317383,5.362458229064941,5.362458229064941,1.435386061668396,215190
1995-11-10,5.335099220275879,5.362458229064941,5.335099220275879,5.335099220275879,1.428062915802002,53455
1995-11-13,5.335099220275879,5.362458229064941,5.280379772186279,5.280379772186279,1.4134161472320557,209251
1995-11-14,5.307738780975342,5.307738780975342,5.225660800933838,5.280379772186279,1.4134161472320557,108737
1995-11-15,5.2530198097229,5.307738780975342,5.2530198097229,5.307738780975342,1.4207390546798706,104626
1995-11-16,5.307738780975342,5.335099220275879,5.034144878387451,5.116222858428955,1.3694756031036377,561506
1995-11-17,5.116222858428955,5.2530198097229,5.088863849639893,5.2530198097229,1.4060922861099243,231638
1995-11-20,5.280379772186279,5.280379772186279,5.1709418296813965,5.2530198097229,1.4060922861099243,293774
1995-11-21,5.2530198097229,5.2530198097229,5.1709418296813965,5.225660800933838,1.3987685441970825,175899
1995-11-22,5.225660800933838,5.2530198097229,5.198301792144775,5.2530198097229,1.4060922861099243,130668
1995-11-24,5.225660800933838,5.225660800933838,5.198301792144775,5.225660800933838,1.3987685441970825,6853
1995-11-27,5.2530198097229,5.2530198097229,5.143582820892334,5.198301792144775,1.3914456367492676,84980
1995-11-28,5.198301792144775,5.198301792144775,5.143582820892334,5.198301792144775,1.3914456367492676,51627
1995-11-29,5.1709418296813965,5.198301792144775,5.143582820892334,5.198301792144775,1.3914456367492676,118789
1995-11-30,5.1709418296813965,5.1709418296813965,5.143582820892334,5.143582820892334,1.3767998218536377,85437
1995-12-01,5.143582820892334,5.1709418296813965,5.116222858428955,5.143582820892334,1.3767998218536377,46145
1995-12-04,5.116222858428955,5.1709418296813965,5.116222858428955,5.116222858428955,1.3694756031036377,113306
1995-12-05,5.116222858428955,5.116222858428955,5.088863849639893,5.088863849639893,1.3621529340744019,126556
1995-12-06,5.088863849639893,5.088863849639893,5.006784915924072,5.061503887176514,1.3548295497894287,91376
1995-12-07,5.006784915924072,5.006784915924072,4.842628002166748,5.006784915924072,1.3401820659637451,459621
1995-12-08,4.97942590713501,5.006784915924072,4.924706935882568,4.97942590713501,1.3328584432601929,143460
1995-12-11,4.97942590713501,5.034144878387451,4.924706935882568,5.006784915924072,1.3401820659637451,218846
1995-12-12,5.034144878387451,5.034144878387451,5.006784915924072,5.006784915924072,1.3401820659637451,73558
1995-12-13,5.034144878387451,5.088863849639893,5.006784915924072,5.088863849639893,1.3621529340744019,64877
1995-12-14,5.088863849639893,5.1709418296813965,5.088863849639893,5.116222858428955,1.3694756031036377,291033
1995-12-15,5.1709418296813965,5.198301792144775,5.143582820892334,5.1709418296813965,1.3841229677200317,417588
1995-12-18,5.143582820892334,5.198301792144775,5.143582820892334,5.198301792144775,1.3914456367492676,319816
1995-12-19,5.198301792144775,5.225660800933838,5.116222858428955,5.143582820892334,1.3767998218536377,340376
1995-12-20,5.1709418296813965,5.1709418296813965,5.116222858428955,5.143582820892334,1.3767998218536377,319359
1995-12-21,5.143582820892334,5.225660800933838,5.143582820892334,5.1709418296813965,1.3841229677200317,114677
1995-12-22,5.198301792144775,5.198301792144775,5.116222858428955,5.143582820892334,1.3767998218536377,107367
1995-12-26,5.1709418296813965,5.1709418296813965,5.061503887176514,5.116222858428955,1.3694756031036377,223871
1995-12-27,5.143582820892334,5.1709418296813965,5.088863849639893,5.116222858428955,1.3694756031036377,239862
1995-12-28,5.116222858428955,5.198301792144775,5.116222858428955,5.143582820892334,1.3767998218536377,147115
1995-12-29,5.1709418296813965,5.1709418296813965,4.97942590713501,5.006784915924072,1.3401820659637451,377840
1996-01-02,4.97942590713501,5.143582820892334,4.97942590713501,5.116222858428955,1.3694756031036377,149857
1996-01-03,5.116222858428955,5.116222858428955,5.034144878387451,5.034144878387451,1.3475059270858765,71273
1996-01-04,5.061503887176514,5.061503887176514,4.8973469734191895,4.952065944671631,1.3255354166030884,376469
1996-01-05,4.952065944671631,4.952065944671631,4.842628002166748,4.869987964630127,1.3035660982131958,298343
1996-01-08,4.869987964630127,4.924706935882568,4.869987964630127,4.8973469734191895,1.3108881711959839,200570
1996-01-09,4.8973469734191895,4.8973469734191895,4.8152689933776855,4.8152689933776855,1.2889189720153809,123358
1996-01-10,4.8152689933776855,4.8152689933776855,4.569033145904541,4.651112079620361,1.2449778318405151,752481
1996-01-11,4.678471088409424,4.678471088409424,4.5416741371154785,4.651112079620361,1.2449778318405151,247629
1996-01-12,4.678471088409424,4.678471088409424,4.623752117156982,4.651112079620361,1.2449778318405151,141633
1996-01-15,4.678471088409424,4.733190059661865,4.678471088409424,4.733190059661865,1.266947627067566,111479
1996-01-16,4.733190059661865,4.733190059661865,4.651112079620361,4.733190059661865,1.266947627067566,334436
1996-01-17,4.733190059661865,4.733190059661865,4.678471088409424,4.705831050872803,1.2596244812011719,185493
1996-01-18,4.705831050872803,4.705831050872803,4.678471088409424,4.678471088409424,1.2523012161254883,119703
1996-01-19,4.678471088409424,4.678471088409424,4.569033145904541,4.651112079620361,1.2449778318405151,310678
1996-01-22,4.651112079620361,4.678471088409424,4.486955165863037,4.5143141746521,1.2083607912063599,342660
1996-01-23,4.5143141746521,4.623752117156982,4.377517223358154,4.59639310836792,1.2303310632705688,242146
1996-01-24,4.623752117156982,4.623752117156982,4.459596157073975,4.569033145904541,1.2230074405670166,469673
1996-01-25,4.569033145904541,4.59639310836792,4.5416741371154785,4.569033145904541,1.2230074405670166,183209
1996-01-26,4.569033145904541,4.569033145904541,4.5143141746521,4.569033145904541,1.2230074405670166,293317
1996-01-29,4.5143141746521,4.59639310836792,4.5143141746521,4.5416741371154785,1.2328112125396729,208794
1996-01-30,4.5143141746521,4.5416741371154785,4.486955165863037,4.5416741371154785,1.2328112125396729,231181
1996-01-31,4.569033145904541,4.59639310836792,4.5416741371154785,4.569033145904541,1.2402375936508179,279154
1996-02-01,4.59639310836792,4.705831050872803,4.569033145904541,4.678471088409424,1.2699435949325562,260422
1996-02-02,4.705831050872803,4.733190059661865,4.5416741371154785,4.5416741371154785,1.2328112125396729,291946
1996-02-05,4.59639310836792,4.623752117156982,4.486955165863037,4.5416741371154785,1.2328112125396729,400227
1996-02-06,4.5416741371154785,4.705831050872803,4.5143141746521,4.705831050872803,1.2773700952529907,340376
1996-02-07,4.678471088409424,4.705831050872803,4.569033145904541,4.651112079620361,1.2625178098678589,274585
1996-02-08,4.651112079620361,4.760550022125244,4.651112079620361,4.760550022125244,1.2922229766845703,248086
1996-02-09,4.733190059661865,4.760550022125244,4.651112079620361,4.705831050872803,1.2773700952529907,317988
1996-02-12,4.733190059661865,4.760550022125244,4.705831050872803,4.705831050872803,1.2773700952529907,211992
1996-02-13,4.733190059661865,4.8152689933776855,4.705831050872803,4.705831050872803,1.2773700952529907,256310
1996-02-14,4.760550022125244,4.760550022125244,4.59639310836792,4.651112079620361,1.2625178098678589,234379
1996-02-15,4.623752117156982,4.651112079620361,4.569033145904541,4.569033145904541,1.2402375936508179,296972
1996-02-16,4.59639310836792,4.623752117156982,4.5416741371154785,4.623752117156982,1.255090594291687,363676
1996-02-20,4.623752117156982,4.651112079620361,4.569033145904541,4.651112079620361,1.2625178098678589,432665
1996-02-21,4.678471088409424,4.760550022125244,4.678471088409424,4.733190059661865,1.2847964763641357,572928
1996-02-22,4.760550022125244,4.8152689933776855,4.733190059661865,4.787909030914307,1.2996495962142944,319359
1996-02-23,4.8152689933776855,4.842628002166748,4.760550022125244,4.760550022125244,1.2922229766845703,166761
1996-02-26,4.787909030914307,4.787909030914307,4.733190059661865,4.760550022125244,1.2922229766845703,119703
1996-02-27,4.760550022125244,4.787909030914307,4.733190059661865,4.760550022125244,1.2922229766845703,221130
1996-02-28,4.787909030914307,4.8152689933776855,4.760550022125244,4.760550022125244,1.2922229766845703,71273
1996-02-29,4.760550022125244,4.787909030914307,4.733190059661865,4.760550022125244,1.2922229766845703,256767
1996-03-01,4.787909030914307,4.787909030914307,4.733190059661865,4.733190059661865,1.2847964763641357,127013
1996-03-04,4.733190059661865,4.842628002166748,4.705831050872803,4.8152689933776855,1.3070766925811768,168589
1996-03-05,4.8152689933776855,4.8152689933776855,4.787909030914307,4.8152689933776855,1.3070766925811768,142090
1996-03-06,4.8152689933776855,4.8152689933776855,4.760550022125244,4.787909030914307,1.2996495962142944,160365
1996-03-07,4.787909030914307,4.8152689933776855,4.760550022125244,4.787909030914307,1.2996495962142944,81325
1996-03-08,4.733190059661865,4.8152689933776855,4.733190059661865,4.760550022125244,1.2922229766845703,334893
1996-03-11,4.760550022125244,4.787909030914307,4.733190059661865,4.733190059661865,1.2847964763641357,167675
1996-03-12,4.705831050872803,4.705831050872803,4.623752117156982,4.678471088409424,1.2699435949325562,137064
1996-03-13,4.651112079620361,4.678471088409424,4.651112079620361,4.678471088409424,1.2699435949325562,125642
1996-03-14,4.705831050872803,4.733190059661865,4.651112079620361,4.678471088409424,1.2699435949325562,302455
1996-03-15,4.678471088409424,4.678471088409424,4.623752117156982,4.678471088409424,1.2699435949325562,226612
1996-03-18,4.733190059661865,4.869987964630127,4.733190059661865,4.842628002166748,1.3145025968551636,162192
1996-03-19,4.842628002166748,4.842628002166748,4.705831050872803,4.760550022125244,1.2922229766845703,188691
1996-03-20,4.733190059661865,4.787909030914307,4.678471088409424,4.678471088409424,1.2699435949325562,172701
1996-03-21,4.678471088409424,4.760550022125244,4.678471088409424,4.733190059661865,1.2847964763641357,229354
1996-03-22,4.760550022125244,4.924706935882568,4.760550022125244,4.924706935882568,1.3367834091186523,221130
1996-03-25,4.97942590713501,5.061503887176514,4.952065944671631,5.006784915924072,1.3590621948242188,436320
1996-03-26,4.952065944671631,5.061503887176514,4.952065944671631,5.061503887176514,1.3739160299301147,266818
1996-03-27,5.116222858428955,5.198301792144775,5.088863849639893,5.1709418296813965,1.4036225080490112,334893
1996-03-28,5.225660800933838,5.335099220275879,5.225660800933838,5.335099220275879,1.4481817483901978,521300
1996-03-29,5.335099220275879,5.335099220275879,5.225660800933838,5.2530198097229,1.4259010553359985,374185
1996-04-01,5.198301792144775,5.335099220275879,5.198301792144775,5.335099220275879,1.4481817483901978,262249
1996-04-02,5.335099220275879,5.335099220275879,5.2530198097229,5.307738780975342,1.4407539367675781,314790
1996-04-03,5.280379772186279,5.307738780975342,5.280379772186279,5.307738780975342,1.4407539367675781,203312
1996-04-04,5.307738780975342,5.335099220275879,5.280379772186279,5.335099220275879,1.4481817483901978,192346
1996-04-08,5.335099220275879,5.335099220275879,5.198301792144775,5.2530198097229,1.4259010553359985,537291
1996-04-09,5.280379772186279,5.444537162780762,5.280379772186279,5.444537162780762,1.4778876304626465,662476
1996-04-10,5.38981819152832,5.458217144012451,5.362458229064941,5.417177200317383,1.4704605340957642,651968
1996-04-11,5.417177200317383,5.471896171569824,5.417177200317383,5.471896171569824,1.4853140115737915,727353
1996-04-12,5.471896171569824,5.499256134033203,5.362458229064941,5.444537162780762,1.4778876304626465,266361
1996-04-15,5.444537162780762,5.5539751052856445,5.417177200317383,5.5539751052856445,1.5075945854187012,227983
1996-04-16,5.526615142822266,5.663413047790527,5.526615142822266,5.636053085327148,1.5298737287521362,459621
1996-04-17,5.608694076538086,5.608694076538086,5.499256134033203,5.608694076538086,1.5224469900131226,271387
1996-04-18,5.608694076538086,5.636053085327148,5.5539751052856445,5.5539751052856445,1.5075945854187012,105539
1996-04-19,5.608694076538086,5.718132019042969,5.581334114074707,5.69077205657959,1.5447266101837158,534093
1996-04-22,5.69077205657959,5.745491027832031,5.69077205657959,5.718132019042969,1.552153468132019,309308
1996-04-23,5.745491027832031,5.77285099029541,5.608694076538086,5.636053085327148,1.5298737287521362,477440
1996-04-24,5.636053085327148,5.745491027832031,5.608694076538086,5.745491027832031,1.5595793724060059,243060
1996-04-25,5.745491027832031,5.827569961547852,5.663413047790527,5.800209999084473,1.5744333267211914,198286
1996-04-26,5.745491027832031,5.800209999084473,5.69077205657959,5.77285099029541,1.5849491357803345,267732
1996-04-29,5.718132019042969,5.745491027832031,5.69077205657959,5.69077205657959,1.562414526939392,180011
1996-04-30,5.69077205657959,5.718132019042969,5.636053085327148,5.69077205657959,1.562414526939392,321187
1996-05-01,5.636053085327148,5.854928970336914,5.636053085327148,5.800209999084473,1.5924609899520874,316161
1996-05-02,5.77285099029541,5.800209999084473,5.636053085327148,5.663413047790527,1.5549026727676392,286921
1996-05-03,5.69077205657959,5.69077205657959,5.417177200317383,5.499256134033203,1.5098328590393066,234379
1996-05-06,5.526615142822266,5.636053085327148,5.417177200317383,5.608694076538086,1.5398797988891602,307023
1996-05-07,5.581334114074707,5.663413047790527,5.581334114074707,5.608694076538086,1.5398797988891602,113763
1996-05-08,5.581334114074707,5.608694076538086,5.417177200317383,5.608694076538086,1.5398797988891602,149400
1996-05-09,5.581334114074707,5.663413047790527,5.526615142822266,5.636053085327148,1.5473920106887817,321187
1996-05-10,5.69077205657959,5.745491027832031,5.636053085327148,5.718132019042969,1.5699256658554077,236207
1996-05-13,5.69077205657959,5.77285099029541,5.69077205657959,5.77285099029541,1.5849491357803345,638261
1996-05-14,5.800209999084473,5.854928970336914,5.745491027832031,5.827569961547852,1.599971890449524,353625
1996-05-15,5.800209999084473,5.827569961547852,5.718132019042969,5.77285099029541,1.5849491357803345,128840
1996-05-16,5.718132019042969,5.827569961547852,5.718132019042969,5.718132019042969,1.5699256658554077,320273
1996-05-17,5.718132019042969,5.718132019042969,5.636053085327148,5.663413047790527,1.5549026727676392,253112
1996-05-20,5.69077205657959,5.69077205657959,5.608694076538086,5.663413047790527,1.5549026727676392,382865
1996-05-21,5.663413047790527,5.663413047790527,5.608694076538086,5.636053085327148,1.5473920106887817,139805
1996-05-22,5.663413047790527,5.663413047790527,5.608694076538086,5.663413047790527,1.5549026727676392,144831
1996-05-23,5.608694076538086,5.636053085327148,5.608694076538086,5.636053085327148,1.5473920106887817,280524
1996-05-24,5.608694076538086,5.636053085327148,5.581334114074707,5.608694076538086,1.5398797988891602,118789
1996-05-28,5.663413047790527,5.663413047790527,5.526615142822266,5.526615142822266,1.5173451900482178,126556
1996-05-29,5.526615142822266,5.663413047790527,5.526615142822266,5.663413047790527,1.5549026727676392,313877
1996-05-30,5.77285099029541,5.9096479415893555,5.745491027832031,5.9096479415893555,1.6225074529647827,667959
1996-05-31,5.9096479415893555,6.019085884094238,5.9096479415893555,5.964366912841797,1.6375306844711304,593030
1996-06-03,5.9096479415893555,5.9096479415893555,5.69077205657959,5.69077205657959,1.562414526939392,353625
1996-06-04,5.69077205657959,5.718132019042969,5.5539751052856445,5.636053085327148,1.5473920106887817,305196
1996-06-05,5.636053085327148,5.663413047790527,5.581334114074707,5.636053085327148,1.5473920106887817,242146
1996-06-06,5.608694076538086,5.636053085327148,5.5539751052856445,5.5539751052856445,1.5248565673828125,106453
1996-06-07,5.5539751052856445,5.581334114074707,5.444537162780762,5.499256134033203,1.5098328590393066,190519
1996-06-10,5.526615142822266,5.526615142822266,5.444537162780762,5.499256134033203,1.5098328590393066,178640
1996-06-11,5.499256134033203,5.499256134033203,5.444537162780762,5.499256134033203,1.5098328590393066,141633
1996-06-12,5.444537162780762,5.471896171569824,5.417177200317383,5.417177200317383,1.4872984886169434,72187
1996-06-13,5.444537162780762,5.444537162780762,5.38981819152832,5.444537162780762,1.4948102235794067,102341
1996-06-14,5.444537162780762,5.471896171569824,5.38981819152832,5.444537162780762,1.4948102235794067,90462
1996-06-17,5.417177200317383,5.444537162780762,5.38981819152832,5.444537162780762,1.4948102235794067,85893
1996-06-18,5.444537162780762,5.526615142822266,5.444537162780762,5.499256134033203,1.5098328590393066,105082
1996-06-19,5.499256134033203,5.526615142822266,5.499256134033203,5.526615142822266,1.5173451900482178,105996
1996-06-20,5.526615142822266,5.636053085327148,5.499256134033203,5.499256134033203,1.5098328590393066,172701
1996-06-21,5.471896171569824,5.526615142822266,5.444537162780762,5.499256134033203,1.5098328590393066,267275
1996-06-24,5.526615142822266,5.581334114074707,5.526615142822266,5.526615142822266,1.5173451900482178,141633
1996-06-25,5.499256134033203,5.499256134033203,5.362458229064941,5.417177200317383,1.4872984886169434,407994
1996-06-26,5.417177200317383,5.5539751052856445,5.38981819152832,5.444537162780762,1.4948102235794067,235750
1996-06-27,5.417177200317383,5.471896171569824,5.335099220275879,5.38981819152832,1.4797871112823486,204225
1996-06-28,5.444537162780762,5.5539751052856445,5.444537162780762,5.471896171569824,1.5023219585418701,204682
1996-07-01,5.499256134033203,5.5539751052856445,5.444537162780762,5.471896171569824,1.5023219585418701,229811
1996-07-02,5.444537162780762,5.5539751052856445,5.444537162780762,5.526615142822266,1.5173451900482178,181381
1996-07-03,5.526615142822266,5.636053085327148,5.499256134033203,5.608694076538086,1.5398797988891602,137978
1996-07-05,5.581334114074707,5.636053085327148,5.471896171569824,5.471896171569824,1.5023219585418701,185950
1996-07-08,5.417177200317383,5.526615142822266,5.417177200317383,5.526615142822266,1.5173451900482178,144374
1996-07-09,5.608694076538086,5.663413047790527,5.581334114074707,5.608694076538086,1.5398797988891602,331238
1996-07-10,5.636053085327148,5.663413047790527,5.499256134033203,5.608694076538086,1.5398797988891602,166761
1996-07-11,5.608694076538086,5.636053085327148,5.526615142822266,5.581334114074707,1.5323679447174072,151684
1996-07-12,5.5539751052856445,5.718132019042969,5.5539751052856445,5.718132019042969,1.5699256658554077,377383
1996-07-15,5.745491027832031,5.745491027832031,5.608694076538086,5.608694076538086,1.5398797988891602,202398
1996-07-16,5.581334114074707,5.800209999084473,5.581334114074707,5.663413047790527,1.5549026727676392,632322
1996-07-17,5.663413047790527,5.77285099029541,5.663413047790527,5.69077205657959,1.562414526939392,307023
1996-07-18,5.718132019042969,5.854928970336914,5.718132019042969,5.854928970336914,1.6074841022491455,285093
1996-07-19,5.854928970336914,5.854928970336914,5.581334114074707,5.718132019042969,1.5699256658554077,255853
1996-07-22,5.745491027832031,5.745491027832031,5.69077205657959,5.718132019042969,1.5699256658554077,186407
1996-07-23,5.77285099029541,5.77285099029541,5.581334114074707,5.581334114074707,1.5323679447174072,170873
1996-07-24,5.581334114074707,5.745491027832031,5.581334114074707,5.69077205657959,1.562414526939392,195545
1996-07-25,5.718132019042969,5.77285099029541,5.718132019042969,5.77285099029541,1.5849491357803345,179554
1996-07-26,5.77285099029541,5.882288932800293,5.77285099029541,5.854928970336914,1.6074841022491455,200570
1996-07-29,5.718132019042969,5.745491027832031,5.69077205657959,5.718132019042969,1.5877323150634766,126099
1996-07-30,5.745491027832031,5.77285099029541,5.718132019042969,5.745491027832031,1.595328688621521,236664
1996-07-31,5.718132019042969,5.800209999084473,5.718132019042969,5.77285099029541,1.6029260158538818,87721
1996-08-01,5.77285099029541,5.854928970336914,5.77285099029541,5.854928970336914,1.6257164478302002,377840
1996-08-02,5.882288932800293,5.882288932800293,5.827569961547852,5.882288932800293,1.6333134174346924,167218
1996-08-05,5.882288932800293,5.882288932800293,5.827569961547852,5.854928970336914,1.6257164478302002,391089
1996-08-06,5.882288932800293,5.9096479415893555,5.827569961547852,5.882288932800293,1.6333134174346924,181381
1996-08-07,5.9096479415893555,5.937007904052734,5.854928970336914,5.937007904052734,1.6485071182250977,158080
1996-08-08,5.991725921630859,6.019085884094238,5.964366912841797,6.019085884094238,1.6712976694107056,323471
1996-08-09,6.019085884094238,6.046444892883301,5.991725921630859,6.019085884094238,1.6712976694107056,275956
1996-08-12,6.046444892883301,6.265320777893066,6.046444892883301,6.265320777893066,1.7396680116653442,586177
1996-08-13,6.237961769104004,6.237961769104004,6.046444892883301,6.101163864135742,1.6940873861312866,585263
1996-08-14,6.101163864135742,6.128523826599121,5.964366912841797,6.046444892883301,1.6788934469223022,399313
1996-08-15,6.019085884094238,6.101163864135742,6.019085884094238,6.07380485534668,1.6864906549453735,249000
1996-08-16,6.128523826599121,6.1832427978515625,6.101163864135742,6.101163864135742,1.6940873861312866,113763
1996-08-19,6.101163864135742,6.1832427978515625,6.101163864135742,6.155882835388184,1.7092812061309814,76299
1996-08-20,6.155882835388184,6.210601806640625,6.155882835388184,6.155882835388184,1.7092812061309814,109651
1996-08-21,6.155882835388184,6.155882835388184,6.07380485534668,6.101163864135742,1.6940873861312866,370530
1996-08-22,6.07380485534668,6.210601806640625,6.046444892883301,6.1832427978515625,1.7168772220611572,238034
1996-08-23,6.1832427978515625,6.265320777893066,6.155882835388184,6.265320777893066,1.7396680116653442,217475
1996-08-26,6.2926812171936035,6.320040225982666,6.155882835388184,6.210601806640625,1.7244750261306763,159451
1996-08-27,6.155882835388184,6.155882835388184,6.07380485534668,6.101163864135742,1.6940873861312866,114677
1996-08-28,6.128523826599121,6.128523826599121,6.019085884094238,6.019085884094238,1.6712976694107056,150770
1996-08-29,5.964366912841797,6.07380485534668,5.964366912841797,5.991725921630859,1.6637006998062134,148029
1996-08-30,5.991725921630859,6.019085884094238,5.9096479415893555,5.991725921630859,1.6637006998062134,174528
1996-09-03,5.937007904052734,6.046444892883301,5.854928970336914,6.019085884094238,1.6712976694107056,175899
1996-09-04,5.991725921630859,6.1832427978515625,5.9096479415893555,6.128523826599121,1.7016838788986206,309308
1996-09-05,6.128523826599121,6.128523826599121,5.991725921630859,6.046444892883301,1.6788934469223022,103712
1996-09-06,6.07380485534668,6.07380485534668,5.937007904052734,6.019085884094238,1.6712976694107056,76299
1996-09-09,6.07380485534668,6.155882835388184,6.07380485534668,6.07380485534668,1.6864906549453735,124728
1996-09-10,6.019085884094238,6.210601806640625,6.019085884094238,6.1832427978515625,1.7168772220611572,170416
1996-09-11,6.155882835388184,6.155882835388184,6.046444892883301,6.07380485534668,1.6864906549453735,117875
1996-09-12,6.07380485534668,6.101163864135742,6.046444892883301,6.07380485534668,1.6864906549453735,36094
1996-09-13,6.128523826599121,6.155882835388184,6.07380485534668,6.101163864135742,1.6940873861312866,107824
1996-09-16,6.128523826599121,6.1832427978515625,6.101163864135742,6.101163864135742,1.6940873861312866,152598
1996-09-17,6.046444892883301,6.046444892883301,5.964366912841797,6.019085884094238,1.6712976694107056,172701
1996-09-18,6.019085884094238,6.07380485534668,5.937007904052734,6.07380485534668,1.6864906549453735,96402
1996-09-19,6.07380485534668,6.07380485534668,5.950686931610107,6.046444892883301,1.6788934469223022,181381
1996-09-20,6.046444892883301,6.046444892883301,5.964366912841797,6.046444892883301,1.6788934469223022,202855
1996-09-23,6.019085884094238,6.046444892883301,5.964366912841797,6.019085884094238,1.6712976694107056,83609
1996-09-24,5.964366912841797,6.019085884094238,5.882288932800293,6.019085884094238,1.6712976694107056,435407
1996-09-25,6.019085884094238,6.07380485534668,5.991725921630859,6.046444892883301,1.6788934469223022,110108
1996-09-26,5.991725921630859,6.07380485534668,5.964366912841797,6.046444892883301,1.6788934469223022,165391
1996-09-27,6.101163864135742,6.101163864135742,6.019085884094238,6.046444892883301,1.6788934469223022,163106
1996-09-30,6.046444892883301,6.046444892883301,5.991725921630859,6.019085884094238,1.6712976694107056,85893
1996-10-01,6.019085884094238,6.046444892883301,5.964366912841797,6.046444892883301,1.6788934469223022,152141
1996-10-02,6.07380485534668,6.07380485534668,6.019085884094238,6.046444892883301,1.6788934469223022,72644
1996-10-03,6.019085884094238,6.019085884094238,5.937007904052734,5.991725921630859,1.6637006998062134,103255
1996-10-04,6.019085884094238,6.019085884094238,5.964366912841797,6.019085884094238,1.6712976694107056,44774
1996-10-07,6.07380485534668,6.07380485534668,5.937007904052734,5.937007904052734,1.6485071182250977,139805
1996-10-08,5.937007904052734,6.019085884094238,5.9096479415893555,5.937007904052734,1.6485071182250977,353625
1996-10-09,5.937007904052734,5.937007904052734,5.69077205657959,5.854928970336914,1.6257164478302002,323471
1996-10-10,5.800209999084473,5.964366912841797,5.800209999084473,5.937007904052734,1.6485071182250977,150314
1996-10-11,5.9096479415893555,5.991725921630859,5.827569961547852,5.991725921630859,1.6637006998062134,134780
1996-10-14,5.991725921630859,6.019085884094238,5.991725921630859,6.019085884094238,1.6712976694107056,102798
1996-10-15,6.128523826599121,6.128523826599121,6.07380485534668,6.128523826599121,1.7016838788986206,295144
1996-10-16,6.101163864135742,6.128523826599121,6.046444892883301,6.07380485534668,1.6864906549453735,137521
1996-10-17,6.07380485534668,6.155882835388184,6.046444892883301,6.07380485534668,1.6864906549453735,73558
1996-10-18,6.101163864135742,6.101163864135742,6.07380485534668,6.07380485534668,1.6864906549453735,72187
1996-10-21,6.019085884094238,6.265320777893066,6.019085884094238,6.237961769104004,1.732071876525879,336721
1996-10-22,6.265320777893066,6.265320777893066,6.155882835388184,6.1832427978515625,1.7168772220611572,130668
1996-10-23,6.237961769104004,6.237961769104004,6.128523826599121,6.210601806640625,1.7244750261306763,142090
1996-10-24,6.210601806640625,6.210601806640625,6.128523826599121,6.155882835388184,1.7092812061309814,127013
1996-10-25,6.155882835388184,6.1832427978515625,6.046444892883301,6.07380485534668,1.6864906549453735,84066
1996-10-28,6.019085884094238,6.046444892883301,5.882288932800293,5.937007904052734,1.6485071182250977,365961
1996-10-29,5.991725921630859,5.991725921630859,5.9096479415893555,5.937007904052734,1.6669434309005737,295601
1996-10-30,5.964366912841797,5.991725921630859,5.882288932800293,5.882288932800293,1.651579737663269,132038
1996-10-31,5.9096479415893555,5.937007904052734,5.827569961547852,5.882288932800293,1.651579737663269,222044
1996-11-01,5.882288932800293,5.9096479415893555,5.800209999084473,5.800209999084473,1.6285344362258911,181838
1996-11-04,5.827569961547852,5.854928970336914,5.77285099029541,5.77285099029541,1.6208525896072388,180468
1996-11-05,5.77285099029541,5.77285099029541,5.636053085327148,5.745491027832031,1.6131702661514282,283722
1996-11-06,5.77285099029541,5.77285099029541,5.444537162780762,5.526615142822266,1.5517170429229736,714560
1996-11-07,5.5539751052856445,5.745491027832031,5.5539751052856445,5.69077205657959,1.5978072881698608,417131
1996-11-08,5.636053085327148,5.718132019042969,5.581334114074707,5.636053085327148,1.582444190979004,233466
1996-11-11,5.608694076538086,5.663413047790527,5.581334114074707,5.581334114074707,1.567080020904541,130211
1996-11-12,5.608694076538086,5.608694076538086,5.5539751052856445,5.581334114074707,1.567080020904541,168589
1996-11-13,5.581334114074707,5.718132019042969,5.526615142822266,5.718132019042969,1.605488896369934,242603
1996-11-14,5.69077205657959,5.718132019042969,5.581334114074707,5.636053085327148,1.582444190979004,229354
1996-11-15,5.800209999084473,5.800209999084473,5.69077205657959,5.718132019042969,1.605488896369934,255396
1996-11-18,5.77285099029541,5.827569961547852,5.718132019042969,5.718132019042969,1.605488896369934,197829
1996-11-19,5.77285099029541,5.77285099029541,5.69077205657959,5.745491027832031,1.6131702661514282,158537
1996-11-20,5.745491027832031,5.745491027832031,5.663413047790527,5.718132019042969,1.605488896369934,314333
1996-11-21,5.69077205657959,5.745491027832031,5.69077205657959,5.69077205657959,1.5978072881698608,54826
1996-11-22,5.69077205657959,5.77285099029541,5.663413047790527,5.745491027832031,1.6131702661514282,98686
1996-11-25,5.745491027832031,5.882288932800293,5.718132019042969,5.827569961547852,1.6362158060073853,822384
1996-11-26,5.9096479415893555,6.237961769104004,5.882288932800293,5.937007904052734,1.6669434309005737,944371
1996-11-27,5.937007904052734,5.991725921630859,5.882288932800293,5.9096479415893555,1.6592614650726318,571100
1996-11-29,5.9096479415893555,6.07380485534668,5.9096479415893555,6.019085884094238,1.6899888515472412,101427
1996-12-02,5.991725921630859,5.991725921630859,5.9096479415893555,5.937007904052734,1.6669434309005737,362763
1996-12-03,5.937007904052734,6.019085884094238,5.937007904052734,5.991725921630859,1.6823068857192993,281895
1996-12-04,5.991725921630859,6.07380485534668,5.937007904052734,5.964366912841797,1.6746248006820679,190976
1996-12-05,5.991725921630859,6.046444892883301,5.964366912841797,5.964366912841797,1.6746248006820679,285550
1996-12-06,5.9096479415893555,5.9096479415893555,5.800209999084473,5.854928970336914,1.6438978910446167,355453
1996-12-09,5.827569961547852,5.964366912841797,5.827569961547852,5.964366912841797,1.6746248006820679,79954
1996-12-10,5.937007904052734,5.964366912841797,5.854928970336914,5.882288932800293,1.651579737663269,227983
1996-12-11,5.882288932800293,5.882288932800293,5.745491027832031,5.800209999084473,1.6285344362258911,286921
1996-12-12,5.827569961547852,5.827569961547852,5.69077205657959,5.69077205657959,1.5978072881698608,232095
1996-12-13,5.718132019042969,5.854928970336914,5.69077205657959,5.827569961547852,1.6362158060073853,476983
1996-12-16,5.882288932800293,5.991725921630859,5.827569961547852,5.854928970336914,1.6438978910446167,198286
1996-12-17,5.854928970336914,5.991725921630859,5.854928970336914,5.964366912841797,1.6746248006820679,469673
1996-12-18,5.991725921630859,6.046444892883301,5.964366912841797,6.046444892883301,1.6976696252822876,233923
1996-12-19,6.07380485534668,6.210601806640625,6.07380485534668,6.210601806640625,1.7437609434127808,471957
1996-12-20,6.511557102203369,6.511557102203369,6.320040225982666,6.374759197235107,1.789851188659668,533636
1996-12-23,6.374759197235107,6.456838130950928,6.237961769104004,6.265320777893066,1.7591238021850586,393374
1996-12-24,6.265320777893066,6.265320777893066,6.210601806640625,6.210601806640625,1.7437609434127808,237121
1996-12-26,6.237961769104004,6.2926812171936035,6.237961769104004,6.2926812171936035,1.7668063640594482,306566
1996-12-27,6.2926812171936035,6.320040225982666,6.265320777893066,6.320040225982666,1.774487853050232,142090
1996-12-30,6.320040225982666,6.48419713973999,6.320040225982666,6.456838130950928,1.812896966934204,291489
1996-12-31,6.538916110992432,6.6483540534973145,6.511557102203369,6.5662760734558105,1.8436241149902344,414847
1997-01-02,6.5662760734558105,6.593635082244873,6.374759197235107,6.511557102203369,1.828261375427246,325299
1997-01-03,6.538916110992432,6.5662760734558105,6.48419713973999,6.511557102203369,1.828261375427246,454139
1997-01-06,6.511557102203369,6.5662760734558105,6.456838130950928,6.48419713973999,1.8205780982971191,132038
1997-01-07,6.456838130950928,6.48419713973999,6.429478168487549,6.48419713973999,1.8205780982971191,121987
1997-01-08,6.511557102203369,6.538916110992432,6.456838130950928,6.48419713973999,1.8205780982971191,91833
1997-01-09,6.48419713973999,6.511557102203369,6.456838130950928,6.456838130950928,1.812896966934204,280524
1997-01-10,6.456838130950928,6.675714015960693,6.402119159698486,6.675714015960693,1.874351143836975,146658
1997-01-13,6.620995044708252,6.730432033538818,6.620995044708252,6.6483540534973145,1.8666688203811646,175899
1997-01-14,6.675714015960693,6.757791996002197,6.675714015960693,6.703073024749756,1.882032036781311,75385
1997-01-15,6.703073024749756,6.730432033538818,6.593635082244873,6.620995044708252,1.8589876890182495,301998
1997-01-16,6.593635082244873,6.675714015960693,6.593635082244873,6.593635082244873,1.8513062000274658,154425
1997-01-17,6.593635082244873,6.675714015960693,6.538916110992432,6.538916110992432,1.8359421491622925,294231
1997-01-20,6.5662760734558105,6.5662760734558105,6.511557102203369,6.538916110992432,1.8359421491622925,281895
1997-01-21,6.538916110992432,6.730432033538818,6.511557102203369,6.703073024749756,1.882032036781311,225242
1997-01-22,6.675714015960693,6.757791996002197,6.6483540534973145,6.730432033538818,1.8897144794464111,246258
1997-01-23,6.5662760734558105,6.703073024749756,6.48419713973999,6.511557102203369,1.828261375427246,278240
1997-01-24,6.48419713973999,6.593635082244873,6.48419713973999,6.538916110992432,1.8359421491622925,274128
1997-01-27,6.48419713973999,6.593635082244873,6.48419713973999,6.511557102203369,1.828261375427246,116961
1997-01-28,6.538916110992432,6.6483540534973145,6.48419713973999,6.511557102203369,1.828261375427246,152141
1997-01-29,6.48419713973999,6.521815776824951,6.402119159698486,6.402119159698486,1.8158435821533203,703595
1997-01-30,6.402119159698486,6.511557102203369,6.402119159698486,6.511557102203369,1.846884846687317,87721
1997-01-31,6.538916110992432,6.5662760734558105,6.48419713973999,6.48419713973999,1.8391234874725342,109194
1997-02-03,6.456838130950928,6.48419713973999,6.402119159698486,6.48419713973999,1.8391234874725342,127470
1997-02-04,6.429478168487549,6.511557102203369,6.402119159698486,6.429478168487549,1.8236048221588135,96402
1997-02-05,6.429478168487549,6.48419713973999,6.429478168487549,6.456838130950928,1.8313658237457275,371900
1997-02-06,6.456838130950928,6.538916110992432,6.456838130950928,6.48419713973999,1.8391234874725342,201941
1997-02-07,6.511557102203369,6.593635082244873,6.456838130950928,6.48419713973999,1.8391234874725342,221130
1997-02-10,6.538916110992432,6.5662760734558105,6.402119159698486,6.456838130950928,1.8313658237457275,100514
1997-02-11,6.429478168487549,6.456838130950928,6.320040225982666,6.320040225982666,1.7925649881362915,129297
1997-02-12,6.320040225982666,6.48419713973999,6.320040225982666,6.456838130950928,1.8313658237457275,122901
1997-02-13,6.456838130950928,6.48419713973999,6.402119159698486,6.429478168487549,1.8236048221588135,146202
1997-02-14,6.429478168487549,6.511557102203369,6.402119159698486,6.511557102203369,1.846884846687317,180011
1997-02-18,6.538916110992432,6.593635082244873,6.48419713973999,6.5662760734558105,1.8624051809310913,244888
1997-02-19,6.511557102203369,6.538916110992432,6.48419713973999,6.48419713973999,1.8391234874725342,76299
1997-02-20,6.511557102203369,6.538916110992432,6.374759197235107,6.402119159698486,1.8158435821533203,116048
1997-02-21,6.429478168487549,6.429478168487549,6.374759197235107,6.374759197235107,1.8080837726593018,141176
1997-02-24,6.374759197235107,6.456838130950928,6.347400188446045,6.402119159698486,1.8158435821533203,79954
1997-02-25,6.374759197235107,6.429478168487549,6.347400188446045,6.402119159698486,1.8158435821533203,99600
1997-02-26,6.347400188446045,6.402119159698486,6.237961769104004,6.237961769104004,1.769284963607788,180924
1997-02-27,6.237961769104004,6.320040225982666,6.237961769104004,6.237961769104004,1.769284963607788,111936
1997-02-28,6.237961769104004,6.320040225982666,6.237961769104004,6.237961769104004,1.769284963607788,171787
1997-03-03,6.210601806640625,6.402119159698486,6.1832427978515625,6.2926812171936035,1.7848045825958252,108737
1997-03-04,6.2926812171936035,6.320040225982666,6.237961769104004,6.237961769104004,1.769284963607788,176813
1997-03-05,6.237961769104004,6.237961769104004,6.128523826599121,6.155882835388184,1.7460039854049683,334436
1997-03-06,6.210601806640625,6.320040225982666,6.07380485534668,6.101163864135742,1.7304835319519043,447742
1997-03-07,6.019085884094238,6.101163864135742,6.019085884094238,6.046444892883301,1.714963674545288,338091
1997-03-10,6.046444892883301,6.07380485534668,5.937007904052734,6.046444892883301,1.714963674545288,662019
1997-03-11,6.07380485534668,6.128523826599121,6.046444892883301,6.101163864135742,1.7304835319519043,342203
1997-03-12,6.101163864135742,6.101163864135742,5.991725921630859,6.046444892883301,1.714963674545288,227526
1997-03-13,6.046444892883301,6.101163864135742,6.046444892883301,6.046444892883301,1.714963674545288,478810
1997-03-14,6.019085884094238,6.046444892883301,6.019085884094238,6.019085884094238,1.70720374584198,170873
1997-03-17,6.019085884094238,6.046444892883301,5.991725921630859,6.046444892883301,1.714963674545288,119246
1997-03-18,6.019085884094238,6.046444892883301,5.991725921630859,6.019085884094238,1.70720374584198,222044
1997-03-19,5.991725921630859,6.046444892883301,5.991725921630859,6.019085884094238,1.70720374584198,66248
1997-03-20,6.046444892883301,6.046444892883301,5.964366912841797,5.991725921630859,1.6994435787200928,95945
1997-03-21,5.991725921630859,6.046444892883301,5.937007904052734,6.046444892883301,1.714963674545288,334893
1997-03-24,6.07380485534668,6.07380485534668,5.964366912841797,6.046444892883301,1.714963674545288,325755
1997-03-25,5.991725921630859,6.019085884094238,5.964366912841797,5.964366912841797,1.6916850805282593,74928
1997-03-26,5.991725921630859,5.991725921630859,5.882288932800293,5.937007904052734,1.683923363685608,148486
1997-03-27,5.991725921630859,5.991725921630859,5.827569961547852,5.854928970336914,1.6606435775756836,163563
1997-03-31,5.854928970336914,5.854928970336914,5.663413047790527,5.69077205657959,1.614084005355835,321187
1997-04-01,5.800209999084473,5.9096479415893555,5.745491027832031,5.9096479415893555,1.6761647462844849,1384803
1997-04-02,5.9096479415893555,6.019085884094238,5.882288932800293,6.019085884094238,1.70720374584198,757050
1997-04-03,6.046444892883301,6.155882835388184,6.046444892883301,6.155882835388184,1.7460039854049683,941173
1997-04-04,6.101163864135742,6.2926812171936035,6.07380485534668,6.2926812171936035,1.7848045825958252,843857
1997-04-07,6.265320777893066,6.320040225982666,6.155882835388184,6.1832427978515625,1.7537643909454346,478810
1997-04-08,6.237961769104004,6.429478168487549,6.155882835388184,6.402119159698486,1.8158435821533203,298343
1997-04-09,6.402119159698486,6.48419713973999,6.155882835388184,6.1832427978515625,1.7537643909454346,264990
1997-04-10,6.1832427978515625,6.320040225982666,6.1832427978515625,6.265320777893066,1.7770440578460693,212906
1997-04-11,6.237961769104004,6.320040225982666,6.1832427978515625,6.2926812171936035,1.7848045825958252,152598
1997-04-14,6.265320777893066,6.279001235961914,6.155882835388184,6.1832427978515625,1.7537643909454346,233009
1997-04-15,6.210601806640625,6.347400188446045,6.210601806640625,6.2926812171936035,1.7848045825958252,246258
1997-04-16,6.2926812171936035,6.456838130950928,6.2926812171936035,6.456838130950928,1.8313658237457275,229354
1997-04-17,6.429478168487549,6.511557102203369,6.210601806640625,6.2926812171936035,1.7848045825958252,418045
1997-04-18,6.2926812171936035,6.511557102203369,6.2926812171936035,6.511557102203369,1.846884846687317,201484
1997-04-21,6.511557102203369,6.511557102203369,6.2926812171936035,6.429478168487549,1.8236048221588135,137064
1997-04-22,6.429478168487549,6.456838130950928,6.374759197235107,6.374759197235107,1.8080837726593018,175442
1997-04-23,6.402119159698486,6.538916110992432,6.402119159698486,6.511557102203369,1.846884846687317,151684
1997-04-24,6.48419713973999,6.5662760734558105,6.48419713973999,6.538916110992432,1.8546433448791504,155796
1997-04-25,6.48419713973999,6.538916110992432,6.402119159698486,6.456838130950928,1.8313658237457275,82238
1997-04-28,6.374759197235107,6.48419713973999,6.347400188446045,6.374759197235107,1.8266602754592896,843857
1997-04-29,6.402119159698486,6.48419713973999,6.374759197235107,6.429478168487549,1.8423402309417725,198286
1997-04-30,6.456838130950928,6.538916110992432,6.456838130950928,6.511557102203369,1.8658597469329834,242146
1997-05-01,6.511557102203369,6.538916110992432,6.429478168487549,6.429478168487549,1.8423402309417725,305196
1997-05-02,6.456838130950928,6.6483540534973145,6.456838130950928,6.620995044708252,1.8972179889678955,268189
1997-05-05,6.620995044708252,6.675714015960693,6.48419713973999,6.620995044708252,1.8972179889678955,641916
1997-05-06,6.620995044708252,6.757791996002197,6.620995044708252,6.730432033538818,1.9285773038864136,305653
1997-05-07,6.730432033538818,6.812510967254639,6.703073024749756,6.730432033538818,1.9285773038864136,476069
1997-05-08,6.703073024749756,6.757791996002197,6.538916110992432,6.538916110992432,1.8736977577209473,172244
1997-05-09,6.5662760734558105,6.730432033538818,6.5662760734558105,6.675714015960693,1.9128975868225098,318445
1997-05-12,6.703073024749756,6.730432033538818,6.593635082244873,6.620995044708252,1.8972179889678955,190519
1997-05-13,6.6483540534973145,6.689393043518066,6.6483540534973145,6.6483540534973145,1.9050577878952026,208794
1997-05-14,6.6483540534973145,6.703073024749756,6.620995044708252,6.6483540534973145,1.9050577878952026,291946
1997-05-15,6.620995044708252,6.675714015960693,6.511557102203369,6.5662760734558105,1.881538987159729,279154
1997-05-16,6.620995044708252,6.675714015960693,6.620995044708252,6.675714015960693,1.9128975868225098,167218
1997-05-19,6.620995044708252,6.6483540534973145,6.5662760734558105,6.593635082244873,1.889378547668457,100970
1997-05-20,6.5662760734558105,6.620995044708252,6.5662760734558105,6.593635082244873,1.889378547668457,94574
1997-05-21,6.675714015960693,6.675714015960693,6.456838130950928,6.456838130950928,1.8501811027526855,210165
1997-05-22,6.48419713973999,6.5662760734558105,6.48419713973999,6.5662760734558105,1.881538987159729,213363
1997-05-23,6.5662760734558105,6.593635082244873,6.511557102203369,6.593635082244873,1.889378547668457,308851
1997-05-27,6.593635082244873,6.703073024749756,6.511557102203369,6.703073024749756,1.92073655128479,69903
1997-05-28,6.6483540534973145,6.703073024749756,6.593635082244873,6.620995044708252,1.8972179889678955,240319
1997-05-29,6.593635082244873,6.620995044708252,6.538916110992432,6.5662760734558105,1.881538987159729,112392
1997-05-30,6.620995044708252,6.703073024749756,6.5662760734558105,6.620995044708252,1.8972179889678955,240319
1997-06-02,6.593635082244873,6.675714015960693,6.593635082244873,6.6483540534973145,1.9050577878952026,171330
1997-06-03,6.6483540534973145,6.757791996002197,6.593635082244873,6.730432033538818,1.9285773038864136,90005
1997-06-04,6.703073024749756,6.703073024749756,6.5662760734558105,6.620995044708252,1.8972179889678955,130211
1997-06-05,6.6483540534973145,6.6483540534973145,6.620995044708252,6.6483540534973145,1.9050577878952026,99600
1997-06-06,6.620995044708252,6.757791996002197,6.593635082244873,6.757791996002197,1.9364168643951416,88635
1997-06-09,6.757791996002197,6.757791996002197,6.620995044708252,6.703073024749756,1.92073655128479,208794
1997-06-10,6.730432033538818,6.78515100479126,6.703073024749756,6.757791996002197,1.9364168643951416,185950
1997-06-11,6.78515100479126,6.812510967254639,6.675714015960693,6.730432033538818,1.9285773038864136,280067
1997-06-12,6.757791996002197,6.78515100479126,6.730432033538818,6.78515100479126,1.944257140159607,245345
1997-06-13,6.78515100479126,6.894588947296143,6.78515100479126,6.894588947296143,1.975615382194519,363676
1997-06-16,6.894588947296143,6.9219489097595215,6.839869976043701,6.894588947296143,1.975615382194519,233923
1997-06-17,6.839869976043701,6.894588947296143,6.675714015960693,6.730432033538818,1.9285773038864136,244431
1997-06-18,6.730432033538818,6.9219489097595215,6.730432033538818,6.894588947296143,1.975615382194519,206967
1997-06-19,6.9219489097595215,6.976667881011963,6.703073024749756,6.757791996002197,1.9364168643951416,304739
1997-06-20,6.620995044708252,6.839869976043701,6.620995044708252,6.78515100479126,1.944257140159607,543230
1997-06-23,6.730432033538818,6.812510967254639,6.703073024749756,6.730432033538818,1.9285773038864136,175899
1997-06-24,6.703073024749756,6.86722993850708,6.675714015960693,6.853549957275391,1.9638557434082031,215647
1997-06-25,6.812510967254639,7.004026889801025,6.78515100479126,6.949307918548584,1.9912954568862915,668872
1997-06-26,6.949307918548584,6.949307918548584,6.839869976043701,6.8809099197387695,1.971695899963379,217932
1997-06-27,6.8809099197387695,7.058745861053467,6.8809099197387695,7.017706871032715,2.010894298553467,246715
1997-06-30,6.990347862243652,7.058745861053467,6.908268928527832,7.045066833496094,2.018734931945801,259051
1997-07-01,7.031386852264404,7.250263214111328,7.004026889801025,7.222902774810791,2.0696921348571777,368245
1997-07-02,7.1955437660217285,7.387060165405273,7.1955437660217285,7.3460211753845215,2.1049716472625732,478810
1997-07-03,7.387060165405273,7.496498107910156,7.3049821853637695,7.359701156616211,2.1088919639587402,213363
1997-07-07,7.3460211753845215,7.414420127868652,7.1955437660217285,7.29130220413208,2.0892927646636963,207880
1997-07-08,7.250263214111328,7.359701156616211,7.222902774810791,7.332341194152832,2.1010518074035645,302911
1997-07-09,7.3049821853637695,7.414420127868652,7.236583232879639,7.250263214111328,2.0775327682495117,123358
1997-07-10,7.3049821853637695,7.400740146636963,7.277622222900391,7.387060165405273,2.1167309284210205,114220
1997-07-11,7.414420127868652,7.428099155426025,7.3460211753845215,7.428099155426025,2.128490924835205,158080
1997-07-14,7.428099155426025,7.496498107910156,7.414420127868652,7.455459117889404,2.136331081390381,219759
1997-07-15,7.441779136657715,7.551217079162598,7.400740146636963,7.400740146636963,2.120651960372925,405253
1997-07-16,7.400740146636963,7.715373992919922,7.400740146636963,7.67433500289917,2.199049234390259,309308
1997-07-17,7.67433500289917,7.729053974151611,7.523857116699219,7.59225606918335,2.1755287647247314,165391
1997-07-18,7.59225606918335,7.633295059204102,7.373380184173584,7.510178089141846,2.152010440826416,193717
1997-07-21,7.482818126678467,7.551217079162598,7.441779136657715,7.496498107910156,2.148090362548828,250370
1997-07-22,7.510178089141846,7.646975040435791,7.482818126678467,7.59225606918335,2.1755287647247314,193260
1997-07-23,7.537537097930908,7.57857608795166,7.496498107910156,7.496498107910156,2.148090362548828,127470
1997-07-24,7.510178089141846,7.510178089141846,7.400740146636963,7.482818126678467,2.144169807434082,102798
1997-07-25,7.482818126678467,7.57857608795166,7.482818126678467,7.496498107910156,2.148090362548828,90005
1997-07-28,7.510178089141846,7.605936050415039,7.510178089141846,7.57857608795166,2.171609401702881,63049
1997-07-29,7.523857116699219,7.59225606918335,7.469139099121094,7.59225606918335,2.19454288482666,997826
1997-07-30,7.59225606918335,7.646975040435791,7.564897060394287,7.646975040435791,2.210360527038574,117418
1997-07-31,7.646975040435791,7.729053974151611,7.6196160316467285,7.6606550216674805,2.2143144607543945,556023
1997-08-01,7.633295059204102,7.646975040435791,7.222902774810791,7.496498107910156,2.1668648719787598,569272
1997-08-04,7.496498107910156,7.496498107910156,7.400740146636963,7.441779136657715,2.1510469913482666,288291
1997-08-05,7.441779136657715,7.496498107910156,7.373380184173584,7.428099155426025,2.1470940113067627,387891
1997-08-06,7.428099155426025,7.537537097930908,7.387060165405273,7.414420127868652,2.1431403160095215,385607
1997-08-07,7.441779136657715,7.489657878875732,7.387060165405273,7.414420127868652,2.1431403160095215,154425
1997-08-08,7.3049821853637695,7.3460211753845215,7.127144813537598,7.332341194152832,2.119415283203125,327583
1997-08-11,7.3460211753845215,7.3460211753845215,7.250263214111328,7.3049821853637695,2.111506462097168,429467
1997-08-12,7.3049821853637695,7.359701156616211,7.209222793579102,7.236583232879639,2.091736078262329,373271
1997-08-13,7.1955437660217285,7.1955437660217285,7.072425842285156,7.086105823516846,2.0482418537139893,154425
1997-08-14,7.127144813537598,7.127144813537598,6.976667881011963,7.099785804748535,2.0521934032440186,212449
1997-08-15,7.045066833496094,7.236583232879639,7.031386852264404,7.086105823516846,2.0482418537139893,205139
1997-08-18,7.113464832305908,7.16818380355835,6.935628890991211,6.962987899780273,2.0126540660858154,249456
1997-08-19,6.976667881011963,7.15450382232666,6.976667881011963,7.086105823516846,2.0482418537139893,174071
1997-08-20,7.099785804748535,7.277622222900391,7.099785804748535,7.16818380355835,2.071965217590332,169959
1997-08-21,7.1955437660217285,7.236583232879639,7.045066833496094,7.045066833496094,2.0363786220550537,110565
1997-08-22,7.004026889801025,7.15450382232666,6.949307918548584,7.15450382232666,2.0680112838745117,151684
1997-08-25,7.113464832305908,7.127144813537598,6.976667881011963,6.990347862243652,2.0205624103546143,104169
1997-08-26,6.990347862243652,7.181863784790039,6.976667881011963,7.099785804748535,2.0521934032440186,129297
1997-08-27,7.113464832305908,7.250263214111328,6.962987899780273,7.236583232879639,2.091736078262329,149400
1997-08-28,7.250263214111328,7.263941764831543,7.004026889801025,7.072425842285156,2.0442869663238525,226612
1997-08-29,7.045066833496094,7.140824794769287,7.004026889801025,7.086105823516846,2.0482418537139893,183666
1997-09-02,7.058745861053467,7.263941764831543,7.058745861053467,7.16818380355835,2.071965217590332,164477
1997-09-03,7.15450382232666,7.250263214111328,7.15450382232666,7.209222793579102,2.0838286876678467,148029
1997-09-04,7.236583232879639,7.263941764831543,7.004026889801025,7.045066833496094,2.0363786220550537,254025
1997-09-05,7.072425842285156,7.1955437660217285,7.045066833496094,7.1955437660217285,2.0798733234405518,347686
1997-09-08,7.1955437660217285,7.318661212921143,7.1955437660217285,7.250263214111328,2.0956904888153076,169502
1997-09-09,7.277622222900391,7.3049821853637695,7.222902774810791,7.222902774810791,2.0877811908721924,169046
1997-09-10,7.222902774810791,7.250263214111328,7.113464832305908,7.140824794769287,2.064056873321533,105082
1997-09-11,7.113464832305908,7.16818380355835,7.086105823516846,7.127144813537598,2.060103178024292,88178
1997-09-12,7.113464832305908,7.250263214111328,7.058745861053467,7.250263214111328,2.0956904888153076,147115
1997-09-15,7.236583232879639,7.373380184173584,7.113464832305908,7.15450382232666,2.0680112838745117,262249
1997-09-16,7.209222793579102,7.428099155426025,7.209222793579102,7.373380184173584,2.1312780380249023,237121
1997-09-17,7.373380184173584,7.428099155426025,7.15450382232666,7.16818380355835,2.071965217590332,193260
1997-09-18,7.16818380355835,7.209222793579102,7.113464832305908,7.15450382232666,2.0680112838745117,185036
1997-09-19,7.140824794769287,7.222902774810791,7.086105823516846,7.140824794769287,2.064056873321533,229354
1997-09-22,7.140824794769287,7.181863784790039,7.113464832305908,7.127144813537598,2.060103178024292,275042
1997-09-23,7.072425842285156,7.113464832305908,6.976667881011963,7.045066833496094,2.0363786220550537,358651
1997-09-24,7.017706871032715,7.263941764831543,7.017706871032715,7.127144813537598,2.060103178024292,196458
1997-09-25,7.15450382232666,7.15450382232666,7.004026889801025,7.045066833496094,2.0363786220550537,175899
1997-09-26,7.058745861053467,7.181863784790039,6.990347862243652,7.181863784790039,2.0759196281433105,283266
1997-09-29,7.15450382232666,7.222902774810791,7.127144813537598,7.209222793579102,2.0838286876678467,77670
1997-09-30,7.209222793579102,7.3049821853637695,7.113464832305908,7.140824794769287,2.064056873321533,223414
1997-10-01,7.16818380355835,7.209222793579102,7.099785804748535,7.1955437660217285,2.0798733234405518,169502
1997-10-02,7.16818380355835,7.222902774810791,7.086105823516846,7.127144813537598,2.060103178024292,248543
1997-10-03,7.16818380355835,7.263941764831543,7.127144813537598,7.15450382232666,2.0680112838745117,205596
1997-10-06,7.181863784790039,7.181863784790039,7.127144813537598,7.16818380355835,2.071965217590332,71273
1997-10-07,7.16818380355835,7.318661212921143,7.127144813537598,7.29130220413208,2.1075527667999268,312506
1997-10-08,7.277622222900391,7.277622222900391,7.086105823516846,7.086105823516846,2.0482418537139893,270930
1997-10-09,7.058745861053467,7.140824794769287,7.031386852264404,7.127144813537598,2.060103178024292,97772
1997-10-10,7.099785804748535,7.209222793579102,7.058745861053467,7.209222793579102,2.0838286876678467,188235
1997-10-13,7.15450382232666,7.16818380355835,7.113464832305908,7.16818380355835,2.071965217590332,106910
1997-10-14,7.15450382232666,7.181863784790039,7.086105823516846,7.140824794769287,2.064056873321533,129754
1997-10-15,7.113464832305908,7.127144813537598,7.031386852264404,7.045066833496094,2.0363786220550537,325299
1997-10-16,7.058745861053467,7.127144813537598,7.004026889801025,7.031386852264404,2.032423257827759,315704
1997-10-17,6.976667881011963,7.058745861053467,6.826190948486328,6.839869976043701,1.9770654439926147,259965
1997-10-20,6.894588947296143,7.209222793579102,6.853549957275391,7.16818380355835,2.071965217590332,218846
1997-10-21,7.222902774810791,7.469139099121094,7.222902774810791,7.469139099121094,2.1589553356170654,699026
1997-10-22,7.469139099121094,7.496498107910156,7.428099155426025,7.469139099121094,2.1589553356170654,336721
1997-10-23,7.428099155426025,7.469139099121094,7.359701156616211,7.359701156616211,2.127323865890503,259051
1997-10-24,7.373380184173584,7.482818126678467,7.373380184173584,7.455459117889404,2.1550023555755615,144374
1997-10-27,7.455459117889404,7.510178089141846,7.387060165405273,7.387060165405273,2.1352317333221436,226612
1997-10-28,7.332341194152832,7.469139099121094,7.209222793579102,7.469139099121094,2.1589553356170654,551454
1997-10-29,7.400740146636963,7.523857116699219,7.400740146636963,7.482818126678467,2.182093858718872,1005593
1997-10-30,7.455459117889404,7.496498107910156,7.428099155426025,7.441779136657715,2.170125722885132,336721
1997-10-31,7.523857116699219,7.551217079162598,7.455459117889404,7.510178089141846,2.1900718212127686,326212
1997-11-03,7.605936050415039,7.6606550216674805,7.469139099121094,7.510178089141846,2.1900718212127686,284179
1997-11-04,7.551217079162598,7.57857608795166,7.441779136657715,7.551217079162598,2.202040195465088,405709
1997-11-05,7.496498107910156,7.564897060394287,7.414420127868652,7.441779136657715,2.170125722885132,157624
1997-11-06,7.441779136657715,7.523857116699219,7.441779136657715,7.510178089141846,2.1900718212127686,136607
1997-11-07,7.441779136657715,7.551217079162598,7.400740146636963,7.537537097930908,2.198051691055298,300627
1997-11-10,7.537537097930908,7.564897060394287,7.523857116699219,7.551217079162598,2.202040195465088,205596
1997-11-11,7.551217079162598,7.59225606918335,7.537537097930908,7.59225606918335,2.21400785446167,88635
1997-11-12,7.537537097930908,7.646975040435791,7.537537097930908,7.564897060394287,2.206029176712036,224785
1997-11-13,7.57857608795166,7.646975040435791,7.523857116699219,7.6196160316467285,2.2219855785369873,214734
1997-11-14,7.633295059204102,7.865850925445557,7.6196160316467285,7.865850925445557,2.293790817260742,359108
1997-11-17,7.920569896697998,8.098406791687012,7.865850925445557,7.96160888671875,2.3217155933380127,406166
1997-11-18,7.9479289054870605,7.9752888679504395,7.852170944213867,7.865850925445557,2.293790817260742,216104
1997-11-19,7.852170944213867,7.988968849182129,7.852170944213867,7.920569896697998,2.3097481727600098,140719
1997-11-20,7.906889915466309,8.125765800476074,7.906889915466309,8.112086296081543,2.3655967712402344,249000
1997-11-21,8.166805267333984,8.180484771728516,8.00264835357666,8.016327857971191,2.3376729488372803,241233
1997-11-24,7.96160888671875,8.08472728729248,7.96160888671875,8.04368782043457,2.3456506729125977,181838
1997-11-25,8.057367324829102,8.207844734191895,8.057367324829102,8.125765800476074,2.369586706161499,109194
1997-11-26,8.125765800476074,8.139446258544922,8.071046829223633,8.071046829223633,2.3536295890808105,151684
1997-11-28,8.098406791687012,8.235203742980957,8.098406791687012,8.180484771728516,2.3855433464050293,191890
1997-12-01,8.180484771728516,8.358322143554688,8.180484771728516,8.34464168548584,2.4334139823913574,441346
1997-12-02,8.330962181091309,8.426719665527344,8.330962181091309,8.426719665527344,2.457347869873047,248086
1997-12-03,8.426719665527344,8.426719665527344,8.330962181091309,8.34464168548584,2.4334139823913574,334436
1997-12-04,8.330962181091309,8.46776008605957,8.330962181091309,8.399360656738281,2.4493696689605713,398399
1997-12-05,8.372000694274902,8.727675437927246,8.358322143554688,8.536157608032227,2.4892613887786865,290576
1997-12-08,8.522479057312012,8.563517570495605,8.358322143554688,8.563517570495605,2.497239828109741,533636
1997-12-09,8.508798599243164,8.508798599243164,8.317281723022461,8.38568115234375,2.445380210876465,427183
1997-12-10,8.426719665527344,8.481438636779785,8.34464168548584,8.454079627990723,2.465327024459839,352711
1997-12-11,8.399360656738281,8.419879913330078,8.26256275177002,8.276243209838867,2.413468837738037,288748
1997-12-12,8.317281723022461,8.38568115234375,8.289922714233398,8.358322143554688,2.4374020099639893,202855
1997-12-15,8.413041114807129,8.604557037353516,8.399360656738281,8.495119094848633,2.477295160293579,255853
1997-12-16,8.495119094848633,8.522479057312012,8.372000694274902,8.399360656738281,2.4493696689605713,117875
1997-12-17,8.426719665527344,8.604557037353516,8.426719665527344,8.604557037353516,2.5092082023620605,129297
1997-12-18,8.590876579284668,8.590876579284668,8.289922714233398,8.440400123596191,2.4613382816314697,496629
1997-12-19,8.38568115234375,8.495119094848633,8.221524238586426,8.495119094848633,2.477295160293579,401598
1997-12-22,8.454079627990723,8.68663501739502,8.440400123596191,8.64559555053711,2.5211756229400635,230724
1997-12-23,8.64559555053711,8.68663501739502,8.549838066101074,8.563517570495605,2.497239828109741,271387
1997-12-24,8.590876579284668,8.727675437927246,8.563517570495605,8.727675437927246,2.545111656188965,121073
1997-12-26,8.700315475463867,8.713994979858398,8.590876579284668,8.604557037353516,2.5092082023620605,69446
1997-12-29,8.631916046142578,8.823432922363281,8.631916046142578,8.80975341796875,2.5690464973449707,282352
1997-12-30,8.80975341796875,8.905510902404785,8.700315475463867,8.755034446716309,2.5530898571014404,237121
1997-12-31,8.727675437927246,8.837113380432129,8.672956466674805,8.837113380432129,2.577024221420288,253568
1998-01-02,8.782394409179688,8.796072959899902,8.618236541748047,8.68663501739502,2.5331428050994873,175899
1998-01-05,8.713994979858398,8.755034446716309,8.522479057312012,8.563517570495605,2.497239828109741,394287
1998-01-06,8.508798599243164,8.508798599243164,8.180484771728516,8.235203742980957,2.4014992713928223,470586
1998-01-07,8.248884201049805,8.248884201049805,8.057367324829102,8.112086296081543,2.3655967712402344,588461
1998-01-08,8.098406791687012,8.139446258544922,7.9342498779296875,7.988968849182129,2.3296947479248047,747913
1998-01-09,7.9752888679504395,7.9752888679504395,7.3049821853637695,7.414420127868652,2.162147283554077,701311
1998-01-12,7.359701156616211,8.08472728729248,7.332341194152832,8.057367324829102,2.349640130996704,1017472
1998-01-13,8.00264835357666,8.030008316040039,7.920569896697998,7.96160888671875,2.3217155933380127,292403
1998-01-14,7.9342498779296875,8.098406791687012,7.920569896697998,8.098406791687012,2.361607313156128,428097
1998-01-15,8.04368782043457,8.071046829223633,7.988968849182129,7.988968849182129,2.3296947479248047,343117
1998-01-16,7.988968849182129,8.030008316040039,7.906889915466309,7.9342498779296875,2.313737392425537,286007
1998-01-20,7.893209934234619,7.96160888671875,7.852170944213867,7.96160888671875,2.3217155933380127,300627
1998-01-21,7.9479289054870605,7.9479289054870605,7.701694011688232,7.797451972961426,2.2738454341888428,425812
1998-01-22,7.783772945404053,7.811131954193115,7.770092964172363,7.797451972961426,2.2738454341888428,428097
1998-01-23,7.770092964172363,7.783772945404053,7.742733001708984,7.742733001708984,2.25788950920105,206510
1998-01-26,7.742733001708984,7.865850925445557,7.742733001708984,7.797451972961426,2.2738454341888428,338548
1998-01-27,7.783772945404053,7.865850925445557,7.783772945404053,7.811131954193115,2.277834415435791,156253
1998-01-28,7.729053974151611,7.729053974151611,7.605936050415039,7.6196160316467285,2.24082350730896,1135804
1998-01-29,7.605936050415039,7.742733001708984,7.57857608795166,7.633295059204102,2.244844913482666,348599
1998-01-30,7.6606550216674805,7.67433500289917,7.482818126678467,7.482818126678467,2.2005927562713623,286007
1998-02-02,7.496498107910156,7.701694011688232,7.496498107910156,7.701694011688232,2.264961004257202,382865
1998-02-03,7.67433500289917,7.96160888671875,7.67433500289917,7.96160888671875,2.341398239135742,442717
1998-02-04,7.906889915466309,7.920569896697998,7.838491916656494,7.865850925445557,2.313236951828003,1025696
1998-02-05,7.838491916656494,8.016327857971191,7.838491916656494,8.016327857971191,2.357490062713623,271387
1998-02-06,8.016327857971191,8.071046829223633,7.920569896697998,8.04368782043457,2.36553692817688,174071
1998-02-09,8.00264835357666,8.016327857971191,7.770092964172363,7.783772945404053,2.2890987396240234,396572
1998-02-10,7.783772945404053,7.893209934234619,7.715373992919922,7.893209934234619,2.3212826251983643,389719
1998-02-11,7.906889915466309,7.988968849182129,7.879530906677246,7.906889915466309,2.325305938720703,159451
1998-02-12,7.879530906677246,7.879530906677246,7.797451972961426,7.852170944213867,2.3092141151428223,343574
1998-02-13,7.865850925445557,7.879530906677246,7.770092964172363,7.770092964172363,2.2850756645202637,345401
1998-02-17,7.824811935424805,7.988968849182129,7.811131954193115,7.824811935424805,2.3011679649353027,366875
1998-02-18,7.824811935424805,7.879530906677246,7.824811935424805,7.879530906677246,2.317260265350342,205596
1998-02-19,7.838491916656494,7.865850925445557,7.6606550216674805,7.6606550216674805,2.252892017364502,631865
1998-02-20,7.6606550216674805,7.6606550216674805,7.633295059204102,7.6606550216674805,2.252892017364502,314333
1998-02-23,7.646975040435791,7.783772945404053,7.605936050415039,7.770092964172363,2.2850756645202637,410278
1998-02-24,7.770092964172363,7.770092964172363,7.6606550216674805,7.729053974151611,2.2730066776275635,158080
1998-02-25,7.715373992919922,7.729053974151611,7.551217079162598,7.564897060394287,2.2247307300567627,176356
1998-02-26,7.551217079162598,7.879530906677246,7.523857116699219,7.797451972961426,2.2931225299835205,218389
1998-02-27,7.742733001708984,7.742733001708984,7.605936050415039,7.6606550216674805,2.252892017364502,217018
1998-03-02,7.646975040435791,7.701694011688232,7.57857608795166,7.688014030456543,2.260936737060547,233923
1998-03-03,7.6606550216674805,7.770092964172363,7.6606550216674805,7.770092964172363,2.2850756645202637,101884
1998-03-04,7.715373992919922,7.838491916656494,7.715373992919922,7.783772945404053,2.2890987396240234,385150
1998-03-05,7.742733001708984,7.797451972961426,7.701694011688232,7.756412982940674,2.281052827835083,519016
1998-03-06,7.742733001708984,7.865850925445557,7.742733001708984,7.838491916656494,2.3051905632019043,326669
1998-03-09,7.797451972961426,8.08472728729248,7.783772945404053,8.00264835357666,2.3534679412841797,513533
1998-03-10,7.9479289054870605,8.098406791687012,7.9479289054870605,8.08472728729248,2.377605676651001,737861
1998-03-11,8.030008316040039,8.166805267333984,8.016327857971191,8.125765800476074,2.3896749019622803,607194
1998-03-12,8.071046829223633,8.358322143554688,8.057367324829102,8.330962181091309,2.4500186443328857,746542
1998-03-13,8.34464168548584,8.508798599243164,8.330962181091309,8.46776008605957,2.490250825881958,1148139
1998-03-16,8.426719665527344,8.80975341796875,8.426719665527344,8.713994979858398,2.562664270401001,1564814
1998-03-17,8.672956466674805,9.028629302978516,8.659276008605957,8.76871395111084,2.5787558555603027,1379321
1998-03-18,8.727675437927246,8.76871395111084,8.38568115234375,8.38568115234375,2.466111421585083,773498
1998-03-19,8.440400123596191,8.80975341796875,8.440400123596191,8.796072959899902,2.5868029594421387,909191
1998-03-20,8.80975341796875,9.028629302978516,8.741353988647461,8.932870864868164,2.62703275680542,1159105
1998-03-23,8.932870864868164,9.685256958007812,8.932870864868164,9.534778594970703,2.8040454387664795,2190740
1998-03-24,9.49374008178711,9.49374008178711,9.083348274230957,9.083348274230957,2.671286106109619,1054479
1998-03-25,9.097027778625488,9.439021110534668,9.001269340515137,9.329583168029785,2.743701219558716,1046712
1998-03-26,9.315903663635254,9.315903663635254,9.15174674987793,9.220145225524902,2.7115166187286377,437691
1998-03-27,9.206465721130371,9.206465721130371,8.878151893615723,8.89183235168457,2.614964008331299,116961
1998-03-30,8.919191360473633,9.028629302978516,8.837113380432129,8.837113380432129,2.598872184753418,267732
1998-03-31,8.919191360473633,9.19278621673584,8.905510902404785,8.919191360473633,2.623009204864502,318445
1998-04-01,8.89183235168457,9.014948844909668,8.850791931152344,8.987589836120605,2.643125534057617,110565
1998-04-02,9.028629302978516,9.138067245483398,9.028629302978516,9.11070728302002,2.6793315410614014,243517
1998-04-03,9.083348274230957,9.165426254272461,9.055988311767578,9.083348274230957,2.671286106109619,161279
1998-04-06,9.083348274230957,9.097027778625488,8.837113380432129,8.850791931152344,2.602895975112915,189605
1998-04-07,8.80975341796875,8.932870864868164,8.618236541748047,8.713994979858398,2.562664270401001,296515
1998-04-08,8.76871395111084,9.001269340515137,8.76871395111084,8.80975341796875,2.5908265113830566,219302
1998-04-09,8.878151893615723,8.919191360473633,8.796072959899902,8.796072959899902,2.5868029594421387,154425
1998-04-13,8.782394409179688,8.782394409179688,8.700315475463867,8.727675437927246,2.5666885375976562,354996
1998-04-14,8.755034446716309,9.06966781616211,8.755034446716309,9.028629302978516,2.6551942825317383,279154
1998-04-15,8.987589836120605,9.014948844909668,8.89183235168457,8.987589836120605,2.643125534057617,146202
1998-04-16,8.960229873657227,8.973910331726074,8.76871395111084,8.782394409179688,2.5827796459198,252198
1998-04-17,8.741353988647461,8.973910331726074,8.713994979858398,8.946551322937012,2.631056785583496,481552
1998-04-20,8.905510902404785,9.055988311767578,8.89183235168457,8.919191360473633,2.623009204864502,130668
1998-04-21,8.89183235168457,8.946551322937012,8.864472389221191,8.946551322937012,2.631056785583496,92290
1998-04-22,8.905510902404785,9.014948844909668,8.850791931152344,8.89183235168457,2.614964008331299,200113
1998-04-23,8.932870864868164,9.028629302978516,8.864472389221191,9.001269340515137,2.6471474170684814,299256
1998-04-24,8.987589836120605,9.06966781616211,8.659276008605957,8.727675437927246,2.5666885375976562,186864
1998-04-27,8.672956466674805,8.713994979858398,8.508798599243164,8.536157608032227,2.5103652477264404,113306
1998-04-28,8.508798599243164,8.631916046142578,8.440400123596191,8.440400123596191,2.501445770263672,874011
1998-04-29,8.495119094848633,8.522479057312012,8.399360656738281,8.440400123596191,2.501445770263672,85893
1998-04-30,8.481438636779785,8.919191360473633,8.440400123596191,8.864472389221191,2.627126932144165,180924
1998-05-01,8.850791931152344,8.878151893615723,8.631916046142578,8.727675437927246,2.5865862369537354,127470
1998-05-04,8.727675437927246,8.823432922363281,8.563517570495605,8.659276008605957,2.566314458847046,149857
1998-05-05,8.659276008605957,8.713994979858398,8.426719665527344,8.522479057312012,2.5257718563079834,265904
1998-05-06,8.495119094848633,8.782394409179688,8.440400123596191,8.782394409179688,2.602802038192749,269102
1998-05-07,8.741353988647461,8.864472389221191,8.618236541748047,8.837113380432129,2.619019031524658,332152
1998-05-08,8.823432922363281,8.973910331726074,8.796072959899902,8.878151893615723,2.6311800479888916,279611
1998-05-11,8.837113380432129,8.960229873657227,8.782394409179688,8.80975341796875,2.610910415649414,265904
1998-05-12,8.823432922363281,8.878151893615723,8.796072959899902,8.823432922363281,2.614964485168457,244888
1998-05-13,8.823432922363281,8.89183235168457,8.796072959899902,8.850791931152344,2.6230709552764893,171330
1998-05-14,8.878151893615723,8.878151893615723,8.536157608032227,8.577198028564453,2.5419888496398926,236207
1998-05-15,8.618236541748047,8.782394409179688,8.604557037353516,8.755034446716309,2.5946927070617676,234379
1998-05-18,8.782394409179688,8.946551322937012,8.741353988647461,8.850791931152344,2.6230709552764893,166304
1998-05-19,8.850791931152344,8.946551322937012,8.823432922363281,8.837113380432129,2.619019031524658,218389
1998-05-20,8.837113380432129,8.878151893615723,8.823432922363281,8.878151893615723,2.6311800479888916,240776
1998-05-21,8.850791931152344,8.864472389221191,8.796072959899902,8.864472389221191,2.627126932144165,174985
1998-05-22,8.864472389221191,8.864472389221191,8.755034446716309,8.80975341796875,2.610910415649414,135693
1998-05-26,8.782394409179688,8.782394409179688,8.46776008605957,8.481438636779785,2.513608932495117,196458
1998-05-27,8.522479057312012,8.522479057312012,8.26256275177002,8.289922714233398,2.4568495750427246,258137
1998-05-28,8.303603172302246,8.481438636779785,8.276243209838867,8.481438636779785,2.513608932495117,400684
1998-05-29,8.522479057312012,8.741353988647461,8.522479057312012,8.549838066101074,2.5338807106018066,241690
1998-06-01,8.522479057312012,8.522479057312012,8.317281723022461,8.358322143554688,2.477121353149414,482008
1998-06-02,8.372000694274902,8.522479057312012,8.221524238586426,8.248884201049805,2.4446871280670166,173158
1998-06-03,8.26256275177002,8.330962181091309,8.26256275177002,8.276243209838867,2.4527947902679443,307023
1998-06-04,8.289922714233398,8.303603172302246,8.153125762939453,8.221524238586426,2.4365792274475098,382409
1998-06-05,8.248884201049805,8.34464168548584,8.166805267333984,8.317281723022461,2.4649574756622314,309765
1998-06-08,8.317281723022461,8.549838066101074,8.276243209838867,8.481438636779785,2.513608932495117,237578
1998-06-09,8.508798599243164,8.549838066101074,8.34464168548584,8.372000694274902,2.4811761379241943,89548
1998-06-10,8.330962181091309,8.330962181091309,7.96160888671875,8.057367324829102,2.3879287242889404,367332
1998-06-11,8.08472728729248,8.125765800476074,7.824811935424805,7.838491916656494,2.3230605125427246,341289
1998-06-12,7.879530906677246,8.153125762939453,7.879530906677246,8.071046829223633,2.391982316970825,453682
1998-06-15,8.030008316040039,8.139446258544922,7.9342498779296875,7.9479289054870605,2.355494260787964,429467
1998-06-16,8.00264835357666,8.08472728729248,7.9479289054870605,8.030008316040039,2.379819869995117,194631
1998-06-17,8.04368782043457,8.303603172302246,7.988968849182129,8.235203742980957,2.4406328201293945,213820
1998-06-18,8.207844734191895,8.303603172302246,8.125765800476074,8.139446258544922,2.4122538566589355,72644
1998-06-19,8.08472728729248,8.207844734191895,8.08472728729248,8.180484771728516,2.4244163036346436,212449
1998-06-22,8.207844734191895,8.358322143554688,8.166805267333984,8.166805267333984,2.420362710952759,181838
1998-06-23,8.221524238586426,8.34464168548584,8.221524238586426,8.303603172302246,2.4609036445617676,339005
1998-06-24,8.358322143554688,8.440400123596191,8.330962181091309,8.426719665527344,2.497392177581787,445915
1998-06-25,8.454079627990723,8.563517570495605,8.358322143554688,8.522479057312012,2.5257718563079834,652882
1998-06-26,8.549838066101074,8.659276008605957,8.454079627990723,8.618236541748047,2.5541515350341797,261335
1998-06-29,8.577198028564453,8.80975341796875,8.563517570495605,8.577198028564453,2.5419888496398926,131581
1998-06-30,8.604557037353516,8.823432922363281,8.604557037353516,8.727675437927246,2.5865862369537354,221130
1998-07-01,8.727675437927246,8.89183235168457,8.68663501739502,8.89183235168457,2.635235548019409,261792
1998-07-02,8.960229873657227,8.960229873657227,8.659276008605957,8.659276008605957,2.566314458847046,294688
1998-07-06,8.604557037353516,8.76871395111084,8.604557037353516,8.76871395111084,2.598747730255127,281438
1998-07-07,8.76871395111084,8.864472389221191,8.700315475463867,8.837113380432129,2.619019031524658,524955
1998-07-08,8.782394409179688,8.782394409179688,8.577198028564453,8.577198028564453,2.5419888496398926,365961
1998-07-09,8.549838066101074,8.604557037353516,8.481438636779785,8.495119094848633,2.51766300201416,140262
1998-07-10,8.481438636779785,8.536157608032227,8.46776008605957,8.495119094848633,2.51766300201416,106453
1998-07-13,8.46776008605957,8.604557037353516,8.426719665527344,8.454079627990723,2.5055007934570312,77213
1998-07-14,8.495119094848633,8.577198028564453,8.454079627990723,8.563517570495605,2.537933826446533,68989
1998-07-15,8.549838066101074,8.549838066101074,8.38568115234375,8.413041114807129,2.4933366775512695,227983
1998-07-16,8.38568115234375,8.508798599243164,8.34464168548584,8.46776008605957,2.509554862976074,239862
1998-07-17,8.426719665527344,8.46776008605957,8.289922714233398,8.330962181091309,2.46901273727417,116961
1998-07-20,8.317281723022461,8.372000694274902,8.235203742980957,8.235203742980957,2.4406328201293945,137064
1998-07-21,8.276243209838867,8.289922714233398,8.166805267333984,8.166805267333984,2.420362710952759,107824
1998-07-22,8.139446258544922,8.207844734191895,8.098406791687012,8.098406791687012,2.4000909328460693,339005
1998-07-23,8.098406791687012,8.098406791687012,7.9342498779296875,8.00264835357666,2.3717105388641357,610392
1998-07-24,8.00264835357666,8.04368782043457,7.906889915466309,7.906889915466309,2.343332052230835,289205
1998-07-27,7.920569896697998,7.920569896697998,7.852170944213867,7.879530906677246,2.3352246284484863,296058
1998-07-28,7.742733001708984,7.824811935424805,7.729053974151611,7.770092964172363,2.3027901649475098,560592
1998-07-29,7.688014030456543,7.811131954193115,7.688014030456543,7.701694011688232,2.301971912384033,642373
1998-07-30,7.715373992919922,7.783772945404053,7.715373992919922,7.770092964172363,2.322416067123413,282352
1998-07-31,7.742733001708984,7.783772945404053,7.441779136657715,7.469139099121094,2.2324631214141846,551454
1998-08-03,7.482818126678467,7.510178089141846,7.359701156616211,7.373380184173584,2.2038416862487793,492517
1998-08-04,7.359701156616211,7.6196160316467285,7.263941764831543,7.523857116699219,2.2488186359405518,435864
1998-08-05,7.551217079162598,7.59225606918335,7.428099155426025,7.510178089141846,2.244730234146118,308394
1998-08-06,7.510178089141846,7.551217079162598,7.428099155426025,7.482818126678467,2.2365529537200928,248086
1998-08-07,7.482818126678467,7.701694011688232,7.387060165405273,7.400740146636963,2.212019205093384,454596
1998-08-10,7.373380184173584,7.373380184173584,7.263941764831543,7.263941764831543,2.1711323261260986,492974
1998-08-11,7.209222793579102,7.209222793579102,7.072425842285156,7.1955437660217285,2.1506869792938232,209708
1998-08-12,7.209222793579102,7.359701156616211,7.1955437660217285,7.3049821853637695,2.1833975315093994,185036
1998-08-13,7.318661212921143,7.428099155426025,7.113464832305908,7.209222793579102,2.154777765274048,268189
1998-08-14,7.209222793579102,7.414420127868652,7.1955437660217285,7.3460211753845215,2.195664882659912,358651
1998-08-17,7.3460211753845215,7.3460211753845215,7.113464832305908,7.222902774810791,2.1588640213012695,388348
1998-08-18,7.209222793579102,7.387060165405273,7.15450382232666,7.387060165405273,2.2079315185546875,358194
1998-08-19,7.387060165405273,7.387060165405273,7.181863784790039,7.181863784790039,2.146599292755127,281895
1998-08-20,7.181863784790039,7.236583232879639,7.031386852264404,7.222902774810791,2.1588640213012695,239405
1998-08-21,7.1955437660217285,7.209222793579102,6.990347862243652,7.209222793579102,2.154777765274048,254939
1998-08-24,7.222902774810791,7.414420127868652,7.181863784790039,7.222902774810791,2.1588640213012695,293317
1998-08-25,7.250263214111328,7.332341194152832,7.031386852264404,7.127144813537598,2.1302435398101807,273671
1998-08-26,7.072425842285156,7.099785804748535,6.908268928527832,6.908268928527832,2.064824104309082,254482
1998-08-27,6.86722993850708,6.894588947296143,6.511557102203369,6.538916110992432,1.9544280767440796,466931
1998-08-28,6.5662760734558105,6.662034034729004,6.5662760734558105,6.6483540534973145,1.9871373176574707,905993
1998-08-31,6.703073024749756,7.031386852264404,6.5662760734558105,6.579955101013184,1.9666944742202759,304739
1998-09-01,6.579955101013184,6.86722993850708,6.552596092224121,6.757791996002197,2.019847869873047,412563
1998-09-02,6.730432033538818,6.908268928527832,6.689393043518066,6.703073024749756,2.003493070602417,277783
1998-09-03,6.675714015960693,6.757791996002197,6.579955101013184,6.744112014770508,2.0157594680786133,295601
1998-09-04,6.757791996002197,7.1955437660217285,6.757791996002197,7.113464832305908,2.1261560916900635,310222
1998-09-08,7.16818380355835,7.414420127868652,7.140824794769287,7.414420127868652,2.2161078453063965,304282
1998-09-09,7.414420127868652,7.414420127868652,7.099785804748535,7.113464832305908,2.1261560916900635,336264
1998-09-10,7.113464832305908,7.236583232879639,7.086105823516846,7.209222793579102,2.154777765274048,113306
1998-09-11,7.15450382232666,7.510178089141846,7.15450382232666,7.441779136657715,2.2242848873138428,272300
1998-09-14,7.469139099121094,7.770092964172363,7.469139099121094,7.756412982940674,2.3183274269104004,334436
1998-09-15,7.729053974151611,7.852170944213867,7.633295059204102,7.783772945404053,2.3265042304992676,196002
1998-09-16,7.729053974151611,7.729053974151611,7.496498107910156,7.67433500289917,2.293794631958008,139348
1998-09-17,7.6196160316467285,7.6196160316467285,7.510178089141846,7.57857608795166,2.2651729583740234,95031
1998-09-18,7.715373992919922,8.057367324829102,7.688014030456543,8.04368782043457,2.404191493988037,325299
1998-09-21,7.988968849182129,8.098406791687012,7.783772945404053,7.838491916656494,2.3428592681884766,255853
1998-09-22,7.865850925445557,8.057367324829102,7.797451972961426,7.811131954193115,2.3346831798553467,225699
1998-09-23,7.811131954193115,8.153125762939453,7.811131954193115,8.098406791687012,2.420546531677246,347686
1998-09-24,8.098406791687012,8.098406791687012,7.824811935424805,7.879530906677246,2.3551270961761475,172244
1998-09-25,7.715373992919922,7.852170944213867,7.715373992919922,7.742733001708984,2.3142387866973877,320273
1998-09-28,7.838491916656494,7.9479289054870605,7.428099155426025,7.469139099121094,2.2324631214141846,572471
1998-09-29,7.523857116699219,7.564897060394287,7.400740146636963,7.551217079162598,2.2569961547851562,236207
1998-09-30,7.523857116699219,7.523857116699219,7.400740146636963,7.441779136657715,2.2242848873138428,286007
1998-10-01,7.400740146636963,7.482818126678467,7.236583232879639,7.29130220413208,2.179309606552124,360478
1998-10-02,7.3460211753845215,7.523857116699219,7.3460211753845215,7.510178089141846,2.244730234146118,201941
1998-10-05,7.510178089141846,7.510178089141846,7.222902774810791,7.441779136657715,2.2242848873138428,290576
1998-10-06,7.523857116699219,7.646975040435791,7.523857116699219,7.59225606918335,2.2692625522613525,273214
1998-10-07,7.59225606918335,7.688014030456543,7.455459117889404,7.59225606918335,2.2692625522613525,237121
1998-10-08,7.59225606918335,7.605936050415039,7.29130220413208,7.57857608795166,2.2651729583740234,297429
1998-10-09,7.6196160316467285,7.6196160316467285,7.387060165405273,7.400740146636963,2.212019205093384,286464
1998-10-12,7.441779136657715,7.482818126678467,7.414420127868652,7.414420127868652,2.2161078453063965,117875
1998-10-13,7.400740146636963,7.469139099121094,7.359701156616211,7.455459117889404,2.2283737659454346,179554
1998-10-14,7.482818126678467,7.688014030456543,7.441779136657715,7.59225606918335,2.2692625522613525,215190
1998-10-15,7.564897060394287,7.865850925445557,7.551217079162598,7.783772945404053,2.3265042304992676,213363
1998-10-16,7.838491916656494,7.9479289054870605,7.756412982940674,7.770092964172363,2.322416067123413,162192
1998-10-19,7.729053974151611,7.9342498779296875,7.701694011688232,7.797451972961426,2.330594539642334,155796
1998-10-20,7.797451972961426,7.9479289054870605,7.715373992919922,7.756412982940674,2.3183274269104004,115591
1998-10-21,7.811131954193115,7.811131954193115,7.59225606918335,7.67433500289917,2.293794631958008,133866
1998-10-22,7.67433500289917,7.67433500289917,7.387060165405273,7.455459117889404,2.2283737659454346,261335
1998-10-23,7.469139099121094,7.633295059204102,7.469139099121094,7.6196160316467285,2.277440309524536,176813
1998-10-26,7.6606550216674805,7.838491916656494,7.633295059204102,7.701694011688232,2.301971912384033,149400
1998-10-27,7.756412982940674,7.811131954193115,7.6196160316467285,7.6606550216674805,2.289705991744995,167218
1998-10-28,7.6606550216674805,7.742733001708984,7.400740146636963,7.455459117889404,2.2482874393463135,729637
1998-10-29,7.482818126678467,7.482818126678467,7.428099155426025,7.482818126678467,2.2565393447875977,79497
1998-10-30,7.496498107910156,7.633295059204102,7.428099155426025,7.496498107910156,2.2606639862060547,166761
1998-11-02,7.510178089141846,7.6606550216674805,7.496498107910156,7.6606550216674805,2.310166597366333,146202
1998-11-03,7.6606550216674805,7.879530906677246,7.646975040435791,7.688014030456543,2.3184189796447754,175442
1998-11-04,7.688014030456543,7.865850925445557,7.688014030456543,7.838491916656494,2.3637959957122803,211992
1998-11-05,7.824811935424805,8.08472728729248,7.770092964172363,7.893209934234619,2.380297899246216,270016
1998-11-06,7.838491916656494,7.9752888679504395,7.770092964172363,7.879530906677246,2.3761723041534424,169502
1998-11-09,7.906889915466309,7.906889915466309,7.523857116699219,7.537537097930908,2.2730400562286377,138435
1998-11-10,7.67433500289917,7.770092964172363,7.564897060394287,7.67433500289917,2.3142924308776855,228440
1998-11-11,7.6606550216674805,7.729053974151611,7.6196160316467285,7.688014030456543,2.3184189796447754,147572
1998-11-12,7.6606550216674805,8.08472728729248,7.6606550216674805,7.742733001708984,2.3349196910858154,194174
1998-11-13,7.783772945404053,8.00264835357666,7.783772945404053,7.9752888679504395,2.4050509929656982,299713
1998-11-16,7.96160888671875,8.180484771728516,7.96160888671875,8.139446258544922,2.4545531272888184,381952
1998-11-17,8.139446258544922,8.303603172302246,7.906889915466309,7.906889915466309,2.384423017501831,402054
1998-11-18,7.879530906677246,8.098406791687012,7.715373992919922,7.852170944213867,2.367921829223633,142547
1998-11-19,7.852170944213867,7.9752888679504395,7.824811935424805,7.893209934234619,2.380297899246216,81782
1998-11-20,7.893209934234619,8.016327857971191,7.852170944213867,7.906889915466309,2.384423017501831,62136
1998-11-23,7.906889915466309,8.04368782043457,7.906889915466309,7.9752888679504395,2.4050509929656982,105082
1998-11-24,7.9479289054870605,7.968449115753174,7.770092964172363,7.811131954193115,2.355546236038208,254025
1998-11-25,7.811131954193115,7.9752888679504395,7.701694011688232,7.783772945404053,2.3472959995269775,327583
1998-11-27,7.797451972961426,7.797451972961426,7.729053974151611,7.797451972961426,2.3514208793640137,38378
1998-11-30,7.797451972961426,7.879530906677246,7.523857116699219,7.6196160316467285,2.2977917194366455,796799
1998-12-01,7.564897060394287,7.59225606918335,7.428099155426025,7.57857608795166,2.2854158878326416,279611
1998-12-02,7.57857608795166,7.57857608795166,7.414420127868652,7.469139099121094,2.2524142265319824,312963
1998-12-03,7.469139099121094,7.496498107910156,7.387060165405273,7.414420127868652,2.2359116077423096,212449
1998-12-04,7.428099155426025,7.482818126678467,7.359701156616211,7.441779136657715,2.2441635131835938,227983
1998-12-07,7.441779136657715,7.59225606918335,7.400740146636963,7.441779136657715,2.2441635131835938,173614
1998-12-08,7.387060165405273,7.523857116699219,7.3460211753845215,7.496498107910156,2.2606639862060547,184580
1998-12-09,7.537537097930908,7.537537097930908,7.359701156616211,7.428099155426025,2.240037679672241,240776
1998-12-10,7.400740146636963,7.428099155426025,7.250263214111328,7.359701156616211,2.219411611557007,258137
1998-12-11,7.332341194152832,7.400740146636963,7.263941764831543,7.277622222900391,2.194659948348999,181838
1998-12-14,7.3049821853637695,7.441779136657715,7.263941764831543,7.332341194152832,2.211160898208618,205596
1998-12-15,7.29130220413208,7.359701156616211,7.209222793579102,7.263941764831543,2.190533399581909,391546
1998-12-16,7.263941764831543,7.277622222900391,7.15450382232666,7.209222793579102,2.174032688140869,184580
1998-12-17,7.209222793579102,7.441779136657715,7.086105823516846,7.441779136657715,2.2441635131835938,310678
1998-12-18,7.469139099121094,7.688014030456543,7.400740146636963,7.6606550216674805,2.310166597366333,377840
1998-12-21,7.715373992919922,7.742733001708984,7.496498107910156,7.496498107910156,2.2606639862060547,429010
1998-12-22,7.510178089141846,7.510178089141846,7.414420127868652,7.469139099121094,2.2524142265319824,356823
1998-12-23,7.469139099121094,7.633295059204102,7.428099155426025,7.605936050415039,2.2936668395996094,169502
1998-12-24,7.6196160316467285,7.742733001708984,7.605936050415039,7.688014030456543,2.3184189796447754,88178
1998-12-28,7.688014030456543,7.893209934234619,7.688014030456543,7.838491916656494,2.3637959957122803,192346
1998-12-29,7.865850925445557,7.9342498779296875,7.824811935424805,7.893209934234619,2.380297899246216,244431
1998-12-30,7.920569896697998,8.08472728729248,7.920569896697998,8.04368782043457,2.4256765842437744,177269
1998-12-31,8.030008316040039,8.030008316040039,7.906889915466309,7.906889915466309,2.384423017501831,233923
1999-01-04,7.9479289054870605,8.139446258544922,7.688014030456543,7.783772945404053,2.3472959995269775,423528
1999-01-05,7.838491916656494,7.893209934234619,7.824811935424805,7.838491916656494,2.3637959957122803,258594
1999-01-06,7.701694011688232,7.852170944213867,7.701694011688232,7.838491916656494,2.3637959957122803,222501
1999-01-07,7.852170944213867,7.852170944213867,7.67433500289917,7.756412982940674,2.3390445709228516,160365
1999-01-08,7.756412982940674,7.756412982940674,7.605936050415039,7.729053974151611,2.3307950496673584,285093
1999-01-11,7.701694011688232,7.824811935424805,7.688014030456543,7.729053974151611,2.3307950496673584,157624
1999-01-12,7.701694011688232,7.811131954193115,7.551217079162598,7.564897060394287,2.2812910079956055,305196
1999-01-13,7.441779136657715,7.537537097930908,7.332341194152832,7.537537097930908,2.2730400562286377,510792
1999-01-14,7.496498107910156,7.510178089141846,7.359701156616211,7.359701156616211,2.219411611557007,188235
1999-01-15,7.359701156616211,7.414420127868652,7.250263214111328,7.3049821853637695,2.202908992767334,716388
1999-01-19,7.250263214111328,7.250263214111328,7.099785804748535,7.140824794769287,2.15340518951416,265447
1999-01-20,7.113464832305908,7.15450382232666,6.935628890991211,6.935628890991211,2.0915262699127197,785834
1999-01-21,6.949307918548584,6.976667881011963,6.908268928527832,6.976667881011963,2.10390305519104,335807
1999-01-22,6.935628890991211,6.990347862243652,6.908268928527832,6.962987899780273,2.0997774600982666,308394
1999-01-25,6.962987899780273,6.962987899780273,6.8809099197387695,6.962987899780273,2.0997774600982666,220216
1999-01-26,6.962987899780273,6.962987899780273,6.839869976043701,6.853549957275391,2.066774368286133,298800
1999-01-27,6.826190948486328,6.839869976043701,6.6483540534973145,6.703073024749756,2.0416088104248047,834720
1999-01-28,6.703073024749756,6.703073024749756,6.374759197235107,6.388439178466797,1.9457788467407227,1000567
1999-01-29,6.415798187255859,6.429478168487549,6.237961769104004,6.402119159698486,1.9499460458755493,562419
1999-02-01,6.511557102203369,6.6073150634765625,6.443158149719238,6.5662760734558105,1.9999438524246216,292860
1999-02-02,6.525236129760742,6.620995044708252,6.306361198425293,6.347400188446045,1.9332787990570068,344944
1999-02-03,6.3337202072143555,6.347400188446045,6.210601806640625,6.320040225982666,1.9249461889266968,441803
1999-02-04,6.374759197235107,6.538916110992432,6.2242817878723145,6.511557102203369,1.9832769632339478,509878
1999-02-05,6.511557102203369,6.6483540534973145,6.48419713973999,6.552596092224121,1.9957773685455322,905079
1999-02-08,6.538916110992432,6.757791996002197,6.538916110992432,6.593635082244873,2.0082762241363525,290119
1999-02-09,6.593635082244873,6.593635082244873,6.48419713973999,6.511557102203369,1.9832769632339478,219302
1999-02-10,6.49787712097168,6.5662760734558105,6.429478168487549,6.456838130950928,1.9666105508804321,135693
1999-02-11,6.402119159698486,6.402119159698486,6.237961769104004,6.251642227172852,1.904112696647644,373271
1999-02-12,6.265320777893066,6.320040225982666,5.978046894073486,6.128523826599121,1.8666141033172607,447286
1999-02-16,6.210601806640625,6.374759197235107,6.128523826599121,6.128523826599121,1.8666141033172607,500284
1999-02-17,6.046444892883301,6.087484836578369,5.9096479415893555,5.964366912841797,1.8166155815124512,355910
1999-02-18,5.895967960357666,5.950686931610107,5.841248989105225,5.882288932800293,1.7916160821914673,404796
1999-02-19,5.8686089515686035,5.923327922821045,5.841248989105225,5.895967960357666,1.7957825660705566,177726
1999-02-22,5.937007904052734,6.114843845367432,5.937007904052734,5.991725921630859,1.8249483108520508,318445
1999-02-23,5.964366912841797,5.964366912841797,5.786530017852783,5.813889980316162,1.7707829475402832,463276
1999-02-24,5.8686089515686035,5.978046894073486,5.704452037811279,5.718132019042969,1.7416181564331055,455509
1999-02-25,5.718132019042969,5.854928970336914,5.69077205657959,5.759171009063721,1.7541167736053467,344944
1999-02-26,5.759171009063721,5.895967960357666,5.704452037811279,5.827569961547852,1.7749501466751099,519016
1999-03-01,5.854928970336914,6.087484836578369,5.800209999084473,6.005405902862549,1.8291152715682983,322557
1999-03-02,5.978046894073486,6.032765865325928,5.800209999084473,5.827569961547852,1.7749501466751099,314790
1999-03-03,5.813889980316162,5.964366912841797,5.77285099029541,5.964366912841797,1.8166155815124512,416675
1999-03-04,5.964366912841797,5.964366912841797,5.8686089515686035,5.895967960357666,1.7957825660705566,382865
1999-03-05,5.895967960357666,6.07380485534668,5.895967960357666,6.06012487411499,1.8457818031311035,343574
1999-03-08,6.046444892883301,6.128523826599121,5.9096479415893555,6.005405902862549,1.8291152715682983,226612
1999-03-09,5.978046894073486,5.978046894073486,5.854928970336914,5.882288932800293,1.7916160821914673,109651
1999-03-10,5.964366912841797,6.155882835388184,5.964366912841797,6.155882835388184,1.874947190284729,386064
1999-03-11,6.210601806640625,6.538916110992432,6.210601806640625,6.2926812171936035,1.916613221168518,726896
1999-03-12,6.3337202072143555,6.429478168487549,6.101163864135742,6.101163864135742,1.858280897140503,407994
1999-03-15,6.101163864135742,6.2242817878723145,6.07380485534668,6.155882835388184,1.874947190284729,302455
1999-03-16,6.1832427978515625,6.1832427978515625,6.032765865325928,6.032765865325928,1.8374478816986084,191433
1999-03-17,6.032765865325928,6.114843845367432,5.923327922821045,6.07380485534668,1.8499470949172974,249000
1999-03-18,6.087484836578369,6.128523826599121,6.046444892883301,6.07380485534668,1.8499470949172974,169959
1999-03-19,6.06012487411499,6.101163864135742,5.882288932800293,5.9096479415893555,1.799949288368225,267732
1999-03-22,5.991725921630859,6.019085884094238,5.813889980316162,5.8686089515686035,1.7874501943588257,321187
1999-03-23,5.827569961547852,5.827569961547852,5.581334114074707,5.636053085327148,1.7166188955307007,452768
1999-03-24,5.6770920753479,5.745491027832031,5.581334114074707,5.636053085327148,1.7166188955307007,354539
1999-03-25,5.649733066558838,5.718132019042969,5.636053085327148,5.704452037811279,1.737451434135437,376012
1999-03-26,5.704452037811279,5.745491027832031,5.5539751052856445,5.5539751052856445,1.6916190385818481,233923
1999-03-29,5.567655086517334,5.6770920753479,5.526615142822266,5.526615142822266,1.6832858324050903,277326
1999-03-30,5.526615142822266,5.5950140953063965,5.499256134033203,5.581334114074707,1.6999515295028687,317532
1999-03-31,5.581334114074707,5.5950140953063965,5.362458229064941,5.417177200317383,1.6499528884887695,662019
1999-04-01,5.458217144012451,5.5950140953063965,5.362458229064941,5.512936115264893,1.679119348526001,771670
1999-04-05,5.567655086517334,5.622373104095459,5.540295124053955,5.5950140953063965,1.7041194438934326,440889
1999-04-06,5.540295124053955,5.759171009063721,5.540295124053955,5.718132019042969,1.7416181564331055,556480
1999-04-07,5.704452037811279,5.704452037811279,5.5539751052856445,5.636053085327148,1.7166188955307007,403882
1999-04-08,5.622373104095459,5.800209999084473,5.622373104095459,5.69077205657959,1.7332849502563477,534093
1999-04-09,5.69077205657959,6.005405902862549,5.649733066558838,5.978046894073486,1.82078218460083,411192
1999-04-12,5.964366912841797,5.964366912841797,5.841248989105225,5.882288932800293,1.7916160821914673,314790
1999-04-13,5.854928970336914,5.895967960357666,5.813889980316162,5.813889980316162,1.7707829475402832,393831
1999-04-14,5.854928970336914,5.854928970336914,5.718132019042969,5.827569961547852,1.7749501466751099,328497
1999-04-15,5.800209999084473,5.895967960357666,5.786530017852783,5.813889980316162,1.7707829475402832,249000
1999-04-16,5.841248989105225,5.9096479415893555,5.786530017852783,5.895967960357666,1.7957825660705566,568359
1999-04-19,5.895967960357666,6.114843845367432,5.882288932800293,5.964366912841797,1.8166155815124512,771213
1999-04-20,5.964366912841797,6.101163864135742,5.964366912841797,6.032765865325928,1.8374478816986084,245345
1999-04-21,6.046444892883301,6.320040225982666,6.046444892883301,6.169562816619873,1.8791134357452393,393374
1999-04-22,6.169562816619873,6.3337202072143555,6.1422038078308105,6.210601806640625,1.891613483428955,564247
1999-04-23,6.210601806640625,6.237961769104004,6.046444892883301,6.087484836578369,1.8541141748428345,333522
1999-04-26,6.101163864135742,6.114843845367432,5.950686931610107,5.964366912841797,1.8166155815124512,489318
1999-04-27,6.005405902862549,6.07380485534668,5.950686931610107,6.07380485534668,1.8499470949172974,506680
1999-04-28,6.005405902862549,6.210601806640625,6.005405902862549,6.1832427978515625,1.9045565128326416,201484
1999-04-29,6.2242817878723145,6.3337202072143555,6.196922779083252,6.265320777893066,1.9298386573791504,189148
1999-04-30,6.320040225982666,6.361079216003418,6.032765865325928,6.114843845367432,1.8834887742996216,306566
1999-05-03,6.087484836578369,6.196922779083252,6.06012487411499,6.1832427978515625,1.9045565128326416,118789
1999-05-04,6.210601806640625,6.279001235961914,6.06012487411499,6.087484836578369,1.8750617504119873,383779
1999-05-05,6.087484836578369,6.251642227172852,6.019085884094238,6.237961769104004,1.921411156654358,503939
1999-05-06,6.1832427978515625,6.1832427978515625,6.005405902862549,6.046444892883301,1.8624205589294434,248543
1999-05-07,6.046444892883301,6.1422038078308105,6.005405902862549,6.032765865325928,1.8582066297531128,296972
1999-05-10,6.005405902862549,6.128523826599121,6.005405902862549,6.101163864135742,1.8792754411697388,395201
1999-05-11,6.114843845367432,6.155882835388184,6.101163864135742,6.1422038078308105,1.8919166326522827,488405
1999-05-12,6.114843845367432,6.1422038078308105,6.005405902862549,6.114843845367432,1.8834887742996216,269559
1999-05-13,6.128523826599121,6.320040225982666,6.101163864135742,6.237961769104004,1.921411156654358,427640
1999-05-14,6.196922779083252,6.320040225982666,6.128523826599121,6.279001235961914,1.9340511560440063,349970
1999-05-17,6.320040225982666,6.374759197235107,6.237961769104004,6.347400188446045,1.9551204442977905,213363
1999-05-18,6.320040225982666,6.3337202072143555,6.210601806640625,6.320040225982666,1.9466924667358398,123358
1999-05-19,6.347400188446045,6.429478168487549,6.347400188446045,6.415798187255859,1.9761879444122314,227069
1999-05-20,6.374759197235107,6.415798187255859,6.279001235961914,6.2926812171936035,1.9382658004760742,411192
1999-05-21,6.320040225982666,6.48419713973999,6.306361198425293,6.470517158508301,1.9930436611175537,214734
1999-05-24,6.456838130950928,6.525236129760742,6.402119159698486,6.402119159698486,1.9719760417938232,105539
1999-05-25,6.415798187255859,6.593635082244873,6.402119159698486,6.402119159698486,1.9719760417938232,373271
1999-05-26,6.415798187255859,6.538916110992432,6.415798187255859,6.49787712097168,2.0014700889587402,262706
1999-05-27,6.456838130950928,6.49787712097168,6.415798187255859,6.443158149719238,1.9846150875091553,169502
1999-05-28,6.470517158508301,6.675714015960693,6.470517158508301,6.5662760734558105,2.022538423538208,276412
1999-06-01,6.525236129760742,6.593635082244873,6.347400188446045,6.593635082244873,2.0309648513793945,233923
1999-06-02,6.5662760734558105,6.689393043518066,6.552596092224121,6.5662760734558105,2.022538423538208,271387
1999-06-03,6.552596092224121,6.6483540534973145,6.48419713973999,6.552596092224121,2.0183231830596924,128383
1999-06-04,6.538916110992432,6.689393043518066,6.538916110992432,6.689393043518066,2.060459613800049,175442
1999-06-07,6.662034034729004,6.662034034729004,6.511557102203369,6.634674072265625,2.043606758117676,172701
1999-06-08,6.620995044708252,6.689393043518066,6.5662760734558105,6.593635082244873,2.0309648513793945,332609
1999-06-09,6.552596092224121,6.771471977233887,6.538916110992432,6.662034034729004,2.0520341396331787,159908
1999-06-10,6.6073150634765625,6.6073150634765625,6.388439178466797,6.470517158508301,1.9930436611175537,174985
1999-06-11,6.470517158508301,6.552596092224121,6.388439178466797,6.456838130950928,1.9888293743133545,127013
1999-06-14,6.470517158508301,6.662034034729004,6.456838130950928,6.593635082244873,2.0309648513793945,225242
1999-06-15,6.6483540534973145,6.853549957275391,6.634674072265625,6.6483540534973145,2.047818899154663,402968
1999-06-16,6.662034034729004,6.839869976043701,6.593635082244873,6.839869976043701,2.106809377670288,196915
1999-06-17,6.812510967254639,6.853549957275391,6.6483540534973145,6.839869976043701,2.106809377670288,295144
1999-06-18,6.894588947296143,7.031386852264404,6.853549957275391,6.962987899780273,2.1447343826293945,464190
1999-06-21,6.962987899780273,6.962987899780273,6.538916110992432,6.703073024749756,2.0646750926971436,356823
1999-06-22,6.675714015960693,6.962987899780273,6.675714015960693,6.949307918548584,2.1405189037323,293774
1999-06-23,6.935628890991211,6.935628890991211,6.78515100479126,6.8809099197387695,2.119450807571411,229811
1999-06-24,6.853549957275391,6.9219489097595215,6.6483540534973145,6.675714015960693,2.0562472343444824,373271
1999-06-25,6.6483540534973145,6.86722993850708,6.6483540534973145,6.826190948486328,2.1025965213775635,143917
1999-06-28,6.826190948486328,7.004026889801025,6.798830986022949,6.949307918548584,2.1405189037323,358194
1999-06-29,6.962987899780273,7.031386852264404,6.894588947296143,6.990347862243652,2.153160572052002,245345
1999-06-30,6.976667881011963,6.983508110046387,6.826190948486328,6.949307918548584,2.1405189037323,501654
1999-07-01,6.935628890991211,7.045066833496094,6.839869976043701,7.017706871032715,2.161587715148926,322557
1999-07-02,7.045066833496094,7.058745861053467,6.9219489097595215,7.045066833496094,2.170015573501587,194631
1999-07-06,7.031386852264404,7.045066833496094,6.86722993850708,6.8809099197387695,2.119450807571411,287378
1999-07-07,6.86722993850708,7.031386852264404,6.86722993850708,6.949307918548584,2.1405189037323,349513
1999-07-08,6.935628890991211,7.113464832305908,6.8809099197387695,7.099785804748535,2.1868679523468018,482008
1999-07-09,7.086105823516846,7.140824794769287,7.004026889801025,7.072425842285156,2.1784422397613525,227069
1999-07-12,7.072425842285156,7.086105823516846,7.004026889801025,7.031386852264404,2.165801525115967,190519
1999-07-13,7.004026889801025,7.045066833496094,6.812510967254639,7.017706871032715,2.161587715148926,227069
1999-07-14,7.031386852264404,7.140824794769287,7.004026889801025,7.140824794769287,2.199510097503662,235293
1999-07-15,7.127144813537598,7.250263214111328,7.072425842285156,7.113464832305908,2.191082239151001,351798
1999-07-16,7.099785804748535,7.113464832305908,6.9219489097595215,6.976667881011963,2.148946523666382,323928
1999-07-19,6.990347862243652,7.16818380355835,6.976667881011963,7.140824794769287,2.199510097503662,292403
1999-07-20,7.140824794769287,7.140824794769287,7.004026889801025,7.031386852264404,2.165801525115967,224328
1999-07-21,7.031386852264404,7.113464832305908,6.976667881011963,7.086105823516846,2.182655096054077,162192
1999-07-22,7.086105823516846,7.140824794769287,7.058745861053467,7.140824794769287,2.199510097503662,159908
1999-07-23,7.127144813537598,7.15450382232666,7.086105823516846,7.099785804748535,2.1868679523468018,180924
1999-07-26,7.127144813537598,7.15450382232666,6.962987899780273,6.976667881011963,2.148946523666382,115134
1999-07-27,6.976667881011963,7.045066833496094,6.949307918548584,7.045066833496094,2.170015573501587,159908
1999-07-28,7.017706871032715,7.017706871032715,6.78515100479126,6.839869976043701,2.127297878265381,155796
1999-07-29,6.839869976043701,6.8809099197387695,6.744112014770508,6.771471977233887,2.106025218963623,139348
1999-07-30,6.78515100479126,7.031386852264404,6.771471977233887,6.962987899780273,2.1655914783477783,172244
1999-08-02,6.9219489097595215,6.976667881011963,6.78515100479126,6.839869976043701,2.127297878265381,326212
1999-08-03,6.86722993850708,7.031386852264404,6.839869976043701,7.017706871032715,2.1826088428497314,225242
1999-08-04,7.045066833496094,7.15450382232666,6.8809099197387695,6.962987899780273,2.1655914783477783,224328
1999-08-05,6.949307918548584,6.962987899780273,6.812510967254639,6.853549957275391,2.1315536499023438,338548
1999-08-06,6.853549957275391,6.86722993850708,6.78515100479126,6.812510967254639,2.1187894344329834,211079
1999-08-09,6.812510967254639,6.9219489097595215,6.78515100479126,6.908268928527832,2.148571252822876,367332
1999-08-10,6.894588947296143,6.949307918548584,6.86722993850708,6.908268928527832,2.148571252822876,228440
1999-08-11,6.908268928527832,6.949307918548584,6.826190948486328,6.894588947296143,2.1443169116973877,131125
1999-08-12,6.9219489097595215,6.9219489097595215,6.675714015960693,6.675714015960693,2.0762438774108887,171787
1999-08-13,6.703073024749756,6.812510967254639,6.703073024749756,6.812510967254639,2.1187894344329834,287834
1999-08-16,6.812510967254639,6.949307918548584,6.78515100479126,6.86722993850708,2.135807514190674,251741
1999-08-17,6.894588947296143,6.962987899780273,6.894588947296143,6.949307918548584,2.1613352298736572,166304
1999-08-18,6.935628890991211,6.976667881011963,6.757791996002197,6.78515100479126,2.110280990600586,256767
1999-08-19,6.78515100479126,6.853549957275391,6.593635082244873,6.839869976043701,2.127297878265381,631865
1999-08-20,6.798830986022949,6.908268928527832,6.798830986022949,6.908268928527832,2.148571252822876,170416
1999-08-23,6.894588947296143,6.990347862243652,6.894588947296143,6.935628890991211,2.157080888748169,196915
1999-08-24,6.894588947296143,6.894588947296143,6.78515100479126,6.826190948486328,2.123044013977051,632322
1999-08-25,6.853549957275391,6.86722993850708,6.716753005981445,6.86722993850708,2.135807514190674,311135
1999-08-26,6.908268928527832,6.908268928527832,6.78515100479126,6.86722993850708,2.135807514190674,445458
1999-08-27,6.86722993850708,6.894588947296143,6.78515100479126,6.812510967254639,2.1187894344329834,200113
1999-08-30,6.798830986022949,6.826190948486328,6.5662760734558105,6.593635082244873,2.050715684890747,345401
1999-08-31,6.620995044708252,6.853549957275391,6.620995044708252,6.798830986022949,2.114534378051758,392917
1999-09-01,6.78515100479126,6.853549957275391,6.716753005981445,6.757791996002197,2.101771354675293,143003
1999-09-02,6.716753005981445,6.716753005981445,6.538916110992432,6.6483540534973145,2.0677335262298584,119703
1999-09-03,6.703073024749756,6.771471977233887,6.634674072265625,6.675714015960693,2.0762438774108887,257223
1999-09-07,6.703073024749756,6.744112014770508,6.6483540534973145,6.744112014770508,2.09751558303833,609021
1999-09-08,6.716753005981445,6.812510967254639,6.703073024749756,6.771471977233887,2.106025218963623,369159
1999-09-09,6.757791996002197,6.771471977233887,6.744112014770508,6.771471977233887,2.106025218963623,63963
1999-09-10,6.78515100479126,6.8809099197387695,6.757791996002197,6.812510967254639,2.1187894344329834,362763
1999-09-13,6.812510967254639,6.826190948486328,6.703073024749756,6.78515100479126,2.110280990600586,116048
1999-09-14,6.757791996002197,6.757791996002197,6.689393043518066,6.716753005981445,2.089007616043091,56196
1999-09-15,6.757791996002197,6.771471977233887,6.662034034729004,6.730432033538818,2.0932624340057373,186864
1999-09-16,6.634674072265625,6.78515100479126,6.579955101013184,6.78515100479126,2.110280990600586,460078
1999-09-17,6.78515100479126,6.908268928527832,6.78515100479126,6.894588947296143,2.1443169116973877,305196
1999-09-20,6.853549957275391,6.908268928527832,6.839869976043701,6.853549957275391,2.1315536499023438,197372
1999-09-21,6.826190948486328,6.826190948486328,6.579955101013184,6.675714015960693,2.0762438774108887,242603
1999-09-22,6.675714015960693,6.730432033538818,6.675714015960693,6.689393043518066,2.0804972648620605,241233
1999-09-23,6.662034034729004,6.675714015960693,6.5662760734558105,6.593635082244873,2.050715684890747,466931
1999-09-24,6.579955101013184,6.6073150634765625,6.511557102203369,6.525236129760742,2.029442310333252,176356
1999-09-27,6.538916110992432,6.716753005981445,6.525236129760742,6.703073024749756,2.0847535133361816,313877
1999-09-28,6.689393043518066,6.689393043518066,6.48419713973999,6.5662760734558105,2.0422072410583496,281895
1999-09-29,6.5662760734558105,6.703073024749756,6.5662760734558105,6.6073150634765625,2.054971218109131,170416
1999-09-30,6.5662760734558105,6.662034034729004,6.538916110992432,6.634674072265625,2.0634803771972656,209251
1999-10-01,6.620995044708252,6.620995044708252,6.429478168487549,6.470517158508301,2.012425661087036,407994
1999-10-04,6.48419713973999,6.662034034729004,6.48419713973999,6.6073150634765625,2.054971218109131,154425
1999-10-05,6.579955101013184,6.6483540534973145,6.511557102203369,6.620995044708252,2.059225559234619,238034
1999-10-06,6.6073150634765625,6.730432033538818,6.6073150634765625,6.634674072265625,2.0634803771972656,227983
1999-10-07,6.634674072265625,6.634674072265625,6.48419713973999,6.593635082244873,2.050715684890747,271844
1999-10-08,6.6073150634765625,6.6073150634765625,6.470517158508301,6.538916110992432,2.033698320388794,67618
1999-10-11,6.511557102203369,6.511557102203369,6.415798187255859,6.443158149719238,2.0039150714874268,210165
1999-10-12,6.456838130950928,6.525236129760742,6.443158149719238,6.49787712097168,2.0209338665008545,241690
1999-10-13,6.470517158508301,6.525236129760742,6.374759197235107,6.48419713973999,2.016679286956787,227983
1999-10-14,6.49787712097168,6.6073150634765625,6.443158149719238,6.5662760734558105,2.0422072410583496,232095
1999-10-15,6.5662760734558105,6.579955101013184,6.511557102203369,6.538916110992432,2.033698320388794,225699
1999-10-18,6.525236129760742,6.703073024749756,6.48419713973999,6.48419713973999,2.016679286956787,345401
1999-10-19,6.552596092224121,6.593635082244873,6.511557102203369,6.511557102203369,2.0251882076263428,226156
1999-10-20,6.511557102203369,6.511557102203369,6.388439178466797,6.456838130950928,2.0081703662872314,247172
1999-10-21,6.456838130950928,6.456838130950928,6.306361198425293,6.374759197235107,1.9826422929763794,236207
1999-10-22,6.415798187255859,6.415798187255859,6.320040225982666,6.320040225982666,1.9656237363815308,476526
1999-10-25,6.279001235961914,6.347400188446045,6.128523826599121,6.306361198425293,1.9613690376281738,537291
1999-10-26,6.279001235961914,6.429478168487549,6.279001235961914,6.402119159698486,1.9911531209945679,524041
1999-10-27,6.361079216003418,6.525236129760742,6.361079216003418,6.48419713973999,2.0382821559906006,419873
1999-10-28,6.579955101013184,6.6483540534973145,6.443158149719238,6.456838130950928,2.029681444168091,265447
1999-10-29,6.511557102203369,6.525236129760742,6.347400188446045,6.388439178466797,2.0081803798675537,418959
1999-11-01,6.443158149719238,6.443158149719238,6.361079216003418,6.361079216003418,1.9995794296264648,208337
1999-11-02,6.388439178466797,6.5662760734558105,6.265320777893066,6.2926812171936035,1.978079080581665,709535
1999-11-03,6.2926812171936035,6.415798187255859,6.237961769104004,6.279001235961914,1.973779320716858,522671
1999-11-04,6.347400188446045,6.443158149719238,6.347400188446045,6.347400188446045,1.9952802658081055,225699
1999-11-05,6.388439178466797,6.402119159698486,6.251642227172852,6.251642227172852,1.96517813205719,262706
1999-11-08,6.279001235961914,6.470517158508301,6.279001235961914,6.456838130950928,2.029681444168091,317532
1999-11-09,6.443158149719238,6.511557102203369,6.361079216003418,6.374759197235107,2.003880739212036,261335
1999-11-10,6.361079216003418,6.443158149719238,6.3337202072143555,6.347400188446045,1.9952802658081055,364133
1999-11-11,6.374759197235107,6.443158149719238,6.347400188446045,6.374759197235107,2.003880739212036,177726
1999-11-12,6.374759197235107,6.388439178466797,6.279001235961914,6.320040225982666,1.986679196357727,434493
1999-11-15,6.306361198425293,6.48419713973999,6.210601806640625,6.443158149719238,2.025381088256836,871727
1999-11-16,6.49787712097168,6.593635082244873,6.470517158508301,6.525236129760742,2.051182270050049,619529
1999-11-17,6.511557102203369,6.5662760734558105,6.374759197235107,6.443158149719238,2.025381088256836,254025
1999-11-18,6.443158149719238,6.49787712097168,6.374759197235107,6.388439178466797,2.0081803798675537,255396
1999-11-19,6.415798187255859,6.415798187255859,6.210601806640625,6.251642227172852,1.96517813205719,475612
1999-11-22,6.196922779083252,6.196922779083252,5.8686089515686035,6.005405902862549,1.8877758979797363,617702
1999-11-23,6.005405902862549,6.019085884094238,5.786530017852783,5.854928970336914,1.8404737710952759,402054
1999-11-24,5.895967960357666,6.046444892883301,5.882288932800293,5.964366912841797,1.8748749494552612,238948
1999-11-26,5.950686931610107,6.019085884094238,5.937007904052734,5.937007904052734,1.8662747144699097,94117
1999-11-29,5.895967960357666,5.895967960357666,5.800209999084473,5.813889980316162,1.8275727033615112,298343
1999-11-30,5.813889980316162,5.895967960357666,5.745491027832031,5.895967960357666,1.8533742427825928,457794
1999-12-01,5.895967960357666,5.978046894073486,5.854928970336914,5.964366912841797,1.8748749494552612,378297
1999-12-02,5.978046894073486,6.128523826599121,5.937007904052734,5.937007904052734,1.8662747144699097,379667
1999-12-03,5.937007904052734,6.3337202072143555,5.937007904052734,6.251642227172852,1.96517813205719,583436
1999-12-06,6.2242817878723145,6.402119159698486,6.1832427978515625,6.2926812171936035,1.978079080581665,1133976
1999-12-07,6.279001235961914,6.279001235961914,6.046444892883301,6.087484836578369,1.9135764837265015,382409
1999-12-08,6.06012487411499,6.06012487411499,5.923327922821045,6.032765865325928,1.896376371383667,251284
1999-12-09,6.087484836578369,6.114843845367432,5.950686931610107,5.964366912841797,1.8748749494552612,298343
1999-12-10,5.978046894073486,5.978046894073486,5.841248989105225,5.8686089515686035,1.8447744846343994,282352
1999-12-13,5.841248989105225,5.923327922821045,5.813889980316162,5.882288932800293,1.8490740060806274,335807
1999-12-14,5.8686089515686035,5.9096479415893555,5.759171009063721,5.813889980316162,1.8275727033615112,816445
1999-12-15,5.77285099029541,5.854928970336914,5.759171009063721,5.813889980316162,1.8275727033615112,487948
1999-12-16,5.841248989105225,5.841248989105225,5.745491027832031,5.77285099029541,1.8146723508834839,443630
1999-12-17,5.69077205657959,5.813889980316162,5.69077205657959,5.786530017852783,1.8189716339111328,834720
1999-12-20,5.745491027832031,5.854928970336914,5.745491027832031,5.759171009063721,1.810372233390808,229811
1999-12-21,5.745491027832031,5.895967960357666,5.718132019042969,5.786530017852783,1.8189716339111328,158537
1999-12-22,5.759171009063721,5.841248989105225,5.704452037811279,5.813889980316162,1.8275727033615112,212449
1999-12-23,5.800209999084473,5.800209999084473,5.718132019042969,5.718132019042969,1.7974724769592285,235293
1999-12-27,5.745491027832031,5.827569961547852,5.649733066558838,5.69077205657959,1.7888718843460083,290119
1999-12-28,5.69077205657959,5.77285099029541,5.69077205657959,5.731811046600342,1.8017725944519043,312963
1999-12-29,5.704452037811279,5.731811046600342,5.567655086517334,5.636053085327148,1.7716721296310425,228897
1999-12-30,5.622373104095459,5.622373104095459,5.471896171569824,5.540295124053955,1.7415691614151,279154
1999-12-31,5.512936115264893,5.512936115264893,5.471896171569824,5.499256134033203,1.7286694049835205,361849
2000-01-03,5.526615142822266,5.526615142822266,5.38981819152832,5.430857181549072,1.7071682214736938,921527
2000-01-04,5.40349817276001,5.471896171569824,5.335099220275879,5.362458229064941,1.6856671571731567,403425
2000-01-05,5.40349817276001,5.444537162780762,5.362458229064941,5.417177200317383,1.7028684616088867,1007877
2000-01-06,5.430857181549072,5.499256134033203,5.376138210296631,5.417177200317383,1.7028684616088867,570643
2000-01-07,5.444537162780762,5.622373104095459,5.444537162780762,5.622373104095459,1.7673701047897339,468759
2000-01-10,5.608694076538086,5.649733066558838,5.581334114074707,5.608694076538086,1.763071060180664,385150
2000-01-11,5.5950140953063965,5.636053085327148,5.540295124053955,5.540295124053955,1.7415691614151,394287
2000-01-12,5.581334114074707,5.69077205657959,5.581334114074707,5.6770920753479,1.7845715284347534,704509
2000-01-13,5.6770920753479,5.813889980316162,5.6770920753479,5.800209999084473,1.823272466659546,490689
2000-01-14,5.786530017852783,5.854928970336914,5.663413047790527,5.745491027832031,1.8060721158981323,418045
2000-01-18,5.69077205657959,5.745491027832031,5.636053085327148,5.649733066558838,1.7759711742401123,262706
2000-01-19,5.69077205657959,5.786530017852783,5.69077205657959,5.718132019042969,1.7974724769592285,287378
2000-01-20,5.745491027832031,5.77285099029541,5.69077205657959,5.759171009063721,1.810372233390808,224328
2000-01-21,5.759171009063721,6.06012487411499,5.718132019042969,6.032765865325928,1.896376371383667,425355
2000-01-24,6.032765865325928,6.1832427978515625,5.978046894073486,6.032765865325928,1.896376371383667,572928
2000-01-25,6.032765865325928,6.128523826599121,5.923327922821045,5.923327922821045,1.8619745969772339,339462
2000-01-26,5.978046894073486,6.06012487411499,5.895967960357666,5.9096479415893555,1.8576732873916626,319816
2000-01-27,5.841248989105225,5.854928970336914,5.704452037811279,5.704452037811279,1.8140006065368652,243060
2000-01-28,5.704452037811279,5.77285099029541,5.6770920753479,5.704452037811279,1.8140006065368652,263163
2000-01-31,5.718132019042969,5.813889980316162,5.581334114074707,5.718132019042969,1.8183497190475464,344031
2000-02-01,5.69077205657959,5.800209999084473,5.526615142822266,5.745491027832031,1.8270493745803833,258594
2000-02-02,5.800209999084473,5.841248989105225,5.718132019042969,5.800209999084473,1.8444496393203735,294231
2000-02-03,5.77285099029541,5.841248989105225,5.608694076538086,5.800209999084473,1.8444496393203735,270930
2000-02-04,5.800209999084473,5.800209999084473,5.581334114074707,5.649733066558838,1.79659903049469,270473
2000-02-07,5.649733066558838,5.649733066558838,5.512936115264893,5.526615142822266,1.7574479579925537,506223
2000-02-08,5.526615142822266,5.526615142822266,5.26669979095459,5.444537162780762,1.7313472032546997,938432
2000-02-09,5.38981819152832,5.444537162780762,5.294060230255127,5.348779201507568,1.7008960247039795,564247
2000-02-10,5.321418762207031,5.444537162780762,5.321418762207031,5.40349817276001,1.718296766281128,214277
2000-02-11,5.362458229064941,5.417177200317383,5.143582820892334,5.198301792144775,1.653045415878296,421243
2000-02-14,5.2530198097229,5.38981819152832,5.1299028396606445,5.321418762207031,1.692196011543274,276412
2000-02-15,5.335099220275879,5.471896171569824,5.335099220275879,5.444537162780762,1.7313472032546997,467845
2000-02-16,5.444537162780762,5.458217144012451,5.26669979095459,5.294060230255127,1.6834965944290161,397029
2000-02-17,5.321418762207031,5.430857181549072,5.307738780975342,5.321418762207031,1.692196011543274,267732
2000-02-18,5.321418762207031,5.335099220275879,5.239340782165527,5.239340782165527,1.666095495223999,293317
2000-02-22,5.211980819702148,5.211980819702148,5.061503887176514,5.143582820892334,1.6356456279754639,195545
2000-02-23,5.143582820892334,5.143582820892334,5.034144878387451,5.075183868408203,1.6138944625854492,151684
2000-02-24,5.034144878387451,5.075183868408203,4.8563079833984375,4.911026954650879,1.5616928339004517,483379
2000-02-25,4.911026954650879,4.97942590713501,4.760550022125244,4.760550022125244,1.5138415098190308,402968
2000-02-28,4.787909030914307,4.924706935882568,4.774230003356934,4.8973469734191895,1.557342529296875,313877
2000-02-29,4.8563079833984375,4.993104934692383,4.842628002166748,4.96574592590332,1.5790929794311523,329410
2000-03-01,4.96574592590332,5.034144878387451,4.96574592590332,5.034144878387451,1.6008431911468506,402054
2000-03-02,4.993104934692383,5.061503887176514,4.96574592590332,4.97942590713501,1.5834429264068604,568816
2000-03-03,4.952065944671631,5.061503887176514,4.8836669921875,4.993104934692383,1.5877935886383057,364133
2000-03-06,4.96574592590332,4.97942590713501,4.8973469734191895,4.924706935882568,1.5660425424575806,257223
2000-03-07,4.938385963439941,5.102542877197266,4.8836669921875,5.006784915924072,1.5921434164047241,318902
2000-03-08,5.047823905944824,5.184621810913086,5.034144878387451,5.157261848449707,1.6399943828582764,392003
2000-03-09,5.116222858428955,5.198301792144775,5.047823905944824,5.198301792144775,1.653045415878296,436320
2000-03-10,5.1709418296813965,5.239340782165527,5.088863849639893,5.211980819702148,1.6573944091796875,394744
2000-03-13,5.157261848449707,5.239340782165527,5.075183868408203,5.239340782165527,1.666095495223999,579781
2000-03-14,5.198301792144775,5.198301792144775,4.952065944671631,4.96574592590332,1.5790929794311523,586177
2000-03-15,5.006784915924072,5.1709418296813965,4.8973469734191895,5.061503887176514,1.6095432043075562,444544
2000-03-16,5.047823905944824,5.38981819152832,5.047823905944824,5.38981819152832,1.7139463424682617,412563
2000-03-17,5.335099220275879,5.335099220275879,5.102542877197266,5.321418762207031,1.692196011543274,546885
2000-03-20,5.376138210296631,5.38981819152832,5.307738780975342,5.38981819152832,1.7139463424682617,307023
2000-03-21,5.348779201507568,5.471896171569824,5.321418762207031,5.471896171569824,1.7400463819503784,305196
2000-03-22,5.471896171569824,5.5950140953063965,5.225660800933838,5.294060230255127,1.6834965944290161,341289
2000-03-23,5.348779201507568,5.430857181549072,5.239340782165527,5.280379772186279,1.6791458129882812,172701
2000-03-24,5.2530198097229,5.348779201507568,5.239340782165527,5.348779201507568,1.7008960247039795,230724
2000-03-27,5.321418762207031,5.417177200317383,5.307738780975342,5.348779201507568,1.7008960247039795,184580
2000-03-28,5.348779201507568,5.362458229064941,5.198301792144775,5.198301792144775,1.653045415878296,218846
2000-03-29,5.143582820892334,5.40349817276001,5.143582820892334,5.335099220275879,1.6965471506118774,193260
2000-03-30,5.362458229064941,5.417177200317383,5.307738780975342,5.40349817276001,1.718296766281128,392460
2000-03-31,5.40349817276001,5.526615142822266,5.321418762207031,5.471896171569824,1.7400463819503784,333522
2000-04-03,5.485576152801514,5.485576152801514,5.417177200317383,5.485576152801514,1.744397521018982,179554
2000-04-04,5.458217144012451,5.499256134033203,5.280379772186279,5.458217144012451,1.7356977462768555,252198
2000-04-05,5.499256134033203,5.512936115264893,5.348779201507568,5.38981819152832,1.7139463424682617,578410
2000-04-06,5.417177200317383,5.485576152801514,5.348779201507568,5.485576152801514,1.744397521018982,232552
2000-04-07,5.512936115264893,5.540295124053955,5.376138210296631,5.444537162780762,1.7313472032546997,185950
2000-04-10,5.485576152801514,5.499256134033203,5.38981819152832,5.40349817276001,1.718296766281128,254939
2000-04-11,5.40349817276001,5.430857181549072,5.307738780975342,5.40349817276001,1.718296766281128,360478
2000-04-12,5.40349817276001,5.471896171569824,5.348779201507568,5.417177200317383,1.7226471900939941,718215
2000-04-13,5.430857181549072,5.663413047790527,5.417177200317383,5.5950140953063965,1.7791985273361206,305653
2000-04-14,5.636053085327148,5.77285099029541,5.526615142822266,5.540295124053955,1.7617971897125244,339462
2000-04-17,5.581334114074707,5.649733066558838,5.499256134033203,5.622373104095459,1.787898063659668,270930
2000-04-18,5.5950140953063965,5.5950140953063965,5.471896171569824,5.567655086517334,1.7704981565475464,206510
2000-04-19,5.567655086517334,5.581334114074707,5.499256134033203,5.5539751052856445,1.7661482095718384,185036
2000-04-20,5.471896171569824,5.704452037811279,5.471896171569824,5.6770920753479,1.8052995204925537,250370
2000-04-24,5.649733066558838,5.663413047790527,5.526615142822266,5.567655086517334,1.7704981565475464,256767
2000-04-25,5.581334114074707,5.704452037811279,5.526615142822266,5.704452037811279,1.8140006065368652,246258
2000-04-26,5.608694076538086,5.663413047790527,5.581334114074707,5.622373104095459,1.809421420097351,194174
2000-04-27,5.636053085327148,5.636053085327148,5.430857181549072,5.485576152801514,1.765395998954773,257223
2000-04-28,5.485576152801514,5.636053085327148,5.458217144012451,5.526615142822266,1.7786039113998413,233466
2000-05-01,5.417177200317383,5.622373104095459,5.40349817276001,5.567655086517334,1.7918108701705933,205596
2000-05-02,5.526615142822266,5.636053085327148,5.512936115264893,5.567655086517334,1.7918108701705933,273214
2000-05-03,5.5539751052856445,5.574493885040283,5.526615142822266,5.540295124053955,1.7830053567886353,250827
2000-05-04,5.540295124053955,5.581334114074707,5.526615142822266,5.526615142822266,1.7786039113998413,127013
2000-05-05,5.540295124053955,5.608694076538086,5.526615142822266,5.608694076538086,1.8050190210342407,100057
2000-05-08,5.649733066558838,5.759171009063721,5.567655086517334,5.5950140953063965,1.8006163835525513,179097
2000-05-09,5.567655086517334,5.5950140953063965,5.471896171569824,5.499256134033203,1.7697992324829102,399313
2000-05-10,5.499256134033203,5.608694076538086,5.471896171569824,5.512936115264893,1.774201512336731,348143
2000-05-11,5.5950140953063965,5.69077205657959,5.5539751052856445,5.649733066558838,1.8182258605957031,199657
2000-05-12,5.636053085327148,5.704452037811279,5.581334114074707,5.636053085327148,1.8138240575790405,95945
2000-05-15,5.636053085327148,5.991725921630859,5.526615142822266,5.882288932800293,1.893068790435791,476983
2000-05-16,5.978046894073486,5.978046894073486,5.854928970336914,5.895967960357666,1.8974711894989014,483836
2000-05-17,5.8686089515686035,5.882288932800293,5.69077205657959,5.786530017852783,1.8622500896453857,256310
2000-05-18,5.786530017852783,5.895967960357666,5.704452037811279,5.745491027832031,1.8490430116653442,177269
2000-05-19,5.69077205657959,5.759171009063721,5.649733066558838,5.718132019042969,1.8402388095855713,259508
2000-05-22,5.745491027832031,5.895967960357666,5.745491027832031,5.895967960357666,1.8974711894989014,258594
2000-05-23,5.8686089515686035,5.882288932800293,5.759171009063721,5.813889980316162,1.8710559606552124,114220
2000-05-24,5.813889980316162,6.005405902862549,5.77285099029541,6.005405902862549,1.9326908588409424,424898
2000-05-25,5.991725921630859,6.06012487411499,5.9096479415893555,5.923327922821045,1.9062755107879639,214277
2000-05-26,5.950686931610107,6.169562816619873,5.9096479415893555,6.019085884094238,1.9370918273925781,234836
2000-05-30,6.087484836578369,6.169562816619873,6.087484836578369,6.1422038078308105,1.9767155647277832,280981
2000-05-31,6.155882835388184,6.443158149719238,6.155882835388184,6.374759197235107,2.0515575408935547,431752
2000-06-01,6.415798187255859,6.6073150634765625,6.402119159698486,6.579955101013184,2.1175947189331055,611762
2000-06-02,6.6483540534973145,6.839869976043701,6.579955101013184,6.593635082244873,2.1219966411590576,632322
2000-06-05,6.579955101013184,6.579955101013184,6.306361198425293,6.347400188446045,2.042752981185913,362306
2000-06-06,6.374759197235107,6.511557102203369,6.1832427978515625,6.2242817878723145,2.0031299591064453,402511
2000-06-07,6.265320777893066,6.265320777893066,6.128523826599121,6.1832427978515625,1.9899230003356934,294231
2000-06-08,6.1832427978515625,6.2242817878723145,6.046444892883301,6.087484836578369,1.9591056108474731,266818
2000-06-09,6.114843845367432,6.265320777893066,6.114843845367432,6.2242817878723145,2.0031299591064453,209251
2000-06-12,6.237961769104004,6.361079216003418,6.210601806640625,6.251642227172852,2.011935234069824,208337
2000-06-13,6.265320777893066,6.429478168487549,6.237961769104004,6.306361198425293,2.029545307159424,162649
2000-06-14,6.279001235961914,6.306361198425293,6.210601806640625,6.265320777893066,2.0163376331329346,314333
2000-06-15,6.251642227172852,6.2926812171936035,6.1832427978515625,6.2242817878723145,2.0031299591064453,303825
2000-06-16,6.237961769104004,6.367918968200684,6.196922779083252,6.265320777893066,2.0163376331329346,514904
2000-06-19,6.279001235961914,6.279001235961914,6.1832427978515625,6.251642227172852,2.011935234069824,217018
2000-06-20,6.2242817878723145,6.2242817878723145,6.128523826599121,6.169562816619873,1.9855201244354248,299713
2000-06-21,6.1832427978515625,6.251642227172852,6.101163864135742,6.155882835388184,1.9811179637908936,454596
2000-06-22,6.1832427978515625,6.210601806640625,5.937007904052734,6.005405902862549,1.9326908588409424,435864
2000-06-23,5.991725921630859,6.114843845367432,5.950686931610107,5.964366912841797,1.9194828271865845,241233
2000-06-26,6.019085884094238,6.128523826599121,5.964366912841797,5.991725921630859,1.9282877445220947,164020
2000-06-27,6.019085884094238,6.06012487411499,5.841248989105225,5.8686089515686035,1.8886661529541016,554195
2000-06-28,5.895967960357666,6.06012487411499,5.77285099029541,6.025926113128662,1.9392951726913452,399770
2000-06-29,6.019085884094238,6.019085884094238,5.882288932800293,5.882288932800293,1.893068790435791,443630
2000-06-30,5.9096479415893555,6.087484836578369,5.636053085327148,5.680511951446533,1.8281320333480835,1654362
2000-07-03,5.526615142822266,5.937007904052734,5.526615142822266,5.937007904052734,1.9106775522232056,474241
2000-07-05,5.923327922821045,5.964366912841797,5.8686089515686035,5.895967960357666,1.8974711894989014,328954
2000-07-06,5.882288932800293,5.895967960357666,5.800209999084473,5.8686089515686035,1.8886661529541016,269559
2000-07-07,5.841248989105225,5.937007904052734,5.813889980316162,5.841248989105225,1.8798609972000122,143460
2000-07-10,5.882288932800293,5.895967960357666,5.800209999084473,5.854928970336914,1.8842631578445435,201027
2000-07-11,5.854928970336914,5.978046894073486,5.854928970336914,5.964366912841797,1.9194828271865845,162192
2000-07-12,6.005405902862549,6.019085884094238,5.937007904052734,5.978046894073486,1.9238858222961426,243517
2000-07-13,5.950686931610107,5.950686931610107,5.9096479415893555,5.937007904052734,1.9106775522232056,80868
2000-07-14,5.937007904052734,5.937007904052734,5.854928970336914,5.854928970336914,1.8842631578445435,474698
2000-07-17,5.854928970336914,5.882288932800293,5.800209999084473,5.854928970336914,1.8842631578445435,454139
2000-07-18,5.854928970336914,5.964366912841797,5.841248989105225,5.923327922821045,1.9062755107879639,301084
2000-07-19,5.950686931610107,6.046444892883301,5.937007904052734,6.019085884094238,1.9370918273925781,223414
2000-07-20,6.06012487411499,6.0806450843811035,6.019085884094238,6.032765865325928,1.94149649143219,196002
2000-07-21,6.005405902862549,6.06012487411499,5.978046894073486,5.978046894073486,1.9238858222961426,143460
2000-07-24,5.991725921630859,5.991725921630859,5.786530017852783,5.854928970336914,1.8842631578445435,185036
2000-07-25,5.882288932800293,5.950686931610107,5.813889980316162,5.895967960357666,1.8974711894989014,171330
2000-07-26,5.882288932800293,5.937007904052734,5.813889980316162,5.895967960357666,1.8974711894989014,184580
2000-07-27,5.8686089515686035,5.937007904052734,5.813889980316162,5.937007904052734,1.9329222440719604,224328
2000-07-28,5.827569961547852,5.827569961547852,5.745491027832031,5.759171009063721,1.8750237226486206,201027
2000-07-31,5.786530017852783,5.964366912841797,5.786530017852783,5.841248989105225,1.9017465114593506,286007
2000-08-01,5.854928970336914,6.019085884094238,5.827569961547852,5.937007904052734,1.9329222440719604,139348
2000-08-02,6.128523826599121,6.251642227172852,6.046444892883301,6.237961769104004,2.0309054851531982,370073
2000-08-03,6.237961769104004,6.48419713973999,6.2242817878723145,6.388439178466797,2.079895257949829,368245
2000-08-04,6.374759197235107,6.402119159698486,6.2242817878723145,6.361079216003418,2.0709879398345947,207880
2000-08-07,6.402119159698486,6.443158149719238,6.2926812171936035,6.419218063354492,2.089916229248047,260422
2000-08-08,6.374759197235107,6.552596092224121,6.347400188446045,6.511557102203369,2.119978904724121,418045
2000-08-09,6.456838130950928,6.552596092224121,6.443158149719238,6.525236129760742,2.1244328022003174,208337
2000-08-10,6.538916110992432,6.5662760734558105,6.456838130950928,6.5012969970703125,2.1166393756866455,228440
2000-08-11,6.49787712097168,6.703073024749756,6.402119159698486,6.634674072265625,2.1600630283355713,375555
2000-08-14,6.662034034729004,6.798830986022949,6.5662760734558105,6.730432033538818,2.1912405490875244,305653
2000-08-15,6.78515100479126,7.072425842285156,6.744112014770508,6.908268928527832,2.2491378784179688,718215
2000-08-16,6.9219489097595215,7.086105823516846,6.853549957275391,6.949307918548584,2.262498140335083,373271
2000-08-17,6.962987899780273,6.962987899780273,6.839869976043701,6.908268928527832,2.2491378784179688,320273
2000-08-18,6.8809099197387695,6.8809099197387695,6.798830986022949,6.826190948486328,2.222414493560791,289662
2000-08-21,6.757791996002197,6.839869976043701,6.744112014770508,6.771471977233887,2.204602003097534,362306
2000-08-22,6.757791996002197,6.894588947296143,6.744112014770508,6.8809099197387695,2.240231513977051,193260
2000-08-23,6.894588947296143,6.949307918548584,6.798830986022949,6.908268928527832,2.2491378784179688,179554
2000-08-24,6.9219489097595215,6.9219489097595215,6.812510967254639,6.8809099197387695,2.240231513977051,240776
2000-08-25,6.839869976043701,6.853549957275391,6.730432033538818,6.771471977233887,2.204602003097534,179554
2000-08-28,6.798830986022949,6.86722993850708,6.798830986022949,6.826190948486328,2.222414493560791,126556
2000-08-29,6.853549957275391,6.9219489097595215,6.812510967254639,6.894588947296143,2.2446842193603516,221130
2000-08-30,6.908268928527832,7.017706871032715,6.908268928527832,6.976667881011963,2.271406650543213,180011
2000-08-31,6.990347862243652,7.127144813537598,6.949307918548584,6.993768215179443,2.2769742012023926,452311
2000-09-01,7.017706871032715,7.031386852264404,6.962987899780273,7.031386852264404,2.289222478866577,160822
2000-09-05,7.072425842285156,7.332341194152832,7.004026889801025,7.222902774810791,2.3515753746032715,618159
2000-09-06,7.222902774810791,7.400740146636963,7.181863784790039,7.318661212921143,2.3827500343322754,300627
2000-09-07,7.359701156616211,7.537537097930908,7.359701156616211,7.537537097930908,2.454010486602783,294231
2000-09-08,7.537537097930908,7.605936050415039,7.455459117889404,7.571736812591553,2.465144634246826,375555
2000-09-11,7.551217079162598,7.852170944213867,7.551217079162598,7.824811935424805,2.5475387573242188,631865
2000-09-12,7.824811935424805,7.9752888679504395,7.701694011688232,7.797451972961426,2.5386319160461426,531808
2000-09-13,7.879530906677246,7.893209934234619,7.742733001708984,7.811131954193115,2.5430843830108643,297886
2000-09-14,7.797451972961426,7.811131954193115,7.57857608795166,7.633295059204102,2.4851856231689453,259508
2000-09-15,7.6196160316467285,8.00264835357666,7.6196160316467285,7.99238920211792,2.6020970344543457,598056
2000-09-18,8.00264835357666,8.125765800476074,7.906889915466309,7.9752888679504395,2.596529722213745,423071
2000-09-19,8.00264835357666,8.00264835357666,7.715373992919922,7.756412982940674,2.5252702236175537,239405
2000-09-20,7.770092964172363,7.865850925445557,7.763253211975098,7.811131954193115,2.5430843830108643,253112
2000-09-21,7.811131954193115,7.811131954193115,7.729053974151611,7.770092964172363,2.5297229290008545,253112
2000-09-22,7.770092964172363,7.811131954193115,7.646975040435791,7.742733001708984,2.52081561088562,236664
2000-09-25,7.797451972961426,7.797451972961426,7.6196160316467285,7.715373992919922,2.511909008026123,335807
2000-09-26,7.715373992919922,7.893209934234619,7.715373992919922,7.865850925445557,2.5608999729156494,201484
2000-09-27,7.852170944213867,8.08472728729248,7.838491916656494,8.057367324829102,2.623253583908081,294231
2000-09-28,8.04368782043457,8.207844734191895,8.04368782043457,8.166805267333984,2.658881902694702,620443
2000-09-29,8.112086296081543,8.755034446716309,8.112086296081543,8.7037353515625,2.8336920738220215,1179664
2000-10-02,8.672956466674805,8.713994979858398,8.495119094848633,8.672956466674805,2.823669672012329,566988
2000-10-03,8.64559555053711,8.837113380432129,8.55667781829834,8.782394409179688,2.8592991828918457,681665
2000-10-04,8.782394409179688,9.11070728302002,8.672956466674805,9.097027778625488,2.9617340564727783,1270583
2000-10-05,9.06966781616211,9.12438678741455,8.973910331726074,9.042308807373047,2.9439215660095215,619986
2000-10-06,9.042308807373047,9.794693946838379,9.042308807373047,9.343262672424316,3.041903018951416,1168242
2000-10-09,9.384302139282227,9.480059623718262,9.19278621673584,9.19278621673584,2.992912530899048,672984
2000-10-10,9.19278621673584,9.698936462402344,8.864472389221191,8.973910331726074,2.921651840209961,883606
2000-10-11,8.89183235168457,9.220145225524902,8.850791931152344,9.042308807373047,2.9439215660095215,686691
2000-10-12,9.028629302978516,9.274864196777344,8.987589836120605,9.11070728302002,2.966188907623291,412563
2000-10-13,9.165426254272461,9.19278621673584,8.946551322937012,9.06966781616211,2.9528281688690186,443630
2000-10-16,9.042308807373047,9.233824729919434,8.850791931152344,9.15174674987793,2.979550838470459,362306
2000-10-17,9.15174674987793,9.15174674987793,8.64559555053711,8.864472389221191,2.886021375656128,592573
2000-10-18,8.878151893615723,8.987589836120605,8.618236541748047,8.713994979858398,2.8370323181152344,695828
2000-10-19,8.700315475463867,8.796072959899902,8.522479057312012,8.782394409179688,2.8592991828918457,585720
2000-10-20,8.76871395111084,8.946551322937012,8.76871395111084,8.850791931152344,2.88156795501709,301541
2000-10-23,8.80975341796875,8.919191360473633,8.563517570495605,8.64559555053711,2.8147621154785156,677553
2000-10-24,8.618236541748047,8.659276008605957,8.46776008605957,8.590876579284668,2.7969486713409424,521757
2000-10-25,8.563517570495605,8.563517570495605,8.372000694274902,8.426719665527344,2.7435030937194824,351341
2000-10-26,8.426719665527344,8.508798599243164,8.317281723022461,8.46776008605957,2.756863594055176,388805
2000-10-27,8.426719665527344,8.495119094848633,8.426719665527344,8.495119094848633,2.788113594055176,518102
2000-10-30,8.454079627990723,8.495119094848633,8.440400123596191,8.495119094848633,2.788113594055176,317075
2000-10-31,8.536157608032227,8.700315475463867,8.440400123596191,8.672956466674805,2.84647798538208,420330
2000-11-01,8.672956466674805,8.878151893615723,8.672956466674805,8.850791931152344,2.904846668243408,404796
2000-11-02,9.19278621673584,9.439021110534668,8.864472389221191,8.919191360473633,2.9272942543029785,1152708
2000-11-03,8.89183235168457,8.960229873657227,8.850791931152344,8.905510902404785,2.9228038787841797,476526
2000-11-06,8.946551322937012,9.179105758666992,8.946551322937012,9.028629302978516,2.963212251663208,413933
2000-11-07,9.028629302978516,9.233824729919434,9.028629302978516,9.19278621673584,3.0170881748199463,425355
2000-11-08,9.19278621673584,9.384302139282227,9.165426254272461,9.220145225524902,3.0260677337646484,410735
2000-11-09,9.220145225524902,9.302224159240723,9.001269340515137,9.15174674987793,3.0036184787750244,407994
2000-11-10,9.15174674987793,9.15174674987793,9.001269340515137,9.12438678741455,2.994640827178955,729637
2000-11-13,9.097027778625488,9.179105758666992,8.960229873657227,9.097027778625488,2.9856600761413574,556480
2000-11-14,9.11070728302002,9.220145225524902,8.89183235168457,8.973910331726074,2.945253610610962,673441
2000-11-15,8.987589836120605,9.15174674987793,8.932870864868164,9.138067245483398,2.999129056930542,726896
2000-11-16,9.15174674987793,9.288543701171875,9.083348274230957,9.11070728302002,2.990149974822998,566074
2000-11-17,9.179105758666992,9.370621681213379,9.001269340515137,9.247505187988281,3.035047769546509,452311
2000-11-20,9.220145225524902,9.329583168029785,9.11070728302002,9.220145225524902,3.0260677337646484,263163
2000-11-21,9.233824729919434,9.295384407043457,8.987589836120605,9.288543701171875,3.048515558242798,288748
2000-11-22,9.261184692382812,9.411662101745605,9.12438678741455,9.138067245483398,2.999129056930542,726896
2000-11-24,9.165426254272461,9.397981643676758,9.12438678741455,9.19278621673584,3.0170881748199463,233466
2000-11-27,9.220145225524902,9.302224159240723,9.165426254272461,9.19278621673584,3.0170881748199463,456423
2000-11-28,9.19278621673584,9.397981643676758,9.19278621673584,9.329583168029785,3.0619866847991943,383322
2000-11-29,9.384302139282227,9.384302139282227,9.19278621673584,9.206465721130371,3.021577835083008,415304
2000-11-30,9.179105758666992,9.397981643676758,8.89183235168457,8.932870864868164,2.9317843914031982,709992
2000-12-01,8.946551322937012,9.370621681213379,8.932870864868164,9.12438678741455,2.994640827178955,1023411
2000-12-04,9.11070728302002,9.411662101745605,9.11070728302002,9.302224159240723,3.0530049800872803,483379
2000-12-05,9.343262672424316,9.480059623718262,9.315903663635254,9.4527006149292,3.102391242980957,1315358
2000-12-06,9.466381072998047,9.589497566223145,9.343262672424316,9.370621681213379,3.0754544734954834,630038
2000-12-07,9.370621681213379,9.589497566223145,9.206465721130371,9.206465721130371,3.021577835083008,319816
2000-12-08,9.220145225524902,9.288543701171875,9.179105758666992,9.274864196777344,3.044027805328369,566988
2000-12-11,9.274864196777344,9.439021110534668,9.179105758666992,9.179105758666992,3.0125982761383057,589832
2000-12-12,9.11070728302002,9.521100044250488,9.11070728302002,9.466381072998047,3.1068837642669678,555566
2000-12-13,9.49374008178711,9.603178024291992,9.480059623718262,9.50741958618164,3.1203529834747314,991430
2000-12-14,9.521100044250488,9.521100044250488,9.302224159240723,9.315903663635254,3.0574963092803955,508507
2000-12-15,9.302224159240723,9.54845905303955,9.302224159240723,9.480059623718262,3.1113719940185547,820100
2000-12-18,9.534778594970703,9.603178024291992,9.42534065246582,9.521100044250488,3.1248416900634766,425812
2000-12-19,9.57581901550293,9.986210823059082,9.57581901550293,9.91781234741211,3.255042791366577,739232
2000-12-20,9.93149185180664,10.027250289916992,9.822053909301758,10.027250289916992,3.290959358215332,954422
2000-12-21,10.027250289916992,10.177726745605469,9.986210823059082,10.095648765563965,3.3134098052978516,573384
2000-12-22,10.095648765563965,10.205086708068848,9.986210823059082,10.205086708068848,3.349327564239502,350427
2000-12-26,10.23244571685791,10.615479469299316,10.218766212463379,10.519721031188965,3.452592611312866,607194
2000-12-27,10.547080039978027,10.642837524414062,10.53339958190918,10.601799011230469,3.4795286655426025,440432
2000-12-28,10.615479469299316,11.08059024810791,10.615479469299316,11.066909790039062,3.632179021835327,769843
2000-12-29,10.984831809997559,11.025871276855469,10.519721031188965,10.53339958190918,3.4570810794830322,1052652
2001-01-02,10.478680610656738,10.492361068725586,10.095648765563965,10.136688232421875,3.3268790245056152,869443
2001-01-03,10.191407203674316,10.396602630615234,10.095648765563965,10.164047241210938,3.3358571529388428,1107934
2001-01-04,10.136688232421875,10.136688232421875,9.384302139282227,9.49374008178711,3.115861654281616,846599
2001-01-05,9.480059623718262,10.341883659362793,9.411662101745605,10.3008451461792,3.380755662918091,1015187
2001-01-08,10.3008451461792,10.574440002441406,10.246126174926758,10.396602630615234,3.4121830463409424,878580
2001-01-09,10.35556411743164,10.560759544372559,10.35556411743164,10.437642097473145,3.4256536960601807,990973
2001-01-10,10.410283088684082,10.65651798248291,10.410283088684082,10.574440002441406,3.4705491065979004,907364
2001-01-11,10.574440002441406,10.574440002441406,9.986210823059082,10.013569831848145,3.286470651626587,888175
2001-01-12,10.451321601867676,10.465002059936523,9.603178024291992,9.93149185180664,3.259532928466797,1765384
2001-01-16,9.97253131866455,9.97253131866455,9.57581901550293,9.84941291809082,3.2325937747955322,1354649
2001-01-17,9.890453338623047,9.91781234741211,9.685256958007812,9.835734367370605,3.228104829788208,613133
2001-01-18,9.91781234741211,9.945172309875488,9.589497566223145,9.726296424865723,3.192187547683716,729180
2001-01-19,9.767334938049316,9.958850860595703,9.603178024291992,9.726296424865723,3.192187547683716,522671
2001-01-22,9.657896995544434,10.164047241210938,9.657896995544434,10.027250289916992,3.290959358215332,526783
2001-01-23,10.027250289916992,10.328204154968262,10.027250289916992,10.136688232421875,3.3268790245056152,524498
2001-01-24,10.136688232421875,10.287164688110352,10.123007774353027,10.259805679321289,3.367286443710327,561049
2001-01-25,10.218766212463379,10.478680610656738,10.218766212463379,10.396602630615234,3.4121830463409424,401598
2001-01-26,10.410283088684082,10.465002059936523,9.91781234741211,10.081969261169434,3.3089189529418945,446372
2001-01-29,10.015759468078613,10.203991889953613,9.958850860595703,10.05296802520752,3.321758508682251,329867
2001-01-30,10.06610107421875,10.085799217224121,9.917264938354492,10.037647247314453,3.316694736480713,276869
2001-01-31,10.013569831848145,10.013569831848145,9.761862754821777,9.781561851501465,3.2320775985717773,390632
2001-02-01,9.794693946838379,9.801260948181152,9.564874649047852,9.707143783569336,3.2074878215789795,522671
2001-02-02,9.707143783569336,9.772807121276855,9.685256958007812,9.694011688232422,3.203148126602173,647399
2001-02-05,9.689634323120117,9.869112014770508,9.689634323120117,9.853791236877441,3.2559447288513184,729180
2001-02-06,9.958850860595703,9.958850860595703,9.764052391052246,9.796882629394531,3.2371389865875244,321187
2001-02-07,9.847225189208984,10.068288803100586,9.82971477508545,9.980738639831543,3.2978909015655518,340832
2001-02-08,10.0026273727417,10.287164688110352,10.0026273727417,10.287164688110352,3.399142265319824,530438
2001-02-09,10.27622127532959,10.495097160339355,10.199614524841309,10.263089179992676,3.3911867141723633,539118
2001-02-12,10.27622127532959,10.278409957885742,10.155839920043945,10.243390083312988,3.3846776485443115,699940
2001-02-13,10.256523132324219,10.370338439941406,10.177726745605469,10.206180572509766,3.3723835945129395,317532
2001-02-14,10.203991889953613,10.203991889953613,10.035457611083984,10.05296802520752,3.321758508682251,210165
2001-02-15,9.947908401489258,10.068288803100586,9.84941291809082,9.899754524230957,3.2711305618286133,557394
2001-02-16,9.926019668579102,10.042023658752441,9.926019668579102,10.015759468078613,3.3094611167907715,524955
2001-02-20,9.685256958007812,9.704955101013184,9.591139793395996,9.608650207519531,3.174943208694458,1107020
2001-02-21,9.641481399536133,9.783750534057617,9.608650207519531,9.632725715637207,3.18289852142334,904166
2001-02-22,9.643670082092285,9.739974975585938,9.49702262878418,9.521100044250488,3.146014928817749,501197
2001-02-23,9.523287773132324,9.608650207519531,9.337244033813477,9.48826789855957,3.1351661682128906,751568
2001-02-26,9.51015567779541,9.718088150024414,9.481701850891113,9.5626859664917,3.1597557067871094,942543
2001-02-27,9.5626859664917,9.69182300567627,9.5626859664917,9.634915351867676,3.1836230754852295,554652
2001-02-28,9.685256958007812,9.729031562805176,9.477323532104492,9.619593620300293,3.1785595417022705,603082
2001-03-01,9.652424812316895,9.726842880249023,9.632725715637207,9.66993522644043,3.1951940059661865,569272
2001-03-02,9.66993522644043,9.87130069732666,9.654614448547363,9.799072265625,3.237863779067993,545515
2001-03-05,9.827526092529297,9.941341400146484,9.685256958007812,9.709333419799805,3.2082130908966064,261335
2001-03-06,9.718088150024414,9.718088150024414,9.608650207519531,9.61302661895752,3.176389217376709,241690
2001-03-07,9.61302661895752,9.910698890686035,9.503589630126953,9.665557861328125,3.193749189376831,706336
2001-03-08,9.707143783569336,9.739974975585938,9.582385063171387,9.60427188873291,3.1734962463378906,639632
2001-03-09,9.60427188873291,9.60427188873291,9.359131813049316,9.363509178161621,3.0939416885375977,880865
2001-03-12,9.378829956054688,9.44668197631836,9.280336380004883,9.302224159240723,3.0736918449401855,572014
2001-03-13,9.345998764038086,9.345998764038086,9.122746467590332,9.159954071044922,3.026682138442993,437234
2001-03-14,9.00674057006836,9.105236053466797,8.755034446716309,8.962965965270996,2.961592435836792,797712
2001-03-15,8.952021598815918,9.313167572021484,8.952021598815918,9.14901065826416,3.023066997528076,429467
2001-03-16,9.12712287902832,9.328489303588867,8.973910331726074,8.976099014282227,2.9659318923950195,631408
2001-03-19,8.976099014282227,9.124934196472168,8.886360168457031,9.118368148803711,3.012941598892212,540946
2001-03-20,9.017684936523438,9.19278621673584,8.919191360473633,8.919191360473633,2.947129011154175,542773
2001-03-21,8.908246994018555,8.910435676574707,8.669672966003418,8.669672966003418,2.8646812438964844,427183
2001-03-22,8.689371109008789,8.689371109008789,7.9342498779296875,8.236297607421875,2.7214834690093994,1054022
2001-03-23,8.271319389343262,8.409210205078125,8.218788146972656,8.387323379516602,2.771385908126831,549170
2001-03-26,8.47049617767334,8.820696830749512,8.47049617767334,8.69374942779541,2.872636318206787,853452
2001-03-27,8.711258888244629,8.779109954833984,8.64559555053711,8.715636253356934,2.879868745803833,406166
2001-03-28,8.700315475463867,8.733146667480469,8.634652137756348,8.64997386932373,2.858172655105591,388348
2001-03-29,8.678427696228027,8.851340293884277,8.652161598205566,8.785676956176758,2.9030115604400635,565617
2001-03-30,8.76597785949707,8.954211235046387,8.76597785949707,8.949833869934082,2.957251787185669,633236
2001-04-02,8.930134773254395,9.033005714416504,8.755034446716309,8.76597785949707,2.896503210067749,672070
2001-04-03,8.76597785949707,8.76597785949707,8.452984809875488,8.695938110351562,2.873358964920044,861219
2001-04-04,8.695938110351562,8.886360168457031,8.678427696228027,8.80975341796875,2.9109671115875244,715474
2001-04-05,8.80975341796875,9.122746467590332,8.80975341796875,9.035195350646973,2.9854588508605957,1107020
2001-04-06,8.995798110961914,9.017684936523438,8.814130783081055,8.914813995361328,2.945681095123291,810048
2001-04-09,8.897302627563477,9.19278621673584,8.877605438232422,9.159954071044922,3.026682138442993,543687
2001-04-10,9.19278621673584,9.453248023986816,9.186220169067383,9.402907371520996,3.106959819793701,956250
2001-04-11,9.389774322509766,9.391963005065918,9.072403907775879,9.157766342163086,3.0259594917297363,578867
2001-04-12,9.19278621673584,9.352564811706543,9.181841850280762,9.343810081481934,3.0874316692352295,501197
2001-04-16,9.341621398925781,9.628349304199219,9.341621398925781,9.55393123626709,3.1568615436553955,983663
2001-04-17,9.542986869812012,9.783750534057617,9.53204345703125,9.774995803833008,3.2299087047576904,550084
2001-04-18,9.761862754821777,9.766241073608398,9.516721725463867,9.569252014160156,3.1619255542755127,1118899
2001-04-19,9.608650207519531,9.847225189208984,9.400717735290527,9.623970985412598,3.180004835128784,915588
2001-04-20,9.62615966796875,9.62615966796875,9.348188400268555,9.413849830627441,3.1105751991271973,967672
2001-04-23,9.444493293762207,9.53204345703125,9.30879020690918,9.53204345703125,3.149629831314087,450484
2001-04-24,9.529854774475098,9.652424812316895,9.499212265014648,9.586762428283691,3.1677114963531494,442260
2001-04-25,9.586762428283691,9.75529670715332,9.57581901550293,9.707143783569336,3.2074878215789795,312963
2001-04-26,9.641481399536133,9.739974975585938,9.55393123626709,9.641481399536133,3.2082157135009766,736947
2001-04-27,9.586762428283691,9.641481399536133,9.420416831970215,9.641481399536133,3.2082157135009766,632779
2001-04-30,9.630537986755371,9.739974975585938,9.444493293762207,9.459814071655273,3.1477653980255127,688518
2001-05-01,9.389774322509766,9.51015567779541,9.324110984802246,9.429171562194824,3.137570858001709,827867
2001-05-02,9.499212265014648,9.55393123626709,9.214673042297363,9.232184410095215,3.0720207691192627,716388
2001-05-03,9.181841850280762,9.186220169067383,8.919191360473633,9.026439666748047,3.003561496734619,630494
2001-05-04,9.028629302978516,9.194974899291992,9.028629302978516,9.166521072387695,3.050172805786133,525412
2001-05-07,9.166521072387695,9.304412841796875,9.144633293151855,9.159954071044922,3.047987461090088,446372
2001-05-08,9.0614595413208,9.12712287902832,9.008930206298828,9.035195350646973,3.0064737796783447,451854
2001-05-09,9.072403907775879,9.188407897949219,9.050517082214355,9.105236053466797,3.029780387878418,738775
2001-05-10,9.12712287902832,9.190596580505371,9.068026542663574,9.1708984375,3.051628828048706,429010
2001-05-11,9.138067245483398,9.223427772521973,9.0614595413208,9.199352264404297,3.061096668243408,330781
2001-05-14,9.151199340820312,9.389774322509766,9.151199340820312,9.25625991821289,3.0800344944000244,344031
2001-05-15,9.269392013549805,9.426982879638672,9.258448600769043,9.306600570678711,3.0967843532562256,570643
2001-05-16,9.19278621673584,9.455436706542969,9.19278621673584,9.378829956054688,3.120818853378296,630038
2001-05-17,9.367886543273926,9.367886543273926,9.14901065826416,9.238750457763672,3.0742077827453613,1025696
2001-05-18,9.236560821533203,9.411662101745605,9.216861724853516,9.378829956054688,3.120818853378296,619986
2001-05-21,9.398529052734375,9.57581901550293,9.378829956054688,9.483890533447266,3.1557776927948,456880
2001-05-22,9.477323532104492,9.608650207519531,9.411662101745605,9.542986869812012,3.1754422187805176,665674
2001-05-23,9.542986869812012,9.564874649047852,9.440115928649902,9.444493293762207,3.1426680088043213,447286
2001-05-24,9.411662101745605,9.411662101745605,9.19278621673584,9.291279792785645,3.091686725616455,462363
2001-05-25,9.313167572021484,9.315356254577637,9.168709754943848,9.197162628173828,3.060368061065674,299256
2001-05-29,9.19278621673584,9.232184410095215,8.984853744506836,9.048328399658203,3.010845422744751,397942
2001-05-30,9.039572715759277,9.23437213897705,9.01987361907959,9.153388023376465,3.0458006858825684,371900
2001-05-31,9.12712287902832,9.324110984802246,9.109613418579102,9.214673042297363,3.0661959648132324,635063
2001-06-01,9.236560821533203,9.291279792785645,9.0614595413208,9.20154094696045,3.0618271827697754,469216
2001-06-04,9.20154094696045,9.455436706542969,9.20154094696045,9.370075225830078,3.117905616760254,401598
2001-06-05,9.345998764038086,9.345998764038086,9.138067245483398,9.20154094696045,3.0618271827697754,598970
2001-06-06,9.159954071044922,9.190596580505371,9.06364917755127,9.177465438842773,3.053814649581909,446829
2001-06-07,9.1708984375,9.1708984375,8.995798110961914,9.041762351989746,3.008659839630127,390632
2001-06-08,9.041762351989746,9.105236053466797,9.028629302978516,9.068026542663574,3.017396926879883,443630
2001-06-11,9.068026542663574,9.280336380004883,9.068026542663574,9.260637283325195,3.0814902782440186,389262
2001-06-12,9.258448600769043,9.494834899902344,9.083348274230957,9.254071235656738,3.0793049335479736,539347
2001-06-13,9.236560821533203,9.516721725463867,9.205918312072754,9.232184410095215,3.0720207691192627,728267
2001-06-14,9.236560821533203,9.280336380004883,8.820696830749512,8.90386962890625,2.962775468826294,698341
2001-06-15,8.90386962890625,9.542986869812012,8.886360168457031,9.013307571411133,2.999190330505371,769614
2001-06-18,9.008930206298828,9.302224159240723,8.899492263793945,8.930134773254395,2.97151517868042,348599
2001-06-19,8.886360168457031,8.952021598815918,8.825074195861816,8.864472389221191,2.949664831161499,490232
2001-06-20,8.88198184967041,9.188407897949219,8.70250415802002,8.855716705322266,2.9467523097991943,574983
2001-06-21,8.755034446716309,9.14901065826416,8.623708724975586,8.68061637878418,2.8884873390197754,570872
2001-06-22,8.601820945739746,8.676239013671875,8.321660041809082,8.588687896728516,2.8578972816467285,565846
2001-06-25,8.601820945739746,8.711258888244629,8.426719665527344,8.47049617767334,2.8185694217681885,353854
2001-06-26,8.474872589111328,8.833828926086426,8.45736312866211,8.706880569458008,2.8972268104553223,380809
2001-06-27,8.733146667480469,8.820696830749512,8.544913291931152,8.654351234436035,2.879746913909912,329410
2001-06-28,8.654351234436035,8.790054321289062,8.527402877807617,8.62808609008789,2.8710086345672607,305653
2001-06-29,8.64559555053711,8.886360168457031,8.597443580627441,8.623708724975586,2.8695507049560547,663618
2001-07-02,8.64559555053711,8.798809051513672,8.579933166503906,8.711258888244629,2.8986830711364746,748141
2001-07-03,8.711258888244629,8.794431686401367,8.711258888244629,8.733146667480469,2.9059672355651855,249456
2001-07-05,8.733146667480469,8.965154647827148,8.733146667480469,8.820696830749512,2.9350991249084473,356366
2001-07-06,8.798809051513672,8.88198184967041,8.70250415802002,8.711258888244629,2.8986830711364746,457108
2001-07-09,8.864472389221191,8.877605438232422,8.540535926818848,8.641219139099121,2.8753774166107178,488405
2001-07-10,8.619331359863281,8.746278762817383,8.544913291931152,8.579933166503906,2.8549840450286865,327126
2001-07-11,8.579933166503906,8.614953994750977,8.422343254089355,8.422343254089355,2.802546501159668,482922
2001-07-12,8.426719665527344,8.536157608032227,8.365434646606445,8.374190330505371,2.786522626876831,659735
2001-07-13,8.38294506072998,8.492383003234863,8.295394897460938,8.374190330505371,2.786522626876831,582750
2001-07-16,8.40483283996582,8.483628273010254,8.251620292663574,8.260375022888184,2.7486512660980225,238948
2001-07-17,8.365434646606445,8.387323379516602,8.032744407653809,8.164069175720215,2.716606855392456,371443
2001-07-18,8.032744407653809,8.164069175720215,7.971458911895752,7.971458911895752,2.6525139808654785,310678
2001-07-19,7.971458911895752,8.207844734191895,7.791979789733887,7.857643127441406,2.61464262008667,382180
2001-07-20,7.844511032104492,7.923305988311768,7.739449977874756,7.752583026885986,2.5796823501586914,410964
2001-07-23,7.796358108520508,8.002100944519043,7.770092964172363,7.949571132659912,2.645231246948242,602396
2001-07-24,7.962704181671143,7.962704181671143,7.638766765594482,7.678164958953857,2.554919719696045,478582
2001-07-25,7.704430103302002,7.9977240562438965,7.704430103302002,7.984591007232666,2.6568844318389893,678467
2001-07-26,7.988968849182129,8.251620292663574,7.971458911895752,8.094029426574707,2.6933000087738037,354539
2001-07-27,8.098406791687012,8.102784156799316,7.923305988311768,8.023988723754883,2.692565441131592,253112
2001-07-30,7.988968849182129,8.050253868103027,7.905796051025391,7.971458911895752,2.6749377250671387,364819
2001-07-31,7.971458911895752,8.426719665527344,7.945192813873291,7.967081069946289,2.673468589782715,672756
2001-08-01,8.054631233215332,8.076519012451172,7.901418209075928,7.923305988311768,2.6587791442871094,696970
2001-08-02,7.813868045806885,7.923305988311768,7.726317882537842,7.748205184936523,2.600022315979004,657450
2001-08-03,7.748205184936523,7.770092964172363,7.686920166015625,7.730694770812988,2.594146966934204,459393
2001-08-06,7.730694770812988,7.7657151222229,7.538084030151367,7.54246187210083,2.5309836864471436,278240
2001-08-07,7.630012035369873,7.6606550216674805,7.485554218292236,7.5293288230896,2.5265750885009766,573613
2001-08-08,7.52057409286499,7.5293288230896,7.27543306350708,7.292943000793457,2.447251796722412,511477
2001-08-09,7.354228973388672,7.446156978607178,7.214148044586182,7.433023929595947,2.494258403778076,431066
2001-08-10,7.428646087646484,7.64752197265625,7.411136150360107,7.581860065460205,2.5442028045654297,369844
2001-08-13,7.551217079162598,7.555593967437744,7.428646087646484,7.468043804168701,2.5060102939605713,235522
2001-08-14,7.5293288230896,7.638766765594482,7.441779136657715,7.52057409286499,2.523637056350708,819643
2001-08-15,7.5293288230896,7.770092964172363,7.485554218292236,7.577482223510742,2.542733907699585,458251
2001-08-16,7.682541847229004,7.879530906677246,7.5293288230896,7.704430103302002,2.585331916809082,275270
2001-08-17,7.809490203857422,7.809490203857422,7.60812520980835,7.64752197265625,2.5662355422973633,273214
2001-08-20,7.616879940032959,7.6912970542907715,7.538084030151367,7.559971809387207,2.5368568897247314,290576
2001-08-21,7.559971809387207,7.564350128173828,7.419890880584717,7.419890880584717,2.489851951599121,304967
2001-08-22,7.450533866882324,7.551217079162598,7.384871006011963,7.419890880584717,2.489851951599121,245116
2001-08-23,7.398004055023193,7.516197204589844,7.398004055023193,7.441779136657715,2.497196912765503,247629
2001-08-24,7.433023929595947,7.507441997528076,7.41551399230957,7.472422122955322,2.5074801445007324,148714
2001-08-27,7.485554218292236,7.616879940032959,7.424269199371338,7.463666915893555,2.5045416355133057,224328
2001-08-28,6.9383649826049805,7.135353088378906,6.916477203369141,7.109087944030762,2.3855574131011963,2649676
2001-08-29,7.135353088378906,7.419890880584717,7.135353088378906,7.2885661125183105,2.445784091949463,10825772
2001-08-30,7.2885661125183105,7.31045389175415,7.113464832305908,7.117843151092529,2.388495922088623,1921866
2001-08-31,7.227281093597412,7.332341194152832,7.087200164794922,7.091578006744385,2.37968111038208,1125981
2001-09-04,7.2666778564453125,7.29732084274292,7.113464832305908,7.201015949249268,2.41640567779541,821927
2001-09-05,7.244791030883789,7.2885661125183105,7.104710102081299,7.161618232727051,2.403184413909912,457337
2001-09-06,7.135353088378906,7.222902774810791,7.05217981338501,7.126597881317139,2.391433000564575,482237
2001-09-07,7.039046764373779,7.205392837524414,7.03029203414917,7.047801971435547,2.3649911880493164,494116
2001-09-10,7.034669876098633,7.135353088378906,6.960251808166504,7.047801971435547,2.3649911880493164,399313
2001-09-17,7.004026889801025,7.152863025665283,6.850813865661621,6.877079010009766,2.307703971862793,455281
2001-09-18,6.894588947296143,7.047801971435547,6.610051155090332,6.627561092376709,2.2239739894866943,416218
2001-09-19,6.846436977386475,6.846436977386475,6.347400188446045,6.588162899017334,2.2107534408569336,590517
2001-09-20,6.610051155090332,6.610051155090332,6.43494987487793,6.439328193664551,2.16080904006958,660420
2001-09-21,6.216073989868164,6.452459812164307,6.20294189453125,6.312379837036133,2.1182096004486084,868986
2001-09-24,6.456838130950928,6.5662760734558105,6.2773590087890625,6.391174793243408,2.1446523666381836,667273
2001-09-25,6.478724956512451,6.706356048583984,6.443705081939697,6.69322395324707,2.2460076808929443,575440
2001-09-26,6.640693187713623,6.767641067504883,6.610051155090332,6.688846111297607,2.2445380687713623,763218
2001-09-27,6.719489097595215,7.078444957733154,6.719489097595215,7.074068069458008,2.373805522918701,627296
2001-09-28,7.17037296295166,7.419890880584717,7.135353088378906,7.2491679191589355,2.4325616359710693,936147
2001-10-01,7.31045389175415,7.31045389175415,7.069690227508545,7.253546237945557,2.4340312480926514,324156
2001-10-02,7.253546237945557,7.2885661125183105,7.14848518371582,7.179128170013428,2.409060001373291,776239
2001-10-03,7.2841877937316895,7.485554218292236,7.2185258865356445,7.481176853179932,2.5104169845581055,344488
2001-10-04,7.516197204589844,7.721940040588379,7.511818885803223,7.6606550216674805,2.5706429481506348,286921
2001-10-05,7.6606550216674805,7.739449977874756,7.6212568283081055,7.739449977874756,2.597083330154419,216104
2001-10-08,7.739449977874756,7.739449977874756,7.564350128173828,7.60812520980835,2.55301570892334,224328
2001-10-09,7.713184833526611,7.713184833526611,7.551217079162598,7.6212568283081055,2.557422637939453,357965
2001-10-10,7.625635147094727,7.875153064727783,7.594992160797119,7.875153064727783,2.6426217555999756,366646
2001-10-11,7.875153064727783,7.971458911895752,7.800734996795654,7.818244934082031,2.6235246658325195,360935
2001-10-12,7.818244934082031,7.879530906677246,7.651899814605713,7.686920166015625,2.5794572830200195,363905
2001-10-15,7.682541847229004,7.91455078125,7.6737871170043945,7.905796051025391,2.6529030799865723,523813
2001-10-16,7.905796051025391,7.988968849182129,7.862020969390869,7.967081069946289,2.673468589782715,308394
2001-10-17,8.054631233215332,8.054631233215332,7.77446985244751,7.809490203857422,2.6205880641937256,445915
2001-10-18,7.835755825042725,7.835755825042725,7.616879940032959,7.6912970542907715,2.580925703048706,455052
2001-10-19,7.682541847229004,7.879530906677246,7.638766765594482,7.853265762329102,2.6352763175964355,237121
2001-10-22,7.835755825042725,7.905796051025391,7.726317882537842,7.905796051025391,2.6529030799865723,198057
2001-10-23,7.805112838745117,7.857643127441406,7.704430103302002,7.739449977874756,2.597083330154419,393145
2001-10-24,7.739449977874756,7.739449977874756,7.516197204589844,7.704430103302002,2.585331916809082,428553
2001-10-25,7.713184833526611,7.743827819824219,7.616879940032959,7.704430103302002,2.585331916809082,648541
2001-10-26,7.7000532150268555,7.805112838745117,7.64752197265625,7.7657151222229,2.605898380279541,232323
2001-10-29,7.6606550216674805,7.735073089599609,7.52057409286499,7.5293288230896,2.5488452911376953,240776
2001-10-30,7.52057409286499,7.524951934814453,7.40238094329834,7.424269199371338,2.5132791996002197,252426
2001-10-31,7.551217079162598,7.616879940032959,7.463666915893555,7.538084030151367,2.551809310913086,391089
2001-11-01,7.581860065460205,7.638766765594482,7.398004055023193,7.551217079162598,2.5562551021575928,150999
2001-11-02,7.726317882537842,7.726317882537842,7.380494117736816,7.419890880584717,2.511798143386841,206281
2001-11-05,7.376115798950195,7.616879940032959,7.376115798950195,7.5731048583984375,2.5636637210845947,323699
2001-11-06,7.616879940032959,7.743827819824219,7.450533866882324,7.739449977874756,2.6199750900268555,240776
2001-11-07,7.748205184936523,7.748205184936523,7.5731048583984375,7.64752197265625,2.588855743408203,239405
2001-11-08,7.704430103302002,7.870776176452637,7.665031909942627,7.721940040588379,2.6140477657318115,261564
2001-11-09,7.721940040588379,7.752583026885986,7.6606550216674805,7.682541847229004,2.600710868835449,341518
2001-11-12,7.770092964172363,7.796358108520508,7.651899814605713,7.791979789733887,2.637759208679199,116048
2001-11-13,7.791979789733887,7.936438083648682,7.748205184936523,7.927682876586914,2.68369722366333,205824
2001-11-14,7.932061195373535,8.010855674743652,7.791979789733887,7.897040843963623,2.6733245849609375,419187
2001-11-15,7.923305988311768,7.923305988311768,7.489932060241699,7.612502098083496,2.5770013332366943,442031
2001-11-16,7.616879940032959,7.7657151222229,7.612502098083496,7.704430103302002,2.6081202030181885,417817
2001-11-19,7.770092964172363,7.818244934082031,7.5731048583984375,7.818244934082031,2.64664888381958,214505
2001-11-20,7.791979789733887,7.967081069946289,7.770092964172363,7.879530906677246,2.6673970222473145,199428
2001-11-21,7.857643127441406,7.857643127441406,7.6606550216674805,7.778848171234131,2.633312940597534,116504
2001-11-23,7.77446985244751,7.967081069946289,7.748205184936523,7.962704181671143,2.695552110671997,90919
2001-11-26,7.988968849182129,7.988968849182129,7.791979789733887,7.857643127441406,2.6599879264831543,339233
2001-11-27,7.857643127441406,7.879530906677246,7.726317882537842,7.778848171234131,2.633312940597534,291489
2001-11-28,7.778848171234131,7.778848171234131,7.5293288230896,7.533707141876221,2.5503275394439697,258823
2001-11-29,7.424269199371338,7.5731048583984375,7.371738910675049,7.533707141876221,2.5503275394439697,513762
2001-11-30,7.638766765594482,7.6606550216674805,7.31045389175415,7.5293288230896,2.5488452911376953,1299138
2001-12-03,7.463666915893555,7.752583026885986,7.459289073944092,7.577482223510742,2.565145969390869,634606
2001-12-04,7.581860065460205,7.796358108520508,7.551217079162598,7.796358108520508,2.6392414569854736,360478
2001-12-05,7.796358108520508,7.975835800170898,7.796358108520508,7.953948974609375,2.692589044570923,359565
2001-12-06,7.932061195373535,7.945192813873291,7.739449977874756,7.752583026885986,2.6244211196899414,258594
2001-12-07,7.813868045806885,7.888286113739014,7.770092964172363,7.853265762329102,2.6585052013397217,276641
2001-12-10,7.813868045806885,7.813868045806885,7.594992160797119,7.638766765594482,2.5858914852142334,162192
2001-12-11,7.6606550216674805,7.726317882537842,7.463666915893555,7.568727016448975,2.5621821880340576,362306
2001-12-12,7.507441997528076,7.507441997528076,7.354228973388672,7.419890880584717,2.511798143386841,832664
2001-12-13,7.433023929595947,7.494308948516846,7.354228973388672,7.446156978607178,2.5206902027130127,939117
2001-12-14,7.450533866882324,7.481176853179932,7.179128170013428,7.441779136657715,2.5192079544067383,462363
2001-12-17,7.463666915893555,7.524951934814453,7.40238094329834,7.441779136657715,2.5192079544067383,339690
2001-12-18,7.498686790466309,7.739449977874756,7.485554218292236,7.739449977874756,2.6199750900268555,450255
2001-12-19,7.721940040588379,7.9583258628845215,7.5293288230896,7.932061195373535,2.685178279876709,395658
2001-12-20,7.901418209075928,7.910172939300537,7.625635147094727,7.686920166015625,2.602194309234619,329182
2001-12-21,7.5293288230896,7.686920166015625,7.485554218292236,7.656277179718018,2.5918197631835938,1223982
2001-12-24,7.651899814605713,7.708807945251465,7.5731048583984375,7.704430103302002,2.6081202030181885,251969
2001-12-26,7.704430103302002,7.857643127441406,7.638766765594482,7.831377983093262,2.6510961055755615,284865
2001-12-27,7.726317882537842,7.848887920379639,7.726317882537842,7.822622776031494,2.64813232421875,232323
2001-12-28,7.835755825042725,7.835755825042725,7.704430103302002,7.805112838745117,2.6422035694122314,263163
2001-12-31,7.827001094818115,7.875153064727783,7.638766765594482,7.809490203857422,2.643686532974243,350884
2002-01-02,7.875153064727783,7.875153064727783,7.40238094329834,7.695674896240234,2.6051571369171143,274356
2002-01-03,7.594992160797119,7.704430103302002,7.441779136657715,7.5731048583984375,2.5636637210845947,339462
2002-01-04,7.638766765594482,7.6606550216674805,7.494308948516846,7.616879940032959,2.5784831047058105,322786
2002-01-07,7.634389877319336,7.651899814605713,7.555593967437744,7.555593967437744,2.5577359199523926,405709
2002-01-08,7.551217079162598,7.612502098083496,7.485554218292236,7.5293288230896,2.5488452911376953,475612
2002-01-09,7.5293288230896,7.551217079162598,7.441779136657715,7.450533866882324,2.5221712589263916,320273
2002-01-10,7.485554218292236,7.507441997528076,7.398004055023193,7.468043804168701,2.528099298477173,444544
2002-01-11,7.507441997528076,7.551217079162598,7.441779136657715,7.441779136657715,2.5192079544067383,173614
2002-01-14,7.454912185668945,7.485554218292236,7.40238094329834,7.468043804168701,2.528099298477173,656080
2002-01-15,7.494308948516846,7.616879940032959,7.446156978607178,7.52057409286499,2.545881986618042,308622
2002-01-16,7.564350128173828,7.564350128173828,7.376115798950195,7.424269199371338,2.5132791996002197,303597
2002-01-17,7.485554218292236,7.516197204589844,7.406758785247803,7.516197204589844,2.5443992614746094,263163
2002-01-18,7.507441997528076,7.6037468910217285,7.476799011230469,7.555593967437744,2.5577359199523926,382637
2002-01-22,7.551217079162598,7.5731048583984375,7.446156978607178,7.463666915893555,2.5266175270080566,357280
2002-01-23,7.446156978607178,7.551217079162598,7.441779136657715,7.489932060241699,2.535507917404175,380581
2002-01-24,7.463666915893555,7.5293288230896,7.446156978607178,7.485554218292236,2.534026861190796,135236
2002-01-25,7.485554218292236,7.551217079162598,7.472422122955322,7.546839237213135,2.5547735691070557,420558
2002-01-28,7.5731048583984375,7.6606550216674805,7.498686790466309,7.599370002746582,2.572556257247925,316846
2002-01-29,7.5293288230896,7.5731048583984375,7.367361068725586,7.546839237213135,2.5777902603149414,505766
2002-01-30,7.507441997528076,7.713184833526611,7.3629841804504395,7.713184833526611,2.634608507156372,487034
2002-01-31,7.669410228729248,7.748205184936523,7.533707141876221,7.551217079162598,2.57928466796875,359108
2002-02-01,7.507441997528076,7.612502098083496,7.354228973388672,7.503064155578613,2.562835931777954,209936
2002-02-04,7.503064155578613,7.52057409286499,7.332341194152832,7.358605861663818,2.513493537902832,241233
2002-02-05,7.31045389175415,7.524951934814453,7.2666778564453125,7.524951934814453,2.5703125,411649
2002-02-06,7.463666915893555,7.463666915893555,7.231657981872559,7.301698207855225,2.4940547943115234,272072
2002-02-07,7.244791030883789,7.354228973388672,7.152863025665283,7.314830780029297,2.4985413551330566,388805
2002-02-08,7.336719036102295,7.656277179718018,7.29732084274292,7.651899814605713,2.613675117492676,334893
2002-02-11,7.546839237213135,7.682541847229004,7.546839237213135,7.665031909942627,2.6181602478027344,203997
2002-02-12,7.704430103302002,7.704430103302002,7.638766765594482,7.678164958953857,2.6226460933685303,197144
2002-02-13,7.678164958953857,7.77446985244751,7.6431450843811035,7.77446985244751,2.6555416584014893,272300
2002-02-14,7.77446985244751,7.853265762329102,7.441779136657715,7.6912970542907715,2.627131700515747,397257
2002-02-15,7.682541847229004,7.848887920379639,7.630012035369873,7.835755825042725,2.6764743328094482,258366
2002-02-19,7.835755825042725,8.050253868103027,7.6606550216674805,7.901418209075928,2.6989030838012695,397257
2002-02-20,7.879530906677246,7.953948974609375,7.835755825042725,7.945192813873291,2.7138566970825195,251056
2002-02-21,7.945192813873291,8.098406791687012,7.857643127441406,7.879530906677246,2.6914284229278564,227983
2002-02-22,7.879530906677246,8.177202224731445,7.813868045806885,8.177202224731445,2.7931041717529297,194859
2002-02-25,8.098406791687012,8.102784156799316,7.923305988311768,8.041499137878418,2.746750831604004,228440
2002-02-26,8.041499137878418,8.076519012451172,7.971458911895752,8.054631233215332,2.7512366771698,397257
2002-02-27,8.076519012451172,8.185956954956055,7.993346214294434,8.067764282226562,2.755722761154175,628895
2002-02-28,8.015233993530273,8.098406791687012,7.923305988311768,7.984591007232666,2.7273130416870117,390404
2002-03-01,7.945192813873291,8.172823905944824,7.927682876586914,8.172823905944824,2.791606903076172,240776
2002-03-04,8.164069175720215,8.38294506072998,8.164069175720215,8.339170455932617,2.84842586517334,447971
2002-03-05,8.38294506072998,8.597443580627441,8.38294506072998,8.496761322021484,2.9022560119628906,259051
2002-03-06,8.501137733459473,8.623708724975586,8.38294506072998,8.623708724975586,2.94561767578125,276184
2002-03-07,8.728769302368164,8.750657081604004,8.47049617767334,8.720013618469238,2.978511095046997,384236
2002-03-08,8.750657081604004,8.755034446716309,8.365434646606445,8.483628273010254,2.8977701663970947,428553
2002-03-11,8.492383003234863,8.706880569458008,8.492383003234863,8.69374942779541,2.9695420265197754,250827
2002-03-12,8.750657081604004,8.794431686401367,8.64559555053711,8.720013618469238,2.978511095046997,345630
2002-03-13,8.720013618469238,8.755034446716309,8.558046340942383,8.671860694885254,2.9620659351348877,227755
2002-03-14,8.667484283447266,8.763789176940918,8.623708724975586,8.737524032592773,2.984492778778076,175213
2002-03-15,8.623708724975586,8.816319465637207,8.536157608032227,8.689371109008789,2.968045711517334,377840
2002-03-18,8.667484283447266,8.798809051513672,8.601820945739746,8.794431686401367,3.0039315223693848,122444
2002-03-19,8.864472389221191,8.864472389221191,8.641219139099121,8.807563781738281,3.0084166526794434,203997
2002-03-20,8.755034446716309,8.886360168457031,8.62808609008789,8.72439193725586,2.9800078868865967,142318
2002-03-21,8.667484283447266,9.157766342163086,8.667484283447266,9.157766342163086,3.128037691116333,378754
2002-03-22,9.017684936523438,9.017684936523438,8.825074195861816,8.855716705322266,3.02486515045166,302226
2002-03-25,8.886360168457031,8.952021598815918,8.768166542053223,8.807563781738281,3.0084166526794434,198286
2002-03-26,8.733146667480469,8.930134773254395,8.733146667480469,8.930134773254395,3.0502853393554688,224785
2002-03-27,8.908246994018555,9.065837860107422,8.908246994018555,9.043950080871582,3.089160203933716,222272
2002-03-28,9.017684936523438,9.12712287902832,9.000175476074219,9.12712287902832,3.117570161819458,276412
2002-04-01,9.083348274230957,9.188407897949219,9.017684936523438,9.13587760925293,3.1205599308013916,461449
2002-04-02,9.17965316772461,9.223427772521973,9.0614595413208,9.175275802612305,3.1340184211730957,227298
2002-04-03,9.1708984375,9.188407897949219,8.952021598815918,9.030817985534668,3.0846755504608154,237121
2002-04-04,9.039572715759277,9.188407897949219,9.039572715759277,9.17965316772461,3.1355128288269043,326669
2002-04-05,9.19278621673584,9.232184410095215,9.113990783691406,9.113990783691406,3.1130826473236084,236207
2002-04-08,9.0614595413208,9.38101863861084,9.039572715759277,9.38101863861084,3.204293966293335,373271
2002-04-09,9.271580696105957,9.324110984802246,9.0614595413208,9.113990783691406,3.1130826473236084,382409
2002-04-10,9.14025592803955,9.258448600769043,9.105236053466797,9.184030532836914,3.137007713317871,401598
2002-04-11,9.157766342163086,9.188407897949219,8.982665061950684,9.000175476074219,3.0742077827453613,304511
2002-04-12,9.017684936523438,9.19278621673584,8.877605438232422,9.19278621673584,3.139997720718384,353397
2002-04-15,9.083348274230957,9.19278621673584,9.039572715759277,9.157766342163086,3.128037691116333,458708
2002-04-16,9.1708984375,9.455436706542969,9.1708984375,9.451059341430664,3.228217124938965,404567
2002-04-17,9.345998764038086,9.573630332946777,9.345998764038086,9.512345314025879,3.2491517066955566,260650
2002-04-18,9.407283782958984,9.477323532104492,9.359131813049316,9.451059341430664,3.228217124938965,307937
2002-04-19,9.429171562194824,9.433548927307129,9.37226390838623,9.407283782958984,3.2132656574249268,179554
2002-04-22,9.297845840454102,9.433548927307129,9.297845840454102,9.354754447937012,3.195322275161743,213591
2002-04-23,9.324110984802246,9.472947120666504,9.324110984802246,9.41603946685791,3.216254711151123,240090
2002-04-24,9.402907371520996,9.512345314025879,9.280336380004883,9.289091110229492,3.1728930473327637,290576
2002-04-25,9.19278621673584,9.42479419708252,9.1708984375,9.407283782958984,3.2132656574249268,166533
2002-04-26,9.297845840454102,9.297845840454102,9.083348274230957,9.14901065826416,3.1477508544921875,230496
2002-04-29,9.043950080871582,9.188407897949219,8.973910331726074,9.1708984375,3.1552796363830566,198971
2002-04-30,9.144633293151855,9.608650207519531,9.144633293151855,9.569252014160156,3.292335271835327,450255
2002-05-01,9.569252014160156,9.62615966796875,9.411662101745605,9.525477409362793,3.277273416519165,253797
2002-05-02,9.534232139587402,10.125197410583496,9.341621398925781,9.967605590820312,3.429389715194702,482922
2002-05-03,9.893189430236816,10.1295747756958,9.779373168945312,9.85816764831543,3.3917367458343506,577039
2002-05-06,9.85816764831543,9.893189430236816,9.630537986755371,9.766241073608398,3.3601107597351074,379439
2002-05-07,9.783750534057617,9.875679016113281,9.569252014160156,9.770618438720703,3.3616175651550293,450255
2002-05-08,9.761862754821777,9.88443374633789,9.586762428283691,9.88443374633789,3.4007771015167236,391775
2002-05-09,9.866923332214355,9.93696403503418,9.538610458374023,9.542986869812012,3.2832982540130615,306338
2002-05-10,9.608650207519531,9.652424812316895,9.411662101745605,9.477323532104492,3.2607061862945557,213591
2002-05-13,9.542986869812012,9.630537986755371,9.345998764038086,9.630537986755371,3.3134207725524902,290576
2002-05-14,9.525477409362793,9.897565841674805,9.525477409362793,9.888811111450195,3.4022810459136963,417817
2002-05-15,9.888811111450195,9.954474449157715,9.753108024597168,9.801260948181152,3.3721587657928467,323243
2002-05-16,9.805638313293457,9.92820930480957,9.652424812316895,9.805638313293457,3.373664617538452,339462
2002-05-17,9.739974975585938,9.827526092529297,9.564874649047852,9.827526092529297,3.381195068359375,280753
2002-05-20,9.827526092529297,9.880056381225586,9.582385063171387,9.591139793395996,3.299865961074829,287606
2002-05-21,9.608650207519531,9.62615966796875,9.302224159240723,9.512345314025879,3.2727556228637695,599883
2002-05-22,9.61302661895752,9.630537986755371,9.302224159240723,9.407283782958984,3.236609697341919,573613
2002-05-23,9.411662101745605,9.713709831237793,9.324110984802246,9.678689956665039,3.3299896717071533,523584
2002-05-24,9.68306827545166,9.748730659484863,9.551741600036621,9.63929271697998,3.316434144973755,534093
2002-05-28,9.652424812316895,9.652424812316895,9.499212265014648,9.538610458374023,3.2817935943603516,220673
2002-05-29,9.521100044250488,9.521100044250488,9.337244033813477,9.407283782958984,3.236609697341919,329182
2002-05-30,9.39415168762207,9.407283782958984,9.14901065826416,9.214673042297363,3.1703414916992188,347000
2002-05-31,9.214673042297363,9.324110984802246,9.092103004455566,9.092103004455566,3.128171682357788,591660
2002-06-03,9.19278621673584,9.19278621673584,8.623708724975586,8.794431686401367,3.0257554054260254,614275
2002-06-04,8.886360168457031,9.144633293151855,8.820696830749512,9.096480369567871,3.1296775341033936,579324
2002-06-05,9.105236053466797,9.17965316772461,8.956399917602539,9.153388023376465,3.1492557525634766,328725
2002-06-06,9.153388023376465,9.17965316772461,8.886360168457031,8.899492263793945,3.0619027614593506,489090
2002-06-07,8.930134773254395,9.113990783691406,8.798809051513672,9.096480369567871,3.1296775341033936,326441
2002-06-10,9.105236053466797,9.214673042297363,9.048328399658203,9.070215225219727,3.120638608932495,331466
2002-06-11,9.12712287902832,9.12712287902832,8.855716705322266,8.860095024108887,3.048348903656006,266818
2002-06-12,8.88198184967041,9.14025592803955,8.807563781738281,9.14025592803955,3.1447384357452393,344259
2002-06-13,9.14025592803955,9.162142753601074,8.93889045715332,8.969532012939453,3.0860002040863037,244202
2002-06-14,8.886360168457031,9.122746467590332,8.737524032592773,9.070215225219727,3.120638608932495,288063
2002-06-17,9.105236053466797,9.455436706542969,9.105236053466797,9.455436706542969,3.2531752586364746,275499
2002-06-18,9.455436706542969,9.621783256530762,9.433548927307129,9.472947120666504,3.2592012882232666,291489
2002-06-19,9.472947120666504,9.529854774475098,9.105236053466797,9.105236053466797,3.1326894760131836,367560
2002-06-20,9.12712287902832,9.402907371520996,9.12712287902832,9.297845840454102,3.1989572048187256,303825
2002-06-21,9.315356254577637,9.389774322509766,9.197162628173828,9.197162628173828,3.1643166542053223,487948
2002-06-24,9.219051361083984,9.223427772521973,8.995798110961914,9.022063255310059,3.104072332382202,274585
2002-06-25,9.022063255310059,9.367886543273926,8.973910331726074,9.131501197814941,3.141725778579712,385378
2002-06-26,8.982665061950684,9.315356254577637,8.912625312805176,9.223427772521973,3.173353672027588,443402
2002-06-27,9.302224159240723,9.433548927307129,9.030817985534668,9.385396957397461,3.229079008102417,338548
2002-06-28,9.38101863861084,9.630537986755371,9.38101863861084,9.608650207519531,3.305891513824463,592802
2002-07-01,9.62615966796875,9.713709831237793,9.477323532104492,9.477323532104492,3.2607061862945557,338320
2002-07-02,9.477323532104492,9.516721725463867,9.105236053466797,9.12712287902832,3.1402196884155273,263163
2002-07-03,9.12712287902832,9.19278621673584,8.842583656311035,8.991419792175293,3.0935311317443848,324613
2002-07-05,8.995798110961914,9.236560821533203,8.995798110961914,9.1708984375,3.1552796363830566,196002
2002-07-08,9.175275802612305,9.19278621673584,8.921380043029785,8.921380043029785,3.0694327354431152,524270
2002-07-09,8.930134773254395,9.105236053466797,8.825074195861816,8.842583656311035,3.0423219203948975,319816
2002-07-10,8.886360168457031,9.0614595413208,8.496761322021484,8.496761322021484,2.9233415126800537,386977
2002-07-11,8.514270782470703,8.579933166503906,8.317281723022461,8.374190330505371,2.8811707496643066,702453
2002-07-12,8.4486083984375,8.4486083984375,8.050253868103027,8.19033432006836,2.8179149627685547,619529
2002-07-15,8.164069175720215,8.22535514831543,7.791979789733887,8.094029426574707,2.7847793102264404,716388
2002-07-16,8.120293617248535,8.207844734191895,7.923305988311768,8.015233993530273,2.7576706409454346,503025
2002-07-17,8.089652061462402,8.229731559753418,7.840133190155029,8.045875549316406,2.768211603164673,607422
2002-07-18,8.050253868103027,8.115917205810547,7.783225059509277,7.783225059509277,2.6778454780578613,610849
2002-07-19,7.748205184936523,7.77446985244751,7.117843151092529,7.15723991394043,2.4624738693237305,856878
2002-07-22,7.179128170013428,7.279810905456543,6.868323802947998,7.025915145874023,2.4172916412353516,615189
2002-07-23,7.025915145874023,7.091578006744385,6.579408168792725,6.658203125,2.290778636932373,715017
2002-07-24,6.658203125,7.135353088378906,6.399930000305176,7.135353088378906,2.4549436569213867,653338
2002-07-25,7.201015949249268,7.616879940032959,7.183506011962891,7.5293288230896,2.5904927253723145,539347
2002-07-26,7.485554218292236,7.594992160797119,7.419890880584717,7.577482223510742,2.607060670852661,270245
2002-07-29,7.581860065460205,7.9408159255981445,7.581860065460205,7.857643127441406,2.727876663208008,366646
2002-07-30,7.857643127441406,8.317281723022461,7.805112838745117,7.971458911895752,2.767388105392456,525412
2002-07-31,7.975835800170898,8.185956954956055,7.975835800170898,8.098406791687012,2.8114609718322754,470130
2002-08-01,8.098406791687012,8.207844734191895,7.809490203857422,7.809490203857422,2.7111594676971436,369844
2002-08-02,7.835755825042725,8.102784156799316,7.678164958953857,7.791979789733887,2.705080032348633,222044
2002-08-05,7.879530906677246,8.120293617248535,7.533707141876221,7.5731048583984375,2.6290953159332275,386520
2002-08-06,7.879530906677246,8.111538887023926,7.78760290145874,8.067764282226562,2.8008229732513428,506223
2002-08-07,8.19033432006836,8.4486083984375,8.059008598327637,8.417964935302734,2.9223992824554443,619986
2002-08-08,8.317281723022461,8.711258888244629,8.317281723022461,8.492383003234863,2.9482345581054688,406395
2002-08-09,8.40483283996582,8.514270782470703,8.207844734191895,8.264752388000488,2.8692102432250977,425127
2002-08-12,8.207844734191895,8.45736312866211,8.207844734191895,8.4486083984375,2.9330365657806396,290804
2002-08-13,8.4486083984375,8.562422752380371,8.15969181060791,8.172823905944824,2.8372957706451416,315476
2002-08-14,8.238487243652344,8.65872859954834,8.16844654083252,8.65872859954834,3.005983591079712,376698
2002-08-15,8.768166542053223,8.930134773254395,8.623708724975586,8.68061637878418,3.013582944869995,374413
2002-08-16,8.68061637878418,8.755034446716309,8.4486083984375,8.711258888244629,3.024219274520874,382180
2002-08-19,8.711258888244629,8.833828926086426,8.623708724975586,8.755034446716309,3.039417028427124,496629
2002-08-20,8.833828926086426,9.039572715759277,8.790054321289062,8.8732271194458,3.080448627471924,592345
2002-08-21,8.89073657989502,9.087724685668945,8.842583656311035,9.087724685668945,3.1549148559570312,651054
2002-08-22,9.087724685668945,9.19278621673584,9.039572715759277,9.109613418579102,3.1625149250030518,471043
2002-08-23,9.039572715759277,9.039572715759277,8.755034446716309,8.755034446716309,3.039417028427124,1177380
2002-08-26,8.579933166503906,8.623708724975586,8.317281723022461,8.619331359863281,2.9923059940338135,1094456
2002-08-27,8.728769302368164,8.772543907165527,8.584310531616211,8.606199264526367,2.9877467155456543,728038
2002-08-28,8.593066215515137,8.623708724975586,8.426719665527344,8.452984809875488,2.9345574378967285,741745
2002-08-29,8.361058235168457,8.409210205078125,8.185956954956055,8.312905311584473,2.8859264850616455,921527
2002-08-30,8.317281723022461,8.711258888244629,8.317281723022461,8.466117858886719,2.9391157627105713,653110
2002-09-03,8.47925090789795,8.47925090789795,8.054631233215332,8.07214069366455,2.8023416996002197,489090
2002-09-04,8.164069175720215,8.356679916381836,8.019611358642578,8.317281723022461,2.887446880340576,572471
2002-09-05,8.317281723022461,8.317281723022461,8.050253868103027,8.050253868103027,2.7947449684143066,554652
2002-09-06,8.054631233215332,8.452984809875488,8.041499137878418,8.426719665527344,2.9254391193389893,1360360
2002-09-09,8.361058235168457,8.474872589111328,8.269129753112793,8.422343254089355,2.923919677734375,622499
2002-09-10,8.492383003234863,8.689371109008789,8.229731559753418,8.387323379516602,2.911761522293091,430609
2002-09-11,8.492383003234863,8.733146667480469,8.492383003234863,8.623708724975586,2.9938251972198486,463733
2002-09-12,8.579933166503906,8.606199264526367,8.273507118225098,8.277885437011719,2.8737690448760986,643515
2002-09-13,8.277885437011719,8.579933166503906,8.194711685180664,8.536157608032227,2.9634315967559814,324156
2002-09-16,8.536157608032227,8.536157608032227,8.361058235168457,8.431097984313965,2.926959753036499,545743
2002-09-17,8.431097984313965,8.431097984313965,8.059008598327637,8.13780403137207,2.8251383304595947,348599
2002-09-18,8.107162475585938,8.229731559753418,8.028366088867188,8.181578636169434,2.8403353691101074,989145
2002-09-19,8.142182350158691,8.1509370803833,7.993346214294434,7.993346214294434,2.7749874591827393,531580
2002-09-20,8.098406791687012,8.098406791687012,7.927682876586914,8.015233993530273,2.7825863361358643,535235
2002-09-23,8.015233993530273,8.098406791687012,7.822622776031494,7.984591007232666,2.7719476222991943,441346
2002-09-24,7.945192813873291,7.984591007232666,7.813868045806885,7.870776176452637,2.7324366569519043,352483
2002-09-25,7.901418209075928,8.16844654083252,7.857643127441406,8.1509370803833,2.8296968936920166,521757
2002-09-26,8.242864608764648,8.4486083984375,8.242864608764648,8.361058235168457,2.902644395828247,391546
2002-09-27,8.339170455932617,8.46174144744873,8.107162475585938,8.142182350158691,2.8266587257385254,472871
2002-09-30,8.054631233215332,8.38294506072998,7.975835800170898,8.273507118225098,2.8722493648529053,612676
2002-10-01,8.286640167236328,8.426719665527344,8.20346736907959,8.426719665527344,2.9254391193389893,716616
2002-10-02,8.426719665527344,8.47049617767334,8.120293617248535,8.120293617248535,2.8190603256225586,565389
2002-10-03,8.229731559753418,8.474872589111328,8.22535514831543,8.282261848449707,2.8752877712249756,405024
2002-10-04,8.317281723022461,8.317281723022461,7.870776176452637,7.949571132659912,2.7597897052764893,977952
2002-10-07,7.879530906677246,8.098406791687012,7.853265762329102,7.857643127441406,2.727876663208008,234151
2002-10-08,8.002100944519043,8.07214069366455,7.568727016448975,7.932061195373535,2.753711223602295,514447
2002-10-09,7.901418209075928,7.945192813873291,7.6212568283081055,7.625635147094727,2.647332191467285,603538
2002-10-10,7.616879940032959,7.901418209075928,7.29732084274292,7.901418209075928,2.743074655532837,1067729
2002-10-11,8.098406791687012,8.098406791687012,7.923305988311768,7.993346214294434,2.7749874591827393,236207
2002-10-14,7.9802141189575195,8.054631233215332,7.835755825042725,8.028366088867188,2.787144422531128,196687
2002-10-15,8.076519012451172,8.356679916381836,8.059008598327637,8.356679916381836,2.901123046875,529752
2002-10-16,8.326037406921387,8.361058235168457,7.9977240562438965,8.015233993530273,2.7825863361358643,305424
2002-10-17,7.975835800170898,8.185956954956055,7.975835800170898,8.185956954956055,2.841855764389038,222044
2002-10-18,8.207844734191895,8.299772262573242,8.111538887023926,8.16844654083252,2.835775136947632,316389
2002-10-21,8.155314445495605,8.334793090820312,8.155314445495605,8.317281723022461,2.887446880340576,427640
2002-10-22,8.207844734191895,8.352302551269531,8.098406791687012,8.098406791687012,2.8114609718322754,314562
2002-10-23,8.076519012451172,8.229731559753418,8.063385963439941,8.20346736907959,2.8479347229003906,545515
2002-10-24,8.295394897460938,8.356679916381836,8.20346736907959,8.286640167236328,2.876807689666748,392003
2002-10-25,8.295394897460938,8.312905311584473,8.185956954956055,8.295394897460938,2.879847288131714,280524
2002-10-28,8.308526992797852,8.39169979095459,8.277885437011719,8.304149627685547,2.882887363433838,536606
2002-10-29,8.295394897460938,8.295394897460938,8.054631233215332,8.20346736907959,2.8713953495025635,348371
2002-10-30,8.20346736907959,8.317281723022461,8.19033432006836,8.317281723022461,2.911233425140381,322100
2002-10-31,8.317281723022461,8.4486083984375,8.255996704101562,8.291016578674316,2.9020395278930664,678924
2002-11-01,8.185956954956055,8.295394897460938,8.098406791687012,8.164069175720215,2.857605218887329,883149
2002-11-04,8.207844734191895,8.492383003234863,8.155314445495605,8.255996704101562,2.8897812366485596,452768
2002-11-05,8.273507118225098,8.426719665527344,8.155314445495605,8.2122220993042,2.874459743499756,489090
2002-11-06,8.251620292663574,8.558046340942383,8.242864608764648,8.47049617767334,2.9648613929748535,622499
2002-11-07,8.207844734191895,8.308526992797852,7.791979789733887,7.883907794952393,2.759542465209961,1469783
2002-11-08,7.918928146362305,8.142182350158691,7.791979789733887,7.875153064727783,2.7564780712127686,669101
2002-11-11,7.879530906677246,7.910172939300537,7.770092964172363,7.827001094818115,2.739624500274658,307023
2002-11-12,7.857643127441406,8.054631233215332,7.638766765594482,7.735073089599609,2.707447052001953,369616
2002-11-13,7.770092964172363,7.945192813873291,7.630012035369873,7.730694770812988,2.7059149742126465,341518
2002-11-14,7.791979789733887,7.945192813873291,7.778848171234131,7.901418209075928,2.765672445297241,283722
2002-11-15,7.879530906677246,8.032744407653809,7.778848171234131,8.028366088867188,2.810105800628662,308394
2002-11-18,8.098406791687012,8.133426666259766,7.993346214294434,8.059008598327637,2.820831775665283,640774
2002-11-19,8.094029426574707,8.142182350158691,7.9802141189575195,8.050253868103027,2.817768096923828,334665
2002-11-20,8.054631233215332,8.251620292663574,8.023988723754883,8.194711685180664,2.8683314323425293,331466
2002-11-21,8.229731559753418,8.317281723022461,8.185956954956055,8.264752388000488,2.892847776412964,220673
2002-11-22,8.295394897460938,8.361058235168457,8.16844654083252,8.361058235168457,2.926556348800659,279382
2002-11-25,8.317281723022461,8.4486083984375,8.207844734191895,8.426719665527344,2.9495394229888916,256310
2002-11-26,8.409210205078125,8.426719665527344,8.255996704101562,8.282261848449707,2.8989744186401367,285778
2002-11-27,8.286640167236328,8.492383003234863,8.273507118225098,8.417964935302734,2.946474075317383,511020
2002-11-29,8.422343254089355,8.422343254089355,8.229731559753418,8.291016578674316,2.9020395278930664,163563
2002-12-02,8.286640167236328,8.400455474853516,8.124671936035156,8.207844734191895,2.8729279041290283,394973
2002-12-03,8.207844734191895,8.549290657043457,8.207844734191895,8.518648147583008,2.9817147254943848,580694
2002-12-04,8.536157608032227,8.579933166503906,8.387323379516602,8.396078109741211,2.9388136863708496,782179
2002-12-05,8.4486083984375,8.4486083984375,8.299772262573242,8.361058235168457,2.926556348800659,1245226
2002-12-06,8.273507118225098,8.361058235168457,8.199089050292969,8.286640167236328,2.9005074501037598,223871
2002-12-09,8.317281723022461,8.321660041809082,8.194711685180664,8.273507118225098,2.895911693572998,326441
2002-12-10,8.269129753112793,8.317281723022461,8.177202224731445,8.251620292663574,2.8882508277893066,309079
2002-12-11,8.273507118225098,8.422343254089355,8.251620292663574,8.365434646606445,2.9280881881713867,275499
2002-12-12,8.361058235168457,8.466117858886719,8.321660041809082,8.43547534942627,2.952603340148926,202855
2002-12-13,8.41358757019043,8.483628273010254,8.317281723022461,8.326037406921387,2.914297342300415,329182
2002-12-16,8.374190330505371,8.46174144744873,8.374190330505371,8.43547534942627,2.952603340148926,557394
2002-12-17,8.361058235168457,8.426719665527344,8.361058235168457,8.400455474853516,2.9403457641601562,363448
2002-12-18,8.369812965393066,8.369812965393066,8.251620292663574,8.286640167236328,2.9005074501037598,368931
2002-12-19,8.291016578674316,8.38294506072998,8.291016578674316,8.374190330505371,2.9311535358428955,523584
2002-12-20,8.39169979095459,8.46174144744873,8.387323379516602,8.4486083984375,2.9571993350982666,543687
2002-12-23,8.4486083984375,8.518648147583008,8.40483283996582,8.514270782470703,2.9801838397979736,371672
2002-12-24,8.518648147583008,8.566801071166992,8.4486083984375,8.536157608032227,2.987844228744507,243060
2002-12-26,8.536157608032227,8.62808609008789,8.496761322021484,8.566801071166992,2.998569965362549,235979
2002-12-27,8.439852714538574,8.601820945739746,8.431097984313965,8.431097984313965,2.9510722160339355,295373
2002-12-30,8.43547534942627,8.4486083984375,8.304149627685547,8.339170455932617,2.9188930988311768,474013
2002-12-31,8.339170455932617,8.439852714538574,8.273507118225098,8.40483283996582,2.941877841949463,667502
2003-01-02,8.426719665527344,8.531781196594238,8.347925186157227,8.531781196594238,2.9863126277923584,620671
2003-01-03,8.531781196594238,8.562422752380371,8.474872589111328,8.523026466369629,2.983247995376587,302683
2003-01-06,8.536157608032227,8.842583656311035,8.536157608032227,8.737524032592773,3.0583276748657227,459393
2003-01-07,8.755034446716309,8.755034446716309,8.431097984313965,8.597443580627441,3.0092954635620117,428325
2003-01-08,8.64997386932373,8.64997386932373,8.474872589111328,8.593066215515137,3.0077643394470215,653795
2003-01-09,8.549290657043457,8.667484283447266,8.273507118225098,8.321660041809082,2.912764549255371,1364701
2003-01-10,8.317281723022461,8.321660041809082,7.975835800170898,8.155314445495605,2.854541540145874,3938534
2003-01-13,8.142182350158691,8.142182350158691,7.835755825042725,8.059008598327637,2.820831775665283,2285542
2003-01-14,8.059008598327637,8.059008598327637,7.897040843963623,7.967081069946289,2.7886557579040527,1540142
2003-01-15,7.967081069946289,7.9977240562438965,7.835755825042725,7.840133190155029,2.744220495223999,1643397
2003-01-16,7.879530906677246,7.879530906677246,7.704430103302002,7.739449977874756,2.708979845046997,1947451
2003-01-17,7.743827819824219,7.743827819824219,7.52057409286499,7.5731048583984375,2.65075421333313,2277547
2003-01-21,7.577482223510742,7.577482223510742,7.354228973388672,7.472422122955322,2.615514039993286,3446931
2003-01-22,7.472422122955322,7.656277179718018,7.398004055023193,7.524951934814453,2.633899450302124,8198026
2003-01-23,7.616879940032959,7.638766765594482,7.485554218292236,7.524951934814453,2.633899450302124,22864560
2003-01-24,7.503064155578613,7.524951934814453,7.446156978607178,7.450533866882324,2.607851505279541,4180452
2003-01-27,7.43740177154541,7.441779136657715,7.332341194152832,7.419890880584717,2.5971262454986572,4283707
2003-01-28,7.446156978607178,7.60812520980835,7.441779136657715,7.551217079162598,2.6430933475494385,5983072
2003-01-29,7.507441997528076,7.5906147956848145,7.476799011230469,7.564350128173828,2.6476900577545166,2915580
2003-01-30,7.489932060241699,7.559971809387207,7.485554218292236,7.485554218292236,2.64614200592041,4729850
2003-01-31,7.441779136657715,7.533707141876221,7.441779136657715,7.507441997528076,2.6538803577423096,2946648
2003-02-03,7.551217079162598,7.564350128173828,7.507441997528076,7.538084030151367,2.6647119522094727,1414044
2003-02-04,7.551217079162598,7.551217079162598,7.463666915893555,7.468043804168701,2.639951467514038,4120372
2003-02-05,7.485554218292236,7.52057409286499,7.384871006011963,7.389248847961426,2.6120989322662354,1136261
2003-02-06,7.389248847961426,7.43740177154541,7.271056175231934,7.398004055023193,2.6151938438415527,2738539
2003-02-07,7.398004055023193,7.406758785247803,7.201015949249268,7.253546237945557,2.5641286373138428,1300052
2003-02-10,7.253546237945557,7.398004055023193,7.253546237945557,7.345473766326904,2.596623659133911,1291371
2003-02-11,7.398004055023193,7.450533866882324,7.327963829040527,7.358605861663818,2.601266860961914,1676293
2003-02-12,7.398004055023193,7.41551399230957,7.187882900238037,7.214148044586182,2.5502007007598877,1099253
2003-02-13,7.214148044586182,7.2491679191589355,7.004026889801025,7.196638107299805,2.544010877609253,1523466
2003-02-14,7.201015949249268,7.3060760498046875,7.122220039367676,7.292943000793457,2.5780539512634277,1157505
2003-02-18,7.354228973388672,7.52057409286499,7.2666778564453125,7.398004055023193,2.6151938438415527,974753
2003-02-19,7.450533866882324,7.450533866882324,7.2360358238220215,7.271056175231934,2.570317029953003,609021
2003-02-20,7.332341194152832,7.463666915893555,7.314830780029297,7.450533866882324,2.633763313293457,3886450
2003-02-21,7.454912185668945,7.551217079162598,7.40238094329834,7.54246187210083,2.666259288787842,1882117
2003-02-24,7.551217079162598,7.564350128173828,7.481176853179932,7.555593967437744,2.6709015369415283,2170180
2003-02-25,7.594992160797119,7.682541847229004,7.594992160797119,7.6606550216674805,2.708040475845337,3484167
2003-02-26,7.6606550216674805,7.6606550216674805,7.446156978607178,7.577482223510742,2.6786398887634277,1595197
2003-02-27,7.616879940032959,7.6606550216674805,7.179128170013428,7.354228973388672,2.599719285964966,2656529
2003-02-28,7.463666915893555,7.551217079162598,7.327963829040527,7.54246187210083,2.666259288787842,2129518
2003-03-03,7.54246187210083,7.665031909942627,7.498686790466309,7.52057409286499,2.658521890640259,2374405
2003-03-04,7.524951934814453,7.630012035369873,7.507441997528076,7.625635147094727,2.695661783218384,1965955
2003-03-05,7.625635147094727,7.748205184936523,7.538084030151367,7.726317882537842,2.7312519550323486,2259957
2003-03-06,7.748205184936523,7.840133190155029,7.669410228729248,7.840133190155029,2.7714860439300537,2039055
2003-03-07,7.870776176452637,7.910172939300537,7.813868045806885,7.870776176452637,2.7823193073272705,2262698
2003-03-10,7.870776176452637,7.897040843963623,7.743827819824219,7.796358108520508,2.7560129165649414,1981945
2003-03-11,7.844511032104492,7.918928146362305,7.822622776031494,7.875153064727783,2.7838661670684814,2658356
2003-03-12,7.835755825042725,7.857643127441406,7.704430103302002,7.791979789733887,2.7544636726379395,1216443
2003-03-13,7.748205184936523,7.879530906677246,7.748205184936523,7.857643127441406,2.777677059173584,1464757
2003-03-14,7.791979789733887,7.875153064727783,7.783225059509277,7.835755825042725,2.7699382305145264,1329292
2003-03-17,7.813868045806885,7.936438083648682,7.813868045806885,7.936438083648682,2.8055291175842285,1329749
2003-03-18,7.936438083648682,7.9802141189575195,7.805112838745117,7.971458911895752,2.8179094791412354,1286346
2003-03-19,7.945192813873291,7.9802141189575195,7.822622776031494,7.9583258628845215,2.813267707824707,1469555
2003-03-20,7.91455078125,8.023988723754883,7.835755825042725,8.023988723754883,2.8364803791046143,2331002
2003-03-21,8.023988723754883,8.129049301147461,7.932061195373535,8.129049301147461,2.8736190795898438,1770182
2003-03-24,8.054631233215332,8.054631233215332,7.770092964172363,7.848887920379639,2.7745819091796875,956021
2003-03-25,7.835755825042725,8.023988723754883,7.835755825042725,8.006479263305664,2.830289602279663,1291371
2003-03-26,8.032744407653809,8.037120819091797,7.888286113739014,7.936438083648682,2.8055291175842285,2357958
2003-03-27,7.9802141189575195,8.037120819091797,7.827001094818115,8.032744407653809,2.839573621749878,962418
2003-03-28,7.923305988311768,8.080897331237793,7.923305988311768,8.07214069366455,2.8535008430480957,678467
2003-03-31,8.067764282226562,8.133426666259766,7.918928146362305,8.028366088867188,2.838026285171509,550540
2003-04-01,8.089652061462402,8.142182350158691,7.9408159255981445,8.107162475585938,2.8658809661865234,925182
2003-04-02,8.107162475585938,8.207844734191895,8.076519012451172,8.172823905944824,2.889091730117798,783778
2003-04-03,8.185956954956055,8.21660041809082,8.041499137878418,8.107162475585938,2.8658809661865234,3279713
2003-04-04,8.185956954956055,8.2122220993042,7.988968849182129,8.094029426574707,2.8612396717071533,1643854
2003-04-07,8.207844734191895,8.273507118225098,8.041499137878418,8.076519012451172,2.855048656463623,2102333
2003-04-08,8.107162475585938,8.295394897460938,8.010855674743652,8.124671936035156,2.8720712661743164,3978511
2003-04-09,8.124671936035156,8.269129753112793,8.015233993530273,8.107162475585938,2.8658809661865234,836547
2003-04-10,8.129049301147461,8.22535514831543,8.124671936035156,8.185956954956055,2.893735647201538,4383535
2003-04-11,8.251620292663574,8.251620292663574,8.102784156799316,8.177202224731445,2.890639543533325,1897423
2003-04-14,8.164069175720215,8.273507118225098,8.164069175720215,8.21660041809082,2.9045684337615967,1328835
2003-04-15,8.21660041809082,8.234109878540039,8.172823905944824,8.21660041809082,2.9045684337615967,2947104
2003-04-16,8.234109878540039,8.295394897460938,8.164069175720215,8.172823905944824,2.889091730117798,631865
2003-04-17,8.251620292663574,8.286640167236328,8.21660041809082,8.260375022888184,2.920041561126709,1171897
2003-04-21,8.269129753112793,8.417964935302734,8.194711685180664,8.417964935302734,2.9757490158081055,883606
2003-04-22,8.330414772033691,8.514270782470703,8.326037406921387,8.514270782470703,3.009793281555176,927923
2003-04-23,8.514270782470703,8.514270782470703,8.444230079650879,8.444230079650879,2.9850363731384277,835634
2003-04-24,8.426719665527344,8.483628273010254,8.356679916381836,8.361058235168457,2.955634117126465,865102
2003-04-25,8.396078109741211,8.41358757019043,8.308526992797852,8.326037406921387,2.9432528018951416,670015
2003-04-28,8.321660041809082,8.417964935302734,8.282261848449707,8.396078109741211,2.9947800636291504,1175095
2003-04-29,8.409210205078125,8.409210205078125,8.264752388000488,8.347925186157227,2.9776060581207275,908963
2003-04-30,8.347925186157227,8.38294506072998,8.277885437011719,8.304149627685547,2.961991310119629,2291253
2003-05-01,8.317281723022461,8.378567695617676,8.098406791687012,8.374190330505371,2.986973524093628,2878572
2003-05-02,8.378567695617676,8.623708724975586,8.361058235168457,8.579933166503906,3.060359001159668,2363440
2003-05-05,8.514270782470703,8.64559555053711,8.514270782470703,8.623708724975586,3.0759739875793457,2230945
2003-05-06,8.623708724975586,8.750657081604004,8.610575675964355,8.737524032592773,3.116569757461548,1376579
2003-05-07,8.69374942779541,8.733146667480469,8.584310531616211,8.614953994750977,3.072850465774536,1528949
2003-05-08,8.558046340942383,8.70250415802002,8.496761322021484,8.64997386932373,3.085341691970825,908734
2003-05-09,8.689371109008789,8.72439193725586,8.610575675964355,8.72439193725586,3.111884355545044,2607643
2003-05-12,8.619331359863281,8.750657081604004,8.619331359863281,8.654351234436035,3.086902141571045,2130660
2003-05-13,8.606199264526367,8.768166542053223,8.558046340942383,8.755034446716309,3.122817039489746,1651393
2003-05-14,8.720013618469238,8.750657081604004,8.593066215515137,8.689371109008789,3.0993947982788086,1036432
2003-05-15,8.711258888244629,8.851340293884277,8.711258888244629,8.833828926086426,3.1509203910827637,1252308
2003-05-16,8.820696830749512,8.864472389221191,8.689371109008789,8.689371109008789,3.0993947982788086,2023293
2003-05-19,8.623708724975586,8.755034446716309,8.597443580627441,8.711258888244629,3.107200860977173,1102223
2003-05-20,8.711258888244629,8.807563781738281,8.68061637878418,8.768166542053223,3.127500295639038,1156592
2003-05-21,8.763789176940918,8.820696830749512,8.684993743896484,8.811942100524902,3.143113851547241,1082120
2003-05-22,8.816319465637207,8.868849754333496,8.790054321289062,8.864472389221191,3.1618499755859375,815302
2003-05-23,8.820696830749512,8.9345121383667,8.755034446716309,8.9345121383667,3.186833620071411,2292167
2003-05-27,8.855716705322266,9.000175476074219,8.846961975097656,8.960777282714844,3.196202039718628,3018378
2003-05-28,8.960777282714844,9.008930206298828,8.820696830749512,8.851340293884277,3.1571671962738037,733292
2003-05-29,8.820696830749512,8.908246994018555,8.689371109008789,8.776922225952148,3.130622148513794,1079379
2003-05-30,8.750657081604004,8.92575740814209,8.733146667480469,8.917001724243164,3.180586576461792,1029122
2003-06-02,8.877605438232422,9.052704811096191,8.820696830749512,8.982665061950684,3.204009771347046,1238145
2003-06-03,8.930134773254395,8.969532012939453,8.833828926086426,8.965154647827148,3.197763204574585,838603
2003-06-04,8.92575740814209,9.1708984375,8.921380043029785,9.1708984375,3.271148443222046,690574
2003-06-05,9.1708984375,9.1708984375,9.022063255310059,9.039572715759277,3.2243080139160156,615417
2003-06-06,9.105236053466797,9.188407897949219,8.982665061950684,9.052704811096191,3.228989601135254,942087
2003-06-09,8.89511489868164,9.0614595413208,8.88198184967041,8.943266868591309,3.1899547576904297,645571
2003-06-10,8.982665061950684,8.991419792175293,8.89073657989502,8.991419792175293,3.2071304321289062,1184005
2003-06-11,8.952021598815918,9.017684936523438,8.93889045715332,8.94764518737793,3.191516160964966,1120955
2003-06-12,8.965154647827148,9.026439666748047,8.930134773254395,9.013307571411133,3.2149391174316406,647171
2003-06-13,9.017684936523438,9.026439666748047,8.8732271194458,8.9345121383667,3.186833620071411,1125067
2003-06-16,8.886360168457031,9.078969955444336,8.886360168457031,9.078969955444336,3.2383594512939453,1302793
2003-06-17,9.14901065826416,9.14901065826416,8.952021598815918,9.008930206298828,3.213376760482788,1432090
2003-06-18,8.995798110961914,8.995798110961914,8.864472389221191,8.952021598815918,3.193079710006714,603310
2003-06-19,8.952021598815918,9.083348274230957,8.930134773254395,9.026439666748047,3.2196240425109863,1454934
2003-06-20,9.083348274230957,9.092103004455566,8.868849754333496,8.952021598815918,3.193079710006714,885205
2003-06-23,8.908246994018555,8.952021598815918,8.763789176940918,8.798809051513672,3.1384286880493164,1164816
2003-06-24,8.864472389221191,8.930134773254395,8.776922225952148,8.776922225952148,3.130622148513794,1632661
2003-06-25,8.798809051513672,8.908246994018555,8.776922225952148,8.794431686401367,3.1368675231933594,1362188
2003-06-26,8.794431686401367,8.816319465637207,8.606199264526367,8.623708724975586,3.0759739875793457,1353964
2003-06-27,8.641219139099121,8.641219139099121,8.540535926818848,8.571178436279297,3.0572376251220703,1871837
2003-06-30,8.544913291931152,8.606199264526367,8.439852714538574,8.593066215515137,3.0650432109832764,3376800
2003-07-01,8.593066215515137,8.825074195861816,8.562422752380371,8.781298637390137,3.13218355178833,2714781
2003-07-02,8.750657081604004,8.855716705322266,8.750657081604004,8.816319465637207,3.14467453956604,1062018
2003-07-03,8.798809051513672,8.943266868591309,8.781298637390137,8.868849754333496,3.163411855697632,703595
2003-07-07,8.886360168457031,8.952021598815918,8.864472389221191,8.8732271194458,3.164973735809326,1110218
2003-07-08,8.8732271194458,8.88198184967041,8.741902351379395,8.798809051513672,3.1384286880493164,1067272
2003-07-09,8.798809051513672,8.89511489868164,8.750657081604004,8.807563781738281,3.1415517330169678,681665
2003-07-10,8.807563781738281,8.807563781738281,8.588687896728516,8.610575675964355,3.071288824081421,1012675
2003-07-11,8.689371109008789,8.711258888244629,8.593066215515137,8.593066215515137,3.0650432109832764,776468
2003-07-14,8.689371109008789,8.772543907165527,8.667484283447266,8.759411811828613,3.124377489089966,1535802
2003-07-15,8.763789176940918,8.930134773254395,8.737524032592773,8.908246994018555,3.1774637699127197,2233458
2003-07-16,8.94764518737793,8.982665061950684,8.921380043029785,8.930134773254395,3.185272216796875,1888742
2003-07-17,8.9345121383667,8.94764518737793,8.772543907165527,8.794431686401367,3.1368675231933594,3025459
2003-07-18,8.8732271194458,8.987043380737305,8.798809051513672,8.960777282714844,3.196202039718628,837233
2003-07-21,8.973910331726074,9.0614595413208,8.917001724243164,9.052704811096191,3.228989601135254,1626036
2003-07-22,9.039572715759277,9.289091110229492,9.039572715759277,9.284713745117188,3.3117446899414062,2047736
2003-07-23,9.284713745117188,9.289091110229492,9.105236053466797,9.157766342163086,3.266465187072754,996684
2003-07-24,9.19278621673584,9.245315551757812,9.166521072387695,9.188407897949219,3.277392864227295,757507
2003-07-25,9.188407897949219,9.315356254577637,9.105236053466797,9.258448600769043,3.302377223968506,1262359
2003-07-28,9.258448600769043,9.293469429016113,9.214673042297363,9.262825965881348,3.303938865661621,1070013
2003-07-29,9.19278621673584,9.214673042297363,9.0614595413208,9.205918312072754,3.3102355003356934,842715
2003-07-30,9.184030532836914,9.227806091308594,9.000175476074219,9.083348274230957,3.2661614418029785,1588572
2003-07-31,9.087724685668945,9.254071235656738,9.087724685668945,9.131501197814941,3.2834770679473877,645571
2003-08-01,9.113990783691406,9.113990783691406,8.960777282714844,8.965154647827148,3.2236623764038086,1283376
2003-08-04,8.995798110961914,9.057083129882812,8.8732271194458,8.912625312805176,3.2047746181488037,1945395
2003-08-05,8.536157608032227,8.794431686401367,8.326037406921387,8.339170455932617,2.9985733032226562,6892035
2003-08-06,8.295394897460938,8.514270782470703,8.207844734191895,8.4486083984375,3.0379245281219482,10524688
2003-08-07,8.523026466369629,8.523026466369629,8.4486083984375,8.452984809875488,3.039496660232544,4092959
2003-08-08,8.536157608032227,8.536157608032227,8.4486083984375,8.505516052246094,3.0583860874176025,2336484
2003-08-11,8.536157608032227,8.72439193725586,8.527402877807617,8.65872859954834,3.113478183746338,2489082
2003-08-12,8.65872859954834,8.715636253356934,8.623708724975586,8.689371109008789,3.1244966983795166,1840998
2003-08-13,8.68061637878418,8.755034446716309,8.65872859954834,8.667484283447266,3.1166257858276367,900282
2003-08-14,8.70250415802002,8.737524032592773,8.64559555053711,8.711258888244629,3.1323678493499756,558536
2003-08-15,8.755034446716309,8.768166542053223,8.632464408874512,8.746278762817383,3.1449599266052246,231638
2003-08-18,8.776922225952148,8.781298637390137,8.689371109008789,8.689371109008789,3.1244966983795166,1103365
2003-08-19,8.776922225952148,8.842583656311035,8.728769302368164,8.763789176940918,3.151256799697876,1286574
2003-08-20,8.886360168457031,9.026439666748047,8.851340293884277,8.982665061950684,3.2299578189849854,1650479
2003-08-21,9.280336380004883,9.280336380004883,9.0614595413208,9.092103004455566,3.2693097591400146,2117639
2003-08-22,9.184030532836914,9.184030532836914,8.969532012939453,8.973910331726074,3.226809024810791,894571
2003-08-25,8.995798110961914,9.039572715759277,8.965154647827148,8.995798110961914,3.234680652618408,923811
2003-08-26,8.973910331726074,9.113990783691406,8.952021598815918,9.087724685668945,3.2677359580993652,922441
2003-08-27,9.043950080871582,9.19278621673584,9.035195350646973,9.14901065826416,3.2897729873657227,998740
2003-08-28,9.14901065826416,9.227806091308594,9.087724685668945,9.19278621673584,3.305513381958008,1361046
2003-08-29,9.1708984375,9.267204284667969,9.105236053466797,9.188407897949219,3.303938865661621,579781
2003-09-02,9.249693870544434,9.468568801879883,9.214673042297363,9.41603946685791,3.385788917541504,1246369
2003-09-03,9.407283782958984,9.477323532104492,9.324110984802246,9.464192390441895,3.403104066848755,1017929
2003-09-04,9.477323532104492,9.490456581115723,9.324110984802246,9.359131813049316,3.365328550338745,1864527
2003-09-05,9.289091110229492,9.332865715026855,9.236560821533203,9.254071235656738,3.3275508880615234,527925
2003-09-08,9.280336380004883,9.367886543273926,9.262825965881348,9.332865715026855,3.3558828830718994,527011
2003-09-09,9.332865715026855,9.39415168762207,9.267204284667969,9.337244033813477,3.3574559688568115,778752
2003-09-10,9.341621398925781,9.345998764038086,9.245315551757812,9.271580696105957,3.3338470458984375,668415
2003-09-11,9.240939140319824,9.271580696105957,9.14901065826416,9.20154094696045,3.3086607456207275,1034833
2003-09-12,9.20154094696045,9.249693870544434,9.100857734680176,9.227806091308594,3.318103551864624,868072
2003-09-15,9.232184410095215,9.232184410095215,9.109613418579102,9.205918312072754,3.3102355003356934,1183548
2003-09-16,9.184030532836914,9.184030532836914,9.100857734680176,9.12712287902832,3.281902313232422,978180
2003-09-17,9.144633293151855,9.144633293151855,9.070215225219727,9.113990783691406,3.2771806716918945,576126
2003-09-18,9.12712287902832,9.197162628173828,9.100857734680176,9.188407897949219,3.303938865661621,945056
2003-09-19,9.188407897949219,9.262825965881348,9.118368148803711,9.223427772521973,3.3165314197540283,1144713
2003-09-22,9.19278621673584,9.249693870544434,9.1708984375,9.205918312072754,3.3102355003356934,1234718
2003-09-23,9.236560821533203,9.240939140319824,9.1708984375,9.1708984375,3.2976431846618652,558536
2003-09-24,9.20154094696045,9.245315551757812,9.105236053466797,9.105236053466797,3.2740318775177,1340257
2003-09-25,9.12712287902832,9.157766342163086,9.017684936523438,9.026439666748047,3.2457001209259033,641688
2003-09-26,9.030817985534668,9.0614595413208,8.987043380737305,9.017684936523438,3.2425501346588135,530666
2003-09-29,9.026439666748047,9.030817985534668,8.965154647827148,8.995798110961914,3.234680652618408,1350994
2003-09-30,8.952021598815918,8.973910331726074,8.825074195861816,8.829451560974121,3.174866199493408,1029808
2003-10-01,8.8732271194458,9.043950080871582,8.8732271194458,9.039572715759277,3.2504215240478516,630266
2003-10-02,9.017684936523438,9.131501197814941,8.991419792175293,9.131501197814941,3.2834770679473877,678010
2003-10-03,9.13587760925293,9.223427772521973,9.113990783691406,9.162142753601074,3.2944958209991455,487034
2003-10-06,9.162142753601074,9.197162628173828,9.092103004455566,9.197162628173828,3.3070855140686035,754766
2003-10-07,9.197162628173828,9.297845840454102,9.14901065826416,9.267204284667969,3.3322720527648926,902795
2003-10-08,9.289091110229492,9.297845840454102,9.065837860107422,9.12712287902832,3.281902313232422,2454131
2003-10-09,9.14025592803955,9.232184410095215,9.087724685668945,9.118368148803711,3.2787537574768066,601483
2003-10-10,9.14025592803955,9.197162628173828,9.113990783691406,9.113990783691406,3.2771806716918945,409821
2003-10-13,9.14901065826416,9.205918312072754,9.113990783691406,9.153388023376465,3.2913477420806885,707479
2003-10-14,9.153388023376465,9.157766342163086,9.109613418579102,9.14901065826416,3.2897729873657227,665674
2003-10-15,9.12712287902832,9.166521072387695,9.087724685668945,9.118368148803711,3.2787537574768066,625240
2003-10-16,9.118368148803711,9.184030532836914,9.078969955444336,9.100857734680176,3.2724575996398926,1017700
2003-10-17,9.100857734680176,9.105236053466797,8.978287696838379,9.035195350646973,3.2488467693328857,645343
2003-10-20,9.070215225219727,9.083348274230957,9.004552841186523,9.057083129882812,3.2567174434661865,2079032
2003-10-21,9.0614595413208,9.17965316772461,9.057083129882812,9.162142753601074,3.2944958209991455,1488058
2003-10-22,9.162142753601074,9.184030532836914,9.100857734680176,9.100857734680176,3.2724575996398926,2018496
2003-10-23,9.100857734680176,9.105236053466797,8.982665061950684,9.039572715759277,3.2504215240478516,1023868
2003-10-24,9.043950080871582,9.0614595413208,8.978287696838379,9.000175476074219,3.2362537384033203,721642
2003-10-27,9.000175476074219,9.035195350646973,8.912625312805176,8.94764518737793,3.2173666954040527,548484
2003-10-28,8.930134773254395,8.930134773254395,8.785676956176758,8.89073657989502,3.1969032287597656,1048540
2003-10-29,8.816319465637207,8.88198184967041,8.593066215515137,8.711258888244629,3.160377025604248,3073660
2003-10-30,8.711258888244629,8.763789176940918,8.514270782470703,8.755034446716309,3.1762588024139404,3532596
2003-10-31,8.776922225952148,8.908246994018555,8.623708724975586,8.706880569458008,3.158787727355957,2189597
2003-11-03,8.689371109008789,8.811942100524902,8.689371109008789,8.781298637390137,3.185786008834839,1393256
2003-11-04,8.759411811828613,8.763789176940918,8.654351234436035,8.70250415802002,3.1572000980377197,834263
2003-11-05,8.70250415802002,8.728769302368164,8.663105964660645,8.689371109008789,3.152435302734375,714789
2003-11-06,8.70250415802002,8.70250415802002,8.593066215515137,8.64997386932373,3.1381418704986572,762076
2003-11-07,8.689371109008789,8.711258888244629,8.632464408874512,8.689371109008789,3.152435302734375,423985
2003-11-10,8.68061637878418,8.776922225952148,8.614953994750977,8.663105964660645,3.142906427383423,706108
2003-11-11,8.689371109008789,8.711258888244629,8.584310531616211,8.64559555053711,3.13655424118042,322329
2003-11-12,8.684993743896484,8.785676956176758,8.671860694885254,8.785676956176758,3.1873762607574463,1356705
2003-11-13,8.772543907165527,8.825074195861816,8.711258888244629,8.750657081604004,3.1746692657470703,744258
2003-11-14,8.750657081604004,8.794431686401367,8.711258888244629,8.711258888244629,3.160377025604248,446829
2003-11-17,8.715636253356934,8.741902351379395,8.614953994750977,8.69374942779541,3.1540238857269287,515589
2003-11-18,8.667484283447266,8.715636253356934,8.514270782470703,8.531781196594238,3.095263957977295,1480291
2003-11-19,8.579933166503906,8.698125839233398,8.558046340942383,8.619331359863281,3.1270246505737305,2259728
2003-11-20,8.619331359863281,8.706880569458008,8.40483283996582,8.623708724975586,3.1286139488220215,36443947
2003-11-21,8.667484283447266,8.750657081604004,8.663105964660645,8.711258888244629,3.160377025604248,3931909
2003-11-24,8.733146667480469,8.737524032592773,8.676239013671875,8.70250415802002,3.1572000980377197,4253096
2003-11-25,8.70250415802002,8.755034446716309,8.6368408203125,8.750657081604004,3.1746692657470703,1594054
2003-11-26,8.746278762817383,8.785676956176758,8.706880569458008,8.733146667480469,3.1683173179626465,834491
2003-11-28,8.733146667480469,8.755034446716309,8.667484283447266,8.671860694885254,3.1460838317871094,551226
2003-12-01,8.72439193725586,8.790054321289062,8.68061637878418,8.733146667480469,3.1683173179626465,1367213
2003-12-02,8.733146667480469,8.763789176940918,8.601820945739746,8.667484283447266,3.1444942951202393,2113070
2003-12-03,8.733146667480469,8.755034446716309,8.69374942779541,8.698125839233398,3.1556124687194824,1069556
2003-12-04,8.711258888244629,8.846961975097656,8.711258888244629,8.842583656311035,3.208019733428955,912161
2003-12-05,8.794431686401367,8.833828926086426,8.781298637390137,8.781298637390137,3.185786008834839,1032320
2003-12-08,8.790054321289062,8.908246994018555,8.790054321289062,8.8732271194458,3.2191362380981445,1427522
2003-12-09,8.8732271194458,8.921380043029785,8.846961975097656,8.886360168457031,3.223902940750122,1698451
2003-12-10,8.877605438232422,8.973910331726074,8.851340293884277,8.956399917602539,3.2493114471435547,1974407
2003-12-11,8.965154647827148,9.12712287902832,8.952021598815918,9.092103004455566,3.2985434532165527,1755561
2003-12-12,9.087724685668945,9.1708984375,8.991419792175293,9.166521072387695,3.3255414962768555,2013470
2003-12-15,9.19278621673584,9.240939140319824,9.14025592803955,9.144633293151855,3.317601203918457,2066240
2003-12-16,9.188407897949219,9.19278621673584,8.886360168457031,9.013307571411133,3.2699570655822754,2143453
2003-12-17,9.083348274230957,9.14901065826416,9.026439666748047,9.14901065826416,3.3191895484924316,1406962
2003-12-18,9.12712287902832,9.19278621673584,9.039572715759277,9.14901065826416,3.3191895484924316,2028547
2003-12-19,9.345998764038086,9.68306827545166,9.262825965881348,9.433548927307129,3.422417163848877,3710322
2003-12-22,9.499212265014648,9.630537986755371,9.341621398925781,9.455436706542969,3.4303579330444336,1763328
2003-12-23,9.411662101745605,9.494834899902344,9.411662101745605,9.433548927307129,3.422417163848877,870813
2003-12-24,9.44668197631836,9.521100044250488,9.411662101745605,9.503589630126953,3.447826385498047,601711
2003-12-26,9.560497283935547,9.753108024597168,9.534232139587402,9.696200370788574,3.517705202102661,1793254
2003-12-29,9.823147773742676,9.823147773742676,9.678689956665039,9.726842880249023,3.528820514678955,1933288
2003-12-30,9.770618438720703,9.823147773742676,9.68306827545166,9.718088150024414,3.5256474018096924,1125524
2003-12-31,9.739974975585938,9.766241073608398,9.634915351867676,9.665557861328125,3.506589651107788,1014502
2004-01-02,9.696200370788574,9.779373168945312,9.648048400878906,9.661179542541504,3.5049996376037598,1213930
2004-01-05,9.643670082092285,9.766241073608398,9.634915351867676,9.63929271697998,3.4970593452453613,2267039
2004-01-06,9.63929271697998,9.661179542541504,9.582385063171387,9.62615966796875,3.492295026779175,1208448
2004-01-07,9.634915351867676,9.726842880249023,9.542986869812012,9.713709831237793,3.5240581035614014,2074007
2004-01-08,9.739974975585938,9.739974975585938,9.599894523620605,9.665557861328125,3.506589651107788,1104736
2004-01-09,9.61740493774414,9.687444686889648,9.547365188598633,9.586762428283691,3.478001594543457,1843511
2004-01-12,9.564874649047852,9.61740493774414,9.472947120666504,9.516721725463867,3.452592134475708,1447396
2004-01-13,9.542986869812012,9.700577735900879,9.521100044250488,9.687444686889648,3.5145277976989746,1727235
2004-01-14,9.713709831237793,9.766241073608398,9.63929271697998,9.735597610473633,3.5319974422454834,683949
2004-01-15,9.783750534057617,9.84941291809082,9.687444686889648,9.814393043518066,3.560584545135498,1388458
2004-01-16,9.840658187866211,9.87130069732666,9.68306827545166,9.831903457641602,3.566936731338501,1815641
2004-01-20,9.836280822753906,9.980738639831543,9.831903457641602,9.980738639831543,3.62093186378479,1415414
2004-01-21,9.93696403503418,10.107686996459961,9.91507625579834,10.107686996459961,3.6669914722442627,1690456
2004-01-22,10.068288803100586,10.208370208740234,10.068288803100586,10.120819091796875,3.6717545986175537,1585602
2004-01-23,10.155839920043945,10.1908597946167,10.090176582336426,10.112064361572266,3.668578624725342,1098796
2004-01-26,10.142706871032715,10.16897201538086,9.980738639831543,10.090176582336426,3.6606369018554688,1528264
2004-01-27,10.112064361572266,10.17335033416748,10.015759468078613,10.120819091796875,3.6717545986175537,1128950
2004-01-28,10.090176582336426,10.098932266235352,9.853791236877441,9.875679016113281,3.6125051975250244,1232205
2004-01-29,9.84941291809082,10.028891563415527,9.84941291809082,9.932585716247559,3.633322238922119,880179
2004-01-30,9.92383098602295,9.980738639831543,9.875679016113281,9.932585716247559,3.633322238922119,671614
2004-02-02,9.958850860595703,9.971983909606934,9.831903457641602,9.901944160461426,3.6221137046813965,884977
2004-02-03,9.893189430236816,9.92820930480957,9.818771362304688,9.827526092529297,3.594892978668213,671157
2004-02-04,9.547365188598633,9.69182300567627,9.547365188598633,9.630537986755371,3.522833824157715,4836989
2004-02-05,9.652424812316895,9.656803131103516,9.582385063171387,9.63929271697998,3.5260367393493652,1357619
2004-02-06,9.643670082092285,9.722464561462402,9.60427188873291,9.69182300567627,3.5452511310577393,1943568
2004-02-09,9.674312591552734,9.687444686889648,9.599894523620605,9.608650207519531,3.514826774597168,1839399
2004-02-10,9.630537986755371,9.735597610473633,9.60427188873291,9.735597610473633,3.5612637996673584,1736829
2004-02-11,9.709333419799805,9.91507625579834,9.700577735900879,9.880056381225586,3.614109516143799,1421125
2004-02-12,9.893189430236816,9.93696403503418,9.726842880249023,9.840658187866211,3.599696636199951,1052880
2004-02-13,9.840658187866211,9.897565841674805,9.731220245361328,9.814393043518066,3.5900893211364746,854137
2004-02-17,9.958850860595703,9.958850860595703,9.718088150024414,9.788127899169922,3.580479383468628,1270812
2004-02-18,9.827526092529297,9.827526092529297,9.648048400878906,9.709333419799805,3.5516581535339355,1348481
2004-02-19,9.753108024597168,9.796882629394531,9.66993522644043,9.69182300567627,3.5452511310577393,939345
2004-02-20,9.674312591552734,9.735597610473633,9.586762428283691,9.66993522644043,3.5372462272644043,879951
2004-02-23,9.66993522644043,9.674312591552734,9.477323532104492,9.62615966796875,3.521233081817627,1240201
2004-02-24,9.62615966796875,9.643670082092285,9.556119918823242,9.63929271697998,3.5260367393493652,1300737
2004-02-25,9.674312591552734,9.678689956665039,9.608650207519531,9.621783256530762,3.5196313858032227,983206
2004-02-26,9.63929271697998,9.674312591552734,9.586762428283691,9.643670082092285,3.527637243270874,1050367
2004-02-27,9.665557861328125,9.757486343383789,9.630537986755371,9.722464561462402,3.5564606189727783,2092054
2004-03-01,9.739974975585938,9.980738639831543,9.739974975585938,9.967605590820312,3.646132469177246,1947679
2004-03-02,10.011382102966309,10.068288803100586,9.993870735168457,10.068288803100586,3.6829633712768555,2177262
2004-03-03,10.024514198303223,10.046401977539062,9.875679016113281,9.993870735168457,3.6557416915893555,1310560
2004-03-04,10.024514198303223,10.085799217224121,9.971983909606934,10.020136833190918,3.6653475761413574,1452422
2004-03-05,9.993870735168457,10.151461601257324,9.993870735168457,10.147085189819336,3.711785316467285,1639514
2004-03-08,10.177726745605469,12.12572193145752,10.125197410583496,10.230257034301758,3.742210865020752,1688857
2004-03-09,10.230257034301758,10.274032592773438,10.112064361572266,10.147085189819336,3.711785316467285,990516
2004-03-10,10.199614524841309,10.256523132324219,9.93696403503418,9.93696403503418,3.6349244117736816,834720
2004-03-11,9.93696403503418,10.011382102966309,9.840658187866211,9.853791236877441,3.6045005321502686,1095827
2004-03-12,9.87130069732666,10.037647247314453,9.827526092529297,10.033268928527832,3.670151948928833,1038260
2004-03-15,10.033268928527832,10.077043533325195,9.989494323730469,10.037647247314453,3.6717545986175537,841573
2004-03-16,10.024514198303223,10.063912391662598,9.92383098602295,9.932585716247559,3.633322238922119,3655954
2004-03-17,9.971983909606934,10.011382102966309,9.919453620910645,9.976361274719238,3.6493353843688965,1609131
2004-03-18,9.950096130371094,10.0026273727417,9.875679016113281,9.906320571899414,3.6237149238586426,902338
2004-03-19,9.906320571899414,9.985116004943848,9.888811111450195,9.958850860595703,3.6429312229156494,1022269
2004-03-22,9.85816764831543,9.932585716247559,9.735597610473633,9.735597610473633,3.5612637996673584,764132
2004-03-23,9.718088150024414,9.731220245361328,9.586762428283691,9.608650207519531,3.514826774597168,1620096
2004-03-24,9.643670082092285,9.66993522644043,9.534232139587402,9.569252014160156,3.5004148483276367,1327922
2004-03-25,9.591139793395996,9.630537986755371,9.582385063171387,9.586762428283691,3.5068187713623047,3545617
2004-03-26,9.564874649047852,9.569252014160156,9.481701850891113,9.538610458374023,3.489208221435547,1263502
2004-03-29,9.542986869812012,9.656803131103516,9.525477409362793,9.656803131103516,3.532443046569824,2116953
2004-03-30,9.648048400878906,9.836280822753906,9.608650207519531,9.836280822753906,3.5980968475341797,1024553
2004-03-31,9.840658187866211,9.91507625579834,9.827526092529297,9.87130069732666,3.610905408859253,913532
2004-04-01,9.87130069732666,10.037647247314453,9.85816764831543,10.037647247314453,3.6717545986175537,1361731
2004-04-02,10.081421852111816,10.085799217224121,9.84941291809082,9.989494323730469,3.6541390419006348,1115473
2004-04-05,9.980738639831543,10.015759468078613,9.901944160461426,10.015759468078613,3.663748025894165,1070698
2004-04-06,9.980738639831543,10.063912391662598,9.958850860595703,10.028891563415527,3.6685500144958496,882007
2004-04-07,9.989494323730469,10.050779342651367,9.910698890686035,9.985116004943848,3.652538299560547,554424
2004-04-08,10.037647247314453,10.037647247314453,9.783750534057617,9.783750534057617,3.578878879547119,1199995
2004-04-12,9.84941291809082,9.897565841674805,9.696200370788574,9.748730659484863,3.566067934036255,1354421
2004-04-13,9.761862754821777,9.761862754821777,9.573630332946777,9.652424812316895,3.5308408737182617,1992225
2004-04-14,9.608650207519531,9.62615966796875,9.455436706542969,9.455436706542969,3.4587814807891846,1410160
2004-04-15,9.512345314025879,9.578006744384766,9.455436706542969,9.578006744384766,3.50361704826355,1326551
2004-04-16,9.586762428283691,9.757486343383789,9.582385063171387,9.753108024597168,3.567669153213501,2254246
2004-04-19,9.718088150024414,9.722464561462402,9.608650207519531,9.61302661895752,3.5164287090301514,620900
2004-04-20,9.61740493774414,9.665557861328125,9.481701850891113,9.481701850891113,3.468388795852661,602853
2004-04-21,9.481701850891113,9.499212265014648,9.367886543273926,9.41603946685791,3.4443705081939697,1359446
2004-04-22,9.43792724609375,9.648048400878906,9.41603946685791,9.61302661895752,3.5164287090301514,716159
2004-04-23,9.652424812316895,9.652424812316895,9.529854774475098,9.586762428283691,3.5068187713623047,977266
2004-04-26,9.569252014160156,9.652424812316895,9.569252014160156,9.621783256530762,3.5196313858032227,1085775
2004-04-27,9.630537986755371,9.718088150024414,9.60427188873291,9.652424812316895,3.5308408737182617,1401708
2004-04-28,9.564874649047852,9.564874649047852,9.306600570678711,9.407283782958984,3.4742560386657715,1364244
2004-04-29,9.455436706542969,9.455436706542969,9.057083129882812,9.17965316772461,3.3901875019073486,1724494
2004-04-30,9.214673042297363,9.236560821533203,9.083348274230957,9.1708984375,3.386953830718994,1146997
2004-05-03,9.19278621673584,9.319733619689941,9.19278621673584,9.297845840454102,3.433838367462158,1168699
2004-05-04,9.223427772521973,9.324110984802246,9.223427772521973,9.262825965881348,3.4209063053131104,1149739
2004-05-05,9.236560821533203,9.306600570678711,9.14025592803955,9.271580696105957,3.424139976501465,1176923
2004-05-06,9.236560821533203,9.324110984802246,9.166521072387695,9.315356254577637,3.4403066635131836,1302565
2004-05-07,9.315356254577637,9.315356254577637,8.982665061950684,8.987043380737305,3.3190550804138184,932949
2004-05-10,8.987043380737305,8.991419792175293,8.781298637390137,8.864472389221191,3.2737879753112793,1292970
2004-05-11,8.820696830749512,8.93889045715332,8.798809051513672,8.803187370300293,3.2511539459228516,1414272
2004-05-12,8.803187370300293,8.820696830749512,8.619331359863281,8.667484283447266,3.2010371685028076,1715356
2004-05-13,8.711258888244629,8.855716705322266,8.667484283447266,8.833828926086426,3.2624711990356445,1221240
2004-05-14,8.820696830749512,8.978287696838379,8.820696830749512,8.973910331726074,3.314204216003418,1790284
2004-05-17,8.864472389221191,8.912625312805176,8.816319465637207,8.842583656311035,3.2657034397125244,1566413
2004-05-18,8.886360168457031,8.952021598815918,8.864472389221191,8.930134773254395,3.2980382442474365,680066
2004-05-19,8.973910331726074,9.065837860107422,8.921380043029785,8.921380043029785,3.2948038578033447,2492280
2004-05-20,8.92575740814209,9.0614595413208,8.908246994018555,9.017684936523438,3.330371141433716,743572
2004-05-21,9.0614595413208,9.12712287902832,9.048328399658203,9.083348274230957,3.3546218872070312,1380920
2004-05-24,9.14901065826416,9.236560821533203,9.105236053466797,9.219051361083984,3.40474009513855,1110675
2004-05-25,9.197162628173828,9.359131813049316,9.197162628173828,9.289091110229492,3.4306063652038574,1063845
2004-05-26,9.236560821533203,9.354754447937012,9.236560821533203,9.332865715026855,3.4467718601226807,868529
2004-05-27,9.345998764038086,9.389774322509766,9.245315551757812,9.315356254577637,3.4403066635131836,705423
2004-05-28,9.324110984802246,9.363509178161621,9.267204284667969,9.354754447937012,3.4548556804656982,771670
2004-06-01,9.363509178161621,9.407283782958984,9.302224159240723,9.306600570678711,3.437072992324829,638947
2004-06-02,9.39415168762207,9.398529052734375,9.271580696105957,9.354754447937012,3.4548556804656982,1186974
2004-06-03,9.345998764038086,9.359131813049316,9.19278621673584,9.19278621673584,3.395038366317749,791773
2004-06-04,9.258448600769043,9.310978889465332,9.19278621673584,9.289091110229492,3.4306063652038574,661334
2004-06-07,9.367886543273926,9.486079216003418,9.310978889465332,9.459814071655273,3.4936563968658447,783778
2004-06-08,9.477323532104492,9.477323532104492,9.302224159240723,9.315356254577637,3.4403066635131836,1599308
2004-06-09,9.280336380004883,9.389774322509766,9.280336380004883,9.35037612915039,3.4532389640808105,931578
2004-06-10,9.402907371520996,9.433548927307129,9.315356254577637,9.324110984802246,3.4435384273529053,965387
2004-06-14,9.328489303588867,9.389774322509766,9.280336380004883,9.319733619689941,3.4419214725494385,554424
2004-06-15,9.324110984802246,9.429171562194824,9.310978889465332,9.345998764038086,3.4516232013702393,553739
2004-06-16,9.35037612915039,9.433548927307129,9.302224159240723,9.35037612915039,3.4532389640808105,798169
2004-06-17,9.35037612915039,9.385396957397461,9.293469429016113,9.319733619689941,3.4419214725494385,733292
2004-06-18,9.289091110229492,9.35037612915039,9.17965316772461,9.258448600769043,3.4192893505096436,1718326
2004-06-21,9.236560821533203,9.236560821533203,9.14901065826416,9.19278621673584,3.395038366317749,1582632
2004-06-22,9.245315551757812,9.507966995239258,9.223427772521973,9.490456581115723,3.504974365234375,1518898
2004-06-23,9.490456581115723,9.521100044250488,9.451059341430664,9.499212265014648,3.508206844329834,1259390
2004-06-24,9.542986869812012,9.68306827545166,9.507966995239258,9.63929271697998,3.559941053390503,1573266
2004-06-25,9.696200370788574,9.696200370788574,9.468568801879883,9.652424812316895,3.564791440963745,1288630
2004-06-28,9.652424812316895,9.713709831237793,9.529854774475098,9.538610458374023,3.522758960723877,877438
2004-06-29,9.608650207519531,9.608650207519531,9.451059341430664,9.472947120666504,3.4985063076019287,1189487
2004-06-30,9.542986869812012,9.661179542541504,9.503589630126953,9.62615966796875,3.555091381072998,1494454
2004-07-01,9.66993522644043,9.66993522644043,9.481701850891113,9.512345314025879,3.5130574703216553,1134205
2004-07-02,9.538610458374023,9.656803131103516,9.521100044250488,9.630537986755371,3.5567078590393066,1072983
2004-07-06,9.634915351867676,9.700577735900879,9.591139793395996,9.700577735900879,3.582573890686035,977038
2004-07-07,9.665557861328125,9.718088150024414,9.586762428283691,9.608650207519531,3.548623561859131,1564814
2004-07-08,9.586762428283691,9.66993522644043,9.551741600036621,9.569252014160156,3.5340735912323,1631747
2004-07-09,9.578006744384766,9.61740493774414,9.556119918823242,9.599894523620605,3.545391082763672,767330
2004-07-12,9.608650207519531,9.63929271697998,9.521100044250488,9.542986869812012,3.5243732929229736,1199767
2004-07-13,9.586762428283691,9.5955171585083,9.503589630126953,9.542986869812012,3.5243732929229736,1858816
2004-07-14,9.521100044250488,9.608650207519531,9.490456581115723,9.542986869812012,3.5243732929229736,721642
2004-07-15,9.542986869812012,9.582385063171387,9.521100044250488,9.556119918823242,3.5292246341705322,650826
2004-07-16,9.582385063171387,9.621783256530762,9.486079216003418,9.542986869812012,3.5243732929229736,1228779
2004-07-19,9.564874649047852,9.61740493774414,9.538610458374023,9.591139793395996,3.5421578884124756,793372
2004-07-20,9.591139793395996,9.621783256530762,9.525477409362793,9.578006744384766,3.5373053550720215,677781
2004-07-21,9.60427188873291,9.60427188873291,9.43792724609375,9.43792724609375,3.4855735301971436,1151566
2004-07-22,9.442303657531738,9.442303657531738,9.319733619689941,9.332865715026855,3.4467718601226807,712047
2004-07-23,9.324110984802246,9.367886543273926,9.254071235656738,9.262825965881348,3.4209063053131104,482237
2004-07-26,9.280336380004883,9.306600570678711,9.184030532836914,9.20154094696045,3.3982717990875244,728952
2004-07-27,9.236560821533203,9.236560821533203,9.113990783691406,9.17965316772461,3.3901875019073486,1181263
2004-07-28,9.118368148803711,9.205918312072754,9.070215225219727,9.19278621673584,3.4326884746551514,1267842
2004-07-29,9.223427772521973,9.258448600769043,9.122746467590332,9.210295677185059,3.4392271041870117,861904
2004-07-30,9.19278621673584,9.236560821533203,9.144633293151855,9.19278621673584,3.4326884746551514,923354
2004-08-02,9.1708984375,9.507966995239258,9.022063255310059,9.477323532104492,3.538937568664551,3139679
2004-08-03,9.455436706542969,9.941341400146484,9.324110984802246,9.87130069732666,3.6860549449920654,2761840
2004-08-04,9.87130069732666,9.993870735168457,9.814393043518066,9.92820930480957,3.7073051929473877,1538087
2004-08-05,9.932585716247559,9.993870735168457,9.792506217956543,9.792506217956543,3.6566314697265625,915588
2004-08-06,9.792506217956543,9.853791236877441,9.722464561462402,9.757486343383789,3.6435530185699463,1035519
2004-08-09,9.739974975585938,9.805638313293457,9.652424812316895,9.674312591552734,3.6124966144561768,1072983
2004-08-10,9.674312591552734,9.713709831237793,9.652424812316895,9.674312591552734,3.6124966144561768,1600222
2004-08-11,9.709333419799805,9.827526092529297,9.63929271697998,9.805638313293457,3.661533832550049,2221579
2004-08-12,9.831903457641602,9.853791236877441,9.774995803833008,9.836280822753906,3.672978162765503,1232662
2004-08-13,9.823147773742676,9.906320571899414,9.810015678405762,9.893189430236816,3.6942272186279297,1364244
2004-08-16,9.906320571899414,10.0026273727417,9.87130069732666,9.998249053955078,3.7334580421447754,862818
2004-08-17,10.024514198303223,10.037647247314453,9.88443374633789,9.919453620910645,3.7040345668792725,1192228
2004-08-18,9.893189430236816,10.10330867767334,9.88443374633789,10.09455394744873,3.7694199085235596,966530
2004-08-19,10.10330867767334,10.10330867767334,9.989494323730469,10.055156707763672,3.754709005355835,984348
2004-08-20,10.112064361572266,10.17335033416748,10.077043533325195,10.16021728515625,3.7939388751983643,1041915
2004-08-23,10.16021728515625,10.199614524841309,10.063912391662598,10.112064361572266,3.7759580612182617,1116843
2004-08-24,10.155839920043945,10.155839920043945,9.958850860595703,9.993870735168457,3.731823682785034,2517180
2004-08-25,10.024514198303223,10.10330867767334,9.976361274719238,10.090176582336426,3.767784595489502,3936250
2004-08-26,10.090176582336426,10.142706871032715,10.068288803100586,10.125197410583496,3.7808613777160645,1394855
2004-08-27,10.133952140808105,10.208370208740234,10.107686996459961,10.164594650268555,3.7955734729766846,678238
2004-08-30,10.133952140808105,10.195237159729004,10.10330867767334,10.1295747756958,3.7824959754943848,616103
2004-08-31,10.133952140808105,10.326562881469727,10.112064361572266,10.313429832458496,3.851149559020996,771670
2004-09-01,10.322184562683105,10.409735679626465,10.287164688110352,10.374714851379395,3.874032974243164,944828
2004-09-02,10.383469581604004,10.40535831451416,10.322184562683105,10.379093170166016,3.875669479370117,755680
2004-09-03,10.352828025817871,10.396602630615234,10.278409957885742,10.357205390930176,3.8674962520599365,506451
2004-09-07,10.396602630615234,10.536684036254883,10.335317611694336,10.479776382446289,3.9132678508758545,1109305
2004-09-08,10.479776382446289,10.558570861816406,10.466643333435059,10.492907524108887,3.9181692600250244,1071155
2004-09-09,10.519173622131348,10.624234199523926,10.519173622131348,10.602346420288086,3.9590349197387695,841345
2004-09-10,10.58483600616455,10.619855880737305,10.532305717468262,10.611101150512695,3.962306261062622,1656647
2004-09-13,10.632988929748535,10.68114185333252,10.602346420288086,10.63736629486084,3.9721133708953857,951453
2004-09-14,10.63736629486084,10.7249174118042,10.632988929748535,10.654876708984375,3.978651285171509,1097426
2004-09-15,10.67238712310791,10.733672142028809,10.615479469299316,10.7249174118042,4.004803657531738,751111
2004-09-16,10.729293823242188,10.86061954498291,10.716161727905273,10.856242179870605,4.053842544555664,1640428
2004-09-17,10.834355354309082,11.018210411071777,10.834355354309082,10.943793296813965,4.0865349769592285,2440425
2004-09-20,10.900017738342285,10.921904563903809,10.711784362792969,10.768692016601562,4.021149635314941,1957274
2004-09-21,10.812466621398926,10.8518648147583,10.7249174118042,10.738048553466797,4.009706974029541,1436888
2004-09-22,10.711784362792969,10.886884689331055,10.619855880737305,10.869375228881836,4.058745384216309,2341053
2004-09-23,10.873751640319824,11.09262752532959,10.825599670410156,11.026966094970703,4.117591857910156,2314554
2004-09-24,11.053231239318848,11.13640308380127,11.031343460083008,11.110137939453125,4.148650169372559,961732
2004-09-27,11.075118064880371,11.1495361328125,11.022587776184082,11.14078140258789,4.160091876983643,1271497
2004-09-28,11.145157814025879,11.399053573608398,11.145157814025879,11.355278968811035,4.240189075469971,1512273
2004-09-29,11.359657287597656,11.438451766967773,11.250219345092773,11.359657287597656,4.241821765899658,753167
2004-09-30,11.364033699035645,11.412186622619629,11.315881729125977,11.390298843383789,4.253265380859375,2478117
2004-10-01,11.420942306518555,11.486604690551758,11.399053573608398,11.486604690551758,4.2892279624938965,1051966
2004-10-04,11.512869834899902,11.534756660461426,11.364033699035645,11.399053573608398,4.256532669067383,1207762
2004-10-05,11.42531967163086,11.455962181091309,11.364033699035645,11.41656494140625,4.263072490692139,1132377
2004-10-06,11.442830085754395,11.59604263305664,11.420942306518555,11.59604263305664,4.330091953277588,1834373
2004-10-07,11.59604263305664,11.59604263305664,11.429697036743164,11.499736785888672,4.294130325317383,1326780
2004-10-08,11.521624565124512,11.59604263305664,11.477849960327148,11.59604263305664,4.330091953277588,1877548
2004-10-11,11.561022758483887,11.600419998168945,11.495360374450684,11.58290958404541,4.325187683105469,644429
2004-10-12,11.539134979248047,11.622307777404785,11.490982055664062,11.565400123596191,4.318650245666504,1129179
2004-10-13,11.565400123596191,11.565400123596191,11.364033699035645,11.41656494140625,4.263072490692139,1234261
2004-10-14,11.41656494140625,11.578533172607422,11.407809257507324,11.512869834899902,4.299034595489502,1000567
2004-10-15,11.543513298034668,11.556645393371582,11.438451766967773,11.508492469787598,4.297399520874023,909191
2004-10-18,11.512869834899902,11.526001930236816,11.377166748046875,11.38154411315918,4.249993801116943,760934
2004-10-19,11.315881729125977,11.355278968811035,11.232708930969238,11.232708930969238,4.1944193840026855,898455
2004-10-20,11.237086296081543,11.390298843383789,11.237086296081543,11.333392143249512,4.232015609741211,465561
2004-10-21,11.315881729125977,11.512869834899902,11.272106170654297,11.495360374450684,4.292494297027588,1070241
2004-10-22,11.495360374450684,11.534756660461426,11.477849960327148,11.495360374450684,4.292494297027588,1531919
2004-10-25,11.469095230102539,11.58290958404541,11.451584815979004,11.578533172607422,4.323552131652832,3227629
2004-10-26,11.591665267944336,11.775521278381348,11.569778442382812,11.740501403808594,4.384035110473633,1552478
2004-10-27,11.652950286865234,11.775521278381348,11.644194602966309,11.744877815246582,4.426933765411377,1159333
2004-10-28,11.709857940673828,11.744877815246582,11.62668514251709,11.644194602966309,4.388983726501465,879722
2004-10-29,11.6354398727417,11.744877815246582,11.58290958404541,11.740501403808594,4.4252848625183105,823983
2004-11-01,11.758010864257812,11.801786422729492,11.600419998168945,11.758010864257812,4.431884765625,1705305
2004-11-02,11.762388229370117,11.819295883178711,11.438451766967773,11.438451766967773,4.311433792114258,1561387
2004-11-03,11.731745719909668,11.832428932189941,11.591665267944336,11.82805061340332,4.458282947540283,2101648
2004-11-04,11.871826171875,12.14760971069336,11.858694076538086,12.112589836120605,4.5655341148376465,1658474
2004-11-05,12.12572193145752,12.12572193145752,11.836806297302246,11.836806297302246,4.461584091186523,1253450
2004-11-08,11.84118366241455,12.13885498046875,11.84118366241455,11.95937728881836,4.507784843444824,1241343
2004-11-09,11.963753700256348,12.046927452087402,11.906846046447754,11.994397163391113,4.520985126495361,1415643
2004-11-10,11.998773574829102,12.095080375671387,11.963753700256348,12.020662307739258,4.530883312225342,1251166
2004-11-11,12.042549133300781,12.13885498046875,11.994397163391113,12.112589836120605,4.5655341148376465,920842
2004-11-12,12.14760971069336,12.388373374938965,12.068815231323242,12.379617691040039,4.666182041168213,1605933
2004-11-15,12.37524127960205,12.388373374938965,12.160741806030273,12.191385269165039,4.595234394073486,1571210
2004-11-16,12.191385269165039,12.353352546691895,12.143232345581055,12.195762634277344,4.5968804359436035,1856303
2004-11-17,12.235159873962402,12.322710990905762,12.112589836120605,12.169496536254883,4.5869832038879395,1140601
2004-11-18,12.173874855041504,12.213273048400879,12.060059547424316,12.099456787109375,4.560584545135498,1365157
2004-11-19,12.099456787109375,12.1082124710083,11.972509384155273,11.981264114379883,4.516032695770264,1217814
2004-11-22,11.981264114379883,12.243914604187012,11.981264114379883,12.173874855041504,4.588631629943848,1793939
2004-11-23,12.200139999389648,12.37524127960205,12.134476661682129,12.37524127960205,4.664534568786621,1625122
2004-11-24,12.388373374938965,12.44965934753418,12.265803337097168,12.445281028747559,4.6909332275390625,1327236
2004-11-26,12.445281028747559,12.484679222106934,12.38399600982666,12.419015884399414,4.681031227111816,463733
2004-11-29,12.419015884399414,12.502188682556152,12.261425018310547,12.287690162658691,4.631531238555908,1471610
2004-11-30,12.283312797546387,12.300823211669922,12.169496536254883,12.222027778625488,4.606783390045166,1152023
2004-12-01,12.252670288085938,12.432147979736328,12.025038719177246,12.165120124816895,4.585331439971924,2940480
2004-12-02,12.099456787109375,12.143232345581055,11.814919471740723,11.88058090209961,4.478084087371826,1620325
2004-12-03,11.950621604919434,12.13885498046875,11.915600776672363,12.095080375671387,4.558932304382324,2368009
2004-12-06,12.095080375671387,12.213273048400879,11.994397163391113,12.173874855041504,4.588631629943848,1589257
2004-12-07,12.178252220153809,12.195762634277344,11.985642433166504,11.994397163391113,4.520985126495361,2029461
2004-12-08,11.972509384155273,12.011906623840332,11.753632545471191,11.88495922088623,4.479732513427734,3129400
2004-12-09,11.889335632324219,12.051304817199707,11.858694076538086,12.016283988952637,4.529233932495117,1508618
2004-12-10,11.994397163391113,12.086324691772461,11.919979095458984,12.064436912536621,4.547382831573486,817587
2004-12-13,12.081947326660156,12.327088356018066,12.033794403076172,12.313956260681152,4.641434669494629,1425922
2004-12-14,12.322710990905762,12.410261154174805,12.252670288085938,12.388373374938965,4.6694841384887695,1151794
2004-12-15,12.322710990905762,12.537208557128906,12.274558067321777,12.537208557128906,4.725581645965576,1560474
2004-12-16,12.537208557128906,12.537208557128906,12.427770614624023,12.462791442871094,4.697531700134277,1638143
2004-12-17,12.410261154174805,12.484679222106934,12.379617691040039,12.43652629852295,4.687634468078613,1324495
2004-12-20,12.432147979736328,12.537208557128906,12.423393249511719,12.471546173095703,4.700830459594727,598970
2004-12-21,12.475923538208008,12.651023864746094,12.475923538208008,12.651023864746094,4.768481731414795,793144
2004-12-22,12.60724925994873,12.690422058105469,12.484679222106934,12.493433952331543,4.709083080291748,985719
2004-12-23,12.510944366455078,12.554718971252441,12.458414077758789,12.484679222106934,4.705783367156982,825811
2004-12-27,12.497811317443848,12.497811317443848,12.274558067321777,12.278935432434082,4.628231525421143,886804
2004-12-28,12.322710990905762,12.445281028747559,12.2964448928833,12.38399600982666,4.667831897735596,1001024
2004-12-29,12.454035758972168,12.467168807983398,12.322710990905762,12.37524127960205,4.664534568786621,779437
2004-12-30,12.427770614624023,12.475923538208008,12.38399600982666,12.454035758972168,4.694233417510986,681437
2004-12-31,12.458414077758789,12.497811317443848,12.388373374938965,12.440903663635254,4.689282417297363,633007
2005-01-03,12.475923538208008,12.497811317443848,12.191385269165039,12.200139999389648,4.598532676696777,1424780
2005-01-04,12.213273048400879,12.309577941894531,11.994397163391113,11.994397163391113,4.520985126495361,2207187
2005-01-05,12.081947326660156,12.081947326660156,11.82805061340332,11.911224365234375,4.489633560180664,1457676
2005-01-06,11.994397163391113,11.994397163391113,11.906846046447754,11.928733825683594,4.496232509613037,1762186
2005-01-07,12.016283988952637,12.038171768188477,11.871826171875,11.90246868133545,4.486335277557373,667730
2005-01-10,11.968132019042969,12.081947326660156,11.906846046447754,11.919979095458984,4.49293327331543,1221012
2005-01-11,11.976886749267578,11.976886749267578,11.82805061340332,11.86307144165039,4.4714837074279785,1043285
2005-01-12,11.928733825683594,11.928733825683594,11.758010864257812,11.867448806762695,4.473133087158203,1137174
2005-01-13,11.941866874694824,12.033794403076172,11.876203536987305,11.911224365234375,4.489633560180664,1099710
2005-01-14,11.972509384155273,12.1082124710083,11.911224365234375,12.095080375671387,4.558932304382324,580466
2005-01-18,12.191385269165039,12.191385269165039,12.081947326660156,12.13885498046875,4.575433254241943,856422
2005-01-19,12.217650413513184,12.327088356018066,12.178252220153809,12.248292922973633,4.616682052612305,1014045
2005-01-20,12.248292922973633,12.31833267211914,12.13010025024414,12.230783462524414,4.6100850105285645,737404
2005-01-21,12.31833267211914,12.43652629852295,12.287690162658691,12.335843086242676,4.649682998657227,920156
2005-01-24,12.14760971069336,12.230783462524414,11.95937728881836,11.95937728881836,4.507784843444824,2009130
2005-01-25,12.038171768188477,12.11696720123291,11.998773574829102,12.081947326660156,4.55398416519165,1575779
2005-01-26,12.12572193145752,12.200139999389648,12.068815231323242,12.134476661682129,4.573779582977295,1042600
2005-01-27,11.784276008605957,12.213273048400879,11.784276008605957,12.121344566345215,4.610414505004883,1483718
2005-01-28,12.12572193145752,12.12572193145752,11.963753700256348,12.003151893615723,4.565457820892334,2076976
2005-01-31,12.060059547424316,12.14760971069336,12.038171768188477,12.12572193145752,4.612080097198486,878123
2005-02-01,12.169496536254883,12.2964448928833,12.165120124816895,12.248292922973633,4.658699989318848,1467499
2005-02-02,12.265803337097168,12.43652629852295,12.239538192749023,12.43652629852295,4.730295658111572,1127351
2005-02-03,12.467168807983398,12.510944366455078,12.366485595703125,12.497811317443848,4.753604888916016,2102333
2005-02-04,12.519699096679688,12.69480037689209,12.515320777893066,12.69480037689209,4.828530311584473,1245912
2005-02-07,12.782349586486816,12.804237365722656,12.502188682556152,12.60724925994873,4.795230388641357,1455163
2005-02-08,12.672911643981934,12.686043739318848,12.554718971252441,12.62913703918457,4.803555488586426,1652992
2005-02-09,12.686043739318848,12.690422058105469,12.528453826904297,12.532831192016602,4.766923904418945,1596110
2005-02-10,12.56347370147705,12.664156913757324,12.56347370147705,12.642269134521484,4.808548927307129,1873665
2005-02-11,12.642269134521484,12.642269134521484,12.545964241027832,12.620382308959961,4.800225257873535,1243856
2005-02-14,12.690422058105469,12.79548168182373,12.659778594970703,12.747329711914062,4.848509788513184,993942
2005-02-15,12.804237365722656,12.86989974975586,12.742952346801758,12.826125144958496,4.878480911254883,1279949
2005-02-16,12.904919624328613,12.979337692260742,12.85239028930664,12.974961280822754,4.9350905418396,1322211
2005-02-17,13.045001029968262,13.045001029968262,12.742952346801758,12.777972221374512,4.860166549682617,852995
2005-02-18,12.821747779846191,12.834879875183105,12.668534278869629,12.672911643981934,4.82020378112793,1026838
2005-02-22,12.677289009094238,12.68166732788086,12.471546173095703,12.475923538208008,4.745279788970947,1393712
2005-02-23,12.475923538208008,12.633514404296875,12.475923538208008,12.537208557128906,4.768589496612549,2352704
2005-02-24,12.56347370147705,12.620382308959961,12.379617691040039,12.620382308959961,4.800225257873535,885662
2005-02-25,12.61600399017334,12.878655433654785,12.559096336364746,12.830503463745117,4.880147933959961,874011
2005-02-28,12.826125144958496,12.913675308227539,12.712309837341309,12.826125144958496,4.878480911254883,1265558
2005-03-01,12.904919624328613,13.084399223327637,12.878655433654785,13.005602836608887,4.9467453956604,1614842
2005-03-02,13.023113250732422,13.075642585754395,12.957450866699219,13.062511444091797,4.968390941619873,2620435
2005-03-03,13.088775634765625,13.189458847045898,13.036246299743652,13.036246299743652,4.958402633666992,1840998
2005-03-04,13.110664367675781,13.37331485748291,13.10628604888916,13.37331485748291,5.086606502532959,1031863
2005-03-07,13.460865020751953,13.570302963256836,13.4258451461792,13.513395309448242,5.139887809753418,1463615
2005-03-08,13.548415184020996,13.58343505859375,13.355805397033691,13.544037818908691,5.151540756225586,1406734
2005-03-09,13.544037818908691,13.544037818908691,13.263876914978027,13.263876914978027,5.044980525970459,1432776
2005-03-10,13.294519424438477,13.434599876403809,13.263876914978027,13.434599876403809,5.109915733337402,1817012
2005-03-11,13.434599876403809,13.548415184020996,13.36018180847168,13.390825271606445,5.093268394470215,1118899
2005-03-14,13.395201683044434,13.500263214111328,13.395201683044434,13.500263214111328,5.134893417358398,1717412
2005-03-15,13.500263214111328,13.504639625549316,13.35142707824707,13.355805397033691,5.079946994781494,1301651
2005-03-16,13.465243339538574,13.482752799987793,13.228857040405273,13.241989135742188,5.036657333374023,977266
2005-03-17,13.241989135742188,13.452110290527344,13.241989135742188,13.342672348022461,5.074949264526367,1404449
2005-03-18,13.342672348022461,13.4258451461792,13.312028884887695,13.368936538696289,5.084939956665039,1426608
2005-03-21,13.368936538696289,13.368936538696289,13.28576374053955,13.35142707824707,5.078282833099365,864874
2005-03-22,13.35142707824707,13.434599876403809,13.215723991394043,13.237611770629883,5.034990310668945,1474352
2005-03-23,13.154438972473145,13.215723991394043,13.071266174316406,13.110664367675781,4.98670768737793,1073896
2005-03-24,13.220102310180664,13.347049713134766,13.198213577270508,13.246367454528809,5.038319110870361,1127351
2005-03-28,13.32953929901123,13.399580001831055,13.316407203674316,13.333916664123535,5.071621417999268,1640656
2005-03-29,13.412712097167969,13.544037818908691,13.224478721618652,13.224478721618652,5.029995918273926,1651393
2005-03-30,13.198213577270508,13.37331485748291,13.176325798034668,13.294519424438477,5.05663537979126,1669211
2005-03-31,13.294519424438477,13.504639625549316,13.294519424438477,13.491507530212402,5.131562232971191,1790284
2005-04-01,13.570302963256836,13.67098617553711,13.557169914245605,13.592190742492676,5.169856071472168,1585145
2005-04-04,13.579057693481445,13.644721031188965,13.544037818908691,13.62721061706543,5.183175563812256,1082806
2005-04-05,13.62721061706543,13.789178848266602,13.62721061706543,13.714760780334473,5.2164764404296875,967672
2005-04-06,13.745404243469238,13.876729011535645,13.701627731323242,13.723516464233398,5.219806671142578,923126
2005-04-07,13.657853126525879,13.749780654907227,13.579057693481445,13.67098617553711,5.199825763702393,1185375
2005-04-08,13.592190742492676,13.59656810760498,13.40395736694336,13.408334732055664,5.099926948547363,1637915
2005-04-11,13.377692222595215,13.526528358459473,13.28576374053955,13.487130165100098,5.129895210266113,1742312
2005-04-12,13.487130165100098,13.570302963256836,13.241989135742188,13.526528358459473,5.144883632659912,2809812
2005-04-13,13.447731971740723,13.447731971740723,13.11941909790039,13.154438972473145,5.003355503082275,1809930
2005-04-14,13.132551193237305,13.132551193237305,12.8917875289917,12.922430038452148,4.915112018585205,1747109
2005-04-15,12.848012924194336,12.909297943115234,12.532831192016602,12.554718971252441,4.77524995803833,1852648
2005-04-18,12.475923538208008,12.655402183532715,12.300823211669922,12.60724925994873,4.795230388641357,1322668
2005-04-19,12.598493576049805,12.878655433654785,12.598493576049805,12.848012924194336,4.886804103851318,1555676
2005-04-20,12.913675308227539,12.92680835723877,12.62913703918457,12.633514404296875,4.805220127105713,2463269
2005-04-21,12.69480037689209,12.913675308227539,12.659778594970703,12.804237365722656,4.870156764984131,1078922
2005-04-22,12.804237365722656,13.04062271118164,12.786726951599121,13.023113250732422,4.95340633392334,1242257
2005-04-25,13.027490615844727,13.180704116821289,13.027490615844727,13.141305923461914,4.998362064361572,905536
2005-04-26,13.145684242248535,13.150060653686523,12.909297943115234,12.935563087463379,4.920104503631592,708164
2005-04-27,12.957450866699219,13.018735885620117,12.79548168182373,12.799860000610352,4.8684892654418945,1117985
2005-04-28,12.699176788330078,12.716687202453613,12.502188682556152,12.56347370147705,4.824780464172363,9150621
2005-04-29,12.56347370147705,12.633514404296875,12.248292922973633,12.633514404296875,4.85167932510376,1741170
2005-05-02,12.672911643981934,12.918052673339844,12.61600399017334,12.918052673339844,4.960951328277588,1676750
2005-05-03,12.918052673339844,12.948695182800293,12.751707077026367,12.79548168182373,4.913879871368408,1187431
2005-05-04,12.86989974975586,12.8917875289917,12.738574981689453,12.843634605407715,4.932374000549316,1352136
2005-05-05,12.913675308227539,13.154438972473145,12.86989974975586,13.014357566833496,4.997937202453613,1889656
2005-05-06,13.014357566833496,13.180704116821289,12.988093376159668,13.09753131866455,5.029876708984375,1416100
2005-05-09,13.193836212158203,13.193836212158203,12.848012924194336,12.92680835723877,4.964315414428711,1624208
2005-05-10,12.931184768676758,13.38206958770752,12.769216537475586,13.13692855834961,5.045006275177002,2345393
2005-05-11,13.220102310180664,13.237611770629883,13.084399223327637,13.180704116821289,5.061819553375244,2921291
2005-05-12,13.233234405517578,13.250743865966797,13.066887855529785,13.123796463012695,5.039963722229004,1496282
2005-05-13,13.154438972473145,13.176325798034668,12.611626625061035,12.738574981689453,4.892025947570801,2406844
2005-05-16,12.738574981689453,12.953072547912598,12.677289009094238,12.939940452575684,4.969358444213867,1892169
2005-05-17,12.896164894104004,13.220102310180664,12.896164894104004,13.180704116821289,5.061819553375244,1165729
2005-05-18,13.241989135742188,13.320783615112305,13.132551193237305,13.250743865966797,5.08871603012085,971784
2005-05-19,13.241989135742188,13.250743865966797,13.167571067810059,13.176325798034668,5.060136318206787,6234584
2005-05-20,13.185080528259277,13.185080528259277,13.088775634765625,13.132551193237305,5.043325901031494,1247282
2005-05-23,13.132551193237305,13.255122184753418,13.093153953552246,13.228857040405273,5.080310344696045,1319926
2005-05-24,13.307652473449707,13.307652473449707,13.206969261169434,13.228857040405273,5.080310344696045,716388
2005-05-25,13.241989135742188,13.255122184753418,13.150060653686523,13.176325798034668,5.060136318206787,647399
2005-05-26,13.176325798034668,13.241989135742188,13.167571067810059,13.17194938659668,5.0584564208984375,719129
2005-05-27,13.15881633758545,13.347049713134766,13.123796463012695,13.316407203674316,5.1139326095581055,727810
2005-05-31,13.342672348022461,13.517772674560547,13.294519424438477,13.504639625549316,5.18621826171875,1600908
2005-06-01,13.504639625549316,13.60532283782959,13.412712097167969,13.456486701965332,5.167726039886475,1597938
2005-06-02,13.469619750976562,13.504639625549316,13.443354606628418,13.452110290527344,5.166046142578125,1228322
2005-06-03,13.478375434875488,13.561548233032227,13.390825271606445,13.390825271606445,5.142512321472168,2280517
2005-06-06,13.438977241516113,13.675362586975098,13.41709041595459,13.653475761413574,5.243375301361084,1296854
2005-06-07,13.688495635986328,13.846085548400879,13.60532283782959,13.6140775680542,5.22824764251709,709078
2005-06-08,13.701627731323242,13.780424118041992,13.557169914245605,13.6140775680542,5.22824764251709,711819
2005-06-09,13.657853126525879,13.758536338806152,13.561548233032227,13.758536338806152,5.283724784851074,492974
2005-06-10,13.846085548400879,13.898616790771484,13.67098617553711,13.87235164642334,5.327432632446289,1645453
2005-06-13,13.87235164642334,14.038697242736816,13.793556213378906,13.964279174804688,5.362734794616699,1030264
2005-06-14,13.994921684265137,14.034319877624512,13.885483741760254,13.924881935119629,5.347606658935547,542088
2005-06-15,13.933636665344238,13.986166954040527,13.8504638671875,13.973033905029297,5.366097450256348,711819
2005-06-16,13.959901809692383,14.003677368164062,13.911748886108398,13.929259300231934,5.349287033081055,597827
2005-06-17,13.86359691619873,14.003677368164062,13.710383415222168,13.977412223815918,5.3677802085876465,1757389
2005-06-20,13.911748886108398,14.025565147399902,13.82857608795166,14.003677368164062,5.377867221832275,628895
2005-06-21,14.043074607849121,14.08247184753418,13.832954406738281,13.83733081817627,5.3139824867248535,748598
2005-06-22,13.876729011535645,13.951147079467773,13.876729011535645,13.920503616333008,5.345926284790039,749055
2005-06-23,13.924881935119629,14.078095436096191,13.898616790771484,14.038697242736816,5.391314506530762,800225
2005-06-24,14.043074607849121,14.10435962677002,13.824198722839355,13.876729011535645,5.329111576080322,913303
2005-06-27,13.806689262390137,14.248818397521973,13.806689262390137,14.156889915466309,5.436705589294434,1091943
2005-06-28,14.218174934387207,14.279460906982422,14.10435962677002,14.235686302185059,5.466966152191162,708164
2005-06-29,14.266327857971191,14.266327857971191,14.021186828613281,14.043074607849121,5.392995834350586,880179
2005-06-30,14.10435962677002,14.323236465454102,14.091226577758789,14.292593002319336,5.488818645477295,1301194
2005-07-01,14.314480781555176,14.507092475891113,14.314480781555176,14.502714157104492,5.569511890411377,622042
2005-07-05,14.476449012756348,14.599019050598145,14.384520530700684,14.467694282531738,5.5560622215271,637119
2005-07-06,14.467694282531738,14.502714157104492,14.1481351852417,14.165644645690918,5.440065383911133,884977
2005-07-07,14.056206703186035,14.371389389038086,14.02994155883789,14.32761287689209,5.502265930175781,1253907
2005-07-08,14.384520530700684,14.577132225036621,14.353878021240234,14.555244445800781,5.589687824249268,1276980
2005-07-11,14.590264320373535,14.769742965698242,14.537734031677246,14.765364646911621,5.670378684997559,1224210
2005-07-12,14.756609916687012,14.879180908203125,14.664682388305664,14.664682388305664,5.631712436676025,1764014
2005-07-13,14.721590042114258,14.918578147888184,14.704079627990723,14.909823417663574,5.725854873657227,5816082
2005-07-14,14.988617897033691,15.023638725280762,14.577132225036621,14.603397369384766,5.6081767082214355,1888057
2005-07-15,14.599019050598145,14.743476867675781,14.568376541137695,14.625285148620605,5.616584300994873,974982
2005-07-18,14.673437118530273,14.791629791259766,14.607773780822754,14.782875061035156,5.67710542678833,1157505
2005-07-19,14.892313003540039,15.014883995056152,14.796008110046387,14.988617897033691,5.756113529205322,2321179
2005-07-20,15.045525550842285,15.080546379089355,14.887935638427734,15.006129264831543,5.762841701507568,1205021
2005-07-21,15.006129264831543,15.006129264831543,14.756609916687012,14.82664966583252,5.693912982940674,909648
2005-07-22,14.857293128967285,15.006129264831543,14.83978271484375,14.979863166809082,5.752750873565674,944599
2005-07-25,15.028016090393066,15.058658599853516,14.927332878112793,15.045525550842285,5.777968406677246,925410
2005-07-26,15.11556625366211,15.255646705627441,15.041149139404297,15.255646705627441,5.858664512634277,1042600
2005-07-27,15.189984321594238,15.260025024414062,15.041149139404297,15.080546379089355,5.838326930999756,733292
2005-07-28,15.146208763122559,15.321310043334961,15.089301109313965,15.31693172454834,5.929842472076416,706336
2005-07-29,15.321310043334961,15.426369667053223,15.225004196166992,15.299422264099121,5.923062324523926,803423
2005-08-01,15.334442138671875,15.334442138671875,15.124320983886719,15.211872100830078,5.889169216156006,844771
2005-08-02,15.255646705627441,15.675889015197754,15.189984321594238,15.636490821838379,6.053558349609375,1488743
2005-08-03,15.693399429321289,15.693399429321289,15.37384033203125,15.378216743469238,5.953567981719971,1454021
2005-08-04,15.343196868896484,15.351951599121094,15.111188888549805,15.211872100830078,5.889169216156006,1180578
2005-08-05,15.176852226257324,15.176852226257324,14.682191848754883,14.8704252243042,5.756977558135986,1828205
2005-08-08,14.861669540405273,14.879180908203125,14.56399917602539,14.568376541137695,5.64004373550415,1528264
2005-08-09,14.577132225036621,14.664682388305664,14.485203742980957,14.555244445800781,5.6349616050720215,1621696
2005-08-10,14.59464168548584,14.760988235473633,14.450183868408203,14.537734031677246,5.628182888031006,1828434
2005-08-11,14.537734031677246,14.725967407226562,14.528979301452637,14.555244445800781,5.6349616050720215,2106217
2005-08-12,14.599019050598145,14.664682388305664,14.441429138183594,14.58588695526123,5.646822929382324,1576008
2005-08-15,14.664682388305664,14.708456993103027,14.498336791992188,14.58150863647461,5.645127296447754,1248881
2005-08-16,14.537734031677246,14.57275390625,14.209420204162598,14.218174934387207,5.504466533660889,1430491
2005-08-17,14.305726051330566,14.423918724060059,14.205042839050293,14.34950065612793,5.555307865142822,1658246
2005-08-18,14.266327857971191,14.441429138183594,14.051830291748047,14.402030944824219,5.5756425857543945,1020898
2005-08-19,14.489582061767578,14.555244445800781,14.345123291015625,14.507092475891113,5.616318225860596,934548
2005-08-22,14.546488761901855,14.577132225036621,14.458938598632812,14.550867080688477,5.633263111114502,1166643
2005-08-23,14.489582061767578,14.634039878845215,14.489582061767578,14.511468887329102,5.6180100440979,1039174
2005-08-24,14.533356666564941,14.634039878845215,14.463315963745117,14.515847206115723,5.619707107543945,1214615
2005-08-25,14.533356666564941,14.58150863647461,14.410785675048828,14.56399917602539,5.638350486755371,1054022
2005-08-26,14.620906829833984,14.625285148620605,14.419541358947754,14.428296089172363,5.585813045501709,1105650
2005-08-29,14.476449012756348,14.616530418395996,14.371389389038086,14.616530418395996,5.658684253692627,1033234
2005-08-30,14.620906829833984,14.686570167541504,14.520223617553711,14.603397369384766,5.653600215911865,1087831
2005-08-31,14.58588695526123,14.887935638427734,14.58588695526123,14.88355827331543,5.762062072753906,1147911
2005-09-01,14.88355827331543,14.962352752685547,14.765364646911621,14.804762840270996,5.731558799743652,1305535
2005-09-02,14.861669540405273,14.861669540405273,14.555244445800781,14.620906829833984,5.660380840301514,1075496
2005-09-06,14.616530418395996,14.655926704406738,14.450183868408203,14.520223617553711,5.621401786804199,888403
2005-09-07,14.520223617553711,14.677815437316895,14.419541358947754,14.673437118530273,5.680717468261719,1837571
2005-09-08,14.642794609069824,14.88355827331543,14.620906829833984,14.686570167541504,5.6858015060424805,966987
2005-09-09,14.774120330810547,15.041149139404297,14.769742965698242,14.971108436584473,5.795958995819092,1181949
2005-09-12,14.992996215820312,15.023638725280762,14.791629791259766,14.844160079956055,5.746809482574463,954879
2005-09-13,14.752232551574707,14.931711196899414,14.747855186462402,14.804762840270996,5.731558799743652,550769
2005-09-14,14.83978271484375,14.971108436584473,14.699702262878418,14.734722137451172,5.704444885253906,861676
2005-09-15,14.752232551574707,14.848538398742676,14.673437118530273,14.708456993103027,5.694273948669434,910790
2005-09-16,14.730344772338867,14.804762840270996,14.669059753417969,14.791629791259766,5.726474285125732,1003537
2005-09-19,14.8091402053833,14.936087608337402,14.760988235473633,14.931711196899414,5.780704975128174,866244
2005-09-20,15.496410369873047,15.496410369873047,14.936087608337402,14.953598022460938,5.789183616638184,1749850
2005-09-21,14.962352752685547,15.176852226257324,14.730344772338867,14.857293128967285,5.751894474029541,1654362
2005-09-22,14.83102798461914,14.83102798461914,14.296971321105957,14.367011070251465,5.562087059020996,1966412
2005-09-23,14.423918724060059,14.58150863647461,14.314480781555176,14.458938598632812,5.597674369812012,1636316
2005-09-26,14.445805549621582,14.524601936340332,14.353878021240234,14.36263370513916,5.560391426086426,1393941
2005-09-27,14.323236465454102,14.397653579711914,14.187533378601074,14.231307983398438,5.509550094604492,1550879
2005-09-28,14.231307983398438,14.450183868408203,14.231307983398438,14.402030944824219,5.5756425857543945,1459275
2005-09-29,14.445805549621582,14.953598022460938,14.423918724060059,14.90544605255127,5.770535945892334,1650936
2005-09-30,14.861669540405273,14.931711196899414,14.739100456237793,14.892313003540039,5.765451908111572,1021355
2005-10-03,15.001750946044922,15.30817699432373,15.001750946044922,15.181228637695312,5.8773016929626465,1489429
2005-10-04,15.203117370605469,15.448258399963379,14.901067733764648,14.936087608337402,5.7824015617370605,1078237
2005-10-05,14.936087608337402,15.019261360168457,14.283838272094727,14.288215637207031,5.531578540802002,1569840
2005-10-06,14.292593002319336,14.502714157104492,13.91612720489502,14.07371711730957,5.4485368728637695,1723808
2005-10-07,14.07371711730957,14.371389389038086,14.07371711730957,14.200665473937988,5.497686386108398,964702
2005-10-10,14.130624771118164,14.152512550354004,13.797933578491211,13.885483741760254,5.37566614151001,1452878
2005-10-11,13.898616790771484,14.047451972961426,13.635966300964355,13.675362586975098,5.294320106506348,1818611
2005-10-12,13.58343505859375,13.635966300964355,13.35142707824707,13.456486701965332,5.209583282470703,2013927
2005-10-13,13.456486701965332,13.456486701965332,12.756085395812988,12.909297943115234,4.997744083404541,3585594
2005-10-14,12.909297943115234,13.10628604888916,12.738574981689453,13.066887855529785,5.058753490447998,2155560
2005-10-17,13.066887855529785,13.250743865966797,12.979337692260742,13.080020904541016,5.063835620880127,1979889
2005-10-18,13.132551193237305,13.132551193237305,12.791105270385742,12.821747779846191,4.9638447761535645,1340029
2005-10-19,12.773594856262207,12.786726951599121,12.445281028747559,12.716687202453613,4.923174858093262,2094338
2005-10-20,12.699176788330078,12.773594856262207,12.344597816467285,12.454035758972168,4.821492671966553,2686683
2005-10-21,12.454035758972168,12.589738845825195,12.410261154174805,12.462791442871094,4.824881553649902,2165611
2005-10-24,12.572229385375977,12.712309837341309,12.414637565612793,12.475923538208008,4.829965591430664,5062687
2005-10-25,12.515320777893066,12.602871894836426,12.440903663635254,12.576606750488281,4.8689446449279785,4176797
2005-10-26,12.545964241027832,12.769216537475586,12.458414077758789,12.475923538208008,4.829965591430664,3236309
2005-10-27,12.335843086242676,12.427770614624023,12.13885498046875,12.173874855041504,4.759789943695068,1606619
2005-10-28,12.213273048400879,12.467168807983398,12.213273048400879,12.44965934753418,4.867618560791016,3074574
2005-10-31,12.475923538208008,12.633514404296875,12.462791442871094,12.580984115600586,4.9189653396606445,1524152
2005-11-01,12.432147979736328,12.43652629852295,12.195762634277344,12.235159873962402,4.783753395080566,2050934
2005-11-02,12.300823211669922,12.327088356018066,12.13885498046875,12.178252220153809,4.76150369644165,1725864
2005-11-03,12.252670288085938,12.545964241027832,12.191385269165039,12.519699096679688,4.89500617980957,3182398
2005-11-04,12.55034065246582,12.56347370147705,12.300823211669922,12.366485595703125,4.835100173950195,1780461
2005-11-07,12.414637565612793,12.414637565612793,12.11696720123291,12.173874855041504,4.759789943695068,1572124
2005-11-08,12.134476661682129,12.30519962310791,11.90246868133545,12.213273048400879,4.775196552276611,2197364
2005-11-09,12.243914604187012,12.30519962310791,11.919979095458984,12.020662307739258,4.699887275695801,2288740
2005-11-10,11.994397163391113,12.007529258728027,11.604798316955566,11.731745719909668,4.586926460266113,4241217
2005-11-11,11.758010864257812,11.819295883178711,11.718612670898438,11.775521278381348,4.604042053222656,1677663
2005-11-14,11.919979095458984,12.020662307739258,11.876203536987305,11.950621604919434,4.67250394821167,2991422
2005-11-15,11.954998970031738,12.033794403076172,11.771142959594727,11.797409057617188,4.612600326538086,2834940
2005-11-16,11.836806297302246,11.90246868133545,11.731745719909668,11.819295883178711,4.621157169342041,1973493
2005-11-17,11.88495922088623,12.016283988952637,11.810541152954102,11.849939346313477,4.6331377029418945,2510327
2005-11-18,11.95937728881836,12.095080375671387,11.919979095458984,12.060059547424316,4.7152910232543945,2492280
2005-11-21,12.208894729614258,12.230783462524414,12.025038719177246,12.077569961547852,4.72213888168335,1703020
2005-11-22,12.090702056884766,12.208894729614258,11.981264114379883,12.20451831817627,4.7717742919921875,1826149
2005-11-23,12.208894729614258,12.313956260681152,12.1082124710083,12.283312797546387,4.802581310272217,1347568
2005-11-25,12.379617691040039,12.388373374938965,12.243914604187012,12.265803337097168,4.795734882354736,484521
2005-11-28,12.274558067321777,12.274558067321777,11.981264114379883,11.981264114379883,4.684483051300049,1052880
2005-11-29,12.077569961547852,12.178252220153809,12.033794403076172,12.051304817199707,4.711867809295654,1108391
2005-11-30,12.068815231323242,12.200139999389648,11.990018844604492,12.007529258728027,4.694754600524902,1201366
2005-12-01,12.025038719177246,12.160741806030273,12.011906623840332,12.143232345581055,4.747809410095215,1267842
2005-12-02,12.095080375671387,12.143232345581055,11.972509384155273,12.11696720123291,4.73754358291626,1346425
2005-12-05,12.077569961547852,12.134476661682129,12.011906623840332,12.038171768188477,4.706731796264648,1626264
2005-12-06,12.077569961547852,12.169496536254883,12.016283988952637,12.038171768188477,4.706731796264648,1556819
2005-12-07,12.025038719177246,12.14760971069336,12.016283988952637,12.095080375671387,4.7289838790893555,3111581
2005-12-08,12.169496536254883,12.30519962310791,12.090702056884766,12.213273048400879,4.775196552276611,2410042
2005-12-09,12.200139999389648,12.283312797546387,11.954998970031738,11.981264114379883,4.684483051300049,1742083
2005-12-12,12.1082124710083,12.20451831817627,12.003151893615723,12.055682182312012,4.713578701019287,1397824
2005-12-13,12.055682182312012,12.169496536254883,12.025038719177246,12.156365394592285,4.752945899963379,953052
2005-12-14,12.173874855041504,12.388373374938965,12.173874855041504,12.2964448928833,4.807713985443115,1288173
2005-12-15,12.348976135253906,12.388373374938965,12.169496536254883,12.31833267211914,4.816273212432861,1605019
2005-12-16,12.327088356018066,12.388373374938965,12.042549133300781,12.060059547424316,4.7152910232543945,2592337
2005-12-19,12.060059547424316,12.143232345581055,11.95937728881836,11.994397163391113,4.689618110656738,1058591
2005-12-20,11.994397163391113,12.195762634277344,11.981264114379883,11.990018844604492,4.687905788421631,1169841
2005-12-21,12.038171768188477,12.095080375671387,11.823674201965332,11.88058090209961,4.645120143890381,1115244
2005-12-22,11.90246868133545,11.950621604919434,11.744877815246582,11.814919471740723,4.619447231292725,1101081
2005-12-23,11.84118366241455,11.972509384155273,11.819295883178711,11.946244239807129,4.670788288116455,1202280
2005-12-27,11.919979095458984,11.941866874694824,11.661705017089844,11.666083335876465,4.561253070831299,882921
2005-12-28,11.71423625946045,11.784276008605957,11.67046070098877,11.740501403808594,4.590350151062012,953280
2005-12-29,11.71423625946045,11.793030738830566,11.666083335876465,11.683592796325684,4.5680975914001465,899825
2005-12-30,11.644194602966309,11.736123085021973,11.512869834899902,11.657327651977539,4.557829856872559,1136489
2006-01-03,11.762388229370117,11.976886749267578,11.718612670898438,11.95937728881836,4.675928115844727,1783888
2006-01-04,11.972509384155273,12.11696720123291,11.823674201965332,12.099456787109375,4.730696678161621,1472981
2006-01-05,12.12572193145752,12.213273048400879,11.994397163391113,12.20451831817627,4.7717742919921875,2377375
2006-01-06,12.208894729614258,12.274558067321777,12.13010025024414,12.195762634277344,4.768347263336182,1602050
2006-01-09,12.239538192749023,12.292067527770996,12.165120124816895,12.265803337097168,4.795734882354736,1355335
2006-01-10,12.265803337097168,12.31833267211914,12.195762634277344,12.257047653198242,4.792312145233154,1433233
2006-01-11,12.300823211669922,12.497811317443848,12.287690162658691,12.44965934753418,4.867618560791016,1689771
2006-01-12,12.497811317443848,12.537208557128906,12.388373374938965,12.410261154174805,4.8522162437438965,1551336
2006-01-13,12.37524127960205,12.493433952331543,12.335843086242676,12.475923538208008,4.87788724899292,1014959
2006-01-17,12.454035758972168,12.545964241027832,12.38399600982666,12.528453826904297,4.898427486419678,1149967
2006-01-18,12.716687202453613,13.027490615844727,12.62475872039795,12.85239028930664,5.025079727172852,3013352
2006-01-19,12.878655433654785,12.896164894104004,12.651023864746094,12.712309837341309,4.970311164855957,1755105
2006-01-20,12.712309837341309,12.808614730834961,12.594117164611816,12.60724925994873,4.929234504699707,1204107
2006-01-23,12.659778594970703,12.721064567565918,12.56347370147705,12.651023864746094,4.946349620819092,1150881
2006-01-24,12.699176788330078,12.742952346801758,12.419015884399414,12.440903663635254,4.864194393157959,1858588
2006-01-25,12.278935432434082,12.419015884399414,12.257047653198242,12.405882835388184,4.850503921508789,2391081
2006-01-26,12.432147979736328,12.475923538208008,12.300823211669922,12.38399600982666,4.841946125030518,1070927
2006-01-27,12.331465721130371,12.440903663635254,12.252670288085938,12.274558067321777,4.84713077545166,1748937
2006-01-30,12.353352546691895,12.353352546691895,12.217650413513184,12.270179748535156,4.84540319442749,1423867
2006-01-31,12.270179748535156,12.401506423950195,12.243914604187012,12.37086296081543,4.885161876678467,1327693
2006-02-01,12.366485595703125,12.37086296081543,12.143232345581055,12.14760971069336,4.797000885009766,4737389
2006-02-02,12.086324691772461,12.12572193145752,11.90246868133545,11.976886749267578,4.729583740234375,3019977
2006-02-03,11.976886749267578,11.976886749267578,11.740501403808594,11.784276008605957,4.6535234451293945,2416895
2006-02-06,11.801786422729492,11.858694076538086,11.674838066101074,11.771142959594727,4.648335933685303,1841226
2006-02-07,11.775521278381348,11.801786422729492,11.661705017089844,11.701103210449219,4.620678424835205,1252537
2006-02-08,11.709857940673828,11.709857940673828,11.591665267944336,11.6354398727417,4.5947489738464355,1270812
2006-02-09,11.61793041229248,11.744877815246582,11.604798316955566,11.644194602966309,4.59820556640625,1741627
2006-02-10,11.661705017089844,11.727368354797363,11.5741548538208,11.63981819152832,4.596475124359131,1002395
2006-02-13,11.64857292175293,11.705480575561523,11.61793041229248,11.63981819152832,4.596475124359131,1109762
2006-02-14,11.652950286865234,11.652950286865234,11.534756660461426,11.62668514251709,4.591291427612305,1009019
2006-02-15,13.132551193237305,13.570302963256836,12.388373374938965,13.202590942382812,5.213604927062988,12656947
2006-02-16,13.198213577270508,13.198213577270508,13.023113250732422,13.123796463012695,5.182488918304443,4794499
2006-02-17,13.128173828125,13.312028884887695,13.088775634765625,13.290142059326172,5.248179912567139,3682224
2006-02-21,13.35142707824707,13.460865020751953,13.290142059326172,13.456486701965332,5.313866138458252,1626264
2006-02-22,13.561548233032227,13.85921859741211,13.491507530212402,13.824198722839355,5.459071636199951,6699003
2006-02-23,13.994921684265137,13.999300003051758,13.776045799255371,13.793556213378906,5.446971893310547,3054243
2006-02-24,13.83733081817627,13.902994155883789,13.657853126525879,13.697251319885254,5.408940315246582,1147911
2006-02-27,13.789178848266602,13.789178848266602,13.58343505859375,13.679740905761719,5.402027606964111,1588572
2006-02-28,13.679740905761719,13.679740905761719,13.355805397033691,13.390825271606445,5.287938594818115,2689653
2006-03-01,13.438977241516113,13.526528358459473,13.355805397033691,13.469619750976562,5.3190531730651855,1388001
2006-03-02,13.38206958770752,13.408334732055664,13.28576374053955,13.347049713134766,5.270648956298828,1173496
2006-03-03,13.307652473449707,13.355805397033691,13.088775634765625,13.11941909790039,5.180761337280273,2082459
2006-03-06,13.066887855529785,13.088775634765625,12.865523338317871,12.887410163879395,5.089142322540283,1232205
2006-03-07,12.830503463745117,13.04062271118164,12.830503463745117,12.944317817687988,5.111612319946289,1029579
2006-03-08,12.904919624328613,13.023113250732422,12.646647453308105,12.86114501953125,5.078770637512207,1664642
2006-03-09,12.848012924194336,12.86989974975586,12.690422058105469,12.69480037689209,5.0130815505981445,857107
2006-03-10,12.659778594970703,12.843634605407715,12.651023864746094,12.804237365722656,5.056300163269043,838832
2006-03-13,12.782349586486816,12.92680835723877,12.777972221374512,12.878655433654785,5.085684776306152,983663
2006-03-14,12.848012924194336,13.150060653686523,12.848012924194336,13.11504077911377,5.179030895233154,1211874
2006-03-15,13.066887855529785,13.338294982910156,13.058133125305176,13.290142059326172,5.248179912567139,1708046
2006-03-16,13.298896789550781,13.386446952819824,13.259498596191406,13.32953929901123,5.263737678527832,2046366
2006-03-17,13.32953929901123,13.386446952819824,13.272631645202637,13.32953929901123,5.263737678527832,1420668
2006-03-20,13.307652473449707,13.41709041595459,13.215723991394043,13.294519424438477,5.249904632568359,1157277
2006-03-21,13.268254280090332,13.325161933898926,13.101908683776855,13.185080528259277,5.206691265106201,2265211
2006-03-22,13.193836212158203,13.303274154663086,13.193836212158203,13.259498596191406,5.236077308654785,1586973
2006-03-23,13.176325798034668,13.342672348022461,13.132551193237305,13.281387329101562,5.244720458984375,1178294
2006-03-24,13.312028884887695,13.482752799987793,13.268254280090332,13.465243339538574,5.317324638366699,1262816
2006-03-27,13.473998069763184,13.67098617553711,13.434599876403809,13.6622314453125,5.395112037658691,2122436
2006-03-28,13.701627731323242,13.999300003051758,13.61845588684082,13.885483741760254,5.483273983001709,2373720
2006-03-29,13.885483741760254,14.174400329589844,13.854842185974121,14.113115310668945,5.57316255569458,2523805
2006-03-30,14.11749267578125,14.178777694702148,14.09560489654541,14.16126823425293,5.592181205749512,2473091
2006-03-31,14.226929664611816,14.261951446533203,14.07371711730957,14.11749267578125,5.574891567230225,2177719
2006-04-03,14.279460906982422,14.58150863647461,14.200665473937988,14.472070693969727,5.714913368225098,3132141
2006-04-04,14.397653579711914,14.65155029296875,14.397653579711914,14.603397369384766,5.766770839691162,1912271
2006-04-05,14.559621810913086,14.774120330810547,14.502714157104492,14.752232551574707,5.825547218322754,2089084
2006-04-06,14.686570167541504,14.752232551574707,14.550867080688477,14.599019050598145,5.76504373550415,1472067
2006-04-07,14.620906829833984,14.686570167541504,14.489582061767578,14.511468887329102,5.730469226837158,1507932
2006-04-10,14.489582061767578,14.607773780822754,14.2750825881958,14.331991195678711,5.659597873687744,1276751
2006-04-11,14.3363676071167,14.397653579711914,14.156889915466309,14.222553253173828,5.6163787841796875,1481205
2006-04-12,14.288215637207031,14.345123291015625,14.07371711730957,14.143757820129395,5.585264205932617,1401708
2006-04-13,14.152512550354004,14.213797569274902,14.07371711730957,14.113115310668945,5.57316255569458,850939
2006-04-17,14.170022964477539,14.226929664611816,14.091226577758789,14.213797569274902,5.612922191619873,940716
2006-04-18,14.226929664611816,14.380144119262695,14.226929664611816,14.32761287689209,5.657866477966309,1250024
2006-04-19,14.2750825881958,14.546488761901855,14.261951446533203,14.524601936340332,5.735658168792725,787890
2006-04-20,14.550867080688477,14.634039878845215,14.39327621459961,14.441429138183594,5.702813148498535,710448
2006-04-21,14.528979301452637,14.66030502319336,14.458938598632812,14.607773780822754,5.768502235412598,879722
2006-04-24,14.629661560058594,14.629661560058594,14.423918724060059,14.603397369384766,5.766770839691162,731693
2006-04-25,14.620906829833984,14.620906829833984,14.384520530700684,14.480826377868652,5.718368053436279,1117072
2006-04-26,14.485203742980957,14.690946578979492,14.353878021240234,14.358256340026855,5.669970512390137,1330435
2006-04-27,14.10435962677002,14.358256340026855,14.047451972961426,14.279460906982422,5.690905570983887,1149739
2006-04-28,14.2750825881958,14.533356666564941,14.047451972961426,14.450183868408203,5.758944511413574,1100624
2006-05-01,14.511468887329102,14.533356666564941,14.261951446533203,14.310103416442871,5.703117847442627,1319698
2006-05-02,14.152512550354004,14.498336791992188,14.143757820129395,14.384520530700684,5.732773780822754,904851
2006-05-03,14.388898849487305,14.607773780822754,14.279460906982422,14.292593002319336,5.69613790512085,2890451
2006-05-04,14.305726051330566,14.542112350463867,14.165644645690918,14.288215637207031,5.694390773773193,1163902
2006-05-05,14.248818397521973,14.314480781555176,13.942392349243164,14.279460906982422,5.690905570983887,2986396
2006-05-08,14.235686302185059,14.266327857971191,14.10435962677002,14.240062713623047,5.675201892852783,764589
2006-05-09,14.266327857971191,14.292593002319336,14.10873794555664,14.11749267578125,5.626351833343506,1453335
2006-05-10,14.170022964477539,14.756609916687012,14.156889915466309,14.537734031677246,5.793837070465088,2776460
2006-05-11,14.542112350463867,14.568376541137695,14.209420204162598,14.244441032409668,5.676947593688965,2567894
2006-05-12,14.16126823425293,14.257573127746582,13.86359691619873,13.946768760681152,5.558315277099609,1305991
2006-05-15,13.832954406738281,14.012432098388672,13.767291069030762,13.942392349243164,5.556571006774902,1737286
2006-05-16,13.942392349243164,13.999300003051758,13.780424118041992,13.797933578491211,5.498998641967773,1087146
2006-05-17,13.688495635986328,13.854842185974121,13.434599876403809,13.653475761413574,5.441423416137695,1865898
2006-05-18,13.714760780334473,13.754158973693848,13.509017944335938,13.544037818908691,5.39780855178833,1290914
2006-05-19,13.600946426391602,13.78480052947998,13.465243339538574,13.640342712402344,5.436192512512207,1050367
2006-05-22,13.539660453796387,13.679740905761719,13.32953929901123,13.570302963256836,5.4082770347595215,1971209
2006-05-23,13.666607856750488,13.679740905761719,13.198213577270508,13.259498596191406,5.284411430358887,1585374
2006-05-24,13.28576374053955,13.59656810760498,13.150060653686523,13.561548233032227,5.404788970947266,1674922
2006-05-25,13.609701156616211,13.85921859741211,13.570302963256836,13.824198722839355,5.509464263916016,1163216
2006-05-26,13.911748886108398,13.994921684265137,13.815443992614746,13.929259300231934,5.55133581161499,867158
2006-05-30,13.881107330322266,14.218174934387207,13.881107330322266,14.091226577758789,5.6158857345581055,1507476
2006-05-31,14.08247184753418,14.734722137451172,14.08247184753418,14.704079627990723,5.860131740570068,6265195
2006-06-01,14.769742965698242,14.874802589416504,14.56399917602539,14.8704252243042,5.926424980163574,1850136
2006-06-02,14.88355827331543,15.286290168762207,14.857293128967285,15.233758926391602,6.071227073669434,2491138
2006-06-05,15.211872100830078,15.38697338104248,14.625285148620605,14.984240531921387,5.971783638000488,1981717
2006-06-06,14.984240531921387,15.102434158325195,14.620906829833984,14.918578147888184,5.945616245269775,1803991
2006-06-07,14.88355827331543,14.953598022460938,14.690946578979492,14.721590042114258,5.867109298706055,1204107
2006-06-08,14.555244445800781,14.848538398742676,14.546488761901855,14.844160079956055,5.915956497192383,1654591
2006-06-09,14.83978271484375,15.049903869628906,14.774120330810547,14.957976341247559,5.961318016052246,1341628
2006-06-12,14.971108436584473,14.971108436584473,14.620906829833984,14.642794609069824,5.835705757141113,1504277
2006-06-13,14.577132225036621,14.66030502319336,14.218174934387207,14.257573127746582,5.682181358337402,1910444
2006-06-14,14.244441032409668,14.314480781555176,14.051830291748047,14.165644645690918,5.645541667938232,1675379
2006-06-15,14.191909790039062,14.717211723327637,14.165644645690918,14.690946578979492,5.854896545410156,1239515
2006-06-16,14.765364646911621,14.782875061035156,14.485203742980957,14.682191848754883,5.851410865783691,1162074
2006-06-19,14.664682388305664,14.664682388305664,14.226929664611816,14.345123291015625,5.7170729637146,1089659
2006-06-20,14.283838272094727,14.423918724060059,14.244441032409668,14.39327621459961,5.736262798309326,1239744
2006-06-21,14.358256340026855,14.607773780822754,14.34074592590332,14.520223617553711,5.786856651306152,1292970
2006-06-22,14.520223617553711,14.524601936340332,14.270706176757812,14.323236465454102,5.708349704742432,889317
2006-06-23,14.279460906982422,14.58150863647461,14.213797569274902,14.559621810913086,5.802560806274414,1278807
2006-06-26,14.559621810913086,14.699702262878418,14.511468887329102,14.699702262878418,5.858388423919678,683264
2006-06-27,14.677815437316895,14.769742965698242,14.511468887329102,14.699702262878418,5.858388423919678,1396911
2006-06-28,14.721590042114258,14.874802589416504,14.620906829833984,14.787253379821777,5.893277168273926,1448995
2006-06-29,14.81789493560791,15.058658599853516,14.8091402053833,14.979863166809082,5.970037460327148,1365843
2006-06-30,14.992996215820312,15.067414283752441,14.669059753417969,14.901067733764648,5.938637733459473,1776578
2006-07-03,14.857293128967285,15.286290168762207,14.83978271484375,15.246891975402832,6.076461315155029,1076181
2006-07-05,15.176852226257324,15.238137245178223,14.804762840270996,14.918578147888184,5.945616245269775,2096851
2006-07-06,14.874802589416504,14.971108436584473,14.441429138183594,14.524601936340332,5.788602352142334,1989256
2006-07-07,14.463315963745117,14.848538398742676,14.463315963745117,14.822273254394531,5.907236099243164,1727235
2006-07-10,15.032394409179688,15.995447158813477,15.032394409179688,15.706530570983887,6.259645938873291,5329734
2006-07-11,15.623357772827148,15.890386581420898,15.56207275390625,15.86412239074707,6.322451591491699,1868411
2006-07-12,15.82034683227539,15.929784774780273,15.544563293457031,15.702154159545898,6.257900714874268,1605933
2006-07-13,15.702154159545898,15.833478927612305,15.400105476379395,15.500787734985352,6.177648067474365,1725407
2006-07-14,15.435125350952148,15.693399429321289,15.400105476379395,15.654001235961914,6.238710880279541,1383433
2006-07-17,15.62773609161377,15.780948638916016,15.623357772827148,15.750306129455566,6.2770915031433105,1533975
2006-07-18,15.750306129455566,16.11363983154297,15.737174034118652,15.977936744689941,6.367809295654297,2595992
2006-07-19,16.13990592956543,16.1749267578125,15.912275314331055,16.047977447509766,6.395725727081299,2459842
2006-07-20,16.021711349487305,16.109262466430664,15.868498802185059,15.921030044555664,6.345133304595947,1152708
2006-07-21,15.894763946533203,16.021711349487305,15.772193908691406,15.886009216308594,6.331174373626709,996227
2006-07-24,16.004201889038086,16.3018741607666,15.960427284240723,16.293119430541992,6.493423938751221,1886001
2006-07-25,16.32813835144043,16.555770874023438,16.153038024902344,16.31062889099121,6.500401496887207,1250481
2006-07-26,16.26685333251953,16.555770874023438,16.209945678710938,16.516372680664062,6.582399845123291,1074353
2006-07-27,16.341270446777344,16.49886131286621,16.109262466430664,16.166170120239258,6.4979400634765625,1034376
2006-07-28,16.26685333251953,16.525127410888672,16.262475967407227,16.4901065826416,6.62814474105835,749969
2006-07-31,16.4901065826416,16.507617950439453,16.288740158081055,16.288740158081055,6.547204494476318,1482347
2006-08-01,16.26685333251953,16.547014236450195,16.258098602294922,16.437576293945312,6.607029438018799,1441685
2006-08-02,16.420066833496094,16.630186080932617,16.37191390991211,16.441953659057617,6.608790874481201,918100
2006-08-03,16.503238677978516,16.708982467651367,16.420066833496094,16.529504776000977,6.643982410430908,1612786
2006-08-04,16.625810623168945,16.669584274291992,16.3018741607666,16.441953659057617,6.608790874481201,1043514
2006-08-07,16.455087661743164,16.525127410888672,16.323760986328125,16.4244441986084,6.601751804351807,1040316
2006-08-08,16.547014236450195,16.875328063964844,16.516372680664062,16.779022216796875,6.7442755699157715,1974864
2006-08-09,16.87970542907715,17.06793975830078,16.85344123840332,16.875328063964844,6.782982349395752,2333286
2006-08-10,16.840307235717773,17.1467342376709,16.78339958190918,17.1467342376709,6.892074108123779,2050021
2006-08-11,17.18175506591797,17.18175506591797,16.962879180908203,16.99789810180664,6.832246780395508,1215301
2006-08-14,17.1467342376709,17.18175506591797,16.954124450683594,16.993520736694336,6.830489158630371,1644996
2006-08-15,17.028541564941406,17.098581314086914,16.910348892211914,17.019786834716797,6.841053485870361,1834145
2006-08-16,17.011030197143555,17.06793975830078,16.927858352661133,17.03291893005371,6.84632682800293,3902669
2006-08-17,17.03291893005371,17.09420394897461,16.892837524414062,16.945369720458984,6.811135292053223,1200224
2006-08-18,16.923480987548828,17.028541564941406,16.897216796875,16.993520736694336,6.830489158630371,1096512
2006-08-21,16.967256546020508,17.098581314086914,16.748380661010742,16.779022216796875,6.7442755699157715,1842825
2006-08-22,16.717737197875977,16.949745178222656,16.687095642089844,16.897216796875,6.791783809661865,1774065
2006-08-23,16.940990447998047,16.954124450683594,16.433198928833008,16.520748138427734,6.640458106994629,1219870
2006-08-24,16.564525604248047,16.656452178955078,16.398178100585938,16.433198928833008,6.60527229309082,1569611
2006-08-25,16.433198928833008,16.57765769958496,16.376291275024414,16.56014633178711,6.65629768371582,1365386
2006-08-28,16.555770874023438,16.643320083618164,16.507617950439453,16.59516716003418,6.67037296295166,1002395
2006-08-29,16.564525604248047,16.75713539123535,16.529504776000977,16.708982467651367,6.716124057769775,1004451
2006-08-30,16.73086929321289,16.744003295898438,16.54263687133789,16.564525604248047,6.658056735992432,1098340
2006-08-31,16.459463119506836,16.822797775268555,16.437576293945312,16.752758026123047,6.7337164878845215,1281777
2006-09-01,16.831552505493164,16.98914337158203,16.80091094970703,16.910348892211914,6.797060489654541,926781
2006-09-05,16.91472625732422,17.21677589416504,16.892837524414062,17.09420394897461,6.8709611892700195,1290001
2006-09-06,17.09420394897461,17.12922477722168,16.752758026123047,16.81842041015625,6.760109901428223,2053219
2006-09-07,16.81842041015625,17.002275466918945,16.704605102539062,16.87095069885254,6.781228542327881,1236089
2006-09-08,16.940990447998047,17.10295867919922,16.888460159301758,16.901592254638672,6.793542385101318,1337059
2006-09-11,16.884082794189453,16.980388641357422,16.748380661010742,16.87095069885254,6.781228542327881,1198168
2006-09-12,16.919103622436523,16.927858352661133,16.656452178955078,16.77464485168457,6.742515563964844,1169841
2006-09-13,16.69147300720215,16.80966567993164,16.56014633178711,16.78339958190918,6.746034145355225,1072754
2006-09-14,16.78339958190918,16.85344123840332,16.608299255371094,16.665206909179688,6.6985249519348145,1458818
2006-09-15,16.608299255371094,16.687095642089844,16.31938362121582,16.323760986328125,6.561280727386475,2924946
2006-09-18,16.367536544799805,16.398178100585938,16.209945678710938,16.306251525878906,6.5542449951171875,2219295
2006-09-19,16.258098602294922,16.389423370361328,16.03484535217285,16.18368148803711,6.504978656768799,1543341
2006-09-20,16.122394561767578,16.271230697631836,16.100507736206055,16.19243621826172,6.508498668670654,1080978
2006-09-21,16.258098602294922,16.258098602294922,16.10488510131836,16.153038024902344,6.492659091949463,1025696
2006-09-22,16.284364700317383,16.34564971923828,16.153038024902344,16.22307777404785,6.520815372467041,1014730
2006-09-25,16.459463119506836,16.656452178955078,16.249343872070312,16.555770874023438,6.654537200927734,1760816
2006-09-26,16.468219757080078,16.529504776000977,16.37191390991211,16.472597122192383,6.621108055114746,982064
2006-09-27,16.411312103271484,16.6126766204834,16.411312103271484,16.573280334472656,6.66157865524292,1069785
2006-09-28,16.573280334472656,16.630186080932617,16.4244441986084,16.511993408203125,6.636941432952881,955108
2006-09-29,16.547014236450195,16.652074813842773,16.49886131286621,16.54263687133789,6.649256706237793,1664871
2006-10-02,16.4901065826416,16.892837524414062,16.4901065826416,16.744003295898438,6.730198383331299,1568697
2006-10-03,16.77464485168457,16.927858352661133,16.700227737426758,16.805288314819336,6.754833698272705,1281092
2006-10-04,16.739625930786133,16.954124450683594,16.73086929321289,16.910348892211914,6.797060489654541,1168699
2006-10-05,16.875328063964844,17.05042839050293,16.866573333740234,16.962879180908203,6.818175315856934,845000
2006-10-06,16.897216796875,16.984766006469727,16.76589012145996,16.945369720458984,6.811135292053223,822841
2006-10-09,16.866573333740234,16.962879180908203,16.82717514038086,16.897216796875,6.791783809661865,644201
2006-10-10,16.892837524414062,16.984766006469727,16.84468650817871,16.9585018157959,6.8164167404174805,385150
2006-10-11,16.9585018157959,17.29119110107422,16.927858352661133,17.164243698120117,6.899109840393066,1132149
2006-10-12,17.22553062438965,17.22990608215332,17.09420394897461,17.22553062438965,6.923745632171631,573156
2006-10-13,17.18175506591797,17.326213836669922,17.155488967895508,17.29119110107422,6.950137615203857,609249
2006-10-16,17.29119110107422,17.409385681152344,17.234285354614258,17.40500831604004,6.995885372161865,643059
2006-10-17,17.40500831604004,17.562597274780273,17.40500831604004,17.5582218170166,7.057470798492432,736262
2006-10-18,17.54946517944336,17.79898452758789,17.527578353881836,17.750831604003906,7.134888172149658,1402165
2006-10-19,17.71143341064453,17.9346866607666,17.70705795288086,17.90404510498047,7.196472644805908,920156
2006-10-20,17.952198028564453,17.952198028564453,17.803361892700195,17.93906593322754,7.2105512619018555,865102
2006-10-23,17.882156372070312,18.02223777770996,17.785852432250977,17.94782066345215,7.214066982269287,841116
2006-10-24,17.864646911621094,18.149185180664062,17.794607162475586,18.144807815551758,7.293246746063232,966073
2006-10-25,18.144807815551758,18.284889221191406,18.079145431518555,18.258623123168945,7.338996887207031,738547
2006-10-26,18.29802131652832,18.32428550720215,18.10978889465332,18.32428550720215,7.365384578704834,877895
2006-10-27,18.27175521850586,18.381193161010742,18.175451278686523,18.24549102783203,7.390212059020996,906907
2006-10-30,18.157941818237305,18.381193161010742,18.149185180664062,18.363683700561523,7.438084602355957,757735
2006-10-31,18.30677604675293,18.35055160522461,18.140430450439453,18.223604202270508,7.381346702575684,1131463
2006-11-01,18.223604202270508,18.4687442779541,18.11854362487793,18.2148494720459,7.377798080444336,1842825
2006-11-02,17.34372329711914,18.11854362487793,16.98914337158203,18.07476806640625,7.3210625648498535,2631629
2006-11-03,18.06601333618164,18.219226837158203,17.987218856811523,18.192960739135742,7.36893367767334,1358761
2006-11-06,17.908422470092773,18.153562545776367,17.90404510498047,18.09227752685547,7.328153133392334,1824550
2006-11-07,18.070390701293945,18.2148494720459,18.044124603271484,18.184206008911133,7.36538553237915,1022726
2006-11-08,18.101032257080078,18.319908142089844,18.09227752685547,18.24549102783203,7.390212059020996,1038031
2006-11-09,18.26300048828125,18.398704528808594,18.175451278686523,18.284889221191406,7.406167984008789,923354
2006-11-10,18.319908142089844,18.398704528808594,18.223604202270508,18.302398681640625,7.413259029388428,1205249
2006-11-13,18.219226837158203,18.32428550720215,18.131675720214844,18.25424575805664,7.393755912780762,1292057
2006-11-14,18.236736297607422,18.35055160522461,18.162317276000977,18.328664779663086,7.423902988433838,1207762
2006-11-15,18.372438430786133,18.451234817504883,18.276134490966797,18.368061065673828,7.439857482910156,1700736
2006-11-16,18.398704528808594,18.420591354370117,18.13605308532715,18.166696548461914,7.358294486999512,1285432
2006-11-17,18.13605308532715,18.25424575805664,18.08352279663086,18.162317276000977,7.356522083282471,1862243
2006-11-20,18.12729835510254,18.12729835510254,17.991594314575195,18.105411529541016,7.3334736824035645,2628659
2006-11-21,18.13605308532715,18.188583374023438,18.03099250793457,18.144807815551758,7.349428653717041,2005703
2006-11-22,18.122920989990234,18.179828643798828,18.09227752685547,18.157941818237305,7.3547492027282715,1589942
2006-11-24,18.140430450439453,18.39432716369629,18.122920989990234,18.37681770324707,7.443404197692871,321187
2006-11-27,18.368061065673828,18.4030818939209,18.157941818237305,18.162317276000977,7.356522083282471,1219870
2006-11-28,18.153562545776367,18.55629539489746,18.10978889465332,18.495010375976562,7.491276741027832,1604791
2006-11-29,18.495010375976562,18.801435470581055,18.4687442779541,18.757661819458008,7.597662925720215,1562530
2006-11-30,19.02031135559082,19.120994567871094,18.888986587524414,18.92838478088379,7.666813850402832,1806504
2006-12-01,18.92838478088379,19.151636123657227,18.79705810546875,19.11661720275879,7.743056774139404,1541285
2006-12-04,19.11661720275879,19.405532836914062,19.094728469848633,19.34862518310547,7.837027072906494,1277665
2006-12-05,19.3136043548584,19.471195220947266,19.282962799072266,19.37489128112793,7.847666263580322,1062018
2006-12-06,19.3136043548584,19.388023376464844,19.129749298095703,19.19978904724121,7.776745319366455,1067729
2006-12-07,19.173524856567383,19.26107406616211,18.989669799804688,19.0640869140625,7.721775531768799,981378
2006-12-08,19.007179260253906,19.147260665893555,18.959026336669922,19.103485107421875,7.737733840942383,1018614
2006-12-11,19.050954818725586,19.07284164428711,18.941516876220703,18.976537704467773,7.68631649017334,1102908
2006-12-12,18.972158432006836,19.02031135559082,18.84958839416504,18.888986587524414,7.650856018066406,1611873
2006-12-13,18.888986587524414,18.985292434692383,18.88460922241211,18.919628143310547,7.663266658782959,1335917
2006-12-14,18.919628143310547,19.120994567871094,18.89336395263672,19.02031135559082,7.704047203063965,1692740
2006-12-15,19.02031135559082,19.09910774230957,18.96778106689453,19.042198181152344,7.712915897369385,1860644
2006-12-18,19.007179260253906,19.042198181152344,18.770793914794922,18.818946838378906,7.622485160827637,1334318
2006-12-19,18.823322296142578,18.963403701782227,18.740150451660156,18.906496047973633,7.657946586608887,1091029
2006-12-20,18.8758544921875,19.042198181152344,18.8758544921875,18.954648971557617,7.677450656890869,1019528
2006-12-21,18.985292434692383,19.04657745361328,18.696374893188477,18.83207893371582,7.627804279327393,1104279
2006-12-22,18.89336395263672,18.96778106689453,18.81456756591797,18.8758544921875,7.645534992218018,777381
2006-12-26,18.902118682861328,19.04657745361328,18.845211029052734,18.998424530029297,7.695184230804443,674126
2006-12-27,18.963403701782227,19.230432510375977,18.9371395111084,19.156015396118164,7.759014129638672,833578
2006-12-28,19.138505935668945,19.195411682128906,19.037822723388672,19.050954818725586,7.716460704803467,544373
2006-12-29,19.050954818725586,19.11661720275879,18.836456298828125,18.8758544921875,7.645534992218018,629581
2007-01-03,18.980913162231445,19.10786247253418,18.648223876953125,18.862720489501953,7.64021635055542,2633685
2007-01-04,18.80581283569336,18.915250778198242,18.621957778930664,18.665733337402344,7.560427665710449,1415643
2007-01-05,18.648223876953125,18.648223876953125,18.28926658630371,18.32428550720215,7.422126293182373,2287827
2007-01-08,18.311153411865234,18.31553077697754,18.12729835510254,18.232358932495117,7.384889125823975,2028090
2007-01-09,18.227981567382812,18.337419509887695,18.06601333618164,18.29802131652832,7.411486625671387,1056763
2007-01-10,18.20171546936035,18.284889221191406,18.11854362487793,18.157941818237305,7.3547492027282715,1318099
2007-01-11,18.153562545776367,18.407459259033203,17.94782066345215,18.166696548461914,7.358294486999512,1199995
2007-01-12,18.140430450439453,18.319908142089844,18.13605308532715,18.232358932495117,7.384889125823975,1230149
2007-01-16,18.223604202270508,18.39432716369629,18.20609474182129,18.236736297607422,7.386663436889648,951681
2007-01-17,18.179828643798828,18.451234817504883,18.179828643798828,18.346174240112305,7.4309916496276855,606737
2007-01-18,18.319908142089844,18.464366912841797,18.284889221191406,18.354928970336914,7.434536933898926,886347
2007-01-19,18.31553077697754,18.52127456665039,18.276134490966797,18.464366912841797,7.47886323928833,991886
2007-01-22,18.43372344970703,18.595693588256836,18.411836624145508,18.486255645751953,7.487732887268066,1196112
2007-01-23,18.4687442779541,18.79705810546875,18.4687442779541,18.766416549682617,7.601207256317139,1205706
2007-01-24,18.78830337524414,18.989669799804688,18.757661819458008,18.941516876220703,7.6721296310424805,834034
2007-01-25,18.897741317749023,18.954648971557617,18.665733337402344,18.76203727722168,7.599433422088623,928609
2007-01-26,18.76203727722168,18.818946838378906,18.621957778930664,18.783926010131836,7.608299255371094,909877
2007-01-29,18.696374893188477,18.79705810546875,18.621957778930664,18.727018356323242,7.645836353302002,948483
2007-01-30,18.80581283569336,18.86709976196289,18.76203727722168,18.845211029052734,7.694090843200684,937746
2007-01-31,18.78830337524414,18.89336395263672,18.691997528076172,18.783926010131836,7.669066429138184,974068
2007-02-01,18.801435470581055,18.945894241333008,18.757661819458008,18.86709976196289,7.703025817871094,1373838
2007-02-02,18.85834312438965,18.9371395111084,18.827701568603516,18.845211029052734,7.694090843200684,931578
2007-02-05,18.81456756591797,19.08159637451172,18.740150451660156,18.897741317749023,7.715535640716553,1351223
2007-02-06,18.902118682861328,19.05533218383789,18.86709976196289,18.945894241333008,7.735198974609375,1283147
2007-02-07,18.998424530029297,19.120994567871094,18.954648971557617,19.090351104736328,7.7941741943359375,2020323
2007-02-08,19.090351104736328,19.1910343170166,19.077219009399414,19.156015396118164,7.820981502532959,1078694
2007-02-09,19.147260665893555,19.195411682128906,18.980913162231445,19.050954818725586,7.7780890464782715,662476
2007-02-12,18.963403701782227,19.02906608581543,18.86709976196289,18.92838478088379,7.72804594039917,1058591
2007-02-13,18.941516876220703,19.068464279174805,18.941516876220703,19.0640869140625,7.783452987670898,812104
2007-02-14,19.037822723388672,19.182279586791992,19.02031135559082,19.05533218383789,7.779873847961426,925867
2007-02-15,19.024688720703125,19.050954818725586,18.88460922241211,18.906496047973633,7.719112873077393,1052880
2007-02-16,18.902118682861328,18.919628143310547,18.775171279907227,18.888986587524414,7.711961269378662,2574290
2007-02-20,18.845211029052734,18.92838478088379,18.770793914794922,18.871475219726562,7.704810619354248,809591
2007-02-21,18.78830337524414,18.959026336669922,18.73577308654785,18.910873413085938,7.7208967208862305,675726
2007-02-22,18.85834312438965,18.985292434692383,18.73577308654785,18.83207893371582,7.688727855682373,833349
2007-02-23,18.74452781677246,18.845211029052734,18.595693588256836,18.70075225830078,7.63510799407959,1191543
2007-02-26,18.683242797851562,18.78830337524414,18.5913143157959,18.713884353637695,7.640466690063477,1335917
2007-02-27,18.661354064941406,18.661354064941406,17.94782066345215,18.424968719482422,7.522514343261719,2589139
2007-02-28,18.420591354370117,18.560672760009766,18.236736297607422,18.236736297607422,7.445659637451172,2627974
2007-03-01,18.236736297607422,18.613203048706055,18.079145431518555,18.455612182617188,7.535021781921387,2187998
2007-03-02,18.35055160522461,18.473121643066406,18.241113662719727,18.27175521850586,7.459957599639893,1753277
2007-03-05,17.88653564453125,18.096656799316406,17.553842544555664,17.562597274780273,7.170427322387695,2015755
2007-03-06,17.422517776489258,17.956575393676758,17.186132431030273,17.890911102294922,7.304470062255859,2194623
2007-03-07,18.079145431518555,18.985292434692383,17.991594314575195,18.57380485534668,7.583280086517334,3650471
2007-03-08,18.713884353637695,19.033443450927734,18.411836624145508,18.792680740356445,7.672641754150391,1403307
2007-03-09,18.85834312438965,19.033443450927734,18.79705810546875,18.853965759277344,7.697661876678467,1055393
2007-03-12,18.853965759277344,19.37489128112793,18.853965759277344,19.265453338623047,7.865664482116699,1782974
2007-03-13,19.19978904724121,19.462440490722656,19.094728469848633,19.37489128112793,7.910343170166016,2057559
2007-03-14,19.353002548217773,19.611276626586914,19.26107406616211,19.506216049194336,7.963962078094482,2718664
2007-03-15,19.493083953857422,19.860794067382812,19.479951858520508,19.7250919342041,8.053323745727539,1206392
2007-03-16,19.7250919342041,19.869550704956055,19.585010528564453,19.602521896362305,8.003281593322754,1054022
2007-03-19,19.641918182373047,20.049028396606445,19.641918182373047,20.04465103149414,8.183794021606445,1152023
2007-03-20,19.488706588745117,19.887060165405273,19.479951858520508,19.878305435180664,8.115874290466309,2442709
2007-03-21,19.948345184326172,20.215373992919922,19.790754318237305,20.136579513549805,8.22132682800293,1059505
2007-03-22,20.154088973999023,20.281036376953125,20.00963020324707,20.07967185974121,8.19809341430664,1495825
2007-03-23,20.07967185974121,20.2591495513916,20.07091522216797,20.193485260009766,8.244558334350586,1159333
2007-03-26,20.237260818481445,20.250394821166992,19.90894889831543,20.00963020324707,8.16949462890625,2373492
2007-03-27,19.948345184326172,20.202241897583008,19.878305435180664,20.11469078063965,8.212392807006836,1532604
2007-03-28,20.119068145751953,20.215373992919922,19.92207908630371,20.031518936157227,8.178433418273926,1812671
2007-03-29,20.08842658996582,20.092802047729492,19.812641143798828,19.948345184326172,8.1444730758667,1725179
2007-03-30,19.987743377685547,20.027141571044922,18.38557243347168,19.698827743530273,8.042600631713867,2181830
2007-04-02,19.707582473754883,19.856416702270508,19.633163452148438,19.825775146484375,8.09443187713623,1451965
2007-04-03,19.817020416259766,19.817020416259766,19.353002548217773,19.51059341430664,7.965747833251953,3363551
2007-04-04,19.523725509643555,19.843284606933594,19.47557258605957,19.799509048461914,8.083706855773926,1720839
2007-04-05,19.74260139465332,19.970233917236328,19.663806915283203,19.88268280029297,8.11766529083252,1003308
2007-04-09,19.843284606933594,20.057783126831055,19.812641143798828,20.00963020324707,8.16949462890625,1183091
2007-04-10,19.935213088989258,20.158466339111328,19.895814895629883,20.10593605041504,8.208817481994629,832664
2007-04-11,20.057783126831055,20.09718132019043,19.786376953125,19.834529876708984,8.098004341125488,2385599
2007-04-12,19.79513168334961,19.91770362854004,19.781999588012695,19.900192260742188,8.1248140335083,1018842
2007-04-13,19.878305435180664,19.939590454101562,19.83015251159668,19.878305435180664,8.115874290466309,542773
2007-04-16,19.939590454101562,20.00087547302246,19.738224029541016,19.781999588012695,8.076559066772461,834263
2007-04-17,19.764490127563477,20.027141571044922,19.738224029541016,19.970233917236328,8.153412818908691,1260303
2007-04-18,19.834529876708984,20.429872512817383,19.773244857788086,20.184730529785156,8.240985870361328,2905300
2007-04-19,20.342321395874023,20.342321395874023,19.891437530517578,20.193485260009766,8.244558334350586,2136371
2007-04-20,20.26790428161621,20.351076126098633,20.127822875976562,20.27665901184082,8.278518676757812,935005
2007-04-23,20.281036376953125,20.52617835998535,20.22412872314453,20.316057205200195,8.29460334777832,884063
2007-04-24,20.27665901184082,20.556819915771484,20.136579513549805,20.521799087524414,8.378600120544434,1027523
2007-04-25,20.54368782043457,20.942041397094727,20.530555725097656,20.63999366760254,8.426857948303223,1577150
2007-04-26,20.127822875976562,20.613727569580078,20.127822875976562,20.55244255065918,8.452059745788574,1135804
2007-04-27,20.661880493164062,21.121519088745117,20.307302474975586,21.012081146240234,8.641085624694824,2123350
2007-04-30,21.064611434936523,21.51549530029297,21.01645851135254,21.191560745239258,8.714892387390137,3345504
2007-05-01,21.147785186767578,21.349151611328125,20.9814395904541,21.314130783081055,8.765302658081055,1760359
2007-05-02,21.24846839904785,21.537384033203125,21.112764358520508,21.349151611328125,8.779704093933105,1478921
2007-05-03,21.32726287841797,21.546138763427734,21.25722312927246,21.314130783081055,8.765302658081055,1673323
2007-05-04,21.375415802001953,21.589914321899414,21.31850814819336,21.546138763427734,8.860713958740234,2307929
2007-05-07,21.646821975708008,21.918228149414062,21.646821975708008,21.686220169067383,8.918320655822754,2367552
2007-05-08,21.651199340820312,21.865697860717773,21.603046417236328,21.81754493713379,8.97232723236084,1803077
2007-05-09,21.75625991821289,22.150236129760742,21.75625991821289,22.0145320892334,9.053335189819336,1328150
2007-05-10,21.975135803222656,22.027666091918945,21.883207321166992,21.918228149414062,9.0137300491333,1951334
2007-05-11,21.922605514526367,22.115215301513672,21.839433670043945,21.99702262878418,9.046135902404785,1283147
2007-05-14,21.948871612548828,22.185256958007812,21.948871612548828,22.150236129760742,9.109145164489746,1073440
2007-05-15,22.123971939086914,22.535457611083984,22.036420822143555,22.04079818725586,9.064135551452637,1900164
2007-05-16,22.04079818725586,22.194011688232422,21.966381072998047,22.04079818725586,9.064135551452637,1458589
2007-05-17,21.905094146728516,22.15899085998535,21.8919620513916,22.045175552368164,9.065940856933594,1157734
2007-05-18,22.027666091918945,22.320959091186523,22.001401901245117,22.28156280517578,9.1631498336792,2326890
2007-05-21,22.417264938354492,22.846261978149414,22.28156280517578,22.728069305419922,9.34677505493164,1890569
2007-05-22,22.684293746948242,23.28839111328125,22.684293746948242,23.196462631225586,9.539397239685059,2852987
2007-05-23,23.257747650146484,23.463491439819336,23.16144371032715,23.218351364135742,9.548396110534668,2108730
2007-05-24,23.213972091674805,23.24461555480957,22.846261978149414,22.872526168823242,9.406179428100586,2498905
2007-05-25,22.872526168823242,22.99509620666504,22.56610107421875,22.811241149902344,9.380979537963867,1512044
2007-05-29,22.916301727294922,23.358430862426758,22.81561851501465,23.30590057373047,9.584402084350586,1759673
2007-05-30,23.205217361450195,23.721765518188477,23.07389259338379,23.721765518188477,9.7554292678833,2270237
2007-05-31,23.748029708862305,24.032569885253906,23.59919548034668,23.6823673248291,9.739224433898926,1837343
2007-06-01,23.713010787963867,23.997549057006836,23.612327575683594,23.844335556030273,9.805834770202637,1371554
2007-06-04,23.853090286254883,23.931886672973633,23.739274978637695,23.892488479614258,9.825634002685547,1359218
2007-06-05,23.809314727783203,23.813692092895508,23.34967613220215,23.371564865112305,9.611409187316895,1875264
2007-06-06,23.209596633911133,23.410961151123047,22.732446670532227,22.76308822631836,9.361176490783691,2333971
2007-06-07,22.500438690185547,22.714935302734375,21.778146743774414,21.81754493713379,8.97232723236084,2509642
2007-06-08,21.716861724853516,21.9532470703125,21.633689880371094,21.86132049560547,8.990326881408691,1746195
2007-06-11,21.7650146484375,22.0145320892334,21.677465438842773,21.918228149414062,9.0137300491333,1435745
2007-06-12,21.835054397583008,21.93573760986328,21.476099014282227,21.581159591674805,8.875114440917969,1544026
2007-06-13,21.581159591674805,21.75625991821289,21.484853744506836,21.7037296295166,8.925521850585938,1528264
2007-06-14,21.686220169067383,22.11959457397461,21.686220169067383,22.106460571289062,9.09113883972168,1072983
2007-06-15,22.224653244018555,22.461040496826172,22.224653244018555,22.421642303466797,9.220760345458984,1345740
2007-06-18,22.456663131713867,22.47854995727539,22.20276641845703,22.220277786254883,9.13794994354248,806622
2007-06-19,22.220277786254883,22.220277786254883,21.835054397583008,21.865697860717773,8.992131233215332,1827063
2007-06-20,21.975135803222656,22.31658172607422,21.9532470703125,21.957626342773438,9.029935836791992,1949964
2007-06-21,21.874452590942383,21.97075843811035,21.681842803955078,21.909473419189453,9.0101318359375,1369498
2007-06-22,21.887584686279297,21.909473419189453,21.414813995361328,21.55927276611328,8.86611557006836,1985829
2007-06-25,21.537384033203125,21.97951316833496,21.441078186035156,21.78252410888672,8.957926750183105,1574637
2007-06-26,21.835054397583008,21.975135803222656,21.244089126586914,21.270355224609375,8.747300148010254,1729748
2007-06-27,21.090877532958984,21.611801147460938,20.972684860229492,21.59429168701172,8.880520820617676,2483143
2007-06-28,21.62055778503418,22.154613494873047,21.62055778503418,21.856943130493164,8.988529205322266,1875264
2007-06-29,21.85256576538086,22.29031753540039,21.85256576538086,22.06706428527832,9.074942588806152,2182059
2007-07-02,22.1721248626709,22.732446670532227,22.08457374572754,22.623008728027344,9.303569793701172,1895595
2007-07-03,22.56610107421875,22.911924362182617,22.56610107421875,22.76308822631836,9.361176490783691,942772
2007-07-05,22.75433349609375,23.19208526611328,22.75433349609375,22.9600772857666,9.442184448242188,1421811
2007-07-06,22.903169631958008,22.93381118774414,22.61863136291504,22.679916381835938,9.326972961425781,1500394
2007-07-09,22.811241149902344,23.25337028503418,22.78935432434082,23.187707901000977,9.535797119140625,1147911
2007-07-10,22.828752517700195,23.42409324645996,22.828752517700195,23.1483097076416,9.519594192504883,2047051
2007-07-11,23.1483097076416,23.524776458740234,23.1483097076416,23.375940322875977,9.613204956054688,1810159
2007-07-12,23.533531188964844,23.664857864379883,23.397829055786133,23.498512268066406,9.663614273071289,1726093
2007-07-13,23.454736709594727,23.673612594604492,23.384695053100586,23.56417465209961,9.6906156539917,1279949
2007-07-16,23.52039909362793,23.57292938232422,23.187707901000977,23.24461555480957,9.559199333190918,1589029
2007-07-17,23.19208526611328,23.533531188964844,23.19208526611328,23.27963638305664,9.573602676391602,1170983
2007-07-18,23.19208526611328,23.51164436340332,23.130800247192383,23.45911407470703,9.64741325378418,2120837
2007-07-19,23.546663284301758,23.997549057006836,23.52915382385254,23.923131942749023,9.838238716125488,1160932
2007-07-20,23.88373374938965,24.194536209106445,23.848712921142578,24.015058517456055,9.876042366027832,2042025
2007-07-23,24.067588806152344,24.1507625579834,23.905620574951172,23.905620574951172,9.831036567687988,1427978
2007-07-24,23.76991844177246,23.835580825805664,23.262126922607422,23.292768478393555,9.579002380371094,1531462
2007-07-25,23.41533851623535,23.69112205505371,23.196462631225586,23.533531188964844,9.678013801574707,2921748
2007-07-26,23.257747650146484,23.32341194152832,22.43477439880371,22.732446670532227,9.3485746383667,2578859
2007-07-27,22.719314575195312,22.74557876586914,22.25529670715332,22.31658172607422,9.241618156433105,3419975
2007-07-30,22.338470458984375,22.636140823364258,22.17650032043457,22.452285766601562,9.297815322875977,1956360
2007-07-31,22.653650283813477,22.758710861206055,22.194011688232422,22.215898513793945,9.199925422668457,2910554
2007-08-01,22.115215301513672,22.802486419677734,22.115215301513672,22.69304847717285,9.397517204284668,2232087
2007-08-02,21.668710708618164,21.99702262878418,20.90702247619629,21.239713668823242,8.795675277709961,7958850
2007-08-03,21.677465438842773,21.821922302246094,20.959552764892578,21.038347244262695,8.712285041809082,4361376
2007-08-06,20.749431610107422,21.00770378112793,19.90894889831543,20.90702247619629,8.657902717590332,5120026
2007-08-07,20.727542877197266,21.30975341796875,20.521799087524414,20.815093994140625,8.619831085205078,3821573
2007-08-08,20.893888473510742,21.038347244262695,20.09718132019043,20.661880493164062,8.556382179260254,4491587
2007-08-09,20.154088973999023,20.228506088256836,18.919628143310547,19.10786247253418,7.912845611572266,5069769
2007-08-10,18.691997528076172,19.83890724182129,18.319908142089844,19.655052185058594,8.139440536499023,4055952
2007-08-13,19.83015251159668,21.055856704711914,19.786376953125,20.443004608154297,8.465743064880371,3314436
2007-08-14,20.443004608154297,20.59621810913086,20.00963020324707,20.18035316467285,8.356978416442871,2699019
2007-08-15,20.18035316467285,20.56995391845703,19.6594295501709,19.773244857788086,8.188384056091309,3634709
2007-08-16,19.186656951904297,19.514970779418945,18.665733337402344,19.38364601135254,8.027050018310547,4159207
2007-08-17,19.808265686035156,19.974609375,19.471195220947266,19.860794067382812,8.224644660949707,2322321
2007-08-20,19.869550704956055,20.307302474975586,19.799509048461914,20.11469078063965,8.32978630065918,1448081
2007-08-21,19.961477279663086,20.136579513549805,19.76886749267578,19.825775146484375,8.210140228271484,1366071
2007-08-22,19.98336410522461,20.394851684570312,19.95709991455078,20.316057205200195,8.41317367553711,1584917
2007-08-23,20.403606414794922,20.683767318725586,20.32918930053711,20.56119728088379,8.514687538146973,1237459
2007-08-24,20.574329376220703,20.86324691772461,20.53493309020996,20.718788146972656,8.579949378967285,1470925
2007-08-27,20.57870864868164,20.622482299804688,20.33794403076172,20.377342224121094,8.43854808807373,995770
2007-08-28,20.24163818359375,20.46489143371582,20.136579513549805,20.246015548706055,8.384167671203613,1425009
2007-08-29,20.443004608154297,20.59621810913086,20.215373992919922,20.517423629760742,8.496564865112305,1370183
2007-08-30,20.355453491210938,20.657503128051758,20.210996627807617,20.26790428161621,8.393235206604004,1361959
2007-08-31,20.33794403076172,20.63123893737793,20.167221069335938,20.5086669921875,8.492938995361328,1574180
2007-09-04,20.49115753173828,20.889511108398438,20.46489143371582,20.71441078186035,8.578136444091797,1080521
2007-09-05,20.495534896850586,20.696901321411133,20.394851684570312,20.5086669921875,8.492938995361328,1302336
2007-09-06,20.47364616394043,20.63123893737793,20.37296485900879,20.495534896850586,8.487496376037598,1449223
2007-09-07,20.3204345703125,20.675012588500977,20.250394821166992,20.368587493896484,8.434927940368652,1219413
2007-09-10,20.513044357299805,20.574329376220703,20.06216049194336,20.215373992919922,8.371479034423828,1253907
2007-09-11,20.246015548706055,20.49991226196289,20.14095687866211,20.443004608154297,8.465743064880371,671157
2007-09-12,20.307302474975586,20.832603454589844,20.28541374206543,20.696901321411133,8.57088565826416,1019985
2007-09-13,20.73192024230957,20.924531936645508,20.661880493164062,20.81947135925293,8.62164306640625,1194513
2007-09-14,20.421117782592773,20.53493309020996,20.07967185974121,20.307302474975586,8.409546852111816,2213584
2007-09-17,20.22412872314453,20.3817195892334,20.18035316467285,20.206619262695312,8.367853164672852,1104279
2007-09-18,20.333566665649414,20.53493309020996,20.136579513549805,20.3817195892334,8.4403657913208,1252993
2007-09-19,20.33794403076172,20.63123893737793,20.307302474975586,20.403606414794922,8.449427604675293,1136032
2007-09-20,20.399229049682617,20.679391860961914,20.399229049682617,20.574329376220703,8.520130157470703,1443512
2007-09-21,20.705656051635742,20.788829803466797,20.548065185546875,20.55244255065918,8.511063575744629,1601136
2007-09-24,20.486780166625977,20.600595474243164,20.263526916503906,20.30292320251465,8.407734870910645,1231292
2007-09-25,20.22412872314453,20.281036376953125,19.961477279663086,20.014007568359375,8.288091659545898,1417927
2007-09-26,20.075292587280273,20.670635223388672,20.049028396606445,20.54368782043457,8.507439613342285,1477321
2007-09-27,20.653125762939453,20.81071662902832,20.574329376220703,20.696901321411133,8.57088565826416,1123468
2007-09-28,20.670635223388672,20.854490280151367,20.657503128051758,20.749431610107422,8.592636108398438,1810387
2007-10-01,20.845735549926758,21.32726287841797,20.81947135925293,21.244089126586914,8.797481536865234,1416556
2007-10-02,21.152162551879883,21.353527069091797,20.942041397094727,21.226579666137695,8.790231704711914,1777492
2007-10-03,21.13903045654297,21.182804107666016,20.845735549926758,20.90264320373535,8.656087875366211,1463615
2007-10-04,20.937664031982422,21.020837783813477,20.79320526123047,20.96392822265625,8.681465148925781,930893
2007-10-05,21.06899070739746,21.187183380126953,21.01645851135254,21.143407821655273,8.75578784942627,1014045
2007-10-08,21.08650016784668,21.187183380126953,20.83698081970215,20.920154571533203,8.663337707519531,1052423
2007-10-09,20.942041397094727,21.099632263183594,20.854490280151367,21.099632263183594,8.737664222717285,1045113
2007-10-10,21.012081146240234,21.099632263183594,20.727542877197266,20.867624282836914,8.64158821105957,1538772
2007-10-11,21.012081146240234,21.156539916992188,20.845735549926758,20.99019432067871,8.692347526550293,1722438
2007-10-12,21.099632263183594,21.27473258972168,21.020837783813477,21.147785186767578,8.757606506347656,826039
2007-10-15,21.147785186767578,21.182804107666016,20.81947135925293,20.920154571533203,8.663337707519531,1099482
2007-10-16,20.87200164794922,20.9157772064209,20.653125762939453,20.661880493164062,8.556382179260254,1310103
2007-10-17,20.858869552612305,20.99894905090332,20.53493309020996,20.71441078186035,8.578136444091797,1371554
2007-10-18,20.740676879882812,21.226579666137695,20.727542877197266,21.147785186767578,8.757606506347656,1631975
2007-10-19,21.13465118408203,21.160917282104492,20.90264320373535,20.928909301757812,8.666964530944824,1797137
2007-10-22,20.845735549926758,21.06023406982422,20.63999366760254,20.745052337646484,8.590825080871582,1935801
2007-10-23,20.99019432067871,21.147785186767578,20.710033416748047,20.81071662902832,8.618020057678223,1447853
2007-10-24,20.688146591186523,21.22220230102539,20.688146591186523,21.22220230102539,8.788421630859375,1677206
2007-10-25,21.239713668823242,21.607423782348633,21.147785186767578,21.607423782348633,8.947942733764648,1685887
2007-10-26,21.690597534179688,21.830678939819336,21.598669052124023,21.75625991821289,9.00958251953125,1161389
2007-10-29,21.80003547668457,21.9532470703125,21.6380672454834,21.81754493713379,9.100883483886719,2397706
2007-10-30,21.716861724853516,21.909473419189453,21.668710708618164,21.677465438842773,9.042452812194824,1092400
2007-10-31,21.681842803955078,21.975135803222656,21.581159591674805,21.86132049560547,9.119141578674316,1636544
2007-11-01,22.320959091186523,22.758710861206055,22.215898513793945,22.373489379882812,9.332786560058594,4631164
2007-11-02,22.52232551574707,22.8331298828125,22.185256958007812,22.784975051879883,9.504432678222656,1658246
2007-11-05,22.43915367126465,22.76308822631836,22.4260196685791,22.605497360229492,9.429566383361816,1659845
2007-11-06,22.636140823364258,22.66678237915039,22.347225189208984,22.404132843017578,9.34557056427002,2177947
2007-11-07,22.325336456298828,22.325336456298828,22.001401901245117,22.001401901245117,9.17757797241211,2479259
2007-11-08,22.102083206176758,22.338470458984375,21.98826789855957,22.242164611816406,9.278013229370117,1973493
2007-11-09,21.9532470703125,22.08457374572754,21.835054397583008,21.896339416503906,9.133752822875977,1456077
2007-11-12,21.835054397583008,21.883207321166992,21.314130783081055,21.314130783081055,8.890893936157227,1424095
2007-11-13,21.414813995361328,21.655576705932617,20.99894905090332,21.37103843688965,8.914628028869629,1557961
2007-11-14,21.52425193786621,21.62055778503418,21.13027572631836,21.191560745239258,8.839762687683105,1420897
2007-11-15,21.191560745239258,21.25722312927246,20.911399841308594,21.07774543762207,8.792287826538086,1511587
2007-11-16,21.1040096282959,21.441078186035156,21.003326416015625,21.441078186035156,8.943845748901367,2146422
2007-11-19,21.467344284057617,21.467344284057617,21.125896453857422,21.169673919677734,8.830634117126465,1105193
2007-11-20,21.125896453857422,21.25722312927246,20.893888473510742,21.209070205688477,8.847066879272461,1493769
2007-11-21,21.108386993408203,21.160917282104492,20.87200164794922,20.87200164794922,8.706461906433105,1188116
2007-11-23,20.920154571533203,21.06899070739746,20.76694107055664,20.924531936645508,8.728375434875488,236435
2007-11-26,20.985816955566406,21.30975341796875,20.81071662902832,20.83698081970215,8.69185733795166,757735
2007-11-27,20.889511108398438,20.889511108398438,20.4473819732666,20.565574645996094,8.578641891479492,1097197
2007-11-28,20.565574645996094,20.9157772064209,20.429872512817383,20.55244255065918,8.573162078857422,1806275
2007-11-29,20.390474319458008,20.63123893737793,20.386096954345703,20.403606414794922,8.511076927185059,1139230
2007-11-30,20.45613670349121,20.495534896850586,20.119068145751953,20.355453491210938,8.490992546081543,2042710
2007-12-03,20.254770278930664,20.710033416748047,20.040273666381836,20.653125762939453,8.61515998840332,1319698
2007-12-04,20.517423629760742,20.972684860229492,20.434249877929688,20.83698081970215,8.69185733795166,1422267
2007-12-05,21.06023406982422,21.06023406982422,20.482402801513672,20.49991226196289,8.551249504089355,1541056
2007-12-06,20.421117782592773,20.613727569580078,20.355453491210938,20.47364616394043,8.540291786193848,2221122
2007-12-07,20.443004608154297,20.504289627075195,20.202241897583008,20.27665901184082,8.458126068115234,1083034
2007-12-10,20.215373992919922,20.298547744750977,19.90894889831543,20.057783126831055,8.36682415008545,1240886
2007-12-11,20.027141571044922,20.24163818359375,19.59814453125,19.624408721923828,8.18604850769043,1494454
2007-12-12,20.06216049194336,20.22412872314453,19.773244857788086,19.939590454101562,8.31751823425293,1540371
2007-12-13,19.87392807006836,20.351076126098633,19.852039337158203,20.30292320251465,8.469079971313477,1402165
2007-12-14,20.386096954345703,20.386096954345703,19.80388641357422,19.812641143798828,8.264566421508789,1067957
2007-12-17,19.760112762451172,19.843284606933594,19.58938980102539,19.60689926147461,8.17874526977539,784691
2007-12-18,19.698827743530273,19.75135612487793,19.506216049194336,19.58938980102539,8.171436309814453,970185
2007-12-19,19.51059341430664,19.65067481994629,19.370513916015625,19.388023376464844,8.087442398071289,1059276
2007-12-20,19.567501068115234,19.567501068115234,19.134126663208008,19.42742156982422,8.103877067565918,948483
2007-12-21,19.672561645507812,19.73384666442871,19.182279586791992,19.685693740844727,8.211612701416016,2251048
2007-12-24,19.716337203979492,19.891437530517578,19.602521896362305,19.843284606933594,8.27734661102295,400912
2007-12-26,19.930835723876953,19.930835723876953,19.532480239868164,19.672561645507812,8.206132888793945,991430
2007-12-27,19.694448471069336,19.764490127563477,19.61565399169922,19.746980667114258,8.237175941467285,1284518
2007-12-28,19.970233917236328,19.970233917236328,19.698827743530273,19.817020416259766,8.26639175415039,1451965
2007-12-31,19.75135612487793,19.817020416259766,19.42304229736328,19.59814453125,8.175090789794922,1756704
2008-01-02,19.558746337890625,19.676939010620117,19.414287567138672,19.576255798339844,8.165960311889648,2403189
2008-01-03,19.57187843322754,19.790754318237305,19.532480239868164,19.69007110595703,8.213435173034668,1737972
2008-01-04,19.471195220947266,19.624408721923828,19.37489128112793,19.405532836914062,8.094741821289062,1088973
2008-01-07,19.42742156982422,19.47557258605957,19.147260665893555,19.29609489440918,8.049095153808594,1257791
2008-01-08,19.317983627319336,19.593765258789062,18.989669799804688,19.230432510375977,8.02170467376709,2146651
2008-01-09,19.567501068115234,21.204692840576172,19.479951858520508,21.156539916992188,8.825157165527344,4977936
2008-01-10,20.968307495117188,21.56802749633789,20.968307495117188,21.4498348236084,8.94749927520752,2516495
2008-01-11,21.235334396362305,21.423568725585938,21.012081146240234,21.06023406982422,8.784979820251465,2290796
2008-01-14,21.187183380126953,21.616178512573242,21.121519088745117,21.54176139831543,8.98584270477295,1359218
2008-01-15,21.349151611328125,21.59429168701172,21.235334396362305,21.406057357788086,8.929235458374023,1549052
2008-01-16,21.419191360473633,21.58553695678711,21.156539916992188,21.406057357788086,8.929235458374023,2033801
2008-01-17,21.4498348236084,21.537384033203125,20.79320526123047,20.832603454589844,8.69002914428711,1772694
2008-01-18,21.082122802734375,21.08650016784668,20.5086669921875,20.618104934692383,8.60055160522461,1891026
2008-01-22,19.834529876708984,20.399229049682617,19.834529876708984,20.228506088256836,8.438040733337402,1872294
2008-01-23,19.77762222290039,20.145334243774414,19.471195220947266,20.092802047729492,8.381430625915527,2977487
2008-01-24,20.22412872314453,20.228506088256836,19.65067481994629,20.066537857055664,8.370474815368652,1673323
2008-01-25,20.246015548706055,20.377342224121094,19.738224029541016,19.790754318237305,8.2554349899292,1462701
2008-01-28,19.781999588012695,19.900192260742188,19.58938980102539,19.869550704956055,8.288305282592773,1468184
2008-01-29,19.978988647460938,20.06216049194336,19.799509048461914,19.935213088989258,8.385900497436523,1076409
2008-01-30,19.80388641357422,20.394851684570312,19.746980667114258,19.92207908630371,8.380375862121582,1071612
2008-01-31,19.65067481994629,20.679391860961914,19.628786087036133,20.574329376220703,8.654753684997559,2388340
2008-02-01,20.574329376220703,21.042724609375,20.47364616394043,20.920154571533203,8.800224304199219,1411988
2008-02-04,20.920154571533203,21.598669052124023,20.9157772064209,21.384170532226562,8.995418548583984,1359218
2008-02-05,21.042724609375,21.064611434936523,20.600595474243164,20.666257858276367,8.693421363830566,1544026
2008-02-06,20.73192024230957,20.788829803466797,20.175975799560547,20.263526916503906,8.524006843566895,1273096
2008-02-07,20.110313415527344,20.429872512817383,20.031518936157227,20.399229049682617,8.581092834472656,1695253
2008-02-08,20.31167984008789,20.60497283935547,20.219751358032227,20.54368782043457,8.64185905456543,932949
2008-02-11,20.59621810913086,20.89826774597168,20.539310455322266,20.705656051635742,8.709993362426758,1554306
2008-02-12,20.644371032714844,20.788829803466797,20.421117782592773,20.513044357299805,8.628971099853516,1184918
2008-02-13,20.63999366760254,20.841358184814453,20.47364616394043,20.705656051635742,8.709993362426758,1090573
2008-02-14,20.718788146972656,20.924531936645508,20.41674041748047,20.59621810913086,8.663956642150879,855965
2008-02-15,20.478025436401367,20.679391860961914,20.403606414794922,20.56995391845703,8.652911186218262,706108
2008-02-19,20.77569580078125,21.047101974487305,20.701278686523438,20.823848724365234,8.75971508026123,856650
2008-02-20,20.885133743286133,21.147785186767578,20.565574645996094,21.082122802734375,8.868355751037598,796113
2008-02-21,21.165294647216797,21.169673919677734,20.57870864868164,20.657503128051758,8.689738273620605,1110675
2008-02-22,20.745052337646484,20.924531936645508,20.46489143371582,20.858869552612305,8.774441719055176,1451279
2008-02-25,20.96392822265625,21.471721649169922,20.911399841308594,21.397302627563477,9.000940322875977,1193371
2008-02-26,21.4498348236084,21.751882553100586,21.156539916992188,21.270355224609375,8.94753646850586,1952705
2008-02-27,21.13903045654297,21.156539916992188,20.854490280151367,21.03396987915039,8.848101615905762,1811986
2008-02-28,20.968307495117188,21.26597785949707,20.942041397094727,21.121519088745117,8.884928703308105,1483946
2008-02-29,20.942041397094727,20.942041397094727,20.228506088256836,20.386096954345703,8.575571060180664,2455273
2008-03-03,20.386096954345703,20.79320526123047,20.355453491210938,20.71441078186035,8.713672637939453,2156474
2008-03-04,20.54368782043457,20.876379013061523,20.49115753173828,20.705656051635742,8.709993362426758,2838139
2008-03-05,20.740676879882812,20.99019432067871,20.574329376220703,20.977062225341797,8.8241605758667,1526436
2008-03-06,20.823848724365234,20.972684860229492,20.626859664916992,20.736297607421875,8.722880363464355,1378864
2008-03-07,20.618104934692383,20.780073165893555,20.40798568725586,20.688146591186523,8.702630043029785,1203193
2008-03-10,20.679391860961914,20.679391860961914,20.18035316467285,20.197864532470703,8.49638557434082,1240429
2008-03-11,20.626859664916992,20.626859664916992,20.049028396606445,20.386096954345703,8.575571060180664,1932374
2008-03-12,20.386096954345703,21.012081146240234,20.37296485900879,20.893888473510742,8.78917407989502,2902787
2008-03-13,20.600595474243164,21.261600494384766,20.574329376220703,21.13465118408203,8.890451431274414,2148707
2008-03-14,21.296621322631836,21.30099868774414,20.37296485900879,20.613727569580078,8.671324729919434,1679719
2008-03-17,20.119068145751953,20.307302474975586,19.646297454833984,19.970233917236328,8.400633811950684,2107359
2008-03-18,20.263526916503906,20.657503128051758,20.07091522216797,20.451759338378906,8.603189468383789,1512501
2008-03-19,20.443004608154297,20.670635223388672,19.716337203979492,19.716337203979492,8.293829917907715,1471382
2008-03-20,19.698827743530273,19.698827743530273,19.212921142578125,19.431798934936523,8.174135208129883,3463379
2008-03-24,19.431798934936523,19.73384666442871,19.431798934936523,19.58938980102539,8.240424156188965,1437573
2008-03-25,19.58938980102539,19.87392807006836,19.58938980102539,19.720714569091797,8.295670509338379,1379778
2008-03-26,19.655052185058594,19.825775146484375,19.628786087036133,19.77762222290039,8.319605827331543,1207534
2008-03-27,19.817020416259766,20.040273666381836,19.61565399169922,19.655052185058594,8.268048286437988,1073211
2008-03-28,19.711959838867188,19.75135612487793,19.085973739624023,19.256698608398438,8.10047721862793,2473777
2008-03-31,19.26107406616211,19.54561424255371,19.186656951904297,19.5368595123291,8.218331336975098,2713639
2008-04-01,19.694448471069336,20.027141571044922,19.558746337890625,19.970233917236328,8.400633811950684,1616441
2008-04-02,19.943967819213867,20.210996627807617,19.852039337158203,20.05340576171875,8.43561840057373,1173039
2008-04-03,19.961477279663086,20.237260818481445,19.961477279663086,20.119068145751953,8.463241577148438,1253450
2008-04-04,20.119068145751953,20.79320526123047,20.05340576171875,20.14095687866211,8.472451210021973,2070123
2008-04-07,20.272281646728516,20.438627243041992,20.18035316467285,20.2591495513916,8.522164344787598,687604
2008-04-08,20.2591495513916,20.574329376220703,20.162843704223633,20.517423629760742,8.630813598632812,879037
2008-04-09,20.57870864868164,20.924531936645508,20.57870864868164,20.850114822387695,8.770760536193848,1622152
2008-04-10,20.81071662902832,20.81071662902832,20.31167984008789,20.451759338378906,8.603189468383789,1206163
2008-04-11,20.5086669921875,20.56995391845703,20.07967185974121,20.145334243774414,8.474286079406738,1311017
2008-04-14,20.101558685302734,20.71441078186035,20.101558685302734,20.58746337890625,8.660274505615234,1262359
2008-04-15,20.740676879882812,20.90264320373535,20.60497283935547,20.876379013061523,8.781808853149414,1085090
2008-04-16,20.99019432067871,21.502363204956055,20.94641876220703,21.4498348236084,9.023036003112793,1780004
2008-04-17,21.423568725585938,21.48923110961914,21.204692840576172,21.375415802001953,8.991731643676758,1277208
2008-04-18,21.725616455078125,21.725616455078125,21.344772338867188,21.43670082092285,9.017512321472168,1000339
2008-04-21,21.471721649169922,21.55051612854004,21.160917282104492,21.30975341796875,8.964111328125,823069
2008-04-22,21.191560745239258,21.357906341552734,21.121519088745117,21.270355224609375,8.94753646850586,1057220
2008-04-23,21.366661071777344,21.668710708618164,21.270355224609375,21.62055778503418,9.094853401184082,966301
2008-04-24,21.59429168701172,21.651199340820312,21.090877532958984,21.441078186035156,9.019356727600098,1107706
2008-04-25,21.49798583984375,21.616178512573242,21.279109954833984,21.476099014282227,9.034088134765625,712047
2008-04-28,21.471721649169922,21.471721649169922,21.226579666137695,21.31850814819336,9.037797927856445,1070470
2008-04-29,21.270355224609375,21.30099868774414,20.968307495117188,21.073366165161133,8.933870315551758,1453564
2008-04-30,21.226579666137695,21.270355224609375,20.76694107055664,21.064611434936523,8.930160522460938,1390286
2008-05-01,20.64874839782715,21.156539916992188,20.386096954345703,20.806339263916016,8.820670127868652,2133858
2008-05-02,20.920154571533203,21.174049377441406,20.75818634033203,20.90264320373535,8.86149787902832,1411759
2008-05-05,20.90264320373535,21.458589553833008,20.797584533691406,21.414813995361328,9.078624725341797,1979661
2008-05-06,21.32726287841797,21.642444610595703,21.2922420501709,21.423568725585938,9.0823392868042,1055164
2008-05-07,21.336017608642578,21.830678939819336,21.30099868774414,21.58553695678711,9.151002883911133,1805818
2008-05-08,21.708106994628906,21.78252410888672,21.21344757080078,21.476099014282227,9.104608535766602,1821809
2008-05-09,21.331640243530273,21.471721649169922,21.112764358520508,21.379793167114258,9.063779830932617,1109533
2008-05-12,21.379793167114258,21.616178512573242,21.331640243530273,21.59429168701172,9.154716491699219,1844881
2008-05-13,21.55927276611328,21.786901473999023,21.357906341552734,21.786901473999023,9.236371040344238,1409246
2008-05-14,21.734371185302734,21.887584686279297,21.699352264404297,21.843809127807617,9.260494232177734,1201823
2008-05-15,21.887584686279297,21.93573760986328,21.646821975708008,21.769392013549805,9.2289457321167,1725864
2008-05-16,21.48923110961914,22.154613494873047,21.48923110961914,22.09332847595215,9.3662748336792,1321297
2008-05-19,22.001401901245117,22.242164611816406,21.883207321166992,21.98826789855957,9.321735382080078,1787543
2008-05-20,21.931360244750977,22.46979522705078,21.931360244750977,22.163368225097656,9.395970344543457,1590628
2008-05-21,22.1721248626709,22.320959091186523,21.93573760986328,22.010156631469727,9.331015586853027,1340714
2008-05-22,22.0145320892334,22.220277786254883,21.843809127807617,21.98826789855957,9.321735382080078,1167557
2008-05-23,22.018911361694336,22.08457374572754,21.5767822265625,21.738750457763672,9.215956687927246,978409
2008-05-27,21.725616455078125,22.03204345703125,21.725616455078125,22.03204345703125,9.340298652648926,1493541
2008-05-28,22.03204345703125,22.15899085998535,21.870075225830078,21.99702262878418,9.325447082519531,1791426
2008-05-29,22.062686920166016,22.21152114868164,21.99702262878418,22.102083206176758,9.369985580444336,1562301
2008-05-30,22.294694900512695,22.294694900512695,21.664331436157227,21.913850784301758,9.290185928344727,5255262
2008-06-02,21.81754493713379,22.03204345703125,21.668710708618164,21.94011688232422,9.301325798034668,1352365
2008-06-03,21.975135803222656,22.180879592895508,21.690597534179688,21.85256576538086,9.264205932617188,1894681
2008-06-04,21.81754493713379,21.874452590942383,21.55927276611328,21.668710708618164,9.186263084411621,1215529
2008-06-05,21.870075225830078,22.062686920166016,21.708106994628906,21.93573760986328,9.299466133117676,1910672
2008-06-06,21.729995727539062,22.189634323120117,21.729995727539062,21.821922302246094,9.251216888427734,1504963
2008-06-09,21.931360244750977,22.137104034423828,21.821922302246094,21.97075843811035,9.314313888549805,1811072
2008-06-10,21.821922302246094,21.957626342773438,21.71248435974121,21.8262996673584,9.253068923950195,1398967
2008-06-11,21.856943130493164,22.11959457397461,21.769392013549805,21.865697860717773,9.269771575927734,1436659
2008-06-12,21.93573760986328,21.975135803222656,21.5767822265625,21.6380672454834,9.173274993896484,1157505
2008-06-13,21.62493324279785,21.646821975708008,21.244089126586914,21.458589553833008,9.097183227539062,1748480
2008-06-16,21.48047637939453,21.528629302978516,21.340396881103516,21.49798583984375,9.113883018493652,1634260
2008-06-17,21.51549530029297,21.81754493713379,21.419191360473633,21.77376937866211,9.230801582336426,1211189
2008-06-18,21.708106994628906,22.071441650390625,21.598669052124023,21.7037296295166,9.20111083984375,1660759
2008-06-19,21.677465438842773,21.778146743774414,21.239713668823242,21.331640243530273,9.043362617492676,1114102
2008-06-20,21.25722312927246,21.56802749633789,21.226579666137695,21.235334396362305,9.00253963470459,1772009
2008-06-23,21.287866592407227,21.673086166381836,21.187183380126953,21.53300666809082,9.12873363494873,965844
2008-06-24,21.397302627563477,21.53300666809082,21.08650016784668,21.28348731994629,9.022948265075684,1136032
2008-06-25,21.392925262451172,21.484853744506836,21.108386993408203,21.397302627563477,9.07120418548584,1131920
2008-06-26,21.235334396362305,21.401681900024414,21.055856704711914,21.055856704711914,8.9264497756958,1121869
2008-06-27,20.994571685791016,21.147785186767578,20.893888473510742,20.893888473510742,8.857784271240234,1522324
2008-06-30,20.841358184814453,21.537384033203125,20.63999366760254,21.375415802001953,9.061920166015625,1325409
2008-07-01,21.187183380126953,21.633689880371094,21.125896453857422,21.5767822265625,9.147292137145996,1638372
2008-07-02,21.58553695678711,21.909473419189453,21.48923110961914,21.708106994628906,9.202964782714844,1862928
2008-07-03,21.725616455078125,21.77376937866211,20.81947135925293,20.850114822387695,8.839225769042969,1250252
2008-07-07,20.89826774597168,20.968307495117188,20.32918930053711,20.53493309020996,8.705608367919922,2418266
2008-07-08,20.521799087524414,20.52617835998535,19.843284606933594,20.189109802246094,8.55899715423584,1750079
2008-07-09,20.22412872314453,20.710033416748047,20.215373992919922,20.31167984008789,8.610958099365234,1421354
2008-07-10,20.359832763671875,20.727542877197266,20.333566665649414,20.626859664916992,8.744577407836914,1854247
2008-07-11,20.556819915771484,20.889511108398438,20.47364616394043,20.832603454589844,8.831803321838379,1716727
2008-07-14,20.972684860229492,20.99019432067871,20.574329376220703,20.6356143951416,8.748291015625,1225352
2008-07-15,20.486780166625977,20.696901321411133,20.07967185974121,20.14971160888672,8.54229736328125,1573495
2008-07-16,20.171598434448242,20.30292320251465,19.891437530517578,20.05340576171875,8.501469612121582,1563215
2008-07-17,19.970233917236328,20.05340576171875,19.58938980102539,19.82139778137207,8.40311336517334,1590399
2008-07-18,19.773244857788086,20.193485260009766,19.773244857788086,19.99212074279785,8.475488662719727,1618726
2008-07-21,20.09718132019043,20.3817195892334,19.887060165405273,20.333566665649414,8.620241165161133,1658703
2008-07-22,20.250394821166992,20.364208221435547,19.974609375,20.022762298583984,8.488475799560547,1655733
2008-07-23,19.996498107910156,20.127822875976562,19.808265686035156,19.895814895629883,8.434659957885742,1409475
2008-07-24,19.825775146484375,20.11469078063965,19.58063316345215,19.790754318237305,8.390119552612305,1323124
2008-07-25,19.82139778137207,19.92645835876465,19.567501068115234,19.663806915283203,8.33630084991455,1729062
2008-07-28,19.672561645507812,19.900192260742188,19.576255798339844,19.773244857788086,8.38269329071045,856650
2008-07-29,19.755735397338867,19.755735397338867,19.453685760498047,19.593765258789062,8.38082218170166,1440543
2008-07-30,19.69007110595703,20.11469078063965,19.641918182373047,20.11469078063965,8.603636741638184,1440543
2008-07-31,20.049028396606445,20.049028396606445,19.703203201293945,19.90894889831543,8.515636444091797,1570525
2008-08-01,19.90894889831543,19.98336410522461,19.628786087036133,19.694448471069336,8.423890113830566,1254364
2008-08-04,19.73384666442871,19.764490127563477,19.28734016418457,19.523725509643555,8.350865364074707,1168927
2008-08-05,19.58063316345215,19.970233917236328,19.33111572265625,19.834529876708984,8.483807563781738,1727006
2008-08-06,19.935213088989258,20.394851684570312,19.92645835876465,20.342321395874023,8.70100212097168,1774979
2008-08-07,20.228506088256836,20.281036376953125,19.1910343170166,19.26107406616211,8.238523483276367,3567091
2008-08-08,19.26107406616211,19.353002548217773,18.954648971557617,19.10786247253418,8.172989845275879,2371893
2008-08-11,19.195411682128906,19.195411682128906,18.473121643066406,18.902118682861328,8.08498764038086,2339454
2008-08-12,18.93276023864746,19.037822723388672,18.709508895874023,18.80581283569336,8.043792724609375,2462126
2008-08-13,18.818946838378906,19.26983070373535,18.678865432739258,19.239187240600586,8.229165077209473,1449452
2008-08-14,19.230432510375977,19.309228897094727,18.635089874267578,18.836456298828125,8.056902885437012,2059615
2008-08-15,18.845211029052734,18.989669799804688,18.29802131652832,18.451234817504883,7.892130374908447,1669668
2008-08-18,18.4687442779541,18.58255958557129,18.429346084594727,18.569427490234375,7.942685604095459,2120152
2008-08-19,18.486255645751953,18.888986587524414,18.486255645751953,18.888986587524414,8.07936954498291,1792569
2008-08-20,18.915250778198242,19.1253719329834,18.888986587524414,19.0640869140625,8.154265403747559,1852420
2008-08-21,19.02906608581543,19.2523193359375,19.02906608581543,19.173524856567383,8.201072692871094,1230149
2008-08-22,19.217300415039062,19.326738357543945,19.02031135559082,19.221677780151367,8.221675872802734,1147683
2008-08-25,19.11661720275879,19.151636123657227,18.906496047973633,18.959026336669922,8.10932731628418,1308733
2008-08-26,19.059709548950195,19.282962799072266,18.998424530029297,19.068464279174805,8.15613842010498,1442370
2008-08-27,19.698827743530273,19.698827743530273,19.05533218383789,19.09910774230957,8.169243812561035,2733970
2008-08-28,19.217300415039062,19.344247817993164,18.910873413085938,19.142881393432617,8.187969207763672,1938999
2008-08-29,19.182279586791992,19.24356460571289,19.024688720703125,19.134126663208008,8.184223175048828,1658931
2008-09-02,18.823322296142578,19.230432510375977,18.783926010131836,18.86709976196289,8.070009231567383,1680176
2008-09-03,18.845211029052734,18.963403701782227,18.775171279907227,18.92400550842285,8.094346046447754,2293309
2008-09-04,18.89336395263672,19.02031135559082,18.648223876953125,18.705129623413086,8.000728607177734,1700736
2008-09-05,18.656978607177734,18.656978607177734,18.179828643798828,18.473121643066406,7.901494026184082,2265439
2008-09-08,18.652599334716797,18.810190200805664,18.179828643798828,18.38557243347168,7.864043712615967,1537401
2008-09-09,18.38557243347168,18.464366912841797,17.453161239624023,17.457538604736328,7.467095375061035,2004561
2008-09-10,17.588863372802734,18.11854362487793,17.518823623657227,18.048503875732422,7.719870567321777,2212670
2008-09-11,17.85151481628418,17.94344139099121,17.431272506713867,17.57573127746582,7.517653465270996,2555558
2008-09-12,17.25617218017578,18.09227752685547,17.25617218017578,17.94344139099121,7.674933910369873,1668297
2008-09-15,17.39625358581543,17.5582218170166,16.634565353393555,16.8359317779541,7.201217174530029,2679601
2008-09-16,16.57765769958496,16.910348892211914,16.039222717285156,16.892837524414062,7.225561141967773,3658923
2008-09-17,16.669584274291992,16.82717514038086,16.201190948486328,16.227455139160156,6.940956115722656,3403299
2008-09-18,16.144283294677734,16.24058723449707,14.922956466674805,15.973560333251953,6.832355976104736,5707117
2008-09-19,20.123445510864258,20.123445510864258,16.08737564086914,16.68271827697754,7.135684967041016,3976684
2008-09-22,16.708982467651367,16.840307235717773,16.153038024902344,16.253721237182617,6.95219087600708,1618726
2008-09-23,16.218700408935547,16.547014236450195,15.973560333251953,16.153038024902344,6.909125804901123,1959787
2008-09-24,16.227455139160156,16.284364700317383,15.868498802185059,15.964804649353027,6.828610897064209,1078694
2008-09-25,16.056732177734375,16.144283294677734,15.890386581420898,15.977936744689941,6.834232330322266,2432201
2008-09-26,15.815969467163086,15.995447158813477,15.592716217041016,15.868498802185059,6.78741979598999,1942654
2008-09-29,15.623357772827148,15.623357772827148,14.445805549621582,14.625285148620605,6.255660533905029,1923236
2008-09-30,14.8091402053833,15.089301109313965,14.695324897766113,15.058658599853516,6.441027641296387,2401361
2008-10-01,14.931711196899414,15.124320983886719,14.730344772338867,15.036770820617676,6.43166446685791,1698680
2008-10-02,14.962352752685547,14.979863166809082,14.331991195678711,14.331991195678711,6.130208969116211,2072865
2008-10-03,14.397653579711914,15.312555313110352,14.257573127746582,14.625285148620605,6.255660533905029,3593361
2008-10-06,14.432674407958984,14.432674407958984,12.734196662902832,13.473998069763184,5.763221263885498,3236995
2008-10-07,13.622833251953125,13.973033905029297,12.712309837341309,12.716687202453613,5.439297676086426,3581254
2008-10-08,12.506566047668457,12.764840126037598,11.477849960327148,12.222027778625488,5.227717876434326,3869545
2008-10-09,12.235159873962402,12.572229385375977,10.921904563903809,10.921904563903809,4.671615123748779,3244533
2008-10-10,10.527929306030273,10.6636323928833,9.43792724609375,10.142706871032715,4.338332176208496,4491359
2008-10-13,10.611101150512695,13.189458847045898,10.558570861816406,13.189458847045898,5.641517162322998,4608549
2008-10-14,13.491507530212402,14.568376541137695,12.300823211669922,12.909297943115234,5.5216851234436035,4851609
2008-10-15,12.664156913757324,12.68166732788086,11.477849960327148,11.486604690551758,4.9131550788879395,3884622
2008-10-16,11.609174728393555,12.055682182312012,11.15829086303711,11.88495922088623,5.083542823791504,3820887
2008-10-17,11.86307144165039,13.031867980957031,11.3859224319458,12.217650413513184,5.2258453369140625,3336823
2008-10-20,12.462791442871094,13.723516464233398,12.462791442871094,13.679740905761719,5.851222991943359,2798618
2008-10-21,13.500263214111328,13.824198722839355,13.132551193237305,13.237611770629883,5.662111282348633,2737168
2008-10-22,12.92680835723877,13.045001029968262,12.30519962310791,12.756085395812988,5.456149101257324,2149620
2008-10-23,12.865523338317871,13.167571067810059,11.657327651977539,12.357730865478516,5.285762310028076,4283022
2008-10-24,11.744877815246582,12.143232345581055,11.482227325439453,11.950621604919434,5.111629009246826,2531115
2008-10-27,11.731745719909668,11.876203536987305,11.272106170654297,11.293993949890137,4.830770015716553,1875721
2008-10-28,11.521624565124512,12.992470741271973,11.407809257507324,12.992470741271973,5.557257175445557,3502214
2008-10-29,13.053755760192871,13.167571067810059,12.432147979736328,12.742952346801758,5.524991989135742,3306897
2008-10-30,12.922430038452148,13.968656539916992,12.922430038452148,13.86359691619873,6.010872840881348,2053676
2008-10-31,13.754158973693848,14.165644645690918,13.325161933898926,13.964279174804688,6.054524898529053,2811183
2008-11-03,13.89423942565918,13.994921684265137,13.460865020751953,13.64909839630127,5.917870998382568,1864299
2008-11-04,13.898616790771484,14.038697242736816,13.13692855834961,13.482752799987793,5.845747947692871,2068067
2008-11-05,13.338294982910156,13.994921684265137,13.338294982910156,13.570302963256836,5.883708953857422,4061892
2008-11-06,14.008054733276367,14.235686302185059,12.43652629852295,12.7035551071167,5.507910251617432,3064523
2008-11-07,13.075642585754395,13.320783615112305,12.56347370147705,13.09753131866455,5.6787285804748535,2537512
2008-11-10,12.983716011047363,13.684118270874023,12.432147979736328,12.620382308959961,5.471848964691162,2907584
2008-11-11,12.432147979736328,12.699176788330078,12.14760971069336,12.335843086242676,5.348480701446533,2073321
2008-11-12,12.07319164276123,12.217650413513184,11.407809257507324,11.495360374450684,4.984068870544434,2196222
2008-11-13,11.709857940673828,12.397128105163574,11.026966094970703,12.397128105163574,5.375053405761719,2715238
2008-11-14,12.401506423950195,12.401506423950195,11.543513298034668,11.766765594482422,5.10174560546875,2479945
2008-11-17,11.552268028259277,12.322710990905762,11.552268028259277,11.736123085021973,5.088459491729736,2023293
2008-11-18,11.766765594482422,12.217650413513184,11.442830085754395,11.972509384155273,5.190949440002441,2012785
2008-11-19,11.898091316223145,12.30519962310791,11.687971115112305,11.762388229370117,5.099846839904785,3177372
2008-11-20,11.569778442382812,11.666083335876465,10.291543006896973,10.36158275604248,4.492496490478516,2775546
2008-11-21,10.576081275939941,11.37278938293457,10.317808151245117,11.3377685546875,4.915744304656982,2855500
2008-11-24,11.473471641540527,12.213273048400879,11.167045593261719,11.976886749267578,5.192850589752197,3035282
2008-11-25,12.042549133300781,12.410261154174805,11.84118366241455,12.1082124710083,5.2497878074646,2365268
2008-11-26,12.020662307739258,12.646647453308105,11.692347526550293,12.585362434387207,5.456665515899658,1840770
2008-11-28,12.68166732788086,12.843634605407715,12.366485595703125,12.843634605407715,5.56864595413208,859391
2008-12-01,12.576606750488281,12.668534278869629,11.298372268676758,11.324637413024902,4.910051345825195,2472863
2008-12-02,11.504115104675293,11.84118366241455,11.228330612182617,11.819295883178711,5.124519348144531,1901078
2008-12-03,11.657327651977539,12.1082124710083,11.486604690551758,12.081947326660156,5.238399982452393,2054361
2008-12-04,11.88495922088623,11.954998970031738,10.943793296813965,11.1495361328125,4.834130764007568,1781147
2008-12-05,11.009454727172852,11.561022758483887,10.589214324951172,11.561022758483887,5.012539863586426,2237113
2008-12-08,11.990018844604492,12.36210823059082,11.88495922088623,12.1082124710083,5.2497878074646,2002277
2008-12-09,12.1082124710083,12.580984115600586,11.709857940673828,11.814919471740723,5.122622966766357,1972808
2008-12-10,11.972509384155273,12.541585922241211,11.86307144165039,12.506566047668457,5.422502040863037,2429688
2008-12-11,12.541585922241211,13.150060653686523,11.976886749267578,12.178252220153809,5.280153274536133,2186856
2008-12-12,11.937488555908203,12.134476661682129,11.797409057617188,12.007529258728027,5.20613431930542,2424205
2008-12-15,12.134476661682129,12.200139999389648,11.819295883178711,11.919979095458984,5.168172836303711,2138427
2008-12-16,12.208894729614258,12.61600399017334,12.090702056884766,12.60724925994873,5.466156005859375,2080860
2008-12-17,12.432147979736328,12.721064567565918,12.401506423950195,12.497811317443848,5.418707370758057,1838257
2008-12-18,12.519699096679688,12.690422058105469,12.011906623840332,12.156365394592285,5.270665168762207,1904276
2008-12-19,12.261425018310547,12.348976135253906,11.836806297302246,12.029417037963867,5.2156243324279785,4119915
2008-12-22,12.169496536254883,12.235159873962402,11.775521278381348,12.090702056884766,5.242194175720215,2389711
2008-12-23,12.134476661682129,12.226405143737793,11.722990989685059,11.84118366241455,5.134011268615723,1645682
2008-12-24,11.832428932189941,12.038171768188477,11.709857940673828,11.981264114379883,5.194746017456055,518787
2008-12-26,11.990018844604492,12.165120124816895,11.845561027526855,12.156365394592285,5.270665168762207,654252
2008-12-29,12.248292922973633,12.292067527770996,11.950621604919434,12.12572193145752,5.257378578186035,1409475
2008-12-30,12.14760971069336,12.519699096679688,12.095080375671387,12.458414077758789,5.401622772216797,2545964
2008-12-31,12.471546173095703,12.799860000610352,12.344597816467285,12.747329711914062,5.526890754699707,1921409
2009-01-02,12.79548168182373,13.478375434875488,12.725441932678223,13.395201683044434,5.807791233062744,1578064
2009-01-05,13.307652473449707,13.530904769897461,13.272631645202637,13.478375434875488,5.843851566314697,1992911
2009-01-06,13.609701156616211,13.89423942565918,13.460865020751953,13.60532283782959,5.898892879486084,1905646
2009-01-07,13.460865020751953,13.544037818908691,13.066887855529785,13.167571067810059,5.709094524383545,1908159
2009-01-08,13.189458847045898,13.3645601272583,13.031867980957031,13.263876914978027,5.750850677490234,1794625
2009-01-09,13.312028884887695,13.312028884887695,12.769216537475586,12.88303279876709,5.585728168487549,2166525
2009-01-12,12.756085395812988,12.988093376159668,12.62913703918457,12.756085395812988,5.53068733215332,1782289
2009-01-13,12.62913703918457,12.931184768676758,12.541585922241211,12.865523338317871,5.578136920928955,1843739
2009-01-14,12.672911643981934,12.672911643981934,12.20451831817627,12.292067527770996,5.329501152038574,1917525
2009-01-15,12.230783462524414,12.379617691040039,11.84118366241455,12.348976135253906,5.354175567626953,2792907
2009-01-16,12.502188682556152,12.817370414733887,12.30519962310791,12.506566047668457,5.422502040863037,2391767
2009-01-20,12.528453826904297,12.777972221374512,12.038171768188477,12.07319164276123,5.2346038818359375,2605130
2009-01-21,12.134476661682129,12.751707077026367,12.112589836120605,12.690422058105469,5.502218246459961,3343448
2009-01-22,12.480300903320312,12.979337692260742,12.064436912536621,12.672911643981934,5.49462366104126,2797248
2009-01-23,12.497811317443848,13.031867980957031,12.309577941894531,12.878655433654785,5.583829402923584,1965726
2009-01-26,12.970582962036133,13.61845588684082,12.909297943115234,13.368936538696289,5.796401023864746,2189597
2009-01-27,13.395201683044434,13.736648559570312,13.241989135742188,13.60532283782959,5.898892879486084,2360699
2009-01-28,13.657853126525879,13.657853126525879,13.255122184753418,13.465243339538574,5.91427755355835,3037338
2009-01-29,13.37331485748291,13.386446952819824,13.031867980957031,13.132551193237305,5.76814603805542,1609131
2009-01-30,13.198213577270508,13.35142707824707,12.69480037689209,12.791105270385742,5.618175983428955,2839966
2009-02-02,12.712309837341309,12.961828231811523,12.60724925994873,12.8917875289917,5.662397861480713,2858013
2009-02-03,12.900543212890625,13.009981155395508,12.62475872039795,12.966205596923828,5.6950860023498535,2356359
2009-02-04,12.554718971252441,12.830503463745117,12.462791442871094,12.61600399017334,5.5412678718566895,3695017
2009-02-05,12.502188682556152,12.791105270385742,12.405882835388184,12.68166732788086,5.5701093673706055,2901188
2009-02-06,12.156365394592285,12.475923538208008,12.156365394592285,12.278935432434082,5.39321756362915,6603287
2009-02-09,12.340221405029297,12.43652629852295,12.182629585266113,12.278935432434082,5.39321756362915,3916147
2009-02-10,12.217650413513184,12.410261154174805,11.775521278381348,11.88495922088623,5.2201738357543945,3140822
2009-02-11,11.976886749267578,12.226405143737793,11.89371395111084,12.095080375671387,5.312465667724609,2823975
2009-02-12,11.898091316223145,12.230783462524414,11.705480575561523,12.230783462524414,5.3720703125,1936943
2009-02-13,12.11696720123291,12.37524127960205,11.013833045959473,12.222027778625488,5.368223667144775,2618151
2009-02-17,11.801786422729492,12.007529258728027,11.508492469787598,11.543513298034668,5.070202350616455,2311584
2009-02-18,11.64857292175293,11.64857292175293,11.10576057434082,11.184556007385254,4.912539958953857,2489539
2009-02-19,11.197689056396484,11.32901382446289,10.991945266723633,11.057607650756836,4.856781959533691,2275491
2009-02-20,10.952548027038574,11.031343460083008,10.335317611694336,10.654876708984375,4.6798906326293945,2547563
2009-02-23,10.759937286376953,10.768692016601562,10.077043533325195,10.11644172668457,4.44339656829834,2300391
2009-02-24,10.243390083312988,10.243390083312988,9.157766342163086,9.704955101013184,4.262662410736084,9302305
2009-02-25,9.648048400878906,10.230257034301758,9.63929271697998,10.037647247314453,4.408788681030273,4468286
2009-02-26,10.18210506439209,10.287164688110352,9.932585716247559,9.932585716247559,4.362641334533691,3014723
2009-02-27,9.783750534057617,10.239011764526367,9.551741600036621,9.779373168945312,4.295348167419434,3009240
2009-03-02,9.599894523620605,9.656803131103516,8.899492263793945,8.956399917602539,3.9338769912719727,2911011
2009-03-03,9.109613418579102,9.214673042297363,8.70250415802002,8.733146667480469,3.835818290710449,3441677
2009-03-04,8.956399917602539,9.048328399658203,8.781298637390137,8.8732271194458,3.897343873977661,2868750
2009-03-05,8.829451560974121,8.829451560974121,8.374190330505371,8.431097984313965,3.703150510787964,3190393
2009-03-06,8.492383003234863,8.706880569458008,8.032744407653809,8.286640167236328,3.639702081680298,2819863
2009-03-09,8.181578636169434,8.378567695617676,7.923305988311768,7.962704181671143,3.4974210262298584,2770292
2009-03-10,8.124671936035156,8.352302551269531,8.076519012451172,8.21660041809082,3.6089377403259277,3240193
2009-03-11,8.282261848449707,8.387323379516602,8.1509370803833,8.269129753112793,3.6320109367370605,2616323
2009-03-12,8.238487243652344,8.601820945739746,8.111538887023926,8.549290657043457,3.755064010620117,2694907
2009-03-13,8.641219139099121,8.820696830749512,8.606199264526367,8.790054321289062,3.8608126640319824,2256302
2009-03-16,8.930134773254395,9.249693870544434,8.855716705322266,8.952021598815918,3.9319539070129395,2068067
2009-03-17,8.973910331726074,9.363509178161621,8.89511489868164,9.35037612915039,4.106921672821045,2024207
2009-03-18,9.324110984802246,9.704955101013184,9.118368148803711,9.578006744384766,4.206902027130127,2075834
2009-03-19,9.731220245361328,10.015759468078613,9.648048400878906,9.919453620910645,4.356875419616699,1970067
2009-03-20,9.919453620910645,10.059534072875977,9.68306827545166,9.687444686889648,4.254971027374268,2322321
2009-03-23,9.897565841674805,10.287164688110352,9.897565841674805,10.252144813537598,4.503000736236572,2878801
2009-03-24,10.138330459594727,10.287164688110352,9.976361274719238,10.011382102966309,4.397251129150391,2426490
2009-03-25,10.081421852111816,10.41411304473877,9.893189430236816,10.230257034301758,4.493386268615723,1818611
2009-03-26,10.34844970703125,10.43600082397461,10.028891563415527,10.344073295593262,4.543379306793213,2208786
2009-03-27,10.072667121887207,10.177726745605469,9.958850860595703,10.028891563415527,4.404942035675049,1171669
2009-03-30,9.888811111450195,9.888811111450195,9.578006744384766,9.753108024597168,4.283811569213867,1555905
2009-03-31,9.866923332214355,10.138330459594727,9.726842880249023,9.906320571899414,4.3511061668396,1826835
2009-04-01,9.735597610473633,10.1295747756958,9.591139793395996,10.098932266235352,4.43570613861084,1652078
2009-04-02,10.365960121154785,10.602346420288086,10.217124938964844,10.484152793884277,4.604904651641846,1705076
2009-04-03,10.510417938232422,10.60672378540039,10.33969497680664,10.554194450378418,4.635669231414795,1254364
2009-04-06,10.484152793884277,10.641743659973145,10.243390083312988,10.431623458862305,4.5818328857421875,1271954
2009-04-07,10.256523132324219,10.43600082397461,10.177726745605469,10.265277862548828,4.508770942687988,1136717
2009-04-08,10.291543006896973,10.383469581604004,10.107686996459961,10.34844970703125,4.545299530029297,1064987
2009-04-09,10.554194450378418,10.676763534545898,10.42724609375,10.602346420288086,4.656818389892578,1171897
2009-04-13,10.549816131591797,10.746804237365723,10.431623458862305,10.694273948669434,4.697196960449219,1249110
2009-04-14,10.654876708984375,10.764313697814941,10.545438766479492,10.59359073638916,4.652973175048828,1435060
2009-04-15,10.58483600616455,10.716161727905273,10.475398063659668,10.641743659973145,4.674122333526611,1649794
2009-04-16,10.7249174118042,10.987567901611328,10.632988929748535,10.908773422241211,4.791410446166992,1257334
2009-04-17,10.92628288269043,11.114516258239746,10.90439510345459,11.066363334655762,4.860625267028809,1206392
2009-04-20,10.89564037322998,11.070740699768066,10.707406997680664,10.742426872253418,4.718345642089844,1253679
2009-04-21,10.720539093017578,11.061985969543457,10.720539093017578,11.000699996948242,4.831785202026367,1467955
2009-04-22,10.908773422241211,11.184556007385254,10.834355354309082,10.943793296813965,4.806789875030518,2165154
2009-04-23,10.991945266723633,11.114516258239746,10.812466621398926,10.935037612915039,4.802944183349609,1581033
2009-04-24,11.031343460083008,11.206443786621094,10.987567901611328,11.132025718688965,4.889467239379883,1735230
2009-04-27,11.035720825195312,11.412186622619629,11.005078315734863,11.324637413024902,4.974068641662598,1514557
2009-04-28,11.1495361328125,11.324637413024902,11.040098190307617,11.101383209228516,4.952584266662598,1952705
2009-04-29,11.145157814025879,11.666083335876465,11.118892669677734,11.521624565124512,5.140064239501953,1739342
2009-04-30,11.666083335876465,11.823674201965332,11.420942306518555,11.455962181091309,5.110769748687744,2369837
2009-05-01,11.42531967163086,11.652950286865234,11.167045593261719,11.569778442382812,5.161548137664795,2400904
2009-05-04,11.661705017089844,12.187007904052734,11.61793041229248,12.187007904052734,5.4369072914123535,1776806
2009-05-05,12.182629585266113,12.243914604187012,11.954998970031738,11.994397163391113,5.350979328155518,2047508
2009-05-06,12.143232345581055,12.283312797546387,11.968132019042969,12.278935432434082,5.477916717529297,1687029
2009-05-07,12.401506423950195,12.475923538208008,11.832428932189941,11.88495922088623,5.30215311050415,3478913
2009-05-08,12.029417037963867,12.458414077758789,12.025038719177246,12.270179748535156,5.4740118980407715,2707471
2009-05-11,12.13885498046875,12.2964448928833,12.099456787109375,12.265803337097168,5.47205924987793,2048878
2009-05-12,12.43652629852295,12.43652629852295,11.998773574829102,12.151987075805664,5.42128324508667,1861786
2009-05-13,12.07319164276123,12.191385269165039,11.622307777404785,11.631063461303711,5.1888885498046875,2099135
2009-05-14,11.609174728393555,11.90246868133545,11.41656494140625,11.819295883178711,5.272861003875732,2013242
2009-05-15,11.801786422729492,11.819295883178711,11.512869834899902,11.587287902832031,5.169356346130371,2117639
2009-05-18,11.731745719909668,12.046927452087402,11.709857940673828,12.042549133300781,5.372460842132568,1789599
2009-05-19,11.985642433166504,12.340221405029297,11.941866874694824,12.235159873962402,5.458384990692139,1719468
2009-05-20,12.2964448928833,12.43652629852295,12.134476661682129,12.178252220153809,5.432999610900879,1581490
2009-05-21,12.12572193145752,12.12572193145752,11.819295883178711,12.007529258728027,5.356836318969727,1407419
2009-05-22,12.038171768188477,12.13010025024414,11.937488555908203,11.937488555908203,5.325591564178467,944143
2009-05-26,11.86307144165039,12.419015884399414,11.762388229370117,12.414637565612793,5.538456439971924,1825464
2009-05-27,12.480300903320312,12.480300903320312,12.151987075805664,12.173874855041504,5.431046009063721,1706218
2009-05-28,12.261425018310547,12.502188682556152,12.191385269165039,12.43652629852295,5.548222541809082,1537173
2009-05-29,12.484679222106934,12.830503463745117,12.366485595703125,12.826125144958496,5.7220306396484375,2463269
2009-06-01,12.988093376159668,13.193836212158203,12.983716011047363,13.141305923461914,5.862641334533691,2391081
2009-06-02,13.17194938659668,13.17194938659668,12.996848106384277,13.062511444091797,5.827490329742432,2187541
2009-06-03,13.005602836608887,13.062511444091797,12.602871894836426,12.799860000610352,5.71031379699707,1525294
2009-06-04,12.834879875183105,12.988093376159668,12.791105270385742,12.961828231811523,5.782571792602539,1388458
2009-06-05,13.014357566833496,13.10628604888916,12.821747779846191,12.92680835723877,5.766948699951172,2157387
2009-06-08,12.830503463745117,13.11504077911377,12.826125144958496,13.04062271118164,5.817724227905273,1888742
2009-06-09,13.128173828125,13.176325798034668,12.839258193969727,12.961828231811523,5.782571792602539,1407190
2009-06-10,13.04062271118164,13.123796463012695,12.769216537475586,12.974961280822754,5.788430213928223,1538543
2009-06-11,12.996848106384277,13.35142707824707,12.974961280822754,13.281387329101562,5.92513370513916,3304156
2009-06-12,13.17194938659668,13.211346626281738,12.992470741271973,13.132551193237305,5.858733177185059,1446939
2009-06-15,13.023113250732422,13.11941909790039,12.786726951599121,12.966205596923828,5.784524440765381,1552250
2009-06-16,12.909297943115234,12.992470741271973,12.651023864746094,12.751707077026367,5.688831806182861,2318209
2009-06-17,12.729820251464844,12.848012924194336,12.602871894836426,12.7035551071167,5.667350769042969,1719239
2009-06-18,12.725441932678223,12.922430038452148,12.668534278869629,12.826125144958496,5.7220306396484375,1691370
2009-06-19,12.904919624328613,12.935563087463379,12.672911643981934,12.812992095947266,5.7161712646484375,2445679
2009-06-22,12.712309837341309,12.747329711914062,12.39275074005127,12.39275074005127,5.528693199157715,1578064
2009-06-23,12.475923538208008,12.576606750488281,12.248292922973633,12.274558067321777,5.475964546203613,1581262
2009-06-24,12.31833267211914,12.493433952331543,12.226405143737793,12.313956260681152,5.493541717529297,1097197
2009-06-25,12.292067527770996,12.865523338317871,12.270179748535156,12.826125144958496,5.7220306396484375,1710559
2009-06-26,12.817370414733887,12.839258193969727,12.62913703918457,12.699176788330078,5.6653971672058105,2002048
2009-06-29,12.738574981689453,12.939940452575684,12.716687202453613,12.8917875289917,5.7513251304626465,1150881
2009-06-30,12.918052673339844,12.939940452575684,12.69480037689209,12.909297943115234,5.759138584136963,1767897
2009-07-01,13.001226425170898,13.303274154663086,12.979337692260742,13.211346626281738,5.893890857696533,1361731
2009-07-02,13.062511444091797,13.259498596191406,12.712309837341309,12.721064567565918,5.675160884857178,1374980
2009-07-06,12.777972221374512,12.808614730834961,12.554718971252441,12.79548168182373,5.708359241485596,1428664
2009-07-07,12.830503463745117,12.830503463745117,12.379617691040039,12.410261154174805,5.536502838134766,1570753
2009-07-08,12.43652629852295,12.471546173095703,12.038171768188477,12.217650413513184,5.450576305389404,1939456
2009-07-09,12.31833267211914,12.497811317443848,12.195762634277344,12.37524127960205,5.520881175994873,1265558
2009-07-10,12.348976135253906,12.484679222106934,12.257047653198242,12.475923538208008,5.565799236297607,1120727
2009-07-13,12.454035758972168,12.747329711914062,12.30519962310791,12.729820251464844,5.679068088531494,1412901
2009-07-14,12.826125144958496,12.826125144958496,12.620382308959961,12.721064567565918,5.675160884857178,1233119
2009-07-15,12.812992095947266,13.211346626281738,12.812992095947266,13.075642585754395,5.833347797393799,2405473
2009-07-16,13.062511444091797,13.338294982910156,13.001226425170898,13.250743865966797,5.911463737487793,2297650
2009-07-17,13.277009010314941,13.544037818908691,13.220102310180664,13.41709041595459,5.985674858093262,1635630
2009-07-20,13.517772674560547,13.635966300964355,13.434599876403809,13.539660453796387,6.040356159210205,2431287
2009-07-21,13.692873001098633,13.780424118041992,13.57468032836914,13.767291069030762,6.141907215118408,1552021
2009-07-22,13.692873001098633,13.986166954040527,13.631587982177734,13.924881935119629,6.212213039398193,1669668
2009-07-23,13.955524444580078,14.358256340026855,13.91612720489502,14.353878021240234,6.403595447540283,1459503
2009-07-24,14.2750825881958,14.559621810913086,14.231307983398438,14.559621810913086,6.495384216308594,1101309
2009-07-27,14.599019050598145,14.634039878845215,14.498336791992188,14.599019050598145,6.512960910797119,1347568
2009-07-28,14.524601936340332,14.58588695526123,14.480826377868652,14.58150863647461,6.5051493644714355,1945852
2009-07-29,14.292593002319336,14.331991195678711,13.990545272827148,14.323236465454102,6.471524238586426,2092967
2009-07-30,14.423918724060059,14.647171974182129,14.292593002319336,14.476449012756348,6.540752410888672,1484175
2009-07-31,14.463315963745117,14.629661560058594,14.3363676071167,14.489582061767578,6.546682834625244,923811
2009-08-03,14.59464168548584,14.83102798461914,14.445805549621582,14.787253379821777,6.681176662445068,1296854
2009-08-04,14.782875061035156,14.848538398742676,14.673437118530273,14.844160079956055,6.70689058303833,831978
2009-08-05,14.88355827331543,14.922956466674805,14.515847206115723,14.66030502319336,6.623818874359131,1646367
2009-08-06,14.599019050598145,14.791629791259766,14.423918724060059,14.607773780822754,6.6000847816467285,1422724
2009-08-07,14.756609916687012,14.966731071472168,14.712835311889648,14.962352752685547,6.760292053222656,1318784
2009-08-10,14.83978271484375,14.940465927124023,14.743476867675781,14.879180908203125,6.722714900970459,1260989
2009-08-11,14.874802589416504,14.88355827331543,14.717211723327637,14.730344772338867,6.655465126037598,1084405
2009-08-12,14.682191848754883,15.255646705627441,14.682191848754883,15.15058708190918,6.845338821411133,1520954
2009-08-13,15.216249465942383,15.30817699432373,15.102434158325195,15.260025024414062,6.894783973693848,1015644
2009-08-14,15.220626831054688,15.277535438537598,14.944843292236328,15.198739051818848,6.867095470428467,1343684
2009-08-17,14.949220657348633,15.102434158325195,14.796008110046387,15.06303596496582,6.805779933929443,1824550
2009-08-18,15.089301109313965,15.189984321594238,15.014883995056152,15.067414283752441,6.8077616691589355,1973722
2009-08-19,14.901067733764648,15.299422264099121,14.848538398742676,15.225004196166992,6.878962993621826,1265558
2009-08-20,15.168096542358398,15.295044898986816,15.14183235168457,15.251269340515137,6.890829086303711,746770
2009-08-21,15.251269340515137,15.535807609558105,15.233758926391602,15.522676467895508,7.013457775115967,1087374
2009-08-24,15.535807609558105,15.710908889770508,15.483278274536133,15.693399429321289,7.090590953826904,1378635
2009-08-25,15.710908889770508,15.772193908691406,15.64962387084961,15.745928764343262,7.114327907562256,1750993
2009-08-26,15.710908889770508,15.759060859680176,15.509543418884277,15.640868186950684,7.066858291625977,1154307
2009-08-27,15.60584831237793,15.60584831237793,15.246891975402832,15.408860206604004,6.962032318115234,2496164
2009-08-28,15.588337898254395,15.588337898254395,15.006129264831543,15.058658599853516,6.803803443908691,2405702
2009-08-31,14.962352752685547,14.962352752685547,14.58588695526123,14.83102798461914,6.700955867767334,1822951
2009-09-01,14.791629791259766,14.927332878112793,14.550867080688477,14.612152099609375,6.6020636558532715,2048878
2009-09-02,14.58588695526123,14.616530418395996,14.279460906982422,14.555244445800781,6.576351165771484,1721295
2009-09-03,14.555244445800781,14.555244445800781,14.384520530700684,14.493959426879883,6.54866361618042,1176694
2009-09-04,14.533356666564941,14.664682388305664,14.493959426879883,14.66030502319336,6.623818874359131,724612
2009-09-08,14.796008110046387,15.023638725280762,14.721590042114258,15.023638725280762,6.787982940673828,1799879
2009-09-09,15.06303596496582,15.321310043334961,14.922956466674805,15.168096542358398,6.853251934051514,1966183
2009-09-10,15.168096542358398,15.168096542358398,14.944843292236328,14.9973726272583,6.776116371154785,1592455
2009-09-11,14.9973726272583,15.133076667785645,14.800385475158691,14.89669132232666,6.730626583099365,1933059
2009-09-14,14.852914810180664,15.045525550842285,14.774120330810547,15.036770820617676,6.793914794921875,2412098
2009-09-15,15.036770820617676,15.268779754638672,14.892313003540039,15.255646705627441,6.892808437347412,1892625
2009-09-16,15.321310043334961,15.623357772827148,15.273157119750977,15.623357772827148,7.0589470863342285,2178632
2009-09-17,15.636490821838379,15.9385404586792,15.57520580291748,15.785326957702637,7.132126331329346,1767669
2009-09-18,15.833478927612305,16.249343872070312,15.833478927612305,16.091753005981445,7.270576477050781,3570746
2009-09-21,15.977936744689941,16.00857925415039,15.728419303894043,15.842233657836914,7.157840728759766,1512730
2009-09-22,16.039222717285156,16.047977447509766,15.79845905303955,15.999824523925781,7.229039192199707,1735687
2009-09-23,16.056732177734375,16.06986427307129,15.732795715332031,15.763439178466797,7.122238636016846,2665209
2009-09-24,15.750306129455566,15.886009216308594,15.439502716064453,15.548940658569336,7.025325298309326,2227518
2009-09-25,15.540185928344727,15.750306129455566,15.483278274536133,15.632113456726074,7.062901973724365,1498338
2009-09-28,15.710908889770508,15.977936744689941,15.662755966186523,15.868498802185059,7.169708251953125,823755
2009-09-29,15.846611976623535,16.100507736206055,15.785326957702637,16.065488815307617,7.258711814880371,1435517
2009-09-30,16.039222717285156,16.131149291992188,15.87287712097168,16.030467987060547,7.2428879737854,1311246
2009-10-01,16.00857925415039,16.00857925415039,15.509543418884277,15.610225677490234,7.053011417388916,1904047
2009-10-02,15.443880081176758,15.632113456726074,15.159341812133789,15.400105476379395,6.958077430725098,1763100
2009-10-05,15.461389541625977,15.741551399230957,15.286290168762207,15.741551399230957,7.1123480796813965,1373381
2009-10-06,15.82034683227539,15.951671600341797,15.79845905303955,15.916651725769043,7.191465854644775,1335232
2009-10-07,15.921030044555664,15.921030044555664,15.724040985107422,15.824724197387695,7.149928092956543,1336831
2009-10-08,15.881631851196289,16.135528564453125,15.767815589904785,16.122394561767578,7.284422397613525,1713300
2009-10-09,16.118017196655273,16.26685333251953,16.056732177734375,16.258098602294922,7.3457350730896,662248
2009-10-12,16.38066864013672,16.520748138427734,16.323760986328125,16.459463119506836,7.4367194175720215,567217
2009-10-13,16.455087661743164,16.455087661743164,16.258098602294922,16.433198928833008,7.4248480796813965,1065673
2009-10-14,16.630186080932617,16.630186080932617,16.341270446777344,16.511993408203125,7.460451602935791,1394169
2009-10-15,16.459463119506836,16.761512756347656,16.37191390991211,16.75713539123535,7.571210861206055,1157505
2009-10-16,16.590789794921875,16.73086929321289,16.511993408203125,16.573280334472656,7.4881415367126465,1241800
2009-10-19,16.643320083618164,16.962879180908203,16.516372680664062,16.901592254638672,7.63647985458374,837689
2009-10-20,16.967256546020508,17.111713409423828,16.82717514038086,17.046051025390625,7.701745510101318,1429806
2009-10-21,17.04167366027832,17.304325103759766,16.945369720458984,16.976011276245117,7.670103073120117,1338887
2009-10-22,16.91472625732422,17.054807662963867,16.599544525146484,16.80091094970703,7.590987682342529,1506333
2009-10-23,16.849063873291016,16.932235717773438,16.547014236450195,16.625810623168945,7.511876106262207,932264
2009-10-26,16.695850372314453,17.037296295166016,16.34564971923828,16.376291275024414,7.399136543273926,1931689
2009-10-27,16.135528564453125,16.744003295898438,16.026090621948242,16.516372680664062,7.462430000305176,3012895
2009-10-28,16.179302215576172,16.402555465698242,15.912275314331055,15.925407409667969,7.276419639587402,1514557
2009-10-29,16.05235481262207,16.32813835144043,15.942916870117188,16.262475967407227,7.430426597595215,1681318
2009-10-30,16.170547485351562,16.293119430541992,15.759060859680176,15.85098934173584,7.242419242858887,1507704
2009-11-02,15.87287712097168,16.06986427307129,15.645245552062988,15.833478927612305,7.23441743850708,2030375
2009-11-03,15.763439178466797,16.196813583374023,15.55331802368164,16.166170120239258,7.386422157287598,1509303
2009-11-04,16.398178100585938,16.446332931518555,16.135528564453125,16.135528564453125,7.372424125671387,1616441
2009-11-05,16.279985427856445,16.669584274291992,16.209945678710938,16.665206909179688,7.614434242248535,1514100
2009-11-06,16.529504776000977,16.63894271850586,16.332515716552734,16.468219757080078,7.524433135986328,1393256
2009-11-09,16.643320083618164,16.875328063964844,16.57765769958496,16.857818603515625,7.702444076538086,1035747
2009-11-10,16.831552505493164,17.098581314086914,16.831552505493164,17.072317123413086,7.8004469871521,1013588
2009-11-11,17.164243698120117,17.238662719726562,16.840307235717773,16.984766006469727,7.760444641113281,1134890
2009-11-12,16.980388641357422,17.046051025390625,16.72649383544922,16.75713539123535,7.656440734863281,926096
2009-11-13,16.86219596862793,17.168621063232422,16.713359832763672,17.08544921875,7.806447982788086,1268984
2009-11-16,17.22553062438965,17.597618103027344,17.18175506591797,17.553842544555664,8.020464897155762,1919124
2009-11-17,17.475048065185547,17.58448600769043,17.431272506713867,17.562597274780273,8.02446174621582,1225581
2009-11-18,17.606374740600586,17.6195068359375,17.356855392456055,17.391874313354492,7.9464592933654785,1279036
2009-11-19,17.29994773864746,17.30870246887207,16.984766006469727,17.124847412109375,7.824448108673096,1353507
2009-11-20,17.09420394897461,17.159866333007812,16.923480987548828,17.107337951660156,7.816450119018555,1483946
2009-11-23,17.326213836669922,17.6195068359375,17.273681640625,17.383119583129883,7.942454814910889,1311702
2009-11-24,17.374364852905273,17.48818016052246,17.22990608215332,17.453161239624023,7.974459648132324,640089
2009-11-25,17.510068893432617,17.676414489746094,17.374364852905273,17.667659759521484,8.072465896606445,2078576
2009-11-27,17.374364852905273,17.47942543029785,17.159866333007812,17.36998748779297,7.936458587646484,312277
2009-11-30,17.409385681152344,17.580108642578125,17.339345932006836,17.518823623657227,8.004460334777832,2047965
2009-12-01,17.658903121948242,17.658903121948242,17.378742218017578,17.588863372802734,8.036460876464844,1964356
2009-12-02,17.60199546813965,17.759586334228516,17.54071044921875,17.75520896911621,8.112466812133789,1366528
2009-12-03,17.83400535583496,17.94782066345215,17.71143341064453,17.7464542388916,8.108465194702148,1158648
2009-12-04,17.995973587036133,18.017860412597656,17.6807918548584,17.855892181396484,8.158469200134277,1044885
2009-12-07,17.855892181396484,18.227981567382812,17.838382720947266,18.144807815551758,8.290475845336914,1461331
2009-12-08,18.06601333618164,18.09227752685547,17.79898452758789,18.009105682373047,8.228468894958496,1181263
2009-12-09,18.044124603271484,18.044124603271484,17.728944778442383,18.000350952148438,8.224472999572754,2013927
2009-12-10,18.131675720214844,18.27175521850586,17.995973587036133,18.20609474182129,8.31847858428955,2815751
2009-12-11,18.21047019958496,18.630712509155273,17.93906593322754,18.55629539489746,8.478487014770508,4349498
2009-12-14,18.696374893188477,18.880231857299805,18.473121643066406,18.70075225830078,8.544489860534668,2486798
2009-12-15,18.687620162963867,18.84083366394043,18.58255958557129,18.823322296142578,8.600494384765625,1559331
2009-12-16,18.92838478088379,18.994047164916992,18.801435470581055,18.888986587524414,8.630495071411133,1395312
2009-12-17,18.792680740356445,18.902118682861328,18.643844604492188,18.81456756591797,8.596491813659668,1264644
2009-12-18,18.888986587524414,18.994047164916992,18.683242797851562,18.709508895874023,8.548492431640625,2375776
2009-12-21,19.256698608398438,19.256698608398438,18.4030818939209,18.994047164916992,8.678497314453125,1807874
2009-12-22,19.10786247253418,19.134126663208008,18.897741317749023,18.963403701782227,8.664496421813965,1714214
2009-12-23,18.92400550842285,19.221677780151367,18.888986587524414,19.204166412353516,8.774503707885742,1613243
2009-12-24,19.256698608398438,19.36613655090332,19.195411682128906,19.265453338623047,8.802506446838379,441803
2009-12-28,19.361757278442383,19.440553665161133,19.29609489440918,19.405532836914062,8.866508483886719,1398281
2009-12-29,19.479951858520508,19.523725509643555,19.309228897094727,19.370513916015625,8.850509643554688,1391885
2009-12-30,19.33111572265625,19.506216049194336,19.27858543395996,19.41866683959961,8.872511863708496,1182405
2009-12-31,19.401155471801758,19.685693740844727,19.401155471801758,19.51059341430664,8.914512634277344,1966640
2010-01-04,19.646297454833984,20.00963020324707,19.646297454833984,19.952722549438477,9.116522789001465,1759673
2010-01-05,19.91770362854004,20.027141571044922,19.51934814453125,19.77762222290039,9.036520957946777,3324944
2010-01-06,19.817020416259766,19.930835723876953,19.698827743530273,19.891437530517578,9.08852481842041,1769496
2010-01-07,19.92207908630371,19.92207908630371,19.628786087036133,19.760112762451172,9.028518676757812,1609817
2010-01-08,19.746980667114258,19.895814895629883,19.59814453125,19.87392807006836,9.080524444580078,1061332
2010-01-11,19.996498107910156,20.359832763671875,19.891437530517578,20.316057205200195,9.28253173828125,1793026
2010-01-12,20.228506088256836,20.298547744750977,19.943967819213867,20.018386840820312,9.146525382995605,1631290
2010-01-13,20.132200241088867,20.132200241088867,19.939590454101562,20.101558685302734,9.184528350830078,876981
2010-01-14,20.014007568359375,20.136579513549805,19.91770362854004,19.98336410522461,9.130523681640625,1537630
2010-01-15,19.92207908630371,19.92207908630371,19.541236877441406,19.663806915283203,8.984514236450195,1220783
2010-01-19,19.59814453125,20.162843704223633,19.55436897277832,20.123445510864258,9.19453239440918,1614385
2010-01-20,20.022762298583984,20.136579513549805,19.698827743530273,20.123445510864258,9.19453239440918,1684060
2010-01-21,20.158466339111328,20.359832763671875,19.790754318237305,19.952722549438477,9.116522789001465,1651164
2010-01-22,19.935213088989258,19.96585464477539,19.567501068115234,19.60689926147461,8.958514213562012,910105
2010-01-25,19.711959838867188,19.904569625854492,19.59814453125,19.79513168334961,9.044520378112793,1318556
2010-01-26,19.707582473754883,20.005252838134766,19.685693740844727,19.843284606933594,9.066521644592285,678010
2010-01-27,19.56312370300293,19.59814453125,18.985292434692383,19.221677780151367,8.868587493896484,1484403
2010-01-28,19.300472259521484,19.326738357543945,18.96778106689453,19.015933990478516,8.773660659790039,867158
2010-01-29,19.0640869140625,19.1253719329834,18.4687442779541,18.4687442779541,8.521195411682129,2032888
2010-02-01,18.569427490234375,18.888986587524414,18.451234817504883,18.85834312438965,8.700953483581543,1332034
2010-02-02,18.836456298828125,18.989669799804688,18.740150451660156,18.954648971557617,8.745387077331543,1398053
2010-02-03,18.823322296142578,18.92400550842285,18.718263626098633,18.79705810546875,8.672674179077148,971555
2010-02-04,18.67011070251465,18.67011070251465,18.114166259765625,18.114166259765625,8.357596397399902,1161389
2010-02-05,18.122920989990234,18.122920989990234,17.48818016052246,17.838382720947266,8.23035717010498,1771324
2010-02-08,17.917177200317383,18.03099250793457,17.728944778442383,17.78147315979004,8.204100608825684,870356
2010-02-09,18.096656799316406,18.249868392944336,17.908422470092773,18.101032257080078,8.351542472839355,1080293
2010-02-10,18.10978889465332,18.20171546936035,17.79898452758789,17.991594314575195,8.301045417785645,962646
2010-02-11,17.930309295654297,18.219226837158203,17.85151481628418,18.219226837158203,8.406073570251465,753852
2010-02-12,18.000350952148438,18.241113662719727,17.85151481628418,18.241113662719727,8.416171073913574,1504506
2010-02-16,18.38557243347168,18.578182220458984,18.35055160522461,18.578182220458984,8.57168960571289,1426379
2010-02-17,18.61758041381836,18.70075225830078,18.530029296875,18.70075225830078,8.62824535369873,2041340
2010-02-18,18.635089874267578,18.687620162963867,18.51251983642578,18.687620162963867,8.622182846069336,1192457
2010-02-19,18.648223876953125,18.84083366394043,18.595693588256836,18.823322296142578,8.684794425964355,1731804
2010-02-22,18.89336395263672,19.04657745361328,18.783926010131836,19.02906608581543,8.779722213745117,1776349
2010-02-23,19.16039276123047,19.16039276123047,18.604448318481445,18.80581283569336,8.676712989807129,1790513
2010-02-24,18.888986587524414,19.221677780151367,18.792680740356445,19.221677780151367,8.868587493896484,1343913
2010-02-25,18.998424530029297,19.33987045288086,18.888986587524414,19.335493087768555,8.921100616455078,850254
2010-02-26,19.36613655090332,19.523725509643555,19.265453338623047,19.405532836914062,8.953415870666504,1512044
2010-03-01,19.506216049194336,19.808265686035156,19.453685760498047,19.808265686035156,9.139232635498047,1043285
2010-03-02,19.869550704956055,19.98336410522461,19.808265686035156,19.948345184326172,9.203863143920898,1003994
2010-03-03,20.018386840820312,20.145334243774414,19.98336410522461,20.084047317504883,9.266474723815918,1202737
2010-03-04,20.565574645996094,20.626859664916992,20.14095687866211,20.5086669921875,9.462385177612305,3209582
2010-03-05,20.57870864868164,20.57870864868164,20.425495147705078,20.52617835998535,9.470463752746582,1418612
2010-03-08,20.316057205200195,20.5086669921875,20.237260818481445,20.30292320251465,9.367461204528809,1826378
2010-03-09,20.175975799560547,20.4473819732666,20.167221069335938,20.41236114501953,9.417952537536621,2058701
2010-03-10,20.346698760986328,20.539310455322266,20.316057205200195,20.52617835998535,9.470463752746582,1583089
2010-03-11,20.434249877929688,20.64874839782715,20.394851684570312,20.63999366760254,9.522980690002441,1667612
2010-03-12,20.72316551208496,20.72316551208496,20.33794403076172,20.425495147705078,9.424012184143066,53092197
2010-03-15,20.368587493896484,20.41236114501953,20.10593605041504,20.386096954345703,9.405834197998047,3636765
2010-03-16,20.421117782592773,20.495534896850586,20.27665901184082,20.41674041748047,9.41997241973877,2400676
2010-03-17,20.5086669921875,20.539310455322266,20.29416847229004,20.469270706176758,9.444208145141602,2482686
2010-03-18,20.482402801513672,20.565574645996094,20.3817195892334,20.486780166625977,9.452287673950195,2187085
2010-03-19,20.11469078063965,20.521799087524414,19.952722549438477,20.11469078063965,9.280611038208008,2966979
2010-03-22,19.90894889831543,20.092802047729492,19.786376953125,20.07091522216797,9.260415077209473,1676978
2010-03-23,20.127822875976562,20.386096954345703,20.057783126831055,20.3204345703125,9.37553882598877,2357044
2010-03-24,20.237260818481445,20.333566665649414,20.123445510864258,20.197864532470703,9.318989753723145,1481433
2010-03-25,20.28541374206543,20.359832763671875,19.95709991455078,19.987743377685547,9.222036361694336,1356248
2010-03-26,20.066537857055664,20.07967185974121,19.781999588012695,19.83015251159668,9.149332046508789,1557504
2010-03-29,19.90894889831543,20.162843704223633,19.87392807006836,20.162843704223633,9.302827835083008,1271497
2010-03-30,20.189109802246094,20.22412872314453,20.06216049194336,20.171598434448242,9.306865692138672,1952934
2010-03-31,20.119068145751953,20.136579513549805,19.930835723876953,19.98336410522461,9.220019340515137,1522781
2010-04-01,20.075292587280273,20.47364616394043,20.07091522216797,20.47364616394043,9.44622802734375,1340714
2010-04-05,20.504289627075195,20.79320526123047,20.49991226196289,20.771318435668945,9.58357048034668,1403764
2010-04-06,20.727542877197266,21.02521324157715,20.683767318725586,21.012081146240234,9.694657325744629,1363330
2010-04-07,20.959552764892578,20.99019432067871,20.696901321411133,20.83698081970215,9.613865852355957,1568012
2010-04-08,20.762563705444336,20.76694107055664,20.486780166625977,20.622482299804688,9.514897346496582,1246369
2010-04-09,20.6356143951416,20.83698081970215,20.504289627075195,20.82822608947754,9.609825134277344,869900
2010-04-12,20.79320526123047,21.003326416015625,20.79320526123047,20.89826774597168,9.642142295837402,1182634
2010-04-13,20.90264320373535,20.90264320373535,20.56119728088379,20.81071662902832,9.601746559143066,1066129
2010-04-14,20.81947135925293,20.968307495117188,20.753807067871094,20.959552764892578,9.670416831970215,1348481
2010-04-15,20.885133743286133,21.012081146240234,20.850114822387695,20.94641876220703,9.664355278015137,1198168
2010-04-16,20.832603454589844,21.055856704711914,20.679391860961914,20.771318435668945,9.58357048034668,1535802
2010-04-19,20.657503128051758,20.841358184814453,20.622482299804688,20.745052337646484,9.571450233459473,1516613
2010-04-20,20.867624282836914,21.24846839904785,20.78445053100586,21.226579666137695,9.793617248535156,1589029
2010-04-21,21.200315475463867,21.305376052856445,21.13903045654297,21.25722312927246,9.807760238647461,802053
2010-04-22,21.165294647216797,21.546138763427734,21.143407821655273,21.53300666809082,9.935003280639648,1112960
2010-04-23,21.484853744506836,21.909473419189453,21.406057357788086,21.905094146728516,10.106674194335938,1316043
2010-04-26,21.93573760986328,22.137104034423828,21.887584686279297,21.97075843811035,10.136971473693848,1598623
2010-04-27,21.887584686279297,22.07581901550293,21.209070205688477,21.24846839904785,9.803717613220215,2064184
2010-04-28,21.25722312927246,21.5767822265625,21.117141723632812,21.388547897338867,9.958622932434082,1513643
2010-04-29,21.49798583984375,21.874452590942383,21.476099014282227,21.537384033203125,10.027921676635742,2060300
2010-04-30,21.655576705932617,21.81754493713379,21.441078186035156,21.511119842529297,10.015694618225098,2855728
2010-05-03,21.589914321899414,22.259674072265625,21.589914321899414,22.20276641845703,10.337726593017578,2268181
2010-05-04,21.992645263671875,22.00577735900879,21.7037296295166,21.778146743774414,10.14001750946045,2141625
2010-05-05,21.589914321899414,21.677465438842773,21.125896453857422,21.217824935913086,9.879130363464355,3171204
2010-05-06,21.147785186767578,21.462966918945312,12.939940452575684,20.31167984008789,9.457221984863281,3712607
2010-05-07,20.355453491210938,20.657503128051758,19.825775146484375,20.132200241088867,9.373659133911133,3479827
2010-05-10,20.985816955566406,21.32726287841797,20.771318435668945,21.21344757080078,9.877094268798828,2375091
2010-05-11,20.924531936645508,21.75625991821289,20.924531936645508,21.366661071777344,9.948431968688965,1760587
2010-05-12,21.336017608642578,21.78252410888672,21.32726287841797,21.699352264404297,10.103331565856934,1550422
2010-05-13,21.699352264404297,21.7037296295166,21.287866592407227,21.31850814819336,9.92601203918457,1514329
2010-05-14,21.217824935913086,21.244089126586914,20.513044357299805,20.679391860961914,9.628436088562012,2550989
2010-05-17,20.683767318725586,21.00770378112793,20.162843704223633,20.565574645996094,9.57544231414795,1814956
2010-05-18,20.692522048950195,20.920154571533203,20.09718132019043,20.127822875976562,9.371622085571289,2406159
2010-05-19,19.978988647460938,20.07091522216797,19.405532836914062,19.817020416259766,9.226909637451172,2721634
2010-05-20,19.30484962463379,19.36613655090332,18.73577308654785,18.77954864501953,8.743858337402344,3358296
2010-05-21,18.236736297607422,18.959026336669922,18.17107391357422,18.919628143310547,8.809080123901367,3684509
2010-05-24,18.8758544921875,19.015933990478516,18.639467239379883,18.731395721435547,8.721439361572266,2070809
2010-05-25,18.24549102783203,18.398704528808594,17.838382720947266,18.38557243347168,8.560420036315918,3715348
2010-05-26,18.57380485534668,19.282962799072266,18.477500915527344,18.801435470581055,8.754050254821777,4234135
2010-05-27,19.164770126342773,19.549991607666016,19.094728469848633,19.532480239868164,9.0944242477417,2429688
2010-05-28,19.55436897277832,19.755735397338867,19.414287567138672,19.46681785583496,9.063854217529297,2729858
2010-06-01,19.230432510375977,19.471195220947266,18.748905181884766,18.748905181884766,8.729589462280273,2502332
2010-06-02,18.810190200805664,19.593765258789062,18.79705810546875,19.593765258789062,9.12296199798584,1846937
2010-06-03,19.602521896362305,19.878305435180664,19.56312370300293,19.825775146484375,9.230985641479492,1395997
2010-06-04,19.42304229736328,19.58938980102539,18.83207893371582,18.985292434692383,8.839652061462402,2155788
2010-06-07,19.04657745361328,19.204166412353516,18.560672760009766,18.586936950683594,8.654175758361816,2220437
2010-06-08,18.586936950683594,18.89336395263672,18.451234817504883,18.86709976196289,8.784621238708496,2549162
2010-06-09,18.96778106689453,19.26107406616211,18.83207893371582,18.919628143310547,8.809080123901367,1418841
2010-06-10,19.256698608398438,19.7250919342041,19.217300415039062,19.7250919342041,9.184103965759277,1748251
2010-06-11,19.38364601135254,19.843284606933594,19.38364601135254,19.83015251159668,9.233023643493652,1135575
2010-06-14,19.978988647460938,20.263526916503906,19.92645835876465,19.961477279663086,9.294167518615723,1226266
2010-06-15,20.049028396606445,20.55244255065918,20.040273666381836,20.54368782043457,9.565250396728516,1618497
2010-06-16,20.4473819732666,20.666257858276367,20.237260818481445,20.469270706176758,9.530601501464844,1473210
2010-06-17,20.574329376220703,20.679391860961914,20.298547744750977,20.613727569580078,9.597860336303711,1266243
2010-06-18,20.675012588500977,20.683767318725586,20.438627243041992,20.574329376220703,9.579520225524902,1459275
2010-06-21,20.80196189880371,21.108386993408203,20.434249877929688,20.565574645996094,9.57544231414795,1473666
2010-06-22,20.6356143951416,20.670635223388672,19.852039337158203,19.90894889831543,9.26971435546875,1718097
2010-06-23,19.930835723876953,19.974609375,19.388023376464844,19.479951858520508,9.069966316223145,2670464
2010-06-24,19.353002548217773,19.74260139465332,19.353002548217773,19.436176300048828,9.049586296081543,1680176
2010-06-25,19.5368595123291,19.952722549438477,19.353002548217773,19.790754318237305,9.214679718017578,2278004
2010-06-28,19.773244857788086,20.175975799560547,19.6594295501709,20.018386840820312,9.32066535949707,1450594
2010-06-29,19.77762222290039,19.77762222290039,19.0028018951416,19.129749298095703,8.90691089630127,1970980
2010-06-30,19.059709548950195,19.357379913330078,18.85834312438965,18.93276023864746,8.815193176269531,2300391
2010-07-01,18.8758544921875,18.92838478088379,18.293643951416016,18.61758041381836,8.66844367980957,2068296
2010-07-02,18.630712509155273,18.783926010131836,18.429346084594727,18.51251983642578,8.619525909423828,1257791
2010-07-06,18.80581283569336,18.897741317749023,18.530029296875,18.757661819458008,8.733664512634277,1571210
2010-07-07,18.709508895874023,19.317983627319336,18.70075225830078,19.309228897094727,8.990477561950684,1529406
2010-07-08,19.42304229736328,19.681316375732422,19.405532836914062,19.646297454833984,9.147419929504395,1235632
2010-07-09,19.738224029541016,19.91770362854004,19.628786087036133,19.856416702270508,9.245255470275879,1084862
2010-07-12,19.738224029541016,19.91770362854004,19.523725509643555,19.799509048461914,9.218754768371582,1249338
2010-07-13,20.031518936157227,20.237260818481445,19.952722549438477,20.145334243774414,9.379773139953613,1177380
2010-07-14,20.014007568359375,20.219751358032227,19.856416702270508,20.00087547302246,9.31251335144043,1148596
2010-07-15,19.948345184326172,20.210996627807617,19.738224029541016,20.132200241088867,9.373659133911133,1299595
2010-07-16,20.040273666381836,20.040273666381836,19.676939010620117,19.73384666442871,9.188188552856445,1419526
2010-07-19,19.786376953125,19.887060165405273,19.5368595123291,19.834529876708984,9.235062599182129,1050824
2010-07-20,19.576255798339844,20.084047317504883,19.493083953857422,20.07967185974121,9.349205017089844,1353050
2010-07-21,20.136579513549805,20.162843704223633,19.61565399169922,19.7250919342041,9.184103965759277,1299824
2010-07-22,19.935213088989258,20.145334243774414,19.88268280029297,19.974609375,9.300285339355469,1337288
2010-07-23,19.98336410522461,20.24163818359375,19.825775146484375,20.119068145751953,9.367542266845703,1115701
2010-07-26,20.254770278930664,20.600595474243164,20.171598434448242,20.600595474243164,9.59174633026123,1056992
2010-07-27,20.82822608947754,21.00770378112793,20.727542877197266,20.972684860229492,9.764993667602539,1693883
2010-07-28,20.683767318725586,20.845735549926758,20.49115753173828,20.58746337890625,9.678559303283691,1485317
2010-07-29,20.745052337646484,20.79320526123047,20.14095687866211,20.351076126098633,9.567429542541504,1301651
2010-07-30,20.171598434448242,20.438627243041992,20.057783126831055,20.368587493896484,9.575664520263672,1032777
2010-08-02,20.618104934692383,21.003326416015625,20.618104934692383,20.950796127319336,9.849369049072266,1175095
2010-08-03,20.880756378173828,20.90264320373535,20.679391860961914,20.749431610107422,9.7547025680542,1373838
2010-08-04,20.79320526123047,20.893888473510742,20.539310455322266,20.73192024230957,9.746475219726562,1281777
2010-08-05,20.583084106445312,20.788829803466797,20.556819915771484,20.661880493164062,9.713547706604004,1102223
2010-08-06,20.495534896850586,20.574329376220703,20.136579513549805,20.425495147705078,9.602415084838867,1250481
2010-08-09,20.49991226196289,20.626859664916992,20.41236114501953,20.54368782043457,9.657979011535645,1130778
2010-08-10,20.346698760986328,20.613727569580078,20.158466339111328,20.469270706176758,9.622995376586914,1336374
2010-08-11,20.04465103149414,20.202241897583008,19.720714569091797,19.738224029541016,9.279314994812012,1985600
2010-08-12,19.55436897277832,19.698827743530273,19.409910202026367,19.646297454833984,9.236098289489746,1666241
2010-08-13,19.602521896362305,19.996498107910156,19.593765258789062,19.786376953125,9.301953315734863,1488058
2010-08-16,19.69007110595703,19.799509048461914,19.57187843322754,19.694448471069336,9.258740425109863,1163445
2010-08-17,19.834529876708984,20.215373992919922,19.790754318237305,20.027141571044922,9.415144920349121,1102908
2010-08-18,20.040273666381836,20.040273666381836,19.7250919342041,19.887060165405273,9.349287033081055,990516
2010-08-19,19.808265686035156,19.834529876708984,19.370513916015625,19.51934814453125,9.17641830444336,1131920
2010-08-20,19.357379913330078,19.449308395385742,19.0028018951416,19.256698608398438,9.052939414978027,1519811
2010-08-23,19.344247817993164,19.5368595123291,19.156015396118164,19.164770126342773,9.009722709655762,1430948
2010-08-24,18.92400550842285,19.10786247253418,18.766416549682617,19.0028018951416,8.933577537536621,1527578
2010-08-25,18.959026336669922,19.11661720275879,18.810190200805664,19.07284164428711,8.96650505065918,1505420
2010-08-26,19.11661720275879,19.33111572265625,18.998424530029297,19.042198181152344,8.952101707458496,2515124
2010-08-27,19.142881393432617,19.45806312561035,18.941516876220703,19.396778106689453,9.118795394897461,1811986
2010-08-30,19.344247817993164,19.388023376464844,18.915250778198242,18.915250778198242,8.892420768737793,1865669
2010-08-31,18.845211029052734,18.959026336669922,18.61758041381836,18.783926010131836,8.830684661865234,2316838
2010-09-01,19.08159637451172,19.396778106689453,18.950271606445312,19.361757278442383,9.102328300476074,1367670
2010-09-02,19.488706588745117,19.493083953857422,19.217300415039062,19.27858543395996,9.06322956085205,1611644
2010-09-03,19.431798934936523,19.641918182373047,19.34862518310547,19.624408721923828,9.225810050964355,1228322
2010-09-07,19.401155471801758,19.449308395385742,19.04657745361328,19.094728469848633,8.976797103881836,2636883
2010-09-08,19.090351104736328,19.3136043548584,19.07284164428711,19.208545684814453,9.030305862426758,1589942
2010-09-09,19.42742156982422,19.5368595123291,19.322359085083008,19.405532836914062,9.122912406921387,1282234
2010-09-10,19.36613655090332,19.59814453125,19.36613655090332,19.462440490722656,9.149663925170898,1097654
2010-09-13,19.620031356811523,19.694448471069336,19.45806312561035,19.488706588745117,9.16201400756836,1333176
2010-09-14,19.45806312561035,19.602521896362305,19.353002548217773,19.528104782104492,9.180536270141602,706793
2010-09-15,19.436176300048828,19.47557258605957,19.212921142578125,19.42742156982422,9.133203506469727,1312616
2010-09-16,19.401155471801758,19.449308395385742,19.265453338623047,19.353002548217773,9.098215103149414,1454477
2010-09-17,19.45806312561035,19.45806312561035,19.177902221679688,19.23480987548828,9.04265308380127,1912957
2010-09-20,19.29609489440918,19.440553665161133,19.173524856567383,19.41866683959961,9.129085540771484,1563215
2010-09-21,19.436176300048828,19.497461318969727,19.256698608398438,19.274208068847656,9.061172485351562,1631975
2010-09-22,19.27858543395996,19.479951858520508,19.274208068847656,19.33987045288086,9.092044830322266,1622838
2010-09-23,19.221677780151367,19.326738357543945,19.16039276123047,19.208545684814453,9.030305862426758,1742997
2010-09-24,19.45806312561035,19.75135612487793,19.37489128112793,19.624408721923828,9.225810050964355,1745053
2010-09-27,19.672561645507812,19.685693740844727,19.471195220947266,19.479951858520508,9.157898902893066,1597024
2010-09-28,19.514970779418945,19.57187843322754,19.177902221679688,19.51934814453125,9.17641830444336,2166982
2010-09-29,19.436176300048828,19.663806915283203,19.33111572265625,19.493083953857422,9.164070129394531,2124492
2010-09-30,19.672561645507812,19.76886749267578,19.493083953857422,19.716337203979492,9.269022941589355,1931003
2010-10-01,19.852039337158203,20.018386840820312,19.7250919342041,19.978988647460938,9.392502784729004,1672638
2010-10-04,19.92207908630371,20.132200241088867,19.891437530517578,20.049028396606445,9.425429344177246,2483143
2010-10-05,20.154088973999023,20.96392822265625,20.022762298583984,20.90702247619629,9.828787803649902,3588792
2010-10-06,20.82822608947754,20.977062225341797,20.688146591186523,20.788829803466797,9.773224830627441,2116497
2010-10-07,20.845735549926758,21.047101974487305,20.718788146972656,20.950796127319336,9.849369049072266,1775664
2010-10-08,21.012081146240234,21.121519088745117,20.90702247619629,21.06899070739746,9.904935836791992,1329978
2010-10-11,21.06023406982422,21.22220230102539,21.047101974487305,21.09525489807129,9.917279243469238,994856
2010-10-12,21.073366165161133,21.169673919677734,20.924531936645508,21.1040096282959,9.921396255493164,951681
2010-10-13,21.200315475463867,21.476099014282227,21.169673919677734,21.36228370666504,10.042816162109375,1277436
2010-10-14,21.423568725585938,21.598669052124023,21.252845764160156,21.392925262451172,10.057222366333008,1287716
2010-10-15,21.50674057006836,21.62493324279785,21.423568725585938,21.59429168701172,10.15188980102539,1687258
2010-10-18,21.589914321899414,21.75625991821289,21.528629302978516,21.655576705932617,10.180702209472656,2420322
2010-10-19,21.4498348236084,21.511119842529297,21.03396987915039,21.165294647216797,9.950211524963379,1723123
2010-10-20,21.25722312927246,21.7037296295166,21.252845764160156,21.537384033203125,10.125136375427246,1543341
2010-10-21,21.651199340820312,21.821922302246094,21.4498348236084,21.546138763427734,10.129249572753906,1257334
2010-10-22,21.62931251525879,21.966381072998047,21.62931251525879,21.931360244750977,10.310349464416504,1640885
2010-10-25,22.071441650390625,22.242164611816406,21.93573760986328,21.962003707885742,10.324755668640137,1592912
2010-10-26,21.887584686279297,22.137104034423828,21.79128074645996,21.922605514526367,10.306236267089844,2246936
2010-10-27,21.668710708618164,21.80003547668457,21.5767822265625,21.74750518798828,10.322860717773438,2246479
2010-10-28,21.865697860717773,21.887584686279297,21.598669052124023,21.738750457763672,10.318703651428223,1575551
2010-10-29,21.734371185302734,21.918228149414062,21.72123908996582,21.80879020690918,10.351951599121094,1688628
2010-11-01,21.93573760986328,22.189634323120117,21.708106994628906,21.830678939819336,10.36234188079834,995542
2010-11-02,22.045175552368164,22.215898513793945,22.00577735900879,22.036420822143555,10.45999526977539,1004908
2010-11-03,22.145858764648438,22.20276641845703,21.725616455078125,22.04955291748047,10.466231346130371,1413815
2010-11-04,22.242164611816406,22.34284782409668,22.106460571289062,22.25529670715332,10.563891410827637,1343456
2010-11-05,22.338470458984375,22.391000747680664,22.141481399536133,22.377866744995117,10.622071266174316,1206620
2010-11-08,22.325336456298828,22.399755477905273,22.26405143737793,22.377866744995117,10.622071266174316,952138
2010-11-09,22.417264938354492,22.509193420410156,22.11959457397461,22.198389053344727,10.536879539489746,1387545
2010-11-10,22.20276641845703,22.382244110107422,22.11083984375,22.373489379882812,10.619989395141602,1146083
2010-11-11,22.224653244018555,22.4873046875,22.207143783569336,22.452285766601562,10.657394409179688,989374
2010-11-12,22.31658172607422,22.732446670532227,22.31658172607422,22.723691940307617,10.786224365234375,2306102
2010-11-15,22.846261978149414,22.951322555541992,22.728069305419922,22.73682403564453,10.792457580566406,1590399
2010-11-16,22.579233169555664,22.579233169555664,21.9532470703125,22.088951110839844,10.484930992126465,1297311
2010-11-17,22.053930282592773,22.123971939086914,21.922605514526367,22.04079818725586,10.462077140808105,1132834
2010-11-18,22.259674072265625,22.3603572845459,22.12834930419922,22.17650032043457,10.52649211883545,1219641
2010-11-19,22.16774559020996,22.26405143737793,22.00577735900879,22.26405143737793,10.568048477172852,1246597
2010-11-22,22.15899085998535,22.49605941772461,22.027666091918945,22.4873046875,10.674016952514648,1089887
2010-11-23,22.233409881591797,22.334091186523438,22.00577735900879,22.325336456298828,10.597137451171875,1058363
2010-11-24,22.43915367126465,22.631763458251953,22.408510208129883,22.631763458251953,10.742586135864258,685320
2010-11-26,22.456663131713867,22.57485580444336,22.338470458984375,22.412887573242188,10.638694763183594,294916
2010-11-29,22.320959091186523,22.417264938354492,22.05830955505371,22.369112014770508,10.617916107177734,608336
2010-11-30,22.194011688232422,22.517948150634766,22.06706428527832,22.373489379882812,10.619989395141602,1827748
2010-12-01,22.649272918701172,22.684293746948242,22.474172592163086,22.517948150634766,10.688562393188477,1061104
2010-12-02,22.51357078552246,22.999475479125977,22.461040496826172,22.98634147644043,10.91089153289795,1350080
2010-12-03,22.942567825317383,23.213972091674805,22.938188552856445,23.19208526611328,11.008556365966797,2773262
2010-12-06,23.15706443786621,23.34967613220215,23.122045516967773,23.310277938842773,11.064655303955078,1273781
2010-12-07,23.481002807617188,23.568552017211914,23.327787399291992,23.362808227539062,11.089591979980469,1644083
2010-12-08,23.362808227539062,23.612327575683594,23.266502380371094,23.60795021057129,11.205950736999512,2004789
2010-12-09,23.686744689941406,23.77867317199707,23.586061477661133,23.71738624572754,11.25790023803711,1808331
2010-12-10,23.77867317199707,23.909997940063477,23.629837036132812,23.75240707397461,11.274520874023438,1630605
2010-12-13,23.870601654052734,23.971282958984375,23.721765518188477,23.74365234375,11.270367622375488,1314444
2010-12-14,23.8049373626709,24.01943588256836,23.8049373626709,23.953773498535156,11.370105743408203,1187203
2010-12-15,23.945018768310547,23.97566032409668,23.555419921875,23.555419921875,11.181017875671387,1480063
2010-12-16,23.546663284301758,23.809314727783203,23.445980072021484,23.57292938232422,11.189332008361816,1927805
2010-12-17,23.52039909362793,23.765539169311523,23.42409324645996,23.70863151550293,11.253742218017578,2832884
2010-12-20,23.818069458007812,24.02819061279297,23.79618263244629,24.01068115234375,11.39711856842041,1286117
2010-12-21,24.067588806152344,24.089475631713867,23.905620574951172,24.076343536376953,11.428284645080566,1027066
2010-12-22,24.076343536376953,24.28646469116211,23.97566032409668,24.194536209106445,11.484386444091797,933406
2010-12-23,24.23393440246582,24.303974151611328,24.133251190185547,24.273332595825195,11.521787643432617,605366
2010-12-27,24.2164249420166,24.325862884521484,24.128873825073242,24.264577865600586,11.517634391784668,455052
2010-12-28,24.33024024963379,24.382770538330078,24.14200782775879,24.299596786499023,11.534258842468262,869443
2010-12-29,24.3389949798584,24.45718765258789,24.29521942138672,24.360883712768555,11.563345909118652,635063
2010-12-30,24.29521942138672,24.51847267150879,24.29521942138672,24.378393173217773,11.571657180786133,705194
2010-12-31,24.343372344970703,24.55349349975586,24.26020050048828,24.282087326049805,11.525946617126465,1103822
2011-01-03,24.444055557250977,24.76799201965332,24.426544189453125,24.702329635620117,11.725417137145996,1212560
2011-01-04,24.601646423339844,24.649799346923828,24.177026748657227,24.347749710083008,11.557112693786621,1548366
2011-01-05,24.115741729736328,24.299596786499023,24.115741729736328,24.24268913269043,11.507245063781738,1145170
2011-01-06,24.290842056274414,24.435300827026367,24.220802307128906,24.382770538330078,11.573740005493164,1703477
2011-01-07,24.391525268554688,24.514095306396484,24.317106246948242,24.435300827026367,11.598670959472656,1809930
2011-01-10,23.923131942749023,24.352127075195312,23.870601654052734,24.33024024963379,11.548805236816406,1883259
2011-01-11,24.352127075195312,24.789878845214844,24.32148551940918,24.754859924316406,11.750356674194336,1384803
2011-01-12,24.8730525970459,25.13132667541504,24.811767578125,25.118192672729492,11.92281723022461,1374295
2011-01-13,25.070039749145508,25.36771011352539,25.070039749145508,25.262651443481445,11.991386413574219,1660302
2011-01-14,25.218875885009766,25.433374404907227,25.19698715209961,25.288915634155273,12.003857612609863,1029808
2011-01-18,25.22325325012207,25.372089385986328,25.026264190673828,25.315181732177734,12.01632308959961,1216443
2011-01-19,25.245140075683594,25.332691192626953,25.161968231201172,25.19698715209961,11.960224151611328,1132377
2011-01-20,25.100683212280273,25.5953426361084,25.039398193359375,25.494659423828125,12.101517677307129,2163555
2011-01-21,25.52530288696289,25.910524368286133,25.424619674682617,25.612852096557617,12.157620429992676,1531233
2011-01-24,25.682893753051758,25.932411193847656,25.665382385253906,25.822973251342773,12.257360458374023,2473548
2011-01-25,25.748554229736328,25.85799217224121,25.442129135131836,25.621606826782227,12.161774635314941,1068414
2011-01-26,25.71353530883789,25.99807357788086,25.68726921081543,25.884258270263672,12.286446571350098,1138317
2011-01-27,25.682893753051758,26.046226501464844,25.6610050201416,25.85799217224121,12.382872581481934,1258248
2011-01-28,25.85799217224121,25.976186752319336,25.674137115478516,25.717912673950195,12.315793991088867,1488972
2011-01-31,25.76606559753418,25.98056411743164,25.752933502197266,25.779197692871094,12.345144271850586,1445111
2011-02-01,25.901769638061523,26.04184913635254,25.827350616455078,25.923656463623047,12.414319038391113,1295940
2011-02-02,25.779197692871094,25.967430114746094,25.73104476928711,25.76606559753418,12.338855743408203,839745
2011-02-03,25.7835750579834,25.941165924072266,25.599720001220703,25.906145095825195,12.405937194824219,1142200
2011-02-04,25.901769638061523,25.932411193847656,25.770442962646484,25.831727981567383,12.3702974319458,1088745
2011-02-07,25.844860076904297,26.072492599487305,25.844860076904297,26.05060386657715,12.475114822387695,945742
2011-02-08,26.00682830810547,26.063737869262695,25.875503540039062,26.054981231689453,12.47721004486084,1185375
2011-02-09,25.932411193847656,26.037471771240234,25.831727981567383,25.906145095825195,12.405937194824219,858021
2011-02-10,25.827350616455078,26.186307907104492,25.827350616455078,26.173175811767578,12.533811569213867,1003765
2011-02-11,26.081247329711914,26.475223541259766,26.046226501464844,26.405183792114258,12.644918441772461,1582404
2011-02-14,26.43582534790039,26.57590675354004,26.335142135620117,26.527753829956055,12.703611373901367,1052880
2011-02-15,26.475223541259766,26.84293556213379,26.46209144592285,26.83855628967285,12.852445602416992,1645910
2011-02-16,26.877954483032227,27.14936065673828,26.877954483032227,27.140605926513672,12.997092247009277,1491256
2011-02-17,27.101207733154297,27.644020080566406,27.057432174682617,27.613378524780273,13.223489761352539,1878234
2011-02-18,27.52145004272461,28.309402465820312,27.267553329467773,28.300647735595703,13.552617073059082,3012667
2011-02-22,28.300647735595703,28.300647735595703,27.687795639038086,27.722816467285156,13.275904655456543,2854586
2011-02-23,27.722816467285156,27.801610946655273,27.30695152282715,27.740325927734375,13.284285545349121,2544136
2011-02-24,27.661529541015625,27.946069717407227,27.538959503173828,27.608999252319336,13.22140121459961,2465096
2011-02-25,27.75345802307129,28.0467529296875,27.74470329284668,28.02048683166504,13.418453216552734,926781
2011-02-28,28.05988311767578,28.44948387145996,28.05988311767578,28.265628814697266,13.535842895507812,1665099
2011-03-01,28.388198852539062,28.488880157470703,27.731571197509766,27.78847885131836,13.307345390319824,1220783
2011-03-02,27.84100914001465,27.989843368530273,27.665908813476562,27.88040542602539,13.351366996765137,1586744
2011-03-03,28.01173210144043,28.453861236572266,28.00297737121582,28.3619327545166,13.581960678100586,1157277
2011-03-04,28.28751564025879,28.45823860168457,28.02924156188965,28.248117446899414,13.527458190917969,1104736
2011-03-07,28.28751564025879,28.453861236572266,27.810365676879883,28.051128387451172,13.433121681213379,1317870
2011-03-08,28.051128387451172,28.453861236572266,27.92418098449707,28.41446304321289,13.607115745544434,1307819
2011-03-09,28.270004272460938,28.633338928222656,28.270004272460938,28.607074737548828,13.699355125427246,1339115
2011-03-10,28.331289291381836,28.624584197998047,28.037996292114258,28.45823860168457,13.628082275390625,2368009
2011-03-11,28.19996452331543,28.624584197998047,28.19996452331543,28.598318099975586,13.695160865783691,1430948
2011-03-14,28.309402465820312,28.436351776123047,28.125547409057617,28.270004272460938,13.537940979003906,3269890
2011-03-15,27.5739803314209,27.70968246459961,27.2281551361084,27.50394058227539,13.171088218688965,3288851
2011-03-16,27.403257369995117,27.608999252319336,26.965505599975586,27.2281551361084,13.039018630981445,2394051
2011-03-17,27.600244522094727,27.937313079833984,27.302574157714844,27.805988311767578,13.315731048583984,1457904
2011-03-18,28.25249481201172,28.593942642211914,27.94169044494629,28.033618927001953,13.424737930297852,1658703
2011-03-21,28.270004272460938,29.00980567932129,28.270004272460938,28.96603012084961,13.87125301361084,1802620
2011-03-22,29.04482650756836,29.110488891601562,28.821571350097656,28.900367736816406,13.839810371398926,1078465
2011-03-23,28.891613006591797,29.00980567932129,28.712133407592773,28.92225456237793,13.85029125213623,778752
2011-03-24,29.057958602905273,29.075468063354492,28.602697372436523,28.663982391357422,13.726611137390137,1240658
2011-03-25,28.67273712158203,29.062335968017578,28.663982391357422,28.917877197265625,13.848196983337402,2066468
2011-03-28,28.970407485961914,29.13675308227539,28.738399505615234,28.769041061401367,13.77691650390625,1193371
2011-03-29,28.71651268005371,28.75153160095215,28.528278350830078,28.589563369750977,13.690966606140137,1256192
2011-03-30,28.67273712158203,29.027315139770508,28.633338928222656,28.86096954345703,13.820942878723145,1708731
2011-03-31,28.808439254760742,29.329364776611328,28.808439254760742,29.27683448791504,14.020089149475098,1160704
2011-04-01,29.482576370239258,29.565750122070312,29.219926834106445,29.4913330078125,14.122806549072266,1115929
2011-04-04,29.548240661621094,29.58763885498047,29.425670623779297,29.570127487182617,14.160543441772461,1366300
2011-04-05,29.478200912475586,29.58763885498047,29.373140335083008,29.469444274902344,14.112330436706543,1067272
2011-04-06,29.513219833374023,29.556995391845703,28.957275390625,29.014183044433594,13.894314765930176,1884858
2011-04-07,28.961652755737305,29.00105094909668,28.56329917907715,28.764665603637695,13.774827003479004,1777263
2011-04-08,28.944143295288086,29.014183044433594,28.532655715942383,28.650848388671875,13.720317840576172,873326
2011-04-11,28.7077579498291,28.764665603637695,28.27876091003418,28.410085678100586,13.605024337768555,1116615
2011-04-12,28.22623062133789,28.340045928955078,27.766590118408203,28.19120979309082,13.50020980834961,1749165
2011-04-13,28.25249481201172,28.580808639526367,28.20871925354004,28.20871925354004,13.508591651916504,1346882
2011-04-14,28.051128387451172,28.24374008178711,27.858518600463867,28.213098526000977,13.510686874389648,1202508
2011-04-15,28.213098526000977,28.50201416015625,28.068639755249023,28.47574806213379,13.636466979980469,1854704
2011-04-18,28.160566329956055,28.230607986450195,27.845386505126953,28.116792678833008,13.464566230773926,1206392
2011-04-19,28.116792678833008,28.2962703704834,28.02048683166504,28.169321060180664,13.489727020263672,1171669
2011-04-20,28.532655715942383,29.184906005859375,28.506391525268555,29.12799835205078,13.948819160461426,1637001
2011-04-21,29.263702392578125,29.289966583251953,29.0185604095459,29.27683448791504,14.020089149475098,733521
2011-04-25,29.303098678588867,29.416915893554688,29.014183044433594,29.41253662109375,14.085071563720703,1135575
2011-04-26,29.548240661621094,30.00787925720215,29.4913330078125,29.977237701416016,14.355502128601074,2019866
2011-04-27,29.915952682495117,30.095430374145508,29.6182804107666,30.029766082763672,14.490689277648926,1676293
2011-04-28,30.003501892089844,30.34932518005371,29.985992431640625,30.24864387512207,14.596302032470703,1247054
2011-04-29,30.2749080657959,30.638242721557617,30.174224853515625,30.61635398864746,14.773740768432617,1688172
2011-05-02,30.690771102905273,30.752056121826172,30.43687629699707,30.53318214416504,14.733609199523926,1827977
2011-05-03,30.353702545166016,30.598844528198242,30.239887237548828,30.432498931884766,14.68502140045166,3984450
2011-05-04,29.289966583251953,29.69707679748535,29.28558921813965,29.52635383605957,14.247767448425293,3920716
2011-05-05,29.320608139038086,29.81964683532715,29.05358123779297,29.565750122070312,14.266777038574219,1927805
2011-05-06,30.029766082763672,30.4631404876709,29.994747161865234,30.414989471435547,14.676575660705566,1937857
2011-05-09,30.34932518005371,30.909648895263672,30.261775970458984,30.8089656829834,14.866684913635254,1630376
2011-05-10,30.922780990600586,31.102258682250977,30.782699584960938,31.03221893310547,14.974420547485352,1105878
2011-05-11,30.861494064331055,30.97093391418457,30.182979583740234,30.506916046142578,14.720937728881836,1873208
2011-05-12,30.375591278076172,30.49816131591797,30.134828567504883,30.397478103637695,14.668130874633789,1464300
2011-05-13,30.49816131591797,30.70390510559082,30.047277450561523,30.301172256469727,14.621658325195312,1471610
2011-05-16,30.23113250732422,30.506916046142578,30.095430374145508,30.24864387512207,14.596302032470703,1800564
2011-05-17,30.08229637145996,30.362457275390625,30.064786911010742,30.239887237548828,14.592082977294922,2660184
2011-05-18,30.379968643188477,30.9971981048584,30.323060989379883,30.91840362548828,14.919499397277832,1720382
2011-05-19,31.036596298217773,31.1241455078125,30.848363876342773,30.922780990600586,14.921611785888672,1369269
2011-05-20,30.905271530151367,31.137279510498047,30.787078857421875,30.89213752746582,14.906821250915527,1551564
2011-05-23,30.458763122558594,30.769567489624023,30.450008392333984,30.62510871887207,14.777969360351562,1635402
2011-05-24,30.773944854736328,30.822097778320312,30.4631404876709,30.555068969726562,14.744172096252441,2244423
2011-05-25,30.4631404876709,30.940290451049805,30.39310073852539,30.835229873657227,14.879358291625977,1456305
2011-05-26,30.708282470703125,30.734546661376953,30.44563102722168,30.63386344909668,14.782188415527344,1825236
2011-05-27,30.73016929626465,30.879005432128906,30.594467163085938,30.646997451782227,14.788530349731445,1664642
2011-05-31,31.001575469970703,31.13290023803711,30.914026260375977,31.119768142700195,15.016658782958984,2032888
2011-06-01,31.005952835083008,31.172298431396484,30.75643539428711,30.817720413208008,14.870912551879883,1879833
2011-06-02,30.865873336791992,30.905271530151367,30.51567268371582,30.646997451782227,14.788530349731445,1525522
2011-06-03,30.218000411987305,30.8089656829834,30.069164276123047,30.511293411254883,14.723042488098145,1459046
2011-06-06,30.397478103637695,30.476274490356445,29.90281867980957,29.942216873168945,14.448446273803711,1337973
2011-06-07,30.121694564819336,30.414989471435547,29.994747161865234,30.174224853515625,14.560394287109375,1382062
2011-06-08,30.191734313964844,30.327438354492188,29.88530921936035,30.24864387512207,14.596302032470703,1253907
2011-06-09,30.301172256469727,30.6863956451416,30.139205932617188,30.43687629699707,14.687139511108398,1842825
2011-06-10,30.331815719604492,30.485029220581055,30.187358856201172,30.22237777709961,14.583633422851562,1431177
2011-06-13,30.314306259155273,30.441253662109375,29.89406394958496,30.130449295043945,14.53927230834961,1429806
2011-06-14,30.41936683654785,30.555068969726562,30.283662796020508,30.506916046142578,14.720937728881836,1558189
2011-06-15,30.261775970458984,30.441253662109375,29.88530921936035,30.08229637145996,14.516032218933105,1574637
2011-06-16,30.12607192993164,30.344947814941406,29.810890197753906,29.95534896850586,14.454782485961914,2184343
2011-06-17,30.182979583740234,30.49816131591797,30.112939834594727,30.366836547851562,14.653342247009277,1791883
2011-06-20,30.226755142211914,30.94466781616211,30.19611358642578,30.940290451049805,14.930061340332031,1865898
2011-06-21,31.14165687561035,31.491857528686523,31.089126586914062,31.43494987487793,15.168747901916504,4122428
2011-06-22,31.404306411743164,31.72824478149414,31.294870376586914,31.518123626708984,15.20888614654541,2087942
2011-06-23,31.14165687561035,31.71073341369629,31.027841567993164,31.662580490112305,15.278593063354492,2596906
2011-06-24,31.671335220336914,32.29294204711914,31.62318229675293,32.074066162109375,15.477157592773438,4208550
2011-06-27,32.170372009277344,32.68254089355469,32.11346435546875,32.170372009277344,15.5236234664917,3156127
2011-06-28,32.3148307800293,32.3148307800293,31.93398666381836,32.03904724121094,15.460254669189453,3248188
2011-06-29,32.17475128173828,32.419891357421875,31.90772247314453,32.34547424316406,15.60811996459961,2634827
2011-06-30,32.4724235534668,32.63001251220703,32.26667785644531,32.39800262451172,15.633466720581055,1853334
2011-07-01,32.428646087646484,33.041500091552734,32.40675735473633,32.98459243774414,15.916520118713379,1345740
2011-07-05,32.90579605102539,33.28664016723633,32.883907318115234,32.92768478393555,15.889063835144043,1878005
2011-07-06,32.83575439453125,33.08089828491211,32.774471282958984,33.063385009765625,15.954543113708496,2044081
2011-07-07,33.26913070678711,33.317283630371094,32.866397857666016,32.99772262573242,15.922861099243164,1706447
2011-07-08,32.63439178466797,32.95832443237305,32.63439178466797,32.94081497192383,15.895401000976562,1309647
2011-07-11,32.590614318847656,32.599369049072266,32.26230239868164,32.4155158996582,15.64191722869873,1408789
2011-07-12,32.319210052490234,32.590614318847656,32.1922607421875,32.34547424316406,15.60811996459961,1319013
2011-07-13,32.481178283691406,32.704429626464844,32.23603439331055,32.29732131958008,15.584884643554688,1073211
2011-07-14,32.44178009033203,32.726318359375,32.13972854614258,32.23603439331055,15.555317878723145,2338083
2011-07-15,32.39800262451172,32.70880889892578,32.244789123535156,32.5687255859375,15.715846061706543,3851955
2011-07-18,32.45053482055664,32.481178283691406,32.20539474487305,32.36735916137695,15.618680000305176,2104618
2011-07-19,32.46804428100586,32.90141677856445,32.39362716674805,32.76133728027344,15.808791160583496,1349395
2011-07-20,32.796356201171875,32.853267669677734,32.46366882324219,32.625633239746094,15.743305206298828,1774293
2011-07-21,32.853267669677734,33.35230255126953,32.8488883972168,33.24724197387695,16.043262481689453,1498566
2011-07-22,33.35668182373047,33.38732147216797,33.0371208190918,33.11591720581055,15.979894638061523,1066129
2011-07-25,32.91455078125,33.18157958984375,32.83575439453125,32.91455078125,15.882729530334473,1229464
2011-07-26,32.875152587890625,33.023990631103516,32.64314651489258,32.686920166015625,15.772879600524902,1496967
2011-07-27,32.529327392578125,32.66503143310547,32.3148307800293,32.323585510253906,15.597557067871094,1824779
2011-07-28,32.18788146972656,32.358604431152344,31.920854568481445,31.94274139404297,15.531574249267578,3032313
2011-07-29,31.601295471191406,32.1922607421875,31.303625106811523,31.86394691467285,15.493261337280273,2611298
2011-08-01,32.21852493286133,32.26230239868164,31.56189727783203,31.846437454223633,15.484749794006348,1821809
2011-08-02,31.69322395324707,31.93398666381836,31.189809799194336,31.29924774169922,15.218689918518066,2190283
2011-08-03,31.093503952026367,31.207319259643555,29.780248641967773,30.270530700683594,14.718488693237305,5903803
2011-08-04,29.824024200439453,29.837156295776367,28.077394485473633,28.21747589111328,13.720229148864746,7557252
2011-08-05,28.396953582763672,28.598318099975586,27.241289138793945,27.884784698486328,13.558465003967285,6701973
2011-08-08,27.136228561401367,27.4514102935791,25.805463790893555,25.963054656982422,12.624059677124023,5965482
2011-08-09,26.39204978942871,27.810365676879883,25.656627655029297,27.801610946655273,13.518022537231445,4545956
2011-08-10,27.311328887939453,28.318157196044922,27.140605926513672,27.25442123413086,13.251961708068848,4474911
2011-08-11,27.37261390686035,29.329364776611328,27.315706253051758,28.93100929260254,14.067177772521973,3658467
2011-08-12,29.259323120117188,29.43004608154297,28.804061889648438,29.031692504882812,14.116129875183105,1956817
2011-08-15,29.311853408813477,30.060409545898438,29.27683448791504,29.854665756225586,14.51628303527832,2750418
2011-08-16,29.570127487182617,30.03414535522461,29.45631217956543,29.841533660888672,14.50990104675293,1749165
2011-08-17,30.07354164123535,30.423744201660156,29.7408504486084,29.93783950805664,14.556730270385742,1591313
2011-08-18,29.246192932128906,29.408159255981445,28.847837448120117,29.167396545410156,14.182109832763672,3169148
2011-08-19,28.821571350097656,29.43880271911621,28.68149185180664,28.78655242919922,13.99693489074707,2210842
2011-08-22,29.43004608154297,29.47382164001465,28.49325942993164,28.611452102661133,13.911792755126953,2218609
2011-08-23,28.712133407592773,29.4913330078125,28.453861236572266,29.460689544677734,14.324721336364746,2320265
2011-08-24,29.263702392578125,29.950971603393555,28.891613006591797,29.924707412719727,14.550341606140137,1982631
2011-08-25,30.01663589477539,30.095430374145508,29.27683448791504,29.4913330078125,14.33962631225586,2156474
2011-08-26,29.316232681274414,30.156715393066406,28.8959903717041,30.11731719970703,14.643996238708496,1708731
2011-08-29,30.493783950805664,31.084749221801758,30.44563102722168,31.040973663330078,15.093107223510742,1284747
2011-08-30,30.861494064331055,31.251094818115234,30.57695770263672,31.06723976135254,15.105880737304688,1741170
2011-08-31,31.229206085205078,31.469970703125,30.852739334106445,31.036596298217773,15.09097671508789,2319580
2011-09-01,31.14165687561035,31.56627655029297,31.005952835083008,31.0628604888916,15.103742599487305,2008673
2011-09-02,30.45438575744629,30.54193687438965,29.907197952270508,30.00787925720215,14.590787887573242,2244195
2011-09-06,29.014183044433594,29.6182804107666,29.00105094909668,29.565750122070312,14.375805854797363,2314783
2011-09-07,30.047277450561523,30.45438575744629,29.942216873168945,30.358081817626953,14.761063575744629,1894453
2011-09-08,30.270530700683594,30.585712432861328,29.872177124023438,29.933462142944336,14.554606437683105,2115583
2011-09-09,29.644546508789062,29.72334098815918,28.93100929260254,29.088600158691406,14.143799781799316,1666013
2011-09-12,28.773420333862305,28.987918853759766,28.37068748474121,28.834705352783203,14.020350456237793,2344708
2011-09-13,28.979162216186523,29.39502716064453,28.738399505615234,29.329364776611328,14.260863304138184,2347221
2011-09-14,29.443180084228516,29.824024200439453,28.93976593017578,29.600770950317383,14.39283561706543,2543679
2011-09-15,29.797758102416992,29.977237701416016,29.46506690979004,29.876554489135742,14.526931762695312,1541056
2011-09-16,30.012256622314453,30.4631404876709,29.653301239013672,29.88530921936035,14.531184196472168,3592904
2011-09-19,29.294343948364258,29.872177124023438,29.228681564331055,29.7408504486084,14.460943222045898,1748480
2011-09-20,29.880931854248047,30.39310073852539,29.613903045654297,29.793380737304688,14.486490249633789,1463158
2011-09-21,29.7408504486084,29.898441314697266,29.03607177734375,29.071090698242188,14.135283470153809,1810387
2011-09-22,28.19996452331543,28.576431274414062,27.770967483520508,28.1737003326416,13.69894790649414,2524034
2011-09-23,27.981088638305664,28.331289291381836,27.69217300415039,28.178077697753906,13.701077461242676,2363669
2011-09-26,28.453861236572266,28.75153160095215,28.3619327545166,28.668359756469727,13.939467430114746,3263722
2011-09-27,29.346874237060547,30.051654815673828,29.324987411499023,29.574504852294922,14.380067825317383,2897533
2011-09-28,29.701452255249023,29.872177124023438,29.13675308227539,29.22430419921875,14.209783554077148,2020552
2011-09-29,29.867799758911133,30.121694564819336,29.294343948364258,29.622657775878906,14.40347671508789,3393019
2011-09-30,29.24181365966797,29.504465103149414,28.909122467041016,28.909122467041016,14.05653190612793,2414382
2011-10-03,28.843460083007812,29.377517700195312,28.25249481201172,28.25249481201172,13.73725700378418,2904615
2011-10-04,27.954824447631836,28.186832427978516,27.328838348388672,28.1080379486084,13.66701889038086,4111920
2011-10-05,28.261249542236328,28.97478675842285,27.770967483520508,28.812816619873047,14.009703636169434,2720492
2011-10-06,28.703378677368164,29.539485931396484,28.506391525268555,29.539485931396484,14.363036155700684,1983773
2011-10-07,29.832778930664062,30.301172256469727,29.5526180267334,29.73209571838379,14.45669174194336,2884969
2011-10-10,30.253019332885742,31.216073989868164,30.235509872436523,31.216073989868164,15.178250312805176,2549619
2011-10-11,30.940290451049805,31.023462295532227,30.708282470703125,30.89213752746582,15.020743370056152,3007413
2011-10-12,31.172298431396484,31.272981643676758,30.804588317871094,30.826475143432617,14.988813400268555,1859958
2011-10-13,30.550691604614258,30.822097778320312,30.327438354492188,30.725791931152344,14.939860343933105,1845795
2011-10-14,31.13290023803711,31.16792106628418,30.76519012451172,30.931535720825195,15.039897918701172,1691598
2011-10-17,31.005952835083008,31.430572509765625,30.9359130859375,31.089126586914062,15.116518020629883,2253789
2011-10-18,31.13290023803711,31.94274139404297,30.822097778320312,31.627561569213867,15.378327369689941,2137513
2011-10-19,31.671335220336914,32.20977020263672,31.29924774169922,31.456838607788086,15.295308113098145,2084743
2011-10-20,31.553142547607422,31.780773162841797,31.378042221069336,31.662580490112305,15.395352363586426,1430034
2011-10-21,32.07844543457031,32.244789123535156,31.767641067504883,32.244789123535156,15.678438186645508,1674922
2011-10-24,32.17912673950195,32.74820327758789,32.10908889770508,32.71756362915039,15.90831470489502,2028776
2011-10-25,32.538082122802734,32.62125778198242,32.22727966308594,32.310455322265625,15.710363388061523,2517637
2011-10-26,32.64314651489258,32.774471282958984,32.20539474487305,32.62125778198242,15.86148738861084,1480291
2011-10-27,33.330413818359375,33.82945251464844,33.11153793334961,33.597442626953125,16.336145401000977,2630487
2011-10-28,33.488006591796875,33.70688247680664,33.317283630371094,33.575557708740234,16.325498580932617,1150652
2011-10-31,33.220977783203125,33.667484283447266,33.09840774536133,33.291015625,16.18714714050293,1153622
2011-11-01,32.30607604980469,32.83137893676758,32.01278305053711,32.28856658935547,15.699728012084961,1589486
2011-11-02,33.08965301513672,33.763790130615234,32.74382781982422,33.11591720581055,16.102005004882812,1882574
2011-11-03,33.1947135925293,33.82945251464844,33.13780212402344,33.71563720703125,16.51587677001953,1753049
2011-11-04,33.24724197387695,34.013309478759766,33.159690856933594,33.93888854980469,16.62523651123047,1967554
2011-11-07,34.004554748535156,34.07897186279297,33.3829460144043,33.934513092041016,16.623090744018555,1163902
2011-11-08,33.90824890136719,34.18403244018555,33.39607620239258,34.12712478637695,16.717445373535156,1825236
2011-11-09,33.42234420776367,33.78567886352539,32.945194244384766,33.015235900878906,16.172775268554688,1756247
2011-11-10,33.417964935302734,33.91262435913086,33.124671936035156,33.776920318603516,16.54589080810547,1819753
2011-11-11,34.10085678100586,34.468570709228516,34.052703857421875,34.45543670654297,16.878265380859375,1405363
2011-11-14,34.328487396240234,34.55174255371094,33.96953201293945,34.2365608215332,16.77104949951172,1945623
2011-11-15,34.4817008972168,35.190860748291016,34.407283782958984,34.8275260925293,17.060537338256836,2124720
2011-11-16,34.4817008972168,35.020137786865234,34.28908920288086,34.78375244140625,17.039098739624023,2429003
2011-11-17,34.683067321777344,35.00700378417969,34.486080169677734,34.81439208984375,17.05410385131836,2007531
2011-11-18,34.91945266723633,35.15584182739258,34.735599517822266,34.871299743652344,17.08198356628418,1728377
2011-11-21,34.46419143676758,34.6392936706543,34.131500244140625,34.41166305541992,16.856826782226562,1606847
2011-11-22,34.43354797363281,34.726844787597656,34.219051361083984,34.499210357666016,16.89971160888672,1187431
2011-11-23,34.19716262817383,34.26282501220703,33.851341247558594,33.87760543823242,16.595211029052734,1332719
2011-11-25,33.8907356262207,34.416038513183594,33.72439193725586,34.02643966674805,16.668121337890625,417588
2011-11-28,35.002628326416016,35.230255126953125,34.72246551513672,34.915077209472656,17.103422164916992,1983545
2011-11-29,35.07266616821289,35.39222717285156,34.94572067260742,35.26527786254883,17.27497673034668,1496739
2011-11-30,36.16704559326172,36.626686096191406,35.92628479003906,36.4034309387207,17.832508087158203,2426947
2011-12-01,36.23708724975586,36.77114486694336,36.23270797729492,36.40781021118164,17.83465003967285,1691827
2011-12-02,36.753631591796875,36.84556198120117,36.385921478271484,36.385921478271484,17.82393455505371,2153961
2011-12-05,36.77114486694336,36.919979095458984,36.394676208496094,36.722991943359375,17.989046096801758,1443284
2011-12-06,36.69234848022461,36.70985794067383,36.31150436401367,36.394676208496094,17.828218460083008,1410389
2011-12-07,36.394676208496094,36.50849151611328,36.06198501586914,36.31150436401367,17.787479400634766,1296854
2011-12-08,36.11451721191406,36.13202667236328,35.15584182739258,35.475399017333984,17.37790298461914,2033573
2011-12-09,35.69427490234375,36.64857482910156,35.593589782714844,36.556644439697266,17.907560348510742,1609360
2011-12-12,36.280860900878906,36.385921478271484,35.79495620727539,36.04447555541992,17.656665802001953,1529177
2011-12-13,36.42094039916992,36.661705017089844,35.92628479003906,36.05760955810547,17.663105010986328,1502221
2011-12-14,35.851863861083984,35.92628479003906,35.42724609375,35.50604248046875,17.392913818359375,1415414
2011-12-15,35.8387336730957,36.38154220581055,35.81246566772461,36.101383209228516,17.684551239013672,1479149
2011-12-16,36.1495361328125,36.49973678588867,35.733673095703125,35.921905517578125,17.59663200378418,6270450
2011-12-19,36.11451721191406,36.635440826416016,36.05760955810547,36.13202667236328,17.699560165405273,1195655
2011-12-20,36.736122131347656,37.090702056884766,36.49973678588867,37.01628494262695,18.132719039916992,1251394
2011-12-21,36.990020751953125,37.49781036376953,36.79302978515625,37.462791442871094,18.351449966430664,1630376
2011-12-22,37.6597785949707,37.73857498168945,37.278934478759766,37.458412170410156,18.34929656982422,1242028
2011-12-23,37.46717071533203,37.97496032714844,37.46717071533203,37.86114501953125,18.54657745361328,886804
2011-12-27,37.734195709228516,38.16319274902344,37.734195709228516,37.95307159423828,18.591617584228516,986175
2011-12-28,38.0056037902832,38.03624725341797,37.53282928466797,37.60287094116211,18.420061111450195,1017700
2011-12-29,37.79110336303711,38.07564163208008,37.79110336303711,37.95307159423828,18.591617584228516,1446711
2011-12-30,37.78672790527344,38.158817291259766,37.78672790527344,37.94869613647461,18.58946990966797,1277665
2012-01-03,38.526527404785156,38.57905960083008,37.992469787597656,38.268253326416016,18.74600601196289,2066925
2012-01-04,38.285762786865234,38.417091369628906,37.96620559692383,38.237613677978516,18.731000900268555,1709873
2012-01-05,38.09315490722656,38.54841613769531,38.02311325073242,38.277008056640625,18.750293731689453,1553849
2012-01-06,38.28138732910156,38.30765151977539,37.98371505737305,38.176326751708984,18.700971603393555,1164816
2012-01-09,38.185081481933594,38.259498596191406,37.79110336303711,37.979339599609375,18.604488372802734,1414500
2012-01-10,38.31203079223633,38.68849563598633,38.13692855834961,38.59218978881836,18.904685974121094,2149164
2012-01-11,38.59218978881836,38.77166748046875,38.447731018066406,38.67974090576172,18.947574615478516,2145052
2012-01-12,38.68411636352539,38.92050552368164,38.36018371582031,38.36893844604492,18.795326232910156,1261217
2012-01-13,38.09315490722656,38.93801498413086,38.088775634765625,38.87672805786133,19.044069290161133,2153504
2012-01-17,39.09122848510742,39.235687255859375,38.39957809448242,38.530906677246094,18.874664306640625,1462701
2012-01-18,38.55717086791992,39.05183029174805,38.47837448120117,38.84608459472656,19.029062271118164,1822951
2012-01-19,38.9161262512207,39.10873794555664,38.631587982177734,38.732269287109375,18.973316192626953,1335917
2012-01-20,38.74978256225586,38.89423751831055,38.32954025268555,38.48712921142578,18.853227615356445,1661901
2012-01-23,38.4389762878418,38.94676971435547,38.4083366394043,38.49150848388672,18.85537338256836,1776578
2012-01-24,38.33391571044922,38.561546325683594,38.13254928588867,38.1938362121582,18.70955467224121,1385945
2012-01-25,38.02311325073242,38.46961975097656,37.76046371459961,38.36893844604492,18.795326232910156,2267267
2012-01-26,38.41271209716797,38.723514556884766,38.364559173583984,38.530906677246094,18.874664306640625,1185375
2012-01-27,38.30327224731445,38.30327224731445,37.24391555786133,37.25267028808594,18.37586784362793,2209243
2012-01-30,36.95062255859375,37.04254913330078,36.48660659790039,36.61355209350586,18.06060028076172,2868521
2012-01-31,36.68359375,36.736122131347656,36.25021743774414,36.4034309387207,17.956958770751953,2940251
2012-02-01,35.72929382324219,36.14078140258789,35.70302963256836,35.77744674682617,17.648176193237305,3917746
2012-02-02,35.84748840332031,36.031341552734375,35.278411865234375,35.41411209106445,17.468948364257812,2619521
2012-02-03,35.24776840209961,35.81684494018555,35.06829071044922,35.764312744140625,17.641687393188477,2710897
2012-02-06,35.562950134277344,35.834354400634766,35.475399017333984,35.77744674682617,17.648176193237305,1512044
2012-02-07,35.615478515625,36.23270797729492,35.51041793823242,36.14078140258789,17.82740020751953,1612558
2012-02-08,36.15391540527344,36.2151985168457,35.68989562988281,35.87375259399414,17.6956787109375,1443055
2012-02-09,35.87375259399414,35.99632263183594,35.554195404052734,35.76869201660156,17.643857955932617,1419983
2012-02-10,35.558570861816406,35.60234451293945,35.295921325683594,35.46226501464844,17.49269676208496,1361502
2012-02-13,35.593589782714844,35.843109130859375,35.54106140136719,35.69865036010742,17.609302520751953,1112046
2012-02-14,35.69865036010742,35.78620147705078,35.40098190307617,35.576080322265625,17.548843383789062,1515928
2012-02-15,35.62423324584961,35.65925216674805,35.1164436340332,35.217124938964844,17.371780395507812,1602963
2012-02-16,35.34844970703125,36.188934326171875,35.34407424926758,36.05760955810547,17.78636932373047,1750307
2012-02-17,36.35527801513672,36.85431671142578,35.92628479003906,35.93503952026367,17.725910186767578,2237341
2012-02-21,36.0838737487793,36.49973678588867,36.018211364746094,36.447208404541016,17.978551864624023,1790741
2012-02-22,36.197689056396484,36.78865432739258,36.197689056396484,36.48222732543945,17.995824813842773,1522553
2012-02-23,36.51287078857422,36.893714904785156,36.51287078857422,36.841182708740234,18.172883987426758,1324952
2012-02-24,36.88933563232422,36.95499801635742,36.644195556640625,36.714237213134766,18.110267639160156,1132377
2012-02-27,36.469093322753906,36.67045974731445,36.40781021118164,36.48222732543945,17.995824813842773,1327922
2012-02-28,36.4603385925293,36.50411605834961,35.724918365478516,35.930660247802734,17.723751068115234,1865441
2012-02-29,36.03572082519531,36.30712890625,35.825599670410156,36.17580032348633,17.844669342041016,1910215
2012-03-01,36.188934326171875,36.3377685546875,35.94816970825195,36.15829086303711,17.836036682128906,1785030
2012-03-02,36.15391540527344,36.41656494140625,36.097007751464844,36.24146270751953,17.877059936523438,1143571
2012-03-05,36.110137939453125,36.4603385925293,36.040096282958984,36.385921478271484,17.94832420349121,1250481
2012-03-06,36.17580032348633,36.25021743774414,35.94379425048828,36.13202667236328,17.823076248168945,2296279
2012-03-07,36.14515686035156,36.15829086303711,35.91752624511719,36.03572082519531,17.77556800842285,1442370
2012-03-08,36.17580032348633,36.3377685546875,36.00507736206055,36.15829086303711,17.836036682128906,1501308
2012-03-09,36.2151985168457,36.705482482910156,36.16267013549805,36.447208404541016,17.978551864624023,1911129
2012-03-12,36.61355209350586,37.21327209472656,36.61355209350586,36.98564147949219,18.244140625,2021237
2012-03-13,37.13010025024414,37.287689208984375,36.96813201904297,37.21327209472656,18.35643196105957,1428892
2012-03-14,37.20889663696289,37.33146667480469,36.71861267089844,36.731746673583984,18.118907928466797,1234033
2012-03-15,36.740501403808594,36.823673248291016,36.438453674316406,36.582908630371094,18.04548454284668,1523009
2012-03-16,36.556644439697266,36.626686096191406,36.267730712890625,36.267730712890625,17.8900203704834,1949279
2012-03-19,36.26335144042969,36.661705017089844,36.25897216796875,36.35527801513672,17.933202743530273,1066586
2012-03-20,36.18455505371094,36.33339309692383,36.07511901855469,36.25897216796875,17.885698318481445,1324952
2012-03-21,36.21957778930664,36.2721061706543,36.018211364746094,36.018211364746094,17.766939163208008,957164
2012-03-22,35.825599670410156,35.860618591308594,35.5498161315918,35.68552017211914,17.602825164794922,1252537
2012-03-23,35.69865036010742,36.097007751464844,35.63298797607422,35.97443389892578,17.745342254638672,1075496
2012-03-26,36.18455505371094,36.37278747558594,36.06636428833008,36.15829086303711,17.836036682128906,1044428
2012-03-27,36.14078140258789,36.202064514160156,35.96567916870117,36.06636428833008,17.79068374633789,963788
2012-03-28,35.9613037109375,36.14515686035156,35.58921432495117,35.82122039794922,17.66976547241211,933634
2012-03-29,35.558570861816406,35.89126205444336,35.317806243896484,35.84748840332031,17.68272590637207,743801
2012-03-30,35.96567916870117,35.991943359375,35.67676544189453,35.746803283691406,17.633058547973633,1063845
2012-04-02,35.615478515625,35.95692443847656,35.484153747558594,35.724918365478516,17.62226104736328,1721295
2012-04-03,35.746803283691406,35.88250732421875,35.60234451293945,35.851863861083984,17.68488311767578,1502678
2012-04-04,35.584835052490234,35.663631439208984,35.41411209106445,35.43600082397461,17.479747772216797,1060875
2012-04-05,35.34844970703125,35.60672378540039,35.32656478881836,35.50166320800781,17.51213264465332,712733
2012-04-09,35.1470832824707,35.479774475097656,35.09017562866211,35.317806243896484,17.421443939208984,2071951
2012-04-10,35.317806243896484,35.379093170166016,34.6392936706543,34.73997497558594,17.13640785217285,2163327
2012-04-11,35.06829071044922,35.479774475097656,35.050777435302734,35.25652313232422,17.39120864868164,2369608
2012-04-12,35.2696533203125,35.387847900390625,35.011383056640625,35.22587966918945,17.376094818115234,1255278
2012-04-13,35.1733512878418,35.52792739868164,35.08580017089844,35.1164436340332,17.322114944458008,935462
2012-04-16,35.25652313232422,35.26089859008789,34.871299743652344,35.020137786865234,17.274606704711914,1084862
2012-04-17,35.1733512878418,35.562950134277344,34.88443374633789,35.49728775024414,17.509977340698242,1518669
2012-04-18,35.36595916748047,35.554195404052734,35.3046760559082,35.42724609375,17.475427627563477,905765
2012-04-19,35.396602630615234,35.62423324584961,35.230255126953125,35.43162155151367,17.47758674621582,847512
2012-04-20,35.51917266845703,36.469093322753906,35.51917266845703,36.25897216796875,17.885698318481445,1937171
2012-04-23,35.8956413269043,35.99632263183594,35.53668212890625,35.97443389892578,17.745342254638672,1655505
2012-04-24,35.94816970825195,36.197689056396484,35.91752624511719,36.197689056396484,17.85546112060547,1270355
2012-04-25,36.464717864990234,36.98564147949219,36.39030075073242,36.928733825683594,18.216073989868164,1446711
2012-04-26,36.77552032470703,37.296443939208984,36.53038024902344,37.191383361816406,18.4792537689209,1276523
2012-04-27,37.38837432861328,37.624759674072266,37.20889663696289,37.42339324951172,18.59454345703125,1127808
2012-04-30,37.39712905883789,37.84801483154297,37.32271194458008,37.59849548339844,18.681537628173828,1177151
2012-05-01,37.66853332519531,38.32078552246094,37.60287094116211,37.988094329833984,18.875112533569336,957392
2012-05-02,37.64664840698242,38.37769317626953,37.305198669433594,37.909297943115234,18.83596420288086,2133173
2012-05-03,37.883033752441406,38.40395736694336,37.86552429199219,37.900543212890625,18.83161735534668,1128950
2012-05-04,37.66415786743164,38.04937744140625,37.651023864746094,37.918052673339844,18.84031105041504,1058819
2012-05-07,37.891788482666016,38.02311325073242,37.66415786743164,37.79548263549805,18.779422760009766,1192457
2012-05-08,37.60287094116211,37.76921844482422,37.25267028808594,37.55909729003906,18.661954879760742,1426151
2012-05-09,37.25267028808594,37.721065521240234,37.13885498046875,37.31833267211914,18.542327880859375,1395312
2012-05-10,37.57660675048828,38.10190963745117,37.48468017578125,37.96182632446289,18.862060546875,1287945
2012-05-11,37.79985809326172,38.17194747924805,37.77797317504883,37.84363555908203,18.8033447265625,803652
2012-05-14,37.554718017578125,37.64664840698242,36.93311309814453,37.03817367553711,18.40313148498535,1097426
2012-05-15,37.0950813293457,37.458412170410156,36.78865432739258,36.928733825683594,18.3487491607666,847969
2012-05-16,37.020660400390625,37.169498443603516,36.814918518066406,36.88496017456055,18.326995849609375,976353
2012-05-17,36.86307144165039,36.96813201904297,35.97005844116211,35.97005844116211,17.872419357299805,1313758
2012-05-18,36.040096282958984,36.4034309387207,35.50166320800781,35.7074089050293,17.741912841796875,2530430
2012-05-21,35.742427825927734,36.60042190551758,35.63298797607422,36.574153900146484,18.172576904296875,1280406
2012-05-22,36.69672775268555,36.998775482177734,36.39030075073242,36.849937438964844,18.309608459472656,1262359
2012-05-23,36.72736740112305,36.72736740112305,35.851863861083984,36.25021743774414,18.01161766052246,1978290
2012-05-24,36.33339309692383,36.78865432739258,36.267730712890625,36.62230682373047,18.19650650024414,1607532
2012-05-25,36.67921447753906,36.7492561340332,36.473472595214844,36.59604263305664,18.183448791503906,508736
2012-05-29,36.75801086425781,37.077571868896484,36.67045974731445,37.07319259643555,18.420528411865234,908963
2012-05-30,36.762386322021484,37.15198516845703,36.41218566894531,36.42531967163086,18.098617553710938,1327693
2012-05-31,36.42094039916992,36.70110321044922,36.031341552734375,36.32901382446289,18.050771713256836,1505191
2012-06-01,35.8693733215332,36.022586822509766,34.85816955566406,34.932586669921875,17.356931686401367,3913406
2012-06-04,34.871299743652344,35.18648147583008,34.4247932434082,34.573631286621094,17.178579330444336,2148707
2012-06-05,34.61740493774414,35.212745666503906,34.43354797363281,35.16021728515625,17.470029830932617,1726550
2012-06-06,35.32656478881836,36.17580032348633,35.221500396728516,36.17580032348633,17.974639892578125,1764356
2012-06-07,36.744876861572266,36.823673248291016,36.04447555541992,36.17580032348633,17.974639892578125,1506105
2012-06-08,36.04447555541992,36.210819244384766,35.7380485534668,36.14078140258789,17.95724868774414,1313873
2012-06-11,36.34214782714844,36.49973678588867,36.000701904296875,36.06198501586914,17.9180908203125,1069785
2012-06-12,36.07073974609375,36.832427978515625,35.87813186645508,36.814918518066406,18.29220199584961,1903819
2012-06-13,36.744876861572266,37.03379440307617,36.63106155395508,36.8061637878418,18.287853240966797,1294227
2012-06-14,36.902469635009766,37.17387390136719,36.64857482910156,37.086326599121094,18.42706298828125,1408447
2012-06-15,37.375240325927734,37.78672790527344,37.13885498046875,37.56785202026367,18.666311264038086,1784345
2012-06-18,37.53282928466797,38.07564163208008,37.39274978637695,38.02311325073242,18.89251708984375,1232776
2012-06-19,38.180702209472656,38.76729202270508,37.996849060058594,38.504638671875,19.13177490234375,1575779
2012-06-20,38.452110290527344,39.04745101928711,37.909297943115234,38.11066436767578,18.936017990112305,1656990
2012-06-21,38.11066436767578,38.259498596191406,37.007530212402344,37.04254913330078,18.405302047729492,1427179
2012-06-22,37.1826286315918,37.348976135253906,36.814918518066406,37.287689208984375,18.527109146118164,4375083
2012-06-25,36.893714904785156,36.998775482177734,36.14078140258789,36.377166748046875,18.074697494506836,1631633
2012-06-26,36.394676208496094,36.5260009765625,35.834354400634766,36.10576248168945,17.939842224121094,2010615
2012-06-27,36.11451721191406,36.51724624633789,36.000701904296875,36.35090255737305,18.061643600463867,1383547
2012-06-28,36.15829086303711,36.394676208496094,35.78182601928711,36.377166748046875,18.074697494506836,1041572
2012-06-29,36.88496017456055,37.14760971069336,36.61355209350586,37.04254913330078,18.405302047729492,1518326
2012-07-02,37.278934478759766,37.41025924682617,36.79740905761719,37.41025924682617,18.588010787963867,969385
2012-07-03,37.4715461730957,37.85676956176758,37.348976135253906,37.64664840698242,18.70546531677246,512277
2012-07-05,37.427772521972656,37.76921844482422,37.3402214050293,37.56785202026367,18.666311264038086,881322
2012-07-06,37.16511917114258,37.60287094116211,37.0950813293457,37.454036712646484,18.609760284423828,790631
2012-07-09,37.296443939208984,37.375240325927734,37.13010025024414,37.296443939208984,18.53145980834961,798512
2012-07-10,37.31395721435547,37.725440979003906,36.893714904785156,36.998775482177734,18.383560180664062,897541
2012-07-11,37.01628494262695,37.296443939208984,36.814918518066406,37.06005859375,18.414003372192383,1176580
2012-07-12,37.270179748535156,37.742950439453125,37.0950813293457,37.58536148071289,18.675010681152344,1479492
2012-07-13,37.60287094116211,38.128173828125,37.5941162109375,37.900543212890625,18.83161735534668,1080750
2012-07-16,37.79548263549805,38.294517517089844,37.7166862487793,38.0056037902832,18.883821487426758,813361
2012-07-17,38.17194747924805,38.434600830078125,37.95307159423828,38.39082336425781,19.075223922729492,883606
2012-07-18,38.18946075439453,38.61845779418945,38.18946075439453,38.52214813232422,19.140472412109375,905879
2012-07-19,38.504638671875,38.76729202270508,37.96182632446289,38.60969924926758,19.183979034423828,1290001
2012-07-20,38.32954025268555,38.889862060546875,38.32954025268555,38.57468032836914,19.166574478149414,992115
2012-07-23,38.4083366394043,38.56592559814453,37.92680740356445,38.47837448120117,19.11871910095215,1105992
2012-07-24,38.434600830078125,38.51339340209961,37.4715461730957,37.96182632446289,18.862060546875,1321982
2012-07-25,38.10190963745117,38.30327224731445,37.67291259765625,37.751705169677734,18.757658004760742,1018043
2012-07-26,38.39957809448242,38.56592559814453,38.03186798095703,38.17194747924805,18.966468811035156,954651
2012-07-27,38.347049713134766,39.91419982910156,38.347049713134766,39.67781448364258,19.714691162109375,2706100
2012-07-30,39.61653137207031,40.22062683105469,39.58150863647461,39.704078674316406,19.727741241455078,1875378
2012-07-31,39.63404083251953,39.74785614013672,38.85484313964844,38.968658447265625,19.362329483032227,1613929
2012-08-01,38.732269287109375,40.334442138671875,36.70110321044922,39.11749267578125,19.436279296875,2333400
2012-08-02,38.294517517089844,38.77604675292969,37.95307159423828,38.55717086791992,19.300424575805664,1871266
2012-08-03,39.18753433227539,39.248817443847656,38.99492263793945,39.15251159667969,19.598432540893555,903023
2012-08-06,39.345123291015625,39.65155029296875,39.04745101928711,39.38890075683594,19.716766357421875,992572
2012-08-07,39.57275390625,39.8266487121582,39.18753433227539,39.248817443847656,19.646636962890625,1293313
2012-08-08,39.0386962890625,39.2925910949707,38.977413177490234,39.08247375488281,19.563373565673828,1267499
2012-08-09,38.93363571166992,39.257572174072266,38.907371520996094,39.09122848510742,19.5677547454834,916616
2012-08-10,38.94239044189453,39.38014221191406,38.63596725463867,39.17877960205078,19.611581802368164,910448
2012-08-13,39.08247375488281,39.31010437011719,38.811065673828125,38.907371520996094,19.475723266601562,817815
2012-08-14,38.959903717041016,39.1612663269043,38.70600509643555,38.84608459472656,19.445043563842773,952481
2012-08-15,38.9161262512207,39.09122848510742,38.70600509643555,38.84608459472656,19.445043563842773,930550
2012-08-16,38.959903717041016,39.11749267578125,38.77604675292969,38.986167907714844,19.51516342163086,920271
2012-08-17,39.09998321533203,39.248817443847656,38.51339340209961,38.7848014831543,19.414371490478516,2569379
2012-08-20,38.811065673828125,39.07371520996094,38.732269287109375,38.872352600097656,19.45819664001465,1178294
2012-08-21,38.881107330322266,39.38014221191406,38.83732986450195,38.959903717041016,19.502010345458984,1389144
2012-08-22,38.85484313964844,39.06496047973633,38.74102783203125,38.95114517211914,19.497636795043945,787661
2012-08-23,38.828575134277344,38.95114517211914,38.67974090576172,38.811065673828125,19.427522659301758,1107249
2012-08-24,38.70600509643555,39.1962890625,38.62721252441406,39.0386962890625,19.541465759277344,845342
2012-08-27,39.01243209838867,39.275081634521484,38.907371520996094,39.10873794555664,19.576522827148438,672413
2012-08-28,38.968658447265625,39.15251159667969,38.907371520996094,38.93363571166992,19.488874435424805,1044085
2012-08-29,38.99492263793945,39.38890075683594,38.881107330322266,39.17877960205078,19.611581802368164,1111361
2012-08-30,38.99492263793945,39.14375686645508,38.9161262512207,38.959903717041016,19.502010345458984,1203993
2012-08-31,39.20504379272461,39.266326904296875,38.74978256225586,38.986167907714844,19.51516342163086,1336602
2012-09-04,38.977413177490234,39.45893859863281,38.86359786987305,39.39765548706055,19.721145629882812,1025467
2012-09-05,39.49395751953125,39.49395751953125,39.20504379272461,39.2925910949707,19.668554306030273,796685
2012-09-06,39.46769332885742,39.90544509887695,39.353878021240234,39.90544509887695,19.975324630737305,968129
2012-09-07,39.92295455932617,40.09805679321289,39.817893981933594,40.05427932739258,20.04982566833496,933520
2012-09-10,40.19436264038086,40.45701217651367,40.05427932739258,40.18560791015625,20.115562438964844,1141857
2012-09-11,40.246891021728516,40.404483795166016,40.08054733276367,40.404483795166016,20.225128173828125,1102451
2012-09-12,40.4832763671875,40.58833694458008,40.28191375732422,40.54456329345703,20.295244216918945,812790
2012-09-13,40.52705383300781,41.18368148803711,40.430747985839844,41.11363983154297,20.580108642578125,864874
2012-09-14,41.08737564086914,41.46384048461914,40.99982452392578,41.227455139160156,20.63707733154297,1082006
2012-09-17,41.07862091064453,41.253719329833984,40.99982452392578,41.13114929199219,20.5888729095459,740831
2012-09-18,41.13114929199219,41.18368148803711,40.92102813720703,40.938541412353516,20.492460250854492,676639
2012-09-19,40.964805603027344,41.19243621826172,40.84223556518555,41.06986618041992,20.558198928833008,604909
2012-09-20,40.83348083496094,41.148658752441406,40.83348083496094,41.13114929199219,20.5888729095459,839631
2012-09-21,41.36753463745117,41.58641052246094,41.227455139160156,41.244964599609375,20.64583969116211,1085661
2012-09-24,41.20119094848633,41.98038864135742,41.11363983154297,41.857818603515625,20.952619552612305,1207077
2012-09-25,42.383121490478516,43.214847564697266,41.236209869384766,41.244964599609375,20.64583969116211,1793711
2012-09-26,41.323760986328125,42.11171340942383,41.2974967956543,41.849063873291016,20.9482364654541,1301651
2012-09-27,41.936614990234375,42.146732330322266,41.59516525268555,42.05043029785156,21.04903793334961,798398
2012-09-28,41.866573333740234,42.383121490478516,41.75275802612305,42.295570373535156,21.171735763549805,875154
2012-10-01,42.400630950927734,42.400630950927734,41.97163391113281,42.09420394897461,21.070945739746094,756822
2012-10-02,42.234283447265625,42.45315933227539,41.866573333740234,42.11171340942383,21.079710006713867,1176466
2012-10-03,42.19050979614258,42.759586334228516,42.146732330322266,42.750831604003906,21.399633407592773,1395540
2012-10-04,42.90842056274414,43.477500915527344,42.89091110229492,42.9959716796875,21.5223388671875,1096055
2012-10-05,43.16231918334961,43.59131622314453,43.03974914550781,43.24111557006836,21.645055770874023,944028
2012-10-08,43.17982864379883,43.24987030029297,42.7420768737793,42.96095275878906,21.504806518554688,622499
2012-10-09,42.98721694946289,43.2761344909668,42.54071044921875,42.6195068359375,21.33388900756836,851510
2012-10-10,42.63701629638672,42.80336380004883,41.98914337158203,42.07669448852539,21.062179565429688,1126095
2012-10-11,42.34809875488281,42.34809875488281,41.97163391113281,41.98038864135742,21.01396942138672,821013
2012-10-12,42.137977600097656,42.3393440246582,41.66520690917969,41.849063873291016,20.9482364654541,546314
2012-10-15,41.8315544128418,41.936614990234375,41.45508575439453,41.88408279418945,20.96576499938965,580809
2012-10-16,42.02416229248047,42.295570373535156,41.90159225463867,42.26930618286133,21.158599853515625,601597
2012-10-17,42.41814041137695,42.89091110229492,42.400630950927734,42.80336380004883,21.425926208496094,784006
2012-10-18,42.768341064453125,42.79460525512695,42.26055145263672,42.383121490478516,21.215560913085938,599084
2012-10-19,42.36560821533203,42.64577102661133,41.62143325805664,41.691471099853516,20.869346618652344,906678
2012-10-22,41.490108489990234,41.840309143066406,41.15741729736328,41.27998733520508,20.663375854492188,1146769
2012-10-23,40.97356033325195,41.20119094848633,40.47452163696289,40.97356033325195,20.509994506835938,1025239
2012-10-24,41.06111145019531,41.63018798828125,40.99982452392578,41.315006256103516,20.680908203125,1166415
2012-10-25,41.481353759765625,41.81404113769531,41.13114929199219,41.36753463745117,20.707199096679688,925982
2012-10-26,41.323760986328125,41.411312103271484,41.00857925415039,41.27123260498047,20.658994674682617,745514
2012-10-31,41.481353759765625,42.62826156616211,41.09613037109375,41.411312103271484,20.729116439819336,1134890
2012-11-01,41.393802642822266,41.58641052246094,40.850990295410156,40.947296142578125,20.64084243774414,1433118
2012-11-02,41.20994567871094,41.37628936767578,39.975486755371094,40.00175094604492,20.164215087890625,1411188
2012-11-05,39.949222564697266,40.316932678222656,39.56399917602539,39.704078674316406,20.01416015625,1264758
2012-11-06,39.68656921386719,40.421993255615234,39.66905975341797,40.09805679321289,20.212759017944336,1324724
2012-11-07,39.809139251708984,39.91419982910156,39.23130798339844,39.60777282714844,19.965608596801758,1303022
2012-11-08,39.49395751953125,39.817893981933594,39.07371520996094,39.07371520996094,19.696401596069336,985262
2012-11-09,38.84608459472656,39.68656921386719,38.67098617553711,39.327613830566406,19.82439422607422,1485431
2012-11-12,39.275081634521484,39.49395751953125,38.67098617553711,38.67974090576172,19.4978084564209,758078
2012-11-13,38.47837448120117,39.39765548706055,38.373313903808594,38.977413177490234,19.647857666015625,1034376
2012-11-14,39.06496047973633,39.48520278930664,38.9161262512207,39.04745101928711,19.68315887451172,1469669
2012-11-15,39.10873794555664,39.248817443847656,38.46961975097656,39.09122848510742,19.705232620239258,1474123
2012-11-16,39.12624740600586,39.975486755371094,38.714759826660156,39.975486755371094,20.150970458984375,3342991
2012-11-19,40.238136291503906,40.49203109741211,40.04552459716797,40.18560791015625,20.25688934326172,1164130
2012-11-20,40.21187210083008,40.343196868896484,39.9842414855957,40.30817794799805,20.318675994873047,1043400
2012-11-21,40.44825744628906,40.5182991027832,39.957977294921875,40.273155212402344,20.30101776123047,894799
2012-11-23,40.334442138671875,40.509544372558594,39.966732025146484,40.255645751953125,20.292194366455078,569387
2012-11-26,40.14183044433594,40.702152252197266,40.06303787231445,40.21187210083008,20.2701358795166,919014
2012-11-27,40.22062683105469,40.395729064941406,39.8529167175293,39.90544509887695,20.115665435791016,1455391
2012-11-28,39.66030502319336,39.66030502319336,38.714759826660156,39.2925910949707,19.806739807128906,2332715
2012-11-29,39.3188591003418,39.415164947509766,38.452110290527344,38.84608459472656,19.5816593170166,2290682
2012-11-30,38.872352600097656,39.38014221191406,38.65347671508789,39.283836364746094,19.802324295043945,2507243
2012-12-03,39.38890075683594,39.6953239440918,39.00367736816406,39.08247375488281,19.700820922851562,1354192
2012-12-04,38.99492263793945,39.283836364746094,38.714759826660156,39.00367736816406,19.661096572875977,1345283
2012-12-05,39.02994155883789,39.1612663269043,38.452110290527344,38.881107330322266,19.59931755065918,1861329
2012-12-06,38.907371520996094,39.10873794555664,38.17194747924805,38.23323440551758,19.272727966308594,1812557
2012-12-07,38.2507438659668,38.51339340209961,37.436527252197266,37.64664840698242,18.977046966552734,2529745
2012-12-10,37.734195709228516,37.94431686401367,37.60287094116211,37.60287094116211,18.95497703552246,1546767
2012-12-11,37.64664840698242,38.3820686340332,37.64664840698242,38.2507438659668,19.281564712524414,2003076
2012-12-12,38.32954025268555,38.6622314453125,38.11941909790039,38.16319274902344,19.237428665161133,1448538
2012-12-13,38.15443801879883,38.4083366394043,37.62913513183594,37.79548263549805,19.052074432373047,1647852
2012-12-14,37.62038040161133,37.830501556396484,37.52407455444336,37.55909729003906,18.93290901184082,1170869
2012-12-17,37.61162567138672,38.294517517089844,37.61162567138672,38.277008056640625,19.294795989990234,1815070
2012-12-18,38.32078552246094,38.83732986450195,38.03186798095703,38.10190963745117,19.20653533935547,3415635
2012-12-19,38.19821548461914,38.52214813232422,37.96182632446289,38.04062271118164,19.17563819885254,2045338
2012-12-20,38.04937744140625,38.46961975097656,37.84801483154297,38.39082336425781,19.3521728515625,2060072
2012-12-21,38.67098617553711,38.67098617553711,37.49781036376953,38.0056037902832,19.157995223999023,6615965
2012-12-24,37.909297943115234,38.02311325073242,37.64664840698242,37.85676956176758,19.082962036132812,518673
2012-12-26,37.883033752441406,37.909297943115234,37.077571868896484,37.12134552001953,18.712244033813477,1921752
2012-12-27,37.077571868896484,37.32271194458008,36.49973678588867,36.911224365234375,18.60633087158203,1872294
2012-12-28,36.70110321044922,37.16511917114258,36.26335144042969,36.832427978515625,18.56661033630371,1494797
2012-12-31,36.71861267089844,37.48905563354492,36.61355209350586,37.427772521972656,18.86671257019043,1784116
2013-01-02,37.94431686401367,38.62721252441406,37.85676956176758,38.61845779418945,19.466917037963867,1931803
2013-01-03,38.63596725463867,38.76729202270508,38.39957809448242,38.52214813232422,19.418365478515625,1256877
2013-01-04,38.62721252441406,38.85484313964844,38.452110290527344,38.84608459472656,19.5816593170166,1784345
2013-01-07,38.60094451904297,39.0386962890625,38.54841613769531,38.793556213378906,19.55518913269043,2085771
2013-01-08,38.714759826660156,39.17002487182617,38.64472198486328,39.07371520996094,19.696401596069336,1437801
2013-01-09,39.07371520996094,39.18753433227539,38.732269287109375,38.811065673828125,19.564014434814453,941515
2013-01-10,38.93363571166992,39.2925910949707,38.85484313964844,39.266326904296875,19.793500900268555,1546082
2013-01-11,39.21379852294922,39.362632751464844,39.12624740600586,39.3188591003418,19.819974899291992,812675
2013-01-14,39.66905975341797,39.9842414855957,39.415164947509766,39.47644805908203,19.899410247802734,1437002
2013-01-15,39.38014221191406,39.782875061035156,39.283836364746094,39.721588134765625,20.022981643676758,1282234
2013-01-16,39.55524444580078,39.8266487121582,39.49395751953125,39.73910140991211,20.031816482543945,1230949
2013-01-17,39.83540344238281,40.7634391784668,39.76536560058594,40.6058464050293,20.46872329711914,1615413
2013-01-18,40.64962387084961,41.09613037109375,40.52705383300781,41.09613037109375,20.715871810913086,1413016
2013-01-22,41.017333984375,41.2974967956543,40.807212829589844,41.27123260498047,20.804140090942383,1177266
2013-01-23,41.15741729736328,41.420066833496094,41.04359817504883,41.420066833496094,20.87916374206543,1102451
2013-01-24,41.481353759765625,41.70022964477539,41.21870040893555,41.45508575439453,20.896818161010742,943115
2013-01-25,41.481353759765625,41.70022964477539,41.13114929199219,41.51637268066406,20.927705764770508,1074696
2013-01-28,41.61267852783203,41.708984375,41.21870040893555,41.47259521484375,20.9056396484375,980579
2013-01-29,41.26247787475586,41.58641052246094,41.18368148803711,41.54263687133789,21.101314544677734,1334775
2013-01-30,41.498863220214844,41.61267852783203,41.0523567199707,41.08737564086914,20.87006187438965,1664414
2013-01-31,40.99106979370117,41.63018798828125,40.97356033325195,41.15741729736328,20.9056396484375,3244648
2013-02-01,41.38504409790039,41.58641052246094,41.28874206542969,41.4288215637207,21.043495178222656,1552136
2013-02-04,41.27123260498047,41.37628936767578,41.00857925415039,41.20994567871094,20.932321548461914,1255506
2013-02-05,41.306251525878906,41.70022964477539,40.99982452392578,41.38504409790039,21.021263122558594,1261217
2013-02-06,41.323760986328125,41.71773910522461,41.06986618041992,41.691471099853516,21.17691421508789,2378974
2013-02-07,41.82279968261719,41.91034698486328,41.44633102416992,41.866573333740234,21.265853881835938,1098340
2013-02-08,41.8052864074707,41.98038864135742,41.75275802612305,41.866573333740234,21.265853881835938,792687
2013-02-11,41.708984375,41.936614990234375,41.47259521484375,41.849063873291016,21.2569580078125,1094913
2013-02-12,41.779022216796875,42.19926452636719,41.63894271850586,42.17300033569336,21.42150115966797,1239401
2013-02-13,42.146732330322266,42.216773986816406,41.840309143066406,41.98038864135742,21.32366371154785,1075381
2013-02-14,41.89283752441406,42.146732330322266,41.6739616394043,41.682716369628906,21.172466278076172,1132834
2013-02-15,41.59516525268555,42.01540756225586,41.59516525268555,41.8052864074707,21.23472023010254,1061104
2013-02-19,41.840309143066406,42.01540756225586,41.498863220214844,41.98038864135742,21.32366371154785,1097083
2013-02-20,41.88408279418945,42.06793975830078,41.44633102416992,41.46384048461914,21.061283111572266,1655962
2013-02-21,41.38504409790039,41.393802642822266,40.789703369140625,41.02608871459961,20.838932037353516,1046712
2013-02-22,41.11363983154297,41.51637268066406,40.91227340698242,41.50761795043945,21.083524703979492,810734
2013-02-25,41.708984375,42.05918502807617,40.44825744628906,40.44825744628906,20.545427322387695,1580805
2013-02-26,40.273155212402344,40.430747985839844,38.74102783203125,38.819820404052734,19.71828269958496,5162516
2013-02-27,38.67974090576172,39.957977294921875,38.61845779418945,39.520225524902344,20.07404327392578,3044191
2013-02-28,39.37138748168945,39.77412033081055,38.959903717041016,39.38890075683594,20.007341384887695,2120494
2013-03-01,39.248817443847656,39.721588134765625,38.907371520996094,39.07371520996094,19.847232818603516,1831403
2013-03-04,39.02994155883789,39.58150863647461,38.959903717041016,39.58150863647461,20.10517120361328,1349509
2013-03-05,39.800384521484375,39.940467834472656,39.54648971557617,39.68656921386719,20.158533096313477,1013931
2013-03-06,39.67781448364258,39.791629791259766,39.09122848510742,39.712833404541016,20.171875,1793254
2013-03-07,39.76536560058594,39.800384521484375,39.49395751953125,39.65155029296875,20.1407470703125,1340029
2013-03-08,39.782875061035156,39.83540344238281,39.406410217285156,39.60777282714844,20.118511199951172,1208105
2013-03-11,39.511470794677734,39.75661087036133,39.39765548706055,39.52898025512695,20.078493118286133,1322211
2013-03-12,39.54648971557617,39.870426177978516,39.423919677734375,39.57275390625,20.10072135925293,1525522
2013-03-13,39.55524444580078,39.58150863647461,39.0386962890625,39.54648971557617,20.087385177612305,1280406
2013-03-14,39.58150863647461,39.7303466796875,39.406410217285156,39.59901809692383,20.114063262939453,658021
2013-03-15,39.423919677734375,39.68656921386719,39.283836364746094,39.37138748168945,19.998437881469727,1330549
2013-03-18,39.02118682861328,39.46769332885742,38.94239044189453,39.1612663269043,19.891708374023438,872869
2013-03-19,39.21379852294922,39.47644805908203,38.92488098144531,39.283836364746094,19.95396614074707,1140487
2013-03-20,39.47644805908203,40.29942321777344,39.47644805908203,40.273155212402344,20.45648193359375,1076752
2013-03-21,40.08054733276367,40.5182991027832,40.01050567626953,40.29942321777344,20.469825744628906,1116386
2013-03-22,40.36946105957031,40.62335968017578,40.29066848754883,40.46576690673828,20.554323196411133,1137631
2013-03-25,40.64962387084961,41.00857925415039,40.53580856323242,40.74592971801758,20.696626663208008,1217699
2013-03-26,40.964805603027344,40.964805603027344,40.509544372558594,40.71091079711914,20.67884635925293,1085890
2013-03-27,40.4832763671875,40.73717498779297,40.334442138671875,40.57082748413086,20.607688903808594,1493655
2013-03-28,40.693397521972656,41.840309143066406,40.6058464050293,41.73524856567383,21.199138641357422,2140026
2013-04-01,41.71773910522461,42.44440460205078,41.62143325805664,42.42689514160156,21.55046272277832,3010268
2013-04-02,42.52320098876953,42.89966583251953,42.19050979614258,42.44440460205078,21.559358596801758,1913985
2013-04-03,42.672035217285156,42.672035217285156,41.332515716552734,41.708984375,21.185802459716797,2067039
2013-04-04,41.64769744873047,42.05043029785156,41.63018798828125,42.01540756225586,21.34145164489746,877095
2013-04-05,41.6739616394043,41.82279968261719,41.19243621826172,41.787776947021484,21.22582244873047,1174524
2013-04-08,41.761512756347656,42.5844841003418,41.708984375,42.57572937011719,21.626070022583008,948711
2013-04-09,42.63701629638672,42.838382720947266,42.461917877197266,42.64577102661133,21.661640167236328,1258019
2013-04-10,42.689544677734375,42.847137451171875,42.50569152832031,42.768341064453125,21.723901748657227,1403650
2013-04-11,42.768341064453125,42.864646911621094,42.41814041137695,42.54946517944336,21.612720489501953,1079493
2013-04-12,42.42689514160156,43.24987030029297,42.3393440246582,43.24987030029297,21.96849250793457,1480977
2013-04-15,43.477500915527344,43.58256149291992,42.479427337646484,42.488182067871094,21.58159637451172,1930432
2013-04-16,42.777095794677734,43.79268264770508,42.70705795288086,43.775169372558594,22.235313415527344,1467042
2013-04-17,43.63508987426758,43.661354064941406,42.768341064453125,43.19733810424805,21.941802978515625,1631747
2013-04-18,43.319908142089844,43.845211029052734,43.223602294921875,43.70513153076172,22.199731826782227,1126780
2013-04-19,43.906494140625,44.99211883544922,43.62633514404297,44.95709991455078,22.835668563842773,1994738
2013-04-22,45.0096321105957,45.736297607421875,44.676937103271484,45.639991760253906,23.18253517150879,1680062
2013-04-23,45.745052337646484,45.87637710571289,45.08842468261719,45.377342224121094,23.04912757873535,1320840
2013-04-24,45.46489334106445,45.60497283935547,45.05340576171875,45.07966995239258,22.897924423217773,1775664
2013-04-25,45.263526916503906,45.92890930175781,45.05340576171875,45.05340576171875,22.884578704833984,1575893
2013-04-26,44.808265686035156,45.32481384277344,44.221675872802734,44.49308395385742,22.759187698364258,1814842
2013-04-29,44.650672912597656,44.922080993652344,44.650672912597656,44.817020416259766,22.924882888793945,1324495
2013-04-30,44.817020416259766,44.96585464477539,44.39677810668945,44.96585464477539,23.001014709472656,1339344
2013-05-01,42.461917877197266,43.381195068359375,41.770267486572266,41.91034698486328,21.43805694580078,5139443
2013-05-02,41.875328063964844,41.927860260009766,40.72842025756836,41.244964599609375,21.097707748413086,3913291
2013-05-03,41.51637268066406,41.62143325805664,41.03484344482422,41.236209869384766,21.093231201171875,2169266
2013-05-06,41.227455139160156,41.66520690917969,41.02608871459961,41.315006256103516,21.133529663085938,2017811
2013-05-07,41.498863220214844,41.954124450683594,41.315006256103516,41.91034698486328,21.43805694580078,1807303
2013-05-08,41.787776947021484,42.16424560546875,41.59516525268555,42.07669448852539,21.52315902709961,1610502
2013-05-09,42.07669448852539,42.137977600097656,41.63018798828125,41.98914337158203,21.478364944458008,1436202
2013-05-10,41.99789810180664,42.032920837402344,41.60392379760742,41.954124450683594,21.460451126098633,1299253
2013-05-13,41.796531677246094,42.00665283203125,41.50761795043945,41.82279968261719,21.393285751342773,1113188
2013-05-14,41.8052864074707,42.59324264526367,41.8052864074707,42.54946517944336,21.764984130859375,1177380
2013-05-15,42.56697463989258,43.52127456665039,42.35685348510742,42.934688568115234,21.9620361328125,1534774
2013-05-16,42.777095794677734,42.91717529296875,42.383121490478516,42.461917877197266,21.720205307006836,1686230
2013-05-17,42.409385681152344,43.24111557006836,42.146732330322266,43.1185417175293,22.056079864501953,2896962
2013-05-20,43.09227752685547,43.26737976074219,42.88215637207031,43.25862503051758,22.127737045288086,1153394
2013-05-21,43.25862503051758,43.53878402709961,42.96970748901367,43.19733810424805,22.096384048461914,832664
2013-05-22,43.09227752685547,43.62633514404297,42.09420394897461,42.19050979614258,21.58136749267578,1004222
2013-05-23,42.00665283203125,42.00665283203125,41.393802642822266,41.63894271850586,21.299236297607422,1871609
2013-05-24,41.481353759765625,41.50761795043945,41.09613037109375,41.27998733520508,21.115623474121094,976467
2013-05-28,41.56890106201172,41.849063873291016,41.0523567199707,41.27123260498047,21.111141204833984,1022155
2013-05-29,40.97356033325195,41.00857925415039,39.59026336669922,40.14183044433594,20.533428192138672,3644646
2013-05-30,40.11556625366211,40.53580856323242,39.91419982910156,39.91419982910156,20.4169921875,1422039
2013-05-31,39.782875061035156,40.325687408447266,39.511470794677734,39.520225524902344,20.215465545654297,1581147
2013-06-03,39.55524444580078,39.90544509887695,39.10873794555664,39.60777282714844,20.260242462158203,1682461
2013-06-04,39.50271224975586,39.61653137207031,38.57468032836914,38.64472198486328,19.76762580871582,1747566
2013-06-05,38.56592559814453,38.61845779418945,37.742950439453125,37.830501556396484,19.351131439208984,1943225
2013-06-06,37.830501556396484,38.59218978881836,37.462791442871094,38.58343505859375,19.73627471923828,1612558
2013-06-07,38.76729202270508,39.1612663269043,38.48712921142578,39.15251159667969,20.027368545532227,985833
2013-06-10,39.1962890625,39.1962890625,38.32954025268555,38.434600830078125,19.66014289855957,1173382
2013-06-11,37.4715461730957,38.56592559814453,37.427772521972656,38.373313903808594,19.628787994384766,1754419
2013-06-12,38.61845779418945,38.95114517211914,37.86552429199219,37.92680740356445,19.400394439697266,1312616
2013-06-13,37.92680740356445,39.12624740600586,37.839256286621094,39.07371520996094,19.987064361572266,1383090
2013-06-14,39.09122848510742,39.11749267578125,38.64472198486328,38.819820404052734,19.857189178466797,917758
2013-06-17,39.08247375488281,39.30134963989258,38.57468032836914,38.83732986450195,19.866147994995117,1136717
2013-06-18,38.872352600097656,39.14375686645508,38.60969924926758,39.02118682861328,19.960187911987305,942658
2013-06-19,38.93363571166992,38.94239044189453,37.56785202026367,37.56785202026367,19.216777801513672,1774865
2013-06-20,37.278934478759766,37.39274978637695,35.921905517578125,36.03572082519531,18.433059692382812,2769835
2013-06-21,36.377166748046875,36.53475570678711,35.554195404052734,36.30712890625,18.57188606262207,2401818
2013-06-24,35.755558013916016,36.473472595214844,35.387847900390625,36.07949447631836,18.455453872680664,1445568
2013-06-25,36.49098205566406,36.50849151611328,35.87813186645508,36.24584197998047,18.540542602539062,1116044
2013-06-26,36.51724624633789,36.71861267089844,36.23708724975586,36.24584197998047,18.540542602539062,2300733
2013-06-27,36.438453674316406,37.2176513671875,36.41218566894531,36.57853317260742,18.71072006225586,2007873
2013-06-28,36.50849151611328,36.77114486694336,36.14078140258789,36.16704559326172,18.500246047973633,1980803
2013-07-01,36.4034309387207,36.49973678588867,35.57170486450195,35.860618591308594,18.343496322631836,1984116
2013-07-02,35.860618591308594,36.13202667236328,35.25652313232422,35.396602630615234,18.10614013671875,1522895
2013-07-03,35.42286682128906,35.59796905517578,34.98511505126953,35.18648147583008,17.9986572265625,1037689
2013-07-05,35.3615837097168,35.41411209106445,34.486080169677734,35.020137786865234,17.9135684967041,1344141
2013-07-08,35.17772674560547,36.377166748046875,35.05515670776367,36.26335144042969,18.54949951171875,2534656
2013-07-09,36.56977844238281,37.60287094116211,36.42094039916992,37.32271194458008,19.091388702392578,2740252
2013-07-10,37.33146667480469,37.62038040161133,36.96375274658203,37.51531982421875,19.189908981323242,1874693
2013-07-11,38.01435852050781,38.03186798095703,37.48030090332031,37.61162567138672,19.239173889160156,1385146
2013-07-12,37.64664840698242,37.821746826171875,37.3402214050293,37.79548263549805,19.333221435546875,954194
2013-07-15,37.7166862487793,38.60094451904297,37.65540313720703,38.46086502075195,19.673582077026367,1231748
2013-07-16,38.434600830078125,38.60969924926758,37.95307159423828,38.19821548461914,19.539228439331055,1091715
2013-07-17,38.4083366394043,38.49588394165039,37.883033752441406,38.04062271118164,19.458614349365234,887375
2013-07-18,38.04062271118164,38.504638671875,37.891788482666016,38.02311325073242,19.449657440185547,969956
2013-07-19,38.02311325073242,38.24198913574219,37.909297943115234,38.128173828125,19.50339698791504,987660
2013-07-22,38.13692855834961,38.443355560302734,38.06688690185547,38.277008056640625,19.57952880859375,711476
2013-07-23,38.294517517089844,38.60094451904297,38.04937744140625,38.30327224731445,19.592966079711914,930550
2013-07-24,38.338294982910156,38.338294982910156,37.41901779174805,37.49781036376953,19.180950164794922,1047283
2013-07-25,42.12046813964844,47.45228576660156,41.63894271850586,47.0758171081543,24.080318450927734,18030541
2013-07-26,46.60304641723633,46.629310607910156,45.12344741821289,45.666259765625,23.359289169311523,5915454
2013-07-29,45.60497283935547,45.67501449584961,44.93083572387695,45.58746337890625,23.318981170654297,3018492
2013-07-30,45.70127868652344,45.92890930175781,45.07966995239258,45.368587493896484,23.207029342651367,3563207
2013-07-31,46.4542121887207,48.58168411254883,46.23533630371094,46.357906341552734,23.713085174560547,5647379
2013-08-01,46.60304641723633,46.85694122314453,45.97268295288086,46.419189453125,23.916067123413086,2966065
2013-08-02,46.279109954833984,46.39292526245117,45.61372756958008,46.02521514892578,23.713085174560547,1809131
2013-08-05,45.745052337646484,46.270355224609375,45.70127868652344,45.78007507324219,23.586793899536133,1391542
2013-08-06,45.56995391845703,46.366661071777344,45.55244445800781,46.07774353027344,23.740150451660156,1967440
2013-08-07,46.05147933959961,46.252845764160156,45.736297607421875,46.1652946472168,23.785259246826172,2750646
2013-08-08,45.95517349243164,46.48923110961914,45.9201545715332,46.279109954833984,23.843894958496094,2061785
2013-08-09,46.11276626586914,46.436702728271484,45.85011291503906,45.902645111083984,23.649940490722656,2674347
2013-08-12,45.68376922607422,46.14778518676758,45.49115753173828,45.52617645263672,23.45597267150879,1760359
2013-08-13,45.46489334106445,45.52617645263672,44.922080993652344,45.105934143066406,23.23945426940918,1584574
2013-08-14,45.14971160888672,45.30730056762695,44.212921142578125,44.86954879760742,23.1176700592041,2008330
2013-08-15,44.668182373046875,44.8520393371582,43.924007415771484,43.99404525756836,22.666587829589844,1876520
2013-08-16,43.8101921081543,44.370513916015625,43.661354064941406,43.89773941040039,22.616971969604492,1691484
2013-08-19,43.818946838378906,44.204166412353516,43.62633514404297,44.02031326293945,22.680112838745117,1390286
2013-08-20,43.9415168762207,45.000877380371094,43.7839241027832,44.59814453125,22.977832794189453,1666241
2013-08-21,44.43179702758789,44.95709991455078,43.9415168762207,44.51059341430664,22.932722091674805,1165615
2013-08-22,44.54561233520508,45.5086669921875,44.26545333862305,45.2547721862793,23.31614112854004,1123125
2013-08-23,45.33356857299805,45.52617645263672,44.50183868408203,45.46489334106445,23.424394607543945,2019524
2013-08-26,45.49991226196289,45.832603454589844,45.32481384277344,45.5086669921875,23.44695281982422,2259843
2013-08-27,45.01838684082031,45.56119918823242,44.8520393371582,45.342323303222656,23.36124610900879,1215072
2013-08-28,45.40360641479492,45.77132034301758,45.05340576171875,45.42111587524414,23.40184211730957,1286460
2013-08-29,45.219749450683594,45.823848724365234,45.14095687866211,45.60497283935547,23.49656867980957,1011647
2013-08-30,45.56119918823242,45.727542877197266,44.8520393371582,45.03589630126953,23.203372955322266,1627863
2013-09-03,45.42111587524414,45.49115753173828,44.379268646240234,44.746978759765625,23.05451774597168,1080521
2013-09-04,44.300472259521484,45.49991226196289,44.25669860839844,45.08842468261719,23.230430603027344,2419408
2013-09-05,44.99211883544922,45.184730529785156,44.650672912597656,44.79951095581055,23.08158302307129,1657789
2013-09-06,45.0096321105957,45.08842468261719,44.58938980102539,44.895816802978516,23.13119888305664,1169955
2013-09-09,44.94834518432617,45.47364807128906,44.87830352783203,45.456138610839844,23.419885635375977,1018728
2013-09-10,45.49991226196289,45.93766403198242,45.14971160888672,45.93766403198242,23.667980194091797,1190401
2013-09-11,45.911399841308594,45.911399841308594,44.746978759765625,45.02714157104492,23.198854446411133,1284632
2013-09-12,44.96585464477539,45.2547721862793,44.79951095581055,44.88705825805664,23.126689910888672,1030950
2013-09-13,44.95709991455078,45.15846633911133,44.43179702758789,44.755733489990234,23.05902099609375,1061332
2013-09-16,45.39485168457031,45.78007507324219,44.895816802978516,45.08842468261719,23.230430603027344,1119584
2013-09-17,45.14971160888672,46.02521514892578,45.14971160888672,45.70127868652344,23.546184539794922,1369269
2013-09-18,45.55244445800781,47.7411994934082,45.42987060546875,47.39975357055664,24.42127227783203,2394051
2013-09-19,47.37348937988281,48.345298767089844,46.821922302246094,47.21590042114258,24.326553344726562,1955446
2013-09-20,47.180877685546875,47.268428802490234,46.357906341552734,46.50674057006836,23.96116828918457,1436088
2013-09-23,46.40167999267578,47.180877685546875,46.31413269042969,46.883209228515625,24.155141830444336,976924
2013-09-24,46.821922302246094,47.02328872680664,46.638065338134766,46.69059753417969,24.0559024810791,1038488
2013-09-25,46.638065338134766,46.94449234008789,46.58553695678711,46.68184280395508,24.051389694213867,990402
2013-09-26,46.83943176269531,46.96200180053711,46.708106994628906,46.883209228515625,24.155141830444336,1020327
2013-09-27,46.65557861328125,46.874454498291016,46.38417053222656,46.436702728271484,23.925098419189453,1075496
2013-09-30,46.13903045654297,46.891963958740234,46.13903045654297,46.68184280395508,24.051389694213867,1856760
2013-10-01,46.66433334350586,46.900718688964844,46.40167999267578,46.900718688964844,24.16416358947754,2135914
2013-10-02,46.83943176269531,47.259674072265625,46.55051803588867,46.883209228515625,24.155141830444336,1456648
2013-10-03,46.67308807373047,46.76063537597656,46.11276626586914,46.66433334350586,24.042373657226562,1328835
2013-10-04,46.629310607910156,47.53107833862305,46.48047637939453,47.172122955322266,24.30398941040039,1220669
2013-10-07,46.77814865112305,47.21590042114258,46.41043472290039,46.59429168701172,24.006288528442383,2553388
2013-10-08,46.53300476074219,47.03204345703125,46.1652946472168,46.1652946472168,23.785259246826172,1462701
2013-10-09,46.209068298339844,46.40167999267578,45.77132034301758,45.99894714355469,23.69955825805664,1225124
2013-10-10,46.6993522644043,48.20521926879883,46.53300476074219,47.58361053466797,24.51600456237793,4864744
2013-10-11,47.20714569091797,48.178951263427734,47.00577926635742,48.10015869140625,24.782142639160156,1544026
2013-10-14,47.6448974609375,48.19646453857422,46.85694122314453,48.19646453857422,24.831762313842773,1709759
2013-10-15,48.01260757446289,48.19646453857422,47.189632415771484,47.434776306152344,24.43932342529297,1430263
2013-10-16,47.75871276855469,48.0213623046875,47.08457565307617,47.4873046875,24.46638298034668,1537515
2013-10-17,47.37348937988281,48.152687072753906,46.93573760986328,48.03887176513672,24.750572204589844,1046712
2013-10-18,48.170196533203125,48.336544036865234,47.776222229003906,48.11766815185547,24.791162490844727,1250138
2013-10-21,48.04762649536133,48.240238189697266,47.697425842285156,48.08264923095703,24.77311134338379,925410
2013-10-22,48.152687072753906,49.04570007324219,48.09140396118164,48.82682418823242,25.15653419494629,1160247
2013-10-23,48.879356384277344,49.92995834350586,48.774295806884766,49.071964263916016,25.2828311920166,1183205
2013-10-24,49.255821228027344,49.36963653564453,48.713008880615234,49.325862884521484,25.41364288330078,813361
2013-10-25,49.325862884521484,49.49220657348633,48.89686584472656,49.36963653564453,25.436193466186523,1121069
2013-10-28,49.387149810791016,49.72859573364258,49.04570007324219,49.7198371887207,25.61662483215332,1134433
2013-10-29,49.693572998046875,50.245140075683594,49.50971984863281,50.236385345458984,25.882761001586914,1228208
2013-10-30,50.26264953613281,50.393978118896484,49.56224822998047,49.754859924316406,25.63467788696289,1351451
2013-10-31,49.220802307128906,49.8774299621582,49.03694534301758,49.4659423828125,25.65738296508789,1293427
2013-11-01,49.4659423828125,49.92120361328125,49.071964263916016,49.37839126586914,25.61195945739746,1306106
2013-11-04,49.404659271240234,50.061283111572266,49.13325119018555,50.0,25.93439292907715,1634374
2013-11-05,49.702327728271484,49.88618469238281,49.01943588256836,49.08072280883789,25.457565307617188,1764014
2013-11-06,48.99317169189453,50.665382385253906,48.721763610839844,50.62160873413086,26.256805419921875,1842940
2013-11-07,50.63036346435547,50.936790466308594,49.73735046386719,49.91244888305664,25.888975143432617,1634031
2013-11-08,49.754859924316406,50.700401306152344,49.09823226928711,50.691646575927734,26.293134689331055,1294912
2013-11-11,50.73542404174805,50.91927719116211,50.385223388671875,50.62160873413086,26.256805419921875,1190744
2013-11-12,50.595340728759766,50.87550354003906,49.754859924316406,49.938716888427734,25.90260124206543,1120841
2013-11-13,49.5885124206543,50.17510223388672,49.08072280883789,50.131324768066406,26.002500534057617,1251280
2013-11-14,50.34144592285156,50.928035736083984,49.96498107910156,50.210121154785156,26.043373107910156,1136717
2013-11-15,50.19261169433594,50.604095458984375,50.131324768066406,50.604095458984375,26.247724533081055,887832
2013-11-18,50.595340728759766,50.595340728759766,50.01750946044922,50.402732849121094,26.14327621459961,1320726
2013-11-19,50.47277069091797,50.682891845703125,49.73735046386719,49.97373580932617,25.9207706451416,960476
2013-11-20,50.03501892089844,50.99807357788086,49.7461051940918,50.02626419067383,25.94800567626953,1259390
2013-11-21,50.1225700378418,50.56032180786133,50.1225700378418,50.36771011352539,26.1251163482666,1242599
2013-11-22,50.385223388671875,51.680965423583984,50.131324768066406,51.61092758178711,26.769956588745117,1539686
2013-11-25,51.61968231201172,52.1012077331543,51.5671501159668,51.89108657836914,26.91527557373047,1992339
2013-11-26,52.08369827270508,52.08369827270508,51.40956115722656,51.47084426879883,26.697288513183594,1490000
2013-11-27,51.392051696777344,51.768516540527344,50.87550354003906,51.286991119384766,26.601930618286133,1223753
2013-11-29,51.47084426879883,51.63719177246094,50.73542404174805,50.840484619140625,26.370332717895508,855051
2013-12-02,50.91927719116211,51.09437942504883,49.92995834350586,50.140079498291016,26.007051467895508,2207873
2013-12-03,50.7879524230957,52.77534484863281,50.34144592285156,52.1012077331543,27.024261474609375,2956585
2013-12-04,52.09245300292969,52.70530700683594,51.584659576416016,52.6352653503418,27.301267623901367,2310899
2013-12-05,51.89108657836914,52.206268310546875,51.61092758178711,51.926109313964844,26.933427810668945,2143567
2013-12-06,52.285064697265625,52.48643112182617,51.69847869873047,52.25004577636719,27.101455688476562,1288858
2013-12-09,52.42514419555664,52.5126953125,51.48835754394531,51.61968231201172,26.774499893188477,1249909
2013-12-10,51.4796028137207,51.70723342895508,51.120643615722656,51.40956115722656,26.665508270263672,902566
2013-12-11,51.33076477050781,51.35702896118164,50.9455451965332,51.05060577392578,26.479324340820312,904394
2013-12-12,51.16442108154297,51.593414306640625,50.79670715332031,51.33951950073242,26.629175186157227,995313
2013-12-13,51.41831588745117,51.43582534790039,50.82297134399414,51.34827423095703,26.63372230529785,989831
2013-12-16,51.64594650268555,51.751007080078125,51.234458923339844,51.38329315185547,26.651887893676758,1041458
2013-12-17,51.295745849609375,51.69847869873047,51.295745849609375,51.64594650268555,26.78812026977539,1733517
2013-12-18,51.79478073120117,52.109962463378906,50.96305465698242,52.07494354248047,27.010631561279297,1952362
2013-12-19,51.88233184814453,52.07494354248047,51.35702896118164,51.742252349853516,26.838071823120117,1381148
2013-12-20,51.90859603881836,52.381370544433594,51.24321365356445,52.31132888793945,27.133249282836914,1934887
2013-12-23,52.53020477294922,52.85414123535156,52.109962463378906,52.197513580322266,27.07420539855957,1280064
2013-12-24,52.3551025390625,52.77534484863281,51.99614715576172,52.53895950317383,27.251314163208008,861333
2013-12-26,52.53020477294922,52.7665901184082,52.33759307861328,52.61775588989258,27.292179107666016,1080978
2013-12-27,52.573978424072266,53.61582946777344,52.46892166137695,53.3006477355957,27.646392822265625,1249110
2013-12-30,53.186832427978516,53.8347053527832,52.93293762207031,53.659603118896484,27.832584381103516,895827
2013-12-31,53.712135314941406,54.48257827758789,53.712135314941406,54.43880081176758,28.236738204956055,912846
2014-01-02,54.41253662109375,54.41253662109375,53.46699523925781,53.563297271728516,27.782630920410156,1251965
2014-01-03,53.563297271728516,53.89598846435547,53.40570831298828,53.68586730957031,27.846200942993164,810962
2014-01-06,53.88723373413086,54.41253662109375,53.85221481323242,54.106109619140625,28.064176559448242,1605933
2014-01-07,54.106109619140625,54.85904312133789,53.86096954345703,54.701454162597656,28.37297248840332,1362987
2014-01-08,54.56137466430664,55.31430435180664,54.12362289428711,55.20924377441406,28.63636016845703,1438829
2014-01-09,55.38434600830078,55.717037200927734,55.165470123291016,55.49816131591797,28.78622055053711,1431291
2014-01-10,55.59446716308594,56.90772247314453,55.57695770263672,56.3474006652832,29.22669792175293,1635059
2014-01-13,56.233585357666016,56.312381744384766,55.182979583740234,55.42811965942383,28.7498836517334,1081207
2014-01-14,55.533180236816406,56.522499084472656,55.156715393066406,56.45246124267578,29.281192779541016,1210504
2014-01-15,56.36491012573242,56.89896774291992,56.075992584228516,56.785152435302734,29.45375633239746,1439286
2014-01-16,57.056556701660156,58.317283630371094,56.469970703125,58.28226089477539,30.23029136657715,2747334
2014-01-17,58.10716247558594,59.26282501220703,57.94956970214844,58.772544860839844,30.48458480834961,3529855
2014-01-21,58.95640182495117,59.665557861328125,58.509891510009766,59.6392936706543,30.934171676635742,2904729
2014-01-22,59.6130256652832,59.98949432373047,58.97391128540039,59.56049728393555,30.8933048248291,1768811
2014-01-23,59.70933151245117,59.70933151245117,58.46611785888672,58.9476432800293,30.575420379638672,1669440
2014-01-24,58.73752212524414,58.80756378173828,57.214149475097656,57.222904205322266,29.680822372436523,2278461
2014-01-27,57.18788146972656,57.63439178466797,56.76763916015625,57.319210052490234,29.730770111083984,1695939
2014-01-28,57.44178009033203,58.01961135864258,57.310455322265625,57.92330551147461,30.044103622436523,1946537
2014-01-29,57.71318435668945,59.113990783691406,57.45053482055664,58.45736312866211,30.32111358642578,2438254
2014-01-30,58.79005432128906,59.32411193847656,58.37856674194336,58.772544860839844,30.48458480834961,1401936
2014-01-31,57.967079162597656,60.0157585144043,57.967079162597656,59.96323013305664,31.102191925048828,8217101
2014-02-03,60.709999084472656,60.7400016784668,57.90999984741211,57.91999816894531,30.042390823364258,4195000
2014-02-04,58.130001068115234,60.95000076293945,57.97999954223633,60.66999816894531,31.46878433227539,3235300
2014-02-05,59.61000061035156,60.54999923706055,58.7599983215332,59.369998931884766,30.79448890686035,1831700
2014-02-06,59.08000183105469,59.38999938964844,58.58000183105469,59.0,30.81015396118164,1595200
2014-02-07,59.369998931884766,59.54999923706055,58.939998626708984,59.08000183105469,30.851930618286133,1896700
2014-02-10,59.02000045776367,59.29999923706055,58.2599983215332,58.849998474121094,30.73182487487793,1140900
2014-02-11,58.79999923706055,59.400001525878906,58.41999816894531,59.290000915527344,30.96160125732422,1338700
2014-02-12,59.380001068115234,59.900001525878906,59.34000015258789,59.86000061035156,31.259252548217773,1127100
2014-02-13,59.45000076293945,60.279998779296875,59.33000183105469,60.04999923706055,31.358470916748047,1050700
2014-02-14,59.97999954223633,60.189998626708984,59.58000183105469,59.959999084472656,31.311466217041016,956400
2014-02-18,60.20000076293945,60.77000045776367,60.04999923706055,60.66999816894531,31.682233810424805,1311500
2014-02-19,60.4900016784668,61.7400016784668,60.470001220703125,60.849998474121094,31.776229858398438,1646200
2014-02-20,60.84000015258789,61.36000061035156,60.65999984741211,60.97999954223633,31.8441162109375,1211600
2014-02-21,61.13999938964844,61.2400016784668,60.61000061035156,60.709999084472656,31.703123092651367,1299700
2014-02-24,61.11000061035156,61.779998779296875,60.290000915527344,61.22999954223633,31.97467803955078,1679300
2014-02-25,59.20000076293945,59.970001220703125,57.970001220703125,58.810001373291016,30.71092987060547,2862200
2014-02-26,59.540000915527344,59.619998931884766,58.25,59.040000915527344,30.831050872802734,3251500
2014-02-27,59.11000061035156,59.310001373291016,58.68000030517578,58.97999954223633,30.799705505371094,1116200
2014-02-28,59.22999954223633,59.54999923706055,58.7599983215332,59.13999938964844,30.883264541625977,1483600
2014-03-03,58.59000015258789,59.15999984741211,58.310001373291016,58.869998931884766,30.74226951599121,1483300
2014-03-04,59.20000076293945,59.83000183105469,59.16999816894531,59.68000030517578,31.165252685546875,1080900
2014-03-05,59.630001068115234,59.810001373291016,59.09000015258789,59.369998931884766,31.003366470336914,803700
2014-03-06,59.400001525878906,59.56999969482422,58.970001220703125,59.209999084472656,30.919815063476562,1110600
2014-03-07,59.0,59.43000030517578,58.72999954223633,58.959999084472656,30.789262771606445,1084900
2014-03-10,58.959999084472656,59.209999084472656,58.599998474121094,58.779998779296875,30.695266723632812,726900
2014-03-11,58.709999084472656,58.79999923706055,58.04999923706055,58.150001525878906,30.366275787353516,941300
2014-03-12,57.970001220703125,58.790000915527344,57.66999816894531,58.68000030517578,30.643047332763672,740900
2014-03-13,58.7599983215332,58.779998779296875,58.15999984741211,58.33000183105469,30.46027374267578,792100
2014-03-14,58.41999816894531,58.970001220703125,58.36000061035156,58.79999923706055,30.705711364746094,835200
2014-03-17,58.970001220703125,59.790000915527344,58.619998931884766,59.59000015258789,31.118261337280273,910400
2014-03-18,59.619998931884766,60.47999954223633,59.36000061035156,60.22999954223633,31.45245933532715,882900
2014-03-19,60.22999954223633,60.279998779296875,59.33000183105469,59.5,31.071250915527344,709100
2014-03-20,59.2400016784668,59.560001373291016,58.650001525878906,59.40999984741211,31.02425765991211,844500
2014-03-21,59.880001068115234,60.150001525878906,59.31999969482422,59.43000030517578,31.034711837768555,2149800
2014-03-24,59.68000030517578,59.75,58.31999969482422,58.540000915527344,30.569942474365234,1187300
2014-03-25,58.83000183105469,58.959999084472656,58.279998779296875,58.400001525878906,30.49683380126953,1244100
2014-03-26,58.40999984741211,58.75,57.7599983215332,57.779998779296875,30.173057556152344,1303400
2014-03-27,57.86000061035156,58.47999954223633,57.29999923706055,58.400001525878906,30.49683380126953,1150900
2014-03-28,58.54999923706055,58.7599983215332,57.869998931884766,58.4900016784668,30.543821334838867,1030900
2014-03-31,58.58000183105469,59.369998931884766,58.22999954223633,59.25,30.94070053100586,1345300
2014-04-01,59.43000030517578,59.599998474121094,58.56999969482422,59.13999938964844,30.883264541625977,1120400
2014-04-02,59.22999954223633,60.04999923706055,59.060001373291016,59.869998931884766,31.26447105407715,1093400
2014-04-03,60.06999969482422,60.2400016784668,59.5099983215332,59.630001068115234,31.139144897460938,912300
2014-04-04,59.93000030517578,60.5099983215332,59.41999816894531,59.77000045776367,31.212255477905273,905400
2014-04-07,59.65999984741211,59.84000015258789,58.439998626708984,58.47999954223633,30.538606643676758,827100
2014-04-08,58.41999816894531,59.11000061035156,58.11000061035156,58.75,30.679601669311523,1196800
2014-04-09,59.220001220703125,59.56999969482422,58.83000183105469,59.560001373291016,31.102584838867188,709400
2014-04-10,59.599998474121094,59.849998474121094,58.459999084472656,58.61000061035156,30.606494903564453,1201400
2014-04-11,58.47999954223633,59.0099983215332,58.22999954223633,58.5099983215332,30.554275512695312,1094700
2014-04-14,58.790000915527344,59.439998626708984,58.45000076293945,58.91999816894531,30.768381118774414,771500
2014-04-15,58.91999816894531,59.63999938964844,58.66999816894531,59.40999984741211,31.02425765991211,1029900
2014-04-16,60.52000045776367,60.849998474121094,59.689998626708984,60.81999969482422,31.760574340820312,874400
2014-04-17,60.79999923706055,61.439998626708984,60.66999816894531,61.029998779296875,31.870235443115234,1092100
2014-04-21,61.34000015258789,61.880001068115234,61.2599983215332,61.70000076293945,32.22010803222656,1005700
2014-04-22,61.7599983215332,62.68000030517578,61.43000030517578,62.4900016784668,32.63265609741211,906400
2014-04-23,62.40999984741211,62.599998474121094,62.02000045776367,62.209999084472656,32.4864387512207,1020800
2014-04-24,62.38999938964844,62.849998474121094,62.099998474121094,62.20000076293945,32.4812126159668,1180000
2014-04-25,62.15999984741211,62.7599983215332,61.56999969482422,62.689998626708984,32.737098693847656,1260600
2014-04-28,62.220001220703125,62.540000915527344,61.90999984741211,62.41999816894531,32.88991165161133,1226600
2014-04-29,62.54999923706055,63.20000076293945,62.5,62.79999923706055,33.090126037597656,889800
2014-04-30,62.75,63.36000061035156,62.72999954223633,63.220001220703125,33.311424255371094,1308800
2014-05-01,63.2400016784668,63.7400016784668,62.95000076293945,63.290000915527344,33.34831619262695,880300
2014-05-02,63.2599983215332,63.65999984741211,62.84000015258789,63.18000030517578,33.29035949707031,631000
2014-05-05,63.119998931884766,63.84000015258789,62.91999816894531,63.72999954223633,33.580162048339844,481400
2014-05-06,63.58000183105469,63.939998626708984,63.16999816894531,63.20000076293945,33.30088424682617,1269200
2014-05-07,64.25,65.30999755859375,63.290000915527344,64.61000061035156,34.0438346862793,2252100
2014-05-08,64.05999755859375,64.91999816894531,62.86000061035156,62.939998626708984,33.16389465332031,1711100
2014-05-09,62.279998779296875,62.70000076293945,61.5,61.88999938964844,32.610633850097656,1155500
2014-05-12,62.189998626708984,62.63999938964844,61.959999084472656,62.119998931884766,32.73183059692383,1038600
2014-05-13,62.25,62.380001068115234,61.869998931884766,61.880001068115234,32.60536575317383,1132900
2014-05-14,62.06999969482422,63.189998626708984,62.0,63.11000061035156,33.25346755981445,1144300
2014-05-15,63.25,63.2599983215332,62.5099983215332,62.59000015258789,32.97947311401367,1055800
2014-05-16,63.09000015258789,63.09000015258789,62.25,62.5,32.932044982910156,1057700
2014-05-19,62.5,62.720001220703125,62.119998931884766,62.20000076293945,32.773983001708984,665000
2014-05-20,62.33000183105469,63.560001373291016,62.31999969482422,63.209999084472656,33.3061637878418,945300
2014-05-21,63.380001068115234,63.849998474121094,63.2400016784668,63.709999084472656,33.569618225097656,711500
2014-05-22,63.540000915527344,64.93000030517578,63.310001373291016,64.3499984741211,33.906837463378906,750500
2014-05-23,64.5999984741211,65.05999755859375,64.3499984741211,64.80999755859375,34.14922332763672,644800
2014-05-27,64.9800033569336,65.22000122070312,64.51000213623047,64.80000305175781,34.14395523071289,1023600
2014-05-28,64.91999816894531,65.12999725341797,64.69000244140625,64.8499984741211,34.17029571533203,982600
2014-05-29,65.0,65.05000305175781,64.26000213623047,64.5999984741211,34.03856658935547,851900
2014-05-30,64.66000366210938,64.79000091552734,64.30999755859375,64.48999786376953,33.98060607910156,1184200
2014-06-02,64.62999725341797,64.70999908447266,64.25,64.45999908447266,33.96480178833008,840700
2014-06-03,64.45999908447266,64.66000366210938,64.29000091552734,64.4800033569336,33.97534942626953,872500
2014-06-04,64.38999938964844,65.0,64.20999908447266,64.94999694824219,34.22299575805664,819500
2014-06-05,64.86000061035156,65.79000091552734,64.83999633789062,65.55000305175781,34.53914260864258,802300
2014-06-06,65.54000091552734,66.20999908447266,65.5,65.88999938964844,34.71828842163086,649700
2014-06-09,65.75,66.05000305175781,65.44999694824219,65.68000030517578,34.607635498046875,647200
2014-06-10,65.44999694824219,65.95999908447266,64.97000122070312,65.26000213623047,34.38632583618164,761400
2014-06-11,64.93000030517578,65.30000305175781,64.27999877929688,64.7699966430664,34.128143310546875,1184700
2014-06-12,64.72000122070312,64.94000244140625,64.41000366210938,64.62000274658203,34.04911422729492,871000
2014-06-13,64.76000213623047,65.2300033569336,64.4800033569336,65.1500015258789,34.328369140625,654300
2014-06-16,65.02999877929688,66.22000122070312,65.0,65.31999969482422,34.417938232421875,1217300
2014-06-17,65.0999984741211,65.47000122070312,64.44999694824219,64.51000213623047,33.99114227294922,1515600
2014-06-18,64.47000122070312,64.76000213623047,63.650001525878906,64.37999725341797,33.922645568847656,1894600
2014-06-19,64.44999694824219,64.83999633789062,64.30000305175781,64.45999908447266,33.96480178833008,983000
2014-06-20,64.66999816894531,66.4000015258789,64.66999816894531,66.33999633789062,34.95539474487305,2261900
2014-06-23,66.47000122070312,67.16999816894531,66.18000030517578,67.0199966430664,35.31369400024414,1152200
2014-06-24,66.9800033569336,67.7300033569336,66.80000305175781,67.12999725341797,35.371665954589844,1022400
2014-06-25,66.91999816894531,68.05999755859375,66.91999816894531,68.0199966430664,35.840614318847656,1430800
2014-06-26,68.0199966430664,68.0199966430664,67.31999969482422,67.62000274658203,35.62984085083008,772600
2014-06-27,67.48999786376953,67.70999908447266,67.11000061035156,67.5199966430664,35.57715606689453,1627800
2014-06-30,67.69000244140625,68.13999938964844,67.26000213623047,68.08000183105469,35.87223434448242,767900
2014-07-01,68.06999969482422,68.45999908447266,67.91999816894531,68.29000091552734,35.98288345336914,589400
2014-07-02,68.25,68.25,67.52999877929688,67.75,35.69834899902344,698400
2014-07-03,67.75,67.75,66.94000244140625,67.61000061035156,35.62458038330078,858600
2014-07-07,67.58000183105469,67.77999877929688,66.12999725341797,66.33000183105469,34.950130462646484,1356800
2014-07-08,66.44999694824219,66.81999969482422,66.22000122070312,66.77999877929688,35.18723678588867,1027300
2014-07-09,66.80999755859375,67.04000091552734,66.44999694824219,67.04000091552734,35.324241638183594,707600
2014-07-10,66.52999877929688,66.75,66.16000366210938,66.68000030517578,35.13455581665039,598500
2014-07-11,66.75,66.88999938964844,66.25,66.69000244140625,35.13981628417969,799700
2014-07-14,67.04000091552734,67.2300033569336,66.62999725341797,66.68000030517578,35.13455581665039,506000
2014-07-15,66.5,66.52999877929688,65.88999938964844,66.41000366210938,34.992286682128906,821500
2014-07-16,66.44999694824219,66.83999633789062,66.05999755859375,66.83999633789062,35.21885299682617,641700
2014-07-17,66.45999908447266,67.30999755859375,65.95999908447266,66.01000213623047,34.78152084350586,736300
2014-07-18,66.2300033569336,66.4800033569336,65.87000274658203,66.4800033569336,35.0291633605957,795700
2014-07-21,66.22000122070312,66.45999908447266,65.91999816894531,66.30999755859375,34.939598083496094,553400
2014-07-22,66.4000015258789,66.98999786376953,66.18000030517578,66.9800033569336,35.292625427246094,996200
2014-07-23,67.0,67.44000244140625,66.86000061035156,67.16000366210938,35.38747024536133,526900
2014-07-24,67.47000122070312,67.98999786376953,67.05000305175781,67.7699966430664,35.708885192871094,880600
2014-07-25,67.41000366210938,67.80999755859375,66.63999938964844,66.83000183105469,35.21358108520508,533900
2014-07-28,66.80000305175781,67.55999755859375,66.5999984741211,67.37000274658203,35.49811935424805,647500
2014-07-29,67.33000183105469,67.70999908447266,66.81999969482422,66.83000183105469,35.21358108520508,765100
2014-07-30,66.97000122070312,67.19999694824219,65.91999816894531,66.08999633789062,34.82367706298828,742800
2014-07-31,65.05000305175781,66.0,64.05999755859375,64.43000030517578,34.246952056884766,1506100
2014-08-01,64.08000183105469,64.77999877929688,63.59000015258789,63.939998626708984,33.98650360107422,1190300
2014-08-04,64.08000183105469,64.7300033569336,63.27000045776367,64.61000061035156,34.34263229370117,1097500
2014-08-05,64.44000244140625,64.72000122070312,63.369998931884766,63.709999084472656,33.86424255371094,1328900
2014-08-06,62.040000915527344,63.2400016784668,60.88999938964844,62.4900016784668,33.21577453613281,1959100
2014-08-07,62.779998779296875,63.209999084472656,61.83000183105469,62.029998779296875,32.97126388549805,1220700
2014-08-08,62.209999084472656,63.369998931884766,61.91999816894531,63.349998474121094,33.67289352416992,942900
2014-08-11,63.869998931884766,64.08000183105469,62.72999954223633,63.02000045776367,33.49747848510742,1504800
2014-08-12,63.029998779296875,63.689998626708984,62.810001373291016,63.52000045776367,33.763248443603516,1230300
2014-08-13,63.77000045776367,65.0,63.66999816894531,64.81999969482422,34.45424270629883,878900
2014-08-14,65.01000213623047,65.63999938964844,64.88999938964844,65.47000122070312,34.799747467041016,924300
2014-08-15,65.62000274658203,66.86000061035156,65.62000274658203,66.44999694824219,35.32065963745117,1005700
2014-08-18,66.94000244140625,66.94000244140625,66.22000122070312,66.4000015258789,35.2940788269043,808400
2014-08-19,66.48999786376953,67.23999786376953,66.43000030517578,67.19999694824219,35.71931076049805,755700
2014-08-20,67.25,67.88999938964844,67.05000305175781,67.75,36.01165771484375,1106800
2014-08-21,67.87999725341797,68.13999938964844,67.41999816894531,67.66000366210938,35.96381759643555,634300
2014-08-22,67.62999725341797,67.80000305175781,66.91000366210938,67.5,35.8787727355957,637000
2014-08-25,67.83999633789062,68.19999694824219,67.52999877929688,68.0,36.14454650878906,698700
2014-08-26,68.0,68.77999877929688,67.73999786376953,68.44000244140625,36.378414154052734,796000
2014-08-27,68.66000366210938,68.91000366210938,68.16000366210938,68.91000366210938,36.62824249267578,854200
2014-08-28,68.79000091552734,69.66000366210938,68.62000274658203,69.62000274658203,37.00563430786133,656100
2014-08-29,69.62000274658203,70.2300033569336,69.51000213623047,70.19999694824219,37.31392288208008,586300
2014-09-02,70.22000122070312,70.75,69.91000366210938,70.2300033569336,37.329872131347656,928500
2014-09-03,70.62000274658203,71.19000244140625,70.31999969482422,70.8499984741211,37.659420013427734,991300
2014-09-04,70.81999969482422,71.16000366210938,70.25,70.47000122070312,37.45743942260742,648900
2014-09-05,70.5999984741211,71.04000091552734,70.26000213623047,70.94000244140625,37.707271575927734,814800
2014-09-08,70.91000366210938,71.18000030517578,70.55000305175781,70.9800033569336,37.72853088378906,563100
2014-09-09,70.70999908447266,70.83000183105469,69.81999969482422,70.0999984741211,37.26076889038086,668400
2014-09-10,70.08999633789062,70.12999725341797,68.91000366210938,69.47000122070312,36.9259033203125,892100
2014-09-11,69.63999938964844,69.63999938964844,68.38999938964844,69.33000183105469,36.85148239135742,905400
2014-09-12,69.01000213623047,69.05999755859375,67.22000122070312,67.62000274658203,35.94255828857422,1381400
2014-09-15,67.5,67.69999694824219,67.19999694824219,67.37999725341797,35.814979553222656,808800
2014-09-16,67.19999694824219,68.33999633789062,67.18000030517578,68.1500015258789,36.22427749633789,786300
2014-09-17,68.33000183105469,68.76000213623047,68.05999755859375,68.37999725341797,36.346519470214844,724600
2014-09-18,68.43000030517578,68.69000244140625,67.69999694824219,68.54000091552734,36.43156433105469,785600
2014-09-19,68.93000030517578,68.95999908447266,68.2300033569336,68.41000366210938,36.36246871948242,1088500
2014-09-22,68.19000244140625,68.23999786376953,67.12000274658203,67.2699966430664,35.75651550292969,808300
2014-09-23,67.0199966430664,67.11000061035156,66.37000274658203,66.45999908447266,35.32597351074219,964200
2014-09-24,66.41000366210938,66.63999938964844,65.54000091552734,66.38999938964844,35.288761138916016,855000
2014-09-25,66.33000183105469,66.3499984741211,65.58999633789062,65.63999938964844,34.890113830566406,871100
2014-09-26,65.52999877929688,66.47000122070312,65.1500015258789,66.16999816894531,35.17182540893555,855000
2014-09-29,65.52999877929688,66.19999694824219,65.05000305175781,66.06999969482422,35.11867904663086,1254700
2014-09-30,66.08000183105469,66.3499984741211,65.27999877929688,65.55000305175781,34.842281341552734,1235900
2014-10-01,65.5999984741211,66.19999694824219,64.62999725341797,64.72000122070312,34.401100158691406,1183600
2014-10-02,64.1500015258789,64.41999816894531,62.380001068115234,64.05000305175781,34.04496765136719,1657100
2014-10-03,64.20999908447266,64.43000030517578,63.7599983215332,64.25,34.15128707885742,916000
2014-10-06,64.36000061035156,64.72000122070312,63.52000045776367,64.0999984741211,34.07154846191406,615700
2014-10-07,63.630001068115234,63.880001068115234,62.58000183105469,62.61000061035156,33.27955627441406,795100
2014-10-08,62.63999938964844,62.779998779296875,61.16999816894531,62.720001220703125,33.3380241394043,1478700
2014-10-09,62.58000183105469,62.61000061035156,58.5,58.79999923706055,31.254398345947266,2685800
2014-10-10,58.54999923706055,59.08000183105469,55.84000015258789,58.33000183105469,31.00457191467285,3726000
2014-10-13,58.33000183105469,58.650001525878906,55.06999969482422,55.150001525878906,29.314287185668945,2030500
2014-10-14,55.13999938964844,55.13999938964844,52.25,53.709999084472656,28.548866271972656,4391500
2014-10-15,53.29999923706055,54.75,52.060001373291016,54.47999954223633,28.958158493041992,2360400
2014-10-16,53.5,58.22999954223633,53.41999816894531,56.54999923706055,30.058439254760742,3757100
2014-10-17,57.16999816894531,58.54999923706055,56.47999954223633,57.36000061035156,30.488983154296875,2287300
2014-10-20,57.36000061035156,58.79999923706055,57.290000915527344,58.70000076293945,31.201234817504883,1723300
2014-10-21,59.06999969482422,61.439998626708984,58.84000015258789,61.11000061035156,32.48225021362305,2421300
2014-10-22,61.560001373291016,61.560001373291016,59.68000030517578,59.77000045776367,31.769983291625977,1314600
2014-10-23,60.4900016784668,61.02000045776367,60.0099983215332,60.459999084472656,32.13675308227539,1141500
2014-10-24,60.599998474121094,61.040000915527344,59.630001068115234,61.0099983215332,32.429100036621094,779200
2014-10-27,61.02000045776367,61.150001525878906,59.54999923706055,60.40999984741211,32.110172271728516,1230100
2014-10-28,60.83000183105469,60.97999954223633,59.310001373291016,59.880001068115234,31.828462600708008,1858200
2014-10-29,60.279998779296875,60.77000045776367,58.619998931884766,59.369998931884766,31.557373046875,1940400
2014-10-30,58.540000915527344,59.08000183105469,58.189998626708984,58.66999816894531,31.498313903808594,1538600
2014-10-31,59.09000015258789,59.58000183105469,58.54999923706055,58.939998626708984,31.643268585205078,1804500
2014-11-03,59.130001068115234,59.65999984741211,58.220001220703125,58.38999938964844,31.347990036010742,1666200
2014-11-04,57.97999954223633,58.380001068115234,55.900001525878906,56.5,30.33330535888672,2125800
2014-11-05,57.66999816894531,57.689998626708984,55.5099983215332,56.5,30.33330535888672,2381300
2014-11-06,56.290000915527344,56.66999816894531,55.560001373291016,55.95000076293945,30.03801918029785,1843900
2014-11-07,56.130001068115234,57.5099983215332,56.0099983215332,57.2599983215332,30.7413272857666,1547000
2014-11-10,57.47999954223633,57.970001220703125,55.959999084472656,56.189998626708984,30.166873931884766,1542400
2014-11-11,56.2400016784668,56.7400016784668,55.77000045776367,56.25,30.199085235595703,1069100
2014-11-12,55.939998626708984,57.18000030517578,55.79999923706055,56.459999084472656,30.311832427978516,1360500
2014-11-13,56.290000915527344,56.58000183105469,55.2599983215332,55.650001525878906,29.876970291137695,1692300
2014-11-14,55.77000045776367,56.369998931884766,55.470001220703125,55.91999816894531,30.021913528442383,1009200
2014-11-17,55.709999084472656,56.380001068115234,55.29999923706055,56.09000015258789,30.113191604614258,1179300
2014-11-18,56.0099983215332,56.75,55.91999816894531,56.47999954223633,30.322568893432617,1161400
2014-11-19,56.439998626708984,57.099998474121094,56.20000076293945,56.83000183105469,30.510469436645508,911200
2014-11-20,56.25,57.84000015258789,55.380001068115234,57.349998474121094,30.789649963378906,1379700
2014-11-21,58.06999969482422,59.2400016784668,57.529998779296875,58.41999816894531,31.364097595214844,1692000
2014-11-24,58.40999984741211,58.810001373291016,57.970001220703125,58.040000915527344,31.16008758544922,1360000
2014-11-25,58.31999969482422,58.59000015258789,57.7599983215332,57.810001373291016,31.0366153717041,1322200
2014-11-26,57.790000915527344,57.88999938964844,57.20000076293945,57.459999084472656,30.84870147705078,2135400
2014-11-28,56.209999084472656,56.470001220703125,54.0099983215332,54.15999984741211,29.077022552490234,1415100
2014-12-01,54.099998474121094,54.400001525878906,51.2400016784668,51.95000076293945,27.890539169311523,3486700
2014-12-02,51.7599983215332,53.060001373291016,51.27000045776367,52.4900016784668,28.180452346801758,2611100
2014-12-03,52.970001220703125,55.2599983215332,52.79999923706055,53.220001220703125,28.572362899780273,4529800
2014-12-04,53.0099983215332,53.54999923706055,52.77000045776367,53.09000015258789,28.502567291259766,1696500
2014-12-05,52.810001373291016,53.310001373291016,52.130001068115234,52.5,28.18580436706543,1887800
2014-12-08,52.25,52.439998626708984,48.040000915527344,48.34000015258789,25.952423095703125,3496900
2014-12-09,48.040000915527344,49.310001373291016,47.41999816894531,48.41999816894531,25.995376586914062,3022100
2014-12-10,48.130001068115234,48.130001068115234,44.130001068115234,44.650001525878906,23.971364974975586,4548800
2014-12-11,44.79999923706055,46.369998931884766,44.79999923706055,45.66999816894531,24.51896858215332,4060100
2014-12-12,45.150001525878906,45.630001068115234,44.20000076293945,44.86000061035156,24.0841064453125,2329900
2014-12-15,45.119998931884766,45.459999084472656,44.04999923706055,44.31999969482422,23.794198989868164,2018400
2014-12-16,43.939998626708984,45.11000061035156,43.36000061035156,44.29999923706055,23.783462524414062,3713800
2014-12-17,44.47999954223633,47.7599983215332,44.43000030517578,47.4900016784668,25.496084213256836,3885600
2014-12-18,48.209999084472656,49.279998779296875,47.63999938964844,49.220001220703125,26.42487144470215,4284700
2014-12-19,49.900001525878906,49.939998626708984,47.529998779296875,49.540000915527344,26.596675872802734,6218300
2014-12-22,49.52000045776367,49.810001373291016,48.36000061035156,49.779998779296875,26.725515365600586,2387800
2014-12-23,49.79999923706055,50.52000045776367,49.5099983215332,50.380001068115234,27.04764747619629,1496100
2014-12-24,50.25,50.709999084472656,49.25,50.709999084472656,27.22481346130371,866200
2014-12-26,50.13999938964844,50.45000076293945,49.47999954223633,49.86000061035156,26.768474578857422,956200
2014-12-29,49.88999938964844,50.849998474121094,49.86000061035156,50.209999084472656,26.956371307373047,2015500
2014-12-30,50.209999084472656,50.65999984741211,49.63999938964844,49.959999084472656,26.822158813476562,1593400
2014-12-31,49.869998931884766,50.54999923706055,48.95000076293945,49.790000915527344,26.730892181396484,1944600
2015-01-02,49.900001525878906,50.349998474121094,49.529998779296875,49.91999816894531,26.800682067871094,1569200
2015-01-05,49.25,49.279998779296875,46.970001220703125,47.060001373291016,25.26523208618164,2151200
2015-01-06,47.060001373291016,47.349998474121094,44.77000045776367,45.099998474121094,24.212963104248047,2959800
2015-01-07,45.61000061035156,45.84000015258789,44.369998931884766,44.77000045776367,24.035785675048828,2441900
2015-01-08,45.38999938964844,45.599998474121094,44.939998626708984,45.2599983215332,24.298852920532227,1624100
2015-01-09,45.150001525878906,45.439998626708984,43.2400016784668,43.720001220703125,23.47207260131836,2742300
2015-01-12,43.06999969482422,43.16999816894531,40.47999954223633,41.099998474121094,22.065460205078125,4277300
2015-01-13,41.189998626708984,41.97999954223633,39.529998779296875,40.22999954223633,21.598390579223633,2929800
2015-01-14,40.33000183105469,42.369998931884766,39.88999938964844,42.31999969482422,22.72045135498047,4809900
2015-01-15,42.63999938964844,43.63999938964844,42.22999954223633,42.29999923706055,22.709714889526367,3498000
2015-01-16,42.130001068115234,43.119998931884766,42.02000045776367,42.88999938964844,23.026466369628906,2134100
2015-01-20,43.08000183105469,43.75,42.5,43.689998626708984,23.45596694946289,2797600
2015-01-21,43.79999923706055,45.43000030517578,43.75,45.369998931884766,24.3579158782959,3137600
2015-01-22,45.939998626708984,46.2400016784668,44.15999984741211,44.5,23.89082908630371,4600900
2015-01-23,44.38999938964844,44.86000061035156,43.7599983215332,44.060001373291016,23.654605865478516,2130600
2015-01-26,44.209999084472656,45.22999954223633,44.060001373291016,45.029998779296875,24.17537498474121,1252400
2015-01-27,44.84000015258789,45.439998626708984,44.31999969482422,44.689998626708984,23.992839813232422,1662200
2015-01-28,44.209999084472656,44.560001373291016,42.060001373291016,42.16999816894531,22.950620651245117,2225900
2015-01-29,42.400001525878906,43.11000061035156,41.47999954223633,43.029998779296875,23.418670654296875,1611100
2015-01-30,42.7400016784668,44.34000015258789,42.369998931884766,44.029998779296875,23.962907791137695,2573500
2015-02-02,44.400001525878906,45.2599983215332,44.130001068115234,45.189998626708984,24.594228744506836,2076900
2015-02-03,45.439998626708984,46.9900016784668,45.36000061035156,46.779998779296875,25.459558486938477,2221200
2015-02-04,45.75,46.09000015258789,44.77000045776367,45.470001220703125,24.746612548828125,2213800
2015-02-05,46.15999984741211,47.83000183105469,45.90999984741211,47.220001220703125,25.69902992248535,1835200
2015-02-06,47.31999969482422,47.43000030517578,46.0,46.880001068115234,25.513996124267578,2105500
2015-02-09,46.95000076293945,47.380001068115234,46.0,46.20000076293945,25.143905639648438,1420100
2015-02-10,46.439998626708984,46.5,45.130001068115234,46.130001068115234,25.10581398010254,1662200
2015-02-11,45.720001220703125,45.93000030517578,45.099998474121094,45.66999816894531,24.855453491210938,1370600
2015-02-12,46.27000045776367,48.02000045776367,46.0099983215332,47.279998779296875,25.731687545776367,2981600
2015-02-13,47.7400016784668,48.290000915527344,47.08000183105469,47.31999969482422,25.75345230102539,2571700
2015-02-17,47.310001373291016,48.650001525878906,46.63999938964844,48.5099983215332,26.401107788085938,2618100
2015-02-18,48.34000015258789,48.66999816894531,47.7599983215332,48.220001220703125,26.24327850341797,2030200
2015-02-19,47.5099983215332,48.189998626708984,47.15999984741211,47.5,25.851417541503906,2007000
2015-02-20,47.470001220703125,47.939998626708984,47.16999816894531,47.66999816894531,25.94393539428711,1670800
2015-02-23,47.18000030517578,47.68000030517578,46.02000045776367,47.41999816894531,25.80788230895996,2466100
2015-02-24,46.20000076293945,46.220001220703125,44.72999954223633,45.099998474121094,24.545249938964844,3532700
2015-02-25,44.970001220703125,45.5099983215332,44.52000045776367,45.38999938964844,24.703065872192383,2563800
2015-02-26,45.150001525878906,45.27000045776367,43.59000015258789,43.970001220703125,23.930253982543945,2315100
2015-02-27,44.29999923706055,44.349998474121094,43.58000183105469,44.2599983215332,24.088071823120117,1609400
2015-03-02,44.2599983215332,44.290000915527344,43.59000015258789,44.06999969482422,23.984676361083984,1397500
2015-03-03,44.09000015258789,45.279998779296875,44.04999923706055,45.22999954223633,24.615999221801758,1563700
2015-03-04,45.20000076293945,45.27000045776367,44.34000015258789,45.029998779296875,24.507144927978516,1842800
2015-03-05,45.119998931884766,46.130001068115234,45.099998474121094,45.9900016784668,25.02961540222168,1774100
2015-03-06,45.459999084472656,47.15999984741211,45.349998474121094,47.130001068115234,25.650054931640625,3267800
2015-03-09,47.560001373291016,48.279998779296875,46.66999816894531,46.9900016784668,25.5738525390625,3905200
2015-03-10,46.38999938964844,46.880001068115234,46.11000061035156,46.369998931884766,25.236427307128906,2268300
2015-03-11,45.72999954223633,46.63999938964844,45.72999954223633,46.11000061035156,25.094926834106445,1729100
2015-03-12,46.34000015258789,46.4900016784668,45.88999938964844,46.34000015258789,25.2200984954834,1612300
2015-03-13,46.27000045776367,46.310001373291016,44.310001373291016,44.869998931884766,24.42007064819336,2630000
2015-03-16,44.84000015258789,45.15999984741211,44.16999816894531,45.130001068115234,24.561569213867188,2323900
2015-03-17,44.849998474121094,45.849998474121094,44.720001220703125,45.779998779296875,24.91532325744629,1614300
2015-03-18,45.880001068115234,47.5,45.31999969482422,47.43000030517578,25.813322067260742,2345800
2015-03-19,47.11000061035156,47.189998626708984,46.130001068115234,46.41999816894531,25.263639450073242,1683600
2015-03-20,46.959999084472656,47.880001068115234,46.75,47.369998931884766,25.780670166015625,5568700
2015-03-23,47.369998931884766,48.720001220703125,47.369998931884766,48.619998931884766,26.460969924926758,1869100
2015-03-24,48.52000045776367,48.540000915527344,46.77000045776367,46.95000076293945,25.552087783813477,2153000
2015-03-25,47.11000061035156,47.619998931884766,46.790000915527344,47.060001373291016,25.611955642700195,1432300
2015-03-26,47.849998474121094,47.849998474121094,46.77000045776367,47.15999984741211,25.666379928588867,1013500
2015-03-27,46.939998626708984,47.4900016784668,46.310001373291016,47.04999923706055,25.606515884399414,1213300
2015-03-30,47.439998626708984,48.18000030517578,47.2599983215332,48.040000915527344,26.145313262939453,2092500
2015-03-31,47.810001373291016,48.709999084472656,47.70000076293945,48.2400016784668,26.2541561126709,2363700
2015-04-01,48.220001220703125,49.150001525878906,48.220001220703125,48.34000015258789,26.30858039855957,1620600
2015-04-02,48.25,49.099998474121094,47.75,48.06999969482422,26.161636352539062,1272800
2015-04-06,48.15999984741211,49.099998474121094,48.150001525878906,48.869998931884766,26.597026824951172,1491400
2015-04-07,48.790000915527344,48.90999984741211,48.2400016784668,48.45000076293945,26.368450164794922,1658500
2015-04-08,48.63999938964844,48.869998931884766,47.540000915527344,47.66999816894531,25.94393539428711,1274800
2015-04-09,47.790000915527344,48.220001220703125,47.560001373291016,48.08000183105469,26.167083740234375,1100900
2015-04-10,48.189998626708984,48.439998626708984,48.06999969482422,48.25,26.259605407714844,879400
2015-04-13,48.34000015258789,48.54999923706055,47.2599983215332,47.650001525878906,25.933059692382812,1469800
2015-04-14,47.970001220703125,49.220001220703125,47.869998931884766,49.20000076293945,26.776626586914062,1380500
2015-04-15,49.5,51.529998779296875,49.25,51.06999969482422,27.794353485107422,2730400
2015-04-16,50.83000183105469,50.970001220703125,49.779998779296875,50.34000015258789,27.397066116333008,1296000
2015-04-17,49.95000076293945,50.099998474121094,49.220001220703125,49.540000915527344,26.961673736572266,1420700
2015-04-20,49.56999969482422,49.97999954223633,49.06999969482422,49.130001068115234,26.73853302001953,1993100
2015-04-21,49.380001068115234,49.470001220703125,47.869998931884766,48.060001373291016,26.156198501586914,2178900
2015-04-22,48.31999969482422,48.97999954223633,47.77000045776367,48.939998626708984,26.63512420654297,1581000
2015-04-23,49.04999923706055,49.77000045776367,49.0099983215332,49.2599983215332,26.809280395507812,867800
2015-04-24,49.29999923706055,49.61000061035156,48.959999084472656,49.22999954223633,26.79296112060547,1035300
2015-04-27,49.439998626708984,49.5099983215332,48.4900016784668,48.56999969482422,26.433753967285156,1320400
2015-04-28,47.959999084472656,48.470001220703125,47.7400016784668,48.2400016784668,26.585309982299805,1424500
2015-04-29,47.970001220703125,48.709999084472656,47.77000045776367,48.59000015258789,26.77819061279297,994200
2015-04-30,48.59000015258789,48.77000045776367,47.2599983215332,48.099998474121094,26.50815200805664,2809400
2015-05-01,48.119998931884766,48.720001220703125,47.849998474121094,48.65999984741211,26.816776275634766,1318400
2015-05-04,48.650001525878906,48.86000061035156,48.11000061035156,48.119998931884766,26.519176483154297,1470300
2015-05-05,48.36000061035156,48.970001220703125,47.90999984741211,47.95000076293945,26.425487518310547,1916600
2015-05-06,46.88999938964844,46.88999938964844,44.2599983215332,44.84000015258789,24.7115478515625,7018700
2015-05-07,44.77000045776367,44.90999984741211,43.279998779296875,43.91999816894531,24.204544067382812,3742800
2015-05-08,44.209999084472656,44.83000183105469,43.43000030517578,44.75,24.66195297241211,2672400
2015-05-11,44.790000915527344,44.790000915527344,43.27000045776367,43.380001068115234,23.906940460205078,1911800
2015-05-12,43.31999969482422,43.619998931884766,42.90999984741211,43.36000061035156,23.895923614501953,2570500
2015-05-13,44.400001525878906,47.290000915527344,44.209999084472656,44.5099983215332,24.52968406677246,5342000
2015-05-14,44.650001525878906,44.84000015258789,44.31999969482422,44.63999938964844,24.601337432861328,1452400
2015-05-15,44.630001068115234,45.939998626708984,44.18000030517578,45.689998626708984,25.17999839782715,1750200
2015-05-18,45.52000045776367,46.220001220703125,45.220001220703125,45.849998474121094,25.26816749572754,1531100
2015-05-19,45.38999938964844,45.65999984741211,44.720001220703125,45.11000061035156,24.860347747802734,1835500
2015-05-20,45.189998626708984,45.29999923706055,44.68000030517578,45.150001525878906,24.882396697998047,1165100
2015-05-21,45.20000076293945,45.93000030517578,44.95000076293945,45.09000015258789,24.849334716796875,1445100
2015-05-22,44.86000061035156,45.02000045776367,44.09000015258789,44.150001525878906,24.331295013427734,1690900
2015-05-26,43.869998931884766,44.2400016784668,43.630001068115234,43.650001525878906,24.05574607849121,1358200
2015-05-27,43.65999984741211,43.9900016784668,42.779998779296875,43.099998474121094,23.752626419067383,1747500
2015-05-28,42.86000061035156,43.04999923706055,41.83000183105469,42.209999084472656,23.262149810791016,2404100
2015-05-29,42.25,42.36000061035156,41.61000061035156,41.91999816894531,23.102317810058594,2346500
2015-06-01,41.880001068115234,42.04999923706055,41.22999954223633,41.310001373291016,22.766145706176758,1750900
2015-06-02,41.34000015258789,42.06999969482422,41.27000045776367,41.56999969482422,22.909435272216797,1569700
2015-06-03,41.2599983215332,41.380001068115234,40.689998626708984,40.689998626708984,22.424463272094727,1781900
2015-06-04,40.400001525878906,40.70000076293945,39.720001220703125,39.75,21.90642547607422,2019200
2015-06-05,39.119998931884766,40.09000015258789,38.63999938964844,39.88999938964844,21.98358154296875,4608700
2015-06-08,39.70000076293945,40.040000915527344,39.34000015258789,39.459999084472656,21.746606826782227,2163600
2015-06-09,39.77000045776367,40.0099983215332,39.33000183105469,39.439998626708984,21.735584259033203,1811700
2015-06-10,39.959999084472656,40.04999923706055,39.290000915527344,39.31999969482422,21.66944694519043,2336200
2015-06-11,39.459999084472656,39.66999816894531,39.099998474121094,39.380001068115234,21.702518463134766,3169400
2015-06-12,39.20000076293945,39.209999084472656,38.439998626708984,38.83000183105469,21.399412155151367,3557400
2015-06-15,38.59000015258789,39.529998779296875,38.529998779296875,39.02000045776367,21.504119873046875,2526700
2015-06-16,39.0,39.380001068115234,38.5099983215332,38.95000076293945,21.46554946899414,2475700
2015-06-17,39.06999969482422,39.290000915527344,38.66999816894531,39.209999084472656,21.60883140563965,1709100
2015-06-18,39.290000915527344,39.4900016784668,38.75,39.27000045776367,21.641897201538086,1688600
2015-06-19,39.189998626708984,39.54999923706055,38.810001373291016,39.040000915527344,21.5151424407959,2078700
2015-06-22,39.790000915527344,41.29999923706055,39.790000915527344,40.790000915527344,22.479578018188477,3713800
2015-06-23,40.81999969482422,41.08000183105469,40.59000015258789,40.63999938964844,22.39691734313965,1801600
2015-06-24,40.540000915527344,40.81999969482422,40.27000045776367,40.36000061035156,22.242605209350586,1501200
2015-06-25,40.209999084472656,40.36000061035156,39.29999923706055,39.310001373291016,21.663942337036133,1796300
2015-06-26,39.2599983215332,39.93000030517578,38.939998626708984,39.91999816894531,22.00011444091797,1906600
2015-06-29,39.349998474121094,39.880001068115234,39.06999969482422,39.11000061035156,21.553720474243164,1582300
2015-06-30,39.45000076293945,39.630001068115234,38.959999084472656,39.47999954223633,21.757627487182617,2106100
2015-07-01,39.540000915527344,39.7400016784668,38.63999938964844,38.79999923706055,21.382877349853516,2362700
2015-07-02,39.06999969482422,39.529998779296875,38.7599983215332,39.220001220703125,21.61434555053711,1136500
2015-07-06,38.77000045776367,38.97999954223633,37.779998779296875,37.93000030517578,20.903411865234375,1708500
2015-07-07,37.86000061035156,39.22999954223633,37.459999084472656,39.119998931884766,21.559234619140625,2565500
2015-07-08,38.93000030517578,39.7599983215332,38.279998779296875,38.5099983215332,21.223058700561523,2173000
2015-07-09,39.2400016784668,39.93000030517578,39.04999923706055,39.13999938964844,21.570249557495117,1893600
2015-07-10,39.15999984741211,39.61000061035156,38.79999923706055,39.540000915527344,21.790695190429688,1693700
2015-07-13,39.95000076293945,41.380001068115234,39.95000076293945,41.20000076293945,22.705528259277344,2168400
2015-07-14,41.130001068115234,41.4900016784668,41.02000045776367,41.400001525878906,22.81574821472168,1890900
2015-07-15,41.0,41.189998626708984,40.31999969482422,40.630001068115234,22.391401290893555,1924800
2015-07-16,40.77000045776367,41.0,40.54999923706055,40.97999954223633,22.58428382873535,1638400
2015-07-17,40.81999969482422,40.880001068115234,40.27000045776367,40.38999938964844,22.25913429260254,2053300
2015-07-20,40.25,40.400001525878906,38.84000015258789,39.09000015258789,21.542695999145508,2581200
2015-07-21,39.09000015258789,39.619998931884766,38.900001525878906,39.47999954223633,21.757627487182617,2749800
2015-07-22,39.2599983215332,39.279998779296875,38.02000045776367,38.29999923706055,21.10732078552246,2938900
2015-07-23,38.31999969482422,38.72999954223633,37.95000076293945,38.66999816894531,21.311233520507812,3573900
2015-07-24,38.77000045776367,38.81999969482422,37.599998474121094,37.68000030517578,20.765644073486328,2937800
2015-07-27,37.400001525878906,38.150001525878906,36.91999816894531,37.869998931884766,20.87035369873047,1830400
2015-07-28,37.84000015258789,39.20000076293945,37.599998474121094,38.7599983215332,21.3608341217041,2537200
2015-07-29,38.59000015258789,40.08000183105469,38.13999938964844,40.0,22.04420280456543,2572100
2015-07-30,39.130001068115234,39.790000915527344,37.40999984741211,37.90999984741211,21.213247299194336,2686500
2015-07-31,38.040000915527344,38.380001068115234,37.72999954223633,37.790000915527344,21.146099090576172,2633800
2015-08-03,37.54999923706055,37.54999923706055,36.40999984741211,36.56999969482422,20.463424682617188,2783200
2015-08-04,36.5,36.650001525878906,35.52000045776367,35.689998626708984,19.970998764038086,3039800
2015-08-05,38.52000045776367,38.869998931884766,34.630001068115234,34.81999969482422,19.48417854309082,5601700
2015-08-06,34.77000045776367,35.63999938964844,33.720001220703125,35.310001373291016,19.75836181640625,3157900
2015-08-07,35.18000030517578,35.7599983215332,34.150001525878906,34.31999969482422,19.20439338684082,1911700
2015-08-10,34.779998779296875,35.720001220703125,34.540000915527344,35.70000076293945,19.97659683227539,2419000
2015-08-11,35.16999816894531,36.060001373291016,34.720001220703125,36.040000915527344,20.166852951049805,2545300
2015-08-12,35.869998931884766,37.939998626708984,35.869998931884766,37.7599983215332,21.129304885864258,2472100
2015-08-13,37.529998779296875,38.220001220703125,35.959999084472656,36.34000015258789,20.334718704223633,5006800
2015-08-14,36.5099983215332,36.77000045776367,35.91999816894531,36.279998779296875,20.3011474609375,3051500
2015-08-17,36.2599983215332,36.790000915527344,36.15999984741211,36.59000015258789,20.474613189697266,2615700
2015-08-18,36.849998474121094,36.91999816894531,34.84000015258789,35.619998931884766,19.93183708190918,3506900
2015-08-19,35.279998779296875,35.560001373291016,33.75,34.9900016784668,19.579303741455078,4263200
2015-08-20,35.029998779296875,35.70000076293945,34.529998779296875,34.880001068115234,19.51775360107422,4488700
2015-08-21,34.58000183105469,35.15999984741211,33.9900016784668,34.130001068115234,19.09807777404785,3383500
2015-08-24,32.81999969482422,33.68000030517578,31.43000030517578,32.16999816894531,18.001317977905273,4431900
2015-08-25,33.540000915527344,33.540000915527344,31.6200008392334,31.6299991607666,17.69915771484375,3818000
2015-08-26,32.599998474121094,32.61000061035156,31.59000015258789,32.560001373291016,18.219554901123047,3317900
2015-08-27,32.959999084472656,34.66999816894531,32.5099983215332,34.47999954223633,19.293920516967773,2767900
2015-08-28,34.54999923706055,36.08000183105469,34.4900016784668,35.630001068115234,19.93743324279785,3194300
2015-08-31,35.310001373291016,36.36000061035156,34.56999969482422,36.0099983215332,20.150062561035156,3446300
2015-09-01,34.79999923706055,35.40999984741211,34.689998626708984,34.939998626708984,19.551332473754883,4036500
2015-09-02,35.630001068115234,35.70000076293945,34.220001220703125,35.34000015258789,19.775148391723633,2606100
2015-09-03,35.59000015258789,36.459999084472656,35.18000030517578,35.66999816894531,19.959814071655273,2218700
2015-09-04,34.52000045776367,35.599998474121094,34.349998474121094,35.400001525878906,19.808731079101562,3084300
2015-09-08,35.369998931884766,36.47999954223633,35.2400016784668,36.43000030517578,20.385074615478516,2414000
2015-09-09,36.31999969482422,36.939998626708984,35.709999084472656,35.84000015258789,20.054941177368164,2607600
2015-09-10,36.08000183105469,36.279998779296875,35.290000915527344,36.15999984741211,20.23400115966797,2126200
2015-09-11,35.380001068115234,35.7599983215332,34.689998626708984,35.189998626708984,19.69121551513672,1935400
2015-09-14,35.029998779296875,35.11000061035156,34.369998931884766,34.5,19.305110931396484,2105000
2015-09-15,34.959999084472656,35.209999084472656,34.56999969482422,34.849998474121094,19.50096893310547,2458700
2015-09-16,35.15999984741211,36.220001220703125,35.15999984741211,36.06999969482422,20.18364143371582,3049300
2015-09-17,36.290000915527344,37.060001373291016,35.939998626708984,36.279998779296875,20.3011474609375,2219900
2015-09-18,35.56999969482422,35.88999938964844,35.13999938964844,35.7400016784668,19.998979568481445,4600700
2015-09-21,35.95000076293945,36.68000030517578,35.56999969482422,36.4900016784668,20.418664932250977,1682700
2015-09-22,35.66999816894531,37.220001220703125,35.630001068115234,36.709999084472656,20.541767120361328,2499900
2015-09-23,36.77000045776367,37.189998626708984,35.2599983215332,35.33000183105469,19.769559860229492,1950200
2015-09-24,35.16999816894531,35.2400016784668,33.86000061035156,34.83000183105469,19.489778518676758,2217900
2015-09-25,35.09000015258789,35.279998779296875,34.599998474121094,35.189998626708984,19.69121551513672,1736400
2015-09-28,34.689998626708984,34.93000030517578,32.869998931884766,33.0,18.465761184692383,2774000
2015-09-29,33.290000915527344,33.56999969482422,30.670000076293945,30.860000610351562,17.268287658691406,4358600
2015-09-30,31.270000457763672,32.2400016784668,30.84000015258789,32.20000076293945,18.018108367919922,3112700
2015-10-01,32.5,33.0,32.189998626708984,32.779998779296875,18.342653274536133,3053800
2015-10-02,32.31999969482422,34.630001068115234,32.220001220703125,34.599998474121094,19.361072540283203,3265600
2015-10-05,35.150001525878906,36.97999954223633,35.11000061035156,36.939998626708984,20.670459747314453,2782200
2015-10-06,36.869998931884766,38.52000045776367,36.81999969482422,37.84000015258789,21.174076080322266,2435700
2015-10-07,38.380001068115234,39.459999084472656,38.11000061035156,38.869998931884766,21.750436782836914,2471100
2015-10-08,38.869998931884766,39.369998931884766,38.06999969482422,39.099998474121094,21.879125595092773,1847900
2015-10-09,39.2400016784668,39.869998931884766,38.91999816894531,39.58000183105469,22.147727966308594,2203400
2015-10-12,39.58000183105469,39.619998931884766,38.209999084472656,38.79999923706055,21.71125602722168,1469900
2015-10-13,38.349998474121094,39.02000045776367,38.06999969482422,38.130001068115234,21.336349487304688,1559200
2015-10-14,38.220001220703125,38.689998626708984,37.349998474121094,37.810001373291016,21.15727996826172,1980400
2015-10-15,37.79999923706055,38.70000076293945,36.7599983215332,38.61000061035156,21.60494041442871,2223900
2015-10-16,38.72999954223633,39.06999969482422,38.06999969482422,38.83000183105469,21.728050231933594,1396900
2015-10-19,38.5099983215332,38.599998474121094,37.470001220703125,38.33000183105469,21.448266983032227,2298500
2015-10-20,38.16999816894531,38.77000045776367,37.849998474121094,38.130001068115234,21.336349487304688,1254500
2015-10-21,38.040000915527344,38.36000061035156,37.20000076293945,37.400001525878906,20.927871704101562,1420800
2015-10-22,37.400001525878906,37.47999954223633,36.130001068115234,36.68000030517578,20.524980545043945,2699700
2015-10-23,36.689998626708984,38.0099983215332,35.720001220703125,36.22999954223633,20.27316665649414,1876200
2015-10-26,36.060001373291016,36.189998626708984,34.54999923706055,34.599998474121094,19.361072540283203,1993400
2015-10-27,33.959999084472656,33.9900016784668,32.65999984741211,33.27000045776367,18.616840362548828,2868400
2015-10-28,33.45000076293945,34.02000045776367,32.97999954223633,33.63999938964844,18.823888778686523,2666900
2015-10-29,32.88999938964844,33.709999084472656,32.18000030517578,33.279998779296875,18.9692325592041,1164900
2015-10-30,33.43000030517578,34.20000076293945,32.869998931884766,33.91999816894531,19.334020614624023,1643200
2015-11-02,33.5,34.61000061035156,33.439998626708984,34.400001525878906,19.607616424560547,1886000
2015-11-03,34.41999816894531,34.900001525878906,33.7599983215332,34.06999969482422,19.419525146484375,2316300
2015-11-04,34.65999984741211,35.650001525878906,32.900001525878906,33.560001373291016,19.128833770751953,2587100
2015-11-05,33.31999969482422,33.5,30.790000915527344,31.3700008392334,17.88055419921875,3391200
2015-11-06,31.06999969482422,31.6299991607666,30.1299991607666,31.600000381469727,18.01165008544922,2997200
2015-11-09,31.600000381469727,31.93000030517578,30.530000686645508,30.799999237060547,17.555660247802734,2654100
2015-11-10,30.75,31.010000228881836,30.309999465942383,30.780000686645508,17.544265747070312,1973400
2015-11-11,30.780000686645508,30.989999771118164,29.360000610351562,29.5,16.814680099487305,2633100
2015-11-12,29.3700008392334,29.43000030517578,28.139999389648438,28.219999313354492,16.08509063720703,2299100
2015-11-13,28.34000015258789,28.559999465942383,27.440000534057617,28.489999771118164,16.23898696899414,3573900
2015-11-16,28.639999389648438,29.739999771118164,28.40999984741211,29.719999313354492,16.940073013305664,2715100
2015-11-17,29.5,29.5,28.3700008392334,28.459999084472656,16.221887588500977,2128800
2015-11-18,28.6299991607666,29.8700008392334,28.59000015258789,29.299999237060547,16.700679779052734,2683400
2015-11-19,29.15999984741211,29.34000015258789,28.639999389648438,28.979999542236328,16.518278121948242,1633500
2015-11-20,28.899999618530273,29.25,28.399999618530273,28.600000381469727,16.30169105529785,1762300
2015-11-23,28.6200008392334,29.479999542236328,28.420000076293945,29.09000015258789,16.58098030090332,1762100
2015-11-24,29.139999389648438,30.389999389648438,29.110000610351562,30.280000686645508,17.259267807006836,2544800
2015-11-25,29.93000030517578,30.6299991607666,29.510000228881836,30.40999984741211,17.333364486694336,2389000
2015-11-27,29.940000534057617,30.43000030517578,29.40999984741211,29.459999084472656,16.7918758392334,957600
2015-11-30,29.6299991607666,29.8700008392334,29.15999984741211,29.479999542236328,16.803272247314453,2214900
2015-12-01,29.40999984741211,29.889999389648438,28.899999618530273,29.209999084472656,16.649377822875977,2410100
2015-12-02,28.809999465942383,28.8799991607666,26.920000076293945,26.989999771118164,15.38400650024414,3441400
2015-12-03,27.209999084472656,27.420000076293945,26.5,26.790000915527344,15.270008087158203,2912200
2015-12-04,26.649999618530273,26.899999618530273,24.600000381469727,24.799999237060547,14.135723114013672,4683200
2015-12-07,23.969999313354492,23.969999313354492,21.09000015258789,21.6200008392334,12.323161125183105,6363900
2015-12-08,21.110000610351562,22.299999237060547,20.90999984741211,21.459999084472656,12.231964111328125,5883400
2015-12-09,21.850000381469727,22.989999771118164,21.540000915527344,22.200000762939453,12.65375804901123,5529200
2015-12-10,22.170000076293945,22.920000076293945,21.799999237060547,22.299999237060547,12.710755348205566,3150500
2015-12-11,21.920000076293945,21.969999313354492,20.010000228881836,20.309999465942383,11.576473236083984,5705400
2015-12-14,20.110000610351562,20.610000610351562,19.68000030517578,20.600000381469727,11.741775512695312,4529800
2015-12-15,20.829999923706055,21.559999465942383,20.790000915527344,21.34000015258789,12.163564682006836,4748400
2015-12-16,21.079999923706055,21.6200008392334,20.559999465942383,20.8799991607666,11.901368141174316,3761600
2015-12-17,20.809999465942383,21.0,19.1200008392334,19.860000610351562,11.319982528686523,6815100
2015-12-18,19.809999465942383,20.1299991607666,18.84000015258789,18.93000030517578,10.78989028930664,9886000
2015-12-21,19.40999984741211,21.8700008392334,19.34000015258789,21.850000381469727,12.454258918762207,10064100
2015-12-22,21.770000457763672,23.65999984741211,21.479999542236328,23.1200008392334,13.178147315979004,7306300
2015-12-23,23.780000686645508,24.969999313354492,23.1200008392334,24.290000915527344,13.84503173828125,4638000
2015-12-24,24.350000381469727,24.719999313354492,23.8799991607666,24.1200008392334,13.748135566711426,2207600
2015-12-28,24.0,24.190000534057617,23.229999542236328,24.1200008392334,13.748135566711426,3239100
2015-12-29,24.5,24.8799991607666,23.649999618530273,24.049999237060547,13.708234786987305,3020000
2015-12-30,23.940000534057617,24.469999313354492,23.350000381469727,23.440000534057617,13.360540390014648,2354600
2015-12-31,23.860000610351562,24.790000915527344,23.31999969482422,24.65999984741211,14.055928230285645,3905200
2016-01-04,24.65999984741211,25.559999465942383,24.479999542236328,25.350000381469727,14.449223518371582,4140600
2016-01-05,25.309999465942383,25.65999984741211,24.969999313354492,25.3700008392334,14.460623741149902,3638600
2016-01-06,24.610000610351562,24.6299991607666,23.43000030517578,24.219999313354492,13.805133819580078,5046500
2016-01-07,23.75,24.1299991607666,22.670000076293945,22.780000686645508,12.984350204467773,3153600
2016-01-08,23.0,23.649999618530273,22.389999389648438,23.049999237060547,13.138242721557617,4032000
2016-01-11,23.709999084472656,23.81999969482422,22.200000762939453,22.610000610351562,12.887446403503418,3377300
2016-01-12,23.940000534057617,23.940000534057617,20.639999389648438,21.850000381469727,12.454258918762207,5058800
2016-01-13,22.049999237060547,22.25,20.3700008392334,20.969999313354492,11.952672004699707,5252700
2016-01-14,21.100000381469727,22.8700008392334,20.729999542236328,22.780000686645508,12.984350204467773,5665800
2016-01-15,21.290000915527344,22.200000762939453,20.979999542236328,21.940000534057617,12.505562782287598,4009800
2016-01-19,22.229999542236328,22.420000076293945,20.229999542236328,20.790000915527344,11.850069046020508,4104900
2016-01-20,20.809999465942383,21.1299991607666,18.979999542236328,20.040000915527344,11.422582626342773,6006400
2016-01-21,20.15999984741211,23.079999923706055,20.020000457763672,22.6200008392334,12.89315128326416,5255700
2016-01-22,23.649999618530273,25.149999618530273,23.25,25.100000381469727,14.306727409362793,8188000
2016-01-25,24.40999984741211,25.959999084472656,23.610000610351562,23.6200008392334,13.463144302368164,4500000
2016-01-26,24.260000228881836,24.790000915527344,23.420000076293945,24.299999237060547,13.850730895996094,3677400
2016-01-27,24.270000457763672,24.5,22.90999984741211,23.1299991607666,13.18384838104248,4562800
2016-01-28,23.420000076293945,24.190000534057617,23.18000030517578,23.90999984741211,14.000699996948242,4295900
2016-01-29,24.110000610351562,25.030000686645508,23.84000015258789,24.90999984741211,14.586258888244629,3715300
2016-02-01,24.110000610351562,24.15999984741211,22.850000381469727,23.440000534057617,13.725488662719727,3169700
2016-02-02,22.729999542236328,23.579999923706055,22.440000534057617,23.1200008392334,13.53810977935791,2672900
2016-02-03,23.739999771118164,24.75,22.649999618530273,24.639999389648438,14.428155899047852,3213700
2016-02-04,24.780000686645508,25.989999771118164,24.6299991607666,25.489999771118164,14.92587947845459,3751700
2016-02-05,25.100000381469727,25.719999313354492,24.540000915527344,25.540000915527344,14.955160140991211,4144500
2016-02-08,24.299999237060547,24.450000762939453,21.790000915527344,23.15999984741211,13.561532020568848,5770900
2016-02-09,21.809999465942383,22.139999389648438,19.860000610351562,20.6299991607666,12.080069541931152,9079500
2016-02-10,20.670000076293945,21.5,19.799999237060547,20.90999984741211,12.244025230407715,3969100
2016-02-11,20.100000381469727,20.770000457763672,18.8799991607666,19.6200008392334,11.488654136657715,5340700
2016-02-12,20.270000457763672,20.450000762939453,19.299999237060547,20.18000030517578,11.816566467285156,3936700
2016-02-16,20.479999542236328,21.149999618530273,20.260000228881836,21.030000686645508,12.314291954040527,3656000
2016-02-17,21.600000381469727,22.219999313354492,20.690000534057617,21.729999542236328,12.724183082580566,6085400
2016-02-18,22.1299991607666,22.200000762939453,20.5,21.190000534057617,12.407981872558594,3732500
2016-02-19,20.700000762939453,20.860000610351562,20.110000610351562,20.65999984741211,12.097635269165039,2798800
2016-02-22,21.149999618530273,21.75,21.06999969482422,21.399999618530273,12.530948638916016,4101600
2016-02-23,21.31999969482422,21.639999389648438,20.549999237060547,21.309999465942383,12.478249549865723,4627200
2016-02-24,20.700000762939453,21.709999084472656,19.940000534057617,21.520000457763672,12.601219177246094,5525400
2016-02-25,21.31999969482422,21.6200008392334,20.5,21.3700008392334,12.513382911682129,4214000
2016-02-26,21.979999542236328,23.68000030517578,21.780000686645508,23.010000228881836,13.473697662353516,5623500
2016-02-29,23.110000610351562,24.3700008392334,22.829999923706055,24.0,14.053398132324219,4217200
2016-03-01,24.229999542236328,24.5,23.34000015258789,24.200000762939453,14.170511245727539,2681700
2016-03-02,24.0,25.59000015258789,23.799999237060547,25.56999969482422,14.972726821899414,3211700
2016-03-03,25.329999923706055,26.899999618530273,25.31999969482422,26.600000381469727,15.575847625732422,4329400
2016-03-04,26.950000762939453,28.030000686645508,25.610000610351562,26.360000610351562,15.435317039489746,4675600
2016-03-07,26.3700008392334,28.170000076293945,26.3700008392334,27.6299991607666,16.17897605895996,4148300
2016-03-08,27.43000030517578,27.520000457763672,26.020000457763672,26.219999313354492,15.353341102600098,4921200
2016-03-09,26.719999313354492,27.110000610351562,25.719999313354492,26.469999313354492,15.49972915649414,3217800
2016-03-10,26.25,27.670000076293945,26.020000457763672,27.43000030517578,16.061864852905273,3834400
2016-03-11,27.780000686645508,28.56999969482422,27.670000076293945,28.309999465942383,16.5771541595459,3140100
2016-03-14,27.850000381469727,28.43000030517578,27.520000457763672,28.18000030517578,16.501033782958984,2279500
2016-03-15,27.600000381469727,27.739999771118164,26.790000915527344,27.719999313354492,16.231674194335938,1871900
2016-03-16,27.940000534057617,29.559999465942383,27.899999618530273,29.510000228881836,17.27982521057129,2350000
2016-03-17,29.700000762939453,30.479999542236328,29.219999313354492,30.219999313354492,17.69556999206543,2555200
2016-03-18,30.559999465942383,30.989999771118164,29.690000534057617,30.81999969482422,18.046907424926758,8541400
2016-03-21,30.780000686645508,30.81999969482422,29.31999969482422,29.690000534057617,17.385225296020508,2889500
2016-03-22,29.229999542236328,30.450000762939453,29.049999237060547,30.209999084472656,17.68971824645996,2352800
2016-03-23,29.790000915527344,30.0,28.40999984741211,28.440000534057617,16.65328025817871,2394600
2016-03-24,27.90999984741211,28.729999542236328,27.469999313354492,28.68000030517578,16.79381561279297,3202800
2016-03-28,28.399999618530273,28.790000915527344,28.059999465942383,28.329999923706055,16.588865280151367,1986200
2016-03-29,27.760000228881836,28.639999389648438,27.350000381469727,28.459999084472656,16.66499137878418,2624700
2016-03-30,28.850000381469727,29.479999542236328,28.520000457763672,29.040000915527344,17.004615783691406,2323600
2016-03-31,29.010000228881836,29.93000030517578,28.850000381469727,29.860000610351562,17.484769821166992,2565700
2016-04-01,29.079999923706055,29.459999084472656,28.5,28.729999542236328,16.82309341430664,2655300
2016-04-04,28.600000381469727,29.40999984741211,28.299999237060547,28.3700008392334,16.612289428710938,2119200
2016-04-05,28.100000381469727,29.06999969482422,27.90999984741211,28.43000030517578,16.64742660522461,2425500
2016-04-06,28.760000228881836,29.56999969482422,28.6200008392334,29.219999313354492,17.110017776489258,1724000
2016-04-07,28.889999389648438,29.639999389648438,28.559999465942383,28.950000762939453,16.95191192626953,1889100
2016-04-08,29.68000030517578,30.540000915527344,29.6299991607666,29.989999771118164,17.560894012451172,1855700
2016-04-11,30.350000381469727,30.799999237060547,29.81999969482422,30.049999237060547,17.59602928161621,2338900
2016-04-12,30.40999984741211,32.65999984741211,30.200000762939453,32.349998474121094,18.94281005859375,3074300
2016-04-13,32.4900016784668,32.58000183105469,31.739999771118164,31.860000610351562,18.655887603759766,2295400
2016-04-14,31.860000610351562,32.09000015258789,31.3799991607666,31.729999542236328,18.57976531982422,1534700
2016-04-15,31.510000228881836,32.02000045776367,31.040000915527344,31.670000076293945,18.544635772705078,1751600
2016-04-18,30.56999969482422,32.810001373291016,30.440000534057617,32.15999984741211,18.831558227539062,3280100
2016-04-19,32.560001373291016,34.40999984741211,32.560001373291016,34.38999938964844,20.13735008239746,3192500
2016-04-20,34.02000045776367,35.209999084472656,33.869998931884766,34.79999923706055,20.377429962158203,3386700
2016-04-21,34.849998474121094,35.599998474121094,34.369998931884766,34.810001373291016,20.383285522460938,2505300
2016-04-22,34.7599983215332,36.029998779296875,34.7599983215332,35.810001373291016,20.968841552734375,2738900
2016-04-25,35.79999923706055,36.060001373291016,34.93000030517578,35.380001068115234,20.717056274414062,2783500
2016-04-26,35.779998779296875,36.41999816894531,35.5099983215332,36.2400016784668,21.220640182495117,2555300
2016-04-27,36.529998779296875,38.439998626708984,36.52000045776367,37.06999969482422,21.706647872924805,4204200
2016-04-28,36.33000183105469,36.5099983215332,35.33000183105469,35.560001373291016,21.173734664916992,3780700
2016-04-29,35.779998779296875,36.720001220703125,35.58000183105469,36.150001525878906,21.52503776550293,3742600
2016-05-02,35.959999084472656,36.099998474121094,34.88999938964844,35.97999954223633,21.423816680908203,2413600
2016-05-03,35.029998779296875,35.900001525878906,34.560001373291016,35.790000915527344,21.310680389404297,3645100
2016-05-04,36.459999084472656,38.79999923706055,36.22999954223633,38.16999816894531,22.727825164794922,6083200
2016-05-05,38.7400016784668,39.75,38.5,38.959999084472656,23.19822120666504,3594400
2016-05-06,38.630001068115234,39.959999084472656,38.5099983215332,39.77000045776367,23.680517196655273,2408600
2016-05-09,40.0,40.529998779296875,38.56999969482422,39.2400016784668,23.36493492126465,2644100
2016-05-10,39.709999084472656,40.65999984741211,39.4900016784668,40.08000183105469,23.865108489990234,2776000
2016-05-11,40.08000183105469,40.790000915527344,39.279998779296875,40.06999969482422,23.859146118164062,2858300
2016-05-12,40.68000030517578,41.130001068115234,39.689998626708984,40.290000915527344,23.990148544311523,2456500
2016-05-13,40.13999938964844,41.779998779296875,40.099998474121094,41.040000915527344,24.436717987060547,2589300
2016-05-16,41.72999954223633,42.18000030517578,41.290000915527344,41.810001373291016,24.895212173461914,2316400
2016-05-17,41.68000030517578,42.56999969482422,41.459999084472656,42.02000045776367,25.020246505737305,2864000
2016-05-18,41.599998474121094,41.689998626708984,39.849998474121094,40.130001068115234,23.89487648010254,4001000
2016-05-19,39.560001373291016,41.709999084472656,39.220001220703125,41.540000915527344,24.73444175720215,2662300
2016-05-20,41.61000061035156,42.06999969482422,40.66999816894531,42.040000915527344,25.03216552734375,2086800
2016-05-23,41.5099983215332,42.20000076293945,41.150001525878906,41.66999816894531,24.811851501464844,2183900
2016-05-24,41.540000915527344,41.93000030517578,41.11000061035156,41.70000076293945,24.829713821411133,3002700
2016-05-25,42.0,43.41999816894531,41.810001373291016,43.06999969482422,25.645462036132812,2435400
2016-05-26,43.47999954223633,43.5099983215332,42.31999969482422,42.56999969482422,25.34774398803711,1492200
2016-05-27,42.2599983215332,43.02000045776367,41.880001068115234,42.72999954223633,25.44300651550293,1929600
2016-05-31,42.93000030517578,44.290000915527344,42.75,43.25,25.752641677856445,2990200
2016-06-01,43.25,43.880001068115234,42.45000076293945,43.77000045776367,26.0622615814209,2896100
2016-06-02,43.11000061035156,43.869998931884766,42.70000076293945,43.72999954223633,26.03844451904297,1907200
2016-06-03,43.779998779296875,44.279998779296875,43.61000061035156,44.029998779296875,26.217084884643555,2145400
2016-06-06,44.41999816894531,45.7400016784668,44.33000183105469,45.099998474121094,26.85420036315918,2280200
2016-06-07,45.369998931884766,46.060001373291016,45.029998779296875,45.7599983215332,27.247182846069336,2014600
2016-06-08,45.880001068115234,46.029998779296875,45.2599983215332,45.65999984741211,27.187637329101562,2304500
2016-06-09,44.83000183105469,46.790000915527344,44.63999938964844,46.529998779296875,27.70566749572754,2466400
2016-06-10,45.650001525878906,46.060001373291016,44.790000915527344,45.189998626708984,26.907785415649414,2883000
2016-06-13,44.79999923706055,45.52000045776367,44.349998474121094,44.97999954223633,26.78274917602539,2323300
2016-06-14,44.86000061035156,45.72999954223633,44.380001068115234,45.68000030517578,27.199548721313477,2804700
2016-06-15,45.47999954223633,45.689998626708984,44.5,45.02000045776367,26.806560516357422,2908400
2016-06-16,44.599998474121094,45.13999938964844,43.72999954223633,44.900001525878906,26.73511505126953,2862100
2016-06-17,44.959999084472656,45.86000061035156,44.58000183105469,45.56999969482422,27.134052276611328,5527500
2016-06-20,46.29999923706055,46.65999984741211,45.88999938964844,46.040000915527344,27.413915634155273,3649300
2016-06-21,45.959999084472656,47.2599983215332,45.25,46.810001373291016,27.872390747070312,3127900
2016-06-22,47.220001220703125,47.34000015258789,46.349998474121094,46.400001525878906,27.62826919555664,2392200
2016-06-23,47.04999923706055,47.08000183105469,46.130001068115234,46.86000061035156,27.90216064453125,2180200
2016-06-24,44.869998931884766,47.130001068115234,44.86000061035156,45.81999969482422,27.28291130065918,4944500
2016-06-27,45.540000915527344,46.58000183105469,44.13999938964844,44.619998931884766,26.568384170532227,3475500
2016-06-28,45.619998931884766,46.470001220703125,44.5099983215332,45.88999938964844,27.32459259033203,2890900
2016-06-29,46.470001220703125,47.630001068115234,46.04999923706055,47.33000183105469,28.182025909423828,2674600
2016-06-30,47.279998779296875,47.4900016784668,46.310001373291016,47.45000076293945,28.25347900390625,2831000
2016-07-01,47.4900016784668,47.7599983215332,47.2599983215332,47.56999969482422,28.32493019104004,1817400
2016-07-05,47.11000061035156,47.27000045776367,46.15999984741211,47.130001068115234,28.062936782836914,2721300
2016-07-06,46.97999954223633,47.45000076293945,46.0,47.40999984741211,28.229658126831055,3338400
2016-07-07,47.810001373291016,48.779998779296875,46.4900016784668,46.9900016784668,27.97957420349121,2868300
2016-07-08,47.52000045776367,47.810001373291016,47.0099983215332,47.36000061035156,28.199888229370117,1920600
2016-07-11,47.470001220703125,48.2599983215332,47.43000030517578,47.439998626708984,28.24751853942871,1781500
2016-07-12,47.939998626708984,49.09000015258789,47.939998626708984,48.52000045776367,28.890592575073242,2399700
2016-07-13,48.29999923706055,48.7400016784668,47.119998931884766,47.34000015258789,28.18797492980957,2964400
2016-07-14,47.810001373291016,48.04999923706055,47.11000061035156,47.4900016784668,28.277292251586914,2141800
2016-07-15,47.75,48.349998474121094,47.599998474121094,48.119998931884766,28.652420043945312,2008600
2016-07-18,47.81999969482422,47.95000076293945,47.33000183105469,47.70000076293945,28.402334213256836,1777800
2016-07-19,47.7599983215332,47.79999923706055,47.040000915527344,47.5099983215332,28.28919792175293,2237200
2016-07-20,47.310001373291016,47.59000015258789,46.029998779296875,47.2400016784668,28.12843132019043,2204000
2016-07-21,47.25,47.81999969482422,46.150001525878906,46.279998779296875,27.556814193725586,1753400
2016-07-22,46.63999938964844,46.9900016784668,45.56999969482422,46.04999923706055,27.41986083984375,1886200
2016-07-25,45.529998779296875,45.959999084472656,44.849998474121094,45.43000030517578,27.050691604614258,2445300
2016-07-26,45.220001220703125,45.7400016784668,45.0,45.31999969482422,26.985197067260742,2035600
2016-07-27,45.310001373291016,45.84000015258789,43.61000061035156,43.959999084472656,26.175403594970703,3251300
2016-07-28,43.88999938964844,44.40999984741211,43.369998931884766,44.08000183105469,26.246849060058594,2428300
2016-07-29,43.779998779296875,44.939998626708984,43.529998779296875,44.790000915527344,26.669614791870117,2609000
2016-08-01,44.38999938964844,44.689998626708984,42.790000915527344,42.9900016784668,25.597827911376953,2889700
2016-08-02,43.4900016784668,44.13999938964844,42.86000061035156,43.939998626708984,26.163488388061523,3427900
2016-08-03,44.5,45.880001068115234,42.869998931884766,45.849998474121094,27.300771713256836,3436800
2016-08-04,44.58000183105469,45.470001220703125,44.45000076293945,45.0,27.1589412689209,2552100
2016-08-05,44.779998779296875,45.16999816894531,44.27000045776367,44.90999984741211,27.104629516601562,1703200
2016-08-08,45.33000183105469,46.36000061035156,45.150001525878906,45.58000183105469,27.50899887084961,2146400
2016-08-09,45.83000183105469,46.04999923706055,45.15999984741211,45.2599983215332,27.31586265563965,1248600
2016-08-10,45.56999969482422,46.0,44.81999969482422,44.9900016784668,27.15291976928711,1792900
2016-08-11,45.380001068115234,46.59000015258789,44.97999954223633,46.11000061035156,27.828861236572266,1715000
2016-08-12,46.400001525878906,47.66999816894531,46.18000030517578,46.849998474121094,28.27547836303711,1906000
2016-08-15,47.099998474121094,47.59000015258789,46.72999954223633,46.77000045776367,28.227201461791992,2325900
2016-08-16,46.779998779296875,47.65999984741211,46.4900016784668,47.11000061035156,28.432403564453125,1483400
2016-08-17,46.9900016784668,47.97999954223633,46.619998931884766,47.95000076293945,28.939369201660156,1768500
2016-08-18,48.209999084472656,49.630001068115234,48.130001068115234,49.619998931884766,29.947263717651367,2131100
2016-08-19,49.439998626708984,49.86000061035156,48.939998626708984,49.709999084472656,30.001583099365234,2282000
2016-08-22,49.029998779296875,49.029998779296875,47.90999984741211,48.06999969482422,29.011796951293945,2091500
2016-08-23,47.9900016784668,48.65999984741211,47.9900016784668,48.279998779296875,29.138530731201172,1715200
2016-08-24,47.9900016784668,48.0099983215332,46.97999954223633,47.119998931884766,28.43842887878418,1308800
2016-08-25,47.189998626708984,47.31999969482422,46.7400016784668,47.02000045776367,28.378082275390625,1376900
2016-08-26,47.220001220703125,47.91999816894531,46.59000015258789,46.97999954223633,28.35393714904785,1308300
2016-08-29,46.97999954223633,47.41999816894531,46.560001373291016,47.36000061035156,28.583282470703125,1412900
2016-08-30,47.599998474121094,47.869998931884766,46.93000030517578,47.15999984741211,28.462574005126953,1509500
2016-08-31,46.86000061035156,47.38999938964844,46.560001373291016,46.88999938964844,28.29962158203125,2114200
2016-09-01,46.72999954223633,47.22999954223633,46.2599983215332,47.209999084472656,28.49275016784668,1731700
2016-09-02,47.79999923706055,48.869998931884766,47.72999954223633,48.2599983215332,29.12645721435547,1905600
2016-09-06,48.560001373291016,49.459999084472656,48.54999923706055,49.2599983215332,29.72999382019043,1775000
2016-09-07,49.31999969482422,50.13999938964844,49.220001220703125,49.91999816894531,30.128318786621094,1907200
2016-09-08,50.459999084472656,51.130001068115234,50.209999084472656,51.0,30.780134201049805,2285500
2016-09-09,50.22999954223633,50.29999923706055,48.70000076293945,48.810001373291016,29.45840835571289,2039600
2016-09-12,48.279998779296875,49.86000061035156,47.5,49.29999923706055,29.754133224487305,2556400
2016-09-13,48.5099983215332,48.630001068115234,46.470001220703125,46.95000076293945,28.335838317871094,3825500
2016-09-14,46.779998779296875,48.209999084472656,46.4900016784668,46.70000076293945,28.184955596923828,2598800
2016-09-15,46.90999984741211,47.599998474121094,46.66999816894531,46.83000183105469,28.263412475585938,2154600
2016-09-16,46.2400016784668,46.540000915527344,45.88999938964844,46.08000183105469,27.810768127441406,3731500
2016-09-19,46.540000915527344,47.86000061035156,46.369998931884766,47.38999938964844,28.601390838623047,1882700
2016-09-20,47.41999816894531,47.88999938964844,46.9900016784668,47.02000045776367,28.378082275390625,1534300
2016-09-21,47.70000076293945,48.9900016784668,47.560001373291016,48.939998626708984,29.536863327026367,2609300
2016-09-22,49.70000076293945,50.119998931884766,49.22999954223633,49.63999938964844,29.95932960510254,2203400
2016-09-23,49.38999938964844,50.029998779296875,48.459999084472656,48.619998931884766,29.34372901916504,2040700
2016-09-26,48.86000061035156,49.43000030517578,48.45000076293945,48.84000015258789,29.47650146484375,1609500
2016-09-27,48.13999938964844,48.880001068115234,47.5,48.79999923706055,29.45236587524414,1571600
2016-09-28,49.27000045776367,51.720001220703125,48.81999969482422,51.2400016784668,30.92498779296875,2787800
2016-09-29,51.0,51.560001373291016,50.369998931884766,50.939998626708984,30.743934631347656,2177000
2016-09-30,51.4900016784668,51.599998474121094,50.849998474121094,51.38999938964844,31.01551628112793,2050800
2016-10-03,51.43000030517578,51.619998931884766,50.40999984741211,51.11000061035156,30.846521377563477,1496100
2016-10-04,50.47999954223633,50.97999954223633,49.04999923706055,49.540000915527344,29.898983001708984,1959000
2016-10-05,50.04999923706055,50.45000076293945,49.349998474121094,49.58000183105469,29.923131942749023,1998000
2016-10-06,49.77000045776367,50.20000076293945,49.119998931884766,49.66999816894531,29.97743797302246,1421400
2016-10-07,49.970001220703125,50.08000183105469,49.040000915527344,49.36000061035156,29.790348052978516,1529900
2016-10-10,50.0,50.900001525878906,49.91999816894531,50.349998474121094,30.387842178344727,1346500
2016-10-11,50.34000015258789,50.52000045776367,49.27000045776367,49.81999969482422,30.067968368530273,1114900
2016-10-12,49.5,50.31999969482422,49.16999816894531,50.209999084472656,30.303342819213867,1091300
2016-10-13,49.689998626708984,50.130001068115234,48.959999084472656,49.79999923706055,30.055906295776367,1736200
2016-10-14,50.04999923706055,50.68000030517578,49.970001220703125,50.130001068115234,30.25506591796875,1838300
2016-10-17,50.029998779296875,50.290000915527344,49.400001525878906,49.45000076293945,29.84466552734375,1103100
2016-10-18,50.16999816894531,50.25,49.22999954223633,50.029998779296875,30.194711685180664,1015200
2016-10-19,50.63999938964844,51.66999816894531,50.529998779296875,51.040000915527344,30.80428123474121,1376200
2016-10-20,50.54999923706055,50.9900016784668,50.04999923706055,50.90999984741211,30.725818634033203,1010600
2016-10-21,50.5,50.72999954223633,50.310001373291016,50.630001068115234,30.556821823120117,806300
2016-10-24,50.630001068115234,51.20000076293945,49.56999969482422,50.369998931884766,30.399911880493164,976600
2016-10-25,50.380001068115234,50.540000915527344,49.11000061035156,49.16999816894531,29.675676345825195,1480800
2016-10-26,48.68000030517578,49.38999938964844,48.150001525878906,49.22999954223633,29.711883544921875,2409100
2016-10-27,48.90999984741211,49.33000183105469,48.459999084472656,48.5099983215332,29.6477108001709,1550700
2016-10-28,48.52000045776367,49.15999984741211,47.779998779296875,48.18000030517578,29.446033477783203,1048600
2016-10-31,47.959999084472656,48.630001068115234,47.66999816894531,48.43000030517578,29.598827362060547,1945900
2016-11-01,48.97999954223633,49.04999923706055,47.790000915527344,48.560001373291016,29.678274154663086,2096500
2016-11-02,47.61000061035156,48.0,45.40999984741211,46.59000015258789,28.47427749633789,4499700
2016-11-03,46.880001068115234,46.95000076293945,46.2599983215332,46.439998626708984,28.382593154907227,1672300
2016-11-04,46.349998474121094,47.2400016784668,46.040000915527344,46.650001525878906,28.510948181152344,1729500
2016-11-07,47.470001220703125,48.119998931884766,47.34000015258789,48.08000183105469,29.384904861450195,1600900
2016-11-08,48.0,49.77000045776367,47.880001068115234,49.5,30.25277328491211,1729000
2016-11-09,49.040000915527344,49.95000076293945,48.310001373291016,49.38999938964844,30.185544967651367,2364700
2016-11-10,49.52000045776367,49.560001373291016,48.18000030517578,49.04999923706055,29.977746963500977,2151500
2016-11-11,48.790000915527344,48.9900016784668,47.43000030517578,47.91999816894531,29.287124633789062,1708300
2016-11-14,47.790000915527344,48.060001373291016,46.81999969482422,47.810001373291016,29.21989631652832,2029100
2016-11-15,48.709999084472656,50.20000076293945,48.4900016784668,49.93000030517578,30.51556968688965,2114200
2016-11-16,49.66999816894531,50.099998474121094,49.2400016784668,49.689998626708984,30.36888313293457,1676100
2016-11-17,50.099998474121094,50.619998931884766,49.790000915527344,49.83000183105469,30.454458236694336,1531400
2016-11-18,50.06999969482422,50.599998474121094,49.86000061035156,50.41999816894531,30.815048217773438,1099600
2016-11-21,51.11000061035156,52.86000061035156,50.689998626708984,52.720001220703125,32.220733642578125,3236200
2016-11-22,52.95000076293945,53.619998931884766,52.33000183105469,53.459999084472656,32.672996520996094,3277000
2016-11-23,52.90999984741211,54.2599983215332,52.56999969482422,53.95000076293945,32.97246170043945,1778900
2016-11-25,53.56999969482422,53.939998626708984,53.20000076293945,53.75,32.85022735595703,625300
2016-11-28,54.25,54.5,52.75,52.81999969482422,32.28184127807617,1194100
2016-11-29,51.650001525878906,52.91999816894531,50.959999084472656,52.439998626708984,32.04960250854492,2107000
2016-11-30,54.380001068115234,55.75,54.040000915527344,54.93000030517578,33.57140350341797,2972000
2016-12-01,55.88999938964844,56.0,54.0,54.41999816894531,33.259708404541016,1652600
2016-12-02,54.459999084472656,55.45000076293945,54.220001220703125,54.689998626708984,33.42472839355469,1524300
2016-12-05,55.130001068115234,56.5,54.81999969482422,56.41999816894531,34.482051849365234,2266200
2016-12-06,55.939998626708984,56.33000183105469,55.189998626708984,56.119998931884766,34.29868698120117,1684500
2016-12-07,56.11000061035156,57.09000015258789,55.209999084472656,57.09000015258789,34.89152526855469,1861800
2016-12-08,56.970001220703125,57.959999084472656,56.34000015258789,57.90999984741211,35.39268493652344,1910400
2016-12-09,57.9900016784668,58.13999938964844,56.939998626708984,57.0099983215332,34.84263610839844,1491900
2016-12-12,58.560001373291016,58.79999923706055,56.93000030517578,57.209999084472656,34.964866638183594,1745700
2016-12-13,57.18000030517578,58.290000915527344,56.849998474121094,57.77000045776367,35.3071174621582,2221300
2016-12-14,57.220001220703125,58.470001220703125,56.95000076293945,57.36000061035156,35.05653762817383,2735800
2016-12-15,56.810001373291016,58.47999954223633,56.290000915527344,57.720001220703125,35.27656173706055,2114900
2016-12-16,57.79999923706055,58.56999969482422,57.58000183105469,58.41999816894531,35.70438003540039,5068000
2016-12-19,58.61000061035156,58.630001068115234,57.880001068115234,58.099998474121094,35.508811950683594,1028800
2016-12-20,58.31999969482422,59.060001373291016,58.04999923706055,58.66999816894531,35.85716247558594,1460500
2016-12-21,58.77000045776367,59.189998626708984,58.540000915527344,58.540000915527344,35.77771759033203,1244100
2016-12-22,58.52000045776367,58.880001068115234,57.77000045776367,57.90999984741211,35.39268493652344,2058400
2016-12-23,58.040000915527344,58.810001373291016,57.790000915527344,58.689998626708984,35.86939239501953,886000
2016-12-27,58.97999954223633,59.470001220703125,58.4900016784668,59.029998779296875,36.077186584472656,1232400
2016-12-28,59.02000045776367,59.22999954223633,57.63999938964844,57.66999816894531,35.246002197265625,1275500
2016-12-29,57.65999984741211,58.119998931884766,57.58000183105469,57.97999954223633,35.43547439575195,995600
2016-12-30,58.0099983215332,58.2400016784668,57.15999984741211,57.40999984741211,35.087093353271484,1271200
2017-01-03,58.13999938964844,58.849998474121094,57.45000076293945,58.75,35.90605926513672,1812500
2017-01-04,59.04999923706055,59.150001525878906,58.45000076293945,58.599998474121094,35.814388275146484,1721300
2017-01-05,58.84000015258789,59.119998931884766,58.279998779296875,58.83000183105469,35.954959869384766,1342700
2017-01-06,59.040000915527344,59.099998474121094,57.689998626708984,57.900001525878906,35.38656997680664,2212500
2017-01-09,57.630001068115234,58.13999938964844,57.15999984741211,57.47999954223633,35.12989044189453,2111100
2017-01-10,57.150001525878906,57.150001525878906,56.029998779296875,56.06999969482422,34.26813507080078,2595000
2017-01-11,56.369998931884766,57.29999923706055,56.22999954223633,57.2599983215332,34.99542999267578,1540900
2017-01-12,56.56999969482422,57.2599983215332,56.130001068115234,56.56999969482422,34.57371520996094,1929900
2017-01-13,56.380001068115234,56.90999984741211,56.220001220703125,56.310001373291016,34.41482162475586,1023700
2017-01-17,56.779998779296875,56.939998626708984,56.220001220703125,56.310001373291016,34.41482162475586,1699400
2017-01-18,55.939998626708984,56.93000030517578,55.5,56.560001373291016,34.56761169433594,1488800
2017-01-19,56.540000915527344,56.75,55.779998779296875,55.959999084472656,34.20091247558594,999800
2017-01-20,56.66999816894531,56.810001373291016,56.2599983215332,56.59000015258789,34.58594512939453,1398500
2017-01-23,56.310001373291016,56.7599983215332,55.83000183105469,55.88999938964844,34.15812683105469,1245500
2017-01-24,56.13999938964844,56.439998626708984,55.380001068115234,56.279998779296875,34.396480560302734,1337200
2017-01-25,54.47999954223633,55.86000061035156,53.84000015258789,55.54999923706055,33.95033645629883,2727700
2017-01-26,54.97999954223633,55.869998931884766,54.65999984741211,54.93000030517578,33.947242736816406,2064900
2017-01-27,54.65999984741211,55.040000915527344,54.25,54.90999984741211,33.93487548828125,1444900
2017-01-30,54.619998931884766,54.7400016784668,53.5099983215332,53.77000045776367,33.230350494384766,1336900
2017-01-31,54.18000030517578,55.25,53.650001525878906,55.11000061035156,34.0584831237793,1999300
2017-02-01,58.27000045776367,59.29999923706055,52.86000061035156,54.0,33.37248611450195,20726000
2017-02-02,54.189998626708984,56.0099983215332,53.72999954223633,55.560001373291016,34.33658218383789,5375400
2017-02-03,55.880001068115234,56.79999923706055,55.689998626708984,56.45000076293945,34.886619567871094,3973900
2017-02-06,56.619998931884766,56.66999816894531,55.09000015258789,55.310001373291016,34.18208694458008,3365500
2017-02-07,55.16999816894531,55.61000061035156,53.970001220703125,54.369998931884766,33.60115432739258,2804600
2017-02-08,53.86000061035156,54.68000030517578,53.25,54.400001525878906,33.619693756103516,2393900
2017-02-09,54.400001525878906,55.65999984741211,54.400001525878906,55.119998931884766,34.06466293334961,2528400
2017-02-10,55.72999954223633,55.72999954223633,54.72999954223633,55.310001373291016,34.18208694458008,2728000
2017-02-13,55.029998779296875,55.25,54.540000915527344,55.02000045776367,34.002864837646484,1971400
2017-02-14,55.130001068115234,55.40999984741211,54.16999816894531,54.95000076293945,33.9595947265625,2476100
2017-02-15,54.66999816894531,55.02000045776367,54.36000061035156,54.4900016784668,33.67531967163086,1822900
2017-02-16,54.75,55.09000015258789,53.939998626708984,54.029998779296875,33.39103317260742,1918100
2017-02-17,53.83000183105469,53.970001220703125,53.31999969482422,53.63999938964844,33.15000534057617,1889400
2017-02-21,54.06999969482422,54.41999816894531,53.59000015258789,54.220001220703125,33.50844955444336,2163100
2017-02-22,53.7599983215332,54.09000015258789,53.459999084472656,53.52000045776367,33.075843811035156,2063200
2017-02-23,54.40999984741211,54.939998626708984,53.77000045776367,54.63999938964844,33.76801681518555,2931500
2017-02-24,54.43000030517578,54.540000915527344,52.79999923706055,53.15999984741211,32.85335922241211,2479800
2017-02-27,53.27000045776367,53.599998474121094,52.709999084472656,53.349998474121094,32.970787048339844,3491500
2017-02-28,53.619998931884766,55.52000045776367,53.25,54.04999923706055,33.40338897705078,6183800
2017-03-01,54.43000030517578,55.81999969482422,54.349998474121094,55.38999938964844,34.23152542114258,2965400
2017-03-02,55.08000183105469,55.5099983215332,54.70000076293945,55.25,34.14500045776367,3650700
2017-03-03,55.25,56.65999984741211,55.060001373291016,56.41999816894531,34.868072509765625,3046000
2017-03-06,56.18000030517578,56.7599983215332,55.83000183105469,56.61000061035156,34.985496520996094,3468700
2017-03-07,56.83000183105469,56.95000076293945,56.22999954223633,56.58000183105469,34.96696472167969,3327700
2017-03-08,56.599998474121094,56.7599983215332,54.709999084472656,54.77000045776367,33.84835433959961,2386500
2017-03-09,54.619998931884766,54.63999938964844,53.38999938964844,54.5099983215332,33.687679290771484,3147100
2017-03-10,55.0,55.060001373291016,54.09000015258789,54.33000183105469,33.57643508911133,2285800
2017-03-13,54.25,54.470001220703125,53.75,53.97999954223633,33.360130310058594,3041000
2017-03-14,53.5,53.5,51.9900016784668,52.20000076293945,32.260074615478516,3880100
2017-03-15,52.75,53.869998931884766,52.5099983215332,53.63999938964844,33.15000534057617,4193800
2017-03-16,53.869998931884766,54.06999969482422,52.709999084472656,53.2400016784668,32.902801513671875,2475700
2017-03-17,53.470001220703125,53.63999938964844,52.47999954223633,52.81999969482422,32.64324188232422,8199000
2017-03-20,52.459999084472656,53.349998474121094,52.209999084472656,53.2400016784668,32.902801513671875,2467100
2017-03-21,53.470001220703125,53.630001068115234,52.029998779296875,52.279998779296875,32.30951690673828,2089400
2017-03-22,52.22999954223633,52.869998931884766,51.959999084472656,52.70000076293945,32.569091796875,2181000
2017-03-23,52.54999923706055,52.779998779296875,52.119998931884766,52.25,32.29096603393555,2051800
2017-03-24,52.38999938964844,53.52000045776367,52.369998931884766,53.099998474121094,32.8162727355957,2821600
2017-03-27,52.529998779296875,53.25,52.220001220703125,53.09000015258789,32.81010055541992,2186500
2017-03-28,53.310001373291016,53.61000061035156,52.880001068115234,53.060001373291016,32.79156494140625,1681500
2017-03-29,53.040000915527344,54.939998626708984,52.9900016784668,54.72999954223633,33.823638916015625,2670000
2017-03-30,54.970001220703125,55.06999969482422,54.2400016784668,54.91999816894531,33.941062927246094,3402000
2017-03-31,54.52000045776367,56.0,54.52000045776367,55.439998626708984,34.26242446899414,3421200
2017-04-03,55.54999923706055,55.75,54.40999984741211,55.310001373291016,34.18208694458008,2735000
2017-04-04,55.34000015258789,55.959999084472656,54.86000061035156,55.939998626708984,34.57142639160156,1762500
2017-04-05,56.310001373291016,57.15999984741211,55.88999938964844,55.93000030517578,34.565250396728516,3344500
2017-04-06,56.20000076293945,56.47999954223633,55.86000061035156,56.33000183105469,34.81245040893555,2821200
2017-04-07,56.279998779296875,56.90999984741211,55.9900016784668,56.189998626708984,34.725929260253906,2158800
2017-04-10,56.5,56.5,55.849998474121094,55.93000030517578,34.565250396728516,2037500
2017-04-11,55.93000030517578,56.099998474121094,55.36000061035156,55.720001220703125,34.43545913696289,1367300
2017-04-12,55.720001220703125,55.81999969482422,55.099998474121094,55.33000183105469,34.194435119628906,1802500
2017-04-13,55.439998626708984,55.5099983215332,54.560001373291016,54.619998931884766,33.755653381347656,1674300
2017-04-17,54.650001525878906,55.0,54.220001220703125,54.40999984741211,33.62588119506836,2071500
2017-04-18,54.40999984741211,55.13999938964844,54.119998931884766,54.81999969482422,33.87925338745117,2564200
2017-04-19,54.91999816894531,55.029998779296875,53.790000915527344,53.91999816894531,33.32304763793945,2473400
2017-04-20,54.029998779296875,54.47999954223633,53.709999084472656,53.790000915527344,33.242706298828125,1852600
2017-04-21,53.7400016784668,53.86000061035156,52.779998779296875,53.529998779296875,33.08202362060547,2866000
2017-04-24,54.029998779296875,54.2400016784668,53.33000183105469,53.869998931884766,33.29216003417969,2031500
2017-04-25,53.86000061035156,54.779998779296875,53.689998626708984,54.72999954223633,33.823638916015625,1662000
2017-04-26,54.5,55.06999969482422,54.400001525878906,54.5,33.681495666503906,2039300
2017-04-27,53.470001220703125,54.06999969482422,52.560001373291016,53.0099983215332,33.13457107543945,2511000
2017-04-28,53.310001373291016,53.310001373291016,52.2599983215332,52.61000061035156,32.884552001953125,2710500
2017-05-01,52.779998779296875,53.189998626708984,52.470001220703125,53.02000045776367,33.14081954956055,2141000
2017-05-02,53.220001220703125,53.220001220703125,51.869998931884766,52.29999923706055,32.6907844543457,3154200
2017-05-03,52.599998474121094,52.88999938964844,51.689998626708984,52.13999938964844,32.590763092041016,2967500
2017-05-04,51.66999816894531,51.88999938964844,49.13999938964844,49.34000015258789,30.84058380126953,3964100
2017-05-05,49.369998931884766,50.68000030517578,49.0,50.63999938964844,31.653169631958008,4144700
2017-05-08,50.540000915527344,51.20000076293945,50.31999969482422,51.040000915527344,31.903200149536133,2908900
2017-05-09,51.0,51.060001373291016,50.11000061035156,50.47999954223633,31.55316162109375,1795500
2017-05-10,50.720001220703125,51.59000015258789,50.560001373291016,51.119998931884766,31.95320701599121,2424300
2017-05-11,51.619998931884766,51.619998931884766,50.939998626708984,51.27000045776367,32.04696273803711,1931000
2017-05-12,51.310001373291016,51.68000030517578,50.90999984741211,51.0,31.878198623657227,2929200
2017-05-15,51.79999923706055,52.0099983215332,51.0,51.279998779296875,32.05320739746094,2169100
2017-05-16,51.22999954223633,51.459999084472656,50.720001220703125,50.88999938964844,31.809438705444336,1871500
2017-05-17,50.88999938964844,50.88999938964844,49.720001220703125,49.75,31.09686851501465,2002600
2017-05-18,49.54999923706055,50.08000183105469,49.310001373291016,49.81999969482422,31.140615463256836,2156600
2017-05-19,50.31999969482422,51.880001068115234,50.099998474121094,51.43000030517578,32.146968841552734,2146300
2017-05-22,51.68000030517578,51.7599983215332,51.20000076293945,51.65999984741211,32.29072570800781,1748700
2017-05-23,51.79999923706055,52.5,51.56999969482422,52.22999954223633,32.64702224731445,2389600
2017-05-24,52.119998931884766,53.0099983215332,52.11000061035156,52.779998779296875,32.99080276489258,3410300
2017-05-25,52.36000061035156,53.099998474121094,51.529998779296875,51.65999984741211,32.29072570800781,4524500
2017-05-26,51.58000183105469,51.84000015258789,51.119998931884766,51.689998626708984,32.30948257446289,2201100
2017-05-30,51.2400016784668,51.349998474121094,49.849998474121094,49.849998474121094,31.159366607666016,2667700
2017-05-31,49.54999923706055,49.83000183105469,48.93000030517578,49.68000030517578,31.053117752075195,3416000
2017-06-01,49.86000061035156,50.560001373291016,49.54999923706055,50.45000076293945,31.53440284729004,2157300
2017-06-02,50.27000045776367,50.45000076293945,49.52000045776367,49.54999923706055,30.971847534179688,1560200
2017-06-05,48.72999954223633,49.689998626708984,48.72999954223633,49.31999969482422,30.828086853027344,1785100
2017-06-06,49.11000061035156,50.08000183105469,49.04999923706055,50.0,31.253129959106445,2343500
2017-06-07,49.79999923706055,50.22999954223633,48.5,48.869998931884766,30.546802520751953,2101600
2017-06-08,48.869998931884766,49.04999923706055,48.400001525878906,48.4900016784668,30.309280395507812,3029200
2017-06-09,48.54999923706055,49.4900016784668,48.54999923706055,49.45000076293945,30.90934181213379,1670000
2017-06-12,49.45000076293945,50.45000076293945,49.45000076293945,49.9900016784668,31.246885299682617,1997500
2017-06-13,49.849998474121094,50.45000076293945,49.779998779296875,50.209999084472656,31.3843936920166,1674300
2017-06-14,50.31999969482422,51.0,49.5,49.790000915527344,31.121868133544922,3738800
2017-06-15,49.439998626708984,50.02000045776367,48.869998931884766,48.97999954223633,30.615556716918945,2666700
2017-06-16,49.27000045776367,50.9900016784668,49.189998626708984,50.970001220703125,31.859437942504883,3278000
2017-06-19,51.0,51.189998626708984,50.04999923706055,50.209999084472656,31.3843936920166,2127200
2017-06-20,49.59000015258789,49.7599983215332,47.13999938964844,47.5,29.690475463867188,3463800
2017-06-21,48.06999969482422,48.630001068115234,47.150001525878906,47.40999984741211,29.63421630859375,4225600
2017-06-22,47.7400016784668,48.630001068115234,47.369998931884766,47.790000915527344,29.87173843383789,3438700
2017-06-23,47.91999816894531,49.2400016784668,47.65999984741211,49.189998626708984,30.746829986572266,2562900
2017-06-26,49.31999969482422,51.20000076293945,49.31999969482422,50.540000915527344,31.59066390991211,5206200
2017-06-27,50.61000061035156,51.36000061035156,50.529998779296875,50.68000030517578,31.678163528442383,3299300
2017-06-28,50.72999954223633,51.45000076293945,50.41999816894531,50.900001525878906,31.81568717956543,3315700
2017-06-29,51.08000183105469,52.439998626708984,50.869998931884766,51.52000045776367,32.20322036743164,5416000
2017-06-30,52.0099983215332,52.40999984741211,51.59000015258789,52.15999984741211,32.6032600402832,42639900
2017-07-03,52.209999084472656,52.45000076293945,51.5,52.029998779296875,32.52200698852539,4810200
2017-07-05,52.0099983215332,52.56999969482422,50.5,50.75,31.7219181060791,31997200
2017-07-06,51.27000045776367,52.689998626708984,51.08000183105469,52.599998474121094,32.878292083740234,17187000
2017-07-07,52.5,52.7400016784668,51.459999084472656,51.689998626708984,32.30948257446289,10667300
2017-07-10,51.47999954223633,51.5,50.7400016784668,51.0,31.878198623657227,7057200
2017-07-11,51.029998779296875,51.29999923706055,50.529998779296875,50.880001068115234,31.803184509277344,4107300
2017-07-12,51.4900016784668,52.400001525878906,51.279998779296875,52.04999923706055,32.53450393676758,3737500
2017-07-13,52.189998626708984,52.77000045776367,51.97999954223633,52.459999084472656,32.79077911376953,2813200
2017-07-14,52.68000030517578,53.38999938964844,52.470001220703125,53.15999984741211,33.22832489013672,2082000
2017-07-17,53.15999984741211,53.65999984741211,53.09000015258789,53.56999969482422,33.484596252441406,4586300
2017-07-18,53.95000076293945,53.97999954223633,53.08000183105469,53.56999969482422,33.484596252441406,3650900
2017-07-19,53.65999984741211,54.40999984741211,53.400001525878906,54.38999938964844,33.99714660644531,4453600
2017-07-20,54.810001373291016,55.36000061035156,54.45000076293945,54.790000915527344,34.24717712402344,4916600
2017-07-21,54.70000076293945,54.95000076293945,54.29999923706055,54.45000076293945,34.03466033935547,2554600
2017-07-24,54.52000045776367,55.060001373291016,54.43000030517578,54.880001068115234,34.30343246459961,2636700
2017-07-25,55.63999938964844,55.97999954223633,55.54999923706055,55.779998779296875,34.865997314453125,2912200
2017-07-26,55.9900016784668,56.40999984741211,55.560001373291016,55.59000015258789,34.74723434448242,2474500
2017-07-27,55.59000015258789,56.619998931884766,55.59000015258789,56.619998931884766,35.39105224609375,2237600
2017-07-28,56.61000061035156,57.25,56.45000076293945,56.459999084472656,35.2910270690918,2403800
2017-07-31,56.470001220703125,56.58000183105469,55.88999938964844,56.56999969482422,35.35978698730469,2833400
2017-08-01,56.56999969482422,56.84000015258789,56.04999923706055,56.72999954223633,35.45980453491211,3670400
2017-08-02,55.86000061035156,56.209999084472656,55.0,55.36000061035156,34.60346221923828,3010200
2017-08-03,54.5,54.77000045776367,53.790000915527344,53.849998474121094,34.118770599365234,2803600
2017-08-04,53.95000076293945,54.38999938964844,53.45000076293945,53.529998779296875,33.91602325439453,2805000
2017-08-07,53.20000076293945,53.29999923706055,52.470001220703125,53.06999969482422,33.62455749511719,3561500
2017-08-08,52.79999923706055,53.41999816894531,52.25,52.54999923706055,33.29509353637695,2568600
2017-08-09,52.689998626708984,53.0,52.470001220703125,52.7599983215332,33.42815399169922,2455000
2017-08-10,53.0,53.11000061035156,52.11000061035156,52.209999084472656,33.07968521118164,2783300
2017-08-11,52.060001373291016,52.439998626708984,51.900001525878906,52.40999984741211,33.20640182495117,2237900
2017-08-14,52.72999954223633,53.189998626708984,52.279998779296875,52.31999969482422,33.14937973022461,2690400
2017-08-15,52.31999969482422,52.380001068115234,50.689998626708984,50.95000076293945,32.281368255615234,5037000
2017-08-16,51.060001373291016,51.2400016784668,50.279998779296875,50.61000061035156,32.065948486328125,2645200
2017-08-17,50.369998931884766,50.90999984741211,50.31999969482422,50.36000061035156,31.90753936767578,2090500
2017-08-18,50.349998474121094,51.09000015258789,50.099998474121094,50.93000030517578,32.26868438720703,2213500
2017-08-21,50.880001068115234,51.08000183105469,50.560001373291016,50.970001220703125,32.29403305053711,2216300
2017-08-22,51.13999938964844,52.97999954223633,51.06999969482422,52.88999938964844,33.510528564453125,3455500
2017-08-23,52.470001220703125,53.81999969482422,52.470001220703125,53.34000015258789,33.795631408691406,3060600
2017-08-24,53.2599983215332,53.86000061035156,53.2599983215332,53.470001220703125,33.87800979614258,2814900
2017-08-25,53.650001525878906,53.84000015258789,53.47999954223633,53.65999984741211,33.99838638305664,1892800
2017-08-28,53.66999816894531,53.849998474121094,52.43000030517578,52.95000076293945,33.54853820800781,2083200
2017-08-29,52.650001525878906,53.38999938964844,52.47999954223633,53.220001220703125,33.71961212158203,2117700
2017-08-30,52.880001068115234,54.25,52.79999923706055,54.0099983215332,34.22013473510742,3410200
2017-08-31,54.400001525878906,54.400001525878906,53.720001220703125,54.15999984741211,34.3151741027832,3619600
2017-09-01,54.400001525878906,54.810001373291016,54.06999969482422,54.630001068115234,34.61296081542969,2077800
2017-09-05,55.0,55.70000076293945,54.33000183105469,54.849998474121094,34.75235366821289,3561300
2017-09-06,55.220001220703125,56.400001525878906,54.91999816894531,56.34000015258789,35.69640350341797,5613300
2017-09-07,56.13999938964844,56.939998626708984,56.11000061035156,56.470001220703125,35.77877426147461,3299200
2017-09-08,56.29999923706055,56.77000045776367,55.95000076293945,56.220001220703125,35.62037658691406,3295800
2017-09-11,56.560001373291016,57.0,56.16999816894531,56.52000045776367,35.810455322265625,2986700
2017-09-12,56.52000045776367,56.599998474121094,55.91999816894531,56.09000015258789,35.53801345825195,3041500
2017-09-13,56.25,56.58000183105469,55.959999084472656,56.47999954223633,35.785099029541016,5403500
2017-09-14,56.5099983215332,57.09000015258789,56.380001068115234,56.880001068115234,36.038536071777344,5226400
2017-09-15,56.959999084472656,57.0,56.189998626708984,56.20000076293945,35.60770034790039,13014900
2017-09-18,56.09000015258789,56.599998474121094,55.90999984741211,56.099998474121094,35.544342041015625,5500300
2017-09-19,56.150001525878906,56.27000045776367,55.290000915527344,56.11000061035156,35.550689697265625,4691900
2017-09-20,56.13999938964844,56.33000183105469,55.880001068115234,56.09000015258789,35.53801345825195,2637400
2017-09-21,55.810001373291016,56.029998779296875,54.63999938964844,55.060001373291016,34.885406494140625,3548100
2017-09-22,55.040000915527344,55.060001373291016,54.20000076293945,54.70000076293945,34.65731430053711,2765700
2017-09-25,55.150001525878906,55.900001525878906,55.08000183105469,55.5,35.16419219970703,3165400
2017-09-26,55.209999084472656,55.45000076293945,54.849998474121094,55.220001220703125,34.986778259277344,2551200
2017-09-27,55.25,55.58000183105469,54.900001525878906,55.54999923706055,35.19586944580078,2524400
2017-09-28,55.25,55.470001220703125,54.7599983215332,55.41999816894531,35.113494873046875,3381800
2017-09-29,55.220001220703125,55.61000061035156,55.11000061035156,55.40999984741211,35.10716247558594,2496200
2017-10-02,54.97999954223633,55.880001068115234,54.709999084472656,55.84000015258789,35.37960433959961,2627300
2017-10-03,55.849998474121094,56.369998931884766,55.40999984741211,56.189998626708984,35.60137176513672,2758700
2017-10-04,56.290000915527344,56.599998474121094,56.099998474121094,56.29999923706055,35.67106246948242,2113200
2017-10-05,56.400001525878906,57.08000183105469,56.2400016784668,56.70000076293945,35.924495697021484,2570100
2017-10-06,56.189998626708984,56.43000030517578,55.540000915527344,56.189998626708984,35.60137176513672,1866100
2017-10-09,56.33000183105469,56.689998626708984,56.029998779296875,56.06999969482422,35.52532958984375,2409200
2017-10-10,56.58000183105469,56.58000183105469,55.900001525878906,56.02000045776367,35.49365997314453,1828800
2017-10-11,55.900001525878906,56.54999923706055,55.779998779296875,56.380001068115234,35.721744537353516,1518900
2017-10-12,55.97999954223633,56.58000183105469,55.68000030517578,56.40999984741211,35.74075698852539,2335900
2017-10-13,56.869998931884766,56.97999954223633,56.2599983215332,56.470001220703125,35.77877426147461,2089200
2017-10-16,56.369998931884766,56.599998474121094,56.09000015258789,56.25,35.639381408691406,1633000
2017-10-17,56.25,56.45000076293945,56.08000183105469,56.41999816894531,35.747093200683594,1400500
2017-10-18,56.459999084472656,56.54999923706055,55.220001220703125,55.369998931884766,35.081825256347656,2109000
2017-10-19,55.04999923706055,55.81999969482422,55.04999923706055,55.810001373291016,35.360595703125,1382300
2017-10-20,55.939998626708984,56.13999938964844,55.720001220703125,56.0,35.48099136352539,2309100
2017-10-23,56.130001068115234,56.220001220703125,54.97999954223633,55.04999923706055,34.87907791137695,2341900
2017-10-24,55.279998779296875,56.11000061035156,54.869998931884766,55.939998626708984,35.442962646484375,3530400
2017-10-25,55.959999084472656,55.959999084472656,53.47999954223633,53.709999084472656,34.030059814453125,3262100
2017-10-26,54.0,54.189998626708984,52.81999969482422,53.43000030517578,33.852664947509766,2909500
2017-10-27,53.130001068115234,54.34000015258789,52.79999923706055,54.08000183105469,34.264495849609375,2053400
2017-10-30,54.150001525878906,54.619998931884766,53.880001068115234,54.040000915527344,34.23914337158203,1973700
2017-10-31,54.0,54.369998931884766,53.7599983215332,54.27000045776367,34.38486862182617,2072400
2017-11-01,54.75,55.75,53.959999084472656,54.529998779296875,34.54961395263672,2724500
2017-11-02,54.2400016784668,54.4900016784668,52.66999816894531,53.349998474121094,33.80196762084961,3027900
2017-11-03,52.369998931884766,52.900001525878906,51.70000076293945,52.650001525878906,33.830894470214844,2110000
2017-11-06,52.650001525878906,52.9900016784668,52.220001220703125,52.79999923706055,33.927276611328125,3077800
2017-11-07,52.86000061035156,53.369998931884766,52.43000030517578,53.16999816894531,34.16502380371094,2142000
2017-11-08,53.060001373291016,53.54999923706055,52.84000015258789,53.099998474121094,34.12004089355469,2162800
2017-11-09,52.810001373291016,53.349998474121094,52.529998779296875,52.9900016784668,34.04936218261719,2040200
2017-11-10,53.09000015258789,53.189998626708984,52.0,52.400001525878906,33.67024230957031,2437900
2017-11-13,52.43000030517578,52.83000183105469,52.119998931884766,52.209999084472656,33.54816436767578,2336600
2017-11-14,52.2400016784668,52.560001373291016,51.27000045776367,51.380001068115234,33.01484298706055,2921700
2017-11-15,51.150001525878906,51.18000030517578,50.52000045776367,50.83000183105469,32.66142654418945,2611400
2017-11-16,50.849998474121094,51.02000045776367,50.33000183105469,50.650001525878906,32.54576873779297,2175500
2017-11-17,50.7599983215332,50.77000045776367,50.29999923706055,50.66999816894531,32.55860900878906,1526500
2017-11-20,50.650001525878906,50.9900016784668,50.38999938964844,50.83000183105469,32.66142654418945,1964300
2017-11-21,51.20000076293945,51.349998474121094,50.08000183105469,50.20000076293945,32.25661849975586,2348100
2017-11-22,50.470001220703125,50.63999938964844,50.20000076293945,50.58000183105469,32.50077819824219,2233000
2017-11-24,50.83000183105469,51.34000015258789,50.81999969482422,51.040000915527344,32.796363830566406,1056000
2017-11-27,50.79999923706055,51.029998779296875,49.650001525878906,50.02000045776367,32.140953063964844,2638100
2017-11-28,50.060001373291016,50.380001068115234,49.68000030517578,50.060001373291016,32.16665267944336,1854000
2017-11-29,49.90999984741211,50.439998626708984,49.7599983215332,50.43000030517578,32.40441131591797,2074800
2017-11-30,50.630001068115234,52.06999969482422,50.630001068115234,51.900001525878906,33.34896469116211,4323100
2017-12-01,52.27000045776367,52.400001525878906,51.59000015258789,52.11000061035156,33.48390579223633,3260300
2017-12-04,52.130001068115234,52.880001068115234,51.959999084472656,52.290000915527344,33.59956741333008,3566700
2017-12-05,52.369998931884766,52.58000183105469,52.150001525878906,52.34000015258789,33.63169860839844,2302900
2017-12-06,52.29999923706055,52.34000015258789,51.45000076293945,51.79999923706055,33.28471374511719,1733400
2017-12-07,51.810001373291016,52.41999816894531,51.650001525878906,52.40999984741211,33.676673889160156,1848500
2017-12-08,52.72999954223633,53.119998931884766,52.599998474121094,53.0099983215332,34.06221008300781,2106700
2017-12-11,53.13999938964844,54.150001525878906,53.0,53.400001525878906,34.31281280517578,3076000
2017-12-12,53.47999954223633,53.86000061035156,53.11000061035156,53.400001525878906,34.31281280517578,2427500
2017-12-13,53.470001220703125,53.540000915527344,53.099998474121094,53.220001220703125,34.1971549987793,1861700
2017-12-14,52.880001068115234,53.470001220703125,52.720001220703125,52.7400016784668,33.88873291015625,2280200
2017-12-15,52.880001068115234,53.02000045776367,52.060001373291016,52.15999984741211,33.51603698730469,5325700
2017-12-18,52.47999954223633,52.779998779296875,52.15999984741211,52.349998474121094,33.638126373291016,3723800
2017-12-19,52.70000076293945,52.70000076293945,51.84000015258789,51.86000061035156,33.32326889038086,2434100
2017-12-20,52.25,52.25,51.470001220703125,51.5099983215332,33.09836196899414,3059000
2017-12-21,51.43000030517578,52.400001525878906,51.279998779296875,52.220001220703125,33.55458068847656,3014900
2017-12-22,52.220001220703125,53.439998626708984,52.13999938964844,53.209999084472656,34.19072341918945,2940400
2017-12-26,53.29999923706055,53.720001220703125,53.119998931884766,53.2599983215332,34.22285079956055,1621000
2017-12-27,53.349998474121094,53.400001525878906,53.029998779296875,53.16999816894531,34.16502380371094,2609000
2017-12-28,53.16999816894531,53.5099983215332,52.959999084472656,53.4900016784668,34.370635986328125,2078000
2017-12-29,53.619998931884766,53.88999938964844,53.33000183105469,53.45000076293945,34.344932556152344,2527700
2018-01-02,53.7599983215332,54.75,53.560001373291016,54.650001525878906,35.11602020263672,2547900
2018-01-03,54.689998626708984,55.84000015258789,54.56999969482422,55.540000915527344,35.68789291381836,2539100
2018-01-04,55.689998626708984,56.33000183105469,55.45000076293945,56.20000076293945,36.11198043823242,2790800
2018-01-05,55.25,56.290000915527344,55.06999969482422,56.060001373291016,36.02202606201172,10159500
2018-01-08,56.18000030517578,56.959999084472656,55.93000030517578,56.63999938964844,36.39470672607422,3640600
2018-01-09,56.689998626708984,56.959999084472656,56.33000183105469,56.4900016784668,36.2983283996582,2056000
2018-01-10,56.540000915527344,57.0,56.40999984741211,56.7400016784668,36.45896911621094,2517400
2018-01-11,57.400001525878906,58.54999923706055,57.09000015258789,58.36000061035156,37.499916076660156,3359500
2018-01-12,58.4900016784668,58.900001525878906,57.84000015258789,58.66999816894531,37.69911193847656,2965200
2018-01-16,59.0,60.060001373291016,58.720001220703125,58.79999923706055,37.78264617919922,4511900
2018-01-17,59.459999084472656,59.790000915527344,58.65999984741211,59.40999984741211,38.17461013793945,4204200
2018-01-18,59.25,59.369998931884766,58.119998931884766,58.13999938964844,37.358551025390625,3439100
2018-01-19,58.06999969482422,58.34000015258789,57.13999938964844,58.31999969482422,37.474212646484375,8657000
2018-01-22,58.34000015258789,59.880001068115234,58.34000015258789,59.880001068115234,38.47661590576172,4065600
2018-01-23,60.0,60.709999084472656,59.59000015258789,60.47999954223633,38.86214065551758,3110500
2018-01-24,60.88999938964844,61.36000061035156,60.61000061035156,60.709999084472656,39.00993728637695,2818600
2018-01-25,60.95000076293945,61.11000061035156,60.27000045776367,60.58000183105469,38.92640686035156,2412400
2018-01-26,60.0,60.38999938964844,59.72999954223633,60.150001525878906,39.14768981933594,2590800
2018-01-29,59.86000061035156,60.130001068115234,59.45000076293945,59.4900016784668,38.71813201904297,4023800
2018-01-30,58.900001525878906,59.130001068115234,58.18000030517578,58.72999954223633,38.22349548339844,2008700
2018-01-31,58.83000183105469,59.459999084472656,58.689998626708984,58.86000061035156,38.30811309814453,2467300
2018-02-01,58.97999954223633,60.040000915527344,58.869998931884766,59.7400016784668,38.88085174560547,1858600
2018-02-02,59.099998474121094,59.220001220703125,57.61000061035156,57.75,37.58568572998047,2459900
2018-02-05,57.20000076293945,57.61000061035156,54.779998779296875,55.560001373291016,36.16035461425781,3529800
2018-02-06,54.540000915527344,56.650001525878906,54.380001068115234,56.41999816894531,36.72007751464844,3572800
2018-02-07,56.33000183105469,57.540000915527344,56.31999969482422,56.58000183105469,36.8242073059082,2495400
2018-02-08,56.540000915527344,56.880001068115234,54.369998931884766,54.400001525878906,35.4053955078125,2720300
2018-02-09,54.939998626708984,55.220001220703125,52.38999938964844,54.33000183105469,35.35983657836914,3602900
2018-02-12,55.27000045776367,56.9900016784668,55.040000915527344,56.54999923706055,36.80467987060547,2582600
2018-02-13,56.2400016784668,57.31999969482422,55.91999816894531,56.84000015258789,36.99342727661133,2030500
2018-02-14,56.27000045776367,57.880001068115234,56.16999816894531,57.470001220703125,37.40345764160156,3417100
2018-02-15,57.630001068115234,57.939998626708984,57.119998931884766,57.79999923706055,37.61823272705078,3163700
2018-02-16,57.56999969482422,57.68000030517578,56.619998931884766,56.90999984741211,37.03898239135742,2343400
2018-02-20,57.0,57.68000030517578,56.709999084472656,57.02000045776367,37.11058044433594,1468700
2018-02-21,56.939998626708984,57.400001525878906,56.09000015258789,56.099998474121094,36.51181411743164,2010700
2018-02-22,56.619998931884766,58.369998931884766,56.36000061035156,57.18000030517578,37.214717864990234,3773500
2018-02-23,57.43000030517578,58.34000015258789,57.04999923706055,58.02000045776367,37.76141357421875,2595900
2018-02-26,58.31999969482422,58.34000015258789,56.7599983215332,57.470001220703125,37.40345764160156,3330300
2018-02-27,57.79999923706055,58.040000915527344,56.560001373291016,57.0,37.09756088256836,3969700
2018-02-28,57.2599983215332,58.08000183105469,56.220001220703125,56.33000183105469,36.6614990234375,3880200
2018-03-01,56.349998474121094,56.880001068115234,55.709999084472656,56.5099983215332,36.77864456176758,3106600
2018-03-02,56.0,57.2599983215332,55.16999816894531,57.08000183105469,37.149627685546875,2415000
2018-03-05,56.720001220703125,57.29999923706055,56.15999984741211,56.90999984741211,37.03898239135742,2535400
2018-03-06,57.150001525878906,57.459999084472656,56.63999938964844,57.02000045776367,37.11058044433594,1537400
2018-03-07,56.43000030517578,57.470001220703125,56.41999816894531,56.709999084472656,36.9088134765625,2265300
2018-03-08,56.689998626708984,56.959999084472656,55.900001525878906,56.599998474121094,36.837223052978516,2253100
2018-03-09,56.9900016784668,57.380001068115234,56.88999938964844,57.310001373291016,37.29930877685547,2060400
2018-03-12,57.25,57.849998474121094,57.20000076293945,57.59000015258789,37.48154830932617,3031500
2018-03-13,57.81999969482422,57.970001220703125,57.36000061035156,57.7599983215332,37.59219741821289,2205300
2018-03-14,57.88999938964844,58.060001373291016,57.08000183105469,57.15999984741211,37.20169448852539,2304400
2018-03-15,57.380001068115234,58.09000015258789,54.45000076293945,56.63999938964844,36.86326599121094,7757400
2018-03-16,56.72999954223633,58.31999969482422,56.63999938964844,57.810001373291016,37.62473678588867,7013500
2018-03-19,57.599998474121094,57.70000076293945,56.040000915527344,56.470001220703125,36.75261306762695,3371400
2018-03-20,57.689998626708984,58.470001220703125,57.380001068115234,57.63999938964844,37.514095306396484,3788500
2018-03-21,57.97999954223633,58.849998474121094,57.70000076293945,58.459999084472656,38.04777145385742,3186800
2018-03-22,57.90999984741211,58.33000183105469,57.279998779296875,57.33000183105469,37.31234359741211,2754700
2018-03-23,57.619998931884766,57.619998931884766,56.75,56.75,36.934852600097656,3591800
2018-03-26,57.34000015258789,57.45000076293945,56.310001373291016,57.02000045776367,37.11058044433594,2414800
2018-03-27,57.029998779296875,57.869998931884766,56.41999816894531,56.959999084472656,37.07152557373047,3790400
2018-03-28,56.880001068115234,57.130001068115234,55.58000183105469,55.630001068115234,36.20591354370117,3115200
2018-03-29,55.7400016784668,57.20000076293945,55.5,56.91999816894531,37.04549026489258,2701700
2018-04-02,56.7599983215332,57.47999954223633,55.45000076293945,56.13999938964844,36.53784942626953,3108700
2018-04-03,56.310001373291016,56.630001068115234,55.150001525878906,56.599998474121094,36.837223052978516,2454300
2018-04-04,55.540000915527344,56.68000030517578,55.2599983215332,56.52000045776367,36.78515625,2379600
2018-04-05,56.7400016784668,57.599998474121094,56.58000183105469,57.439998626708984,37.38393020629883,1750400
2018-04-06,57.130001068115234,57.470001220703125,56.119998931884766,56.689998626708984,36.89580154418945,2169900
2018-04-09,56.95000076293945,57.68000030517578,56.41999816894531,56.75,36.934852600097656,1879700
2018-04-10,57.59000015258789,58.88999938964844,57.369998931884766,58.310001373291016,37.95015335083008,2558100
2018-04-11,58.08000183105469,58.869998931884766,58.0,58.619998931884766,38.15190124511719,2014400
2018-04-12,58.59000015258789,58.70000076293945,57.790000915527344,58.31999969482422,37.956661224365234,2190800
2018-04-13,58.540000915527344,58.97999954223633,58.08000183105469,58.5099983215332,38.08031463623047,1604100
2018-04-16,58.83000183105469,59.88999938964844,58.459999084472656,59.75,38.887351989746094,2173800
2018-04-17,59.810001373291016,60.099998474121094,59.52000045776367,59.66999816894531,38.83528137207031,1964100
2018-04-18,60.33000183105469,60.619998931884766,59.83000183105469,59.83000183105469,38.939422607421875,2676600
2018-04-19,59.9900016784668,60.61000061035156,59.63999938964844,59.7400016784668,38.88085174560547,1874500
2018-04-20,59.86000061035156,59.90999984741211,59.279998779296875,59.540000915527344,38.75068283081055,1777300
2018-04-23,59.5,60.279998779296875,59.2599983215332,59.959999084472656,39.0240364074707,1649300
2018-04-24,60.06999969482422,60.119998931884766,58.81999969482422,59.38999938964844,38.653045654296875,1654400
2018-04-25,58.970001220703125,59.61000061035156,58.65999984741211,59.599998474121094,38.78972625732422,1824600
2018-04-26,59.810001373291016,60.33000183105469,59.619998931884766,60.130001068115234,39.134674072265625,2547400
2018-04-27,59.11000061035156,60.279998779296875,58.380001068115234,59.880001068115234,39.49412536621094,1617500
2018-04-30,59.779998779296875,60.630001068115234,59.61000061035156,60.220001220703125,39.718379974365234,2145200
2018-05-01,60.0,60.7599983215332,59.91999816894531,60.4900016784668,39.89645767211914,2209300
2018-05-02,60.56999969482422,63.150001525878906,60.56999969482422,62.56999969482422,41.268333435058594,3924300
2018-05-03,62.560001373291016,63.16999816894531,62.279998779296875,62.84000015258789,41.446414947509766,2347700
2018-05-04,62.68000030517578,63.72999954223633,62.560001373291016,63.45000076293945,41.8487434387207,1843700
2018-05-07,64.18000030517578,64.76000213623047,63.540000915527344,64.06999969482422,42.25765609741211,2542300
2018-05-08,63.91999816894531,64.19999694824219,62.47999954223633,63.939998626708984,42.17192840576172,2310300
2018-05-09,64.61000061035156,65.48999786376953,64.4000015258789,64.70999908447266,42.679779052734375,2188000
2018-05-10,65.19999694824219,65.45999908447266,64.6500015258789,65.30000305175781,43.068912506103516,1905500
2018-05-11,65.56999969482422,66.04000091552734,65.36000061035156,65.81999969482422,43.41188049316406,2549100
2018-05-14,65.91999816894531,66.7699966430664,65.86000061035156,66.58999633789062,43.919734954833984,1810500
2018-05-15,66.63999938964844,66.83000183105469,65.94000244140625,66.66999816894531,43.97249984741211,2378600
2018-05-16,66.51000213623047,66.77999877929688,66.1500015258789,66.6500015258789,43.959320068359375,2137100
2018-05-17,66.88999938964844,67.30999755859375,66.30000305175781,66.5199966430664,43.87356948852539,1732000
2018-05-18,66.54000091552734,66.66999816894531,65.80000305175781,66.2699966430664,43.70867919921875,1865300
2018-05-21,66.55000305175781,66.5999984741211,66.0199966430664,66.48999786376953,43.85378646850586,1941600
2018-05-22,66.61000061035156,66.91000366210938,65.94999694824219,66.05999755859375,43.57017135620117,1847100
2018-05-23,65.80000305175781,66.87000274658203,65.41999816894531,66.7300033569336,44.0120735168457,1989200
2018-05-24,66.16999816894531,66.58999633789062,65.87000274658203,66.37999725341797,43.78123474121094,2113400
2018-05-25,65.33000183105469,65.94999694824219,64.70999908447266,65.88999938964844,43.45805358886719,1708500
2018-05-29,65.61000061035156,66.58000183105469,65.51000213623047,66.30000305175781,43.72848129272461,2786300
2018-05-30,66.66000366210938,68.41000366210938,66.56999969482422,68.2300033569336,45.00140380859375,2586600
2018-05-31,67.7699966430664,68.87999725341797,67.76000213623047,68.16000366210938,44.95524215698242,3821200
2018-06-01,68.3499984741211,68.94999694824219,67.9000015258789,68.51000213623047,45.18607711791992,1745100
2018-06-04,68.9000015258789,69.11000061035156,67.8499984741211,68.30000305175781,45.04758071899414,1506600
2018-06-05,68.19999694824219,69.25,68.08000183105469,68.56999969482422,45.22566223144531,2515000
2018-06-06,68.66000366210938,68.8499984741211,67.41000366210938,67.66000366210938,44.625457763671875,1954900
2018-06-07,68.29000091552734,68.62999725341797,68.02999877929688,68.55000305175781,45.21246337890625,1727300
2018-06-08,68.66999816894531,68.93000030517578,67.9000015258789,68.44999694824219,45.146507263183594,2173400
2018-06-11,68.29000091552734,69.37999725341797,67.8499984741211,69.0199966430664,45.522457122802734,1680900
2018-06-12,69.08000183105469,69.83999633789062,68.94999694824219,69.23999786376953,45.667564392089844,1736100
2018-06-13,69.11000061035156,69.11000061035156,68.4000015258789,68.87000274658203,45.42353057861328,2603300
2018-06-14,69.06999969482422,69.70999908447266,68.98999786376953,69.33999633789062,45.73351287841797,2362700
2018-06-15,69.2300033569336,69.45999908447266,67.6500015258789,67.77999877929688,44.704612731933594,4014900
2018-06-18,67.83999633789062,68.8499984741211,67.75,68.5199966430664,45.19267654418945,3584900
2018-06-19,67.83000183105469,68.91000366210938,67.5,68.79000091552734,45.37076187133789,2281900
2018-06-20,69.2300033569336,70.30999755859375,69.16000366210938,70.06999969482422,46.214988708496094,1912700
2018-06-21,69.7300033569336,69.86000061035156,68.68000030517578,68.77999877929688,45.36416244506836,1751100
2018-06-22,70.20999908447266,70.7699966430664,69.80000305175781,69.98999786376953,46.16222381591797,4425400
2018-06-25,69.81999969482422,69.91999816894531,68.38999938964844,68.69999694824219,45.31139373779297,1630800
2018-06-26,68.94999694824219,69.88999938964844,68.80000305175781,69.72000122070312,45.9841423034668,1605000
2018-06-27,70.29000091552734,70.98999786376953,69.52999877929688,69.75,46.003929138183594,1883000
2018-06-28,69.93000030517578,70.30999755859375,69.05000305175781,69.93000030517578,46.12265396118164,1628900
2018-06-29,70.29000091552734,70.48999786376953,69.55000305175781,69.83000183105469,46.05669403076172,1877900
2018-07-02,69.55999755859375,69.76000213623047,68.72000122070312,68.94999694824219,45.476287841796875,1751200
2018-07-03,69.5,70.5,69.27999877929688,69.33000183105469,45.7269287109375,1108900
2018-07-05,69.95999908447266,70.5999984741211,69.88999938964844,70.2300033569336,46.32052230834961,1905600
2018-07-06,70.16999816894531,71.33999633789062,69.97000122070312,71.20999908447266,46.96688461303711,1603200
2018-07-09,71.4800033569336,71.7699966430664,71.19000244140625,71.30999755859375,47.032833099365234,2269800
2018-07-10,71.75,71.98999786376953,71.05000305175781,71.22000122070312,46.973487854003906,1901100
2018-07-11,70.86000061035156,71.13999938964844,69.7300033569336,70.30999755859375,46.3732795715332,1960800
2018-07-12,70.5999984741211,70.9800033569336,70.11000061035156,70.86000061035156,46.73603057861328,1640700
2018-07-13,70.83000183105469,71.70999908447266,70.83000183105469,71.4000015258789,47.09219741821289,2752400
2018-07-16,70.86000061035156,70.9800033569336,69.8499984741211,70.01000213623047,46.1754150390625,2478500
2018-07-17,69.97000122070312,70.61000061035156,69.7699966430664,70.33000183105469,46.38646697998047,2683500
2018-07-18,69.76000213623047,70.80999755859375,69.36000061035156,70.12999725341797,46.25456619262695,2737800
2018-07-19,70.16000366210938,71.08000183105469,70.0199966430664,70.44000244140625,46.45902633666992,2278500
2018-07-20,70.51000213623047,70.7699966430664,69.70999908447266,69.93000030517578,46.12265396118164,2109200
2018-07-23,70.16999816894531,70.38999938964844,69.55999755859375,70.1500015258789,46.267757415771484,1586300
2018-07-24,70.37999725341797,70.76000213623047,70.0,70.37999725341797,46.41944885253906,1987700
2018-07-25,70.26000213623047,71.11000061035156,70.12999725341797,70.88999938964844,46.755828857421875,2011200
2018-07-26,70.88999938964844,71.41999816894531,70.61000061035156,71.29000091552734,47.019649505615234,1242300
2018-07-27,71.12999725341797,71.29000091552734,69.83999633789062,70.12000274658203,46.24797058105469,2191100
2018-07-30,70.55000305175781,70.77999877929688,70.05000305175781,70.58000183105469,46.551361083984375,1833500
2018-07-31,70.69999694824219,71.16999816894531,70.05999755859375,70.44000244140625,46.45902633666992,4583600
2018-08-01,71.04000091552734,71.04000091552734,67.62000274658203,68.12000274658203,44.92887496948242,3540200
2018-08-02,67.83000183105469,69.0199966430664,67.55999755859375,68.5,45.17948913574219,3500700
2018-08-03,67.69999694824219,68.1500015258789,67.2300033569336,67.51000213623047,45.069339752197266,2726400
2018-08-06,67.63999938964844,68.30000305175781,67.30000305175781,68.20999908447266,45.536651611328125,2034600
2018-08-07,68.76000213623047,68.76000213623047,68.12000274658203,68.23999786376953,45.556678771972656,1964400
2018-08-08,67.95999908447266,68.66999816894531,67.7699966430664,68.61000061035156,45.80369186401367,1623600
2018-08-09,68.7300033569336,69.26000213623047,68.52999877929688,68.73999786376953,45.89048385620117,1752500
2018-08-10,68.66000366210938,69.23999786376953,68.5999984741211,68.9000015258789,45.997291564941406,2107300
2018-08-13,68.9000015258789,69.08000183105469,68.0,68.04000091552734,45.423152923583984,1530800
2018-08-14,68.45999908447266,68.91999816894531,68.43000030517578,68.55000305175781,45.76362991333008,2509100
2018-08-15,68.08999633789062,68.08999633789062,66.52999877929688,66.94999694824219,44.69548797607422,2001200
2018-08-16,67.27999877929688,67.7699966430664,66.8499984741211,67.1500015258789,44.82900619506836,1935800
2018-08-17,67.26000213623047,67.77999877929688,67.06999969482422,67.5199966430664,45.07600784301758,1551500
2018-08-20,67.63999938964844,67.97000122070312,67.41000366210938,67.83999633789062,45.28964614868164,1424300
2018-08-21,68.31999969482422,68.41999816894531,67.37999725341797,67.47000122070312,45.042640686035156,1312300
2018-08-22,67.73999786376953,68.3499984741211,67.73999786376953,68.22000122070312,45.54332733154297,1733700
2018-08-23,68.12999725341797,68.16999816894531,67.0999984741211,67.22000122070312,44.87574005126953,1352200
2018-08-24,67.58000183105469,67.9000015258789,67.30999755859375,67.48999786376953,45.05598068237305,2043600
2018-08-27,67.47000122070312,67.9000015258789,67.2300033569336,67.80999755859375,45.26961898803711,2137000
2018-08-28,67.7699966430664,68.26000213623047,67.19999694824219,67.31999969482422,44.94249725341797,1779900
2018-08-29,67.31999969482422,67.37999725341797,66.61000061035156,66.68000030517578,44.51523208618164,2193500
2018-08-30,66.5999984741211,66.83999633789062,66.06999969482422,66.44999694824219,44.3616828918457,2100600
2018-08-31,66.20999908447266,66.38999938964844,65.61000061035156,65.91000366210938,44.00117874145508,1876700
2018-09-04,65.91000366210938,66.12000274658203,65.4800033569336,65.69999694824219,43.860992431640625,1947900
2018-09-05,65.62000274658203,66.08999633789062,64.87999725341797,66.08000183105469,44.11467742919922,1928200
2018-09-06,66.0999984741211,66.62999725341797,65.62000274658203,66.01000213623047,44.06795120239258,2182600
2018-09-07,65.69000244140625,66.30000305175781,65.41999816894531,65.83999633789062,43.95445251464844,1392400
2018-09-10,66.08999633789062,66.38999938964844,64.5,64.55999755859375,43.09992599487305,2766900
2018-09-11,64.5199966430664,65.54000091552734,64.33999633789062,65.0199966430664,43.407012939453125,2585900
2018-09-12,65.3499984741211,65.45999908447266,64.77999877929688,65.11000061035156,43.46710968017578,1775300
2018-09-13,64.9800033569336,65.9800033569336,64.91999816894531,65.95999908447266,44.034568786621094,2084200
2018-09-14,65.80999755859375,66.54000091552734,65.36000061035156,66.38999938964844,44.32162857055664,2256800
2018-09-17,66.66000366210938,68.5999984741211,66.41000366210938,67.97000122070312,45.37643051147461,3835100
2018-09-18,68.55999755859375,70.01000213623047,68.51000213623047,69.13999938964844,46.15751266479492,3041300
2018-09-19,69.31999969482422,69.66999816894531,69.06999969482422,69.5199966430664,46.41120147705078,3252100
2018-09-20,69.62999725341797,69.62999725341797,68.31999969482422,68.61000061035156,45.80369186401367,3115000
2018-09-21,68.86000061035156,69.31999969482422,66.9000015258789,69.11000061035156,46.13747787475586,5101500
2018-09-24,69.5,69.5,67.55999755859375,67.87000274658203,45.3096809387207,3352500
2018-09-25,68.19000244140625,68.48999786376953,67.37000274658203,68.43000030517578,45.68351745605469,3232700
2018-09-26,68.23999786376953,69.81999969482422,68.18000030517578,68.41000366210938,45.67017364501953,2473500
2018-09-27,68.69999694824219,68.69999694824219,67.8499984741211,68.18000030517578,45.516624450683594,2132600
2018-09-28,68.08000183105469,68.47000122070312,67.75,67.79000091552734,45.256256103515625,2237400
2018-10-01,68.08000183105469,69.16999816894531,67.80000305175781,68.94999694824219,46.03067398071289,2155900
2018-10-02,68.8499984741211,69.0999984741211,67.55999755859375,67.87999725341797,45.31635284423828,2555700
2018-10-03,68.0999984741211,68.55999755859375,67.27999877929688,68.43000030517578,45.68351745605469,2714100
2018-10-04,68.44999694824219,68.83000183105469,68.06999969482422,68.4800033569336,45.71690368652344,1807800
2018-10-05,68.41000366210938,68.94999694824219,68.25,68.61000061035156,45.80369186401367,1582900
2018-10-08,68.36000061035156,68.94000244140625,67.9800033569336,68.4000015258789,45.66349792480469,1451400
2018-10-09,68.48999786376953,68.88999938964844,68.20999908447266,68.72000122070312,45.877132415771484,1333300
2018-10-10,68.69999694824219,68.98999786376953,67.25,67.30999755859375,44.93581771850586,2428900
2018-10-11,66.88999938964844,66.88999938964844,64.97000122070312,65.22000122070312,43.54054641723633,3041500
2018-10-12,65.38999938964844,66.01000213623047,63.59000015258789,65.0199966430664,43.407012939453125,2532100
2018-10-15,65.0,65.41000366210938,64.30000305175781,64.80999755859375,43.2668342590332,1590000
2018-10-16,65.63999938964844,67.98999786376953,65.33999633789062,67.45999908447266,45.03595733642578,2864800
2018-10-17,67.44999694824219,67.4800033569336,66.38999938964844,67.0199966430664,44.74220657348633,1582600
2018-10-18,66.58999633789062,67.95999908447266,66.36000061035156,66.91999816894531,44.67546081542969,1771000
2018-10-19,67.44999694824219,68.48999786376953,67.44000244140625,67.79000091552734,45.256256103515625,3165000
2018-10-22,67.81999969482422,67.87999725341797,66.37999725341797,66.9800033569336,44.715511322021484,1949600
2018-10-23,66.0199966430664,66.37999725341797,64.02999877929688,65.9000015258789,43.99451446533203,2870800
2018-10-24,66.0,66.0,63.59000015258789,63.63999938964844,42.48574447631836,2232500
2018-10-25,64.51000213623047,65.38999938964844,63.900001525878906,64.61000061035156,43.13331604003906,2245800
2018-10-26,64.2699966430664,64.44000244140625,62.459999084472656,63.34000015258789,42.285457611083984,2872400
2018-10-29,63.900001525878906,64.25,62.459999084472656,63.22999954223633,42.2120246887207,2449300
2018-10-30,63.209999084472656,63.81999969482422,62.20000076293945,63.27000045776367,42.238739013671875,2377200
2018-10-31,64.70999908447266,66.9000015258789,64.5,65.5999984741211,43.79421615600586,4456800
2018-11-01,65.91999816894531,65.91999816894531,64.0999984741211,64.80999755859375,43.2668342590332,2443600
2018-11-02,64.5999984741211,64.80999755859375,61.849998474121094,62.529998779296875,42.302791595458984,2757900
2018-11-05,63.220001220703125,63.97999954223633,62.790000915527344,63.95000076293945,43.26344680786133,2460900
2018-11-06,63.75,63.97999954223633,62.5099983215332,63.689998626708984,43.08755111694336,1945100
2018-11-07,64.05999755859375,64.91999816894531,63.380001068115234,64.06999969482422,43.344627380371094,2706900
2018-11-08,64.08999633789062,64.94000244140625,63.66999816894531,63.970001220703125,43.276981353759766,2435800
2018-11-09,63.13999938964844,63.54999923706055,62.25,63.09000015258789,42.681640625,2410400
2018-11-12,63.5099983215332,63.7400016784668,62.20000076293945,62.38999938964844,42.20807647705078,1981000
2018-11-13,62.33000183105469,62.849998474121094,60.790000915527344,61.0099983215332,41.27448272705078,1791900
2018-11-14,61.939998626708984,62.25,60.27000045776367,60.369998931884766,40.84149932861328,2230700
2018-11-15,60.119998931884766,61.369998931884766,59.65999984741211,61.36000061035156,41.511253356933594,2305900
2018-11-16,61.54999923706055,62.41999816894531,61.0,62.20000076293945,42.07954406738281,2324900
2018-11-19,61.779998779296875,62.59000015258789,60.79999923706055,62.279998779296875,42.13365936279297,2222200
2018-11-20,61.56999969482422,61.689998626708984,59.97999954223633,60.34000015258789,40.82121276855469,2274200
2018-11-21,60.560001373291016,61.619998931884766,60.34000015258789,60.9900016784668,41.260948181152344,2069700
2018-11-23,59.54999923706055,59.90999984741211,58.709999084472656,59.099998474121094,39.982330322265625,876900
2018-11-26,59.77000045776367,60.130001068115234,59.25,59.529998779296875,40.273231506347656,1914000
2018-11-27,59.4900016784668,60.18000030517578,59.400001525878906,59.75,40.42206573486328,2053500
2018-11-28,59.66999816894531,60.70000076293945,58.869998931884766,60.52000045776367,40.94298553466797,2275100
2018-11-29,61.36000061035156,61.86000061035156,60.7400016784668,61.34000015258789,41.49772262573242,2331800
2018-11-30,60.869998931884766,61.709999084472656,60.41999816894531,61.43000030517578,41.55862045288086,3127900
2018-12-03,62.68000030517578,63.11000061035156,61.72999954223633,62.75,42.45163345336914,2281900
2018-12-04,62.619998931884766,62.970001220703125,60.31999969482422,60.599998474121094,40.99709701538086,3004900
2018-12-06,59.560001373291016,59.65999984741211,57.779998779296875,59.369998931884766,40.16498947143555,2815600
2018-12-07,60.369998931884766,61.79999923706055,59.880001068115234,59.9900016784668,40.584415435791016,2554000
2018-12-10,59.369998931884766,59.849998474121094,57.43000030517578,59.15999984741211,40.022911071777344,2836200
2018-12-11,60.0,60.220001220703125,58.31999969482422,58.97999954223633,39.90114212036133,2437200
2018-12-12,59.720001220703125,60.2599983215332,59.290000915527344,59.709999084472656,40.3950080871582,1874700
2018-12-13,59.45000076293945,61.59000015258789,59.45000076293945,61.45000076293945,41.572147369384766,3024300
2018-12-14,60.97999954223633,61.58000183105469,59.95000076293945,60.189998626708984,40.71973419189453,2386600
2018-12-17,59.970001220703125,60.470001220703125,58.16999816894531,58.599998474121094,39.644065856933594,2856400
2018-12-18,58.4900016784668,58.72999954223633,56.189998626708984,56.470001220703125,38.20307540893555,3115100
2018-12-19,56.75,58.130001068115234,55.38999938964844,55.88999938964844,37.810707092285156,3144500
2018-12-20,55.20000076293945,56.040000915527344,53.75,54.52000045776367,36.88386154174805,3595700
2018-12-21,53.72999954223633,55.56999969482422,53.560001373291016,53.900001525878906,36.464420318603516,5180600
2018-12-24,53.29999923706055,53.439998626708984,50.790000915527344,50.790000915527344,34.360450744628906,1621200
2018-12-26,51.2400016784668,53.720001220703125,50.2599983215332,53.70000076293945,36.32912063598633,2738500
2018-12-27,52.61000061035156,53.369998931884766,50.959999084472656,53.31999969482422,36.07203674316406,3919800
2018-12-28,53.63999938964844,53.95000076293945,51.84000015258789,52.97999954223633,35.84202575683594,4146400
2018-12-31,53.220001220703125,54.0,53.06999969482422,53.95000076293945,36.49824523925781,2875000
2019-01-02,53.04999923706055,55.04999923706055,52.720001220703125,54.40999984741211,36.8094482421875,3539500
2019-01-03,54.58000183105469,55.0,53.52000045776367,54.279998779296875,36.721500396728516,3715100
2019-01-04,55.4900016784668,56.83000183105469,54.91999816894531,56.650001525878906,38.32486343383789,2704800
2019-01-07,56.849998474121094,58.119998931884766,56.349998474121094,57.63999938964844,38.99461364746094,2975300
2019-01-08,58.310001373291016,59.18000030517578,57.93000030517578,58.869998931884766,39.826725006103516,2696800
2019-01-09,59.63999938964844,60.279998779296875,58.95000076293945,59.72999954223633,40.40853500366211,4147400
2019-01-10,59.16999816894531,60.11000061035156,58.959999084472656,60.040000915527344,40.618255615234375,2874700
2019-01-11,60.029998779296875,60.47999954223633,59.47999954223633,59.79999923706055,40.45589065551758,3108100
2019-01-14,59.09000015258789,59.91999816894531,58.45000076293945,59.369998931884766,40.16498947143555,2102500
2019-01-15,59.66999816894531,61.08000183105469,59.61000061035156,60.959999084472656,41.24065017700195,2653100
2019-01-16,61.060001373291016,61.619998931884766,60.790000915527344,61.16999816894531,41.382720947265625,2464900
2019-01-17,60.7400016784668,62.08000183105469,60.7400016784668,61.900001525878906,41.876583099365234,2389200
2019-01-18,62.560001373291016,63.689998626708984,62.2599983215332,63.189998626708984,42.749298095703125,3428900
2019-01-22,62.7400016784668,63.2599983215332,62.18000030517578,62.58000183105469,42.336612701416016,3419000
2019-01-23,62.790000915527344,63.15999984741211,61.7400016784668,62.54999923706055,42.31631851196289,3913300
2019-01-24,62.43000030517578,63.099998474121094,62.02000045776367,62.650001525878906,42.38397979736328,2795100
2019-01-25,62.27000045776367,62.5,61.86000061035156,62.439998626708984,42.82982635498047,2854600
2019-01-28,61.689998626708984,62.31999969482422,61.290000915527344,62.290000915527344,42.7269401550293,2574700
2019-01-29,62.560001373291016,64.2300033569336,62.36000061035156,63.599998474121094,43.62550354003906,5111200
2019-01-30,63.90999984741211,64.48999786376953,63.61000061035156,64.19999694824219,44.03706741333008,1911400
2019-01-31,64.62000274658203,64.62000274658203,63.529998779296875,64.20999908447266,44.0439453125,2524400
2019-02-01,64.63999938964844,65.16999816894531,63.970001220703125,65.16000366210938,44.695594787597656,2212300
2019-02-04,64.56999969482422,66.0,64.51000213623047,65.98999786376953,45.2649040222168,2518200
2019-02-05,65.77999877929688,66.30000305175781,65.44999694824219,66.20999908447266,45.415809631347656,2346700
2019-02-06,65.83000183105469,66.02999877929688,65.44000244140625,65.7699966430664,45.11399459838867,2368600
2019-02-07,65.43000030517578,65.61000061035156,64.58999633789062,65.13999938964844,44.68185806274414,2763200
2019-02-08,65.05999755859375,65.19000244140625,63.810001373291016,65.0199966430664,44.59953308105469,2271400
2019-02-11,64.62000274658203,65.1500015258789,64.41999816894531,65.05000305175781,44.6201286315918,2637300
2019-02-12,65.95999908447266,66.16999816894531,64.97000122070312,65.20999908447266,44.72987747192383,2687600
2019-02-13,65.45999908447266,66.27999877929688,65.3499984741211,66.08000183105469,45.32664489746094,1900200
2019-02-14,65.72000122070312,67.94999694824219,65.56999969482422,66.68000030517578,45.73819351196289,4027400
2019-02-15,67.29000091552734,67.9800033569336,67.20999908447266,67.70999908447266,46.4447135925293,4623400
2019-02-19,67.4000015258789,69.16000366210938,67.30000305175781,68.58000183105469,47.041481018066406,3353700
2019-02-20,68.44999694824219,68.7699966430664,68.0,68.12000274658203,46.72594451904297,3123600
2019-02-21,68.08000183105469,68.27999877929688,67.27999877929688,67.80000305175781,46.5064582824707,2545000
2019-02-22,68.31999969482422,68.31999969482422,67.55000305175781,67.87000274658203,46.554466247558594,2304200
2019-02-25,67.9000015258789,68.13999938964844,67.41000366210938,67.6500015258789,46.4035530090332,4639700
2019-02-26,66.16000366210938,66.83999633789062,64.08999633789062,64.29000091552734,44.098819732666016,6081400
2019-02-27,64.75,65.43000030517578,64.12000274658203,65.1500015258789,44.688720703125,3153900
2019-02-28,65.1500015258789,65.2300033569336,64.05000305175781,64.26000213623047,44.0782356262207,5854400
2019-03-01,64.68000030517578,65.94999694824219,64.58000183105469,65.87000274658203,45.18259048461914,3167400
2019-03-04,66.44000244140625,66.44000244140625,64.7300033569336,65.9000015258789,45.20316696166992,2677100
2019-03-05,66.0199966430664,66.12000274658203,65.36000061035156,65.94999694824219,45.237464904785156,2694700
2019-03-06,65.5,65.81999969482422,65.20999908447266,65.43000030517578,44.88078689575195,2413300
2019-03-07,65.5199966430664,66.33000183105469,65.36000061035156,65.88999938964844,45.19630813598633,2798400
2019-03-08,65.02999877929688,65.66999816894531,64.5199966430664,65.58000183105469,44.983673095703125,2375100
2019-03-11,65.93000030517578,66.43000030517578,65.62000274658203,66.29000091552734,45.47068405151367,2291500
2019-03-12,66.5,67.41999816894531,66.3499984741211,66.75,45.78621292114258,2416500
2019-03-13,67.33999633789062,67.44999694824219,66.83999633789062,67.30999755859375,46.170345306396484,2178500
2019-03-14,67.26000213623047,67.4000015258789,66.97000122070312,67.12000274658203,46.040000915527344,1787000
2019-03-15,66.79000091552734,67.23999786376953,66.55999755859375,66.8499984741211,45.85480880737305,4470100
2019-03-18,67.12000274658203,68.58000183105469,66.95999908447266,68.37000274658203,46.897430419921875,2874700
2019-03-19,68.5999984741211,68.83999633789062,68.08000183105469,68.30999755859375,46.85627746582031,2129400
2019-03-20,68.31999969482422,69.54000091552734,68.0199966430664,68.80000305175781,47.1923828125,2666700
2019-03-21,68.63999938964844,69.86000061035156,68.63999938964844,69.8499984741211,47.91261672973633,1788900
2019-03-22,69.31999969482422,69.79000091552734,68.66999816894531,69.01000213623047,47.33643341064453,2344200
2019-03-25,68.87000274658203,69.37000274658203,68.33999633789062,69.27999877929688,47.52163314819336,1770900
2019-03-26,69.8499984741211,70.43000030517578,69.0199966430664,69.29000091552734,47.52849578857422,1966000
2019-03-27,68.88999938964844,69.4000015258789,68.38999938964844,68.83999633789062,47.21981430053711,1760500
2019-03-28,68.55999755859375,69.41000366210938,68.36000061035156,69.37999725341797,47.59022521972656,2610900
2019-03-29,69.9800033569336,70.04000091552734,69.36000061035156,69.83999633789062,47.90576171875,3037500
2019-04-01,70.01000213623047,70.4000015258789,69.62000274658203,70.3499984741211,48.25558090209961,2008400
2019-04-02,70.48999786376953,70.61000061035156,70.05999755859375,70.20999908447266,48.1595458984375,1795800
2019-04-03,70.38999938964844,70.38999938964844,68.87999725341797,69.31999969482422,47.549072265625,2167700
2019-04-04,69.36000061035156,69.48999786376953,68.83000183105469,69.4800033569336,47.658817291259766,1686600
2019-04-05,69.51000213623047,70.83000183105469,69.30000305175781,70.54000091552734,48.38590621948242,2202300
2019-04-08,70.54000091552734,70.80000305175781,70.22000122070312,70.5199966430664,48.3721923828125,1598000
2019-04-09,70.33999633789062,70.33999633789062,69.51000213623047,69.87000274658203,47.92634201049805,1428600
2019-04-10,70.0999984741211,70.5199966430664,69.68000030517578,69.80999755859375,47.885169982910156,1391300
2019-04-11,69.7699966430664,70.08000183105469,69.48999786376953,70.04000091552734,48.042945861816406,1146300
2019-04-12,70.2300033569336,70.76000213623047,70.12000274658203,70.5999984741211,48.42707061767578,1468400
2019-04-15,70.41000366210938,70.72000122070312,69.72000122070312,70.08999633789062,48.077232360839844,1589300
2019-04-16,70.30000305175781,70.5199966430664,70.05999755859375,70.23999786376953,48.18013381958008,1459500
2019-04-17,70.33999633789062,70.5,69.70999908447266,69.7300033569336,47.83030700683594,1525400
2019-04-18,69.62000274658203,69.83999633789062,69.0,69.13999938964844,47.42559814453125,1695600
2019-04-22,69.41000366210938,70.01000213623047,68.9800033569336,69.93000030517578,47.967491149902344,2011200
2019-04-23,70.0,70.08999633789062,69.26000213623047,69.87000274658203,47.92634201049805,1622100
2019-04-24,70.0,70.13999938964844,69.63999938964844,70.02999877929688,48.03608703613281,1631100
2019-04-25,69.81999969482422,70.52999877929688,69.58000183105469,69.76000213623047,47.85088348388672,1516900
2019-04-26,68.87999725341797,68.98999786376953,67.97000122070312,68.7300033569336,47.73628234863281,1833000
2019-04-29,68.58999633789062,68.97000122070312,68.3499984741211,68.62000274658203,47.659889221191406,1317300
2019-04-30,69.01000213623047,69.01000213623047,67.6500015258789,67.93000030517578,47.180641174316406,2410200
2019-05-01,67.97000122070312,68.58000183105469,66.7300033569336,67.58000183105469,46.937557220458984,3316700
2019-05-02,67.18000030517578,67.52999877929688,66.29000091552734,66.8499984741211,46.4305305480957,3476800
2019-05-03,67.37999725341797,67.58000183105469,66.86000061035156,66.88999938964844,46.458309173583984,2088100
2019-05-06,66.3499984741211,66.87999725341797,66.08000183105469,66.22000122070312,45.99295425415039,1987700
2019-05-07,65.80000305175781,66.33000183105469,64.95999908447266,66.33000183105469,46.06936264038086,2400400
2019-05-08,66.12000274658203,66.72000122070312,65.97000122070312,66.0199966430664,45.85404968261719,1409900
2019-05-09,65.58000183105469,66.0999984741211,65.16000366210938,66.04000091552734,45.86794662475586,1959200
2019-05-10,65.97000122070312,67.4000015258789,65.73999786376953,67.22000122070312,46.68751525878906,1802600
2019-05-13,67.12999725341797,67.12999725341797,65.66000366210938,66.48999786376953,46.18048858642578,2322800
2019-05-14,66.79000091552734,67.58999633789062,66.62999725341797,66.97000122070312,46.513877868652344,1368900
2019-05-15,67.0999984741211,67.5999984741211,66.88999938964844,67.25,46.708351135253906,1296200
2019-05-16,67.61000061035156,68.37999725341797,67.47000122070312,68.0999984741211,47.29872512817383,1646800
2019-05-17,67.80999755859375,68.79000091552734,67.80999755859375,68.16999816894531,47.347328186035156,1380500
2019-05-20,68.29000091552734,68.29000091552734,67.0199966430664,67.04000091552734,46.56249237060547,1724300
2019-05-21,67.38999938964844,68.3499984741211,67.25,67.97000122070312,47.20843505859375,1947900
2019-05-22,67.7699966430664,67.86000061035156,66.5999984741211,66.91000366210938,46.47220993041992,1966000
2019-05-23,66.05999755859375,66.05999755859375,64.36000061035156,65.33000183105469,45.37481689453125,2925300
2019-05-24,65.87000274658203,65.98999786376953,65.23999786376953,65.66000366210938,45.60402297973633,1440900
2019-05-28,65.75,65.8499984741211,64.04000091552734,64.26000213623047,44.631649017333984,2865600
2019-05-29,63.459999084472656,63.9900016784668,63.130001068115234,63.84000015258789,44.33994674682617,2410400
2019-05-30,63.81999969482422,64.38999938964844,63.810001373291016,64.12999725341797,44.54136276245117,1211600
2019-05-31,63.470001220703125,64.31999969482422,63.380001068115234,63.619998931884766,44.1871337890625,2298400
2019-06-03,64.12000274658203,64.44000244140625,63.52000045776367,63.779998779296875,44.29827117919922,1870700
2019-06-04,64.29000091552734,65.12000274658203,63.939998626708984,65.0999984741211,45.21507263183594,1635100
2019-06-05,65.12999725341797,65.37000274658203,64.83999633789062,65.25,45.31924819946289,1590300
2019-06-06,65.44999694824219,66.70999908447266,65.20999908447266,65.9800033569336,45.8262825012207,2790700
2019-06-07,66.11000061035156,66.87000274658203,65.87999725341797,65.98999786376953,45.83321762084961,1730200
2019-06-10,66.12000274658203,66.30999755859375,65.63999938964844,65.81999969482422,45.715145111083984,1355300
2019-06-11,66.20999908447266,66.25,65.58999633789062,65.72000122070312,45.645687103271484,1376700
2019-06-12,65.33999633789062,65.88999938964844,64.11000061035156,64.44999694824219,44.76361083984375,2187200
2019-06-13,65.04000091552734,65.1500015258789,64.62999725341797,65.02999877929688,45.166446685791016,1874400
2019-06-14,65.04000091552734,65.13999938964844,64.05000305175781,64.45999908447266,44.77055358886719,1573900
2019-06-17,64.3499984741211,65.06999969482422,64.19000244140625,64.80999755859375,45.01365280151367,1775700
2019-06-18,65.37000274658203,65.83000183105469,65.05999755859375,65.66999816894531,45.6109619140625,1844600
2019-06-19,65.72000122070312,66.45999908447266,65.4000015258789,66.25,46.01380920410156,2100900
2019-06-20,67.02999877929688,67.87999725341797,66.91000366210938,67.76000213623047,47.06258010864258,2536900
2019-06-21,67.5999984741211,68.95999908447266,67.5999984741211,68.94000244140625,47.882137298583984,3847100
2019-06-24,69.01000213623047,69.30999755859375,67.0199966430664,67.29000091552734,46.73613739013672,2389200
2019-06-25,67.25,67.29000091552734,66.6500015258789,66.72000122070312,46.340240478515625,1389200
2019-06-26,67.27999877929688,67.83999633789062,66.83999633789062,67.3499984741211,46.77781295776367,1483700
2019-06-27,67.27999877929688,67.55000305175781,67.0999984741211,67.4000015258789,46.812538146972656,1261000
2019-06-28,67.52999877929688,68.83999633789062,67.45999908447266,68.80999755859375,47.791831970214844,2657200
2019-07-01,69.63999938964844,69.98999786376953,69.30000305175781,69.58999633789062,48.333587646484375,2278300
2019-07-02,69.43000030517578,69.58999633789062,68.76000213623047,69.36000061035156,48.17384719848633,2044600
2019-07-03,69.4800033569336,70.2300033569336,69.29000091552734,70.19999694824219,48.757259368896484,1226400
2019-07-05,69.9800033569336,70.29000091552734,69.52999877929688,70.27999877929688,48.812828063964844,1287000
2019-07-08,70.16000366210938,70.31999969482422,69.30000305175781,69.56999969482422,48.319705963134766,1688500
2019-07-09,69.62999725341797,69.93000030517578,69.19000244140625,69.81999969482422,48.49333572387695,1770900
2019-07-10,70.08000183105469,70.72000122070312,69.87999725341797,70.44999694824219,48.93089294433594,1686200
2019-07-11,70.7300033569336,71.16000366210938,70.48999786376953,71.05999755859375,49.354576110839844,1951100
2019-07-12,71.26000213623047,71.41000366210938,70.91000366210938,71.30000305175781,49.52127456665039,1376800
2019-07-15,71.38999938964844,71.43000030517578,70.70999908447266,70.9800033569336,49.299015045166016,1542400
2019-07-16,70.9000015258789,70.9000015258789,69.7699966430664,70.1500015258789,48.72254180908203,1925600
2019-07-17,70.31999969482422,70.31999969482422,69.5,69.63999938964844,48.36832046508789,1995700
2019-07-18,69.33999633789062,69.41999816894531,68.80999755859375,69.16000366210938,48.03493118286133,1908200
2019-07-19,69.18000030517578,69.41999816894531,68.5199966430664,68.52999877929688,47.59737014770508,1881500
2019-07-22,68.58999633789062,69.2300033569336,68.36000061035156,69.13999938964844,48.02104187011719,1552600
2019-07-23,69.05999755859375,69.19999694824219,68.37000274658203,68.51000213623047,47.58347702026367,1203700
2019-07-24,68.33999633789062,68.58000183105469,67.51000213623047,68.43000030517578,47.52791213989258,1255900
2019-07-25,69.0,69.0,68.25,68.56999969482422,47.625160217285156,1697100
2019-07-26,68.69000244140625,68.79000091552734,68.0199966430664,68.48999786376953,47.56958770751953,1496600
2019-07-29,68.55999755859375,68.55999755859375,66.66999816894531,66.80000305175781,46.395809173583984,2474700
2019-07-30,66.54000091552734,67.27999877929688,66.1500015258789,67.20999908447266,46.68056869506836,1923200
2019-07-31,67.52999877929688,71.47000122070312,67.23999786376953,70.08000183105469,48.67392349243164,4271100
2019-08-01,69.93000030517578,72.37999725341797,69.7699966430664,70.98999786376953,49.30595779418945,3845600
2019-08-02,71.4000015258789,72.0199966430664,70.3499984741211,70.98999786376953,49.30595779418945,2183500
2019-08-05,69.0,69.16000366210938,67.04000091552734,67.66999816894531,47.59677505493164,2560900
2019-08-06,68.16999816894531,68.48999786376953,67.30999755859375,68.0999984741211,47.89923095703125,1895500
2019-08-07,67.0,67.43000030517578,65.97000122070312,66.76000213623047,46.95671844482422,2850400
2019-08-08,67.18000030517578,68.94999694824219,66.8499984741211,68.94000244140625,48.49005126953125,2434300
2019-08-09,69.05000305175781,69.95999908447266,68.70999908447266,69.05000305175781,48.56742477416992,1750900
2019-08-12,69.75,70.3499984741211,68.88999938964844,69.2699966430664,48.72216796875,2253800
2019-08-13,69.16000366210938,69.80999755859375,68.77999877929688,69.63999938964844,48.9824104309082,2069000
2019-08-14,68.66999816894531,69.01000213623047,67.5199966430664,67.70999908447266,47.62492370605469,2742300
2019-08-15,67.63999938964844,68.58999633789062,67.55999755859375,67.94999694824219,47.79371643066406,1300000
2019-08-16,68.1500015258789,69.48999786376953,68.11000061035156,69.30000305175781,48.74327850341797,2117100
2019-08-19,70.08000183105469,71.08000183105469,69.58000183105469,70.91000366210938,49.87569046020508,1677800
2019-08-20,70.88999938964844,72.08999633789062,70.55999755859375,71.05999755859375,49.981197357177734,1579000
2019-08-21,71.56999969482422,71.9000015258789,70.91000366210938,71.18000030517578,50.06557846069336,1971000
2019-08-22,71.36000061035156,71.44000244140625,70.13999938964844,70.27999877929688,49.43256378173828,1809600
2019-08-23,69.55000305175781,69.81999969482422,67.16000366210938,67.41000366210938,47.413909912109375,2500800
2019-08-26,68.22000122070312,68.55999755859375,67.88999938964844,68.19999694824219,47.96957015991211,1395800
2019-08-27,68.48999786376953,69.22000122070312,67.80000305175781,68.31999969482422,48.053958892822266,1481700
2019-08-28,68.69000244140625,69.73999786376953,68.52999877929688,69.52999877929688,48.9050407409668,1672200
2019-08-29,70.0199966430664,70.91000366210938,69.80999755859375,70.81999969482422,49.812381744384766,1672600
2019-08-30,71.25,71.52999877929688,70.27999877929688,71.27999877929688,50.13593292236328,1868100
2019-09-03,70.30999755859375,70.97000122070312,70.05999755859375,70.61000061035156,49.664676666259766,2154600
2019-09-04,71.27999877929688,71.44999694824219,70.87000274658203,71.04000091552734,49.96712112426758,1571700
2019-09-05,71.62000274658203,71.88999938964844,70.88999938964844,71.0199966430664,49.95305252075195,1810400
2019-09-06,70.69999694824219,71.87000274658203,70.16000366210938,71.83000183105469,50.52278137207031,1767200
2019-09-09,72.19999694824219,73.95999908447266,72.05999755859375,73.66999816894531,51.81697463989258,2353200
2019-09-10,73.66000366210938,74.37999725341797,73.02999877929688,73.5199966430664,51.71147155761719,2057600
2019-09-11,73.62999725341797,74.18000030517578,73.20999908447266,74.05999755859375,52.091285705566406,1777600
2019-09-12,73.63999938964844,74.6500015258789,73.63999938964844,73.93000030517578,51.99983596801758,1726800
2019-09-13,74.1500015258789,74.97000122070312,74.11000061035156,74.4800033569336,52.38670349121094,1797700
2019-09-16,76.13999938964844,77.20999908447266,75.43000030517578,75.83000183105469,53.336246490478516,2866900
2019-09-17,75.97000122070312,76.77999877929688,75.2699966430664,76.19999694824219,53.59648895263672,2132700
2019-09-18,75.77999877929688,76.54000091552734,75.5,76.5,53.80751037597656,2020000
2019-09-19,76.93000030517578,76.94999694824219,74.52999877929688,75.08999633789062,52.81575012207031,2716700
2019-09-20,75.33999633789062,75.8499984741211,74.76000213623047,75.7699966430664,53.294044494628906,3109600
2019-09-23,75.33999633789062,75.88999938964844,74.7699966430664,74.80999755859375,52.61880874633789,2261000
2019-09-24,74.9800033569336,75.19000244140625,73.45999908447266,74.13999938964844,52.147560119628906,2426400
2019-09-25,73.7699966430664,74.05000305175781,73.30999755859375,73.62999725341797,51.788841247558594,3102600
2019-09-26,73.31999969482422,73.66999816894531,72.83999633789062,73.48999786376953,51.69037628173828,3012200
2019-09-27,73.31999969482422,73.8499984741211,73.04000091552734,73.30000305175781,51.556724548339844,1651600
2019-09-30,73.0999984741211,73.73999786376953,73.0999984741211,73.69000244140625,51.8310432434082,1775300
2019-10-01,73.94999694824219,74.22000122070312,72.69000244140625,72.70999908447266,51.14174270629883,1618600
2019-10-02,72.36000061035156,72.44000244140625,71.56999969482422,71.62999725341797,50.38210678100586,1873300
2019-10-03,71.18000030517578,72.30999755859375,70.66000366210938,71.98999786376953,50.63532257080078,1448100
2019-10-04,71.98999786376953,72.44000244140625,71.62999725341797,72.02999877929688,50.663455963134766,1400900
2019-10-07,72.05000305175781,72.11000061035156,70.72000122070312,70.72000122070312,49.74204635620117,1398600
2019-10-08,70.19999694824219,70.51000213623047,68.08000183105469,68.19999694824219,47.96957015991211,2990000
2019-10-09,68.9000015258789,69.45999908447266,68.5,68.61000061035156,48.25794219970703,1902900
2019-10-10,68.7300033569336,69.33999633789062,68.16000366210938,68.97000122070312,48.51115417480469,1697600
2019-10-11,69.52999877929688,70.05999755859375,69.1500015258789,69.51000213623047,48.89097595214844,1960500
2019-10-14,69.12999725341797,69.31999969482422,68.33000183105469,69.13999938964844,48.6307258605957,1387400
2019-10-15,69.05999755859375,70.08000183105469,69.04000091552734,69.25,48.708099365234375,1844200
2019-10-16,68.81999969482422,69.11000061035156,68.19999694824219,68.44999694824219,48.14540100097656,1915300
2019-10-17,68.51000213623047,68.91999816894531,68.06999969482422,68.66999816894531,48.30013656616211,1324600
2019-10-18,68.7300033569336,69.58000183105469,68.66999816894531,69.19999694824219,48.67292785644531,1772900
2019-10-21,69.33999633789062,69.66999816894531,69.08000183105469,69.5999984741211,48.954280853271484,1314400
2019-10-22,69.81999969482422,71.66000366210938,69.70999908447266,70.33000183105469,49.46773147583008,2900600
2019-10-23,70.04000091552734,70.97000122070312,69.52999877929688,70.91000366210938,49.87569046020508,1687800
2019-10-24,71.47000122070312,72.01000213623047,71.08000183105469,71.29000091552734,50.14297103881836,1674900
2019-10-25,71.33000183105469,71.69000244140625,70.75,71.55000305175781,50.325843811035156,1287300
2019-10-28,71.7699966430664,72.47000122070312,70.88999938964844,71.18000030517578,50.06557846069336,1878000
2019-10-29,70.94999694824219,71.91999816894531,70.66000366210938,71.62000274658203,50.37507247924805,2352000
2019-10-30,71.33999633789062,72.5,69.18000030517578,69.98999786376953,49.22858428955078,2964500
2019-10-31,69.69000244140625,70.33999633789062,69.06999969482422,69.83000183105469,49.11605453491211,2631500
2019-11-01,69.16999816894531,70.30999755859375,68.66000366210938,70.25,50.067501068115234,1747300
2019-11-04,71.36000061035156,72.13999938964844,70.95999908447266,71.91999816894531,51.257728576660156,2153800
2019-11-05,72.26000213623047,72.55999755859375,71.18000030517578,71.83999633789062,51.20071029663086,1613600
2019-11-06,71.55000305175781,72.02999877929688,70.54000091552734,70.76000213623047,50.43098449707031,2005000
2019-11-07,71.2300033569336,71.38999938964844,69.5199966430664,69.7699966430664,49.72541427612305,2083100
2019-11-08,69.77999877929688,70.5,69.30999755859375,70.4800033569336,50.231441497802734,1755000
2019-11-11,69.72000122070312,70.26000213623047,69.52999877929688,69.91999816894531,49.83231735229492,1528500
2019-11-12,70.05999755859375,70.91999816894531,69.94000244140625,70.19999694824219,50.031883239746094,1742900
2019-11-13,70.13999938964844,71.13999938964844,69.70999908447266,70.66000366210938,50.359718322753906,1498200
2019-11-14,70.94000244140625,71.08000183105469,69.9000015258789,70.16000366210938,50.00336837768555,1667400
2019-11-15,70.54000091552734,71.36000061035156,70.4800033569336,71.29000091552734,50.80872344970703,1731500
2019-11-18,71.04000091552734,71.16999816894531,70.55000305175781,70.79000091552734,50.45237350463867,1489800
2019-11-19,70.47000122070312,70.56999969482422,69.72000122070312,69.76000213623047,49.718292236328125,1756200
2019-11-20,69.69999694824219,71.0999984741211,69.58000183105469,70.79000091552734,50.45237350463867,1738200
2019-11-21,71.01000213623047,71.45999908447266,70.2300033569336,71.41999816894531,50.9013786315918,1661800
2019-11-22,71.69000244140625,72.2300033569336,71.5,71.62999725341797,51.0510368347168,1455600
2019-11-25,71.7300033569336,72.1500015258789,71.58999633789062,71.98999786376953,51.307621002197266,1214300
2019-11-26,71.98999786376953,72.29000091552734,71.33000183105469,71.80999755859375,51.17932891845703,2062700
2019-11-27,71.94999694824219,71.94999694824219,70.41000366210938,71.43000030517578,50.90850067138672,1740100
2019-11-29,71.16000366210938,71.52999877929688,70.6500015258789,71.05000305175781,50.637672424316406,967400
2019-12-02,71.31999969482422,71.79000091552734,70.68000030517578,70.81999969482422,50.473751068115234,1913500
2019-12-03,70.47000122070312,70.5,69.79000091552734,70.19000244140625,50.024749755859375,1683200
2019-12-04,70.5999984741211,71.30999755859375,70.4000015258789,70.83000183105469,50.48088073730469,1840700
2019-12-05,71.0,71.44000244140625,70.7300033569336,70.9800033569336,50.58778381347656,1315600
2019-12-06,71.12999725341797,71.83999633789062,70.88999938964844,71.58999633789062,51.02253723144531,1541200
2019-12-09,71.0199966430664,72.3499984741211,71.0,72.19999694824219,51.457279205322266,1567900
2019-12-10,71.87000274658203,72.98999786376953,71.87000274658203,72.5,51.67109680175781,1952600
2019-12-11,72.97000122070312,73.52999877929688,72.30000305175781,72.58999633789062,51.73524856567383,1920100
2019-12-12,72.47000122070312,73.87000274658203,72.30999755859375,72.91000366210938,51.96331787109375,2120200
2019-12-13,73.0,73.41999816894531,72.44000244140625,73.16999816894531,52.14862060546875,2410800
2019-12-16,73.5,73.75,73.08000183105469,73.38999938964844,52.30540084838867,1690500
2019-12-17,73.58999633789062,74.02999877929688,73.12999725341797,73.36000061035156,52.28403091430664,2004800
2019-12-18,73.69999694824219,74.87000274658203,73.4000015258789,73.88999938964844,52.661766052246094,3682800
2019-12-19,73.94000244140625,74.43000030517578,73.79000091552734,73.9800033569336,52.725914001464844,2297600
2019-12-20,74.19999694824219,75.33999633789062,73.77999877929688,75.19000244140625,53.588279724121094,5168300
2019-12-23,75.13999938964844,76.1500015258789,74.91000366210938,75.98999786376953,54.15843200683594,1808100
2019-12-24,76.0999984741211,76.16000366210938,75.52999877929688,75.5999984741211,53.88047409057617,644000
2019-12-26,75.87999725341797,76.5999984741211,75.30000305175781,76.12999725341797,54.25822067260742,1226400
2019-12-27,76.12000274658203,76.25,75.68000030517578,75.70999908447266,53.958885192871094,1321400
2019-12-30,75.66999816894531,76.2300033569336,75.12000274658203,75.41999816894531,53.752193450927734,1151200
2019-12-31,74.93000030517578,75.70999908447266,74.7300033569336,75.66999816894531,53.93037033081055,1677400
2020-01-02,75.91999816894531,76.11000061035156,75.04000091552734,75.70999908447266,53.958885192871094,1943600
2020-01-03,75.91999816894531,76.75,75.6500015258789,76.58000183105469,54.57893753051758,1727600
2020-01-06,76.30000305175781,77.13999938964844,76.12000274658203,76.91000366210938,54.81412887573242,2109700
2020-01-07,76.70999908447266,76.94999694824219,76.26000213623047,76.8499984741211,54.771366119384766,1364600
2020-01-08,76.91999816894531,77.02999877929688,75.6500015258789,75.6500015258789,53.91612243652344,2153900
2020-01-09,75.62999725341797,75.7300033569336,74.87000274658203,75.61000061035156,53.88760757446289,1726800
2020-01-10,75.5999984741211,75.91000366210938,75.16999816894531,75.52999877929688,53.830596923828125,1445000
2020-01-13,75.52999877929688,76.4800033569336,74.9800033569336,76.23999786376953,54.336605072021484,1368000
2020-01-14,76.19000244140625,76.30999755859375,75.19000244140625,75.97000122070312,54.1441764831543,2308400
2020-01-15,75.94999694824219,76.37000274658203,75.69000244140625,75.91000366210938,54.1014289855957,1410300
2020-01-16,76.66999816894531,77.08000183105469,76.29000091552734,76.77999877929688,54.72147750854492,1637600
2020-01-17,76.87999725341797,77.18000030517578,76.30999755859375,77.16999816894531,54.99943161010742,1774700
2020-01-21,77.13999938964844,77.26000213623047,75.88999938964844,75.91000366210938,54.1014289855957,2469200
2020-01-22,75.91000366210938,76.0199966430664,75.2699966430664,75.5999984741211,53.88047409057617,1687300
2020-01-23,75.22000122070312,76.31999969482422,74.95999908447266,76.29000091552734,54.372257232666016,1585500
2020-01-24,75.43000030517578,75.52999877929688,74.4000015258789,74.83999633789062,54.00064468383789,1774700
2020-01-27,73.52999877929688,74.47000122070312,73.5,74.0,53.39455795288086,1841100
2020-01-28,74.38999938964844,75.45999908447266,74.30000305175781,75.05000305175781,54.15217971801758,1735900
2020-01-29,75.26000213623047,75.45999908447266,74.80000305175781,74.94000244140625,54.07280731201172,1496000
2020-01-30,74.33999633789062,75.62000274658203,74.33999633789062,75.47000122070312,54.455223083496094,2782400
2020-01-31,74.72000122070312,75.08999633789062,74.22000122070312,74.87000274658203,54.02228927612305,3381500
2020-02-03,74.91999816894531,75.31999969482422,74.27999877929688,74.44000244140625,53.712032318115234,2725500
2020-02-04,75.2699966430664,75.86000061035156,74.69999694824219,74.91000366210938,54.05116271972656,2495300
2020-02-05,75.77999877929688,76.54000091552734,75.77999877929688,76.06999969482422,54.888153076171875,1575600
2020-02-06,76.04000091552734,76.4000015258789,75.48999786376953,75.8499984741211,54.72941207885742,1124400
2020-02-07,75.4000015258789,76.16999816894531,75.19999694824219,75.36000061035156,54.37586212158203,1147200
2020-02-10,74.9800033569336,75.9000015258789,74.6500015258789,75.56999969482422,54.52737808227539,1471400
2020-02-11,76.19999694824219,76.66999816894531,75.73999786376953,75.94000244140625,54.79436492919922,1363300
2020-02-12,76.68000030517578,76.80000305175781,75.94999694824219,76.41000366210938,55.133487701416016,1389500
2020-02-13,76.16999816894531,76.31999969482422,75.73999786376953,76.22000122070312,54.996395111083984,1910300
2020-02-14,76.47000122070312,76.9800033569336,76.36000061035156,76.9800033569336,55.54475784301758,1397900
2020-02-18,76.61000061035156,76.94999694824219,76.19999694824219,76.94000244140625,55.515907287597656,1702200
2020-02-19,77.02999877929688,77.1500015258789,76.29000091552734,76.75,55.378807067871094,1528500
2020-02-20,76.94999694824219,78.4800033569336,76.75,77.5199966430664,55.93439865112305,2111600
2020-02-21,76.93000030517578,77.4800033569336,76.3499984741211,77.05999755859375,55.60247802734375,2509000
2020-02-24,75.79000091552734,75.83000183105469,74.61000061035156,75.06999969482422,54.166603088378906,2722400
2020-02-25,76.0,78.43000030517578,73.58999633789062,73.61000061035156,53.11314392089844,5339300
2020-02-26,74.08000183105469,75.44999694824219,72.62999725341797,73.29000091552734,52.88224792480469,3156500
2020-02-27,71.87000274658203,72.0,67.2699966430664,67.55000305175781,48.740562438964844,7202200
2020-02-28,65.26000213623047,66.72000122070312,63.77000045776367,66.72000122070312,48.14168167114258,7515600
2020-03-02,67.6500015258789,69.5199966430664,66.81999969482422,69.12999725341797,49.88059997558594,5239000
2020-03-03,71.0,71.91999816894531,68.12000274658203,68.25,49.24565505981445,4096900
2020-03-04,69.5,70.70999908447266,68.88999938964844,70.66000366210938,50.98456954956055,2808900
2020-03-05,69.08000183105469,70.13999938964844,67.69000244140625,68.69000244140625,49.563140869140625,3373800
2020-03-06,66.4800033569336,66.69999694824219,59.88999938964844,61.209999084472656,44.16595458984375,6582400
2020-03-09,48.0099983215332,48.0099983215332,36.369998931884766,38.099998474121094,27.49098014831543,18613800
2020-03-10,41.880001068115234,42.68000030517578,30.459999084472656,38.029998779296875,27.44046401977539,17038700
2020-03-11,36.40999984741211,38.279998779296875,34.220001220703125,35.939998626708984,25.932435989379883,8734900
2020-03-12,32.209999084472656,32.27000045776367,28.0,28.459999084472656,20.53525161743164,10384900
2020-03-13,31.1299991607666,31.34000015258789,26.8700008392334,30.719999313354492,22.16595458984375,14265000
2020-03-16,27.5,27.940000534057617,24.6299991607666,25.010000228881836,18.045917510986328,10466400
2020-03-17,25.149999618530273,25.3700008392334,20.280000686645508,21.489999771118164,15.50606632232666,11579200
2020-03-18,20.040000915527344,20.299999237060547,12.15999984741211,15.369999885559082,11.090192794799805,16012300
2020-03-19,16.100000381469727,20.93000030517578,13.960000038146973,20.489999771118164,14.784521102905273,15640400
2020-03-20,22.739999771118164,24.850000381469727,20.010000228881836,20.670000076293945,14.914398193359375,14406500
2020-03-23,20.209999084472656,20.600000381469727,18.59000015258789,19.600000381469727,14.142341613769531,8324800
2020-03-24,22.5,22.540000915527344,20.200000762939453,22.049999237060547,15.910131454467773,8129700
2020-03-25,23.670000076293945,24.799999237060547,20.610000610351562,23.110000610351562,16.674976348876953,9679600
2020-03-26,23.450000762939453,24.989999771118164,22.229999542236328,24.360000610351562,17.57691192626953,8073200
2020-03-27,23.450000762939453,23.600000381469727,20.489999771118164,20.940000534057617,15.109217643737793,7804100
2020-03-30,20.56999969482422,20.600000381469727,18.540000915527344,20.040000915527344,14.459820747375488,8803400
2020-03-31,20.559999465942383,22.84000015258789,20.309999465942383,21.809999465942383,15.736963272094727,10287800
2020-04-01,20.5,20.860000610351562,19.190000534057617,19.200000762939453,13.85372257232666,6732200
2020-04-02,19.979999542236328,24.719999313354492,19.479999542236328,21.6299991607666,15.607084274291992,9885500
2020-04-03,22.780000686645508,23.75,20.030000686645508,21.639999389648438,15.614297866821289,9613600
2020-04-06,22.0,24.1299991607666,22.0,23.329999923706055,16.833717346191406,7392800
2020-04-07,25.510000228881836,26.450000762939453,24.0,24.280000686645508,17.519180297851562,8775800
2020-04-08,25.200000762939453,26.739999771118164,25.100000381469727,26.450000762939453,19.084943771362305,6875900
2020-04-09,28.59000015258789,30.290000915527344,27.239999771118164,28.399999618530273,20.491962432861328,10657500
2020-04-13,30.5,30.940000534057617,27.81999969482422,29.219999313354492,21.08363151550293,8141600
2020-04-14,29.889999389648438,30.510000228881836,28.959999084472656,30.469999313354492,21.985565185546875,7603300
2020-04-15,28.690000534057617,29.25,27.299999237060547,27.40999984741211,19.77762794494629,7821400
2020-04-16,27.309999465942383,27.309999465942383,25.920000076293945,26.56999969482422,19.171527862548828,5513700
2020-04-17,27.489999771118164,29.540000915527344,27.450000762939453,29.3799991607666,21.199085235595703,6398500
2020-04-20,27.0,29.469999313354492,26.700000762939453,28.209999084472656,20.354867935180664,8428700
2020-04-21,26.850000381469727,27.489999771118164,25.559999465942383,26.93000030517578,19.43128776550293,8532100
2020-04-22,28.0,28.1299991607666,26.030000686645508,27.309999465942383,19.705476760864258,7861600
2020-04-23,28.229999542236328,29.540000915527344,28.010000228881836,29.200000762939453,21.069204330444336,8158900
2020-04-24,28.75,29.459999084472656,27.479999542236328,27.65999984741211,20.61822509765625,8930200
2020-04-27,27.15999984741211,28.690000534057617,26.270000457763672,28.520000457763672,21.25928497314453,6242000
2020-04-28,29.290000915527344,30.600000381469727,28.479999542236328,30.530000686645508,22.757572174072266,6169800
2020-04-29,31.440000534057617,32.63999938964844,29.059999465942383,30.920000076293945,23.04828643798828,9853700
2020-04-30,30.549999237060547,31.280000686645508,29.6299991607666,29.93000030517578,22.31032371520996,7156300
2020-05-01,28.56999969482422,29.139999389648438,27.670000076293945,27.940000534057617,20.826936721801758,4875500
2020-05-04,27.0,29.209999084472656,26.899999618530273,29.190000534057617,21.758712768554688,5440200
2020-05-05,30.0,30.3700008392334,29.1299991607666,29.93000030517578,22.31032371520996,4784200
2020-05-06,29.93000030517578,30.399999618530273,28.649999618530273,28.649999618530273,21.35618782043457,3614700
2020-05-07,29.5,30.530000686645508,29.43000030517578,29.75,22.176145553588867,4700800
2020-05-08,30.440000534057617,31.520000457763672,30.209999084472656,31.329999923706055,23.353904724121094,5073000
2020-05-11,30.760000228881836,31.940000534057617,30.639999389648438,31.3799991607666,23.39117431640625,3687100
2020-05-12,31.799999237060547,33.970001220703125,31.719999313354492,32.939998626708984,24.55402374267578,7975000
2020-05-13,31.84000015258789,32.18000030517578,29.780000686645508,30.479999542236328,22.720300674438477,8373200
2020-05-14,29.93000030517578,31.399999618530273,28.809999465942383,30.709999084472656,22.891746520996094,5431200
2020-05-15,30.600000381469727,32.4900016784668,30.31999969482422,32.38999938964844,24.144044876098633,5533800
2020-05-18,34.5,35.72999954223633,34.29999923706055,35.06999969482422,26.141765594482422,6030500
2020-05-19,35.0,35.68000030517578,34.2400016784668,35.11000061035156,26.17157554626465,5968400
2020-05-20,36.13999938964844,37.29999923706055,36.0,36.5099983215332,27.21515464782715,6634900
2020-05-21,36.70000076293945,37.0,35.36000061035156,36.02000045776367,26.849905014038086,4125700
2020-05-22,35.5,36.279998779296875,34.7599983215332,36.20000076293945,26.984081268310547,3766300
2020-05-26,37.779998779296875,38.310001373291016,37.11000061035156,37.619998931884766,28.042572021484375,4840700
2020-05-27,38.29999923706055,38.4900016784668,35.900001525878906,37.599998474121094,28.027667999267578,5428700
2020-05-28,37.939998626708984,38.209999084472656,36.599998474121094,37.279998779296875,27.78913688659668,5023500
2020-05-29,36.709999084472656,37.34000015258789,35.630001068115234,36.689998626708984,27.34933853149414,9140400
2020-06-01,36.56999969482422,38.189998626708984,35.779998779296875,38.13999938964844,28.430194854736328,4395700
2020-06-02,38.72999954223633,39.66999816894531,38.04999923706055,39.630001068115234,29.540864944458008,4456100
2020-06-03,39.63999938964844,40.90999984741211,39.63999938964844,40.58000183105469,30.249011993408203,5557800
2020-06-04,40.34000015258789,41.15999984741211,39.709999084472656,40.709999084472656,30.34591293334961,5622900
2020-06-05,44.119998931884766,47.119998931884766,43.40999984741211,45.349998474121094,33.80464172363281,8042600
2020-06-08,47.08000183105469,48.36000061035156,46.459999084472656,48.040000915527344,35.80982208251953,6238900
2020-06-09,45.970001220703125,46.029998779296875,44.209999084472656,44.439998626708984,33.126312255859375,5534400
2020-06-10,43.630001068115234,43.88999938964844,41.97999954223633,41.97999954223633,31.29259490966797,5524000
2020-06-11,36.63999938964844,37.959999084472656,34.16999816894531,35.33000183105469,26.3355655670166,14947900
2020-06-12,33.63999938964844,34.290000915527344,32.40999984741211,34.09000015258789,25.4112548828125,31498500
2020-06-15,32.5,36.97999954223633,32.27000045776367,36.439998626708984,27.162981033325195,12268600
2020-06-16,37.91999816894531,38.7400016784668,36.29999923706055,38.400001525878906,28.62400245666504,9837200
2020-06-17,38.400001525878906,38.779998779296875,36.16999816894531,36.16999816894531,26.96171760559082,5267100
2020-06-18,35.7599983215332,36.9900016784668,35.529998779296875,36.349998474121094,27.09589385986328,4244400
2020-06-19,37.58000183105469,37.90999984741211,35.08000183105469,35.16999816894531,26.216304779052734,14396300
2020-06-22,35.029998779296875,36.0099983215332,34.380001068115234,35.91999816894531,26.77536392211914,5648100
2020-06-23,36.709999084472656,36.939998626708984,35.33000183105469,35.36000061035156,26.357927322387695,5902600
2020-06-24,34.900001525878906,34.900001525878906,31.649999618530273,32.29999923706055,24.07695770263672,8752000
2020-06-25,31.709999084472656,33.43000030517578,31.559999465942383,32.70000076293945,24.375125885009766,6171300
2020-06-26,32.43000030517578,32.560001373291016,30.549999237060547,30.809999465942383,22.96628761291504,10206000
2020-06-29,31.020000457763672,32.099998474121094,30.549999237060547,31.809999465942383,23.71170425415039,4921700
2020-06-30,31.3799991607666,33.400001525878906,31.200000762939453,33.220001220703125,24.76274299621582,4855100
2020-07-01,33.279998779296875,34.0099983215332,32.119998931884766,32.18000030517578,23.98750877380371,3741800
2020-07-02,32.9900016784668,33.470001220703125,32.0,32.150001525878906,23.96514129638672,3518700
2020-07-06,32.95000076293945,33.060001373291016,27.8799991607666,28.290000915527344,21.087833404541016,15253000
2020-07-07,27.75,28.75,27.040000915527344,27.579999923706055,20.55859375,9019700
2020-07-08,27.489999771118164,27.93000030517578,26.65999984741211,27.360000610351562,20.394601821899414,7265100
2020-07-09,27.5,27.5,25.84000015258789,26.149999618530273,19.49264144897461,6424300
2020-07-10,26.049999237060547,26.899999618530273,25.639999389648438,26.719999313354492,19.917531967163086,6004100
2020-07-13,27.149999618530273,27.489999771118164,26.280000686645508,26.59000015258789,19.820629119873047,6702000
2020-07-14,26.3700008392334,27.299999237060547,26.18000030517578,27.219999313354492,20.290241241455078,5843100
2020-07-15,28.149999618530273,29.110000610351562,28.040000915527344,28.829999923706055,21.4903621673584,6842500
2020-07-16,28.520000457763672,29.170000076293945,27.90999984741211,28.850000381469727,21.50527000427246,3999800
2020-07-17,28.979999542236328,29.399999618530273,28.3799991607666,28.670000076293945,21.371097564697266,3515900
2020-07-20,28.6200008392334,29.190000534057617,28.18000030517578,28.25,21.058019638061523,2953500
2020-07-21,28.81999969482422,30.3700008392334,28.760000228881836,29.979999542236328,22.34759521484375,5350900
2020-07-22,28.790000915527344,29.559999465942383,28.3700008392334,29.5,21.989791870117188,4153800
2020-07-23,29.940000534057617,29.940000534057617,28.3799991607666,28.959999084472656,21.58726692199707,6662200
2020-07-24,29.049999237060547,29.329999923706055,28.600000381469727,28.719999313354492,21.40836524963379,3267200
2020-07-27,28.65999984741211,28.8700008392334,27.760000228881836,28.020000457763672,20.886577606201172,6858000
2020-07-28,28.0,28.56999969482422,27.799999237060547,28.059999465942383,20.916393280029297,5688000
2020-07-29,27.489999771118164,29.760000228881836,26.700000762939453,29.719999313354492,22.153783798217773,10764700
2020-07-30,28.950000762939453,29.479999542236328,28.56999969482422,29.040000915527344,21.646902084350586,5774500
2020-07-31,28.950000762939453,28.950000762939453,27.049999237060547,27.90999984741211,21.4967098236084,7236200
2020-08-03,27.709999084472656,28.43000030517578,27.530000686645508,28.1200008392334,21.65845489501953,3838200
2020-08-04,28.030000686645508,29.43000030517578,27.989999771118164,29.190000534057617,22.482580184936523,4397000
2020-08-05,30.010000228881836,31.360000610351562,29.290000915527344,30.489999771118164,23.48386573791504,8123600
2020-08-06,30.270000457763672,30.469999313354492,29.040000915527344,29.110000610351562,22.42096710205078,5669800
2020-08-07,28.760000228881836,29.559999465942383,28.600000381469727,29.469999313354492,22.698244094848633,3068900
2020-08-10,29.690000534057617,30.729999542236328,29.649999618530273,30.219999313354492,23.275907516479492,3871100
2020-08-11,30.989999771118164,31.209999084472656,30.020000457763672,30.030000686645508,23.129566192626953,5251900
2020-08-12,30.649999618530273,31.079999923706055,29.690000534057617,29.940000534057617,23.06024742126465,5877300
2020-08-13,29.760000228881836,29.969999313354492,28.579999923706055,28.809999465942383,22.189903259277344,4313200
2020-08-14,28.81999969482422,29.950000762939453,28.59000015258789,29.489999771118164,22.71364974975586,3175500
2020-08-17,29.479999542236328,29.68000030517578,28.90999984741211,28.979999542236328,22.320837020874023,3152700
2020-08-18,28.979999542236328,29.1299991607666,27.969999313354492,28.079999923706055,21.627647399902344,5420700
2020-08-19,28.079999923706055,28.549999237060547,27.739999771118164,27.860000610351562,21.45819664001465,2736400
2020-08-20,27.5,27.850000381469727,27.239999771118164,27.549999237060547,21.21942901611328,2963900
2020-08-21,27.350000381469727,27.350000381469727,26.479999542236328,26.8799991607666,20.703384399414062,3851200
2020-08-24,27.0,27.489999771118164,26.579999923706055,27.260000228881836,20.996068954467773,3545000
2020-08-25,27.600000381469727,27.860000610351562,26.510000228881836,27.260000228881836,20.996068954467773,4236900
2020-08-26,27.229999542236328,27.34000015258789,26.459999084472656,26.559999465942383,20.45691680908203,4181000
2020-08-27,26.6200008392334,27.170000076293945,26.579999923706055,27.040000915527344,20.826623916625977,3168600
2020-08-28,27.6299991607666,28.260000228881836,27.25,28.079999923706055,21.627647399902344,3353100
2020-08-31,28.020000457763672,28.049999237060547,27.270000457763672,27.479999542236328,21.165515899658203,3497100
2020-09-01,27.25,27.520000457763672,26.860000610351562,27.149999618530273,20.91134262084961,3243400
2020-09-02,27.030000686645508,27.670000076293945,26.899999618530273,27.309999465942383,21.034578323364258,3003100
2020-09-03,27.299999237060547,27.850000381469727,26.56999969482422,26.90999984741211,20.726491928100586,3941100
2020-09-04,27.1200008392334,27.489999771118164,26.1200008392334,26.760000228881836,20.610960006713867,3426100
2020-09-08,26.34000015258789,26.489999771118164,25.530000686645508,26.149999618530273,20.141124725341797,4448600
2020-09-09,26.43000030517578,26.719999313354492,26.1299991607666,26.479999542236328,20.395305633544922,2850100
2020-09-10,26.639999389648438,26.84000015258789,26.010000228881836,26.030000686645508,20.048702239990234,3190800
2020-09-11,26.139999389648438,26.549999237060547,25.8700008392334,26.34000015258789,20.287471771240234,3256800
2020-09-14,26.579999923706055,27.6200008392334,26.34000015258789,27.299999237060547,21.026872634887695,4100000
2020-09-15,27.350000381469727,27.639999389648438,26.059999465942383,26.290000915527344,20.248960494995117,5131200
2020-09-16,26.520000457763672,28.459999084472656,26.459999084472656,28.06999969482422,21.619943618774414,4638000
2020-09-17,27.399999618530273,28.31999969482422,27.010000228881836,28.030000686645508,21.589134216308594,4414200
2020-09-18,27.770000457763672,27.8700008392334,27.170000076293945,27.540000915527344,21.211729049682617,8246000
2020-09-21,26.420000076293945,26.940000534057617,25.790000915527344,26.440000534057617,20.364492416381836,5262900
2020-09-22,26.790000915527344,27.3700008392334,25.579999923706055,25.670000076293945,19.771427154541016,4608600
2020-09-23,25.75,26.15999984741211,24.520000457763672,24.540000915527344,18.901079177856445,4809000
2020-09-24,24.649999618530273,24.989999771118164,23.280000686645508,24.479999542236328,18.854867935180664,5503600
2020-09-25,24.139999389648438,25.079999923706055,24.110000610351562,25.010000228881836,19.263086318969727,3508000
2020-09-28,25.479999542236328,26.260000228881836,25.270000457763672,26.010000228881836,20.033300399780273,3967100
2020-09-29,26.6200008392334,26.899999618530273,26.219999313354492,26.670000076293945,20.541641235351562,5829400
2020-09-30,26.610000610351562,27.270000457763672,25.889999389648438,25.979999542236328,20.010190963745117,5967900
2020-10-01,25.75,26.18000030517578,25.139999389648438,25.270000457763672,19.463336944580078,3733000
2020-10-02,24.6299991607666,26.739999771118164,24.559999465942383,26.530000686645508,20.43381118774414,4413500
2020-10-05,27.510000228881836,27.989999771118164,26.989999771118164,27.610000610351562,21.265642166137695,3806600
2020-10-06,28.200000762939453,28.440000534057617,26.559999465942383,27.059999465942383,20.842025756835938,4789600
2020-10-07,27.18000030517578,27.950000762939453,26.989999771118164,27.809999465942383,21.419687271118164,3377800
2020-10-08,28.079999923706055,29.440000534057617,27.68000030517578,29.40999984741211,22.652027130126953,4541800
2020-10-09,29.700000762939453,29.770000457763672,28.93000030517578,29.049999237060547,22.374752044677734,3762900
2020-10-12,29.020000457763672,29.299999237060547,28.719999313354492,29.170000076293945,22.467180252075195,2916000
2020-10-13,28.760000228881836,29.56999969482422,28.559999465942383,29.450000762939453,22.682842254638672,3796500
2020-10-14,29.479999542236328,30.649999618530273,29.43000030517578,29.950000762939453,23.067947387695312,4564200
2020-10-15,28.559999465942383,29.84000015258789,28.489999771118164,29.81999969482422,22.96782112121582,5486300
2020-10-16,29.829999923706055,29.93000030517578,28.889999389648438,28.899999618530273,22.25922203063965,3849900
2020-10-19,29.049999237060547,29.489999771118164,28.239999771118164,28.290000915527344,21.78938865661621,3966700
2020-10-20,28.799999237060547,29.3799991607666,28.479999542236328,28.920000076293945,22.274629592895508,3753600
2020-10-21,28.6299991607666,28.860000610351562,28.3700008392334,28.43000030517578,21.8972225189209,3035200
2020-10-22,28.600000381469727,30.799999237060547,28.56999969482422,30.670000076293945,23.62250518798828,5228700
2020-10-23,31.0,31.030000686645508,30.079999923706055,30.549999237060547,23.53007698059082,5381500
2020-10-26,30.1299991607666,30.170000076293945,29.100000381469727,29.510000228881836,22.729055404663086,5358200
2020-10-27,29.459999084472656,29.950000762939453,29.25,29.31999969482422,22.582714080810547,4699500
2020-10-28,30.34000015258789,30.6200008392334,28.1299991607666,29.09000015258789,22.405561447143555,8053700
2020-10-29,28.899999618530273,30.530000686645508,28.010000228881836,30.399999618530273,23.4145450592041,6073000
2020-10-30,29.399999618530273,29.739999771118164,28.260000228881836,29.0,23.045028686523438,5618600
2020-11-02,29.149999618530273,29.559999465942383,28.600000381469727,29.229999542236328,23.22779655456543,4531100
2020-11-03,29.59000015258789,29.950000762939453,28.8700008392334,28.920000076293945,22.981460571289062,4369900
2020-11-04,29.0,29.459999084472656,28.139999389648438,28.600000381469727,22.727169036865234,6195600
2020-11-05,28.59000015258789,29.100000381469727,28.260000228881836,28.540000915527344,22.679487228393555,4462700
2020-11-06,28.420000076293945,29.280000686645508,26.760000228881836,26.889999389648438,21.368309020996094,5948400
2020-11-09,29.75,31.959999084472656,29.5,31.350000381469727,24.912473678588867,10360900
2020-11-10,31.90999984741211,32.650001525878906,31.010000228881836,32.540000915527344,25.858110427856445,6096500
2020-11-11,33.0,33.150001525878906,31.809999465942383,32.119998931884766,25.52435302734375,4145200
2020-11-12,31.489999771118164,32.0,30.149999618530273,30.770000457763672,24.451568603515625,4237400
2020-11-13,31.3700008392334,31.93000030517578,30.850000381469727,31.65999984741211,25.158815383911133,3616600
2020-11-16,32.720001220703125,33.34000015258789,31.969999313354492,32.349998474121094,25.707124710083008,4764700
2020-11-17,31.90999984741211,33.31999969482422,31.719999313354492,33.310001373291016,26.469999313354492,3777600
2020-11-18,33.22999954223633,34.189998626708984,32.29999923706055,32.310001373291016,25.675338745117188,4443100
2020-11-19,31.920000076293945,33.439998626708984,31.6200008392334,33.29999923706055,26.46204948425293,3363600
2020-11-20,33.18000030517578,33.529998779296875,32.66999816894531,32.959999084472656,26.191864013671875,2743400
2020-11-23,33.5099983215332,35.220001220703125,33.439998626708984,35.18000030517578,27.956003189086914,3369100
2020-11-24,36.90999984741211,37.88999938964844,36.34000015258789,37.65999984741211,29.9267520904541,5659300
2020-11-25,37.29999923706055,38.439998626708984,36.599998474121094,37.540000915527344,29.83139419555664,4082700
2020-11-27,37.18000030517578,37.70000076293945,36.81999969482422,37.22999954223633,29.585046768188477,1554300
2020-11-30,36.810001373291016,37.209999084472656,35.599998474121094,35.869998931884766,28.50432014465332,5533100
2020-12-01,37.0,37.189998626708984,36.08000183105469,36.470001220703125,28.981107711791992,3278500
2020-12-02,36.130001068115234,37.95000076293945,36.099998474121094,37.470001220703125,29.775772094726562,3113000
2020-12-03,37.54999923706055,39.06999969482422,37.16999816894531,38.4900016784668,30.58631706237793,3526800
2020-12-04,39.470001220703125,40.709999084472656,39.43000030517578,40.630001068115234,32.286888122558594,3932000
2020-12-07,40.15999984741211,40.61000061035156,39.220001220703125,40.310001373291016,32.032588958740234,4464400
2020-12-08,39.93000030517578,41.560001373291016,39.810001373291016,40.790000915527344,32.41402816772461,3292300
2020-12-09,41.459999084472656,41.939998626708984,39.650001525878906,40.220001220703125,31.961069107055664,3292900
2020-12-10,40.33000183105469,41.95000076293945,40.2599983215332,41.75,33.17689895629883,4082400
2020-12-11,41.08000183105469,41.65999984741211,40.7400016784668,41.56999969482422,33.03385925292969,2691900
2020-12-14,42.0,42.15999984741211,39.93000030517578,40.13999938964844,31.897491455078125,4106900
2020-12-15,40.61000061035156,41.459999084472656,39.93000030517578,41.310001373291016,32.82725143432617,3601600
2020-12-16,41.29999923706055,41.380001068115234,40.29999923706055,40.650001525878906,32.30277633666992,3013300
2020-12-17,41.0099983215332,41.22999954223633,40.08000183105469,40.72999954223633,32.36634063720703,3289300
2020-12-18,40.68000030517578,40.90999984741211,39.630001068115234,39.869998931884766,31.68294334411621,7019800
2020-12-21,38.369998931884766,39.810001373291016,38.029998779296875,39.38999938964844,31.301502227783203,3845900
2020-12-22,39.41999816894531,39.95000076293945,38.599998474121094,38.630001068115234,30.69757080078125,2767200
2020-12-23,39.0,39.58000183105469,38.470001220703125,38.79999923706055,30.832658767700195,2321600
2020-12-24,38.81999969482422,38.849998474121094,37.900001525878906,38.79999923706055,30.832658767700195,1344100
2020-12-28,38.880001068115234,39.2599983215332,38.0099983215332,38.40999984741211,30.522743225097656,2945700
2020-12-29,38.650001525878906,38.7400016784668,37.66999816894531,38.130001068115234,30.300241470336914,2752400
2020-12-30,38.02000045776367,38.7400016784668,37.95000076293945,38.119998931884766,30.292293548583984,2462900
2020-12-31,37.90999984741211,38.470001220703125,37.65999984741211,38.380001068115234,30.498903274536133,2191000
2021-01-04,39.0,39.11000061035156,37.38999938964844,37.5,29.799604415893555,3516300
2021-01-05,37.849998474121094,40.400001525878906,37.83000183105469,39.380001068115234,31.29355812072754,3416700
2021-01-06,40.0,40.47999954223633,39.130001068115234,39.83000183105469,31.651161193847656,3329000
2021-01-07,40.4900016784668,40.83000183105469,39.79999923706055,40.70000076293945,32.34251022338867,2952000
2021-01-08,41.04999923706055,41.099998474121094,39.56999969482422,39.93000030517578,31.730623245239258,3470400
2021-01-11,39.08000183105469,41.380001068115234,38.65999984741211,41.22999954223633,32.76367950439453,2948300
2021-01-12,41.720001220703125,43.619998931884766,41.439998626708984,43.5099983215332,34.57548522949219,3423700
2021-01-13,43.400001525878906,44.439998626708984,43.04999923706055,43.709999084472656,34.73442077636719,2668200
2021-01-14,44.11000061035156,45.709999084472656,44.02000045776367,44.7599983215332,35.568809509277344,3518000
2021-01-15,44.5,44.709999084472656,43.02000045776367,44.16999816894531,35.0999641418457,2775300
2021-01-19,44.459999084472656,44.540000915527344,43.70000076293945,44.11000061035156,35.05228805541992,2708500
2021-01-20,44.47999954223633,44.650001525878906,43.439998626708984,44.0099983215332,34.972808837890625,2470300
2021-01-21,44.0,44.18000030517578,42.220001220703125,42.869998931884766,34.06690979003906,2924100
2021-01-22,41.779998779296875,42.959999084472656,41.43000030517578,42.84000015258789,34.043067932128906,2903600
2021-01-25,42.56999969482422,42.689998626708984,41.33000183105469,42.22999954223633,33.55833053588867,3294000
2021-01-26,42.689998626708984,44.209999084472656,42.029998779296875,42.119998931884766,33.470916748046875,3676800
2021-01-27,42.0,42.0,40.45000076293945,40.54999923706055,32.22331237792969,4027100
2021-01-28,40.93000030517578,42.290000915527344,40.709999084472656,42.11000061035156,33.46297073364258,3516000
2021-01-29,40.61000061035156,41.29999923706055,39.33000183105469,39.83000183105469,32.369895935058594,3867900
2021-02-01,40.36000061035156,40.75,38.900001525878906,40.02000045776367,32.5243034362793,2786700
2021-02-02,41.040000915527344,41.599998474121094,40.45000076293945,41.209999084472656,33.49142074584961,2514300
2021-02-03,41.38999938964844,42.849998474121094,41.279998779296875,42.47999954223633,34.5235481262207,2872700
2021-02-04,42.70000076293945,42.939998626708984,42.08000183105469,42.459999084472656,34.50729751586914,1864300
2021-02-05,43.400001525878906,43.72999954223633,42.709999084472656,42.84000015258789,34.81612014770508,2628300
2021-02-08,43.04999923706055,43.79999923706055,42.84000015258789,43.43000030517578,35.29561233520508,2564200
2021-02-09,43.400001525878906,43.54999923706055,42.650001525878906,43.36000061035156,35.23872375488281,2037600
2021-02-10,43.810001373291016,44.77000045776367,43.599998474121094,44.75,36.368377685546875,3132700
2021-02-11,44.61000061035156,45.20000076293945,43.540000915527344,44.279998779296875,35.98640060424805,2727500
2021-02-12,44.16999816894531,45.2599983215332,44.02000045776367,45.11000061035156,36.66094970703125,3049600
2021-02-16,46.0,46.65999984741211,45.810001373291016,45.95000076293945,37.3436164855957,2879400
2021-02-17,46.150001525878906,46.349998474121094,45.060001373291016,45.9900016784668,37.376129150390625,1987100
2021-02-18,45.63999938964844,45.720001220703125,44.45000076293945,44.86000061035156,36.4577751159668,2349000
2021-02-19,44.91999816894531,45.9900016784668,44.790000915527344,45.81999969482422,37.23796463012695,2050400
2021-02-22,45.93000030517578,46.900001525878906,45.81999969482422,46.099998474121094,37.46552658081055,2757500
2021-02-23,45.5,45.880001068115234,42.54999923706055,45.619998931884766,37.07542419433594,5428000
2021-02-24,46.09000015258789,47.130001068115234,44.91999816894531,46.709999084472656,37.961273193359375,3087700
2021-02-25,47.099998474121094,47.189998626708984,45.099998474121094,45.400001525878906,36.89663314819336,2840400
2021-02-26,45.150001525878906,45.599998474121094,43.41999816894531,44.290000915527344,35.994537353515625,4410200
2021-03-01,45.5099983215332,47.9900016784668,45.33000183105469,47.470001220703125,38.578922271728516,4078200
2021-03-02,47.29999923706055,47.630001068115234,46.72999954223633,46.88999938964844,38.10755920410156,2787800
2021-03-03,47.349998474121094,49.400001525878906,47.290000915527344,47.77000045776367,38.82273483276367,2832500
2021-03-04,48.09000015258789,49.4900016784668,47.34000015258789,48.25,39.21282958984375,3347200
2021-03-05,49.5,49.790000915527344,47.31999969482422,49.56999969482422,40.285606384277344,3065900
2021-03-08,50.0,51.220001220703125,49.29999923706055,49.540000915527344,40.26121520996094,3562900
2021-03-09,49.47999954223633,50.720001220703125,48.41999816894531,48.63999938964844,39.5297966003418,3111500
2021-03-10,49.0,51.099998474121094,48.70000076293945,50.95000076293945,41.407127380371094,2717800
2021-03-11,50.95000076293945,51.65999984741211,50.349998474121094,50.400001525878906,40.96013641357422,2282700
2021-03-12,51.060001373291016,51.599998474121094,50.400001525878906,51.599998474121094,41.93537902832031,3151300
2021-03-15,51.599998474121094,51.90999984741211,50.20000076293945,51.290000915527344,41.683441162109375,2529900
2021-03-16,50.56999969482422,50.709999084472656,49.38999938964844,49.540000915527344,40.26121520996094,2502900
2021-03-17,49.099998474121094,50.52000045776367,48.720001220703125,50.31999969482422,40.89512634277344,2014800
2021-03-18,50.06999969482422,50.220001220703125,47.970001220703125,48.20000076293945,39.17219161987305,2491700
2021-03-19,48.34000015258789,49.720001220703125,47.83000183105469,48.459999084472656,39.38350296020508,8491900
2021-03-22,49.09000015258789,49.29999923706055,48.310001373291016,48.4900016784668,39.40787887573242,3175300
2021-03-23,47.5,48.5099983215332,47.0099983215332,47.45000076293945,38.56267547607422,3606800
2021-03-24,48.25,49.5,48.20000076293945,48.7400016784668,39.611061096191406,3065200
2021-03-25,47.650001525878906,49.900001525878906,47.349998474121094,49.689998626708984,40.383121490478516,2662600
2021-03-26,50.380001068115234,51.2400016784668,49.91999816894531,51.18000030517578,41.59404754638672,2718800
2021-03-29,50.900001525878906,51.09000015258789,49.7400016784668,50.56999969482422,41.09829330444336,2333300
2021-03-30,50.0,50.5,49.75,50.2599983215332,40.84636306762695,1950600
2021-03-31,50.2599983215332,50.81999969482422,50.029998779296875,50.65999984741211,41.171451568603516,2326500
2021-04-01,50.81999969482422,51.36000061035156,49.849998474121094,51.349998474121094,41.73220443725586,2525400
2021-04-05,51.349998474121094,51.45000076293945,50.599998474121094,51.029998779296875,41.472145080566406,2189000
2021-04-06,51.310001373291016,52.11000061035156,51.189998626708984,51.2599983215332,41.659061431884766,2962900
2021-04-07,51.630001068115234,51.900001525878906,50.869998931884766,51.13999938964844,41.56153869628906,2495000
2021-04-08,50.79999923706055,50.79999923706055,49.709999084472656,50.459999084472656,41.00890350341797,3479300
2021-04-09,50.130001068115234,51.11000061035156,50.040000915527344,50.91999816894531,41.38274383544922,2011800
2021-04-12,51.099998474121094,51.4900016784668,50.63999938964844,50.90999984741211,41.374610900878906,2091500
2021-04-13,50.849998474121094,51.369998931884766,50.220001220703125,51.09000015258789,41.520904541015625,2621100
2021-04-14,51.45000076293945,52.380001068115234,51.310001373291016,51.5099983215332,41.86223220825195,3085000
2021-04-15,51.88999938964844,52.529998779296875,51.209999084472656,52.38999938964844,42.57740783691406,2520300
2021-04-16,52.75,52.77000045776367,51.400001525878906,51.599998474121094,41.93537902832031,2257100
2021-04-19,51.849998474121094,52.18000030517578,51.04999923706055,51.779998779296875,42.0816650390625,2470800
2021-04-20,51.65999984741211,51.75,49.970001220703125,50.630001068115234,41.147071838378906,2665800
2021-04-21,50.189998626708984,52.29999923706055,49.93000030517578,52.15999984741211,42.39049530029297,2524900
2021-04-22,52.220001220703125,52.29999923706055,51.02000045776367,51.040000915527344,41.48027801513672,3364400
2021-04-23,50.41999816894531,50.66999816894531,49.66999816894531,50.599998474121094,41.89006042480469,4133200
2021-04-26,50.40999984741211,50.7599983215332,50.209999084472656,50.459999084472656,41.77416229248047,2641300
2021-04-27,50.5099983215332,51.040000915527344,50.369998931884766,50.880001068115234,42.12186813354492,2752300
2021-04-28,51.189998626708984,52.5,51.040000915527344,52.130001068115234,43.156700134277344,4328600
2021-04-29,52.63999938964844,53.66999816894531,51.849998474121094,52.599998474121094,43.54579544067383,2918900
2021-04-30,52.029998779296875,53.34000015258789,51.779998779296875,52.34000015258789,43.330543518066406,2695500
2021-05-03,52.88999938964844,53.0,52.15999984741211,52.720001220703125,43.6451416015625,2526300
2021-05-04,52.970001220703125,53.060001373291016,52.08000183105469,52.58000183105469,43.52924346923828,2206200
2021-05-05,53.060001373291016,53.959999084472656,52.66999816894531,53.150001525878906,44.00112533569336,2548200
2021-05-06,53.27000045776367,53.54999923706055,52.33000183105469,53.40999984741211,44.21635818481445,2497600
2021-05-07,52.81999969482422,53.7599983215332,52.650001525878906,53.380001068115234,44.191532135009766,2973800
2021-05-10,53.93000030517578,54.779998779296875,53.790000915527344,53.959999084472656,44.671695709228516,3625000
2021-05-11,53.0,53.439998626708984,51.90999984741211,53.27000045776367,44.1004638671875,2556200
2021-05-12,53.41999816894531,54.56999969482422,52.380001068115234,52.560001373291016,43.51268005371094,3413600
2021-05-13,52.119998931884766,53.47999954223633,51.63999938964844,52.779998779296875,43.69481658935547,2195200
2021-05-14,53.75,54.5099983215332,53.529998779296875,54.349998474121094,44.994564056396484,2286000
2021-05-17,54.209999084472656,55.060001373291016,53.77000045776367,55.0099983215332,45.54095458984375,2336900
2021-05-18,54.83000183105469,55.099998474121094,53.959999084472656,53.97999954223633,44.68825912475586,2004300
2021-05-19,52.900001525878906,53.22999954223633,52.099998474121094,52.86000061035156,43.761043548583984,3147100
2021-05-20,52.560001373291016,53.91999816894531,52.13999938964844,53.689998626708984,44.44817352294922,2236400
2021-05-21,54.08000183105469,54.470001220703125,53.209999084472656,53.2599983215332,44.09218978881836,3390800
2021-05-24,53.869998931884766,54.400001525878906,53.27000045776367,54.13999938964844,44.820709228515625,2611200
2021-05-25,54.099998474121094,54.400001525878906,52.59000015258789,52.65999984741211,43.5954704284668,2212800
2021-05-26,52.88999938964844,52.95000076293945,51.779998779296875,52.5099983215332,43.47128677368164,4200400
2021-05-27,53.0,53.459999084472656,52.380001068115234,52.79999923706055,43.71136474609375,3534500
2021-05-28,53.25,53.25,52.45000076293945,52.7400016784668,43.661705017089844,3098600
2021-06-01,53.65999984741211,54.119998931884766,53.43000030517578,53.77000045776367,44.514404296875,2260500
2021-06-02,53.9900016784668,54.709999084472656,53.65999984741211,54.25,44.91177749633789,2093200
2021-06-03,53.9900016784668,54.540000915527344,53.61000061035156,53.720001220703125,44.4730110168457,2608400
2021-06-04,54.04999923706055,54.310001373291016,53.34000015258789,53.95000076293945,44.663414001464844,2323200
2021-06-07,54.0099983215332,55.459999084472656,54.0,55.16999816894531,45.67341995239258,3535900
2021-06-08,55.040000915527344,56.09000015258789,54.7400016784668,55.779998779296875,46.17841720581055,4537700
2021-06-09,55.95000076293945,56.18000030517578,54.81999969482422,54.84000015258789,45.40021896362305,2205000
2021-06-10,55.5,55.7400016784668,54.06999969482422,54.779998779296875,45.350547790527344,3056900
2021-06-11,55.04999923706055,55.27000045776367,54.779998779296875,55.060001373291016,45.58234786987305,2735400
2021-06-14,55.70000076293945,56.189998626708984,54.869998931884766,55.439998626708984,45.89693832397461,3533300
2021-06-15,55.7400016784668,56.150001525878906,55.20000076293945,55.97999954223633,46.3439826965332,3494500
2021-06-16,56.0,57.189998626708984,55.779998779296875,57.02000045776367,47.2049674987793,3380100
2021-06-17,56.900001525878906,57.220001220703125,53.380001068115234,54.15999984741211,44.8372688293457,4597600
2021-06-18,53.43000030517578,54.099998474121094,53.0,53.02000045776367,43.89350128173828,6967700
2021-06-21,53.59000015258789,55.72999954223633,53.45000076293945,55.59000015258789,46.0211181640625,2859900
2021-06-22,55.40999984741211,55.540000915527344,54.70000076293945,55.470001220703125,45.92176818847656,2079600
2021-06-23,55.869998931884766,56.11000061035156,55.220001220703125,55.22999954223633,45.72308349609375,1340300
2021-06-24,55.41999816894531,55.93000030517578,54.880001068115234,55.88999938964844,46.26947784423828,2632800
2021-06-25,56.16999816894531,56.54999923706055,55.65999984741211,56.54999923706055,46.81586837768555,2754700
2021-06-28,56.279998779296875,56.290000915527344,54.630001068115234,55.439998626708984,45.89693832397461,2567900
2021-06-29,55.70000076293945,55.95000076293945,55.15999984741211,55.18000030517578,45.681697845458984,1920600
2021-06-30,55.29999923706055,56.41999816894531,55.25,55.63999938964844,46.0625114440918,2524700
2021-07-01,56.5,57.04999923706055,55.88999938964844,56.93000030517578,47.13045883178711,2369400
2021-07-02,56.599998474121094,57.5,56.4900016784668,57.38999938964844,47.51127243041992,1718400
2021-07-06,57.36000061035156,57.38999938964844,55.959999084472656,56.4900016784668,46.76620101928711,2471000
2021-07-07,56.369998931884766,56.779998779296875,55.34000015258789,55.439998626708984,45.89693832397461,2191500
2021-07-08,54.5,56.11000061035156,54.220001220703125,55.380001068115234,45.84726333618164,2250400
2021-07-09,56.15999984741211,57.54999923706055,55.61000061035156,57.52000045776367,47.6189079284668,2668300
2021-07-12,56.810001373291016,57.43000030517578,56.540000915527344,56.91999816894531,47.12217712402344,1690500
2021-07-13,56.560001373291016,56.86000061035156,55.86000061035156,55.91999816894531,46.294315338134766,1995400
2021-07-14,56.18000030517578,56.560001373291016,54.540000915527344,54.880001068115234,45.43333435058594,2144700
2021-07-15,54.25,54.810001373291016,53.900001525878906,54.470001220703125,45.09390640258789,2497900
2021-07-16,54.880001068115234,54.97999954223633,53.22999954223633,53.310001373291016,44.133583068847656,1882400
2021-07-19,51.650001525878906,51.959999084472656,49.75,50.20000076293945,41.55891418457031,5003600
2021-07-20,50.58000183105469,52.84000015258789,50.25,52.380001068115234,43.3636589050293,3405700
2021-07-21,53.400001525878906,54.45000076293945,53.15999984741211,53.459999084472656,44.25775909423828,2716500
2021-07-22,53.439998626708984,53.4900016784668,52.52000045776367,53.09000015258789,43.95145034790039,1666200
2021-07-23,52.869998931884766,53.060001373291016,52.060001373291016,52.95000076293945,43.835548400878906,2178500
2021-07-26,53.0099983215332,54.11000061035156,53.0,53.83000183105469,44.5640754699707,2443700
2021-07-27,53.2599983215332,53.349998474121094,52.220001220703125,52.91999816894531,43.81071472167969,2274500
2021-07-28,53.0,53.83000183105469,52.31999969482422,53.34000015258789,44.15842056274414,1930500
2021-07-29,53.86000061035156,54.27000045776367,53.5,53.79999923706055,44.539241790771484,2022600
2021-07-30,53.380001068115234,53.95000076293945,51.65999984741211,51.970001220703125,43.785194396972656,2838800
2021-08-02,52.04999923706055,53.2599983215332,51.2599983215332,51.349998474121094,43.26283645629883,1864300
2021-08-03,51.2599983215332,51.63999938964844,50.119998931884766,51.43000030517578,43.330230712890625,2759500
2021-08-04,50.650001525878906,53.08000183105469,50.349998474121094,51.720001220703125,43.57456588745117,4506500
2021-08-05,52.04999923706055,52.91999816894531,51.75,52.209999084472656,43.98739242553711,2313900
2021-08-06,52.7599983215332,52.939998626708984,52.150001525878906,52.560001373291016,44.28226852416992,1606700
2021-08-09,52.040000915527344,52.290000915527344,51.4900016784668,51.75,43.59983825683594,1963200
2021-08-10,52.029998779296875,52.810001373291016,51.86000061035156,52.70000076293945,44.40022277832031,1676200
2021-08-11,52.779998779296875,52.97999954223633,52.15999984741211,52.83000183105469,44.50975036621094,1460400
2021-08-12,52.9900016784668,53.38999938964844,52.59000015258789,53.369998931884766,44.96470260620117,1719700
2021-08-13,53.33000183105469,53.4900016784668,52.38999938964844,52.45000076293945,44.189598083496094,1244200
2021-08-16,51.95000076293945,52.599998474121094,51.52000045776367,51.75,43.59983825683594,1976000
2021-08-17,51.25,52.08000183105469,50.41999816894531,51.279998779296875,43.203857421875,2137300
2021-08-18,51.0,51.720001220703125,50.43000030517578,50.560001373291016,42.59725570678711,1961600
2021-08-19,49.83000183105469,50.34000015258789,48.5099983215332,49.27000045776367,41.510414123535156,3274100
2021-08-20,48.959999084472656,50.439998626708984,48.79999923706055,50.43000030517578,42.48772048950195,2129900
2021-08-23,51.5,52.11000061035156,51.16999816894531,51.97999954223633,43.793617248535156,2374800
2021-08-24,52.2599983215332,53.16999816894531,52.13999938964844,52.959999084472656,44.61927795410156,2220800
2021-08-25,52.900001525878906,54.02000045776367,52.66999816894531,53.459999084472656,45.040531158447266,1738900
2021-08-26,53.369998931884766,53.58000183105469,52.52000045776367,52.54999923706055,44.27383804321289,1490400
2021-08-27,53.11000061035156,54.2400016784668,53.0,53.84000015258789,45.36068344116211,1726300
2021-08-30,53.939998626708984,54.04999923706055,53.02000045776367,53.040000915527344,44.68667984008789,1578900
2021-08-31,52.79999923706055,53.099998474121094,52.36000061035156,52.52000045776367,44.248565673828125,2946100
2021-09-01,52.5099983215332,52.68000030517578,52.040000915527344,52.08000183105469,43.87786865234375,1643800
2021-09-02,52.47999954223633,53.41999816894531,52.439998626708984,53.290000915527344,44.897300720214844,1557100
2021-09-03,53.349998474121094,53.689998626708984,52.84000015258789,53.16999816894531,44.79619598388672,1207500
2021-09-07,52.84000015258789,53.470001220703125,52.31999969482422,52.470001220703125,44.20644760131836,1983300
2021-09-08,52.70000076293945,53.279998779296875,52.16999816894531,52.36000061035156,44.113773345947266,1454900
2021-09-09,52.150001525878906,53.08000183105469,51.70000076293945,52.400001525878906,44.1474723815918,1545700
2021-09-10,53.09000015258789,53.20000076293945,52.400001525878906,52.4900016784668,44.22329330444336,1560300
2021-09-13,53.189998626708984,54.0,53.029998779296875,53.40999984741211,44.99840545654297,2243600
2021-09-14,53.88999938964844,53.88999938964844,52.689998626708984,53.04999923706055,44.69509506225586,1748000
2021-09-15,53.310001373291016,55.72999954223633,53.2400016784668,55.709999084472656,46.9361686706543,3784700
2021-09-16,55.709999084472656,56.06999969482422,55.0,55.56999969482422,46.81821823120117,2389800
2021-09-17,55.38999938964844,55.95000076293945,54.93000030517578,55.16999816894531,46.48122024536133,4598700
2021-09-20,53.66999816894531,53.66999816894531,52.11000061035156,52.9900016784668,44.64455032348633,4309100
2021-09-21,53.79999923706055,54.08000183105469,52.849998474121094,53.310001373291016,44.91415023803711,2838500
2021-09-22,54.04999923706055,55.38999938964844,54.04999923706055,54.849998474121094,46.21161651611328,2257700
2021-09-23,55.900001525878906,57.66999816894531,55.43000030517578,57.459999084472656,48.41056823730469,3559000
2021-09-24,57.11000061035156,57.7400016784668,56.81999969482422,57.470001220703125,48.41899108886719,3197700
2021-09-27,58.380001068115234,59.66999816894531,58.150001525878906,58.900001525878906,49.623783111572266,3343400
2021-09-28,59.45000076293945,59.779998779296875,58.060001373291016,58.279998779296875,49.10142517089844,2713300
2021-09-29,58.58000183105469,59.459999084472656,57.900001525878906,58.810001373291016,49.54794692993164,2228100
2021-09-30,59.02000045776367,59.02000045776367,57.93000030517578,57.9900016784668,48.857093811035156,2663300
2021-10-01,58.310001373291016,59.70000076293945,57.779998779296875,59.45000076293945,50.087154388427734,2052400
2021-10-04,60.06999969482422,61.47999954223633,59.79999923706055,60.060001373291016,50.60108947753906,3036500
2021-10-05,61.09000015258789,61.58000183105469,59.880001068115234,60.220001220703125,50.73589324951172,2351200
2021-10-06,59.56999969482422,60.2599983215332,58.529998779296875,60.099998474121094,50.634788513183594,2414400
2021-10-07,60.20000076293945,61.189998626708984,60.18000030517578,60.75,51.18242645263672,1924600
2021-10-08,61.18000030517578,61.90999984741211,60.939998626708984,61.630001068115234,51.923824310302734,1455400
2021-10-11,62.31999969482422,62.779998779296875,61.619998931884766,61.900001525878906,52.15130615234375,1885500
2021-10-12,62.0,63.5099983215332,61.619998931884766,62.95000076293945,53.03594207763672,2165700
2021-10-13,62.27000045776367,63.41999816894531,61.779998779296875,63.27000045776367,53.305545806884766,2036300
2021-10-14,64.0999984741211,64.7699966430664,63.7599983215332,64.55000305175781,54.38396453857422,1924400
2021-10-15,65.0,65.69000244140625,64.94999694824219,65.12000274658203,54.864192962646484,1960600
2021-10-18,65.51000213623047,66.29000091552734,64.69000244140625,65.19000244140625,54.92316818237305,2919600
2021-10-19,65.44999694824219,65.7699966430664,64.83000183105469,65.13999938964844,54.88103485107422,1748100
2021-10-20,65.04000091552734,65.91999816894531,64.73999786376953,65.12999725341797,54.87260818481445,1702400
2021-10-21,64.80000305175781,65.23999786376953,63.599998474121094,64.30999755859375,54.18174743652344,3054700
2021-10-22,64.30999755859375,64.91999816894531,63.619998931884766,64.80999755859375,54.60300827026367,2285000
2021-10-25,65.38999938964844,65.98999786376953,65.19000244140625,65.87000274658203,55.496070861816406,1771900
2021-10-26,66.0,66.77999877929688,65.79000091552734,65.8499984741211,55.47921371459961,2060600
2021-10-27,65.44999694824219,65.93000030517578,64.97000122070312,65.20999908447266,54.940006256103516,1975300
2021-10-28,65.05000305175781,65.76000213623047,64.87999725341797,65.5,55.18433380126953,1744100
2021-10-29,64.55000305175781,64.70999908447266,63.279998779296875,63.619998931884766,54.37664031982422,2444400
2021-11-01,64.0,64.38999938964844,63.5,64.13999938964844,54.82107925415039,1637700
2021-11-02,64.0,64.55000305175781,63.630001068115234,64.06999969482422,54.76125717163086,3198000
2021-11-03,63.900001525878906,65.66000366210938,63.279998779296875,63.91999816894531,54.633052825927734,3246500
2021-11-04,64.70999908447266,64.97000122070312,62.630001068115234,63.439998626708984,54.2227897644043,2554100
2021-11-05,64.29000091552734,64.75,63.88999938964844,64.72000122070312,55.31682205200195,1851200
2021-11-08,65.29000091552734,65.5,64.5999984741211,64.87999725341797,55.453575134277344,2158100
2021-11-09,64.87000274658203,64.87999725341797,63.75,64.66999816894531,55.27408218383789,2397500
2021-11-10,64.31999969482422,64.83999633789062,62.040000915527344,62.86000061035156,53.7270622253418,2670400
2021-11-11,62.75,63.529998779296875,62.619998931884766,63.349998474121094,54.14586639404297,2068400
2021-11-12,62.90999984741211,63.349998474121094,62.5,63.09000015258789,53.923641204833984,1718700
2021-11-15,63.099998474121094,63.61000061035156,62.27000045776367,63.36000061035156,54.154415130615234,2334500
2021-11-16,63.599998474121094,63.810001373291016,62.56999969482422,63.15999984741211,53.98347091674805,2006000
2021-11-17,62.79999923706055,64.06999969482422,62.7400016784668,63.5,54.274070739746094,2088400
2021-11-18,63.5,64.0,62.619998931884766,63.54999923706055,54.31680679321289,1785300
2021-11-19,62.45000076293945,62.88999938964844,61.209999084472656,61.380001068115234,52.46208953857422,2983700
2021-11-22,61.400001525878906,62.95000076293945,61.29999923706055,61.939998626708984,52.94072723388672,3019500
2021-11-23,62.93000030517578,64.22000122070312,62.77000045776367,64.01000213623047,54.70997619628906,2375400
2021-11-24,63.70000076293945,64.91000366210938,63.52000045776367,64.80999755859375,55.39374542236328,2372700
2021-11-26,62.04999923706055,63.029998779296875,60.810001373291016,62.470001220703125,53.39372634887695,1911600
2021-11-29,63.720001220703125,63.86000061035156,62.20000076293945,62.459999084472656,53.385169982910156,2118900
2021-11-30,61.16999816894531,61.619998931884766,59.58000183105469,59.84000015258789,51.14582824707031,4330200
2021-12-01,61.5,61.790000915527344,58.630001068115234,58.650001525878906,50.12873458862305,2856100
2021-12-02,58.72999954223633,60.90999984741211,57.70000076293945,60.689998626708984,51.87233352661133,3848000
2021-12-03,61.380001068115234,61.720001220703125,59.52000045776367,60.0099983215332,51.291133880615234,2423700
2021-12-06,60.959999084472656,61.630001068115234,59.68000030517578,60.88999938964844,52.04328155517578,2168700
2021-12-07,61.939998626708984,63.369998931884766,61.75,62.68000030517578,53.573211669921875,3298700
2021-12-08,63.0,63.16999816894531,62.349998474121094,62.36000061035156,53.29970169067383,2056300
2021-12-09,61.81999969482422,62.18000030517578,61.400001525878906,61.72999954223633,52.76123809814453,1471300
2021-12-10,62.279998779296875,62.41999816894531,61.08000183105469,62.0,52.99200439453125,1662900
2021-12-13,61.470001220703125,61.59000015258789,59.86000061035156,60.20000076293945,51.453529357910156,2050600
2021-12-14,59.83000183105469,60.81999969482422,59.040000915527344,59.369998931884766,50.744117736816406,2727600
2021-12-15,59.349998474121094,59.970001220703125,57.97999954223633,59.560001373291016,50.90650939941406,2410000
2021-12-16,59.209999084472656,60.150001525878906,58.13999938964844,58.310001373291016,49.838130950927734,2954000
2021-12-17,58.130001068115234,58.45000076293945,56.83000183105469,57.849998474121094,49.4449577331543,5655300
2021-12-20,56.61000061035156,57.36000061035156,55.650001525878906,56.529998779296875,48.316741943359375,2770400
2021-12-21,57.25,58.2400016784668,57.25,57.90999984741211,49.496246337890625,2457600
2021-12-22,57.88999938964844,58.06999969482422,57.02000045776367,57.779998779296875,49.385135650634766,1471400
2021-12-23,58.189998626708984,58.599998474121094,58.0099983215332,58.02000045776367,49.59026336669922,1739400
2021-12-27,58.119998931884766,59.470001220703125,57.77000045776367,59.40999984741211,50.7783088684082,1485700
2021-12-28,59.400001525878906,59.75,58.849998474121094,59.400001525878906,50.76976013183594,1194700
2021-12-29,58.939998626708984,59.20000076293945,58.38999938964844,58.77000045776367,50.23129653930664,1358400
2021-12-30,58.75,59.04999923706055,58.439998626708984,58.47999954223633,49.983428955078125,1397500
2021-12-31,58.380001068115234,59.130001068115234,58.25,58.7599983215332,50.222747802734375,1202600
2022-01-03,58.959999084472656,60.08000183105469,58.790000915527344,59.9900016784668,51.274044036865234,2471500
2022-01-04,60.650001525878906,61.75,60.45000076293945,61.400001525878906,52.47918701171875,2813800
2022-01-05,62.04999923706055,62.29999923706055,60.540000915527344,60.63999938964844,51.82960510253906,2102200
2022-01-06,62.20000076293945,62.349998474121094,60.68000030517578,61.650001525878906,52.69286346435547,2449500
2022-01-07,61.650001525878906,62.560001373291016,61.400001525878906,62.459999084472656,53.385169982910156,2242800
2022-01-10,61.72999954223633,62.279998779296875,59.7599983215332,60.779998779296875,51.94926071166992,3083000
2022-01-11,61.18000030517578,62.54999923706055,60.400001525878906,62.47999954223633,53.40226745605469,3134700
2022-01-12,62.939998626708984,63.54999923706055,62.349998474121094,62.5,53.41936492919922,2538400
2022-01-13,62.5,63.04999923706055,61.43000030517578,61.650001525878906,52.69286346435547,2334800
2022-01-14,61.900001525878906,62.77000045776367,61.540000915527344,62.61000061035156,53.51337814331055,2879700
2022-01-18,63.0,63.099998474121094,60.619998931884766,61.41999816894531,52.49626922607422,2839700
2022-01-19,61.900001525878906,62.0,60.189998626708984,60.209999084472656,51.46207046508789,3220900
2022-01-20,59.79999923706055,61.16999816894531,59.2599983215332,59.38999938964844,50.7612190246582,2741400
2022-01-21,58.70000076293945,59.61000061035156,58.029998779296875,58.529998779296875,50.026161193847656,3172700
2022-01-24,57.119998931884766,58.84000015258789,55.54999923706055,58.630001068115234,50.11164093017578,5177700
2022-01-25,58.130001068115234,60.11000061035156,57.0,59.59000015258789,50.93215560913086,3243500
2022-01-26,60.56999969482422,61.63999938964844,59.15999984741211,59.849998474121094,51.154388427734375,3723100
2022-01-27,60.970001220703125,61.470001220703125,59.11000061035156,60.16999816894531,51.42788314819336,2875600
2022-01-28,59.099998474121094,59.349998474121094,57.560001373291016,59.290000915527344,51.47563934326172,2445700
2022-01-31,59.2400016784668,60.70000076293945,58.61000061035156,60.68000030517578,52.68244552612305,2795400
2022-02-01,60.130001068115234,62.0,59.70000076293945,61.869998931884766,53.71559524536133,2535600
2022-02-02,62.060001373291016,63.040000915527344,61.529998779296875,62.88999938964844,54.60116195678711,3809400
2022-02-03,62.209999084472656,62.58000183105469,61.43000030517578,62.06999969482422,53.88923645019531,2088100
2022-02-04,62.38999938964844,63.470001220703125,62.16999816894531,62.88999938964844,54.60116195678711,2908100
2022-02-07,62.88999938964844,63.849998474121094,62.470001220703125,63.2599983215332,54.922401428222656,2093600
2022-02-08,63.209999084472656,63.380001068115234,62.099998474121094,62.72999954223633,54.462249755859375,2047900
2022-02-09,63.08000183105469,64.2699966430664,62.90999984741211,63.63999938964844,55.2523078918457,2107300
2022-02-10,63.11000061035156,64.80000305175781,62.5099983215332,63.02000045776367,54.714027404785156,2470000
2022-02-11,63.369998931884766,64.5999984741211,62.939998626708984,64.51000213623047,56.00764846801758,2585000
2022-02-14,64.22000122070312,64.38999938964844,62.650001525878906,62.91999816894531,54.62720489501953,2465700
2022-02-15,62.31999969482422,63.060001373291016,62.02000045776367,62.43000030517578,54.20178985595703,1907800
2022-02-16,62.880001068115234,63.540000915527344,62.130001068115234,62.650001525878906,54.39279556274414,2081400
2022-02-17,62.65999984741211,63.060001373291016,62.060001373291016,62.599998474121094,54.34938049316406,1901000
2022-02-18,61.970001220703125,62.75,61.45000076293945,61.810001373291016,53.66350173950195,2304800
2022-02-22,63.08000183105469,63.119998931884766,59.22999954223633,60.15999984741211,52.230979919433594,2840600
2022-02-23,60.36000061035156,61.38999938964844,60.18000030517578,60.779998779296875,52.76926040649414,2303700
2022-02-24,61.13999938964844,61.63999938964844,59.63999938964844,61.529998779296875,53.42041015625,3600200
2022-02-25,61.779998779296875,64.02999877929688,61.65999984741211,64.0,55.56486511230469,3735800
2022-02-28,63.529998779296875,65.7300033569336,63.369998931884766,65.30000305175781,56.69353103637695,6241000
2022-03-01,65.7300033569336,65.7300033569336,62.91999816894531,63.81999969482422,55.40858840942383,4844000
2022-03-02,65.22000122070312,67.55000305175781,64.62000274658203,67.08999633789062,58.24760437011719,5726800
2022-03-03,67.0,68.06999969482422,66.54000091552734,67.70999908447266,58.785884857177734,3629800
2022-03-04,67.36000061035156,68.48999786376953,67.11000061035156,68.41999816894531,59.40231704711914,2857600
2022-03-07,69.0,69.9000015258789,67.11000061035156,68.51000213623047,59.4804573059082,3256700
2022-03-08,69.55000305175781,69.9000015258789,66.31999969482422,66.73999786376953,57.943729400634766,3854400
2022-03-09,66.13999938964844,67.7300033569336,65.30999755859375,66.61000061035156,57.830867767333984,3065900
2022-03-10,66.80999755859375,67.81999969482422,66.5999984741211,67.51000213623047,58.61225509643555,2053200
2022-03-11,67.41999816894531,67.94000244140625,66.0199966430664,66.05999755859375,57.35335159301758,3287500
2022-03-14,65.36000061035156,66.44999694824219,63.459999084472656,64.5199966430664,56.016319274902344,4108800
2022-03-15,63.33000183105469,64.55999755859375,62.20000076293945,64.26000213623047,55.79060363769531,3613000
2022-03-16,64.47000122070312,64.86000061035156,63.2400016784668,64.66000366210938,56.13788604736328,3201400
2022-03-17,65.5,67.0999984741211,65.11000061035156,66.86000061035156,58.04791259765625,2924800
2022-03-18,67.0199966430664,67.41000366210938,66.43000030517578,67.0,58.16947555541992,8652800
2022-03-21,68.0,68.80000305175781,67.61000061035156,68.5199966430664,59.489131927490234,2197500
2022-03-22,68.37000274658203,68.7699966430664,67.62999725341797,68.30000305175781,59.298133850097656,1873500
2022-03-23,68.98999786376953,69.56999969482422,68.73999786376953,68.97000122070312,59.87982177734375,1957000
2022-03-24,69.43000030517578,71.0,69.36000061035156,70.43000030517578,61.147403717041016,3036700
2022-03-25,70.43000030517578,72.33999633789062,70.36000061035156,72.2699966430664,62.74488067626953,2310400
2022-03-28,71.0,71.38999938964844,70.54000091552734,71.04000091552734,61.67699432373047,1877300
2022-03-29,69.83999633789062,71.36000061035156,69.52999877929688,71.23999786376953,61.85063171386719,2140600
2022-03-30,71.75,72.16000366210938,71.18000030517578,71.70999908447266,62.258697509765625,1749900
2022-03-31,71.4000015258789,72.37000274658203,70.58000183105469,70.62999725341797,61.32102966308594,2834200
2022-04-01,70.75,71.91999816894531,70.63999938964844,71.43000030517578,62.01559829711914,2048900
2022-04-04,71.7699966430664,71.94999694824219,70.91000366210938,71.16999816894531,61.78986740112305,1749900
2022-04-05,71.44999694824219,71.91999816894531,69.77999877929688,69.83999633789062,60.635162353515625,2174200
2022-04-06,70.1500015258789,71.44000244140625,69.55000305175781,70.80000305175781,61.4686393737793,2193000
2022-04-07,71.0,71.4000015258789,69.58000183105469,70.88999938964844,61.546775817871094,1747200
2022-04-08,71.19000244140625,71.7699966430664,70.6500015258789,71.61000061035156,62.17188262939453,1907800
2022-04-11,71.0,71.31999969482422,69.95999908447266,70.26000213623047,60.99980163574219,2086600
2022-04-12,70.63999938964844,71.83000183105469,70.62999725341797,70.80999755859375,61.47731399536133,1661900
2022-04-13,71.33999633789062,71.87000274658203,70.63999938964844,71.30000305175781,61.90272521972656,1582500
2022-04-14,71.29000091552734,71.83999633789062,70.86000061035156,71.30000305175781,61.90272521972656,1702500
2022-04-18,71.7699966430664,73.37999725341797,71.26000213623047,72.5,62.944583892822266,4433700
2022-04-19,72.08000183105469,73.06999969482422,71.91999816894531,72.16999816894531,62.65806579589844,2317000
2022-04-20,72.5999984741211,73.86000061035156,72.38999938964844,73.62000274658203,63.916961669921875,2423200
2022-04-21,74.0,75.06999969482422,71.33999633789062,71.47000122070312,62.05032730102539,3750700
2022-04-22,71.29000091552734,71.44999694824219,69.19999694824219,69.27999877929688,60.14897918701172,3336600
2022-04-25,67.55000305175781,67.62999725341797,64.4000015258789,66.30000305175781,57.561729431152344,3516200
2022-04-26,66.63999938964844,67.19000244140625,65.2699966430664,65.2699966430664,56.667476654052734,2357300
2022-04-27,65.5,66.4000015258789,64.8499984741211,65.5,56.86716842651367,2383300
2022-04-28,65.95999908447266,67.3499984741211,64.94000244140625,66.91999816894531,58.10000991821289,2390600
2022-04-29,66.1500015258789,66.4800033569336,63.13999938964844,63.33000183105469,55.76227951049805,2719000
2022-05-02,63.150001525878906,63.9900016784668,62.33000183105469,63.869998931884766,56.23775100708008,2797900
2022-05-03,63.869998931884766,65.56999969482422,63.869998931884766,65.12000274658203,57.33838653564453,2992800
2022-05-04,65.97000122070312,67.70999908447266,64.69000244140625,67.3499984741211,59.301902770996094,3503500
2022-05-05,67.56999969482422,67.56999969482422,63.0099983215332,64.05000305175781,56.396236419677734,4076600
2022-05-06,64.52999877929688,65.66000366210938,62.70000076293945,65.5999984741211,57.76102066040039,2773400
2022-05-09,64.37999725341797,64.58999633789062,61.380001068115234,61.709999084472656,54.33586120605469,3943900
2022-05-10,62.349998474121094,64.16000366210938,61.52000045776367,62.47999954223633,55.013851165771484,3712600
2022-05-11,63.209999084472656,64.97000122070312,61.599998474121094,61.779998779296875,54.397491455078125,2903700
2022-05-12,61.91999816894531,63.060001373291016,61.349998474121094,62.790000915527344,55.28680419921875,2651600
2022-05-13,63.83000183105469,64.97000122070312,63.59000015258789,64.6500015258789,56.92454528808594,2148900
2022-05-16,64.81999969482422,65.83999633789062,64.7699966430664,65.19000244140625,57.40001678466797,1935900
2022-05-17,65.87999725341797,66.75,65.05000305175781,66.56999969482422,58.615116119384766,2398700
2022-05-18,66.8499984741211,66.87000274658203,64.06999969482422,64.79000091552734,57.047813415527344,2552300
2022-05-19,63.40999984741211,64.55000305175781,62.959999084472656,63.290000915527344,55.727054595947266,2294800
2022-05-20,63.79999923706055,64.06999969482422,62.13999938964844,63.540000915527344,55.94717788696289,2212300
2022-05-23,64.18000030517578,64.31999969482422,63.22999954223633,63.560001373291016,55.96479415893555,2407700
2022-05-24,63.13999938964844,63.880001068115234,62.189998626708984,63.72999954223633,56.114479064941406,2199900
2022-05-25,63.88999938964844,65.20999908447266,63.79999923706055,65.13999938964844,57.355987548828125,3153200
2022-05-26,65.5999984741211,66.2300033569336,65.41000366210938,65.81999969482422,57.95472717285156,1820900
2022-05-27,65.61000061035156,67.0999984741211,65.37999725341797,67.05000305175781,59.03775405883789,1752700
2022-05-31,67.41000366210938,67.8499984741211,65.45999908447266,65.8499984741211,57.98114776611328,5397500
2022-06-01,66.3499984741211,67.38999938964844,65.33000183105469,66.8499984741211,58.86164855957031,2558000
2022-06-02,66.5199966430664,67.6500015258789,66.29000091552734,67.41000366210938,59.354732513427734,1715100
2022-06-03,67.4000015258789,67.66000366210938,66.80000305175781,67.2699966430664,59.23146057128906,1539900
2022-06-06,67.70999908447266,67.88999938964844,66.83999633789062,67.13999938964844,59.117000579833984,1525600
2022-06-07,66.9000015258789,69.16999816894531,66.76000213623047,69.13999938964844,60.87799835205078,2094000
2022-06-08,68.95999908447266,69.72000122070312,68.02999877929688,68.48999786376953,60.3056755065918,1976400
2022-06-09,68.23999786376953,68.33000183105469,66.12000274658203,66.19000244140625,58.28052520751953,1747700
2022-06-10,65.0,65.5199966430664,63.849998474121094,64.73999786376953,57.0037841796875,2587700
2022-06-13,63.0,63.099998474121094,60.33000183105469,61.099998474121094,53.79875564575195,3858800
2022-06-14,61.45000076293945,62.15999984741211,59.689998626708984,60.38999938964844,53.17359161376953,2810400
2022-06-15,60.41999816894531,61.08000183105469,58.2599983215332,59.689998626708984,52.55724334716797,3090600
2022-06-16,58.04999923706055,58.310001373291016,55.38999938964844,55.72999954223633,49.0704460144043,4979100
2022-06-17,55.58000183105469,56.16999816894531,52.349998474121094,53.38999938964844,47.010074615478516,8283500
2022-06-21,54.7400016784668,56.08000183105469,54.369998931884766,55.540000915527344,48.90315628051758,3820300
2022-06-22,53.41999816894531,54.790000915527344,52.720001220703125,53.81999969482422,47.38868713378906,3740800
2022-06-23,54.13999938964844,54.31999969482422,52.189998626708984,53.310001373291016,46.93963623046875,3352200
2022-06-24,54.16999816894531,55.02000045776367,53.54999923706055,54.56999969482422,48.04906463623047,4258300
2022-06-27,55.099998474121094,57.08000183105469,55.099998474121094,56.66999816894531,49.89811706542969,3580600
2022-06-28,57.869998931884766,58.900001525878906,56.689998626708984,56.97999954223633,50.17108154296875,3288000
2022-06-29,57.83000183105469,57.900001525878906,55.79999923706055,56.130001068115234,49.42265319824219,2572300
2022-06-30,55.0,56.060001373291016,54.650001525878906,55.5,48.86793518066406,3841700
2022-07-01,55.849998474121094,57.0,54.439998626708984,56.75,49.968563079833984,3130800
2022-07-05,55.529998779296875,55.59000015258789,53.27000045776367,55.099998474121094,48.51573181152344,3492400
2022-07-06,54.380001068115234,55.560001373291016,52.959999084472656,54.22999954223633,47.74969482421875,4450000
2022-07-07,55.40999984741211,56.84000015258789,55.40999984741211,56.5099983215332,49.75724411010742,2539800
2022-07-08,56.84000015258789,57.400001525878906,55.77000045776367,56.81999969482422,50.03020095825195,2253600
2022-07-11,55.97999954223633,56.06999969482422,54.59000015258789,55.779998779296875,49.11447525024414,2911900
2022-07-12,54.689998626708984,55.5,54.189998626708984,55.0,48.42768859863281,2159300
2022-07-13,54.0,55.61000061035156,54.0,55.029998779296875,48.45409393310547,1857500
2022-07-14,53.36000061035156,54.93000030517578,52.7599983215332,54.849998474121094,48.29560852050781,3525100
2022-07-15,55.97999954223633,56.11000061035156,54.970001220703125,55.70000076293945,49.04404067993164,1963400
2022-07-18,56.5,57.400001525878906,56.43000030517578,56.959999084472656,50.153472900390625,2211400
2022-07-19,57.0,58.650001525878906,57.0,58.36000061035156,51.386173248291016,2111200
2022-07-20,58.029998779296875,58.88999938964844,57.470001220703125,58.43000030517578,51.44781494140625,2065900
2022-07-21,56.939998626708984,58.40999984741211,56.22999954223633,58.400001525878906,51.42139434814453,2752200
2022-07-22,58.83000183105469,59.279998779296875,57.58000183105469,57.9900016784668,51.060394287109375,1474500
2022-07-25,58.599998474121094,59.290000915527344,57.880001068115234,59.13999938964844,52.072967529296875,2579900
2022-07-26,59.619998931884766,60.400001525878906,59.369998931884766,60.040000915527344,52.865421295166016,2589200
2022-07-27,60.369998931884766,60.54999923706055,59.43000030517578,60.290000915527344,53.085548400878906,2144100
2022-07-28,60.880001068115234,60.970001220703125,59.2599983215332,60.369998931884766,53.15598678588867,2203700
2022-07-29,60.11000061035156,60.56999969482422,59.470001220703125,59.7400016784668,53.428768157958984,2843700
2022-08-01,58.9900016784668,59.400001525878906,57.849998474121094,59.119998931884766,52.874271392822266,2314700
2022-08-02,58.9900016784668,59.29999923706055,57.56999969482422,58.810001373291016,52.597023010253906,3496500
2022-08-03,59.29999923706055,59.70000076293945,58.29999923706055,58.97999954223633,52.749061584472656,2370800
2022-08-04,58.619998931884766,58.619998931884766,57.529998779296875,57.619998931884766,51.53273010253906,2583600
2022-08-05,57.20000076293945,58.72999954223633,56.75,58.54999923706055,52.36448287963867,2365700
2022-08-08,58.779998779296875,60.060001373291016,58.779998779296875,59.209999084472656,52.95476150512695,2631300
2022-08-09,59.56999969482422,61.59000015258789,59.5,61.380001068115234,54.895511627197266,3121200
2022-08-10,61.95000076293945,62.459999084472656,61.22999954223633,62.2599983215332,55.68254470825195,2251600
2022-08-11,63.2400016784668,65.41000366210938,62.959999084472656,64.95999908447266,58.0973014831543,3234900
2022-08-12,64.72000122070312,64.9000015258789,64.13999938964844,64.3499984741211,57.55174255371094,2113700
2022-08-15,62.84000015258789,63.790000915527344,62.29999923706055,63.47999954223633,56.77365493774414,1934000
2022-08-16,63.650001525878906,64.04000091552734,63.029998779296875,63.29999923706055,56.6126708984375,1840600
2022-08-17,62.91999816894531,63.630001068115234,62.29999923706055,62.959999084472656,56.308589935302734,1828900
2022-08-18,63.43000030517578,64.37999725341797,63.43000030517578,64.30000305175781,57.50703048706055,1739100
2022-08-19,64.11000061035156,64.36000061035156,63.720001220703125,63.95000076293945,57.19399642944336,1478200
2022-08-22,63.459999084472656,63.81999969482422,62.91999816894531,63.5,56.79153823852539,1954500
2022-08-23,64.29000091552734,65.33999633789062,64.16000366210938,64.80000305175781,57.95420837402344,2008000
2022-08-24,64.91000366210938,66.27999877929688,64.66000366210938,66.11000061035156,59.12580108642578,2441500
2022-08-25,66.41999816894531,66.86000061035156,65.98999786376953,66.6500015258789,59.608760833740234,1928400
2022-08-26,66.6500015258789,66.83000183105469,64.83999633789062,64.83999633789062,57.98997116088867,1650700
2022-08-29,64.55000305175781,65.31999969482422,64.19999694824219,64.5,57.6859016418457,1475900
2022-08-30,63.72999954223633,63.72999954223633,62.88999938964844,63.029998779296875,56.371192932128906,1848400
2022-08-31,61.90999984741211,62.599998474121094,61.02000045776367,61.22999954223633,54.761356353759766,3672200
2022-09-01,60.529998779296875,60.560001373291016,58.93000030517578,59.52000045776367,53.23201370239258,2535700
2022-09-02,60.95000076293945,61.560001373291016,60.16999816894531,60.54999923706055,54.153194427490234,2502900
2022-09-06,61.130001068115234,61.220001220703125,59.369998931884766,59.560001373291016,53.267784118652344,1947200
2022-09-07,58.77000045776367,60.54999923706055,58.36000061035156,60.380001068115234,54.00115203857422,1898100
2022-09-08,60.36000061035156,61.349998474121094,60.04999923706055,61.310001373291016,54.83290100097656,1687000
2022-09-09,62.22999954223633,62.77000045776367,61.79999923706055,62.4900016784668,55.88824462890625,1352900
2022-09-12,63.220001220703125,64.12999725341797,62.77000045776367,63.869998931884766,57.12245178222656,1572600
2022-09-13,62.560001373291016,63.310001373291016,61.310001373291016,61.68000030517578,55.163814544677734,3225200
2022-09-14,62.16999816894531,63.970001220703125,62.15999984741211,63.439998626708984,56.737876892089844,3735100
2022-09-15,62.279998779296875,63.619998931884766,62.06999969482422,62.459999084472656,55.86141586303711,2628800
2022-09-16,62.06999969482422,62.209999084472656,59.5,60.220001220703125,53.85805892944336,5467300
2022-09-19,58.75,60.900001525878906,58.72999954223633,60.900001525878906,54.466217041015625,1851900
2022-09-20,60.540000915527344,60.599998474121094,59.060001373291016,59.70000076293945,53.39299011230469,1999400
2022-09-21,60.709999084472656,60.790000915527344,58.41999816894531,58.43000030517578,52.257164001464844,2874500
2022-09-22,59.09000015258789,59.130001068115234,57.59000015258789,57.619998931884766,51.53273010253906,2168900
2022-09-23,55.720001220703125,55.7599983215332,51.880001068115234,52.7599983215332,47.1861686706543,4643700
2022-09-26,52.439998626708984,52.7599983215332,50.5,50.58000183105469,45.236473083496094,3765800
2022-09-27,51.59000015258789,52.36000061035156,50.560001373291016,50.97999954223633,45.594215393066406,3008300
2022-09-28,51.400001525878906,53.130001068115234,50.88999938964844,52.939998626708984,47.34716033935547,3812400
2022-09-29,52.439998626708984,52.439998626708984,50.75,51.97999954223633,46.48857116699219,3203500
2022-09-30,51.81999969482422,52.27000045776367,51.029998779296875,51.2400016784668,45.82674789428711,3877200
2022-10-03,52.95000076293945,53.849998474121094,52.720001220703125,53.54999923706055,47.892704010009766,2579100
2022-10-04,54.56999969482422,56.380001068115234,54.34000015258789,56.31999969482422,50.37007522583008,2758500
2022-10-05,55.810001373291016,56.959999084472656,55.04999923706055,56.52000045776367,50.548946380615234,2367200
2022-10-06,55.97999954223633,57.290000915527344,55.38999938964844,55.630001068115234,49.75297164916992,2246000
2022-10-07,55.529998779296875,55.63999938964844,53.95000076293945,54.529998779296875,48.7691764831543,3595600
2022-10-10,54.43000030517578,55.4900016784668,53.18000030517578,53.290000915527344,47.66018295288086,1921800
2022-10-11,52.65999984741211,54.43000030517578,52.61000061035156,53.59000015258789,47.928489685058594,2358100
2022-10-12,53.08000183105469,53.75,52.470001220703125,53.459999084472656,47.81222152709961,1683800
2022-10-13,52.880001068115234,55.900001525878906,52.619998931884766,55.68000030517578,49.79768753051758,2243700
2022-10-14,55.40999984741211,56.08000183105469,53.7400016784668,54.06999969482422,48.35777282714844,2710600
2022-10-17,54.72999954223633,55.439998626708984,54.599998474121094,54.79999923706055,49.01065444946289,2576200
2022-10-18,55.56999969482422,56.380001068115234,54.880001068115234,55.66999816894531,49.78873825073242,2224700
2022-10-19,55.459999084472656,56.06999969482422,54.939998626708984,55.13999938964844,49.314735412597656,2938300
2022-10-20,55.119998931884766,55.900001525878906,54.4900016784668,55.06999969482422,49.25212860107422,2697500
2022-10-21,55.43000030517578,56.72999954223633,54.75,56.599998474121094,50.620487213134766,2343400
2022-10-24,56.959999084472656,57.0,55.939998626708984,56.310001373291016,50.36112976074219,2228300
2022-10-25,56.150001525878906,57.650001525878906,55.880001068115234,57.59000015258789,51.50590133666992,1930600
2022-10-26,57.88999938964844,58.869998931884766,57.72999954223633,58.439998626708984,52.26610565185547,2663300
2022-10-27,59.41999816894531,59.630001068115234,58.709999084472656,58.900001525878906,52.677513122558594,2454700
2022-10-28,59.470001220703125,59.77000045776367,58.16999816894531,59.720001220703125,53.41088104248047,2544000
2022-10-31,58.560001373291016,59.63999938964844,58.310001373291016,59.31999969482422,53.89697265625,2481000
2022-11-01,60.0,60.470001220703125,59.689998626708984,60.060001373291016,54.56932067871094,2505000
2022-11-02,60.25,61.20000076293945,58.91999816894531,59.060001373291016,53.66073989868164,3658200
2022-11-03,58.720001220703125,59.720001220703125,57.84000015258789,59.29999923706055,53.87879943847656,2100000
2022-11-04,60.369998931884766,61.04999923706055,59.04999923706055,60.7400016784668,55.18715286254883,2976700
2022-11-07,61.18000030517578,61.880001068115234,60.439998626708984,61.86000061035156,56.20476531982422,2129500
2022-11-08,61.939998626708984,62.900001525878906,61.400001525878906,62.65999984741211,56.93163299560547,2090300
2022-11-09,62.27000045776367,62.349998474121094,60.75,60.86000061035156,55.29618453979492,3000600
2022-11-10,62.5,63.45000076293945,62.02000045776367,63.400001525878906,57.603981018066406,2627200
2022-11-11,64.0999984741211,64.98999786376953,63.619998931884766,64.6500015258789,58.73970413208008,2695700
2022-11-14,64.87000274658203,65.80000305175781,64.31999969482422,64.37999725341797,58.494380950927734,2393600
2022-11-15,64.83999633789062,65.88999938964844,64.37999725341797,65.25,59.28485107421875,2267000
2022-11-16,64.73999786376953,65.22000122070312,64.1500015258789,64.70999908447266,58.794219970703125,1586300
2022-11-17,63.709999084472656,63.790000915527344,62.5,63.599998474121094,57.78568649291992,1862000
2022-11-18,63.209999084472656,64.51000213623047,62.75,64.47000122070312,58.57615661621094,3050800
2022-11-21,63.72999954223633,63.810001373291016,61.61000061035156,63.20000076293945,57.42225646972656,2594400
2022-11-22,64.18000030517578,65.62000274658203,63.91999816894531,65.41999816894531,59.43930435180664,4121000
2022-11-23,64.76000213623047,65.91000366210938,64.5199966430664,65.62000274658203,59.621028900146484,1558400
2022-11-25,65.75,66.11000061035156,65.30999755859375,65.41999816894531,59.43930435180664,757200
2022-11-28,64.12000274658203,64.79000091552734,63.68000030517578,63.720001220703125,57.89472579956055,1680400
2022-11-29,64.30000305175781,65.12000274658203,64.08000183105469,64.91000366210938,58.97593688964844,2158700
2022-11-30,65.33000183105469,67.5,64.8499984741211,66.91999816894531,60.80217742919922,6810700
2022-12-01,67.38999938964844,68.16999816894531,66.94999694824219,67.19999694824219,61.05657958984375,2824900
2022-12-02,66.52999877929688,67.55999755859375,66.30000305175781,67.19999694824219,61.05657958984375,1883900
2022-12-05,67.45999908447266,67.58000183105469,64.8499984741211,65.30999755859375,59.3393669128418,2261500
2022-12-06,65.19000244140625,65.8499984741211,63.06999969482422,63.599998474121094,57.78568649291992,2240100
2022-12-07,63.56999969482422,64.5,63.310001373291016,63.849998474121094,58.012840270996094,1793200
2022-12-08,64.76000213623047,65.05999755859375,63.52000045776367,64.12000274658203,58.25816345214844,2397500
2022-12-09,63.720001220703125,64.81999969482422,63.5,63.54999923706055,57.740264892578125,2060500
2022-12-12,63.91999816894531,65.9800033569336,63.810001373291016,65.94999694824219,59.92085266113281,2751900
2022-12-13,67.19999694824219,67.77999877929688,66.13999938964844,66.95999908447266,60.83852005004883,2993200
2022-12-14,67.08000183105469,67.5199966430664,66.27999877929688,66.58999633789062,60.50234603881836,2410600
2022-12-15,65.9000015258789,65.9000015258789,64.19999694824219,64.68000030517578,58.7669563293457,2176900
2022-12-16,63.77000045776367,64.81999969482422,63.16999816894531,64.48999786376953,58.59432601928711,5863800
2022-12-19,64.75,65.0999984741211,63.029998779296875,63.369998931884766,57.576717376708984,2117000
2022-12-20,63.29999923706055,63.849998474121094,62.95000076293945,63.5,57.6948356628418,2952100
2022-12-21,64.4000015258789,65.33000183105469,64.05000305175781,65.01000213623047,59.06679153442383,2099300
2022-12-22,64.63999938964844,64.79000091552734,62.66999816894531,64.11000061035156,58.24907302856445,1973700
2022-12-23,64.36000061035156,65.58000183105469,64.29000091552734,65.55999755859375,59.566505432128906,1419800
2022-12-27,65.77999877929688,66.33999633789062,65.43000030517578,66.08999633789062,60.048057556152344,1566700
2022-12-28,66.0199966430664,66.08999633789062,64.31999969482422,64.51000213623047,58.61250305175781,1298700
2022-12-29,64.44999694824219,66.33000183105469,64.2300033569336,65.94999694824219,59.92085266113281,1276400
2022-12-30,65.55000305175781,65.93000030517578,65.20999908447266,65.69999694824219,59.6937141418457,1921600
2023-01-03,65.63999938964844,65.91999816894531,63.2599983215332,63.939998626708984,58.094608306884766,2847900
2023-01-04,63.34000015258789,64.93000030517578,63.2400016784668,64.44000244140625,58.54890060424805,2833900
2023-01-05,64.05000305175781,65.2300033569336,63.7599983215332,64.83000183105469,58.90325164794922,2319100
2023-01-06,65.75,67.0199966430664,65.62999725341797,66.56999969482422,60.48417663574219,1968700
2023-01-09,67.41000366210938,68.04000091552734,67.02999877929688,67.69000244140625,61.50177764892578,2321500
2023-01-10,68.33999633789062,69.37999725341797,67.45999908447266,69.30999755859375,62.97368240356445,2697000
2023-01-11,69.70999908447266,70.23999786376953,69.08999633789062,70.08999633789062,63.68236541748047,2565200
2023-01-12,70.43000030517578,71.38999938964844,69.94000244140625,70.93000030517578,64.44558715820312,2537300
2023-01-13,70.70999908447266,70.94000244140625,70.19999694824219,70.83000183105469,64.354736328125,1598300
2023-01-17,71.0,71.56999969482422,69.66999816894531,70.12000274658203,63.70963668823242,2365100
2023-01-18,70.87000274658203,71.19000244140625,68.52999877929688,68.6500015258789,62.3740234375,1828800
2023-01-19,68.33000183105469,70.1500015258789,68.0,69.5999984741211,63.2371711730957,3154200
2023-01-20,69.76000213623047,70.12999725341797,68.93000030517578,69.70999908447266,63.33711242675781,2210700
2023-01-23,70.0,70.41000366210938,69.30999755859375,69.7300033569336,63.35530090332031,2127400
2023-01-24,67.58999633789062,69.72000122070312,67.58999633789062,69.51000213623047,63.15541076660156,2973900
2023-01-25,68.9000015258789,69.11000061035156,67.7699966430664,69.04000091552734,62.72837448120117,2782600
2023-01-26,69.75,69.83000183105469,68.69000244140625,69.54000091552734,63.18266296386719,2373900
2023-01-27,68.55000305175781,68.5999984741211,67.58999633789062,68.23999786376953,62.864830017089844,2498700
2023-01-30,67.68000030517578,67.94000244140625,67.22000122070312,67.27999877929688,61.98044967651367,2366000
2023-01-31,67.45999908447266,68.55000305175781,66.75,68.4800033569336,63.08592987060547,2568300
2023-02-01,67.77999877929688,68.9000015258789,67.19000244140625,68.23999786376953,62.864830017089844,2241600
2023-02-02,68.52999877929688,68.7699966430664,67.70999908447266,68.70999908447266,63.297813415527344,2390000
2023-02-03,68.80000305175781,69.33000183105469,68.12999725341797,68.55999755859375,63.15961837768555,1966700
2023-02-06,68.33999633789062,68.72000122070312,67.41000366210938,68.19999694824219,62.82798385620117,1953900
2023-02-07,68.43000030517578,69.30999755859375,67.86000061035156,69.08999633789062,63.64788055419922,1830000
2023-02-08,68.97000122070312,69.37999725341797,68.31999969482422,68.75,63.33466720581055,1654600
2023-02-09,69.08000183105469,69.2699966430664,67.72000122070312,67.97000122070312,62.61610412597656,1858100
2023-02-10,68.62000274658203,69.58000183105469,68.31999969482422,69.44999694824219,63.979515075683594,2879400
2023-02-13,69.4000015258789,70.1500015258789,69.12000274658203,69.9000015258789,64.39407348632812,1583900
2023-02-14,69.77999877929688,70.68000030517578,69.23999786376953,69.7699966430664,64.2743148803711,1965300
2023-02-15,69.0,69.73999786376953,68.37000274658203,69.66999816894531,64.18218994140625,1828300
2023-02-16,69.08000183105469,69.80000305175781,68.7699966430664,69.19000244140625,63.74000549316406,1529600
2023-02-17,68.25,68.54000091552734,67.2300033569336,67.26000213623047,61.96202850341797,3815700
2023-02-21,66.77999877929688,66.93000030517578,65.62000274658203,66.12999725341797,60.92103576660156,2323000
2023-02-22,66.04000091552734,67.08000183105469,65.68000030517578,66.37999725341797,61.15134048461914,2234000
2023-02-23,67.41000366210938,68.12999725341797,66.7300033569336,67.9800033569336,62.62532043457031,1888200
2023-02-24,67.26000213623047,67.88999938964844,66.9800033569336,67.55999755859375,62.2383918762207,2364100
2023-02-27,67.77999877929688,68.33000183105469,67.47000122070312,67.94000244140625,62.588470458984375,2254800
2023-02-28,68.12999725341797,68.43000030517578,65.22000122070312,65.44999694824219,60.294593811035156,5990900
2023-03-01,65.68000030517578,66.33999633789062,65.33000183105469,66.16000366210938,60.948673248291016,2606400
2023-03-02,66.12000274658203,66.72000122070312,65.5,66.66999816894531,61.41849899291992,2635800
2023-03-03,66.44000244140625,68.18000030517578,66.27999877929688,67.8499984741211,62.50555419921875,2313000
2023-03-06,67.81999969482422,68.80000305175781,67.66999816894531,68.6500015258789,63.24253845214844,2252300
2023-03-07,68.3499984741211,68.63999938964844,67.5,67.5199966430664,62.20155334472656,2253800
2023-03-08,67.43000030517578,67.87999725341797,66.36000061035156,67.08999633789062,61.80541229248047,1785100
2023-03-09,67.52999877929688,68.26000213623047,65.5999984741211,65.63999938964844,60.46963119506836,1750100
2023-03-10,65.7699966430664,65.87000274658203,64.02999877929688,64.4000015258789,59.327308654785156,2652600
2023-03-13,63.150001525878906,65.0,61.77000045776367,63.63999938964844,58.62716293334961,3446500
2023-03-14,64.43000030517578,65.94999694824219,63.31999969482422,64.37999725341797,59.308876037597656,3174000
2023-03-15,62.52000045776367,62.52000045776367,59.959999084472656,60.880001068115234,56.08457565307617,4705100
2023-03-16,59.849998474121094,61.189998626708984,58.16999816894531,61.02000045776367,56.213539123535156,4312700
2023-03-17,60.72999954223633,60.72999954223633,58.90999984741211,59.4900016784668,54.80405807495117,8938400
2023-03-20,59.86000061035156,61.2400016784668,59.66999816894531,60.7599983215332,55.97401809692383,2663000
2023-03-21,61.709999084472656,62.369998931884766,61.29999923706055,61.869998931884766,56.99658966064453,3106800
2023-03-22,61.7599983215332,62.18000030517578,60.16999816894531,60.220001220703125,55.476558685302734,2435900
2023-03-23,60.439998626708984,60.84000015258789,58.189998626708984,58.63999938964844,54.02101516723633,2835700
2023-03-24,57.540000915527344,59.56999969482422,57.13999938964844,59.47999954223633,54.79484558105469,2202500
2023-03-27,60.369998931884766,61.11000061035156,59.849998474121094,60.65999984741211,55.881900787353516,1954000
2023-03-28,60.220001220703125,61.25,60.11000061035156,60.97999954223633,56.176692962646484,1632000
2023-03-29,61.790000915527344,62.13999938964844,61.560001373291016,62.0099983215332,57.12556076049805,2171100
2023-03-30,62.75,62.83000183105469,62.15999984741211,62.529998779296875,57.6046028137207,1461500
2023-03-31,62.849998474121094,63.59000015258789,62.560001373291016,63.540000915527344,58.5350456237793,2112700
2023-04-03,65.2300033569336,66.08000183105469,64.62999725341797,65.05999755859375,59.9353141784668,3229700
2023-04-04,65.55000305175781,66.18000030517578,64.0999984741211,65.04000091552734,59.91688919067383,3626600
2023-04-05,65.19999694824219,66.05000305175781,64.83999633789062,65.98999786376953,60.792057037353516,2640600
2023-04-06,66.13999938964844,66.33000183105469,65.48999786376953,65.69000244140625,60.51569366455078,2031400
2023-04-10,65.61000061035156,66.19000244140625,65.36000061035156,66.06999969482422,60.86576461791992,1450400
2023-04-11,66.4800033569336,66.97000122070312,66.08000183105469,66.43000030517578,61.19741439819336,1552900
2023-04-12,66.72000122070312,66.91999816894531,66.05999755859375,66.25,61.031585693359375,1940000
2023-04-13,66.22000122070312,67.01000213623047,66.08999633789062,66.7699966430664,61.510616302490234,1496500
2023-04-14,66.80000305175781,67.36000061035156,66.70999908447266,67.02999877929688,61.75014114379883,1685600
2023-04-17,67.11000061035156,67.4800033569336,66.08000183105469,66.41000366210938,61.178977966308594,1409100
2023-04-18,66.37000274658203,66.77999877929688,66.06999969482422,66.73999786376953,61.48298263549805,1476700
2023-04-19,66.48999786376953,66.48999786376953,65.81999969482422,66.3499984741211,61.12370681762695,1242400
2023-04-20,65.44999694824219,66.06999969482422,65.05000305175781,66.05000305175781,60.84733963012695,1636900
2023-04-21,66.4800033569336,66.48999786376953,65.58000183105469,66.30000305175781,61.07764434814453,1444000
2023-04-24,66.37999725341797,67.16000366210938,66.2699966430664,66.98999786376953,61.713294982910156,2112600
2023-04-25,66.48999786376953,66.5199966430664,65.5199966430664,65.55000305175781,60.38673400878906,1632300
2023-04-26,65.19999694824219,66.08000183105469,64.45999908447266,64.72000122070312,59.62209701538086,1982600
2023-04-27,64.62000274658203,65.4800033569336,64.26000213623047,65.30000305175781,60.15641403198242,1690000
2023-04-28,64.19000244140625,65.7699966430664,64.08999633789062,65.41000366210938,61.15209197998047,1955900
2023-05-01,64.9800033569336,65.91999816894531,64.87000274658203,65.38999938964844,61.13338851928711,1740100
2023-05-02,65.0,65.12999725341797,61.939998626708984,62.7400016784668,58.65589904785156,2662700
2023-05-03,62.099998474121094,64.19000244140625,61.599998474121094,62.81999969482422,58.730682373046875,3589200
2023-05-04,62.849998474121094,63.20000076293945,61.36000061035156,62.630001068115234,58.55305862426758,2610400
2023-05-05,63.970001220703125,64.9000015258789,63.83000183105469,64.51000213623047,60.31067657470703,1706000
2023-05-08,65.1500015258789,65.2300033569336,63.18000030517578,63.52000045776367,59.3851203918457,1658400
2023-05-09,62.97999954223633,64.47000122070312,62.849998474121094,63.86000061035156,59.70298767089844,2096000
2023-05-10,64.43000030517578,64.51000213623047,62.5,63.209999084472656,59.095298767089844,1979000
2023-05-11,62.470001220703125,63.56999969482422,62.470001220703125,62.83000183105469,58.74003601074219,2293000
2023-05-12,63.25,63.77000045776367,62.880001068115234,63.720001220703125,59.57210159301758,2501500
2023-05-15,59.45000076293945,60.220001220703125,56.47999954223633,57.95000076293945,54.17770004272461,20718300
2023-05-16,57.54999923706055,57.91999816894531,56.08000183105469,56.58000183105469,52.896888732910156,9415800
2023-05-17,57.060001373291016,57.75,55.90999984741211,57.20000076293945,53.47652053833008,5842500
2023-05-18,56.709999084472656,58.470001220703125,56.54999923706055,58.380001068115234,54.5797119140625,4901300
2023-05-19,58.810001373291016,59.13999938964844,58.119998931884766,58.52000045776367,54.71059799194336,3587400
2023-05-22,58.25,58.81999969482422,57.68000030517578,58.09000015258789,54.308589935302734,2957300
2023-05-23,58.439998626708984,59.380001068115234,58.11000061035156,58.540000915527344,54.72929763793945,3996900
2023-05-24,58.7599983215332,58.83000183105469,57.84000015258789,58.540000915527344,54.72929763793945,2546700
2023-05-25,57.88999938964844,58.0099983215332,56.959999084472656,57.56999969482422,53.82244110107422,2978700
2023-05-26,57.869998931884766,57.95000076293945,57.04999923706055,57.29999923706055,53.570011138916016,2790400
2023-05-30,56.880001068115234,57.7599983215332,56.7599983215332,57.369998931884766,53.63545608520508,3025500
2023-05-31,56.61000061035156,56.9900016784668,56.189998626708984,56.65999984741211,52.971675872802734,5094200
2023-06-01,56.79999923706055,57.47999954223633,56.209999084472656,56.90999984741211,53.20539855957031,3434000
2023-06-02,58.0,58.91999816894531,57.25,58.7400016784668,54.91627502441406,3452100
2023-06-05,59.33000183105469,59.33000183105469,58.5,58.720001220703125,54.897579193115234,1897200
2023-06-06,58.029998779296875,59.43000030517578,58.0,59.310001373291016,55.44916915893555,2512500
2023-06-07,59.81999969482422,60.5,59.380001068115234,60.43000030517578,56.49626541137695,2695300
2023-06-08,60.45000076293945,60.7400016784668,59.52000045776367,60.709999084472656,56.75803756713867,3159700
2023-06-09,60.52000045776367,60.65999984741211,59.63999938964844,59.84000015258789,55.944671630859375,2816400
2023-06-12,59.38999938964844,60.310001373291016,59.310001373291016,59.79999923706055,55.90727233886719,2914200
2023-06-13,60.34000015258789,61.08000183105469,60.2400016784668,60.279998779296875,56.35602951049805,4780300
2023-06-14,60.650001525878906,61.060001373291016,60.02000045776367,60.43000030517578,56.49626541137695,2526700
2023-06-15,60.540000915527344,61.400001525878906,60.40999984741211,61.11000061035156,57.13200378417969,2992800
2023-06-16,61.20000076293945,61.459999084472656,60.68000030517578,60.95000076293945,56.9824104309082,7633300
2023-06-20,60.560001373291016,60.56999969482422,59.060001373291016,59.31999969482422,55.45852279663086,3237600
2023-06-21,58.95000076293945,59.380001068115234,58.560001373291016,59.08000183105469,55.23414993286133,4272500
2023-06-22,58.970001220703125,59.0,57.900001525878906,58.189998626708984,54.40208053588867,3053800
2023-06-23,57.540000915527344,58.06999969482422,57.369998931884766,57.689998626708984,53.934627532958984,3427800
2023-06-26,57.849998474121094,58.91999816894531,57.849998474121094,58.599998474121094,54.7853889465332,2138100
2023-06-27,58.599998474121094,59.790000915527344,58.5099983215332,59.5,55.62680435180664,2918000
2023-06-28,59.66999816894531,60.560001373291016,59.060001373291016,60.52000045776367,56.580406188964844,2623200
2023-06-29,60.75,61.54999923706055,60.65999984741211,61.4900016784668,57.48727035522461,2428900
2023-06-30,62.459999084472656,62.459999084472656,61.540000915527344,61.720001220703125,57.702293395996094,2603500
2023-07-03,61.83000183105469,62.65999984741211,61.77000045776367,62.400001525878906,58.3380241394043,1166400
2023-07-05,62.2400016784668,62.61000061035156,61.279998779296875,61.59000015258789,57.580753326416016,2096700
2023-07-06,61.11000061035156,61.2400016784668,60.52000045776367,60.939998626708984,56.97306442260742,2070000
2023-07-07,60.70000076293945,62.220001220703125,60.70000076293945,62.16999816894531,58.12299728393555,3614400
2023-07-10,62.04999923706055,62.779998779296875,61.91999816894531,62.400001525878906,58.3380241394043,2635500
2023-07-11,62.84000015258789,63.72999954223633,62.75,63.34000015258789,59.216835021972656,3015700
2023-07-12,64.01000213623047,64.43000030517578,63.68000030517578,64.37000274658203,60.17979049682617,2462900
2023-07-13,64.7300033569336,65.36000061035156,64.5,65.31999969482422,61.06794357299805,3182200
2023-07-14,64.76000213623047,64.83000183105469,63.560001373291016,63.72999954223633,59.58144760131836,2661400
2023-07-17,63.77000045776367,64.05999755859375,63.290000915527344,63.40999984741211,59.28227615356445,1942900
2023-07-18,63.209999084472656,64.80000305175781,63.18000030517578,64.31999969482422,60.13304138183594,2506400
2023-07-19,64.31999969482422,65.20999908447266,64.30999755859375,64.7699966430664,60.55374526977539,2310200
2023-07-20,65.19999694824219,65.9800033569336,64.91000366210938,65.93000030517578,61.638240814208984,2264900
2023-07-21,66.30000305175781,66.69000244140625,65.68000030517578,66.48999786376953,62.16178512573242,2014500
2023-07-24,66.76000213623047,67.8499984741211,66.68000030517578,67.25,62.872318267822266,2417100
2023-07-25,67.30999755859375,67.77999877929688,66.83000183105469,67.54000091552734,63.1434326171875,3117800
2023-07-26,67.12999725341797,68.12000274658203,67.12999725341797,67.5999984741211,63.19952392578125,1836700
2023-07-27,67.7699966430664,68.0999984741211,66.93000030517578,66.94000244140625,62.58250045776367,2858900
2023-07-28,67.30999755859375,67.68000030517578,66.9000015258789,67.22000122070312,62.84426498413086,2325500
2023-07-31,66.5,67.04000091552734,66.44999694824219,67.04000091552734,63.579254150390625,5122300
2023-08-01,66.80000305175781,66.91999816894531,65.83000183105469,66.5999984741211,63.16197204589844,2438300
2023-08-02,65.94000244140625,65.94000244140625,65.06999969482422,65.5199966430664,62.137718200683594,2151300
2023-08-03,65.5,66.47000122070312,65.4000015258789,65.95999908447266,62.55500411987305,1988300
2023-08-04,66.18000030517578,66.87999725341797,65.19999694824219,65.25,61.881656646728516,2312800
2023-08-07,65.25,65.5999984741211,64.88999938964844,65.19999694824219,61.83423614501953,3257300
2023-08-08,64.58999633789062,64.7699966430664,63.04999923706055,64.1500015258789,60.83844757080078,3240200
2023-08-09,64.5,65.19999694824219,63.93000030517578,64.3499984741211,61.028114318847656,2867700
2023-08-10,64.86000061035156,65.55000305175781,64.6500015258789,65.1500015258789,61.786827087402344,2226900
2023-08-11,65.30000305175781,66.36000061035156,65.22000122070312,66.23999786376953,62.820552825927734,1856800
2023-08-14,66.4800033569336,66.93000030517578,65.2699966430664,65.94999694824219,62.54552459716797,1913600
2023-08-15,65.51000213623047,65.76000213623047,65.12000274658203,65.43000030517578,62.0523681640625,1942800
2023-08-16,65.25,65.87000274658203,65.0199966430664,65.23999786376953,61.87217712402344,2605200
2023-08-17,65.66999816894531,66.02999877929688,64.95999908447266,65.33999633789062,61.96701431274414,3269600
2023-08-18,64.77999877929688,65.8499984741211,64.7699966430664,65.5999984741211,62.21359634399414,2182400
2023-08-21,65.7300033569336,65.93000030517578,64.88999938964844,65.26000213623047,61.89114761352539,1782500
2023-08-22,65.4000015258789,65.63999938964844,64.83000183105469,64.86000061035156,61.51178741455078,1509800
2023-08-23,64.38999938964844,64.91000366210938,63.63999938964844,64.69999694824219,61.360050201416016,1577600
2023-08-24,64.37000274658203,65.36000061035156,64.37000274658203,64.37999725341797,61.05656814575195,1941700
2023-08-25,64.81999969482422,65.48999786376953,64.68000030517578,64.94999694824219,61.597145080566406,2239200
2023-08-28,65.33999633789062,65.69999694824219,65.08999633789062,65.37999725341797,62.004947662353516,1342800
2023-08-29,65.4000015258789,65.48999786376953,65.05000305175781,65.25,61.881656646728516,1733900
2023-08-30,65.4000015258789,65.8499984741211,65.23999786376953,65.43000030517578,62.0523681640625,1896000
2023-08-31,65.69999694824219,65.83999633789062,65.16000366210938,65.19999694824219,61.83423614501953,3436400
2023-09-01,65.94999694824219,66.37000274658203,65.19000244140625,65.55000305175781,62.16617965698242,2897500
2023-09-05,65.73999786376953,66.19000244140625,65.5199966430664,65.66000366210938,62.27050018310547,2414500
2023-09-06,65.3499984741211,65.38999938964844,63.29999923706055,63.650001525878906,60.364261627197266,4068200
2023-09-07,63.41999816894531,64.69000244140625,63.029998779296875,64.30999755859375,60.99018478393555,5663700
2023-09-08,64.69000244140625,65.25,64.56999969482422,64.7699966430664,61.42643356323242,3357700
2023-09-11,65.25,65.45999908447266,64.20999908447266,64.52999877929688,61.198822021484375,2727700
2023-09-12,64.87000274658203,66.61000061035156,64.77999877929688,66.31999969482422,62.896427154541016,3909600
2023-09-13,66.41000366210938,67.08999633789062,65.94000244140625,67.0,63.541324615478516,3478200
2023-09-14,67.72000122070312,68.61000061035156,67.62999725341797,68.52999877929688,64.99234008789062,4497300
2023-09-15,68.0,68.7300033569336,67.41999816894531,67.54000091552734,64.05345153808594,7156300
2023-09-18,68.0199966430664,68.31999969482422,67.08000183105469,68.19000244140625,64.66989135742188,4689600
2023-09-19,68.6500015258789,68.6500015258789,67.12000274658203,67.77999877929688,64.28105163574219,4403300
2023-09-20,67.69999694824219,68.22000122070312,66.95999908447266,67.01000213623047,63.550804138183594,5947400
2023-09-21,66.88999938964844,67.22000122070312,65.55999755859375,65.98999786376953,62.583457946777344,8684000
2023-09-22,66.95999908447266,67.43000030517578,65.77999877929688,66.19000244140625,62.77313995361328,15192600
2023-09-25,65.69999694824219,66.9000015258789,65.5199966430664,66.54000091552734,63.105072021484375,59253300
2023-09-26,66.19000244140625,66.51000213623047,64.20999908447266,64.4800033569336,61.15141677856445,8473900
2023-09-27,64.8499984741211,65.13999938964844,64.19000244140625,64.51000213623047,61.17986297607422,8827800
2023-09-28,64.41999816894531,65.44000244140625,64.41999816894531,64.88999938964844,61.54024124145508,8411700
2023-09-29,64.94000244140625,65.0,63.15999984741211,63.43000030517578,60.15561294555664,6583300
2023-10-02,63.68000030517578,63.90999984741211,61.61000061035156,61.849998474121094,58.65717315673828,5811900
2023-10-03,61.369998931884766,61.9900016784668,60.70000076293945,61.97999954223633,58.780460357666016,6405200
2023-10-04,61.130001068115234,61.70000076293945,60.58000183105469,61.349998474121094,58.1829833984375,5428800
2023-10-05,60.79999923706055,62.63999938964844,60.790000915527344,62.439998626708984,59.21672058105469,5458300
2023-10-06,62.4900016784668,63.970001220703125,61.91999816894531,63.5,60.22200012207031,5106100
2023-10-09,64.6500015258789,66.16000366210938,64.3499984741211,65.94999694824219,62.54552459716797,5414200
2023-10-10,65.91000366210938,66.9800033569336,65.91000366210938,66.86000061035156,63.40854263305664,4060500
2023-10-11,66.8499984741211,67.55999755859375,66.5999984741211,67.45999908447266,63.977569580078125,3936900
2023-10-12,67.81999969482422,68.4000015258789,67.58999633789062,68.0999984741211,64.58454132080078,3669700
2023-10-13,69.0,69.44999694824219,68.61000061035156,69.12000274658203,65.55188751220703,3597600
2023-10-16,69.5,70.33000183105469,69.27999877929688,70.06999969482422,66.45284271240234,4143600
2023-10-17,70.0999984741211,70.55999755859375,69.11000061035156,69.51000213623047,65.9217529296875,4641200
2023-10-18,69.51000213623047,69.75,68.45999908447266,68.63999938964844,65.0966567993164,3802800
2023-10-19,68.62999725341797,69.80000305175781,68.29000091552734,69.20999908447266,65.6372299194336,4445200
2023-10-20,68.95999908447266,69.04000091552734,67.26000213623047,67.58000183105469,64.09138488769531,4004400
2023-10-23,67.06999969482422,67.31999969482422,66.58999633789062,66.73999786376953,63.29473876953125,3006700
2023-10-24,66.94999694824219,67.29000091552734,66.30999755859375,66.5999984741211,63.16197204589844,2935500
2023-10-25,66.55000305175781,66.95999908447266,65.97000122070312,66.2699966430664,62.8489990234375,2913000
2023-10-26,65.52999877929688,66.79000091552734,65.47000122070312,66.31999969482422,62.896427154541016,2497900
2023-10-27,66.43000030517578,66.43000030517578,65.04000091552734,65.44000244140625,62.06185531616211,3265400
2023-10-30,65.73999786376953,66.16999816894531,64.83000183105469,65.61000061035156,62.22307205200195,3515500
2023-10-31,64.5199966430664,65.19999694824219,64.08999633789062,65.19999694824219,62.7475700378418,4062200
2023-11-01,65.56999969482422,65.95999908447266,64.0,64.54000091552734,62.11240005493164,4952300
2023-11-02,64.0999984741211,66.69000244140625,64.0999984741211,66.6500015258789,64.14303588867188,5098100
2023-11-03,66.69000244140625,67.33000183105469,66.27999877929688,66.83999633789062,64.32588195800781,3466800
2023-11-06,67.13999938964844,67.23999786376953,66.1500015258789,66.27999877929688,63.786949157714844,2703800
2023-11-07,65.41999816894531,65.68000030517578,64.58000183105469,64.69999694824219,62.266380310058594,3465600
2023-11-08,64.33999633789062,64.58000183105469,63.33000183105469,63.630001068115234,61.236629486083984,2941400
2023-11-09,64.41999816894531,64.43000030517578,63.810001373291016,63.83000183105469,61.429107666015625,3344500
2023-11-10,64.4800033569336,64.94000244140625,64.11000061035156,64.36000061035156,61.93917465209961,3039200
2023-11-13,64.16999816894531,64.93000030517578,63.77000045776367,64.66000366210938,62.22789001464844,2912000
2023-11-14,65.56999969482422,66.2699966430664,65.44000244140625,65.7300033569336,63.25764465332031,3281200
2023-11-15,65.83000183105469,67.05000305175781,65.70999908447266,66.12000274658203,63.63297653198242,2881200
2023-11-16,65.6500015258789,66.19999694824219,64.68000030517578,65.5199966430664,63.05553436279297,3224600
2023-11-17,66.0,67.0,65.69000244140625,66.62999725341797,64.123779296875,3071900
2023-11-20,66.9800033569336,67.36000061035156,66.52999877929688,66.88999938964844,64.37400817871094,3198700
2023-11-21,66.87999725341797,67.05999755859375,66.12999725341797,66.91000366210938,64.39325714111328,2606100
2023-11-22,66.08000183105469,66.75,65.66000366210938,66.66000366210938,64.15266418457031,2479600
2023-11-24,66.7300033569336,67.38999938964844,66.63999938964844,67.31999969482422,64.78783416748047,1054700
2023-11-27,67.02999877929688,67.29000091552734,66.54000091552734,67.20999908447266,64.68197631835938,2370800
2023-11-28,67.44000244140625,67.73999786376953,66.97000122070312,66.98999786376953,64.47024536132812,2393500
2023-11-29,67.25,67.58000183105469,66.97000122070312,67.38999938964844,64.8552017211914,2818500
2023-11-30,67.7300033569336,68.94000244140625,67.63999938964844,68.8499984741211,66.26028442382812,6675900
2023-12-01,68.7699966430664,70.18000030517578,68.63999938964844,69.87000274658203,67.2419204711914,3775900
2023-12-04,70.44999694824219,70.87000274658203,69.94999694824219,70.20999908447266,67.56912994384766,4073500
2023-12-05,70.1500015258789,70.36000061035156,69.20999908447266,69.27999877929688,66.67410278320312,2777400
2023-12-06,69.41999816894531,69.7300033569336,68.41999816894531,68.47000122070312,65.89458465576172,3599400
2023-12-07,68.72000122070312,68.93000030517578,67.20999908447266,67.2699966430664,64.73971557617188,4458700
2023-12-08,67.58000183105469,68.44000244140625,67.45999908447266,68.23999786376953,65.67322540283203,3533200
2023-12-11,68.0,68.12999725341797,67.16999816894531,67.2300033569336,64.70122528076172,4128400
2023-12-12,66.75,66.77999877929688,65.56999969482422,66.05999755859375,63.57522201538086,3787900
2023-12-13,65.98999786376953,67.31999969482422,65.48999786376953,67.30999755859375,64.77820587158203,6489300
2023-12-14,67.8499984741211,69.45999908447266,67.80999755859375,68.61000061035156,66.02931213378906,6583600
2023-12-15,68.08000183105469,68.70999908447266,67.20999908447266,67.93000030517578,65.37489318847656,23075300
2023-12-18,68.83000183105469,69.37999725341797,68.12999725341797,68.25,65.68285369873047,5001500
2023-12-19,68.44999694824219,69.2300033569336,68.30000305175781,69.13999938964844,66.53936767578125,4757800
2023-12-20,69.1500015258789,69.62999725341797,68.36000061035156,68.44999694824219,65.87532806396484,2616800
2023-12-21,68.68000030517578,69.56999969482422,68.5,69.52999877929688,66.91471099853516,2415300
2023-12-22,70.0,70.48999786376953,69.76000213623047,70.16000366210938,67.52101135253906,2226200
2023-12-26,70.5,71.29000091552734,70.19000244140625,71.13999938964844,68.46414947509766,1971100
2023-12-27,70.83000183105469,71.44000244140625,70.56999969482422,70.9800033569336,68.31017303466797,1819000
2023-12-28,70.80999755859375,71.19000244140625,70.27999877929688,70.5199966430664,67.86746215820312,1654000
2023-12-29,70.70999908447266,70.70999908447266,70.13999938964844,70.22000122070312,67.57875061035156,2244900
2024-01-02,70.54000091552734,71.44000244140625,70.44999694824219,71.0199966430664,68.3486557006836,2854400
2024-01-03,70.91000366210938,72.13999938964844,70.69999694824219,71.73999786376953,69.04158020019531,3016300
2024-01-04,72.05000305175781,72.5199966430664,70.73999786376953,70.87000274658203,68.20430755615234,2993300
2024-01-05,71.12999725341797,71.9000015258789,71.01000213623047,71.58999633789062,68.89722442626953,2775500
2024-01-08,70.52999877929688,71.31999969482422,69.94999694824219,71.2699966430664,68.5892562866211,2249300
2024-01-09,71.0,71.05999755859375,70.22000122070312,70.38999938964844,67.74236297607422,2316300
2024-01-10,70.7699966430664,71.2699966430664,70.19000244140625,70.86000061035156,68.19468688964844,2850200
2024-01-11,70.93000030517578,71.0,69.30999755859375,70.12000274658203,67.4825210571289,3809000
2024-01-12,71.30000305175781,71.3499984741211,70.38999938964844,70.6500015258789,67.99258422851562,3362500
2024-01-16,70.45999908447266,70.5,69.47000122070312,69.5999984741211,66.9820785522461,4326700
2024-01-17,68.98999786376953,70.01000213623047,68.63999938964844,69.05999755859375,66.46238708496094,4145500
2024-01-18,69.87000274658203,71.5999984741211,69.44999694824219,71.25,68.57000732421875,5018300
2024-01-19,71.25,71.37000274658203,69.8499984741211,70.04000091552734,67.405517578125,3850800
2024-01-22,69.93000030517578,70.55000305175781,69.27999877929688,69.37999725341797,66.77033996582031,3573500
2024-01-23,69.19999694824219,69.68000030517578,68.83000183105469,68.9800033569336,66.3853988647461,3137200
2024-01-24,69.4000015258789,69.5,68.38999938964844,68.86000061035156,66.26990509033203,2731100
2024-01-25,69.30999755859375,70.30000305175781,68.98999786376953,70.29000091552734,67.6461181640625,2570300
2024-01-26,70.25,70.5199966430664,69.91999816894531,70.44000244140625,67.79048919677734,2757700
2024-01-29,69.44999694824219,69.66999816894531,68.5999984741211,69.6500015258789,67.98570251464844,2691000
2024-01-30,69.05999755859375,69.93000030517578,69.0,69.83000183105469,68.1613998413086,2381700
2024-01-31,69.94999694824219,70.0199966430664,68.20999908447266,68.25,66.61915588378906,3324200
2024-02-01,68.41999816894531,69.51000213623047,68.0999984741211,68.4800033569336,66.84366607666016,2844900
2024-02-02,68.0999984741211,68.6500015258789,67.22000122070312,68.29000091552734,66.65819549560547,2391400
2024-02-05,67.7300033569336,68.5999984741211,67.05000305175781,68.08999633789062,66.46297454833984,2480100
2024-02-06,68.08000183105469,68.37999725341797,67.66999816894531,67.94000244140625,66.31656646728516,2473100
2024-02-07,68.26000213623047,68.61000061035156,67.80999755859375,68.54000091552734,66.90222930908203,2643300
2024-02-08,68.77999877929688,69.04000091552734,68.20999908447266,68.97000122070312,67.32195281982422,2667100
2024-02-09,68.94000244140625,69.48999786376953,68.70999908447266,69.04000091552734,67.39027404785156,2143400
2024-02-12,69.23999786376953,70.3499984741211,69.23999786376953,70.2300033569336,68.55184936523438,2704100
2024-02-13,70.05999755859375,70.3499984741211,68.98999786376953,69.4800033569336,67.81977081298828,3168000
2024-02-14,70.16999816894531,70.29000091552734,68.6500015258789,69.11000061035156,67.45861053466797,3221700
2024-02-15,69.01000213623047,71.41999816894531,69.01000213623047,71.05999755859375,69.36200714111328,3600900
2024-02-16,71.0,72.51000213623047,70.94000244140625,71.98999786376953,70.26979064941406,3233700
2024-02-20,72.02999877929688,72.3499984741211,71.51000213623047,71.69000244140625,69.97695922851562,2838300
2024-02-21,71.91000366210938,73.4000015258789,71.8499984741211,73.33000183105469,71.57776641845703,2896600
2024-02-22,73.0999984741211,73.83000183105469,72.72000122070312,73.72000122070312,71.95844268798828,3242200
2024-02-23,73.44000244140625,73.55999755859375,72.91999816894531,72.97000122070312,71.22637176513672,3076200
2024-02-26,72.77999877929688,73.66999816894531,72.44000244140625,72.91000366210938,71.16780090332031,3664700
2024-02-27,73.87999725341797,75.68000030517578,73.4000015258789,74.37000274658203,72.59292602539062,6118100
2024-02-28,74.37000274658203,74.8499984741211,73.88999938964844,74.37000274658203,72.59292602539062,2884300
2024-02-29,74.5,75.33000183105469,74.38999938964844,75.12000274658203,73.32499694824219,5043200
2024-03-01,75.47000122070312,75.5,74.80999755859375,75.12999725341797,73.33474731445312,2465200
2024-03-04,76.86000061035156,76.87999725341797,75.69000244140625,76.55999755859375,74.73058319091797,4357900
2024-03-05,76.68000030517578,78.19000244140625,76.3499984741211,77.5199966430664,75.66764068603516,3530000
2024-03-06,77.7699966430664,77.91000366210938,76.86000061035156,77.58999633789062,75.73596954345703,2625100
2024-03-07,78.0,78.18000030517578,77.33999633789062,77.44000244140625,75.58956146240234,1868400
2024-03-08,77.2300033569336,77.69000244140625,76.9000015258789,77.16000366210938,75.31625366210938,2111700
2024-03-11,76.73999786376953,77.52999877929688,76.7300033569336,77.29000091552734,75.44314575195312,2364700
2024-03-12,77.26000213623047,77.76000213623047,77.04000091552734,77.6500015258789,75.79454040527344,2002600
2024-03-13,78.05000305175781,78.37000274658203,77.04000091552734,77.12000274658203,75.27720642089844,2603000
2024-03-14,77.2300033569336,77.4000015258789,76.30999755859375,77.11000061035156,75.26744842529297,2622100
2024-03-15,76.79000091552734,77.91000366210938,76.79000091552734,77.0,75.16007232666016,9522300
2024-03-18,77.37000274658203,77.88999938964844,76.94000244140625,77.79000091552734,75.93119812011719,2306800
2024-03-19,78.0,78.62000274658203,77.69000244140625,78.38999938964844,76.51686096191406,2085400
2024-03-20,78.0999984741211,79.19000244140625,78.02999877929688,78.93000030517578,77.04395294189453,1872700
2024-03-21,79.11000061035156,79.88999938964844,78.83000183105469,79.47000122070312,77.57105255126953,2787800
2024-03-22,79.66999816894531,79.77999877929688,78.94999694824219,79.02999877929688,77.14156341552734,2405900
2024-03-25,79.30000305175781,80.22000122070312,78.98999786376953,79.31999969482422,77.42463684082031,2547700
2024-03-26,79.25,79.48999786376953,78.58000183105469,78.66999816894531,76.79016876220703,2639100
2024-03-27,78.69000244140625,79.61000061035156,78.62000274658203,79.5999984741211,77.69793701171875,3381400
2024-03-28,79.9000015258789,80.52999877929688,79.51000213623047,80.16999816894531,78.25432586669922,3070600
2024-04-01,80.19999694824219,80.19999694824219,79.31999969482422,79.70999908447266,77.80531311035156,1657100
2024-04-02,79.94999694824219,80.22000122070312,79.51000213623047,80.0,78.08838653564453,2186100
2024-04-03,80.16000366210938,80.44000244140625,79.80000305175781,80.1500015258789,78.23480224609375,2822700
2024-04-04,80.44999694824219,80.80999755859375,79.0199966430664,79.22000122070312,77.3270263671875,3102600
2024-04-05,79.25,79.79000091552734,78.66000366210938,79.6500015258789,77.74674987792969,1978000
2024-04-08,79.94999694824219,80.69000244140625,79.6500015258789,79.9800033569336,78.0688705444336,2324200
2024-04-09,80.26000213623047,80.26000213623047,78.94999694824219,79.87000274658203,77.96149444580078,2676200
2024-04-10,79.29000091552734,79.5,78.55000305175781,79.05999755859375,77.17084503173828,3399100
2024-04-11,79.30999755859375,79.37000274658203,78.45999908447266,79.33999633789062,77.44415283203125,3246500
2024-04-12,79.52999877929688,80.25,78.33999633789062,78.69999694824219,76.81945037841797,3692800
2024-04-15,79.26000213623047,79.63999938964844,77.55000305175781,77.8499984741211,75.98975372314453,2720100
2024-04-16,77.94999694824219,78.27999877929688,76.29000091552734,77.08000183105469,75.23816680908203,3633600
2024-04-17,77.44999694824219,78.19999694824219,77.01000213623047,77.68000030517578,75.82382202148438,2647200
2024-04-18,77.72000122070312,78.22000122070312,77.37999725341797,77.87999725341797,76.01904296875,2314700
2024-04-19,78.0999984741211,79.94999694824219,77.91999816894531,79.62999725341797,77.72722625732422,3044500
2024-04-22,79.55999755859375,80.83999633789062,78.88999938964844,79.91000366210938,78.00054168701172,2566900
2024-04-23,79.66999816894531,80.47000122070312,79.31999969482422,80.3499984741211,78.43002319335938,2184600
2024-04-24,80.0,81.12000274658203,79.55999755859375,80.94999694824219,79.01568603515625,1864800
2024-04-25,80.87000274658203,81.80999755859375,80.27999877929688,81.37999725341797,79.43540954589844,2076400
2024-04-26,81.30000305175781,81.41000366210938,80.58999633789062,81.05999755859375,79.12306213378906,1555100
2024-04-29,80.83999633789062,81.44000244140625,80.83999633789062,81.41999816894531,79.47445678710938,2590700
2024-04-30,80.36000061035156,80.44999694824219,78.83000183105469,79.12000274658203,78.18002319335938,4163700
2024-05-01,77.58999633789062,79.0,76.56999969482422,76.91999816894531,76.00615692138672,4848200
2024-05-02,77.9800033569336,78.19000244140625,76.66000366210938,76.94999694824219,76.03579711914062,2666500
2024-05-03,77.04000091552734,77.33999633789062,76.2300033569336,77.2300033569336,76.3124771118164,2235400
2024-05-06,77.62000274658203,78.58999633789062,77.37000274658203,78.06999969482422,77.14249420166016,2391000
2024-05-07,78.5199966430664,79.01000213623047,78.25,78.37000274658203,77.43893432617188,2366100
2024-05-08,78.02999877929688,79.30999755859375,77.63999938964844,79.13999938964844,78.19978332519531,2228500
2024-05-09,79.2300033569336,80.05000305175781,79.06999969482422,80.02999877929688,79.07920837402344,1834100
2024-05-10,80.4000015258789,80.66999816894531,79.62999725341797,80.06999969482422,79.11872863769531,1695200
2024-05-13,80.25,81.11000061035156,80.16000366210938,80.5999984741211,79.6424331665039,2577100
2024-05-14,80.62000274658203,81.80000305175781,80.43000030517578,81.68000030517578,80.70960235595703,2366100
2024-05-15,81.72000122070312,82.2699966430664,81.2699966430664,81.61000061035156,80.64043426513672,2535200
2024-05-16,81.5,82.81999969482422,81.5,82.23999786376953,81.26294708251953,2007500
2024-05-17,82.62000274658203,83.05000305175781,81.87999725341797,82.62999725341797,81.6483154296875,2176100
2024-05-20,83.0,83.08999633789062,82.44999694824219,82.70999908447266,81.72736358642578,1682800
2024-05-21,82.70999908447266,83.30999755859375,82.48999786376953,83.01000213623047,82.0238037109375,1462900
2024-05-22,82.72000122070312,82.72000122070312,81.25,81.66000366210938,80.6898422241211,1914700
2024-05-23,81.7699966430664,81.97000122070312,80.16999816894531,80.19000244140625,79.23731231689453,2095000
2024-05-24,80.58999633789062,81.12000274658203,80.55000305175781,80.8499984741211,79.88946533203125,1462700
2024-05-28,81.0,81.54000091552734,80.62000274658203,80.95999908447266,79.99815368652344,2756700
2024-05-29,80.75,80.75,79.38999938964844,79.58999633789062,78.6444320678711,2683400
2024-05-30,79.58000183105469,80.22000122070312,79.58000183105469,79.94000244140625,78.99028015136719,1961600
2024-05-31,79.94999694824219,81.06999969482422,79.94000244140625,81.0,80.03768157958984,5168500
2024-06-03,80.76000213623047,80.94999694824219,78.69000244140625,79.54000091552734,78.59503173828125,2998900
2024-06-04,78.75,79.13999938964844,77.87999725341797,79.04000091552734,78.10096740722656,3096000
2024-06-05,79.16999816894531,79.33999633789062,78.41000366210938,79.16000366210938,78.21954345703125,2675400
2024-06-06,78.87999725341797,79.30999755859375,78.37000274658203,78.94999694824219,78.01203155517578,2644700
2024-06-07,78.6500015258789,79.06999969482422,77.80000305175781,78.6500015258789,77.71560668945312,2514300
2024-06-10,78.91999816894531,80.33000183105469,78.69000244140625,80.0199966430664,79.06932067871094,2589300
2024-06-11,79.56999969482422,79.94000244140625,78.79000091552734,79.63999938964844,78.69384002685547,2219900
2024-06-12,80.30000305175781,80.55999755859375,79.83000183105469,80.19000244140625,79.23731231689453,2006700
2024-06-13,79.75,80.0999984741211,78.5999984741211,78.76000213623047,77.82429504394531,3066100
2024-06-14,78.5199966430664,78.77999877929688,77.81999969482422,78.0999984741211,77.17213439941406,2508600
2024-06-17,78.12000274658203,79.52999877929688,77.81999969482422,79.05000305175781,78.11085510253906,2305600
2024-06-18,79.19999694824219,80.37000274658203,79.08000183105469,80.05999755859375,79.10884857177734,2250900
2024-06-20,79.9800033569336,81.29000091552734,79.80000305175781,81.05000305175781,80.08708953857422,2945000
2024-06-21,81.41000366210938,81.4800033569336,79.58999633789062,79.87999725341797,78.93098449707031,6799600
2024-06-24,79.87999725341797,81.3499984741211,79.87999725341797,80.88999938964844,79.92898559570312,2303400
2024-06-25,80.91000366210938,81.0999984741211,80.55000305175781,81.0199966430664,80.05744171142578,2162800
2024-06-26,81.0999984741211,81.20999908447266,80.43000030517578,80.52999877929688,79.5732650756836,1988700
2024-06-27,80.77999877929688,81.13999938964844,80.37000274658203,80.75,79.7906494140625,1578900
2024-06-28,81.27999877929688,81.63999938964844,80.63999938964844,81.55000305175781,80.5811538696289,4256000
2024-07-01,81.75,81.94999694824219,80.94999694824219,81.72000122070312,80.74913024902344,1709300
2024-07-02,82.33999633789062,82.66000366210938,81.72000122070312,82.33000183105469,81.35188293457031,1836100
2024-07-03,82.2300033569336,83.25,82.0999984741211,82.80000305175781,81.81629943847656,1564900
2024-07-05,82.68000030517578,82.73999786376953,81.88999938964844,82.25,81.27283477783203,1314800
2024-07-08,82.12000274658203,82.69999694824219,81.91999816894531,82.0,81.02580261230469,1409200
2024-07-09,81.81999969482422,82.86000061035156,81.70999908447266,82.41999816894531,81.44081115722656,1584800
2024-07-10,82.08999633789062,82.38999938964844,81.79000091552734,82.31999969482422,81.34200286865234,1395300
2024-07-11,82.25,83.33999633789062,81.98999786376953,82.9000015258789,81.91511535644531,1460400
2024-07-12,83.5,84.83999633789062,83.19000244140625,84.66000366210938,83.65420532226562,2202800
2024-07-15,85.0,85.7699966430664,84.58999633789062,84.68000030517578,83.67396545410156,2057700
2024-07-16,84.66999816894531,85.1500015258789,84.27999877929688,85.05999755859375,84.04944610595703,1562600
2024-07-17,85.33999633789062,86.19999694824219,85.08000183105469,85.37000274658203,84.35576629638672,2125900
2024-07-18,84.80000305175781,84.80000305175781,82.58000183105469,83.44000244140625,82.44869995117188,4857700
2024-07-19,83.5999984741211,84.7699966430664,83.30000305175781,83.47000122070312,82.47834014892578,3093300
2024-07-22,83.47000122070312,84.48999786376953,83.0199966430664,84.43000030517578,83.42693328857422,2979500
2024-07-23,84.1500015258789,84.5999984741211,83.05000305175781,83.2300033569336,82.24119567871094,2327100
2024-07-24,83.2300033569336,83.41999816894531,82.0999984741211,82.16000366210938,81.18390655517578,2372500
2024-07-25,82.0199966430664,82.13999938964844,81.30000305175781,81.4000015258789,80.43292999267578,2640400
2024-07-26,81.73999786376953,82.44999694824219,81.23999786376953,82.0199966430664,81.04556274414062,1826800
2024-07-29,82.2300033569336,82.33999633789062,81.06999969482422,82.19999694824219,81.22342681884766,2147500
2024-07-30,82.30999755859375,83.1500015258789,82.0999984741211,82.79000091552734,81.8064193725586,1989500
2024-07-31,83.66999816894531,84.0199966430664,82.86000061035156,83.33000183105469,82.34000396728516,3324400
2024-08-01,82.58000183105469,83.01000213623047,81.52999877929688,82.05999755859375,82.05999755859375,2088600
2024-08-02,81.18000030517578,81.48999786376953,78.94999694824219,80.16999816894531,80.16999816894531,3390500
2024-08-05,78.04000091552734,78.87999725341797,76.91000366210938,78.62000274658203,78.62000274658203,3528700
2024-08-06,79.36000061035156,83.02999877929688,78.97000122070312,82.31999969482422,82.31999969482422,5484200
2024-08-07,83.52999877929688,84.91999816894531,82.97000122070312,83.05999755859375,83.05999755859375,3701900
2024-08-08,83.30000305175781,85.44000244140625,82.98999786376953,85.33000183105469,85.33000183105469,2777100
2024-08-09,85.33000183105469,85.44000244140625,84.23999786376953,85.0,85.0,2569500
2024-08-12,85.5,85.52999877929688,84.47000122070312,85.18000030517578,85.18000030517578,2101900
2024-08-13,85.06999969482422,86.01000213623047,84.56999969482422,85.73999786376953,85.73999786376953,2616200
2024-08-14,85.66999816894531,86.5199966430664,85.47000122070312,86.33999633789062,86.33999633789062,2156100
2024-08-15,87.0,87.13999938964844,86.02999877929688,86.97000122070312,86.97000122070312,2555300
2024-08-16,86.66999816894531,87.73999786376953,86.5,87.45999908447266,87.45999908447266,5610600
2024-08-19,87.5,88.68000030517578,87.4000015258789,88.4000015258789,88.4000015258789,2074500
2024-08-20,88.16999816894531,88.36000061035156,86.19999694824219,86.58999633789062,86.58999633789062,2219000
2024-08-21,87.12999725341797,87.45999908447266,86.68000030517578,87.02999877929688,87.02999877929688,1809500
2024-08-22,87.08000183105469,87.87999725341797,87.08000183105469,87.5,87.5,1694100
2024-08-23,88.0,88.19000244140625,87.33999633789062,88.06999969482422,88.06999969482422,1557200
2024-08-26,88.7699966430664,89.27999877929688,88.3499984741211,88.5999984741211,88.5999984741211,1497900
2024-08-27,88.41999816894531,88.77999877929688,88.11000061035156,88.44000244140625,88.44000244140625,1351000
2024-08-28,88.16999816894531,88.7699966430664,87.73999786376953,88.20999908447266,88.20999908447266,1670400
2024-08-29,88.41000366210938,90.66000366210938,88.19999694824219,90.1500015258789,90.1500015258789,4178600
2024-08-30,89.93000030517578,92.61000061035156,89.77999877929688,92.36000061035156,92.36000061035156,4921700
2024-09-03,91.80999755859375,92.83999633789062,91.0,92.23999786376953,92.23999786376953,3684700
2024-09-04,92.73999786376953,93.0,90.81999969482422,91.31999969482422,91.31999969482422,3158900
2024-09-05,91.91999816894531,92.4000015258789,91.2300033569336,91.80999755859375,91.80999755859375,2733400
2024-09-06,91.88999938964844,92.41999816894531,90.52999877929688,91.05999755859375,91.05999755859375,3207300
2024-09-09,91.55999755859375,92.7699966430664,90.9000015258789,92.04000091552734,92.04000091552734,2825500
2024-09-10,92.06999969482422,92.88999938964844,90.38999938964844,91.72000122070312,91.72000122070312,3441400
2024-09-11,91.44000244140625,91.55000305175781,89.0,90.23999786376953,90.23999786376953,3434500
2024-09-12,90.51000213623047,90.73999786376953,90.05999755859375,90.5,90.5,2333200
2024-09-13,90.75,91.38999938964844,90.26000213623047,91.37000274658203,91.37000274658203,1851500
2024-09-16,92.86000061035156,93.87999725341797,92.36000061035156,93.68000030517578,93.68000030517578,2286100
2024-09-17,93.69999694824219,94.94999694824219,93.37000274658203,94.66000366210938,94.66000366210938,2464200
2024-09-18,94.69999694824219,95.26000213623047,93.8499984741211,93.9000015258789,93.9000015258789,1824100
2024-09-19,95.18000030517578,95.27999877929688,93.27999877929688,93.7699966430664,93.7699966430664,2124200
2024-09-20,93.23999786376953,94.5199966430664,93.05000305175781,93.97000122070312,93.97000122070312,6023200
2024-09-23,94.18000030517578,95.37999725341797,94.13999938964844,95.2699966430664,95.2699966430664,2299100
2024-09-24,95.87999725341797,96.05000305175781,94.87999725341797,95.2300033569336,95.2300033569336,1883200
2024-09-25,95.30999755859375,95.66000366210938,94.20999908447266,94.69000244140625,94.69000244140625,2640900
2024-09-26,92.72000122070312,93.56999969482422,88.83000183105469,89.1500015258789,89.1500015258789,5757300
2024-09-27,89.19999694824219,90.6500015258789,88.73999786376953,90.23999786376953,90.23999786376953,3154800
2024-09-30,90.41999816894531,91.22000122070312,89.4000015258789,91.12999725341797,91.12999725341797,2491500
2024-10-01,90.44999694824219,92.7699966430664,90.0,92.27999877929688,92.27999877929688,2751300
2024-10-02,92.95999908447266,93.5,91.81999969482422,93.4000015258789,93.4000015258789,2396700
2024-10-03,93.62000274658203,95.12000274658203,92.97000122070312,94.70999908447266,94.70999908447266,2763300
2024-10-04,95.41000366210938,95.5199966430664,94.55000305175781,95.2300033569336,95.2300033569336,1861300
2024-10-07,95.08000183105469,95.58999633789062,94.56999969482422,94.83999633789062,94.83999633789062,1597900
2024-10-08,94.56999969482422,94.56999969482422,92.94000244140625,93.5999984741211,93.5999984741211,2100300
2024-10-09,93.16999816894531,94.88999938964844,92.94999694824219,94.75,94.75,1884300
2024-10-10,95.05000305175781,95.5,94.29000091552734,94.69000244140625,94.69000244140625,1372700
2024-10-11,94.79000091552734,96.63999938964844,94.66999816894531,96.61000061035156,96.61000061035156,4026300
2024-10-14,96.3499984741211,98.01000213623047,96.05000305175781,97.5,97.5,1962700
2024-10-15,95.87000274658203,96.25,94.52999877929688,94.9800033569336,94.9800033569336,3075800
2024-10-16,95.31999969482422,96.0,94.93000030517578,95.6500015258789,95.6500015258789,2085000
2024-10-17,96.0,96.94000244140625,95.94000244140625,96.44000244140625,96.44000244140625,2203100
2024-10-18,96.63999938964844,97.25,95.94999694824219,97.2300033569336,97.2300033569336,2123100
