Date,Open,High,Low,Close,Adj Close,Volume
2016-07-21,18.0,18.440000534057617,16.360000610351562,17.969999313354492,17.969999313354492,4750100
2016-07-22,18.06999969482422,19.899999618530273,18.0,19.559999465942383,19.559999465942383,741200
2016-07-25,20.1299991607666,21.3799991607666,19.600000381469727,19.729999542236328,19.729999542236328,383100
2016-07-26,19.81999969482422,20.045000076293945,18.420000076293945,18.610000610351562,18.610000610351562,236700
2016-07-27,19.0,19.204999923706055,18.049999237060547,18.100000381469727,18.100000381469727,153200
2016-07-28,18.0,18.729999542236328,18.0,18.489999771118164,18.489999771118164,104900
2016-07-29,18.600000381469727,19.290000915527344,18.200000762939453,18.40999984741211,18.40999984741211,262600
2016-08-01,18.950000762939453,21.0,18.739999771118164,19.719999313354492,19.719999313354492,413500
2016-08-02,19.8700008392334,20.399999618530273,19.0,19.399999618530273,19.399999618530273,159400
2016-08-03,19.31999969482422,19.584999084472656,18.350000381469727,18.829999923706055,18.829999923706055,260000
2016-08-04,19.0,19.5049991607666,18.610000610351562,19.329999923706055,19.329999923706055,90300
2016-08-05,19.90999984741211,19.90999984741211,18.90999984741211,19.219999313354492,19.219999313354492,39100
2016-08-08,19.0,19.90999984741211,18.75,19.809999465942383,19.809999465942383,130200
2016-08-09,19.889999389648438,20.399999618530273,19.56999969482422,19.760000228881836,19.760000228881836,75700
2016-08-10,20.0,20.075000762939453,19.85099983215332,20.0,20.0,65900
2016-08-11,20.31999969482422,20.475000381469727,19.791000366210938,19.989999771118164,19.989999771118164,84500
2016-08-12,19.8700008392334,20.18899917602539,19.780000686645508,19.969999313354492,19.969999313354492,85200
2016-08-15,20.450000762939453,21.993999481201172,20.360000610351562,21.700000762939453,21.700000762939453,557700
2016-08-16,22.0,22.6200008392334,20.31999969482422,20.950000762939453,20.950000762939453,344900
2016-08-17,21.219999313354492,23.84000015258789,20.899999618530273,23.469999313354492,23.469999313354492,464900
2016-08-18,23.829999923706055,24.934999465942383,22.360000610351562,22.559999465942383,22.559999465942383,393200
2016-08-19,22.399999618530273,23.368999481201172,21.600000381469727,21.969999313354492,21.969999313354492,178300
2016-08-22,21.700000762939453,22.190000534057617,20.670000076293945,21.290000915527344,21.290000915527344,197500
2016-08-23,21.6299991607666,22.770000457763672,21.350000381469727,21.809999465942383,21.809999465942383,242900
2016-08-24,21.290000915527344,21.93000030517578,20.809999465942383,21.15999984741211,21.15999984741211,151200
2016-08-25,20.969999313354492,21.48200035095215,20.5,20.850000381469727,20.850000381469727,119900
2016-08-26,20.770000457763672,21.43000030517578,19.549999237060547,20.0,20.0,314600
2016-08-29,20.1299991607666,23.329999923706055,20.1299991607666,22.790000915527344,22.790000915527344,620600
2016-08-30,22.920000076293945,23.799999237060547,22.100000381469727,22.75,22.75,269200
2016-08-31,22.829999923706055,24.5,22.5,22.81999969482422,22.81999969482422,856800
2016-09-01,26.520000457763672,27.920000076293945,24.649999618530273,27.56999969482422,27.56999969482422,2120800
2016-09-02,27.8700008392334,33.599998474121094,27.75,32.66999816894531,32.66999816894531,3462200
2016-09-06,33.20000076293945,34.900001525878906,32.380001068115234,33.70000076293945,33.70000076293945,1561300
2016-09-07,33.70000076293945,34.720001220703125,32.099998474121094,34.599998474121094,34.599998474121094,1025400
2016-09-08,34.63999938964844,35.880001068115234,34.20000076293945,35.25,35.25,873600
2016-09-09,34.88999938964844,34.88999938964844,31.309999465942383,32.54999923706055,32.54999923706055,789800
2016-09-12,31.34000015258789,34.28300094604492,31.100000381469727,34.0099983215332,34.0099983215332,385100
2016-09-13,34.0099983215332,36.970001220703125,33.560001373291016,35.599998474121094,35.599998474121094,1193200
2016-09-14,36.130001068115234,37.86000061035156,35.529998779296875,36.650001525878906,36.650001525878906,934600
2016-09-15,37.119998931884766,37.849998474121094,36.25,37.06999969482422,37.06999969482422,570900
2016-09-16,36.79999923706055,37.54999923706055,36.41999816894531,36.970001220703125,36.970001220703125,735000
2016-09-19,37.4900016784668,37.499000549316406,36.25,36.33000183105469,36.33000183105469,436100
2016-09-20,36.41999816894531,36.62300109863281,32.93000030517578,33.349998474121094,33.349998474121094,994000
2016-09-21,33.2400016784668,34.869998931884766,32.54999923706055,34.31999969482422,34.31999969482422,674200
2016-09-22,34.36000061035156,35.279998779296875,33.5099983215332,33.849998474121094,33.849998474121094,496900
2016-09-23,34.02000045776367,34.3650016784668,33.380001068115234,34.2400016784668,34.2400016784668,298300
2016-09-26,34.380001068115234,34.5,32.0099983215332,32.130001068115234,32.130001068115234,503700
2016-09-27,32.13999938964844,35.709999084472656,31.58099937438965,35.68000030517578,35.68000030517578,662700
2016-09-28,35.779998779296875,36.39899826049805,34.279998779296875,35.90999984741211,35.90999984741211,398700
2016-09-29,36.150001525878906,38.43000030517578,35.5,36.54999923706055,36.54999923706055,928600
2016-09-30,36.75,38.04999923706055,36.595001220703125,37.41999816894531,37.41999816894531,997000
2016-10-03,37.77000045776367,37.939998626708984,35.93000030517578,36.0,36.0,532700
2016-10-04,35.86000061035156,35.869998931884766,32.84000015258789,33.31999969482422,33.31999969482422,570300
2016-10-05,33.63999938964844,35.25899887084961,32.43000030517578,32.5099983215332,32.5099983215332,766100
2016-10-06,33.15999984741211,35.15999984741211,32.75199890136719,34.25,34.25,579000
2016-10-07,34.040000915527344,34.34000015258789,33.26100158691406,33.439998626708984,33.439998626708984,176500
2016-10-10,33.2400016784668,33.96500015258789,31.950000762939453,32.5099983215332,32.5099983215332,305100
2016-10-11,32.5099983215332,32.970001220703125,27.520000457763672,28.209999084472656,28.209999084472656,1581100
2016-10-12,28.75,29.88800048828125,27.764999389648438,28.239999771118164,28.239999771118164,1015100
2016-10-13,27.510000228881836,28.5,26.6299991607666,28.239999771118164,28.239999771118164,522700
2016-10-14,28.420000076293945,29.368999481201172,27.399999618530273,27.510000228881836,27.510000228881836,359800
2016-10-17,27.260000228881836,28.101999282836914,27.219999313354492,27.59000015258789,27.59000015258789,244200
2016-10-18,27.93000030517578,28.389999389648438,27.350000381469727,27.959999084472656,27.959999084472656,313100
2016-10-19,27.790000915527344,29.100000381469727,27.510000228881836,28.100000381469727,28.100000381469727,297400
2016-10-20,28.1200008392334,28.5049991607666,27.25,27.459999084472656,27.459999084472656,162500
2016-10-21,27.170000076293945,27.43199920654297,26.700000762939453,26.799999237060547,26.799999237060547,248400
2016-10-24,26.600000381469727,28.209999084472656,26.549999237060547,27.93000030517578,27.93000030517578,365600
2016-10-25,27.780000686645508,27.780000686645508,26.950000762939453,27.020000457763672,27.020000457763672,204200
2016-10-26,26.649999618530273,27.290000915527344,26.579999923706055,26.700000762939453,26.700000762939453,134400
2016-10-27,26.850000381469727,27.16900062561035,25.549999237060547,25.75,25.75,342100
2016-10-28,25.75,25.999000549316406,25.110000610351562,25.149999618530273,25.149999618530273,159700
2016-10-31,25.260000228881836,25.48699951171875,24.18000030517578,24.690000534057617,24.690000534057617,275900
2016-11-01,24.56999969482422,24.799999237060547,24.170000076293945,24.420000076293945,24.420000076293945,300300
2016-11-02,24.440000534057617,25.200000762939453,23.549999237060547,25.09000015258789,25.09000015258789,445900
2016-11-03,25.190000534057617,26.100000381469727,24.540000915527344,25.299999237060547,25.299999237060547,572700
2016-11-04,27.700000762939453,28.670000076293945,26.010000228881836,27.520000457763672,27.520000457763672,1683000
2016-11-07,28.399999618530273,28.540000915527344,26.049999237060547,26.469999313354492,26.469999313354492,738400
2016-11-08,26.350000381469727,28.0,25.579999923706055,27.809999465942383,27.809999465942383,521600
2016-11-09,26.760000228881836,31.075000762939453,26.59000015258789,30.950000762939453,30.950000762939453,635100
2016-11-10,31.260000228881836,31.770000457763672,29.59000015258789,30.549999237060547,30.549999237060547,443200
2016-11-11,30.399999618530273,31.31999969482422,30.010000228881836,30.770000457763672,30.770000457763672,241800
2016-11-14,30.850000381469727,32.25,30.809999465942383,32.04999923706055,32.04999923706055,304500
2016-11-15,32.29999923706055,33.47999954223633,31.426000595092773,33.31999969482422,33.31999969482422,280100
2016-11-16,33.150001525878906,33.25,30.780000686645508,32.13999938964844,32.13999938964844,464700
2016-11-17,32.20000076293945,33.20000076293945,32.20000076293945,32.83000183105469,32.83000183105469,372800
2016-11-18,31.43000030517578,31.940000534057617,28.75,29.829999923706055,29.829999923706055,625500
2016-11-21,30.0,31.299999237060547,29.290000915527344,29.600000381469727,29.600000381469727,381100
2016-11-22,29.6200008392334,29.790000915527344,29.06999969482422,29.3799991607666,29.3799991607666,146500
2016-11-23,29.25,29.34000015258789,28.0,28.799999237060547,28.799999237060547,372600
2016-11-25,28.969999313354492,28.969999313354492,28.399999618530273,28.600000381469727,28.600000381469727,217400
2016-11-28,28.649999618530273,28.670000076293945,26.229999542236328,26.56999969482422,26.56999969482422,627000
2016-11-29,25.25,27.670000076293945,23.799999237060547,27.25,27.25,1246700
2016-11-30,27.68000030517578,28.350000381469727,27.1200008392334,27.309999465942383,27.309999465942383,389100
2016-12-01,27.420000076293945,28.09000015258789,26.899999618530273,27.709999084472656,27.709999084472656,469500
2016-12-02,29.0,29.5,26.399999618530273,26.719999313354492,26.719999313354492,3052200
2016-12-05,26.829999923706055,27.610000610351562,26.649999618530273,27.479999542236328,27.479999542236328,492500
2016-12-06,27.93000030517578,29.8799991607666,27.510000228881836,29.579999923706055,29.579999923706055,854400
2016-12-07,30.530000686645508,37.70000076293945,29.56999969482422,36.83000183105469,36.83000183105469,2285200
2016-12-08,35.349998474121094,35.75,33.34000015258789,34.20000076293945,34.20000076293945,1309000
2016-12-09,34.2400016784668,34.57899856567383,31.700000762939453,31.889999389648438,31.889999389648438,1113800
2016-12-12,31.920000076293945,33.36000061035156,31.559999465942383,32.880001068115234,32.880001068115234,328700
2016-12-13,33.09000015258789,34.77000045776367,32.7599983215332,33.369998931884766,33.369998931884766,467700
2016-12-14,33.34000015258789,33.7599983215332,31.399999618530273,32.06999969482422,32.06999969482422,347200
2016-12-15,32.20000076293945,33.790000915527344,32.19599914550781,32.66999816894531,32.66999816894531,227500
2016-12-16,32.900001525878906,34.599998474121094,32.900001525878906,34.040000915527344,34.040000915527344,423900
2016-12-19,34.560001373291016,36.58000183105469,34.310001373291016,35.33000183105469,35.33000183105469,639500
2016-12-20,35.7400016784668,39.9900016784668,35.709999084472656,39.900001525878906,39.900001525878906,1176600
2016-12-21,40.790000915527344,41.619998931884766,38.20199966430664,38.33000183105469,38.33000183105469,739700
2016-12-22,39.93000030517578,41.90999984741211,38.83000183105469,39.2400016784668,39.2400016784668,985400
2016-12-23,40.560001373291016,40.560001373291016,38.04999923706055,38.650001525878906,38.650001525878906,592100
2016-12-27,39.33000183105469,40.38999938964844,38.5099983215332,39.27000045776367,39.27000045776367,623000
2016-12-28,39.18000030517578,39.689998626708984,35.01100158691406,35.63999938964844,35.63999938964844,1009400
2016-12-29,35.58000183105469,35.7599983215332,34.55500030517578,35.15999984741211,35.15999984741211,648200
2016-12-30,35.040000915527344,36.970001220703125,35.040000915527344,35.34000015258789,35.34000015258789,318300
2017-01-03,36.880001068115234,36.93000030517578,34.13999938964844,35.349998474121094,35.349998474121094,500300
2017-01-04,36.029998779296875,36.029998779296875,34.0,34.22999954223633,34.22999954223633,604800
2017-01-05,34.45000076293945,34.59000015258789,31.549999237060547,33.15999984741211,33.15999984741211,841200
2017-01-06,32.95000076293945,34.0,32.22999954223633,32.36000061035156,32.36000061035156,353000
2017-01-09,32.66999816894531,33.5,32.06999969482422,32.25,32.25,410700
2017-01-10,32.380001068115234,35.07899856567383,32.29999923706055,34.90999984741211,34.90999984741211,802600
2017-01-11,35.029998779296875,35.034000396728516,32.54999923706055,33.529998779296875,33.529998779296875,866100
2017-01-12,33.72999954223633,34.41999816894531,32.5,33.869998931884766,33.869998931884766,454900
2017-01-13,34.25,34.547000885009766,33.11000061035156,33.529998779296875,33.529998779296875,386300
2017-01-17,33.529998779296875,33.93000030517578,31.25,31.709999084472656,31.709999084472656,546200
2017-01-18,31.549999237060547,31.989999771118164,29.35700035095215,30.639999389648438,30.639999389648438,1279700
2017-01-19,30.520000457763672,31.3799991607666,29.799999237060547,30.40999984741211,30.40999984741211,975400
2017-01-20,30.5,31.788999557495117,30.5,31.1299991607666,31.1299991607666,646300
2017-01-23,31.450000762939453,34.0,31.149999618530273,33.61000061035156,33.61000061035156,1101600
2017-01-24,33.599998474121094,33.72999954223633,32.470001220703125,33.380001068115234,33.380001068115234,539600
2017-01-25,33.79999923706055,35.31999969482422,33.2599983215332,35.04999923706055,35.04999923706055,736100
2017-01-26,35.060001373291016,36.22800064086914,34.9900016784668,35.380001068115234,35.380001068115234,483300
2017-01-27,35.599998474121094,35.65999984741211,34.779998779296875,35.400001525878906,35.400001525878906,309200
2017-01-30,35.34000015258789,36.45000076293945,34.5,35.369998931884766,35.369998931884766,590600
2017-01-31,35.380001068115234,35.94300079345703,34.95000076293945,35.209999084472656,35.209999084472656,627400
2017-02-01,35.20000076293945,35.459999084472656,34.43000030517578,34.7400016784668,34.7400016784668,473300
2017-02-02,34.70000076293945,34.79999923706055,33.7599983215332,34.119998931884766,34.119998931884766,633000
2017-02-03,34.029998779296875,34.625,34.0,34.40999984741211,34.40999984741211,546300
2017-02-06,34.43000030517578,34.650001525878906,33.810001373291016,34.20000076293945,34.20000076293945,301500
2017-02-07,34.16999816894531,34.45000076293945,33.099998474121094,33.380001068115234,33.380001068115234,348700
2017-02-08,34.349998474121094,34.5,33.630001068115234,34.0,34.0,578200
2017-02-09,34.02000045776367,34.34000015258789,33.560001373291016,33.83000183105469,33.83000183105469,470600
2017-02-10,34.0099983215332,34.23699951171875,32.02000045776367,33.189998626708984,33.189998626708984,482200
2017-02-13,33.439998626708984,33.64699935913086,32.90999984741211,33.52000045776367,33.52000045776367,628800
2017-02-14,33.689998626708984,35.439998626708984,33.599998474121094,34.72999954223633,34.72999954223633,676100
2017-02-15,34.95000076293945,36.68000030517578,34.900001525878906,36.4900016784668,36.4900016784668,1418000
2017-02-16,36.63999938964844,37.41999816894531,34.78099822998047,35.36000061035156,35.36000061035156,2366100
2017-02-17,33.060001373291016,33.46500015258789,30.3700008392334,31.170000076293945,31.170000076293945,3380900
2017-02-21,30.700000762939453,31.299999237060547,28.31999969482422,28.829999923706055,28.829999923706055,3013900
2017-02-22,29.139999389648438,29.489999771118164,28.350000381469727,28.489999771118164,28.489999771118164,1052300
2017-02-23,29.1299991607666,31.06999969482422,29.100000381469727,30.940000534057617,30.940000534057617,1467300
2017-02-24,30.719999313354492,30.790000915527344,29.399999618530273,29.989999771118164,29.989999771118164,964900
2017-02-27,29.68000030517578,29.8439998626709,29.010000228881836,29.1200008392334,29.1200008392334,668500
2017-02-28,29.190000534057617,29.290000915527344,28.329999923706055,28.360000610351562,28.360000610351562,745900
2017-03-01,28.6299991607666,29.940000534057617,28.485000610351562,29.3700008392334,29.3700008392334,1127000
2017-03-02,29.270000457763672,29.770000457763672,28.850000381469727,29.09000015258789,29.09000015258789,641500
2017-03-03,29.049999237060547,29.329999923706055,28.34000015258789,29.139999389648438,29.139999389648438,830000
2017-03-06,28.920000076293945,28.974000930786133,27.399999618530273,28.200000762939453,28.200000762939453,863800
2017-03-07,28.100000381469727,28.100000381469727,26.690000534057617,27.360000610351562,27.360000610351562,1130200
2017-03-08,27.479999542236328,28.100000381469727,27.40999984741211,27.579999923706055,27.579999923706055,401900
2017-03-09,27.709999084472656,28.440000534057617,27.549999237060547,28.280000686645508,28.280000686645508,378200
2017-03-10,28.729999542236328,28.950000762939453,27.610000610351562,27.950000762939453,27.950000762939453,605700
2017-03-13,27.920000076293945,29.010000228881836,27.815000534057617,28.979999542236328,28.979999542236328,570900
2017-03-14,28.81999969482422,29.0,27.899999618530273,28.020000457763672,28.020000457763672,723600
2017-03-15,28.260000228881836,28.940000534057617,27.899999618530273,28.43000030517578,28.43000030517578,567400
2017-03-16,28.610000610351562,28.90999984741211,28.149999618530273,28.540000915527344,28.540000915527344,374100
2017-03-17,28.829999923706055,29.170000076293945,28.350000381469727,28.729999542236328,28.729999542236328,678200
2017-03-20,28.81999969482422,28.899999618530273,28.25,28.799999237060547,28.799999237060547,502400
2017-03-21,28.950000762939453,29.450000762939453,28.360000610351562,28.700000762939453,28.700000762939453,977400
2017-03-22,28.530000686645508,28.829999923706055,27.559999465942383,28.110000610351562,28.110000610351562,804600
2017-03-23,28.040000915527344,29.0,27.8700008392334,28.1200008392334,28.1200008392334,651500
2017-03-24,28.229999542236328,28.450000762939453,27.780000686645508,28.139999389648438,28.139999389648438,395600
2017-03-27,27.790000915527344,29.165000915527344,27.760000228881836,29.030000686645508,29.030000686645508,518800
2017-03-28,29.06999969482422,29.950000762939453,28.799999237060547,29.780000686645508,29.780000686645508,649200
2017-03-29,29.8700008392334,30.799999237060547,29.582000732421875,30.260000228881836,30.260000228881836,871700
2017-03-30,30.270000457763672,30.80500030517578,29.81999969482422,30.469999313354492,30.469999313354492,461100
2017-03-31,30.479999542236328,30.5,30.1299991607666,30.270000457763672,30.270000457763672,303200
2017-04-03,30.420000076293945,30.479000091552734,28.440000534057617,28.68000030517578,28.68000030517578,779200
2017-04-04,28.579999923706055,28.760000228881836,28.0,28.6200008392334,28.6200008392334,366500
2017-04-05,28.829999923706055,29.15999984741211,28.299999237060547,28.799999237060547,28.799999237060547,371000
2017-04-06,28.799999237060547,30.280000686645508,28.350000381469727,29.959999084472656,29.959999084472656,425700
2017-04-07,29.670000076293945,30.524999618530273,29.280000686645508,29.520000457763672,29.520000457763672,470200
2017-04-10,29.670000076293945,30.549999237060547,29.549999237060547,30.440000534057617,30.440000534057617,450300
2017-04-11,30.5,31.149999618530273,29.940000534057617,31.040000915527344,31.040000915527344,449700
2017-04-12,31.110000610351562,31.610000610351562,30.780000686645508,31.389999389648438,31.389999389648438,228200
2017-04-13,31.399999618530273,32.4900016784668,31.399999618530273,31.889999389648438,31.889999389648438,341900
2017-04-17,32.16999816894531,32.64099884033203,31.799999237060547,31.989999771118164,31.989999771118164,361900
2017-04-18,32.0,33.5,32.0,33.150001525878906,33.150001525878906,647200
2017-04-19,33.459999084472656,34.9900016784668,33.150001525878906,34.4900016784668,34.4900016784668,546200
2017-04-20,34.65999984741211,36.36000061035156,34.54999923706055,35.66999816894531,35.66999816894531,746200
2017-04-21,35.70000076293945,37.27000045776367,35.45000076293945,36.2400016784668,36.2400016784668,792600
2017-04-24,36.5,37.02000045776367,36.25,36.77000045776367,36.77000045776367,763300
2017-04-25,36.97999954223633,38.0,36.51100158691406,37.459999084472656,37.459999084472656,848000
2017-04-26,37.41999816894531,37.933998107910156,35.81999969482422,37.56999969482422,37.56999969482422,487700
2017-04-27,37.5,39.5,37.47999954223633,39.02000045776367,39.02000045776367,598300
2017-04-28,38.91999816894531,40.0,37.36000061035156,37.47999954223633,37.47999954223633,676300
2017-05-01,37.709999084472656,38.11000061035156,35.36000061035156,35.529998779296875,35.529998779296875,1076700
2017-05-02,35.36000061035156,37.97999954223633,35.22999954223633,36.79999923706055,36.79999923706055,656700
2017-05-03,36.52000045776367,36.79999923706055,35.869998931884766,36.5099983215332,36.5099983215332,610100
2017-05-04,36.7400016784668,38.119998931884766,36.36000061035156,37.84000015258789,37.84000015258789,1005200
2017-05-05,35.0,43.93000030517578,34.0,41.119998931884766,41.119998931884766,2498300
2017-05-08,40.40999984741211,40.689998626708984,38.02000045776367,38.130001068115234,38.130001068115234,1226000
2017-05-09,38.09000015258789,39.7400016784668,37.18000030517578,38.88999938964844,38.88999938964844,917000
2017-05-10,38.88999938964844,40.29999923706055,38.5,39.41999816894531,39.41999816894531,623500
2017-05-11,39.04999923706055,39.584999084472656,38.150001525878906,39.209999084472656,39.209999084472656,503500
2017-05-12,38.900001525878906,39.61000061035156,38.900001525878906,39.45000076293945,39.45000076293945,282500
2017-05-15,39.59000015258789,42.9900016784668,39.22800064086914,42.310001373291016,42.310001373291016,993200
2017-05-16,42.529998779296875,43.68000030517578,39.81999969482422,40.58000183105469,40.58000183105469,1028100
2017-05-17,39.61000061035156,41.560001373291016,38.5,41.38999938964844,41.38999938964844,827200
2017-05-18,41.15999984741211,41.9900016784668,40.470001220703125,40.72999954223633,40.72999954223633,364300
2017-05-19,40.63999938964844,41.3489990234375,40.13999938964844,40.959999084472656,40.959999084472656,269800
2017-05-22,42.959999084472656,46.220001220703125,41.959999084472656,44.380001068115234,44.380001068115234,1701300
2017-05-23,44.380001068115234,44.750999450683594,43.31999969482422,43.81999969482422,43.81999969482422,460300
2017-05-24,44.040000915527344,47.86000061035156,43.88999938964844,45.79999923706055,45.79999923706055,965700
2017-05-25,45.849998474121094,47.5,45.70000076293945,46.0099983215332,46.0099983215332,481200
2017-05-26,46.0099983215332,46.70000076293945,44.540000915527344,44.83000183105469,44.83000183105469,449900
2017-05-30,45.709999084472656,46.040000915527344,44.560001373291016,45.27000045776367,45.27000045776367,279100
2017-05-31,45.54999923706055,45.709999084472656,43.0,43.650001525878906,43.650001525878906,502800
2017-06-01,43.52000045776367,46.0,43.27000045776367,45.83000183105469,45.83000183105469,396000
2017-06-02,45.90999984741211,47.18000030517578,45.560001373291016,45.77000045776367,45.77000045776367,340600
2017-06-05,45.47999954223633,46.69200134277344,45.029998779296875,46.27000045776367,46.27000045776367,232800
2017-06-06,46.290000915527344,49.16999816894531,46.290000915527344,47.959999084472656,47.959999084472656,711900
2017-06-07,47.790000915527344,49.04999923706055,47.470001220703125,48.2599983215332,48.2599983215332,367800
2017-06-08,49.45000076293945,49.689998626708984,47.7599983215332,49.13999938964844,49.13999938964844,430800
2017-06-09,49.5,49.79999923706055,41.52000045776367,42.63999938964844,42.63999938964844,1256100
2017-06-12,42.0,46.34000015258789,40.400001525878906,45.75,45.75,894200
2017-06-13,46.5,48.5,46.15999984741211,46.4900016784668,46.4900016784668,550200
2017-06-14,46.459999084472656,47.94300079345703,45.2599983215332,46.540000915527344,46.540000915527344,369600
2017-06-15,45.560001373291016,48.20000076293945,45.0,46.77000045776367,46.77000045776367,401300
2017-06-16,49.0,55.95899963378906,48.400001525878906,55.709999084472656,55.709999084472656,2241200
2017-06-19,53.79999923706055,57.150001525878906,53.5,55.849998474121094,55.849998474121094,1211600
2017-06-20,55.369998931884766,56.970001220703125,53.16999816894531,54.68000030517578,54.68000030517578,776400
2017-06-21,54.7599983215332,55.70000076293945,54.0,54.65999984741211,54.65999984741211,487100
2017-06-22,55.0,56.20000076293945,53.29999923706055,54.650001525878906,54.650001525878906,737200
2017-06-23,55.27000045776367,58.849998474121094,54.79999923706055,58.790000915527344,58.790000915527344,2486300
2017-06-26,60.25,60.849998474121094,57.150001525878906,59.369998931884766,59.369998931884766,800000
2017-06-27,56.79999923706055,57.5,51.33000183105469,53.150001525878906,53.150001525878906,1557200
2017-06-28,53.689998626708984,54.94599914550781,52.470001220703125,54.86000061035156,54.86000061035156,732700
2017-06-29,53.79999923706055,56.0099983215332,49.70000076293945,51.18000030517578,51.18000030517578,1057300
2017-06-30,51.06999969482422,51.97999954223633,48.599998474121094,48.650001525878906,48.650001525878906,921100
2017-07-03,48.79999923706055,50.9900016784668,47.75,47.84000015258789,47.84000015258789,514300
2017-07-05,47.83000183105469,50.50299835205078,46.770999908447266,49.84000015258789,49.84000015258789,676400
2017-07-06,49.220001220703125,51.25,47.90999984741211,49.369998931884766,49.369998931884766,489100
2017-07-07,49.220001220703125,51.34000015258789,48.88999938964844,51.150001525878906,51.150001525878906,449500
2017-07-10,51.130001068115234,53.290000915527344,50.060001373291016,51.43000030517578,51.43000030517578,494100
2017-07-11,50.810001373291016,53.4900016784668,50.650001525878906,52.5,52.5,414700
2017-07-12,53.06999969482422,54.880001068115234,52.5,52.72999954223633,52.72999954223633,569000
2017-07-13,53.45000076293945,53.9900016784668,51.560001373291016,53.470001220703125,53.470001220703125,378200
2017-07-14,53.349998474121094,53.87099838256836,51.810001373291016,52.619998931884766,52.619998931884766,439600
2017-07-17,52.810001373291016,55.119998931884766,52.4630012512207,54.220001220703125,54.220001220703125,557600
2017-07-18,54.290000915527344,55.900001525878906,51.880001068115234,52.40999984741211,52.40999984741211,830000
2017-07-19,52.13999938964844,53.400001525878906,50.38999938964844,51.25,51.25,585800
2017-07-20,50.5,54.400001525878906,48.900001525878906,54.0,54.0,1524000
2017-07-21,54.369998931884766,54.369998931884766,51.77000045776367,52.40999984741211,52.40999984741211,592700
2017-07-24,52.400001525878906,54.0,51.56999969482422,53.150001525878906,53.150001525878906,557900
2017-07-25,53.09000015258789,53.09000015258789,51.630001068115234,52.349998474121094,52.349998474121094,420200
2017-07-26,52.459999084472656,54.0,52.0,53.0099983215332,53.0099983215332,495100
2017-07-27,53.0099983215332,55.68000030517578,49.70000076293945,50.33000183105469,50.33000183105469,1173100
2017-07-28,49.86000061035156,51.486000061035156,49.20000076293945,50.77000045776367,50.77000045776367,715500
2017-07-31,51.06999969482422,51.29999923706055,48.9010009765625,49.13999938964844,49.13999938964844,498300
2017-08-01,48.93000030517578,50.426998138427734,48.369998931884766,50.09000015258789,50.09000015258789,414600
2017-08-02,50.619998931884766,50.72800064086914,47.25299835205078,49.04999923706055,49.04999923706055,507000
2017-08-03,49.29999923706055,49.56999969482422,47.220001220703125,47.91999816894531,47.91999816894531,686300
2017-08-04,38.0,39.81999969482422,36.20000076293945,37.52000045776367,37.52000045776367,4860400
2017-08-07,38.0099983215332,39.41999816894531,36.20000076293945,37.040000915527344,37.040000915527344,1622500
2017-08-08,37.38999938964844,38.25,37.04499816894531,37.41999816894531,37.41999816894531,830100
2017-08-09,37.45000076293945,38.099998474121094,36.130001068115234,36.56999969482422,36.56999969482422,751000
2017-08-10,36.04999923706055,36.41999816894531,33.31999969482422,33.61000061035156,33.61000061035156,1335100
2017-08-11,33.63999938964844,34.63999938964844,33.63999938964844,33.77000045776367,33.77000045776367,1146000
2017-08-14,34.209999084472656,34.48899841308594,33.22999954223633,33.58000183105469,33.58000183105469,1110500
2017-08-15,33.52000045776367,33.52000045776367,31.149999618530273,32.0,32.0,1174300
2017-08-16,31.850000381469727,32.75,31.100000381469727,32.13999938964844,32.13999938964844,577700
2017-08-17,31.799999237060547,32.11000061035156,30.5,30.540000915527344,30.540000915527344,570200
2017-08-18,30.700000762939453,31.959999084472656,29.825000762939453,31.440000534057617,31.440000534057617,570700
2017-08-21,31.34000015258789,31.34000015258789,29.850000381469727,30.229999542236328,30.229999542236328,617900
2017-08-22,30.59000015258789,31.170000076293945,30.34600067138672,30.940000534057617,30.940000534057617,582400
2017-08-23,31.639999389648438,32.4900016784668,31.065000534057617,31.770000457763672,31.770000457763672,969300
2017-08-24,32.11000061035156,35.840999603271484,32.016998291015625,35.439998626708984,35.439998626708984,1363400
2017-08-25,36.18000030517578,38.4900016784668,36.099998474121094,36.41999816894531,36.41999816894531,1457000
2017-08-28,36.20000076293945,36.4900016784668,34.2599983215332,36.119998931884766,36.119998931884766,691000
2017-08-29,34.68000030517578,36.650001525878906,34.43000030517578,36.279998779296875,36.279998779296875,423500
2017-08-30,36.400001525878906,37.779998779296875,36.02199935913086,37.029998779296875,37.029998779296875,521400
2017-08-31,36.81999969482422,38.41999816894531,36.81999969482422,38.2400016784668,38.2400016784668,656900
2017-09-01,38.75,39.09000015258789,37.16999816894531,39.0,39.0,500200
2017-09-05,38.91999816894531,39.15999984741211,36.400001525878906,38.060001373291016,38.060001373291016,732200
2017-09-06,38.459999084472656,39.0,37.810001373291016,38.619998931884766,38.619998931884766,379000
2017-09-07,38.5099983215332,38.900001525878906,37.310001373291016,37.9900016784668,37.9900016784668,519500
2017-09-08,38.130001068115234,38.310001373291016,36.40999984741211,36.97999954223633,36.97999954223633,442100
2017-09-11,37.689998626708984,38.0,36.54100036621094,37.560001373291016,37.560001373291016,426300
2017-09-12,37.52000045776367,40.54999923706055,37.41899871826172,39.56999969482422,39.56999969482422,850100
2017-09-13,39.439998626708984,39.92599868774414,37.20000076293945,38.08000183105469,38.08000183105469,586800
2017-09-14,37.630001068115234,38.79999923706055,37.130001068115234,38.130001068115234,38.130001068115234,378100
2017-09-15,37.849998474121094,40.970001220703125,37.849998474121094,40.810001373291016,40.810001373291016,1391400
2017-09-18,40.7400016784668,41.39699935913086,38.70000076293945,39.20000076293945,39.20000076293945,533800
2017-09-19,39.0099983215332,40.25,38.36000061035156,39.54999923706055,39.54999923706055,438200
2017-09-20,39.54999923706055,40.29999923706055,38.52000045776367,40.06999969482422,40.06999969482422,374900
2017-09-21,39.939998626708984,40.93000030517578,39.19599914550781,40.470001220703125,40.470001220703125,390300
2017-09-22,40.54999923706055,41.79999923706055,40.0099983215332,41.25,41.25,434600
2017-09-25,40.7599983215332,41.400001525878906,37.650001525878906,38.439998626708984,38.439998626708984,732000
2017-09-26,38.90999984741211,39.18899917602539,37.279998779296875,37.630001068115234,37.630001068115234,561100
2017-09-27,38.04999923706055,39.470001220703125,37.11000061035156,39.13999938964844,39.13999938964844,621500
2017-09-28,39.2400016784668,41.7599983215332,39.16999816894531,40.58000183105469,40.58000183105469,563900
2017-09-29,40.58000183105469,41.709999084472656,40.42300033569336,41.61000061035156,41.61000061035156,402800
2017-10-02,41.61000061035156,41.970001220703125,40.599998474121094,40.689998626708984,40.689998626708984,315600
2017-10-03,40.79999923706055,40.79999923706055,39.0099983215332,39.560001373291016,39.560001373291016,474400
2017-10-04,39.63999938964844,40.5,39.11000061035156,40.290000915527344,40.290000915527344,414000
2017-10-05,40.099998474121094,40.64899826049805,39.279998779296875,39.310001373291016,39.310001373291016,264600
2017-10-06,39.0,39.45500183105469,37.08000183105469,37.09000015258789,37.09000015258789,541400
2017-10-09,37.93000030517578,38.35200119018555,37.150001525878906,37.7400016784668,37.7400016784668,381100
2017-10-10,37.79999923706055,38.09000015258789,36.54999923706055,36.849998474121094,36.849998474121094,349900
2017-10-11,36.849998474121094,37.75,36.7599983215332,37.08000183105469,37.08000183105469,273200
2017-10-12,36.9900016784668,38.04199981689453,36.54999923706055,37.470001220703125,37.470001220703125,276000
2017-10-13,37.470001220703125,37.470001220703125,35.58000183105469,35.689998626708984,35.689998626708984,598900
2017-10-16,35.599998474121094,35.70000076293945,34.56999969482422,34.97999954223633,34.97999954223633,443300
2017-10-17,34.970001220703125,36.290000915527344,34.849998474121094,35.959999084472656,35.959999084472656,390700
2017-10-18,35.630001068115234,36.4900016784668,35.630001068115234,36.16999816894531,36.16999816894531,226600
2017-10-19,35.68000030517578,35.959999084472656,34.529998779296875,35.90999984741211,35.90999984741211,324700
2017-10-20,36.09000015258789,36.560001373291016,34.777000427246094,34.95000076293945,34.95000076293945,229500
2017-10-23,34.97999954223633,35.0,34.5099983215332,34.810001373291016,34.810001373291016,271100
2017-10-24,34.810001373291016,36.5,34.810001373291016,35.97999954223633,35.97999954223633,403700
2017-10-25,35.720001220703125,36.36000061035156,34.80099868774414,35.540000915527344,35.540000915527344,377900
2017-10-26,35.220001220703125,35.77000045776367,34.61000061035156,34.90999984741211,34.90999984741211,419300
2017-10-27,35.15999984741211,35.744998931884766,33.900001525878906,35.040000915527344,35.040000915527344,586600
2017-10-30,35.099998474121094,35.439998626708984,33.720001220703125,34.7599983215332,34.7599983215332,446300
2017-10-31,34.45000076293945,35.189998626708984,33.77000045776367,34.13999938964844,34.13999938964844,481000
2017-11-01,34.2599983215332,34.76499938964844,32.650001525878906,32.79999923706055,32.79999923706055,867800
2017-11-02,23.100000381469727,23.329999923706055,19.97100067138672,21.549999237060547,21.549999237060547,7507700
2017-11-03,21.0,22.309999465942383,20.861000061035156,22.229999542236328,22.229999542236328,1682300
2017-11-06,22.0,24.59000015258789,21.989999771118164,24.0,24.0,1499200
2017-11-07,24.1200008392334,24.8799991607666,23.290000915527344,24.440000534057617,24.440000534057617,1018100
2017-11-08,24.190000534057617,25.889999389648438,24.190000534057617,25.56999969482422,25.56999969482422,756800
2017-11-09,25.469999313354492,25.889999389648438,24.31999969482422,25.049999237060547,25.049999237060547,807600
2017-11-10,24.959999084472656,27.260000228881836,24.899999618530273,26.440000534057617,26.440000534057617,830400
2017-11-13,26.469999313354492,26.469999313354492,25.049999237060547,25.579999923706055,25.579999923706055,730300
2017-11-14,25.450000762939453,27.940000534057617,25.110000610351562,27.530000686645508,27.530000686645508,844300
2017-11-15,27.0,27.0,25.5,25.709999084472656,25.709999084472656,907100
2017-11-16,25.709999084472656,26.458999633789062,25.209999084472656,25.229999542236328,25.229999542236328,608400
2017-11-17,25.149999618530273,25.545000076293945,24.700000762939453,25.309999465942383,25.309999465942383,477900
2017-11-20,25.3799991607666,26.0,25.059999465942383,25.229999542236328,25.229999542236328,454300
2017-11-21,25.25,25.290000915527344,24.41200065612793,25.0,25.0,563900
2017-11-22,25.25,26.84000015258789,25.100000381469727,26.170000076293945,26.170000076293945,597500
2017-11-24,26.31999969482422,26.878000259399414,26.09000015258789,26.270000457763672,26.270000457763672,187300
2017-11-27,26.25,27.290000915527344,26.1299991607666,26.260000228881836,26.260000228881836,401700
2017-11-28,26.389999389648438,26.389999389648438,25.100000381469727,25.579999923706055,25.579999923706055,456400
2017-11-29,25.399999618530273,25.530000686645508,24.31999969482422,24.719999313354492,24.719999313354492,612400
2017-11-30,25.0,25.81999969482422,24.799999237060547,25.469999313354492,25.469999313354492,479500
2017-12-01,25.270000457763672,25.270000457763672,23.700000762939453,24.559999465942383,24.559999465942383,550000
2017-12-04,25.0,25.0,22.799999237060547,22.950000762939453,22.950000762939453,951500
2017-12-05,22.809999465942383,24.405000686645508,22.200000762939453,23.739999771118164,23.739999771118164,593300
2017-12-06,23.440000534057617,23.8700008392334,23.110000610351562,23.309999465942383,23.309999465942383,378500
2017-12-07,23.020000457763672,23.878000259399414,23.020000457763672,23.559999465942383,23.559999465942383,366400
2017-12-08,23.729999542236328,24.399999618530273,23.309999465942383,23.420000076293945,23.420000076293945,308000
2017-12-11,23.3799991607666,24.3700008392334,23.25,24.049999237060547,24.049999237060547,385100
2017-12-12,23.920000076293945,24.06999969482422,23.239999771118164,23.3799991607666,23.3799991607666,413300
2017-12-13,23.239999771118164,23.860000610351562,23.219999313354492,23.280000686645508,23.280000686645508,304100
2017-12-14,23.18000030517578,24.299999237060547,23.000999450683594,23.170000076293945,23.170000076293945,364900
2017-12-15,23.170000076293945,23.920000076293945,22.729999542236328,23.770000457763672,23.770000457763672,1000000
2017-12-18,23.969999313354492,24.959999084472656,23.799999237060547,24.65999984741211,24.65999984741211,495100
2017-12-19,24.760000228881836,24.969999313354492,23.700000762939453,23.809999465942383,23.809999465942383,427000
2017-12-20,24.110000610351562,24.459999084472656,23.56999969482422,23.670000076293945,23.670000076293945,250800
2017-12-21,23.559999465942383,23.81999969482422,23.049999237060547,23.59000015258789,23.59000015258789,410200
2017-12-22,23.40999984741211,23.440000534057617,22.469999313354492,22.56999969482422,22.56999969482422,520800
2017-12-26,22.200000762939453,22.389999389648438,21.459999084472656,22.049999237060547,22.049999237060547,603500
2017-12-27,21.90999984741211,22.860000610351562,21.777999877929688,22.3700008392334,22.3700008392334,359300
2017-12-28,22.440000534057617,22.53499984741211,21.81999969482422,21.989999771118164,21.989999771118164,503300
2017-12-29,21.989999771118164,22.899999618530273,21.809999465942383,22.530000686645508,22.530000686645508,628800
2018-01-02,22.829999923706055,24.229999542236328,22.579999923706055,23.559999465942383,23.559999465942383,537500
2018-01-03,23.760000228881836,24.459999084472656,23.55900001525879,24.34000015258789,24.34000015258789,419900
2018-01-04,24.59000015258789,24.940000534057617,23.579999923706055,24.010000228881836,24.010000228881836,459000
2018-01-05,24.1299991607666,24.27899932861328,23.809999465942383,24.010000228881836,24.010000228881836,365400
2018-01-08,24.049999237060547,24.200000762939453,22.920000076293945,23.3700008392334,23.3700008392334,524900
2018-01-09,23.5,23.65999984741211,23.020000457763672,23.229999542236328,23.229999542236328,237100
2018-01-10,23.0,23.520000457763672,22.799999237060547,23.34000015258789,23.34000015258789,310500
2018-01-11,23.329999923706055,23.559999465942383,23.100000381469727,23.299999237060547,23.299999237060547,323600
2018-01-12,23.149999618530273,23.600000381469727,23.1200008392334,23.40999984741211,23.40999984741211,263000
2018-01-16,23.579999923706055,24.850000381469727,22.760000228881836,23.0,23.0,684000
2018-01-17,23.030000686645508,23.530000686645508,22.75,22.989999771118164,22.989999771118164,344300
2018-01-18,23.020000457763672,24.099000930786133,23.020000457763672,23.75,23.75,444500
2018-01-19,23.969999313354492,24.1200008392334,23.149999618530273,23.219999313354492,23.219999313354492,265300
2018-01-22,23.850000381469727,27.399999618530273,23.5,25.309999465942383,25.309999465942383,2220900
2018-01-23,25.559999465942383,25.559999465942383,23.520000457763672,24.43000030517578,24.43000030517578,895100
2018-01-24,24.3700008392334,24.56999969482422,22.799999237060547,23.100000381469727,23.100000381469727,827900
2018-01-25,23.229999542236328,23.25,22.0,22.270000457763672,22.270000457763672,874300
2018-01-26,22.170000076293945,22.260000228881836,20.920000076293945,21.700000762939453,21.700000762939453,1043900
2018-01-29,22.1299991607666,22.190000534057617,21.190000534057617,21.719999313354492,21.719999313354492,371900
2018-01-30,21.479999542236328,21.68000030517578,21.059999465942383,21.649999618530273,21.649999618530273,276200
2018-01-31,21.829999923706055,22.56999969482422,21.829999923706055,22.3700008392334,22.3700008392334,480600
2018-02-01,22.15999984741211,23.15999984741211,22.09000015258789,22.860000610351562,22.860000610351562,540600
2018-02-02,14.0,14.149999618530273,12.010000228881836,12.15999984741211,12.15999984741211,11711900
2018-02-05,11.739999771118164,12.569999694824219,11.3100004196167,11.9399995803833,11.9399995803833,3223300
2018-02-06,12.199999809265137,12.75,11.569999694824219,11.739999771118164,11.739999771118164,2269500
2018-02-07,11.65999984741211,11.960000038146973,11.399999618530273,11.40999984741211,11.40999984741211,1837600
2018-02-08,11.460000038146973,12.399999618530273,11.40999984741211,12.050000190734863,12.050000190734863,1365500
2018-02-09,12.229999542236328,12.369999885559082,11.640000343322754,12.270000457763672,12.270000457763672,948900
2018-02-12,12.350000381469727,13.25,12.350000381469727,13.0,13.0,1303800
2018-02-13,12.930000305175781,13.119999885559082,12.586999893188477,12.880000114440918,12.880000114440918,777700
2018-02-14,12.649999618530273,13.010000228881836,12.649999618530273,12.90999984741211,12.90999984741211,688200
2018-02-15,13.079999923706055,13.75,12.9399995803833,13.430000305175781,13.430000305175781,1381200
2018-02-16,11.75,11.989999771118164,9.949999809265137,11.069999694824219,11.069999694824219,5966500
2018-02-20,10.979999542236328,12.350000381469727,10.649999618530273,12.055000305175781,12.055000305175781,2400600
2018-02-21,12.140000343322754,13.020000457763672,12.09000015258789,12.149999618530273,12.149999618530273,1653700
2018-02-22,12.510000228881836,12.920000076293945,12.380000114440918,12.539999961853027,12.539999961853027,883200
2018-02-23,12.510000228881836,12.850000381469727,12.510000228881836,12.84000015258789,12.84000015258789,674800
2018-02-26,12.890000343322754,13.180000305175781,12.710000038146973,13.039999961853027,13.039999961853027,428000
2018-02-27,13.640000343322754,13.920000076293945,13.300000190734863,13.600000381469727,13.600000381469727,1134600
2018-02-28,13.75,13.836999893188477,12.40999984741211,12.739999771118164,12.739999771118164,1012300
2018-03-01,12.579999923706055,13.520000457763672,12.579999923706055,13.140000343322754,13.140000343322754,727300
2018-03-02,12.90999984741211,13.40999984741211,12.75,13.319999694824219,13.319999694824219,623000
2018-03-05,13.300000190734863,14.100000381469727,13.300000190734863,13.84000015258789,13.84000015258789,1197000
2018-03-06,14.0,14.109999656677246,13.399999618530273,13.569999694824219,13.569999694824219,611100
2018-03-07,13.449999809265137,13.789999961853027,13.25,13.760000228881836,13.760000228881836,396100
2018-03-08,13.819999694824219,14.75,13.640000343322754,14.380000114440918,14.380000114440918,938100
2018-03-09,14.479999542236328,14.6899995803833,13.229999542236328,13.625,13.625,1026800
2018-03-12,13.710000038146973,14.34000015258789,13.710000038146973,13.930000305175781,13.930000305175781,641400
2018-03-13,13.960000038146973,14.210000038146973,13.520000457763672,13.65999984741211,13.65999984741211,509200
2018-03-14,13.649999618530273,13.920000076293945,13.390999794006348,13.630000114440918,13.630000114440918,323900
2018-03-15,13.609999656677246,13.6899995803833,13.199999809265137,13.359999656677246,13.359999656677246,339700
2018-03-16,13.34000015258789,13.760000228881836,13.241000175476074,13.600000381469727,13.600000381469727,1170800
2018-03-19,13.600000381469727,14.050000190734863,13.300000190734863,13.5,13.5,588500
2018-03-20,13.479999542236328,13.779999732971191,13.25100040435791,13.5600004196167,13.5600004196167,287600
2018-03-21,13.510000228881836,14.069000244140625,13.449999809265137,13.75,13.75,392500
2018-03-22,13.729999542236328,13.8100004196167,13.074999809265137,13.109999656677246,13.109999656677246,516300
2018-03-23,13.100000381469727,13.300000190734863,12.640000343322754,12.859999656677246,12.859999656677246,455100
2018-03-26,13.199999809265137,13.5600004196167,12.831000328063965,13.020000457763672,13.020000457763672,524200
2018-03-27,13.210000038146973,13.220000267028809,12.779999732971191,12.890000343322754,12.890000343322754,363500
2018-03-28,12.899999618530273,13.14900016784668,12.65999984741211,12.890000343322754,12.890000343322754,324000
2018-03-29,12.899999618530273,13.54800033569336,12.899999618530273,13.020000457763672,13.020000457763672,404000
2018-04-02,12.899999618530273,13.15999984741211,12.4399995803833,12.579999923706055,12.579999923706055,394300
2018-04-03,12.670000076293945,12.960000038146973,12.479999542236328,12.880000114440918,12.880000114440918,307200
2018-04-04,12.6899995803833,12.989999771118164,12.071000099182129,12.880000114440918,12.880000114440918,395600
2018-04-05,13.010000228881836,13.220000267028809,12.770000457763672,12.989999771118164,12.989999771118164,180600
2018-04-06,12.829999923706055,13.170000076293945,12.479999542236328,12.600000381469727,12.600000381469727,202700
2018-04-09,12.680000305175781,12.989999771118164,12.510000228881836,12.5600004196167,12.5600004196167,214600
2018-04-10,12.8100004196167,13.069999694824219,12.5600004196167,12.789999961853027,12.789999961853027,253200
2018-04-11,12.770000457763672,13.720000267028809,12.699999809265137,13.399999618530273,13.399999618530273,516200
2018-04-12,13.539999961853027,14.390000343322754,13.350000381469727,14.140000343322754,14.140000343322754,528400
2018-04-13,14.289999961853027,14.289999961853027,12.944999694824219,13.460000038146973,13.460000038146973,603000
2018-04-16,13.479999542236328,13.880000114440918,13.239999771118164,13.359999656677246,13.359999656677246,333400
2018-04-17,13.5600004196167,13.859999656677246,13.449999809265137,13.75,13.75,288200
2018-04-18,13.760000228881836,14.399999618530273,13.5,14.300000190734863,14.300000190734863,466300
2018-04-19,14.199999809265137,14.260000228881836,13.359999656677246,13.470000267028809,13.470000267028809,484700
2018-04-20,13.359999656677246,13.545999526977539,13.024999618530273,13.270000457763672,13.270000457763672,258400
2018-04-23,13.270000457763672,13.479999542236328,12.729999542236328,12.850000381469727,12.850000381469727,339800
2018-04-24,12.960000038146973,13.199999809265137,12.5,12.720000267028809,12.720000267028809,504000
2018-04-25,12.6899995803833,12.729000091552734,12.149999618530273,12.34000015258789,12.34000015258789,348300
2018-04-26,12.380000114440918,12.449000358581543,12.130000114440918,12.229999542236328,12.229999542236328,314500
2018-04-27,12.369999885559082,12.369999885559082,11.569999694824219,11.869999885559082,11.869999885559082,523700
2018-04-30,11.859999656677246,12.34000015258789,11.758999824523926,12.289999961853027,12.289999961853027,247200
2018-05-01,12.3100004196167,12.75,12.229999542236328,12.609999656677246,12.609999656677246,386500
2018-05-02,12.609999656677246,12.949999809265137,12.359999656677246,12.399999618530273,12.399999618530273,256500
2018-05-03,12.300000190734863,12.699999809265137,12.079999923706055,12.569999694824219,12.569999694824219,225400
2018-05-04,12.579999923706055,13.199999809265137,12.579999923706055,13.010000228881836,13.010000228881836,446000
2018-05-07,13.130000114440918,13.850000381469727,12.899999618530273,13.579999923706055,13.579999923706055,600300
2018-05-08,16.200000762939453,18.1299991607666,16.100000381469727,17.399999618530273,17.399999618530273,3357700
2018-05-09,18.190000534057617,20.3799991607666,17.610000610351562,18.09000015258789,18.09000015258789,1793000
2018-05-10,18.860000610351562,19.569000244140625,18.315000534057617,18.440000534057617,18.440000534057617,700300
2018-05-11,18.34000015258789,18.3799991607666,16.8799991607666,17.079999923706055,17.079999923706055,794600
2018-05-14,17.31999969482422,18.30900001525879,17.31999969482422,17.780000686645508,17.780000686645508,571400
2018-05-15,17.6299991607666,17.636999130249023,16.860000610351562,17.06999969482422,17.06999969482422,537900
2018-05-16,17.399999618530273,17.459999084472656,16.75,17.329999923706055,17.329999923706055,364100
2018-05-17,17.239999771118164,17.959999084472656,17.239999771118164,17.6299991607666,17.6299991607666,247600
2018-05-18,17.670000076293945,17.878000259399414,17.100000381469727,17.510000228881836,17.510000228881836,250300
2018-05-21,17.5,17.809999465942383,17.209999084472656,17.489999771118164,17.489999771118164,255800
2018-05-22,17.5,17.829999923706055,16.83099937438965,16.959999084472656,16.959999084472656,330000
2018-05-23,16.790000915527344,17.020000457763672,16.459999084472656,16.700000762939453,16.700000762939453,305600
2018-05-24,16.75,17.219999313354492,16.440000534057617,16.899999618530273,16.899999618530273,339500
2018-05-25,16.899999618530273,17.18000030517578,16.469999313354492,16.739999771118164,16.739999771118164,283100
2018-05-29,17.149999618530273,19.969999313354492,17.038999557495117,19.079999923706055,19.079999923706055,1400900
2018-05-30,19.229999542236328,19.450000762939453,17.790000915527344,18.100000381469727,18.100000381469727,624800
2018-05-31,18.170000076293945,18.639999389648438,17.59000015258789,17.899999618530273,17.899999618530273,554100
2018-06-01,17.950000762939453,18.540000915527344,17.610000610351562,18.18000030517578,18.18000030517578,452100
2018-06-04,18.209999084472656,18.469999313354492,17.690000534057617,18.079999923706055,18.079999923706055,252100
2018-06-05,18.100000381469727,21.149999618530273,18.100000381469727,20.479999542236328,20.479999542236328,1251400
2018-06-06,20.450000762939453,20.950000762939453,19.309999465942383,20.510000228881836,20.510000228881836,764300
2018-06-07,20.56999969482422,20.950000762939453,19.90999984741211,20.549999237060547,20.549999237060547,788800
2018-06-08,20.3799991607666,21.67799949645996,20.0,21.209999084472656,21.209999084472656,532400
2018-06-11,21.31999969482422,22.100000381469727,20.36400032043457,21.389999389648438,21.389999389648438,683400
2018-06-12,21.450000762939453,22.260000228881836,20.65999984741211,21.229999542236328,21.229999542236328,616200
2018-06-13,21.18000030517578,21.780000686645508,21.0,21.25,21.25,305800
2018-06-14,21.350000381469727,22.84000015258789,21.350000381469727,22.5,22.5,649000
2018-06-15,22.280000686645508,22.43000030517578,21.809999465942383,22.399999618530273,22.399999618530273,459900
2018-06-18,22.350000381469727,22.3799991607666,22.010000228881836,22.260000228881836,22.260000228881836,235700
2018-06-19,22.75,22.959999084472656,20.649999618530273,21.440000534057617,21.440000534057617,701100
2018-06-20,21.559999465942383,23.2450008392334,21.329999923706055,22.889999389648438,22.889999389648438,509100
2018-06-21,22.889999389648438,23.0,22.020000457763672,22.65999984741211,22.65999984741211,334600
2018-06-22,22.860000610351562,23.079999923706055,22.347999572753906,23.0,23.0,419600
2018-06-25,22.559999465942383,22.77899932861328,20.690000534057617,21.540000915527344,21.540000915527344,631200
2018-06-26,21.600000381469727,21.900999069213867,21.020000457763672,21.729999542236328,21.729999542236328,251700
2018-06-27,21.950000762939453,22.739999771118164,21.0,21.020000457763672,21.020000457763672,491100
2018-06-28,21.0,22.079999923706055,20.8700008392334,21.760000228881836,21.760000228881836,354400
2018-06-29,21.809999465942383,22.459999084472656,21.25,22.110000610351562,22.110000610351562,307200
2018-07-02,21.100000381469727,22.700000762939453,21.020000457763672,22.469999313354492,22.469999313354492,261700
2018-07-03,22.549999237060547,22.6200008392334,21.649999618530273,22.094999313354492,22.094999313354492,154000
2018-07-05,22.260000228881836,23.549999237060547,22.1200008392334,23.34000015258789,23.34000015258789,425300
2018-07-06,23.34000015258789,24.100000381469727,22.850000381469727,23.81999969482422,23.81999969482422,337900
2018-07-09,23.920000076293945,24.479999542236328,23.239999771118164,24.100000381469727,24.100000381469727,469100
2018-07-10,24.270000457763672,24.450000762939453,23.010000228881836,23.559999465942383,23.559999465942383,350900
2018-07-11,23.3700008392334,24.1299991607666,22.239999771118164,24.0,24.0,331200
2018-07-12,24.06999969482422,24.520000457763672,23.680999755859375,24.049999237060547,24.049999237060547,253500
2018-07-13,24.149999618530273,24.149999618530273,23.440000534057617,23.790000915527344,23.790000915527344,176000
2018-07-16,23.780000686645508,24.40999984741211,23.264999389648438,24.1299991607666,24.1299991607666,194400
2018-07-17,23.8799991607666,24.739999771118164,23.75,24.139999389648438,24.139999389648438,250300
2018-07-18,24.190000534057617,24.899999618530273,23.100000381469727,24.459999084472656,24.459999084472656,360200
2018-07-19,24.450000762939453,25.6299991607666,24.020000457763672,25.049999237060547,25.049999237060547,327600
2018-07-20,25.0,25.75,24.610000610351562,24.979999542236328,24.979999542236328,327400
2018-07-23,24.829999923706055,25.475000381469727,24.024999618530273,25.350000381469727,25.350000381469727,195800
2018-07-24,25.450000762939453,25.979999542236328,23.739999771118164,23.979999542236328,23.979999542236328,365900
2018-07-25,23.959999084472656,24.950000762939453,23.959999084472656,24.8700008392334,24.8700008392334,120100
2018-07-26,24.760000228881836,25.110000610351562,23.739999771118164,24.0,24.0,298600
2018-07-27,24.040000915527344,24.690000534057617,22.209999084472656,22.959999084472656,22.959999084472656,303800
2018-07-30,22.889999389648438,23.079999923706055,19.739999771118164,20.5,20.5,995000
2018-07-31,20.520000457763672,21.84000015258789,20.21500015258789,21.309999465942383,21.309999465942383,282600
2018-08-01,21.40999984741211,22.280000686645508,21.239999771118164,21.90999984741211,21.90999984741211,261100
2018-08-02,21.600000381469727,22.350000381469727,21.003000259399414,21.989999771118164,21.989999771118164,369900
2018-08-03,20.139999389648438,21.139999389648438,18.211000442504883,18.969999313354492,18.969999313354492,914100
2018-08-06,18.6200008392334,19.1299991607666,18.6200008392334,18.8799991607666,18.8799991607666,392200
2018-08-07,18.5,19.875,18.170000076293945,19.389999389648438,19.389999389648438,516700
2018-08-08,19.440000534057617,19.84000015258789,19.1299991607666,19.399999618530273,19.399999618530273,223300
2018-08-09,19.389999389648438,19.549999237060547,19.020000457763672,19.139999389648438,19.139999389648438,246400
2018-08-10,18.989999771118164,19.6200008392334,18.5,19.559999465942383,19.559999465942383,262200
2018-08-13,19.450000762939453,19.940000534057617,19.15999984741211,19.5,19.5,153300
2018-08-14,19.440000534057617,19.7549991607666,18.861000061035156,19.3700008392334,19.3700008392334,174500
2018-08-15,19.200000762939453,19.30699920654297,18.31999969482422,18.829999923706055,18.829999923706055,245300
2018-08-16,18.420000076293945,19.43000030517578,18.26099967956543,18.860000610351562,18.860000610351562,229600
2018-08-17,18.75,19.209999084472656,18.360000610351562,19.190000534057617,19.190000534057617,255900
2018-08-20,19.260000228881836,19.6200008392334,18.969999313354492,19.25,19.25,137300
2018-08-21,19.229999542236328,20.31999969482422,19.229999542236328,19.959999084472656,19.959999084472656,190800
2018-08-22,19.979999542236328,20.608999252319336,19.889999389648438,20.360000610351562,20.360000610351562,117300
2018-08-23,20.280000686645508,20.68000030517578,20.06999969482422,20.309999465942383,20.309999465942383,128200
2018-08-24,20.299999237060547,20.799999237060547,20.190000534057617,20.40999984741211,20.40999984741211,138400
2018-08-27,20.59000015258789,21.049999237060547,20.469999313354492,20.68000030517578,20.68000030517578,176500
2018-08-28,20.639999389648438,21.469999313354492,20.5,21.290000915527344,21.290000915527344,164900
2018-08-29,21.43000030517578,21.610000610351562,20.950000762939453,21.270000457763672,21.270000457763672,177700
2018-08-30,21.200000762939453,21.514999389648438,20.790000915527344,20.920000076293945,20.920000076293945,184300
2018-08-31,20.799999237060547,21.6200008392334,20.59000015258789,21.479999542236328,21.479999542236328,227900
2018-09-04,21.260000228881836,21.288999557495117,19.25,20.110000610351562,20.110000610351562,333000
2018-09-05,19.549999237060547,20.0,19.540000915527344,19.665000915527344,19.665000915527344,179200
2018-09-06,19.690000534057617,19.979999542236328,18.889999389648438,18.950000762939453,18.950000762939453,180300
2018-09-07,18.81999969482422,19.84000015258789,18.75,19.100000381469727,19.100000381469727,272300
2018-09-10,19.34000015258789,19.350000381469727,18.610000610351562,19.190000534057617,19.190000534057617,151000
2018-09-11,19.1299991607666,19.1299991607666,18.350000381469727,18.56999969482422,18.56999969482422,188000
2018-09-12,18.389999389648438,18.84000015258789,17.8799991607666,18.780000686645508,18.780000686645508,266500
2018-09-13,25.40999984741211,28.479999542236328,24.520000457763672,25.010000228881836,25.010000228881836,4243200
2018-09-14,25.010000228881836,26.77899932861328,24.290000915527344,26.399999618530273,26.399999618530273,1653500
2018-09-17,26.6299991607666,26.649999618530273,24.540000915527344,24.84000015258789,24.84000015258789,818600
2018-09-18,24.84000015258789,25.187000274658203,24.030000686645508,24.6200008392334,24.6200008392334,523900
2018-09-19,24.149999618530273,25.899999618530273,22.59000015258789,24.149999618530273,24.149999618530273,1189100
2018-09-20,24.350000381469727,24.920000076293945,23.59000015258789,24.90999984741211,24.90999984741211,406500
2018-09-21,24.959999084472656,25.399999618530273,24.610000610351562,24.8799991607666,24.8799991607666,741200
2018-09-24,24.729999542236328,24.770000457763672,23.770000457763672,24.639999389648438,24.639999389648438,273600
2018-09-25,24.600000381469727,25.268999099731445,24.600000381469727,24.829999923706055,24.829999923706055,220800
2018-09-26,24.780000686645508,25.28499984741211,24.649999618530273,24.709999084472656,24.709999084472656,191400
2018-09-27,24.829999923706055,25.170000076293945,24.077999114990234,24.68000030517578,24.68000030517578,238800
2018-09-28,24.649999618530273,25.049999237060547,24.389999389648438,24.81999969482422,24.81999969482422,207000
2018-10-01,25.280000686645508,26.719999313354492,24.940000534057617,25.780000686645508,25.780000686645508,527300
2018-10-02,25.709999084472656,26.110000610351562,24.510000228881836,24.979999542236328,24.979999542236328,355300
2018-10-03,25.049999237060547,25.209999084472656,24.65999984741211,24.989999771118164,24.989999771118164,215600
2018-10-04,24.690000534057617,24.729999542236328,22.889999389648438,23.43000030517578,23.43000030517578,322100
2018-10-05,23.190000534057617,23.600000381469727,22.6299991607666,23.15999984741211,23.15999984741211,199300
2018-10-08,23.280000686645508,23.739999771118164,22.440000534057617,23.299999237060547,23.299999237060547,255700
2018-10-09,23.149999618530273,23.690000534057617,22.850000381469727,23.3799991607666,23.3799991607666,219800
2018-10-10,23.18000030517578,23.290000915527344,21.239999771118164,21.329999923706055,21.329999923706055,373700
2018-10-11,20.920000076293945,21.429000854492188,19.479999542236328,19.860000610351562,19.860000610351562,721000
2018-10-12,20.360000610351562,20.777000427246094,19.459999084472656,19.989999771118164,19.989999771118164,295900
2018-10-15,19.860000610351562,20.700000762939453,19.510000228881836,20.389999389648438,20.389999389648438,309400
2018-10-16,20.75,21.7549991607666,20.549999237060547,21.6299991607666,21.6299991607666,295200
2018-10-17,21.649999618530273,22.200000762939453,20.8700008392334,22.09000015258789,22.09000015258789,144200
2018-10-18,21.889999389648438,22.1200008392334,21.030000686645508,21.389999389648438,21.389999389648438,150900
2018-10-19,21.610000610351562,21.8700008392334,19.90999984741211,20.030000686645508,20.030000686645508,235300
2018-10-22,20.15999984741211,20.989999771118164,20.0,20.209999084472656,20.209999084472656,230500
2018-10-23,19.709999084472656,20.31999969482422,19.389999389648438,20.25,20.25,158100
2018-10-24,20.25,20.889999389648438,17.43000030517578,17.479999542236328,17.479999542236328,550100
2018-10-25,17.799999237060547,18.479999542236328,17.719999313354492,18.31999969482422,18.31999969482422,240200
2018-10-26,17.860000610351562,19.020000457763672,17.350000381469727,18.0,18.0,408600
2018-10-29,18.459999084472656,19.1299991607666,18.020000457763672,18.469999313354492,18.469999313354492,495100
2018-10-30,19.219999313354492,19.489999771118164,16.16699981689453,18.600000381469727,18.600000381469727,521900
2018-10-31,19.020000457763672,19.940000534057617,18.850000381469727,19.600000381469727,19.600000381469727,252400
2018-11-01,19.729999542236328,21.979999542236328,19.520000457763672,21.709999084472656,21.709999084472656,392500
2018-11-02,21.459999084472656,22.799999237060547,21.179000854492188,22.350000381469727,22.350000381469727,325800
2018-11-05,22.309999465942383,22.459999084472656,21.479999542236328,21.969999313354492,21.969999313354492,200500
2018-11-06,21.989999771118164,22.450000762939453,21.5,21.940000534057617,21.940000534057617,179700
2018-11-07,22.149999618530273,22.229000091552734,21.540000915527344,22.0,22.0,199800
2018-11-08,21.799999237060547,22.020000457763672,21.584999084472656,21.989999771118164,21.989999771118164,163900
2018-11-09,21.84000015258789,21.93000030517578,21.229999542236328,21.799999237060547,21.799999237060547,214000
2018-11-12,21.56999969482422,21.56999969482422,20.0,20.510000228881836,20.510000228881836,191500
2018-11-13,20.579999923706055,20.920000076293945,19.84000015258789,20.290000915527344,20.290000915527344,227300
2018-11-14,20.43000030517578,21.0,19.954999923706055,19.969999313354492,19.969999313354492,322500
2018-11-15,19.889999389648438,21.18000030517578,19.59000015258789,20.81999969482422,20.81999969482422,229100
2018-11-16,20.5,21.190000534057617,20.139999389648438,20.43000030517578,20.43000030517578,171500
2018-11-19,20.280000686645508,20.625999450683594,18.969999313354492,19.479999542236328,19.479999542236328,174300
2018-11-20,18.84000015258789,19.579999923706055,18.6299991607666,18.770000457763672,18.770000457763672,151300
2018-11-21,19.020000457763672,19.860000610351562,18.895000457763672,19.510000228881836,19.510000228881836,167600
2018-11-23,19.209999084472656,20.040000915527344,19.209999084472656,19.360000610351562,19.360000610351562,84000
2018-11-26,19.639999389648438,19.905000686645508,19.17099952697754,19.350000381469727,19.350000381469727,176700
2018-11-27,19.15999984741211,19.860000610351562,18.989999771118164,19.649999618530273,19.649999618530273,129900
2018-11-28,19.8700008392334,21.260000228881836,19.729999542236328,21.139999389648438,21.139999389648438,203800
2018-11-29,20.670000076293945,21.68000030517578,20.56999969482422,21.1299991607666,21.1299991607666,167000
2018-11-30,21.1200008392334,21.360000610351562,20.6200008392334,21.239999771118164,21.239999771118164,106000
2018-12-03,22.0,22.190000534057617,20.889999389648438,21.219999313354492,21.219999313354492,203900
2018-12-04,21.190000534057617,21.209999084472656,20.229999542236328,20.290000915527344,20.290000915527344,160500
2018-12-06,19.6200008392334,19.989999771118164,18.860000610351562,19.0,19.0,523500
2018-12-07,18.81999969482422,19.489999771118164,17.799999237060547,17.93000030517578,17.93000030517578,236500
2018-12-10,17.90999984741211,18.350000381469727,17.540000915527344,17.75,17.75,278900
2018-12-11,18.1200008392334,18.385000228881836,17.790000915527344,17.93000030517578,17.93000030517578,204300
2018-12-12,18.06999969482422,18.280000686645508,17.760000228881836,17.790000915527344,17.790000915527344,256900
2018-12-13,17.729999542236328,17.8700008392334,17.389999389648438,17.459999084472656,17.459999084472656,200500
2018-12-14,17.149999618530273,17.579999923706055,17.049999237060547,17.170000076293945,17.170000076293945,252100
2018-12-17,17.110000610351562,17.209999084472656,16.239999771118164,16.290000915527344,16.290000915527344,337100
2018-12-18,16.520000457763672,17.06999969482422,16.051000595092773,16.149999618530273,16.149999618530273,304400
2018-12-19,16.079999923706055,16.25,14.861000061035156,14.930000305175781,14.930000305175781,478700
2018-12-20,14.899999618530273,15.029999732971191,13.739999771118164,13.800000190734863,13.800000190734863,641000
2018-12-21,13.800000190734863,14.187999725341797,13.25,13.850000381469727,13.850000381469727,597100
2018-12-24,13.770000457763672,14.109999656677246,13.470000267028809,13.899999618530273,13.899999618530273,212900
2018-12-26,14.029999732971191,14.84000015258789,13.770000457763672,14.75,14.75,321500
2018-12-27,14.420000076293945,14.729999542236328,13.930000305175781,14.640000343322754,14.640000343322754,265400
2018-12-28,14.729999542236328,15.140000343322754,14.34000015258789,14.529999732971191,14.529999732971191,231500
2018-12-31,14.649999618530273,14.850000381469727,14.1899995803833,14.550000190734863,14.550000190734863,185000
2019-01-02,14.25,15.300000190734863,14.25,14.899999618530273,14.899999618530273,208100
2019-01-03,14.609999656677246,14.869999885559082,14.119999885559082,14.289999961853027,14.289999961853027,187100
2019-01-04,14.579999923706055,15.59000015258789,14.579999923706055,15.479999542236328,15.479999542236328,186800
2019-01-07,15.609999656677246,15.9399995803833,15.199999809265137,15.65999984741211,15.65999984741211,160200
2019-01-08,15.880000114440918,16.049999237060547,15.390000343322754,15.949999809265137,15.949999809265137,177800
2019-01-09,16.149999618530273,16.649999618530273,15.949999809265137,16.030000686645508,16.030000686645508,117100
2019-01-10,15.989999771118164,16.479999542236328,15.680000305175781,16.450000762939453,16.450000762939453,112500
2019-01-11,16.360000610351562,16.670000076293945,16.260000228881836,16.40999984741211,16.40999984741211,79000
2019-01-14,16.209999084472656,16.209999084472656,15.699999809265137,15.819999694824219,15.819999694824219,178900
2019-01-15,15.890000343322754,16.170000076293945,15.800000190734863,16.040000915527344,16.040000915527344,141500
2019-01-16,16.09000015258789,16.540000915527344,15.789999961853027,15.989999771118164,15.989999771118164,187600
2019-01-17,15.949999809265137,16.110000610351562,15.720000267028809,15.859999656677246,15.859999656677246,329900
2019-01-18,15.9399995803833,16.18000030517578,15.75,15.8100004196167,15.8100004196167,732200
2019-01-22,15.649999618530273,15.930000305175781,15.1899995803833,15.34000015258789,15.34000015258789,334200
2019-01-23,15.4399995803833,16.649999618530273,14.6899995803833,14.930000305175781,14.930000305175781,206100
2019-01-24,15.020000457763672,15.699999809265137,14.859999656677246,15.0600004196167,15.0600004196167,415500
2019-01-25,15.260000228881836,15.378999710083008,14.878999710083008,15.069999694824219,15.069999694824219,846100
2019-01-28,14.869999885559082,15.199999809265137,14.380000114440918,14.460000038146973,14.460000038146973,354700
2019-01-29,14.489999771118164,14.489999771118164,14.050000190734863,14.149999618530273,14.149999618530273,217800
2019-01-30,14.140000343322754,15.039999961853027,14.0,14.75,14.75,262000
2019-01-31,14.6899995803833,15.640000343322754,14.6899995803833,15.319999694824219,15.319999694824219,156600
2019-02-01,15.260000228881836,15.369999885559082,14.9399995803833,15.210000038146973,15.210000038146973,112300
2019-02-04,15.220000267028809,15.880000114440918,15.199999809265137,15.710000038146973,15.710000038146973,126300
2019-02-05,15.670000076293945,16.229999542236328,15.670000076293945,16.040000915527344,16.040000915527344,116900
2019-02-06,16.1200008392334,16.56999969482422,16.059999465942383,16.1299991607666,16.1299991607666,88800
2019-02-07,15.850000381469727,16.079999923706055,15.539999961853027,15.6899995803833,15.6899995803833,110200
2019-02-08,15.529999732971191,16.040000915527344,15.494000434875488,15.960000038146973,15.960000038146973,95600
2019-02-11,16.0,16.200000762939453,15.800000190734863,16.200000762939453,16.200000762939453,81200
2019-02-12,16.3700008392334,17.334999084472656,16.25,17.329999923706055,17.329999923706055,171100
2019-02-13,17.469999313354492,17.799999237060547,16.360000610351562,16.709999084472656,16.709999084472656,202100
2019-02-14,16.700000762939453,17.229999542236328,16.59000015258789,17.149999618530273,17.149999618530273,118700
2019-02-15,17.479999542236328,18.079999923706055,17.15999984741211,17.989999771118164,17.989999771118164,518900
2019-02-19,17.989999771118164,18.200000762939453,17.75,17.84000015258789,17.84000015258789,205500
2019-02-20,17.8799991607666,19.940000534057617,17.8799991607666,19.40999984741211,19.40999984741211,645700
2019-02-21,18.75,18.889999389648438,16.59000015258789,18.219999313354492,18.219999313354492,621800
2019-02-22,18.229999542236328,19.25,17.700000762939453,17.719999313354492,17.719999313354492,420100
2019-02-25,17.979999542236328,18.704999923706055,17.961000442504883,18.200000762939453,18.200000762939453,342900
2019-02-26,18.079999923706055,18.450000762939453,17.91900062561035,18.34000015258789,18.34000015258789,166500
2019-02-27,18.280000686645508,18.420000076293945,17.829999923706055,18.0,18.0,116700
2019-02-28,17.93000030517578,17.93000030517578,16.729999542236328,16.729999542236328,16.729999542236328,218100
2019-03-01,17.010000228881836,17.40999984741211,16.809999465942383,17.1200008392334,17.1200008392334,264400
2019-03-04,17.190000534057617,17.25,16.149999618530273,16.780000686645508,16.780000686645508,248600
2019-03-05,16.770000457763672,17.229999542236328,16.530000686645508,17.1299991607666,17.1299991607666,123800
2019-03-06,17.139999389648438,17.389999389648438,16.459999084472656,16.68000030517578,16.68000030517578,142400
2019-03-07,16.610000610351562,16.959999084472656,16.298999786376953,16.670000076293945,16.670000076293945,78100
2019-03-08,16.3700008392334,16.84000015258789,16.295000076293945,16.65999984741211,16.65999984741211,100500
2019-03-11,16.670000076293945,17.649999618530273,16.43000030517578,17.350000381469727,17.350000381469727,139300
2019-03-12,17.360000610351562,17.739999771118164,17.100000381469727,17.489999771118164,17.489999771118164,143200
2019-03-13,17.479999542236328,18.145000457763672,17.354000091552734,18.09000015258789,18.09000015258789,149000
2019-03-14,18.040000915527344,18.440000534057617,18.040000915527344,18.280000686645508,18.280000686645508,110600
2019-03-15,18.389999389648438,18.760000228881836,18.079999923706055,18.280000686645508,18.280000686645508,172300
2019-03-18,18.219999313354492,18.59000015258789,17.93000030517578,18.260000228881836,18.260000228881836,103900
2019-03-19,18.389999389648438,18.430999755859375,17.959999084472656,18.030000686645508,18.030000686645508,95700
2019-03-20,18.010000228881836,18.530000686645508,17.893999099731445,18.239999771118164,18.239999771118164,94200
2019-03-21,18.25,18.950000762939453,18.25,18.670000076293945,18.670000076293945,147300
2019-03-22,18.6299991607666,18.6299991607666,17.469999313354492,17.610000610351562,17.610000610351562,151500
2019-03-25,17.440000534057617,17.551000595092773,16.604999542236328,17.030000686645508,17.030000686645508,147200
2019-03-26,17.100000381469727,17.350000381469727,16.739999771118164,16.8799991607666,16.8799991607666,99700
2019-03-27,16.959999084472656,17.09000015258789,16.06999969482422,16.59000015258789,16.59000015258789,177000
2019-03-28,16.559999465942383,17.110000610351562,16.3700008392334,16.850000381469727,16.850000381469727,123400
2019-03-29,17.049999237060547,17.3700008392334,16.65999984741211,16.7549991607666,16.7549991607666,91800
2019-04-01,17.200000762939453,17.5,16.799999237060547,17.440000534057617,17.440000534057617,164600
2019-04-02,17.450000762939453,17.81999969482422,17.229999542236328,17.690000534057617,17.690000534057617,119100
2019-04-03,17.889999389648438,18.34000015258789,17.649999618530273,17.950000762939453,17.950000762939453,143300
2019-04-04,17.93000030517578,18.110000610351562,17.600000381469727,17.90999984741211,17.90999984741211,85000
2019-04-05,18.0,18.290000915527344,17.829999923706055,18.09000015258789,18.09000015258789,103600
2019-04-08,18.0,18.239999771118164,17.81999969482422,18.200000762939453,18.200000762939453,91700
2019-04-09,18.110000610351562,18.489999771118164,18.040000915527344,18.280000686645508,18.280000686645508,127500
2019-04-10,18.260000228881836,19.0,18.239999771118164,18.59000015258789,18.59000015258789,158600
2019-04-11,18.600000381469727,19.40999984741211,18.3799991607666,18.6200008392334,18.6200008392334,195100
2019-04-12,18.739999771118164,19.200000762939453,18.719999313354492,19.049999237060547,19.049999237060547,168600
2019-04-15,19.139999389648438,19.8700008392334,18.97100067138672,19.079999923706055,19.079999923706055,247700
2019-04-16,19.079999923706055,19.700000762939453,18.899999618530273,19.600000381469727,19.600000381469727,144200
2019-04-17,19.75,19.81999969482422,19.149999618530273,19.770000457763672,19.770000457763672,163400
2019-04-18,19.610000610351562,20.079999923706055,19.40999984741211,19.81999969482422,19.81999969482422,227800
2019-04-22,19.860000610351562,20.559999465942383,19.56999969482422,20.479999542236328,20.479999542236328,216300
2019-04-23,20.950000762939453,21.84000015258789,20.899999618530273,21.350000381469727,21.350000381469727,382000
2019-04-24,21.149999618530273,22.0,21.149999618530273,21.56999969482422,21.56999969482422,203900
2019-04-25,21.510000228881836,21.534000396728516,20.81999969482422,21.1299991607666,21.1299991607666,148500
2019-04-26,20.959999084472656,21.5,20.90999984741211,21.420000076293945,21.420000076293945,152200
2019-04-29,21.399999618530273,22.145000457763672,21.270000457763672,21.700000762939453,21.700000762939453,429500
2019-04-30,26.5,29.489999771118164,26.014999389648438,29.270000457763672,29.270000457763672,2638600
2019-05-01,28.959999084472656,31.100000381469727,27.559999465942383,27.940000534057617,27.940000534057617,1447600
2019-05-02,27.440000534057617,29.549999237060547,27.309999465942383,28.68000030517578,28.68000030517578,475400
2019-05-03,28.540000915527344,29.920000076293945,28.0,29.639999389648438,29.639999389648438,1817400
2019-05-06,28.229999542236328,29.440000534057617,28.0,29.209999084472656,29.209999084472656,1051000
2019-05-07,28.93000030517578,29.170000076293945,28.110000610351562,28.799999237060547,28.799999237060547,1054200
2019-05-08,28.670000076293945,29.290000915527344,28.350000381469727,28.68000030517578,28.68000030517578,388100
2019-05-09,28.059999465942383,28.790000915527344,27.604999542236328,28.399999618530273,28.399999618530273,755200
2019-05-10,28.079999923706055,29.389999389648438,27.709999084472656,29.190000534057617,29.190000534057617,741700
2019-05-13,28.18000030517578,28.413999557495117,26.860000610351562,27.34000015258789,27.34000015258789,852200
2019-05-14,27.479999542236328,28.610000610351562,27.3700008392334,28.209999084472656,28.209999084472656,262500
2019-05-15,27.290000915527344,28.950000762939453,27.290000915527344,28.709999084472656,28.709999084472656,297500
2019-05-16,28.170000076293945,28.719999313354492,28.030000686645508,28.510000228881836,28.510000228881836,740800
2019-05-17,28.0,28.549999237060547,24.584999084472656,24.649999618530273,24.649999618530273,710300
2019-05-20,24.729999542236328,25.219999313354492,24.299999237060547,25.030000686645508,25.030000686645508,402200
2019-05-21,25.290000915527344,26.040000915527344,25.170000076293945,25.850000381469727,25.850000381469727,212600
2019-05-22,25.559999465942383,26.280000686645508,25.459999084472656,25.520000457763672,25.520000457763672,181800
2019-05-23,24.93000030517578,25.81999969482422,24.540000915527344,25.06999969482422,25.06999969482422,236700
2019-05-24,25.309999465942383,25.65999984741211,24.190000534057617,24.309999465942383,24.309999465942383,207700
2019-05-28,23.959999084472656,24.579999923706055,23.516000747680664,24.389999389648438,24.389999389648438,224700
2019-05-29,24.049999237060547,24.676000595092773,23.709999084472656,24.59000015258789,24.59000015258789,281200
2019-05-30,24.719999313354492,25.110000610351562,24.30500030517578,24.8700008392334,24.8700008392334,165100
2019-05-31,24.40999984741211,25.219999313354492,24.09000015258789,24.790000915527344,24.790000915527344,167100
2019-06-03,24.739999771118164,25.389999389648438,24.219999313354492,24.3700008392334,24.3700008392334,216100
2019-06-04,24.860000610351562,25.229999542236328,24.520999908447266,25.149999618530273,25.149999618530273,302400
2019-06-05,25.139999389648438,25.670000076293945,24.770000457763672,25.479999542236328,25.479999542236328,212000
2019-06-06,25.5,26.18000030517578,25.270000457763672,25.90999984741211,25.90999984741211,265800
2019-06-07,26.110000610351562,26.709999084472656,25.6200008392334,26.309999465942383,26.309999465942383,224500
2019-06-10,26.5,27.0,26.110000610351562,26.139999389648438,26.139999389648438,160900
2019-06-11,26.510000228881836,26.75,25.280000686645508,25.790000915527344,25.790000915527344,130300
2019-06-12,25.59000015258789,25.8799991607666,25.079999923706055,25.34000015258789,25.34000015258789,175800
2019-06-13,25.56999969482422,26.049999237060547,25.299999237060547,26.010000228881836,26.010000228881836,96000
2019-06-14,25.799999237060547,25.809999465942383,25.18000030517578,25.280000686645508,25.280000686645508,142600
2019-06-17,25.34000015258789,25.639999389648438,25.219999313354492,25.639999389648438,25.639999389648438,131500
2019-06-18,25.959999084472656,27.709999084472656,25.780000686645508,26.850000381469727,26.850000381469727,406100
2019-06-19,26.90999984741211,27.229999542236328,26.3700008392334,27.049999237060547,27.049999237060547,175800
2019-06-20,27.489999771118164,27.969999313354492,26.260000228881836,26.860000610351562,26.860000610351562,260800
2019-06-21,26.670000076293945,27.15999984741211,26.270000457763672,26.530000686645508,26.530000686645508,180100
2019-06-24,26.549999237060547,27.1299991607666,26.538999557495117,26.8799991607666,26.8799991607666,188100
2019-06-25,26.81999969482422,27.709999084472656,26.760000228881836,26.959999084472656,26.959999084472656,253600
2019-06-26,27.200000762939453,28.3799991607666,27.049999237060547,28.049999237060547,28.049999237060547,238400
2019-06-27,28.280000686645508,28.950000762939453,28.138999938964844,28.829999923706055,28.829999923706055,230800
2019-06-28,28.969999313354492,29.049999237060547,27.8700008392334,28.6200008392334,28.6200008392334,520800
2019-07-01,30.0,30.579999923706055,29.29599952697754,30.350000381469727,30.350000381469727,649100
2019-07-02,30.530000686645508,31.229999542236328,29.34000015258789,31.200000762939453,31.200000762939453,506300
2019-07-03,31.510000228881836,32.84000015258789,30.8799991607666,32.380001068115234,32.380001068115234,763800
2019-07-05,32.66999816894531,33.75,32.290000915527344,33.5099983215332,33.5099983215332,507000
2019-07-08,33.54999923706055,33.79999923706055,32.70199966430664,33.349998474121094,33.349998474121094,284000
2019-07-09,33.20000076293945,33.939998626708984,32.959999084472656,33.529998779296875,33.529998779296875,452200
2019-07-10,34.060001373291016,34.939998626708984,33.400001525878906,34.54999923706055,34.54999923706055,307200
2019-07-11,34.72999954223633,35.0,33.59000015258789,33.790000915527344,33.790000915527344,283400
2019-07-12,34.38999938964844,34.970001220703125,34.09000015258789,34.91999816894531,34.91999816894531,222400
2019-07-15,35.0,35.80500030517578,34.400001525878906,34.63999938964844,34.63999938964844,332100
2019-07-16,34.529998779296875,35.0,33.84000015258789,34.2599983215332,34.2599983215332,206900
2019-07-17,34.40999984741211,34.66999816894531,34.11000061035156,34.25,34.25,123800
2019-07-18,34.380001068115234,34.650001525878906,34.178001403808594,34.61000061035156,34.61000061035156,139400
2019-07-19,34.68000030517578,35.43000030517578,34.33000183105469,34.86000061035156,34.86000061035156,313800
2019-07-22,34.88999938964844,35.459999084472656,32.20000076293945,33.349998474121094,33.349998474121094,530000
2019-07-23,33.45000076293945,34.09000015258789,33.11600112915039,33.75,33.75,277900
2019-07-24,33.779998779296875,35.650001525878906,33.56999969482422,35.599998474121094,35.599998474121094,280100
2019-07-25,35.529998779296875,36.33000183105469,35.34000015258789,36.209999084472656,36.209999084472656,286600
2019-07-26,36.58000183105469,37.529998779296875,36.0,36.150001525878906,36.150001525878906,334500
2019-07-29,36.150001525878906,36.516998291015625,34.560001373291016,35.33000183105469,35.33000183105469,522700
2019-07-30,34.61000061035156,40.2400016784668,34.31999969482422,39.939998626708984,39.939998626708984,1169600
2019-07-31,39.25,39.4900016784668,35.04999923706055,36.20000076293945,36.20000076293945,1414100
2019-08-01,37.5099983215332,39.36000061035156,36.75,36.970001220703125,36.970001220703125,745400
2019-08-02,37.0,37.29899978637695,35.5099983215332,36.33000183105469,36.33000183105469,333900
2019-08-05,35.90999984741211,37.040000915527344,35.06999969482422,36.470001220703125,36.470001220703125,428700
2019-08-06,37.04999923706055,37.40599822998047,34.65999984741211,36.22999954223633,36.22999954223633,308400
2019-08-07,35.880001068115234,37.59000015258789,35.880001068115234,37.4900016784668,37.4900016784668,297300
2019-08-08,37.720001220703125,38.310001373291016,36.86000061035156,37.650001525878906,37.650001525878906,356400
2019-08-09,37.619998931884766,37.709999084472656,36.185001373291016,36.810001373291016,36.810001373291016,248100
2019-08-12,36.630001068115234,37.119998931884766,36.11000061035156,36.13999938964844,36.13999938964844,186200
2019-08-13,36.0099983215332,38.20000076293945,35.54999923706055,38.0099983215332,38.0099983215332,305600
2019-08-14,37.38999938964844,37.38999938964844,35.42499923706055,36.08000183105469,36.08000183105469,204200
2019-08-15,36.220001220703125,36.5099983215332,35.45000076293945,35.65999984741211,35.65999984741211,212000
2019-08-16,36.02000045776367,37.56999969482422,35.68000030517578,37.0,37.0,350800
2019-08-19,37.65999984741211,38.04999923706055,37.38199996948242,37.650001525878906,37.650001525878906,188400
2019-08-20,37.52000045776367,38.5,37.150001525878906,37.880001068115234,37.880001068115234,235800
2019-08-21,37.66999816894531,38.448001861572266,37.400001525878906,38.150001525878906,38.150001525878906,214400
2019-08-22,37.869998931884766,38.5,37.43000030517578,37.75,37.75,190200
2019-08-23,37.43000030517578,38.130001068115234,36.779998779296875,37.43000030517578,37.43000030517578,568700
2019-08-26,37.900001525878906,38.060001373291016,37.08000183105469,37.880001068115234,37.880001068115234,196900
2019-08-27,38.060001373291016,39.45000076293945,36.22999954223633,36.77000045776367,36.77000045776367,280500
2019-08-28,36.38999938964844,37.31999969482422,36.119998931884766,36.470001220703125,36.470001220703125,424900
2019-08-29,36.81999969482422,37.16999816894531,34.630001068115234,36.880001068115234,36.880001068115234,490100
2019-08-30,37.099998474121094,37.4900016784668,36.29999923706055,36.380001068115234,36.380001068115234,207600
2019-09-03,36.0,36.95000076293945,34.89500045776367,35.0,35.0,228800
2019-09-04,35.400001525878906,36.34000015258789,35.08000183105469,36.150001525878906,36.150001525878906,357200
2019-09-05,36.619998931884766,37.459999084472656,36.22999954223633,36.41999816894531,36.41999816894531,198700
2019-09-06,36.41999816894531,37.117000579833984,34.689998626708984,35.15999984741211,35.15999984741211,199000
2019-09-09,35.189998626708984,35.44900131225586,32.150001525878906,33.099998474121094,33.099998474121094,553800
2019-09-10,32.63999938964844,32.79999923706055,31.579999923706055,32.2599983215332,32.2599983215332,349400
2019-09-11,32.540000915527344,33.13999938964844,32.2599983215332,32.540000915527344,32.540000915527344,255500
2019-09-12,32.869998931884766,33.0099983215332,31.81999969482422,32.84000015258789,32.84000015258789,411000
2019-09-13,33.060001373291016,33.97999954223633,32.659000396728516,33.09000015258789,33.09000015258789,178400
2019-09-16,32.939998626708984,34.01900100708008,32.78900146484375,33.27000045776367,33.27000045776367,197300
2019-09-17,33.369998931884766,35.06999969482422,33.231998443603516,34.720001220703125,34.720001220703125,212500
2019-09-18,34.75,35.0,33.119998931884766,33.70000076293945,33.70000076293945,197500
2019-09-19,33.810001373291016,34.619998931884766,33.41999816894531,33.459999084472656,33.459999084472656,141900
2019-09-20,33.59000015258789,33.79999923706055,32.58000183105469,32.61000061035156,32.61000061035156,708000
2019-09-23,32.529998779296875,33.2400016784668,32.42499923706055,32.869998931884766,32.869998931884766,133400
2019-09-24,32.97999954223633,33.54999923706055,30.559999465942383,31.18000030517578,31.18000030517578,322500
2019-09-25,31.239999771118164,32.029998779296875,30.812000274658203,31.920000076293945,31.920000076293945,164500
2019-09-26,31.770000457763672,32.5099983215332,31.23699951171875,31.940000534057617,31.940000534057617,140500
2019-09-27,31.850000381469727,32.13999938964844,30.209999084472656,30.40999984741211,30.40999984741211,230600
2019-09-30,30.360000610351562,31.530000686645508,30.360000610351562,30.829999923706055,30.829999923706055,370800
2019-10-01,31.030000686645508,32.189998626708984,30.1200008392334,30.149999618530273,30.149999618530273,497100
2019-10-02,30.0,30.049999237060547,29.18000030517578,29.84000015258789,29.84000015258789,260900
2019-10-03,29.8799991607666,30.459999084472656,29.316999435424805,30.030000686645508,30.030000686645508,162000
2019-10-04,30.139999389648438,30.649999618530273,29.864999771118164,30.6200008392334,30.6200008392334,110700
2019-10-07,30.600000381469727,31.1200008392334,30.385000228881836,30.84000015258789,30.84000015258789,140800
2019-10-08,30.43000030517578,31.200000762939453,30.110000610351562,30.809999465942383,30.809999465942383,238200
2019-10-09,31.18000030517578,31.35700035095215,30.700000762939453,31.040000915527344,31.040000915527344,178400
2019-10-10,31.100000381469727,31.90999984741211,31.072999954223633,31.6200008392334,31.6200008392334,218400
2019-10-11,32.0,32.41999816894531,30.860000610351562,30.969999313354492,30.969999313354492,196600
2019-10-14,30.809999465942383,31.200000762939453,30.40999984741211,30.950000762939453,30.950000762939453,163100
2019-10-15,31.139999389648438,32.209999084472656,31.110000610351562,31.760000228881836,31.760000228881836,178300
2019-10-16,31.889999389648438,32.13999938964844,31.530000686645508,31.84000015258789,31.84000015258789,137900
2019-10-17,32.060001373291016,32.58000183105469,31.81999969482422,32.47999954223633,32.47999954223633,184900
2019-10-18,32.27000045776367,32.40999984741211,31.149999618530273,31.56999969482422,31.56999969482422,122800
2019-10-21,31.799999237060547,31.93000030517578,30.829999923706055,30.969999313354492,30.969999313354492,269300
2019-10-22,30.940000534057617,31.3799991607666,30.040000915527344,30.170000076293945,30.170000076293945,158700
2019-10-23,29.989999771118164,30.459999084472656,29.479999542236328,30.0,30.0,142900
2019-10-24,30.329999923706055,32.119998931884766,30.135000228881836,32.08000183105469,32.08000183105469,190500
2019-10-25,32.060001373291016,32.54199981689453,31.559999465942383,31.979999542236328,31.979999542236328,206800
2019-10-28,32.310001373291016,32.91999816894531,31.959999084472656,32.04999923706055,32.04999923706055,238000
2019-10-29,32.130001068115234,32.90999984741211,31.790000915527344,32.380001068115234,32.380001068115234,189500
2019-10-30,32.43000030517578,33.43000030517578,32.349998474121094,33.08000183105469,33.08000183105469,128300
2019-10-31,33.08000183105469,33.45000076293945,32.81999969482422,32.89500045776367,32.89500045776367,119800
2019-11-01,33.22999954223633,34.54999923706055,32.82400131225586,34.54999923706055,34.54999923706055,354400
2019-11-04,34.75,35.250999450683594,32.20000076293945,33.439998626708984,33.439998626708984,860600
2019-11-05,34.529998779296875,35.9900016784668,32.404998779296875,35.36000061035156,35.36000061035156,560900
2019-11-06,33.88999938964844,35.236000061035156,33.57500076293945,34.79999923706055,34.79999923706055,330400
2019-11-07,35.130001068115234,35.2599983215332,34.130001068115234,34.45000076293945,34.45000076293945,204300
2019-11-08,34.060001373291016,34.72999954223633,33.959999084472656,34.45000076293945,34.45000076293945,179900
2019-11-11,34.459999084472656,34.4900016784668,33.755001068115234,33.939998626708984,33.939998626708984,127500
2019-11-12,34.0,36.25,34.0,36.25,36.25,665000
2019-11-13,36.25,37.9900016784668,35.900001525878906,36.880001068115234,36.880001068115234,495300
2019-11-14,36.720001220703125,36.933998107910156,36.220001220703125,36.75,36.75,140900
2019-11-15,36.65999984741211,36.96099853515625,33.599998474121094,34.22999954223633,34.22999954223633,587500
2019-11-18,34.040000915527344,34.040000915527344,32.81999969482422,33.26499938964844,33.26499938964844,328200
2019-11-19,33.34000015258789,34.33000183105469,33.279998779296875,33.564998626708984,33.564998626708984,159700
2019-11-20,33.33000183105469,33.900001525878906,33.09000015258789,33.560001373291016,33.560001373291016,155500
2019-11-21,33.689998626708984,33.709999084472656,32.720001220703125,32.83000183105469,32.83000183105469,218600
2019-11-22,32.939998626708984,33.005001068115234,32.029998779296875,32.529998779296875,32.529998779296875,185600
2019-11-25,32.66999816894531,33.84000015258789,32.59600067138672,33.529998779296875,33.529998779296875,124700
2019-11-26,33.2400016784668,33.51499938964844,32.56999969482422,32.66999816894531,32.66999816894531,399200
2019-11-27,32.849998474121094,32.939998626708984,30.639999389648438,31.850000381469727,31.850000381469727,368500
2019-11-29,31.700000762939453,32.209999084472656,31.40999984741211,31.559999465942383,31.559999465942383,100000
2019-12-02,31.520000457763672,31.559999465942383,30.219999313354492,30.510000228881836,30.510000228881836,225600
2019-12-03,30.170000076293945,30.540000915527344,29.540000915527344,30.454999923706055,30.454999923706055,196900
2019-12-04,30.719999313354492,31.200000762939453,30.649999618530273,30.90999984741211,30.90999984741211,145200
2019-12-05,31.020000457763672,31.34000015258789,30.059999465942383,30.56999969482422,30.56999969482422,172700
2019-12-06,30.780000686645508,31.239999771118164,30.450000762939453,30.780000686645508,30.780000686645508,214900
2019-12-09,30.899999618530273,31.054000854492188,30.440000534057617,30.59000015258789,30.59000015258789,173100
2019-12-10,30.5,31.229999542236328,30.5,30.81999969482422,30.81999969482422,104100
2019-12-11,29.649999618530273,29.84000015258789,27.079999923706055,27.100000381469727,27.100000381469727,1563400
2019-12-12,26.93000030517578,27.459999084472656,26.239999771118164,26.5,26.5,1077500
2019-12-13,26.280000686645508,26.719999313354492,25.65999984741211,26.030000686645508,26.030000686645508,506400
2019-12-16,26.040000915527344,26.8799991607666,25.770000457763672,26.170000076293945,26.170000076293945,478800
2019-12-17,27.15999984741211,27.920000076293945,26.719999313354492,27.549999237060547,27.549999237060547,693200
2019-12-18,27.56999969482422,27.969999313354492,27.0,27.3700008392334,27.3700008392334,337500
2019-12-19,27.59000015258789,27.764999389648438,26.920000076293945,27.190000534057617,27.190000534057617,364500
2019-12-20,27.309999465942383,27.579999923706055,26.638999938964844,26.770000457763672,26.770000457763672,582800
2019-12-23,26.729999542236328,27.594999313354492,26.450000762939453,27.290000915527344,27.290000915527344,219500
2019-12-24,27.260000228881836,27.440000534057617,26.871999740600586,27.100000381469727,27.100000381469727,104500
2019-12-26,27.149999618530273,27.389999389648438,26.8700008392334,27.079999923706055,27.079999923706055,147300
2019-12-27,27.110000610351562,27.110000610351562,26.219999313354492,26.649999618530273,26.649999618530273,237200
2019-12-30,26.690000534057617,27.049999237060547,25.45199966430664,25.93000030517578,25.93000030517578,336100
2019-12-31,25.700000762939453,26.325000762939453,25.575000762939453,25.860000610351562,25.860000610351562,427900
2020-01-02,26.239999771118164,26.75,25.84000015258789,26.5,26.5,571400
2020-01-03,26.229999542236328,27.100000381469727,26.100000381469727,26.829999923706055,26.829999923706055,308500
2020-01-06,26.420000076293945,26.950000762939453,25.700000762939453,26.049999237060547,26.049999237060547,314100
2020-01-07,26.149999618530273,26.670000076293945,25.889999389648438,26.530000686645508,26.530000686645508,391100
2020-01-08,26.5,27.459999084472656,26.5,27.1299991607666,27.1299991607666,396500
2020-01-09,27.260000228881836,28.389999389648438,27.165000915527344,28.280000686645508,28.280000686645508,537600
2020-01-10,28.270000457763672,28.520000457763672,27.579999923706055,28.459999084472656,28.459999084472656,316100
2020-01-13,28.479999542236328,29.25,28.378000259399414,28.809999465942383,28.809999465942383,333500
2020-01-14,28.899999618530273,29.450000762939453,28.01099967956543,29.15999984741211,29.15999984741211,355100
2020-01-15,29.09000015258789,30.31999969482422,29.040000915527344,30.309999465942383,30.309999465942383,545700
2020-01-16,30.59000015258789,31.719999313354492,30.540000915527344,31.200000762939453,31.200000762939453,671700
2020-01-17,31.440000534057617,31.77400016784668,30.799999237060547,31.700000762939453,31.700000762939453,459600
2020-01-21,31.229999542236328,32.06999969482422,31.1299991607666,31.350000381469727,31.350000381469727,573700
2020-01-22,31.940000534057617,35.483001708984375,31.5,34.959999084472656,34.959999084472656,1300200
2020-01-23,34.95000076293945,36.1150016784668,33.685001373291016,35.7400016784668,35.7400016784668,672900
2020-01-24,35.959999084472656,36.55799865722656,34.619998931884766,34.7400016784668,34.7400016784668,471200
2020-01-27,33.59000015258789,34.470001220703125,33.18000030517578,33.689998626708984,33.689998626708984,455800
2020-01-28,34.0,34.4900016784668,33.619998931884766,34.36000061035156,34.36000061035156,555400
2020-01-29,34.5099983215332,35.58000183105469,33.75,34.7599983215332,34.7599983215332,774200
2020-01-30,34.58000183105469,34.70000076293945,33.58000183105469,34.04999923706055,34.04999923706055,403600
2020-01-31,33.95000076293945,33.95000076293945,31.850000381469727,32.18000030517578,32.18000030517578,391700
2020-02-03,32.5,32.5,31.299999237060547,31.639999389648438,31.639999389648438,508000
2020-02-04,32.310001373291016,32.749000549316406,32.040000915527344,32.43000030517578,32.43000030517578,299200
2020-02-05,33.11000061035156,33.86000061035156,32.470001220703125,33.0,33.0,215000
2020-02-06,33.279998779296875,33.630001068115234,32.73500061035156,33.470001220703125,33.470001220703125,218300
2020-02-07,32.869998931884766,33.17900085449219,31.040000915527344,31.639999389648438,31.639999389648438,588300
2020-02-10,31.489999771118164,32.279998779296875,31.290000915527344,32.279998779296875,32.279998779296875,187600
2020-02-11,32.779998779296875,33.0,32.13999938964844,32.31999969482422,32.31999969482422,196200
2020-02-12,32.630001068115234,32.93000030517578,32.119998931884766,32.27000045776367,32.27000045776367,300100
2020-02-13,32.16999816894531,32.33000183105469,31.420000076293945,31.700000762939453,31.700000762939453,418600
2020-02-14,31.889999389648438,32.29999923706055,31.190000534057617,31.510000228881836,31.510000228881836,205900
2020-02-18,31.479999542236328,33.349998474121094,31.25,33.18000030517578,33.18000030517578,339700
2020-02-19,33.56999969482422,36.16999816894531,33.560001373291016,35.2400016784668,35.2400016784668,819800
2020-02-20,35.189998626708984,35.849998474121094,34.33000183105469,35.65999984741211,35.65999984741211,538600
2020-02-21,35.810001373291016,35.810001373291016,34.470001220703125,35.27000045776367,35.27000045776367,236000
2020-02-24,33.5,34.599998474121094,32.54999923706055,33.72999954223633,33.72999954223633,356900
2020-02-25,34.08000183105469,34.236000061035156,31.190000534057617,31.3700008392334,31.3700008392334,408300
2020-02-26,31.43000030517578,32.25,30.8799991607666,31.389999389648438,31.389999389648438,228900
2020-02-27,30.670000076293945,31.670000076293945,29.3799991607666,30.489999771118164,30.489999771118164,339900
2020-02-28,29.15999984741211,30.75,28.43000030517578,30.75,30.75,409200
2020-03-02,31.270000457763672,31.329999923706055,28.280000686645508,28.3799991607666,28.3799991607666,835800
2020-03-03,27.399999618530273,28.0,24.850000381469727,25.350000381469727,25.350000381469727,2370000
2020-03-04,25.760000228881836,26.489999771118164,25.229999542236328,25.43000030517578,25.43000030517578,634500
2020-03-05,24.979999542236328,25.5,21.790000915527344,22.040000915527344,22.040000915527344,891200
2020-03-06,21.25,23.059999465942383,20.760000228881836,23.030000686645508,23.030000686645508,703500
2020-03-09,21.579999923706055,22.149999618530273,20.850000381469727,21.43000030517578,21.43000030517578,604800
2020-03-10,22.790000915527344,22.790000915527344,20.809999465942383,22.200000762939453,22.200000762939453,786700
2020-03-11,21.280000686645508,21.469999313354492,20.3700008392334,20.84000015258789,20.84000015258789,685700
2020-03-12,19.90999984741211,19.989999771118164,17.770000457763672,17.950000762939453,17.950000762939453,707500
2020-03-13,19.049999237060547,19.950000762939453,17.540000915527344,18.100000381469727,18.100000381469727,798600
2020-03-16,16.309999465942383,16.309999465942383,14.0,14.210000038146973,14.210000038146973,697700
2020-03-17,13.880000114440918,14.369999885559082,12.4399995803833,13.359999656677246,13.359999656677246,816200
2020-03-18,13.15999984741211,13.8100004196167,11.470000267028809,12.680000305175781,12.680000305175781,854600
2020-03-19,12.380000114440918,15.232999801635742,12.003000259399414,14.319999694824219,14.319999694824219,707400
2020-03-20,14.579999923706055,15.640000343322754,13.53499984741211,14.100000381469727,14.100000381469727,594500
2020-03-23,14.460000038146973,15.100000381469727,13.40999984741211,14.84000015258789,14.84000015258789,304300
2020-03-24,15.649999618530273,17.010000228881836,15.569999694824219,16.34000015258789,16.34000015258789,392100
2020-03-25,16.459999084472656,17.0,15.170000076293945,16.239999771118164,16.239999771118164,417000
2020-03-26,16.479999542236328,17.3700008392334,16.219999313354492,16.709999084472656,16.709999084472656,423200
2020-03-27,16.219999313354492,16.219999313354492,15.09000015258789,15.40999984741211,15.40999984741211,279900
2020-03-30,15.630000114440918,16.719999313354492,15.307000160217285,16.6299991607666,16.6299991607666,317200
2020-03-31,16.75,18.020000457763672,16.530000686645508,16.709999084472656,16.709999084472656,377900
2020-04-01,16.049999237060547,16.389999389648438,14.710000038146973,14.890000343322754,14.890000343322754,349900
2020-04-02,15.0600004196167,15.739999771118164,13.98900032043457,14.25,14.25,310400
2020-04-03,14.279999732971191,14.5,13.539999961853027,13.8100004196167,13.8100004196167,209100
2020-04-06,14.670000076293945,15.859999656677246,14.670000076293945,15.739999771118164,15.739999771118164,259200
2020-04-07,16.440000534057617,16.80500030517578,15.489999771118164,15.960000038146973,15.960000038146973,356600
2020-04-08,16.399999618530273,16.790000915527344,15.074999809265137,16.34000015258789,16.34000015258789,338500
2020-04-09,16.989999771118164,18.09000015258789,16.719999313354492,17.790000915527344,17.790000915527344,478000
2020-04-13,17.809999465942383,18.674999237060547,17.399999618530273,18.549999237060547,18.549999237060547,296600
2020-04-14,18.969999313354492,19.780000686645508,18.530000686645508,18.75,18.75,366300
2020-04-15,18.059999465942383,18.195999145507812,17.190000534057617,17.3799991607666,17.3799991607666,295900
2020-04-16,17.40999984741211,17.798999786376953,16.639999389648438,17.100000381469727,17.100000381469727,352200
2020-04-17,17.540000915527344,18.59000015258789,17.420000076293945,18.219999313354492,18.219999313354492,434400
2020-04-20,17.920000076293945,18.68000030517578,17.68400001525879,17.780000686645508,17.780000686645508,180500
2020-04-21,20.059999465942383,20.90999984741211,18.655000686645508,18.770000457763672,18.770000457763672,549000
2020-04-22,19.06999969482422,19.844999313354492,19.059999465942383,19.3700008392334,19.3700008392334,256200
2020-04-23,19.5,20.639999389648438,19.5,19.899999618530273,19.899999618530273,245900
2020-04-24,20.0,20.790000915527344,19.645000457763672,20.59000015258789,20.59000015258789,218300
2020-04-27,20.59000015258789,21.020000457763672,20.239999771118164,20.389999389648438,20.389999389648438,481800
2020-04-28,23.790000915527344,24.56999969482422,21.84000015258789,23.100000381469727,23.100000381469727,1329000
2020-04-29,23.40999984741211,25.239999771118164,23.270000457763672,24.350000381469727,24.350000381469727,546700
2020-04-30,24.0,24.06999969482422,22.079999923706055,22.459999084472656,22.459999084472656,489700
2020-05-01,21.899999618530273,22.299999237060547,20.90999984741211,21.6299991607666,21.6299991607666,329800
2020-05-04,21.219999313354492,22.170000076293945,21.010000228881836,21.799999237060547,21.799999237060547,389600
2020-05-05,22.31999969482422,23.260000228881836,22.25,22.540000915527344,22.540000915527344,256100
2020-05-06,22.59000015258789,23.260000228881836,22.260000228881836,22.399999618530273,22.399999618530273,172300
2020-05-07,22.549999237060547,24.649999618530273,22.209999084472656,23.75,23.75,660700
2020-05-08,24.510000228881836,24.989999771118164,23.920000076293945,24.729999542236328,24.729999542236328,305900
2020-05-11,24.5,25.030000686645508,23.92099952697754,24.540000915527344,24.540000915527344,238400
2020-05-12,24.809999465942383,24.961999893188477,23.75,23.760000228881836,23.760000228881836,209200
2020-05-13,23.690000534057617,23.979999542236328,21.700000762939453,21.940000534057617,21.940000534057617,273600
2020-05-14,21.450000762939453,22.959999084472656,21.049999237060547,22.899999618530273,22.899999618530273,254300
2020-05-15,22.700000762939453,22.959999084472656,22.350000381469727,22.6200008392334,22.6200008392334,275200
2020-05-18,23.6200008392334,25.450000762939453,23.06999969482422,25.239999771118164,25.239999771118164,545100
2020-05-19,24.780000686645508,25.610000610351562,24.600000381469727,24.850000381469727,24.850000381469727,230300
2020-05-20,25.34000015258789,25.770000457763672,24.770000457763672,25.170000076293945,25.170000076293945,242500
2020-05-21,25.290000915527344,25.920000076293945,25.08799934387207,25.31999969482422,25.31999969482422,153600
2020-05-22,25.440000534057617,25.5,24.780000686645508,25.309999465942383,25.309999465942383,130400
2020-05-26,26.229999542236328,27.649999618530273,26.020000457763672,27.329999923706055,27.329999923706055,357200
2020-05-27,27.93000030517578,28.69499969482422,26.450000762939453,28.3799991607666,28.3799991607666,419800
2020-05-28,28.65999984741211,28.8700008392334,25.670000076293945,25.93000030517578,25.93000030517578,381500
2020-05-29,25.940000534057617,26.579999923706055,25.200000762939453,25.850000381469727,25.850000381469727,284900
2020-06-01,26.06999969482422,27.260000228881836,26.049999237060547,26.799999237060547,26.799999237060547,198600
2020-06-02,26.950000762939453,27.25,26.540000915527344,27.040000915527344,27.040000915527344,227100
2020-06-03,27.5,28.0,27.010000228881836,27.969999313354492,27.969999313354492,334800
2020-06-04,26.899999618530273,27.950000762939453,26.625999450683594,27.299999237060547,27.299999237060547,394700
2020-06-05,28.0,29.3799991607666,27.764999389648438,28.950000762939453,28.950000762939453,365000
2020-06-08,29.260000228881836,29.950000762939453,28.950000762939453,29.530000686645508,29.530000686645508,291500
2020-06-09,28.829999923706055,29.2450008392334,26.524999618530273,27.110000610351562,27.110000610351562,725800
2020-06-10,27.170000076293945,28.270000457763672,26.75,27.5,27.5,283900
2020-06-11,26.190000534057617,26.6299991607666,24.0,24.94499969482422,24.94499969482422,572400
2020-06-12,26.0,26.709999084472656,24.969999313354492,26.639999389648438,26.639999389648438,429700
2020-06-15,25.510000228881836,27.20800018310547,25.309999465942383,26.84000015258789,26.84000015258789,173500
2020-06-16,28.309999465942383,28.8700008392334,27.600000381469727,28.579999923706055,28.579999923706055,246600
2020-06-17,28.5,28.639999389648438,27.3799991607666,27.700000762939453,27.700000762939453,246400
2020-06-18,27.399999618530273,29.049999237060547,27.05699920654297,28.190000534057617,28.190000534057617,262900
2020-06-19,28.739999771118164,29.719999313354492,28.020000457763672,28.049999237060547,28.049999237060547,361100
2020-06-22,27.790000915527344,28.729999542236328,27.780000686645508,28.1200008392334,28.1200008392334,164700
2020-06-23,28.549999237060547,28.719999313354492,27.969999313354492,28.0,28.0,151800
2020-06-24,27.65999984741211,27.8700008392334,26.25,27.030000686645508,27.030000686645508,200700
2020-06-25,26.729999542236328,27.6200008392334,26.652000427246094,27.270000457763672,27.270000457763672,147900
2020-06-26,27.059999465942383,27.34000015258789,25.610000610351562,25.690000534057617,25.690000534057617,279600
2020-06-29,26.110000610351562,26.739999771118164,25.309999465942383,26.6200008392334,26.6200008392334,179900
2020-06-30,26.690000534057617,27.8799991607666,26.540000915527344,27.469999313354492,27.469999313354492,197600
2020-07-01,27.510000228881836,27.684999465942383,26.770000457763672,26.790000915527344,26.790000915527344,113600
2020-07-02,27.3799991607666,27.639999389648438,26.715999603271484,27.1200008392334,27.1200008392334,180500
2020-07-06,27.81999969482422,27.81999969482422,26.520000457763672,27.459999084472656,27.459999084472656,258700
2020-07-07,27.18000030517578,27.5939998626709,26.913999557495117,27.139999389648438,27.139999389648438,138200
2020-07-08,27.110000610351562,27.68000030517578,26.709999084472656,27.68000030517578,27.68000030517578,199300
2020-07-09,28.59000015258789,30.729999542236328,28.280000686645508,29.93000030517578,29.93000030517578,699900
2020-07-10,31.0,31.65999984741211,29.825000762939453,29.940000534057617,29.940000534057617,432700
2020-07-13,30.5,30.899999618530273,28.020000457763672,28.219999313354492,28.219999313354492,375400
2020-07-14,28.100000381469727,28.670000076293945,26.75,28.59000015258789,28.59000015258789,293100
2020-07-15,29.3799991607666,29.926000595092773,29.0,29.540000915527344,29.540000915527344,159900
2020-07-16,29.469999313354492,29.5,28.579999923706055,28.93000030517578,28.93000030517578,175000
2020-07-17,29.139999389648438,30.049999237060547,29.010000228881836,29.940000534057617,29.940000534057617,191700
2020-07-20,30.040000915527344,31.860000610351562,29.854000091552734,31.540000915527344,31.540000915527344,464000
2020-07-21,32.0,32.58000183105469,30.65999984741211,31.15999984741211,31.15999984741211,307900
2020-07-22,31.030000686645508,31.516000747680664,30.299999237060547,30.8700008392334,30.8700008392334,220800
2020-07-23,30.59000015258789,31.079999923706055,29.420000076293945,30.1200008392334,30.1200008392334,182500
2020-07-24,29.75,30.31999969482422,29.209999084472656,29.940000534057617,29.940000534057617,223000
2020-07-27,30.309999465942383,30.989999771118164,30.030000686645508,30.25,30.25,380100
2020-07-28,30.149999618530273,30.420000076293945,27.844999313354492,27.90999984741211,27.90999984741211,376600
2020-07-29,28.190000534057617,28.68000030517578,26.110000610351562,26.440000534057617,26.440000534057617,932600
2020-07-30,24.0,24.440000534057617,21.809999465942383,22.790000915527344,22.790000915527344,2128900
2020-07-31,23.2450008392334,23.739999771118164,22.309999465942383,23.600000381469727,23.600000381469727,703500
2020-08-03,23.559999465942383,24.420000076293945,23.174999237060547,23.549999237060547,23.549999237060547,1582200
2020-08-04,23.780000686645508,24.719999313354492,23.280000686645508,24.670000076293945,24.670000076293945,1124300
2020-08-05,25.0,25.389999389648438,24.389999389648438,25.280000686645508,25.280000686645508,353500
2020-08-06,25.139999389648438,25.952999114990234,24.90999984741211,25.780000686645508,25.780000686645508,262500
2020-08-07,25.799999237060547,26.229999542236328,25.277000427246094,25.93000030517578,25.93000030517578,212700
2020-08-10,26.06999969482422,26.790000915527344,26.010000228881836,26.209999084472656,26.209999084472656,222300
2020-08-11,26.459999084472656,27.040000915527344,25.84000015258789,26.1299991607666,26.1299991607666,205100
2020-08-12,26.450000762939453,26.6200008392334,25.520000457763672,25.75,25.75,230200
2020-08-13,25.559999465942383,25.559999465942383,23.360000610351562,24.239999771118164,24.239999771118164,938600
2020-08-14,24.0,24.649999618530273,23.59000015258789,24.6200008392334,24.6200008392334,251400
2020-08-17,24.84000015258789,25.389999389648438,24.510000228881836,25.260000228881836,25.260000228881836,225100
2020-08-18,25.31999969482422,25.41200065612793,24.25,24.690000534057617,24.690000534057617,137500
2020-08-19,24.549999237060547,24.770000457763672,24.020000457763672,24.1299991607666,24.1299991607666,149100
2020-08-20,24.0,24.18000030517578,23.360000610351562,23.760000228881836,23.760000228881836,135100
2020-08-21,23.739999771118164,23.799999237060547,23.201000213623047,23.5,23.5,124100
2020-08-24,23.729999542236328,24.0,23.010000228881836,23.200000762939453,23.200000762939453,159600
2020-08-25,23.209999084472656,23.479999542236328,22.729999542236328,23.34000015258789,23.34000015258789,214600
2020-08-26,23.280000686645508,23.649999618530273,23.0,23.170000076293945,23.170000076293945,137100
2020-08-27,23.15999984741211,23.503000259399414,22.834999084472656,23.260000228881836,23.260000228881836,246800
2020-08-28,23.399999618530273,24.0,23.170000076293945,24.0,24.0,134300
2020-08-31,24.190000534057617,24.760000228881836,23.81999969482422,24.450000762939453,24.450000762939453,300400
2020-09-01,24.850000381469727,25.520000457763672,24.5,25.520000457763672,25.520000457763672,232600
2020-09-02,25.770000457763672,26.31999969482422,25.229999542236328,25.84000015258789,25.84000015258789,321900
2020-09-03,25.469999313354492,25.54400062561035,24.0,25.479999542236328,25.479999542236328,339200
2020-09-04,25.639999389648438,25.889999389648438,24.253000259399414,25.200000762939453,25.200000762939453,270700
2020-09-08,24.6200008392334,25.540000915527344,24.274999618530273,25.049999237060547,25.049999237060547,257300
2020-09-09,25.389999389648438,26.354999542236328,25.139999389648438,26.239999771118164,26.239999771118164,233200
2020-09-10,26.5,26.829999923706055,25.3799991607666,25.6299991607666,25.6299991607666,245200
2020-09-11,25.8799991607666,26.309999465942383,25.700000762939453,25.920000076293945,25.920000076293945,243400
2020-09-14,26.31999969482422,26.770999908447266,25.84000015258789,26.56999969482422,26.56999969482422,194100
2020-09-15,26.899999618530273,28.014999389648438,26.753000259399414,27.440000534057617,27.440000534057617,235200
2020-09-16,27.690000534057617,28.5,27.450000762939453,28.030000686645508,28.030000686645508,213700
2020-09-17,27.43000030517578,27.75,27.010000228881836,27.6200008392334,27.6200008392334,133000
2020-09-18,27.979999542236328,28.040000915527344,27.15999984741211,27.559999465942383,27.559999465942383,414300
2020-09-21,26.709999084472656,26.8700008392334,25.6200008392334,25.780000686645508,25.780000686645508,210100
2020-09-22,25.889999389648438,26.420000076293945,25.239999771118164,26.399999618530273,26.399999618530273,170500
2020-09-23,26.40999984741211,27.3799991607666,25.260000228881836,25.329999923706055,25.329999923706055,173100
2020-09-24,25.3700008392334,25.770000457763672,24.719999313354492,25.020000457763672,25.020000457763672,155500
2020-09-25,24.790000915527344,25.540000915527344,24.489999771118164,25.459999084472656,25.459999084472656,155400
2020-09-28,26.010000228881836,27.0,25.670000076293945,26.600000381469727,26.600000381469727,350500
2020-09-29,26.520000457763672,26.84000015258789,26.100000381469727,26.450000762939453,26.450000762939453,131800
2020-09-30,26.350000381469727,26.809999465942383,25.93000030517578,26.350000381469727,26.350000381469727,186000
2020-10-01,26.729999542236328,28.790000915527344,26.729999542236328,28.649999618530273,28.649999618530273,275100
2020-10-02,27.850000381469727,29.15999984741211,27.799999237060547,28.5,28.5,203300
2020-10-05,28.979999542236328,29.18000030517578,28.56999969482422,28.979999542236328,28.979999542236328,140100
2020-10-06,28.989999771118164,30.0,28.889999389648438,28.959999084472656,28.959999084472656,222300
2020-10-07,29.5,30.1299991607666,29.360000610351562,29.719999313354492,29.719999313354492,118200
2020-10-08,30.200000762939453,30.329999923706055,29.631999969482422,29.81999969482422,29.81999969482422,354800
2020-10-09,29.950000762939453,30.719999313354492,29.899999618530273,30.100000381469727,30.100000381469727,150300
2020-10-12,30.5,30.989999771118164,30.219999313354492,30.760000228881836,30.760000228881836,172500
2020-10-13,30.299999237060547,30.479999542236328,29.649999618530273,29.93000030517578,29.93000030517578,120900
2020-10-14,30.139999389648438,30.440000534057617,29.6200008392334,29.809999465942383,29.809999465942383,99000
2020-10-15,29.190000534057617,29.52199935913086,28.5,29.329999923706055,29.329999923706055,120500
2020-10-16,29.399999618530273,29.549999237060547,28.979999542236328,29.09000015258789,29.09000015258789,107400
2020-10-19,29.399999618530273,29.90399932861328,28.40999984741211,28.65999984741211,28.65999984741211,159800
2020-10-20,28.950000762939453,29.350000381469727,28.579999923706055,28.899999618530273,28.899999618530273,243800
2020-10-21,29.450000762939453,29.450000762939453,28.299999237060547,28.709999084472656,28.709999084472656,91800
2020-10-22,29.0,29.920000076293945,28.649999618530273,29.889999389648438,29.889999389648438,104100
2020-10-23,30.0,30.59000015258789,29.610000610351562,30.360000610351562,30.360000610351562,120300
2020-10-26,30.18000030517578,30.610000610351562,28.84000015258789,29.799999237060547,29.799999237060547,226300
2020-10-27,29.799999237060547,30.670000076293945,29.09000015258789,29.350000381469727,29.350000381469727,166300
2020-10-28,28.5,28.5,27.65999984741211,27.850000381469727,27.850000381469727,269700
2020-10-29,26.420000076293945,28.312999725341797,24.360000610351562,27.6299991607666,27.6299991607666,553200
2020-10-30,27.239999771118164,27.299999237060547,25.15999984741211,25.510000228881836,25.510000228881836,245100
2020-11-02,25.59000015258789,26.84000015258789,25.540000915527344,26.479999542236328,26.479999542236328,231500
2020-11-03,26.780000686645508,28.739999771118164,26.600000381469727,28.510000228881836,28.510000228881836,402200
2020-11-04,28.209999084472656,28.809999465942383,27.799999237060547,28.059999465942383,28.059999465942383,127600
2020-11-05,28.309999465942383,29.481000900268555,28.309999465942383,29.110000610351562,29.110000610351562,107800
2020-11-06,29.110000610351562,30.229999542236328,28.65399932861328,29.81999969482422,29.81999969482422,139500
2020-11-09,30.579999923706055,32.040000915527344,30.270000457763672,31.09000015258789,31.09000015258789,360100
2020-11-10,31.299999237060547,31.639999389648438,30.34000015258789,31.510000228881836,31.510000228881836,218000
2020-11-11,31.90999984741211,34.72999954223633,31.709999084472656,34.72999954223633,34.72999954223633,753700
2020-11-12,34.130001068115234,34.369998931884766,33.02000045776367,33.40999984741211,33.40999984741211,203700
2020-11-13,33.244998931884766,34.84000015258789,33.244998931884766,34.34000015258789,34.34000015258789,200300
2020-11-16,34.869998931884766,35.720001220703125,34.430999755859375,35.02000045776367,35.02000045776367,346700
2020-11-17,34.380001068115234,34.900001525878906,33.540000915527344,34.47999954223633,34.47999954223633,202500
2020-11-18,34.810001373291016,35.40999984741211,34.2599983215332,34.38999938964844,34.38999938964844,176000
2020-11-19,34.27000045776367,35.5,34.06999969482422,35.34000015258789,35.34000015258789,182900
2020-11-20,35.400001525878906,35.77000045776367,35.029998779296875,35.150001525878906,35.150001525878906,179200
2020-11-23,35.560001373291016,36.58000183105469,35.34000015258789,35.38999938964844,35.38999938964844,247900
2020-11-24,36.29999923706055,36.29999923706055,35.099998474121094,35.810001373291016,35.810001373291016,156900
2020-11-25,35.810001373291016,36.150001525878906,35.18000030517578,35.22999954223633,35.22999954223633,100200
2020-11-27,35.5,35.779998779296875,35.22999954223633,35.47999954223633,35.47999954223633,105500
2020-11-30,36.619998931884766,41.900001525878906,36.599998474121094,41.790000915527344,41.790000915527344,1101500
2020-12-01,42.25,43.560001373291016,41.060001373291016,41.2599983215332,41.2599983215332,458100
2020-12-02,41.5,44.47999954223633,41.369998931884766,43.369998931884766,43.369998931884766,588800
2020-12-03,43.7599983215332,44.762001037597656,43.029998779296875,43.310001373291016,43.310001373291016,358900
2020-12-04,43.439998626708984,44.33599853515625,42.470001220703125,42.75,42.75,282900
2020-12-07,42.54999923706055,42.720001220703125,40.7599983215332,42.02000045776367,42.02000045776367,242600
2020-12-08,41.68000030517578,43.040000915527344,41.68000030517578,42.630001068115234,42.630001068115234,224500
2020-12-09,42.36000061035156,43.2599983215332,39.88999938964844,40.5099983215332,40.5099983215332,518400
2020-12-10,40.31999969482422,41.9900016784668,39.900001525878906,41.61000061035156,41.61000061035156,132800
2020-12-11,41.04999923706055,41.9900016784668,40.45500183105469,40.599998474121094,40.599998474121094,115500
2020-12-14,40.9900016784668,41.56999969482422,40.80099868774414,41.04999923706055,41.04999923706055,186300
2020-12-15,41.88999938964844,42.91999816894531,40.97999954223633,41.97999954223633,41.97999954223633,213100
2020-12-16,42.29999923706055,42.630001068115234,41.48699951171875,42.25,42.25,139900
2020-12-17,42.68000030517578,42.68000030517578,41.959999084472656,42.29999923706055,42.29999923706055,125900
2020-12-18,42.349998474121094,42.5,39.86000061035156,41.11000061035156,41.11000061035156,359500
2020-12-21,40.0,43.70000076293945,40.0,43.029998779296875,43.029998779296875,514200
2020-12-22,39.75400161743164,43.79999923706055,39.0,43.15999984741211,43.15999984741211,550600
2020-12-23,43.5,45.0,42.65999984741211,44.40999984741211,44.40999984741211,322800
2020-12-24,44.810001373291016,44.810001373291016,41.619998931884766,42.619998931884766,42.619998931884766,177100
2020-12-28,43.119998931884766,43.7400016784668,41.130001068115234,41.31999969482422,41.31999969482422,280000
2020-12-29,41.529998779296875,41.77000045776367,38.52000045776367,39.59000015258789,39.59000015258789,241500
2020-12-30,39.59000015258789,42.119998931884766,39.59000015258789,41.75,41.75,112000
2020-12-31,41.720001220703125,42.58000183105469,41.209999084472656,41.869998931884766,41.869998931884766,108500
2021-01-04,42.130001068115234,43.70000076293945,41.02000045776367,41.26499938964844,41.26499938964844,212200
2021-01-05,41.06999969482422,43.54499816894531,41.06999969482422,43.5,43.5,194700
2021-01-06,43.77000045776367,45.93000030517578,43.25,45.11000061035156,45.11000061035156,296300
2021-01-07,45.34000015258789,46.54999923706055,44.779998779296875,44.90999984741211,44.90999984741211,189700
2021-01-08,44.939998626708984,45.02000045776367,42.66999816894531,42.91999816894531,42.91999816894531,136900
2021-01-11,47.86000061035156,58.5,45.189998626708984,54.70000076293945,54.70000076293945,1965400
2021-01-12,54.70000076293945,57.95500183105469,52.68000030517578,55.2599983215332,55.2599983215332,530300
2021-01-13,54.75,55.290000915527344,52.869998931884766,54.349998474121094,54.349998474121094,266400
2021-01-14,55.2400016784668,58.189998626708984,54.79999923706055,56.779998779296875,56.779998779296875,314800
2021-01-15,56.33000183105469,56.36000061035156,53.880001068115234,54.81999969482422,54.81999969482422,188800
2021-01-19,56.869998931884766,57.70000076293945,55.189998626708984,56.45000076293945,56.45000076293945,176800
2021-01-20,57.189998626708984,59.439998626708984,57.0,58.56999969482422,58.56999969482422,289500
2021-01-21,58.9900016784668,61.150001525878906,57.790000915527344,60.13999938964844,60.13999938964844,329300
2021-01-22,59.88999938964844,61.959999084472656,59.099998474121094,61.220001220703125,61.220001220703125,347000
2021-01-25,61.459999084472656,63.290000915527344,59.150001525878906,61.7400016784668,61.7400016784668,311800
2021-01-26,62.150001525878906,62.880001068115234,57.849998474121094,57.974998474121094,57.974998474121094,412400
2021-01-27,56.33000183105469,60.470001220703125,55.57500076293945,56.88999938964844,56.88999938964844,389200
2021-01-28,56.61000061035156,57.880001068115234,55.5,56.970001220703125,56.970001220703125,323000
2021-01-29,56.970001220703125,57.720001220703125,52.040000915527344,52.970001220703125,52.970001220703125,391900
2021-02-01,54.04999923706055,56.84000015258789,52.8650016784668,55.97999954223633,55.97999954223633,258100
2021-02-02,56.84000015258789,59.41999816894531,55.060001373291016,58.630001068115234,58.630001068115234,1197700
2021-02-03,58.93000030517578,59.279998779296875,57.340999603271484,58.34000015258789,58.34000015258789,690700
2021-02-04,58.61000061035156,60.66999816894531,58.61000061035156,60.470001220703125,60.470001220703125,367100
2021-02-05,61.61000061035156,62.599998474121094,60.0099983215332,62.36000061035156,62.36000061035156,303200
2021-02-08,64.38999938964844,65.58000183105469,63.16999816894531,64.6500015258789,64.6500015258789,313500
2021-02-09,65.16999816894531,65.5989990234375,63.720001220703125,64.0199966430664,64.0199966430664,238100
2021-02-10,64.68000030517578,65.86000061035156,61.84000015258789,63.810001373291016,63.810001373291016,307200
2021-02-11,71.31999969482422,79.05000305175781,69.05000305175781,69.83999633789062,69.83999633789062,870700
2021-02-12,67.52999877929688,70.88999938964844,63.39500045776367,69.3499984741211,69.3499984741211,688200
2021-02-16,69.66000366210938,72.4800033569336,67.7699966430664,71.4000015258789,71.4000015258789,429600
2021-02-17,69.83999633789062,73.2300033569336,66.80999755859375,72.11000061035156,72.11000061035156,317400
2021-02-18,70.0199966430664,71.0,67.66000366210938,68.91000366210938,68.91000366210938,254500
2021-02-19,69.05000305175781,74.68000030517578,69.05000305175781,72.5,72.5,1418600
2021-02-22,72.48999786376953,72.7509994506836,67.0199966430664,68.45999908447266,68.45999908447266,208300
2021-02-23,63.900001525878906,67.44999694824219,61.56999969482422,66.76000213623047,66.76000213623047,316200
2021-02-24,65.41999816894531,68.0,64.72000122070312,67.7300033569336,67.7300033569336,290900
2021-02-25,67.62000274658203,68.30999755859375,61.900001525878906,62.38999938964844,62.38999938964844,299600
2021-02-26,62.540000915527344,64.73999786376953,61.290000915527344,63.970001220703125,63.970001220703125,225000
2021-03-01,65.19000244140625,68.16999816894531,63.7599983215332,66.0,66.0,281900
2021-03-02,66.62000274658203,66.62000274658203,63.130001068115234,63.18000030517578,63.18000030517578,209700
2021-03-03,62.40999984741211,63.810001373291016,59.11000061035156,59.400001525878906,59.400001525878906,298600
2021-03-04,58.849998474121094,59.290000915527344,53.34000015258789,54.630001068115234,54.630001068115234,503400
2021-03-05,55.709999084472656,55.91999816894531,50.290000915527344,55.29999923706055,55.29999923706055,348600
2021-03-08,55.0,56.72999954223633,51.7400016784668,52.869998931884766,52.869998931884766,286900
2021-03-09,54.04999923706055,56.810001373291016,54.04999923706055,55.0099983215332,55.0099983215332,204500
2021-03-10,55.0099983215332,57.428001403808594,54.810001373291016,56.36000061035156,56.36000061035156,222400
2021-03-11,58.400001525878906,60.81999969482422,58.0,60.689998626708984,60.689998626708984,262300
2021-03-12,59.70000076293945,60.16999816894531,57.47999954223633,59.72999954223633,59.72999954223633,181200
2021-03-15,60.2599983215332,62.400001525878906,59.22999954223633,60.959999084472656,60.959999084472656,221100
2021-03-16,61.20000076293945,62.84000015258789,60.36000061035156,61.599998474121094,61.599998474121094,279900
2021-03-17,60.689998626708984,63.869998931884766,59.314998626708984,63.2400016784668,63.2400016784668,220600
2021-03-18,62.45000076293945,62.900001525878906,59.630001068115234,59.63999938964844,59.63999938964844,203600
2021-03-19,59.86000061035156,60.79999923706055,57.15299987792969,59.09000015258789,59.09000015258789,472300
2021-03-22,59.84000015258789,60.78499984741211,57.7599983215332,60.45000076293945,60.45000076293945,149200
2021-03-23,60.38999938964844,60.38999938964844,56.060001373291016,56.20000076293945,56.20000076293945,190500
2021-03-24,57.15999984741211,57.650001525878906,54.220001220703125,54.439998626708984,54.439998626708984,163900
2021-03-25,53.04999923706055,55.790000915527344,51.810001373291016,55.2599983215332,55.2599983215332,181400
2021-03-26,56.08000183105469,56.61000061035156,53.599998474121094,55.810001373291016,55.810001373291016,141900
2021-03-29,55.650001525878906,55.650001525878906,52.25,52.630001068115234,52.630001068115234,186900
2021-03-30,52.5,55.09000015258789,51.15999984741211,54.41999816894531,54.41999816894531,146400
2021-03-31,55.150001525878906,57.33000183105469,55.11000061035156,56.869998931884766,56.869998931884766,113200
2021-04-01,58.13999938964844,60.709999084472656,58.13999938964844,58.959999084472656,58.959999084472656,134400
2021-04-05,60.56999969482422,60.56999969482422,57.900001525878906,58.0099983215332,58.0099983215332,145800
2021-04-06,57.5,58.6349983215332,55.81999969482422,56.52000045776367,56.52000045776367,257300
2021-04-07,56.099998474121094,56.77000045776367,53.689998626708984,54.189998626708984,54.189998626708984,290400
2021-04-08,54.689998626708984,56.220001220703125,53.79999923706055,55.91999816894531,55.91999816894531,193600
2021-04-09,55.15999984741211,55.95000076293945,53.150001525878906,55.470001220703125,55.470001220703125,157100
2021-04-12,55.5,55.5,53.029998779296875,54.54999923706055,54.54999923706055,112200
2021-04-13,54.79999923706055,55.42100143432617,53.16999816894531,54.86000061035156,54.86000061035156,462400
2021-04-14,55.0,57.11000061035156,54.43199920654297,54.95000076293945,54.95000076293945,128000
2021-04-15,55.689998626708984,57.220001220703125,54.43000030517578,56.630001068115234,56.630001068115234,241700
2021-04-16,57.0,57.88999938964844,56.099998474121094,56.619998931884766,56.619998931884766,92500
2021-04-19,56.29999923706055,57.0,52.47999954223633,53.20000076293945,53.20000076293945,133600
2021-04-20,52.540000915527344,52.970001220703125,50.22999954223633,51.77000045776367,51.77000045776367,140100
2021-04-21,51.209999084472656,54.04999923706055,50.869998931884766,53.72999954223633,53.72999954223633,100400
2021-04-22,54.06999969482422,55.689998626708984,53.0,53.540000915527344,53.540000915527344,227700
2021-04-23,53.869998931884766,55.91999816894531,53.869998931884766,55.380001068115234,55.380001068115234,96200
2021-04-26,55.540000915527344,57.369998931884766,54.483001708984375,57.02000045776367,57.02000045776367,98900
2021-04-27,57.61000061035156,58.380001068115234,56.2400016784668,56.810001373291016,56.810001373291016,153400
2021-04-28,56.220001220703125,58.22999954223633,55.70000076293945,58.099998474121094,58.099998474121094,203200
2021-04-29,53.04999923706055,55.25,45.25,46.810001373291016,46.810001373291016,1333200
2021-04-30,46.0,47.459999084472656,44.40999984741211,47.459999084472656,47.459999084472656,399400
2021-05-03,48.380001068115234,51.59000015258789,47.52000045776367,51.34000015258789,51.34000015258789,665800
2021-05-04,50.880001068115234,50.880001068115234,48.540000915527344,50.22999954223633,50.22999954223633,380900
2021-05-05,50.380001068115234,51.96699905395508,49.43000030517578,50.9900016784668,50.9900016784668,209900
2021-05-06,50.650001525878906,51.16999816894531,48.130001068115234,48.959999084472656,48.959999084472656,301300
2021-05-07,49.0,51.75,48.869998931884766,51.58000183105469,51.58000183105469,117900
2021-05-10,50.959999084472656,50.959999084472656,46.005001068115234,46.15999984741211,46.15999984741211,336100
2021-05-11,44.22999954223633,46.709999084472656,42.66999816894531,46.15999984741211,46.15999984741211,231000
2021-05-12,45.0099983215332,45.58000183105469,42.79999923706055,43.40999984741211,43.40999984741211,267400
2021-05-13,44.29999923706055,46.40999984741211,43.150001525878906,44.36000061035156,44.36000061035156,227000
2021-05-14,45.349998474121094,47.13999938964844,44.560001373291016,46.810001373291016,46.810001373291016,120700
2021-05-17,46.040000915527344,47.290000915527344,45.31999969482422,45.790000915527344,45.790000915527344,307800
2021-05-18,46.310001373291016,47.630001068115234,46.22999954223633,46.66999816894531,46.66999816894531,120500
2021-05-19,45.5,47.400001525878906,45.130001068115234,47.400001525878906,47.400001525878906,149600
2021-05-20,47.7599983215332,49.0,47.10499954223633,48.7400016784668,48.7400016784668,129900
2021-05-21,49.72999954223633,50.0099983215332,48.220001220703125,48.86000061035156,48.86000061035156,163300
2021-05-24,49.47999954223633,51.029998779296875,48.65999984741211,50.810001373291016,50.810001373291016,136100
2021-05-25,51.2599983215332,52.189998626708984,49.31999969482422,49.95000076293945,49.95000076293945,164400
2021-05-26,50.29999923706055,51.4900016784668,50.27000045776367,51.459999084472656,51.459999084472656,436500
2021-05-27,51.79999923706055,52.97999954223633,51.400001525878906,52.099998474121094,52.099998474121094,92800
2021-05-28,52.279998779296875,53.470001220703125,51.75,52.04999923706055,52.04999923706055,93600
2021-06-01,52.5099983215332,52.95500183105469,51.349998474121094,52.630001068115234,52.630001068115234,260800
2021-06-02,52.560001373291016,53.0099983215332,51.27000045776367,51.91999816894531,51.91999816894531,130700
2021-06-03,51.459999084472656,51.56999969482422,49.56999969482422,49.630001068115234,49.630001068115234,106800
2021-06-04,50.16999816894531,52.150001525878906,49.61000061035156,50.02000045776367,50.02000045776367,72900
2021-06-07,50.0099983215332,50.650001525878906,49.36000061035156,50.38999938964844,50.38999938964844,77700
2021-06-08,50.880001068115234,51.64099884033203,49.83000183105469,50.58000183105469,50.58000183105469,79800
2021-06-09,50.75,51.25,49.58000183105469,49.630001068115234,49.630001068115234,76200
2021-06-10,49.95000076293945,50.77000045776367,48.86000061035156,49.029998779296875,49.029998779296875,72800
2021-06-11,49.29999923706055,49.81999969482422,49.029998779296875,49.790000915527344,49.790000915527344,76600
2021-06-14,50.18899917602539,51.150001525878906,49.630001068115234,50.65999984741211,50.65999984741211,104600
2021-06-15,51.029998779296875,51.987998962402344,49.31999969482422,50.13999938964844,50.13999938964844,85400
2021-06-16,50.189998626708984,50.939998626708984,48.439998626708984,50.380001068115234,50.380001068115234,273200
2021-06-17,49.84000015258789,51.2400016784668,49.09000015258789,50.310001373291016,50.310001373291016,185400
2021-06-18,49.36000061035156,50.29999923706055,48.93000030517578,49.880001068115234,49.880001068115234,284900
2021-06-21,49.54999923706055,50.25,48.880001068115234,49.13999938964844,49.13999938964844,303000
2021-06-22,49.09000015258789,49.52000045776367,48.34000015258789,49.459999084472656,49.459999084472656,166500
2021-06-23,49.59000015258789,51.43000030517578,49.59000015258789,50.970001220703125,50.970001220703125,306500
2021-06-24,51.630001068115234,53.0,51.599998474121094,52.939998626708984,52.939998626708984,240000
2021-06-25,53.099998474121094,53.63999938964844,52.41999816894531,52.560001373291016,52.560001373291016,348000
2021-06-28,52.68000030517578,53.400001525878906,52.099998474121094,52.970001220703125,52.970001220703125,124400
2021-06-29,53.02000045776367,54.04999923706055,52.56999969482422,52.68000030517578,52.68000030517578,151500
2021-06-30,52.61000061035156,53.29999923706055,51.59000015258789,51.59000015258789,51.59000015258789,320500
2021-07-01,51.59000015258789,51.9900016784668,49.38999938964844,49.880001068115234,49.880001068115234,227400
2021-07-02,50.29999923706055,50.790000915527344,49.439998626708984,50.5099983215332,50.5099983215332,123800
2021-07-06,51.56100082397461,51.56100082397461,48.84000015258789,50.43000030517578,50.43000030517578,127200
2021-07-07,50.66999816894531,50.66999816894531,47.459999084472656,47.59000015258789,47.59000015258789,189600
2021-07-08,46.119998931884766,47.459999084472656,45.5,46.849998474121094,46.849998474121094,189200
2021-07-09,47.279998779296875,47.88999938964844,46.68000030517578,47.31999969482422,47.31999969482422,143800
2021-07-12,47.40999984741211,47.78900146484375,46.65999984741211,47.279998779296875,47.279998779296875,121600
2021-07-13,46.91999816894531,46.91999816894531,45.459999084472656,45.59000015258789,45.59000015258789,109200
2021-07-14,46.27000045776367,46.56999969482422,45.040000915527344,45.81999969482422,45.81999969482422,168600
2021-07-15,45.5,45.5,43.2400016784668,43.599998474121094,43.599998474121094,131700
2021-07-16,44.2599983215332,44.470001220703125,41.52000045776367,41.7599983215332,41.7599983215332,153500
2021-07-19,40.880001068115234,41.439998626708984,39.689998626708984,40.11000061035156,40.11000061035156,347800
2021-07-20,40.099998474121094,42.630001068115234,39.880001068115234,42.18000030517578,42.18000030517578,222200
2021-07-21,42.5,44.34000015258789,42.47999954223633,44.0099983215332,44.0099983215332,165700
2021-07-22,43.95000076293945,43.95000076293945,42.584999084472656,43.060001373291016,43.060001373291016,108300
2021-07-23,43.25,43.869998931884766,42.474998474121094,43.22999954223633,43.22999954223633,115900
2021-07-26,43.33000183105469,43.779998779296875,42.470001220703125,42.5,42.5,113600
2021-07-27,42.34000015258789,42.34000015258789,40.22999954223633,41.38999938964844,41.38999938964844,132500
2021-07-28,42.130001068115234,43.599998474121094,41.560001373291016,43.189998626708984,43.189998626708984,178600
2021-07-29,45.099998474121094,45.314998626708984,41.0,44.54999923706055,44.54999923706055,474300
2021-07-30,43.599998474121094,46.11000061035156,42.650001525878906,46.0,46.0,374100
2021-08-02,46.4900016784668,47.439998626708984,45.540000915527344,46.189998626708984,46.189998626708984,511600
2021-08-03,46.25,47.099998474121094,45.619998931884766,47.040000915527344,47.040000915527344,153300
2021-08-04,46.7599983215332,47.58000183105469,46.709999084472656,47.33000183105469,47.33000183105469,103600
2021-08-05,47.900001525878906,49.290000915527344,47.59600067138672,49.0,49.0,160500
2021-08-06,48.88999938964844,50.20000076293945,48.584999084472656,49.540000915527344,49.540000915527344,161200
2021-08-09,49.59000015258789,49.77000045776367,48.56999969482422,49.54999923706055,49.54999923706055,99100
2021-08-10,49.439998626708984,50.22999954223633,48.904998779296875,50.20000076293945,50.20000076293945,162600
2021-08-11,50.45000076293945,51.0099983215332,49.119998931884766,50.90999984741211,50.90999984741211,143900
2021-08-12,50.66999816894531,50.66999816894531,49.60499954223633,49.75,49.75,140000
2021-08-13,49.47999954223633,50.04999923706055,48.93000030517578,50.0,50.0,74200
2021-08-16,49.59000015258789,49.599998474121094,48.744998931884766,49.33000183105469,49.33000183105469,115700
2021-08-17,48.75,49.09000015258789,47.275001525878906,47.7599983215332,47.7599983215332,202200
2021-08-18,47.63999938964844,49.22999954223633,47.0099983215332,48.08000183105469,48.08000183105469,129200
2021-08-19,47.83000183105469,48.650001525878906,46.97999954223633,48.04999923706055,48.04999923706055,154300
2021-08-20,48.08000183105469,50.34000015258789,48.08000183105469,50.220001220703125,50.220001220703125,121300
2021-08-23,50.869998931884766,52.65700149536133,50.79999923706055,52.4900016784668,52.4900016784668,135200
2021-08-24,52.58000183105469,53.73500061035156,52.4900016784668,53.560001373291016,53.560001373291016,206300
2021-08-25,53.689998626708984,57.869998931884766,53.61000061035156,56.380001068115234,56.380001068115234,445300
2021-08-26,56.0,56.47999954223633,54.86000061035156,55.72999954223633,55.72999954223633,103000
2021-08-27,55.630001068115234,59.86000061035156,55.625,59.83000183105469,59.83000183105469,277600
2021-08-30,60.0,60.22999954223633,58.02000045776367,58.45000076293945,58.45000076293945,168800
2021-08-31,58.029998779296875,59.099998474121094,56.38999938964844,58.290000915527344,58.290000915527344,140000
2021-09-01,58.470001220703125,58.560001373291016,57.41999816894531,57.54999923706055,57.54999923706055,94900
2021-09-02,57.939998626708984,58.2599983215332,56.89500045776367,57.63999938964844,57.63999938964844,147600
2021-09-03,57.689998626708984,58.849998474121094,57.55799865722656,58.20000076293945,58.20000076293945,107500
2021-09-07,58.11000061035156,58.439998626708984,57.27000045776367,57.869998931884766,57.869998931884766,165000
2021-09-08,57.36000061035156,57.36000061035156,54.319000244140625,55.70000076293945,55.70000076293945,154200
2021-09-09,55.41999816894531,56.20000076293945,54.25,54.279998779296875,54.279998779296875,118200
2021-09-10,54.61000061035156,55.67499923706055,52.91999816894531,53.09000015258789,53.09000015258789,170200
2021-09-13,53.65999984741211,53.65999984741211,51.310001373291016,52.869998931884766,52.869998931884766,191900
2021-09-14,53.0,54.150001525878906,52.18000030517578,53.68000030517578,53.68000030517578,181100
2021-09-15,53.560001373291016,54.400001525878906,51.650001525878906,54.38999938964844,54.38999938964844,173600
2021-09-16,54.2400016784668,56.689998626708984,53.529998779296875,56.66999816894531,56.66999816894531,363500
2021-09-17,57.119998931884766,58.20000076293945,55.5,57.400001525878906,57.400001525878906,832500
2021-09-20,55.290000915527344,55.7599983215332,53.32500076293945,54.41999816894531,54.41999816894531,143500
2021-09-21,55.27000045776367,55.845001220703125,53.7400016784668,55.720001220703125,55.720001220703125,90600
2021-09-22,56.369998931884766,60.119998931884766,56.369998931884766,59.97999954223633,59.97999954223633,305300
2021-09-23,60.79999923706055,62.22999954223633,59.82500076293945,61.88999938964844,61.88999938964844,118600
2021-09-24,61.36000061035156,61.88999938964844,60.75,61.400001525878906,61.400001525878906,75300
2021-09-27,61.099998474121094,61.81999969482422,60.619998931884766,61.029998779296875,61.029998779296875,69900
2021-09-28,60.02000045776367,60.02000045776367,57.0,57.27000045776367,57.27000045776367,130300
2021-09-29,60.40999984741211,62.9900016784668,56.650001525878906,56.9900016784668,56.9900016784668,285700
2021-09-30,57.95000076293945,57.95000076293945,56.06999969482422,57.130001068115234,57.130001068115234,299200
2021-10-01,57.61000061035156,57.61000061035156,55.9640007019043,56.06999969482422,56.06999969482422,122800
2021-10-04,55.61000061035156,55.84000015258789,53.220001220703125,53.939998626708984,53.939998626708984,160900
2021-10-05,54.40999984741211,55.31999969482422,53.70000076293945,54.939998626708984,54.939998626708984,127900
2021-10-06,54.0099983215332,55.560001373291016,53.70500183105469,54.099998474121094,54.099998474121094,94100
2021-10-07,55.04999923706055,55.79999923706055,54.58000183105469,54.75,54.75,329300
2021-10-08,54.939998626708984,55.650001525878906,52.63999938964844,52.66999816894531,52.66999816894531,114200
2021-10-11,52.22999954223633,53.27000045776367,51.72999954223633,51.84000015258789,51.84000015258789,72200
2021-10-12,52.27000045776367,52.29499816894531,50.560001373291016,51.220001220703125,51.220001220703125,165400
2021-10-13,51.65999984741211,53.279998779296875,51.54999923706055,52.33000183105469,52.33000183105469,206600
2021-10-14,53.27000045776367,54.04999923706055,51.400001525878906,52.41999816894531,52.41999816894531,363900
2021-10-15,53.790000915527344,53.97999954223633,51.904998779296875,52.59000015258789,52.59000015258789,220100
2021-10-18,52.04999923706055,53.34000015258789,51.83000183105469,53.209999084472656,53.209999084472656,93500
2021-10-19,53.470001220703125,54.34000015258789,53.34000015258789,54.209999084472656,54.209999084472656,241100
2021-10-20,54.0099983215332,54.77000045776367,53.22999954223633,54.61000061035156,54.61000061035156,52100
2021-10-21,54.41999816894531,56.150001525878906,54.41999816894531,56.02000045776367,56.02000045776367,87300
2021-10-22,55.959999084472656,56.689998626708984,54.71500015258789,55.0099983215332,55.0099983215332,70600
2021-10-25,55.279998779296875,56.41999816894531,55.02000045776367,56.2599983215332,56.2599983215332,127400
2021-10-26,56.83000183105469,57.970001220703125,56.29999923706055,57.31999969482422,57.31999969482422,174400
2021-10-27,56.7599983215332,58.15999984741211,55.70000076293945,55.93000030517578,55.93000030517578,198400
2021-10-28,60.810001373291016,71.83000183105469,59.5,71.01000213623047,71.01000213623047,926700
2021-10-29,70.0,71.5,68.23999786376953,69.72000122070312,69.72000122070312,351300
2021-11-01,69.5,73.0999984741211,69.45999908447266,72.72000122070312,72.72000122070312,408600
2021-11-02,72.1500015258789,79.75,72.0,77.91999816894531,77.91999816894531,1194300
2021-11-03,76.45999908447266,80.75,75.34700012207031,80.68000030517578,80.68000030517578,946400
2021-11-04,80.75,80.75,77.94999694824219,78.38999938964844,78.38999938964844,482200
2021-11-05,79.54000091552734,82.41999816894531,77.19999694824219,77.72000122070312,77.72000122070312,505700
2021-11-08,77.79000091552734,79.33000183105469,74.45999908447266,76.04000091552734,76.04000091552734,612900
2021-11-09,76.37000274658203,76.91000366210938,74.44000244140625,76.33999633789062,76.33999633789062,189100
2021-11-10,75.08999633789062,77.19999694824219,72.56999969482422,73.22000122070312,73.22000122070312,205400
2021-11-11,74.38999938964844,76.4000015258789,73.68000030517578,74.9000015258789,74.9000015258789,153800
2021-11-12,75.16000366210938,78.68000030517578,74.87000274658203,78.0999984741211,78.0999984741211,477900
2021-11-15,78.55000305175781,80.76000213623047,78.23999786376953,79.54000091552734,79.54000091552734,1195500
2021-11-16,79.37000274658203,85.12999725341797,78.54000091552734,85.08999633789062,85.08999633789062,1375000
2021-11-17,82.44000244140625,83.12999725341797,79.36000061035156,79.37000274658203,79.37000274658203,414900
2021-11-18,80.19000244140625,81.51000213623047,77.47000122070312,81.2699966430664,81.2699966430664,218800
2021-11-19,80.58000183105469,82.76000213623047,80.46499633789062,81.7699966430664,81.7699966430664,153000
2021-11-22,82.98999786376953,83.9229965209961,77.11000061035156,77.19000244140625,77.19000244140625,259500
2021-11-23,76.12000274658203,78.91999816894531,74.0199966430664,75.8499984741211,75.8499984741211,269600
2021-11-24,74.5199966430664,77.41999816894531,73.33000183105469,77.0199966430664,77.0199966430664,211500
2021-11-26,74.08000183105469,75.5199966430664,72.05999755859375,74.22000122070312,74.22000122070312,127000
2021-11-29,75.66999816894531,77.31999969482422,74.56999969482422,76.25,76.25,182000
2021-11-30,75.87000274658203,77.01599884033203,72.9800033569336,74.97000122070312,74.97000122070312,456800
2021-12-01,77.44000244140625,79.41100311279297,73.98999786376953,73.98999786376953,73.98999786376953,246800
2021-12-02,72.94999694824219,76.20999908447266,72.56999969482422,75.63999938964844,75.63999938964844,282800
2021-12-03,76.19000244140625,76.5999984741211,69.05000305175781,70.51000213623047,70.51000213623047,344900
2021-12-06,70.47000122070312,75.94000244140625,67.0199966430664,75.04000091552734,75.04000091552734,547400
2021-12-07,77.33000183105469,84.56999969482422,77.33000183105469,82.33999633789062,82.33999633789062,688400
2021-12-08,82.58000183105469,84.5,80.37999725341797,81.91999816894531,81.91999816894531,444900
2021-12-09,80.95999908447266,87.91000366210938,80.95999908447266,84.02999877929688,84.02999877929688,855800
2021-12-10,85.02999877929688,85.61000061035156,80.38999938964844,85.51000213623047,85.51000213623047,584700
2021-12-13,86.05999755859375,89.9000015258789,81.72000122070312,82.20999908447266,82.20999908447266,433000
2021-12-14,80.81999969482422,82.37000274658203,78.43000030517578,81.91000366210938,81.91000366210938,301500
2021-12-15,82.98999786376953,89.7300033569336,82.13999938964844,88.38999938964844,88.38999938964844,497800
2021-12-16,87.91999816894531,89.4800033569336,78.41999816894531,80.5999984741211,80.5999984741211,475400
2021-12-17,80.5999984741211,86.06999969482422,80.58000183105469,84.19000244140625,84.19000244140625,500300
2021-12-20,81.30000305175781,83.3499984741211,79.63500213623047,81.4000015258789,81.4000015258789,366600
2021-12-21,83.77999877929688,88.81999969482422,81.4000015258789,87.87999725341797,87.87999725341797,430800
2021-12-22,87.5,88.69999694824219,85.4000015258789,88.68000030517578,88.68000030517578,219500
2021-12-23,89.37000274658203,92.23400115966797,87.63400268554688,90.2300033569336,90.2300033569336,369500
2021-12-27,90.94999694824219,94.38999938964844,90.66999816894531,92.58000183105469,92.58000183105469,327300
2021-12-28,93.0,93.75,88.2699966430664,89.63999938964844,89.63999938964844,189800
2021-12-29,90.08999633789062,91.48999786376953,88.22000122070312,89.91000366210938,89.91000366210938,148700
2021-12-30,89.58999633789062,91.79000091552734,89.56999969482422,89.77999877929688,89.77999877929688,138200
2021-12-31,90.01000213623047,91.0,88.3499984741211,88.69999694824219,88.69999694824219,202700
2022-01-03,90.05999755859375,90.95999908447266,87.33000183105469,88.8499984741211,88.8499984741211,199500
2022-01-04,90.0999984741211,90.19999694824219,84.9000015258789,88.37999725341797,88.37999725341797,468900
2022-01-05,87.38999938964844,88.18000030517578,79.86000061035156,80.36000061035156,80.36000061035156,324700
2022-01-06,80.9000015258789,83.18000030517578,78.5,82.79000091552734,82.79000091552734,289200
2022-01-07,83.06999969482422,84.3499984741211,79.66000366210938,80.61000061035156,80.61000061035156,197200
2022-01-10,78.58999633789062,79.75,74.54000091552734,78.04000091552734,78.04000091552734,356500
2022-01-11,82.25,87.9800033569336,80.0999984741211,86.44999694824219,86.44999694824219,746800
2022-01-12,88.58000183105469,90.51000213623047,85.99500274658203,89.45999908447266,89.45999908447266,436100
2022-01-13,86.98300170898438,93.4800033569336,86.98300170898438,89.18000030517578,89.18000030517578,296900
2022-01-14,89.47000122070312,90.94000244140625,86.34400177001953,90.62000274658203,90.62000274658203,223900
2022-01-18,88.23999786376953,89.62999725341797,83.78900146484375,85.13999938964844,85.13999938964844,388000
2022-01-19,86.08999633789062,87.87000274658203,82.87999725341797,83.9800033569336,83.9800033569336,286100
2022-01-20,85.58000183105469,87.85399627685547,83.98999786376953,84.37999725341797,84.37999725341797,318100
2022-01-21,83.04000091552734,85.98999786376953,79.9800033569336,79.9800033569336,79.9800033569336,284200
2022-01-24,76.77999877929688,78.86000061035156,72.44999694824219,78.6500015258789,78.6500015258789,908900
2022-01-25,75.94000244140625,78.79900360107422,74.25800323486328,76.19999694824219,76.19999694824219,443600
2022-01-26,79.08999633789062,82.03500366210938,75.7699966430664,77.11000061035156,77.11000061035156,238500
2022-01-27,79.4000015258789,79.43000030517578,70.33000183105469,71.66999816894531,71.66999816894531,381200
2022-01-28,71.41999816894531,75.18000030517578,69.17500305175781,75.16999816894531,75.16999816894531,247600
2022-01-31,75.45999908447266,80.26000213623047,74.9800033569336,79.38999938964844,79.38999938964844,318000
2022-02-01,80.58999633789062,81.9800033569336,76.91000366210938,80.04000091552734,80.04000091552734,167100
2022-02-02,81.83000183105469,82.27999877929688,78.06999969482422,78.76000213623047,78.76000213623047,324900
2022-02-03,75.83999633789062,78.37999725341797,74.54000091552734,75.19000244140625,75.19000244140625,268100
2022-02-04,75.22000122070312,79.0999984741211,73.77999877929688,78.08000183105469,78.08000183105469,188200
2022-02-07,78.48999786376953,81.61000061035156,78.33000183105469,79.66999816894531,79.66999816894531,223600
2022-02-08,79.66000366210938,84.61000061035156,79.66000366210938,83.88999938964844,83.88999938964844,203600
2022-02-09,85.72000122070312,89.87000274658203,85.0,89.75,89.75,386700
2022-02-10,76.88999938964844,79.49500274658203,69.77999877929688,70.94000244140625,70.94000244140625,1238300
2022-02-11,68.5199966430664,74.1449966430664,68.5199966430664,70.01000213623047,70.01000213623047,765400
2022-02-14,69.4800033569336,72.13999938964844,66.62999725341797,68.37999725341797,68.37999725341797,572100
2022-02-15,71.04000091552734,72.62999725341797,69.0999984741211,72.38999938964844,72.38999938964844,262100
2022-02-16,70.88999938964844,72.02999877929688,69.27999877929688,70.44000244140625,70.44000244140625,217900
2022-02-17,69.45999908447266,69.73999786376953,67.16500091552734,67.69999694824219,67.69999694824219,243400
2022-02-18,67.79000091552734,68.66999816894531,65.87000274658203,66.93000030517578,66.93000030517578,201300
2022-02-22,65.58000183105469,68.0,65.2490005493164,66.27999877929688,66.27999877929688,180100
2022-02-23,67.0,67.37000274658203,63.20000076293945,63.59000015258789,63.59000015258789,540600
2022-02-24,60.33000183105469,67.61000061035156,59.310001373291016,67.41000366210938,67.41000366210938,250600
2022-02-25,67.25,68.83000183105469,65.68000030517578,68.66000366210938,68.66000366210938,149100
2022-02-28,67.83999633789062,69.7490005493164,67.16000366210938,68.75,68.75,215800
2022-03-01,68.08000183105469,68.33000183105469,65.5199966430664,66.52999877929688,66.52999877929688,395100
2022-03-02,67.16999816894531,69.9800033569336,66.75,69.52999877929688,69.52999877929688,230300
2022-03-03,70.0,70.20999908447266,64.33999633789062,64.88999938964844,64.88999938964844,360500
2022-03-04,64.2699966430664,64.2699966430664,59.959999084472656,60.11000061035156,60.11000061035156,581700
2022-03-07,60.88999938964844,61.16999816894531,56.130001068115234,56.27000045776367,56.27000045776367,488900
2022-03-08,55.959999084472656,60.810001373291016,55.689998626708984,58.72999954223633,58.72999954223633,298500
2022-03-09,60.349998474121094,62.33000183105469,60.25,61.2400016784668,61.2400016784668,183000
2022-03-10,59.29999923706055,61.0,58.900001525878906,60.279998779296875,60.279998779296875,137200
2022-03-11,61.4900016784668,61.95000076293945,58.599998474121094,58.65999984741211,58.65999984741211,145300
2022-03-14,58.369998931884766,59.099998474121094,53.65999984741211,53.959999084472656,53.959999084472656,329600
2022-03-15,54.47999954223633,58.290000915527344,53.720001220703125,58.0099983215332,58.0099983215332,240400
2022-03-16,59.70000076293945,62.540000915527344,58.630001068115234,61.900001525878906,61.900001525878906,247000
2022-03-17,61.20000076293945,64.37000274658203,59.369998931884766,63.720001220703125,63.720001220703125,162400
2022-03-18,63.029998779296875,66.83000183105469,63.029998779296875,65.58000183105469,65.58000183105469,398800
2022-03-21,65.11000061035156,65.87999725341797,62.6150016784668,63.29999923706055,63.29999923706055,166700
2022-03-22,63.959999084472656,68.13999938964844,63.959999084472656,67.52999877929688,67.52999877929688,300900
2022-03-23,66.44000244140625,68.05000305175781,65.01000213623047,65.36000061035156,65.36000061035156,143900
2022-03-24,66.06999969482422,67.88999938964844,64.88999938964844,67.86000061035156,67.86000061035156,101900
2022-03-25,67.52999877929688,67.6500015258789,63.380001068115234,64.52999877929688,64.52999877929688,263800
2022-03-28,64.12999725341797,65.11000061035156,61.83000183105469,62.619998931884766,62.619998931884766,450800
2022-03-29,64.31999969482422,67.29000091552734,63.599998474121094,67.05999755859375,67.05999755859375,484700
2022-03-30,66.54000091552734,67.54000091552734,63.88999938964844,64.37000274658203,64.37000274658203,148100
2022-03-31,64.72000122070312,65.43000030517578,63.04999923706055,63.540000915527344,63.540000915527344,402200
2022-04-01,64.06999969482422,65.55999755859375,62.43000030517578,62.75,62.75,232600
2022-04-04,63.310001373291016,64.88999938964844,62.7599983215332,64.58999633789062,64.58999633789062,197200
2022-04-05,64.22000122070312,64.22000122070312,57.025001525878906,57.20000076293945,57.20000076293945,399400
2022-04-06,55.79999923706055,56.04999923706055,51.70000076293945,53.529998779296875,53.529998779296875,576000
2022-04-07,53.5,55.400001525878906,50.56999969482422,52.63999938964844,52.63999938964844,500400
2022-04-08,52.04999923706055,52.83000183105469,50.30500030517578,50.61000061035156,50.61000061035156,414000
2022-04-11,50.36000061035156,52.33000183105469,49.099998474121094,51.439998626708984,51.439998626708984,383600
2022-04-12,52.939998626708984,53.75,50.93000030517578,51.380001068115234,51.380001068115234,277800
2022-04-13,51.16999816894531,53.2599983215332,51.13999938964844,52.86000061035156,52.86000061035156,136600
2022-04-14,53.150001525878906,53.150001525878906,50.79999923706055,50.869998931884766,50.869998931884766,157200
2022-04-18,50.16999816894531,51.68000030517578,49.15999984741211,50.43000030517578,50.43000030517578,169800
2022-04-19,50.75,51.95000076293945,50.0099983215332,51.15999984741211,51.15999984741211,120300
2022-04-20,52.15999984741211,53.49599838256836,50.65999984741211,51.08000183105469,51.08000183105469,183500
2022-04-21,52.65999984741211,53.31999969482422,47.04999923706055,47.31999969482422,47.31999969482422,357500
2022-04-22,46.97999954223633,47.75,45.33000183105469,45.5,45.5,350400
2022-04-25,44.880001068115234,49.47999954223633,44.880001068115234,49.369998931884766,49.369998931884766,375800
2022-04-26,48.709999084472656,50.9900016784668,47.220001220703125,50.5099983215332,50.5099983215332,591000
2022-04-27,50.33000183105469,52.65999984741211,49.83000183105469,50.619998931884766,50.619998931884766,386200
2022-04-28,51.900001525878906,53.380001068115234,47.630001068115234,50.119998931884766,50.119998931884766,648700
2022-04-29,49.75,50.650001525878906,49.02000045776367,49.2599983215332,49.2599983215332,554000
2022-05-02,49.099998474121094,51.779998779296875,48.529998779296875,51.65999984741211,51.65999984741211,236600
2022-05-03,51.70000076293945,53.09000015258789,50.39500045776367,52.38999938964844,52.38999938964844,495100
2022-05-04,52.27000045776367,53.560001373291016,49.40999984741211,53.369998931884766,53.369998931884766,231500
2022-05-05,51.849998474121094,52.13999938964844,48.150001525878906,49.29999923706055,49.29999923706055,181500
2022-05-06,48.790000915527344,48.93000030517578,46.529998779296875,47.95000076293945,47.95000076293945,249800
2022-05-09,46.86000061035156,47.119998931884766,42.959999084472656,43.33000183105469,43.33000183105469,665800
2022-05-10,44.77000045776367,45.47999954223633,41.95000076293945,43.130001068115234,43.130001068115234,711000
2022-05-11,42.65999984741211,44.86000061035156,41.150001525878906,41.290000915527344,41.290000915527344,318300
2022-05-12,40.5,44.439998626708984,39.7400016784668,42.7599983215332,42.7599983215332,343100
2022-05-13,43.810001373291016,47.77000045776367,43.66999816894531,47.11000061035156,47.11000061035156,285400
2022-05-16,46.5,47.654998779296875,45.599998474121094,46.15999984741211,46.15999984741211,162600
2022-05-17,47.619998931884766,48.650001525878906,45.75,47.2400016784668,47.2400016784668,434200
2022-05-18,46.25,47.16999816894531,44.59000015258789,45.31999969482422,45.31999969482422,182400
2022-05-19,44.540000915527344,47.11000061035156,44.540000915527344,45.81999969482422,45.81999969482422,313000
2022-05-20,46.900001525878906,47.130001068115234,42.68000030517578,45.09000015258789,45.09000015258789,148000
2022-05-23,45.0099983215332,45.63999938964844,43.709999084472656,44.84000015258789,44.84000015258789,163100
2022-05-24,44.06999969482422,44.06999969482422,41.48500061035156,42.70000076293945,42.70000076293945,165700
2022-05-25,42.16999816894531,44.95000076293945,42.04999923706055,44.619998931884766,44.619998931884766,203600
2022-05-26,44.459999084472656,47.36000061035156,44.154998779296875,46.41999816894531,46.41999816894531,210400
2022-05-27,47.20000076293945,48.47999954223633,46.959999084472656,48.150001525878906,48.150001525878906,172200
2022-05-31,47.599998474121094,48.19499969482422,46.150001525878906,46.810001373291016,46.810001373291016,315700
2022-06-01,47.68000030517578,48.09000015258789,45.45000076293945,46.25,46.25,177900
2022-06-02,46.25,50.31999969482422,45.970001220703125,50.0099983215332,50.0099983215332,137100
2022-06-03,48.720001220703125,49.189998626708984,47.70500183105469,49.029998779296875,49.029998779296875,157500
2022-06-06,50.400001525878906,50.78499984741211,48.45000076293945,49.93000030517578,49.93000030517578,213600
2022-06-07,48.779998779296875,53.150001525878906,48.36000061035156,53.13999938964844,53.13999938964844,725500
2022-06-08,52.77000045776367,54.90999984741211,52.400001525878906,53.65999984741211,53.65999984741211,433300
2022-06-09,52.900001525878906,58.38999938964844,52.900001525878906,55.88999938964844,55.88999938964844,504900
2022-06-10,53.650001525878906,54.47100067138672,51.060001373291016,51.959999084472656,51.959999084472656,672200
2022-06-13,49.650001525878906,50.31999969482422,46.33000183105469,48.099998474121094,48.099998474121094,326800
2022-06-14,48.310001373291016,50.1150016784668,46.525001525878906,49.43000030517578,49.43000030517578,240200
2022-06-15,50.29999923706055,51.38999938964844,48.33000183105469,50.29999923706055,50.29999923706055,251400
2022-06-16,48.150001525878906,48.744998931884766,46.959999084472656,47.41999816894531,47.41999816894531,206400
2022-06-17,47.9900016784668,50.400001525878906,47.775001525878906,49.38999938964844,49.38999938964844,305200
2022-06-21,50.15999984741211,51.904998779296875,49.650001525878906,51.45000076293945,51.45000076293945,158900
2022-06-22,50.61000061035156,53.220001220703125,50.61000061035156,51.220001220703125,51.220001220703125,328900
2022-06-23,51.38999938964844,55.04499816894531,50.939998626708984,54.86000061035156,54.86000061035156,217000
2022-06-24,55.88999938964844,57.810001373291016,54.939998626708984,55.810001373291016,55.810001373291016,510900
2022-06-27,56.45000076293945,56.880001068115234,54.25,56.150001525878906,56.150001525878906,231000
2022-06-28,56.310001373291016,57.40999984741211,55.349998474121094,56.02000045776367,56.02000045776367,262100
2022-06-29,55.060001373291016,56.79999923706055,53.77299880981445,56.75,56.75,216100
2022-06-30,55.849998474121094,58.869998931884766,54.279998779296875,58.66999816894531,58.66999816894531,537000
2022-07-01,57.900001525878906,59.34000015258789,54.04999923706055,54.630001068115234,54.630001068115234,333700
2022-07-05,53.310001373291016,60.060001373291016,52.29999923706055,60.060001373291016,60.060001373291016,328300
2022-07-06,60.18000030517578,61.400001525878906,59.060001373291016,60.45000076293945,60.45000076293945,257100
2022-07-07,61.90999984741211,65.6500015258789,61.41999816894531,65.16000366210938,65.16000366210938,309500
2022-07-08,64.38999938964844,66.75499725341797,64.38999938964844,65.5199966430664,65.5199966430664,201800
2022-07-11,65.0,67.24500274658203,64.21499633789062,64.75,64.75,249900
2022-07-12,64.75,66.34600067138672,63.68000030517578,65.08999633789062,65.08999633789062,129300
2022-07-13,63.560001373291016,65.30000305175781,63.125,64.62999725341797,64.62999725341797,151800
2022-07-14,64.80000305175781,66.44999694824219,63.630001068115234,65.91999816894531,65.91999816894531,143400
2022-07-15,66.36000061035156,67.87000274658203,64.60099792480469,67.5,67.5,142100
2022-07-18,68.41000366210938,69.41000366210938,67.08000183105469,67.36000061035156,67.36000061035156,302400
2022-07-19,68.1500015258789,69.55000305175781,67.44000244140625,68.63999938964844,68.63999938964844,235300
2022-07-20,68.20999908447266,71.88999938964844,68.20999908447266,71.80000305175781,71.80000305175781,244100
2022-07-21,71.9000015258789,73.7699966430664,70.5199966430664,73.6500015258789,73.6500015258789,261600
2022-07-22,73.66999816894531,74.18000030517578,69.63999938964844,70.30000305175781,70.30000305175781,186400
2022-07-25,69.56999969482422,69.56999969482422,65.95999908447266,67.43000030517578,67.43000030517578,409400
2022-07-26,67.01000213623047,68.30000305175781,66.00399780273438,68.19000244140625,68.19000244140625,259600
2022-07-27,69.47000122070312,74.0,67.9800033569336,69.87999725341797,69.87999725341797,342200
2022-07-28,80.25,85.0,76.05999755859375,82.93000030517578,82.93000030517578,858200
2022-07-29,80.02999877929688,85.55999755859375,80.02999877929688,85.0199966430664,85.0199966430664,745600
2022-08-01,82.33000183105469,86.80000305175781,82.33000183105469,86.55999755859375,86.55999755859375,513000
2022-08-02,85.16000366210938,87.0,83.62000274658203,86.5,86.5,401500
2022-08-03,86.33999633789062,92.3499984741211,85.68000030517578,92.18000030517578,92.18000030517578,446000
2022-08-04,92.18000030517578,95.93000030517578,91.27999877929688,95.0199966430664,95.0199966430664,405500
2022-08-05,93.26000213623047,96.94999694824219,92.01000213623047,95.16999816894531,95.16999816894531,394700
2022-08-08,95.0,95.80999755859375,90.0199966430664,90.98999786376953,90.98999786376953,425500
2022-08-09,89.9000015258789,91.61499786376953,87.77999877929688,91.5999984741211,91.5999984741211,984100
2022-08-10,94.5,95.48999786376953,92.37999725341797,93.0999984741211,93.0999984741211,290100
2022-08-11,93.9000015258789,95.5199966430664,91.69000244140625,94.5199966430664,94.5199966430664,379500
2022-08-12,94.80000305175781,99.0,93.41000366210938,97.83999633789062,97.83999633789062,524300
2022-08-15,97.87999725341797,98.8499984741211,95.80500030517578,97.22000122070312,97.22000122070312,352900
2022-08-16,96.75,97.61000061035156,95.18900299072266,96.55999755859375,96.55999755859375,180500
2022-08-17,95.41000366210938,96.77999877929688,93.62999725341797,96.37000274658203,96.37000274658203,189800
2022-08-18,97.2300033569336,98.87999725341797,96.52999877929688,97.0,97.0,187700
2022-08-19,95.0,95.55000305175781,93.73999786376953,93.86000061035156,93.86000061035156,845500
2022-08-22,91.41999816894531,94.23999786376953,90.0,91.48999786376953,91.48999786376953,309200
2022-08-23,91.62999725341797,94.05000305175781,91.62999725341797,93.06999969482422,93.06999969482422,436200
2022-08-24,93.56999969482422,95.26000213623047,93.0,93.98999786376953,93.98999786376953,162600
2022-08-25,94.33999633789062,97.98999786376953,94.19000244140625,96.44999694824219,96.44999694824219,203200
2022-08-26,96.01000213623047,96.20999908447266,92.08000183105469,92.75,92.75,405700
2022-08-29,91.19000244140625,95.2300033569336,91.11000061035156,92.25,92.25,345600
2022-08-30,92.41000366210938,93.04000091552734,88.22599792480469,90.70999908447266,90.70999908447266,421400
2022-08-31,90.55999755859375,90.72000122070312,88.23999786376953,89.27999877929688,89.27999877929688,404800
2022-09-01,88.05000305175781,88.08999633789062,85.44999694824219,87.5199966430664,87.5199966430664,403200
2022-09-02,89.47000122070312,90.48999786376953,83.93000030517578,84.86000061035156,84.86000061035156,258700
2022-09-06,84.94999694824219,86.51000213623047,83.4000015258789,85.81999969482422,85.81999969482422,250400
2022-09-07,85.6500015258789,88.6449966430664,85.33999633789062,88.05999755859375,88.05999755859375,168400
2022-09-08,87.52999877929688,89.4800033569336,86.48999786376953,88.5999984741211,88.5999984741211,169100
2022-09-09,89.93000030517578,92.44999694824219,89.48500061035156,91.5999984741211,91.5999984741211,325200
2022-09-12,91.5999984741211,93.25,91.08999633789062,92.36000061035156,92.36000061035156,275800
2022-09-13,89.16000366210938,90.5250015258789,88.52999877929688,89.19999694824219,89.19999694824219,252400
2022-09-14,90.5,90.94000244140625,87.08499908447266,90.80000305175781,90.80000305175781,329300
2022-09-15,90.27999877929688,93.36000061035156,89.37000274658203,92.5,92.5,305300
2022-09-16,91.3499984741211,91.3499984741211,87.01000213623047,89.4000015258789,89.4000015258789,626000
2022-09-19,88.47000122070312,92.53500366210938,88.47000122070312,92.0,92.0,201700
2022-09-20,91.47000122070312,91.87000274658203,89.62999725341797,89.66000366210938,89.66000366210938,166500
2022-09-21,90.05000305175781,94.98999786376953,90.05000305175781,92.51000213623047,92.51000213623047,530700
2022-09-22,92.58000183105469,92.58000183105469,82.86000061035156,85.69000244140625,85.69000244140625,370400
2022-09-23,83.97000122070312,84.12000274658203,76.01000213623047,79.16999816894531,79.16999816894531,738000
2022-09-26,78.27999877929688,81.72000122070312,78.0,79.86000061035156,79.86000061035156,379000
2022-09-27,82.25,83.41000366210938,79.52999877929688,81.44000244140625,81.44000244140625,199300
2022-09-28,80.61000061035156,84.87000274658203,80.61000061035156,84.44999694824219,84.44999694824219,259200
2022-09-29,83.16000366210938,83.16000366210938,79.94999694824219,82.02999877929688,82.02999877929688,150000
2022-09-30,81.38999938964844,83.69999694824219,79.91000366210938,80.02999877929688,80.02999877929688,236800
2022-10-03,80.19000244140625,85.86499786376953,79.5250015258789,84.5999984741211,84.5999984741211,225300
2022-10-04,87.5199966430664,89.97000122070312,86.58000183105469,89.31999969482422,89.31999969482422,355800
2022-10-05,88.0199966430664,89.94000244140625,86.07499694824219,89.27999877929688,89.27999877929688,105200
2022-10-06,88.5,91.36000061035156,87.9219970703125,88.6500015258789,88.6500015258789,210300
2022-10-07,86.94999694824219,86.99500274658203,82.61000061035156,84.08000183105469,84.08000183105469,201500
2022-10-10,83.80999755859375,83.80999755859375,79.50499725341797,81.6500015258789,81.6500015258789,165900
2022-10-11,80.4800033569336,81.9000015258789,77.7699966430664,79.83999633789062,79.83999633789062,238100
2022-10-12,80.29000091552734,80.29000091552734,77.16999816894531,78.45999908447266,78.45999908447266,171100
2022-10-13,76.12999725341797,81.06999969482422,73.80999755859375,79.9800033569336,79.9800033569336,258600
2022-10-14,81.0,81.55000305175781,75.79000091552734,75.86000061035156,75.86000061035156,187000
2022-10-17,78.69999694824219,80.94499969482422,78.0199966430664,79.94000244140625,79.94000244140625,283800
2022-10-18,82.70999908447266,84.0199966430664,77.05000305175781,78.66000366210938,78.66000366210938,303700
2022-10-19,78.2699966430664,79.11000061035156,77.01000213623047,78.83999633789062,78.83999633789062,187800
2022-10-20,79.38999938964844,84.8499984741211,79.38999938964844,82.72000122070312,82.72000122070312,310400
2022-10-21,83.05000305175781,87.25,81.27999877929688,87.02999877929688,87.02999877929688,335100
2022-10-24,86.98999786376953,86.98999786376953,84.375,84.66999816894531,84.66999816894531,326900
2022-10-25,85.02999877929688,90.2699966430664,84.7300033569336,88.06999969482422,88.06999969482422,444500
2022-10-26,87.33000183105469,90.9800033569336,85.72000122070312,89.2300033569336,89.2300033569336,542800
2022-10-27,108.5,115.81999969482422,104.33000183105469,115.30000305175781,115.30000305175781,2550700
2022-10-28,113.58000183105469,116.9800033569336,107.04000091552734,116.2300033569336,116.2300033569336,911900
2022-10-31,116.18000030517578,119.69000244140625,112.81500244140625,114.62999725341797,114.62999725341797,554800
2022-11-01,115.16000366210938,115.94999694824219,111.05000305175781,113.31999969482422,113.31999969482422,506900
2022-11-02,112.79000091552734,117.9800033569336,110.1500015258789,110.95999908447266,110.95999908447266,436800
2022-11-03,108.73999786376953,115.08000183105469,108.11399841308594,110.95999908447266,110.95999908447266,406400
2022-11-04,113.7699966430664,116.80999755859375,107.75,111.58999633789062,111.58999633789062,341800
2022-11-07,111.58999633789062,112.0,104.45999908447266,104.69000244140625,104.69000244140625,598300
2022-11-08,105.7300033569336,110.2699966430664,105.01000213623047,107.26000213623047,107.26000213623047,595000
2022-11-09,105.22000122070312,106.05999755859375,101.77999877929688,103.29000091552734,103.29000091552734,357300
2022-11-10,110.04000091552734,115.26000213623047,108.36000061035156,111.87999725341797,111.87999725341797,640300
2022-11-11,112.91999816894531,117.25800323486328,109.58999633789062,112.18000030517578,112.18000030517578,491500
2022-11-14,111.22000122070312,118.48999786376953,111.05000305175781,114.0,114.0,538200
2022-11-15,118.0,119.98999786376953,114.2699966430664,114.66000366210938,114.66000366210938,453900
2022-11-16,112.51000213623047,112.77899932861328,108.44000244140625,108.70999908447266,108.70999908447266,537600
2022-11-17,105.44000244140625,112.91300201416016,104.33999633789062,111.19999694824219,111.19999694824219,546000
2022-11-18,113.83000183105469,117.12899780273438,111.23999786376953,114.94999694824219,114.94999694824219,382000
2022-11-21,113.41999816894531,113.9000015258789,110.88999938964844,112.41000366210938,112.41000366210938,357100
2022-11-22,114.16999816894531,119.9000015258789,113.01000213623047,119.73999786376953,119.73999786376953,943100
2022-11-23,119.83000183105469,124.5199966430664,119.83000183105469,121.79000091552734,121.79000091552734,791600
2022-11-25,121.37999725341797,124.0999984741211,120.33999633789062,121.95999908447266,121.95999908447266,173200
2022-11-28,121.11000061035156,123.66999816894531,120.58000183105469,122.48999786376953,122.48999786376953,581300
2022-11-29,122.70999908447266,126.97000122070312,121.36000061035156,123.37999725341797,123.37999725341797,763700
2022-11-30,123.16999816894531,127.66000366210938,120.13300323486328,127.55000305175781,127.55000305175781,580200
2022-12-01,127.55000305175781,129.0189971923828,118.28900146484375,121.54000091552734,121.54000091552734,574200
2022-12-02,117.86499786376953,121.22000122070312,115.98999786376953,119.61000061035156,119.61000061035156,373200
2022-12-05,119.77999877929688,122.88999938964844,116.41999816894531,116.91000366210938,116.91000366210938,412500
2022-12-06,117.29000091552734,117.55999755859375,111.55999755859375,113.2699966430664,113.2699966430664,525800
2022-12-07,112.68000030517578,116.43000030517578,111.44999694824219,114.05999755859375,114.05999755859375,254900
2022-12-08,115.55999755859375,119.05000305175781,114.55000305175781,116.87999725341797,116.87999725341797,228500
2022-12-09,115.79000091552734,117.4000015258789,113.22000122070312,113.4000015258789,113.4000015258789,254200
2022-12-12,113.0999984741211,117.19000244140625,112.30999755859375,116.97000122070312,116.97000122070312,263900
2022-12-13,121.75,123.18000030517578,115.83000183105469,118.05000305175781,118.05000305175781,334000
2022-12-14,118.05999755859375,119.80000305175781,116.30000305175781,117.80999755859375,117.80999755859375,457100
2022-12-15,115.4000015258789,116.29000091552734,107.1709976196289,109.16999816894531,109.16999816894531,616900
2022-12-16,108.30000305175781,112.22000122070312,107.94499969482422,111.83000183105469,111.83000183105469,622400
2022-12-19,111.5999984741211,113.51000213623047,110.7249984741211,112.81999969482422,112.81999969482422,349700
2022-12-20,111.16999816894531,115.52999877929688,110.93000030517578,114.4800033569336,114.4800033569336,356600
2022-12-21,114.52999877929688,117.80000305175781,113.54000091552734,117.1500015258789,117.1500015258789,211200
2022-12-22,115.9000015258789,115.9000015258789,112.12000274658203,114.22000122070312,114.22000122070312,183300
2022-12-23,113.26000213623047,113.26000213623047,110.19000244140625,111.87000274658203,111.87000274658203,231700
2022-12-27,112.0,112.0,106.2699966430664,107.5,107.5,295100
2022-12-28,106.81999969482422,109.19000244140625,105.22000122070312,105.5999984741211,105.5999984741211,271300
2022-12-29,107.27999877929688,109.20999908447266,106.2699966430664,107.73999786376953,107.73999786376953,221500
2022-12-30,105.81999969482422,109.80000305175781,105.4800033569336,109.18000030517578,109.18000030517578,186000
2023-01-03,110.80999755859375,111.83000183105469,107.30500030517578,110.26000213623047,110.26000213623047,306800
2023-01-04,111.47000122070312,114.47000122070312,106.87000274658203,108.0,108.0,418000
2023-01-05,106.97000122070312,106.97000122070312,103.51499938964844,105.54000091552734,105.54000091552734,365800
2023-01-06,107.76000213623047,113.22000122070312,106.23999786376953,112.30999755859375,112.30999755859375,357200
2023-01-09,113.5999984741211,121.86000061035156,113.5,117.1500015258789,117.1500015258789,389400
2023-01-10,116.05000305175781,119.0,114.75,118.22000122070312,118.22000122070312,267200
2023-01-11,125.72000122070312,128.17999267578125,117.06999969482422,117.5,117.5,689300
2023-01-12,119.19000244140625,121.0,115.02999877929688,120.12999725341797,120.12999725341797,430600
2023-01-13,119.12000274658203,123.87100219726562,118.37999725341797,123.20999908447266,123.20999908447266,370300
2023-01-17,122.18000030517578,127.91999816894531,122.0999984741211,127.51000213623047,127.51000213623047,313800
2023-01-18,129.0,137.1300048828125,129.0,133.44000244140625,133.44000244140625,815100
2023-01-19,130.8800048828125,133.1300048828125,124.95999908447266,127.5,127.5,678900
2023-01-20,130.00999450683594,130.27999877929688,125.0,127.94000244140625,127.94000244140625,521700
2023-01-23,128.22999572753906,137.5399932861328,128.22999572753906,132.33999633789062,132.33999633789062,1005500
2023-01-24,131.1999969482422,133.25999450683594,128.3800048828125,128.61000061035156,128.61000061035156,345700
2023-01-25,126.11000061035156,126.58999633789062,121.31500244140625,124.37999725341797,124.37999725341797,576600
2023-01-26,125.45999908447266,126.3499984741211,122.37999725341797,124.87999725341797,124.87999725341797,283900
2023-01-27,125.2699966430664,128.8000030517578,124.2300033569336,128.5500030517578,128.5500030517578,346600
2023-01-30,127.06999969482422,130.97999572753906,123.61799621582031,124.86000061035156,124.86000061035156,317700
2023-01-31,124.86000061035156,129.90499877929688,124.41999816894531,129.77999877929688,129.77999877929688,392200
2023-02-01,130.50999450683594,140.88999938964844,130.50999450683594,139.11000061035156,139.11000061035156,820300
2023-02-02,140.3000030517578,142.77999877929688,134.80999755859375,135.27000427246094,135.27000427246094,608500
2023-02-03,132.47000122070312,134.85000610351562,124.27999877929688,125.0,125.0,938600
2023-02-06,122.68000030517578,128.75,121.08000183105469,123.62000274658203,123.62000274658203,622100
2023-02-07,123.36000061035156,129.6699981689453,119.0,128.97999572753906,128.97999572753906,805500
2023-02-08,128.72000122070312,133.19000244140625,124.68000030517578,125.08000183105469,125.08000183105469,851900
2023-02-09,133.99000549316406,137.0,125.36000061035156,125.51000213623047,125.51000213623047,1090300
2023-02-10,122.26000213623047,125.29499816894531,119.44999694824219,122.94999694824219,122.94999694824219,437100
2023-02-13,124.06999969482422,128.32000732421875,121.48999786376953,127.55999755859375,127.55999755859375,387100
2023-02-14,125.55999755859375,130.55999755859375,123.12999725341797,125.9800033569336,125.9800033569336,574000
2023-02-15,126.20999908447266,134.19000244140625,126.20999908447266,133.6999969482422,133.6999969482422,588500
2023-02-16,131.30999755859375,134.5749969482422,129.24000549316406,131.94000244140625,131.94000244140625,366300
2023-02-17,132.0,133.2550048828125,127.45999908447266,129.97999572753906,129.97999572753906,327300
2023-02-21,127.58999633789062,129.0,123.01000213623047,123.80000305175781,123.80000305175781,480400
2023-02-22,124.2300033569336,125.79000091552734,121.9000015258789,122.33999633789062,122.33999633789062,383400
2023-02-23,123.66999816894531,124.27999877929688,118.08000183105469,121.68000030517578,121.68000030517578,505500
2023-02-24,120.48999786376953,127.27999877929688,120.48999786376953,125.55500030517578,125.55500030517578,457900
2023-02-27,127.62999725341797,129.52000427246094,126.73999786376953,127.01000213623047,127.01000213623047,448500
2023-02-28,126.80000305175781,137.77000427246094,126.61000061035156,132.6199951171875,132.6199951171875,587600
2023-03-01,133.77999877929688,135.9600067138672,131.25999450683594,132.0800018310547,132.0800018310547,270800
2023-03-02,129.0,133.3000030517578,126.02999877929688,132.47999572753906,132.47999572753906,332900
2023-03-03,132.30999755859375,139.2899932861328,131.25,139.1199951171875,139.1199951171875,418700
2023-03-06,139.5399932861328,144.89999389648438,138.33999633789062,138.6699981689453,138.6699981689453,906300
2023-03-07,138.19000244140625,140.52099609375,133.77999877929688,134.2100067138672,134.2100067138672,411100
2023-03-08,135.72000122070312,139.31300354003906,135.22999572753906,136.58999633789062,136.58999633789062,369900
2023-03-09,136.3800048828125,139.94500732421875,131.75,133.94000244140625,133.94000244140625,358200
2023-03-10,134.10000610351562,134.10000610351562,125.66000366210938,127.0,127.0,519800
2023-03-13,123.86000061035156,128.38999938964844,122.42500305175781,124.87999725341797,124.87999725341797,469000
2023-03-14,128.82000732421875,132.41000366210938,128.05499267578125,131.14999389648438,131.14999389648438,394600
2023-03-15,127.9000015258789,129.02999877929688,122.72000122070312,126.05999755859375,126.05999755859375,367200
2023-03-16,123.75,131.1199951171875,122.79000091552734,128.82000732421875,128.82000732421875,363400
2023-03-17,128.2899932861328,129.88999938964844,124.0,126.12999725341797,126.12999725341797,515800
2023-03-20,126.95999908447266,134.14999389648438,125.06999969482422,133.6199951171875,133.6199951171875,402700
2023-03-21,135.3300018310547,138.08999633789062,135.22000122070312,136.27000427246094,136.27000427246094,360300
2023-03-22,135.57000732421875,136.3300018310547,131.17999267578125,131.2100067138672,131.2100067138672,313800
2023-03-23,134.07000732421875,138.63999938964844,131.8249969482422,134.33999633789062,134.33999633789062,181600
2023-03-24,132.19000244140625,132.19000244140625,126.79000091552734,128.52999877929688,128.52999877929688,334400
2023-03-27,129.05999755859375,131.43499755859375,127.55000305175781,129.60000610351562,129.60000610351562,205000
2023-03-28,129.41000366210938,129.5399932861328,123.68000030517578,126.61000061035156,126.61000061035156,257200
2023-03-29,129.47999572753906,134.0399932861328,128.1999969482422,133.41000366210938,133.41000366210938,186300
2023-03-30,135.11000061035156,136.97999572753906,132.77000427246094,133.1199951171875,133.1199951171875,366700
2023-03-31,132.83999633789062,137.3300018310547,132.49000549316406,135.52000427246094,135.52000427246094,395400
2023-04-03,135.0,136.7100067138672,130.3300018310547,132.72999572753906,132.72999572753906,402700
2023-04-04,133.17999267578125,133.75,130.13999938964844,131.44000244140625,131.44000244140625,305300
2023-04-05,129.3800048828125,129.97000122070312,125.93000030517578,128.6300048828125,128.6300048828125,313500
2023-04-06,126.51000213623047,129.60000610351562,125.79000091552734,128.83999633789062,128.83999633789062,179500
2023-04-10,128.61000061035156,136.75,127.36000061035156,136.08999633789062,136.08999633789062,278900
2023-04-11,136.41000366210938,137.39999389648438,134.61000061035156,135.8800048828125,135.8800048828125,326300
2023-04-12,138.10000610351562,139.5,133.25,135.17999267578125,135.17999267578125,410500
2023-04-13,135.9499969482422,137.94000244140625,134.4199981689453,137.2899932861328,137.2899932861328,209100
2023-04-14,137.32000732421875,141.10000610351562,134.24000549316406,137.4600067138672,137.4600067138672,232300
2023-04-17,136.27999877929688,139.77999877929688,135.10000610351562,139.52999877929688,139.52999877929688,330500
2023-04-18,140.6199951171875,141.27999877929688,138.72000122070312,141.1699981689453,141.1699981689453,377100
2023-04-19,139.50999450683594,142.6999969482422,139.50999450683594,141.39999389648438,141.39999389648438,438300
2023-04-20,138.8699951171875,141.6750030517578,135.8300018310547,136.9199981689453,136.9199981689453,831600
2023-04-21,135.8000030517578,140.32000732421875,132.22999572753906,139.99000549316406,139.99000549316406,509700
2023-04-24,139.75,141.02999877929688,136.66000366210938,137.0,137.0,383100
2023-04-25,135.0,138.0,133.88999938964844,136.0,136.0,830700
2023-04-26,135.3800048828125,139.4600067138672,134.5019989013672,135.32000732421875,135.32000732421875,954900
2023-04-27,90.20999908447266,99.5,81.5,82.47000122070312,82.47000122070312,6974300
2023-04-28,82.5,89.5250015258789,80.0999984741211,88.41000366210938,88.41000366210938,1986700
2023-05-01,88.41000366210938,88.4800033569336,84.51000213623047,86.12999725341797,86.12999725341797,1035800
2023-05-02,90.41799926757812,92.62000274658203,85.95999908447266,87.58999633789062,87.58999633789062,1097200
2023-05-03,86.23999786376953,89.37999725341797,85.44000244140625,87.72000122070312,87.72000122070312,677600
2023-05-04,87.47000122070312,88.87000274658203,85.05000305175781,86.29000091552734,86.29000091552734,462000
2023-05-05,87.0,88.91899871826172,86.25399780273438,87.33999633789062,87.33999633789062,889000
2023-05-08,87.86000061035156,95.22000122070312,87.55000305175781,94.62999725341797,94.62999725341797,792000
2023-05-09,93.83999633789062,96.45999908447266,93.13999938964844,94.87000274658203,94.87000274658203,501200
2023-05-10,97.0,97.12000274658203,94.94000244140625,95.91000366210938,95.91000366210938,473400
2023-05-11,95.0999984741211,95.44000244140625,91.38999938964844,93.41000366210938,93.41000366210938,539000
2023-05-12,94.58000183105469,95.18000030517578,91.70999908447266,93.3499984741211,93.3499984741211,483200
2023-05-15,93.26000213623047,97.13999938964844,92.66000366210938,94.75,94.75,592000
2023-05-16,94.12000274658203,95.32499694824219,93.44000244140625,94.63999938964844,94.63999938964844,312700
2023-05-17,95.06999969482422,96.11000061035156,92.54000091552734,95.87000274658203,95.87000274658203,327800
2023-05-18,96.69999694824219,97.45999908447266,94.23999786376953,97.12999725341797,97.12999725341797,416200
2023-05-19,97.9000015258789,98.19999694824219,95.7699966430664,96.80999755859375,96.80999755859375,752700
2023-05-22,96.7300033569336,98.98999786376953,96.58000183105469,98.66000366210938,98.66000366210938,376900
2023-05-23,98.2300033569336,100.51000213623047,96.41999816894531,98.16000366210938,98.16000366210938,352600
2023-05-24,95.9800033569336,96.05000305175781,92.19000244140625,95.22000122070312,95.22000122070312,415100
2023-05-25,97.27999877929688,99.30999755859375,94.61000061035156,98.68000030517578,98.68000030517578,316400
2023-05-26,99.41999816894531,104.36000061035156,99.08000183105469,100.68000030517578,100.68000030517578,520900
2023-05-30,102.98999786376953,103.12000274658203,99.77999877929688,101.19999694824219,101.19999694824219,460900
2023-05-31,99.68000030517578,102.94000244140625,98.01000213623047,102.33999633789062,102.33999633789062,592000
2023-06-01,102.45999908447266,106.51000213623047,101.61000061035156,103.81999969482422,103.81999969482422,374500
2023-06-02,105.48999786376953,105.69000244140625,102.51000213623047,103.72000122070312,103.72000122070312,268700
2023-06-05,103.12000274658203,103.41999816894531,100.37999725341797,100.48999786376953,100.48999786376953,266800
2023-06-06,99.30999755859375,102.0999984741211,98.91000366210938,99.4800033569336,99.4800033569336,306400
2023-06-07,100.33000183105469,105.87000274658203,100.33000183105469,103.51000213623047,103.51000213623047,370600
2023-06-08,104.11000061035156,106.88999938964844,102.62000274658203,106.79000091552734,106.79000091552734,469900
2023-06-09,107.29000091552734,110.0469970703125,106.0,109.93000030517578,109.93000030517578,620000
2023-06-12,111.26000213623047,116.06500244140625,110.91500091552734,112.04000091552734,112.04000091552734,642700
2023-06-13,113.83000183105469,116.43000030517578,109.61499786376953,113.02999877929688,113.02999877929688,553100
2023-06-14,113.66000366210938,113.71499633789062,101.375,103.76000213623047,103.76000213623047,1291700
2023-06-15,103.44000244140625,103.44000244140625,95.83999633789062,96.94999694824219,96.94999694824219,1283100
2023-06-16,98.55000305175781,101.75,96.48999786376953,98.98999786376953,98.98999786376953,1072800
2023-06-20,97.08000183105469,99.9010009765625,90.4800033569336,92.2300033569336,92.2300033569336,1098600
2023-06-21,91.98999786376953,93.75499725341797,89.427001953125,92.27999877929688,92.27999877929688,579800
2023-06-22,91.72000122070312,91.86499786376953,89.0,89.62999725341797,89.62999725341797,736700
2023-06-23,88.83000183105469,89.2300033569336,85.6500015258789,86.98999786376953,86.98999786376953,1255900
2023-06-26,85.45999908447266,88.87999725341797,84.81900024414062,85.98999786376953,85.98999786376953,907000
2023-06-27,85.88999938964844,86.0999984741211,83.875,84.20999908447266,84.20999908447266,516500
2023-06-28,83.1500015258789,85.48999786376953,82.56999969482422,82.83999633789062,82.83999633789062,451100
2023-06-29,83.62000274658203,86.95999908447266,82.66000366210938,86.80999755859375,86.80999755859375,556400
2023-06-30,87.73999786376953,89.75,86.62899780273438,89.6500015258789,89.6500015258789,489400
2023-07-03,89.69999694824219,91.54000091552734,88.80999755859375,90.70999908447266,90.70999908447266,255200
2023-07-05,90.70999908447266,90.75,86.23999786376953,86.33999633789062,86.33999633789062,351700
2023-07-06,85.0,86.2300033569336,83.86000061035156,85.87999725341797,85.87999725341797,300600
2023-07-07,86.33000183105469,87.4000015258789,85.93000030517578,86.05000305175781,86.05000305175781,283300
2023-07-10,86.06999969482422,88.91999816894531,85.08999633789062,88.8499984741211,88.8499984741211,346400
2023-07-11,89.54000091552734,89.54000091552734,87.5199966430664,88.05000305175781,88.05000305175781,368600
2023-07-12,90.30999755859375,90.68099975585938,87.70999908447266,87.8499984741211,87.8499984741211,286000
2023-07-13,88.51000213623047,91.28500366210938,88.01000213623047,90.19999694824219,90.19999694824219,289600
2023-07-14,90.19999694824219,90.25499725341797,85.75,86.5,86.5,314600
2023-07-17,87.0999984741211,90.69999694824219,87.0999984741211,90.06999969482422,90.06999969482422,411700
2023-07-18,89.87999725341797,90.2699966430664,87.94000244140625,89.31999969482422,89.31999969482422,309400
2023-07-19,89.52999877929688,91.84700012207031,87.58899688720703,88.33999633789062,88.33999633789062,454400
2023-07-20,87.80000305175781,87.80000305175781,82.66999816894531,83.5999984741211,83.5999984741211,564700
2023-07-21,84.58000183105469,85.69999694824219,81.79000091552734,81.86000061035156,81.86000061035156,370800
2023-07-24,82.33000183105469,83.51000213623047,81.05000305175781,81.8499984741211,81.8499984741211,459700
2023-07-25,81.5,81.7509994506836,78.2300033569336,80.23999786376953,80.23999786376953,835000
2023-07-26,80.55999755859375,80.58000183105469,78.11000061035156,78.61000061035156,78.61000061035156,824400
2023-07-27,70.83999633789062,77.18900299072266,68.86000061035156,69.22000122070312,69.22000122070312,3516300
2023-07-28,69.91999816894531,70.19000244140625,65.46499633789062,67.19999694824219,67.19999694824219,2095400
2023-07-31,67.69000244140625,68.0,64.81999969482422,66.62000274658203,66.62000274658203,1137700
2023-08-01,65.5,66.81999969482422,64.41999816894531,65.63999938964844,65.63999938964844,1160900
2023-08-02,64.38999938964844,64.57499694824219,62.244998931884766,62.529998779296875,62.529998779296875,751200
2023-08-03,61.58000183105469,62.45000076293945,60.380001068115234,61.45000076293945,61.45000076293945,733400
2023-08-04,61.15999984741211,62.13999938964844,60.45000076293945,60.720001220703125,60.720001220703125,467800
2023-08-07,61.15999984741211,61.810001373291016,59.43000030517578,60.369998931884766,60.369998931884766,493900
2023-08-08,59.439998626708984,59.83000183105469,57.2599983215332,57.47999954223633,57.47999954223633,879100
2023-08-09,57.209999084472656,57.935001373291016,55.5,55.880001068115234,55.880001068115234,738400
2023-08-10,55.959999084472656,57.25,55.5099983215332,55.54999923706055,55.54999923706055,486500
2023-08-11,55.0099983215332,59.279998779296875,55.0099983215332,59.27000045776367,59.27000045776367,1091400
2023-08-14,58.630001068115234,61.619998931884766,57.88999938964844,61.20000076293945,61.20000076293945,698100
2023-08-15,60.849998474121094,62.59000015258789,60.09000015258789,61.290000915527344,61.290000915527344,929800
2023-08-16,61.09000015258789,61.30500030517578,59.400001525878906,59.900001525878906,59.900001525878906,649900
2023-08-17,60.900001525878906,60.935001373291016,56.89500045776367,57.369998931884766,57.369998931884766,437700
2023-08-18,56.83000183105469,58.290000915527344,56.02000045776367,57.540000915527344,57.540000915527344,1015200
2023-08-21,57.709999084472656,58.779998779296875,56.72999954223633,58.689998626708984,58.689998626708984,415100
2023-08-22,59.439998626708984,60.0,58.75,59.5,59.5,429700
2023-08-23,59.5,62.900001525878906,59.29499816894531,62.290000915527344,62.290000915527344,467000
2023-08-24,63.58000183105469,63.65999984741211,60.54999923706055,60.58000183105469,60.58000183105469,358700
2023-08-25,60.81999969482422,61.400001525878906,59.7599983215332,61.08000183105469,61.08000183105469,249300
2023-08-28,61.5099983215332,62.10499954223633,60.11000061035156,61.09000015258789,61.09000015258789,285400
2023-08-29,60.68000030517578,64.3499984741211,60.33000183105469,63.83000183105469,63.83000183105469,312600
2023-08-30,63.61000061035156,64.62999725341797,62.15999984741211,63.0,63.0,1141200
2023-08-31,63.47999954223633,67.58999633789062,63.310001373291016,66.56999969482422,66.56999969482422,1323200
2023-09-01,67.79000091552734,69.7699966430664,67.56900024414062,68.20999908447266,68.20999908447266,666100
2023-09-05,67.93000030517578,68.48500061035156,67.0,67.83000183105469,67.83000183105469,490100
2023-09-06,68.19999694824219,70.41500091552734,68.00399780273438,70.12000274658203,70.12000274658203,779900
2023-09-07,67.80999755859375,68.9800033569336,65.33999633789062,65.46499633789062,65.46499633789062,603800
2023-09-08,65.19999694824219,65.37999725341797,61.810001373291016,63.06999969482422,63.06999969482422,637400
2023-09-11,64.2300033569336,64.31999969482422,61.665000915527344,62.75,62.75,409900
2023-09-12,62.029998779296875,63.95000076293945,61.915000915527344,63.40999984741211,63.40999984741211,441900
2023-09-13,63.58000183105469,64.19999694824219,62.7400016784668,63.380001068115234,63.380001068115234,513300
2023-09-14,63.529998779296875,65.37000274658203,62.84000015258789,65.26000213623047,65.26000213623047,405700
2023-09-15,64.87999725341797,65.29000091552734,63.900001525878906,63.90999984741211,63.90999984741211,1045400
2023-09-18,63.290000915527344,63.97999954223633,61.33000183105469,61.540000915527344,61.540000915527344,333300
2023-09-19,61.310001373291016,62.599998474121094,60.9900016784668,62.13999938964844,62.13999938964844,359600
2023-09-20,62.34000015258789,62.34000015258789,59.57500076293945,59.66999816894531,59.66999816894531,598500
2023-09-21,58.599998474121094,58.724998474121094,53.685001373291016,53.709999084472656,53.709999084472656,788500
2023-09-22,53.86000061035156,54.7400016784668,52.0,54.61000061035156,54.61000061035156,872400
2023-09-25,54.0099983215332,56.060001373291016,54.0099983215332,54.790000915527344,54.790000915527344,390200
2023-09-26,53.36000061035156,54.2599983215332,51.231998443603516,51.59000015258789,51.59000015258789,557200
2023-09-27,52.13999938964844,54.724998474121094,52.13999938964844,53.79999923706055,53.79999923706055,351400
2023-09-28,54.099998474121094,56.099998474121094,53.20000076293945,55.0,55.0,312900
2023-09-29,55.83000183105469,56.095001220703125,53.66999816894531,55.029998779296875,55.029998779296875,391300
2023-10-02,55.150001525878906,55.58000183105469,51.7400016784668,52.43000030517578,52.43000030517578,487400
2023-10-03,51.630001068115234,52.18000030517578,49.165000915527344,49.22999954223633,49.22999954223633,537600
2023-10-04,49.2599983215332,51.70000076293945,48.86000061035156,51.119998931884766,51.119998931884766,400900
2023-10-05,50.95000076293945,51.470001220703125,49.54999923706055,51.060001373291016,51.060001373291016,304600
2023-10-06,50.27000045776367,54.66999816894531,50.27000045776367,54.5099983215332,54.5099983215332,432600
2023-10-09,53.849998474121094,54.61000061035156,52.5,54.52000045776367,54.52000045776367,432200
2023-10-10,54.869998931884766,57.09000015258789,54.869998931884766,56.22999954223633,56.22999954223633,372500
2023-10-11,56.7599983215332,57.04999923706055,53.36000061035156,54.599998474121094,54.599998474121094,314800
2023-10-12,54.650001525878906,55.0099983215332,52.650001525878906,53.0,53.0,308000
2023-10-13,53.0,53.02000045776367,51.959999084472656,52.689998626708984,52.689998626708984,412700
2023-10-16,53.130001068115234,53.95000076293945,52.79999923706055,53.56999969482422,53.56999969482422,346800
2023-10-17,52.33000183105469,55.310001373291016,52.16600036621094,54.15999984741211,54.15999984741211,303600
2023-10-18,52.790000915527344,53.84000015258789,52.665000915527344,53.209999084472656,53.209999084472656,360100
2023-10-19,53.790000915527344,54.16999816894531,51.4900016784668,51.869998931884766,51.869998931884766,289100
2023-10-20,51.529998779296875,52.15999984741211,50.38999938964844,50.70000076293945,50.70000076293945,425300
2023-10-23,49.88999938964844,52.290000915527344,49.09000015258789,51.5,51.5,509400
2023-10-24,52.36000061035156,53.77000045776367,52.119998931884766,53.06999969482422,53.06999969482422,522000
2023-10-25,50.75,51.09000015258789,48.38999938964844,49.68000030517578,49.68000030517578,1041600
2023-10-26,62.08000183105469,66.77300262451172,59.25,61.540000915527344,61.540000915527344,2651200
2023-10-27,61.95000076293945,63.47999954223633,59.970001220703125,61.65999984741211,61.65999984741211,850300
2023-10-30,61.119998931884766,61.849998474121094,58.555999755859375,60.400001525878906,60.400001525878906,598700
2023-10-31,60.61000061035156,65.68000030517578,59.63999938964844,64.61000061035156,64.61000061035156,669200
2023-11-01,64.51000213623047,65.76000213623047,61.4900016784668,62.45000076293945,62.45000076293945,473000
2023-11-02,64.9800033569336,65.93000030517578,62.84000015258789,65.47000122070312,65.47000122070312,457400
2023-11-03,67.33000183105469,69.4749984741211,67.16999816894531,68.72000122070312,68.72000122070312,566600
2023-11-06,69.61000061035156,69.61000061035156,66.8499984741211,67.43000030517578,67.43000030517578,340000
2023-11-07,66.94000244140625,70.52999877929688,66.54000091552734,68.23999786376953,68.23999786376953,294400
2023-11-08,68.0,68.76000213623047,67.37000274658203,68.18000030517578,68.18000030517578,253000
2023-11-09,68.54000091552734,70.0,67.62999725341797,68.47000122070312,68.47000122070312,503000
2023-11-10,69.33999633789062,71.95999908447266,68.41000366210938,71.73999786376953,71.73999786376953,385800
2023-11-13,70.79000091552734,73.80000305175781,69.49500274658203,72.95999908447266,72.95999908447266,476800
2023-11-14,76.26000213623047,80.30000305175781,75.83499908447266,80.0,80.0,637300
2023-11-15,80.80000305175781,82.0,78.2300033569336,79.01000213623047,79.01000213623047,645400
2023-11-16,80.30000305175781,80.5999984741211,78.37000274658203,79.44999694824219,79.44999694824219,446400
2023-11-17,80.87000274658203,82.36000061035156,79.28500366210938,80.9000015258789,80.9000015258789,719000
2023-11-20,81.0,84.12000274658203,80.875,82.62000274658203,82.62000274658203,544800
2023-11-21,81.77999877929688,82.31999969482422,80.26200103759766,82.19000244140625,82.19000244140625,217100
2023-11-22,83.9800033569336,84.5999984741211,80.88999938964844,80.9000015258789,80.9000015258789,256600
2023-11-24,81.58999633789062,82.91899871826172,80.69999694824219,82.5,82.5,121400
2023-11-27,81.58999633789062,83.5,81.2699966430664,82.80000305175781,82.80000305175781,292000
2023-11-28,82.19999694824219,83.4800033569336,81.30000305175781,82.76000213623047,82.76000213623047,279300
2023-11-29,83.69000244140625,85.4000015258789,83.69000244140625,84.66999816894531,84.66999816894531,343900
2023-11-30,84.66999816894531,84.72000122070312,82.1449966430664,83.58999633789062,83.58999633789062,492200
2023-12-01,83.5,87.30999755859375,82.20999908447266,87.13999938964844,87.13999938964844,245700
2023-12-04,86.41000366210938,87.6500015258789,85.33000183105469,85.4800033569336,85.4800033569336,517600
2023-12-05,84.9800033569336,85.4800033569336,80.48999786376953,82.98999786376953,82.98999786376953,311800
2023-12-06,83.1500015258789,84.83000183105469,81.66000366210938,81.8499984741211,81.8499984741211,270800
2023-12-07,82.66000366210938,83.9800033569336,81.83999633789062,83.79000091552734,83.79000091552734,222800
2023-12-08,82.97000122070312,85.76000213623047,82.55000305175781,82.55999755859375,82.55999755859375,253700
2023-12-11,82.47000122070312,84.75,82.43000030517578,84.01000213623047,84.01000213623047,264200
2023-12-12,83.16999816894531,83.58999633789062,78.38999938964844,80.0999984741211,80.0999984741211,965700
2023-12-13,82.06999969482422,86.4000015258789,79.0999984741211,86.38999938964844,86.38999938964844,715700
2023-12-14,87.62000274658203,90.5,84.9000015258789,88.63999938964844,88.63999938964844,506500
2023-12-15,89.52999877929688,89.52999877929688,86.87000274658203,88.91999816894531,88.91999816894531,530400
2023-12-18,88.79000091552734,90.30500030517578,88.12000274658203,89.0999984741211,89.0999984741211,307600
2023-12-19,90.31999969482422,92.2699966430664,88.1500015258789,89.95999908447266,89.95999908447266,273800
2023-12-20,89.06999969482422,90.80000305175781,84.09500122070312,84.19999694824219,84.19999694824219,374900
2023-12-21,86.5,87.38099670410156,84.95999908447266,86.62000274658203,86.62000274658203,288400
2023-12-22,87.9800033569336,89.08000183105469,87.01000213623047,88.01000213623047,88.01000213623047,223700
2023-12-26,88.0,90.77999877929688,88.0,90.2699966430664,90.2699966430664,215700
2023-12-27,90.61000061035156,90.98999786376953,88.87999725341797,89.16999816894531,89.16999816894531,138100
2023-12-28,88.8499984741211,91.87000274658203,88.80500030517578,90.98999786376953,90.98999786376953,281500
2023-12-29,90.91000366210938,91.70999908447266,89.25,90.02999877929688,90.02999877929688,342300
2024-01-02,88.93000030517578,89.47000122070312,85.30000305175781,86.0,86.0,381500
2024-01-03,84.08999633789062,84.5,81.61000061035156,82.4800033569336,82.4800033569336,262700
2024-01-04,82.68000030517578,83.60099792480469,81.0999984741211,81.12000274658203,81.12000274658203,212600
2024-01-05,80.83000183105469,82.0999984741211,79.58499908447266,80.51000213623047,80.51000213623047,243700
2024-01-08,80.88999938964844,85.54000091552734,80.38999938964844,84.80000305175781,84.80000305175781,444200
2024-01-09,82.91000366210938,85.23999786376953,82.20999908447266,84.08000183105469,84.08000183105469,186200
2024-01-10,83.72000122070312,84.66000366210938,81.29000091552734,83.58999633789062,83.58999633789062,218200
2024-01-11,83.86000061035156,84.19999694824219,80.0,81.5199966430664,81.5199966430664,235000
2024-01-12,82.5999984741211,84.19000244140625,79.66000366210938,79.80000305175781,79.80000305175781,207900
2024-01-16,78.91999816894531,81.81999969482422,78.16999816894531,81.75,81.75,282000
2024-01-17,92.44999694824219,93.51499938964844,87.1500015258789,91.06999969482422,91.06999969482422,1224200
2024-01-18,94.55999755859375,96.5,91.86000061035156,93.94000244140625,93.94000244140625,723700
2024-01-19,95.0199966430664,96.75,93.16000366210938,96.01000213623047,96.01000213623047,419400
2024-01-22,97.5,101.66000366210938,96.75,100.41999816894531,100.41999816894531,512000
2024-01-23,102.5,104.20500183105469,100.13500213623047,104.01000213623047,104.01000213623047,560100
2024-01-24,105.19999694824219,105.59200286865234,101.31999969482422,101.94999694824219,101.94999694824219,310900
2024-01-25,104.73999786376953,104.73999786376953,100.0999984741211,101.5199966430664,101.5199966430664,342900
2024-01-26,100.69000244140625,102.58999633789062,100.04499816894531,100.9000015258789,100.9000015258789,243000
2024-01-29,101.0199966430664,102.94000244140625,100.21499633789062,102.81999969482422,102.81999969482422,251300
2024-01-30,101.93000030517578,103.44999694824219,98.47000122070312,99.72000122070312,99.72000122070312,296200
2024-01-31,98.52999877929688,101.19000244140625,96.9800033569336,96.9800033569336,96.9800033569336,346000
2024-02-01,98.30000305175781,101.79000091552734,96.9800033569336,101.0,101.0,318400
2024-02-02,99.0199966430664,102.7300033569336,95.95999908447266,101.05000305175781,101.05000305175781,231300
2024-02-05,100.37999725341797,104.18000030517578,99.9000015258789,103.87000274658203,103.87000274658203,370300
2024-02-06,103.80000305175781,106.7300033569336,102.5250015258789,105.51000213623047,105.51000213623047,596200
2024-02-07,105.86000061035156,107.8499984741211,104.37999725341797,107.0999984741211,107.0999984741211,563100
2024-02-08,107.58000183105469,110.25,105.58000183105469,106.30999755859375,106.30999755859375,742000
2024-02-09,117.25,119.11000061035156,108.52999877929688,110.04000091552734,110.04000091552734,825500
2024-02-12,109.18000030517578,109.5,103.62000274658203,108.8499984741211,108.8499984741211,1280700
2024-02-13,103.2699966430664,106.19000244140625,102.08000183105469,102.98999786376953,102.98999786376953,617800
2024-02-14,104.4000015258789,104.4000015258789,100.44999694824219,103.27999877929688,103.27999877929688,473400
2024-02-15,103.86000061035156,107.94999694824219,103.5479965209961,106.73999786376953,106.73999786376953,515800
2024-02-16,105.27999877929688,106.37999725341797,102.46499633789062,102.69000244140625,102.69000244140625,363600
2024-02-20,100.54000091552734,101.93499755859375,98.88999938964844,101.18000030517578,101.18000030517578,295300
2024-02-21,99.41000366210938,100.94000244140625,97.7699966430664,100.8499984741211,100.8499984741211,330200
2024-02-22,102.66000366210938,104.66999816894531,99.01499938964844,100.2300033569336,100.2300033569336,384900
2024-02-23,100.0199966430664,103.11000061035156,99.0,102.19000244140625,102.19000244140625,381700
2024-02-26,102.30999755859375,105.55000305175781,102.0,104.25,104.25,301500
2024-02-27,105.0,110.0999984741211,104.08999633789062,104.33000183105469,104.33000183105469,463200
2024-02-28,102.87000274658203,105.47000122070312,101.5,102.80999755859375,102.80999755859375,301800
2024-02-29,105.86000061035156,109.37999725341797,103.91000366210938,109.22000122070312,109.22000122070312,379600
2024-03-01,109.70999908447266,114.17500305175781,109.0,112.6500015258789,112.6500015258789,471200
2024-03-04,113.20999908447266,114.16000366210938,110.08000183105469,111.27999877929688,111.27999877929688,320600
2024-03-05,110.0999984741211,112.80500030517578,108.30999755859375,111.54000091552734,111.54000091552734,258700
2024-03-06,113.1500015258789,116.2699966430664,111.41000366210938,112.58000183105469,112.58000183105469,285300
2024-03-07,114.58000183105469,116.51000213623047,113.70999908447266,115.11000061035156,115.11000061035156,448300
2024-03-08,116.54000091552734,117.36000061035156,115.01000213623047,116.0,116.0,288300
2024-03-11,114.4800033569336,116.83000183105469,113.01000213623047,116.66000366210938,116.66000366210938,294000
2024-03-12,116.43000030517578,119.41000366210938,113.31999969482422,116.91999816894531,116.91999816894531,534600
2024-03-13,114.2300033569336,116.125,111.94000244140625,113.4800033569336,113.4800033569336,190500
2024-03-14,120.76000213623047,132.0,120.5,124.58999633789062,124.58999633789062,978000
2024-03-15,121.61000061035156,123.9000015258789,120.01000213623047,122.9000015258789,122.9000015258789,534300
2024-03-18,123.77999877929688,125.80500030517578,121.61000061035156,122.52999877929688,122.52999877929688,329000
2024-03-19,120.16000366210938,122.0999984741211,117.5,120.2699966430664,120.2699966430664,308200
2024-03-20,120.66000366210938,124.41000366210938,118.5,123.58000183105469,123.58000183105469,253200
2024-03-21,126.45999908447266,127.94999694824219,124.1500015258789,126.02999877929688,126.02999877929688,300000
2024-03-22,125.98999786376953,128.18499755859375,125.0,127.3499984741211,127.3499984741211,154200
2024-03-25,126.44999694824219,129.47000122070312,126.19999694824219,127.98999786376953,127.98999786376953,353000
2024-03-26,128.8800048828125,129.3699951171875,125.66000366210938,126.58999633789062,126.58999633789062,234200
2024-03-27,127.5199966430664,128.89500427246094,126.13999938964844,127.41999816894531,127.41999816894531,231100
2024-03-28,126.7699966430664,130.49000549316406,126.43000030517578,128.41000366210938,128.41000366210938,202100
2024-04-01,128.35000610351562,130.0,127.01000213623047,128.55999755859375,128.55999755859375,276700
2024-04-02,126.0,126.0,122.5999984741211,123.33999633789062,123.33999633789062,245500
2024-04-03,121.95999908447266,124.8499984741211,121.87999725341797,123.08000183105469,123.08000183105469,181000
2024-04-04,124.80999755859375,125.0,116.86000061035156,117.58999633789062,117.58999633789062,222400
2024-04-05,118.33000183105469,122.01000213623047,117.55000305175781,121.58000183105469,121.58000183105469,142000
2024-04-08,123.2300033569336,126.52999877929688,122.51000213623047,124.5999984741211,124.5999984741211,154000
2024-04-09,126.2699966430664,127.5199966430664,124.44999694824219,125.23999786376953,125.23999786376953,195400
2024-04-10,120.2300033569336,124.12000274658203,119.80999755859375,123.16000366210938,123.16000366210938,297200
2024-04-11,123.94000244140625,125.22000122070312,122.02999877929688,124.83999633789062,124.83999633789062,131500
2024-04-12,123.20999908447266,123.20999908447266,119.16999816894531,119.9800033569336,119.9800033569336,146200
2024-04-15,119.81999969482422,121.41500091552734,117.91999816894531,118.5,118.5,226800
2024-04-16,119.11000061035156,121.80999755859375,118.5,121.38999938964844,121.38999938964844,177600
2024-04-17,121.88999938964844,124.44999694824219,119.30000305175781,120.08999633789062,120.08999633789062,325700
2024-04-18,119.97000122070312,124.48999786376953,117.0,122.08000183105469,122.08000183105469,297000
2024-04-19,120.63999938964844,121.80000305175781,115.0199966430664,116.31999969482422,116.31999969482422,336400
2024-04-22,117.37999725341797,120.4800033569336,116.19999694824219,120.2699966430664,120.2699966430664,284100
2024-04-23,122.62000274658203,126.33999633789062,120.80000305175781,123.68000030517578,123.68000030517578,316100
2024-04-24,124.0,128.64500427246094,120.41500091552734,120.91000366210938,120.91000366210938,814600
2024-04-25,130.27999877929688,156.41000366210938,129.91000366210938,155.5500030517578,155.5500030517578,3134500
2024-04-26,153.72999572753906,154.5399932861328,144.02000427246094,150.91000366210938,150.91000366210938,1648000
2024-04-29,151.80999755859375,159.6199951171875,150.41000366210938,157.4499969482422,157.4499969482422,741900
2024-04-30,157.0,160.70599365234375,155.02000427246094,159.3800048828125,159.3800048828125,684600
2024-05-01,156.07000732421875,158.69000244140625,153.00999450683594,154.66000366210938,154.66000366210938,691300
2024-05-02,159.67999267578125,162.88999938964844,154.80999755859375,159.72999572753906,159.72999572753906,570700
2024-05-03,162.39999389648438,163.4499969482422,158.08999633789062,161.22999572753906,161.22999572753906,336400
2024-05-06,161.63999938964844,163.97000122070312,158.64999389648438,163.3300018310547,163.3300018310547,384900
2024-05-07,162.9199981689453,167.44700622558594,162.02999877929688,165.92999267578125,165.92999267578125,384100
2024-05-08,163.22000122070312,164.89999389648438,162.24000549316406,163.77000427246094,163.77000427246094,280300
2024-05-09,163.92999267578125,164.1999969482422,157.41000366210938,158.49000549316406,158.49000549316406,1159500
2024-05-10,160.49000549316406,163.0800018310547,159.7899932861328,160.27000427246094,160.27000427246094,335600
2024-05-13,163.38999938964844,164.17999267578125,159.0500030517578,159.82000732421875,159.82000732421875,458300
2024-05-14,159.75,168.72000122070312,158.99000549316406,168.05999755859375,168.05999755859375,472200
2024-05-15,169.69000244140625,175.2050018310547,168.07000732421875,174.8699951171875,174.8699951171875,441200
2024-05-16,174.8699951171875,175.41400146484375,167.77000427246094,169.61000061035156,169.61000061035156,635500
2024-05-17,170.85000610351562,173.7100067138672,169.10000610351562,173.39999389648438,173.39999389648438,236400
2024-05-20,169.82000732421875,171.74899291992188,161.69000244140625,169.61000061035156,169.61000061035156,617800
2024-05-21,166.77999877929688,169.7100067138672,165.8000030517578,167.74000549316406,167.74000549316406,370000
2024-05-22,169.75,173.69000244140625,167.5070037841797,173.3300018310547,173.3300018310547,356000
2024-05-23,175.2100067138672,175.30999755859375,166.42999267578125,168.49000549316406,168.49000549316406,294100
2024-05-24,169.4600067138672,171.0,165.86000061035156,166.3000030517578,166.3000030517578,198200
2024-05-28,166.89999389648438,167.1999969482422,156.02999877929688,158.52000427246094,158.52000427246094,586000
2024-05-29,155.0,162.71499633789062,153.6699981689453,160.83999633789062,160.83999633789062,397600
2024-05-30,161.85000610351562,165.73500061035156,161.16000366210938,163.3800048828125,163.3800048828125,333700
2024-05-31,163.2100067138672,165.76199340820312,160.02000427246094,163.6699981689453,163.6699981689453,337900
2024-06-03,164.02999877929688,166.2899932861328,161.5500030517578,166.13999938964844,166.13999938964844,467700
2024-06-04,166.0,166.0,162.57000732421875,163.11000061035156,163.11000061035156,538600
2024-06-05,164.75,167.66000366210938,162.9499969482422,165.8699951171875,165.8699951171875,286200
2024-06-06,165.0500030517578,165.58999633789062,161.83999633789062,164.74000549316406,164.74000549316406,384100
2024-06-07,151.42999267578125,153.88999938964844,145.7530059814453,149.91000366210938,149.91000366210938,1450500
2024-06-10,148.39500427246094,151.0,146.6300048828125,148.47999572753906,148.47999572753906,551900
2024-06-11,147.8800048828125,150.22999572753906,145.0399932861328,148.5500030517578,148.5500030517578,420100
2024-06-12,152.35000610351562,153.89999389648438,147.8000030517578,152.08999633789062,152.08999633789062,469300
2024-06-13,151.39999389648438,155.47000122070312,150.32000732421875,154.38999938964844,154.38999938964844,643000
2024-06-14,151.85000610351562,152.71499633789062,149.1300048828125,150.0,150.0,365500
2024-06-17,150.17999267578125,151.89999389648438,147.3800048828125,151.13999938964844,151.13999938964844,256500
2024-06-18,150.85000610351562,152.0800018310547,147.00999450683594,147.1699981689453,147.1699981689453,240100
2024-06-20,146.67999267578125,148.16000366210938,144.44000244140625,146.66000366210938,146.66000366210938,352700
2024-06-21,145.6300048828125,150.56500244140625,143.60000610351562,148.99000549316406,148.99000549316406,340100
2024-06-24,148.4199981689453,149.3000030517578,146.16000366210938,148.4499969482422,148.4499969482422,222300
2024-06-25,148.99000549316406,152.67999267578125,147.89999389648438,150.9600067138672,150.9600067138672,290100
2024-06-26,150.3000030517578,153.91000366210938,150.00999450683594,152.75,152.75,328100
2024-06-27,151.94000244140625,154.2899932861328,150.8300018310547,153.39999389648438,153.39999389648438,217000
2024-06-28,154.36000061035156,159.4499969482422,154.36000061035156,156.77000427246094,156.77000427246094,505100
2024-07-01,156.32000732421875,156.63499450683594,151.16000366210938,155.22000122070312,155.22000122070312,188900
2024-07-02,155.3699951171875,158.77999877929688,152.8000030517578,158.67999267578125,158.67999267578125,241900
2024-07-03,159.0,160.80999755859375,156.75,159.8699951171875,159.8699951171875,108800
2024-07-05,161.2899932861328,162.1699981689453,158.36000061035156,161.60000610351562,161.60000610351562,195000
2024-07-08,163.17999267578125,165.00999450683594,161.08999633789062,164.2100067138672,164.2100067138672,346700
2024-07-09,165.94000244140625,166.88999938964844,162.16000366210938,162.57000732421875,162.57000732421875,233800
2024-07-10,164.13999938964844,164.13999938964844,159.75,162.35000610351562,162.35000610351562,256500
2024-07-11,166.5,169.5500030517578,162.8699951171875,167.41000366210938,167.41000366210938,273500
2024-07-12,168.25,174.0,167.44500732421875,169.2899932861328,169.2899932861328,274600
2024-07-15,172.24000549316406,178.0,171.39999389648438,176.11000061035156,176.11000061035156,374400
2024-07-16,177.1300048828125,179.9499969482422,173.14999389648438,179.80999755859375,179.80999755859375,437100
2024-07-17,177.10000610351562,179.02000427246094,170.9199981689453,171.25999450683594,171.25999450683594,394100
2024-07-18,175.0800018310547,180.0,171.0399932861328,174.88999938964844,174.88999938964844,355700
2024-07-19,175.17999267578125,175.60000610351562,168.4600067138672,171.4199981689453,171.4199981689453,300700
2024-07-22,174.4600067138672,181.8800048828125,174.4600067138672,181.5,181.5,398000
2024-07-23,179.3300018310547,180.322998046875,158.10000610351562,161.52000427246094,161.52000427246094,1709600
2024-07-24,159.50999450683594,159.85000610351562,151.08999633789062,152.5500030517578,152.5500030517578,918800
2024-07-25,163.47999572753906,165.86000061035156,153.47999572753906,159.27000427246094,159.27000427246094,1420400
2024-07-26,163.24000549316406,164.88999938964844,158.2899932861328,160.05999755859375,160.05999755859375,642500
2024-07-29,160.82000732421875,164.9499969482422,160.05999755859375,163.52000427246094,163.52000427246094,414800
2024-07-30,163.6300048828125,167.47999572753906,156.22999572753906,156.4199981689453,156.4199981689453,463600
2024-07-31,161.22000122070312,161.99000549316406,155.27499389648438,159.2899932861328,159.2899932861328,706100
2024-08-01,157.8000030517578,159.02000427246094,143.77999877929688,144.52000427246094,144.52000427246094,563600
2024-08-02,137.11000061035156,141.3300018310547,134.5800018310547,139.33999633789062,139.33999633789062,626500
2024-08-05,130.91000366210938,140.5800018310547,129.5500030517578,137.66000366210938,137.66000366210938,470800
2024-08-06,138.9600067138672,144.24000549316406,136.60000610351562,140.25,140.25,433100
2024-08-07,145.14999389648438,145.2899932861328,137.75,138.47000122070312,138.47000122070312,1078000
2024-08-08,143.3300018310547,149.4199981689453,139.8249969482422,148.61000061035156,148.61000061035156,231600
2024-08-09,147.50999450683594,150.63999938964844,146.00999450683594,150.14999389648438,150.14999389648438,294900
2024-08-12,151.97999572753906,156.16000366210938,149.98500061035156,150.92999267578125,150.92999267578125,324100
2024-08-13,154.8699951171875,159.50999450683594,153.0,155.5500030517578,155.5500030517578,231600
2024-08-14,156.77999877929688,158.63900756835938,152.66000366210938,154.64999389648438,154.64999389648438,168800
2024-08-15,159.94000244140625,163.8800048828125,157.9320068359375,162.5800018310547,162.5800018310547,238600
2024-08-16,162.22000122070312,164.02000427246094,160.6199951171875,160.85000610351562,160.85000610351562,175400
2024-08-19,161.0,163.38999938964844,160.25,162.92999267578125,162.92999267578125,204100
2024-08-20,162.6300048828125,163.30499267578125,157.4600067138672,157.6300048828125,157.6300048828125,257400
2024-08-21,159.52999877929688,164.72999572753906,159.27499389648438,164.60000610351562,164.60000610351562,259700
2024-08-22,164.85000610351562,167.0,157.7100067138672,158.42999267578125,158.42999267578125,234500
2024-08-23,160.52999877929688,165.27000427246094,159.45399475097656,163.6699981689453,163.6699981689453,211800
2024-08-26,162.08999633789062,164.6199951171875,161.27499389648438,162.5,162.5,177800
2024-08-27,160.7899932861328,165.4499969482422,160.3000030517578,164.66000366210938,164.66000366210938,279300
2024-08-28,163.85000610351562,164.7100067138672,161.8699951171875,163.3800048828125,163.3800048828125,174700
2024-08-29,163.82000732421875,169.0449981689453,163.82000732421875,166.3000030517578,166.3000030517578,191600
2024-08-30,169.38999938964844,169.38999938964844,164.9199981689453,168.10000610351562,168.10000610351562,289000
2024-09-03,164.36000061035156,165.14500427246094,158.97999572753906,162.72000122070312,162.72000122070312,399300
2024-09-04,159.4499969482422,165.99000549316406,157.85000610351562,164.97999572753906,164.97999572753906,291400
2024-09-05,162.85000610351562,165.8699951171875,162.1199951171875,165.22000122070312,165.22000122070312,134700
2024-09-06,165.1199951171875,165.1199951171875,153.83999633789062,156.72999572753906,156.72999572753906,301600
2024-09-09,168.07000732421875,178.2100067138672,166.44000244140625,172.27999877929688,172.27999877929688,1031600
2024-09-10,172.36000061035156,179.4199981689453,171.47000122070312,179.25999450683594,179.25999450683594,473700
2024-09-11,179.32000732421875,183.0,175.6199951171875,180.6199951171875,180.6199951171875,524200
2024-09-12,180.0800018310547,186.22000122070312,179.67999267578125,184.1300048828125,184.1300048828125,411600
2024-09-13,186.69000244140625,190.08999633789062,185.156005859375,185.9199981689453,185.9199981689453,995900
2024-09-16,185.63999938964844,190.22000122070312,184.99000549316406,186.6199951171875,186.6199951171875,637000
2024-09-17,186.89999389648438,191.77499389648438,185.50999450683594,187.36000061035156,187.36000061035156,474500
2024-09-18,187.07000732421875,198.0,184.9199981689453,193.89999389648438,193.89999389648438,835700
2024-09-19,199.5500030517578,204.0,199.22999572753906,201.41000366210938,201.41000366210938,891300
2024-09-20,202.69000244140625,204.24000549316406,198.69000244140625,201.99000549316406,201.99000549316406,4503500
2024-09-23,201.88999938964844,208.3300018310547,200.97000122070312,208.1699981689453,208.1699981689453,576400
2024-09-24,208.82000732421875,212.88999938964844,203.1490020751953,212.75,212.75,559700
2024-09-25,212.0,217.66000366210938,210.91000366210938,214.0500030517578,214.0500030517578,456700
2024-09-26,219.88999938964844,220.16600036621094,213.0,217.8300018310547,217.8300018310547,369700
2024-09-27,219.25,219.67999267578125,211.56300354003906,213.30999755859375,213.30999755859375,505500
2024-09-30,212.99000549316406,217.61000061035156,210.17999267578125,216.52000427246094,216.52000427246094,407600
2024-10-01,214.6699981689453,216.5800018310547,210.5500030517578,211.6699981689453,211.6699981689453,432300
2024-10-02,211.8000030517578,215.26499938964844,210.1999969482422,212.92999267578125,212.92999267578125,409200
2024-10-03,211.10000610351562,215.2550048828125,209.1699981689453,213.64999389648438,213.64999389648438,278900
2024-10-04,218.97999572753906,220.0,214.73500061035156,218.33999633789062,218.33999633789062,553800
2024-10-07,216.08999633789062,218.64999389648438,215.5399932861328,218.11000061035156,218.11000061035156,255000
2024-10-08,217.77000427246094,224.0,217.7100067138672,223.58999633789062,223.58999633789062,445100
2024-10-09,224.85000610351562,230.0,223.39999389648438,228.6199951171875,228.6199951171875,314400
2024-10-10,225.3699951171875,232.0,225.2100067138672,231.72000122070312,231.72000122070312,365700
2024-10-11,230.32000732421875,236.5800018310547,230.32000732421875,235.64999389648438,235.64999389648438,327700
2024-10-14,238.0,239.8800048828125,235.64999389648438,238.5800018310547,238.5800018310547,398100
2024-10-15,237.1300048828125,237.63499450683594,226.7899932861328,233.25,233.25,535600
2024-10-16,237.75999450683594,237.75999450683594,229.55999755859375,233.6300048828125,233.6300048828125,266700
2024-10-17,238.25,238.97999572753906,229.1300048828125,229.75999450683594,229.75999450683594,336900
2024-10-18,232.60000610351562,233.0,218.24000549316406,218.3000030517578,218.3000030517578,450300
2024-10-21,218.9199981689453,227.61000061035156,214.52999877929688,227.13999938964844,227.13999938964844,537800
2024-10-22,227.1300048828125,228.2899932861328,221.64999389648438,223.5,223.5,771600
2024-10-23,222.05999755859375,227.6699981689453,216.36000061035156,222.4600067138672,222.4600067138672,833500
2024-10-24,209.27999877929688,210.97000122070312,189.38999938964844,192.2100067138672,192.2100067138672,2249000
2024-10-25,193.25,206.0,189.8800048828125,200.6999969482422,200.6999969482422,1097400
2024-10-28,201.0,209.67999267578125,199.5800018310547,205.6300048828125,205.6300048828125,627400
2024-10-29,205.0,205.0,198.47999572753906,200.0,200.0,643200
2024-10-30,197.0,197.0,191.4600067138672,191.72000122070312,191.72000122070312,477100
2024-10-31,189.11000061035156,192.73500061035156,187.5500030517578,189.99000549316406,189.99000549316406,374200
2024-11-01,189.22999572753906,195.0,189.0,194.7100067138672,194.7100067138672,340200
2024-11-04,192.3699951171875,198.69000244140625,191.64500427246094,192.91000366210938,192.91000366210938,451300
2024-11-05,193.27000427246094,198.8300018310547,193.27000427246094,198.22999572753906,198.22999572753906,615800
2024-11-06,203.9600067138672,209.02999877929688,198.00999450683594,198.02999877929688,198.02999877929688,685700
2024-11-07,198.7100067138672,204.36000061035156,197.0,202.99000549316406,202.99000549316406,682600
2024-11-08,200.88999938964844,207.80999755859375,199.4499969482422,203.55999755859375,203.55999755859375,733800
