Date,Open,High,Low,Close,Adj Close,Volume
2021-08-18,24.950000762939453,24.950000762939453,24.639999389648438,24.700000762939453,19.059112548828125,2304546
2021-08-19,24.729999542236328,25.0,24.56999969482422,24.850000381469727,19.174854278564453,2210955
2021-08-20,25.0,25.049999237060547,24.90999984741211,25.0,19.29059600830078,869156
2021-08-23,24.989999771118164,25.020000457763672,24.899999618530273,24.989999771118164,19.282882690429688,170654
2021-08-24,25.0,25.0,24.920000076293945,24.979999542236328,19.275165557861328,183165
2021-08-25,24.969999313354492,24.989999771118164,24.600000381469727,24.790000915527344,19.12856101989746,126796
2021-08-26,24.790000915527344,24.790000915527344,24.790000915527344,24.790000915527344,19.12856101989746,0
2021-08-27,24.84000015258789,24.850000381469727,24.709999084472656,24.790000915527344,19.12856101989746,114568
2021-08-30,24.8799991607666,24.93000030517578,24.809999465942383,24.875,19.19414710998535,328595
2021-08-31,24.8799991607666,24.979999542236328,24.510000228881836,24.549999237060547,18.94336700439453,374571
2021-09-01,24.639999389648438,24.81999969482422,24.6200008392334,24.780000686645508,19.1208438873291,156144
2021-09-02,24.850000381469727,24.93000030517578,24.829999923706055,24.90999984741211,19.221155166625977,197746
2021-09-03,24.920000076293945,24.920000076293945,24.860000610351562,24.8799991607666,19.198001861572266,69303
2021-09-07,24.959999084472656,24.969999313354492,24.822799682617188,24.8700008392334,19.19028663635254,131000
2021-09-08,24.940000534057617,24.940000534057617,24.84000015258789,24.8799991607666,19.198001861572266,61616
2021-09-09,24.93000030517578,24.93000030517578,24.780000686645508,24.799999237060547,19.136274337768555,145424
2021-09-10,24.860000610351562,24.8799991607666,24.809999465942383,24.850000381469727,19.174854278564453,129596
2021-09-13,24.940000534057617,24.950000762939453,24.790000915527344,24.860000610351562,19.182571411132812,97242
2021-09-14,24.8799991607666,24.899999618530273,24.790000915527344,24.8700008392334,19.19028663635254,71973
2021-09-15,24.8700008392334,24.969999313354492,24.81399917602539,24.950000762939453,19.25201988220215,97846
2021-09-16,24.950000762939453,24.989999771118164,24.899999618530273,24.950000762939453,19.25201988220215,101284
2021-09-17,24.989999771118164,24.989999771118164,24.959999084472656,24.989999771118164,19.282882690429688,122420
2021-09-20,24.940000534057617,24.989999771118164,24.889999389648438,24.989999771118164,19.282882690429688,95253
2021-09-21,24.989999771118164,25.049999237060547,24.899999618530273,24.989999771118164,19.282882690429688,116246
2021-09-22,24.989999771118164,25.049999237060547,24.989999771118164,25.020000457763672,19.306032180786133,113879
2021-09-23,25.010000228881836,25.100000381469727,24.8799991607666,25.049999237060547,19.329179763793945,169870
2021-09-24,25.100000381469727,25.100000381469727,24.959999084472656,25.0,19.29059600830078,66585
2021-09-27,25.059999465942383,25.059999465942383,24.959999084472656,25.010000228881836,19.29831886291504,82656
2021-09-28,25.010000228881836,25.049999237060547,24.940000534057617,25.0,19.29059600830078,101822
2021-09-29,25.040000915527344,25.100000381469727,24.99679946899414,25.100000381469727,19.367759704589844,132161
2021-09-30,25.100000381469727,25.360000610351562,24.979999542236328,25.360000610351562,19.568384170532227,1100453
2021-10-01,25.399999618530273,25.399999618530273,25.1200008392334,25.200000762939453,19.44492530822754,39857
2021-10-04,25.18000030517578,26.200000762939453,25.100000381469727,25.190000534057617,19.437206268310547,37766
2021-10-05,25.149999618530273,25.190000534057617,24.95009994506836,25.18000030517578,19.42949104309082,45118
2021-10-06,25.25,25.25,25.100000381469727,25.200000762939453,19.44492530822754,57867
2021-10-07,25.200000762939453,25.239999771118164,25.11639976501465,25.239999771118164,19.47579002380371,20419
2021-10-08,25.239999771118164,25.25,25.15999984741211,25.25,19.483505249023438,35012
2021-10-11,25.25,25.299999237060547,25.229000091552734,25.299999237060547,19.522085189819336,18131
2021-10-12,25.299999237060547,25.299999237060547,25.235000610351562,25.25,19.483505249023438,29113
2021-10-13,25.25,25.299999237060547,25.23430061340332,25.299999237060547,19.522085189819336,52438
2021-10-14,25.299999237060547,25.350000381469727,25.260000228881836,25.299999237060547,19.522085189819336,96152
2021-10-15,25.31999969482422,25.3799991607666,25.25,25.25,19.483505249023438,104422
2021-10-18,25.310400009155273,25.34000015258789,25.15999984741211,25.31999969482422,19.537519454956055,22100
2021-10-19,25.3700008392334,25.3700008392334,25.14940071105957,25.20210075378418,19.446544647216797,30915
2021-10-20,25.219999313354492,25.360000610351562,25.200000762939453,25.27199935913086,19.500478744506836,35059
2021-10-21,25.290000915527344,25.37969970703125,25.21739959716797,25.31999969482422,19.537519454956055,33806
2021-10-22,25.3799991607666,25.3799991607666,25.209999084472656,25.219999313354492,19.46035385131836,30821
2021-10-25,25.34630012512207,25.34630012512207,25.200000762939453,25.274999618530273,19.50279426574707,20409
2021-10-26,25.299999237060547,25.299999237060547,25.257999420166016,25.280000686645508,19.506650924682617,25422
2021-10-27,25.360000610351562,25.360000610351562,25.25,25.299999237060547,19.522085189819336,14946
2021-10-28,25.239999771118164,25.299999237060547,25.219999313354492,25.270000457763672,19.498939514160156,19356
2021-10-29,25.299999237060547,25.399999618530273,25.260000228881836,25.399999618530273,19.5992488861084,32534
2021-11-01,25.399999618530273,25.399999618530273,25.25,25.299999237060547,19.522085189819336,39304
2021-11-02,25.299999237060547,25.450000762939453,25.299999237060547,25.299999237060547,19.522085189819336,30618
2021-11-03,25.3799991607666,25.489999771118164,25.290000915527344,25.479999542236328,19.660978317260742,27771
2021-11-04,25.489999771118164,25.489999771118164,25.25,25.25,19.483505249023438,49942
2021-11-05,25.219999313354492,25.450000762939453,25.09000015258789,25.290000915527344,19.514368057250977,47802
2021-11-08,25.350000381469727,25.350000381469727,25.27720069885254,25.280000686645508,19.506650924682617,18349
2021-11-09,25.31999969482422,25.709999084472656,25.264999389648438,25.549999237060547,19.714994430541992,87598
2021-11-10,25.625,25.65999984741211,25.290000915527344,25.31999969482422,19.537519454956055,55406
2021-11-11,25.299999237060547,25.75,25.270000457763672,25.420000076293945,19.614683151245117,23613
2021-11-12,25.549999237060547,25.600000381469727,25.3799991607666,25.469999313354492,19.653261184692383,19734
2021-11-15,25.459999084472656,25.540000915527344,25.389999389648438,25.540000915527344,19.707279205322266,31663
2021-11-16,25.436100006103516,25.600000381469727,25.436100006103516,25.5,19.676410675048828,19698
2021-11-17,25.5,25.700000762939453,25.389999389648438,25.399999618530273,19.5992488861084,51900
2021-11-18,25.540000915527344,25.540000915527344,25.18000030517578,25.200000762939453,19.44492530822754,40971
2021-11-19,25.25,25.399999618530273,25.219999313354492,25.399999618530273,19.5992488861084,16843
2021-11-22,25.389999389648438,25.549999237060547,25.305500030517578,25.549999237060547,19.714994430541992,33571
2021-11-23,25.489999771118164,25.489999771118164,25.350000381469727,25.350000381469727,19.560665130615234,23776
2021-11-24,25.43000030517578,25.459999084472656,25.219999313354492,25.43000030517578,19.622400283813477,29791
2021-11-26,25.450000762939453,25.450000762939453,25.288700103759766,25.288700103759766,19.51336669921875,2269
2021-11-29,25.450000762939453,25.469999313354492,25.290000915527344,25.469999313354492,19.653261184692383,60154
2021-11-30,25.059999465942383,25.235000610351562,24.8799991607666,25.0,19.692890167236328,51650
2021-12-01,25.020000457763672,25.200000762939453,25.000200271606445,25.000200271606445,19.69304847717285,55753
2021-12-02,25.200000762939453,25.200000762939453,25.09000015258789,25.100000381469727,19.77166175842285,27980
2021-12-03,25.139999389648438,25.200000762939453,25.0,25.200000762939453,19.850439071655273,41979
2021-12-06,25.3799991607666,25.3799991607666,25.09000015258789,25.200000762939453,19.850439071655273,38750
2021-12-07,25.25,25.25,24.950700759887695,25.010000228881836,19.700773239135742,54136
2021-12-08,25.020000457763672,25.079999923706055,24.979999542236328,24.979999542236328,19.67713737487793,20054
2021-12-09,25.03820037841797,25.099899291992188,24.920000076293945,24.969999313354492,19.669260025024414,18022
2021-12-10,24.969999313354492,25.100000381469727,24.90999984741211,25.06999969482422,19.748029708862305,21718
2021-12-13,25.06999969482422,25.06999969482422,24.890600204467773,25.06999969482422,19.748029708862305,15463
2021-12-14,25.0,25.05109977722168,24.670000076293945,24.729999542236328,19.48021125793457,19070
2021-12-15,24.81999969482422,24.989999771118164,24.767900466918945,24.940000534057617,19.645627975463867,34102
2021-12-16,24.940000534057617,25.15999984741211,24.918800354003906,25.094999313354492,19.76772689819336,16673
2021-12-17,25.100000381469727,25.100000381469727,24.950000762939453,25.079999923706055,19.755908966064453,19232
2021-12-20,24.950000762939453,25.0,24.799999237060547,24.799999237060547,19.535348892211914,18612
2021-12-21,24.719999313354492,25.0,24.719999313354492,24.832199096679688,19.560712814331055,49604
2021-12-22,24.969999313354492,25.100000381469727,24.809999465942383,25.0,19.692890167236328,73556
2021-12-23,25.0,25.197999954223633,24.889999389648438,24.90999984741211,19.621997833251953,26563
2021-12-27,25.079999923706055,25.209999084472656,24.989999771118164,25.0,19.692890167236328,22188
2021-12-28,25.18000030517578,25.18000030517578,24.774999618530273,24.84000015258789,19.56686019897461,80042
2021-12-29,24.940000534057617,24.979999542236328,24.84000015258789,24.84000015258789,19.56686019897461,17468
2021-12-30,24.950000762939453,24.99970054626465,24.860000610351562,24.860000610351562,19.582611083984375,32446
2021-12-31,24.969999313354492,25.18000030517578,24.920000076293945,25.18000030517578,19.834678649902344,17345
2022-01-03,25.190000534057617,25.209999084472656,25.061800003051758,25.06999969482422,19.748029708862305,24711
2022-01-04,25.06999969482422,25.20870018005371,24.915000915527344,24.969999313354492,19.669260025024414,37327
2022-01-05,24.969999313354492,25.072799682617188,24.68000030517578,24.68000030517578,19.44082260131836,35369
2022-01-06,24.719999313354492,25.079999923706055,24.700000762939453,25.0,19.692890167236328,17496
2022-01-07,24.969999313354492,25.079999923706055,24.85460090637207,25.010000228881836,19.700773239135742,20108
2022-01-10,24.969999313354492,25.024999618530273,24.868000030517578,24.899999618530273,19.61412239074707,18918
2022-01-11,24.950000762939453,25.058900833129883,24.899999618530273,24.969999313354492,19.669260025024414,27448
2022-01-12,24.959999084472656,25.020700454711914,24.8700008392334,24.950000762939453,19.65350914001465,15664
2022-01-13,25.040000915527344,25.1299991607666,25.0,25.09000015258789,19.7637882232666,43101
2022-01-14,25.0939998626709,25.149999618530273,25.040000915527344,25.149999618530273,19.81104850769043,16835
2022-01-18,25.1299991607666,25.13789939880371,24.969999313354492,25.010000228881836,19.700773239135742,39560
2022-01-19,24.989999771118164,25.100000381469727,24.989999771118164,25.049999237060547,19.732276916503906,12036
2022-01-20,25.049999237060547,25.15999984741211,25.049999237060547,25.15999984741211,19.818925857543945,32722
2022-01-21,25.059999465942383,25.143299102783203,25.049999237060547,25.059999465942383,19.74015235900879,10837
2022-01-24,25.059999465942383,25.059999465942383,24.850000381469727,25.0,19.692890167236328,35677
2022-01-25,24.799999237060547,24.979999542236328,24.42009925842285,24.799999237060547,19.535348892211914,54644
2022-01-26,24.799999237060547,24.895000457763672,24.65999984741211,24.709999084472656,19.464454650878906,27672
2022-01-27,24.850000381469727,25.0,22.979999542236328,24.479999542236328,19.283281326293945,77192
2022-01-28,24.350000381469727,24.829999923706055,23.860000610351562,24.690000534057617,19.448699951171875,45965
2022-01-31,24.780000686645508,25.0,24.68000030517578,24.950000762939453,19.65350914001465,28426
2022-02-01,24.969999313354492,24.989999771118164,24.8799991607666,24.889999389648438,19.606245040893555,14784
2022-02-02,24.8700008392334,24.920000076293945,24.521400451660156,24.649999618530273,19.417192459106445,31282
2022-02-03,24.549999237060547,24.739999771118164,24.25,24.549999237060547,19.338420867919922,17197
2022-02-04,24.950000762939453,24.950000762939453,24.0,24.299999237060547,19.14149284362793,26988
2022-02-07,24.15999984741211,24.760000228881836,24.058000564575195,24.309999465942383,19.149368286132812,37319
2022-02-08,24.43000030517578,24.59000015258789,23.989999771118164,24.405000686645508,19.224201202392578,34389
2022-02-09,24.5,24.5,24.157800674438477,24.25,19.102109909057617,32989
2022-02-10,24.100000381469727,24.200000762939453,23.02750015258789,23.360000610351562,18.401037216186523,63360
2022-02-11,23.92530059814453,23.92530059814453,23.149999618530273,23.36009979248047,18.4011173248291,19389
2022-02-14,23.209999084472656,24.030000686645508,23.209999084472656,23.59000015258789,18.582216262817383,22129
2022-02-15,23.719999313354492,23.889999389648438,23.28190040588379,23.510099411010742,18.51927375793457,27681
2022-02-16,23.3700008392334,23.73900032043457,23.3700008392334,23.73900032043457,18.6995849609375,27957
2022-02-17,23.600000381469727,23.75,23.37980079650879,23.489999771118164,18.503440856933594,24077
2022-02-18,23.59000015258789,23.747400283813477,23.454999923706055,23.5,18.51131820678711,24129
2022-02-22,23.350000381469727,23.704200744628906,23.219999313354492,23.280000686645508,18.338024139404297,22080
2022-02-23,23.290000915527344,23.389999389648438,23.0,23.0,18.117462158203125,54777
2022-02-24,23.0,23.40169906616211,22.75,22.850000381469727,17.99930191040039,70288
2022-02-25,22.940000534057617,23.329999923706055,22.860000610351562,23.299999237060547,18.353775024414062,66719
2022-02-28,23.09000015258789,23.563600540161133,22.510000228881836,22.530000686645508,18.07449722290039,45706
2022-03-01,22.649999618530273,23.214000701904297,22.559999465942383,22.90999984741211,18.379344940185547,35057
2022-03-02,23.079999923706055,23.350000381469727,22.940000534057617,23.29640007019043,18.689334869384766,12269
2022-03-03,23.280000686645508,23.3799991607666,23.239999771118164,23.360000610351562,18.7403564453125,8940
2022-03-04,23.389999389648438,23.389999389648438,23.0049991607666,23.140899658203125,18.56458282470703,15793
2022-03-07,23.06999969482422,23.140100479125977,22.6200008392334,22.6299991607666,18.154720306396484,20836
2022-03-08,22.639999389648438,23.2450008392334,22.549999237060547,22.58009910583496,18.114688873291016,39061
2022-03-09,22.8799991607666,23.100000381469727,22.684999465942383,22.989999771118164,18.443527221679688,16083
2022-03-10,22.989999771118164,22.989999771118164,22.763599395751953,22.93000030517578,18.39539337158203,9048
2022-03-11,23.06999969482422,23.25,22.440000534057617,22.639999389648438,18.16274070739746,40696
2022-03-14,22.5,22.58989906311035,21.75,21.850000381469727,17.528972625732422,52578
2022-03-15,21.770000457763672,22.37459945678711,21.770000457763672,22.25,17.84986686706543,17012
2022-03-16,22.5,22.98979949951172,22.5,22.889999389648438,18.36330223083496,29502
2022-03-17,22.950000762939453,23.66990089416504,22.950000762939453,23.459999084472656,18.82057762145996,28514
2022-03-18,23.549999237060547,23.549999237060547,23.219999313354492,23.299999237060547,18.692218780517578,10698
2022-03-21,23.389999389648438,23.524999618530273,23.005599975585938,23.09000015258789,18.523752212524414,18313
2022-03-22,23.290000915527344,23.345399856567383,23.094999313354492,23.1299991607666,18.55584144592285,3472
2022-03-23,23.110000610351562,23.297199249267578,23.0,23.113800048828125,18.5428466796875,7952
2022-03-24,23.010000228881836,23.149999618530273,22.920000076293945,22.920000076293945,18.38736915588379,14144
2022-03-25,22.829999923706055,22.940000534057617,22.530000686645508,22.530000686645508,18.07449722290039,41715
2022-03-28,22.719999313354492,23.077499389648438,22.610000610351562,22.6299991607666,18.154720306396484,37469
2022-03-29,22.780000686645508,23.347299575805664,22.770000457763672,23.15999984741211,18.57990837097168,13050
2022-03-30,23.0,23.249900817871094,22.719999313354492,22.8799991607666,18.35527801513672,34926
2022-03-31,22.8799991607666,23.0,22.700000762939453,22.850000381469727,18.331212997436523,64337
2022-04-01,22.75,22.979999542236328,22.68000030517578,22.950000762939453,18.41143798828125,20150
2022-04-04,23.100000381469727,23.114999771118164,22.889999389648438,22.989999771118164,18.443527221679688,25305
2022-04-05,23.213199615478516,23.213199615478516,22.6299991607666,22.700000762939453,18.21087646484375,43380
2022-04-06,22.6200008392334,23.059900283813477,22.6200008392334,22.8799991607666,18.35527801513672,17814
2022-04-07,22.979999542236328,22.979999542236328,22.670000076293945,22.851299285888672,18.332252502441406,22487
2022-04-08,22.719999313354492,22.920000076293945,22.719999313354492,22.81999969482422,18.307146072387695,11927
2022-04-11,22.75,22.860000610351562,22.266300201416016,22.349899291992188,17.93001365661621,46043
2022-04-12,22.399999618530273,22.510000228881836,22.0,22.059999465942383,17.69744110107422,47360
2022-04-13,22.149999618530273,22.349899291992188,22.149999618530273,22.309999465942383,17.898000717163086,32354
2022-04-14,22.440000534057617,22.58989906311035,22.209999084472656,22.209999084472656,17.81777572631836,86261
2022-04-18,22.3799991607666,22.420000076293945,22.049999237060547,22.28499984741211,17.877946853637695,40011
2022-04-19,22.31999969482422,22.349899291992188,22.049999237060547,22.229999542236328,17.833824157714844,28472
2022-04-20,22.229999542236328,22.549999237060547,22.059999465942383,22.549999237060547,18.090539932250977,35223
2022-04-21,22.739999771118164,22.913700103759766,22.600000381469727,22.700000762939453,18.21087646484375,47224
2022-04-22,22.730600357055664,22.8799991607666,22.5,22.559999465942383,18.098560333251953,28527
2022-04-25,22.549999237060547,22.77519989013672,22.229999542236328,22.6200008392334,18.146697998046875,44230
2022-04-26,22.5,22.634599685668945,22.329999923706055,22.329999923706055,17.914043426513672,32727
2022-04-27,22.399999618530273,22.639999389648438,22.344999313354492,22.56999969482422,18.106586456298828,32397
2022-04-28,22.59000015258789,23.489999771118164,22.360000610351562,22.649999618530273,18.17076301574707,48651
2022-04-29,22.760000228881836,22.760000228881836,22.059999465942383,22.329999923706055,17.914043426513672,78985
2022-05-02,22.329999923706055,22.475000381469727,21.824899673461914,22.0,17.649311065673828,53136
2022-05-03,22.18000030517578,22.25,22.02549934387207,22.149999618530273,17.769641876220703,26232
2022-05-04,22.190000534057617,22.360000610351562,21.850000381469727,22.260000228881836,17.857891082763672,47179
2022-05-05,22.20840072631836,22.34000015258789,22.049999237060547,22.24220085144043,17.843610763549805,15766
2022-05-06,22.260000228881836,22.36829948425293,21.899999618530273,21.985000610351562,17.63727569580078,79732
2022-05-09,22.079999923706055,22.12779998779297,21.790000915527344,21.790000915527344,17.480836868286133,27369
2022-05-10,21.950000762939453,21.950000762939453,21.809999465942383,21.950000762939453,17.60919761657715,33383
2022-05-11,21.959999084472656,22.354999542236328,21.899999618530273,21.950000762939453,17.60919761657715,32895
2022-05-12,22.110000610351562,22.110000610351562,21.329999923706055,21.540000915527344,17.2802791595459,30159
2022-05-13,21.520000457763672,21.639999389648438,21.030000686645508,21.399999618530273,17.167964935302734,35331
2022-05-16,21.520000457763672,21.92609977722168,21.350000381469727,21.709999084472656,17.416654586791992,14792
2022-05-17,21.90999984741211,21.989999771118164,21.219999313354492,21.219999313354492,17.023557662963867,13900
2022-05-18,21.18000030517578,21.59760093688965,20.18000030517578,20.959999084472656,16.814977645874023,28500
2022-05-19,21.040000915527344,21.32979965209961,20.899999618530273,21.046899795532227,16.88469123840332,10599
2022-05-20,21.229999542236328,21.33930015563965,20.75,20.850000381469727,16.72673225402832,9431
2022-05-23,20.989999771118164,20.989999771118164,20.6200008392334,20.719999313354492,16.622438430786133,43200
2022-05-24,20.68000030517578,20.802200317382812,20.5,20.790000915527344,16.67859649658203,10561
2022-05-25,20.889999389648438,21.38010025024414,20.559999465942383,21.1200008392334,16.943334579467773,30091
2022-05-26,21.1200008392334,21.709999084472656,21.1200008392334,21.600000381469727,17.328411102294922,20750
2022-05-27,21.649999618530273,21.969999313354492,21.600099563598633,21.89859962463379,17.56795883178711,19374
2022-05-31,21.799999237060547,22.030000686645508,21.575000762939453,22.030000686645508,18.02054214477539,46864
2022-06-01,22.219999313354492,22.219999313354492,21.899999618530273,22.100000381469727,18.077800750732422,28445
2022-06-02,22.100000381469727,22.139999389648438,21.85409927368164,22.0,17.996002197265625,22517
2022-06-03,21.790000915527344,22.149999618530273,21.790000915527344,22.079999923706055,18.06144142150879,11019
2022-06-06,22.040000915527344,22.040000915527344,21.799999237060547,21.90999984741211,17.922380447387695,16232
2022-06-07,21.969999313354492,22.0,21.68000030517578,21.760000228881836,17.799680709838867,15857
2022-06-08,21.889999389648438,21.90999984741211,21.719999313354492,21.850000381469727,17.873300552368164,31843
2022-06-09,21.700000762939453,21.90999984741211,21.65999984741211,21.68000030517578,17.73423957824707,32441
2022-06-10,21.549999237060547,21.549999237060547,21.020000457763672,21.100000381469727,17.25979995727539,22904
2022-06-13,20.899999618530273,20.899999618530273,19.84000015258789,19.84000015258789,16.2291202545166,38091
2022-06-14,19.84000015258789,20.037099838256836,19.604000091552734,19.65999984741211,16.081880569458008,22621
2022-06-15,19.84000015258789,20.489999771118164,19.43000030517578,19.850000381469727,16.237302780151367,31939
2022-06-16,19.600000381469727,19.788799285888672,19.25,19.399999618530273,15.869200706481934,24785
2022-06-17,19.68000030517578,19.68000030517578,18.600000381469727,18.729999542236328,15.321138381958008,39063
2022-06-21,18.8700008392334,18.8700008392334,18.260000228881836,18.59000015258789,15.206619262695312,98771
2022-06-22,18.360000610351562,18.84000015258789,18.06999969482422,18.440000534057617,15.0839204788208,65283
2022-06-23,18.450000762939453,18.850000381469727,18.360000610351562,18.809999465942383,15.386580467224121,48674
2022-06-24,18.889999389648438,19.100000381469727,18.670000076293945,18.889999389648438,15.452019691467285,31910
2022-06-27,18.989999771118164,19.100000381469727,18.700000762939453,18.920000076293945,15.476560592651367,29727
2022-06-28,18.950000762939453,19.099899291992188,18.700000762939453,18.70439910888672,15.300198554992676,18313
2022-06-29,18.670000076293945,18.81999969482422,18.40999984741211,18.520000457763672,15.149358749389648,13560
2022-06-30,18.5,18.90999984741211,18.5,18.729999542236328,15.321138381958008,25886
2022-07-01,18.81999969482422,19.226499557495117,18.81999969482422,19.100099563598633,15.623880386352539,10270
2022-07-05,19.110000610351562,19.110000610351562,18.459999084472656,18.760000228881836,15.345680236816406,48077
2022-07-06,18.850000381469727,19.010000228881836,18.610000610351562,19.010000228881836,15.550180435180664,40612
2022-07-07,19.040000915527344,19.09000015258789,18.850000381469727,19.0,15.542001724243164,18200
2022-07-08,19.0,19.170000076293945,18.899999618530273,19.149999618530273,15.664700508117676,38409
2022-07-11,19.149999618530273,19.249900817871094,18.93000030517578,18.950000762939453,15.50110149383545,31916
2022-07-12,19.049999237060547,19.07270050048828,18.799999237060547,18.799999237060547,15.378396987915039,45354
2022-07-13,18.639999389648438,18.959999084472656,18.639999389648438,18.81999969482422,15.394757270812988,26121
2022-07-14,18.719999313354492,18.7893009185791,18.650999069213867,18.700000762939453,15.296601295471191,31985
2022-07-15,18.790000915527344,19.136999130249023,18.75,18.75,15.337498664855957,52738
2022-07-18,18.84000015258789,19.1200008392334,18.825000762939453,19.079999923706055,15.607439994812012,39753
2022-07-19,19.06999969482422,19.485000610351562,19.002500534057617,19.200000762939453,15.70560073852539,37457
2022-07-20,19.25,19.325000762939453,19.149999618530273,19.325000762939453,15.807849884033203,15901
2022-07-21,19.350000381469727,20.12849998474121,19.174999237060547,19.940000534057617,16.310922622680664,69570
2022-07-22,19.969999313354492,20.239999771118164,19.969999313354492,20.219999313354492,16.539960861206055,19666
2022-07-25,20.139999389648438,20.252399444580078,20.049999237060547,20.09000015258789,16.43362045288086,9777
2022-07-26,20.0,20.489999771118164,20.0,20.440000534057617,16.719921112060547,55134
2022-07-27,20.479999542236328,20.858299255371094,20.479999542236328,20.68000030517578,16.916240692138672,27256
2022-07-28,20.700000762939453,21.229999542236328,20.700000762939453,21.09000015258789,17.251617431640625,25472
2022-07-29,21.149999618530273,21.389999389648438,20.760000228881836,21.309999465942383,17.43157958984375,40230
2022-08-01,21.15999984741211,21.350000381469727,21.149999618530273,21.239999771118164,17.37432098388672,30291
2022-08-02,21.25,21.639999389648438,21.170000076293945,21.273300170898438,17.401559829711914,31861
2022-08-03,21.469999313354492,21.469999313354492,21.075300216674805,21.389999389648438,17.497020721435547,23435
2022-08-04,21.399999618530273,21.674999237060547,21.209999084472656,21.209999084472656,17.349777221679688,16131
2022-08-05,21.149999618530273,21.559999465942383,20.834999084472656,21.399999618530273,17.50520133972168,25199
2022-08-08,21.299999237060547,21.3799991607666,21.100000381469727,21.170000076293945,17.317058563232422,21104
2022-08-09,20.959999084472656,21.030000686645508,20.270000457763672,20.43000030517578,16.711740493774414,30470
2022-08-10,20.700000762939453,20.90999984741211,20.350000381469727,20.450000762939453,16.728099822998047,17405
2022-08-11,20.520000457763672,20.739999771118164,20.485700607299805,20.485700607299805,16.75730323791504,8891
2022-08-12,20.450000762939453,20.850200653076172,20.450000762939453,20.690000534057617,16.924423217773438,12379
2022-08-15,20.850000381469727,21.049999237060547,20.75,20.799999237060547,17.014400482177734,26367
2022-08-16,20.690000534057617,20.779399871826172,20.510000228881836,20.639999389648438,16.88351821899414,56616
2022-08-17,20.510000228881836,20.649999618530273,20.510000228881836,20.520000457763672,16.785356521606445,16287
2022-08-18,20.559999465942383,20.83370018005371,20.459999084472656,20.489999771118164,16.760820388793945,26568
2022-08-19,20.329999923706055,20.579999923706055,20.329999923706055,20.579999923706055,16.83443832397461,17385
2022-08-22,20.56999969482422,20.56999969482422,20.200000762939453,20.299999237060547,16.60540008544922,28613
2022-08-23,20.440000534057617,20.440000534057617,19.809999465942383,20.110000610351562,16.449979782104492,31068
2022-08-24,19.899999618530273,20.289899826049805,19.899999618530273,20.06999969482422,16.41725730895996,14940
2022-08-25,20.040000915527344,20.169200897216797,20.02120018005371,20.139999389648438,16.47452163696289,14582
2022-08-26,20.049999237060547,20.100000381469727,19.729999542236328,19.850000381469727,16.237302780151367,57243
2022-08-29,19.899999618530273,20.1299991607666,19.700000762939453,19.700000762939453,16.114601135253906,35512
2022-08-30,19.799999237060547,19.799999237060547,19.40999984741211,19.55500030517578,15.995991706848145,30082
2022-08-31,19.31999969482422,19.31999969482422,18.860000610351562,18.860000610351562,15.767645835876465,70109
2022-09-01,18.8799991607666,19.0,18.230300903320312,18.420000076293945,15.399792671203613,50831
2022-09-02,18.520000457763672,18.946399688720703,18.5,18.600000381469727,15.550276756286621,27239
2022-09-06,18.700000762939453,18.700000762939453,18.299999237060547,18.516599655151367,15.480552673339844,33377
2022-09-07,18.32229995727539,18.500099182128906,18.25,18.329999923706055,15.324548721313477,50973
2022-09-08,18.40999984741211,18.781600952148438,18.329999923706055,18.684999465942383,15.621338844299316,14214
2022-09-09,18.530000686645508,18.790700912475586,18.520000457763672,18.700000762939453,15.633883476257324,17282
2022-09-12,18.770000457763672,18.90399932861328,18.579999923706055,18.68000030517578,15.617161750793457,22482
2022-09-13,18.549999237060547,18.652299880981445,18.399999618530273,18.569900512695312,15.52511215209961,14056
2022-09-14,18.649999618530273,19.15999984741211,18.489999771118164,18.8799991607666,15.784367561340332,40909
2022-09-15,19.010000228881836,19.084400177001953,18.489999771118164,18.489999771118164,15.45831298828125,29178
2022-09-16,18.489999771118164,18.639999389648438,18.200000762939453,18.200000762939453,15.215862274169922,30421
2022-09-19,18.200000762939453,18.476600646972656,18.100000381469727,18.25,15.25766372680664,18768
2022-09-20,18.200000762939453,18.389999389648438,18.100000381469727,18.100000381469727,15.1322603225708,24569
2022-09-21,18.209999084472656,18.209999084472656,18.059999465942383,18.161699295043945,15.183841705322266,17280
2022-09-22,18.170000076293945,18.200000762939453,17.68000030517578,17.940000534057617,14.998494148254395,102979
2022-09-23,17.899999618530273,17.899999618530273,17.299999237060547,17.526100158691406,14.652456283569336,65115
2022-09-26,17.309999465942383,17.310100555419922,16.770099639892578,17.030000686645508,14.237700462341309,34380
2022-09-27,16.799999237060547,17.149900436401367,16.63010025024414,17.110000610351562,14.304584503173828,64266
2022-09-28,17.270000457763672,17.450000762939453,17.100000381469727,17.270000457763672,14.43835163116455,26630
2022-09-29,17.100000381469727,17.270000457763672,16.700000762939453,16.84000015258789,14.078852653503418,32476
2022-09-30,16.979999542236328,17.030000686645508,16.1200008392334,16.399999618530273,13.710996627807617,132443
2022-10-03,16.5,16.624399185180664,16.17009925842285,16.350000381469727,13.669197082519531,29064
2022-10-04,16.459999084472656,16.899900436401367,16.459999084472656,16.65999984741211,13.928367614746094,25966
2022-10-05,16.59000015258789,16.889999389648438,16.450000762939453,16.8799991607666,14.112295150756836,42617
2022-10-06,16.899999618530273,16.979999542236328,16.75,16.93000030517578,14.154096603393555,16534
2022-10-07,16.75,16.959999084472656,16.709999084472656,16.920000076293945,14.145736694335938,37880
2022-10-10,17.0,17.0,16.670000076293945,16.799999237060547,14.04541301727295,21367
2022-10-11,16.758499145507812,17.010000228881836,16.649999618530273,16.899999618530273,14.129015922546387,59863
2022-10-12,16.899999618530273,17.030000686645508,16.780000686645508,17.030000686645508,14.237700462341309,15856
2022-10-13,16.889999389648438,17.09000015258789,16.719999313354492,16.899999618530273,14.129015922546387,24533
2022-10-14,16.989999771118164,17.020000457763672,16.774999618530273,16.774999618530273,14.024510383605957,12899
2022-10-17,16.770000457763672,17.09000015258789,16.770000457763672,16.90999984741211,14.137375831604004,14086
2022-10-18,16.90999984741211,17.09000015258789,16.69499969482422,16.860000610351562,14.095575332641602,58385
2022-10-19,16.850000381469727,17.040000915527344,16.72599983215332,16.8700008392334,14.103936195373535,4499
2022-10-20,16.8700008392334,17.030000686645508,16.700000762939453,16.770000457763672,14.020331382751465,17550
2022-10-21,16.670000076293945,16.799999237060547,16.40999984741211,16.40999984741211,13.71935749053955,7330
2022-10-24,16.399999618530273,16.689899444580078,16.399999618530273,16.450000762939453,13.752799034118652,8804
2022-10-25,16.5,16.600000381469727,16.149999618530273,16.417999267578125,13.726044654846191,50933
2022-10-26,16.399999618530273,16.770000457763672,16.200000762939453,16.469999313354492,13.769518852233887,19464
2022-10-27,16.504600524902344,16.850000381469727,16.335399627685547,16.709999084472656,13.970169067382812,12177
2022-10-28,16.799999237060547,17.440000534057617,16.799999237060547,17.299999237060547,14.46342945098877,47008
2022-10-31,17.389999389648438,17.889999389648438,17.010000228881836,17.010000228881836,14.220980644226074,43560
2022-11-01,17.15999984741211,17.459999084472656,16.75,16.850000381469727,14.087213516235352,25418
2022-11-02,16.899999618530273,16.940000534057617,16.25,16.540000915527344,13.828042984008789,34975
2022-11-03,16.479999542236328,16.89299964904785,16.360000610351562,16.479999542236328,13.77787971496582,20993
2022-11-04,16.520000457763672,17.170000076293945,16.459999084472656,16.915000915527344,14.141556739807129,64040
2022-11-07,16.90999984741211,17.299999237060547,16.809999465942383,17.149999618530273,14.33802318572998,45244
2022-11-08,17.149999618530273,17.749900817871094,16.871700286865234,17.0,14.21261978149414,50969
2022-11-09,17.139999389648438,17.139999389648438,16.75,16.90999984741211,14.137375831604004,26735
2022-11-10,17.25,18.059999465942383,17.149999618530273,17.899999618530273,14.965051651000977,67275
2022-11-11,18.020000457763672,18.799999237060547,18.0,18.399999618530273,15.383068084716797,48107
2022-11-14,18.530000686645508,18.689899444580078,18.25,18.3700008392334,15.357991218566895,23105
2022-11-15,18.389999389648438,18.940000534057617,18.389999389648438,18.899999618530273,15.801087379455566,28641
2022-11-16,18.969999313354492,18.969999313354492,18.5,18.5,15.4666748046875,34490
2022-11-17,18.219999313354492,18.354999542236328,17.6200008392334,17.969999313354492,15.023573875427246,47721
2022-11-18,18.1200008392334,18.1200008392334,17.799999237060547,17.969999313354492,15.023573875427246,15357
2022-11-21,18.100000381469727,18.200000762939453,17.829999923706055,17.84000015258789,14.914891242980957,11312
2022-11-22,17.93000030517578,18.200000762939453,17.850000381469727,18.09000015258789,15.123899459838867,29139
2022-11-23,18.209999084472656,18.479999542236328,18.1200008392334,18.290000915527344,15.291107177734375,17401
2022-11-25,18.3799991607666,18.479999542236328,18.290000915527344,18.389999389648438,15.374710083007812,9428
2022-11-28,18.459999084472656,18.459999084472656,18.116100311279297,18.174999237060547,15.194963455200195,18606
2022-11-29,18.18000030517578,18.377500534057617,18.020000457763672,18.260000228881836,15.266024589538574,39056
2022-11-30,17.969999313354492,17.979999542236328,17.40999984741211,17.829999923706055,15.259072303771973,71069
2022-12-01,17.899999618530273,18.290000915527344,17.899999618530273,18.139999389648438,15.524372100830078,20583
2022-12-02,18.18000030517578,18.280000686645508,17.649999618530273,17.65999984741211,15.113584518432617,45542
2022-12-05,17.8700008392334,17.8700008392334,17.209999084472656,17.280000686645508,14.788378715515137,33377
2022-12-06,17.5,17.520000457763672,17.049999237060547,17.25,14.762704849243164,23871
2022-12-07,17.209999084472656,17.350000381469727,17.010000228881836,17.1299991607666,14.660004615783691,31512
2022-12-08,17.030000686645508,17.358400344848633,17.030000686645508,17.299999237060547,14.805492401123047,49922
2022-12-09,17.299999237060547,17.400100708007812,16.8799991607666,16.90999984741211,14.47172737121582,56340
2022-12-12,16.940000534057617,17.100000381469727,16.799999237060547,16.834999084472656,14.40754222869873,29528
2022-12-13,17.299999237060547,17.389999389648438,17.0177001953125,17.31999969482422,14.822609901428223,59511
2022-12-14,17.329999923706055,17.600000381469727,17.010000228881836,17.31999969482422,14.822609901428223,40622
2022-12-15,17.25,17.579999923706055,17.229999542236328,17.465599060058594,14.947214126586914,42716
2022-12-16,17.489999771118164,17.510000228881836,17.110000610351562,17.25,14.762704849243164,24474
2022-12-19,17.3799991607666,17.3799991607666,17.079999923706055,17.15999984741211,14.685678482055664,35705
2022-12-20,17.100000381469727,17.149999618530273,16.739999771118164,16.739999771118164,14.326240539550781,66821
2022-12-21,16.760000228881836,16.81999969482422,16.6299991607666,16.719999313354492,14.309123992919922,50571
2022-12-22,16.6200008392334,16.790000915527344,16.360000610351562,16.7549991607666,14.33907699584961,83824
2022-12-23,16.75,17.059999465942383,16.549999237060547,16.739999771118164,14.326240539550781,137241
2022-12-27,16.75,16.780000686645508,16.5,16.634000778198242,14.235525131225586,65879
2022-12-28,16.65999984741211,17.009899139404297,16.610000610351562,16.649999618530273,14.249217987060547,170317
2022-12-29,16.68000030517578,17.170000076293945,16.68000030517578,16.889999389648438,14.454609870910645,53520
2022-12-30,16.899999618530273,17.25,16.899999618530273,17.149999618530273,14.67712116241455,53403
2023-01-03,17.350000381469727,17.8174991607666,17.270000457763672,17.729999542236328,15.173489570617676,38623
2023-01-04,17.8799991607666,18.118799209594727,17.729999542236328,18.049999237060547,15.44735050201416,41878
2023-01-05,18.049999237060547,18.200000762939453,17.850000381469727,18.149999618530273,15.532929420471191,36642
2023-01-06,18.229799270629883,18.43600082397461,17.98509979248047,18.030000686645508,15.430233001708984,29040
2023-01-09,18.030000686645508,18.420000076293945,18.030000686645508,18.270000457763672,15.635627746582031,35155
2023-01-10,18.200000762939453,18.350000381469727,18.054000854492188,18.350000381469727,15.704092979431152,24823
2023-01-11,18.31999969482422,18.68000030517578,18.219999313354492,18.40999984741211,15.755444526672363,46362
2023-01-12,18.450000762939453,18.860000610351562,18.15999984741211,18.770000457763672,16.063533782958984,57189
2023-01-13,18.692899703979492,19.084999084472656,18.604999542236328,18.899999618530273,16.174785614013672,60620
2023-01-17,18.969999313354492,19.18000030517578,18.809999465942383,18.988100051879883,16.250185012817383,34702
2023-01-18,19.040000915527344,19.700000762939453,19.040000915527344,19.152000427246094,16.390453338623047,38963
2023-01-19,19.139999389648438,19.450000762939453,18.89929962158203,19.25,16.474319458007812,41078
2023-01-20,19.290000915527344,19.395700454711914,18.987699508666992,19.302200317382812,16.518993377685547,38743
2023-01-23,19.3700008392334,19.420000076293945,19.1299991607666,19.1299991607666,16.371623992919922,41279
2023-01-24,19.200000762939453,19.649900436401367,19.200000762939453,19.399999618530273,16.602693557739258,21041
2023-01-25,19.450000762939453,19.57990074157715,19.314800262451172,19.314800262451172,16.52977752685547,14846
2023-01-26,19.31999969482422,19.489999771118164,19.309999465942383,19.360200881958008,16.56863021850586,23826
2023-01-27,19.420000076293945,19.704700469970703,19.38010025024414,19.600799560546875,16.774539947509766,30711
2023-01-30,19.65999984741211,19.749900817871094,19.479299545288086,19.749900817871094,16.902141571044922,16168
2023-01-31,19.75,19.850000381469727,19.512300491333008,19.850000381469727,16.987808227539062,28464
2023-02-01,19.84000015258789,20.219999313354492,19.6200008392334,20.0,17.116174697875977,32268
2023-02-02,20.22909927368164,20.450000762939453,19.989999771118164,20.420000076293945,17.475616455078125,37053
2023-02-03,20.389999389648438,20.75,20.229999542236328,20.420000076293945,17.475616455078125,47322
2023-02-06,20.40999984741211,20.40999984741211,20.100099563598633,20.170000076293945,17.26166534423828,25819
2023-02-07,20.239999771118164,20.3700008392334,19.739999771118164,19.91990089416504,17.047626495361328,23213
2023-02-08,20.170000076293945,20.170000076293945,19.72010040283203,19.86870002746582,17.003808975219727,30462
2023-02-09,20.030000686645508,20.239900588989258,19.8799991607666,20.050399780273438,17.15930938720703,23636
2023-02-10,19.940000534057617,20.179899215698242,19.940000534057617,20.110000610351562,17.210317611694336,9132
2023-02-13,20.09000015258789,20.280000686645508,20.002899169921875,20.07040023803711,17.176427841186523,14188
2023-02-14,20.139999389648438,20.25,19.651199340820312,19.999799728393555,17.116004943847656,26236
2023-02-15,20.0,20.0,19.710599899291992,19.979999542236328,17.09906005859375,22306
2023-02-16,19.899999618530273,20.18000030517578,19.850000381469727,19.988500595092773,17.10633659362793,17241
2023-02-17,19.950000762939453,20.25,19.950000762939453,20.15920066833496,17.252422332763672,16367
2023-02-21,20.170000076293945,20.170000076293945,19.520000457763672,19.63010025024414,16.79961395263672,37768
2023-02-22,19.860000610351562,19.93000030517578,19.399999618530273,19.579999923706055,16.756738662719727,22600
2023-02-23,19.709999084472656,19.969999313354492,19.399999618530273,19.549999237060547,16.731063842773438,29067
2023-02-24,19.649999618530273,19.966299057006836,19.5,19.850000381469727,16.987808227539062,20387
2023-02-27,20.0,20.489900588989258,20.0,20.299999237060547,17.3729190826416,39885
2023-02-28,20.030000686645508,20.1200008392334,19.604299545288086,20.059999465942383,17.531871795654297,51674
2023-03-01,19.9325008392334,19.989999771118164,19.640100479125977,19.728300094604492,17.241975784301758,33146
2023-03-02,19.649999618530273,19.684999465942383,19.222000122070312,19.284000396728516,16.85367202758789,23488
2023-03-03,19.350000381469727,19.729999542236328,19.350000381469727,19.520000457763672,17.05992889404297,26843
2023-03-06,19.530000686645508,19.684999465942383,19.299999237060547,19.299999237060547,16.867652893066406,21225
2023-03-07,19.219999313354492,19.510000228881836,18.84000015258789,19.1299991607666,16.719079971313477,37830
2023-03-08,18.90999984741211,18.984699249267578,18.6200008392334,18.75,16.3869686126709,26313
2023-03-09,18.700000762939453,18.959999084472656,17.59000015258789,18.010000228881836,15.740229606628418,50903
2023-03-10,18.0,18.469999313354492,17.649999618530273,17.869400024414062,15.617349624633789,29462
2023-03-13,16.899999618530273,17.5,16.6200008392334,16.75,14.639026641845703,94963
2023-03-14,17.010000228881836,17.45989990234375,16.90999984741211,16.979999542236328,14.840039253234863,37060
2023-03-15,16.969999313354492,18.68000030517578,16.850000381469727,17.1200008392334,14.962396621704102,67337
2023-03-16,17.200000762939453,18.290000915527344,17.079999923706055,18.030000686645508,15.757709503173828,27614
2023-03-17,17.700000762939453,17.709999084472656,16.979999542236328,17.186899185180664,15.020864486694336,20525
2023-03-20,17.100000381469727,17.270000457763672,16.899999618530273,16.979999542236328,14.840039253234863,18465
2023-03-21,17.18000030517578,17.399999618530273,17.010000228881836,17.239999771118164,15.067273139953613,7968
2023-03-22,17.389999389648438,17.75,17.190799713134766,17.360700607299805,15.172761917114258,9387
2023-03-23,17.200000762939453,17.549999237060547,16.899999618530273,16.954999923706055,14.818191528320312,10045
2023-03-24,16.90999984741211,17.179899215698242,16.780000686645508,17.137100219726562,14.977339744567871,17751
2023-03-27,17.15999984741211,17.420000076293945,17.0,17.11009979248047,14.953744888305664,42406
2023-03-28,17.15999984741211,17.84000015258789,17.15999984741211,17.459999084472656,15.259546279907227,15695
2023-03-29,17.399999618530273,17.77989959716797,17.399999618530273,17.739999771118164,15.504256248474121,11470
2023-03-30,17.850000381469727,18.360000610351562,17.80500030517578,18.299999237060547,15.993680953979492,20939
2023-03-31,18.31999969482422,18.700000762939453,18.180599212646484,18.5,16.16847801208496,33073
2023-04-03,18.600000381469727,18.600000381469727,17.709999084472656,18.09000015258789,15.810149192810059,33912
2023-04-04,18.09000015258789,18.25,17.84000015258789,18.10610008239746,15.82421875,15092
2023-04-05,17.90999984741211,18.0,17.68000030517578,17.75,15.512999534606934,16894
2023-04-06,17.889999389648438,17.889999389648438,17.600000381469727,17.799999237060547,15.556695938110352,10347
2023-04-10,17.8700008392334,17.979999542236328,17.540000915527344,17.540000915527344,15.329463958740234,9409
2023-04-11,17.579999923706055,17.709299087524414,17.31999969482422,17.5,15.294506072998047,49459
2023-04-12,17.600000381469727,17.739999771118164,17.479999542236328,17.670000076293945,15.44307804107666,15526
2023-04-13,17.709999084472656,18.020000457763672,17.450000762939453,17.450000762939453,15.250807762145996,13994
2023-04-14,17.540000915527344,17.899999618530273,17.424999237060547,17.6299991607666,15.408119201660156,52547
2023-04-17,17.799999237060547,17.799999237060547,17.520000457763672,17.6200008392334,15.399383544921875,13853
2023-04-18,17.708200454711914,17.708200454711914,17.450000762939453,17.489999771118164,15.285765647888184,67670
2023-04-19,17.5,17.68000030517578,17.5,17.59000015258789,15.373163223266602,17750
2023-04-20,17.809999465942383,17.809999465942383,17.549999237060547,17.600000381469727,15.381903648376465,13950
2023-04-21,17.700000762939453,17.780000686645508,17.360000610351562,17.360000610351562,15.172151565551758,33742
2023-04-24,17.479999542236328,17.546199798583984,17.25,17.350000381469727,15.163410186767578,10499
2023-04-25,17.309999465942383,17.639999389648438,17.309999465942383,17.639999389648438,15.416860580444336,16367
2023-04-26,17.700000762939453,17.850000381469727,17.627399444580078,17.740100860595703,15.504345893859863,8746
2023-04-27,17.760000228881836,17.940000534057617,17.760000228881836,17.899999618530273,15.644092559814453,5970
2023-04-28,17.739999771118164,18.389999389648438,17.739999771118164,18.3700008392334,16.054861068725586,56422
2023-05-01,18.309999465942383,18.459999084472656,18.170000076293945,18.420000076293945,16.098560333251953,15042
2023-05-02,18.420000076293945,18.420000076293945,17.740100860595703,17.920000076293945,15.661572456359863,21417
2023-05-03,17.92060089111328,18.190000534057617,17.850000381469727,17.940000534057617,15.67905330657959,18623
2023-05-04,17.889999389648438,18.054500579833984,17.399999618530273,17.530000686645508,15.320724487304688,25723
2023-05-05,17.770000457763672,18.197500228881836,17.540000915527344,17.56999969482422,15.355683326721191,14625
2023-05-08,17.719999313354492,17.719999313354492,17.35460090637207,17.609899520874023,15.390556335449219,9169
2023-05-09,17.649999618530273,17.777299880981445,17.31999969482422,17.350000381469727,15.163410186767578,12244
2023-05-10,17.450000762939453,17.489999771118164,17.299999237060547,17.299999237060547,15.119709968566895,14167
2023-05-11,17.350000381469727,17.489999771118164,17.150100708007812,17.299999237060547,15.119709968566895,11241
2023-05-12,17.350000381469727,17.699899673461914,17.350000381469727,17.3700008392334,15.180890083312988,9107
2023-05-15,17.149999618530273,17.43000030517578,17.149999618530273,17.264999389648438,15.089120864868164,19916
2023-05-16,17.299999237060547,17.59000015258789,17.25,17.350000381469727,15.163410186767578,24897
2023-05-17,17.610000610351562,17.610000610351562,17.200000762939453,17.456499099731445,15.256485939025879,8972
2023-05-18,17.5,17.809900283813477,17.440000534057617,17.649999618530273,15.425599098205566,20040
2023-05-19,17.540000915527344,17.84630012512207,17.450000762939453,17.709999084472656,15.478038787841797,15209
2023-05-22,17.65999984741211,18.09000015258789,17.65999984741211,17.815000534057617,15.569808006286621,14201
2023-05-23,17.81999969482422,18.100000381469727,17.5,17.88010025024414,15.626701354980469,11389
2023-05-24,17.8799991607666,17.989999771118164,17.780000686645508,17.83009910583496,15.583003044128418,15445
2023-05-25,17.700000762939453,17.949899673461914,17.399999618530273,17.440000534057617,15.242066383361816,22443
2023-05-26,17.40999984741211,17.709999084472656,17.31060028076172,17.459999084472656,15.259546279907227,17083
2023-05-30,17.6200008392334,17.850000381469727,17.3799991607666,17.83989906311035,15.591567039489746,27687
2023-05-31,17.520000457763672,18.450000762939453,17.219999313354492,18.280000686645508,16.3631591796875,75795
2023-06-01,18.190000534057617,18.469999313354492,17.62299919128418,18.200000762939453,16.291545867919922,33338
2023-06-02,18.200000762939453,18.399999618530273,18.079999923706055,18.360000610351562,16.434768676757812,14269
2023-06-05,18.360000610351562,18.40999984741211,18.280000686645508,18.40999984741211,16.479524612426758,13780
2023-06-06,18.489999771118164,18.489999771118164,17.959999084472656,18.31999969482422,16.39896011352539,13787
2023-06-07,18.31999969482422,18.39620018005371,18.1299991607666,18.139999389648438,16.237836837768555,19469
2023-06-08,18.3700008392334,18.3700008392334,18.059999465942383,18.170000076293945,16.264692306518555,11831
2023-06-09,18.239999771118164,18.323999404907227,18.1200008392334,18.170000076293945,16.264692306518555,5861
2023-06-12,18.31999969482422,18.34000015258789,18.059999465942383,18.209999084472656,16.300495147705078,26647
2023-06-13,18.280000686645508,18.3799991607666,18.178699493408203,18.229999542236328,16.31839942932129,14299
2023-06-14,18.149999618530273,18.25749969482422,18.06999969482422,18.200000762939453,16.291545867919922,7436
2023-06-15,18.25,18.41349983215332,18.219999313354492,18.219999313354492,16.309446334838867,20503
2023-06-16,18.25,18.399900436401367,18.200000762939453,18.229999542236328,16.31839942932129,16895
2023-06-20,18.299999237060547,18.399999618530273,18.049999237060547,18.049999237060547,16.15727424621582,22899
2023-06-21,18.149999618530273,18.299999237060547,18.100000381469727,18.149999618530273,16.246788024902344,13100
2023-06-22,18.030000686645508,18.190000534057617,17.950000762939453,18.049999237060547,16.15727424621582,13423
2023-06-23,18.049999237060547,18.200000762939453,17.899999618530273,18.09000015258789,16.19308090209961,7765
2023-06-26,18.200000762939453,18.200000762939453,18.0,18.032800674438477,16.141878128051758,8325
2023-06-27,18.030000686645508,18.200000762939453,17.850000381469727,17.979999542236328,16.094614028930664,23922
2023-06-28,18.200000762939453,18.200000762939453,17.98870086669922,18.079999923706055,16.18412971496582,12375
2023-06-29,18.049999237060547,18.149999618530273,17.850000381469727,18.010000228881836,16.121469497680664,10286
2023-06-30,17.920000076293945,19.049999237060547,17.920000076293945,18.940000534057617,16.953948974609375,81300
2023-07-03,18.690000534057617,19.0,18.559999465942383,18.780000686645508,16.810726165771484,23033
2023-07-05,18.610000610351562,18.6200008392334,18.219999313354492,18.290000915527344,16.372108459472656,36076
2023-07-06,18.219999313354492,18.410499572753906,18.079999923706055,18.15999984741211,16.255739212036133,15116
2023-07-07,18.149999618530273,18.360000610351562,18.13010025024414,18.329999923706055,16.407913208007812,4677
2023-07-10,18.290000915527344,18.299999237060547,18.15999984741211,18.290000915527344,16.372108459472656,14826
2023-07-11,18.25,18.75,18.239999771118164,18.739999771118164,16.774919509887695,35855
2023-07-12,18.75,18.8799991607666,18.520000457763672,18.549999237060547,16.60484504699707,25754
2023-07-13,18.5,18.690000534057617,18.489999771118164,18.56999969482422,16.62274742126465,16689
2023-07-14,18.68000030517578,18.68000030517578,18.389999389648438,18.479999542236328,16.542184829711914,10300
2023-07-17,18.399999618530273,18.559999465942383,18.28809928894043,18.549999237060547,16.60484504699707,23241
2023-07-18,18.59000015258789,18.799999237060547,18.309999465942383,18.399999618530273,16.470571517944336,54634
2023-07-19,18.549999237060547,18.549999237060547,18.38990020751953,18.43000030517578,16.49742889404297,9044
2023-07-20,18.479999542236328,18.551300048828125,18.350000381469727,18.510000228881836,16.569040298461914,14144
2023-07-21,18.68000030517578,18.68000030517578,18.459999084472656,18.600000381469727,16.649600982666016,9921
2023-07-24,18.68000030517578,18.68000030517578,18.45009994506836,18.56999969482422,16.62274742126465,12541
2023-07-25,18.690000534057617,18.979999542236328,18.5,18.979999542236328,16.98975372314453,48270
2023-07-26,19.040000915527344,19.44499969482422,18.979999542236328,19.1299991607666,17.124025344848633,33238
2023-07-27,19.1299991607666,19.371400833129883,18.799999237060547,18.799999237060547,16.828628540039062,28562
2023-07-28,19.0,19.190000534057617,18.81999969482422,18.899999618530273,16.918142318725586,30148
2023-07-31,18.90999984741211,19.260000228881836,18.90999984741211,19.049999237060547,17.052413940429688,19820
2023-08-01,19.1200008392334,19.266599655151367,19.045000076293945,19.06599998474121,17.066734313964844,11287
2023-08-02,19.0,19.1299991607666,18.809999465942383,18.909900665283203,16.927005767822266,16079
2023-08-03,18.84000015258789,18.91080093383789,18.34000015258789,18.405000686645508,16.47504997253418,66197
2023-08-04,18.549999237060547,18.670000076293945,18.260000228881836,18.35379981994629,16.429218292236328,74360
2023-08-07,18.3799991607666,18.729299545288086,18.250499725341797,18.391000747680664,16.462520599365234,19627
2023-08-08,18.559999465942383,18.6299991607666,18.235000610351562,18.420000076293945,16.488475799560547,48895
2023-08-09,18.450000762939453,18.749900817871094,18.350000381469727,18.48819923400879,16.549524307250977,31278
2023-08-10,18.489999771118164,18.778900146484375,18.489999771118164,18.5,16.56008529663086,35063
2023-08-11,18.600000381469727,18.600000381469727,18.399999618530273,18.5,16.56008529663086,8808
2023-08-14,18.700000762939453,18.79759979248047,18.299999237060547,18.600000381469727,16.649600982666016,36091
2023-08-15,18.610000610351562,18.718399047851562,18.450000762939453,18.68000030517578,16.721214294433594,24383
2023-08-16,18.670000076293945,18.739999771118164,18.420000076293945,18.579999923706055,16.631698608398438,27022
2023-08-17,18.600000381469727,18.665000915527344,18.492300033569336,18.600000381469727,16.649600982666016,28775
2023-08-18,18.600000381469727,18.850000381469727,18.581600189208984,18.600000381469727,16.649600982666016,23032
2023-08-21,18.729999542236328,18.729999542236328,18.399999618530273,18.545000076293945,16.60036849975586,15226
2023-08-22,18.5,18.525800704956055,18.399999618530273,18.399999618530273,16.470571517944336,4981
2023-08-23,18.450000762939453,18.649999618530273,18.320100784301758,18.450000762939453,16.51533317565918,57204
2023-08-24,18.40999984741211,18.61989974975586,18.40999984741211,18.509899139404297,16.56894874572754,4833
2023-08-25,18.40999984741211,18.657800674438477,18.344999313354492,18.6200008392334,16.667505264282227,18884
2023-08-28,18.43000030517578,18.719999313354492,18.360000610351562,18.540000915527344,16.59589385986328,59398
2023-08-29,18.600000381469727,18.719999313354492,18.540000915527344,18.610000610351562,16.658554077148438,39541
2023-08-30,18.690000534057617,18.690000534057617,18.48200035095215,18.489999771118164,16.551136016845703,20670
2023-08-31,18.299999237060547,18.34000015258789,18.040000915527344,18.280000686645508,16.745223999023438,64146
2023-09-01,18.420000076293945,18.479999542236328,18.18000030517578,18.479999542236328,16.928430557250977,16394
2023-09-05,18.5,18.5,18.1299991607666,18.34000015258789,16.80018424987793,20531
2023-09-06,18.15999984741211,18.299999237060547,18.020000457763672,18.270000457763672,16.736061096191406,17182
2023-09-07,18.3700008392334,18.43000030517578,18.239999771118164,18.260000228881836,16.72690200805664,11906
2023-09-08,18.299999237060547,18.440000534057617,18.25,18.25,16.717741012573242,26761
2023-09-11,18.209999084472656,18.31999969482422,18.010499954223633,18.030000686645508,16.516212463378906,23509
2023-09-12,18.0,18.139999389648438,17.799999237060547,17.950000762939453,16.442928314208984,40044
2023-09-13,17.950000762939453,18.149999618530273,17.950000762939453,18.040000915527344,16.525371551513672,5241
2023-09-14,18.23270034790039,18.440000534057617,18.139999389648438,18.25,16.717741012573242,21889
2023-09-15,18.25,18.398099899291992,18.164100646972656,18.398099899291992,16.85340690612793,7162
2023-09-18,18.389999389648438,18.389999389648438,18.09000015258789,18.09000015258789,16.57117462158203,17366
2023-09-19,18.299999237060547,18.299999237060547,18.056100845336914,18.180099487304688,16.653709411621094,9569
2023-09-20,18.190000534057617,18.34000015258789,18.148000717163086,18.190000534057617,16.662778854370117,8261
2023-09-21,18.1200008392334,18.1200008392334,17.90220069885254,18.020000457763672,16.507051467895508,11125
2023-09-22,18.105600357055664,18.259000778198242,17.799999237060547,17.90999984741211,16.406288146972656,34490
2023-09-25,17.799999237060547,18.127399444580078,17.770000457763672,17.889999389648438,16.387964248657227,13584
2023-09-26,17.950000762939453,18.0,17.549999237060547,17.549999237060547,16.07651138305664,16754
2023-09-27,17.600000381469727,17.930299758911133,17.3700008392334,17.45800018310547,15.99223804473877,12068
2023-09-28,17.34000015258789,17.561800003051758,17.310199737548828,17.540000915527344,16.067352294921875,16334
2023-09-29,17.5,17.600000381469727,17.3218994140625,17.520000457763672,16.049030303955078,19748
2023-10-02,17.389999389648438,17.469999313354492,17.149999618530273,17.239999771118164,15.792539596557617,13947
2023-10-03,17.200000762939453,17.209999084472656,16.780000686645508,16.8799991607666,15.462764739990234,26619
2023-10-04,17.0,17.207399368286133,16.760000228881836,17.059999465942383,15.627652168273926,16759
2023-10-05,17.139999389648438,17.139999389648438,17.0,17.049999237060547,15.618492126464844,11298
2023-10-06,16.889999389648438,17.18000030517578,16.889999389648438,17.020000457763672,15.591011047363281,30902
2023-10-09,16.829999923706055,17.3799991607666,16.829999923706055,17.350000381469727,15.893304824829102,16627
2023-10-10,17.399999618530273,17.565000534057617,17.299999237060547,17.40999984741211,15.948266983032227,16734
2023-10-11,17.600000381469727,17.600000381469727,17.209999084472656,17.389999389648438,15.929944038391113,29722
2023-10-12,17.43000030517578,17.43000030517578,17.15999984741211,17.3700008392334,15.911625862121582,18232
2023-10-13,17.3799991607666,17.3799991607666,17.0,17.15999984741211,15.719254493713379,27127
2023-10-16,17.399999618530273,17.399999618530273,16.899999618530273,16.899999618530273,15.481084823608398,23608
2023-10-17,16.889999389648438,16.989999771118164,16.719999313354492,16.790000915527344,15.380321502685547,30881
2023-10-18,16.850000381469727,16.850000381469727,16.510000228881836,16.61989974975586,15.224502563476562,31741
2023-10-19,16.700000762939453,16.700000762939453,16.219999313354492,16.3799991607666,15.004743576049805,45334
2023-10-20,16.299999237060547,16.47570037841797,16.299999237060547,16.420000076293945,15.041387557983398,20800
2023-10-23,16.389999389648438,16.489900588989258,16.25,16.443199157714844,15.062637329101562,12226
2023-10-24,16.459999084472656,16.68000030517578,16.309999465942383,16.559999465942383,15.169631004333496,20102
2023-10-25,16.601499557495117,16.659900665283203,16.37019920349121,16.400100708007812,15.023158073425293,12429
2023-10-26,16.51799964904785,16.530000686645508,16.34000015258789,16.34000015258789,14.968103408813477,6943
2023-10-27,16.40999984741211,16.54990005493164,16.040000915527344,16.260000228881836,14.894820213317871,77288
2023-10-30,16.32430076599121,16.375200271606445,16.149999618530273,16.299999237060547,14.9314603805542,29719
2023-10-31,16.309999465942383,16.479999542236328,16.229999542236328,16.40999984741211,15.032224655151367,67943
2023-11-01,16.399999618530273,16.8700008392334,16.385000228881836,16.8700008392334,15.453606605529785,58113
2023-11-02,17.0,17.31999969482422,17.0,17.299999237060547,15.847501754760742,43978
2023-11-03,17.420000076293945,17.670000076293945,17.399999618530273,17.469999313354492,16.00322723388672,25934
2023-11-06,17.549999237060547,17.6299991607666,17.340099334716797,17.600000381469727,16.122314453125,36390
2023-11-07,17.549999237060547,17.809999465942383,17.31999969482422,17.75,16.259721755981445,13303
2023-11-08,17.84000015258789,17.84000015258789,17.459999084472656,17.65999984741211,16.177276611328125,20694
2023-11-09,17.530000686645508,17.760000228881836,17.181699752807617,17.200000762939453,15.755900382995605,18779
2023-11-10,17.219999313354492,17.54170036315918,17.139999389648438,17.43000030517578,15.966588020324707,20598
2023-11-13,17.43000030517578,17.52989959716797,17.170000076293945,17.299999237060547,15.847501754760742,22225
2023-11-14,17.540000915527344,17.8700008392334,17.401399612426758,17.8700008392334,16.369644165039062,28778
2023-11-15,17.860000610351562,17.860000610351562,17.530000686645508,17.75,16.259721755981445,13872
2023-11-16,17.760000228881836,17.8700008392334,17.450000762939453,17.489999771118164,16.021549224853516,24809
2023-11-17,17.489999771118164,17.719900131225586,17.442800521850586,17.610000610351562,16.1314754486084,13822
2023-11-20,17.559999465942383,17.690000534057617,17.299999237060547,17.468900680541992,16.002222061157227,17071
2023-11-21,17.549999237060547,17.637399673461914,17.309999465942383,17.328699111938477,15.87379264831543,22222
2023-11-22,17.510000228881836,17.559999465942383,17.360000610351562,17.360000610351562,15.902463912963867,30223
2023-11-24,17.469999313354492,17.479999542236328,17.271900177001953,17.45989990234375,15.993976593017578,6257
2023-11-27,17.5,17.649999618530273,17.350000381469727,17.649999618530273,16.168115615844727,17876
2023-11-28,17.649999618530273,17.850000381469727,17.599000930786133,17.690000534057617,16.204757690429688,12944
2023-11-29,17.719999313354492,18.15999984741211,17.709999084472656,18.15999984741211,16.635295867919922,39883
2023-11-30,17.739999771118164,18.489999771118164,17.739999771118164,18.469999313354492,17.32166862487793,48574
2023-12-01,18.25,18.63290023803711,18.000600814819336,18.6200008392334,17.462345123291016,23478
2023-12-04,18.469999313354492,18.850000381469727,18.200000762939453,18.670000076293945,17.509235382080078,31119
2023-12-05,18.719999313354492,18.719999313354492,18.33300018310547,18.43000030517578,17.28415870666504,24627
2023-12-06,18.450000762939453,18.450000762939453,18.200000762939453,18.350000381469727,17.209131240844727,18930
2023-12-07,18.350000381469727,18.399999618530273,18.210100173950195,18.25,17.115346908569336,28555
2023-12-08,18.34000015258789,18.34000015258789,18.0,18.260000228881836,17.124727249145508,27935
2023-12-11,18.280000686645508,18.45509910583496,18.100000381469727,18.25,17.115346908569336,32503
2023-12-12,18.3700008392334,18.479900360107422,18.03499984741211,18.059999465942383,16.93716049194336,17034
2023-12-13,18.170000076293945,18.5,18.096900939941406,18.25,17.115346908569336,18781
2023-12-14,18.440000534057617,19.100000381469727,18.440000534057617,18.8700008392334,17.696802139282227,43392
2023-12-15,18.940000534057617,18.989900588989258,18.75,18.809999465942383,17.640531539916992,43224
2023-12-18,18.75,19.190000534057617,18.75,19.190000534057617,17.996906280517578,16827
2023-12-19,19.139999389648438,19.399999618530273,19.0,19.135000228881836,17.94532585144043,32845
2023-12-20,19.209999084472656,19.440000534057617,19.049999237060547,19.09000015258789,17.903121948242188,27850
2023-12-21,19.110000610351562,19.260000228881836,18.959999084472656,19.030000686645508,17.846853256225586,19806
2023-12-22,18.959999084472656,19.38990020751953,18.959999084472656,19.1200008392334,17.931257247924805,26574
2023-12-26,19.1299991607666,19.440000534057617,19.010000228881836,19.1200008392334,17.931257247924805,32518
2023-12-27,19.41990089416504,19.709999084472656,19.21500015258789,19.690000534057617,18.465818405151367,23799
2023-12-28,19.600000381469727,19.649999618530273,19.332000732421875,19.489999771118164,18.27825355529785,15301
2023-12-29,19.38249969482422,19.700000762939453,19.170000076293945,19.559999465942383,18.343902587890625,31634
2024-01-02,19.299999237060547,19.544700622558594,19.200000762939453,19.399999618530273,18.193849563598633,15681
2024-01-03,19.389999389648438,19.40999984741211,19.110000610351562,19.260000228881836,18.06255340576172,9868
2024-01-04,19.405000686645508,19.405000686645508,19.139999389648438,19.15999984741211,17.96877098083496,16831
2024-01-05,19.229999542236328,19.530000686645508,18.950000762939453,19.06999969482422,17.884366989135742,20641
2024-01-08,19.1299991607666,19.223400115966797,18.850000381469727,19.110000610351562,17.9218807220459,18474
2024-01-09,19.100000381469727,19.456600189208984,19.03499984741211,19.209999084472656,18.015661239624023,9345
2024-01-10,19.34000015258789,19.440000534057617,19.325000762939453,19.34000015258789,18.1375789642334,5622
2024-01-11,19.450000762939453,19.5,19.200000762939453,19.5,18.28763198852539,8204
2024-01-12,19.399999618530273,19.549999237060547,19.399999618530273,19.48710060119629,18.275535583496094,6837
2024-01-16,19.489999771118164,19.489999771118164,19.239999771118164,19.420000076293945,18.21260643005371,14718
2024-01-17,19.40999984741211,19.449899673461914,19.225000381469727,19.239999771118164,18.043798446655273,13843
2024-01-18,19.239999771118164,19.399999618530273,19.145000457763672,19.170000076293945,17.978147506713867,15000
2024-01-19,19.299999237060547,19.3799991607666,19.100000381469727,19.3799991607666,18.175090789794922,15343
2024-01-22,19.389999389648438,19.415000915527344,19.25,19.3700008392334,18.165714263916016,8696
2024-01-23,19.219999313354492,19.389999389648438,19.219999313354492,19.37470054626465,18.170122146606445,8257
2024-01-24,19.399999618530273,19.439899444580078,19.31879997253418,19.3799991607666,18.175090789794922,9819
2024-01-25,19.450000762939453,19.45009994506836,19.399900436401367,19.450000762939453,18.240739822387695,11559
2024-01-26,19.472000122070312,19.809999465942383,19.405000686645508,19.595300674438477,18.37700653076172,27803
2024-01-29,19.649999618530273,19.677099227905273,19.399999618530273,19.639400482177734,18.418365478515625,16347
2024-01-30,19.530000686645508,19.799999237060547,19.43000030517578,19.67300033569336,18.44987678527832,22301
2024-01-31,19.670000076293945,19.899900436401367,19.5851993560791,19.600000381469727,18.38141441345215,30550
2024-02-01,19.760000228881836,19.809999465942383,19.6200008392334,19.809999465942383,18.57835578918457,13585
2024-02-02,19.75,19.809999465942383,19.6299991607666,19.809999465942383,18.57835578918457,10268
2024-02-05,19.75,19.75,19.610000610351562,19.699899673461914,18.475101470947266,16072
2024-02-06,19.660400390625,19.75,19.63050079345703,19.739999771118164,18.512710571289062,5738
2024-02-07,19.719999313354492,19.719999313354492,19.559999465942383,19.600000381469727,18.38141441345215,7560
2024-02-08,19.600000381469727,19.732999801635742,19.530000686645508,19.66160011291504,18.43918228149414,7778
2024-02-09,19.739999771118164,19.809999465942383,19.639999389648438,19.760000228881836,18.53146743774414,20585
2024-02-12,19.799999237060547,19.8799991607666,19.580799102783203,19.729999542236328,18.50333023071289,31793
2024-02-13,19.729999542236328,19.739999771118164,19.448200225830078,19.540000915527344,18.325145721435547,12932
2024-02-14,19.690000534057617,19.8700008392334,19.549999237060547,19.739999771118164,18.512710571289062,9991
2024-02-15,19.739999771118164,20.059999465942383,19.559999465942383,19.920000076293945,18.681520462036133,30520
2024-02-16,19.920000076293945,20.049999237060547,19.780000686645508,19.93000030517578,18.69089698791504,8029
2024-02-20,19.860000610351562,19.960899353027344,19.760000228881836,19.849700927734375,18.615591049194336,9974
2024-02-21,19.799999237060547,19.881799697875977,19.579999923706055,19.790000915527344,18.559602737426758,21259
2024-02-22,19.763200759887695,19.93000030517578,19.763200759887695,19.899999618530273,18.662761688232422,10672
2024-02-23,19.809999465942383,20.049999237060547,19.809999465942383,20.049999237060547,18.803436279296875,16283
2024-02-26,19.969999313354492,20.100000381469727,19.959999084472656,20.06999969482422,18.822193145751953,16275
2024-02-27,20.100000381469727,20.1466007232666,19.93000030517578,19.99799919128418,18.754671096801758,14977
2024-02-28,19.959999084472656,20.100000381469727,19.93079948425293,20.014999389648438,18.770612716674805,13413
2024-02-29,19.860000610351562,19.920000076293945,19.520000457763672,19.600000381469727,18.777198791503906,40150
2024-03-01,19.634000778198242,19.649999618530273,19.34000015258789,19.43000030517578,18.614336013793945,20679
2024-03-04,19.520000457763672,19.520000457763672,19.150100708007812,19.219999313354492,18.413150787353516,24405
2024-03-05,19.149999618530273,19.209999084472656,19.03499984741211,19.170000076293945,18.365249633789062,16687
2024-03-06,19.270000457763672,19.360000610351562,19.100000381469727,19.270000457763672,18.46105194091797,14749
2024-03-07,19.299999237060547,19.520000457763672,19.13010025024414,19.260000228881836,18.451473236083984,24172
2024-03-08,19.209999084472656,19.399999618530273,19.139999389648438,19.239999771118164,18.43231201171875,8479
2024-03-11,19.389999389648438,19.389999389648438,19.170000076293945,19.280000686645508,18.470632553100586,12787
2024-03-12,19.299999237060547,19.350000381469727,19.1200008392334,19.299999237060547,18.489791870117188,8709
2024-03-13,19.299999237060547,19.450000762939453,19.229999542236328,19.427499771118164,18.611940383911133,7015
2024-03-14,19.399999618530273,19.459999084472656,19.255199432373047,19.389999389648438,18.57601547241211,14178
2024-03-15,19.469999313354492,19.499900817871094,19.3700008392334,19.399999618530273,18.585594177246094,16010
2024-03-18,19.399999618530273,19.40999984741211,19.309999465942383,19.329999923706055,18.518531799316406,17594
2024-03-19,19.376699447631836,19.559999465942383,19.329999923706055,19.559999465942383,18.73887825012207,33479
2024-03-20,19.559999465942383,19.799999237060547,19.440900802612305,19.739999771118164,18.91132164001465,16493
2024-03-21,19.84000015258789,19.860000610351562,19.5,19.6200008392334,18.79636001586914,17268
2024-03-22,19.639999389648438,19.75,19.639999389648438,19.725000381469727,18.89695167541504,6143
2024-03-25,19.6200008392334,19.699399948120117,19.609399795532227,19.639999389648438,18.815519332885742,9641
2024-03-26,19.549999237060547,19.739900588989258,19.520000457763672,19.559999465942383,18.73887825012207,7541
2024-03-27,19.559999465942383,19.600000381469727,19.479999542236328,19.530000686645508,18.71013832092285,33582
2024-03-28,19.600000381469727,19.680999755859375,18.90999984741211,19.040000915527344,18.24070930480957,65636
2024-04-01,19.1200008392334,19.236900329589844,19.0,19.174999237060547,18.370038986206055,29940
2024-04-02,19.110000610351562,19.149999618530273,19.0049991607666,19.079999923706055,18.279027938842773,20037
2024-04-03,18.950000762939453,19.149999618530273,18.950000762939453,19.1200008392334,18.317350387573242,18818
2024-04-04,19.25,19.309999465942383,19.15999984741211,19.15999984741211,18.355670928955078,12755
2024-04-05,19.229999542236328,19.290000915527344,19.190000534057617,19.200000762939453,18.393991470336914,7579
2024-04-08,19.260000228881836,19.389999389648438,19.25,19.3799991607666,18.56643295288086,34882
2024-04-09,19.399999618530273,19.420000076293945,19.329999923706055,19.420000076293945,18.604755401611328,16307
2024-04-10,19.309999465942383,19.413799285888672,19.291000366210938,19.320100784301758,18.509050369262695,16445
2024-04-11,19.399999618530273,19.399999618530273,19.25,19.309999465942383,18.499372482299805,10902
2024-04-12,19.414400100708008,19.459999084472656,19.346799850463867,19.360000610351562,18.54727554321289,13012
2024-04-15,19.3799991607666,19.3799991607666,19.020000457763672,19.020000457763672,18.221548080444336,26488
2024-04-16,19.0,19.170000076293945,18.75,18.809999465942383,18.020362854003906,84082
2024-04-17,18.84000015258789,18.989900588989258,18.809999465942383,18.809999465942383,18.020362854003906,14436
2024-04-18,18.899999618530273,18.93000030517578,18.690000534057617,18.760000228881836,17.972461700439453,11268
2024-04-19,18.770000457763672,19.170000076293945,18.770000457763672,19.170000076293945,18.365249633789062,10924
2024-04-22,19.170000076293945,19.170000076293945,18.940000534057617,19.049999237060547,18.250286102294922,29250
2024-04-23,19.0,19.40999984741211,19.0,19.3125,18.501768112182617,54412
2024-04-24,19.18000030517578,19.319000244140625,19.1299991607666,19.200000762939453,18.393991470336914,21157
2024-04-25,19.09000015258789,19.25,19.000200271606445,19.14739990234375,18.343599319458008,15794
2024-04-26,19.06999969482422,19.200000762939453,18.770000457763672,18.799999237060547,18.01078224182129,20403
2024-04-29,18.850000381469727,19.09000015258789,18.850000381469727,18.88990020751953,18.096908569335938,11727
2024-04-30,18.959999084472656,18.959999084472656,18.809999465942383,18.850000381469727,18.058683395385742,13173
2024-05-01,18.850000381469727,19.155500411987305,18.850000381469727,19.09000015258789,18.28860855102539,15201
2024-05-02,19.100000381469727,19.190000534057617,18.90999984741211,19.100000381469727,18.298189163208008,22669
2024-05-03,19.139999389648438,19.230199813842773,19.06999969482422,19.20669937133789,18.400409698486328,19541
2024-05-06,19.209999084472656,19.309999465942383,19.149999618530273,19.239999771118164,18.43231201171875,29021
2024-05-07,19.239999771118164,19.420000076293945,19.192800521850586,19.239900588989258,18.43221664428711,33007
2024-05-08,19.309999465942383,19.35070037841797,19.040000915527344,19.094999313354492,18.293397903442383,33045
2024-05-09,19.09000015258789,19.229999542236328,18.93000030517578,19.149999618530273,18.346088409423828,13694
2024-05-10,19.209999084472656,19.290000915527344,19.040000915527344,19.049999237060547,18.250286102294922,15970
2024-05-13,19.049999237060547,19.290000915527344,19.010000228881836,19.12700080871582,18.324054718017578,35393
2024-05-14,19.25,19.26740074157715,19.110000610351562,19.22760009765625,18.420433044433594,35285
2024-05-15,19.299999237060547,19.459999084472656,19.24329948425293,19.3700008392334,18.556854248046875,22544
2024-05-16,19.450000762939453,19.450000762939453,19.280000686645508,19.329999923706055,18.518531799316406,25355
2024-05-17,19.25,19.479999542236328,19.25,19.399999618530273,18.585594177246094,47932
2024-05-20,19.399999618530273,19.506399154663086,19.25,19.439899444580078,18.62381935119629,47803
2024-05-21,19.520000457763672,19.530000686645508,19.290000915527344,19.323400497436523,18.512210845947266,48204
2024-05-22,19.329999923706055,19.350000381469727,19.1387996673584,19.149999618530273,18.346088409423828,18889
2024-05-23,19.209999084472656,19.329999923706055,19.149999618530273,19.260000228881836,18.451473236083984,20570
2024-05-24,19.260000228881836,19.56999969482422,19.209999084472656,19.40999984741211,18.595176696777344,90976
2024-05-28,19.350000381469727,19.579599380493164,19.315000534057617,19.43000030517578,18.614336013793945,29019
2024-05-29,19.43000030517578,19.5,19.290000915527344,19.489999771118164,18.671817779541016,61469
2024-05-30,19.489999771118164,19.585800170898438,19.329999923706055,19.469999313354492,18.65265655517578,63041
2024-05-31,19.139999389648438,19.25,18.8799991607666,19.049999237060547,18.654491424560547,69379
2024-06-03,19.030000686645508,19.329999923706055,18.899999618530273,19.06999969482422,18.674076080322266,47028
2024-06-04,19.190000534057617,19.204999923706055,19.049999237060547,19.049999237060547,18.654491424560547,31058
2024-06-05,19.049999237060547,19.100000381469727,19.049999237060547,19.100000381469727,18.703454971313477,10332
2024-06-06,19.079999923706055,19.179899215698242,19.079999923706055,19.119600296020508,18.72264862060547,18734
2024-06-07,19.100000381469727,19.18000030517578,19.100000381469727,19.139999389648438,18.742624282836914,9637
2024-06-10,19.139999389648438,19.200000762939453,19.100000381469727,19.100000381469727,18.703454971313477,9219
2024-06-11,19.1299991607666,19.149999618530273,18.950000762939453,19.1299991607666,18.732830047607422,21257
2024-06-12,19.170000076293945,19.25,19.09000015258789,19.1299991607666,18.732830047607422,20691
2024-06-13,19.100000381469727,19.1200008392334,19.05030059814453,19.1200008392334,18.723039627075195,19811
2024-06-14,19.190000534057617,19.190000534057617,19.100000381469727,19.1299991607666,18.732830047607422,5846
2024-06-17,19.209999084472656,19.249900817871094,19.139999389648438,19.190000534057617,18.79158592224121,14722
2024-06-18,19.239999771118164,19.299999237060547,19.11009979248047,19.260000228881836,18.860132217407227,26996
2024-06-20,19.219999313354492,19.270000457763672,19.139999389648438,19.190000534057617,18.79158592224121,17722
2024-06-21,19.239999771118164,19.399999618530273,19.229999542236328,19.239999771118164,18.840547561645508,30966
2024-06-24,19.200000762939453,19.36989974975586,19.200000762939453,19.290000915527344,18.889511108398438,14603
2024-06-25,19.360000610351562,19.360000610351562,19.239999771118164,19.239999771118164,18.840547561645508,8499
2024-06-26,19.229999542236328,19.27989959716797,19.180099487304688,19.209999084472656,18.81117057800293,20674
2024-06-27,19.229999542236328,19.33650016784668,19.100000381469727,19.219999313354492,18.82096290588379,87429
2024-06-28,19.209999084472656,19.3700008392334,19.128000259399414,19.3700008392334,18.967849731445312,42355
2024-07-01,19.219999313354492,19.308000564575195,19.10919952392578,19.149999618530273,18.752416610717773,65328
2024-07-02,19.149999618530273,19.270000457763672,19.149999618530273,19.200000762939453,18.80137825012207,24944
2024-07-03,19.25,19.33989906311035,19.1200008392334,19.190000534057617,18.79158592224121,56002
2024-07-05,19.183300018310547,19.323999404907227,19.16029930114746,19.25,18.850339889526367,51318
2024-07-08,19.25,19.3700008392334,19.176300048828125,19.313100814819336,18.91213035583496,58143
2024-07-09,19.209999084472656,19.391799926757812,19.209999084472656,19.360000610351562,18.958057403564453,38761
2024-07-10,19.350000381469727,19.38050079345703,19.280000686645508,19.3799991607666,18.97764015197754,29893
2024-07-11,19.360000610351562,19.459999084472656,19.315000534057617,19.420000076293945,19.01681137084961,37302
2024-07-12,19.450000762939453,19.52199935913086,19.3700008392334,19.440000534057617,19.036396026611328,29867
2024-07-15,19.5,19.58970069885254,19.374000549316406,19.440000534057617,19.036396026611328,28180
2024-07-16,19.479999542236328,19.479999542236328,19.417800903320312,19.417800903320312,19.014657974243164,5436
2024-07-17,19.420000076293945,19.459999084472656,19.350000381469727,19.450000762939453,19.046188354492188,16611
2024-07-18,19.510000228881836,19.510000228881836,19.389999389648438,19.459999084472656,19.055978775024414,25770
2024-07-19,19.430200576782227,19.52989959716797,19.360000610351562,19.41830062866211,19.015146255493164,20448
2024-07-22,19.459400177001953,19.530000686645508,19.3799991607666,19.440000534057617,19.036396026611328,35354
2024-07-23,19.460100173950195,19.519699096679688,19.405000686645508,19.450000762939453,19.046188354492188,35352
2024-07-24,19.510000228881836,19.510000228881836,19.336000442504883,19.420000076293945,19.01681137084961,14376
2024-07-25,19.31999969482422,19.492000579833984,19.29010009765625,19.409700393676758,19.006725311279297,29056
2024-07-26,19.46820068359375,19.540000915527344,19.441099166870117,19.524999618530273,19.119630813598633,26020
2024-07-29,19.540000915527344,19.540000915527344,19.5,19.530000686645508,19.124526977539062,17987
2024-07-30,19.540000915527344,19.565000534057617,19.434499740600586,19.51259994506836,19.10748863220215,37984
2024-07-31,19.549999237060547,19.719900131225586,19.299999237060547,19.299999237060547,18.899301528930664,88913
2024-08-01,19.43000030517578,19.540000915527344,19.299999237060547,19.5,19.095149993896484,28566
2024-08-02,19.299999237060547,19.479999542236328,19.299999237060547,19.454999923706055,19.051084518432617,28660
2024-08-05,19.299999237060547,19.479999542236328,19.15999984741211,19.43000030517578,19.02660369873047,29717
2024-08-06,19.430599212646484,19.510099411010742,19.200000762939453,19.3700008392334,18.967849731445312,32040
2024-08-07,19.450000762939453,19.639999389648438,19.290000915527344,19.399999618530273,18.997224807739258,31412
2024-08-08,19.479999542236328,19.640399932861328,19.329999923706055,19.34000015258789,18.9384708404541,26181
2024-08-09,19.520000457763672,19.6299991607666,19.38360023498535,19.579999923706055,19.17348861694336,34779
2024-08-12,19.520000457763672,19.600000381469727,19.43400001525879,19.52989959716797,19.124427795410156,23121
2024-08-13,19.6200008392334,19.714000701904297,19.459999084472656,19.610000610351562,19.20286750793457,10873
2024-08-14,19.6299991607666,19.689899444580078,19.546100616455078,19.68000030517578,19.271413803100586,28525
2024-08-15,19.6200008392334,19.700000762939453,19.5,19.64240074157715,19.234594345092773,34144
2024-08-16,19.700899124145508,19.709999084472656,19.610000610351562,19.709999084472656,19.30078887939453,41267
2024-08-19,19.700000762939453,19.740100860595703,19.6299991607666,19.735000610351562,19.325271606445312,30675
2024-08-20,19.75,20.084999084472656,19.729999542236328,20.033599853515625,19.617671966552734,92983
2024-08-21,20.0,20.1200008392334,19.850000381469727,20.1200008392334,19.70227813720703,44587
2024-08-22,20.1200008392334,20.200000762939453,19.84000015258789,20.200000762939453,19.780616760253906,59221
2024-08-23,20.114200592041016,20.200000762939453,20.042600631713867,20.200000762939453,19.780616760253906,72289
2024-08-26,20.200000762939453,20.3799991607666,19.8799991607666,20.18000030517578,19.761032104492188,104165
2024-08-27,20.110000610351562,20.399999618530273,20.079999923706055,20.31999969482422,19.89812469482422,53482
2024-08-28,20.350000381469727,20.350000381469727,20.200000762939453,20.299999237060547,19.8785400390625,7317
2024-08-29,20.25,20.3700008392334,20.219499588012695,20.31999969482422,19.89812469482422,23651
2024-08-30,19.850000381469727,20.229999542236328,19.850000381469727,20.18000030517578,20.18000030517578,75295
2024-09-03,20.079999923706055,20.170000076293945,19.979999542236328,19.979999542236328,19.979999542236328,20536
2024-09-04,19.979999542236328,20.15999984741211,19.850000381469727,19.950000762939453,19.950000762939453,41572
2024-09-05,19.969999313354492,20.15570068359375,19.969999313354492,20.059999465942383,20.059999465942383,10538
2024-09-06,20.139999389648438,20.200000762939453,20.020000457763672,20.1200008392334,20.1200008392334,15583
2024-09-09,20.200000762939453,20.329999923706055,20.1299991607666,20.329999923706055,20.329999923706055,17670
2024-09-10,20.399999618530273,20.520000457763672,20.305099487304688,20.510000228881836,20.510000228881836,18133
2024-09-11,20.530000686645508,20.530000686645508,20.389999389648438,20.389999389648438,20.389999389648438,13471
2024-09-12,20.280000686645508,20.59000015258789,20.280000686645508,20.3799991607666,20.3799991607666,24998
2024-09-13,20.479999542236328,20.889999389648438,20.479999542236328,20.774999618530273,20.774999618530273,21682
2024-09-16,20.889999389648438,21.156600952148438,20.780099868774414,21.010000228881836,21.010000228881836,39460
2024-09-17,21.149999618530273,21.45159912109375,21.0,21.049999237060547,21.049999237060547,31657
2024-09-18,21.200000762939453,21.25,21.030000686645508,21.139999389648438,21.139999389648438,13746
2024-09-19,21.299999237060547,21.479999542236328,21.280000686645508,21.40999984741211,21.40999984741211,15134
2024-09-20,20.89539909362793,21.399999618530273,20.89539909362793,21.35540008544922,21.35540008544922,11611
2024-09-23,21.155799865722656,21.394800186157227,21.0,21.0,21.0,25404
2024-09-24,21.139999389648438,21.149999618530273,21.000099182128906,21.123600006103516,21.123600006103516,16190
2024-09-25,21.170000076293945,21.182300567626953,20.809999465942383,21.049999237060547,21.049999237060547,15026
2024-09-26,21.149999618530273,21.290000915527344,21.0,21.229999542236328,21.229999542236328,15099
2024-09-27,21.350000381469727,21.3700008392334,21.0,21.0,21.0,13050
2024-09-30,21.0,21.549999237060547,20.989999771118164,21.229999542236328,21.229999542236328,59584
2024-10-01,21.110000610351562,21.110000610351562,20.8799991607666,21.079999923706055,21.079999923706055,52265
2024-10-02,21.09000015258789,21.149999618530273,20.950000762939453,20.950000762939453,20.950000762939453,19067
2024-10-03,21.006500244140625,21.030000686645508,20.899999618530273,20.899999618530273,20.899999618530273,15461
2024-10-04,20.950000762939453,21.18000030517578,20.944799423217773,21.18000030517578,21.18000030517578,24676
2024-10-07,21.049999237060547,21.16699981689453,21.020000457763672,21.020000457763672,21.020000457763672,12147
2024-10-08,21.020000457763672,21.124900817871094,21.000099182128906,21.079999923706055,21.079999923706055,16772
2024-10-09,21.010000228881836,21.13599967956543,21.010000228881836,21.1200008392334,21.1200008392334,5622
2024-10-10,21.1200008392334,21.199899673461914,21.09000015258789,21.199899673461914,21.199899673461914,22067
