Date,Open,High,Low,Close,Adj Close,Volume
2014-02-06,21.0,27.166000366210938,21.0,26.850000381469727,26.850000381469727,5042400
2014-02-07,26.540000915527344,29.3700008392334,25.100000381469727,28.0,28.0,662400
2014-02-10,29.200000762939453,29.200000762939453,26.540000915527344,27.1200008392334,27.1200008392334,104900
2014-02-11,27.149999618530273,27.15999984741211,26.5,26.600000381469727,26.600000381469727,111800
2014-02-12,26.5,26.979999542236328,25.799999237060547,26.93000030517578,26.93000030517578,143200
2014-02-13,26.200000762939453,26.829999923706055,26.0,26.719999313354492,26.719999313354492,83400
2014-02-14,26.489999771118164,27.200000762939453,26.0,26.75,26.75,235100
2014-02-18,29.0,29.0,26.54400062561035,26.889999389648438,26.889999389648438,57700
2014-02-19,26.790000915527344,27.489999771118164,26.0,26.350000381469727,26.350000381469727,76800
2014-02-20,26.350000381469727,27.049999237060547,25.8700008392334,25.899999618530273,25.899999618530273,148700
2014-02-21,25.899999618530273,30.450000762939453,25.739999771118164,29.84000015258789,29.84000015258789,303700
2014-02-24,30.959999084472656,30.959999084472656,28.510000228881836,29.579999923706055,29.579999923706055,100700
2014-02-25,29.959999084472656,30.25,29.299999237060547,30.100000381469727,30.100000381469727,156000
2014-02-26,30.299999237060547,31.0,29.0,29.600000381469727,29.600000381469727,130800
2014-02-27,29.719999313354492,30.235000610351562,29.170000076293945,29.940000534057617,29.940000534057617,122800
2014-02-28,29.760000228881836,30.989999771118164,26.920000076293945,26.93000030517578,26.93000030517578,171500
2014-03-03,28.559999465942383,28.979999542236328,27.54400062561035,27.780000686645508,27.780000686645508,240100
2014-03-04,28.020000457763672,29.110000610351562,28.020000457763672,28.709999084472656,28.709999084472656,118800
2014-03-05,28.739999771118164,32.349998474121094,28.690000534057617,31.610000610351562,31.610000610351562,197600
2014-03-06,32.060001373291016,33.79999923706055,31.93000030517578,32.720001220703125,32.720001220703125,688900
2014-03-07,33.150001525878906,34.54999923706055,31.510000228881836,34.349998474121094,34.349998474121094,192200
2014-03-10,34.5,36.900001525878906,32.650001525878906,34.849998474121094,34.849998474121094,260700
2014-03-11,35.20000076293945,35.900001525878906,33.0099983215332,35.2599983215332,35.2599983215332,215500
2014-03-12,34.7599983215332,39.86000061035156,34.0,38.900001525878906,38.900001525878906,271600
2014-03-13,39.2400016784668,39.2400016784668,37.0,38.52000045776367,38.52000045776367,115300
2014-03-14,38.51499938964844,39.689998626708984,36.50299835205078,37.7599983215332,37.7599983215332,123800
2014-03-17,38.599998474121094,38.70000076293945,36.7599983215332,37.13999938964844,37.13999938964844,101000
2014-03-18,37.16999816894531,37.52000045776367,36.5,37.47999954223633,37.47999954223633,140400
2014-03-19,37.529998779296875,38.45000076293945,36.70000076293945,37.310001373291016,37.310001373291016,117600
2014-03-20,37.16999816894531,37.93000030517578,36.5,36.90999984741211,36.90999984741211,65900
2014-03-21,37.0,37.2599983215332,35.28099822998047,35.560001373291016,35.560001373291016,408500
2014-03-24,35.45000076293945,35.45000076293945,32.439998626708984,33.70000076293945,33.70000076293945,182100
2014-03-25,33.70000076293945,35.20000076293945,29.559999465942383,30.8700008392334,30.8700008392334,208700
2014-03-26,31.030000686645508,31.75,30.520000457763672,30.81999969482422,30.81999969482422,262100
2014-03-27,30.93000030517578,31.15999984741211,29.200000762939453,29.729999542236328,29.729999542236328,191700
2014-03-28,29.65999984741211,31.3700008392334,29.520000457763672,30.420000076293945,30.420000076293945,176000
2014-03-31,31.5,32.2400016784668,29.511999130249023,31.5,31.5,1040200
2014-04-01,32.11000061035156,32.11000061035156,30.700000762939453,31.239999771118164,31.239999771118164,267800
2014-04-02,31.270000457763672,32.540000915527344,31.030000686645508,32.11000061035156,32.11000061035156,87400
2014-04-03,31.950000762939453,32.15999984741211,29.950000762939453,31.3700008392334,31.3700008392334,241400
2014-04-04,31.309999465942383,31.642000198364258,29.639999389648438,29.829999923706055,29.829999923706055,186800
2014-04-07,29.579999923706055,30.503999710083008,28.959999084472656,29.0,29.0,164100
2014-04-08,29.049999237060547,29.190000534057617,28.09000015258789,28.93000030517578,28.93000030517578,174800
2014-04-09,28.899999618530273,30.030000686645508,28.799999237060547,29.610000610351562,29.610000610351562,170000
2014-04-10,29.469999313354492,29.5,28.639999389648438,28.799999237060547,28.799999237060547,123700
2014-04-11,28.549999237060547,28.84000015258789,27.799999237060547,28.100000381469727,28.100000381469727,202400
2014-04-14,28.450000762939453,28.450000762939453,26.790000915527344,27.079999923706055,27.079999923706055,478300
2014-04-15,27.079999923706055,27.690000534057617,25.059999465942383,26.15999984741211,26.15999984741211,268300
2014-04-16,26.260000228881836,30.18000030517578,25.860000610351562,26.889999389648438,26.889999389648438,78800
2014-04-17,26.829999923706055,28.469999313354492,26.829999923706055,28.280000686645508,28.280000686645508,96600
2014-04-21,28.030000686645508,29.690000534057617,27.100000381469727,28.6200008392334,28.6200008392334,75300
2014-04-22,34.65999984741211,36.900001525878906,32.13999938964844,35.9900016784668,35.9900016784668,1273800
2014-04-23,36.13999938964844,36.97999954223633,35.5,36.380001068115234,36.380001068115234,212600
2014-04-24,36.400001525878906,36.4900016784668,33.97999954223633,35.83000183105469,35.83000183105469,592200
2014-04-25,35.79999923706055,35.8380012512207,34.2400016784668,34.33000183105469,34.33000183105469,202600
2014-04-28,34.369998931884766,35.72999954223633,33.43000030517578,34.27000045776367,34.27000045776367,72200
2014-04-29,34.529998779296875,36.13999938964844,34.0,35.209999084472656,35.209999084472656,112700
2014-04-30,34.959999084472656,34.959999084472656,33.7400016784668,34.279998779296875,34.279998779296875,85600
2014-05-01,34.08000183105469,35.380001068115234,33.84000015258789,34.15999984741211,34.15999984741211,156700
2014-05-02,34.400001525878906,34.41999816894531,32.61000061035156,32.849998474121094,32.849998474121094,94100
2014-05-05,32.72999954223633,33.03499984741211,32.279998779296875,32.58000183105469,32.58000183105469,68200
2014-05-06,32.349998474121094,32.369998931884766,31.389999389648438,31.530000686645508,31.530000686645508,52700
2014-05-07,31.65999984741211,31.8799991607666,30.92300033569336,31.40999984741211,31.40999984741211,58300
2014-05-08,31.15999984741211,31.68000030517578,29.760000228881836,29.790000915527344,29.790000915527344,74300
2014-05-09,29.610000610351562,30.996000289916992,28.729999542236328,30.280000686645508,30.280000686645508,106600
2014-05-12,30.469999313354492,31.8799991607666,29.34000015258789,31.100000381469727,31.100000381469727,128000
2014-05-13,32.0,32.970001220703125,30.950000762939453,31.010000228881836,31.010000228881836,231800
2014-05-14,30.959999084472656,33.347999572753906,30.440000534057617,31.899999618530273,31.899999618530273,203600
2014-05-15,31.84000015258789,32.999000549316406,31.0,31.760000228881836,31.760000228881836,112600
2014-05-16,31.790000915527344,32.4900016784668,31.506999969482422,31.799999237060547,31.799999237060547,35200
2014-05-19,31.799999237060547,33.02000045776367,31.799999237060547,32.220001220703125,32.220001220703125,82400
2014-05-20,32.189998626708984,32.43000030517578,30.770000457763672,31.40999984741211,31.40999984741211,65400
2014-05-21,30.0,32.91999816894531,30.0,31.549999237060547,31.549999237060547,79700
2014-05-22,31.780000686645508,33.099998474121094,31.31999969482422,31.8799991607666,31.8799991607666,113700
2014-05-23,31.850000381469727,32.779998779296875,31.479999542236328,31.969999313354492,31.969999313354492,64000
2014-05-27,32.720001220703125,32.720001220703125,31.43000030517578,32.16999816894531,32.16999816894531,121400
2014-05-28,32.33000183105469,32.43000030517578,31.25,31.979999542236328,31.979999542236328,64700
2014-05-29,32.29999923706055,32.35499954223633,31.579999923706055,32.20000076293945,32.20000076293945,66900
2014-05-30,31.979999542236328,32.130001068115234,31.350000381469727,31.489999771118164,31.489999771118164,70700
2014-06-02,31.420000076293945,31.6299991607666,29.770000457763672,30.1299991607666,30.1299991607666,137100
2014-06-03,29.860000610351562,30.270000457763672,29.559999465942383,30.110000610351562,30.110000610351562,53600
2014-06-04,29.969999313354492,30.0,29.25,29.559999465942383,29.559999465942383,73600
2014-06-05,29.549999237060547,30.600000381469727,29.079999923706055,30.09000015258789,30.09000015258789,103200
2014-06-06,30.34000015258789,30.799999237060547,29.860000610351562,30.34000015258789,30.34000015258789,39900
2014-06-09,29.850000381469727,29.850000381469727,28.100000381469727,28.649999618530273,28.649999618530273,146600
2014-06-10,28.709999084472656,30.8700008392334,28.690000534057617,30.71500015258789,30.71500015258789,138600
2014-06-11,30.489999771118164,30.799999237060547,29.670000076293945,30.389999389648438,30.389999389648438,62500
2014-06-12,30.18000030517578,30.950000762939453,29.229999542236328,30.030000686645508,30.030000686645508,117900
2014-06-13,30.229999542236328,30.850000381469727,29.510000228881836,30.010000228881836,30.010000228881836,84000
2014-06-16,30.049999237060547,30.579999923706055,29.40999984741211,29.639999389648438,29.639999389648438,92600
2014-06-17,29.149999618530273,30.058000564575195,28.049999237060547,30.0,30.0,133800
2014-06-18,29.829999923706055,32.099998474121094,29.450000762939453,31.559999465942383,31.559999465942383,147100
2014-06-19,30.899999618530273,32.18000030517578,30.75,31.770000457763672,31.770000457763672,1795300
2014-06-20,31.770000457763672,32.91999816894531,31.6299991607666,32.47999954223633,32.47999954223633,244000
2014-06-23,32.40999984741211,33.099998474121094,32.119998931884766,32.93000030517578,32.93000030517578,135400
2014-06-24,33.029998779296875,33.349998474121094,31.530000686645508,32.38999938964844,32.38999938964844,246200
2014-06-25,32.20000076293945,33.150001525878906,32.077999114990234,33.13999938964844,33.13999938964844,133900
2014-06-26,33.0099983215332,33.54999923706055,32.65999984741211,33.34000015258789,33.34000015258789,89300
2014-06-27,33.099998474121094,33.7400016784668,32.77000045776367,33.560001373291016,33.560001373291016,286200
2014-06-30,33.380001068115234,34.20000076293945,33.380001068115234,34.0,34.0,92400
2014-07-01,34.0,34.0099983215332,33.22999954223633,33.45000076293945,33.45000076293945,80300
2014-07-02,33.2599983215332,33.279998779296875,32.56999969482422,33.0099983215332,33.0099983215332,105300
2014-07-03,33.18000030517578,33.29999923706055,32.560001373291016,32.75,32.75,55000
2014-07-07,32.59000015258789,32.78499984741211,32.02000045776367,32.25,32.25,87300
2014-07-08,32.279998779296875,32.38999938964844,30.709999084472656,31.010000228881836,31.010000228881836,308300
2014-07-09,31.049999237060547,32.119998931884766,30.690000534057617,31.34000015258789,31.34000015258789,479100
2014-07-10,30.690000534057617,32.0,30.600000381469727,31.489999771118164,31.489999771118164,40800
2014-07-11,31.350000381469727,32.75,31.200000762939453,32.13999938964844,32.13999938964844,80700
2014-07-14,32.400001525878906,34.0,32.13199996948242,32.810001373291016,32.810001373291016,85800
2014-07-15,32.900001525878906,33.02000045776367,30.700000762939453,30.790000915527344,30.790000915527344,143500
2014-07-16,31.0,32.29999923706055,30.700000762939453,31.309999465942383,31.309999465942383,92600
2014-07-17,31.170000076293945,31.170000076293945,29.5,29.850000381469727,29.850000381469727,206200
2014-07-18,29.899999618530273,30.68000030517578,29.804000854492188,30.399999618530273,30.399999618530273,104400
2014-07-21,30.09000015258789,30.889999389648438,29.899999618530273,30.68000030517578,30.68000030517578,51200
2014-07-22,30.770000457763672,31.690000534057617,30.7549991607666,30.979999542236328,30.979999542236328,130900
2014-07-23,31.139999389648438,31.770000457763672,30.915000915527344,31.389999389648438,31.389999389648438,83300
2014-07-24,31.360000610351562,32.0,31.049999237060547,31.530000686645508,31.530000686645508,104100
2014-07-25,31.25,32.16999816894531,31.25,32.09000015258789,32.09000015258789,71800
2014-07-28,32.0099983215332,32.4900016784668,31.030000686645508,31.31999969482422,31.31999969482422,60500
2014-07-29,31.31999969482422,32.66999816894531,31.040000915527344,31.850000381469727,31.850000381469727,124400
2014-07-30,32.029998779296875,32.88999938964844,31.979999542236328,32.15999984741211,32.15999984741211,129900
2014-07-31,31.739999771118164,32.400001525878906,30.290000915527344,30.68000030517578,30.68000030517578,253300
2014-08-01,30.610000610351562,31.06999969482422,30.100000381469727,30.989999771118164,30.989999771118164,103400
2014-08-04,31.190000534057617,31.315000534057617,29.700000762939453,30.190000534057617,30.190000534057617,72500
2014-08-05,29.56999969482422,29.908000946044922,28.770000457763672,29.1200008392334,29.1200008392334,210300
2014-08-06,29.020000457763672,29.020000457763672,24.5,25.950000762939453,25.950000762939453,878800
2014-08-07,25.40999984741211,26.38599967956543,21.559999465942383,22.5,22.5,1793300
2014-08-08,23.5,25.56999969482422,23.5,25.360000610351562,25.360000610351562,471700
2014-08-11,25.399999618530273,26.290000915527344,25.0,25.540000915527344,25.540000915527344,141500
2014-08-12,25.43000030517578,25.524999618530273,23.790000915527344,24.459999084472656,24.459999084472656,132300
2014-08-13,24.709999084472656,24.709999084472656,23.309999465942383,24.020000457763672,24.020000457763672,210400
2014-08-14,23.93000030517578,25.209999084472656,23.68000030517578,25.049999237060547,25.049999237060547,144100
2014-08-15,25.31999969482422,25.8799991607666,24.399999618530273,25.1299991607666,25.1299991607666,111000
2014-08-18,25.34000015258789,25.34000015258789,24.229999542236328,24.579999923706055,24.579999923706055,226400
2014-08-19,24.600000381469727,24.709999084472656,24.25,24.450000762939453,24.450000762939453,93000
2014-08-20,24.020000457763672,24.90999984741211,23.959999084472656,24.600000381469727,24.600000381469727,59700
2014-08-21,24.540000915527344,24.709999084472656,23.600000381469727,23.729999542236328,23.729999542236328,101600
2014-08-22,23.700000762939453,24.270000457763672,22.360000610351562,22.559999465942383,22.559999465942383,530400
2014-08-25,22.530000686645508,23.15999984741211,22.280000686645508,22.770000457763672,22.770000457763672,140800
2014-08-26,23.030000686645508,23.559999465942383,22.579999923706055,23.450000762939453,23.450000762939453,85000
2014-08-27,23.399999618530273,23.65999984741211,22.989999771118164,23.299999237060547,23.299999237060547,74900
2014-08-28,23.100000381469727,23.56999969482422,22.979999542236328,23.350000381469727,23.350000381469727,43400
2014-08-29,23.389999389648438,23.829999923706055,23.100000381469727,23.350000381469727,23.350000381469727,48400
2014-09-02,23.31999969482422,23.6299991607666,22.81999969482422,22.969999313354492,22.969999313354492,153300
2014-09-03,23.190000534057617,23.610000610351562,22.649999618530273,23.350000381469727,23.350000381469727,103900
2014-09-04,23.469999313354492,24.299999237060547,22.450000762939453,22.809999465942383,22.809999465942383,153800
2014-09-05,22.670000076293945,23.1200008392334,22.190000534057617,23.020000457763672,23.020000457763672,41600
2014-09-08,22.899999618530273,23.65999984741211,22.770000457763672,23.059999465942383,23.059999465942383,146800
2014-09-09,23.09000015258789,23.09000015258789,22.06999969482422,22.219999313354492,22.219999313354492,108700
2014-09-10,22.149999618530273,22.5,21.510000228881836,22.1299991607666,22.1299991607666,82100
2014-09-11,21.950000762939453,22.239999771118164,21.3799991607666,21.829999923706055,21.829999923706055,165400
2014-09-12,21.850000381469727,21.850000381469727,20.760000228881836,21.219999313354492,21.219999313354492,183800
2014-09-15,21.100000381469727,21.100000381469727,20.440000534057617,20.479999542236328,20.479999542236328,81400
2014-09-16,20.450000762939453,21.124000549316406,20.299999237060547,20.889999389648438,20.889999389648438,95400
2014-09-17,20.959999084472656,21.6200008392334,20.110000610351562,21.579999923706055,21.579999923706055,346100
2014-09-18,21.809999465942383,22.045000076293945,21.329999923706055,21.6299991607666,21.6299991607666,75700
2014-09-19,21.719999313354492,21.940000534057617,20.010000228881836,20.149999618530273,20.149999618530273,719000
2014-09-22,20.049999237060547,20.329999923706055,19.440000534057617,20.1299991607666,20.1299991607666,173100
2014-09-23,19.940000534057617,20.329999923706055,19.389999389648438,19.790000915527344,19.790000915527344,99300
2014-09-24,19.799999237060547,19.979999542236328,19.139999389648438,19.670000076293945,19.670000076293945,240000
2014-09-25,19.649999618530273,20.40999984741211,18.822999954223633,20.079999923706055,20.079999923706055,117500
2014-09-26,20.450000762939453,20.979999542236328,20.309999465942383,20.920000076293945,20.920000076293945,112400
2014-09-29,20.639999389648438,21.25,20.0,20.989999771118164,20.989999771118164,189500
2014-09-30,20.926000595092773,20.926000595092773,19.100000381469727,19.329999923706055,19.329999923706055,197300
2014-10-01,19.3799991607666,19.639999389648438,17.950000762939453,18.3700008392334,18.3700008392334,162700
2014-10-02,18.360000610351562,18.360000610351562,16.149999618530273,16.299999237060547,16.299999237060547,425500
2014-10-03,16.5,17.1299991607666,16.209999084472656,16.299999237060547,16.299999237060547,134600
2014-10-06,16.350000381469727,16.510000228881836,15.119999885559082,15.220000267028809,15.220000267028809,273000
2014-10-07,15.0600004196167,15.239999771118164,14.760000228881836,14.890000343322754,14.890000343322754,223700
2014-10-08,14.880000114440918,15.569999694824219,14.619999885559082,15.520000457763672,15.520000457763672,264500
2014-10-09,15.380000114440918,16.25,14.930000305175781,15.09000015258789,15.09000015258789,195000
2014-10-10,15.020000457763672,15.680000305175781,14.699999809265137,15.449999809265137,15.449999809265137,103300
2014-10-13,15.510000228881836,16.510000228881836,15.038000106811523,16.469999313354492,16.469999313354492,199600
2014-10-14,15.989999771118164,16.489999771118164,15.680000305175781,16.290000915527344,16.290000915527344,167100
2014-10-15,15.989999771118164,17.459999084472656,15.989999771118164,17.3799991607666,17.3799991607666,166100
2014-10-16,17.049999237060547,18.6200008392334,16.489999771118164,18.43000030517578,18.43000030517578,192700
2014-10-17,18.729999542236328,19.1299991607666,17.299999237060547,17.40999984741211,17.40999984741211,99100
2014-10-20,17.3799991607666,18.398000717163086,17.3799991607666,17.850000381469727,17.850000381469727,112400
2014-10-21,17.700000762939453,18.440000534057617,17.469999313354492,18.149999618530273,18.149999618530273,108700
2014-10-22,18.200000762939453,18.5,17.02199935913086,18.09000015258789,18.09000015258789,84100
2014-10-23,18.350000381469727,19.43000030517578,18.34000015258789,19.110000610351562,19.110000610351562,97000
2014-10-24,19.030000686645508,19.94099998474121,18.219999313354492,19.469999313354492,19.469999313354492,371800
2014-10-27,19.360000610351562,19.440000534057617,18.84000015258789,19.09000015258789,19.09000015258789,376900
2014-10-28,19.170000076293945,20.0,19.011999130249023,19.520000457763672,19.520000457763672,92900
2014-10-29,17.940000534057617,19.559999465942383,17.940000534057617,19.309999465942383,19.309999465942383,203000
2014-10-30,19.280000686645508,19.809999465942383,18.739999771118164,19.6200008392334,19.6200008392334,191200
2014-10-31,19.979999542236328,20.270000457763672,19.100000381469727,20.15999984741211,20.15999984741211,157500
2014-11-03,20.190000534057617,20.399999618530273,19.209999084472656,19.5,19.5,108100
2014-11-04,19.360000610351562,19.729999542236328,18.450000762939453,19.43000030517578,19.43000030517578,89200
2014-11-05,19.790000915527344,20.299999237060547,19.299999237060547,19.360000610351562,19.360000610351562,132500
2014-11-06,19.360000610351562,20.270000457763672,19.299999237060547,20.040000915527344,20.040000915527344,120400
2014-11-07,19.93000030517578,20.510000228881836,19.209999084472656,19.790000915527344,19.790000915527344,186600
2014-11-10,19.829999923706055,20.670000076293945,19.520000457763672,20.299999237060547,20.299999237060547,178500
2014-11-11,20.40999984741211,20.959999084472656,20.0,20.860000610351562,20.860000610351562,114900
2014-11-12,20.5,21.139999389648438,19.899999618530273,21.0,21.0,194100
2014-11-13,14.4350004196167,17.239999771118164,14.020000457763672,16.06999969482422,16.06999969482422,2295400
2014-11-14,16.030000686645508,16.110000610351562,15.069999694824219,15.510000228881836,15.510000228881836,277600
2014-11-17,15.420000076293945,15.979999542236328,15.010000228881836,15.84000015258789,15.84000015258789,150100
2014-11-18,15.899999618530273,16.350000381469727,15.59000015258789,16.139999389648438,16.139999389648438,127900
2014-11-19,16.100000381469727,16.270000457763672,15.6899995803833,16.06999969482422,16.06999969482422,110300
2014-11-20,15.9399995803833,16.31999969482422,15.899999618530273,16.100000381469727,16.100000381469727,148200
2014-11-21,16.40999984741211,16.59000015258789,16.049999237060547,16.459999084472656,16.459999084472656,99600
2014-11-24,16.440000534057617,17.110000610351562,16.235000610351562,16.889999389648438,16.889999389648438,170400
2014-11-25,16.860000610351562,16.8700008392334,16.360000610351562,16.579999923706055,16.579999923706055,214500
2014-11-26,16.5,16.719999313354492,16.12700080871582,16.6299991607666,16.6299991607666,66100
2014-11-28,16.670000076293945,16.920000076293945,16.1299991607666,16.440000534057617,16.440000534057617,58100
2014-12-01,16.399999618530273,16.559999465942383,15.609999656677246,15.960000038146973,15.960000038146973,186500
2014-12-02,16.299999237060547,17.06999969482422,15.75,16.889999389648438,16.889999389648438,1095600
2014-12-03,16.860000610351562,17.209999084472656,16.809999465942383,17.06999969482422,17.06999969482422,103500
2014-12-04,16.959999084472656,17.610000610351562,16.770000457763672,17.420000076293945,17.420000076293945,104700
2014-12-05,17.549999237060547,17.610000610351562,17.049999237060547,17.350000381469727,17.350000381469727,102800
2014-12-08,17.219999313354492,17.469999313354492,16.739999771118164,16.809999465942383,16.809999465942383,74700
2014-12-09,16.90999984741211,18.229999542236328,16.0,18.15999984741211,18.15999984741211,190000
2014-12-10,18.1200008392334,18.68000030517578,17.860000610351562,18.0,18.0,266600
2014-12-11,18.170000076293945,18.440000534057617,17.600000381469727,17.68000030517578,17.68000030517578,174900
2014-12-12,17.43000030517578,17.8799991607666,17.299999237060547,17.450000762939453,17.450000762939453,108000
2014-12-15,17.450000762939453,18.239999771118164,16.09000015258789,16.34000015258789,16.34000015258789,211100
2014-12-16,16.280000686645508,17.0,16.2189998626709,16.459999084472656,16.459999084472656,109000
2014-12-17,16.450000762939453,17.110000610351562,16.399999618530273,16.950000762939453,16.950000762939453,739200
2014-12-18,17.100000381469727,17.43000030517578,16.860000610351562,17.25,17.25,681200
2014-12-19,17.18000030517578,17.850000381469727,17.079999923706055,17.649999618530273,17.649999618530273,798200
2014-12-22,17.610000610351562,17.905000686645508,17.219999313354492,17.649999618530273,17.649999618530273,185500
2014-12-23,17.639999389648438,17.709999084472656,16.200000762939453,16.229999542236328,16.229999542236328,108400
2014-12-24,16.219999313354492,16.959999084472656,16.219999313354492,16.649999618530273,16.649999618530273,43900
2014-12-26,16.809999465942383,17.3700008392334,16.280000686645508,16.790000915527344,16.790000915527344,63700
2014-12-29,16.8799991607666,17.239999771118164,16.739999771118164,17.0,17.0,146100
2014-12-30,17.020000457763672,17.020000457763672,16.530000686645508,16.56999969482422,16.56999969482422,79600
2014-12-31,16.56999969482422,17.190000534057617,16.56999969482422,16.940000534057617,16.940000534057617,231900
2015-01-02,17.049999237060547,17.06999969482422,16.360000610351562,16.65999984741211,16.65999984741211,72700
2015-01-05,16.649999618530273,16.889999389648438,15.229999542236328,15.979999542236328,15.979999542236328,296900
2015-01-06,16.1200008392334,16.329999923706055,15.5,16.030000686645508,16.030000686645508,131000
2015-01-07,16.209999084472656,16.700000762939453,15.880000114440918,16.459999084472656,16.459999084472656,124300
2015-01-08,16.639999389648438,17.0,16.479999542236328,16.979999542236328,16.979999542236328,177200
2015-01-09,17.790000915527344,18.5,16.770000457763672,17.149999618530273,17.149999618530273,371500
2015-01-12,17.149999618530273,17.200000762939453,16.760000228881836,17.049999237060547,17.049999237060547,147700
2015-01-13,17.200000762939453,17.3700008392334,16.920000076293945,17.059999465942383,17.059999465942383,294900
2015-01-14,16.8700008392334,17.100000381469727,16.399999618530273,17.059999465942383,17.059999465942383,84400
2015-01-15,17.079999923706055,17.110000610351562,16.780000686645508,17.010000228881836,17.010000228881836,148300
2015-01-16,17.010000228881836,17.209999084472656,16.84000015258789,17.149999618530273,17.149999618530273,104700
2015-01-20,17.25,17.350000381469727,16.799999237060547,17.170000076293945,17.170000076293945,101100
2015-01-21,16.920000076293945,17.510000228881836,16.770000457763672,17.489999771118164,17.489999771118164,154900
2015-01-22,17.600000381469727,17.600000381469727,16.65999984741211,16.809999465942383,16.809999465942383,118600
2015-01-23,16.829999923706055,17.09000015258789,16.75,16.780000686645508,16.780000686645508,65500
2015-01-26,16.739999771118164,17.440000534057617,16.700000762939453,17.209999084472656,17.209999084472656,76100
2015-01-27,17.15999984741211,17.350000381469727,16.75,16.8700008392334,16.8700008392334,114000
2015-01-28,16.6299991607666,16.729999542236328,15.600000381469727,16.229999542236328,16.229999542236328,252200
2015-01-29,16.34000015258789,16.40999984741211,16.100000381469727,16.350000381469727,16.350000381469727,47300
2015-01-30,16.309999465942383,16.780000686645508,15.930000305175781,16.100000381469727,16.100000381469727,129400
2015-02-02,16.1200008392334,16.170000076293945,15.369999885559082,15.779999732971191,15.779999732971191,171100
2015-02-03,15.779999732971191,16.149999618530273,15.300000190734863,15.920000076293945,15.920000076293945,94300
2015-02-04,15.720000267028809,16.049999237060547,15.369999885559082,15.630000114440918,15.630000114440918,121700
2015-02-05,15.699999809265137,16.489999771118164,15.649999618530273,16.399999618530273,16.399999618530273,75300
2015-02-06,16.329999923706055,16.889999389648438,16.329999923706055,16.670000076293945,16.670000076293945,52200
2015-02-09,16.649999618530273,17.170000076293945,16.540000915527344,16.75,16.75,109200
2015-02-10,16.860000610351562,17.1200008392334,16.670000076293945,17.0,17.0,49100
2015-02-11,16.75,17.06999969482422,16.56999969482422,16.760000228881836,16.760000228881836,33400
2015-02-12,16.65999984741211,17.239999771118164,16.510000228881836,16.56999969482422,16.56999969482422,67400
2015-02-13,16.670000076293945,16.93000030517578,16.34000015258789,16.84000015258789,16.84000015258789,32400
2015-02-17,16.799999237060547,17.18000030517578,16.559999465942383,16.610000610351562,16.610000610351562,55900
2015-02-18,16.489999771118164,17.020000457763672,16.25,16.309999465942383,16.309999465942383,50900
2015-02-19,16.479999542236328,16.860000610351562,16.1299991607666,16.139999389648438,16.139999389648438,109100
2015-02-20,15.779999732971191,16.209999084472656,15.600000381469727,15.760000228881836,15.760000228881836,97200
2015-02-23,15.75,16.139999389648438,15.710000038146973,15.979999542236328,15.979999542236328,38000
2015-02-24,15.979999542236328,16.049999237060547,15.600000381469727,15.9399995803833,15.9399995803833,168000
2015-02-25,15.880000114440918,16.60700035095215,15.869999885559082,16.40999984741211,16.40999984741211,105400
2015-02-26,16.3799991607666,16.809999465942383,16.079999923706055,16.459999084472656,16.459999084472656,50200
2015-02-27,16.5,16.524999618530273,15.944999694824219,16.049999237060547,16.049999237060547,55600
2015-03-02,16.1299991607666,16.18000030517578,15.529999732971191,15.720000267028809,15.720000267028809,46900
2015-03-03,15.479999542236328,15.5,14.100000381469727,15.020000457763672,15.020000457763672,418900
2015-03-04,14.90999984741211,15.5600004196167,14.279999732971191,15.4399995803833,15.4399995803833,103300
2015-03-05,15.600000381469727,16.719999313354492,15.574999809265137,16.354999542236328,16.354999542236328,218500
2015-03-06,16.219999313354492,17.84000015258789,16.219999313354492,17.31999969482422,17.31999969482422,155900
2015-03-09,17.40999984741211,18.010000228881836,17.239999771118164,17.969999313354492,17.969999313354492,107500
2015-03-10,17.969999313354492,18.200000762939453,17.559999465942383,18.100000381469727,18.100000381469727,170100
2015-03-11,18.079999923706055,18.549999237060547,17.65999984741211,18.170000076293945,18.170000076293945,106200
2015-03-12,18.100000381469727,18.31999969482422,17.829999923706055,18.15999984741211,18.15999984741211,287000
2015-03-13,18.149999618530273,18.93000030517578,17.969999313354492,18.270000457763672,18.270000457763672,154400
2015-03-16,18.405000686645508,18.950000762939453,18.3700008392334,18.540000915527344,18.540000915527344,227900
2015-03-17,18.5,19.059999465942383,18.299999237060547,19.040000915527344,19.040000915527344,89000
2015-03-18,19.040000915527344,19.90999984741211,19.0,19.549999237060547,19.549999237060547,245700
2015-03-19,19.540000915527344,20.43000030517578,19.540000915527344,20.360000610351562,20.360000610351562,196400
2015-03-20,20.739999771118164,20.739999771118164,19.469999313354492,19.549999237060547,19.549999237060547,162800
2015-03-23,19.5,21.040000915527344,19.25,20.75,20.75,223900
2015-03-24,20.84000015258789,21.299999237060547,20.520000457763672,21.190000534057617,21.190000534057617,189700
2015-03-25,21.299999237060547,21.299999237060547,19.899999618530273,20.09000015258789,20.09000015258789,242300
2015-03-26,20.1299991607666,20.1299991607666,19.09000015258789,19.25,19.25,312300
2015-03-27,19.270000457763672,19.760000228881836,18.959999084472656,19.049999237060547,19.049999237060547,169700
2015-03-30,19.25,19.81999969482422,18.860000610351562,19.639999389648438,19.639999389648438,105800
2015-03-31,19.75,21.350000381469727,19.75,20.729999542236328,20.729999542236328,225900
2015-04-01,20.760000228881836,20.760000228881836,20.010000228881836,20.149999618530273,20.149999618530273,274200
2015-04-02,20.0,20.594999313354492,19.70400047302246,20.229999542236328,20.229999542236328,140900
2015-04-06,20.31999969482422,20.600000381469727,20.059999465942383,20.31999969482422,20.31999969482422,132100
2015-04-07,20.420000076293945,20.950000762939453,20.420000076293945,20.770000457763672,20.770000457763672,90500
2015-04-08,20.81999969482422,21.40999984741211,20.77400016784668,21.209999084472656,21.209999084472656,111800
2015-04-09,21.40999984741211,21.9060001373291,20.5,20.6299991607666,20.6299991607666,115900
2015-04-10,20.75,21.270000457763672,20.75,20.969999313354492,20.969999313354492,56300
2015-04-13,21.059999465942383,21.68000030517578,20.770000457763672,21.260000228881836,21.260000228881836,99500
2015-04-14,21.25,21.989999771118164,21.052000045776367,21.690000534057617,21.690000534057617,105700
2015-04-15,21.959999084472656,22.690000534057617,21.474000930786133,22.40999984741211,22.40999984741211,114500
2015-04-16,22.309999465942383,22.829999923706055,22.035999298095703,22.540000915527344,22.540000915527344,123100
2015-04-17,22.440000534057617,22.530000686645508,22.0,22.329999923706055,22.329999923706055,107200
2015-04-20,22.600000381469727,23.3700008392334,22.145999908447266,23.299999237060547,23.299999237060547,136800
2015-04-21,23.450000762939453,23.719999313354492,22.399999618530273,22.889999389648438,22.889999389648438,77200
2015-04-22,23.020000457763672,23.020000457763672,22.200000762939453,22.309999465942383,22.309999465942383,71500
2015-04-23,22.170000076293945,22.219999313354492,21.6299991607666,22.040000915527344,22.040000915527344,80500
2015-04-24,21.969999313354492,22.190000534057617,21.756000518798828,21.920000076293945,21.920000076293945,39200
2015-04-27,22.209999084472656,22.350000381469727,20.309999465942383,20.75,20.75,112700
2015-04-28,20.829999923706055,20.94499969482422,19.8799991607666,20.3700008392334,20.3700008392334,117200
2015-04-29,20.270000457763672,20.459999084472656,19.700000762939453,19.940000534057617,19.940000534057617,76000
2015-04-30,19.780000686645508,19.969999313354492,19.25,19.674999237060547,19.674999237060547,131500
2015-05-01,19.84000015258789,20.600000381469727,19.68400001525879,20.219999313354492,20.219999313354492,109100
2015-05-04,20.1200008392334,20.889999389648438,20.0,20.15999984741211,20.15999984741211,124100
2015-05-05,20.200000762939453,20.3799991607666,19.979999542236328,20.229999542236328,20.229999542236328,77100
2015-05-06,20.3700008392334,20.8799991607666,20.125,20.700000762939453,20.700000762939453,81800
2015-05-07,20.780000686645508,21.0,20.1200008392334,20.420000076293945,20.420000076293945,120100
2015-05-08,20.59000015258789,20.709999084472656,20.079999923706055,20.360000610351562,20.360000610351562,80300
2015-05-11,20.229999542236328,21.520000457763672,20.170000076293945,20.56999969482422,20.56999969482422,197400
2015-05-12,20.3700008392334,20.440000534057617,19.829999923706055,20.239999771118164,20.239999771118164,65100
2015-05-13,20.5,21.749000549316406,19.850000381469727,20.290000915527344,20.290000915527344,353700
2015-05-14,20.5,24.84000015258789,20.5,24.290000915527344,24.290000915527344,831300
2015-05-15,24.389999389648438,27.799999237060547,23.690000534057617,26.389999389648438,26.389999389648438,754600
2015-05-18,26.209999084472656,26.989999771118164,25.6299991607666,26.649999618530273,26.649999618530273,712700
2015-05-19,26.719999313354492,27.0,25.739999771118164,25.940000534057617,25.940000534057617,307700
2015-05-20,26.09000015258789,26.214000701904297,25.510000228881836,25.940000534057617,25.940000534057617,227600
2015-05-21,26.0,26.195999145507812,25.729999542236328,25.780000686645508,25.780000686645508,126400
2015-05-22,25.649999618530273,26.079999923706055,25.399999618530273,25.850000381469727,25.850000381469727,189800
2015-05-26,25.829999923706055,26.18400001525879,25.440000534057617,25.469999313354492,25.469999313354492,176400
2015-05-27,25.639999389648438,25.88599967956543,25.43000030517578,25.56999969482422,25.56999969482422,221500
2015-05-28,25.280000686645508,25.780000686645508,25.239999771118164,25.459999084472656,25.459999084472656,177500
2015-05-29,25.489999771118164,25.760000228881836,25.09000015258789,25.600000381469727,25.600000381469727,199800
2015-06-01,25.809999465942383,26.06999969482422,25.389999389648438,25.850000381469727,25.850000381469727,122900
2015-06-02,25.850000381469727,25.989999771118164,25.3700008392334,25.940000534057617,25.940000534057617,144600
2015-06-03,26.110000610351562,31.3799991607666,26.100000381469727,30.719999313354492,30.719999313354492,1072800
2015-06-04,31.219999313354492,31.469999313354492,29.520000457763672,30.139999389648438,30.139999389648438,256600
2015-06-05,30.209999084472656,31.020000457763672,29.5,30.350000381469727,30.350000381469727,453900
2015-06-08,30.09000015258789,32.25,30.09000015258789,32.08000183105469,32.08000183105469,477800
2015-06-09,32.380001068115234,33.25,31.43000030517578,32.02000045776367,32.02000045776367,248900
2015-06-10,32.0099983215332,32.93000030517578,31.709999084472656,32.45000076293945,32.45000076293945,221900
2015-06-11,32.47999954223633,32.47999954223633,32.0099983215332,32.25,32.25,110300
2015-06-12,32.25,33.6609992980957,31.65999984741211,33.439998626708984,33.439998626708984,180200
2015-06-15,33.36000061035156,33.91999816894531,32.5,33.25,33.25,206500
2015-06-16,33.290000915527344,33.5,33.0,33.20000076293945,33.20000076293945,136200
2015-06-17,33.25,35.720001220703125,33.22999954223633,34.08000183105469,34.08000183105469,464900
2015-06-18,34.59000015258789,35.040000915527344,34.119998931884766,34.59000015258789,34.59000015258789,194900
2015-06-19,34.459999084472656,35.02000045776367,33.9370002746582,34.810001373291016,34.810001373291016,297000
2015-06-22,34.900001525878906,35.0,32.970001220703125,34.08000183105469,34.08000183105469,310400
2015-06-23,34.15999984741211,34.41999816894531,33.15999984741211,34.18000030517578,34.18000030517578,145600
2015-06-24,34.15999984741211,34.65999984741211,33.099998474121094,33.400001525878906,33.400001525878906,172000
2015-06-25,33.33000183105469,33.7400016784668,32.709999084472656,33.029998779296875,33.029998779296875,261300
2015-06-26,33.130001068115234,33.880001068115234,32.35200119018555,32.779998779296875,32.779998779296875,1148200
2015-06-29,32.54999923706055,32.84000015258789,31.209999084472656,31.520000457763672,31.520000457763672,177600
2015-06-30,31.959999084472656,32.349998474121094,31.479999542236328,31.979999542236328,31.979999542236328,112100
2015-07-01,32.38999938964844,33.0099983215332,31.56999969482422,31.770000457763672,31.770000457763672,98600
2015-07-02,31.6299991607666,31.780000686645508,31.209999084472656,31.479999542236328,31.479999542236328,105100
2015-07-06,31.34000015258789,31.979999542236328,30.75,31.600000381469727,31.600000381469727,98900
2015-07-07,31.510000228881836,31.520000457763672,30.25,31.209999084472656,31.209999084472656,201100
2015-07-08,30.639999389648438,31.350000381469727,30.15999984741211,30.229999542236328,30.229999542236328,129900
2015-07-09,30.600000381469727,30.989999771118164,29.770000457763672,29.809999465942383,29.809999465942383,117300
2015-07-10,30.190000534057617,31.0,29.940000534057617,30.959999084472656,30.959999084472656,139000
2015-07-13,30.950000762939453,31.59000015258789,30.56999969482422,30.790000915527344,30.790000915527344,122300
2015-07-14,30.639999389648438,31.56999969482422,30.639999389648438,31.389999389648438,31.389999389648438,240700
2015-07-15,31.540000915527344,31.780000686645508,30.799999237060547,31.06999969482422,31.06999969482422,101200
2015-07-16,31.139999389648438,31.6299991607666,30.875,31.170000076293945,31.170000076293945,93300
2015-07-17,31.040000915527344,32.09000015258789,30.889999389648438,32.029998779296875,32.029998779296875,154800
2015-07-20,32.459999084472656,32.459999084472656,30.579999923706055,30.8799991607666,30.8799991607666,156100
2015-07-21,31.0,31.350000381469727,30.461999893188477,31.170000076293945,31.170000076293945,98400
2015-07-22,30.860000610351562,31.56999969482422,30.6200008392334,31.3700008392334,31.3700008392334,121100
2015-07-23,31.270000457763672,32.2599983215332,31.270000457763672,32.0,32.0,120600
2015-07-24,31.81999969482422,32.150001525878906,31.200000762939453,31.440000534057617,31.440000534057617,140800
2015-07-27,31.100000381469727,31.75,30.743999481201172,31.690000534057617,31.690000534057617,92600
2015-07-28,31.84000015258789,32.869998931884766,31.700000762939453,32.70000076293945,32.70000076293945,81600
2015-07-29,32.650001525878906,32.790000915527344,31.329999923706055,31.760000228881836,31.760000228881836,120600
2015-07-30,31.559999465942383,32.04999923706055,31.138999938964844,31.860000610351562,31.860000610351562,88500
2015-07-31,31.860000610351562,32.380001068115234,30.93000030517578,31.030000686645508,31.030000686645508,221800
2015-08-03,30.90999984741211,32.790000915527344,30.356000900268555,31.81999969482422,31.81999969482422,149600
2015-08-04,31.860000610351562,32.08000183105469,31.40999984741211,31.770000457763672,31.770000457763672,82900
2015-08-05,31.940000534057617,32.65999984741211,31.68000030517578,32.650001525878906,32.650001525878906,135000
2015-08-06,32.540000915527344,33.709999084472656,30.110000610351562,31.209999084472656,31.209999084472656,230400
2015-08-07,26.610000610351562,29.93000030517578,24.81999969482422,29.81999969482422,29.81999969482422,328800
2015-08-10,30.110000610351562,30.860000610351562,29.780000686645508,30.149999618530273,30.149999618530273,141900
2015-08-11,29.690000534057617,30.15999984741211,28.3700008392334,28.969999313354492,28.969999313354492,93200
2015-08-12,28.540000915527344,28.850000381469727,27.389999389648438,28.760000228881836,28.760000228881836,97500
2015-08-13,28.790000915527344,30.163999557495117,28.520000457763672,29.729999542236328,29.729999542236328,144300
2015-08-14,29.559999465942383,30.329999923706055,28.809999465942383,30.25,30.25,195200
2015-08-17,30.34000015258789,31.799999237060547,29.889999389648438,31.579999923706055,31.579999923706055,203300
2015-08-18,31.399999618530273,31.93000030517578,30.600000381469727,31.139999389648438,31.139999389648438,183800
2015-08-19,30.799999237060547,31.65999984741211,30.264999389648438,30.700000762939453,30.700000762939453,139000
2015-08-20,30.3799991607666,31.100000381469727,29.684999465942383,30.170000076293945,30.170000076293945,162500
2015-08-21,29.309999465942383,31.219999313354492,26.639999389648438,30.59000015258789,30.59000015258789,213200
2015-08-24,29.329999923706055,29.6200008392334,27.010000228881836,29.6200008392334,29.6200008392334,213100
2015-08-25,30.450000762939453,30.670000076293945,29.489999771118164,29.979999542236328,29.979999542236328,273400
2015-08-26,30.479999542236328,30.940000534057617,29.18000030517578,30.479999542236328,30.479999542236328,122900
2015-08-27,30.809999465942383,31.3799991607666,30.110000610351562,30.510000228881836,30.510000228881836,100400
2015-08-28,30.360000610351562,30.75,29.989999771118164,30.5,30.5,101700
2015-08-31,30.469999313354492,30.81999969482422,29.799999237060547,30.260000228881836,30.260000228881836,70300
2015-09-01,29.65999984741211,30.469999313354492,29.309999465942383,29.709999084472656,29.709999084472656,109200
2015-09-02,30.149999618530273,30.639999389648438,29.540000915527344,30.479999542236328,30.479999542236328,126600
2015-09-03,30.520000457763672,31.049999237060547,29.34000015258789,29.520000457763672,29.520000457763672,85800
2015-09-04,29.350000381469727,29.8700008392334,29.010000228881836,29.309999465942383,29.309999465942383,73300
2015-09-08,29.829999923706055,30.760000228881836,29.6200008392334,30.479999542236328,30.479999542236328,114800
2015-09-09,30.950000762939453,30.950000762939453,29.8700008392334,30.030000686645508,30.030000686645508,96200
2015-09-10,30.1299991607666,30.700000762939453,30.1299991607666,30.5,30.5,113600
2015-09-11,30.43000030517578,30.639999389648438,29.81999969482422,30.5,30.5,159200
2015-09-14,30.610000610351562,30.68000030517578,29.209999084472656,29.8700008392334,29.8700008392334,130700
2015-09-15,30.010000228881836,30.010000228881836,28.760000228881836,29.06999969482422,29.06999969482422,105400
2015-09-16,29.209999084472656,30.020000457763672,28.670000076293945,29.450000762939453,29.450000762939453,105100
2015-09-17,29.549999237060547,30.649999618530273,29.308000564575195,30.31999969482422,30.31999969482422,123300
2015-09-18,30.0,30.690000534057617,29.844999313354492,30.219999313354492,30.219999313354492,306500
2015-09-21,30.709999084472656,30.709999084472656,28.799999237060547,29.09000015258789,29.09000015258789,128100
2015-09-22,28.729999542236328,28.850000381469727,27.59000015258789,28.209999084472656,28.209999084472656,98500
2015-09-23,28.399999618530273,28.399999618530273,27.559999465942383,27.770000457763672,27.770000457763672,116600
2015-09-24,27.6200008392334,28.5,27.21500015258789,28.31999969482422,28.31999969482422,167400
2015-09-25,28.639999389648438,28.860000610351562,26.34000015258789,27.010000228881836,27.010000228881836,292100
2015-09-28,26.739999771118164,26.739999771118164,25.59000015258789,26.270000457763672,26.270000457763672,545400
2015-09-29,26.84000015258789,29.489999771118164,26.639999389648438,27.780000686645508,27.780000686645508,250500
2015-09-30,27.969999313354492,29.81999969482422,27.969999313354492,29.760000228881836,29.760000228881836,247200
2015-10-01,29.8799991607666,30.549999237060547,28.639999389648438,30.469999313354492,30.469999313354492,160300
2015-10-02,30.06999969482422,32.209999084472656,29.989999771118164,32.16999816894531,32.16999816894531,162400
2015-10-05,32.72999954223633,33.20000076293945,30.860000610351562,32.0,32.0,304200
2015-10-06,32.0,32.41999816894531,30.020000457763672,31.270000457763672,31.270000457763672,298700
2015-10-07,31.43000030517578,31.8700008392334,30.280000686645508,31.34000015258789,31.34000015258789,285400
2015-10-08,31.5,31.5,29.3700008392334,30.059999465942383,30.059999465942383,176300
2015-10-09,30.209999084472656,31.420000076293945,29.989999771118164,30.889999389648438,30.889999389648438,59900
2015-10-12,31.110000610351562,31.200000762939453,30.520000457763672,30.719999313354492,30.719999313354492,111200
2015-10-13,30.540000915527344,31.06999969482422,28.719999313354492,28.959999084472656,28.959999084472656,100000
2015-10-14,29.1200008392334,29.87700080871582,27.059999465942383,27.40999984741211,27.40999984741211,203600
2015-10-15,27.389999389648438,28.139999389648438,26.2450008392334,28.059999465942383,28.059999465942383,261000
2015-10-16,28.18000030517578,29.389999389648438,27.1299991607666,27.540000915527344,27.540000915527344,220900
2015-10-19,27.3799991607666,28.746000289916992,26.690000534057617,28.260000228881836,28.260000228881836,163100
2015-10-20,28.1299991607666,28.1299991607666,26.083999633789062,27.040000915527344,27.040000915527344,141200
2015-10-21,27.329999923706055,27.40999984741211,25.56999969482422,26.940000534057617,26.940000534057617,108800
2015-10-22,27.079999923706055,27.079999923706055,25.649999618530273,26.309999465942383,26.309999465942383,80200
2015-10-23,26.549999237060547,27.549999237060547,26.25,26.389999389648438,26.389999389648438,174200
2015-10-26,26.450000762939453,27.440000534057617,25.650999069213867,26.940000534057617,26.940000534057617,60800
2015-10-27,26.8799991607666,27.239999771118164,26.440000534057617,26.90999984741211,26.90999984741211,182800
2015-10-28,27.059999465942383,27.75,25.93000030517578,26.729999542236328,26.729999542236328,176200
2015-10-29,35.65999984741211,38.4900016784668,31.110000610351562,37.59000015258789,37.59000015258789,4426600
2015-10-30,37.54999923706055,40.060001373291016,35.74300003051758,39.16999816894531,39.16999816894531,860100
2015-11-02,36.91999816894531,39.75,36.209999084472656,39.56999969482422,39.56999969482422,715200
2015-11-03,39.380001068115234,39.47999954223633,36.779998779296875,37.369998931884766,37.369998931884766,504700
2015-11-04,37.43000030517578,38.70000076293945,36.5,36.810001373291016,36.810001373291016,2722800
2015-11-05,36.97999954223633,37.470001220703125,35.0,35.369998931884766,35.369998931884766,612400
2015-11-06,35.20000076293945,37.2400016784668,35.20000076293945,36.939998626708984,36.939998626708984,399400
2015-11-09,36.939998626708984,37.827999114990234,36.02000045776367,36.150001525878906,36.150001525878906,396300
2015-11-10,36.0,39.5,35.060001373291016,39.380001068115234,39.380001068115234,525300
2015-11-11,39.380001068115234,42.40999984741211,39.380001068115234,40.779998779296875,40.779998779296875,601300
2015-11-12,40.400001525878906,41.41999816894531,38.650001525878906,39.27000045776367,39.27000045776367,453900
2015-11-13,39.310001373291016,41.029998779296875,38.0,39.04999923706055,39.04999923706055,506700
2015-11-16,38.790000915527344,39.689998626708984,37.75,39.56999969482422,39.56999969482422,359100
2015-11-17,39.11000061035156,41.119998931884766,38.28499984741211,38.43000030517578,38.43000030517578,285300
2015-11-18,38.380001068115234,39.36000061035156,37.84000015258789,39.09000015258789,39.09000015258789,314700
2015-11-19,39.380001068115234,39.380001068115234,36.380001068115234,36.459999084472656,36.459999084472656,477900
2015-11-20,36.470001220703125,36.4900016784668,32.650001525878906,35.310001373291016,35.310001373291016,2215900
2015-11-23,35.439998626708984,38.47999954223633,35.439998626708984,37.689998626708984,37.689998626708984,730500
2015-11-24,37.060001373291016,37.52000045776367,36.2599983215332,36.91999816894531,36.91999816894531,384100
2015-11-25,36.880001068115234,38.900001525878906,36.880001068115234,38.86000061035156,38.86000061035156,297600
2015-11-27,38.7400016784668,39.94900131225586,38.52000045776367,39.130001068115234,39.130001068115234,78400
2015-11-30,39.18000030517578,39.90999984741211,38.25,38.810001373291016,38.810001373291016,360700
2015-12-01,38.790000915527344,40.220001220703125,37.779998779296875,39.4900016784668,39.4900016784668,365900
2015-12-02,39.369998931884766,40.400001525878906,38.689998626708984,38.900001525878906,38.900001525878906,214400
2015-12-03,39.0099983215332,39.34000015258789,37.060001373291016,37.779998779296875,37.779998779296875,241800
2015-12-04,37.84000015258789,39.5,37.150001525878906,39.38999938964844,39.38999938964844,372600
2015-12-07,39.22999954223633,39.2599983215332,37.0,37.47999954223633,37.47999954223633,226500
2015-12-08,37.290000915527344,38.189998626708984,36.65999984741211,37.36000061035156,37.36000061035156,210500
2015-12-09,37.310001373291016,37.32500076293945,36.369998931884766,36.5,36.5,142300
2015-12-10,36.540000915527344,37.40999984741211,35.939998626708984,36.47999954223633,36.47999954223633,161100
2015-12-11,35.93000030517578,36.44499969482422,35.02000045776367,35.119998931884766,35.119998931884766,240000
2015-12-14,35.04999923706055,37.16999816894531,35.040000915527344,36.31999969482422,36.31999969482422,526100
2015-12-15,36.54999923706055,37.459999084472656,36.02000045776367,36.15999984741211,36.15999984741211,326000
2015-12-16,36.709999084472656,37.400001525878906,36.08000183105469,36.90999984741211,36.90999984741211,270900
2015-12-17,37.119998931884766,37.97999954223633,35.20000076293945,35.88999938964844,35.88999938964844,347900
2015-12-18,35.81999969482422,37.45000076293945,35.70000076293945,35.970001220703125,35.970001220703125,1225600
2015-12-21,36.0099983215332,36.81999969482422,34.81999969482422,36.56999969482422,36.56999969482422,290900
2015-12-22,36.7400016784668,36.970001220703125,35.040000915527344,35.63999938964844,35.63999938964844,174300
2015-12-23,35.77000045776367,36.650001525878906,35.59000015258789,36.36000061035156,36.36000061035156,125300
2015-12-24,34.0,36.77000045776367,32.650001525878906,36.15999984741211,36.15999984741211,832900
2015-12-28,35.540000915527344,36.52299880981445,34.45500183105469,35.09000015258789,35.09000015258789,171400
2015-12-29,35.439998626708984,36.45500183105469,35.150001525878906,35.369998931884766,35.369998931884766,249400
2015-12-30,35.27000045776367,36.11000061035156,35.099998474121094,35.5099983215332,35.5099983215332,111300
2015-12-31,35.5,35.900001525878906,34.060001373291016,34.15999984741211,34.15999984741211,383500
2016-01-04,33.7599983215332,34.54999923706055,33.0099983215332,33.36000061035156,33.36000061035156,408800
2016-01-05,33.52000045776367,34.119998931884766,33.099998474121094,33.59000015258789,33.59000015258789,307100
2016-01-06,33.16999816894531,33.25,30.6200008392334,31.760000228881836,31.760000228881836,522200
2016-01-07,30.559999465942383,31.100000381469727,26.780000686645508,28.3799991607666,28.3799991607666,1225800
2016-01-08,29.049999237060547,29.18000030517578,28.200000762939453,28.229999542236328,28.229999542236328,576300
2016-01-11,28.479999542236328,28.479999542236328,25.1299991607666,25.450000762939453,25.450000762939453,401500
2016-01-12,25.739999771118164,26.299999237060547,24.670000076293945,26.290000915527344,26.290000915527344,393100
2016-01-13,26.3799991607666,26.649999618530273,23.600000381469727,24.979999542236328,24.979999542236328,328200
2016-01-14,25.170000076293945,25.729999542236328,22.93000030517578,25.209999084472656,25.209999084472656,413100
2016-01-15,24.389999389648438,24.59000015258789,23.264999389648438,24.139999389648438,24.139999389648438,479300
2016-01-19,24.489999771118164,24.489999771118164,22.549999237060547,23.559999465942383,23.559999465942383,810900
2016-01-20,23.219999313354492,25.15999984741211,22.709999084472656,24.600000381469727,24.600000381469727,628900
2016-01-21,24.530000686645508,25.489999771118164,22.1200008392334,22.280000686645508,22.280000686645508,395000
2016-01-22,22.65999984741211,23.030000686645508,22.0,22.760000228881836,22.760000228881836,412500
2016-01-25,22.600000381469727,23.600000381469727,22.549999237060547,22.739999771118164,22.739999771118164,270000
2016-01-26,22.780000686645508,23.170000076293945,21.3700008392334,22.225000381469727,22.225000381469727,380500
2016-01-27,22.229999542236328,22.81999969482422,21.3799991607666,21.799999237060547,21.799999237060547,463400
2016-01-28,22.149999618530273,22.149999618530273,20.100000381469727,20.299999237060547,20.299999237060547,280900
2016-01-29,20.329999923706055,21.350000381469727,20.010000228881836,20.729999542236328,20.729999542236328,353400
2016-02-01,20.65999984741211,21.100000381469727,19.809999465942383,21.0,21.0,311200
2016-02-02,20.719999313354492,20.84000015258789,19.549999237060547,20.31999969482422,20.31999969482422,519100
2016-02-03,20.450000762939453,20.450000762939453,18.790000915527344,19.850000381469727,19.850000381469727,305100
2016-02-04,19.780000686645508,20.639999389648438,19.110000610351562,19.360000610351562,19.360000610351562,312400
2016-02-05,19.219999313354492,19.790000915527344,18.049999237060547,18.5,18.5,529900
2016-02-08,18.350000381469727,18.540000915527344,17.489999771118164,17.639999389648438,17.639999389648438,449400
2016-02-09,17.299999237060547,17.610000610351562,16.549999237060547,17.1200008392334,17.1200008392334,273000
2016-02-10,17.219999313354492,17.889999389648438,16.739999771118164,16.829999923706055,16.829999923706055,271600
2016-02-11,16.559999465942383,17.440000534057617,16.01099967956543,16.770000457763672,16.770000457763672,304100
2016-02-12,17.020000457763672,17.270000457763672,16.270000457763672,17.09000015258789,17.09000015258789,273400
2016-02-16,17.209999084472656,17.81999969482422,16.950000762939453,17.229999542236328,17.229999542236328,254000
2016-02-17,17.40999984741211,19.8700008392334,17.40999984741211,19.59000015258789,19.59000015258789,371900
2016-02-18,19.6200008392334,19.698999404907227,17.979999542236328,18.09000015258789,18.09000015258789,243400
2016-02-19,17.899999618530273,18.790000915527344,17.43000030517578,18.479999542236328,18.479999542236328,217400
2016-02-22,18.959999084472656,19.43000030517578,18.190000534057617,18.59000015258789,18.59000015258789,244500
2016-02-23,18.489999771118164,18.739999771118164,18.190000534057617,18.360000610351562,18.360000610351562,337900
2016-02-24,18.139999389648438,18.735000610351562,17.799999237060547,18.579999923706055,18.579999923706055,395000
2016-02-25,18.6299991607666,18.950000762939453,18.219999313354492,18.559999465942383,18.559999465942383,277100
2016-02-26,18.670000076293945,19.139999389648438,18.670000076293945,19.09000015258789,19.09000015258789,190500
2016-02-29,19.0,19.170000076293945,17.6200008392334,17.684999465942383,17.684999465942383,463800
2016-03-01,17.75,17.920000076293945,16.524999618530273,17.520000457763672,17.520000457763672,315100
2016-03-02,17.489999771118164,17.989999771118164,17.350000381469727,17.809999465942383,17.809999465942383,242900
2016-03-03,18.799999237060547,20.3799991607666,18.5,20.059999465942383,20.059999465942383,713200
2016-03-04,20.200000762939453,20.200000762939453,19.010000228881836,20.149999618530273,20.149999618530273,460200
2016-03-07,20.170000076293945,20.989999771118164,19.84000015258789,20.299999237060547,20.299999237060547,419800
2016-03-08,20.1200008392334,20.1200008392334,18.34000015258789,18.719999313354492,18.719999313354492,515500
2016-03-09,18.8700008392334,19.110000610351562,17.40999984741211,18.079999923706055,18.079999923706055,290700
2016-03-10,18.239999771118164,18.260000228881836,16.780000686645508,17.34000015258789,17.34000015258789,198700
2016-03-11,17.450000762939453,18.31999969482422,17.25,18.149999618530273,18.149999618530273,307700
2016-03-14,18.139999389648438,18.59000015258789,17.920000076293945,18.3700008392334,18.3700008392334,367900
2016-03-15,18.190000534057617,18.579999923706055,16.760000228881836,16.989999771118164,16.989999771118164,323900
2016-03-16,16.889999389648438,17.260000228881836,15.869999885559082,16.43000030517578,16.43000030517578,354500
2016-03-17,16.549999237060547,16.829999923706055,15.979999542236328,16.479999542236328,16.479999542236328,459000
2016-03-18,16.59000015258789,17.170000076293945,15.630000114440918,16.6200008392334,16.6200008392334,918200
2016-03-21,16.6200008392334,17.100000381469727,16.290000915527344,16.389999389648438,16.389999389648438,267400
2016-03-22,16.260000228881836,17.149999618530273,16.200000762939453,17.100000381469727,17.100000381469727,272600
2016-03-23,17.229999542236328,18.465999603271484,16.68000030517578,17.18000030517578,17.18000030517578,469300
2016-03-24,16.979999542236328,17.719999313354492,16.549999237060547,17.360000610351562,17.360000610351562,406500
2016-03-28,17.34000015258789,17.420000076293945,16.239999771118164,16.739999771118164,16.739999771118164,319100
2016-03-29,16.579999923706055,17.649999618530273,15.920999526977539,17.6299991607666,17.6299991607666,279000
2016-03-30,17.770000457763672,18.280000686645508,17.280000686645508,17.559999465942383,17.559999465942383,191400
2016-03-31,17.520000457763672,18.440000534057617,17.43000030517578,17.459999084472656,17.459999084472656,305400
2016-04-01,17.43000030517578,18.940000534057617,17.170000076293945,18.860000610351562,18.860000610351562,317300
2016-04-04,18.90999984741211,19.399999618530273,18.510000228881836,18.559999465942383,18.559999465942383,282100
2016-04-05,18.420000076293945,19.09000015258789,18.350000381469727,18.93000030517578,18.93000030517578,200500
2016-04-06,19.040000915527344,20.25,19.0,20.209999084472656,20.209999084472656,276500
2016-04-07,20.010000228881836,20.700000762939453,18.700000762939453,18.950000762939453,18.950000762939453,288800
2016-04-08,19.260000228881836,20.5,18.639999389648438,19.06999969482422,19.06999969482422,193400
2016-04-11,19.110000610351562,19.530000686645508,18.899999618530273,19.059999465942383,19.059999465942383,244100
2016-04-12,18.899999618530273,19.1200008392334,18.429000854492188,18.649999618530273,18.649999618530273,133400
2016-04-13,18.8799991607666,19.889999389648438,18.700000762939453,19.700000762939453,19.700000762939453,310000
2016-04-14,19.809999465942383,19.809999465942383,18.90999984741211,18.969999313354492,18.969999313354492,156400
2016-04-15,18.93000030517578,19.200000762939453,18.625,19.0,19.0,138100
2016-04-18,19.0,19.760000228881836,18.790000915527344,19.690000534057617,19.690000534057617,210700
2016-04-19,19.700000762939453,19.93000030517578,18.850000381469727,19.190000534057617,19.190000534057617,136400
2016-04-20,19.31999969482422,19.450000762939453,18.940000534057617,19.100000381469727,19.100000381469727,123200
2016-04-21,18.989999771118164,19.674999237060547,18.93000030517578,19.6299991607666,19.6299991607666,222700
2016-04-22,19.6200008392334,20.520000457763672,19.610000610351562,20.399999618530273,20.399999618530273,174500
2016-04-25,20.3799991607666,20.3799991607666,19.716999053955078,20.170000076293945,20.170000076293945,167000
2016-04-26,20.1299991607666,20.1299991607666,19.389999389648438,19.690000534057617,19.690000534057617,138500
2016-04-27,19.600000381469727,19.860000610351562,19.059999465942383,19.200000762939453,19.200000762939453,105600
2016-04-28,19.18000030517578,19.479999542236328,18.709999084472656,18.790000915527344,18.790000915527344,130300
2016-04-29,18.770000457763672,18.829999923706055,17.899999618530273,18.3799991607666,18.3799991607666,151200
2016-05-02,18.56999969482422,18.75,17.790000915527344,18.729999542236328,18.729999542236328,141500
2016-05-03,18.43000030517578,18.670000076293945,17.860000610351562,18.100000381469727,18.100000381469727,173900
2016-05-04,17.8700008392334,18.0,16.81999969482422,16.899999618530273,16.899999618530273,151200
2016-05-05,17.059999465942383,17.100000381469727,16.280000686645508,16.6299991607666,16.6299991607666,168500
2016-05-06,16.450000762939453,16.760000228881836,15.899999618530273,16.260000228881836,16.260000228881836,189100
2016-05-09,16.18000030517578,17.1299991607666,16.18000030517578,16.940000534057617,16.940000534057617,169100
2016-05-10,16.110000610351562,17.604999542236328,15.409000396728516,17.43000030517578,17.43000030517578,296500
2016-05-11,17.3700008392334,17.399999618530273,16.56999969482422,17.1200008392334,17.1200008392334,173200
2016-05-12,17.270000457763672,17.270000457763672,16.200000762939453,16.530000686645508,16.530000686645508,246200
2016-05-13,16.469999313354492,17.149999618530273,16.450000762939453,16.809999465942383,16.809999465942383,166400
2016-05-16,16.90999984741211,17.579999923706055,16.780000686645508,17.549999237060547,17.549999237060547,166200
2016-05-17,17.600000381469727,17.979999542236328,17.030000686645508,17.270000457763672,17.270000457763672,118300
2016-05-18,17.190000534057617,18.0,17.030000686645508,17.450000762939453,17.450000762939453,169800
2016-05-19,17.15999984741211,17.459999084472656,16.729999542236328,17.110000610351562,17.110000610351562,126300
2016-05-20,17.170000076293945,18.440000534057617,16.780000686645508,18.34000015258789,18.34000015258789,154700
2016-05-23,18.290000915527344,18.545000076293945,17.649999618530273,17.780000686645508,17.780000686645508,221000
2016-05-24,17.920000076293945,19.68000030517578,17.81999969482422,19.530000686645508,19.530000686645508,393400
2016-05-25,19.59000015258789,19.850000381469727,19.399999618530273,19.68000030517578,19.68000030517578,259600
2016-05-26,19.639999389648438,19.649999618530273,19.360000610351562,19.579999923706055,19.579999923706055,151300
2016-05-27,19.559999465942383,20.0,19.350000381469727,19.829999923706055,19.829999923706055,192800
2016-05-31,19.989999771118164,20.770000457763672,19.68000030517578,20.5,20.5,278200
2016-06-01,20.489999771118164,20.780000686645508,19.030000686645508,19.190000534057617,19.190000534057617,294700
2016-06-02,19.219999313354492,20.56999969482422,19.0,20.09000015258789,20.09000015258789,218500
2016-06-03,19.989999771118164,20.170000076293945,18.850000381469727,19.110000610351562,19.110000610351562,179500
2016-06-06,19.260000228881836,20.329999923706055,18.59000015258789,20.219999313354492,20.219999313354492,235200
2016-06-07,19.860000610351562,20.950000762939453,19.6200008392334,20.670000076293945,20.670000076293945,280600
2016-06-08,20.690000534057617,20.700000762939453,19.5,19.899999618530273,19.899999618530273,251900
2016-06-09,19.84000015258789,20.44499969482422,19.0,19.190000534057617,19.190000534057617,217000
2016-06-10,19.0,19.290000915527344,18.280000686645508,18.459999084472656,18.459999084472656,147700
2016-06-13,18.25,18.739999771118164,17.889999389648438,18.350000381469727,18.350000381469727,683700
2016-06-14,13.699999809265137,15.0,12.930000305175781,13.210000038146973,13.210000038146973,4168500
2016-06-15,13.130000114440918,14.600000381469727,13.09000015258789,14.15999984741211,14.15999984741211,777100
2016-06-16,14.020000457763672,14.220000267028809,13.725000381469727,13.970000267028809,13.970000267028809,387100
2016-06-17,13.75,14.0,13.345000267028809,13.380000114440918,13.380000114440918,623400
2016-06-20,13.5600004196167,13.649999618530273,13.020000457763672,13.640000343322754,13.640000343322754,393100
2016-06-21,13.569999694824219,13.739999771118164,13.020000457763672,13.65999984741211,13.65999984741211,414300
2016-06-22,13.710000038146973,14.09000015258789,13.229999542236328,13.649999618530273,13.649999618530273,196200
2016-06-23,13.859999656677246,14.050000190734863,13.6899995803833,13.989999771118164,13.989999771118164,155900
2016-06-24,13.34000015258789,13.819999694824219,12.899999618530273,13.039999961853027,13.039999961853027,420800
2016-06-27,13.0,13.670000076293945,12.619999885559082,12.739999771118164,12.739999771118164,447600
2016-06-28,12.710000038146973,13.359000205993652,12.710000038146973,13.270000457763672,13.270000457763672,290700
2016-06-29,13.479999542236328,14.329999923706055,13.34000015258789,13.890000343322754,13.890000343322754,451500
2016-06-30,13.989999771118164,14.020000457763672,13.444999694824219,13.600000381469727,13.600000381469727,253000
2016-07-01,13.539999961853027,13.753000259399414,13.380000114440918,13.619999885559082,13.619999885559082,204400
2016-07-05,13.640000343322754,13.710000038146973,12.880000114440918,12.90999984741211,12.90999984741211,252500
2016-07-06,12.779999732971191,13.0600004196167,12.607000350952148,12.920000076293945,12.920000076293945,222800
2016-07-07,13.0,13.305000305175781,12.539999961853027,12.850000381469727,12.850000381469727,201100
2016-07-08,12.890000343322754,13.420000076293945,12.720000267028809,13.289999961853027,13.289999961853027,191800
2016-07-11,13.34000015258789,13.579999923706055,13.15999984741211,13.25,13.25,136700
2016-07-12,13.350000381469727,13.699999809265137,13.350000381469727,13.520000457763672,13.520000457763672,188400
2016-07-13,13.649999618530273,13.84000015258789,13.579999923706055,13.65999984741211,13.65999984741211,237600
2016-07-14,13.770000457763672,13.880000114440918,13.100000381469727,13.84000015258789,13.84000015258789,259100
2016-07-15,13.880000114440918,14.0,13.65999984741211,13.880000114440918,13.880000114440918,247700
2016-07-18,13.949999809265137,14.130000114440918,13.670000076293945,14.09000015258789,14.09000015258789,218600
2016-07-19,14.069999694824219,14.215999603271484,13.100000381469727,13.130000114440918,13.130000114440918,220500
2016-07-20,13.170000076293945,13.949999809265137,13.119999885559082,13.829999923706055,13.829999923706055,298000
2016-07-21,13.880000114440918,14.300000190734863,13.460000038146973,13.569999694824219,13.569999694824219,223700
2016-07-22,13.529999732971191,13.989999771118164,13.399999618530273,13.5600004196167,13.5600004196167,153800
2016-07-25,13.600000381469727,14.020000457763672,13.149999618530273,13.789999961853027,13.789999961853027,201500
2016-07-26,13.779999732971191,14.399999618530273,13.619999885559082,14.289999961853027,14.289999961853027,164000
2016-07-27,14.319999694824219,14.579999923706055,13.800000190734863,14.1899995803833,14.1899995803833,172900
2016-07-28,14.020000457763672,14.15999984741211,13.569999694824219,13.65999984741211,13.65999984741211,96100
2016-07-29,13.649999618530273,13.800000190734863,13.210000038146973,13.489999771118164,13.489999771118164,188200
2016-08-01,13.40999984741211,13.609999656677246,13.079999923706055,13.25,13.25,232800
2016-08-02,13.1899995803833,13.4399995803833,12.770000457763672,12.819999694824219,12.819999694824219,233100
2016-08-03,12.710000038146973,14.204999923706055,12.609999656677246,14.010000228881836,14.010000228881836,351900
2016-08-04,14.010000228881836,14.145999908447266,13.65999984741211,13.699999809265137,13.699999809265137,168300
2016-08-05,13.90999984741211,13.920000076293945,13.0,13.819999694824219,13.819999694824219,241900
2016-08-08,13.899999618530273,14.057000160217285,13.569999694824219,13.770000457763672,13.770000457763672,96100
2016-08-09,13.829999923706055,14.329999923706055,13.289999961853027,14.039999961853027,14.039999961853027,200200
2016-08-10,13.989999771118164,14.050000190734863,13.75,13.789999961853027,13.789999961853027,112000
2016-08-11,13.829999923706055,14.949999809265137,13.800000190734863,14.890000343322754,14.890000343322754,228900
2016-08-12,14.770000457763672,15.180000305175781,14.65999984741211,14.75,14.75,150100
2016-08-15,14.779999732971191,15.140000343322754,14.619999885559082,15.0,15.0,93700
2016-08-16,14.970000267028809,15.65999984741211,14.76099967956543,15.34000015258789,15.34000015258789,256100
2016-08-17,15.300000190734863,15.300000190734863,14.699999809265137,14.869999885559082,14.869999885559082,110000
2016-08-18,14.8100004196167,15.470000267028809,14.710000038146973,15.350000381469727,15.350000381469727,137200
2016-08-19,15.300000190734863,15.444999694824219,14.729999542236328,15.100000381469727,15.100000381469727,130100
2016-08-22,15.130000114440918,15.25,14.829999923706055,15.140000343322754,15.140000343322754,183000
2016-08-23,15.220000267028809,15.569999694824219,15.15999984741211,15.510000228881836,15.510000228881836,91800
2016-08-24,15.5600004196167,16.395000457763672,15.09000015258789,15.15999984741211,15.15999984741211,338600
2016-08-25,15.140000343322754,15.140000343322754,14.005000114440918,14.239999771118164,14.239999771118164,218500
2016-08-26,14.0600004196167,14.539999961853027,13.670000076293945,14.050000190734863,14.050000190734863,174100
2016-08-29,14.119999885559082,14.218999862670898,13.640000343322754,13.670000076293945,13.670000076293945,137600
2016-08-30,13.65999984741211,14.350000381469727,13.65999984741211,14.130000114440918,14.130000114440918,150800
2016-08-31,14.100000381469727,14.119999885559082,13.710000038146973,14.050000190734863,14.050000190734863,133900
2016-09-01,14.029999732971191,14.229999542236328,13.789999961853027,14.039999961853027,14.039999961853027,75500
2016-09-02,14.079999923706055,14.380000114440918,13.739999771118164,13.850000381469727,13.850000381469727,69000
2016-09-06,13.930000305175781,14.430000305175781,13.869999885559082,14.229999542236328,14.229999542236328,77600
2016-09-07,14.1899995803833,14.380000114440918,14.010000228881836,14.279999732971191,14.279999732971191,89800
2016-09-08,14.1899995803833,14.430000305175781,13.9399995803833,14.34000015258789,14.34000015258789,153200
2016-09-09,14.140000343322754,14.260000228881836,13.279999732971191,13.300000190734863,13.300000190734863,152700
2016-09-12,13.199999809265137,14.739999771118164,13.199999809265137,14.6899995803833,14.6899995803833,303300
2016-09-13,14.390000343322754,14.90999984741211,14.039999961853027,14.670000076293945,14.670000076293945,244800
2016-09-14,14.819999694824219,15.335000038146973,14.600000381469727,14.649999618530273,14.649999618530273,226900
2016-09-15,14.739999771118164,14.75,13.890000343322754,14.079999923706055,14.079999923706055,212500
2016-09-16,14.140000343322754,17.0,14.140000343322754,16.739999771118164,16.739999771118164,1274000
2016-09-19,17.0,17.040000915527344,16.40999984741211,16.739999771118164,16.739999771118164,316900
2016-09-20,17.010000228881836,17.18899917602539,16.4950008392334,16.709999084472656,16.709999084472656,254300
2016-09-21,16.760000228881836,17.079999923706055,16.489999771118164,17.040000915527344,17.040000915527344,144600
2016-09-22,17.209999084472656,17.90999984741211,16.850000381469727,17.850000381469727,17.850000381469727,268600
2016-09-23,17.739999771118164,17.940000534057617,17.0,17.520000457763672,17.520000457763672,209800
2016-09-26,17.270000457763672,17.469999313354492,16.809999465942383,16.84000015258789,16.84000015258789,208500
2016-09-27,16.829999923706055,17.079999923706055,16.65999984741211,16.850000381469727,16.850000381469727,175300
2016-09-28,16.8700008392334,17.110000610351562,16.520000457763672,16.969999313354492,16.969999313354492,95000
2016-09-29,16.969999313354492,16.969999313354492,15.649999618530273,15.90999984741211,15.90999984741211,170400
2016-09-30,16.020000457763672,16.670000076293945,15.9399995803833,16.209999084472656,16.209999084472656,151700
2016-10-03,15.989999771118164,16.06999969482422,15.239999771118164,15.5600004196167,15.5600004196167,142200
2016-10-04,15.529999732971191,15.90999984741211,15.300000190734863,15.399999618530273,15.399999618530273,134500
2016-10-05,15.40999984741211,16.040000915527344,15.300000190734863,15.970000267028809,15.970000267028809,159100
2016-10-06,15.829999923706055,15.829999923706055,15.449999809265137,15.569999694824219,15.569999694824219,150400
2016-10-07,15.569999694824219,15.880000114440918,15.454999923706055,15.859999656677246,15.859999656677246,143100
2016-10-10,15.800000190734863,16.5,15.800000190734863,16.299999237060547,16.299999237060547,74400
2016-10-11,16.049999237060547,16.299999237060547,15.100000381469727,15.449999809265137,15.449999809265137,81400
2016-10-12,15.449999809265137,15.449999809265137,14.399999618530273,14.449999809265137,14.449999809265137,134900
2016-10-13,14.350000381469727,15.25,13.75,15.050000190734863,15.050000190734863,181100
2016-10-14,15.25,15.350000381469727,14.449999809265137,14.5,14.5,101800
2016-10-17,14.5,14.5,13.850000381469727,13.899999618530273,13.899999618530273,125600
2016-10-18,14.25,14.850000381469727,13.993000030517578,14.649999618530273,14.649999618530273,170000
2016-10-19,14.699999809265137,15.050000190734863,14.300000190734863,14.5,14.5,172700
2016-10-20,14.5,14.850000381469727,14.25,14.800000190734863,14.800000190734863,124400
2016-10-21,14.649999618530273,15.0,14.5,14.800000190734863,14.800000190734863,81000
2016-10-24,15.0,15.149999618530273,14.649999618530273,14.850000381469727,14.850000381469727,121800
2016-10-25,14.800000190734863,15.0,14.75,14.949999809265137,14.949999809265137,124000
2016-10-26,14.850000381469727,15.100000381469727,14.350000381469727,14.800000190734863,14.800000190734863,145300
2016-10-27,15.0,15.449999809265137,14.649999618530273,14.949999809265137,14.949999809265137,177600
2016-10-28,14.75,14.899999618530273,14.100000381469727,14.600000381469727,14.600000381469727,142500
2016-10-31,14.649999618530273,15.0,13.300000190734863,13.350000381469727,13.350000381469727,165100
2016-11-01,13.449999809265137,14.350000381469727,13.300000190734863,13.949999809265137,13.949999809265137,249200
2016-11-02,14.050000190734863,14.050000190734863,13.25,13.449999809265137,13.449999809265137,265200
2016-11-03,13.449999809265137,13.829000473022461,12.550000190734863,12.550000190734863,12.550000190734863,428000
2016-11-04,12.350000381469727,13.975000381469727,12.350000381469727,13.5,13.5,295200
2016-11-07,13.850000381469727,14.449999809265137,13.800000190734863,14.0,14.0,244200
2016-11-08,13.850000381469727,14.100000381469727,13.050000190734863,13.199999809265137,13.199999809265137,270900
2016-11-09,13.649999618530273,17.350000381469727,13.510000228881836,17.149999618530273,17.149999618530273,780200
2016-11-10,17.549999237060547,18.100000381469727,17.25,17.450000762939453,17.450000762939453,521700
2016-11-11,17.600000381469727,18.799999237060547,17.399999618530273,18.450000762939453,18.450000762939453,240900
2016-11-14,18.549999237060547,19.100000381469727,17.950000762939453,18.549999237060547,18.549999237060547,243400
2016-11-15,18.350000381469727,18.950000762939453,17.950000762939453,18.5,18.5,223000
2016-11-16,18.350000381469727,19.100000381469727,17.950000762939453,18.950000762939453,18.950000762939453,158500
2016-11-17,18.950000762939453,19.100000381469727,18.350000381469727,18.399999618530273,18.399999618530273,166100
2016-11-18,18.299999237060547,18.450000762939453,17.899999618530273,18.0,18.0,147900
2016-11-21,17.950000762939453,18.5,17.850000381469727,18.350000381469727,18.350000381469727,92400
2016-11-22,18.450000762939453,18.75,17.850000381469727,18.149999618530273,18.149999618530273,231500
2016-11-23,17.850000381469727,18.75,17.450000762939453,18.549999237060547,18.549999237060547,101700
2016-11-25,18.700000762939453,18.895000457763672,17.5,18.0,18.0,74800
2016-11-28,18.049999237060547,18.299999237060547,17.5,17.600000381469727,17.600000381469727,107400
2016-11-29,18.149999618530273,18.149999618530273,17.350000381469727,17.5,17.5,129700
2016-11-30,17.5,17.825000762939453,16.649999618530273,16.75,16.75,145200
2016-12-01,16.850000381469727,17.450000762939453,16.674999237060547,17.100000381469727,17.100000381469727,130800
2016-12-02,17.100000381469727,18.299999237060547,17.0,17.799999237060547,17.799999237060547,124400
2016-12-05,17.950000762939453,18.799999237060547,17.450000762939453,17.850000381469727,17.850000381469727,150200
2016-12-06,17.950000762939453,18.149999618530273,16.850000381469727,18.049999237060547,18.049999237060547,203300
2016-12-07,17.700000762939453,17.89900016784668,16.625,16.799999237060547,16.799999237060547,174900
2016-12-08,16.75,17.299999237060547,15.850000381469727,17.200000762939453,17.200000762939453,153600
2016-12-09,17.450000762939453,18.299999237060547,17.274999618530273,17.399999618530273,17.399999618530273,237700
2016-12-12,17.299999237060547,17.450000762939453,16.0,16.149999618530273,16.149999618530273,176000
2016-12-13,16.299999237060547,16.75,16.200000762939453,16.649999618530273,16.649999618530273,154400
2016-12-14,16.700000762939453,17.149999618530273,15.899999618530273,16.700000762939453,16.700000762939453,172500
2016-12-15,16.600000381469727,17.350000381469727,16.399999618530273,16.850000381469727,16.850000381469727,218900
2016-12-16,16.850000381469727,18.299999237060547,16.850000381469727,17.950000762939453,17.950000762939453,560200
2016-12-19,18.0,20.450000762939453,18.0,19.299999237060547,19.299999237060547,370400
2016-12-20,19.450000762939453,19.950000762939453,19.350000381469727,19.75,19.75,182400
2016-12-21,19.75,19.899999618530273,19.149999618530273,19.25,19.25,146600
2016-12-22,19.200000762939453,19.850000381469727,19.200000762939453,19.600000381469727,19.600000381469727,112400
2016-12-23,19.649999618530273,21.850000381469727,19.649999618530273,21.700000762939453,21.700000762939453,197000
2016-12-27,21.75,21.75,20.850000381469727,21.100000381469727,21.100000381469727,201800
2016-12-28,21.100000381469727,21.25,20.649999618530273,20.899999618530273,20.899999618530273,192400
2016-12-29,21.149999618530273,21.25,20.649999618530273,20.950000762939453,20.950000762939453,124900
2016-12-30,20.950000762939453,21.149999618530273,20.450000762939453,20.700000762939453,20.700000762939453,72000
2017-01-03,20.899999618530273,21.649999618530273,20.649999618530273,21.549999237060547,21.549999237060547,161600
2017-01-04,21.600000381469727,22.899999618530273,21.600000381469727,22.649999618530273,22.649999618530273,204600
2017-01-05,22.700000762939453,24.100000381469727,22.350000381469727,23.799999237060547,23.799999237060547,207400
2017-01-06,24.049999237060547,24.299999237060547,23.299999237060547,23.5,23.5,305800
2017-01-09,23.649999618530273,23.649999618530273,22.799999237060547,22.950000762939453,22.950000762939453,151200
2017-01-10,23.149999618530273,23.350000381469727,22.649999618530273,23.100000381469727,23.100000381469727,158900
2017-01-11,23.100000381469727,23.299999237060547,22.0,22.75,22.75,135400
2017-01-12,22.5,22.950000762939453,21.582000732421875,22.649999618530273,22.649999618530273,141700
2017-01-13,22.600000381469727,23.100000381469727,21.799999237060547,21.899999618530273,21.899999618530273,151000
2017-01-17,21.649999618530273,21.649999618530273,20.149999618530273,20.5,20.5,265600
2017-01-18,20.549999237060547,21.049999237060547,20.200000762939453,20.600000381469727,20.600000381469727,166800
2017-01-19,20.5,20.850000381469727,20.25,20.5,20.5,88100
2017-01-20,20.549999237060547,20.799999237060547,20.200000762939453,20.299999237060547,20.299999237060547,92000
2017-01-23,20.5,20.600000381469727,19.950000762939453,20.299999237060547,20.299999237060547,143200
2017-01-24,20.350000381469727,20.350000381469727,19.549999237060547,19.799999237060547,19.799999237060547,237400
2017-01-25,19.850000381469727,20.049999237060547,19.549999237060547,19.899999618530273,19.899999618530273,134000
2017-01-26,19.899999618530273,20.049999237060547,19.549999237060547,19.700000762939453,19.700000762939453,60700
2017-01-27,19.75,20.25,19.700000762939453,20.0,20.0,78400
2017-01-30,19.799999237060547,19.799999237060547,18.950000762939453,19.200000762939453,19.200000762939453,62300
2017-01-31,19.25,20.299999237060547,18.700000762939453,20.0,20.0,124600
2017-02-01,20.200000762939453,20.799999237060547,19.899999618530273,20.549999237060547,20.549999237060547,84500
2017-02-02,20.399999618530273,21.200000762939453,20.25,21.125,21.125,101900
2017-02-03,21.399999618530273,22.149999618530273,21.049999237060547,21.850000381469727,21.850000381469727,188900
2017-02-06,21.850000381469727,21.950000762939453,21.149999618530273,21.25,21.25,100500
2017-02-07,21.25,21.5,20.399999618530273,20.700000762939453,20.700000762939453,116000
2017-02-08,20.5,21.0,20.399999618530273,20.75,20.75,154900
2017-02-09,20.799999237060547,21.399999618530273,20.600000381469727,21.0,21.0,193700
2017-02-10,21.0,21.25,20.549999237060547,20.75,20.75,154700
2017-02-13,20.75,21.049999237060547,20.549999237060547,20.75,20.75,113400
2017-02-14,20.75,21.049999237060547,20.649999618530273,21.0,21.0,243900
2017-02-15,20.899999618530273,21.25,20.799999237060547,21.149999618530273,21.149999618530273,108400
2017-02-16,21.25,21.274999618530273,20.899999618530273,21.200000762939453,21.200000762939453,296700
2017-02-17,21.200000762939453,21.450000762939453,20.799999237060547,20.950000762939453,20.950000762939453,162100
2017-02-21,21.149999618530273,21.399999618530273,20.950000762939453,21.0,21.0,257200
2017-02-22,20.950000762939453,21.0,20.200000762939453,20.399999618530273,20.399999618530273,81900
2017-02-23,20.600000381469727,20.75,19.700000762939453,19.899999618530273,19.899999618530273,79300
2017-02-24,19.700000762939453,20.649999618530273,19.700000762939453,20.299999237060547,20.299999237060547,69900
2017-02-27,20.200000762939453,21.399999618530273,20.100000381469727,21.100000381469727,21.100000381469727,223600
2017-02-28,19.799999237060547,21.399999618530273,19.200000762939453,21.0,21.0,514000
2017-03-01,21.299999237060547,21.299999237060547,20.649999618530273,20.899999618530273,20.899999618530273,797200
2017-03-02,20.75,21.100000381469727,19.700000762939453,19.950000762939453,19.950000762939453,212700
2017-03-03,19.899999618530273,20.600000381469727,19.100000381469727,19.299999237060547,19.299999237060547,247700
2017-03-06,19.25,19.75,18.299999237060547,18.350000381469727,18.350000381469727,198600
2017-03-07,18.600000381469727,18.959999084472656,18.0,18.5,18.5,128300
2017-03-08,18.399999618530273,18.924999237060547,18.399999618530273,18.549999237060547,18.549999237060547,129500
2017-03-09,18.549999237060547,18.850000381469727,18.450000762939453,18.75,18.75,233600
2017-03-10,18.899999618530273,19.399999618530273,18.899999618530273,19.350000381469727,19.350000381469727,225300
2017-03-13,19.299999237060547,19.399999618530273,18.700000762939453,18.700000762939453,18.700000762939453,227900
2017-03-14,18.549999237060547,18.549999237060547,18.0,18.299999237060547,18.299999237060547,112100
2017-03-15,18.399999618530273,19.600000381469727,18.299999237060547,19.399999618530273,19.399999618530273,184400
2017-03-16,19.200000762939453,20.950000762939453,19.200000762939453,20.450000762939453,20.450000762939453,294300
2017-03-17,20.299999237060547,20.475000381469727,19.649999618530273,20.100000381469727,20.100000381469727,380400
2017-03-20,20.049999237060547,20.799999237060547,20.049999237060547,20.5,20.5,120900
2017-03-21,20.549999237060547,20.649999618530273,19.367000579833984,19.549999237060547,19.549999237060547,157100
2017-03-22,19.549999237060547,19.75,19.25,19.350000381469727,19.350000381469727,169800
2017-03-23,19.350000381469727,20.25,19.25,19.850000381469727,19.850000381469727,153800
2017-03-24,19.899999618530273,20.299999237060547,19.524999618530273,19.649999618530273,19.649999618530273,121100
2017-03-27,19.649999618530273,20.25,19.299999237060547,20.200000762939453,20.200000762939453,145600
2017-03-28,20.200000762939453,20.538000106811523,19.799999237060547,20.049999237060547,20.049999237060547,340500
2017-03-29,20.0,20.799999237060547,19.850000381469727,20.350000381469727,20.350000381469727,163600
2017-03-30,20.350000381469727,20.649999618530273,20.100000381469727,20.200000762939453,20.200000762939453,133300
2017-03-31,20.100000381469727,20.950000762939453,19.950000762939453,20.799999237060547,20.799999237060547,110100
2017-04-03,20.850000381469727,21.649999618530273,20.799999237060547,21.399999618530273,21.399999618530273,321000
2017-04-04,21.299999237060547,21.799999237060547,20.899999618530273,21.149999618530273,21.149999618530273,150000
2017-04-05,21.149999618530273,21.649999618530273,20.899999618530273,21.350000381469727,21.350000381469727,177500
2017-04-06,21.399999618530273,21.649999618530273,20.899999618530273,21.600000381469727,21.600000381469727,142600
2017-04-07,21.549999237060547,21.700000762939453,21.25,21.649999618530273,21.649999618530273,96600
2017-04-10,21.700000762939453,22.386999130249023,20.950000762939453,21.0,21.0,95000
2017-04-11,21.049999237060547,21.253999710083008,20.850000381469727,21.0,21.0,101500
2017-04-12,21.0,21.049999237060547,20.625,20.75,20.75,87100
2017-04-13,20.799999237060547,21.299999237060547,20.649999618530273,20.950000762939453,20.950000762939453,95800
2017-04-17,20.950000762939453,20.950000762939453,20.399999618530273,20.850000381469727,20.850000381469727,78300
2017-04-18,20.600000381469727,20.850000381469727,20.100000381469727,20.25,20.25,102300
2017-04-19,20.399999618530273,20.850000381469727,20.25,20.350000381469727,20.350000381469727,59500
2017-04-20,20.549999237060547,20.850000381469727,20.200000762939453,20.75,20.75,83000
2017-04-21,20.700000762939453,20.850000381469727,20.200000762939453,20.625,20.625,79400
2017-04-24,20.899999618530273,21.000999450683594,20.5,20.899999618530273,20.899999618530273,73400
2017-04-25,20.950000762939453,22.450000762939453,20.950000762939453,22.450000762939453,22.450000762939453,134800
2017-04-26,22.200000762939453,23.649999618530273,22.200000762939453,23.299999237060547,23.299999237060547,205300
2017-04-27,23.25,23.350000381469727,22.700000762939453,23.299999237060547,23.299999237060547,74300
2017-04-28,23.25,23.399999618530273,21.700000762939453,21.75,21.75,149200
2017-05-01,21.850000381469727,22.40399932861328,21.75,21.899999618530273,21.899999618530273,184600
2017-05-02,21.950000762939453,22.0,21.350000381469727,21.549999237060547,21.549999237060547,151800
2017-05-03,21.450000762939453,21.649999618530273,21.25,21.25,21.25,131700
2017-05-04,21.350000381469727,21.350000381469727,19.799999237060547,19.799999237060547,19.799999237060547,246600
2017-05-05,19.950000762939453,20.0,19.200000762939453,19.700000762939453,19.700000762939453,194500
2017-05-08,19.700000762939453,19.799999237060547,19.149999618530273,19.299999237060547,19.299999237060547,143500
2017-05-09,19.399999618530273,20.399999618530273,19.149999618530273,20.299999237060547,20.299999237060547,189800
2017-05-10,19.5,22.0,18.424999237060547,21.899999618530273,21.899999618530273,434700
2017-05-11,21.75,21.75,20.899999618530273,20.899999618530273,20.899999618530273,191500
2017-05-12,20.899999618530273,20.899999618530273,20.143999099731445,20.149999618530273,20.149999618530273,103900
2017-05-15,20.299999237060547,20.450000762939453,19.899999618530273,19.899999618530273,19.899999618530273,86100
2017-05-16,19.950000762939453,20.0,19.549999237060547,19.649999618530273,19.649999618530273,79800
2017-05-17,19.450000762939453,19.805999755859375,19.0,19.100000381469727,19.100000381469727,158400
2017-05-18,19.100000381469727,19.600000381469727,18.799999237060547,19.350000381469727,19.350000381469727,125100
2017-05-19,20.049999237060547,21.82699966430664,20.0,20.600000381469727,20.600000381469727,397000
2017-05-22,20.200000762939453,20.75,19.899999618530273,20.350000381469727,20.350000381469727,220700
2017-05-23,20.450000762939453,20.700000762939453,20.200000762939453,20.600000381469727,20.600000381469727,89600
2017-05-24,20.649999618530273,20.674999237060547,20.200000762939453,20.399999618530273,20.399999618530273,220600
2017-05-25,20.549999237060547,21.25,20.20800018310547,21.25,21.25,280300
2017-05-26,21.149999618530273,22.299999237060547,21.149999618530273,21.950000762939453,21.950000762939453,360500
2017-05-30,21.600000381469727,22.049999237060547,21.600000381469727,21.850000381469727,21.850000381469727,172300
2017-05-31,22.049999237060547,22.25,21.649999618530273,22.25,22.25,288700
2017-06-01,22.25,24.375999450683594,22.25,23.549999237060547,23.549999237060547,262100
2017-06-02,23.549999237060547,24.899999618530273,23.549999237060547,24.899999618530273,24.899999618530273,354100
2017-06-05,24.899999618530273,25.0,23.649999618530273,24.25,24.25,191600
2017-06-06,24.25,24.825000762939453,23.799999237060547,23.899999618530273,23.899999618530273,128000
2017-06-07,23.950000762939453,24.100000381469727,23.700000762939453,24.0,24.0,128600
2017-06-08,24.049999237060547,24.950000762939453,24.0,24.899999618530273,24.899999618530273,145000
2017-06-09,24.899999618530273,25.450000762939453,24.200000762939453,24.299999237060547,24.299999237060547,223500
2017-06-12,24.299999237060547,24.600000381469727,23.200000762939453,23.5,23.5,215100
2017-06-13,23.649999618530273,23.75,23.100000381469727,23.200000762939453,23.200000762939453,156100
2017-06-14,23.200000762939453,23.424999237060547,22.75,22.950000762939453,22.950000762939453,184100
2017-06-15,22.700000762939453,23.049999237060547,22.25,22.799999237060547,22.799999237060547,300300
2017-06-16,22.600000381469727,24.0,22.600000381469727,23.950000762939453,23.950000762939453,603700
2017-06-19,24.100000381469727,25.0,24.0,24.75,24.75,204700
2017-06-20,24.75,25.149999618530273,24.5,24.75,24.75,216200
2017-06-21,25.0,26.100000381469727,24.937999725341797,25.850000381469727,25.850000381469727,331200
2017-06-22,25.950000762939453,26.774999618530273,25.899999618530273,26.5,26.5,277500
2017-06-23,26.399999618530273,26.600000381469727,26.049999237060547,26.399999618530273,26.399999618530273,380500
2017-06-26,26.600000381469727,28.299999237060547,25.549999237060547,26.950000762939453,26.950000762939453,376600
2017-06-27,26.799999237060547,27.010000228881836,25.75,25.850000381469727,25.850000381469727,125900
2017-06-28,26.100000381469727,26.100000381469727,25.399999618530273,25.549999237060547,25.549999237060547,202400
2017-06-29,25.5,26.25,25.25,26.200000762939453,26.200000762939453,514400
2017-06-30,26.25,26.450000762939453,25.899999618530273,26.399999618530273,26.399999618530273,213000
2017-07-03,26.450000762939453,27.049999237060547,26.299999237060547,27.049999237060547,27.049999237060547,93300
2017-07-05,27.0,27.75,26.649999618530273,27.75,27.75,205300
2017-07-06,27.649999618530273,27.66200065612793,26.799999237060547,27.200000762939453,27.200000762939453,83900
2017-07-07,27.350000381469727,27.899999618530273,27.200000762939453,27.299999237060547,27.299999237060547,124300
2017-07-10,27.25,27.25,25.350000381469727,25.350000381469727,25.350000381469727,115000
2017-07-11,25.399999618530273,26.975000381469727,24.850000381469727,25.299999237060547,25.299999237060547,171500
2017-07-12,25.600000381469727,25.600000381469727,25.0,25.149999618530273,25.149999618530273,115200
2017-07-13,25.25,25.299999237060547,24.100000381469727,24.350000381469727,24.350000381469727,253700
2017-07-14,24.450000762939453,24.625,23.399999618530273,23.450000762939453,23.450000762939453,299000
2017-07-17,23.5,23.850000381469727,22.950000762939453,23.049999237060547,23.049999237060547,231500
2017-07-18,23.0,23.600000381469727,22.399999618530273,22.850000381469727,22.850000381469727,163700
2017-07-19,23.049999237060547,23.100000381469727,22.25,22.75,22.75,254700
2017-07-20,22.75,23.100000381469727,22.399999618530273,22.799999237060547,22.799999237060547,177400
2017-07-21,24.0,25.0,23.375,23.75,23.75,434500
2017-07-24,23.649999618530273,24.200000762939453,23.0,24.149999618530273,24.149999618530273,230300
2017-07-25,24.25,24.5,23.200000762939453,23.799999237060547,23.799999237060547,94900
2017-07-26,23.850000381469727,24.049999237060547,23.39900016784668,23.5,23.5,81000
2017-07-27,23.649999618530273,23.71500015258789,22.799999237060547,22.899999618530273,22.899999618530273,151400
2017-07-28,22.799999237060547,23.700000762939453,22.799999237060547,23.600000381469727,23.600000381469727,78700
2017-07-31,23.549999237060547,23.649999618530273,22.700000762939453,22.75,22.75,114100
2017-08-01,22.950000762939453,23.0,22.049999237060547,22.899999618530273,22.899999618530273,182200
2017-08-02,22.950000762939453,23.850000381469727,22.299999237060547,23.350000381469727,23.350000381469727,180300
2017-08-03,23.299999237060547,23.700000762939453,22.649999618530273,22.75,22.75,133500
2017-08-04,23.700000762939453,25.100000381469727,22.75,23.75,23.75,173200
2017-08-07,23.700000762939453,23.850000381469727,22.549999237060547,22.649999618530273,22.649999618530273,133000
2017-08-08,22.700000762939453,23.200000762939453,22.351999282836914,22.899999618530273,22.899999618530273,185000
2017-08-09,22.799999237060547,23.0,22.350000381469727,22.75,22.75,147500
2017-08-10,22.600000381469727,22.774999618530273,22.350000381469727,22.600000381469727,22.600000381469727,161900
2017-08-11,22.649999618530273,23.399999618530273,22.649999618530273,23.350000381469727,23.350000381469727,135000
2017-08-14,23.399999618530273,24.0,23.200000762939453,23.450000762939453,23.450000762939453,153500
2017-08-15,23.450000762939453,23.850000381469727,23.049999237060547,23.5,23.5,132000
2017-08-16,23.5,23.950000762939453,23.5,23.75,23.75,81000
2017-08-17,23.649999618530273,24.100000381469727,23.350000381469727,23.450000762939453,23.450000762939453,141300
2017-08-18,23.299999237060547,23.700000762939453,23.100000381469727,23.149999618530273,23.149999618530273,112500
2017-08-21,23.149999618530273,23.399999618530273,22.399999618530273,22.700000762939453,22.700000762939453,122400
2017-08-22,23.200000762939453,23.475000381469727,22.850000381469727,23.200000762939453,23.200000762939453,146000
2017-08-23,23.049999237060547,23.225000381469727,22.5,22.549999237060547,22.549999237060547,112700
2017-08-24,22.700000762939453,23.399999618530273,22.600000381469727,23.299999237060547,23.299999237060547,96900
2017-08-25,23.299999237060547,23.322999954223633,22.613000869750977,22.799999237060547,22.799999237060547,77900
2017-08-28,23.049999237060547,23.350000381469727,22.649999618530273,23.25,23.25,106700
2017-08-29,23.25,24.049999237060547,22.950000762939453,23.700000762939453,23.700000762939453,155200
2017-08-30,23.649999618530273,23.850000381469727,23.350000381469727,23.649999618530273,23.649999618530273,136400
2017-08-31,23.75,24.850000381469727,23.549999237060547,24.549999237060547,24.549999237060547,173600
2017-09-01,24.600000381469727,24.850000381469727,24.049999237060547,24.350000381469727,24.350000381469727,149700
2017-09-05,24.350000381469727,24.950000762939453,24.200000762939453,24.549999237060547,24.549999237060547,133000
2017-09-06,24.549999237060547,25.399999618530273,24.5,25.25,25.25,123200
2017-09-07,25.450000762939453,25.75,25.049999237060547,25.700000762939453,25.700000762939453,129700
2017-09-08,25.700000762939453,26.049999237060547,25.450000762939453,25.600000381469727,25.600000381469727,100600
2017-09-11,25.850000381469727,25.950000762939453,25.0,25.25,25.25,155800
2017-09-12,25.399999618530273,25.399999618530273,24.149999618530273,24.549999237060547,24.549999237060547,172600
2017-09-13,24.399999618530273,24.809999465942383,24.299999237060547,24.350000381469727,24.350000381469727,127700
2017-09-14,24.200000762939453,24.850000381469727,24.0,24.75,24.75,94700
2017-09-15,24.850000381469727,24.850000381469727,24.25,24.600000381469727,24.600000381469727,260500
2017-09-18,24.549999237060547,24.850000381469727,24.200000762939453,24.399999618530273,24.399999618530273,96600
2017-09-19,24.399999618530273,24.549999237060547,23.709999084472656,23.899999618530273,23.899999618530273,123600
2017-09-20,23.799999237060547,24.350000381469727,23.350000381469727,24.100000381469727,24.100000381469727,178500
2017-09-21,24.149999618530273,24.5,23.700000762939453,24.350000381469727,24.350000381469727,82300
2017-09-22,24.25,24.399999618530273,23.700000762939453,24.100000381469727,24.100000381469727,100100
2017-09-25,24.200000762939453,25.149999618530273,24.0,25.100000381469727,25.100000381469727,130800
2017-09-26,25.049999237060547,26.700000762939453,25.0,26.600000381469727,26.600000381469727,190000
2017-09-27,26.549999237060547,28.700000762939453,26.399999618530273,28.100000381469727,28.100000381469727,319800
2017-09-28,28.149999618530273,28.649999618530273,27.149999618530273,27.25,27.25,185700
2017-09-29,27.350000381469727,27.75,26.950000762939453,27.549999237060547,27.549999237060547,104500
2017-10-02,27.5,28.5,27.5,28.299999237060547,28.299999237060547,293000
2017-10-03,28.5,28.75,27.600000381469727,27.75,27.75,114000
2017-10-04,27.649999618530273,28.299999237060547,27.600000381469727,27.950000762939453,27.950000762939453,133300
2017-10-05,28.0,28.100000381469727,27.75,27.950000762939453,27.950000762939453,93100
2017-10-06,27.899999618530273,27.899999618530273,27.274999618530273,27.350000381469727,27.350000381469727,173000
2017-10-09,27.299999237060547,27.5,26.899999618530273,27.0,27.0,89600
2017-10-10,27.200000762939453,27.649999618530273,26.799999237060547,27.0,27.0,393500
2017-10-11,27.0,27.700000762939453,26.700000762939453,26.850000381469727,26.850000381469727,278000
2017-10-12,26.700000762939453,27.0,26.399999618530273,26.899999618530273,26.899999618530273,115500
2017-10-13,26.850000381469727,27.200000762939453,26.200000762939453,26.75,26.75,109500
2017-10-16,26.899999618530273,27.299999237060547,26.600000381469727,26.950000762939453,26.950000762939453,75300
2017-10-17,26.799999237060547,27.024999618530273,26.049999237060547,26.100000381469727,26.100000381469727,145300
2017-10-18,26.100000381469727,26.450000762939453,25.75,26.100000381469727,26.100000381469727,106900
2017-10-19,26.200000762939453,26.299999237060547,25.600000381469727,25.850000381469727,25.850000381469727,82200
2017-10-20,26.0,26.0,25.049999237060547,25.5,25.5,119400
2017-10-23,25.549999237060547,25.75,25.200000762939453,25.350000381469727,25.350000381469727,81400
2017-10-24,25.5,25.899999618530273,25.100000381469727,25.5,25.5,63100
2017-10-25,25.549999237060547,26.299999237060547,25.450000762939453,26.049999237060547,26.049999237060547,81300
2017-10-26,25.950000762939453,26.649999618530273,25.100000381469727,25.399999618530273,25.399999618530273,150600
2017-10-27,25.350000381469727,26.24799919128418,25.350000381469727,26.149999618530273,26.149999618530273,89200
2017-10-30,26.0,27.420000076293945,25.750999450683594,26.850000381469727,26.850000381469727,161000
2017-10-31,26.850000381469727,27.299999237060547,25.700000762939453,26.0,26.0,226800
2017-11-01,26.25,26.450000762939453,25.350000381469727,25.799999237060547,25.799999237060547,134500
2017-11-02,25.850000381469727,26.149999618530273,25.600000381469727,25.899999618530273,25.899999618530273,173800
2017-11-03,25.799999237060547,26.25,25.299999237060547,26.200000762939453,26.200000762939453,164000
2017-11-06,26.25,27.25,26.25,27.049999237060547,27.049999237060547,125300
2017-11-07,27.100000381469727,27.5,26.399999618530273,26.799999237060547,26.799999237060547,191800
2017-11-08,26.899999618530273,26.899999618530273,25.799999237060547,26.299999237060547,26.299999237060547,173100
2017-11-09,26.0,26.091999053955078,25.25,25.700000762939453,25.700000762939453,105800
2017-11-10,25.950000762939453,27.700000762939453,25.799999237060547,26.799999237060547,26.799999237060547,228500
2017-11-13,26.75,27.25,26.25,26.299999237060547,26.299999237060547,176700
2017-11-14,26.200000762939453,26.200000762939453,25.0310001373291,25.350000381469727,25.350000381469727,185100
2017-11-15,25.100000381469727,25.399999618530273,24.549999237060547,24.950000762939453,24.950000762939453,158700
2017-11-16,25.25,25.799999237060547,25.0,25.5,25.5,317900
2017-11-17,26.100000381469727,26.799999237060547,25.799999237060547,25.950000762939453,25.950000762939453,680000
2017-11-20,26.0,26.149999618530273,24.549999237060547,24.600000381469727,24.600000381469727,295900
2017-11-21,24.75,25.0,24.5,24.549999237060547,24.549999237060547,199600
2017-11-22,24.700000762939453,26.75,24.700000762939453,26.049999237060547,26.049999237060547,465500
2017-11-24,26.200000762939453,26.549999237060547,25.799999237060547,26.5,26.5,136200
2017-11-27,26.75,27.149999618530273,25.899999618530273,25.950000762939453,25.950000762939453,234700
2017-11-28,26.149999618530273,26.264999389648438,25.14699935913086,25.450000762939453,25.450000762939453,132200
2017-11-29,25.600000381469727,27.649999618530273,25.549999237060547,27.100000381469727,27.100000381469727,466100
2017-11-30,27.049999237060547,28.350000381469727,26.5,27.75,27.75,706100
2017-12-01,27.75,28.350000381469727,26.900999069213867,27.649999618530273,27.649999618530273,630500
2017-12-04,28.0,28.25,25.899999618530273,26.0,26.0,257300
2017-12-05,33.650001525878906,37.20000076293945,33.0,34.75,34.75,8136500
2017-12-06,34.29999923706055,36.349998474121094,32.310001373291016,33.650001525878906,33.650001525878906,2241700
2017-12-07,31.299999237060547,33.20000076293945,31.25,32.75,32.75,3256100
2017-12-08,33.29999923706055,35.25,32.400001525878906,34.650001525878906,34.650001525878906,987400
2017-12-11,34.849998474121094,36.099998474121094,33.5,35.95000076293945,35.95000076293945,929000
2017-12-12,35.849998474121094,36.54999923706055,34.150001525878906,34.20000076293945,34.20000076293945,541500
2017-12-13,34.099998474121094,34.79999923706055,33.31800079345703,34.099998474121094,34.099998474121094,502700
2017-12-14,34.04999923706055,34.400001525878906,31.25,32.150001525878906,32.150001525878906,958500
2017-12-15,32.25,32.849998474121094,32.0,32.04999923706055,32.04999923706055,595100
2017-12-18,32.400001525878906,33.95000076293945,32.400001525878906,33.70000076293945,33.70000076293945,416000
2017-12-19,34.04999923706055,36.099998474121094,33.5,35.400001525878906,35.400001525878906,858100
2017-12-20,35.349998474121094,36.0,35.25,35.25,35.25,292700
2017-12-21,35.25,36.70000076293945,35.25,36.20000076293945,36.20000076293945,405100
2017-12-22,36.099998474121094,36.45000076293945,34.29999923706055,34.79999923706055,34.79999923706055,753100
2017-12-26,34.79999923706055,35.849998474121094,34.650001525878906,35.70000076293945,35.70000076293945,199800
2017-12-27,35.849998474121094,36.849998474121094,35.75,36.20000076293945,36.20000076293945,263300
2017-12-28,36.150001525878906,36.79999923706055,35.650001525878906,36.29999923706055,36.29999923706055,176300
2017-12-29,36.599998474121094,37.099998474121094,35.70000076293945,35.75,35.75,286500
2018-01-02,35.849998474121094,37.45000076293945,35.5,37.400001525878906,37.400001525878906,489200
2018-01-03,37.45000076293945,37.45000076293945,35.400001525878906,35.70000076293945,35.70000076293945,353000
2018-01-04,36.0,36.45000076293945,34.75,35.900001525878906,35.900001525878906,373200
2018-01-05,35.70000076293945,36.025001525878906,34.20000076293945,34.900001525878906,34.900001525878906,697900
2018-01-08,32.95000076293945,34.097999572753906,31.200000762939453,33.20000076293945,33.20000076293945,916200
2018-01-09,32.150001525878906,33.70000076293945,32.150001525878906,33.54999923706055,33.54999923706055,426600
2018-01-10,33.650001525878906,33.900001525878906,32.900001525878906,33.79999923706055,33.79999923706055,273300
2018-01-11,33.900001525878906,34.150001525878906,33.32500076293945,33.95000076293945,33.95000076293945,396700
2018-01-12,34.150001525878906,34.849998474121094,33.95000076293945,34.5,34.5,223400
2018-01-16,34.599998474121094,34.95000076293945,33.29999923706055,33.599998474121094,33.599998474121094,377200
2018-01-17,34.0,34.400001525878906,32.75,33.54999923706055,33.54999923706055,287900
2018-01-18,33.5,33.79999923706055,32.75,33.75,33.75,252300
2018-01-19,33.650001525878906,34.0880012512207,33.25,33.95000076293945,33.95000076293945,284000
2018-01-22,34.0,34.5,33.650001525878906,34.25,34.25,223100
2018-01-23,34.400001525878906,35.04999923706055,33.79999923706055,34.650001525878906,34.650001525878906,276200
2018-01-24,34.75,34.81800079345703,32.95000076293945,33.79999923706055,33.79999923706055,238700
2018-01-25,33.95000076293945,33.95000076293945,32.849998474121094,33.125,33.125,313200
2018-01-26,33.400001525878906,33.650001525878906,32.849998474121094,33.5,33.5,185300
2018-01-29,33.29999923706055,34.32500076293945,33.29999923706055,34.099998474121094,34.099998474121094,316000
2018-01-30,33.75,34.29999923706055,33.45000076293945,34.099998474121094,34.099998474121094,257600
2018-01-31,34.20000076293945,34.400001525878906,32.25,32.29999923706055,32.29999923706055,456200
2018-02-01,32.0,32.900001525878906,31.799999237060547,32.29999923706055,32.29999923706055,280000
2018-02-02,32.0,32.900001525878906,31.299999237060547,31.5,31.5,226100
2018-02-05,31.299999237060547,31.649999618530273,29.549999237060547,30.0,30.0,282800
2018-02-06,29.549999237060547,31.25,29.149999618530273,30.600000381469727,30.600000381469727,310900
2018-02-07,30.5,30.700000762939453,29.899999618530273,30.600000381469727,30.600000381469727,230600
2018-02-08,30.700000762939453,30.899999618530273,29.100000381469727,29.149999618530273,29.149999618530273,222300
2018-02-09,29.450000762939453,29.850000381469727,28.200000762939453,29.700000762939453,29.700000762939453,319200
2018-02-12,30.049999237060547,30.649999618530273,29.674999237060547,30.200000762939453,30.200000762939453,196400
2018-02-13,29.950000762939453,31.0,29.674999237060547,30.75,30.75,172800
2018-02-14,30.649999618530273,32.0,30.450000762939453,31.649999618530273,31.649999618530273,183300
2018-02-15,31.850000381469727,32.20000076293945,31.149999618530273,31.75,31.75,202500
2018-02-16,31.600000381469727,32.76100158691406,31.049999237060547,31.200000762939453,31.200000762939453,179500
2018-02-20,31.049999237060547,31.299999237060547,30.149999618530273,30.25,30.25,244700
2018-02-21,30.399999618530273,31.600000381469727,30.25,30.350000381469727,30.350000381469727,193000
2018-02-22,30.600000381469727,32.29999923706055,30.299999237060547,30.700000762939453,30.700000762939453,265800
2018-02-23,30.75,31.0,29.399999618530273,30.5,30.5,259700
2018-02-26,30.399999618530273,32.79999923706055,30.0,32.150001525878906,32.150001525878906,266500
2018-02-27,31.799999237060547,33.04899978637695,31.549999237060547,31.649999618530273,31.649999618530273,271100
2018-02-28,31.75,32.25,30.149999618530273,30.950000762939453,30.950000762939453,248500
2018-03-01,29.25,31.5,29.049999237060547,29.850000381469727,29.850000381469727,1099100
2018-03-02,29.799999237060547,31.5,29.399999618530273,31.299999237060547,31.299999237060547,681400
2018-03-05,32.95000076293945,33.349998474121094,31.399999618530273,31.899999618530273,31.899999618530273,530900
2018-03-06,32.0,32.25,30.25,30.75,30.75,588200
2018-03-07,30.399999618530273,31.891000747680664,30.399999618530273,31.450000762939453,31.450000762939453,336900
2018-03-08,31.649999618530273,32.45000076293945,31.549999237060547,32.45000076293945,32.45000076293945,290700
2018-03-09,32.5,33.349998474121094,32.099998474121094,32.75,32.75,423400
2018-03-12,32.75,34.29999923706055,32.400001525878906,33.70000076293945,33.70000076293945,562700
2018-03-13,33.70000076293945,34.54999923706055,33.599998474121094,34.099998474121094,34.099998474121094,486300
2018-03-14,33.849998474121094,34.54600143432617,31.75,32.599998474121094,32.599998474121094,433800
2018-03-15,32.79999923706055,33.45000076293945,31.399999618530273,31.649999618530273,31.649999618530273,294000
2018-03-16,31.75,32.099998474121094,30.299999237060547,31.0,31.0,965900
2018-03-19,31.049999237060547,32.400001525878906,30.75,31.200000762939453,31.200000762939453,378600
2018-03-20,31.399999618530273,31.75,30.75,31.100000381469727,31.100000381469727,153500
2018-03-21,31.200000762939453,32.20000076293945,30.600000381469727,31.399999618530273,31.399999618530273,199600
2018-03-22,30.950000762939453,31.450000762939453,30.549999237060547,30.600000381469727,30.600000381469727,241000
2018-03-23,30.200000762939453,30.700000762939453,29.350000381469727,29.350000381469727,29.350000381469727,269500
2018-03-26,29.850000381469727,30.75,29.350000381469727,30.600000381469727,30.600000381469727,200900
2018-03-27,31.450000762939453,31.700000762939453,30.399999618530273,30.549999237060547,30.549999237060547,399700
2018-03-28,30.649999618530273,30.700000762939453,29.75,30.049999237060547,30.049999237060547,266800
2018-03-29,30.25,31.299999237060547,29.450000762939453,30.799999237060547,30.799999237060547,352800
2018-04-02,30.600000381469727,30.899999618530273,29.049999237060547,29.850000381469727,29.850000381469727,398500
2018-04-03,30.0,30.700000762939453,29.799999237060547,30.299999237060547,30.299999237060547,309400
2018-04-04,29.850000381469727,31.649999618530273,29.850000381469727,31.399999618530273,31.399999618530273,226400
2018-04-05,31.600000381469727,31.899999618530273,31.0,31.049999237060547,31.049999237060547,175400
2018-04-06,30.799999237060547,31.450000762939453,29.899999618530273,30.350000381469727,30.350000381469727,218200
2018-04-09,30.75,32.04999923706055,30.549999237060547,31.350000381469727,31.350000381469727,223300
2018-04-10,31.799999237060547,33.099998474121094,31.5,33.0,33.0,334400
2018-04-11,32.70000076293945,33.400001525878906,32.0,32.400001525878906,32.400001525878906,228200
2018-04-12,32.54999923706055,33.27299880981445,32.25,32.349998474121094,32.349998474121094,189600
2018-04-13,32.400001525878906,32.95000076293945,31.950000762939453,32.75,32.75,175500
2018-04-16,32.849998474121094,32.849998474121094,31.950000762939453,32.25,32.25,193100
2018-04-17,32.349998474121094,32.95000076293945,32.099998474121094,32.849998474121094,32.849998474121094,177200
2018-04-18,32.900001525878906,33.79999923706055,32.04999923706055,33.349998474121094,33.349998474121094,415000
2018-04-19,33.0,34.20000076293945,32.70000076293945,33.349998474121094,33.349998474121094,380600
2018-04-20,33.20000076293945,33.20000076293945,30.5,30.600000381469727,30.600000381469727,441500
2018-04-23,31.0,31.25,29.25,29.600000381469727,29.600000381469727,347600
2018-04-24,29.75,30.533000946044922,29.149999618530273,29.450000762939453,29.450000762939453,214100
2018-04-25,29.450000762939453,29.850000381469727,28.25,28.350000381469727,28.350000381469727,315300
2018-04-26,28.600000381469727,28.850000381469727,27.600000381469727,27.649999618530273,27.649999618530273,400100
2018-04-27,27.850000381469727,29.75,27.600000381469727,28.350000381469727,28.350000381469727,285000
2018-04-30,28.350000381469727,28.351999282836914,27.450000762939453,27.950000762939453,27.950000762939453,265800
2018-05-01,28.0,28.350000381469727,27.450000762939453,28.299999237060547,28.299999237060547,217100
2018-05-02,28.299999237060547,28.450000762939453,27.649999618530273,28.049999237060547,28.049999237060547,324000
2018-05-03,27.950000762939453,28.149999618530273,27.049999237060547,27.600000381469727,27.600000381469727,236800
2018-05-04,27.5,28.0,27.200000762939453,27.950000762939453,27.950000762939453,288300
2018-05-07,28.149999618530273,28.950000762939453,28.0,28.600000381469727,28.600000381469727,193900
2018-05-08,28.600000381469727,28.649999618530273,28.049999237060547,28.399999618530273,28.399999618530273,213000
2018-05-09,28.350000381469727,29.200000762939453,27.200000762939453,29.0,29.0,435500
2018-05-10,29.049999237060547,29.799999237060547,28.75,29.149999618530273,29.149999618530273,252100
2018-05-11,29.25,30.899999618530273,29.25,30.75,30.75,253600
2018-05-14,30.899999618530273,31.0,30.100000381469727,30.200000762939453,30.200000762939453,263400
2018-05-15,30.0,30.274999618530273,29.350000381469727,29.5,29.5,295100
2018-05-16,29.450000762939453,31.350000381469727,29.25,30.450000762939453,30.450000762939453,250900
2018-05-17,30.399999618530273,30.799999237060547,30.049999237060547,30.799999237060547,30.799999237060547,152600
2018-05-18,30.700000762939453,31.700000762939453,30.700000762939453,30.850000381469727,30.850000381469727,192500
2018-05-21,31.049999237060547,31.25,30.200000762939453,30.350000381469727,30.350000381469727,154400
2018-05-22,30.450000762939453,30.804000854492188,30.0,30.399999618530273,30.399999618530273,210200
2018-05-23,30.25,30.850000381469727,30.100000381469727,30.549999237060547,30.549999237060547,141000
2018-05-24,30.75,31.149999618530273,30.0,30.75,30.75,153700
2018-05-25,30.649999618530273,31.25,30.549999237060547,31.149999618530273,31.149999618530273,127800
2018-05-29,30.649999618530273,30.649999618530273,27.950000762939453,27.975000381469727,27.975000381469727,905900
2018-05-30,28.5,28.600000381469727,27.75,27.950000762939453,27.950000762939453,332000
2018-05-31,28.0,28.25,27.200000762939453,27.899999618530273,27.899999618530273,408200
2018-06-01,28.149999618530273,28.75,27.799999237060547,28.700000762939453,28.700000762939453,467100
2018-06-04,28.950000762939453,28.950000762939453,27.799999237060547,28.799999237060547,28.799999237060547,373600
2018-06-05,28.850000381469727,29.450000762939453,28.600000381469727,29.149999618530273,29.149999618530273,524400
2018-06-06,29.149999618530273,30.049999237060547,29.100000381469727,29.700000762939453,29.700000762939453,255900
2018-06-07,29.850000381469727,30.100000381469727,29.399999618530273,29.950000762939453,29.950000762939453,191800
2018-06-08,29.850000381469727,30.600000381469727,29.649999618530273,30.049999237060547,30.049999237060547,331100
2018-06-11,30.0,30.549999237060547,29.75,30.399999618530273,30.399999618530273,209200
2018-06-12,30.399999618530273,32.45000076293945,30.049999237060547,31.399999618530273,31.399999618530273,877300
2018-06-13,31.399999618530273,31.600000381469727,31.049999237060547,31.549999237060547,31.549999237060547,287300
2018-06-14,31.700000762939453,31.799999237060547,30.825000762939453,31.049999237060547,31.049999237060547,313800
2018-06-15,30.75,31.549999237060547,30.5,31.5,31.5,273200
2018-06-18,31.049999237060547,31.350000381469727,29.799999237060547,30.649999618530273,30.649999618530273,433000
2018-06-19,30.600000381469727,31.350000381469727,30.399999618530273,31.299999237060547,31.299999237060547,238700
2018-06-20,31.399999618530273,31.649999618530273,30.399999618530273,30.75,30.75,327800
2018-06-21,30.850000381469727,30.850000381469727,29.975000381469727,30.549999237060547,30.549999237060547,501000
2018-06-22,30.600000381469727,30.799999237060547,29.700000762939453,30.75,30.75,1417700
2018-06-25,30.0,30.399999618530273,28.950000762939453,29.0,29.0,513800
2018-06-26,29.200000762939453,29.5,28.600000381469727,29.100000381469727,29.100000381469727,227100
2018-06-27,29.299999237060547,29.549999237060547,28.549999237060547,28.649999618530273,28.649999618530273,286600
2018-06-28,28.649999618530273,29.100000381469727,27.700000762939453,27.899999618530273,27.899999618530273,488200
2018-06-29,28.100000381469727,28.100000381469727,27.350000381469727,27.450000762939453,27.450000762939453,315200
2018-07-02,27.25,27.799999237060547,26.850000381469727,27.399999618530273,27.399999618530273,329700
2018-07-03,27.5,28.149999618530273,27.299999237060547,27.799999237060547,27.799999237060547,95300
2018-07-05,28.049999237060547,28.700000762939453,28.049999237060547,28.399999618530273,28.399999618530273,169100
2018-07-06,28.350000381469727,29.5,28.200000762939453,29.25,29.25,170300
2018-07-09,29.350000381469727,29.709999084472656,28.600000381469727,29.100000381469727,29.100000381469727,159500
2018-07-10,29.200000762939453,29.399999618530273,28.399999618530273,29.049999237060547,29.049999237060547,230400
2018-07-11,28.850000381469727,29.549999237060547,28.5,29.0,29.0,219900
2018-07-12,29.350000381469727,29.700000762939453,29.049999237060547,29.649999618530273,29.649999618530273,163900
2018-07-13,29.5,29.850000381469727,29.25,29.549999237060547,29.549999237060547,190700
2018-07-16,29.649999618530273,29.649999618530273,28.899999618530273,29.399999618530273,29.399999618530273,211700
2018-07-17,29.399999618530273,29.850000381469727,28.799999237060547,29.0,29.0,158100
2018-07-18,28.950000762939453,29.149999618530273,28.549999237060547,28.799999237060547,28.799999237060547,137800
2018-07-19,28.700000762939453,29.0,28.350000381469727,28.850000381469727,28.850000381469727,198200
2018-07-20,28.850000381469727,29.5,28.450000762939453,29.424999237060547,29.424999237060547,175100
2018-07-23,29.399999618530273,29.899999618530273,29.100000381469727,29.799999237060547,29.799999237060547,218500
2018-07-24,29.850000381469727,30.600000381469727,28.299999237060547,28.5,28.5,405200
2018-07-25,28.549999237060547,29.649999618530273,28.049999237060547,29.299999237060547,29.299999237060547,205800
2018-07-26,29.149999618530273,29.600000381469727,28.825000762939453,28.950000762939453,28.950000762939453,150100
2018-07-27,29.0,29.0,27.350000381469727,28.0,28.0,256800
2018-07-30,27.950000762939453,28.5,27.549999237060547,28.25,28.25,102200
2018-07-31,28.200000762939453,29.201000213623047,28.024999618530273,28.75,28.75,163800
2018-08-01,28.75,30.200000762939453,28.700000762939453,30.100000381469727,30.100000381469727,268800
2018-08-02,29.899999618530273,30.450000762939453,29.649999618530273,29.75,29.75,310500
2018-08-03,29.899999618530273,29.899999618530273,26.5049991607666,26.850000381469727,26.850000381469727,917700
2018-08-06,27.200000762939453,27.945999145507812,26.417999267578125,26.799999237060547,26.799999237060547,627800
2018-08-07,27.0,27.100000381469727,26.649999618530273,27.0,27.0,263900
2018-08-08,26.950000762939453,27.100000381469727,26.450000762939453,26.549999237060547,26.549999237060547,266600
2018-08-09,26.5,27.075000762939453,26.350000381469727,26.450000762939453,26.450000762939453,209800
2018-08-10,26.350000381469727,26.700000762939453,26.25,26.5,26.5,192900
2018-08-13,26.5,27.100000381469727,26.424999237060547,26.850000381469727,26.850000381469727,243700
2018-08-14,26.899999618530273,27.149999618530273,26.549999237060547,26.799999237060547,26.799999237060547,163300
2018-08-15,26.700000762939453,26.950000762939453,25.850000381469727,26.149999618530273,26.149999618530273,198800
2018-08-16,26.149999618530273,26.600000381469727,25.899999618530273,26.299999237060547,26.299999237060547,72200
2018-08-17,26.149999618530273,26.450000762939453,26.0,26.200000762939453,26.200000762939453,122900
2018-08-20,26.200000762939453,26.649999618530273,26.100000381469727,26.549999237060547,26.549999237060547,162900
2018-08-21,26.700000762939453,26.799999237060547,26.450000762939453,26.600000381469727,26.600000381469727,225200
2018-08-22,26.5,26.75,26.149999618530273,26.399999618530273,26.399999618530273,423000
2018-08-23,26.299999237060547,26.399999618530273,25.700000762939453,25.899999618530273,25.899999618530273,272600
2018-08-24,25.899999618530273,26.450000762939453,25.649999618530273,26.350000381469727,26.350000381469727,156400
2018-08-27,27.549999237060547,27.549999237060547,26.375,26.950000762939453,26.950000762939453,259400
2018-08-28,26.850000381469727,27.25,26.850000381469727,27.0,27.0,221500
2018-08-29,27.049999237060547,27.100000381469727,26.75,26.950000762939453,26.950000762939453,251700
2018-08-30,26.850000381469727,27.450000762939453,26.600000381469727,27.399999618530273,27.399999618530273,149300
2018-08-31,27.149999618530273,27.549999237060547,27.100000381469727,27.399999618530273,27.399999618530273,106400
2018-09-04,27.200000762939453,27.450000762939453,26.700000762939453,27.299999237060547,27.299999237060547,180100
2018-09-05,27.25,27.5,27.0,27.350000381469727,27.350000381469727,158200
2018-09-06,27.299999237060547,27.549999237060547,26.875,27.0,27.0,168800
2018-09-07,26.950000762939453,27.799999237060547,26.924999237060547,27.350000381469727,27.350000381469727,131500
2018-09-10,27.5,27.799999237060547,27.200000762939453,27.399999618530273,27.399999618530273,137400
2018-09-11,27.450000762939453,27.450000762939453,26.850000381469727,26.850000381469727,26.850000381469727,102700
2018-09-12,26.850000381469727,27.075000762939453,26.100000381469727,26.450000762939453,26.450000762939453,177400
2018-09-13,26.5,26.649999618530273,25.899999618530273,25.950000762939453,25.950000762939453,189200
2018-09-14,24.5,26.149999618530273,22.25,25.674999237060547,25.674999237060547,1042400
2018-09-17,24.799999237060547,25.100000381469727,23.399999618530273,23.549999237060547,23.549999237060547,696100
2018-09-18,23.549999237060547,24.25,23.399999618530273,24.049999237060547,24.049999237060547,235000
2018-09-19,24.0,24.5,23.700000762939453,24.0,24.0,417700
2018-09-20,24.0,24.549999237060547,23.950000762939453,24.350000381469727,24.350000381469727,186200
2018-09-21,24.350000381469727,25.299999237060547,24.299999237060547,25.100000381469727,25.100000381469727,448600
2018-09-24,25.100000381469727,25.649999618530273,25.100000381469727,25.299999237060547,25.299999237060547,111000
2018-09-25,25.299999237060547,26.350000381469727,25.25,25.950000762939453,25.950000762939453,502300
2018-09-26,26.049999237060547,26.049999237060547,23.950000762939453,24.25,24.25,319000
2018-09-27,24.25,24.799999237060547,24.239999771118164,24.600000381469727,24.600000381469727,113800
2018-09-28,24.600000381469727,24.950000762939453,24.549999237060547,24.850000381469727,24.850000381469727,124300
2018-10-01,24.8799991607666,25.260000228881836,24.31999969482422,24.5,24.5,179100
2018-10-02,24.459999084472656,24.56999969482422,23.336000442504883,23.5,23.5,332100
2018-10-03,23.600000381469727,24.18000030517578,23.25,23.989999771118164,23.989999771118164,145700
2018-10-04,23.829999923706055,24.15999984741211,23.649999618530273,24.010000228881836,24.010000228881836,149000
2018-10-05,24.09000015258789,24.770000457763672,23.09000015258789,23.65999984741211,23.65999984741211,205000
2018-10-08,23.649999618530273,23.790000915527344,23.299999237060547,23.56999969482422,23.56999969482422,108200
2018-10-09,23.440000534057617,23.860000610351562,23.06999969482422,23.719999313354492,23.719999313354492,198500
2018-10-10,23.68000030517578,23.780000686645508,23.170000076293945,23.25,23.25,229800
2018-10-11,23.139999389648438,23.31999969482422,22.510000228881836,23.149999618530273,23.149999618530273,244200
2018-10-12,23.549999237060547,24.049999237060547,23.18000030517578,23.920000076293945,23.920000076293945,240500
2018-10-15,23.899999618530273,24.290000915527344,23.450000762939453,23.940000534057617,23.940000534057617,162100
2018-10-16,24.049999237060547,24.979999542236328,23.399999618530273,24.850000381469727,24.850000381469727,226800
2018-10-17,24.790000915527344,24.790000915527344,23.979999542236328,24.770000457763672,24.770000457763672,82600
2018-10-18,24.700000762939453,24.75,23.920000076293945,24.270000457763672,24.270000457763672,152900
2018-10-19,24.15999984741211,24.790000915527344,23.84000015258789,23.950000762939453,23.950000762939453,162500
2018-10-22,24.049999237060547,24.049999237060547,22.899999618530273,23.09000015258789,23.09000015258789,187300
2018-10-23,22.68000030517578,23.25,22.25,22.979999542236328,22.979999542236328,123200
2018-10-24,22.989999771118164,23.010000228881836,21.559999465942383,21.56999969482422,21.56999969482422,196200
2018-10-25,21.709999084472656,22.889999389648438,21.709999084472656,22.59000015258789,22.59000015258789,147000
2018-10-26,22.239999771118164,22.65999984741211,21.791000366210938,22.420000076293945,22.420000076293945,136100
2018-10-29,22.770000457763672,22.93000030517578,21.450000762939453,21.8700008392334,21.8700008392334,121000
2018-10-30,21.850000381469727,22.44499969482422,21.649999618530273,21.8700008392334,21.8700008392334,245100
2018-10-31,22.170000076293945,22.399999618530273,21.739999771118164,21.770000457763672,21.770000457763672,192800
2018-11-01,21.899999618530273,23.65999984741211,21.899999618530273,23.010000228881836,23.010000228881836,285000
2018-11-02,24.459999084472656,26.889999389648438,24.274999618530273,24.8799991607666,24.8799991607666,497500
2018-11-05,25.049999237060547,25.229999542236328,24.139999389648438,24.959999084472656,24.959999084472656,169200
2018-11-06,24.950000762939453,25.100000381469727,23.479999542236328,24.049999237060547,24.049999237060547,197300
2018-11-07,23.989999771118164,24.3700008392334,23.56999969482422,24.139999389648438,24.139999389648438,312300
2018-11-08,24.149999618530273,24.25,23.718000411987305,24.0,24.0,169000
2018-11-09,23.719999313354492,24.06999969482422,23.18000030517578,23.459999084472656,23.459999084472656,180700
2018-11-12,23.399999618530273,23.600000381469727,22.549999237060547,22.6200008392334,22.6200008392334,165900
2018-11-13,22.700000762939453,22.899999618530273,21.670000076293945,21.700000762939453,21.700000762939453,239200
2018-11-14,21.75,22.040000915527344,20.600000381469727,20.850000381469727,20.850000381469727,228800
2018-11-15,20.719999313354492,21.34000015258789,20.59000015258789,20.989999771118164,20.989999771118164,288600
2018-11-16,21.0,21.639999389648438,20.520000457763672,20.989999771118164,20.989999771118164,523300
2018-11-19,20.979999542236328,21.170000076293945,20.670000076293945,20.950000762939453,20.950000762939453,451700
2018-11-20,20.65999984741211,20.729999542236328,20.139999389648438,20.329999923706055,20.329999923706055,252900
2018-11-21,20.520000457763672,21.200000762939453,20.520000457763672,20.639999389648438,20.639999389648438,150300
2018-11-23,20.43000030517578,21.3700008392334,20.360000610351562,21.079999923706055,21.079999923706055,94300
2018-11-26,21.299999237060547,21.510000228881836,20.209999084472656,20.299999237060547,20.299999237060547,164200
2018-11-27,20.049999237060547,20.260000228881836,19.617000579833984,19.850000381469727,19.850000381469727,168100
2018-11-28,19.950000762939453,20.75,19.6200008392334,20.739999771118164,20.739999771118164,240900
2018-11-29,20.709999084472656,20.940000534057617,20.049999237060547,20.100000381469727,20.100000381469727,99600
2018-11-30,20.1299991607666,20.520000457763672,19.81999969482422,20.440000534057617,20.440000534057617,143800
2018-12-03,20.75,20.881000518798828,20.389999389648438,20.850000381469727,20.850000381469727,161800
2018-12-04,20.81999969482422,24.989999771118164,20.809999465942383,24.90999984741211,24.90999984741211,1781400
2018-12-06,24.309999465942383,24.649999618530273,23.520999908447266,24.200000762939453,24.200000762939453,715300
2018-12-07,24.15999984741211,24.249000549316406,22.719999313354492,23.110000610351562,23.110000610351562,347100
2018-12-10,23.1200008392334,23.466999053955078,22.3700008392334,23.06999969482422,23.06999969482422,224000
2018-12-11,23.219999313354492,23.260000228881836,21.670000076293945,21.729999542236328,21.729999542236328,317400
2018-12-12,22.1299991607666,22.520000457763672,21.93000030517578,21.93000030517578,21.93000030517578,279700
2018-12-13,21.950000762939453,22.190000534057617,20.639999389648438,20.700000762939453,20.700000762939453,355800
2018-12-14,20.600000381469727,20.780000686645508,19.639999389648438,19.90999984741211,19.90999984741211,321700
2018-12-17,19.739999771118164,20.43000030517578,19.139999389648438,19.200000762939453,19.200000762939453,382300
2018-12-18,19.280000686645508,19.8700008392334,18.850000381469727,19.040000915527344,19.040000915527344,434800
2018-12-19,19.040000915527344,19.3799991607666,18.579999923706055,18.719999313354492,18.719999313354492,285300
2018-12-20,18.729999542236328,19.270000457763672,17.90999984741211,18.309999465942383,18.309999465942383,229000
2018-12-21,18.43000030517578,18.43000030517578,17.15999984741211,18.059999465942383,18.059999465942383,721500
2018-12-24,17.8700008392334,19.040000915527344,17.80500030517578,18.549999237060547,18.549999237060547,194300
2018-12-26,18.6299991607666,19.489999771118164,18.170000076293945,19.440000534057617,19.440000534057617,266400
2018-12-27,19.149999618530273,19.579999923706055,18.860000610351562,19.530000686645508,19.530000686645508,232800
2018-12-28,19.559999465942383,19.6200008392334,19.0,19.399999618530273,19.399999618530273,204800
2018-12-31,19.56999969482422,20.149999618530273,19.56999969482422,20.1299991607666,20.1299991607666,219400
2019-01-02,19.8700008392334,20.18000030517578,19.270000457763672,19.510000228881836,19.510000228881836,324600
2019-01-03,19.479999542236328,19.729999542236328,19.049999237060547,19.639999389648438,19.639999389648438,159700
2019-01-04,19.8799991607666,20.450000762939453,19.469999313354492,20.389999389648438,20.389999389648438,282700
2019-01-07,20.579999923706055,20.829999923706055,20.030000686645508,20.18000030517578,20.18000030517578,403100
2019-01-08,20.329999923706055,20.34000015258789,19.68000030517578,19.940000534057617,19.940000534057617,267200
2019-01-09,19.989999771118164,20.325000762939453,19.309999465942383,19.979999542236328,19.979999542236328,393400
2019-01-10,19.920000076293945,20.15999984741211,19.5,19.729999542236328,19.729999542236328,165500
2019-01-11,19.729999542236328,19.850000381469727,19.40999984741211,19.780000686645508,19.780000686645508,144700
2019-01-14,19.780000686645508,19.979999542236328,19.219999313354492,19.43000030517578,19.43000030517578,173900
2019-01-15,19.520000457763672,20.527999877929688,19.485000610351562,20.190000534057617,20.190000534057617,228400
2019-01-16,19.270000457763672,19.68600082397461,18.110000610351562,18.114999771118164,18.114999771118164,1514600
2019-01-17,17.780000686645508,17.889999389648438,16.760000228881836,17.229999542236328,17.229999542236328,3435500
2019-01-18,17.25,18.239999771118164,17.25,17.809999465942383,17.809999465942383,907000
2019-01-22,17.770000457763672,17.90999984741211,17.048999786376953,17.479999542236328,17.479999542236328,444300
2019-01-23,17.649999618530273,17.95199966430664,17.139999389648438,17.18000030517578,17.18000030517578,449400
2019-01-24,17.15999984741211,17.3700008392334,16.875,17.229999542236328,17.229999542236328,289300
2019-01-25,17.229999542236328,17.280000686645508,17.0,17.270000457763672,17.270000457763672,329600
2019-01-28,17.1299991607666,17.209999084472656,16.559999465942383,17.0,17.0,775800
2019-01-29,17.600000381469727,17.89900016784668,16.979999542236328,17.049999237060547,17.049999237060547,1243600
2019-01-30,17.059999465942383,17.719999313354492,17.059999465942383,17.639999389648438,17.639999389648438,447400
2019-01-31,17.6200008392334,17.920000076293945,17.200000762939453,17.270000457763672,17.270000457763672,352300
2019-02-01,17.3700008392334,17.950000762939453,16.940000534057617,17.520000457763672,17.520000457763672,1153800
2019-02-04,17.549999237060547,17.8700008392334,16.760000228881836,16.899999618530273,16.899999618530273,597700
2019-02-05,16.969999313354492,17.549999237060547,16.829999923706055,17.540000915527344,17.540000915527344,582800
2019-02-06,17.520000457763672,17.780000686645508,17.100000381469727,17.170000076293945,17.170000076293945,269600
2019-02-07,17.09000015258789,17.389999389648438,16.790000915527344,16.959999084472656,16.959999084472656,258500
2019-02-08,16.959999084472656,17.18000030517578,16.825000762939453,17.110000610351562,17.110000610351562,219400
2019-02-11,17.200000762939453,17.81999969482422,16.809999465942383,17.799999237060547,17.799999237060547,330600
2019-02-12,17.8799991607666,18.31800079345703,17.639999389648438,17.860000610351562,17.860000610351562,244100
2019-02-13,17.84000015258789,17.989999771118164,17.6200008392334,17.780000686645508,17.780000686645508,270700
2019-02-14,18.020000457763672,18.1200008392334,17.709999084472656,17.829999923706055,17.829999923706055,283600
2019-02-15,17.850000381469727,17.93899917602539,17.469999313354492,17.690000534057617,17.690000534057617,352600
2019-02-19,17.68000030517578,17.961000442504883,17.309999465942383,17.670000076293945,17.670000076293945,326800
2019-02-20,17.65999984741211,18.149999618530273,17.584999084472656,17.969999313354492,17.969999313354492,490900
2019-02-21,18.0,18.100000381469727,17.1299991607666,17.260000228881836,17.260000228881836,227900
2019-02-22,17.3799991607666,17.540000915527344,17.05500030517578,17.530000686645508,17.530000686645508,388600
2019-02-25,17.790000915527344,17.8799991607666,16.959999084472656,16.979999542236328,16.979999542236328,526400
2019-02-26,17.030000686645508,17.25,16.6299991607666,17.06999969482422,17.06999969482422,627600
2019-02-27,17.0,17.31999969482422,15.380000114440918,16.979999542236328,16.979999542236328,829800
2019-02-28,17.200000762939453,17.75,16.579999923706055,16.940000534057617,16.940000534057617,396000
2019-03-01,16.93000030517578,17.139999389648438,16.670000076293945,17.1299991607666,17.1299991607666,570700
2019-03-04,17.25,17.65999984741211,16.959999084472656,17.190000534057617,17.190000534057617,331200
2019-03-05,17.18000030517578,17.389999389648438,16.93000030517578,17.09000015258789,17.09000015258789,393500
2019-03-06,17.1200008392334,17.34000015258789,16.18000030517578,16.25,16.25,484800
2019-03-07,16.200000762939453,16.5,15.829999923706055,16.209999084472656,16.209999084472656,318300
2019-03-08,16.100000381469727,16.15999984741211,15.770000457763672,15.970000267028809,15.970000267028809,301000
2019-03-11,15.979999542236328,16.190000534057617,15.739999771118164,16.18000030517578,16.18000030517578,278700
2019-03-12,16.239999771118164,16.3700008392334,15.989999771118164,16.229999542236328,16.229999542236328,275800
2019-03-13,16.280000686645508,16.530000686645508,16.0,16.09000015258789,16.09000015258789,388200
2019-03-14,15.979999542236328,16.065000534057617,15.569999694824219,15.569999694824219,15.569999694824219,486400
2019-03-15,15.640000343322754,15.710000038146973,15.380000114440918,15.449999809265137,15.449999809265137,1253400
2019-03-18,15.479999542236328,16.100000381469727,15.069999694824219,16.0,16.0,582900
2019-03-19,16.049999237060547,16.489999771118164,15.937999725341797,16.31999969482422,16.31999969482422,337100
2019-03-20,16.31999969482422,16.344999313354492,15.819999694824219,15.869999885559082,15.869999885559082,346200
2019-03-21,15.739999771118164,15.989999771118164,15.649999618530273,15.960000038146973,15.960000038146973,242000
2019-03-22,15.90999984741211,15.979999542236328,15.40999984741211,15.470000267028809,15.470000267028809,358400
2019-03-25,15.449999809265137,15.619999885559082,15.149999618530273,15.399999618530273,15.399999618530273,333000
2019-03-26,15.489999771118164,15.680000305175781,15.369999885559082,15.640000343322754,15.640000343322754,249300
2019-03-27,15.65999984741211,15.720000267028809,15.369999885559082,15.579999923706055,15.579999923706055,271800
2019-03-28,15.59000015258789,15.859999656677246,15.569999694824219,15.779999732971191,15.779999732971191,255800
2019-03-29,15.84000015258789,15.949999809265137,15.5600004196167,15.760000228881836,15.760000228881836,254100
2019-04-01,15.880000114440918,15.979999542236328,15.430000305175781,15.489999771118164,15.489999771118164,386800
2019-04-02,15.5,15.670000076293945,15.100000381469727,15.180000305175781,15.180000305175781,266900
2019-04-03,15.300000190734863,15.319999694824219,14.90999984741211,15.109999656677246,15.109999656677246,406600
2019-04-04,15.119999885559082,15.220000267028809,14.944999694824219,15.039999961853027,15.039999961853027,231700
2019-04-05,15.050000190734863,15.34000015258789,15.029999732971191,15.279999732971191,15.279999732971191,303200
2019-04-08,15.239999771118164,15.25,14.800000190734863,15.020000457763672,15.020000457763672,255800
2019-04-09,15.100000381469727,15.199999809265137,14.600000381469727,14.609999656677246,14.609999656677246,380400
2019-04-10,14.619999885559082,14.859999656677246,14.300000190734863,14.430000305175781,14.430000305175781,381700
2019-04-11,14.4399995803833,14.4399995803833,13.970000267028809,14.039999961853027,14.039999961853027,407500
2019-04-12,14.140000343322754,14.140000343322754,13.630000114440918,13.979999542236328,13.979999542236328,305800
2019-04-15,14.069999694824219,14.15999984741211,13.720000267028809,14.039999961853027,14.039999961853027,223400
2019-04-16,14.100000381469727,14.25100040435791,13.859999656677246,13.949999809265137,13.949999809265137,319600
2019-04-17,14.0,14.130000114440918,13.020000457763672,13.229999542236328,13.229999542236328,469300
2019-04-18,13.25,13.510000228881836,12.869999885559082,13.489999771118164,13.489999771118164,311400
2019-04-22,13.529999732971191,13.645000457763672,13.140000343322754,13.420000076293945,13.420000076293945,370800
2019-04-23,13.420000076293945,13.760000228881836,13.25,13.59000015258789,13.59000015258789,410500
2019-04-24,13.59000015258789,13.59000015258789,13.0,13.119999885559082,13.119999885559082,276600
2019-04-25,13.109999656677246,13.449999809265137,12.779999732971191,13.380000114440918,13.380000114440918,302000
2019-04-26,13.40999984741211,13.529999732971191,13.199999809265137,13.40999984741211,13.40999984741211,191700
2019-04-29,13.470000267028809,13.579999923706055,13.25,13.289999961853027,13.289999961853027,254500
2019-04-30,13.369999885559082,13.402999877929688,13.029999732971191,13.239999771118164,13.239999771118164,253800
2019-05-01,13.239999771118164,13.34000015258789,12.960000038146973,13.069999694824219,13.069999694824219,312700
2019-05-02,13.050000190734863,13.350000381469727,12.859999656677246,13.289999961853027,13.289999961853027,269400
2019-05-03,13.34000015258789,13.739999771118164,13.289999961853027,13.529999732971191,13.529999732971191,268100
2019-05-06,13.329999923706055,13.649999618530273,13.1899995803833,13.609999656677246,13.609999656677246,199100
2019-05-07,13.489999771118164,13.5,12.845000267028809,12.9399995803833,12.9399995803833,278900
2019-05-08,12.90999984741211,13.0649995803833,12.583999633789062,12.680000305175781,12.680000305175781,336000
2019-05-09,10.569999694824219,13.130000114440918,10.510000228881836,12.819999694824219,12.819999694824219,968300
2019-05-10,12.819999694824219,12.890000343322754,12.210000038146973,12.630000114440918,12.630000114440918,306100
2019-05-13,12.470000267028809,12.5,11.760000228881836,12.260000228881836,12.260000228881836,467500
2019-05-14,12.270000457763672,12.84000015258789,12.199999809265137,12.760000228881836,12.760000228881836,307000
2019-05-15,12.630000114440918,12.899999618530273,12.489999771118164,12.670000076293945,12.670000076293945,329300
2019-05-16,12.65999984741211,12.895000457763672,12.039999961853027,12.25,12.25,654900
2019-05-17,12.09000015258789,12.3100004196167,11.789999961853027,11.899999618530273,11.899999618530273,616800
2019-05-20,11.880000114440918,11.979999542236328,11.640000343322754,11.859999656677246,11.859999656677246,359100
2019-05-21,11.899999618530273,11.920000076293945,11.460000038146973,11.65999984741211,11.65999984741211,354700
2019-05-22,11.609999656677246,11.920000076293945,11.329999923706055,11.890000343322754,11.890000343322754,370200
2019-05-23,11.8100004196167,12.039999961853027,11.720000267028809,11.930000305175781,11.930000305175781,249500
2019-05-24,11.989999771118164,12.140000343322754,11.539999961853027,11.609999656677246,11.609999656677246,230000
2019-05-28,11.609999656677246,11.6899995803833,10.779999732971191,10.930000305175781,10.930000305175781,400000
2019-05-29,10.869999885559082,11.180000305175781,10.739999771118164,11.100000381469727,11.100000381469727,302300
2019-05-30,11.15999984741211,11.220000267028809,10.9399995803833,10.979999542236328,10.979999542236328,182300
2019-05-31,10.869999885559082,10.979999542236328,10.640000343322754,10.770000457763672,10.770000457763672,286000
2019-06-03,10.850000381469727,11.15999984741211,10.774999618530273,10.989999771118164,10.989999771118164,296300
2019-06-04,11.100000381469727,11.25,10.890000343322754,11.239999771118164,11.239999771118164,185900
2019-06-05,11.289999961853027,11.300000190734863,10.920000076293945,11.15999984741211,11.15999984741211,251100
2019-06-06,11.149999618530273,11.29699993133545,10.770000457763672,10.84000015258789,10.84000015258789,302800
2019-06-07,10.899999618530273,10.920000076293945,10.369999885559082,10.829999923706055,10.829999923706055,374400
2019-06-10,10.850000381469727,11.027000427246094,10.5600004196167,10.670000076293945,10.670000076293945,300200
2019-06-11,11.170000076293945,11.229999542236328,10.5,10.800000190734863,10.800000190734863,362900
2019-06-12,10.90999984741211,11.029999732971191,10.670000076293945,10.699999809265137,10.699999809265137,336500
2019-06-13,10.739999771118164,11.119999885559082,10.609999656677246,10.970000267028809,10.970000267028809,457200
2019-06-14,10.9399995803833,11.149999618530273,10.670000076293945,10.859999656677246,10.859999656677246,853100
2019-06-17,10.90999984741211,11.395000457763672,10.829999923706055,11.319999694824219,11.319999694824219,1118800
2019-06-18,11.40999984741211,11.720000267028809,11.319999694824219,11.489999771118164,11.489999771118164,622600
2019-06-19,11.550000190734863,11.845000267028809,11.449999809265137,11.569999694824219,11.569999694824219,468800
2019-06-20,12.050000190734863,12.5,11.640000343322754,11.75,11.75,429300
2019-06-21,11.739999771118164,11.819999694824219,11.4399995803833,11.680000305175781,11.680000305175781,384200
2019-06-24,11.640000343322754,11.760000228881836,11.470000267028809,11.550000190734863,11.550000190734863,310900
2019-06-25,11.800000190734863,12.380000114440918,11.75,12.149999618530273,12.149999618530273,819500
2019-06-26,12.149999618530273,12.640000343322754,12.149999618530273,12.40999984741211,12.40999984741211,489400
2019-06-27,12.649999618530273,13.079999923706055,12.519000053405762,12.630000114440918,12.630000114440918,697400
2019-06-28,12.649999618530273,13.029999732971191,12.649999618530273,12.970000267028809,12.970000267028809,1488700
2019-07-01,13.029999732971191,13.210000038146973,12.515000343322754,12.729999542236328,12.729999542236328,619500
2019-07-02,12.760000228881836,12.850000381469727,12.09000015258789,12.15999984741211,12.15999984741211,631900
2019-07-03,12.210000038146973,12.550000190734863,12.069999694824219,12.529999732971191,12.529999732971191,219600
2019-07-05,12.4399995803833,12.920000076293945,12.239999771118164,12.770000457763672,12.770000457763672,351200
2019-07-08,12.760000228881836,12.90999984741211,12.390000343322754,12.510000228881836,12.510000228881836,394400
2019-07-09,12.40999984741211,12.869999885559082,12.40999984741211,12.550000190734863,12.550000190734863,307300
2019-07-10,12.59000015258789,12.619999885559082,11.970000267028809,12.350000381469727,12.350000381469727,466600
2019-07-11,12.390000343322754,12.529999732971191,12.079999923706055,12.239999771118164,12.239999771118164,275300
2019-07-12,12.25,12.680000305175781,12.168999671936035,12.569999694824219,12.569999694824219,416100
2019-07-15,12.579999923706055,12.720000267028809,12.239999771118164,12.550000190734863,12.550000190734863,288900
2019-07-16,12.569999694824219,12.699999809265137,12.300000190734863,12.319999694824219,12.319999694824219,314200
2019-07-17,12.300000190734863,12.920000076293945,12.210000038146973,12.649999618530273,12.649999618530273,523600
2019-07-18,12.680000305175781,12.960000038146973,12.34000015258789,12.869999885559082,12.869999885559082,375400
2019-07-19,12.829999923706055,13.050000190734863,12.579999923706055,12.600000381469727,12.600000381469727,296800
2019-07-22,12.649999618530273,12.960000038146973,12.550000190734863,12.720000267028809,12.720000267028809,498200
2019-07-23,12.75,12.84000015258789,11.8100004196167,11.859999656677246,11.859999656677246,413700
2019-07-24,11.819999694824219,11.925000190734863,11.59000015258789,11.710000038146973,11.710000038146973,379400
2019-07-25,11.710000038146973,11.829999923706055,11.399999618530273,11.460000038146973,11.460000038146973,474300
2019-07-26,11.529999732971191,11.890000343322754,11.5,11.869999885559082,11.869999885559082,303800
2019-07-29,11.890000343322754,12.069999694824219,11.680000305175781,12.069999694824219,12.069999694824219,222200
2019-07-30,11.989999771118164,12.71500015258789,11.890000343322754,12.630000114440918,12.630000114440918,333800
2019-07-31,12.720000267028809,13.229999542236328,12.529999732971191,12.579999923706055,12.579999923706055,443600
2019-08-01,12.579999923706055,12.75,12.34000015258789,12.5600004196167,12.5600004196167,292400
2019-08-02,12.5600004196167,12.670000076293945,12.079999923706055,12.270000457763672,12.270000457763672,298600
2019-08-05,12.1899995803833,12.274999618530273,11.680000305175781,11.9399995803833,11.9399995803833,297900
2019-08-06,11.789999961853027,12.899999618530273,11.789999961853027,12.3100004196167,12.3100004196167,410800
2019-08-07,12.220000267028809,12.364999771118164,11.869999885559082,12.220000267028809,12.220000267028809,289600
2019-08-08,12.25,13.279999732971191,12.25,13.079999923706055,13.079999923706055,608000
2019-08-09,13.069999694824219,13.15999984741211,12.529999732971191,12.550000190734863,12.550000190734863,251200
2019-08-12,12.5,12.515000343322754,11.960000038146973,11.979999542236328,11.979999542236328,326600
2019-08-13,11.899999618530273,12.020000457763672,11.609999656677246,11.970000267028809,11.970000267028809,434500
2019-08-14,11.859999656677246,11.970000267028809,11.229999542236328,11.3100004196167,11.3100004196167,397000
2019-08-15,11.359999656677246,11.375,10.619999885559082,10.899999618530273,10.899999618530273,604900
2019-08-16,10.960000038146973,11.479999542236328,10.670000076293945,11.34000015258789,11.34000015258789,545200
2019-08-19,11.4399995803833,11.649999618530273,11.050000190734863,11.399999618530273,11.399999618530273,464800
2019-08-20,11.359999656677246,11.600000381469727,11.069999694824219,11.180000305175781,11.180000305175781,291900
2019-08-21,11.25,11.279999732971191,11.010000228881836,11.220000267028809,11.220000267028809,403100
2019-08-22,11.260000228881836,11.270000457763672,10.819999694824219,11.050000190734863,11.050000190734863,248600
2019-08-23,11.020000457763672,11.234999656677246,10.729999542236328,10.760000228881836,10.760000228881836,284900
2019-08-26,10.819999694824219,10.989999771118164,10.744999885559082,10.880000114440918,10.880000114440918,368600
2019-08-27,10.9399995803833,11.050000190734863,10.15999984741211,10.220000267028809,10.220000267028809,524400
2019-08-28,10.270000457763672,10.454999923706055,9.880000114440918,10.229999542236328,10.229999542236328,383700
2019-08-29,10.300000190734863,10.739999771118164,10.220999717712402,10.600000381469727,10.600000381469727,205700
2019-08-30,10.630000114440918,10.720000267028809,10.390000343322754,10.600000381469727,10.600000381469727,205000
2019-09-03,10.479999542236328,10.722000122070312,10.329999923706055,10.479999542236328,10.479999542236328,281900
2019-09-04,10.579999923706055,10.710000038146973,10.270000457763672,10.520000457763672,10.520000457763672,197500
2019-09-05,10.550000190734863,11.0,10.539999961853027,10.890000343322754,10.890000343322754,235600
2019-09-06,10.9399995803833,11.109999656677246,10.680000305175781,10.869999885559082,10.869999885559082,236600
2019-09-09,10.920000076293945,11.329999923706055,10.84000015258789,11.270000457763672,11.270000457763672,176800
2019-09-10,11.180000305175781,12.550000190734863,11.039999961853027,12.550000190734863,12.550000190734863,589300
2019-09-11,12.720000267028809,13.130000114440918,12.600000381469727,13.0,13.0,460200
2019-09-12,12.920000076293945,13.15999984741211,12.6899995803833,12.979999542236328,12.979999542236328,339100
2019-09-13,13.0,13.079999923706055,12.510000228881836,12.970000267028809,12.970000267028809,226400
2019-09-16,12.979999542236328,13.4399995803833,12.890000343322754,13.369999885559082,13.369999885559082,370500
2019-09-17,13.34000015258789,14.510000228881836,13.25,14.5,14.5,447200
2019-09-18,14.5,14.5600004196167,13.449999809265137,14.0,14.0,563200
2019-09-19,14.0,14.359999656677246,13.930000305175781,14.069999694824219,14.069999694824219,328400
2019-09-20,14.039999961853027,14.529999732971191,13.899999618530273,14.380000114440918,14.380000114440918,718600
2019-09-23,14.350000381469727,14.5,14.0,14.119999885559082,14.119999885559082,480600
2019-09-24,14.149999618530273,14.289999961853027,13.619999885559082,13.90999984741211,13.90999984741211,367500
2019-09-25,13.90999984741211,14.0,13.569999694824219,13.979999542236328,13.979999542236328,361500
2019-09-26,13.979999542236328,14.0,13.383999824523926,13.520000457763672,13.520000457763672,215300
2019-09-27,13.569999694824219,13.90999984741211,13.5,13.760000228881836,13.760000228881836,213600
2019-09-30,13.739999771118164,13.930000305175781,12.779999732971191,13.0,13.0,406600
2019-10-01,13.010000228881836,13.229999542236328,12.220000267028809,12.270000457763672,12.270000457763672,358400
2019-10-02,12.1899995803833,12.289999961853027,11.84000015258789,12.234999656677246,12.234999656677246,312500
2019-10-03,12.229999542236328,12.600000381469727,12.109999656677246,12.420000076293945,12.420000076293945,182800
2019-10-04,12.470000267028809,12.609999656677246,12.109999656677246,12.425000190734863,12.425000190734863,259500
2019-10-07,12.399999618530273,12.529999732971191,12.260000228881836,12.359999656677246,12.359999656677246,184400
2019-10-08,12.25,12.335000038146973,11.970000267028809,12.020000457763672,12.020000457763672,274300
2019-10-09,12.140000343322754,12.489999771118164,12.005000114440918,12.09000015258789,12.09000015258789,171400
2019-10-10,12.069999694824219,12.279999732971191,11.619999885559082,11.65999984741211,11.65999984741211,380700
2019-10-11,11.829999923706055,12.4399995803833,11.800000190734863,12.180000305175781,12.180000305175781,235100
2019-10-14,12.15999984741211,14.289999961853027,12.029999732971191,14.020000457763672,14.020000457763672,891900
2019-10-15,14.119999885559082,15.15999984741211,13.8100004196167,14.675000190734863,14.675000190734863,1217200
2019-10-16,14.550000190734863,14.960000038146973,14.449999809265137,14.6899995803833,14.6899995803833,648500
2019-10-17,14.779999732971191,15.350000381469727,14.677000045776367,15.329999923706055,15.329999923706055,526800
2019-10-18,15.210000038146973,15.420000076293945,14.84000015258789,15.170000076293945,15.170000076293945,579800
2019-10-21,15.479999542236328,16.049999237060547,15.414999961853027,15.670000076293945,15.670000076293945,466400
2019-10-22,15.640000343322754,15.829999923706055,14.920000076293945,15.260000228881836,15.260000228881836,370200
2019-10-23,15.220000267028809,15.701000213623047,15.029999732971191,15.399999618530273,15.399999618530273,240200
2019-10-24,15.40999984741211,15.579999923706055,15.029999732971191,15.239999771118164,15.239999771118164,234200
2019-10-25,15.180000305175781,15.699999809265137,15.100000381469727,15.380000114440918,15.380000114440918,228900
2019-10-28,15.40999984741211,15.569999694824219,14.925000190734863,15.25,15.25,315600
2019-10-29,15.279999732971191,15.449999809265137,15.020000457763672,15.420000076293945,15.420000076293945,277900
2019-10-30,16.219999313354492,16.219999313354492,15.479999542236328,15.6899995803833,15.6899995803833,364600
2019-10-31,15.6899995803833,15.848999977111816,15.300000190734863,15.65999984741211,15.65999984741211,256000
2019-11-01,15.84000015258789,16.0,15.609999656677246,15.760000228881836,15.760000228881836,336500
2019-11-04,15.649999618530273,16.690000534057617,15.649999618530273,15.8100004196167,15.8100004196167,556300
2019-11-05,15.170000076293945,16.459999084472656,14.859999656677246,15.140000343322754,15.140000343322754,465100
2019-11-06,14.869999885559082,15.40999984741211,14.800000190734863,15.119999885559082,15.119999885559082,279000
2019-11-07,15.380000114440918,15.739999771118164,15.204999923706055,15.489999771118164,15.489999771118164,272300
2019-11-08,15.430000305175781,15.699999809265137,15.210000038146973,15.5,15.5,197500
2019-11-11,15.34000015258789,15.539999961853027,15.100000381469727,15.119999885559082,15.119999885559082,234100
2019-11-12,15.25,15.75,15.010000228881836,15.170000076293945,15.170000076293945,511100
2019-11-13,15.119999885559082,15.390000343322754,14.9399995803833,15.069999694824219,15.069999694824219,255500
2019-11-14,15.100000381469727,15.4399995803833,14.930000305175781,15.1899995803833,15.1899995803833,296300
2019-11-15,15.270000457763672,15.869999885559082,15.15999984741211,15.8100004196167,15.8100004196167,398200
2019-11-18,15.789999961853027,16.079999923706055,15.65999984741211,15.9399995803833,15.9399995803833,307600
2019-11-19,16.010000228881836,16.280000686645508,15.890000343322754,16.200000762939453,16.200000762939453,372500
2019-11-20,16.110000610351562,16.55900001525879,16.010000228881836,16.290000915527344,16.290000915527344,477200
2019-11-21,16.399999618530273,16.690000534057617,16.020000457763672,16.350000381469727,16.350000381469727,387000
2019-11-22,16.510000228881836,16.84000015258789,16.232999801635742,16.56999969482422,16.56999969482422,357100
2019-11-25,16.670000076293945,17.739999771118164,16.6299991607666,16.940000534057617,16.940000534057617,1120800
2019-11-26,16.920000076293945,17.399999618530273,16.854999542236328,17.3799991607666,17.3799991607666,457200
2019-11-27,17.459999084472656,18.579999923706055,17.459999084472656,17.84000015258789,17.84000015258789,935000
2019-11-29,17.850000381469727,18.295000076293945,17.520999908447266,17.899999618530273,17.899999618530273,294500
2019-12-02,18.700000762939453,20.53700065612793,18.40999984741211,20.024999618530273,20.024999618530273,1539000
2019-12-03,19.770000457763672,20.280000686645508,19.15999984741211,20.149999618530273,20.149999618530273,733100
2019-12-04,17.010000228881836,17.219999313354492,16.450000762939453,16.610000610351562,16.610000610351562,5588800
2019-12-05,16.809999465942383,16.860000610351562,15.529999732971191,15.930000305175781,15.930000305175781,2105900
2019-12-06,15.960000038146973,16.520000457763672,15.960000038146973,16.309999465942383,16.309999465942383,981400
2019-12-09,16.34000015258789,16.639999389648438,16.1200008392334,16.209999084472656,16.209999084472656,786000
2019-12-10,16.229999542236328,16.540000915527344,16.200000762939453,16.364999771118164,16.364999771118164,810400
2019-12-11,16.34000015258789,16.520000457763672,16.090999603271484,16.299999237060547,16.299999237060547,418600
2019-12-12,16.260000228881836,16.542999267578125,16.200000762939453,16.450000762939453,16.450000762939453,326800
2019-12-13,16.350000381469727,16.549999237060547,15.399999618530273,15.989999771118164,15.989999771118164,891100
2019-12-16,16.139999389648438,16.479999542236328,16.139999389648438,16.299999237060547,16.299999237060547,494000
2019-12-17,15.619999885559082,16.5,15.619999885559082,16.360000610351562,16.360000610351562,734100
2019-12-18,16.299999237060547,16.440000534057617,16.110000610351562,16.299999237060547,16.299999237060547,363900
2019-12-19,16.280000686645508,16.5,16.100000381469727,16.299999237060547,16.299999237060547,351900
2019-12-20,16.299999237060547,16.43000030517578,16.15999984741211,16.229999542236328,16.229999542236328,696200
2019-12-23,16.309999465942383,16.469999313354492,16.170000076293945,16.25,16.25,332500
2019-12-24,16.31999969482422,16.3700008392334,16.170000076293945,16.34000015258789,16.34000015258789,243400
2019-12-26,16.420000076293945,16.450000762939453,16.187999725341797,16.399999618530273,16.399999618530273,284400
2019-12-27,16.479999542236328,16.489999771118164,16.149999618530273,16.30500030517578,16.30500030517578,375400
2019-12-30,16.219999313354492,16.3799991607666,16.049999237060547,16.09000015258789,16.09000015258789,289000
2019-12-31,16.010000228881836,16.329999923706055,15.899999618530273,16.229999542236328,16.229999542236328,552400
2020-01-02,16.489999771118164,16.489999771118164,15.829999923706055,16.0,16.0,518800
2020-01-03,15.75,15.979999542236328,15.670000076293945,15.75,15.75,394400
2020-01-06,15.609999656677246,16.100000381469727,15.369999885559082,16.079999923706055,16.079999923706055,444400
2020-01-07,16.1299991607666,16.3700008392334,15.789999961853027,16.34000015258789,16.34000015258789,302500
2020-01-08,16.3799991607666,16.850000381469727,16.28499984741211,16.625,16.625,336200
2020-01-09,16.799999237060547,16.989999771118164,16.260000228881836,16.485000610351562,16.485000610351562,310300
2020-01-10,17.40999984741211,19.799999237060547,17.299999237060547,19.5,19.5,2665800
2020-01-13,19.65999984741211,21.06999969482422,19.121000289916992,21.010000228881836,21.010000228881836,1738100
2020-01-14,20.90999984741211,22.40999984741211,20.700000762939453,21.735000610351562,21.735000610351562,2168400
2020-01-15,21.739999771118164,22.93000030517578,21.600000381469727,22.889999389648438,22.889999389648438,947200
2020-01-16,23.040000915527344,23.429000854492188,22.104999542236328,22.360000610351562,22.360000610351562,811300
2020-01-17,22.489999771118164,22.68000030517578,22.100000381469727,22.46500015258789,22.46500015258789,628800
2020-01-21,22.40999984741211,22.549999237060547,21.959999084472656,22.100000381469727,22.100000381469727,616300
2020-01-22,22.530000686645508,23.084999084472656,22.06999969482422,22.200000762939453,22.200000762939453,718600
2020-01-23,22.670000076293945,23.1299991607666,22.0,22.31999969482422,22.31999969482422,480100
2020-01-24,22.399999618530273,22.5,21.3799991607666,21.780000686645508,21.780000686645508,656200
2020-01-27,21.139999389648438,21.84000015258789,21.1299991607666,21.530000686645508,21.530000686645508,841700
2020-01-28,21.68000030517578,22.459999084472656,21.489999771118164,22.34000015258789,22.34000015258789,458200
2020-01-29,22.31999969482422,23.110000610351562,22.25,23.0,23.0,567500
2020-01-30,22.809999465942383,23.010000228881836,22.1299991607666,22.329999923706055,22.329999923706055,503400
2020-01-31,22.299999237060547,22.475000381469727,21.920000076293945,22.3700008392334,22.3700008392334,415900
2020-02-03,22.790000915527344,23.349000930786133,22.349000930786133,23.239999771118164,23.239999771118164,426900
2020-02-04,23.479999542236328,23.850000381469727,23.15999984741211,23.540000915527344,23.540000915527344,353600
2020-02-05,23.780000686645508,25.09000015258789,23.780000686645508,25.06999969482422,25.06999969482422,640600
2020-02-06,25.280000686645508,26.479999542236328,25.1200008392334,26.25,26.25,832700
2020-02-07,26.15999984741211,26.969999313354492,25.739999771118164,26.610000610351562,26.610000610351562,421200
2020-02-10,26.670000076293945,27.059999465942383,26.5,26.920000076293945,26.920000076293945,408100
2020-02-11,24.6200008392334,25.139999389648438,23.56999969482422,24.440000534057617,24.440000534057617,3436000
2020-02-12,24.360000610351562,24.40999984741211,23.969999313354492,24.200000762939453,24.200000762939453,4266400
2020-02-13,24.110000610351562,25.209999084472656,23.459999084472656,24.709999084472656,24.709999084472656,1806300
2020-02-14,24.739999771118164,25.93000030517578,24.350000381469727,25.329999923706055,25.329999923706055,778900
2020-02-18,25.299999237060547,26.100000381469727,24.75,25.93000030517578,25.93000030517578,821600
2020-02-19,26.100000381469727,26.78700065612793,25.829999923706055,26.68000030517578,26.68000030517578,603600
2020-02-20,26.860000610351562,27.719999313354492,26.649999618530273,27.579999923706055,27.579999923706055,890300
2020-02-21,27.56999969482422,27.969999313354492,27.25,27.809999465942383,27.809999465942383,1401300
2020-02-24,26.600000381469727,27.290000915527344,26.415000915527344,26.90999984741211,26.90999984741211,1173500
2020-02-25,27.670000076293945,27.670000076293945,24.209999084472656,24.760000228881836,24.760000228881836,1186800
2020-02-26,25.010000228881836,26.34000015258789,24.43000030517578,24.940000534057617,24.940000534057617,1137800
2020-02-27,24.43000030517578,24.649999618530273,23.139999389648438,23.139999389648438,23.139999389648438,1197300
2020-02-28,22.75,23.18000030517578,22.190000534057617,23.1200008392334,23.1200008392334,1060900
2020-03-02,23.309999465942383,23.920000076293945,22.59000015258789,23.2450008392334,23.2450008392334,901700
2020-03-03,23.260000228881836,23.777999877929688,22.34000015258789,22.905000686645508,22.905000686645508,503500
2020-03-04,23.6200008392334,24.520000457763672,23.200000762939453,23.920000076293945,23.920000076293945,980300
2020-03-05,23.219999313354492,24.170000076293945,22.90999984741211,23.6200008392334,23.6200008392334,679700
2020-03-06,22.6299991607666,23.701000213623047,22.25,22.84000015258789,22.84000015258789,774900
2020-03-09,21.1299991607666,21.360000610351562,18.239999771118164,18.329999923706055,18.329999923706055,863700
2020-03-10,19.0,20.229999542236328,18.329999923706055,20.15999984741211,20.15999984741211,883300
2020-03-11,19.549999237060547,20.010000228881836,17.75,17.969999313354492,17.969999313354492,590400
2020-03-12,16.450000762939453,16.940000534057617,15.420000076293945,15.6899995803833,15.6899995803833,1361500
2020-03-13,16.68000030517578,16.899999618530273,14.270000457763672,15.5,15.5,714400
2020-03-16,14.960000038146973,14.960000038146973,11.779999732971191,13.640000343322754,13.640000343322754,956900
2020-03-17,14.020000457763672,15.779999732971191,13.3100004196167,15.09000015258789,15.09000015258789,1057700
2020-03-18,14.149999618530273,14.649999618530273,12.369999885559082,13.029999732971191,13.029999732971191,1188500
2020-03-19,13.149999618530273,13.300000190734863,12.0,12.460000038146973,12.460000038146973,1154100
2020-03-20,12.609999656677246,13.970000267028809,12.069999694824219,13.100000381469727,13.100000381469727,2004300
2020-03-23,12.920000076293945,13.619999885559082,12.119999885559082,12.800000190734863,12.800000190734863,1371500
2020-03-24,13.600000381469727,14.520000457763672,13.010000228881836,14.0,14.0,811900
2020-03-25,13.90999984741211,15.380000114440918,13.199999809265137,14.75,14.75,1122300
2020-03-26,14.9399995803833,16.940000534057617,14.869999885559082,15.229999542236328,15.229999542236328,1389800
2020-03-27,14.510000228881836,16.6299991607666,14.279999732971191,15.59000015258789,15.59000015258789,1333800
2020-03-30,15.609999656677246,15.944999694824219,14.510000228881836,15.350000381469727,15.350000381469727,662600
2020-03-31,15.300000190734863,15.609999656677246,14.239999771118164,14.800000190734863,14.800000190734863,871800
2020-04-01,13.989999771118164,14.425000190734863,12.5600004196167,12.600000381469727,12.600000381469727,827000
2020-04-02,12.789999961853027,13.6899995803833,12.520000457763672,13.65999984741211,13.65999984741211,869000
2020-04-03,13.649999618530273,14.039999961853027,13.229999542236328,13.6899995803833,13.6899995803833,558000
2020-04-06,14.239999771118164,15.640000343322754,14.199999809265137,15.550000190734863,15.550000190734863,821400
2020-04-07,16.100000381469727,16.6200008392334,14.529999732971191,15.0,15.0,815500
2020-04-08,15.270000457763672,15.819999694824219,14.5600004196167,15.149999618530273,15.149999618530273,734600
2020-04-09,15.729999542236328,16.75,15.569999694824219,16.3700008392334,16.3700008392334,503100
2020-04-13,16.360000610351562,16.360000610351562,15.029999732971191,15.739999771118164,15.739999771118164,485800
2020-04-14,16.15999984741211,16.469999313354492,15.75,15.960000038146973,15.960000038146973,538200
2020-04-15,15.479999542236328,15.510000228881836,14.739999771118164,14.800000190734863,14.800000190734863,376300
2020-04-16,14.930000305175781,15.479999542236328,14.5,15.359999656677246,15.359999656677246,811400
2020-04-17,15.960000038146973,16.229999542236328,15.539999961853027,16.030000686645508,16.030000686645508,540900
2020-04-20,15.770000457763672,16.46299934387207,15.600000381469727,16.09000015258789,16.09000015258789,1836200
2020-04-21,15.6899995803833,16.149999618530273,15.520000457763672,15.5600004196167,15.5600004196167,341800
2020-04-22,15.90999984741211,16.674999237060547,15.62600040435791,16.469999313354492,16.469999313354492,364400
2020-04-23,16.790000915527344,17.71500015258789,16.559999465942383,17.34000015258789,17.34000015258789,555300
2020-04-24,17.540000915527344,17.93000030517578,16.979999542236328,17.0,17.0,392600
2020-04-27,17.530000686645508,18.75,17.3700008392334,18.56999969482422,18.56999969482422,650300
2020-04-28,19.049999237060547,19.34000015258789,18.18000030517578,18.25,18.25,441300
2020-04-29,18.5,19.5,18.360000610351562,19.25,19.25,389900
2020-04-30,18.75,19.450000762939453,18.469999313354492,18.510000228881836,18.510000228881836,447300
2020-05-01,18.020000457763672,18.198999404907227,16.253000259399414,17.309999465942383,17.309999465942383,663200
2020-05-04,17.170000076293945,17.8700008392334,16.8799991607666,17.799999237060547,17.799999237060547,279600
2020-05-05,18.209999084472656,18.670000076293945,17.899999618530273,18.049999237060547,18.049999237060547,307800
2020-05-06,18.170000076293945,19.059999465942383,17.780000686645508,18.8799991607666,18.8799991607666,390700
2020-05-07,19.030000686645508,19.200000762939453,18.540000915527344,18.6200008392334,18.6200008392334,294200
2020-05-08,18.5,20.25,18.5,20.09000015258789,20.09000015258789,588300
2020-05-11,19.959999084472656,21.270000457763672,19.799999237060547,21.049999237060547,21.049999237060547,596400
2020-05-12,21.079999923706055,21.780000686645508,20.649999618530273,20.649999618530273,20.649999618530273,494300
2020-05-13,20.479999542236328,20.950000762939453,18.530000686645508,19.18000030517578,19.18000030517578,573100
2020-05-14,18.719999313354492,19.489999771118164,18.389999389648438,19.399999618530273,19.399999618530273,604200
2020-05-15,19.200000762939453,19.64900016784668,18.709999084472656,19.299999237060547,19.299999237060547,490000
2020-05-18,19.969999313354492,21.31999969482422,19.610000610351562,21.079999923706055,21.079999923706055,703300
2020-05-19,20.68000030517578,20.68000030517578,19.3700008392334,20.030000686645508,20.030000686645508,886500
2020-05-20,20.6299991607666,20.639999389648438,19.799999237060547,20.260000228881836,20.260000228881836,665800
2020-05-21,20.270000457763672,21.040000915527344,19.93000030517578,20.8799991607666,20.8799991607666,269500
2020-05-22,20.950000762939453,21.280000686645508,20.540000915527344,21.25,21.25,275000
2020-05-26,22.0,22.3799991607666,21.3700008392334,21.459999084472656,21.459999084472656,414800
2020-05-27,21.899999618530273,22.260000228881836,20.729999542236328,22.049999237060547,22.049999237060547,480700
2020-05-28,22.40999984741211,22.40999984741211,21.1299991607666,21.31999969482422,21.31999969482422,250800
2020-05-29,21.25,21.25,20.350000381469727,20.899999618530273,20.899999618530273,833300
2020-06-01,21.110000610351562,21.93000030517578,20.875,21.700000762939453,21.700000762939453,564100
2020-06-02,21.93000030517578,21.93000030517578,20.799999237060547,21.34000015258789,21.34000015258789,420500
2020-06-03,21.65999984741211,21.969999313354492,21.299999237060547,21.440000534057617,21.440000534057617,307800
2020-06-04,21.43000030517578,21.780000686645508,21.18000030517578,21.350000381469727,21.350000381469727,256900
2020-06-05,22.1200008392334,22.899999618530273,21.774999618530273,22.5049991607666,22.5049991607666,577500
2020-06-08,22.739999771118164,23.1299991607666,22.219999313354492,23.040000915527344,23.040000915527344,473900
2020-06-09,22.790000915527344,23.43000030517578,22.450000762939453,22.690000534057617,22.690000534057617,364300
2020-06-10,22.75,23.280000686645508,22.309999465942383,22.524999618530273,22.524999618530273,564600
2020-06-11,21.84000015258789,22.5,20.459999084472656,20.579999923706055,20.579999923706055,767500
2020-06-12,21.479999542236328,21.75,20.450000762939453,21.395000457763672,21.395000457763672,643800
2020-06-15,20.799999237060547,22.18000030517578,20.739999771118164,21.799999237060547,21.799999237060547,400900
2020-06-16,22.290000915527344,22.5,21.559999465942383,21.790000915527344,21.790000915527344,516900
2020-06-17,22.010000228881836,23.049999237060547,21.875,22.579999923706055,22.579999923706055,372900
2020-06-18,22.309999465942383,23.229999542236328,22.309999465942383,23.170000076293945,23.170000076293945,316200
2020-06-19,23.399999618530273,24.110000610351562,22.584999084472656,23.239999771118164,23.239999771118164,857000
2020-06-22,23.190000534057617,24.270000457763672,23.100000381469727,24.110000610351562,24.110000610351562,410700
2020-06-23,24.540000915527344,24.889999389648438,23.829999923706055,24.1200008392334,24.1200008392334,811900
2020-06-24,23.780000686645508,25.510000228881836,23.5,25.170000076293945,25.170000076293945,697400
2020-06-25,24.719999313354492,27.239999771118164,24.260000228881836,26.549999237060547,26.549999237060547,1476300
2020-06-26,26.479999542236328,26.940000534057617,25.709999084472656,25.84000015258789,25.84000015258789,1624100
2020-06-29,26.229999542236328,27.260000228881836,25.110000610351562,25.56999969482422,25.56999969482422,542300
2020-06-30,25.540000915527344,26.020000457763672,24.18000030517578,24.420000076293945,24.420000076293945,1457100
2020-07-01,24.530000686645508,25.43000030517578,24.364999771118164,25.1299991607666,25.1299991607666,583400
2020-07-02,25.5,25.6299991607666,24.709999084472656,25.1299991607666,25.1299991607666,304100
2020-07-06,25.520000457763672,26.344999313354492,25.309999465942383,26.18000030517578,26.18000030517578,523700
2020-07-07,25.889999389648438,26.139999389648438,25.200000762939453,25.56999969482422,25.56999969482422,403100
2020-07-08,25.770000457763672,26.170000076293945,25.3799991607666,26.079999923706055,26.079999923706055,425700
2020-07-09,26.110000610351562,26.239999771118164,24.639999389648438,25.34000015258789,25.34000015258789,405700
2020-07-10,25.739999771118164,25.739999771118164,24.420000076293945,24.719999313354492,24.719999313354492,653800
2020-07-13,24.75,25.239999771118164,23.729999542236328,23.739999771118164,23.739999771118164,260600
2020-07-14,23.739999771118164,24.260000228881836,23.229999542236328,24.239999771118164,24.239999771118164,523700
2020-07-15,24.940000534057617,25.940000534057617,24.5,25.270000457763672,25.270000457763672,438200
2020-07-16,25.059999465942383,25.059999465942383,24.3700008392334,24.670000076293945,24.670000076293945,458600
2020-07-17,24.610000610351562,25.170000076293945,24.549999237060547,24.799999237060547,24.799999237060547,537100
2020-07-20,24.959999084472656,25.3700008392334,24.549999237060547,24.850000381469727,24.850000381469727,228300
2020-07-21,25.079999923706055,25.079999923706055,24.110000610351562,24.299999237060547,24.299999237060547,830700
2020-07-22,24.15999984741211,24.420000076293945,23.940000534057617,24.030000686645508,24.030000686645508,244200
2020-07-23,24.030000686645508,24.149999618530273,23.25,23.5,23.5,290100
2020-07-24,23.18000030517578,24.635000228881836,22.81999969482422,23.229999542236328,23.229999542236328,348500
2020-07-27,23.299999237060547,24.530000686645508,23.299999237060547,24.459999084472656,24.459999084472656,384100
2020-07-28,24.350000381469727,24.530000686645508,23.780000686645508,23.799999237060547,23.799999237060547,230500
2020-07-29,24.020000457763672,24.309999465942383,23.59000015258789,24.260000228881836,24.260000228881836,203100
2020-07-30,23.899999618530273,24.540000915527344,23.709999084472656,24.139999389648438,24.139999389648438,437200
2020-07-31,24.06999969482422,24.739999771118164,23.190000534057617,23.479999542236328,23.479999542236328,307900
2020-08-03,23.670000076293945,24.700000762939453,23.670000076293945,24.5,24.5,290200
2020-08-04,24.40999984741211,24.59000015258789,23.93000030517578,23.989999771118164,23.989999771118164,301200
2020-08-05,24.190000534057617,24.43000030517578,23.420000076293945,24.1200008392334,24.1200008392334,319700
2020-08-06,24.149999618530273,24.81999969482422,23.479999542236328,23.579999923706055,23.579999923706055,447200
2020-08-07,23.280000686645508,26.700000762939453,23.010000228881836,26.059999465942383,26.059999465942383,1094200
2020-08-10,26.100000381469727,26.100000381469727,24.670000076293945,25.219999313354492,25.219999313354492,436000
2020-08-11,25.56999969482422,25.725000381469727,24.25,24.3700008392334,24.3700008392334,399300
2020-08-12,24.639999389648438,24.920000076293945,24.309999465942383,24.6200008392334,24.6200008392334,218700
2020-08-13,24.6200008392334,25.030000686645508,24.170000076293945,24.299999237060547,24.299999237060547,362800
2020-08-14,24.1299991607666,24.440000534057617,23.75,24.079999923706055,24.079999923706055,189600
2020-08-17,24.3700008392334,25.229999542236328,24.100000381469727,25.1200008392334,25.1200008392334,485200
2020-08-18,25.15999984741211,25.450000762939453,24.829999923706055,25.219999313354492,25.219999313354492,298000
2020-08-19,25.09000015258789,25.739999771118164,25.020000457763672,25.1200008392334,25.1200008392334,416100
2020-08-20,24.90999984741211,25.5,24.690000534057617,25.459999084472656,25.459999084472656,293900
2020-08-21,25.3799991607666,25.540000915527344,25.079999923706055,25.290000915527344,25.290000915527344,328400
2020-08-24,25.68000030517578,28.1200008392334,25.15999984741211,27.940000534057617,27.940000534057617,1292800
2020-08-25,27.389999389648438,28.770000457763672,27.030000686645508,28.260000228881836,28.260000228881836,646400
2020-08-26,28.280000686645508,28.799999237060547,27.440000534057617,27.959999084472656,27.959999084472656,456500
2020-08-27,28.270000457763672,28.489999771118164,27.25,27.84000015258789,27.84000015258789,514600
2020-08-28,27.8799991607666,29.135000228881836,27.6299991607666,29.079999923706055,29.079999923706055,292400
2020-08-31,29.0,29.850000381469727,28.549999237060547,29.229999542236328,29.229999542236328,459500
2020-09-01,29.299999237060547,29.33300018310547,27.540000915527344,27.739999771118164,27.739999771118164,603700
2020-09-02,27.889999389648438,28.655000686645508,27.299999237060547,28.549999237060547,28.549999237060547,427300
2020-09-03,28.479999542236328,29.06999969482422,27.489999771118164,27.649999618530273,27.649999618530273,363500
2020-09-04,27.90999984741211,28.03700065612793,25.40999984741211,27.1200008392334,27.1200008392334,611900
2020-09-08,26.739999771118164,28.1200008392334,26.591999053955078,27.209999084472656,27.209999084472656,458200
2020-09-09,27.56999969482422,29.09000015258789,27.56999969482422,28.809999465942383,28.809999465942383,501200
2020-09-10,28.75,28.899999618530273,27.649999618530273,27.780000686645508,27.780000686645508,909200
2020-09-11,28.079999923706055,28.45599937438965,27.579999923706055,28.149999618530273,28.149999618530273,370200
2020-09-14,28.469999313354492,29.559999465942383,28.469999313354492,29.360000610351562,29.360000610351562,753200
2020-09-15,29.389999389648438,33.68000030517578,28.742000579833984,33.459999084472656,33.459999084472656,2602300
2020-09-16,33.22999954223633,34.619998931884766,32.59000015258789,34.29999923706055,34.29999923706055,913600
2020-09-17,33.63999938964844,33.63999938964844,32.0,32.11000061035156,32.11000061035156,734400
2020-09-18,32.09000015258789,33.290000915527344,31.139999389648438,31.950000762939453,31.950000762939453,2068000
2020-09-21,31.239999771118164,31.30699920654297,28.610000610351562,28.979999542236328,28.979999542236328,802100
2020-09-22,29.290000915527344,29.31999969482422,27.290000915527344,27.440000534057617,27.440000534057617,740100
2020-09-23,27.450000762939453,28.040000915527344,26.40999984741211,26.479999542236328,26.479999542236328,635800
2020-09-24,26.350000381469727,26.350000381469727,25.229999542236328,25.729999542236328,25.729999542236328,476200
2020-09-25,25.709999084472656,26.549999237060547,25.690000534057617,26.06999969482422,26.06999969482422,382500
2020-09-28,26.360000610351562,26.940000534057617,25.770000457763672,25.989999771118164,25.989999771118164,512300
2020-09-29,25.850000381469727,26.3700008392334,25.31999969482422,25.709999084472656,25.709999084472656,423600
2020-09-30,25.799999237060547,26.09000015258789,25.049999237060547,25.139999389648438,25.139999389648438,637700
2020-10-01,25.239999771118164,25.75,24.790000915527344,25.299999237060547,25.299999237060547,489100
2020-10-02,24.549999237060547,25.93000030517578,24.25,24.729999542236328,24.729999542236328,705000
2020-10-05,25.110000610351562,25.799999237060547,24.610000610351562,25.65999984741211,25.65999984741211,783200
2020-10-06,25.75,26.479999542236328,25.389999389648438,25.510000228881836,25.510000228881836,586500
2020-10-07,25.920000076293945,27.459999084472656,25.6299991607666,27.1299991607666,27.1299991607666,700000
2020-10-08,27.3700008392334,27.889999389648438,26.450000762939453,27.75,27.75,507000
2020-10-09,27.899999618530273,28.899999618530273,27.0,27.610000610351562,27.610000610351562,250300
2020-10-12,27.639999389648438,28.299999237060547,27.09000015258789,27.760000228881836,27.760000228881836,394600
2020-10-13,27.399999618530273,27.860000610351562,27.0,27.6200008392334,27.6200008392334,248300
2020-10-14,27.719999313354492,28.19499969482422,25.270000457763672,25.5,25.5,1337600
2020-10-15,25.940000534057617,25.940000534057617,24.729999542236328,25.489999771118164,25.489999771118164,1272100
2020-10-16,25.3700008392334,26.489999771118164,25.170000076293945,25.6200008392334,25.6200008392334,613700
2020-10-19,25.770000457763672,26.200000762939453,25.09000015258789,25.739999771118164,25.739999771118164,467100
2020-10-20,25.770000457763672,26.40999984741211,24.969999313354492,25.059999465942383,25.059999465942383,838100
2020-10-21,24.979999542236328,25.295000076293945,23.649999618530273,23.670000076293945,23.670000076293945,832200
2020-10-22,23.68000030517578,24.290000915527344,23.350000381469727,23.899999618530273,23.899999618530273,533100
2020-10-23,24.200000762939453,26.299999237060547,23.65999984741211,25.290000915527344,25.290000915527344,519100
2020-10-26,25.239999771118164,25.25,23.920000076293945,25.149999618530273,25.149999618530273,476800
2020-10-27,25.200000762939453,26.479999542236328,25.170000076293945,26.030000686645508,26.030000686645508,446900
2020-10-28,25.309999465942383,26.34000015258789,25.010000228881836,26.040000915527344,26.040000915527344,425400
2020-10-29,25.920000076293945,26.5,25.040000915527344,26.010000228881836,26.010000228881836,488100
2020-10-30,26.25,26.395000457763672,25.190000534057617,25.8799991607666,25.8799991607666,416200
2020-11-02,25.780000686645508,26.25,25.329999923706055,25.93000030517578,25.93000030517578,326600
2020-11-03,26.030000686645508,26.81999969482422,25.649999618530273,26.670000076293945,26.670000076293945,450600
2020-11-04,26.75,28.270000457763672,26.420000076293945,27.459999084472656,27.459999084472656,496200
2020-11-05,27.770000457763672,28.34000015258789,26.56999969482422,26.65999984741211,26.65999984741211,505700
2020-11-06,26.84000015258789,27.459999084472656,26.299999237060547,26.540000915527344,26.540000915527344,300100
2020-11-09,27.329999923706055,28.940000534057617,27.329999923706055,27.600000381469727,27.600000381469727,443100
2020-11-10,26.639999389648438,26.84000015258789,23.399999618530273,25.735000610351562,25.735000610351562,1332600
2020-11-11,26.1299991607666,26.889999389648438,25.790000915527344,26.549999237060547,26.549999237060547,537400
2020-11-12,26.459999084472656,26.90999984741211,25.6200008392334,26.399999618530273,26.399999618530273,490800
2020-11-13,26.719999313354492,27.200000762939453,26.15999984741211,26.850000381469727,26.850000381469727,391700
2020-11-16,27.469999313354492,27.5,26.3799991607666,26.700000762939453,26.700000762939453,392000
2020-11-17,26.510000228881836,26.895000457763672,25.75,26.40999984741211,26.40999984741211,533300
2020-11-18,26.56999969482422,26.649999618530273,24.84000015258789,24.8700008392334,24.8700008392334,704200
2020-11-19,25.139999389648438,25.59000015258789,24.350000381469727,24.399999618530273,24.399999618530273,619700
2020-11-20,24.170000076293945,24.520000457763672,23.579999923706055,24.010000228881836,24.010000228881836,516200
2020-11-23,24.520000457763672,25.03499984741211,23.360000610351562,23.489999771118164,23.489999771118164,468900
2020-11-24,23.549999237060547,24.06999969482422,22.889999389648438,23.40999984741211,23.40999984741211,509100
2020-11-25,23.59000015258789,24.979999542236328,23.385000228881836,24.510000228881836,24.510000228881836,558500
2020-11-27,24.520000457763672,25.030000686645508,24.3700008392334,24.790000915527344,24.790000915527344,246900
2020-11-30,24.65999984741211,24.799999237060547,23.5,24.139999389648438,24.139999389648438,699400
2020-12-01,24.610000610351562,24.610000610351562,23.4950008392334,24.020000457763672,24.020000457763672,481000
2020-12-02,24.030000686645508,24.360000610351562,23.6200008392334,24.18000030517578,24.18000030517578,376500
2020-12-03,24.049999237060547,24.184999465942383,23.459999084472656,23.959999084472656,23.959999084472656,432600
2020-12-04,24.260000228881836,24.479999542236328,23.84000015258789,24.31999969482422,24.31999969482422,249200
2020-12-07,24.469999313354492,24.760000228881836,23.90999984741211,23.989999771118164,23.989999771118164,323100
2020-12-08,24.100000381469727,24.6299991607666,23.59000015258789,24.56999969482422,24.56999969482422,470200
2020-12-09,24.93000030517578,25.229999542236328,23.8799991607666,23.899999618530273,23.899999618530273,391500
2020-12-10,24.110000610351562,24.940000534057617,23.770000457763672,24.829999923706055,24.829999923706055,331200
2020-12-11,24.850000381469727,25.979999542236328,24.809999465942383,25.415000915527344,25.415000915527344,480400
2020-12-14,25.579999923706055,26.889999389648438,25.437999725341797,26.489999771118164,26.489999771118164,556600
2020-12-15,26.850000381469727,27.06999969482422,26.121999740600586,26.75,26.75,425800
2020-12-16,27.010000228881836,27.049999237060547,26.040000915527344,26.56999969482422,26.56999969482422,467700
2020-12-17,27.0,28.5,26.8799991607666,28.1200008392334,28.1200008392334,795600
2020-12-18,28.469999313354492,28.549999237060547,26.510000228881836,26.75,26.75,1065000
2020-12-21,26.149999618530273,27.299999237060547,26.020000457763672,27.030000686645508,27.030000686645508,388900
2020-12-22,27.459999084472656,28.219999313354492,27.110000610351562,28.15999984741211,28.15999984741211,455800
2020-12-23,28.25,28.479999542236328,26.3700008392334,27.670000076293945,27.670000076293945,2160800
2020-12-24,27.93000030517578,28.040000915527344,26.920000076293945,27.549999237060547,27.549999237060547,229300
2020-12-28,27.889999389648438,28.270000457763672,27.149999618530273,27.860000610351562,27.860000610351562,282700
2020-12-29,28.219999313354492,28.219999313354492,26.739999771118164,27.459999084472656,27.459999084472656,229600
2020-12-30,27.350000381469727,28.450000762939453,27.1299991607666,28.239999771118164,28.239999771118164,335700
2020-12-31,28.399999618530273,28.799999237060547,27.6299991607666,28.34000015258789,28.34000015258789,432400
2021-01-04,28.510000228881836,28.559999465942383,26.899999618530273,27.270000457763672,27.270000457763672,367700
2021-01-05,27.049999237060547,27.450000762939453,26.799999237060547,27.18000030517578,27.18000030517578,276800
2021-01-06,27.200000762939453,27.889999389648438,26.700000762939453,27.200000762939453,27.200000762939453,404600
2021-01-07,27.3799991607666,29.844999313354492,27.3799991607666,29.59000015258789,29.59000015258789,683100
2021-01-08,30.0,30.440000534057617,28.760000228881836,29.329999923706055,29.329999923706055,534700
2021-01-11,29.280000686645508,30.450000762939453,28.700000762939453,28.950000762939453,28.950000762939453,526300
2021-01-12,29.3799991607666,30.225000381469727,28.959999084472656,29.454999923706055,29.454999923706055,346900
2021-01-13,29.6200008392334,30.084999084472656,28.850000381469727,28.969999313354492,28.969999313354492,275600
2021-01-14,29.049999237060547,29.670000076293945,28.6299991607666,28.84000015258789,28.84000015258789,341100
2021-01-15,28.75,29.040000915527344,27.8700008392334,28.639999389648438,28.639999389648438,373500
2021-01-19,29.0,29.34000015258789,27.81999969482422,28.5,28.5,458900
2021-01-20,28.639999389648438,29.09000015258789,28.100000381469727,28.690000534057617,28.690000534057617,424800
2021-01-21,28.5,28.850000381469727,27.5,28.389999389648438,28.389999389648438,382700
2021-01-22,28.049999237060547,28.829999923706055,27.8700008392334,28.59000015258789,28.59000015258789,334500
2021-01-25,28.479999542236328,28.770000457763672,27.65999984741211,28.25,28.25,275700
2021-01-26,28.3700008392334,28.405000686645508,27.5,27.770000457763672,27.770000457763672,387600
2021-01-27,26.5,27.75,26.299999237060547,26.450000762939453,26.450000762939453,562300
2021-01-28,26.6200008392334,27.729999542236328,26.049999237060547,26.190000534057617,26.190000534057617,541800
2021-01-29,26.200000762939453,26.459999084472656,24.8700008392334,25.440000534057617,25.440000534057617,817400
2021-02-01,25.709999084472656,26.530000686645508,25.459999084472656,26.3799991607666,26.3799991607666,704700
2021-02-02,26.989999771118164,28.211999893188477,26.709999084472656,28.010000228881836,28.010000228881836,474300
2021-02-03,28.040000915527344,28.59000015258789,27.850000381469727,28.25,28.25,303700
2021-02-04,28.170000076293945,29.190000534057617,27.850000381469727,28.479999542236328,28.479999542236328,413600
2021-02-05,28.5,28.760000228881836,27.959999084472656,28.6200008392334,28.6200008392334,265000
2021-02-08,28.549999237060547,29.989999771118164,28.549999237060547,29.969999313354492,29.969999313354492,408700
2021-02-09,30.0,30.149999618530273,29.06999969482422,29.15999984741211,29.15999984741211,305600
2021-02-10,29.59000015258789,29.989999771118164,28.516000747680664,28.899999618530273,28.899999618530273,333200
2021-02-11,29.18000030517578,29.25,28.139999389648438,28.43000030517578,28.43000030517578,241300
2021-02-12,28.56999969482422,29.219999313354492,28.18000030517578,28.969999313354492,28.969999313354492,290000
2021-02-16,29.15999984741211,30.350000381469727,28.969999313354492,29.549999237060547,29.549999237060547,511000
2021-02-17,29.1299991607666,29.889999389648438,28.729999542236328,28.940000534057617,28.940000534057617,400100
2021-02-18,28.829999923706055,29.1200008392334,28.1200008392334,28.190000534057617,28.190000534057617,372400
2021-02-19,28.200000762939453,29.093000411987305,27.850000381469727,28.0,28.0,532000
2021-02-22,27.719999313354492,28.219999313354492,26.780000686645508,26.959999084472656,26.959999084472656,603600
2021-02-23,27.549999237060547,27.549999237060547,25.040000915527344,25.90999984741211,25.90999984741211,834300
2021-02-24,26.0,26.770000457763672,25.549999237060547,26.170000076293945,26.170000076293945,650600
2021-02-25,26.0,26.399999618530273,25.149999618530273,25.350000381469727,25.350000381469727,511700
2021-02-26,25.559999465942383,26.729999542236328,24.940000534057617,26.260000228881836,26.260000228881836,737000
2021-03-01,26.770000457763672,27.09000015258789,26.3700008392334,26.799999237060547,26.799999237060547,205100
2021-03-02,26.770000457763672,27.079999923706055,25.799999237060547,26.059999465942383,26.059999465942383,271900
2021-03-03,26.1299991607666,26.649999618530273,25.520000457763672,25.799999237060547,25.799999237060547,776400
2021-03-04,25.645000457763672,25.93000030517578,24.860000610351562,25.709999084472656,25.709999084472656,519900
2021-03-05,25.18000030517578,26.360000610351562,23.920000076293945,26.290000915527344,26.290000915527344,514100
2021-03-08,26.610000610351562,26.969999313354492,24.0,24.030000686645508,24.030000686645508,654000
2021-03-09,24.309999465942383,25.65999984741211,24.309999465942383,25.149999618530273,25.149999618530273,572000
2021-03-10,25.360000610351562,26.06999969482422,25.18000030517578,25.600000381469727,25.600000381469727,411900
2021-03-11,26.030000686645508,27.299999237060547,25.84000015258789,27.170000076293945,27.170000076293945,609400
2021-03-12,27.049999237060547,27.8799991607666,25.81100082397461,27.760000228881836,27.760000228881836,362000
2021-03-15,27.760000228881836,28.25,27.350000381469727,27.729999542236328,27.729999542236328,269800
2021-03-16,27.6299991607666,28.15999984741211,27.25,27.93000030517578,27.93000030517578,416700
2021-03-17,27.75,28.40999984741211,27.56999969482422,28.270000457763672,28.270000457763672,496500
2021-03-18,27.850000381469727,28.834999084472656,27.570999145507812,27.799999237060547,27.799999237060547,462900
2021-03-19,27.75,29.43000030517578,27.459999084472656,29.299999237060547,29.299999237060547,1231300
2021-03-22,29.43000030517578,29.540000915527344,28.690000534057617,29.139999389648438,29.139999389648438,323400
2021-03-23,28.889999389648438,28.889999389648438,27.28499984741211,27.690000534057617,27.690000534057617,501800
2021-03-24,27.889999389648438,28.270000457763672,27.200000762939453,27.200000762939453,27.200000762939453,585300
2021-03-25,26.520000457763672,27.3700008392334,26.079999923706055,27.25,27.25,506300
2021-03-26,27.3799991607666,28.270000457763672,26.954999923706055,28.030000686645508,28.030000686645508,677600
2021-03-29,28.040000915527344,28.34000015258789,26.290000915527344,26.530000686645508,26.530000686645508,476300
2021-03-30,26.56999969482422,28.049999237060547,26.260000228881836,27.850000381469727,27.850000381469727,332100
2021-03-31,28.139999389648438,28.90999984741211,27.020000457763672,27.950000762939453,27.950000762939453,436900
2021-04-01,28.0,28.81999969482422,27.6200008392334,28.040000915527344,28.040000915527344,240400
2021-04-05,28.280000686645508,28.420000076293945,27.59000015258789,28.3799991607666,28.3799991607666,221700
2021-04-06,28.209999084472656,28.280000686645508,27.459999084472656,27.700000762939453,27.700000762939453,233100
2021-04-07,27.729999542236328,27.770000457763672,27.170000076293945,27.25,27.25,182200
2021-04-08,27.59000015258789,27.94700050354004,27.209999084472656,27.75,27.75,221300
2021-04-09,27.81999969482422,28.25,27.5,28.1299991607666,28.1299991607666,317300
2021-04-12,28.1299991607666,28.190000534057617,27.079999923706055,27.90999984741211,27.90999984741211,288000
2021-04-13,27.989999771118164,28.299999237060547,27.729999542236328,27.790000915527344,27.790000915527344,193100
2021-04-14,27.8799991607666,29.059999465942383,27.8799991607666,28.170000076293945,28.170000076293945,345300
2021-04-15,28.309999465942383,29.21500015258789,27.920000076293945,28.15999984741211,28.15999984741211,314000
2021-04-16,28.469999313354492,28.575000762939453,26.520000457763672,27.219999313354492,27.219999313354492,450700
2021-04-19,27.049999237060547,27.775999069213867,26.809999465942383,27.239999771118164,27.239999771118164,267700
2021-04-20,27.229999542236328,27.700000762939453,26.299999237060547,26.799999237060547,26.799999237060547,576500
2021-04-21,26.65999984741211,27.75,26.5,27.5,27.5,152800
2021-04-22,27.65999984741211,28.3799991607666,27.299999237060547,27.799999237060547,27.799999237060547,250400
2021-04-23,28.579999923706055,29.920000076293945,27.670000076293945,28.979999542236328,28.979999542236328,557100
2021-04-26,29.350000381469727,30.389999389648438,29.073999404907227,29.459999084472656,29.459999084472656,593200
2021-04-27,29.350000381469727,29.665000915527344,28.920000076293945,29.209999084472656,29.209999084472656,318900
2021-04-28,29.280000686645508,29.899999618530273,29.21500015258789,29.600000381469727,29.600000381469727,201800
2021-04-29,29.989999771118164,30.010000228881836,28.81999969482422,29.290000915527344,29.290000915527344,232900
2021-04-30,28.889999389648438,29.600000381469727,28.600000381469727,29.1200008392334,29.1200008392334,309400
2021-05-03,29.389999389648438,29.440000534057617,28.739999771118164,28.81999969482422,28.81999969482422,399600
2021-05-04,28.770000457763672,28.770000457763672,27.3799991607666,27.989999771118164,27.989999771118164,524100
2021-05-05,28.0,28.280000686645508,27.565000534057617,27.90999984741211,27.90999984741211,359700
2021-05-06,27.780000686645508,28.200000762939453,27.149999618530273,27.989999771118164,27.989999771118164,471100
2021-05-07,27.920000076293945,28.90999984741211,27.920000076293945,28.479999542236328,28.479999542236328,419300
2021-05-10,28.139999389648438,28.559999465942383,27.43000030517578,27.43000030517578,27.43000030517578,305700
2021-05-11,26.59000015258789,28.424999237060547,26.565000534057617,27.350000381469727,27.350000381469727,610000
2021-05-12,27.260000228881836,28.719999313354492,26.959999084472656,27.93000030517578,27.93000030517578,457700
2021-05-13,28.170000076293945,28.85700035095215,27.56100082397461,27.889999389648438,27.889999389648438,317500
2021-05-14,27.860000610351562,29.1299991607666,27.860000610351562,29.059999465942383,29.059999465942383,391700
2021-05-17,28.440000534057617,29.290000915527344,28.34000015258789,29.149999618530273,29.149999618530273,279200
2021-05-18,28.690000534057617,30.0,28.260000228881836,28.329999923706055,28.329999923706055,519100
2021-05-19,27.989999771118164,28.25,27.5,27.780000686645508,27.780000686645508,186500
2021-05-20,27.889999389648438,28.450000762939453,27.610000610351562,28.1299991607666,28.1299991607666,344400
2021-05-21,28.479999542236328,28.600000381469727,28.0,28.040000915527344,28.040000915527344,283400
2021-05-24,28.3700008392334,28.559999465942383,27.8700008392334,28.100000381469727,28.100000381469727,363300
2021-05-25,28.110000610351562,28.43000030517578,27.899999618530273,28.09000015258789,28.09000015258789,306700
2021-05-26,28.489999771118164,30.940000534057617,28.139999389648438,29.719999313354492,29.719999313354492,1371900
2021-05-27,29.93000030517578,30.0,29.139999389648438,29.670000076293945,29.670000076293945,725400
2021-05-28,29.850000381469727,29.920000076293945,29.200000762939453,29.610000610351562,29.610000610351562,297400
2021-06-01,29.520000457763672,29.6299991607666,29.0,29.389999389648438,29.389999389648438,311000
2021-06-02,29.34000015258789,29.459999084472656,28.395000457763672,28.6200008392334,28.6200008392334,361600
2021-06-03,28.59000015258789,28.889999389648438,28.149999618530273,28.59000015258789,28.59000015258789,238200
2021-06-04,28.700000762939453,28.8799991607666,27.899999618530273,27.950000762939453,27.950000762939453,395700
2021-06-07,27.920000076293945,28.5,27.690000534057617,28.209999084472656,28.209999084472656,319700
2021-06-08,28.440000534057617,29.229999542236328,28.329999923706055,29.010000228881836,29.010000228881836,662300
2021-06-09,29.1200008392334,30.389999389648438,29.0,29.709999084472656,29.709999084472656,507300
2021-06-10,29.809999465942383,29.969999313354492,29.3700008392334,29.81999969482422,29.81999969482422,242100
2021-06-11,29.81999969482422,30.031999588012695,29.5,30.0,30.0,220000
2021-06-14,30.5,30.5,29.795000076293945,30.0,30.0,309900
2021-06-15,30.049999237060547,30.299999237060547,29.299999237060547,29.93000030517578,29.93000030517578,338500
2021-06-16,29.475000381469727,30.336999893188477,29.475000381469727,30.06999969482422,30.06999969482422,321500
2021-06-17,30.030000686645508,30.809999465942383,30.030000686645508,30.719999313354492,30.719999313354492,622700
2021-06-18,30.170000076293945,30.639999389648438,29.940000534057617,30.399999618530273,30.399999618530273,518600
2021-06-21,30.219999313354492,31.290000915527344,30.110000610351562,31.209999084472656,31.209999084472656,468700
2021-06-22,31.219999313354492,31.479999542236328,30.93000030517578,31.329999923706055,31.329999923706055,352800
2021-06-23,31.399999618530273,31.84000015258789,30.92099952697754,31.299999237060547,31.299999237060547,351000
2021-06-24,31.549999237060547,31.899999618530273,31.360000610351562,31.84000015258789,31.84000015258789,335900
2021-06-25,31.899999618530273,32.18000030517578,30.65999984741211,30.81999969482422,30.81999969482422,1614800
2021-06-28,30.860000610351562,31.084999084472656,29.75,30.280000686645508,30.280000686645508,441000
2021-06-29,30.260000228881836,30.40999984741211,29.239999771118164,29.479999542236328,29.479999542236328,307900
2021-06-30,29.350000381469727,29.790000915527344,28.889999389648438,29.639999389648438,29.639999389648438,434300
2021-07-01,29.68000030517578,30.579999923706055,29.3799991607666,30.56999969482422,30.56999969482422,410000
2021-07-02,30.68000030517578,30.760000228881836,30.040000915527344,30.389999389648438,30.389999389648438,216300
2021-07-06,30.440000534057617,32.09000015258789,30.415000915527344,32.04999923706055,32.04999923706055,564000
2021-07-07,31.889999389648438,32.560001373291016,31.549999237060547,32.470001220703125,32.470001220703125,430500
2021-07-08,31.770000457763672,32.79999923706055,31.645000457763672,32.77000045776367,32.77000045776367,491000
2021-07-09,32.93000030517578,33.83000183105469,32.540000915527344,33.209999084472656,33.209999084472656,481500
2021-07-12,33.15999984741211,33.20500183105469,32.33000183105469,32.619998931884766,32.619998931884766,286600
2021-07-13,32.41999816894531,32.5,30.989999771118164,31.15999984741211,31.15999984741211,344000
2021-07-14,31.3799991607666,31.399999618530273,30.520000457763672,30.68000030517578,30.68000030517578,546600
2021-07-15,30.5,30.65999984741211,29.1299991607666,29.3799991607666,29.3799991607666,463300
2021-07-16,29.68000030517578,29.694000244140625,28.886999130249023,28.920000076293945,28.920000076293945,319900
2021-07-19,28.399999618530273,29.559999465942383,28.200000762939453,28.989999771118164,28.989999771118164,314800
2021-07-20,29.0,30.690000534057617,28.799999237060547,30.670000076293945,30.670000076293945,545600
2021-07-21,30.90999984741211,31.309999465942383,30.649999618530273,30.8799991607666,30.8799991607666,241900
2021-07-22,30.780000686645508,30.809999465942383,30.09000015258789,30.270000457763672,30.270000457763672,154400
2021-07-23,30.5,30.5,29.799999237060547,29.989999771118164,29.989999771118164,171100
2021-07-26,30.0,30.010000228881836,29.329999923706055,29.690000534057617,29.690000534057617,337600
2021-07-27,29.579999923706055,29.579999923706055,28.579999923706055,28.8799991607666,28.8799991607666,328300
2021-07-28,28.93000030517578,30.389999389648438,28.709999084472656,30.06999969482422,30.06999969482422,775500
2021-07-29,30.149999618530273,30.469999313354492,29.204999923706055,29.239999771118164,29.239999771118164,183100
2021-07-30,29.239999771118164,29.549999237060547,28.81999969482422,29.079999923706055,29.079999923706055,351200
2021-08-02,29.110000610351562,29.450000762939453,28.709999084472656,29.280000686645508,29.280000686645508,278400
2021-08-03,29.479999542236328,30.270000457763672,28.950000762939453,30.149999618530273,30.149999618530273,531700
2021-08-04,29.899999618530273,30.56999969482422,29.030000686645508,29.31999969482422,29.31999969482422,407600
2021-08-05,29.309999465942383,30.489999771118164,29.128000259399414,29.829999923706055,29.829999923706055,411700
2021-08-06,29.850000381469727,29.850000381469727,28.770000457763672,29.06999969482422,29.06999969482422,708700
2021-08-09,29.049999237060547,29.2450008392334,27.6200008392334,28.139999389648438,28.139999389648438,1178500
2021-08-10,28.040000915527344,28.350000381469727,26.540000915527344,26.719999313354492,26.719999313354492,549100
2021-08-11,26.84000015258789,26.889999389648438,26.110000610351562,26.520000457763672,26.520000457763672,459600
2021-08-12,26.5,26.750999450683594,25.649999618530273,26.190000534057617,26.190000534057617,362700
2021-08-13,25.93000030517578,26.59000015258789,25.809999465942383,26.020000457763672,26.020000457763672,284300
2021-08-16,25.799999237060547,26.729999542236328,25.540000915527344,26.540000915527344,26.540000915527344,741200
2021-08-17,26.239999771118164,26.65999984741211,25.450000762939453,25.959999084472656,25.959999084472656,295100
2021-08-18,25.8700008392334,26.25,25.579999923706055,25.780000686645508,25.780000686645508,175200
2021-08-19,25.68000030517578,25.989999771118164,25.579999923706055,25.90999984741211,25.90999984741211,252900
2021-08-20,25.780000686645508,27.170000076293945,25.610000610351562,26.969999313354492,26.969999313354492,387400
2021-08-23,27.170000076293945,27.770000457763672,26.989999771118164,27.440000534057617,27.440000534057617,220800
2021-08-24,27.540000915527344,27.729999542236328,26.8799991607666,27.139999389648438,27.139999389648438,199000
2021-08-25,27.725000381469727,27.760000228881836,26.75,27.360000610351562,27.360000610351562,193700
2021-08-26,27.440000534057617,28.100000381469727,27.020000457763672,27.15999984741211,27.15999984741211,350000
2021-08-27,27.1200008392334,27.780000686645508,27.010000228881836,27.299999237060547,27.299999237060547,380500
2021-08-30,27.290000915527344,27.56999969482422,26.59000015258789,26.860000610351562,26.860000610351562,259200
2021-08-31,26.799999237060547,27.190000534057617,26.639999389648438,26.780000686645508,26.780000686645508,327800
2021-09-01,26.739999771118164,27.15999984741211,26.0,27.09000015258789,27.09000015258789,259400
2021-09-02,27.3700008392334,27.610000610351562,26.915000915527344,27.360000610351562,27.360000610351562,166100
2021-09-03,27.219999313354492,27.559999465942383,26.729999542236328,27.110000610351562,27.110000610351562,257800
2021-09-07,27.170000076293945,27.5,27.0,27.270000457763672,27.270000457763672,214600
2021-09-08,27.40999984741211,27.600000381469727,26.8799991607666,27.3700008392334,27.3700008392334,305300
2021-09-09,27.290000915527344,28.514999389648438,27.139999389648438,27.850000381469727,27.850000381469727,394700
2021-09-10,28.0,28.1299991607666,27.09000015258789,27.1200008392334,27.1200008392334,362700
2021-09-13,27.229999542236328,27.809999465942383,26.780000686645508,27.110000610351562,27.110000610351562,222300
2021-09-14,27.239999771118164,27.719999313354492,25.792999267578125,25.940000534057617,25.940000534057617,382700
2021-09-15,26.020000457763672,26.7189998626709,25.75,26.520000457763672,26.520000457763672,335600
2021-09-16,26.299999237060547,26.579999923706055,25.7450008392334,26.489999771118164,26.489999771118164,332200
2021-09-17,26.510000228881836,27.920000076293945,26.260000228881836,27.84000015258789,27.84000015258789,1027300
2021-09-20,27.329999923706055,27.719999313354492,27.06999969482422,27.530000686645508,27.530000686645508,394100
2021-09-21,27.770000457763672,28.09000015258789,27.4950008392334,27.989999771118164,27.989999771118164,437300
2021-09-22,27.989999771118164,28.770000457763672,27.399999618530273,28.559999465942383,28.559999465942383,771000
2021-09-23,28.6299991607666,29.799999237060547,27.780000686645508,29.719999313354492,29.719999313354492,479600
2021-09-24,29.479999542236328,29.850000381469727,28.969999313354492,29.139999389648438,29.139999389648438,297500
2021-09-27,29.1200008392334,30.0,28.81999969482422,29.65999984741211,29.65999984741211,459800
2021-09-28,29.489999771118164,29.489999771118164,28.604999542236328,28.670000076293945,28.670000076293945,246100
2021-09-29,28.739999771118164,29.579999923706055,27.670000076293945,27.729999542236328,27.729999542236328,231200
2021-09-30,27.950000762939453,28.270000457763672,27.59000015258789,27.860000610351562,27.860000610351562,270000
2021-10-01,27.959999084472656,28.280000686645508,27.299999237060547,27.8700008392334,27.8700008392334,250500
2021-10-04,27.81999969482422,28.075000762939453,26.920000076293945,27.0,27.0,329000
2021-10-05,27.170000076293945,27.238000869750977,24.4950008392334,25.190000534057617,25.190000534057617,1099000
2021-10-06,25.0,25.809999465942383,24.889999389648438,25.68000030517578,25.68000030517578,311100
2021-10-07,25.8799991607666,26.920000076293945,25.795000076293945,26.559999465942383,26.559999465942383,333500
2021-10-08,26.530000686645508,27.170000076293945,26.43000030517578,26.829999923706055,26.829999923706055,193500
2021-10-11,27.75,27.75,26.969999313354492,27.299999237060547,27.299999237060547,164500
2021-10-12,27.299999237060547,27.440000534057617,19.510000228881836,20.450000762939453,20.450000762939453,4192800
2021-10-13,22.770000457763672,23.940000534057617,22.229999542236328,23.079999923706055,23.079999923706055,4140600
2021-10-14,22.700000762939453,23.139999389648438,21.739999771118164,22.559999465942383,22.559999465942383,1118300
2021-10-15,22.530000686645508,23.299999237060547,22.030000686645508,22.709999084472656,22.709999084472656,902200
2021-10-18,14.689000129699707,14.729999542236328,13.010000228881836,13.8100004196167,13.8100004196167,17254800
2021-10-19,14.050000190734863,14.0600004196167,13.25,13.850000381469727,13.850000381469727,5752200
2021-10-20,13.960000038146973,15.890000343322754,13.949999809265137,15.779999732971191,15.779999732971191,4537700
2021-10-21,15.699999809265137,16.90999984741211,15.350000381469727,15.760000228881836,15.760000228881836,1834600
2021-10-22,15.739999771118164,15.84000015258789,15.204999923706055,15.4399995803833,15.4399995803833,1078500
2021-10-25,14.449999809265137,14.520000457763672,13.890000343322754,14.175000190734863,14.175000190734863,1549400
2021-10-26,14.170000076293945,14.390000343322754,13.829999923706055,14.010000228881836,14.010000228881836,1203000
2021-10-27,13.890000343322754,13.979999542236328,13.329999923706055,13.520000457763672,13.520000457763672,914000
2021-10-28,13.600000381469727,14.0,13.149999618530273,13.760000228881836,13.760000228881836,1680600
2021-10-29,13.819999694824219,14.145999908447266,13.4399995803833,13.75,13.75,909100
2021-11-01,14.0,14.75,13.819999694824219,14.270000457763672,14.270000457763672,1015000
2021-11-02,14.149999618530273,14.40999984741211,13.920000076293945,14.300000190734863,14.300000190734863,776900
2021-11-03,14.170000076293945,15.0,14.029999732971191,14.279999732971191,14.279999732971191,851900
2021-11-04,14.34000015258789,14.359999656677246,13.760000228881836,13.859999656677246,13.859999656677246,770900
2021-11-05,14.0,14.229999542236328,13.680000305175781,13.850000381469727,13.850000381469727,794600
2021-11-08,14.005000114440918,14.279999732971191,13.789999961853027,14.0600004196167,14.0600004196167,1163500
2021-11-09,14.079999923706055,14.079999923706055,13.649999618530273,13.920000076293945,13.920000076293945,686600
2021-11-10,14.260000228881836,14.850000381469727,13.430000305175781,14.619999885559082,14.619999885559082,1766500
2021-11-11,14.569999694824219,15.130000114440918,14.199999809265137,15.0600004196167,15.0600004196167,1882100
2021-11-12,15.0600004196167,15.6899995803833,14.75,15.09000015258789,15.09000015258789,1487500
2021-11-15,15.180000305175781,15.289999961853027,14.180000305175781,14.239999771118164,14.239999771118164,817200
2021-11-16,14.031999588012695,14.75,13.914999961853027,14.640000343322754,14.640000343322754,963800
2021-11-17,14.600000381469727,15.079999923706055,14.079999923706055,14.15999984741211,14.15999984741211,860800
2021-11-18,14.510000228881836,14.510000228881836,13.649999618530273,14.109999656677246,14.109999656677246,949100
2021-11-19,13.890000343322754,14.289999961853027,13.28499984741211,13.75,13.75,1428300
2021-11-22,13.75,14.25,13.670000076293945,13.960000038146973,13.960000038146973,659300
2021-11-23,13.819999694824219,14.010000228881836,13.260000228881836,13.680000305175781,13.680000305175781,766600
2021-11-24,13.630000114440918,14.0,13.380000114440918,13.649999618530273,13.649999618530273,514500
2021-11-26,13.350000381469727,13.649999618530273,12.619999885559082,12.829999923706055,12.829999923706055,623300
2021-11-29,12.949999809265137,13.130000114440918,12.34000015258789,12.460000038146973,12.460000038146973,855300
2021-11-30,12.84000015258789,13.960000038146973,12.829000473022461,13.680000305175781,13.680000305175781,1721400
2021-12-01,13.640000343322754,14.489999771118164,13.550000190734863,14.1899995803833,14.1899995803833,1621000
2021-12-02,14.3100004196167,14.979999542236328,14.01099967956543,14.800000190734863,14.800000190734863,1044500
2021-12-03,14.819999694824219,14.819999694824219,14.300000190734863,14.600000381469727,14.600000381469727,709400
2021-12-06,14.479999542236328,14.739999771118164,14.050000190734863,14.579999923706055,14.579999923706055,522700
2021-12-07,15.199999809265137,16.40999984741211,15.199999809265137,16.280000686645508,16.280000686645508,1118600
2021-12-08,16.280000686645508,16.899999618530273,15.621000289916992,16.639999389648438,16.639999389648438,767100
2021-12-09,16.149999618530273,16.84000015258789,15.829999923706055,15.859999656677246,15.859999656677246,512100
2021-12-10,15.819999694824219,16.110000610351562,15.149999618530273,15.239999771118164,15.239999771118164,654800
2021-12-13,15.055000305175781,15.8100004196167,14.899999618530273,15.550000190734863,15.550000190734863,644900
2021-12-14,15.25,15.890999794006348,15.199999809265137,15.34000015258789,15.34000015258789,663600
2021-12-15,15.220000267028809,16.030000686645508,14.989999771118164,15.920000076293945,15.920000076293945,676100
2021-12-16,16.34000015258789,16.75,15.90999984741211,16.020000457763672,16.020000457763672,565500
2021-12-17,15.84000015258789,16.670000076293945,15.5,16.6299991607666,16.6299991607666,1117600
2021-12-20,16.3799991607666,16.93000030517578,15.930000305175781,16.709999084472656,16.709999084472656,440600
2021-12-21,16.700000762939453,17.200000762939453,16.600000381469727,17.149999618530273,17.149999618530273,486100
2021-12-22,17.1200008392334,17.459999084472656,16.6299991607666,17.40999984741211,17.40999984741211,563600
2021-12-23,17.469999313354492,17.81999969482422,17.25,17.459999084472656,17.459999084472656,377600
2021-12-27,17.530000686645508,17.68000030517578,16.85099983215332,16.90999984741211,16.90999984741211,334000
2021-12-28,16.790000915527344,17.0,16.399999618530273,16.729999542236328,16.729999542236328,469100
2021-12-29,16.450000762939453,16.972999572753906,16.420000076293945,16.56999969482422,16.56999969482422,322200
2021-12-30,16.559999465942383,17.190000534057617,16.43000030517578,16.489999771118164,16.489999771118164,334900
2021-12-31,16.43000030517578,16.56999969482422,16.059999465942383,16.31999969482422,16.31999969482422,570500
2022-01-03,16.43000030517578,17.290000915527344,16.31999969482422,17.06999969482422,17.06999969482422,544400
2022-01-04,16.75,17.06999969482422,16.09000015258789,16.260000228881836,16.260000228881836,388900
2022-01-05,16.299999237060547,16.360000610351562,15.319999694824219,15.350000381469727,15.350000381469727,467300
2022-01-06,15.510000228881836,15.510000228881836,14.640000343322754,15.289999961853027,15.289999961853027,391200
2022-01-07,15.630000114440918,16.59000015258789,15.260000228881836,16.239999771118164,16.239999771118164,897200
2022-01-10,15.90999984741211,16.0,15.329999923706055,15.399999618530273,15.399999618530273,830000
2022-01-11,15.399999618530273,15.510000228881836,15.029999732971191,15.100000381469727,15.100000381469727,710500
2022-01-12,15.1899995803833,15.239999771118164,14.619999885559082,14.699999809265137,14.699999809265137,608800
2022-01-13,14.604999542236328,15.210000038146973,14.550000190734863,15.050000190734863,15.050000190734863,380200
2022-01-14,14.890000343322754,15.444999694824219,14.765000343322754,15.359999656677246,15.359999656677246,401800
2022-01-18,15.09000015258789,15.149999618530273,14.25,14.3100004196167,14.3100004196167,459000
2022-01-19,14.380000114440918,14.789999961853027,13.800000190734863,13.90999984741211,13.90999984741211,949900
2022-01-20,14.09000015258789,14.829999923706055,14.0,14.029999732971191,14.029999732971191,425800
2022-01-21,13.770000457763672,14.164999961853027,13.399999618530273,13.430000305175781,13.430000305175781,1126500
2022-01-24,13.260000228881836,13.670000076293945,12.399999618530273,13.630000114440918,13.630000114440918,990700
2022-01-25,13.390000343322754,13.859999656677246,12.960000038146973,13.170000076293945,13.170000076293945,686700
2022-01-26,13.3100004196167,13.600000381469727,12.640000343322754,12.720000267028809,12.720000267028809,946400
2022-01-27,12.890000343322754,13.949999809265137,12.170000076293945,12.359999656677246,12.359999656677246,750200
2022-01-28,12.34000015258789,12.550000190734863,11.84000015258789,12.550000190734863,12.550000190734863,975400
2022-01-31,12.539999961853027,13.350000381469727,12.470000267028809,13.329999923706055,13.329999923706055,649400
2022-02-01,13.479999542236328,13.670000076293945,13.079999923706055,13.520000457763672,13.520000457763672,697800
2022-02-02,13.550000190734863,13.807999610900879,12.899999618530273,13.079999923706055,13.079999923706055,454900
2022-02-03,12.729999542236328,13.199999809265137,12.510000228881836,13.010000228881836,13.010000228881836,1060600
2022-02-04,13.020000457763672,13.414999961853027,12.670000076293945,13.359999656677246,13.359999656677246,431600
2022-02-07,13.34000015258789,13.960000038146973,13.0,13.59000015258789,13.59000015258789,375200
2022-02-08,13.59000015258789,13.65999984741211,13.119999885559082,13.579999923706055,13.579999923706055,337800
2022-02-09,13.569999694824219,14.119999885559082,13.569999694824219,13.90999984741211,13.90999984741211,609800
2022-02-10,13.59000015258789,13.960000038146973,13.130000114440918,13.210000038146973,13.210000038146973,887100
2022-02-11,13.140000343322754,13.505000114440918,12.989999771118164,13.0,13.0,660900
2022-02-14,12.9399995803833,13.180000305175781,12.729999542236328,12.84000015258789,12.84000015258789,337000
2022-02-15,13.050000190734863,13.460000038146973,12.920000076293945,13.350000381469727,13.350000381469727,1068600
2022-02-16,13.119999885559082,13.699999809265137,13.050000190734863,13.670000076293945,13.670000076293945,618300
2022-02-17,13.569999694824219,13.819999694824219,13.149999618530273,13.180000305175781,13.180000305175781,561300
2022-02-18,13.34000015258789,13.380000114440918,12.904999732971191,13.0,13.0,418100
2022-02-22,12.84000015258789,13.170000076293945,12.550000190734863,12.630000114440918,12.630000114440918,551600
2022-02-23,12.760000228881836,12.779999732971191,12.350000381469727,12.390000343322754,12.390000343322754,398400
2022-02-24,11.75,12.979999542236328,11.649999618530273,12.930000305175781,12.930000305175781,762200
2022-02-25,13.0,13.449999809265137,12.5,13.399999618530273,13.399999618530273,479600
2022-02-28,13.350000381469727,13.779999732971191,13.1899995803833,13.569999694824219,13.569999694824219,711100
2022-03-01,13.0,15.34000015258789,12.899999618530273,15.199999809265137,15.199999809265137,1497700
2022-03-02,15.220000267028809,15.6899995803833,14.8100004196167,15.239999771118164,15.239999771118164,574900
2022-03-03,15.3100004196167,15.529999732971191,14.90999984741211,15.149999618530273,15.149999618530273,356500
2022-03-04,14.90999984741211,15.390000343322754,14.90999984741211,15.25,15.25,278900
2022-03-07,15.1899995803833,15.640000343322754,14.875,14.920000076293945,14.920000076293945,373000
2022-03-08,14.819999694824219,16.239999771118164,14.819999694824219,15.760000228881836,15.760000228881836,1008800
2022-03-09,15.979999542236328,16.700000762939453,15.8100004196167,16.459999084472656,16.459999084472656,548300
2022-03-10,13.869999885559082,16.697999954223633,13.5,16.5,16.5,665600
2022-03-11,16.530000686645508,16.860000610351562,15.975000381469727,16.059999465942383,16.059999465942383,462400
2022-03-14,15.770000457763672,16.41900062561035,15.1899995803833,15.25,15.25,906400
2022-03-15,15.25,15.819999694824219,15.25,15.789999961853027,15.789999961853027,366100
2022-03-16,15.890000343322754,16.600000381469727,15.079999923706055,16.579999923706055,16.579999923706055,378500
2022-03-17,16.600000381469727,17.329999923706055,16.549999237060547,17.280000686645508,17.280000686645508,594800
2022-03-18,17.280000686645508,17.989999771118164,17.280000686645508,17.540000915527344,17.540000915527344,1024600
2022-03-21,17.899999618530273,19.579999923706055,17.700000762939453,19.059999465942383,19.059999465942383,1532500
2022-03-22,19.15999984741211,20.110000610351562,18.600000381469727,19.700000762939453,19.700000762939453,1280300
2022-03-23,19.68000030517578,20.010000228881836,19.2549991607666,19.56999969482422,19.56999969482422,736400
2022-03-24,19.770000457763672,20.0,19.479999542236328,19.920000076293945,19.920000076293945,374700
2022-03-25,19.979999542236328,20.3799991607666,19.260000228881836,19.549999237060547,19.549999237060547,499600
2022-03-28,19.350000381469727,20.104999542236328,19.25,19.770000457763672,19.770000457763672,351900
2022-03-29,19.860000610351562,20.6299991607666,19.860000610351562,20.309999465942383,20.309999465942383,502300
2022-03-30,20.059999465942383,20.549999237060547,19.309999465942383,19.440000534057617,19.440000534057617,733300
2022-03-31,19.43000030517578,19.950000762939453,19.18000030517578,19.5,19.5,855500
2022-04-01,19.459999084472656,20.110000610351562,19.364999771118164,19.709999084472656,19.709999084472656,856800
2022-04-04,19.899999618530273,20.420000076293945,19.6200008392334,19.770000457763672,19.770000457763672,913900
2022-04-05,19.809999465942383,20.742000579833984,19.809999465942383,19.969999313354492,19.969999313354492,523700
2022-04-06,19.68000030517578,20.68000030517578,19.39699935913086,20.399999618530273,20.399999618530273,562200
2022-04-07,20.350000381469727,20.719999313354492,20.104999542236328,20.229999542236328,20.229999542236328,821300
2022-04-08,20.239999771118164,20.34000015258789,19.28499984741211,19.34000015258789,19.34000015258789,610800
2022-04-11,19.200000762939453,19.450000762939453,18.684999465942383,18.809999465942383,18.809999465942383,507200
2022-04-12,19.139999389648438,19.200000762939453,18.43000030517578,18.770000457763672,18.770000457763672,583800
2022-04-13,18.799999237060547,19.100000381469727,18.540000915527344,18.809999465942383,18.809999465942383,560500
2022-04-14,18.829999923706055,18.889999389648438,18.469999313354492,18.600000381469727,18.600000381469727,562200
2022-04-18,18.25,18.610000610351562,17.780000686645508,17.799999237060547,17.799999237060547,619100
2022-04-19,17.709999084472656,18.260000228881836,17.399999618530273,17.709999084472656,17.709999084472656,438700
2022-04-20,17.729999542236328,17.93000030517578,17.170000076293945,17.40999984741211,17.40999984741211,518700
2022-04-21,17.549999237060547,18.010000228881836,16.799999237060547,16.889999389648438,16.889999389648438,543900
2022-04-22,17.219999313354492,18.219999313354492,17.0,17.049999237060547,17.049999237060547,1083400
2022-04-25,16.850000381469727,17.559999465942383,16.670000076293945,17.350000381469727,17.350000381469727,760800
2022-04-26,17.139999389648438,17.270000457763672,16.81999969482422,16.899999618530273,16.899999618530273,633100
2022-04-27,16.899999618530273,17.520000457763672,16.7549991607666,16.850000381469727,16.850000381469727,466900
2022-04-28,16.950000762939453,17.18000030517578,16.139999389648438,16.59000015258789,16.59000015258789,637100
2022-04-29,16.59000015258789,17.31999969482422,16.329999923706055,16.3799991607666,16.3799991607666,672700
2022-05-02,16.3799991607666,17.850000381469727,14.880000114440918,17.829999923706055,17.829999923706055,825100
2022-05-03,17.440000534057617,17.99799919128418,17.329999923706055,17.639999389648438,17.639999389648438,406500
2022-05-04,17.690000534057617,18.270000457763672,16.610000610351562,18.1200008392334,18.1200008392334,589400
2022-05-05,18.059999465942383,18.18000030517578,17.139999389648438,17.489999771118164,17.489999771118164,395400
2022-05-06,17.350000381469727,17.350000381469727,16.100000381469727,16.280000686645508,16.280000686645508,753400
2022-05-09,16.040000915527344,16.290000915527344,14.699999809265137,14.819999694824219,14.819999694824219,851700
2022-05-10,15.199999809265137,15.760000228881836,14.449999809265137,14.859999656677246,14.859999656677246,1014800
2022-05-11,14.479999542236328,15.739999771118164,13.020000457763672,13.220000267028809,13.220000267028809,1707000
2022-05-12,13.380000114440918,13.609999656677246,12.65999984741211,13.149999618530273,13.149999618530273,1103900
2022-05-13,13.649999618530273,14.430000305175781,13.520000457763672,13.880000114440918,13.880000114440918,857200
2022-05-16,13.75,14.899999618530273,13.619999885559082,14.729999542236328,14.729999542236328,848600
2022-05-17,15.15999984741211,15.65999984741211,15.149999618530273,15.59000015258789,15.59000015258789,596900
2022-05-18,15.140000343322754,15.520000457763672,14.100000381469727,14.369999885559082,14.369999885559082,721300
2022-05-19,14.199999809265137,14.59000015258789,13.630000114440918,13.800000190734863,13.800000190734863,802000
2022-05-20,13.970000267028809,14.347000122070312,13.270000457763672,13.760000228881836,13.760000228881836,497000
2022-05-23,13.890000343322754,14.100000381469727,12.550000190734863,13.15999984741211,13.15999984741211,1147600
2022-05-24,13.09000015258789,13.34000015258789,12.65999984741211,12.800000190734863,12.800000190734863,1475300
2022-05-25,12.649999618530273,12.899999618530273,12.0600004196167,12.239999771118164,12.239999771118164,1302200
2022-05-26,12.369999885559082,12.90999984741211,12.25,12.699999809265137,12.699999809265137,1790600
2022-05-27,12.829999923706055,14.015000343322754,12.710000038146973,14.0,14.0,886900
2022-05-31,14.1899995803833,14.295000076293945,13.539999961853027,13.680000305175781,13.680000305175781,779400
2022-06-01,13.699999809265137,13.949999809265137,12.90999984741211,13.119999885559082,13.119999885559082,654900
2022-06-02,13.0600004196167,13.444999694824219,12.770000457763672,13.289999961853027,13.289999961853027,717600
2022-06-03,13.1899995803833,13.520000457763672,13.029999732971191,13.300000190734863,13.300000190734863,682000
2022-06-06,13.5,13.579999923706055,13.09000015258789,13.149999618530273,13.149999618530273,398100
2022-06-07,12.960000038146973,13.369999885559082,12.899999618530273,13.34000015258789,13.34000015258789,398300
2022-06-08,13.15999984741211,13.619999885559082,12.8100004196167,12.920000076293945,12.920000076293945,688700
2022-06-09,12.829999923706055,12.907999992370605,12.3100004196167,12.5600004196167,12.5600004196167,936900
2022-06-10,12.279999732971191,12.359999656677246,11.579999923706055,12.010000228881836,12.010000228881836,907700
2022-06-13,11.649999618530273,11.869999885559082,11.3100004196167,11.520000457763672,11.520000457763672,683300
2022-06-14,11.520000457763672,12.029999732971191,11.270000457763672,12.010000228881836,12.010000228881836,772900
2022-06-15,12.079999923706055,12.470000267028809,11.9350004196167,12.25,12.25,1133100
2022-06-16,12.0,12.260000228881836,11.640000343322754,12.25,12.25,639300
2022-06-17,12.34000015258789,13.270000457763672,12.34000015258789,12.90999984741211,12.90999984741211,1367200
2022-06-21,12.960000038146973,13.6899995803833,12.960000038146973,13.59000015258789,13.59000015258789,778400
2022-06-22,13.4399995803833,14.935999870300293,13.375,14.5,14.5,998200
2022-06-23,14.579999923706055,15.380000114440918,14.404999732971191,15.130000114440918,15.130000114440918,1023600
2022-06-24,15.289999961853027,15.630000114440918,14.930000305175781,15.279999732971191,15.279999732971191,1381800
2022-06-27,15.380000114440918,15.550000190734863,14.9399995803833,15.300000190734863,15.300000190734863,405800
2022-06-28,15.369999885559082,15.520000457763672,14.170000076293945,14.550000190734863,14.550000190734863,541700
2022-06-29,14.279999732971191,14.510000228881836,13.970000267028809,14.229999542236328,14.229999542236328,838400
2022-06-30,14.100000381469727,14.329999923706055,13.510000228881836,13.819999694824219,13.819999694824219,702800
2022-07-01,13.850000381469727,14.380000114440918,13.699999809265137,14.329999923706055,14.329999923706055,402100
2022-07-05,14.260000228881836,14.770000457763672,13.850000381469727,14.729999542236328,14.729999542236328,406300
2022-07-06,14.65999984741211,14.960000038146973,14.300000190734863,14.479999542236328,14.479999542236328,525400
2022-07-07,14.449999809265137,15.220000267028809,14.449999809265137,14.989999771118164,14.989999771118164,317300
2022-07-08,14.869999885559082,15.390000343322754,14.619999885559082,15.350000381469727,15.350000381469727,440200
2022-07-11,15.460000038146973,15.460000038146973,14.720000267028809,15.15999984741211,15.15999984741211,357200
2022-07-12,15.229999542236328,15.25,14.649999618530273,14.739999771118164,14.739999771118164,295500
2022-07-13,14.350000381469727,15.0,14.270000457763672,14.770000457763672,14.770000457763672,232400
2022-07-14,14.579999923706055,14.75,14.140000343322754,14.710000038146973,14.710000038146973,331300
2022-07-15,14.989999771118164,15.104999542236328,14.359999656677246,15.069999694824219,15.069999694824219,563400
2022-07-18,15.199999809265137,15.739999771118164,14.720000267028809,14.829999923706055,14.829999923706055,513900
2022-07-19,15.079999923706055,15.8100004196167,14.960000038146973,15.670000076293945,15.670000076293945,431800
2022-07-20,15.739999771118164,16.40999984741211,15.739999771118164,16.270000457763672,16.270000457763672,449400
2022-07-21,16.280000686645508,16.719999313354492,16.149999618530273,16.700000762939453,16.700000762939453,556200
2022-07-22,16.899999618530273,17.020000457763672,15.5600004196167,15.649999618530273,15.649999618530273,344400
2022-07-25,15.819999694824219,16.059999465942383,15.430000305175781,16.010000228881836,16.010000228881836,403700
2022-07-26,15.949999809265137,16.059999465942383,15.399999618530273,15.729999542236328,15.729999542236328,421500
2022-07-27,15.8100004196167,16.0,15.390000343322754,15.829999923706055,15.829999923706055,274000
2022-07-28,15.920000076293945,15.920000076293945,15.279999732971191,15.6899995803833,15.6899995803833,258900
2022-07-29,15.680000305175781,15.850000381469727,14.510000228881836,15.520000457763672,15.520000457763672,1134500
2022-08-01,15.59000015258789,16.1200008392334,15.3100004196167,15.65999984741211,15.65999984741211,595100
2022-08-02,15.520000457763672,16.850000381469727,15.390000343322754,16.799999237060547,16.799999237060547,999700
2022-08-03,17.040000915527344,18.010000228881836,17.040000915527344,18.0,18.0,686200
2022-08-04,18.030000686645508,18.520000457763672,17.844999313354492,18.299999237060547,18.299999237060547,403100
2022-08-05,17.989999771118164,19.690000534057617,17.950000762939453,19.649999618530273,19.649999618530273,691600
2022-08-08,19.729999542236328,20.200000762939453,19.280000686645508,19.34000015258789,19.34000015258789,655600
2022-08-09,19.010000228881836,19.450000762939453,16.469999313354492,17.469999313354492,17.469999313354492,1548300
2022-08-10,19.040000915527344,21.600000381469727,17.84000015258789,21.56999969482422,21.56999969482422,1659400
2022-08-11,21.200000762939453,22.700000762939453,20.8799991607666,21.440000534057617,21.440000534057617,1375000
2022-08-12,21.56999969482422,23.09000015258789,21.5,22.489999771118164,22.489999771118164,886000
2022-08-15,22.270000457763672,22.780000686645508,21.825000762939453,22.1200008392334,22.1200008392334,798900
2022-08-16,22.059999465942383,22.709999084472656,21.670000076293945,22.31999969482422,22.31999969482422,632700
2022-08-17,21.860000610351562,22.239999771118164,21.219999313354492,21.68000030517578,21.68000030517578,623300
2022-08-18,21.600000381469727,22.600000381469727,21.420000076293945,22.229999542236328,22.229999542236328,704100
2022-08-19,22.0,22.25,21.17799949645996,21.739999771118164,21.739999771118164,625800
2022-08-22,21.440000534057617,21.923999786376953,21.100000381469727,21.25,21.25,560300
2022-08-23,21.209999084472656,21.579999923706055,20.899999618530273,21.219999313354492,21.219999313354492,1012800
2022-08-24,21.149999618530273,21.8799991607666,21.149999618530273,21.260000228881836,21.260000228881836,1006000
2022-08-25,21.5,21.700000762939453,20.43000030517578,20.739999771118164,20.739999771118164,924700
2022-08-26,20.700000762939453,20.739999771118164,19.420000076293945,19.440000534057617,19.440000534057617,719900
2022-08-29,19.149999618530273,19.770000457763672,19.149999618530273,19.600000381469727,19.600000381469727,749000
2022-08-30,19.790000915527344,20.280000686645508,19.700000762939453,19.8700008392334,19.8700008392334,749100
2022-08-31,20.0,20.28499984741211,19.709999084472656,19.899999618530273,19.899999618530273,788200
2022-09-01,19.6299991607666,21.239999771118164,19.6299991607666,21.09000015258789,21.09000015258789,913600
2022-09-02,21.31999969482422,22.15999984741211,20.81999969482422,21.729999542236328,21.729999542236328,768300
2022-09-06,21.75,21.850000381469727,20.030000686645508,20.100000381469727,20.100000381469727,658100
2022-09-07,20.059999465942383,21.6299991607666,20.020000457763672,20.809999465942383,20.809999465942383,1712000
2022-09-08,24.719999313354492,25.469999313354492,22.020000457763672,25.299999237060547,25.299999237060547,8902100
2022-09-09,26.1299991607666,29.510000228881836,25.34000015258789,28.469999313354492,28.469999313354492,5239900
2022-09-12,28.850000381469727,28.989999771118164,27.8700008392334,28.09000015258789,28.09000015258789,2861500
2022-09-13,25.399999618530273,27.8700008392334,25.360000610351562,26.93000030517578,26.93000030517578,7893400
2022-09-14,27.1299991607666,28.854999542236328,26.739999771118164,27.530000686645508,27.530000686645508,2181200
2022-09-15,27.309999465942383,27.309999465942383,26.04800033569336,26.40999984741211,26.40999984741211,1938100
2022-09-16,26.40999984741211,26.40999984741211,24.959999084472656,25.940000534057617,25.940000534057617,2245600
2022-09-19,25.729999542236328,26.65999984741211,25.350000381469727,26.610000610351562,26.610000610351562,1658000
2022-09-20,26.75,27.100000381469727,25.600000381469727,26.010000228881836,26.010000228881836,1051500
2022-09-21,26.149999618530273,26.81999969482422,25.709999084472656,25.799999237060547,25.799999237060547,1531700
2022-09-22,25.950000762939453,26.100000381469727,24.356000900268555,25.559999465942383,25.559999465942383,1908500
2022-09-23,25.040000915527344,25.43000030517578,24.184999465942383,25.020000457763672,25.020000457763672,1561500
2022-09-26,25.049999237060547,25.93000030517578,24.350000381469727,24.389999389648438,24.389999389648438,1088500
2022-09-27,25.100000381469727,25.540000915527344,24.329999923706055,24.549999237060547,24.549999237060547,1003200
2022-09-28,24.739999771118164,25.600000381469727,24.520000457763672,24.940000534057617,24.940000534057617,1415300
2022-09-29,24.93000030517578,25.834999084472656,23.584999084472656,25.670000076293945,25.670000076293945,2124700
2022-09-30,25.68000030517578,27.31999969482422,25.459999084472656,27.0,27.0,2706300
2022-10-03,27.549999237060547,28.3700008392334,26.78499984741211,28.229999542236328,28.229999542236328,1791400
2022-10-04,28.68000030517578,29.118000030517578,28.200000762939453,29.059999465942383,29.059999465942383,1661200
2022-10-05,28.969999313354492,29.295000076293945,28.1200008392334,29.170000076293945,29.170000076293945,889700
2022-10-06,29.610000610351562,30.889999389648438,29.040000915527344,30.655000686645508,30.655000686645508,2225800
2022-10-07,30.65999984741211,30.950000762939453,29.0,29.3700008392334,29.3700008392334,1205100
2022-10-10,29.290000915527344,29.290000915527344,28.170000076293945,28.889999389648438,28.889999389648438,887500
2022-10-11,28.6299991607666,29.049999237060547,27.6299991607666,28.239999771118164,28.239999771118164,1107800
2022-10-12,28.139999389648438,28.280000686645508,27.170000076293945,28.09000015258789,28.09000015258789,1399200
2022-10-13,26.920000076293945,27.329999923706055,26.229999542236328,26.969999313354492,26.969999313354492,1710000
2022-10-14,27.059999465942383,27.299999237060547,25.0,25.100000381469727,25.100000381469727,1496000
2022-10-17,25.5,25.899999618530273,24.280000686645508,24.649999618530273,24.649999618530273,1585600
2022-10-18,25.360000610351562,25.700000762939453,24.8799991607666,25.260000228881836,25.260000228881836,1056700
2022-10-19,24.950000762939453,24.989999771118164,23.399999618530273,23.899999618530273,23.899999618530273,1189000
2022-10-20,23.889999389648438,24.739999771118164,23.309999465942383,23.520000457763672,23.520000457763672,1124900
2022-10-21,23.299999237060547,23.579999923706055,22.700000762939453,23.3700008392334,23.3700008392334,767000
2022-10-24,23.389999389648438,23.489999771118164,22.40999984741211,22.530000686645508,22.530000686645508,1324100
2022-10-25,22.510000228881836,23.55500030517578,22.3700008392334,23.540000915527344,23.540000915527344,1732400
2022-10-26,23.549999237060547,25.020000457763672,23.549999237060547,23.760000228881836,23.760000228881836,1167800
2022-10-27,23.75,24.200000762939453,23.1299991607666,23.200000762939453,23.200000762939453,1587900
2022-10-28,23.3799991607666,23.440000534057617,21.770000457763672,22.440000534057617,22.440000534057617,1584500
2022-10-31,22.93000030517578,23.399999618530273,22.18000030517578,22.309999465942383,22.309999465942383,1085100
2022-11-01,22.5,22.889999389648438,22.059999465942383,22.459999084472656,22.459999084472656,705800
2022-11-02,22.299999237060547,22.8700008392334,21.709999084472656,22.110000610351562,22.110000610351562,1061000
2022-11-03,21.829999923706055,22.225000381469727,21.46500015258789,21.510000228881836,21.510000228881836,1157600
2022-11-04,21.81999969482422,21.81999969482422,20.799999237060547,21.18000030517578,21.18000030517578,1550400
2022-11-07,21.219999313354492,22.024999618530273,20.969999313354492,21.280000686645508,21.280000686645508,1220800
2022-11-08,21.40999984741211,21.540000915527344,20.899999618530273,21.389999389648438,21.389999389648438,1828700
2022-11-09,20.34000015258789,21.100000381469727,18.959999084472656,20.299999237060547,20.299999237060547,2527500
2022-11-10,20.780000686645508,23.309999465942383,20.780000686645508,22.969999313354492,22.969999313354492,2036800
2022-11-11,22.700000762939453,23.18000030517578,21.59000015258789,22.489999771118164,22.489999771118164,1691900
2022-11-14,22.799999237060547,23.649999618530273,22.06999969482422,23.399999618530273,23.399999618530273,2001200
2022-11-15,24.049999237060547,24.43000030517578,23.440000534057617,23.760000228881836,23.760000228881836,1186600
2022-11-16,24.190000534057617,24.5,22.389999389648438,23.149999618530273,23.149999618530273,1630800
2022-11-17,22.729999542236328,22.93000030517578,21.899999618530273,21.969999313354492,21.969999313354492,1024900
2022-11-18,22.549999237060547,22.950000762939453,22.030000686645508,22.6200008392334,22.6200008392334,691400
2022-11-21,22.399999618530273,22.520000457763672,21.510000228881836,22.100000381469727,22.100000381469727,805500
2022-11-22,22.06999969482422,22.829999923706055,21.726999282836914,22.68000030517578,22.68000030517578,1013600
2022-11-23,22.579999923706055,23.15999984741211,22.399999618530273,22.790000915527344,22.790000915527344,543700
2022-11-25,22.670000076293945,23.1200008392334,22.31999969482422,23.010000228881836,23.010000228881836,294400
2022-11-28,23.030000686645508,23.799999237060547,22.360000610351562,22.5,22.5,1079200
2022-11-29,22.459999084472656,22.632999420166016,21.6200008392334,21.829999923706055,21.829999923706055,831200
2022-11-30,21.860000610351562,22.190000534057617,21.06999969482422,21.709999084472656,21.709999084472656,1546200
2022-12-01,21.719999313354492,21.924999237060547,21.378000259399414,21.760000228881836,21.760000228881836,1313900
2022-12-02,21.43000030517578,22.350000381469727,21.229999542236328,22.149999618530273,22.149999618530273,724500
2022-12-05,22.100000381469727,22.1200008392334,20.905000686645508,21.100000381469727,21.100000381469727,1268700
2022-12-06,20.920000076293945,21.75,20.493000030517578,21.729999542236328,21.729999542236328,876900
2022-12-07,21.959999084472656,22.229999542236328,21.225000381469727,21.3700008392334,21.3700008392334,808100
2022-12-08,21.34000015258789,22.1200008392334,21.020000457763672,22.079999923706055,22.079999923706055,829300
2022-12-09,22.020000457763672,22.020000457763672,20.729999542236328,21.549999237060547,21.549999237060547,986000
2022-12-12,21.719999313354492,22.363000869750977,21.43000030517578,22.139999389648438,22.139999389648438,850100
2022-12-13,22.829999923706055,23.15999984741211,21.8799991607666,22.110000610351562,22.110000610351562,678200
2022-12-14,22.020000457763672,22.270000457763672,21.625,21.790000915527344,21.790000915527344,632100
2022-12-15,21.5,21.739999771118164,21.040000915527344,21.5,21.5,872800
2022-12-16,21.170000076293945,21.450000762939453,20.309999465942383,20.719999313354492,20.719999313354492,2867300
2022-12-19,20.770000457763672,20.93199920654297,19.420000076293945,19.43000030517578,19.43000030517578,1195800
2022-12-20,19.389999389648438,19.940000534057617,19.389999389648438,19.549999237060547,19.549999237060547,1288100
2022-12-21,19.600000381469727,19.809999465942383,19.030000686645508,19.190000534057617,19.190000534057617,1694700
2022-12-22,19.010000228881836,19.739999771118164,18.829999923706055,19.719999313354492,19.719999313354492,1094100
2022-12-23,19.600000381469727,19.950000762939453,19.184999465942383,19.610000610351562,19.610000610351562,601700
2022-12-27,19.56999969482422,19.719999313354492,18.670000076293945,18.709999084472656,18.709999084472656,896400
2022-12-28,18.709999084472656,18.8799991607666,17.96500015258789,18.31999969482422,18.31999969482422,1672400
2022-12-29,18.399999618530273,18.780000686645508,18.209999084472656,18.6200008392334,18.6200008392334,1367900
2022-12-30,18.3799991607666,18.489999771118164,18.059999465942383,18.459999084472656,18.459999084472656,851400
2023-01-03,18.829999923706055,18.959999084472656,18.110000610351562,18.360000610351562,18.360000610351562,1083000
2023-01-04,18.530000686645508,19.18000030517578,18.219999313354492,18.979999542236328,18.979999542236328,1047200
2023-01-05,18.739999771118164,18.940000534057617,18.15999984741211,18.75,18.75,1040600
2023-01-06,18.90999984741211,19.829999923706055,18.719999313354492,19.709999084472656,19.709999084472656,1830300
2023-01-09,22.690000534057617,30.600000381469727,22.530000686645508,30.420000076293945,30.420000076293945,11658000
2023-01-10,29.799999237060547,30.5,27.270000457763672,28.18000030517578,28.18000030517578,4681400
2023-01-11,28.139999389648438,28.448999404907227,26.469999313354492,26.760000228881836,26.760000228881836,2449400
2023-01-12,26.709999084472656,27.100000381469727,25.799999237060547,26.520000457763672,26.520000457763672,1594500
2023-01-13,26.59000015258789,28.799999237060547,26.59000015258789,27.920000076293945,27.920000076293945,2007800
2023-01-17,27.850000381469727,28.645000457763672,27.110000610351562,28.030000686645508,28.030000686645508,957200
2023-01-18,28.09000015258789,29.93000030517578,27.950000762939453,29.34000015258789,29.34000015258789,1537300
2023-01-19,29.229999542236328,29.5939998626709,28.260000228881836,29.190000534057617,29.190000534057617,1288700
2023-01-20,29.6200008392334,31.920000076293945,29.190000534057617,31.700000762939453,31.700000762939453,2799200
2023-01-23,31.690000534057617,34.220001220703125,31.1299991607666,33.5099983215332,33.5099983215332,2967900
2023-01-24,33.29999923706055,33.95000076293945,32.290000915527344,32.36000061035156,32.36000061035156,1507400
2023-01-25,32.150001525878906,33.005001068115234,31.600000381469727,32.5099983215332,32.5099983215332,1164100
2023-01-26,33.5,34.54999923706055,32.650001525878906,33.880001068115234,33.880001068115234,1605400
2023-01-27,33.369998931884766,33.97999954223633,32.88100051879883,33.130001068115234,33.130001068115234,728800
2023-01-30,32.91999816894531,33.790000915527344,32.65999984741211,32.81999969482422,32.81999969482422,766400
2023-01-31,33.54999923706055,34.92499923706055,33.3650016784668,34.68000030517578,34.68000030517578,3949600
2023-02-01,34.599998474121094,35.61000061035156,33.810001373291016,34.380001068115234,34.380001068115234,1445500
2023-02-02,35.0,35.9900016784668,34.3849983215332,35.27000045776367,35.27000045776367,1290000
2023-02-03,34.52000045776367,35.91299819946289,34.5,34.91999816894531,34.91999816894531,835300
2023-02-06,35.06999969482422,35.58000183105469,34.119998931884766,34.41999816894531,34.41999816894531,692500
2023-02-07,34.369998931884766,34.709999084472656,33.13999938964844,34.63999938964844,34.63999938964844,800200
2023-02-08,34.66999816894531,34.75,32.90999984741211,33.154998779296875,33.154998779296875,957300
2023-02-09,33.369998931884766,34.24599838256836,32.79999923706055,32.939998626708984,32.939998626708984,704900
2023-02-10,32.650001525878906,32.900001525878906,31.6299991607666,32.2400016784668,32.2400016784668,1209200
2023-02-13,32.654998779296875,32.994998931884766,32.150001525878906,32.279998779296875,32.279998779296875,756600
2023-02-14,32.0,33.34000015258789,31.280000686645508,32.400001525878906,32.400001525878906,821700
2023-02-15,32.2599983215332,33.5099983215332,31.860000610351562,33.209999084472656,33.209999084472656,1013700
2023-02-16,32.619998931884766,34.06999969482422,32.4630012512207,32.7599983215332,32.7599983215332,1243200
2023-02-17,32.790000915527344,34.08000183105469,32.220001220703125,33.779998779296875,33.779998779296875,1155200
2023-02-21,33.29999923706055,33.91999816894531,32.810001373291016,33.18000030517578,33.18000030517578,1017800
2023-02-22,33.369998931884766,33.869998931884766,32.540000915527344,33.060001373291016,33.060001373291016,915600
2023-02-23,33.220001220703125,34.790000915527344,32.91999816894531,34.04999923706055,34.04999923706055,1607000
2023-02-24,33.41999816894531,34.279998779296875,33.08000183105469,34.119998931884766,34.119998931884766,1011800
2023-02-27,34.38999938964844,35.709999084472656,34.29999923706055,35.099998474121094,35.099998474121094,1966700
2023-02-28,35.0,36.61000061035156,34.06999969482422,34.70000076293945,34.70000076293945,3138900
2023-03-01,33.5,34.64899826049805,31.68000030517578,32.25,32.25,2425300
2023-03-02,31.809999465942383,32.435001373291016,30.84000015258789,31.549999237060547,31.549999237060547,1281600
2023-03-03,31.579999923706055,33.48500061035156,31.299999237060547,33.11000061035156,33.11000061035156,1339300
2023-03-06,32.91999816894531,33.41999816894531,32.27000045776367,32.9900016784668,32.9900016784668,1037400
2023-03-07,33.11000061035156,33.34000015258789,32.29999923706055,32.90999984741211,32.90999984741211,1137900
2023-03-08,32.709999084472656,32.790000915527344,31.520000457763672,31.979999542236328,31.979999542236328,1092700
2023-03-09,32.06999969482422,32.16299819946289,30.270000457763672,30.969999313354492,30.969999313354492,1808100
2023-03-10,30.59000015258789,30.790000915527344,28.399999618530273,28.6299991607666,28.6299991607666,1797500
2023-03-13,28.1299991607666,29.209999084472656,27.75,28.459999084472656,28.459999084472656,1300400
2023-03-14,29.440000534057617,30.610000610351562,28.729999542236328,29.5,29.5,1754200
2023-03-15,29.170000076293945,30.8799991607666,28.799999237060547,30.649999618530273,30.649999618530273,1479100
2023-03-16,30.270000457763672,31.3799991607666,29.920000076293945,31.149999618530273,31.149999618530273,1180300
2023-03-17,31.170000076293945,32.369998931884766,30.469999313354492,32.130001068115234,32.130001068115234,1818800
2023-03-20,32.0,33.209999084472656,31.40999984741211,32.25,32.25,1215500
2023-03-21,32.5099983215332,33.29999923706055,32.29999923706055,32.790000915527344,32.790000915527344,809900
2023-03-22,32.95000076293945,32.95000076293945,31.739999771118164,31.780000686645508,31.780000686645508,702700
2023-03-23,32.22999954223633,32.900001525878906,31.062000274658203,31.450000762939453,31.450000762939453,752900
2023-03-24,31.239999771118164,32.08700180053711,30.200000762939453,31.700000762939453,31.700000762939453,972400
2023-03-27,32.119998931884766,33.119998931884766,32.11000061035156,32.685001373291016,32.685001373291016,645500
2023-03-28,32.529998779296875,33.119998931884766,31.350000381469727,31.389999389648438,31.389999389648438,938800
2023-03-29,31.780000686645508,32.72999954223633,31.450000762939453,31.68000030517578,31.68000030517578,1218500
2023-03-30,31.93000030517578,32.42499923706055,30.969999313354492,31.1299991607666,31.1299991607666,857000
2023-03-31,31.389999389648438,32.38999938964844,31.1200008392334,32.209999084472656,32.209999084472656,1683300
2023-04-03,31.959999084472656,33.83000183105469,31.959999084472656,33.790000915527344,33.790000915527344,1091000
2023-04-04,33.79999923706055,33.88999938964844,33.119998931884766,33.40999984741211,33.40999984741211,656800
2023-04-05,33.11000061035156,33.619998931884766,32.060001373291016,33.060001373291016,33.060001373291016,766700
2023-04-06,33.220001220703125,34.029998779296875,32.75,34.029998779296875,34.029998779296875,1025100
2023-04-10,33.77000045776367,33.849998474121094,30.229999542236328,31.469999313354492,31.469999313354492,2093000
2023-04-11,31.489999771118164,31.575000762939453,30.399999618530273,31.399999618530273,31.399999618530273,1275000
2023-04-12,31.670000076293945,32.06999969482422,30.479999542236328,30.520000457763672,30.520000457763672,741700
2023-04-13,30.719999313354492,31.709999084472656,30.270000457763672,30.440000534057617,30.440000534057617,1456400
2023-04-14,30.399999618530273,30.770000457763672,29.75,30.40999984741211,30.40999984741211,1819900
2023-04-17,30.290000915527344,32.22999954223633,29.81999969482422,30.0,30.0,2210100
2023-04-18,30.040000915527344,30.739999771118164,29.30500030517578,30.540000915527344,30.540000915527344,1076000
2023-04-19,30.190000534057617,31.700000762939453,29.860000610351562,31.610000610351562,31.610000610351562,772100
2023-04-20,31.510000228881836,32.650001525878906,31.31999969482422,32.5099983215332,32.5099983215332,1699100
2023-04-21,32.58000183105469,32.959999084472656,31.989999771118164,32.11000061035156,32.11000061035156,1174400
2023-04-24,32.11000061035156,32.189998626708984,31.420000076293945,31.5,31.5,887500
2023-04-25,31.260000228881836,31.979999542236328,31.020000457763672,31.639999389648438,31.639999389648438,1149900
2023-04-26,31.670000076293945,31.68000030517578,30.690000534057617,31.510000228881836,31.510000228881836,885500
2023-04-27,31.8799991607666,32.209999084472656,30.520000457763672,31.530000686645508,31.530000686645508,1157300
2023-04-28,31.209999084472656,32.349998474121094,30.93000030517578,31.829999923706055,31.829999923706055,609800
2023-05-01,31.700000762939453,32.54999923706055,31.700000762939453,32.290000915527344,32.290000915527344,740400
2023-05-02,32.5,33.349998474121094,32.20000076293945,33.13999938964844,33.13999938964844,1289400
2023-05-03,33.2599983215332,33.77899932861328,32.849998474121094,33.61000061035156,33.61000061035156,1272800
2023-05-04,33.58000183105469,33.88999938964844,32.900001525878906,33.779998779296875,33.779998779296875,1089600
2023-05-05,33.95000076293945,34.84000015258789,33.81999969482422,34.61000061035156,34.61000061035156,1984400
2023-05-08,34.720001220703125,36.64699935913086,34.38100051879883,36.599998474121094,36.599998474121094,1860400
2023-05-09,36.16999816894531,37.97999954223633,36.005001068115234,37.61000061035156,37.61000061035156,2678500
2023-05-10,33.95000076293945,36.459999084472656,32.18000030517578,36.209999084472656,36.209999084472656,4024200
2023-05-11,36.459999084472656,36.70000076293945,35.20000076293945,35.720001220703125,35.720001220703125,1214900
2023-05-12,35.529998779296875,35.83000183105469,32.88999938964844,35.18000030517578,35.18000030517578,2035400
2023-05-15,35.150001525878906,35.45500183105469,33.790000915527344,33.86000061035156,33.86000061035156,1236400
2023-05-16,33.5,33.685001373291016,31.93000030517578,33.459999084472656,33.459999084472656,1588400
2023-05-17,33.380001068115234,33.709999084472656,31.809999465942383,31.920000076293945,31.920000076293945,1236700
2023-05-18,31.8799991607666,32.5099983215332,31.1200008392334,31.81999969482422,31.81999969482422,989700
2023-05-19,32.220001220703125,32.40999984741211,31.59000015258789,31.81999969482422,31.81999969482422,1074500
2023-05-22,31.8700008392334,32.869998931884766,31.579999923706055,32.5099983215332,32.5099983215332,1142900
2023-05-23,32.31999969482422,33.095001220703125,31.399999618530273,31.469999313354492,31.469999313354492,1485900
2023-05-24,31.260000228881836,31.610000610351562,30.510000228881836,31.510000228881836,31.510000228881836,946700
2023-05-25,31.780000686645508,31.989999771118164,30.128000259399414,30.809999465942383,30.809999465942383,860000
2023-05-26,30.90999984741211,31.450000762939453,30.149999618530273,30.459999084472656,30.459999084472656,772500
2023-05-30,30.5,31.20400047302246,30.209999084472656,30.270000457763672,30.270000457763672,1004400
2023-05-31,30.229999542236328,30.84000015258789,29.90999984741211,30.559999465942383,30.559999465942383,799200
2023-06-01,30.56999969482422,30.979999542236328,30.280000686645508,30.40999984741211,30.40999984741211,1036400
2023-06-02,30.43000030517578,31.3700008392334,30.260000228881836,31.059999465942383,31.059999465942383,917500
2023-06-05,31.059999465942383,32.2599983215332,30.969999313354492,31.18000030517578,31.18000030517578,2902300
2023-06-06,30.90999984741211,31.56999969482422,30.450000762939453,30.940000534057617,30.940000534057617,719200
2023-06-07,31.40999984741211,32.45000076293945,31.31999969482422,32.150001525878906,32.150001525878906,952000
2023-06-08,32.0,32.43000030517578,31.020000457763672,31.1299991607666,31.1299991607666,708700
2023-06-09,31.1299991607666,31.170000076293945,29.665000915527344,29.8700008392334,29.8700008392334,1253500
2023-06-12,29.950000762939453,30.05500030517578,29.350000381469727,29.549999237060547,29.549999237060547,989900
2023-06-13,29.25,29.59000015258789,28.579999923706055,28.829999923706055,28.829999923706055,1932800
2023-06-14,28.799999237060547,29.274999618530273,28.209999084472656,28.450000762939453,28.450000762939453,1516200
2023-06-15,28.239999771118164,28.979999542236328,27.90999984741211,28.700000762939453,28.700000762939453,1478600
2023-06-16,29.040000915527344,29.440000534057617,28.454999923706055,29.360000610351562,29.360000610351562,1230200
2023-06-20,29.200000762939453,29.43000030517578,27.725000381469727,28.799999237060547,28.799999237060547,1390200
2023-06-21,28.93000030517578,28.975000381469727,27.65999984741211,28.3700008392334,28.3700008392334,1034800
2023-06-22,28.43000030517578,28.43000030517578,27.010000228881836,27.06999969482422,27.06999969482422,899600
2023-06-23,26.81999969482422,27.5,26.364999771118164,26.739999771118164,26.739999771118164,1885400
2023-06-26,26.649999618530273,26.760000228881836,25.329999923706055,25.350000381469727,25.350000381469727,1986600
2023-06-27,25.450000762939453,25.809999465942383,24.899999618530273,25.479999542236328,25.479999542236328,1539100
2023-06-28,25.6299991607666,26.28499984741211,25.229999542236328,25.399999618530273,25.399999618530273,1283400
2023-06-29,25.3700008392334,25.82900047302246,24.610000610351562,24.700000762939453,24.700000762939453,1886700
2023-06-30,25.040000915527344,25.690000534057617,24.84000015258789,25.309999465942383,25.309999465942383,2092800
2023-07-03,25.040000915527344,25.260000228881836,24.709999084472656,25.06999969482422,25.06999969482422,557900
2023-07-05,25.059999465942383,25.219999313354492,24.399999618530273,24.719999313354492,24.719999313354492,1232600
2023-07-06,24.329999923706055,24.43000030517578,23.809999465942383,24.049999237060547,24.049999237060547,1479100
2023-07-07,24.049999237060547,24.40999984741211,23.900999069213867,24.170000076293945,24.170000076293945,900200
2023-07-10,24.040000915527344,25.329999923706055,24.010000228881836,24.760000228881836,24.760000228881836,936500
2023-07-11,24.739999771118164,24.959999084472656,24.329999923706055,24.600000381469727,24.600000381469727,1464300
2023-07-12,24.959999084472656,24.969999313354492,23.299999237060547,23.350000381469727,23.350000381469727,1387500
2023-07-13,23.43000030517578,23.68000030517578,22.719999313354492,23.229999542236328,23.229999542236328,1877200
2023-07-14,23.229999542236328,23.40999984741211,22.389999389648438,22.510000228881836,22.510000228881836,1261000
2023-07-17,22.520000457763672,22.989999771118164,22.229999542236328,22.280000686645508,22.280000686645508,1009800
2023-07-18,22.200000762939453,22.59000015258789,21.954999923706055,22.200000762939453,22.200000762939453,951300
2023-07-19,22.239999771118164,22.875,22.200000762939453,22.809999465942383,22.809999465942383,694000
2023-07-20,22.790000915527344,22.90999984741211,22.049999237060547,22.540000915527344,22.540000915527344,790200
2023-07-21,22.649999618530273,23.040000915527344,22.520000457763672,22.979999542236328,22.979999542236328,929000
2023-07-24,23.170000076293945,23.43000030517578,22.524999618530273,22.760000228881836,22.760000228881836,907000
2023-07-25,22.600000381469727,22.979999542236328,22.280000686645508,22.6200008392334,22.6200008392334,883100
2023-07-26,22.6200008392334,23.540000915527344,22.40399932861328,23.290000915527344,23.290000915527344,960800
2023-07-27,23.5,24.8700008392334,21.760000228881836,22.020000457763672,22.020000457763672,2453300
2023-07-28,22.290000915527344,22.860000610351562,22.06999969482422,22.530000686645508,22.530000686645508,811200
2023-07-31,22.739999771118164,23.739999771118164,22.719999313354492,23.6299991607666,23.6299991607666,1057300
2023-08-01,23.3799991607666,23.530000686645508,22.56999969482422,23.040000915527344,23.040000915527344,1644900
2023-08-02,22.790000915527344,22.84000015258789,21.920000076293945,22.09000015258789,22.09000015258789,1034200
2023-08-03,22.100000381469727,23.229999542236328,21.889999389648438,23.0,23.0,1480600
2023-08-04,22.8700008392334,23.3799991607666,22.719999313354492,22.75,22.75,1234400
2023-08-07,22.799999237060547,23.024999618530273,21.700000762939453,21.700000762939453,21.700000762939453,1351700
2023-08-08,21.639999389648438,22.219999313354492,21.030000686645508,21.989999771118164,21.989999771118164,2477800
2023-08-09,22.0,22.450000762939453,19.1299991607666,20.219999313354492,20.219999313354492,4685400
2023-08-10,20.549999237060547,20.559999465942383,19.170000076293945,19.65999984741211,19.65999984741211,1804800
2023-08-11,19.6299991607666,20.309999465942383,18.719999313354492,18.90999984741211,18.90999984741211,1564700
2023-08-14,20.06999969482422,20.3799991607666,18.639999389648438,19.459999084472656,19.459999084472656,2261500
2023-08-15,19.440000534057617,19.8799991607666,18.670000076293945,18.799999237060547,18.799999237060547,1019300
2023-08-16,18.899999618530273,19.079999923706055,18.600000381469727,18.7549991607666,18.7549991607666,839100
2023-08-17,18.75,18.770000457763672,17.510000228881836,17.6200008392334,17.6200008392334,1376600
2023-08-18,17.40999984741211,17.760000228881836,17.020000457763672,17.309999465942383,17.309999465942383,2004900
2023-08-21,17.229999542236328,17.75,17.06999969482422,17.549999237060547,17.549999237060547,1457300
2023-08-22,17.600000381469727,18.010000228881836,16.93000030517578,17.889999389648438,17.889999389648438,1530800
2023-08-23,18.700000762939453,18.959999084472656,18.049999237060547,18.610000610351562,18.610000610351562,1275500
2023-08-24,18.520000457763672,18.6299991607666,18.079999923706055,18.559999465942383,18.559999465942383,1173400
2023-08-25,18.600000381469727,19.010000228881836,18.34000015258789,18.5,18.5,852000
2023-08-28,18.639999389648438,18.940000534057617,17.979999542236328,18.290000915527344,18.290000915527344,739000
2023-08-29,18.18000030517578,18.56999969482422,18.139999389648438,18.270000457763672,18.270000457763672,631100
2023-08-30,18.139999389648438,18.31999969482422,17.639999389648438,17.8700008392334,17.8700008392334,1233900
2023-08-31,17.93000030517578,18.229999542236328,17.600000381469727,17.6299991607666,17.6299991607666,1029300
2023-09-01,17.780000686645508,18.34000015258789,17.690000534057617,18.15999984741211,18.15999984741211,1129900
2023-09-05,18.0,18.209999084472656,17.049999237060547,17.489999771118164,17.489999771118164,1452200
2023-09-06,17.40999984741211,17.649999618530273,16.65999984741211,16.90999984741211,16.90999984741211,1218100
2023-09-07,16.809999465942383,16.809999465942383,16.139999389648438,16.579999923706055,16.579999923706055,1827400
2023-09-08,16.5,16.649999618530273,15.470000267028809,15.489999771118164,15.489999771118164,1343300
2023-09-11,15.489999771118164,15.850000381469727,15.399999618530273,15.430000305175781,15.430000305175781,1390400
2023-09-12,15.279999732971191,16.229999542236328,15.130000114440918,16.110000610351562,16.110000610351562,2815600
2023-09-13,15.90999984741211,17.3799991607666,15.90999984741211,17.020000457763672,17.020000457763672,2355500
2023-09-14,17.059999465942383,17.59000015258789,16.889999389648438,17.25,17.25,1614300
2023-09-15,17.360000610351562,17.360000610351562,16.700000762939453,16.799999237060547,16.799999237060547,2472700
2023-09-18,16.790000915527344,16.979999542236328,16.290000915527344,16.700000762939453,16.700000762939453,1589200
2023-09-19,12.489999771118164,13.859999656677246,11.100000381469727,13.8100004196167,13.8100004196167,13135000
2023-09-20,13.84000015258789,14.239999771118164,13.100000381469727,13.145000457763672,13.145000457763672,5668200
2023-09-21,12.800000190734863,13.100000381469727,12.279999732971191,12.470000267028809,12.470000267028809,3606400
2023-09-22,12.619999885559082,13.069999694824219,12.229999542236328,13.010000228881836,13.010000228881836,3823200
2023-09-25,12.800000190734863,12.90999984741211,12.350000381469727,12.550000190734863,12.550000190734863,3252700
2023-09-26,12.609999656677246,13.119999885559082,12.40999984741211,12.420000076293945,12.420000076293945,1597900
2023-09-27,12.420000076293945,12.585000038146973,12.069999694824219,12.09000015258789,12.09000015258789,1288300
2023-09-28,12.0,12.069999694824219,11.576000213623047,11.75,11.75,1720700
2023-09-29,11.930000305175781,12.050000190734863,11.279999732971191,11.470000267028809,11.470000267028809,1625900
2023-10-02,11.489999771118164,11.489999771118164,11.0,11.199999809265137,11.199999809265137,1079900
2023-10-03,11.09000015258789,11.180000305175781,10.369999885559082,10.449999809265137,10.449999809265137,1729500
2023-10-04,10.5,10.609999656677246,10.069999694824219,10.550000190734863,10.550000190734863,1256000
2023-10-05,10.399999618530273,10.869999885559082,10.34000015258789,10.680000305175781,10.680000305175781,1461100
2023-10-06,10.430000305175781,10.914999961853027,10.25,10.760000228881836,10.760000228881836,1214300
2023-10-09,10.710000038146973,10.710000038146973,10.079999923706055,10.15999984741211,10.15999984741211,1300700
2023-10-10,10.079999923706055,10.550000190734863,10.079999923706055,10.3100004196167,10.3100004196167,1654800
2023-10-11,10.289999961853027,10.3100004196167,9.619999885559082,9.90999984741211,9.90999984741211,1454400
2023-10-12,9.84000015258789,9.84000015258789,8.279999732971191,8.399999618530273,8.399999618530273,3138000
2023-10-13,8.329999923706055,8.670000076293945,8.140000343322754,8.640000343322754,8.640000343322754,3285600
2023-10-16,8.6899995803833,9.029999732971191,8.473999977111816,9.020000457763672,9.020000457763672,1759100
2023-10-17,8.930000305175781,9.899999618530273,8.930000305175781,9.270000457763672,9.270000457763672,2766700
2023-10-18,9.140000343322754,9.175000190734863,8.6899995803833,8.779999732971191,8.779999732971191,1635700
2023-10-19,8.84000015258789,9.329999923706055,8.670000076293945,8.699999809265137,8.699999809265137,2707100
2023-10-20,8.6899995803833,8.699999809265137,8.210000038146973,8.460000038146973,8.460000038146973,1548200
2023-10-23,8.369999885559082,8.510000228881836,8.149999618530273,8.390000343322754,8.390000343322754,1638600
2023-10-24,8.489999771118164,8.899999618530273,8.48799991607666,8.649999618530273,8.649999618530273,1220600
2023-10-25,8.539999961853027,8.539999961853027,8.170000076293945,8.170000076293945,8.170000076293945,1088000
2023-10-26,8.170000076293945,8.329999923706055,7.920000076293945,7.940000057220459,7.940000057220459,1301900
2023-10-27,7.960000038146973,8.390000343322754,7.800000190734863,7.980000019073486,7.980000019073486,1278600
2023-10-30,8.180000305175781,8.4399995803833,7.619999885559082,7.71999979019165,7.71999979019165,1551500
2023-10-31,7.809999942779541,7.909999847412109,7.508999824523926,7.889999866485596,7.889999866485596,3338800
2023-11-01,7.840000152587891,7.96999979019165,7.550000190734863,7.929999828338623,7.929999828338623,1930800
2023-11-02,8.34000015258789,8.8100004196167,8.319999694824219,8.4399995803833,8.4399995803833,1403800
2023-11-03,8.989999771118164,9.279999732971191,8.779999732971191,9.229999542236328,9.229999542236328,1412300
2023-11-06,9.25,9.359999656677246,9.020000457763672,9.079999923706055,9.079999923706055,1366800
2023-11-07,9.199999809265137,9.199999809265137,8.550000190734863,8.59000015258789,8.59000015258789,2551700
2023-11-08,8.5,8.609999656677246,8.109999656677246,8.329999923706055,8.329999923706055,1787800
2023-11-09,7.349999904632568,8.5,6.829999923706055,6.909999847412109,6.909999847412109,3651700
2023-11-10,7.010000228881836,7.010000228881836,5.78000020980835,5.96999979019165,5.96999979019165,3894700
2023-11-13,5.920000076293945,6.099999904632568,5.71999979019165,5.809999942779541,5.809999942779541,3303400
2023-11-14,6.25,6.760000228881836,6.23199987411499,6.760000228881836,6.760000228881836,3584200
2023-11-15,6.920000076293945,7.570000171661377,6.885000228881836,7.019999980926514,7.019999980926514,1833600
2023-11-16,6.900000095367432,7.159999847412109,6.420000076293945,6.920000076293945,6.920000076293945,2334500
2023-11-17,6.960000038146973,7.630000114440918,6.880000114440918,7.269999980926514,7.269999980926514,1641600
2023-11-20,7.519999980926514,7.548999786376953,7.070000171661377,7.465000152587891,7.465000152587891,1438700
2023-11-21,7.369999885559082,7.369999885559082,7.0279998779296875,7.230000019073486,7.230000019073486,1152900
2023-11-22,7.349999904632568,7.400000095367432,7.119999885559082,7.289999961853027,7.289999961853027,883400
2023-11-24,7.25,7.579999923706055,7.159999847412109,7.199999809265137,7.199999809265137,457000
2023-11-27,7.199999809265137,7.199999809265137,6.769999980926514,6.900000095367432,6.900000095367432,997700
2023-11-28,6.849999904632568,7.179999828338623,6.650000095367432,7.059999942779541,7.059999942779541,1924100
2023-11-29,7.119999885559082,7.525000095367432,6.920000076293945,6.940000057220459,6.940000057220459,1662600
2023-11-30,6.989999771118164,7.090000152587891,6.739999771118164,6.769999980926514,6.769999980926514,1597200
2023-12-01,6.829999923706055,7.239999771118164,6.489999771118164,7.239999771118164,7.239999771118164,1087300
2023-12-04,7.210000038146973,7.550000190734863,7.110000133514404,7.429999828338623,7.429999828338623,1039800
2023-12-05,7.360000133514404,7.485000133514404,7.150000095367432,7.349999904632568,7.349999904632568,1599700
2023-12-06,7.449999809265137,7.449999809265137,7.03000020980835,7.050000190734863,7.050000190734863,1129100
2023-12-07,7.039999961853027,7.199999809265137,6.929999828338623,7.090000152587891,7.090000152587891,1162600
2023-12-08,7.039999961853027,7.539999961853027,6.940000057220459,7.369999885559082,7.369999885559082,1229100
2023-12-11,7.349999904632568,7.605000019073486,7.130000114440918,7.409999847412109,7.409999847412109,1091800
2023-12-12,7.340000152587891,7.460000038146973,7.03000020980835,7.409999847412109,7.409999847412109,1075800
2023-12-13,7.369999885559082,7.949999809265137,7.059999942779541,7.920000076293945,7.920000076293945,1309500
2023-12-14,8.210000038146973,8.829999923706055,8.210000038146973,8.479999542236328,8.479999542236328,2227400
2023-12-15,8.5600004196167,8.670000076293945,7.920000076293945,8.079999923706055,8.079999923706055,2431500
2023-12-18,8.09000015258789,8.279999732971191,7.849999904632568,7.889999866485596,7.889999866485596,961800
2023-12-19,8.079999923706055,8.279999732971191,8.020000457763672,8.239999771118164,8.239999771118164,1613000
2023-12-20,8.239999771118164,8.239999771118164,7.550000190734863,7.579999923706055,7.579999923706055,1731700
2023-12-21,7.710000038146973,8.59000015258789,7.710000038146973,8.430000305175781,8.430000305175781,1329200
2023-12-22,8.579999923706055,8.8100004196167,8.449999809265137,8.569999694824219,8.569999694824219,1146600
2023-12-26,8.619999885559082,8.890000343322754,8.489999771118164,8.829999923706055,8.829999923706055,735900
2023-12-27,8.949999809265137,9.09000015258789,8.800000190734863,8.970000267028809,8.970000267028809,681300
2023-12-28,8.90999984741211,9.149999618530273,8.729999542236328,8.880000114440918,8.880000114440918,800200
2023-12-29,8.90999984741211,8.949999809265137,8.59000015258789,8.789999961853027,8.789999961853027,695900
2024-01-02,9.010000228881836,9.744999885559082,8.579999923706055,9.3100004196167,9.3100004196167,1410700
2024-01-03,9.1899995803833,9.1899995803833,8.510000228881836,8.619999885559082,8.619999885559082,1449700
2024-01-04,8.65999984741211,8.975000381469727,8.600000381469727,8.789999961853027,8.789999961853027,809000
2024-01-05,8.649999618530273,8.720000267028809,8.220000267028809,8.350000381469727,8.350000381469727,1145400
2024-01-08,7.25,7.5,6.670000076293945,7.050000190734863,7.050000190734863,4209700
2024-01-09,7.0,7.586999893188477,6.715000152587891,7.03000020980835,7.03000020980835,2323600
2024-01-10,7.150000095367432,7.150000095367432,6.724999904632568,6.789999961853027,6.789999961853027,1582600
2024-01-11,6.710000038146973,6.760000228881836,6.293000221252441,6.309999942779541,6.309999942779541,1937400
2024-01-12,6.380000114440918,6.679999828338623,5.880000114440918,5.940000057220459,5.940000057220459,2333700
2024-01-16,5.889999866485596,5.889999866485596,5.599999904632568,5.71999979019165,5.71999979019165,1827700
2024-01-17,5.519999980926514,6.09499979019165,5.465000152587891,6.059999942779541,6.059999942779541,2233200
2024-01-18,6.099999904632568,6.130000114440918,5.730000019073486,5.800000190734863,5.800000190734863,1545900
2024-01-19,5.800000190734863,5.869999885559082,5.550000190734863,5.659999847412109,5.659999847412109,1418900
2024-01-22,5.71999979019165,6.418000221252441,5.71999979019165,6.03000020980835,6.03000020980835,1365400
2024-01-23,6.179999828338623,6.260000228881836,5.875,6.03000020980835,6.03000020980835,888700
2024-01-24,6.199999809265137,6.409999847412109,5.699999809265137,5.710000038146973,5.710000038146973,1727900
2024-01-25,5.809999942779541,5.929999828338623,5.579999923706055,5.929999828338623,5.929999828338623,1294700
2024-01-26,6.0,6.179999828338623,5.900000095367432,5.960000038146973,5.960000038146973,737700
2024-01-29,5.710000038146973,6.090000152587891,5.360000133514404,6.039999961853027,6.039999961853027,1672400
2024-01-30,6.110000133514404,6.110000133514404,5.474999904632568,5.505000114440918,5.505000114440918,1578600
2024-01-31,5.449999809265137,5.5,5.03000020980835,5.03000020980835,5.03000020980835,2041400
2024-02-01,5.110000133514404,5.320000171661377,5.0,5.150000095367432,5.150000095367432,2151800
2024-02-02,5.210000038146973,5.474999904632568,5.03000020980835,5.369999885559082,5.369999885559082,1811500
2024-02-05,5.239999771118164,5.295000076293945,5.099999904632568,5.099999904632568,5.099999904632568,1041000
2024-02-06,5.079999923706055,5.949999809265137,5.050000190734863,5.920000076293945,5.920000076293945,1710500
2024-02-07,5.900000095367432,5.900000095367432,5.360000133514404,5.380000114440918,5.380000114440918,1483500
2024-02-08,5.360000133514404,5.519999980926514,5.09499979019165,5.420000076293945,5.420000076293945,1682500
2024-02-09,5.5,5.985000133514404,5.389999866485596,5.909999847412109,5.909999847412109,1151600
2024-02-12,5.900000095367432,6.039999961853027,5.730000019073486,5.769999980926514,5.769999980926514,2070600
2024-02-13,5.489999771118164,5.550000190734863,5.195000171661377,5.21999979019165,5.21999979019165,1896500
2024-02-14,5.380000114440918,5.75,5.289999961853027,5.579999923706055,5.579999923706055,1440500
2024-02-15,5.690000057220459,5.800000190734863,5.429999828338623,5.579999923706055,5.579999923706055,1556800
2024-02-16,5.460000038146973,5.607999801635742,5.320000171661377,5.559999942779541,5.559999942779541,1129400
2024-02-20,5.460000038146973,5.769999980926514,5.422999858856201,5.510000228881836,5.510000228881836,805400
2024-02-21,5.519999980926514,5.559999942779541,5.320000171661377,5.369999885559082,5.369999885559082,962500
2024-02-22,5.340000152587891,5.380000114440918,5.199999809265137,5.309999942779541,5.309999942779541,1264900
2024-02-23,5.260000228881836,5.619999885559082,5.230000019073486,5.489999771118164,5.489999771118164,1404900
2024-02-26,5.449999809265137,5.855000019073486,5.400000095367432,5.690000057220459,5.690000057220459,1319400
2024-02-27,5.820000171661377,5.820000171661377,5.579999923706055,5.699999809265137,5.699999809265137,1189900
2024-02-28,5.590000152587891,5.690000057220459,5.454999923706055,5.659999847412109,5.659999847412109,1673100
2024-02-29,6.150000095367432,7.46999979019165,5.789999961853027,7.139999866485596,7.139999866485596,7068500
2024-03-01,7.329999923706055,7.559999942779541,6.960000038146973,6.980000019073486,6.980000019073486,3590400
2024-03-04,6.170000076293945,6.409999847412109,5.829999923706055,6.070000171661377,6.070000171661377,6587000
2024-03-05,6.150000095367432,6.71999979019165,6.039999961853027,6.5,6.5,3506000
2024-03-06,6.650000095367432,6.730000019073486,6.190000057220459,6.340000152587891,6.340000152587891,2242300
2024-03-07,6.409999847412109,6.427000045776367,6.119999885559082,6.159999847412109,6.159999847412109,1279500
2024-03-08,6.28000020980835,6.4079999923706055,5.829999923706055,6.010000228881836,6.010000228881836,1370800
2024-03-11,6.300000190734863,6.4679999351501465,6.110000133514404,6.260000228881836,6.260000228881836,2004000
2024-03-12,6.139999866485596,6.340000152587891,5.920000076293945,6.284999847412109,6.284999847412109,1829000
2024-03-13,6.230000019073486,6.369999885559082,5.960000038146973,6.019999980926514,6.019999980926514,1511600
2024-03-14,6.0,6.019999980926514,5.400000095367432,5.429999828338623,5.429999828338623,1915000
2024-03-15,5.510000228881836,5.510000228881836,5.300000190734863,5.304999828338623,5.304999828338623,1884300
2024-03-18,5.300000190734863,5.349999904632568,4.880000114440918,4.940000057220459,4.940000057220459,2846700
2024-03-19,4.940000057220459,5.170000076293945,4.869999885559082,4.929999828338623,4.929999828338623,1815200
2024-03-20,4.880000114440918,5.110000133514404,4.769999980926514,5.070000171661377,5.070000171661377,1692800
2024-03-21,5.099999904632568,5.420000076293945,5.09499979019165,5.190000057220459,5.190000057220459,1462500
2024-03-22,5.159999847412109,5.159999847412109,4.860000133514404,4.869999885559082,4.869999885559082,968600
2024-03-25,4.920000076293945,5.019999980926514,4.570000171661377,4.650000095367432,4.650000095367432,1448300
2024-03-26,4.699999809265137,4.900000095367432,4.630000114440918,4.699999809265137,4.699999809265137,1108800
2024-03-27,4.78000020980835,4.954999923706055,4.679999828338623,4.940000057220459,4.940000057220459,1568900
2024-03-28,5.0,5.03000020980835,4.855000019073486,4.920000076293945,4.920000076293945,1245000
2024-04-01,4.989999771118164,4.989999771118164,4.659999847412109,4.730000019073486,4.730000019073486,1141600
2024-04-02,4.610000133514404,4.630000114440918,4.449999809265137,4.510000228881836,4.510000228881836,1722300
2024-04-03,4.519999980926514,4.639999866485596,4.369999885559082,4.550000190734863,4.550000190734863,1333700
2024-04-04,4.650000095367432,4.699999809265137,4.360000133514404,4.409999847412109,4.409999847412109,1057500
2024-04-05,4.369999885559082,4.46999979019165,4.329999923706055,4.409999847412109,4.409999847412109,1263200
2024-04-08,4.380000114440918,4.46999979019165,4.355000019073486,4.449999809265137,4.449999809265137,833500
2024-04-09,4.489999771118164,4.940000057220459,4.46999979019165,4.690000057220459,4.690000057220459,1774700
2024-04-10,4.46999979019165,4.574999809265137,4.309999942779541,4.409999847412109,4.409999847412109,1590800
2024-04-11,4.449999809265137,4.53000020980835,4.210000038146973,4.440000057220459,4.440000057220459,1882000
2024-04-12,4.389999866485596,4.449999809265137,4.099999904632568,4.130000114440918,4.130000114440918,1577100
2024-04-15,4.079999923706055,4.190000057220459,3.9600000381469727,3.9700000286102295,3.9700000286102295,2122000
2024-04-16,3.9700000286102295,3.9700000286102295,3.7200000286102295,3.809999942779541,3.809999942779541,2419400
2024-04-17,3.869999885559082,3.9000000953674316,3.740000009536743,3.759999990463257,3.759999990463257,1740200
2024-04-18,3.75,3.819999933242798,3.625,3.7899999618530273,3.7899999618530273,1598000
2024-04-19,3.799999952316284,3.869999885559082,3.7100000381469727,3.7799999713897705,3.7799999713897705,1647400
2024-04-22,3.8299999237060547,3.869999885559082,3.609999895095825,3.640000104904175,3.640000104904175,1812700
2024-04-23,3.640000104904175,3.809999942779541,3.619999885559082,3.6600000858306885,3.6600000858306885,1588700
2024-04-24,3.640000104904175,3.75,3.5390000343322754,3.569999933242798,3.569999933242798,1789000
2024-04-25,3.5,3.5,3.2300000190734863,3.2899999618530273,3.2899999618530273,2646600
2024-04-26,3.359999895095825,3.559999942779541,3.2100000381469727,3.4000000953674316,3.4000000953674316,2280300
2024-04-29,3.450000047683716,3.7699999809265137,3.4100000858306885,3.690000057220459,3.690000057220459,3223700
2024-04-30,3.630000114440918,3.7850000858306885,3.510999917984009,3.609999895095825,3.609999895095825,2111300
2024-05-01,3.75,4.058000087738037,3.6500000953674316,3.7950000762939453,3.7950000762939453,1960600
2024-05-02,3.9100000858306885,3.990000009536743,3.6549999713897705,3.7699999809265137,3.7699999809265137,1256200
2024-05-03,3.9200000762939453,4.071000099182129,3.880000114440918,3.950000047683716,3.950000047683716,1370500
2024-05-06,4.0,4.110000133514404,3.924999952316284,4.099999904632568,4.099999904632568,1144400
2024-05-07,4.119999885559082,4.400000095367432,4.105000019073486,4.380000114440918,4.380000114440918,1348300
2024-05-08,4.300000190734863,4.349999904632568,4.190000057220459,4.269999980926514,4.269999980926514,1133900
2024-05-09,4.309999942779541,4.474999904632568,4.25,4.289999961853027,4.289999961853027,1464500
2024-05-10,4.050000190734863,4.050000190734863,3.0,3.319999933242798,3.319999933242798,8076300
2024-05-13,3.4000000953674316,3.5999999046325684,3.2249999046325684,3.319999933242798,3.319999933242798,2851900
2024-05-14,3.430000066757202,3.555000066757202,3.369999885559082,3.4800000190734863,3.4800000190734863,3962200
2024-05-15,3.5799999237060547,3.6500000953674316,3.2699999809265137,3.309999942779541,3.309999942779541,2560000
2024-05-16,3.309999942779541,3.3499999046325684,3.109999895095825,3.1600000858306885,3.1600000858306885,2416400
2024-05-17,3.180000066757202,3.2049999237060547,3.0199999809265137,3.0199999809265137,3.0199999809265137,2197300
2024-05-20,3.0399999618530273,3.180000066757202,2.9000000953674316,3.1600000858306885,3.1600000858306885,2471500
2024-05-21,3.130000114440918,3.1589999198913574,2.9800000190734863,3.009999990463257,3.009999990463257,1885200
2024-05-22,3.009999990463257,3.119999885559082,2.9200000762939453,2.9200000762939453,2.9200000762939453,1919900
2024-05-23,2.950000047683716,2.9549999237060547,2.625,2.6700000762939453,2.6700000762939453,3000400
2024-05-24,2.700000047683716,2.759999990463257,2.630000114440918,2.7100000381469727,2.7100000381469727,1516600
2024-05-28,2.7100000381469727,2.7690000534057617,2.5899999141693115,2.6700000762939453,2.6700000762939453,1811100
2024-05-29,2.680000066757202,2.8399999141693115,2.6050000190734863,2.799999952316284,2.799999952316284,2412000
2024-05-30,2.8399999141693115,2.940000057220459,2.7699999809265137,2.890000104904175,2.890000104904175,1820500
2024-05-31,2.890000104904175,3.0,2.809999942779541,2.8399999141693115,2.8399999141693115,1939400
2024-06-03,2.9200000762939453,3.1700000762939453,2.880000114440918,3.009999990463257,3.009999990463257,2633500
2024-06-04,3.009999990463257,3.0199999809265137,2.799999952316284,2.9100000858306885,2.9100000858306885,1381600
2024-06-05,2.930000066757202,3.134999990463257,2.88100004196167,3.0299999713897705,3.0299999713897705,1597400
2024-06-06,3.0299999713897705,3.0399999618530273,2.880000114440918,2.9000000953674316,2.9000000953674316,1028800
2024-06-07,2.859999895095825,2.9149999618530273,2.680000066757202,2.700000047683716,2.700000047683716,1279900
2024-06-10,2.6600000858306885,2.759999990463257,2.569999933242798,2.740000009536743,2.740000009536743,1228600
2024-06-11,2.7300000190734863,2.9600000381469727,2.7200000286102295,2.940000057220459,2.940000057220459,1625500
2024-06-12,3.0999999046325684,3.2100000381469727,3.0,3.0250000953674316,3.0250000953674316,1562400
2024-06-13,3.0199999809265137,3.1449999809265137,2.9600000381469727,2.9700000286102295,2.9700000286102295,781700
2024-06-14,2.950000047683716,3.0,2.7699999809265137,2.819999933242798,2.819999933242798,1218900
2024-06-17,2.799999952316284,2.859999895095825,2.740000009536743,2.799999952316284,2.799999952316284,1458800
2024-06-18,2.7799999713897705,2.9000000953674316,2.734999895095825,2.799999952316284,2.799999952316284,1429000
2024-06-20,2.809999942779541,2.880000114440918,2.744999885559082,2.869999885559082,2.869999885559082,828900
2024-06-21,2.890000104904175,3.0,2.6500000953674316,2.6600000858306885,2.6600000858306885,2718600
2024-06-24,2.700000047683716,2.7799999713897705,2.559999942779541,2.569999933242798,2.569999933242798,1217700
2024-06-25,2.569999933242798,2.5899999141693115,2.3399999141693115,2.3499999046325684,2.3499999046325684,1677100
2024-06-26,2.3499999046325684,2.4100000858306885,2.299999952316284,2.3399999141693115,2.3399999141693115,1264500
2024-06-27,2.359999895095825,2.5799999237060547,2.309999942779541,2.5799999237060547,2.5799999237060547,1835400
2024-06-28,2.5799999237060547,2.640000104904175,2.4700000286102295,2.569999933242798,2.569999933242798,6732900
2024-07-01,2.569999933242798,2.75,2.5299999713897705,2.569999933242798,2.569999933242798,1762300
2024-07-02,2.5899999141693115,2.5899999141693115,2.3949999809265137,2.4200000762939453,2.4200000762939453,1182800
2024-07-03,2.430000066757202,2.680000066757202,2.4100000858306885,2.680000066757202,2.680000066757202,1091200
2024-07-05,2.630000114440918,2.740000009536743,2.5899999141693115,2.6700000762939453,2.6700000762939453,1098000
2024-07-08,2.7300000190734863,2.880000114440918,2.7100000381469727,2.7950000762939453,2.7950000762939453,1439700
2024-07-09,2.7799999713897705,2.9800000190734863,2.75,2.890000104904175,2.890000104904175,1299500
2024-07-10,2.9100000858306885,3.0899999141693115,2.8499999046325684,2.9100000858306885,2.9100000858306885,1344600
2024-07-11,3.0299999713897705,3.319999933242798,2.9700000286102295,3.2699999809265137,3.2699999809265137,2340000
2024-07-12,3.359999895095825,3.700000047683716,3.3299999237060547,3.5799999237060547,3.5799999237060547,2797200
2024-07-15,3.6700000762939453,3.880000114440918,3.440000057220459,3.809999942779541,3.809999942779541,2246400
2024-07-16,3.859999895095825,4.309999942779541,3.7799999713897705,4.25,4.25,2532100
2024-07-17,4.079999923706055,4.377999782562256,3.890000104904175,3.9600000381469727,3.9600000381469727,3010900
2024-07-18,4.0,4.0,3.559999942779541,3.6500000953674316,3.6500000953674316,2133800
2024-07-19,3.640000104904175,3.7300000190734863,3.559999942779541,3.634999990463257,3.634999990463257,1085300
2024-07-22,3.690000057220459,4.144999980926514,3.6050000190734863,4.010000228881836,4.010000228881836,1633600
2024-07-23,4.070000171661377,4.360000133514404,3.9600000381469727,4.340000152587891,4.340000152587891,2311500
2024-07-24,4.25,4.389999866485596,3.819999933242798,3.930000066757202,3.930000066757202,2177100
2024-07-25,3.890000104904175,4.150000095367432,3.75,3.759999990463257,3.759999990463257,2122300
2024-07-26,3.9100000858306885,4.130000114440918,3.7200000286102295,3.9200000762939453,3.9200000762939453,1766700
2024-07-29,3.940000057220459,4.0,3.755000114440918,3.7899999618530273,3.7899999618530273,1157500
2024-07-30,3.809999942779541,3.9000000953674316,3.671999931335449,3.700000047683716,3.700000047683716,1437100
2024-07-31,3.7200000286102295,4.0,3.5999999046325684,3.7799999713897705,3.7799999713897705,2430900
2024-08-01,3.7200000286102295,3.740000009536743,3.315000057220459,3.369999885559082,3.369999885559082,2074900
2024-08-02,3.380000114440918,3.380000114440918,3.1500000953674316,3.200000047683716,3.200000047683716,1914900
2024-08-05,2.7899999618530273,3.1500000953674316,2.755000114440918,3.059999942779541,3.059999942779541,1652600
2024-08-06,3.109999895095825,3.200000047683716,3.009000062942505,3.0799999237060547,3.0799999237060547,1102400
2024-08-07,3.180000066757202,3.2300000190734863,2.799999952316284,2.819999933242798,2.819999933242798,2109300
2024-08-08,2.9800000190734863,3.0799999237060547,2.819999933242798,2.950000047683716,2.950000047683716,2806000
2024-08-09,3.0999999046325684,3.7200000286102295,3.0999999046325684,3.5299999713897705,3.5299999713897705,5107500
2024-08-12,6.554999828338623,6.599999904632568,6.53000020980835,6.599999904632568,6.599999904632568,61906700
2024-08-13,6.570000171661377,6.590000152587891,6.570000171661377,6.590000152587891,6.590000152587891,13548800
2024-08-14,6.579999923706055,6.599999904632568,6.570000171661377,6.579999923706055,6.579999923706055,7895600
2024-08-15,6.579999923706055,6.590000152587891,6.574999809265137,6.590000152587891,6.590000152587891,8236800
2024-08-16,6.590000152587891,6.630000114440918,6.574999809265137,6.619999885559082,6.619999885559082,8761800
2024-08-19,6.599999904632568,6.650000095367432,6.599999904632568,6.610000133514404,6.610000133514404,4547600
2024-08-20,6.619999885559082,6.639999866485596,6.579999923706055,6.599999904632568,6.599999904632568,13344500
2024-08-21,6.590000152587891,6.599999904632568,6.570000171661377,6.599999904632568,6.599999904632568,6034100
2024-08-22,6.590000152587891,6.599999904632568,6.579999923706055,6.590000152587891,6.590000152587891,5664200
2024-08-23,6.590000152587891,6.599999904632568,6.579999923706055,6.599999904632568,6.599999904632568,2674600
2024-08-26,6.590000152587891,6.599999904632568,6.579999923706055,6.579999923706055,6.579999923706055,2651200
2024-08-27,6.590000152587891,6.590000152587891,6.579999923706055,6.579999923706055,6.579999923706055,1669900
2024-08-28,6.579999923706055,6.590000152587891,6.574999809265137,6.579999923706055,6.579999923706055,1833500
2024-08-29,6.590000152587891,6.590000152587891,6.550000190734863,6.570000171661377,6.570000171661377,2890800
2024-08-30,6.570000171661377,6.590000152587891,6.570000171661377,6.570000171661377,6.570000171661377,1459300
2024-09-03,6.570000171661377,6.590000152587891,6.570000171661377,6.590000152587891,6.590000152587891,3348900
2024-09-04,6.579999923706055,6.590000152587891,6.570000171661377,6.579999923706055,6.579999923706055,3552700
2024-09-05,6.579999923706055,6.579999923706055,6.550000190734863,6.570000171661377,6.570000171661377,9500700
2024-09-06,6.559999942779541,6.579999923706055,6.539999961853027,6.579999923706055,6.579999923706055,2235200
2024-09-09,6.579999923706055,6.590000152587891,6.570000171661377,6.579999923706055,6.579999923706055,2532800
2024-09-10,6.570000171661377,6.579999923706055,6.550000190734863,6.570000171661377,6.570000171661377,3154700
2024-09-11,6.570000171661377,6.590000152587891,6.559999942779541,6.579999923706055,6.579999923706055,2968800
2024-09-12,6.579999923706055,6.590000152587891,6.539999961853027,6.559999942779541,6.559999942779541,7943700
2024-09-13,6.579999923706055,6.590000152587891,6.539999961853027,6.550000190734863,6.550000190734863,10524300
2024-09-16,6.539999961853027,6.565000057220459,5.440000057220459,5.96999979019165,5.96999979019165,20813600
2024-09-17,6.019999980926514,6.264999866485596,5.84499979019165,5.965000152587891,5.965000152587891,5536500
2024-09-18,5.949999809265137,6.300000190734863,5.894999980926514,5.989999771118164,5.989999771118164,5500100
2024-09-19,6.03000020980835,6.050000190734863,5.71999979019165,5.849999904632568,5.849999904632568,5399900
2024-09-20,5.849999904632568,5.90500020980835,5.739999771118164,5.809999942779541,5.809999942779541,5476000
2024-09-23,5.139999866485596,5.440000057220459,5.110000133514404,5.364999771118164,5.364999771118164,8809000
2024-09-24,5.230000019073486,5.650000095367432,5.230000019073486,5.494999885559082,5.494999885559082,1269000
2024-09-25,5.510000228881836,5.519999980926514,5.289999961853027,5.300000190734863,5.300000190734863,1574600
2024-09-26,5.349999904632568,5.494999885559082,5.255000114440918,5.389999866485596,5.389999866485596,1584900
2024-09-27,5.449999809265137,5.510000228881836,5.300000190734863,5.360000133514404,5.360000133514404,1030300
