Date,Open,High,Low,Close,Adj Close,Volume
2008-01-02,28.363046646118164,29.983793258666992,25.40518569946289,26.410049438476562,26.410049438476562,2288823
2008-01-03,26.110210418701172,29.983793258666992,26.110210418701172,28.768232345581055,28.768232345581055,1495608
2008-01-04,28.363046646118164,28.622365951538086,26.30470085144043,28.56563949584961,28.56563949584961,1491783
2008-01-07,29.529983520507812,29.975688934326172,26.969205856323242,27.341976165771484,27.341976165771484,975971
2008-01-08,25.899513244628906,26.969205856323242,23.44408416748047,25.931928634643555,25.931928634643555,1928495
2008-01-09,25.3160457611084,26.094003677368164,24.46515464782715,26.094003677368164,26.094003677368164,1326673
2008-01-10,24.886547088623047,25.810373306274414,24.00324058532715,25.056726455688477,25.056726455688477,1339630
2008-01-11,24.124797821044922,26.337114334106445,24.10858917236328,25.44570541381836,25.44570541381836,418203
2008-01-14,25.526742935180664,26.17504119873047,24.319286346435547,24.473257064819336,24.473257064819336,993864
2008-01-15,24.31118392944336,25.761749267578125,23.70340347290039,24.230146408081055,24.230146408081055,1489932
2008-01-16,23.905996322631836,24.6839542388916,23.905996322631836,23.905996322631836,23.905996322631836,656241
2008-01-17,24.28687286376953,25.113452911376953,23.395462036132812,23.468395233154297,23.468395233154297,598984
2008-01-18,22.88492774963379,24.651540756225586,22.69854164123535,23.306320190429688,23.306320190429688,981400
2008-01-22,20.875202178955078,24.01134490966797,20.85089111328125,23.273906707763672,23.273906707763672,1617034
2008-01-23,23.500810623168945,23.905996322631836,22.27714729309082,23.338735580444336,23.338735580444336,424496
2008-01-24,23.500810623168945,24.068071365356445,23.306320190429688,23.792545318603516,23.792545318603516,675985
2008-01-25,23.905996322631836,24.59481430053711,23.808752059936523,24.319286346435547,24.319286346435547,612434
2008-01-28,23.743921279907227,24.319286346435547,23.26580238342285,23.54132843017578,23.54132843017578,179177
2008-01-29,23.500810623168945,23.517017364501953,22.69043731689453,22.909238815307617,22.909238815307617,468673
2008-01-30,22.39870262145996,23.379253387451172,22.39870262145996,22.96596336364746,22.96596336364746,559866
2008-01-31,23.44408416748047,23.954618453979492,22.69043731689453,23.679092407226562,23.679092407226562,522846
2008-02-01,24.238250732421875,25.324148178100586,23.13614273071289,25.16207504272461,25.16207504272461,319483
2008-02-04,24.813613891601562,25.43760108947754,24.813613891601562,25.307941436767578,25.307941436767578,697210
2008-02-05,24.55429458618164,25.526742935180664,24.55429458618164,25.372770309448242,25.372770309448242,423756
2008-02-06,25.048622131347656,25.42949867248535,24.781198501586914,25.210697174072266,25.210697174072266,652663
2008-02-07,25.12155532836914,25.3160457611084,24.538087844848633,25.056726455688477,25.056726455688477,241494
2008-02-08,24.643436431884766,26.17504119873047,24.643436431884766,25.99675941467285,25.99675941467285,569614
2008-02-11,26.369529724121094,28.468395233154297,25.899513244628906,28.249595642089844,28.249595642089844,2883611
2008-02-12,28.11993408203125,28.752025604248047,28.11993408203125,28.338735580444336,28.338735580444336,486813
2008-02-13,27.96596336364746,30.29173469543457,27.96596336364746,29.57860565185547,29.57860565185547,1198584
2008-02-14,29.57860565185547,32.71474838256836,29.57860565185547,32.54457092285156,32.54457092285156,1303721
2008-02-15,31.758508682250977,33.28200912475586,31.612642288208008,32.536468505859375,32.536468505859375,1375663
2008-02-19,31.037277221679688,31.774715423583984,29.740680694580078,30.802268981933594,30.802268981933594,548513
2008-02-20,30.267423629760742,31.88006591796875,30.218801498413086,31.523500442504883,31.523500442504883,488417
2008-02-21,31.912479400634766,32.05024337768555,30.186386108398438,30.510534286499023,30.510534286499023,738426
2008-02-22,30.518638610839844,30.769853591918945,29.173419952392578,29.773096084594727,29.773096084594727,538394
2008-02-25,29.935169219970703,30.69692039489746,29.213937759399414,30.194488525390625,30.194488525390625,449423
2008-02-26,30.016206741333008,32.29335403442383,30.00810432434082,31.677471160888672,31.677471160888672,626872
2008-02-27,32.10696792602539,32.10696792602539,30.794164657592773,31.401945114135742,31.401945114135742,492119
2008-02-28,30.632091522216797,31.83144187927246,30.526742935180664,31.70988655090332,31.70988655090332,409071
2008-02-29,31.01296615600586,33.82495880126953,31.01296615600586,32.463531494140625,32.463531494140625,1718098
2008-03-03,32.43111801147461,33.07941818237305,31.183143615722656,31.337114334106445,31.337114334106445,1088882
2008-03-04,31.12641716003418,31.604537963867188,30.834684371948242,31.320907592773438,31.320907592773438,186704
2008-03-05,31.053485870361328,31.74230194091797,31.053485870361328,31.329011917114258,31.329011917114258,687708
2008-03-06,31.045381546020508,31.758508682250977,30.802268981933594,31.094003677368164,31.094003677368164,224588
2008-03-07,30.802268981933594,31.815235137939453,30.794164657592773,31.361425399780273,31.361425399780273,487924
2008-03-10,31.604537963867188,31.604537963867188,29.513776779174805,29.700162887573242,29.700162887573242,491626
2008-03-11,29.659643173217773,30.70502471923828,27.957860946655273,28.338735580444336,28.338735580444336,2857450
2008-03-12,28.338735580444336,28.7196102142334,27.55267333984375,28.354942321777344,28.354942321777344,185347
2008-03-13,27.4149112701416,27.949756622314453,26.645057678222656,27.72285270690918,27.72285270690918,378344
2008-03-14,28.01458740234375,28.217180252075195,26.774715423583984,27.02593231201172,27.02593231201172,316274
2008-03-17,26.17504119873047,26.612642288208008,25.526742935180664,26.14262580871582,26.14262580871582,1051368
2008-03-18,26.01296615600586,26.523500442504883,25.14586639404297,25.478120803833008,25.478120803833008,555423
2008-03-19,25.186386108398438,25.40518569946289,23.82495880126953,24.173419952392578,24.173419952392578,1043841
2008-03-20,23.70340347290039,25.15397071838379,23.70340347290039,25.15397071838379,25.15397071838379,812095
2008-03-24,24.927066802978516,25.29173469543457,23.930307388305664,24.4327392578125,24.4327392578125,1099494
2008-03-25,24.619125366210938,24.83792495727539,23.938411712646484,24.748783111572266,24.748783111572266,349592
2008-03-26,24.813613891601562,24.886547088623047,24.30307960510254,24.635332107543945,24.635332107543945,255808
2008-03-27,24.87844467163086,25.0,23.914100646972656,24.100486755371094,24.100486755371094,1292492
2008-03-28,24.529983520507812,24.58670997619629,23.905996322631836,24.46515464782715,24.46515464782715,949933
2008-03-31,24.246353149414062,24.367908477783203,23.57374382019043,23.938411712646484,23.938411712646484,475830
2008-04-01,23.784440994262695,24.627229690551758,23.517017364501953,24.46515464782715,24.46515464782715,271603
2008-04-02,24.651540756225586,24.71636962890625,23.98703384399414,24.659643173217773,24.659643173217773,472252
2008-04-03,24.72447395324707,26.110210418701172,24.327390670776367,25.478120803833008,25.478120803833008,1038905
2008-04-04,25.016206741333008,25.5672607421875,25.00810432434082,25.307941436767578,25.307941436767578,276539
2008-04-07,25.12155532836914,25.364667892456055,24.781198501586914,24.789302825927734,24.789302825927734,291594
2008-04-08,24.359806060791016,24.71636962890625,23.670988082885742,24.14100456237793,24.14100456237793,418079
2008-04-09,23.865478515625,24.27876853942871,23.103727340698242,23.192869186401367,23.192869186401367,399199
2008-04-10,23.11993408203125,23.322528839111328,22.60129737854004,23.209075927734375,23.209075927734375,760884
2008-04-11,22.893030166625977,23.209075927734375,22.641815185546875,22.990276336669922,22.990276336669922,541356
2008-04-14,22.893030166625977,23.13614273071289,22.40680694580078,23.038898468017578,23.038898468017578,157582
2008-04-15,23.038898468017578,23.500810623168945,22.828201293945312,22.925445556640625,22.925445556640625,181521
2008-04-16,23.00648307800293,23.45218849182129,22.779579162597656,23.13614273071289,23.13614273071289,287645
2008-04-17,22.901134490966797,23.768232345581055,22.901134490966797,23.70340347290039,23.70340347290039,321457
2008-04-18,23.622365951538086,24.14910888671875,23.184764862060547,24.00324058532715,24.00324058532715,324912
2008-04-21,23.69529914855957,24.222042083740234,23.69529914855957,23.930307388305664,23.930307388305664,435355
2008-04-22,23.598054885864258,23.606159210205078,23.055105209350586,23.095624923706055,23.095624923706055,225822
2008-04-23,23.00648307800293,23.25769805908203,23.00648307800293,23.103727340698242,23.103727340698242,367362
2008-04-24,23.103727340698242,23.962722778320312,23.103727340698242,23.905996322631836,23.905996322631836,172513
2008-04-25,24.14100456237793,24.246353149414062,23.808752059936523,24.10858917236328,24.10858917236328,80333
2008-04-28,24.230146408081055,24.813613891601562,24.092382431030273,24.692058563232422,24.692058563232422,291101
2008-04-29,24.611021041870117,25.210697174072266,24.513776779174805,25.04051971435547,25.04051971435547,865157
2008-04-30,25.226903915405273,25.59967613220215,24.84602928161621,25.210697174072266,25.210697174072266,318372
2008-05-01,24.927066802978516,26.16693687438965,23.7196102142334,25.761749267578125,25.761749267578125,406726
2008-05-02,25.640193939208984,26.061588287353516,25.53484535217285,25.737438201904297,25.737438201904297,187198
2008-05-05,25.810373306274414,25.810373306274414,25.13776206970215,25.194488525390625,25.194488525390625,226686
2008-05-06,25.056726455688477,26.00486183166504,25.03241539001465,25.745542526245117,25.745542526245117,66142
2008-05-07,25.42949867248535,25.899513244628906,25.202592849731445,25.27552604675293,25.27552604675293,83048
2008-05-08,25.478120803833008,25.478120803833008,25.0,25.202592849731445,25.202592849731445,343175
2008-05-09,25.00810432434082,25.097244262695312,24.781198501586914,24.805511474609375,24.805511474609375,756936
2008-05-12,25.089141845703125,25.8833065032959,24.489465713500977,25.55915641784668,25.55915641784668,133272
2008-05-13,25.267423629760742,25.5672607421875,24.72447395324707,25.502431869506836,25.502431869506836,809874
2008-05-14,25.299837112426758,27.350080490112305,25.299837112426758,26.8476505279541,26.8476505279541,578006
2008-05-15,26.74230194091797,27.820096969604492,26.74230194091797,27.350080490112305,27.350080490112305,372545
2008-05-16,27.528362274169922,27.528362274169922,26.98541259765625,27.350080490112305,27.350080490112305,199538
2008-05-19,28.192869186401367,29.538087844848633,28.192869186401367,28.889789581298828,28.889789581298828,618481
2008-05-20,28.670988082885742,28.670988082885742,27.85251235961914,28.087520599365234,28.087520599365234,263336
2008-05-21,28.476499557495117,29.756887435913086,28.46029281616211,29.54619026184082,29.54619026184082,476077
2008-05-22,29.667747497558594,30.98055076599121,29.39221954345703,30.810373306274414,30.810373306274414,362179
2008-05-23,30.59967613220215,31.053485870361328,30.048622131347656,30.794164657592773,30.794164657592773,386119
2008-05-27,31.01296615600586,31.01296615600586,30.29173469543457,30.86709976196289,30.86709976196289,101682
2008-05-28,31.037277221679688,31.037277221679688,30.105348587036133,30.5672607421875,30.5672607421875,285177
2008-05-29,30.178281784057617,30.786062240600586,30.097244262695312,30.632091522216797,30.632091522216797,249885
2008-05-30,30.41329002380371,31.02107048034668,29.529983520507812,30.259319305419922,30.259319305419922,366251
2008-06-02,29.748783111572266,30.45380973815918,29.54619026184082,29.902755737304688,29.902755737304688,207929
2008-06-03,29.829822540283203,29.83792495727539,29.173419952392578,29.222042083740234,29.222042083740234,205091
2008-06-04,29.02755355834961,29.627229690551758,29.02755355834961,29.416532516479492,29.416532516479492,163628
2008-06-05,29.505672454833984,29.894651412963867,29.01134490966797,29.27876853942871,29.27876853942871,156471
2008-06-06,29.319286346435547,29.627229690551758,28.87358283996582,29.076175689697266,29.076175689697266,146846
2008-06-09,29.457050323486328,29.58670997619629,28.70340347290039,29.1815242767334,29.1815242767334,200648
2008-06-10,29.084278106689453,29.57050132751465,28.363046646118164,28.57374382019043,28.57374382019043,205091
2008-06-11,28.70340347290039,29.189626693725586,28.53322410583496,28.841167449951172,28.841167449951172,88478
2008-06-12,28.841167449951172,29.084278106689453,28.079416275024414,28.217180252075195,28.217180252075195,144008
2008-06-13,28.192869186401367,28.922203063964844,27.957860946655273,28.865478515625,28.865478515625,128583
2008-06-16,28.849271774291992,29.44084358215332,28.492706298828125,28.752025604248047,28.752025604248047,226562
2008-06-17,28.922203063964844,29.521879196166992,28.622365951538086,28.662885665893555,28.662885665893555,102175
2008-06-18,28.622365951538086,29.157211303710938,27.990276336669922,28.233386993408203,28.233386993408203,247540
2008-06-19,28.11993408203125,28.679092407226562,27.795785903930664,28.144245147705078,28.144245147705078,139689
2008-06-20,28.103727340698242,28.103727340698242,27.14748764038086,27.957860946655273,27.957860946655273,384885
2008-06-23,27.87682342529297,27.87682342529297,26.74230194091797,26.74230194091797,26.74230194091797,183372
2008-06-24,26.482982635498047,26.645057678222656,25.737438201904297,26.01296615600586,26.01296615600586,246923
2008-06-25,26.183143615722656,26.669368743896484,25.40518569946289,26.069692611694336,26.069692611694336,286411
2008-06-26,25.931928634643555,26.329011917114258,25.5672607421875,25.89141082763672,25.89141082763672,148574
2008-06-27,25.786062240600586,27.098865509033203,25.486223220825195,25.55915641784668,25.55915641784668,915258
2008-06-30,25.332252502441406,25.55105209350586,24.538087844848633,25.299837112426758,25.299837112426758,321580
2008-07-01,24.797407150268555,25.299837112426758,24.489465713500977,24.692058563232422,24.692058563232422,303317
2008-07-02,24.42463493347168,24.87034034729004,24.10858917236328,24.457050323486328,24.457050323486328,243962
2008-07-03,24.408428192138672,24.95948028564453,23.768232345581055,24.529983520507812,24.529983520507812,100077
2008-07-07,23.889789581298828,24.246353149414062,23.200971603393555,23.525121688842773,23.525121688842773,444363
2008-07-08,23.53322410583496,24.886547088623047,23.176660537719727,24.27066421508789,24.27066421508789,352184
2008-07-09,24.635332107543945,25.299837112426758,24.31118392944336,24.692058563232422,24.692058563232422,291841
2008-07-10,24.529983520507812,25.056726455688477,24.02755355834961,24.513776779174805,24.513776779174805,286288
2008-07-11,24.54619026184082,24.85413360595703,23.97892951965332,24.335493087768555,24.335493087768555,283943
2008-07-14,24.246353149414062,24.918962478637695,23.517017364501953,24.700162887573242,24.700162887573242,260127
2008-07-15,24.773096084594727,25.12155532836914,24.57860565185547,25.016206741333008,25.016206741333008,619098
2008-07-16,24.254457473754883,25.056726455688477,24.238250732421875,24.732576370239258,24.732576370239258,159803
2008-07-17,25.016206741333008,25.745542526245117,24.6839542388916,25.57536506652832,25.57536506652832,216937
2008-07-18,25.510534286499023,25.510534286499023,25.072933197021484,25.356563568115234,25.356563568115234,187691
2008-07-21,25.57536506652832,26.16693687438965,25.097244262695312,26.10210609436035,26.10210609436035,82801
2008-07-22,25.907617568969727,26.134521484375,25.640193939208984,26.053485870361328,26.053485870361328,327504
2008-07-23,26.27228546142578,26.482982635498047,25.915721893310547,26.337114334106445,26.337114334106445,226192
2008-07-24,26.653160095214844,26.653160095214844,25.875202178955078,25.940031051635742,25.940031051635742,144748
2008-07-25,26.183143615722656,26.53970718383789,26.00486183166504,26.27228546142578,26.27228546142578,282463
2008-07-28,26.118314743041992,26.628849029541016,25.923824310302734,25.98055076599121,25.98055076599121,487430
2008-07-29,25.956239700317383,26.239870071411133,25.89141082763672,26.061588287353516,26.061588287353516,673517
2008-07-30,25.99675941467285,26.199352264404297,25.99675941467285,26.17504119873047,26.17504119873047,239149
2008-07-31,25.777957916259766,26.110210418701172,25.656402587890625,25.923824310302734,25.923824310302734,231992
2008-08-01,25.648298263549805,26.134521484375,25.526742935180664,25.931928634643555,25.931928634643555,178930
2008-08-04,26.329011917114258,26.855754852294922,25.526742935180664,26.320907592773438,26.320907592773438,884408
2008-08-05,26.337114334106445,26.74230194091797,26.30470085144043,26.604537963867188,26.604537963867188,612064
2008-08-06,26.58022689819336,27.520259857177734,26.44246482849121,27.455429077148438,27.455429077148438,108345
2008-08-07,26.912479400634766,27.382495880126953,26.045381546020508,26.14262580871582,26.14262580871582,143638
2008-08-08,26.037277221679688,27.196109771728516,26.037277221679688,26.896272659301758,26.896272659301758,182385
2008-08-11,26.669368743896484,27.29335594177246,26.42625617980957,27.196109771728516,27.196109771728516,75027
2008-08-12,26.815235137939453,27.512155532836914,26.329011917114258,26.604537963867188,26.604537963867188,421534
2008-08-13,26.7017822265625,26.7017822265625,25.13776206970215,26.029172897338867,26.029172897338867,660190
2008-08-14,25.931928634643555,25.931928634643555,25.42949867248535,25.42949867248535,25.42949867248535,96375
2008-08-15,25.5672607421875,25.875202178955078,25.299837112426758,25.648298263549805,25.648298263549805,85886
2008-08-18,25.542949676513672,25.615882873535156,25.14586639404297,25.55915641784668,25.55915641784668,83665
2008-08-19,25.186386108398438,25.931928634643555,25.12155532836914,25.72123146057129,25.72123146057129,280118
2008-08-20,25.672609329223633,26.134521484375,25.502431869506836,25.964344024658203,25.964344024658203,174981
2008-08-21,25.98055076599121,26.00486183166504,25.42139434814453,25.948135375976562,25.948135375976562,236064
2008-08-22,25.940031051635742,25.98055076599121,25.13776206970215,25.948135375976562,25.948135375976562,119081
2008-08-25,25.802268981933594,25.802268981933594,25.380874633789062,25.583467483520508,25.583467483520508,159926
2008-08-26,25.5672607421875,25.60778045654297,25.28363037109375,25.5672607421875,25.5672607421875,733119
2008-08-27,25.478120803833008,25.72933578491211,25.12965965270996,25.44570541381836,25.44570541381836,90822
2008-08-28,25.44570541381836,25.85089111328125,25.42949867248535,25.769853591918945,25.769853591918945,95018
2008-08-29,25.834684371948242,25.842788696289062,25.04051971435547,25.397083282470703,25.397083282470703,77742
2008-09-02,25.41329002380371,25.769853591918945,24.910858154296875,25.218801498413086,25.218801498413086,194849
2008-09-03,25.267423629760742,25.672609329223633,25.170177459716797,25.518638610839844,25.518638610839844,88601
2008-09-04,25.340356826782227,25.43760108947754,25.243112564086914,25.340356826782227,25.340356826782227,168441
2008-09-05,25.243112564086914,25.623987197875977,25.202592849731445,25.307941436767578,25.307941436767578,226439
2008-09-08,25.526742935180664,25.640193939208984,25.27552604675293,25.526742935180664,25.526742935180664,452508
2008-09-09,25.397083282470703,25.397083282470703,24.29497528076172,24.42463493347168,24.42463493347168,717571
2008-09-10,24.481361389160156,24.58670997619629,23.70340347290039,23.87358283996582,23.87358283996582,777050
2008-09-11,23.638574600219727,23.638574600219727,23.022689819335938,23.038898468017578,23.038898468017578,389697
2008-09-12,23.087520599365234,23.322528839111328,22.925445556640625,23.16045379638672,23.16045379638672,806542
2008-09-15,23.01458740234375,23.01458740234375,22.633712768554688,22.69043731689453,22.69043731689453,231375
2008-09-16,22.56888198852539,22.85251235961914,22.28525161743164,22.70664405822754,22.70664405822754,284437
2008-09-17,22.893030166625977,22.893030166625977,21.56401824951172,21.7017822265625,21.7017822265625,358847
2008-09-18,21.74230194091797,22.252836227416992,21.499189376831055,21.653160095214844,21.653160095214844,683883
2008-09-19,21.8476505279541,22.917341232299805,21.8476505279541,22.87682342529297,22.87682342529297,748174
2008-09-22,22.70664405822754,22.909238815307617,21.799028396606445,21.920583724975586,21.920583724975586,577882
2008-09-23,21.8476505279541,22.13128089904785,21.750404357910156,21.87196159362793,21.87196159362793,194849
2008-09-24,21.766613006591797,22.27714729309082,21.758508682250977,21.83954620361328,21.83954620361328,200895
2008-09-25,21.7017822265625,21.88006591796875,21.7017822265625,21.799028396606445,21.799028396606445,176462
2008-09-26,21.499189376831055,21.685575485229492,21.27228546142578,21.604537963867188,21.604537963867188,745953
2008-09-29,21.191247940063477,21.628849029541016,18.679092407226562,19.529983520507812,19.529983520507812,1539909
2008-09-30,19.4327392578125,20.0,19.13290023803711,19.529983520507812,19.529983520507812,835048
2008-10-01,19.30307960510254,19.44894790649414,18.930307388305664,19.1815242767334,19.1815242767334,919083
2008-10-02,19.01134490966797,19.27066421508789,18.85737419128418,18.914100646972656,18.914100646972656,202129
2008-10-03,18.962722778320312,19.254457473754883,18.468395233154297,18.654781341552734,18.654781341552734,729788
2008-10-06,18.484603881835938,18.70340347290039,18.030794143676758,18.646677017211914,18.646677017211914,422645
2008-10-07,18.69529914855957,18.83306312561035,18.395462036132812,18.492706298828125,18.492706298828125,636004
2008-10-08,18.403566360473633,18.930307388305664,17.682334899902344,18.0470027923584,18.0470027923584,584916
2008-10-09,18.071313858032227,18.5494327545166,16.55591583251953,16.74230194091797,16.74230194091797,573933
2008-10-10,16.12641716003418,16.70988655090332,14.789302825927734,15.648298263549805,15.648298263549805,1449456
2008-10-13,15.745542526245117,17.72285270690918,15.745542526245117,17.69043731689453,17.69043731689453,200278
2008-10-14,18.43598175048828,18.43598175048828,16.393840789794922,16.99351692199707,16.99351692199707,1248808
2008-10-15,16.888168334960938,16.888168334960938,16.239870071411133,16.612642288208008,16.612642288208008,278390
2008-10-16,17.204214096069336,17.933549880981445,16.207454681396484,17.933549880981445,17.933549880981445,1058402
2008-10-17,17.455429077148438,17.779579162597656,16.620746612548828,17.56077766418457,17.56077766418457,271357
2008-10-20,17.86871910095215,18.46029281616211,17.730955123901367,18.46029281616211,18.46029281616211,97363
2008-10-21,18.403566360473633,18.403566360473633,17.455429077148438,17.56888198852539,17.56888198852539,363783
2008-10-22,17.212318420410156,17.212318420410156,16.410049438476562,16.482982635498047,16.482982635498047,182632
2008-10-23,16.604537963867188,16.71799087524414,15.607780456542969,16.045381546020508,16.045381546020508,219158
2008-10-24,15.461912155151367,15.802268981933594,14.619125366210938,15.291733741760254,15.291733741760254,513344
2008-10-27,14.894652366638184,15.340356826782227,14.862236976623535,15.016206741333008,15.016206741333008,187321
2008-10-28,15.235008239746094,15.388978958129883,14.351701736450195,14.789302825927734,14.789302825927734,368226
2008-10-29,14.862236976623535,15.097245216369629,14.230146408081055,14.83792495727539,14.83792495727539,823695
2008-10-30,15.16207504272461,16.612642288208008,14.870340347290039,16.4505672454834,16.4505672454834,347865
2008-10-31,16.00486183166504,16.207454681396484,15.50243091583252,15.737439155578613,15.737439155578613,583188
2008-11-03,15.526741981506348,15.696921348571777,15.153970718383789,15.591571807861328,15.591571807861328,327504
2008-11-04,16.029172897338867,16.029172897338867,15.340356826782227,15.478119850158691,15.478119850158691,318249
2008-11-05,15.210697174072266,15.226903915405273,14.692057609558105,14.983793258666992,14.983793258666992,368966
2008-11-06,15.170178413391113,15.170178413391113,14.562398910522461,14.894652366638184,14.894652366638184,260251
2008-11-07,14.910859107971191,15.105347633361816,14.829821586608887,14.910859107971191,14.910859107971191,315040
2008-11-10,15.121556282043457,15.235008239746094,14.457050323486328,14.627228736877441,14.627228736877441,372421
2008-11-11,14.392219543457031,14.692057609558105,14.043760299682617,14.059967994689941,14.059967994689941,502608
2008-11-12,13.962722778320312,14.359806060791016,13.314425468444824,13.338735580444336,13.338735580444336,242358
2008-11-13,13.282010078430176,13.282010078430176,12.366288185119629,13.152350425720215,13.152350425720215,377727
2008-11-14,12.884926795959473,13.35494327545166,12.455429077148438,12.49594783782959,12.49594783782959,382417
2008-11-17,12.374391555786133,12.56077766418457,11.831441879272461,11.904376029968262,11.904376029968262,197317
2008-11-18,11.839546203613281,12.390600204467773,11.701783180236816,12.066451072692871,12.066451072692871,507174
2008-11-19,11.93679141998291,12.017827987670898,11.264182090759277,11.353322982788086,11.353322982788086,346260
2008-11-20,11.191247940063477,11.345218658447266,10.534846305847168,10.5672607421875,10.5672607421875,372051
2008-11-21,11.223663330078125,11.312804222106934,10.534846305847168,11.288493156433105,11.288493156433105,698197
2008-11-24,11.5235013961792,12.212318420410156,11.296595573425293,11.92868709564209,11.92868709564209,215456
2008-11-25,12.115073204040527,12.617504119873047,11.92868709564209,12.617504119873047,12.617504119873047,290977
2008-11-26,12.520258903503418,12.9092378616333,12.025932312011719,12.779579162597656,12.779579162597656,233843
2008-11-28,12.828201293945312,13.833063125610352,12.828201293945312,13.833063125610352,13.833063125610352,247787
2008-12-01,13.452187538146973,13.452187538146973,12.820096969604492,12.868720054626465,12.868720054626465,319483
2008-12-02,13.119935035705566,13.209075927734375,11.547812461853027,11.952998161315918,11.952998161315918,490021
2008-12-03,11.685574531555176,12.309561729431152,11.685574531555176,12.139384269714355,12.139384269714355,268889
2008-12-04,11.952998161315918,12.333873748779297,11.661264419555664,11.823339462280273,11.823339462280273,343175
2008-12-05,11.782819747924805,11.782819747924805,11.264182090759277,11.64505672454834,11.64505672454834,269752
2008-12-08,11.790924072265625,12.27714729309082,11.693678855895996,11.952998161315918,11.952998161315918,306279
2008-12-09,11.952998161315918,12.15559196472168,11.661264419555664,11.92868709564209,11.92868709564209,360451
2008-12-10,11.944894790649414,12.309561729431152,11.766613006591797,12.179903030395508,12.179903030395508,177573
2008-12-11,12.034035682678223,12.406806945800781,12.034035682678223,12.220420837402344,12.220420837402344,373038
2008-12-12,11.969205856323242,12.196109771728516,11.880064964294434,11.896271705627441,11.896271705627441,228537
2008-12-15,11.871960639953613,12.098864555358887,11.515397071838379,11.677472114562988,11.677472114562988,254821
2008-12-16,11.766613006591797,12.034035682678223,11.345218658447266,11.450567245483398,11.450567245483398,279995
2008-12-17,11.280388832092285,11.450567245483398,10.737439155578613,10.891409873962402,10.891409873962402,440908
2008-12-18,10.891409873962402,10.980550765991211,10.51053524017334,10.818475723266602,10.818475723266602,485332
2008-12-19,10.794164657592773,11.385737419128418,10.680712699890137,11.353322982788086,11.353322982788086,881693
2008-12-22,11.466774940490723,11.539708137512207,11.01296615600586,11.14262580871582,11.14262580871582,319853
2008-12-23,11.021069526672363,11.183143615722656,11.021069526672363,11.08590030670166,11.08590030670166,202746
2008-12-24,11.045380592346191,11.118313789367676,10.891409873962402,11.029172897338867,11.029172897338867,270123
2008-12-26,11.01296615600586,11.01296615600586,10.826580047607422,10.931928634643555,10.931928634643555,266050
2008-12-29,10.931928634643555,10.931928634643555,10.534846305847168,10.688817024230957,10.688817024230957,607745
2008-12-30,10.664505958557129,11.410049438476562,10.656401634216309,11.410049438476562,11.410049438476562,269999
2008-12-31,11.36142635345459,12.123176574707031,11.272285461425781,12.050243377685547,12.050243377685547,373655
2009-01-02,12.14748764038086,12.14748764038086,11.045380592346191,11.70988655090332,11.70988655090332,347618
2009-01-05,11.70988655090332,11.93679141998291,11.207454681396484,11.280388832092285,11.280388832092285,184853
2009-01-06,11.410049438476562,12.544570922851562,11.329010963439941,12.139384269714355,12.139384269714355,328491
2009-01-07,12.05834674835205,12.528363227844238,11.880064964294434,12.358184814453125,12.358184814453125,301590
2009-01-08,12.15559196472168,12.56888198852539,11.92058277130127,12.56888198852539,12.56888198852539,281969
2009-01-09,12.487844467163086,12.536466598510742,11.685574531555176,11.807130813598633,11.807130813598633,147710
2009-01-12,11.807130813598633,11.807130813598633,11.353322982788086,11.353322982788086,11.353322982788086,144378
2009-01-13,11.42625617980957,11.99351692199707,11.288493156433105,11.92058277130127,11.92058277130127,172637
2009-01-14,11.750405311584473,11.831441879272461,11.474878311157227,11.750405311584473,11.750405311584473,203240
2009-01-15,11.750405311584473,12.082657814025879,11.636953353881836,11.815235137939453,11.815235137939453,134136
2009-01-16,11.823339462280273,12.098864555358887,11.701783180236816,12.025932312011719,12.025932312011719,105754
2009-01-20,11.888169288635254,11.977310180664062,10.899514198303223,11.021069526672363,11.021069526672363,396854
2009-01-21,11.102107048034668,11.547812461853027,10.907617568969727,11.004861831665039,11.004861831665039,356749
2009-01-22,10.988655090332031,10.988655090332031,10.356563568115234,10.640193939208984,10.640193939208984,348235
2009-01-23,10.57536506652832,11.450567245483398,10.518638610839844,11.320907592773438,11.320907592773438,279378
2009-01-26,11.239870071411133,11.572122573852539,11.110211372375488,11.296595573425293,11.296595573425293,83418
2009-01-27,11.345218658447266,11.653160095214844,11.175041198730469,11.48298168182373,11.48298168182373,95265
2009-01-28,11.572122573852539,11.99351692199707,11.466774940490723,11.99351692199707,11.99351692199707,85516
2009-01-29,11.839546203613281,12.350081443786621,11.758508682250977,12.082657814025879,12.082657814025879,199291
2009-01-30,12.212318420410156,12.301459312438965,12.074554443359375,12.204214096069336,12.204214096069336,313313
2009-02-02,12.163695335388184,12.641815185546875,12.163695335388184,12.382495880126953,12.382495880126953,178190
2009-02-03,12.447325706481934,12.933548927307129,12.358184814453125,12.811993598937988,12.811993598937988,185964
2009-02-04,12.739060401916504,13.07941722869873,12.479741096496582,12.479741096496582,12.479741096496582,223231
2009-02-05,12.56888198852539,12.974067687988281,12.463533401489258,12.828201293945312,12.828201293945312,219529
2009-02-06,12.706645011901855,13.500809669494629,12.706645011901855,13.484602928161621,13.484602928161621,265927
2009-02-09,13.500809669494629,14.213937759399414,13.209075927734375,13.4764986038208,13.4764986038208,888727
2009-02-10,13.50891399383545,13.719611167907715,12.6580228805542,12.763371467590332,12.763371467590332,453495
2009-02-11,12.949756622314453,12.965964317321777,12.139384269714355,12.27714729309082,12.27714729309082,727443
2009-02-12,12.220420837402344,12.933548927307129,11.86385726928711,12.325770378112793,12.325770378112793,810121
2009-02-13,12.398702621459961,12.633711814880371,11.99351692199707,12.293354988098145,12.293354988098145,223724
2009-02-17,12.317666053771973,12.860615730285645,12.244732856750488,12.585088729858398,12.585088729858398,253957
2009-02-18,12.641815185546875,12.641815185546875,12.244732856750488,12.43922233581543,12.43922233581543,135617
2009-02-19,12.593193054199219,12.633711814880371,12.220420837402344,12.536466598510742,12.536466598510742,203116
2009-02-20,12.3419771194458,13.01458740234375,12.14748764038086,12.974067687988281,12.974067687988281,375259
2009-02-23,12.957860946655273,13.41166877746582,12.9092378616333,13.022689819335938,13.022689819335938,485579
2009-02-24,13.030794143676758,13.217180252075195,12.714749336242676,13.087519645690918,13.087519645690918,445597
2009-02-25,12.917342185974121,13.192869186401367,12.763371467590332,12.990276336669922,12.990276336669922,521735
2009-02-26,13.07941722869873,13.687195777893066,12.99837875366211,13.306321144104004,13.306321144104004,335278
2009-02-27,13.06320858001709,13.444084167480469,13.06320858001709,13.273905754089355,13.273905754089355,212371
2009-03-02,11.92058277130127,12.301459312438965,11.547812461853027,12.106968879699707,12.106968879699707,352801
2009-03-03,12.123176574707031,12.123176574707031,11.7747163772583,12.050243377685547,12.050243377685547,281475
2009-03-04,12.131279945373535,12.698540687561035,11.823339462280273,12.43111801147461,12.43111801147461,441772
2009-03-05,12.220420837402344,12.609399795532227,11.555915832519531,11.628849029541016,11.628849029541016,446338
2009-03-06,11.64505672454834,12.123176574707031,11.353322982788086,11.904376029968262,11.904376029968262,522599
2009-03-09,11.782819747924805,12.244732856750488,11.280388832092285,11.337115287780762,11.337115287780762,227303
2009-03-10,11.952998161315918,11.952998161315918,11.239870071411133,11.5235013961792,11.5235013961792,159803
2009-03-11,11.41815185546875,11.434359550476074,11.14262580871582,11.272285461425781,11.272285461425781,264446
2009-03-12,11.207454681396484,11.685574531555176,10.761750221252441,11.661264419555664,11.661264419555664,290237
2009-03-13,11.64505672454834,12.163695335388184,11.64505672454834,12.106968879699707,12.106968879699707,170539
2009-03-16,12.115073204040527,12.139384269714355,11.790924072265625,12.082657814025879,12.082657814025879,236681
2009-03-17,12.009723663330078,12.123176574707031,11.369529724121094,11.742300987243652,11.742300987243652,323061
2009-03-18,11.636953353881836,11.742300987243652,11.329010963439941,11.620745658874512,11.620745658874512,307760
2009-03-19,11.669367790222168,11.961101531982422,11.247974395751953,11.855753898620605,11.855753898620605,144872
2009-03-20,11.839546203613281,12.025932312011719,11.669367790222168,11.86385726928711,11.86385726928711,177573
2009-03-23,11.807130813598633,12.763371467590332,11.807130813598633,12.763371467590332,12.763371467590332,252600
2009-03-24,12.528363227844238,12.860615730285645,12.528363227844238,12.633711814880371,12.633711814880371,143391
2009-03-25,12.552674293518066,12.949756622314453,12.131279945373535,12.512155532836914,12.512155532836914,231498
2009-03-26,12.641815185546875,12.860615730285645,12.625608444213867,12.836304664611816,12.836304664611816,206572
2009-03-27,12.779579162597656,12.949756622314453,12.730956077575684,12.755267143249512,12.755267143249512,201882
2009-03-30,12.747163772583008,12.9092378616333,12.00162124633789,12.05834674835205,12.05834674835205,222120
2009-03-31,12.236628532409668,12.236628532409668,11.961101531982422,12.017827987670898,12.017827987670898,174611
2009-04-01,11.961101531982422,12.884926795959473,11.717989921569824,12.811993598937988,12.811993598937988,293939
2009-04-02,12.965964317321777,13.363046646118164,12.860615730285645,13.01458740234375,13.01458740234375,230881
2009-04-03,13.119935035705566,13.322527885437012,12.795785903930664,13.176660537719727,13.176660537719727,251736
2009-04-06,13.160453796386719,13.241491317749023,12.820096969604492,12.99837875366211,12.99837875366211,178066
2009-04-07,12.755267143249512,13.209075927734375,12.609399795532227,13.01458740234375,13.01458740234375,294556
2009-04-08,13.13614273071289,13.192869186401367,12.528363227844238,12.552674293518066,12.552674293518066,256672
2009-04-09,12.85251235961914,12.990276336669922,12.487844467163086,12.949756622314453,12.949756622314453,280858
2009-04-13,12.965964317321777,13.022689819335938,12.755267143249512,12.974067687988281,12.974067687988281,255191
2009-04-14,12.949756622314453,12.99837875366211,12.471636772155762,12.9092378616333,12.9092378616333,154003
2009-04-15,12.9092378616333,12.974067687988281,12.714749336242676,12.949756622314453,12.949756622314453,444487
2009-04-16,13.055105209350586,13.144246101379395,12.84440803527832,13.111830711364746,13.111830711364746,126362
2009-04-17,13.095623970031738,13.500809669494629,13.00648307800293,13.346839904785156,13.346839904785156,253587
2009-04-20,13.2252836227417,13.2252836227417,12.576985359191895,12.682333946228027,12.682333946228027,444734
2009-04-21,12.544570922851562,13.168558120727539,12.544570922851562,12.9092378616333,12.9092378616333,262348
2009-04-22,12.771474838256836,13.103728294372559,12.666126251220703,12.747163772583008,12.747163772583008,178313
2009-04-23,12.771474838256836,13.01458740234375,12.536466598510742,12.828201293945312,12.828201293945312,168441
2009-04-24,12.803890228271484,12.949756622314453,12.56077766418457,12.633711814880371,12.633711814880371,155484
2009-04-27,12.512155532836914,13.07941722869873,12.471636772155762,12.828201293945312,12.828201293945312,193738
2009-04-28,12.836304664611816,13.176660537719727,12.641815185546875,12.771474838256836,12.771474838256836,123770
2009-04-29,12.72285270690918,12.949756622314453,12.593193054199219,12.698540687561035,12.698540687561035,229771
2009-04-30,12.828201293945312,13.095623970031738,12.601297378540039,12.820096969604492,12.820096969604492,299985
2009-05-01,12.893031120300293,13.07131290435791,12.795785903930664,12.99837875366211,12.99837875366211,262965
2009-05-04,13.047001838684082,13.93030834197998,13.047001838684082,13.711506843566895,13.711506843566895,370940
2009-05-05,13.614262580871582,14.035655975341797,13.589950561523438,13.841167449951172,13.841167449951172,311462
2009-05-06,14.019449234008789,14.643436431884766,13.905997276306152,14.14910888671875,14.14910888671875,302453
2009-05-07,14.359806060791016,14.49756908416748,13.662884712219238,13.841167449951172,13.841167449951172,150425
2009-05-08,13.91409969329834,14.42463493347168,13.865477561950684,14.027552604675293,14.027552604675293,186828
2009-05-11,13.743922233581543,14.578605651855469,13.500809669494629,14.011344909667969,14.011344909667969,412526
2009-05-12,13.954619407653809,14.181524276733398,13.444084167480469,13.460291862487793,13.460291862487793,202129
2009-05-13,13.427877426147461,13.452187538146973,12.730956077575684,12.771474838256836,12.771474838256836,154744
2009-05-14,12.868720054626465,13.00648307800293,12.43111801147461,12.714749336242676,12.714749336242676,171649
2009-05-15,12.820096969604492,13.265802383422852,12.820096969604492,13.047001838684082,13.047001838684082,226933
2009-05-18,13.00648307800293,13.468395233154297,13.00648307800293,13.35494327545166,13.35494327545166,218048
2009-05-19,13.460291862487793,13.557536125183105,13.00648307800293,13.06320858001709,13.06320858001709,285054
2009-05-20,13.184764862060547,13.29011344909668,13.01458740234375,13.07941722869873,13.07941722869873,277280
2009-05-21,13.06320858001709,13.168558120727539,12.803890228271484,12.868720054626465,12.868720054626465,370694
2009-05-22,13.01458740234375,13.13614273071289,12.803890228271484,12.893031120300293,12.893031120300293,122660
2009-05-26,12.763371467590332,13.200971603393555,12.763371467590332,13.095623970031738,13.095623970031738,179917
2009-05-27,13.233386993408203,13.29011344909668,12.536466598510742,12.698540687561035,12.698540687561035,124264
2009-05-28,12.901135444641113,12.974067687988281,12.479741096496582,12.747163772583008,12.747163772583008,217307
2009-05-29,12.94165325164795,13.00648307800293,12.755267143249512,12.99837875366211,12.99837875366211,484592
2009-06-01,13.00648307800293,13.371150970458984,13.00648307800293,13.241491317749023,13.241491317749023,360081
2009-06-02,13.241491317749023,13.4764986038208,13.192869186401367,13.265802383422852,13.265802383422852,308994
2009-06-03,13.128039360046387,13.13614273071289,12.674229621887207,13.06320858001709,13.06320858001709,298628
2009-06-04,13.06320858001709,13.525121688842773,13.00648307800293,13.41977310180664,13.41977310180664,343669
2009-06-05,13.533225059509277,13.841167449951172,13.338735580444336,13.784440994262695,13.784440994262695,479532
2009-06-08,13.760129928588867,13.85737419128418,13.468395233154297,13.57374382019043,13.57374382019043,151782
2009-06-09,13.752025604248047,13.752025604248047,13.29011344909668,13.606159210205078,13.606159210205078,195095
2009-06-10,13.549432754516602,13.598054885864258,12.965964317321777,13.055105209350586,13.055105209350586,263582
2009-06-11,13.13614273071289,13.51701831817627,13.022689819335938,13.144246101379395,13.144246101379395,232362
2009-06-12,13.168558120727539,13.184764862060547,12.957860946655273,13.111830711364746,13.111830711364746,270740
2009-06-15,12.957860946655273,13.152350425720215,12.649918556213379,12.828201293945312,12.828201293945312,162024
2009-06-16,12.730956077575684,12.965964317321777,12.398702621459961,12.398702621459961,12.398702621459961,213605
2009-06-17,12.43922233581543,12.528363227844238,12.098864555358887,12.27714729309082,12.27714729309082,140306
2009-06-18,12.228525161743164,12.406806945800781,12.163695335388184,12.366288185119629,12.366288185119629,138702
2009-06-19,12.398702621459961,12.617504119873047,12.317666053771973,12.617504119873047,12.617504119873047,197810
2009-06-22,12.617504119873047,12.836304664611816,12.204214096069336,12.204214096069336,12.204214096069336,149808
2009-06-23,12.212318420410156,12.252836227416992,11.750405311584473,11.782819747924805,11.782819747924805,129076
2009-06-24,11.7747163772583,12.050243377685547,11.7747163772583,11.896271705627441,11.896271705627441,106001
2009-06-25,11.839546203613281,12.593193054199219,11.839546203613281,12.414911270141602,12.414911270141602,295173
2009-06-26,12.414911270141602,12.779579162597656,12.082657814025879,12.730956077575684,12.730956077575684,574674
2009-06-29,12.666126251220703,12.933548927307129,12.520258903503418,12.617504119873047,12.617504119873047,111924
2009-06-30,12.56077766418457,12.949756622314453,12.56077766418457,12.917342185974121,12.917342185974121,182262
2009-07-01,12.957860946655273,13.314425468444824,12.479741096496582,13.07941722869873,13.07941722869873,196700
2009-07-02,13.07941722869873,13.07941722869873,12.666126251220703,12.828201293945312,12.828201293945312,85146
2009-07-06,12.641815185546875,12.94165325164795,12.471636772155762,12.779579162597656,12.779579162597656,180658
2009-07-07,12.820096969604492,12.820096969604492,12.520258903503418,12.520258903503418,12.520258903503418,97239
2009-07-08,12.49594783782959,12.730956077575684,12.366288185119629,12.601297378540039,12.601297378540039,301466
2009-07-09,12.641815185546875,12.641815185546875,12.423014640808105,12.625608444213867,12.625608444213867,190776
2009-07-10,12.49594783782959,12.585088729858398,12.390600204467773,12.455429077148438,12.455429077148438,138331
2009-07-13,12.56077766418457,12.730956077575684,12.398702621459961,12.674229621887207,12.674229621887207,70585
2009-07-14,12.739060401916504,12.957860946655273,12.633711814880371,12.828201293945312,12.828201293945312,85269
2009-07-15,12.965964317321777,13.168558120727539,12.730956077575684,12.901135444641113,12.901135444641113,251366
2009-07-16,12.949756622314453,13.13614273071289,12.747163772583008,12.836304664611816,12.836304664611816,344286
2009-07-17,12.795785903930664,12.860615730285645,12.50405216217041,12.585088729858398,12.585088729858398,237298
2009-07-20,12.576985359191895,12.933548927307129,12.333873748779297,12.406806945800781,12.406806945800781,453372
2009-07-21,12.576985359191895,12.803890228271484,12.15559196472168,12.228525161743164,12.228525161743164,1426257
2009-07-22,12.236628532409668,12.27714729309082,11.620745658874512,11.961101531982422,11.961101531982422,972639
2009-07-23,12.050243377685547,12.3419771194458,12.042139053344727,12.082657814025879,12.082657814025879,313066
2009-07-24,12.074554443359375,12.15559196472168,12.05834674835205,12.15559196472168,12.15559196472168,449793
2009-07-27,12.228525161743164,12.285250663757324,12.115073204040527,12.139384269714355,12.139384269714355,448436
2009-07-28,12.14748764038086,12.236628532409668,12.050243377685547,12.074554443359375,12.074554443359375,499400
2009-07-29,12.098864555358887,12.098864555358887,11.98541259765625,12.034035682678223,12.034035682678223,330095
2009-07-30,12.042139053344727,12.220420837402344,11.99351692199707,12.017827987670898,12.017827987670898,614038
2009-07-31,12.017827987670898,12.14748764038086,11.944894790649414,11.944894790649414,11.944894790649414,465341
2009-08-03,11.98541259765625,12.098864555358887,11.847649574279785,12.034035682678223,12.034035682678223,1052108
2009-08-04,12.009723663330078,12.115073204040527,11.92058277130127,12.017827987670898,12.017827987670898,1086167
2009-08-05,12.009723663330078,12.05834674835205,11.912480354309082,11.98541259765625,11.98541259765625,943393
2009-08-06,11.952998161315918,12.042139053344727,11.750405311584473,11.880064964294434,11.880064964294434,402531
2009-08-07,11.977310180664062,12.066451072692871,11.912480354309082,11.99351692199707,11.99351692199707,1025331
2009-08-10,13.395462036132812,13.395462036132812,12.374391555786133,12.94165325164795,12.94165325164795,3329209
2009-08-11,13.371150970458984,15.44570541381836,13.346839904785156,15.397083282470703,15.397083282470703,2646930
2009-08-12,15.316044807434082,15.437601089477539,14.870340347290039,15.324149131774902,15.324149131774902,572946
2009-08-13,15.51053524017334,15.599676132202148,15.316044807434082,15.461912155151367,15.461912155151367,428075
2009-08-14,15.526741981506348,15.745542526245117,15.364667892456055,15.421394348144531,15.421394348144531,544934
2009-08-17,15.340356826782227,15.437601089477539,14.862236976623535,15.137763023376465,15.137763023376465,451274
2009-08-18,15.186386108398438,15.429497718811035,14.983793258666992,15.40518569946289,15.40518569946289,592567
2009-08-19,15.324149131774902,15.664505958557129,15.299838066101074,15.526741981506348,15.526741981506348,662781
2009-08-20,15.526741981506348,15.980550765991211,15.44570541381836,15.964344024658203,15.964344024658203,430419
2009-08-21,15.948136329650879,16.16693687438965,15.769853591918945,15.867098808288574,15.867098808288574,277280
2009-08-24,15.721232414245605,15.964344024658203,15.607780456542969,15.761750221252441,15.761750221252441,210027
2009-08-25,15.721232414245605,16.045381546020508,15.664505958557129,16.02107048034668,16.02107048034668,333797
2009-08-26,16.037277221679688,16.094003677368164,15.802268981933594,15.867098808288574,15.867098808288574,271110
2009-08-27,15.867098808288574,15.875203132629395,15.364667892456055,15.705023765563965,15.705023765563965,199291
2009-08-28,15.648298263549805,15.980550765991211,15.388978958129883,15.615882873535156,15.615882873535156,199168
2009-08-31,15.340356826782227,15.356563568115234,14.700161933898926,15.032415390014648,15.032415390014648,677960
2009-09-01,14.99189567565918,15.194488525390625,14.55429458618164,14.627228736877441,14.627228736877441,618728
2009-09-02,14.55429458618164,14.789302825927734,14.448946952819824,14.708266258239746,14.708266258239746,500387
2009-09-03,14.740680694580078,14.829821586608887,14.49756908416748,14.586709976196289,14.586709976196289,347988
2009-09-04,14.586709976196289,14.627228736877441,14.521880149841309,14.586709976196289,14.586709976196289,651552
2009-09-08,14.748784065246582,14.829821586608887,14.529984474182129,14.570502281188965,14.570502281188965,759280
2009-09-09,14.578605651855469,14.667746543884277,14.538087844848633,14.586709976196289,14.586709976196289,594171
2009-09-10,14.586709976196289,14.862236976623535,14.457050323486328,14.667746543884277,14.667746543884277,746200
2009-09-11,14.627228736877441,14.93517017364502,14.513775825500488,14.740680694580078,14.740680694580078,594048
2009-09-14,14.602916717529297,15.291733741760254,14.5056734085083,15.137763023376465,15.137763023376465,509025
2009-09-15,15.056726455688477,15.34846019744873,14.627228736877441,15.340356826782227,15.340356826782227,229894
2009-09-16,15.28363037109375,15.583468437194824,15.178281784057617,15.583468437194824,15.583468437194824,319112
2009-09-17,15.640193939208984,15.656401634216309,15.324149131774902,15.542949676513672,15.542949676513672,181768
2009-09-18,15.559157371520996,15.559157371520996,15.202592849731445,15.235008239746094,15.235008239746094,402407
2009-09-21,15.202592849731445,15.202592849731445,14.918963432312012,15.097245216369629,15.097245216369629,168564
2009-09-22,15.16207504272461,15.721232414245605,14.99189567565918,15.526741981506348,15.526741981506348,260497
2009-09-23,15.607780456542969,15.607780456542969,15.145867347717285,15.145867347717285,15.145867347717285,116860
2009-09-24,15.097245216369629,15.307942390441895,14.748784065246582,14.967584609985352,14.967584609985352,214469
2009-09-25,14.878443717956543,14.99189567565918,14.635332107543945,14.886548042297363,14.886548042297363,153633
2009-09-28,14.878443717956543,15.291733741760254,14.659643173217773,15.235008239746094,15.235008239746094,284560
2009-09-29,15.251215934753418,15.437601089477539,15.145867347717285,15.170178413391113,15.170178413391113,209286
2009-09-30,15.267422676086426,15.364667892456055,14.870340347290039,14.959481239318848,14.959481239318848,318002
2009-10-01,14.886548042297363,15.356563568115234,14.546191215515137,14.59481430053711,14.59481430053711,345890
2009-10-02,14.586709976196289,14.611021041870117,14.457050323486328,14.465153694152832,14.465153694152832,290730
2009-10-05,14.48946475982666,15.0,14.481361389160156,15.0,15.0,385748
2009-10-06,14.975688934326172,15.356563568115234,14.878443717956543,15.34846019744873,15.34846019744873,320963
2009-10-07,15.194488525390625,15.713128089904785,15.081036567687988,15.705023765563965,15.705023765563965,264323
2009-10-08,15.705023765563965,16.110210418701172,15.542949676513672,15.810373306274414,15.810373306274414,214099
2009-10-09,15.721232414245605,15.769853591918945,15.583468437194824,15.696921348571777,15.696921348571777,87737
2009-10-12,15.672609329223633,15.891409873962402,15.599676132202148,15.648298263549805,15.648298263549805,100448
2009-10-13,15.745542526245117,16.061588287353516,15.486224174499512,15.826580047607422,15.826580047607422,201882
2009-10-14,15.996759414672852,16.183143615722656,15.948136329650879,16.053485870361328,16.053485870361328,289867
2009-10-15,16.02107048034668,16.474878311157227,15.948136329650879,16.45867156982422,16.45867156982422,225945
2009-10-16,16.30470085144043,16.604537963867188,16.061588287353516,16.499189376831055,16.499189376831055,238902
2009-10-19,16.57212257385254,17.11507225036621,16.531604766845703,16.969205856323242,16.969205856323242,297641
2009-10-20,16.936790466308594,16.936790466308594,16.247974395751953,16.329011917114258,16.329011917114258,285177
2009-10-21,16.401945114135742,16.920583724975586,16.094003677368164,16.16693687438965,16.16693687438965,224711
2009-10-22,16.239870071411133,16.98541259765625,15.972447395324707,16.961101531982422,16.961101531982422,274688
2009-10-23,17.0178279876709,17.30956268310547,16.515396118164062,16.54781150817871,16.54781150817871,127719
2009-10-26,16.523500442504883,16.70988655090332,15.672609329223633,15.688817024230957,15.688817024230957,252353
2009-10-27,15.794164657592773,15.956239700317383,15.534846305847168,15.583468437194824,15.583468437194824,201389
2009-10-28,15.607780456542969,15.615882873535156,14.611021041870117,14.65153980255127,14.65153980255127,282216
2009-10-29,14.659643173217773,15.170178413391113,14.586709976196289,14.740680694580078,14.740680694580078,265187
2009-10-30,14.71636962890625,14.902754783630371,14.65153980255127,14.71636962890625,14.71636962890625,299245
2009-11-02,14.59481430053711,15.00810432434082,14.586709976196289,14.951377868652344,14.951377868652344,223477
2009-11-03,14.789302825927734,15.145867347717285,14.586709976196289,15.145867347717285,15.145867347717285,170539
2009-11-04,15.186386108398438,15.186386108398438,14.943273544311523,15.081036567687988,15.081036567687988,158939
2009-11-05,15.186386108398438,15.470015525817871,15.137763023376465,15.470015525817871,15.470015525817871,113651
2009-11-06,15.453808784484863,16.17504119873047,15.340356826782227,16.110210418701172,16.110210418701172,246800
2009-11-09,17.204214096069336,17.820096969604492,15.899514198303223,16.207454681396484,16.207454681396484,627983
2009-11-10,16.045381546020508,16.158832550048828,15.081036567687988,15.85899543762207,15.85899543762207,433134
2009-11-11,15.891409873962402,16.677471160888672,15.705023765563965,16.45867156982422,16.45867156982422,240630
2009-11-12,16.596433639526367,16.9529972076416,16.312803268432617,16.3857364654541,16.3857364654541,141046
2009-11-13,16.345218658447266,16.74230194091797,16.2803897857666,16.604537963867188,16.604537963867188,169552
2009-11-16,16.604537963867188,16.88006591796875,16.42625617980957,16.653160095214844,16.653160095214844,143144
2009-11-17,16.604537963867188,16.693679809570312,16.337114334106445,16.3857364654541,16.3857364654541,205831
2009-11-18,16.42625617980957,16.604537963867188,16.199352264404297,16.515396118164062,16.515396118164062,157335
2009-11-19,16.320907592773438,16.44246482849121,15.907617568969727,16.410049438476562,16.410049438476562,320593
2009-11-20,16.329011917114258,16.515396118164062,16.16693687438965,16.329011917114258,16.329011917114258,550487
2009-11-23,16.401945114135742,16.612642288208008,16.320907592773438,16.53970718383789,16.53970718383789,194725
2009-11-24,16.57212257385254,16.57212257385254,16.223663330078125,16.3857364654541,16.3857364654541,146723
2009-11-25,16.337114334106445,16.393840789794922,16.207454681396484,16.239870071411133,16.239870071411133,106247
2009-11-27,15.964344024658203,16.134521484375,15.559157371520996,15.85089111328125,15.85089111328125,54419
2009-11-30,15.980550765991211,16.037277221679688,15.50243091583252,15.745542526245117,15.745542526245117,301590
2009-12-01,15.745542526245117,16.053485870361328,15.615882873535156,15.696921348571777,15.696921348571777,175475
2009-12-02,15.713128089904785,16.037277221679688,15.453808784484863,15.948136329650879,15.948136329650879,330465
2009-12-03,15.883305549621582,16.199352264404297,15.761750221252441,15.794164657592773,15.794164657592773,199908
2009-12-04,15.948136329650879,16.17504119873047,15.5672607421875,15.85899543762207,15.85899543762207,132038
2009-12-07,15.85899543762207,16.085899353027344,15.696921348571777,15.980550765991211,15.980550765991211,191764
2009-12-08,15.834684371948242,16.029172897338867,15.737439155578613,16.01296615600586,16.01296615600586,145118
2009-12-09,16.00486183166504,16.134521484375,15.85089111328125,16.00486183166504,16.00486183166504,216320
2009-12-10,16.00486183166504,16.045381546020508,15.907617568969727,16.00486183166504,16.00486183166504,130187
2009-12-11,16.01296615600586,16.01296615600586,15.737439155578613,15.810373306274414,15.810373306274414,69474
2009-12-14,15.794164657592773,15.875203132629395,15.63209056854248,15.834684371948242,15.834684371948242,118217
2009-12-15,15.705023765563965,15.794164657592773,15.056726455688477,15.518638610839844,15.518638610839844,273701
2009-12-16,15.57536506652832,15.842787742614746,15.551053047180176,15.591571807861328,15.591571807861328,136357
2009-12-17,15.470015525817871,15.518638610839844,15.251215934753418,15.50243091583252,15.50243091583252,113528
2009-12-18,15.664505958557129,15.688817024230957,15.478119850158691,15.688817024230957,15.688817024230957,196700
2009-12-21,15.16207504272461,15.696921348571777,15.16207504272461,15.680712699890137,15.680712699890137,91439
2009-12-22,15.680712699890137,15.91572093963623,15.615882873535156,15.907617568969727,15.907617568969727,96869
2009-12-23,15.956239700317383,16.00486183166504,15.745542526245117,15.92382526397705,15.92382526397705,152276
2009-12-24,15.867098808288574,16.045381546020508,15.737439155578613,15.964344024658203,15.964344024658203,30603
2009-12-28,15.891409873962402,16.029172897338867,15.834684371948242,15.980550765991211,15.980550765991211,79840
2009-12-29,15.964344024658203,16.02107048034668,15.875203132629395,15.964344024658203,15.964344024658203,123400
2009-12-30,15.948136329650879,16.02107048034668,15.899514198303223,15.996759414672852,15.996759414672852,167577
2009-12-31,16.00486183166504,16.44246482849121,15.883305549621582,16.320907592773438,16.320907592773438,229401
2010-01-04,16.29659652709961,16.620746612548828,16.191247940063477,16.604537963867188,16.604537963867188,264816
2010-01-05,16.507293701171875,16.661264419555664,16.183143615722656,16.247974395751953,16.247974395751953,157088
2010-01-06,16.134521484375,16.320907592773438,16.134521484375,16.223663330078125,16.223663330078125,128336
2010-01-07,16.134521484375,16.191247940063477,15.91572093963623,16.16693687438965,16.16693687438965,148944
2010-01-08,16.00486183166504,16.17504119873047,16.00486183166504,16.17504119873047,16.17504119873047,54173
2010-01-11,16.29659652709961,16.29659652709961,15.956239700317383,15.956239700317383,15.956239700317383,201265
2010-01-12,15.842787742614746,16.110210418701172,15.802268981933594,15.899514198303223,15.899514198303223,154867
2010-01-13,16.02107048034668,16.053485870361328,15.818475723266602,15.891409873962402,15.891409873962402,100571
2010-01-14,15.964344024658203,15.996759414672852,15.656401634216309,15.92382526397705,15.92382526397705,174981
2010-01-15,15.891409873962402,15.891409873962402,15.672609329223633,15.721232414245605,15.721232414245605,107481
2010-01-19,15.688817024230957,15.964344024658203,15.51053524017334,15.931928634643555,15.931928634643555,126485
2010-01-20,15.680712699890137,16.02107048034668,15.51053524017334,15.680712699890137,15.680712699890137,143884
2010-01-21,15.664505958557129,15.729334831237793,15.542949676513672,15.656401634216309,15.656401634216309,335154
2010-01-22,15.672609329223633,15.810373306274414,15.380874633789062,15.437601089477539,15.437601089477539,78853
2010-01-25,15.461912155151367,15.461912155151367,15.324149131774902,15.34846019744873,15.34846019744873,148574
2010-01-26,15.34846019744873,15.40518569946289,15.121556282043457,15.275527000427246,15.275527000427246,178436
2010-01-27,15.316044807434082,15.413290023803711,15.16207504272461,15.299838066101074,15.299838066101074,105260
2010-01-28,15.259319305419922,15.786062240600586,15.226903915405273,15.688817024230957,15.688817024230957,195342
2010-01-29,15.769853591918945,15.875203132629395,15.559157371520996,15.559157371520996,15.559157371520996,241864
2010-02-01,15.5672607421875,15.705023765563965,15.397083282470703,15.51053524017334,15.51053524017334,138208
2010-02-02,15.5672607421875,15.899514198303223,14.99189567565918,15.63209056854248,15.63209056854248,199414
2010-02-03,15.478119850158691,15.656401634216309,15.356563568115234,15.4943265914917,15.4943265914917,111430
2010-02-04,15.461912155151367,15.461912155151367,15.16207504272461,15.324149131774902,15.324149131774902,190159
2010-02-05,15.307942390441895,15.340356826782227,14.93517017364502,15.235008239746094,15.235008239746094,122043
2010-02-08,15.267422676086426,15.267422676086426,15.089140892028809,15.137763023376465,15.137763023376465,121919
2010-02-09,15.16207504272461,15.486224174499512,15.097245216369629,15.153970718383789,15.153970718383789,49977
2010-02-10,15.186386108398438,15.28363037109375,15.097245216369629,15.28363037109375,15.28363037109375,64045
2010-02-11,15.186386108398438,15.397083282470703,15.105347633361816,15.34846019744873,15.34846019744873,49360
2010-02-12,15.202592849731445,15.534846305847168,15.129659652709961,15.526741981506348,15.526741981506348,135370
2010-02-16,15.57536506652832,15.664505958557129,15.534846305847168,15.607780456542969,15.607780456542969,40105
2010-02-17,15.705023765563965,15.737439155578613,15.51053524017334,15.648298263549805,15.648298263549805,164862
2010-02-18,15.640193939208984,15.753646850585938,15.437601089477539,15.5672607421875,15.5672607421875,145489
2010-02-19,15.591571807861328,15.883305549621582,15.437601089477539,15.786062240600586,15.786062240600586,171896
2010-02-22,15.745542526245117,15.931928634643555,15.583468437194824,15.883305549621582,15.883305549621582,230635
2010-02-23,15.842787742614746,16.14262580871582,15.826580047607422,15.92382526397705,15.92382526397705,213482
2010-02-24,15.980550765991211,16.077796936035156,15.786062240600586,16.00486183166504,16.00486183166504,53309
2010-02-25,15.899514198303223,16.17504119873047,15.737439155578613,16.150728225708008,16.150728225708008,166590
2010-02-26,16.061588287353516,16.320907592773438,15.769853591918945,16.320907592773438,16.320907592773438,445721
2010-03-01,15.413290023803711,16.55591583251953,15.40518569946289,15.899514198303223,15.899514198303223,365511
2010-03-02,15.867098808288574,15.91572093963623,15.4943265914917,15.91572093963623,15.91572093963623,655748
2010-03-03,15.964344024658203,16.191247940063477,15.786062240600586,16.045381546020508,16.045381546020508,266544
2010-03-04,16.00486183166504,16.199352264404297,15.705023765563965,16.077796936035156,16.077796936035156,527041
2010-03-05,16.231767654418945,16.693679809570312,16.191247940063477,16.620746612548828,16.620746612548828,439921
2010-03-08,16.653160095214844,16.782819747924805,16.491085052490234,16.669368743896484,16.669368743896484,288016
2010-03-09,16.645057678222656,17.02593231201172,16.628849029541016,16.73419761657715,16.73419761657715,259140
2010-03-10,16.823339462280273,16.969205856323242,16.73419761657715,16.782819747924805,16.782819747924805,141787
2010-03-11,16.823339462280273,16.912479400634766,16.620746612548828,16.750404357910156,16.750404357910156,253093
2010-03-12,16.71799087524414,16.71799087524414,16.134521484375,16.28849220275879,16.28849220275879,387229
2010-03-15,16.215559005737305,16.2803897857666,16.118314743041992,16.223663330078125,16.223663330078125,150178
2010-03-16,16.256078720092773,16.43436050415039,16.215559005737305,16.393840789794922,16.393840789794922,266667
2010-03-17,16.353322982788086,16.491085052490234,16.199352264404297,16.247974395751953,16.247974395751953,162641
2010-03-18,16.158832550048828,16.247974395751953,16.069692611694336,16.183143615722656,16.183143615722656,176339
2010-03-19,16.28849220275879,16.28849220275879,15.907617568969727,16.28849220275879,16.28849220275879,402037
2010-03-22,16.199352264404297,16.3857364654541,15.956239700317383,16.037277221679688,16.037277221679688,155854
2010-03-23,16.02107048034668,16.191247940063477,15.802268981933594,16.00486183166504,16.00486183166504,210644
2010-03-24,15.988655090332031,16.00486183166504,15.85899543762207,15.948136329650879,15.948136329650879,125128
2010-03-25,16.037277221679688,16.320907592773438,15.875203132629395,15.940032005310059,15.940032005310059,223601
2010-03-26,16.045381546020508,16.191247940063477,15.940032005310059,16.045381546020508,16.045381546020508,121426
2010-03-29,15.988655090332031,16.085899353027344,15.964344024658203,16.01296615600586,16.01296615600586,99831
2010-03-30,16.094003677368164,16.45867156982422,16.094003677368164,16.215559005737305,16.215559005737305,120932
2010-03-31,16.14262580871582,16.653160095214844,16.029172897338867,16.43436050415039,16.43436050415039,210274
2010-04-01,16.56401824951172,16.596433639526367,16.00486183166504,16.320907592773438,16.320907592773438,244332
2010-04-05,16.312803268432617,16.750404357910156,16.312803268432617,16.53970718383789,16.53970718383789,124881
2010-04-06,16.531604766845703,16.912479400634766,16.4505672454834,16.766613006591797,16.766613006591797,239519
2010-04-07,16.661264419555664,16.83144187927246,16.353322982788086,16.73419761657715,16.73419761657715,239149
2010-04-08,16.620746612548828,16.855754852294922,16.30470085144043,16.766613006591797,16.766613006591797,155114
2010-04-09,16.134521484375,16.474878311157227,15.956239700317383,16.110210418701172,16.110210418701172,423139
2010-04-12,16.029172897338867,16.110210418701172,15.883305549621582,15.996759414672852,15.996759414672852,183866
2010-04-13,15.91572093963623,16.191247940063477,15.753646850585938,15.907617568969727,15.907617568969727,136974
2010-04-14,15.972447395324707,16.02107048034668,15.721232414245605,15.875203132629395,15.875203132629395,107728
2010-04-15,15.875203132629395,16.061588287353516,15.794164657592773,16.01296615600586,16.01296615600586,98597
2010-04-16,15.996759414672852,16.199352264404297,15.737439155578613,15.980550765991211,15.980550765991211,142404
2010-04-19,15.907617568969727,15.972447395324707,15.5672607421875,15.769853591918945,15.769853591918945,64415
2010-04-20,15.761750221252441,15.972447395324707,15.648298263549805,15.956239700317383,15.956239700317383,121549
2010-04-21,15.931928634643555,15.988655090332031,15.696921348571777,15.721232414245605,15.721232414245605,83665
2010-04-22,15.656401634216309,15.92382526397705,15.542949676513672,15.891409873962402,15.891409873962402,73176
2010-04-23,15.907617568969727,15.988655090332031,15.745542526245117,15.980550765991211,15.980550765991211,104767
2010-04-26,15.867098808288574,15.964344024658203,15.713128089904785,15.875203132629395,15.875203132629395,65155
2010-04-27,15.769853591918945,15.91572093963623,15.413290023803711,15.518638610839844,15.518638610839844,95018
2010-04-28,15.591571807861328,15.656401634216309,15.364667892456055,15.559157371520996,15.559157371520996,82431
2010-04-29,15.63209056854248,15.737439155578613,15.388978958129883,15.680712699890137,15.680712699890137,129940
2010-04-30,15.640193939208984,15.786062240600586,15.5672607421875,15.5672607421875,15.5672607421875,109949
2010-05-03,15.623987197875977,15.680712699890137,15.421394348144531,15.591571807861328,15.591571807861328,92427
2010-05-04,15.542949676513672,15.615882873535156,15.194488525390625,15.202592849731445,15.202592849731445,105630
2010-05-05,15.040518760681152,15.145867347717285,14.886548042297363,15.0729341506958,15.0729341506958,82555
2010-05-06,14.951377868652344,15.048622131347656,14.351701736450195,14.894652366638184,14.894652366638184,256549
2010-05-07,14.910859107971191,15.0,14.222042083740234,14.627228736877441,14.627228736877441,204227
2010-05-10,15.332253456115723,15.810373306274414,15.06482982635498,15.810373306274414,15.810373306274414,379578
2010-05-11,15.57536506652832,16.855754852294922,15.5672607421875,16.661264419555664,16.661264419555664,448682
2010-05-12,16.774715423583984,17.009723663330078,16.54781150817871,16.612642288208008,16.612642288208008,344780
2010-05-13,16.43436050415039,16.726093292236328,16.43436050415039,16.58833122253418,16.58833122253418,170169
2010-05-14,16.491085052490234,16.782819747924805,16.191247940063477,16.57212257385254,16.57212257385254,571465
2010-05-17,16.7017822265625,16.799028396606445,16.337114334106445,16.653160095214844,16.653160095214844,396854
2010-05-18,16.815235137939453,17.066450119018555,16.58833122253418,16.726093292236328,16.726093292236328,275676
2010-05-19,16.807130813598633,16.807130813598633,16.393840789794922,16.41815185546875,16.41815185546875,137344
2010-05-20,16.215559005737305,16.337114334106445,15.842787742614746,15.996759414672852,15.996759414672852,201389
2010-05-21,15.810373306274414,15.931928634643555,15.275527000427246,15.672609329223633,15.672609329223633,405122
2010-05-24,15.607780456542969,15.85899543762207,15.478119850158691,15.753646850585938,15.753646850585938,143391
2010-05-25,15.615882873535156,15.769853591918945,15.364667892456055,15.640193939208984,15.640193939208984,194972
2010-05-26,15.786062240600586,16.41815185546875,15.769853591918945,16.393840789794922,16.393840789794922,377110
2010-05-27,16.596433639526367,17.15559196472168,16.507293701171875,17.14748764038086,17.14748764038086,177326
2010-05-28,17.13938331604004,17.14748764038086,16.693679809570312,17.042139053344727,17.042139053344727,158199
2010-06-01,16.904375076293945,17.260940551757812,16.57212257385254,16.661264419555664,16.661264419555664,143144
2010-06-02,16.677471160888672,16.969205856323242,16.653160095214844,16.815235137939453,16.815235137939453,273084
2010-06-03,16.912479400634766,17.471637725830078,16.88006591796875,17.44732666015625,17.44732666015625,355762
2010-06-04,17.058347702026367,17.325769424438477,16.612642288208008,16.661264419555664,16.661264419555664,167824
2010-06-07,16.790924072265625,16.904375076293945,16.353322982788086,16.42625617980957,16.42625617980957,167947
2010-06-08,16.55591583251953,17.188005447387695,16.231767654418945,16.612642288208008,16.612642288208008,308500
2010-06-09,16.612642288208008,16.799028396606445,16.215559005737305,16.247974395751953,16.247974395751953,203857
2010-06-10,16.815235137939453,17.082658767700195,16.661264419555664,16.896272659301758,16.896272659301758,272344
2010-06-11,16.685575485229492,16.88006591796875,16.685575485229492,16.799028396606445,16.799028396606445,172020
2010-06-14,16.944894790649414,17.212318420410156,16.799028396606445,17.090761184692383,17.090761184692383,279254
2010-06-15,17.244733810424805,17.341976165771484,17.042139053344727,17.29335594177246,17.29335594177246,141170
2010-06-16,17.15559196472168,17.43922233581543,17.02593231201172,17.30145835876465,17.30145835876465,210027
2010-06-17,17.43922233581543,17.463533401489258,17.212318420410156,17.333873748779297,17.333873748779297,72929
2010-06-18,17.366287231445312,17.366287231445312,16.799028396606445,16.87196159362793,16.87196159362793,533335
2010-06-21,16.896272659301758,17.236629486083984,16.782819747924805,16.944894790649414,16.944894790649414,171156
2010-06-22,17.074554443359375,17.30956268310547,16.491085052490234,16.54781150817871,16.54781150817871,145242
2010-06-23,16.55591583251953,16.88006591796875,16.223663330078125,16.320907592773438,16.320907592773438,119451
2010-06-24,16.369529724121094,16.604537963867188,15.810373306274414,15.818475723266602,15.818475723266602,218048
2010-06-25,15.818475723266602,16.150728225708008,15.640193939208984,16.037277221679688,16.037277221679688,342435
2010-06-28,15.996759414672852,16.401945114135742,15.777957916259766,15.875203132629395,15.875203132629395,153880
2010-06-29,15.63209056854248,15.753646850585938,15.316044807434082,15.40518569946289,15.40518569946289,173624
2010-06-30,15.372771263122559,16.029172897338867,15.372771263122559,15.461912155151367,15.461912155151367,244209
2010-07-01,15.437601089477539,15.551053047180176,15.21880054473877,15.44570541381836,15.44570541381836,245196
2010-07-02,15.534846305847168,15.688817024230957,15.307942390441895,15.429497718811035,15.429497718811035,88971
2010-07-06,15.656401634216309,15.737439155578613,15.291733741760254,15.364667892456055,15.364667892456055,159063
2010-07-07,15.388978958129883,15.688817024230957,15.299838066101074,15.688817024230957,15.688817024230957,95388
2010-07-08,15.826580047607422,15.948136329650879,15.5672607421875,15.940032005310059,15.940032005310059,124757
2010-07-09,15.826580047607422,15.996759414672852,15.705023765563965,15.875203132629395,15.875203132629395,92427
2010-07-12,15.761750221252441,16.12641716003418,15.640193939208984,15.696921348571777,15.696921348571777,147710
2010-07-13,15.826580047607422,16.393840789794922,15.777957916259766,16.2803897857666,16.2803897857666,224465
2010-07-14,16.158832550048828,16.58022689819336,16.134521484375,16.474878311157227,16.474878311157227,173377
2010-07-15,16.393840789794922,16.393840789794922,16.077796936035156,16.223663330078125,16.223663330078125,122536
2010-07-16,16.16693687438965,16.16693687438965,15.656401634216309,15.705023765563965,15.705023765563965,99090
2010-07-19,15.777957916259766,15.802268981933594,15.518638610839844,15.63209056854248,15.63209056854248,51828
2010-07-20,15.486224174499512,15.842787742614746,15.478119850158691,15.818475723266602,15.818475723266602,119698
2010-07-21,15.907617568969727,15.907617568969727,15.40518569946289,15.437601089477539,15.437601089477539,97116
2010-07-22,15.623987197875977,15.85089111328125,15.413290023803711,15.680712699890137,15.680712699890137,137591
2010-07-23,15.623987197875977,15.899514198303223,15.534846305847168,15.802268981933594,15.802268981933594,77372
2010-07-26,15.794164657592773,16.037277221679688,15.518638610839844,16.029172897338867,16.029172897338867,75644
2010-07-27,16.207454681396484,16.239870071411133,15.891409873962402,16.02107048034668,16.02107048034668,65649
2010-07-28,15.980550765991211,15.980550765991211,15.413290023803711,15.461912155151367,15.461912155151367,174364
2010-07-29,15.5672607421875,15.777957916259766,15.356563568115234,15.615882873535156,15.615882873535156,59232
2010-07-30,15.316044807434082,15.664505958557129,15.0,15.478119850158691,15.478119850158691,151412
2010-08-02,15.615882873535156,16.045381546020508,15.615882873535156,15.980550765991211,15.980550765991211,139812
2010-08-03,15.842787742614746,16.369529724121094,15.769853591918945,16.16693687438965,16.16693687438965,82308
2010-08-04,16.28849220275879,16.393840789794922,16.150728225708008,16.361425399780273,16.361425399780273,53185
2010-08-05,16.26418113708496,16.3857364654541,16.12641716003418,16.337114334106445,16.337114334106445,85146
2010-08-06,16.094003677368164,16.491085052490234,15.940032005310059,16.46677589416504,16.46677589416504,204474
2010-08-09,15.972447395324707,16.191247940063477,15.397083282470703,15.92382526397705,15.92382526397705,322938
2010-08-10,15.769853591918945,16.16693687438965,15.4943265914917,15.623987197875977,15.623987197875977,232239
2010-08-11,15.40518569946289,15.526741981506348,14.99189567565918,15.121556282043457,15.121556282043457,270493
2010-08-12,14.975688934326172,15.056726455688477,14.71636962890625,14.943273544311523,14.943273544311523,407960
2010-08-13,15.0,15.145867347717285,14.756888389587402,15.0,15.0,254821
2010-08-16,14.878443717956543,15.16207504272461,14.829821586608887,15.153970718383789,15.153970718383789,163011
2010-08-17,15.243111610412598,15.518638610839844,15.194488525390625,15.34846019744873,15.34846019744873,390931
2010-08-18,15.34846019744873,15.705023765563965,15.275527000427246,15.607780456542969,15.607780456542969,411909
2010-08-19,15.51053524017334,15.664505958557129,15.486224174499512,15.599676132202148,15.599676132202148,513961
2010-08-20,15.518638610839844,15.607780456542969,15.397083282470703,15.542949676513672,15.542949676513672,99460
2010-08-23,15.542949676513672,15.745542526245117,15.437601089477539,15.461912155151367,15.461912155151367,59479
2010-08-24,15.275527000427246,15.50243091583252,15.178281784057617,15.364667892456055,15.364667892456055,72312
2010-08-25,15.267422676086426,15.534846305847168,15.267422676086426,15.470015525817871,15.470015525817871,79716
2010-08-26,15.50243091583252,15.777957916259766,15.50243091583252,15.542949676513672,15.542949676513672,140059
2010-08-27,15.664505958557129,15.664505958557129,15.380874633789062,15.51053524017334,15.51053524017334,208052
2010-08-30,15.429497718811035,15.648298263549805,15.267422676086426,15.267422676086426,15.267422676086426,102916
2010-08-31,15.194488525390625,15.388978958129883,15.0729341506958,15.121556282043457,15.121556282043457,146106
2010-09-01,15.259319305419922,15.769853591918945,15.226903915405273,15.761750221252441,15.761750221252441,163999
2010-09-02,15.729334831237793,15.891409873962402,15.5672607421875,15.85899543762207,15.85899543762207,93661
2010-09-03,15.972447395324707,15.980550765991211,15.786062240600586,15.972447395324707,15.972447395324707,139442
2010-09-07,15.85089111328125,15.891409873962402,15.583468437194824,15.688817024230957,15.688817024230957,101188
2010-09-08,15.680712699890137,15.713128089904785,15.51053524017334,15.583468437194824,15.583468437194824,101188
2010-09-09,15.761750221252441,15.818475723266602,15.470015525817871,15.696921348571777,15.696921348571777,91193
2010-09-10,15.672609329223633,15.721232414245605,15.5672607421875,15.623987197875977,15.623987197875977,73176
2010-09-13,15.802268981933594,16.053485870361328,15.648298263549805,16.02107048034668,16.02107048034668,145489
2010-09-14,15.964344024658203,16.12641716003418,15.769853591918945,16.045381546020508,16.045381546020508,130310
2010-09-15,15.964344024658203,15.972447395324707,15.640193939208984,15.737439155578613,15.737439155578613,147216
2010-09-16,15.656401634216309,15.664505958557129,15.461912155151367,15.591571807861328,15.591571807861328,126608
2010-09-17,15.5672607421875,15.640193939208984,15.50243091583252,15.542949676513672,15.542949676513672,120562
2010-09-20,15.559157371520996,15.705023765563965,15.478119850158691,15.583468437194824,15.583468437194824,127102
2010-09-21,15.486224174499512,15.656401634216309,15.356563568115234,15.559157371520996,15.559157371520996,228043
2010-09-22,15.50243091583252,15.599676132202148,15.235008239746094,15.275527000427246,15.275527000427246,163752
2010-09-23,15.178281784057617,15.34846019744873,14.667746543884277,15.032415390014648,15.032415390014648,328861
2010-09-24,14.764991760253906,15.583468437194824,14.764991760253906,15.5672607421875,15.5672607421875,85393
2010-09-27,15.526741981506348,15.640193939208984,15.332253456115723,15.397083282470703,15.397083282470703,517540
2010-09-28,15.461912155151367,15.4943265914917,15.275527000427246,15.486224174499512,15.486224174499512,115379
2010-09-29,15.40518569946289,15.486224174499512,15.291733741760254,15.380874633789062,15.380874633789062,220639
2010-09-30,15.526741981506348,15.526741981506348,15.243111610412598,15.461912155151367,15.461912155151367,189542
2010-10-01,15.486224174499512,15.518638610839844,15.299838066101074,15.40518569946289,15.40518569946289,185594
2010-10-04,15.380874633789062,15.50243091583252,15.267422676086426,15.380874633789062,15.380874633789062,111924
2010-10-05,15.542949676513672,15.883305549621582,15.50243091583252,15.810373306274414,15.810373306274414,171649
2010-10-06,15.713128089904785,15.810373306274414,15.5672607421875,15.640193939208984,15.640193939208984,81938
2010-10-07,15.648298263549805,15.648298263549805,15.437601089477539,15.518638610839844,15.518638610839844,142774
2010-10-08,15.51053524017334,15.802268981933594,15.153970718383789,15.745542526245117,15.745542526245117,76014
2010-10-11,15.721232414245605,15.810373306274414,15.607780456542969,15.705023765563965,15.705023765563965,56270
2010-10-12,15.640193939208984,15.802268981933594,15.559157371520996,15.721232414245605,15.721232414245605,110566
2010-10-13,15.786062240600586,15.794164657592773,15.672609329223633,15.761750221252441,15.761750221252441,79593
2010-10-14,15.713128089904785,15.753646850585938,15.50243091583252,15.648298263549805,15.648298263549805,86997
2010-10-15,15.672609329223633,15.729334831237793,15.5672607421875,15.607780456542969,15.607780456542969,61330
2010-10-18,15.607780456542969,15.713128089904785,15.478119850158691,15.486224174499512,15.486224174499512,100818
2010-10-19,15.332253456115723,15.518638610839844,15.153970718383789,15.210697174072266,15.210697174072266,121796
2010-10-20,15.267422676086426,15.713128089904785,15.259319305419922,15.672609329223633,15.672609329223633,111924
2010-10-21,15.745542526245117,15.891409873962402,15.640193939208984,15.891409873962402,15.891409873962402,156101
2010-10-22,15.842787742614746,16.231767654418945,15.769853591918945,16.231767654418945,16.231767654418945,139565
2010-10-25,16.231767654418945,16.645057678222656,16.231767654418945,16.604537963867188,16.604537963867188,221503
2010-10-26,16.474878311157227,16.70988655090332,16.353322982788086,16.58022689819336,16.58022689819336,111307
2010-10-27,16.482982635498047,16.56401824951172,16.3857364654541,16.46677589416504,16.46677589416504,70215
2010-10-28,16.58022689819336,16.58022689819336,16.401945114135742,16.499189376831055,16.499189376831055,71819
2010-10-29,16.99351692199707,17.893030166625977,16.807130813598633,17.179903030395508,17.179903030395508,397225
2010-11-01,17.366287231445312,17.86871910095215,17.074554443359375,17.463533401489258,17.463533401489258,234090
2010-11-02,17.69043731689453,17.71474838256836,17.220420837402344,17.341976165771484,17.341976165771484,282709
2010-11-03,17.28525161743164,17.43111801147461,17.050243377685547,17.252836227416992,17.252836227416992,201142
2010-11-04,17.39870262145996,17.44732666015625,17.28525161743164,17.30145835876465,17.30145835876465,229524
2010-11-05,18.13614273071289,18.13614273071289,17.30956268310547,17.544570922851562,17.544570922851562,459788
2010-11-08,17.455429077148438,17.674230575561523,17.4149112701416,17.5850887298584,17.5850887298584,434245
2010-11-09,17.649919509887695,17.86061668395996,17.520259857177734,17.55267333984375,17.55267333984375,256672
2010-11-10,17.60129737854004,17.674230575561523,17.30145835876465,17.382495880126953,17.382495880126953,146723
2010-11-11,17.12317657470703,17.188005447387695,16.83954620361328,17.058347702026367,17.058347702026367,255191
2010-11-12,16.961101531982422,17.090761184692383,16.855754852294922,17.0178279876709,17.0178279876709,252970
2010-11-15,17.106969833374023,17.14748764038086,16.88006591796875,16.961101531982422,16.961101531982422,156348
2010-11-16,16.807130813598633,16.8476505279541,16.7017822265625,16.823339462280273,16.823339462280273,125991
2010-11-17,16.807130813598633,16.88006591796875,16.653160095214844,16.693679809570312,16.693679809570312,69721
2010-11-18,16.83954620361328,17.15559196472168,16.83954620361328,16.969205856323242,16.969205856323242,98967
2010-11-19,17.009723663330078,17.609399795532227,16.86385726928711,17.02593231201172,17.02593231201172,521982
2010-11-22,17.02593231201172,17.333873748779297,16.823339462280273,17.106969833374023,17.106969833374023,107481
2010-11-23,16.920583724975586,16.944894790649414,16.693679809570312,16.750404357910156,16.750404357910156,340584
2010-11-24,16.920583724975586,17.0178279876709,16.30470085144043,16.726093292236328,16.726093292236328,323555
2010-11-26,16.669368743896484,16.88006591796875,16.53970718383789,16.83954620361328,16.83954620361328,105754
2010-11-29,16.758508682250977,16.920583724975586,16.345218658447266,16.377634048461914,16.377634048461914,244209
2010-11-30,16.231767654418945,16.474878311157227,16.01296615600586,16.345218658447266,16.345218658447266,294062
2010-12-01,16.57212257385254,16.604537963867188,16.191247940063477,16.337114334106445,16.337114334106445,178807
2010-12-02,16.26418113708496,16.653160095214844,16.14262580871582,16.596433639526367,16.596433639526367,547156
2010-12-03,16.523500442504883,16.653160095214844,16.207454681396484,16.612642288208008,16.612642288208008,559989
2010-12-06,16.56401824951172,16.7017822265625,16.3857364654541,16.677471160888672,16.677471160888672,426100
2010-12-07,16.782819747924805,16.88006591796875,16.54781150817871,16.636953353881836,16.636953353881836,376987
2010-12-08,16.636953353881836,16.669368743896484,16.3857364654541,16.612642288208008,16.612642288208008,105384
2010-12-09,16.73419761657715,16.799028396606445,16.53970718383789,16.70988655090332,16.70988655090332,134136
2010-12-10,16.645057678222656,16.726093292236328,16.636953353881836,16.71799087524414,16.71799087524414,106741
2010-12-13,16.750404357910156,16.904375076293945,16.620746612548828,16.855754852294922,16.855754852294922,179424
2010-12-14,16.83144187927246,16.977310180664062,16.73419761657715,16.855754852294922,16.855754852294922,239273
2010-12-15,16.86385726928711,17.12317657470703,16.823339462280273,17.009723663330078,17.009723663330078,188679
2010-12-16,16.969205856323242,17.374391555786133,16.969205856323242,17.29335594177246,17.29335594177246,207806
2010-12-17,17.30956268310547,17.520259857177734,16.961101531982422,17.520259857177734,17.520259857177734,399199
2010-12-20,17.649919509887695,18.314424514770508,17.487844467163086,18.273906707763672,18.273906707763672,347001
2010-12-21,18.306320190429688,19.043760299682617,18.306320190429688,18.865478515625,18.865478515625,315410
2010-12-22,18.841167449951172,19.27876853942871,18.841167449951172,19.14910888671875,19.14910888671875,240013
2010-12-23,19.100486755371094,19.27066421508789,18.89789390563965,19.01944923400879,19.01944923400879,141170
2010-12-27,18.938411712646484,19.084278106689453,18.82495880126953,19.043760299682617,19.043760299682617,129200
2010-12-28,19.068071365356445,19.076175689697266,18.914100646972656,19.035655975341797,19.035655975341797,114639
2010-12-29,19.100486755371094,19.489465713500977,19.084278106689453,19.473257064819336,19.473257064819336,127966
2010-12-30,19.497568130493164,20.089141845703125,19.473257064819336,20.048622131347656,20.048622131347656,420671
2010-12-31,20.056726455688477,20.235008239746094,19.894651412963867,20.235008239746094,20.235008239746094,183496
2011-01-03,20.45380973815918,21.693679809570312,20.42139434814453,21.369529724121094,21.369529724121094,505570
2011-01-04,21.27228546142578,21.515396118164062,20.923824310302734,21.17504119873047,21.17504119873047,182509
2011-01-05,21.256078720092773,21.507293701171875,21.037277221679688,21.037277221679688,21.037277221679688,564678
2011-01-06,20.940031051635742,21.134521484375,20.70502471923828,20.72123146057129,20.72123146057129,378961
2011-01-07,20.672609329223633,20.8833065032959,20.502431869506836,20.640193939208984,20.640193939208984,284560
2011-01-10,20.591571807861328,21.118314743041992,20.591571807861328,21.077796936035156,21.077796936035156,442883
2011-01-11,21.27228546142578,21.693679809570312,21.27228546142578,21.636953353881836,21.636953353881836,397348
2011-01-12,21.790924072265625,21.83954620361328,21.45867156982422,21.55591583251953,21.55591583251953,180658
2011-01-13,21.45867156982422,21.636953353881836,21.43436050415039,21.596433639526367,21.596433639526367,131298
2011-01-14,21.507293701171875,21.799028396606445,21.482982635498047,21.74230194091797,21.74230194091797,137097
2011-01-18,21.661264419555664,21.904375076293945,21.377634048461914,21.888168334960938,21.888168334960938,435479
2011-01-19,21.969205856323242,22.171798706054688,21.750404357910156,21.936790466308594,21.936790466308594,438687
2011-01-20,21.766613006591797,22.009723663330078,21.482982635498047,21.774715423583984,21.774715423583984,302330
2011-01-21,21.774715423583984,22.0178279876709,21.531604766845703,21.799028396606445,21.799028396606445,218665
2011-01-24,21.766613006591797,22.11507225036621,21.726093292236328,22.11507225036621,22.11507225036621,172637
2011-01-25,22.066450119018555,22.13938331604004,21.88006591796875,21.904375076293945,21.904375076293945,290360
2011-01-26,22.03403663635254,22.43111801147461,21.815235137939453,22.244733810424805,22.244733810424805,219652
2011-01-27,22.27714729309082,22.40680694580078,22.106969833374023,22.30145835876465,22.30145835876465,105013
2011-01-28,22.40680694580078,22.44732666015625,21.774715423583984,21.790924072265625,21.790924072265625,356379
2011-01-31,21.888168334960938,22.106969833374023,21.726093292236328,22.082658767700195,22.082658767700195,253340
2011-02-01,22.28525161743164,22.649919509887695,21.99351692199707,22.487844467163086,22.487844467163086,282956
2011-02-02,22.71474838256836,23.606159210205078,22.536466598510742,23.476499557495117,23.476499557495117,452014
2011-02-03,23.46029281616211,23.6142635345459,22.893030166625977,23.598054885864258,23.598054885864258,176215
2011-02-04,23.679092407226562,23.849271774291992,23.508914947509766,23.670988082885742,23.670988082885742,160667
2011-02-07,23.85737419128418,23.99513816833496,23.56563949584961,23.670988082885742,23.670988082885742,103162
2011-02-08,23.662885665893555,23.962722778320312,23.6142635345459,23.938411712646484,23.938411712646484,101435
2011-02-09,23.930307388305664,24.1815242767334,23.638574600219727,23.889789581298828,23.889789581298828,109332
2011-02-10,24.02755355834961,24.31118392944336,23.905996322631836,24.10858917236328,24.10858917236328,208052
2011-02-11,23.970827102661133,24.335493087768555,23.905996322631836,24.213937759399414,24.213937759399414,304921
2011-02-14,24.165315628051758,25.14586639404297,23.233386993408203,24.99189567565918,24.99189567565918,1658619
2011-02-15,25.15397071838379,26.8476505279541,25.0,26.158832550048828,26.158832550048828,1109243
2011-02-16,26.30470085144043,26.669368743896484,24.789302825927734,25.745542526245117,25.745542526245117,960299
2011-02-17,25.68881607055664,26.758508682250977,25.235008239746094,26.661264419555664,26.661264419555664,715226
2011-02-18,26.661264419555664,27.228525161743164,26.596433639526367,27.066450119018555,27.066450119018555,426594
2011-02-22,26.74230194091797,26.961101531982422,25.97244644165039,26.061588287353516,26.061588287353516,326146
2011-02-23,26.00486183166504,26.4505672454834,25.29173469543457,25.502431869506836,25.502431869506836,462750
2011-02-24,25.218801498413086,27.84440803527832,25.0,27.70664405822754,27.70664405822754,832456
2011-02-25,27.795785903930664,29.246353149414062,27.196109771728516,29.14910888671875,29.14910888671875,1040632
2011-02-28,27.909238815307617,28.954618453979492,27.390600204467773,28.11993408203125,28.11993408203125,1558912
2011-03-01,28.00648307800293,28.606159210205078,27.901134490966797,28.209075927734375,28.209075927734375,348358
2011-03-02,28.1523494720459,29.157211303710938,27.917341232299805,28.58184814453125,28.58184814453125,399076
2011-03-03,28.816856384277344,29.773096084594727,28.816856384277344,29.42463493347168,29.42463493347168,364524
2011-03-04,29.39221954345703,29.821718215942383,29.238250732421875,29.821718215942383,29.821718215942383,397471
2011-03-07,29.894651412963867,30.016206741333008,29.1815242767334,29.497568130493164,29.497568130493164,298134
2011-03-08,29.497568130493164,30.00810432434082,29.27876853942871,29.505672454833984,29.505672454833984,521612
2011-03-09,29.505672454833984,29.797407150268555,29.28687286376953,29.529983520507812,29.529983520507812,513591
2011-03-10,29.238250732421875,29.238250732421875,28.306320190429688,28.630470275878906,28.630470275878906,363783
2011-03-11,28.57374382019043,29.1815242767334,28.25769805908203,28.6142635345459,28.6142635345459,426964
2011-03-14,28.53322410583496,29.068071365356445,27.763370513916016,28.743921279907227,28.743921279907227,299615
2011-03-15,28.030794143676758,28.387357711791992,27.84440803527832,28.103727340698242,28.103727340698242,444117
2011-03-16,28.209075927734375,28.403566360473633,27.763370513916016,28.00648307800293,28.00648307800293,529756
2011-03-17,28.72771453857422,28.768232345581055,28.28200912475586,28.484603881835938,28.484603881835938,449546
2011-03-18,28.82495880126953,28.922203063964844,28.371150970458984,28.72771453857422,28.72771453857422,432023
2011-03-21,29.084278106689453,29.14910888671875,28.087520599365234,28.41166877746582,28.41166877746582,456086
2011-03-22,28.492706298828125,28.7196102142334,28.2982177734375,28.662885665893555,28.662885665893555,564555
2011-03-23,28.484603881835938,29.02755355834961,28.379253387451172,29.01134490966797,29.01134490966797,402654
2011-03-24,29.043760299682617,29.96758460998535,29.01944923400879,29.71636962890625,29.71636962890625,294679
2011-03-25,29.99189567565918,30.388978958129883,29.635332107543945,30.024311065673828,30.024311065673828,258893
2011-03-28,29.983793258666992,30.218801498413086,29.894651412963867,30.00810432434082,30.00810432434082,312819
2011-03-29,29.86223793029785,30.16207504272461,29.84602928161621,30.105348587036133,30.105348587036133,199908
2011-03-30,30.210697174072266,30.388978958129883,30.056726455688477,30.388978958129883,30.388978958129883,251736
2011-03-31,30.13776206970215,30.753646850585938,30.03241539001465,30.672609329223633,30.672609329223633,584669
2011-04-01,30.672609329223633,30.89141082763672,30.12155532836914,30.194488525390625,30.194488525390625,285671
2011-04-04,30.40518569946289,30.72933578491211,29.96758460998535,30.486223220825195,30.486223220825195,256795
2011-04-05,30.251216888427734,30.372770309448242,29.14100456237793,29.157211303710938,29.157211303710938,437947
2011-04-06,29.6839542388916,30.623987197875977,29.076175689697266,29.886547088623047,29.886547088623047,536913
2011-04-07,29.918962478637695,30.243112564086914,29.619125366210938,29.829822540283203,29.829822540283203,271233
2011-04-08,29.983793258666992,30.097244262695312,29.343597412109375,29.55429458618164,29.55429458618164,214963
2011-04-11,29.55429458618164,29.935169219970703,28.468395233154297,28.6142635345459,28.6142635345459,416352
2011-04-12,28.589950561523438,28.97892951965332,27.795785903930664,28.12803840637207,28.12803840637207,268518
2011-04-13,28.43598175048828,29.367908477783203,28.273906707763672,29.30307960510254,29.30307960510254,307760
2011-04-14,29.27876853942871,29.384117126464844,28.784440994262695,29.084278106689453,29.084278106689453,223848
2011-04-15,29.189626693725586,29.619125366210938,28.930307388305664,29.58670997619629,29.58670997619629,174488
2011-04-18,29.39221954345703,29.39221954345703,28.395462036132812,28.646677017211914,28.646677017211914,156348
2011-04-19,28.752025604248047,28.962722778320312,28.484603881835938,28.7196102142334,28.7196102142334,184853
2011-04-20,29.222042083740234,29.56239891052246,29.124797821044922,29.457050323486328,29.457050323486328,324172
2011-04-21,29.643436431884766,30.048622131347656,29.27876853942871,30.024311065673828,30.024311065673828,237051
2011-04-25,30.00810432434082,30.27552604675293,29.611021041870117,30.14586639404297,30.14586639404297,322814
2011-04-26,30.15397071838379,30.29173469543457,29.602916717529297,29.886547088623047,29.886547088623047,212001
2011-04-27,29.951377868652344,30.251216888427734,29.416532516479492,30.186386108398438,30.186386108398438,146599
2011-04-28,30.00810432434082,30.226903915405273,29.773096084594727,29.84602928161621,29.84602928161621,121796
2011-04-29,29.789302825927734,30.42949867248535,29.789302825927734,30.048622131347656,30.048622131347656,261608
2011-05-02,28.43598175048828,29.27066421508789,28.038898468017578,28.354942321777344,28.354942321777344,729171
2011-05-03,28.111831665039062,28.200971603393555,27.4149112701416,27.471637725830078,27.471637725830078,387846
2011-05-04,27.358184814453125,27.658023834228516,26.596433639526367,27.536466598510742,27.536466598510742,542960
2011-05-05,27.471637725830078,27.536466598510742,26.750404357910156,26.83954620361328,26.83954620361328,379702
2011-05-06,27.196109771728516,27.196109771728516,26.337114334106445,27.13128089904785,27.13128089904785,327010
2011-05-09,27.02593231201172,27.957860946655273,27.02593231201172,27.739059448242188,27.739059448242188,227426
2011-05-10,27.260940551757812,27.86871910095215,27.090761184692383,27.617504119873047,27.617504119873047,206448
2011-05-11,27.55267333984375,27.747163772583008,27.00162124633789,27.27714729309082,27.27714729309082,218171
2011-05-12,27.212318420410156,27.787681579589844,26.904375076293945,27.69043731689453,27.69043731689453,180411
2011-05-13,27.649919509887695,27.771474838256836,27.02593231201172,27.066450119018555,27.066450119018555,192010
2011-05-16,26.904375076293945,27.14748764038086,26.2803897857666,26.28849220275879,26.28849220275879,254204
2011-05-17,26.183143615722656,26.345218658447266,25.737438201904297,26.26418113708496,26.26418113708496,275922
2011-05-18,26.337114334106445,27.090761184692383,26.191247940063477,27.0178279876709,27.0178279876709,85886
2011-05-19,27.188005447387695,27.28525161743164,26.977310180664062,27.13938331604004,27.13938331604004,100077
2011-05-20,26.920583724975586,27.252836227416992,26.74230194091797,27.098865509033203,27.098865509033203,127102
2011-05-23,26.636953353881836,26.944894790649414,26.191247940063477,26.30470085144043,26.30470085144043,114639
2011-05-24,26.42625617980957,26.42625617980957,25.98865509033203,26.118314743041992,26.118314743041992,78976
2011-05-25,26.01296615600586,26.369529724121094,25.86709976196289,26.28849220275879,26.28849220275879,94895
2011-05-26,26.239870071411133,26.7017822265625,26.061588287353516,26.53970718383789,26.53970718383789,118341
2011-05-27,26.58833122253418,26.99351692199707,26.58833122253418,26.88006591796875,26.88006591796875,87614
2011-05-31,27.058347702026367,27.803890228271484,26.88006591796875,27.30145835876465,27.30145835876465,329725
2011-06-01,27.14748764038086,27.43922233581543,26.87196159362793,27.009723663330078,27.009723663330078,222860
2011-06-02,27.00162124633789,27.260940551757812,26.70988655090332,27.11507225036621,27.11507225036621,249145
2011-06-03,26.790924072265625,27.0178279876709,26.56401824951172,26.74230194091797,26.74230194091797,267038
2011-06-06,26.74230194091797,26.799028396606445,25.834684371948242,25.931928634643555,25.931928634643555,247911
2011-06-07,26.094003677368164,26.256078720092773,25.786062240600586,26.10210609436035,26.10210609436035,157088
2011-06-08,26.01296615600586,26.320907592773438,25.98865509033203,26.199352264404297,26.199352264404297,200525
2011-06-09,26.256078720092773,26.669368743896484,26.158832550048828,26.491085052490234,26.491085052490234,124140
2011-06-10,26.377634048461914,26.377634048461914,25.810373306274414,26.150728225708008,26.150728225708008,235077
2011-06-13,26.134521484375,26.56401824951172,26.094003677368164,26.46677589416504,26.46677589416504,178807
2011-06-14,26.58022689819336,26.604537963867188,25.72933578491211,26.00486183166504,26.00486183166504,313189
2011-06-15,25.680713653564453,26.377634048461914,25.680713653564453,26.247974395751953,26.247974395751953,224094
2011-06-16,26.239870071411133,26.758508682250977,26.223663330078125,26.726093292236328,26.726093292236328,295913
2011-06-17,26.823339462280273,27.236629486083984,26.628849029541016,26.799028396606445,26.799028396606445,453001
2011-06-20,26.86385726928711,27.28525161743164,26.74230194091797,27.252836227416992,27.252836227416992,212988
2011-06-21,27.30956268310547,28.89789390563965,27.11507225036621,28.41977310180664,28.41977310180664,490268
2011-06-22,28.41977310180664,28.85737419128418,28.26580238342285,28.670988082885742,28.670988082885742,219652
2011-06-23,28.338735580444336,28.70340347290039,27.97406768798828,28.517017364501953,28.517017364501953,286041
2011-06-24,28.476499557495117,28.743921279907227,28.25769805908203,28.484603881835938,28.484603881835938,169552
2011-06-27,28.53322410583496,29.068071365356445,28.28200912475586,28.72771453857422,28.72771453857422,121549
2011-06-28,28.808752059936523,29.165315628051758,28.525121688842773,29.10858917236328,29.10858917236328,141046
2011-06-29,29.173419952392578,29.57860565185547,28.970827102661133,29.42463493347168,29.42463493347168,138331
2011-06-30,29.319286346435547,29.602916717529297,29.238250732421875,29.521879196166992,29.521879196166992,228290
2011-07-01,29.40032386779785,30.097244262695312,29.27066421508789,30.064830780029297,30.064830780029297,190530
2011-07-05,29.902755737304688,30.299837112426758,29.667747497558594,30.28363037109375,30.28363037109375,140923
2011-07-06,30.15397071838379,30.745542526245117,30.081037521362305,30.745542526245117,30.745542526245117,282092
2011-07-07,30.834684371948242,31.118314743041992,30.27552604675293,31.01296615600586,31.01296615600586,326270
2011-07-08,30.97244644165039,31.17504119873047,30.27552604675293,31.085899353027344,31.085899353027344,226192
2011-07-11,30.70502471923828,30.85899543762207,30.243112564086914,30.53484535217285,30.53484535217285,166590
2011-07-12,30.12965965270996,30.461912155151367,29.813613891601562,29.910858154296875,29.910858154296875,126238
2011-07-13,30.12965965270996,30.307941436767578,30.064830780029297,30.218801498413086,30.218801498413086,116490
2011-07-14,30.243112564086914,30.518638610839844,29.59481430053711,29.83792495727539,29.83792495727539,108222
2011-07-15,29.983793258666992,29.983793258666992,29.521879196166992,29.70826530456543,29.70826530456543,110690
2011-07-18,29.627229690551758,29.829822540283203,29.157211303710938,29.602916717529297,29.602916717529297,153633
2011-07-19,29.602916717529297,30.04051971435547,29.602916717529297,29.805511474609375,29.805511474609375,176832
2011-07-20,29.829822540283203,29.829822540283203,29.092382431030273,29.343597412109375,29.343597412109375,220639
2011-07-21,29.367908477783203,29.764991760253906,28.69529914855957,29.092382431030273,29.092382431030273,432023
2011-07-22,29.157211303710938,29.756887435913086,29.157211303710938,29.692058563232422,29.692058563232422,490885
2011-07-25,29.31118392944336,29.84602928161621,29.189626693725586,29.327390670776367,29.327390670776367,208176
2011-07-26,29.254457473754883,29.44084358215332,28.687196731567383,28.99513816833496,28.99513816833496,238902
2011-07-27,28.687196731567383,28.800647735595703,28.192869186401367,28.249595642089844,28.249595642089844,212988
2011-07-28,28.387357711791992,28.41166877746582,27.795785903930664,27.811994552612305,27.811994552612305,520501
2011-07-29,27.39870262145996,27.71474838256836,27.082658767700195,27.11507225036621,27.11507225036621,274565
2011-08-01,27.374391555786133,27.60129737854004,26.766613006591797,27.204214096069336,27.204214096069336,275305
2011-08-02,26.86385726928711,27.317665100097656,25.810373306274414,25.834684371948242,25.834684371948242,343792
2011-08-03,25.931928634643555,26.12641716003418,24.813613891601562,25.59967613220215,25.59967613220215,341695
2011-08-04,25.340356826782227,25.380874633789062,23.638574600219727,23.679092407226562,23.679092407226562,339597
2011-08-05,24.076175689697266,24.173419952392578,22.28525161743164,22.755266189575195,22.755266189575195,528769
2011-08-08,22.13128089904785,22.649919509887695,20.40518569946289,20.470016479492188,20.470016479492188,469537
2011-08-09,20.802268981933594,21.596433639526367,20.518638610839844,21.4505672454834,21.4505672454834,823078
2011-08-10,20.923824310302734,21.645057678222656,20.672609329223633,20.907617568969727,20.907617568969727,741634
2011-08-11,21.10210609436035,21.239870071411133,20.170177459716797,20.364667892456055,20.364667892456055,624157
2011-08-12,20.69692039489746,20.85899543762207,20.210697174072266,20.397083282470703,20.397083282470703,348852
2011-08-15,20.583467483520508,21.158832550048828,20.388978958129883,20.98055076599121,20.98055076599121,232856
2011-08-16,20.8833065032959,20.8833065032959,20.14586639404297,20.235008239746094,20.235008239746094,366375
2011-08-17,20.45380973815918,20.478120803833008,19.692058563232422,19.943273544311523,19.943273544311523,265433
2011-08-18,19.4327392578125,19.700162887573242,18.41977310180664,18.622365951538086,18.622365951538086,312819
2011-08-19,18.387357711791992,18.970827102661133,18.184764862060547,18.314424514770508,18.314424514770508,197070
2011-08-22,18.849271774291992,19.189626693725586,18.484603881835938,18.56563949584961,18.56563949584961,489404
2011-08-23,18.7196102142334,18.954618453979492,17.941652297973633,18.41977310180664,18.41977310180664,320963
2011-08-24,18.43598175048828,19.02755355834961,18.338735580444336,18.687196731567383,18.687196731567383,372915
2011-08-25,18.784440994262695,18.922203063964844,18.233386993408203,18.2982177734375,18.2982177734375,407960
2011-08-26,18.200971603393555,18.881685256958008,18.079416275024414,18.768232345581055,18.768232345581055,182879
2011-08-29,19.100486755371094,19.675851821899414,18.87358283996582,19.659643173217773,19.659643173217773,159556
2011-08-30,19.619125366210938,19.951377868652344,19.30307960510254,19.6839542388916,19.6839542388916,214716
2011-08-31,19.764991760253906,20.178281784057617,19.497568130493164,19.732576370239258,19.732576370239258,221380
2011-09-01,19.797407150268555,20.072933197021484,19.343597412109375,19.40032386779785,19.40032386779785,371681
2011-09-02,19.02755355834961,19.983793258666992,18.53322410583496,18.73581886291504,18.73581886291504,263829
2011-09-06,18.13614273071289,19.124797821044922,18.13614273071289,18.638574600219727,18.638574600219727,420671
2011-09-07,18.922203063964844,19.635332107543945,18.922203063964844,19.40032386779785,19.40032386779785,339473
2011-09-08,19.327390670776367,19.4327392578125,19.043760299682617,19.262561798095703,19.262561798095703,205214
2011-09-09,19.059968948364258,19.1815242767334,18.73581886291504,18.800647735595703,18.800647735595703,319236
2011-09-12,18.517017364501953,18.914100646972656,18.28200912475586,18.57374382019043,18.57374382019043,333427
2011-09-13,18.646677017211914,19.01944923400879,18.41166877746582,18.962722778320312,18.962722778320312,132285
2011-09-14,19.076175689697266,19.789302825927734,18.816856384277344,19.513776779174805,19.513776779174805,181398
2011-09-15,19.659643173217773,19.692058563232422,18.922203063964844,19.635332107543945,19.635332107543945,579240
2011-09-16,19.72447395324707,19.829822540283203,19.189626693725586,19.343597412109375,19.343597412109375,241987
2011-09-19,19.035655975341797,19.051864624023438,18.45218849182129,18.881685256958008,18.881685256958008,146723
2011-09-20,18.938411712646484,18.938411712646484,18.606159210205078,18.638574600219727,18.638574600219727,291841
2011-09-21,18.598054885864258,18.849271774291992,18.29011344909668,18.29011344909668,18.29011344909668,244332
2011-09-22,17.747163772583008,18.11993408203125,16.88006591796875,17.30956268310547,17.30956268310547,280241
2011-09-23,17.325769424438477,17.88492774963379,17.220420837402344,17.86061668395996,17.86061668395996,125251
2011-09-26,18.038898468017578,18.306320190429688,17.682334899902344,18.241491317749023,18.241491317749023,260868
2011-09-27,18.57374382019043,19.602916717529297,18.387357711791992,18.954618453979492,18.954618453979492,217554
2011-09-28,19.10858917236328,19.13290023803711,18.225284576416016,18.273906707763672,18.273906707763672,155237
2011-09-29,18.646677017211914,18.865478515625,18.022689819335938,18.46029281616211,18.46029281616211,161901
2011-09-30,18.233386993408203,18.7196102142334,18.233386993408203,18.322528839111328,18.322528839111328,240260
2011-10-03,18.13614273071289,18.314424514770508,17.098865509033203,17.13938331604004,17.13938331604004,245813
2011-10-04,16.98541259765625,18.233386993408203,16.928686141967773,18.16855812072754,18.16855812072754,285301
2011-10-05,18.16045379638672,19.319286346435547,17.99837875366211,19.197731018066406,19.197731018066406,435602
2011-10-06,19.14100456237793,19.327390670776367,18.70340347290039,19.10858917236328,19.10858917236328,193861
2011-10-07,19.10858917236328,19.10858917236328,18.346839904785156,18.58184814453125,18.58184814453125,251366
2011-10-10,18.922203063964844,19.222042083740234,18.776336669921875,19.00324058532715,19.00324058532715,188925
2011-10-11,18.768232345581055,19.327390670776367,18.630470275878906,19.31118392944336,19.31118392944336,234954
2011-10-12,19.497568130493164,20.186386108398438,19.31118392944336,19.96758460998535,19.96758460998535,291471
2011-10-13,19.789302825927734,20.14586639404297,19.14100456237793,19.497568130493164,19.497568130493164,146723
2011-10-14,19.764991760253906,20.202592849731445,19.58670997619629,20.202592849731445,20.202592849731445,152152
2011-10-17,20.00810432434082,20.072933197021484,19.39221954345703,19.489465713500977,19.489465713500977,207189
2011-10-18,19.457050323486328,20.632091522216797,19.238250732421875,20.397083282470703,20.397083282470703,255191
2011-10-19,20.388978958129883,20.59967613220215,19.886547088623047,19.975688934326172,19.975688934326172,168811
2011-10-20,19.95948028564453,20.235008239746094,19.748783111572266,20.13776206970215,20.13776206970215,375136
2011-10-21,20.397083282470703,20.478120803833008,20.105348587036133,20.461912155151367,20.461912155151367,222614
2011-10-24,21.094003677368164,21.774715423583984,20.99675941467285,21.377634048461914,21.377634048461914,324912
2011-10-25,21.46677589416504,21.758508682250977,20.915721893310547,20.948135375976562,20.948135375976562,206078
2011-10-26,21.361425399780273,21.44246482849121,20.591571807861328,20.948135375976562,20.948135375976562,142280
2011-10-27,21.612642288208008,21.969205856323242,20.656402587890625,21.71799087524414,21.71799087524414,203733
2011-10-28,20.656402587890625,21.823339462280273,20.656402587890625,21.669368743896484,21.669368743896484,108715
2011-10-31,21.247974395751953,21.604537963867188,21.077796936035156,21.361425399780273,21.361425399780273,201265
2011-11-01,20.632091522216797,21.029172897338867,20.372770309448242,20.41329002380371,20.41329002380371,150671
2011-11-02,20.583467483520508,20.956239700317383,20.251216888427734,20.542949676513672,20.542949676513672,157212
2011-11-03,20.899513244628906,21.345218658447266,20.461912155151367,21.29659652709961,21.29659652709961,82308
2011-11-04,21.150728225708008,21.474878311157227,20.648298263549805,21.42625617980957,21.42625617980957,151782
2011-11-07,20.218801498413086,20.680713653564453,19.205835342407227,20.55105209350586,20.55105209350586,347494
2011-11-08,20.834684371948242,20.834684371948242,20.388978958129883,20.42139434814453,20.42139434814453,394140
2011-11-09,19.935169219970703,20.16207504272461,19.384117126464844,19.489465713500977,19.489465713500977,216814
2011-11-10,19.732576370239258,19.732576370239258,19.189626693725586,19.262561798095703,19.262561798095703,380566
2011-11-11,19.59481430053711,19.627229690551758,19.01134490966797,19.230146408081055,19.230146408081055,345026
2011-11-14,18.679092407226562,19.327390670776367,18.45218849182129,19.076175689697266,19.076175689697266,261978
2011-11-15,18.905996322631836,19.367908477783203,18.865478515625,19.238250732421875,19.238250732421875,249021
2011-11-16,19.01944923400879,19.246353149414062,18.841167449951172,18.946514129638672,18.946514129638672,243098
2011-11-17,18.89789390563965,19.124797821044922,18.622365951538086,18.71150779724121,18.71150779724121,179670
2011-11-18,18.760129928588867,18.760129928588867,18.192869186401367,18.26580238342285,18.26580238342285,308006
2011-11-21,17.917341232299805,18.0470027923584,17.44732666015625,17.487844467163086,17.487844467163086,284190
2011-11-22,17.471637725830078,17.59319305419922,17.30145835876465,17.39870262145996,17.39870262145996,125004
2011-11-23,17.260940551757812,17.29335594177246,16.628849029541016,16.628849029541016,16.628849029541016,148820
2011-11-25,16.3857364654541,16.896272659301758,16.3857364654541,16.604537963867188,16.604537963867188,54419
2011-11-28,17.204214096069336,17.44732666015625,16.44246482849121,17.317665100097656,17.317665100097656,189172
2011-11-29,17.196109771728516,17.60129737854004,17.0178279876709,17.212318420410156,17.212318420410156,144872
2011-11-30,17.84440803527832,17.97406768798828,17.423015594482422,17.811994552612305,17.811994552612305,359094
2011-12-01,17.828201293945312,18.225284576416016,17.658023834228516,18.209075927734375,18.209075927734375,217801
2011-12-02,18.45218849182129,18.87358283996582,18.28200912475586,18.69529914855957,18.69529914855957,402531
2011-12-05,18.98703384399414,19.238250732421875,18.841167449951172,19.00324058532715,19.00324058532715,278637
2011-12-06,19.043760299682617,19.246353149414062,18.589950561523438,18.768232345581055,18.768232345581055,182632
2011-12-07,18.654781341552734,18.841167449951172,18.346839904785156,18.42787742614746,18.42787742614746,229894
2011-12-08,18.26580238342285,18.45218849182129,17.87682342529297,17.9821720123291,17.9821720123291,230881
2011-12-09,18.063209533691406,18.7196102142334,17.99837875366211,18.622365951538086,18.622365951538086,108592
2011-12-12,18.371150970458984,18.371150970458984,17.925445556640625,17.99837875366211,17.99837875366211,189789
2011-12-13,18.1523494720459,18.42787742614746,17.828201293945312,17.86871910095215,17.86871910095215,160173
2011-12-14,17.71474838256836,17.97406768798828,17.0178279876709,17.28525161743164,17.28525161743164,166220
2011-12-15,17.455429077148438,17.520259857177734,16.904375076293945,16.904375076293945,16.904375076293945,436959
2011-12-16,16.98541259765625,17.252836227416992,16.56401824951172,16.790924072265625,16.790924072265625,555177
2011-12-19,16.782819747924805,17.074554443359375,16.491085052490234,16.58022689819336,16.58022689819336,403148
2011-12-20,16.86385726928711,17.066450119018555,16.799028396606445,16.912479400634766,16.912479400634766,533828
2011-12-21,16.83144187927246,16.83144187927246,16.28849220275879,16.491085052490234,16.491085052490234,384391
2011-12-22,16.620746612548828,17.39870262145996,16.474878311157227,17.163694381713867,17.163694381713867,642914
2011-12-23,17.212318420410156,17.244733810424805,16.961101531982422,17.009723663330078,17.009723663330078,254081
2011-12-27,17.0178279876709,17.390600204467773,17.0178279876709,17.341976165771484,17.341976165771484,237792
2011-12-28,17.374391555786133,17.374391555786133,16.83954620361328,16.928686141967773,16.928686141967773,292335
2011-12-29,17.00162124633789,17.228525161743164,16.936790466308594,17.15559196472168,17.15559196472168,183002
2011-12-30,17.13938331604004,17.269044876098633,16.944894790649414,16.969205856323242,16.969205856323242,126608
2012-01-03,17.244733810424805,17.755266189575195,16.969205856323242,17.674230575561523,17.674230575561523,345273
2012-01-04,17.544570922851562,17.72285270690918,17.44732666015625,17.487844467163086,17.487844467163086,241000
2012-01-05,17.390600204467773,17.71474838256836,17.269044876098633,17.28525161743164,17.28525161743164,288016
2012-01-06,17.196109771728516,17.56077766418457,17.15559196472168,17.39870262145996,17.39870262145996,309364
2012-01-09,17.30956268310547,17.56888198852539,17.13938331604004,17.56077766418457,17.56077766418457,162888
2012-01-10,17.739059448242188,18.1523494720459,17.71474838256836,18.022689819335938,18.022689819335938,116613
2012-01-11,17.990276336669922,18.43598175048828,17.811994552612305,18.379253387451172,18.379253387451172,145612
2012-01-12,18.395462036132812,18.71150779724121,17.55267333984375,18.654781341552734,18.654781341552734,178066
2012-01-13,18.525121688842773,18.97892951965332,18.314424514770508,18.468395233154297,18.468395233154297,108715
2012-01-17,18.58184814453125,18.760129928588867,18.2982177734375,18.638574600219727,18.638574600219727,103286
2012-01-18,18.630470275878906,19.213937759399414,18.12803840637207,19.205835342407227,19.205835342407227,317261
2012-01-19,19.319286346435547,19.740680694580078,18.83306312561035,19.611021041870117,19.611021041870117,431653
2012-01-20,19.57050132751465,19.748783111572266,19.351701736450195,19.611021041870117,19.611021041870117,107235
2012-01-23,19.789302825927734,20.40518569946289,19.692058563232422,20.267423629760742,20.267423629760742,593184
2012-01-24,20.194488525390625,20.672609329223633,20.097244262695312,20.672609329223633,20.672609329223633,941172
2012-01-25,20.72123146057129,20.948135375976562,20.348459243774414,20.42949867248535,20.42949867248535,184730
2012-01-26,20.461912155151367,20.71312713623047,20.388978958129883,20.640193939208984,20.640193939208984,400680
2012-01-27,20.526742935180664,20.737438201904297,20.43760108947754,20.640193939208984,20.640193939208984,235324
2012-01-30,20.45380973815918,20.68881607055664,20.04051971435547,20.623987197875977,20.623987197875977,82678
2012-01-31,20.769853591918945,21.28849220275879,20.583467483520508,21.26418113708496,21.26418113708496,583188
2012-02-01,21.337114334106445,22.106969833374023,21.085899353027344,22.009723663330078,22.009723663330078,421905
2012-02-02,21.936790466308594,22.674230575561523,21.936790466308594,22.56077766418457,22.56077766418457,342929
2012-02-03,22.730955123901367,23.743921279907227,22.617504119873047,23.525121688842773,23.525121688842773,405369
2012-02-06,23.273906707763672,23.914100646972656,23.103727340698242,23.841167449951172,23.841167449951172,237051
2012-02-07,23.865478515625,25.12155532836914,23.58184814453125,25.024311065673828,25.024311065673828,585410
2012-02-08,24.894651412963867,25.218801498413086,24.83792495727539,24.983793258666992,24.983793258666992,460652
2012-02-09,25.105348587036133,25.931928634643555,24.813613891601562,25.5672607421875,25.5672607421875,245196
2012-02-10,25.42949867248535,25.510534286499023,24.72447395324707,25.40518569946289,25.40518569946289,345767
2012-02-13,25.526742935180664,25.931928634643555,25.40518569946289,25.623987197875977,25.623987197875977,339350
2012-02-14,25.623987197875977,25.875202178955078,25.42139434814453,25.656402587890625,25.656402587890625,310968
2012-02-15,25.761749267578125,25.948135375976562,25.42949867248535,25.510534286499023,25.510534286499023,274812
2012-02-16,25.5672607421875,25.656402587890625,25.43760108947754,25.526742935180664,25.526742935180664,291718
2012-02-17,25.55105209350586,26.077796936035156,25.518638610839844,25.753646850585938,25.753646850585938,193491
2012-02-21,25.802268981933594,25.956239700317383,24.829822540283203,24.975688934326172,24.975688934326172,545922
2012-02-22,24.918962478637695,25.178281784057617,24.457050323486328,24.797407150268555,24.797407150268555,501251
2012-02-23,25.28363037109375,25.28363037109375,24.10858917236328,25.081037521362305,25.081037521362305,515072
2012-02-24,25.12155532836914,25.12155532836914,24.789302825927734,24.829822540283203,24.829822540283203,358230
2012-02-27,24.635332107543945,25.04051971435547,24.46515464782715,24.813613891601562,24.813613891601562,163011
2012-02-28,24.748783111572266,24.935169219970703,24.408428192138672,24.521879196166992,24.521879196166992,259757
2012-02-29,24.635332107543945,24.86223793029785,24.262561798095703,24.28687286376953,24.28687286376953,318619
2012-03-01,24.58670997619629,24.611021041870117,24.10858917236328,24.39221954345703,24.39221954345703,614902
2012-03-02,24.376012802124023,24.602916717529297,24.1166934967041,24.157211303710938,24.157211303710938,323061
2012-03-05,24.222042083740234,24.327390670776367,23.768232345581055,24.13290023803711,24.13290023803711,383157
2012-03-06,24.01134490966797,24.01134490966797,23.638574600219727,23.841167449951172,23.841167449951172,340090
2012-03-07,24.059968948364258,24.1166934967041,23.808752059936523,23.914100646972656,23.914100646972656,395620
2012-03-08,24.035655975341797,24.335493087768555,23.70340347290039,23.7196102142334,23.7196102142334,579733
2012-03-09,23.679092407226562,23.768232345581055,22.933549880981445,23.209075927734375,23.209075927734375,818019
2012-03-12,23.346839904785156,23.346839904785156,22.917341232299805,22.941652297973633,22.941652297973633,365511
2012-03-13,23.16855812072754,23.338735580444336,22.97406768798828,23.25769805908203,23.25769805908203,703380
2012-03-14,23.25769805908203,23.43598175048828,23.11993408203125,23.209075927734375,23.209075927734375,190776
2012-03-15,23.241491317749023,23.492706298828125,23.209075927734375,23.29011344909668,23.29011344909668,397225
2012-03-16,23.2982177734375,23.41977310180664,23.273906707763672,23.314424514770508,23.314424514770508,592690
2012-03-19,23.2982177734375,23.42787742614746,23.200971603393555,23.29011344909668,23.29011344909668,400063
2012-03-20,23.087520599365234,23.2982177734375,22.85251235961914,23.16855812072754,23.16855812072754,157829
2012-03-21,23.233386993408203,23.29011344909668,22.917341232299805,23.13614273071289,23.13614273071289,198427
2012-03-22,22.836305618286133,23.209075927734375,22.836305618286133,22.9821720123291,22.9821720123291,142527
2012-03-23,22.99837875366211,23.241491317749023,22.86061668395996,23.217180252075195,23.217180252075195,774582
2012-03-26,23.395462036132812,23.525121688842773,23.25769805908203,23.379253387451172,23.379253387451172,784947
2012-03-27,23.517017364501953,23.687196731567383,23.25769805908203,23.26580238342285,23.26580238342285,461886
2012-03-28,23.28200912475586,23.508914947509766,23.00648307800293,23.192869186401367,23.192869186401367,172020
2012-03-29,22.99837875366211,23.095624923706055,22.487844467163086,22.820096969604492,22.820096969604492,197317
2012-03-30,22.909238815307617,23.16045379638672,22.69043731689453,22.803890228271484,22.803890228271484,134259
2012-04-02,22.504051208496094,22.84440803527832,22.374391555786133,22.803890228271484,22.803890228271484,449053
2012-04-03,22.69043731689453,22.820096969604492,22.471637725830078,22.56888198852539,22.56888198852539,387970
2012-04-04,22.43111801147461,22.43111801147461,21.928686141967773,22.074554443359375,22.074554443359375,579733
2012-04-05,21.87196159362793,22.15559196472168,21.766613006591797,21.86385726928711,21.86385726928711,217307
2012-04-09,21.507293701171875,21.920583724975586,21.353322982788086,21.896272659301758,21.896272659301758,347494
2012-04-10,21.750404357910156,21.936790466308594,21.256078720092773,21.401945114135742,21.401945114135742,413020
2012-04-11,21.57212257385254,22.042139053344727,21.42625617980957,21.83144187927246,21.83144187927246,381923
2012-04-12,21.87196159362793,22.188005447387695,21.612642288208008,22.13128089904785,22.13128089904785,125374
2012-04-13,22.03403663635254,22.28525161743164,21.88006591796875,22.00162124633789,22.00162124633789,252230
2012-04-16,22.03403663635254,22.066450119018555,21.782819747924805,22.03403663635254,22.03403663635254,165603
2012-04-17,22.12317657470703,22.56888198852539,22.12317657470703,22.325769424438477,22.325769424438477,141170
2012-04-18,22.236629486083984,22.325769424438477,22.13128089904785,22.228525161743164,22.228525161743164,308994
2012-04-19,22.13938331604004,22.40680694580078,22.066450119018555,22.196109771728516,22.196109771728516,155484
2012-04-20,22.30145835876465,22.463533401489258,22.204214096069336,22.341976165771484,22.341976165771484,153139
2012-04-23,22.12317657470703,22.350080490112305,21.961101531982422,22.212318420410156,22.212318420410156,232732
2012-04-24,22.179903030395508,22.374391555786133,22.074554443359375,22.188005447387695,22.188005447387695,173254
2012-04-25,22.463533401489258,22.828201293945312,21.969205856323242,22.787681579589844,22.787681579589844,172266
2012-04-26,22.763370513916016,23.176660537719727,22.658023834228516,23.063209533691406,23.063209533691406,181521
2012-04-27,23.13614273071289,23.2982177734375,23.038898468017578,23.209075927734375,23.209075927734375,169058
2012-04-30,23.1523494720459,23.662885665893555,23.1523494720459,23.54132843017578,23.54132843017578,404505
2012-05-01,23.57374382019043,23.922203063964844,23.45218849182129,23.6142635345459,23.6142635345459,236928
2012-05-02,23.476499557495117,23.492706298828125,23.103727340698242,23.26580238342285,23.26580238342285,140676
2012-05-03,23.273906707763672,23.55753517150879,23.184764862060547,23.379253387451172,23.379253387451172,271974
2012-05-04,23.330631256103516,23.44408416748047,22.69043731689453,22.88492774963379,22.88492774963379,200278
2012-05-07,22.811994552612305,22.811994552612305,21.855754852294922,22.72285270690918,22.72285270690918,394263
2012-05-08,22.333873748779297,22.69854164123535,22.236629486083984,22.504051208496094,22.504051208496094,344903
2012-05-09,22.163694381713867,22.747163772583008,22.009723663330078,22.69854164123535,22.69854164123535,311091
2012-05-10,22.99837875366211,22.99837875366211,22.69043731689453,22.747163772583008,22.747163772583008,215950
2012-05-11,22.074554443359375,22.893030166625977,22.058347702026367,22.40680694580078,22.40680694580078,198797
2012-05-14,22.27714729309082,22.463533401489258,22.15559196472168,22.260940551757812,22.260940551757812,151782
2012-05-15,22.528362274169922,23.11993408203125,22.528362274169922,22.72285270690918,22.72285270690918,165726
2012-05-16,22.86871910095215,23.306320190429688,22.682334899902344,22.795785903930664,22.795785903930664,230758
2012-05-17,22.86061668395996,23.01458740234375,22.27714729309082,22.44732666015625,22.44732666015625,233349
2012-05-18,22.528362274169922,22.56077766418457,21.57212257385254,21.677471160888672,21.677471160888672,176462
2012-05-21,21.677471160888672,21.936790466308594,21.42625617980957,21.920583724975586,21.920583724975586,155361
2012-05-22,22.009723663330078,22.366287231445312,21.87196159362793,22.236629486083984,22.236629486083984,163875
2012-05-23,21.99351692199707,22.325769424438477,21.71799087524414,22.30956268310547,22.30956268310547,101065
2012-05-24,22.374391555786133,22.463533401489258,21.799028396606445,22.171798706054688,22.171798706054688,124881
2012-05-25,22.12317657470703,22.633712768554688,22.03403663635254,22.59319305419922,22.59319305419922,177943
2012-05-29,22.747163772583008,22.909238815307617,22.44732666015625,22.60129737854004,22.60129737854004,113651
2012-05-30,22.390600204467773,22.576984405517578,22.082658767700195,22.544570922851562,22.544570922851562,259510
2012-05-31,22.512155532836914,22.9821720123291,20.518638610839844,22.666126251220703,22.666126251220703,723864
2012-06-01,22.196109771728516,22.366287231445312,22.098865509033203,22.236629486083984,22.236629486083984,221133
2012-06-04,22.317665100097656,22.423015594482422,21.158832550048828,21.377634048461914,21.377634048461914,417832
2012-06-05,21.30470085144043,21.807130813598633,20.786062240600586,21.807130813598633,21.807130813598633,147093
2012-06-06,21.961101531982422,22.382495880126953,21.86385726928711,22.382495880126953,22.382495880126953,146106
2012-06-07,22.5850887298584,22.820096969604492,22.082658767700195,22.12317657470703,22.12317657470703,353911
2012-06-08,22.03403663635254,22.204214096069336,21.693679809570312,22.090761184692383,22.090761184692383,157212
2012-06-11,22.317665100097656,22.317665100097656,21.199352264404297,21.369529724121094,21.369529724121094,411416
2012-06-12,21.482982635498047,21.653160095214844,21.029172897338867,21.612642288208008,21.612642288208008,145489
2012-06-13,21.53970718383789,21.53970718383789,21.215559005737305,21.337114334106445,21.337114334106445,193615
2012-06-14,21.361425399780273,21.636953353881836,21.110210418701172,21.239870071411133,21.239870071411133,323555
2012-06-15,21.199352264404297,21.766613006591797,21.14262580871582,21.74230194091797,21.74230194091797,149067
2012-06-18,21.645057678222656,21.928686141967773,21.474878311157227,21.88006591796875,21.88006591796875,75397
2012-06-19,21.961101531982422,22.60129737854004,21.7017822265625,22.43111801147461,22.43111801147461,196453
2012-06-20,22.487844467163086,22.674230575561523,22.333873748779297,22.625608444213867,22.625608444213867,105384
2012-06-21,22.666126251220703,22.666126251220703,21.774715423583984,21.807130813598633,21.807130813598633,110690
2012-06-22,21.961101531982422,22.495948791503906,21.920583724975586,22.252836227416992,22.252836227416992,283080
2012-06-25,21.98541259765625,22.058347702026367,21.337114334106445,21.3857364654541,21.3857364654541,197810
2012-06-26,21.42625617980957,21.482982635498047,21.134521484375,21.191247940063477,21.191247940063477,120315
2012-06-27,21.256078720092773,21.393840789794922,20.948135375976562,20.98055076599121,20.98055076599121,227550
2012-06-28,20.8184757232666,21.10210609436035,20.502431869506836,20.842788696289062,20.842788696289062,435602
2012-06-29,21.256078720092773,21.499189376831055,21.247974395751953,21.410049438476562,21.410049438476562,189172
2012-07-02,21.377634048461914,21.596433639526367,21.077796936035156,21.215559005737305,21.215559005737305,401297
2012-07-03,21.223663330078125,22.220420837402344,21.223663330078125,22.220420837402344,22.220420837402344,113034
2012-07-05,22.106969833374023,22.747163772583008,22.009723663330078,22.666126251220703,22.666126251220703,210520
2012-07-06,22.455429077148438,23.11993408203125,22.13938331604004,22.9821720123291,22.9821720123291,459788
2012-07-09,22.88492774963379,23.103727340698242,22.463533401489258,22.59319305419922,22.59319305419922,416598
2012-07-10,22.674230575561523,22.86061668395996,21.74230194091797,21.920583724975586,21.920583724975586,233843
2012-07-11,21.888168334960938,21.888168334960938,21.110210418701172,21.361425399780273,21.361425399780273,227179
2012-07-12,21.231767654418945,21.2803897857666,20.86709976196289,21.00486183166504,21.00486183166504,280612
2012-07-13,21.061588287353516,21.134521484375,20.794164657592773,21.053485870361328,21.053485870361328,480890
2012-07-16,20.99675941467285,21.14262580871582,20.810373306274414,21.061588287353516,21.061588287353516,129693
2012-07-17,21.17504119873047,21.320907592773438,20.786062240600586,21.069692611694336,21.069692611694336,204844
2012-07-18,21.01296615600586,21.491085052490234,20.940031051635742,21.353322982788086,21.353322982788086,136851
2012-07-19,21.474878311157227,21.799028396606445,21.474878311157227,21.758508682250977,21.758508682250977,102299
2012-07-20,21.693679809570312,21.823339462280273,21.482982635498047,21.799028396606445,21.799028396606445,96499
2012-07-23,21.53970718383789,21.677471160888672,21.28849220275879,21.636953353881836,21.636953353881836,89465
2012-07-24,21.58022689819336,21.58022689819336,21.191247940063477,21.499189376831055,21.499189376831055,162148
2012-07-25,21.54781150817871,22.03403663635254,21.499189376831055,21.961101531982422,21.961101531982422,97609
2012-07-26,22.244733810424805,22.69854164123535,22.15559196472168,22.682334899902344,22.682334899902344,149684
2012-07-27,22.763370513916016,23.338735580444336,22.617504119873047,23.249595642089844,23.249595642089844,111183
2012-07-30,23.2982177734375,23.476499557495117,22.893030166625977,23.249595642089844,23.249595642089844,223354
2012-07-31,23.209075927734375,23.41166877746582,23.184764862060547,23.338735580444336,23.338735580444336,142157
2012-08-01,23.403566360473633,23.46029281616211,22.990276336669922,23.079416275024414,23.079416275024414,74410
2012-08-02,22.957860946655273,23.079416275024414,22.528362274169922,22.941652297973633,22.941652297973633,196329
2012-08-03,23.29011344909668,23.41166877746582,23.01458740234375,23.063209533691406,23.063209533691406,197070
2012-08-06,23.063209533691406,23.57374382019043,21.507293701171875,23.46029281616211,23.46029281616211,100077
2012-08-07,23.46029281616211,23.962722778320312,23.01458740234375,23.103727340698242,23.103727340698242,245566
2012-08-08,24.31118392944336,24.457050323486328,23.306320190429688,23.970827102661133,23.970827102661133,444240
2012-08-09,23.99513816833496,24.359806060791016,23.589950561523438,23.881685256958008,23.881685256958008,184236
2012-08-10,23.0470027923584,23.760129928588867,22.97406768798828,23.387357711791992,23.387357711791992,220269
2012-08-13,23.500810623168945,23.98703384399414,23.144245147705078,23.225284576416016,23.225284576416016,514578
2012-08-14,23.314424514770508,23.45218849182129,23.12803840637207,23.273906707763672,23.273906707763672,212371
2012-08-15,23.25769805908203,23.338735580444336,22.957860946655273,23.01458740234375,23.01458740234375,168935
2012-08-16,23.038898468017578,23.176660537719727,22.771474838256836,23.055105209350586,23.055105209350586,244209
2012-08-17,23.055105209350586,23.41977310180664,22.909238815307617,22.96596336364746,22.96596336364746,269259
2012-08-20,22.933549880981445,23.071313858032227,22.88492774963379,22.957860946655273,22.957860946655273,157458
2012-08-21,23.071313858032227,23.29011344909668,22.901134490966797,22.941652297973633,22.941652297973633,65279
2012-08-22,22.96596336364746,23.079416275024414,22.544570922851562,22.71474838256836,22.71474838256836,158939
2012-08-23,22.72285270690918,22.836305618286133,22.204214096069336,22.244733810424805,22.244733810424805,159186
2012-08-24,22.252836227416992,22.536466598510742,22.050243377685547,22.317665100097656,22.317665100097656,199044
2012-08-27,22.366287231445312,22.528362274169922,22.212318420410156,22.269044876098633,22.269044876098633,142650
2012-08-28,22.260940551757812,22.350080490112305,22.050243377685547,22.066450119018555,22.066450119018555,385378
2012-08-29,22.13128089904785,22.236629486083984,21.87196159362793,22.042139053344727,22.042139053344727,310351
2012-08-30,21.99351692199707,22.066450119018555,21.83954620361328,21.88006591796875,21.88006591796875,156595
2012-08-31,21.88006591796875,22.15559196472168,21.86385726928711,21.888168334960938,21.888168334960938,380566
2012-09-04,21.944894790649414,23.16045379638672,21.507293701171875,23.038898468017578,23.038898468017578,359958
2012-09-05,23.071313858032227,23.70340347290039,22.990276336669922,23.492706298828125,23.492706298828125,364400
2012-09-06,23.646677017211914,24.238250732421875,23.638574600219727,24.100486755371094,24.100486755371094,234337
2012-09-07,24.00324058532715,24.351701736450195,24.00324058532715,24.14910888671875,24.14910888671875,143514
2012-09-10,24.059968948364258,24.39221954345703,23.889789581298828,23.970827102661133,23.970827102661133,122289
2012-09-11,24.13290023803711,24.335493087768555,24.035655975341797,24.165315628051758,24.165315628051758,73300
2012-09-12,24.27876853942871,24.4327392578125,24.059968948364258,24.213937759399414,24.213937759399414,156841
2012-09-13,24.28687286376953,24.28687286376953,23.954618453979492,24.01134490966797,24.01134490966797,106864
2012-09-14,24.10858917236328,24.59481430053711,24.10858917236328,24.230146408081055,24.230146408081055,190406
2012-09-17,24.1815242767334,24.246353149414062,23.476499557495117,23.492706298828125,23.492706298828125,298134
2012-09-18,23.517017364501953,23.54132843017578,23.29011344909668,23.363046646118164,23.363046646118164,199168
2012-09-19,23.525121688842773,24.10858917236328,23.525121688842773,23.630470275878906,23.630470275878906,384885
2012-09-20,23.606159210205078,23.646677017211914,23.13614273071289,23.176660537719727,23.176660537719727,159680
2012-09-21,23.395462036132812,23.41166877746582,22.933549880981445,22.99837875366211,22.99837875366211,196083
2012-09-24,22.901134490966797,23.306320190429688,22.098865509033203,23.233386993408203,23.233386993408203,247417
2012-09-25,23.41166877746582,23.69529914855957,22.755266189575195,22.84440803527832,22.84440803527832,263706
2012-09-26,22.836305618286133,22.99837875366211,22.487844467163086,22.72285270690918,22.72285270690918,153263
2012-09-27,22.87682342529297,23.071313858032227,22.828201293945312,22.97406768798828,22.97406768798828,413513
2012-09-28,22.86061668395996,23.306320190429688,22.633712768554688,23.225284576416016,23.225284576416016,288756
2012-10-01,23.233386993408203,23.508914947509766,23.01458740234375,23.225284576416016,23.225284576416016,236805
2012-10-02,23.25769805908203,24.02755355834961,23.25769805908203,23.930307388305664,23.930307388305664,272344
2012-10-03,24.00324058532715,24.197731018066406,23.784440994262695,23.849271774291992,23.849271774291992,225328
2012-10-04,23.85737419128418,24.068071365356445,23.784440994262695,23.930307388305664,23.930307388305664,202129
2012-10-05,23.970827102661133,24.28687286376953,23.849271774291992,24.084278106689453,24.084278106689453,101928
2012-10-08,24.068071365356445,24.95948028564453,23.905996322631836,24.86223793029785,24.86223793029785,242481
2012-10-09,24.813613891601562,25.097244262695312,24.756887435913086,24.886547088623047,24.886547088623047,189296
2012-10-10,24.902755737304688,25.03241539001465,24.521879196166992,24.55429458618164,24.55429458618164,158692
2012-10-11,24.732576370239258,25.097244262695312,24.732576370239258,24.935169219970703,24.935169219970703,260991
2012-10-12,24.918962478637695,25.113452911376953,24.87844467163086,25.016206741333008,25.016206741333008,115009
2012-10-15,25.113452911376953,25.356563568115234,24.935169219970703,25.210697174072266,25.210697174072266,114885
2012-10-16,25.348459243774414,25.632091522216797,25.243112564086914,25.583467483520508,25.583467483520508,73300
2012-10-17,25.656402587890625,25.842788696289062,25.502431869506836,25.656402587890625,25.656402587890625,40845
2012-10-18,25.5672607421875,25.753646850585938,25.324148178100586,25.388978958129883,25.388978958129883,72806
2012-10-19,25.332252502441406,25.461912155151367,24.983793258666992,25.081037521362305,25.081037521362305,102052
2012-10-22,25.12155532836914,25.786062240600586,24.95948028564453,25.226903915405273,25.226903915405273,201142
2012-10-23,25.064830780029297,25.55915641784668,24.87034034729004,25.53484535217285,25.53484535217285,96622
2012-10-24,25.68881607055664,25.8184757232666,25.615882873535156,25.70502471923828,25.70502471923828,117600
2012-10-25,25.769853591918945,25.834684371948242,25.397083282470703,25.664506912231445,25.664506912231445,248404
2012-10-26,25.664506912231445,25.769853591918945,25.542949676513672,25.71312713623047,25.71312713623047,103779
2012-10-31,25.72123146057129,25.85089111328125,25.461912155151367,25.737438201904297,25.737438201904297,129817
2012-11-01,25.810373306274414,26.596433639526367,25.615882873535156,26.491085052490234,26.491085052490234,85269
2012-11-02,26.620746612548828,26.766613006591797,26.44246482849121,26.70988655090332,26.70988655090332,206078
2012-11-05,26.507293701171875,26.855754852294922,26.345218658447266,26.41815185546875,26.41815185546875,262225
2012-11-06,25.931928634643555,26.912479400634766,25.769853591918945,26.766613006591797,26.766613006591797,412279
2012-11-07,26.604537963867188,26.86385726928711,26.085899353027344,26.612642288208008,26.612642288208008,243345
2012-11-08,26.45867156982422,26.70988655090332,26.00486183166504,26.00486183166504,26.00486183166504,290854
2012-11-09,25.99675941467285,26.247974395751953,25.583467483520508,25.632091522216797,25.632091522216797,150301
2012-11-12,25.72933578491211,26.16693687438965,25.14586639404297,25.97244644165039,25.97244644165039,171279
2012-11-13,25.745542526245117,26.094003677368164,25.461912155151367,25.842788696289062,25.842788696289062,153263
2012-11-14,25.89141082763672,26.16693687438965,24.805511474609375,24.918962478637695,24.918962478637695,163628
2012-11-15,24.797407150268555,25.113452911376953,24.513776779174805,24.789302825927734,24.789302825927734,170169
2012-11-16,24.797407150268555,25.081037521362305,24.165315628051758,24.6839542388916,24.6839542388916,354158
2012-11-19,24.894651412963867,25.923824310302734,24.740680694580078,25.28363037109375,25.28363037109375,105630
2012-11-20,25.28363037109375,25.899513244628906,25.14586639404297,25.583467483520508,25.583467483520508,98473
2012-11-21,25.59967613220215,25.680713653564453,25.44570541381836,25.632091522216797,25.632091522216797,56517
2012-11-23,25.761749267578125,25.85089111328125,25.583467483520508,25.672609329223633,25.672609329223633,71942
2012-11-26,25.542949676513672,25.737438201904297,25.461912155151367,25.5672607421875,25.5672607421875,189789
2012-11-27,25.510534286499023,25.5672607421875,25.332252502441406,25.470016479492188,25.470016479492188,143884
2012-11-28,25.364667892456055,25.85899543762207,25.356563568115234,25.85899543762207,25.85899543762207,64415
2012-11-29,25.826580047607422,25.85089111328125,25.494327545166016,25.494327545166016,25.494327545166016,77989
2012-11-30,25.502431869506836,25.802268981933594,25.332252502441406,25.41329002380371,25.41329002380371,730898
2012-12-03,25.5672607421875,26.45867156982422,25.40518569946289,26.361425399780273,26.361425399780273,234830
2012-12-04,26.28849220275879,26.70988655090332,26.085899353027344,26.507293701171875,26.507293701171875,83172
2012-12-05,26.57212257385254,26.7017822265625,26.312803268432617,26.55591583251953,26.55591583251953,59232
2012-12-06,26.596433639526367,26.774715423583984,26.329011917114258,26.531604766845703,26.531604766845703,96005
2012-12-07,26.685575485229492,26.969205856323242,26.45867156982422,26.912479400634766,26.912479400634766,73670
2012-12-10,26.977310180664062,27.13938331604004,26.58833122253418,26.87196159362793,26.87196159362793,58862
2012-12-11,26.98541259765625,27.220420837402344,26.620746612548828,27.12317657470703,27.12317657470703,89465
2012-12-12,27.236629486083984,27.341976165771484,26.977310180664062,27.11507225036621,27.11507225036621,86750
2012-12-13,27.171798706054688,27.512155532836914,26.98541259765625,27.188005447387695,27.188005447387695,132408
2012-12-14,27.228525161743164,27.423015594482422,27.13938331604004,27.204214096069336,27.204214096069336,51581
2012-12-17,27.228525161743164,27.455429077148438,27.058347702026367,27.28525161743164,27.28525161743164,64662
2012-12-18,27.28525161743164,27.85251235961914,27.260940551757812,27.85251235961914,27.85251235961914,82308
2012-12-19,27.86061668395996,27.86061668395996,27.29335594177246,27.666126251220703,27.666126251220703,121179
2012-12-20,27.463533401489258,27.87682342529297,27.350080490112305,27.811994552612305,27.811994552612305,95388
2012-12-21,27.5850887298584,27.87682342529297,27.341976165771484,27.755266189575195,27.755266189575195,226562
2012-12-24,27.803890228271484,28.144245147705078,26.58833122253418,28.12803840637207,28.12803840637207,44918
2012-12-26,28.249595642089844,28.249595642089844,27.366287231445312,27.487844467163086,27.487844467163086,94154
2012-12-27,27.59319305419922,27.811994552612305,27.179903030395508,27.649919509887695,27.649919509887695,82925
2012-12-28,27.55267333984375,27.55267333984375,27.212318420410156,27.30956268310547,27.30956268310547,72436
2012-12-31,27.228525161743164,27.779579162597656,26.936790466308594,27.730955123901367,27.730955123901367,137344
2013-01-02,28.12803840637207,28.43598175048828,27.933549880981445,28.371150970458984,28.371150970458984,476818
2013-01-03,28.371150970458984,28.42787742614746,27.925445556640625,28.087520599365234,28.087520599365234,125004
2013-01-04,28.25769805908203,28.403566360473633,28.079416275024414,28.1523494720459,28.1523494720459,119081
2013-01-07,28.103727340698242,28.28200912475586,27.609399795532227,27.949756622314453,27.949756622314453,273331
2013-01-08,27.771474838256836,28.111831665039062,27.617504119873047,27.949756622314453,27.949756622314453,214963
2013-01-09,27.941652297973633,28.087520599365234,27.70664405822754,27.96596336364746,27.96596336364746,201389
2013-01-10,28.038898468017578,28.038898468017578,27.71474838256836,27.949756622314453,27.949756622314453,128336
2013-01-11,27.990276336669922,27.990276336669922,27.763370513916016,27.96596336364746,27.96596336364746,109703
2013-01-14,28.0470027923584,28.0470027923584,27.56888198852539,27.747163772583008,27.747163772583008,173747
2013-01-15,27.536466598510742,28.363046646118164,26.377634048461914,28.2982177734375,28.2982177734375,134876
2013-01-16,28.2982177734375,28.484603881835938,28.095624923706055,28.395462036132812,28.395462036132812,140799
2013-01-17,28.5494327545166,28.670988082885742,28.322528839111328,28.6142635345459,28.6142635345459,97609
2013-01-18,28.638574600219727,28.881685256958008,28.306320190429688,28.841167449951172,28.841167449951172,122166
2013-01-22,28.89789390563965,29.165315628051758,28.646677017211914,29.076175689697266,29.076175689697266,107111
2013-01-23,29.124797821044922,29.157211303710938,28.800647735595703,29.01944923400879,29.01944923400879,118958
2013-01-24,28.99513816833496,29.376012802124023,28.816856384277344,29.197731018066406,29.197731018066406,155484
2013-01-25,29.31118392944336,29.457050323486328,28.800647735595703,29.327390670776367,29.327390670776367,133766
2013-01-28,29.30307960510254,30.072933197021484,29.035655975341797,30.056726455688477,30.056726455688477,201636
2013-01-29,30.105348587036133,30.105348587036133,29.01944923400879,29.46515464782715,29.46515464782715,167454
2013-01-30,29.521879196166992,29.72447395324707,29.1815242767334,29.692058563232422,29.692058563232422,205338
2013-01-31,29.732576370239258,29.886547088623047,29.165315628051758,29.481361389160156,29.481361389160156,118464
2013-02-01,29.602916717529297,30.202592849731445,29.481361389160156,30.170177459716797,30.170177459716797,155114
2013-02-04,30.097244262695312,30.251216888427734,29.068071365356445,29.30307960510254,29.30307960510254,210150
2013-02-05,29.740680694580078,30.42949867248535,29.55429458618164,30.42139434814453,30.42139434814453,152522
2013-02-06,30.170177459716797,30.251216888427734,29.86223793029785,30.235008239746094,30.235008239746094,116983
2013-02-07,30.27552604675293,31.361425399780273,30.072933197021484,31.29659652709961,31.29659652709961,389080
2013-02-08,31.256078720092773,31.661264419555664,31.077796936035156,31.56401824951172,31.56401824951172,571219
2013-02-11,31.612642288208008,31.612642288208008,31.085899353027344,31.2803897857666,31.2803897857666,108592
2013-02-12,31.345218658447266,31.612642288208008,31.053485870361328,31.54781150817871,31.54781150817871,116613
2013-02-13,31.604537963867188,31.7017822265625,31.085899353027344,31.329011917114258,31.329011917114258,150425
2013-02-14,31.256078720092773,31.377634048461914,30.810373306274414,31.085899353027344,31.085899353027344,206078
2013-02-15,31.16693687438965,31.669368743896484,31.14262580871582,31.515396118164062,31.515396118164062,257906
2013-02-19,31.604537963867188,32.00972366333008,31.482982635498047,31.912479400634766,31.912479400634766,612804
2013-02-20,31.766613006591797,32.40680694580078,30.55915641784668,32.05024337768555,32.05024337768555,529880
2013-02-21,32.00162124633789,32.15559387207031,31.312803268432617,31.86385726928711,31.86385726928711,279254
2013-02-22,31.98541259765625,32.22852325439453,30.794164657592773,31.085899353027344,31.085899353027344,620332
2013-02-25,31.045381546020508,31.361425399780273,30.42949867248535,30.526742935180664,30.526742935180664,708069
2013-02-26,30.745542526245117,31.094003677368164,30.55915641784668,30.59967613220215,30.59967613220215,371928
2013-02-27,30.55105209350586,31.16693687438965,30.29173469543457,30.99675941467285,30.99675941467285,583188
2013-02-28,30.923824310302734,31.00486183166504,30.42949867248535,30.664506912231445,30.664506912231445,244332
2013-03-01,30.632091522216797,30.664506912231445,30.14586639404297,30.53484535217285,30.53484535217285,240877
2013-03-04,30.42949867248535,30.745542526245117,30.15397071838379,30.356563568115234,30.356563568115234,306155
2013-03-05,30.42139434814453,31.118314743041992,30.243112564086914,30.907617568969727,30.907617568969727,264940
2013-03-06,31.094003677368164,31.094003677368164,30.59967613220215,30.931928634643555,30.931928634643555,243592
2013-03-07,31.02107048034668,31.191247940063477,30.86709976196289,31.045381546020508,31.045381546020508,146476
2013-03-08,31.134521484375,31.134521484375,30.656402587890625,31.061588287353516,31.061588287353516,203116
2013-03-11,31.094003677368164,31.199352264404297,30.745542526245117,31.085899353027344,31.085899353027344,230758
2013-03-12,31.061588287353516,31.118314743041992,30.86709976196289,30.964344024658203,30.964344024658203,189419
2013-03-13,30.98865509033203,31.134521484375,30.85899543762207,30.964344024658203,30.964344024658203,218541
2013-03-14,31.077796936035156,31.29659652709961,30.98055076599121,31.215559005737305,31.215559005737305,184236
2013-03-15,31.118314743041992,31.199352264404297,30.85899543762207,30.99675941467285,30.99675941467285,272097
2013-03-18,30.777957916259766,31.223663330078125,30.777957916259766,31.183143615722656,31.183143615722656,193491
2013-03-19,31.320907592773438,31.604537963867188,31.10210609436035,31.491085052490234,31.491085052490234,141540
2013-03-20,31.57212257385254,31.73419761657715,30.70502471923828,30.794164657592773,30.794164657592773,327504
2013-03-21,30.72933578491211,31.085899353027344,30.53484535217285,30.8833065032959,30.8833065032959,274565
2013-03-22,30.923824310302734,31.29659652709961,30.70502471923828,31.2803897857666,31.2803897857666,277280
2013-03-25,31.46677589416504,31.523500442504883,31.00486183166504,31.45867156982422,31.45867156982422,163135
2013-03-26,31.491085052490234,31.653160095214844,31.256078720092773,31.320907592773438,31.320907592773438,289126
2013-03-27,31.12641716003418,31.46677589416504,30.72933578491211,31.377634048461914,31.377634048461914,186828
2013-03-28,31.28849220275879,31.661264419555664,31.029172897338867,31.58022689819336,31.58022689819336,276293
2013-04-01,31.44246482849121,31.45867156982422,30.834684371948242,31.10210609436035,31.10210609436035,235817
2013-04-02,30.940031051635742,31.71799087524414,30.85899543762207,31.56401824951172,31.56401824951172,277527
2013-04-03,31.499189376831055,31.499189376831055,30.648298263549805,30.71312713623047,30.71312713623047,213605
2013-04-04,30.672609329223633,31.239870071411133,30.332252502441406,30.98865509033203,30.98865509033203,302700
2013-04-05,30.615882873535156,30.615882873535156,30.105348587036133,30.299837112426758,30.299837112426758,193861
2013-04-08,30.226903915405273,30.810373306274414,29.918962478637695,30.794164657592773,30.794164657592773,116119
2013-04-09,30.794164657592773,30.99675941467285,30.502431869506836,30.55105209350586,30.55105209350586,100448
2013-04-10,30.542949676513672,30.956239700317383,30.542949676513672,30.745542526245117,30.745542526245117,131791
2013-04-11,30.777957916259766,31.045381546020508,30.57536506652832,30.89141082763672,30.89141082763672,75151
2013-04-12,30.826580047607422,31.55591583251953,30.69692039489746,31.320907592773438,31.320907592773438,234337
2013-04-15,31.10210609436035,31.329011917114258,30.486223220825195,30.510534286499023,30.510534286499023,190159
2013-04-16,30.810373306274414,31.410049438476562,30.583467483520508,31.215559005737305,31.215559005737305,178683
2013-04-17,30.98055076599121,31.12641716003418,30.27552604675293,30.542949676513672,30.542949676513672,160667
2013-04-18,30.656402587890625,30.810373306274414,30.089141845703125,30.15397071838379,30.15397071838379,248281
2013-04-19,30.105348587036133,30.470016479492188,29.975688934326172,30.259319305419922,30.259319305419922,205955
2013-04-22,30.267423629760742,31.345218658447266,30.081037521362305,30.777957916259766,30.777957916259766,235941
2013-04-23,30.956239700317383,31.44246482849121,30.85899543762207,31.312803268432617,31.312803268432617,119328
2013-04-24,31.30470085144043,32.35008239746094,31.207454681396484,31.9529972076416,31.9529972076416,200772
2013-04-25,31.961101531982422,32.13938522338867,31.685575485229492,31.70988655090332,31.70988655090332,141540
2013-04-26,31.612642288208008,31.944894790649414,31.474878311157227,31.70988655090332,31.70988655090332,96499
2013-04-29,31.799028396606445,31.969205856323242,31.4505672454834,31.531604766845703,31.531604766845703,80580
2013-04-30,31.499189376831055,32.02593231201172,31.482982635498047,31.823339462280273,31.823339462280273,158939
2013-05-01,31.685575485229492,31.855754852294922,31.46677589416504,31.58833122253418,31.58833122253418,115009
2013-05-02,31.58833122253418,32.034034729003906,31.491085052490234,31.83954620361328,31.83954620361328,173747
2013-05-03,32.1636962890625,32.36628723144531,31.961101531982422,32.22852325439453,32.22852325439453,87367
2013-05-06,32.115074157714844,32.41490936279297,31.9529972076416,32.3338737487793,32.3338737487793,169181
2013-05-07,32.3338737487793,32.42301559448242,32.28525161743164,32.41490936279297,32.41490936279297,433751
2013-05-08,32.30146026611328,32.57698440551758,32.06645202636719,32.358184814453125,32.358184814453125,230511
2013-05-09,31.061588287353516,33.14424514770508,31.061588287353516,32.54457092285156,32.54457092285156,325159
2013-05-10,32.601295471191406,32.69043731689453,32.27714538574219,32.43111801147461,32.43111801147461,176956
2013-05-13,32.28525161743164,32.3338737487793,30.397083282470703,31.118314743041992,31.118314743041992,1083946
2013-05-14,31.16693687438965,32.00162124633789,30.940031051635742,31.944894790649414,31.944894790649414,242851
2013-05-15,31.782819747924805,32.41490936279297,31.782819747924805,32.27714538574219,32.27714538574219,215827
2013-05-16,32.00972366333008,32.60940170288086,31.928686141967773,32.15559387207031,32.15559387207031,393769
2013-05-17,32.22852325439453,32.8363037109375,32.08265686035156,32.787681579589844,32.787681579589844,130434
2013-05-20,32.763370513916016,33.209075927734375,32.67422866821289,32.803890228271484,32.803890228271484,235694
2013-05-21,32.779579162597656,33.05510330200195,32.30956268310547,32.60940170288086,32.60940170288086,173377
2013-05-22,32.70664596557617,32.8363037109375,31.653160095214844,31.83954620361328,31.83954620361328,129447
2013-05-23,31.523500442504883,31.7017822265625,30.86709976196289,31.42625617980957,31.42625617980957,208176
2013-05-24,31.337114334106445,31.45867156982422,30.940031051635742,31.26418113708496,31.26418113708496,193121
2013-05-28,31.507293701171875,31.888168334960938,31.312803268432617,31.774715423583984,31.774715423583984,247911
2013-05-29,31.507293701171875,32.212318420410156,31.44246482849121,32.090763092041016,32.090763092041016,153756
2013-05-30,32.058345794677734,32.1636962890625,31.83954620361328,32.05024337768555,32.05024337768555,164862
2013-05-31,31.888168334960938,32.3338737487793,31.8476505279541,32.179901123046875,32.179901123046875,163258
2013-06-03,32.220420837402344,32.27714538574219,31.685575485229492,32.13127899169922,32.13127899169922,260127
2013-06-04,32.090763092041016,32.40680694580078,31.628849029541016,31.790924072265625,31.790924072265625,146969
2013-06-05,31.74230194091797,31.823339462280273,31.499189376831055,31.58022689819336,31.58022689819336,146352
2013-06-06,31.799028396606445,32.32577133178711,31.58833122253418,31.8476505279541,31.8476505279541,158939
2013-06-07,32.06645202636719,32.763370513916016,32.00972366333008,32.69853973388672,32.69853973388672,264693
2013-06-10,32.70664596557617,33.17666244506836,32.69853973388672,33.047000885009766,33.047000885009766,167577
2013-06-11,32.625606536865234,32.82820129394531,31.977310180664062,32.41490936279297,32.41490936279297,153880
2013-06-12,32.520259857177734,32.64991760253906,32.3338737487793,32.43111801147461,32.43111801147461,76755
2013-06-13,32.341976165771484,32.601295471191406,32.28525161743164,32.43111801147461,32.43111801147461,130681
2013-06-14,32.41490936279297,32.61750411987305,31.961101531982422,32.042137145996094,32.042137145996094,150795
2013-06-17,32.220420837402344,32.682334899902344,32.01782989501953,32.317665100097656,32.317665100097656,101435
2013-06-18,32.28525161743164,32.7957878112793,32.18800735473633,32.39059829711914,32.39059829711914,145489
2013-06-19,32.35008239746094,32.45542907714844,32.12317657470703,32.17179870605469,32.17179870605469,80210
2013-06-20,31.766613006591797,32.15559387207031,31.345218658447266,31.46677589416504,31.46677589416504,190653
2013-06-21,31.58833122253418,31.799028396606445,31.207454681396484,31.29659652709961,31.29659652709961,241617
2013-06-24,31.10210609436035,31.10210609436035,30.786062240600586,30.899513244628906,30.899513244628906,164616
2013-06-25,31.207454681396484,31.410049438476562,30.8833065032959,31.207454681396484,31.207454681396484,82925
2013-06-26,31.44246482849121,31.507293701171875,31.094003677368164,31.207454681396484,31.207454681396484,222614
2013-06-27,31.312803268432617,31.71799087524414,31.199352264404297,31.645057678222656,31.645057678222656,112294
2013-06-28,31.55591583251953,32.15559387207031,31.4505672454834,31.693679809570312,31.693679809570312,516429
2013-07-01,31.54781150817871,31.766613006591797,30.16207504272461,31.645057678222656,31.645057678222656,476447
2013-07-02,31.401945114135742,31.750404357910156,31.191247940063477,31.491085052490234,31.491085052490234,275305
2013-07-03,31.247974395751953,31.750404357910156,31.247974395751953,31.56401824951172,31.56401824951172,126238
2013-07-05,31.645057678222656,32.2042121887207,31.491085052490234,31.855754852294922,31.855754852294922,150425
2013-07-08,31.888168334960938,32.36628723144531,31.807130813598633,32.212318420410156,32.212318420410156,179300
2013-07-09,32.41490936279297,32.54457092285156,32.090763092041016,32.36628723144531,32.36628723144531,228413
2013-07-10,32.13127899169922,32.54457092285156,31.99351692199707,32.43111801147461,32.43111801147461,281229
2013-07-11,32.658023834228516,32.98217010498047,32.41490936279297,32.97406768798828,32.97406768798828,380812
2013-07-12,32.87682342529297,33.330631256103516,32.87682342529297,33.21717834472656,33.21717834472656,252106
2013-07-15,33.168556213378906,33.46029281616211,32.803890228271484,33.2333869934082,33.2333869934082,119451
2013-07-16,33.17666244506836,33.57374572753906,32.97406768798828,33.24148941040039,33.24148941040039,198304
2013-07-17,33.26580047607422,33.549434661865234,33.17666244506836,33.37925338745117,33.37925338745117,113034
2013-07-18,33.58995056152344,34.00324249267578,33.346839904785156,33.76823425292969,33.76823425292969,140306
2013-07-19,33.62236785888672,33.670989990234375,33.1280403137207,33.29011154174805,33.29011154174805,106247
2013-07-22,33.225284576416016,33.330631256103516,32.925445556640625,33.249595642089844,33.249595642089844,138825
2013-07-23,33.225284576416016,33.56563949584961,33.087520599365234,33.11993408203125,33.11993408203125,113034
2013-07-24,33.20097351074219,33.20097351074219,32.73095703125,32.820098876953125,32.820098876953125,82431
2013-07-25,32.8363037109375,32.9011344909668,32.63371276855469,32.73905944824219,32.73905944824219,66142
2013-07-26,32.54457092285156,32.54457092285156,32.058345794677734,32.220420837402344,32.220420837402344,141540
2013-07-29,32.220420837402344,32.48784255981445,32.02593231201172,32.13938522338867,32.13938522338867,95141
2013-07-30,32.25283432006836,32.44732666015625,31.920583724975586,32.12317657470703,32.12317657470703,88725
2013-07-31,32.06645202636719,32.601295471191406,31.904375076293945,32.38249588012695,32.38249588012695,161407
2013-08-01,32.504051208496094,33.0064811706543,32.32577133178711,32.48784255981445,32.48784255981445,269259
2013-08-02,32.495948791503906,32.97406768798828,32.374393463134766,32.93354797363281,32.93354797363281,131668
2013-08-05,32.94975662231445,33.630470275878906,32.925445556640625,33.533226013183594,33.533226013183594,216197
2013-08-06,31.199352264404297,35.656402587890625,31.199352264404297,34.74068069458008,34.74068069458008,385872
2013-08-07,34.73257827758789,35.47001647949219,34.73257827758789,35.437599182128906,35.437599182128906,202993
2013-08-08,35.54294967651367,35.599674224853516,35.0,35.251216888427734,35.251216888427734,293322
2013-08-09,35.28363037109375,35.45380783081055,35.15397262573242,35.42139434814453,35.42139434814453,159926
2013-08-12,35.3970832824707,35.74554443359375,35.129661560058594,35.494327545166016,35.494327545166016,195836
2013-08-13,35.478118896484375,35.70502471923828,35.18638610839844,35.494327545166016,35.494327545166016,314300
2013-08-14,35.47001647949219,35.72933578491211,35.235008239746094,35.25931930541992,35.25931930541992,184977
2013-08-15,34.951377868652344,35.11345291137695,34.505672454833984,34.57860565185547,34.57860565185547,109826
2013-08-16,34.489463806152344,34.65964126586914,34.116695404052734,34.16531753540039,34.16531753540039,70091
2013-08-19,34.116695404052734,34.27066421508789,33.54132843017578,33.614261627197266,33.614261627197266,104150
2013-08-20,33.72771453857422,33.897891998291016,33.54132843017578,33.816856384277344,33.816856384277344,125128
2013-08-21,33.83306121826172,34.12479782104492,33.57374572753906,33.670989990234375,33.670989990234375,166096
2013-08-22,33.792545318603516,34.12479782104492,33.57374572753906,33.70340347290039,33.70340347290039,67870
2013-08-23,33.66288375854492,33.85737228393555,33.452186584472656,33.54132843017578,33.54132843017578,107975
2013-08-26,33.549434661865234,33.76823425292969,33.26580047607422,33.508914947509766,33.508914947509766,201512
2013-08-27,33.25769805908203,33.58995056152344,32.85251235961914,32.89303207397461,32.89303207397461,89218
2013-08-28,32.965965270996094,33.11993408203125,32.520259857177734,32.641815185546875,32.641815185546875,64785
2013-08-29,32.658023834228516,33.225284576416016,32.658023834228516,32.84440612792969,32.84440612792969,47015
2013-08-30,32.820098876953125,33.05510330200195,32.41490936279297,32.625606536865234,32.625606536865234,126608
2013-09-03,32.82820129394531,33.4683952331543,32.82820129394531,33.371150970458984,33.371150970458984,137838
2013-09-04,33.33873748779297,34.27066421508789,33.33873748779297,34.197731018066406,34.197731018066406,105507
2013-09-05,34.181522369384766,34.773094177246094,34.13290023803711,34.69205856323242,34.69205856323242,92673
2013-09-06,34.6029167175293,34.6029167175293,33.16045379638672,33.54132843017578,33.54132843017578,226316
2013-09-09,33.76823425292969,34.0356559753418,33.68719482421875,34.00324249267578,34.00324249267578,91563
2013-09-10,34.10858917236328,34.562400817871094,33.9708251953125,34.505672454833984,34.505672454833984,93167
2013-09-11,34.505672454833984,35.24311065673828,34.505672454833984,35.1701774597168,35.1701774597168,98473
2013-09-12,35.1701774597168,35.226905822753906,34.538089752197266,34.59481430053711,34.59481430053711,52198
2013-09-13,34.6029167175293,35.1701774597168,34.35170364379883,34.748783111572266,34.748783111572266,108345
2013-09-16,35.032413482666016,35.21879959106445,34.57860565185547,34.910858154296875,34.910858154296875,66389
2013-09-17,34.910858154296875,35.0,34.69205856323242,34.910858154296875,34.910858154296875,64291
2013-09-18,34.82171630859375,36.466773986816406,34.82171630859375,36.42625427246094,36.42625427246094,385131
2013-09-19,36.466773986816406,36.58832931518555,36.03727722167969,36.14262771606445,36.14262771606445,128706
2013-09-20,36.223663330078125,36.33711624145508,35.38087463378906,35.38087463378906,35.38087463378906,149437
2013-09-23,35.316043853759766,35.356563568115234,34.23014450073242,34.86223602294922,34.86223602294922,207065
2013-09-24,35.32415008544922,36.73419952392578,34.99189758300781,36.33711624145508,36.33711624145508,387476
2013-09-25,36.790924072265625,36.8719596862793,35.372772216796875,35.75364685058594,35.75364685058594,166467
2013-09-26,35.71312713623047,35.71312713623047,34.98379135131836,35.32415008544922,35.32415008544922,90699
2013-09-27,35.089141845703125,35.251216888427734,34.59481430053711,35.1701774597168,35.1701774597168,179794
2013-09-30,34.71636962890625,35.696922302246094,34.643436431884766,35.60778045654297,35.60778045654297,276169
2013-10-01,35.85899353027344,38.29011154174805,35.794166564941406,38.24148941040039,38.24148941040039,777050
2013-10-02,37.44732666015625,39.116695404052734,37.358184814453125,38.670989990234375,38.670989990234375,426717
2013-10-03,38.4683952331543,38.82495880126953,37.925445556640625,38.17666244506836,38.17666244506836,309117
2013-10-04,38.087520599365234,38.88978958129883,38.063209533691406,38.6953010559082,38.6953010559082,199538
2013-10-07,38.51701736450195,38.51701736450195,37.803890228271484,37.84440612792969,37.84440612792969,163382
2013-10-08,37.779579162597656,38.346839904785156,36.88816833496094,37.26904296875,37.26904296875,243098
2013-10-09,37.36628723144531,37.36628723144531,36.24797439575195,36.72609329223633,36.72609329223633,219529
2013-10-10,37.02593231201172,37.47163772583008,36.596435546875,37.220420837402344,37.220420837402344,202746
2013-10-11,37.115074157714844,38.17666244506836,36.92058181762695,37.99837875366211,37.99837875366211,209410
2013-10-14,37.72285461425781,38.11993408203125,37.59319305419922,38.047000885009766,38.047000885009766,80457
2013-10-15,37.8363037109375,38.28200912475586,37.75526809692383,37.9011344909668,37.9011344909668,92427
2013-10-16,38.047000885009766,38.816856384277344,37.87682342529297,38.654781341552734,38.654781341552734,140923
2013-10-17,38.55753707885742,38.67909240722656,38.17666244506836,38.346839904785156,38.346839904785156,194355
2013-10-18,38.387359619140625,38.9303092956543,38.31442642211914,38.87358093261719,38.87358093261719,163875
2013-10-21,38.82495880126953,38.90599822998047,38.354942321777344,38.85737228393555,38.85737228393555,154744
2013-10-22,39.14910888671875,39.28687286376953,38.614261627197266,38.914100646972656,38.914100646972656,163999
2013-10-23,38.83306121826172,38.897891998291016,38.25769805908203,38.792545318603516,38.792545318603516,105630
2013-10-24,38.96272277832031,38.96272277832031,38.24148941040039,38.33873748779297,38.33873748779297,152399
2013-10-25,38.41977310180664,38.938411712646484,38.225284576416016,38.84116744995117,38.84116744995117,123153
2013-10-28,38.922203063964844,39.043758392333984,38.18476486206055,38.6953010559082,38.6953010559082,108098
2013-10-29,38.44408416748047,38.98703384399414,38.44408416748047,38.82495880126953,38.82495880126953,102422
2013-10-30,38.865478515625,39.15721130371094,37.91734313964844,38.07941818237305,38.07941818237305,87614
2013-10-31,37.93354797363281,38.98703384399414,37.69043731689453,38.865478515625,38.865478515625,172513
2013-11-01,39.06806945800781,39.205833435058594,38.09562301635742,38.2982177734375,38.2982177734375,163628
2013-11-04,38.30632019042969,38.84116744995117,37.67422866821289,38.68719482421875,38.68719482421875,188802
2013-11-05,39.16531753540039,39.16531753540039,37.99027633666992,38.525123596191406,38.525123596191406,135740
2013-11-06,38.62236785888672,38.85737228393555,38.03889846801758,38.28200912475586,38.28200912475586,89959
2013-11-07,38.3630485534668,38.51701736450195,37.12317657470703,37.75526809692383,37.75526809692383,149561
2013-11-08,38.33873748779297,38.508914947509766,37.803890228271484,38.02268981933594,38.02268981933594,143761
2013-11-11,38.1280403137207,38.346839904785156,37.44732666015625,38.24148941040039,38.24148941040039,145982
2013-11-12,38.29011154174805,40.656402587890625,38.20097351074219,40.194488525390625,40.194488525390625,388216
2013-11-13,39.14910888671875,41.21555709838867,39.14910888671875,41.077796936035156,41.077796936035156,440908
2013-11-14,40.461910247802734,41.81523513793945,40.461910247802734,41.11021041870117,41.11021041870117,282092
2013-11-15,41.264183044433594,41.53970718383789,40.5024299621582,40.81037139892578,40.81037139892578,257536
2013-11-18,40.71312713623047,41.523502349853516,40.02431106567383,40.332252502441406,40.332252502441406,216073
2013-11-19,40.1701774597168,40.940032958984375,39.70016098022461,40.17828369140625,40.17828369140625,129447
2013-11-20,40.40518569946289,40.923824310302734,39.8946533203125,40.34035873413086,40.34035873413086,117600
2013-11-21,40.461910247802734,41.045379638671875,40.24311065673828,40.494327545166016,40.494327545166016,136727
2013-11-22,40.58346939086914,40.93193054199219,40.01620864868164,40.11345291137695,40.11345291137695,203487
2013-11-25,40.17828369140625,40.251216888427734,39.72447204589844,39.99189758300781,39.99189758300781,124634
2013-11-26,40.09724426269531,40.16207504272461,39.27876663208008,39.611019134521484,39.611019134521484,364894
2013-11-27,39.643436431884766,40.15397262573242,39.16531753540039,40.0,40.0,186951
2013-11-29,40.16207504272461,40.85089111328125,39.6029167175293,40.55915832519531,40.55915832519531,136974
2013-12-02,40.802268981933594,41.134521484375,40.048622131347656,40.48622512817383,40.48622512817383,207435
2013-12-03,40.251216888427734,41.0291748046875,39.70826721191406,40.45380783081055,40.45380783081055,331082
2013-12-04,40.34846115112305,40.52674102783203,39.951377868652344,40.30794143676758,40.30794143676758,225575
2013-12-05,40.34035873413086,40.34035873413086,39.58671188354492,39.9351692199707,39.9351692199707,148203
2013-12-06,40.226905822753906,40.57536315917969,39.17341995239258,39.31928634643555,39.31928634643555,385748
2013-12-09,39.31928634643555,39.51377487182617,38.90599822998047,39.303077697753906,39.303077697753906,285424
2013-12-10,39.10858917236328,39.489463806152344,38.98703384399414,39.29497528076172,39.29497528076172,291101
2013-12-11,39.41653060913086,39.67584991455078,39.06806945800781,39.481361389160156,39.481361389160156,244085
2013-12-12,39.55429458618164,40.0,39.489463806152344,39.789302825927734,39.789302825927734,310968
2013-12-13,39.205833435058594,39.643436431884766,37.69043731689453,38.21717834472656,38.21717834472656,594171
2013-12-16,38.249595642089844,38.88168716430664,37.884925842285156,38.063209533691406,38.063209533691406,297641
2013-12-17,38.09562301635742,38.26580047607422,37.72285461425781,38.071311950683594,38.071311950683594,292828
2013-12-18,37.965965270996094,38.354942321777344,37.763370513916016,38.071311950683594,38.071311950683594,274565
2013-12-19,37.9011344909668,38.14424514770508,37.63371276855469,37.87682342529297,37.87682342529297,295913
2013-12-20,37.9011344909668,39.181522369384766,37.9011344909668,39.12479782104492,39.12479782104492,525314
2013-12-23,39.303077697753906,39.74068069458008,39.12479782104492,39.465152740478516,39.465152740478516,155731
2013-12-24,39.57050323486328,40.08103561401367,39.45705032348633,39.611019134521484,39.611019134521484,76261
2013-12-26,39.773094177246094,40.235008239746094,39.773094177246094,40.08103561401367,40.08103561401367,167824
2013-12-27,40.032413482666016,40.45380783081055,39.764991760253906,40.09724426269531,40.09724426269531,123894
2013-12-30,40.032413482666016,40.34035873413086,39.91896438598633,40.316043853759766,40.316043853759766,156224
2013-12-31,40.210697174072266,40.38087463378906,39.611019134521484,40.29173278808594,40.29173278808594,262842
2014-01-02,40.194488525390625,40.26742172241211,39.327392578125,40.20259475708008,40.20259475708008,222984
2014-01-03,40.1701774597168,40.85089111328125,40.16207504272461,40.5024299621582,40.5024299621582,251736
2014-01-06,40.518638610839844,40.672607421875,39.951377868652344,40.45380783081055,40.45380783081055,243838
2014-01-07,40.510536193847656,40.85089111328125,40.38087463378906,40.794166564941406,40.794166564941406,226069
2014-01-08,40.7374382019043,41.936790466308594,40.5024299621582,41.82333755493164,41.82333755493164,336142
2014-01-09,41.73419952392578,42.058345794677734,41.05348587036133,41.17504119873047,41.17504119873047,197934
2014-01-10,41.329010009765625,41.69367980957031,41.02106857299805,41.09400177001953,41.09400177001953,227426
2014-01-13,41.045379638671875,41.33711624145508,40.356563568115234,40.60778045654297,40.60778045654297,174117
2014-01-14,40.615882873535156,41.207454681396484,40.194488525390625,40.24311065673828,40.24311065673828,282216
2014-01-15,40.194488525390625,40.68881607055664,39.99189758300781,40.072933197021484,40.072933197021484,239890
2014-01-16,40.0648307800293,40.09724426269531,39.303077697753906,39.39221954345703,39.39221954345703,250749
2014-01-17,39.15721130371094,39.2625617980957,38.71150588989258,38.7601318359375,38.7601318359375,349592
2014-01-21,38.83306121826172,39.09238052368164,38.209075927734375,38.48460388183594,38.48460388183594,255808
2014-01-22,38.37925338745117,39.14910888671875,38.2982177734375,39.01134490966797,39.01134490966797,349839
2014-01-23,38.94651412963867,39.01134490966797,38.29011154174805,38.897891998291016,38.897891998291016,236064
2014-01-24,38.76823425292969,39.01134490966797,37.22852325439453,38.11993408203125,38.11993408203125,391425
2014-01-27,38.071311950683594,38.897891998291016,37.51215744018555,38.30632019042969,38.30632019042969,390561
2014-01-28,38.371150970458984,38.87358093261719,38.192867279052734,38.403564453125,38.403564453125,191023
2014-01-29,38.24148941040039,38.58995056152344,37.9011344909668,38.0064811706543,38.0064811706543,406850
2014-01-30,38.354942321777344,39.09238052368164,38.02268981933594,38.8006477355957,38.8006477355957,179917
2014-01-31,38.4683952331543,38.638572692871094,37.941654205322266,38.11183166503906,38.11183166503906,218418
2014-02-03,38.17666244506836,38.403564453125,37.35008239746094,37.77147674560547,37.77147674560547,318249
2014-02-04,38.071311950683594,38.2982177734375,37.71474838256836,38.09562301635742,38.09562301635742,237792
2014-02-05,38.087520599365234,38.41167068481445,37.58509063720703,37.94975662231445,37.94975662231445,342312
2014-02-06,38.047000885009766,38.638572692871094,37.86872100830078,38.16045379638672,38.16045379638672,208052
2014-02-07,38.41977310180664,38.792545318603516,38.087520599365234,38.225284576416016,38.225284576416016,184360
2014-02-10,38.27390670776367,39.181522369384766,38.27390670776367,38.98703384399414,38.98703384399414,289126
2014-02-11,38.88978958129883,40.0648307800293,38.50080871582031,39.54619216918945,39.54619216918945,366498
2014-02-12,39.57860565185547,40.00810241699219,39.25445556640625,39.303077697753906,39.303077697753906,188185
2014-02-13,39.059967041015625,39.31118392944336,38.70340347290039,38.792545318603516,38.792545318603516,263829
2014-02-14,38.76823425292969,39.00324249267578,38.58995056152344,38.8006477355957,38.8006477355957,404629
2014-02-18,38.84116744995117,38.9708251953125,38.654781341552734,38.70340347290039,38.70340347290039,283820
2014-02-19,38.46029281616211,38.914100646972656,38.249595642089844,38.60615921020508,38.60615921020508,204721
2014-02-20,38.60615921020508,38.94651412963867,38.14424514770508,38.82495880126953,38.82495880126953,306772
2014-02-21,37.641815185546875,38.17666244506836,35.17828369140625,37.67422866821289,37.67422866821289,2554133
2014-02-24,38.087520599365234,41.0291748046875,38.07941818237305,40.518638610839844,40.518638610839844,907484
2014-02-25,40.518638610839844,40.82658004760742,39.764991760253906,40.129661560058594,40.129661560058594,516799
2014-02-26,40.30794143676758,40.55915832519531,39.643436431884766,40.29983901977539,40.29983901977539,488541
2014-02-27,40.251216888427734,40.623985290527344,39.967586517333984,40.3970832824707,40.3970832824707,207929
2014-02-28,40.437599182128906,40.72123336791992,40.20259475708008,40.372772216796875,40.372772216796875,433134
2014-03-03,40.356563568115234,40.818477630615234,40.0648307800293,40.54294967651367,40.54294967651367,446831
2014-03-04,40.72123336791992,41.11021041870117,40.11345291137695,40.36466979980469,40.36466979980469,476201
2014-03-05,40.44570541381836,40.518638610839844,40.11345291137695,40.388980865478516,40.388980865478516,257906
2014-03-06,40.388980865478516,41.14262771606445,40.316043853759766,40.818477630615234,40.818477630615234,368472
2014-03-07,41.12641906738281,41.16693878173828,40.802268981933594,40.9643440246582,40.9643440246582,224465
2014-03-10,40.956241607666016,41.491085052490234,40.818477630615234,41.329010009765625,41.329010009765625,336388
2014-03-11,41.25607681274414,41.31280517578125,40.388980865478516,40.48622512817383,40.48622512817383,231128
2014-03-12,40.1701774597168,40.534847259521484,40.0648307800293,40.478118896484375,40.478118896484375,180534
2014-03-13,40.54294967651367,40.59157180786133,40.089141845703125,40.27552795410156,40.27552795410156,219652
2014-03-14,40.1701774597168,40.78606033325195,40.11345291137695,40.54294967651367,40.54294967651367,729294
2014-03-17,40.86709976196289,41.17504119873047,40.251216888427734,40.5024299621582,40.5024299621582,184483
2014-03-18,40.518638610839844,40.818477630615234,40.36466979980469,40.58346939086914,40.58346939086914,241617
2014-03-19,40.615882873535156,40.777957916259766,40.02431106567383,40.251216888427734,40.251216888427734,200278
2014-03-20,40.01620864868164,40.599674224853516,39.9351692199707,40.372772216796875,40.372772216796875,133519
2014-03-21,40.44570541381836,40.510536193847656,39.61912536621094,39.667747497558594,39.667747497558594,427828
2014-03-24,39.805511474609375,40.048622131347656,38.249595642089844,38.88978958129883,38.88978958129883,398088
2014-03-25,38.9708251953125,39.47325897216797,38.3630485534668,38.50080871582031,38.50080871582031,196206
2014-03-26,38.630470275878906,39.09238052368164,38.1280403137207,38.31442642211914,38.31442642211914,352801
2014-03-27,38.28200912475586,38.41977310180664,37.17179870605469,38.17666244506836,38.17666244506836,458431
2014-03-28,38.13614273071289,38.66288375854492,38.03889846801758,38.11993408203125,38.11993408203125,232856
2014-03-31,38.063209533691406,38.67909240722656,37.27714538574219,38.54132843017578,38.54132843017578,291841
2014-04-01,38.66288375854492,39.08427810668945,38.346839904785156,39.076175689697266,39.076175689697266,292828
2014-04-02,38.94651412963867,39.538089752197266,38.71150588989258,39.40842819213867,39.40842819213867,304551
2014-04-03,39.41653060913086,39.69205856323242,39.15721130371094,39.562400817871094,39.562400817871094,269752
2014-04-04,39.667747497558594,40.0,38.33873748779297,38.452186584472656,38.452186584472656,238039
2014-04-07,38.41167068481445,38.41167068481445,37.48784255981445,37.75526809692383,37.75526809692383,409565
2014-04-08,37.73095703125,38.09562301635742,37.479740142822266,37.73095703125,37.73095703125,304551
2014-04-09,37.763370513916016,38.735816955566406,37.56888198852539,38.492706298828125,38.492706298828125,336018
2014-04-10,38.371150970458984,38.67909240722656,37.48784255981445,37.73095703125,37.73095703125,430172
2014-04-11,37.57698440551758,37.60940170288086,36.750404357910156,37.12317657470703,37.12317657470703,301219
2014-04-14,37.4392204284668,37.91734313964844,37.12317657470703,37.24473190307617,37.24473190307617,230635
2014-04-15,37.3338737487793,37.374393463134766,36.596435546875,37.317665100097656,37.317665100097656,354158
2014-04-16,37.47163772583008,37.641815185546875,37.14748764038086,37.32577133178711,37.32577133178711,108839
2014-04-17,37.38249588012695,37.779579162597656,37.212318420410156,37.58509063720703,37.58509063720703,146106
2014-04-21,37.51215744018555,37.59319305419922,37.074554443359375,37.30146026611328,37.30146026611328,109579
2014-04-22,37.41490936279297,37.787681579589844,37.27714538574219,37.56888198852539,37.56888198852539,147216
2014-04-23,37.5607795715332,38.33873748779297,37.26904296875,38.30632019042969,38.30632019042969,229524
2014-04-24,38.533226013183594,38.914100646972656,37.45542907714844,37.641815185546875,37.641815185546875,285177
2014-04-25,37.48784255981445,37.48784255981445,36.44246292114258,36.750404357910156,36.750404357910156,224958
2014-04-28,36.72609329223633,37.67422866821289,36.11021041870117,36.39384078979492,36.39384078979492,331946
2014-04-29,36.33711624145508,36.42625427246094,35.86709976196289,36.3046989440918,36.3046989440918,251119
2014-04-30,36.32090759277344,36.474876403808594,35.923824310302734,36.43436050415039,36.43436050415039,507297
2014-05-01,36.345218658447266,37.30146026611328,36.345218658447266,36.82333755493164,36.82333755493164,202870
2014-05-02,36.790924072265625,37.625606536865234,36.66126251220703,37.24473190307617,37.24473190307617,191517
2014-05-05,37.14748764038086,37.601295471191406,36.807132720947266,37.495948791503906,37.495948791503906,190406
2014-05-06,37.317665100097656,37.69043731689453,37.15559387207031,37.30956268310547,37.30956268310547,178930
2014-05-07,37.38249588012695,37.38249588012695,36.807132720947266,37.179901123046875,37.179901123046875,221626
2014-05-08,37.06645202636719,37.72285461425781,37.058345794677734,37.42301559448242,37.42301559448242,324295
2014-05-09,37.38249588012695,38.41977310180664,36.96110153198242,38.21717834472656,38.21717834472656,347494
2014-05-12,38.492706298828125,40.777957916259766,38.492706298828125,40.59157180786133,40.59157180786133,535433
2014-05-13,40.615882873535156,40.82658004760742,40.1053466796875,40.55915832519531,40.55915832519531,335525
2014-05-14,40.226905822753906,40.34035873413086,39.70826721191406,40.08103561401367,40.08103561401367,235077
2014-05-15,39.9351692199707,40.18638610839844,39.521881103515625,40.16207504272461,40.16207504272461,268889
2014-05-16,40.30794143676758,40.332252502441406,39.805511474609375,40.27552795410156,40.27552795410156,88848
2014-05-19,40.11345291137695,40.9643440246582,40.11345291137695,40.940032958984375,40.940032958984375,213729
2014-05-20,40.7374382019043,40.89141082763672,40.226905822753906,40.777957916259766,40.777957916259766,158199
2014-05-21,40.76985549926758,41.09400177001953,40.518638610839844,40.89141082763672,40.89141082763672,146352
2014-05-22,40.899513244628906,41.24797439575195,40.71312713623047,41.21555709838867,41.21555709838867,135740
2014-05-23,41.15883255004883,41.264183044433594,40.89141082763672,41.11021041870117,41.11021041870117,125745
2014-05-27,41.28849411010742,41.807132720947266,41.03727722167969,41.547813415527344,41.547813415527344,134012
2014-05-28,41.32090759277344,41.6369514465332,41.03727722167969,41.491085052490234,41.491085052490234,146106
2014-05-29,41.66126251220703,41.74230194091797,41.207454681396484,41.369529724121094,41.369529724121094,174117
2014-05-30,41.41815185546875,41.523502349853516,41.00486373901367,41.385738372802734,41.385738372802734,231005
2014-06-02,41.57212448120117,41.928688049316406,41.19124984741211,41.69367980957031,41.69367980957031,200648
2014-06-03,41.58022689819336,41.58022689819336,41.134521484375,41.450565338134766,41.450565338134766,138702
2014-06-04,41.40194320678711,41.86385726928711,41.061588287353516,41.16693878173828,41.16693878173828,132408
2014-06-05,41.207454681396484,41.97731018066406,41.077796936035156,41.86385726928711,41.86385726928711,113775
2014-06-06,41.84764862060547,41.936790466308594,41.60453796386719,41.74230194091797,41.74230194091797,120315
2014-06-09,41.669368743896484,42.13938522338867,41.669368743896484,41.7666130065918,41.7666130065918,150671
2014-06-10,41.628849029541016,42.0988655090332,41.28038787841797,41.936790466308594,41.936790466308594,194232
2014-06-11,41.790924072265625,42.520259857177734,41.60453796386719,42.479740142822266,42.479740142822266,215086
2014-06-12,42.54457092285156,42.87682342529297,41.83954620361328,42.2042121887207,42.2042121887207,192751
2014-06-13,42.196109771728516,42.196109771728516,41.74230194091797,42.14748764038086,42.14748764038086,135246
2014-06-16,41.9935188293457,42.090763092041016,41.71799087524414,41.9935188293457,41.9935188293457,140429
2014-06-17,41.81523513793945,42.17179870605469,41.74230194091797,41.97731018066406,41.97731018066406,200402
2014-06-18,42.042137145996094,42.5607795715332,41.9935188293457,42.504051208496094,42.504051208496094,145489
2014-06-19,42.56888198852539,42.56888198852539,42.13938522338867,42.463531494140625,42.463531494140625,134012
2014-06-20,42.374393463134766,42.99837875366211,42.374393463134766,42.7957878112793,42.7957878112793,530620
2014-06-23,42.84440612792969,43.11993408203125,42.341976165771484,42.44732666015625,42.44732666015625,217924
2014-06-24,42.41490936279297,42.536468505859375,42.179901123046875,42.35008239746094,42.35008239746094,205831
2014-06-25,42.26904296875,42.70664596557617,41.645057678222656,42.625606536865234,42.625606536865234,244209
2014-06-26,42.658023834228516,42.658023834228516,42.01782989501953,42.13938522338867,42.13938522338867,172513
2014-06-27,42.06645202636719,43.54132843017578,41.936790466308594,43.42787551879883,43.42787551879883,861332
2014-06-30,40.640193939208984,43.063209533691406,40.24311065673828,42.9011344909668,42.9011344909668,268148
2014-07-01,42.94975662231445,43.29011154174805,42.520259857177734,42.536468505859375,42.536468505859375,242358
2014-07-02,42.35008239746094,42.55267333984375,42.35008239746094,42.52836227416992,42.52836227416992,181768
2014-07-03,42.495948791503906,42.625606536865234,42.13127899169922,42.520259857177734,42.520259857177734,127719
2014-07-07,42.3338737487793,42.44732666015625,42.06645202636719,42.42301559448242,42.42301559448242,110690
2014-07-08,42.39059829711914,42.463531494140625,41.653160095214844,41.78282165527344,41.78282165527344,198180
2014-07-09,41.96110153198242,41.96110153198242,41.474876403808594,41.56401824951172,41.56401824951172,116366
2014-07-10,40.72123336791992,41.69367980957031,40.518638610839844,41.612640380859375,41.612640380859375,234830
2014-07-11,41.6369514465332,42.042137145996094,41.60453796386719,41.969207763671875,41.969207763671875,196206
2014-07-14,42.14748764038086,42.779579162597656,42.13938522338867,42.196109771728516,42.196109771728516,179794
2014-07-15,42.30956268310547,42.36628723144531,41.48298263549805,41.912479400634766,41.912479400634766,186087
2014-07-16,42.10696792602539,42.27714538574219,41.952999114990234,42.042137145996094,42.042137145996094,316644
2014-07-17,41.97731018066406,42.54457092285156,41.44246292114258,41.491085052490234,41.491085052490234,124634
2014-07-18,41.6369514465332,42.00972366333008,41.596435546875,41.98541259765625,41.98541259765625,174241
2014-07-21,41.86385726928711,42.12317657470703,41.523502349853516,41.67747116088867,41.67747116088867,167207
2014-07-22,41.75851058959961,42.43111801147461,41.75851058959961,42.317665100097656,42.317665100097656,241124
2014-07-23,42.32577133178711,42.5607795715332,41.81523513793945,42.15559387207031,42.15559387207031,111924
2014-07-24,42.220420837402344,42.374393463134766,41.928688049316406,42.115074157714844,42.115074157714844,146846
2014-07-25,41.896270751953125,41.98541259765625,41.3046989440918,41.329010009765625,41.329010009765625,134753
2014-07-28,41.329010009765625,41.329010009765625,40.81037139892578,40.899513244628906,40.899513244628906,233966
2014-07-29,40.899513244628906,41.40194320678711,40.44570541381836,41.00486373901367,41.00486373901367,400186
2014-07-30,41.28038787841797,41.8719596862793,40.9643440246582,41.70988845825195,41.70988845825195,184977
2014-07-31,41.466773986816406,41.49919128417969,40.940032958984375,41.085899353027344,41.085899353027344,175598
2014-08-01,40.98865509033203,41.11021041870117,40.30794143676758,40.599674224853516,40.599674224853516,175228
2014-08-04,40.64829635620117,41.21555709838867,40.5672607421875,41.102108001708984,41.102108001708984,117477
2014-08-05,40.923824310302734,41.474876403808594,40.76985549926758,40.87520217895508,40.87520217895508,111430
2014-08-06,40.78606033325195,41.361427307128906,40.78606033325195,41.00486373901367,41.00486373901367,222490
2014-08-07,42.00162124633789,42.00162124633789,39.39221954345703,39.85413360595703,39.85413360595703,214346
2014-08-08,40.08103561401367,40.08103561401367,39.01134490966797,39.69205856323242,39.69205856323242,189542
2014-08-11,39.97568893432617,40.316043853759766,39.789302825927734,40.12155532836914,40.12155532836914,179424
2014-08-12,39.951377868652344,40.13776397705078,39.748783111572266,40.04051971435547,40.04051971435547,115626
2014-08-13,40.29983901977539,40.30794143676758,39.40842819213867,39.57860565185547,39.57860565185547,183126
2014-08-14,39.51377487182617,39.85413360595703,39.21393966674805,39.39221954345703,39.39221954345703,356503
2014-08-15,39.611019134521484,39.8298225402832,38.865478515625,39.181522369384766,39.181522369384766,275305
2014-08-18,39.197731018066406,39.79740524291992,39.10858917236328,39.69205856323242,39.69205856323242,207929
2014-08-19,39.65153884887695,40.08103561401367,39.54619216918945,39.667747497558594,39.667747497558594,205461
2014-08-20,39.59481430053711,40.316043853759766,39.59481430053711,39.951377868652344,39.951377868652344,211631
2014-08-21,39.97568893432617,40.372772216796875,39.82171630859375,40.17828369140625,40.17828369140625,217307
2014-08-22,40.15397262573242,40.32415008544922,39.95948028564453,40.21879959106445,40.21879959106445,128336
2014-08-25,40.534847259521484,40.696922302246094,40.056724548339844,40.08103561401367,40.08103561401367,140429
2014-08-26,40.056724548339844,40.75364685058594,40.056724548339844,40.28363037109375,40.28363037109375,128953
2014-08-27,40.356563568115234,40.356563568115234,40.0,40.11345291137695,40.11345291137695,124511
2014-08-28,39.91896438598633,40.372772216796875,39.71636962890625,40.372772216796875,40.372772216796875,128213
2014-08-29,40.478118896484375,41.0291748046875,40.388980865478516,40.86709976196289,40.86709976196289,155731
2014-09-02,41.102108001708984,41.653160095214844,41.01296615600586,41.15883255004883,41.15883255004883,313559
2014-09-03,41.32090759277344,41.44246292114258,41.2398681640625,41.37763214111328,41.37763214111328,129076
2014-09-04,41.55591583251953,41.807132720947266,40.818477630615234,41.134521484375,41.134521484375,109579
2014-09-05,41.23176574707031,41.85575485229492,40.55915832519531,41.42625427246094,41.42625427246094,82801
2014-09-08,41.361427307128906,41.72609329223633,41.25607681274414,41.44246292114258,41.44246292114258,126732
2014-09-09,41.329010009765625,41.66126251220703,41.14262771606445,41.361427307128906,41.361427307128906,113775
2014-09-10,41.361427307128906,41.596435546875,41.329010009765625,41.5316047668457,41.5316047668457,97239
2014-09-11,41.41004943847656,41.82333755493164,41.35332489013672,41.74230194091797,41.74230194091797,103286
2014-09-12,41.645057678222656,41.78282165527344,41.329010009765625,41.474876403808594,41.474876403808594,151659
2014-09-15,41.32090759277344,41.58022689819336,41.207454681396484,41.450565338134766,41.450565338134766,161284
2014-09-16,41.43436050415039,41.466773986816406,40.98865509033203,41.24797439575195,41.24797439575195,136234
2014-09-17,41.207454681396484,41.56401824951172,41.134521484375,41.43436050415039,41.43436050415039,171279
2014-09-18,41.42625427246094,41.62074661254883,41.183143615722656,41.547813415527344,41.547813415527344,273331
2014-09-19,41.58832931518555,41.653160095214844,41.24797439575195,41.40194320678711,41.40194320678711,465465
2014-09-22,41.32090759277344,41.329010009765625,40.71312713623047,40.85899353027344,40.85899353027344,156348
2014-09-23,40.78606033325195,41.0291748046875,40.599674224853516,40.60778045654297,40.60778045654297,157212
2014-09-24,40.58346939086914,40.899513244628906,40.18638610839844,40.34035873413086,40.34035873413086,119451
2014-09-25,40.13776397705078,40.194488525390625,39.47325897216797,39.8298225402832,39.8298225402832,198180
2014-09-26,39.8298225402832,40.01620864868164,39.55429458618164,39.90275573730469,39.90275573730469,110073
2014-09-29,39.54619216918945,40.13776397705078,39.35170364379883,39.65153884887695,39.65153884887695,137961
2014-09-30,39.6029167175293,39.643436431884766,38.97893142700195,39.51377487182617,39.51377487182617,161901
2014-10-01,39.29497528076172,39.29497528076172,37.73905944824219,37.965965270996094,37.965965270996094,326023
2014-10-02,37.8363037109375,38.24148941040039,37.32577133178711,37.8363037109375,37.8363037109375,160914
2014-10-03,37.941654205322266,38.13614273071289,37.73905944824219,38.01458740234375,38.01458740234375,164739
2014-10-06,38.071311950683594,38.225284576416016,37.520259857177734,37.925445556640625,37.925445556640625,118341
2014-10-07,37.59319305419922,37.89303207397461,37.058345794677734,37.0988655090332,37.0988655090332,96869
2014-10-08,37.00162124633789,37.08265686035156,36.31280517578125,36.952999114990234,36.952999114990234,160914
2014-10-09,36.831443786621094,37.0988655090332,36.11021041870117,36.58832931518555,36.58832931518555,227550
2014-10-10,36.49919128417969,36.547813415527344,35.66450500488281,35.91572189331055,35.91572189331055,205831
2014-10-13,36.01296615600586,36.28849411010742,35.32415008544922,35.55915832519531,35.55915832519531,282463
2014-10-14,35.64829635620117,36.12641906738281,35.372772216796875,35.696922302246094,35.696922302246094,236805
2014-10-15,35.34846115112305,35.86709976196289,34.84602737426758,35.794166564941406,35.794166564941406,265804
2014-10-16,35.30794143676758,36.466773986816406,35.30794143676758,36.061588287353516,36.061588287353516,148820
2014-10-17,35.623985290527344,36.51539611816406,35.42949676513672,36.1993522644043,36.1993522644043,185594
2014-10-20,36.2398681640625,36.58832931518555,35.97244644165039,36.49919128417969,36.49919128417969,209533
2014-10-21,36.669368743896484,37.4392204284668,36.41815185546875,37.30146026611328,37.30146026611328,137591
2014-10-22,37.42301559448242,37.86061477661133,36.81523513793945,36.85575485229492,36.85575485229492,142280
2014-10-23,37.179901123046875,37.820098876953125,37.179901123046875,37.358184814453125,37.358184814453125,122660
2014-10-24,37.479740142822266,37.73905944824219,37.034034729003906,37.536468505859375,37.536468505859375,97856
2014-10-27,37.495948791503906,37.73905944824219,37.24473190307617,37.54457092285156,37.54457092285156,60836
2014-10-28,37.73905944824219,37.909236907958984,37.504051208496094,37.820098876953125,37.820098876953125,127719
2014-10-29,37.9011344909668,37.99837875366211,37.479740142822266,37.763370513916016,37.763370513916016,92673
2014-10-30,37.72285461425781,38.030792236328125,37.45542907714844,37.77147674560547,37.77147674560547,92673
2014-10-31,38.30632019042969,38.346839904785156,37.6661262512207,37.86872100830078,37.86872100830078,216320
2014-11-03,37.8363037109375,38.25769805908203,37.820098876953125,38.18476486206055,38.18476486206055,247417
2014-11-04,38.071311950683594,38.27390670776367,36.90437698364258,37.05024337768555,37.05024337768555,334908
2014-11-05,37.27714538574219,37.82820129394531,36.912479400634766,37.1636962890625,37.1636962890625,313066
2014-11-06,37.35008239746094,40.1053466796875,37.35008239746094,39.33549499511719,39.33549499511719,377727
2014-11-07,39.45705032348633,40.494327545166016,38.90599822998047,40.41328811645508,40.41328811645508,414871
2014-11-10,40.28363037109375,40.28363037109375,39.481361389160156,39.52998352050781,39.52998352050781,291594
2014-11-11,39.39221954345703,40.08103561401367,39.15721130371094,39.51377487182617,39.51377487182617,183866
2014-11-12,39.52998352050781,39.91896438598633,39.47325897216797,39.65153884887695,39.65153884887695,144255
2014-11-13,39.951377868652344,40.78606033325195,39.65964126586914,40.640193939208984,40.640193939208984,281599
2014-11-14,40.802268981933594,41.102108001708984,40.478118896484375,41.00486373901367,41.00486373901367,206942
2014-11-17,40.41328811645508,41.183143615722656,40.41328811645508,40.68071365356445,40.68071365356445,156471
2014-11-18,40.11345291137695,40.883304595947266,40.11345291137695,40.59157180786133,40.59157180786133,167084
2014-11-19,40.64829635620117,41.00486373901367,40.235008239746094,40.70502471923828,40.70502471923828,222984
2014-11-20,40.461910247802734,42.495948791503906,40.437599182128906,42.26904296875,42.26904296875,371804
2014-11-21,42.54457092285156,42.86061477661133,42.179901123046875,42.641815185546875,42.641815185546875,306649
2014-11-24,42.820098876953125,43.13614273071289,42.641815185546875,42.98217010498047,42.98217010498047,247911
2014-11-25,42.94975662231445,43.11183166503906,42.4392204284668,42.73905944824219,42.73905944824219,218418
2014-11-26,42.8363037109375,43.525123596191406,42.601295471191406,43.32252883911133,43.32252883911133,160297
2014-11-28,43.30632019042969,43.90599822998047,43.05510330200195,43.66288375854492,43.66288375854492,118094
2014-12-01,43.33873748779297,43.670989990234375,43.03889846801758,43.168556213378906,43.168556213378906,291594
2014-12-02,43.103729248046875,43.25769805908203,42.44732666015625,42.73095703125,42.73095703125,202006
2014-12-03,42.87682342529297,42.87682342529297,42.3338737487793,42.41490936279297,42.41490936279297,209533
2014-12-04,42.30956268310547,42.641815185546875,41.62074661254883,42.463531494140625,42.463531494140625,266914
2014-12-05,42.43111801147461,42.94975662231445,42.398704528808594,42.86872100830078,42.86872100830078,314793
2014-12-08,42.779579162597656,43.20097351074219,42.479740142822266,42.641815185546875,42.641815185546875,249638
2014-12-09,42.179901123046875,42.59319305419922,41.7017822265625,42.212318420410156,42.212318420410156,179917
2014-12-10,42.220420837402344,42.42301559448242,41.17504119873047,41.3046989440918,41.3046989440918,155854
2014-12-11,41.55591583251953,42.15559387207031,41.102108001708984,41.15073013305664,41.15073013305664,102052
2014-12-12,40.82658004760742,41.134521484375,40.52674102783203,40.70502471923828,40.70502471923828,115626
2014-12-15,40.9643440246582,41.41815185546875,39.505672454833984,40.29983901977539,40.29983901977539,231622
2014-12-16,40.08103561401367,40.78606033325195,39.71636962890625,39.805511474609375,39.805511474609375,163258
2014-12-17,39.79740524291992,40.85089111328125,39.52998352050781,40.57536315917969,40.57536315917969,160543
2014-12-18,41.085899353027344,41.35332489013672,40.818477630615234,41.15073013305664,41.15073013305664,135493
2014-12-19,41.27228546142578,41.5316047668457,40.87520217895508,41.329010009765625,41.329010009765625,230018
2014-12-22,41.41815185546875,41.81523513793945,41.05348587036133,41.35332489013672,41.35332489013672,115996
2014-12-23,42.02593231201172,42.27714538574219,41.061588287353516,41.896270751953125,41.896270751953125,182015
2014-12-24,41.896270751953125,42.820098876953125,41.774715423583984,42.17179870605469,42.17179870605469,103039
2014-12-26,42.28525161743164,42.48784255981445,42.08265686035156,42.13938522338867,42.13938522338867,66266
2014-12-29,42.14748764038086,43.030792236328125,41.83954620361328,42.58509063720703,42.58509063720703,187815
2014-12-30,42.398704528808594,42.641815185546875,41.952999114990234,42.463531494140625,42.463531494140625,144255
2014-12-31,42.48784255981445,42.67422866821289,41.952999114990234,42.54457092285156,42.54457092285156,181275
2015-01-02,42.56888198852539,42.71474838256836,41.68557357788086,42.2042121887207,42.2042121887207,183002
2015-01-05,41.74230194091797,41.94489669799805,40.48622512817383,40.615882873535156,40.615882873535156,349592
2015-01-06,40.518638610839844,41.03727722167969,40.226905822753906,40.47001647949219,40.47001647949219,593924
2015-01-07,40.72123336791992,40.87520217895508,39.667747497558594,40.0,40.0,173871
2015-01-08,40.41328811645508,41.69367980957031,40.332252502441406,41.596435546875,41.596435546875,296530
2015-01-09,41.628849029541016,42.54457092285156,41.31280517578125,41.969207763671875,41.969207763671875,278390
2015-01-12,41.85575485229492,42.22852325439453,41.28038787841797,41.645057678222656,41.645057678222656,174488
2015-01-13,41.82333755493164,42.60940170288086,41.645057678222656,41.88006591796875,41.88006591796875,136974
2015-01-14,41.39384078979492,41.83954620361328,40.956241607666016,41.60453796386719,41.60453796386719,125004
2015-01-15,41.68557357788086,41.79902648925781,40.672607421875,41.00486373901367,41.00486373901367,153139
2015-01-16,40.89141082763672,41.44246292114258,40.55915832519531,41.361427307128906,41.361427307128906,145982
2015-01-20,41.385738372802734,41.928688049316406,41.28038787841797,41.491085052490234,41.491085052490234,152646
2015-01-21,41.39384078979492,41.90437698364258,41.385738372802734,41.79902648925781,41.79902648925781,126238
2015-01-22,41.90437698364258,42.84440612792969,41.85575485229492,42.56888198852539,42.56888198852539,202623
2015-01-23,42.54457092285156,42.82820129394531,42.35008239746094,42.4392204284668,42.4392204284668,203980
2015-01-26,42.32577133178711,42.86061477661133,42.00162124633789,42.82820129394531,42.82820129394531,148574
2015-01-27,42.212318420410156,42.884925842285156,42.00972366333008,42.54457092285156,42.54457092285156,137838
2015-01-28,42.7957878112793,43.030792236328125,42.317665100097656,42.36628723144531,42.36628723144531,161777
2015-01-29,42.463531494140625,42.94975662231445,42.01782989501953,42.9011344909668,42.9011344909668,167947
2015-01-30,42.61750411987305,43.0064811706543,42.14748764038086,42.27714538574219,42.27714538574219,219282
2015-02-02,42.463531494140625,42.75526809692383,41.645057678222656,42.25283432006836,42.25283432006836,166220
2015-02-03,42.44732666015625,43.28200912475586,42.30956268310547,43.249595642089844,43.249595642089844,119945
2015-02-04,43.192867279052734,43.31442642211914,42.72285461425781,42.82820129394531,42.82820129394531,233596
2015-02-05,42.884925842285156,43.549434661865234,42.72285461425781,43.508914947509766,43.508914947509766,165726
2015-02-06,43.525123596191406,43.533226013183594,42.94975662231445,43.28200912475586,43.28200912475586,96499
2015-02-09,43.17666244506836,43.476497650146484,42.909236907958984,43.41977310180664,43.41977310180664,63798
2015-02-10,43.638572692871094,43.638572692871094,43.20097351074219,43.525123596191406,43.525123596191406,127472
2015-02-11,43.4683952331543,43.71150588989258,43.41977310180664,43.55753707885742,43.55753707885742,67623
2015-02-12,43.59805679321289,44.52998352050781,43.59805679321289,44.15721130371094,44.15721130371094,151535
2015-02-13,44.327392578125,44.95948028564453,44.17341995239258,44.63533020019531,44.63533020019531,224094
2015-02-17,44.63533020019531,44.69205856323242,43.792545318603516,44.55429458618164,44.55429458618164,91439
2015-02-18,44.538089752197266,44.85413360595703,44.15721130371094,44.764991760253906,44.764991760253906,190283
2015-02-19,44.74068069458008,44.90275573730469,43.452186584472656,44.059967041015625,44.059967041015625,217184
2015-02-20,45.38087463378906,45.38087463378906,44.06806945800781,44.82171630859375,44.82171630859375,223107
2015-02-23,44.870338439941406,44.870338439941406,44.27876663208008,44.489463806152344,44.489463806152344,225328
2015-02-24,44.40842819213867,44.74068069458008,43.98703384399414,44.18962860107422,44.18962860107422,258893
2015-02-25,44.100486755371094,44.521881103515625,43.78444290161133,43.98703384399414,43.98703384399414,88108
2015-02-26,43.83306121826172,44.019447326660156,43.56563949584961,43.71961212158203,43.71961212158203,95882
2015-02-27,43.55753707885742,44.08427810668945,43.1280403137207,44.043758392333984,44.043758392333984,225699
2015-03-02,43.922203063964844,44.40842819213867,43.7601318359375,44.33549499511719,44.33549499511719,146229
2015-03-03,44.27066421508789,44.967586517333984,44.09238052368164,44.55429458618164,44.55429458618164,208546
2015-03-04,44.61912536621094,44.748783111572266,43.192867279052734,43.2982177734375,43.2982177734375,122289
2015-03-05,43.41167068481445,43.42787551879883,42.99837875366211,43.39546203613281,43.39546203613281,82925
2015-03-06,43.2333869934082,43.57374572753906,43.11183166503906,43.492706298828125,43.492706298828125,116613
2015-03-09,43.525123596191406,43.55753707885742,42.86872100830078,42.91734313964844,42.91734313964844,77002
2015-03-10,42.48784255981445,42.48784255981445,41.11831283569336,41.11831283569336,41.11831283569336,214963
2015-03-11,41.11831283569336,41.912479400634766,40.55915832519531,41.90437698364258,41.90437698364258,243592
2015-03-12,42.1636962890625,42.30956268310547,41.474876403808594,42.212318420410156,42.212318420410156,104150
2015-03-13,42.212318420410156,42.212318420410156,41.207454681396484,41.450565338134766,41.450565338134766,81444
2015-03-16,41.474876403808594,41.88816833496094,41.37763214111328,41.72609329223633,41.72609329223633,84899
2015-03-17,41.55591583251953,41.55591583251953,40.980552673339844,41.32090759277344,41.32090759277344,238409
2015-03-18,41.15073013305664,41.57212448120117,40.90761947631836,41.345218658447266,41.345218658447266,157335
2015-03-19,41.1993522644043,41.45867156982422,40.85089111328125,41.33711624145508,41.33711624145508,170292
2015-03-20,41.58832931518555,42.18800735473633,41.41004943847656,42.058345794677734,42.058345794677734,208423
2015-03-23,42.00972366333008,42.51215744018555,41.66126251220703,41.952999114990234,41.952999114990234,172760
2015-03-24,41.98541259765625,42.13127899169922,41.69367980957031,41.82333755493164,41.82333755493164,115379
2015-03-25,41.928688049316406,42.01782989501953,41.23176574707031,41.3046989440918,41.3046989440918,149808
2015-03-26,41.183143615722656,41.53970718383789,40.6320915222168,41.14262771606445,41.14262771606445,160173
2015-03-27,40.99675750732422,41.612640380859375,40.99675750732422,41.49919128417969,41.49919128417969,115626
2015-03-30,41.596435546875,42.179901123046875,41.596435546875,42.042137145996094,42.042137145996094,89465
2015-03-31,41.807132720947266,42.22852325439453,41.369529724121094,41.912479400634766,41.912479400634766,170786
2015-04-01,42.058345794677734,42.30146026611328,41.329010009765625,41.952999114990234,41.952999114990234,161901
2015-04-02,41.68557357788086,41.807132720947266,41.17504119873047,41.57212448120117,41.57212448120117,223354
2015-04-06,41.23176574707031,42.115074157714844,40.761749267578125,41.56401824951172,41.56401824951172,107358
2015-04-07,41.57212448120117,41.72609329223633,41.28849411010742,41.41004943847656,41.41004943847656,135863
2015-04-08,41.369529724121094,41.669368743896484,41.183143615722656,41.523502349853516,41.523502349853516,96499
2015-04-09,41.5316047668457,42.74716567993164,41.5316047668457,42.70664596557617,42.70664596557617,151659
2015-04-10,42.74716567993164,42.82820129394531,41.9935188293457,42.02593231201172,42.02593231201172,86133
2015-04-13,42.15559387207031,42.32577133178711,41.69367980957031,41.72609329223633,41.72609329223633,71449
2015-04-14,41.79902648925781,42.01782989501953,41.41815185546875,41.71799087524414,41.71799087524414,67623
2015-04-15,41.82333755493164,42.02593231201172,41.56401824951172,42.02593231201172,42.02593231201172,102422
2015-04-16,41.82333755493164,42.48784255981445,41.653160095214844,42.45542907714844,42.45542907714844,94401
2015-04-17,42.01782989501953,42.220420837402344,41.29659652709961,41.361427307128906,41.361427307128906,71078
2015-04-20,41.67747116088867,41.81523513793945,41.2398681640625,41.72609329223633,41.72609329223633,95882
2015-04-21,41.96110153198242,42.074554443359375,41.39384078979492,41.507293701171875,41.507293701171875,76878
2015-04-22,41.68557357788086,41.74230194091797,41.09400177001953,41.3046989440918,41.3046989440918,64168
2015-04-23,41.23176574707031,41.928688049316406,41.11021041870117,41.62074661254883,41.62074661254883,129693
2015-04-24,41.72609329223633,41.8719596862793,41.24797439575195,41.70988845825195,41.70988845825195,80950
2015-04-27,41.653160095214844,41.807132720947266,41.045379638671875,41.31280517578125,41.31280517578125,79470
2015-04-28,41.207454681396484,42.14748764038086,41.05348587036133,41.78282165527344,41.78282165527344,233596
2015-04-29,41.750404357910156,42.1636962890625,41.17504119873047,41.48298263549805,41.48298263549805,108469
2015-04-30,41.41815185546875,41.43436050415039,40.0,40.518638610839844,40.518638610839844,171773
2015-05-01,41.02106857299805,41.02106857299805,40.235008239746094,40.72123336791992,40.72123336791992,107728
2015-05-04,40.66450500488281,41.061588287353516,40.42139434814453,40.87520217895508,40.87520217895508,73423
2015-05-05,40.82658004760742,42.08265686035156,40.47001647949219,40.923824310302734,40.923824310302734,177449
2015-05-06,40.9643440246582,41.102108001708984,40.32415008544922,40.87520217895508,40.87520217895508,184606
2015-05-07,40.47001647949219,40.5024299621582,38.90599822998047,39.73257827758789,39.73257827758789,359711
2015-05-08,39.86223602294922,39.943275451660156,39.27876663208008,39.4975700378418,39.4975700378418,123277
2015-05-11,39.33549499511719,40.0648307800293,39.12479782104492,39.927066802978516,39.927066802978516,174611
2015-05-12,39.70826721191406,40.251216888427734,39.39221954345703,40.1053466796875,40.1053466796875,223724
2015-05-13,40.15397262573242,40.494327545166016,39.73257827758789,39.81361389160156,39.81361389160156,85886
2015-05-14,39.99189758300781,40.1053466796875,39.61912536621094,39.87844467163086,39.87844467163086,73423
2015-05-15,39.87844467163086,40.16207504272461,39.42463684082031,39.81361389160156,39.81361389160156,90082
2015-05-18,39.70826721191406,40.437599182128906,39.70826721191406,40.356563568115234,40.356563568115234,95388
2015-05-19,40.09724426269531,40.3970832824707,39.86223602294922,39.943275451660156,39.943275451660156,84282
2015-05-20,39.8946533203125,40.372772216796875,39.73257827758789,40.24311065673828,40.24311065673828,110937
2015-05-21,40.129661560058594,40.30794143676758,39.8946533203125,40.1053466796875,40.1053466796875,88848
2015-05-22,40.1053466796875,40.599674224853516,39.943275451660156,40.437599182128906,40.437599182128906,146352
2015-05-26,40.38087463378906,40.38087463378906,39.59481430053711,39.72447204589844,39.72447204589844,125621
2015-05-27,39.71636962890625,40.29173278808594,39.57050323486328,40.02431106567383,40.02431106567383,119945
2015-05-28,39.91896438598633,40.623985290527344,39.91896438598633,40.534847259521484,40.534847259521484,164986
2015-05-29,40.44570541381836,40.93193054199219,40.388980865478516,40.599674224853516,40.599674224853516,138948
2015-06-01,40.518638610839844,41.40194320678711,40.437599182128906,41.33711624145508,41.33711624145508,196329
2015-06-02,41.11831283569336,41.57212448120117,40.956241607666016,41.33711624145508,41.33711624145508,163628
2015-06-03,41.39384078979492,41.596435546875,41.09400177001953,41.345218658447266,41.345218658447266,98967
2015-06-04,41.207454681396484,41.60453796386719,40.71312713623047,41.547813415527344,41.547813415527344,164862
2015-06-05,41.48298263549805,41.70988845825195,41.045379638671875,41.70988845825195,41.70988845825195,130681
2015-06-08,41.491085052490234,41.70988845825195,41.21555709838867,41.39384078979492,41.39384078979492,250625
2015-06-09,41.15073013305664,41.60453796386719,40.81037139892578,41.474876403808594,41.474876403808594,135493
2015-06-10,41.67747116088867,42.058345794677734,41.53970718383789,41.75851058959961,41.75851058959961,130681
2015-06-11,41.790924072265625,41.79902648925781,41.183143615722656,41.329010009765625,41.329010009765625,288756
2015-06-12,41.24797439575195,41.48298263549805,41.102108001708984,41.474876403808594,41.474876403808594,116490
2015-06-15,41.11021041870117,41.11021041870117,40.21879959106445,40.72933578491211,40.72933578491211,212988
2015-06-16,40.5672607421875,40.84278869628906,40.26742172241211,40.42949676513672,40.42949676513672,155237
2015-06-17,40.518638610839844,40.76985549926758,40.16207504272461,40.36466979980469,40.36466979980469,90699
2015-06-18,40.42139434814453,41.28849411010742,40.42139434814453,41.21555709838867,41.21555709838867,374025
2015-06-19,41.37763214111328,41.523502349853516,40.899513244628906,41.03727722167969,41.03727722167969,206201
2015-06-22,41.077796936035156,41.085899353027344,40.78606033325195,40.85899353027344,40.85899353027344,209410
2015-06-23,40.90761947631836,41.0696907043457,40.82658004760742,41.00486373901367,41.00486373901367,153263
2015-06-24,40.93193054199219,41.05348587036133,40.18638610839844,40.372772216796875,40.372772216796875,120068
2015-06-25,40.372772216796875,40.59157180786133,40.226905822753906,40.36466979980469,40.36466979980469,126732
2015-06-26,40.29983901977539,40.58346939086914,39.789302825927734,39.870338439941406,39.870338439941406,903165
2015-06-29,39.197731018066406,39.489463806152344,38.735816955566406,38.85737228393555,38.85737228393555,191023
2015-06-30,38.735816955566406,39.643436431884766,38.735816955566406,39.44894790649414,39.44894790649414,366375
2015-07-01,39.69205856323242,40.14586639404297,39.3679084777832,39.943275451660156,39.943275451660156,243592
2015-07-02,39.773094177246094,39.910858154296875,38.549434661865234,38.78444290161133,38.78444290161133,277156
2015-07-06,38.11183166503906,39.14910888671875,37.41490936279297,39.0356559753418,39.0356559753418,229894
2015-07-07,39.21393966674805,39.21393966674805,37.55267333984375,38.914100646972656,38.914100646972656,210027
2015-07-08,38.76823425292969,39.076175689697266,37.82820129394531,38.20097351074219,38.20097351074219,159926
2015-07-09,38.549434661865234,38.897891998291016,37.909236907958984,38.030792236328125,38.030792236328125,145735
2015-07-10,38.354942321777344,38.508914947509766,37.85251235961914,38.192867279052734,38.192867279052734,151535
2015-07-13,38.29011154174805,39.222042083740234,38.29011154174805,39.02755355834961,39.02755355834961,156224
2015-07-14,38.88978958129883,38.98703384399414,38.60615921020508,38.78444290161133,38.78444290161133,93290
2015-07-15,38.897891998291016,38.897891998291016,38.4683952331543,38.78444290161133,38.78444290161133,130064
2015-07-16,38.897891998291016,39.2625617980957,38.83306121826172,39.12479782104492,39.12479782104492,127966
2015-07-17,39.18962860107422,39.23014450073242,38.68719482421875,38.865478515625,38.865478515625,234213
2015-07-20,38.914100646972656,38.914100646972656,38.13614273071289,38.533226013183594,38.533226013183594,205338
2015-07-21,38.533226013183594,38.614261627197266,37.93354797363281,38.16045379638672,38.16045379638672,86257
2015-07-22,38.071311950683594,38.20097351074219,37.55267333984375,37.67422866821289,37.67422866821289,100941
2015-07-23,37.73095703125,37.941654205322266,37.52836227416992,37.71474838256836,37.71474838256836,104150
2015-07-24,37.8363037109375,37.99027633666992,37.18800735473633,37.59319305419922,37.59319305419922,128953
2015-07-27,37.479740142822266,37.5607795715332,36.896270751953125,37.06645202636719,37.06645202636719,97980
2015-07-28,36.92058181762695,37.29335403442383,36.58832931518555,37.212318420410156,37.212318420410156,151412
2015-07-29,37.22852325439453,37.658023834228516,37.05024337768555,37.56888198852539,37.56888198852539,108962
2015-07-30,37.495948791503906,37.803890228271484,37.41490936279297,37.67422866821289,37.67422866821289,174364
2015-07-31,37.71474838256836,37.98217010498047,37.39059829711914,37.61750411987305,37.61750411987305,143884
2015-08-03,37.536468505859375,38.071311950683594,37.4392204284668,37.787681579589844,37.787681579589844,145489
2015-08-04,37.87682342529297,38.26580047607422,37.625606536865234,38.07941818237305,38.07941818237305,194602
2015-08-05,38.071311950683594,38.614261627197266,37.97406768798828,38.225284576416016,38.225284576416016,174858
2015-08-06,37.8363037109375,38.533226013183594,37.24473190307617,38.11993408203125,38.11993408203125,142897
2015-08-07,37.925445556640625,38.16045379638672,37.14748764038086,37.625606536865234,37.625606536865234,164369
2015-08-10,37.81199264526367,38.30632019042969,37.40680694580078,38.225284576416016,38.225284576416016,122413
2015-08-11,37.495948791503906,38.21717834472656,37.15559387207031,37.85251235961914,37.85251235961914,188555
2015-08-12,37.44732666015625,38.20097351074219,37.26904296875,37.658023834228516,37.658023834228516,144501
2015-08-13,37.763370513916016,37.941654205322266,37.10696792602539,37.27714538574219,37.27714538574219,86997
2015-08-14,37.212318420410156,37.85251235961914,37.212318420410156,37.625606536865234,37.625606536865234,104026
2015-08-17,37.601295471191406,38.05510330200195,37.18800735473633,37.884925842285156,37.884925842285156,104767
2015-08-18,37.641815185546875,38.047000885009766,37.0988655090332,37.72285461425781,37.72285461425781,133766
2015-08-19,37.43111801147461,37.763370513916016,36.92058181762695,37.625606536865234,37.625606536865234,175598
2015-08-20,37.13127899169922,37.358184814453125,36.57212448120117,36.807132720947266,36.807132720947266,166220
2015-08-21,36.51539611816406,36.596435546875,35.16207504272461,35.5024299621582,35.5024299621582,304058
2015-08-24,33.330631256103516,34.967586517333984,32.43111801147461,34.0356559753418,34.0356559753418,339350
2015-08-25,35.00810241699219,35.00810241699219,33.938411712646484,34.05186462402344,34.05186462402344,299985
2015-08-26,34.79740524291992,35.226905822753906,34.10858917236328,35.14586639404297,35.14586639404297,204844
2015-08-27,35.52674102783203,36.5316047668457,35.226905822753906,36.15883255004883,36.15883255004883,146352
2015-08-28,36.09400177001953,36.53970718383789,35.899513244628906,36.134521484375,36.134521484375,119821
2015-08-31,35.85089111328125,36.58022689819336,35.64829635620117,36.14262771606445,36.14262771606445,238902
2015-09-01,35.494327545166016,36.14262771606445,35.09724426269531,35.18638610839844,35.18638610839844,197810
2015-09-02,35.57536315917969,35.72933578491211,34.91896438598633,35.70502471923828,35.70502471923828,184360
2015-09-03,35.84278869628906,36.14262771606445,35.72123336791992,35.91572189331055,35.91572189331055,123523
2015-09-04,35.599674224853516,35.60778045654297,34.951377868652344,35.00810241699219,35.00810241699219,241987
2015-09-08,35.599674224853516,35.87520217895508,35.3970832824707,35.78606033325195,35.78606033325195,110690
2015-09-09,36.11021041870117,36.15883255004883,35.27552795410156,35.461910247802734,35.461910247802734,180411
2015-09-10,35.210697174072266,35.7374382019043,35.194488525390625,35.36466979980469,35.36466979980469,103162
2015-09-11,35.1701774597168,35.45380783081055,34.764991760253906,35.36466979980469,35.36466979980469,109086
2015-09-14,35.34035873413086,35.437599182128906,35.056724548339844,35.316043853759766,35.316043853759766,162888
2015-09-15,35.34035873413086,35.74554443359375,35.316043853759766,35.72123336791992,35.72123336791992,83295
2015-09-16,35.66450500488281,36.14262771606445,35.66450500488281,35.98865509033203,35.98865509033203,60466
2015-09-17,35.91572189331055,36.41004943847656,35.91572189331055,36.102108001708984,36.102108001708984,85269
2015-09-18,35.696922302246094,36.05348587036133,35.672607421875,35.85089111328125,35.85089111328125,216320
2015-09-21,36.0696907043457,36.17504119873047,35.57536315917969,35.72933578491211,35.72933578491211,122166
2015-09-22,35.28363037109375,35.623985290527344,34.98379135131836,35.26742172241211,35.26742172241211,143884
2015-09-23,35.36466979980469,35.42949676513672,34.70826721191406,35.21879959106445,35.21879959106445,151659
2015-09-24,34.90275573730469,35.02431106567383,34.4975700378418,34.927066802978516,34.927066802978516,83665
2015-09-25,35.1701774597168,35.1701774597168,34.58671188354492,34.88654708862305,34.88654708862305,84035
2015-09-28,34.72447204589844,34.72447204589844,33.83306121826172,34.197731018066406,34.197731018066406,127966
2015-09-29,34.17341995239258,34.44084167480469,33.533226013183594,33.97893142700195,33.97893142700195,157705
2015-09-30,34.24635314941406,34.95948028564453,34.019447326660156,34.870338439941406,34.870338439941406,220516
2015-10-01,34.87844467163086,35.5672607421875,34.70826721191406,35.518638610839844,35.518638610839844,303811
2015-10-02,34.95948028564453,34.95948028564453,33.07941818237305,34.74068069458008,34.74068069458008,292211
2015-10-05,34.9351692199707,35.656402587890625,34.8946533203125,35.48622512817383,35.48622512817383,200648
2015-10-06,35.478118896484375,36.23176574707031,35.332252502441406,36.077796936035156,36.077796936035156,115256
2015-10-07,36.19124984741211,36.628849029541016,35.83468246459961,36.43436050415039,36.43436050415039,148080
2015-10-08,36.41815185546875,36.8719596862793,36.3046989440918,36.74230194091797,36.74230194091797,131421
2015-10-09,36.83954620361328,37.090763092041016,36.466773986816406,36.86385726928711,36.86385726928711,125745
2015-10-12,36.90437698364258,36.969207763671875,36.491085052490234,36.57212448120117,36.57212448120117,121179
2015-10-13,36.42625427246094,37.034034729003906,36.3046989440918,36.547813415527344,36.547813415527344,135246
2015-10-14,36.55591583251953,36.55591583251953,35.59157180786133,35.761749267578125,35.761749267578125,201882
2015-10-15,35.89141082763672,36.450565338134766,35.6320915222168,36.33711624145508,36.33711624145508,105013
2015-10-16,36.40194320678711,36.45867156982422,35.99675750732422,36.44246292114258,36.44246292114258,113405
2015-10-19,36.207454681396484,36.66126251220703,34.465152740478516,36.55591583251953,36.55591583251953,120809
2015-10-20,36.68557357788086,36.72609329223633,36.33711624145508,36.53970718383789,36.53970718383789,87491
2015-10-21,36.60453796386719,36.750404357910156,35.802268981933594,35.956241607666016,35.956241607666016,73793
2015-10-22,36.11831283569336,36.523502349853516,36.11831283569336,36.37763214111328,36.37763214111328,128830
2015-10-23,36.466773986816406,36.7017822265625,36.14262771606445,36.57212448120117,36.57212448120117,84282
2015-10-26,36.55591583251953,37.090763092041016,36.39384078979492,36.750404357910156,36.750404357910156,93044
2015-10-27,36.67747116088867,36.67747116088867,36.0291748046875,36.3046989440918,36.3046989440918,61330
2015-10-28,36.44246292114258,37.17179870605469,36.41004943847656,37.13127899169922,37.13127899169922,91563
2015-10-29,37.02593231201172,37.236629486083984,36.474876403808594,36.57212448120117,36.57212448120117,148080
2015-10-30,36.56401824951172,36.94489669799805,36.16693878173828,36.329010009765625,36.329010009765625,145489
2015-11-02,36.42625427246094,37.05024337768555,36.35332489013672,36.9935188293457,36.9935188293457,186581
2015-11-03,37.00162124633789,37.820098876953125,36.82333755493164,37.59319305419922,37.59319305419922,114639
2015-11-04,37.625606536865234,37.99027633666992,37.220420837402344,37.36628723144531,37.36628723144531,86257
2015-11-05,37.398704528808594,37.44732666015625,36.653160095214844,37.18800735473633,37.18800735473633,100324
2015-11-06,36.345218658447266,36.9935188293457,35.72933578491211,36.70988845825195,36.70988845825195,151535
2015-11-09,36.491085052490234,36.523502349853516,34.23014450073242,34.59481430053711,34.59481430053711,271357
2015-11-10,34.63533020019531,34.75688934326172,33.792545318603516,34.12479782104492,34.12479782104492,138948
2015-11-11,34.05186462402344,34.521881103515625,33.638572692871094,33.67909240722656,33.67909240722656,126608
2015-11-12,33.48460388183594,33.954620361328125,32.70664596557617,32.763370513916016,32.763370513916016,130927
2015-11-13,32.63371276855469,32.69853973388672,32.0988655090332,32.196109771728516,32.196109771728516,100941
2015-11-16,32.25283432006836,33.103729248046875,31.029172897338867,32.84440612792969,32.84440612792969,112047
2015-11-17,32.820098876953125,32.98217010498047,31.807130813598633,32.29335403442383,32.29335403442383,93290
2015-11-18,32.463531494140625,32.7957878112793,32.212318420410156,32.71474838256836,32.71474838256836,78729
2015-11-19,32.7957878112793,32.820098876953125,31.928686141967773,31.99351692199707,31.99351692199707,115502
2015-11-20,32.042137145996094,32.30146026611328,31.936790466308594,31.944894790649414,31.944894790649414,142280
2015-11-23,31.896272659301758,32.26904296875,31.474878311157227,31.499189376831055,31.499189376831055,115749
2015-11-24,31.2803897857666,31.523500442504883,29.983793258666992,31.393840789794922,31.393840789794922,126238
2015-11-25,31.3857364654541,31.83954620361328,31.337114334106445,31.55591583251953,31.55591583251953,80457
2015-11-27,31.604537963867188,31.83144187927246,31.247974395751953,31.774715423583984,31.774715423583984,112664
2015-11-30,31.799028396606445,32.00162124633789,31.58833122253418,31.693679809570312,31.693679809570312,88478
2015-12-01,31.758508682250977,31.936790466308594,30.640193939208984,30.761749267578125,30.761749267578125,294309
2015-12-02,30.97244644165039,31.669368743896484,30.097244262695312,31.158832550048828,31.158832550048828,147957
2015-12-03,31.191247940063477,31.669368743896484,30.826580047607422,30.956239700317383,30.956239700317383,93167
2015-12-04,30.99675941467285,31.369529724121094,30.8184757232666,31.150728225708008,31.150728225708008,85269
2015-12-07,31.00486183166504,31.207454681396484,30.672609329223633,31.191247940063477,31.191247940063477,167947
2015-12-08,30.915721893310547,31.077796936035156,30.324148178100586,30.664506912231445,30.664506912231445,122166
2015-12-09,30.632091522216797,31.223663330078125,30.16207504272461,30.486223220825195,30.486223220825195,83789
2015-12-10,30.470016479492188,31.29659652709961,30.243112564086914,30.826580047607422,30.826580047607422,237668
2015-12-11,30.526742935180664,30.794164657592773,30.03241539001465,30.14586639404297,30.14586639404297,126485
2015-12-14,30.186386108398438,30.526742935180664,29.46515464782715,29.6839542388916,29.6839542388916,175722
2015-12-15,29.756887435913086,30.364667892456055,29.756887435913086,29.99189567565918,29.99189567565918,102669
2015-12-16,30.13776206970215,30.769853591918945,30.13776206970215,30.510534286499023,30.510534286499023,96375
2015-12-17,30.632091522216797,30.72123146057129,29.87844467163086,29.886547088623047,29.886547088623047,158939
2015-12-18,29.667747497558594,30.072933197021484,29.481361389160156,29.87034034729004,29.87034034729004,345026
2015-12-21,29.927066802978516,30.170177459716797,29.651540756225586,29.96758460998535,29.96758460998535,137714
2015-12-22,30.15397071838379,30.470016479492188,30.097244262695312,30.29173469543457,30.29173469543457,132902
2015-12-23,30.388978958129883,31.46677589416504,30.388978958129883,31.061588287353516,31.061588287353516,168811
2015-12-24,31.110210418701172,31.774715423583984,31.110210418701172,31.2803897857666,31.2803897857666,71078
2015-12-28,31.069692611694336,31.312803268432617,30.45380973815918,30.899513244628906,30.899513244628906,159309
2015-12-29,30.99675941467285,31.474878311157227,30.745542526245117,31.256078720092773,31.256078720092773,88354
2015-12-30,31.199352264404297,31.345218658447266,30.875202178955078,31.094003677368164,31.094003677368164,130310
2015-12-31,30.907617568969727,32.45542907714844,30.510534286499023,31.693679809570312,31.693679809570312,482988
2016-01-04,31.2803897857666,31.98541259765625,30.786062240600586,31.46677589416504,31.46677589416504,211508
2016-01-05,31.30470085144043,31.43436050415039,30.16207504272461,30.753646850585938,30.753646850585938,285671
2016-01-06,30.259319305419922,30.956239700317383,29.58670997619629,30.113452911376953,30.113452911376953,262965
2016-01-07,29.57860565185547,30.00810432434082,28.41166877746582,29.084278106689453,29.084278106689453,215210
2016-01-08,29.165315628051758,29.497568130493164,28.403566360473633,28.53322410583496,28.53322410583496,244209
2016-01-11,28.606159210205078,29.043760299682617,28.249595642089844,28.638574600219727,28.638574600219727,260744
2016-01-12,28.808752059936523,29.173419952392578,28.209075927734375,28.71150779724121,28.71150779724121,181151
2016-01-13,28.800647735595703,28.962722778320312,27.893030166625977,28.176660537719727,28.176660537719727,231869
2016-01-14,28.354942321777344,28.776336669921875,28.01458740234375,28.395462036132812,28.395462036132812,118464
2016-01-15,28.217180252075195,28.468395233154297,27.14748764038086,27.86871910095215,27.86871910095215,203610
2016-01-19,28.200971603393555,28.314424514770508,26.904375076293945,27.212318420410156,27.212318420410156,187815
2016-01-20,26.88006591796875,27.617504119873047,26.029172897338867,27.358184814453125,27.358184814453125,193615
2016-01-21,27.382495880126953,27.739059448242188,27.171798706054688,27.487844467163086,27.487844467163086,162641
2016-01-22,27.87682342529297,28.1523494720459,27.487844467163086,27.771474838256836,27.771474838256836,141663
2016-01-25,27.70664405822754,27.86061668395996,27.317665100097656,27.382495880126953,27.382495880126953,120685
2016-01-26,27.536466598510742,28.354942321777344,25.00810432434082,28.071313858032227,28.071313858032227,92180
2016-01-27,27.99837875366211,28.322528839111328,27.4149112701416,27.609399795532227,27.609399795532227,66266
2016-01-28,27.682334899902344,27.86871910095215,26.98541259765625,27.066450119018555,27.066450119018555,107975
2016-01-29,27.15559196472168,28.484603881835938,27.15559196472168,28.468395233154297,28.468395233154297,204967
2016-02-01,28.176660537719727,28.589950561523438,27.56077766418457,28.484603881835938,28.484603881835938,117600
2016-02-02,28.249595642089844,28.946514129638672,27.56888198852539,28.200971603393555,28.200971603393555,353294
2016-02-03,28.476499557495117,28.849271774291992,27.97406768798828,28.743921279907227,28.743921279907227,223724
2016-02-04,28.687196731567383,29.481361389160156,28.687196731567383,29.222042083740234,29.222042083740234,135000
2016-02-05,29.13290023803711,29.157211303710938,26.774715423583984,28.687196731567383,28.687196731567383,122166
2016-02-08,28.354942321777344,29.27876853942871,27.02593231201172,27.836305618286133,27.836305618286133,351073
2016-02-09,27.56888198852539,27.99837875366211,26.88006591796875,27.14748764038086,27.14748764038086,143391
2016-02-10,27.39870262145996,27.803890228271484,27.00162124633789,27.204214096069336,27.204214096069336,94154
2016-02-11,26.782819747924805,27.204214096069336,26.037277221679688,27.058347702026367,27.058347702026367,98350
2016-02-12,27.350080490112305,28.387357711791992,27.03403663635254,28.184764862060547,28.184764862060547,95141
2016-02-16,28.517017364501953,29.28687286376953,28.209075927734375,29.230146408081055,29.230146408081055,119575
2016-02-17,29.505672454833984,29.70826530456543,29.27876853942871,29.651540756225586,29.651540756225586,150425
2016-02-18,29.667747497558594,29.667747497558594,29.157211303710938,29.538087844848633,29.538087844848633,137838
2016-02-19,29.457050323486328,29.95948028564453,29.14100456237793,29.829822540283203,29.829822540283203,130681
2016-02-22,30.03241539001465,30.44570541381836,29.57860565185547,30.186386108398438,30.186386108398438,129940
2016-02-23,30.081037521362305,30.948135375976562,29.789302825927734,30.810373306274414,30.810373306274414,232732
2016-02-24,31.12641716003418,34.927066802978516,30.615882873535156,34.55429458618164,34.55429458618164,674628
2016-02-25,34.505672454833984,36.41004943847656,34.41653060913086,36.223663330078125,36.223663330078125,452878
2016-02-26,36.21555709838867,36.85575485229492,35.71312713623047,36.28849411010742,36.28849411010742,262102
2016-02-29,36.28849411010742,36.90437698364258,35.923824310302734,36.223663330078125,36.223663330078125,311585
2016-03-01,36.25607681274414,36.96110153198242,35.94813537597656,36.27228546142578,36.27228546142578,226316
2016-03-02,36.3046989440918,36.53970718383789,35.90761947631836,36.329010009765625,36.329010009765625,187198
2016-03-03,36.345218658447266,36.936790466308594,35.87520217895508,36.7666130065918,36.7666130065918,209903
2016-03-04,36.669368743896484,37.24473190307617,36.21555709838867,36.612640380859375,36.612640380859375,141170
2016-03-07,36.48298263549805,37.495948791503906,36.361427307128906,37.18800735473633,37.18800735473633,140923
2016-03-08,36.79902648925781,37.179901123046875,36.40194320678711,36.6369514465332,36.6369514465332,166096
2016-03-09,36.78282165527344,37.042137145996094,36.37763214111328,36.5316047668457,36.5316047668457,146229
2016-03-10,36.51539611816406,37.27714538574219,36.43436050415039,36.750404357910156,36.750404357910156,195589
2016-03-11,37.058345794677734,37.26094055175781,36.67747116088867,37.08265686035156,37.08265686035156,105260
2016-03-14,36.88816833496094,37.220420837402344,36.6369514465332,36.66126251220703,36.66126251220703,170169
2016-03-15,36.42625427246094,36.645057678222656,35.99675750732422,36.045379638671875,36.045379638671875,186828
2016-03-16,36.05348587036133,36.774715423583984,34.667747497558594,35.99675750732422,35.99675750732422,365634
2016-03-17,35.94813537597656,36.7017822265625,35.899513244628906,36.466773986816406,36.466773986816406,370694
2016-03-18,36.669368743896484,36.78282165527344,36.28849411010742,36.491085052490234,36.491085052490234,361192
2016-03-21,36.44246292114258,36.75851058959961,36.16693878173828,36.41815185546875,36.41815185546875,244702
2016-03-22,36.17504119873047,36.385738372802734,35.956241607666016,35.98865509033203,35.98865509033203,159063
2016-03-23,35.89141082763672,35.91572189331055,35.09724426269531,35.1053466796875,35.1053466796875,170909
2016-03-24,34.81361389160156,35.66450500488281,34.44084167480469,35.60778045654297,35.60778045654297,132038
2016-03-28,35.623985290527344,35.85899353027344,35.25931930541992,35.54294967651367,35.54294967651367,106371
2016-03-29,35.30794143676758,36.102108001708984,34.951377868652344,35.777957916259766,35.777957916259766,152276
2016-03-30,35.81037139892578,36.361427307128906,35.81037139892578,36.00486373901367,36.00486373901367,167824
2016-03-31,35.90761947631836,36.15883255004883,35.534847259521484,35.89141082763672,35.89141082763672,165726
2016-04-01,35.93193054199219,36.0696907043457,35.36466979980469,35.60778045654297,35.60778045654297,154127
2016-04-04,35.34846115112305,35.534847259521484,34.84602737426758,35.01620864868164,35.01620864868164,212618
2016-04-05,34.88654708862305,34.88654708862305,34.13290023803711,34.47325897216797,34.47325897216797,198304
2016-04-06,34.28687286376953,34.376014709472656,33.55753707885742,34.0356559753418,34.0356559753418,222120
2016-04-07,33.90599822998047,34.0356559753418,32.77147674560547,33.030792236328125,33.030792236328125,313313
2016-04-08,33.37925338745117,33.938411712646484,32.820098876953125,32.941654205322266,32.941654205322266,148574
2016-04-11,33.02268981933594,33.41167068481445,32.67422866821289,32.682334899902344,32.682334899902344,92180
2016-04-12,32.73095703125,33.087520599365234,32.10696792602539,32.74716567993164,32.74716567993164,101682
2016-04-13,32.93354797363281,33.41167068481445,32.9011344909668,33.371150970458984,33.371150970458984,149067
2016-04-14,33.31442642211914,33.533226013183594,32.84440612792969,33.0064811706543,33.0064811706543,166096
2016-04-15,32.94975662231445,34.00324249267578,32.601295471191406,32.85251235961914,32.85251235961914,126485
2016-04-18,32.64991760253906,33.11183166503906,32.536468505859375,32.803890228271484,32.803890228271484,147463
2016-04-19,32.93354797363281,33.17666244506836,32.42301559448242,33.1280403137207,33.1280403137207,104767
2016-04-20,33.05510330200195,33.39546203613281,32.89303207397461,33.103729248046875,33.103729248046875,100448
2016-04-21,33.18476486206055,33.31442642211914,33.02268981933594,33.30632019042969,33.30632019042969,163628
2016-04-22,33.346839904785156,33.50080871582031,32.99837875366211,33.29011154174805,33.29011154174805,150918
2016-04-25,33.29011154174805,33.387359619140625,32.84440612792969,33.37925338745117,33.37925338745117,127842
2016-04-26,33.354942321777344,33.98703384399414,32.965965270996094,33.8006477355957,33.8006477355957,103903
2016-04-27,33.792545318603516,34.25445556640625,33.735816955566406,34.12479782104492,34.12479782104492,164369
2016-04-28,33.938411712646484,34.44084167480469,33.88168716430664,34.14910888671875,34.14910888671875,126115
2016-04-29,34.17341995239258,34.17341995239258,33.087520599365234,33.16045379638672,33.16045379638672,280858
2016-05-02,33.225284576416016,33.638572692871094,33.071311950683594,33.614261627197266,33.614261627197266,147463
2016-05-03,33.387359619140625,34.24635314941406,32.74716567993164,33.13614273071289,33.13614273071289,109332
2016-05-04,32.85251235961914,33.11183166503906,32.341976165771484,32.77147674560547,32.77147674560547,163382
2016-05-05,32.957862854003906,32.97406768798828,30.45380973815918,31.247974395751953,31.247974395751953,663645
2016-05-06,31.215559005737305,32.317665100097656,31.085899353027344,32.236629486083984,32.236629486083984,225822
2016-05-09,32.236629486083984,32.536468505859375,32.00972366333008,32.074554443359375,32.074554443359375,141910
2016-05-10,33.638572692871094,34.0356559753418,32.536468505859375,33.2982177734375,33.2982177734375,291101
2016-05-11,33.48460388183594,34.10858917236328,32.05024337768555,33.83306121826172,33.83306121826172,314547
2016-05-12,34.043758392333984,34.14910888671875,33.16045379638672,33.30632019042969,33.30632019042969,283943
2016-05-13,33.29011154174805,33.48460388183594,32.641815185546875,32.73905944824219,32.73905944824219,336512
2016-05-16,32.85251235961914,33.28200912475586,32.38249588012695,32.8363037109375,32.8363037109375,192751
2016-05-17,32.75526809692383,33.70340347290039,32.06645202636719,32.196109771728516,32.196109771728516,186211
2016-05-18,32.13938522338867,32.42301559448242,31.944894790649414,32.115074157714844,32.115074157714844,179670
2016-05-19,31.977310180664062,32.52836227416992,31.628849029541016,31.782819747924805,31.782819747924805,158446
2016-05-20,31.912479400634766,32.44732666015625,31.912479400634766,32.374393463134766,32.374393463134766,140799
2016-05-23,32.27714538574219,32.67422866821289,32.02593231201172,32.35008239746094,32.35008239746094,137468
2016-05-24,32.58509063720703,33.030792236328125,32.5607795715332,32.73095703125,32.73095703125,141170
2016-05-25,32.84440612792969,33.087520599365234,32.45542907714844,32.84440612792969,32.84440612792969,118341
2016-05-26,32.925445556640625,33.0064811706543,32.13127899169922,32.60940170288086,32.60940170288086,119945
2016-05-27,32.601295471191406,32.87682342529297,32.463531494140625,32.601295471191406,32.601295471191406,94895
2016-05-31,32.71474838256836,32.787681579589844,32.220420837402344,32.44732666015625,32.44732666015625,147710
2016-06-01,32.601295471191406,32.69043731689453,32.00162124633789,32.520259857177734,32.520259857177734,214839
2016-06-02,32.41490936279297,33.209075927734375,32.39059829711914,33.18476486206055,33.18476486206055,194108
2016-06-03,33.2333869934082,33.2333869934082,32.463531494140625,33.047000885009766,33.047000885009766,189419
2016-06-06,33.16045379638672,33.508914947509766,32.909236907958984,33.20097351074219,33.20097351074219,141540
2016-06-07,33.2333869934082,33.41167068481445,33.07941818237305,33.2982177734375,33.2982177734375,159433
2016-06-08,33.168556213378906,33.87358093261719,33.103729248046875,33.84116744995117,33.84116744995117,401667
2016-06-09,33.72771453857422,33.75202560424805,32.84440612792969,32.87682342529297,32.87682342529297,207435
2016-06-10,32.67422866821289,32.67422866821289,31.685575485229492,31.750404357910156,31.750404357910156,161654
2016-06-13,31.620746612548828,33.58995056152344,31.239870071411133,31.26418113708496,31.26418113708496,155854
2016-06-14,31.231767654418945,31.53970718383789,30.834684371948242,31.094003677368164,31.094003677368164,150918
2016-06-15,31.377634048461914,31.790924072265625,31.199352264404297,31.661264419555664,31.661264419555664,205708
2016-06-16,31.628849029541016,31.73419761657715,31.118314743041992,31.645057678222656,31.645057678222656,261978
2016-06-17,31.645057678222656,31.936790466308594,31.12641716003418,31.312803268432617,31.312803268432617,200155
2016-06-20,31.73419761657715,33.508914947509766,31.329011917114258,31.896272659301758,31.896272659301758,298875
2016-06-21,32.06645202636719,32.06645202636719,31.329011917114258,31.677471160888672,31.677471160888672,193121
2016-06-22,31.799028396606445,32.13938522338867,31.369529724121094,31.693679809570312,31.693679809570312,308870
2016-06-23,31.961101531982422,32.520259857177734,31.790924072265625,32.32577133178711,32.32577133178711,165973
2016-06-24,31.12641716003418,31.669368743896484,30.753646850585938,31.110210418701172,31.110210418701172,487307
2016-06-27,30.85089111328125,30.85089111328125,29.902755737304688,30.186386108398438,30.186386108398438,291347
2016-06-28,30.510534286499023,30.786062240600586,30.27552604675293,30.680713653564453,30.680713653564453,173377
2016-06-29,31.037277221679688,31.636953353881836,30.794164657592773,31.596433639526367,31.596433639526367,197440
2016-06-30,31.56401824951172,32.17179870605469,31.2803897857666,32.17179870605469,32.17179870605469,285301
2016-07-01,32.212318420410156,32.70664596557617,32.042137145996094,32.1636962890625,32.1636962890625,147093
2016-07-05,31.55591583251953,31.645057678222656,29.529983520507812,30.40518569946289,30.40518569946289,294926
2016-07-06,30.299837112426758,31.369529724121094,29.521879196166992,31.353322982788086,31.353322982788086,251366
2016-07-07,31.30470085144043,31.726093292236328,31.14262580871582,31.353322982788086,31.353322982788086,182385
2016-07-08,31.636953353881836,31.88006591796875,31.410049438476562,31.58833122253418,31.58833122253418,266914
2016-07-11,31.815235137939453,32.00162124633789,31.2803897857666,31.87196159362793,31.87196159362793,125621
2016-07-12,31.969205856323242,32.1636962890625,31.661264419555664,32.10696792602539,32.10696792602539,169428
2016-07-13,32.22852325439453,32.32577133178711,31.726093292236328,31.83144187927246,31.83144187927246,113898
2016-07-14,32.058345794677734,32.058345794677734,31.401945114135742,31.766613006591797,31.766613006591797,120562
2016-07-15,31.766613006591797,31.782819747924805,31.44246482849121,31.70988655090332,31.70988655090332,111060
2016-07-18,31.58833122253418,31.936790466308594,31.58833122253418,31.750404357910156,31.750404357910156,198304
2016-07-19,31.71799087524414,31.74230194091797,31.369529724121094,31.401945114135742,31.401945114135742,134136
2016-07-20,31.474878311157227,31.669368743896484,31.29659652709961,31.596433639526367,31.596433639526367,108592
2016-07-21,31.669368743896484,31.669368743896484,31.329011917114258,31.515396118164062,31.515396118164062,137961
2016-07-22,31.55591583251953,31.815235137939453,31.45867156982422,31.766613006591797,31.766613006591797,105630
2016-07-25,31.70988655090332,31.896272659301758,31.54781150817871,31.55591583251953,31.55591583251953,94771
2016-07-26,31.58833122253418,31.58833122253418,31.061588287353516,31.2803897857666,31.2803897857666,217924
2016-07-27,31.44246482849121,31.44246482849121,31.061588287353516,31.41815185546875,31.41815185546875,160667
2016-07-28,31.410049438476562,31.507293701171875,30.794164657592773,30.99675941467285,30.99675941467285,149191
2016-07-29,30.8833065032959,31.58022689819336,30.842788696289062,31.56401824951172,31.56401824951172,293075
2016-08-01,31.410049438476562,31.507293701171875,30.956239700317383,31.069692611694336,31.069692611694336,158199
2016-08-02,31.110210418701172,31.312803268432617,30.3160457611084,30.356563568115234,30.356563568115234,199044
2016-08-03,30.3160457611084,30.745542526245117,30.267423629760742,30.737438201904297,30.737438201904297,132532
2016-08-04,30.810373306274414,31.045381546020508,30.470016479492188,30.753646850585938,30.753646850585938,90082
2016-08-05,30.875202178955078,31.110210418701172,30.591571807861328,30.964344024658203,30.964344024658203,251489
2016-08-08,30.907617568969727,31.758508682250977,30.875202178955078,31.30470085144043,31.30470085144043,229647
2016-08-09,32.69043731689453,33.225284576416016,31.393840789794922,31.790924072265625,31.790924072265625,273701
2016-08-10,31.750404357910156,31.774715423583984,30.89141082763672,30.948135375976562,30.948135375976562,243715
2016-08-11,31.158832550048828,31.158832550048828,30.00810432434082,30.13776206970215,30.13776206970215,205584
2016-08-12,30.0,30.12155532836914,29.651540756225586,29.910858154296875,29.910858154296875,197317
2016-08-15,30.03241539001465,31.247974395751953,30.03241539001465,31.223663330078125,31.223663330078125,247664
2016-08-16,31.069692611694336,31.42625617980957,30.672609329223633,31.191247940063477,31.191247940063477,149684
2016-08-17,31.191247940063477,31.353322982788086,30.810373306274414,30.964344024658203,30.964344024658203,165850
2016-08-18,31.085899353027344,31.361425399780273,30.591571807861328,31.239870071411133,31.239870071411133,212865
2016-08-19,31.247974395751953,31.393840789794922,31.085899353027344,31.247974395751953,31.247974395751953,155731
2016-08-22,31.223663330078125,31.320907592773438,30.226903915405273,31.00486183166504,31.00486183166504,100941
2016-08-23,31.069692611694336,31.401945114135742,31.045381546020508,31.247974395751953,31.247974395751953,121179
2016-08-24,31.27228546142578,31.474878311157227,31.191247940063477,31.345218658447266,31.345218658447266,131668
2016-08-25,31.207454681396484,31.73419761657715,31.199352264404297,31.41815185546875,31.41815185546875,199168
2016-08-26,31.56401824951172,31.56401824951172,30.85899543762207,31.037277221679688,31.037277221679688,133642
2016-08-29,31.17504119873047,31.44246482849121,31.17504119873047,31.337114334106445,31.337114334106445,132161
2016-08-30,31.42625617980957,31.70988655090332,31.17504119873047,31.54781150817871,31.54781150817871,170045
2016-08-31,31.604537963867188,31.896272659301758,31.215559005737305,31.410049438476562,31.410049438476562,266791
2016-09-01,31.70988655090332,32.27714538574219,31.361425399780273,31.73419761657715,31.73419761657715,312449
2016-09-02,31.98541259765625,32.14748764038086,31.766613006591797,31.98541259765625,31.98541259765625,169058
2016-09-06,32.02593231201172,32.28525161743164,31.54781150817871,31.653160095214844,31.653160095214844,289003
2016-09-07,31.628849029541016,32.074554443359375,31.320907592773438,31.855754852294922,31.855754852294922,338116
2016-09-08,31.823339462280273,32.2042121887207,31.71799087524414,31.912479400634766,31.912479400634766,195219
2016-09-09,31.758508682250977,31.961101531982422,31.2803897857666,31.353322982788086,31.353322982788086,281105
2016-09-12,31.30470085144043,31.912479400634766,31.037277221679688,31.8476505279541,31.8476505279541,185840
2016-09-13,31.604537963867188,31.799028396606445,31.337114334106445,31.73419761657715,31.73419761657715,244085
2016-09-14,31.7017822265625,31.807130813598633,31.061588287353516,31.12641716003418,31.12641716003418,205091
2016-09-15,31.14262580871582,31.369529724121094,30.940031051635742,31.239870071411133,31.239870071411133,227920
2016-09-16,31.01296615600586,31.596433639526367,30.956239700317383,31.2803897857666,31.2803897857666,833567
2016-09-19,31.215559005737305,32.35008239746094,31.215559005737305,32.30146026611328,32.30146026611328,216320
2016-09-20,32.32577133178711,32.73095703125,32.074554443359375,32.14748764038086,32.14748764038086,190036
2016-09-21,32.25283432006836,32.820098876953125,32.13127899169922,32.504051208496094,32.504051208496094,194849
2016-09-22,32.74716567993164,33.29011154174805,32.63371276855469,33.26580047607422,33.26580047607422,235817
2016-09-23,33.31442642211914,33.62236785888672,33.103729248046875,33.28200912475586,33.28200912475586,276539
2016-09-26,33.25769805908203,33.654781341552734,32.941654205322266,33.41167068481445,33.41167068481445,326393
2016-09-27,33.42787551879883,33.792545318603516,33.41977310180664,33.64667510986328,33.64667510986328,332686
2016-09-28,33.816856384277344,34.2625617980957,33.11183166503906,34.13290023803711,34.13290023803711,237175
2016-09-29,34.12479782104492,34.70016098022461,34.09238052368164,34.44084167480469,34.44084167480469,274688
2016-09-30,34.521881103515625,35.55915832519531,34.44084167480469,35.518638610839844,35.518638610839844,413143
2016-10-03,35.518638610839844,35.54294967651367,34.805511474609375,35.332252502441406,35.332252502441406,325776
2016-10-04,35.09724426269531,35.599674224853516,34.35170364379883,35.518638610839844,35.518638610839844,378961
2016-10-05,35.52674102783203,36.507293701171875,34.42463684082031,36.28038787841797,36.28038787841797,230881
2016-10-06,36.66126251220703,38.476497650146484,36.491085052490234,38.41977310180664,38.41977310180664,795313
2016-10-07,38.33873748779297,38.387359619140625,37.69043731689453,38.05510330200195,38.05510330200195,343175
2016-10-10,38.403564453125,38.525123596191406,37.86061477661133,38.32252883911133,38.32252883911133,211754
2016-10-11,38.3630485534668,38.3630485534668,37.67422866821289,37.779579162597656,37.779579162597656,227056
2016-10-12,37.625606536865234,37.8363037109375,36.7666130065918,36.912479400634766,36.912479400634766,265433
2016-10-13,36.60453796386719,37.17179870605469,36.31280517578125,36.92058181762695,36.92058181762695,135863
2016-10-14,37.042137145996094,37.57698440551758,36.7017822265625,37.10696792602539,37.10696792602539,178190
2016-10-17,36.936790466308594,37.317665100097656,36.774715423583984,37.18800735473633,37.18800735473633,249515
2016-10-18,37.67422866821289,37.67422866821289,37.14748764038086,37.14748764038086,37.14748764038086,135370
2016-10-19,37.2042121887207,37.38249588012695,36.42625427246094,37.29335403442383,37.29335403442383,159680
2016-10-20,37.24473190307617,37.39059829711914,37.115074157714844,37.29335403442383,37.29335403442383,91439
2016-10-21,37.196109771728516,37.884925842285156,36.88006591796875,37.779579162597656,37.779579162597656,239643
2016-10-24,37.93354797363281,37.957862854003906,37.463531494140625,37.86872100830078,37.86872100830078,139565
2016-10-25,37.803890228271484,38.030792236328125,37.56888198852539,37.601295471191406,37.601295471191406,155731
2016-10-26,37.36628723144531,37.884925842285156,37.36628723144531,37.84440612792969,37.84440612792969,141787
2016-10-27,37.9011344909668,38.05510330200195,37.39059829711914,37.58509063720703,37.58509063720703,146229
2016-10-28,37.5607795715332,37.97406768798828,37.374393463134766,37.625606536865234,37.625606536865234,139936
2016-10-31,37.82820129394531,38.05510330200195,37.42301559448242,37.87682342529297,37.87682342529297,219652
2016-11-01,38.071311950683594,38.071311950683594,36.98541259765625,37.15559387207031,37.15559387207031,191517
2016-11-02,37.18800735473633,37.18800735473633,36.53970718383789,36.68557357788086,36.68557357788086,161777
2016-11-03,36.628849029541016,36.969207763671875,36.58022689819336,36.68557357788086,36.68557357788086,104026
2016-11-04,36.84764862060547,37.28525161743164,36.596435546875,36.774715423583984,36.774715423583984,227303
2016-11-07,37.0988655090332,37.763370513916016,35.66450500488281,37.317665100097656,37.317665100097656,247540
2016-11-08,37.682334899902344,38.28200912475586,36.05348587036133,37.94975662231445,37.94975662231445,370323
2016-11-09,37.64991760253906,39.10858917236328,36.62074661254883,39.06806945800781,39.06806945800781,201389
2016-11-10,39.47325897216797,40.38087463378906,39.09238052368164,40.09724426269531,40.09724426269531,356256
2016-11-11,39.98379135131836,40.761749267578125,39.05186462402344,40.672607421875,40.672607421875,252106
2016-11-14,40.923824310302734,41.085899353027344,40.47001647949219,40.83468246459961,40.83468246459961,255685
2016-11-15,40.86709976196289,41.14262771606445,40.55915832519531,40.640193939208984,40.640193939208984,250255
2016-11-16,40.54294967651367,40.72123336791992,40.3970832824707,40.44570541381836,40.44570541381836,205584
2016-11-17,40.518638610839844,40.623985290527344,40.29983901977539,40.3970832824707,40.3970832824707,134753
2016-11-18,40.518638610839844,40.656402587890625,40.34846115112305,40.47001647949219,40.47001647949219,165356
2016-11-21,40.599674224853516,40.802268981933594,40.372772216796875,40.761749267578125,40.761749267578125,154127
2016-11-22,40.74554443359375,40.90761947631836,40.38087463378906,40.81037139892578,40.81037139892578,135617
2016-11-23,40.64829635620117,40.940032958984375,40.47001647949219,40.86709976196289,40.86709976196289,151412
2016-11-25,41.03727722167969,41.207454681396484,40.45380783081055,41.134521484375,41.134521484375,73670
2016-11-28,40.923824310302734,41.44246292114258,40.7374382019043,40.761749267578125,40.761749267578125,117600
2016-11-29,40.883304595947266,41.0291748046875,40.656402587890625,40.72123336791992,40.72123336791992,94031
2016-11-30,41.0291748046875,41.612640380859375,40.55915832519531,41.329010009765625,41.329010009765625,342188
2016-12-01,41.55591583251953,42.57698440551758,41.134521484375,41.98541259765625,41.98541259765625,295543
2016-12-02,41.831443786621094,42.05024337768555,41.12641906738281,41.15883255004883,41.15883255004883,234460
2016-12-05,41.35332489013672,42.17179870605469,40.9643440246582,41.85575485229492,41.85575485229492,162394
2016-12-06,41.969207763671875,42.30956268310547,41.72609329223633,42.13938522338867,42.13938522338867,96869
2016-12-07,42.26094055175781,42.69043731689453,42.179901123046875,42.658023834228516,42.658023834228516,119081
2016-12-08,42.54457092285156,43.2982177734375,42.41490936279297,43.2333869934082,43.2333869934082,127966
2016-12-09,43.508914947509766,43.58995056152344,42.24473190307617,42.884925842285156,42.884925842285156,137838
2016-12-12,43.0064811706543,43.0064811706543,42.17179870605469,42.3338737487793,42.3338737487793,95265
2016-12-13,42.317665100097656,42.47163772583008,41.69367980957031,42.042137145996094,42.042137145996094,132038
2016-12-14,42.22852325439453,42.30956268310547,41.807132720947266,42.00162124633789,42.00162124633789,129817
2016-12-15,41.936790466308594,42.787681579589844,41.84764862060547,42.495948791503906,42.495948791503906,121796
2016-12-16,42.30956268310547,42.57698440551758,42.22852325439453,42.44732666015625,42.44732666015625,186581
2016-12-19,42.63371276855469,43.192867279052734,42.22852325439453,42.67422866821289,42.67422866821289,111183
2016-12-20,42.8363037109375,42.94975662231445,42.14748764038086,42.72285461425781,42.72285461425781,93290
2016-12-21,42.479740142822266,42.56888198852539,42.01782989501953,42.1636962890625,42.1636962890625,181645
2016-12-22,42.341976165771484,42.398704528808594,41.62074661254883,42.220420837402344,42.220420837402344,123647
2016-12-23,42.179901123046875,42.58509063720703,41.90437698364258,42.090763092041016,42.090763092041016,60219
2016-12-27,42.00972366333008,42.6661262512207,42.00972366333008,42.115074157714844,42.115074157714844,135370
2016-12-28,42.196109771728516,42.25283432006836,41.67747116088867,42.17179870605469,42.17179870605469,105754
2016-12-29,42.398704528808594,42.4392204284668,41.69367980957031,41.969207763671875,41.969207763671875,81567
2016-12-30,42.1636962890625,42.1636962890625,41.11021041870117,41.645057678222656,41.645057678222656,208299
2017-01-03,41.51539611816406,42.034034729003906,40.54294967651367,41.82333755493164,41.82333755493164,152029
2017-01-04,41.53970718383789,42.01782989501953,41.345218658447266,41.88006591796875,41.88006591796875,208299
2017-01-05,41.75851058959961,42.034034729003906,41.42625427246094,41.81523513793945,41.81523513793945,103286
2017-01-06,41.790924072265625,41.96110153198242,41.14262771606445,41.264183044433594,41.264183044433594,158322
2017-01-09,41.33711624145508,41.807132720947266,41.085899353027344,41.27228546142578,41.27228546142578,127596
2017-01-10,41.28038787841797,41.75851058959961,41.15073013305664,41.750404357910156,41.750404357910156,115873
2017-01-11,41.896270751953125,42.54457092285156,41.612640380859375,42.47163772583008,42.47163772583008,161407
2017-01-12,42.47163772583008,42.82820129394531,42.00162124633789,42.779579162597656,42.779579162597656,132655
2017-01-13,42.925445556640625,43.354942321777344,42.73905944824219,42.909236907958984,42.909236907958984,202376
2017-01-17,42.82820129394531,42.965965270996094,41.16693878173828,42.94975662231445,42.94975662231445,207929
2017-01-18,42.94975662231445,43.28200912475586,40.372772216796875,43.26580047607422,43.26580047607422,231128
2017-01-19,43.225284576416016,43.41977310180664,42.42301559448242,43.330631256103516,43.330631256103516,189172
2017-01-20,43.21717834472656,43.4683952331543,43.047000885009766,43.30632019042969,43.30632019042969,192751
2017-01-23,43.346839904785156,43.37925338745117,42.13127899169922,42.36628723144531,42.36628723144531,131298
2017-01-24,42.54457092285156,42.86061477661133,41.86385726928711,42.57698440551758,42.57698440551758,125868
2017-01-25,42.73905944824219,43.26580047607422,42.71474838256836,43.05510330200195,43.05510330200195,112541
2017-01-26,43.087520599365234,43.21717834472656,42.52836227416992,42.84440612792969,42.84440612792969,166467
2017-01-27,42.909236907958984,42.909236907958984,41.952999114990234,42.67422866821289,42.67422866821289,333427
2017-01-30,42.48784255981445,42.48784255981445,40.761749267578125,41.53970718383789,41.53970718383789,193121
2017-01-31,41.3046989440918,41.41004943847656,40.940032958984375,41.27228546142578,41.27228546142578,199908
2017-02-01,42.3338737487793,45.11345291137695,42.3338737487793,44.61912536621094,44.61912536621094,904769
2017-02-02,44.40842819213867,46.045379638671875,43.84926986694336,45.38087463378906,45.38087463378906,426594
2017-02-03,45.45380783081055,46.02106857299805,45.11345291137695,45.42139434814453,45.42139434814453,262472
2017-02-06,45.01620864868164,45.74554443359375,44.84602737426758,44.8946533203125,44.8946533203125,277650
2017-02-07,44.69205856323242,44.8298225402832,43.62236785888672,43.897891998291016,43.897891998291016,311091
2017-02-08,43.64667510986328,44.39221954345703,43.02268981933594,43.09562301635742,43.09562301635742,321334
2017-02-09,43.26580047607422,43.58995056152344,42.58509063720703,43.09562301635742,43.09562301635742,215333
2017-02-10,43.030792236328125,44.019447326660156,42.91734313964844,43.60615921020508,43.60615921020508,168811
2017-02-13,43.76823425292969,44.09238052368164,43.492706298828125,43.62236785888672,43.62236785888672,135246
2017-02-14,43.41977310180664,43.8006477355957,43.31442642211914,43.75202560424805,43.75202560424805,110196
2017-02-15,43.87358093261719,43.87358093261719,43.37925338745117,43.508914947509766,43.508914947509766,137468
2017-02-16,43.55753707885742,44.343597412109375,43.55753707885742,44.16531753540039,44.16531753540039,274935
2017-02-17,43.9708251953125,44.773094177246094,43.7601318359375,44.667747497558594,44.667747497558594,232856
2017-02-21,44.14910888671875,45.0648307800293,44.14910888671875,44.85413360595703,44.85413360595703,201019
2017-02-22,44.951377868652344,45.072933197021484,44.63533020019531,45.0,45.0,176215
2017-02-23,44.773094177246094,44.951377868652344,44.238250732421875,44.764991760253906,44.764991760253906,302083
2017-02-24,44.58671188354492,46.41815185546875,43.72771453857422,45.58346939086914,45.58346939086914,414747
2017-02-27,45.54294967651367,45.70502471923828,44.45705032348633,44.805511474609375,44.805511474609375,372791
2017-02-28,42.941654205322266,43.72771453857422,42.0988655090332,43.168556213378906,43.168556213378906,769646
2017-03-01,43.7601318359375,43.954620361328125,42.56888198852539,43.82495880126953,43.82495880126953,247787
2017-03-02,43.82495880126953,44.059967041015625,42.925445556640625,43.75202560424805,43.75202560424805,245689
2017-03-03,43.74392318725586,43.74392318725586,42.93354797363281,43.44408416748047,43.44408416748047,206325
2017-03-06,43.30632019042969,43.33873748779297,41.790924072265625,42.58509063720703,42.58509063720703,227673
2017-03-07,42.00972366333008,42.641815185546875,42.00972366333008,42.5607795715332,42.5607795715332,266421
2017-03-08,42.601295471191406,43.31442642211914,42.601295471191406,43.249595642089844,43.249595642089844,166467
2017-03-09,43.0064811706543,43.549434661865234,41.7666130065918,43.21717834472656,43.21717834472656,130927
2017-03-10,43.30632019042969,43.816856384277344,42.97406768798828,43.533226013183594,43.533226013183594,144255
2017-03-13,43.51701736450195,44.10858917236328,43.11183166503906,43.792545318603516,43.792545318603516,256302
2017-03-14,43.51701736450195,44.562400817871094,43.20097351074219,44.538089752197266,44.538089752197266,332193
2017-03-15,44.57050323486328,44.870338439941406,44.116695404052734,44.57050323486328,44.57050323486328,405986
2017-03-16,44.505672454833984,44.967586517333984,44.019447326660156,44.70826721191406,44.70826721191406,141540
2017-03-17,44.81361389160156,45.09724426269531,43.96272277832031,44.789302825927734,44.789302825927734,563444
2017-03-20,44.51377487182617,45.15397262573242,44.44084167480469,44.95948028564453,44.95948028564453,159926
2017-03-21,44.91896438598633,45.210697174072266,44.327392578125,44.481361389160156,44.481361389160156,378715
2017-03-22,44.61912536621094,45.048622131347656,44.481361389160156,44.562400817871094,44.562400817871094,649578
2017-03-23,44.28687286376953,45.1701774597168,43.84116744995117,44.67584991455078,44.67584991455078,287522
2017-03-24,44.75688934326172,44.98379135131836,44.481361389160156,44.71636962890625,44.71636962890625,354281
2017-03-27,44.41653060913086,44.58671188354492,43.525123596191406,44.238250732421875,44.238250732421875,263459
2017-03-28,43.9303092956543,44.40842819213867,42.98217010498047,44.10858917236328,44.10858917236328,600218
2017-03-29,43.85737228393555,44.78120040893555,43.71150588989258,44.643436431884766,44.643436431884766,204350
2017-03-30,44.81361389160156,45.34846115112305,44.70826721191406,45.29983901977539,45.29983901977539,170909
2017-03-31,45.34846115112305,46.183143615722656,44.84602737426758,46.15073013305664,46.15073013305664,342929
2017-04-03,45.923824310302734,46.45867156982422,45.75364685058594,45.97244644165039,45.97244644165039,353664
2017-04-04,45.623985290527344,46.33711624145508,43.02268981933594,46.16693878173828,46.16693878173828,331946
2017-04-05,46.28038787841797,46.31280517578125,44.611019134521484,45.316043853759766,45.316043853759766,689436
2017-04-06,45.34846115112305,45.86709976196289,44.465152740478516,45.672607421875,45.672607421875,121179
2017-04-07,45.672607421875,46.24797439575195,45.510536193847656,45.85089111328125,45.85089111328125,165603
2017-04-10,45.883304595947266,46.31280517578125,45.75364685058594,46.05348587036133,46.05348587036133,134012
2017-04-11,46.045379638671875,46.183143615722656,45.72933578491211,46.02106857299805,46.02106857299805,141663
2017-04-12,46.0291748046875,46.15073013305664,45.640193939208984,45.68881607055664,45.68881607055664,118217
2017-04-13,45.12155532836914,45.923824310302734,44.870338439941406,44.90275573730469,44.90275573730469,108345
2017-04-17,45.0,45.923824310302734,44.90275573730469,45.85089111328125,45.85089111328125,185100
2017-04-18,45.75364685058594,46.16693878173828,45.6320915222168,45.82658004760742,45.82658004760742,266914
2017-04-19,46.0696907043457,46.37763214111328,45.47001647949219,46.24797439575195,46.24797439575195,217801
2017-04-20,46.43436050415039,46.67747116088867,46.31280517578125,46.596435546875,46.596435546875,127472
2017-04-21,46.57212448120117,46.81523513793945,45.93193054199219,46.11021041870117,46.11021041870117,132778
2017-04-24,46.28038787841797,46.51539611816406,46.15073013305664,46.264183044433594,46.264183044433594,279501
2017-04-25,46.466773986816406,47.317665100097656,46.33711624145508,47.115074157714844,47.115074157714844,288633
2017-04-26,47.115074157714844,48.030792236328125,47.115074157714844,47.32577133178711,47.32577133178711,198797
2017-04-27,47.374393463134766,47.9011344909668,47.02593231201172,47.1636962890625,47.1636962890625,158816
2017-04-28,47.22852325439453,47.57698440551758,45.87520217895508,46.645057678222656,46.645057678222656,153263
2017-05-01,46.928688049316406,47.17179870605469,46.70988845825195,47.090763092041016,47.090763092041016,214099
2017-05-02,47.26904296875,47.625606536865234,46.952999114990234,47.479740142822266,47.479740142822266,185594
2017-05-03,47.30146026611328,47.69043731689453,46.11831283569336,46.790924072265625,46.790924072265625,244826
2017-05-04,46.98541259765625,46.98541259765625,46.329010009765625,46.49919128417969,46.49919128417969,157088
2017-05-05,46.69367980957031,47.63371276855469,46.450565338134766,47.601295471191406,47.601295471191406,154003
2017-05-08,47.5607795715332,48.11183166503906,47.2042121887207,47.70664596557617,47.70664596557617,88848
2017-05-09,47.803890228271484,47.803890228271484,47.212318420410156,47.495948791503906,47.495948791503906,203487
2017-05-10,47.97406768798828,48.030792236328125,46.0696907043457,46.547813415527344,46.547813415527344,493600
2017-05-11,46.55591583251953,47.196109771728516,45.81037139892578,46.11021041870117,46.11021041870117,178560
2017-05-12,46.00486373901367,46.45867156982422,45.09724426269531,45.98865509033203,45.98865509033203,182879
2017-05-15,45.82658004760742,47.115074157714844,45.82658004760742,46.68557357788086,46.68557357788086,207312
2017-05-16,46.62074661254883,47.042137145996094,46.264183044433594,46.952999114990234,46.952999114990234,169058
2017-05-17,46.466773986816406,46.60453796386719,46.01296615600586,46.15883255004883,46.15883255004883,183743
2017-05-18,45.899513244628906,46.8719596862793,45.17828369140625,46.53970718383789,46.53970718383789,183619
2017-05-19,46.71799087524414,47.10696792602539,45.68881607055664,47.02593231201172,47.02593231201172,151659
2017-05-22,47.00162124633789,47.779579162597656,45.99675750732422,47.601295471191406,47.601295471191406,181521
2017-05-23,47.70664596557617,47.99027633666992,47.398704528808594,47.55267333984375,47.55267333984375,294926
2017-05-24,47.71474838256836,47.91734313964844,47.358184814453125,47.84440612792969,47.84440612792969,192381
2017-05-25,47.941654205322266,48.03889846801758,47.15559387207031,47.89303207397461,47.89303207397461,116983
2017-05-26,47.965965270996094,48.46029281616211,47.48784255981445,48.063209533691406,48.063209533691406,175475
2017-05-30,48.14424514770508,48.37925338745117,47.495948791503906,47.54457092285156,47.54457092285156,95265
2017-05-31,47.77147674560547,47.98217010498047,47.074554443359375,47.85251235961914,47.85251235961914,206201
2017-06-01,48.0064811706543,48.897891998291016,47.495948791503906,48.74392318725586,48.74392318725586,226069
2017-06-02,48.75202560424805,49.748783111572266,48.20097351074219,49.55429458618164,49.55429458618164,262719
2017-06-05,49.72447204589844,50.27552795410156,49.51377487182617,49.72447204589844,49.72447204589844,207435
2017-06-06,49.4327392578125,49.86223602294922,49.14100646972656,49.384117126464844,49.384117126464844,244826
2017-06-07,49.28687286376953,49.74068069458008,48.78444290161133,48.94651412963867,48.94651412963867,150548
2017-06-08,49.01134490966797,50.27552795410156,48.670989990234375,50.1701774597168,50.1701774597168,190776
2017-06-09,50.11345291137695,50.59157180786133,49.27066421508789,49.805511474609375,49.805511474609375,202623
2017-06-12,49.70016098022461,50.57536315917969,48.776336669921875,49.55429458618164,49.55429458618164,139565
2017-06-13,49.481361389160156,50.129661560058594,49.481361389160156,49.951377868652344,49.951377868652344,158816
2017-06-14,50.04051971435547,50.30794143676758,49.611019134521484,50.072933197021484,50.072933197021484,185100
2017-06-15,49.84602737426758,50.0,49.24635314941406,49.82171630859375,49.82171630859375,190406
2017-06-16,49.86223602294922,50.20259475708008,49.21393966674805,49.23014450073242,49.23014450073242,781369
2017-06-19,49.6029167175293,50.64829635620117,49.44894790649414,50.44570541381836,50.44570541381836,264693
2017-06-20,50.57536315917969,50.57536315917969,49.42463684082031,49.42463684082031,49.42463684082031,134259
2017-06-21,49.667747497558594,50.194488525390625,48.80875015258789,49.27876663208008,49.27876663208008,238162
2017-06-22,49.40842819213867,49.72447204589844,48.914100646972656,49.01134490966797,49.01134490966797,181521
2017-06-23,49.0356559753418,49.611019134521484,48.82495880126953,49.18962860107422,49.18962860107422,248157
2017-06-26,49.303077697753906,49.6029167175293,49.17341995239258,49.384117126464844,49.384117126464844,126732
2017-06-27,49.33549499511719,49.45705032348633,48.72771453857422,48.735816955566406,48.735816955566406,125745
2017-06-28,48.897891998291016,49.63533020019531,48.62236785888672,49.562400817871094,49.562400817871094,288879
2017-06-29,49.59481430053711,49.59481430053711,48.28200912475586,49.327392578125,49.327392578125,231498
2017-06-30,49.51377487182617,49.59481430053711,48.56563949584961,49.18962860107422,49.18962860107422,417092
2017-07-03,49.181522369384766,49.384117126464844,48.654781341552734,48.94651412963867,48.94651412963867,84776
2017-07-05,48.792545318603516,48.83306121826172,47.89303207397461,48.7601318359375,48.7601318359375,224465
2017-07-06,48.508914947509766,48.71961212158203,47.75526809692383,48.0064811706543,48.0064811706543,273825
2017-07-07,48.18476486206055,48.80875015258789,48.09562301635742,48.654781341552734,48.654781341552734,129817
2017-07-10,48.54132843017578,48.88978958129883,47.99027633666992,48.525123596191406,48.525123596191406,190159
2017-07-11,48.249595642089844,48.96272277832031,48.13614273071289,48.46029281616211,48.46029281616211,151165
2017-07-12,48.776336669921875,48.96272277832031,48.3630485534668,48.85737228393555,48.85737228393555,167947
2017-07-13,48.87358093261719,49.01134490966797,48.452186584472656,48.525123596191406,48.525123596191406,143514
2017-07-14,48.533226013183594,49.043758392333984,46.612640380859375,48.98703384399414,48.98703384399414,189172
2017-07-17,48.98703384399414,49.4327392578125,48.82495880126953,49.28687286376953,49.28687286376953,133766
2017-07-18,49.21393966674805,49.21393966674805,48.41977310180664,48.7601318359375,48.7601318359375,101311
2017-07-19,48.78444290161133,49.75688934326172,48.78444290161133,49.44894790649414,49.44894790649414,175598
2017-07-20,49.667747497558594,49.83792495727539,48.96272277832031,49.4975700378418,49.4975700378418,104150
2017-07-21,49.39221954345703,49.8298225402832,49.205833435058594,49.667747497558594,49.667747497558594,103656
2017-07-24,49.65964126586914,49.91896438598633,49.238250732421875,49.75688934326172,49.75688934326172,98597
2017-07-25,49.84602737426758,49.88654708862305,49.05186462402344,49.8298225402832,49.8298225402832,209286
2017-07-26,50.00810241699219,50.0648307800293,49.15721130371094,49.67584991455078,49.67584991455078,98843
2017-07-27,49.78120040893555,49.81361389160156,48.84926986694336,49.481361389160156,49.481361389160156,142033
2017-07-28,49.27876663208008,49.71636962890625,48.96272277832031,49.538089752197266,49.538089752197266,102175
2017-07-31,49.65153884887695,49.8298225402832,48.85737228393555,49.21393966674805,49.21393966674805,177943
2017-08-01,49.39221954345703,49.70016098022461,49.059967041015625,49.47325897216797,49.47325897216797,267901
2017-08-02,49.47325897216797,49.6029167175293,48.96272277832031,49.343597412109375,49.343597412109375,164369
2017-08-03,49.303077697753906,49.55429458618164,48.735816955566406,48.938411712646484,48.938411712646484,104890
2017-08-04,49.043758392333984,49.16531753540039,48.508914947509766,48.84926986694336,48.84926986694336,95758
2017-08-07,48.776336669921875,48.914100646972656,48.21717834472656,48.78444290161133,48.78444290161133,196453
2017-08-08,48.776336669921875,48.914100646972656,48.27390670776367,48.670989990234375,48.670989990234375,147833
2017-08-09,47.70664596557617,49.91896438598633,45.72123336791992,46.085899353027344,46.085899353027344,274812
2017-08-10,46.183143615722656,46.66126251220703,44.384117126464844,45.91572189331055,45.91572189331055,232856
2017-08-11,45.81037139892578,46.21555709838867,45.26742172241211,46.0291748046875,46.0291748046875,138578
2017-08-14,46.44246292114258,47.220420837402344,45.9643440246582,47.17179870605469,47.17179870605469,187568
2017-08-15,47.13127899169922,47.4392204284668,46.507293701171875,46.75851058959961,46.75851058959961,136974
2017-08-16,46.969207763671875,47.15559387207031,46.385738372802734,47.042137145996094,47.042137145996094,196823
2017-08-17,46.928688049316406,47.042137145996094,46.466773986816406,46.7017822265625,46.7017822265625,193121
2017-08-18,46.547813415527344,46.669368743896484,42.81199264526367,46.14262771606445,46.14262771606445,99337
2017-08-21,46.077796936035156,46.55591583251953,45.623985290527344,45.72933578491211,45.72933578491211,100448
2017-08-22,45.72123336791992,46.345218658447266,45.59157180786133,46.223663330078125,46.223663330078125,106247
2017-08-23,45.899513244628906,46.896270751953125,43.80875015258789,46.68557357788086,46.68557357788086,117600
2017-08-24,46.790924072265625,47.94975662231445,46.41004943847656,47.82820129394531,47.82820129394531,326763
2017-08-25,47.87682342529297,48.48460388183594,47.01782989501953,47.73905944824219,47.73905944824219,103409
2017-08-28,47.884925842285156,48.492706298828125,47.179901123046875,47.32577133178711,47.32577133178711,155361
2017-08-29,47.0988655090332,47.7957878112793,46.361427307128906,47.42301559448242,47.42301559448242,129940
2017-08-30,47.40680694580078,48.01458740234375,47.13938522338867,47.93354797363281,47.93354797363281,130310
2017-08-31,47.99027633666992,48.94651412963867,46.88816833496094,48.865478515625,48.865478515625,144378
2017-09-01,48.84926986694336,48.9303092956543,48.37925338745117,48.46029281616211,48.46029281616211,125498
2017-09-05,48.29011154174805,48.630470275878906,46.969207763671875,47.40680694580078,47.40680694580078,239890
2017-09-06,47.69853973388672,47.86872100830078,46.969207763671875,47.034034729003906,47.034034729003906,111307
2017-09-07,47.26094055175781,47.26094055175781,45.91572189331055,45.94813537597656,45.94813537597656,231745
2017-09-08,45.58346939086914,45.85089111328125,44.8946533203125,45.48622512817383,45.48622512817383,178313
2017-09-11,45.86709976196289,46.14262771606445,45.40518569946289,45.58346939086914,45.58346939086914,169675
2017-09-12,45.818477630615234,46.60453796386719,45.57536315917969,45.923824310302734,45.923824310302734,233349
2017-09-13,45.818477630615234,46.21555709838867,45.7374382019043,45.980552673339844,45.980552673339844,97486
2017-09-14,45.899513244628906,46.24797439575195,45.461910247802734,46.15073013305664,46.15073013305664,112047
2017-09-15,45.956241607666016,46.969207763671875,45.74554443359375,46.653160095214844,46.653160095214844,248528
2017-09-18,46.69367980957031,47.074554443359375,46.32090759277344,46.55591583251953,46.55591583251953,189666
2017-09-19,46.60453796386719,47.042137145996094,46.207454681396484,46.88816833496094,46.88816833496094,94278
2017-09-20,46.912479400634766,46.952999114990234,46.56401824951172,46.92058181762695,46.92058181762695,78112
2017-09-21,46.928688049316406,47.26094055175781,45.883304595947266,47.058345794677734,47.058345794677734,85516
2017-09-22,47.179901123046875,47.32577133178711,46.73419952392578,46.807132720947266,46.807132720947266,81444
2017-09-25,46.653160095214844,46.653160095214844,45.86709976196289,46.01296615600586,46.01296615600586,113775
2017-09-26,45.94813537597656,46.1993522644043,45.38087463378906,45.85899353027344,45.85899353027344,97486
2017-09-27,45.899513244628906,46.97731018066406,45.640193939208984,46.466773986816406,46.466773986816406,144501
2017-09-28,46.37763214111328,46.774715423583984,45.210697174072266,46.29659652709961,46.29659652709961,101805
2017-09-29,46.41004943847656,46.523502349853516,45.072933197021484,46.37763214111328,46.37763214111328,86133
2017-10-02,46.51539611816406,46.51539611816406,45.83468246459961,46.223663330078125,46.223663330078125,174241
2017-10-03,46.01296615600586,46.43436050415039,45.87520217895508,46.41815185546875,46.41815185546875,209533
2017-10-04,46.21555709838867,46.56401824951172,45.956241607666016,46.102108001708984,46.102108001708984,312696
2017-10-05,46.25607681274414,46.48298263549805,45.72123336791992,45.7374382019043,45.7374382019043,125868
2017-10-06,45.7374382019043,45.86709976196289,45.17828369140625,45.86709976196289,45.86709976196289,213605
2017-10-09,45.86709976196289,45.940032958984375,45.29983901977539,45.58346939086914,45.58346939086914,84899
2017-10-10,45.794166564941406,45.794166564941406,45.36466979980469,45.6320915222168,45.6320915222168,81691
2017-10-11,45.55915832519531,45.640193939208984,45.048622131347656,45.36466979980469,45.36466979980469,164986
2017-10-12,45.11345291137695,45.29173278808594,44.70016098022461,45.11345291137695,45.11345291137695,122413
2017-10-13,45.20259475708008,45.20259475708008,44.683956146240234,44.81361389160156,44.81361389160156,129447
2017-10-16,44.73257827758789,44.951377868652344,43.99513626098633,44.12479782104492,44.12479782104492,131668
2017-10-17,43.9708251953125,44.41653060913086,43.897891998291016,44.39221954345703,44.39221954345703,207065
2017-10-18,44.4327392578125,44.65964126586914,44.100486755371094,44.25445556640625,44.25445556640625,119575
2017-10-19,44.100486755371094,44.25445556640625,43.6953010559082,44.019447326660156,44.019447326660156,140429
2017-10-20,44.14100646972656,44.643436431884766,44.14100646972656,44.481361389160156,44.481361389160156,99831
2017-10-23,44.6029167175293,44.643436431884766,44.23014450073242,44.33549499511719,44.33549499511719,82308
2017-10-24,44.400325775146484,44.74068069458008,44.25445556640625,44.481361389160156,44.481361389160156,86997
2017-10-25,44.35170364379883,44.44084167480469,43.816856384277344,44.15721130371094,44.15721130371094,70338
2017-10-26,44.05186462402344,44.25445556640625,43.76823425292969,44.205833435058594,44.205833435058594,128336
2017-10-27,44.384117126464844,45.534847259521484,44.327392578125,45.41328811645508,45.41328811645508,164492
2017-10-30,45.30794143676758,45.34035873413086,44.87844467163086,45.13776397705078,45.13776397705078,124511
2017-10-31,45.21879959106445,45.38087463378906,44.85413360595703,45.34035873413086,45.34035873413086,154127
2017-11-01,45.54294967651367,45.54294967651367,43.225284576416016,43.71961212158203,43.71961212158203,310598
2017-11-02,43.87358093261719,43.88168716430664,42.625606536865234,42.965965270996094,42.965965270996094,344656
2017-11-03,43.047000885009766,43.64667510986328,42.22852325439453,42.52836227416992,42.52836227416992,136480
2017-11-06,42.36628723144531,43.71961212158203,42.36628723144531,43.64667510986328,43.64667510986328,108222
2017-11-07,43.492706298828125,43.938411712646484,43.063209533691406,43.66288375854492,43.66288375854492,199044
2017-11-08,44.773094177246094,47.00162124633789,44.773094177246094,46.15073013305664,46.15073013305664,320223
2017-11-09,45.956241607666016,46.361427307128906,44.327392578125,44.384117126464844,44.384117126464844,196823
2017-11-10,44.25445556640625,45.332252502441406,44.25445556640625,45.129661560058594,45.129661560058594,144008
2017-11-13,45.12155532836914,45.72123336791992,44.29497528076172,44.88654708862305,44.88654708862305,169058
2017-11-14,45.048622131347656,47.820098876953125,44.63533020019531,47.70664596557617,47.70664596557617,440415
2017-11-15,47.29335403442383,47.7957878112793,45.6320915222168,46.94489669799805,46.94489669799805,227426
2017-11-16,46.81523513793945,48.492706298828125,46.15883255004883,47.97406768798828,47.97406768798828,219529
2017-11-17,47.884925842285156,48.70340347290039,46.72609329223633,48.51701736450195,48.51701736450195,190036
2017-11-20,48.39546203613281,48.614261627197266,47.13938522338867,48.28200912475586,48.28200912475586,146969
2017-11-21,48.37925338745117,49.10858917236328,48.168556213378906,48.614261627197266,48.614261627197266,80827
2017-11-22,48.630470275878906,48.914100646972656,48.1280403137207,48.2982177734375,48.2982177734375,118217
2017-11-24,48.225284576416016,48.37925338745117,46.952999114990234,48.30632019042969,48.30632019042969,93414
2017-11-27,48.28200912475586,48.508914947509766,47.034034729003906,48.047000885009766,48.047000885009766,136851
2017-11-28,48.02268981933594,49.17341995239258,47.7957878112793,49.14910888671875,49.14910888671875,200772
2017-11-29,49.4327392578125,50.235008239746094,48.87358093261719,49.14910888671875,49.14910888671875,189296
2017-11-30,49.40842819213867,49.63533020019531,47.034034729003906,48.50080871582031,48.50080871582031,197070
2017-12-01,48.630470275878906,49.00324249267578,47.67422866821289,48.90599822998047,48.90599822998047,188308
2017-12-04,49.90275573730469,50.0,48.17666244506836,48.249595642089844,48.249595642089844,208916
2017-12-05,48.508914947509766,48.64667510986328,47.28525161743164,47.64991760253906,47.64991760253906,185223
2017-12-06,47.601295471191406,47.74716567993164,47.058345794677734,47.13938522338867,47.13938522338867,120809
2017-12-07,47.32577133178711,47.69853973388672,47.06645202636719,47.24473190307617,47.24473190307617,114639
2017-12-08,47.60940170288086,47.81199264526367,47.42301559448242,47.601295471191406,47.601295471191406,97116
2017-12-11,47.520259857177734,48.249595642089844,47.47163772583008,47.99027633666992,47.99027633666992,109456
2017-12-12,48.02268981933594,48.05510330200195,47.30956268310547,47.42301559448242,47.42301559448242,118094
2017-12-13,47.12317657470703,48.56563949584961,47.12317657470703,48.02268981933594,48.02268981933594,184606
2017-12-14,48.17666244506836,48.17666244506836,47.60940170288086,47.7957878112793,47.7957878112793,142157
2017-12-15,47.93354797363281,48.4683952331543,47.72285461425781,47.89303207397461,47.89303207397461,224958
2017-12-18,48.371150970458984,48.72771453857422,47.957862854003906,48.30632019042969,48.30632019042969,112911
2017-12-19,48.030792236328125,48.20097351074219,47.45542907714844,47.57698440551758,47.57698440551758,152399
2017-12-20,47.67422866821289,48.44408416748047,47.47163772583008,47.87682342529297,47.87682342529297,196206
2017-12-21,47.94975662231445,48.28200912475586,47.763370513916016,47.85251235961914,47.85251235961914,131544
2017-12-22,48.063209533691406,48.071311950683594,47.59319305419922,47.73095703125,47.73095703125,105260
2017-12-26,47.77147674560547,48.063209533691406,47.39059829711914,47.73095703125,47.73095703125,116366
2017-12-27,47.625606536865234,48.11993408203125,47.625606536865234,47.99027633666992,47.99027633666992,95758
2017-12-28,48.18476486206055,48.209075927734375,47.8363037109375,48.17666244506836,48.17666244506836,71202
2017-12-29,48.225284576416016,48.88168716430664,47.787681579589844,48.54132843017578,48.54132843017578,162148
2018-01-02,48.59805679321289,48.84116744995117,47.71474838256836,47.957862854003906,47.957862854003906,177326
2018-01-03,47.73095703125,47.94975662231445,46.936790466308594,47.91734313964844,47.91734313964844,437823
2018-01-04,47.85251235961914,48.39546203613281,47.73905944824219,48.31442642211914,48.31442642211914,267038
2018-01-05,48.57374572753906,49.197731018066406,48.03889846801758,49.14910888671875,49.14910888671875,158199
2018-01-08,49.16531753540039,49.63533020019531,48.62236785888672,49.465152740478516,49.465152740478516,150918
2018-01-09,49.69205856323242,49.98379135131836,49.465152740478516,49.643436431884766,49.643436431884766,235941
2018-01-10,49.538089752197266,49.57050323486328,48.03889846801758,48.50080871582031,48.50080871582031,166220
2018-01-11,48.60615921020508,49.65964126586914,48.60615921020508,49.400325775146484,49.400325775146484,91069
2018-01-12,49.489463806152344,49.84602737426758,48.96272277832031,49.79740524291992,49.79740524291992,76261
2018-01-16,49.91896438598633,50.14586639404297,49.059967041015625,49.42463684082031,49.42463684082031,238532
2018-01-17,49.83792495727539,49.99189758300781,49.376014709472656,49.805511474609375,49.805511474609375,115749
2018-01-18,49.9351692199707,49.9351692199707,49.4975700378418,49.6029167175293,49.6029167175293,59726
2018-01-19,49.65964126586914,50.11345291137695,49.465152740478516,50.0648307800293,50.0648307800293,59479
2018-01-22,50.04051971435547,50.13776397705078,49.41653060913086,50.048622131347656,50.048622131347656,123030
2018-01-23,50.04051971435547,50.478118896484375,49.82171630859375,50.12155532836914,50.12155532836914,149314
2018-01-24,50.194488525390625,50.44570541381836,49.2625617980957,49.41653060913086,49.41653060913086,92673
2018-01-25,49.51377487182617,49.74068069458008,49.14910888671875,49.59481430053711,49.59481430053711,127225
2018-01-26,49.8946533203125,49.8946533203125,49.17341995239258,49.51377487182617,49.51377487182617,171526
2018-01-29,49.51377487182617,49.55429458618164,49.06806945800781,49.3679084777832,49.3679084777832,78729
2018-01-30,49.076175689697266,50.21879959106445,48.88978958129883,49.789302825927734,49.789302825927734,196083
2018-01-31,49.927066802978516,50.1053466796875,49.14910888671875,49.481361389160156,49.481361389160156,190036
2018-02-01,49.27876663208008,50.28363037109375,49.27876663208008,50.210697174072266,50.210697174072266,119575
2018-02-02,49.773094177246094,50.14586639404297,49.059967041015625,49.61912536621094,49.61912536621094,120685
2018-02-05,49.14910888671875,49.35170364379883,47.39059829711914,47.39059829711914,47.39059829711914,210891
2018-02-06,46.28038787841797,47.763370513916016,45.478118896484375,47.763370513916016,47.763370513916016,228784
2018-02-07,47.45542907714844,48.09562301635742,47.44732666015625,47.97406768798828,47.97406768798828,187815
2018-02-08,47.93354797363281,48.225284576416016,47.00972366333008,47.00972366333008,47.00972366333008,188802
2018-02-09,47.236629486083984,47.6661262512207,44.39221954345703,45.802268981933594,45.802268981933594,253834
2018-02-12,45.97244644165039,46.88006591796875,44.72447204589844,46.3046989440918,46.3046989440918,164862
2018-02-13,46.15073013305664,46.329010009765625,45.26742172241211,46.11831283569336,46.11831283569336,175475
2018-02-14,45.672607421875,46.58022689819336,45.42949676513672,46.5316047668457,46.5316047668457,133642
2018-02-15,46.90437698364258,47.94975662231445,46.32090759277344,47.925445556640625,47.925445556640625,191887
2018-02-16,47.93354797363281,48.71961212158203,46.912479400634766,48.44408416748047,48.44408416748047,269382
2018-02-20,48.44408416748047,48.85737228393555,47.98217010498047,48.249595642089844,48.249595642089844,198304
2018-02-21,48.249595642089844,48.88168716430664,48.13614273071289,48.50080871582031,48.50080871582031,188308
2018-02-22,47.6661262512207,49.41653060913086,46.66126251220703,46.7666130065918,46.7666130065918,316768
2018-02-23,47.0988655090332,48.508914947509766,46.23176574707031,48.39546203613281,48.39546203613281,196329
2018-02-26,48.62236785888672,48.9708251953125,47.77147674560547,47.91734313964844,47.91734313964844,289126
2018-02-27,47.99837875366211,48.41167068481445,47.341976165771484,47.40680694580078,47.40680694580078,210767
2018-02-28,47.341976165771484,47.81199264526367,46.8719596862793,47.01782989501953,47.01782989501953,347618
2018-03-01,47.090763092041016,47.090763092041016,45.45380783081055,45.89141082763672,45.89141082763672,297147
2018-03-02,45.36466979980469,46.37763214111328,45.0,46.21555709838867,46.21555709838867,143884
2018-03-05,46.102108001708984,47.220420837402344,45.7374382019043,47.058345794677734,47.058345794677734,225945
2018-03-06,47.090763092041016,47.374393463134766,46.74230194091797,47.02593231201172,47.02593231201172,188555
2018-03-07,46.74230194091797,47.341976165771484,46.71799087524414,47.26094055175781,47.26094055175781,148327
2018-03-08,47.3338737487793,48.13614273071289,46.92058181762695,47.358184814453125,47.358184814453125,159556
2018-03-09,47.26094055175781,47.73095703125,47.18800735473633,47.32577133178711,47.32577133178711,140676
2018-03-12,47.29335403442383,48.07941818237305,47.29335403442383,47.779579162597656,47.779579162597656,240013
2018-03-13,47.86061477661133,47.89303207397461,46.896270751953125,47.042137145996094,47.042137145996094,335648
2018-03-14,47.236629486083984,47.84440612792969,46.9935188293457,47.074554443359375,47.074554443359375,350703
2018-03-15,47.28525161743164,47.28525161743164,46.44246292114258,46.596435546875,46.596435546875,147586
2018-03-16,46.807132720947266,47.06645202636719,46.40194320678711,46.74230194091797,46.74230194091797,312572
2018-03-19,46.523502349853516,46.969207763671875,45.68071365356445,46.2398681640625,46.2398681640625,145612
2018-03-20,46.23176574707031,46.790924072265625,45.623985290527344,45.70502471923828,45.70502471923828,215950
2018-03-21,45.60778045654297,46.40194320678711,45.60778045654297,45.956241607666016,45.956241607666016,235077
2018-03-22,45.55105209350586,45.76985549926758,44.70826721191406,44.73257827758789,44.73257827758789,244949
2018-03-23,44.78120040893555,44.78120040893555,43.41167068481445,43.43598175048828,43.43598175048828,263706
2018-03-26,43.98703384399414,44.521881103515625,43.24148941040039,43.76823425292969,43.76823425292969,227796
2018-03-27,43.85737228393555,44.627227783203125,42.77147674560547,42.94975662231445,42.94975662231445,279378
2018-03-28,42.89303207397461,43.02268981933594,42.374393463134766,42.63371276855469,42.63371276855469,237545
2018-03-29,42.779579162597656,43.047000885009766,42.2042121887207,42.763370513916016,42.763370513916016,327257
2018-04-02,42.5607795715332,43.57374572753906,41.896270751953125,42.25283432006836,42.25283432006836,291471
2018-04-03,42.51215744018555,44.3679084777832,42.14748764038086,44.31928634643555,44.31928634643555,554930
2018-04-04,43.638572692871094,44.943275451660156,43.638572692871094,44.505672454833984,44.505672454833984,1535219
2018-04-05,44.71636962890625,44.97568893432617,43.56563949584961,44.21393966674805,44.21393966674805,559989
2018-04-06,43.9708251953125,44.181522369384766,43.13614273071289,43.525123596191406,43.525123596191406,339967
2018-04-09,43.8006477355957,44.489463806152344,43.735816955566406,43.897891998291016,43.897891998291016,229154
2018-04-10,44.400325775146484,44.81361389160156,44.02755355834961,44.562400817871094,44.562400817871094,342312
2018-04-11,44.489463806152344,45.09724426269531,44.41653060913086,44.55429458618164,44.55429458618164,260004
2018-04-12,44.79740524291992,44.82171630859375,43.371150970458984,44.489463806152344,44.489463806152344,226562
2018-04-13,44.65153884887695,44.65153884887695,44.14100646972656,44.24635314941406,44.24635314941406,174734
2018-04-16,44.41653060913086,44.78120040893555,44.043758392333984,44.70016098022461,44.70016098022461,302207
2018-04-17,44.910858154296875,45.29983901977539,43.59805679321289,45.00810241699219,45.00810241699219,386489
2018-04-18,45.21879959106445,45.615882873535156,44.84602737426758,45.1053466796875,45.1053466796875,324048
2018-04-19,45.18638610839844,45.251216888427734,44.643436431884766,44.773094177246094,44.773094177246094,148203
2018-04-20,44.99189758300781,44.99189758300781,44.3679084777832,44.52998352050781,44.52998352050781,301466
2018-04-23,44.75688934326172,45.056724548339844,43.76823425292969,44.44894790649414,44.44894790649414,190900
2018-04-24,44.55429458618164,45.02431106567383,43.68719482421875,44.29497528076172,44.29497528076172,181275
2018-04-25,44.40842819213867,44.90275573730469,43.16045379638672,43.492706298828125,43.492706298828125,204350
2018-04-26,43.638572692871094,43.70340347290039,42.55267333984375,43.41167068481445,43.41167068481445,193861
2018-04-27,43.57374572753906,44.16531753540039,43.1280403137207,43.1280403137207,43.1280403137207,287275
2018-04-30,43.32252883911133,43.32252883911133,42.44732666015625,42.57698440551758,42.57698440551758,288509
2018-05-01,42.54457092285156,42.803890228271484,42.13938522338867,42.55267333984375,42.55267333984375,285671
2018-05-02,42.54457092285156,42.75526809692383,41.96110153198242,42.35008239746094,42.35008239746094,228907
2018-05-03,42.212318420410156,42.39059829711914,41.612640380859375,41.969207763671875,41.969207763671875,335895
2018-05-04,42.042137145996094,42.54457092285156,41.596435546875,42.24473190307617,42.24473190307617,270369
2018-05-07,42.35008239746094,42.69043731689453,41.90437698364258,42.179901123046875,42.179901123046875,490021
2018-05-08,42.01782989501953,42.341976165771484,41.49919128417969,41.547813415527344,41.547813415527344,333180
2018-05-09,41.58832931518555,41.73419952392578,41.085899353027344,41.69367980957031,41.69367980957031,413390
2018-05-10,42.463531494140625,42.463531494140625,41.085899353027344,42.02593231201172,42.02593231201172,322197
2018-05-11,42.74716567993164,43.94651412963867,42.4392204284668,42.536468505859375,42.536468505859375,705971
2018-05-14,42.463531494140625,42.77147674560547,41.952999114990234,42.058345794677734,42.058345794677734,610830
2018-05-15,41.79902648925781,41.92058181762695,41.361427307128906,41.385738372802734,41.385738372802734,286535
2018-05-16,41.44246292114258,41.491085052490234,40.940032958984375,41.2398681640625,41.2398681640625,220516
2018-05-17,41.183143615722656,41.48298263549805,41.0291748046875,41.28849411010742,41.28849411010742,255561
2018-05-18,41.24797439575195,41.491085052490234,40.85899353027344,40.940032958984375,40.940032958984375,291224
2018-05-21,41.0696907043457,41.329010009765625,40.599674224853516,40.84278869628906,40.84278869628906,220146
2018-05-22,40.68071365356445,40.99675750732422,40.26742172241211,40.5024299621582,40.5024299621582,274935
2018-05-23,40.27552795410156,40.45380783081055,39.100486755371094,39.55429458618164,39.55429458618164,411909
2018-05-24,39.44084167480469,39.943275451660156,39.02755355834961,39.31928634643555,39.31928634643555,485456
2018-05-25,39.327392578125,39.943275451660156,38.792545318603516,38.90599822998047,38.90599822998047,411169
2018-05-29,38.76823425292969,39.15721130371094,38.346839904785156,38.914100646972656,38.914100646972656,237915
2018-05-30,39.043758392333984,39.181522369384766,38.508914947509766,38.56563949584961,38.56563949584961,197070
2018-05-31,38.55753707885742,39.44084167480469,37.97406768798828,38.11993408203125,38.11993408203125,599107
2018-06-01,38.3630485534668,38.57374572753906,37.957862854003906,38.29011154174805,38.29011154174805,315164
2018-06-04,38.087520599365234,39.27876663208008,37.965965270996094,38.922203063964844,38.922203063964844,653033
2018-06-05,38.96272277832031,39.538089752197266,38.533226013183594,38.776336669921875,38.776336669921875,289620
2018-06-06,38.9303092956543,39.17341995239258,38.66288375854492,39.00324249267578,39.00324249267578,424743
2018-06-07,38.99513626098633,39.08427810668945,38.403564453125,38.48460388183594,38.48460388183594,259387
2018-06-08,38.31442642211914,38.525123596191406,38.047000885009766,38.13614273071289,38.13614273071289,456457
2018-06-11,38.168556213378906,38.792545318603516,37.82820129394531,37.89303207397461,37.89303207397461,287645
2018-06-12,37.72285461425781,37.87682342529297,36.912479400634766,37.27714538574219,37.27714538574219,575291
2018-06-13,37.44732666015625,38.21717834472656,37.30956268310547,37.763370513916016,37.763370513916016,574304
2018-06-14,37.77147674560547,38.13614273071289,37.358184814453125,37.884925842285156,37.884925842285156,295173
2018-06-15,37.69853973388672,37.71474838256836,37.1636962890625,37.495948791503906,37.495948791503906,754838
2018-06-18,37.2042121887207,37.779579162597656,36.56401824951172,37.212318420410156,37.212318420410156,554930
2018-06-19,36.936790466308594,37.12317657470703,36.88006591796875,37.01782989501953,37.01782989501953,390067
2018-06-20,37.115074157714844,37.115074157714844,36.81523513793945,36.8719596862793,36.8719596862793,308130
2018-06-21,36.896270751953125,36.896270751953125,36.329010009765625,36.653160095214844,36.653160095214844,566283
2018-06-22,37.763370513916016,37.763370513916016,36.207454681396484,36.596435546875,36.596435546875,560730
2018-06-25,36.56401824951172,36.90437698364258,36.51539611816406,36.81523513793945,36.81523513793945,268395
2018-06-26,36.84764862060547,37.08265686035156,36.3046989440918,36.369529724121094,36.369529724121094,426594
2018-06-27,36.085899353027344,36.51539611816406,35.980552673339844,36.19124984741211,36.19124984741211,743115
2018-06-28,36.29659652709961,36.53970718383789,36.0291748046875,36.29659652709961,36.29659652709961,560483
2018-06-29,36.385738372802734,36.86385726928711,35.9643440246582,35.980552673339844,35.980552673339844,334167
2018-07-02,35.794166564941406,35.90761947631836,35.11345291137695,35.899513244628906,35.899513244628906,465958
2018-07-03,35.899513244628906,36.7666130065918,35.68881607055664,36.51539611816406,36.51539611816406,225945
2018-07-05,36.58832931518555,36.896270751953125,36.27228546142578,36.831443786621094,36.831443786621094,578129
2018-07-06,36.83954620361328,37.64991760253906,36.831443786621094,37.520259857177734,37.520259857177734,279131
2018-07-09,37.601295471191406,38.330631256103516,37.398704528808594,38.2982177734375,38.2982177734375,572082
2018-07-10,38.371150970458984,38.43598175048828,38.087520599365234,38.31442642211914,38.31442642211914,395991
2018-07-11,38.11993408203125,38.209075927734375,37.82820129394531,37.98217010498047,37.98217010498047,316768
2018-07-12,38.11993408203125,38.42787551879883,37.85251235961914,38.3630485534668,38.3630485534668,366621
2018-07-13,38.387359619140625,38.44408416748047,38.16045379638672,38.225284576416016,38.225284576416016,166837
2018-07-16,38.25769805908203,38.403564453125,37.658023834228516,37.73905944824219,37.73905944824219,200402
2018-07-17,37.658023834228516,37.779579162597656,37.18800735473633,37.28525161743164,37.28525161743164,178683
2018-07-18,37.39059829711914,37.57698440551758,37.05024337768555,37.115074157714844,37.115074157714844,209286
2018-07-19,37.074554443359375,37.25283432006836,36.807132720947266,37.12317657470703,37.12317657470703,307883
2018-07-20,37.05024337768555,37.05024337768555,36.628849029541016,36.7017822265625,36.7017822265625,211754
2018-07-23,36.69367980957031,36.790924072265625,36.329010009765625,36.750404357910156,36.750404357910156,211137
2018-07-24,36.807132720947266,36.88816833496094,36.450565338134766,36.55591583251953,36.55591583251953,150671
2018-07-25,36.547813415527344,36.547813415527344,35.923824310302734,36.207454681396484,36.207454681396484,193121
2018-07-26,36.1993522644043,36.369529724121094,35.97244644165039,36.1993522644043,36.1993522644043,226809
2018-07-27,36.207454681396484,36.28038787841797,35.85089111328125,35.91572189331055,35.91572189331055,346384
2018-07-30,35.93193054199219,36.28038787841797,35.66450500488281,36.085899353027344,36.085899353027344,162148
2018-07-31,36.21555709838867,36.60453796386719,35.78606033325195,36.45867156982422,36.45867156982422,180534
2018-08-01,36.450565338134766,37.0988655090332,35.90761947631836,36.102108001708984,36.102108001708984,441649
2018-08-02,35.84278869628906,36.37763214111328,35.84278869628906,36.29659652709961,36.29659652709961,128583
2018-08-03,36.27228546142578,36.79902648925781,35.78606033325195,36.361427307128906,36.361427307128906,177573
2018-08-06,36.28038787841797,37.034034729003906,36.11831283569336,36.936790466308594,36.936790466308594,448806
2018-08-07,37.7957878112793,39.627227783203125,36.98541259765625,38.897891998291016,38.897891998291016,755825
2018-08-08,38.897891998291016,39.019447326660156,38.28200912475586,38.68719482421875,38.68719482421875,373655
2018-08-09,38.74392318725586,39.65964126586914,38.71150588989258,39.4975700378418,39.4975700378418,330218
2018-08-10,39.481361389160156,39.70016098022461,38.371150970458984,38.614261627197266,38.614261627197266,276416
2018-08-13,38.67909240722656,39.489463806152344,38.41977310180664,38.70340347290039,38.70340347290039,261978
2018-08-14,38.88978958129883,39.967586517333984,38.670989990234375,39.8298225402832,39.8298225402832,226686
2018-08-15,39.465152740478516,39.71636962890625,38.44408416748047,38.735816955566406,38.735816955566406,221256
2018-08-16,38.84116744995117,39.611019134521484,38.51701736450195,39.25445556640625,39.25445556640625,253217
2018-08-17,39.25445556640625,39.376014709472656,38.72771453857422,39.15721130371094,39.15721130371094,177696
2018-08-20,39.16531753540039,39.40842819213867,38.85737228393555,39.28687286376953,39.28687286376953,166590
2018-08-21,39.384117126464844,39.87844467163086,39.181522369384766,39.683956146240234,39.683956146240234,237545
2018-08-22,39.683956146240234,40.048622131347656,39.28687286376953,39.951377868652344,39.951377868652344,171032
2018-08-23,39.81361389160156,40.048622131347656,39.400325775146484,39.51377487182617,39.51377487182617,276169
2018-08-24,39.70016098022461,39.98379135131836,39.13290023803711,39.59481430053711,39.59481430053711,145612
2018-08-27,39.70016098022461,40.461910247802734,39.14910888671875,39.74068069458008,39.74068069458008,131544
2018-08-28,39.943275451660156,39.943275451660156,39.25445556640625,39.55429458618164,39.55429458618164,165850
2018-08-29,39.57050323486328,39.75688934326172,39.25445556640625,39.683956146240234,39.683956146240234,201389
2018-08-30,39.538089752197266,39.538089752197266,38.84116744995117,39.116695404052734,39.116695404052734,185594
2018-08-31,38.954620361328125,39.25445556640625,38.670989990234375,38.897891998291016,38.897891998291016,185100
2018-09-04,38.80875015258789,39.01134490966797,38.29011154174805,38.4683952331543,38.4683952331543,258523
2018-09-05,38.42787551879883,38.865478515625,38.18476486206055,38.354942321777344,38.354942321777344,413390
2018-09-06,38.39546203613281,38.4683952331543,37.85251235961914,38.17666244506836,38.17666244506836,139319
2018-09-07,38.11183166503906,38.46029281616211,37.820098876953125,38.225284576416016,38.225284576416016,126608
2018-09-10,38.371150970458984,39.019447326660156,38.31442642211914,38.78444290161133,38.78444290161133,337869
2018-09-11,38.59805679321289,39.10858917236328,38.31442642211914,38.330631256103516,38.330631256103516,232609
2018-09-12,38.30632019042969,38.816856384277344,38.17666244506836,38.68719482421875,38.68719482421875,216814
2018-09-13,38.865478515625,39.505672454833984,38.865478515625,39.44084167480469,39.44084167480469,210397
2018-09-14,39.521881103515625,39.55429458618164,39.06806945800781,39.14910888671875,39.14910888671875,348852
2018-09-17,39.14100646972656,39.4327392578125,38.776336669921875,38.84116744995117,38.84116744995117,224711
2018-09-18,39.12479782104492,39.31928634643555,38.75202560424805,39.25445556640625,39.25445556640625,271110
2018-09-19,39.343597412109375,39.57050323486328,38.938411712646484,39.238250732421875,39.238250732421875,343546
2018-09-20,39.359806060791016,39.59481430053711,38.68719482421875,38.71150588989258,38.71150588989258,436959
2018-09-21,38.70340347290039,38.792545318603516,37.682334899902344,37.71474838256836,37.71474838256836,667471
2018-09-24,37.058345794677734,37.60940170288086,36.896270751953125,37.495948791503906,37.495948791503906,544194
2018-09-25,37.52836227416992,37.93354797363281,37.463531494140625,37.69043731689453,37.69043731689453,432023
2018-09-26,37.69853973388672,37.884925842285156,37.06645202636719,37.08265686035156,37.08265686035156,226192
2018-09-27,37.24473190307617,37.56888198852539,37.074554443359375,37.26094055175781,37.26094055175781,255808
2018-09-28,37.2042121887207,38.85737228393555,37.12317657470703,37.57698440551758,37.57698440551758,213729
2018-10-01,37.682334899902344,37.91734313964844,36.74230194091797,36.774715423583984,36.774715423583984,306032
2018-10-02,36.58832931518555,37.4392204284668,36.39384078979492,37.058345794677734,37.058345794677734,226933
2018-10-03,37.27714538574219,37.67422866821289,37.01782989501953,37.25283432006836,37.25283432006836,385255
2018-10-04,37.179901123046875,37.4392204284668,35.99675750732422,36.72609329223633,36.72609329223633,176709
2018-10-05,36.807132720947266,36.807132720947266,35.85899353027344,36.207454681396484,36.207454681396484,303564
2018-10-08,36.0696907043457,36.2398681640625,35.9643440246582,36.077796936035156,36.077796936035156,213976
2018-10-09,36.0696907043457,36.102108001708984,35.68881607055664,36.0291748046875,36.0291748046875,202870
2018-10-10,36.045379638671875,36.29659652709961,35.478118896484375,35.510536193847656,35.510536193847656,432764
2018-10-11,35.5024299621582,35.696922302246094,34.63533020019531,34.70016098022461,34.70016098022461,388093
2018-10-12,35.16207504272461,35.38087463378906,34.489463806152344,34.91896438598633,34.91896438598633,252600
2018-10-15,34.910858154296875,35.510536193847656,34.910858154296875,35.17828369140625,35.17828369140625,336265
2018-10-16,35.388980865478516,36.207454681396484,35.332252502441406,36.16693878173828,36.16693878173828,216937
2018-10-17,36.16693878173828,36.42625427246094,35.98865509033203,36.32090759277344,36.32090759277344,388957
2018-10-18,36.29659652709961,36.44246292114258,35.1053466796875,35.12155532836914,35.12155532836914,172513
2018-10-19,35.332252502441406,35.59157180786133,34.95948028564453,35.11345291137695,35.11345291137695,230635
2018-10-22,35.210697174072266,35.210697174072266,34.57860565185547,34.70826721191406,34.70826721191406,193861
2018-10-23,34.44084167480469,34.44084167480469,33.071311950683594,33.88978958129883,33.88978958129883,379085
2018-10-24,33.897891998291016,34.39221954345703,31.969205856323242,32.00162124633789,32.00162124633789,313313
2018-10-25,32.2042121887207,32.56888198852539,32.13127899169922,32.45542907714844,32.45542907714844,235571
2018-10-26,32.00972366333008,32.179901123046875,30.931928634643555,31.596433639526367,31.596433639526367,368472
2018-10-29,31.823339462280273,32.51215744018555,30.632091522216797,30.98055076599121,30.98055076599121,167084
2018-10-30,31.02107048034668,32.00162124633789,29.756887435913086,31.904375076293945,31.904375076293945,4257423
2018-10-31,32.22852325439453,33.168556213378906,32.13938522338867,32.86061477661133,32.86061477661133,327504
2018-11-01,33.13614273071289,34.13290023803711,32.641815185546875,33.55753707885742,33.55753707885742,470648
2018-11-02,33.816856384277344,34.18962860107422,33.03889846801758,33.51701736450195,33.51701736450195,334784
2018-11-05,33.630470275878906,33.8006477355957,32.87682342529297,33.2333869934082,33.2333869934082,199785
2018-11-06,33.209075927734375,33.78444290161133,33.168556213378906,33.58995056152344,33.58995056152344,483234
2018-11-07,33.76823425292969,34.2625617980957,33.168556213378906,34.100486755371094,34.100486755371094,225575
2018-11-08,32.7957878112793,34.400325775146484,30.794164657592773,30.964344024658203,30.964344024658203,701035
2018-11-09,30.072933197021484,31.02107048034668,28.1523494720459,30.745542526245117,30.745542526245117,4251747
2018-11-12,30.956239700317383,32.463531494140625,30.956239700317383,31.758508682250977,31.758508682250977,1293232
2018-11-13,31.855754852294922,33.11993408203125,31.596433639526367,32.40680694580078,32.40680694580078,883544
2018-11-14,32.59319305419922,32.85251235961914,32.14748764038086,32.42301559448242,32.42301559448242,794696
2018-11-15,32.317665100097656,33.76823425292969,30.85899543762207,33.64667510986328,33.64667510986328,925623
2018-11-16,33.55753707885742,34.35170364379883,33.28200912475586,34.0356559753418,34.0356559753418,752987
2018-11-19,34.02755355834961,34.384117126464844,33.249595642089844,33.533226013183594,33.533226013183594,866638
2018-11-20,33.225284576416016,33.816856384277344,32.820098876953125,32.957862854003906,32.957862854003906,772237
2018-11-21,33.209075927734375,33.94651412963867,32.941654205322266,33.9303092956543,33.9303092956543,234707
2018-11-23,33.58995056152344,34.13290023803711,33.58995056152344,33.85737228393555,33.85737228393555,99460
2018-11-26,33.76823425292969,34.58671188354492,33.76823425292969,34.02755355834961,34.02755355834961,296283
2018-11-27,33.96272277832031,34.51377487182617,33.508914947509766,34.06806945800781,34.06806945800781,339350
2018-11-28,34.10858917236328,34.6029167175293,33.78444290161133,34.521881103515625,34.521881103515625,275799
2018-11-29,34.51377487182617,34.75688934326172,33.64667510986328,33.78444290161133,33.78444290161133,364030
2018-11-30,33.71961212158203,34.06806945800781,33.59805679321289,33.90599822998047,33.90599822998047,342312
2018-12-03,34.35170364379883,34.41653060913086,33.492706298828125,34.043758392333984,34.043758392333984,317385
2018-12-04,34.05186462402344,34.222042083740234,32.536468505859375,32.61750411987305,32.61750411987305,295420
2018-12-06,32.26094055175781,32.763370513916016,31.604537963867188,32.71474838256836,32.71474838256836,291718
2018-12-07,32.61750411987305,33.249595642089844,32.115074157714844,32.32577133178711,32.32577133178711,501498
2018-12-10,32.28525161743164,32.763370513916016,31.645057678222656,32.26904296875,32.26904296875,1030513
2018-12-11,32.67422866821289,32.99027633666992,31.88006591796875,32.2042121887207,32.2042121887207,645752
2018-12-12,32.56888198852539,33.103729248046875,31.71799087524414,32.39059829711914,32.39059829711914,366128
2018-12-13,32.504051208496094,32.536468505859375,31.401945114135742,31.596433639526367,31.596433639526367,391178
2018-12-14,31.2803897857666,31.474878311157227,30.299837112426758,30.71312713623047,30.71312713623047,944997
2018-12-17,30.680713653564453,31.223663330078125,29.57050132751465,29.692058563232422,29.692058563232422,709797
2018-12-18,29.886547088623047,29.95948028564453,28.484603881835938,29.092382431030273,29.092382431030273,976958
2018-12-19,29.10858917236328,30.15397071838379,28.98703384399414,29.165315628051758,29.165315628051758,681908
2018-12-20,29.157211303710938,29.651540756225586,28.363046646118164,28.69529914855957,28.69529914855957,418203
2018-12-21,28.85737419128418,29.043760299682617,27.941652297973633,28.063209533691406,28.063209533691406,639706
2018-12-24,27.86871910095215,28.144245147705078,27.220420837402344,27.39870262145996,27.39870262145996,181275
2018-12-26,27.544570922851562,28.363046646118164,27.423015594482422,28.322528839111328,28.322528839111328,454235
2018-12-27,28.071313858032227,28.55753517150879,27.44732666015625,28.508914947509766,28.508914947509766,400556
2018-12-28,28.662885665893555,29.692058563232422,28.630470275878906,29.367908477783203,29.367908477783203,346014
2018-12-31,29.627229690551758,29.756887435913086,29.28687286376953,29.756887435913086,29.756887435913086,340090
2019-01-02,29.367908477783203,29.975688934326172,28.905996322631836,29.902755737304688,29.902755737304688,240507
2019-01-03,29.57860565185547,30.388978958129883,29.359806060791016,29.773096084594727,29.773096084594727,337129
2019-01-04,29.902755737304688,31.247974395751953,29.59481430053711,30.940031051635742,30.940031051635742,550981
2019-01-07,31.053485870361328,31.199352264404297,30.29173469543457,30.53484535217285,30.53484535217285,605771
2019-01-08,30.72933578491211,31.247974395751953,30.478120803833008,31.207454681396484,31.207454681396484,284807
2019-01-09,31.401945114135742,31.669368743896484,31.12641716003418,31.256078720092773,31.256078720092773,289250
2019-01-10,31.085899353027344,31.782819747924805,30.899513244628906,31.604537963867188,31.604537963867188,192998
2019-01-11,31.531604766845703,31.58833122253418,31.199352264404297,31.474878311157227,31.474878311157227,265927
2019-01-14,31.401945114135742,31.766613006591797,30.69692039489746,31.377634048461914,31.377634048461914,362302
2019-01-15,31.3857364654541,31.604537963867188,31.12641716003418,31.46677589416504,31.46677589416504,397471
2019-01-16,31.604537963867188,31.677471160888672,31.30470085144043,31.515396118164062,31.515396118164062,298505
2019-01-17,31.46677589416504,31.815235137939453,31.247974395751953,31.57212257385254,31.57212257385254,554560
2019-01-18,31.815235137939453,32.02593231201172,31.42625617980957,32.00972366333008,32.00972366333008,986583
2019-01-22,31.790924072265625,32.13127899169922,31.053485870361328,31.191247940063477,31.191247940063477,198057
2019-01-23,31.27228546142578,31.53970718383789,30.794164657592773,31.110210418701172,31.110210418701172,301096
2019-01-24,31.10210609436035,31.693679809570312,31.061588287353516,31.531604766845703,31.531604766845703,406109
2019-01-25,31.531604766845703,32.51215744018555,31.531604766845703,31.977310180664062,31.977310180664062,696593
2019-01-28,31.807130813598633,32.4392204284668,31.661264419555664,31.888168334960938,31.888168334960938,1188589
2019-01-29,32.042137145996094,32.59319305419922,31.87196159362793,32.38249588012695,32.38249588012695,476324
2019-01-30,32.38249588012695,32.77147674560547,32.220420837402344,32.374393463134766,32.374393463134766,244085
2019-01-31,32.374393463134766,33.2333869934082,32.29335403442383,33.209075927734375,33.209075927734375,675368
2019-02-01,33.28200912475586,33.83306121826172,33.249595642089844,33.41167068481445,33.41167068481445,440785
2019-02-04,33.41167068481445,33.64667510986328,33.26580047607422,33.630470275878906,33.630470275878906,244702
2019-02-05,33.654781341552734,33.954620361328125,33.11993408203125,33.30632019042969,33.30632019042969,474473
2019-02-06,33.508914947509766,33.55753707885742,33.103729248046875,33.17666244506836,33.17666244506836,383897
2019-02-07,33.17666244506836,33.225284576416016,32.67422866821289,33.01458740234375,33.01458740234375,428445
2019-02-08,33.01458740234375,33.71961212158203,32.99027633666992,33.59805679321289,33.59805679321289,407097
2019-02-11,33.70340347290039,33.954620361328125,33.525123596191406,33.670989990234375,33.670989990234375,250872
2019-02-12,33.78444290161133,34.27066421508789,33.59805679321289,33.865478515625,33.865478515625,458801
2019-02-13,34.019447326660156,34.019447326660156,33.508914947509766,33.80875015258789,33.80875015258789,403888
2019-02-14,33.75202560424805,34.359806060791016,33.66288375854492,33.88978958129883,33.88978958129883,323555
2019-02-15,33.99513626098633,34.343597412109375,33.96272277832031,34.21393966674805,34.21393966674805,348975
2019-02-19,34.100486755371094,34.789302825927734,34.043758392333984,34.69205856323242,34.69205856323242,517663
2019-02-20,34.805511474609375,35.388980865478516,34.773094177246094,35.372772216796875,35.372772216796875,371804
2019-02-21,33.41167068481445,33.97893142700195,31.118314743041992,31.823339462280273,31.823339462280273,1487464
2019-02-22,31.677471160888672,32.63371276855469,31.628849029541016,32.14748764038086,32.14748764038086,846894
2019-02-25,32.504051208496094,32.86061477661133,32.12317657470703,32.32577133178711,32.32577133178711,689312
2019-02-26,32.236629486083984,32.341976165771484,31.758508682250977,31.782819747924805,31.782819747924805,652539
2019-02-27,31.73419761657715,31.758508682250977,31.30470085144043,31.499189376831055,31.499189376831055,368349
2019-02-28,31.41815185546875,31.482982635498047,30.85089111328125,31.247974395751953,31.247974395751953,518403
2019-03-01,31.3857364654541,31.896272659301758,31.223663330078125,31.55591583251953,31.55591583251953,380936
2019-03-04,31.70988655090332,31.969205856323242,31.361425399780273,31.628849029541016,31.628849029541016,334044
2019-03-05,31.628849029541016,31.815235137939453,30.97244644165039,31.094003677368164,31.094003677368164,580967
2019-03-06,31.01296615600586,31.28849220275879,30.53484535217285,30.53484535217285,30.53484535217285,344163
2019-03-07,30.478120803833008,30.8184757232666,30.16207504272461,30.380874633789062,30.380874633789062,396978
2019-03-08,30.113452911376953,30.3160457611084,30.0,30.210697174072266,30.210697174072266,235571
2019-03-11,30.194488525390625,30.5672607421875,29.927066802978516,30.0,30.0,535186
2019-03-12,30.097244262695312,30.470016479492188,29.821718215942383,30.072933197021484,30.072933197021484,498659
2019-03-13,30.170177459716797,30.40518569946289,29.935169219970703,30.226903915405273,30.226903915405273,631191
2019-03-14,30.194488525390625,30.478120803833008,29.99189567565918,30.12155532836914,30.12155532836914,830729
2019-03-15,30.218801498413086,30.340356826782227,30.04051971435547,30.13776206970215,30.13776206970215,513467
2019-03-18,30.113452911376953,30.526742935180664,29.983793258666992,30.178281784057617,30.178281784057617,1245476
2019-03-19,30.307941436767578,30.680713653564453,30.13776206970215,30.210697174072266,30.210697174072266,441772
2019-03-20,30.04051971435547,30.623987197875977,29.813613891601562,30.12155532836914,30.12155532836914,802594
2019-03-21,29.983793258666992,30.235008239746094,29.732576370239258,30.16207504272461,30.16207504272461,609349
2019-03-22,29.983793258666992,30.113452911376953,29.084278106689453,29.084278106689453,29.084278106689453,362796
2019-03-25,29.068071365356445,29.13290023803711,28.41166877746582,28.73581886291504,28.73581886291504,367609
2019-03-26,28.792545318603516,29.384117126464844,28.792545318603516,29.230146408081055,29.230146408081055,426100
2019-03-27,29.254457473754883,29.4327392578125,28.881685256958008,29.092382431030273,29.092382431030273,308253
2019-03-28,29.076175689697266,29.529983520507812,28.954618453979492,29.457050323486328,29.457050323486328,314670
2019-03-29,29.643436431884766,29.86223793029785,29.408428192138672,29.538087844848633,29.538087844848633,321087
2019-04-01,29.764991760253906,30.00810432434082,29.58670997619629,29.910858154296875,29.910858154296875,342682
2019-04-02,29.902755737304688,30.60778045654297,29.797407150268555,30.526742935180664,30.526742935180664,488417
2019-04-03,30.591571807861328,30.86709976196289,30.170177459716797,30.380874633789062,30.380874633789062,773101
2019-04-04,30.494327545166016,31.58022689819336,30.41329002380371,31.474878311157227,31.474878311157227,339473
2019-04-05,31.53970718383789,31.896272659301758,31.312803268432617,31.758508682250977,31.758508682250977,478175
2019-04-08,31.7017822265625,31.87196159362793,31.57212257385254,31.799028396606445,31.799028396606445,195712
2019-04-09,31.685575485229492,31.71799087524414,31.247974395751953,31.345218658447266,31.345218658447266,211384
2019-04-10,31.45867156982422,31.71799087524414,31.353322982788086,31.669368743896484,31.669368743896484,205708
2019-04-11,31.799028396606445,31.99351692199707,31.523500442504883,31.807130813598633,31.807130813598633,327010
2019-04-12,32.00162124633789,32.196109771728516,31.604537963867188,32.074554443359375,32.074554443359375,191517
2019-04-15,31.977310180664062,32.26094055175781,31.410049438476562,31.855754852294922,31.855754852294922,475213
2019-04-16,31.961101531982422,32.64991760253906,31.87196159362793,32.54457092285156,32.54457092285156,450657
2019-04-17,32.73095703125,32.98217010498047,32.398704528808594,32.658023834228516,32.658023834228516,511246
2019-04-18,32.71474838256836,32.71474838256836,32.27714538574219,32.317665100097656,32.317665100097656,611570
2019-04-22,32.236629486083984,32.41490936279297,31.896272659301758,32.374393463134766,32.374393463134766,139812
2019-04-23,32.47163772583008,32.67422866821289,32.236629486083984,32.358184814453125,32.358184814453125,386859
2019-04-24,32.39059829711914,32.39059829711914,31.9529972076416,32.15559387207031,32.15559387207031,319483
2019-04-25,31.99351692199707,32.06645202636719,31.596433639526367,31.766613006591797,31.766613006591797,178313
2019-04-26,31.758508682250977,32.27714538574219,31.669368743896484,32.2042121887207,32.2042121887207,193244
2019-04-29,32.00972366333008,32.73095703125,31.83144187927246,32.48784255981445,32.48784255981445,193738
2019-04-30,32.45542907714844,32.45542907714844,32.13938522338867,32.29335403442383,32.29335403442383,285918
2019-05-01,32.47163772583008,32.72285461425781,32.15559387207031,32.41490936279297,32.41490936279297,198674
2019-05-02,32.47163772583008,32.55267333984375,31.523500442504883,31.815235137939453,31.815235137939453,318249
2019-05-03,31.969205856323242,32.38249588012695,31.70988655090332,32.341976165771484,32.341976165771484,222243
2019-05-06,31.83144187927246,32.57698440551758,30.267423629760742,32.495948791503906,32.495948791503906,199785
2019-05-07,32.179901123046875,32.3338737487793,30.794164657592773,31.807130813598633,31.807130813598633,303811
2019-05-08,33.62236785888672,34.33549499511719,32.779579162597656,33.37925338745117,33.37925338745117,649084
2019-05-09,33.103729248046875,33.103729248046875,32.18800735473633,32.504051208496094,32.504051208496094,441402
2019-05-10,32.42301559448242,32.5607795715332,31.9529972076416,32.504051208496094,32.504051208496094,713005
2019-05-13,31.9529972076416,32.196109771728516,31.3857364654541,31.83954620361328,31.83954620361328,300479
2019-05-14,32.212318420410156,32.925445556640625,32.05024337768555,32.56888198852539,32.56888198852539,396978
2019-05-15,32.43111801147461,32.77147674560547,32.341976165771484,32.67422866821289,32.67422866821289,307760
2019-05-16,32.85251235961914,33.11183166503906,32.63371276855469,32.925445556640625,32.925445556640625,419807
2019-05-17,32.71474838256836,33.192867279052734,32.32577133178711,32.73905944824219,32.73905944824219,324048
2019-05-20,33.37925338745117,35.18638610839844,33.01458740234375,33.98703384399414,33.98703384399414,1387880
2019-05-21,34.222042083740234,35.656402587890625,34.222042083740234,35.1701774597168,35.1701774597168,1110723
2019-05-22,34.538089752197266,34.943275451660156,34.16531753540039,34.84602737426758,34.84602737426758,425483
2019-05-23,34.521881103515625,34.88654708862305,33.954620361328125,34.85413360595703,34.85413360595703,368966
2019-05-24,35.048622131347656,35.44570541381836,34.9351692199707,35.251216888427734,35.251216888427734,366745
2019-05-28,35.332252502441406,35.60778045654297,35.11345291137695,35.41328811645508,35.41328811645508,685857
2019-05-29,35.29173278808594,35.29173278808594,34.465152740478516,34.65964126586914,34.65964126586914,526178
2019-05-30,34.8298225402832,35.15397262573242,34.489463806152344,34.667747497558594,34.667747497558594,456210
2019-05-31,34.181522369384766,34.805511474609375,34.181522369384766,34.667747497558594,34.667747497558594,449299
2019-06-03,34.55429458618164,35.1701774597168,34.489463806152344,35.089141845703125,35.089141845703125,256549
2019-06-04,35.3970832824707,35.45380783081055,34.789302825927734,35.056724548339844,35.056724548339844,335771
2019-06-05,35.226905822753906,35.29983901977539,34.71636962890625,35.02431106567383,35.02431106567383,1158479
2019-06-06,35.056724548339844,35.1053466796875,34.65964126586914,34.86223602294922,34.86223602294922,316768
2019-06-07,34.65964126586914,34.910858154296875,34.41653060913086,34.805511474609375,34.805511474609375,318249
2019-06-10,34.8946533203125,35.12155532836914,34.6029167175293,34.70826721191406,34.70826721191406,515565
2019-06-11,34.98379135131836,35.13776397705078,34.67584991455078,35.0648307800293,35.0648307800293,482000
2019-06-12,34.87844467163086,35.11345291137695,34.06806945800781,34.481361389160156,34.481361389160156,440291
2019-06-13,34.67584991455078,34.81361389160156,34.40842819213867,34.69205856323242,34.69205856323242,1151939
2019-06-14,34.57050323486328,35.1053466796875,34.33549499511719,34.88654708862305,34.88654708862305,481877
2019-06-17,34.99189758300781,34.99189758300781,34.465152740478516,34.71636962890625,34.71636962890625,486690
2019-06-18,35.01620864868164,35.44570541381836,34.870338439941406,34.95948028564453,34.95948028564453,936359
2019-06-19,34.943275451660156,35.04051971435547,34.00324249267578,34.076175689697266,34.076175689697266,759650
2019-06-20,34.465152740478516,34.764991760253906,33.8006477355957,34.538089752197266,34.538089752197266,1128987
2019-06-21,34.481361389160156,34.9351692199707,34.27876663208008,34.376014709472656,34.376014709472656,727937
2019-06-24,34.505672454833984,34.74068069458008,34.27066421508789,34.31928634643555,34.31928634643555,355515
2019-06-25,34.31118392944336,34.44084167480469,34.10858917236328,34.12479782104492,34.12479782104492,300479
2019-06-26,34.2625617980957,34.611019134521484,34.18962860107422,34.44084167480469,34.44084167480469,418326
2019-06-27,34.45705032348633,34.85413360595703,34.45705032348633,34.73257827758789,34.73257827758789,788896
2019-06-28,34.870338439941406,35.98865509033203,34.870338439941406,35.91572189331055,35.91572189331055,521488
2019-07-01,36.25607681274414,36.596435546875,35.75364685058594,36.09400177001953,36.09400177001953,607745
2019-07-02,35.91572189331055,36.790924072265625,35.72933578491211,36.39384078979492,36.39384078979492,507297
2019-07-03,36.39384078979492,36.92058181762695,36.183143615722656,36.774715423583984,36.774715423583984,880212
2019-07-05,36.645057678222656,37.12317657470703,36.56401824951172,36.928688049316406,36.928688049316406,203116
2019-07-08,36.69367980957031,37.034034729003906,36.653160095214844,36.88006591796875,36.88006591796875,266050
2019-07-09,36.68557357788086,36.92058181762695,36.31280517578125,36.75851058959961,36.75851058959961,269752
2019-07-10,36.70988845825195,37.51215744018555,36.70988845825195,37.47163772583008,37.47163772583008,570355
2019-07-11,37.520259857177734,37.58509063720703,37.15559387207031,37.43111801147461,37.43111801147461,502732
2019-07-12,37.398704528808594,37.787681579589844,36.98541259765625,37.00972366333008,37.00972366333008,290977
2019-07-15,37.090763092041016,37.2042121887207,36.41004943847656,36.547813415527344,36.547813415527344,708439
2019-07-16,36.7017822265625,36.74230194091797,36.42625427246094,36.55591583251953,36.55591583251953,262472
2019-07-17,36.466773986816406,37.196109771728516,36.385738372802734,37.074554443359375,37.074554443359375,769152
2019-07-18,37.074554443359375,37.15559387207031,36.669368743896484,36.912479400634766,36.912479400634766,520131
2019-07-19,37.00972366333008,37.358184814453125,36.7017822265625,37.10696792602539,37.10696792602539,484345
2019-07-22,37.115074157714844,37.374393463134766,36.223663330078125,36.96110153198242,36.96110153198242,600218
2019-07-23,36.969207763671875,37.38249588012695,36.88006591796875,37.32577133178711,37.32577133178711,222614
2019-07-24,37.358184814453125,37.74716567993164,37.14748764038086,37.30146026611328,37.30146026611328,830729
2019-07-25,37.40680694580078,37.40680694580078,36.49919128417969,36.84764862060547,36.84764862060547,381676
2019-07-26,36.912479400634766,37.40680694580078,36.88816833496094,37.341976165771484,37.341976165771484,228413
2019-07-29,37.38249588012695,37.87682342529297,37.30956268310547,37.8363037109375,37.8363037109375,696593
2019-07-30,37.658023834228516,37.658023834228516,37.05024337768555,37.25283432006836,37.25283432006836,418079
2019-07-31,37.317665100097656,37.4392204284668,36.831443786621094,36.88816833496094,36.88816833496094,492243
2019-08-01,36.84764862060547,37.15559387207031,36.25607681274414,36.39384078979492,36.39384078979492,696099
2019-08-02,36.11021041870117,36.11021041870117,35.210697174072266,35.66450500488281,35.66450500488281,418696
2019-08-05,35.04051971435547,35.04051971435547,34.40842819213867,34.967586517333984,34.967586517333984,816785
2019-08-06,35.0648307800293,35.41328811645508,34.58671188354492,34.90275573730469,34.90275573730469,582942
2019-08-07,34.57050323486328,35.40518569946289,34.23014450073242,34.951377868652344,34.951377868652344,775322
2019-08-08,33.74392318725586,34.6029167175293,32.22852325439453,32.38249588012695,32.38249588012695,1042977
2019-08-09,32.35008239746094,32.941654205322266,31.523500442504883,31.904375076293945,31.904375076293945,865528
2019-08-12,32.00972366333008,32.86061477661133,31.596433639526367,32.641815185546875,32.641815185546875,488417
2019-08-13,32.56888198852539,33.71150588989258,32.56888198852539,33.063209533691406,33.063209533691406,746200
2019-08-14,32.81199264526367,33.0064811706543,31.56401824951172,31.596433639526367,31.596433639526367,1351724
2019-08-15,31.54781150817871,31.604537963867188,31.134521484375,31.30470085144043,31.30470085144043,748668
2019-08-16,31.612642288208008,31.936790466308594,31.223663330078125,31.361425399780273,31.361425399780273,825793
2019-08-19,31.523500442504883,32.18800735473633,31.401945114135742,31.920583724975586,31.920583724975586,841465
2019-08-20,31.936790466308594,32.30146026611328,31.499189376831055,32.13938522338867,32.13938522338867,542220
2019-08-21,32.28525161743164,32.625606536865234,32.090763092041016,32.43111801147461,32.43111801147461,534569
2019-08-22,32.48784255981445,32.9011344909668,32.40680694580078,32.51215744018555,32.51215744018555,325036
2019-08-23,32.2042121887207,32.56888198852539,32.00972366333008,32.22852325439453,32.22852325439453,456580
2019-08-26,32.47163772583008,32.71474838256836,32.27714538574219,32.63371276855469,32.63371276855469,266791
2019-08-27,32.779579162597656,32.779579162597656,32.317665100097656,32.658023834228516,32.658023834228516,404382
2019-08-28,32.52836227416992,33.1280403137207,32.495948791503906,32.957862854003906,32.957862854003906,237422
2019-08-29,33.07941818237305,34.08427810668945,33.07941818237305,34.0356559753418,34.0356559753418,699061
2019-08-30,33.96272277832031,34.45705032348633,33.87358093261719,34.238250732421875,34.238250732421875,388463
2019-09-03,33.88168716430664,34.31928634643555,33.8006477355957,34.16531753540039,34.16531753540039,351073
2019-09-04,34.683956146240234,34.91896438598633,33.897891998291016,34.8946533203125,34.8946533203125,424743
2019-09-05,34.967586517333984,35.76985549926758,34.967586517333984,35.55915832519531,35.55915832519531,478052
2019-09-06,35.66450500488281,35.97244644165039,35.38087463378906,35.68881607055664,35.68881607055664,841341
2019-09-09,35.696922302246094,36.0291748046875,35.461910247802734,35.794166564941406,35.794166564941406,608362
2019-09-10,35.86709976196289,37.35008239746094,35.68071365356445,37.28525161743164,37.28525161743164,859851
2019-09-11,37.720001220703125,38.529998779296875,37.029998779296875,38.349998474121094,38.349998474121094,1180000
2019-09-12,38.52000045776367,39.91999816894531,38.15999984741211,39.869998931884766,39.869998931884766,550100
2019-09-13,39.880001068115234,40.189998626708984,39.16999816894531,39.25,39.25,717600
2019-09-16,39.22999954223633,39.75,38.939998626708984,39.630001068115234,39.630001068115234,610400
2019-09-17,40.060001373291016,41.31999969482422,38.88999938964844,39.560001373291016,39.560001373291016,428700
2019-09-18,39.5099983215332,40.189998626708984,39.349998474121094,40.130001068115234,40.130001068115234,708900
2019-09-19,40.040000915527344,40.7400016784668,40.0099983215332,40.09000015258789,40.09000015258789,373300
2019-09-20,40.380001068115234,40.66999816894531,39.83000183105469,39.959999084472656,39.959999084472656,824900
2019-09-23,39.84000015258789,40.5099983215332,39.58000183105469,40.130001068115234,40.130001068115234,352200
2019-09-24,40.27000045776367,40.29999923706055,39.81999969482422,39.869998931884766,39.869998931884766,450100
2019-09-25,39.849998474121094,40.619998931884766,39.66999816894531,40.310001373291016,40.310001373291016,324000
2019-09-26,40.15999984741211,40.29999923706055,39.810001373291016,40.220001220703125,40.220001220703125,391500
2019-09-27,40.040000915527344,40.40999984741211,39.560001373291016,39.59000015258789,39.59000015258789,227700
2019-09-30,39.61000061035156,40.099998474121094,39.34000015258789,39.619998931884766,39.619998931884766,226000
2019-10-01,39.68000030517578,40.09000015258789,38.7400016784668,38.88999938964844,38.88999938964844,242500
2019-10-02,38.540000915527344,38.7599983215332,38.130001068115234,38.380001068115234,38.380001068115234,311700
2019-10-03,38.279998779296875,38.41999816894531,37.650001525878906,37.93000030517578,37.93000030517578,347300
2019-10-04,37.209999084472656,37.619998931884766,36.13999938964844,37.220001220703125,37.220001220703125,991700
2019-10-07,37.09000015258789,37.36000061035156,36.79999923706055,36.900001525878906,36.900001525878906,337000
2019-10-08,36.720001220703125,36.720001220703125,35.560001373291016,35.59000015258789,35.59000015258789,385300
2019-10-09,35.70000076293945,36.06999969482422,35.40999984741211,35.790000915527344,35.790000915527344,460300
2019-10-10,35.54999923706055,36.58000183105469,35.52000045776367,36.43000030517578,36.43000030517578,585000
2019-10-11,36.93000030517578,37.220001220703125,36.349998474121094,36.43000030517578,36.43000030517578,247200
2019-10-14,36.470001220703125,36.61000061035156,35.63999938964844,35.75,35.75,520100
2019-10-15,35.790000915527344,36.189998626708984,35.40999984741211,36.029998779296875,36.029998779296875,188900
2019-10-16,36.209999084472656,36.90999984741211,36.13999938964844,36.40999984741211,36.40999984741211,197100
2019-10-17,36.709999084472656,37.02000045776367,36.470001220703125,36.91999816894531,36.91999816894531,233100
2019-10-18,36.900001525878906,37.349998474121094,36.83000183105469,37.31999969482422,37.31999969482422,241200
2019-10-21,37.529998779296875,38.849998474121094,37.459999084472656,38.7400016784668,38.7400016784668,601300
2019-10-22,38.86000061035156,39.63999938964844,38.630001068115234,38.720001220703125,38.720001220703125,494500
2019-10-23,38.93000030517578,39.31999969482422,38.45000076293945,38.97999954223633,38.97999954223633,268200
2019-10-24,39.029998779296875,39.029998779296875,38.11000061035156,38.47999954223633,38.47999954223633,358000
2019-10-25,38.4900016784668,38.959999084472656,38.349998474121094,38.439998626708984,38.439998626708984,156600
2019-10-28,38.5,39.2400016784668,38.459999084472656,39.209999084472656,39.209999084472656,221700
2019-10-29,39.040000915527344,39.540000915527344,38.93000030517578,39.2400016784668,39.2400016784668,224200
2019-10-30,39.380001068115234,39.63999938964844,39.02000045776367,39.22999954223633,39.22999954223633,236600
2019-10-31,39.31999969482422,39.540000915527344,38.529998779296875,39.0,39.0,221000
2019-11-01,39.13999938964844,39.439998626708984,38.939998626708984,39.29999923706055,39.29999923706055,219700
2019-11-04,39.560001373291016,39.75,39.209999084472656,39.41999816894531,39.41999816894531,288800
2019-11-05,39.43000030517578,40.0,39.279998779296875,39.97999954223633,39.97999954223633,234800
2019-11-06,39.97999954223633,40.0,39.16999816894531,39.540000915527344,39.540000915527344,370700
2019-11-07,40.9900016784668,43.040000915527344,39.88999938964844,41.099998474121094,41.099998474121094,569900
2019-11-08,40.93000030517578,41.68000030517578,40.93000030517578,41.09000015258789,41.09000015258789,585100
2019-11-11,40.93000030517578,41.959999084472656,40.59000015258789,41.4900016784668,41.4900016784668,504300
2019-11-12,41.529998779296875,41.720001220703125,41.279998779296875,41.38999938964844,41.38999938964844,303900
2019-11-13,41.09000015258789,41.09000015258789,40.459999084472656,40.720001220703125,40.720001220703125,296200
2019-11-14,40.36000061035156,40.47999954223633,39.7400016784668,40.349998474121094,40.349998474121094,287200
2019-11-15,40.540000915527344,41.04999923706055,40.25,40.5099983215332,40.5099983215332,221900
2019-11-18,40.47999954223633,40.529998779296875,39.869998931884766,40.2400016784668,40.2400016784668,445300
2019-11-19,40.400001525878906,40.810001373291016,40.130001068115234,40.36000061035156,40.36000061035156,348700
2019-11-20,40.119998931884766,41.349998474121094,40.099998474121094,40.630001068115234,40.630001068115234,344300
2019-11-21,40.7599983215332,41.31999969482422,40.40999984741211,40.68000030517578,40.68000030517578,654400
2019-11-22,40.959999084472656,42.22999954223633,40.849998474121094,41.709999084472656,41.709999084472656,318000
2019-11-25,41.79999923706055,42.619998931884766,41.77000045776367,42.09000015258789,42.09000015258789,453300
2019-11-26,42.20000076293945,42.849998474121094,41.95000076293945,42.369998931884766,42.369998931884766,682300
2019-11-27,42.540000915527344,42.869998931884766,41.79999923706055,41.93000030517578,41.93000030517578,188100
2019-11-29,41.720001220703125,42.119998931884766,41.58000183105469,42.06999969482422,42.06999969482422,98300
2019-12-02,41.66999816894531,42.13999938964844,41.18000030517578,41.349998474121094,41.349998474121094,194200
2019-12-03,40.72999954223633,41.08000183105469,39.939998626708984,40.56999969482422,40.56999969482422,517300
2019-12-04,40.52000045776367,40.849998474121094,39.349998474121094,39.38999938964844,39.38999938964844,328900
2019-12-05,39.369998931884766,39.790000915527344,39.130001068115234,39.720001220703125,39.720001220703125,220800
2019-12-06,39.939998626708984,40.29999923706055,39.77000045776367,40.029998779296875,40.029998779296875,174200
2019-12-09,39.970001220703125,40.09000015258789,39.22999954223633,39.34000015258789,39.34000015258789,128900
2019-12-10,39.36000061035156,39.5099983215332,39.119998931884766,39.220001220703125,39.220001220703125,374500
2019-12-11,39.27000045776367,39.439998626708984,38.77000045776367,38.93000030517578,38.93000030517578,220400
2019-12-12,39.0099983215332,39.720001220703125,39.0,39.290000915527344,39.290000915527344,285600
2019-12-13,40.58000183105469,44.4900016784668,40.04999923706055,42.86000061035156,42.86000061035156,1586600
2019-12-16,43.970001220703125,44.779998779296875,43.099998474121094,43.790000915527344,43.790000915527344,662900
2019-12-17,43.79999923706055,44.66999816894531,43.369998931884766,44.52000045776367,44.52000045776367,1190900
2019-12-18,44.869998931884766,45.150001525878906,44.189998626708984,44.52000045776367,44.52000045776367,754200
2019-12-19,44.380001068115234,44.599998474121094,43.58000183105469,43.77000045776367,43.77000045776367,606500
2019-12-20,43.900001525878906,44.810001373291016,43.54999923706055,44.66999816894531,44.66999816894531,639300
2019-12-23,44.61000061035156,45.06999969482422,44.150001525878906,44.459999084472656,44.459999084472656,212200
2019-12-24,44.41999816894531,44.65999984741211,43.970001220703125,44.150001525878906,44.150001525878906,95900
2019-12-26,44.16999816894531,44.4900016784668,43.869998931884766,44.15999984741211,44.15999984741211,196800
2019-12-27,44.16999816894531,44.779998779296875,43.810001373291016,44.0099983215332,44.0099983215332,137400
2019-12-30,44.0099983215332,44.15999984741211,43.43000030517578,43.54999923706055,43.54999923706055,200700
2019-12-31,43.369998931884766,43.77000045776367,43.150001525878906,43.310001373291016,43.310001373291016,383900
2020-01-02,43.7599983215332,43.959999084472656,43.0099983215332,43.209999084472656,43.209999084472656,402100
2020-01-03,42.95000076293945,43.13999938964844,42.31999969482422,43.08000183105469,43.08000183105469,560900
2020-01-06,42.630001068115234,43.2599983215332,42.20000076293945,43.150001525878906,43.150001525878906,1054000
2020-01-07,42.939998626708984,43.72999954223633,42.81999969482422,43.38999938964844,43.38999938964844,429000
2020-01-08,43.27000045776367,43.529998779296875,42.349998474121094,42.41999816894531,42.41999816894531,229400
2020-01-09,42.47999954223633,42.880001068115234,42.150001525878906,42.459999084472656,42.459999084472656,201100
2020-01-10,42.400001525878906,42.43000030517578,41.97999954223633,42.119998931884766,42.119998931884766,152700
2020-01-13,42.099998474121094,42.61000061035156,41.91999816894531,42.380001068115234,42.380001068115234,364400
2020-01-14,42.2400016784668,42.77000045776367,41.90999984741211,42.619998931884766,42.619998931884766,336800
2020-01-15,42.56999969482422,42.91999816894531,42.34000015258789,42.7400016784668,42.7400016784668,384100
2020-01-16,42.9900016784668,43.709999084472656,42.959999084472656,43.27000045776367,43.27000045776367,289600
2020-01-17,43.400001525878906,43.400001525878906,42.18000030517578,42.939998626708984,42.939998626708984,286400
2020-01-21,42.619998931884766,42.90999984741211,41.470001220703125,41.970001220703125,41.970001220703125,342900
2020-01-22,42.43000030517578,42.43000030517578,41.540000915527344,41.630001068115234,41.630001068115234,363100
2020-01-23,41.439998626708984,41.88999938964844,40.939998626708984,41.72999954223633,41.72999954223633,436700
2020-01-24,41.790000915527344,41.84000015258789,41.27000045776367,41.33000183105469,41.33000183105469,494600
2020-01-27,40.75,41.7599983215332,40.599998474121094,41.38999938964844,41.38999938964844,287700
2020-01-28,41.43000030517578,41.720001220703125,41.119998931884766,41.25,41.25,175300
2020-01-29,41.2400016784668,41.2400016784668,40.709999084472656,41.11000061035156,41.11000061035156,233300
2020-01-30,40.7400016784668,41.13999938964844,40.130001068115234,40.52000045776367,40.52000045776367,165200
2020-01-31,40.29999923706055,40.529998779296875,39.72999954223633,39.90999984741211,39.90999984741211,296000
2020-02-03,40.0,40.22999954223633,39.34000015258789,39.459999084472656,39.459999084472656,329600
2020-02-04,39.90999984741211,40.459999084472656,39.4900016784668,39.4900016784668,39.4900016784668,292500
2020-02-05,39.720001220703125,39.90999984741211,39.34000015258789,39.529998779296875,39.529998779296875,260100
2020-02-06,39.54999923706055,39.70000076293945,39.290000915527344,39.40999984741211,39.40999984741211,493600
2020-02-07,39.380001068115234,39.470001220703125,38.41999816894531,38.66999816894531,38.66999816894531,257600
2020-02-10,38.380001068115234,38.47999954223633,37.70000076293945,38.11000061035156,38.11000061035156,286300
2020-02-11,38.36000061035156,40.15999984741211,38.34000015258789,39.599998474121094,39.599998474121094,306900
2020-02-12,39.84000015258789,39.97999954223633,38.61000061035156,39.5,39.5,689200
2020-02-13,39.189998626708984,40.04999923706055,39.04999923706055,39.9900016784668,39.9900016784668,990100
2020-02-14,40.18000030517578,40.65999984741211,39.83000183105469,40.63999938964844,40.63999938964844,296600
2020-02-18,40.400001525878906,40.63999938964844,39.43000030517578,40.060001373291016,40.060001373291016,387400
2020-02-19,40.099998474121094,40.310001373291016,39.38999938964844,39.619998931884766,39.619998931884766,538500
2020-02-20,37.86000061035156,40.91999816894531,37.5,40.04999923706055,40.04999923706055,881700
2020-02-21,39.810001373291016,40.25,38.7599983215332,39.08000183105469,39.08000183105469,361800
2020-02-24,37.9900016784668,39.029998779296875,37.5099983215332,38.34000015258789,38.34000015258789,630800
2020-02-25,38.56999969482422,38.939998626708984,37.459999084472656,37.459999084472656,37.459999084472656,368900
2020-02-26,37.65999984741211,38.119998931884766,36.29999923706055,36.349998474121094,36.349998474121094,978900
2020-02-27,35.540000915527344,36.18000030517578,34.83000183105469,35.040000915527344,35.040000915527344,640400
2020-02-28,33.90999984741211,34.95000076293945,33.529998779296875,34.91999816894531,34.91999816894531,950500
2020-03-02,34.9900016784668,35.45000076293945,33.880001068115234,35.29999923706055,35.29999923706055,1071000
2020-03-03,35.2599983215332,36.22999954223633,34.40999984741211,34.95000076293945,34.95000076293945,630100
2020-03-04,35.310001373291016,36.02000045776367,34.54999923706055,35.959999084472656,35.959999084472656,466200
2020-03-05,34.93000030517578,35.220001220703125,33.810001373291016,34.459999084472656,34.459999084472656,514200
2020-03-06,33.45000076293945,34.040000915527344,32.93000030517578,33.880001068115234,33.880001068115234,581900
2020-03-09,31.65999984741211,32.41999816894531,30.1299991607666,31.329999923706055,31.329999923706055,738300
2020-03-10,32.04999923706055,33.04999923706055,31.75,32.9900016784668,32.9900016784668,796600
2020-03-11,32.209999084472656,32.45000076293945,31.399999618530273,31.799999237060547,31.799999237060547,466200
2020-03-12,30.079999923706055,30.979999542236328,29.079999923706055,29.389999389648438,29.389999389648438,1630200
2020-03-13,30.6299991607666,31.25,29.200000762939453,31.110000610351562,31.110000610351562,724400
2020-03-16,27.100000381469727,30.450000762939453,27.100000381469727,28.329999923706055,28.329999923706055,705600
2020-03-17,28.010000228881836,29.170000076293945,27.0,28.079999923706055,28.079999923706055,1287400
2020-03-18,27.020000457763672,27.65999984741211,25.229999542236328,26.719999313354492,26.719999313354492,1044000
2020-03-19,26.469999313354492,29.90999984741211,25.6200008392334,29.809999465942383,29.809999465942383,1028600
2020-03-20,29.950000762939453,30.690000534057617,28.809999465942383,30.010000228881836,30.010000228881836,1305000
2020-03-23,30.110000610351562,31.0,28.450000762939453,29.809999465942383,29.809999465942383,669500
2020-03-24,31.170000076293945,31.889999389648438,29.950000762939453,31.280000686645508,31.280000686645508,711000
2020-03-25,31.350000381469727,33.63999938964844,30.0,32.869998931884766,32.869998931884766,753600
2020-03-26,33.220001220703125,36.09000015258789,33.099998474121094,35.869998931884766,35.869998931884766,462400
2020-03-27,34.540000915527344,35.41999816894531,31.760000228881836,32.06999969482422,32.06999969482422,334700
2020-03-30,32.2599983215332,33.31999969482422,31.479999542236328,32.11000061035156,32.11000061035156,254000
2020-03-31,32.0099983215332,32.849998474121094,31.31999969482422,31.969999313354492,31.969999313354492,424900
2020-04-01,31.049999237060547,31.270000457763672,29.989999771118164,30.549999237060547,30.549999237060547,423300
2020-04-02,30.020000457763672,31.09000015258789,29.479999542236328,30.0,30.0,563700
2020-04-03,29.84000015258789,30.389999389648438,28.65999984741211,29.299999237060547,29.299999237060547,720800
2020-04-06,30.1200008392334,31.790000915527344,30.09000015258789,31.639999389648438,31.639999389648438,662000
2020-04-07,32.63999938964844,33.20000076293945,31.18000030517578,31.489999771118164,31.489999771118164,746300
2020-04-08,31.989999771118164,33.08000183105469,31.559999465942383,32.86000061035156,32.86000061035156,472300
2020-04-09,33.38999938964844,33.880001068115234,32.22999954223633,32.369998931884766,32.369998931884766,367500
2020-04-13,32.27000045776367,32.59000015258789,30.420000076293945,30.6200008392334,30.6200008392334,304700
2020-04-14,30.959999084472656,32.0,30.860000610351562,30.93000030517578,30.93000030517578,403500
2020-04-15,29.780000686645508,30.540000915527344,29.010000228881836,29.389999389648438,29.389999389648438,561600
2020-04-16,29.700000762939453,30.100000381469727,28.959999084472656,29.549999237060547,29.549999237060547,383200
2020-04-17,30.09000015258789,31.40999984741211,30.09000015258789,30.979999542236328,30.979999542236328,296100
2020-04-20,30.479999542236328,31.079999923706055,30.170000076293945,30.479999542236328,30.479999542236328,240800
2020-04-21,29.989999771118164,30.229999542236328,28.760000228881836,29.399999618530273,29.399999618530273,325500
2020-04-22,29.84000015258789,30.309999465942383,28.979999542236328,29.959999084472656,29.959999084472656,212900
2020-04-23,29.729999542236328,30.969999313354492,29.729999542236328,30.65999984741211,30.65999984741211,401600
2020-04-24,30.579999923706055,30.889999389648438,30.209999084472656,30.8799991607666,30.8799991607666,416400
2020-04-27,31.1299991607666,31.43000030517578,30.889999389648438,31.31999969482422,31.31999969482422,451600
2020-04-28,31.860000610351562,32.06999969482422,30.959999084472656,31.760000228881836,31.760000228881836,327200
2020-04-29,32.40999984741211,32.91999816894531,31.459999084472656,32.86000061035156,32.86000061035156,464900
2020-04-30,32.7400016784668,32.7400016784668,31.510000228881836,31.549999237060547,31.549999237060547,321500
2020-05-01,30.809999465942383,31.549999237060547,29.799999237060547,30.309999465942383,30.309999465942383,297100
2020-05-04,30.020000457763672,30.209999084472656,29.350000381469727,29.969999313354492,29.969999313354492,393400
2020-05-05,30.280000686645508,30.700000762939453,29.700000762939453,29.899999618530273,29.899999618530273,257000
2020-05-06,30.010000228881836,30.59000015258789,29.559999465942383,30.100000381469727,30.100000381469727,432300
2020-05-07,30.059999465942383,30.059999465942383,28.75,29.440000534057617,29.440000534057617,767200
2020-05-08,29.8700008392334,31.219999313354492,29.579999923706055,30.709999084472656,30.709999084472656,521200
2020-05-11,30.530000686645508,30.639999389648438,29.610000610351562,29.649999618530273,29.649999618530273,391100
2020-05-12,29.700000762939453,29.959999084472656,28.260000228881836,28.270000457763672,28.270000457763672,305200
2020-05-13,28.049999237060547,28.049999237060547,27.1200008392334,27.25,27.25,526500
2020-05-14,26.8799991607666,27.270000457763672,26.139999389648438,27.219999313354492,27.219999313354492,326100
2020-05-15,26.959999084472656,27.3700008392334,26.84000015258789,27.09000015258789,27.09000015258789,217000
2020-05-18,27.920000076293945,29.600000381469727,27.59000015258789,29.450000762939453,29.450000762939453,326000
2020-05-19,29.31999969482422,29.40999984741211,28.649999618530273,28.649999618530273,28.649999618530273,255200
2020-05-20,29.049999237060547,29.25,28.549999237060547,29.200000762939453,29.200000762939453,217400
2020-05-21,29.270000457763672,29.799999237060547,28.940000534057617,29.440000534057617,29.440000534057617,347200
2020-05-22,29.309999465942383,29.969999313354492,28.799999237060547,29.850000381469727,29.850000381469727,211300
2020-05-26,30.540000915527344,31.270000457763672,30.5,30.950000762939453,30.950000762939453,512600
2020-05-27,31.420000076293945,32.130001068115234,31.280000686645508,31.899999618530273,31.899999618530273,365400
2020-05-28,31.829999923706055,31.8700008392334,30.920000076293945,31.020000457763672,31.020000457763672,227700
2020-05-29,30.90999984741211,31.360000610351562,30.329999923706055,31.15999984741211,31.15999984741211,284300
2020-06-01,31.280000686645508,32.0099983215332,31.15999984741211,31.600000381469727,31.600000381469727,519700
2020-06-02,31.8799991607666,32.900001525878906,31.690000534057617,32.58000183105469,32.58000183105469,277900
2020-06-03,32.880001068115234,33.66999816894531,32.849998474121094,33.15999984741211,33.15999984741211,296200
2020-06-04,33.119998931884766,33.45000076293945,32.540000915527344,33.349998474121094,33.349998474121094,423200
2020-06-05,34.369998931884766,34.79999923706055,33.720001220703125,33.79999923706055,33.79999923706055,383400
2020-06-08,34.18000030517578,35.33000183105469,34.099998474121094,35.27000045776367,35.27000045776367,311300
2020-06-09,34.869998931884766,34.869998931884766,33.689998626708984,34.27000045776367,34.27000045776367,209300
2020-06-10,34.220001220703125,34.220001220703125,32.060001373291016,32.11000061035156,32.11000061035156,245000
2020-06-11,30.75,31.0,29.200000762939453,29.59000015258789,29.59000015258789,458100
2020-06-12,30.6299991607666,31.149999618530273,29.610000610351562,30.280000686645508,30.280000686645508,217900
2020-06-15,29.549999237060547,30.850000381469727,29.010000228881836,30.68000030517578,30.68000030517578,179300
2020-06-16,31.829999923706055,31.84000015258789,30.579999923706055,31.18000030517578,31.18000030517578,399100
2020-06-17,31.3700008392334,31.3700008392334,30.1200008392334,30.299999237060547,30.299999237060547,240700
2020-06-18,30.010000228881836,30.690000534057617,29.8799991607666,30.190000534057617,30.190000534057617,224800
2020-06-19,30.489999771118164,30.90999984741211,29.149999618530273,29.34000015258789,29.34000015258789,345900
2020-06-22,29.610000610351562,29.610000610351562,28.790000915527344,28.969999313354492,28.969999313354492,297000
2020-06-23,29.360000610351562,29.360000610351562,28.280000686645508,28.549999237060547,28.549999237060547,242900
2020-06-24,28.34000015258789,28.34000015258789,27.209999084472656,27.34000015258789,27.34000015258789,354400
2020-06-25,27.190000534057617,27.68000030517578,26.530000686645508,27.6299991607666,27.6299991607666,464200
2020-06-26,27.5,27.809999465942383,26.610000610351562,27.190000534057617,27.190000534057617,552300
2020-06-29,27.489999771118164,28.110000610351562,26.860000610351562,27.950000762939453,27.950000762939453,496700
2020-06-30,27.889999389648438,28.079999923706055,27.200000762939453,27.959999084472656,27.959999084472656,361600
2020-07-01,27.969999313354492,28.100000381469727,27.209999084472656,27.280000686645508,27.280000686645508,263300
2020-07-02,27.610000610351562,27.719999313354492,26.34000015258789,26.459999084472656,26.459999084472656,558400
2020-07-06,26.969999313354492,27.239999771118164,26.260000228881836,26.450000762939453,26.450000762939453,370400
2020-07-07,26.25,26.25,25.40999984741211,25.420000076293945,25.420000076293945,270800
2020-07-08,25.440000534057617,25.90999984741211,25.040000915527344,25.579999923706055,25.579999923706055,272800
2020-07-09,25.600000381469727,25.729999542236328,24.450000762939453,24.579999923706055,24.579999923706055,326900
2020-07-10,24.6299991607666,25.25,24.389999389648438,25.079999923706055,25.079999923706055,352300
2020-07-13,25.290000915527344,25.959999084472656,24.889999389648438,25.190000534057617,25.190000534057617,320200
2020-07-14,25.15999984741211,25.65999984741211,25.010000228881836,25.479999542236328,25.479999542236328,291700
2020-07-15,26.0,26.709999084472656,25.700000762939453,26.329999923706055,26.329999923706055,305900
2020-07-16,26.450000762939453,26.479999542236328,25.950000762939453,26.100000381469727,26.100000381469727,281800
2020-07-17,26.239999771118164,26.6299991607666,26.200000762939453,26.3700008392334,26.3700008392334,251600
2020-07-20,26.360000610351562,26.530000686645508,25.719999313354492,25.899999618530273,25.899999618530273,250300
2020-07-21,25.969999313354492,26.700000762939453,25.969999313354492,26.290000915527344,26.290000915527344,457700
2020-07-22,26.350000381469727,26.5,26.010000228881836,26.450000762939453,26.450000762939453,241800
2020-07-23,26.389999389648438,26.84000015258789,26.299999237060547,26.68000030517578,26.68000030517578,190900
2020-07-24,26.510000228881836,26.920000076293945,26.3700008392334,26.489999771118164,26.489999771118164,174300
2020-07-27,26.670000076293945,27.049999237060547,26.489999771118164,26.780000686645508,26.780000686645508,284900
2020-07-28,26.90999984741211,27.510000228881836,26.860000610351562,27.270000457763672,27.270000457763672,262500
2020-07-29,27.270000457763672,28.059999465942383,27.15999984741211,27.440000534057617,27.440000534057617,215900
2020-07-30,27.15999984741211,27.549999237060547,26.540000915527344,27.479999542236328,27.479999542236328,229800
2020-07-31,27.479999542236328,27.479999542236328,26.399999618530273,27.299999237060547,27.299999237060547,309600
2020-08-03,27.350000381469727,28.270000457763672,27.030000686645508,28.270000457763672,28.270000457763672,387600
2020-08-04,28.299999237060547,29.59000015258789,28.1200008392334,29.520000457763672,29.520000457763672,431500
2020-08-05,29.59000015258789,30.15999984741211,29.06999969482422,29.920000076293945,29.920000076293945,465400
2020-08-06,31.520000457763672,31.940000534057617,30.299999237060547,30.75,30.75,759100
2020-08-07,30.809999465942383,31.780000686645508,30.809999465942383,31.0,31.0,452600
2020-08-10,31.239999771118164,32.189998626708984,31.1200008392334,31.899999618530273,31.899999618530273,480000
2020-08-11,32.0,32.41999816894531,31.459999084472656,31.579999923706055,31.579999923706055,530400
2020-08-12,31.979999542236328,31.979999542236328,30.40999984741211,30.8799991607666,30.8799991607666,798700
2020-08-13,30.770000457763672,31.149999618530273,30.459999084472656,30.610000610351562,30.610000610351562,371000
2020-08-14,30.420000076293945,31.079999923706055,30.219999313354492,30.84000015258789,30.84000015258789,169100
2020-08-17,30.809999465942383,30.979999542236328,30.31999969482422,30.649999618530273,30.649999618530273,200000
2020-08-18,30.75,30.84000015258789,30.260000228881836,30.329999923706055,30.329999923706055,228000
2020-08-19,30.329999923706055,30.68000030517578,29.950000762939453,30.049999237060547,30.049999237060547,247700
2020-08-20,29.90999984741211,30.280000686645508,29.40999984741211,29.510000228881836,29.510000228881836,224100
2020-08-21,29.3700008392334,29.709999084472656,28.93000030517578,29.030000686645508,29.030000686645508,286300
2020-08-24,29.139999389648438,30.219999313354492,29.040000915527344,30.219999313354492,30.219999313354492,224200
2020-08-25,30.270000457763672,30.309999465942383,29.8700008392334,30.06999969482422,30.06999969482422,186600
2020-08-26,30.209999084472656,30.209999084472656,29.610000610351562,29.649999618530273,29.649999618530273,184400
2020-08-27,29.729999542236328,29.8700008392334,29.3799991607666,29.610000610351562,29.610000610351562,128900
2020-08-28,29.850000381469727,29.850000381469727,29.350000381469727,29.670000076293945,29.670000076293945,193600
2020-08-31,29.81999969482422,29.81999969482422,29.360000610351562,29.3799991607666,29.3799991607666,169200
2020-09-01,29.219999313354492,29.389999389648438,28.700000762939453,28.90999984741211,28.90999984741211,220300
2020-09-02,29.030000686645508,29.350000381469727,28.610000610351562,29.309999465942383,29.309999465942383,225500
2020-09-03,29.3700008392334,29.469999313354492,28.239999771118164,28.3700008392334,28.3700008392334,246600
2020-09-04,28.639999389648438,28.93000030517578,28.010000228881836,28.440000534057617,28.440000534057617,205000
2020-09-08,28.270000457763672,28.420000076293945,27.829999923706055,28.15999984741211,28.15999984741211,234200
2020-09-09,28.309999465942383,28.40999984741211,27.959999084472656,28.030000686645508,28.030000686645508,192400
2020-09-10,28.239999771118164,28.729999542236328,27.1200008392334,27.280000686645508,27.280000686645508,345900
2020-09-11,27.690000534057617,27.959999084472656,27.510000228881836,27.8799991607666,27.8799991607666,171100
2020-09-14,28.280000686645508,28.559999465942383,27.90999984741211,28.1299991607666,28.1299991607666,201900
2020-09-15,28.229999542236328,28.309999465942383,27.809999465942383,27.8799991607666,27.8799991607666,144300
2020-09-16,28.09000015258789,28.600000381469727,27.739999771118164,28.309999465942383,28.309999465942383,204700
2020-09-17,28.079999923706055,28.780000686645508,27.809999465942383,28.649999618530273,28.649999618530273,187400
2020-09-18,28.690000534057617,28.850000381469727,28.059999465942383,28.450000762939453,28.450000762939453,305900
2020-09-21,27.809999465942383,28.200000762939453,26.81999969482422,26.93000030517578,26.93000030517578,335400
2020-09-22,26.959999084472656,27.420000076293945,26.760000228881836,26.979999542236328,26.979999542236328,279400
2020-09-23,26.950000762939453,27.239999771118164,25.3700008392334,25.420000076293945,25.420000076293945,268900
2020-09-24,25.229999542236328,25.399999618530273,24.040000915527344,24.969999313354492,24.969999313354492,311000
2020-09-25,24.709999084472656,25.030000686645508,24.520000457763672,24.93000030517578,24.93000030517578,219900
2020-09-28,25.1200008392334,25.799999237060547,25.1200008392334,25.5,25.5,170400
2020-09-29,25.579999923706055,25.739999771118164,25.100000381469727,25.239999771118164,25.239999771118164,166800
2020-09-30,25.31999969482422,25.709999084472656,24.649999618530273,24.889999389648438,24.889999389648438,282000
2020-10-01,24.790000915527344,25.1200008392334,24.510000228881836,24.75,24.75,297200
2020-10-02,24.190000534057617,24.459999084472656,23.93000030517578,24.3799991607666,24.3799991607666,278700
2020-10-05,24.59000015258789,24.8799991607666,24.350000381469727,24.84000015258789,24.84000015258789,365400
2020-10-06,24.790000915527344,25.5,24.56999969482422,24.59000015258789,24.59000015258789,239800
2020-10-07,24.770000457763672,25.059999465942383,24.239999771118164,24.90999984741211,24.90999984741211,221600
2020-10-08,25.229999542236328,25.65999984741211,24.760000228881836,25.56999969482422,25.56999969482422,339000
2020-10-09,26.399999618530273,27.40999984741211,26.040000915527344,27.100000381469727,27.100000381469727,359000
2020-10-12,27.059999465942383,27.31999969482422,26.459999084472656,26.809999465942383,26.809999465942383,229200
2020-10-13,26.75,26.75,26.489999771118164,26.530000686645508,26.530000686645508,153200
2020-10-14,26.299999237060547,26.860000610351562,26.219999313354492,26.280000686645508,26.280000686645508,225900
2020-10-15,26.149999618530273,26.540000915527344,25.950000762939453,26.459999084472656,26.459999084472656,136700
2020-10-16,26.09000015258789,26.5,25.770000457763672,25.799999237060547,25.799999237060547,126800
2020-10-19,25.8799991607666,26.329999923706055,25.600000381469727,25.8700008392334,25.8700008392334,208700
2020-10-20,26.18000030517578,26.6200008392334,26.1299991607666,26.239999771118164,26.239999771118164,180700
2020-10-21,26.360000610351562,26.489999771118164,25.809999465942383,25.850000381469727,25.850000381469727,159800
2020-10-22,25.829999923706055,26.049999237060547,25.59000015258789,25.969999313354492,25.969999313354492,172600
2020-10-23,26.049999237060547,26.3700008392334,25.93000030517578,26.170000076293945,26.170000076293945,151900
2020-10-26,25.90999984741211,25.93000030517578,25.06999969482422,25.399999618530273,25.399999618530273,202200
2020-10-27,25.18000030517578,25.25,24.209999084472656,24.270000457763672,24.270000457763672,307900
2020-10-28,24.010000228881836,24.239999771118164,22.899999618530273,23.010000228881836,23.010000228881836,254600
2020-10-29,23.149999618530273,23.84000015258789,22.559999465942383,23.299999237060547,23.299999237060547,237500
2020-10-30,23.290000915527344,23.649999618530273,22.93000030517578,23.15999984741211,23.15999984741211,210500
2020-11-02,23.389999389648438,23.68000030517578,22.969999313354492,23.670000076293945,23.670000076293945,218600
2020-11-03,24.239999771118164,24.670000076293945,24.010000228881836,24.530000686645508,24.530000686645508,981100
2020-11-04,24.350000381469727,24.469999313354492,23.040000915527344,23.1200008392334,23.1200008392334,989200
2020-11-05,23.989999771118164,24.799999237060547,22.530000686645508,24.440000534057617,24.440000534057617,1401900
2020-11-06,24.729999542236328,25.110000610351562,24.299999237060547,24.540000915527344,24.540000915527344,617100
2020-11-09,26.020000457763672,26.860000610351562,25.25,25.540000915527344,25.540000915527344,450000
2020-11-10,25.540000915527344,25.93000030517578,24.780000686645508,25.299999237060547,25.299999237060547,360600
2020-11-11,25.350000381469727,25.549999237060547,24.850000381469727,25.479999542236328,25.479999542236328,223500
2020-11-12,25.18000030517578,25.479999542236328,24.68000030517578,24.950000762939453,24.950000762939453,226400
2020-11-13,25.329999923706055,26.030000686645508,25.219999313354492,25.700000762939453,25.700000762939453,279800
2020-11-16,26.670000076293945,27.0,26.110000610351562,26.829999923706055,26.829999923706055,600800
2020-11-17,26.399999618530273,26.5,26.049999237060547,26.209999084472656,26.209999084472656,515800
2020-11-18,26.40999984741211,26.5,25.100000381469727,25.229999542236328,25.229999542236328,316900
2020-11-19,25.229999542236328,25.239999771118164,24.440000534057617,24.5,24.5,420700
2020-11-20,24.530000686645508,24.559999465942383,24.0,24.020000457763672,24.020000457763672,522500
2020-11-23,24.139999389648438,24.450000762939453,24.079999923706055,24.31999969482422,24.31999969482422,683300
2020-11-24,24.520000457763672,25.670000076293945,24.489999771118164,25.09000015258789,25.09000015258789,643600
2020-11-25,25.010000228881836,25.190000534057617,24.149999618530273,24.25,24.25,531200
2020-11-27,24.350000381469727,24.860000610351562,24.229999542236328,24.709999084472656,24.709999084472656,320200
2020-11-30,24.780000686645508,24.780000686645508,23.65999984741211,23.770000457763672,23.770000457763672,561000
2020-12-01,24.399999618530273,24.399999618530273,23.09000015258789,23.219999313354492,23.219999313354492,735000
2020-12-02,23.15999984741211,23.670000076293945,22.770000457763672,23.489999771118164,23.489999771118164,653100
2020-12-03,23.540000915527344,24.1200008392334,23.459999084472656,23.690000534057617,23.690000534057617,739300
2020-12-04,23.739999771118164,24.280000686645508,23.3700008392334,23.6200008392334,23.6200008392334,575600
2020-12-07,23.5,23.65999984741211,22.479999542236328,22.530000686645508,22.530000686645508,1076500
2020-12-08,23.0,23.0,22.030000686645508,22.459999084472656,22.459999084472656,1347700
2020-12-09,22.520000457763672,23.059999465942383,22.209999084472656,22.639999389648438,22.639999389648438,1483100
2020-12-10,22.40999984741211,22.709999084472656,21.950000762939453,22.0,22.0,906000
2020-12-11,21.90999984741211,22.0,21.190000534057617,21.440000534057617,21.440000534057617,1433700
2020-12-14,21.579999923706055,21.940000534057617,21.260000228881836,21.360000610351562,21.360000610351562,1536000
2020-12-15,21.459999084472656,21.510000228881836,20.729999542236328,21.18000030517578,21.18000030517578,1207700
2020-12-16,21.110000610351562,21.3799991607666,20.329999923706055,20.700000762939453,20.700000762939453,1085500
2020-12-17,20.709999084472656,20.84000015258789,20.1200008392334,20.360000610351562,20.360000610351562,1130900
2020-12-18,20.5,20.739999771118164,20.170000076293945,20.389999389648438,20.389999389648438,1234900
2020-12-21,20.0,20.350000381469727,19.75,19.940000534057617,19.940000534057617,1059700
2020-12-22,20.049999237060547,20.780000686645508,19.959999084472656,20.690000534057617,20.690000534057617,963600
2020-12-23,20.799999237060547,21.530000686645508,20.719999313354492,21.389999389648438,21.389999389648438,1170100
2020-12-24,21.389999389648438,21.59000015258789,20.979999542236328,21.399999618530273,21.399999618530273,276800
2020-12-28,21.540000915527344,22.200000762939453,21.540000915527344,22.030000686645508,22.030000686645508,948400
2020-12-29,22.200000762939453,22.229999542236328,21.219999313354492,21.290000915527344,21.290000915527344,556200
2020-12-30,21.270000457763672,21.5,20.790000915527344,20.889999389648438,20.889999389648438,407500
2020-12-31,20.850000381469727,21.280000686645508,20.540000915527344,21.190000534057617,21.190000534057617,546200
2021-01-04,21.290000915527344,21.399999618530273,20.510000228881836,20.93000030517578,20.93000030517578,796000
2021-01-05,20.729999542236328,21.100000381469727,20.559999465942383,20.950000762939453,20.950000762939453,1108800
2021-01-06,21.170000076293945,21.770000457763672,21.170000076293945,21.530000686645508,21.530000686645508,786000
2021-01-07,21.559999465942383,23.200000762939453,21.219999313354492,23.100000381469727,23.100000381469727,1824100
2021-01-08,23.030000686645508,23.530000686645508,22.239999771118164,22.420000076293945,22.420000076293945,764700
2021-01-11,22.040000915527344,22.399999618530273,22.040000915527344,22.229999542236328,22.229999542236328,491300
2021-01-12,22.459999084472656,22.93000030517578,22.239999771118164,22.84000015258789,22.84000015258789,461900
2021-01-13,22.920000076293945,22.920000076293945,22.06999969482422,22.1200008392334,22.1200008392334,404300
2021-01-14,22.389999389648438,25.079999923706055,22.25,24.389999389648438,24.389999389648438,2013600
2021-01-15,24.399999618530273,24.959999084472656,23.719999313354492,23.899999618530273,23.899999618530273,779100
2021-01-19,24.170000076293945,24.6200008392334,23.360000610351562,24.34000015258789,24.34000015258789,1080600
2021-01-20,24.540000915527344,24.809999465942383,23.739999771118164,24.18000030517578,24.18000030517578,659600
2021-01-21,24.18000030517578,24.299999237060547,23.420000076293945,23.450000762939453,23.450000762939453,875600
2021-01-22,23.260000228881836,23.40999984741211,22.780000686645508,23.079999923706055,23.079999923706055,747600
2021-01-25,23.079999923706055,23.6299991607666,22.8700008392334,23.010000228881836,23.010000228881836,810200
2021-01-26,23.34000015258789,23.530000686645508,22.520000457763672,22.68000030517578,22.68000030517578,1201300
2021-01-27,22.350000381469727,22.399999618530273,21.3799991607666,21.399999618530273,21.399999618530273,1527400
2021-01-28,21.34000015258789,21.950000762939453,21.020000457763672,21.049999237060547,21.049999237060547,1067800
2021-01-29,21.399999618530273,22.020000457763672,20.649999618530273,20.940000534057617,20.940000534057617,977000
2021-02-01,21.110000610351562,21.969999313354492,21.09000015258789,21.809999465942383,21.809999465942383,707700
2021-02-02,22.100000381469727,22.540000915527344,21.850000381469727,21.950000762939453,21.950000762939453,521000
2021-02-03,22.049999237060547,22.6200008392334,22.0,22.540000915527344,22.540000915527344,505400
2021-02-04,23.0,23.25,22.729999542236328,23.110000610351562,23.110000610351562,519700
2021-02-05,23.360000610351562,23.450000762939453,23.040000915527344,23.270000457763672,23.270000457763672,755000
2021-02-08,23.5,24.709999084472656,23.5,24.010000228881836,24.010000228881836,889200
2021-02-09,23.889999389648438,24.90999984741211,23.56999969482422,24.729999542236328,24.729999542236328,633300
2021-02-10,24.829999923706055,24.959999084472656,23.68000030517578,23.829999923706055,23.829999923706055,676800
2021-02-11,23.93000030517578,24.18000030517578,23.31999969482422,23.950000762939453,23.950000762939453,980200
2021-02-12,24.09000015258789,24.25,23.389999389648438,23.600000381469727,23.600000381469727,485600
2021-02-16,23.940000534057617,24.200000762939453,23.219999313354492,23.329999923706055,23.329999923706055,592800
2021-02-17,23.079999923706055,23.399999618530273,22.649999618530273,23.270000457763672,23.270000457763672,648800
2021-02-18,22.8700008392334,23.360000610351562,22.510000228881836,22.81999969482422,22.81999969482422,562200
2021-02-19,22.950000762939453,23.18000030517578,22.389999389648438,22.549999237060547,22.549999237060547,706700
2021-02-22,22.440000534057617,22.829999923706055,21.989999771118164,22.06999969482422,22.06999969482422,1430600
2021-02-23,21.989999771118164,23.850000381469727,21.899999618530273,22.93000030517578,22.93000030517578,1962400
2021-02-24,22.93000030517578,23.809999465942383,22.93000030517578,23.1200008392334,23.1200008392334,877100
2021-02-25,23.290000915527344,23.579999923706055,22.780000686645508,23.040000915527344,23.040000915527344,604700
2021-02-26,22.969999313354492,23.239999771118164,22.190000534057617,22.700000762939453,22.700000762939453,848600
2021-03-01,23.290000915527344,23.520000457763672,22.969999313354492,23.219999313354492,23.219999313354492,637800
2021-03-02,24.079999923706055,25.549999237060547,24.010000228881836,25.260000228881836,25.260000228881836,2989300
2021-03-03,25.479999542236328,27.25,25.450000762939453,26.899999618530273,26.899999618530273,1843800
2021-03-04,26.809999465942383,27.010000228881836,25.559999465942383,26.309999465942383,26.309999465942383,1210600
2021-03-05,26.799999237060547,27.079999923706055,25.700000762939453,26.639999389648438,26.639999389648438,709700
2021-03-08,26.950000762939453,28.3700008392334,26.780000686645508,27.670000076293945,27.670000076293945,940500
2021-03-09,27.6200008392334,27.729999542236328,26.010000228881836,26.1299991607666,26.1299991607666,685100
2021-03-10,26.360000610351562,27.020000457763672,26.209999084472656,26.639999389648438,26.639999389648438,471500
2021-03-11,26.639999389648438,27.6200008392334,26.510000228881836,27.139999389648438,27.139999389648438,465300
2021-03-12,27.329999923706055,27.700000762939453,27.110000610351562,27.329999923706055,27.329999923706055,473700
2021-03-15,27.469999313354492,28.190000534057617,27.420000076293945,27.790000915527344,27.790000915527344,672300
2021-03-16,27.5,27.5,26.299999237060547,26.610000610351562,26.610000610351562,473700
2021-03-17,26.520000457763672,27.030000686645508,26.3700008392334,26.989999771118164,26.989999771118164,454800
2021-03-18,26.690000534057617,27.34000015258789,26.270000457763672,26.389999389648438,26.389999389648438,520000
2021-03-19,26.420000076293945,26.729999542236328,25.75,26.040000915527344,26.040000915527344,858000
2021-03-22,25.8799991607666,26.350000381469727,25.799999237060547,25.969999313354492,25.969999313354492,1104000
2021-03-23,25.899999618530273,26.049999237060547,24.200000762939453,24.299999237060547,24.299999237060547,1020800
2021-03-24,24.270000457763672,24.920000076293945,23.84000015258789,23.850000381469727,23.850000381469727,447800
2021-03-25,23.579999923706055,24.510000228881836,23.530000686645508,24.170000076293945,24.170000076293945,1497400
2021-03-26,24.399999618530273,24.950000762939453,23.979999542236328,24.579999923706055,24.579999923706055,523300
2021-03-29,24.309999465942383,24.850000381469727,23.6200008392334,23.770000457763672,23.770000457763672,812700
2021-03-30,23.790000915527344,24.559999465942383,23.790000915527344,24.299999237060547,24.299999237060547,549200
2021-03-31,24.25,24.639999389648438,23.989999771118164,24.0,24.0,724700
2021-04-01,24.010000228881836,24.450000762939453,23.389999389648438,23.989999771118164,23.989999771118164,1584600
2021-04-05,24.399999618530273,25.139999389648438,24.0,24.690000534057617,24.690000534057617,1328400
2021-04-06,24.530000686645508,24.700000762939453,23.809999465942383,24.239999771118164,24.239999771118164,673500
2021-04-07,24.420000076293945,24.739999771118164,23.6299991607666,23.709999084472656,23.709999084472656,524200
2021-04-08,23.709999084472656,24.149999618530273,23.520000457763672,24.059999465942383,24.059999465942383,967000
2021-04-09,23.950000762939453,24.520000457763672,23.93000030517578,24.25,24.25,308500
2021-04-12,24.1299991607666,24.479999542236328,24.059999465942383,24.149999618530273,24.149999618530273,446700
2021-04-13,23.940000534057617,24.450000762939453,23.6200008392334,24.31999969482422,24.31999969482422,502600
2021-04-14,24.260000228881836,25.0,24.1200008392334,24.530000686645508,24.530000686645508,481700
2021-04-15,24.600000381469727,24.770000457763672,24.239999771118164,24.389999389648438,24.389999389648438,433000
2021-04-16,24.479999542236328,24.989999771118164,24.270000457763672,24.920000076293945,24.920000076293945,490300
2021-04-19,24.579999923706055,25.170000076293945,24.489999771118164,24.579999923706055,24.579999923706055,633900
2021-04-20,24.399999618530273,24.639999389648438,23.739999771118164,23.899999618530273,23.899999618530273,459900
2021-04-21,23.739999771118164,24.260000228881836,23.739999771118164,24.030000686645508,24.030000686645508,516400
2021-04-22,23.889999389648438,24.329999923706055,23.889999389648438,24.010000228881836,24.010000228881836,492600
2021-04-23,24.020000457763672,24.25,23.719999313354492,23.84000015258789,23.84000015258789,327900
2021-04-26,23.979999542236328,24.59000015258789,23.90999984741211,24.399999618530273,24.399999618530273,758100
2021-04-27,24.510000228881836,24.899999618530273,24.270000457763672,24.389999389648438,24.389999389648438,415600
2021-04-28,24.399999618530273,24.549999237060547,24.010000228881836,24.079999923706055,24.079999923706055,535100
2021-04-29,24.219999313354492,25.3700008392334,24.170000076293945,25.18000030517578,25.18000030517578,1242300
2021-04-30,24.90999984741211,25.290000915527344,24.389999389648438,24.450000762939453,24.450000762939453,558000
2021-05-03,24.540000915527344,24.790000915527344,24.200000762939453,24.600000381469727,24.600000381469727,458800
2021-05-04,24.389999389648438,24.719999313354492,23.670000076293945,23.979999542236328,23.979999542236328,683100
2021-05-05,23.989999771118164,24.399999618530273,23.420000076293945,23.469999313354492,23.469999313354492,612000
2021-05-06,24.200000762939453,26.200000762939453,24.0,26.139999389648438,26.139999389648438,1319800
2021-05-07,26.540000915527344,26.799999237060547,25.979999542236328,26.709999084472656,26.709999084472656,531600
2021-05-10,26.690000534057617,28.049999237060547,26.68000030517578,27.299999237060547,27.299999237060547,658800
2021-05-11,26.799999237060547,27.270000457763672,26.600000381469727,27.059999465942383,27.059999465942383,509300
2021-05-12,26.950000762939453,27.1299991607666,26.239999771118164,26.350000381469727,26.350000381469727,550500
2021-05-13,26.469999313354492,26.899999618530273,26.360000610351562,26.489999771118164,26.489999771118164,1281200
2021-05-14,26.559999465942383,26.969999313354492,26.510000228881836,26.65999984741211,26.65999984741211,657300
2021-05-17,26.700000762939453,27.260000228881836,26.489999771118164,26.600000381469727,26.600000381469727,445400
2021-05-18,26.700000762939453,26.860000610351562,25.850000381469727,25.860000610351562,25.860000610351562,423200
2021-05-19,25.579999923706055,26.329999923706055,25.40999984741211,26.139999389648438,26.139999389648438,734900
2021-05-20,26.43000030517578,26.56999969482422,25.959999084472656,26.459999084472656,26.459999084472656,1044000
2021-05-21,26.540000915527344,26.639999389648438,25.989999771118164,26.020000457763672,26.020000457763672,346500
2021-05-24,26.030000686645508,26.110000610351562,25.56999969482422,25.6299991607666,25.6299991607666,387500
2021-05-25,25.579999923706055,26.020000457763672,25.209999084472656,25.479999542236328,25.479999542236328,543500
2021-05-26,25.399999618530273,26.059999465942383,25.309999465942383,25.959999084472656,25.959999084472656,464500
2021-05-27,26.280000686645508,26.84000015258789,26.270000457763672,26.75,26.75,561200
2021-05-28,26.520000457763672,27.190000534057617,26.40999984741211,26.489999771118164,26.489999771118164,248800
2021-06-01,26.530000686645508,27.350000381469727,26.309999465942383,27.209999084472656,27.209999084472656,567300
2021-06-02,28.0,28.0,27.200000762939453,27.559999465942383,27.559999465942383,503100
2021-06-03,27.670000076293945,27.940000534057617,27.139999389648438,27.8799991607666,27.8799991607666,464900
2021-06-04,27.90999984741211,28.059999465942383,27.43000030517578,27.510000228881836,27.510000228881836,262000
2021-06-07,27.690000534057617,27.799999237060547,27.059999465942383,27.059999465942383,27.059999465942383,283900
2021-06-08,26.979999542236328,27.1299991607666,26.360000610351562,26.790000915527344,26.790000915527344,336700
2021-06-09,26.799999237060547,27.010000228881836,26.299999237060547,26.790000915527344,26.790000915527344,342800
2021-06-10,26.899999618530273,27.360000610351562,26.799999237060547,27.139999389648438,27.139999389648438,523500
2021-06-11,27.229999542236328,27.350000381469727,26.959999084472656,27.010000228881836,27.010000228881836,301200
2021-06-14,26.950000762939453,26.950000762939453,26.200000762939453,26.34000015258789,26.34000015258789,442700
2021-06-15,26.31999969482422,26.639999389648438,26.1200008392334,26.559999465942383,26.559999465942383,375400
2021-06-16,26.399999618530273,26.739999771118164,26.049999237060547,26.65999984741211,26.65999984741211,549700
2021-06-17,26.5,27.3799991607666,26.3700008392334,26.6200008392334,26.6200008392334,1343500
2021-06-18,26.270000457763672,27.059999465942383,26.149999618530273,26.899999618530273,26.899999618530273,1266700
2021-06-21,26.979999542236328,27.530000686645508,26.790000915527344,26.920000076293945,26.920000076293945,564600
2021-06-22,26.959999084472656,27.040000915527344,26.59000015258789,26.940000534057617,26.940000534057617,453500
2021-06-23,27.0,27.15999984741211,26.440000534057617,26.649999618530273,26.649999618530273,404600
2021-06-24,26.709999084472656,27.15999984741211,26.56999969482422,27.100000381469727,27.100000381469727,400600
2021-06-25,27.079999923706055,27.360000610351562,26.329999923706055,26.559999465942383,26.559999465942383,5560400
2021-06-28,26.450000762939453,26.459999084472656,24.56999969482422,24.979999542236328,24.979999542236328,1235700
2021-06-29,25.110000610351562,25.270000457763672,24.309999465942383,24.56999969482422,24.56999969482422,711600
2021-06-30,24.43000030517578,24.75,23.780000686645508,24.290000915527344,24.290000915527344,1028900
2021-07-01,24.530000686645508,24.670000076293945,24.139999389648438,24.489999771118164,24.489999771118164,421900
2021-07-02,24.31999969482422,24.40999984741211,23.739999771118164,24.270000457763672,24.270000457763672,471100
2021-07-06,24.100000381469727,24.200000762939453,23.31999969482422,23.739999771118164,23.739999771118164,406700
2021-07-07,23.719999313354492,23.8799991607666,23.1200008392334,23.549999237060547,23.549999237060547,553500
2021-07-08,23.18000030517578,23.350000381469727,22.75,22.969999313354492,22.969999313354492,552700
2021-07-09,23.1299991607666,23.81999969482422,23.100000381469727,23.739999771118164,23.739999771118164,426100
2021-07-12,23.530000686645508,23.670000076293945,23.209999084472656,23.579999923706055,23.579999923706055,469800
2021-07-13,23.530000686645508,23.600000381469727,23.010000228881836,23.399999618530273,23.399999618530273,448200
2021-07-14,23.440000534057617,23.700000762939453,22.93000030517578,22.959999084472656,22.959999084472656,313800
2021-07-15,22.809999465942383,23.020000457763672,22.360000610351562,22.540000915527344,22.540000915527344,950400
2021-07-16,22.610000610351562,22.950000762939453,22.1299991607666,22.329999923706055,22.329999923706055,700100
2021-07-19,21.989999771118164,22.149999618530273,21.31999969482422,21.549999237060547,21.549999237060547,696400
2021-07-20,21.520000457763672,22.530000686645508,21.440000534057617,22.350000381469727,22.350000381469727,539300
2021-07-21,22.5,23.059999465942383,22.459999084472656,22.899999618530273,22.899999618530273,735200
2021-07-22,22.84000015258789,22.899999618530273,22.25,22.360000610351562,22.360000610351562,312500
2021-07-23,22.40999984741211,22.579999923706055,22.170000076293945,22.3700008392334,22.3700008392334,286700
2021-07-26,22.43000030517578,22.850000381469727,22.43000030517578,22.729999542236328,22.729999542236328,234400
2021-07-27,22.5,22.670000076293945,22.049999237060547,22.360000610351562,22.360000610351562,311700
2021-07-28,22.399999618530273,22.600000381469727,21.93000030517578,22.239999771118164,22.239999771118164,298900
2021-07-29,22.399999618530273,22.6200008392334,22.139999389648438,22.239999771118164,22.239999771118164,299700
2021-07-30,22.09000015258789,22.479999542236328,22.09000015258789,22.299999237060547,22.299999237060547,335700
2021-08-02,22.3799991607666,23.059999465942383,22.3700008392334,22.75,22.75,618100
2021-08-03,23.399999618530273,24.25,22.950000762939453,24.139999389648438,24.139999389648438,892600
2021-08-04,24.06999969482422,24.239999771118164,23.530000686645508,23.920000076293945,23.920000076293945,615300
2021-08-05,24.010000228881836,24.84000015258789,23.90999984741211,24.790000915527344,24.790000915527344,551900
2021-08-06,24.799999237060547,25.25,24.440000534057617,24.920000076293945,24.920000076293945,768600
2021-08-09,25.25,25.25,24.25,25.1200008392334,25.1200008392334,736800
2021-08-10,25.15999984741211,26.68000030517578,24.940000534057617,26.6299991607666,26.6299991607666,723400
2021-08-11,26.6299991607666,26.75,26.010000228881836,26.65999984741211,26.65999984741211,574700
2021-08-12,26.780000686645508,26.799999237060547,25.889999389648438,25.920000076293945,25.920000076293945,463400
2021-08-13,26.0,26.0,25.420000076293945,25.43000030517578,25.43000030517578,259900
2021-08-16,25.329999923706055,25.40999984741211,24.760000228881836,25.170000076293945,25.170000076293945,374900
2021-08-17,24.84000015258789,24.93000030517578,24.520000457763672,24.700000762939453,24.700000762939453,530200
2021-08-18,24.579999923706055,25.309999465942383,24.579999923706055,24.709999084472656,24.709999084472656,369800
2021-08-19,24.510000228881836,24.59000015258789,23.6299991607666,23.739999771118164,23.739999771118164,434500
2021-08-20,23.649999618530273,24.389999389648438,23.639999389648438,24.15999984741211,24.15999984741211,426800
2021-08-23,24.3799991607666,25.020000457763672,24.31999969482422,24.989999771118164,24.989999771118164,365500
2021-08-24,25.079999923706055,25.3700008392334,24.950000762939453,25.290000915527344,25.290000915527344,361900
2021-08-25,25.239999771118164,25.899999618530273,25.239999771118164,25.65999984741211,25.65999984741211,398700
2021-08-26,25.610000610351562,25.979999542236328,25.510000228881836,25.84000015258789,25.84000015258789,446300
2021-08-27,25.940000534057617,27.040000915527344,25.520000457763672,26.940000534057617,26.940000534057617,744200
2021-08-30,27.059999465942383,27.40999984741211,26.170000076293945,26.420000076293945,26.420000076293945,403800
2021-08-31,26.5,27.239999771118164,26.139999389648438,27.0,27.0,759500
2021-09-01,27.1200008392334,27.139999389648438,26.600000381469727,26.940000534057617,26.940000534057617,392200
2021-09-02,27.059999465942383,27.389999389648438,26.920000076293945,27.149999618530273,27.149999618530273,232200
2021-09-03,27.1200008392334,27.200000762939453,26.260000228881836,26.280000686645508,26.280000686645508,219400
2021-09-07,26.25,26.3700008392334,25.93000030517578,26.290000915527344,26.290000915527344,267200
2021-09-08,26.299999237060547,26.3799991607666,25.940000534057617,26.0,26.0,236800
2021-09-09,25.899999618530273,26.239999771118164,25.6299991607666,26.020000457763672,26.020000457763672,349500
2021-09-10,25.989999771118164,26.31999969482422,25.420000076293945,25.469999313354492,25.469999313354492,278300
2021-09-13,25.68000030517578,26.049999237060547,25.3700008392334,25.889999389648438,25.889999389648438,287400
2021-09-14,26.030000686645508,26.030000686645508,24.639999389648438,24.799999237060547,24.799999237060547,256100
2021-09-15,25.030000686645508,25.149999618530273,24.649999618530273,24.809999465942383,24.809999465942383,431700
2021-09-16,24.940000534057617,25.15999984741211,24.219999313354492,24.68000030517578,24.68000030517578,347100
2021-09-17,24.59000015258789,26.260000228881836,24.43000030517578,26.1200008392334,26.1200008392334,1906700
2021-09-20,25.360000610351562,26.079999923706055,25.299999237060547,25.969999313354492,25.969999313354492,500400
2021-09-21,26.06999969482422,26.260000228881836,25.520000457763672,25.829999923706055,25.829999923706055,383500
2021-09-22,25.950000762939453,26.299999237060547,25.93000030517578,26.030000686645508,26.030000686645508,294500
2021-09-23,26.149999618530273,26.399999618530273,26.030000686645508,26.06999969482422,26.06999969482422,252100
2021-09-24,26.0,26.309999465942383,25.90999984741211,25.969999313354492,25.969999313354492,236200
2021-09-27,26.540000915527344,26.540000915527344,25.780000686645508,25.829999923706055,25.829999923706055,405200
2021-09-28,25.920000076293945,26.1200008392334,25.469999313354492,25.68000030517578,25.68000030517578,313000
2021-09-29,25.690000534057617,25.979999542236328,25.350000381469727,25.639999389648438,25.639999389648438,344400
2021-09-30,25.68000030517578,25.950000762939453,25.389999389648438,25.510000228881836,25.510000228881836,487800
2021-10-01,25.790000915527344,25.899999618530273,25.040000915527344,25.329999923706055,25.329999923706055,334600
2021-10-04,25.270000457763672,26.040000915527344,25.270000457763672,25.75,25.75,493500
2021-10-05,25.8799991607666,26.139999389648438,25.399999618530273,25.920000076293945,25.920000076293945,498500
2021-10-06,25.600000381469727,26.030000686645508,25.1200008392334,25.920000076293945,25.920000076293945,298800
2021-10-07,26.079999923706055,26.15999984741211,25.75,25.989999771118164,25.989999771118164,324200
2021-10-08,25.940000534057617,26.020000457763672,25.459999084472656,25.549999237060547,25.549999237060547,190900
2021-10-11,25.65999984741211,25.829999923706055,25.309999465942383,25.6200008392334,25.6200008392334,207800
2021-10-12,25.600000381469727,26.010000228881836,25.389999389648438,25.6200008392334,25.6200008392334,277900
2021-10-13,25.610000610351562,25.729999542236328,24.969999313354492,25.540000915527344,25.540000915527344,406900
2021-10-14,25.8700008392334,26.25,25.610000610351562,25.809999465942383,25.809999465942383,351700
2021-10-15,25.860000610351562,26.290000915527344,25.280000686645508,25.43000030517578,25.43000030517578,336000
2021-10-18,25.270000457763672,25.270000457763672,24.649999618530273,24.739999771118164,24.739999771118164,290100
2021-10-19,24.969999313354492,24.989999771118164,24.450000762939453,24.969999313354492,24.969999313354492,350500
2021-10-20,25.030000686645508,25.68000030517578,24.989999771118164,25.209999084472656,25.209999084472656,478700
2021-10-21,25.200000762939453,25.3799991607666,24.43000030517578,24.540000915527344,24.540000915527344,260600
2021-10-22,24.399999618530273,24.510000228881836,23.899999618530273,24.149999618530273,24.149999618530273,359600
2021-10-25,24.229999542236328,24.350000381469727,23.760000228881836,23.940000534057617,23.940000534057617,451400
2021-10-26,23.920000076293945,24.34000015258789,23.6299991607666,23.729999542236328,23.729999542236328,413100
2021-10-27,23.899999618530273,24.100000381469727,23.049999237060547,23.079999923706055,23.079999923706055,334600
2021-10-28,23.149999618530273,23.489999771118164,23.059999465942383,23.350000381469727,23.350000381469727,377000
2021-10-29,23.579999923706055,23.90999984741211,23.209999084472656,23.459999084472656,23.459999084472656,478300
2021-11-01,23.579999923706055,25.15999984741211,23.579999923706055,25.040000915527344,25.040000915527344,460300
2021-11-02,25.010000228881836,25.389999389648438,24.219999313354492,25.040000915527344,25.040000915527344,460900
2021-11-03,25.200000762939453,26.229999542236328,24.780000686645508,26.030000686645508,26.030000686645508,809300
2021-11-04,26.09000015258789,26.40999984741211,25.850000381469727,25.959999084472656,25.959999084472656,496000
2021-11-05,26.09000015258789,27.059999465942383,26.079999923706055,26.15999984741211,26.15999984741211,424000
2021-11-08,26.260000228881836,26.690000534057617,25.950000762939453,26.100000381469727,26.100000381469727,411900
2021-11-09,26.200000762939453,27.709999084472656,25.860000610351562,26.959999084472656,26.959999084472656,838300
2021-11-10,26.799999237060547,28.020000457763672,26.799999237060547,27.59000015258789,27.59000015258789,588100
2021-11-11,27.700000762939453,29.399999618530273,27.540000915527344,29.229999542236328,29.229999542236328,712700
2021-11-12,28.959999084472656,30.290000915527344,28.84000015258789,30.270000457763672,30.270000457763672,579700
2021-11-15,30.5,30.899999618530273,29.479999542236328,29.889999389648438,29.889999389648438,682200
2021-11-16,30.0,30.270000457763672,28.84000015258789,29.299999237060547,29.299999237060547,519500
2021-11-17,29.440000534057617,29.670000076293945,28.6200008392334,29.389999389648438,29.389999389648438,452700
2021-11-18,29.420000076293945,29.81999969482422,28.760000228881836,28.959999084472656,28.959999084472656,446100
2021-11-19,28.520000457763672,28.8799991607666,28.1299991607666,28.68000030517578,28.68000030517578,328500
2021-11-22,28.959999084472656,29.489999771118164,28.829999923706055,29.1299991607666,29.1299991607666,472000
2021-11-23,29.200000762939453,30.219999313354492,29.030000686645508,30.18000030517578,30.18000030517578,409300
2021-11-24,29.8700008392334,30.360000610351562,29.68000030517578,30.25,30.25,304300
2021-11-26,29.40999984741211,29.40999984741211,27.360000610351562,28.309999465942383,28.309999465942383,328500
2021-11-29,28.59000015258789,28.969999313354492,27.639999389648438,28.229999542236328,28.229999542236328,411900
2021-11-30,27.790000915527344,28.100000381469727,27.1299991607666,27.3700008392334,27.3700008392334,687000
2021-12-01,27.700000762939453,28.389999389648438,26.639999389648438,26.670000076293945,26.670000076293945,479800
2021-12-02,27.040000915527344,27.1200008392334,26.510000228881836,26.84000015258789,26.84000015258789,380200
2021-12-03,26.299999237060547,26.889999389648438,26.06999969482422,26.3799991607666,26.3799991607666,279600
2021-12-06,26.719999313354492,27.360000610351562,26.43000030517578,27.100000381469727,27.100000381469727,330400
2021-12-07,27.399999618530273,27.440000534057617,26.459999084472656,26.610000610351562,26.610000610351562,262400
2021-12-08,26.100000381469727,27.209999084472656,26.100000381469727,27.049999237060547,27.049999237060547,256100
2021-12-09,26.989999771118164,27.0,26.100000381469727,26.520000457763672,26.520000457763672,235400
2021-12-10,26.579999923706055,27.18000030517578,25.850000381469727,26.299999237060547,26.299999237060547,266600
2021-12-13,26.139999389648438,26.270000457763672,24.93000030517578,25.049999237060547,25.049999237060547,600200
2021-12-14,25.040000915527344,26.239999771118164,25.040000915527344,25.829999923706055,25.829999923706055,566000
2021-12-15,25.700000762939453,25.93000030517578,24.989999771118164,25.799999237060547,25.799999237060547,514000
2021-12-16,26.1299991607666,26.270000457763672,25.6200008392334,25.68000030517578,25.68000030517578,431700
2021-12-17,25.850000381469727,26.260000228881836,25.43000030517578,25.950000762939453,25.950000762939453,1183800
2021-12-20,25.399999618530273,26.010000228881836,24.959999084472656,25.850000381469727,25.850000381469727,406500
2021-12-21,26.170000076293945,26.809999465942383,25.610000610351562,26.440000534057617,26.440000534057617,273300
2021-12-22,26.450000762939453,26.670000076293945,25.8700008392334,26.540000915527344,26.540000915527344,289900
2021-12-23,26.610000610351562,26.829999923706055,26.270000457763672,26.6299991607666,26.6299991607666,202000
2021-12-27,26.6299991607666,26.6299991607666,25.969999313354492,26.079999923706055,26.079999923706055,227200
2021-12-28,26.049999237060547,26.489999771118164,26.0,26.149999618530273,26.149999618530273,162400
2021-12-29,26.15999984741211,26.239999771118164,25.860000610351562,26.170000076293945,26.170000076293945,174000
2021-12-30,26.079999923706055,26.600000381469727,26.040000915527344,26.31999969482422,26.31999969482422,308900
2021-12-31,26.200000762939453,26.440000534057617,25.700000762939453,26.350000381469727,26.350000381469727,257600
2022-01-03,26.59000015258789,27.360000610351562,26.520000457763672,26.780000686645508,26.780000686645508,220500
2022-01-04,27.010000228881836,27.079999923706055,26.610000610351562,26.760000228881836,26.760000228881836,228700
2022-01-05,26.65999984741211,27.040000915527344,25.670000076293945,25.729999542236328,25.729999542236328,206300
2022-01-06,25.799999237060547,26.299999237060547,25.59000015258789,25.770000457763672,25.770000457763672,221600
2022-01-07,25.850000381469727,26.34000015258789,25.65999984741211,26.139999389648438,26.139999389648438,231700
2022-01-10,26.1299991607666,26.290000915527344,25.670000076293945,25.90999984741211,25.90999984741211,260500
2022-01-11,25.899999618530273,25.93000030517578,25.450000762939453,25.459999084472656,25.459999084472656,162800
2022-01-12,25.510000228881836,25.600000381469727,24.969999313354492,24.979999542236328,24.979999542236328,161400
2022-01-13,25.170000076293945,25.25,24.59000015258789,24.90999984741211,24.90999984741211,188400
2022-01-14,24.780000686645508,25.079999923706055,24.649999618530273,25.030000686645508,25.030000686645508,181700
2022-01-18,24.90999984741211,25.149999618530273,24.5,24.510000228881836,24.510000228881836,246600
2022-01-19,24.5,24.790000915527344,24.040000915527344,24.209999084472656,24.209999084472656,293300
2022-01-20,24.170000076293945,25.559999465942383,24.139999389648438,24.8700008392334,24.8700008392334,457000
2022-01-21,24.6200008392334,25.190000534057617,24.06999969482422,24.09000015258789,24.09000015258789,290500
2022-01-24,24.18000030517578,24.309999465942383,23.229999542236328,24.239999771118164,24.239999771118164,481900
2022-01-25,24.1200008392334,24.3700008392334,23.399999618530273,24.030000686645508,24.030000686645508,265600
2022-01-26,24.270000457763672,24.729999542236328,23.739999771118164,23.8700008392334,23.8700008392334,305500
2022-01-27,23.920000076293945,24.219999313354492,23.18000030517578,23.489999771118164,23.489999771118164,210000
2022-01-28,23.420000076293945,23.729999542236328,23.040000915527344,23.729999542236328,23.729999542236328,234500
2022-01-31,23.440000534057617,23.979999542236328,23.3799991607666,23.690000534057617,23.690000534057617,291700
2022-02-01,23.649999618530273,24.8799991607666,23.299999237060547,24.760000228881836,24.760000228881836,453600
2022-02-02,24.709999084472656,24.760000228881836,24.299999237060547,24.440000534057617,24.440000534057617,233200
2022-02-03,24.440000534057617,25.1299991607666,24.329999923706055,24.6200008392334,24.6200008392334,260000
2022-02-04,24.329999923706055,24.760000228881836,24.0,24.34000015258789,24.34000015258789,234400
2022-02-07,24.299999237060547,24.889999389648438,24.040000915527344,24.8700008392334,24.8700008392334,241200
2022-02-08,25.079999923706055,25.3700008392334,24.6299991607666,24.920000076293945,24.920000076293945,259500
2022-02-09,24.889999389648438,25.290000915527344,24.84000015258789,25.049999237060547,25.049999237060547,188700
2022-02-10,24.549999237060547,25.510000228881836,24.549999237060547,24.969999313354492,24.969999313354492,252100
2022-02-11,24.899999618530273,25.329999923706055,24.719999313354492,25.200000762939453,25.200000762939453,222300
2022-02-14,25.209999084472656,25.559999465942383,24.969999313354492,25.520000457763672,25.520000457763672,394200
2022-02-15,25.75,26.110000610351562,25.600000381469727,25.950000762939453,25.950000762939453,266400
2022-02-16,25.799999237060547,26.65999984741211,25.799999237060547,26.530000686645508,26.530000686645508,219600
2022-02-17,26.360000610351562,26.780000686645508,26.290000915527344,26.739999771118164,26.739999771118164,279000
2022-02-18,26.700000762939453,26.799999237060547,26.239999771118164,26.670000076293945,26.670000076293945,310500
2022-02-22,26.450000762939453,26.709999084472656,26.049999237060547,26.110000610351562,26.110000610351562,195000
2022-02-23,26.110000610351562,26.200000762939453,24.040000915527344,24.440000534057617,24.440000534057617,439000
2022-02-24,22.079999923706055,22.079999923706055,18.6299991607666,21.1299991607666,21.1299991607666,2087900
2022-02-25,21.299999237060547,23.209999084472656,21.239999771118164,22.799999237060547,22.799999237060547,833100
2022-02-28,22.469999313354492,24.90999984741211,22.469999313354492,24.34000015258789,24.34000015258789,645700
2022-03-01,24.389999389648438,24.719999313354492,23.549999237060547,23.719999313354492,23.719999313354492,497600
2022-03-02,23.899999618530273,24.81999969482422,23.899999618530273,23.950000762939453,23.950000762939453,245500
2022-03-03,23.729999542236328,24.450000762939453,23.059999465942383,23.100000381469727,23.100000381469727,257400
2022-03-04,22.90999984741211,23.649999618530273,22.270000457763672,22.420000076293945,22.420000076293945,200000
2022-03-07,22.270000457763672,23.350000381469727,22.020000457763672,22.84000015258789,22.84000015258789,447800
2022-03-08,22.920000076293945,24.06999969482422,22.90999984741211,23.84000015258789,23.84000015258789,329200
2022-03-09,24.190000534057617,24.770000457763672,23.90999984741211,24.25,24.25,258900
2022-03-10,24.020000457763672,24.540000915527344,23.75,24.18000030517578,24.18000030517578,327200
2022-03-11,24.1299991607666,24.639999389648438,23.739999771118164,24.0,24.0,187900
2022-03-14,24.25,24.25,23.209999084472656,23.280000686645508,23.280000686645508,223000
2022-03-15,24.100000381469727,25.010000228881836,24.059999465942383,24.31999969482422,24.31999969482422,403100
2022-03-16,24.299999237060547,25.25,24.299999237060547,25.100000381469727,25.100000381469727,352700
2022-03-17,24.8700008392334,25.010000228881836,24.299999237060547,24.68000030517578,24.68000030517578,253400
2022-03-18,24.43000030517578,25.1299991607666,24.43000030517578,25.110000610351562,25.110000610351562,562300
2022-03-21,25.149999618530273,25.399999618530273,24.059999465942383,24.489999771118164,24.489999771118164,263500
2022-03-22,24.780000686645508,25.389999389648438,24.579999923706055,24.950000762939453,24.950000762939453,233500
2022-03-23,24.799999237060547,24.979999542236328,24.040000915527344,24.489999771118164,24.489999771118164,299600
2022-03-24,24.709999084472656,24.790000915527344,24.280000686645508,24.389999389648438,24.389999389648438,190500
2022-03-25,24.440000534057617,25.049999237060547,24.360000610351562,24.81999969482422,24.81999969482422,229700
2022-03-28,24.969999313354492,25.030000686645508,24.40999984741211,24.770000457763672,24.770000457763672,292500
2022-03-29,24.770000457763672,25.34000015258789,24.43000030517578,24.469999313354492,24.469999313354492,205500
2022-03-30,24.469999313354492,24.889999389648438,24.1200008392334,24.389999389648438,24.389999389648438,254800
2022-03-31,24.420000076293945,24.729999542236328,23.889999389648438,24.34000015258789,24.34000015258789,483200
2022-04-01,24.489999771118164,25.270000457763672,24.34000015258789,25.209999084472656,25.209999084472656,208300
2022-04-04,25.209999084472656,25.229999542236328,24.530000686645508,24.8700008392334,24.8700008392334,226300
2022-04-05,24.729999542236328,25.079999923706055,24.280000686645508,24.600000381469727,24.600000381469727,222600
2022-04-06,24.520000457763672,24.969999313354492,24.34000015258789,24.6200008392334,24.6200008392334,305700
2022-04-07,24.59000015258789,24.770000457763672,23.739999771118164,24.030000686645508,24.030000686645508,489500
2022-04-08,24.020000457763672,24.600000381469727,23.81999969482422,24.3799991607666,24.3799991607666,282200
2022-04-11,24.299999237060547,25.049999237060547,24.0,24.420000076293945,24.420000076293945,397700
2022-04-12,24.40999984741211,25.209999084472656,24.40999984741211,24.690000534057617,24.690000534057617,223800
2022-04-13,24.649999618530273,25.40999984741211,24.649999618530273,25.3700008392334,25.3700008392334,184500
2022-04-14,25.100000381469727,25.639999389648438,24.670000076293945,25.479999542236328,25.479999542236328,180300
2022-04-18,25.219999313354492,25.579999923706055,24.5,25.06999969482422,25.06999969482422,168400
2022-04-19,25.010000228881836,25.31999969482422,24.610000610351562,25.15999984741211,25.15999984741211,223400
2022-04-20,25.299999237060547,25.530000686645508,24.969999313354492,25.100000381469727,25.100000381469727,163800
2022-04-21,25.389999389648438,25.520000457763672,24.81999969482422,24.8700008392334,24.8700008392334,234800
2022-04-22,24.790000915527344,24.899999618530273,24.5,24.65999984741211,24.65999984741211,232600
2022-04-25,24.389999389648438,25.030000686645508,23.780000686645508,24.530000686645508,24.530000686645508,408600
2022-04-26,24.25,24.309999465942383,23.5,23.670000076293945,23.670000076293945,297200
2022-04-27,23.829999923706055,24.0,23.3700008392334,23.510000228881836,23.510000228881836,343800
2022-04-28,23.6200008392334,24.5,23.350000381469727,24.309999465942383,24.309999465942383,315600
2022-04-29,24.270000457763672,24.489999771118164,23.239999771118164,23.350000381469727,23.350000381469727,369400
2022-05-02,23.209999084472656,23.719999313354492,22.969999313354492,23.25,23.25,276000
2022-05-03,23.209999084472656,23.809999465942383,23.200000762939453,23.549999237060547,23.549999237060547,310100
2022-05-04,23.610000610351562,23.850000381469727,23.0,23.729999542236328,23.729999542236328,434000
2022-05-05,23.8799991607666,24.40999984741211,22.780000686645508,22.969999313354492,22.969999313354492,387800
2022-05-06,22.760000228881836,23.170000076293945,21.700000762939453,21.940000534057617,21.940000534057617,460900
2022-05-09,21.940000534057617,22.1200008392334,21.15999984741211,21.549999237060547,21.549999237060547,574300
2022-05-10,21.959999084472656,22.43000030517578,20.790000915527344,21.0,21.0,346700
2022-05-11,21.190000534057617,21.780000686645508,21.0,21.229999542236328,21.229999542236328,413800
2022-05-12,21.329999923706055,21.329999923706055,20.440000534057617,20.700000762939453,20.700000762939453,693200
2022-05-13,21.040000915527344,21.139999389648438,20.670000076293945,20.790000915527344,20.790000915527344,993500
2022-05-16,20.989999771118164,21.229999542236328,20.579999923706055,21.0,21.0,843300
2022-05-17,21.190000534057617,21.93000030517578,20.90999984741211,21.309999465942383,21.309999465942383,1655800
2022-05-18,21.059999465942383,21.420000076293945,20.739999771118164,21.020000457763672,21.020000457763672,756800
2022-05-19,21.030000686645508,22.139999389648438,21.010000228881836,22.100000381469727,22.100000381469727,810200
2022-05-20,22.270000457763672,22.540000915527344,21.510000228881836,21.8700008392334,21.8700008392334,280300
2022-05-23,21.8700008392334,22.329999923706055,21.729999542236328,21.950000762939453,21.950000762939453,300300
2022-05-24,21.780000686645508,22.440000534057617,21.579999923706055,22.329999923706055,22.329999923706055,491000
2022-05-25,22.270000457763672,23.190000534057617,22.1299991607666,23.15999984741211,23.15999984741211,331100
2022-05-26,23.25,23.950000762939453,23.25,23.639999389648438,23.639999389648438,344800
2022-05-27,23.68000030517578,24.639999389648438,23.68000030517578,24.520000457763672,24.520000457763672,311600
2022-05-31,24.459999084472656,24.6299991607666,23.979999542236328,24.030000686645508,24.030000686645508,372000
2022-06-01,24.100000381469727,24.239999771118164,22.899999618530273,23.309999465942383,23.309999465942383,278000
2022-06-02,23.309999465942383,23.729999542236328,22.950000762939453,23.649999618530273,23.649999618530273,253700
2022-06-03,23.739999771118164,23.739999771118164,23.139999389648438,23.280000686645508,23.280000686645508,180100
2022-06-06,23.360000610351562,23.90999984741211,23.239999771118164,23.75,23.75,238700
2022-06-07,23.700000762939453,23.75,23.34000015258789,23.700000762939453,23.700000762939453,201700
2022-06-08,23.450000762939453,23.530000686645508,22.860000610351562,22.920000076293945,22.920000076293945,247400
2022-06-09,22.760000228881836,22.760000228881836,22.149999618530273,22.190000534057617,22.190000534057617,210200
2022-06-10,21.829999923706055,21.969999313354492,21.110000610351562,21.1299991607666,21.1299991607666,301800
2022-06-13,20.780000686645508,20.8799991607666,20.0,20.040000915527344,20.040000915527344,278400
2022-06-14,20.1299991607666,20.280000686645508,19.90999984741211,20.100000381469727,20.100000381469727,348700
2022-06-15,20.229999542236328,20.420000076293945,19.799999237060547,20.15999984741211,20.15999984741211,349800
2022-06-16,19.75,19.760000228881836,18.899999618530273,19.010000228881836,19.010000228881836,479900
2022-06-17,19.610000610351562,20.1299991607666,19.309999465942383,19.65999984741211,19.65999984741211,559400
2022-06-21,19.780000686645508,20.350000381469727,19.59000015258789,19.649999618530273,19.649999618530273,297600
2022-06-22,19.43000030517578,20.040000915527344,19.43000030517578,19.68000030517578,19.68000030517578,304900
2022-06-23,19.790000915527344,20.1299991607666,19.59000015258789,19.790000915527344,19.790000915527344,228100
2022-06-24,19.860000610351562,20.229999542236328,19.75,19.799999237060547,19.799999237060547,570700
2022-06-27,20.0,20.299999237060547,19.81999969482422,20.06999969482422,20.06999969482422,231300
2022-06-28,20.139999389648438,20.440000534057617,19.479999542236328,19.579999923706055,19.579999923706055,202300
2022-06-29,19.559999465942383,19.739999771118164,19.100000381469727,19.540000915527344,19.540000915527344,238500
2022-06-30,19.420000076293945,19.420000076293945,19.020000457763672,19.299999237060547,19.299999237060547,266300
2022-07-01,19.170000076293945,19.6200008392334,19.020000457763672,19.610000610351562,19.610000610351562,228800
2022-07-05,19.09000015258789,19.18000030517578,18.610000610351562,19.09000015258789,19.09000015258789,288100
2022-07-06,19.09000015258789,19.280000686645508,18.8700008392334,18.979999542236328,18.979999542236328,290500
2022-07-07,19.059999465942383,19.540000915527344,18.920000076293945,19.0,19.0,218700
2022-07-08,19.170000076293945,19.190000534057617,18.760000228881836,18.979999542236328,18.979999542236328,186700
2022-07-11,18.8799991607666,19.010000228881836,18.450000762939453,18.559999465942383,18.559999465942383,235000
2022-07-12,18.559999465942383,19.030000686645508,18.559999465942383,18.799999237060547,18.799999237060547,222500
2022-07-13,18.559999465942383,18.860000610351562,18.34000015258789,18.530000686645508,18.530000686645508,196400
2022-07-14,18.270000457763672,18.530000686645508,18.100000381469727,18.5,18.5,219800
2022-07-15,18.81999969482422,18.81999969482422,18.43000030517578,18.709999084472656,18.709999084472656,272300
2022-07-18,19.049999237060547,19.110000610351562,18.690000534057617,18.829999923706055,18.829999923706055,184700
2022-07-19,19.1200008392334,19.84000015258789,18.850000381469727,19.81999969482422,19.81999969482422,294500
2022-07-20,19.75,19.889999389648438,19.510000228881836,19.799999237060547,19.799999237060547,219500
2022-07-21,19.68000030517578,19.68000030517578,19.170000076293945,19.469999313354492,19.469999313354492,147200
2022-07-22,19.440000534057617,19.6200008392334,19.309999465942383,19.59000015258789,19.59000015258789,199300
2022-07-25,19.549999237060547,19.559999465942383,19.18000030517578,19.399999618530273,19.399999618530273,185100
2022-07-26,19.31999969482422,19.649999618530273,19.209999084472656,19.459999084472656,19.459999084472656,158000
2022-07-27,19.540000915527344,19.829999923706055,19.420000076293945,19.809999465942383,19.809999465942383,169500
2022-07-28,19.940000534057617,20.0,19.440000534057617,19.760000228881836,19.760000228881836,210600
2022-07-29,19.889999389648438,20.0,19.579999923706055,19.760000228881836,19.760000228881836,234100
2022-08-01,19.639999389648438,20.010000228881836,19.520000457763672,19.799999237060547,19.799999237060547,171800
2022-08-02,19.709999084472656,20.030000686645508,19.709999084472656,19.860000610351562,19.860000610351562,148700
2022-08-03,19.989999771118164,20.6200008392334,19.709999084472656,20.489999771118164,20.489999771118164,213000
2022-08-04,19.75,20.549999237060547,19.75,20.1299991607666,20.1299991607666,192000
2022-08-05,20.1200008392334,20.770000457763672,19.719999313354492,20.459999084472656,20.459999084472656,170200
2022-08-08,20.34000015258789,21.0,20.329999923706055,20.530000686645508,20.530000686645508,251300
2022-08-09,20.59000015258789,20.6200008392334,20.329999923706055,20.399999618530273,20.399999618530273,190500
2022-08-10,20.610000610351562,20.940000534057617,20.270000457763672,20.309999465942383,20.309999465942383,243300
2022-08-11,20.530000686645508,20.610000610351562,20.350000381469727,20.510000228881836,20.510000228881836,124800
2022-08-12,20.709999084472656,20.920000076293945,20.43000030517578,20.920000076293945,20.920000076293945,178200
2022-08-15,20.670000076293945,20.920000076293945,20.530000686645508,20.889999389648438,20.889999389648438,181900
2022-08-16,20.889999389648438,21.040000915527344,20.709999084472656,20.90999984741211,20.90999984741211,193100
2022-08-17,20.6200008392334,20.6200008392334,19.739999771118164,19.790000915527344,19.790000915527344,145000
2022-08-18,19.809999465942383,20.200000762939453,19.649999618530273,19.920000076293945,19.920000076293945,150400
2022-08-19,19.68000030517578,19.75,19.34000015258789,19.350000381469727,19.350000381469727,194900
2022-08-22,19.09000015258789,19.290000915527344,19.010000228881836,19.049999237060547,19.049999237060547,145600
2022-08-23,19.040000915527344,20.15999984741211,18.950000762939453,19.0,19.0,152900
2022-08-24,19.079999923706055,19.34000015258789,18.920000076293945,19.280000686645508,19.280000686645508,118000
2022-08-25,19.260000228881836,19.6200008392334,19.1299991607666,19.420000076293945,19.420000076293945,134500
2022-08-26,19.489999771118164,19.549999237060547,19.040000915527344,19.100000381469727,19.100000381469727,136800
2022-08-29,19.049999237060547,19.260000228881836,18.920000076293945,18.979999542236328,18.979999542236328,145700
2022-08-30,19.170000076293945,19.170000076293945,18.56999969482422,18.610000610351562,18.610000610351562,194300
2022-08-31,18.81999969482422,18.979999542236328,18.389999389648438,18.40999984741211,18.40999984741211,243500
2022-09-01,18.260000228881836,18.260000228881836,17.899999618530273,18.139999389648438,18.139999389648438,150700
2022-09-02,18.18000030517578,18.219999313354492,17.700000762939453,17.729999542236328,17.729999542236328,205100
2022-09-06,17.700000762939453,18.020000457763672,17.600000381469727,17.799999237060547,17.799999237060547,202700
2022-09-07,17.739999771118164,18.25,17.510000228881836,17.790000915527344,17.790000915527344,149500
2022-09-08,17.600000381469727,17.600000381469727,17.06999969482422,17.1299991607666,17.1299991607666,210200
2022-09-09,17.270000457763672,17.540000915527344,17.059999465942383,17.540000915527344,17.540000915527344,183900
2022-09-12,17.75,18.110000610351562,17.68000030517578,17.90999984741211,17.90999984741211,188300
2022-09-13,17.520000457763672,17.6299991607666,17.040000915527344,17.110000610351562,17.110000610351562,177200
2022-09-14,17.010000228881836,17.200000762939453,16.790000915527344,17.139999389648438,17.139999389648438,334900
2022-09-15,17.020000457763672,17.489999771118164,16.760000228881836,16.959999084472656,16.959999084472656,399500
2022-09-16,16.889999389648438,17.15999984741211,16.68000030517578,16.81999969482422,16.81999969482422,646100
2022-09-19,16.709999084472656,17.030000686645508,16.59000015258789,16.950000762939453,16.950000762939453,219100
2022-09-20,16.770000457763672,16.90999984741211,16.469999313354492,16.540000915527344,16.540000915527344,233900
2022-09-21,16.510000228881836,16.65999984741211,16.200000762939453,16.299999237060547,16.299999237060547,227300
2022-09-22,16.34000015258789,16.34000015258789,15.84000015258789,15.960000038146973,15.960000038146973,258000
2022-09-23,15.800000190734863,15.84000015258789,15.260000228881836,15.479999542236328,15.479999542236328,207600
2022-09-26,15.5,16.270000457763672,15.449999809265137,16.079999923706055,16.079999923706055,659100
2022-09-27,16.209999084472656,16.43000030517578,15.84000015258789,16.18000030517578,16.18000030517578,345000
2022-09-28,16.170000076293945,16.979999542236328,16.149999618530273,16.809999465942383,16.809999465942383,241200
2022-09-29,16.59000015258789,16.59000015258789,16.309999465942383,16.520000457763672,16.520000457763672,228800
2022-09-30,16.459999084472656,16.93000030517578,16.440000534057617,16.469999313354492,16.469999313354492,296100
2022-10-03,16.770000457763672,17.360000610351562,16.649999618530273,17.25,17.25,211900
2022-10-04,17.25,17.450000762939453,16.989999771118164,17.1299991607666,17.1299991607666,254400
2022-10-05,16.829999923706055,16.959999084472656,16.479999542236328,16.719999313354492,16.719999313354492,118000
2022-10-06,16.719999313354492,17.670000076293945,16.65999984741211,17.639999389648438,17.639999389648438,350300
2022-10-07,17.399999618530273,17.530000686645508,17.110000610351562,17.209999084472656,17.209999084472656,314700
2022-10-10,17.200000762939453,17.950000762939453,17.18000030517578,17.700000762939453,17.700000762939453,209300
2022-10-11,17.489999771118164,17.770000457763672,17.309999465942383,17.59000015258789,17.59000015258789,238900
2022-10-12,17.549999237060547,17.8700008392334,17.299999237060547,17.700000762939453,17.700000762939453,191800
2022-10-13,17.56999969482422,18.219999313354492,17.31999969482422,18.200000762939453,18.200000762939453,220100
2022-10-14,18.34000015258789,18.440000534057617,17.540000915527344,17.559999465942383,17.559999465942383,170700
2022-10-17,17.739999771118164,18.25,17.739999771118164,18.100000381469727,18.100000381469727,209200
2022-10-18,18.329999923706055,18.639999389648438,18.079999923706055,18.200000762939453,18.200000762939453,128300
2022-10-19,18.06999969482422,18.170000076293945,17.6200008392334,17.760000228881836,17.760000228881836,141600
2022-10-20,17.829999923706055,18.110000610351562,17.670000076293945,17.790000915527344,17.790000915527344,131800
2022-10-21,17.84000015258789,18.329999923706055,17.700000762939453,18.290000915527344,18.290000915527344,194900
2022-10-24,18.31999969482422,18.530000686645508,18.09000015258789,18.420000076293945,18.420000076293945,147600
2022-10-25,18.389999389648438,18.969999313354492,18.389999389648438,18.610000610351562,18.610000610351562,171600
2022-10-26,18.709999084472656,18.790000915527344,18.459999084472656,18.5,18.5,157000
2022-10-27,18.690000534057617,18.920000076293945,18.3799991607666,18.530000686645508,18.530000686645508,176300
2022-10-28,18.610000610351562,18.989999771118164,18.610000610351562,18.809999465942383,18.809999465942383,188800
2022-10-31,18.809999465942383,18.920000076293945,18.549999237060547,18.8700008392334,18.8700008392334,267900
2022-11-01,19.149999618530273,19.200000762939453,18.729999542236328,18.979999542236328,18.979999542236328,302600
2022-11-02,18.950000762939453,19.40999984741211,18.739999771118164,19.06999969482422,19.06999969482422,390000
2022-11-03,18.780000686645508,18.780000686645508,16.90999984741211,17.110000610351562,17.110000610351562,547900
2022-11-04,16.399999618530273,17.15999984741211,15.789999961853027,17.15999984741211,17.15999984741211,411500
2022-11-07,17.18000030517578,17.450000762939453,16.950000762939453,17.40999984741211,17.40999984741211,267800
2022-11-08,17.479999542236328,18.18000030517578,17.270000457763672,17.780000686645508,17.780000686645508,324200
2022-11-09,17.579999923706055,17.579999923706055,16.920000076293945,17.260000228881836,17.260000228881836,269100
2022-11-10,17.549999237060547,17.969999313354492,17.309999465942383,17.90999984741211,17.90999984741211,240800
2022-11-11,17.940000534057617,18.020000457763672,17.559999465942383,17.700000762939453,17.700000762939453,254000
2022-11-14,17.709999084472656,18.049999237060547,17.600000381469727,17.8700008392334,17.8700008392334,297500
2022-11-15,17.8799991607666,18.3799991607666,17.850000381469727,17.90999984741211,17.90999984741211,209600
2022-11-16,17.739999771118164,18.0,17.399999618530273,17.469999313354492,17.469999313354492,231600
2022-11-17,17.200000762939453,17.420000076293945,17.020000457763672,17.34000015258789,17.34000015258789,183500
2022-11-18,17.6200008392334,17.690000534057617,17.25,17.510000228881836,17.510000228881836,212600
2022-11-21,17.489999771118164,17.579999923706055,17.200000762939453,17.43000030517578,17.43000030517578,215300
2022-11-22,17.479999542236328,17.719999313354492,17.200000762939453,17.3700008392334,17.3700008392334,215800
2022-11-23,17.329999923706055,17.75,17.209999084472656,17.520000457763672,17.520000457763672,188100
2022-11-25,17.389999389648438,17.68000030517578,16.860000610351562,17.440000534057617,17.440000534057617,146700
2022-11-28,17.329999923706055,17.350000381469727,16.940000534057617,17.040000915527344,17.040000915527344,662700
2022-11-29,16.90999984741211,17.360000610351562,16.729999542236328,17.209999084472656,17.209999084472656,263100
2022-11-30,17.190000534057617,17.469999313354492,16.760000228881836,17.399999618530273,17.399999618530273,368700
2022-12-01,17.3799991607666,17.829999923706055,17.079999923706055,17.100000381469727,17.100000381469727,255700
2022-12-02,16.889999389648438,17.170000076293945,16.860000610351562,17.079999923706055,17.079999923706055,283300
2022-12-05,16.899999618530273,17.350000381469727,16.43000030517578,16.59000015258789,16.59000015258789,434400
2022-12-06,16.5,16.6299991607666,16.0,16.3700008392334,16.3700008392334,412900
2022-12-07,16.440000534057617,16.65999984741211,16.229999542236328,16.329999923706055,16.329999923706055,310600
2022-12-08,16.360000610351562,16.770000457763672,16.280000686645508,16.540000915527344,16.540000915527344,342700
2022-12-09,16.440000534057617,16.90999984741211,16.299999237060547,16.6299991607666,16.6299991607666,227700
2022-12-12,16.639999389648438,16.8799991607666,16.299999237060547,16.389999389648438,16.389999389648438,216600
2022-12-13,16.81999969482422,17.010000228881836,16.209999084472656,16.25,16.25,378400
2022-12-14,16.139999389648438,16.530000686645508,16.110000610351562,16.329999923706055,16.329999923706055,355100
2022-12-15,16.18000030517578,16.360000610351562,15.850000381469727,16.079999923706055,16.079999923706055,412500
2022-12-16,15.920000076293945,16.040000915527344,15.6899995803833,15.949999809265137,15.949999809265137,527100
2022-12-19,15.90999984741211,16.18000030517578,15.65999984741211,15.829999923706055,15.829999923706055,317100
2022-12-20,15.970000267028809,16.100000381469727,15.6899995803833,15.850000381469727,15.850000381469727,246800
2022-12-21,16.110000610351562,16.40999984741211,15.84000015258789,16.350000381469727,16.350000381469727,232400
2022-12-22,16.219999313354492,16.469999313354492,16.06999969482422,16.440000534057617,16.440000534057617,236200
2022-12-23,16.399999618530273,16.940000534057617,16.399999618530273,16.889999389648438,16.889999389648438,249900
2022-12-27,16.8700008392334,16.940000534057617,16.68000030517578,16.719999313354492,16.719999313354492,217000
2022-12-28,16.65999984741211,16.969999313354492,16.229999542236328,16.34000015258789,16.34000015258789,278200
2022-12-29,16.3700008392334,16.81999969482422,16.170000076293945,16.739999771118164,16.739999771118164,202600
2022-12-30,16.600000381469727,16.780000686645508,16.5,16.68000030517578,16.68000030517578,242100
2023-01-03,16.899999618530273,17.049999237060547,16.5,16.770000457763672,16.770000457763672,254500
2023-01-04,16.760000228881836,17.049999237060547,16.329999923706055,16.3700008392334,16.3700008392334,291800
2023-01-05,16.290000915527344,16.549999237060547,16.200000762939453,16.350000381469727,16.350000381469727,277700
2023-01-06,16.479999542236328,16.889999389648438,16.479999542236328,16.610000610351562,16.610000610351562,300300
2023-01-09,16.65999984741211,16.700000762939453,16.0,16.030000686645508,16.030000686645508,267100
2023-01-10,16.059999465942383,16.520000457763672,15.869999885559082,16.5,16.5,253300
2023-01-11,16.5,17.299999237060547,16.489999771118164,17.260000228881836,17.260000228881836,342800
2023-01-12,17.290000915527344,17.700000762939453,17.15999984741211,17.690000534057617,17.690000534057617,262400
2023-01-13,17.559999465942383,18.260000228881836,17.149999618530273,18.06999969482422,18.06999969482422,311500
2023-01-17,18.0,18.020000457763672,17.639999389648438,17.649999618530273,17.649999618530273,209700
2023-01-18,17.649999618530273,17.739999771118164,17.3700008392334,17.510000228881836,17.510000228881836,202600
2023-01-19,17.420000076293945,17.75,17.360000610351562,17.579999923706055,17.579999923706055,204600
2023-01-20,17.709999084472656,18.65999984741211,17.299999237060547,18.469999313354492,18.469999313354492,308500
2023-01-23,18.420000076293945,18.56999969482422,17.84000015258789,17.950000762939453,17.950000762939453,230300
2023-01-24,18.0,18.31999969482422,17.84000015258789,18.190000534057617,18.190000534057617,248500
2023-01-25,18.190000534057617,18.700000762939453,18.0,18.6299991607666,18.6299991607666,163700
2023-01-26,18.700000762939453,18.860000610351562,18.530000686645508,18.850000381469727,18.850000381469727,157200
2023-01-27,18.700000762939453,19.06999969482422,18.59000015258789,18.700000762939453,18.700000762939453,116900
2023-01-30,18.690000534057617,18.93000030517578,18.010000228881836,18.299999237060547,18.299999237060547,244500
2023-01-31,18.260000228881836,18.760000228881836,18.229999542236328,18.709999084472656,18.709999084472656,217900
2023-02-01,18.6299991607666,18.780000686645508,18.299999237060547,18.6299991607666,18.6299991607666,149900
2023-02-02,18.809999465942383,19.1200008392334,18.790000915527344,19.049999237060547,19.049999237060547,178300
2023-02-03,18.850000381469727,19.190000534057617,18.309999465942383,18.790000915527344,18.790000915527344,167600
2023-02-06,18.65999984741211,18.65999984741211,18.270000457763672,18.43000030517578,18.43000030517578,136500
2023-02-07,18.59000015258789,18.59000015258789,17.719999313354492,17.809999465942383,17.809999465942383,204500
2023-02-08,17.829999923706055,17.829999923706055,17.1200008392334,17.219999313354492,17.219999313354492,161600
2023-02-09,17.309999465942383,17.40999984741211,17.020000457763672,17.18000030517578,17.18000030517578,171800
2023-02-10,17.149999618530273,17.780000686645508,17.06999969482422,17.709999084472656,17.709999084472656,235300
2023-02-13,17.610000610351562,17.899999618530273,17.229999542236328,17.860000610351562,17.860000610351562,213900
2023-02-14,17.729999542236328,17.940000534057617,17.399999618530273,17.8799991607666,17.8799991607666,497900
2023-02-15,17.690000534057617,18.170000076293945,17.600000381469727,18.110000610351562,18.110000610351562,209100
2023-02-16,17.84000015258789,17.920000076293945,17.540000915527344,17.729999542236328,17.729999542236328,196200
2023-02-17,17.889999389648438,18.420000076293945,17.790000915527344,18.290000915527344,18.290000915527344,184400
2023-02-21,18.139999389648438,18.260000228881836,17.75,17.850000381469727,17.850000381469727,210200
2023-02-22,17.920000076293945,18.239999771118164,17.530000686645508,17.709999084472656,17.709999084472656,268600
2023-02-23,18.520000457763672,20.420000076293945,17.729999542236328,20.100000381469727,20.100000381469727,547200
2023-02-24,20.079999923706055,20.360000610351562,19.889999389648438,20.360000610351562,20.360000610351562,299800
2023-02-27,20.450000762939453,21.059999465942383,19.799999237060547,19.8700008392334,19.8700008392334,305600
2023-02-28,20.0,20.1299991607666,19.850000381469727,19.959999084472656,19.959999084472656,330500
2023-03-01,19.90999984741211,20.459999084472656,19.850000381469727,20.06999969482422,20.06999969482422,280700
2023-03-02,19.729999542236328,20.34000015258789,19.5,20.309999465942383,20.309999465942383,266900
2023-03-03,20.350000381469727,20.40999984741211,20.040000915527344,20.100000381469727,20.100000381469727,337700
2023-03-06,20.079999923706055,20.079999923706055,19.770000457763672,20.010000228881836,20.010000228881836,262000
2023-03-07,19.959999084472656,20.100000381469727,19.770000457763672,20.0,20.0,173800
2023-03-08,20.170000076293945,20.170000076293945,19.719999313354492,19.90999984741211,19.90999984741211,171000
2023-03-09,19.899999618530273,20.059999465942383,19.670000076293945,19.690000534057617,19.690000534057617,214200
2023-03-10,19.56999969482422,19.56999969482422,18.75,19.079999923706055,19.079999923706055,338400
2023-03-13,18.799999237060547,18.920000076293945,18.559999465942383,18.670000076293945,18.670000076293945,233900
2023-03-14,19.1299991607666,19.309999465942383,18.829999923706055,18.93000030517578,18.93000030517578,248600
2023-03-15,18.489999771118164,18.6299991607666,18.290000915527344,18.56999969482422,18.56999969482422,210200
2023-03-16,18.299999237060547,18.649999618530273,18.170000076293945,18.649999618530273,18.649999618530273,269500
2023-03-17,18.3799991607666,18.440000534057617,18.1200008392334,18.18000030517578,18.18000030517578,774600
2023-03-20,18.3700008392334,19.0,18.200000762939453,18.549999237060547,18.549999237060547,206900
2023-03-21,18.760000228881836,18.8700008392334,18.260000228881836,18.469999313354492,18.469999313354492,156800
2023-03-22,18.510000228881836,18.6200008392334,18.18000030517578,18.209999084472656,18.209999084472656,188600
2023-03-23,18.270000457763672,18.43000030517578,18.020000457763672,18.059999465942383,18.059999465942383,193400
2023-03-24,17.899999618530273,17.979999542236328,17.600000381469727,17.760000228881836,17.760000228881836,240200
2023-03-27,17.889999389648438,18.100000381469727,17.3799991607666,17.459999084472656,17.459999084472656,300800
2023-03-28,17.270000457763672,17.75,17.100000381469727,17.5,17.5,365500
2023-03-29,17.709999084472656,17.920000076293945,17.600000381469727,17.8700008392334,17.8700008392334,335200
2023-03-30,17.969999313354492,18.239999771118164,17.850000381469727,18.030000686645508,18.030000686645508,186000
2023-03-31,18.100000381469727,18.31999969482422,18.020000457763672,18.290000915527344,18.290000915527344,332600
2023-04-03,18.350000381469727,18.639999389648438,18.1200008392334,18.510000228881836,18.510000228881836,302900
2023-04-04,18.770000457763672,18.770000457763672,17.6299991607666,17.81999969482422,17.81999969482422,139300
2023-04-05,17.790000915527344,17.8700008392334,17.559999465942383,17.68000030517578,17.68000030517578,175500
2023-04-06,17.719999313354492,18.059999465942383,17.649999618530273,18.030000686645508,18.030000686645508,224900
2023-04-10,18.06999969482422,18.3799991607666,17.920000076293945,18.34000015258789,18.34000015258789,405200
2023-04-11,18.299999237060547,18.40999984741211,17.889999389648438,18.079999923706055,18.079999923706055,211400
2023-04-12,18.280000686645508,18.34000015258789,17.780000686645508,17.940000534057617,17.940000534057617,167400
2023-04-13,18.0,18.3700008392334,17.860000610351562,18.200000762939453,18.200000762939453,192400
2023-04-14,18.1200008392334,18.270000457763672,17.290000915527344,17.479999542236328,17.479999542236328,171900
2023-04-17,17.479999542236328,17.6200008392334,17.350000381469727,17.56999969482422,17.56999969482422,144900
2023-04-18,17.56999969482422,17.56999969482422,17.100000381469727,17.350000381469727,17.350000381469727,174800
2023-04-19,17.34000015258789,17.399999618530273,17.139999389648438,17.290000915527344,17.290000915527344,147300
2023-04-20,17.280000686645508,17.34000015258789,16.90999984741211,17.190000534057617,17.190000534057617,164900
2023-04-21,17.15999984741211,17.389999389648438,17.15999984741211,17.239999771118164,17.239999771118164,122900
2023-04-24,17.270000457763672,17.6200008392334,17.200000762939453,17.399999618530273,17.399999618530273,113600
2023-04-25,17.31999969482422,17.420000076293945,16.889999389648438,16.93000030517578,16.93000030517578,165800
2023-04-26,16.860000610351562,17.110000610351562,16.739999771118164,16.889999389648438,16.889999389648438,138100
2023-04-27,17.059999465942383,17.219999313354492,16.850000381469727,17.15999984741211,17.15999984741211,142300
2023-04-28,17.229999542236328,17.350000381469727,16.950000762939453,17.06999969482422,17.06999969482422,143200
2023-05-01,17.030000686645508,17.3799991607666,16.850000381469727,16.940000534057617,16.940000534057617,114900
2023-05-02,16.84000015258789,16.84000015258789,16.31999969482422,16.6200008392334,16.6200008392334,191300
2023-05-03,16.84000015258789,16.84000015258789,16.239999771118164,16.25,16.25,162700
2023-05-04,16.149999618530273,16.18000030517578,15.8100004196167,16.010000228881836,16.010000228881836,216800
2023-05-05,16.290000915527344,16.450000762939453,15.699999809265137,16.079999923706055,16.079999923706055,197600
2023-05-08,16.260000228881836,16.260000228881836,15.649999618530273,15.84000015258789,15.84000015258789,221700
2023-05-09,16.020000457763672,16.020000457763672,14.670000076293945,15.300000190734863,15.300000190734863,256400
2023-05-10,15.470000267028809,15.520000457763672,14.970000267028809,15.130000114440918,15.130000114440918,438400
2023-05-11,15.130000114440918,15.630000114440918,15.020000457763672,15.3100004196167,15.3100004196167,630800
2023-05-12,15.380000114440918,15.710000038146973,15.350000381469727,15.460000038146973,15.460000038146973,145400
2023-05-15,15.470000267028809,16.100000381469727,15.449999809265137,16.020000457763672,16.020000457763672,190500
2023-05-16,15.920000076293945,16.040000915527344,15.479999542236328,15.819999694824219,15.819999694824219,154800
2023-05-17,15.9399995803833,16.360000610351562,15.800000190734863,16.329999923706055,16.329999923706055,190000
2023-05-18,16.229999542236328,16.34000015258789,15.829999923706055,16.1299991607666,16.1299991607666,127700
2023-05-19,16.280000686645508,16.40999984741211,15.84000015258789,15.880000114440918,15.880000114440918,136500
2023-05-22,15.949999809265137,16.239999771118164,15.869999885559082,16.139999389648438,16.139999389648438,153600
2023-05-23,16.170000076293945,16.6299991607666,15.779999732971191,16.399999618530273,16.399999618530273,169500
2023-05-24,16.34000015258789,16.34000015258789,16.030000686645508,16.110000610351562,16.110000610351562,151000
2023-05-25,15.989999771118164,16.18000030517578,15.880000114440918,16.030000686645508,16.030000686645508,146300
2023-05-26,15.989999771118164,16.3700008392334,15.989999771118164,16.329999923706055,16.329999923706055,150200
2023-05-30,16.329999923706055,16.399999618530273,16.09000015258789,16.229999542236328,16.229999542236328,129900
2023-05-31,16.149999618530273,16.309999465942383,15.630000114440918,15.770000457763672,15.770000457763672,211000
2023-06-01,15.75,15.819999694824219,15.399999618530273,15.65999984741211,15.65999984741211,155300
2023-06-02,15.760000228881836,16.549999237060547,15.6899995803833,16.5,16.5,205700
2023-06-05,16.399999618530273,16.5,16.110000610351562,16.350000381469727,16.350000381469727,137300
2023-06-06,16.34000015258789,16.940000534057617,16.309999465942383,16.8700008392334,16.8700008392334,139900
2023-06-07,16.959999084472656,17.559999465942383,16.959999084472656,17.350000381469727,17.350000381469727,157400
2023-06-08,17.270000457763672,17.469999313354492,17.020000457763672,17.219999313354492,17.219999313354492,405000
2023-06-09,17.229999542236328,17.229999542236328,16.889999389648438,17.020000457763672,17.020000457763672,144800
2023-06-12,16.969999313354492,17.290000915527344,16.81999969482422,17.209999084472656,17.209999084472656,138400
2023-06-13,17.190000534057617,17.5,17.06999969482422,17.3799991607666,17.3799991607666,153200
2023-06-14,17.350000381469727,17.729999542236328,17.170000076293945,17.3700008392334,17.3700008392334,202700
2023-06-15,17.309999465942383,17.579999923706055,17.139999389648438,17.479999542236328,17.479999542236328,141100
2023-06-16,17.530000686645508,17.530000686645508,16.950000762939453,17.200000762939453,17.200000762939453,274100
2023-06-20,17.1299991607666,17.1299991607666,16.829999923706055,17.020000457763672,17.020000457763672,152900
2023-06-21,16.969999313354492,17.09000015258789,16.850000381469727,17.0,17.0,121600
2023-06-22,16.950000762939453,17.059999465942383,16.729999542236328,17.049999237060547,17.049999237060547,124200
2023-06-23,16.8700008392334,17.1200008392334,16.8700008392334,17.020000457763672,17.020000457763672,244900
2023-06-26,17.0,17.31999969482422,17.0,17.110000610351562,17.110000610351562,78800
2023-06-27,17.1200008392334,17.290000915527344,17.1200008392334,17.1299991607666,17.1299991607666,100200
2023-06-28,17.06999969482422,17.170000076293945,16.989999771118164,17.170000076293945,17.170000076293945,240400
2023-06-29,17.190000534057617,17.579999923706055,17.079999923706055,17.350000381469727,17.350000381469727,170300
2023-06-30,17.459999084472656,17.459999084472656,17.25,17.34000015258789,17.34000015258789,94500
2023-07-03,17.270000457763672,17.559999465942383,17.200000762939453,17.25,17.25,55000
2023-07-05,17.139999389648438,17.260000228881836,16.989999771118164,17.06999969482422,17.06999969482422,112700
2023-07-06,16.93000030517578,18.489999771118164,16.139999389648438,17.65999984741211,17.65999984741211,1096600
2023-07-07,17.700000762939453,18.68000030517578,17.700000762939453,18.5,18.5,560200
2023-07-10,18.440000534057617,18.700000762939453,18.260000228881836,18.3700008392334,18.3700008392334,208300
2023-07-11,18.399999618530273,18.56999969482422,18.280000686645508,18.549999237060547,18.549999237060547,149000
2023-07-12,18.780000686645508,19.030000686645508,18.59000015258789,18.899999618530273,18.899999618530273,146800
2023-07-13,19.0,19.299999237060547,18.969999313354492,19.25,19.25,184400
2023-07-14,19.139999389648438,19.229999542236328,18.59000015258789,18.700000762939453,18.700000762939453,283600
2023-07-17,18.6200008392334,18.809999465942383,18.479999542236328,18.75,18.75,158200
2023-07-18,18.719999313354492,19.059999465942383,18.719999313354492,18.8700008392334,18.8700008392334,119800
2023-07-19,18.899999618530273,19.190000534057617,18.889999389648438,19.020000457763672,19.020000457763672,262100
2023-07-20,19.030000686645508,19.219999313354492,18.56999969482422,19.1299991607666,19.1299991607666,306500
2023-07-21,19.239999771118164,19.329999923706055,19.059999465942383,19.139999389648438,19.139999389648438,171300
2023-07-24,19.1200008392334,19.459999084472656,19.1200008392334,19.270000457763672,19.270000457763672,147400
2023-07-25,19.239999771118164,19.280000686645508,19.1200008392334,19.15999984741211,19.15999984741211,503100
2023-07-26,19.1299991607666,19.25,18.799999237060547,19.059999465942383,19.059999465942383,590900
2023-07-27,19.190000534057617,19.299999237060547,18.979999542236328,19.09000015258789,19.09000015258789,543000
2023-07-28,19.260000228881836,19.299999237060547,19.139999389648438,19.219999313354492,19.219999313354492,168300
2023-07-31,19.299999237060547,19.549999237060547,19.25,19.43000030517578,19.43000030517578,245400
2023-08-01,19.40999984741211,19.40999984741211,19.059999465942383,19.239999771118164,19.239999771118164,162600
2023-08-02,19.1299991607666,19.1299991607666,18.940000534057617,19.110000610351562,19.110000610351562,129000
2023-08-03,18.979999542236328,19.059999465942383,18.75,18.989999771118164,18.989999771118164,127400
2023-08-04,18.899999618530273,19.420000076293945,18.670000076293945,19.3799991607666,19.3799991607666,241100
2023-08-07,20.40999984741211,23.860000610351562,20.399999618530273,23.5,23.5,814800
2023-08-08,21.239999771118164,23.899999618530273,21.170000076293945,23.739999771118164,23.739999771118164,4523900
2023-08-09,24.079999923706055,24.799999237060547,23.09000015258789,23.6200008392334,23.6200008392334,2290000
2023-08-10,23.809999465942383,24.31999969482422,22.709999084472656,23.280000686645508,23.280000686645508,1428100
2023-08-11,23.09000015258789,23.510000228881836,22.65999984741211,23.010000228881836,23.010000228881836,503600
2023-08-14,22.829999923706055,23.549999237060547,22.739999771118164,23.25,23.25,1610900
2023-08-15,23.09000015258789,23.25,22.09000015258789,22.200000762939453,22.200000762939453,832000
2023-08-16,22.15999984741211,22.479999542236328,20.729999542236328,20.739999771118164,20.739999771118164,716400
2023-08-17,20.81999969482422,21.020000457763672,20.1200008392334,20.219999313354492,20.219999313354492,532300
2023-08-18,20.139999389648438,20.139999389648438,19.489999771118164,19.639999389648438,19.639999389648438,683000
2023-08-21,19.6200008392334,19.6200008392334,18.18000030517578,18.649999618530273,18.649999618530273,740500
2023-08-22,18.709999084472656,18.809999465942383,18.219999313354492,18.31999969482422,18.31999969482422,2318900
2023-08-23,18.309999465942383,18.530000686645508,18.170000076293945,18.229999542236328,18.229999542236328,439300
2023-08-24,18.280000686645508,18.309999465942383,17.65999984741211,17.979999542236328,17.979999542236328,329800
2023-08-25,18.079999923706055,18.530000686645508,17.229999542236328,17.350000381469727,17.350000381469727,434100
2023-08-28,17.43000030517578,17.920000076293945,17.329999923706055,17.420000076293945,17.420000076293945,336000
2023-08-29,17.309999465942383,17.950000762939453,17.229999542236328,17.549999237060547,17.549999237060547,229500
2023-08-30,17.510000228881836,17.610000610351562,17.270000457763672,17.350000381469727,17.350000381469727,247800
2023-08-31,17.360000610351562,17.610000610351562,17.270000457763672,17.3799991607666,17.3799991607666,379500
2023-09-01,17.639999389648438,17.639999389648438,17.170000076293945,17.280000686645508,17.280000686645508,216100
2023-09-05,17.170000076293945,17.959999084472656,17.100000381469727,17.709999084472656,17.709999084472656,365800
2023-09-06,17.690000534057617,18.229999542236328,17.329999923706055,18.209999084472656,18.209999084472656,324500
2023-09-07,18.399999618530273,18.399999618530273,17.389999389648438,17.530000686645508,17.530000686645508,525200
2023-09-08,17.399999618530273,18.270000457763672,17.399999618530273,18.040000915527344,18.040000915527344,205200
2023-09-11,18.049999237060547,18.489999771118164,17.709999084472656,17.809999465942383,17.809999465942383,224400
2023-09-12,17.729999542236328,17.979999542236328,17.450000762939453,17.790000915527344,17.790000915527344,223100
2023-09-13,17.760000228881836,17.979999542236328,17.31999969482422,17.950000762939453,17.950000762939453,221600
2023-09-14,18.149999618530273,19.450000762939453,18.149999618530273,19.40999984741211,19.40999984741211,449300
2023-09-15,19.469999313354492,19.920000076293945,18.75,18.780000686645508,18.780000686645508,616600
2023-09-18,18.760000228881836,18.760000228881836,18.219999313354492,18.34000015258789,18.34000015258789,319500
2023-09-19,18.290000915527344,19.31999969482422,18.290000915527344,18.65999984741211,18.65999984741211,268300
2023-09-20,18.780000686645508,19.139999389648438,18.43000030517578,18.450000762939453,18.450000762939453,118400
2023-09-21,18.260000228881836,18.34000015258789,17.709999084472656,18.110000610351562,18.110000610351562,255600
2023-09-22,18.040000915527344,18.3700008392334,17.81999969482422,17.8799991607666,17.8799991607666,153500
2023-09-25,17.790000915527344,17.799999237060547,17.43000030517578,17.65999984741211,17.65999984741211,137300
2023-09-26,17.530000686645508,17.579999923706055,16.459999084472656,16.459999084472656,16.459999084472656,177800
2023-09-27,16.610000610351562,16.709999084472656,16.149999618530273,16.459999084472656,16.459999084472656,197900
2023-09-28,16.469999313354492,16.969999313354492,16.299999237060547,16.940000534057617,16.940000534057617,134800
2023-09-29,17.010000228881836,17.31999969482422,16.719999313354492,16.75,16.75,144700
2023-10-02,16.75,16.8700008392334,15.989999771118164,16.059999465942383,16.059999465942383,106900
2023-10-03,15.899999618530273,15.899999618530273,14.510000228881836,14.729999542236328,14.729999542236328,381300
2023-10-04,14.789999961853027,14.84000015258789,14.149999618530273,14.300000190734863,14.300000190734863,516400
2023-10-05,14.319999694824219,15.029999732971191,14.029999732971191,14.869999885559082,14.869999885559082,241000
2023-10-06,14.710000038146973,14.760000228881836,14.289999961853027,14.350000381469727,14.350000381469727,236700
2023-10-09,14.279999732971191,15.010000228881836,13.949999809265137,14.59000015258789,14.59000015258789,473800
2023-10-10,14.670000076293945,15.199999809265137,14.619999885559082,14.680000305175781,14.680000305175781,394800
2023-10-11,14.630000114440918,14.930000305175781,14.399999618530273,14.5,14.5,315500
2023-10-12,14.65999984741211,14.960000038146973,14.25,14.619999885559082,14.619999885559082,343200
2023-10-13,14.649999618530273,14.949999809265137,14.289999961853027,14.510000228881836,14.510000228881836,434800
2023-10-16,14.430000305175781,14.770000457763672,14.210000038146973,14.220000267028809,14.220000267028809,482800
2023-10-17,14.079999923706055,14.460000038146973,13.979999542236328,14.3100004196167,14.3100004196167,479900
2023-10-18,14.170000076293945,14.720000267028809,13.979999542236328,14.390000343322754,14.390000343322754,387200
2023-10-19,14.479999542236328,14.649999618530273,13.979999542236328,14.069999694824219,14.069999694824219,515700
2023-10-20,14.0600004196167,14.510000228881836,13.979999542236328,14.130000114440918,14.130000114440918,561400
2023-10-23,14.100000381469727,14.460000038146973,13.640000343322754,13.6899995803833,13.6899995803833,468900
2023-10-24,13.779999732971191,14.3100004196167,13.779999732971191,13.960000038146973,13.960000038146973,523300
2023-10-25,13.949999809265137,14.0600004196167,13.619999885559082,13.619999885559082,13.619999885559082,349200
2023-10-26,13.5600004196167,14.050000190734863,13.550000190734863,13.75,13.75,393400
2023-10-27,13.829999923706055,13.829999923706055,13.210000038146973,13.270000457763672,13.270000457763672,377700
2023-10-30,13.449999809265137,13.800000190734863,13.420000076293945,13.609999656677246,13.609999656677246,541400
2023-10-31,13.609999656677246,13.930000305175781,13.569999694824219,13.859999656677246,13.859999656677246,298200
2023-11-01,13.880000114440918,14.039999961853027,13.630000114440918,13.880000114440918,13.880000114440918,396900
2023-11-02,14.09000015258789,14.869999885559082,14.09000015258789,14.8100004196167,14.8100004196167,497400
2023-11-03,15.050000190734863,15.760000228881836,14.949999809265137,15.4399995803833,15.4399995803833,740700
2023-11-06,13.119999885559082,13.699999809265137,10.399999618530273,10.609999656677246,10.609999656677246,3294700
2023-11-07,10.279999732971191,11.15999984741211,9.8100004196167,10.619999885559082,10.619999885559082,3848500
2023-11-08,10.630000114440918,10.90999984741211,10.15999984741211,10.649999618530273,10.649999618530273,3654400
2023-11-09,10.739999771118164,10.75,9.710000038146973,10.09000015258789,10.09000015258789,2250000
2023-11-10,10.180000305175781,10.319999694824219,9.710000038146973,9.979999542236328,9.979999542236328,1388900
2023-11-13,10.0,10.25,9.640000343322754,9.739999771118164,9.739999771118164,1065000
2023-11-14,10.119999885559082,10.5600004196167,9.84000015258789,10.170000076293945,10.170000076293945,1328500
2023-11-15,10.199999809265137,10.579999923706055,10.0,10.010000228881836,10.010000228881836,1440900
2023-11-16,10.039999961853027,10.109999656677246,9.529999732971191,9.680000305175781,9.680000305175781,1452400
2023-11-17,9.880000114440918,10.460000038146973,9.539999961853027,10.430000305175781,10.430000305175781,1744800
2023-11-20,10.430000305175781,10.640000343322754,10.149999618530273,10.609999656677246,10.609999656677246,915000
2023-11-21,10.520000457763672,10.850000381469727,10.329999923706055,10.5600004196167,10.5600004196167,746600
2023-11-22,10.649999618530273,10.8100004196167,10.5,10.579999923706055,10.579999923706055,720800
2023-11-24,10.579999923706055,10.699999809265137,10.470000267028809,10.609999656677246,10.609999656677246,201300
2023-11-27,10.550000190734863,10.8100004196167,10.430000305175781,10.739999771118164,10.739999771118164,730900
2023-11-28,10.670000076293945,10.670000076293945,10.180000305175781,10.25,10.25,678700
2023-11-29,10.399999618530273,10.800000190734863,10.380000114440918,10.630000114440918,10.630000114440918,1721500
2023-11-30,10.529999732971191,10.640000343322754,10.210000038146973,10.470000267028809,10.470000267028809,993900
2023-12-01,10.609999656677246,11.270000457763672,10.260000228881836,11.260000228881836,11.260000228881836,1498000
2023-12-04,11.15999984741211,11.600000381469727,11.119999885559082,11.279999732971191,11.279999732971191,1101000
2023-12-05,11.1899995803833,11.199999809265137,10.90999984741211,11.029999732971191,11.029999732971191,786600
2023-12-06,11.210000038146973,11.65999984741211,11.119999885559082,11.399999618530273,11.399999618530273,1688200
2023-12-07,11.399999618530273,12.489999771118164,11.319999694824219,12.449999809265137,12.449999809265137,1435600
2023-12-08,12.420000076293945,13.15999984741211,12.350000381469727,13.039999961853027,13.039999961853027,1376400
2023-12-11,13.0,13.229999542236328,12.3100004196167,12.6899995803833,12.6899995803833,1002800
2023-12-12,12.699999809265137,12.699999809265137,12.09000015258789,12.229999542236328,12.229999542236328,693000
2023-12-13,12.289999961853027,12.760000228881836,11.710000038146973,12.739999771118164,12.739999771118164,770900
2023-12-14,13.069999694824219,14.039999961853027,13.069999694824219,13.710000038146973,13.710000038146973,975400
2023-12-15,13.829999923706055,14.09000015258789,13.050000190734863,13.3100004196167,13.3100004196167,1528700
2023-12-18,13.399999618530273,13.739999771118164,13.050000190734863,13.3100004196167,13.3100004196167,555700
2023-12-19,13.5,14.020000457763672,13.449999809265137,13.960000038146973,13.960000038146973,566400
2023-12-20,13.890000343322754,14.199999809265137,13.40999984741211,13.670000076293945,13.670000076293945,605200
2023-12-21,13.850000381469727,14.069999694824219,13.65999984741211,14.0600004196167,14.0600004196167,473700
2023-12-22,14.319999694824219,14.319999694824219,13.930000305175781,14.25,14.25,588300
2023-12-26,14.300000190734863,14.90999984741211,14.300000190734863,14.760000228881836,14.760000228881836,712000
2023-12-27,14.800000190734863,15.649999618530273,14.729999542236328,15.079999923706055,15.079999923706055,2042000
2023-12-28,15.119999885559082,16.399999618530273,14.899999618530273,16.079999923706055,16.079999923706055,2761600
2023-12-29,16.0,16.959999084472656,15.880000114440918,16.56999969482422,16.56999969482422,17427400
2024-01-02,16.15999984741211,16.829999923706055,15.649999618530273,15.710000038146973,15.710000038146973,8542400
2024-01-03,15.529999732971191,15.829999923706055,14.069999694824219,14.319999694824219,14.319999694824219,6829500
2024-01-04,14.399999618530273,14.4399995803833,12.569999694824219,13.5,13.5,5325000
2024-01-05,13.369999885559082,13.869999885559082,12.569999694824219,12.640000343322754,12.640000343322754,3567400
2024-01-08,12.640000343322754,13.119999885559082,12.489999771118164,12.770000457763672,12.770000457763672,2669800
2024-01-09,12.25,12.779999732971191,11.899999618530273,12.65999984741211,12.65999984741211,2686600
2024-01-10,12.850000381469727,17.899999618530273,12.850000381469727,16.649999618530273,16.649999618530273,18133800
2024-01-11,16.399999618530273,16.829999923706055,15.859999656677246,16.079999923706055,16.079999923706055,5922800
2024-01-12,16.020000457763672,16.530000686645508,15.770000457763672,16.059999465942383,16.059999465942383,6256700
2024-01-16,16.100000381469727,18.200000762939453,16.010000228881836,17.450000762939453,17.450000762939453,5962100
2024-01-17,16.889999389648438,17.700000762939453,16.8799991607666,17.5,17.5,4096500
2024-01-18,17.6200008392334,17.639999389648438,16.540000915527344,17.219999313354492,17.219999313354492,2715500
2024-01-19,17.219999313354492,17.229999542236328,15.300000190734863,15.380000114440918,15.380000114440918,4666100
2024-01-22,15.460000038146973,15.479999542236328,14.119999885559082,14.569999694824219,14.569999694824219,2811000
2024-01-23,14.779999732971191,15.369999885559082,14.350000381469727,15.109999656677246,15.109999656677246,3057200
2024-01-24,15.25,15.260000228881836,14.170000076293945,14.720000267028809,14.720000267028809,4157600
2024-01-25,14.720000267028809,14.869999885559082,13.960000038146973,13.970000267028809,13.970000267028809,1567700
2024-01-26,14.010000228881836,14.289999961853027,13.739999771118164,13.850000381469727,13.850000381469727,1328600
2024-01-29,13.6899995803833,13.859999656677246,13.479999542236328,13.800000190734863,13.800000190734863,1366400
2024-01-30,13.8100004196167,13.8100004196167,13.300000190734863,13.649999618530273,13.649999618530273,1409900
2024-01-31,13.510000228881836,14.0,13.350000381469727,13.390000343322754,13.390000343322754,1315400
2024-02-01,13.460000038146973,13.770000457763672,13.25,13.449999809265137,13.449999809265137,1067900
2024-02-02,13.1899995803833,13.640000343322754,12.989999771118164,13.40999984741211,13.40999984741211,874900
2024-02-05,13.180000305175781,13.199999809265137,12.65999984741211,13.109999656677246,13.109999656677246,1123000
2024-02-06,13.069999694824219,13.460000038146973,13.0600004196167,13.300000190734863,13.300000190734863,742600
2024-02-07,13.40999984741211,13.619999885559082,13.100000381469727,13.25,13.25,1252700
2024-02-08,13.050000190734863,13.569999694824219,13.050000190734863,13.510000228881836,13.510000228881836,971300
2024-02-09,13.319999694824219,14.210000038146973,13.220000267028809,13.520000457763672,13.520000457763672,1340300
2024-02-12,13.609999656677246,13.760000228881836,12.979999542236328,13.0,13.0,1376300
2024-02-13,12.550000190734863,13.100000381469727,12.260000228881836,12.550000190734863,12.550000190734863,2238700
2024-02-14,12.789999961853027,12.970000267028809,12.539999961853027,12.65999984741211,12.65999984741211,1676600
2024-02-15,12.699999809265137,12.949999809265137,12.369999885559082,12.770000457763672,12.770000457763672,1391300
2024-02-16,12.670000076293945,13.850000381469727,12.399999618530273,13.770000457763672,13.770000457763672,2184300
2024-02-20,13.329999923706055,14.050000190734863,13.329999923706055,13.779999732971191,13.779999732971191,2161100
2024-02-21,13.800000190734863,13.800000190734863,13.329999923706055,13.510000228881836,13.510000228881836,1898200
2024-02-22,13.140000343322754,13.529999732971191,12.899999618530273,13.319999694824219,13.319999694824219,1358700
2024-02-23,13.25,13.40999984741211,12.539999961853027,12.670000076293945,12.670000076293945,1543500
2024-02-26,12.520000457763672,12.970000267028809,12.0600004196167,12.140000343322754,12.140000343322754,2300300
2024-02-27,12.220000267028809,13.180000305175781,12.220000267028809,13.0600004196167,13.0600004196167,2291300
2024-02-28,12.920000076293945,13.260000228881836,12.699999809265137,13.229999542236328,13.229999542236328,1291000
2024-02-29,13.449999809265137,13.630000114440918,13.0,13.109999656677246,13.109999656677246,1954200
2024-03-01,11.930000305175781,13.699999809265137,11.829999923706055,13.220000267028809,13.220000267028809,4167600
2024-03-04,12.869999885559082,13.170000076293945,12.630000114440918,13.050000190734863,13.050000190734863,2680100
2024-03-05,13.0,13.890000343322754,12.8100004196167,13.0,13.0,2238200
2024-03-06,13.09000015258789,13.609999656677246,13.020000457763672,13.5600004196167,13.5600004196167,1650900
2024-03-07,13.539999961853027,13.949999809265137,13.399999618530273,13.920000076293945,13.920000076293945,1427300
2024-03-08,13.949999809265137,14.0,13.210000038146973,13.779999732971191,13.779999732971191,2101700
2024-03-11,13.9399995803833,15.420000076293945,13.90999984741211,15.25,15.25,2514000
2024-03-12,15.029999732971191,15.430000305175781,14.579999923706055,15.239999771118164,15.239999771118164,1517000
2024-03-13,15.489999771118164,15.640000343322754,15.199999809265137,15.460000038146973,15.460000038146973,1326100
2024-03-14,15.3100004196167,15.399999618530273,13.869999885559082,14.130000114440918,14.130000114440918,2481700
2024-03-15,14.109999656677246,14.25,13.4399995803833,13.569999694824219,13.569999694824219,4572300
2024-03-18,13.680000305175781,13.680000305175781,12.65999984741211,12.699999809265137,12.699999809265137,1798000
2024-03-19,12.600000381469727,12.970000267028809,12.449999809265137,12.729999542236328,12.729999542236328,1937900
2024-03-20,12.6899995803833,13.890000343322754,12.359999656677246,13.84000015258789,13.84000015258789,2150400
2024-03-21,13.970000267028809,14.270000457763672,13.520000457763672,14.140000343322754,14.140000343322754,1072700
2024-03-22,14.15999984741211,14.210000038146973,13.479999542236328,13.829999923706055,13.829999923706055,859100
2024-03-25,13.720000267028809,13.989999771118164,13.550000190734863,13.649999618530273,13.649999618530273,858200
2024-03-26,13.739999771118164,13.789999961853027,12.949999809265137,12.949999809265137,12.949999809265137,1303800
2024-03-27,13.0,14.069999694824219,12.739999771118164,14.010000228881836,14.010000228881836,1144500
2024-03-28,14.069999694824219,14.460000038146973,13.920000076293945,14.25,14.25,1347400
2024-04-01,14.25,14.5,13.979999542236328,14.039999961853027,14.039999961853027,1376900
2024-04-02,13.739999771118164,13.829999923706055,13.0,13.039999961853027,13.039999961853027,1836500
2024-04-03,12.699999809265137,13.680000305175781,12.65999984741211,13.59000015258789,13.59000015258789,1657800
2024-04-04,13.890000343322754,13.960000038146973,13.319999694824219,13.510000228881836,13.510000228881836,1493900
2024-04-05,13.1899995803833,13.699999809265137,13.1899995803833,13.300000190734863,13.300000190734863,1175900
2024-04-08,13.59000015258789,13.8100004196167,13.489999771118164,13.640000343322754,13.640000343322754,811600
2024-04-09,13.670000076293945,13.90999984741211,13.569999694824219,13.65999984741211,13.65999984741211,904100
2024-04-10,13.119999885559082,13.520000457763672,13.0,13.430000305175781,13.430000305175781,2018700
2024-04-11,13.449999809265137,14.5,13.319999694824219,14.449999809265137,14.449999809265137,1460700
2024-04-12,14.25,14.289999961853027,13.880000114440918,14.199999809265137,14.199999809265137,1375500
2024-04-15,14.369999885559082,14.550000190734863,13.960000038146973,14.170000076293945,14.170000076293945,1060100
2024-04-16,13.989999771118164,14.039999961853027,13.489999771118164,13.880000114440918,13.880000114440918,1186300
2024-04-17,13.880000114440918,14.449999809265137,13.880000114440918,14.010000228881836,14.010000228881836,1128900
2024-04-18,14.020000457763672,14.670000076293945,14.020000457763672,14.5600004196167,14.5600004196167,1829800
2024-04-19,14.5600004196167,14.829999923706055,13.520000457763672,14.550000190734863,14.550000190734863,1330400
2024-04-22,14.630000114440918,15.270000457763672,14.470000267028809,15.0600004196167,15.0600004196167,1262000
2024-04-23,14.899999618530273,15.460000038146973,14.890000343322754,15.300000190734863,15.300000190734863,1497000
2024-04-24,15.199999809265137,15.970000267028809,15.0600004196167,15.880000114440918,15.880000114440918,1018900
2024-04-25,15.539999961853027,16.110000610351562,15.489999771118164,16.020000457763672,16.020000457763672,1608800
2024-04-26,16.06999969482422,16.540000915527344,15.979999542236328,16.0,16.0,1203800
2024-04-29,15.899999618530273,16.15999984741211,15.430000305175781,16.0,16.0,1437800
2024-04-30,15.819999694824219,16.059999465942383,15.609999656677246,15.989999771118164,15.989999771118164,1127200
2024-05-01,16.030000686645508,16.600000381469727,15.800000190734863,16.1200008392334,16.1200008392334,1606700
2024-05-02,16.190000534057617,17.06999969482422,16.0,16.989999771118164,16.989999771118164,1301900
2024-05-03,17.43000030517578,17.739999771118164,17.260000228881836,17.450000762939453,17.450000762939453,1744800
2024-05-06,17.43000030517578,17.770000457763672,17.389999389648438,17.559999465942383,17.559999465942383,1093500
2024-05-07,17.559999465942383,17.739999771118164,16.979999542236328,17.350000381469727,17.350000381469727,1473700
2024-05-08,15.279999732971191,16.18000030517578,14.6899995803833,15.449999809265137,15.449999809265137,3861500
2024-05-09,15.420000076293945,15.609999656677246,14.399999618530273,15.609999656677246,15.609999656677246,2386900
2024-05-10,15.59000015258789,15.59000015258789,14.8100004196167,15.3100004196167,15.3100004196167,1549600
2024-05-13,15.470000267028809,16.010000228881836,15.359999656677246,15.869999885559082,15.869999885559082,983800
2024-05-14,16.229999542236328,16.809999465942383,15.829999923706055,16.75,16.75,1361200
2024-05-15,17.0,17.600000381469727,16.760000228881836,17.450000762939453,17.450000762939453,1152700
2024-05-16,17.190000534057617,17.510000228881836,17.110000610351562,17.110000610351562,17.110000610351562,1040700
2024-05-17,17.229999542236328,17.59000015258789,16.940000534057617,17.59000015258789,17.59000015258789,1100200
2024-05-20,17.559999465942383,18.700000762939453,17.520000457763672,18.639999389648438,18.639999389648438,2204100
2024-05-21,18.600000381469727,18.700000762939453,17.959999084472656,18.049999237060547,18.049999237060547,1175900
2024-05-22,17.799999237060547,18.389999389648438,17.68000030517578,18.25,18.25,983300
2024-05-23,18.260000228881836,18.459999084472656,17.93000030517578,18.190000534057617,18.190000534057617,1339600
2024-05-24,18.34000015258789,18.760000228881836,18.040000915527344,18.489999771118164,18.489999771118164,1191600
2024-05-28,18.559999465942383,18.760000228881836,18.350000381469727,18.459999084472656,18.459999084472656,1199800
2024-05-29,18.350000381469727,18.479999542236328,17.8700008392334,18.100000381469727,18.100000381469727,1428500
2024-05-30,17.850000381469727,18.639999389648438,17.65999984741211,18.5,18.5,1075000
2024-05-31,18.690000534057617,19.479999542236328,18.65999984741211,19.200000762939453,19.200000762939453,1882300
2024-06-03,19.440000534057617,19.670000076293945,19.149999618530273,19.190000534057617,19.190000534057617,1631500
2024-06-04,19.0,19.469999313354492,18.739999771118164,19.34000015258789,19.34000015258789,1019800
2024-06-05,19.469999313354492,19.989999771118164,19.190000534057617,19.84000015258789,19.84000015258789,1244200
2024-06-06,19.6200008392334,19.950000762939453,19.149999618530273,19.299999237060547,19.299999237060547,965600
2024-06-07,18.920000076293945,19.1299991607666,18.65999984741211,18.809999465942383,18.809999465942383,926600
2024-06-10,18.549999237060547,18.649999618530273,17.350000381469727,17.829999923706055,17.829999923706055,1393800
2024-06-11,17.649999618530273,18.18000030517578,17.440000534057617,17.860000610351562,17.860000610351562,1363000
2024-06-12,18.530000686645508,19.030000686645508,18.489999771118164,18.68000030517578,18.68000030517578,962900
2024-06-13,18.530000686645508,18.719999313354492,18.219999313354492,18.219999313354492,18.219999313354492,702000
2024-06-14,17.899999618530273,18.010000228881836,17.389999389648438,17.440000534057617,17.440000534057617,901500
2024-06-17,17.299999237060547,17.850000381469727,16.979999542236328,17.56999969482422,17.56999969482422,874300
2024-06-18,17.510000228881836,17.809999465942383,16.989999771118164,17.040000915527344,17.040000915527344,1255800
2024-06-20,16.899999618530273,17.31999969482422,16.81999969482422,17.209999084472656,17.209999084472656,1123900
2024-06-21,17.149999618530273,17.34000015258789,17.010000228881836,17.200000762939453,17.200000762939453,3702000
2024-06-24,17.360000610351562,17.700000762939453,17.170000076293945,17.540000915527344,17.540000915527344,895500
2024-06-25,17.469999313354492,17.469999313354492,17.110000610351562,17.15999984741211,17.15999984741211,655800
2024-06-26,17.0,17.790000915527344,16.969999313354492,17.579999923706055,17.579999923706055,1099500
2024-06-27,17.350000381469727,17.889999389648438,17.25,17.780000686645508,17.780000686645508,767300
2024-06-28,17.8799991607666,18.25,17.549999237060547,17.809999465942383,17.809999465942383,1396800
2024-07-01,17.780000686645508,17.8700008392334,17.43000030517578,17.709999084472656,17.709999084472656,706900
2024-07-02,17.739999771118164,18.299999237060547,17.729999542236328,18.1299991607666,18.1299991607666,741800
2024-07-03,18.34000015258789,18.530000686645508,18.190000534057617,18.389999389648438,18.389999389648438,469200
2024-07-05,18.479999542236328,18.860000610351562,18.350000381469727,18.530000686645508,18.530000686645508,761400
2024-07-08,18.600000381469727,18.8700008392334,18.420000076293945,18.549999237060547,18.549999237060547,846300
2024-07-09,18.520000457763672,18.670000076293945,17.700000762939453,17.75,17.75,939300
2024-07-10,17.84000015258789,17.90999984741211,17.5,17.84000015258789,17.84000015258789,570900
2024-07-11,18.270000457763672,18.969999313354492,17.90999984741211,18.940000534057617,18.940000534057617,1187100
2024-07-12,18.829999923706055,19.700000762939453,18.829999923706055,19.600000381469727,19.600000381469727,961500
2024-07-15,19.729999542236328,20.389999389648438,19.549999237060547,19.93000030517578,19.93000030517578,1283000
2024-07-16,20.31999969482422,20.489999771118164,20.079999923706055,20.270000457763672,20.270000457763672,1019800
2024-07-17,20.020000457763672,20.739999771118164,19.979999542236328,20.329999923706055,20.329999923706055,1033000
2024-07-18,20.450000762939453,20.860000610351562,19.84000015258789,19.93000030517578,19.93000030517578,817900
2024-07-19,19.959999084472656,20.09000015258789,19.280000686645508,19.299999237060547,19.299999237060547,928100
2024-07-22,19.329999923706055,19.670000076293945,19.100000381469727,19.440000534057617,19.440000534057617,1121400
2024-07-23,19.40999984741211,19.829999923706055,19.239999771118164,19.799999237060547,19.799999237060547,1223300
2024-07-24,19.700000762939453,20.100000381469727,19.299999237060547,19.469999313354492,19.469999313354492,579800
2024-07-25,19.290000915527344,20.3799991607666,19.290000915527344,19.65999984741211,19.65999984741211,1418700
2024-07-26,20.18000030517578,20.649999618530273,20.0,20.309999465942383,20.309999465942383,874300
2024-07-29,20.34000015258789,20.549999237060547,19.450000762939453,19.6299991607666,19.6299991607666,549000
2024-07-30,19.56999969482422,20.020000457763672,19.450000762939453,19.639999389648438,19.639999389648438,751400
2024-07-31,19.799999237060547,20.530000686645508,19.459999084472656,20.079999923706055,20.079999923706055,1020000
2024-08-01,20.190000534057617,20.209999084472656,19.280000686645508,19.950000762939453,19.950000762939453,859200
2024-08-02,19.290000915527344,20.270000457763672,19.09000015258789,19.5,19.5,914100
2024-08-05,18.139999389648438,18.489999771118164,17.219999313354492,18.079999923706055,18.079999923706055,2101200
2024-08-06,18.190000534057617,19.15999984741211,18.15999984741211,18.940000534057617,18.940000534057617,1331500
2024-08-07,19.3700008392334,20.010000228881836,19.049999237060547,19.459999084472656,19.459999084472656,1328100
2024-08-08,19.399999618530273,20.1299991607666,19.3799991607666,20.079999923706055,20.079999923706055,1111000
2024-08-09,18.6299991607666,19.399999618530273,16.700000762939453,16.760000228881836,16.760000228881836,3285200
2024-08-12,16.010000228881836,16.1299991607666,14.789999961853027,15.5,15.5,2787800
2024-08-13,15.470000267028809,17.469999313354492,15.3100004196167,17.450000762939453,17.450000762939453,2024800
2024-08-14,17.59000015258789,17.639999389648438,16.790000915527344,17.389999389648438,17.389999389648438,938200
2024-08-15,17.780000686645508,18.059999465942383,17.68000030517578,17.809999465942383,17.809999465942383,890700
2024-08-16,17.790000915527344,18.110000610351562,17.520000457763672,17.950000762939453,17.950000762939453,743700
2024-08-19,17.950000762939453,18.110000610351562,17.510000228881836,17.719999313354492,17.719999313354492,858800
2024-08-20,17.610000610351562,18.09000015258789,17.450000762939453,17.860000610351562,17.860000610351562,609900
2024-08-21,18.06999969482422,18.540000915527344,17.739999771118164,18.479999542236328,18.479999542236328,979200
2024-08-22,18.549999237060547,18.739999771118164,18.229999542236328,18.670000076293945,18.670000076293945,685500
2024-08-23,18.979999542236328,19.709999084472656,18.809999465942383,19.520000457763672,19.520000457763672,1100300
2024-08-26,19.600000381469727,19.969999313354492,19.510000228881836,19.8799991607666,19.8799991607666,909300
2024-08-27,19.8700008392334,20.200000762939453,19.450000762939453,19.56999969482422,19.56999969482422,1236400
2024-08-28,19.299999237060547,19.860000610351562,19.040000915527344,19.1299991607666,19.1299991607666,742900
2024-08-29,19.3799991607666,19.3799991607666,18.360000610351562,18.360000610351562,18.360000610351562,867200
2024-08-30,18.459999084472656,18.600000381469727,18.1299991607666,18.540000915527344,18.540000915527344,864100
2024-09-03,18.350000381469727,18.530000686645508,17.729999542236328,18.09000015258789,18.09000015258789,885100
2024-09-04,18.31999969482422,18.440000534057617,18.0,18.40999984741211,18.40999984741211,666500
2024-09-05,18.510000228881836,22.3700008392334,18.489999771118164,22.280000686645508,22.280000686645508,3806400
2024-09-06,22.100000381469727,23.049999237060547,22.100000381469727,22.399999618530273,22.399999618530273,2980300
2024-09-09,22.34000015258789,22.420000076293945,21.239999771118164,21.65999984741211,21.65999984741211,2009500
2024-09-10,21.690000534057617,21.780000686645508,20.760000228881836,21.5,21.5,1562800
2024-09-11,21.5,22.989999771118164,21.15999984741211,21.889999389648438,21.889999389648438,1783100
2024-09-12,21.950000762939453,22.649999618530273,21.84000015258789,22.270000457763672,22.270000457763672,1022800
2024-09-13,22.770000457763672,24.399999618530273,22.350000381469727,24.270000457763672,24.270000457763672,1914700
2024-09-16,25.260000228881836,27.049999237060547,25.170000076293945,26.440000534057617,26.440000534057617,3169100
2024-09-17,26.43000030517578,27.149999618530273,25.389999389648438,25.90999984741211,25.90999984741211,1436400
2024-09-18,26.1200008392334,26.579999923706055,25.190000534057617,25.709999084472656,25.709999084472656,1327900
2024-09-19,26.420000076293945,26.459999084472656,25.639999389648438,25.90999984741211,25.90999984741211,1092300
2024-09-20,25.729999542236328,27.09000015258789,25.6299991607666,26.040000915527344,26.040000915527344,3604200
2024-09-23,27.0,27.0,25.329999923706055,26.170000076293945,26.170000076293945,1969900
2024-09-24,26.209999084472656,26.649999618530273,24.65999984741211,25.329999923706055,25.329999923706055,1408200
2024-09-25,25.25,26.440000534057617,25.079999923706055,25.700000762939453,25.700000762939453,1135300
2024-09-26,25.950000762939453,26.010000228881836,25.459999084472656,25.760000228881836,25.760000228881836,676400
2024-09-27,27.0,30.079999923706055,26.780000686645508,28.040000915527344,28.040000915527344,3401600
2024-09-30,27.8700008392334,28.0,22.43000030517578,24.81999969482422,24.81999969482422,7180300
2024-10-01,24.15999984741211,24.459999084472656,22.899999618530273,24.09000015258789,24.09000015258789,3921700
2024-10-02,24.0,24.850000381469727,23.850000381469727,24.360000610351562,24.360000610351562,2118600
2024-10-03,24.09000015258789,24.270000457763672,23.5,23.670000076293945,23.670000076293945,2111500
2024-10-04,23.719999313354492,23.860000610351562,23.0,23.290000915527344,23.290000915527344,1553500
2024-10-07,23.219999313354492,24.079999923706055,23.010000228881836,24.010000228881836,24.010000228881836,1883200
2024-10-08,24.190000534057617,25.81999969482422,24.040000915527344,25.389999389648438,25.389999389648438,2116200
2024-10-09,25.389999389648438,26.350000381469727,25.110000610351562,26.170000076293945,26.170000076293945,1812100
2024-10-10,26.059999465942383,26.299999237060547,25.1299991607666,25.479999542236328,25.479999542236328,1729200
2024-10-11,25.489999771118164,26.010000228881836,24.40999984741211,24.950000762939453,24.950000762939453,2110800
2024-10-14,24.969999313354492,25.56999969482422,24.610000610351562,25.15999984741211,25.15999984741211,880800
2024-10-15,25.280000686645508,26.010000228881836,24.950000762939453,25.790000915527344,25.790000915527344,1687700
2024-10-16,25.84000015258789,26.5,25.549999237060547,25.709999084472656,25.709999084472656,1549400
2024-10-17,25.549999237060547,26.049999237060547,25.399999618530273,25.540000915527344,25.540000915527344,1418200
2024-10-18,25.559999465942383,26.020000457763672,25.299999237060547,25.3799991607666,25.3799991607666,1177300
2024-10-21,25.270000457763672,25.6200008392334,24.459999084472656,24.610000610351562,24.610000610351562,1341100
2024-10-22,24.6200008392334,24.940000534057617,24.299999237060547,24.8799991607666,24.8799991607666,718800
2024-10-23,24.860000610351562,25.3700008392334,24.700000762939453,25.1200008392334,25.1200008392334,1027500
2024-10-24,25.34000015258789,25.68000030517578,24.829999923706055,24.950000762939453,24.950000762939453,790500
2024-10-25,24.959999084472656,25.489999771118164,24.90999984741211,25.1299991607666,25.1299991607666,887100
2024-10-28,25.549999237060547,25.920000076293945,25.260000228881836,25.280000686645508,25.280000686645508,994200
2024-10-29,24.850000381469727,25.3700008392334,24.690000534057617,25.219999313354492,25.219999313354492,1213400
2024-10-30,25.1200008392334,25.729999542236328,25.049999237060547,25.18000030517578,25.18000030517578,745200
2024-10-31,25.389999389648438,25.43000030517578,24.610000610351562,25.059999465942383,25.059999465942383,1249300
2024-11-01,25.25,25.90999984741211,24.530000686645508,24.68000030517578,24.68000030517578,1292400
2024-11-04,25.079999923706055,25.290000915527344,24.079999923706055,24.270000457763672,24.270000457763672,1004300
2024-11-05,24.229999542236328,25.020000457763672,24.149999618530273,24.610000610351562,24.610000610351562,936400
2024-11-06,25.899999618530273,27.290000915527344,25.440000534057617,27.170000076293945,27.170000076293945,2536700
2024-11-07,27.309999465942383,27.31999969482422,26.020000457763672,26.06999969482422,26.06999969482422,1506000
2024-11-08,26.079999923706055,26.219999313354492,25.450000762939453,25.809999465942383,25.809999465942383,1257800
