Date,Open,High,Low,Close,Adj Close,Volume
2016-12-08,396000.0,409200.0,384000.0,391680.0,391680.0,8
2016-12-09,386400.0,407040.0,384000.0,384000.0,384000.0,1
2016-12-12,398400.0,398400.0,384000.0,384000.0,384000.0,0
2016-12-13,384000.0,398400.0,357120.0,384000.0,384000.0,1
2016-12-14,386400.0,386400.0,384000.0,384000.0,384000.0,4
2016-12-15,394560.0,394560.0,384000.0,384000.0,384000.0,1
2016-12-16,391200.0,391200.0,384000.0,384000.0,384000.0,0
2016-12-19,391200.0,393600.0,384240.0,388800.0,388800.0,0
2016-12-20,391200.0,391200.0,385056.0,390624.0,390624.0,0
2016-12-21,387840.0,387840.0,384000.0,385920.0,385920.0,0
2016-12-22,384000.0,384960.0,384000.0,384816.0,384816.0,1
2016-12-23,388800.0,398400.0,385920.0,393120.0,393120.0,1
2016-12-27,431040.0,431040.0,389280.0,396000.0,396000.0,1
2016-12-28,406560.0,414720.0,384000.0,384000.0,384000.0,2
2016-12-29,390240.0,403200.0,386880.0,391200.0,391200.0,2
2016-12-30,393600.0,402240.0,387360.0,391200.0,391200.0,0
2017-01-03,405600.0,408384.0,384960.0,384960.0,384960.0,2
2017-01-04,407040.0,407040.0,391680.0,395040.0,395040.0,0
2017-01-05,397920.0,408000.0,392640.0,395520.0,395520.0,1
2017-01-06,405120.0,405120.0,384000.0,391680.0,391680.0,1
2017-01-09,386400.0,395520.0,366240.0,375840.0,375840.0,2
2017-01-10,394080.0,394080.0,354240.0,378720.0,378720.0,1
2017-01-11,384480.0,395040.0,369600.0,388800.0,388800.0,0
2017-01-12,393600.0,395040.0,384480.0,387360.0,387360.0,1
2017-01-13,390720.0,457920.0,386640.0,450240.0,450240.0,1
2017-01-17,485760.0,512880.0,451200.0,468000.0,468000.0,1
2017-01-18,468000.0,507600.0,448800.0,473760.0,473760.0,1
2017-01-19,472800.0,472800.0,403296.0,451200.0,451200.0,0
2017-01-20,444000.0,444000.0,413280.0,423120.0,423120.0,0
2017-01-23,374400.0,402720.0,339120.0,360000.0,360000.0,5
2017-01-24,381120.0,381120.0,347040.0,354240.0,354240.0,3
2017-01-25,373440.0,378720.0,346080.0,346560.0,346560.0,1
2017-01-26,356160.0,368400.0,338400.0,342240.0,342240.0,1
2017-01-27,359040.0,375936.0,350400.0,359520.0,359520.0,1
2017-01-30,356640.0,374016.0,351360.0,362880.0,362880.0,1
2017-01-31,378720.0,392352.0,359328.0,371520.0,371520.0,0
2017-02-01,431520.0,431520.0,384960.0,390960.0,390960.0,0
2017-02-02,407520.0,415200.0,395040.0,398400.0,398400.0,1
2017-02-03,431520.0,431520.0,406560.0,408000.0,408000.0,0
2017-02-06,426720.0,426720.0,405600.0,406080.0,406080.0,1
2017-02-07,412800.0,420960.0,408000.0,412800.0,412800.0,0
2017-02-08,408480.0,415200.0,408000.0,411360.0,411360.0,0
2017-02-09,416160.0,416160.0,405600.0,405600.0,405600.0,0
2017-02-10,407520.0,430080.0,407520.0,407520.0,407520.0,0
2017-02-13,410400.0,419040.0,400800.0,400800.0,400800.0,0
2017-02-14,437280.0,437280.0,384000.0,391200.0,391200.0,0
2017-02-15,399840.0,408000.0,391200.0,391200.0,391200.0,0
2017-02-16,401760.0,407520.0,384000.0,384000.0,384000.0,0
2017-02-17,404640.0,408000.0,386880.0,386880.0,386880.0,0
2017-02-21,392160.0,396000.0,388800.0,388800.0,388800.0,0
2017-02-22,403200.0,407040.0,389280.0,392160.0,392160.0,0
2017-02-23,394320.0,402960.0,387840.0,387840.0,387840.0,0
2017-02-24,397920.0,403200.0,389280.0,389280.0,389280.0,0
2017-02-27,394080.0,396000.0,389280.0,389760.0,389760.0,0
2017-02-28,389712.0,402144.0,389280.0,389280.0,389280.0,0
2017-03-01,393120.0,407520.0,393120.0,402720.0,402720.0,0
2017-03-02,397440.0,403200.0,396480.0,396480.0,396480.0,0
2017-03-03,432000.0,432000.0,408000.0,408000.0,408000.0,0
2017-03-06,408480.0,433920.0,396000.0,425760.0,425760.0,0
2017-03-07,431520.0,460800.0,403200.0,410880.0,410880.0,0
2017-03-08,458352.0,458352.0,408000.0,408000.0,408000.0,1
2017-03-09,422400.0,437616.0,398880.0,399360.0,399360.0,0
2017-03-10,408000.0,413280.0,404640.0,405120.0,405120.0,0
2017-03-13,428160.0,441600.0,408480.0,417600.0,417600.0,1
2017-03-14,425280.0,449280.0,417120.0,440640.0,440640.0,0
2017-03-15,442080.0,453120.0,432480.0,432480.0,432480.0,1
2017-03-16,435504.0,454080.0,412800.0,425280.0,425280.0,0
2017-03-17,434400.0,440160.0,396960.0,398400.0,398400.0,1
2017-03-20,403200.0,447648.0,395520.0,407520.0,407520.0,1
2017-03-21,416160.0,425760.0,396000.0,396480.0,396480.0,1
2017-03-22,399360.0,399360.0,359040.0,385920.0,385920.0,1
2017-03-23,388800.0,406560.0,384480.0,406560.0,406560.0,0
2017-03-24,404160.0,406560.0,377568.0,397440.0,397440.0,1
2017-03-27,391680.0,406080.0,391680.0,400800.0,400800.0,0
2017-03-28,398400.0,406080.0,380640.0,393600.0,393600.0,0
2017-03-29,385920.0,397920.0,385920.0,393600.0,393600.0,0
2017-03-30,390240.0,427536.0,384480.0,384480.0,384480.0,0
2017-03-31,408000.0,408000.0,378720.0,379680.0,379680.0,2
2017-04-03,376800.0,421104.0,376800.0,384000.0,384000.0,1
2017-04-04,388800.0,392640.0,383040.0,383040.0,383040.0,0
2017-04-05,383520.0,385968.0,375360.0,383520.0,383520.0,0
2017-04-06,378240.0,384000.0,374880.0,380160.0,380160.0,0
2017-04-07,378480.0,386880.0,378480.0,383520.0,383520.0,0
2017-04-10,390720.0,408000.0,376800.0,376800.0,376800.0,0
2017-04-11,390240.0,391200.0,380688.0,381600.0,381600.0,0
2017-04-12,395232.0,395232.0,380640.0,387840.0,387840.0,0
2017-04-13,384000.0,384000.0,379200.0,384000.0,384000.0,0
2017-04-17,393600.0,393600.0,385440.0,386400.0,386400.0,0
2017-04-18,392640.0,393600.0,378144.0,384000.0,384000.0,0
2017-04-19,384000.0,388800.0,369600.0,369600.0,369600.0,0
2017-04-20,374400.0,384000.0,363360.0,366720.0,366720.0,0
2017-04-21,372000.0,376320.0,360960.0,366720.0,366720.0,0
2017-04-24,366240.0,381600.0,359520.0,361536.0,361536.0,0
2017-04-25,384000.0,384000.0,367680.0,367680.0,367680.0,0
2017-04-26,357936.0,364176.0,353760.0,353760.0,353760.0,0
2017-04-27,358080.0,364272.0,349920.0,349920.0,349920.0,1
2017-04-28,343200.0,355200.0,336000.0,343200.0,343200.0,1
2017-05-01,347040.0,383520.0,335040.0,339360.0,339360.0,0
2017-05-02,335040.0,342720.0,327360.0,327360.0,327360.0,1
2017-05-03,327360.0,327360.0,311040.0,312480.0,312480.0,1
2017-05-04,312480.0,315840.0,307680.0,315840.0,315840.0,1
2017-05-05,316320.0,355200.0,312000.0,355200.0,355200.0,0
2017-05-08,337920.0,351792.0,321120.0,325440.0,325440.0,1
2017-05-09,324000.0,335904.0,312480.0,318720.0,318720.0,0
2017-05-10,347520.0,347520.0,321120.0,335040.0,335040.0,0
2017-05-11,335040.0,348000.0,322080.0,330720.0,330720.0,0
2017-05-12,348000.0,353760.0,332640.0,353760.0,353760.0,0
2017-05-15,354240.0,373968.0,351840.0,372000.0,372000.0,0
2017-05-16,372000.0,383520.0,372000.0,383520.0,383520.0,0
2017-05-17,369888.0,369888.0,339840.0,339840.0,339840.0,0
2017-05-18,354720.0,382128.0,327360.0,327840.0,327840.0,0
2017-05-19,340320.0,344352.0,335520.0,335520.0,335520.0,0
2017-05-22,340320.0,343200.0,328320.0,337920.0,337920.0,0
2017-05-23,329328.0,340800.0,329328.0,334080.0,334080.0,0
2017-05-24,331200.0,340800.0,331200.0,338400.0,338400.0,0
2017-05-25,337056.0,337056.0,328320.0,328320.0,328320.0,0
2017-05-26,328320.0,337632.0,312000.0,312480.0,312480.0,0
2017-05-30,325920.0,325920.0,288960.0,288960.0,288960.0,0
2017-05-31,299040.0,310368.0,281280.0,292800.0,292800.0,0
2017-06-01,318720.0,318720.0,290400.0,291360.0,291360.0,0
2017-06-02,292800.0,295680.0,264480.0,283680.0,283680.0,1
2017-06-05,287520.0,288000.0,240000.0,240000.0,240000.0,1
2017-06-06,240480.0,245616.0,232800.0,234240.0,234240.0,0
2017-06-07,234432.0,264000.0,234432.0,264000.0,264000.0,1
2017-06-08,276000.0,280320.0,256800.0,269280.0,269280.0,1
2017-06-09,286560.0,286560.0,271200.0,273600.0,273600.0,0
2017-06-12,280800.0,311520.0,271200.0,296640.0,296640.0,0
2017-06-13,312000.0,312000.0,296640.0,298080.0,298080.0,0
2017-06-14,299520.0,299520.0,283200.0,287520.0,287520.0,0
2017-06-15,283200.0,284400.0,269280.0,270960.0,270960.0,0
2017-06-16,269760.0,300000.0,269760.0,297120.0,297120.0,0
2017-06-19,300000.0,300000.0,285600.0,287808.0,287808.0,0
2017-06-20,307200.0,307200.0,285600.0,288000.0,288000.0,0
2017-06-21,291360.0,291360.0,270720.0,285600.0,285600.0,0
2017-06-22,292560.0,300000.0,280800.0,290400.0,290400.0,1
2017-06-23,293280.0,304320.0,292800.0,304320.0,304320.0,1
2017-06-26,307200.0,307200.0,286080.0,290400.0,290400.0,0
2017-06-27,297120.0,297600.0,293376.0,293376.0,293376.0,0
2017-06-28,288480.0,289440.0,280800.0,281280.0,281280.0,0
2017-06-29,283200.0,299520.0,281376.0,282240.0,282240.0,0
2017-06-30,283200.0,286080.0,273072.0,273600.0,273600.0,1
2017-07-03,286080.0,288000.0,268704.0,268704.0,268704.0,1
2017-07-05,273120.0,293856.0,250560.0,250560.0,250560.0,1
2017-07-06,248160.0,256032.0,245280.0,245280.0,245280.0,0
2017-07-07,245760.0,259200.0,241920.0,259200.0,259200.0,1
2017-07-10,276000.0,282240.0,257760.0,264480.0,264480.0,1
2017-07-11,273216.0,273216.0,249120.0,255840.0,255840.0,0
2017-07-12,256800.0,267360.0,250080.0,257760.0,257760.0,1
2017-07-13,254400.0,264960.0,243600.0,243600.0,243600.0,1
2017-07-14,255840.0,255840.0,243360.0,245760.0,245760.0,0
2017-07-17,247200.0,247200.0,227664.0,237600.0,237600.0,1
2017-07-18,242400.0,242400.0,207072.0,214080.0,214080.0,1
2017-07-19,216000.0,216000.0,198720.0,199680.0,199680.0,0
2017-07-20,199200.0,205440.0,186336.0,199200.0,199200.0,0
2017-07-21,203520.0,205584.0,192000.0,200640.0,200640.0,1
2017-07-24,201600.0,201600.0,168480.0,175392.0,175392.0,1
2017-07-25,170880.0,172320.0,125760.0,134400.0,134400.0,6
2017-07-26,147360.0,163680.0,141312.0,150720.0,150720.0,3
2017-07-27,165600.0,165600.0,141600.0,144000.0,144000.0,3
2017-07-28,150720.0,161088.0,150720.0,155040.0,155040.0,1
2017-07-31,160800.0,173280.0,156960.0,164640.0,164640.0,1
2017-08-01,170400.0,170400.0,155520.0,158880.0,158880.0,0
2017-08-02,165600.0,165600.0,148320.0,148320.0,148320.0,0
2017-08-03,147840.0,159360.0,147840.0,148800.0,148800.0,0
2017-08-04,149280.0,153792.0,148800.0,148800.0,148800.0,1
2017-08-07,158400.0,158400.0,146880.0,146880.0,146880.0,1
2017-08-08,151344.0,151344.0,147360.0,150240.0,150240.0,0
2017-08-09,147360.0,150672.0,134400.0,147840.0,147840.0,1
2017-08-10,144480.0,144480.0,127200.0,131520.0,131520.0,1
2017-08-11,124800.0,137328.0,119040.0,131520.0,131520.0,1
2017-08-14,127200.0,129120.0,119040.0,129120.0,129120.0,1
2017-08-15,129360.0,132480.0,120480.0,132480.0,132480.0,1
2017-08-16,131520.0,137184.0,131088.0,136320.0,136320.0,1
2017-08-17,136320.0,138720.0,129600.0,133440.0,133440.0,1
2017-08-18,134400.0,134400.0,97440.0,121920.0,121920.0,7
2017-08-21,123840.0,123840.0,112800.0,118080.0,118080.0,1
2017-08-22,115200.0,118560.0,110880.0,113280.0,113280.0,1
2017-08-23,111600.0,115200.0,110880.0,113280.0,113280.0,0
2017-08-24,113760.0,116640.0,110400.0,112800.0,112800.0,1
2017-08-25,112800.0,112800.0,108480.0,109920.0,109920.0,0
2017-08-28,108480.0,111840.0,105600.0,106560.0,106560.0,1
2017-08-29,106560.0,112800.0,105600.0,110400.0,110400.0,0
2017-08-30,108000.0,112320.0,105600.0,109920.0,109920.0,0
2017-08-31,112320.0,114720.0,106080.0,109920.0,109920.0,2
2017-09-01,110784.0,112800.0,110784.0,112320.0,112320.0,0
2017-09-05,110880.0,117600.0,105600.0,107520.0,107520.0,2
2017-09-06,106800.0,111600.0,104640.0,107520.0,107520.0,1
2017-09-07,107520.0,108000.0,104880.0,107520.0,107520.0,0
2017-09-08,105600.0,107040.0,101520.0,103680.0,103680.0,0
2017-09-11,106080.0,108000.0,103680.0,105120.0,105120.0,1
2017-09-12,103200.0,104160.0,99360.0,99840.0,99840.0,1
2017-09-13,98400.0,104160.0,96960.0,98400.0,98400.0,1
2017-09-14,102720.0,110880.0,100800.0,100800.0,100800.0,2
2017-09-15,101280.0,103200.0,87840.0,87840.0,87840.0,2
2017-09-18,91680.0,93120.0,73920.0,73920.0,73920.0,4
2017-09-19,84000.0,90528.0,77760.0,84480.0,84480.0,4
2017-09-20,88800.0,90000.0,79200.0,82080.0,82080.0,1
2017-09-21,87360.0,88800.0,81600.0,86880.0,86880.0,1
2017-09-22,86400.0,89760.0,85440.0,89760.0,89760.0,0
2017-09-25,89280.0,95520.0,79200.0,79200.0,79200.0,1
2017-09-26,80160.0,83952.0,80160.0,81600.0,81600.0,1
2017-09-27,82080.0,83040.0,80640.0,80640.0,80640.0,1
2017-09-28,81600.0,88800.0,80160.0,87840.0,87840.0,1
2017-09-29,88320.0,95520.0,84720.0,88800.0,88800.0,1
2017-10-02,91200.0,110784.0,91200.0,102720.0,102720.0,2
2017-10-03,104160.0,106752.0,92160.0,94560.0,94560.0,1
2017-10-04,96000.0,99312.0,95040.0,96000.0,96000.0,1
2017-10-05,98352.0,98352.0,89280.0,91680.0,91680.0,1
2017-10-06,91680.0,93120.0,81648.0,88320.0,88320.0,2
2017-10-09,90720.0,90720.0,81600.0,84000.0,84000.0,1
2017-10-10,86736.0,86736.0,80640.0,84480.0,84480.0,1
2017-10-11,85920.0,88176.0,80640.0,80640.0,80640.0,1
2017-10-12,79680.0,82560.0,76800.0,76800.0,76800.0,0
2017-10-13,76800.0,89760.0,75840.0,77280.0,77280.0,1
2017-10-16,83520.0,98880.0,79680.0,88800.0,88800.0,2
2017-10-17,90720.0,90720.0,79680.0,80160.0,80160.0,1
2017-10-18,81600.0,81600.0,72960.0,78720.0,78720.0,1
2017-10-19,79200.0,79200.0,73008.0,75360.0,75360.0,1
2017-10-20,75840.0,79680.0,72000.0,76800.0,76800.0,1
2017-10-23,77760.0,166560.0,77760.0,140160.0,140160.0,269
2017-10-24,135360.0,144000.0,113760.0,124800.0,124800.0,41
2017-10-25,121920.0,144000.0,120000.0,143040.0,143040.0,24
2017-10-26,140640.0,156000.0,124800.0,128160.0,128160.0,23
2017-10-27,128640.0,130080.0,116160.0,127200.0,127200.0,5
2017-10-30,131040.0,131040.0,115680.0,129600.0,129600.0,4
2017-10-31,127200.0,128880.0,125280.0,128640.0,128640.0,2
2017-11-01,130560.0,136320.0,125760.0,133920.0,133920.0,3
2017-11-02,132480.0,137232.0,126240.0,132480.0,132480.0,2
2017-11-03,131520.0,148800.0,125328.0,138720.0,138720.0,9
2017-11-06,142080.0,142080.0,127200.0,130560.0,130560.0,2
2017-11-07,132000.0,138240.0,117120.0,119040.0,119040.0,4
2017-11-08,118080.0,185760.0,100800.0,134400.0,134400.0,24
2017-11-09,103680.0,103680.0,89280.0,97440.0,97440.0,8
2017-11-10,98400.0,98400.0,90720.0,93600.0,93600.0,3
2017-11-13,96000.0,96000.0,83040.0,84960.0,84960.0,3
2017-11-14,84480.0,84480.0,77280.0,80160.0,80160.0,2
2017-11-15,80160.0,80160.0,73920.0,76320.0,76320.0,3
2017-11-16,77760.0,80640.0,64800.0,65280.0,65280.0,13
2017-11-17,43680.0,44640.0,41328.0,41328.0,41328.0,68
2017-11-20,42240.0,43680.0,38880.0,43440.0,43440.0,30
2017-11-21,43200.0,43440.0,41760.0,42720.0,42720.0,22
2017-11-22,43200.0,43344.0,41280.0,42240.0,42240.0,12
2017-11-24,42720.0,43200.0,42240.0,43200.0,43200.0,6
2017-11-27,42768.0,43680.0,41232.0,43104.0,43104.0,5
2017-11-28,43200.0,43200.0,41760.0,42240.0,42240.0,2
2017-11-29,42720.0,43200.0,41760.0,41760.0,41760.0,2
2017-11-30,44160.0,44160.0,42240.0,42432.0,42432.0,5
2017-12-01,43152.0,43680.0,39360.0,39360.0,39360.0,19
2017-12-04,40656.0,40800.0,36480.0,36816.0,36816.0,7
2017-12-05,37920.0,38016.0,36144.0,37296.0,37296.0,2
2017-12-06,37296.0,37824.0,36000.0,36288.0,36288.0,3
2017-12-07,36480.0,36576.0,34080.0,35712.0,35712.0,4
2017-12-08,36000.0,36000.0,34176.0,35952.0,35952.0,1
2017-12-11,36000.0,36048.0,34560.0,34992.0,34992.0,5
2017-12-12,34080.0,34800.0,33888.0,34464.0,34464.0,2
2017-12-13,34464.0,34464.0,29952.0,31200.0,31200.0,6
2017-12-14,31200.0,33072.0,31200.0,31680.0,31680.0,1
2017-12-15,32064.0,33072.0,31680.0,32304.0,32304.0,2
2017-12-18,31680.0,33600.0,31200.0,32160.0,32160.0,2
2017-12-19,33120.0,33792.0,31680.0,32640.0,32640.0,2
2017-12-20,32160.0,33600.0,31920.0,33120.0,33120.0,1
2017-12-21,32640.0,32640.0,30864.0,32400.0,32400.0,7
2017-12-22,32400.0,32400.0,30864.0,31776.0,31776.0,7
2017-12-26,32160.0,32208.0,26880.0,28320.0,28320.0,9
2017-12-27,30192.0,30192.0,27840.0,28944.0,28944.0,7
2017-12-28,27840.0,32016.0,27840.0,31680.0,31680.0,7
2017-12-29,33792.0,34560.0,31680.0,34560.0,34560.0,13
2018-01-02,35040.0,35520.0,31440.0,32208.0,32208.0,6
2018-01-03,34080.0,34080.0,32208.0,33504.0,33504.0,3
2018-01-04,33120.0,35520.0,33120.0,35520.0,35520.0,3
2018-01-05,35520.0,36000.0,34560.0,35232.0,35232.0,3
2018-01-08,36960.0,37440.0,31200.0,34080.0,34080.0,12
2018-01-09,33600.0,36000.0,32640.0,33984.0,33984.0,2
2018-01-10,34080.0,35472.0,33120.0,35040.0,35040.0,2
2018-01-11,35808.0,36000.0,34560.0,35520.0,35520.0,3
2018-01-12,35856.0,46560.0,35280.0,39792.0,39792.0,34
2018-01-16,42240.0,43200.0,39792.0,41760.0,41760.0,14
2018-01-17,40800.0,41760.0,37440.0,39264.0,39264.0,6
2018-01-18,40560.0,40704.0,36000.0,37920.0,37920.0,2
2018-01-19,39360.0,39360.0,36480.0,38112.0,38112.0,1
2018-01-22,38880.0,39360.0,37584.0,38208.0,38208.0,2
2018-01-23,38400.0,38400.0,35520.0,36960.0,36960.0,2
2018-01-24,37392.0,39840.0,36000.0,38160.0,38160.0,10
2018-01-25,38976.0,39168.0,36000.0,37152.0,37152.0,2
2018-01-26,36672.0,36672.0,34272.0,34560.0,34560.0,3
2018-01-29,33936.0,35952.0,33840.0,35664.0,35664.0,2
2018-01-30,35664.0,35664.0,33600.0,33600.0,33600.0,2
2018-01-31,35520.0,35520.0,33600.0,33840.0,33840.0,3
2018-02-01,33600.0,33840.0,32640.0,32640.0,32640.0,2
2018-02-02,32640.0,33552.0,31680.0,31824.0,31824.0,1
2018-02-05,31824.0,32832.0,30720.0,31200.0,31200.0,2
2018-02-06,30720.0,32640.0,29280.0,30480.0,30480.0,2
2018-02-07,30576.0,36000.0,30576.0,33120.0,33120.0,2
2018-02-08,33600.0,33600.0,29280.0,29280.0,29280.0,2
2018-02-09,30240.0,32064.0,29760.0,29760.0,29760.0,1
2018-02-12,30720.0,33120.0,28800.0,32160.0,32160.0,3
2018-02-13,31968.0,32160.0,31200.0,31440.0,31440.0,1
2018-02-14,31968.0,31968.0,30768.0,31200.0,31200.0,1
2018-02-15,31344.0,31632.0,30768.0,31200.0,31200.0,0
2018-02-16,31680.0,33552.0,30720.0,32160.0,32160.0,1
2018-02-20,32160.0,32160.0,30144.0,30720.0,30720.0,1
2018-02-21,30240.0,32160.0,30240.0,32160.0,32160.0,0
2018-02-22,32160.0,36000.0,31200.0,35040.0,35040.0,5
2018-02-23,35520.0,36000.0,32496.0,32496.0,32496.0,3
2018-02-26,33600.0,34560.0,29760.0,31200.0,31200.0,14
2018-02-27,31200.0,32160.0,27936.0,30192.0,30192.0,3
2018-02-28,30720.0,30720.0,28320.0,28752.0,28752.0,4
2018-03-01,29040.0,29760.0,28080.0,28320.0,28320.0,1
2018-03-02,28656.0,29280.0,27840.0,29280.0,29280.0,1
2018-03-05,30240.0,30672.0,27840.0,29760.0,29760.0,1
2018-03-06,29280.0,30240.0,28800.0,28800.0,28800.0,2
2018-03-07,29760.0,30240.0,29040.0,29760.0,29760.0,1
2018-03-08,29760.0,30240.0,29040.0,29424.0,29424.0,1
2018-03-09,29280.0,30672.0,28800.0,30000.0,30000.0,2
2018-03-12,30720.0,30720.0,28848.0,30240.0,30240.0,1
2018-03-13,30720.0,30720.0,29280.0,29904.0,29904.0,1
2018-03-14,31200.0,31200.0,29040.0,31200.0,31200.0,2
2018-03-15,31200.0,31200.0,28848.0,29280.0,29280.0,2
2018-03-16,29760.0,30720.0,28896.0,30240.0,30240.0,3
2018-03-19,30240.0,30240.0,27840.0,28800.0,28800.0,5
2018-03-20,29280.0,29280.0,26976.0,29280.0,29280.0,4
2018-03-21,27360.0,28800.0,27360.0,27888.0,27888.0,2
2018-03-22,29232.0,29232.0,27360.0,27840.0,27840.0,1
2018-03-23,27840.0,28320.0,26880.0,27360.0,27360.0,1
2018-03-26,28704.0,28800.0,26400.0,27168.0,27168.0,2
2018-03-27,27360.0,28704.0,24192.0,26400.0,26400.0,2
2018-03-28,26400.0,27744.0,24480.0,26400.0,26400.0,1
2018-03-29,25296.0,25296.0,24000.0,24480.0,24480.0,1
2018-04-02,26400.0,26880.0,24240.0,24960.0,24960.0,1
2018-04-03,26400.0,26400.0,24480.0,24480.0,24480.0,1
2018-04-04,24288.0,26112.0,21744.0,24432.0,24432.0,2
2018-04-05,24480.0,24480.0,23040.0,24288.0,24288.0,0
2018-04-06,24144.0,24144.0,23040.0,23856.0,23856.0,1
2018-04-09,23856.0,24096.0,22560.0,22560.0,22560.0,2
2018-04-10,23136.0,23136.0,21120.0,21552.0,21552.0,2
2018-04-11,22608.0,22944.0,21216.0,22944.0,22944.0,2
2018-04-12,24000.0,24000.0,21600.0,23520.0,23520.0,4
2018-04-13,22128.0,23904.0,22128.0,23760.0,23760.0,1
2018-04-16,24480.0,25440.0,22320.0,22560.0,22560.0,2
2018-04-17,22800.0,23520.0,22800.0,23040.0,23040.0,1
2018-04-18,22800.0,23472.0,22320.0,22320.0,22320.0,1
2018-04-19,22320.0,22320.0,22080.0,22128.0,22128.0,0
2018-04-20,22128.0,22272.0,21120.0,21600.0,21600.0,1
2018-04-23,21360.0,22080.0,20592.0,21120.0,21120.0,1
2018-04-24,20496.0,22080.0,20496.0,21600.0,21600.0,1
2018-04-25,20160.0,21600.0,20160.0,21600.0,21600.0,0
2018-04-26,22560.0,22560.0,19200.0,21264.0,21264.0,1
2018-04-27,19200.0,22080.0,19200.0,21600.0,21600.0,0
2018-04-30,22080.0,22080.0,20976.0,21600.0,21600.0,0
2018-05-01,21120.0,21600.0,21120.0,21600.0,21600.0,1
2018-05-02,22080.0,22080.0,20064.0,20064.0,20064.0,1
2018-05-03,22080.0,22080.0,20688.0,21744.0,21744.0,1
2018-05-04,21648.0,22080.0,19824.0,21600.0,21600.0,1
2018-05-07,22080.0,22080.0,20160.0,21168.0,21168.0,1
2018-05-08,20304.0,23040.0,20304.0,20928.0,20928.0,4
2018-05-09,21120.0,21120.0,19248.0,20640.0,20640.0,2
2018-05-10,20640.0,20640.0,19344.0,19680.0,19680.0,1
2018-05-11,19344.0,20160.0,19344.0,19680.0,19680.0,1
2018-05-14,19680.0,21120.0,19680.0,20640.0,20640.0,5
2018-05-15,20640.0,20640.0,15648.0,15648.0,15648.0,7
2018-05-16,18240.0,18240.0,14400.0,15360.0,15360.0,5
2018-05-17,15024.0,16320.0,14496.0,15600.0,15600.0,2
2018-05-18,16704.0,17040.0,14400.0,15168.0,15168.0,4
2018-05-21,19200.0,61920.0,17040.0,60000.0,60000.0,920
2018-05-22,73440.0,91200.0,58560.0,60960.0,60960.0,860
2018-05-23,76320.0,76800.0,60480.0,71520.0,71520.0,274
2018-05-24,67200.0,74400.0,59040.0,60960.0,60960.0,81
2018-05-25,62880.0,63744.0,53760.0,58560.0,58560.0,42
2018-05-29,57120.0,64800.0,55200.0,60960.0,60960.0,41
2018-05-30,62880.0,69120.0,61056.0,67680.0,67680.0,44
2018-05-31,68640.0,69120.0,62400.0,64320.0,64320.0,21
2018-06-01,68160.0,68160.0,60480.0,67200.0,67200.0,25
2018-06-04,71040.0,71520.0,64800.0,65760.0,65760.0,14
2018-06-05,68640.0,90720.0,65568.0,88800.0,88800.0,114
2018-06-06,95520.0,113760.0,87360.0,98400.0,98400.0,201
2018-06-07,96960.0,96960.0,78720.0,79680.0,79680.0,48
2018-06-08,79200.0,80160.0,65280.0,67680.0,67680.0,52
2018-06-11,75360.0,88320.0,75360.0,84480.0,84480.0,143
2018-06-12,80640.0,84000.0,73920.0,78720.0,78720.0,32
2018-06-13,79200.0,82560.0,76800.0,80640.0,80640.0,16
2018-06-14,81600.0,81600.0,76800.0,78240.0,78240.0,16
2018-06-15,79200.0,80640.0,78720.0,80640.0,80640.0,12
2018-06-18,80160.0,90720.0,76800.0,87840.0,87840.0,43
2018-06-19,84000.0,88800.0,83040.0,87360.0,87360.0,23
2018-06-20,91200.0,101760.0,90288.0,101280.0,101280.0,44
2018-06-21,102240.0,109440.0,93600.0,99120.0,99120.0,52
2018-06-22,96000.0,97920.0,86400.0,92160.0,92160.0,22
2018-06-25,93600.0,97872.0,90720.0,92160.0,92160.0,14
2018-06-26,91680.0,92160.0,86400.0,89280.0,89280.0,17
2018-06-27,88800.0,91680.0,84480.0,86400.0,86400.0,12
2018-06-28,88800.0,88800.0,83040.0,84000.0,84000.0,11
2018-06-29,85920.0,87312.0,76800.0,78240.0,78240.0,14
2018-07-02,80640.0,80640.0,72960.0,75888.0,75888.0,8
2018-07-03,75840.0,82080.0,73920.0,75840.0,75840.0,6
2018-07-05,75840.0,81600.0,75840.0,81600.0,81600.0,7
2018-07-06,81600.0,83520.0,75840.0,79680.0,79680.0,7
2018-07-09,79680.0,81024.0,77280.0,77760.0,77760.0,6
2018-07-10,76800.0,77280.0,72000.0,74400.0,74400.0,9
2018-07-11,72480.0,73920.0,65280.0,65280.0,65280.0,17
2018-07-12,63360.0,66240.0,59040.0,64800.0,64800.0,22
2018-07-13,77760.0,88800.0,69600.0,78240.0,78240.0,124
2018-07-16,84000.0,92160.0,74400.0,76800.0,76800.0,94
2018-07-17,76800.0,77280.0,69600.0,73920.0,73920.0,17
2018-07-18,72000.0,72000.0,69600.0,71040.0,71040.0,13
2018-07-19,76800.0,83520.0,72000.0,75840.0,75840.0,61
2018-07-20,74880.0,78720.0,74400.0,76320.0,76320.0,11
2018-07-23,74400.0,76800.0,70080.0,71040.0,71040.0,15
2018-07-24,72000.0,72864.0,65760.0,66240.0,66240.0,13
2018-07-25,65280.0,66240.0,60960.0,63360.0,63360.0,18
2018-07-26,63840.0,64800.0,61920.0,62880.0,62880.0,7
2018-07-27,62880.0,62928.0,59520.0,60480.0,60480.0,9
2018-07-30,62400.0,62400.0,60000.0,60960.0,60960.0,7
2018-07-31,60480.0,61440.0,55200.0,57120.0,57120.0,13
2018-08-01,61440.0,70560.0,61440.0,63840.0,63840.0,30
2018-08-02,61920.0,63360.0,58560.0,58560.0,58560.0,13
2018-08-03,58560.0,60000.0,55680.0,55680.0,55680.0,12
2018-08-06,52800.0,52800.0,43200.0,45648.0,45648.0,36
2018-08-07,47040.0,53568.0,45648.0,47088.0,47088.0,28
2018-08-08,50400.0,50400.0,47040.0,47136.0,47136.0,7
2018-08-09,50400.0,50400.0,43344.0,46368.0,46368.0,15
2018-08-10,47040.0,50400.0,45504.0,48960.0,48960.0,8
2018-08-13,49920.0,51360.0,48480.0,48960.0,48960.0,13
2018-08-14,43200.0,46800.0,41280.0,45168.0,45168.0,25
2018-08-15,44160.0,46032.0,41280.0,43200.0,43200.0,14
2018-08-16,43200.0,45024.0,41520.0,43680.0,43680.0,11
2018-08-17,43680.0,43824.0,42240.0,42720.0,42720.0,5
2018-08-20,43632.0,43632.0,40800.0,41280.0,41280.0,10
2018-08-21,41232.0,41232.0,36960.0,38544.0,38544.0,10
2018-08-22,38400.0,40800.0,37344.0,39024.0,39024.0,7
2018-08-23,40320.0,48960.0,40272.0,44160.0,44160.0,31
2018-08-24,46320.0,47520.0,42240.0,42432.0,42432.0,12
2018-08-27,44160.0,44976.0,39600.0,42240.0,42240.0,7
2018-08-28,42240.0,43200.0,40800.0,42240.0,42240.0,4
2018-08-29,42720.0,42720.0,40944.0,42576.0,42576.0,3
2018-08-30,42720.0,43200.0,41808.0,42960.0,42960.0,3
2018-08-31,42192.0,43200.0,41040.0,42240.0,42240.0,4
2018-09-04,43200.0,43200.0,40320.0,40320.0,40320.0,6
2018-09-05,42480.0,42720.0,39840.0,39888.0,39888.0,7
2018-09-06,39888.0,41280.0,39888.0,40320.0,40320.0,4
2018-09-07,40656.0,40704.0,38544.0,39360.0,39360.0,3
2018-09-10,39360.0,40800.0,36960.0,37584.0,37584.0,4
2018-09-11,37920.0,39360.0,36000.0,36768.0,36768.0,5
2018-09-12,36000.0,36960.0,34080.0,35232.0,35232.0,4
2018-09-13,34272.0,35760.0,34080.0,34944.0,34944.0,3
2018-09-14,35040.0,35424.0,33696.0,33744.0,33744.0,4
2018-09-17,34032.0,35040.0,33648.0,34080.0,34080.0,2
2018-09-18,34560.0,35280.0,32832.0,33120.0,33120.0,3
2018-09-19,33120.0,34080.0,32160.0,32880.0,32880.0,3
2018-09-20,33120.0,35040.0,32160.0,34560.0,34560.0,3
2018-09-21,35520.0,48000.0,35280.0,38400.0,38400.0,40
2018-09-24,37584.0,40320.0,36336.0,40032.0,40032.0,8
2018-09-25,37488.0,40272.0,37440.0,37440.0,37440.0,4
2018-09-26,38592.0,39264.0,35520.0,36288.0,36288.0,4
2018-09-27,34560.0,36240.0,33600.0,34656.0,34656.0,4
2018-09-28,33648.0,36000.0,31200.0,33120.0,33120.0,6
2018-10-01,33120.0,36000.0,32640.0,33696.0,33696.0,3
2018-10-02,33600.0,33984.0,32640.0,32832.0,32832.0,4
2018-10-03,32640.0,33696.0,30720.0,33456.0,33456.0,4
2018-10-04,33600.0,34608.0,32160.0,32640.0,32640.0,3
2018-10-05,32640.0,33600.0,31680.0,32640.0,32640.0,3
2018-10-08,33600.0,39264.0,32640.0,36720.0,36720.0,20
2018-10-09,36672.0,38976.0,33120.0,34320.0,34320.0,5
2018-10-10,34560.0,35136.0,33600.0,34320.0,34320.0,4
2018-10-11,33792.0,34560.0,33600.0,34032.0,34032.0,2
2018-10-12,33840.0,34560.0,33600.0,34224.0,34224.0,2
2018-10-15,34224.0,36000.0,34176.0,35520.0,35520.0,3
2018-10-16,35904.0,36000.0,33648.0,34800.0,34800.0,3
2018-10-17,35040.0,35520.0,33648.0,35184.0,35184.0,1
2018-10-18,35040.0,55200.0,35040.0,45984.0,45984.0,142
2018-10-19,48000.0,54240.0,40800.0,41328.0,41328.0,60
2018-10-22,41760.0,49920.0,40368.0,44640.0,44640.0,33
2018-10-23,44160.0,49440.0,41280.0,42720.0,42720.0,28
2018-10-24,41568.0,44448.0,39648.0,40944.0,40944.0,8
2018-10-25,42960.0,42960.0,40800.0,41280.0,41280.0,6
2018-10-26,40800.0,41280.0,37920.0,40224.0,40224.0,7
2018-10-29,39840.0,39840.0,35232.0,36000.0,36000.0,10
2018-10-30,36480.0,38160.0,33600.0,34560.0,34560.0,9
2018-10-31,36480.0,38400.0,33600.0,37920.0,37920.0,4
2018-11-01,36960.0,40800.0,35136.0,38928.0,38928.0,4
2018-11-02,39840.0,40320.0,37680.0,37920.0,37920.0,2
2018-11-05,38448.0,40080.0,37920.0,38400.0,38400.0,4
2018-11-06,39360.0,41040.0,37920.0,39360.0,39360.0,2
2018-11-07,39360.0,40800.0,39360.0,39840.0,39840.0,2
2018-11-08,39168.0,40800.0,38976.0,40560.0,40560.0,1
2018-11-09,42240.0,42480.0,40320.0,41664.0,41664.0,5
2018-11-12,43200.0,44160.0,41280.0,41328.0,41328.0,5
2018-11-13,43200.0,43200.0,36960.0,38208.0,38208.0,4
2018-11-14,37824.0,37824.0,32496.0,34080.0,34080.0,7
2018-11-15,34128.0,35760.0,34080.0,34080.0,34080.0,2
2018-11-16,33600.0,35520.0,33216.0,33936.0,33936.0,2
2018-11-19,33600.0,35424.0,33120.0,33408.0,33408.0,2
2018-11-20,33120.0,33792.0,30720.0,31200.0,31200.0,5
2018-11-21,33600.0,33936.0,32160.0,32640.0,32640.0,1
2018-11-23,33120.0,33600.0,33120.0,33120.0,33120.0,1
2018-11-26,32160.0,33120.0,30720.0,32928.0,32928.0,3
2018-11-27,31680.0,32400.0,31680.0,31728.0,31728.0,1
2018-11-28,31728.0,32256.0,29184.0,30240.0,30240.0,4
2018-11-29,30624.0,32640.0,30240.0,31680.0,31680.0,2
2018-11-30,30720.0,33120.0,30720.0,31104.0,31104.0,1
2018-12-03,32640.0,32640.0,30336.0,32160.0,32160.0,1
2018-12-04,31680.0,32304.0,30720.0,32208.0,32208.0,1
2018-12-06,32640.0,32640.0,30480.0,30960.0,30960.0,2
2018-12-07,32448.0,32496.0,30240.0,30240.0,30240.0,2
2018-12-10,30240.0,35520.0,30240.0,33264.0,33264.0,7
2018-12-11,33600.0,34560.0,30960.0,32544.0,32544.0,7
2018-12-12,31680.0,32208.0,29760.0,30240.0,30240.0,5
2018-12-13,30720.0,31104.0,28944.0,29760.0,29760.0,2
2018-12-14,29856.0,29856.0,29088.0,29088.0,29088.0,1
2018-12-17,28800.0,29760.0,28320.0,28320.0,28320.0,2
2018-12-18,28320.0,29760.0,28320.0,28800.0,28800.0,1
2018-12-19,29760.0,29760.0,28800.0,29040.0,29040.0,0
2018-12-20,29280.0,29760.0,26400.0,27648.0,27648.0,2
2018-12-21,27360.0,29760.0,27360.0,28656.0,28656.0,2
2018-12-24,27360.0,28320.0,27360.0,27840.0,27840.0,1
2018-12-26,29616.0,29616.0,26880.0,27360.0,27360.0,2
2018-12-27,27360.0,28800.0,27360.0,27360.0,27360.0,2
2018-12-28,27552.0,28272.0,27360.0,27744.0,27744.0,5
2018-12-31,28320.0,28800.0,27360.0,28080.0,28080.0,4
2019-01-02,29760.0,33600.0,29280.0,33456.0,33456.0,2
2019-01-03,33600.0,33600.0,30720.0,30720.0,30720.0,1
2019-01-04,30240.0,32640.0,30240.0,31344.0,31344.0,0
2019-01-07,33072.0,35520.0,31776.0,35040.0,35040.0,2
2019-01-08,39360.0,44448.0,36720.0,39072.0,39072.0,14
2019-01-09,39600.0,39600.0,34560.0,36576.0,36576.0,3
2019-01-10,37920.0,37968.0,36432.0,36480.0,36480.0,1
2019-01-11,36480.0,37968.0,36480.0,37344.0,37344.0,1
2019-01-14,38400.0,40320.0,37440.0,38880.0,38880.0,2
2019-01-15,40320.0,40800.0,38400.0,39840.0,39840.0,4
2019-01-16,40656.0,40656.0,38880.0,39216.0,39216.0,1
2019-01-17,39600.0,40320.0,38880.0,39888.0,39888.0,1
2019-01-18,40320.0,40320.0,38400.0,38880.0,38880.0,2
2019-01-22,40320.0,40320.0,37632.0,37920.0,37920.0,2
2019-01-23,37920.0,40080.0,37920.0,38880.0,38880.0,1
2019-01-24,38880.0,39840.0,37920.0,38928.0,38928.0,1
2019-01-25,38880.0,39840.0,32928.0,37920.0,37920.0,3
2019-01-28,39360.0,39360.0,37824.0,39312.0,39312.0,1
2019-01-29,39360.0,40320.0,38880.0,39120.0,39120.0,2
2019-01-30,38400.0,39840.0,36000.0,38496.0,38496.0,1
2019-01-31,38592.0,39360.0,36960.0,37440.0,37440.0,2
2019-02-01,38400.0,39360.0,36960.0,38880.0,38880.0,1
2019-02-04,38880.0,40800.0,38880.0,39360.0,39360.0,3
2019-02-05,38400.0,41280.0,38400.0,40800.0,40800.0,3
2019-02-06,43200.0,47520.0,41808.0,46560.0,46560.0,12
2019-02-07,47040.0,47520.0,41760.0,42048.0,42048.0,8
2019-02-08,41760.0,42720.0,41040.0,41376.0,41376.0,3
2019-02-11,42720.0,43056.0,40368.0,41808.0,41808.0,1
2019-02-12,41760.0,44064.0,41760.0,42384.0,42384.0,2
2019-02-13,42240.0,44640.0,42000.0,43680.0,43680.0,3
2019-02-14,43680.0,45120.0,40992.0,40992.0,40992.0,3
2019-02-15,42240.0,44064.0,40992.0,43104.0,43104.0,3
2019-02-19,43680.0,44160.0,41760.0,44160.0,44160.0,3
2019-02-20,44160.0,44160.0,42240.0,42240.0,42240.0,2
2019-02-21,42480.0,43632.0,41760.0,42864.0,42864.0,0
2019-02-22,43632.0,44160.0,42000.0,44160.0,44160.0,2
2019-02-25,44160.0,44160.0,42720.0,43680.0,43680.0,2
2019-02-26,44160.0,45600.0,43680.0,44640.0,44640.0,8
2019-02-27,45120.0,45120.0,43680.0,43680.0,43680.0,2
2019-02-28,43680.0,45936.0,43680.0,43920.0,43920.0,5
2019-03-01,43920.0,45360.0,43728.0,44400.0,44400.0,1
2019-03-04,44160.0,44400.0,42480.0,42720.0,42720.0,3
2019-03-05,43680.0,44160.0,41856.0,44112.0,44112.0,2
2019-03-06,44160.0,54240.0,43200.0,52800.0,52800.0,25
2019-03-07,50400.0,54720.0,47520.0,51840.0,51840.0,17
2019-03-08,51840.0,52800.0,49440.0,52320.0,52320.0,4
2019-03-11,54720.0,56160.0,47136.0,48960.0,48960.0,21
2019-03-12,45600.0,52800.0,42960.0,49920.0,49920.0,19
2019-03-13,48000.0,55680.0,48000.0,54720.0,54720.0,13
2019-03-14,55200.0,58560.0,53280.0,56640.0,56640.0,7
2019-03-15,56640.0,57120.0,53280.0,53760.0,53760.0,6
2019-03-18,54240.0,56640.0,51840.0,51840.0,51840.0,6
2019-03-19,53760.0,57120.0,51840.0,51840.0,51840.0,10
2019-03-20,53280.0,56640.0,53280.0,55200.0,55200.0,7
2019-03-21,55680.0,60960.0,55680.0,57120.0,57120.0,14
2019-03-22,60000.0,60960.0,58080.0,59040.0,59040.0,6
2019-03-25,59520.0,68160.0,59040.0,65280.0,65280.0,26
2019-03-26,66720.0,66720.0,57120.0,61440.0,61440.0,15
2019-03-27,61440.0,66144.0,60000.0,65280.0,65280.0,9
2019-03-28,66240.0,74400.0,64224.0,67680.0,67680.0,27
2019-03-29,58560.0,64320.0,55680.0,58560.0,58560.0,18
2019-04-01,61920.0,61920.0,57600.0,58560.0,58560.0,4
2019-04-02,59040.0,59040.0,53280.0,53760.0,53760.0,12
2019-04-03,55200.0,65280.0,55200.0,58080.0,58080.0,10
2019-04-04,59040.0,61680.0,57600.0,58080.0,58080.0,2
2019-04-05,58080.0,59472.0,53760.0,56352.0,56352.0,5
2019-04-08,54720.0,58560.0,54720.0,54720.0,54720.0,2
2019-04-09,55680.0,56496.0,54480.0,55200.0,55200.0,3
2019-04-10,54720.0,56640.0,53760.0,55200.0,55200.0,4
2019-04-11,55200.0,59520.0,55200.0,57120.0,57120.0,3
2019-04-12,57120.0,58560.0,57120.0,58080.0,58080.0,2
2019-04-15,59520.0,65760.0,58464.0,65280.0,65280.0,10
2019-04-16,63840.0,72480.0,63840.0,68160.0,68160.0,14
2019-04-17,69600.0,71040.0,66240.0,67680.0,67680.0,5
2019-04-18,71520.0,71520.0,67200.0,69600.0,69600.0,3
2019-04-22,69600.0,75840.0,69600.0,72960.0,72960.0,10
2019-04-23,75840.0,75840.0,69408.0,72480.0,72480.0,6
2019-04-24,72480.0,74352.0,70080.0,70560.0,70560.0,4
2019-04-25,72000.0,73776.0,71040.0,72480.0,72480.0,3
2019-04-26,72960.0,77760.0,71040.0,77760.0,77760.0,7
2019-04-29,79680.0,84000.0,78912.0,80880.0,80880.0,12
2019-04-30,79680.0,81600.0,79200.0,80640.0,80640.0,5
2019-05-01,83040.0,86400.0,81120.0,85920.0,85920.0,11
2019-05-02,87360.0,87360.0,84480.0,84960.0,84960.0,6
2019-05-03,87840.0,88800.0,84960.0,87360.0,87360.0,8
2019-05-06,88800.0,88800.0,82080.0,87840.0,87840.0,9
2019-05-07,89280.0,93600.0,86400.0,90240.0,90240.0,15
2019-05-08,91200.0,91200.0,86880.0,87840.0,87840.0,6
2019-05-09,88800.0,88800.0,83520.0,84480.0,84480.0,7
2019-05-10,84480.0,85440.0,75840.0,80160.0,80160.0,12
2019-05-13,80160.0,81600.0,77760.0,81120.0,81120.0,5
2019-05-14,81600.0,82560.0,77280.0,80640.0,80640.0,5
2019-05-15,79200.0,80208.0,77760.0,80160.0,80160.0,8
2019-05-16,72000.0,81120.0,71040.0,80160.0,80160.0,15
2019-05-17,86400.0,86400.0,79200.0,81600.0,81600.0,6
2019-05-20,83040.0,83040.0,76800.0,77760.0,77760.0,5
2019-05-21,77280.0,78720.0,71040.0,72000.0,72000.0,6
2019-05-22,72000.0,75936.0,71520.0,72384.0,72384.0,3
2019-05-23,72000.0,75840.0,71040.0,75840.0,75840.0,4
2019-05-24,76800.0,76800.0,72000.0,75360.0,75360.0,2
2019-05-28,75360.0,75360.0,73440.0,73920.0,73920.0,1
2019-05-29,72960.0,74064.0,68640.0,70560.0,70560.0,5
2019-05-30,70080.0,72240.0,67680.0,71520.0,71520.0,2
2019-05-31,70080.0,74400.0,69600.0,72480.0,72480.0,2
2019-06-03,71520.0,74400.0,69600.0,70080.0,70080.0,2
2019-06-04,70080.0,72000.0,69600.0,70560.0,70560.0,1
2019-06-05,70080.0,73824.0,70080.0,72000.0,72000.0,2
2019-06-06,72960.0,73440.0,68640.0,69120.0,69120.0,2
2019-06-07,69120.0,72000.0,69120.0,69120.0,69120.0,2
2019-06-10,68640.0,72000.0,68640.0,70080.0,70080.0,2
2019-06-11,71040.0,72000.0,70080.0,71520.0,71520.0,1
2019-06-12,71520.0,72000.0,70080.0,70320.0,70320.0,1
2019-06-13,71040.0,71040.0,62400.0,63840.0,63840.0,5
2019-06-14,64320.0,67680.0,64320.0,65760.0,65760.0,2
2019-06-17,65760.0,72960.0,65760.0,70560.0,70560.0,3
2019-06-18,68640.0,71760.0,67200.0,68160.0,68160.0,1
2019-06-19,68640.0,70272.0,63840.0,68160.0,68160.0,3
2019-06-20,71040.0,79200.0,69600.0,74880.0,74880.0,11
2019-06-21,74400.0,75840.0,72960.0,75360.0,75360.0,1
2019-06-24,74400.0,75360.0,72000.0,72000.0,72000.0,2
2019-06-25,71520.0,73920.0,69600.0,70560.0,70560.0,1
2019-06-26,71040.0,72960.0,71040.0,72960.0,72960.0,1
2019-06-27,72480.0,75840.0,72480.0,75840.0,75840.0,3
2019-06-28,75360.0,86400.0,75360.0,86400.0,86400.0,9
2019-07-01,85440.0,85920.0,77760.0,79680.0,79680.0,4
2019-07-02,80640.0,85872.0,79680.0,82992.0,82992.0,3
2019-07-03,82080.0,84480.0,80640.0,82320.0,82320.0,2
2019-07-05,82080.0,85440.0,81120.0,82800.0,82800.0,1
2019-07-08,84000.0,84912.0,81600.0,84480.0,84480.0,4
2019-07-09,84480.0,87840.0,82032.0,84000.0,84000.0,5
2019-07-10,84480.0,86880.0,82080.0,83184.0,83184.0,7
2019-07-11,83040.0,83040.0,72000.0,73200.0,73200.0,18
2019-07-12,64800.0,64800.0,61920.0,62880.0,62880.0,24
2019-07-15,62400.0,66720.0,62400.0,63360.0,63360.0,6
2019-07-16,67200.0,67200.0,63360.0,64320.0,64320.0,5
2019-07-17,64320.0,65760.0,63360.0,63360.0,63360.0,7
2019-07-18,63360.0,65136.0,63360.0,63840.0,63840.0,2
2019-07-19,66240.0,67200.0,63840.0,64800.0,64800.0,5
2019-07-22,67200.0,67200.0,64320.0,65760.0,65760.0,3
2019-07-23,65760.0,65760.0,63360.0,64320.0,64320.0,2
2019-07-24,64800.0,64800.0,62400.0,62880.0,62880.0,2
2019-07-25,64320.0,64608.0,62400.0,63840.0,63840.0,2
2019-07-26,63840.0,70032.0,63360.0,67680.0,67680.0,6
2019-07-29,70080.0,73440.0,69600.0,71040.0,71040.0,12
2019-07-30,72000.0,75360.0,71520.0,72720.0,72720.0,5
2019-07-31,72960.0,77760.0,72960.0,74400.0,74400.0,5
2019-08-01,74880.0,76800.0,74400.0,74880.0,74880.0,3
2019-08-02,74880.0,74880.0,72000.0,74880.0,74880.0,3
2019-08-05,73920.0,73920.0,68640.0,68640.0,68640.0,4
2019-08-06,69600.0,72000.0,67680.0,69600.0,69600.0,2
2019-08-07,72480.0,72480.0,65280.0,69120.0,69120.0,3
2019-08-08,68160.0,69600.0,67680.0,67680.0,67680.0,1
2019-08-09,67680.0,69120.0,64800.0,65760.0,65760.0,2
2019-08-12,66240.0,66768.0,57600.0,63600.0,63600.0,7
2019-08-13,63360.0,68160.0,61440.0,67536.0,67536.0,4
2019-08-14,62400.0,62400.0,55680.0,60000.0,60000.0,7
2019-08-15,62400.0,62400.0,56640.0,59520.0,59520.0,4
2019-08-16,60000.0,68160.0,58560.0,65760.0,65760.0,4
2019-08-19,66240.0,68448.0,60480.0,61440.0,61440.0,4
2019-08-20,61440.0,61824.0,59040.0,60960.0,60960.0,1
2019-08-21,60000.0,64032.0,60000.0,60480.0,60480.0,2
2019-08-22,60960.0,65280.0,45600.0,47808.0,47808.0,12
2019-08-23,48960.0,58992.0,48960.0,53760.0,53760.0,12
2019-08-26,53760.0,55680.0,48000.0,55440.0,55440.0,4
2019-08-27,55200.0,58080.0,51504.0,53280.0,53280.0,5
2019-08-28,53760.0,53760.0,49920.0,50880.0,50880.0,2
2019-08-29,50880.0,55680.0,50880.0,52800.0,52800.0,2
2019-08-30,53280.0,53760.0,51840.0,51840.0,51840.0,1
2019-09-03,53760.0,55680.0,52320.0,55200.0,55200.0,1
2019-09-04,55680.0,56160.0,50400.0,52320.0,52320.0,2
2019-09-05,54240.0,55200.0,51360.0,54240.0,54240.0,2
2019-09-06,54720.0,55200.0,53280.0,53760.0,53760.0,0
2019-09-09,54720.0,54720.0,50400.0,52800.0,52800.0,3
2019-09-10,52320.0,52320.0,47040.0,48960.0,48960.0,5
2019-09-11,49440.0,50400.0,45600.0,48480.0,48480.0,11
2019-09-12,48960.0,49440.0,44160.0,45600.0,45600.0,7
2019-09-13,45600.0,48480.0,41280.0,41760.0,41760.0,10
2019-09-16,44640.0,47520.0,41760.0,44784.0,44784.0,7
2019-09-17,47520.0,50400.0,43680.0,44160.0,44160.0,3
2019-09-18,43200.0,47376.0,43200.0,44400.0,44400.0,2
2019-09-19,44160.0,47904.0,44160.0,46080.0,46080.0,2
2019-09-20,46272.0,48000.0,46272.0,47904.0,47904.0,1
2019-09-23,47760.0,48480.0,47040.0,48000.0,48000.0,2
2019-09-24,46560.0,48000.0,46560.0,47856.0,47856.0,1
2019-09-25,46080.0,48000.0,46080.0,47328.0,47328.0,1
2019-09-26,51360.0,51360.0,48000.0,49824.0,49824.0,1
2019-09-27,49920.0,52320.0,48960.0,48960.0,48960.0,1
2019-09-30,49440.0,49440.0,48000.0,48480.0,48480.0,1
2019-10-01,48480.0,48480.0,46752.0,48000.0,48000.0,0
2019-10-02,48000.0,48000.0,41760.0,41760.0,41760.0,5
2019-10-03,42720.0,44592.0,42720.0,44256.0,44256.0,2
2019-10-04,44880.0,45600.0,43440.0,44160.0,44160.0,1
2019-10-07,43200.0,45120.0,41760.0,42720.0,42720.0,1
2019-10-08,42240.0,42240.0,40800.0,40800.0,40800.0,2
2019-10-09,40800.0,41952.0,38400.0,38400.0,38400.0,3
2019-10-10,38400.0,39360.0,36480.0,38880.0,38880.0,4
2019-10-11,39024.0,42096.0,38496.0,40368.0,40368.0,1
2019-10-14,38880.0,39552.0,37920.0,39552.0,39552.0,3
2019-10-15,39360.0,41232.0,38016.0,39360.0,39360.0,2
2019-10-16,38928.0,42240.0,38400.0,39360.0,39360.0,1
2019-10-17,40320.0,42048.0,38784.0,39264.0,39264.0,1
2019-10-18,38880.0,40080.0,36960.0,40080.0,40080.0,2
2019-10-21,39840.0,39840.0,36960.0,37920.0,37920.0,1
2019-10-22,37440.0,37920.0,34656.0,36960.0,36960.0,2
2019-10-23,37152.0,38400.0,35712.0,36192.0,36192.0,3
2019-10-24,37824.0,37824.0,36528.0,36528.0,36528.0,0
2019-10-25,37584.0,38400.0,36480.0,36960.0,36960.0,0
2019-10-28,34080.0,37680.0,34080.0,35280.0,35280.0,3
2019-10-29,36000.0,36912.0,33504.0,33504.0,33504.0,3
2019-10-30,33600.0,33936.0,31200.0,31440.0,31440.0,5
2019-10-31,31440.0,34560.0,31200.0,34512.0,34512.0,1
2019-11-01,36000.0,38352.0,35040.0,36720.0,36720.0,2
2019-11-04,37440.0,38688.0,36480.0,36768.0,36768.0,1
2019-11-05,34560.0,36192.0,33600.0,34080.0,34080.0,3
2019-11-06,35520.0,35520.0,33600.0,34560.0,34560.0,1
2019-11-07,34368.0,35040.0,33120.0,33120.0,33120.0,1
2019-11-08,34080.0,34896.0,31680.0,32640.0,32640.0,3
2019-11-11,31680.0,33840.0,31392.0,32640.0,32640.0,2
2019-11-12,32640.0,38688.0,31344.0,37200.0,37200.0,9
2019-11-13,31200.0,35520.0,31200.0,33168.0,33168.0,4
2019-11-14,31680.0,33600.0,31200.0,31200.0,31200.0,3
2019-11-15,31200.0,33120.0,31200.0,31536.0,31536.0,1
2019-11-18,31200.0,32640.0,29952.0,30768.0,30768.0,1
2019-11-19,30720.0,31680.0,29280.0,30672.0,30672.0,2
2019-11-20,30240.0,31680.0,29760.0,30144.0,30144.0,2
2019-11-21,30720.0,30720.0,28800.0,29280.0,29280.0,2
2019-11-22,28800.0,30672.0,28320.0,28656.0,28656.0,3
2019-11-25,27888.0,30144.0,27888.0,27984.0,27984.0,1
2019-11-26,29760.0,29760.0,27840.0,29280.0,29280.0,1
2019-11-27,28320.0,29760.0,28320.0,29712.0,29712.0,1
2019-11-29,29760.0,30240.0,28800.0,29760.0,29760.0,0
2019-12-02,29280.0,30000.0,27936.0,28800.0,28800.0,1
2019-12-03,30240.0,30240.0,28320.0,29040.0,29040.0,2
2019-12-04,29136.0,29376.0,27840.0,27840.0,27840.0,1
2019-12-05,27888.0,29280.0,27888.0,28608.0,28608.0,1
2019-12-06,30240.0,30240.0,27840.0,28080.0,28080.0,1
2019-12-09,27408.0,28800.0,27408.0,27840.0,27840.0,1
2019-12-10,28704.0,28704.0,27360.0,27840.0,27840.0,2
2019-12-11,27984.0,28800.0,25920.0,26880.0,26880.0,2
2019-12-12,25920.0,26400.0,24960.0,25920.0,25920.0,2
2019-12-13,26064.0,26688.0,25296.0,26592.0,26592.0,3
2019-12-16,26448.0,27120.0,24960.0,25728.0,25728.0,2
2019-12-17,26160.0,26880.0,25200.0,25296.0,25296.0,2
2019-12-18,25440.0,27120.0,25440.0,26736.0,26736.0,2
2019-12-19,26736.0,27072.0,25440.0,26160.0,26160.0,2
2019-12-20,25536.0,26784.0,25536.0,25920.0,25920.0,1
2019-12-23,26304.0,26304.0,24960.0,25200.0,25200.0,3
2019-12-24,24960.0,25920.0,24960.0,25200.0,25200.0,1
2019-12-26,24960.0,25920.0,24960.0,25344.0,25344.0,3
2019-12-27,25296.0,30240.0,25296.0,28320.0,28320.0,7
2019-12-30,29280.0,30096.0,25920.0,26640.0,26640.0,6
2019-12-31,26928.0,27552.0,26064.0,26400.0,26400.0,2
2020-01-02,26400.0,27840.0,25440.0,26928.0,26928.0,3
2020-01-03,27840.0,27840.0,25776.0,26400.0,26400.0,1
2020-01-06,30240.0,31200.0,27840.0,28464.0,28464.0,4
2020-01-07,30720.0,30720.0,26832.0,27360.0,27360.0,2
2020-01-08,27360.0,28992.0,27360.0,28176.0,28176.0,1
2020-01-09,28656.0,28800.0,26496.0,27120.0,27120.0,2
2020-01-10,24960.0,25920.0,24480.0,25584.0,25584.0,6
2020-01-13,25008.0,25920.0,24000.0,24240.0,24240.0,4
2020-01-14,24960.0,25440.0,22032.0,25056.0,25056.0,8
2020-01-15,24912.0,25440.0,23040.0,24720.0,24720.0,2
2020-01-16,24720.0,28800.0,24720.0,28320.0,28320.0,6
2020-01-17,28320.0,29760.0,26736.0,27552.0,27552.0,5
2020-01-21,26400.0,29712.0,26400.0,28800.0,28800.0,5
2020-01-22,28176.0,28848.0,27360.0,27696.0,27696.0,2
2020-01-23,27360.0,27552.0,21120.0,21552.0,21552.0,25
2020-01-24,16800.0,17664.0,16320.0,17136.0,17136.0,60
2020-01-27,17136.0,20640.0,16464.0,18480.0,18480.0,19
2020-01-28,17328.0,19200.0,17328.0,18960.0,18960.0,7
2020-01-29,18672.0,18912.0,17376.0,17904.0,17904.0,8
2020-01-30,18240.0,18240.0,16320.0,16848.0,16848.0,8
2020-01-31,16512.0,17904.0,14880.0,16848.0,16848.0,8
2020-02-03,16032.0,17760.0,15504.0,17472.0,17472.0,2
2020-02-04,17328.0,19344.0,15504.0,16032.0,16032.0,12
2020-02-05,16056.0,27446.400390625,14534.400390625,15648.0,15648.0,135
2020-02-06,13608.0,15096.0,13152.0,13560.0,13560.0,33
2020-02-07,12000.0,12888.0,10800.0,11544.0,11544.0,48
2020-02-10,10992.0,12864.0,10800.0,12624.0,12624.0,112
2020-02-11,12840.0,13440.0,11088.0,11232.0,11232.0,80
2020-02-12,11232.0,11928.0,10800.0,11376.0,11376.0,61
2020-02-13,10512.0,11280.0,9240.0,10872.0,10872.0,93
2020-02-14,10800.0,10800.0,9264.0,9720.0,9720.0,33
2020-02-18,8040.0,10368.0,7896.0,9888.0,9888.0,33
2020-02-19,9840.0,10608.0,8664.0,10236.0,10236.0,22
2020-02-20,10128.0,10792.7998046875,10080.0,10608.0,10608.0,11
2020-02-21,10560.0,10656.0,9672.0,10008.0,10008.0,7
2020-02-24,10080.0,10128.0,8707.2001953125,9312.0,9312.0,23
2020-02-25,9264.0,9595.2001953125,8736.0,8928.0,8928.0,9
2020-02-26,8856.0,9576.0,8640.0,9168.0,9168.0,12
2020-02-27,8976.0,9120.0,8424.0,8688.0,8688.0,5
2020-02-28,9000.0,9000.0,7896.0,7968.0,7968.0,14
2020-03-02,7944.0,8107.2001953125,7332.0,7728.0,7728.0,14
2020-03-03,7848.0,8256.0,7200.0,7200.0,7200.0,6
2020-03-04,7224.0,7754.39990234375,6720.0,6912.0,6912.0,18
2020-03-05,6504.0,7430.39990234375,4920.0,4920.0,4920.0,364
2020-03-06,5952.0,6000.0,5208.0,5640.0,5640.0,54
2020-03-09,5280.0,5496.0,4800.0,5280.0,5280.0,29
2020-03-10,5112.0,5592.0,4944.0,5172.0,5172.0,7
2020-03-11,5184.0,6391.2001953125,4982.39990234375,5952.0,5952.0,20
2020-03-12,5760.0,6120.0,5088.0,6120.0,6120.0,12
2020-03-13,5808.0,6247.2001953125,5256.0,5280.0,5280.0,6
2020-03-16,5064.0,6024.0,4920.0,4920.0,4920.0,11
2020-03-17,4608.0,4992.0,4272.0,4488.0,4488.0,11
2020-03-18,4032.0,4485.60009765625,3888.0,4104.0,4104.0,6
2020-03-19,4320.0,4560.0,4068.0,4536.0,4536.0,3
2020-03-20,4752.0,5040.0,4584.0,4680.0,4680.0,4
2020-03-23,4341.60009765625,4872.0,4008.0,4536.0,4536.0,4
2020-03-24,4380.0,4800.0,4353.60009765625,4800.0,4800.0,3
2020-03-25,4632.0,5232.0,4440.0,5148.0,5148.0,5
2020-03-26,5280.0,5760.0,4884.0,5760.0,5760.0,5
2020-03-27,5556.0,5856.0,5330.39990234375,5808.0,5808.0,4
2020-03-30,5880.0,5880.0,4800.0,5232.0,5232.0,3
2020-03-31,5364.0,5364.0,4968.0,4968.0,4968.0,2
2020-04-01,4872.0,6096.0,4680.0,5808.0,5808.0,2
2020-04-02,5016.0,5760.0,5016.0,5640.0,5640.0,22
2020-04-03,5304.0,5592.0,4968.0,5424.0,5424.0,6
2020-04-06,5304.0,5877.60009765625,5256.0,5856.0,5856.0,5
2020-04-07,5760.0,5983.2001953125,5544.0,5544.0,5544.0,3
2020-04-08,5736.0,7008.0,5664.0,6552.0,6552.0,15
2020-04-09,6552.0,6600.0,6000.0,6436.7998046875,6436.7998046875,3
2020-04-13,6720.0,8299.2001953125,6043.2001953125,8088.0,8088.0,29
2020-04-14,8136.0,9096.0,7032.0,7771.2001953125,7771.2001953125,19
2020-04-15,7752.0,10176.0,7704.0,8520.0,8520.0,60
2020-04-16,8400.0,9600.0,7752.0,9312.0,9312.0,31
2020-04-17,9576.0,9576.0,7944.0,8280.0,8280.0,20
2020-04-20,8520.0,8853.599609375,7200.0,7248.0,7248.0,32
2020-04-21,7656.0,7716.0,6120.0,7320.0,7320.0,64
2020-04-22,6000.0,7224.0,6000.0,6000.0,6000.0,36
2020-04-23,6600.0,6600.0,5736.0,5856.0,5856.0,26
2020-04-24,5832.0,6192.0,5352.0,5760.0,5760.0,19
2020-04-27,6000.0,6888.0,5676.0,5760.0,5760.0,27
2020-04-28,5736.0,6000.0,5520.0,5786.39990234375,5786.39990234375,13
2020-04-29,5880.0,6120.0,5265.60009765625,5424.0,5424.0,42
2020-04-30,5400.0,5508.0,4992.0,5160.0,5160.0,31
2020-05-01,5160.0,5160.0,4824.0,5160.0,5160.0,18
2020-05-04,5400.0,5400.0,4958.39990234375,5040.0,5040.0,5
2020-05-05,4992.0,5217.60009765625,4764.0,4992.0,4992.0,43
2020-05-06,5160.0,5160.0,4785.60009765625,4896.0,4896.0,8
2020-05-07,4848.0,5623.2001953125,4728.0,4848.0,4848.0,91
2020-05-08,4944.0,5448.0,4944.0,5160.0,5160.0,92
2020-05-11,5520.0,6720.0,5160.0,6120.0,6120.0,1460
2020-05-12,6576.0,7440.0,6048.0,6384.0,6384.0,1004
2020-05-13,5928.0,6384.0,4944.0,5760.0,5760.0,292
2020-05-14,5520.0,5520.0,4704.0,5376.0,5376.0,172
2020-05-15,4176.0,4320.0,3600.0,4008.0,4008.0,493
2020-05-18,3720.0,3904.800048828125,3168.0,3600.0,3600.0,265
2020-05-19,3600.0,4056.0,3600.0,3888.0,3888.0,139
2020-05-20,3864.0,3864.0,3600.0,3768.0,3768.0,97
2020-05-21,3720.0,3840.0,3600.0,3720.0,3720.0,56
2020-05-22,3624.0,3816.0,3600.0,3756.0,3756.0,67
2020-05-26,3960.0,4104.0,3792.0,4104.0,4104.0,135
2020-05-27,4200.0,4560.0,3960.0,4392.0,4392.0,158
2020-05-28,4536.0,4776.0,4248.0,4512.0,4512.0,190
2020-05-29,4728.0,5520.0,4416.0,4584.0,4584.0,261
2020-06-01,4800.0,4845.60009765625,4440.0,4680.0,4680.0,100
2020-06-02,4728.0,5256.0,4560.0,4872.0,4872.0,185
2020-06-03,5088.0,5328.0,4800.0,4824.0,4824.0,164
2020-06-04,4848.0,4944.0,4584.0,4752.0,4752.0,95
2020-06-05,4872.0,4872.0,4392.0,4632.0,4632.0,166
2020-06-08,4824.0,5364.0,4584.0,4872.0,4872.0,322
2020-06-09,4776.0,5016.0,4680.0,4776.0,4776.0,77
2020-06-10,4800.0,5208.0,4704.0,4968.0,4968.0,111
2020-06-11,4728.0,4920.0,4272.0,4416.0,4416.0,122
2020-06-12,4632.0,4680.0,4320.0,4368.0,4368.0,56
2020-06-15,4344.0,4411.2001953125,3840.0,4368.0,4368.0,81
2020-06-16,4440.0,4608.0,4224.0,4512.0,4512.0,45
2020-06-17,4488.0,5400.0,4464.0,5040.0,5040.0,331
2020-06-18,5040.0,5448.0,4752.0,4968.0,4968.0,206
2020-06-19,4968.0,5016.0,4704.0,4704.0,4704.0,60
2020-06-22,4752.0,4843.2001953125,4416.0,4656.0,4656.0,53
2020-06-23,4680.0,5976.0,4584.0,5244.0,5244.0,581
2020-06-24,5040.0,5092.7998046875,4704.0,4896.0,4896.0,102
2020-06-25,4800.0,5208.0,4776.0,4992.0,4992.0,77
2020-06-26,4872.0,5136.0,4728.0,5040.0,5040.0,100
2020-06-29,5040.0,5448.0,4824.0,4968.0,4968.0,126
2020-06-30,4992.0,5040.0,4800.0,4800.0,4800.0,64
2020-07-01,4992.0,5016.0,4548.0,4872.0,4872.0,95
2020-07-02,4848.0,4944.0,4608.0,4776.0,4776.0,57
2020-07-06,4944.0,5143.2001953125,4680.0,4920.0,4920.0,92
2020-07-07,4872.0,4968.0,4728.0,4872.0,4872.0,37
2020-07-08,4776.0,4850.39990234375,4656.0,4656.0,4656.0,50
2020-07-09,4728.0,4920.0,4608.0,4896.0,4896.0,41
2020-07-10,4824.0,4872.0,4656.0,4728.0,4728.0,44
2020-07-13,4656.0,4920.0,4632.0,4776.0,4776.0,39
2020-07-14,4752.0,5616.0,4680.0,4872.0,4872.0,435
2020-07-15,4872.0,4944.0,4728.0,4776.0,4776.0,76
2020-07-16,5016.0,5496.0,4896.0,5476.7998046875,5476.7998046875,185
2020-07-17,5592.0,8064.0,5352.0,5976.0,5976.0,2134
2020-07-20,5640.0,6168.0,4392.0,4800.0,4800.0,526
2020-07-21,5088.0,5640.0,4632.0,4872.0,4872.0,157
2020-07-22,4872.0,4968.0,4704.0,4752.0,4752.0,99
2020-07-23,4752.0,4848.0,4392.0,4680.0,4680.0,106
2020-07-24,4728.0,4848.0,4536.0,4728.0,4728.0,51
2020-07-27,4680.0,4800.0,4440.0,4584.0,4584.0,77
2020-07-28,4560.0,4584.0,4200.0,4368.0,4368.0,96
2020-07-29,4368.0,4560.0,4320.0,4416.0,4416.0,43
2020-07-30,4488.0,4512.0,4344.0,4392.0,4392.0,36
2020-07-31,4344.0,4488.0,4320.0,4320.0,4320.0,43
2020-08-03,4320.0,4488.0,4320.0,4368.0,4368.0,66
2020-08-04,4392.0,5016.0,4392.0,4920.0,4920.0,398
2020-08-05,4680.0,4968.0,4560.0,4680.0,4680.0,118
2020-08-06,4800.0,5160.0,4800.0,4992.0,4992.0,164
2020-08-07,4992.0,4992.0,4464.0,4656.0,4656.0,144
2020-08-10,4704.0,5088.0,4584.0,4992.0,4992.0,202
2020-08-11,4968.0,5088.0,4584.0,4608.0,4608.0,168
2020-08-12,4800.0,5256.0,4080.0,4272.0,4272.0,830
2020-08-13,4008.0,4248.0,4008.0,4200.0,4200.0,117
2020-08-14,4200.0,4320.0,4056.0,4248.0,4248.0,72
2020-08-17,4248.0,4272.0,3984.0,4032.0,4032.0,104
2020-08-18,4080.0,4152.0,3984.0,4032.0,4032.0,50
2020-08-19,4008.0,4128.0,3864.0,4080.0,4080.0,44
2020-08-20,4080.0,4272.0,4008.0,4128.0,4128.0,37
2020-08-21,4080.0,4104.0,3912.0,3960.0,3960.0,39
2020-08-24,3936.0,4032.0,3648.0,3720.0,3720.0,61
2020-08-25,3720.0,3816.0,3408.0,3744.0,3744.0,65
2020-08-26,3744.0,3792.0,3576.0,3576.0,3576.0,27
2020-08-27,3624.0,3700.800048828125,3480.0,3672.0,3672.0,20
2020-08-28,3672.0,3744.0,3504.0,3576.0,3576.0,37
2020-08-31,3600.0,3708.0,3288.0,3432.0,3432.0,74
2020-09-01,3288.0,3480.0,3288.0,3480.0,3480.0,41
2020-09-02,3840.0,3840.0,3360.0,3504.0,3504.0,98
2020-09-03,3504.0,3744.0,3504.0,3648.0,3648.0,36
2020-09-04,3648.0,3816.0,3312.0,3576.0,3576.0,75
2020-09-08,3576.0,3648.0,3336.0,3600.0,3600.0,16
2020-09-09,3576.0,3696.0,3492.0,3600.0,3600.0,39
2020-09-10,3720.0,4008.0,3600.0,3960.0,3960.0,99
2020-09-11,3888.0,3984.0,3744.0,3864.0,3864.0,22
2020-09-14,3792.0,3864.0,3600.0,3816.0,3816.0,6
2020-09-15,3744.0,3936.0,3744.0,3864.0,3864.0,18
2020-09-16,3864.0,3864.0,3648.0,3696.0,3696.0,13
2020-09-17,3648.0,3840.0,3648.0,3816.0,3816.0,26
2020-09-18,3792.0,3840.0,3720.0,3768.0,3768.0,8
2020-09-21,3720.0,3720.0,3480.0,3600.0,3600.0,20
2020-09-22,3624.0,3696.0,3528.0,3600.0,3600.0,9
2020-09-23,3648.0,3840.0,3576.0,3816.0,3816.0,37
2020-09-24,3840.0,3840.0,3624.0,3624.0,3624.0,12
2020-09-25,3600.0,3816.0,3528.0,3816.0,3816.0,25
2020-09-28,4440.0,4440.0,3816.0,4128.0,4128.0,260
2020-09-29,4272.0,4416.0,3912.0,4368.0,4368.0,105
2020-09-30,4440.0,4632.0,4320.0,4512.0,4512.0,88
2020-10-01,4512.0,4560.0,4200.0,4224.0,4224.0,34
2020-10-02,4080.0,4368.0,3912.0,4272.0,4272.0,39
2020-10-05,4272.0,4483.2001953125,4176.0,4224.0,4224.0,15
2020-10-06,4224.0,5112.0,4224.0,5088.0,5088.0,163
2020-10-07,5304.0,5304.0,4680.0,4776.0,4776.0,73
2020-10-08,4896.0,4944.0,4320.0,4814.39990234375,4814.39990234375,55
2020-10-09,4848.0,4848.0,4584.0,4608.0,4608.0,22
2020-10-12,4848.0,4956.0,4560.0,4560.0,4560.0,14
2020-10-13,4560.0,4776.0,4368.0,4512.0,4512.0,9
2020-10-14,4632.0,4680.0,4464.0,4512.0,4512.0,3
2020-10-15,4560.0,4560.0,4320.0,4368.0,4368.0,8
2020-10-16,4320.0,4560.0,4320.0,4392.0,4392.0,11
2020-10-19,4392.0,4392.0,4080.0,4152.0,4152.0,12
2020-10-20,4152.0,4245.60009765625,3960.0,3984.0,3984.0,23
2020-10-21,4080.0,4248.0,4044.0,4176.0,4176.0,11
2020-10-22,4272.0,4272.0,3600.0,3840.0,3840.0,52
2020-10-23,4080.0,7680.0,4032.0,4200.0,4200.0,4809
2020-10-26,4080.0,4104.0,3336.0,3528.0,3528.0,306
2020-10-27,3600.0,3741.60009765625,3408.0,3480.0,3480.0,83
2020-10-28,3360.0,3432.0,3192.0,3264.0,3264.0,110
2020-10-29,3408.0,3504.0,3312.0,3504.0,3504.0,40
2020-10-30,3480.0,3528.0,3312.0,3384.0,3384.0,36
2020-11-02,3384.0,3432.0,3240.0,3360.0,3360.0,20
2020-11-03,3312.0,3456.0,3276.0,3360.0,3360.0,33
2020-11-04,3336.0,3480.0,3264.0,3360.0,3360.0,26
2020-11-05,3312.0,3434.39990234375,3264.0,3384.0,3384.0,34
2020-11-06,3456.0,3480.0,3264.0,3360.0,3360.0,51
2020-11-09,3408.0,3456.0,3288.0,3432.0,3432.0,39
2020-11-10,3432.0,3528.0,3408.0,3480.0,3480.0,37
2020-11-11,3480.0,3480.0,3312.0,3384.0,3384.0,49
2020-11-12,3360.0,3432.0,3312.0,3384.0,3384.0,24
2020-11-13,3360.0,3420.0,3264.0,3336.0,3336.0,54
2020-11-16,3456.0,3456.0,3292.800048828125,3360.0,3360.0,35
2020-11-17,3360.0,3360.0,3264.0,3288.0,3288.0,16
2020-11-18,3312.0,3408.0,3300.0,3384.0,3384.0,33
2020-11-19,3408.0,3456.0,3336.0,3456.0,3456.0,16
2020-11-20,3439.199951171875,3600.0,3408.0,3480.0,3480.0,75
2020-11-23,3456.0,3456.0,3360.0,3456.0,3456.0,39
2020-11-24,3456.0,3600.0,3384.0,3568.800048828125,3568.800048828125,65
2020-11-25,3600.0,3777.60009765625,3552.0,3760.800048828125,3760.800048828125,82
2020-11-27,3816.0,4128.0,3780.0,4008.0,4008.0,61
2020-11-30,4032.0,4032.0,3720.0,3864.0,3864.0,36
2020-12-01,3912.0,3936.0,3792.0,3816.0,3816.0,31
2020-12-02,3744.0,3816.0,3408.0,3744.0,3744.0,55
2020-12-03,3600.0,3816.0,3600.0,3744.0,3744.0,25
2020-12-04,3696.0,3816.0,3648.0,3816.0,3816.0,17
2020-12-07,3768.0,4704.0,3768.0,4344.0,4344.0,1512
2020-12-08,3883.199951171875,4137.60009765625,3624.0,3744.0,3744.0,599
2020-12-09,3648.0,3720.0,3360.0,3528.0,3528.0,291
2020-12-10,3384.0,3528.0,3362.39990234375,3456.0,3456.0,74
2020-12-11,3480.0,3480.0,3384.0,3432.0,3432.0,66
2020-12-14,3480.0,3552.0,3408.0,3480.0,3480.0,51
2020-12-15,3480.0,3528.0,3432.0,3504.0,3504.0,36
2020-12-16,3504.0,3528.0,3384.0,3528.0,3528.0,34
2020-12-17,3480.0,3528.0,3441.60009765625,3528.0,3528.0,43
2020-12-18,3432.0,3528.0,3408.0,3408.0,3408.0,94
2020-12-21,3504.0,5112.0,3432.0,3840.0,3840.0,2865
2020-12-22,3840.0,3859.199951171875,3480.0,3744.0,3744.0,183
2020-12-23,3696.0,4320.0,3696.0,4128.0,4128.0,401
2020-12-24,4056.0,4104.0,3720.0,3960.0,3960.0,148
2020-12-28,3936.0,4800.0,3847.199951171875,4200.0,4200.0,507
2020-12-29,4200.0,4536.0,4008.0,4368.0,4368.0,135
2020-12-30,4368.0,4466.39990234375,4008.0,4176.0,4176.0,160
2020-12-31,4248.0,4248.0,4008.0,4140.0,4140.0,49
2021-01-04,4032.0,4104.0,3840.0,4080.0,4080.0,86
2021-01-05,4008.0,4296.0,3960.0,4080.0,4080.0,84
2021-01-06,4200.0,4464.0,3984.0,4104.0,4104.0,142
2021-01-07,4104.0,4320.0,4104.0,4248.0,4248.0,51
2021-01-08,4272.0,4536.0,4200.0,4272.0,4272.0,81
2021-01-11,4368.0,4776.0,4320.0,4560.0,4560.0,146
2021-01-12,4584.0,4720.7998046875,4440.0,4536.0,4536.0,59
2021-01-13,4680.0,4680.0,4368.0,4512.0,4512.0,60
2021-01-14,4584.0,4632.0,4416.0,4584.0,4584.0,53
2021-01-15,4656.0,4944.0,4464.0,4944.0,4944.0,280
2021-01-19,4872.0,5376.0,4800.0,5112.0,5112.0,321
2021-01-20,5712.0,5736.0,5112.0,5208.0,5208.0,453
2021-01-21,5232.0,5568.0,5040.0,5232.0,5232.0,183
2021-01-22,5280.0,5352.0,5040.0,5256.0,5256.0,139
2021-01-25,5376.0,5736.0,5088.0,5448.0,5448.0,231
2021-01-26,5568.0,5712.0,5325.60009765625,5448.0,5448.0,180
2021-01-27,5400.0,5400.0,4440.0,4656.0,4656.0,660
2021-01-28,4560.0,4704.0,4248.0,4560.0,4560.0,313
2021-01-29,4560.0,4584.0,4224.0,4272.0,4272.0,213
2021-02-01,4296.0,5040.0,4272.0,4920.0,4920.0,394
2021-02-02,4752.0,4785.60009765625,4440.0,4632.0,4632.0,184
2021-02-03,4800.0,5160.0,4704.0,4848.0,4848.0,545
2021-02-04,4992.0,4992.0,4632.0,4752.0,4752.0,167
2021-02-05,4776.0,5160.0,4634.39990234375,5016.0,5016.0,264
2021-02-08,5184.0,5280.0,4944.0,5040.0,5040.0,399
2021-02-09,5280.0,5472.0,5088.0,5376.0,5376.0,419
2021-02-10,5640.0,6240.0,5088.0,5160.0,5160.0,901
2021-02-11,5376.0,5640.0,5232.0,5304.0,5304.0,595
2021-02-12,5712.0,5832.0,5304.0,5472.0,5472.0,847
2021-02-16,5808.0,5880.0,5136.0,5136.0,5136.0,797
2021-02-17,5256.0,5496.0,4944.0,5184.0,5184.0,549
2021-02-18,5352.0,5424.0,4680.0,4872.0,4872.0,745
2021-02-19,4848.0,5016.0,4704.0,4896.0,4896.0,485
2021-02-22,4848.0,5136.0,4560.0,4896.0,4896.0,906
2021-02-23,4536.0,5352.0,4344.0,4848.0,4848.0,1675
2021-02-24,4776.0,5160.0,4728.0,4848.0,4848.0,655
2021-02-25,4896.0,4896.0,4440.0,4608.0,4608.0,455
2021-02-26,4464.0,4572.0,3912.0,4296.0,4296.0,605
2021-03-01,4320.0,4656.0,4128.0,4392.0,4392.0,454
2021-03-02,4368.0,4464.0,4008.0,4104.0,4104.0,330
2021-03-03,4128.0,4128.0,3864.0,4104.0,4104.0,213
2021-03-04,3816.0,4056.0,3456.0,3576.0,3576.0,420
2021-03-05,3624.0,3792.0,3120.0,3727.199951171875,3727.199951171875,346
2021-03-08,3936.0,3936.0,3600.0,3720.0,3720.0,140
2021-03-09,3840.0,4032.0,3720.0,4008.0,4008.0,410
2021-03-10,4008.0,4056.0,3720.0,3864.0,3864.0,231
2021-03-11,3960.0,4104.0,3792.0,4104.0,4104.0,196
2021-03-12,4032.0,4128.0,3945.60009765625,4128.0,4128.0,119
2021-03-15,4128.0,4248.0,3936.0,4176.0,4176.0,199
2021-03-16,4128.0,4248.0,3960.0,4080.0,4080.0,320
2021-03-17,3960.0,4224.0,3864.0,4104.0,4104.0,122
2021-03-18,4176.0,4248.0,4024.800048828125,4032.0,4032.0,1512
2021-03-19,7296.0,7536.0,5352.0,5448.0,5448.0,31736
2021-03-22,5160.0,5174.39990234375,4608.0,4776.0,4776.0,2258
2021-03-23,4531.2001953125,4632.0,4128.0,4224.0,4224.0,1213
2021-03-24,4560.0,4800.0,4320.0,4752.0,4752.0,1246
2021-03-25,4536.0,4920.0,4200.0,4728.0,4728.0,836
2021-03-26,4368.0,4512.0,4176.0,4272.0,4272.0,583
2021-03-29,4296.0,4536.0,4104.0,4128.0,4128.0,381
2021-03-30,3996.0,4056.0,3720.0,3768.0,3768.0,480
2021-03-31,3768.0,4044.0,3744.0,3984.0,3984.0,281
2021-04-01,3912.0,4464.0,3888.0,4416.0,4416.0,247
2021-04-05,4416.0,4416.0,4080.0,4176.0,4176.0,263
2021-04-06,4080.0,4272.0,4080.0,4200.0,4200.0,132
2021-04-07,4152.0,4238.39990234375,4008.0,4056.0,4056.0,136
2021-04-08,4056.0,4248.0,4032.0,4200.0,4200.0,167
2021-04-09,4224.0,4224.0,3912.0,4056.0,4056.0,190
2021-04-12,4032.0,4032.0,3744.0,3768.0,3768.0,167
2021-04-13,3720.0,3813.60009765625,3600.0,3792.0,3792.0,152
2021-04-14,3744.0,3885.60009765625,3708.0,3768.0,3768.0,100
2021-04-15,3816.0,3816.0,3600.0,3600.0,3600.0,115
2021-04-16,3600.0,3652.800048828125,3444.0,3528.0,3528.0,194
2021-04-19,3504.0,3744.0,3408.0,3720.0,3720.0,113
2021-04-20,3768.0,3768.0,3384.0,3456.0,3456.0,206
2021-04-21,3408.0,3816.0,3398.39990234375,3696.0,3696.0,121
2021-04-22,3756.0,3914.39990234375,3648.0,3840.0,3840.0,92
2021-04-23,3864.0,3936.0,3792.0,3864.0,3864.0,59
2021-04-26,3912.0,4008.0,3864.0,3936.0,3936.0,71
2021-04-27,3960.0,3984.0,3840.0,3936.0,3936.0,46
2021-04-28,3888.0,4104.0,3847.199951171875,4008.0,4008.0,109
2021-04-29,3960.0,4008.0,3816.0,3864.0,3864.0,72
2021-04-30,3888.0,3926.39990234375,3720.0,3744.0,3744.0,73
2021-05-03,3816.0,3864.0,3744.0,3816.0,3816.0,42
2021-05-04,3840.0,3840.0,3552.0,3648.0,3648.0,89
2021-05-05,3624.0,3984.0,3600.0,3744.0,3744.0,283
2021-05-06,3696.0,3840.0,3552.0,3600.0,3600.0,104
2021-05-07,3600.0,3756.0,3600.0,3672.0,3672.0,40
2021-05-10,3672.0,3780.0,3576.0,3648.0,3648.0,82
2021-05-11,3648.0,3768.0,3552.0,3696.0,3696.0,105
2021-05-12,3672.0,3744.0,3576.0,3600.0,3600.0,108
2021-05-13,3576.0,3720.0,3432.0,3672.0,3672.0,128
2021-05-14,3528.0,3648.0,3408.0,3408.0,3408.0,146
2021-05-17,3480.0,3600.0,3408.0,3576.0,3576.0,125
2021-05-18,3600.0,3936.0,3552.0,3888.0,3888.0,140
2021-05-19,3720.0,3936.0,3648.0,3828.0,3828.0,59
2021-05-20,3816.0,3936.0,3700.800048828125,3888.0,3888.0,133
2021-05-21,3888.0,3960.0,3816.0,3888.0,3888.0,73
2021-05-24,3960.0,3960.0,3792.0,3816.0,3816.0,42
2021-05-25,3768.0,3888.0,3696.0,3696.0,3696.0,114
2021-05-26,3672.0,3840.0,3672.0,3768.0,3768.0,52
2021-05-27,3744.0,3984.0,3744.0,3912.0,3912.0,80
2021-05-28,3912.0,3984.0,3816.0,3888.0,3888.0,61
2021-06-01,3936.0,4104.0,3888.0,4032.0,4032.0,123
2021-06-02,4056.0,4080.0,3888.0,4008.0,4008.0,120
2021-06-03,3984.0,4104.0,3936.0,4080.0,4080.0,123
2021-06-04,4104.0,4176.0,4032.0,4104.0,4104.0,110
2021-06-07,4152.0,4176.0,4056.0,4128.0,4128.0,64
2021-06-08,4128.0,4190.39990234375,4056.0,4104.0,4104.0,78
2021-06-09,4176.0,4296.0,4104.0,4272.0,4272.0,121
2021-06-10,4272.0,4464.0,4224.0,4440.0,4440.0,136
2021-06-11,4560.0,4560.0,4248.0,4344.0,4344.0,104
2021-06-14,4392.0,4432.7998046875,4152.0,4200.0,4200.0,81
2021-06-15,4200.0,4224.0,4041.60009765625,4080.0,4080.0,79
2021-06-16,4080.0,4104.0,3984.0,4008.0,4008.0,77
2021-06-17,3984.0,4128.0,3912.0,3912.0,3912.0,33
2021-06-18,3936.0,4008.0,3816.0,3816.0,3816.0,60
2021-06-21,3912.0,3960.0,3600.0,3744.0,3744.0,90
2021-06-22,3672.0,3864.0,3624.0,3768.0,3768.0,51
2021-06-23,3744.0,3840.0,3648.0,3696.0,3696.0,88
2021-06-24,3768.0,3840.0,3744.0,3816.0,3816.0,28
2021-06-25,3768.0,4008.0,3768.0,3984.0,3984.0,108
2021-06-28,4104.0,4152.0,3840.0,3936.0,3936.0,121
2021-06-29,3888.0,4008.0,3840.0,3864.0,3864.0,66
2021-06-30,3936.0,3936.0,3840.0,3864.0,3864.0,66
2021-07-01,3840.0,4104.0,3792.0,3960.0,3960.0,327
2021-07-02,3864.0,3912.0,3672.0,3672.0,3672.0,114
2021-07-06,4104.0,4608.0,3950.39990234375,4224.0,4224.0,1201
2021-07-07,4296.0,4296.0,3840.0,3888.0,3888.0,384
2021-07-08,3840.0,4104.0,3792.0,3960.0,3960.0,212
2021-07-09,4056.0,4104.0,3960.0,4080.0,4080.0,102
2021-07-12,4128.0,4152.0,4008.0,4056.0,4056.0,95
2021-07-13,3960.0,4008.0,3888.0,3936.0,3936.0,68
2021-07-14,3912.0,3972.0,3720.0,3792.0,3792.0,93
2021-07-15,3864.0,3878.39990234375,3720.0,3792.0,3792.0,62
2021-07-16,3840.0,3864.0,3768.0,3768.0,3768.0,18
2021-07-19,3720.0,3816.0,3624.0,3792.0,3792.0,80
2021-07-20,3744.0,3924.0,3744.0,3840.0,3840.0,53
2021-07-21,3816.0,3984.0,3816.0,3840.0,3840.0,57
2021-07-22,3792.0,3844.800048828125,3744.0,3792.0,3792.0,41
2021-07-23,3648.0,3840.0,3648.0,3696.0,3696.0,53
2021-07-26,3720.0,3840.0,3672.0,3756.0,3756.0,26
2021-07-27,3720.0,3768.0,3624.0,3624.0,3624.0,45
2021-07-28,3624.0,3720.0,3624.0,3648.0,3648.0,38
2021-07-29,3672.0,3720.0,3624.0,3648.0,3648.0,24
2021-07-30,3624.0,3720.0,3624.0,3648.0,3648.0,39
2021-08-02,3624.0,3792.0,3624.0,3696.0,3696.0,24
2021-08-03,3672.0,3672.0,3624.0,3624.0,3624.0,37
2021-08-04,3624.0,3648.0,3528.0,3576.0,3576.0,58
2021-08-05,3576.0,3768.0,3504.0,3696.0,3696.0,85
2021-08-06,3672.0,3912.0,3648.0,3840.0,3840.0,62
2021-08-09,3792.0,3840.0,3720.0,3816.0,3816.0,36
2021-08-10,3864.0,3912.0,3696.0,3768.0,3768.0,37
2021-08-11,3720.0,3840.0,3672.0,3696.0,3696.0,36
2021-08-12,3720.0,3732.0,3624.0,3696.0,3696.0,51
2021-08-13,3792.0,3792.0,3600.0,3696.0,3696.0,65
2021-08-16,3624.0,3696.0,3600.0,3624.0,3624.0,52
2021-08-17,3624.0,3669.60009765625,3528.0,3648.0,3648.0,76
2021-08-18,3624.0,3720.0,3528.0,3600.0,3600.0,86
2021-08-19,3696.0,4176.0,3684.0,4008.0,4008.0,519
2021-08-20,3960.0,4008.0,3816.0,3960.0,3960.0,137
2021-08-23,3912.0,4344.0,3888.0,4176.0,4176.0,212
2021-08-24,4128.0,4344.0,4032.0,4248.0,4248.0,91
2021-08-25,4272.0,4416.0,4224.0,4320.0,4320.0,138
2021-08-26,4320.0,4392.0,3912.0,3936.0,3936.0,136
2021-08-27,3984.0,4248.0,3888.0,3888.0,3888.0,81
2021-08-30,3864.0,4008.0,3864.0,3984.0,3984.0,26
2021-08-31,3960.0,4152.0,3960.0,4152.0,4152.0,58
2021-09-01,4080.0,4176.0,4008.0,4032.0,4032.0,21
2021-09-02,4032.0,4152.0,3984.0,4056.0,4056.0,53
2021-09-03,4056.0,4104.0,4012.800048828125,4056.0,4056.0,21
2021-09-07,4056.0,4152.0,3960.0,4056.0,4056.0,26
2021-09-08,4056.0,4056.0,3912.0,3960.0,3960.0,26
2021-09-09,4008.0,4272.0,4008.0,4128.0,4128.0,55
2021-09-10,4032.0,4173.60009765625,4008.0,4080.0,4080.0,54
2021-09-13,4060.800048828125,4176.0,3986.39990234375,4104.0,4104.0,21
2021-09-14,4080.0,4101.60009765625,3936.0,3936.0,3936.0,29
2021-09-15,3936.0,3957.60009765625,3720.0,3816.0,3816.0,39
2021-09-16,3792.0,3892.800048828125,3744.0,3792.0,3792.0,29
2021-09-17,3840.0,3960.0,3768.0,3960.0,3960.0,29
2021-09-20,3816.0,3960.0,3696.0,3744.0,3744.0,40
2021-09-21,3768.0,3816.0,3696.0,3744.0,3744.0,21
2021-09-22,3744.0,3840.0,3648.0,3720.0,3720.0,122
2021-09-23,3720.0,3744.0,3684.0,3720.0,3720.0,16
2021-09-24,3696.0,3792.0,3696.0,3744.0,3744.0,22
2021-09-27,3768.0,3888.0,3720.0,3768.0,3768.0,58
2021-09-28,3720.0,3804.0,3720.0,3720.0,3720.0,20
2021-09-29,3720.0,3765.60009765625,3624.0,3624.0,3624.0,45
2021-09-30,3648.0,3696.0,3600.0,3624.0,3624.0,27
2021-10-01,3672.0,3787.199951171875,3600.0,3624.0,3624.0,15
2021-10-04,3744.0,3744.0,3552.0,3576.0,3576.0,22
2021-10-05,3624.0,3650.39990234375,3552.0,3600.0,3600.0,19
2021-10-06,3600.0,3648.0,3528.0,3648.0,3648.0,25
2021-10-07,3672.0,3672.0,3552.0,3576.0,3576.0,36
2021-10-08,3616.800048828125,3624.0,3504.0,3552.0,3552.0,28
2021-10-11,3504.0,3600.0,3504.0,3564.0,3564.0,37
2021-10-12,3576.0,3576.0,3528.0,3576.0,3576.0,16
2021-10-13,3530.39990234375,3576.0,3504.0,3552.0,3552.0,14
2021-10-14,3552.0,3576.0,3504.0,3576.0,3576.0,28
2021-10-15,3576.0,3576.0,3528.0,3552.0,3552.0,9
2021-10-18,3552.0,3648.0,3504.0,3616.800048828125,3616.800048828125,32
2021-10-19,3648.0,3720.0,3559.199951171875,3720.0,3720.0,19
2021-10-20,3672.0,3720.0,3585.60009765625,3648.0,3648.0,9
2021-10-21,3624.0,3744.0,3576.0,3624.0,3624.0,16
2021-10-22,3580.800048828125,3672.0,3552.0,3554.39990234375,3554.39990234375,13
2021-10-25,3552.0,3576.0,3432.0,3504.0,3504.0,43
2021-10-26,3432.0,3624.0,3410.39990234375,3552.0,3552.0,2019
2021-10-27,3552.0,3816.0,3456.0,3672.0,3672.0,519
2021-10-28,3600.0,3792.0,3504.0,3552.0,3552.0,125
2021-10-29,3576.0,3648.0,3528.0,3528.0,3528.0,45
2021-11-01,3528.0,3684.0,3504.0,3648.0,3648.0,61
2021-11-02,3600.0,3648.0,3600.0,3648.0,3648.0,29
2021-11-03,3648.0,3744.0,3602.39990234375,3624.0,3624.0,50
2021-11-04,3624.0,3744.0,3624.0,3696.0,3696.0,30
2021-11-05,3648.0,3864.0,3600.0,3792.0,3792.0,63
2021-11-08,3720.0,4044.0,3720.0,3912.0,3912.0,117
2021-11-09,3960.0,3991.199951171875,3770.39990234375,3960.0,3960.0,31
2021-11-10,3840.0,3960.0,3720.0,3720.0,3720.0,85
2021-11-11,3648.0,3888.0,3648.0,3792.0,3792.0,50
2021-11-12,3768.0,3792.0,3662.39990234375,3792.0,3792.0,19
2021-11-15,3744.0,3792.0,3720.0,3768.0,3768.0,17
2021-11-16,3768.0,3768.0,3600.0,3720.0,3720.0,33
2021-11-17,3672.0,3739.199951171875,3600.0,3600.0,3600.0,75
2021-11-18,3648.0,3648.0,3384.0,3384.0,3384.0,149
2021-11-19,3432.0,3456.0,3264.0,3312.0,3312.0,61
2021-11-22,3384.0,3384.0,3168.0,3240.0,3240.0,98
2021-11-23,3240.0,3240.0,3120.0,3120.0,3120.0,59
2021-11-24,3120.0,3240.0,3072.0,3192.0,3192.0,70
2021-11-26,3192.0,3213.60009765625,3072.0,3120.0,3120.0,44
2021-11-29,3120.0,3144.0,3000.0,3000.0,3000.0,46
2021-11-30,3024.0,3048.0,2952.0,2976.0,2976.0,48
2021-12-01,2976.0,3048.0,2856.0,2856.0,2856.0,52
2021-12-02,2832.0,2880.0,2664.0,2688.0,2688.0,89
2021-12-03,2688.0,2688.0,2376.0,2520.0,2520.0,198
2021-12-06,2496.0,2568.0,2424.0,2472.0,2472.0,49
2021-12-07,2496.0,2568.0,2395.199951171875,2424.0,2424.0,99
2021-12-08,2424.0,2544.0,2424.0,2472.0,2472.0,75
2021-12-09,2496.0,2784.0,2472.0,2616.0,2616.0,184
2021-12-10,2616.0,2664.0,2544.0,2544.0,2544.0,45
2021-12-13,2592.0,2616.0,2472.0,2544.0,2544.0,22
2021-12-14,2520.0,2616.0,2448.0,2616.0,2616.0,35
2021-12-15,2520.0,2568.0,2448.0,2496.0,2496.0,85
2021-12-16,2520.0,2568.0,2472.0,2520.0,2520.0,40
2021-12-17,2472.0,2520.0,2448.0,2520.0,2520.0,19
2021-12-20,2472.0,2496.0,2400.0,2496.0,2496.0,21
2021-12-21,2448.0,2496.0,2376.0,2472.0,2472.0,77
2021-12-22,2496.0,2616.0,2496.0,2520.0,2520.0,93
2021-12-23,2496.0,2568.0,2400.0,2520.0,2520.0,60
2021-12-27,2448.0,2544.0,2448.0,2472.0,2472.0,59
2021-12-28,2424.0,2544.0,2424.0,2469.60009765625,2469.60009765625,96
2021-12-29,2424.0,2496.0,2251.199951171875,2251.199951171875,2251.199951171875,75
2021-12-30,2342.39990234375,2448.0,2253.60009765625,2400.0,2400.0,60
2021-12-31,2424.0,2424.0,2330.39990234375,2349.60009765625,2349.60009765625,58
2022-01-03,2352.0,2592.0,2344.800048828125,2472.0,2472.0,73
2022-01-04,2448.0,2496.0,2424.0,2448.0,2448.0,24
2022-01-05,2448.0,2484.0,2407.199951171875,2424.0,2424.0,44
2022-01-06,2376.0,2472.0,2332.800048828125,2472.0,2472.0,47
2022-01-07,2448.0,2448.0,2388.0,2448.0,2448.0,16
2022-01-10,2400.0,2400.0,2280.0,2328.0,2328.0,42
2022-01-11,2280.0,2376.0,2222.39990234375,2354.39990234375,2354.39990234375,11
2022-01-12,2376.0,2424.0,2328.0,2400.0,2400.0,24
2022-01-13,2424.0,2448.0,2352.0,2424.0,2424.0,31
2022-01-14,2337.60009765625,2400.0,2337.60009765625,2376.0,2376.0,13
2022-01-18,2352.0,2383.199951171875,2294.39990234375,2296.800048828125,2296.800048828125,12
2022-01-19,2280.0,2376.0,2236.800048828125,2373.60009765625,2373.60009765625,27
2022-01-20,2352.0,2400.0,2284.800048828125,2313.60009765625,2313.60009765625,30
2022-01-21,2313.60009765625,2313.60009765625,2160.0,2160.0,2160.0,83
2022-01-24,2136.0,2136.0,1881.5999755859375,2064.0,2064.0,62
2022-01-25,2208.0,2208.0,2100.0,2100.0,2100.0,62
2022-01-26,2184.0,2376.0,2160.0,2232.0,2232.0,61
2022-01-27,2232.0,2241.60009765625,2064.0,2112.0,2112.0,36
2022-01-28,2073.60009765625,2138.39990234375,2016.0,2136.0,2136.0,26
2022-01-31,2136.0,2287.199951171875,2136.0,2280.0,2280.0,11
2022-02-01,2280.0,2304.0,2232.0,2248.800048828125,2248.800048828125,27
2022-02-02,2256.0,2280.0,2136.0,2217.60009765625,2217.60009765625,22
2022-02-03,2188.800048828125,2256.0,2160.0,2167.199951171875,2167.199951171875,11
2022-02-04,2232.0,2232.0,2136.0,2208.0,2208.0,21
2022-02-07,2208.0,2256.0,2160.0,2256.0,2256.0,8
2022-02-08,2232.0,2316.0,2160.0,2248.800048828125,2248.800048828125,29
2022-02-09,2280.0,2356.800048828125,2275.199951171875,2292.0,2292.0,10
2022-02-10,2328.0,2344.800048828125,2280.0,2320.800048828125,2320.800048828125,10
2022-02-11,2328.0,2328.0,2160.0,2193.60009765625,2193.60009765625,53
2022-02-14,2196.0,2196.0,1944.0,1965.5999755859375,1965.5999755859375,124
2022-02-15,1968.0,2114.39990234375,1968.0,2073.60009765625,2073.60009765625,42
2022-02-16,2112.0,2112.0,1920.0,1977.5999755859375,1977.5999755859375,37
2022-02-17,1987.199951171875,1996.800048828125,1920.0,1965.5999755859375,1965.5999755859375,10
2022-02-18,1968.0,2001.5999755859375,1867.199951171875,1963.199951171875,1963.199951171875,31
2022-02-22,1968.0,1968.0,1756.800048828125,1920.0,1920.0,37
2022-02-23,1924.800048828125,1924.800048828125,1776.0,1848.0,1848.0,14
2022-02-24,1800.0,1824.0,1704.0,1797.5999755859375,1797.5999755859375,51
2022-02-25,1848.0,1872.0,1740.0,1831.199951171875,1831.199951171875,32
2022-02-28,1807.199951171875,1896.0,1807.199951171875,1836.0,1836.0,11
2022-03-01,1848.0,1848.0,1716.0,1812.0,1812.0,22
2022-03-02,1848.0,1888.800048828125,1716.0,1809.5999755859375,1809.5999755859375,47
2022-03-03,1848.0,1848.0,1800.0,1848.0,1848.0,4
2022-03-04,1848.0,1864.800048828125,1764.0,1766.4000244140625,1766.4000244140625,18
2022-03-07,1728.0,1752.0,1716.0,1728.0,1728.0,13
2022-03-08,1728.0,1728.0,1622.4000244140625,1728.0,1728.0,48
2022-03-09,1704.0,1920.0,1704.0,1920.0,1920.0,56
2022-03-10,1862.4000244140625,2760.0,1802.4000244140625,2256.0,2256.0,1269
2022-03-11,2136.0,2160.0,1627.199951171875,1771.199951171875,1771.199951171875,289
2022-03-14,1768.800048828125,1776.0,1658.4000244140625,1660.800048828125,1660.800048828125,45
2022-03-15,1608.0,1706.4000244140625,1514.4000244140625,1593.5999755859375,1593.5999755859375,71
2022-03-16,1632.0,1663.199951171875,1543.199951171875,1639.199951171875,1639.199951171875,57
2022-03-17,1632.0,1728.0,1584.0,1728.0,1728.0,30
2022-03-18,1728.0,1800.0,1718.4000244140625,1778.4000244140625,1778.4000244140625,39
2022-03-21,1778.4000244140625,1848.0,1704.0,1728.0,1728.0,57
2022-03-22,1900.800048828125,2544.0,1800.0,1996.800048828125,1996.800048828125,2327
2022-03-23,1996.800048828125,2013.5999755859375,1790.4000244140625,1831.199951171875,1831.199951171875,172
2022-03-24,1860.0,1867.199951171875,1778.4000244140625,1819.199951171875,1819.199951171875,59
2022-03-25,1826.4000244140625,1867.199951171875,1704.0,1752.0,1752.0,45
2022-03-28,1752.0,1920.0,1752.0,1848.0,1848.0,98
2022-03-29,1809.5999755859375,1920.0,1809.5999755859375,1848.0,1848.0,94
2022-03-30,1836.0,1836.0,1752.0,1776.0,1776.0,88
2022-03-31,1848.0,1879.199951171875,1752.0,1752.0,1752.0,41
2022-04-01,1778.4000244140625,1800.0,1687.199951171875,1704.0,1704.0,27
2022-04-04,1800.0,1896.0,1704.0,1785.5999755859375,1785.5999755859375,136
2022-04-05,1768.800048828125,1800.0,1704.0,1713.5999755859375,1713.5999755859375,27
2022-04-06,1773.5999755859375,1773.5999755859375,1634.4000244140625,1680.0,1680.0,17
2022-04-07,1680.0,1704.0,1608.0,1641.5999755859375,1641.5999755859375,17
2022-04-08,1639.199951171875,1725.5999755859375,1627.199951171875,1629.5999755859375,1629.5999755859375,28
2022-04-11,1629.5999755859375,1632.0,1536.0,1548.0,1548.0,60
2022-04-12,1560.0,1598.4000244140625,1528.800048828125,1528.800048828125,1528.800048828125,45
2022-04-13,1581.5999755859375,1680.0,1560.0,1651.199951171875,1651.199951171875,68
2022-04-14,1651.199951171875,1651.199951171875,1584.0,1622.4000244140625,1622.4000244140625,8
2022-04-18,1651.199951171875,1651.199951171875,1564.800048828125,1651.199951171875,1651.199951171875,15
2022-04-19,1656.0,1680.0,1598.4000244140625,1656.0,1656.0,39
2022-04-20,1672.800048828125,1672.800048828125,1610.4000244140625,1622.4000244140625,1622.4000244140625,9
2022-04-21,1680.0,1680.0,1536.0,1538.4000244140625,1538.4000244140625,10
2022-04-22,1540.800048828125,1555.199951171875,1512.0,1538.4000244140625,1538.4000244140625,16
2022-04-25,1524.0,1677.5999755859375,1512.0,1632.0,1632.0,13
2022-04-26,1632.0,1632.0,1512.0,1524.0,1524.0,17
2022-04-27,1519.199951171875,1579.199951171875,1466.4000244140625,1488.0,1488.0,16
2022-04-28,1632.0,1632.0,1488.0,1584.0,1584.0,24
2022-04-29,1656.0,1656.0,1555.199951171875,1639.199951171875,1639.199951171875,26
2022-05-02,1572.0,1632.0,1536.0,1632.0,1632.0,10
2022-05-03,1560.0,1560.0,1442.4000244140625,1471.199951171875,1471.199951171875,43
2022-05-04,1464.0,1543.199951171875,1454.4000244140625,1521.5999755859375,1521.5999755859375,12
2022-05-05,1512.0,1512.0,1440.0,1444.800048828125,1444.800048828125,9
2022-05-06,1440.0,1440.0,1344.0,1368.0,1368.0,28
2022-05-09,1308.0,1370.4000244140625,1216.800048828125,1224.0,1224.0,34
2022-05-10,1224.0,1276.800048828125,1212.0,1248.0,1248.0,17
2022-05-11,1226.4000244140625,1276.800048828125,1226.4000244140625,1240.800048828125,1240.800048828125,7
2022-05-12,1212.0,1296.0,1008.0,1233.5999755859375,1233.5999755859375,30
2022-05-13,1048.800048828125,1288.800048828125,931.2000122070312,1200.0,1200.0,31
2022-05-16,1272.0,1284.0,1209.5999755859375,1224.0,1224.0,13
2022-05-17,1236.0,1236.0,1118.4000244140625,1216.800048828125,1216.800048828125,27
2022-05-18,1219.199951171875,1219.199951171875,1128.0,1142.4000244140625,1142.4000244140625,9
2022-05-19,1178.4000244140625,1216.800048828125,1178.4000244140625,1202.4000244140625,1202.4000244140625,5
2022-05-20,1152.0,1200.0,1104.0,1152.0,1152.0,6
2022-05-23,1176.0,1192.800048828125,1159.199951171875,1178.4000244140625,1178.4000244140625,8
2022-05-24,1130.4000244140625,1200.0,1128.0,1185.5999755859375,1185.5999755859375,11
2022-05-25,1130.4000244140625,1272.0,1130.4000244140625,1207.199951171875,1207.199951171875,28
2022-05-26,1140.0,1224.0,1140.0,1152.0,1152.0,29
2022-05-27,1200.0,1200.0,1106.4000244140625,1183.199951171875,1183.199951171875,18
2022-05-31,1166.4000244140625,1195.199951171875,1140.0,1190.4000244140625,1190.4000244140625,11
2022-06-01,1224.0,1248.0,1190.4000244140625,1224.0,1224.0,18
2022-06-02,1190.4000244140625,1240.800048828125,1190.4000244140625,1216.800048828125,1216.800048828125,6
2022-06-03,1248.0,1260.0,1216.800048828125,1238.4000244140625,1238.4000244140625,13
2022-06-06,1272.0,1305.5999755859375,1255.199951171875,1300.800048828125,1300.800048828125,3
2022-06-07,1296.0,1348.800048828125,1248.0,1296.0,1296.0,9
2022-06-08,1320.0,1344.0,1296.0,1303.199951171875,1303.199951171875,9
2022-06-09,1327.199951171875,1327.199951171875,1252.800048828125,1252.800048828125,1252.800048828125,5
2022-06-10,1252.800048828125,1264.800048828125,1176.0,1224.0,1224.0,7
2022-06-13,1272.0,1272.0,1176.0,1195.199951171875,1195.199951171875,4
2022-06-14,1176.0,1387.199951171875,1130.4000244140625,1209.5999755859375,1209.5999755859375,15
2022-06-15,1320.0,1368.0,1207.199951171875,1320.0,1320.0,28
2022-06-16,1344.0,1358.4000244140625,1264.800048828125,1341.5999755859375,1341.5999755859375,10
2022-06-17,1344.0,1344.0,1135.199951171875,1248.0,1248.0,12
2022-06-21,1248.0,1286.4000244140625,1152.0,1180.800048828125,1180.800048828125,12
2022-06-22,1164.0,1288.800048828125,1152.0,1152.0,1152.0,4
2022-06-23,1200.0,1284.0,1164.0,1216.800048828125,1216.800048828125,6
2022-06-24,1224.0,1281.5999755859375,1164.0,1281.5999755859375,1281.5999755859375,10
2022-06-27,1281.5999755859375,1416.0,1281.5999755859375,1416.0,1416.0,19
2022-06-28,1348.800048828125,1416.0,1344.0,1392.0,1392.0,11
2022-06-29,1411.199951171875,1440.0,1176.0,1293.5999755859375,1293.5999755859375,31
2022-06-30,1226.4000244140625,1284.0,1209.5999755859375,1264.800048828125,1264.800048828125,7
2022-07-01,1308.0,1334.4000244140625,1269.5999755859375,1324.800048828125,1324.800048828125,3
2022-07-05,1296.0,1336.800048828125,1176.0,1214.4000244140625,1214.4000244140625,14
2022-07-06,1312.800048828125,1368.0,1298.4000244140625,1312.800048828125,1312.800048828125,8
2022-07-07,1312.800048828125,1368.0,1176.0,1236.0,1236.0,39
2022-07-08,1236.0,1308.0,1236.0,1276.800048828125,1276.800048828125,2
2022-07-11,1276.800048828125,1320.0,1224.0,1252.800048828125,1252.800048828125,6
2022-07-12,1226.4000244140625,1296.0,1173.5999755859375,1224.0,1224.0,4
2022-07-13,1202.4000244140625,1248.0,1202.4000244140625,1248.0,1248.0,5
2022-07-14,1231.199951171875,1248.0,1224.0,1248.0,1248.0,1
2022-07-15,1224.0,1248.0,1224.0,1248.0,1248.0,2
2022-07-18,1272.0,1320.0,1224.0,1233.5999755859375,1233.5999755859375,8
2022-07-19,1224.0,1320.0,1224.0,1272.0,1272.0,4
2022-07-20,1272.0,1272.0,1200.0,1200.0,1200.0,8
2022-07-21,1200.0,1255.199951171875,1164.0,1166.4000244140625,1166.4000244140625,14
2022-07-22,1224.0,1320.0,1224.0,1228.800048828125,1228.800048828125,20
2022-07-25,1226.4000244140625,1296.0,1226.4000244140625,1269.5999755859375,1269.5999755859375,5
2022-07-26,1248.0,1269.5999755859375,1200.0,1200.0,1200.0,4
2022-07-27,1207.199951171875,1296.0,1200.0,1200.0,1200.0,11
2022-07-28,1212.0,1296.0,1200.0,1252.800048828125,1252.800048828125,7
2022-07-29,1245.5999755859375,1291.199951171875,1212.0,1291.199951171875,1291.199951171875,6
2022-08-01,1281.5999755859375,1488.0,1281.5999755859375,1464.0,1464.0,65
2022-08-02,1512.0,1548.0,1368.0,1512.0,1512.0,28
2022-08-03,1545.5999755859375,1608.0,1490.4000244140625,1564.800048828125,1564.800048828125,32
2022-08-04,1632.0,1728.0,1560.0,1622.4000244140625,1622.4000244140625,40
2022-08-05,1680.0,1680.0,1584.0,1617.5999755859375,1617.5999755859375,10
2022-08-08,1584.0,1651.199951171875,1564.800048828125,1632.0,1632.0,20
2022-08-09,1634.4000244140625,1728.0,1560.0,1584.0,1584.0,14
2022-08-10,1536.0,1680.0,1536.0,1593.5999755859375,1593.5999755859375,14
2022-08-11,1680.0,1752.0,1612.800048828125,1651.199951171875,1651.199951171875,38
2022-08-12,1608.0,1608.0,1413.5999755859375,1440.0,1440.0,56
2022-08-15,1464.0,1488.0,1346.4000244140625,1368.0,1368.0,44
2022-08-16,1332.0,1389.5999755859375,1320.0,1320.0,1320.0,4
2022-08-17,1336.800048828125,1353.5999755859375,1200.0,1293.5999755859375,1293.5999755859375,27
2022-08-18,1312.800048828125,1320.0,1224.0,1296.0,1296.0,32
2022-08-19,1389.5999755859375,1389.5999755859375,1248.0,1264.800048828125,1264.800048828125,9
2022-08-22,1267.199951171875,1344.0,1248.0,1296.0,1296.0,8
2022-08-23,1344.0,1368.0,1332.0,1365.5999755859375,1365.5999755859375,6
2022-08-24,1344.0,1389.5999755859375,1296.0,1377.5999755859375,1377.5999755859375,16
2022-08-25,1368.0,1418.4000244140625,1320.0,1344.0,1344.0,10
2022-08-26,1334.4000244140625,1344.0,1324.800048828125,1344.0,1344.0,2
2022-08-29,1344.0,1351.199951171875,1204.800048828125,1351.199951171875,1351.199951171875,11
2022-08-30,1284.0,1392.0,1284.0,1322.4000244140625,1322.4000244140625,8
2022-08-31,1255.199951171875,1392.0,1255.199951171875,1344.0,1344.0,8
2022-09-01,1392.0,1392.0,1159.199951171875,1200.0,1200.0,21
2022-09-02,1224.0,1224.0,1147.199951171875,1152.0,1152.0,12
2022-09-06,1118.4000244140625,1176.0,1116.0,1116.0,1116.0,7
2022-09-07,1140.0,1204.800048828125,1080.0,1080.0,1080.0,21
2022-09-08,1092.0,1137.5999755859375,1087.199951171875,1087.199951171875,1087.199951171875,4
2022-09-09,1080.0,1135.199951171875,931.2000122070312,1080.0,1080.0,86
2022-09-12,1116.0,1116.0,1027.199951171875,1034.4000244140625,1034.4000244140625,9
2022-09-13,1022.4000244140625,1075.199951171875,1022.4000244140625,1053.5999755859375,1053.5999755859375,5
2022-09-14,1053.5999755859375,1080.0,986.4000244140625,1008.0,1008.0,15
2022-09-15,1058.4000244140625,1101.5999755859375,1008.0,1063.199951171875,1063.199951171875,27
2022-09-16,1056.0,1056.0,986.4000244140625,1032.0,1032.0,12
2022-09-19,1008.0,1008.0,936.0,1008.0,1008.0,41
2022-09-20,1008.0,1008.0,936.0,996.0,996.0,4
2022-09-21,962.4000244140625,1032.0,960.0,1032.0,1032.0,4
2022-09-22,984.0,984.0,840.0,936.0,936.0,22
2022-09-23,960.0,960.0,856.7999877929688,931.2000122070312,931.2000122070312,7
2022-09-26,840.0,976.7999877929688,840.0,883.2000122070312,883.2000122070312,7
2022-09-27,849.5999755859375,1029.5999755859375,808.7999877929688,1029.5999755859375,1029.5999755859375,9
2022-09-28,948.0,974.4000244140625,912.0,974.4000244140625,974.4000244140625,8
2022-09-29,912.0,972.0,912.0,940.7999877929688,940.7999877929688,4
2022-09-30,924.0,962.4000244140625,840.0,842.4000244140625,842.4000244140625,13
2022-10-03,799.2000122070312,1029.5999755859375,799.2000122070312,880.7999877929688,880.7999877929688,55
2022-10-04,912.0,936.0,888.0,914.4000244140625,914.4000244140625,8
2022-10-05,936.0,936.0,847.2000122070312,864.0,864.0,5
2022-10-06,820.7999877929688,878.4000244140625,820.7999877929688,856.7999877929688,856.7999877929688,9
2022-10-07,888.0,936.0,760.7999877929688,760.7999877929688,760.7999877929688,9
2022-10-10,768.0,775.2000122070312,760.7999877929688,760.7999877929688,760.7999877929688,25
2022-10-11,736.7999877929688,736.7999877929688,648.0,672.0,672.0,27
2022-10-12,696.0,696.0,612.0,612.0,612.0,46
2022-10-13,602.4000244140625,660.0,602.4000244140625,602.4000244140625,602.4000244140625,24
2022-10-14,600.0,712.7999877929688,600.0,612.0,612.0,17
2022-10-17,554.4000244140625,681.5999755859375,554.4000244140625,576.0,576.0,23
2022-10-18,681.5999755859375,681.5999755859375,525.5999755859375,556.7999877929688,556.7999877929688,341
2022-10-19,840.0,1344.0,744.0,816.0,816.0,16517
2022-10-20,736.7999877929688,818.4000244140625,626.4000244140625,672.0,672.0,620
2022-10-21,660.0,660.0,192.0,540.0,540.0,931
2022-10-24,540.0,540.0,408.0,511.20001220703125,511.20001220703125,210
2022-10-25,432.0,472.79998779296875,364.79998779296875,451.20001220703125,451.20001220703125,398
2022-10-26,434.3999938964844,516.0,420.0,446.3999938964844,446.3999938964844,265
2022-10-27,453.6000061035156,472.79998779296875,420.0,429.6000061035156,429.6000061035156,86
2022-10-28,417.6000061035156,446.3999938964844,384.0,403.20001220703125,403.20001220703125,145
2022-10-31,480.0,489.6000061035156,408.0,417.6000061035156,417.6000061035156,96
2022-11-01,408.0,441.6000061035156,408.0,422.3999938964844,422.3999938964844,118
2022-11-02,432.0,439.20001220703125,408.0,427.20001220703125,427.20001220703125,69
2022-11-03,432.0,432.0,372.0,386.3999938964844,386.3999938964844,69
2022-11-04,372.0,403.20001220703125,372.0,388.79998779296875,388.79998779296875,34
2022-11-07,412.79998779296875,456.0,412.79998779296875,424.79998779296875,424.79998779296875,58
2022-11-08,424.79998779296875,432.0,336.0,372.0,372.0,117
2022-11-09,360.0,384.0,324.0,376.79998779296875,376.79998779296875,38
2022-11-10,355.20001220703125,384.0,340.79998779296875,357.6000061035156,357.6000061035156,30
2022-11-11,408.0,408.0,357.6000061035156,376.79998779296875,376.79998779296875,66
2022-11-14,376.79998779296875,410.3999938964844,336.0,345.6000061035156,345.6000061035156,101
2022-11-15,360.0,926.4000244140625,340.79998779296875,468.0,468.0,21884
2022-11-16,468.0,478.79998779296875,285.6000061035156,390.0,390.0,4756
2022-11-17,328.79998779296875,369.6000061035156,320.3999938964844,354.0,354.0,809
2022-11-18,340.79998779296875,366.0,314.5199890136719,363.6000061035156,363.6000061035156,563
2022-11-21,342.0,352.79998779296875,326.3999938964844,341.3999938964844,341.3999938964844,310
2022-11-22,346.79998779296875,411.6000061035156,320.5199890136719,391.20001220703125,391.20001220703125,1002
2022-11-23,406.79998779296875,409.0799865722656,367.20001220703125,382.79998779296875,382.79998779296875,528
2022-11-25,382.79998779296875,391.20001220703125,374.3999938964844,384.0,384.0,71
2022-11-28,382.79998779296875,400.79998779296875,345.6000061035156,348.0,348.0,403
2022-11-29,375.6000061035156,391.20001220703125,348.0,378.0,378.0,365
2022-11-30,375.6000061035156,377.3999938964844,344.3999938964844,348.0,348.0,136
2022-12-01,354.0,365.5199890136719,349.20001220703125,351.6000061035156,351.6000061035156,93
2022-12-02,351.6000061035156,421.20001220703125,351.6000061035156,364.79998779296875,364.79998779296875,551
2022-12-05,379.20001220703125,379.20001220703125,360.1199951171875,373.20001220703125,373.20001220703125,163
2022-12-06,369.6000061035156,405.6000061035156,321.6000061035156,330.0,330.0,431
2022-12-07,321.0,329.3999938964844,292.79998779296875,310.79998779296875,310.79998779296875,405
2022-12-08,302.3999938964844,308.3999938964844,287.6400146484375,289.20001220703125,289.20001220703125,128
2022-12-09,291.6000061035156,308.760009765625,291.3599853515625,304.32000732421875,304.32000732421875,73
2022-12-12,295.20001220703125,308.3999938964844,295.20001220703125,298.20001220703125,298.20001220703125,100
2022-12-13,306.0,408.0,300.0,342.0,342.0,2560
2022-12-14,320.3999938964844,327.0,295.20001220703125,324.6000061035156,324.6000061035156,150
2022-12-15,313.20001220703125,379.20001220703125,312.8399963378906,350.3999938964844,350.3999938964844,434
2022-12-16,350.3999938964844,361.20001220703125,312.0,316.79998779296875,316.79998779296875,327
2022-12-19,334.79998779296875,358.55999755859375,321.0,342.0,342.0,308
2022-12-20,333.6000061035156,338.3999938964844,308.3999938964844,337.20001220703125,337.20001220703125,103
2022-12-21,336.0,347.2799987792969,318.0,334.79998779296875,334.79998779296875,27
2022-12-22,338.3999938964844,349.0799865722656,326.3999938964844,328.79998779296875,328.79998779296875,27
2022-12-23,330.9599914550781,373.0799865722656,330.0,342.0,342.0,267
2022-12-27,351.6000061035156,354.0,336.0,336.0,336.0,103
2022-12-28,360.0,360.0,308.1600036621094,318.0,318.0,145
2022-12-29,309.7200012207031,349.20001220703125,309.7200012207031,339.239990234375,339.239990234375,83
2022-12-30,338.3999938964844,374.3999938964844,326.8800048828125,370.79998779296875,370.79998779296875,304
2023-01-03,369.6000061035156,492.0,364.79998779296875,402.0,402.0,1010
2023-01-04,421.20001220703125,424.79998779296875,325.20001220703125,357.6000061035156,357.6000061035156,493
2023-01-05,340.79998779296875,396.0,340.79998779296875,368.3999938964844,368.3999938964844,187
2023-01-06,394.79998779296875,401.3999938964844,371.3999938964844,396.0,396.0,91
2023-01-09,397.20001220703125,498.0,394.20001220703125,470.3999938964844,470.3999938964844,928
2023-01-10,487.20001220703125,556.7999877929688,447.1199951171875,528.0,528.0,775
2023-01-11,558.0,558.0,482.3999938964844,514.7999877929688,514.7999877929688,257
2023-01-12,499.20001220703125,512.4000244140625,487.20001220703125,504.0,504.0,71
2023-01-13,501.6000061035156,552.0,501.6000061035156,550.7999877929688,550.7999877929688,130
2023-01-17,552.0,595.0800170898438,535.2000122070312,549.5999755859375,549.5999755859375,360
2023-01-18,541.2000122070312,570.0,411.6000061035156,418.79998779296875,418.79998779296875,378
2023-01-19,441.6000061035156,477.9599914550781,439.0799865722656,469.20001220703125,469.20001220703125,148
2023-01-20,474.7200012207031,476.3999938964844,450.0,469.20001220703125,469.20001220703125,103
2023-01-23,441.6000061035156,464.3999938964844,441.6000061035156,462.0,462.0,168
2023-01-24,462.6000061035156,510.0,462.0,463.20001220703125,463.20001220703125,130
2023-01-25,454.79998779296875,483.6000061035156,454.79998779296875,476.3999938964844,476.3999938964844,61
2023-01-26,478.20001220703125,483.3599853515625,458.3999938964844,470.2799987792969,470.2799987792969,33
2023-01-27,469.20001220703125,496.79998779296875,469.20001220703125,484.79998779296875,484.79998779296875,37
2023-01-30,489.6000061035156,496.79998779296875,470.0400085449219,480.0,480.0,41
2023-01-31,459.6000061035156,504.4800109863281,457.20001220703125,459.6000061035156,459.6000061035156,103
2023-02-01,456.0,477.6000061035156,441.6000061035156,468.0,468.0,90
2023-02-02,466.79998779296875,513.5999755859375,465.6000061035156,487.20001220703125,487.20001220703125,128
2023-02-03,504.6000061035156,530.4000244140625,499.20001220703125,505.20001220703125,505.20001220703125,352
2023-02-06,531.5999755859375,809.52001953125,457.20001220703125,534.0,534.0,17107
2023-02-07,540.0,546.0,398.3999938964844,444.0,444.0,9908
2023-02-08,429.6000061035156,468.0,372.0,372.0,372.0,20287
2023-02-09,369.6000061035156,369.6000061035156,302.3999938964844,316.79998779296875,316.79998779296875,4525
2023-02-10,307.20001220703125,342.3599853515625,271.20001220703125,274.79998779296875,274.79998779296875,2775
2023-02-13,278.3999938964844,309.6000061035156,264.8399963378906,270.0,270.0,5030
2023-02-14,270.0,297.6000061035156,229.1999969482422,242.39999389648438,242.39999389648438,2639
2023-02-15,250.8000030517578,264.0,229.1999969482422,258.0,258.0,877
2023-02-16,258.0,273.6000061035156,250.8000030517578,260.3999938964844,260.3999938964844,1058
2023-02-17,258.0,264.0,240.0,254.39999389648438,254.39999389648438,651
2023-02-21,261.6000061035156,261.6000061035156,226.8000030517578,235.1999969482422,235.1999969482422,968
2023-02-22,232.8000030517578,242.39999389648438,220.8000030517578,233.0399932861328,233.0399932861328,780
2023-02-23,243.60000610351562,243.60000610351562,228.0,236.39999389648438,236.39999389648438,483
2023-02-24,234.0,237.60000610351562,222.0,232.1999969482422,232.1999969482422,614
2023-02-27,232.8000030517578,270.0,224.39999389648438,255.60000610351562,255.60000610351562,1993
2023-02-28,267.6000061035156,270.0,248.39999389648438,253.1999969482422,253.1999969482422,1104
2023-03-01,254.39999389648438,258.0,243.60000610351562,250.8000030517578,250.8000030517578,331
2023-03-02,243.60000610351562,250.8000030517578,234.0,248.39999389648438,248.39999389648438,568
2023-03-03,247.1999969482422,255.60000610351562,241.1999969482422,249.60000610351562,249.60000610351562,259
2023-03-06,246.0,254.8800048828125,224.39999389648438,228.0,228.0,602
2023-03-07,220.8000030517578,232.8000030517578,216.0,230.39999389648438,230.39999389648438,471
2023-03-08,230.39999389648438,230.39999389648438,206.39999389648438,209.39999389648438,209.39999389648438,815
2023-03-09,206.39999389648438,210.0,192.0,195.24000549316406,195.24000549316406,766
2023-03-10,193.1999969482422,195.60000610351562,182.39999389648438,192.0,192.0,433
2023-03-13,187.1999969482422,193.1999969482422,177.60000610351562,182.39999389648438,182.39999389648438,473
2023-03-14,187.1999969482422,250.0800018310547,183.60000610351562,217.1999969482422,217.1999969482422,2002
2023-03-15,199.1999969482422,233.8800048828125,198.9600067138672,230.39999389648438,230.39999389648438,301
2023-03-16,234.0,234.0,211.1999969482422,225.9600067138672,225.9600067138672,231
2023-03-17,228.0,228.0,193.1999969482422,201.60000610351562,201.60000610351562,711
2023-03-20,216.0,216.0,186.0,190.8000030517578,190.8000030517578,398
2023-03-21,187.1999969482422,206.39999389648438,186.1199951171875,205.1999969482422,205.1999969482422,378
2023-03-22,213.60000610351562,253.55999755859375,202.8000030517578,225.60000610351562,225.60000610351562,3665
2023-03-23,217.1999969482422,219.60000610351562,171.60000610351562,176.39999389648438,176.39999389648438,2149
2023-03-24,170.39999389648438,178.8000030517578,165.60000610351562,175.1999969482422,175.1999969482422,508
2023-03-27,177.0,177.0,157.1999969482422,162.0,162.0,468
2023-03-28,163.1999969482422,165.60000610351562,159.60000610351562,159.60000610351562,159.60000610351562,129
2023-03-29,166.8000030517578,202.8000030517578,161.52000427246094,182.39999389648438,182.39999389648438,1771
2023-03-30,180.0,183.60000610351562,174.0,178.8000030517578,178.8000030517578,475
2023-03-31,178.8000030517578,182.39999389648438,174.0,178.8000030517578,178.8000030517578,414
2023-04-03,178.8000030517578,194.39999389648438,175.8000030517578,183.60000610351562,183.60000610351562,393
2023-04-04,180.0,190.8000030517578,180.0,184.8000030517578,184.8000030517578,319
2023-04-05,222.0,290.3999938964844,193.1999969482422,217.1999969482422,217.1999969482422,47500
2023-04-06,214.8000030517578,224.39999389648438,193.1999969482422,204.0,204.0,2772
2023-04-10,204.0,240.0,148.8000030517578,156.0,156.0,9101
2023-04-11,147.60000610351562,147.60000610351562,122.4000015258789,139.1999969482422,139.1999969482422,2808
2023-04-12,151.1999969482422,168.0,139.1999969482422,165.60000610351562,165.60000610351562,1778
2023-04-13,158.39999389648438,162.0,147.60000610351562,156.0,156.0,784
2023-04-14,156.0,164.39999389648438,146.39999389648438,151.1999969482422,151.1999969482422,789
2023-04-17,147.60000610351562,160.8000030517578,147.60000610351562,152.39999389648438,152.39999389648438,805
2023-04-18,152.39999389648438,194.39999389648438,147.60000610351562,184.8000030517578,184.8000030517578,5353
2023-04-19,193.1999969482422,202.8000030517578,180.0,181.1999969482422,181.1999969482422,3268
2023-04-20,182.52000427246094,188.75999450683594,163.0800018310547,166.8000030517578,166.8000030517578,1543
2023-04-21,166.9199981689453,186.0,165.60000610351562,171.60000610351562,171.60000610351562,831
2023-04-24,170.39999389648438,176.39999389648438,152.39999389648438,152.39999389648438,152.39999389648438,938
2023-04-25,154.8000030517578,164.39999389648438,153.83999633789062,154.8000030517578,154.8000030517578,388
2023-04-26,157.1999969482422,158.39999389648438,144.72000122070312,150.0,150.0,298
2023-04-27,147.60000610351562,155.0399932861328,136.8000030517578,141.60000610351562,141.60000610351562,648
2023-04-28,138.0,151.1999969482422,133.1999969482422,141.60000610351562,141.60000610351562,561
2023-05-01,144.0,147.60000610351562,141.60000610351562,145.1999969482422,145.1999969482422,358
2023-05-02,141.60000610351562,182.39999389648438,138.0,158.39999389648438,158.39999389648438,2958
2023-05-03,160.8000030517578,186.0,153.60000610351562,158.39999389648438,158.39999389648438,1813
2023-05-04,162.0,164.27999877929688,150.1199951171875,152.39999389648438,152.39999389648438,353
2023-05-05,150.0,164.52000427246094,150.0,156.0,156.0,443
2023-05-08,171.60000610351562,192.0,158.39999389648438,160.8000030517578,160.8000030517578,2337
2023-05-09,160.8000030517578,168.1199951171875,151.1999969482422,159.60000610351562,159.60000610351562,378
2023-05-10,154.8000030517578,168.9600067138672,152.39999389648438,165.60000610351562,165.60000610351562,592
2023-05-11,165.60000610351562,175.1999969482422,159.60000610351562,171.60000610351562,171.60000610351562,337
2023-05-12,146.39999389648438,163.1999969482422,144.0,155.39999389648438,155.39999389648438,256
2023-05-15,151.1999969482422,166.8000030517578,151.1999969482422,164.39999389648438,164.39999389648438,146
2023-05-16,167.27999877929688,167.8800048828125,156.24000549316406,159.60000610351562,159.60000610351562,197
2023-05-17,153.60000610351562,164.39999389648438,153.60000610351562,158.39999389648438,158.39999389648438,74
2023-05-18,164.39999389648438,164.39999389648438,154.8000030517578,158.39999389648438,158.39999389648438,254
2023-05-19,164.39999389648438,174.0,153.60000610351562,157.1999969482422,157.1999969482422,979
2023-05-22,159.60000610351562,162.1199951171875,152.39999389648438,160.8000030517578,160.8000030517578,154
2023-05-23,159.60000610351562,159.60000610351562,148.8000030517578,150.0,150.0,293
2023-05-24,150.0,166.8000030517578,142.8000030517578,165.60000610351562,165.60000610351562,270
2023-05-25,159.60000610351562,164.39999389648438,156.0,156.0,156.0,110
2023-05-26,160.8000030517578,160.8000030517578,150.0,152.39999389648438,152.39999389648438,93
2023-05-30,150.0,153.24000549316406,145.1999969482422,146.39999389648438,146.39999389648438,207
2023-05-31,147.60000610351562,147.60000610351562,141.1199951171875,141.60000610351562,141.60000610351562,2106
2023-06-01,158.39999389648438,164.39999389648438,145.1999969482422,153.60000610351562,153.60000610351562,2190
2023-06-02,157.1999969482422,157.1999969482422,146.39999389648438,151.1999969482422,151.1999969482422,244
2023-06-05,150.0,158.39999389648438,141.60000610351562,158.39999389648438,158.39999389648438,643
2023-06-06,153.60000610351562,165.1199951171875,152.39999389648438,159.60000610351562,159.60000610351562,370
2023-06-07,163.1999969482422,165.47999572753906,147.60000610351562,163.1999969482422,163.1999969482422,234
2023-06-08,164.39999389648438,164.39999389648438,157.1999969482422,164.39999389648438,164.39999389648438,61
2023-06-09,164.39999389648438,165.60000610351562,154.8000030517578,162.0,162.0,89
2023-06-12,159.60000610351562,160.8000030517578,152.39999389648438,152.39999389648438,152.39999389648438,132
2023-06-13,159.60000610351562,160.8000030517578,153.0,160.8000030517578,160.8000030517578,128
2023-06-14,156.0,160.8000030517578,153.60000610351562,158.39999389648438,158.39999389648438,139
2023-06-15,159.60000610351562,159.60000610351562,147.60000610351562,157.1999969482422,157.1999969482422,294
2023-06-16,159.60000610351562,160.8000030517578,146.39999389648438,146.39999389648438,146.39999389648438,196
2023-06-20,146.39999389648438,152.39999389648438,146.39999389648438,152.39999389648438,152.39999389648438,153
2023-06-21,147.60000610351562,151.1999969482422,138.1199951171875,146.39999389648438,146.39999389648438,388
2023-06-22,150.24000549316406,150.24000549316406,144.0,147.60000610351562,147.60000610351562,108
2023-06-23,147.60000610351562,148.8000030517578,141.60000610351562,141.60000610351562,141.60000610351562,86
2023-06-26,144.0,150.0,139.44000244140625,150.0,150.0,74
2023-06-27,147.60000610351562,150.0,143.39999389648438,147.60000610351562,147.60000610351562,43
2023-06-28,144.0,147.60000610351562,140.39999389648438,140.39999389648438,140.39999389648438,216
2023-06-29,139.1999969482422,150.0,139.1999969482422,139.1999969482422,139.1999969482422,213
2023-06-30,142.8000030517578,144.0,133.1999969482422,134.39999389648438,134.39999389648438,194
2023-07-03,135.60000610351562,142.8000030517578,135.60000610351562,142.8000030517578,142.8000030517578,59
2023-07-05,139.1999969482422,140.39999389648438,138.0,140.39999389648438,140.39999389648438,95
2023-07-06,135.60000610351562,140.39999389648438,134.39999389648438,140.39999389648438,140.39999389648438,110
2023-07-07,139.1999969482422,140.39999389648438,130.8000030517578,135.60000610351562,135.60000610351562,356
2023-07-10,138.0,138.0,132.0,132.0,132.0,271
2023-07-11,133.1999969482422,135.60000610351562,126.0,127.19999694824219,127.19999694824219,360
2023-07-12,127.19999694824219,130.67999267578125,114.0,120.0,120.0,724
2023-07-13,118.80000305175781,123.5999984741211,118.80000305175781,120.0,120.0,273
2023-07-14,116.4000015258789,121.19999694824219,109.19999694824219,117.5999984741211,117.5999984741211,332
2023-07-17,111.5999984741211,118.80000305175781,111.5999984741211,118.80000305175781,118.80000305175781,87
2023-07-18,114.0,121.19999694824219,113.16000366210938,115.19999694824219,115.19999694824219,213
2023-07-19,117.5999984741211,117.5999984741211,111.5999984741211,115.80000305175781,115.80000305175781,189
2023-07-20,116.4000015258789,116.4000015258789,109.19999694824219,114.23999786376953,114.23999786376953,170
2023-07-21,111.5999984741211,113.5199966430664,110.4000015258789,111.5999984741211,111.5999984741211,116
2023-07-24,115.19999694824219,115.19999694824219,111.5999984741211,111.5999984741211,111.5999984741211,213
2023-07-25,111.4800033569336,114.0,107.76000213623047,111.36000061035156,111.36000061035156,128
2023-07-26,113.04000091552734,113.04000091552734,109.80000305175781,113.04000091552734,113.04000091552734,43
2023-07-27,115.19999694824219,115.19999694824219,111.5999984741211,113.76000213623047,113.76000213623047,57
2023-07-28,111.5999984741211,113.63999938964844,109.19999694824219,113.16000366210938,113.16000366210938,201
2023-07-31,111.5999984741211,112.44000244140625,110.16000366210938,111.5999984741211,111.5999984741211,39
2023-08-01,109.19999694824219,112.91999816894531,109.19999694824219,109.19999694824219,109.19999694824219,97
2023-08-02,109.19999694824219,110.76000213623047,105.23999786376953,106.80000305175781,106.80000305175781,165
2023-08-03,105.5999984741211,108.0,104.5199966430664,105.5999984741211,105.5999984741211,71
2023-08-04,106.80000305175781,108.5999984741211,102.0,102.0,102.0,164
2023-08-07,103.19999694824219,106.55999755859375,103.19999694824219,105.0,105.0,111
2023-08-08,102.0,104.4000015258789,92.4000015258789,96.23999786376953,96.23999786376953,677
2023-08-09,98.63999938964844,98.63999938964844,91.80000305175781,96.0,96.0,128
2023-08-10,93.0,100.80000305175781,90.0,91.19999694824219,91.19999694824219,238
2023-08-11,97.19999694824219,100.08000183105469,81.4800033569336,91.19999694824219,91.19999694824219,398
2023-08-14,91.19999694824219,92.27999877929688,82.31999969482422,86.76000213623047,86.76000213623047,378
2023-08-15,85.19999694824219,91.19999694824219,85.19999694824219,90.0,90.0,108
2023-08-16,92.4000015258789,99.23999786376953,90.5999984741211,96.72000122070312,96.72000122070312,126
2023-08-17,97.19999694824219,97.19999694824219,92.5199966430664,94.08000183105469,94.08000183105469,80
2023-08-18,92.63999938964844,92.63999938964844,87.0,90.0,90.0,83
2023-08-21,87.0,97.19999694824219,86.16000366210938,87.0,87.0,102
2023-08-22,88.44000244140625,88.44000244140625,84.0,84.12000274658203,84.12000274658203,88
2023-08-23,88.31999969482422,88.31999969482422,84.0,86.27999877929688,86.27999877929688,58
2023-08-24,90.0,90.0,80.4000015258789,81.83999633789062,81.83999633789062,238
2023-08-25,79.19999694824219,88.08000183105469,72.5999984741211,77.04000091552734,77.04000091552734,238
2023-08-28,81.5999984741211,81.5999984741211,72.12000274658203,74.4000015258789,74.4000015258789,378
2023-08-29,73.91999816894531,76.08000183105469,68.76000213623047,69.5999984741211,69.5999984741211,424
2023-08-30,69.5999984741211,72.36000061035156,66.12000274658203,68.4000015258789,68.4000015258789,373
2023-08-31,68.4000015258789,71.87999725341797,66.12000274658203,69.36000061035156,69.36000061035156,364
2023-09-01,69.36000061035156,75.36000061035156,66.0,67.31999969482422,67.31999969482422,257
2023-09-05,64.44000244140625,71.16000366210938,58.79999923706055,66.0,66.0,898
2023-09-06,64.08000183105469,70.55999755859375,60.0,68.16000366210938,68.16000366210938,754
2023-09-07,71.5199966430664,72.0,62.52000045776367,68.4000015258789,68.4000015258789,334
2023-09-08,66.12000274658203,68.16000366210938,62.880001068115234,65.4000015258789,65.4000015258789,451
2023-09-11,66.83999633789062,70.31999969482422,62.15999984741211,66.36000061035156,66.36000061035156,521
2023-09-12,66.36000061035156,69.5999984741211,62.400001525878906,62.400001525878906,62.400001525878906,163
2023-09-13,65.27999877929688,67.80000305175781,54.2400016784668,64.80000305175781,64.80000305175781,496
2023-09-14,58.79999923706055,63.36000061035156,57.84000015258789,59.7599983215332,59.7599983215332,256
2023-09-15,61.20000076293945,61.20000076293945,55.20000076293945,60.0,60.0,685
2023-09-18,57.599998474121094,63.599998474121094,51.119998931884766,51.599998474121094,51.599998474121094,593
2023-09-19,52.79999923706055,59.400001525878906,51.599998474121094,54.0,54.0,2880
2023-09-20,57.599998474121094,61.560001373291016,55.20000076293945,58.79999923706055,58.79999923706055,1048
2023-09-21,60.0,60.0,54.0,54.0,54.0,183
2023-09-22,54.0,55.20000076293945,50.279998779296875,53.400001525878906,53.400001525878906,378
2023-09-25,51.0,55.20000076293945,49.31999969482422,50.52000045776367,50.52000045776367,124
2023-09-26,55.20000076293945,78.0,44.15999984741211,49.79999923706055,49.79999923706055,12719
2023-09-27,48.36000061035156,52.79999923706055,46.68000030517578,48.599998474121094,48.599998474121094,1228
2023-09-28,48.720001220703125,53.400001525878906,47.040000915527344,51.720001220703125,51.720001220703125,532
2023-09-29,50.279998779296875,51.720001220703125,49.20000076293945,50.400001525878906,50.400001525878906,139
2023-10-02,51.2400016784668,51.2400016784668,49.20000076293945,51.0,51.0,190
2023-10-03,52.79999923706055,54.0,45.36000061035156,46.439998626708984,46.439998626708984,697
2023-10-04,45.599998474121094,55.31999969482422,43.20000076293945,53.279998779296875,53.279998779296875,3280
2023-10-05,55.20000076293945,55.20000076293945,44.15999984741211,46.68000030517578,46.68000030517578,1979
2023-10-06,45.599998474121094,46.68000030517578,43.68000030517578,44.880001068115234,44.880001068115234,1098
2023-10-09,45.84000015258789,47.15999984741211,38.400001525878906,41.040000915527344,41.040000915527344,1428
2023-10-10,41.040000915527344,44.400001525878906,38.279998779296875,43.439998626708984,43.439998626708984,598
2023-10-11,45.599998474121094,45.599998474121094,38.400001525878906,42.119998931884766,42.119998931884766,1269
2023-10-12,45.599998474121094,48.0,40.31999969482422,44.400001525878906,44.400001525878906,8708
2023-10-13,44.63999938964844,45.599998474121094,37.31999969482422,40.560001373291016,40.560001373291016,2493
2023-10-16,41.040000915527344,41.040000915527344,38.7599983215332,40.560001373291016,40.560001373291016,508
2023-10-17,39.720001220703125,53.279998779296875,39.599998474121094,45.0,45.0,3499
2023-10-18,47.7599983215332,48.0,44.400001525878906,47.7599983215332,47.7599983215332,1193
2023-10-19,45.84000015258789,48.599998474121094,43.91999816894531,43.91999816894531,43.91999816894531,899
2023-10-20,43.20000076293945,46.79999923706055,43.20000076293945,43.79999923706055,43.79999923706055,222
2023-10-23,43.79999923706055,48.0,38.400001525878906,43.08000183105469,43.08000183105469,460
2023-10-24,43.20000076293945,43.439998626708984,37.31999969482422,40.560001373291016,40.560001373291016,633
2023-10-25,39.2400016784668,40.79999923706055,36.0,37.31999969482422,37.31999969482422,264
2023-10-26,36.2400016784668,39.84000015258789,36.0,37.20000076293945,37.20000076293945,203
2023-10-27,39.599998474121094,39.599998474121094,34.20000076293945,37.20000076293945,37.20000076293945,399
2023-10-30,37.20000076293945,39.720001220703125,36.0,36.599998474121094,36.599998474121094,104
2023-10-31,38.15999984741211,38.400001525878906,34.31999969482422,36.0,36.0,279
2023-11-01,35.880001068115234,39.119998931884766,33.599998474121094,35.400001525878906,35.400001525878906,174
2023-11-02,36.119998931884766,39.720001220703125,34.79999923706055,39.599998474121094,39.599998474121094,450
2023-11-03,39.720001220703125,42.47999954223633,37.79999923706055,39.720001220703125,39.720001220703125,224
2023-11-06,40.439998626708984,43.91999816894531,37.20000076293945,38.63999938964844,38.63999938964844,427
2023-11-07,37.31999969482422,41.880001068115234,33.599998474121094,34.20000076293945,34.20000076293945,857
2023-11-08,34.79999923706055,36.0,31.200000762939453,34.20000076293945,34.20000076293945,617
2023-11-09,37.20000076293945,45.599998474121094,36.599998474121094,41.63999938964844,41.63999938964844,5029
2023-11-10,36.0,38.7599983215332,26.520000457763672,28.68000030517578,28.68000030517578,5733
2023-11-13,38.880001068115234,39.959999084472656,25.200000762939453,25.200000762939453,25.200000762939453,124460
2023-11-14,24.239999771118164,25.200000762939453,21.0,21.360000610351562,21.360000610351562,12046
2023-11-15,22.799999237060547,26.399999618530273,21.719999313354492,21.719999313354492,21.719999313354492,14553
2023-11-16,24.719999313354492,26.15999984741211,21.0,21.84000015258789,21.84000015258789,11998
2023-11-17,26.0,30.799999237060547,22.700000762939453,23.399999618530273,23.399999618530273,215270
2023-11-20,24.100000381469727,29.700000762939453,23.899999618530273,29.700000762939453,29.700000762939453,70670
2023-11-21,29.700000762939453,30.799999237060547,25.5,28.0,28.0,14580
2023-11-22,27.5,27.700000762939453,24.600000381469727,24.600000381469727,24.600000381469727,10990
2023-11-24,23.100000381469727,23.399999618530273,20.0,21.700000762939453,21.700000762939453,14110
2023-11-27,18.899999618530273,22.200000762939453,17.5,18.799999237060547,18.799999237060547,154940
2023-11-28,11.5,11.699999809265137,8.710000038146973,9.300000190734863,9.300000190734863,214550
2023-11-29,8.729999542236328,10.0,8.729999542236328,9.300000190734863,9.300000190734863,80900
2023-11-30,10.0,10.0,8.800000190734863,9.600000381469727,9.600000381469727,29410
2023-12-01,9.350000381469727,9.789999961853027,9.149999618530273,9.609999656677246,9.609999656677246,25370
2023-12-04,9.609999656677246,10.399999618530273,9.100000381469727,9.75,9.75,44200
2023-12-05,9.399999618530273,9.6899995803833,8.0,8.210000038146973,8.210000038146973,39170
2023-12-06,8.0,8.109999656677246,7.0,7.019999980926514,7.019999980926514,53840
2023-12-07,7.199999809265137,7.449999809265137,6.099999904632568,6.949999809265137,6.949999809265137,26210
2023-12-08,6.929999828338623,6.929999828338623,6.400000095367432,6.599999904632568,6.599999904632568,19690
2023-12-11,7.0,7.0,5.630000114440918,5.800000190734863,5.800000190734863,33610
2023-12-12,6.059999942779541,6.139999866485596,5.199999809265137,5.590000152587891,5.590000152587891,11350
2023-12-13,5.440000057220459,5.699999809265137,5.300000190734863,5.659999847412109,5.659999847412109,8610
2023-12-14,6.800000190734863,9.84000015258789,6.0,7.599999904632568,7.599999904632568,568730
2023-12-15,7.599999904632568,7.699999809265137,5.71999979019165,5.849999904632568,5.849999904632568,107780
2023-12-18,6.800000190734863,7.599999904632568,6.5,7.0,7.0,176680
2023-12-19,6.800000190734863,7.400000095367432,6.420000076293945,6.599999904632568,6.599999904632568,50380
2023-12-20,6.420000076293945,6.860000133514404,6.230000019073486,6.599999904632568,6.599999904632568,22390
2023-12-21,6.699999809265137,7.699999809265137,6.5,7.590000152587891,7.590000152587891,49460
2023-12-22,8.649999618530273,9.699999809265137,7.210000038146973,7.900000095367432,7.900000095367432,529300
2023-12-26,7.900000095367432,8.369999885559082,7.210000038146973,8.010000228881836,8.010000228881836,55810
2023-12-27,7.599999904632568,9.34000015258789,7.599999904632568,8.630000114440918,8.630000114440918,474830
2023-12-28,15.5,21.399999618530273,12.100000381469727,17.299999237060547,17.299999237060547,7871820
2023-12-29,14.199999809265137,16.299999237060547,11.899999618530273,12.699999809265137,12.699999809265137,562950
2024-01-02,15.0,17.799999237060547,14.199999809265137,16.0,16.0,1317460
2024-01-03,15.199999809265137,16.0,14.0,14.100000381469727,14.100000381469727,213720
2024-01-04,13.800000190734863,14.199999809265137,12.789999961853027,13.199999809265137,13.199999809265137,77220
2024-01-05,13.0,13.300000190734863,11.699999809265137,12.0,12.0,91260
2024-01-08,13.5,14.399999618530273,12.300000190734863,12.699999809265137,12.699999809265137,108510
2024-01-09,12.399999618530273,12.890000343322754,11.899999618530273,12.100000381469727,12.100000381469727,44570
2024-01-10,12.600000381469727,12.600000381469727,11.800000190734863,12.300000190734863,12.300000190734863,26810
2024-01-11,11.899999618530273,12.100000381469727,11.0,11.399999618530273,11.399999618530273,51100
2024-01-12,11.100000381469727,12.100000381469727,10.300000190734863,10.899999618530273,10.899999618530273,35210
2024-01-16,10.100000381469727,10.899999618530273,9.170000076293945,9.239999771118164,9.239999771118164,41820
2024-01-17,9.0,9.5,8.430000305175781,8.800000190734863,8.800000190734863,17480
2024-01-18,8.5,8.600000381469727,8.0,8.40999984741211,8.40999984741211,20780
2024-01-19,8.5,8.800000190734863,7.099999904632568,7.710000038146973,7.710000038146973,21550
2024-01-22,7.539999961853027,7.599999904632568,6.289999961853027,7.25,7.25,24320
2024-01-23,7.199999809265137,9.699999809265137,7.199999809265137,9.199999809265137,9.199999809265137,52240
2024-01-24,9.199999809265137,9.199999809265137,8.239999771118164,8.59000015258789,8.59000015258789,17310
2024-01-25,8.699999809265137,8.800000190734863,8.210000038146973,8.210000038146973,8.210000038146973,10560
2024-01-26,8.399999618530273,8.399999618530273,7.5,7.809999942779541,7.809999942779541,12410
2024-01-29,8.819999694824219,8.819999694824219,8.220000267028809,8.399999618530273,8.399999618530273,23310
2024-01-30,8.350000381469727,8.5,8.100000381469727,8.170000076293945,8.170000076293945,12220
2024-01-31,8.109999656677246,8.399999618530273,7.590000152587891,7.849999904632568,7.849999904632568,10260
2024-02-01,7.940000057220459,8.699999809265137,7.610000133514404,8.699999809265137,8.699999809265137,17100
2024-02-02,8.5,9.100000381469727,8.100000381469727,9.0,9.0,11540
2024-02-05,9.100000381469727,11.0,9.0,10.699999809265137,10.699999809265137,190220
2024-02-06,10.5,10.800000190734863,9.800000190734863,10.600000381469727,10.600000381469727,23670
2024-02-07,10.600000381469727,12.300000190734863,10.0,11.199999809265137,11.199999809265137,51910
2024-02-08,11.699999809265137,11.890000343322754,9.699999809265137,10.199999809265137,10.199999809265137,43270
2024-02-09,10.199999809265137,10.899999618530273,10.0,10.600000381469727,10.600000381469727,13510
2024-02-12,11.5,13.300000190734863,11.100000381469727,11.899999618530273,11.899999618530273,242400
2024-02-13,12.0,12.0,10.0,11.0,11.0,36930
2024-02-14,11.300000190734863,11.399999618530273,10.25,10.300000190734863,10.300000190734863,35490
2024-02-15,10.699999809265137,11.699999809265137,10.300000190734863,10.600000381469727,10.600000381469727,40650
2024-02-16,11.399999618530273,11.489999771118164,10.399999618530273,10.899999618530273,10.899999618530273,22440
2024-02-20,11.0,11.279999732971191,10.300000190734863,10.600000381469727,10.600000381469727,25080
2024-02-21,10.5,12.0,10.5,11.5,11.5,26150
2024-02-22,10.899999618530273,10.899999618530273,8.5,9.220000267028809,9.220000267028809,62940
2024-02-23,9.100000381469727,9.600000381469727,8.0,8.869999885559082,8.869999885559082,42710
2024-02-26,9.0,9.5,8.699999809265137,9.119999885559082,9.119999885559082,28300
2024-02-27,9.470000267028809,9.75,8.899999618530273,9.25,9.25,11180
2024-02-28,9.199999809265137,9.359999656677246,9.0,9.100000381469727,9.100000381469727,5850
2024-02-29,9.399999618530273,9.399999618530273,8.539999961853027,9.0,9.0,11800
2024-03-01,9.100000381469727,9.100000381469727,8.600000381469727,8.90999984741211,8.90999984741211,12730
2024-03-04,8.800000190734863,8.899999618530273,8.529999732971191,8.630000114440918,8.630000114440918,15380
2024-03-05,8.600000381469727,8.829999923706055,8.5,8.800000190734863,8.800000190734863,4110
2024-03-06,8.899999618530273,9.100000381469727,8.600000381469727,8.970000267028809,8.970000267028809,3780
2024-03-07,8.800000190734863,8.890000343322754,8.600000381469727,8.600000381469727,8.600000381469727,8090
2024-03-08,8.5600004196167,8.800000190734863,8.5,8.520000457763672,8.520000457763672,3370
2024-03-11,8.5,8.65999984741211,8.5,8.600000381469727,8.600000381469727,5200
2024-03-12,8.699999809265137,8.699999809265137,8.319999694824219,8.329999923706055,8.329999923706055,4750
2024-03-13,8.779999732971191,8.779999732971191,8.40999984741211,8.5600004196167,8.5600004196167,1770
2024-03-14,8.369999885559082,8.600000381469727,7.349999904632568,7.599999904632568,7.599999904632568,31390
2024-03-15,7.75,8.25,7.300000190734863,7.309999942779541,7.309999942779541,10000
2024-03-18,7.53000020980835,7.699999809265137,7.110000133514404,7.179999828338623,7.179999828338623,9220
2024-03-19,7.400000095367432,7.699999809265137,7.300000190734863,7.389999866485596,7.389999866485596,3360
2024-03-20,7.5,7.800000190734863,7.409999847412109,7.590000152587891,7.590000152587891,6230
2024-03-21,7.539999961853027,7.800000190734863,7.400000095367432,7.5,7.5,4600
2024-03-22,7.5,7.849999904632568,6.630000114440918,6.880000114440918,6.880000114440918,11110
2024-03-25,6.800000190734863,7.289999961853027,6.800000190734863,7.019999980926514,7.019999980926514,4010
2024-03-26,7.199999809265137,7.199999809265137,6.889999866485596,6.889999866485596,6.889999866485596,3460
2024-03-27,6.889999866485596,7.300000190734863,6.800000190734863,6.980000019073486,6.980000019073486,4240
2024-03-28,6.900000095367432,7.0,6.800000190734863,6.829999923706055,6.829999923706055,5630
2024-04-01,6.980000019073486,7.199999809265137,6.880000114440918,7.0,7.0,5070
2024-04-02,6.71999979019165,7.150000095367432,6.71999979019165,6.889999866485596,6.889999866485596,1590
2024-04-03,6.710000038146973,7.099999904632568,6.699999809265137,7.0,7.0,3510
2024-04-04,6.800000190734863,7.159999847412109,6.75,6.849999904632568,6.849999904632568,4620
2024-04-05,6.829999923706055,6.869999885559082,6.650000095367432,6.650000095367432,6.650000095367432,4400
2024-04-08,6.650000095367432,6.96999979019165,6.300000190734863,6.739999771118164,6.739999771118164,7610
2024-04-09,6.679999828338623,6.960000038146973,6.25,6.349999904632568,6.349999904632568,7940
2024-04-10,6.349999904632568,7.420000076293945,6.150000095367432,7.300000190734863,7.300000190734863,15320
2024-04-11,7.199999809265137,8.15999984741211,6.900000095367432,7.409999847412109,7.409999847412109,20480
2024-04-12,7.800000190734863,9.109999656677246,7.199999809265137,8.369999885559082,8.369999885559082,32490
2024-04-15,8.600000381469727,9.489999771118164,7.860000133514404,7.869999885559082,7.869999885559082,32240
2024-04-16,7.900000095367432,8.220000267028809,7.349999904632568,7.5,7.5,10440
2024-04-17,7.800000190734863,8.0,7.21999979019165,7.300000190734863,7.300000190734863,5100
2024-04-18,7.199999809265137,7.699999809265137,7.0,7.0,7.0,4310
2024-04-19,7.400000095367432,7.789999961853027,7.0,7.179999828338623,7.179999828338623,5210
2024-04-22,7.400000095367432,7.429999828338623,7.0,7.429999828338623,7.429999828338623,2970
2024-04-23,7.590000152587891,7.599999904632568,7.099999904632568,7.409999847412109,7.409999847412109,3540
2024-04-24,7.5,7.800000190734863,7.159999847412109,7.610000133514404,7.610000133514404,2040
2024-04-25,7.309999942779541,7.5,7.0,7.5,7.5,3670
2024-04-26,7.28000020980835,7.5,7.199999809265137,7.289999961853027,7.289999961853027,2780
2024-04-29,7.599999904632568,7.599999904632568,7.21999979019165,7.440000057220459,7.440000057220459,1310
2024-04-30,7.25,7.599999904632568,7.159999847412109,7.599999904632568,7.599999904632568,2380
2024-05-01,7.159999847412109,7.889999866485596,7.159999847412109,7.880000114440918,7.880000114440918,4430
2024-05-02,8.0,9.149999618530273,7.800000190734863,8.630000114440918,8.630000114440918,20080
2024-05-03,8.800000190734863,8.800000190734863,8.399999618530273,8.619999885559082,8.619999885559082,6690
2024-05-06,8.75,8.75,7.900000095367432,8.40999984741211,8.40999984741211,16410
2024-05-07,8.390000343322754,8.800000190734863,8.199999809265137,8.199999809265137,8.199999809265137,6260
2024-05-08,8.489999771118164,8.699999809265137,8.0,8.430000305175781,8.430000305175781,5180
2024-05-09,8.90999984741211,9.489999771118164,8.399999618530273,9.1899995803833,9.1899995803833,24180
2024-05-10,9.399999618530273,9.399999618530273,6.5,6.789999961853027,6.789999961853027,38170
2024-05-13,7.0,7.489999771118164,6.800000190734863,6.900000095367432,6.900000095367432,17230
2024-05-14,6.829999923706055,7.059999942779541,6.409999847412109,6.460000038146973,6.460000038146973,6640
2024-05-15,6.5,6.960000038146973,6.139999866485596,6.690000057220459,6.690000057220459,9440
2024-05-16,6.75,7.199999809265137,6.320000171661377,6.829999923706055,6.829999923706055,10280
2024-05-17,6.699999809265137,7.190000057220459,6.539999961853027,6.900000095367432,6.900000095367432,5650
2024-05-20,7.0,7.199999809265137,6.929999828338623,7.079999923706055,7.079999923706055,1920
2024-05-21,6.829999923706055,7.5,6.829999923706055,7.400000095367432,7.400000095367432,4090
2024-05-22,7.699999809265137,9.800000190734863,7.5,8.0,8.0,176900
2024-05-23,7.300000190734863,7.480000019073486,6.96999979019165,7.400000095367432,7.400000095367432,12890
2024-05-24,7.170000076293945,7.820000171661377,6.860000133514404,7.010000228881836,7.010000228881836,12960
2024-05-28,7.199999809265137,7.800000190734863,7.010000228881836,7.400000095367432,7.400000095367432,7270
2024-05-29,7.519999980926514,7.699999809265137,7.110000133514404,7.309999942779541,7.309999942779541,8640
2024-05-30,7.269999980926514,7.699999809265137,7.099999904632568,7.300000190734863,7.300000190734863,2110
2024-05-31,7.619999885559082,7.699999809265137,7.150000095367432,7.489999771118164,7.489999771118164,3370
2024-06-03,7.210000038146973,7.679999828338623,7.199999809265137,7.599999904632568,7.599999904632568,1380
2024-06-04,7.5,7.5,7.199999809265137,7.210000038146973,7.210000038146973,5520
2024-06-05,7.5,7.5,7.019999980926514,7.300000190734863,7.300000190734863,2170
2024-06-06,7.300000190734863,7.449999809265137,7.0,7.289999961853027,7.289999961853027,4650
2024-06-07,7.230000019073486,7.400000095367432,6.559999942779541,6.880000114440918,6.880000114440918,5780
2024-06-10,7.110000133514404,7.110000133514404,5.820000171661377,7.099999904632568,7.099999904632568,7200
2024-06-11,6.880000114440918,7.150000095367432,6.400000095367432,6.989999771118164,6.989999771118164,2860
2024-06-12,6.599999904632568,6.980000019073486,6.349999904632568,6.699999809265137,6.699999809265137,3720
2024-06-13,6.699999809265137,6.699999809265137,6.199999809265137,6.400000095367432,6.400000095367432,2120
2024-06-14,6.590000152587891,6.599999904632568,6.300000190734863,6.449999809265137,6.449999809265137,2010
2024-06-17,6.449999809265137,6.489999771118164,5.510000228881836,5.849999904632568,5.849999904632568,7690
2024-06-18,5.650000095367432,6.300000190734863,5.610000133514404,6.010000228881836,6.010000228881836,10130
2024-06-20,6.5,6.599999904632568,6.0,6.050000190734863,6.050000190734863,4960
2024-06-21,6.099999904632568,6.099999904632568,5.610000133514404,5.900000095367432,5.900000095367432,8640
2024-06-24,5.949999809265137,5.949999809265137,5.599999904632568,5.710000038146973,5.710000038146973,2960
2024-06-25,6.0,6.5,5.78000020980835,6.349999904632568,6.349999904632568,19140
2024-06-26,6.460000038146973,6.460000038146973,5.940000057220459,6.300000190734863,6.300000190734863,5490
2024-06-27,6.019999980926514,6.019999980926514,5.710000038146973,5.710000038146973,5.710000038146973,4100
2024-06-28,5.769999980926514,6.0,5.429999828338623,5.760000228881836,5.760000228881836,7380
2024-07-01,5.989999771118164,5.989999771118164,5.610000133514404,5.789999961853027,5.789999961853027,810
2024-07-02,5.699999809265137,5.699999809265137,5.0,5.119999885559082,5.119999885559082,5300
2024-07-03,5.099999904632568,5.300000190734863,5.0,5.019999980926514,5.019999980926514,2580
2024-07-05,5.050000190734863,5.050000190734863,4.909999847412109,4.949999809265137,4.949999809265137,2710
2024-07-08,5.099999904632568,5.480000019073486,5.099999904632568,5.480000019073486,5.480000019073486,2930
2024-07-09,5.5,6.0,5.360000133514404,5.78000020980835,5.78000020980835,7660
2024-07-10,5.900000095367432,6.099999904632568,5.900000095367432,5.920000076293945,5.920000076293945,1270
2024-07-11,6.050000190734863,6.480000019073486,6.010000228881836,6.150000095367432,6.150000095367432,7250
2024-07-12,6.110000133514404,6.110000133514404,5.599999904632568,6.0,6.0,4280
2024-07-15,5.909999847412109,6.0,5.300000190734863,5.78000020980835,5.78000020980835,7700
2024-07-16,5.53000020980835,5.940000057220459,5.400000095367432,5.5,5.5,4910
2024-07-17,5.5,5.769999980926514,5.5,5.570000171661377,5.570000171661377,1080
2024-07-18,5.510000228881836,5.699999809265137,5.269999980926514,5.300000190734863,5.300000190734863,1760
2024-07-19,5.599999904632568,5.599999904632568,5.300000190734863,5.400000095367432,5.400000095367432,1320
2024-07-22,5.309999942779541,5.889999866485596,5.309999942779541,5.360000133514404,5.360000133514404,1610
2024-07-23,5.400000095367432,5.400000095367432,4.0,4.059999942779541,4.059999942779541,63050
2024-07-24,4.199999809265137,4.800000190734863,4.150000095367432,4.289999961853027,4.289999961853027,56450
2024-07-25,4.110000133514404,5.190000057220459,4.059999942779541,4.829999923706055,4.829999923706055,66700
2024-07-26,4.829999923706055,4.829999923706055,4.269999980926514,4.570000171661377,4.570000171661377,32100
2024-07-29,4.650000095367432,5.619999885559082,4.570000171661377,5.190000057220459,5.190000057220459,161000
2024-07-30,5.150000095367432,5.25,4.449999809265137,4.807000160217285,4.807000160217285,25600
2024-07-31,4.579999923706055,4.920000076293945,4.5,4.605000019073486,4.605000019073486,12000
2024-08-01,4.679999828338623,5.079999923706055,4.349999904632568,4.559999942779541,4.559999942779541,25300
2024-08-02,4.559999942779541,4.599999904632568,4.260000228881836,4.320000171661377,4.320000171661377,7200
2024-08-05,4.110000133514404,4.25,3.799999952316284,4.010000228881836,4.010000228881836,8300
2024-08-06,3.990000009536743,4.39900016784668,3.9000000953674316,4.110000133514404,4.110000133514404,17900
2024-08-07,4.090000152587891,4.385000228881836,3.8949999809265137,4.0,4.0,13900
2024-08-08,4.230000019073486,4.25,3.878999948501587,4.0,4.0,6600
2024-08-09,3.75,4.119999885559082,3.75,4.0,4.0,9200
2024-08-12,3.9179999828338623,3.990000009536743,3.869999885559082,3.869999885559082,3.869999885559082,2400
2024-08-13,3.880000114440918,4.199999809265137,3.799999952316284,4.079999923706055,4.079999923706055,41800
2024-08-14,3.990000009536743,4.079999923706055,3.752000093460083,3.7860000133514404,3.7860000133514404,15900
2024-08-15,3.88100004196167,3.88100004196167,3.8299999237060547,3.8299999237060547,3.8299999237060547,1200
2024-08-16,3.8399999141693115,4.189000129699707,3.75,4.184999942779541,4.184999942779541,18100
2024-08-19,4.170000076293945,4.71999979019165,4.170000076293945,4.321000099182129,4.321000099182129,23300
2024-08-20,4.420000076293945,4.5,4.0,4.480000019073486,4.480000019073486,21400
2024-08-21,4.449999809265137,4.929999828338623,4.449999809265137,4.807000160217285,4.807000160217285,14200
2024-08-22,4.75,5.800000190734863,4.75,4.849999904632568,4.849999904632568,25900
2024-08-23,4.340000152587891,4.389999866485596,3.8499999046325684,4.099999904632568,4.099999904632568,65000
2024-08-26,4.070000171661377,4.074999809265137,3.3499999046325684,3.700000047683716,3.700000047683716,65200
2024-08-27,3.700000047683716,3.700000047683716,2.6500000953674316,2.809999942779541,2.809999942779541,91500
2024-08-28,3.0199999809265137,3.1500000953674316,2.819999933242798,3.1500000953674316,3.1500000953674316,34700
2024-08-29,3.140000104904175,3.384999990463257,3.059999942779541,3.25,3.25,24500
2024-08-30,3.1600000858306885,3.1600000858306885,3.009999990463257,3.1500000953674316,3.1500000953674316,9000
2024-09-03,3.390000104904175,3.390000104904175,2.990000009536743,2.990000009536743,2.990000009536743,6700
2024-09-04,2.859999895095825,3.0980000495910645,2.859999895095825,2.940000057220459,2.940000057220459,2500
2024-09-05,2.9200000762939453,3.180000066757202,2.880000114440918,3.1700000762939453,3.1700000762939453,8000
2024-09-06,3.140000104904175,3.140000104904175,3.061000108718872,3.061000108718872,3.061000108718872,900
2024-09-09,2.950000047683716,3.0,2.7899999618530273,3.0,3.0,2200
2024-09-10,2.990000009536743,3.2200000286102295,2.990000009536743,3.200000047683716,3.200000047683716,21500
2024-09-11,3.2260000705718994,3.2260000705718994,3.2100000381469727,3.2100000381469727,3.2100000381469727,1000
2024-09-12,3.2100000381469727,3.3559999465942383,3.0399999618530273,3.049999952316284,3.049999952316284,14700
2024-09-13,3.009999990463257,3.200000047683716,3.009999990463257,3.0899999141693115,3.0899999141693115,7200
2024-09-16,3.0799999237060547,3.1500000953674316,2.799999952316284,2.9200000762939453,2.9200000762939453,10400
2024-09-17,2.947999954223633,2.9800000190734863,2.700000047683716,2.819999933242798,2.819999933242798,13800
2024-09-18,3.0,3.7799999713897705,2.740000009536743,2.740000009536743,2.740000009536743,753700
2024-09-19,2.740000009536743,2.799999952316284,1.899999976158142,2.1700000762939453,2.1700000762939453,452200
2024-09-20,2.259999990463257,2.6429998874664307,2.0,2.5,2.5,230800
2024-09-23,2.5,2.7899999618530273,2.3499999046325684,2.4000000953674316,2.4000000953674316,159100
2024-09-24,2.490000009536743,2.950000047683716,2.259999990463257,2.9000000953674316,2.9000000953674316,159100
2024-09-25,2.8299999237060547,2.9240000247955322,2.4000000953674316,2.5999999046325684,2.5999999046325684,89500
2024-09-26,2.680000066757202,2.7809998989105225,2.5199999809265137,2.5399999618530273,2.5399999618530273,80700
2024-09-27,2.619999885559082,2.625,2.4600000381469727,2.509999990463257,2.509999990463257,16700
2024-09-30,2.509999990463257,2.640000104904175,2.380000114440918,2.5799999237060547,2.5799999237060547,37400
2024-10-01,2.5850000381469727,2.5850000381469727,2.3499999046325684,2.369999885559082,2.369999885559082,28500
2024-10-02,2.380000114440918,2.380000114440918,2.0199999809265137,2.3399999141693115,2.3399999141693115,34600
2024-10-03,2.309999942779541,2.430000066757202,2.11899995803833,2.430000066757202,2.430000066757202,24200
2024-10-04,2.430000066757202,2.5,2.2899999618530273,2.4200000762939453,2.4200000762939453,9500
2024-10-07,2.4800000190734863,2.4800000190734863,2.200000047683716,2.2699999809265137,2.2699999809265137,14300
2024-10-08,2.309999942779541,2.4800000190734863,2.069999933242798,2.319999933242798,2.319999933242798,43100
2024-10-09,2.2300000190734863,2.3299999237060547,2.1500000953674316,2.3299999237060547,2.3299999237060547,12200
2024-10-10,2.4100000858306885,2.4100000858306885,2.200000047683716,2.2899999618530273,2.2899999618530273,11000
2024-10-11,2.2100000381469727,2.309999942779541,2.2100000381469727,2.309999942779541,2.309999942779541,4600
2024-10-14,2.2799999713897705,2.359999895095825,2.259999990463257,2.3299999237060547,2.3299999237060547,8100
2024-10-15,2.319999933242798,2.319999933242798,2.180999994277954,2.2799999713897705,2.2799999713897705,14400
2024-10-16,2.240000009536743,2.430000066757202,2.2200000286102295,2.390000104904175,2.390000104904175,34600
2024-10-17,2.390000104904175,3.0799999237060547,2.390000104904175,2.940000057220459,2.940000057220459,183800
2024-10-18,3.049999952316284,3.25,2.640000104904175,3.1700000762939453,3.1700000762939453,88900
2024-10-21,3.2699999809265137,3.2699999809265137,2.9000000953674316,2.9030001163482666,2.9030001163482666,24200
2024-10-22,3.0,3.0399999618530273,2.700000047683716,2.7200000286102295,2.7200000286102295,25600
2024-10-23,2.7799999713897705,2.953000068664551,2.559999942779541,2.8310000896453857,2.8310000896453857,36200
2024-10-24,2.819999933242798,2.940000057220459,2.6600000858306885,2.815999984741211,2.815999984741211,12800
2024-10-25,2.799999952316284,2.880000114440918,2.6740000247955322,2.7899999618530273,2.7899999618530273,14800
