Date,Open,High,Low,Close,Adj Close,Volume
2008-01-29,65.4000015258789,68.6500015258789,62.0,64.94999694824219,64.94999694824219,1316120
2008-01-30,66.1500015258789,66.25,61.29999923706055,65.19999694824219,65.19999694824219,321720
2008-01-31,63.70000076293945,63.75,61.5,62.54999923706055,62.54999923706055,59620
2008-02-01,61.099998474121094,66.5,60.599998474121094,64.5,64.5,116920
2008-02-04,65.05000305175781,70.94999694824219,64.0,68.25,68.25,306860
2008-02-05,66.69999694824219,68.5,65.0,67.30000305175781,67.30000305175781,108120
2008-02-06,64.94999694824219,67.25,62.5,63.150001525878906,63.150001525878906,185080
2008-02-07,60.75,61.75,56.650001525878906,58.25,58.25,256660
2008-02-08,57.95000076293945,58.5,55.0,55.5,55.5,116180
2008-02-11,54.599998474121094,58.5,52.75,56.75,56.75,145560
2008-02-12,57.0,59.25,54.45000076293945,55.599998474121094,55.599998474121094,126120
2008-02-13,59.900001525878906,66.25,57.54999923706055,64.75,64.75,321400
2008-02-14,66.69999694824219,68.4000015258789,63.04999923706055,64.25,64.25,304200
2008-02-15,61.45000076293945,65.69999694824219,59.5,60.150001525878906,60.150001525878906,155860
2008-02-19,63.150001525878906,63.150001525878906,57.75,59.0,59.0,134040
2008-02-20,56.54999923706055,57.5,52.75,54.75,54.75,217220
2008-02-21,55.25,56.0,50.0,50.04999923706055,50.04999923706055,170440
2008-02-22,56.150001525878906,59.0,52.5,56.5,56.5,243940
2008-02-25,58.04999923706055,59.0,55.099998474121094,57.95000076293945,57.95000076293945,65420
2008-02-26,56.79999923706055,58.0,55.45000076293945,56.099998474121094,56.099998474121094,44400
2008-02-27,55.95000076293945,56.0,53.75,54.54999923706055,54.54999923706055,46760
2008-02-28,54.04999923706055,54.70000076293945,52.400001525878906,53.25,53.25,23660
2008-02-29,52.0,56.400001525878906,52.0,53.150001525878906,53.150001525878906,24700
2008-03-03,51.0,51.599998474121094,48.75,49.20000076293945,49.20000076293945,122860
2008-03-04,50.29999923706055,51.0,48.79999923706055,49.599998474121094,49.599998474121094,46960
2008-03-05,50.70000076293945,52.29999923706055,50.0,50.54999923706055,50.54999923706055,39840
2008-03-06,52.29999923706055,52.29999923706055,49.54999923706055,49.54999923706055,49.54999923706055,31180
2008-03-07,49.5,51.0,45.099998474121094,45.75,45.75,53980
2008-03-10,47.70000076293945,47.70000076293945,39.25,39.900001525878906,39.900001525878906,112840
2008-03-11,46.400001525878906,47.0,40.79999923706055,43.400001525878906,43.400001525878906,97060
2008-03-12,45.75,46.5,42.849998474121094,46.400001525878906,46.400001525878906,108640
2008-03-13,44.54999923706055,48.0,42.75,47.04999923706055,47.04999923706055,85080
2008-03-14,49.650001525878906,49.650001525878906,43.75,47.400001525878906,47.400001525878906,109380
2008-03-17,44.400001525878906,47.20000076293945,41.0,41.0,41.0,81560
2008-03-18,43.0,54.25,43.0,52.79999923706055,52.79999923706055,115440
2008-03-19,48.900001525878906,51.5,41.29999923706055,41.75,41.75,195740
2008-03-20,42.0,44.75,36.79999923706055,38.0,38.0,164840
2008-03-24,39.900001525878906,42.0,37.5,40.650001525878906,40.650001525878906,93200
2008-03-25,43.75,48.75,43.25,47.25,47.25,160020
2008-03-26,47.70000076293945,49.75,45.650001525878906,49.650001525878906,49.650001525878906,102180
2008-03-27,50.849998474121094,61.45000076293945,50.599998474121094,61.04999923706055,61.04999923706055,585080
2008-03-28,59.25,63.95000076293945,52.54999923706055,54.150001525878906,54.150001525878906,738440
2008-03-31,55.099998474121094,57.900001525878906,54.849998474121094,56.79999923706055,56.79999923706055,129340
2008-04-01,56.95000076293945,57.099998474121094,55.25,55.849998474121094,55.849998474121094,110360
2008-04-02,54.900001525878906,61.75,54.0,61.20000076293945,61.20000076293945,307300
2008-04-03,59.099998474121094,62.150001525878906,58.0,59.349998474121094,59.349998474121094,198840
2008-04-04,58.599998474121094,66.05000305175781,58.45000076293945,64.55000305175781,64.55000305175781,303900
2008-04-07,66.30000305175781,69.0999984741211,58.75,60.099998474121094,60.099998474121094,317440
2008-04-08,59.29999923706055,62.5,59.25,60.349998474121094,60.349998474121094,116940
2008-04-09,61.349998474121094,63.0,60.5,62.5,62.5,103840
2008-04-10,61.25,63.0,59.25,61.70000076293945,61.70000076293945,88760
2008-04-11,60.04999923706055,64.75,59.25,63.45000076293945,63.45000076293945,137780
2008-04-14,62.25,66.5,61.25,65.25,65.25,207700
2008-04-15,70.0,75.0999984741211,68.94999694824219,74.80000305175781,74.80000305175781,560000
2008-04-16,75.8499984741211,78.94999694824219,75.0999984741211,77.3499984741211,77.3499984741211,402020
2008-04-17,80.0,84.94999694824219,71.75,75.4000015258789,75.4000015258789,667720
2008-04-18,77.94999694824219,83.0,75.5,82.6500015258789,82.6500015258789,396960
2008-04-21,84.94999694824219,94.25,84.44999694824219,94.19999694824219,94.19999694824219,805160
2008-04-22,91.0,92.69999694824219,85.55000305175781,91.0,91.0,566280
2008-04-23,90.25,92.5,87.5,87.8499984741211,87.8499984741211,368040
2008-04-24,86.4000015258789,90.0,81.5,86.3499984741211,86.3499984741211,433980
2008-04-25,87.55000305175781,92.5,85.05000305175781,91.69999694824219,91.69999694824219,291400
2008-04-28,91.80000305175781,92.69999694824219,86.75,87.9000015258789,87.9000015258789,393300
2008-04-29,85.75,87.9000015258789,82.0999984741211,82.5,82.5,353740
2008-04-30,84.75,87.3499984741211,82.55000305175781,83.75,83.75,454480
2008-05-01,85.1500015258789,85.5,76.80000305175781,78.0999984741211,78.0999984741211,405100
2008-05-02,81.25,82.5,79.25,79.75,79.75,196180
2008-05-05,81.8499984741211,87.6500015258789,79.5,86.4000015258789,86.4000015258789,326080
2008-05-06,86.4000015258789,92.80000305175781,86.4000015258789,91.25,91.25,531520
2008-05-07,90.44999694824219,91.4000015258789,85.05000305175781,85.25,85.25,352560
2008-05-08,87.30000305175781,89.25,85.4000015258789,87.1500015258789,87.1500015258789,211700
2008-05-09,88.0999984741211,97.5,87.1500015258789,97.44999694824219,97.44999694824219,587440
2008-05-12,95.5999984741211,97.5,92.6500015258789,94.1500015258789,94.1500015258789,663320
2008-05-13,96.25,109.5,96.25,108.3499984741211,108.3499984741211,1443220
2008-05-14,117.4000015258789,122.5,108.8499984741211,111.5,111.5,2443480
2008-05-15,116.3499984741211,134.25,113.44999694824219,131.0500030517578,131.0500030517578,1595660
2008-05-16,128.85000610351562,133.6999969482422,124.55000305175781,130.1999969482422,130.1999969482422,1154340
2008-05-19,132.35000610351562,147.39999389648438,127.1500015258789,139.0,139.0,1741400
2008-05-20,134.0,139.0,132.0,135.39999389648438,135.39999389648438,766020
2008-05-21,137.89999389648438,143.14999389648438,125.80000305175781,127.5,127.5,846880
2008-05-22,129.3000030517578,130.85000610351562,107.5,114.44999694824219,114.44999694824219,1266440
2008-05-23,116.0,121.25,111.25,120.5,120.5,615980
2008-05-27,120.44999694824219,126.19999694824219,114.55000305175781,125.5999984741211,125.5999984741211,602140
2008-05-28,126.4000015258789,133.60000610351562,122.75,132.25,132.25,466020
2008-05-29,129.5,132.1999969482422,114.1500015258789,117.25,117.25,814560
2008-05-30,125.0,129.25,122.5,125.4000015258789,125.4000015258789,617760
2008-06-02,116.75,122.5,114.5,117.94999694824219,117.94999694824219,652600
2008-06-03,120.1500015258789,125.1500015258789,117.94999694824219,120.44999694824219,120.44999694824219,409680
2008-06-04,118.5999984741211,119.69999694824219,114.75,115.30000305175781,115.30000305175781,285080
2008-06-05,117.3499984741211,124.94999694824219,116.5,121.75,121.75,618700
2008-06-06,121.19999694824219,129.8000030517578,114.75,114.80000305175781,114.80000305175781,1043300
2008-06-09,117.5,118.69999694824219,95.0999984741211,102.80000305175781,102.80000305175781,1459000
2008-06-10,100.80000305175781,101.0,95.9000015258789,98.25,98.25,658620
2008-06-11,100.19999694824219,102.6500015258789,95.0,95.0,95.0,688720
2008-06-12,97.4000015258789,99.94999694824219,81.6500015258789,86.0999984741211,86.0999984741211,1126780
2008-06-13,85.44999694824219,91.25,82.80000305175781,89.0,89.0,1129700
2008-06-16,92.19999694824219,101.30000305175781,88.80000305175781,100.0,100.0,867380
2008-06-17,102.0999984741211,109.44999694824219,101.69999694824219,103.8499984741211,103.8499984741211,1351100
2008-06-18,101.9000015258789,109.5,99.1500015258789,107.44999694824219,107.44999694824219,1632920
2008-06-19,109.8499984741211,116.4000015258789,108.0,110.75,110.75,1089280
2008-06-20,107.5,109.5,102.5,104.3499984741211,104.3499984741211,628760
2008-06-23,105.30000305175781,109.0999984741211,104.3499984741211,105.9000015258789,105.9000015258789,506060
2008-06-24,104.30000305175781,105.5,94.1500015258789,98.25,98.25,996520
2008-06-25,99.55000305175781,101.4000015258789,94.25,95.3499984741211,95.3499984741211,684000
2008-06-26,93.0999984741211,93.94999694824219,85.9000015258789,86.69999694824219,86.69999694824219,931060
2008-06-27,89.0,92.25,84.25,91.8499984741211,91.8499984741211,1102020
2008-06-30,91.30000305175781,93.1500015258789,86.0999984741211,86.5,86.5,472200
2008-07-01,82.80000305175781,84.55000305175781,77.4000015258789,78.80000305175781,78.80000305175781,945600
2008-07-02,75.5,76.94999694824219,68.30000305175781,69.5,69.5,1216320
2008-07-03,70.5999984741211,71.30000305175781,60.099998474121094,65.80000305175781,65.80000305175781,806760
2008-07-07,66.75,72.19999694824219,63.5,66.5,66.5,986960
2008-07-08,64.8499984741211,68.55000305175781,63.45000076293945,66.44999694824219,66.44999694824219,533320
2008-07-09,69.05000305175781,72.80000305175781,67.1500015258789,67.9000015258789,67.9000015258789,783020
2008-07-10,68.8499984741211,71.80000305175781,65.1500015258789,70.25,70.25,711660
2008-07-11,69.9000015258789,76.0,67.55000305175781,75.0999984741211,75.0999984741211,841940
2008-07-14,79.0,79.5999984741211,75.75,77.19999694824219,77.19999694824219,654620
2008-07-15,75.19999694824219,79.6500015258789,71.05000305175781,76.5999984741211,76.5999984741211,539500
2008-07-16,79.5,84.5,78.0,84.5,84.5,682260
2008-07-17,86.44999694824219,88.5,78.30000305175781,79.44999694824219,79.44999694824219,764560
2008-07-18,80.0,85.80000305175781,78.5,83.5,83.5,467120
2008-07-21,86.19999694824219,87.25,82.8499984741211,83.19999694824219,83.19999694824219,370160
2008-07-22,81.55000305175781,82.5,77.44999694824219,79.5,79.5,333380
2008-07-23,79.30000305175781,81.19999694824219,78.5999984741211,79.30000305175781,79.30000305175781,194340
2008-07-24,79.9000015258789,80.0,70.9000015258789,72.75,72.75,357180
2008-07-25,73.0,74.25,69.3499984741211,72.75,72.75,267760
2008-07-28,74.19999694824219,75.44999694824219,71.9000015258789,72.5,72.5,160080
2008-07-29,72.5999984741211,83.0999984741211,72.0,81.69999694824219,81.69999694824219,449520
2008-07-30,83.8499984741211,84.4000015258789,76.3499984741211,78.19999694824219,78.19999694824219,524740
2008-07-31,81.0,82.44999694824219,77.55000305175781,78.8499984741211,78.8499984741211,310460
2008-08-01,78.75,79.5999984741211,75.75,76.6500015258789,76.6500015258789,175480
2008-08-04,77.69999694824219,77.69999694824219,72.5,73.19999694824219,73.19999694824219,230720
2008-08-05,73.75,74.55000305175781,70.5,74.05000305175781,74.05000305175781,201340
2008-08-06,74.05000305175781,77.30000305175781,73.5,75.80000305175781,75.80000305175781,180020
2008-08-07,76.30000305175781,77.80000305175781,73.5,74.30000305175781,74.30000305175781,165200
2008-08-08,74.5999984741211,74.5999984741211,67.5,69.5,69.5,342120
2008-08-11,69.25,70.44999694824219,67.75,69.05000305175781,69.05000305175781,210080
2008-08-12,72.6500015258789,79.0,72.55000305175781,78.94999694824219,78.94999694824219,527680
2008-08-13,77.3499984741211,83.5,74.5999984741211,82.69999694824219,82.69999694824219,393640
2008-08-14,83.8499984741211,86.6500015258789,81.55000305175781,83.30000305175781,83.30000305175781,385760
2008-08-15,85.4000015258789,91.5,85.0,90.6500015258789,90.6500015258789,643460
2008-08-18,95.0,95.8499984741211,87.55000305175781,89.6500015258789,89.6500015258789,846220
2008-08-19,87.25,90.8499984741211,85.19999694824219,87.44999694824219,87.44999694824219,993320
2008-08-20,90.19999694824219,96.80000305175781,89.3499984741211,95.55000305175781,95.55000305175781,1087860
2008-08-21,94.55000305175781,98.4000015258789,91.75,92.94999694824219,92.94999694824219,608100
2008-08-22,95.5,95.5,89.3499984741211,94.69999694824219,94.69999694824219,475060
2008-08-25,95.8499984741211,98.5,92.9000015258789,95.05000305175781,95.05000305175781,413180
2008-08-26,93.94999694824219,94.4000015258789,88.5,89.1500015258789,89.1500015258789,364860
2008-08-27,87.69999694824219,94.25,85.1500015258789,92.05000305175781,92.05000305175781,599760
2008-08-28,93.0,94.25,90.5,93.0,93.0,239200
2008-08-29,94.4000015258789,97.5,93.0,94.75,94.75,389800
2008-09-02,92.5999984741211,93.69999694824219,83.25,85.1500015258789,85.1500015258789,531220
2008-09-03,83.94999694824219,84.94999694824219,78.5,80.5,80.5,495460
2008-09-04,80.5,81.75,74.55000305175781,76.4000015258789,76.4000015258789,443440
2008-09-05,74.25,77.44999694824219,72.0,76.69999694824219,76.69999694824219,360880
2008-09-08,80.94999694824219,81.0999984741211,72.05000305175781,72.8499984741211,72.8499984741211,429200
2008-09-09,71.8499984741211,72.05000305175781,64.80000305175781,65.5999984741211,65.5999984741211,527580
2008-09-10,65.6500015258789,68.0,61.79999923706055,65.55000305175781,65.55000305175781,746560
2008-09-11,63.54999923706055,67.30000305175781,58.79999923706055,66.5999984741211,66.5999984741211,592620
2008-09-12,67.0,70.69999694824219,64.9000015258789,69.5,69.5,354100
2008-09-15,64.0999984741211,69.0,62.0,63.349998474121094,63.349998474121094,360980
2008-09-16,61.29999923706055,65.5,58.400001525878906,65.5,65.5,460400
2008-09-17,65.3499984741211,67.4000015258789,60.0,62.79999923706055,62.79999923706055,389900
2008-09-18,64.25,66.94999694824219,60.150001525878906,66.0,66.0,458280
2008-09-19,71.0,72.75,67.6500015258789,72.75,72.75,526540
2008-09-22,72.1500015258789,73.9000015258789,67.80000305175781,67.80000305175781,67.80000305175781,315100
2008-09-23,68.69999694824219,70.30000305175781,64.69999694824219,64.94999694824219,64.94999694824219,299320
2008-09-24,68.80000305175781,69.9000015258789,66.0,66.0,66.0,395200
2008-09-25,66.55000305175781,70.94999694824219,65.5999984741211,70.3499984741211,70.3499984741211,307280
2008-09-26,66.55000305175781,68.4000015258789,65.05000305175781,66.80000305175781,66.80000305175781,245160
2008-09-29,63.5,63.5,47.5,47.5,47.5,668600
2008-09-30,51.849998474121094,53.45000076293945,49.150001525878906,52.45000076293945,52.45000076293945,444020
2008-10-01,55.54999923706055,58.5,53.900001525878906,56.150001525878906,56.150001525878906,341260
2008-10-02,57.29999923706055,57.70000076293945,48.79999923706055,49.54999923706055,49.54999923706055,381420
2008-10-03,50.70000076293945,54.349998474121094,48.5,48.5,48.5,317980
2008-10-06,45.150001525878906,45.54999923706055,37.54999923706055,42.79999923706055,42.79999923706055,717300
2008-10-07,41.04999923706055,42.349998474121094,33.5,34.29999923706055,34.29999923706055,623680
2008-10-08,33.25,39.150001525878906,30.399999618530273,36.54999923706055,36.54999923706055,608620
2008-10-09,38.849998474121094,41.45000076293945,32.5,34.099998474121094,34.099998474121094,409620
2008-10-10,31.25,36.400001525878906,29.25,35.650001525878906,35.650001525878906,446840
2008-10-13,40.0,41.04999923706055,36.849998474121094,41.04999923706055,41.04999923706055,374120
2008-10-14,43.25,44.900001525878906,36.650001525878906,37.900001525878906,37.900001525878906,412500
2008-10-15,35.5,36.849998474121094,31.600000381469727,31.600000381469727,31.600000381469727,267540
2008-10-16,33.0,36.20000076293945,30.700000762939453,35.599998474121094,35.599998474121094,333240
2008-10-17,35.0,39.599998474121094,34.150001525878906,36.95000076293945,36.95000076293945,351320
2008-10-20,39.20000076293945,39.79999923706055,37.099998474121094,39.0,39.0,224960
2008-10-21,38.70000076293945,39.0,36.25,36.5,36.5,240620
2008-10-22,35.54999923706055,35.54999923706055,31.5,32.79999923706055,32.79999923706055,299720
2008-10-23,32.5,33.650001525878906,28.350000381469727,29.950000762939453,29.950000762939453,315720
2008-10-24,26.799999237060547,28.200000762939453,24.700000762939453,24.700000762939453,24.700000762939453,574180
2008-10-27,24.5,25.299999237060547,22.5,23.549999237060547,23.549999237060547,362680
2008-10-28,25.5,25.899999618530273,21.649999618530273,22.450000762939453,22.450000762939453,421000
2008-10-29,23.350000381469727,25.850000381469727,23.0,24.350000381469727,24.350000381469727,759740
2008-10-30,26.950000762939453,30.0,25.549999237060547,29.799999237060547,29.799999237060547,579380
2008-10-31,29.299999237060547,32.5,28.0,31.399999618530273,31.399999618530273,325520
2008-11-03,37.0,39.75,35.900001525878906,37.849998474121094,37.849998474121094,804120
2008-11-04,42.0,45.0,41.0,44.099998474121094,44.099998474121094,782980
2008-11-05,42.5,42.5,35.349998474121094,36.29999923706055,36.29999923706055,675600
2008-11-06,34.400001525878906,35.0,30.5,31.950000762939453,31.950000762939453,492620
2008-11-07,34.349998474121094,36.599998474121094,33.54999923706055,34.849998474121094,34.849998474121094,366120
2008-11-10,39.099998474121094,39.5,31.299999237060547,32.54999923706055,32.54999923706055,523760
2008-11-11,31.399999618530273,31.899999618530273,28.600000381469727,29.950000762939453,29.950000762939453,504460
2008-11-12,27.950000762939453,27.950000762939453,17.100000381469727,17.350000381469727,17.350000381469727,2156000
2008-11-13,19.5,22.549999237060547,17.649999618530273,22.549999237060547,22.549999237060547,1076980
2008-11-14,21.299999237060547,23.350000381469727,20.549999237060547,21.75,21.75,571020
2008-11-17,20.850000381469727,22.5,20.049999237060547,20.549999237060547,20.549999237060547,417140
2008-11-18,17.700000762939453,19.950000762939453,14.600000381469727,16.75,16.75,1213760
2008-11-19,15.5,15.949999809265137,12.5,12.600000381469727,12.600000381469727,942440
2008-11-20,11.399999618530273,14.699999809265137,10.300000190734863,11.050000190734863,11.050000190734863,670320
2008-11-21,12.850000381469727,13.149999618530273,10.600000381469727,11.75,11.75,450700
2008-11-24,13.149999618530273,14.899999618530273,12.550000190734863,13.949999809265137,13.949999809265137,665300
2008-11-25,14.899999618530273,15.600000381469727,12.75,14.75,14.75,413100
2008-11-26,13.649999618530273,17.700000762939453,13.600000381469727,15.949999809265137,15.949999809265137,753680
2008-11-28,16.100000381469727,18.25,16.100000381469727,17.350000381469727,17.350000381469727,284100
2008-12-01,16.100000381469727,16.100000381469727,13.550000190734863,13.600000381469727,13.600000381469727,349420
2008-12-02,14.5,16.0,13.699999809265137,15.649999618530273,15.649999618530273,297100
2008-12-03,14.699999809265137,17.100000381469727,14.350000381469727,16.399999618530273,16.399999618530273,390760
2008-12-04,15.850000381469727,16.899999618530273,14.5,14.949999809265137,14.949999809265137,382240
2008-12-05,14.5,16.149999618530273,13.800000190734863,16.149999618530273,16.149999618530273,225400
2008-12-08,16.649999618530273,17.25,15.100000381469727,15.5,15.5,512860
2008-12-09,15.149999618530273,16.149999618530273,14.75,14.850000381469727,14.850000381469727,267020
2008-12-10,15.699999809265137,15.800000190734863,15.0,15.75,15.75,280720
2008-12-11,15.649999618530273,18.600000381469727,15.350000381469727,16.399999618530273,16.399999618530273,560080
2008-12-12,14.850000381469727,16.100000381469727,14.399999618530273,16.0,16.0,260880
2008-12-15,16.350000381469727,16.899999618530273,15.399999618530273,15.899999618530273,15.899999618530273,178720
2008-12-16,15.649999618530273,17.799999237060547,15.649999618530273,16.600000381469727,16.600000381469727,215900
2008-12-17,16.350000381469727,18.850000381469727,16.0,18.149999618530273,18.149999618530273,497220
2008-12-18,19.200000762939453,19.200000762939453,16.25,16.700000762939453,16.700000762939453,312640
2008-12-19,16.25,20.0,16.0,20.0,20.0,289500
2008-12-22,18.950000762939453,18.950000762939453,15.949999809265137,18.100000381469727,18.100000381469727,207840
2008-12-23,17.549999237060547,18.549999237060547,17.049999237060547,17.600000381469727,17.600000381469727,128240
2008-12-24,17.5,17.850000381469727,16.649999618530273,17.25,17.25,72100
2008-12-26,17.899999618530273,18.0,16.75,17.25,17.25,63860
2008-12-29,17.149999618530273,18.5,17.049999237060547,18.149999618530273,18.149999618530273,260160
2008-12-30,18.5,26.399999618530273,18.350000381469727,24.299999237060547,24.299999237060547,1190840
2008-12-31,24.299999237060547,25.399999618530273,22.049999237060547,22.049999237060547,22.049999237060547,456120
2009-01-02,21.649999618530273,25.149999618530273,21.5,24.299999237060547,24.299999237060547,471540
2009-01-05,25.0,28.0,24.200000762939453,25.75,25.75,866120
2009-01-06,24.899999618530273,26.75,23.75,25.649999618530273,25.649999618530273,498060
2009-01-07,24.350000381469727,24.899999618530273,23.600000381469727,24.350000381469727,24.350000381469727,306020
2009-01-08,23.399999618530273,25.350000381469727,22.850000381469727,23.850000381469727,23.850000381469727,421440
2009-01-09,24.600000381469727,25.200000762939453,23.149999618530273,23.950000762939453,23.950000762939453,341080
2009-01-12,24.049999237060547,24.049999237060547,20.0,20.700000762939453,20.700000762939453,410620
2009-01-13,19.649999618530273,20.649999618530273,18.549999237060547,19.149999618530273,19.149999618530273,348160
2009-01-14,18.299999237060547,18.299999237060547,16.649999618530273,17.549999237060547,17.549999237060547,264860
2009-01-15,17.5,19.350000381469727,16.25,18.700000762939453,18.700000762939453,305920
2009-01-16,20.0,20.0,17.549999237060547,19.049999237060547,19.049999237060547,206380
2009-01-20,18.600000381469727,19.350000381469727,17.0,17.049999237060547,17.049999237060547,223820
2009-01-21,17.25,18.149999618530273,16.0,17.25,17.25,255940
2009-01-22,17.25,17.700000762939453,16.100000381469727,17.450000762939453,17.450000762939453,107260
2009-01-23,16.299999237060547,18.450000762939453,16.200000762939453,16.649999618530273,16.649999618530273,306960
2009-01-26,16.899999618530273,17.950000762939453,16.350000381469727,16.950000762939453,16.950000762939453,161760
2009-01-27,17.75,18.5,17.299999237060547,17.950000762939453,17.950000762939453,165480
2009-01-28,18.5,19.75,18.200000762939453,19.25,19.25,244440
2009-01-29,18.850000381469727,18.950000762939453,17.75,17.850000381469727,17.850000381469727,153980
2009-01-30,17.75,19.299999237060547,17.5,18.399999618530273,18.399999618530273,166260
2009-02-02,17.5,18.25,17.049999237060547,17.600000381469727,17.600000381469727,76920
2009-02-03,17.850000381469727,18.25,17.5,17.899999618530273,17.899999618530273,76560
2009-02-04,18.350000381469727,19.100000381469727,17.549999237060547,17.899999618530273,17.899999618530273,153920
2009-02-05,18.100000381469727,18.700000762939453,17.850000381469727,18.200000762939453,18.200000762939453,84580
2009-02-06,18.5,19.299999237060547,18.299999237060547,19.149999618530273,19.149999618530273,170340
2009-02-09,19.0,20.350000381469727,19.0,20.0,20.0,252560
2009-02-10,20.0,21.049999237060547,18.049999237060547,18.200000762939453,18.200000762939453,251500
2009-02-11,18.450000762939453,18.850000381469727,17.0,18.100000381469727,18.100000381469727,150560
2009-02-12,17.450000762939453,17.799999237060547,16.75,17.200000762939453,17.200000762939453,178120
2009-02-13,17.899999618530273,17.899999618530273,17.200000762939453,17.899999618530273,17.899999618530273,98720
2009-02-17,17.0,17.0,15.699999809265137,15.800000190734863,15.800000190734863,183840
2009-02-18,16.549999237060547,16.549999237060547,14.199999809265137,14.199999809265137,14.199999809265137,161880
2009-02-19,15.0,15.0,12.5,12.800000190734863,12.800000190734863,197860
2009-02-20,12.149999618530273,12.399999618530273,11.050000190734863,11.850000381469727,11.850000381469727,201040
2009-02-23,13.149999618530273,13.699999809265137,11.25,11.399999618530273,11.399999618530273,208360
2009-02-24,12.100000381469727,14.350000381469727,11.75,13.550000190734863,13.550000190734863,252460
2009-02-25,13.25,13.25,11.800000190734863,12.649999618530273,12.649999618530273,148400
2009-02-26,12.649999618530273,13.149999618530273,11.800000190734863,12.100000381469727,12.100000381469727,110800
2009-02-27,11.600000381469727,12.5,11.449999809265137,12.100000381469727,12.100000381469727,104600
2009-03-02,12.0,12.300000190734863,10.949999809265137,11.050000190734863,11.050000190734863,215460
2009-03-03,11.699999809265137,12.899999618530273,11.300000190734863,11.600000381469727,11.600000381469727,169260
2009-03-04,12.300000190734863,12.899999618530273,12.050000190734863,12.199999809265137,12.199999809265137,126620
2009-03-05,12.050000190734863,12.100000381469727,10.5,10.899999618530273,10.899999618530273,164600
2009-03-06,11.300000190734863,11.399999618530273,10.100000381469727,10.600000381469727,10.600000381469727,147640
2009-03-09,10.699999809265137,11.25,10.399999618530273,10.600000381469727,10.600000381469727,117200
2009-03-10,11.100000381469727,12.0,10.800000190734863,11.800000190734863,11.800000190734863,180380
2009-03-11,12.0,12.5,11.0,11.350000381469727,11.350000381469727,135740
2009-03-12,11.399999618530273,11.600000381469727,10.75,11.5,11.5,165120
2009-03-13,11.5,12.399999618530273,10.75,11.300000190734863,11.300000190734863,195060
2009-03-16,11.649999618530273,11.899999618530273,10.699999809265137,10.699999809265137,10.699999809265137,181680
2009-03-17,11.050000190734863,11.25,10.350000381469727,11.050000190734863,11.050000190734863,134460
2009-03-18,11.25,11.600000381469727,10.75,11.399999618530273,11.399999618530273,145540
2009-03-19,11.75,14.25,11.699999809265137,13.75,13.75,394080
2009-03-20,13.300000190734863,13.699999809265137,11.75,11.75,11.75,300620
2009-03-23,13.0,14.199999809265137,12.5,13.850000381469727,13.850000381469727,269660
2009-03-24,13.649999618530273,14.5,12.800000190734863,13.600000381469727,13.600000381469727,172560
2009-03-25,13.75,14.850000381469727,12.5,13.149999618530273,13.149999618530273,228180
2009-03-26,13.800000190734863,18.649999618530273,13.75,18.5,18.5,1173380
2009-03-27,17.799999237060547,19.600000381469727,17.049999237060547,18.5,18.5,637100
2009-03-30,16.75,17.950000762939453,16.100000381469727,17.299999237060547,17.299999237060547,351460
2009-03-31,17.5,20.0,16.0,20.0,20.0,632140
2009-04-01,18.899999618530273,19.75,18.299999237060547,19.75,19.75,435280
2009-04-02,20.0,20.950000762939453,19.049999237060547,19.899999618530273,19.899999618530273,469660
2009-04-03,19.25,19.850000381469727,18.100000381469727,19.200000762939453,19.200000762939453,196920
2009-04-06,18.5,20.549999237060547,17.899999618530273,20.0,20.0,314020
2009-04-07,19.350000381469727,19.350000381469727,18.0,18.5,18.5,171000
2009-04-08,19.049999237060547,19.200000762939453,17.700000762939453,18.600000381469727,18.600000381469727,133760
2009-04-09,19.25,19.850000381469727,19.100000381469727,19.100000381469727,19.100000381469727,188820
2009-04-13,18.850000381469727,19.149999618530273,17.75,18.350000381469727,18.350000381469727,329340
2009-04-14,18.399999618530273,19.700000762939453,17.75,18.5,18.5,430580
2009-04-15,18.399999618530273,18.399999618530273,17.350000381469727,17.5,17.5,285280
2009-04-16,17.350000381469727,18.049999237060547,16.75,17.700000762939453,17.700000762939453,322640
2009-04-17,17.25,17.450000762939453,16.100000381469727,16.600000381469727,16.600000381469727,325260
2009-04-20,16.200000762939453,16.200000762939453,14.300000190734863,14.5,14.5,364900
2009-04-21,14.949999809265137,15.649999618530273,14.5,15.399999618530273,15.399999618530273,340220
2009-04-22,15.300000190734863,16.649999618530273,15.100000381469727,15.649999618530273,15.649999618530273,212200
2009-04-23,16.5,16.649999618530273,15.050000190734863,15.5,15.5,249540
2009-04-24,15.350000381469727,16.350000381469727,15.100000381469727,15.399999618530273,15.399999618530273,205800
2009-04-27,15.149999618530273,16.149999618530273,14.75,15.699999809265137,15.699999809265137,227920
2009-04-28,15.050000190734863,15.600000381469727,15.0,15.050000190734863,15.050000190734863,170540
2009-04-29,15.649999618530273,16.200000762939453,15.300000190734863,15.75,15.75,198880
2009-04-30,16.75,17.700000762939453,16.299999237060547,17.350000381469727,17.350000381469727,417700
2009-05-01,16.850000381469727,17.700000762939453,16.600000381469727,17.25,17.25,178940
2009-05-04,18.149999618530273,19.399999618530273,17.75,18.799999237060547,18.799999237060547,469880
2009-05-05,19.399999618530273,21.0,19.299999237060547,20.350000381469727,20.350000381469727,825460
2009-05-06,21.450000762939453,22.149999618530273,20.5,21.299999237060547,21.299999237060547,536240
2009-05-07,22.299999237060547,22.649999618530273,19.600000381469727,20.0,20.0,480760
2009-05-08,20.950000762939453,20.950000762939453,19.100000381469727,20.200000762939453,20.200000762939453,245720
2009-05-11,19.899999618530273,20.049999237060547,18.399999618530273,19.5,19.5,249940
2009-05-12,19.950000762939453,19.950000762939453,18.5,19.0,19.0,206140
2009-05-13,18.049999237060547,18.149999618530273,16.350000381469727,16.450000762939453,16.450000762939453,336100
2009-05-14,17.200000762939453,17.600000381469727,16.850000381469727,17.0,17.0,266500
2009-05-15,16.950000762939453,17.549999237060547,16.25,16.799999237060547,16.799999237060547,150020
2009-05-18,17.25,17.25,16.200000762939453,17.049999237060547,17.049999237060547,218000
2009-05-19,17.299999237060547,19.299999237060547,17.100000381469727,19.100000381469727,19.100000381469727,385840
2009-05-20,19.700000762939453,20.5,18.5,18.5,18.5,887840
2009-05-21,18.25,20.0,16.549999237060547,19.850000381469727,19.850000381469727,889340
2009-05-22,20.049999237060547,20.049999237060547,17.649999618530273,18.450000762939453,18.450000762939453,409320
2009-05-26,17.700000762939453,19.200000762939453,17.5,19.0,19.0,293800
2009-05-27,19.549999237060547,21.5,19.299999237060547,20.049999237060547,20.049999237060547,810360
2009-05-28,20.25,21.700000762939453,19.649999618530273,20.899999618530273,20.899999618530273,456240
2009-05-29,21.25,22.0,20.5,21.200000762939453,21.200000762939453,420080
2009-06-01,22.049999237060547,24.649999618530273,21.549999237060547,24.649999618530273,24.649999618530273,885540
2009-06-02,24.049999237060547,26.850000381469727,23.25,25.899999618530273,25.899999618530273,795840
2009-06-03,24.549999237060547,25.450000762939453,23.350000381469727,24.049999237060547,24.049999237060547,451080
2009-06-04,24.450000762939453,26.950000762939453,24.049999237060547,26.950000762939453,26.950000762939453,574640
2009-06-05,29.450000762939453,32.400001525878906,29.0,31.049999237060547,31.049999237060547,1437240
2009-06-08,32.849998474121094,34.599998474121094,30.649999618530273,33.54999923706055,33.54999923706055,1263180
2009-06-09,35.29999923706055,37.25,35.099998474121094,37.04999923706055,37.04999923706055,1024140
2009-06-10,39.5,39.5,36.75,38.79999923706055,38.79999923706055,1135820
2009-06-11,38.45000076293945,38.45000076293945,34.349998474121094,34.849998474121094,34.849998474121094,1123960
2009-06-12,33.25,34.0,31.5,32.95000076293945,32.95000076293945,602280
2009-06-15,31.549999237060547,33.5,30.200000762939453,33.0,33.0,579500
2009-06-16,34.45000076293945,36.45000076293945,33.29999923706055,34.0,34.0,889060
2009-06-17,33.599998474121094,33.599998474121094,30.600000381469727,31.950000762939453,31.950000762939453,436360
2009-06-18,31.899999618530273,32.95000076293945,30.5,30.700000762939453,30.700000762939453,337240
2009-06-19,32.400001525878906,32.849998474121094,30.100000381469727,30.450000762939453,30.450000762939453,520520
2009-06-22,29.299999237060547,29.399999618530273,26.0,26.049999237060547,26.049999237060547,530780
2009-06-23,26.799999237060547,27.649999618530273,24.600000381469727,25.649999618530273,25.649999618530273,640180
2009-06-24,27.200000762939453,28.649999618530273,26.950000762939453,28.450000762939453,28.450000762939453,606160
2009-06-25,28.450000762939453,30.25,27.649999618530273,28.799999237060547,28.799999237060547,666160
2009-06-26,29.149999618530273,30.75,28.149999618530273,29.299999237060547,29.299999237060547,456500
2009-06-29,30.5,30.75,28.25,28.75,28.75,762200
2009-06-30,29.75,29.75,27.100000381469727,28.149999618530273,28.149999618530273,468160
2009-07-01,28.75,29.100000381469727,27.799999237060547,27.850000381469727,27.850000381469727,296240
2009-07-02,27.100000381469727,27.950000762939453,25.5,27.649999618530273,27.649999618530273,412420
2009-07-06,25.75,26.450000762939453,24.5,24.700000762939453,24.700000762939453,535340
2009-07-07,25.450000762939453,25.600000381469727,24.899999618530273,25.049999237060547,25.049999237060547,424060
2009-07-08,24.75,24.75,21.100000381469727,21.799999237060547,21.799999237060547,816980
2009-07-09,23.0,23.600000381469727,22.299999237060547,22.549999237060547,22.549999237060547,488800
2009-07-10,23.25,24.700000762939453,22.799999237060547,23.200000762939453,23.200000762939453,614120
2009-07-13,23.350000381469727,24.200000762939453,23.149999618530273,24.149999618530273,24.149999618530273,287000
2009-07-14,24.950000762939453,26.5,24.350000381469727,26.25,26.25,548480
2009-07-15,27.0,27.600000381469727,26.700000762939453,26.75,26.75,410520
2009-07-16,27.0,30.5,26.75,29.049999237060547,29.049999237060547,876600
2009-07-17,29.200000762939453,29.600000381469727,26.25,26.350000381469727,26.350000381469727,879740
2009-07-20,27.5,27.850000381469727,26.450000762939453,26.799999237060547,26.799999237060547,413940
2009-07-21,28.100000381469727,28.75,27.549999237060547,28.600000381469727,28.600000381469727,695600
2009-07-22,27.799999237060547,28.399999618530273,27.049999237060547,27.450000762939453,27.450000762939453,311300
2009-07-23,28.049999237060547,29.75,27.5,28.899999618530273,28.899999618530273,677720
2009-07-24,29.899999618530273,31.200000762939453,29.5,31.0,31.0,729020
2009-07-27,31.549999237060547,32.099998474121094,29.299999237060547,30.200000762939453,30.200000762939453,661580
2009-07-28,28.5,29.350000381469727,27.350000381469727,28.799999237060547,28.799999237060547,587040
2009-07-29,27.799999237060547,28.200000762939453,27.25,27.799999237060547,27.799999237060547,255220
2009-07-30,29.0,29.350000381469727,28.100000381469727,28.299999237060547,28.299999237060547,326920
2009-07-31,27.75,27.899999618530273,26.25,27.25,27.25,373040
2009-08-03,28.950000762939453,29.25,28.149999618530273,28.899999618530273,28.899999618530273,354080
2009-08-04,28.149999618530273,29.450000762939453,28.149999618530273,29.450000762939453,29.450000762939453,303640
2009-08-05,29.799999237060547,30.0,28.600000381469727,29.450000762939453,29.450000762939453,303820
2009-08-06,30.549999237060547,30.850000381469727,28.25,28.299999237060547,28.299999237060547,602940
2009-08-07,28.700000762939453,29.450000762939453,27.600000381469727,28.350000381469727,28.350000381469727,314040
2009-08-10,28.600000381469727,28.75,27.799999237060547,28.149999618530273,28.149999618530273,324660
2009-08-11,28.549999237060547,29.25,27.5,28.25,28.25,492560
2009-08-12,27.799999237060547,28.5,26.75,26.799999237060547,26.799999237060547,540800
2009-08-13,26.75,28.350000381469727,26.549999237060547,27.75,27.75,581380
2009-08-14,27.75,28.25,26.299999237060547,26.899999618530273,26.899999618530273,244300
2009-08-17,25.549999237060547,25.75,24.649999618530273,24.850000381469727,24.850000381469727,344540
2009-08-18,25.600000381469727,25.700000762939453,25.0,25.299999237060547,25.299999237060547,219460
2009-08-19,24.399999618530273,24.950000762939453,23.850000381469727,24.549999237060547,24.549999237060547,283000
2009-08-20,27.5,29.850000381469727,27.25,28.450000762939453,28.450000762939453,1523480
2009-08-21,29.049999237060547,29.399999618530273,26.399999618530273,27.649999618530273,27.649999618530273,570600
2009-08-24,28.200000762939453,28.200000762939453,26.100000381469727,26.450000762939453,26.450000762939453,386020
2009-08-25,27.600000381469727,27.649999618530273,26.0,26.399999618530273,26.399999618530273,286760
2009-08-26,27.149999618530273,27.299999237060547,26.350000381469727,26.700000762939453,26.700000762939453,281100
2009-08-27,27.399999618530273,27.700000762939453,26.799999237060547,27.600000381469727,27.600000381469727,286720
2009-08-28,27.850000381469727,28.75,27.75,28.649999618530273,28.649999618530273,364380
2009-08-31,27.350000381469727,28.5,27.350000381469727,28.149999618530273,28.149999618530273,268800
2009-09-01,27.600000381469727,27.850000381469727,25.25,25.799999237060547,25.799999237060547,472820
2009-09-02,26.549999237060547,26.649999618530273,25.100000381469727,25.25,25.25,264080
2009-09-03,26.399999618530273,27.649999618530273,25.950000762939453,27.600000381469727,27.600000381469727,398640
2009-09-04,27.899999618530273,28.149999618530273,27.399999618530273,27.75,27.75,157980
2009-09-08,28.049999237060547,29.899999618530273,27.899999618530273,29.75,29.75,451720
2009-09-09,29.350000381469727,31.25,28.75,29.399999618530273,29.399999618530273,802900
2009-09-10,29.700000762939453,31.0,29.299999237060547,30.600000381469727,30.600000381469727,297060
2009-09-11,30.799999237060547,31.100000381469727,28.700000762939453,29.299999237060547,29.299999237060547,412740
2009-09-14,28.600000381469727,29.399999618530273,27.600000381469727,29.350000381469727,29.350000381469727,241000
2009-09-15,30.049999237060547,30.5,29.049999237060547,29.600000381469727,29.600000381469727,358940
2009-09-16,30.299999237060547,30.850000381469727,29.600000381469727,29.899999618530273,29.899999618530273,338700
2009-09-17,30.799999237060547,31.899999618530273,29.649999618530273,30.350000381469727,30.350000381469727,516880
2009-09-18,30.350000381469727,30.75,29.149999618530273,30.0,30.0,231120
2009-09-21,29.0,29.899999618530273,28.75,29.450000762939453,29.450000762939453,232140
2009-09-22,30.75,31.0,29.200000762939453,29.299999237060547,29.299999237060547,402220
2009-09-23,30.549999237060547,30.549999237060547,29.549999237060547,30.049999237060547,30.049999237060547,539900
2009-09-24,29.700000762939453,29.700000762939453,26.950000762939453,27.350000381469727,27.350000381469727,443620
2009-09-25,26.850000381469727,27.75,26.100000381469727,26.899999618530273,26.899999618530273,469240
2009-09-28,26.899999618530273,27.299999237060547,26.25,26.799999237060547,26.799999237060547,295780
2009-09-29,26.75,26.899999618530273,26.0,26.600000381469727,26.600000381469727,715900
2009-09-30,24.299999237060547,25.0,23.5,24.049999237060547,24.049999237060547,3575700
2009-10-01,24.25,24.25,22.5,22.649999618530273,22.649999618530273,1105060
2009-10-02,21.899999618530273,23.700000762939453,21.75,22.549999237060547,22.549999237060547,608680
2009-10-05,22.5,24.100000381469727,22.5,23.299999237060547,23.299999237060547,377520
2009-10-06,23.850000381469727,24.350000381469727,23.299999237060547,23.799999237060547,23.799999237060547,386080
2009-10-07,23.5,23.950000762939453,23.25,23.950000762939453,23.950000762939453,234680
2009-10-08,24.0,24.5,23.600000381469727,23.600000381469727,23.600000381469727,297260
2009-10-09,23.5,24.200000762939453,23.299999237060547,23.850000381469727,23.850000381469727,188100
2009-10-12,24.200000762939453,24.899999618530273,23.850000381469727,24.25,24.25,288300
2009-10-13,24.549999237060547,24.600000381469727,23.25,23.600000381469727,23.600000381469727,367880
2009-10-14,23.950000762939453,24.200000762939453,23.350000381469727,23.649999618530273,23.649999618530273,292460
2009-10-15,23.75,23.899999618530273,22.700000762939453,22.950000762939453,22.950000762939453,347840
2009-10-16,22.899999618530273,23.0,22.0,22.450000762939453,22.450000762939453,226940
2009-10-19,22.5,23.399999618530273,22.149999618530273,22.950000762939453,22.950000762939453,311820
2009-10-20,23.25,23.25,22.100000381469727,22.299999237060547,22.299999237060547,206380
2009-10-21,22.399999618530273,22.549999237060547,21.799999237060547,22.0,22.0,250360
2009-10-22,22.049999237060547,22.049999237060547,20.649999618530273,21.549999237060547,21.549999237060547,513560
2009-10-23,21.600000381469727,21.850000381469727,20.200000762939453,20.25,20.25,515840
2009-10-26,20.600000381469727,20.899999618530273,19.399999618530273,19.399999618530273,19.399999618530273,358560
2009-10-27,19.899999618530273,20.049999237060547,19.049999237060547,19.600000381469727,19.600000381469727,389980
2009-10-28,19.700000762939453,19.700000762939453,17.549999237060547,17.850000381469727,17.850000381469727,813980
2009-10-29,18.299999237060547,19.799999237060547,17.899999618530273,19.799999237060547,19.799999237060547,563760
2009-10-30,19.5,19.799999237060547,18.049999237060547,18.399999618530273,18.399999618530273,326640
2009-11-02,18.5,18.549999237060547,17.600000381469727,18.399999618530273,18.399999618530273,356400
2009-11-03,18.200000762939453,19.549999237060547,17.5,19.549999237060547,19.549999237060547,259940
2009-11-04,19.850000381469727,20.350000381469727,19.649999618530273,19.850000381469727,19.850000381469727,402620
2009-11-05,20.100000381469727,20.350000381469727,19.600000381469727,19.899999618530273,19.899999618530273,186580
2009-11-06,19.450000762939453,19.950000762939453,19.149999618530273,19.75,19.75,185220
2009-11-09,20.100000381469727,20.450000762939453,19.850000381469727,20.450000762939453,20.450000762939453,124640
2009-11-10,20.700000762939453,21.25,20.149999618530273,20.450000762939453,20.450000762939453,190120
2009-11-11,20.600000381469727,20.700000762939453,19.25,19.899999618530273,19.899999618530273,232100
2009-11-12,19.600000381469727,19.75,18.399999618530273,18.649999618530273,18.649999618530273,237600
2009-11-13,18.75,20.25,18.649999618530273,20.25,20.25,386280
2009-11-16,21.25,21.950000762939453,20.75,21.399999618530273,21.399999618530273,553080
2009-11-17,21.25,21.649999618530273,20.299999237060547,21.0,21.0,233340
2009-11-18,21.549999237060547,21.549999237060547,20.700000762939453,21.25,21.25,252460
2009-11-19,21.0,21.049999237060547,20.25,20.899999618530273,20.899999618530273,203500
2009-11-20,20.350000381469727,20.600000381469727,19.700000762939453,20.399999618530273,20.399999618530273,281320
2009-11-23,20.799999237060547,21.25,20.100000381469727,20.5,20.5,208040
2009-11-24,20.200000762939453,20.350000381469727,19.649999618530273,20.049999237060547,20.049999237060547,125140
2009-11-25,20.100000381469727,20.100000381469727,19.299999237060547,19.850000381469727,19.850000381469727,158220
2009-11-27,18.799999237060547,19.5,18.25,19.25,19.25,97580
2009-11-30,19.299999237060547,20.049999237060547,19.25,20.049999237060547,20.049999237060547,135940
2009-12-01,20.299999237060547,20.899999618530273,20.049999237060547,20.600000381469727,20.600000381469727,223840
2009-12-02,20.5,21.0,20.25,20.75,20.75,167420
2009-12-03,20.799999237060547,21.25,20.600000381469727,20.649999618530273,20.649999618530273,215900
2009-12-04,20.799999237060547,21.350000381469727,20.0,20.5,20.5,357340
2009-12-07,20.649999618530273,23.0,20.649999618530273,23.0,23.0,594060
2009-12-08,22.100000381469727,22.850000381469727,21.799999237060547,22.0,22.0,362800
2009-12-09,22.299999237060547,22.549999237060547,21.899999618530273,22.350000381469727,22.350000381469727,183820
2009-12-10,22.5,22.600000381469727,20.049999237060547,20.25,20.25,674300
2009-12-11,20.600000381469727,21.100000381469727,20.5,20.799999237060547,20.799999237060547,273120
2009-12-14,20.799999237060547,22.0,20.5,21.799999237060547,21.799999237060547,385020
2009-12-15,22.0,23.25,21.75,22.5,22.5,633120
2009-12-16,24.450000762939453,25.5,24.100000381469727,24.5,24.5,1349420
2009-12-17,24.149999618530273,24.5,23.299999237060547,24.149999618530273,24.149999618530273,449960
2009-12-18,24.25,24.399999618530273,22.799999237060547,24.100000381469727,24.100000381469727,494740
2009-12-21,24.149999618530273,25.600000381469727,23.700000762939453,25.100000381469727,25.100000381469727,557980
2009-12-22,25.049999237060547,25.700000762939453,24.25,24.649999618530273,24.649999618530273,359420
2009-12-23,24.799999237060547,25.649999618530273,24.399999618530273,25.399999618530273,25.399999618530273,366980
2009-12-24,25.600000381469727,25.600000381469727,24.899999618530273,25.600000381469727,25.600000381469727,159100
2009-12-28,25.649999618530273,26.399999618530273,25.200000762939453,25.299999237060547,25.299999237060547,391500
2009-12-29,25.100000381469727,25.200000762939453,24.25,24.5,24.5,306540
2009-12-30,24.450000762939453,24.450000762939453,23.5,24.100000381469727,24.100000381469727,286420
2009-12-31,24.100000381469727,24.350000381469727,23.649999618530273,23.799999237060547,23.799999237060547,236080
2010-01-04,24.649999618530273,25.5,24.200000762939453,25.5,25.5,489280
2010-01-05,25.5,26.75,25.350000381469727,26.25,26.25,647800
2010-01-06,27.549999237060547,29.700000762939453,27.100000381469727,29.350000381469727,29.350000381469727,1277900
2010-01-07,29.299999237060547,30.649999618530273,27.899999618530273,28.299999237060547,28.299999237060547,1048840
2010-01-08,28.549999237060547,29.0,27.950000762939453,28.799999237060547,28.799999237060547,492280
2010-01-11,29.549999237060547,30.75,29.200000762939453,30.649999618530273,30.649999618530273,865400
2010-01-12,30.0,30.200000762939453,28.75,29.450000762939453,29.450000762939453,555640
2010-01-13,29.049999237060547,29.25,28.25,28.75,28.75,482700
2010-01-14,29.100000381469727,29.5,26.850000381469727,26.850000381469727,26.850000381469727,739200
2010-01-15,27.100000381469727,27.25,25.399999618530273,25.5,25.5,498420
2010-01-19,25.399999618530273,26.5,25.0,26.200000762939453,26.200000762939453,429080
2010-01-20,25.549999237060547,27.0,25.549999237060547,26.0,26.0,412180
2010-01-21,25.75,26.700000762939453,24.850000381469727,25.25,25.25,435160
2010-01-22,25.100000381469727,25.100000381469727,22.5,23.049999237060547,23.049999237060547,672420
2010-01-25,23.75,24.299999237060547,23.149999618530273,23.799999237060547,23.799999237060547,350740
2010-01-26,23.75,25.100000381469727,23.299999237060547,24.549999237060547,24.549999237060547,371520
2010-01-27,24.549999237060547,24.899999618530273,23.25,24.0,24.0,232480
2010-01-28,24.5,24.799999237060547,23.0,23.149999618530273,23.149999618530273,227200
2010-01-29,23.149999618530273,23.799999237060547,21.649999618530273,22.0,22.0,246620
2010-02-01,22.899999618530273,24.0,22.600000381469727,23.799999237060547,23.799999237060547,172140
2010-02-02,24.200000762939453,24.700000762939453,23.799999237060547,24.600000381469727,24.600000381469727,180480
2010-02-03,24.950000762939453,25.200000762939453,24.25,24.5,24.5,200720
2010-02-04,24.200000762939453,24.299999237060547,22.100000381469727,22.350000381469727,22.350000381469727,254480
2010-02-05,22.799999237060547,23.049999237060547,21.600000381469727,22.700000762939453,22.700000762939453,325600
2010-02-08,22.799999237060547,23.5,22.0,22.399999618530273,22.399999618530273,217480
2010-02-09,23.299999237060547,23.350000381469727,22.450000762939453,22.799999237060547,22.799999237060547,139000
2010-02-10,22.950000762939453,23.399999618530273,22.200000762939453,22.399999618530273,22.399999618530273,124440
2010-02-11,24.700000762939453,25.399999618530273,23.950000762939453,24.450000762939453,24.450000762939453,610460
2010-02-12,24.649999618530273,25.700000762939453,24.100000381469727,25.149999618530273,25.149999618530273,350360
2010-02-16,25.5,26.649999618530273,25.450000762939453,26.600000381469727,26.600000381469727,293100
2010-02-17,26.899999618530273,27.200000762939453,25.799999237060547,26.649999618530273,26.649999618530273,231860
2010-02-18,26.600000381469727,26.75,25.75,26.049999237060547,26.049999237060547,150860
2010-02-19,25.299999237060547,25.850000381469727,24.799999237060547,25.549999237060547,25.549999237060547,204220
2010-02-22,25.100000381469727,25.899999618530273,24.850000381469727,25.25,25.25,163420
2010-02-23,25.450000762939453,25.450000762939453,24.049999237060547,24.649999618530273,24.649999618530273,150480
2010-02-24,24.600000381469727,25.299999237060547,24.549999237060547,25.200000762939453,25.200000762939453,153200
2010-02-25,25.149999618530273,26.049999237060547,24.899999618530273,25.950000762939453,25.950000762939453,422460
2010-02-26,25.799999237060547,26.149999618530273,25.149999618530273,25.350000381469727,25.350000381469727,182840
2010-03-01,25.899999618530273,26.0,25.5,26.0,26.0,154980
2010-03-02,25.950000762939453,26.25,25.649999618530273,26.149999618530273,26.149999618530273,140160
2010-03-03,26.25,27.450000762939453,26.149999618530273,26.899999618530273,26.899999618530273,240560
2010-03-04,27.299999237060547,27.549999237060547,26.75,27.049999237060547,27.049999237060547,170060
2010-03-05,27.0,27.5,26.850000381469727,27.5,27.5,142760
2010-03-08,27.100000381469727,27.399999618530273,25.450000762939453,26.25,26.25,327200
2010-03-09,26.200000762939453,26.899999618530273,25.899999618530273,26.299999237060547,26.299999237060547,208580
2010-03-10,25.5,26.75,25.5,25.799999237060547,25.799999237060547,342980
2010-03-11,25.600000381469727,26.350000381469727,25.350000381469727,26.299999237060547,26.299999237060547,258920
2010-03-12,26.450000762939453,26.75,25.75,25.850000381469727,25.850000381469727,159640
2010-03-15,25.799999237060547,26.200000762939453,25.200000762939453,25.299999237060547,25.299999237060547,114780
2010-03-16,25.399999618530273,25.5,24.5,24.950000762939453,24.950000762939453,208180
2010-03-17,25.0,25.700000762939453,24.950000762939453,24.950000762939453,24.950000762939453,148400
2010-03-18,24.75,24.899999618530273,24.0,24.600000381469727,24.600000381469727,200460
2010-03-19,24.299999237060547,25.200000762939453,23.600000381469727,24.299999237060547,24.299999237060547,494580
2010-03-22,23.850000381469727,24.649999618530273,23.649999618530273,24.549999237060547,24.549999237060547,335740
2010-03-23,24.649999618530273,25.100000381469727,24.649999618530273,25.100000381469727,25.100000381469727,139260
2010-03-24,25.0,25.399999618530273,24.549999237060547,25.0,25.0,164460
2010-03-25,25.200000762939453,26.25,25.200000762939453,25.75,25.75,296300
2010-03-26,26.149999618530273,28.25,25.899999618530273,28.049999237060547,28.049999237060547,747180
2010-03-29,28.399999618530273,29.049999237060547,28.0,28.799999237060547,28.799999237060547,473180
2010-03-30,29.100000381469727,29.899999618530273,28.350000381469727,29.600000381469727,29.600000381469727,642800
2010-03-31,29.350000381469727,30.200000762939453,28.25,29.600000381469727,29.600000381469727,577600
2010-04-01,29.899999618530273,30.950000762939453,29.649999618530273,30.549999237060547,30.549999237060547,743640
2010-04-05,30.850000381469727,31.100000381469727,30.399999618530273,30.950000762939453,30.950000762939453,251960
2010-04-06,30.950000762939453,31.200000762939453,30.049999237060547,30.5,30.5,455760
2010-04-07,31.049999237060547,32.900001525878906,30.600000381469727,32.79999923706055,32.79999923706055,811140
2010-04-08,31.950000762939453,33.79999923706055,31.350000381469727,33.79999923706055,33.79999923706055,425960
2010-04-09,34.45000076293945,35.0,31.600000381469727,32.099998474121094,32.099998474121094,665260
2010-04-12,32.20000076293945,32.79999923706055,32.0,32.150001525878906,32.150001525878906,310900
2010-04-13,32.099998474121094,33.849998474121094,31.600000381469727,33.45000076293945,33.45000076293945,360900
2010-04-14,33.349998474121094,34.349998474121094,33.20000076293945,34.099998474121094,34.099998474121094,275760
2010-04-15,33.849998474121094,34.45000076293945,33.0,33.79999923706055,33.79999923706055,300960
2010-04-16,33.400001525878906,33.54999923706055,31.049999237060547,31.649999618530273,31.649999618530273,508800
2010-04-19,31.350000381469727,32.400001525878906,30.950000762939453,32.29999923706055,32.29999923706055,357060
2010-04-20,32.900001525878906,35.5,32.75,35.25,35.25,598380
2010-04-21,34.70000076293945,36.29999923706055,34.54999923706055,36.150001525878906,36.150001525878906,573860
2010-04-22,35.04999923706055,36.349998474121094,34.5,36.25,36.25,326660
2010-04-23,35.70000076293945,36.70000076293945,35.5,36.70000076293945,36.70000076293945,269360
2010-04-26,36.599998474121094,37.70000076293945,36.599998474121094,37.25,37.25,362360
2010-04-27,36.599998474121094,37.54999923706055,35.099998474121094,35.29999923706055,35.29999923706055,429160
2010-04-28,34.95000076293945,34.95000076293945,32.29999923706055,33.75,33.75,662640
2010-04-29,34.54999923706055,36.79999923706055,34.54999923706055,36.650001525878906,36.650001525878906,386040
2010-04-30,37.650001525878906,43.75,37.45000076293945,39.04999923706055,39.04999923706055,1193400
2010-05-03,40.45000076293945,40.54999923706055,37.849998474121094,38.95000076293945,38.95000076293945,459140
2010-05-04,38.79999923706055,38.95000076293945,36.70000076293945,37.29999923706055,37.29999923706055,374880
2010-05-05,36.29999923706055,36.29999923706055,34.70000076293945,34.849998474121094,34.849998474121094,708320
2010-05-06,34.650001525878906,35.25,29.799999237060547,32.400001525878906,32.400001525878906,986360
2010-05-07,32.20000076293945,33.95000076293945,30.799999237060547,33.04999923706055,33.04999923706055,596840
2010-05-10,36.650001525878906,37.5,35.20000076293945,36.400001525878906,36.400001525878906,746120
2010-05-11,34.79999923706055,36.45000076293945,33.25,33.45000076293945,33.45000076293945,618400
2010-05-12,34.150001525878906,35.0,33.150001525878906,34.25,34.25,561680
2010-05-13,33.95000076293945,35.150001525878906,33.45000076293945,33.75,33.75,440620
2010-05-14,32.95000076293945,33.25,31.649999618530273,32.400001525878906,32.400001525878906,280840
2010-05-17,31.950000762939453,32.25,29.700000762939453,31.100000381469727,31.100000381469727,487520
2010-05-18,32.150001525878906,33.400001525878906,31.0,31.399999618530273,31.399999618530273,668400
2010-05-19,30.899999618530273,31.399999618530273,27.0,27.600000381469727,27.600000381469727,1199600
2010-05-20,26.100000381469727,27.549999237060547,24.799999237060547,26.5,26.5,939380
2010-05-21,25.600000381469727,28.850000381469727,25.549999237060547,28.649999618530273,28.649999618530273,776800
2010-05-24,28.5,29.049999237060547,26.75,26.850000381469727,26.850000381469727,390520
2010-05-25,25.049999237060547,27.0,24.549999237060547,26.899999618530273,26.899999618530273,416580
2010-05-26,28.299999237060547,28.950000762939453,27.350000381469727,28.100000381469727,28.100000381469727,473720
2010-05-27,29.100000381469727,30.0,29.0,30.0,30.0,248660
2010-05-28,30.700000762939453,31.899999618530273,29.649999618530273,30.850000381469727,30.850000381469727,508140
2010-06-01,29.950000762939453,30.149999618530273,27.399999618530273,27.399999618530273,27.399999618530273,447280
2010-06-02,28.149999618530273,29.700000762939453,27.399999618530273,29.549999237060547,29.549999237060547,263120
2010-06-03,30.600000381469727,30.700000762939453,29.200000762939453,29.950000762939453,29.950000762939453,219780
2010-06-04,28.649999618530273,30.299999237060547,28.399999618530273,29.200000762939453,29.200000762939453,307220
2010-06-07,28.799999237060547,29.149999618530273,26.700000762939453,26.850000381469727,26.850000381469727,220840
2010-06-08,26.350000381469727,27.0,25.649999618530273,26.75,26.75,284200
2010-06-09,26.850000381469727,27.700000762939453,26.299999237060547,26.399999618530273,26.399999618530273,227380
2010-06-10,27.350000381469727,28.899999618530273,26.899999618530273,28.899999618530273,28.899999618530273,252100
2010-06-11,28.799999237060547,29.450000762939453,28.049999237060547,29.100000381469727,29.100000381469727,182440
2010-06-14,29.5,30.450000762939453,29.350000381469727,29.649999618530273,29.649999618530273,365480
2010-06-15,30.350000381469727,32.0,30.0,31.799999237060547,31.799999237060547,294240
2010-06-16,31.549999237060547,32.20000076293945,31.25,31.25,31.25,214780
2010-06-17,31.549999237060547,32.75,30.850000381469727,32.650001525878906,32.650001525878906,226800
2010-06-18,32.650001525878906,33.099998474121094,32.0,32.45000076293945,32.45000076293945,205820
2010-06-21,33.400001525878906,33.54999923706055,31.700000762939453,31.850000381469727,31.850000381469727,213180
2010-06-22,31.649999618530273,32.099998474121094,29.600000381469727,29.899999618530273,29.899999618530273,187720
2010-06-23,30.350000381469727,31.149999618530273,29.75,30.299999237060547,30.299999237060547,120560
2010-06-24,29.649999618530273,30.100000381469727,28.700000762939453,28.799999237060547,28.799999237060547,140420
2010-06-25,29.0,30.25,28.549999237060547,30.0,30.0,103960
2010-06-28,28.75,30.149999618530273,28.5,29.549999237060547,29.549999237060547,284480
2010-06-29,28.450000762939453,28.899999618530273,27.549999237060547,27.700000762939453,27.700000762939453,423220
2010-06-30,28.049999237060547,30.149999618530273,27.899999618530273,29.850000381469727,29.850000381469727,385700
2010-07-01,31.299999237060547,33.0,30.25,32.400001525878906,32.400001525878906,706580
2010-07-02,32.650001525878906,34.650001525878906,31.75,34.20000076293945,34.20000076293945,533920
2010-07-06,35.0,35.349998474121094,32.349998474121094,32.79999923706055,32.79999923706055,521460
2010-07-07,32.25,34.95000076293945,32.25,34.70000076293945,34.70000076293945,186140
2010-07-08,34.900001525878906,37.849998474121094,34.79999923706055,37.75,37.75,427500
2010-07-09,36.5,38.25,36.25,38.0,38.0,327900
2010-07-12,37.900001525878906,38.75,36.29999923706055,37.400001525878906,37.400001525878906,273880
2010-07-13,37.599998474121094,38.20000076293945,36.0,36.5,36.5,332860
2010-07-14,37.0,37.5,36.20000076293945,37.29999923706055,37.29999923706055,251060
2010-07-15,37.150001525878906,37.400001525878906,36.04999923706055,37.150001525878906,37.150001525878906,161480
2010-07-16,36.70000076293945,36.900001525878906,35.650001525878906,36.04999923706055,36.04999923706055,181200
2010-07-19,36.04999923706055,37.95000076293945,35.599998474121094,37.70000076293945,37.70000076293945,241100
2010-07-20,36.400001525878906,39.75,36.099998474121094,39.29999923706055,39.29999923706055,356580
2010-07-21,38.95000076293945,39.599998474121094,37.650001525878906,38.0,38.0,411760
2010-07-22,38.75,40.25,38.54999923706055,39.54999923706055,39.54999923706055,313660
2010-07-23,39.0,40.400001525878906,38.54999923706055,40.04999923706055,40.04999923706055,267840
2010-07-26,39.900001525878906,41.099998474121094,39.0,40.70000076293945,40.70000076293945,197680
2010-07-27,40.599998474121094,40.599998474121094,39.0,39.20000076293945,39.20000076293945,232280
2010-07-28,38.25,38.849998474121094,37.849998474121094,38.150001525878906,38.150001525878906,241400
2010-07-29,38.5,40.0,38.400001525878906,39.29999923706055,39.29999923706055,323620
2010-07-30,38.25,38.650001525878906,37.150001525878906,37.900001525878906,37.900001525878906,336340
2010-08-02,39.099998474121094,39.70000076293945,38.25,39.599998474121094,39.599998474121094,192680
2010-08-03,40.650001525878906,41.099998474121094,39.400001525878906,39.900001525878906,39.900001525878906,265480
2010-08-04,39.79999923706055,39.849998474121094,38.70000076293945,39.54999923706055,39.54999923706055,143740
2010-08-05,39.45000076293945,40.70000076293945,39.099998474121094,39.5,39.5,197820
2010-08-06,39.349998474121094,40.45000076293945,38.5,39.95000076293945,39.95000076293945,338980
2010-08-09,40.5,42.0,39.650001525878906,41.54999923706055,41.54999923706055,629420
2010-08-10,41.25,42.29999923706055,40.099998474121094,40.150001525878906,40.150001525878906,551520
2010-08-11,39.150001525878906,39.29999923706055,36.54999923706055,36.650001525878906,36.650001525878906,434600
2010-08-12,36.5,39.0,35.29999923706055,38.349998474121094,38.349998474121094,403480
2010-08-13,38.29999923706055,39.099998474121094,37.349998474121094,37.400001525878906,37.400001525878906,181280
2010-08-16,37.150001525878906,38.79999923706055,36.70000076293945,36.95000076293945,36.95000076293945,345960
2010-08-17,37.70000076293945,40.0,37.70000076293945,40.0,40.0,360920
2010-08-18,40.75,42.400001525878906,40.349998474121094,41.400001525878906,41.400001525878906,977740
2010-08-19,40.75,41.04999923706055,38.900001525878906,38.900001525878906,38.900001525878906,561080
2010-08-20,38.95000076293945,39.849998474121094,38.25,39.45000076293945,39.45000076293945,310100
2010-08-23,39.54999923706055,40.5,38.900001525878906,38.95000076293945,38.95000076293945,201300
2010-08-24,37.70000076293945,38.650001525878906,36.650001525878906,37.650001525878906,37.650001525878906,276980
2010-08-25,37.29999923706055,40.900001525878906,36.75,40.79999923706055,40.79999923706055,473820
2010-08-26,40.349998474121094,41.25,38.79999923706055,38.900001525878906,38.900001525878906,314740
2010-08-27,38.75,41.75,38.75,41.75,41.75,426580
2010-08-30,41.20000076293945,44.599998474121094,41.20000076293945,42.900001525878906,42.900001525878906,691100
2010-08-31,42.20000076293945,45.150001525878906,42.150001525878906,43.849998474121094,43.849998474121094,543120
2010-09-01,44.70000076293945,45.54999923706055,44.5,45.20000076293945,45.20000076293945,308620
2010-09-02,45.5,47.0,44.599998474121094,46.849998474121094,46.849998474121094,419460
2010-09-03,47.599998474121094,49.349998474121094,47.45000076293945,48.650001525878906,48.650001525878906,446480
2010-09-07,48.400001525878906,51.29999923706055,47.599998474121094,48.650001525878906,48.650001525878906,617980
2010-09-08,49.349998474121094,50.599998474121094,47.95000076293945,49.04999923706055,49.04999923706055,338180
2010-09-09,49.849998474121094,49.849998474121094,48.04999923706055,48.400001525878906,48.400001525878906,199200
2010-09-10,48.349998474121094,48.400001525878906,46.45000076293945,47.150001525878906,47.150001525878906,292840
2010-09-13,48.5,48.95000076293945,47.400001525878906,48.5,48.5,274000
2010-09-14,48.150001525878906,51.150001525878906,47.75,51.0,51.0,438520
2010-09-15,50.25,51.650001525878906,49.54999923706055,50.849998474121094,50.849998474121094,389120
2010-09-16,50.29999923706055,51.95000076293945,50.04999923706055,51.5,51.5,288480
2010-09-17,52.0,52.25,50.849998474121094,51.400001525878906,51.400001525878906,236600
2010-09-20,51.5,54.349998474121094,51.099998474121094,54.349998474121094,54.349998474121094,418900
2010-09-21,54.099998474121094,56.849998474121094,53.849998474121094,55.099998474121094,55.099998474121094,397460
2010-09-22,55.0,56.599998474121094,54.95000076293945,56.04999923706055,56.04999923706055,226220
2010-09-23,55.400001525878906,55.900001525878906,54.599998474121094,54.900001525878906,54.900001525878906,341060
2010-09-24,56.0,59.650001525878906,56.0,59.349998474121094,59.349998474121094,504960
2010-09-27,59.95000076293945,60.5,57.5,57.900001525878906,57.900001525878906,495740
2010-09-28,57.95000076293945,58.349998474121094,55.099998474121094,57.349998474121094,57.349998474121094,492500
2010-09-29,57.150001525878906,61.45000076293945,56.900001525878906,60.849998474121094,60.849998474121094,1237160
2010-09-30,61.75,63.599998474121094,60.20000076293945,62.5,62.5,664100
2010-10-01,63.400001525878906,63.5,60.29999923706055,61.75,61.75,439180
2010-10-04,61.54999923706055,61.900001525878906,57.5,58.599998474121094,58.599998474121094,573000
2010-10-05,59.599998474121094,61.04999923706055,58.75,60.75,60.75,323480
2010-10-06,60.25,62.29999923706055,60.20000076293945,61.150001525878906,61.150001525878906,280580
2010-10-07,62.29999923706055,66.69999694824219,61.650001525878906,66.25,66.25,793080
2010-10-08,65.55000305175781,66.3499984741211,64.0999984741211,65.5,65.5,414840
2010-10-11,66.25,70.5,65.05000305175781,68.80000305175781,68.80000305175781,628200
2010-10-12,68.3499984741211,69.94999694824219,66.4000015258789,68.0,68.0,437460
2010-10-13,69.30000305175781,73.5,69.19999694824219,72.0,72.0,708540
2010-10-14,73.19999694824219,76.69999694824219,71.9000015258789,72.75,72.75,1168500
2010-10-15,73.0,73.44999694824219,63.349998474121094,65.1500015258789,65.1500015258789,1333080
2010-10-18,63.45000076293945,69.5999984741211,61.650001525878906,66.94999694824219,66.94999694824219,1221880
2010-10-19,66.0999984741211,66.8499984741211,59.45000076293945,60.849998474121094,60.849998474121094,1532280
2010-10-20,61.599998474121094,64.5999984741211,61.29999923706055,62.849998474121094,62.849998474121094,802440
2010-10-21,63.20000076293945,63.54999923706055,59.150001525878906,60.150001525878906,60.150001525878906,761180
2010-10-22,60.54999923706055,61.099998474121094,56.95000076293945,59.400001525878906,59.400001525878906,746680
2010-10-25,60.900001525878906,62.5,59.79999923706055,61.25,61.25,471280
2010-10-26,61.849998474121094,61.95000076293945,60.29999923706055,60.79999923706055,60.79999923706055,347180
2010-10-27,59.79999923706055,62.150001525878906,59.54999923706055,61.900001525878906,61.900001525878906,451540
2010-10-28,63.0,64.80000305175781,61.0,64.3499984741211,64.3499984741211,495540
2010-10-29,63.25,63.54999923706055,59.29999923706055,59.849998474121094,59.849998474121094,618880
2010-11-01,61.29999923706055,61.79999923706055,55.900001525878906,57.349998474121094,57.349998474121094,797700
2010-11-02,58.599998474121094,60.0,57.5,59.54999923706055,59.54999923706055,479980
2010-11-03,60.349998474121094,62.900001525878906,60.0,62.900001525878906,62.900001525878906,778740
2010-11-04,65.0999984741211,66.0999984741211,64.5,65.30000305175781,65.30000305175781,771460
2010-11-05,70.6500015258789,70.6500015258789,64.25,64.80000305175781,64.80000305175781,1911880
2010-11-08,63.45000076293945,63.70000076293945,61.79999923706055,62.20000076293945,62.20000076293945,705060
2010-11-09,63.29999923706055,65.05000305175781,61.0,61.150001525878906,61.150001525878906,812240
2010-11-10,61.45000076293945,61.5,57.400001525878906,59.099998474121094,59.099998474121094,841580
2010-11-11,57.45000076293945,58.5,56.0,57.599998474121094,57.599998474121094,474200
2010-11-12,56.849998474121094,59.29999923706055,55.349998474121094,55.650001525878906,55.650001525878906,645760
2010-11-15,56.5,56.79999923706055,53.45000076293945,53.650001525878906,53.650001525878906,710120
2010-11-16,52.150001525878906,52.25,49.04999923706055,49.099998474121094,49.099998474121094,1449240
2010-11-17,47.650001525878906,47.650001525878906,44.45000076293945,44.95000076293945,44.95000076293945,2149160
2010-11-18,46.95000076293945,47.20000076293945,44.150001525878906,45.599998474121094,45.599998474121094,1097180
2010-11-19,46.099998474121094,47.79999923706055,44.400001525878906,47.54999923706055,47.54999923706055,783200
2010-11-22,47.70000076293945,49.650001525878906,46.349998474121094,49.20000076293945,49.20000076293945,853320
2010-11-23,46.95000076293945,48.599998474121094,46.5,47.349998474121094,47.349998474121094,560520
2010-11-24,48.0,48.95000076293945,47.599998474121094,48.650001525878906,48.650001525878906,391260
2010-11-26,47.75,48.04999923706055,46.75,46.75,46.75,192740
2010-11-29,46.25,46.400001525878906,43.349998474121094,44.349998474121094,44.349998474121094,816800
2010-11-30,43.5,43.75,40.75,41.150001525878906,41.150001525878906,974620
2010-12-01,43.25,43.599998474121094,41.29999923706055,41.54999923706055,41.54999923706055,960860
2010-12-02,42.20000076293945,43.70000076293945,41.349998474121094,43.20000076293945,43.20000076293945,565920
2010-12-03,44.20000076293945,45.650001525878906,43.5,45.25,45.25,625180
2010-12-06,46.25,47.349998474121094,45.650001525878906,46.79999923706055,46.79999923706055,630900
2010-12-07,47.75,48.0,44.400001525878906,44.650001525878906,44.650001525878906,730400
2010-12-08,44.900001525878906,45.099998474121094,43.04999923706055,44.599998474121094,44.599998474121094,508560
2010-12-09,45.400001525878906,45.70000076293945,43.95000076293945,44.650001525878906,44.650001525878906,331040
2010-12-10,44.70000076293945,45.099998474121094,43.650001525878906,43.75,43.75,454760
2010-12-13,44.20000076293945,44.5,41.25,41.5,41.5,665580
2010-12-14,41.349998474121094,42.20000076293945,40.5,41.20000076293945,41.20000076293945,621320
2010-12-15,41.5,42.25,40.900001525878906,41.20000076293945,41.20000076293945,353740
2010-12-16,41.650001525878906,41.650001525878906,40.04999923706055,40.75,40.75,281100
2010-12-17,40.349998474121094,40.70000076293945,39.5,40.099998474121094,40.099998474121094,435020
2010-12-20,40.599998474121094,42.0,40.599998474121094,41.45000076293945,41.45000076293945,443460
2010-12-21,42.29999923706055,43.599998474121094,41.79999923706055,42.45000076293945,42.45000076293945,674680
2010-12-22,43.25,43.349998474121094,40.95000076293945,42.0,42.0,526440
2010-12-23,43.349998474121094,46.25,43.349998474121094,45.349998474121094,45.349998474121094,1227260
2010-12-27,44.70000076293945,44.79999923706055,43.25,44.0,44.0,487500
2010-12-28,44.04999923706055,44.349998474121094,42.5,42.54999923706055,42.54999923706055,424880
2010-12-29,42.650001525878906,43.099998474121094,41.95000076293945,42.75,42.75,313460
2010-12-30,43.04999923706055,43.70000076293945,42.5,43.45000076293945,43.45000076293945,347020
2010-12-31,43.20000076293945,43.70000076293945,43.0,43.70000076293945,43.70000076293945,256760
2011-01-03,44.95000076293945,45.849998474121094,44.29999923706055,45.20000076293945,45.20000076293945,509440
2011-01-04,45.79999923706055,47.20000076293945,45.45000076293945,47.04999923706055,47.04999923706055,1008020
2011-01-05,46.79999923706055,47.45000076293945,46.099998474121094,46.650001525878906,46.650001525878906,472620
2011-01-06,47.04999923706055,47.400001525878906,45.349998474121094,46.349998474121094,46.349998474121094,617940
2011-01-07,47.5,48.95000076293945,47.099998474121094,48.54999923706055,48.54999923706055,857200
2011-01-10,51.20000076293945,52.75,51.099998474121094,52.650001525878906,52.650001525878906,1279800
2011-01-11,55.0,55.0,52.900001525878906,53.849998474121094,53.849998474121094,1116600
2011-01-12,54.45000076293945,57.25,54.20000076293945,55.650001525878906,55.650001525878906,1057020
2011-01-13,55.599998474121094,55.599998474121094,52.599998474121094,52.95000076293945,52.95000076293945,1004600
2011-01-14,51.599998474121094,52.400001525878906,51.0,51.599998474121094,51.599998474121094,622640
2011-01-18,51.79999923706055,54.900001525878906,51.70000076293945,54.849998474121094,54.849998474121094,995740
2011-01-19,54.599998474121094,54.79999923706055,49.95000076293945,50.04999923706055,50.04999923706055,1171600
2011-01-20,49.599998474121094,52.45000076293945,47.900001525878906,52.25,52.25,1049200
2011-01-21,53.150001525878906,53.349998474121094,51.0,51.25,51.25,808300
2011-01-24,52.150001525878906,54.5,51.5,54.150001525878906,54.150001525878906,905980
2011-01-25,52.95000076293945,55.45000076293945,51.400001525878906,51.70000076293945,51.70000076293945,1400400
2011-01-26,53.04999923706055,53.20000076293945,50.349998474121094,50.599998474121094,50.599998474121094,1222040
2011-01-27,51.0,53.75,50.150001525878906,53.25,53.25,1020700
2011-01-28,53.349998474121094,54.0,50.5,50.900001525878906,50.900001525878906,863860
2011-01-31,51.5,53.04999923706055,51.0,52.849998474121094,52.849998474121094,620460
2011-02-01,53.400001525878906,55.099998474121094,53.400001525878906,53.79999923706055,53.79999923706055,832940
2011-02-02,54.0,58.5,52.70000076293945,57.95000076293945,57.95000076293945,1733520
2011-02-03,58.25,59.900001525878906,55.849998474121094,57.70000076293945,57.70000076293945,1351500
2011-02-04,56.650001525878906,57.650001525878906,55.5,55.95000076293945,55.95000076293945,722960
2011-02-07,57.04999923706055,58.599998474121094,56.5,56.95000076293945,56.95000076293945,574240
2011-02-08,56.5,57.0,55.150001525878906,56.25,56.25,425080
2011-02-09,55.75,56.400001525878906,54.099998474121094,54.400001525878906,54.400001525878906,547980
2011-02-10,53.25,55.849998474121094,52.29999923706055,55.0,55.0,581160
2011-02-11,54.599998474121094,57.400001525878906,54.29999923706055,56.900001525878906,56.900001525878906,784540
2011-02-14,57.45000076293945,59.75,57.349998474121094,59.599998474121094,59.599998474121094,752960
2011-02-15,58.900001525878906,60.45000076293945,58.5,58.75,58.75,870960
2011-02-16,59.54999923706055,61.25,59.400001525878906,61.150001525878906,61.150001525878906,774340
2011-02-17,60.29999923706055,63.900001525878906,60.29999923706055,63.650001525878906,63.650001525878906,915580
2011-02-18,66.19999694824219,66.25,61.79999923706055,63.150001525878906,63.150001525878906,1197020
2011-02-22,61.25,61.79999923706055,58.5,58.79999923706055,58.79999923706055,1209660
2011-02-23,59.099998474121094,61.849998474121094,56.54999923706055,58.349998474121094,58.349998474121094,1111840
2011-02-24,57.79999923706055,59.95000076293945,56.79999923706055,59.099998474121094,59.099998474121094,1035940
2011-02-25,60.20000076293945,60.5,57.099998474121094,57.70000076293945,57.70000076293945,989460
2011-02-28,58.95000076293945,59.0,54.45000076293945,55.25,55.25,1445660
2011-03-01,49.25,49.75,45.25,46.0,46.0,2602120
2011-03-02,46.099998474121094,48.0,46.099998474121094,47.95000076293945,47.95000076293945,1299700
2011-03-03,48.849998474121094,49.400001525878906,47.099998474121094,47.29999923706055,47.29999923706055,1194540
2011-03-04,47.75,48.04999923706055,46.099998474121094,46.29999923706055,46.29999923706055,786040
2011-03-07,46.900001525878906,47.45000076293945,44.5,44.599998474121094,44.599998474121094,921480
2011-03-08,44.75,45.849998474121094,42.79999923706055,44.29999923706055,44.29999923706055,1040320
2011-03-09,41.0,43.54999923706055,40.400001525878906,43.04999923706055,43.04999923706055,1525000
2011-03-10,41.650001525878906,44.400001525878906,41.5,43.95000076293945,43.95000076293945,1016820
2011-03-11,42.400001525878906,45.75,42.25,43.54999923706055,43.54999923706055,673380
2011-03-14,45.5,46.25,44.849998474121094,45.25,45.25,942560
2011-03-15,47.04999923706055,48.5,45.29999923706055,47.5,47.5,1684540
2011-03-16,48.70000076293945,48.70000076293945,45.099998474121094,46.04999923706055,46.04999923706055,1042520
2011-03-17,46.599998474121094,47.75,45.29999923706055,46.25,46.25,680120
2011-03-18,46.75,46.75,44.099998474121094,45.150001525878906,45.150001525878906,622560
2011-03-21,45.349998474121094,45.900001525878906,44.599998474121094,45.400001525878906,45.400001525878906,520620
2011-03-22,45.400001525878906,45.70000076293945,43.849998474121094,44.150001525878906,44.150001525878906,489980
2011-03-23,44.04999923706055,45.150001525878906,43.599998474121094,44.849998474121094,44.849998474121094,365440
2011-03-24,45.70000076293945,45.900001525878906,44.75,45.20000076293945,45.20000076293945,428620
2011-03-25,45.70000076293945,45.900001525878906,44.849998474121094,45.0,45.0,384720
2011-03-28,46.04999923706055,47.79999923706055,46.04999923706055,46.900001525878906,46.900001525878906,806900
2011-03-29,48.099998474121094,50.900001525878906,47.25,50.45000076293945,50.45000076293945,1278180
2011-03-30,52.0,52.0,50.79999923706055,50.900001525878906,50.900001525878906,891900
2011-03-31,51.849998474121094,53.0,49.79999923706055,52.75,52.75,1022760
2011-04-01,53.650001525878906,53.650001525878906,50.04999923706055,50.29999923706055,50.29999923706055,869360
2011-04-04,50.70000076293945,51.29999923706055,48.900001525878906,49.20000076293945,49.20000076293945,673700
2011-04-05,49.20000076293945,50.5,48.400001525878906,49.349998474121094,49.349998474121094,683940
2011-04-06,50.54999923706055,50.54999923706055,48.54999923706055,49.54999923706055,49.54999923706055,556820
2011-04-07,49.70000076293945,49.70000076293945,48.29999923706055,49.04999923706055,49.04999923706055,319260
2011-04-08,49.79999923706055,50.04999923706055,48.25,48.95000076293945,48.95000076293945,428880
2011-04-11,49.70000076293945,49.70000076293945,46.75,47.45000076293945,47.45000076293945,514100
2011-04-12,47.150001525878906,47.45000076293945,45.29999923706055,45.849998474121094,45.849998474121094,549960
2011-04-13,46.400001525878906,47.75,46.150001525878906,47.29999923706055,47.29999923706055,626080
2011-04-14,47.099998474121094,48.150001525878906,45.900001525878906,47.599998474121094,47.599998474121094,597060
2011-04-15,47.75,47.75,45.849998474121094,46.04999923706055,46.04999923706055,473000
2011-04-18,45.849998474121094,45.849998474121094,42.900001525878906,44.45000076293945,44.45000076293945,796740
2011-04-19,44.5,45.54999923706055,43.5,44.20000076293945,44.20000076293945,544500
2011-04-20,44.900001525878906,46.349998474121094,44.900001525878906,46.349998474121094,46.349998474121094,438760
2011-04-21,46.79999923706055,47.400001525878906,45.25,46.04999923706055,46.04999923706055,488740
2011-04-25,46.5,46.75,46.04999923706055,46.45000076293945,46.45000076293945,231140
2011-04-26,46.349998474121094,46.95000076293945,45.599998474121094,46.0,46.0,440000
2011-04-27,45.29999923706055,45.5,43.599998474121094,44.25,44.25,1137740
2011-04-28,40.5,44.5,40.349998474121094,43.29999923706055,43.29999923706055,1328300
2011-04-29,44.5,46.54999923706055,43.04999923706055,45.900001525878906,45.900001525878906,1308260
2011-05-02,46.150001525878906,46.150001525878906,44.29999923706055,44.650001525878906,44.650001525878906,484780
2011-05-03,44.29999923706055,44.45000076293945,42.5,43.25,43.25,623740
2011-05-04,42.20000076293945,43.20000076293945,41.0,41.20000076293945,41.20000076293945,852480
2011-05-05,40.900001525878906,41.900001525878906,40.75,41.099998474121094,41.099998474121094,575780
2011-05-06,41.75,41.95000076293945,41.04999923706055,41.54999923706055,41.54999923706055,648960
2011-05-09,41.650001525878906,41.79999923706055,40.25,41.54999923706055,41.54999923706055,375200
2011-05-10,41.70000076293945,44.70000076293945,41.29999923706055,44.25,44.25,827420
2011-05-11,44.0,44.150001525878906,41.900001525878906,41.900001525878906,41.900001525878906,573740
2011-05-12,42.20000076293945,42.20000076293945,41.5,41.650001525878906,41.650001525878906,493540
2011-05-13,41.75,41.95000076293945,40.75,41.25,41.25,476300
2011-05-16,40.54999923706055,41.5,40.0,40.099998474121094,40.099998474121094,506920
2011-05-17,39.349998474121094,39.400001525878906,37.599998474121094,37.849998474121094,37.849998474121094,793940
2011-05-18,38.099998474121094,38.95000076293945,37.75,38.29999923706055,38.29999923706055,467940
2011-05-19,38.04999923706055,38.75,37.349998474121094,37.70000076293945,37.70000076293945,511740
2011-05-20,37.150001525878906,37.29999923706055,35.75,36.25,36.25,791300
2011-05-23,34.599998474121094,36.04999923706055,34.5,35.650001525878906,35.650001525878906,546140
2011-05-24,35.849998474121094,36.70000076293945,35.70000076293945,36.25,36.25,415040
2011-05-25,35.75,35.849998474121094,34.400001525878906,34.599998474121094,34.599998474121094,608360
2011-05-26,34.099998474121094,35.75,34.099998474121094,35.25,35.25,311860
2011-05-27,35.75,36.599998474121094,35.5,36.0,36.0,368840
2011-05-31,37.04999923706055,38.25,36.75,37.099998474121094,37.099998474121094,576920
2011-06-01,37.400001525878906,37.400001525878906,34.349998474121094,34.349998474121094,34.349998474121094,891220
2011-06-02,34.5,35.150001525878906,33.04999923706055,33.45000076293945,33.45000076293945,741140
2011-06-03,32.75,33.150001525878906,31.149999618530273,31.25,31.25,1147940
2011-06-06,31.200000762939453,32.29999923706055,30.200000762939453,30.299999237060547,30.299999237060547,647940
2011-06-07,30.850000381469727,32.0,30.450000762939453,31.549999237060547,31.549999237060547,779240
2011-06-08,31.149999618530273,31.200000762939453,28.0,28.25,28.25,1189680
2011-06-09,28.649999618530273,29.149999618530273,28.0,28.149999618530273,28.149999618530273,720440
2011-06-10,28.0,28.0,25.950000762939453,26.200000762939453,26.200000762939453,1573560
2011-06-13,26.600000381469727,27.299999237060547,25.950000762939453,26.600000381469727,26.600000381469727,698080
2011-06-14,27.549999237060547,28.350000381469727,27.25,28.100000381469727,28.100000381469727,1175140
2011-06-15,27.0,28.5,26.5,26.700000762939453,26.700000762939453,1057040
2011-06-16,26.700000762939453,27.25,24.649999618530273,25.299999237060547,25.299999237060547,1257960
2011-06-17,25.75,26.049999237060547,24.100000381469727,24.649999618530273,24.649999618530273,968980
2011-06-20,24.0,24.149999618530273,22.5,23.049999237060547,23.049999237060547,1305900
2011-06-21,23.0,23.5,21.649999618530273,21.799999237060547,21.799999237060547,1998060
2011-06-22,22.200000762939453,25.350000381469727,21.850000381469727,24.799999237060547,24.799999237060547,2344340
2011-06-23,24.0,25.5,23.600000381469727,25.299999237060547,25.299999237060547,1180860
2011-06-24,25.75,26.0,25.0,25.200000762939453,25.200000762939453,856760
2011-06-27,25.0,25.600000381469727,24.149999618530273,24.399999618530273,24.399999618530273,868380
2011-06-28,23.75,24.649999618530273,23.5,24.5,24.5,638360
2011-06-29,24.899999618530273,25.200000762939453,24.25,25.200000762939453,25.200000762939453,862920
2011-06-30,25.5,26.799999237060547,25.299999237060547,26.100000381469727,26.100000381469727,958140
2011-07-01,26.350000381469727,26.799999237060547,25.799999237060547,26.200000762939453,26.200000762939453,573820
2011-07-05,26.700000762939453,26.75,25.5,26.100000381469727,26.100000381469727,580940
2011-07-06,25.649999618530273,25.799999237060547,25.0,25.25,25.25,947320
2011-07-07,25.700000762939453,25.75,24.75,24.799999237060547,24.799999237060547,596500
2011-07-08,24.100000381469727,24.25,23.450000762939453,23.850000381469727,23.850000381469727,922760
2011-07-11,23.25,23.700000762939453,23.0,23.399999618530273,23.399999618530273,566020
2011-07-12,21.100000381469727,23.700000762939453,21.0,23.549999237060547,23.549999237060547,1620860
2011-07-13,23.75,24.700000762939453,23.700000762939453,24.049999237060547,24.049999237060547,543760
2011-07-14,24.200000762939453,24.25,22.649999618530273,22.950000762939453,22.950000762939453,537920
2011-07-15,22.950000762939453,23.200000762939453,22.049999237060547,22.450000762939453,22.450000762939453,388640
2011-07-18,22.399999618530273,22.5,21.450000762939453,21.950000762939453,21.950000762939453,413300
2011-07-19,22.100000381469727,23.5,22.100000381469727,23.0,23.0,525400
2011-07-20,23.350000381469727,24.75,23.299999237060547,23.899999618530273,23.899999618530273,572860
2011-07-21,23.75,24.049999237060547,23.0,23.200000762939453,23.200000762939453,786920
2011-07-22,23.049999237060547,24.450000762939453,23.049999237060547,24.399999618530273,24.399999618530273,571320
2011-07-25,24.049999237060547,24.600000381469727,23.549999237060547,23.549999237060547,23.549999237060547,306000
2011-07-26,23.299999237060547,23.850000381469727,22.799999237060547,23.700000762939453,23.700000762939453,413020
2011-07-27,23.350000381469727,23.649999618530273,22.299999237060547,22.450000762939453,22.450000762939453,469280
2011-07-28,22.399999618530273,23.299999237060547,22.100000381469727,22.700000762939453,22.700000762939453,455680
2011-07-29,22.450000762939453,22.950000762939453,22.049999237060547,22.649999618530273,22.649999618530273,570840
2011-08-01,23.149999618530273,23.850000381469727,22.350000381469727,22.700000762939453,22.700000762939453,585340
2011-08-02,22.600000381469727,22.950000762939453,21.450000762939453,21.450000762939453,21.450000762939453,658980
2011-08-03,21.700000762939453,21.799999237060547,20.200000762939453,20.700000762939453,20.700000762939453,589140
2011-08-04,20.049999237060547,20.200000762939453,17.75,17.950000762939453,17.950000762939453,1207100
2011-08-05,18.299999237060547,18.899999618530273,16.399999618530273,16.899999618530273,16.899999618530273,1068560
2011-08-08,15.050000190734863,15.5,13.800000190734863,13.800000190734863,13.800000190734863,1168580
2011-08-09,13.399999618530273,15.800000190734863,13.25,15.75,15.75,1064460
2011-08-10,15.050000190734863,16.5,14.75,16.149999618530273,16.149999618530273,792600
2011-08-11,16.350000381469727,20.299999237060547,16.200000762939453,20.0,20.0,1498940
2011-08-12,20.0,20.75,17.5,17.600000381469727,17.600000381469727,1013360
2011-08-15,18.0,18.899999618530273,17.75,18.899999618530273,18.899999618530273,383540
2011-08-16,18.350000381469727,18.5,17.5,17.899999618530273,17.899999618530273,365300
2011-08-17,18.100000381469727,18.25,16.899999618530273,16.950000762939453,16.950000762939453,317780
2011-08-18,16.049999237060547,16.100000381469727,15.149999618530273,15.5,15.5,463560
2011-08-19,15.649999618530273,16.450000762939453,14.75,14.949999809265137,14.949999809265137,512840
2011-08-22,16.700000762939453,16.75,14.949999809265137,15.050000190734863,15.050000190734863,652080
2011-08-23,15.5,16.5,15.100000381469727,16.5,16.5,657780
2011-08-24,16.450000762939453,16.899999618530273,16.0,16.899999618530273,16.899999618530273,480740
2011-08-25,17.0,17.25,16.399999618530273,16.549999237060547,16.549999237060547,345160
2011-08-26,16.399999618530273,17.75,15.850000381469727,17.399999618530273,17.399999618530273,433180
2011-08-29,17.600000381469727,18.299999237060547,17.450000762939453,18.200000762939453,18.200000762939453,395980
2011-08-30,18.100000381469727,18.149999618530273,17.100000381469727,17.75,17.75,359300
2011-08-31,17.950000762939453,18.200000762939453,17.049999237060547,17.350000381469727,17.350000381469727,362660
2011-09-01,17.450000762939453,17.450000762939453,16.049999237060547,16.049999237060547,16.049999237060547,415940
2011-09-02,15.550000190734863,15.800000190734863,15.050000190734863,15.300000190734863,15.300000190734863,441940
2011-09-06,14.800000190734863,15.800000190734863,14.600000381469727,15.699999809265137,15.699999809265137,394860
2011-09-07,16.399999618530273,16.700000762939453,15.449999809265137,15.949999809265137,15.949999809265137,360340
2011-09-08,15.399999618530273,16.200000762939453,15.050000190734863,15.100000381469727,15.100000381469727,493920
2011-09-09,15.0,15.050000190734863,14.25,14.600000381469727,14.600000381469727,694920
2011-09-12,14.800000190734863,15.800000190734863,14.5,15.050000190734863,15.050000190734863,492780
2011-09-13,15.399999618530273,15.75,14.850000381469727,14.949999809265137,14.949999809265137,376860
2011-09-14,15.149999618530273,15.449999809265137,14.100000381469727,14.350000381469727,14.350000381469727,624400
2011-09-15,15.0,15.0,14.399999618530273,14.800000190734863,14.800000190734863,315280
2011-09-16,14.899999618530273,14.899999618530273,14.100000381469727,14.100000381469727,14.100000381469727,454540
2011-09-19,13.75,13.800000190734863,13.149999618530273,13.199999809265137,13.199999809265137,465740
2011-09-20,13.449999809265137,13.550000190734863,11.649999618530273,11.75,11.75,628740
2011-09-21,11.949999809265137,12.600000381469727,11.199999809265137,11.25,11.25,466620
2011-09-22,10.600000381469727,11.050000190734863,10.25,10.399999618530273,10.399999618530273,657240
2011-09-23,10.350000381469727,11.649999618530273,10.350000381469727,11.149999618530273,11.149999618530273,572680
2011-09-26,11.300000190734863,11.649999618530273,10.5,10.75,10.75,397520
2011-09-27,11.149999618530273,11.300000190734863,10.800000190734863,10.800000190734863,10.800000190734863,373880
2011-09-28,10.600000381469727,10.75,9.550000190734863,9.699999809265137,9.699999809265137,895500
2011-09-29,10.149999618530273,10.149999618530273,8.399999618530273,8.75,8.75,1267300
2011-09-30,8.800000190734863,9.199999809265137,8.5,8.600000381469727,8.600000381469727,389520
2011-10-03,8.550000190734863,8.600000381469727,7.75,7.75,7.75,657520
2011-10-04,7.400000095367432,8.5,7.300000190734863,8.050000190734863,8.050000190734863,1020000
2011-10-05,8.699999809265137,8.699999809265137,7.550000190734863,8.199999809265137,8.199999809265137,1625340
2011-10-06,8.300000190734863,10.149999618530273,8.199999809265137,9.699999809265137,9.699999809265137,1561720
2011-10-07,10.350000381469727,10.5,9.300000190734863,9.449999809265137,9.449999809265137,1130480
2011-10-10,10.050000190734863,10.25,9.300000190734863,9.699999809265137,9.699999809265137,551000
2011-10-11,9.800000190734863,9.850000381469727,9.300000190734863,9.699999809265137,9.699999809265137,286740
2011-10-12,9.699999809265137,10.850000381469727,9.699999809265137,10.75,10.75,662020
2011-10-13,10.550000190734863,11.699999809265137,10.25,11.699999809265137,11.699999809265137,632780
2011-10-14,12.300000190734863,12.800000190734863,10.899999618530273,11.699999809265137,11.699999809265137,620020
2011-10-17,11.25,11.699999809265137,10.75,11.100000381469727,11.100000381469727,354280
2011-10-18,10.899999618530273,11.100000381469727,10.149999618530273,10.899999618530273,10.899999618530273,445720
2011-10-19,10.949999809265137,11.100000381469727,10.149999618530273,10.399999618530273,10.399999618530273,419880
2011-10-20,10.149999618530273,10.699999809265137,9.800000190734863,10.699999809265137,10.699999809265137,590300
2011-10-21,11.0,11.100000381469727,10.25,10.75,10.75,291540
2011-10-24,10.75,11.5,10.75,11.5,11.5,658680
2011-10-25,11.350000381469727,11.350000381469727,10.100000381469727,10.350000381469727,10.350000381469727,990400
2011-10-26,10.600000381469727,10.800000190734863,10.350000381469727,10.699999809265137,10.699999809265137,319400
2011-10-27,11.350000381469727,12.25,11.0,12.199999809265137,12.199999809265137,936260
2011-10-28,11.800000190734863,13.350000381469727,11.75,13.0,13.0,823520
2011-10-31,12.5,12.600000381469727,11.25,11.399999618530273,11.399999618530273,395740
2011-11-01,10.899999618530273,11.25,10.550000190734863,10.75,10.75,351060
2011-11-02,11.0,11.399999618530273,10.5,10.649999618530273,10.649999618530273,264660
2011-11-03,10.899999618530273,11.100000381469727,10.5,11.0,11.0,291320
2011-11-04,11.100000381469727,11.899999618530273,10.75,11.850000381469727,11.850000381469727,447840
2011-11-07,10.850000381469727,11.649999618530273,10.449999809265137,11.300000190734863,11.300000190734863,332180
2011-11-08,11.449999809265137,11.699999809265137,10.899999618530273,11.199999809265137,11.199999809265137,188640
2011-11-09,10.649999618530273,11.0,10.199999809265137,10.199999809265137,10.199999809265137,314340
2011-11-10,10.449999809265137,10.649999618530273,9.800000190734863,9.850000381469727,9.850000381469727,301280
2011-11-11,10.149999618530273,10.850000381469727,10.050000190734863,10.649999618530273,10.649999618530273,253760
2011-11-14,10.5,10.75,9.949999809265137,9.949999809265137,9.949999809265137,207440
2011-11-15,9.699999809265137,9.899999618530273,9.300000190734863,9.300000190734863,9.300000190734863,381740
2011-11-16,9.0,9.699999809265137,8.850000381469727,9.550000190734863,9.550000190734863,305640
2011-11-17,9.550000190734863,9.699999809265137,8.850000381469727,8.850000381469727,8.850000381469727,255880
2011-11-18,9.0,9.300000190734863,8.399999618530273,8.399999618530273,8.399999618530273,222840
2011-11-21,8.149999618530273,8.5,7.599999904632568,8.399999618530273,8.399999618530273,225840
2011-11-22,8.399999618530273,8.949999809265137,7.849999904632568,8.699999809265137,8.699999809265137,317860
2011-11-23,8.949999809265137,9.550000190734863,8.5,9.300000190734863,9.300000190734863,362300
2011-11-25,9.199999809265137,9.399999618530273,8.800000190734863,8.800000190734863,8.800000190734863,110100
2011-11-28,9.350000381469727,9.399999618530273,9.050000190734863,9.25,9.25,365060
2011-11-29,8.899999618530273,9.600000381469727,8.850000381469727,9.399999618530273,9.399999618530273,278120
2011-11-30,9.75,10.199999809265137,9.649999618530273,10.0,10.0,422680
2011-12-01,9.949999809265137,10.199999809265137,9.449999809265137,9.550000190734863,9.550000190734863,229320
2011-12-02,9.699999809265137,10.050000190734863,9.149999618530273,9.300000190734863,9.300000190734863,200580
2011-12-05,9.649999618530273,9.75,8.899999618530273,9.399999618530273,9.399999618530273,248280
2011-12-06,9.350000381469727,9.350000381469727,8.899999618530273,8.899999618530273,8.899999618530273,180300
2011-12-07,8.800000190734863,9.25,8.600000381469727,8.75,8.75,209260
2011-12-08,8.75,9.100000381469727,8.550000190734863,8.75,8.75,139380
2011-12-09,8.800000190734863,9.0,8.5,8.600000381469727,8.600000381469727,171040
2011-12-12,8.449999809265137,8.800000190734863,8.25,8.25,8.25,137000
2011-12-13,8.300000190734863,8.649999618530273,7.75,7.75,7.75,155300
2011-12-14,7.650000095367432,8.0,7.5,7.550000190734863,7.550000190734863,205880
2011-12-15,7.699999809265137,8.0,7.400000095367432,7.650000095367432,7.650000095367432,179520
2011-12-16,7.949999809265137,7.949999809265137,7.349999904632568,7.349999904632568,7.349999904632568,152160
2011-12-19,7.449999809265137,7.900000095367432,7.25,7.400000095367432,7.400000095367432,193020
2011-12-20,7.599999904632568,8.199999809265137,7.550000190734863,8.100000381469727,8.100000381469727,194080
2011-12-21,8.050000190734863,8.75,7.650000095367432,8.5,8.5,171600
2011-12-22,8.550000190734863,9.0,8.550000190734863,8.850000381469727,8.850000381469727,211320
2011-12-23,8.899999618530273,9.0,8.25,8.350000381469727,8.350000381469727,128880
2011-12-27,8.25,8.350000381469727,7.5,7.5,7.5,231020
2011-12-28,7.5,8.0,7.5,7.75,7.75,201900
2011-12-29,7.699999809265137,7.900000095367432,7.599999904632568,7.800000190734863,7.800000190734863,149940
2011-12-30,7.699999809265137,7.75,7.550000190734863,7.650000095367432,7.650000095367432,163700
2012-01-03,7.900000095367432,8.199999809265137,7.800000190734863,8.050000190734863,8.050000190734863,162100
2012-01-04,7.949999809265137,8.399999618530273,7.949999809265137,8.300000190734863,8.300000190734863,160060
2012-01-05,8.25,8.25,8.0,8.100000381469727,8.100000381469727,125380
2012-01-06,8.050000190734863,8.149999618530273,7.800000190734863,8.149999618530273,8.149999618530273,105120
2012-01-09,7.900000095367432,8.5,7.849999904632568,8.300000190734863,8.300000190734863,143080
2012-01-10,8.449999809265137,8.850000381469727,8.100000381469727,8.600000381469727,8.600000381469727,376160
2012-01-11,8.550000190734863,11.550000190734863,8.550000190734863,11.25,11.25,1412820
2012-01-12,11.25,12.0,10.050000190734863,11.699999809265137,11.699999809265137,701320
2012-01-13,11.25,11.75,10.75,10.899999618530273,10.899999618530273,444020
2012-01-17,11.050000190734863,12.199999809265137,11.050000190734863,12.050000190734863,12.050000190734863,424040
2012-01-18,12.0,12.649999618530273,11.600000381469727,12.399999618530273,12.399999618530273,560200
2012-01-19,12.600000381469727,13.25,11.350000381469727,11.75,11.75,1167160
2012-01-20,11.550000190734863,12.399999618530273,11.0,11.399999618530273,11.399999618530273,599080
2012-01-23,11.850000381469727,11.850000381469727,10.5,10.5,10.5,373480
2012-01-24,10.5,10.600000381469727,9.949999809265137,10.5,10.5,244620
2012-01-25,10.449999809265137,10.850000381469727,10.25,10.649999618530273,10.649999618530273,227720
2012-01-26,10.649999618530273,11.949999809265137,10.649999618530273,11.600000381469727,11.600000381469727,451140
2012-01-27,11.5,12.5,11.300000190734863,12.25,12.25,506040
2012-01-30,11.899999618530273,12.699999809265137,11.699999809265137,12.550000190734863,12.550000190734863,260400
2012-01-31,12.649999618530273,12.949999809265137,11.350000381469727,11.850000381469727,11.850000381469727,396280
2012-02-01,11.949999809265137,12.350000381469727,11.399999618530273,12.100000381469727,12.100000381469727,176840
2012-02-02,12.050000190734863,12.550000190734863,11.600000381469727,12.300000190734863,12.300000190734863,231680
2012-02-03,12.5,12.550000190734863,11.949999809265137,12.050000190734863,12.050000190734863,176380
2012-02-06,11.899999618530273,12.699999809265137,11.899999618530273,12.600000381469727,12.600000381469727,261940
2012-02-07,12.600000381469727,13.850000381469727,12.399999618530273,13.600000381469727,13.600000381469727,529540
2012-02-08,13.899999618530273,14.800000190734863,13.800000190734863,14.5,14.5,547960
2012-02-09,14.75,16.899999618530273,14.550000190734863,15.850000381469727,15.850000381469727,1033100
2012-02-10,15.100000381469727,15.449999809265137,14.600000381469727,14.800000190734863,14.800000190734863,519060
2012-02-13,15.449999809265137,16.0,14.5,14.850000381469727,14.850000381469727,471620
2012-02-14,14.699999809265137,14.699999809265137,13.399999618530273,13.649999618530273,13.649999618530273,428060
2012-02-15,13.75,14.0,13.399999618530273,13.449999809265137,13.449999809265137,294700
2012-02-16,13.449999809265137,13.75,13.0,13.600000381469727,13.600000381469727,377100
2012-02-17,14.100000381469727,14.949999809265137,14.100000381469727,14.5,14.5,450440
2012-02-21,15.550000190734863,15.550000190734863,14.75,15.100000381469727,15.100000381469727,328640
2012-02-22,15.0,15.0,14.25,14.5,14.5,290700
2012-02-23,14.199999809265137,14.25,13.050000190734863,13.649999618530273,13.649999618530273,408160
2012-02-24,13.5,14.149999618530273,13.149999618530273,14.100000381469727,14.100000381469727,204440
2012-02-27,13.949999809265137,13.949999809265137,12.949999809265137,13.5,13.5,347560
2012-02-28,13.800000190734863,14.199999809265137,13.300000190734863,13.75,13.75,186680
2012-02-29,13.649999618530273,13.649999618530273,12.850000381469727,12.899999618530273,12.899999618530273,261560
2012-03-01,12.699999809265137,13.149999618530273,12.25,12.25,12.25,294780
2012-03-02,12.149999618530273,12.899999618530273,12.0,12.5,12.5,338680
2012-03-05,12.5,12.600000381469727,12.0,12.050000190734863,12.050000190734863,135780
2012-03-06,11.600000381469727,12.649999618530273,11.5,12.300000190734863,12.300000190734863,321360
2012-03-07,12.300000190734863,12.800000190734863,12.100000381469727,12.75,12.75,108600
2012-03-08,12.649999618530273,12.899999618530273,11.699999809265137,11.800000190734863,11.800000190734863,228440
2012-03-09,12.350000381469727,12.600000381469727,11.550000190734863,12.300000190734863,12.300000190734863,259800
2012-03-12,12.100000381469727,12.699999809265137,12.100000381469727,12.300000190734863,12.300000190734863,100720
2012-03-13,12.300000190734863,12.949999809265137,12.0,12.850000381469727,12.850000381469727,164700
2012-03-14,12.850000381469727,12.949999809265137,12.25,12.399999618530273,12.399999618530273,88500
2012-03-15,12.350000381469727,12.75,12.25,12.300000190734863,12.300000190734863,115480
2012-03-16,13.300000190734863,15.100000381469727,13.100000381469727,14.050000190734863,14.050000190734863,927780
2012-03-19,14.0,14.0,13.25,13.449999809265137,13.449999809265137,201940
2012-03-20,13.399999618530273,14.149999618530273,12.399999618530273,14.050000190734863,14.050000190734863,585020
2012-03-21,14.0,14.050000190734863,12.850000381469727,13.149999618530273,13.149999618530273,186200
2012-03-22,12.899999618530273,13.100000381469727,12.550000190734863,12.75,12.75,110400
2012-03-23,12.75,13.350000381469727,12.699999809265137,13.350000381469727,13.350000381469727,190180
2012-03-26,13.399999618530273,13.600000381469727,12.75,12.949999809265137,12.949999809265137,176020
2012-03-27,13.399999618530273,13.399999618530273,12.649999618530273,12.699999809265137,12.699999809265137,115260
2012-03-28,12.899999618530273,12.949999809265137,11.899999618530273,12.0,12.0,288440
2012-03-29,11.949999809265137,12.0,11.25,11.449999809265137,11.449999809265137,493520
2012-03-30,11.550000190734863,11.699999809265137,11.149999618530273,11.550000190734863,11.550000190734863,98800
2012-04-02,11.550000190734863,11.550000190734863,10.449999809265137,10.550000190734863,10.550000190734863,319840
2012-04-03,10.550000190734863,10.550000190734863,9.699999809265137,9.699999809265137,9.699999809265137,357280
2012-04-04,9.550000190734863,9.949999809265137,9.149999618530273,9.800000190734863,9.800000190734863,317140
2012-04-05,9.850000381469727,9.850000381469727,9.399999618530273,9.449999809265137,9.449999809265137,156020
2012-04-09,9.399999618530273,9.75,9.300000190734863,9.399999618530273,9.399999618530273,144160
2012-04-10,9.449999809265137,9.75,9.399999618530273,9.449999809265137,9.449999809265137,189740
2012-04-11,9.449999809265137,10.300000190734863,9.449999809265137,9.899999618530273,9.899999618530273,221840
2012-04-12,9.899999618530273,10.25,9.399999618530273,9.449999809265137,9.449999809265137,214180
2012-04-13,9.449999809265137,9.449999809265137,9.050000190734863,9.149999618530273,9.149999618530273,95480
2012-04-16,9.399999618530273,9.5,9.100000381469727,9.199999809265137,9.199999809265137,87980
2012-04-17,9.5,9.949999809265137,9.199999809265137,9.649999618530273,9.649999618530273,157460
2012-04-18,9.550000190734863,9.550000190734863,9.199999809265137,9.199999809265137,9.199999809265137,129720
2012-04-19,9.25,9.350000381469727,9.050000190734863,9.149999618530273,9.149999618530273,147240
2012-04-20,9.149999618530273,9.25,8.899999618530273,8.899999618530273,8.899999618530273,101300
2012-04-23,8.75,8.850000381469727,8.25,8.300000190734863,8.300000190734863,188660
2012-04-24,8.5,9.0,8.5,8.800000190734863,8.800000190734863,135840
2012-04-25,8.949999809265137,9.149999618530273,8.699999809265137,8.850000381469727,8.850000381469727,78300
2012-04-26,8.75,9.100000381469727,8.649999618530273,9.0,9.0,40760
2012-04-27,9.0,9.050000190734863,8.75,8.899999618530273,8.899999618530273,38360
2012-04-30,8.850000381469727,9.100000381469727,8.149999618530273,8.25,8.25,274480
2012-05-01,8.600000381469727,8.899999618530273,8.300000190734863,8.699999809265137,8.699999809265137,163000
2012-05-02,9.0,9.25,8.5,8.5,8.5,154220
2012-05-03,8.600000381469727,9.149999618530273,8.600000381469727,9.100000381469727,9.100000381469727,165000
2012-05-04,8.899999618530273,9.149999618530273,8.899999618530273,9.0,9.0,77400
2012-05-07,8.899999618530273,8.899999618530273,8.600000381469727,8.699999809265137,8.699999809265137,59600
2012-05-08,8.550000190734863,9.0,8.550000190734863,8.850000381469727,8.850000381469727,53760
2012-05-09,8.75,8.949999809265137,8.5,8.949999809265137,8.949999809265137,51880
2012-05-10,8.5,9.100000381469727,8.5,8.949999809265137,8.949999809265137,100660
2012-05-11,9.350000381469727,9.850000381469727,9.25,9.25,9.25,171080
2012-05-14,8.350000381469727,9.649999618530273,8.350000381469727,8.5,8.5,132720
2012-05-15,8.550000190734863,8.75,8.350000381469727,8.5,8.5,84120
2012-05-16,8.550000190734863,8.550000190734863,7.800000190734863,7.949999809265137,7.949999809265137,112340
2012-05-17,8.0,8.0,7.349999904632568,7.400000095367432,7.400000095367432,171060
2012-05-18,7.099999904632568,7.25,6.650000095367432,6.699999809265137,6.699999809265137,242160
2012-05-21,7.050000190734863,8.649999618530273,7.0,7.099999904632568,7.099999904632568,159820
2012-05-22,7.199999809265137,7.800000190734863,7.099999904632568,7.25,7.25,130100
2012-05-23,7.099999904632568,7.199999809265137,6.800000190734863,7.0,7.0,166000
2012-05-24,7.0,7.150000095367432,6.599999904632568,6.650000095367432,6.650000095367432,134060
2012-05-25,6.650000095367432,6.849999904632568,6.599999904632568,6.650000095367432,6.650000095367432,89740
2012-05-29,6.650000095367432,7.0,6.349999904632568,6.400000095367432,6.400000095367432,241520
2012-05-30,6.449999809265137,6.650000095367432,6.0,6.300000190734863,6.300000190734863,113100
2012-05-31,6.199999809265137,6.400000095367432,5.849999904632568,6.099999904632568,6.099999904632568,129500
2012-06-01,5.900000095367432,6.599999904632568,5.900000095367432,6.349999904632568,6.349999904632568,142160
2012-06-04,6.349999904632568,6.449999809265137,6.0,6.050000190734863,6.050000190734863,96860
2012-06-05,6.0,6.150000095367432,5.849999904632568,6.050000190734863,6.050000190734863,166400
2012-06-06,6.099999904632568,6.449999809265137,6.0,6.099999904632568,6.099999904632568,159880
2012-06-07,6.25,6.25,6.050000190734863,6.199999809265137,6.199999809265137,135880
2012-06-08,6.050000190734863,6.150000095367432,5.949999809265137,6.0,6.0,73820
2012-06-11,6.099999904632568,6.25,6.0,6.050000190734863,6.050000190734863,123120
2012-06-12,6.0,6.550000190734863,5.900000095367432,6.5,6.5,188460
2012-06-13,6.5,6.650000095367432,6.150000095367432,6.199999809265137,6.199999809265137,78400
2012-06-14,6.099999904632568,6.5,6.050000190734863,6.25,6.25,78120
2012-06-15,6.599999904632568,8.649999618530273,6.300000190734863,8.25,8.25,332000
2012-06-18,8.100000381469727,8.100000381469727,7.25,7.699999809265137,7.699999809265137,236380
2012-06-19,7.650000095367432,7.650000095367432,7.25,7.25,7.25,85880
2012-06-20,7.150000095367432,7.550000190734863,7.150000095367432,7.349999904632568,7.349999904632568,57880
2012-06-21,7.400000095367432,7.5,6.849999904632568,7.050000190734863,7.050000190734863,95260
2012-06-22,7.050000190734863,7.5,6.949999809265137,7.150000095367432,7.150000095367432,67920
2012-06-25,7.150000095367432,7.150000095367432,6.650000095367432,6.900000095367432,6.900000095367432,75960
2012-06-26,6.849999904632568,6.900000095367432,6.449999809265137,6.449999809265137,6.449999809265137,74480
2012-06-27,6.599999904632568,6.650000095367432,6.099999904632568,6.300000190734863,6.300000190734863,92220
2012-06-28,6.199999809265137,6.449999809265137,5.800000190734863,5.800000190734863,5.800000190734863,279100
2012-06-29,6.449999809265137,6.449999809265137,6.099999904632568,6.300000190734863,6.300000190734863,102840
2012-07-02,6.449999809265137,6.650000095367432,6.300000190734863,6.5,6.5,45700
2012-07-03,6.699999809265137,7.300000190734863,6.550000190734863,7.300000190734863,7.300000190734863,203440
2012-07-05,7.199999809265137,7.550000190734863,7.0,7.400000095367432,7.400000095367432,147280
2012-07-06,7.199999809265137,7.400000095367432,6.900000095367432,7.099999904632568,7.099999904632568,31520
2012-07-09,7.0,7.25,6.699999809265137,7.0,7.0,28300
2012-07-10,7.0,7.199999809265137,6.900000095367432,7.050000190734863,7.050000190734863,89460
2012-07-11,7.099999904632568,7.25,7.050000190734863,7.25,7.25,57080
2012-07-12,7.050000190734863,7.150000095367432,6.75,6.800000190734863,6.800000190734863,50200
2012-07-13,6.900000095367432,7.949999809265137,6.900000095367432,7.099999904632568,7.099999904632568,257280
2012-07-16,6.949999809265137,8.449999809265137,6.800000190734863,7.349999904632568,7.349999904632568,96440
2012-07-17,7.400000095367432,7.949999809265137,7.349999904632568,7.5,7.5,62720
2012-07-18,7.349999904632568,7.550000190734863,6.949999809265137,6.949999809265137,6.949999809265137,82540
2012-07-19,6.949999809265137,7.300000190734863,6.949999809265137,6.949999809265137,6.949999809265137,49640
2012-07-20,7.0,7.0,6.550000190734863,6.650000095367432,6.650000095367432,52440
2012-07-23,6.5,6.75,6.300000190734863,6.699999809265137,6.699999809265137,77940
2012-07-24,6.699999809265137,6.75,6.550000190734863,6.699999809265137,6.699999809265137,58560
2012-07-25,6.550000190734863,6.900000095367432,6.5,6.75,6.75,75560
2012-07-26,6.900000095367432,6.900000095367432,6.650000095367432,6.800000190734863,6.800000190734863,49360
2012-07-27,6.75,7.0,6.5,6.849999904632568,6.849999904632568,58680
2012-07-30,6.75,7.0,6.5,6.75,6.75,34280
2012-07-31,6.699999809265137,6.900000095367432,6.400000095367432,6.400000095367432,6.400000095367432,73500
2012-08-01,6.400000095367432,6.550000190734863,6.349999904632568,6.400000095367432,6.400000095367432,35880
2012-08-02,6.5,6.800000190734863,6.5,6.650000095367432,6.650000095367432,67580
2012-08-03,7.0,7.050000190734863,6.699999809265137,6.849999904632568,6.849999904632568,53240
2012-08-06,6.900000095367432,7.400000095367432,6.849999904632568,7.099999904632568,7.099999904632568,48600
2012-08-07,7.25,7.550000190734863,7.199999809265137,7.349999904632568,7.349999904632568,113800
2012-08-08,7.650000095367432,7.699999809265137,7.349999904632568,7.650000095367432,7.650000095367432,54720
2012-08-09,7.599999904632568,7.75,7.300000190734863,7.300000190734863,7.300000190734863,39900
2012-08-10,7.300000190734863,7.849999904632568,7.300000190734863,7.800000190734863,7.800000190734863,51040
2012-08-13,7.650000095367432,7.949999809265137,7.650000095367432,7.800000190734863,7.800000190734863,49080
2012-08-14,7.900000095367432,8.149999618530273,7.800000190734863,7.949999809265137,7.949999809265137,46540
2012-08-15,7.900000095367432,8.0,7.599999904632568,7.800000190734863,7.800000190734863,27180
2012-08-16,7.849999904632568,8.199999809265137,7.599999904632568,7.949999809265137,7.949999809265137,48600
2012-08-17,8.25,8.350000381469727,8.199999809265137,8.25,8.25,65280
2012-08-20,8.399999618530273,8.949999809265137,8.300000190734863,8.75,8.75,77760
2012-08-21,8.850000381469727,9.449999809265137,8.800000190734863,9.149999618530273,9.149999618530273,118880
2012-08-22,9.399999618530273,9.399999618530273,8.75,9.0,9.0,115580
2012-08-23,9.0,9.149999618530273,8.75,8.949999809265137,8.949999809265137,122960
2012-08-24,8.5,8.600000381469727,7.449999809265137,7.550000190734863,7.550000190734863,213080
2012-08-27,7.550000190734863,8.199999809265137,7.150000095367432,8.050000190734863,8.050000190734863,145800
2012-08-28,8.0,8.050000190734863,7.5,7.949999809265137,7.949999809265137,46840
2012-08-29,7.849999904632568,7.900000095367432,7.599999904632568,7.599999904632568,7.599999904632568,36360
2012-08-30,7.550000190734863,7.599999904632568,7.099999904632568,7.099999904632568,7.099999904632568,79840
2012-08-31,7.099999904632568,7.400000095367432,7.099999904632568,7.150000095367432,7.150000095367432,34580
2012-09-04,7.150000095367432,7.25,6.900000095367432,6.949999809265137,6.949999809265137,41280
2012-09-05,6.900000095367432,6.949999809265137,6.550000190734863,6.800000190734863,6.800000190734863,51020
2012-09-06,6.75,6.900000095367432,6.699999809265137,6.699999809265137,6.699999809265137,51560
2012-09-07,6.699999809265137,6.949999809265137,6.699999809265137,6.849999904632568,6.849999904632568,28360
2012-09-10,7.0,7.5,6.800000190734863,7.099999904632568,7.099999904632568,67980
2012-09-11,7.099999904632568,7.75,7.0,7.550000190734863,7.550000190734863,95820
2012-09-12,7.550000190734863,8.0,7.550000190734863,7.849999904632568,7.849999904632568,47880
2012-09-13,7.699999809265137,7.900000095367432,7.650000095367432,7.650000095367432,7.650000095367432,31580
2012-09-14,7.849999904632568,8.149999618530273,7.849999904632568,7.900000095367432,7.900000095367432,62820
2012-09-17,7.699999809265137,8.0,7.400000095367432,7.449999809265137,7.449999809265137,57820
2012-09-18,7.150000095367432,7.75,7.050000190734863,7.75,7.75,48080
2012-09-19,7.699999809265137,8.050000190734863,7.550000190734863,7.599999904632568,7.599999904632568,43140
2012-09-20,7.449999809265137,7.699999809265137,7.050000190734863,7.050000190734863,7.050000190734863,84880
2012-09-21,7.150000095367432,7.300000190734863,7.0,7.300000190734863,7.300000190734863,116940
2012-09-24,7.099999904632568,7.75,7.099999904632568,7.650000095367432,7.650000095367432,49460
2012-09-25,7.75,7.849999904632568,7.300000190734863,7.699999809265137,7.699999809265137,59960
2012-09-26,7.5,7.550000190734863,7.150000095367432,7.400000095367432,7.400000095367432,43760
2012-09-27,7.400000095367432,7.400000095367432,7.099999904632568,7.25,7.25,63140
2012-09-28,7.199999809265137,7.349999904632568,7.099999904632568,7.150000095367432,7.150000095367432,20200
2012-10-01,7.25,7.300000190734863,7.0,7.099999904632568,7.099999904632568,16520
2012-10-02,7.050000190734863,7.199999809265137,7.050000190734863,7.050000190734863,7.050000190734863,11060
2012-10-03,7.099999904632568,7.25,7.050000190734863,7.050000190734863,7.050000190734863,17880
2012-10-04,7.099999904632568,7.5,7.050000190734863,7.349999904632568,7.349999904632568,36560
2012-10-05,7.349999904632568,7.400000095367432,7.099999904632568,7.150000095367432,7.150000095367432,25940
2012-10-08,7.150000095367432,7.199999809265137,6.949999809265137,6.949999809265137,6.949999809265137,25580
2012-10-09,7.0,7.099999904632568,6.849999904632568,7.0,7.0,39500
2012-10-10,6.949999809265137,7.199999809265137,6.849999904632568,6.900000095367432,6.900000095367432,21180
2012-10-11,7.0,7.150000095367432,6.849999904632568,6.849999904632568,6.849999904632568,25680
2012-10-12,6.849999904632568,6.949999809265137,6.599999904632568,6.699999809265137,6.699999809265137,74880
2012-10-15,6.650000095367432,6.849999904632568,6.050000190734863,6.25,6.25,161840
2012-10-16,6.25,6.650000095367432,6.25,6.599999904632568,6.599999904632568,58140
2012-10-17,6.599999904632568,7.099999904632568,6.5,7.050000190734863,7.050000190734863,41800
2012-10-18,7.0,7.099999904632568,6.75,6.800000190734863,6.800000190734863,33980
2012-10-19,6.75,6.75,6.150000095367432,6.150000095367432,6.150000095367432,68540
2012-10-22,6.199999809265137,6.599999904632568,6.199999809265137,6.449999809265137,6.449999809265137,54540
2012-10-23,6.300000190734863,6.75,6.300000190734863,6.699999809265137,6.699999809265137,36900
2012-10-24,6.599999904632568,6.599999904632568,6.349999904632568,6.449999809265137,6.449999809265137,48620
2012-10-25,6.550000190734863,6.699999809265137,6.449999809265137,6.599999904632568,6.599999904632568,19300
2012-10-26,6.449999809265137,6.699999809265137,6.400000095367432,6.400000095367432,6.400000095367432,30180
2012-10-31,6.400000095367432,6.650000095367432,6.400000095367432,6.599999904632568,6.599999904632568,23140
2012-11-01,6.449999809265137,6.75,6.449999809265137,6.599999904632568,6.599999904632568,31040
2012-11-02,6.5,6.75,6.400000095367432,6.599999904632568,6.599999904632568,25680
2012-11-05,6.550000190734863,6.699999809265137,6.5,6.5,6.5,19460
2012-11-06,6.5,6.599999904632568,6.400000095367432,6.599999904632568,6.599999904632568,42960
2012-11-07,6.400000095367432,6.550000190734863,6.400000095367432,6.550000190734863,6.550000190734863,23160
2012-11-08,6.400000095367432,6.599999904632568,6.300000190734863,6.300000190734863,6.300000190734863,29140
2012-11-09,6.349999904632568,6.5,6.349999904632568,6.5,6.5,23420
2012-11-12,6.400000095367432,7.050000190734863,6.349999904632568,6.650000095367432,6.650000095367432,122800
2012-11-13,6.550000190734863,6.900000095367432,6.400000095367432,6.400000095367432,6.400000095367432,39460
2012-11-14,6.449999809265137,6.449999809265137,5.900000095367432,5.900000095367432,5.900000095367432,94940
2012-11-15,5.900000095367432,6.25,5.900000095367432,5.949999809265137,5.949999809265137,58720
2012-11-16,6.0,6.050000190734863,5.599999904632568,5.75,5.75,86880
2012-11-19,5.949999809265137,5.949999809265137,5.75,5.849999904632568,5.849999904632568,29400
2012-11-20,5.699999809265137,5.800000190734863,5.550000190734863,5.599999904632568,5.599999904632568,66800
2012-11-21,5.599999904632568,5.75,5.400000095367432,5.5,5.5,81300
2012-11-23,5.599999904632568,5.75,5.400000095367432,5.599999904632568,5.599999904632568,70100
2012-11-26,5.550000190734863,5.599999904632568,5.449999809265137,5.550000190734863,5.550000190734863,71360
2012-11-27,5.550000190734863,6.099999904632568,5.449999809265137,5.550000190734863,5.550000190734863,145000
2012-11-28,5.5,6.050000190734863,5.5,5.75,5.75,181540
2012-11-29,6.050000190734863,6.25,5.849999904632568,5.900000095367432,5.900000095367432,172060
2012-11-30,6.150000095367432,6.550000190734863,6.099999904632568,6.5,6.5,222160
2012-12-03,6.599999904632568,6.849999904632568,6.5,6.75,6.75,197820
2012-12-04,6.699999809265137,6.849999904632568,6.400000095367432,6.800000190734863,6.800000190734863,148400
2012-12-05,6.75,6.800000190734863,6.300000190734863,6.5,6.5,64460
2012-12-06,6.349999904632568,6.550000190734863,6.099999904632568,6.099999904632568,6.099999904632568,67180
2012-12-07,6.25,6.800000190734863,6.25,6.75,6.75,172580
2012-12-10,6.75,7.300000190734863,6.550000190734863,7.199999809265137,7.199999809265137,158160
2012-12-11,7.0,7.25,7.0,7.099999904632568,7.099999904632568,69840
2012-12-12,7.199999809265137,9.399999618530273,7.150000095367432,9.350000381469727,9.350000381469727,606020
2012-12-13,9.25,9.25,8.399999618530273,8.5,8.5,228720
2012-12-14,8.5,8.899999618530273,8.149999618530273,8.199999809265137,8.199999809265137,198360
2012-12-17,8.050000190734863,8.5,8.0,8.149999618530273,8.149999618530273,110240
2012-12-18,8.300000190734863,8.5,7.900000095367432,8.050000190734863,8.050000190734863,170520
2012-12-19,8.100000381469727,8.850000381469727,8.0,8.550000190734863,8.550000190734863,286100
2012-12-20,8.600000381469727,8.600000381469727,8.050000190734863,8.149999618530273,8.149999618530273,84800
2012-12-21,8.100000381469727,8.100000381469727,7.599999904632568,7.599999904632568,7.599999904632568,238180
2012-12-24,7.550000190734863,7.75,7.300000190734863,7.400000095367432,7.400000095367432,85820
2012-12-26,7.449999809265137,8.25,7.349999904632568,8.0,8.0,123600
2012-12-27,8.100000381469727,8.25,7.550000190734863,7.949999809265137,7.949999809265137,79740
2012-12-28,7.75,8.399999618530273,7.699999809265137,7.800000190734863,7.800000190734863,115260
2012-12-31,7.550000190734863,8.0,7.550000190734863,7.699999809265137,7.699999809265137,150960
2013-01-02,8.100000381469727,8.5,8.0,8.350000381469727,8.350000381469727,163520
2013-01-03,8.5,9.649999618530273,8.449999809265137,9.5,9.5,361000
2013-01-04,9.300000190734863,9.449999809265137,8.649999618530273,9.25,9.25,292380
2013-01-07,9.25,9.399999618530273,8.550000190734863,9.0,9.0,185380
2013-01-08,9.0,9.699999809265137,8.699999809265137,9.449999809265137,9.449999809265137,229400
2013-01-09,9.600000381469727,10.350000381469727,9.550000190734863,10.100000381469727,10.100000381469727,391500
2013-01-10,10.300000190734863,10.449999809265137,9.600000381469727,9.899999618530273,9.899999618530273,211180
2013-01-11,9.949999809265137,10.25,9.699999809265137,9.899999618530273,9.899999618530273,111240
2013-01-14,10.050000190734863,10.5,9.850000381469727,10.5,10.5,180720
2013-01-15,10.550000190734863,10.600000381469727,10.199999809265137,10.550000190734863,10.550000190734863,90920
2013-01-16,10.350000381469727,10.550000190734863,9.75,10.25,10.25,184540
2013-01-17,10.100000381469727,10.449999809265137,10.0,10.25,10.25,78840
2013-01-18,10.149999618530273,10.149999618530273,9.550000190734863,9.75,9.75,190160
2013-01-22,9.550000190734863,10.399999618530273,9.550000190734863,10.149999618530273,10.149999618530273,155580
2013-01-23,10.149999618530273,11.0,10.050000190734863,10.850000381469727,10.850000381469727,333220
2013-01-24,10.850000381469727,10.850000381469727,10.25,10.550000190734863,10.550000190734863,196820
2013-01-25,10.550000190734863,10.649999618530273,10.100000381469727,10.550000190734863,10.550000190734863,140980
2013-01-28,10.449999809265137,10.550000190734863,10.0,10.449999809265137,10.449999809265137,129960
2013-01-29,10.449999809265137,10.449999809265137,10.050000190734863,10.199999809265137,10.199999809265137,87640
2013-01-30,10.100000381469727,10.600000381469727,10.0,10.300000190734863,10.300000190734863,137420
2013-01-31,10.100000381469727,10.350000381469727,10.0,10.350000381469727,10.350000381469727,93140
2013-02-01,10.300000190734863,10.550000190734863,10.050000190734863,10.050000190734863,10.050000190734863,110200
2013-02-04,10.100000381469727,10.949999809265137,10.050000190734863,10.149999618530273,10.149999618530273,205300
2013-02-05,10.300000190734863,10.949999809265137,10.25,10.600000381469727,10.600000381469727,179400
2013-02-06,10.600000381469727,10.899999618530273,10.550000190734863,10.800000190734863,10.800000190734863,88720
2013-02-07,10.949999809265137,11.199999809265137,10.800000190734863,10.949999809265137,10.949999809265137,99780
2013-02-08,10.949999809265137,11.149999618530273,10.600000381469727,10.649999618530273,10.649999618530273,81540
2013-02-11,10.75,11.5,10.75,11.449999809265137,11.449999809265137,167980
2013-02-12,11.5,12.550000190734863,11.5,12.399999618530273,12.399999618530273,280040
2013-02-13,12.449999809265137,13.0,12.25,12.850000381469727,12.850000381469727,293240
2013-02-14,12.850000381469727,13.300000190734863,12.449999809265137,13.149999618530273,13.149999618530273,192820
2013-02-15,13.149999618530273,13.149999618530273,12.25,12.550000190734863,12.550000190734863,188760
2013-02-19,13.0,14.050000190734863,13.0,14.0,14.0,379680
2013-02-20,14.100000381469727,14.25,13.0,13.0,13.0,326160
2013-02-21,12.949999809265137,13.149999618530273,11.75,12.149999618530273,12.149999618530273,360300
2013-02-22,12.25,12.75,12.149999618530273,12.399999618530273,12.399999618530273,110500
2013-02-25,12.949999809265137,13.0,11.550000190734863,11.649999618530273,11.649999618530273,146140
2013-02-26,11.899999618530273,12.0,11.100000381469727,11.649999618530273,11.649999618530273,134720
2013-02-27,11.199999809265137,11.399999618530273,10.5,11.149999618530273,11.149999618530273,225960
2013-02-28,11.199999809265137,11.600000381469727,10.850000381469727,10.850000381469727,10.850000381469727,91000
2013-03-01,10.600000381469727,11.050000190734863,10.399999618530273,10.550000190734863,10.550000190734863,79440
2013-03-04,10.25,10.699999809265137,10.199999809265137,10.300000190734863,10.300000190734863,87000
2013-03-05,10.399999618530273,11.0,10.300000190734863,10.850000381469727,10.850000381469727,100980
2013-03-06,10.949999809265137,11.75,10.850000381469727,11.649999618530273,11.649999618530273,143340
2013-03-07,11.5,11.75,11.350000381469727,11.449999809265137,11.449999809265137,64160
2013-03-08,11.699999809265137,11.949999809265137,11.199999809265137,11.699999809265137,11.699999809265137,78020
2013-03-11,11.149999618530273,11.649999618530273,11.0,11.300000190734863,11.300000190734863,167600
2013-03-12,11.5,11.5,11.0,11.300000190734863,11.300000190734863,94300
2013-03-13,11.149999618530273,11.149999618530273,10.600000381469727,10.699999809265137,10.699999809265137,158660
2013-03-14,11.149999618530273,11.699999809265137,10.600000381469727,10.699999809265137,10.699999809265137,274560
2013-03-15,10.850000381469727,10.899999618530273,9.75,9.850000381469727,9.850000381469727,426780
2013-03-18,9.699999809265137,9.699999809265137,8.75,9.0,9.0,373460
2013-03-19,9.100000381469727,9.25,8.75,8.800000190734863,8.800000190734863,150960
2013-03-20,8.899999618530273,8.949999809265137,7.849999904632568,8.050000190734863,8.050000190734863,456140
2013-03-21,8.100000381469727,9.0,8.100000381469727,8.699999809265137,8.699999809265137,356720
2013-03-22,8.600000381469727,8.649999618530273,7.849999904632568,7.949999809265137,7.949999809265137,254780
2013-03-25,7.949999809265137,8.050000190734863,7.449999809265137,7.599999904632568,7.599999904632568,190640
2013-03-26,7.5,7.699999809265137,7.400000095367432,7.650000095367432,7.650000095367432,148040
2013-03-27,7.75,7.75,7.150000095367432,7.400000095367432,7.400000095367432,161060
2013-03-28,7.25,7.300000190734863,6.800000190734863,6.900000095367432,6.900000095367432,234400
2013-04-01,6.900000095367432,6.900000095367432,6.25,6.800000190734863,6.800000190734863,196060
2013-04-02,6.599999904632568,6.949999809265137,6.550000190734863,6.699999809265137,6.699999809265137,221260
2013-04-03,6.5,6.900000095367432,6.25,6.300000190734863,6.300000190734863,150700
2013-04-04,6.449999809265137,6.900000095367432,6.349999904632568,6.650000095367432,6.650000095367432,231060
2013-04-05,6.800000190734863,6.849999904632568,6.349999904632568,6.599999904632568,6.599999904632568,131400
2013-04-08,6.900000095367432,7.199999809265137,6.699999809265137,7.050000190734863,7.050000190734863,187520
2013-04-09,7.449999809265137,8.25,7.25,8.100000381469727,8.100000381469727,718860
2013-04-10,8.050000190734863,8.199999809265137,7.400000095367432,7.5,7.5,269300
2013-04-11,7.900000095367432,7.900000095367432,7.300000190734863,7.650000095367432,7.650000095367432,198240
2013-04-12,7.550000190734863,7.550000190734863,7.25,7.300000190734863,7.300000190734863,103940
2013-04-15,7.300000190734863,7.449999809265137,6.5,6.650000095367432,6.650000095367432,247880
2013-04-16,6.949999809265137,6.949999809265137,6.650000095367432,6.75,6.75,82800
2013-04-17,6.800000190734863,7.0,6.550000190734863,6.599999904632568,6.599999904632568,98700
2013-04-18,6.900000095367432,7.349999904632568,6.699999809265137,6.949999809265137,6.949999809265137,154880
2013-04-19,7.150000095367432,7.349999904632568,6.949999809265137,7.300000190734863,7.300000190734863,86720
2013-04-22,7.449999809265137,7.75,7.349999904632568,7.699999809265137,7.699999809265137,106880
2013-04-23,7.800000190734863,8.149999618530273,7.650000095367432,7.949999809265137,7.949999809265137,194340
2013-04-24,7.949999809265137,8.449999809265137,7.949999809265137,8.199999809265137,8.199999809265137,170840
2013-04-25,8.199999809265137,8.550000190734863,8.050000190734863,8.199999809265137,8.199999809265137,159860
2013-04-26,8.199999809265137,8.699999809265137,8.149999618530273,8.550000190734863,8.550000190734863,236880
2013-04-29,8.899999618530273,9.149999618530273,8.600000381469727,8.800000190734863,8.800000190734863,224560
2013-04-30,8.699999809265137,9.300000190734863,8.699999809265137,8.699999809265137,8.699999809265137,261880
2013-05-01,8.699999809265137,8.699999809265137,8.0,8.699999809265137,8.699999809265137,227460
2013-05-02,8.550000190734863,9.050000190734863,8.25,8.949999809265137,8.949999809265137,176900
2013-05-03,8.949999809265137,8.949999809265137,8.449999809265137,8.75,8.75,113860
2013-05-06,8.699999809265137,9.0,8.550000190734863,8.75,8.75,96780
2013-05-07,8.75,8.800000190734863,8.449999809265137,8.449999809265137,8.449999809265137,74420
2013-05-08,8.5,8.5,8.0,8.149999618530273,8.149999618530273,76640
2013-05-09,8.300000190734863,8.699999809265137,8.0,8.699999809265137,8.699999809265137,113680
2013-05-10,8.800000190734863,9.699999809265137,8.699999809265137,9.699999809265137,9.699999809265137,284380
2013-05-13,10.0,11.399999618530273,9.850000381469727,11.199999809265137,11.199999809265137,535600
2013-05-14,11.100000381469727,11.199999809265137,10.199999809265137,10.600000381469727,10.600000381469727,238880
2013-05-15,11.199999809265137,11.699999809265137,10.75,11.050000190734863,11.050000190734863,426740
2013-05-16,10.649999618530273,10.75,9.300000190734863,9.600000381469727,9.600000381469727,670860
2013-05-17,9.949999809265137,10.5,9.5,10.449999809265137,10.449999809265137,461280
2013-05-20,11.0,12.649999618530273,10.850000381469727,12.350000381469727,12.350000381469727,1008500
2013-05-21,13.800000190734863,14.949999809265137,12.399999618530273,13.699999809265137,13.699999809265137,1241240
2013-05-22,13.699999809265137,14.0,11.899999618530273,12.100000381469727,12.100000381469727,634920
2013-05-23,11.399999618530273,12.5,11.0,11.699999809265137,11.699999809265137,525920
2013-05-24,11.600000381469727,12.350000381469727,10.350000381469727,10.800000190734863,10.800000190734863,521600
2013-05-28,11.699999809265137,11.699999809265137,10.600000381469727,10.899999618530273,10.899999618530273,379000
2013-05-29,10.550000190734863,10.850000381469727,10.199999809265137,10.600000381469727,10.600000381469727,276440
2013-05-30,11.050000190734863,11.25,10.5,10.699999809265137,10.699999809265137,287420
2013-05-31,10.600000381469727,10.649999618530273,9.949999809265137,10.050000190734863,10.050000190734863,290040
2013-06-03,10.050000190734863,10.149999618530273,9.300000190734863,9.850000381469727,9.850000381469727,313560
2013-06-04,9.949999809265137,10.600000381469727,9.800000190734863,10.25,10.25,323740
2013-06-05,9.75,9.949999809265137,9.350000381469727,9.350000381469727,9.350000381469727,226080
2013-06-06,9.5,9.850000381469727,9.050000190734863,9.850000381469727,9.850000381469727,203240
2013-06-07,9.899999618530273,10.100000381469727,9.5,9.850000381469727,9.850000381469727,136280
2013-06-10,10.0,11.300000190734863,9.75,10.800000190734863,10.800000190734863,350840
2013-06-11,11.0,11.0,9.899999618530273,10.0,10.0,330660
2013-06-12,10.199999809265137,10.399999618530273,9.600000381469727,9.899999618530273,9.899999618530273,153640
2013-06-13,9.550000190734863,10.350000381469727,9.550000190734863,10.350000381469727,10.350000381469727,114440
2013-06-14,10.100000381469727,10.449999809265137,9.899999618530273,10.0,10.0,129620
2013-06-17,10.449999809265137,10.600000381469727,10.050000190734863,10.100000381469727,10.100000381469727,192120
2013-06-18,10.100000381469727,10.5,10.0,10.300000190734863,10.300000190734863,94320
2013-06-19,10.100000381469727,10.850000381469727,10.100000381469727,10.699999809265137,10.699999809265137,210000
2013-06-20,10.300000190734863,10.550000190734863,9.850000381469727,10.0,10.0,151500
2013-06-21,10.100000381469727,10.5,9.75,10.5,10.5,266020
2013-06-24,9.899999618530273,10.199999809265137,9.75,9.850000381469727,9.850000381469727,183260
2013-06-25,10.300000190734863,10.399999618530273,9.850000381469727,10.100000381469727,10.100000381469727,105440
2013-06-26,10.25,10.800000190734863,10.199999809265137,10.550000190734863,10.550000190734863,238740
2013-06-27,10.850000381469727,11.199999809265137,10.550000190734863,10.600000381469727,10.600000381469727,274280
2013-06-28,10.600000381469727,11.199999809265137,10.300000190734863,10.699999809265137,10.699999809265137,234220
2013-07-01,11.0,12.0,11.0,11.699999809265137,11.699999809265137,273700
2013-07-02,11.800000190734863,12.449999809265137,11.050000190734863,11.050000190734863,11.050000190734863,413340
2013-07-03,11.050000190734863,11.350000381469727,11.0,11.050000190734863,11.050000190734863,76980
2013-07-05,11.449999809265137,12.75,11.300000190734863,12.649999618530273,12.649999618530273,394040
2013-07-08,13.050000190734863,13.550000190734863,12.75,13.199999809265137,13.199999809265137,498800
2013-07-09,13.449999809265137,13.75,12.800000190734863,12.850000381469727,12.850000381469727,407120
2013-07-10,12.600000381469727,13.449999809265137,12.399999618530273,13.350000381469727,13.350000381469727,262280
2013-07-11,13.649999618530273,14.0,13.300000190734863,13.399999618530273,13.399999618530273,239280
2013-07-12,13.449999809265137,13.5,12.550000190734863,13.0,13.0,275840
2013-07-15,13.550000190734863,14.600000381469727,13.300000190734863,14.449999809265137,14.449999809265137,675180
2013-07-16,16.549999237060547,18.200000762939453,16.450000762939453,17.200000762939453,17.200000762939453,1918940
2013-07-17,17.700000762939453,17.899999618530273,16.200000762939453,17.200000762939453,17.200000762939453,612240
2013-07-18,17.600000381469727,19.299999237060547,17.5,18.649999618530273,18.649999618530273,760040
2013-07-19,18.450000762939453,19.200000762939453,18.149999618530273,18.600000381469727,18.600000381469727,458280
2013-07-22,19.0,21.0,18.850000381469727,21.0,21.0,873760
2013-07-23,22.0,23.75,21.600000381469727,22.299999237060547,22.299999237060547,1756660
2013-07-24,21.850000381469727,22.399999618530273,20.25,21.549999237060547,21.549999237060547,1050460
2013-07-25,21.049999237060547,21.850000381469727,20.600000381469727,21.649999618530273,21.649999618530273,495020
2013-07-26,21.049999237060547,21.5,20.75,21.5,21.5,365540
2013-07-29,23.350000381469727,23.5,22.100000381469727,22.299999237060547,22.299999237060547,704360
2013-07-30,22.5,23.850000381469727,22.299999237060547,23.350000381469727,23.350000381469727,643600
2013-07-31,23.649999618530273,24.25,23.100000381469727,23.399999618530273,23.399999618530273,487480
2013-08-01,23.950000762939453,24.100000381469727,22.25,22.600000381469727,22.600000381469727,447020
2013-08-02,22.5,23.0,21.0,21.350000381469727,21.350000381469727,611580
2013-08-05,21.149999618530273,22.5,21.149999618530273,22.399999618530273,22.399999618530273,444660
2013-08-06,22.5,22.5,21.049999237060547,21.25,21.25,435920
2013-08-07,20.5,20.649999618530273,18.600000381469727,19.450000762939453,19.450000762939453,649860
2013-08-08,19.549999237060547,20.5,19.399999618530273,19.799999237060547,19.799999237060547,380060
2013-08-09,19.450000762939453,20.149999618530273,19.100000381469727,19.700000762939453,19.700000762939453,295080
2013-08-12,19.75,20.950000762939453,19.350000381469727,20.850000381469727,20.850000381469727,288260
2013-08-13,20.899999618530273,21.25,20.100000381469727,20.25,20.25,292300
2013-08-14,20.700000762939453,21.25,20.299999237060547,20.450000762939453,20.450000762939453,434180
2013-08-15,19.299999237060547,19.600000381469727,17.600000381469727,18.600000381469727,18.600000381469727,470800
2013-08-16,18.700000762939453,19.549999237060547,18.5,19.350000381469727,19.350000381469727,211000
2013-08-19,19.299999237060547,20.149999618530273,19.25,19.25,19.25,214740
2013-08-20,19.549999237060547,19.899999618530273,19.25,19.549999237060547,19.549999237060547,252840
2013-08-21,19.5,21.649999618530273,19.5,21.049999237060547,21.049999237060547,634060
2013-08-22,21.450000762939453,22.200000762939453,21.049999237060547,21.899999618530273,21.899999618530273,418700
2013-08-23,22.450000762939453,23.399999618530273,22.0,23.100000381469727,23.100000381469727,550340
2013-08-26,23.049999237060547,23.649999618530273,22.149999618530273,22.399999618530273,22.399999618530273,537240
2013-08-27,21.350000381469727,21.799999237060547,21.049999237060547,21.450000762939453,21.450000762939453,343640
2013-08-28,21.25,22.200000762939453,21.25,21.649999618530273,21.649999618530273,202480
2013-08-29,21.649999618530273,22.850000381469727,21.649999618530273,22.0,22.0,427680
2013-08-30,25.25,25.549999237060547,23.399999618530273,23.850000381469727,23.850000381469727,1657840
2013-09-03,24.5,27.5,24.399999618530273,27.399999618530273,27.399999618530273,1430400
2013-09-04,27.200000762939453,28.5,26.25,28.200000762939453,28.200000762939453,1459500
2013-09-05,28.399999618530273,29.5,28.049999237060547,28.450000762939453,28.450000762939453,844780
2013-09-06,28.75,29.200000762939453,26.5,28.600000381469727,28.600000381469727,916560
2013-09-09,29.049999237060547,29.850000381469727,28.75,28.799999237060547,28.799999237060547,729000
2013-09-10,29.200000762939453,29.850000381469727,27.0,27.450000762939453,27.450000762939453,1121300
2013-09-11,23.25,23.25,21.200000762939453,21.600000381469727,21.600000381469727,4379600
2013-09-12,22.350000381469727,22.350000381469727,21.450000762939453,21.5,21.5,1074460
2013-09-13,21.600000381469727,21.700000762939453,20.399999618530273,21.200000762939453,21.200000762939453,1255100
2013-09-16,22.100000381469727,22.25,21.25,21.350000381469727,21.350000381469727,769140
2013-09-17,21.649999618530273,21.899999618530273,21.049999237060547,21.700000762939453,21.700000762939453,606780
2013-09-18,21.399999618530273,22.049999237060547,21.299999237060547,21.549999237060547,21.549999237060547,649280
2013-09-19,21.600000381469727,22.049999237060547,21.450000762939453,21.600000381469727,21.600000381469727,543060
2013-09-20,21.75,22.399999618530273,21.5,21.850000381469727,21.850000381469727,962500
2013-09-23,21.600000381469727,21.700000762939453,20.25,20.600000381469727,20.600000381469727,961680
2013-09-24,20.200000762939453,20.700000762939453,19.75,20.0,20.0,1125000
2013-09-25,20.100000381469727,21.950000762939453,19.950000762939453,21.75,21.75,1556580
2013-09-26,22.049999237060547,22.850000381469727,21.899999618530273,22.25,22.25,1188320
2013-09-27,22.350000381469727,24.5,22.0,24.200000762939453,24.200000762939453,1937300
2013-09-30,24.0,26.0,23.100000381469727,24.950000762939453,24.950000762939453,1640220
2013-10-01,25.600000381469727,26.399999618530273,24.799999237060547,25.649999618530273,25.649999618530273,1268880
2013-10-02,25.149999618530273,25.75,24.850000381469727,25.649999618530273,25.649999618530273,805780
2013-10-03,25.600000381469727,26.5,24.600000381469727,25.350000381469727,25.350000381469727,1008200
2013-10-04,25.899999618530273,25.899999618530273,24.950000762939453,25.200000762939453,25.200000762939453,697340
2013-10-07,24.950000762939453,25.899999618530273,24.399999618530273,25.649999618530273,25.649999618530273,819760
2013-10-08,27.100000381469727,30.0,26.5,28.049999237060547,28.049999237060547,3363620
2013-10-09,28.5,28.75,25.649999618530273,26.600000381469727,26.600000381469727,1608880
2013-10-10,28.200000762939453,28.25,26.899999618530273,27.75,27.75,1034540
2013-10-11,28.149999618530273,28.649999618530273,26.899999618530273,27.700000762939453,27.700000762939453,1185080
2013-10-14,26.399999618530273,28.149999618530273,26.350000381469727,27.549999237060547,27.549999237060547,708820
2013-10-15,27.950000762939453,28.549999237060547,26.850000381469727,27.0,27.0,1144140
2013-10-16,27.5,28.0,26.75,27.149999618530273,27.149999618530273,761080
2013-10-17,27.5,27.899999618530273,26.799999237060547,27.149999618530273,27.149999618530273,885420
2013-10-18,27.350000381469727,27.450000762939453,25.700000762939453,26.049999237060547,26.049999237060547,1161720
2013-10-21,26.649999618530273,26.799999237060547,25.799999237060547,26.100000381469727,26.100000381469727,886020
2013-10-22,26.200000762939453,26.75,25.100000381469727,26.5,26.5,749660
2013-10-23,26.100000381469727,26.100000381469727,25.399999618530273,25.450000762939453,25.450000762939453,453980
2013-10-24,25.950000762939453,26.149999618530273,24.100000381469727,24.350000381469727,24.350000381469727,1126920
2013-10-25,24.350000381469727,24.549999237060547,22.200000762939453,22.5,22.5,1322140
2013-10-28,23.0,23.0,20.25,20.75,20.75,1559180
2013-10-29,20.799999237060547,23.0,20.799999237060547,22.850000381469727,22.850000381469727,1040480
2013-10-30,23.399999618530273,23.700000762939453,21.549999237060547,21.75,21.75,758040
2013-10-31,21.25,22.25,20.899999618530273,21.75,21.75,589480
2013-11-01,22.649999618530273,23.399999618530273,22.200000762939453,22.549999237060547,22.549999237060547,844320
2013-11-04,23.299999237060547,24.700000762939453,23.0,24.600000381469727,24.600000381469727,957520
2013-11-05,25.350000381469727,26.0,24.350000381469727,24.700000762939453,24.700000762939453,868080
2013-11-06,25.0,25.649999618530273,23.350000381469727,23.549999237060547,23.549999237060547,892700
2013-11-07,23.299999237060547,23.5,21.899999618530273,22.0,22.0,705060
2013-11-08,22.549999237060547,24.25,21.899999618530273,24.049999237060547,24.049999237060547,694480
2013-11-11,24.350000381469727,25.399999618530273,23.75,25.0,25.0,825600
2013-11-12,23.850000381469727,24.700000762939453,23.600000381469727,23.700000762939453,23.700000762939453,691280
2013-11-13,23.649999618530273,24.850000381469727,23.549999237060547,24.75,24.75,631200
2013-11-14,25.299999237060547,25.649999618530273,24.0,24.200000762939453,24.200000762939453,816100
2013-11-15,24.5,24.5,23.25,23.5,23.5,666140
2013-11-18,24.5,25.149999618530273,23.100000381469727,23.399999618530273,23.399999618530273,878880
2013-11-19,23.899999618530273,23.899999618530273,21.799999237060547,21.950000762939453,21.950000762939453,945220
2013-11-20,22.200000762939453,23.100000381469727,21.899999618530273,22.200000762939453,22.200000762939453,710380
2013-11-21,22.450000762939453,23.149999618530273,22.25,23.100000381469727,23.100000381469727,474540
2013-11-22,23.0,23.25,22.5,23.200000762939453,23.200000762939453,349020
2013-11-25,23.399999618530273,23.5,22.049999237060547,22.149999618530273,22.149999618530273,546040
2013-11-26,21.600000381469727,22.600000381469727,20.600000381469727,22.299999237060547,22.299999237060547,639500
2013-11-27,22.149999618530273,22.899999618530273,21.700000762939453,22.850000381469727,22.850000381469727,367140
2013-11-29,23.0,23.149999618530273,22.399999618530273,22.600000381469727,22.600000381469727,375960
2013-12-02,22.350000381469727,23.049999237060547,22.25,22.299999237060547,22.299999237060547,318600
2013-12-03,22.0,22.25,21.549999237060547,21.899999618530273,21.899999618530273,428120
2013-12-04,21.899999618530273,22.75,21.649999618530273,22.649999618530273,22.649999618530273,618240
2013-12-05,19.100000381469727,19.149999618530273,17.75,17.899999618530273,17.899999618530273,2419500
2013-12-06,17.799999237060547,17.850000381469727,14.850000381469727,15.100000381469727,15.100000381469727,3006360
2013-12-09,14.800000190734863,15.850000381469727,14.5,14.949999809265137,14.949999809265137,1037360
2013-12-10,14.75,15.699999809265137,14.75,15.5,15.5,629400
2013-12-11,15.300000190734863,15.350000381469727,13.449999809265137,13.699999809265137,13.699999809265137,1238940
2013-12-12,13.75,14.350000381469727,13.449999809265137,14.100000381469727,14.100000381469727,741140
2013-12-13,14.25,14.300000190734863,13.600000381469727,13.850000381469727,13.850000381469727,553460
2013-12-16,13.850000381469727,14.300000190734863,13.850000381469727,14.149999618530273,14.149999618530273,432440
2013-12-17,13.899999618530273,15.300000190734863,13.899999618530273,15.149999618530273,15.149999618530273,792680
2013-12-18,15.399999618530273,16.200000762939453,15.050000190734863,15.5,15.5,823840
2013-12-19,15.75,16.25,15.649999618530273,16.0,16.0,473180
2013-12-20,16.399999618530273,17.299999237060547,16.100000381469727,17.299999237060547,17.299999237060547,1010980
2013-12-23,17.450000762939453,17.700000762939453,16.25,16.549999237060547,16.549999237060547,501720
2013-12-24,16.5,17.0,16.049999237060547,16.100000381469727,16.100000381469727,164180
2013-12-26,16.149999618530273,16.75,16.149999618530273,16.399999618530273,16.399999618530273,285640
2013-12-27,16.25,17.0,16.25,16.799999237060547,16.799999237060547,370920
2013-12-30,17.200000762939453,17.649999618530273,17.0,17.299999237060547,17.299999237060547,652100
2013-12-31,17.5,17.649999618530273,17.0,17.25,17.25,440400
2014-01-02,17.399999618530273,19.75,16.899999618530273,19.700000762939453,19.700000762939453,1145060
2014-01-03,20.0,20.75,19.399999618530273,20.350000381469727,20.350000381469727,1334760
2014-01-06,22.149999618530273,22.299999237060547,20.549999237060547,21.149999618530273,21.149999618530273,1613520
2014-01-07,21.5,22.25,20.5,21.100000381469727,21.100000381469727,883220
2014-01-08,21.049999237060547,21.299999237060547,20.25,20.850000381469727,20.850000381469727,1045560
2014-01-09,21.200000762939453,21.450000762939453,20.149999618530273,20.399999618530273,20.399999618530273,723980
2014-01-10,20.549999237060547,20.549999237060547,19.450000762939453,19.700000762939453,19.700000762939453,635260
2014-01-13,19.799999237060547,19.850000381469727,18.5,18.649999618530273,18.649999618530273,551120
2014-01-14,18.850000381469727,20.149999618530273,18.649999618530273,20.149999618530273,20.149999618530273,449020
2014-01-15,20.399999618530273,20.75,19.649999618530273,20.0,20.0,581720
2014-01-16,20.100000381469727,20.399999618530273,19.5,20.149999618530273,20.149999618530273,645920
2014-01-17,20.0,20.25,19.399999618530273,19.549999237060547,19.549999237060547,405700
2014-01-21,19.600000381469727,19.600000381469727,18.799999237060547,19.100000381469727,19.100000381469727,518700
2014-01-22,19.149999618530273,19.850000381469727,18.600000381469727,19.549999237060547,19.549999237060547,834780
2014-01-23,19.0,19.149999618530273,18.049999237060547,18.899999618530273,18.899999618530273,717600
2014-01-24,18.200000762939453,18.299999237060547,16.899999618530273,16.950000762939453,16.950000762939453,833400
2014-01-27,16.450000762939453,17.600000381469727,15.899999618530273,16.25,16.25,942780
2014-01-28,16.600000381469727,17.200000762939453,16.450000762939453,16.75,16.75,1081160
2014-01-29,16.649999618530273,17.5,16.25,17.100000381469727,17.100000381469727,625700
2014-01-30,17.5,17.799999237060547,17.049999237060547,17.149999618530273,17.149999618530273,372860
2014-01-31,16.450000762939453,17.149999618530273,16.450000762939453,16.5,16.5,344980
2014-02-03,16.5,16.850000381469727,15.199999809265137,15.300000190734863,15.300000190734863,544500
2014-02-04,15.850000381469727,16.149999618530273,15.199999809265137,16.0,16.0,410780
2014-02-05,16.049999237060547,16.200000762939453,15.399999618530273,15.850000381469727,15.850000381469727,415440
2014-02-06,16.049999237060547,16.5,15.699999809265137,15.75,15.75,314140
2014-02-07,15.949999809265137,16.450000762939453,15.75,16.100000381469727,16.100000381469727,296720
2014-02-10,16.0,17.200000762939453,16.0,16.850000381469727,16.850000381469727,521940
2014-02-11,17.0,17.299999237060547,16.399999618530273,16.600000381469727,16.600000381469727,466900
2014-02-12,16.75,17.0,16.0,16.100000381469727,16.100000381469727,645880
2014-02-13,16.0,16.850000381469727,15.5,16.75,16.75,562500
2014-02-14,16.899999618530273,16.950000762939453,16.149999618530273,16.450000762939453,16.450000762939453,276320
2014-02-18,16.450000762939453,17.950000762939453,16.350000381469727,17.899999618530273,17.899999618530273,777940
2014-02-19,17.700000762939453,18.149999618530273,17.049999237060547,17.200000762939453,17.200000762939453,475680
2014-02-20,17.350000381469727,18.0,17.0,17.899999618530273,17.899999618530273,362240
2014-02-21,18.049999237060547,18.25,17.450000762939453,17.700000762939453,17.700000762939453,382140
2014-02-24,17.899999618530273,18.75,17.75,18.75,18.75,402280
2014-02-25,18.850000381469727,18.850000381469727,18.100000381469727,18.549999237060547,18.549999237060547,344720
2014-02-26,18.5,19.149999618530273,18.200000762939453,18.649999618530273,18.649999618530273,564600
2014-02-27,18.850000381469727,19.25,18.700000762939453,19.25,19.25,472380
2014-02-28,19.299999237060547,19.75,18.399999618530273,19.049999237060547,19.049999237060547,462520
2014-03-03,18.049999237060547,18.75,18.049999237060547,18.399999618530273,18.399999618530273,327140
2014-03-04,18.899999618530273,19.75,18.799999237060547,19.350000381469727,19.350000381469727,585360
2014-03-05,19.549999237060547,19.899999618530273,18.850000381469727,19.25,19.25,471820
2014-03-06,19.350000381469727,21.350000381469727,19.350000381469727,20.899999618530273,20.899999618530273,1354780
2014-03-07,21.100000381469727,21.850000381469727,20.75,21.049999237060547,21.049999237060547,890700
2014-03-10,21.0,21.0,19.700000762939453,19.950000762939453,19.950000762939453,595340
2014-03-11,20.0,20.75,18.850000381469727,19.100000381469727,19.100000381469727,702060
2014-03-12,18.899999618530273,20.399999618530273,18.399999618530273,20.100000381469727,20.100000381469727,726540
2014-03-13,20.450000762939453,21.149999618530273,19.0,19.350000381469727,19.350000381469727,1051120
2014-03-14,19.0,19.799999237060547,19.0,19.0,19.0,527960
2014-03-17,20.100000381469727,20.200000762939453,19.399999618530273,19.5,19.5,687180
2014-03-18,19.75,21.350000381469727,19.649999618530273,21.0,21.0,1026660
2014-03-19,20.799999237060547,21.700000762939453,20.600000381469727,21.450000762939453,21.450000762939453,1012380
2014-03-20,21.350000381469727,21.649999618530273,20.149999618530273,20.399999618530273,20.399999618530273,1146320
2014-03-21,20.950000762939453,20.950000762939453,19.299999237060547,19.350000381469727,19.350000381469727,1415820
2014-03-24,20.850000381469727,20.950000762939453,18.399999618530273,19.299999237060547,19.299999237060547,1981800
2014-03-25,20.149999618530273,20.25,18.950000762939453,19.600000381469727,19.600000381469727,1104420
2014-03-26,18.600000381469727,18.75,16.799999237060547,16.850000381469727,16.850000381469727,1639120
2014-03-27,16.25,16.799999237060547,15.199999809265137,15.899999618530273,15.899999618530273,1376380
2014-03-28,16.149999618530273,17.149999618530273,16.100000381469727,16.200000762939453,16.200000762939453,738740
2014-03-31,16.799999237060547,16.950000762939453,15.550000190734863,16.049999237060547,16.049999237060547,708500
2014-04-01,16.350000381469727,17.0,16.25,16.75,16.75,710580
2014-04-02,17.350000381469727,17.399999618530273,16.600000381469727,17.25,17.25,681700
2014-04-03,17.25,17.899999618530273,17.100000381469727,17.5,17.5,638480
2014-04-04,17.950000762939453,17.950000762939453,16.5,17.049999237060547,17.049999237060547,521220
2014-04-07,16.399999618530273,16.850000381469727,15.550000190734863,15.800000190734863,15.800000190734863,541340
2014-04-08,16.0,16.5,15.75,16.100000381469727,16.100000381469727,550640
2014-04-09,16.149999618530273,16.75,16.049999237060547,16.700000762939453,16.700000762939453,272720
2014-04-10,16.799999237060547,16.850000381469727,15.449999809265137,15.550000190734863,15.550000190734863,513160
2014-04-11,15.350000381469727,15.899999618530273,15.0,15.149999618530273,15.149999618530273,474300
2014-04-14,15.399999618530273,15.399999618530273,14.149999618530273,14.5,14.5,828420
2014-04-15,14.5,15.0,12.75,13.550000190734863,13.550000190734863,1138560
2014-04-16,13.800000190734863,14.5,13.699999809265137,14.5,14.5,363540
2014-04-17,14.699999809265137,14.699999809265137,14.050000190734863,14.649999618530273,14.649999618530273,247700
2014-04-21,14.600000381469727,14.949999809265137,14.199999809265137,14.75,14.75,264380
2014-04-22,14.699999809265137,15.850000381469727,14.649999618530273,15.850000381469727,15.850000381469727,609980
2014-04-23,15.75,15.899999618530273,15.300000190734863,15.449999809265137,15.449999809265137,337200
2014-04-24,15.699999809265137,16.0,14.800000190734863,15.600000381469727,15.600000381469727,312220
2014-04-25,15.050000190734863,15.300000190734863,14.350000381469727,14.850000381469727,14.850000381469727,437700
2014-04-28,14.75,15.0,13.5,13.949999809265137,13.949999809265137,485860
2014-04-29,14.149999618530273,14.149999618530273,13.399999618530273,13.800000190734863,13.800000190734863,350900
2014-04-30,13.5,13.699999809265137,13.149999618530273,13.600000381469727,13.600000381469727,306020
2014-05-01,13.600000381469727,14.300000190734863,13.5,13.899999618530273,13.899999618530273,320380
2014-05-02,14.149999618530273,14.25,13.449999809265137,13.600000381469727,13.600000381469727,280160
2014-05-05,13.449999809265137,13.800000190734863,13.149999618530273,13.75,13.75,231520
2014-05-06,13.75,14.050000190734863,13.25,13.350000381469727,13.350000381469727,305320
2014-05-07,13.649999618530273,13.649999618530273,12.75,13.25,13.25,357720
2014-05-08,13.25,13.25,12.050000190734863,12.350000381469727,12.350000381469727,718560
2014-05-09,12.600000381469727,12.699999809265137,12.149999618530273,12.699999809265137,12.699999809265137,338140
2014-05-12,13.0,13.600000381469727,12.850000381469727,13.550000190734863,13.550000190734863,366760
2014-05-13,13.5,13.899999618530273,12.800000190734863,12.899999618530273,12.899999618530273,579120
2014-05-14,13.449999809265137,13.449999809265137,12.649999618530273,12.75,12.75,323780
2014-05-15,12.550000190734863,12.550000190734863,11.75,12.050000190734863,12.050000190734863,547180
2014-05-16,11.800000190734863,11.899999618530273,11.350000381469727,11.699999809265137,11.699999809265137,292880
2014-05-19,11.649999618530273,11.949999809265137,11.449999809265137,11.949999809265137,11.949999809265137,239700
2014-05-20,11.800000190734863,11.949999809265137,11.25,11.5,11.5,233860
2014-05-21,12.149999618530273,13.149999618530273,11.899999618530273,12.850000381469727,12.850000381469727,662700
2014-05-22,13.25,14.699999809265137,12.850000381469727,14.0,14.0,999200
2014-05-23,14.600000381469727,14.600000381469727,13.100000381469727,13.649999618530273,13.649999618530273,337480
2014-05-27,14.0,14.199999809265137,13.25,13.75,13.75,452640
2014-05-28,13.75,14.050000190734863,13.149999618530273,13.5,13.5,730340
2014-05-29,12.100000381469727,13.800000190734863,12.100000381469727,13.75,13.75,1093240
2014-05-30,13.149999618530273,13.550000190734863,12.550000190734863,12.699999809265137,12.699999809265137,562940
2014-06-02,12.699999809265137,12.899999618530273,11.899999618530273,11.899999618530273,11.899999618530273,497200
2014-06-03,11.75,11.850000381469727,11.25,11.550000190734863,11.550000190734863,334660
2014-06-04,11.300000190734863,11.350000381469727,10.899999618530273,11.100000381469727,11.100000381469727,641860
2014-06-05,11.050000190734863,11.449999809265137,10.899999618530273,11.199999809265137,11.199999809265137,274940
2014-06-06,11.25,11.5,11.149999618530273,11.25,11.25,188920
2014-06-09,11.600000381469727,11.899999618530273,11.25,11.550000190734863,11.550000190734863,230100
2014-06-10,11.5,11.899999618530273,11.5,11.850000381469727,11.850000381469727,185620
2014-06-11,11.800000190734863,12.149999618530273,11.600000381469727,12.050000190734863,12.050000190734863,139120
2014-06-12,12.050000190734863,13.25,12.050000190734863,12.699999809265137,12.699999809265137,472360
2014-06-13,12.949999809265137,12.949999809265137,12.350000381469727,12.800000190734863,12.800000190734863,225280
2014-06-16,12.699999809265137,13.600000381469727,12.699999809265137,13.350000381469727,13.350000381469727,292620
2014-06-17,13.699999809265137,14.600000381469727,13.350000381469727,14.449999809265137,14.449999809265137,776660
2014-06-18,14.350000381469727,14.800000190734863,13.850000381469727,14.649999618530273,14.649999618530273,677280
2014-06-19,14.649999618530273,14.949999809265137,14.25,14.949999809265137,14.949999809265137,506720
2014-06-20,14.75,15.699999809265137,14.399999618530273,15.699999809265137,15.699999809265137,1067440
2014-06-23,15.5,16.100000381469727,15.199999809265137,15.5,15.5,358100
2014-06-24,15.300000190734863,15.699999809265137,14.300000190734863,14.350000381469727,14.350000381469727,479880
2014-06-25,14.399999618530273,15.25,14.300000190734863,15.100000381469727,15.100000381469727,347140
2014-06-26,15.350000381469727,15.399999618530273,14.649999618530273,14.699999809265137,14.699999809265137,327640
2014-06-27,14.600000381469727,14.899999618530273,14.350000381469727,14.5,14.5,257300
2014-06-30,14.600000381469727,15.0,14.350000381469727,14.75,14.75,246220
2014-07-01,15.0,15.050000190734863,14.300000190734863,14.350000381469727,14.350000381469727,202080
2014-07-02,14.550000190734863,14.699999809265137,13.899999618530273,13.899999618530273,13.899999618530273,237540
2014-07-03,13.899999618530273,14.149999618530273,13.600000381469727,13.75,13.75,131260
2014-07-07,13.699999809265137,13.850000381469727,12.850000381469727,12.899999618530273,12.899999618530273,361260
2014-07-08,12.899999618530273,13.100000381469727,12.100000381469727,12.550000190734863,12.550000190734863,405340
2014-07-09,12.550000190734863,13.0,12.5,12.600000381469727,12.600000381469727,252620
2014-07-10,12.199999809265137,13.0,11.850000381469727,12.399999618530273,12.399999618530273,277260
2014-07-11,12.449999809265137,13.199999809265137,12.399999618530273,13.100000381469727,13.100000381469727,185900
2014-07-14,12.949999809265137,13.699999809265137,12.949999809265137,13.550000190734863,13.550000190734863,208340
2014-07-15,13.5,13.949999809265137,13.0,13.100000381469727,13.100000381469727,321220
2014-07-16,13.449999809265137,13.699999809265137,12.850000381469727,13.0,13.0,234920
2014-07-17,13.050000190734863,13.050000190734863,12.149999618530273,12.449999809265137,12.449999809265137,287360
2014-07-18,12.300000190734863,12.850000381469727,12.100000381469727,12.5,12.5,204880
2014-07-21,12.550000190734863,13.149999618530273,12.550000190734863,13.100000381469727,13.100000381469727,246800
2014-07-22,13.350000381469727,13.5,12.800000190734863,13.100000381469727,13.100000381469727,290440
2014-07-23,13.300000190734863,13.300000190734863,12.600000381469727,12.649999618530273,12.649999618530273,252920
2014-07-24,12.75,13.050000190734863,12.300000190734863,12.399999618530273,12.399999618530273,329160
2014-07-25,12.449999809265137,12.600000381469727,12.25,12.5,12.5,145340
2014-07-28,12.25,12.949999809265137,12.149999618530273,12.75,12.75,355800
2014-07-29,12.75,13.199999809265137,12.600000381469727,12.75,12.75,211980
2014-07-30,12.75,12.949999809265137,12.5,12.699999809265137,12.699999809265137,151160
2014-07-31,12.550000190734863,12.649999618530273,12.100000381469727,12.199999809265137,12.199999809265137,245040
2014-08-01,12.100000381469727,12.399999618530273,11.449999809265137,11.75,11.75,336960
2014-08-04,11.800000190734863,12.149999618530273,11.600000381469727,11.649999618530273,11.649999618530273,167420
2014-08-05,11.899999618530273,12.600000381469727,11.600000381469727,12.199999809265137,12.199999809265137,250760
2014-08-06,12.199999809265137,12.75,12.0,12.300000190734863,12.300000190734863,178540
2014-08-07,12.350000381469727,12.899999618530273,12.350000381469727,12.800000190734863,12.800000190734863,306260
2014-08-08,12.850000381469727,13.100000381469727,12.75,13.050000190734863,13.050000190734863,191600
2014-08-11,13.25,14.199999809265137,13.199999809265137,14.199999809265137,14.199999809265137,461160
2014-08-12,15.0,15.100000381469727,12.75,13.0,13.0,857400
2014-08-13,13.300000190734863,13.449999809265137,12.550000190734863,12.649999618530273,12.649999618530273,477740
2014-08-14,12.600000381469727,12.899999618530273,12.350000381469727,12.800000190734863,12.800000190734863,272480
2014-08-15,13.199999809265137,13.25,12.800000190734863,13.149999618530273,13.149999618530273,317120
2014-08-18,13.25,13.399999618530273,13.0,13.300000190734863,13.300000190734863,258660
2014-08-19,13.350000381469727,14.0,13.350000381469727,13.949999809265137,13.949999809265137,262820
2014-08-20,13.449999809265137,13.850000381469727,13.25,13.649999618530273,13.649999618530273,208820
2014-08-21,13.649999618530273,13.75,13.149999618530273,13.550000190734863,13.550000190734863,215580
2014-08-22,13.5,13.75,13.149999618530273,13.550000190734863,13.550000190734863,122340
2014-08-25,13.600000381469727,14.050000190734863,13.300000190734863,13.350000381469727,13.350000381469727,221640
2014-08-26,13.350000381469727,13.449999809265137,12.899999618530273,13.149999618530273,13.149999618530273,194140
2014-08-27,12.949999809265137,13.300000190734863,12.899999618530273,13.149999618530273,13.149999618530273,146260
2014-08-28,12.949999809265137,13.25,12.800000190734863,12.850000381469727,12.850000381469727,170360
2014-08-29,12.899999618530273,13.850000381469727,12.899999618530273,13.649999618530273,13.649999618530273,302840
2014-09-02,13.649999618530273,14.25,13.449999809265137,13.949999809265137,13.949999809265137,273320
2014-09-03,14.25,14.649999618530273,13.949999809265137,14.100000381469727,14.100000381469727,278400
2014-09-04,14.25,14.850000381469727,14.0,14.300000190734863,14.300000190734863,384440
2014-09-05,14.350000381469727,15.699999809265137,14.300000190734863,15.350000381469727,15.350000381469727,579860
2014-09-08,15.699999809265137,17.100000381469727,15.600000381469727,16.75,16.75,841440
2014-09-09,17.399999618530273,17.5,16.299999237060547,16.399999618530273,16.399999618530273,711920
2014-09-10,16.399999618530273,16.799999237060547,15.899999618530273,16.799999237060547,16.799999237060547,386700
2014-09-11,16.950000762939453,16.950000762939453,15.949999809265137,16.5,16.5,423980
2014-09-12,16.350000381469727,17.75,16.25,17.75,17.75,537600
2014-09-15,17.950000762939453,18.0,16.100000381469727,16.399999618530273,16.399999618530273,701140
2014-09-16,15.949999809265137,16.450000762939453,15.600000381469727,16.450000762939453,16.450000762939453,429100
2014-09-17,16.700000762939453,17.350000381469727,16.600000381469727,16.899999618530273,16.899999618530273,513540
2014-09-18,17.350000381469727,18.100000381469727,16.850000381469727,16.950000762939453,16.950000762939453,764140
2014-09-19,16.950000762939453,17.25,15.699999809265137,15.75,15.75,888040
2014-09-22,15.350000381469727,15.600000381469727,14.75,15.350000381469727,15.350000381469727,478480
2014-09-23,14.800000190734863,16.0,14.800000190734863,15.949999809265137,15.949999809265137,297200
2014-09-24,15.949999809265137,16.600000381469727,15.75,16.549999237060547,16.549999237060547,414120
2014-09-25,16.399999618530273,16.5,15.899999618530273,16.25,16.25,326200
2014-09-26,16.25,16.399999618530273,15.800000190734863,15.899999618530273,15.899999618530273,194600
2014-09-29,15.550000190734863,16.200000762939453,15.300000190734863,15.649999618530273,15.649999618530273,373540
2014-09-30,15.649999618530273,15.850000381469727,14.949999809265137,15.0,15.0,423320
2014-10-01,15.0,15.0,13.75,13.949999809265137,13.949999809265137,462580
2014-10-02,14.149999618530273,14.850000381469727,13.550000190734863,14.850000381469727,14.850000381469727,345020
2014-10-03,15.149999618530273,15.5,14.199999809265137,14.25,14.25,224980
2014-10-06,14.550000190734863,14.600000381469727,13.0,13.449999809265137,13.449999809265137,485760
2014-10-07,13.25,13.850000381469727,13.100000381469727,13.5,13.5,261420
2014-10-08,13.449999809265137,13.75,12.600000381469727,13.300000190734863,13.300000190734863,436860
2014-10-09,13.100000381469727,13.25,12.199999809265137,12.600000381469727,12.600000381469727,278220
2014-10-10,12.25,12.600000381469727,11.850000381469727,12.149999618530273,12.149999618530273,517240
2014-10-13,12.050000190734863,12.449999809265137,11.0,11.050000190734863,11.050000190734863,524040
2014-10-14,11.350000381469727,11.600000381469727,10.75,11.350000381469727,11.350000381469727,490500
2014-10-15,10.899999618530273,11.699999809265137,10.449999809265137,11.5,11.5,357100
2014-10-16,11.25,12.5,11.25,12.149999618530273,12.149999618530273,291600
2014-10-17,12.699999809265137,13.199999809265137,11.850000381469727,12.199999809265137,12.199999809265137,383840
2014-10-20,12.050000190734863,12.449999809265137,11.850000381469727,12.300000190734863,12.300000190734863,148460
2014-10-21,12.449999809265137,12.75,12.350000381469727,12.649999618530273,12.649999618530273,224460
2014-10-22,12.75,12.850000381469727,11.800000190734863,11.800000190734863,11.800000190734863,262200
2014-10-23,12.0,12.550000190734863,11.800000190734863,12.399999618530273,12.399999618530273,360820
2014-10-24,12.300000190734863,12.399999618530273,12.0,12.199999809265137,12.199999809265137,115180
2014-10-27,12.0,12.25,11.699999809265137,12.0,12.0,138220
2014-10-28,12.100000381469727,12.699999809265137,12.0,12.300000190734863,12.300000190734863,224340
2014-10-29,12.399999618530273,12.600000381469727,11.899999618530273,12.149999618530273,12.149999618530273,182560
2014-10-30,11.850000381469727,12.050000190734863,11.600000381469727,11.75,11.75,237780
2014-10-31,11.949999809265137,12.25,11.649999618530273,12.0,12.0,564920
2014-11-03,11.949999809265137,12.300000190734863,11.850000381469727,12.0,12.0,237060
2014-11-04,12.050000190734863,12.199999809265137,11.75,11.850000381469727,11.850000381469727,108240
2014-11-05,11.899999618530273,11.949999809265137,11.050000190734863,11.149999618530273,11.149999618530273,406420
2014-11-06,11.100000381469727,11.600000381469727,11.100000381469727,11.449999809265137,11.449999809265137,174300
2014-11-07,11.550000190734863,11.550000190734863,11.0,11.350000381469727,11.350000381469727,205080
2014-11-10,11.399999618530273,11.5,11.050000190734863,11.300000190734863,11.300000190734863,211140
2014-11-11,11.399999618530273,11.399999618530273,10.899999618530273,11.0,11.0,251600
2014-11-12,11.100000381469727,11.25,10.550000190734863,10.699999809265137,10.699999809265137,332980
2014-11-13,10.75,10.850000381469727,9.800000190734863,10.149999618530273,10.149999618530273,648240
2014-11-14,10.149999618530273,10.399999618530273,9.949999809265137,10.300000190734863,10.300000190734863,298640
2014-11-17,10.199999809265137,10.399999618530273,9.850000381469727,10.050000190734863,10.050000190734863,218360
2014-11-18,10.300000190734863,11.0,10.199999809265137,10.850000381469727,10.850000381469727,489860
2014-11-19,10.949999809265137,11.050000190734863,10.449999809265137,10.75,10.75,157560
2014-11-20,10.550000190734863,11.0,10.25,10.600000381469727,10.600000381469727,186100
2014-11-21,10.899999618530273,11.100000381469727,10.75,10.899999618530273,10.899999618530273,194020
2014-11-24,11.050000190734863,11.100000381469727,10.600000381469727,10.75,10.75,232080
2014-11-25,10.75,10.800000190734863,10.25,10.600000381469727,10.600000381469727,360840
2014-11-26,9.300000190734863,9.850000381469727,9.25,9.850000381469727,9.850000381469727,965940
2014-11-28,9.350000381469727,9.350000381469727,8.75,9.0,9.0,484320
2014-12-01,8.899999618530273,8.949999809265137,7.550000190734863,7.949999809265137,7.949999809265137,548620
2014-12-02,8.0,8.25,7.849999904632568,8.100000381469727,8.100000381469727,288440
2014-12-03,8.199999809265137,8.300000190734863,7.949999809265137,8.100000381469727,8.100000381469727,162220
2014-12-04,8.100000381469727,8.449999809265137,8.0,8.0,8.0,168280
2014-12-05,8.100000381469727,8.199999809265137,7.949999809265137,8.100000381469727,8.100000381469727,164300
2014-12-08,8.0,8.149999618530273,7.550000190734863,7.550000190734863,7.550000190734863,204200
2014-12-09,7.5,7.599999904632568,6.849999904632568,7.5,7.5,344200
2014-12-10,7.5,7.75,7.050000190734863,7.099999904632568,7.099999904632568,108060
2014-12-11,7.099999904632568,7.25,7.0,7.0,7.0,134960
2014-12-12,7.0,7.0,6.650000095367432,6.650000095367432,6.650000095367432,229520
2014-12-15,6.75,6.849999904632568,6.099999904632568,6.25,6.25,388700
2014-12-16,6.25,6.550000190734863,6.099999904632568,6.349999904632568,6.349999904632568,209720
2014-12-17,6.349999904632568,6.400000095367432,6.050000190734863,6.199999809265137,6.199999809265137,244340
2014-12-18,6.400000095367432,6.800000190734863,6.25,6.650000095367432,6.650000095367432,394260
2014-12-19,6.800000190734863,7.900000095367432,6.75,7.900000095367432,7.900000095367432,488620
2014-12-22,8.149999618530273,8.199999809265137,7.550000190734863,7.550000190734863,7.550000190734863,290600
2014-12-23,7.550000190734863,7.800000190734863,7.099999904632568,7.25,7.25,236520
2014-12-24,7.099999904632568,7.5,7.050000190734863,7.400000095367432,7.400000095367432,143740
2014-12-26,7.5,7.849999904632568,7.400000095367432,7.650000095367432,7.650000095367432,174660
2014-12-29,7.699999809265137,7.699999809265137,7.099999904632568,7.150000095367432,7.150000095367432,253220
2014-12-30,7.0,7.099999904632568,6.599999904632568,7.0,7.0,435440
2014-12-31,6.900000095367432,7.25,6.75,7.050000190734863,7.050000190734863,229160
2015-01-02,7.050000190734863,7.550000190734863,6.949999809265137,7.199999809265137,7.199999809265137,205560
2015-01-05,7.099999904632568,7.449999809265137,6.800000190734863,6.849999904632568,6.849999904632568,184740
2015-01-06,6.75,7.099999904632568,6.5,6.699999809265137,6.699999809265137,157340
2015-01-07,6.699999809265137,7.050000190734863,6.5,6.650000095367432,6.650000095367432,78720
2015-01-08,6.699999809265137,6.900000095367432,6.599999904632568,6.599999904632568,6.599999904632568,97140
2015-01-09,6.650000095367432,6.75,6.400000095367432,6.599999904632568,6.599999904632568,66720
2015-01-12,6.650000095367432,6.650000095367432,6.300000190734863,6.400000095367432,6.400000095367432,96520
2015-01-13,6.449999809265137,6.650000095367432,6.300000190734863,6.349999904632568,6.349999904632568,89140
2015-01-14,6.25,6.449999809265137,6.150000095367432,6.199999809265137,6.199999809265137,162500
2015-01-15,6.300000190734863,6.400000095367432,6.099999904632568,6.199999809265137,6.199999809265137,120260
2015-01-16,6.25,6.650000095367432,6.25,6.349999904632568,6.349999904632568,102660
2015-01-20,6.25,6.349999904632568,6.099999904632568,6.199999809265137,6.199999809265137,103260
2015-01-21,6.199999809265137,6.349999904632568,6.150000095367432,6.199999809265137,6.199999809265137,83840
2015-01-22,6.300000190734863,6.300000190734863,6.0,6.099999904632568,6.099999904632568,177560
2015-01-23,6.050000190734863,6.349999904632568,6.050000190734863,6.099999904632568,6.099999904632568,84540
2015-01-26,6.099999904632568,6.5,6.099999904632568,6.300000190734863,6.300000190734863,152940
2015-01-27,6.349999904632568,7.0,6.300000190734863,7.0,7.0,167940
2015-01-28,6.949999809265137,7.199999809265137,6.300000190734863,6.300000190734863,6.300000190734863,131820
2015-01-29,6.349999904632568,6.349999904632568,6.0,6.150000095367432,6.150000095367432,245720
2015-01-30,6.099999904632568,6.5,6.050000190734863,6.300000190734863,6.300000190734863,124560
2015-02-02,6.599999904632568,6.650000095367432,6.300000190734863,6.300000190734863,6.300000190734863,105040
2015-02-03,6.5,6.949999809265137,6.449999809265137,6.900000095367432,6.900000095367432,268420
2015-02-04,6.900000095367432,7.0,6.5,6.599999904632568,6.599999904632568,123180
2015-02-05,6.699999809265137,6.849999904632568,6.5,6.699999809265137,6.699999809265137,120200
2015-02-06,6.75,6.900000095367432,6.550000190734863,6.599999904632568,6.599999904632568,112480
2015-02-09,6.650000095367432,6.949999809265137,6.599999904632568,6.849999904632568,6.849999904632568,213140
2015-02-10,6.800000190734863,6.900000095367432,6.599999904632568,6.699999809265137,6.699999809265137,87120
2015-02-11,6.800000190734863,7.099999904632568,6.650000095367432,7.050000190734863,7.050000190734863,190100
2015-02-12,7.199999809265137,7.5,7.050000190734863,7.349999904632568,7.349999904632568,376560
2015-02-13,7.449999809265137,7.5,6.900000095367432,7.0,7.0,262040
2015-02-17,7.0,7.199999809265137,6.849999904632568,7.050000190734863,7.050000190734863,226560
2015-02-18,7.150000095367432,7.300000190734863,6.900000095367432,7.199999809265137,7.199999809265137,132820
2015-02-19,6.849999904632568,7.150000095367432,6.75,6.949999809265137,6.949999809265137,174320
2015-02-20,7.0,7.099999904632568,6.900000095367432,7.0,7.0,53080
2015-02-23,6.900000095367432,7.0,6.650000095367432,6.75,6.75,118940
2015-02-24,6.800000190734863,7.25,6.800000190734863,6.949999809265137,6.949999809265137,173880
2015-02-25,7.050000190734863,7.050000190734863,6.75,6.800000190734863,6.800000190734863,129620
2015-02-26,6.800000190734863,6.949999809265137,6.650000095367432,6.699999809265137,6.699999809265137,92480
2015-02-27,6.75,6.800000190734863,6.550000190734863,6.650000095367432,6.650000095367432,111000
2015-03-02,6.650000095367432,6.949999809265137,6.599999904632568,6.849999904632568,6.849999904632568,146100
2015-03-03,6.949999809265137,7.0,6.650000095367432,6.75,6.75,216040
2015-03-04,7.199999809265137,7.300000190734863,7.0,7.150000095367432,7.150000095367432,272720
2015-03-05,7.199999809265137,8.25,7.199999809265137,8.149999618530273,8.149999618530273,645620
2015-03-06,8.0,8.149999618530273,7.599999904632568,7.699999809265137,7.699999809265137,256680
2015-03-09,7.650000095367432,7.75,7.199999809265137,7.199999809265137,7.199999809265137,178780
2015-03-10,7.0,7.050000190734863,6.75,6.75,6.75,279040
2015-03-11,6.849999904632568,7.050000190734863,6.449999809265137,6.449999809265137,6.449999809265137,267840
2015-03-12,6.550000190734863,6.75,6.5,6.550000190734863,6.550000190734863,162820
2015-03-13,6.650000095367432,6.650000095367432,6.300000190734863,6.449999809265137,6.449999809265137,199760
2015-03-16,6.449999809265137,6.650000095367432,6.300000190734863,6.5,6.5,99960
2015-03-17,6.400000095367432,7.099999904632568,6.400000095367432,7.0,7.0,191600
2015-03-18,6.900000095367432,7.199999809265137,6.849999904632568,7.199999809265137,7.199999809265137,146000
2015-03-19,7.199999809265137,7.449999809265137,7.0,7.400000095367432,7.400000095367432,188740
2015-03-20,7.349999904632568,8.100000381469727,7.25,8.100000381469727,8.100000381469727,545720
2015-03-23,7.949999809265137,7.949999809265137,7.449999809265137,7.599999904632568,7.599999904632568,224300
2015-03-24,7.699999809265137,8.100000381469727,7.599999904632568,8.0,8.0,246040
2015-03-25,8.0,8.050000190734863,7.300000190734863,7.400000095367432,7.400000095367432,310840
2015-03-26,7.349999904632568,7.75,7.300000190734863,7.349999904632568,7.349999904632568,155740
2015-03-27,7.400000095367432,7.699999809265137,7.300000190734863,7.449999809265137,7.449999809265137,95800
2015-03-30,7.449999809265137,7.650000095367432,7.25,7.25,7.25,167120
2015-03-31,7.300000190734863,7.449999809265137,7.199999809265137,7.349999904632568,7.349999904632568,119160
2015-04-01,7.300000190734863,7.599999904632568,7.150000095367432,7.5,7.5,147540
2015-04-02,7.5,8.25,7.5,8.0,8.0,375120
2015-04-06,8.050000190734863,8.399999618530273,8.0,8.300000190734863,8.300000190734863,261300
2015-04-07,8.300000190734863,8.449999809265137,7.900000095367432,8.0,8.0,160200
2015-04-08,7.949999809265137,8.350000381469727,7.75,7.949999809265137,7.949999809265137,160980
2015-04-09,8.0,8.100000381469727,7.800000190734863,7.949999809265137,7.949999809265137,211640
2015-04-10,8.0,8.199999809265137,7.75,8.050000190734863,8.050000190734863,155100
2015-04-13,8.100000381469727,9.149999618530273,8.0,8.899999618530273,8.899999618530273,453340
2015-04-14,9.25,9.449999809265137,9.0,9.199999809265137,9.199999809265137,281340
2015-04-15,9.100000381469727,9.850000381469727,9.050000190734863,9.699999809265137,9.699999809265137,329980
2015-04-16,9.600000381469727,9.699999809265137,9.399999618530273,9.550000190734863,9.550000190734863,175360
2015-04-17,9.399999618530273,9.399999618530273,8.649999618530273,8.899999618530273,8.899999618530273,370940
2015-04-20,9.199999809265137,9.75,9.199999809265137,9.399999618530273,9.399999618530273,186580
2015-04-21,9.5,9.649999618530273,9.050000190734863,9.149999618530273,9.149999618530273,145820
2015-04-22,9.25,9.600000381469727,9.0,9.149999618530273,9.149999618530273,175420
2015-04-23,9.199999809265137,9.399999618530273,8.899999618530273,9.199999809265137,9.199999809265137,166100
2015-04-24,9.300000190734863,9.300000190734863,8.75,8.850000381469727,8.850000381469727,203880
2015-04-27,9.050000190734863,9.25,8.850000381469727,8.899999618530273,8.899999618530273,124280
2015-04-28,8.850000381469727,9.100000381469727,8.449999809265137,8.949999809265137,8.949999809265137,161180
2015-04-29,8.800000190734863,9.050000190734863,8.75,8.949999809265137,8.949999809265137,94460
2015-04-30,8.699999809265137,9.0,8.5,8.5,8.5,100280
2015-05-01,8.600000381469727,8.699999809265137,8.350000381469727,8.449999809265137,8.449999809265137,102340
2015-05-04,8.25,8.75,8.199999809265137,8.5,8.5,130880
2015-05-05,8.5,8.75,8.25,8.25,8.25,87740
2015-05-06,8.149999618530273,8.449999809265137,7.800000190734863,7.800000190734863,7.800000190734863,180400
2015-05-07,7.849999904632568,8.0,6.949999809265137,7.199999809265137,7.199999809265137,352500
2015-05-08,7.449999809265137,7.599999904632568,7.300000190734863,7.5,7.5,166340
2015-05-11,7.5,8.25,7.400000095367432,8.100000381469727,8.100000381469727,204320
2015-05-12,8.0,8.5,7.849999904632568,8.449999809265137,8.449999809265137,119020
2015-05-13,8.449999809265137,8.75,8.350000381469727,8.399999618530273,8.399999618530273,127680
2015-05-14,8.399999618530273,8.600000381469727,8.199999809265137,8.300000190734863,8.300000190734863,101620
2015-05-15,8.300000190734863,8.399999618530273,8.199999809265137,8.199999809265137,8.199999809265137,48780
2015-05-18,8.199999809265137,8.350000381469727,7.800000190734863,7.849999904632568,7.849999904632568,144820
2015-05-19,7.75,7.849999904632568,7.25,7.300000190734863,7.300000190734863,433200
2015-05-20,7.25,7.75,7.25,7.550000190734863,7.550000190734863,175660
2015-05-21,7.599999904632568,7.849999904632568,7.400000095367432,7.599999904632568,7.599999904632568,113600
2015-05-22,7.5,7.75,7.5,7.5,7.5,56440
2015-05-26,7.5,7.699999809265137,7.400000095367432,7.400000095367432,7.400000095367432,219740
2015-05-27,7.349999904632568,7.400000095367432,7.150000095367432,7.349999904632568,7.349999904632568,115920
2015-05-28,7.400000095367432,7.599999904632568,7.25,7.550000190734863,7.550000190734863,127380
2015-05-29,7.550000190734863,7.550000190734863,7.25,7.300000190734863,7.300000190734863,94620
2015-06-01,7.400000095367432,7.400000095367432,6.949999809265137,7.150000095367432,7.150000095367432,168960
2015-06-02,6.599999904632568,6.900000095367432,6.25,6.849999904632568,6.849999904632568,473640
2015-06-03,6.75,6.75,6.550000190734863,6.599999904632568,6.599999904632568,171420
2015-06-04,6.5,6.75,6.5,6.5,6.5,143280
2015-06-05,6.550000190734863,7.25,6.5,7.0,7.0,253160
2015-06-08,6.949999809265137,7.0,6.5,6.550000190734863,6.550000190734863,145240
2015-06-09,6.550000190734863,6.699999809265137,6.449999809265137,6.599999904632568,6.599999904632568,62620
2015-06-10,6.599999904632568,7.099999904632568,6.550000190734863,6.800000190734863,6.800000190734863,204780
2015-06-11,6.75,7.0,6.75,6.900000095367432,6.900000095367432,60280
2015-06-12,6.900000095367432,7.050000190734863,6.75,6.949999809265137,6.949999809265137,90180
2015-06-15,6.75,7.25,6.75,7.25,7.25,91760
2015-06-16,7.150000095367432,7.349999904632568,7.0,7.199999809265137,7.199999809265137,99020
2015-06-17,7.25,7.5,7.150000095367432,7.150000095367432,7.150000095367432,118140
2015-06-18,7.150000095367432,7.550000190734863,7.099999904632568,7.550000190734863,7.550000190734863,124500
2015-06-19,7.449999809265137,8.449999809265137,7.199999809265137,8.449999809265137,8.449999809265137,360320
2015-06-22,8.300000190734863,8.300000190734863,7.349999904632568,8.050000190734863,8.050000190734863,175680
2015-06-23,7.949999809265137,8.199999809265137,7.699999809265137,7.800000190734863,7.800000190734863,67720
2015-06-24,7.800000190734863,7.949999809265137,7.550000190734863,7.550000190734863,7.550000190734863,85320
2015-06-25,7.449999809265137,7.949999809265137,7.349999904632568,7.5,7.5,127960
2015-06-26,7.400000095367432,7.400000095367432,7.199999809265137,7.25,7.25,120320
2015-06-29,7.099999904632568,7.300000190734863,6.699999809265137,6.849999904632568,6.849999904632568,186280
2015-06-30,6.949999809265137,7.199999809265137,6.800000190734863,6.849999904632568,6.849999904632568,158980
2015-07-01,6.849999904632568,7.0,6.699999809265137,6.699999809265137,6.699999809265137,60920
2015-07-02,6.800000190734863,7.099999904632568,6.800000190734863,7.0,7.0,60620
2015-07-06,6.849999904632568,6.900000095367432,6.5,6.849999904632568,6.849999904632568,190880
2015-07-07,6.849999904632568,6.900000095367432,6.300000190734863,6.650000095367432,6.650000095367432,288180
2015-07-08,6.400000095367432,6.599999904632568,6.25,6.300000190734863,6.300000190734863,131100
2015-07-09,6.75,6.800000190734863,6.400000095367432,6.550000190734863,6.550000190734863,147100
2015-07-10,6.75,6.75,6.449999809265137,6.550000190734863,6.550000190734863,78980
2015-07-13,6.599999904632568,6.75,6.599999904632568,6.75,6.75,84740
2015-07-14,6.75,7.050000190734863,6.75,6.900000095367432,6.900000095367432,44840
2015-07-15,6.900000095367432,7.0,6.650000095367432,6.800000190734863,6.800000190734863,57900
2015-07-16,6.849999904632568,7.050000190734863,6.75,7.050000190734863,7.050000190734863,88440
2015-07-17,6.949999809265137,7.300000190734863,6.949999809265137,7.199999809265137,7.199999809265137,100880
2015-07-20,7.25,7.449999809265137,6.949999809265137,7.0,7.0,107800
2015-07-21,6.900000095367432,7.050000190734863,6.800000190734863,6.800000190734863,6.800000190734863,47180
2015-07-22,6.699999809265137,6.849999904632568,6.449999809265137,6.5,6.5,103420
2015-07-23,6.599999904632568,6.75,6.449999809265137,6.5,6.5,48380
2015-07-24,6.5,6.650000095367432,6.449999809265137,6.5,6.5,54400
2015-07-27,6.400000095367432,6.449999809265137,6.300000190734863,6.449999809265137,6.449999809265137,98740
2015-07-28,6.400000095367432,6.900000095367432,6.349999904632568,6.599999904632568,6.599999904632568,88020
2015-07-29,6.650000095367432,6.75,6.449999809265137,6.550000190734863,6.550000190734863,45400
2015-07-30,6.599999904632568,6.650000095367432,6.400000095367432,6.5,6.5,24760
2015-07-31,6.5,6.650000095367432,6.449999809265137,6.550000190734863,6.550000190734863,34140
2015-08-03,6.400000095367432,6.650000095367432,6.300000190734863,6.349999904632568,6.349999904632568,87940
2015-08-04,6.449999809265137,6.5,6.25,6.349999904632568,6.349999904632568,29920
2015-08-05,6.5,7.0,6.400000095367432,6.800000190734863,6.800000190734863,238880
2015-08-06,6.900000095367432,6.949999809265137,6.5,6.699999809265137,6.699999809265137,62680
2015-08-07,6.550000190734863,6.75,6.349999904632568,6.550000190734863,6.550000190734863,91140
2015-08-10,6.599999904632568,6.699999809265137,6.400000095367432,6.599999904632568,6.599999904632568,37700
2015-08-11,6.699999809265137,6.800000190734863,6.400000095367432,6.5,6.5,65180
2015-08-12,6.5,6.5,6.300000190734863,6.400000095367432,6.400000095367432,69360
2015-08-13,6.449999809265137,6.5,6.349999904632568,6.449999809265137,6.449999809265137,24040
2015-08-14,6.5,6.5,6.400000095367432,6.449999809265137,6.449999809265137,26960
2015-08-17,6.349999904632568,6.699999809265137,6.349999904632568,6.599999904632568,6.599999904632568,68380
2015-08-18,6.699999809265137,6.699999809265137,6.349999904632568,6.650000095367432,6.650000095367432,62340
2015-08-19,6.550000190734863,6.650000095367432,6.349999904632568,6.5,6.5,80280
2015-08-20,6.400000095367432,6.599999904632568,6.349999904632568,6.349999904632568,6.349999904632568,59060
2015-08-21,6.349999904632568,6.400000095367432,6.050000190734863,6.199999809265137,6.199999809265137,163600
2015-08-24,5.650000095367432,5.900000095367432,4.699999809265137,5.849999904632568,5.849999904632568,230340
2015-08-25,6.150000095367432,6.400000095367432,5.650000095367432,5.800000190734863,5.800000190734863,211740
2015-08-26,5.699999809265137,5.900000095367432,5.0,5.449999809265137,5.449999809265137,150680
2015-08-27,5.800000190734863,5.900000095367432,5.5,5.699999809265137,5.699999809265137,81420
2015-08-28,5.949999809265137,6.550000190734863,5.699999809265137,6.300000190734863,6.300000190734863,214900
2015-08-31,6.25,6.5,6.0,6.199999809265137,6.199999809265137,137000
2015-09-01,6.150000095367432,6.199999809265137,6.0,6.099999904632568,6.099999904632568,49920
2015-09-02,6.150000095367432,6.25,6.0,6.150000095367432,6.150000095367432,40200
2015-09-03,6.150000095367432,6.300000190734863,6.150000095367432,6.25,6.25,17520
2015-09-04,6.25,6.400000095367432,6.050000190734863,6.25,6.25,87720
2015-09-08,6.099999904632568,6.449999809265137,6.099999904632568,6.300000190734863,6.300000190734863,34360
2015-09-09,6.400000095367432,6.650000095367432,6.25,6.400000095367432,6.400000095367432,95280
2015-09-10,6.400000095367432,6.650000095367432,6.300000190734863,6.400000095367432,6.400000095367432,69280
2015-09-11,6.349999904632568,6.349999904632568,6.099999904632568,6.25,6.25,35340
2015-09-14,6.199999809265137,6.25,6.0,6.0,6.0,55440
2015-09-15,6.050000190734863,6.150000095367432,5.599999904632568,5.599999904632568,5.599999904632568,141100
2015-09-16,5.699999809265137,5.949999809265137,5.650000095367432,5.699999809265137,5.699999809265137,94100
2015-09-17,5.75,5.949999809265137,5.25,5.5,5.5,362580
2015-09-18,5.400000095367432,5.599999904632568,4.75,4.75,4.75,413480
2015-09-21,4.900000095367432,5.400000095367432,4.849999904632568,5.0,5.0,161680
2015-09-22,4.949999809265137,5.099999904632568,4.849999904632568,5.0,5.0,106380
2015-09-23,5.199999809265137,5.449999809265137,4.849999904632568,4.949999809265137,4.949999809265137,171540
2015-09-24,4.949999809265137,5.0,4.75,4.900000095367432,4.900000095367432,153420
2015-09-25,4.900000095367432,5.25,4.800000190734863,4.900000095367432,4.900000095367432,193420
2015-09-28,4.849999904632568,4.949999809265137,4.550000190734863,4.599999904632568,4.599999904632568,222160
2015-09-29,4.699999809265137,5.0,4.699999809265137,4.75,4.75,197120
2015-09-30,4.699999809265137,5.0,4.699999809265137,4.849999904632568,4.849999904632568,253760
2015-10-01,4.900000095367432,5.599999904632568,4.900000095367432,5.400000095367432,5.400000095367432,251400
2015-10-02,5.400000095367432,6.050000190734863,5.400000095367432,5.949999809265137,5.949999809265137,202580
2015-10-05,6.0,6.900000095367432,6.0,6.75,6.75,338880
2015-10-06,6.75,7.150000095367432,6.650000095367432,6.800000190734863,6.800000190734863,211820
2015-10-07,6.800000190734863,6.800000190734863,6.199999809265137,6.5,6.5,161860
2015-10-08,6.449999809265137,6.699999809265137,6.300000190734863,6.699999809265137,6.699999809265137,74580
2015-10-09,6.75,6.75,6.599999904632568,6.75,6.75,37120
2015-10-12,6.699999809265137,6.849999904632568,6.400000095367432,6.550000190734863,6.550000190734863,135440
2015-10-13,6.400000095367432,6.800000190734863,6.349999904632568,6.699999809265137,6.699999809265137,77440
2015-10-14,6.650000095367432,7.25,6.650000095367432,7.199999809265137,7.199999809265137,216320
2015-10-15,7.25,7.400000095367432,7.199999809265137,7.349999904632568,7.349999904632568,114300
2015-10-16,7.349999904632568,7.400000095367432,7.150000095367432,7.349999904632568,7.349999904632568,43420
2015-10-19,7.349999904632568,7.400000095367432,7.0,7.150000095367432,7.150000095367432,39720
2015-10-20,7.199999809265137,7.400000095367432,7.099999904632568,7.300000190734863,7.300000190734863,33040
2015-10-21,7.25,7.400000095367432,6.949999809265137,7.050000190734863,7.050000190734863,59640
2015-10-22,7.050000190734863,7.150000095367432,6.949999809265137,6.949999809265137,6.949999809265137,20980
2015-10-23,6.800000190734863,7.050000190734863,6.75,7.0,7.0,42320
2015-10-26,7.0,7.150000095367432,6.949999809265137,6.949999809265137,6.949999809265137,14900
2015-10-27,6.949999809265137,7.050000190734863,6.550000190734863,6.599999904632568,6.599999904632568,34620
2015-10-28,6.599999904632568,6.900000095367432,6.550000190734863,6.849999904632568,6.849999904632568,32060
2015-10-29,6.900000095367432,6.900000095367432,6.599999904632568,6.599999904632568,6.599999904632568,39140
2015-10-30,6.599999904632568,6.849999904632568,6.400000095367432,6.599999904632568,6.599999904632568,42360
2015-11-02,6.5,6.900000095367432,6.5,6.800000190734863,6.800000190734863,51480
2015-11-03,6.800000190734863,7.150000095367432,6.75,7.0,7.0,55140
2015-11-04,6.949999809265137,7.0,6.849999904632568,6.949999809265137,6.949999809265137,21660
2015-11-05,6.949999809265137,7.0,6.800000190734863,6.800000190734863,6.800000190734863,27320
2015-11-06,6.800000190734863,7.099999904632568,6.800000190734863,7.050000190734863,7.050000190734863,47560
2015-11-09,6.900000095367432,7.150000095367432,6.900000095367432,7.050000190734863,7.050000190734863,27040
2015-11-10,7.0,7.050000190734863,6.449999809265137,6.550000190734863,6.550000190734863,117640
2015-11-11,6.5,6.650000095367432,6.349999904632568,6.400000095367432,6.400000095367432,64800
2015-11-12,6.449999809265137,6.449999809265137,6.150000095367432,6.300000190734863,6.300000190734863,22540
2015-11-13,6.400000095367432,6.449999809265137,6.099999904632568,6.300000190734863,6.300000190734863,29580
2015-11-16,6.25,6.75,6.099999904632568,6.699999809265137,6.699999809265137,53980
2015-11-17,7.25,7.349999904632568,6.550000190734863,6.599999904632568,6.599999904632568,182060
2015-11-18,6.650000095367432,6.849999904632568,6.449999809265137,6.449999809265137,6.449999809265137,57500
2015-11-19,6.400000095367432,6.650000095367432,6.400000095367432,6.449999809265137,6.449999809265137,42940
2015-11-20,6.449999809265137,6.550000190734863,6.199999809265137,6.25,6.25,74040
2015-11-23,6.25,6.449999809265137,6.199999809265137,6.25,6.25,76960
2015-11-24,6.099999904632568,6.550000190734863,6.099999904632568,6.5,6.5,64580
2015-11-25,6.5,6.650000095367432,6.5,6.550000190734863,6.550000190734863,41200
2015-11-27,6.650000095367432,6.650000095367432,6.349999904632568,6.5,6.5,52700
2015-11-30,6.650000095367432,6.650000095367432,6.400000095367432,6.449999809265137,6.449999809265137,83760
2015-12-01,6.400000095367432,6.550000190734863,6.349999904632568,6.550000190734863,6.550000190734863,106780
2015-12-02,6.550000190734863,6.849999904632568,6.5,6.75,6.75,108980
2015-12-03,6.800000190734863,7.199999809265137,6.800000190734863,6.900000095367432,6.900000095367432,107180
2015-12-04,7.0,7.050000190734863,6.5,6.550000190734863,6.550000190734863,115640
2015-12-07,6.599999904632568,6.650000095367432,6.349999904632568,6.650000095367432,6.650000095367432,81760
2015-12-08,6.5,6.699999809265137,6.5,6.650000095367432,6.650000095367432,18240
2015-12-09,6.599999904632568,6.599999904632568,6.300000190734863,6.449999809265137,6.449999809265137,100780
2015-12-10,6.5,6.599999904632568,6.400000095367432,6.599999904632568,6.599999904632568,49420
2015-12-11,6.5,6.650000095367432,6.349999904632568,6.5,6.5,46540
2015-12-14,6.599999904632568,6.800000190734863,6.5,6.599999904632568,6.599999904632568,101780
2015-12-15,6.699999809265137,6.900000095367432,6.5,6.550000190734863,6.550000190734863,128460
2015-12-16,6.849999904632568,7.449999809265137,6.800000190734863,7.449999809265137,7.449999809265137,523060
2015-12-17,7.449999809265137,7.900000095367432,7.199999809265137,7.599999904632568,7.599999904632568,282900
2015-12-18,7.5,8.100000381469727,7.5,8.100000381469727,8.100000381469727,210060
2015-12-21,8.300000190734863,9.149999618530273,8.300000190734863,8.850000381469727,8.850000381469727,463100
2015-12-22,8.850000381469727,8.850000381469727,8.100000381469727,8.550000190734863,8.550000190734863,187300
2015-12-23,8.699999809265137,9.75,8.699999809265137,9.449999809265137,9.449999809265137,403120
2015-12-24,9.600000381469727,9.75,9.25,9.550000190734863,9.550000190734863,172020
2015-12-28,9.649999618530273,9.75,9.350000381469727,9.449999809265137,9.449999809265137,154000
2015-12-29,9.5,9.649999618530273,9.149999618530273,9.399999618530273,9.399999618530273,157280
2015-12-30,9.149999618530273,9.399999618530273,8.550000190734863,8.850000381469727,8.850000381469727,257960
2015-12-31,8.699999809265137,9.050000190734863,8.399999618530273,8.5,8.5,200000
2016-01-04,8.050000190734863,9.25,7.949999809265137,9.100000381469727,9.100000381469727,321800
2016-01-05,9.199999809265137,9.25,8.899999618530273,8.899999618530273,8.899999618530273,149320
2016-01-06,8.899999618530273,9.100000381469727,8.899999618530273,9.050000190734863,9.050000190734863,119020
2016-01-07,8.649999618530273,9.050000190734863,8.25,8.449999809265137,8.449999809265137,336500
2016-01-08,8.699999809265137,8.949999809265137,8.449999809265137,8.5,8.5,214440
2016-01-11,8.649999618530273,8.75,7.5,8.25,8.25,279740
2016-01-12,8.300000190734863,8.600000381469727,8.0,8.25,8.25,108760
2016-01-13,8.5,8.600000381469727,7.949999809265137,8.149999618530273,8.149999618530273,116520
2016-01-14,8.100000381469727,8.300000190734863,7.5,8.25,8.25,113880
2016-01-15,7.75,8.0,7.25,7.300000190734863,7.300000190734863,159920
2016-01-19,7.5,7.550000190734863,7.099999904632568,7.300000190734863,7.300000190734863,122760
2016-01-20,7.199999809265137,7.199999809265137,6.550000190734863,7.0,7.0,182420
2016-01-21,7.0,7.449999809265137,7.0,7.349999904632568,7.349999904632568,129420
2016-01-22,7.699999809265137,7.849999904632568,7.550000190734863,7.75,7.75,69740
2016-01-25,7.5,7.699999809265137,7.300000190734863,7.449999809265137,7.449999809265137,65820
2016-01-26,7.599999904632568,7.849999904632568,7.349999904632568,7.699999809265137,7.699999809265137,87280
2016-01-27,7.75,7.75,7.5,7.650000095367432,7.650000095367432,56200
2016-01-28,7.75,7.75,7.349999904632568,7.550000190734863,7.550000190734863,53600
2016-01-29,7.599999904632568,7.849999904632568,7.599999904632568,7.849999904632568,7.849999904632568,42080
2016-02-01,7.650000095367432,7.849999904632568,7.400000095367432,7.599999904632568,7.599999904632568,44560
2016-02-02,7.5,7.5,6.949999809265137,7.0,7.0,93220
2016-02-03,7.0,7.25,6.650000095367432,7.199999809265137,7.199999809265137,93420
2016-02-04,7.199999809265137,7.5,6.949999809265137,7.199999809265137,7.199999809265137,66580
2016-02-05,7.25,7.300000190734863,6.949999809265137,7.199999809265137,7.199999809265137,39580
2016-02-08,7.199999809265137,7.199999809265137,6.599999904632568,6.900000095367432,6.900000095367432,71820
2016-02-09,6.650000095367432,6.75,6.349999904632568,6.5,6.5,89880
2016-02-10,6.449999809265137,6.550000190734863,6.25,6.300000190734863,6.300000190734863,60340
2016-02-11,6.300000190734863,6.400000095367432,5.900000095367432,6.099999904632568,6.099999904632568,80480
2016-02-12,5.949999809265137,6.300000190734863,5.900000095367432,6.300000190734863,6.300000190734863,87900
2016-02-16,6.349999904632568,6.650000095367432,6.25,6.449999809265137,6.449999809265137,96180
2016-02-17,6.550000190734863,6.900000095367432,6.550000190734863,6.900000095367432,6.900000095367432,76480
2016-02-18,6.900000095367432,7.050000190734863,6.699999809265137,6.900000095367432,6.900000095367432,73340
2016-02-19,6.949999809265137,7.099999904632568,6.900000095367432,7.099999904632568,7.099999904632568,60220
2016-02-22,7.150000095367432,7.400000095367432,7.050000190734863,7.349999904632568,7.349999904632568,41700
2016-02-23,7.25,7.349999904632568,7.0,7.099999904632568,7.099999904632568,32720
2016-02-24,7.099999904632568,7.25,6.900000095367432,7.25,7.25,30120
2016-02-25,7.199999809265137,7.300000190734863,7.0,7.300000190734863,7.300000190734863,24600
2016-02-26,7.300000190734863,7.349999904632568,7.099999904632568,7.199999809265137,7.199999809265137,45940
2016-02-29,7.199999809265137,7.300000190734863,7.0,7.199999809265137,7.199999809265137,43680
2016-03-01,7.25,7.300000190734863,7.150000095367432,7.150000095367432,7.150000095367432,14060
2016-03-02,7.150000095367432,7.300000190734863,7.150000095367432,7.300000190734863,7.300000190734863,44580
2016-03-03,7.25,7.5,7.25,7.5,7.5,55080
2016-03-04,7.550000190734863,7.599999904632568,7.25,7.25,7.25,72960
2016-03-07,7.199999809265137,7.400000095367432,7.050000190734863,7.300000190734863,7.300000190734863,63880
2016-03-08,7.650000095367432,7.699999809265137,7.199999809265137,7.25,7.25,103160
2016-03-09,7.25,7.400000095367432,6.900000095367432,7.050000190734863,7.050000190734863,73320
2016-03-10,7.050000190734863,7.099999904632568,6.949999809265137,6.949999809265137,6.949999809265137,46780
2016-03-11,7.0,7.099999904632568,6.900000095367432,7.0,7.0,32640
2016-03-14,7.099999904632568,7.699999809265137,7.0,7.349999904632568,7.349999904632568,159140
2016-03-15,7.400000095367432,7.599999904632568,7.349999904632568,7.449999809265137,7.449999809265137,69900
2016-03-16,7.550000190734863,7.550000190734863,7.349999904632568,7.400000095367432,7.400000095367432,40020
2016-03-17,7.400000095367432,7.550000190734863,7.25,7.300000190734863,7.300000190734863,45980
2016-03-18,7.400000095367432,7.550000190734863,7.349999904632568,7.550000190734863,7.550000190734863,106340
2016-03-21,7.5,7.550000190734863,7.349999904632568,7.449999809265137,7.449999809265137,87940
2016-03-22,7.449999809265137,7.550000190734863,7.300000190734863,7.449999809265137,7.449999809265137,47580
2016-03-23,7.400000095367432,7.449999809265137,7.050000190734863,7.150000095367432,7.150000095367432,112040
2016-03-24,7.150000095367432,7.150000095367432,7.0,7.0,7.0,48180
2016-03-28,7.0,7.199999809265137,6.75,6.800000190734863,6.800000190734863,99600
2016-03-29,6.75,7.099999904632568,6.650000095367432,7.050000190734863,7.050000190734863,56020
2016-03-30,7.099999904632568,7.25,7.099999904632568,7.199999809265137,7.199999809265137,66740
2016-03-31,7.150000095367432,7.25,7.150000095367432,7.199999809265137,7.199999809265137,34280
2016-04-01,7.099999904632568,7.099999904632568,7.0,7.050000190734863,7.050000190734863,43880
2016-04-04,7.099999904632568,7.099999904632568,6.900000095367432,7.0,7.0,47200
2016-04-05,6.949999809265137,7.199999809265137,6.900000095367432,6.949999809265137,6.949999809265137,45980
2016-04-06,7.0,7.050000190734863,6.800000190734863,6.900000095367432,6.900000095367432,59560
2016-04-07,6.849999904632568,6.949999809265137,6.75,6.800000190734863,6.800000190734863,52200
2016-04-08,6.800000190734863,6.949999809265137,6.75,6.800000190734863,6.800000190734863,37380
2016-04-11,6.849999904632568,6.949999809265137,6.800000190734863,6.849999904632568,6.849999904632568,27120
2016-04-12,6.900000095367432,6.900000095367432,6.650000095367432,6.900000095367432,6.900000095367432,51900
2016-04-13,6.849999904632568,7.25,6.800000190734863,7.050000190734863,7.050000190734863,62600
2016-04-14,7.0,7.150000095367432,7.0,7.099999904632568,7.099999904632568,25560
2016-04-15,7.050000190734863,7.050000190734863,6.849999904632568,6.849999904632568,6.849999904632568,46720
2016-04-18,6.849999904632568,7.0,6.75,6.900000095367432,6.900000095367432,58800
2016-04-19,6.949999809265137,7.199999809265137,6.849999904632568,6.949999809265137,6.949999809265137,69820
2016-04-20,6.949999809265137,7.25,6.949999809265137,7.199999809265137,7.199999809265137,62840
2016-04-21,7.25,7.25,7.150000095367432,7.25,7.25,30940
2016-04-22,7.199999809265137,7.300000190734863,7.150000095367432,7.300000190734863,7.300000190734863,60140
2016-04-25,7.199999809265137,7.300000190734863,6.949999809265137,7.050000190734863,7.050000190734863,27460
2016-04-26,7.099999904632568,7.25,7.0,7.050000190734863,7.050000190734863,29540
2016-04-27,7.050000190734863,7.25,6.949999809265137,7.050000190734863,7.050000190734863,20640
2016-04-28,6.949999809265137,7.099999904632568,6.900000095367432,7.0,7.0,24720
2016-04-29,7.050000190734863,7.050000190734863,6.75,6.900000095367432,6.900000095367432,59540
2016-05-02,6.900000095367432,6.949999809265137,6.550000190734863,6.550000190734863,6.550000190734863,79100
2016-05-03,6.550000190734863,6.599999904632568,6.150000095367432,6.300000190734863,6.300000190734863,108920
2016-05-04,6.300000190734863,6.449999809265137,6.099999904632568,6.300000190734863,6.300000190734863,65100
2016-05-05,6.349999904632568,6.349999904632568,6.150000095367432,6.150000095367432,6.150000095367432,42280
2016-05-06,6.150000095367432,6.25,6.050000190734863,6.099999904632568,6.099999904632568,55420
2016-05-09,6.0,6.150000095367432,5.849999904632568,6.050000190734863,6.050000190734863,56180
2016-05-10,6.0,6.150000095367432,5.949999809265137,6.0,6.0,36020
2016-05-11,6.0,6.400000095367432,6.0,6.300000190734863,6.300000190734863,56060
2016-05-12,6.349999904632568,6.349999904632568,6.050000190734863,6.099999904632568,6.099999904632568,20760
2016-05-13,6.050000190734863,6.099999904632568,5.949999809265137,6.099999904632568,6.099999904632568,26820
2016-05-16,6.150000095367432,6.25,6.0,6.150000095367432,6.150000095367432,46240
2016-05-17,6.150000095367432,6.400000095367432,6.150000095367432,6.25,6.25,50020
2016-05-18,6.300000190734863,6.300000190734863,6.150000095367432,6.25,6.25,11600
2016-05-19,6.25,6.300000190734863,5.949999809265137,6.0,6.0,108200
2016-05-20,6.050000190734863,6.300000190734863,5.949999809265137,6.150000095367432,6.150000095367432,149420
2016-05-23,6.849999904632568,7.25,6.75,7.099999904632568,7.099999904632568,314600
2016-05-24,7.0,7.150000095367432,6.800000190734863,6.849999904632568,6.849999904632568,105060
2016-05-25,6.900000095367432,7.050000190734863,6.849999904632568,6.900000095367432,6.900000095367432,79180
2016-05-26,6.949999809265137,7.050000190734863,6.900000095367432,7.050000190734863,7.050000190734863,39580
2016-05-27,6.949999809265137,7.099999904632568,6.650000095367432,6.75,6.75,73900
2016-05-31,6.699999809265137,6.900000095367432,6.599999904632568,6.800000190734863,6.800000190734863,37800
2016-06-01,6.800000190734863,6.800000190734863,6.599999904632568,6.699999809265137,6.699999809265137,26880
2016-06-02,6.650000095367432,6.75,6.550000190734863,6.599999904632568,6.599999904632568,28840
2016-06-03,6.650000095367432,6.699999809265137,6.5,6.5,6.5,39060
2016-06-06,6.599999904632568,6.900000095367432,6.5,6.75,6.75,46120
2016-06-07,6.849999904632568,7.099999904632568,6.849999904632568,6.849999904632568,6.849999904632568,89900
2016-06-08,7.0,7.050000190734863,6.900000095367432,6.949999809265137,6.949999809265137,40620
2016-06-09,6.949999809265137,7.050000190734863,6.75,6.75,6.75,23660
2016-06-10,6.800000190734863,6.849999904632568,6.400000095367432,6.5,6.5,72980
2016-06-13,6.349999904632568,6.599999904632568,6.300000190734863,6.5,6.5,41860
2016-06-14,6.550000190734863,6.650000095367432,6.349999904632568,6.400000095367432,6.400000095367432,45720
2016-06-15,6.349999904632568,6.599999904632568,6.25,6.300000190734863,6.300000190734863,79840
2016-06-16,6.300000190734863,6.5,6.25,6.400000095367432,6.400000095367432,43000
2016-06-17,6.400000095367432,6.550000190734863,6.25,6.25,6.25,41540
2016-06-20,6.25,6.449999809265137,6.25,6.349999904632568,6.349999904632568,24080
2016-06-21,6.400000095367432,6.449999809265137,6.199999809265137,6.300000190734863,6.300000190734863,44260
2016-06-22,6.300000190734863,6.400000095367432,6.150000095367432,6.199999809265137,6.199999809265137,47580
2016-06-23,6.25,6.300000190734863,6.150000095367432,6.199999809265137,6.199999809265137,67860
2016-06-24,5.650000095367432,6.050000190734863,5.650000095367432,5.949999809265137,5.949999809265137,365140
2016-06-27,5.949999809265137,6.0,5.599999904632568,6.0,6.0,103560
2016-06-28,6.0,6.199999809265137,6.0,6.0,6.0,29200
2016-06-29,6.0,6.099999904632568,6.0,6.0,6.0,35300
2016-06-30,5.949999809265137,6.199999809265137,5.949999809265137,6.199999809265137,6.199999809265137,32080
2016-07-01,6.199999809265137,6.300000190734863,6.150000095367432,6.150000095367432,6.150000095367432,33680
2016-07-05,6.150000095367432,6.199999809265137,5.849999904632568,5.949999809265137,5.949999809265137,46900
2016-07-06,5.949999809265137,6.150000095367432,5.949999809265137,6.099999904632568,6.099999904632568,30920
2016-07-07,6.150000095367432,6.25,6.0,6.0,6.0,11820
2016-07-08,5.949999809265137,6.199999809265137,5.949999809265137,6.150000095367432,6.150000095367432,24960
2016-07-11,6.199999809265137,6.349999904632568,6.199999809265137,6.25,6.25,48460
2016-07-12,6.300000190734863,6.400000095367432,6.25,6.25,6.25,30300
2016-07-13,6.150000095367432,6.300000190734863,6.0,6.050000190734863,6.050000190734863,63920
2016-07-14,6.050000190734863,6.199999809265137,6.050000190734863,6.199999809265137,6.199999809265137,38800
2016-07-15,6.25,6.25,6.050000190734863,6.25,6.25,47660
2016-07-18,6.150000095367432,6.25,6.150000095367432,6.199999809265137,6.199999809265137,27620
2016-07-19,6.25,6.25,6.150000095367432,6.25,6.25,19300
2016-07-20,6.25,6.400000095367432,6.099999904632568,6.349999904632568,6.349999904632568,54600
2016-07-21,6.349999904632568,6.400000095367432,6.050000190734863,6.150000095367432,6.150000095367432,37880
2016-07-22,6.099999904632568,6.25,6.050000190734863,6.050000190734863,6.050000190734863,17520
2016-07-25,6.050000190734863,6.25,5.949999809265137,6.099999904632568,6.099999904632568,51500
2016-07-26,6.0,6.150000095367432,6.0,6.050000190734863,6.050000190734863,16100
2016-07-27,6.0,6.099999904632568,5.949999809265137,6.0,6.0,24540
2016-07-28,6.0,6.099999904632568,5.949999809265137,6.0,6.0,14880
2016-07-29,6.050000190734863,6.050000190734863,5.900000095367432,6.0,6.0,35720
2016-08-01,6.0,6.400000095367432,5.900000095367432,6.25,6.25,110320
2016-08-02,6.25,6.25,6.050000190734863,6.150000095367432,6.150000095367432,14860
2016-08-03,6.199999809265137,6.199999809265137,5.849999904632568,6.0,6.0,78340
2016-08-04,6.050000190734863,6.099999904632568,5.900000095367432,6.050000190734863,6.050000190734863,20360
2016-08-05,5.900000095367432,6.150000095367432,5.900000095367432,6.099999904632568,6.099999904632568,18780
2016-08-08,6.050000190734863,6.199999809265137,6.0,6.099999904632568,6.099999904632568,29680
2016-08-09,6.050000190734863,6.150000095367432,6.0,6.0,6.0,28000
2016-08-10,5.900000095367432,6.050000190734863,5.900000095367432,5.949999809265137,5.949999809265137,46380
2016-08-11,5.949999809265137,6.050000190734863,5.900000095367432,6.0,6.0,52300
2016-08-12,5.949999809265137,6.0,5.900000095367432,5.949999809265137,5.949999809265137,20360
2016-08-15,5.900000095367432,6.150000095367432,5.900000095367432,6.099999904632568,6.099999904632568,36920
2016-08-16,6.050000190734863,6.199999809265137,6.0,6.099999904632568,6.099999904632568,48400
2016-08-17,6.0,6.199999809265137,6.0,6.099999904632568,6.099999904632568,37320
2016-08-18,6.150000095367432,6.25,6.150000095367432,6.150000095367432,6.150000095367432,43240
2016-08-19,6.150000095367432,6.25,6.099999904632568,6.150000095367432,6.150000095367432,50540
2016-08-22,6.150000095367432,6.25,6.150000095367432,6.25,6.25,47080
2016-08-23,6.349999904632568,6.400000095367432,6.25,6.349999904632568,6.349999904632568,120360
2016-08-24,5.849999904632568,6.25,5.849999904632568,6.150000095367432,6.150000095367432,390060
2016-08-25,6.0,6.199999809265137,6.0,6.050000190734863,6.050000190734863,118520
2016-08-26,6.050000190734863,6.150000095367432,5.900000095367432,5.900000095367432,5.900000095367432,63960
2016-08-29,5.949999809265137,6.0,5.849999904632568,5.900000095367432,5.900000095367432,41720
2016-08-30,5.949999809265137,6.050000190734863,5.900000095367432,5.900000095367432,5.900000095367432,54960
2016-08-31,5.949999809265137,5.949999809265137,5.650000095367432,5.800000190734863,5.800000190734863,90320
2016-09-01,5.75,5.900000095367432,5.699999809265137,5.849999904632568,5.849999904632568,55140
2016-09-02,5.800000190734863,5.900000095367432,5.699999809265137,5.699999809265137,5.699999809265137,68340
2016-09-06,6.25,6.25,5.599999904632568,5.699999809265137,5.699999809265137,69540
2016-09-07,5.650000095367432,5.699999809265137,5.400000095367432,5.449999809265137,5.449999809265137,97620
2016-09-08,5.449999809265137,5.599999904632568,5.349999904632568,5.5,5.5,43260
2016-09-09,5.5,5.599999904632568,5.25,5.25,5.25,97360
2016-09-12,5.25,5.25,5.150000095367432,5.25,5.25,89260
2016-09-13,5.199999809265137,5.25,5.099999904632568,5.150000095367432,5.150000095367432,92020
2016-09-14,5.099999904632568,5.099999904632568,5.0,5.0,5.0,122660
2016-09-15,5.0,5.0,4.900000095367432,5.0,5.0,56200
2016-09-16,5.099999904632568,5.199999809265137,4.900000095367432,4.900000095367432,4.900000095367432,156020
2016-09-19,4.900000095367432,5.050000190734863,4.800000190734863,4.900000095367432,4.900000095367432,25960
2016-09-20,4.900000095367432,5.0,4.75,4.75,4.75,55680
2016-09-21,4.75,4.849999904632568,4.75,4.800000190734863,4.800000190734863,45520
2016-09-22,4.900000095367432,5.199999809265137,4.900000095367432,5.050000190734863,5.050000190734863,80580
2016-09-23,5.0,5.199999809265137,4.949999809265137,5.0,5.0,39900
2016-09-26,5.099999904632568,5.150000095367432,5.0,5.050000190734863,5.050000190734863,43560
2016-09-27,4.75,5.150000095367432,4.75,5.099999904632568,5.099999904632568,22880
2016-09-28,5.150000095367432,5.25,5.050000190734863,5.099999904632568,5.099999904632568,62520
2016-09-29,5.099999904632568,5.25,5.099999904632568,5.150000095367432,5.150000095367432,72480
2016-09-30,5.150000095367432,5.300000190734863,5.050000190734863,5.050000190734863,5.050000190734863,69720
2016-10-03,5.150000095367432,5.150000095367432,5.050000190734863,5.150000095367432,5.150000095367432,26520
2016-10-04,5.099999904632568,5.199999809265137,5.0,5.099999904632568,5.099999904632568,35760
2016-10-05,5.099999904632568,5.25,5.050000190734863,5.199999809265137,5.199999809265137,35160
2016-10-06,5.5,5.550000190734863,5.199999809265137,5.199999809265137,5.199999809265137,98160
2016-10-07,5.25,5.300000190734863,5.050000190734863,5.150000095367432,5.150000095367432,38920
2016-10-10,5.099999904632568,5.25,5.050000190734863,5.150000095367432,5.150000095367432,16240
2016-10-11,5.099999904632568,5.199999809265137,5.050000190734863,5.050000190734863,5.050000190734863,30120
2016-10-12,5.099999904632568,5.099999904632568,4.900000095367432,5.0,5.0,72300
2016-10-13,4.849999904632568,5.0,4.849999904632568,4.900000095367432,4.900000095367432,28200
2016-10-14,4.800000190734863,5.050000190734863,4.800000190734863,5.0,5.0,49160
2016-10-17,4.949999809265137,5.0,4.849999904632568,4.900000095367432,4.900000095367432,17060
2016-10-18,4.849999904632568,4.949999809265137,4.849999904632568,4.849999904632568,4.849999904632568,26260
2016-10-19,4.800000190734863,5.0,4.800000190734863,4.900000095367432,4.900000095367432,36820
2016-10-20,4.949999809265137,5.099999904632568,4.900000095367432,5.099999904632568,5.099999904632568,25820
2016-10-21,5.449999809265137,5.449999809265137,4.900000095367432,4.900000095367432,4.900000095367432,44500
2016-10-24,5.0,5.050000190734863,4.900000095367432,4.900000095367432,4.900000095367432,9820
2016-10-25,4.949999809265137,5.0,4.849999904632568,4.849999904632568,4.849999904632568,21560
2016-10-26,4.849999904632568,4.900000095367432,4.800000190734863,4.800000190734863,4.800000190734863,36520
2016-10-27,4.800000190734863,4.900000095367432,4.800000190734863,4.800000190734863,4.800000190734863,23960
2016-10-28,4.849999904632568,5.0,4.650000095367432,4.699999809265137,4.699999809265137,42380
2016-10-31,4.699999809265137,5.0,4.699999809265137,4.75,4.75,41640
2016-11-01,4.75,4.849999904632568,4.650000095367432,4.650000095367432,4.650000095367432,38720
2016-11-02,4.650000095367432,4.699999809265137,4.550000190734863,4.550000190734863,4.550000190734863,39580
2016-11-03,4.550000190734863,4.599999904632568,4.300000190734863,4.5,4.5,47840
2016-11-04,4.349999904632568,4.5,4.349999904632568,4.449999809265137,4.449999809265137,28180
2016-11-07,4.449999809265137,4.650000095367432,4.400000095367432,4.550000190734863,4.550000190734863,41340
2016-11-08,4.5,4.550000190734863,4.25,4.349999904632568,4.349999904632568,40960
2016-11-09,4.300000190734863,4.300000190734863,3.75,4.199999809265137,4.199999809265137,168400
2016-11-10,4.099999904632568,4.199999809265137,3.5,3.950000047683716,3.950000047683716,101320
2016-11-11,3.950000047683716,4.050000190734863,3.8499999046325684,4.050000190734863,4.050000190734863,23720
2016-11-14,3.950000047683716,4.199999809265137,3.950000047683716,4.150000095367432,4.150000095367432,41280
2016-11-15,4.050000190734863,4.150000095367432,4.0,4.0,4.0,51220
2016-11-16,4.0,4.099999904632568,3.9000000953674316,3.950000047683716,3.950000047683716,72060
2016-11-17,3.9000000953674316,3.950000047683716,3.5999999046325684,3.799999952316284,3.799999952316284,145120
2016-11-18,3.799999952316284,3.9000000953674316,3.6500000953674316,3.799999952316284,3.799999952316284,93960
2016-11-21,3.75,3.8499999046325684,3.700000047683716,3.799999952316284,3.799999952316284,58720
2016-11-22,3.8499999046325684,3.9000000953674316,3.75,3.8499999046325684,3.8499999046325684,64420
2016-11-23,3.799999952316284,4.0,3.75,3.950000047683716,3.950000047683716,67500
2016-11-25,3.9000000953674316,4.0,3.8499999046325684,3.8499999046325684,3.8499999046325684,44460
2016-11-28,3.8499999046325684,3.950000047683716,3.75,3.799999952316284,3.799999952316284,122640
2016-11-29,3.5999999046325684,3.75,3.25,3.700000047683716,3.700000047683716,185120
2016-11-30,3.5999999046325684,3.75,3.5999999046325684,3.6500000953674316,3.6500000953674316,124220
2016-12-01,3.5999999046325684,3.5999999046325684,3.3499999046325684,3.450000047683716,3.450000047683716,130520
2016-12-02,3.4000000953674316,3.5,3.4000000953674316,3.450000047683716,3.450000047683716,72000
2016-12-05,3.4000000953674316,3.8499999046325684,3.4000000953674316,3.8499999046325684,3.8499999046325684,139760
2016-12-06,4.0,4.0,3.5999999046325684,3.700000047683716,3.700000047683716,115480
2016-12-07,3.75,4.099999904632568,3.6500000953674316,3.9000000953674316,3.9000000953674316,283020
2016-12-08,4.050000190734863,4.050000190734863,3.6500000953674316,3.700000047683716,3.700000047683716,113560
2016-12-09,3.799999952316284,3.8499999046325684,3.5,3.5,3.5,155340
2016-12-12,3.450000047683716,3.5999999046325684,3.25,3.299999952316284,3.299999952316284,155480
2016-12-13,3.299999952316284,3.5,3.200000047683716,3.4000000953674316,3.4000000953674316,149720
2016-12-14,3.3499999046325684,3.4000000953674316,3.1500000953674316,3.25,3.25,112300
2016-12-15,3.200000047683716,3.4000000953674316,3.0999999046325684,3.200000047683716,3.200000047683716,147360
2016-12-16,3.0999999046325684,3.299999952316284,3.0999999046325684,3.25,3.25,94380
2016-12-19,3.3499999046325684,3.549999952316284,3.049999952316284,3.450000047683716,3.450000047683716,153100
2016-12-20,3.450000047683716,3.5,3.299999952316284,3.450000047683716,3.450000047683716,84480
2016-12-21,3.4000000953674316,3.549999952316284,3.3499999046325684,3.450000047683716,3.450000047683716,100000
2016-12-22,3.4000000953674316,3.4000000953674316,3.299999952316284,3.299999952316284,3.299999952316284,57480
2016-12-23,3.25,3.299999952316284,3.200000047683716,3.25,3.25,34080
2016-12-27,3.25,3.3499999046325684,3.25,3.299999952316284,3.299999952316284,75060
2016-12-28,3.25,3.3499999046325684,3.25,3.299999952316284,3.299999952316284,76360
2016-12-29,3.299999952316284,3.3499999046325684,3.1500000953674316,3.1500000953674316,3.1500000953674316,216300
2016-12-30,3.1500000953674316,3.200000047683716,3.0999999046325684,3.200000047683716,3.200000047683716,97820
2017-01-03,3.299999952316284,3.5,3.25,3.25,3.25,95520
2017-01-04,3.4000000953674316,3.4000000953674316,3.299999952316284,3.299999952316284,3.299999952316284,95140
2017-01-05,3.299999952316284,3.4000000953674316,3.25,3.299999952316284,3.299999952316284,82320
2017-01-06,3.200000047683716,3.3499999046325684,3.200000047683716,3.25,3.25,58900
2017-01-09,3.3499999046325684,3.3499999046325684,3.25,3.299999952316284,3.299999952316284,19340
2017-01-10,3.25,3.3499999046325684,3.200000047683716,3.299999952316284,3.299999952316284,63140
2017-01-11,3.25,3.5,3.25,3.4000000953674316,3.4000000953674316,70740
2017-01-12,3.4000000953674316,3.450000047683716,3.3499999046325684,3.4000000953674316,3.4000000953674316,37760
2017-01-13,3.3499999046325684,3.549999952316284,3.3499999046325684,3.5,3.5,111940
2017-01-17,3.5,3.5,3.4000000953674316,3.4000000953674316,3.4000000953674316,102800
2017-01-18,3.4000000953674316,3.450000047683716,3.25,3.299999952316284,3.299999952316284,71340
2017-01-19,3.25,3.4000000953674316,3.200000047683716,3.25,3.25,79360
2017-01-20,3.25,3.3499999046325684,3.25,3.25,3.25,58600
2017-01-23,3.25,3.299999952316284,3.200000047683716,3.200000047683716,3.200000047683716,37220
2017-01-24,3.25,3.25,3.0999999046325684,3.1500000953674316,3.1500000953674316,123500
2017-01-25,3.0999999046325684,3.200000047683716,3.0999999046325684,3.0999999046325684,3.0999999046325684,46540
2017-01-26,3.0999999046325684,3.25,3.0999999046325684,3.1500000953674316,3.1500000953674316,32040
2017-01-27,3.0999999046325684,3.25,3.0999999046325684,3.200000047683716,3.200000047683716,60460
2017-01-30,3.0999999046325684,3.1500000953674316,3.049999952316284,3.049999952316284,3.049999952316284,47600
2017-01-31,3.049999952316284,3.200000047683716,2.950000047683716,3.0,3.0,70740
2017-02-01,3.0,3.049999952316284,2.950000047683716,3.0,3.0,73700
2017-02-02,2.950000047683716,3.049999952316284,2.950000047683716,3.049999952316284,3.049999952316284,27760
2017-02-03,3.0,3.200000047683716,2.950000047683716,3.0999999046325684,3.0999999046325684,78780
2017-02-06,3.1500000953674316,3.200000047683716,2.950000047683716,2.950000047683716,2.950000047683716,101120
2017-02-07,3.0,3.0999999046325684,2.950000047683716,3.049999952316284,3.049999952316284,48080
2017-02-08,3.0999999046325684,3.0999999046325684,3.0,3.049999952316284,3.049999952316284,27280
2017-02-09,2.950000047683716,3.0999999046325684,2.950000047683716,3.049999952316284,3.049999952316284,45600
2017-02-10,2.8499999046325684,3.180000066757202,2.799999952316284,3.0999999046325684,3.0999999046325684,164800
2017-02-13,3.069999933242798,3.2699999809265137,3.059999942779541,3.119999885559082,3.119999885559082,151900
2017-02-14,3.109999895095825,3.130000114440918,3.059999942779541,3.119999885559082,3.119999885559082,57100
2017-02-15,3.119999885559082,3.2100000381469727,3.059999942779541,3.140000104904175,3.140000104904175,40400
2017-02-16,3.119999885559082,3.130000114440918,3.0299999713897705,3.0399999618530273,3.0399999618530273,34500
2017-02-17,3.009999990463257,3.1600000858306885,3.0,3.109999895095825,3.109999895095825,63300
2017-02-21,3.0999999046325684,3.380000114440918,3.0899999141693115,3.3299999237060547,3.3299999237060547,117900
2017-02-22,3.3499999046325684,3.3499999046325684,3.059999942779541,3.130000114440918,3.130000114440918,74700
2017-02-23,3.109999895095825,3.240000009536743,3.0799999237060547,3.1700000762939453,3.1700000762939453,108100
2017-02-24,3.130000114440918,3.200000047683716,3.059999942779541,3.059999942779541,3.059999942779541,71100
2017-02-27,3.069999933242798,3.0899999141693115,3.0199999809265137,3.0399999618530273,3.0399999618530273,33300
2017-02-28,3.0199999809265137,3.049999952316284,2.9100000858306885,2.930000066757202,2.930000066757202,67100
2017-03-01,2.950000047683716,3.119999885559082,2.9000000953674316,2.9100000858306885,2.9100000858306885,63300
2017-03-02,2.930000066757202,2.950000047683716,2.890000104904175,2.9200000762939453,2.9200000762939453,53700
2017-03-03,2.859999895095825,2.9600000381469727,2.8499999046325684,2.9000000953674316,2.9000000953674316,111100
2017-03-06,2.880000114440918,2.880000114440918,2.680000066757202,2.700000047683716,2.700000047683716,63900
2017-03-07,2.6700000762939453,2.680000066757202,2.2300000190734863,2.4100000858306885,2.4100000858306885,233600
2017-03-08,2.4200000762939453,2.4800000190734863,2.259999990463257,2.2899999618530273,2.2899999618530273,61700
2017-03-09,2.25,2.319999933242798,2.25,2.259999990463257,2.259999990463257,65700
2017-03-10,2.240000009536743,2.319999933242798,2.1500000953674316,2.299999952316284,2.299999952316284,62100
2017-03-13,2.299999952316284,2.4600000381469727,2.2300000190734863,2.359999895095825,2.359999895095825,98100
2017-03-14,2.3399999141693115,2.440000057220459,2.299999952316284,2.299999952316284,2.299999952316284,28200
2017-03-15,2.299999952316284,2.4100000858306885,2.2899999618530273,2.3499999046325684,2.3499999046325684,30100
2017-03-16,2.380000114440918,2.440000057220459,2.359999895095825,2.430000066757202,2.430000066757202,14800
2017-03-17,2.440000057220459,2.700000047683716,2.390000104904175,2.5199999809265137,2.5199999809265137,167300
2017-03-20,2.509999990463257,2.549999952316284,2.4000000953674316,2.430000066757202,2.430000066757202,57200
2017-03-21,2.440000057220459,2.450000047683716,2.4000000953674316,2.4200000762939453,2.4200000762939453,29700
2017-03-22,2.4200000762939453,2.430000066757202,2.4000000953674316,2.4200000762939453,2.4200000762939453,38400
2017-03-23,2.4200000762939453,2.450000047683716,2.4000000953674316,2.4000000953674316,2.4000000953674316,40400
2017-03-24,2.4000000953674316,2.450000047683716,2.4000000953674316,2.4200000762939453,2.4200000762939453,20100
2017-03-27,2.4000000953674316,2.5,2.4000000953674316,2.4100000858306885,2.4100000858306885,55600
2017-03-28,2.299999952316284,2.4800000190734863,2.299999952316284,2.390000104904175,2.390000104904175,83000
2017-03-29,2.490000009536743,2.490000009536743,2.3399999141693115,2.359999895095825,2.359999895095825,60400
2017-03-30,2.3399999141693115,2.369999885559082,2.3399999141693115,2.369999885559082,2.369999885559082,30400
2017-03-31,2.369999885559082,2.4200000762939453,2.3499999046325684,2.4000000953674316,2.4000000953674316,31000
2017-04-03,2.380000114440918,2.440000057220459,2.3399999141693115,2.359999895095825,2.359999895095825,62200
2017-04-04,2.390000104904175,2.640000104904175,2.380000114440918,2.4700000286102295,2.4700000286102295,108000
2017-04-05,2.5,2.6500000953674316,2.4100000858306885,2.490000009536743,2.490000009536743,66800
2017-04-06,2.5,2.619999885559082,2.4600000381469727,2.5799999237060547,2.5799999237060547,97000
2017-04-07,2.5399999618530273,2.640000104904175,2.5199999809265137,2.619999885559082,2.619999885559082,18400
2017-04-10,2.5999999046325684,2.7799999713897705,2.549999952316284,2.6700000762939453,2.6700000762939453,94600
2017-04-11,2.6700000762939453,2.819999933242798,2.5999999046325684,2.6700000762939453,2.6700000762939453,67700
2017-04-12,2.6500000953674316,2.7200000286102295,2.5199999809265137,2.569999933242798,2.569999933242798,52100
2017-04-13,2.5399999618530273,2.619999885559082,2.5,2.5,2.5,29700
2017-04-17,2.509999990463257,2.5799999237060547,2.5,2.5,2.5,18600
2017-04-18,2.4800000190734863,2.5299999713897705,2.3399999141693115,2.430000066757202,2.430000066757202,89400
2017-04-19,2.4200000762939453,2.5,2.390000104904175,2.4100000858306885,2.4100000858306885,25400
2017-04-20,2.4100000858306885,2.490000009536743,2.369999885559082,2.4600000381469727,2.4600000381469727,26300
2017-04-21,2.4100000858306885,2.4700000286102295,2.369999885559082,2.390000104904175,2.390000104904175,67900
2017-04-24,2.4100000858306885,2.4200000762939453,2.3399999141693115,2.3499999046325684,2.3499999046325684,37100
2017-04-25,2.359999895095825,2.4200000762939453,2.3499999046325684,2.380000114440918,2.380000114440918,20000
2017-04-26,2.3499999046325684,2.4800000190734863,2.3499999046325684,2.4200000762939453,2.4200000762939453,22200
2017-04-27,2.380000114440918,2.5,2.369999885559082,2.440000057220459,2.440000057220459,58800
2017-04-28,2.430000066757202,2.4700000286102295,2.380000114440918,2.430000066757202,2.430000066757202,91400
2017-05-01,2.4200000762939453,2.440000057220459,2.380000114440918,2.4000000953674316,2.4000000953674316,32200
2017-05-02,2.390000104904175,2.440000057220459,2.390000104904175,2.4000000953674316,2.4000000953674316,11800
2017-05-03,2.390000104904175,2.4800000190734863,2.390000104904175,2.4800000190734863,2.4800000190734863,41400
2017-05-04,2.5,2.5,2.390000104904175,2.4700000286102295,2.4700000286102295,41900
2017-05-05,2.4200000762939453,2.5,2.4000000953674316,2.4100000858306885,2.4100000858306885,22000
2017-05-08,2.450000047683716,2.5199999809265137,2.440000057220459,2.490000009536743,2.490000009536743,24900
2017-05-09,2.450000047683716,2.5199999809265137,2.440000057220459,2.450000047683716,2.450000047683716,50100
2017-05-10,2.440000057220459,2.630000114440918,2.440000057220459,2.509999990463257,2.509999990463257,59100
2017-05-11,2.5,2.6500000953674316,2.4800000190734863,2.609999895095825,2.609999895095825,57900
2017-05-12,2.640000104904175,2.809999942779541,2.5399999618530273,2.7799999713897705,2.7799999713897705,71800
2017-05-15,2.7799999713897705,2.799999952316284,2.7200000286102295,2.740000009536743,2.740000009536743,37800
2017-05-16,2.7300000190734863,2.75,2.5199999809265137,2.5999999046325684,2.5999999046325684,32700
2017-05-17,2.569999933242798,2.690000057220459,2.5,2.5199999809265137,2.5199999809265137,27300
2017-05-18,2.5,2.569999933242798,2.4600000381469727,2.5199999809265137,2.5199999809265137,29700
2017-05-19,2.5299999713897705,2.890000104904175,2.5,2.890000104904175,2.890000104904175,128800
2017-05-22,2.9200000762939453,2.9200000762939453,2.6700000762939453,2.809999942779541,2.809999942779541,35300
2017-05-23,2.7899999618530273,2.9200000762939453,2.740000009536743,2.7799999713897705,2.7799999713897705,23800
2017-05-24,2.7699999809265137,2.869999885559082,2.7699999809265137,2.809999942779541,2.809999942779541,6600
2017-05-25,2.799999952316284,2.890000104904175,2.7899999618530273,2.859999895095825,2.859999895095825,20800
2017-05-26,2.8399999141693115,2.8499999046325684,2.7899999618530273,2.7899999618530273,2.7899999618530273,34900
2017-05-30,2.799999952316284,2.809999942779541,2.7100000381469727,2.740000009536743,2.740000009536743,14000
2017-05-31,2.740000009536743,2.75,2.640000104904175,2.7100000381469727,2.7100000381469727,27100
2017-06-01,2.690000057220459,2.7300000190734863,2.6600000858306885,2.680000066757202,2.680000066757202,30500
2017-06-02,2.6500000953674316,2.75,2.6500000953674316,2.700000047683716,2.700000047683716,18400
2017-06-05,2.690000057220459,2.690000057220459,2.4700000286102295,2.509999990463257,2.509999990463257,60000
2017-06-06,2.5,2.549999952316284,2.430000066757202,2.5,2.5,16700
2017-06-07,2.5,2.5299999713897705,2.4000000953674316,2.4700000286102295,2.4700000286102295,37500
2017-06-08,2.4600000381469727,2.5299999713897705,2.430000066757202,2.450000047683716,2.450000047683716,23700
2017-06-09,2.440000057220459,2.509999990463257,2.299999952316284,2.359999895095825,2.359999895095825,79400
2017-06-12,2.3499999046325684,2.4800000190734863,2.3399999141693115,2.4000000953674316,2.4000000953674316,72700
2017-06-13,2.4000000953674316,2.450000047683716,2.369999885559082,2.390000104904175,2.390000104904175,7800
2017-06-14,2.549999952316284,2.680000066757202,2.4600000381469727,2.5199999809265137,2.5199999809265137,175900
2017-06-15,2.6700000762939453,2.6700000762939453,2.5,2.569999933242798,2.569999933242798,73800
2017-06-16,2.559999942779541,2.569999933242798,2.3499999046325684,2.450000047683716,2.450000047683716,116400
2017-06-19,2.450000047683716,2.619999885559082,2.319999933242798,2.5,2.5,122800
2017-06-20,2.450000047683716,2.569999933242798,2.3499999046325684,2.4200000762939453,2.4200000762939453,16100
2017-06-21,2.4000000953674316,2.490000009536743,2.369999885559082,2.430000066757202,2.430000066757202,37700
2017-06-22,2.430000066757202,2.609999895095825,2.4100000858306885,2.5199999809265137,2.5199999809265137,50700
2017-06-23,2.5799999237060547,2.6600000858306885,2.450000047683716,2.5999999046325684,2.5999999046325684,62700
2017-06-26,2.630000114440918,2.640000104904175,2.4600000381469727,2.5299999713897705,2.5299999713897705,30200
2017-06-27,2.490000009536743,2.549999952316284,2.4100000858306885,2.4800000190734863,2.4800000190734863,34700
2017-06-28,2.4800000190734863,2.5399999618530273,2.4000000953674316,2.4700000286102295,2.4700000286102295,31200
2017-06-29,2.4700000286102295,2.4700000286102295,2.4200000762939453,2.4200000762939453,2.4200000762939453,17300
2017-06-30,2.4200000762939453,2.5,2.3499999046325684,2.440000057220459,2.440000057220459,14000
2017-07-03,2.440000057220459,2.4700000286102295,2.359999895095825,2.4200000762939453,2.4200000762939453,26300
2017-07-05,2.4200000762939453,2.4800000190734863,2.4000000953674316,2.440000057220459,2.440000057220459,16400
2017-07-06,2.430000066757202,2.5,2.4100000858306885,2.450000047683716,2.450000047683716,9200
2017-07-07,2.4200000762939453,2.4600000381469727,2.4000000953674316,2.440000057220459,2.440000057220459,10400
2017-07-10,2.359999895095825,2.440000057220459,2.359999895095825,2.4000000953674316,2.4000000953674316,15600
2017-07-11,2.4100000858306885,2.450000047683716,2.4000000953674316,2.4200000762939453,2.4200000762939453,18000
2017-07-12,2.430000066757202,2.5999999046325684,2.4000000953674316,2.450000047683716,2.450000047683716,112300
2017-07-13,2.440000057220459,2.5199999809265137,2.4000000953674316,2.450000047683716,2.450000047683716,17800
2017-07-14,2.440000057220459,2.5,2.4200000762939453,2.5,2.5,14200
2017-07-17,2.509999990463257,2.549999952316284,2.4200000762939453,2.4800000190734863,2.4800000190734863,23900
2017-07-18,2.4800000190734863,2.5999999046325684,2.4700000286102295,2.5899999141693115,2.5899999141693115,21100
2017-07-19,2.5899999141693115,2.690000057220459,2.559999942779541,2.6700000762939453,2.6700000762939453,112200
2017-07-20,2.6500000953674316,2.6700000762939453,2.640000104904175,2.640000104904175,2.640000104904175,46200
2017-07-21,2.559999942779541,2.619999885559082,2.5399999618530273,2.5999999046325684,2.5999999046325684,19100
2017-07-24,2.609999895095825,2.6500000953674316,2.5799999237060547,2.640000104904175,2.640000104904175,14200
2017-07-25,2.630000114440918,2.690000057220459,2.5999999046325684,2.5999999046325684,2.5999999046325684,21000
2017-07-26,2.5999999046325684,2.7899999618530273,2.5999999046325684,2.7699999809265137,2.7699999809265137,155700
2017-07-27,2.700000047683716,2.7799999713897705,2.6600000858306885,2.740000009536743,2.740000009536743,47300
2017-07-28,2.75,2.869999885559082,2.75,2.8499999046325684,2.8499999046325684,27000
2017-07-31,2.8399999141693115,2.859999895095825,2.740000009536743,2.759999990463257,2.759999990463257,43800
2017-08-01,2.7799999713897705,2.7799999713897705,2.700000047683716,2.740000009536743,2.740000009536743,7300
2017-08-02,2.7300000190734863,2.740000009536743,2.640000104904175,2.6500000953674316,2.6500000953674316,29100
2017-08-03,2.6500000953674316,2.7100000381469727,2.549999952316284,2.690000057220459,2.690000057220459,33800
2017-08-04,2.680000066757202,2.690000057220459,2.549999952316284,2.609999895095825,2.609999895095825,32300
2017-08-07,2.5999999046325684,2.740000009536743,2.5999999046325684,2.740000009536743,2.740000009536743,29000
2017-08-08,2.6700000762939453,2.690000057220459,2.609999895095825,2.6500000953674316,2.6500000953674316,34100
2017-08-09,2.640000104904175,2.680000066757202,2.559999942779541,2.619999885559082,2.619999885559082,42900
2017-08-10,2.609999895095825,2.609999895095825,2.5199999809265137,2.5799999237060547,2.5799999237060547,27100
2017-08-11,2.5,2.609999895095825,2.5,2.559999942779541,2.559999942779541,28600
2017-08-14,2.559999942779541,2.619999885559082,2.5299999713897705,2.5299999713897705,2.5299999713897705,30600
2017-08-15,2.5,2.5199999809265137,2.4800000190734863,2.5199999809265137,2.5199999809265137,17500
2017-08-16,2.509999990463257,2.640000104904175,2.509999990463257,2.5899999141693115,2.5899999141693115,22300
2017-08-17,2.5799999237060547,2.609999895095825,2.5,2.5,2.5,53700
2017-08-18,2.5199999809265137,2.609999895095825,2.5,2.609999895095825,2.609999895095825,11800
2017-08-21,2.5999999046325684,2.619999885559082,2.430000066757202,2.5299999713897705,2.5299999713897705,53900
2017-08-22,2.5299999713897705,2.5999999046325684,2.509999990463257,2.509999990463257,2.509999990463257,13100
2017-08-23,2.490000009536743,2.5299999713897705,2.4600000381469727,2.490000009536743,2.490000009536743,36200
2017-08-24,2.5199999809265137,2.549999952316284,2.450000047683716,2.4700000286102295,2.4700000286102295,11900
2017-08-25,2.4700000286102295,2.490000009536743,2.450000047683716,2.4600000381469727,2.4600000381469727,16900
2017-08-28,2.450000047683716,2.509999990463257,2.430000066757202,2.450000047683716,2.450000047683716,32900
2017-08-29,2.440000057220459,2.509999990463257,2.430000066757202,2.490000009536743,2.490000009536743,23400
2017-08-30,2.4800000190734863,2.4800000190734863,2.430000066757202,2.4600000381469727,2.4600000381469727,19900
2017-08-31,2.450000047683716,2.509999990463257,2.450000047683716,2.450000047683716,2.450000047683716,15400
2017-09-01,2.450000047683716,2.549999952316284,2.450000047683716,2.5399999618530273,2.5399999618530273,20000
2017-09-05,2.5,2.5399999618530273,2.440000057220459,2.4700000286102295,2.4700000286102295,32100
2017-09-06,2.4600000381469727,2.5299999713897705,2.369999885559082,2.440000057220459,2.440000057220459,57300
2017-09-07,2.450000047683716,2.5,2.380000114440918,2.430000066757202,2.430000066757202,14600
2017-09-08,2.490000009536743,2.490000009536743,2.119999885559082,2.309999942779541,2.309999942779541,246000
2017-09-11,2.369999885559082,2.4100000858306885,2.319999933242798,2.3299999237060547,2.3299999237060547,17700
2017-09-12,2.299999952316284,2.380000114440918,2.2899999618530273,2.2899999618530273,2.2899999618530273,26000
2017-09-13,2.2699999809265137,2.369999885559082,2.200000047683716,2.2699999809265137,2.2699999809265137,75400
2017-09-14,2.240000009536743,2.2699999809265137,2.190000057220459,2.200000047683716,2.200000047683716,105400
2017-09-15,2.180000066757202,2.2899999618530273,2.180000066757202,2.2100000381469727,2.2100000381469727,80000
2017-09-18,2.2100000381469727,2.2799999713897705,2.1600000858306885,2.2300000190734863,2.2300000190734863,28100
2017-09-19,2.240000009536743,2.25,2.119999885559082,2.240000009536743,2.240000009536743,107300
2017-09-20,2.190000057220459,2.3299999237060547,2.190000057220459,2.319999933242798,2.319999933242798,38500
2017-09-21,2.319999933242798,2.3299999237060547,2.2100000381469727,2.2300000190734863,2.2300000190734863,29900
2017-09-22,2.2100000381469727,2.2300000190734863,2.2100000381469727,2.2200000286102295,2.2200000286102295,19300
2017-09-25,2.200000047683716,2.369999885559082,2.119999885559082,2.359999895095825,2.359999895095825,191600
2017-09-26,2.4000000953674316,2.450000047683716,2.3399999141693115,2.450000047683716,2.450000047683716,102300
2017-09-27,2.369999885559082,2.430000066757202,2.3499999046325684,2.4100000858306885,2.4100000858306885,35600
2017-09-28,2.4100000858306885,2.440000057220459,2.200000047683716,2.259999990463257,2.259999990463257,46700
2017-09-29,2.240000009536743,2.3299999237060547,2.240000009536743,2.3299999237060547,2.3299999237060547,34200
2017-10-02,2.319999933242798,2.319999933242798,2.2100000381469727,2.240000009536743,2.240000009536743,18600
2017-10-03,2.2699999809265137,2.3299999237060547,2.240000009536743,2.319999933242798,2.319999933242798,44600
2017-10-04,2.299999952316284,2.359999895095825,2.259999990463257,2.309999942779541,2.309999942779541,47100
2017-10-05,2.2699999809265137,2.309999942779541,2.25,2.2899999618530273,2.2899999618530273,26200
2017-10-06,2.25,2.3499999046325684,2.240000009536743,2.3499999046325684,2.3499999046325684,107600
2017-10-09,2.3399999141693115,2.4000000953674316,2.3399999141693115,2.369999885559082,2.369999885559082,55400
2017-10-10,2.380000114440918,2.4000000953674316,2.3299999237060547,2.369999885559082,2.369999885559082,44100
2017-10-11,2.319999933242798,2.3399999141693115,2.2699999809265137,2.2899999618530273,2.2899999618530273,57600
2017-10-12,2.2699999809265137,2.380000114440918,2.2699999809265137,2.309999942779541,2.309999942779541,53900
2017-10-13,2.299999952316284,2.3499999046325684,2.299999952316284,2.3299999237060547,2.3299999237060547,11000
2017-10-16,2.4000000953674316,2.430000066757202,2.299999952316284,2.369999885559082,2.369999885559082,122000
2017-10-17,2.369999885559082,2.4000000953674316,2.3299999237060547,2.3399999141693115,2.3399999141693115,21300
2017-10-18,2.319999933242798,2.390000104904175,2.2699999809265137,2.319999933242798,2.319999933242798,51900
2017-10-19,2.3399999141693115,2.380000114440918,2.319999933242798,2.369999885559082,2.369999885559082,57100
2017-10-20,2.4100000858306885,2.4100000858306885,2.309999942779541,2.359999895095825,2.359999895095825,45000
2017-10-23,2.3499999046325684,3.140000104904175,2.3499999046325684,2.759999990463257,2.759999990463257,797500
2017-10-24,2.759999990463257,2.9000000953674316,2.549999952316284,2.9000000953674316,2.9000000953674316,183400
2017-10-25,2.869999885559082,3.069999933242798,2.7799999713897705,2.880000114440918,2.880000114440918,256400
2017-10-26,2.859999895095825,3.0799999237060547,2.8399999141693115,2.859999895095825,2.859999895095825,85700
2017-10-27,2.890000104904175,2.9800000190734863,2.8499999046325684,2.9100000858306885,2.9100000858306885,47600
2017-10-30,2.9700000286102295,3.0799999237060547,2.869999885559082,2.9200000762939453,2.9200000762939453,113300
2017-10-31,2.890000104904175,2.9700000286102295,2.75,2.880000114440918,2.880000114440918,92000
2017-11-01,2.7899999618530273,2.940000057220459,2.759999990463257,2.7699999809265137,2.7699999809265137,21100
2017-11-02,2.799999952316284,2.819999933242798,2.5999999046325684,2.640000104904175,2.640000104904175,61100
2017-11-03,2.5899999141693115,2.700000047683716,2.5399999618530273,2.700000047683716,2.700000047683716,38600
2017-11-06,2.7200000286102295,2.7200000286102295,2.569999933242798,2.5999999046325684,2.5999999046325684,19300
2017-11-07,2.5999999046325684,2.680000066757202,2.5899999141693115,2.5999999046325684,2.5999999046325684,45000
2017-11-08,2.6700000762939453,2.859999895095825,2.640000104904175,2.8399999141693115,2.8399999141693115,89100
2017-11-09,2.890000104904175,2.9000000953674316,2.799999952316284,2.8299999237060547,2.8299999237060547,38200
2017-11-10,2.819999933242798,2.9000000953674316,2.7899999618530273,2.880000114440918,2.880000114440918,44900
2017-11-13,2.880000114440918,3.3399999141693115,2.880000114440918,3.119999885559082,3.119999885559082,355100
2017-11-14,3.1500000953674316,3.359999895095825,3.0999999046325684,3.319999933242798,3.319999933242798,203300
2017-11-15,3.130000114440918,3.299999952316284,3.119999885559082,3.1600000858306885,3.1600000858306885,108500
2017-11-16,3.180000066757202,3.309999942779541,3.180000066757202,3.2699999809265137,3.2699999809265137,107400
2017-11-17,3.309999942779541,3.309999942779541,2.9000000953674316,3.1500000953674316,3.1500000953674316,141700
2017-11-20,3.059999942779541,3.25,3.0399999618530273,3.200000047683716,3.200000047683716,55100
2017-11-21,3.25,3.25,3.009999990463257,3.0999999046325684,3.0999999046325684,127500
2017-11-22,3.0799999237060547,3.2799999713897705,3.009999990463257,3.200000047683716,3.200000047683716,88300
2017-11-24,3.200000047683716,3.3299999237060547,3.200000047683716,3.299999952316284,3.299999952316284,67700
2017-11-27,3.3299999237060547,3.3299999237060547,3.200000047683716,3.299999952316284,3.299999952316284,78800
2017-11-28,3.299999952316284,3.690000057220459,3.2699999809265137,3.6600000858306885,3.6600000858306885,324900
2017-11-29,3.700000047683716,3.7899999618530273,3.109999895095825,3.490000009536743,3.490000009536743,373200
2017-11-30,3.4700000286102295,3.609999895095825,3.369999885559082,3.5299999713897705,3.5299999713897705,96100
2017-12-01,3.5,3.5,3.2200000286102295,3.299999952316284,3.299999952316284,131500
2017-12-04,3.309999942779541,3.380000114440918,3.1500000953674316,3.190000057220459,3.190000057220459,118000
2017-12-05,3.190000057220459,3.319999933242798,3.130000114440918,3.309999942779541,3.309999942779541,55200
2017-12-06,3.2799999713897705,3.2899999618530273,2.880000114440918,2.9100000858306885,2.9100000858306885,183300
2017-12-07,2.9200000762939453,3.069999933242798,2.9000000953674316,3.059999942779541,3.059999942779541,77000
2017-12-08,3.059999942779541,3.1500000953674316,3.009999990463257,3.0299999713897705,3.0299999713897705,49400
2017-12-11,3.009999990463257,3.109999895095825,3.009999990463257,3.0399999618530273,3.0399999618530273,34900
2017-12-12,3.0,3.0399999618530273,2.930000066757202,2.9600000381469727,2.9600000381469727,68400
2017-12-13,2.9600000381469727,3.0399999618530273,2.799999952316284,2.9100000858306885,2.9100000858306885,110800
2017-12-14,2.9000000953674316,2.9600000381469727,2.8299999237060547,2.940000057220459,2.940000057220459,55300
2017-12-15,2.930000066757202,3.0,2.880000114440918,2.9600000381469727,2.9600000381469727,46800
2017-12-18,2.9700000286102295,3.069999933242798,2.9600000381469727,3.0299999713897705,3.0299999713897705,85100
2017-12-19,3.119999885559082,3.130000114440918,2.8299999237060547,2.940000057220459,2.940000057220459,199200
2017-12-20,2.9200000762939453,3.0,2.859999895095825,2.9100000858306885,2.9100000858306885,124100
2017-12-21,2.9000000953674316,2.990000009536743,2.859999895095825,2.859999895095825,2.859999895095825,124400
2017-12-22,2.880000114440918,2.9200000762939453,2.8399999141693115,2.880000114440918,2.880000114440918,61800
2017-12-26,2.8299999237060547,2.890000104904175,2.799999952316284,2.8499999046325684,2.8499999046325684,52100
2017-12-27,2.819999933242798,2.8399999141693115,2.700000047683716,2.7899999618530273,2.7899999618530273,117500
2017-12-28,2.7699999809265137,2.809999942779541,2.640000104904175,2.640000104904175,2.640000104904175,189000
2017-12-29,2.640000104904175,2.700000047683716,2.640000104904175,2.6600000858306885,2.6600000858306885,74900
2018-01-02,2.7100000381469727,2.950000047683716,2.6500000953674316,2.950000047683716,2.950000047683716,111700
2018-01-03,2.950000047683716,2.950000047683716,2.7699999809265137,2.819999933242798,2.819999933242798,92700
2018-01-04,2.799999952316284,2.8499999046325684,2.7899999618530273,2.809999942779541,2.809999942779541,74400
2018-01-05,2.859999895095825,3.25,2.859999895095825,3.0999999046325684,3.0999999046325684,434700
2018-01-08,3.0899999141693115,3.180000066757202,3.0399999618530273,3.1500000953674316,3.1500000953674316,116200
2018-01-09,3.1700000762939453,3.1700000762939453,3.0,3.0299999713897705,3.0299999713897705,97100
2018-01-10,2.990000009536743,3.059999942779541,2.940000057220459,3.0,3.0,93300
2018-01-11,3.0,3.0799999237060547,3.0,3.069999933242798,3.069999933242798,31300
2018-01-12,3.059999942779541,3.0999999046325684,3.009999990463257,3.059999942779541,3.059999942779541,43900
2018-01-16,2.990000009536743,3.0999999046325684,2.990000009536743,3.0299999713897705,3.0299999713897705,108400
2018-01-17,3.0399999618530273,3.0399999618530273,2.930000066757202,2.990000009536743,2.990000009536743,32200
2018-01-18,2.9700000286102295,2.9700000286102295,2.869999885559082,2.890000104904175,2.890000104904175,91900
2018-01-19,2.880000114440918,2.940000057220459,2.799999952316284,2.799999952316284,2.799999952316284,50900
2018-01-22,2.819999933242798,2.880000114440918,2.7899999618530273,2.799999952316284,2.799999952316284,58900
2018-01-23,2.7899999618530273,2.880000114440918,2.75,2.7699999809265137,2.7699999809265137,53100
2018-01-24,2.759999990463257,2.819999933242798,2.759999990463257,2.7699999809265137,2.7699999809265137,45200
2018-01-25,2.7799999713897705,2.869999885559082,2.7699999809265137,2.7899999618530273,2.7899999618530273,34500
2018-01-26,2.7699999809265137,2.8299999237060547,2.75,2.799999952316284,2.799999952316284,47900
2018-01-29,2.7699999809265137,2.8299999237060547,2.6500000953674316,2.6600000858306885,2.6600000858306885,72700
2018-01-30,2.6600000858306885,2.740000009536743,2.6600000858306885,2.7200000286102295,2.7200000286102295,35400
2018-01-31,2.700000047683716,2.740000009536743,2.690000057220459,2.700000047683716,2.700000047683716,26900
2018-02-01,2.7100000381469727,2.7200000286102295,2.619999885559082,2.640000104904175,2.640000104904175,45700
2018-02-02,2.619999885559082,2.6500000953674316,2.549999952316284,2.5799999237060547,2.5799999237060547,83400
2018-02-05,2.609999895095825,2.609999895095825,2.369999885559082,2.4000000953674316,2.4000000953674316,77700
2018-02-06,2.4000000953674316,2.5799999237060547,2.380000114440918,2.549999952316284,2.549999952316284,92700
2018-02-07,2.569999933242798,2.5999999046325684,2.450000047683716,2.4800000190734863,2.4800000190734863,28900
2018-02-08,2.5,2.5,2.4000000953674316,2.4100000858306885,2.4100000858306885,64900
2018-02-09,2.4100000858306885,2.4100000858306885,2.2200000286102295,2.319999933242798,2.319999933242798,120700
2018-02-12,2.3299999237060547,2.390000104904175,2.3299999237060547,2.369999885559082,2.369999885559082,20000
2018-02-13,2.359999895095825,2.450000047683716,2.359999895095825,2.430000066757202,2.430000066757202,22600
2018-02-14,2.430000066757202,2.5899999141693115,2.380000114440918,2.509999990463257,2.509999990463257,44800
2018-02-15,2.559999942779541,2.569999933242798,2.4200000762939453,2.4200000762939453,2.4200000762939453,26600
2018-02-16,2.430000066757202,2.4700000286102295,2.369999885559082,2.4000000953674316,2.4000000953674316,34100
2018-02-20,2.390000104904175,2.549999952316284,2.390000104904175,2.5,2.5,63900
2018-02-21,2.5199999809265137,2.5299999713897705,2.4700000286102295,2.4700000286102295,2.4700000286102295,72700
2018-02-22,2.4700000286102295,2.5199999809265137,2.4200000762939453,2.5,2.5,15300
2018-02-23,2.5,2.5,2.4700000286102295,2.5,2.5,7500
2018-02-26,2.5,2.5399999618530273,2.430000066757202,2.5,2.5,31400
2018-02-27,2.490000009536743,2.5399999618530273,2.440000057220459,2.440000057220459,2.440000057220459,12700
2018-02-28,2.5199999809265137,2.5199999809265137,2.440000057220459,2.440000057220459,2.440000057220459,13600
2018-03-01,2.440000057220459,2.440000057220459,2.4100000858306885,2.440000057220459,2.440000057220459,20900
2018-03-02,2.4100000858306885,2.440000057220459,2.4000000953674316,2.4100000858306885,2.4100000858306885,39500
2018-03-05,2.359999895095825,2.5,2.359999895095825,2.450000047683716,2.450000047683716,39300
2018-03-06,2.450000047683716,2.5399999618530273,2.450000047683716,2.5,2.5,9200
2018-03-07,2.4600000381469727,2.5399999618530273,2.4000000953674316,2.4800000190734863,2.4800000190734863,33000
2018-03-08,2.4600000381469727,2.4700000286102295,2.4200000762939453,2.450000047683716,2.450000047683716,14100
2018-03-09,2.4700000286102295,2.5199999809265137,2.430000066757202,2.490000009536743,2.490000009536743,31900
2018-03-12,2.5199999809265137,2.5399999618530273,2.430000066757202,2.5399999618530273,2.5399999618530273,81400
2018-03-13,2.4800000190734863,2.640000104904175,2.4800000190734863,2.5799999237060547,2.5799999237060547,51900
2018-03-14,2.5799999237060547,2.5899999141693115,2.5,2.5799999237060547,2.5799999237060547,30500
2018-03-15,2.5799999237060547,2.630000114440918,2.559999942779541,2.5999999046325684,2.5999999046325684,13800
2018-03-16,2.609999895095825,2.609999895095825,2.5199999809265137,2.5299999713897705,2.5299999713897705,35000
2018-03-19,2.5199999809265137,2.559999942779541,2.5199999809265137,2.549999952316284,2.549999952316284,26000
2018-03-20,2.5999999046325684,2.7100000381469727,2.5999999046325684,2.690000057220459,2.690000057220459,87600
2018-03-21,2.6700000762939453,2.7100000381469727,2.609999895095825,2.609999895095825,2.609999895095825,35600
2018-03-22,2.5899999141693115,2.680000066757202,2.5399999618530273,2.569999933242798,2.569999933242798,24500
2018-03-23,2.569999933242798,2.569999933242798,2.5,2.509999990463257,2.509999990463257,29700
2018-03-26,2.630000114440918,2.630000114440918,2.5,2.5999999046325684,2.5999999046325684,52000
2018-03-27,2.5899999141693115,2.680000066757202,2.569999933242798,2.609999895095825,2.609999895095825,51800
2018-03-28,2.5999999046325684,2.5999999046325684,2.4700000286102295,2.509999990463257,2.509999990463257,20600
2018-03-29,2.5,2.569999933242798,2.5,2.559999942779541,2.559999942779541,18600
2018-04-02,2.5199999809265137,2.549999952316284,2.5,2.5199999809265137,2.5199999809265137,20400
2018-04-03,2.5199999809265137,2.5299999713897705,2.4700000286102295,2.509999990463257,2.509999990463257,31800
2018-04-04,2.4700000286102295,2.509999990463257,2.4700000286102295,2.509999990463257,2.509999990463257,23400
2018-04-05,2.5299999713897705,2.5299999713897705,2.430000066757202,2.490000009536743,2.490000009536743,25400
2018-04-06,2.4800000190734863,2.5199999809265137,2.1500000953674316,2.4100000858306885,2.4100000858306885,109600
2018-04-09,2.4100000858306885,2.4100000858306885,2.3399999141693115,2.3399999141693115,2.3399999141693115,16400
2018-04-10,2.359999895095825,2.4800000190734863,2.359999895095825,2.4800000190734863,2.4800000190734863,21100
2018-04-11,2.4800000190734863,2.4800000190734863,2.4200000762939453,2.430000066757202,2.430000066757202,9400
2018-04-12,2.430000066757202,2.4700000286102295,2.369999885559082,2.4200000762939453,2.4200000762939453,8600
2018-04-13,2.4200000762939453,2.430000066757202,2.380000114440918,2.380000114440918,2.380000114440918,8600
2018-04-16,2.4100000858306885,2.440000057220459,2.3299999237060547,2.440000057220459,2.440000057220459,51800
2018-04-17,2.450000047683716,2.4600000381469727,2.430000066757202,2.4600000381469727,2.4600000381469727,16700
2018-04-18,2.4700000286102295,2.6600000858306885,2.4200000762939453,2.6600000858306885,2.6600000858306885,100200
2018-04-19,2.630000114440918,2.640000104904175,2.5399999618530273,2.549999952316284,2.549999952316284,17100
2018-04-20,2.559999942779541,2.680000066757202,2.5399999618530273,2.6500000953674316,2.6500000953674316,36400
2018-04-23,2.6700000762939453,2.680000066757202,2.630000114440918,2.640000104904175,2.640000104904175,14000
2018-04-24,2.6600000858306885,2.75,2.640000104904175,2.700000047683716,2.700000047683716,64200
2018-04-25,2.700000047683716,2.8499999046325684,2.700000047683716,2.759999990463257,2.759999990463257,83900
2018-04-26,2.7300000190734863,2.740000009536743,2.619999885559082,2.630000114440918,2.630000114440918,46700
2018-04-27,2.630000114440918,2.8299999237060547,2.630000114440918,2.8299999237060547,2.8299999237060547,38500
2018-04-30,2.8399999141693115,2.880000114440918,2.809999942779541,2.8499999046325684,2.8499999046325684,23700
2018-05-01,2.869999885559082,2.990000009536743,2.869999885559082,2.9000000953674316,2.9000000953674316,75800
2018-05-02,2.9000000953674316,2.9800000190734863,2.859999895095825,2.950000047683716,2.950000047683716,25200
2018-05-03,2.9600000381469727,2.9600000381469727,2.759999990463257,2.7899999618530273,2.7899999618530273,61700
2018-05-04,2.7699999809265137,2.8399999141693115,2.7699999809265137,2.8399999141693115,2.8399999141693115,33300
2018-05-07,2.799999952316284,2.859999895095825,2.799999952316284,2.799999952316284,2.799999952316284,12300
2018-05-08,2.799999952316284,2.8399999141693115,2.700000047683716,2.700000047683716,2.700000047683716,41200
2018-05-09,2.7200000286102295,2.890000104904175,2.7200000286102295,2.869999885559082,2.869999885559082,26700
2018-05-10,2.890000104904175,2.890000104904175,2.7799999713897705,2.819999933242798,2.819999933242798,33600
2018-05-11,2.809999942779541,2.8399999141693115,2.7100000381469727,2.7100000381469727,2.7100000381469727,32900
2018-05-14,2.7100000381469727,2.8499999046325684,2.7100000381469727,2.819999933242798,2.819999933242798,40400
2018-05-15,2.7100000381469727,2.8299999237060547,2.7100000381469727,2.799999952316284,2.799999952316284,44000
2018-05-16,2.8299999237060547,2.8299999237060547,2.7699999809265137,2.809999942779541,2.809999942779541,30600
2018-05-17,2.7699999809265137,2.859999895095825,2.7699999809265137,2.799999952316284,2.799999952316284,27200
2018-05-18,2.8299999237060547,2.8299999237060547,2.7300000190734863,2.799999952316284,2.799999952316284,28700
2018-05-21,2.799999952316284,2.8299999237060547,2.7699999809265137,2.799999952316284,2.799999952316284,20800
2018-05-22,2.799999952316284,2.799999952316284,2.7300000190734863,2.7300000190734863,2.7300000190734863,14300
2018-05-23,2.7200000286102295,2.7899999618530273,2.7100000381469727,2.759999990463257,2.759999990463257,5000
2018-05-24,2.75,2.799999952316284,2.680000066757202,2.680000066757202,2.680000066757202,46600
2018-05-25,2.680000066757202,2.7300000190734863,2.680000066757202,2.700000047683716,2.700000047683716,21600
2018-05-29,2.700000047683716,2.7100000381469727,2.630000114440918,2.6600000858306885,2.6600000858306885,44700
2018-05-30,2.619999885559082,2.6500000953674316,2.5999999046325684,2.630000114440918,2.630000114440918,37400
2018-05-31,2.5999999046325684,2.6500000953674316,2.509999990463257,2.569999933242798,2.569999933242798,53800
2018-06-01,2.569999933242798,2.619999885559082,2.5299999713897705,2.5299999713897705,2.5299999713897705,32500
2018-06-04,2.5,2.509999990463257,2.25,2.3299999237060547,2.3299999237060547,479000
2018-06-05,2.4000000953674316,2.440000057220459,2.2899999618530273,2.309999942779541,2.309999942779541,295000
2018-06-06,2.309999942779541,2.4100000858306885,2.2799999713897705,2.359999895095825,2.359999895095825,134600
2018-06-07,2.3499999046325684,2.4000000953674316,2.25,2.3299999237060547,2.3299999237060547,88800
2018-06-08,2.309999942779541,2.319999933242798,2.2799999713897705,2.319999933242798,2.319999933242798,62100
2018-06-11,2.319999933242798,2.3499999046325684,2.2899999618530273,2.3399999141693115,2.3399999141693115,42500
2018-06-12,2.3499999046325684,2.4100000858306885,2.3399999141693115,2.380000114440918,2.380000114440918,81500
2018-06-13,2.4100000858306885,2.5999999046325684,2.4100000858306885,2.559999942779541,2.559999942779541,136600
2018-06-14,2.5799999237060547,2.5799999237060547,2.4600000381469727,2.490000009536743,2.490000009536743,36600
2018-06-15,2.4700000286102295,2.4800000190734863,2.4200000762939453,2.4600000381469727,2.4600000381469727,69400
2018-06-18,2.450000047683716,2.490000009536743,2.4200000762939453,2.440000057220459,2.440000057220459,36100
2018-06-19,2.430000066757202,2.5299999713897705,2.4100000858306885,2.490000009536743,2.490000009536743,88600
2018-06-20,2.640000104904175,2.6500000953674316,2.5,2.5399999618530273,2.5399999618530273,205600
2018-06-21,2.5999999046325684,2.7699999809265137,2.5999999046325684,2.680000066757202,2.680000066757202,224500
2018-06-22,2.700000047683716,2.8399999141693115,2.700000047683716,2.759999990463257,2.759999990463257,125000
2018-06-25,2.869999885559082,2.869999885559082,2.6700000762939453,2.740000009536743,2.740000009536743,106900
2018-06-26,2.690000057220459,2.7699999809265137,2.680000066757202,2.7100000381469727,2.7100000381469727,60700
2018-06-27,2.609999895095825,2.7200000286102295,2.5999999046325684,2.640000104904175,2.640000104904175,58500
2018-06-28,2.5799999237060547,2.630000114440918,2.549999952316284,2.5799999237060547,2.5799999237060547,56700
2018-06-29,2.5199999809265137,2.5999999046325684,2.5199999809265137,2.549999952316284,2.549999952316284,44700
2018-07-02,2.5,2.569999933242798,2.4700000286102295,2.4700000286102295,2.4700000286102295,82900
2018-07-03,2.4600000381469727,2.5299999713897705,2.4600000381469727,2.4800000190734863,2.4800000190734863,22400
2018-07-05,2.430000066757202,2.5799999237060547,2.4200000762939453,2.5199999809265137,2.5199999809265137,85600
2018-07-06,2.5399999618530273,2.569999933242798,2.5,2.509999990463257,2.509999990463257,18500
2018-07-09,2.5199999809265137,2.5799999237060547,2.5199999809265137,2.549999952316284,2.549999952316284,23600
2018-07-10,2.559999942779541,2.5799999237060547,2.5299999713897705,2.549999952316284,2.549999952316284,11400
2018-07-11,2.559999942779541,2.559999942779541,2.4800000190734863,2.490000009536743,2.490000009536743,28800
2018-07-12,2.549999952316284,2.549999952316284,2.5,2.5199999809265137,2.5199999809265137,21900
2018-07-13,2.5399999618530273,2.549999952316284,2.5,2.5,2.5,12700
2018-07-16,2.5299999713897705,2.5299999713897705,2.5,2.5,2.5,10000
2018-07-17,2.5199999809265137,2.559999942779541,2.490000009536743,2.490000009536743,2.490000009536743,39900
2018-07-18,2.5199999809265137,2.5199999809265137,2.430000066757202,2.440000057220459,2.440000057220459,48000
2018-07-19,2.440000057220459,2.4700000286102295,2.4100000858306885,2.4700000286102295,2.4700000286102295,32800
2018-07-20,2.4700000286102295,2.509999990463257,2.450000047683716,2.4800000190734863,2.4800000190734863,11800
2018-07-23,2.450000047683716,2.5399999618530273,2.4100000858306885,2.440000057220459,2.440000057220459,34600
2018-07-24,2.440000057220459,2.5399999618530273,2.4100000858306885,2.4600000381469727,2.4600000381469727,52400
2018-07-25,2.4600000381469727,2.4800000190734863,2.4200000762939453,2.450000047683716,2.450000047683716,9400
2018-07-26,2.440000057220459,2.440000057220459,2.3499999046325684,2.359999895095825,2.359999895095825,71600
2018-07-27,2.359999895095825,2.390000104904175,2.319999933242798,2.3399999141693115,2.3399999141693115,19900
2018-07-30,2.319999933242798,2.3499999046325684,2.299999952316284,2.319999933242798,2.319999933242798,40800
2018-07-31,2.299999952316284,2.440000057220459,2.299999952316284,2.4100000858306885,2.4100000858306885,51500
2018-08-01,2.4200000762939453,2.490000009536743,2.4000000953674316,2.450000047683716,2.450000047683716,27900
2018-08-02,2.450000047683716,2.4800000190734863,2.390000104904175,2.450000047683716,2.450000047683716,22100
2018-08-03,2.450000047683716,2.4800000190734863,2.450000047683716,2.4600000381469727,2.4600000381469727,9100
2018-08-06,2.4700000286102295,2.4700000286102295,2.4000000953674316,2.440000057220459,2.440000057220459,41700
2018-08-07,2.430000066757202,2.4800000190734863,2.4100000858306885,2.450000047683716,2.450000047683716,26800
2018-08-08,2.4600000381469727,2.490000009536743,2.450000047683716,2.450000047683716,2.450000047683716,5600
2018-08-09,2.430000066757202,2.490000009536743,2.4200000762939453,2.4200000762939453,2.4200000762939453,19900
2018-08-10,2.4100000858306885,2.4600000381469727,2.390000104904175,2.4200000762939453,2.4200000762939453,32600
2018-08-13,2.4000000953674316,2.4000000953674316,2.3299999237060547,2.380000114440918,2.380000114440918,117100
2018-08-14,2.3399999141693115,2.430000066757202,2.3399999141693115,2.3399999141693115,2.3399999141693115,63800
2018-08-15,2.319999933242798,2.3499999046325684,2.259999990463257,2.2699999809265137,2.2699999809265137,99800
2018-08-16,2.2699999809265137,2.3299999237060547,2.2699999809265137,2.2899999618530273,2.2899999618530273,8800
2018-08-17,2.299999952316284,2.299999952316284,2.2200000286102295,2.299999952316284,2.299999952316284,41300
2018-08-20,2.2899999618530273,2.2899999618530273,2.25,2.259999990463257,2.259999990463257,39800
2018-08-21,2.259999990463257,2.2899999618530273,2.259999990463257,2.2899999618530273,2.2899999618530273,18000
2018-08-22,2.2699999809265137,2.2899999618530273,2.2699999809265137,2.2799999713897705,2.2799999713897705,9000
2018-08-23,2.2899999618530273,2.359999895095825,2.2799999713897705,2.299999952316284,2.299999952316284,15600
2018-08-24,2.299999952316284,2.319999933242798,2.2799999713897705,2.2899999618530273,2.2899999618530273,11700
2018-08-27,2.2899999618530273,2.359999895095825,2.2799999713897705,2.319999933242798,2.319999933242798,14700
2018-08-28,2.3499999046325684,2.3499999046325684,2.309999942779541,2.319999933242798,2.319999933242798,14800
2018-08-29,2.299999952316284,2.3499999046325684,2.299999952316284,2.319999933242798,2.319999933242798,4700
2018-08-30,2.3299999237060547,2.3399999141693115,2.309999942779541,2.309999942779541,2.309999942779541,14200
2018-08-31,2.3399999141693115,2.3499999046325684,2.309999942779541,2.3399999141693115,2.3399999141693115,15900
2018-09-04,2.3299999237060547,2.440000057220459,2.3299999237060547,2.4000000953674316,2.4000000953674316,34800
2018-09-05,2.4200000762939453,2.4200000762939453,2.3499999046325684,2.4000000953674316,2.4000000953674316,22000
2018-09-06,2.3499999046325684,2.4000000953674316,2.2899999618530273,2.319999933242798,2.319999933242798,49700
2018-09-07,2.299999952316284,2.299999952316284,2.25,2.2899999618530273,2.2899999618530273,65000
2018-09-10,2.2899999618530273,2.2899999618530273,2.2200000286102295,2.2300000190734863,2.2300000190734863,30300
2018-09-11,2.2200000286102295,2.299999952316284,2.200000047683716,2.259999990463257,2.259999990463257,32300
2018-09-12,2.2899999618530273,2.2899999618530273,2.2100000381469727,2.259999990463257,2.259999990463257,45700
2018-09-13,2.25,2.2799999713897705,2.2200000286102295,2.25,2.25,25200
2018-09-14,2.259999990463257,2.259999990463257,2.180000066757202,2.2100000381469727,2.2100000381469727,37300
2018-09-17,2.2200000286102295,2.259999990463257,2.190000057220459,2.2200000286102295,2.2200000286102295,32000
2018-09-18,2.200000047683716,2.25,2.180000066757202,2.180000066757202,2.180000066757202,21400
2018-09-19,2.180000066757202,2.200000047683716,2.1700000762939453,2.180000066757202,2.180000066757202,12600
2018-09-20,2.1600000858306885,2.190000057220459,2.1600000858306885,2.1700000762939453,2.1700000762939453,18600
2018-09-21,2.1700000762939453,2.190000057220459,2.1700000762939453,2.180000066757202,2.180000066757202,7900
2018-09-24,2.190000057220459,2.190000057220459,2.180000066757202,2.180000066757202,2.180000066757202,4800
2018-09-25,2.180000066757202,2.190000057220459,2.130000114440918,2.1500000953674316,2.1500000953674316,36300
2018-09-26,2.140000104904175,2.1600000858306885,2.119999885559082,2.1600000858306885,2.1600000858306885,15500
2018-09-27,2.140000104904175,2.1500000953674316,2.109999895095825,2.130000114440918,2.130000114440918,20600
2018-09-28,2.109999895095825,2.109999895095825,2.0,2.0199999809265137,2.0199999809265137,128600
2018-10-01,2.0199999809265137,2.0799999237060547,2.0,2.0,2.0,25100
2018-10-02,2.0299999713897705,2.059999942779541,2.009999990463257,2.009999990463257,2.009999990463257,26700
2018-10-03,2.0199999809265137,2.0299999713897705,2.0,2.009999990463257,2.009999990463257,78400
2018-10-04,2.0,2.049999952316284,2.0,2.049999952316284,2.049999952316284,9900
2018-10-05,2.0299999713897705,2.0299999713897705,2.0,2.0,2.0,15000
2018-10-08,2.0199999809265137,2.0299999713897705,2.0,2.0199999809265137,2.0199999809265137,40200
2018-10-09,2.0,2.009999990463257,1.9500000476837158,2.009999990463257,2.009999990463257,42800
2018-10-10,2.009999990463257,2.0199999809265137,1.9800000190734863,2.0199999809265137,2.0199999809265137,20700
2018-10-11,2.0299999713897705,2.0299999713897705,1.9600000381469727,2.0,2.0,68400
2018-10-12,1.9900000095367432,2.0299999713897705,1.9900000095367432,2.0,2.0,17800
2018-10-15,1.9500000476837158,2.119999885559082,1.9500000476837158,2.009999990463257,2.009999990463257,22100
2018-10-16,2.0199999809265137,2.069999933242798,2.0199999809265137,2.0299999713897705,2.0299999713897705,29300
2018-10-17,2.009999990463257,2.059999942779541,1.9600000381469727,2.009999990463257,2.009999990463257,49300
2018-10-18,1.9900000095367432,2.0399999618530273,1.9900000095367432,2.0,2.0,2600
2018-10-19,1.9900000095367432,2.0299999713897705,1.9800000190734863,2.0,2.0,26700
2018-10-22,1.9900000095367432,2.049999952316284,1.9900000095367432,2.0,2.0,33600
2018-10-23,1.9700000286102295,1.9900000095367432,1.9199999570846558,1.9199999570846558,1.9199999570846558,10500
2018-10-24,1.909999966621399,1.9299999475479126,1.809999942779541,1.8200000524520874,1.8200000524520874,54600
2018-10-25,1.809999942779541,1.840000033378601,1.7200000286102295,1.7300000190734863,1.7300000190734863,65000
2018-10-26,1.7100000381469727,1.7699999809265137,1.7000000476837158,1.7000000476837158,1.7000000476837158,32700
2018-10-29,1.7100000381469727,1.7300000190734863,1.5499999523162842,1.5800000429153442,1.5800000429153442,35100
2018-10-30,1.5099999904632568,1.5399999618530273,1.309999942779541,1.5199999809265137,1.5199999809265137,304500
2018-10-31,1.4299999475479126,1.7000000476837158,1.4299999475479126,1.649999976158142,1.649999976158142,124600
2018-11-01,1.6799999475479126,1.940000057220459,1.6699999570846558,1.75,1.75,297400
2018-11-02,1.75,1.7599999904632568,1.6200000047683716,1.649999976158142,1.649999976158142,37600
2018-11-05,1.7100000381469727,1.9700000286102295,1.649999976158142,1.7000000476837158,1.7000000476837158,112800
2018-11-06,1.7100000381469727,1.7699999809265137,1.600000023841858,1.6699999570846558,1.6699999570846558,23000
2018-11-07,1.6799999475479126,1.75,1.6200000047683716,1.7000000476837158,1.7000000476837158,16000
2018-11-08,1.7000000476837158,1.7100000381469727,1.5299999713897705,1.590000033378601,1.590000033378601,43600
2018-11-09,1.590000033378601,1.6399999856948853,1.5499999523162842,1.6299999952316284,1.6299999952316284,12500
2018-11-12,1.6399999856948853,1.7400000095367432,1.5800000429153442,1.6299999952316284,1.6299999952316284,26400
2018-11-13,1.5700000524520874,1.649999976158142,1.5700000524520874,1.6200000047683716,1.6200000047683716,45800
2018-11-14,1.6200000047683716,1.649999976158142,1.5800000429153442,1.649999976158142,1.649999976158142,11300
2018-11-15,1.600000023841858,1.6699999570846558,1.600000023841858,1.659999966621399,1.659999966621399,7300
2018-11-16,1.6399999856948853,1.7000000476837158,1.5499999523162842,1.6699999570846558,1.6699999570846558,18400
2018-11-19,1.600000023841858,1.649999976158142,1.600000023841858,1.6200000047683716,1.6200000047683716,11000
2018-11-20,1.6200000047683716,1.6299999952316284,1.4600000381469727,1.5199999809265137,1.5199999809265137,43800
2018-11-21,1.5299999713897705,1.590000033378601,1.5199999809265137,1.5199999809265137,1.5199999809265137,8700
2018-11-23,1.5099999904632568,1.559999942779541,1.4700000286102295,1.5,1.5,5200
2018-11-26,1.5399999618530273,1.559999942779541,1.5,1.559999942779541,1.559999942779541,7600
2018-11-27,1.559999942779541,1.7000000476837158,1.5,1.7000000476837158,1.7000000476837158,106200
2018-11-28,1.7000000476837158,1.7799999713897705,1.659999966621399,1.7400000095367432,1.7400000095367432,117600
2018-11-29,1.7300000190734863,1.7400000095367432,1.6699999570846558,1.7000000476837158,1.7000000476837158,12300
2018-11-30,1.7200000286102295,1.7200000286102295,1.659999966621399,1.7000000476837158,1.7000000476837158,2300
2018-12-03,1.7000000476837158,1.7699999809265137,1.6399999856948853,1.659999966621399,1.659999966621399,70200
2018-12-04,1.6100000143051147,1.6699999570846558,1.350000023841858,1.399999976158142,1.399999976158142,157100
2018-12-06,1.4500000476837158,1.559999942779541,1.399999976158142,1.5299999713897705,1.5299999713897705,47500
2018-12-07,1.5399999618530273,1.5800000429153442,1.4900000095367432,1.5800000429153442,1.5800000429153442,1700
2018-12-10,1.5800000429153442,1.5800000429153442,1.4600000381469727,1.5099999904632568,1.5099999904632568,23600
2018-12-11,1.5099999904632568,1.5199999809265137,1.5,1.5099999904632568,1.5099999904632568,22600
2018-12-12,1.5399999618530273,1.5399999618530273,1.4299999475479126,1.4600000381469727,1.4600000381469727,13600
2018-12-13,1.4900000095367432,1.4900000095367432,1.4299999475479126,1.4700000286102295,1.4700000286102295,4000
2018-12-14,1.4600000381469727,1.4600000381469727,1.3300000429153442,1.4199999570846558,1.4199999570846558,98100
2018-12-17,1.399999976158142,1.4199999570846558,1.340000033378601,1.340000033378601,1.340000033378601,56000
2018-12-18,1.340000033378601,1.409999966621399,1.3200000524520874,1.350000023841858,1.350000023841858,9100
2018-12-19,1.3300000429153442,1.4199999570846558,1.3300000429153442,1.3799999952316284,1.3799999952316284,54000
2018-12-20,1.3799999952316284,1.3899999856948853,1.3200000524520874,1.3300000429153442,1.3300000429153442,22800
2018-12-21,1.3700000047683716,1.3700000047683716,1.309999942779541,1.309999942779541,1.309999942779541,83400
2018-12-24,1.2899999618530273,1.2899999618530273,1.2200000286102295,1.2200000286102295,1.2200000286102295,26500
2018-12-26,1.2200000286102295,1.2300000190734863,1.1699999570846558,1.2100000381469727,1.2100000381469727,41400
2018-12-27,1.1699999570846558,1.2000000476837158,1.149999976158142,1.1699999570846558,1.1699999570846558,46600
2018-12-28,1.1699999570846558,1.2000000476837158,1.149999976158142,1.159999966621399,1.159999966621399,104900
2018-12-31,1.159999966621399,1.25,1.159999966621399,1.190000057220459,1.190000057220459,116100
2019-01-02,1.1799999475479126,1.25,1.159999966621399,1.25,1.25,21700
2019-01-03,1.25,1.25,1.2100000381469727,1.25,1.25,3100
2019-01-04,1.25,1.340000033378601,1.2300000190734863,1.3300000429153442,1.3300000429153442,36700
2019-01-07,1.3700000047683716,1.3700000047683716,1.2999999523162842,1.3600000143051147,1.3600000143051147,15600
2019-01-08,1.350000023841858,1.3700000047683716,1.3300000429153442,1.3600000143051147,1.3600000143051147,8400
2019-01-09,1.3600000143051147,1.3799999952316284,1.350000023841858,1.350000023841858,1.350000023841858,8800
2019-01-10,1.3600000143051147,1.4800000190734863,1.3600000143051147,1.4600000381469727,1.4600000381469727,59800
2019-01-11,1.4600000381469727,1.4900000095367432,1.409999966621399,1.4600000381469727,1.4600000381469727,24400
2019-01-14,1.4500000476837158,1.649999976158142,1.440000057220459,1.559999942779541,1.559999942779541,104600
2019-01-15,1.559999942779541,1.690000057220459,1.559999942779541,1.6699999570846558,1.6699999570846558,102100
2019-01-16,1.6699999570846558,1.7400000095367432,1.5499999523162842,1.6200000047683716,1.6200000047683716,18200
2019-01-17,1.5800000429153442,1.6299999952316284,1.5700000524520874,1.590000033378601,1.590000033378601,18400
2019-01-18,1.600000023841858,1.6200000047683716,1.5499999523162842,1.5499999523162842,1.5499999523162842,27200
2019-01-22,1.5499999523162842,1.590000033378601,1.4900000095367432,1.5199999809265137,1.5199999809265137,20100
2019-01-23,1.5299999713897705,1.559999942779541,1.4800000190734863,1.5,1.5,23600
2019-01-24,1.5299999713897705,1.7200000286102295,1.5,1.7200000286102295,1.7200000286102295,79700
2019-01-25,1.7200000286102295,1.7899999618530273,1.6299999952316284,1.75,1.75,57500
2019-01-28,1.75,1.7899999618530273,1.6699999570846558,1.7200000286102295,1.7200000286102295,54000
2019-01-29,1.7100000381469727,1.7599999904632568,1.6399999856948853,1.7400000095367432,1.7400000095367432,19900
2019-01-30,1.7400000095367432,1.7400000095367432,1.590000033378601,1.7000000476837158,1.7000000476837158,28700
2019-01-31,1.659999966621399,1.7699999809265137,1.649999976158142,1.7699999809265137,1.7699999809265137,30900
2019-02-01,1.7400000095367432,1.7799999713897705,1.7300000190734863,1.7699999809265137,1.7699999809265137,15800
2019-02-04,1.7899999618530273,1.809999942779541,1.7400000095367432,1.809999942779541,1.809999942779541,22000
2019-02-05,1.809999942779541,1.809999942779541,1.6699999570846558,1.7000000476837158,1.7000000476837158,31400
2019-02-06,1.7100000381469727,1.7799999713897705,1.7000000476837158,1.7699999809265137,1.7699999809265137,28900
2019-02-07,1.7699999809265137,1.7999999523162842,1.6799999475479126,1.7400000095367432,1.7400000095367432,17200
2019-02-08,1.7200000286102295,1.7400000095367432,1.659999966621399,1.6799999475479126,1.6799999475479126,21800
2019-02-11,1.659999966621399,1.659999966621399,1.600000023841858,1.659999966621399,1.659999966621399,71900
2019-02-12,1.6699999570846558,1.7300000190734863,1.659999966621399,1.7000000476837158,1.7000000476837158,7300
2019-02-13,1.7400000095367432,1.7400000095367432,1.6100000143051147,1.649999976158142,1.649999976158142,30900
2019-02-14,1.6399999856948853,1.7200000286102295,1.6399999856948853,1.6799999475479126,1.6799999475479126,12000
2019-02-15,1.6799999475479126,1.7699999809265137,1.6699999570846558,1.7000000476837158,1.7000000476837158,41700
2019-02-19,1.7100000381469727,1.7100000381469727,1.659999966621399,1.7100000381469727,1.7100000381469727,21500
2019-02-20,1.7000000476837158,1.8300000429153442,1.690000057220459,1.7999999523162842,1.7999999523162842,52200
2019-02-21,1.7799999713897705,1.8200000524520874,1.75,1.7799999713897705,1.7799999713897705,22200
2019-02-22,1.7999999523162842,1.9700000286102295,1.7999999523162842,1.940000057220459,1.940000057220459,134300
2019-02-25,1.9600000381469727,2.0799999237060547,1.9500000476837158,2.0799999237060547,2.0799999237060547,144900
2019-02-26,2.0799999237060547,2.0999999046325684,1.9600000381469727,2.0,2.0,52600
2019-02-27,1.9900000095367432,2.049999952316284,1.9600000381469727,2.0399999618530273,2.0399999618530273,30500
2019-02-28,2.109999895095825,2.109999895095825,2.009999990463257,2.0299999713897705,2.0299999713897705,50300
2019-03-01,2.0299999713897705,2.0399999618530273,1.899999976158142,1.9199999570846558,1.9199999570846558,44900
2019-03-04,1.940000057220459,2.0299999713897705,1.9299999475479126,1.9800000190734863,1.9800000190734863,23800
2019-03-05,1.9900000095367432,2.0799999237060547,1.9800000190734863,2.009999990463257,2.009999990463257,37300
2019-03-06,2.0199999809265137,2.0199999809265137,1.8300000429153442,1.8600000143051147,1.8600000143051147,82500
2019-03-07,1.8600000143051147,1.8899999856948853,1.75,1.7899999618530273,1.7899999618530273,44300
2019-03-08,1.75,1.8799999952316284,1.75,1.840000033378601,1.840000033378601,17200
2019-03-11,1.840000033378601,1.8600000143051147,1.7799999713897705,1.7999999523162842,1.7999999523162842,18500
2019-03-12,1.8300000429153442,1.899999976158142,1.7300000190734863,1.7300000190734863,1.7300000190734863,16000
2019-03-13,1.7300000190734863,1.840000033378601,1.7100000381469727,1.7799999713897705,1.7799999713897705,39800
2019-03-14,1.7799999713897705,1.8700000047683716,1.7799999713897705,1.8300000429153442,1.8300000429153442,10700
2019-03-15,1.8600000143051147,1.8700000047683716,1.8200000524520874,1.840000033378601,1.840000033378601,6000
2019-03-18,1.840000033378601,1.850000023841858,1.7999999523162842,1.7999999523162842,1.7999999523162842,13000
2019-03-19,1.7999999523162842,1.809999942779541,1.7100000381469727,1.7699999809265137,1.7699999809265137,18100
2019-03-20,1.7799999713897705,1.7999999523162842,1.75,1.7799999713897705,1.7799999713897705,6100
2019-03-21,1.7999999523162842,1.7999999523162842,1.7100000381469727,1.7100000381469727,1.7100000381469727,22100
2019-03-22,1.7100000381469727,1.7400000095367432,1.6100000143051147,1.7000000476837158,1.7000000476837158,31800
2019-03-25,1.7000000476837158,1.7000000476837158,1.649999976158142,1.6799999475479126,1.6799999475479126,7400
2019-03-26,1.659999966621399,1.7100000381469727,1.6399999856948853,1.649999976158142,1.649999976158142,23300
2019-03-27,1.659999966621399,1.7000000476837158,1.5800000429153442,1.6799999475479126,1.6799999475479126,17400
2019-03-28,1.6699999570846558,1.7000000476837158,1.6299999952316284,1.6699999570846558,1.6699999570846558,8100
2019-03-29,1.690000057220459,1.7000000476837158,1.6200000047683716,1.690000057220459,1.690000057220459,17000
2019-04-01,1.7300000190734863,1.75,1.7000000476837158,1.7400000095367432,1.7400000095367432,38000
2019-04-02,1.75,1.75,1.6799999475479126,1.7100000381469727,1.7100000381469727,23700
2019-04-03,1.7000000476837158,1.7200000286102295,1.6200000047683716,1.6799999475479126,1.6799999475479126,19400
2019-04-04,1.6299999952316284,1.7100000381469727,1.6100000143051147,1.6100000143051147,1.6100000143051147,44300
2019-04-05,1.6699999570846558,1.7100000381469727,1.6299999952316284,1.6799999475479126,1.6799999475479126,23700
2019-04-08,1.75,1.75,1.649999976158142,1.649999976158142,1.649999976158142,48000
2019-04-09,1.7000000476837158,1.7300000190734863,1.6299999952316284,1.6799999475479126,1.6799999475479126,44300
2019-04-10,1.6799999475479126,1.7000000476837158,1.6799999475479126,1.690000057220459,1.690000057220459,6100
2019-04-11,1.7000000476837158,1.7000000476837158,1.6299999952316284,1.6699999570846558,1.6699999570846558,17400
2019-04-12,1.6799999475479126,1.6799999475479126,1.6399999856948853,1.6399999856948853,1.6399999856948853,16200
2019-04-15,1.6299999952316284,1.6799999475479126,1.6200000047683716,1.6200000047683716,1.6200000047683716,12100
2019-04-16,1.659999966621399,1.6799999475479126,1.6200000047683716,1.6399999856948853,1.6399999856948853,8100
2019-04-17,1.6299999952316284,1.6799999475479126,1.6299999952316284,1.6299999952316284,1.6299999952316284,4600
2019-04-18,1.6299999952316284,1.6799999475479126,1.6299999952316284,1.6699999570846558,1.6699999570846558,7300
2019-04-22,1.6399999856948853,1.649999976158142,1.600000023841858,1.600000023841858,1.600000023841858,29000
2019-04-23,1.600000023841858,1.6399999856948853,1.600000023841858,1.6200000047683716,1.6200000047683716,13000
2019-04-24,1.600000023841858,1.6299999952316284,1.590000033378601,1.600000023841858,1.600000023841858,35400
2019-04-25,1.5800000429153442,1.6399999856948853,1.5800000429153442,1.6299999952316284,1.6299999952316284,11600
2019-04-26,1.6200000047683716,1.6200000047683716,1.5499999523162842,1.5499999523162842,1.5499999523162842,27900
2019-04-29,1.5700000524520874,1.5700000524520874,1.4600000381469727,1.4900000095367432,1.4900000095367432,35600
2019-04-30,1.6699999570846558,1.690000057220459,1.5800000429153442,1.600000023841858,1.600000023841858,41900
2019-05-01,1.600000023841858,1.600000023841858,1.5399999618530273,1.5399999618530273,1.5399999618530273,16100
2019-05-02,1.5299999713897705,1.5299999713897705,1.4600000381469727,1.4600000381469727,1.4600000381469727,13400
2019-05-03,1.4600000381469727,1.5199999809265137,1.4600000381469727,1.5,1.5,24600
2019-05-06,1.4500000476837158,1.5,1.4500000476837158,1.4800000190734863,1.4800000190734863,26400
2019-05-07,1.4900000095367432,1.5,1.4600000381469727,1.4600000381469727,1.4600000381469727,12700
2019-05-08,1.4600000381469727,1.5,1.4600000381469727,1.4900000095367432,1.4900000095367432,16700
2019-05-09,1.4800000190734863,1.5199999809265137,1.4500000476837158,1.4600000381469727,1.4600000381469727,15800
2019-05-10,1.4800000190734863,1.4800000190734863,1.4500000476837158,1.4800000190734863,1.4800000190734863,17400
2019-05-13,1.4600000381469727,1.4700000286102295,1.4500000476837158,1.4600000381469727,1.4600000381469727,19000
2019-05-14,1.4700000286102295,1.4800000190734863,1.4500000476837158,1.4800000190734863,1.4800000190734863,7300
2019-05-15,1.5,1.5099999904632568,1.4900000095367432,1.4900000095367432,1.4900000095367432,6800
2019-05-16,1.4500000476837158,1.5099999904632568,1.4500000476837158,1.4500000476837158,1.4500000476837158,17400
2019-05-17,1.4500000476837158,1.4700000286102295,1.4500000476837158,1.4600000381469727,1.4600000381469727,11700
2019-05-20,1.4600000381469727,1.4700000286102295,1.4500000476837158,1.4500000476837158,1.4500000476837158,48900
2019-05-21,1.4500000476837158,1.4800000190734863,1.399999976158142,1.4700000286102295,1.4700000286102295,46300
2019-05-22,1.4700000286102295,1.4700000286102295,1.399999976158142,1.4199999570846558,1.4199999570846558,31200
2019-05-23,1.409999966621399,1.4299999475479126,1.3899999856948853,1.399999976158142,1.399999976158142,13500
2019-05-24,1.399999976158142,1.4299999475479126,1.350000023841858,1.350000023841858,1.350000023841858,23600
2019-05-28,1.340000033378601,1.3600000143051147,1.2799999713897705,1.2799999713897705,1.2799999713897705,46000
2019-05-29,1.2899999618530273,1.2899999618530273,1.25,1.2699999809265137,1.2699999809265137,37600
2019-05-30,1.25,1.2999999523162842,1.25,1.2699999809265137,1.2699999809265137,35300
2019-05-31,1.2599999904632568,1.2699999809265137,1.2599999904632568,1.2599999904632568,1.2599999904632568,1600
2019-06-03,1.2599999904632568,1.2999999523162842,1.2599999904632568,1.2799999713897705,1.2799999713897705,2900
2019-06-04,1.2799999713897705,1.3200000524520874,1.2799999713897705,1.3200000524520874,1.3200000524520874,11800
2019-06-05,1.2999999523162842,1.3799999952316284,1.2999999523162842,1.309999942779541,1.309999942779541,19700
2019-06-06,1.309999942779541,1.309999942779541,1.2899999618530273,1.309999942779541,1.309999942779541,6900
2019-06-07,1.2799999713897705,1.2899999618530273,1.2699999809265137,1.2699999809265137,1.2699999809265137,17300
2019-06-10,1.2699999809265137,1.2899999618530273,1.2699999809265137,1.2699999809265137,1.2699999809265137,17200
2019-06-11,1.2999999523162842,1.3300000429153442,1.2999999523162842,1.309999942779541,1.309999942779541,3200
2019-06-12,1.2999999523162842,1.2999999523162842,1.25,1.2599999904632568,1.2599999904632568,17500
2019-06-13,1.2599999904632568,1.2699999809265137,1.2599999904632568,1.2699999809265137,1.2699999809265137,11400
2019-06-14,1.2799999713897705,1.3200000524520874,1.2799999713897705,1.2999999523162842,1.2999999523162842,6600
2019-06-17,1.2899999618530273,1.2899999618530273,1.2899999618530273,1.2899999618530273,1.2899999618530273,500
2019-06-18,1.2999999523162842,1.340000033378601,1.2799999713897705,1.2899999618530273,1.2899999618530273,20200
2019-06-19,1.309999942779541,1.309999942779541,1.2699999809265137,1.2799999713897705,1.2799999713897705,10100
2019-06-20,1.2699999809265137,1.3200000524520874,1.2599999904632568,1.2699999809265137,1.2699999809265137,6900
2019-06-21,1.2599999904632568,1.2899999618530273,1.25,1.2599999904632568,1.2599999904632568,1400
2019-06-24,1.2599999904632568,1.2999999523162842,1.2599999904632568,1.2799999713897705,1.2799999713897705,11500
2019-06-25,1.2699999809265137,1.2799999713897705,1.2699999809265137,1.2699999809265137,1.2699999809265137,3800
2019-06-26,1.2699999809265137,1.399999976158142,1.2699999809265137,1.3899999856948853,1.3899999856948853,43500
2019-06-27,1.399999976158142,1.399999976158142,1.25,1.2699999809265137,1.2699999809265137,60200
2019-06-28,1.2699999809265137,1.2899999618530273,1.2599999904632568,1.2799999713897705,1.2799999713897705,8400
2019-07-01,1.2699999809265137,1.2699999809265137,1.2599999904632568,1.2599999904632568,1.2599999904632568,6900
2019-07-02,1.2699999809265137,1.2999999523162842,1.2699999809265137,1.2699999809265137,1.2699999809265137,13700
2019-07-03,1.2799999713897705,1.2999999523162842,1.2699999809265137,1.2999999523162842,1.2999999523162842,23000
2019-07-05,1.2999999523162842,1.2999999523162842,1.2899999618530273,1.2899999618530273,1.2899999618530273,2500
2019-07-08,1.309999942779541,1.409999966621399,1.25,1.409999966621399,1.409999966621399,118400
2019-07-09,1.3700000047683716,1.3899999856948853,1.3300000429153442,1.3300000429153442,1.3300000429153442,13800
2019-07-10,1.3200000524520874,1.3200000524520874,1.2200000286102295,1.2400000095367432,1.2400000095367432,72100
2019-07-11,1.2599999904632568,1.3300000429153442,1.2599999904632568,1.2899999618530273,1.2899999618530273,16800
2019-07-12,1.2799999713897705,1.2799999713897705,1.25,1.25,1.25,22600
2019-07-15,1.3300000429153442,1.3300000429153442,1.2699999809265137,1.2899999618530273,1.2899999618530273,32300
2019-07-16,1.2599999904632568,1.2799999713897705,1.25,1.25,1.25,32000
2019-07-17,1.3300000429153442,1.3300000429153442,1.25,1.2599999904632568,1.2599999904632568,14000
2019-07-18,1.2699999809265137,1.2699999809265137,1.159999966621399,1.1799999475479126,1.1799999475479126,89600
2019-07-19,1.1699999570846558,1.190000057220459,1.1699999570846558,1.1799999475479126,1.1799999475479126,16700
2019-07-22,1.1799999475479126,1.1799999475479126,1.0800000429153442,1.1200000047683716,1.1200000047683716,50000
2019-07-23,1.1200000047683716,1.1299999952316284,1.090000033378601,1.100000023841858,1.100000023841858,31900
2019-07-24,1.100000023841858,1.100000023841858,1.0499999523162842,1.090000033378601,1.090000033378601,18800
2019-07-25,1.090000033378601,1.090000033378601,1.0499999523162842,1.059999942779541,1.059999942779541,26100
2019-07-26,1.0399999618530273,1.100000023841858,1.0399999618530273,1.0800000429153442,1.0800000429153442,33100
2019-07-29,1.090000033378601,1.090000033378601,1.0399999618530273,1.0499999523162842,1.0499999523162842,28200
2019-07-30,1.059999942779541,1.1299999952316284,1.0399999618530273,1.0700000524520874,1.0700000524520874,115200
2019-07-31,1.100000023841858,1.100000023841858,1.0399999618530273,1.0800000429153442,1.0800000429153442,27800
2019-08-01,1.100000023841858,1.1100000143051147,1.090000033378601,1.100000023841858,1.100000023841858,48500
2019-08-02,1.1100000143051147,1.1100000143051147,1.0499999523162842,1.059999942779541,1.059999942779541,17500
2019-08-05,1.059999942779541,1.059999942779541,1.0,1.0099999904632568,1.0099999904632568,29800
2019-08-06,1.0199999809265137,1.0199999809265137,0.9800000190734863,0.9800000190734863,0.9800000190734863,29500
2019-08-07,0.8600000143051147,0.9399999976158142,0.8600000143051147,0.8999999761581421,0.8999999761581421,61300
2019-08-08,0.8999999761581421,0.9900000095367432,0.8999999761581421,0.9599999785423279,0.9599999785423279,29300
2019-08-09,0.9800000190734863,1.100000023841858,0.9800000190734863,0.9800000190734863,0.9800000190734863,36600
2019-08-12,1.0499999523162842,1.0499999523162842,0.949999988079071,1.0,1.0,38600
2019-08-13,1.0,1.0,0.949999988079071,0.9800000190734863,0.9800000190734863,59300
2019-08-14,1.0,1.0,0.9100000262260437,0.9599999785423279,0.9599999785423279,28200
2019-08-15,0.9200000166893005,0.9200000166893005,0.8600000143051147,0.8600000143051147,0.8600000143051147,40000
2019-08-16,0.8700000047683716,0.9599999785423279,0.8700000047683716,0.8999999761581421,0.8999999761581421,17900
2019-08-19,0.9399999976158142,0.9800000190734863,0.8600000143051147,0.9300000071525574,0.9300000071525574,36000
2019-08-20,0.9599999785423279,0.9599999785423279,0.9300000071525574,0.9599999785423279,0.9599999785423279,9500
2019-08-21,0.9599999785423279,0.9800000190734863,0.8700000047683716,0.9399999976158142,0.9399999976158142,37900
2019-08-22,0.9100000262260437,0.949999988079071,0.9100000262260437,0.9200000166893005,0.9200000166893005,6300
2019-08-23,0.9399999976158142,0.949999988079071,0.9100000262260437,0.9100000262260437,0.9100000262260437,8300
2019-08-26,0.949999988079071,0.949999988079071,0.9200000166893005,0.949999988079071,0.949999988079071,6800
2019-08-27,0.949999988079071,0.949999988079071,0.9100000262260437,0.9399999976158142,0.9399999976158142,8100
2019-08-28,0.9200000166893005,0.949999988079071,0.9200000166893005,0.9399999976158142,0.9399999976158142,7700
2019-08-29,0.9300000071525574,0.949999988079071,0.9300000071525574,0.949999988079071,0.949999988079071,11200
2019-08-30,0.9800000190734863,0.9800000190734863,0.949999988079071,0.9599999785423279,0.9599999785423279,15300
2019-09-03,0.9800000190734863,1.0399999618530273,0.9599999785423279,1.0299999713897705,1.0299999713897705,80400
2019-09-04,1.0,1.0299999713897705,0.9900000095367432,0.9900000095367432,0.9900000095367432,28100
2019-09-05,1.0,1.059999942779541,1.0,1.0499999523162842,1.0499999523162842,43900
2019-09-06,1.0399999618530273,1.0499999523162842,0.949999988079071,1.0099999904632568,1.0099999904632568,51000
2019-09-09,1.0,1.0399999618530273,1.0,1.0299999713897705,1.0299999713897705,17000
2019-09-10,1.0299999713897705,1.0499999523162842,1.0299999713897705,1.0399999618530273,1.0399999618530273,6900
2019-09-11,1.0299999713897705,1.0499999523162842,1.0,1.0,1.0,29200
2019-09-12,1.0299999713897705,1.0499999523162842,1.0199999809265137,1.0399999618530273,1.0399999618530273,14100
2019-09-13,1.0700000524520874,1.0700000524520874,1.0299999713897705,1.059999942779541,1.059999942779541,30900
2019-09-16,1.2000000476837158,1.350000023841858,1.1100000143051147,1.2200000286102295,1.2200000286102295,385100
2019-09-17,1.2599999904632568,1.2599999904632568,1.100000023841858,1.1699999570846558,1.1699999570846558,93300
2019-09-18,1.2100000381469727,1.2899999618530273,1.2000000476837158,1.2899999618530273,1.2899999618530273,122900
2019-09-19,1.2999999523162842,1.6799999475479126,1.2999999523162842,1.559999942779541,1.559999942779541,1031200
2019-09-20,1.600000023841858,1.8899999856948853,1.600000023841858,1.8799999952316284,1.8799999952316284,801200
2019-09-23,1.8200000524520874,2.0899999141693115,1.7000000476837158,1.899999976158142,1.899999976158142,594100
2019-09-24,1.850000023841858,1.9900000095367432,1.7100000381469727,1.7999999523162842,1.7999999523162842,346700
2019-09-25,1.7899999618530273,1.8799999952316284,1.75,1.7999999523162842,1.7999999523162842,108500
2019-09-26,1.7699999809265137,1.8200000524520874,1.690000057220459,1.7400000095367432,1.7400000095367432,138800
2019-09-27,1.7400000095367432,1.7999999523162842,1.5499999523162842,1.5800000429153442,1.5800000429153442,240900
2019-09-30,1.5199999809265137,1.5700000524520874,1.4700000286102295,1.4900000095367432,1.4900000095367432,104300
2019-10-01,1.4500000476837158,1.600000023841858,1.4500000476837158,1.5099999904632568,1.5099999904632568,86000
2019-10-02,1.5399999618530273,1.559999942779541,1.4800000190734863,1.5499999523162842,1.5499999523162842,102100
2019-10-03,1.5199999809265137,1.5700000524520874,1.4600000381469727,1.5,1.5,56400
2019-10-04,1.4900000095367432,1.5,1.2899999618530273,1.399999976158142,1.399999976158142,160400
2019-10-07,1.350000023841858,1.399999976158142,1.2899999618530273,1.2899999618530273,1.2899999618530273,92800
2019-10-08,1.2400000095367432,1.399999976158142,1.2300000190734863,1.350000023841858,1.350000023841858,72100
2019-10-09,1.3700000047683716,1.4600000381469727,1.350000023841858,1.440000057220459,1.440000057220459,35900
2019-10-10,1.4199999570846558,1.4500000476837158,1.3600000143051147,1.409999966621399,1.409999966621399,37200
2019-10-11,1.4199999570846558,1.4700000286102295,1.350000023841858,1.4299999475479126,1.4299999475479126,58400
2019-10-14,1.4600000381469727,1.5,1.440000057220459,1.4600000381469727,1.4600000381469727,49100
2019-10-15,1.5099999904632568,1.7699999809265137,1.5099999904632568,1.6200000047683716,1.6200000047683716,198400
2019-10-16,1.6799999475479126,1.75,1.559999942779541,1.590000033378601,1.590000033378601,99800
2019-10-17,1.649999976158142,1.649999976158142,1.5199999809265137,1.5800000429153442,1.5800000429153442,75100
2019-10-18,1.590000033378601,1.6699999570846558,1.5099999904632568,1.5399999618530273,1.5399999618530273,71200
2019-10-21,1.5399999618530273,1.5700000524520874,1.4199999570846558,1.440000057220459,1.440000057220459,56800
2019-10-22,1.440000057220459,1.5800000429153442,1.440000057220459,1.559999942779541,1.559999942779541,63300
2019-10-23,1.559999942779541,1.5800000429153442,1.5099999904632568,1.5700000524520874,1.5700000524520874,27300
2019-10-24,1.5700000524520874,1.5800000429153442,1.5299999713897705,1.5399999618530273,1.5399999618530273,46300
2019-10-25,1.5499999523162842,1.5800000429153442,1.5,1.5099999904632568,1.5099999904632568,24600
2019-10-28,1.5,1.5099999904632568,1.4299999475479126,1.4700000286102295,1.4700000286102295,48900
2019-10-29,1.440000057220459,1.4700000286102295,1.409999966621399,1.4299999475479126,1.4299999475479126,44000
2019-10-30,1.399999976158142,1.4299999475479126,1.350000023841858,1.3600000143051147,1.3600000143051147,43100
2019-10-31,1.3600000143051147,1.3700000047683716,1.25,1.309999942779541,1.309999942779541,50800
2019-11-01,1.309999942779541,1.3700000047683716,1.2999999523162842,1.340000033378601,1.340000033378601,35000
2019-11-04,1.340000033378601,1.4299999475479126,1.340000033378601,1.4199999570846558,1.4199999570846558,46800
2019-11-05,1.4500000476837158,1.5399999618530273,1.440000057220459,1.5399999618530273,1.5399999618530273,89600
2019-11-06,1.5,1.6200000047683716,1.5,1.5299999713897705,1.5299999713897705,59200
2019-11-07,1.5399999618530273,1.590000033378601,1.4800000190734863,1.5299999713897705,1.5299999713897705,14700
2019-11-08,1.5299999713897705,1.5399999618530273,1.5,1.5199999809265137,1.5199999809265137,6400
2019-11-11,1.4600000381469727,1.5399999618530273,1.4600000381469727,1.5299999713897705,1.5299999713897705,17600
2019-11-12,1.5,1.5399999618530273,1.5,1.5199999809265137,1.5199999809265137,38500
2019-11-13,1.5199999809265137,1.5399999618530273,1.5,1.5199999809265137,1.5199999809265137,15300
2019-11-14,1.5199999809265137,1.5499999523162842,1.5,1.5499999523162842,1.5499999523162842,25400
2019-11-15,1.5499999523162842,1.5499999523162842,1.4700000286102295,1.4900000095367432,1.4900000095367432,17700
2019-11-18,1.4900000095367432,1.5399999618530273,1.409999966621399,1.4199999570846558,1.4199999570846558,27900
2019-11-19,1.409999966621399,1.4900000095367432,1.409999966621399,1.440000057220459,1.440000057220459,53700
2019-11-20,1.4500000476837158,1.5099999904632568,1.4500000476837158,1.5,1.5,15300
2019-11-21,1.4700000286102295,1.5399999618530273,1.4700000286102295,1.5199999809265137,1.5199999809265137,37800
2019-11-22,1.5399999618530273,1.649999976158142,1.5299999713897705,1.600000023841858,1.600000023841858,147700
2019-11-25,1.7000000476837158,1.7799999713897705,1.600000023841858,1.6100000143051147,1.6100000143051147,178700
2019-11-26,1.6699999570846558,1.6699999570846558,1.5199999809265137,1.5399999618530273,1.5399999618530273,84900
2019-11-27,1.5,1.5,1.3700000047683716,1.4800000190734863,1.4800000190734863,118900
2019-11-29,1.4500000476837158,1.4800000190734863,1.440000057220459,1.4500000476837158,1.4500000476837158,13600
2019-12-02,1.4199999570846558,1.5099999904632568,1.4199999570846558,1.5,1.5,23800
2019-12-03,1.440000057220459,1.5099999904632568,1.440000057220459,1.5,1.5,13600
2019-12-04,1.4900000095367432,1.5399999618530273,1.440000057220459,1.5299999713897705,1.5299999713897705,50300
2019-12-05,1.5499999523162842,1.649999976158142,1.5299999713897705,1.600000023841858,1.600000023841858,93200
2019-12-06,1.5800000429153442,1.6200000047683716,1.5800000429153442,1.590000033378601,1.590000033378601,10200
2019-12-09,1.600000023841858,1.600000023841858,1.4500000476837158,1.5700000524520874,1.5700000524520874,74200
2019-12-10,1.5499999523162842,1.5800000429153442,1.5099999904632568,1.5700000524520874,1.5700000524520874,19800
2019-12-11,1.600000023841858,1.600000023841858,1.5700000524520874,1.590000033378601,1.590000033378601,18300
2019-12-12,1.6100000143051147,1.6100000143051147,1.5499999523162842,1.5499999523162842,1.5499999523162842,32100
2019-12-13,1.5800000429153442,1.5800000429153442,1.4600000381469727,1.4600000381469727,1.4600000381469727,49500
2019-12-16,1.4800000190734863,1.5299999713897705,1.4600000381469727,1.5099999904632568,1.5099999904632568,48600
2019-12-17,1.5299999713897705,1.5299999713897705,1.4500000476837158,1.4500000476837158,1.4500000476837158,60600
2019-12-18,1.4900000095367432,1.4900000095367432,1.440000057220459,1.440000057220459,1.440000057220459,13700
2019-12-19,1.440000057220459,1.5099999904632568,1.440000057220459,1.440000057220459,1.440000057220459,33700
2019-12-20,1.4500000476837158,1.4500000476837158,1.4199999570846558,1.4199999570846558,1.4199999570846558,21000
2019-12-23,1.4299999475479126,1.4500000476837158,1.3799999952316284,1.4199999570846558,1.4199999570846558,85500
2019-12-24,1.4199999570846558,1.4500000476837158,1.399999976158142,1.440000057220459,1.440000057220459,18800
2019-12-26,1.4500000476837158,1.4500000476837158,1.3700000047683716,1.399999976158142,1.399999976158142,47900
2019-12-27,1.4299999475479126,1.4299999475479126,1.3700000047683716,1.3700000047683716,1.3700000047683716,25900
2019-12-30,1.350000023841858,1.440000057220459,1.350000023841858,1.4199999570846558,1.4199999570846558,49300
2019-12-31,1.3899999856948853,1.440000057220459,1.3899999856948853,1.4199999570846558,1.4199999570846558,71600
2020-01-02,1.409999966621399,1.409999966621399,1.3600000143051147,1.399999976158142,1.399999976158142,59200
2020-01-03,1.399999976158142,1.440000057220459,1.3700000047683716,1.3899999856948853,1.3899999856948853,21000
2020-01-06,1.3700000047683716,1.3899999856948853,1.25,1.3200000524520874,1.3200000524520874,133200
2020-01-07,1.3200000524520874,1.3200000524520874,1.25,1.2999999523162842,1.2999999523162842,54700
2020-01-08,1.2799999713897705,1.3200000524520874,1.2799999713897705,1.3200000524520874,1.3200000524520874,55400
2020-01-09,1.3200000524520874,1.350000023841858,1.2799999713897705,1.350000023841858,1.350000023841858,52100
2020-01-10,1.3600000143051147,1.3600000143051147,1.340000033378601,1.3600000143051147,1.3600000143051147,12200
2020-01-13,1.3600000143051147,1.3899999856948853,1.3600000143051147,1.3899999856948853,1.3899999856948853,39000
2020-01-14,1.3799999952316284,1.3899999856948853,1.3600000143051147,1.3600000143051147,1.3600000143051147,14800
2020-01-15,1.3300000429153442,1.409999966621399,1.2999999523162842,1.3799999952316284,1.3799999952316284,53900
2020-01-16,1.399999976158142,1.399999976158142,1.3300000429153442,1.3600000143051147,1.3600000143051147,67600
2020-01-17,1.3799999952316284,1.4199999570846558,1.3600000143051147,1.399999976158142,1.399999976158142,46800
2020-01-21,1.350000023841858,1.4199999570846558,1.3300000429153442,1.3899999856948853,1.3899999856948853,90600
2020-01-22,1.3899999856948853,1.399999976158142,1.3799999952316284,1.399999976158142,1.399999976158142,29200
2020-01-23,1.3899999856948853,1.409999966621399,1.340000033378601,1.350000023841858,1.350000023841858,42200
2020-01-24,1.3899999856948853,1.3899999856948853,1.340000033378601,1.340000033378601,1.340000033378601,20600
2020-01-27,1.350000023841858,1.350000023841858,1.2999999523162842,1.2999999523162842,1.2999999523162842,38400
2020-01-28,1.2999999523162842,1.3700000047683716,1.2899999618530273,1.3700000047683716,1.3700000047683716,58000
2020-01-29,1.3700000047683716,1.3799999952316284,1.2999999523162842,1.2999999523162842,1.2999999523162842,12200
2020-01-30,1.309999942779541,1.3200000524520874,1.2899999618530273,1.2899999618530273,1.2899999618530273,35200
2020-01-31,1.3300000429153442,1.340000033378601,1.2999999523162842,1.309999942779541,1.309999942779541,19300
2020-02-03,1.2899999618530273,1.340000033378601,1.2899999618530273,1.2999999523162842,1.2999999523162842,18800
2020-02-04,1.2999999523162842,1.340000033378601,1.2999999523162842,1.340000033378601,1.340000033378601,23100
2020-02-05,1.3799999952316284,1.4199999570846558,1.340000033378601,1.3799999952316284,1.3799999952316284,48900
2020-02-06,1.3799999952316284,1.399999976158142,1.3600000143051147,1.3600000143051147,1.3600000143051147,20800
2020-02-07,1.3899999856948853,1.3899999856948853,1.309999942779541,1.3200000524520874,1.3200000524520874,13400
2020-02-10,1.350000023841858,1.350000023841858,1.309999942779541,1.3200000524520874,1.3200000524520874,16200
2020-02-11,1.3600000143051147,1.3899999856948853,1.309999942779541,1.340000033378601,1.340000033378601,32900
2020-02-12,1.3799999952316284,1.5,1.3700000047683716,1.4900000095367432,1.4900000095367432,182700
2020-02-13,1.5299999713897705,1.600000023841858,1.5099999904632568,1.5399999618530273,1.5399999618530273,118800
2020-02-14,1.590000033378601,1.600000023841858,1.5,1.5,1.5,59300
2020-02-18,1.5099999904632568,1.5299999713897705,1.4199999570846558,1.4900000095367432,1.4900000095367432,94100
2020-02-19,1.5299999713897705,1.659999966621399,1.4900000095367432,1.649999976158142,1.649999976158142,123500
2020-02-20,1.7000000476837158,1.7999999523162842,1.6200000047683716,1.7300000190734863,1.7300000190734863,269200
2020-02-21,1.75,1.75,1.649999976158142,1.7100000381469727,1.7100000381469727,68100
2020-02-24,1.659999966621399,1.7000000476837158,1.6299999952316284,1.649999976158142,1.649999976158142,49700
2020-02-25,1.600000023841858,1.600000023841858,1.5199999809265137,1.5299999713897705,1.5299999713897705,91600
2020-02-26,1.4700000286102295,1.4700000286102295,1.3799999952316284,1.4199999570846558,1.4199999570846558,114000
2020-02-27,1.4199999570846558,1.4700000286102295,1.340000033378601,1.4299999475479126,1.4299999475479126,104000
2020-02-28,1.4299999475479126,1.4299999475479126,1.2999999523162842,1.309999942779541,1.309999942779541,95300
2020-03-02,1.2999999523162842,1.3799999952316284,1.2999999523162842,1.350000023841858,1.350000023841858,54900
2020-03-03,1.4299999475479126,1.4500000476837158,1.2899999618530273,1.2899999618530273,1.2899999618530273,92600
2020-03-04,1.2599999904632568,1.340000033378601,1.2599999904632568,1.2999999523162842,1.2999999523162842,41200
2020-03-05,1.2999999523162842,1.2999999523162842,1.2699999809265137,1.2799999713897705,1.2799999713897705,40100
2020-03-06,1.2799999713897705,1.309999942779541,1.25,1.2699999809265137,1.2699999809265137,30300
2020-03-09,1.2200000286102295,1.2699999809265137,1.1399999856948853,1.159999966621399,1.159999966621399,122400
2020-03-10,1.149999976158142,1.1699999570846558,1.100000023841858,1.149999976158142,1.149999976158142,46600
2020-03-11,1.1100000143051147,1.1399999856948853,1.090000033378601,1.1100000143051147,1.1100000143051147,58600
2020-03-12,1.0399999618530273,1.059999942779541,0.9399999976158142,0.9599999785423279,0.9599999785423279,64300
2020-03-13,0.9599999785423279,1.0299999713897705,0.8899999856948853,0.9300000071525574,0.9300000071525574,169600
2020-03-16,0.8500000238418579,0.9700000286102295,0.8500000238418579,0.8999999761581421,0.8999999761581421,93900
2020-03-17,0.949999988079071,1.0399999618530273,0.8999999761581421,1.0099999904632568,1.0099999904632568,43500
2020-03-18,1.0,1.0,0.8999999761581421,0.949999988079071,0.949999988079071,30000
2020-03-19,0.949999988079071,1.0800000429153442,0.8999999761581421,1.0099999904632568,1.0099999904632568,207900
2020-03-20,1.0700000524520874,1.0700000524520874,1.0199999809265137,1.0299999713897705,1.0299999713897705,41500
2020-03-23,1.0199999809265137,1.0399999618530273,1.0,1.0299999713897705,1.0299999713897705,117400
2020-03-24,1.0800000429153442,1.0800000429153442,1.0199999809265137,1.0299999713897705,1.0299999713897705,60100
2020-03-25,1.0499999523162842,1.100000023841858,1.0099999904632568,1.090000033378601,1.090000033378601,63600
2020-03-26,1.100000023841858,1.350000023841858,1.100000023841858,1.2400000095367432,1.2400000095367432,82700
2020-03-27,1.2400000095367432,1.2999999523162842,1.1699999570846558,1.1699999570846558,1.1699999570846558,44800
2020-03-30,1.2000000476837158,1.2000000476837158,1.100000023841858,1.149999976158142,1.149999976158142,29400
2020-03-31,1.1100000143051147,1.1699999570846558,1.1100000143051147,1.159999966621399,1.159999966621399,23200
2020-04-01,1.1200000047683716,1.1299999952316284,1.0,1.0099999904632568,1.0099999904632568,67500
2020-04-02,1.0499999523162842,1.090000033378601,1.0299999713897705,1.0299999713897705,1.0299999713897705,30800
2020-04-03,1.0299999713897705,1.159999966621399,1.0,1.0299999713897705,1.0299999713897705,44700
2020-04-06,1.0700000524520874,1.1699999570846558,1.0399999618530273,1.0800000429153442,1.0800000429153442,40400
2020-04-07,1.1200000047683716,1.1200000047683716,1.0399999618530273,1.090000033378601,1.090000033378601,39300
2020-04-08,1.1100000143051147,1.1399999856948853,1.090000033378601,1.1399999856948853,1.1399999856948853,19400
2020-04-09,1.1100000143051147,1.1399999856948853,1.059999942779541,1.0700000524520874,1.0700000524520874,113000
2020-04-13,1.0399999618530273,1.090000033378601,1.0199999809265137,1.0499999523162842,1.0499999523162842,22200
2020-04-14,1.0499999523162842,1.100000023841858,1.0499999523162842,1.0499999523162842,1.0499999523162842,19800
2020-04-15,1.0199999809265137,1.0499999523162842,0.9900000095367432,1.0199999809265137,1.0199999809265137,59700
2020-04-16,1.0499999523162842,1.0499999523162842,1.0,1.0399999618530273,1.0399999618530273,20000
2020-04-17,1.0399999618530273,1.059999942779541,0.949999988079071,1.0199999809265137,1.0199999809265137,67800
2020-04-20,1.0199999809265137,1.0299999713897705,0.9599999785423279,0.9700000286102295,0.9700000286102295,82100
2020-04-21,0.9700000286102295,1.0399999618530273,0.9599999785423279,0.9900000095367432,0.9900000095367432,46200
2020-04-22,0.9800000190734863,1.0499999523162842,0.9800000190734863,1.0199999809265137,1.0199999809265137,41100
2020-04-23,0.9900000095367432,1.0299999713897705,0.9800000190734863,1.0099999904632568,1.0099999904632568,14000
2020-04-24,1.0099999904632568,1.0299999713897705,1.0,1.0,1.0,14600
2020-04-27,0.9900000095367432,1.0199999809265137,0.9900000095367432,1.0099999904632568,1.0099999904632568,45100
2020-04-28,0.9900000095367432,1.0199999809265137,0.9900000095367432,1.0199999809265137,1.0199999809265137,8800
2020-04-29,1.0199999809265137,1.0299999713897705,1.0099999904632568,1.0199999809265137,1.0199999809265137,29600
2020-04-30,1.0,1.0199999809265137,0.9900000095367432,1.0,1.0,32000
2020-05-01,1.0299999713897705,1.0299999713897705,0.9800000190734863,1.0,1.0,7300
2020-05-04,0.9800000190734863,1.0,0.9800000190734863,0.9900000095367432,0.9900000095367432,36600
2020-05-05,1.0099999904632568,1.0099999904632568,0.9900000095367432,0.9900000095367432,0.9900000095367432,3300
2020-05-06,1.0099999904632568,1.0399999618530273,0.9800000190734863,0.9900000095367432,0.9900000095367432,51300
2020-05-07,1.0199999809265137,1.0199999809265137,0.9599999785423279,0.9900000095367432,0.9900000095367432,19300
2020-05-08,1.0,1.0199999809265137,0.9900000095367432,0.9900000095367432,0.9900000095367432,17500
2020-05-11,0.9700000286102295,1.0,0.9700000286102295,0.9900000095367432,0.9900000095367432,10100
2020-05-12,0.9800000190734863,1.0099999904632568,0.9800000190734863,0.9800000190734863,0.9800000190734863,24100
2020-05-13,0.9700000286102295,0.9800000190734863,0.949999988079071,0.949999988079071,0.949999988079071,71400
2020-05-14,0.9200000166893005,0.9800000190734863,0.9100000262260437,0.9399999976158142,0.9399999976158142,67800
2020-05-15,0.9100000262260437,0.949999988079071,0.9100000262260437,0.9200000166893005,0.9200000166893005,22600
2020-05-18,0.9200000166893005,0.9599999785423279,0.9200000166893005,0.9399999976158142,0.9399999976158142,25200
2020-05-19,0.9700000286102295,0.9700000286102295,0.9399999976158142,0.9599999785423279,0.9599999785423279,33800
2020-05-20,0.9800000190734863,0.9900000095367432,0.9399999976158142,0.9599999785423279,0.9599999785423279,39400
2020-05-21,0.9599999785423279,0.9900000095367432,0.9399999976158142,0.9800000190734863,0.9800000190734863,32300
2020-05-22,0.9800000190734863,1.0,0.9200000166893005,0.949999988079071,0.949999988079071,45000
2020-05-26,1.0,1.0,0.949999988079071,0.9900000095367432,0.9900000095367432,43600
2020-05-27,0.9700000286102295,0.9900000095367432,0.9300000071525574,0.949999988079071,0.949999988079071,42000
2020-05-28,1.0,1.0299999713897705,0.9800000190734863,1.0099999904632568,1.0099999904632568,187600
2020-05-29,1.0299999713897705,1.0499999523162842,1.0,1.0199999809265137,1.0199999809265137,173400
2020-06-01,1.0,1.100000023841858,0.9700000286102295,1.0800000429153442,1.0800000429153442,105000
2020-06-02,1.0700000524520874,1.1399999856948853,1.0700000524520874,1.1200000047683716,1.1200000047683716,70600
2020-06-03,1.1100000143051147,1.2000000476837158,1.1100000143051147,1.1799999475479126,1.1799999475479126,165900
2020-06-04,1.149999976158142,1.2000000476837158,1.100000023841858,1.1100000143051147,1.1100000143051147,60600
2020-06-05,1.100000023841858,1.149999976158142,1.100000023841858,1.100000023841858,1.100000023841858,45800
2020-06-08,1.1100000143051147,1.2000000476837158,1.1100000143051147,1.2000000476837158,1.2000000476837158,81800
2020-06-09,1.2100000381469727,1.2100000381469727,1.1799999475479126,1.190000057220459,1.190000057220459,19800
2020-06-10,1.2100000381469727,1.2899999618530273,1.2100000381469727,1.2699999809265137,1.2699999809265137,78700
2020-06-11,1.2699999809265137,1.2699999809265137,1.159999966621399,1.190000057220459,1.190000057220459,38600
2020-06-12,1.2300000190734863,1.2999999523162842,1.2000000476837158,1.2899999618530273,1.2899999618530273,89900
2020-06-15,1.2999999523162842,1.2999999523162842,1.2699999809265137,1.2899999618530273,1.2899999618530273,43100
2020-06-16,1.25,1.2999999523162842,1.2400000095367432,1.2400000095367432,1.2400000095367432,58700
2020-06-17,1.2699999809265137,1.2699999809265137,1.2000000476837158,1.2000000476837158,1.2000000476837158,10200
2020-06-18,1.2000000476837158,1.2400000095367432,1.1799999475479126,1.190000057220459,1.190000057220459,25100
2020-06-19,1.1799999475479126,1.2200000286102295,1.1799999475479126,1.2000000476837158,1.2000000476837158,21400
2020-06-22,1.1799999475479126,1.190000057220459,1.149999976158142,1.1799999475479126,1.1799999475479126,19100
2020-06-23,1.149999976158142,1.190000057220459,1.1399999856948853,1.1399999856948853,1.1399999856948853,12900
2020-06-24,1.1399999856948853,1.1799999475479126,1.1399999856948853,1.159999966621399,1.159999966621399,15300
2020-06-25,1.1399999856948853,1.149999976158142,1.1299999952316284,1.149999976158142,1.149999976158142,9500
2020-06-26,1.149999976158142,1.1699999570846558,1.100000023841858,1.149999976158142,1.149999976158142,31200
2020-06-29,1.1200000047683716,1.1699999570846558,1.1100000143051147,1.149999976158142,1.149999976158142,12000
2020-06-30,1.1399999856948853,1.1399999856948853,1.100000023841858,1.1399999856948853,1.1399999856948853,12800
2020-07-01,1.1100000143051147,1.2899999618530273,1.1100000143051147,1.2200000286102295,1.2200000286102295,260200
2020-07-02,1.2000000476837158,1.25,1.2000000476837158,1.2000000476837158,1.2000000476837158,32200
2020-07-06,1.2400000095367432,1.2999999523162842,1.1799999475479126,1.2899999618530273,1.2899999618530273,140100
2020-07-07,1.2599999904632568,1.350000023841858,1.2200000286102295,1.2200000286102295,1.2200000286102295,205300
2020-07-08,1.309999942779541,1.309999942779541,1.25,1.2599999904632568,1.2599999904632568,65300
2020-07-09,1.2599999904632568,1.3200000524520874,1.2200000286102295,1.2599999904632568,1.2599999904632568,78000
2020-07-10,1.3200000524520874,1.3200000524520874,1.2300000190734863,1.2599999904632568,1.2599999904632568,32200
2020-07-13,1.2300000190734863,1.2799999713897705,1.2200000286102295,1.2300000190734863,1.2300000190734863,26900
2020-07-14,1.2200000286102295,1.25,1.2000000476837158,1.2200000286102295,1.2200000286102295,42000
2020-07-15,1.2100000381469727,1.3700000047683716,1.2100000381469727,1.2799999713897705,1.2799999713897705,238500
2020-07-16,1.350000023841858,1.350000023841858,1.2200000286102295,1.25,1.25,58000
2020-07-17,1.25,1.3899999856948853,1.2200000286102295,1.2400000095367432,1.2400000095367432,311300
2020-07-20,1.309999942779541,1.340000033378601,1.25,1.3200000524520874,1.3200000524520874,116200
2020-07-21,1.3300000429153442,1.3899999856948853,1.3300000429153442,1.350000023841858,1.350000023841858,97500
2020-07-22,1.3600000143051147,1.3899999856948853,1.3200000524520874,1.3899999856948853,1.3899999856948853,144300
2020-07-23,1.399999976158142,1.600000023841858,1.3300000429153442,1.5,1.5,364700
2020-07-24,1.5399999618530273,1.7999999523162842,1.5099999904632568,1.6399999856948853,1.6399999856948853,608900
2020-07-27,1.7799999713897705,1.7799999713897705,1.6100000143051147,1.7000000476837158,1.7000000476837158,182200
2020-07-28,1.649999976158142,1.6799999475479126,1.559999942779541,1.6200000047683716,1.6200000047683716,95400
2020-07-29,1.6200000047683716,1.6200000047683716,1.5099999904632568,1.5499999523162842,1.5499999523162842,98200
2020-07-30,1.5099999904632568,1.5800000429153442,1.5099999904632568,1.5299999713897705,1.5299999713897705,39600
2020-07-31,1.5099999904632568,1.559999942779541,1.4199999570846558,1.4500000476837158,1.4500000476837158,72300
2020-08-03,1.440000057220459,1.5399999618530273,1.4199999570846558,1.5199999809265137,1.5199999809265137,43100
2020-08-04,1.4299999475479126,1.6200000047683716,1.4299999475479126,1.5700000524520874,1.5700000524520874,141900
2020-08-05,1.6200000047683716,1.6399999856948853,1.5700000524520874,1.6299999952316284,1.6299999952316284,48500
2020-08-06,1.6399999856948853,1.7200000286102295,1.6299999952316284,1.659999966621399,1.659999966621399,106100
2020-08-07,1.690000057220459,1.850000023841858,1.6799999475479126,1.7699999809265137,1.7699999809265137,263300
2020-08-10,1.8700000047683716,1.8700000047683716,1.7300000190734863,1.75,1.75,140800
2020-08-11,1.7400000095367432,1.7599999904632568,1.6200000047683716,1.6200000047683716,1.6200000047683716,89600
2020-08-12,1.600000023841858,1.6699999570846558,1.559999942779541,1.6100000143051147,1.6100000143051147,95100
2020-08-13,1.6399999856948853,1.7599999904632568,1.600000023841858,1.690000057220459,1.690000057220459,108900
2020-08-14,1.659999966621399,1.7000000476837158,1.649999976158142,1.649999976158142,1.649999976158142,45900
2020-08-17,1.7000000476837158,1.75,1.649999976158142,1.7400000095367432,1.7400000095367432,54900
2020-08-18,1.7699999809265137,1.850000023841858,1.7300000190734863,1.75,1.75,311800
2020-08-19,1.7999999523162842,1.8799999952316284,1.7400000095367432,1.809999942779541,1.809999942779541,180100
2020-08-20,1.899999976158142,1.899999976158142,1.7999999523162842,1.8899999856948853,1.8899999856948853,193600
2020-08-21,1.899999976158142,2.049999952316284,1.8899999856948853,1.9800000190734863,1.9800000190734863,485000
2020-08-24,2.069999933242798,2.3499999046325684,2.0399999618530273,2.2200000286102295,2.2200000286102295,1033500
2020-08-25,2.380000114440918,2.430000066757202,2.180000066757202,2.299999952316284,2.299999952316284,1010300
2020-08-26,2.0999999046325684,2.5799999237060547,2.0,2.430000066757202,2.430000066757202,967700
2020-08-27,2.6600000858306885,2.9800000190734863,2.2100000381469727,2.2200000286102295,2.2200000286102295,2351300
2020-08-28,2.309999942779541,2.309999942779541,2.0999999046325684,2.2100000381469727,2.2100000381469727,500500
2020-08-31,2.3499999046325684,2.369999885559082,2.009999990463257,2.009999990463257,2.009999990463257,607200
2020-09-01,2.0,2.0,1.850000023841858,1.8600000143051147,1.8600000143051147,463000
2020-09-02,1.8799999952316284,1.899999976158142,1.7599999904632568,1.8300000429153442,1.8300000429153442,329900
2020-09-03,1.7999999523162842,1.8300000429153442,1.6399999856948853,1.7200000286102295,1.7200000286102295,313000
2020-09-04,1.690000057220459,1.7400000095367432,1.6699999570846558,1.7000000476837158,1.7000000476837158,194600
2020-09-08,1.6799999475479126,1.8899999856948853,1.649999976158142,1.7200000286102295,1.7200000286102295,235200
2020-09-09,1.8300000429153442,1.8300000429153442,1.690000057220459,1.7200000286102295,1.7200000286102295,125400
2020-09-10,1.6799999475479126,1.7000000476837158,1.559999942779541,1.5800000429153442,1.5800000429153442,221800
2020-09-11,1.590000033378601,1.6399999856948853,1.5099999904632568,1.5399999618530273,1.5399999618530273,204500
2020-09-14,1.6299999952316284,1.659999966621399,1.5700000524520874,1.590000033378601,1.590000033378601,226800
2020-09-15,1.659999966621399,1.6699999570846558,1.6100000143051147,1.6200000047683716,1.6200000047683716,163100
2020-09-16,1.600000023841858,1.6699999570846558,1.559999942779541,1.5800000429153442,1.5800000429153442,172900
2020-09-17,1.6399999856948853,2.200000047683716,1.6100000143051147,2.059999942779541,2.059999942779541,1541900
2020-09-18,1.9900000095367432,2.75,1.9900000095367432,2.5799999237060547,2.5799999237060547,3006900
2020-09-21,2.559999942779541,2.9000000953674316,2.450000047683716,2.7899999618530273,2.7899999618530273,1397400
2020-09-22,2.9000000953674316,2.9000000953674316,2.319999933242798,2.380000114440918,2.380000114440918,993900
2020-09-23,2.4200000762939453,2.7799999713897705,2.0299999713897705,2.0999999046325684,2.0999999046325684,3618700
2020-09-24,2.299999952316284,2.5799999237060547,2.0299999713897705,2.059999942779541,2.059999942779541,5427500
2020-09-25,1.9600000381469727,2.1500000953674316,1.9500000476837158,2.140000104904175,2.140000104904175,1185000
2020-09-28,2.1600000858306885,2.25,2.0799999237060547,2.2100000381469727,2.2100000381469727,1556600
2020-09-29,2.1700000762939453,2.190000057220459,2.049999952316284,2.0999999046325684,2.0999999046325684,820200
2020-09-30,2.109999895095825,2.1600000858306885,2.049999952316284,2.069999933242798,2.069999933242798,1013800
2020-10-01,2.0899999141693115,2.2300000190734863,2.059999942779541,2.1600000858306885,2.1600000858306885,1693300
2020-10-02,2.0999999046325684,2.140000104904175,2.049999952316284,2.069999933242798,2.069999933242798,996000
2020-10-05,2.069999933242798,2.180000066757202,2.0,2.130000114440918,2.130000114440918,1016000
2020-10-06,2.1500000953674316,2.9600000381469727,2.1500000953674316,2.640000104904175,2.640000104904175,6422000
2020-10-07,2.9600000381469727,3.640000104904175,2.8299999237060547,3.5,3.5,13405400
2020-10-08,3.440000057220459,3.450000047683716,3.0,3.0199999809265137,3.0199999809265137,3138600
2020-10-09,3.0999999046325684,4.329999923706055,3.0999999046325684,4.150000095367432,4.150000095367432,8777900
2020-10-12,3.559999942779541,3.799999952316284,3.2799999713897705,3.390000104904175,3.390000104904175,6919800
2020-10-13,3.5899999141693115,4.050000190734863,3.299999952316284,3.809999942779541,3.809999942779541,5525200
2020-10-14,3.8399999141693115,3.950000047683716,3.509999990463257,3.6600000858306885,3.6600000858306885,2658900
2020-10-15,3.609999895095825,4.389999866485596,3.3499999046325684,4.179999828338623,4.179999828338623,3833800
2020-10-16,4.099999904632568,4.179999828338623,3.799999952316284,3.819999933242798,3.819999933242798,2213700
2020-10-19,3.940000057220459,4.119999885559082,3.819999933242798,3.890000104904175,3.890000104904175,2845100
2020-10-20,3.9200000762939453,4.170000076293945,3.7200000286102295,3.940000057220459,3.940000057220459,2272500
2020-10-21,4.0,4.070000171661377,3.609999895095825,3.640000104904175,3.640000104904175,2243400
2020-10-22,3.6700000762939453,3.8399999141693115,3.4100000858306885,3.7300000190734863,3.7300000190734863,1471900
2020-10-23,3.8299999237060547,3.8399999141693115,3.5399999618530273,3.569999933242798,3.569999933242798,778700
2020-10-26,3.5,3.5999999046325684,3.200000047683716,3.2200000286102295,3.2200000286102295,2282800
2020-10-27,3.309999942779541,3.3499999046325684,3.109999895095825,3.130000114440918,3.130000114440918,758000
2020-10-28,3.200000047683716,3.25,3.0299999713897705,3.0899999141693115,3.0899999141693115,803700
2020-10-29,3.059999942779541,3.259999990463257,2.9700000286102295,3.1600000858306885,3.1600000858306885,826900
2020-10-30,3.1600000858306885,3.1700000762939453,3.0,3.069999933242798,3.069999933242798,579600
2020-11-02,3.0899999141693115,3.6700000762939453,3.0799999237060547,3.4600000381469727,3.4600000381469727,1230500
2020-11-03,3.640000104904175,3.799999952316284,3.3499999046325684,3.3499999046325684,3.3499999046325684,1493400
2020-11-04,3.299999952316284,3.359999895095825,3.069999933242798,3.2799999713897705,3.2799999713897705,1384100
2020-11-05,3.4800000190734863,3.75,3.359999895095825,3.5,3.5,2219500
2020-11-06,3.680000066757202,3.740000009536743,3.380000114440918,3.4100000858306885,3.4100000858306885,1076800
2020-11-09,3.690000057220459,3.740000009536743,3.430000066757202,3.4700000286102295,3.4700000286102295,1166300
2020-11-10,3.5399999618530273,3.549999952316284,3.25,3.3399999141693115,3.3399999141693115,490000
2020-11-11,3.4000000953674316,3.549999952316284,3.319999933242798,3.5299999713897705,3.5299999713897705,629800
2020-11-12,3.5999999046325684,4.190000057220459,3.559999942779541,3.9000000953674316,3.9000000953674316,2927000
2020-11-13,4.059999942779541,5.340000152587891,4.059999942779541,5.010000228881836,5.010000228881836,7171200
2020-11-16,5.059999942779541,5.090000152587891,4.550000190734863,4.900000095367432,4.900000095367432,2021700
2020-11-17,4.940000057220459,4.949999809265137,4.639999866485596,4.789999961853027,4.789999961853027,1409700
2020-11-18,4.889999866485596,5.159999847412109,4.71999979019165,4.900000095367432,4.900000095367432,1393600
2020-11-19,5.25,5.46999979019165,4.960000038146973,5.409999847412109,5.409999847412109,2701300
2020-11-20,5.599999904632568,5.670000076293945,5.199999809265137,5.320000171661377,5.320000171661377,3554000
2020-11-23,5.460000038146973,5.559999942779541,5.099999904632568,5.309999942779541,5.309999942779541,1721900
2020-11-24,5.650000095367432,5.650000095367432,4.579999923706055,5.070000171661377,5.070000171661377,1911000
2020-11-25,4.809999942779541,5.670000076293945,4.789999961853027,5.619999885559082,5.619999885559082,1466800
2020-11-27,5.789999961853027,8.390000343322754,5.789999961853027,7.480000019073486,7.480000019073486,11018700
2020-11-30,7.789999961853027,8.270000457763672,6.659999847412109,7.929999828338623,7.929999828338623,4747800
2020-12-01,8.149999618530273,9.489999771118164,7.670000076293945,7.889999866485596,7.889999866485596,5681700
2020-12-02,6.309999942779541,7.28000020980835,5.050000190734863,6.21999979019165,6.21999979019165,4983000
2020-12-03,6.619999885559082,7.090000152587891,6.239999771118164,6.25,6.25,2304400
2020-12-04,6.360000133514404,6.420000076293945,5.650000095367432,5.849999904632568,5.849999904632568,2399000
2020-12-07,6.0,6.110000133514404,5.550000190734863,5.909999847412109,5.909999847412109,2226400
2020-12-08,6.0,6.099999904632568,5.71999979019165,6.059999942779541,6.059999942779541,1537500
2020-12-09,6.130000114440918,6.170000076293945,5.170000076293945,5.230000019073486,5.230000019073486,2686600
2020-12-10,5.230000019073486,5.570000171661377,5.150000095367432,5.510000228881836,5.510000228881836,971500
2020-12-11,5.320000171661377,5.650000095367432,5.25,5.539999961853027,5.539999961853027,915900
2020-12-14,5.989999771118164,7.650000095367432,5.820000171661377,6.980000019073486,6.980000019073486,13120000
2020-12-15,6.909999847412109,8.479999542236328,6.570000171661377,8.180000305175781,8.180000305175781,7803800
2020-12-16,7.929999828338623,8.649999618530273,7.610000133514404,8.050000190734863,8.050000190734863,4156100
2020-12-17,8.260000228881836,8.84000015258789,7.599999904632568,7.699999809265137,7.699999809265137,3424100
2020-12-18,7.869999885559082,8.220000267028809,7.670000076293945,8.140000343322754,8.140000343322754,7812500
2020-12-21,8.199999809265137,9.5,8.199999809265137,9.5,9.5,4597300
2020-12-22,10.020000457763672,12.0,9.6899995803833,12.0,12.0,5972500
2020-12-23,10.819999694824219,11.119999885559082,9.609999656677246,9.699999809265137,9.699999809265137,7807800
2020-12-24,10.0,10.579999923706055,9.680000305175781,9.699999809265137,9.699999809265137,3480700
2020-12-28,10.0,12.550000190734863,9.930000305175781,12.5,12.5,9407100
2020-12-29,11.149999618530273,12.699999809265137,10.34000015258789,12.229999542236328,12.229999542236328,5943100
2020-12-30,12.5,13.199999809265137,11.529999732971191,11.680000305175781,11.680000305175781,9339100
2020-12-31,11.680000305175781,12.149999618530273,11.130000114440918,11.430000305175781,11.430000305175781,2575600
2021-01-04,11.6899995803833,12.970000267028809,10.800000190734863,12.770000457763672,12.770000457763672,3555100
2021-01-05,12.449999809265137,15.880000114440918,12.449999809265137,14.720000267028809,14.720000267028809,5166100
2021-01-06,15.1899995803833,18.290000915527344,15.140000343322754,16.829999923706055,16.829999923706055,5045500
2021-01-07,19.020000457763672,23.200000762939453,16.020000457763672,18.010000228881836,18.010000228881836,17418500
2021-01-08,19.649999618530273,21.040000915527344,18.459999084472656,20.8700008392334,20.8700008392334,6510400
2021-01-11,19.200000762939453,21.850000381469727,19.010000228881836,20.139999389648438,20.139999389648438,3646800
2021-01-12,20.75,23.440000534057617,20.299999237060547,23.25,23.25,4144900
2021-01-13,24.100000381469727,24.3799991607666,21.510000228881836,22.270000457763672,22.270000457763672,3513700
2021-01-14,22.5,25.489999771118164,22.010000228881836,25.260000228881836,25.260000228881836,3293600
2021-01-15,24.950000762939453,24.959999084472656,22.1299991607666,22.489999771118164,22.489999771118164,3172000
2021-01-19,22.93000030517578,24.950000762939453,22.270000457763672,24.850000381469727,24.850000381469727,2847200
2021-01-20,24.799999237060547,27.549999237060547,24.600000381469727,26.079999923706055,26.079999923706055,3111400
2021-01-21,26.3700008392334,29.489999771118164,24.1200008392334,29.1299991607666,29.1299991607666,3551700
2021-01-22,28.170000076293945,35.77000045776367,27.350000381469727,33.54999923706055,33.54999923706055,5804000
2021-01-25,25.649999618530273,28.0,25.030000686645508,26.190000534057617,26.190000534057617,20833100
2021-01-26,27.190000534057617,28.920000076293945,26.020000457763672,28.040000915527344,28.040000915527344,8837200
2021-01-27,25.5,26.549999237060547,21.850000381469727,23.56999969482422,23.56999969482422,8449700
2021-01-28,24.049999237060547,24.489999771118164,19.040000915527344,21.1200008392334,21.1200008392334,8690200
2021-01-29,20.68000030517578,23.639999389648438,20.65999984741211,20.700000762939453,20.700000762939453,5158200
2021-02-01,21.06999969482422,23.950000762939453,19.059999465942383,23.190000534057617,23.190000534057617,9231800
2021-02-02,24.299999237060547,25.219999313354492,22.770000457763672,23.6299991607666,23.6299991607666,4635200
2021-02-03,23.5,25.200000762939453,23.0,24.510000228881836,24.510000228881836,3354900
2021-02-04,25.239999771118164,25.399999618530273,23.1200008392334,23.59000015258789,23.59000015258789,2979300
2021-02-05,23.200000762939453,23.93000030517578,22.040000915527344,23.709999084472656,23.709999084472656,2841700
2021-02-08,23.5,23.809999465942383,22.729999542236328,22.8799991607666,22.8799991607666,2881100
2021-02-09,22.799999237060547,24.780000686645508,22.200000762939453,24.149999618530273,24.149999618530273,3267500
2021-02-10,24.700000762939453,26.3799991607666,22.8799991607666,24.399999618530273,24.399999618530273,4223400
2021-02-11,24.559999465942383,24.780000686645508,22.309999465942383,23.56999969482422,23.56999969482422,2379800
2021-02-12,23.18000030517578,23.809999465942383,22.489999771118164,23.329999923706055,23.329999923706055,1727400
2021-02-16,22.829999923706055,23.079999923706055,20.6200008392334,20.979999542236328,20.979999542236328,3343900
2021-02-17,20.209999084472656,20.350000381469727,18.260000228881836,18.90999984741211,18.90999984741211,4024900
2021-02-18,17.510000228881836,18.6200008392334,16.200000762939453,16.399999618530273,16.399999618530273,4174100
2021-02-19,17.200000762939453,18.790000915527344,16.959999084472656,17.829999923706055,17.829999923706055,3053000
2021-02-22,17.84000015258789,18.299999237060547,15.789999961853027,15.869999885559082,15.869999885559082,2319600
2021-02-23,13.9399995803833,14.760000228881836,12.539999961853027,14.34000015258789,14.34000015258789,4389700
2021-02-24,14.760000228881836,16.270000457763672,14.140000343322754,16.1200008392334,16.1200008392334,3229600
2021-02-25,15.800000190734863,16.729999542236328,15.029999732971191,15.229999542236328,15.229999542236328,2514800
2021-02-26,14.850000381469727,15.770000457763672,14.020000457763672,14.9399995803833,14.9399995803833,2235600
2021-03-01,15.609999656677246,16.34000015258789,15.319999694824219,15.979999542236328,15.979999542236328,1569800
2021-03-02,16.079999923706055,16.170000076293945,14.460000038146973,14.600000381469727,14.600000381469727,1240400
2021-03-03,14.649999618530273,14.970000267028809,13.229999542236328,13.399999618530273,13.399999618530273,1667800
2021-03-04,12.819999694824219,13.649999618530273,10.960000038146973,11.779999732971191,11.779999732971191,2839400
2021-03-05,11.789999961853027,11.930000305175781,8.5600004196167,10.84000015258789,10.84000015258789,3974300
2021-03-08,10.09000015258789,11.3100004196167,9.550000190734863,10.0,10.0,2986000
2021-03-09,11.1899995803833,14.399999618530273,11.109999656677246,13.630000114440918,13.630000114440918,7268100
2021-03-10,16.639999389648438,17.559999465942383,12.989999771118164,13.789999961853027,13.789999961853027,7529900
2021-03-11,14.5,16.459999084472656,14.050000190734863,16.43000030517578,16.43000030517578,4769400
2021-03-12,15.0,16.450000762939453,14.5,16.049999237060547,16.049999237060547,3343100
2021-03-15,16.5,16.84000015258789,14.949999809265137,15.289999961853027,15.289999961853027,2826400
2021-03-16,15.390000343322754,15.40999984741211,13.15999984741211,13.770000457763672,13.770000457763672,3210800
2021-03-17,13.0,13.6899995803833,12.420000076293945,13.3100004196167,13.3100004196167,4112400
2021-03-18,12.9399995803833,13.75,12.5,12.579999923706055,12.579999923706055,2491400
2021-03-19,12.770000457763672,13.350000381469727,12.260000228881836,13.100000381469727,13.100000381469727,3573300
2021-03-22,13.5,14.359999656677246,12.90999984741211,13.020000457763672,13.020000457763672,2606500
2021-03-23,12.899999618530273,12.9399995803833,11.319999694824219,11.670000076293945,11.670000076293945,2784000
2021-03-24,12.010000228881836,12.100000381469727,10.380000114440918,10.670000076293945,10.670000076293945,2898100
2021-03-25,9.880000114440918,11.229999542236328,9.800000190734863,11.130000114440918,11.130000114440918,2837600
2021-03-26,11.399999618530273,11.979999542236328,10.109999656677246,10.760000228881836,10.760000228881836,3065600
2021-03-29,10.649999618530273,10.739999771118164,9.680000305175781,9.800000190734863,9.800000190734863,2327700
2021-03-30,9.90999984741211,11.960000038146973,9.859999656677246,11.84000015258789,11.84000015258789,6835600
2021-03-31,12.670000076293945,13.020000457763672,11.5,12.329999923706055,12.329999923706055,5288200
2021-04-01,12.5,12.600000381469727,11.300000190734863,11.430000305175781,11.430000305175781,3356900
2021-04-05,11.449999809265137,11.520000457763672,10.670000076293945,10.789999961853027,10.789999961853027,1742100
2021-04-06,10.789999961853027,12.239999771118164,10.739999771118164,11.350000381469727,11.350000381469727,2980800
2021-04-07,11.220000267028809,11.319999694824219,10.550000190734863,10.680000305175781,10.680000305175781,1717400
2021-04-08,10.760000228881836,11.0,10.40999984741211,10.850000381469727,10.850000381469727,1693300
2021-04-09,10.600000381469727,10.75,10.279999732971191,10.350000381469727,10.350000381469727,1211200
2021-04-12,10.279999732971191,10.350000381469727,9.819999694824219,10.050000190734863,10.050000190734863,1488500
2021-04-13,9.989999771118164,10.15999984741211,9.460000038146973,10.039999961853027,10.039999961853027,1655100
2021-04-14,10.039999961853027,10.5600004196167,9.859999656677246,9.970000267028809,9.970000267028809,1402400
2021-04-15,10.140000343322754,10.15999984741211,8.850000381469727,9.109999656677246,9.109999656677246,2461600
2021-04-16,9.050000190734863,9.520000457763672,8.6899995803833,9.210000038146973,9.210000038146973,1647500
2021-04-19,9.300000190734863,9.300000190734863,8.529999732971191,8.739999771118164,8.739999771118164,1939200
2021-04-20,8.630000114440918,9.170000076293945,8.399999618530273,8.59000015258789,8.59000015258789,1548900
2021-04-21,8.529999732971191,9.460000038146973,8.3100004196167,9.369999885559082,9.369999885559082,1672700
2021-04-22,9.84000015258789,10.5,9.130000114440918,9.329999923706055,9.329999923706055,2701800
2021-04-23,9.399999618530273,10.300000190734863,9.239999771118164,10.109999656677246,10.109999656677246,1684100
2021-04-26,10.25,10.680000305175781,9.729999542236328,10.550000190734863,10.550000190734863,1721100
2021-04-27,10.569999694824219,10.600000381469727,10.0,10.479999542236328,10.479999542236328,1935700
2021-04-28,10.119999885559082,10.380000114440918,9.869999885559082,10.229999542236328,10.229999542236328,1249200
2021-04-29,10.319999694824219,10.449999809265137,9.350000381469727,9.640000343322754,9.640000343322754,1627600
2021-04-30,9.619999885559082,10.130000114440918,9.460000038146973,9.630000114440918,9.630000114440918,941000
2021-05-03,9.699999809265137,9.699999809265137,8.850000381469727,8.960000038146973,8.960000038146973,2253100
2021-05-04,8.880000114440918,8.880000114440918,8.260000228881836,8.649999618530273,8.649999618530273,1491000
2021-05-05,8.699999809265137,8.859999656677246,8.220000267028809,8.350000381469727,8.350000381469727,1438800
2021-05-06,8.25,8.399999618530273,7.820000171661377,8.199999809265137,8.199999809265137,1513800
2021-05-07,8.220000267028809,8.640000343322754,8.039999961853027,8.289999961853027,8.289999961853027,1061700
2021-05-10,8.239999771118164,8.239999771118164,7.519999980926514,7.53000020980835,7.53000020980835,1559700
2021-05-11,6.849999904632568,7.789999961853027,6.730000019073486,7.639999866485596,7.639999866485596,1620500
2021-05-12,7.539999961853027,7.78000020980835,7.119999885559082,7.150000095367432,7.150000095367432,977000
2021-05-13,7.210000038146973,7.739999771118164,6.829999923706055,7.090000152587891,7.090000152587891,1578000
2021-05-14,7.380000114440918,7.699999809265137,7.269999980926514,7.510000228881836,7.510000228881836,911900
2021-05-17,7.510000228881836,7.579999923706055,7.170000076293945,7.349999904632568,7.349999904632568,753800
2021-05-18,7.389999866485596,8.09000015258789,7.210000038146973,7.78000020980835,7.78000020980835,1464700
2021-05-19,7.409999847412109,8.199999809265137,7.309999942779541,7.929999828338623,7.929999828338623,1807500
2021-05-20,8.1899995803833,8.369999885559082,7.409999847412109,7.75,7.75,2251100
2021-05-21,7.809999942779541,8.399999618530273,7.599999904632568,8.100000381469727,8.100000381469727,1659400
2021-05-24,8.220000267028809,8.329999923706055,7.320000171661377,7.550000190734863,7.550000190734863,2196900
2021-05-25,7.670000076293945,7.949999809265137,7.53000020980835,7.610000133514404,7.610000133514404,1405000
2021-05-26,7.829999923706055,9.149999618530273,7.599999904632568,8.859999656677246,8.859999656677246,4151800
2021-05-27,8.899999618530273,8.960000038146973,8.350000381469727,8.829999923706055,8.829999923706055,3420600
2021-05-28,8.890000343322754,9.180000305175781,8.020000457763672,8.149999618530273,8.149999618530273,3686500
2021-06-01,8.350000381469727,8.529999732971191,7.940000057220459,8.119999885559082,8.119999885559082,2095400
2021-06-02,8.180000305175781,8.300000190734863,7.71999979019165,8.270000457763672,8.270000457763672,2077700
2021-06-03,8.100000381469727,8.460000038146973,7.960000038146973,8.039999961853027,8.039999961853027,1682200
2021-06-04,8.170000076293945,8.800000190734863,8.15999984741211,8.380000114440918,8.380000114440918,2833800
2021-06-07,8.5,9.350000381469727,8.119999885559082,9.130000114440918,9.130000114440918,3435700
2021-06-08,9.4399995803833,10.050000190734863,8.819999694824219,9.289999961853027,9.289999961853027,4544500
2021-06-09,9.630000114440918,9.899999618530273,8.960000038146973,9.039999961853027,9.039999961853027,3049900
2021-06-10,9.140000343322754,10.699999809265137,9.029999732971191,9.220000267028809,9.220000267028809,5911400
2021-06-11,9.350000381469727,9.75,9.180000305175781,9.449999809265137,9.449999809265137,2530000
2021-06-14,9.600000381469727,10.229999542236328,9.300000190734863,9.4399995803833,9.4399995803833,3871300
2021-06-15,9.460000038146973,9.510000228881836,8.350000381469727,8.460000038146973,8.460000038146973,4062800
2021-06-16,8.350000381469727,8.739999771118164,8.199999809265137,8.680000305175781,8.680000305175781,2930000
2021-06-17,8.529999732971191,8.770000457763672,8.3100004196167,8.529999732971191,8.529999732971191,3682300
2021-06-18,8.5,8.510000228881836,7.920000076293945,8.279999732971191,8.279999732971191,7189200
2021-06-21,8.260000228881836,8.260000228881836,7.550000190734863,7.829999923706055,7.829999923706055,2973800
2021-06-22,7.860000133514404,8.149999618530273,7.78000020980835,8.140000343322754,8.140000343322754,1879300
2021-06-23,8.170000076293945,8.6899995803833,7.900000095367432,8.619999885559082,8.619999885559082,2596200
2021-06-24,8.569999694824219,8.739999771118164,8.210000038146973,8.670000076293945,8.670000076293945,1785200
2021-06-25,8.710000038146973,9.130000114440918,8.649999618530273,8.960000038146973,8.960000038146973,2665600
2021-06-28,9.010000228881836,9.880000114440918,8.90999984741211,9.739999771118164,9.739999771118164,3373800
2021-06-29,9.899999618530273,10.0,9.180000305175781,9.399999618530273,9.399999618530273,3615500
2021-06-30,9.4399995803833,9.470000267028809,9.020000457763672,9.100000381469727,9.100000381469727,1314100
2021-07-01,9.199999809265137,9.300000190734863,8.699999809265137,9.069999694824219,9.069999694824219,1194700
2021-07-02,9.130000114440918,9.25,8.640000343322754,8.640000343322754,8.640000343322754,1122400
2021-07-06,8.569999694824219,8.869999885559082,8.390000343322754,8.619999885559082,8.619999885559082,1105900
2021-07-07,8.699999809265137,8.930000305175781,8.15999984741211,8.3100004196167,8.3100004196167,1411500
2021-07-08,8.0,8.34000015258789,7.809999942779541,8.1899995803833,8.1899995803833,1222400
2021-07-09,8.350000381469727,8.350000381469727,7.929999828338623,8.119999885559082,8.119999885559082,1042000
2021-07-12,8.039999961853027,8.25,7.960000038146973,8.239999771118164,8.239999771118164,713400
2021-07-13,8.229999542236328,8.289999961853027,7.75,7.75,7.75,1404400
2021-07-14,7.800000190734863,7.880000114440918,7.28000020980835,7.309999942779541,7.309999942779541,1352400
2021-07-15,7.25,7.53000020980835,7.119999885559082,7.389999866485596,7.389999866485596,1079100
2021-07-16,7.460000038146973,7.539999961853027,7.010000228881836,7.059999942779541,7.059999942779541,881400
2021-07-19,6.809999942779541,6.96999979019165,6.579999923706055,6.889999866485596,6.889999866485596,1380600
2021-07-20,6.909999847412109,7.329999923706055,6.630000114440918,7.230000019073486,7.230000019073486,1198400
2021-07-21,7.300000190734863,7.730000019073486,7.239999771118164,7.650000095367432,7.650000095367432,850600
2021-07-22,7.559999942779541,7.619999885559082,7.159999847412109,7.389999866485596,7.389999866485596,684400
2021-07-23,7.239999771118164,7.309999942779541,6.809999942779541,6.980000019073486,6.980000019073486,1063400
2021-07-26,6.889999866485596,7.199999809265137,6.769999980926514,6.960000038146973,6.960000038146973,701600
2021-07-27,6.960000038146973,6.989999771118164,6.559999942779541,6.829999923706055,6.829999923706055,931600
2021-07-28,6.940000057220459,7.650000095367432,6.880000114440918,7.440000057220459,7.440000057220459,1220100
2021-07-29,7.5,7.599999904632568,7.210000038146973,7.389999866485596,7.389999866485596,647800
2021-07-30,7.289999961853027,7.699999809265137,7.260000228881836,7.489999771118164,7.489999771118164,506300
2021-08-02,7.510000228881836,7.590000152587891,7.25,7.28000020980835,7.28000020980835,570800
2021-08-03,7.440000057220459,7.440000057220459,7.019999980926514,7.199999809265137,7.199999809265137,584200
2021-08-04,7.190000057220459,7.329999923706055,7.039999961853027,7.099999904632568,7.099999904632568,574500
2021-08-05,7.070000171661377,7.320000171661377,7.039999961853027,7.190000057220459,7.190000057220459,428400
2021-08-06,7.28000020980835,7.539999961853027,7.119999885559082,7.349999904632568,7.349999904632568,654300
2021-08-09,7.369999885559082,7.889999866485596,7.230000019073486,7.699999809265137,7.699999809265137,904300
2021-08-10,7.760000228881836,7.840000152587891,7.510000228881836,7.789999961853027,7.789999961853027,784000
2021-08-11,7.710000038146973,7.71999979019165,7.380000114440918,7.550000190734863,7.550000190734863,577000
2021-08-12,7.5,7.53000020980835,7.190000057220459,7.28000020980835,7.28000020980835,580500
2021-08-13,7.309999942779541,7.309999942779541,6.829999923706055,6.840000152587891,6.840000152587891,1255000
2021-08-16,6.829999923706055,6.869999885559082,6.590000152587891,6.619999885559082,6.619999885559082,851900
2021-08-17,6.489999771118164,6.5,6.130000114440918,6.300000190734863,6.300000190734863,1189600
2021-08-18,6.260000228881836,6.630000114440918,6.199999809265137,6.440000057220459,6.440000057220459,939100
2021-08-19,6.289999961853027,6.5,6.119999885559082,6.170000076293945,6.170000076293945,666900
2021-08-20,6.199999809265137,6.46999979019165,6.190000057220459,6.460000038146973,6.460000038146973,749100
2021-08-23,6.579999923706055,6.760000228881836,6.46999979019165,6.659999847412109,6.659999847412109,750600
2021-08-24,6.75,6.920000076293945,6.699999809265137,6.869999885559082,6.869999885559082,749500
2021-08-25,6.909999847412109,6.989999771118164,6.730000019073486,6.739999771118164,6.739999771118164,755600
2021-08-26,6.75,7.019999980926514,6.639999866485596,6.699999809265137,6.699999809265137,592800
2021-08-27,6.71999979019165,6.960000038146973,6.710000038146973,6.949999809265137,6.949999809265137,645300
2021-08-30,7.159999847412109,7.380000114440918,6.760000228881836,7.079999923706055,7.079999923706055,2132400
2021-08-31,6.650000095367432,7.139999866485596,6.550000190734863,7.0,7.0,1809500
2021-09-01,6.96999979019165,7.380000114440918,6.909999847412109,7.139999866485596,7.139999866485596,1273400
2021-09-02,7.300000190734863,7.71999979019165,7.230000019073486,7.309999942779541,7.309999942779541,1604500
2021-09-03,7.380000114440918,7.409999847412109,7.0,7.090000152587891,7.090000152587891,745300
2021-09-07,7.099999904632568,7.349999904632568,7.0,7.130000114440918,7.130000114440918,896500
2021-09-08,7.25,7.409999847412109,6.739999771118164,6.789999961853027,6.789999961853027,1329300
2021-09-09,6.78000020980835,7.28000020980835,6.699999809265137,7.230000019073486,7.230000019073486,1238700
2021-09-10,7.349999904632568,7.53000020980835,7.090000152587891,7.119999885559082,7.119999885559082,1270200
2021-09-13,7.170000076293945,7.329999923706055,6.920000076293945,7.159999847412109,7.159999847412109,1099600
2021-09-14,7.170000076293945,7.360000133514404,6.980000019073486,7.059999942779541,7.059999942779541,699400
2021-09-15,7.010000228881836,7.199999809265137,6.920000076293945,7.179999828338623,7.179999828338623,644300
2021-09-16,7.059999942779541,7.179999828338623,6.820000171661377,6.880000114440918,6.880000114440918,1146800
2021-09-17,7.039999961853027,7.489999771118164,6.920000076293945,7.480000019073486,7.480000019073486,2263800
2021-09-20,7.070000171661377,7.21999979019165,6.610000133514404,6.71999979019165,6.71999979019165,1887800
2021-09-21,6.860000133514404,6.880000114440918,6.550000190734863,6.670000076293945,6.670000076293945,869700
2021-09-22,6.71999979019165,6.980000019073486,6.71999979019165,6.829999923706055,6.829999923706055,912000
2021-09-23,6.849999904632568,7.050000190734863,6.710000038146973,7.0,7.0,1085500
2021-09-24,6.940000057220459,6.949999809265137,6.46999979019165,6.46999979019165,6.46999979019165,1495500
2021-09-27,6.53000020980835,6.71999979019165,6.360000133514404,6.670000076293945,6.670000076293945,1278300
2021-09-28,6.53000020980835,6.619999885559082,6.289999961853027,6.329999923706055,6.329999923706055,1298100
2021-09-29,6.380000114440918,6.510000228881836,6.190000057220459,6.309999942779541,6.309999942779541,1948900
2021-09-30,6.389999866485596,6.690000057220459,6.329999923706055,6.570000171661377,6.570000171661377,954600
2021-10-01,6.539999961853027,6.690000057220459,6.46999979019165,6.650000095367432,6.650000095367432,749100
2021-10-04,6.650000095367432,6.650000095367432,6.019999980926514,6.050000190734863,6.050000190734863,1391600
2021-10-05,6.070000171661377,6.199999809265137,6.010000228881836,6.179999828338623,6.179999828338623,736900
2021-10-06,6.050000190734863,6.230000019073486,5.989999771118164,6.070000171661377,6.070000171661377,708800
2021-10-07,6.199999809265137,6.510000228881836,6.170000076293945,6.380000114440918,6.380000114440918,1175500
2021-10-08,6.420000076293945,6.449999809265137,6.260000228881836,6.320000171661377,6.320000171661377,515800
2021-10-11,6.349999904632568,6.829999923706055,6.300000190734863,6.639999866485596,6.639999866485596,1227100
2021-10-12,6.710000038146973,7.059999942779541,6.670000076293945,6.980000019073486,6.980000019073486,1541200
2021-10-13,7.199999809265137,7.309999942779541,6.989999771118164,7.25,7.25,1297400
2021-10-14,7.309999942779541,7.320000171661377,6.860000133514404,7.010000228881836,7.010000228881836,1484200
2021-10-15,7.059999942779541,7.21999979019165,6.900000095367432,6.980000019073486,6.980000019073486,715700
2021-10-18,6.849999904632568,7.389999866485596,6.849999904632568,7.360000133514404,7.360000133514404,1678400
2021-10-19,7.420000076293945,7.940000057220459,7.360000133514404,7.820000171661377,7.820000171661377,3024600
2021-10-20,7.940000057220459,7.96999979019165,7.599999904632568,7.920000076293945,7.920000076293945,1959600
2021-10-21,7.789999961853027,8.420000076293945,7.769999980926514,7.820000171661377,7.820000171661377,2222700
2021-10-22,7.760000228881836,7.889999866485596,7.599999904632568,7.849999904632568,7.849999904632568,1184400
2021-10-25,8.0,8.199999809265137,7.679999828338623,8.170000076293945,8.170000076293945,1350100
2021-10-26,8.140000343322754,8.739999771118164,8.010000228881836,8.079999923706055,8.079999923706055,4792000
2021-10-27,8.449999809265137,8.989999771118164,8.34000015258789,8.489999771118164,8.489999771118164,3975900
2021-10-28,8.550000190734863,8.9399995803833,8.430000305175781,8.930000305175781,8.930000305175781,2128700
2021-10-29,8.970000267028809,9.199999809265137,8.739999771118164,8.890000343322754,8.890000343322754,1766600
2021-11-01,8.970000267028809,9.479999542236328,8.949999809265137,9.479999542236328,9.479999542236328,1732500
2021-11-02,9.5,9.720000267028809,8.710000038146973,8.989999771118164,8.989999771118164,2159800
2021-11-03,8.819999694824219,9.109999656677246,8.649999618530273,9.079999923706055,9.079999923706055,1430500
2021-11-04,9.109999656677246,9.109999656677246,8.720000267028809,8.949999809265137,8.949999809265137,1154200
2021-11-05,8.899999618530273,8.960000038146973,8.460000038146973,8.59000015258789,8.59000015258789,1492300
2021-11-08,8.720000267028809,9.229999542236328,8.630000114440918,9.149999618530273,9.149999618530273,1466000
2021-11-09,9.210000038146973,9.25,8.5,8.729999542236328,8.729999542236328,1078000
2021-11-10,8.609999656677246,8.869999885559082,8.350000381469727,8.470000267028809,8.470000267028809,1202400
2021-11-11,8.6899995803833,9.199999809265137,8.550000190734863,9.050000190734863,9.050000190734863,1365900
2021-11-12,9.050000190734863,9.279999732971191,9.0,9.220000267028809,9.220000267028809,1437100
2021-11-15,9.25,9.3100004196167,8.630000114440918,8.720000267028809,8.720000267028809,1175000
2021-11-16,8.8100004196167,8.970000267028809,8.40999984741211,8.65999984741211,8.65999984741211,2682900
2021-11-17,8.529999732971191,8.649999618530273,8.119999885559082,8.149999618530273,8.149999618530273,1212700
2021-11-18,8.180000305175781,8.1899995803833,7.71999979019165,7.840000152587891,7.840000152587891,1279500
2021-11-19,7.739999771118164,7.989999771118164,7.739999771118164,7.78000020980835,7.78000020980835,766200
2021-11-22,7.789999961853027,7.940000057220459,7.289999961853027,7.360000133514404,7.360000133514404,1934700
2021-11-23,7.239999771118164,7.5,7.119999885559082,7.309999942779541,7.309999942779541,1265900
2021-11-24,7.289999961853027,7.400000095367432,7.039999961853027,7.269999980926514,7.269999980926514,918100
2021-11-26,7.0,7.150000095367432,6.869999885559082,7.03000020980835,7.03000020980835,590100
2021-11-29,7.159999847412109,7.21999979019165,6.849999904632568,7.079999923706055,7.079999923706055,1041800
2021-11-30,7.010000228881836,7.130000114440918,6.670000076293945,6.900000095367432,6.900000095367432,1307600
2021-12-01,7.070000171661377,7.199999809265137,6.519999980926514,6.559999942779541,6.559999942779541,1460000
2021-12-02,6.300000190734863,6.420000076293945,5.369999885559082,6.059999942779541,6.059999942779541,5734200
2021-12-03,5.960000038146973,5.96999979019165,5.050000190734863,5.230000019073486,5.230000019073486,4319000
2021-12-06,5.309999942779541,5.639999866485596,5.010000228881836,5.590000152587891,5.590000152587891,3184800
2021-12-07,5.71999979019165,5.960000038146973,5.699999809265137,5.840000152587891,5.840000152587891,2262600
2021-12-08,5.070000171661377,5.880000114440918,4.840000152587891,5.849999904632568,5.849999904632568,2941500
2021-12-09,5.679999828338623,6.039999961853027,5.679999828338623,5.730000019073486,5.730000019073486,1527600
2021-12-10,5.760000228881836,5.940000057220459,5.690000057220459,5.710000038146973,5.710000038146973,1279000
2021-12-13,5.699999809265137,6.269999980926514,5.610000133514404,6.079999923706055,6.079999923706055,3390600
2021-12-14,5.889999866485596,6.099999904632568,5.849999904632568,5.920000076293945,5.920000076293945,2093200
2021-12-15,5.920000076293945,6.21999979019165,5.679999828338623,6.170000076293945,6.170000076293945,1980800
2021-12-16,6.309999942779541,6.559999942779541,5.960000038146973,6.019999980926514,6.019999980926514,2151600
2021-12-17,5.920000076293945,6.559999942779541,5.900000095367432,6.269999980926514,6.269999980926514,5004100
2021-12-20,6.039999961853027,6.139999866485596,5.630000114440918,5.679999828338623,5.679999828338623,1816100
2021-12-21,5.78000020980835,6.019999980926514,5.78000020980835,6.010000228881836,6.010000228881836,1167900
2021-12-22,5.960000038146973,6.010000228881836,5.880000114440918,5.949999809265137,5.949999809265137,1008900
2021-12-23,5.940000057220459,6.099999904632568,5.900000095367432,6.039999961853027,6.039999961853027,1014100
2021-12-27,6.03000020980835,6.099999904632568,5.909999847412109,5.949999809265137,5.949999809265137,1148500
2021-12-28,5.900000095367432,6.170000076293945,5.789999961853027,5.800000190734863,5.800000190734863,1257300
2021-12-29,5.710000038146973,5.739999771118164,5.550000190734863,5.559999942779541,5.559999942779541,1090900
2021-12-30,5.53000020980835,6.050000190734863,5.480000019073486,5.940000057220459,5.940000057220459,1414200
2021-12-31,5.949999809265137,6.210000038146973,5.949999809265137,5.960000038146973,5.960000038146973,914800
2022-01-03,6.079999923706055,6.21999979019165,5.929999828338623,6.150000095367432,6.150000095367432,1134900
2022-01-04,6.510000228881836,6.519999980926514,5.760000228881836,6.130000114440918,6.130000114440918,1997700
2022-01-05,6.190000057220459,6.71999979019165,6.099999904632568,6.170000076293945,6.170000076293945,2464200
2022-01-06,6.139999866485596,6.239999771118164,5.849999904632568,6.0,6.0,1450400
2022-01-07,6.050000190734863,6.53000020980835,6.03000020980835,6.369999885559082,6.369999885559082,1437400
2022-01-10,6.309999942779541,6.340000152587891,5.809999942779541,5.940000057220459,5.940000057220459,1330700
2022-01-11,5.96999979019165,6.289999961853027,5.940000057220459,6.260000228881836,6.260000228881836,920300
2022-01-12,6.380000114440918,6.630000114440918,6.25,6.369999885559082,6.369999885559082,991800
2022-01-13,6.5,6.510000228881836,6.119999885559082,6.170000076293945,6.170000076293945,887900
2022-01-14,6.059999942779541,6.329999923706055,6.039999961853027,6.309999942779541,6.309999942779541,906100
2022-01-18,6.210000038146973,6.389999866485596,5.96999979019165,5.980000019073486,5.980000019073486,978600
2022-01-19,6.010000228881836,6.059999942779541,5.809999942779541,5.880000114440918,5.880000114440918,783000
2022-01-20,6.03000020980835,6.340000152587891,5.860000133514404,5.880000114440918,5.880000114440918,985300
2022-01-21,5.800000190734863,5.849999904632568,5.5,5.559999942779541,5.559999942779541,1132900
2022-01-24,5.230000019073486,5.449999809265137,4.860000133514404,5.449999809265137,5.449999809265137,1741300
2022-01-25,5.28000020980835,5.449999809265137,5.159999847412109,5.289999961853027,5.289999961853027,771400
2022-01-26,5.519999980926514,5.670000076293945,5.059999942779541,5.070000171661377,5.070000171661377,1765700
2022-01-27,5.150000095367432,5.25,4.840000152587891,4.880000114440918,4.880000114440918,1166300
2022-01-28,4.909999847412109,4.929999828338623,4.650000095367432,4.900000095367432,4.900000095367432,906700
2022-01-31,5.0,5.449999809265137,5.0,5.429999828338623,5.429999828338623,920000
2022-02-01,5.409999847412109,5.53000020980835,5.28000020980835,5.460000038146973,5.460000038146973,622700
2022-02-02,5.510000228881836,5.510000228881836,5.159999847412109,5.230000019073486,5.230000019073486,601400
2022-02-03,5.159999847412109,5.269999980926514,4.960000038146973,5.0,5.0,592900
2022-02-04,5.0,5.269999980926514,4.949999809265137,5.210000038146973,5.210000038146973,560400
2022-02-07,5.239999771118164,5.409999847412109,5.210000038146973,5.230000019073486,5.230000019073486,468800
2022-02-08,5.21999979019165,5.480000019073486,5.190000057220459,5.449999809265137,5.449999809265137,498600
2022-02-09,5.710000038146973,5.739999771118164,5.46999979019165,5.699999809265137,5.699999809265137,668400
2022-02-10,5.400000095367432,6.090000152587891,5.349999904632568,5.760000228881836,5.760000228881836,1641100
2022-02-11,5.800000190734863,5.900000095367432,5.5,5.599999904632568,5.599999904632568,787300
2022-02-14,5.460000038146973,5.809999942779541,5.460000038146973,5.670000076293945,5.670000076293945,590200
2022-02-15,5.849999904632568,5.980000019073486,5.820000171661377,5.980000019073486,5.980000019073486,690700
2022-02-16,5.909999847412109,6.050000190734863,5.840000152587891,5.940000057220459,5.940000057220459,584500
2022-02-17,5.869999885559082,5.96999979019165,5.659999847412109,5.699999809265137,5.699999809265137,465800
2022-02-18,5.699999809265137,5.710000038146973,5.489999771118164,5.559999942779541,5.559999942779541,466900
2022-02-22,5.320000171661377,5.429999828338623,5.119999885559082,5.199999809265137,5.199999809265137,597200
2022-02-23,5.329999923706055,5.389999866485596,5.139999866485596,5.139999866485596,5.139999866485596,611600
2022-02-24,4.699999809265137,5.510000228881836,4.53000020980835,5.510000228881836,5.510000228881836,832100
2022-02-25,5.650000095367432,5.650000095367432,5.320000171661377,5.519999980926514,5.519999980926514,413200
2022-02-28,5.650000095367432,6.179999828338623,5.619999885559082,6.010000228881836,6.010000228881836,1798200
2022-03-01,6.099999904632568,6.420000076293945,6.070000171661377,6.210000038146973,6.210000038146973,1197500
2022-03-02,6.210000038146973,6.230000019073486,5.889999866485596,6.079999923706055,6.079999923706055,677200
2022-03-03,6.070000171661377,6.090000152587891,5.510000228881836,5.559999942779541,5.559999942779541,1188400
2022-03-04,5.5,5.619999885559082,5.360000133514404,5.389999866485596,5.389999866485596,948900
2022-03-07,5.440000057220459,5.960000038146973,5.400000095367432,5.940000057220459,5.940000057220459,1544900
2022-03-08,6.210000038146973,8.430000305175781,6.150000095367432,8.109999656677246,8.109999656677246,7614400
2022-03-09,7.309999942779541,7.320000171661377,6.679999828338623,6.840000152587891,6.840000152587891,2949000
2022-03-10,7.059999942779541,7.059999942779541,6.510000228881836,6.789999961853027,6.789999961853027,1291800
2022-03-11,6.860000133514404,7.039999961853027,6.28000020980835,6.329999923706055,6.329999923706055,2520500
2022-03-14,6.170000076293945,6.170000076293945,5.53000020980835,5.559999942779541,5.559999942779541,1479200
2022-03-15,5.199999809265137,5.75,5.0,5.710000038146973,5.710000038146973,1781200
2022-03-16,5.989999771118164,6.510000228881836,5.860000133514404,6.489999771118164,6.489999771118164,1719400
2022-03-17,6.340000152587891,6.659999847412109,6.239999771118164,6.599999904632568,6.599999904632568,1268500
2022-03-18,6.53000020980835,7.090000152587891,6.489999771118164,6.880000114440918,6.880000114440918,2090500
2022-03-21,6.730000019073486,6.980000019073486,6.599999904632568,6.840000152587891,6.840000152587891,1014600
2022-03-22,7.019999980926514,7.170000076293945,6.75,6.829999923706055,6.829999923706055,1101000
2022-03-23,6.710000038146973,7.079999923706055,6.690000057220459,6.800000190734863,6.800000190734863,1199500
2022-03-24,6.75,6.860000133514404,6.119999885559082,6.260000228881836,6.260000228881836,1853400
2022-03-25,6.389999866485596,6.409999847412109,5.760000228881836,5.840000152587891,5.840000152587891,1534500
2022-03-28,5.840000152587891,5.980000019073486,5.610000133514404,5.920000076293945,5.920000076293945,1261600
2022-03-29,5.980000019073486,6.139999866485596,5.869999885559082,6.070000171661377,6.070000171661377,1321700
2022-03-30,6.139999866485596,6.329999923706055,5.949999809265137,5.960000038146973,5.960000038146973,2371700
2022-03-31,5.96999979019165,6.010000228881836,5.739999771118164,5.809999942779541,5.809999942779541,769600
2022-04-01,5.900000095367432,6.110000133514404,5.760000228881836,5.869999885559082,5.869999885559082,859300
2022-04-04,5.96999979019165,6.380000114440918,5.96999979019165,6.25,6.25,935700
2022-04-05,6.300000190734863,6.320000171661377,5.809999942779541,5.809999942779541,5.809999942779541,882000
2022-04-06,5.710000038146973,5.800000190734863,5.480000019073486,5.550000190734863,5.550000190734863,857000
2022-04-07,5.550000190734863,5.75,5.409999847412109,5.579999923706055,5.579999923706055,585700
2022-04-08,5.539999961853027,5.630000114440918,5.349999904632568,5.539999961853027,5.539999961853027,926100
2022-04-11,5.539999961853027,5.579999923706055,5.389999866485596,5.429999828338623,5.429999828338623,479700
2022-04-12,5.559999942779541,5.699999809265137,5.449999809265137,5.539999961853027,5.539999961853027,491500
2022-04-13,5.539999961853027,5.670000076293945,5.519999980926514,5.599999904632568,5.599999904632568,419400
2022-04-14,5.630000114440918,5.659999847412109,5.429999828338623,5.449999809265137,5.449999809265137,524200
2022-04-18,5.440000057220459,5.46999979019165,5.309999942779541,5.420000076293945,5.420000076293945,542400
2022-04-19,5.429999828338623,5.710000038146973,5.340000152587891,5.630000114440918,5.630000114440918,365800
2022-04-20,5.679999828338623,5.679999828338623,5.380000114440918,5.420000076293945,5.420000076293945,475700
2022-04-21,5.420000076293945,5.519999980926514,5.010000228881836,5.059999942779541,5.059999942779541,954000
2022-04-22,5.059999942779541,5.199999809265137,4.900000095367432,4.920000076293945,4.920000076293945,750500
2022-04-25,4.880000114440918,4.980000019073486,4.650000095367432,4.96999979019165,4.96999979019165,782900
2022-04-26,4.929999828338623,4.949999809265137,4.639999866485596,4.710000038146973,4.710000038146973,1148300
2022-04-27,4.690000057220459,4.829999923706055,4.630000114440918,4.75,4.75,882100
2022-04-28,4.820000171661377,4.989999771118164,4.650000095367432,4.880000114440918,4.880000114440918,487300
2022-04-29,4.880000114440918,5.070000171661377,4.809999942779541,4.820000171661377,4.820000171661377,374800
2022-05-02,4.75,4.829999923706055,4.550000190734863,4.710000038146973,4.710000038146973,484900
2022-05-03,4.679999828338623,4.889999866485596,4.679999828338623,4.840000152587891,4.840000152587891,437100
2022-05-04,4.840000152587891,5.349999904632568,4.789999961853027,5.28000020980835,5.28000020980835,755300
2022-05-05,5.260000228881836,5.28000020980835,4.840000152587891,4.920000076293945,4.920000076293945,535300
2022-05-06,4.869999885559082,4.869999885559082,4.429999828338623,4.519999980926514,4.519999980926514,688500
2022-05-09,4.360000133514404,4.409999847412109,4.079999923706055,4.110000133514404,4.110000133514404,683100
2022-05-10,4.28000020980835,4.329999923706055,3.9200000762939453,4.070000171661377,4.070000171661377,649600
2022-05-11,4.050000190734863,4.090000152587891,3.690000057220459,3.7300000190734863,3.7300000190734863,970300
2022-05-12,3.509999990463257,4.130000114440918,3.4600000381469727,3.9000000953674316,3.9000000953674316,966800
2022-05-13,4.079999923706055,4.230000019073486,4.079999923706055,4.190000057220459,4.190000057220459,353400
2022-05-16,4.190000057220459,4.269999980926514,4.059999942779541,4.139999866485596,4.139999866485596,318300
2022-05-17,4.25,4.429999828338623,4.190000057220459,4.369999885559082,4.369999885559082,449400
2022-05-18,4.309999942779541,4.590000152587891,4.239999771118164,4.25,4.25,509000
2022-05-19,4.28000020980835,4.590000152587891,4.230000019073486,4.480000019073486,4.480000019073486,406200
2022-05-20,4.579999923706055,4.579999923706055,4.300000190734863,4.559999942779541,4.559999942779541,425300
2022-05-23,4.619999885559082,4.619999885559082,4.360000133514404,4.550000190734863,4.550000190734863,319900
2022-05-24,4.440000057220459,4.5,4.300000190734863,4.420000076293945,4.420000076293945,348800
2022-05-25,4.349999904632568,4.559999942779541,4.239999771118164,4.449999809265137,4.449999809265137,554600
2022-05-26,4.46999979019165,4.71999979019165,4.46999979019165,4.690000057220459,4.690000057220459,364800
2022-05-27,4.710000038146973,4.869999885559082,4.659999847412109,4.860000133514404,4.860000133514404,409600
2022-05-31,4.869999885559082,4.949999809265137,4.670000076293945,4.769999980926514,4.769999980926514,468800
2022-06-01,4.829999923706055,4.909999847412109,4.599999904632568,4.619999885559082,4.619999885559082,351800
2022-06-02,4.650000095367432,4.989999771118164,4.590000152587891,4.949999809265137,4.949999809265137,387700
2022-06-03,4.809999942779541,4.960000038146973,4.710000038146973,4.849999904632568,4.849999904632568,228100
2022-06-06,5.210000038146973,5.309999942779541,4.849999904632568,4.909999847412109,4.909999847412109,1474300
2022-06-07,4.900000095367432,5.179999828338623,4.900000095367432,5.139999866485596,5.139999866485596,682900
2022-06-08,4.980000019073486,5.230000019073486,4.900000095367432,5.090000152587891,5.090000152587891,591800
2022-06-09,4.949999809265137,5.010000228881836,4.730000019073486,4.900000095367432,4.900000095367432,749100
2022-06-10,4.71999979019165,4.96999979019165,4.53000020980835,4.570000171661377,4.570000171661377,772700
2022-06-13,4.420000076293945,4.619999885559082,4.369999885559082,4.539999961853027,4.539999961853027,1187900
2022-06-14,4.539999961853027,4.579999923706055,4.349999904632568,4.429999828338623,4.429999828338623,1194800
2022-06-15,4.800000190734863,5.070000171661377,4.670000076293945,5.019999980926514,5.019999980926514,1236500
2022-06-16,4.860000133514404,4.860000133514404,4.539999961853027,4.679999828338623,4.679999828338623,937700
2022-06-17,4.800000190734863,5.179999828338623,4.679999828338623,4.889999866485596,4.889999866485596,3400800
2022-06-21,4.989999771118164,4.989999771118164,4.579999923706055,4.670000076293945,4.670000076293945,1718800
2022-06-22,4.550000190734863,4.670000076293945,4.480000019073486,4.579999923706055,4.579999923706055,1598000
2022-06-23,4.730000019073486,4.960000038146973,4.710000038146973,4.920000076293945,4.920000076293945,1139200
2022-06-24,4.960000038146973,4.980000019073486,4.760000228881836,4.809999942779541,4.809999942779541,665800
2022-06-27,4.789999961853027,5.199999809265137,4.739999771118164,5.159999847412109,5.159999847412109,966100
2022-06-28,5.159999847412109,5.199999809265137,4.840000152587891,4.840000152587891,4.840000152587891,517700
2022-06-29,4.699999809265137,4.710000038146973,4.400000095367432,4.480000019073486,4.480000019073486,1429900
2022-06-30,4.400000095367432,4.809999942779541,4.400000095367432,4.75,4.75,830800
2022-07-01,4.78000020980835,4.869999885559082,4.579999923706055,4.670000076293945,4.670000076293945,431200
2022-07-05,4.570000171661377,4.71999979019165,4.409999847412109,4.710000038146973,4.710000038146973,547400
2022-07-06,4.679999828338623,4.840000152587891,4.5,4.550000190734863,4.550000190734863,438600
2022-07-07,4.599999904632568,4.880000114440918,4.599999904632568,4.840000152587891,4.840000152587891,505700
2022-07-08,4.760000228881836,5.150000095367432,4.739999771118164,5.059999942779541,5.059999942779541,657700
2022-07-11,4.96999979019165,5.0,4.78000020980835,4.820000171661377,4.820000171661377,413000
2022-07-12,4.840000152587891,4.889999866485596,4.670000076293945,4.840000152587891,4.840000152587891,456800
2022-07-13,4.71999979019165,4.96999979019165,4.699999809265137,4.849999904632568,4.849999904632568,307200
2022-07-14,4.760000228881836,4.889999866485596,4.739999771118164,4.829999923706055,4.829999923706055,280000
2022-07-15,4.760000228881836,4.849999904632568,4.429999828338623,4.699999809265137,4.699999809265137,846900
2022-07-18,4.809999942779541,5.010000228881836,4.769999980926514,4.809999942779541,4.809999942779541,406700
2022-07-19,4.840000152587891,4.940000057220459,4.820000171661377,4.909999847412109,4.909999847412109,316200
2022-07-20,4.889999866485596,5.300000190734863,4.889999866485596,5.28000020980835,5.28000020980835,925300
2022-07-21,5.300000190734863,5.389999866485596,5.039999961853027,5.070000171661377,5.070000171661377,350300
2022-07-22,5.110000133514404,5.119999885559082,4.869999885559082,4.909999847412109,4.909999847412109,272400
2022-07-25,4.909999847412109,4.960000038146973,4.739999771118164,4.909999847412109,4.909999847412109,406200
2022-07-26,4.860000133514404,4.909999847412109,4.730000019073486,4.760000228881836,4.760000228881836,477600
2022-07-27,4.929999828338623,5.230000019073486,4.840000152587891,5.190000057220459,5.190000057220459,539400
2022-07-28,5.489999771118164,5.920000076293945,5.449999809265137,5.760000228881836,5.760000228881836,1921600
2022-07-29,5.670000076293945,6.300000190734863,5.53000020980835,6.28000020980835,6.28000020980835,1409500
2022-08-01,6.300000190734863,6.5,6.059999942779541,6.179999828338623,6.179999828338623,926300
2022-08-02,6.010000228881836,6.690000057220459,6.0,6.690000057220459,6.690000057220459,1656700
2022-08-03,6.75,6.760000228881836,6.53000020980835,6.539999961853027,6.539999961853027,969800
2022-08-04,6.539999961853027,6.699999809265137,6.400000095367432,6.610000133514404,6.610000133514404,518400
2022-08-05,6.78000020980835,7.070000171661377,6.650000095367432,6.980000019073486,6.980000019073486,1007600
2022-08-08,7.5,7.5,7.190000057220459,7.230000019073486,7.230000019073486,902700
2022-08-09,6.989999771118164,7.190000057220459,6.789999961853027,6.840000152587891,6.840000152587891,821700
2022-08-10,7.039999961853027,7.429999828338623,6.960000038146973,7.409999847412109,7.409999847412109,707700
2022-08-11,7.489999771118164,7.489999771118164,6.980000019073486,6.989999771118164,6.989999771118164,850600
2022-08-12,7.03000020980835,7.320000171661377,6.949999809265137,7.199999809265137,7.199999809265137,504700
2022-08-15,7.050000190734863,7.210000038146973,6.900000095367432,7.0,7.0,608800
2022-08-16,7.03000020980835,7.050000190734863,6.579999923706055,6.599999904632568,6.599999904632568,844600
2022-08-17,6.5,6.590000152587891,6.239999771118164,6.340000152587891,6.340000152587891,444100
2022-08-18,6.360000133514404,6.809999942779541,6.360000133514404,6.789999961853027,6.789999961853027,675600
2022-08-19,6.579999923706055,6.639999866485596,6.400000095367432,6.429999828338623,6.429999828338623,452700
2022-08-22,6.239999771118164,6.340000152587891,6.050000190734863,6.25,6.25,612100
2022-08-23,6.320000171661377,6.429999828338623,6.21999979019165,6.25,6.25,337200
2022-08-24,6.300000190734863,6.550000190734863,6.300000190734863,6.440000057220459,6.440000057220459,410200
2022-08-25,6.559999942779541,6.599999904632568,6.329999923706055,6.400000095367432,6.400000095367432,293700
2022-08-26,6.53000020980835,6.53000020980835,6.199999809265137,6.28000020980835,6.28000020980835,422400
2022-08-29,6.199999809265137,6.340000152587891,6.039999961853027,6.059999942779541,6.059999942779541,644800
2022-08-30,6.130000114440918,6.170000076293945,5.829999923706055,5.889999866485596,5.889999866485596,614500
2022-08-31,5.849999904632568,5.909999847412109,5.679999828338623,5.840000152587891,5.840000152587891,494600
2022-09-01,5.650000095367432,5.670000076293945,5.269999980926514,5.329999923706055,5.329999923706055,825100
2022-09-02,5.46999979019165,5.46999979019165,5.079999923706055,5.110000133514404,5.110000133514404,971000
2022-09-06,5.079999923706055,5.28000020980835,4.960000038146973,5.28000020980835,5.28000020980835,682300
2022-09-07,5.340000152587891,5.480000019073486,5.210000038146973,5.429999828338623,5.429999828338623,728700
2022-09-08,5.460000038146973,5.590000152587891,4.960000038146973,5.099999904632568,5.099999904632568,1405000
2022-09-09,5.150000095367432,5.619999885559082,5.150000095367432,5.5,5.5,909500
2022-09-12,5.510000228881836,5.570000171661377,5.340000152587891,5.539999961853027,5.539999961853027,663100
2022-09-13,5.409999847412109,5.760000228881836,5.369999885559082,5.630000114440918,5.630000114440918,869600
2022-09-14,5.699999809265137,5.96999979019165,5.449999809265137,5.96999979019165,5.96999979019165,923700
2022-09-15,5.920000076293945,6.320000171661377,5.909999847412109,6.079999923706055,6.079999923706055,1380400
2022-09-16,5.900000095367432,6.010000228881836,5.769999980926514,5.920000076293945,5.920000076293945,1559000
2022-09-19,5.800000190734863,6.099999904632568,5.769999980926514,6.079999923706055,6.079999923706055,767100
2022-09-20,6.0,6.039999961853027,5.349999904632568,5.349999904632568,5.349999904632568,689400
2022-09-21,5.440000057220459,5.650000095367432,5.329999923706055,5.480000019073486,5.480000019073486,726100
2022-09-22,5.389999866485596,5.489999771118164,5.119999885559082,5.170000076293945,5.170000076293945,555200
2022-09-23,5.230000019073486,5.230000019073486,4.960000038146973,5.119999885559082,5.119999885559082,630900
2022-09-26,5.090000152587891,5.349999904632568,5.039999961853027,5.050000190734863,5.050000190734863,469600
2022-09-27,5.179999828338623,5.300000190734863,5.130000114440918,5.210000038146973,5.210000038146973,556800
2022-09-28,5.210000038146973,5.400000095367432,5.070000171661377,5.349999904632568,5.349999904632568,542000
2022-09-29,5.230000019073486,5.260000228881836,4.909999847412109,5.0,5.0,897000
2022-09-30,5.039999961853027,5.21999979019165,4.960000038146973,5.039999961853027,5.039999961853027,405100
2022-10-03,5.039999961853027,5.260000228881836,5.03000020980835,5.139999866485596,5.139999866485596,447300
2022-10-04,5.300000190734863,5.869999885559082,5.28000020980835,5.849999904632568,5.849999904632568,1061500
2022-10-05,5.710000038146973,5.769999980926514,5.269999980926514,5.329999923706055,5.329999923706055,733400
2022-10-06,5.320000171661377,5.5,5.039999961853027,5.070000171661377,5.070000171661377,774700
2022-10-07,5.010000228881836,5.059999942779541,4.849999904632568,4.900000095367432,4.900000095367432,898500
2022-10-10,4.909999847412109,4.909999847412109,4.510000228881836,4.539999961853027,4.539999961853027,767400
2022-10-11,4.579999923706055,4.670000076293945,4.380000114440918,4.590000152587891,4.590000152587891,639700
2022-10-12,4.53000020980835,4.619999885559082,4.429999828338623,4.480000019073486,4.480000019073486,569800
2022-10-13,4.340000152587891,4.579999923706055,4.25,4.480000019073486,4.480000019073486,436000
2022-10-14,4.559999942779541,4.699999809265137,4.409999847412109,4.449999809265137,4.449999809265137,721900
2022-10-17,4.489999771118164,4.690000057220459,4.489999771118164,4.630000114440918,4.630000114440918,410600
2022-10-18,4.639999866485596,4.829999923706055,4.389999866485596,4.480000019073486,4.480000019073486,655200
2022-10-19,4.400000095367432,4.449999809265137,4.260000228881836,4.289999961853027,4.289999961853027,336400
2022-10-20,4.289999961853027,4.409999847412109,4.210000038146973,4.210000038146973,4.210000038146973,457000
2022-10-21,4.159999847412109,4.269999980926514,4.110000133514404,4.25,4.25,610500
2022-10-24,4.079999923706055,4.21999979019165,3.9100000858306885,4.210000038146973,4.210000038146973,917200
2022-10-25,4.210000038146973,4.510000228881836,4.210000038146973,4.420000076293945,4.420000076293945,584600
2022-10-26,4.420000076293945,4.639999866485596,4.380000114440918,4.480000019073486,4.480000019073486,596500
2022-10-27,4.510000228881836,4.570000171661377,4.389999866485596,4.429999828338623,4.429999828338623,337000
2022-10-28,4.400000095367432,4.46999979019165,4.269999980926514,4.360000133514404,4.360000133514404,417300
2022-10-31,4.309999942779541,4.519999980926514,4.28000020980835,4.519999980926514,4.519999980926514,524300
2022-11-01,4.650000095367432,4.690000057220459,4.360000133514404,4.400000095367432,4.400000095367432,334600
2022-11-02,4.429999828338623,4.5,4.230000019073486,4.25,4.25,299400
2022-11-03,4.25,4.429999828338623,4.199999809265137,4.329999923706055,4.329999923706055,216700
2022-11-04,4.46999979019165,4.489999771118164,4.309999942779541,4.440000057220459,4.440000057220459,309800
2022-11-07,4.460000038146973,4.460000038146973,4.320000171661377,4.409999847412109,4.409999847412109,168600
2022-11-08,4.5,4.5,4.260000228881836,4.349999904632568,4.349999904632568,286300
2022-11-09,4.329999923706055,4.409999847412109,4.150000095367432,4.190000057220459,4.190000057220459,386300
2022-11-10,4.349999904632568,4.860000133514404,4.349999904632568,4.849999904632568,4.849999904632568,1043600
2022-11-11,4.75,4.949999809265137,4.71999979019165,4.829999923706055,4.829999923706055,338500
2022-11-14,4.820000171661377,4.849999904632568,4.619999885559082,4.739999771118164,4.739999771118164,390000
2022-11-15,4.940000057220459,5.070000171661377,4.900000095367432,5.0,5.0,443600
2022-11-16,4.920000076293945,4.960000038146973,4.809999942779541,4.960000038146973,4.960000038146973,375600
2022-11-17,4.809999942779541,4.949999809265137,4.71999979019165,4.949999809265137,4.949999809265137,283900
2022-11-18,5.0,5.050000190734863,4.880000114440918,5.0,5.0,286800
2022-11-21,4.920000076293945,4.929999828338623,4.78000020980835,4.909999847412109,4.909999847412109,284500
2022-11-22,4.860000133514404,4.869999885559082,4.760000228881836,4.860000133514404,4.860000133514404,210300
2022-11-23,4.840000152587891,4.989999771118164,4.820000171661377,4.929999828338623,4.929999828338623,231600
2022-11-25,4.900000095367432,4.929999828338623,4.739999771118164,4.75,4.75,199800
2022-11-28,4.75,4.75,4.260000228881836,4.400000095367432,4.400000095367432,712400
2022-11-29,4.420000076293945,4.510000228881836,4.300000190734863,4.329999923706055,4.329999923706055,459400
2022-11-30,4.380000114440918,4.769999980926514,4.340000152587891,4.71999979019165,4.71999979019165,1117600
2022-12-01,4.789999961853027,4.809999942779541,4.260000228881836,4.550000190734863,4.550000190734863,968000
2022-12-02,4.679999828338623,5.440000057220459,4.599999904632568,5.309999942779541,5.309999942779541,1800100
2022-12-05,5.380000114440918,5.429999828338623,5.039999961853027,5.380000114440918,5.380000114440918,905600
2022-12-06,5.309999942779541,5.360000133514404,4.800000190734863,4.860000133514404,4.860000133514404,1107700
2022-12-07,4.820000171661377,4.920000076293945,4.610000133514404,4.650000095367432,4.650000095367432,897500
2022-12-08,4.699999809265137,4.949999809265137,4.590000152587891,4.869999885559082,4.869999885559082,691700
2022-12-09,4.869999885559082,4.980000019073486,4.71999979019165,4.730000019073486,4.730000019073486,784600
2022-12-12,4.650000095367432,4.659999847412109,4.21999979019165,4.5,4.5,1418000
2022-12-13,4.690000057220459,4.690000057220459,4.510000228881836,4.590000152587891,4.590000152587891,839600
2022-12-14,4.489999771118164,4.550000190734863,4.389999866485596,4.5,4.5,955300
2022-12-15,4.400000095367432,4.5,4.329999923706055,4.420000076293945,4.420000076293945,1176900
2022-12-16,4.53000020980835,4.760000228881836,4.510000228881836,4.679999828338623,4.679999828338623,3968500
2022-12-19,4.630000114440918,4.679999828338623,4.460000038146973,4.5,4.5,467900
2022-12-20,4.449999809265137,4.559999942779541,4.389999866485596,4.449999809265137,4.449999809265137,513000
2022-12-21,4.420000076293945,4.449999809265137,4.309999942779541,4.420000076293945,4.420000076293945,482000
2022-12-22,4.329999923706055,4.369999885559082,4.230000019073486,4.340000152587891,4.340000152587891,589100
2022-12-23,4.320000171661377,4.420000076293945,4.130000114440918,4.380000114440918,4.380000114440918,665500
2022-12-27,4.309999942779541,4.329999923706055,4.179999828338623,4.190000057220459,4.190000057220459,553600
2022-12-28,4.150000095367432,4.199999809265137,4.050000190734863,4.170000076293945,4.170000076293945,535900
2022-12-29,4.369999885559082,4.539999961853027,4.300000190734863,4.519999980926514,4.519999980926514,848300
2022-12-30,4.409999847412109,4.579999923706055,4.409999847412109,4.519999980926514,4.519999980926514,498900
2023-01-03,4.550000190734863,4.699999809265137,4.320000171661377,4.349999904632568,4.349999904632568,461300
2023-01-04,4.5,4.710000038146973,4.460000038146973,4.679999828338623,4.679999828338623,555700
2023-01-05,4.639999866485596,4.690000057220459,4.53000020980835,4.599999904632568,4.599999904632568,220400
2023-01-06,4.670000076293945,4.849999904632568,4.630000114440918,4.809999942779541,4.809999942779541,591400
2023-01-09,4.880000114440918,5.110000133514404,4.860000133514404,4.889999866485596,4.889999866485596,579900
2023-01-10,4.909999847412109,5.070000171661377,4.820000171661377,5.070000171661377,5.070000171661377,404100
2023-01-11,5.039999961853027,5.329999923706055,4.980000019073486,5.260000228881836,5.260000228881836,724700
2023-01-12,5.300000190734863,5.400000095367432,5.130000114440918,5.400000095367432,5.400000095367432,428700
2023-01-13,5.369999885559082,5.440000057220459,5.25,5.25,5.25,398500
2023-01-17,5.349999904632568,5.429999828338623,5.28000020980835,5.369999885559082,5.369999885559082,365000
2023-01-18,5.309999942779541,5.449999809265137,5.239999771118164,5.28000020980835,5.28000020980835,447400
2023-01-19,5.190000057220459,5.190000057220459,4.980000019073486,5.03000020980835,5.03000020980835,408400
2023-01-20,5.03000020980835,5.230000019073486,4.989999771118164,5.230000019073486,5.230000019073486,312500
2023-01-23,5.25,5.46999979019165,5.210000038146973,5.449999809265137,5.449999809265137,417600
2023-01-24,5.550000190734863,5.599999904632568,5.400000095367432,5.400000095367432,5.400000095367432,262500
2023-01-25,5.309999942779541,5.309999942779541,5.150000095367432,5.210000038146973,5.210000038146973,318500
2023-01-26,5.269999980926514,5.309999942779541,5.079999923706055,5.150000095367432,5.150000095367432,375900
2023-01-27,5.099999904632568,5.239999771118164,5.079999923706055,5.159999847412109,5.159999847412109,248900
2023-01-30,5.03000020980835,5.090000152587891,4.849999904632568,4.949999809265137,4.949999809265137,410400
2023-01-31,4.869999885559082,5.059999942779541,4.869999885559082,5.059999942779541,5.059999942779541,464100
2023-02-01,5.090000152587891,5.269999980926514,5.039999961853027,5.190000057220459,5.190000057220459,466600
2023-02-02,5.289999961853027,5.429999828338623,5.230000019073486,5.349999904632568,5.349999904632568,642900
2023-02-03,5.28000020980835,5.389999866485596,5.159999847412109,5.170000076293945,5.170000076293945,378500
2023-02-06,5.099999904632568,5.170000076293945,5.010000228881836,5.079999923706055,5.079999923706055,327500
2023-02-07,5.110000133514404,5.110000133514404,4.889999866485596,5.010000228881836,5.010000228881836,369400
2023-02-08,5.050000190734863,5.050000190734863,4.920000076293945,4.980000019073486,4.980000019073486,326300
2023-02-09,5.039999961853027,5.059999942779541,4.679999828338623,4.690000057220459,4.690000057220459,494200
2023-02-10,4.670000076293945,4.800000190734863,4.539999961853027,4.760000228881836,4.760000228881836,339600
2023-02-13,4.760000228881836,4.880000114440918,4.670000076293945,4.860000133514404,4.860000133514404,284300
2023-02-14,4.78000020980835,4.909999847412109,4.71999979019165,4.829999923706055,4.829999923706055,310500
2023-02-15,4.820000171661377,4.980000019073486,4.75,4.980000019073486,4.980000019073486,300100
2023-02-16,4.849999904632568,4.960000038146973,4.690000057220459,4.699999809265137,4.699999809265137,262200
2023-02-17,4.699999809265137,4.710000038146973,4.619999885559082,4.710000038146973,4.710000038146973,314400
2023-02-21,4.679999828338623,4.679999828338623,4.510000228881836,4.519999980926514,4.519999980926514,301400
2023-02-22,4.550000190734863,4.590000152587891,4.449999809265137,4.550000190734863,4.550000190734863,302700
2023-02-23,4.599999904632568,4.690000057220459,4.489999771118164,4.610000133514404,4.610000133514404,340800
2023-02-24,4.510000228881836,4.519999980926514,4.340000152587891,4.449999809265137,4.449999809265137,405000
2023-02-27,4.489999771118164,4.619999885559082,4.489999771118164,4.559999942779541,4.559999942779541,307700
2023-02-28,4.510000228881836,4.590000152587891,4.5,4.53000020980835,4.53000020980835,269800
2023-03-01,4.570000171661377,4.699999809265137,4.570000171661377,4.610000133514404,4.610000133514404,303700
2023-03-02,4.53000020980835,4.550000190734863,4.429999828338623,4.489999771118164,4.489999771118164,335100
2023-03-03,4.519999980926514,4.599999904632568,4.480000019073486,4.550000190734863,4.550000190734863,272800
2023-03-06,4.550000190734863,4.599999904632568,4.389999866485596,4.440000057220459,4.440000057220459,418100
2023-03-07,4.429999828338623,4.46999979019165,4.289999961853027,4.329999923706055,4.329999923706055,325200
2023-03-08,4.329999923706055,4.409999847412109,4.260000228881836,4.389999866485596,4.389999866485596,401700
2023-03-09,4.409999847412109,4.510000228881836,4.25,4.28000020980835,4.28000020980835,420600
2023-03-10,4.28000020980835,4.349999904632568,4.130000114440918,4.239999771118164,4.239999771118164,573300
2023-03-13,4.190000057220459,4.329999923706055,4.070000171661377,4.230000019073486,4.230000019073486,355400
2023-03-14,4.25,4.400000095367432,4.230000019073486,4.369999885559082,4.369999885559082,372600
2023-03-15,4.170000076293945,4.230000019073486,4.03000020980835,4.199999809265137,4.199999809265137,563400
2023-03-16,4.099999904632568,4.28000020980835,4.010000228881836,4.260000228881836,4.260000228881836,477500
2023-03-17,4.230000019073486,4.230000019073486,4.03000020980835,4.159999847412109,4.159999847412109,1247200
2023-03-20,4.239999771118164,4.269999980926514,4.059999942779541,4.059999942779541,4.059999942779541,337200
2023-03-21,4.179999828338623,4.28000020980835,4.119999885559082,4.239999771118164,4.239999771118164,270500
2023-03-22,4.190000057220459,4.25,4.059999942779541,4.079999923706055,4.079999923706055,260700
2023-03-23,4.110000133514404,4.28000020980835,4.090000152587891,4.130000114440918,4.130000114440918,273700
2023-03-24,4.079999923706055,4.110000133514404,4.019999980926514,4.079999923706055,4.079999923706055,295800
2023-03-27,4.099999904632568,4.130000114440918,4.0,4.039999961853027,4.039999961853027,241100
2023-03-28,4.039999961853027,4.199999809265137,4.03000020980835,4.179999828338623,4.179999828338623,405600
2023-03-29,3.9800000190734863,4.139999866485596,3.680000066757202,4.090000152587891,4.090000152587891,652600
2023-03-30,4.119999885559082,4.380000114440918,4.119999885559082,4.309999942779541,4.309999942779541,390600
2023-03-31,4.300000190734863,4.449999809265137,4.260000228881836,4.449999809265137,4.449999809265137,518000
2023-04-03,4.539999961853027,4.539999961853027,4.199999809265137,4.28000020980835,4.28000020980835,274500
2023-04-04,4.289999961853027,4.289999961853027,4.159999847412109,4.210000038146973,4.210000038146973,178700
2023-04-05,4.170000076293945,4.190000057220459,4.079999923706055,4.150000095367432,4.150000095367432,175700
2023-04-06,4.139999866485596,4.139999866485596,4.070000171661377,4.110000133514404,4.110000133514404,124600
2023-04-10,4.070000171661377,4.210000038146973,4.070000171661377,4.190000057220459,4.190000057220459,126200
2023-04-11,4.150000095367432,4.309999942779541,4.150000095367432,4.269999980926514,4.269999980926514,168100
2023-04-12,4.300000190734863,4.340000152587891,4.179999828338623,4.260000228881836,4.260000228881836,305400
2023-04-13,4.260000228881836,4.360000133514404,4.260000228881836,4.28000020980835,4.28000020980835,155000
2023-04-14,4.25,4.300000190734863,4.199999809265137,4.260000228881836,4.260000228881836,122600
2023-04-17,4.230000019073486,4.460000038146973,4.230000019073486,4.389999866485596,4.389999866485596,331700
2023-04-18,4.460000038146973,4.460000038146973,4.25,4.300000190734863,4.300000190734863,275400
2023-04-19,4.21999979019165,4.289999961853027,4.170000076293945,4.190000057220459,4.190000057220459,123200
2023-04-20,4.110000133514404,4.260000228881836,4.070000171661377,4.159999847412109,4.159999847412109,206900
2023-04-21,4.139999866485596,4.239999771118164,4.130000114440918,4.170000076293945,4.170000076293945,203300
2023-04-24,4.110000133514404,4.159999847412109,4.019999980926514,4.139999866485596,4.139999866485596,323600
2023-04-25,4.079999923706055,4.110000133514404,4.03000020980835,4.090000152587891,4.090000152587891,248400
2023-04-26,4.010000228881836,4.119999885559082,3.9600000381469727,4.059999942779541,4.059999942779541,343000
2023-04-27,4.059999942779541,4.150000095367432,4.039999961853027,4.139999866485596,4.139999866485596,201300
2023-04-28,4.079999923706055,4.130000114440918,4.0,4.079999923706055,4.079999923706055,551300
2023-05-01,4.130000114440918,4.199999809265137,4.070000171661377,4.119999885559082,4.119999885559082,226500
2023-05-02,4.070000171661377,4.110000133514404,3.940000057220459,4.019999980926514,4.019999980926514,279500
2023-05-03,4.079999923706055,4.110000133514404,3.940000057220459,3.9700000286102295,3.9700000286102295,271900
2023-05-04,3.940000057220459,4.03000020980835,3.8399999141693115,3.8399999141693115,3.8399999141693115,396300
2023-05-05,3.930000066757202,3.990000009536743,3.9000000953674316,3.9800000190734863,3.9800000190734863,165600
2023-05-08,4.010000228881836,4.039999961853027,3.9100000858306885,3.9600000381469727,3.9600000381469727,124500
2023-05-09,3.940000057220459,3.940000057220459,3.8299999237060547,3.890000104904175,3.890000104904175,175900
2023-05-10,3.9100000858306885,3.940000057220459,3.880000114440918,3.890000104904175,3.890000104904175,130200
2023-05-11,3.8499999046325684,3.880000114440918,3.799999952316284,3.8299999237060547,3.8299999237060547,220400
2023-05-12,3.8299999237060547,3.9200000762939453,3.75,3.799999952316284,3.799999952316284,288900
2023-05-15,3.799999952316284,3.930000066757202,3.7899999618530273,3.869999885559082,3.869999885559082,282400
2023-05-16,3.799999952316284,3.859999895095825,3.7100000381469727,3.7100000381469727,3.7100000381469727,188900
2023-05-17,3.7100000381469727,3.7799999713897705,3.640000104904175,3.690000057220459,3.690000057220459,632000
2023-05-18,3.6600000858306885,3.680000066757202,3.4800000190734863,3.5,3.5,469300
2023-05-19,3.509999990463257,3.609999895095825,3.5,3.509999990463257,3.509999990463257,510600
2023-05-22,3.5199999809265137,3.7100000381469727,3.4700000286102295,3.640000104904175,3.640000104904175,793500
2023-05-23,3.7200000286102295,3.7699999809265137,3.630000114440918,3.680000066757202,3.680000066757202,358400
2023-05-24,3.6500000953674316,3.6600000858306885,3.4800000190734863,3.5299999713897705,3.5299999713897705,508300
2023-05-25,3.5299999713897705,3.549999952316284,3.4100000858306885,3.440000057220459,3.440000057220459,278000
2023-05-26,3.4100000858306885,3.440000057220459,3.359999895095825,3.4000000953674316,3.4000000953674316,371700
2023-05-30,3.440000057220459,3.4800000190734863,3.369999885559082,3.4000000953674316,3.4000000953674316,504900
2023-05-31,3.4100000858306885,3.4700000286102295,3.2799999713897705,3.3499999046325684,3.3499999046325684,1853900
2023-06-01,3.0899999141693115,3.5899999141693115,3.059999942779541,3.509999990463257,3.509999990463257,817400
2023-06-02,3.559999942779541,3.890000104904175,3.5299999713897705,3.8399999141693115,3.8399999141693115,855600
2023-06-05,3.859999895095825,3.859999895095825,3.609999895095825,3.630000114440918,3.630000114440918,488000
2023-06-06,3.5799999237060547,3.75,3.569999933242798,3.6500000953674316,3.6500000953674316,418700
2023-06-07,3.6500000953674316,3.7799999713897705,3.619999885559082,3.630000114440918,3.630000114440918,317900
2023-06-08,3.6500000953674316,3.680000066757202,3.549999952316284,3.640000104904175,3.640000104904175,376200
2023-06-09,3.630000114440918,3.819999933242798,3.5899999141693115,3.6600000858306885,3.6600000858306885,612600
2023-06-12,3.609999895095825,3.690000057220459,3.5,3.5799999237060547,3.5799999237060547,1814200
2023-06-13,3.809999942779541,4.199999809265137,3.7899999618530273,4.090000152587891,4.090000152587891,2021900
2023-06-14,4.190000057220459,4.190000057220459,3.8499999046325684,3.859999895095825,3.859999895095825,1129100
2023-06-15,3.8299999237060547,3.869999885559082,3.7100000381469727,3.8299999237060547,3.8299999237060547,1106400
2023-06-16,3.8399999141693115,3.880000114440918,3.700000047683716,3.75,3.75,5014100
2023-06-20,3.799999952316284,3.799999952316284,3.700000047683716,3.7300000190734863,3.7300000190734863,461300
2023-06-21,3.7100000381469727,3.890000104904175,3.680000066757202,3.819999933242798,3.819999933242798,437900
2023-06-22,3.8499999046325684,3.880000114440918,3.7699999809265137,3.8299999237060547,3.8299999237060547,308300
2023-06-23,3.8299999237060547,3.8299999237060547,3.640000104904175,3.680000066757202,3.680000066757202,589800
2023-06-26,3.7100000381469727,3.930000066757202,3.7100000381469727,3.799999952316284,3.799999952316284,378500
2023-06-27,3.890000104904175,3.990000009536743,3.819999933242798,3.890000104904175,3.890000104904175,430900
2023-06-28,3.859999895095825,3.940000057220459,3.799999952316284,3.819999933242798,3.819999933242798,343200
2023-06-29,3.809999942779541,3.890000104904175,3.740000009536743,3.7899999618530273,3.7899999618530273,417600
2023-06-30,3.819999933242798,3.8399999141693115,3.7899999618530273,3.7899999618530273,3.7899999618530273,269900
2023-07-03,3.880000114440918,4.03000020980835,3.859999895095825,3.9000000953674316,3.9000000953674316,264700
2023-07-05,3.9000000953674316,3.9000000953674316,3.75,3.75,3.75,315700
2023-07-06,3.700000047683716,3.7200000286102295,3.619999885559082,3.680000066757202,3.680000066757202,486900
2023-07-07,3.680000066757202,3.9000000953674316,3.680000066757202,3.8399999141693115,3.8399999141693115,317300
2023-07-10,3.799999952316284,4.070000171661377,3.799999952316284,4.039999961853027,4.039999961853027,511300
2023-07-11,4.039999961853027,4.110000133514404,3.990000009536743,4.099999904632568,4.099999904632568,375500
2023-07-12,4.079999923706055,4.179999828338623,4.050000190734863,4.119999885559082,4.119999885559082,491000
2023-07-13,4.179999828338623,4.210000038146973,4.130000114440918,4.179999828338623,4.179999828338623,213000
2023-07-14,4.190000057220459,4.21999979019165,4.03000020980835,4.039999961853027,4.039999961853027,281500
2023-07-17,4.03000020980835,4.099999904632568,4.019999980926514,4.090000152587891,4.090000152587891,244800
2023-07-18,4.099999904632568,4.28000020980835,4.079999923706055,4.179999828338623,4.179999828338623,378900
2023-07-19,4.179999828338623,4.210000038146973,4.050000190734863,4.070000171661377,4.070000171661377,282800
2023-07-20,4.050000190734863,4.050000190734863,3.8499999046325684,3.890000104904175,3.890000104904175,420400
2023-07-21,3.9200000762939453,3.9600000381469727,3.8299999237060547,3.8399999141693115,3.8399999141693115,290600
2023-07-24,3.880000114440918,3.9100000858306885,3.799999952316284,3.8499999046325684,3.8499999046325684,291300
2023-07-25,3.8399999141693115,3.940000057220459,3.8399999141693115,3.880000114440918,3.880000114440918,252200
2023-07-26,3.8499999046325684,3.9100000858306885,3.8299999237060547,3.8399999141693115,3.8399999141693115,232000
2023-07-27,3.8499999046325684,3.890000104904175,3.759999990463257,3.759999990463257,3.759999990463257,305900
2023-07-28,3.7799999713897705,3.859999895095825,3.7699999809265137,3.8299999237060547,3.8299999237060547,292400
2023-07-31,3.930000066757202,3.940000057220459,3.7899999618530273,3.8499999046325684,3.8499999046325684,475500
2023-08-01,3.8399999141693115,3.8399999141693115,3.7100000381469727,3.7100000381469727,3.7100000381469727,335500
2023-08-02,3.680000066757202,3.680000066757202,3.4600000381469727,3.4800000190734863,3.4800000190734863,682100
2023-08-03,3.509999990463257,3.559999942779541,3.4700000286102295,3.4700000286102295,3.4700000286102295,285900
2023-08-04,3.4800000190734863,3.569999933242798,3.450000047683716,3.4700000286102295,3.4700000286102295,343600
2023-08-07,3.450000047683716,3.4600000381469727,3.3499999046325684,3.369999885559082,3.369999885559082,455400
2023-08-08,3.359999895095825,3.4000000953674316,3.2899999618530273,3.369999885559082,3.369999885559082,404700
2023-08-09,3.359999895095825,3.440000057220459,3.3299999237060547,3.3299999237060547,3.3299999237060547,362700
2023-08-10,3.3499999046325684,3.450000047683716,3.309999942779541,3.3499999046325684,3.3499999046325684,340600
2023-08-11,3.3299999237060547,3.369999885559082,3.25,3.309999942779541,3.309999942779541,328000
2023-08-14,3.2799999713897705,3.3499999046325684,3.2100000381469727,3.3399999141693115,3.3399999141693115,322000
2023-08-15,3.2899999618530273,3.309999942779541,3.140000104904175,3.180000066757202,3.180000066757202,510600
2023-08-16,3.180000066757202,3.2200000286102295,3.1500000953674316,3.180000066757202,3.180000066757202,341900
2023-08-17,3.180000066757202,3.319999933242798,3.1600000858306885,3.180000066757202,3.180000066757202,528900
2023-08-18,3.1500000953674316,3.2899999618530273,3.109999895095825,3.259999990463257,3.259999990463257,316400
2023-08-21,3.309999942779541,3.4000000953674316,3.299999952316284,3.3299999237060547,3.3299999237060547,277300
2023-08-22,3.3499999046325684,3.390000104904175,3.299999952316284,3.3299999237060547,3.3299999237060547,211000
2023-08-23,3.319999933242798,3.4100000858306885,3.309999942779541,3.369999885559082,3.369999885559082,194700
2023-08-24,3.369999885559082,3.369999885559082,3.240000009536743,3.2699999809265137,3.2699999809265137,192000
2023-08-25,3.2799999713897705,3.4100000858306885,3.2699999809265137,3.380000114440918,3.380000114440918,365700
2023-08-28,3.4200000762939453,3.5,3.390000104904175,3.390000104904175,3.390000104904175,316600
2023-08-29,3.4000000953674316,3.490000009536743,3.369999885559082,3.4700000286102295,3.4700000286102295,272300
2023-08-30,3.440000057220459,3.4800000190734863,3.390000104904175,3.4100000858306885,3.4100000858306885,278700
2023-08-31,3.4200000762939453,3.490000009536743,3.380000114440918,3.4700000286102295,3.4700000286102295,608500
2023-09-01,3.299999952316284,3.3399999141693115,3.0999999046325684,3.2799999713897705,3.2799999713897705,821500
2023-09-05,3.2899999618530273,3.4100000858306885,3.2699999809265137,3.4000000953674316,3.4000000953674316,329400
2023-09-06,3.5,3.5,3.299999952316284,3.3299999237060547,3.3299999237060547,533800
2023-09-07,3.3399999141693115,3.3399999141693115,3.109999895095825,3.1600000858306885,3.1600000858306885,405000
2023-09-08,3.140000104904175,3.2100000381469727,3.0999999046325684,3.1700000762939453,3.1700000762939453,467700
2023-09-11,3.259999990463257,3.2899999618530273,3.190000057220459,3.2699999809265137,3.2699999809265137,417200
2023-09-12,3.25,3.299999952316284,3.2300000190734863,3.2300000190734863,3.2300000190734863,189300
2023-09-13,3.200000047683716,3.2100000381469727,3.0899999141693115,3.119999885559082,3.119999885559082,329000
2023-09-14,3.140000104904175,3.2200000286102295,3.119999885559082,3.180000066757202,3.180000066757202,303000
2023-09-15,3.190000057220459,3.190000057220459,3.0399999618530273,3.069999933242798,3.069999933242798,777100
2023-09-18,3.049999952316284,3.130000114440918,3.049999952316284,3.119999885559082,3.119999885559082,482700
2023-09-19,3.190000057220459,3.200000047683716,3.069999933242798,3.109999895095825,3.109999895095825,476300
2023-09-20,3.0799999237060547,3.180000066757202,3.0799999237060547,3.0899999141693115,3.0899999141693115,337000
2023-09-21,3.049999952316284,3.0899999141693115,3.009999990463257,3.0399999618530273,3.0399999618530273,338300
2023-09-22,3.0299999713897705,3.049999952316284,2.8499999046325684,2.890000104904175,2.890000104904175,1324500
2023-09-25,2.890000104904175,2.9800000190734863,2.869999885559082,2.869999885559082,2.869999885559082,752500
2023-09-26,2.8399999141693115,3.0,2.8299999237060547,2.9800000190734863,2.9800000190734863,553100
2023-09-27,2.9800000190734863,3.069999933242798,2.9600000381469727,3.0299999713897705,3.0299999713897705,818000
2023-09-28,3.0399999618530273,3.0899999141693115,2.990000009536743,3.059999942779541,3.059999942779541,2112700
2023-09-29,3.0999999046325684,3.1600000858306885,3.049999952316284,3.0799999237060547,3.0799999237060547,385200
2023-10-02,3.0899999141693115,3.2699999809265137,3.069999933242798,3.2100000381469727,3.2100000381469727,570900
2023-10-03,3.0999999046325684,3.130000114440918,2.950000047683716,2.9700000286102295,2.9700000286102295,454300
2023-10-04,2.950000047683716,2.9700000286102295,2.869999885559082,2.869999885559082,2.869999885559082,427700
2023-10-05,2.890000104904175,2.9000000953674316,2.7300000190734863,2.809999942779541,2.809999942779541,790300
2023-10-06,2.7899999618530273,2.8399999141693115,2.7699999809265137,2.819999933242798,2.819999933242798,259500
2023-10-09,2.75,2.7799999713897705,2.6700000762939453,2.7200000286102295,2.7200000286102295,334900
2023-10-10,2.8399999141693115,3.140000104904175,2.7899999618530273,3.140000104904175,3.140000104904175,650400
2023-10-11,3.1500000953674316,3.2100000381469727,3.0199999809265137,3.0199999809265137,3.0199999809265137,455600
2023-10-12,3.0299999713897705,3.0299999713897705,2.9100000858306885,2.9600000381469727,2.9600000381469727,272400
2023-10-13,2.940000057220459,2.950000047683716,2.859999895095825,2.890000104904175,2.890000104904175,221800
2023-10-16,2.9000000953674316,2.9600000381469727,2.880000114440918,2.9100000858306885,2.9100000858306885,284000
2023-10-17,2.9100000858306885,3.0399999618530273,2.9100000858306885,3.0,3.0,252000
2023-10-18,2.9700000286102295,2.9800000190734863,2.8299999237060547,2.8499999046325684,2.8499999046325684,253600
2023-10-19,2.819999933242798,2.8299999237060547,2.759999990463257,2.7799999713897705,2.7799999713897705,286100
2023-10-20,2.690000057220459,2.7699999809265137,2.630000114440918,2.7200000286102295,2.7200000286102295,367700
2023-10-23,2.680000066757202,2.75,2.5999999046325684,2.609999895095825,2.609999895095825,342300
2023-10-24,2.619999885559082,2.7200000286102295,2.5799999237060547,2.5799999237060547,2.5799999237060547,312600
2023-10-25,2.559999942779541,2.5999999046325684,2.490000009536743,2.549999952316284,2.549999952316284,534900
2023-10-26,2.5199999809265137,2.6600000858306885,2.5,2.509999990463257,2.509999990463257,509500
2023-10-27,2.5,2.5299999713897705,2.390000104904175,2.430000066757202,2.430000066757202,315100
2023-10-30,2.380000114440918,2.5,2.359999895095825,2.440000057220459,2.440000057220459,488500
2023-10-31,2.4100000858306885,2.5199999809265137,2.4100000858306885,2.450000047683716,2.450000047683716,571100
2023-11-01,2.559999942779541,2.559999942779541,2.440000057220459,2.490000009536743,2.490000009536743,289400
2023-11-02,2.5299999713897705,2.619999885559082,2.5,2.5799999237060547,2.5799999237060547,364100
2023-11-03,2.6500000953674316,2.7699999809265137,2.640000104904175,2.6600000858306885,2.6600000858306885,364300
2023-11-06,2.640000104904175,2.6500000953674316,2.5199999809265137,2.559999942779541,2.559999942779541,231300
2023-11-07,2.5399999618530273,2.559999942779541,2.5,2.549999952316284,2.549999952316284,207100
2023-11-08,2.559999942779541,2.559999942779541,2.4600000381469727,2.4800000190734863,2.4800000190734863,196400
2023-11-09,2.4800000190734863,2.5299999713897705,2.4100000858306885,2.4200000762939453,2.4200000762939453,228900
2023-11-10,2.4000000953674316,2.430000066757202,2.3499999046325684,2.4000000953674316,2.4000000953674316,216700
2023-11-13,2.369999885559082,2.4700000286102295,2.369999885559082,2.440000057220459,2.440000057220459,139300
2023-11-14,2.4800000190734863,2.6500000953674316,2.4800000190734863,2.6500000953674316,2.6500000953674316,502400
2023-11-15,2.6500000953674316,2.8299999237060547,2.6500000953674316,2.690000057220459,2.690000057220459,500100
2023-11-16,2.6500000953674316,2.6700000762939453,2.549999952316284,2.5799999237060547,2.5799999237060547,275200
2023-11-17,2.5999999046325684,2.6500000953674316,2.549999952316284,2.6500000953674316,2.6500000953674316,260600
2023-11-20,2.640000104904175,2.75,2.640000104904175,2.7200000286102295,2.7200000286102295,212500
2023-11-21,2.680000066757202,2.680000066757202,2.569999933242798,2.619999885559082,2.619999885559082,684500
2023-11-22,2.200000047683716,2.4200000762939453,2.200000047683716,2.2799999713897705,2.2799999713897705,1664700
2023-11-24,2.25,2.380000114440918,2.25,2.359999895095825,2.359999895095825,346200
2023-11-27,2.4200000762939453,2.4700000286102295,2.2899999618530273,2.2899999618530273,2.2899999618530273,941500
2023-11-28,2.299999952316284,2.440000057220459,2.2699999809265137,2.390000104904175,2.390000104904175,468500
2023-11-29,2.450000047683716,2.559999942779541,2.4100000858306885,2.490000009536743,2.490000009536743,556500
2023-11-30,2.5199999809265137,2.5399999618530273,2.4200000762939453,2.4200000762939453,2.4200000762939453,376800
2023-12-01,2.4100000858306885,2.569999933242798,2.359999895095825,2.569999933242798,2.569999933242798,539200
2023-12-04,2.5399999618530273,2.609999895095825,2.5199999809265137,2.5399999618530273,2.5399999618530273,416300
2023-12-05,2.509999990463257,2.5199999809265137,2.440000057220459,2.4600000381469727,2.4600000381469727,595900
2023-12-06,2.4700000286102295,2.609999895095825,2.4600000381469727,2.509999990463257,2.509999990463257,485600
2023-12-07,2.509999990463257,2.5299999713897705,2.450000047683716,2.4600000381469727,2.4600000381469727,499800
2023-12-08,2.440000057220459,2.549999952316284,2.440000057220459,2.5,2.5,410600
2023-12-11,2.450000047683716,2.4800000190734863,2.369999885559082,2.390000104904175,2.390000104904175,965800
2023-12-12,2.369999885559082,2.380000114440918,2.2899999618530273,2.3299999237060547,2.3299999237060547,813600
2023-12-13,2.380000114440918,2.559999942779541,2.2799999713897705,2.5,2.5,1060800
2023-12-14,2.5899999141693115,2.7899999618530273,2.5899999141693115,2.740000009536743,2.740000009536743,1371100
2023-12-15,2.759999990463257,2.759999990463257,2.559999942779541,2.630000114440918,2.630000114440918,3259600
2023-12-18,2.630000114440918,2.680000066757202,2.5199999809265137,2.5199999809265137,2.5199999809265137,461300
2023-12-19,2.5799999237060547,2.759999990463257,2.5799999237060547,2.740000009536743,2.740000009536743,640800
2023-12-20,2.7799999713897705,2.7899999618530273,2.609999895095825,2.609999895095825,2.609999895095825,462000
2023-12-21,2.6700000762939453,2.9200000762939453,2.6700000762939453,2.880000114440918,2.880000114440918,885800
2023-12-22,2.859999895095825,2.9700000286102295,2.7799999713897705,2.880000114440918,2.880000114440918,572900
2023-12-26,2.880000114440918,2.950000047683716,2.869999885559082,2.930000066757202,2.930000066757202,256100
2023-12-27,2.950000047683716,2.950000047683716,2.7899999618530273,2.799999952316284,2.799999952316284,439700
2023-12-28,2.7799999713897705,2.8499999046325684,2.740000009536743,2.7699999809265137,2.7699999809265137,399400
2023-12-29,2.740000009536743,2.8499999046325684,2.700000047683716,2.7300000190734863,2.7300000190734863,528400
2024-01-02,2.680000066757202,2.7699999809265137,2.6500000953674316,2.700000047683716,2.700000047683716,399600
2024-01-03,2.5999999046325684,2.640000104904175,2.5299999713897705,2.5899999141693115,2.5899999141693115,587300
2024-01-04,2.5799999237060547,2.619999885559082,2.5399999618530273,2.5799999237060547,2.5799999237060547,269600
2024-01-05,2.509999990463257,2.5999999046325684,2.450000047683716,2.5,2.5,399100
2024-01-08,2.5,2.5399999618530273,2.440000057220459,2.4800000190734863,2.4800000190734863,424100
2024-01-09,2.490000009536743,2.490000009536743,2.380000114440918,2.380000114440918,2.380000114440918,348100
2024-01-10,2.4200000762939453,2.4200000762939453,2.319999933242798,2.3499999046325684,2.3499999046325684,391700
2024-01-11,2.380000114440918,2.380000114440918,2.240000009536743,2.259999990463257,2.259999990463257,462900
2024-01-12,2.2699999809265137,2.3399999141693115,2.240000009536743,2.259999990463257,2.259999990463257,225700
2024-01-16,2.2300000190734863,2.2300000190734863,2.069999933242798,2.0899999141693115,2.0899999141693115,699800
2024-01-17,2.059999942779541,2.0799999237060547,2.009999990463257,2.059999942779541,2.059999942779541,476700
2024-01-18,2.069999933242798,2.0899999141693115,2.0199999809265137,2.0299999713897705,2.0299999713897705,315800
2024-01-19,2.0199999809265137,2.049999952316284,1.940000057220459,2.0399999618530273,2.0399999618530273,484500
2024-01-22,2.0399999618530273,2.1500000953674316,2.0299999713897705,2.059999942779541,2.059999942779541,312200
2024-01-23,2.109999895095825,2.130000114440918,2.049999952316284,2.0799999237060547,2.0799999237060547,367200
2024-01-24,2.109999895095825,2.119999885559082,1.9500000476837158,1.9500000476837158,1.9500000476837158,373100
2024-01-25,1.9900000095367432,2.049999952316284,1.940000057220459,2.049999952316284,2.049999952316284,656600
2024-01-26,2.0799999237060547,2.0999999046325684,1.9500000476837158,1.9500000476837158,1.9500000476837158,555200
2024-01-29,1.9299999475479126,1.9299999475479126,1.809999942779541,1.8700000047683716,1.8700000047683716,659600
2024-01-30,1.840000033378601,1.850000023841858,1.7699999809265137,1.7999999523162842,1.7999999523162842,404200
2024-01-31,1.7599999904632568,1.8300000429153442,1.7100000381469727,1.7100000381469727,1.7100000381469727,421600
2024-02-01,1.7599999904632568,1.809999942779541,1.7000000476837158,1.7100000381469727,1.7100000381469727,461000
2024-02-02,1.690000057220459,1.7000000476837158,1.649999976158142,1.6699999570846558,1.6699999570846558,443700
2024-02-05,1.649999976158142,1.649999976158142,1.559999942779541,1.590000033378601,1.590000033378601,499600
2024-02-06,1.590000033378601,1.6399999856948853,1.559999942779541,1.559999942779541,1.559999942779541,298100
2024-02-07,1.590000033378601,1.6299999952316284,1.5399999618530273,1.590000033378601,1.590000033378601,305500
2024-02-08,1.5700000524520874,1.6699999570846558,1.5499999523162842,1.649999976158142,1.649999976158142,421900
2024-02-09,1.6799999475479126,1.8200000524520874,1.6699999570846558,1.7799999713897705,1.7799999713897705,599400
2024-02-12,1.9500000476837158,2.119999885559082,1.909999966621399,2.0899999141693115,2.0899999141693115,1198500
2024-02-13,2.009999990463257,2.2100000381469727,1.9299999475479126,2.0399999618530273,2.0399999618530273,1166100
2024-02-14,2.0999999046325684,2.119999885559082,2.0399999618530273,2.0899999141693115,2.0899999141693115,687300
2024-02-15,2.1500000953674316,2.2799999713897705,2.109999895095825,2.1700000762939453,2.1700000762939453,519200
2024-02-16,2.109999895095825,2.190000057220459,2.069999933242798,2.1500000953674316,2.1500000953674316,368000
2024-02-20,2.130000114440918,2.1500000953674316,2.049999952316284,2.140000104904175,2.140000104904175,361800
2024-02-21,2.0999999046325684,2.119999885559082,2.0199999809265137,2.0299999713897705,2.0299999713897705,388000
2024-02-22,2.049999952316284,2.0999999046325684,1.9700000286102295,1.9700000286102295,1.9700000286102295,403500
2024-02-23,1.9700000286102295,2.049999952316284,1.9199999570846558,1.9800000190734863,1.9800000190734863,400500
2024-02-26,1.9600000381469727,2.0999999046325684,1.9199999570846558,2.049999952316284,2.049999952316284,338600
2024-02-27,2.069999933242798,2.2100000381469727,2.069999933242798,2.1700000762939453,2.1700000762939453,587600
2024-02-28,2.140000104904175,2.309999942779541,2.140000104904175,2.2200000286102295,2.2200000286102295,759700
2024-02-29,2.2699999809265137,2.5,2.200000047683716,2.2300000190734863,2.2300000190734863,984500
2024-03-01,2.2300000190734863,2.309999942779541,2.200000047683716,2.2699999809265137,2.2699999809265137,513600
2024-03-04,2.299999952316284,2.299999952316284,2.0899999141693115,2.0999999046325684,2.0999999046325684,631900
2024-03-05,2.0799999237060547,2.0899999141693115,2.0199999809265137,2.0199999809265137,2.0199999809265137,433400
2024-03-06,2.0199999809265137,2.0999999046325684,1.9900000095367432,2.0199999809265137,2.0199999809265137,525600
2024-03-07,2.0299999713897705,2.2300000190734863,2.0199999809265137,2.180000066757202,2.180000066757202,599600
2024-03-08,2.190000057220459,2.2699999809265137,2.1500000953674316,2.2300000190734863,2.2300000190734863,604500
2024-03-11,2.180000066757202,2.2899999618530273,2.140000104904175,2.1500000953674316,2.1500000953674316,248200
2024-03-12,2.119999885559082,2.119999885559082,2.0199999809265137,2.0199999809265137,2.0199999809265137,567700
2024-03-13,2.0199999809265137,2.0999999046325684,1.9600000381469727,1.9600000381469727,1.9600000381469727,701100
2024-03-14,1.9500000476837158,1.9500000476837158,1.8300000429153442,1.850000023841858,1.850000023841858,666500
2024-03-15,1.850000023841858,1.940000057220459,1.840000033378601,1.840000033378601,1.840000033378601,2045600
2024-03-18,1.8899999856948853,1.909999966621399,1.7899999618530273,1.809999942779541,1.809999942779541,478400
2024-03-19,1.7799999713897705,1.840000033378601,1.7699999809265137,1.809999942779541,1.809999942779541,275800
2024-03-20,1.7999999523162842,1.9800000190734863,1.7999999523162842,1.9500000476837158,1.9500000476837158,357900
2024-03-21,1.9600000381469727,2.0399999618530273,1.940000057220459,1.9600000381469727,1.9600000381469727,254700
2024-03-22,1.9800000190734863,1.9900000095367432,1.8300000429153442,1.850000023841858,1.850000023841858,879000
2024-03-25,1.8600000143051147,1.940000057220459,1.8600000143051147,1.8799999952316284,1.8799999952316284,462100
2024-03-26,1.909999966621399,1.9700000286102295,1.909999966621399,1.909999966621399,1.909999966621399,374200
2024-03-27,1.9199999570846558,2.0299999713897705,1.9199999570846558,2.0299999713897705,2.0299999713897705,431500
2024-03-28,1.9800000190734863,2.059999942779541,1.9199999570846558,1.9299999475479126,1.9299999475479126,453700
2024-04-01,1.940000057220459,2.490000009536743,1.940000057220459,2.3399999141693115,2.3399999141693115,2551300
2024-04-02,2.299999952316284,2.4100000858306885,2.1700000762939453,2.359999895095825,2.359999895095825,1015800
2024-04-03,2.109999895095825,2.130000114440918,1.899999976158142,1.9600000381469727,1.9600000381469727,1733800
2024-04-04,2.059999942779541,2.2200000286102295,2.009999990463257,2.1500000953674316,2.1500000953674316,1216800
2024-04-05,2.119999885559082,2.1700000762939453,2.069999933242798,2.0799999237060547,2.0799999237060547,465100
2024-04-08,2.0399999618530273,2.1700000762939453,2.0399999618530273,2.1500000953674316,2.1500000953674316,298800
2024-04-09,2.1500000953674316,2.2799999713897705,2.140000104904175,2.200000047683716,2.200000047683716,333600
2024-04-10,2.1500000953674316,2.1500000953674316,2.0399999618530273,2.140000104904175,2.140000104904175,438700
2024-04-11,2.109999895095825,2.190000057220459,2.0799999237060547,2.180000066757202,2.180000066757202,351600
2024-04-12,2.1600000858306885,2.190000057220459,1.9900000095367432,2.009999990463257,2.009999990463257,377700
2024-04-15,2.0299999713897705,2.0399999618530273,1.850000023841858,1.8600000143051147,1.8600000143051147,386300
2024-04-16,1.850000023841858,1.850000023841858,1.7999999523162842,1.850000023841858,1.850000023841858,316900
2024-04-17,1.850000023841858,1.899999976158142,1.7699999809265137,1.7799999713897705,1.7799999713897705,284600
2024-04-18,1.7999999523162842,1.809999942779541,1.7200000286102295,1.7400000095367432,1.7400000095367432,407600
2024-04-19,1.7100000381469727,1.7699999809265137,1.7000000476837158,1.7000000476837158,1.7000000476837158,339900
2024-04-22,1.7000000476837158,1.7100000381469727,1.590000033378601,1.590000033378601,1.590000033378601,469800
2024-04-23,1.659999966621399,1.7300000190734863,1.6200000047683716,1.690000057220459,1.690000057220459,367900
2024-04-24,1.6699999570846558,1.850000023841858,1.659999966621399,1.840000033378601,1.840000033378601,747600
2024-04-25,1.8200000524520874,1.8799999952316284,1.7699999809265137,1.809999942779541,1.809999942779541,357900
2024-04-26,1.809999942779541,1.9199999570846558,1.7999999523162842,1.8899999856948853,1.8899999856948853,234500
2024-04-29,1.899999976158142,2.0,1.8899999856948853,1.9500000476837158,1.9500000476837158,297600
2024-04-30,1.9299999475479126,1.9299999475479126,1.809999942779541,1.8300000429153442,1.8300000429153442,203000
2024-05-01,1.7799999713897705,1.8700000047683716,1.7799999713897705,1.7799999713897705,1.7799999713897705,143400
2024-05-02,1.7899999618530273,1.840000033378601,1.7599999904632568,1.8300000429153442,1.8300000429153442,155300
2024-05-03,1.8799999952316284,1.9900000095367432,1.8600000143051147,1.8700000047683716,1.8700000047683716,261100
2024-05-06,1.899999976158142,1.9299999475479126,1.8799999952316284,1.9199999570846558,1.9199999570846558,126700
2024-05-07,1.9199999570846558,1.9199999570846558,1.8700000047683716,1.8799999952316284,1.8799999952316284,127600
2024-05-08,1.8600000143051147,1.8799999952316284,1.8300000429153442,1.8600000143051147,1.8600000143051147,113500
2024-05-09,1.8300000429153442,1.899999976158142,1.8300000429153442,1.8700000047683716,1.8700000047683716,137000
2024-05-10,1.8799999952316284,1.899999976158142,1.809999942779541,1.8200000524520874,1.8200000524520874,185100
2024-05-13,1.8300000429153442,1.9600000381469727,1.8200000524520874,1.909999966621399,1.909999966621399,235500
2024-05-14,1.9600000381469727,2.069999933242798,1.9299999475479126,2.009999990463257,2.009999990463257,417100
2024-05-15,2.0399999618530273,2.049999952316284,1.940000057220459,1.9500000476837158,1.9500000476837158,215400
2024-05-16,1.9500000476837158,2.009999990463257,1.9299999475479126,2.0,2.0,269900
2024-05-17,2.009999990463257,2.0399999618530273,1.9500000476837158,1.9700000286102295,1.9700000286102295,178100
2024-05-20,1.9800000190734863,2.009999990463257,1.9600000381469727,1.9700000286102295,1.9700000286102295,121700
2024-05-21,1.9600000381469727,2.009999990463257,1.9500000476837158,1.9800000190734863,1.9800000190734863,184600
2024-05-22,1.9700000286102295,2.1700000762939453,1.9700000286102295,2.0799999237060547,2.0799999237060547,503700
2024-05-23,2.0999999046325684,2.140000104904175,2.0199999809265137,2.0999999046325684,2.0999999046325684,433900
2024-05-24,1.9700000286102295,2.059999942779541,1.8799999952316284,1.9500000476837158,1.9500000476837158,581000
2024-05-28,1.940000057220459,1.940000057220459,1.8300000429153442,1.850000023841858,1.850000023841858,301500
2024-05-29,1.8200000524520874,1.840000033378601,1.75,1.809999942779541,1.809999942779541,364300
2024-05-30,1.7999999523162842,1.8600000143051147,1.7899999618530273,1.7999999523162842,1.7999999523162842,185600
2024-05-31,1.809999942779541,1.8200000524520874,1.7100000381469727,1.7100000381469727,1.7100000381469727,346000
2024-06-03,1.8200000524520874,1.840000033378601,1.690000057220459,1.7400000095367432,1.7400000095367432,364600
2024-06-04,1.7599999904632568,1.7899999618530273,1.7000000476837158,1.7000000476837158,1.7000000476837158,263500
2024-06-05,1.7000000476837158,1.7699999809265137,1.7000000476837158,1.7200000286102295,1.7200000286102295,181800
2024-06-06,1.7200000286102295,1.7300000190734863,1.7000000476837158,1.7000000476837158,1.7000000476837158,125900
2024-06-07,1.690000057220459,1.7200000286102295,1.649999976158142,1.649999976158142,1.649999976158142,233700
2024-06-10,1.649999976158142,1.7000000476837158,1.649999976158142,1.659999966621399,1.659999966621399,133900
2024-06-11,1.649999976158142,1.6799999475479126,1.6399999856948853,1.6699999570846558,1.6699999570846558,147100
2024-06-12,1.75,1.8300000429153442,1.7200000286102295,1.7300000190734863,1.7300000190734863,227700
2024-06-13,1.7100000381469727,1.75,1.6799999475479126,1.690000057220459,1.690000057220459,88100
2024-06-14,1.6799999475479126,1.7100000381469727,1.6100000143051147,1.6299999952316284,1.6299999952316284,153600
2024-06-17,1.6100000143051147,1.649999976158142,1.5299999713897705,1.5499999523162842,1.5499999523162842,283400
2024-06-18,1.5499999523162842,1.5700000524520874,1.4600000381469727,1.5399999618530273,1.5399999618530273,296800
2024-06-20,1.5099999904632568,1.5399999618530273,1.4800000190734863,1.4800000190734863,1.4800000190734863,277500
2024-06-21,1.5199999809265137,1.5299999713897705,1.4800000190734863,1.4800000190734863,1.4800000190734863,230400
2024-06-24,1.5099999904632568,1.5299999713897705,1.4800000190734863,1.4800000190734863,1.4800000190734863,214100
2024-06-25,1.4800000190734863,1.5199999809265137,1.4800000190734863,1.4900000095367432,1.4900000095367432,148200
2024-06-26,1.4800000190734863,1.5,1.4800000190734863,1.4900000095367432,1.4900000095367432,110300
2024-06-27,1.4900000095367432,1.5199999809265137,1.4800000190734863,1.5099999904632568,1.5099999904632568,357900
2024-06-28,1.5099999904632568,1.5299999713897705,1.4800000190734863,1.5,1.5,228400
2024-07-01,1.5099999904632568,1.5700000524520874,1.5,1.5700000524520874,1.5700000524520874,242600
2024-07-02,1.5399999618530273,1.5700000524520874,1.5399999618530273,1.5399999618530273,1.5399999618530273,111900
2024-07-03,1.5700000524520874,1.6399999856948853,1.559999942779541,1.6200000047683716,1.6200000047683716,173600
2024-07-05,1.6399999856948853,1.649999976158142,1.5700000524520874,1.6100000143051147,1.6100000143051147,253500
2024-07-08,1.600000023841858,1.6200000047683716,1.5299999713897705,1.5299999713897705,1.5299999713897705,148500
2024-07-09,1.5299999713897705,1.5800000429153442,1.5299999713897705,1.5800000429153442,1.5800000429153442,107800
2024-07-10,1.600000023841858,1.6200000047683716,1.5700000524520874,1.6100000143051147,1.6100000143051147,105500
2024-07-11,1.649999976158142,1.7899999618530273,1.6200000047683716,1.7599999904632568,1.7599999904632568,404000
2024-07-12,1.7699999809265137,1.840000033378601,1.7400000095367432,1.7899999618530273,1.7899999618530273,233800
2024-07-15,1.7999999523162842,1.809999942779541,1.7599999904632568,1.7599999904632568,1.7599999904632568,179000
2024-07-16,1.7899999618530273,1.8799999952316284,1.7699999809265137,1.8600000143051147,1.8600000143051147,197600
2024-07-17,1.840000033378601,1.8899999856948853,1.7899999618530273,1.840000033378601,1.840000033378601,223900
2024-07-18,1.8300000429153442,1.940000057220459,1.7699999809265137,1.8300000429153442,1.8300000429153442,267600
2024-07-19,1.8300000429153442,1.840000033378601,1.809999942779541,1.8300000429153442,1.8300000429153442,64100
2024-07-22,1.8899999856948853,1.8899999856948853,1.809999942779541,1.8200000524520874,1.8200000524520874,134900
2024-07-23,1.809999942779541,1.850000023841858,1.7599999904632568,1.7699999809265137,1.7699999809265137,118900
2024-07-24,1.75,1.7599999904632568,1.659999966621399,1.7000000476837158,1.7000000476837158,87300
2024-07-25,1.7100000381469727,1.7899999618530273,1.6799999475479126,1.7300000190734863,1.7300000190734863,88900
2024-07-26,1.75,1.7599999904632568,1.7000000476837158,1.7000000476837158,1.7000000476837158,56800
2024-07-29,1.690000057220459,1.7999999523162842,1.6200000047683716,1.7699999809265137,1.7699999809265137,255600
2024-07-30,1.7599999904632568,1.7699999809265137,1.6399999856948853,1.649999976158142,1.649999976158142,123700
2024-07-31,1.649999976158142,1.7200000286102295,1.649999976158142,1.7200000286102295,1.7200000286102295,94100
2024-08-01,1.7100000381469727,1.7100000381469727,1.590000033378601,1.6100000143051147,1.6100000143051147,176100
2024-08-02,1.5700000524520874,1.5800000429153442,1.5,1.5499999523162842,1.5499999523162842,186700
2024-08-05,1.440000057220459,1.5399999618530273,1.409999966621399,1.5299999713897705,1.5299999713897705,269400
2024-08-06,1.5199999809265137,1.5199999809265137,1.4299999475479126,1.4900000095367432,1.4900000095367432,194400
2024-08-07,1.4800000190734863,1.5299999713897705,1.4600000381469727,1.5,1.5,161800
2024-08-08,1.5399999618530273,1.649999976158142,1.5299999713897705,1.649999976158142,1.649999976158142,174700
2024-08-09,1.649999976158142,1.649999976158142,1.5099999904632568,1.5499999523162842,1.5499999523162842,176300
2024-08-12,1.5399999618530273,1.5499999523162842,1.4900000095367432,1.5099999904632568,1.5099999904632568,126500
2024-08-13,1.5,1.5499999523162842,1.4900000095367432,1.4900000095367432,1.4900000095367432,117800
2024-08-14,1.5,1.5399999618530273,1.4900000095367432,1.5099999904632568,1.5099999904632568,101700
2024-08-15,1.5,1.5499999523162842,1.4800000190734863,1.5,1.5,122300
2024-08-16,1.5199999809265137,1.5199999809265137,1.4800000190734863,1.5199999809265137,1.5199999809265137,119300
2024-08-19,1.5299999713897705,1.6399999856948853,1.5199999809265137,1.6100000143051147,1.6100000143051147,342000
2024-08-20,1.6299999952316284,1.8899999856948853,1.5800000429153442,1.850000023841858,1.850000023841858,774000
2024-08-21,1.899999976158142,2.0,1.840000033378601,1.9600000381469727,1.9600000381469727,644300
2024-08-22,1.9800000190734863,2.0,1.809999942779541,1.8799999952316284,1.8799999952316284,386200
2024-08-23,1.9199999570846558,1.9700000286102295,1.840000033378601,1.9700000286102295,1.9700000286102295,170300
2024-08-26,1.9600000381469727,1.9600000381469727,1.8799999952316284,1.909999966621399,1.909999966621399,80500
2024-08-27,1.8799999952316284,1.9199999570846558,1.850000023841858,1.9199999570846558,1.9199999570846558,89800
2024-08-28,1.899999976158142,1.909999966621399,1.8300000429153442,1.8600000143051147,1.8600000143051147,138700
2024-08-29,1.850000023841858,1.9500000476837158,1.840000033378601,1.8799999952316284,1.8799999952316284,102200
2024-08-30,1.850000023841858,1.899999976158142,1.809999942779541,1.809999942779541,1.809999942779541,129900
2024-09-03,1.7999999523162842,1.8799999952316284,1.7799999713897705,1.8600000143051147,1.8600000143051147,172800
2024-09-04,1.840000033378601,1.8899999856948853,1.7999999523162842,1.8700000047683716,1.8700000047683716,135100
2024-09-05,1.850000023841858,1.9199999570846558,1.840000033378601,1.840000033378601,1.840000033378601,120600
2024-09-06,1.8899999856948853,1.9299999475479126,1.850000023841858,1.899999976158142,1.899999976158142,250800
2024-09-09,1.8899999856948853,2.109999895095825,1.850000023841858,2.0899999141693115,2.0899999141693115,727800
2024-09-10,2.0899999141693115,2.309999942779541,2.0799999237060547,2.2899999618530273,2.2899999618530273,488900
2024-09-11,2.2799999713897705,2.390000104904175,2.1700000762939453,2.3499999046325684,2.3499999046325684,485500
2024-09-12,2.3499999046325684,2.390000104904175,2.259999990463257,2.259999990463257,2.259999990463257,234500
2024-09-13,2.2699999809265137,2.309999942779541,2.190000057220459,2.240000009536743,2.240000009536743,138900
2024-09-16,2.259999990463257,2.2799999713897705,2.1500000953674316,2.240000009536743,2.240000009536743,227200
2024-09-17,2.2699999809265137,2.390000104904175,2.2699999809265137,2.390000104904175,2.390000104904175,239500
2024-09-18,2.4000000953674316,2.440000057220459,2.240000009536743,2.240000009536743,2.240000009536743,256700
2024-09-19,2.3299999237060547,2.3399999141693115,2.119999885559082,2.2300000190734863,2.2300000190734863,628300
2024-09-20,2.2300000190734863,2.3299999237060547,2.190000057220459,2.25,2.25,249500
2024-09-23,2.2699999809265137,2.359999895095825,2.25,2.3299999237060547,2.3299999237060547,558700
2024-09-24,2.319999933242798,2.4200000762939453,2.2699999809265137,2.3299999237060547,2.3299999237060547,301200
2024-09-25,2.3299999237060547,2.4000000953674316,2.319999933242798,2.3399999141693115,2.3399999141693115,309200
2024-09-26,2.369999885559082,2.430000066757202,2.319999933242798,2.369999885559082,2.369999885559082,232600
2024-09-27,2.380000114440918,2.4000000953674316,2.309999942779541,2.390000104904175,2.390000104904175,771400
2024-09-30,2.4000000953674316,2.740000009536743,2.4000000953674316,2.700000047683716,2.700000047683716,739900
2024-10-01,2.690000057220459,2.7100000381469727,2.490000009536743,2.569999933242798,2.569999933242798,421900
2024-10-02,2.609999895095825,2.880000114440918,2.5899999141693115,2.8299999237060547,2.8299999237060547,390100
2024-10-03,2.7899999618530273,3.0,2.75,2.7899999618530273,2.7899999618530273,457600
2024-10-04,2.8399999141693115,2.880000114440918,2.75,2.869999885559082,2.869999885559082,175800
2024-10-07,2.9000000953674316,3.0,2.680000066757202,2.7300000190734863,2.7300000190734863,359600
2024-10-08,2.7899999618530273,2.799999952316284,2.549999952316284,2.640000104904175,2.640000104904175,277300
2024-10-09,2.549999952316284,2.75,2.549999952316284,2.7200000286102295,2.7200000286102295,185400
2024-10-10,2.700000047683716,2.7100000381469727,2.6500000953674316,2.700000047683716,2.700000047683716,106000
2024-10-11,2.680000066757202,2.740000009536743,2.640000104904175,2.6700000762939453,2.6700000762939453,103000
