Date,Open,High,Low,Close,Adj Close,Volume
2018-12-03,438750.0,438750.0,287625.0,316875.0,316875.0,0
2018-12-04,303322.5,304200.0,303322.5,304200.0,304200.0,0
2018-12-06,297375.0,299325.0,286650.0,292500.0,292500.0,1
2018-12-07,292500.0,311025.0,292500.0,292500.0,292500.0,1
2018-12-10,292500.0,309075.0,292500.0,292500.0,292500.0,0
2018-12-11,293475.0,293475.0,276900.0,291525.0,291525.0,1
2018-12-12,275925.0,275925.0,253500.0,266175.0,266175.0,1
2018-12-13,258375.0,259350.0,200850.0,219375.0,219375.0,1
2018-12-14,204750.0,224250.0,149175.0,150150.0,150150.0,0
2018-12-17,147225.0,149662.5,99450.0,123825.0,123825.0,3
2018-12-18,112125.0,154050.0,100425.0,151125.0,151125.0,6
2018-12-19,172575.0,189150.0,107250.0,111150.0,111150.0,9
2018-12-20,109200.0,112125.0,92625.0,110175.0,110175.0,2
2018-12-21,114075.0,114075.0,92625.0,93600.0,93600.0,1
2018-12-24,92625.0,94867.5,83850.0,83850.0,83850.0,0
2018-12-26,87750.0,101400.0,79950.0,92820.0,92820.0,1
2018-12-27,80827.5,96525.0,80827.5,88725.0,88725.0,0
2018-12-28,85800.0,125775.0,83070.0,109687.5,109687.5,3
2018-12-31,130650.0,131040.0,97500.0,114075.0,114075.0,1
2019-01-02,111150.0,111150.0,98475.0,105300.0,105300.0,0
2019-01-03,105300.0,107250.0,93600.0,98280.0,98280.0,2
2019-01-04,98475.0,128700.0,96525.0,101400.0,101400.0,2
2019-01-07,102375.0,111150.0,98475.0,111150.0,111150.0,1
2019-01-08,111150.0,124800.0,107250.0,112125.0,112125.0,2
2019-01-09,112125.0,112125.0,99450.0,108225.0,108225.0,1
2019-01-10,108225.0,127627.5,108225.0,115050.0,115050.0,2
2019-01-11,159900.0,202800.0,151125.0,169650.0,169650.0,54
2019-01-14,151125.0,155902.5,142350.0,143325.0,143325.0,2
2019-01-15,152100.0,156000.0,121875.0,122167.5,122167.5,2
2019-01-16,354802.5,541125.0,297375.0,312975.0,312975.0,307
2019-01-17,297375.0,314925.0,262275.0,292500.0,292500.0,21
2019-01-18,259350.0,296400.0,250575.0,287137.5,287137.5,10
2019-01-22,289575.0,339300.0,289282.5,309075.0,309075.0,9
2019-01-23,308100.0,316875.0,284700.0,293475.0,293475.0,3
2019-01-24,290550.0,402675.0,287625.0,353925.0,353925.0,40
2019-01-25,358800.0,362700.0,268125.0,296400.0,296400.0,28
2019-01-28,296400.0,296400.0,275925.0,292500.0,292500.0,4
2019-01-29,290550.0,290550.0,265200.0,269100.0,269100.0,4
2019-01-30,269100.0,272025.0,231075.0,253500.0,253500.0,5
2019-01-31,250575.0,255255.0,236925.0,236925.0,236925.0,2
2019-02-01,320775.0,321750.0,255450.0,265200.0,265200.0,54
2019-02-04,262275.0,267150.0,249600.0,257400.0,257400.0,3
2019-02-05,255450.0,274755.0,252427.5,257400.0,257400.0,4
2019-02-06,256425.0,263250.0,245700.0,255450.0,255450.0,1
2019-02-07,249600.0,272025.0,247455.0,265200.0,265200.0,2
2019-02-08,268125.0,268125.0,255840.0,262275.0,262275.0,1
2019-02-11,261300.0,261300.0,238875.0,239850.0,239850.0,2
2019-02-12,258375.0,261300.0,204750.0,204750.0,204750.0,22
2019-02-13,202800.0,212550.0,173550.0,199875.0,199875.0,13
2019-02-14,198900.0,207675.0,181350.0,191100.0,191100.0,11
2019-02-15,191100.0,218400.0,191100.0,196950.0,196950.0,16
2019-02-19,195975.0,203775.0,192075.0,192075.0,192075.0,4
2019-02-20,188175.0,193050.0,177450.0,180375.0,180375.0,4
2019-02-21,182325.0,185250.0,176475.0,180375.0,180375.0,3
2019-02-22,179400.0,185250.0,164775.0,175500.0,175500.0,5
2019-02-25,175500.0,179302.5,156975.0,160875.0,160875.0,4
2019-02-26,163800.0,165750.0,146250.0,149175.0,149175.0,8
2019-02-27,158925.0,165750.0,148200.0,156975.0,156975.0,21
2019-02-28,162825.0,168675.0,155025.0,163800.0,163800.0,16
2019-03-01,164775.0,164775.0,149175.0,156975.0,156975.0,8
2019-03-04,159900.0,161850.0,147225.0,150150.0,150150.0,5
2019-03-05,154050.0,154050.0,148200.0,151125.0,151125.0,3
2019-03-06,160875.0,164775.0,150150.0,153075.0,153075.0,6
2019-03-07,150150.0,152100.0,129675.0,141375.0,141375.0,7
2019-03-08,138450.0,159900.0,134550.0,151125.0,151125.0,15
2019-03-11,182325.0,188175.0,152100.0,163800.0,163800.0,43
2019-03-12,159900.0,175500.0,150930.0,154050.0,154050.0,25
2019-03-13,157950.0,157950.0,139425.0,149175.0,149175.0,7
2019-03-14,150150.0,165750.0,147030.0,151125.0,151125.0,10
2019-03-15,153075.0,156000.0,148200.0,148200.0,148200.0,4
2019-03-18,150150.0,161557.5,149175.0,149175.0,149175.0,7
2019-03-19,152100.0,154050.0,150150.0,150150.0,150150.0,4
2019-03-20,154050.0,158925.0,151125.0,154050.0,154050.0,3
2019-03-21,155025.0,169650.0,152100.0,167700.0,167700.0,12
2019-03-22,166725.0,179400.0,157950.0,165750.0,165750.0,13
2019-03-25,166725.0,177450.0,160875.0,168675.0,168675.0,5
2019-03-26,170625.0,177450.0,163800.0,173550.0,173550.0,9
2019-03-27,180375.0,184275.0,167700.0,171600.0,171600.0,13
2019-03-28,171600.0,172575.0,161850.0,166725.0,166725.0,5
2019-03-29,167700.0,177450.0,156975.0,168675.0,168675.0,12
2019-04-01,163800.0,165360.0,153075.0,157950.0,157950.0,6
2019-04-02,159900.0,160680.0,152100.0,157950.0,157950.0,3
2019-04-03,159900.0,159900.0,148200.0,150150.0,150150.0,3
2019-04-04,151125.0,154050.0,139425.0,153075.0,153075.0,10
2019-04-05,153075.0,153075.0,146250.0,147225.0,147225.0,2
2019-04-08,146250.0,146250.0,138645.0,143325.0,143325.0,5
2019-04-09,141375.0,143325.0,139425.0,140595.0,140595.0,2
2019-04-10,138450.0,140400.0,131625.0,132600.0,132600.0,4
2019-04-11,148200.0,153075.0,133575.0,135525.0,135525.0,32
2019-04-12,134550.0,135525.0,130650.0,131625.0,131625.0,5
2019-04-15,131625.0,134452.5,122850.0,127627.5,127627.5,5
2019-04-16,126750.0,127725.0,113100.0,114075.0,114075.0,8
2019-04-17,120900.0,120900.0,106275.0,114075.0,114075.0,7
2019-04-18,113100.0,117000.0,98475.0,116025.0,116025.0,10
2019-04-22,118950.0,131625.0,112125.0,117000.0,117000.0,24
2019-04-23,117000.0,121875.0,108225.0,113100.0,113100.0,7
2019-04-24,112125.0,113100.0,107250.0,108225.0,108225.0,4
2019-04-25,108225.0,109200.0,102375.0,104325.0,104325.0,4
2019-04-26,105300.0,113100.0,102375.0,113100.0,113100.0,7
2019-04-29,107250.0,110175.0,105300.0,105300.0,105300.0,4
2019-04-30,107250.0,120900.0,106275.0,109200.0,109200.0,9
2019-05-01,108225.0,110565.0,104325.0,104325.0,104325.0,5
2019-05-02,105300.0,106275.0,97500.0,99450.0,99450.0,8
2019-05-03,100425.0,111150.0,96525.0,102862.5,102862.5,25
2019-05-06,97500.0,101400.0,90675.0,99937.5,99937.5,6
2019-05-07,98475.0,99450.0,96525.0,96525.0,96525.0,4
2019-05-08,97500.0,99450.0,90675.0,91260.0,91260.0,7
2019-05-09,123825.0,144300.0,105300.0,117000.0,117000.0,301
2019-05-10,112125.0,114075.0,104325.0,106275.0,106275.0,19
2019-05-13,111150.0,115050.0,102375.0,105300.0,105300.0,20
2019-05-14,102375.0,104812.5,97402.5,97402.5,97402.5,10
2019-05-15,97500.0,100425.0,90675.0,92625.0,92625.0,15
2019-05-16,92625.0,95550.0,90870.0,91162.5,91162.5,15
2019-05-17,90675.0,92625.0,83850.0,83850.0,83850.0,16
2019-05-20,83850.0,86677.5,80047.5,83460.0,83460.0,12
2019-05-21,84825.0,87750.0,82875.0,83850.0,83850.0,10
2019-05-22,88725.0,89700.0,75075.0,78975.0,78975.0,36
2019-05-23,78195.0,78195.0,70492.5,73125.0,73125.0,12
2019-05-24,73125.0,75075.0,71662.5,73125.0,73125.0,7
2019-05-28,74100.0,74100.0,70687.5,72150.0,72150.0,8
2019-05-29,72150.0,72150.0,61132.5,67275.0,67275.0,25
2019-05-30,67275.0,70687.5,57525.0,65227.5,65227.5,25
2019-05-31,62205.0,62497.5,57720.0,59475.0,59475.0,7
2019-06-03,59085.0,66300.0,58500.0,62400.0,62400.0,10
2019-06-04,60450.0,62497.5,59475.0,62010.0,62010.0,6
2019-06-05,62400.0,62400.0,47775.0,52845.0,52845.0,21
2019-06-06,56550.0,58207.5,43875.0,46410.0,46410.0,25
2019-06-07,47775.0,49627.5,45630.0,49530.0,49530.0,8
2019-06-10,48750.0,55575.0,46605.0,49920.0,49920.0,44
2019-06-11,48262.5,48360.0,40657.5,45727.5,45727.5,17
2019-06-12,45825.0,46800.0,42900.0,43680.0,43680.0,18
2019-06-13,44752.5,45825.0,43387.5,44850.0,44850.0,7
2019-06-14,44362.5,44460.0,41925.0,42705.0,42705.0,7
2019-06-17,40852.5,41925.0,36075.0,38122.5,38122.5,12
2019-06-18,39975.0,42900.0,37830.0,38025.0,38025.0,9
2019-06-19,39000.0,39975.0,36172.5,39390.0,39390.0,6
2019-06-20,39975.0,40755.0,37147.5,38025.0,38025.0,6
2019-06-21,38025.0,39000.0,37342.5,37440.0,37440.0,4
2019-06-24,39000.0,39097.5,34125.0,35100.0,35100.0,9
2019-06-25,35880.0,36075.0,30127.5,31200.0,31200.0,12
2019-06-26,31590.0,32175.0,28275.0,28470.0,28470.0,10
2019-06-27,29250.0,32175.0,26617.5,31785.0,31785.0,10
2019-06-28,29347.5,36075.0,29347.5,34027.5,34027.5,13
2019-07-01,35100.0,35100.0,31200.0,31687.5,31687.5,7
2019-07-02,33150.0,33150.0,30225.0,31200.0,31200.0,5
2019-07-03,32175.0,41925.0,32175.0,39975.0,39975.0,31
2019-07-05,43582.5,57525.0,40462.5,45045.0,45045.0,95
2019-07-08,45922.5,46800.0,39097.5,42510.0,42510.0,18
2019-07-09,41730.0,43875.0,39000.0,39975.0,39975.0,19
2019-07-10,40950.0,42412.5,39487.5,40462.5,40462.5,13
2019-07-11,41925.0,41925.0,37050.0,38902.5,38902.5,10
2019-07-12,39000.0,39975.0,37927.5,37927.5,37927.5,8
2019-07-15,39000.0,39877.5,32370.0,33540.0,33540.0,18
2019-07-16,34125.0,36562.5,32565.0,33735.0,33735.0,8
2019-07-17,33442.5,35100.0,30127.5,30225.0,30225.0,11
2019-07-18,30127.5,38122.5,27787.5,34612.5,34612.5,51
2019-07-19,35977.5,41730.0,30517.5,38025.0,38025.0,28
2019-07-22,37927.5,44850.0,35002.5,41145.0,41145.0,38
2019-07-23,40950.0,51675.0,40267.5,50017.5,50017.5,61
2019-07-24,49725.0,55575.0,42900.0,42900.0,42900.0,40
2019-07-25,40950.0,43387.5,37050.0,38025.0,38025.0,20
2019-07-26,38512.5,40950.0,34612.5,39975.0,39975.0,36
2019-07-29,42022.5,42412.5,38902.5,40950.0,40950.0,13
2019-07-30,40950.0,42900.0,39097.5,41925.0,41925.0,9
2019-07-31,44265.0,48750.0,42900.0,47580.0,47580.0,22
2019-08-01,49140.0,55575.0,42315.0,44850.0,44850.0,38
2019-08-02,44947.5,46800.0,42022.5,45727.5,45727.5,12
2019-08-05,45825.0,47775.0,43387.5,46312.5,46312.5,8
2019-08-06,46507.5,52650.0,45532.5,48555.0,48555.0,15
2019-08-07,48750.0,49627.5,46020.0,47580.0,47580.0,6
2019-08-08,48067.5,53625.0,47580.0,49725.0,49725.0,17
2019-08-09,52162.5,53527.5,49237.5,50700.0,50700.0,18
2019-08-12,51675.0,63862.5,51187.5,62985.0,62985.0,62
2019-08-13,66300.0,70687.5,56550.0,59670.0,59670.0,66
2019-08-14,63082.5,66300.0,56940.0,63570.0,63570.0,32
2019-08-15,56550.0,61425.0,50700.0,56355.0,56355.0,22
2019-08-16,55087.5,56355.0,51675.0,52650.0,52650.0,11
2019-08-19,51675.0,54600.0,27397.5,54112.5,54112.5,23
2019-08-20,42900.0,43875.0,33150.0,39000.0,39000.0,40
2019-08-21,37050.0,39975.0,36075.0,36562.5,36562.5,13
2019-08-22,41925.0,41925.0,37050.0,37927.5,37927.5,31
2019-08-23,38025.0,38512.5,34905.0,35685.0,35685.0,12
2019-08-26,36075.0,37050.0,32370.0,35392.5,35392.5,14
2019-08-27,44167.5,53625.0,39390.0,40755.0,40755.0,113
2019-08-28,39000.0,40462.5,37537.5,38805.0,38805.0,17
2019-08-29,38025.0,39877.5,37245.0,38512.5,38512.5,13
2019-08-30,39000.0,40462.5,38317.5,39487.5,39487.5,13
2019-09-03,41925.0,42120.0,38025.0,38805.0,38805.0,16
2019-09-04,38805.0,39975.0,36075.0,37927.5,37927.5,15
2019-09-05,37537.5,39877.5,36562.5,38317.5,38317.5,9
2019-09-06,38220.0,39000.0,36562.5,36855.0,36855.0,9
2019-09-09,36270.0,37050.0,34125.0,36465.0,36465.0,13
2019-09-10,36757.5,38902.5,34710.0,37635.0,37635.0,8
2019-09-11,37440.0,38512.5,36562.5,37342.5,37342.5,5
2019-09-12,37050.0,37537.5,35100.0,36562.5,36562.5,5
2019-09-13,36172.5,36757.5,35100.0,36075.0,36075.0,5
2019-09-16,36172.5,36367.5,35392.5,35587.5,35587.5,4
2019-09-17,37050.0,37050.0,35197.5,35392.5,35392.5,4
2019-09-18,34320.0,35782.5,34222.5,34515.0,34515.0,5
2019-09-19,34515.0,35002.5,31687.5,33052.5,33052.5,9
2019-09-20,33637.5,35100.0,32662.5,34710.0,34710.0,4
2019-09-23,32662.5,35587.5,32662.5,35100.0,35100.0,3
2019-09-24,35880.0,37050.0,34612.5,35100.0,35100.0,3
2019-09-25,36075.0,36075.0,32857.5,33345.0,33345.0,4
2019-09-26,34125.0,34125.0,31687.5,32175.0,32175.0,5
2019-09-27,32175.0,33150.0,32175.0,32175.0,32175.0,3
2019-09-30,32760.0,33052.5,29542.5,30225.0,30225.0,4
2019-10-01,31200.0,34612.5,30322.5,31200.0,31200.0,8
2019-10-02,32077.5,32565.0,29737.5,30810.0,30810.0,4
2019-10-03,30322.5,31200.0,29640.0,30712.5,30712.5,4
2019-10-04,31590.0,31687.5,30225.0,31102.5,31102.5,2
2019-10-07,31102.5,34125.0,30810.0,33150.0,33150.0,9
2019-10-08,33150.0,35782.5,32175.0,34515.0,34515.0,10
2019-10-09,34612.5,35100.0,33150.0,33345.0,33345.0,4
2019-10-10,33345.0,34905.0,32272.5,33150.0,33150.0,2
2019-10-11,33150.0,34125.0,32565.0,33150.0,33150.0,2
2019-10-14,32955.0,34027.5,31297.5,33052.5,33052.5,2
2019-10-15,32565.0,32857.5,31297.5,32565.0,32565.0,3
2019-10-16,32857.5,33150.0,29347.5,32077.5,32077.5,14
2019-10-17,31200.0,31980.0,30225.0,31102.5,31102.5,5
2019-10-18,31590.0,31590.0,30420.0,30810.0,30810.0,2
2019-10-21,30420.0,30810.0,29737.5,30225.0,30225.0,3
2019-10-22,29250.0,30127.5,26812.5,28275.0,28275.0,7
2019-10-23,29250.0,29250.0,26812.5,27300.0,27300.0,4
2019-10-24,27690.0,30712.5,26812.5,29250.0,29250.0,5
2019-10-25,29250.0,31005.0,28567.5,31005.0,31005.0,6
2019-10-28,30225.0,31200.0,28372.5,29347.5,29347.5,3
2019-10-29,30420.0,30420.0,27592.5,28275.0,28275.0,2
2019-10-30,28275.0,29737.5,28080.0,28275.0,28275.0,2
2019-10-31,28275.0,28275.0,27397.5,27397.5,27397.5,2
2019-11-01,28275.0,28567.5,27300.0,27982.5,27982.5,2
2019-11-04,29737.5,29737.5,27787.5,28080.0,28080.0,2
2019-11-05,29250.0,29250.0,27787.5,28275.0,28275.0,3
2019-11-06,28080.0,28275.0,27105.0,27300.0,27300.0,3
2019-11-07,27397.5,29250.0,26812.5,28080.0,28080.0,4
2019-11-08,27300.0,28275.0,27300.0,27787.5,27787.5,4
2019-11-11,28275.0,28665.0,27202.5,27885.0,27885.0,5
2019-11-12,27300.0,28080.0,27202.5,27300.0,27300.0,3
2019-11-13,26520.0,27885.0,26520.0,27300.0,27300.0,5
2019-11-14,28275.0,30225.0,23107.5,24277.5,24277.5,24
2019-11-15,20475.0,22132.5,17550.0,20572.5,20572.5,18
2019-11-18,21742.5,21742.5,16575.0,20182.5,20182.5,10
2019-11-19,22132.5,23887.5,19792.5,22230.0,22230.0,20
2019-11-20,21937.5,22912.5,19500.0,19500.0,19500.0,5
2019-11-21,21450.0,21450.0,19500.0,19500.0,19500.0,4
2019-11-22,21547.5,21645.0,8872.5,15600.0,15600.0,37
2019-11-25,17355.0,17452.5,13747.5,15600.0,15600.0,10
2019-11-26,26325.0,31102.5,18622.5,22425.0,22425.0,155
2019-11-27,21255.0,21255.0,18232.5,19597.5,19597.5,18
2019-11-29,19792.5,19987.5,18817.5,19207.5,19207.5,6
2019-12-02,19987.5,19987.5,18135.0,18525.0,18525.0,7
2019-12-03,18037.5,18135.0,15795.0,17257.5,17257.5,9
2019-12-04,17550.0,21352.5,16185.0,18525.0,18525.0,25
2019-12-05,19402.5,19500.0,16575.0,16867.5,16867.5,11
2019-12-06,16672.5,17452.5,16282.5,16282.5,16282.5,5
2019-12-09,16087.5,17160.0,15600.0,15892.5,15892.5,6
2019-12-10,17550.0,20377.5,16575.0,17160.0,17160.0,37
2019-12-11,17160.0,17452.5,15600.0,16867.5,16867.5,10
2019-12-12,16867.5,17452.5,16087.5,16575.0,16575.0,10
2019-12-13,16575.0,18135.0,16185.0,17550.0,17550.0,16
2019-12-16,18427.5,18427.5,17160.0,17842.5,17842.5,9
2019-12-17,18525.0,19987.5,17550.0,17745.0,17745.0,20
2019-12-18,16087.5,17550.0,16087.5,17160.0,17160.0,13
2019-12-19,16185.0,17550.0,16185.0,17160.0,17160.0,10
2019-12-20,17452.5,17842.5,16575.0,16965.0,16965.0,4
2019-12-23,17550.0,17550.0,16185.0,17355.0,17355.0,6
2019-12-24,16867.5,17355.0,16575.0,17062.5,17062.5,1
2019-12-26,17355.0,18525.0,16770.0,17257.5,17257.5,10
2019-12-27,17550.0,20962.5,17452.5,18427.5,18427.5,27
2019-12-30,19695.0,20280.0,18525.0,19500.0,19500.0,18
2019-12-31,19987.5,20962.5,19305.0,19500.0,19500.0,11
2020-01-02,21645.0,29250.0,21547.5,26812.5,26812.5,83
2020-01-03,25350.0,26325.0,21450.0,24375.0,24375.0,37
2020-01-06,29250.0,31200.0,26520.0,28275.0,28275.0,51
2020-01-07,27982.5,29250.0,26325.0,26617.5,26617.5,14
2020-01-08,25837.5,39975.0,25837.5,39000.0,39000.0,92
2020-01-09,39975.0,46800.0,34320.0,36172.5,36172.5,171
2020-01-10,34905.0,39975.0,31297.5,38025.0,38025.0,39
2020-01-13,40462.5,40852.5,34125.0,36075.0,36075.0,38
2020-01-14,34125.0,36075.0,32175.0,34612.5,34612.5,22
2020-01-15,33150.0,35587.5,32175.0,33930.0,33930.0,19
2020-01-16,35100.0,35977.5,33345.0,34905.0,34905.0,17
2020-01-17,34125.0,34125.0,32467.5,32467.5,32467.5,17
2020-01-21,28275.0,29737.5,24375.0,28275.0,28275.0,29
2020-01-22,28275.0,28567.5,26325.0,27105.0,27105.0,15
2020-01-23,27105.0,27105.0,27105.0,27105.0,27105.0,11
2020-01-24,14137.5,16087.5,14040.0,15405.0,15405.0,465
2020-01-27,15600.0,15600.0,14137.5,14820.0,14820.0,98
2020-01-28,15112.5,15405.0,14235.0,15112.5,15112.5,92
2020-01-29,15405.0,18525.0,14820.0,16867.5,16867.5,386
2020-01-30,17452.5,17452.5,15210.0,15990.0,15990.0,152
2020-01-31,15600.0,15697.5,14625.0,15210.0,15210.0,105
2020-02-03,14625.0,14625.0,12285.0,13552.5,13552.5,164
2020-02-04,13162.5,14137.5,12675.0,13845.0,13845.0,99
2020-02-05,15112.5,17062.5,14917.5,15405.0,15405.0,476
2020-02-06,15892.5,16087.5,15307.5,15697.5,15697.5,145
2020-02-07,15600.0,15600.0,14625.0,14625.0,14625.0,100
2020-02-10,15600.0,15697.5,14917.5,15210.0,15210.0,64
2020-02-11,15600.0,15795.0,15015.0,15210.0,15210.0,71
2020-02-12,15210.0,15307.5,14625.0,14722.5,14722.5,72
2020-02-13,14722.5,15015.0,14040.0,14820.0,14820.0,66
2020-02-14,14625.0,14625.0,13650.0,14235.0,14235.0,75
2020-02-18,14722.5,14820.0,13942.5,14332.5,14332.5,68
2020-02-19,15015.0,15990.0,14625.0,15502.5,15502.5,202
2020-02-20,15795.0,20475.0,15502.5,19890.0,19890.0,800
2020-02-21,26812.5,28762.5,20475.0,23595.0,23595.0,1111
2020-02-24,22912.5,22912.5,19207.5,20670.0,20670.0,272
2020-02-25,24862.5,25350.0,21547.5,22425.0,22425.0,319
2020-02-26,21157.5,21352.5,17745.0,18330.0,18330.0,227
2020-02-27,15795.0,20280.0,14722.5,18037.5,18037.5,298
2020-02-28,16575.0,17550.0,15307.5,17550.0,17550.0,149
2020-03-02,16575.0,18037.5,15307.5,16575.0,16575.0,127
2020-03-03,16575.0,21255.0,16087.5,19987.5,19987.5,367
2020-03-04,18915.0,19500.0,17940.0,18817.5,18817.5,156
2020-03-05,18525.0,18525.0,17842.5,18330.0,18330.0,55
2020-03-06,17550.0,18037.5,16575.0,17257.5,17257.5,76
2020-03-09,16282.5,16575.0,14820.0,15600.0,15600.0,95
2020-03-10,16477.5,16575.0,15307.5,15795.0,15795.0,73
2020-03-11,21060.0,21352.5,16087.5,16477.5,16477.5,367
2020-03-12,16087.5,19500.0,14820.0,16380.0,16380.0,250
2020-03-13,18232.5,18817.5,16087.5,16575.0,16575.0,173
2020-03-16,16575.0,16575.0,15015.0,15405.0,15405.0,85
2020-03-17,15795.0,16087.5,14820.0,15405.0,15405.0,103
2020-03-18,15210.0,15502.5,13845.0,14332.5,14332.5,84
2020-03-19,13747.5,14625.0,12675.0,13552.5,13552.5,95
2020-03-20,13650.0,13942.5,13162.5,13455.0,13455.0,58
2020-03-23,13357.5,13650.0,12187.5,12967.5,12967.5,64
2020-03-24,13162.5,13650.0,12675.0,12870.0,12870.0,61
2020-03-25,13162.5,14137.5,12577.5,13747.5,13747.5,112
2020-03-26,14137.5,14137.5,13260.0,13845.0,13845.0,61
2020-03-27,13552.5,16477.5,13065.0,14625.0,14625.0,202
2020-03-30,17550.0,22815.0,16672.5,17550.0,17550.0,1087
2020-03-31,17160.0,17355.0,14137.5,14235.0,14235.0,255
2020-04-01,14527.5,14527.5,13162.5,13552.5,13552.5,121
2020-04-02,13650.0,13942.5,13162.5,13455.0,13455.0,111
2020-04-03,14137.5,15892.5,13552.5,15502.5,15502.5,319
2020-04-06,15600.0,16770.0,14722.5,14917.5,14917.5,206
2020-04-07,15405.0,15600.0,14235.0,14820.0,14820.0,135
2020-04-08,14625.0,14625.0,12675.0,13747.5,13747.5,273
2020-04-09,19792.5,20475.0,15892.5,16380.0,16380.0,1076
2020-04-13,16575.0,17062.5,15112.5,15795.0,15795.0,200
2020-04-14,15697.5,15795.0,13455.0,14625.0,14625.0,326
2020-04-15,13747.5,15600.0,10822.5,13942.5,13942.5,1820
2020-04-16,13650.0,13845.0,12187.5,13357.5,13357.5,331
2020-04-17,13065.0,13650.0,12772.5,13357.5,13357.5,203
2020-04-20,13260.0,14040.0,12675.0,13260.0,13260.0,189
2020-04-21,12772.5,13455.0,12675.0,12967.5,12967.5,163
2020-04-22,12967.5,13357.5,12675.0,13065.0,13065.0,201
2020-04-23,12967.5,13552.5,12870.0,13455.0,13455.0,180
2020-04-24,13260.0,13455.0,12967.5,13357.5,13357.5,128
2020-04-27,13552.5,14040.0,13357.5,13942.5,13942.5,240
2020-04-28,13942.5,14040.0,12967.5,13455.0,13455.0,168
2020-04-29,13162.5,14527.5,12967.5,13260.0,13260.0,356
2020-04-30,13065.0,13162.5,12675.0,12967.5,12967.5,188
2020-05-01,12870.0,12967.5,11797.5,12285.0,12285.0,170
2020-05-04,12187.5,12382.5,10920.0,12129.0,12129.0,148
2020-05-05,11797.5,12090.0,11700.0,11700.0,11700.0,79
2020-05-06,12382.5,13552.5,11992.5,13162.5,13162.5,373
2020-05-07,12772.5,12967.5,12382.5,12967.5,12967.5,175
2020-05-08,12772.5,15892.5,12772.5,13747.5,13747.5,1365
2020-05-11,14137.5,14820.0,13455.0,14625.0,14625.0,383
2020-05-12,14137.5,16087.5,13455.0,13650.0,13650.0,939
2020-05-13,14137.5,14137.5,12187.5,12870.0,12870.0,357
2020-05-14,12187.5,12285.0,9847.5,12285.0,12285.0,228
2020-05-15,11992.5,12090.0,11505.0,11700.0,11700.0,100
2020-05-18,11992.5,13357.5,11602.5,12187.5,12187.5,415
2020-05-19,11895.0,12285.0,11505.0,12090.0,12090.0,270
2020-05-20,11992.5,12382.5,11602.5,12382.5,12382.5,180
2020-05-21,11992.5,12382.5,11895.0,12187.5,12187.5,112
2020-05-22,12187.5,12675.0,11700.0,12187.5,12187.5,194
2020-05-26,12285.0,12285.0,11797.5,11992.5,11992.5,131
2020-05-27,11895.0,11992.5,11310.0,11602.5,11602.5,191
2020-05-28,11700.0,11700.0,10725.0,10725.0,10725.0,235
2020-05-29,8580.0,8726.25,8385.0,8492.25,8492.25,1948
2020-06-01,8589.75,8589.75,8053.5,8287.5,8287.5,515
2020-06-02,8453.25,8823.75,8365.5,8648.25,8648.25,848
2020-06-03,8775.0,8775.0,8365.5,8443.5,8443.5,364
2020-06-04,8424.0,8472.75,8092.5,8238.75,8238.75,450
2020-06-05,8580.0,9028.5,8297.25,8755.5,8755.5,655
2020-06-08,8989.5,9145.5,8580.0,8970.0,8970.0,567
2020-06-09,8970.0,11212.5,8580.0,10140.0,10140.0,3027
2020-06-10,10335.0,10335.0,9067.5,9262.5,9262.5,909
2020-06-11,8775.0,8950.5,8248.5,8414.25,8414.25,428
2020-06-12,8970.0,8970.0,8297.25,8385.0,8385.0,320
2020-06-15,8385.0,8580.0,8092.5,8385.0,8385.0,264
2020-06-16,8628.75,9350.25,8589.75,8775.0,8775.0,1123
2020-06-17,8726.25,8745.75,8394.75,8619.0,8619.0,310
2020-06-18,8482.5,8697.0,8394.75,8443.5,8443.5,233
2020-06-19,8580.0,8667.75,8151.0,8151.0,8151.0,284
2020-06-22,8355.75,8482.5,8151.0,8199.75,8199.75,237
2020-06-23,8287.5,8346.0,8190.0,8190.0,8190.0,197
2020-06-24,8190.0,8219.25,7809.75,7926.75,7926.75,235
2020-06-25,7995.0,8131.5,7819.5,8073.0,8073.0,119
2020-06-26,8141.25,8141.25,7312.5,7605.0,7605.0,306
2020-06-29,7702.5,7800.0,7449.0,7634.25,7634.25,96
2020-06-30,7653.75,7702.5,7410.0,7556.25,7556.25,119
2020-07-01,7595.25,8170.5,7488.0,7897.5,7897.5,344
2020-07-02,8043.75,8043.75,7507.5,7614.75,7614.75,121
2020-07-06,7605.0,7800.0,7458.75,7702.5,7702.5,114
2020-07-07,7556.25,8667.75,7527.0,7546.5,7546.5,532
2020-07-08,7605.0,7605.0,7419.75,7468.5,7468.5,104
2020-07-09,7419.75,8180.25,7234.5,7536.75,7536.75,818
2020-07-10,7546.5,7653.75,7234.5,7371.0,7371.0,198
2020-07-13,7234.5,7312.5,6542.25,6630.0,6630.0,268
2020-07-14,6630.0,7020.0,6337.5,6620.25,6620.25,297
2020-07-15,6610.5,7107.75,6610.5,7020.0,7020.0,181
2020-07-16,6825.0,7215.0,6727.5,7117.5,7117.5,116
2020-07-17,7166.25,7312.5,6971.25,7215.0,7215.0,94
2020-07-20,7117.5,7322.25,7068.75,7244.25,7244.25,90
2020-07-21,7215.0,7410.0,7117.5,7312.5,7312.5,113
2020-07-22,7312.5,7410.0,7224.75,7312.5,7312.5,61
2020-07-23,7312.5,7312.5,6922.5,7059.0,7059.0,108
2020-07-24,7010.25,7020.0,6922.5,6971.25,6971.25,53
2020-07-27,6971.25,7117.5,6727.5,6756.75,6756.75,62
2020-07-28,6825.0,7020.0,6766.5,6912.75,6912.75,70
2020-07-29,6912.75,7663.5,6776.25,7146.75,7146.75,413
2020-07-30,6961.5,7117.5,6737.25,7059.0,7059.0,120
2020-07-31,6922.5,7000.5,6776.25,6834.75,6834.75,55
2020-08-03,6776.25,6971.25,6727.5,6727.5,6727.5,108
2020-08-04,6756.75,6912.75,6630.0,6776.25,6776.25,113
2020-08-05,6708.0,7312.5,6630.0,6825.0,6825.0,101
2020-08-06,6961.5,7000.5,6766.5,6825.0,6825.0,61
2020-08-07,6825.0,6971.25,6678.75,6825.0,6825.0,147
2020-08-10,6825.0,6971.25,6727.5,6844.5,6844.5,128
2020-08-11,6825.0,6834.75,6649.5,6727.5,6727.5,71
2020-08-12,6747.0,6834.75,6639.75,6766.5,6766.5,87
2020-08-13,6825.0,6834.75,6669.0,6727.5,6727.5,1023
2020-08-14,7995.0,9135.75,7224.75,7429.5,7429.5,3143
2020-08-17,7029.75,7497.75,7020.0,7371.0,7371.0,384
2020-08-18,7478.25,8082.75,7166.25,7410.0,7410.0,935
2020-08-19,7400.25,7400.25,7029.75,7156.5,7156.5,247
2020-08-20,7029.75,7078.5,6825.0,6961.5,6961.5,231
2020-08-21,6834.75,7117.5,6795.75,6951.75,6951.75,133
2020-08-24,6922.5,6922.5,6337.5,6630.0,6630.0,180
2020-08-25,6971.25,6981.0,6630.0,6893.25,6893.25,138
2020-08-26,6825.0,6873.75,6532.5,6649.5,6649.5,86
2020-08-27,6727.5,6825.0,6630.0,6639.75,6639.75,67
2020-08-28,6747.0,6747.0,6532.5,6727.5,6727.5,79
2020-08-31,6727.5,6756.75,6561.75,6620.25,6620.25,57
2020-09-01,6542.25,6620.25,6240.0,6493.5,6493.5,105
2020-09-02,6503.25,6630.0,6249.75,6532.5,6532.5,110
2020-09-03,6240.0,6815.25,6240.0,6717.75,6717.75,136
2020-09-04,6795.75,7215.0,6435.0,6971.25,6971.25,411
2020-09-08,6649.5,6825.0,6581.25,6717.75,6717.75,84
2020-09-09,6630.0,6630.0,6249.75,6454.5,6454.5,88
2020-09-10,6454.5,6532.5,6288.75,6386.25,6386.25,64
2020-09-11,6298.5,6357.0,6054.75,6093.75,6093.75,116
2020-09-14,6240.0,6366.75,6054.75,6220.5,6220.5,73
2020-09-15,6220.5,6357.0,6142.5,6288.75,6288.75,58
2020-09-16,6298.5,6318.0,6162.0,6288.75,6288.75,33
2020-09-17,6201.0,6288.75,6054.75,6191.25,6191.25,66
2020-09-18,6191.25,6483.75,6142.5,6357.0,6357.0,61
2020-09-21,6337.5,6542.25,6181.5,6435.0,6435.0,78
2020-09-22,6600.75,6776.25,6337.5,6688.5,6688.5,142
2020-09-23,6825.0,7117.5,6532.5,6630.0,6630.0,231
2020-09-24,6483.75,6532.5,6152.25,6327.75,6327.75,98
2020-09-25,6327.75,6483.75,6220.5,6474.0,6474.0,60
2020-09-28,6659.25,6727.5,6347.25,6571.5,6571.5,71
2020-09-29,6561.75,6990.75,6552.0,6825.0,6825.0,147
2020-09-30,6834.75,6922.5,6581.25,6795.75,6795.75,80
2020-10-01,6825.0,7595.25,6678.75,7468.5,7468.5,400
2020-10-02,7683.0,8375.25,7419.75,8131.5,8131.5,762
2020-10-05,8190.0,8258.25,7614.75,7819.5,7819.5,234
2020-10-06,7780.5,7800.0,7273.5,7341.75,7341.75,195
2020-10-07,7517.25,7995.0,7478.25,7897.5,7897.5,174
2020-10-08,8190.0,8775.0,7995.0,8307.0,8307.0,816
2020-10-09,8287.5,8531.25,8004.75,8238.75,8238.75,208
2020-10-12,8141.25,8970.0,8092.5,8463.0,8463.0,545
2020-10-13,8482.5,8872.5,8385.0,8589.75,8589.75,257
2020-10-14,8570.25,8589.75,8112.0,8287.5,8287.5,168
2020-10-15,8190.0,8287.5,7829.25,8287.5,8287.5,117
2020-10-16,8287.5,8307.0,7878.0,8092.5,8092.5,131
2020-10-19,8102.25,8365.5,7800.0,7878.0,7878.0,102
2020-10-20,7887.75,7995.0,7341.75,7848.75,7848.75,180
2020-10-21,7605.0,7800.0,7605.0,7692.75,7692.75,78
2020-10-22,7605.0,7702.5,7410.0,7556.25,7556.25,69
2020-10-23,7556.25,7605.0,7312.5,7488.0,7488.0,83
2020-10-26,7488.0,7702.5,6357.0,7156.5,7156.5,208
2020-10-27,7215.0,7215.0,6825.0,6981.0,6981.0,43
2020-10-28,6825.0,6912.75,6483.75,6581.25,6581.25,142
2020-10-29,6610.5,6727.5,6532.5,6561.75,6561.75,65
2020-10-30,6532.5,6825.0,6532.5,6639.75,6639.75,82
2020-11-02,6776.25,6825.0,6630.0,6708.0,6708.0,32
2020-11-03,6825.0,7020.0,6727.5,6873.75,6873.75,69
2020-11-04,7215.0,7215.0,6630.0,6795.75,6795.75,229
2020-11-05,6922.5,6981.0,6630.0,6922.5,6922.5,82
2020-11-06,6922.5,6922.5,6727.5,6825.0,6825.0,675
2020-11-09,8443.5,8979.75,7507.5,7731.75,7731.75,1407
2020-11-10,7751.25,7995.0,7215.0,7702.5,7702.5,229
2020-11-11,7410.0,7702.5,7410.0,7507.5,7507.5,107
2020-11-12,7780.5,7848.75,7478.25,7702.5,7702.5,111
2020-11-13,7702.5,7702.5,7458.75,7605.0,7605.0,88
2020-11-16,7692.75,7692.75,7224.75,7410.0,7410.0,168
2020-11-17,7507.5,7800.0,7166.25,7780.5,7780.5,192
2020-11-18,7702.5,7800.0,7507.5,7663.5,7663.5,128
2020-11-19,7702.5,7995.0,7536.75,7897.5,7897.5,140
2020-11-20,7946.25,8102.25,7683.0,8073.0,8073.0,156
2020-11-23,8121.75,8248.5,7946.25,8092.5,8092.5,139
2020-11-24,8190.0,8287.5,7907.25,7926.75,7926.75,175
2020-11-25,7995.0,7995.0,7702.5,7897.5,7897.5,151
2020-11-27,8063.25,8190.0,7800.0,8092.5,8092.5,130
2020-11-30,7897.5,8092.5,7712.25,8014.5,8014.5,160
2020-12-01,7995.0,8034.0,7800.0,7839.0,7839.0,88
2020-12-02,7897.5,7946.25,7497.75,7800.0,7800.0,130
2020-12-03,7741.5,7946.25,7702.5,7819.5,7819.5,100
2020-12-04,7887.75,7995.0,7605.0,7819.5,7819.5,128
2020-12-07,7995.0,8911.5,7839.0,8043.75,8043.75,1261
2020-12-08,7312.5,7653.75,7215.0,7429.5,7429.5,294
2020-12-09,7507.5,7887.75,7117.5,7254.0,7254.0,293
2020-12-10,7400.25,8092.5,7312.5,7575.75,7575.75,492
2020-12-11,7332.0,7507.5,7215.0,7341.75,7341.75,137
2020-12-14,7410.0,7410.0,7176.0,7332.0,7332.0,147
2020-12-15,7410.0,7595.25,7244.25,7595.25,7595.25,142
2020-12-16,7595.25,7605.0,7312.5,7556.25,7556.25,103
2020-12-17,7605.0,8063.25,7556.25,7907.25,7907.25,224
2020-12-18,7897.5,8043.75,7731.75,7800.0,7800.0,114
2020-12-21,7975.5,8463.0,7731.75,8238.75,8238.75,265
2020-12-22,8287.5,8385.0,7800.0,7936.5,7936.5,280
2020-12-23,7975.5,8277.75,7917.0,8092.5,8092.5,157
2020-12-24,8287.5,8326.5,7897.5,7995.0,7995.0,140
2020-12-28,8180.25,8238.75,7995.0,7995.0,7995.0,209
2020-12-29,8063.25,8063.25,7605.0,7673.25,7673.25,230
2020-12-30,7800.0,7926.75,7507.5,7605.0,7605.0,243
2020-12-31,7897.5,7897.5,7595.25,7731.75,7731.75,250
2021-01-04,7800.0,8287.5,7800.0,8287.5,8287.5,364
2021-01-05,8287.5,9067.5,8190.0,8560.5,8560.5,831
2021-01-06,8677.5,9360.0,8580.0,8755.5,8755.5,856
2021-01-07,8970.0,9165.0,8385.0,8619.0,8619.0,359
2021-01-08,8775.0,9165.0,8687.25,9028.5,9028.5,546
2021-01-11,9652.5,9847.5,9311.25,9750.0,9750.0,876
2021-01-12,10237.5,11017.5,10042.5,10920.0,10920.0,851
2021-01-13,11115.0,11115.0,9750.0,10237.5,10237.5,747
2021-01-14,10920.0,11115.0,10530.0,11115.0,11115.0,599
2021-01-15,11115.0,12870.0,10822.5,12285.0,12285.0,1115
2021-01-19,12480.0,13552.5,11700.0,12187.5,12187.5,1194
2021-01-20,12382.5,12382.5,11017.5,11992.5,11992.5,565
2021-01-21,11797.5,12675.0,11700.0,12577.5,12577.5,657
2021-01-22,12675.0,12675.0,12187.5,12675.0,12675.0,305
2021-01-25,13065.0,14820.0,12382.5,12675.0,12675.0,1303
2021-01-26,12870.0,13162.5,12187.5,12772.5,12772.5,712
2021-01-27,12792.0,14332.5,12772.5,13650.0,13650.0,1089
2021-01-28,13260.0,14625.0,13162.5,13650.0,13650.0,576
2021-01-29,14040.0,15307.5,13455.0,13845.0,13845.0,892
2021-02-01,14137.5,14332.5,12675.0,13552.5,13552.5,562
2021-02-02,12675.0,13162.5,11895.0,12187.5,12187.5,707
2021-02-03,12577.5,13552.5,12382.5,13552.5,13552.5,371
2021-02-04,13747.5,13796.25,12675.0,13065.0,13065.0,377
2021-02-05,13650.0,13747.5,13162.5,13455.0,13455.0,293
2021-02-08,13747.5,14625.0,13455.0,14527.5,14527.5,696
2021-02-09,16087.5,17355.0,15600.0,15600.0,15600.0,1162
2021-02-10,16185.0,16380.0,14332.5,15015.0,15015.0,774
2021-02-11,15112.5,15307.5,14137.5,14625.0,14625.0,550
2021-02-12,14430.0,14625.0,13942.5,14430.0,14430.0,442
2021-02-16,14430.0,14820.0,14040.0,14430.0,14430.0,609
2021-02-17,14722.5,14722.5,13650.0,13942.5,13942.5,526
2021-02-18,13942.5,14137.5,12967.5,13552.5,13552.5,620
2021-02-19,13942.5,14040.0,13260.0,13260.0,13260.0,547
2021-02-22,13162.5,13455.0,12382.5,12480.0,12480.0,481
2021-02-23,11797.5,12187.5,9750.0,11407.5,11407.5,860
2021-02-24,11895.0,12333.75,11310.0,12090.0,12090.0,856
2021-02-25,11895.0,12090.0,10627.5,10822.5,10822.5,855
2021-02-26,10920.0,11748.75,10335.0,11017.5,11017.5,498
2021-03-01,11212.5,11505.0,10822.5,11017.5,11017.5,322
2021-03-02,11017.5,11992.5,10432.5,10725.0,10725.0,447
2021-03-03,10725.0,10725.0,10042.5,10335.0,10335.0,313
2021-03-04,9945.0,10140.0,9067.5,9623.25,9623.25,635
2021-03-05,9750.0,9945.0,8775.0,9720.75,9720.75,487
2021-03-08,9750.0,10237.5,9564.75,9945.0,9945.0,244
2021-03-09,10237.5,10725.0,9945.0,10627.5,10627.5,352
2021-03-10,11115.0,11212.5,10335.0,11115.0,11115.0,301
2021-03-11,11212.5,11407.5,10822.5,11407.5,11407.5,237
2021-03-12,11212.5,11505.0,10822.5,11407.5,11407.5,203
2021-03-15,11602.5,12285.0,11310.0,12187.5,12187.5,320
2021-03-16,12285.0,12285.0,11017.5,11407.5,11407.5,321
2021-03-17,10920.0,12285.0,10627.5,12090.0,12090.0,412
2021-03-18,11797.5,11992.5,10920.0,11602.5,11602.5,426
2021-03-19,11505.0,12772.5,11310.0,12090.0,12090.0,470
2021-03-22,12480.0,12577.5,11505.0,12285.0,12285.0,331
2021-03-23,12119.25,12138.75,11115.0,11602.5,11602.5,435
2021-03-24,11700.0,11700.0,10530.0,10725.0,10725.0,260
2021-03-25,10237.5,11115.0,10042.5,11115.0,11115.0,243
2021-03-26,11310.0,11310.0,10530.0,11212.5,11212.5,427
2021-03-29,8872.5,9262.5,8433.75,8794.5,8794.5,1332
2021-03-30,9018.75,9165.0,8823.75,8950.5,8950.5,326
2021-03-31,9067.5,9223.5,8872.5,9165.0,9165.0,244
2021-04-01,9194.25,9457.5,9067.5,9233.25,9233.25,247
2021-04-05,9360.0,9360.0,8784.75,9028.5,9028.5,216
2021-04-06,8843.25,10715.25,8823.75,9945.0,9945.0,378
2021-04-07,9964.5,10140.0,9067.5,9545.25,9545.25,330
2021-04-08,9486.75,9720.75,9116.25,9428.25,9428.25,144
2021-04-09,9262.5,9506.25,8901.75,9106.5,9106.5,122
2021-04-12,9067.5,9106.5,8482.5,8736.0,8736.0,217
2021-04-13,8589.75,8677.5,7995.0,8316.75,8316.75,304
2021-04-14,8190.0,8628.75,8092.5,8355.75,8355.75,250
2021-04-15,7332.0,7566.0,7039.5,7176.0,7176.0,615
2021-04-16,7176.0,7312.5,6727.5,7049.25,7049.25,364
2021-04-19,7195.5,7302.75,6932.25,7224.75,7224.75,175
2021-04-20,7117.5,7215.0,6630.0,6805.5,6805.5,198
2021-04-21,6834.75,7117.5,6825.0,7029.75,7029.75,125
2021-04-22,7215.0,7283.25,6922.5,7127.25,7127.25,106
2021-04-23,7312.5,7312.5,7039.5,7098.0,7098.0,111
2021-04-26,7224.75,7673.25,7049.25,7614.75,7614.75,194
2021-04-27,7897.5,7897.5,7341.75,7575.75,7575.75,100
2021-04-28,7507.5,7741.5,7419.75,7653.75,7653.75,106
2021-04-29,7702.5,7897.5,7380.75,7595.25,7595.25,110
2021-04-30,7410.0,7546.5,7312.5,7400.25,7400.25,83
2021-05-03,7322.25,7458.75,7029.75,7156.5,7156.5,179
2021-05-04,6922.5,7575.75,6688.5,7068.75,7068.75,430
2021-05-05,7215.0,7995.0,6922.5,7507.5,7507.5,567
2021-05-06,7731.75,7790.25,7098.0,7185.75,7185.75,277
2021-05-07,7302.75,7458.75,6883.5,7068.75,7068.75,205
2021-05-10,7020.0,7215.0,6727.5,6756.75,6756.75,213
2021-05-11,6581.25,6766.5,6347.25,6630.0,6630.0,184
2021-05-12,6630.0,6727.5,6054.75,6249.75,6249.75,433
2021-05-13,6240.0,6249.75,5752.5,5937.75,5937.75,326
2021-05-14,6015.75,6269.25,5850.0,6240.0,6240.0,141
2021-05-17,6279.0,6337.5,6045.0,6337.5,6337.5,324
2021-05-18,7790.25,7800.0,6825.0,7117.5,7117.5,1138
2021-05-19,6873.75,7751.25,6825.0,7390.5,7390.5,330
2021-05-20,7400.25,8199.75,7166.25,7644.0,7644.0,799
2021-05-21,7702.5,7702.5,7020.0,7215.0,7215.0,300
2021-05-24,7215.0,7215.0,6834.75,6951.75,6951.75,196
2021-05-25,6922.5,6971.25,6727.5,6825.0,6825.0,159
2021-05-26,6825.0,7020.0,6776.25,6961.5,6961.5,99
2021-05-27,7020.0,7195.5,6854.25,7000.5,7000.5,115
2021-05-28,6961.5,7020.0,6737.25,6971.25,6971.25,116
2021-06-01,6912.75,6971.25,6756.75,6825.0,6825.0,174
2021-06-02,6864.0,7458.75,6727.5,7302.75,7302.75,558
2021-06-03,7166.25,7556.25,7020.0,7341.75,7341.75,268
2021-06-04,7215.0,7400.25,6932.25,7020.0,7020.0,142
2021-06-07,7020.0,7312.5,6922.5,7088.25,7088.25,173
2021-06-08,7088.25,7312.5,6971.25,7244.25,7244.25,153
2021-06-09,7312.5,7868.25,7215.0,7663.5,7663.5,270
2021-06-10,7605.0,7605.0,7215.0,7224.75,7224.75,131
2021-06-11,7224.75,7458.75,7224.75,7449.0,7449.0,136
2021-06-14,7644.0,7800.0,7419.75,7468.5,7468.5,116
2021-06-15,7410.0,8141.25,7410.0,7800.0,7800.0,501
2021-06-16,7644.0,8716.5,7322.25,8326.5,8326.5,1445
2021-06-17,8667.75,8970.0,8024.25,8092.5,8092.5,624
2021-06-18,7995.0,8092.5,7702.5,7702.5,7702.5,284
2021-06-21,7800.0,8287.5,7702.5,7751.25,7751.25,241
2021-06-22,7673.25,7790.25,7605.0,7605.0,7605.0,105
2021-06-23,7605.0,8092.5,7605.0,8034.0,8034.0,173
2021-06-24,8092.5,8482.5,7975.5,8112.0,8112.0,106
2021-06-25,8170.5,8580.0,8092.5,8385.0,8385.0,153
2021-06-28,8385.0,8872.5,8385.0,8667.75,8667.75,125
2021-06-29,8775.0,8775.0,7975.5,8053.5,8053.5,224
2021-06-30,8092.5,8209.5,7702.5,8112.0,8112.0,125
2021-07-01,7897.5,8092.5,7702.5,7751.25,7751.25,78
2021-07-02,7800.0,7995.0,7361.25,7380.75,7380.75,106
2021-07-06,7605.0,7702.5,6825.0,7497.75,7497.75,344
2021-07-07,7361.25,7507.5,6922.5,7137.0,7137.0,218
2021-07-08,6873.75,7088.25,6825.0,7020.0,7020.0,1687
2021-07-09,9945.0,12187.5,9847.5,10237.5,10237.5,21422
2021-07-12,7293.0,7507.5,6815.25,6873.75,6873.75,9779
2021-07-13,6873.75,6873.75,6532.5,6552.0,6552.0,2244
2021-07-14,6435.0,6873.75,6142.5,6513.0,6513.0,2405
2021-07-15,6688.5,6708.0,6152.25,6220.5,6220.5,1288
2021-07-16,6230.25,6240.0,5976.75,5996.25,5996.25,850
2021-07-19,5840.25,5996.25,5606.25,5996.25,5996.25,1018
2021-07-20,5976.75,6435.0,5840.25,6357.0,6357.0,854
2021-07-21,6337.5,6337.5,6093.75,6249.75,6249.75,639
2021-07-22,6298.5,6298.5,5996.25,6074.25,6074.25,574
2021-07-23,6093.75,6093.75,5791.5,5918.25,5918.25,488
2021-07-26,5947.5,6113.25,5850.0,5869.5,5869.5,370
2021-07-27,5850.0,6142.5,5703.75,6093.75,6093.75,527
2021-07-28,5996.25,6240.0,5859.75,6006.0,6006.0,309
2021-07-29,6045.0,6191.25,5976.75,6093.75,6093.75,310
2021-07-30,6045.0,6084.0,5947.5,5947.5,5947.5,255
2021-08-02,5967.0,6259.5,5957.25,6093.75,6093.75,414
2021-08-03,6142.5,6142.5,5898.75,5996.25,5996.25,315
2021-08-04,5976.75,6347.25,5976.75,6103.5,6103.5,514
2021-08-05,6113.25,6366.75,5986.5,6152.25,6152.25,522
2021-08-06,6220.5,6240.0,6025.5,6220.5,6220.5,318
2021-08-09,6240.0,6678.75,6230.25,6376.5,6376.5,602
2021-08-10,6474.0,6581.25,6201.0,6405.75,6405.75,380
2021-08-11,6532.5,6542.25,6337.5,6513.0,6513.0,301
2021-08-12,6483.75,6571.5,6386.25,6522.75,6522.75,322
2021-08-13,6513.0,6825.0,6483.75,6659.25,6659.25,675
2021-08-16,6142.5,6191.25,5216.25,5391.75,5391.75,2801
2021-08-17,5333.25,5362.5,4787.25,4914.0,4914.0,1218
2021-08-18,4923.75,5060.25,4699.5,4875.0,4875.0,606
2021-08-19,4865.25,4972.5,4504.5,4553.25,4553.25,751
2021-08-20,4641.0,4865.25,4494.75,4787.25,4787.25,460
2021-08-23,4826.25,5167.5,4787.25,5070.0,5070.0,391
2021-08-24,5070.0,5460.0,5070.0,5391.75,5391.75,334
2021-08-25,5362.5,5508.75,5118.75,5206.5,5206.5,351
2021-08-26,5265.0,5440.5,4875.0,5070.0,5070.0,310
2021-08-27,5079.75,5245.5,5079.75,5245.5,5245.5,232
2021-08-30,5265.0,5362.5,5196.75,5362.5,5362.5,264
2021-08-31,5352.75,5528.25,5304.0,5430.75,5430.75,361
2021-09-01,5460.0,5655.0,5401.5,5625.75,5625.75,427
2021-09-02,5655.0,5947.5,5567.25,5674.5,5674.5,571
2021-09-03,5733.0,5752.5,5372.25,5557.5,5557.5,370
2021-09-07,5557.5,5733.0,5460.0,5547.75,5547.75,390
2021-09-08,5460.0,5567.25,5274.75,5343.0,5343.0,370
2021-09-09,5284.5,5508.75,5284.5,5421.0,5421.0,189
2021-09-10,5528.25,5840.25,5508.75,5557.5,5557.5,804
2021-09-13,5557.5,5586.75,5226.0,5343.0,5343.0,256
2021-09-14,5343.0,5508.75,5128.5,5333.25,5333.25,262
2021-09-15,5304.0,5411.25,5196.75,5313.75,5313.75,158
2021-09-16,5265.0,5489.25,5255.25,5469.75,5469.75,148
2021-09-17,5421.0,5450.25,5099.25,5099.25,5099.25,356
2021-09-20,5079.75,5089.5,4777.5,4777.5,4777.5,352
2021-09-21,4875.0,4923.75,4777.5,4777.5,4777.5,211
2021-09-22,4875.0,5031.0,4875.0,4953.0,4953.0,153
2021-09-23,5070.0,5167.5,4982.25,5060.25,5060.25,177
2021-09-24,5070.0,5118.75,4855.5,5011.5,5011.5,355
2021-09-27,4884.75,5157.75,4875.0,5050.5,5050.5,204
2021-09-28,5011.5,5050.5,4777.5,4943.25,4943.25,214
2021-09-29,4972.5,4972.5,4787.25,4816.5,4816.5,210
2021-09-30,4923.75,5362.5,4777.5,5001.75,5001.75,1095
2021-10-01,5070.0,5167.5,4923.75,4953.0,4953.0,162
2021-10-04,4972.5,5060.25,4787.25,4914.0,4914.0,426
2021-10-05,4865.25,4943.25,4816.5,4855.5,4855.5,179
2021-10-06,4797.0,4826.25,4660.5,4709.25,4709.25,225
2021-10-07,4777.5,4826.25,4709.25,4767.75,4767.75,110
2021-10-08,4748.25,4855.5,4689.75,4748.25,4748.25,156
2021-10-11,4758.0,4972.5,4728.75,4914.0,4914.0,180
2021-10-12,5050.5,5245.5,4797.0,4894.5,4894.5,383
2021-10-13,4972.5,4972.5,4767.75,4845.75,4845.75,194
2021-10-14,4894.5,5011.5,4836.0,4894.5,4894.5,176
2021-10-15,4884.75,4972.5,4875.0,4923.75,4923.75,134
2021-10-18,4914.0,5070.0,4875.0,4914.0,4914.0,176
2021-10-19,5460.0,5489.25,5079.75,5421.0,5421.0,1416
2021-10-20,5362.5,6035.25,5362.5,5567.25,5567.25,841
2021-10-21,5655.0,5752.5,5352.75,5391.75,5391.75,282
2021-10-22,5362.5,5411.25,4923.75,5070.0,5070.0,495
2021-10-25,5070.0,5148.0,5021.25,5070.0,5070.0,237
2021-10-26,5070.0,5508.75,4992.0,5060.25,5060.25,563
2021-10-27,5070.0,5313.75,5070.0,5138.25,5138.25,322
2021-10-28,5187.0,5206.5,5099.25,5128.5,5128.5,178
2021-10-29,5343.0,5362.5,5021.25,5040.75,5040.75,256
2021-11-01,5070.0,5265.0,5060.25,5196.75,5196.75,265
2021-11-02,5167.5,5284.5,5070.0,5157.75,5157.75,199
2021-11-03,5079.75,5265.0,5021.25,5138.25,5138.25,197
2021-11-04,5128.5,5265.0,5070.0,5167.5,5167.5,162
2021-11-05,5265.0,5265.0,4826.25,5050.5,5050.5,318
2021-11-08,5021.25,5070.0,4855.5,4992.0,4992.0,398
2021-11-09,4982.25,5070.0,4923.75,5040.75,5040.75,164
2021-11-10,5001.75,5031.0,4875.0,4914.0,4914.0,161
2021-11-11,4972.5,5011.5,4875.0,4904.25,4904.25,168
2021-11-12,4972.5,5070.0,4884.75,5031.0,5031.0,160
2021-11-15,5060.25,5079.75,4933.5,5079.75,5079.75,479
2021-11-16,4797.0,4826.25,4416.75,4758.0,4758.0,1217
2021-11-17,4709.25,4728.75,4436.25,4465.5,4465.5,398
2021-11-18,4387.5,4485.0,4104.75,4192.5,4192.5,517
2021-11-19,4114.5,4290.0,4036.5,4143.75,4143.75,352
2021-11-22,4095.0,4173.0,3744.0,3987.75,3987.75,563
2021-11-23,3880.5,4095.0,3851.25,3987.75,3987.75,196
2021-11-24,3929.25,4104.75,3900.0,4085.25,4085.25,183
2021-11-26,3919.5,3997.5,3900.0,3929.25,3929.25,88
2021-11-29,4017.0,4075.5,3812.25,3812.25,3812.25,161
2021-11-30,3705.0,3841.5,3607.5,3802.5,3802.5,295
2021-12-01,3812.25,3997.5,3705.0,3734.25,3734.25,206
2021-12-02,3656.25,3802.5,3607.5,3705.0,3705.0,116
2021-12-03,3705.0,3802.5,3519.75,3636.75,3636.75,186
2021-12-06,3656.25,3656.25,3461.25,3607.5,3607.5,232
2021-12-07,3549.0,3851.25,3549.0,3802.5,3802.5,192
2021-12-08,3812.25,4182.75,3744.0,4017.0,4017.0,179
2021-12-09,3997.5,4075.5,3900.0,3929.25,3929.25,122
2021-12-10,3919.5,4046.25,3724.5,3890.25,3890.25,107
2021-12-13,3929.25,3929.25,3705.0,3705.0,3705.0,124
2021-12-14,3705.0,3734.25,3549.0,3607.5,3607.5,156
2021-12-15,3636.75,3900.0,3422.25,3900.0,3900.0,158
2021-12-16,3939.0,3939.0,3656.25,3753.75,3753.75,217
2021-12-17,3900.0,4046.25,3822.0,4036.5,4036.5,308
2021-12-20,4026.75,4036.5,3851.25,3948.75,3948.75,168
2021-12-21,3929.25,4134.0,3900.0,4065.75,4065.75,257
2021-12-22,3909.75,4095.0,3909.75,4026.75,4026.75,168
2021-12-23,4026.75,4143.75,3958.5,4065.75,4065.75,213
2021-12-27,4095.0,4134.0,4065.75,4065.75,4065.75,201
2021-12-28,4192.5,4192.5,3900.0,3900.0,3900.0,191
2021-12-29,3900.0,3978.0,3597.75,3685.5,3685.5,430
2021-12-30,3685.5,3802.5,3607.5,3714.75,3714.75,226
2021-12-31,3744.0,3744.0,3539.25,3558.75,3558.75,328
2022-01-03,3549.0,3734.25,3549.0,3695.25,3695.25,148
2022-01-04,3792.75,3900.0,3685.5,3851.25,3851.25,161
2022-01-05,3802.5,3802.5,3666.0,3685.5,3685.5,108
2022-01-06,3792.75,3802.5,3558.75,3666.0,3666.0,119
2022-01-07,3705.0,3705.0,3588.0,3627.0,3627.0,58
2022-01-10,3656.25,3705.0,3422.25,3510.0,3510.0,193
2022-01-11,3490.5,3607.5,3422.25,3519.75,3519.75,139
2022-01-12,3558.75,3607.5,3422.25,3441.75,3441.75,118
2022-01-13,3500.25,3500.25,3246.75,3285.75,3285.75,289
2022-01-14,3246.75,3315.0,2983.5,3090.75,3090.75,262
2022-01-18,3042.0,3051.75,2837.25,3022.5,3022.5,335
2022-01-19,3022.5,3022.5,2710.5,2808.0,2808.0,464
2022-01-20,2632.5,3022.5,2632.5,2827.5,2827.5,185
2022-01-21,2827.5,2866.5,2632.5,2632.5,2632.5,232
2022-01-24,2447.25,2632.5,2213.25,2379.0,2379.0,390
2022-01-25,2437.5,2827.5,2437.5,2788.5,2788.5,209
2022-01-26,2778.75,2788.5,2583.75,2603.25,2603.25,121
2022-01-27,2817.75,2817.75,2535.0,2535.0,2535.0,152
2022-01-28,2574.0,2632.5,2535.0,2564.25,2564.25,71
2022-01-31,2827.5,2827.5,2632.5,2730.0,2730.0,77
2022-02-01,2827.5,2925.0,2681.25,2856.75,2856.75,217
2022-02-02,2856.75,2856.75,2681.25,2759.25,2759.25,63
2022-02-03,2827.5,2827.5,2691.0,2710.5,2710.5,62
2022-02-04,2632.5,2798.25,2632.5,2798.25,2798.25,64
2022-02-07,2925.0,2925.0,2700.75,2730.0,2730.0,68
2022-02-08,2730.0,2759.25,2661.75,2691.0,2691.0,52
2022-02-09,2710.5,2730.0,2652.0,2700.75,2700.75,70
2022-02-10,2730.0,2749.5,2583.75,2700.75,2700.75,89
2022-02-11,2700.75,2749.5,2593.5,2622.75,2622.75,110
2022-02-14,2622.75,2632.5,2437.5,2437.5,2437.5,91
2022-02-15,2535.0,2554.5,1716.0,1950.0,1950.0,3344
2022-02-16,1784.25,1794.0,1482.0,1560.0,1560.0,2374
2022-02-17,1638.0,1677.0,1501.5,1550.25,1550.25,1500
2022-02-18,1550.25,1667.25,1491.75,1638.0,1638.0,1136
2022-02-22,1472.25,1540.5,1423.5,1501.5,1501.5,596
2022-02-23,1462.5,1579.5,1462.5,1521.0,1521.0,399
2022-02-24,1365.0,1511.25,1345.5,1501.5,1501.5,618
2022-02-25,1501.5,1638.0,1462.5,1530.75,1530.75,668
2022-02-28,1569.75,1803.75,1550.25,1745.25,1745.25,1092
2022-03-01,1755.0,1803.75,1628.25,1677.0,1677.0,425
2022-03-02,1764.75,1979.25,1755.0,1891.5,1891.5,1852
2022-03-03,1920.75,1940.25,1774.5,1774.5,1774.5,581
2022-03-04,1725.75,1755.0,1589.25,1628.25,1628.25,413
2022-03-07,1657.5,1803.75,1618.5,1667.25,1667.25,361
2022-03-08,1667.25,1755.0,1608.75,1696.5,1696.5,309
2022-03-09,1764.75,1774.5,1706.25,1735.5,1735.5,234
2022-03-10,1803.75,1803.75,1618.5,1647.75,1647.75,227
2022-03-11,1706.25,1706.25,1608.75,1618.5,1618.5,206
2022-03-14,1657.5,1657.5,1462.5,1511.25,1511.25,420
2022-03-15,1521.0,1608.75,1511.25,1589.25,1589.25,299
2022-03-16,1647.75,1745.25,1628.25,1706.25,1706.25,279
2022-03-17,1716.0,1803.75,1716.0,1794.0,1794.0,275
2022-03-18,1794.0,1940.25,1755.0,1901.25,1901.25,749
2022-03-21,1930.5,1969.5,1803.75,1920.75,1920.75,348
2022-03-22,1950.0,1998.75,1881.75,1911.0,1911.0,263
2022-03-23,1950.0,1969.5,1852.5,1950.0,1950.0,177
2022-03-24,1891.5,1969.5,1862.25,1891.5,1891.5,244
2022-03-25,1852.5,1901.25,1755.0,1784.25,1784.25,240
2022-03-28,1794.0,1813.5,1686.75,1735.5,1735.5,258
2022-03-29,1725.75,1950.0,1706.25,1794.0,1794.0,557
2022-03-30,1794.0,1852.5,1764.75,1774.5,1774.5,137
2022-03-31,1852.5,1852.5,1677.0,1706.25,1706.25,245
2022-04-01,1725.75,1745.25,1677.0,1696.5,1696.5,165
2022-04-04,1755.0,1755.0,1667.25,1706.25,1706.25,184
2022-04-05,1608.75,1628.25,1560.0,1560.0,1560.0,383
2022-04-06,1579.5,1628.25,1560.0,1579.5,1579.5,170
2022-04-07,1608.75,1608.75,1491.75,1540.5,1540.5,283
2022-04-08,1569.75,1569.75,1501.5,1550.25,1550.25,168
2022-04-11,1569.75,1569.75,1472.25,1472.25,1472.25,179
2022-04-12,1628.25,1628.25,1472.25,1482.0,1482.0,207
2022-04-13,1482.0,1608.75,1482.0,1530.75,1530.75,96
2022-04-14,1550.25,1550.25,1511.25,1521.0,1521.0,98
2022-04-18,1521.0,1530.75,1384.5,1433.25,1433.25,2768
2022-04-19,2135.25,2710.5,1950.0,1959.75,1959.75,20590
2022-04-20,2145.0,2223.0,1852.5,2047.5,2047.5,5284
2022-04-21,1881.75,2047.5,1686.75,1755.0,1755.0,2867
2022-04-22,1667.25,1803.75,1608.75,1716.0,1716.0,1810
2022-04-25,1300.0,1300.0,884.0,947.0499877929688,947.0499877929688,13628
2022-04-26,994.5,1038.050048828125,907.4000244140625,943.1500244140625,943.1500244140625,6292
2022-04-27,951.5999755859375,965.25,744.25,786.5,786.5,8132
2022-04-28,773.5,874.9000244140625,650.0,748.1500244140625,748.1500244140625,7351
2022-04-29,723.4500122070312,815.75,698.0999755859375,711.75,711.75,5735
2022-05-02,716.2999877929688,858.0,637.0,858.0,858.0,6837
2022-05-03,849.5499877929688,893.0999755859375,783.9000244140625,799.5,799.5,3455
2022-05-04,811.8499755859375,833.2999877929688,728.6500244140625,789.0999755859375,789.0999755859375,2029
2022-05-05,785.2000122070312,785.2000122070312,698.75,718.25,718.25,1540
2022-05-06,713.0499877929688,755.2999877929688,682.5,683.1500244140625,683.1500244140625,1752
2022-05-09,670.1500244140625,670.1500244140625,628.5499877929688,629.2000122070312,629.2000122070312,1012
2022-05-10,625.2999877929688,650.0,559.3250122070312,580.125,580.125,1555
2022-05-11,558.3499755859375,592.1500244140625,554.125,572.6500244140625,572.6500244140625,1485
2022-05-12,556.4000244140625,630.3049926757812,546.0,585.0,585.0,1043
2022-05-13,609.7000122070312,660.530029296875,592.7999877929688,619.4500122070312,619.4500122070312,1265
2022-05-16,616.8499755859375,616.8499755859375,479.70001220703125,483.6000061035156,483.6000061035156,2782
2022-05-17,491.3999938964844,508.29998779296875,467.3500061035156,499.8500061035156,499.8500061035156,985
2022-05-18,479.70001220703125,520.0,472.54998779296875,508.95001220703125,508.95001220703125,1777
2022-05-19,494.0,520.0,474.5,487.5,487.5,1757
2022-05-20,494.0,494.0,422.5,443.29998779296875,443.29998779296875,1740
2022-05-23,451.1000061035156,466.04998779296875,390.0,393.25,393.25,2566
2022-05-24,376.3500061035156,376.3500061035156,334.1000061035156,343.20001220703125,343.20001220703125,2331
2022-05-25,337.3500061035156,373.75,337.3500061035156,364.0,364.0,2200
2022-05-26,341.8999938964844,431.6000061035156,313.29998779296875,390.0,390.0,5055
2022-05-27,383.5,402.3500061035156,315.8999938964844,325.0,325.0,3848
2022-05-31,313.29998779296875,334.75,287.29998779296875,308.1000061035156,308.1000061035156,3948
2022-06-01,299.6499938964844,318.5,296.3999938964844,308.75,308.75,1429
2022-06-02,309.3999938964844,338.0,308.75,338.0,338.0,1911
2022-06-03,332.1499938964844,332.1499938964844,308.75,313.29998779296875,313.29998779296875,1295
2022-06-06,315.25,322.3999938964844,276.25,282.75,282.75,1806
2022-06-07,286.6499938964844,330.20001220703125,270.5299987792969,312.6499938964844,312.6499938964844,4711
2022-06-08,315.25,370.5,304.20001220703125,370.5,370.5,5086
2022-06-09,362.04998779296875,384.79998779296875,293.1499938964844,295.75,295.75,5274
2022-06-10,283.3999938964844,292.5,253.5,258.70001220703125,258.70001220703125,4189
2022-06-13,252.1999969482422,266.17498779296875,228.8000030517578,249.60000610351562,249.60000610351562,3306
2022-06-14,249.60000610351562,249.60000610351562,212.5500030517578,224.25,224.25,3509
2022-06-15,228.14999389648438,243.10000610351562,208.64999389648438,234.0,234.0,5906
2022-06-16,219.6999969482422,226.85000610351562,196.9499969482422,198.25,198.25,12360
2022-06-17,100.75,107.25,91.0,96.19999694824219,96.19999694824219,108785
2022-06-21,97.82499694824219,99.44999694824219,91.6500015258789,93.5999984741211,93.5999984741211,24774
2022-06-22,90.3499984741211,93.5999984741211,87.0999984741211,89.69999694824219,89.69999694824219,15571
2022-06-23,91.6500015258789,117.6500015258789,91.6500015258789,113.0999984741211,113.0999984741211,101217
2022-06-24,199.5500030517578,256.75,172.89999389648438,175.5,175.5,2731940
2022-06-27,167.0500030517578,206.6999969482422,156.0,191.75,191.75,389603
2022-06-28,171.60000610351562,191.75,160.5500030517578,185.25,185.25,108302
2022-06-29,166.39999389648438,170.23500061035156,146.89999389648438,157.3000030517578,157.3000030517578,61203
2022-06-30,144.9499969482422,152.75,130.64999389648438,144.9499969482422,144.9499969482422,28262
2022-07-01,138.4499969482422,146.25,125.44999694824219,127.4000015258789,127.4000015258789,23395
2022-07-05,128.0500030517578,130.0,115.69999694824219,122.19999694824219,122.19999694824219,20665
2022-07-06,120.9000015258789,137.14999389648438,120.9000015258789,132.60000610351562,132.60000610351562,17758
2022-07-07,130.0,136.5,127.4000015258789,129.35000610351562,129.35000610351562,10648
2022-07-08,133.25,136.5,128.6999969482422,131.3000030517578,131.3000030517578,9295
2022-07-11,178.75,186.5500030517578,157.3000030517578,167.0500030517578,167.0500030517578,755169
2022-07-12,161.85000610351562,169.0,148.1999969482422,163.14999389648438,163.14999389648438,46617
2022-07-13,157.3000030517578,157.9499969482422,137.14999389648438,141.0500030517578,141.0500030517578,22592
2022-07-14,140.39999389648438,156.64999389648438,136.5,155.35000610351562,155.35000610351562,70703
2022-07-15,187.1999969482422,209.9499969482422,162.5,171.60000610351562,171.60000610351562,327671
2022-07-18,172.25,183.9499969482422,167.6999969482422,174.1999969482422,174.1999969482422,54183
2022-07-19,173.5500030517578,209.3000030517578,169.0,200.1999969482422,200.1999969482422,121892
2022-07-20,222.3000030517578,336.70001220703125,219.0500030517578,272.3500061035156,272.3500061035156,921308
2022-07-21,323.70001220703125,375.04998779296875,301.6000061035156,371.79998779296875,371.79998779296875,1177774
2022-07-22,411.45001220703125,607.75,380.8999938964844,518.7000122070312,518.7000122070312,2142094
2022-07-25,389.3500061035156,404.95001220703125,351.0,382.20001220703125,382.20001220703125,415029
2022-07-26,354.8999938964844,383.5,341.25,351.6499938964844,351.6499938964844,121714
2022-07-27,338.0,339.95001220703125,265.20001220703125,297.70001220703125,297.70001220703125,152834
2022-07-28,386.75,431.6000061035156,360.75,380.8999938964844,380.8999938964844,1087815
2022-07-29,460.20001220703125,582.4000244140625,429.0,460.8500061035156,460.8500061035156,1226877
2022-08-01,538.8499755859375,623.2849731445312,523.9000244140625,561.5999755859375,561.5999755859375,660198
2022-08-02,527.1500244140625,552.5,474.5,521.9500122070312,521.9500122070312,137171
2022-08-03,490.1000061035156,549.25,487.5,499.20001220703125,499.20001220703125,89763
2022-08-04,474.5,495.95001220703125,427.04998779296875,427.04998779296875,427.04998779296875,59898
2022-08-05,480.3500061035156,481.0,413.3999938964844,430.29998779296875,430.29998779296875,60603
2022-08-08,469.29998779296875,488.79998779296875,440.04998779296875,468.0,468.0,105706
2022-08-09,459.54998779296875,461.5,422.5,423.79998779296875,423.79998779296875,26723
2022-08-10,422.5,438.1000061035156,394.54998779296875,423.1499938964844,423.1499938964844,31446
2022-08-11,433.54998779296875,475.79998779296875,403.0,404.95001220703125,404.95001220703125,49858
2022-08-12,409.5,409.5,347.75,353.6000061035156,353.6000061035156,38731
2022-08-15,325.0,333.45001220703125,305.5,312.6499938964844,312.6499938964844,85462
2022-08-16,306.1499938964844,334.75,296.07501220703125,309.3999938964844,309.3999938964844,115328
2022-08-17,302.25,365.95001220703125,297.70001220703125,343.20001220703125,343.20001220703125,150206
2022-08-18,332.1499938964844,347.75,312.6499938964844,328.8999938964844,328.8999938964844,64486
2022-08-19,341.25,344.5,305.5,315.25,315.25,54712
2022-08-22,282.1000061035156,292.5,263.8999938964844,269.1000061035156,269.1000061035156,40065
2022-08-23,258.04998779296875,259.3500061035156,240.5,243.75,243.75,32605
2022-08-24,276.25,291.20001220703125,247.0,247.64999389648438,247.64999389648438,81155
2022-08-25,244.39999389648438,256.75,234.64999389648438,239.85000610351562,239.85000610351562,21282
2022-08-26,234.0,237.1199951171875,217.10000610351562,221.64999389648438,221.64999389648438,19254
2022-08-29,213.1999969482422,223.53500366210938,206.375,206.6999969482422,206.6999969482422,15991
2022-08-30,215.14999389648438,223.60000610351562,189.8000030517578,200.1999969482422,200.1999969482422,39348
2022-08-31,201.5,201.5,188.5,191.10000610351562,191.10000610351562,20134
2022-09-01,196.9499969482422,196.9499969482422,176.8000030517578,181.35000610351562,181.35000610351562,12045
2022-09-02,186.5500030517578,186.5500030517578,169.0,170.3000030517578,170.3000030517578,11482
2022-09-06,167.0500030517578,170.3000030517578,152.10000610351562,156.0,156.0,28091
2022-09-07,158.60000610351562,184.60000610351562,155.35000610351562,170.9499969482422,170.9499969482422,75402
2022-09-08,165.75,196.9499969482422,159.89999389648438,195.0,195.0,48768
2022-09-09,193.0500030517578,200.85000610351562,174.85000610351562,183.3000030517578,183.3000030517578,60885
2022-09-12,178.75,195.3249969482422,176.14999389648438,185.25,185.25,25402
2022-09-13,176.8000030517578,180.6999969482422,172.25,172.25,172.25,12972
2022-09-14,169.64999389648438,172.25,162.5,167.6999969482422,167.6999969482422,13422
2022-09-15,170.9499969482422,173.5500030517578,158.60000610351562,160.5500030517578,160.5500030517578,12260
2022-09-16,152.75,161.1999969482422,149.5,153.39999389648438,153.39999389648438,10895
2022-09-19,146.89999389648438,157.9499969482422,143.0,156.64999389648438,156.64999389648438,11142
2022-09-20,154.6999969482422,157.23500061035156,146.25,146.89999389648438,146.89999389648438,8872
2022-09-21,152.75,152.75,143.0,144.3000030517578,144.3000030517578,12146
2022-09-22,141.6999969482422,152.10000610351562,139.81500244140625,148.1999969482422,148.1999969482422,14942
2022-09-23,141.0500030517578,143.0,130.0,131.9499969482422,131.9499969482422,12766
2022-09-26,133.89999389648438,157.9499969482422,133.25,143.64999389648438,143.64999389648438,38892
2022-09-27,146.25,154.6999969482422,141.375,143.64999389648438,143.64999389648438,17000
2022-09-28,143.0,156.0,141.57000732421875,150.8000030517578,150.8000030517578,13346
2022-09-29,146.89999389648438,150.41000366210938,135.1999969482422,135.85000610351562,135.85000610351562,8863
2022-09-30,136.5,142.35000610351562,130.97500610351562,132.60000610351562,132.60000610351562,8674
2022-10-03,130.0,137.8000030517578,123.5,136.5,136.5,10063
2022-10-04,138.4499969482422,145.60000610351562,138.4499969482422,144.3000030517578,144.3000030517578,9103
2022-10-05,144.3000030517578,154.6999969482422,138.64500427246094,150.8000030517578,150.8000030517578,27738
2022-10-06,150.8000030517578,198.89999389648438,150.8000030517578,188.5,188.5,81045
2022-10-07,180.6999969482422,180.6999969482422,163.8000030517578,168.35000610351562,168.35000610351562,18042
2022-10-10,169.0,189.8000030517578,169.0,175.5,175.5,33109
2022-10-11,173.5500030517578,173.5500030517578,148.1999969482422,152.75,152.75,17480
2022-10-12,152.75,154.6999969482422,146.89999389648438,151.4499969482422,151.4499969482422,9817
2022-10-13,144.3000030517578,154.0500030517578,140.3350067138672,150.8000030517578,150.8000030517578,6175
2022-10-14,152.75,152.75,136.5,140.39999389648438,140.39999389648438,5369
2022-10-17,144.9499969482422,154.0500030517578,143.0,148.85000610351562,148.85000610351562,6303
2022-10-18,150.8000030517578,153.46499633789062,141.0500030517578,143.0,143.0,4977
2022-10-19,144.9499969482422,150.14999389648438,133.25,137.8000030517578,137.8000030517578,13938
2022-10-20,135.85000610351562,144.82000732421875,133.25,134.5500030517578,134.5500030517578,4089
2022-10-21,133.25,141.0500030517578,131.3000030517578,135.1999969482422,135.1999969482422,6257
2022-10-24,135.1999969482422,138.4499969482422,130.64999389648438,133.25,133.25,3811
2022-10-25,133.25,159.25,133.25,151.4499969482422,151.4499969482422,16608
2022-10-26,148.85000610351562,156.64999389648438,143.0,147.5500030517578,147.5500030517578,9415
2022-10-27,147.5500030517578,154.6999969482422,139.75,139.75,139.75,5748
2022-10-28,140.39999389648438,144.3000030517578,133.25,139.75,139.75,4938
2022-10-31,136.5,141.6999969482422,134.5500030517578,134.5500030517578,134.5500030517578,4166
2022-11-01,137.14999389648438,142.47999572753906,135.85000610351562,136.5,136.5,4078
2022-11-02,135.85000610351562,142.35000610351562,131.9499969482422,135.85000610351562,135.85000610351562,5672
2022-11-03,131.9499969482422,138.90499877929688,130.64999389648438,131.9499969482422,131.9499969482422,4426
2022-11-04,132.60000610351562,133.89999389648438,127.4000015258789,131.9499969482422,131.9499969482422,4768
2022-11-07,133.25,133.25,127.4000015258789,128.6999969482422,128.6999969482422,5588
2022-11-08,130.64999389648438,139.75,126.0999984741211,131.3000030517578,131.3000030517578,7540
2022-11-09,130.0,130.4550018310547,115.05000305175781,117.0,117.0,9280
2022-11-10,126.75,132.60000610351562,124.21499633789062,128.0500030517578,128.0500030517578,7611
2022-11-11,133.25,144.3000030517578,131.42999267578125,143.0,143.0,5714
2022-11-14,172.25,260.0,166.39999389648438,246.35000610351562,246.35000610351562,1183165
2022-11-15,200.85000610351562,217.75,190.4499969482422,209.3000030517578,209.3000030517578,209334
2022-11-16,162.5,170.9499969482422,150.8000030517578,157.9499969482422,157.9499969482422,90002
2022-11-17,156.0,174.85000610351562,154.0500030517578,168.35000610351562,168.35000610351562,43449
2022-11-18,165.75,177.4499969482422,161.1999969482422,172.25,172.25,23208
2022-11-21,164.4499969482422,174.1999969482422,161.85000610351562,165.10000610351562,165.10000610351562,12098
2022-11-22,169.0,188.5,165.75,173.5500030517578,173.5500030517578,78228
2022-11-23,173.5500030517578,173.5500030517578,157.9499969482422,163.14999389648438,163.14999389648438,24743
2022-11-25,162.5,163.8000030517578,159.18499755859375,163.14999389648438,163.14999389648438,4994
2022-11-28,164.4499969482422,164.4499969482422,154.76499938964844,157.9499969482422,157.9499969482422,8665
2022-11-29,154.0500030517578,154.6999969482422,146.25,146.89999389648438,146.89999389648438,11408
2022-11-30,146.89999389648438,159.89999389648438,146.89999389648438,150.14999389648438,150.14999389648438,18023
2022-12-01,152.10000610351562,160.5500030517578,147.5500030517578,148.85000610351562,148.85000610351562,15572
2022-12-02,149.56500244140625,157.9499969482422,148.1999969482422,153.39999389648438,153.39999389648438,6854
2022-12-05,152.75,153.39999389648438,146.25,151.4499969482422,151.4499969482422,15085
2022-12-06,152.10000610351562,152.10000610351562,139.10000610351562,139.75,139.75,15058
2022-12-07,139.75,140.39999389648438,130.64999389648438,137.14999389648438,137.14999389648438,17129
2022-12-08,137.14999389648438,144.3000030517578,135.1999969482422,140.39999389648438,140.39999389648438,7460
2022-12-09,137.8000030517578,146.25,135.3300018310547,139.10000610351562,139.10000610351562,4925
2022-12-12,140.39999389648438,148.1999969482422,135.1999969482422,146.25,146.25,5809
2022-12-13,148.1999969482422,152.10000610351562,135.9149932861328,136.5,136.5,10375
2022-12-14,135.85000610351562,143.0,135.85000610351562,136.5,136.5,5046
2022-12-15,135.85000610351562,141.6999969482422,132.60000610351562,138.4499969482422,138.4499969482422,4802
2022-12-16,135.1999969482422,141.6999969482422,132.60000610351562,132.60000610351562,132.60000610351562,11209
2022-12-19,133.25,134.5500030517578,125.44999694824219,125.44999694824219,125.44999694824219,7720
2022-12-20,128.6999969482422,132.27499389648438,123.5,123.5,123.5,4851
2022-12-21,126.75,130.0,124.0199966430664,126.75,126.75,6932
2022-12-22,128.0500030517578,128.0500030517578,117.9749984741211,123.5,123.5,5718
2022-12-23,123.5,129.02499389648438,119.92500305175781,126.0999984741211,126.0999984741211,5529
2022-12-27,123.5,126.2300033569336,118.94999694824219,121.55000305175781,121.55000305175781,8235
2022-12-28,120.9000015258789,120.9000015258789,112.125,116.3499984741211,116.3499984741211,11191
2022-12-29,117.6500015258789,130.0,114.4000015258789,128.6999969482422,128.6999969482422,10445
2022-12-30,128.0500030517578,152.10000610351562,126.75,152.10000610351562,152.10000610351562,20255
2023-01-03,149.5,152.75,135.1999969482422,141.0500030517578,141.0500030517578,11178
2023-01-04,141.0500030517578,148.85000610351562,139.75,146.89999389648438,146.89999389648438,10675
2023-01-05,139.75,143.0,135.85000610351562,137.14999389648438,137.14999389648438,4180
2023-01-06,140.39999389648438,142.35000610351562,136.5,139.75,139.75,4929
2023-01-09,141.0500030517578,150.8000030517578,139.10000610351562,143.64999389648438,143.64999389648438,19237
2023-01-10,146.89999389648438,148.85000610351562,142.35000610351562,145.60000610351562,145.60000610351562,5415
2023-01-11,148.1999969482422,151.4499969482422,144.9499969482422,144.9499969482422,144.9499969482422,10263
2023-01-12,146.89999389648438,148.52499389648438,139.75,145.60000610351562,145.60000610351562,8757
2023-01-13,144.9499969482422,151.4499969482422,143.64999389648438,144.9499969482422,144.9499969482422,7937
2023-01-17,144.9499969482422,144.9499969482422,136.5,139.75,139.75,10162
2023-01-18,142.35000610351562,146.25,135.52499389648438,137.14999389648438,137.14999389648438,10906
2023-01-19,135.85000610351562,135.85000610351562,130.64999389648438,132.60000610351562,132.60000610351562,4497
2023-01-20,133.89999389648438,136.5,130.64999389648438,133.89999389648438,133.89999389648438,2988
2023-01-23,135.1999969482422,144.3000030517578,133.25,141.0500030517578,141.0500030517578,7228
2023-01-24,139.75,143.3249969482422,133.25,133.89999389648438,133.89999389648438,7582
2023-01-25,133.89999389648438,143.0,133.25,135.1999969482422,135.1999969482422,19109
2023-01-26,136.5,139.75,131.9499969482422,136.5,136.5,8552
2023-01-27,136.5,141.6999969482422,133.31500244140625,139.75,139.75,7046
2023-01-30,139.75,141.6999969482422,136.56500244140625,141.0500030517578,141.0500030517578,6414
2023-01-31,141.0500030517578,143.64999389648438,139.10000610351562,140.39999389648438,140.39999389648438,8668
2023-02-01,140.39999389648438,144.1699981689453,138.4499969482422,142.35000610351562,142.35000610351562,5445
2023-02-02,143.64999389648438,149.5,143.0,146.89999389648438,146.89999389648438,14531
2023-02-03,146.89999389648438,149.5,143.64999389648438,145.60000610351562,145.60000610351562,8137
2023-02-06,143.0,143.64999389648438,139.10000610351562,139.75,139.75,5725
2023-02-07,139.75,141.0500030517578,134.5500030517578,136.5,136.5,6218
2023-02-08,137.8000030517578,137.8000030517578,133.89999389648438,133.89999389648438,133.89999389648438,5994
2023-02-09,137.14999389648438,137.14999389648438,130.0,130.64999389648438,130.64999389648438,5178
2023-02-10,130.64999389648438,133.25,127.4000015258789,130.0,130.0,3995
2023-02-13,129.35000610351562,132.60000610351562,125.125,132.60000610351562,132.60000610351562,4183
2023-02-14,129.35000610351562,135.1999969482422,127.4000015258789,131.3000030517578,131.3000030517578,4582
2023-02-15,135.1999969482422,139.75,130.71499633789062,137.8000030517578,137.8000030517578,7602
2023-02-16,134.5500030517578,139.55499267578125,132.27499389648438,132.60000610351562,132.60000610351562,3383
2023-02-17,134.5500030517578,137.8000030517578,131.36500549316406,137.8000030517578,137.8000030517578,3123
2023-02-21,136.5,137.14999389648438,134.5500030517578,137.14999389648438,137.14999389648438,3802
2023-02-22,135.85000610351562,137.47500610351562,133.89999389648438,135.85000610351562,135.85000610351562,2918
2023-02-23,136.5,137.8000030517578,131.3000030517578,132.60000610351562,132.60000610351562,3771
2023-02-24,130.64999389648438,130.97500610351562,126.75,126.75,126.75,4932
2023-02-27,130.0,130.0,121.55000305175781,121.55000305175781,121.55000305175781,9006
2023-02-28,122.19999694824219,123.5,119.5999984741211,122.19999694824219,122.19999694824219,6017
2023-03-01,122.19999694824219,123.5,119.5999984741211,120.9000015258789,120.9000015258789,4094
2023-03-02,121.55000305175781,122.19999694824219,117.0,120.9000015258789,120.9000015258789,4000
2023-03-03,122.19999694824219,128.0500030517578,121.55000305175781,127.4000015258789,127.4000015258789,6200
2023-03-06,126.75,129.35000610351562,121.48500061035156,123.5,123.5,11143
2023-03-07,124.1500015258789,124.80000305175781,115.05000305175781,117.0,117.0,8249
2023-03-08,119.5999984741211,120.25,114.46499633789062,119.5999984741211,119.5999984741211,4358
2023-03-09,117.6500015258789,118.30000305175781,114.4000015258789,115.69999694824219,115.69999694824219,4631
2023-03-10,117.0,117.0,110.5,113.75,113.75,6022
2023-03-13,113.75,114.4000015258789,108.55000305175781,113.75,113.75,6582
2023-03-14,117.6500015258789,118.94999694824219,105.16999816894531,107.25,107.25,10886
2023-03-15,105.94999694824219,123.5,104.0,120.9000015258789,120.9000015258789,25065
2023-03-16,104.0,104.0,83.19999694824219,87.0999984741211,87.0999984741211,38292
2023-03-17,85.80000305175781,88.4000015258789,78.6500015258789,78.6500015258789,78.6500015258789,11709
2023-03-20,82.55000305175781,82.55000305175781,70.8499984741211,72.80000305175781,72.80000305175781,11509
2023-03-21,73.44999694824219,85.1500015258789,73.44999694824219,83.8499984741211,83.8499984741211,9032
2023-03-22,84.5,86.25499725341797,78.6500015258789,80.5999984741211,80.5999984741211,3805
2023-03-23,80.5999984741211,83.19999694824219,78.32499694824219,81.25,81.25,2194
2023-03-24,81.25,82.55000305175781,79.30000305175781,81.25,81.25,1909
2023-03-27,81.25,83.19999694824219,79.94999694824219,82.55000305175781,82.55000305175781,2995
2023-03-28,81.25,82.55000305175781,74.75,75.4000015258789,75.4000015258789,3711
2023-03-29,78.6500015258789,78.6500015258789,75.4000015258789,76.375,76.375,2942
2023-03-30,76.05000305175781,79.94999694824219,76.05000305175781,77.80500030517578,77.80500030517578,3380
2023-03-31,78.0,79.30000305175781,76.69999694824219,77.3499984741211,77.3499984741211,1912
2023-04-03,78.0,78.0,72.1500015258789,73.125,73.125,4217
2023-04-04,74.0999984741211,74.0999984741211,66.94999694824219,68.9000015258789,68.9000015258789,9555
2023-04-05,70.8499984741211,70.8499984741211,67.66500091552734,70.19999694824219,70.19999694824219,2849
2023-04-06,68.9000015258789,73.44999694824219,68.9000015258789,72.1500015258789,72.1500015258789,2151
2023-04-10,73.44999694824219,73.44999694824219,70.33000183105469,72.73500061035156,72.73500061035156,1786
2023-04-11,73.44999694824219,74.75,70.19999694824219,72.80000305175781,72.80000305175781,3737
2023-04-12,72.1500015258789,75.4000015258789,70.8499984741211,72.80000305175781,72.80000305175781,1922
2023-04-13,74.75,75.4000015258789,67.5999984741211,70.19999694824219,70.19999694824219,13540
2023-04-14,71.5,71.5,68.25,68.9000015258789,68.9000015258789,3142
2023-04-17,69.55000305175781,70.8499984741211,68.25,70.19999694824219,70.19999694824219,4497
2023-04-18,70.8499984741211,70.8499984741211,66.30000305175781,68.25,68.25,2031
2023-04-19,68.9000015258789,68.9000015258789,66.30000305175781,66.94999694824219,66.94999694824219,2043
2023-04-20,67.5999984741211,67.5999984741211,65.9749984741211,66.94999694824219,66.94999694824219,2148
2023-04-21,66.94999694824219,66.94999694824219,66.30000305175781,66.94999694824219,66.94999694824219,1329
2023-04-24,66.94999694824219,66.94999694824219,65.6500015258789,65.9749984741211,65.9749984741211,1363
2023-04-25,65.6500015258789,65.6500015258789,60.51499938964844,61.36000061035156,61.36000061035156,4845
2023-04-26,61.75,61.75,56.6150016784668,57.06999969482422,57.06999969482422,5975
2023-04-27,57.20000076293945,59.79999923706055,56.54999923706055,59.40999984741211,59.40999984741211,5022
2023-04-28,59.79999923706055,60.45000076293945,58.5,58.5,58.5,4383
2023-05-01,58.5,59.79999923706055,56.54999923706055,57.654998779296875,57.654998779296875,4766
2023-05-02,57.849998474121094,62.0099983215332,54.34000015258789,61.55500030517578,61.55500030517578,8691
2023-05-03,59.150001525878906,61.099998474121094,58.5,59.540000915527344,59.540000915527344,1628
2023-05-04,60.060001373291016,61.099998474121094,53.29999923706055,58.04499816894531,58.04499816894531,2797
2023-05-05,59.79999923706055,60.45000076293945,58.5,58.5,58.5,1771
2023-05-08,59.150001525878906,63.70000076293945,58.5,63.505001068115234,63.505001068115234,4106
2023-05-09,63.56999969482422,63.56999969482422,59.150001525878906,61.75,61.75,4006
2023-05-10,61.099998474121094,64.3499984741211,60.45000076293945,63.56999969482422,63.56999969482422,6162
2023-05-11,65.0,70.19999694824219,63.04999923706055,70.19999694824219,70.19999694824219,13566
2023-05-12,68.25,68.9000015258789,62.85499954223633,66.94999694824219,66.94999694824219,3329
2023-05-15,67.5999984741211,68.25,63.70000076293945,64.22000122070312,64.22000122070312,4371
2023-05-16,64.61000061035156,65.0,61.75,62.724998474121094,62.724998474121094,4702
2023-05-17,63.70000076293945,65.0,61.22999954223633,63.70000076293945,63.70000076293945,6645
2023-05-18,63.04999923706055,63.70000076293945,59.79999923706055,61.099998474121094,61.099998474121094,3992
2023-05-19,59.79999923706055,61.099998474121094,57.849998474121094,60.255001068115234,60.255001068115234,3074
2023-05-22,62.400001525878906,70.8499984741211,60.45000076293945,66.30000305175781,66.30000305175781,15929
2023-05-23,63.04999923706055,64.15499877929688,58.5,60.970001220703125,60.970001220703125,9520
2023-05-24,61.42499923706055,63.439998626708984,59.79999923706055,61.75,61.75,1438
2023-05-25,60.45000076293945,61.099998474121094,57.20000076293945,57.849998474121094,57.849998474121094,2292
2023-05-26,57.78499984741211,57.849998474121094,56.875,57.78499984741211,57.78499984741211,1925
2023-05-30,56.54999923706055,57.78499984741211,52.0,53.23500061035156,53.23500061035156,6200
2023-05-31,53.95000076293945,54.599998474121094,52.0,52.45500183105469,52.45500183105469,3354
2023-06-01,52.38999938964844,53.29999923706055,47.709999084472656,49.0099983215332,49.0099983215332,9397
2023-06-02,49.0099983215332,50.04999923706055,46.79999923706055,49.91999816894531,49.91999816894531,3846
2023-06-05,51.349998474121094,53.95000076293945,48.814998626708984,50.70000076293945,50.70000076293945,3022
2023-06-06,50.70000076293945,53.29999923706055,50.18000030517578,51.28499984741211,51.28499984741211,1883
2023-06-07,51.67499923706055,51.935001373291016,50.04999923706055,51.349998474121094,51.349998474121094,1660
2023-06-08,52.0,52.0,49.400001525878906,51.025001525878906,51.025001525878906,1762
2023-06-09,51.349998474121094,51.349998474121094,49.400001525878906,51.220001220703125,51.220001220703125,869
2023-06-12,49.46500015258789,52.52000045776367,49.400001525878906,50.89500045776367,50.89500045776367,1154
2023-06-13,52.650001525878906,53.755001068115234,50.70000076293945,52.779998779296875,52.779998779296875,2295
2023-06-14,53.29999923706055,55.05500030517578,53.29999923706055,53.95000076293945,53.95000076293945,4091
2023-06-15,53.95000076293945,53.95000076293945,51.349998474121094,53.689998626708984,53.689998626708984,2106
2023-06-16,53.689998626708984,53.95000076293945,51.349998474121094,51.349998474121094,51.349998474121094,1222
2023-06-20,49.400001525878906,50.04999923706055,36.13999938964844,36.400001525878906,36.400001525878906,22068
2023-06-21,19.6299991607666,21.450000762939453,16.315000534057617,16.834999084472656,16.834999084472656,203123
2023-06-22,17.7450008392334,24.700000762939453,17.549999237060547,20.280000686645508,20.280000686645508,209885
2023-06-23,20.604999542236328,22.6200008392334,18.264999389648438,21.31999969482422,21.31999969482422,56365
2023-06-26,20.735000610351562,21.645000457763672,19.565000534057617,20.084999084472656,20.084999084472656,18038
2023-06-27,20.93000030517578,20.93000030517578,18.524999618530273,19.5,19.5,22975
2023-06-28,19.5,20.149999618530273,19.110000610351562,19.954999923706055,19.954999923706055,11152
2023-06-29,20.475000381469727,20.475000381469727,18.915000915527344,19.5,19.5,6763
2023-06-30,19.5,20.149999618530273,18.524999618530273,19.434999465942383,19.434999465942383,14998
2023-07-03,19.5,20.9950008392334,18.850000381469727,20.21500015258789,20.21500015258789,15758
2023-07-05,20.21500015258789,20.93000030517578,19.045000076293945,19.30500030517578,19.30500030517578,15529
2023-07-06,19.3700008392334,20.084999084472656,18.59000015258789,19.565000534057617,19.565000534057617,12837
2023-07-07,20.149999618530273,20.735000610351562,19.565000534057617,20.149999618530273,20.149999618530273,18849
2023-07-10,20.149999618530273,20.799999237060547,20.149999618530273,20.475000381469727,20.475000381469727,11643
2023-07-11,20.799999237060547,25.155000686645508,20.799999237060547,23.725000381469727,23.725000381469727,92978
2023-07-12,24.049999237060547,24.049999237060547,21.190000534057617,23.530000686645508,23.530000686645508,23608
2023-07-13,23.46500015258789,23.725000381469727,22.75,22.94499969482422,22.94499969482422,14860
2023-07-14,23.270000457763672,24.700000762939453,23.139999389648438,23.985000610351562,23.985000610351562,33862
2023-07-17,24.700000762939453,25.545000076293945,24.049999237060547,25.350000381469727,25.350000381469727,33780
2023-07-18,24.959999084472656,25.934999465942383,22.424999237060547,23.399999618530273,23.399999618530273,23525
2023-07-19,23.399999618530273,24.049999237060547,22.424999237060547,23.270000457763672,23.270000457763672,17183
2023-07-20,22.815000534057617,23.399999618530273,22.03499984741211,22.55500030517578,22.55500030517578,4975
2023-07-21,22.03499984741211,22.6200008392334,20.149999618530273,20.344999313354492,20.344999313354492,30054
2023-07-24,20.799999237060547,23.530000686645508,20.540000915527344,21.450000762939453,21.450000762939453,12346
2023-07-25,21.450000762939453,22.229999542236328,20.799999237060547,21.059999465942383,21.059999465942383,7040
2023-07-26,21.709999084472656,21.969999313354492,20.799999237060547,21.2549991607666,21.2549991607666,6382
2023-07-27,21.2549991607666,21.709999084472656,20.149999618530273,20.280000686645508,20.280000686645508,6788
2023-07-28,20.799999237060547,21.190000534057617,20.149999618530273,20.604999542236328,20.604999542236328,5882
2023-07-31,20.540000915527344,21.774999618530273,20.540000915527344,21.514999389648438,21.514999389648438,5888
2023-08-01,21.84000015258789,24.049999237060547,21.514999389648438,22.489999771118164,22.489999771118164,22049
2023-08-02,23.334999084472656,25.350000381469727,21.774999618530273,22.6200008392334,22.6200008392334,40034
2023-08-03,23.399999618530273,24.700000762939453,22.75,24.309999465942383,24.309999465942383,26532
2023-08-04,24.635000228881836,24.764999389648438,23.204999923706055,23.854999542236328,23.854999542236328,19235
2023-08-07,24.049999237060547,24.56999969482422,20.864999771118164,21.84000015258789,21.84000015258789,16365
2023-08-08,22.55500030517578,23.65999984741211,21.709999084472656,23.139999389648438,23.139999389648438,10843
2023-08-09,23.270000457763672,23.725000381469727,20.799999237060547,22.489999771118164,22.489999771118164,10134
2023-08-10,21.905000686645508,22.684999465942383,21.450000762939453,21.709999084472656,21.709999084472656,4674
2023-08-11,21.709999084472656,22.100000381469727,20.93000030517578,21.450000762939453,21.450000762939453,4194
2023-08-14,22.03499984741211,22.100000381469727,20.475000381469727,20.799999237060547,20.799999237060547,6754
2023-08-15,19.5,19.6299991607666,16.3799991607666,17.290000915527344,17.290000915527344,39517
2023-08-16,17.290000915527344,18.06999969482422,16.834999084472656,17.420000076293945,17.420000076293945,12998
2023-08-17,17.875,18.200000762939453,17.15999984741211,17.420000076293945,17.420000076293945,7312
2023-08-18,17.549999237060547,17.7450008392334,17.225000381469727,17.68000030517578,17.68000030517578,8254
2023-08-21,17.875,18.135000228881836,17.420000076293945,17.68000030517578,17.68000030517578,9414
2023-08-22,18.329999923706055,18.850000381469727,17.549999237060547,17.940000534057617,17.940000534057617,22829
2023-08-23,17.940000534057617,17.940000534057617,15.015000343322754,16.25,16.25,35328
2023-08-24,16.834999084472656,16.834999084472656,15.600000381469727,16.184999465942383,16.184999465942383,7997
2023-08-25,16.25,16.704999923706055,15.925000190734863,16.639999389648438,16.639999389648438,6586
2023-08-28,16.639999389648438,16.899999618530273,15.925000190734863,16.25,16.25,6975
2023-08-29,16.315000534057617,16.96500015258789,16.05500030517578,16.25,16.25,9248
2023-08-30,16.44499969482422,16.704999923706055,15.079999923706055,15.274999618530273,15.274999618530273,24492
2023-08-31,15.925000190734863,15.989999771118164,15.274999618530273,15.470000267028809,15.470000267028809,6635
2023-09-01,15.925000190734863,15.989999771118164,15.274999618530273,15.404999732971191,15.404999732971191,9108
2023-09-05,15.404999732971191,15.925000190734863,15.079999923706055,15.53499984741211,15.53499984741211,4208
2023-09-06,15.600000381469727,16.1200008392334,15.274999618530273,15.859999656677246,15.859999656677246,6066
2023-09-07,15.859999656677246,15.859999656677246,15.079999923706055,15.470000267028809,15.470000267028809,4178
2023-09-08,15.53499984741211,15.795000076293945,15.079999923706055,15.34000015258789,15.34000015258789,4329
2023-09-11,15.079999923706055,15.470000267028809,15.079999923706055,15.274999618530273,15.274999618530273,3085
2023-09-12,15.404999732971191,15.795000076293945,15.34000015258789,15.53499984741211,15.53499984741211,3418
2023-09-13,15.600000381469727,15.925000190734863,15.34000015258789,15.404999732971191,15.404999732971191,4960
2023-09-14,15.664999961853027,15.925000190734863,15.470000267028809,15.729999542236328,15.729999542236328,3674
2023-09-15,15.925000190734863,15.925000190734863,15.53499984741211,15.859999656677246,15.859999656677246,4102
2023-09-18,15.600000381469727,15.925000190734863,15.34000015258789,15.53499984741211,15.53499984741211,6111
2023-09-19,15.470000267028809,15.925000190734863,15.470000267028809,15.664999961853027,15.664999961853027,3780
2023-09-20,15.729999542236328,15.925000190734863,15.274999618530273,15.404999732971191,15.404999732971191,5511
2023-09-21,15.274999618530273,15.729999542236328,15.079999923706055,15.404999732971191,15.404999732971191,2249
2023-09-22,15.600000381469727,15.600000381469727,13.71500015258789,14.300000190734863,14.300000190734863,11394
2023-09-25,14.300000190734863,14.300000190734863,13.649999618530273,14.039999961853027,14.039999961853027,8283
2023-09-26,15.729999542236328,15.729999542236328,11.829999923706055,13.0,13.0,11986
2023-09-27,12.675000190734863,13.0649995803833,12.675000190734863,12.739999771118164,12.739999771118164,4923
2023-09-28,13.0,13.0,12.675000190734863,12.869999885559082,12.869999885559082,3325
2023-09-29,13.0,13.260000228881836,12.414999961853027,12.675000190734863,12.675000190734863,3931
2023-10-02,12.869999885559082,12.869999885559082,11.895000457763672,12.675000190734863,12.675000190734863,6820
2023-10-03,12.28499984741211,12.414999961853027,11.699999809265137,12.220000267028809,12.220000267028809,8582
2023-10-04,12.414999961853027,12.414999961853027,11.699999809265137,12.024999618530273,12.024999618530273,5802
2023-10-05,11.829999923706055,12.350000381469727,11.699999809265137,11.765000343322754,11.765000343322754,3031
2023-10-06,11.765000343322754,12.350000381469727,10.920000076293945,12.154999732971191,12.154999732971191,6086
2023-10-09,12.609999656677246,13.324999809265137,12.154999732971191,13.194999694824219,13.194999694824219,13643
2023-10-10,13.324999809265137,13.649999618530273,12.675000190734863,13.260000228881836,13.260000228881836,6343
2023-10-11,13.585000038146973,13.649999618530273,12.350000381469727,13.130000114440918,13.130000114440918,4852
2023-10-12,13.260000228881836,15.600000381469727,12.350000381469727,14.234999656677246,14.234999656677246,64897
2023-10-13,13.649999618530273,13.845000267028809,12.350000381469727,12.805000305175781,12.805000305175781,21429
2023-10-16,13.194999694824219,13.324999809265137,12.350000381469727,12.805000305175781,12.805000305175781,7449
2023-10-17,12.9350004196167,13.194999694824219,12.414999961853027,12.479999542236328,12.479999542236328,7763
2023-10-18,13.0,13.0,11.375,11.960000038146973,11.960000038146973,11091
2023-10-19,12.154999732971191,12.350000381469727,11.375,11.635000228881836,11.635000228881836,2892
2023-10-20,11.895000457763672,12.024999618530273,10.984999656677246,11.050000190734863,11.050000190734863,9408
2023-10-23,12.09000015258789,12.09000015258789,10.46500015258789,10.529999732971191,10.529999732971191,7177
2023-10-24,10.789999961853027,11.635000228881836,10.595000267028809,11.114999771118164,11.114999771118164,8397
2023-10-25,11.699999809265137,11.699999809265137,9.100000381469727,10.65999984741211,10.65999984741211,8318
2023-10-26,10.725000381469727,11.3100004196167,9.555000305175781,11.180000305175781,11.180000305175781,4991
2023-10-27,11.244999885559082,11.244999885559082,9.944999694824219,10.725000381469727,10.725000381469727,5035
2023-10-30,10.399999618530273,10.854999542236328,10.399999618530273,10.725000381469727,10.725000381469727,1742
2023-10-31,10.725000381469727,11.895000457763672,10.074999809265137,11.699999809265137,11.699999809265137,9878
2023-11-01,11.699999809265137,11.895000457763672,10.789999961853027,11.114999771118164,11.114999771118164,4254
2023-11-02,11.699999809265137,11.895000457763672,11.114999771118164,11.699999809265137,11.699999809265137,5403
2023-11-03,11.699999809265137,12.739999771118164,11.699999809265137,12.675000190734863,12.675000190734863,10986
2023-11-06,12.9350004196167,13.0,12.350000381469727,12.414999961853027,12.414999961853027,3685
2023-11-07,12.675000190734863,12.739999771118164,11.829999923706055,11.960000038146973,11.960000038146973,3946
2023-11-08,11.699999809265137,12.154999732971191,11.375,11.699999809265137,11.699999809265137,4069
2023-11-09,11.699999809265137,12.024999618530273,11.050000190734863,11.180000305175781,11.180000305175781,4046
2023-11-10,11.375,11.505000114440918,11.050000190734863,11.180000305175781,11.180000305175781,3140
2023-11-13,11.699999809265137,12.024999618530273,11.050000190734863,11.829999923706055,11.829999923706055,5591
2023-11-14,12.024999618530273,12.675000190734863,11.765000343322754,12.350000381469727,12.350000381469727,8837
2023-11-15,12.350000381469727,12.350000381469727,10.854999542236328,11.960000038146973,11.960000038146973,7054
2023-11-16,11.895000457763672,12.28499984741211,11.375,11.960000038146973,11.960000038146973,2374
2023-11-17,12.024999618530273,12.024999618530273,11.3100004196167,11.699999809265137,11.699999809265137,3092
2023-11-20,12.024999618530273,12.609999656677246,11.699999809265137,11.829999923706055,11.829999923706055,7100
2023-11-21,11.699999809265137,12.28499984741211,11.244999885559082,11.375,11.375,2926
2023-11-22,11.375,11.635000228881836,11.050000190734863,11.050000190734863,11.050000190734863,4858
2023-11-24,11.375,11.569999694824219,11.050000190734863,11.4399995803833,11.4399995803833,1186
2023-11-27,11.635000228881836,11.699999809265137,11.3100004196167,11.3100004196167,11.3100004196167,2185
2023-11-28,11.3100004196167,11.569999694824219,11.180000305175781,11.244999885559082,11.244999885559082,2752
2023-11-29,11.244999885559082,11.635000228881836,11.050000190734863,11.244999885559082,11.244999885559082,2605
2023-11-30,11.569999694824219,11.635000228881836,10.920000076293945,10.920000076293945,10.920000076293945,3238
2023-12-01,11.699999809265137,11.699999809265137,10.984999656677246,11.180000305175781,11.180000305175781,3243
2023-12-04,11.569999694824219,11.635000228881836,11.114999771118164,11.569999694824219,11.569999694824219,2898
2023-12-05,11.569999694824219,15.079999923706055,11.114999771118164,12.154999732971191,12.154999732971191,71917
2023-12-06,11.960000038146973,12.024999618530273,11.375,11.699999809265137,11.699999809265137,7066
2023-12-07,11.829999923706055,12.28499984741211,11.4399995803833,12.024999618530273,12.024999618530273,8777
2023-12-08,11.765000343322754,12.350000381469727,11.4399995803833,11.699999809265137,11.699999809265137,7642
2023-12-11,11.375,11.505000114440918,10.204999923706055,10.529999732971191,10.529999732971191,13698
2023-12-12,10.399999618530273,10.854999542236328,10.204999923706055,10.204999923706055,10.204999923706055,5483
2023-12-13,10.074999809265137,10.074999809265137,8.515000343322754,9.359999656677246,9.359999656677246,18243
2023-12-14,9.359999656677246,10.335000038146973,9.359999656677246,10.204999923706055,10.204999923706055,8194
2023-12-15,10.204999923706055,10.399999618530273,9.8149995803833,9.8149995803833,9.8149995803833,7829
2023-12-18,9.944999694824219,10.399999618530273,9.75,9.75,9.75,6488
2023-12-19,9.75,10.725000381469727,9.75,10.725000381469727,10.725000381469727,5397
2023-12-20,10.789999961853027,10.920000076293945,9.880000114440918,10.270000457763672,10.270000457763672,5594
2023-12-21,10.335000038146973,10.335000038146973,9.880000114440918,10.140000343322754,10.140000343322754,5680
2023-12-22,10.140000343322754,10.335000038146973,9.944999694824219,10.335000038146973,10.335000038146973,10248
2023-12-26,10.335000038146973,10.335000038146973,9.8149995803833,10.010000228881836,10.010000228881836,8035
2023-12-27,10.140000343322754,10.335000038146973,9.489999771118164,10.270000457763672,10.270000457763672,28489
2023-12-28,10.270000457763672,10.920000076293945,10.074999809265137,10.789999961853027,10.789999961853027,34032
2023-12-29,10.074999809265137,10.595000267028809,10.074999809265137,10.270000457763672,10.270000457763672,16343
2024-01-02,10.130000114440918,10.130000114440918,8.430000305175781,8.6899995803833,8.6899995803833,85600
2024-01-03,8.5,8.640000343322754,7.539000034332275,8.350000381469727,8.350000381469727,69500
2024-01-04,7.889999866485596,8.300000190734863,7.659999847412109,7.929999828338623,7.929999828338623,43200
2024-01-05,7.739999771118164,8.270999908447266,7.739999771118164,8.154999732971191,8.154999732971191,28600
2024-01-08,8.489999771118164,8.489999771118164,7.828000068664551,8.010000228881836,8.010000228881836,14400
2024-01-09,7.800000190734863,8.399999618530273,7.800000190734863,8.229999542236328,8.229999542236328,33700
2024-01-10,8.079999923706055,8.449999809265137,8.079999923706055,8.4399995803833,8.4399995803833,14500
2024-01-11,8.380000114440918,8.380000114440918,8.0,8.079999923706055,8.079999923706055,9500
2024-01-12,8.239999771118164,8.890000343322754,8.166000366210938,8.776000022888184,8.776000022888184,11400
2024-01-16,8.5,8.5,7.645999908447266,8.09000015258789,8.09000015258789,20000
2024-01-17,7.559999942779541,7.599999904632568,6.820000171661377,7.0,7.0,27700
2024-01-18,7.0,7.234000205993652,6.550000190734863,6.695000171661377,6.695000171661377,9100
2024-01-19,6.71999979019165,6.71999979019165,6.039000034332275,6.449999809265137,6.449999809265137,25800
2024-01-22,6.349999904632568,6.829999923706055,6.170000076293945,6.409999847412109,6.409999847412109,15300
2024-01-23,6.75,6.75,6.449999809265137,6.581999778747559,6.581999778747559,5300
2024-01-24,6.460000038146973,6.644999980926514,6.050000190734863,6.184999942779541,6.184999942779541,10900
2024-01-25,6.179999828338623,6.429999828338623,6.10099983215332,6.429999828338623,6.429999828338623,5100
2024-01-26,6.5,6.650000095367432,6.199999809265137,6.199999809265137,6.199999809265137,3200
2024-01-29,6.400000095367432,6.400000095367432,5.690000057220459,5.88700008392334,5.88700008392334,28900
2024-01-30,5.670000076293945,5.989999771118164,5.599999904632568,5.96999979019165,5.96999979019165,32700
2024-01-31,5.869999885559082,7.048999786376953,5.769999980926514,6.254000186920166,6.254000186920166,43800
2024-02-01,6.849999904632568,6.849999904632568,6.159999847412109,6.53000020980835,6.53000020980835,22700
2024-02-02,6.599999904632568,6.599999904632568,6.199999809265137,6.199999809265137,6.199999809265137,11800
2024-02-05,6.650000095367432,6.650000095367432,6.269999980926514,6.440000057220459,6.440000057220459,44300
2024-02-06,6.400000095367432,6.400000095367432,6.300000190734863,6.335999965667725,6.335999965667725,11100
2024-02-07,6.300000190734863,6.590000152587891,6.099999904632568,6.400000095367432,6.400000095367432,21300
2024-02-08,6.409999847412109,6.480000019073486,6.210000038146973,6.289999961853027,6.289999961853027,9800
2024-02-09,6.339000225067139,6.40500020980835,6.21999979019165,6.309999942779541,6.309999942779541,4100
2024-02-12,5.699999809265137,6.0,5.699999809265137,5.699999809265137,5.699999809265137,44400
2024-02-13,5.849999904632568,5.880000114440918,4.328999996185303,4.400000095367432,4.400000095367432,176100
2024-02-14,4.059999942779541,4.300000190734863,4.050000190734863,4.289999961853027,4.289999961853027,463600
2024-02-15,4.119999885559082,4.199999809265137,3.880000114440918,4.110000133514404,4.110000133514404,35800
2024-02-16,4.039999961853027,4.045000076293945,3.9100000858306885,3.990000009536743,3.990000009536743,21400
2024-02-20,4.070000171661377,4.070000171661377,3.819999933242798,3.890000104904175,3.890000104904175,22000
2024-02-21,3.890000104904175,3.946000099182129,3.440000057220459,3.630000114440918,3.630000114440918,51800
2024-02-22,3.7200000286102295,3.7200000286102295,3.390000104904175,3.4600000381469727,3.4600000381469727,36600
2024-02-23,3.4700000286102295,3.509999990463257,3.2100000381469727,3.309999942779541,3.309999942779541,45700
2024-02-26,3.430000066757202,3.4800000190734863,3.2200000286102295,3.4800000190734863,3.4800000190734863,57100
2024-02-27,3.559999942779541,3.799999952316284,3.4800000190734863,3.680000066757202,3.680000066757202,67400
2024-02-28,3.6600000858306885,3.940000057220459,3.630000114440918,3.7200000286102295,3.7200000286102295,135700
2024-02-29,3.890000104904175,4.349999904632568,3.5899999141693115,3.869999885559082,3.869999885559082,737200
2024-03-01,3.869999885559082,3.9700000286102295,3.6600000858306885,3.7100000381469727,3.7100000381469727,220700
2024-03-04,3.5999999046325684,3.9000000953674316,3.440000057220459,3.799999952316284,3.799999952316284,185000
2024-03-05,3.6700000762939453,3.890000104904175,3.4700000286102295,3.799999952316284,3.799999952316284,119900
2024-03-06,4.099999904632568,4.25,3.819999933242798,3.880000114440918,3.880000114440918,423300
2024-03-07,3.9000000953674316,4.010000228881836,3.6500000953674316,3.7699999809265137,3.7699999809265137,231300
2024-03-08,3.7699999809265137,3.8389999866485596,3.5940001010894775,3.740000009536743,3.740000009536743,71700
2024-03-11,3.890000104904175,3.890000104904175,3.615000009536743,3.640000104904175,3.640000104904175,74500
2024-03-12,3.609999895095825,3.7019999027252197,3.549999952316284,3.609999895095825,3.609999895095825,64100
2024-03-13,3.609999895095825,3.700000047683716,3.549999952316284,3.549999952316284,3.549999952316284,42600
2024-03-14,3.6600000858306885,3.674999952316284,3.1700000762939453,3.25,3.25,115400
2024-03-15,3.240000009536743,3.303999900817871,3.1500000953674316,3.2200000286102295,3.2200000286102295,49500
2024-03-18,3.240000009536743,3.2899999618530273,3.0,3.0199999809265137,3.0199999809265137,63900
2024-03-19,3.0,3.0799999237060547,3.0,3.0399999618530273,3.0399999618530273,35700
2024-03-20,3.049999952316284,3.2209999561309814,2.9000000953674316,3.109999895095825,3.109999895095825,44300
2024-03-21,3.1700000762939453,3.190000057220459,3.075000047683716,3.1500000953674316,3.1500000953674316,26300
2024-03-22,3.2100000381469727,3.2100000381469727,2.9600000381469727,3.0299999713897705,3.0299999713897705,54300
2024-03-25,3.069999933242798,3.1600000858306885,2.9000000953674316,2.9100000858306885,2.9100000858306885,51000
2024-03-26,2.9100000858306885,3.0399999618530273,2.859999895095825,2.930000066757202,2.930000066757202,36200
2024-03-27,3.0299999713897705,3.0299999713897705,2.9100000858306885,2.9800000190734863,2.9800000190734863,16500
2024-03-28,2.950000047683716,3.3499999046325684,2.950000047683716,3.259999990463257,3.259999990463257,100600
2024-04-01,3.3499999046325684,3.3499999046325684,3.0250000953674316,3.0799999237060547,3.0799999237060547,34500
2024-04-02,3.0799999237060547,3.194999933242798,2.9000000953674316,2.9600000381469727,2.9600000381469727,69500
2024-04-03,2.950000047683716,3.0190000534057617,2.621999979019165,2.7799999713897705,2.7799999713897705,140500
2024-04-04,2.7699999809265137,2.940000057220459,2.6500000953674316,2.6500000953674316,2.6500000953674316,54100
2024-04-05,2.6500000953674316,2.6740000247955322,2.359999895095825,2.380000114440918,2.380000114440918,106100
2024-04-08,2.430000066757202,2.490000009536743,2.2179999351501465,2.240000009536743,2.240000009536743,60800
2024-04-09,2.2200000286102295,2.549999952316284,2.119999885559082,2.5399999618530273,2.5399999618530273,106300
2024-04-10,2.5,2.552000045776367,2.4000000953674316,2.450000047683716,2.450000047683716,40500
2024-04-11,2.450000047683716,2.549999952316284,2.299999952316284,2.440000057220459,2.440000057220459,33900
2024-04-12,2.5320000648498535,2.5899999141693115,2.380000114440918,2.450000047683716,2.450000047683716,27300
2024-04-15,2.4800000190734863,2.4800000190734863,2.1600000858306885,2.2300000190734863,2.2300000190734863,53800
2024-04-16,2.25,2.305000066757202,2.119999885559082,2.1600000858306885,2.1600000858306885,38000
2024-04-17,2.25,2.9700000286102295,2.2100000381469727,2.4000000953674316,2.4000000953674316,730300
2024-04-18,2.3499999046325684,2.3499999046325684,2.130000114440918,2.299999952316284,2.299999952316284,102700
2024-04-19,2.299999952316284,2.328000068664551,2.13100004196167,2.240000009536743,2.240000009536743,54300
2024-04-22,2.309999942779541,2.759999990463257,2.2079999446868896,2.75,2.75,533000
2024-04-23,2.690000057220459,2.990000009536743,2.6019999980926514,2.799999952316284,2.799999952316284,164000
2024-04-24,2.7300000190734863,2.799999952316284,2.572999954223633,2.7750000953674316,2.7750000953674316,47700
2024-04-25,2.700000047683716,2.700000047683716,2.500999927520752,2.5199999809265137,2.5199999809265137,37600
2024-04-26,2.549999952316284,2.5789999961853027,2.4000000953674316,2.4600000381469727,2.4600000381469727,45100
2024-04-29,2.4800000190734863,2.4800000190734863,2.369999885559082,2.4200000762939453,2.4200000762939453,43500
2024-04-30,2.3499999046325684,2.555999994277954,2.299999952316284,2.299999952316284,2.299999952316284,29800
2024-05-01,2.2799999713897705,2.380000114440918,2.200000047683716,2.2899999618530273,2.2899999618530273,34200
2024-05-02,2.2799999713897705,2.4800000190734863,2.259999990463257,2.369999885559082,2.369999885559082,39600
2024-05-03,2.390000104904175,2.569999933242798,2.3499999046325684,2.5399999618530273,2.5399999618530273,47400
2024-05-06,2.619999885559082,2.630000114440918,2.4700000286102295,2.549999952316284,2.549999952316284,18400
2024-05-07,2.5899999141693115,2.700000047683716,2.5299999713897705,2.5999999046325684,2.5999999046325684,47100
2024-05-08,2.5999999046325684,2.690000057220459,2.549999952316284,2.609999895095825,2.609999895095825,13500
2024-05-09,2.5999999046325684,2.621000051498413,2.499000072479248,2.5399999618530273,2.5399999618530273,23300
2024-05-10,2.369999885559082,2.5899999141693115,2.369999885559082,2.450000047683716,2.450000047683716,11300
2024-05-13,2.4200000762939453,2.490000009536743,2.380000114440918,2.4000000953674316,2.4000000953674316,28800
2024-05-14,2.4800000190734863,2.869999885559082,2.4079999923706055,2.609999895095825,2.609999895095825,178500
2024-05-15,2.690000057220459,3.2899999618530273,2.6500000953674316,2.869999885559082,2.869999885559082,262900
2024-05-16,2.799999952316284,3.2799999713897705,2.7980000972747803,3.0,3.0,91200
2024-05-17,3.0199999809265137,3.3299999237060547,2.880000114440918,3.0399999618530273,3.0399999618530273,140100
2024-05-20,3.190000057220459,3.190000057220459,2.819999933242798,3.0199999809265137,3.0199999809265137,105000
2024-05-21,3.049999952316284,3.0899999141693115,2.799999952316284,3.009999990463257,3.009999990463257,46700
2024-05-22,3.009999990463257,3.25,2.9100000858306885,3.0999999046325684,3.0999999046325684,58400
2024-05-23,3.069999933242798,3.069999933242798,2.890000104904175,2.950000047683716,2.950000047683716,17000
2024-05-24,2.9800000190734863,3.0799999237060547,2.75,2.8499999046325684,2.8499999046325684,56500
2024-05-28,2.8299999237060547,2.950000047683716,2.5,2.880000114440918,2.880000114440918,142600
2024-05-29,2.875,3.0,2.690999984741211,2.9600000381469727,2.9600000381469727,49200
2024-05-30,2.9800000190734863,3.1500000953674316,2.890000104904175,3.0299999713897705,3.0299999713897705,72800
2024-05-31,3.119999885559082,3.119999885559082,3.0,3.049999952316284,3.049999952316284,18900
2024-06-03,3.119999885559082,3.119999885559082,2.8919999599456787,2.990000009536743,2.990000009536743,28700
2024-06-04,3.0,3.0,2.819999933242798,2.8399999141693115,2.8399999141693115,41300
2024-06-05,2.9000000953674316,2.9000000953674316,2.740000009536743,2.7799999713897705,2.7799999713897705,11600
2024-06-06,2.890000104904175,3.068000078201294,2.890000104904175,3.009999990463257,3.009999990463257,32000
2024-06-07,2.994999885559082,3.069000005722046,2.859999895095825,3.009999990463257,3.009999990463257,19000
2024-06-10,2.809999942779541,3.003999948501587,2.809999942779541,3.003999948501587,3.003999948501587,10500
2024-06-11,2.950000047683716,3.0899999141693115,2.944000005722046,3.0899999141693115,3.0899999141693115,21300
2024-06-12,3.049999952316284,3.180999994277954,3.0299999713897705,3.0299999713897705,3.0299999713897705,25500
2024-06-13,3.0,3.130000114440918,2.9100000858306885,3.009999990463257,3.009999990463257,13400
2024-06-14,2.9100000858306885,3.062000036239624,2.880000114440918,2.8949999809265137,2.8949999809265137,91900
2024-06-17,2.940000057220459,3.109999895095825,2.799999952316284,3.069999933242798,3.069999933242798,501600
2024-06-18,3.200000047683716,3.700000047683716,2.930000066757202,3.119999885559082,3.119999885559082,670600
2024-06-20,3.2200000286102295,5.260000228881836,3.130000114440918,3.4200000762939453,3.4200000762939453,3463400
2024-06-21,3.4100000858306885,3.9000000953674316,3.009999990463257,3.7899999618530273,3.7899999618530273,292500
2024-06-24,3.890000104904175,5.0,3.890000104904175,4.860000133514404,4.860000133514404,595700
2024-06-25,4.860000133514404,4.860000133514404,4.289999961853027,4.340000152587891,4.340000152587891,114800
2024-06-26,4.119999885559082,5.980000019073486,4.119999885559082,5.429999828338623,5.429999828338623,493900
2024-06-27,5.789999961853027,5.800000190734863,4.929999828338623,5.059999942779541,5.059999942779541,136300
2024-06-28,5.150000095367432,5.864999771118164,5.150000095367432,5.199999809265137,5.199999809265137,94400
2024-07-01,5.400000095367432,5.550000190734863,4.510000228881836,4.539999961853027,4.539999961853027,132900
2024-07-02,4.510000228881836,4.940000057220459,4.510000228881836,4.869999885559082,4.869999885559082,41100
2024-07-03,5.0,5.052000045776367,4.900000095367432,5.0,5.0,13200
2024-07-05,5.039999961853027,5.070000171661377,4.085000038146973,4.190000057220459,4.190000057220459,123400
2024-07-08,4.150000095367432,4.486999988555908,3.7699999809265137,4.25,4.25,164500
2024-07-09,4.210000038146973,4.400000095367432,3.869999885559082,4.159999847412109,4.159999847412109,34500
2024-07-10,4.159999847412109,4.664000034332275,4.159999847412109,4.519999980926514,4.519999980926514,52000
2024-07-11,4.710000038146973,5.135000228881836,4.710000038146973,5.039999961853027,5.039999961853027,121700
2024-07-12,5.03000020980835,5.23199987411499,4.820000171661377,4.909999847412109,4.909999847412109,47400
2024-07-15,4.989999771118164,5.199999809265137,4.739999771118164,5.119999885559082,5.119999885559082,94300
2024-07-16,5.190000057220459,5.440000057220459,5.03000020980835,5.360000133514404,5.360000133514404,61800
2024-07-17,5.25,5.449999809265137,5.25,5.309999942779541,5.309999942779541,49500
2024-07-18,5.440000057220459,5.446000099182129,5.160999774932861,5.289999961853027,5.289999961853027,181100
2024-07-19,5.21999979019165,5.21999979019165,4.679999828338623,5.050000190734863,5.050000190734863,95500
2024-07-22,5.230000019073486,5.25,5.025000095367432,5.079999923706055,5.079999923706055,44200
2024-07-23,5.190000057220459,5.309999942779541,5.0,5.199999809265137,5.199999809265137,92500
2024-07-24,5.110000133514404,5.300000190734863,4.960000038146973,5.190000057220459,5.190000057220459,51700
2024-07-25,5.099999904632568,6.190000057220459,5.090000152587891,5.889999866485596,5.889999866485596,176000
2024-07-26,5.96999979019165,6.199999809265137,5.75,5.980000019073486,5.980000019073486,39800
2024-07-29,5.909999847412109,6.21999979019165,5.099999904632568,6.03000020980835,6.03000020980835,159200
2024-07-30,6.050000190734863,6.28000020980835,5.730000019073486,6.210000038146973,6.210000038146973,38900
2024-07-31,6.199999809265137,6.949999809265137,6.010000228881836,6.75,6.75,402300
2024-08-01,6.650000095367432,6.989999771118164,6.400000095367432,6.815000057220459,6.815000057220459,90200
2024-08-02,6.809999942779541,7.0,6.190000057220459,6.409999847412109,6.409999847412109,58000
2024-08-05,5.630000114440918,5.630000114440918,4.5,4.699999809265137,4.699999809265137,128200
2024-08-06,4.650000095367432,5.584000110626221,4.633999824523926,5.170000076293945,5.170000076293945,70000
2024-08-07,5.190000057220459,6.0,5.190000057220459,5.420000076293945,5.420000076293945,37100
2024-08-08,5.434000015258789,5.949999809265137,2.009999990463257,2.1700000762939453,2.1700000762939453,369700
2024-08-09,2.0999999046325684,2.509999990463257,2.0999999046325684,2.1700000762939453,2.1700000762939453,163000
2024-08-12,2.200000047683716,2.950000047683716,2.1600000858306885,2.950000047683716,2.950000047683716,16400
2024-08-13,2.299999952316284,2.75,2.299999952316284,2.549999952316284,2.549999952316284,17800
2024-08-14,2.5,2.5,2.5,2.5,2.5,5500
2024-08-15,2.5,2.5999999046325684,2.490000009536743,2.5999999046325684,2.5999999046325684,10000
2024-08-16,2.450000047683716,2.5999999046325684,2.4000000953674316,2.5,2.5,12400
2024-08-19,2.359999895095825,2.5,2.2200000286102295,2.299999952316284,2.299999952316284,35700
2024-08-20,2.299999952316284,2.5,2.25,2.5,2.5,21300
2024-08-21,2.2699999809265137,2.5,2.259999990463257,2.299999952316284,2.299999952316284,27200
2024-08-22,2.305000066757202,2.5,2.259999990463257,2.5,2.5,14600
2024-08-23,2.265000104904175,2.265000104904175,2.265000104904175,2.265000104904175,2.265000104904175,300
2024-08-26,2.25,2.5999999046325684,2.25,2.2699999809265137,2.2699999809265137,4900
2024-08-27,2.299999952316284,2.5,2.299999952316284,2.450000047683716,2.450000047683716,1900
2024-08-28,2.5,2.5,2.299999952316284,2.299999952316284,2.299999952316284,500
2024-08-29,2.359999895095825,3.0,2.359999895095825,2.359999895095825,2.359999895095825,1500
2024-08-30,2.359999895095825,2.359999895095825,2.359999895095825,2.359999895095825,2.359999895095825,500
2024-09-03,2.3499999046325684,3.0,2.3499999046325684,3.0,3.0,1800
2024-09-04,2.3499999046325684,2.950000047683716,2.3499999046325684,2.950000047683716,2.950000047683716,3300
2024-09-05,2.3499999046325684,2.3499999046325684,2.3499999046325684,2.3499999046325684,2.3499999046325684,3000
2024-09-06,3.0,3.0,3.0,3.0,3.0,1400
2024-09-09,2.619999885559082,2.619999885559082,2.4000000953674316,2.619999885559082,2.619999885559082,1000
2024-09-10,2.4000000953674316,2.4100000858306885,2.4000000953674316,2.4100000858306885,2.4100000858306885,3800
2024-09-11,2.4100000858306885,2.4100000858306885,2.4100000858306885,2.4100000858306885,2.4100000858306885,300
2024-09-12,2.305000066757202,2.75,2.2699999809265137,2.305000066757202,2.305000066757202,7300
2024-09-13,2.700000047683716,3.0,2.5999999046325684,3.0,3.0,25200
2024-09-16,2.450000047683716,2.799999952316284,2.450000047683716,2.4600000381469727,2.4600000381469727,1800
2024-09-17,2.799999952316284,2.799999952316284,2.5250000953674316,2.5250000953674316,2.5250000953674316,600
2024-09-18,2.5,2.5,2.5,2.5,2.5,1400
2024-09-19,2.509999990463257,2.509999990463257,2.509999990463257,2.509999990463257,2.509999990463257,1200
2024-09-20,2.549999952316284,2.549999952316284,2.5,2.5,2.5,3800
2024-09-23,2.5,2.5,2.5,2.5,2.5,300
2024-09-24,2.559999942779541,2.609999895095825,2.559999942779541,2.609999895095825,2.609999895095825,600
2024-09-25,2.6500000953674316,2.6500000953674316,2.6500000953674316,2.6500000953674316,2.6500000953674316,5700
2024-09-26,2.6500000953674316,2.6500000953674316,2.6500000953674316,2.6500000953674316,2.6500000953674316,0
2024-09-27,2.6500000953674316,2.6600000858306885,2.6500000953674316,2.6600000858306885,2.6600000858306885,3000
2024-09-30,2.6600000858306885,2.6600000858306885,2.6600000858306885,2.6600000858306885,2.6600000858306885,0
2024-10-01,2.700000047683716,2.7100000381469727,2.700000047683716,2.7100000381469727,2.7100000381469727,2200
2024-10-02,2.700000047683716,2.7100000381469727,2.700000047683716,2.7100000381469727,2.7100000381469727,1900
2024-10-03,2.7100000381469727,2.7100000381469727,2.7100000381469727,2.7100000381469727,2.7100000381469727,300
2024-10-04,2.259999990463257,2.609999895095825,2.259999990463257,2.5999999046325684,2.5999999046325684,3400
2024-10-07,2.5999999046325684,2.5999999046325684,2.5999999046325684,2.5999999046325684,2.5999999046325684,1900
2024-10-08,2.5,2.5999999046325684,2.5,2.5899999141693115,2.5899999141693115,1600
2024-10-09,2.549999952316284,2.5999999046325684,2.549999952316284,2.5999999046325684,2.5999999046325684,1900
2024-10-10,2.609999895095825,2.609999895095825,2.5999999046325684,2.5999999046325684,2.5999999046325684,4400
2024-10-11,2.5999999046325684,2.619999885559082,2.5999999046325684,2.5999999046325684,2.5999999046325684,1700
2024-10-14,2.609999895095825,2.700000047683716,2.609999895095825,2.700000047683716,2.700000047683716,900
2024-10-15,2.700000047683716,2.700000047683716,2.6600000858306885,2.6600000858306885,2.6600000858306885,500
2024-10-16,2.6600000858306885,2.8499999046325684,2.6600000858306885,2.6600000858306885,2.6600000858306885,2000
2024-10-17,2.700000047683716,2.7100000381469727,2.5,2.7100000381469727,2.7100000381469727,1000
2024-10-18,2.6500000953674316,2.7100000381469727,2.6500000953674316,2.700000047683716,2.700000047683716,1700
2024-10-21,2.700000047683716,2.700000047683716,2.700000047683716,2.700000047683716,2.700000047683716,400
2024-10-22,2.700000047683716,2.700000047683716,2.700000047683716,2.700000047683716,2.700000047683716,0
2024-10-23,2.700000047683716,2.880000114440918,2.700000047683716,2.880000114440918,2.880000114440918,400
2024-10-24,2.880000114440918,2.880000114440918,2.880000114440918,2.880000114440918,2.880000114440918,1000
2024-10-25,2.7100000381469727,2.7100000381469727,2.700000047683716,2.700000047683716,2.700000047683716,400
