Date,Adj Close,Close,High,Low,Open,Volume
2021-02-05,18.389999389648438,18.389999389648438,19.1200008392334,14.829999923706055,16.950000762939453,3012900
2021-02-08,19.790000915527344,19.790000915527344,19.888999938964844,16.600000381469727,16.600000381469727,443000
2021-02-09,20.809999465942383,20.809999465942383,23.68000030517578,19.510000228881836,19.510000228881836,444200
2021-02-10,21.56999969482422,21.56999969482422,22.90999984741211,20.809999465942383,22.239999771118164,259500
2021-02-11,19.65999984741211,19.65999984741211,21.5049991607666,19.020000457763672,21.290000915527344,225700
2021-02-12,18.09000015258789,18.09000015258789,19.948999404907227,18.040000915527344,19.75,162700
2021-02-16,20.979999542236328,20.979999542236328,21.850000381469727,18.540000915527344,18.540000915527344,203000
2021-02-17,20.889999389648438,20.889999389648438,21.219999313354492,19.299999237060547,19.299999237060547,171000
2021-02-18,20.360000610351562,20.360000610351562,20.878000259399414,19.75,20.56999969482422,145800
2021-02-19,20.700000762939453,20.700000762939453,21.149999618530273,20.020000457763672,20.36400032043457,122200
2021-02-22,20.360000610351562,20.360000610351562,21.124000549316406,20.360000610351562,20.920000076293945,123700
2021-02-23,19.030000686645508,19.030000686645508,19.940000534057617,18.25,19.940000534057617,245000
2021-02-24,22.059999465942383,22.059999465942383,22.5,19.260000228881836,19.260000228881836,208200
2021-02-25,22.68000030517578,22.68000030517578,22.940000534057617,21.299999237060547,22.399999618530273,66200
2021-02-26,22.649999618530273,22.649999618530273,23.0,21.559999465942383,22.270000457763672,91100
2021-03-01,24.639999389648438,24.639999389648438,25.950000762939453,21.229999542236328,23.0,310100
2021-03-02,24.079999923706055,24.079999923706055,27.440000534057617,23.520000457763672,24.700000762939453,218200
2021-03-03,25.200000762939453,25.200000762939453,26.55500030517578,23.530000686645508,24.43000030517578,110600
2021-03-04,18.540000915527344,18.540000915527344,26.38599967956543,17.510000228881836,25.170000076293945,263600
2021-03-05,17.1299991607666,17.1299991607666,21.0,15.729999542236328,19.889999389648438,167100
2021-03-08,19.260000228881836,19.260000228881836,20.0,17.0,17.010000228881836,111300
2021-03-09,22.899999618530273,22.899999618530273,23.8700008392334,19.559999465942383,19.559999465942383,120700
2021-03-10,22.809999465942383,22.809999465942383,23.780000686645508,21.75,22.81999969482422,140400
2021-03-11,23.459999084472656,23.459999084472656,23.780000686645508,22.299999237060547,23.0,192300
2021-03-12,25.90999984741211,25.90999984741211,26.020000457763672,23.5,23.5,280100
2021-03-15,24.850000381469727,24.850000381469727,27.09000015258789,24.538999557495117,26.0,98900
2021-03-16,25.489999771118164,25.489999771118164,26.760000228881836,24.399999618530273,24.90999984741211,113400
2021-03-17,25.8700008392334,25.8700008392334,26.884000778198242,24.729999542236328,25.5,152700
2021-03-18,26.34000015258789,26.34000015258789,27.670000076293945,25.700000762939453,26.360000610351562,344900
2021-03-19,27.25,27.25,28.360000610351562,26.15999984741211,26.350000381469727,1416700
2021-03-22,22.549999237060547,22.549999237060547,27.084999084472656,21.945999145507812,26.65999984741211,267500
2021-03-23,20.649999618530273,20.649999618530273,22.695999145507812,20.204999923706055,22.329999923706055,178100
2021-03-24,21.170000076293945,21.170000076293945,22.100000381469727,20.2450008392334,20.510000228881836,216600
2021-03-25,21.81999969482422,21.81999969482422,22.75,20.84000015258789,21.100000381469727,114300
2021-03-26,20.15999984741211,20.15999984741211,22.610000610351562,19.75,22.1299991607666,74900
2021-03-29,20.799999237060547,20.799999237060547,21.735000610351562,19.65999984741211,20.139999389648438,37800
2021-03-30,21.989999771118164,21.989999771118164,22.200000762939453,20.020000457763672,21.1299991607666,90400
2021-03-31,22.0,22.0,22.399999618530273,20.15999984741211,21.479999542236328,196700
2021-04-01,20.610000610351562,20.610000610351562,22.450000762939453,19.854999542236328,22.09000015258789,307800
2021-04-05,20.829999923706055,20.829999923706055,21.149999618530273,19.799999237060547,20.440000534057617,89600
2021-04-06,20.700000762939453,20.700000762939453,21.93000030517578,20.299999237060547,20.709999084472656,189300
2021-04-07,18.260000228881836,18.260000228881836,20.75,17.795000076293945,20.649999618530273,111500
2021-04-08,18.3799991607666,18.3799991607666,19.299999237060547,17.770000457763672,18.420000076293945,85100
2021-04-09,18.93000030517578,18.93000030517578,19.444000244140625,17.499000549316406,18.0,44700
2021-04-12,17.739999771118164,17.739999771118164,19.0,17.0,18.989999771118164,75400
2021-04-13,17.799999237060547,17.799999237060547,18.242000579833984,17.43000030517578,17.75,33900
2021-04-14,21.649999618530273,21.649999618530273,22.209999084472656,17.649999618530273,17.649999618530273,188300
2021-04-15,17.709999084472656,17.709999084472656,21.3700008392334,17.440000534057617,21.170000076293945,485100
2021-04-16,17.90999984741211,17.90999984741211,18.530000686645508,17.049999237060547,17.170000076293945,241100
2021-04-19,17.100000381469727,17.100000381469727,18.540000915527344,16.950000762939453,17.850000381469727,69900
2021-04-20,16.780000686645508,16.780000686645508,17.5,16.209999084472656,17.049999237060547,35400
2021-04-21,18.1200008392334,18.1200008392334,18.31999969482422,16.389999389648438,16.950000762939453,47100
2021-04-22,20.309999465942383,20.309999465942383,20.905000686645508,17.670000076293945,18.25,65500
2021-04-23,18.93000030517578,18.93000030517578,20.100000381469727,18.229999542236328,20.010000228881836,48600
2021-04-26,21.1200008392334,21.1200008392334,21.735000610351562,18.110000610351562,19.06999969482422,48300
2021-04-27,21.450000762939453,21.450000762939453,21.850000381469727,21.100000381469727,21.110000610351562,25000
2021-04-28,21.510000228881836,21.510000228881836,21.799999237060547,20.87299919128418,21.06999969482422,33000
2021-04-29,21.040000915527344,21.040000915527344,21.600000381469727,20.815000534057617,21.420000076293945,28500
2021-04-30,22.0,22.0,22.239999771118164,20.729999542236328,20.899999618530273,82600
2021-05-03,20.280000686645508,20.280000686645508,21.829999923706055,19.479999542236328,21.829999923706055,33700
2021-05-04,18.520000457763672,18.520000457763672,20.31999969482422,18.5,20.0,24800
2021-05-05,17.049999237060547,17.049999237060547,18.510000228881836,16.81999969482422,18.510000228881836,52000
2021-05-06,16.059999465942383,16.059999465942383,17.3799991607666,15.145000457763672,16.969999313354492,52600
2021-05-07,16.6200008392334,16.6200008392334,17.134000778198242,16.100000381469727,16.100000381469727,31500
2021-05-10,15.010000228881836,15.010000228881836,17.01799964904785,14.84000015258789,16.600000381469727,106200
2021-05-11,15.369999885559082,15.369999885559082,15.960000038146973,14.579999923706055,14.720000267028809,34700
2021-05-12,15.350000381469727,15.350000381469727,15.96500015258789,14.920000076293945,15.069999694824219,30400
2021-05-13,15.15999984741211,15.15999984741211,15.989999771118164,14.880000114440918,15.619999885559082,35500
2021-05-14,15.90999984741211,15.90999984741211,16.690000534057617,14.90999984741211,14.90999984741211,25500
2021-05-17,16.3700008392334,16.3700008392334,17.28499984741211,15.477999687194824,15.539999961853027,32100
2021-05-18,16.209999084472656,16.209999084472656,17.0,16.049999237060547,16.729999542236328,36100
2021-05-19,15.920000076293945,15.920000076293945,16.559999465942383,15.079999923706055,15.920000076293945,39200
2021-05-20,16.15999984741211,16.15999984741211,16.6200008392334,15.470000267028809,15.890000343322754,50200
2021-05-21,15.920000076293945,15.920000076293945,16.549999237060547,15.8100004196167,16.549999237060547,36900
2021-05-24,15.8100004196167,15.8100004196167,16.350000381469727,15.640000343322754,15.859999656677246,28600
2021-05-25,15.390000343322754,15.390000343322754,16.049999237060547,15.0,15.770000457763672,69000
2021-05-26,15.569999694824219,15.569999694824219,15.920000076293945,15.170000076293945,15.75,29800
2021-05-27,15.729999542236328,15.729999542236328,15.9399995803833,15.253999710083008,15.619999885559082,19400
2021-05-28,17.110000610351562,17.110000610351562,17.110000610351562,16.0,16.030000686645508,75300
2021-06-01,17.15999984741211,17.15999984741211,17.459999084472656,16.09000015258789,16.959999084472656,82400
2021-06-02,16.15999984741211,16.15999984741211,17.290000915527344,15.489999771118164,17.209999084472656,44600
2021-06-03,15.90999984741211,15.90999984741211,16.03499984741211,15.345000267028809,15.9399995803833,18400
2021-06-04,16.020000457763672,16.020000457763672,16.19499969482422,15.720000267028809,16.079999923706055,42200
2021-06-07,16.059999465942383,16.059999465942383,16.541000366210938,15.5600004196167,16.15999984741211,55100
2021-06-08,16.34000015258789,16.34000015258789,16.420000076293945,15.34000015258789,16.270000457763672,53600
2021-06-09,16.450000762939453,16.450000762939453,16.81999969482422,16.170000076293945,16.25,37500
2021-06-10,19.34000015258789,19.34000015258789,19.969999313354492,16.4950008392334,16.700000762939453,181600
2021-06-11,17.420000076293945,17.420000076293945,18.920000076293945,17.219999313354492,18.920000076293945,40300
2021-06-14,15.25,15.25,18.385000228881836,15.0,18.100000381469727,156700
2021-06-15,15.5,15.5,15.84000015258789,14.359999656677246,15.609999656677246,173100
2021-06-16,15.710000038146973,15.710000038146973,16.149999618530273,14.585000038146973,15.210000038146973,226000
2021-06-17,16.25,16.25,16.81999969482422,15.350000381469727,15.680000305175781,185800
2021-06-18,15.600000381469727,15.600000381469727,16.437999725341797,15.600000381469727,15.850000381469727,121100
2021-06-21,15.25,15.25,15.954999923706055,15.25,15.609999656677246,214700
2021-06-22,15.149999618530273,15.149999618530273,15.529999732971191,14.699999809265137,15.390000343322754,158500
2021-06-23,14.75,14.75,15.350000381469727,14.529999732971191,15.149999618530273,82900
2021-06-24,13.390000343322754,13.390000343322754,14.819999694824219,13.180000305175781,14.779999732971191,135700
2021-06-25,13.4399995803833,13.4399995803833,13.654999732971191,13.069999694824219,13.369999885559082,176400
2021-06-28,12.84000015258789,12.84000015258789,13.680000305175781,12.680000305175781,13.65999984741211,112500
2021-06-29,12.430000305175781,12.430000305175781,13.010000228881836,12.25,12.90999984741211,72100
2021-06-30,12.260000228881836,12.260000228881836,12.515000343322754,12.020000457763672,12.390000343322754,96300
2021-07-01,12.3100004196167,12.3100004196167,12.359999656677246,12.104999542236328,12.359999656677246,23400
2021-07-02,11.619999885559082,11.619999885559082,12.300000190734863,11.550000190734863,12.300000190734863,44400
2021-07-06,10.890000343322754,10.890000343322754,12.03499984741211,10.694999694824219,11.699999809265137,40700
2021-07-07,10.510000228881836,10.510000228881836,11.010000228881836,10.050000190734863,10.859999656677246,41500
2021-07-08,10.369999885559082,10.369999885559082,10.630000114440918,10.109999656677246,10.119999885559082,31900
2021-07-09,10.380000114440918,10.380000114440918,10.640000343322754,10.229999542236328,10.430000305175781,31000
2021-07-12,10.0600004196167,10.0600004196167,10.510000228881836,9.949999809265137,10.430000305175781,54900
2021-07-13,9.460000038146973,9.460000038146973,10.0600004196167,9.359999656677246,9.930000305175781,51900
2021-07-14,9.0,9.0,9.539999961853027,8.789999961853027,9.510000228881836,87500
2021-07-15,8.84000015258789,8.84000015258789,9.229999542236328,8.390000343322754,9.0,105800
2021-07-16,9.039999961853027,9.039999961853027,9.449999809265137,8.850000381469727,8.970000267028809,98400
2021-07-19,9.109999656677246,9.109999656677246,9.640000343322754,8.930000305175781,8.930000305175781,42700
2021-07-20,9.430000305175781,9.430000305175781,9.680000305175781,9.130000114440918,9.130000114440918,39800
2021-07-21,9.180000305175781,9.180000305175781,9.720000267028809,9.130000114440918,9.529999732971191,41000
2021-07-22,8.5600004196167,8.5600004196167,9.270000457763672,8.539999961853027,9.15999984741211,43700
2021-07-23,8.15999984741211,8.15999984741211,8.619999885559082,7.85699987411499,8.619999885559082,66400
2021-07-26,7.880000114440918,7.880000114440918,8.319999694824219,7.690000057220459,8.1899995803833,35700
2021-07-27,7.539999961853027,7.539999961853027,8.079999923706055,7.380000114440918,7.889999866485596,40200
2021-07-28,8.170000076293945,8.170000076293945,8.260000228881836,7.619999885559082,7.619999885559082,29500
2021-07-29,8.180000305175781,8.180000305175781,8.489999771118164,8.079999923706055,8.229999542236328,29500
2021-07-30,7.5,7.5,8.46500015258789,7.489999771118164,8.069999694824219,30900
2021-08-02,7.550000190734863,7.550000190734863,7.72599983215332,7.480000019073486,7.610000133514404,43700
2021-08-03,7.21999979019165,7.21999979019165,7.519999980926514,6.914999961853027,7.519999980926514,105400
2021-08-04,8.180000305175781,8.180000305175781,8.25,7.190000057220459,7.199999809265137,48100
2021-08-05,8.619999885559082,8.619999885559082,8.770000457763672,8.065999984741211,8.15999984741211,42100
2021-08-06,10.079999923706055,10.079999923706055,10.729999542236328,8.569999694824219,8.680000305175781,166300
2021-08-09,9.90999984741211,9.90999984741211,10.180000305175781,9.649999618530273,10.079999923706055,102200
2021-08-10,10.109999656677246,10.109999656677246,10.932000160217285,9.71399974822998,9.779999732971191,125800
2021-08-11,10.020000457763672,10.020000457763672,10.987000465393066,9.170000076293945,10.100000381469727,89600
2021-08-12,10.380000114440918,10.380000114440918,10.885000228881836,9.770000457763672,9.90999984741211,28700
2021-08-13,10.8100004196167,10.8100004196167,10.899999618530273,9.470000267028809,10.470000267028809,35700
2021-08-16,9.619999885559082,9.619999885559082,11.119999885559082,9.470000267028809,10.829999923706055,24900
2021-08-17,11.270000457763672,11.270000457763672,11.609999656677246,9.711999893188477,9.789999961853027,170500
2021-08-18,11.489999771118164,11.489999771118164,11.979999542236328,10.470000267028809,11.180000305175781,55900
2021-08-19,10.210000038146973,10.210000038146973,11.420000076293945,10.039999961853027,11.279999732971191,51600
2021-08-20,11.1899995803833,11.1899995803833,11.880000114440918,10.069999694824219,10.069999694824219,43400
2021-08-23,12.649999618530273,12.649999618530273,13.140000343322754,11.262999534606934,11.380000114440918,115000
2021-08-24,12.84000015258789,12.84000015258789,13.489999771118164,12.59000015258789,12.59000015258789,75100
2021-08-25,11.9399995803833,11.9399995803833,12.84000015258789,11.920000076293945,12.84000015258789,67900
2021-08-26,11.520000457763672,11.520000457763672,12.819999694824219,11.380000114440918,11.989999771118164,57200
2021-08-27,12.739999771118164,12.739999771118164,12.970000267028809,11.0600004196167,11.380000114440918,37200
2021-08-30,12.479999542236328,12.479999542236328,13.430000305175781,12.307000160217285,12.739999771118164,55700
2021-08-31,13.460000038146973,13.460000038146973,13.770000457763672,11.739999771118164,12.59000015258789,153200
2021-09-01,12.329999923706055,12.329999923706055,13.710000038146973,11.979999542236328,13.420000076293945,54200
2021-09-02,12.800000190734863,12.800000190734863,13.164999961853027,12.329999923706055,12.59000015258789,59500
2021-09-03,12.579999923706055,12.579999923706055,12.989999771118164,12.079999923706055,12.680000305175781,49900
2021-09-07,12.140000343322754,12.140000343322754,13.475000381469727,12.050000190734863,12.430000305175781,41500
2021-09-08,11.329999923706055,11.329999923706055,12.09000015258789,11.260000228881836,12.09000015258789,39400
2021-09-09,11.15999984741211,11.15999984741211,12.829999923706055,11.100000381469727,11.34000015258789,35600
2021-09-10,11.119999885559082,11.119999885559082,11.949999809265137,11.005000114440918,11.40999984741211,35900
2021-09-13,10.760000228881836,10.760000228881836,11.260000228881836,10.5,11.170000076293945,38600
2021-09-14,11.029999732971191,11.029999732971191,11.579999923706055,10.479999542236328,10.920000076293945,99800
2021-09-15,10.710000038146973,10.710000038146973,11.3100004196167,10.5600004196167,11.239999771118164,46200
2021-09-16,10.970000267028809,10.970000267028809,11.550000190734863,10.720000267028809,11.0,157700
2021-09-17,10.510000228881836,10.510000228881836,11.979999542236328,10.5,11.3100004196167,566100
2021-09-20,10.350000381469727,10.350000381469727,10.880000114440918,9.699999809265137,10.25,81000
2021-09-21,10.390000343322754,10.390000343322754,10.670000076293945,10.329999923706055,10.460000038146973,38600
2021-09-22,10.779999732971191,10.779999732971191,11.0,10.5,10.5,55900
2021-09-23,10.930000305175781,10.930000305175781,11.0600004196167,10.569000244140625,10.8100004196167,33500
2021-09-24,10.989999771118164,10.989999771118164,11.239999771118164,10.65999984741211,10.850000381469727,40800
2021-09-27,11.170000076293945,11.170000076293945,11.300000190734863,10.829999923706055,10.920000076293945,47600
2021-09-28,10.720000267028809,10.720000267028809,11.109999656677246,10.510000228881836,11.029999732971191,64800
2021-09-29,10.289999961853027,10.289999961853027,10.8100004196167,10.168999671936035,10.8100004196167,29200
2021-09-30,10.420000076293945,10.420000076293945,10.710000038146973,10.248000144958496,10.350000381469727,66300
2021-10-01,10.729999542236328,10.729999542236328,10.789999961853027,10.267999649047852,10.645999908447266,24300
2021-10-04,10.539999961853027,10.539999961853027,10.71500015258789,10.510000228881836,10.600000381469727,44000
2021-10-05,10.350000381469727,10.350000381469727,10.609999656677246,10.260000228881836,10.5600004196167,20800
2021-10-06,10.350000381469727,10.350000381469727,10.479999542236328,10.229999542236328,10.279999732971191,13700
2021-10-07,10.5,10.5,10.574999809265137,10.270000457763672,10.40999984741211,25500
2021-10-08,10.3100004196167,10.3100004196167,10.574999809265137,10.270000457763672,10.460000038146973,18400
2021-10-11,10.4399995803833,10.4399995803833,10.640000343322754,10.100000381469727,10.260000228881836,37000
2021-10-12,10.6899995803833,10.6899995803833,10.6899995803833,10.350000381469727,10.520000457763672,15600
2021-10-13,9.510000228881836,9.510000228881836,10.680000305175781,9.279999732971191,10.609999656677246,66700
2021-10-14,9.9399995803833,9.9399995803833,10.029999732971191,9.220000267028809,9.569999694824219,44200
2021-10-15,9.8100004196167,9.8100004196167,10.069999694824219,9.569999694824219,10.069999694824219,114400
2021-10-18,9.800000190734863,9.800000190734863,10.010000228881836,9.414999961853027,9.829999923706055,31700
2021-10-19,10.079999923706055,10.079999923706055,10.079999923706055,9.8100004196167,9.8100004196167,9200
2021-10-20,9.899999618530273,9.899999618530273,10.489999771118164,9.789999961853027,10.100000381469727,57400
2021-10-21,9.619999885559082,9.619999885559082,10.130000114440918,9.40999984741211,9.800000190734863,41700
2021-10-22,9.359999656677246,9.359999656677246,9.569999694824219,9.130000114440918,9.437000274658203,39600
2021-10-25,9.34000015258789,9.34000015258789,9.460000038146973,9.130000114440918,9.340999603271484,53000
2021-10-26,9.199999809265137,9.199999809265137,9.399999618530273,9.079999923706055,9.399999618530273,67100
2021-10-27,9.0,9.0,9.449999809265137,8.829999923706055,9.109999656677246,35900
2021-10-28,9.180000305175781,9.180000305175781,9.399999618530273,8.9399995803833,9.109999656677246,118500
2021-10-29,9.5,9.5,9.5600004196167,9.020000457763672,9.210000038146973,95600
2021-11-01,9.6899995803833,9.6899995803833,9.710000038146973,9.28499984741211,9.40999984741211,92800
2021-11-02,9.739999771118164,9.739999771118164,9.75,9.470000267028809,9.75,86000
2021-11-03,9.600000381469727,9.600000381469727,9.779999732971191,9.399999618530273,9.630000114440918,134600
2021-11-04,9.979999542236328,9.979999542236328,10.289999961853027,9.699999809265137,9.710000038146973,43000
2021-11-05,10.350000381469727,10.350000381469727,10.40999984741211,9.859999656677246,10.109999656677246,43200
2021-11-08,9.829999923706055,9.829999923706055,10.6899995803833,9.729999542236328,10.489999771118164,69900
2021-11-09,9.289999961853027,9.289999961853027,9.880000114440918,9.119999885559082,9.880000114440918,28700
2021-11-10,8.970000267028809,8.970000267028809,9.600000381469727,8.75,9.359999656677246,35600
2021-11-11,9.029999732971191,9.029999732971191,9.380000114440918,8.890000343322754,9.140000343322754,24900
2021-11-12,8.930000305175781,8.930000305175781,9.170000076293945,8.819999694824219,9.029999732971191,61200
2021-11-15,8.489999771118164,8.489999771118164,9.086999893188477,8.4399995803833,8.890000343322754,52000
2021-11-16,8.819999694824219,8.819999694824219,8.949999809265137,8.449999809265137,8.449999809265137,24300
2021-11-17,8.539999961853027,8.539999961853027,8.90999984741211,8.4399995803833,8.75,20700
2021-11-18,8.390000343322754,8.390000343322754,8.649999618530273,8.204999923706055,8.539999961853027,29100
2021-11-19,8.399999618530273,8.399999618530273,8.609999656677246,8.279999732971191,8.279999732971191,26100
2021-11-22,7.809999942779541,7.809999942779541,8.479999542236328,7.650000095367432,8.479999542236328,32400
2021-11-23,7.46999979019165,7.46999979019165,8.279999732971191,7.414999961853027,8.020000457763672,74400
2021-11-24,7.53000020980835,7.53000020980835,7.635000228881836,7.380000114440918,7.440000057220459,24600
2021-11-26,7.130000114440918,7.130000114440918,7.429999828338623,7.099999904632568,7.329999923706055,20100
2021-11-29,6.489999771118164,6.489999771118164,7.25,6.489999771118164,7.25,47100
2021-11-30,7.550000190734863,7.550000190734863,7.739999771118164,6.429999828338623,6.449999809265137,167400
2021-12-01,6.53000020980835,6.53000020980835,7.789999961853027,6.119999885559082,7.789999961853027,64300
2021-12-02,7.699999809265137,7.699999809265137,7.920000076293945,6.449999809265137,6.449999809265137,238800
2021-12-03,7.309999942779541,7.309999942779541,7.784999847412109,7.151000022888184,7.579999923706055,100700
2021-12-06,7.0,7.0,7.454999923706055,6.829999923706055,7.420000076293945,54700
2021-12-07,7.179999828338623,7.179999828338623,7.434999942779541,7.0,7.119999885559082,48100
2021-12-08,7.639999866485596,7.639999866485596,7.909999847412109,7.0,7.199999809265137,38800
2021-12-09,6.510000228881836,6.510000228881836,7.5,6.315000057220459,7.5,155500
2021-12-10,6.039999961853027,6.039999961853027,6.769999980926514,6.0,6.550000190734863,49000
2021-12-13,6.230000019073486,6.230000019073486,6.449999809265137,5.739999771118164,6.010000228881836,72000
2021-12-14,5.980000019073486,5.980000019073486,6.164999961853027,5.929999828338623,6.119999885559082,44600
2021-12-15,6.170000076293945,6.170000076293945,6.21999979019165,5.75,6.03000020980835,119300
2021-12-16,5.650000095367432,5.650000095367432,6.210000038146973,5.579999923706055,6.210000038146973,151000
2021-12-17,6.019999980926514,6.019999980926514,6.050000190734863,5.53000020980835,5.619999885559082,279700
2021-12-20,5.699999809265137,5.699999809265137,5.860000133514404,5.519999980926514,5.860000133514404,112600
2021-12-21,6.110000133514404,6.110000133514404,6.429999828338623,5.659999847412109,5.760000228881836,145400
2021-12-22,6.210000038146973,6.210000038146973,6.289999961853027,6.039999961853027,6.090000152587891,40600
2021-12-23,6.420000076293945,6.420000076293945,6.5,6.159999847412109,6.289999961853027,14700
2021-12-27,6.449999809265137,6.449999809265137,6.5,6.260000228881836,6.380000114440918,37600
2021-12-28,6.659999847412109,6.659999847412109,6.71999979019165,6.449999809265137,6.449999809265137,77900
2021-12-29,5.980000019073486,5.980000019073486,6.75,5.909999847412109,6.619999885559082,65200
2021-12-30,6.210000038146973,6.210000038146973,6.380000114440918,5.929999828338623,5.929999828338623,32400
2021-12-31,7.070000171661377,7.070000171661377,7.369999885559082,6.239999771118164,6.25,119400
2022-01-03,6.699999809265137,6.699999809265137,7.289999961853027,6.604000091552734,7.130000114440918,107100
2022-01-04,6.570000171661377,6.570000171661377,7.008999824523926,6.289999961853027,6.610000133514404,75700
2022-01-05,6.110000133514404,6.110000133514404,7.090000152587891,6.019999980926514,6.579999923706055,65000
2022-01-06,6.090000152587891,6.090000152587891,6.300000190734863,5.800000190734863,6.150000095367432,69100
2022-01-07,6.099999904632568,6.099999904632568,6.179999828338623,5.96999979019165,6.079999923706055,45400
2022-01-10,6.309999942779541,6.309999942779541,6.460000038146973,5.940000057220459,6.039999961853027,48200
2022-01-11,6.28000020980835,6.28000020980835,6.465000152587891,6.019999980926514,6.389999866485596,32800
2022-01-12,6.139999866485596,6.139999866485596,6.369999885559082,6.019999980926514,6.369999885559082,138800
2022-01-13,5.820000171661377,5.820000171661377,6.25,5.820000171661377,6.25,55200
2022-01-14,5.849999904632568,5.849999904632568,6.079999923706055,5.619999885559082,5.820000171661377,51500
2022-01-18,5.710000038146973,5.710000038146973,5.849999904632568,5.429999828338623,5.75,72400
2022-01-19,5.809999942779541,5.809999942779541,5.960000038146973,5.449999809265137,5.840000152587891,44600
2022-01-20,5.809999942779541,5.809999942779541,6.105000019073486,5.630000114440918,5.929999828338623,30700
2022-01-21,5.769999980926514,5.769999980926514,6.130000114440918,5.590000152587891,5.71999979019165,61200
2022-01-24,5.75,5.75,5.889999866485596,5.360000133514404,5.610000133514404,59300
2022-01-25,5.659999847412109,5.659999847412109,5.840000152587891,5.425000190734863,5.710000038146973,21800
2022-01-26,5.360000133514404,5.360000133514404,5.860000133514404,5.309999942779541,5.860000133514404,30400
2022-01-27,5.03000020980835,5.03000020980835,5.559999942779541,4.900000095367432,5.5,58700
2022-01-28,5.320000171661377,5.320000171661377,5.400000095367432,5.03000020980835,5.079999923706055,23500
2022-01-31,6.269999980926514,6.269999980926514,6.480000019073486,5.340000152587891,5.340000152587891,60200
2022-02-01,5.71999979019165,5.71999979019165,6.289999961853027,5.590000152587891,6.289999961853027,25100
2022-02-02,5.0,5.0,5.765999794006348,4.989999771118164,5.765999794006348,54400
2022-02-03,4.480000019073486,4.480000019073486,5.039999961853027,4.429999828338623,4.909999847412109,59900
2022-02-04,4.25,4.25,4.534999847412109,4.244999885559082,4.429999828338623,60200
2022-02-07,4.079999923706055,4.079999923706055,4.670000076293945,4.0,4.329999923706055,60600
2022-02-08,3.9800000190734863,3.9800000190734863,4.074999809265137,3.940000057220459,4.019999980926514,26700
2022-02-09,4.050000190734863,4.050000190734863,4.130000114440918,3.930000066757202,3.930000066757202,119100
2022-02-10,3.880000114440918,3.880000114440918,4.127999782562256,3.8499999046325684,3.9800000190734863,55300
2022-02-11,3.819999933242798,3.819999933242798,4.045000076293945,3.6600000858306885,3.940000057220459,33300
2022-02-14,3.8499999046325684,3.8499999046325684,3.890000104904175,3.6700000762939453,3.690000057220459,38700
2022-02-15,3.990000009536743,3.990000009536743,4.03000020980835,3.7899999618530273,3.930000066757202,28700
2022-02-16,3.990000009536743,3.990000009536743,4.197000026702881,3.9200000762939453,3.9200000762939453,22000
2022-02-17,3.630000114440918,3.630000114440918,3.9000000953674316,3.5199999809265137,3.869999885559082,24800
2022-02-18,3.8299999237060547,3.8299999237060547,3.930000066757202,3.4749999046325684,3.559999942779541,69200
2022-02-22,3.640000104904175,3.640000104904175,4.019999980926514,3.4600000381469727,4.019999980926514,65000
2022-02-23,3.309999942779541,3.309999942779541,3.815000057220459,3.25,3.6700000762939453,47500
2022-02-24,3.359999895095825,3.359999895095825,3.5999999046325684,3.2100000381469727,3.2100000381469727,52300
2022-02-25,3.369999885559082,3.369999885559082,3.4700000286102295,3.2100000381469727,3.369999885559082,81000
2022-02-28,3.319999933242798,3.319999933242798,3.5989999771118164,3.2300000190734863,3.359999895095825,96200
2022-03-01,3.440000057220459,3.440000057220459,3.5199999809265137,3.240000009536743,3.2899999618530273,77800
2022-03-02,3.1700000762939453,3.1700000762939453,3.674999952316284,3.1500000953674316,3.5299999713897705,94600
2022-03-03,3.119999885559082,3.119999885559082,3.75,3.0399999618530273,3.259999990463257,44300
2022-03-04,3.299999952316284,3.299999952316284,3.5199999809265137,3.119999885559082,3.119999885559082,21000
2022-03-07,3.140000104904175,3.140000104904175,3.2899999618530273,3.069999933242798,3.2899999618530273,26500
2022-03-08,3.2799999713897705,3.2799999713897705,3.3299999237060547,3.1700000762939453,3.1700000762939453,22900
2022-03-09,3.4000000953674316,3.4000000953674316,3.450000047683716,3.2899999618530273,3.319999933242798,27000
2022-03-10,3.2100000381469727,3.2100000381469727,3.380000114440918,3.1500000953674316,3.359999895095825,23100
2022-03-11,3.109999895095825,3.109999895095825,3.2869999408721924,3.069999933242798,3.2200000286102295,16900
2022-03-14,3.0,3.0,3.365999937057495,3.0,3.365999937057495,27200
2022-03-15,2.930000066757202,2.930000066757202,3.3399999141693115,2.880000114440918,3.0799999237060547,38500
2022-03-16,2.9200000762939453,2.9200000762939453,3.140000104904175,2.7300000190734863,3.055000066757202,53300
2022-03-17,3.009999990463257,3.009999990463257,3.140000104904175,2.890000104904175,3.130000114440918,32600
2022-03-18,3.069999933242798,3.069999933242798,3.2160000801086426,2.9600000381469727,2.9600000381469727,49300
2022-03-21,3.0399999618530273,3.0399999618530273,3.140000104904175,2.940000057220459,3.069999933242798,104500
2022-03-22,3.059999942779541,3.059999942779541,3.140000104904175,2.9000000953674316,3.059999942779541,36800
2022-03-23,2.9000000953674316,2.9000000953674316,3.0799999237060547,2.805000066757202,2.9600000381469727,52600
2022-03-24,2.9800000190734863,2.9800000190734863,3.0799999237060547,2.8499999046325684,2.9000000953674316,52400
2022-03-25,3.009999990463257,3.009999990463257,3.068000078201294,2.7699999809265137,3.0,54100
2022-03-28,2.859999895095825,2.859999895095825,3.0269999504089355,2.7899999618530273,2.9800000190734863,34000
2022-03-29,2.8299999237060547,2.8299999237060547,3.015000104904175,2.75,2.934999942779541,46800
2022-03-30,2.9000000953674316,2.9000000953674316,2.940000057220459,2.8399999141693115,2.8399999141693115,129800
2022-03-31,2.9700000286102295,2.9700000286102295,3.0999999046325684,2.7829999923706055,2.869999885559082,120100
2022-04-01,3.0,3.0,3.2699999809265137,2.88700008392334,3.0,79000
2022-04-04,2.950000047683716,2.950000047683716,3.1010000705718994,2.8499999046325684,3.0299999713897705,83500
2022-04-05,2.9000000953674316,2.9000000953674316,2.9700000286102295,2.8499999046325684,2.950000047683716,115600
2022-04-06,2.7300000190734863,2.7300000190734863,2.884999990463257,2.6600000858306885,2.884999990463257,49500
2022-04-07,2.559999942779541,2.559999942779541,2.799999952316284,2.509999990463257,2.7300000190734863,44300
2022-04-08,2.609999895095825,2.609999895095825,2.7909998893737793,2.5,2.5799999237060547,102500
2022-04-11,2.569999933242798,2.569999933242798,2.7200000286102295,2.5,2.609999895095825,66800
2022-04-12,2.5199999809265137,2.5199999809265137,2.6700000762939453,2.5199999809265137,2.569999933242798,289100
2022-04-13,2.5899999141693115,2.5899999141693115,2.7799999713897705,2.549999952316284,2.615000009536743,75800
2022-04-14,2.569999933242798,2.569999933242798,2.7300000190734863,2.5399999618530273,2.6700000762939453,37300
2022-04-18,2.2950000762939453,2.2950000762939453,2.490000009536743,2.2950000762939453,2.490000009536743,48000
2022-04-19,2.3299999237060547,2.3299999237060547,2.369999885559082,2.2799999713897705,2.299999952316284,43900
2022-04-20,2.309999942779541,2.309999942779541,2.369999885559082,2.259999990463257,2.3499999046325684,54600
2022-04-21,2.2200000286102295,2.2200000286102295,2.6500000953674316,2.200000047683716,2.3399999141693115,36700
2022-04-22,2.1700000762939453,2.1700000762939453,2.200000047683716,2.0799999237060547,2.180000066757202,42400
2022-04-25,2.2699999809265137,2.2699999809265137,2.5999999046325684,2.0799999237060547,2.5999999046325684,99200
2022-04-26,2.0999999046325684,2.0999999046325684,2.25,2.0799999237060547,2.2200000286102295,283200
2022-04-27,1.909999966621399,1.909999966621399,2.130000114440918,1.850000023841858,2.0999999046325684,74900
2022-04-28,1.6100000143051147,1.6100000143051147,1.850000023841858,1.5,1.850000023841858,380400
2022-04-29,1.600000023841858,1.600000023841858,1.6200000047683716,1.5499999523162842,1.5499999523162842,80600
2022-05-02,1.659999966621399,1.659999966621399,1.7100000381469727,1.5700000524520874,1.6100000143051147,153800
2022-05-03,1.6399999856948853,1.6399999856948853,1.690000057220459,1.5800000429153442,1.659999966621399,51900
2022-05-04,1.7300000190734863,1.7300000190734863,1.7400000095367432,1.590000033378601,1.659999966621399,64100
2022-05-05,1.6399999856948853,1.6399999856948853,1.75,1.6100000143051147,1.7100000381469727,38600
2022-05-06,1.5700000524520874,1.5700000524520874,1.6649999618530273,1.5499999523162842,1.659999966621399,65600
2022-05-09,1.5499999523162842,1.5499999523162842,1.590000033378601,1.5099999904632568,1.5800000429153442,39500
2022-05-10,1.6200000047683716,1.6200000047683716,1.6699999570846558,1.5499999523162842,1.5700000524520874,145600
2022-05-11,1.5,1.5,1.6100000143051147,1.4900000095367432,1.6100000143051147,239900
2022-05-12,1.559999942779541,1.559999942779541,1.6799999475479126,1.4900000095367432,1.4900000095367432,49400
2022-05-13,1.5099999904632568,1.5099999904632568,1.690000057220459,1.5099999904632568,1.690000057220459,32900
2022-05-16,1.5,1.5,1.5399999618530273,1.4700000286102295,1.4700000286102295,49500
2022-05-17,1.5700000524520874,1.5700000524520874,1.7799999713897705,1.4950000047683716,1.5299999713897705,127900
2022-05-18,1.6100000143051147,1.6100000143051147,1.649999976158142,1.4900000095367432,1.5299999713897705,54900
2022-05-19,1.6200000047683716,1.6200000047683716,1.7400000095367432,1.559999942779541,1.659999966621399,55400
2022-05-20,1.5,1.5,1.6399999856948853,1.4500000476837158,1.6399999856948853,122500
2022-05-23,1.5700000524520874,1.5700000524520874,1.5789999961853027,1.5299999713897705,1.5499999523162842,47600
2022-05-24,1.5299999713897705,1.5299999713897705,1.5499999523162842,1.5299999713897705,1.5299999713897705,26800
2022-05-25,1.5199999809265137,1.5199999809265137,1.559999942779541,1.4600000381469727,1.5199999809265137,999600
2022-05-26,1.5499999523162842,1.5499999523162842,1.6799999475479126,1.5299999713897705,1.5399999618530273,380400
2022-05-27,1.649999976158142,1.649999976158142,1.659999966621399,1.5099999904632568,1.5299999713897705,1374800
2022-05-31,1.7300000190734863,1.7300000190734863,1.7599999904632568,1.6200000047683716,1.6200000047683716,416800
2022-06-01,1.659999966621399,1.659999966621399,1.75,1.6150000095367432,1.7300000190734863,161600
2022-06-02,1.649999976158142,1.649999976158142,1.6799999475479126,1.600000023841858,1.6799999475479126,89200
2022-06-03,1.7699999809265137,1.7699999809265137,1.7899999618530273,1.600000023841858,1.600000023841858,590700
2022-06-06,1.75,1.75,1.8300000429153442,1.7000000476837158,1.7599999904632568,182200
2022-06-07,1.9299999475479126,1.9299999475479126,1.9800000190734863,1.690000057220459,1.7100000381469727,232400
2022-06-08,1.9800000190734863,1.9800000190734863,1.9900000095367432,1.8200000524520874,1.9390000104904175,78800
2022-06-09,2.069999933242798,2.069999933242798,2.119999885559082,2.0,2.009999990463257,189300
2022-06-10,2.0999999046325684,2.0999999046325684,2.2100000381469727,2.0,2.0199999809265137,309200
2022-06-13,2.069999933242798,2.069999933242798,2.119999885559082,2.009999990463257,2.0899999141693115,61800
2022-06-14,1.9199999570846558,1.9199999570846558,2.049999952316284,1.8890000581741333,2.049999952316284,55400
2022-06-15,1.909999966621399,1.909999966621399,1.9199999570846558,1.850000023841858,1.8899999856948853,31100
2022-06-16,1.8200000524520874,1.8200000524520874,1.8300000429153442,1.7100000381469727,1.7999999523162842,41700
2022-06-17,1.9199999570846558,1.9199999570846558,1.9700000286102295,1.809999942779541,1.840000033378601,63200
2022-06-21,1.940000057220459,1.940000057220459,1.9900000095367432,1.850000023841858,1.850000023841858,425200
2022-06-22,2.0799999237060547,2.0799999237060547,2.2200000286102295,1.9700000286102295,1.9700000286102295,96100
2022-06-23,2.2699999809265137,2.2699999809265137,2.2699999809265137,2.0399999618530273,2.1500000953674316,68300
2022-06-24,2.2699999809265137,2.2699999809265137,2.390000104904175,2.180000066757202,2.299999952316284,1468800
2022-06-27,2.2799999713897705,2.2799999713897705,2.3510000705718994,2.049999952316284,2.3499999046325684,173600
2022-06-28,2.4000000953674316,2.4000000953674316,2.4800000190734863,2.190000057220459,2.190000057220459,96300
2022-06-29,2.4000000953674316,2.4000000953674316,2.4600000381469727,2.319999933242798,2.430000066757202,20800
2022-06-30,2.4800000190734863,2.4800000190734863,2.4800000190734863,2.059999942779541,2.359999895095825,46100
2022-07-01,2.690000057220459,2.690000057220459,2.700000047683716,2.4600000381469727,2.4600000381469727,111600
2022-07-05,2.430000066757202,2.430000066757202,2.700000047683716,2.430000066757202,2.6700000762939453,79200
2022-07-06,2.359999895095825,2.359999895095825,2.509999990463257,2.359999895095825,2.390000104904175,21100
2022-07-07,2.609999895095825,2.609999895095825,2.6700000762939453,2.3499999046325684,2.6700000762939453,130100
2022-07-08,2.6600000858306885,2.6600000858306885,2.700000047683716,2.5899999141693115,2.5899999141693115,21800
2022-07-11,2.7100000381469727,2.7100000381469727,2.7300000190734863,2.640000104904175,2.680000066757202,23200
2022-07-12,2.7799999713897705,2.7799999713897705,2.950000047683716,2.559999942779541,2.7100000381469727,48800
2022-07-13,2.5999999046325684,2.5999999046325684,2.819999933242798,2.5799999237060547,2.640000104904175,51900
2022-07-14,2.559999942779541,2.559999942779541,2.684999942779541,2.4700000286102295,2.559999942779541,51700
2022-07-15,2.5399999618530273,2.5399999618530273,2.75,2.365000009536743,2.5899999141693115,21300
2022-07-18,2.559999942779541,2.559999942779541,2.7200000286102295,2.2909998893737793,2.569999933242798,30000
2022-07-19,2.569999933242798,2.569999933242798,2.619999885559082,2.5,2.559999942779541,13000
2022-07-20,2.390000104904175,2.390000104904175,2.690000057220459,2.309999942779541,2.3399999141693115,49600
2022-07-21,2.200000047683716,2.200000047683716,2.4200000762939453,2.119999885559082,2.4200000762939453,87600
2022-07-22,2.25,2.25,2.25,2.009999990463257,2.200000047683716,145000
2022-07-25,2.1600000858306885,2.1600000858306885,2.2009999752044678,2.059999942779541,2.200000047683716,42100
2022-07-26,2.130000114440918,2.130000114440918,2.140000104904175,2.049999952316284,2.0799999237060547,17400
2022-07-27,2.130000114440918,2.130000114440918,2.184999942779541,2.0299999713897705,2.184999942779541,19100
2022-07-28,2.2200000286102295,2.2200000286102295,2.380000114440918,2.005000114440918,2.0369999408721924,84100
2022-07-29,2.130000114440918,2.130000114440918,2.259999990463257,2.0999999046325684,2.2200000286102295,25800
2022-08-01,1.9600000381469727,1.9600000381469727,2.190000057220459,1.9299999475479126,2.190000057220459,71400
2022-08-02,1.8700000047683716,1.8700000047683716,1.9700000286102295,1.7899999618530273,1.9600000381469727,75200
2022-08-03,1.909999966621399,1.909999966621399,1.9769999980926514,1.809999942779541,1.8700000047683716,88900
2022-08-04,2.140000104904175,2.140000104904175,2.1600000858306885,1.9199999570846558,1.9199999570846558,87200
2022-08-05,2.1700000762939453,2.1700000762939453,2.190000057220459,2.0899999141693115,2.130000114440918,62500
2022-08-08,2.0999999046325684,2.0999999046325684,2.380000114440918,2.059999942779541,2.25,151900
2022-08-09,2.049999952316284,2.049999952316284,2.2100000381469727,1.9700000286102295,2.2100000381469727,60300
2022-08-10,2.25,2.25,2.259999990463257,2.069999933242798,2.069999933242798,115000
2022-08-11,2.4100000858306885,2.4100000858306885,2.446000099182129,2.25,2.25,72300
2022-08-12,3.0199999809265137,3.0199999809265137,3.5999999046325684,2.4600000381469727,2.4600000381469727,5599200
2022-08-15,4.400000095367432,4.400000095367432,5.5,2.9100000858306885,2.9600000381469727,7428600
2022-08-16,4.980000019073486,4.980000019073486,5.130000114440918,3.950000047683716,4.400000095367432,1006200
2022-08-17,4.619999885559082,4.619999885559082,5.150000095367432,4.539999961853027,5.019999980926514,277100
2022-08-18,4.599999904632568,4.599999904632568,4.710000038146973,4.328000068664551,4.650000095367432,215800
2022-08-19,4.539999961853027,4.539999961853027,4.769999980926514,4.389999866485596,4.610000133514404,116700
2022-08-22,4.010000228881836,4.010000228881836,4.420000076293945,3.9800000190734863,4.420000076293945,308900
2022-08-23,4.099999904632568,4.099999904632568,4.349999904632568,3.9649999141693115,4.03000020980835,125400
2022-08-24,4.570000171661377,4.570000171661377,4.679999828338623,4.010000228881836,4.099999904632568,131000
2022-08-25,4.409999847412109,4.409999847412109,4.820000171661377,4.065000057220459,4.699999809265137,197100
2022-08-26,4.510000228881836,4.510000228881836,4.715000152587891,4.159999847412109,4.329999923706055,78900
2022-08-29,4.25,4.25,4.534999847412109,4.110000133514404,4.5,42600
2022-08-30,3.940000057220459,3.940000057220459,4.25,3.864000082015991,4.25,57500
2022-08-31,3.9000000953674316,3.9000000953674316,4.3470001220703125,3.7899999618530273,3.9800000190734863,146000
2022-09-01,3.8399999141693115,3.8399999141693115,4.03000020980835,3.7100000381469727,3.869999885559082,120900
2022-09-02,3.7100000381469727,3.7100000381469727,3.880000114440918,3.619999885559082,3.880000114440918,32200
2022-09-06,3.859999895095825,3.859999895095825,4.059999942779541,3.569999933242798,3.7699999809265137,64000
2022-09-07,3.799999952316284,3.799999952316284,3.859999895095825,3.5999999046325684,3.8299999237060547,1367900
2022-09-08,4.360000133514404,4.360000133514404,4.710000038146973,3.7799999713897705,3.7799999713897705,272700
2022-09-09,5.269999980926514,5.269999980926514,5.670000076293945,4.710000038146973,4.71999979019165,491100
2022-09-12,5.699999809265137,5.699999809265137,6.179999828338623,5.090000152587891,5.150000095367432,423600
2022-09-13,6.349999904632568,6.349999904632568,6.5,5.460000038146973,5.460000038146973,273300
2022-09-14,6.25,6.25,6.960000038146973,5.889999866485596,6.400000095367432,618800
2022-09-15,6.420000076293945,6.420000076293945,6.800000190734863,5.920000076293945,6.090000152587891,329900
2022-09-16,6.139999866485596,6.139999866485596,6.5,5.75,6.409999847412109,526800
2022-09-19,6.019999980926514,6.019999980926514,6.690000057220459,5.840000152587891,6.0,120900
2022-09-20,6.099999904632568,6.099999904632568,6.230000019073486,5.760000228881836,6.0,148400
2022-09-21,5.659999847412109,5.659999847412109,6.139999866485596,5.599999904632568,6.139999866485596,103100
2022-09-22,4.889999866485596,4.889999866485596,5.650000095367432,4.840000152587891,5.650000095367432,244100
2022-09-23,5.159999847412109,5.159999847412109,5.388999938964844,4.619999885559082,4.869999885559082,248500
2022-09-26,4.75,4.75,5.328999996185303,4.71999979019165,5.050000190734863,140400
2022-09-27,4.920000076293945,4.920000076293945,5.118000030517578,4.679999828338623,4.840000152587891,63100
2022-09-28,5.599999904632568,5.599999904632568,5.980000019073486,5.199999809265137,5.199999809265137,169900
2022-09-29,5.730000019073486,5.730000019073486,5.789999961853027,5.320000171661377,5.590000152587891,103200
2022-09-30,5.889999866485596,5.889999866485596,5.980000019073486,5.550000190734863,5.690000057220459,83500
2022-10-03,6.349999904632568,6.349999904632568,6.460000038146973,5.6020002365112305,6.150000095367432,238000
2022-10-04,6.519999980926514,6.519999980926514,7.0,6.074999809265137,6.570000171661377,284600
2022-10-05,6.679999828338623,6.679999828338623,6.809999942779541,6.105000019073486,6.449999809265137,162400
2022-10-06,6.309999942779541,6.309999942779541,6.989999771118164,6.010000228881836,6.590000152587891,383800
2022-10-07,6.090000152587891,6.090000152587891,6.429999828338623,6.010000228881836,6.260000228881836,78800
2022-10-10,5.599999904632568,5.599999904632568,6.079999923706055,5.570000171661377,5.960000038146973,89700
2022-10-11,6.349999904632568,6.349999904632568,6.409999847412109,5.389999866485596,5.690000057220459,179300
2022-10-12,6.599999904632568,6.599999904632568,6.650000095367432,6.070000171661377,6.349999904632568,75800
2022-10-13,7.050000190734863,7.050000190734863,7.070000171661377,6.329999923706055,6.579999923706055,136800
2022-10-14,6.809999942779541,6.809999942779541,7.130000114440918,6.539999961853027,7.079999923706055,60200
2022-10-17,7.199999809265137,7.199999809265137,7.230000019073486,6.829999923706055,6.900000095367432,112500
2022-10-18,7.03000020980835,7.03000020980835,7.5,6.949999809265137,7.269999980926514,98000
2022-10-19,6.610000133514404,6.610000133514404,7.170000076293945,6.230000019073486,6.920000076293945,75400
2022-10-20,6.800000190734863,6.800000190734863,6.90500020980835,6.170000076293945,6.670000076293945,68800
2022-10-21,6.78000020980835,6.78000020980835,7.199999809265137,6.489999771118164,6.869999885559082,142000
2022-10-24,6.630000114440918,6.630000114440918,6.934999942779541,6.23199987411499,6.730000019073486,45500
2022-10-25,6.909999847412109,6.909999847412109,7.199999809265137,6.670000076293945,6.670000076293945,55700
2022-10-26,6.590000152587891,6.590000152587891,7.179999828338623,6.590000152587891,6.940000057220459,68400
2022-10-27,6.53000020980835,6.53000020980835,6.824999809265137,6.440000057220459,6.699999809265137,64100
2022-10-28,6.809999942779541,6.809999942779541,6.860000133514404,6.389999866485596,6.619999885559082,59300
2022-10-31,6.909999847412109,6.909999847412109,7.15500020980835,6.739999771118164,6.75,69900
2022-11-01,7.440000057220459,7.440000057220459,7.480000019073486,6.925000190734863,7.039999961853027,89400
2022-11-02,7.170000076293945,7.170000076293945,7.599999904632568,6.90500020980835,7.429999828338623,81000
2022-11-03,7.239999771118164,7.239999771118164,7.730000019073486,7.039999961853027,7.360000133514404,116100
2022-11-04,7.170000076293945,7.170000076293945,7.599999904632568,6.9679999351501465,7.599999904632568,116200
2022-11-07,6.78000020980835,6.78000020980835,7.599999904632568,6.510000228881836,7.519999980926514,76700
2022-11-08,6.300000190734863,6.300000190734863,6.800000190734863,6.199999809265137,6.800000190734863,84100
2022-11-09,5.789999961853027,5.789999961853027,6.300000190734863,5.650000095367432,6.300000190734863,45000
2022-11-10,4.849999904632568,4.849999904632568,6.239999771118164,4.71999979019165,5.670000076293945,149800
2022-11-11,4.949999809265137,4.949999809265137,5.120999813079834,4.605000019073486,4.760000228881836,97100
2022-11-14,4.619999885559082,4.619999885559082,5.039999961853027,4.53000020980835,4.96999979019165,65300
2022-11-15,4.710000038146973,4.710000038146973,4.909999847412109,4.53000020980835,4.699999809265137,70800
2022-11-16,4.920000076293945,4.920000076293945,5.070000171661377,4.380000114440918,4.610000133514404,76100
2022-11-17,4.760000228881836,4.760000228881836,4.980000019073486,4.65500020980835,4.980000019073486,80800
2022-11-18,5.070000171661377,5.070000171661377,5.190000057220459,4.614999771118164,4.769999980926514,78500
2022-11-21,5.440000057220459,5.440000057220459,5.690000057220459,5.050000190734863,5.050000190734863,58100
2022-11-22,5.679999828338623,5.679999828338623,5.869999885559082,5.195000171661377,5.489999771118164,45900
2022-11-23,5.610000133514404,5.610000133514404,6.400000095367432,5.400000095367432,5.659999847412109,1587500
2022-11-25,6.03000020980835,6.03000020980835,6.139999866485596,5.659999847412109,5.900000095367432,28700
2022-11-28,6.489999771118164,6.489999771118164,7.190000057220459,5.949999809265137,6.010000228881836,4296900
2022-11-29,6.300000190734863,6.300000190734863,6.71999979019165,6.199999809265137,6.389999866485596,135200
2022-11-30,7.769999980926514,7.769999980926514,7.769999980926514,6.210000038146973,6.440000057220459,730700
2022-12-01,6.96999979019165,6.96999979019165,7.809999942779541,6.420000076293945,7.78000020980835,221800
2022-12-02,6.409999847412109,6.409999847412109,6.829999923706055,6.135000228881836,6.789999961853027,126900
2022-12-05,6.090000152587891,6.090000152587891,6.5320000648498535,5.980000019073486,6.349999904632568,87700
2022-12-06,5.860000133514404,5.860000133514404,6.380000114440918,5.849999904632568,5.940000057220459,141900
2022-12-07,5.659999847412109,5.659999847412109,6.090000152587891,5.539999961853027,5.889999866485596,130600
2022-12-08,5.659999847412109,5.659999847412109,5.829999923706055,5.400000095367432,5.710000038146973,69900
2022-12-09,5.53000020980835,5.53000020980835,5.96999979019165,5.510000228881836,5.619999885559082,54600
2022-12-12,5.639999866485596,5.639999866485596,5.829999923706055,5.375,5.449999809265137,29000
2022-12-13,6.179999828338623,6.179999828338623,6.28000020980835,5.525000095367432,5.840000152587891,59000
2022-12-14,6.539999961853027,6.539999961853027,6.732999801635742,5.920000076293945,6.179999828338623,115500
2022-12-15,6.820000171661377,6.820000171661377,6.860000133514404,5.801000118255615,6.300000190734863,112800
2022-12-16,6.869999885559082,6.869999885559082,6.869999885559082,6.551000118255615,6.670000076293945,205800
2022-12-19,8.949999809265137,8.949999809265137,10.0600004196167,8.649999618530273,9.0,2223400
2022-12-20,8.449999809265137,8.449999809265137,8.899999618530273,7.230000019073486,8.359999656677246,504100
2022-12-21,8.520000457763672,8.520000457763672,8.739999771118164,7.650000095367432,7.670000076293945,1651700
2022-12-22,8.890000343322754,8.890000343322754,9.420000076293945,8.40999984741211,8.449999809265137,777300
2022-12-23,8.25,8.25,8.944999694824219,7.829999923706055,8.869999885559082,204900
2022-12-27,8.930000305175781,8.930000305175781,9.25,8.300000190734863,8.460000038146973,324400
2022-12-28,9.170000076293945,9.170000076293945,9.255000114440918,8.8100004196167,8.8100004196167,276800
2022-12-29,9.510000228881836,9.510000228881836,9.770000457763672,8.920000076293945,9.25,431200
2022-12-30,10.180000305175781,10.180000305175781,10.25,9.581000328063965,9.609999656677246,306600
2023-01-03,8.779999732971191,8.779999732971191,10.670000076293945,8.65999984741211,10.430000305175781,334400
2023-01-04,8.65999984741211,8.65999984741211,9.3100004196167,8.279999732971191,8.710000038146973,283900
2023-01-05,8.479999542236328,8.479999542236328,8.805000305175781,8.180000305175781,8.489999771118164,106200
2023-01-06,9.130000114440918,9.130000114440918,9.319999694824219,8.199999809265137,8.550000190734863,160400
2023-01-09,9.289999961853027,9.289999961853027,9.604999542236328,9.020000457763672,9.170000076293945,161200
2023-01-10,8.819999694824219,8.819999694824219,9.609999656677246,8.494000434875488,9.350000381469727,211300
2023-01-11,8.270000457763672,8.270000457763672,8.800000190734863,7.840000152587891,8.800000190734863,187200
2023-01-12,9.0,9.0,9.375,8.300000190734863,8.300000190734863,165100
2023-01-13,9.039999961853027,9.039999961853027,9.380000114440918,8.6899995803833,8.869999885559082,140400
2023-01-17,8.899999618530273,8.899999618530273,9.279999732971191,8.65999984741211,8.970000267028809,109300
2023-01-18,8.369999885559082,8.369999885559082,9.109999656677246,8.050000190734863,8.9399995803833,167700
2023-01-19,8.359999656677246,8.359999656677246,8.59000015258789,8.229999542236328,8.329999923706055,72600
2023-01-20,8.399999618530273,8.399999618530273,8.479999542236328,8.149999618530273,8.329999923706055,120600
2023-01-23,8.279999732971191,8.279999732971191,8.645000457763672,8.100000381469727,8.4399995803833,109100
2023-01-24,8.619999885559082,8.619999885559082,8.819999694824219,8.039999961853027,8.279999732971191,123000
2023-01-25,8.289999961853027,8.289999961853027,8.649999618530273,8.010000228881836,8.600000381469727,189900
2023-01-26,8.050000190734863,8.050000190734863,9.048999786376953,7.889999866485596,8.789999961853027,70400
2023-01-27,7.909999847412109,7.909999847412109,8.149999618530273,7.679999828338623,8.010000228881836,107900
2023-01-30,8.100000381469727,8.100000381469727,8.204999923706055,7.860000133514404,7.900000095367432,60300
2023-01-31,9.069999694824219,9.069999694824219,9.1899995803833,7.420000076293945,7.420000076293945,286100
2023-02-01,8.9399995803833,8.9399995803833,9.225000381469727,8.729999542236328,8.979999542236328,310800
2023-02-02,9.40999984741211,9.40999984741211,9.4399995803833,8.75,8.75,124200
2023-02-03,9.529999732971191,9.529999732971191,9.850000381469727,9.3100004196167,9.460000038146973,1789900
2023-02-06,9.800000190734863,9.800000190734863,10.220000267028809,9.369999885559082,9.369999885559082,241800
2023-02-07,9.970000267028809,9.970000267028809,10.670000076293945,9.75,10.670000076293945,252900
2023-02-08,9.880000114440918,9.880000114440918,10.074999809265137,9.760000228881836,9.789999961853027,104200
2023-02-09,9.460000038146973,9.460000038146973,10.039999961853027,9.399999618530273,9.859999656677246,224700
2023-02-10,9.829999923706055,9.829999923706055,9.989999771118164,9.324999809265137,9.350000381469727,137300
2023-02-13,9.399999618530273,9.399999618530273,9.979999542236328,9.329999923706055,9.850000381469727,96700
2023-02-14,9.479999542236328,9.479999542236328,9.979999542236328,9.1899995803833,9.869999885559082,633800
2023-02-15,10.300000190734863,10.300000190734863,10.5,9.343000411987305,9.479999542236328,261000
2023-02-16,10.399999618530273,10.399999618530273,11.4399995803833,10.15999984741211,10.300000190734863,473700
2023-02-17,10.600000381469727,10.600000381469727,11.4399995803833,10.40999984741211,10.5,834500
2023-02-21,10.699999809265137,10.699999809265137,11.178999900817871,10.5,10.600000381469727,276200
2023-02-22,10.100000381469727,10.100000381469727,10.800000190734863,9.460000038146973,10.649999618530273,1814300
2023-02-23,10.84000015258789,10.84000015258789,11.020000457763672,9.939000129699707,10.079999923706055,158200
2023-02-24,10.510000228881836,10.510000228881836,10.739999771118164,10.239999771118164,10.739999771118164,135800
2023-02-27,10.510000228881836,10.510000228881836,10.855999946594238,10.354999542236328,10.779999732971191,163500
2023-02-28,10.130000114440918,10.130000114440918,10.680000305175781,9.510000228881836,10.609999656677246,219100
2023-03-01,10.430000305175781,10.430000305175781,10.739999771118164,9.979999542236328,10.029999732971191,124200
2023-03-02,10.0,10.0,10.505000114440918,9.920000076293945,10.3100004196167,285700
2023-03-03,10.1899995803833,10.1899995803833,10.522000312805176,9.869999885559082,10.069999694824219,196500
2023-03-06,10.510000228881836,10.510000228881836,10.619999885559082,9.970000267028809,10.199999809265137,281200
2023-03-07,10.569999694824219,10.569999694824219,10.800000190734863,10.520000457763672,10.539999961853027,169500
2023-03-08,10.5,10.5,10.84000015258789,10.34000015258789,10.630000114440918,171200
2023-03-09,9.850000381469727,9.850000381469727,10.609999656677246,9.739999771118164,10.390000343322754,228200
2023-03-10,9.119999885559082,9.119999885559082,10.0600004196167,8.819999694824219,9.680000305175781,422600
2023-03-13,9.369999885559082,9.369999885559082,9.859999656677246,8.920000076293945,8.920000076293945,168200
2023-03-14,9.649999618530273,9.649999618530273,9.819999694824219,9.34000015258789,9.640000343322754,201400
2023-03-15,9.210000038146973,9.210000038146973,9.5600004196167,9.119999885559082,9.5600004196167,143500
2023-03-16,9.930000305175781,9.930000305175781,10.114999771118164,9.029999732971191,9.039999961853027,262600
2023-03-17,10.09000015258789,10.09000015258789,10.359999656677246,9.8100004196167,9.930000305175781,992100
2023-03-20,9.880000114440918,9.880000114440918,10.420000076293945,9.6899995803833,10.149999618530273,287000
2023-03-21,9.029999732971191,9.029999732971191,9.920000076293945,8.920000076293945,9.899999618530273,200000
2023-03-22,8.8100004196167,8.8100004196167,9.265000343322754,8.760000228881836,8.960000038146973,166200
2023-03-23,9.100000381469727,9.100000381469727,9.199999809265137,8.5649995803833,8.920000076293945,166000
2023-03-24,8.920000076293945,8.920000076293945,9.220000267028809,8.789999961853027,9.130000114440918,120300
2023-03-27,9.4399995803833,9.4399995803833,9.550000190734863,8.899999618530273,9.069999694824219,225300
2023-03-28,10.6899995803833,10.6899995803833,11.399999618530273,9.71500015258789,10.029999732971191,1507400
2023-03-29,12.0,12.0,12.420000076293945,10.6899995803833,10.6899995803833,1469400
2023-03-30,11.75,11.75,12.239999771118164,11.449999809265137,11.989999771118164,556100
2023-03-31,11.84000015258789,11.84000015258789,12.0600004196167,11.630000114440918,11.75,1194400
2023-04-03,11.619999885559082,11.619999885559082,11.979999542236328,11.569999694824219,11.699999809265137,271300
2023-04-04,11.5,11.5,11.569999694824219,11.34000015258789,11.5,216100
2023-04-05,11.029999732971191,11.029999732971191,11.569999694824219,10.75,11.479999542236328,257000
2023-04-06,11.520000457763672,11.520000457763672,11.65999984741211,10.619999885559082,11.069999694824219,349800
2023-04-10,11.949999809265137,11.949999809265137,12.020000457763672,11.335000038146973,11.539999961853027,259300
2023-04-11,11.75,11.75,12.057999610900879,11.550000190734863,12.0,204300
2023-04-12,12.15999984741211,12.15999984741211,12.229999542236328,11.630000114440918,11.819999694824219,340600
2023-04-13,11.779999732971191,11.779999732971191,12.357999801635742,11.75,12.270000457763672,251800
2023-04-14,11.510000228881836,11.510000228881836,12.09000015258789,11.444999694824219,11.8100004196167,307300
2023-04-17,11.90999984741211,11.90999984741211,12.770000457763672,11.539999961853027,11.569999694824219,508900
2023-04-18,12.09000015258789,12.09000015258789,12.729999542236328,11.84000015258789,11.979999542236328,516600
2023-04-19,13.1899995803833,13.1899995803833,13.270000457763672,12.029999732971191,12.029999732971191,324400
2023-04-20,13.289999961853027,13.289999961853027,14.043999671936035,12.890000343322754,13.199999809265137,387300
2023-04-21,13.25,13.25,13.545000076293945,12.760000228881836,13.399999618530273,624100
2023-04-24,13.229999542236328,13.229999542236328,13.300000190734863,12.579999923706055,13.25,252400
2023-04-25,12.529999732971191,12.529999732971191,13.375,12.25,13.25,227900
2023-04-26,12.6899995803833,12.6899995803833,12.829999923706055,12.147000312805176,12.59000015258789,180700
2023-04-27,12.84000015258789,12.84000015258789,12.970000267028809,12.232000350952148,12.770000457763672,276800
2023-04-28,13.050000190734863,13.050000190734863,13.149999618530273,12.739999771118164,12.84000015258789,551400
2023-05-01,12.930000305175781,12.930000305175781,13.303000450134277,12.6899995803833,13.0,223900
2023-05-02,12.100000381469727,12.100000381469727,13.029999732971191,12.050000190734863,13.010000228881836,209600
2023-05-03,12.899999618530273,12.899999618530273,13.149999618530273,12.0600004196167,12.119999885559082,258700
2023-05-04,12.569999694824219,12.569999694824219,12.9399995803833,12.229999542236328,12.9399995803833,157000
2023-05-05,12.460000038146973,12.460000038146973,12.744999885559082,12.359999656677246,12.5600004196167,590800
2023-05-08,13.149999618530273,13.149999618530273,13.510000228881836,12.649999618530273,13.239999771118164,756800
2023-05-09,13.0,13.0,13.180000305175781,12.84000015258789,13.09000015258789,311900
2023-05-10,13.0,13.0,13.25,12.75,13.050000190734863,413500
2023-05-11,12.619999885559082,12.619999885559082,13.012999534606934,12.460000038146973,12.9399995803833,417900
2023-05-12,12.65999984741211,12.65999984741211,12.984999656677246,12.520000457763672,12.619999885559082,237100
2023-05-15,11.869999885559082,11.869999885559082,13.225000381469727,11.84000015258789,12.670000076293945,603900
2023-05-16,10.739999771118164,10.739999771118164,12.630000114440918,10.180000305175781,12.239999771118164,789100
2023-05-17,10.329999923706055,10.329999923706055,10.720000267028809,9.835000038146973,10.720000267028809,795700
2023-05-18,10.039999961853027,10.039999961853027,11.0,9.720000267028809,10.229999542236328,505000
2023-05-19,10.09000015258789,10.09000015258789,10.425000190734863,10.010000228881836,10.079999923706055,380100
2023-05-22,11.279999732971191,11.279999732971191,11.630000114440918,10.09000015258789,10.09000015258789,1035600
2023-05-23,11.970000267028809,11.970000267028809,12.65999984741211,11.279999732971191,11.279999732971191,660800
2023-05-24,11.829999923706055,11.829999923706055,11.970000267028809,11.069999694824219,11.970000267028809,651100
2023-05-25,11.329999923706055,11.329999923706055,11.770000457763672,11.020000457763672,11.770000457763672,496900
2023-05-26,10.850000381469727,10.850000381469727,11.680000305175781,10.725000381469727,11.520000457763672,342000
2023-05-30,10.5600004196167,10.5600004196167,11.21500015258789,10.390000343322754,10.880000114440918,408700
2023-05-31,10.609999656677246,10.609999656677246,11.369999885559082,10.460000038146973,10.899999618530273,1323400
2023-06-01,11.300000190734863,11.300000190734863,11.460000038146973,10.329999923706055,10.59000015258789,502900
2023-06-02,11.600000381469727,11.600000381469727,11.975000381469727,11.390000343322754,11.40999984741211,375800
2023-06-05,12.199999809265137,12.199999809265137,12.550000190734863,11.670000076293945,11.850000381469727,454700
2023-06-06,11.630000114440918,11.630000114440918,12.180000305175781,11.4399995803833,12.119999885559082,363500
2023-06-07,11.869999885559082,11.869999885559082,12.35099983215332,11.704999923706055,12.1899995803833,394800
2023-06-08,12.479999542236328,12.479999542236328,12.569999694824219,11.770000457763672,11.880000114440918,697600
2023-06-09,11.979999542236328,11.979999542236328,12.5,11.925000190734863,12.5,395000
2023-06-12,12.050000190734863,12.050000190734863,12.524999618530273,11.920000076293945,11.930000305175781,438700
2023-06-13,12.289999961853027,12.289999961853027,12.720000267028809,11.899999618530273,12.109999656677246,819700
2023-06-14,11.770000457763672,11.770000457763672,12.920000076293945,11.350000381469727,12.1899995803833,1292900
2023-06-15,11.479999542236328,11.479999542236328,11.6899995803833,11.130000114440918,11.6899995803833,522500
2023-06-16,10.920000076293945,10.920000076293945,11.720000267028809,10.630000114440918,11.5600004196167,1213400
2023-06-20,11.739999771118164,11.739999771118164,11.75,10.100000381469727,10.710000038146973,1972400
2023-06-21,11.859999656677246,11.859999656677246,12.020000457763672,11.204999923706055,11.630000114440918,554100
2023-06-22,11.850000381469727,11.850000381469727,13.029999732971191,11.6899995803833,12.149999618530273,959100
2023-06-23,10.9399995803833,10.9399995803833,11.819000244140625,10.739999771118164,11.6899995803833,6182300
2023-06-26,9.609999656677246,9.609999656677246,10.670000076293945,9.109999656677246,10.65999984741211,1957500
2023-06-27,7.349999904632568,7.349999904632568,9.640000343322754,6.909999847412109,9.640000343322754,3666400
2023-06-28,8.704999923706055,8.704999923706055,8.760000228881836,7.130000114440918,7.630000114440918,2482700
2023-06-29,8.470000267028809,8.470000267028809,9.180000305175781,8.109999656677246,8.619999885559082,1101000
2023-06-30,8.75,8.75,9.149999618530273,8.359999656677246,8.5,2076500
2023-07-03,8.270000457763672,8.270000457763672,8.75,8.25,8.75,606600
2023-07-05,8.550000190734863,8.550000190734863,8.619999885559082,8.079999923706055,8.25,618400
2023-07-06,8.260000228881836,8.260000228881836,8.390000343322754,7.960000038146973,8.390000343322754,825200
2023-07-07,8.220000267028809,8.220000267028809,8.5,7.929999828338623,8.279999732971191,482900
2023-07-10,8.359999656677246,8.359999656677246,8.524999618530273,8.069999694824219,8.210000038146973,482600
2023-07-11,8.279999732971191,8.279999732971191,8.380000114440918,8.050000190734863,8.34000015258789,531400
2023-07-12,8.029999732971191,8.029999732971191,8.524999618530273,7.949999809265137,8.300000190734863,1233400
2023-07-13,8.180000305175781,8.180000305175781,8.300000190734863,8.0,8.109999656677246,307800
2023-07-14,8.149999618530273,8.149999618530273,8.350000381469727,7.849999904632568,8.260000228881836,602500
2023-07-17,8.0,8.0,8.460000038146973,8.0,8.220000267028809,372200
2023-07-18,7.739999771118164,7.739999771118164,8.220000267028809,7.659999847412109,8.010000228881836,650600
2023-07-19,8.140000343322754,8.140000343322754,8.170000076293945,7.679999828338623,7.800000190734863,547000
2023-07-20,8.029999732971191,8.029999732971191,8.4350004196167,7.934000015258789,8.119999885559082,873100
2023-07-21,7.869999885559082,7.869999885559082,8.239999771118164,7.828000068664551,8.0600004196167,469400
2023-07-24,7.300000190734863,7.300000190734863,8.024999618530273,7.139999866485596,7.889999866485596,540200
2023-07-25,6.880000114440918,6.880000114440918,7.5,6.760000228881836,7.260000228881836,671900
2023-07-26,7.039999961853027,7.039999961853027,7.090000152587891,6.75,6.880000114440918,673400
2023-07-27,6.849999904632568,6.849999904632568,7.230000019073486,6.800000190734863,7.090000152587891,525400
2023-07-28,6.960000038146973,6.960000038146973,7.119999885559082,6.75,6.900000095367432,587500
2023-07-31,7.21999979019165,7.21999979019165,7.300000190734863,6.789999961853027,7.059999942779541,990000
2023-08-01,7.179999828338623,7.179999828338623,7.260000228881836,6.869999885559082,7.210000038146973,538600
2023-08-02,7.210000038146973,7.210000038146973,7.21999979019165,6.980000019073486,7.090000152587891,280700
2023-08-03,7.210000038146973,7.210000038146973,7.429999828338623,7.03000020980835,7.170000076293945,473900
2023-08-04,6.71999979019165,6.71999979019165,7.099999904632568,6.51800012588501,7.079999923706055,968300
2023-08-07,6.659999847412109,6.659999847412109,6.864999771118164,6.355000019073486,6.840000152587891,495200
2023-08-08,6.989999771118164,6.989999771118164,7.070000171661377,6.690000057220459,6.760000228881836,686400
2023-08-09,6.03000020980835,6.03000020980835,7.5,5.690000057220459,7.099999904632568,2243100
2023-08-10,6.360000133514404,6.360000133514404,6.639999866485596,5.570000171661377,5.949999809265137,1131300
2023-08-11,6.710000038146973,6.710000038146973,6.840000152587891,6.28000020980835,6.320000171661377,648600
2023-08-14,6.21999979019165,6.21999979019165,6.690000057220459,6.210000038146973,6.690000057220459,567400
2023-08-15,6.210000038146973,6.210000038146973,6.315000057220459,5.909999847412109,6.199999809265137,1393900
2023-08-16,5.690000057220459,5.690000057220459,6.179999828338623,5.510000228881836,6.170000076293945,437100
2023-08-17,5.489999771118164,5.489999771118164,5.760000228881836,5.46999979019165,5.699999809265137,893000
2023-08-18,5.579999923706055,5.579999923706055,5.710000038146973,5.289999961853027,5.400000095367432,1095200
2023-08-21,5.489999771118164,5.489999771118164,5.650000095367432,5.440000057220459,5.619999885559082,425400
2023-08-22,5.53000020980835,5.53000020980835,5.605000019073486,5.489999771118164,5.510000228881836,302600
2023-08-23,5.5,5.5,5.800000190734863,5.480000019073486,5.579999923706055,377300
2023-08-24,5.570000171661377,5.570000171661377,5.670000076293945,5.329999923706055,5.5,607500
2023-08-25,5.630000114440918,5.630000114440918,5.679999828338623,5.40500020980835,5.559999942779541,376600
2023-08-28,5.619999885559082,5.619999885559082,5.730000019073486,5.5,5.659999847412109,183900
2023-08-29,5.5,5.5,5.650000095367432,5.485000133514404,5.599999904632568,183400
2023-08-30,5.480000019073486,5.480000019073486,5.579999923706055,5.400000095367432,5.480000019073486,228200
2023-08-31,5.269999980926514,5.269999980926514,5.510000228881836,5.224999904632568,5.5,411900
2023-09-01,5.369999885559082,5.369999885559082,5.389999866485596,5.28000020980835,5.300000190734863,290200
2023-09-05,5.28000020980835,5.28000020980835,5.420000076293945,5.25,5.369999885559082,278900
2023-09-06,5.130000114440918,5.130000114440918,5.309999942779541,5.050000190734863,5.309999942779541,929500
2023-09-07,5.230000019073486,5.230000019073486,5.320000171661377,5.010000228881836,5.099999904632568,331800
2023-09-08,5.599999904632568,5.599999904632568,5.630000114440918,5.199999809265137,5.25,295600
2023-09-11,5.440000057220459,5.440000057220459,5.650000095367432,5.409999847412109,5.619999885559082,214800
2023-09-12,5.260000228881836,5.260000228881836,5.46999979019165,5.230000019073486,5.400000095367432,233500
2023-09-13,5.119999885559082,5.119999885559082,5.320000171661377,5.110000133514404,5.289999961853027,319900
2023-09-14,5.159999847412109,5.159999847412109,5.309999942779541,5.059999942779541,5.150000095367432,502000
2023-09-15,5.119999885559082,5.119999885559082,5.25,5.019999980926514,5.210000038146973,636900
2023-09-18,5.25,5.25,5.300000190734863,4.980000019073486,5.130000114440918,363800
2023-09-19,5.25,5.25,5.320000171661377,5.179999828338623,5.25,299400
2023-09-20,5.119999885559082,5.119999885559082,5.315000057220459,5.039999961853027,5.260000228881836,447300
2023-09-21,5.309999942779541,5.309999942779541,5.489999771118164,4.949999809265137,5.039999961853027,613600
2023-09-22,5.170000076293945,5.170000076293945,5.389999866485596,5.090000152587891,5.309999942779541,2096900
2023-09-25,5.130000114440918,5.130000114440918,5.159999847412109,4.880000114440918,5.159999847412109,467800
2023-09-26,5.130000114440918,5.130000114440918,5.389999866485596,5.059999942779541,5.110000133514404,687400
2023-09-27,4.800000190734863,4.800000190734863,5.164999961853027,4.760000228881836,5.130000114440918,553600
2023-09-28,4.699999809265137,4.699999809265137,4.929999828338623,4.599999904632568,4.929999828338623,358700
2023-09-29,5.03000020980835,5.03000020980835,5.050000190734863,4.670000076293945,4.699999809265137,848400
2023-10-02,4.909999847412109,4.909999847412109,5.199999809265137,4.789999961853027,4.989999771118164,641000
2023-10-03,5.010000228881836,5.010000228881836,5.019999980926514,4.659999847412109,4.889999866485596,608300
2023-10-04,4.949999809265137,4.949999809265137,5.0,4.75,4.869999885559082,783800
2023-10-05,5.5,5.5,5.510000228881836,4.900000095367432,4.949999809265137,454500
2023-10-06,5.360000133514404,5.360000133514404,5.639999866485596,5.25,5.409999847412109,393600
2023-10-09,5.309999942779541,5.309999942779541,5.5,5.090000152587891,5.289999961853027,262700
2023-10-10,5.429999828338623,5.429999828338623,5.465000152587891,5.099999904632568,5.300000190734863,339300
2023-10-11,5.380000114440918,5.380000114440918,5.510000228881836,5.230000019073486,5.429999828338623,306000
2023-10-12,5.159999847412109,5.159999847412109,5.409999847412109,5.110000133514404,5.309999942779541,518300
2023-10-13,5.300000190734863,5.300000190734863,5.400000095367432,5.110000133514404,5.150000095367432,355400
2023-10-16,5.550000190734863,5.550000190734863,5.690000057220459,5.170000076293945,5.300000190734863,577900
2023-10-17,5.590000152587891,5.590000152587891,5.809999942779541,5.409999847412109,5.519999980926514,545500
2023-10-18,5.75,5.75,5.760000228881836,5.36899995803833,5.550000190734863,699000
2023-10-19,5.369999885559082,5.369999885559082,5.798999786376953,5.170000076293945,5.75,804000
2023-10-20,5.53000020980835,5.53000020980835,5.539999961853027,5.210000038146973,5.389999866485596,436000
2023-10-23,5.550000190734863,5.550000190734863,5.639999866485596,5.40500020980835,5.53000020980835,566700
2023-10-24,5.420000076293945,5.420000076293945,5.802000045776367,5.380000114440918,5.639999866485596,491100
2023-10-25,5.449999809265137,5.449999809265137,5.619999885559082,5.230000019073486,5.409999847412109,279000
2023-10-26,5.260000228881836,5.260000228881836,5.460000038146973,5.21999979019165,5.449999809265137,368800
2023-10-27,5.050000190734863,5.050000190734863,5.460999965667725,5.010000228881836,5.260000228881836,225300
2023-10-30,5.320000171661377,5.320000171661377,5.40500020980835,5.081999778747559,5.110000133514404,551500
2023-10-31,5.260000228881836,5.260000228881836,5.28000020980835,5.0,5.28000020980835,346900
2023-11-01,5.25,5.25,5.40500020980835,5.190000057220459,5.329999923706055,273400
2023-11-02,4.829999923706055,4.829999923706055,5.28000020980835,4.789999961853027,5.28000020980835,502000
2023-11-03,4.860000133514404,4.860000133514404,5.050000190734863,4.789999961853027,4.789999961853027,522000
2023-11-06,4.789999961853027,4.789999961853027,5.130000114440918,4.735000133514404,4.940000057220459,428000
2023-11-07,4.909999847412109,4.909999847412109,4.929999828338623,4.71999979019165,4.769999980926514,212200
2023-11-08,4.75,4.75,5.090000152587891,4.739999771118164,5.010000228881836,436000
2023-11-09,3.7100000381469727,3.7100000381469727,4.820000171661377,3.690000057220459,4.71999979019165,456700
2023-11-10,3.5199999809265137,3.5199999809265137,3.75,3.259999990463257,3.690000057220459,634900
2023-11-13,3.369999885559082,3.369999885559082,3.5199999809265137,3.299999952316284,3.5199999809265137,344900
2023-11-14,3.549999952316284,3.549999952316284,3.7219998836517334,3.4600000381469727,3.5199999809265137,596100
2023-11-15,3.8499999046325684,3.8499999046325684,4.099999904632568,3.509999990463257,3.509999990463257,398700
2023-11-16,3.6500000953674316,3.6500000953674316,3.8499999046325684,3.609999895095825,3.8499999046325684,273400
2023-11-17,3.7100000381469727,3.7100000381469727,3.7899999618530273,3.5999999046325684,3.7699999809265137,524400
2023-11-20,3.75,3.75,3.9800000190734863,3.680000066757202,3.7100000381469727,335000
2023-11-21,3.7699999809265137,3.7699999809265137,3.9100000858306885,3.6500000953674316,3.75,248800
2023-11-22,3.6500000953674316,3.6500000953674316,3.940000057220459,3.619999885559082,3.940000057220459,127500
2023-11-24,3.9200000762939453,3.9200000762939453,4.059999942779541,3.5899999141693115,3.5899999141693115,114600
2023-11-27,3.859999895095825,3.859999895095825,3.890000104904175,3.680000066757202,3.8499999046325684,236300
2023-11-28,4.090000152587891,4.090000152587891,4.130000114440918,3.859999895095825,3.880000114440918,221700
2023-11-29,4.159999847412109,4.159999847412109,4.349999904632568,3.9800000190734863,4.079999923706055,249400
2023-11-30,4.449999809265137,4.449999809265137,4.460000038146973,4.190000057220459,4.190000057220459,346300
2023-12-01,5.21999979019165,5.21999979019165,5.260000228881836,4.250999927520752,4.460000038146973,2340100
2023-12-04,6.070000171661377,6.070000171661377,6.940000057220459,5.659999847412109,5.75,2117000
2023-12-05,6.5,6.5,6.880000114440918,6.010000228881836,6.059999942779541,702100
2023-12-06,6.760000228881836,6.760000228881836,7.210000038146973,6.329999923706055,6.630000114440918,796400
2023-12-07,6.809999942779541,6.809999942779541,7.019999980926514,6.5,6.78000020980835,668600
2023-12-08,6.659999847412109,6.659999847412109,6.909999847412109,6.449999809265137,6.800000190734863,438600
2023-12-11,6.449999809265137,6.449999809265137,6.880000114440918,6.050000190734863,6.880000114440918,418200
2023-12-12,6.5,6.5,6.650000095367432,6.21999979019165,6.429999828338623,275900
2023-12-13,6.699999809265137,6.699999809265137,6.829999923706055,6.420000076293945,6.449999809265137,523200
2023-12-14,6.480000019073486,6.480000019073486,6.949999809265137,6.460000038146973,6.889999866485596,632900
2023-12-15,6.349999904632568,6.349999904632568,6.650000095367432,6.079999923706055,6.510000228881836,590600
2023-12-18,6.489999771118164,6.489999771118164,6.519999980926514,6.21999979019165,6.329999923706055,417100
2023-12-19,6.440000057220459,6.440000057220459,6.849999904632568,6.320000171661377,6.570000171661377,281600
2023-12-20,6.289999961853027,6.289999961853027,6.579999923706055,6.210000038146973,6.429999828338623,329800
2023-12-21,6.340000152587891,6.340000152587891,6.570000171661377,6.230000019073486,6.380000114440918,275700
2023-12-22,6.559999942779541,6.559999942779541,6.679999828338623,6.320000171661377,6.460000038146973,403300
2023-12-26,6.590000152587891,6.590000152587891,7.190000057220459,6.440000057220459,6.619999885559082,581800
2023-12-27,6.699999809265137,6.699999809265137,6.800000190734863,6.480000019073486,6.579999923706055,389900
2023-12-28,6.860000133514404,6.860000133514404,7.056000232696533,6.670000076293945,6.739999771118164,489300
2023-12-29,6.489999771118164,6.489999771118164,7.0879998207092285,6.480000019073486,7.0879998207092285,263900
2024-01-02,6.480000019073486,6.480000019073486,6.820000171661377,6.320000171661377,6.460000038146973,888500
2024-01-03,6.289999961853027,6.289999961853027,6.619999885559082,6.260000228881836,6.480000019073486,255200
2024-01-04,6.699999809265137,6.699999809265137,6.829999923706055,6.320000171661377,6.389999866485596,331300
2024-01-05,6.78000020980835,6.78000020980835,6.909999847412109,6.539999961853027,6.699999809265137,1219000
2024-01-08,6.690000057220459,6.690000057220459,6.9039998054504395,6.5,6.849999904632568,975300
2024-01-09,6.75,6.75,6.840000152587891,6.53000020980835,6.579999923706055,1114700
2024-01-10,6.130000114440918,6.130000114440918,7.210000038146973,5.989999771118164,6.650000095367432,1037600
2024-01-11,5.860000133514404,5.860000133514404,6.070000171661377,5.730000019073486,6.070000171661377,441900
2024-01-12,5.860000133514404,5.860000133514404,6.1479997634887695,5.809999942779541,5.860000133514404,570400
2024-01-16,5.769999980926514,5.769999980926514,5.940000057220459,5.559999942779541,5.739999771118164,663100
2024-01-17,5.590000152587891,5.590000152587891,5.739999771118164,5.480000019073486,5.690000057220459,875800
2024-01-18,5.210000038146973,5.210000038146973,5.75,5.110000133514404,5.75,668900
2024-01-19,4.860000133514404,4.860000133514404,5.210000038146973,4.849999904632568,5.179999828338623,831400
2024-01-22,5.190000057220459,5.190000057220459,5.21999979019165,4.824999809265137,4.840000152587891,793100
2024-01-23,5.460000038146973,5.460000038146973,5.590000152587891,5.210000038146973,5.289999961853027,620700
2024-01-24,5.400000095367432,5.400000095367432,5.519999980926514,5.260000228881836,5.46999979019165,638500
2024-01-25,5.309999942779541,5.309999942779541,5.570000171661377,5.230000019073486,5.440000057220459,348800
2024-01-26,5.349999904632568,5.349999904632568,5.519999980926514,5.199999809265137,5.389999866485596,353100
2024-01-29,5.699999809265137,5.699999809265137,5.730000019073486,5.21999979019165,5.340000152587891,321300
2024-01-30,5.570000171661377,5.570000171661377,5.811999797821045,5.320000171661377,5.809999942779541,352300
2024-01-31,5.179999828338623,5.179999828338623,5.650000095367432,5.170000076293945,5.559999942779541,467100
2024-02-01,5.260000228881836,5.260000228881836,5.340000152587891,4.940000057220459,5.21999979019165,772800
2024-02-02,5.050000190734863,5.050000190734863,5.519999980926514,4.920000076293945,5.260000228881836,376400
2024-02-05,5.119999885559082,5.119999885559082,5.150000095367432,4.900000095367432,4.960000038146973,216900
2024-02-06,5.380000114440918,5.380000114440918,5.420000076293945,4.960000038146973,5.039999961853027,339400
2024-02-07,5.710000038146973,5.710000038146973,5.829999923706055,5.304999828338623,5.369999885559082,536600
2024-02-08,6.269999980926514,6.269999980926514,6.320000171661377,5.614999771118164,5.71999979019165,532700
2024-02-09,6.849999904632568,6.849999904632568,7.489999771118164,6.329999923706055,6.349999904632568,1256600
2024-02-12,7.010000228881836,7.010000228881836,7.210000038146973,6.659999847412109,6.820000171661377,1057700
2024-02-13,6.579999923706055,6.579999923706055,7.0,6.429999828338623,6.769999980926514,455700
2024-02-14,6.989999771118164,6.989999771118164,7.175000190734863,6.679999828338623,6.75,349500
2024-02-15,7.380000114440918,7.380000114440918,7.389999866485596,6.920000076293945,7.090000152587891,809800
2024-02-16,7.860000133514404,7.860000133514404,8.300000190734863,7.065000057220459,7.329999923706055,982800
2024-02-20,7.46999979019165,7.46999979019165,8.369999885559082,7.349999904632568,7.829999923706055,547800
2024-02-21,8.079999923706055,8.079999923706055,8.079999923706055,7.28000020980835,7.429999828338623,773700
2024-02-22,7.909999847412109,7.909999847412109,8.289999961853027,7.760000228881836,8.039999961853027,842900
2024-02-23,8.130000114440918,8.130000114440918,8.300000190734863,7.820000171661377,7.869999885559082,597700
2024-02-26,7.559999942779541,7.559999942779541,8.267000198364258,7.329999923706055,8.109999656677246,804700
2024-02-27,7.989999771118164,7.989999771118164,8.210000038146973,7.820000171661377,7.880000114440918,814000
2024-02-28,7.489999771118164,7.489999771118164,8.32800006866455,7.239999771118164,8.100000381469727,821800
2024-02-29,7.320000171661377,7.320000171661377,7.758999824523926,7.269999980926514,7.619999885559082,504000
2024-03-01,7.309999942779541,7.309999942779541,7.739999771118164,7.289999961853027,7.360000133514404,560800
2024-03-04,7.440000057220459,7.440000057220459,7.5,7.110000133514404,7.440000057220459,717200
2024-03-05,7.289999961853027,7.289999961853027,7.5,7.210000038146973,7.369999885559082,3661800
2024-03-06,8.1899995803833,8.1899995803833,8.470000267028809,7.269999980926514,7.400000095367432,4566400
2024-03-07,7.800000190734863,7.800000190734863,8.680000305175781,7.559999942779541,8.15999984741211,1844300
2024-03-08,8.109999656677246,8.109999656677246,8.569999694824219,7.71999979019165,8.149999618530273,1536500
2024-03-11,7.429999828338623,7.429999828338623,8.220000267028809,7.300000190734863,8.180000305175781,810200
2024-03-12,7.130000114440918,7.130000114440918,7.590000152587891,6.860000133514404,7.510000228881836,1302700
2024-03-13,7.079999923706055,7.079999923706055,7.238999843597412,6.860000133514404,7.150000095367432,589200
2024-03-14,6.710000038146973,6.710000038146973,7.019999980926514,6.539999961853027,6.980000019073486,423000
2024-03-15,7.199999809265137,7.199999809265137,7.409999847412109,7.050000190734863,7.079999923706055,667000
2024-03-18,6.085000038146973,6.085000038146973,7.150000095367432,6.070000171661377,7.099999904632568,1093100
2024-03-19,6.019999980926514,6.019999980926514,6.190000057220459,5.809999942779541,5.989999771118164,1004800
2024-03-20,6.539999961853027,6.539999961853027,6.539999961853027,5.739999771118164,6.019999980926514,1004900
2024-03-21,6.550000190734863,6.550000190734863,6.940000057220459,6.5,6.679999828338623,784100
2024-03-22,6.599999904632568,6.599999904632568,6.75,6.260000228881836,6.5,382400
2024-03-25,6.420000076293945,6.420000076293945,6.820000171661377,6.400000095367432,6.599999904632568,660200
2024-03-26,6.159999847412109,6.159999847412109,6.639999866485596,6.139999866485596,6.510000228881836,537100
2024-03-27,6.159999847412109,6.159999847412109,6.409999847412109,6.150000095367432,6.25,699100
2024-03-28,6.559999942779541,6.559999942779541,6.752999782562256,6.159999847412109,6.199999809265137,1236100
2024-04-01,7.099999904632568,7.099999904632568,7.349999904632568,6.710000038146973,7.070000171661377,2210300
2024-04-02,6.639999866485596,6.639999866485596,7.099999904632568,6.5,7.0,935200
2024-04-03,6.0,6.0,6.610000133514404,5.9710001945495605,6.53000020980835,1790300
2024-04-04,5.489999771118164,5.489999771118164,6.130000114440918,5.420000076293945,6.070000171661377,1699300
2024-04-05,5.380000114440918,5.380000114440918,5.603000164031982,5.28000020980835,5.380000114440918,982500
2024-04-08,5.510000228881836,5.510000228881836,5.699999809265137,5.329999923706055,5.460000038146973,856500
2024-04-09,5.539999961853027,5.539999961853027,5.789999961853027,5.409999847412109,5.480000019073486,533900
2024-04-10,5.25,5.25,5.409999847412109,5.199999809265137,5.349999904632568,655700
2024-04-11,5.21999979019165,5.21999979019165,5.489999771118164,5.159999847412109,5.489999771118164,1042900
2024-04-12,5.139999866485596,5.139999866485596,5.289999961853027,5.010000228881836,5.21999979019165,729200
2024-04-15,5.059999942779541,5.059999942779541,5.159999847412109,4.820000171661377,5.050000190734863,695500
2024-04-16,4.670000076293945,4.670000076293945,4.985000133514404,4.659999847412109,4.960000038146973,656200
2024-04-17,4.539999961853027,4.539999961853027,4.800000190734863,4.5,4.71999979019165,762800
2024-04-18,4.590000152587891,4.590000152587891,4.650000095367432,4.374000072479248,4.489999771118164,694100
2024-04-19,4.559999942779541,4.559999942779541,4.650000095367432,4.320000171661377,4.590000152587891,866500
2024-04-22,4.820000171661377,4.820000171661377,4.849999904632568,4.4770002365112305,4.570000171661377,535600
2024-04-23,4.690000057220459,4.690000057220459,5.0289998054504395,4.670000076293945,4.820000171661377,544100
2024-04-24,4.75,4.75,4.84499979019165,4.639999866485596,4.739999771118164,557300
2024-04-25,4.639999866485596,4.639999866485596,4.71999979019165,4.420000076293945,4.650000095367432,597800
2024-04-26,4.909999847412109,4.909999847412109,4.929999828338623,4.619999885559082,4.679999828338623,497200
2024-04-29,5.099999904632568,5.099999904632568,5.230000019073486,4.929999828338623,4.929999828338623,492400
2024-04-30,5.050000190734863,5.050000190734863,5.234000205993652,4.894999980926514,5.199999809265137,1249900
2024-05-01,5.079999923706055,5.079999923706055,5.389999866485596,4.909999847412109,5.039999961853027,959800
2024-05-02,5.289999961853027,5.289999961853027,5.340000152587891,5.079999923706055,5.179999828338623,503300
2024-05-03,5.440000057220459,5.440000057220459,5.570000171661377,5.210000038146973,5.389999866485596,564400
2024-05-06,5.789999961853027,5.789999961853027,5.809999942779541,5.46999979019165,5.46999979019165,476700
2024-05-07,5.760000228881836,5.760000228881836,5.949999809265137,5.626999855041504,5.829999923706055,803200
2024-05-08,6.050000190734863,6.050000190734863,6.119999885559082,5.590000152587891,5.699999809265137,759800
2024-05-09,5.860000133514404,5.860000133514404,5.960000038146973,5.434999942779541,5.739999771118164,1945700
2024-05-10,5.559999942779541,5.559999942779541,5.980000019073486,5.46999979019165,5.860000133514404,568600
2024-05-13,5.889999866485596,5.889999866485596,6.170000076293945,5.619999885559082,5.75,953600
2024-05-14,5.989999771118164,5.989999771118164,6.119999885559082,5.880000114440918,6.0,862100
2024-05-15,5.989999771118164,5.989999771118164,6.190000057220459,5.690000057220459,6.179999828338623,911100
2024-05-16,6.139999866485596,6.139999866485596,6.329999923706055,5.860000133514404,5.980000019073486,774400
2024-05-17,5.900000095367432,5.900000095367432,6.119999885559082,5.849999904632568,6.119999885559082,382500
2024-05-20,6.25,6.25,6.28000020980835,5.75,5.920000076293945,630100
2024-05-21,6.119999885559082,6.119999885559082,6.359000205993652,5.980000019073486,6.269999980926514,870500
2024-05-22,5.929999828338623,5.929999828338623,6.25,5.889999866485596,6.099999904632568,365600
2024-05-23,5.860000133514404,5.860000133514404,6.139999866485596,5.639999866485596,5.929999828338623,684000
2024-05-24,6.0,6.0,6.050000190734863,5.800000190734863,5.900000095367432,440800
2024-05-28,6.320000171661377,6.320000171661377,6.440000057220459,5.980000019073486,6.090000152587891,804600
2024-05-29,6.75,6.75,6.800000190734863,6.079999923706055,6.190000057220459,1158500
2024-05-30,7.019999980926514,7.019999980926514,7.059999942779541,6.659999847412109,6.800000190734863,657500
2024-05-31,6.010000228881836,6.010000228881836,7.099999904632568,5.715000152587891,7.099999904632568,2099100
2024-06-03,6.010000228881836,6.010000228881836,6.370999813079834,5.869999885559082,6.150000095367432,780900
2024-06-04,5.880000114440918,5.880000114440918,6.099999904632568,5.71999979019165,6.099999904632568,1330900
2024-06-05,6.869999885559082,6.869999885559082,7.230000019073486,6.0,6.0,2833600
2024-06-06,7.28000020980835,7.28000020980835,7.693999767303467,6.7210001945495605,6.78000020980835,2142500
2024-06-07,7.150000095367432,7.150000095367432,7.539000034332275,7.059999942779541,7.139999866485596,817300
2024-06-10,6.989999771118164,6.989999771118164,7.170000076293945,6.849999904632568,7.170000076293945,911800
2024-06-11,7.329999923706055,7.329999923706055,7.480000019073486,6.789999961853027,6.909999847412109,913600
2024-06-12,7.389999866485596,7.389999866485596,7.599999904632568,7.199999809265137,7.53000020980835,1175600
2024-06-13,7.980000019073486,7.980000019073486,8.414999961853027,7.360000133514404,7.440000057220459,2645400
2024-06-14,8.199999809265137,8.199999809265137,8.40999984741211,7.980000019073486,8.010000228881836,1747800
2024-06-17,7.960000038146973,7.960000038146973,8.279999732971191,7.900000095367432,8.199999809265137,1073100
2024-06-18,7.369999885559082,7.369999885559082,7.96999979019165,7.110000133514404,7.960000038146973,1403900
2024-06-20,6.980000019073486,6.980000019073486,7.340000152587891,6.920000076293945,7.340000152587891,719200
2024-06-21,7.230000019073486,7.230000019073486,7.309999942779541,6.849999904632568,7.010000228881836,1061800
2024-06-24,7.519999980926514,7.519999980926514,8.0,7.309999942779541,7.349999904632568,1751100
2024-06-25,7.25,7.25,7.760000228881836,7.21999979019165,7.46999979019165,853200
2024-06-26,6.670000076293945,6.670000076293945,7.25,6.380000114440918,7.25,1489200
2024-06-27,7.110000133514404,7.110000133514404,7.119999885559082,6.559999942779541,6.670000076293945,1186500
2024-06-28,6.809999942779541,6.809999942779541,7.199999809265137,6.679999828338623,7.150000095367432,5482800
2024-07-01,6.849999904632568,6.849999904632568,7.050000190734863,6.519999980926514,6.809999942779541,772700
2024-07-02,6.71999979019165,6.71999979019165,6.849999904632568,6.489999771118164,6.849999904632568,1324000
2024-07-03,6.860000133514404,6.860000133514404,7.039999961853027,6.570000171661377,6.690000057220459,320600
2024-07-05,6.809999942779541,6.809999942779541,7.010000228881836,6.630000114440918,6.829999923706055,487500
2024-07-08,7.53000020980835,7.53000020980835,7.53000020980835,6.860000133514404,6.909999847412109,1234400
2024-07-09,7.449999809265137,7.449999809265137,7.630000114440918,7.320000171661377,7.53000020980835,920900
2024-07-10,7.300000190734863,7.300000190734863,7.590000152587891,7.119999885559082,7.449999809265137,1257500
2024-07-11,8.34000015258789,8.34000015258789,9.15999984741211,7.650000095367432,7.699999809265137,3407000
2024-07-12,9.3100004196167,9.3100004196167,9.470000267028809,8.420000076293945,8.5,1779300
2024-07-15,9.989999771118164,9.989999771118164,10.020000457763672,9.4399995803833,9.470000267028809,1550000
2024-07-16,9.699999809265137,9.699999809265137,10.029999732971191,9.5600004196167,9.75,1187000
2024-07-17,9.640000343322754,9.640000343322754,9.789999961853027,8.260000228881836,8.75,2347800
2024-07-18,8.6899995803833,8.6899995803833,9.630000114440918,8.510000228881836,9.550000190734863,1158000
2024-07-19,8.484999656677246,8.484999656677246,8.831000328063965,8.343000411987305,8.75,898500
2024-07-22,8.539999961853027,8.539999961853027,8.609999656677246,8.220000267028809,8.5,1067800
2024-07-23,8.970000267028809,8.970000267028809,9.180000305175781,8.329999923706055,8.630000114440918,1278800
2024-07-24,8.670000076293945,8.670000076293945,9.029999732971191,8.420000076293945,8.850000381469727,745400
2024-07-25,8.789999961853027,8.789999961853027,9.239999771118164,8.619999885559082,8.75,1206900
2024-07-26,9.010000228881836,9.010000228881836,9.220000267028809,8.859999656677246,9.039999961853027,572600
2024-07-29,8.329999923706055,8.329999923706055,9.15999984741211,8.25,9.039999961853027,940100
2024-07-30,7.670000076293945,7.670000076293945,8.079999923706055,7.420000076293945,8.039999961853027,1799600
2024-07-31,7.75,7.75,8.119999885559082,7.71999979019165,7.809999942779541,809200
2024-08-01,7.769999980926514,7.769999980926514,7.920000076293945,7.650000095367432,7.699999809265137,784200
2024-08-02,7.460000038146973,7.460000038146973,7.829999923706055,7.269999980926514,7.5,1012900
2024-08-05,7.309999942779541,7.309999942779541,7.639999866485596,6.609000205993652,6.630000114440918,877100
2024-08-06,7.119999885559082,7.119999885559082,8.154999732971191,7.059999942779541,8.100000381469727,1384000
2024-08-07,6.659999847412109,6.659999847412109,7.260000228881836,6.440000057220459,7.260000228881836,1271200
2024-08-08,6.820000171661377,6.820000171661377,7.110000133514404,6.699999809265137,6.914999961853027,932300
2024-08-09,6.579999923706055,6.579999923706055,6.960000038146973,6.539999961853027,6.900000095367432,481400
2024-08-12,6.570000171661377,6.570000171661377,6.909999847412109,6.489999771118164,6.579999923706055,669000
2024-08-13,6.71999979019165,6.71999979019165,6.920000076293945,6.590000152587891,6.619999885559082,709400
2024-08-14,6.489999771118164,6.489999771118164,6.800000190734863,6.409999847412109,6.78000020980835,958900
2024-08-15,6.71999979019165,6.71999979019165,7.019999980926514,6.550000190734863,6.690000057220459,1200300
2024-08-16,7.25,7.25,7.46999979019165,6.730000019073486,6.829999923706055,1216700
2024-08-19,8.0,8.0,8.0,7.099999904632568,7.300000190734863,1513700
2024-08-20,7.510000228881836,7.510000228881836,8.100000381469727,7.5,8.039999961853027,1478700
2024-08-21,7.880000114440918,7.880000114440918,8.0,7.599999904632568,7.630000114440918,1240200
2024-08-22,7.869999885559082,7.869999885559082,8.0,7.710000038146973,7.929999828338623,1043500
2024-08-23,8.220000267028809,8.220000267028809,8.350000381469727,7.71999979019165,7.900000095367432,1196200
2024-08-26,8.279999732971191,8.279999732971191,8.4399995803833,7.9070000648498535,8.289999961853027,997900
2024-08-27,7.949999809265137,7.949999809265137,8.25,7.75,8.1899995803833,615600
2024-08-28,7.699999809265137,7.699999809265137,7.989999771118164,7.610000133514404,7.920000076293945,603500
2024-08-29,7.679999828338623,7.679999828338623,8.010000228881836,7.650000095367432,7.789999961853027,812800
2024-08-30,7.619999885559082,7.619999885559082,7.900000095367432,7.300000190734863,7.75,628100
2024-09-03,7.230000019073486,7.230000019073486,7.710000038146973,7.019999980926514,7.579999923706055,801100
2024-09-04,7.329999923706055,7.329999923706055,7.400000095367432,6.980000019073486,7.179999828338623,833900
2024-09-05,7.460000038146973,7.460000038146973,7.494999885559082,7.150000095367432,7.349999904632568,716500
2024-09-06,7.809999942779541,7.809999942779541,7.989999771118164,7.03000020980835,7.599999904632568,1351400
2024-09-09,9.119999885559082,9.119999885559082,10.0600004196167,7.980000019073486,8.600000381469727,23479300
2024-09-10,11.229999542236328,11.229999542236328,11.399999618530273,9.640000343322754,9.640000343322754,8765100
2024-09-11,10.680000305175781,10.680000305175781,10.920000076293945,9.9399995803833,10.640000343322754,8661800
2024-09-12,9.510000228881836,9.510000228881836,11.0,9.300000190734863,10.850000381469727,3708300
2024-09-13,8.954999923706055,8.954999923706055,9.550000190734863,8.5600004196167,9.350000381469727,4498700
2024-09-16,9.40999984741211,9.40999984741211,9.760000228881836,9.052000045776367,9.260000228881836,2167300
2024-09-17,9.630000114440918,9.630000114440918,10.199999809265137,9.395000457763672,9.4399995803833,1748200
2024-09-18,10.210000038146973,10.210000038146973,10.619999885559082,9.970000267028809,9.989999771118164,2773200
2024-09-19,10.039999961853027,10.039999961853027,10.699999809265137,9.949999809265137,10.460000038146973,2001200
2024-09-20,10.020000457763672,10.020000457763672,10.694999694824219,9.925000190734863,10.25,2959500
2024-09-23,9.729999542236328,9.729999542236328,10.15999984741211,9.510000228881836,10.119999885559082,1499800
2024-09-24,9.609999656677246,9.609999656677246,9.930000305175781,9.539999961853027,9.779999732971191,1020400
2024-09-25,9.25,9.25,9.720000267028809,9.170000076293945,9.600000381469727,1370700
2024-09-26,8.850000381469727,8.850000381469727,9.489999771118164,8.819999694824219,9.300000190734863,1609300
2024-09-27,8.550000190734863,8.550000190734863,8.980999946594238,8.510000228881836,8.880000114440918,1369200
2024-09-30,8.34000015258789,8.34000015258789,9.0,8.199999809265137,8.65999984741211,1212300
2024-10-01,8.100000381469727,8.100000381469727,8.460000038146973,7.96999979019165,8.3100004196167,1391500
2024-10-02,8.199999809265137,8.199999809265137,8.369999885559082,7.820000171661377,7.96999979019165,1428800
2024-10-03,8.199999809265137,8.199999809265137,8.270000457763672,8.029999732971191,8.180000305175781,737600
2024-10-04,8.270000457763672,8.270000457763672,8.460000038146973,8.069999694824219,8.239999771118164,934600
2024-10-07,7.849999904632568,7.849999904632568,8.428999900817871,7.804999828338623,8.350000381469727,1772000
2024-10-08,7.809999942779541,7.809999942779541,8.024999618530273,7.760000228881836,7.900000095367432,902000
2024-10-09,7.880000114440918,7.880000114440918,8.0,7.539999961853027,7.800000190734863,1898900
2024-10-10,7.40500020980835,7.40500020980835,7.760000228881836,7.260000228881836,7.760000228881836,1858800
2024-10-11,7.670000076293945,7.670000076293945,7.75,7.309999942779541,7.369999885559082,1554100
2024-10-14,7.619999885559082,7.619999885559082,7.869999885559082,7.534999847412109,7.670000076293945,1310700
2024-10-15,7.599999904632568,7.599999904632568,7.690000057220459,7.394999980926514,7.599999904632568,912300
2024-10-16,7.650000095367432,7.650000095367432,7.840000152587891,7.570000171661377,7.650000095367432,701000
2024-10-17,7.5,7.5,7.755000114440918,7.460000038146973,7.610000133514404,1103300
2024-10-18,7.409999847412109,7.409999847412109,7.730000019073486,7.360000133514404,7.519999980926514,1119600
2024-10-21,7.239999771118164,7.239999771118164,7.46999979019165,7.190000057220459,7.360000133514404,1036600
2024-10-22,7.5,7.5,7.590000152587891,7.190000057220459,7.190000057220459,897700
2024-10-23,6.989999771118164,6.989999771118164,7.510000228881836,6.989999771118164,7.480000019073486,1465300
2024-10-24,6.75,6.75,7.170000076293945,6.715000152587891,7.0,2226500
2024-10-25,6.670000076293945,6.670000076293945,6.940000057220459,6.650000095367432,6.769999980926514,1553700
2024-10-28,6.510000228881836,6.510000228881836,6.876999855041504,6.489999771118164,6.75,1905500
2024-10-29,6.880000114440918,6.880000114440918,6.889999866485596,6.400000095367432,6.5,1297900
2024-10-30,6.889999866485596,6.889999866485596,7.170000076293945,6.489999771118164,6.809999942779541,1543300
2024-10-31,6.860000133514404,6.860000133514404,7.039999961853027,6.679999828338623,7.039999961853027,1247300
2024-11-01,6.940000057220459,6.940000057220459,7.099999904632568,6.789999961853027,6.909999847412109,893800
2024-11-04,7.099999904632568,7.099999904632568,7.34499979019165,6.699999809265137,6.829999923706055,1203600
2024-11-05,7.170000076293945,7.170000076293945,7.215000152587891,6.940000057220459,7.03000020980835,807100
2024-11-06,7.239999771118164,7.239999771118164,7.489999771118164,7.190000057220459,7.349999904632568,920300
2024-11-07,7.059999942779541,7.059999942779541,7.340000152587891,6.989999771118164,7.329999923706055,894700
2024-11-08,7.300000190734863,7.300000190734863,7.465000152587891,7.019999980926514,7.090000152587891,1444500
2024-11-11,7.460000038146973,7.460000038146973,7.630000114440918,7.360000133514404,7.420000076293945,1488100
2024-11-12,7.170000076293945,7.170000076293945,7.46999979019165,6.949999809265137,7.329999923706055,1139600
2024-11-13,6.78000020980835,6.78000020980835,7.53000020980835,6.659999847412109,7.329999923706055,1888200
2024-11-14,6.550000190734863,6.550000190734863,6.920000076293945,6.449999809265137,6.809999942779541,847800
2024-11-15,6.170000076293945,6.170000076293945,6.510000228881836,5.880000114440918,6.510000228881836,1693700
2024-11-18,5.699999809265137,5.699999809265137,6.210000038146973,5.570000171661377,6.210000038146973,2027100
2024-11-19,5.909999847412109,5.909999847412109,5.980000019073486,5.639999866485596,5.71999979019165,1852900
2024-11-20,5.599999904632568,5.599999904632568,5.920000076293945,5.559999942779541,5.880000114440918,1236400
2024-11-21,5.710000038146973,5.710000038146973,5.789999961853027,5.460000038146973,5.559999942779541,1578800
2024-11-22,5.789999961853027,5.789999961853027,5.840000152587891,5.539999961853027,5.710000038146973,834156
