Date,Open,High,Low,Close,Adj Close,Volume
2021-01-28,875.0,875.0,277.5,402.5,402.5,12172
2021-01-29,403.0,403.0,302.0,317.25,317.25,5552
2021-02-01,330.5,356.25,300.0,312.5,312.5,2540
2021-02-02,316.75,317.5,288.75,302.5,302.5,2984
2021-02-03,300.0,367.25,283.25,345.75,345.75,4416
2021-02-04,343.5,498.5,326.75,450.5,450.5,14396
2021-02-05,459.25,497.95001220703125,459.25,493.25,493.25,2664
2021-02-08,523.75,673.25,517.25,625.0,625.0,12652
2021-02-09,638.25,787.5,638.25,730.25,730.25,13928
2021-02-10,750.0,804.625,640.2999877929688,717.25,717.25,2560
2021-02-11,726.75,769.75,652.75,678.5,678.5,1556
2021-02-12,650.25,651.75,585.25,632.25,632.25,1596
2021-02-16,663.75,822.0,663.75,719.0,719.0,2216
2021-02-17,725.0,891.0,725.0,856.25,856.25,16956
2021-02-18,900.0,1070.0,856.25,989.0,989.0,2704
2021-02-19,1025.25,1233.5,1025.25,1232.25,1232.25,2708
2021-02-22,1276.25,1442.25,1007.0,1404.5,1404.5,14344
2021-02-23,1280.25,1625.0,1208.2750244140625,1568.0,1568.0,4956
2021-02-24,1525.0,1525.0,1326.5,1487.75,1487.75,2208
2021-02-25,1447.0,1742.425048828125,1375.25,1742.25,1742.25,2720
2021-02-26,1662.5,1800.0,1460.25,1652.25,1652.25,3984
2021-03-01,1681.25,2049.0,1653.25,1996.25,1996.25,9044
2021-03-02,1950.5,2444.75,1903.0,2369.25,2369.25,3448
2021-03-03,2409.75,2596.75,1631.5,1875.25,1875.25,13752
2021-03-04,1876.25,2293.0,1576.0,1823.5,1823.5,3944
2021-03-05,1843.75,1843.75,1329.9749755859375,1451.5,1451.5,2624
2021-03-08,1451.5,1902.25,1442.5,1535.0,1535.0,3068
2021-03-09,1601.25,1708.25,1525.0,1555.25,1555.25,1296
2021-03-10,1653.75,1696.925048828125,1550.0,1586.0,1586.0,1224
2021-03-11,1576.9000244140625,1603.625,1450.0,1531.2249755859375,1531.2249755859375,1476
2021-03-12,1528.75,1756.75,1462.949951171875,1626.75,1626.75,1804
2021-03-15,1655.25,2187.5,1655.25,2170.25,2170.25,2388
2021-03-16,2225.75,2411.0,2001.25,2186.5,2186.5,3556
2021-03-17,2118.75,2162.5,1995.75,2102.5,2102.5,1180
2021-03-18,2143.375,2255.0,2054.375,2125.0,2125.0,928
2021-03-19,2030.0,2136.625,2030.0,2110.75,2110.75,708
2021-03-22,2076.0,2154.97509765625,2018.0,2075.0,2075.0,968
2021-03-23,2109.75,2138.25,2025.75,2063.75,2063.75,808
2021-03-24,2067.75,2124.25,2028.5,2033.75,2033.75,892
2021-03-25,2025.75,2300.0,2001.25,2286.75,2286.75,3660
2021-03-26,2275.0,2287.5,2065.75,2165.0,2165.0,672
2021-03-29,2156.25,2156.25,2092.5,2150.25,2150.25,1296
2021-03-30,2150.25,2150.25,2066.25,2073.25,2073.25,164
2021-03-31,2065.75,2214.25,2065.75,2168.75,2168.75,332
2021-04-01,2250.0,2300.0,2198.39990234375,2283.0,2283.0,340
2021-04-05,2277.5,2375.0,2275.0,2355.375,2355.375,492
2021-04-06,2330.0,2425.0,2275.0,2399.75,2399.75,748
2021-04-07,2333.25,2410.25,2183.5,2255.0,2255.0,1328
2021-04-08,2248.0,2348.5,2248.0,2348.5,2348.5,200
2021-04-09,2312.5,2340.0,2162.5,2192.0,2192.0,764
2021-04-12,2267.0,2448.0,303.75,450.0,450.0,974608
2021-04-13,503.75,624.25,385.25,456.5,456.5,822000
2021-04-14,425.0,435.0,350.0,356.25,356.25,151076
2021-04-15,350.0,350.0,294.0,309.25,309.25,82544
2021-04-16,289.75,437.5,277.5,405.0,405.0,775100
2021-04-19,347.0,383.75,317.0,320.0,320.0,108416
2021-04-20,322.625,362.0,300.5,313.0,313.0,59108
2021-04-21,313.25,330.0,303.25,314.75,314.75,38904
2021-04-22,308.5,320.0,293.75,298.75,298.75,42972
2021-04-23,299.5,306.5,287.5,290.0,290.0,41008
2021-04-26,292.5,310.0,287.75,300.5,300.5,41996
2021-04-27,342.25,566.25,330.0,409.5,409.5,1873788
2021-04-28,437.5,465.0,390.29998779296875,420.0,420.0,351876
2021-04-29,411.5,418.75,362.75,371.25,371.25,74812
2021-04-30,361.75,405.25,359.0,362.5,362.5,39252
2021-05-03,368.5,389.5,331.75,340.0,340.0,39048
2021-05-04,340.25,360.0,320.0,336.5,336.5,29376
2021-05-05,329.25,346.9750061035156,319.75,331.25,331.25,34516
2021-05-06,342.25,342.5,312.75,314.5,314.5,26376
2021-05-07,314.75,324.75,309.0,313.0,313.0,25248
2021-05-10,318.0,318.0,292.5,292.5,292.5,26384
2021-05-11,264.0,303.75,263.75,290.75,290.75,39968
2021-05-12,288.0,289.0,259.0,265.25,265.25,23376
2021-05-13,275.75,280.5,246.5,246.5,246.5,21900
2021-05-14,252.25,264.5,238.75,261.75,261.75,22504
2021-05-17,261.75,267.5,250.0,253.0,253.0,11284
2021-05-18,257.25,290.5,247.75,282.5,282.5,31880
2021-05-19,265.25,271.5,253.25,258.75,258.75,11860
2021-05-20,266.75,267.5,257.7250061035156,257.75,257.75,6020
2021-05-21,260.5,263.25,252.5,253.75,253.75,6640
2021-05-24,257.5,257.75,245.0,246.25,246.25,11860
2021-05-25,249.75,255.25,246.0,247.5,247.5,7900
2021-05-26,249.1750030517578,262.75,248.0,261.0,261.0,10280
2021-05-27,283.75,283.75,256.25,264.0,264.0,19744
2021-05-28,255.0,258.3500061035156,246.75,249.5,249.5,11580
2021-06-01,251.5,251.97500610351562,246.5,247.5,247.5,7576
2021-06-02,247.5,262.5,245.75,251.5,251.5,11844
2021-06-03,195.5,203.25,180.5,190.0,190.0,129252
2021-06-04,196.1999969482422,196.1999969482422,184.5,187.75,187.75,31228
2021-06-07,188.75,188.75,176.5,187.5,187.5,36784
2021-06-08,187.5,201.75,180.0,188.25,188.25,57476
2021-06-09,191.0,191.0,183.0,185.0,185.0,41132
2021-06-10,185.0,189.0,180.0,182.0,182.0,21800
2021-06-11,181.75,184.5,175.25,178.0,178.0,31116
2021-06-14,177.25,187.25,170.5500030517578,173.75,173.75,73524
2021-06-15,174.75,175.5,165.25,169.25,169.25,25160
2021-06-16,166.0,169.125,152.75,160.0,160.0,27268
2021-06-17,177.25,206.25,165.0,170.0,170.0,487800
2021-06-18,174.25,177.0,160.5,162.25,162.25,90096
2021-06-21,160.0,162.25,152.75,157.75,157.75,36304
2021-06-22,152.0,164.5,150.25,160.25,160.25,40964
2021-06-23,160.25,166.5,155.27499389648438,166.25,166.25,23940
2021-06-24,171.25,174.0,164.5,166.25,166.25,21832
2021-06-25,166.25,169.5,162.5,166.25,166.25,15028
2021-06-28,163.75,169.5,163.4499969482422,166.5,166.5,13952
2021-06-29,166.75,167.0,158.25,159.5,159.5,25004
2021-06-30,161.25,161.75,154.25,155.25,155.25,17452
2021-07-01,157.5,164.75,156.0,160.5,160.5,18796
2021-07-02,157.5,159.75,152.5,154.0,154.0,12576
2021-07-06,155.0,155.25,142.64999389648438,143.5,143.5,23272
2021-07-07,143.5,144.25,127.75,127.75,127.75,34496
2021-07-08,125.5,149.25,119.25,128.75,128.75,88356
2021-07-09,129.0,142.75,125.0,141.25,141.25,40660
2021-07-12,145.5,149.0,135.0,137.75,137.75,23296
2021-07-13,133.25,137.25,130.25,131.5,131.5,9712
2021-07-14,131.25,138.25,131.0,131.75,131.75,9504
2021-07-15,130.25,135.8000030517578,129.0,132.0,132.0,8816
2021-07-16,131.75,134.5,120.5,122.25,122.25,11156
2021-07-19,117.5,120.5,114.25,116.5,116.5,10920
2021-07-20,115.25,120.67500305175781,114.0,118.0,118.0,9052
2021-07-21,118.0,124.75,115.75,120.0,120.0,18208
2021-07-22,122.0,122.0,113.0,115.25,115.25,14684
2021-07-23,111.5,111.9749984741211,99.5,100.25,100.25,23332
2021-07-26,100.75,127.25,98.5,114.75,114.75,81516
2021-07-27,110.0,112.875,100.0,102.0,102.0,15632
2021-07-28,103.0,107.8499984741211,102.75,106.0,106.0,9144
2021-07-29,107.5,109.5,101.5,101.5,101.5,7700
2021-07-30,102.0,107.125,101.75,105.5,105.5,5888
2021-08-02,105.5,140.25,105.5,120.375,120.375,123704
2021-08-03,118.5,121.25,108.5,110.75,110.75,27556
2021-08-04,111.0,122.0,110.0,112.25,112.25,15040
2021-08-05,110.25,118.25,108.0,112.5,112.5,8444
2021-08-06,113.75,126.25,113.5,120.5,120.5,24344
2021-08-09,121.0,134.75,118.5,126.75,126.75,22256
2021-08-10,126.25,145.0,126.25,140.75,140.75,27844
2021-08-11,135.5,140.75,121.75,125.75,125.75,15320
2021-08-12,121.5,127.25,118.75,120.25,120.25,5376
2021-08-13,119.25,157.5,116.25,130.0,130.0,381936
2021-08-16,128.75,131.5500030517578,116.25,118.25,118.25,31152
2021-08-17,115.5,122.25,113.75,117.25,117.25,15648
2021-08-18,121.25,121.25,110.69999694824219,117.25,117.25,7028
2021-08-19,113.0,116.0,103.75,104.75,104.75,15096
2021-08-20,103.75,108.0999984741211,103.75,103.875,103.875,8512
2021-08-23,105.5,108.75,102.75,108.5,108.5,5692
2021-08-24,109.0,120.0,108.0,116.0,116.0,20228
2021-08-25,116.5,128.6999969482422,111.75,116.0,116.0,20424
2021-08-26,114.0,119.625,110.25,111.0,111.0,6000
2021-08-27,112.25,119.5,111.0,113.0,113.0,10020
2021-08-30,112.5,118.25,111.75,116.25,116.25,5200
2021-08-31,115.0,126.25,113.25,116.75,116.75,18848
2021-09-01,119.0,121.5,115.75,121.0,121.0,5580
2021-09-02,122.0,122.57499694824219,116.25,116.25,116.25,5460
2021-09-03,117.5,119.0,111.5,112.25,112.25,6380
2021-09-07,113.75,115.75,108.75,110.0,110.0,6060
2021-09-08,111.0,111.75,104.9749984741211,105.75,105.75,4720
2021-09-09,107.0,111.5,105.375,109.75,109.75,7296
2021-09-10,110.75,110.75,104.5,105.25,105.25,4280
2021-09-13,106.0,108.0,103.3499984741211,105.25,105.25,4824
2021-09-14,105.25,106.25,101.125,103.0,103.0,3876
2021-09-15,102.5,103.0,98.5,101.5,101.5,4740
2021-09-16,101.0,103.0,97.875,101.25,101.25,3236
2021-09-17,101.75,103.5,99.5999984741211,101.25,101.25,2836
2021-09-20,99.75,99.75,92.75,95.0,95.0,6908
2021-09-21,95.0,96.25,93.0,95.25,95.25,3296
2021-09-22,94.25,98.125,94.25,95.5,95.5,2388
2021-09-23,96.25,106.5,95.0,99.5,99.5,10852
2021-09-24,97.5,99.5,94.25,95.0,95.0,6252
2021-09-27,95.0,96.5,93.0,95.25,95.25,4964
2021-09-28,95.0,95.4749984741211,90.0,91.5,91.5,5836
2021-09-29,93.0,95.375,88.25,89.0,89.0,12096
2021-09-30,88.25,88.75,85.0,86.0,86.0,4096
2021-10-01,86.25,88.25,83.25,87.75,87.75,3268
2021-10-04,87.25,87.25,80.0,82.0,82.0,4980
2021-10-05,81.25,83.25,77.25,77.75,77.75,8040
2021-10-06,77.0,79.5,75.0,78.75,78.75,4576
2021-10-07,79.75,83.25,79.25,79.5,79.5,4688
2021-10-08,81.0,99.5,80.0,89.0,89.0,47148
2021-10-11,94.75,94.75,81.75,84.5,84.5,13464
2021-10-12,83.5,86.5,77.25,78.0,78.0,14320
2021-10-13,79.75,86.0,78.25,84.0,84.0,6968
2021-10-14,82.75,83.75,80.0,81.0,81.0,4836
2021-10-15,83.25,89.75,82.32499694824219,84.0,84.0,8240
2021-10-18,82.75,87.0,81.0,82.75,82.75,3012
2021-10-19,82.5,87.5,79.8499984741211,85.0,85.0,3832
2021-10-20,85.75,95.75,84.5,88.25,88.25,15492
2021-10-21,88.25,90.5,85.0,86.75,86.75,3588
2021-10-22,85.5,85.5,78.0,79.25,79.25,10284
2021-10-25,78.75,82.75,78.0,80.5,80.5,5232
2021-10-26,80.5,81.0,77.69999694824219,79.0,79.0,5544
2021-10-27,78.75,79.0,75.8499984741211,76.0,76.0,3604
2021-10-28,75.75,78.5,75.75,78.5,78.5,4300
2021-10-29,77.75,80.25,77.5,78.5,78.5,2668
2021-11-01,78.75,81.25,78.0,79.69999694824219,79.69999694824219,3500
2021-11-02,78.75,82.5,76.25,79.25,79.25,11716
2021-11-03,78.25,78.82499694824219,75.25,76.5,76.5,5720
2021-11-04,76.75,77.25,75.75,76.92500305175781,76.92500305175781,2852
2021-11-05,76.75,77.5,73.0,74.25,74.25,5644
2021-11-08,75.25,75.25,73.25,74.375,74.375,5100
2021-11-09,74.75,84.75,72.0,78.0,78.0,32840
2021-11-10,77.0,77.0,73.25,73.75,73.75,5912
2021-11-11,75.25,79.75,72.75,74.75,74.75,12564
2021-11-12,75.5,77.25,73.75,75.25,75.25,8684
2021-11-15,75.0,75.0,72.75,73.25,73.25,2472
2021-11-16,72.75,73.125,71.25,72.0,72.0,4676
2021-11-17,71.75,72.75,68.0,69.0,69.0,4980
2021-11-18,68.25,68.5,63.0,64.0,64.0,5836
2021-11-19,65.25,66.75,63.25,65.0,65.0,2156
2021-11-22,64.5,66.5,63.0,64.0,64.0,4604
2021-11-23,64.25,64.25,56.25,59.5,59.5,5552
2021-11-24,59.25,68.5,59.25,62.25,62.25,17800
2021-11-26,58.875,59.57500076293945,56.5,58.25,58.25,3124
2021-11-29,58.75,59.5,54.25,57.0,57.0,7624
2021-11-30,56.0,57.75,53.75,54.0,54.0,5864
2021-12-01,56.0,56.0,50.0,50.75,50.75,4740
2021-12-02,51.5,51.5,46.5,48.25,48.25,8504
2021-12-03,48.25,48.5,42.0,43.5,43.5,8656
2021-12-06,42.5,45.0,41.5,43.5,43.5,7624
2021-12-07,43.5,56.0,43.04999923706055,54.75,54.75,174128
2021-12-08,51.29999923706055,52.5,45.5,47.5,47.5,31424
2021-12-09,46.75,47.5,45.5,46.0,46.0,6944
2021-12-10,46.5,46.599998474121094,43.375,45.75,45.75,10692
2021-12-13,45.0,45.75,42.0,42.5,42.5,5876
2021-12-14,42.0,42.25,38.150001525878906,39.75,39.75,7756
2021-12-15,39.0,40.25,36.25,40.0,40.0,9776
2021-12-16,40.0,46.0,39.25,41.0,41.0,26660
2021-12-17,40.75,41.0,38.5,40.20000076293945,40.20000076293945,3760
2021-12-20,40.0,48.75,38.75,39.5,39.5,79328
2021-12-21,39.25,41.25,38.25,40.25,40.25,17016
2021-12-22,40.25,40.75,37.5,38.75,38.75,11472
2021-12-23,38.0,40.349998474121094,37.5,39.25,39.25,8088
2021-12-27,40.25,41.25,39.0,41.0,41.0,5552
2021-12-28,41.0,42.0,38.0,38.25,38.25,8388
2021-12-29,38.0,48.75,37.0,43.25,43.25,42924
2021-12-30,43.25,53.5,43.25,48.25,48.25,171568
2021-12-31,46.5,48.25,40.5,41.75,41.75,26240
2022-01-03,42.5,43.5,40.525001525878906,42.5,42.5,7608
2022-01-04,41.75,45.0,40.5,44.0,44.0,11400
2022-01-05,44.5,44.5,39.5,40.0,40.0,5788
2022-01-06,39.75,40.75,38.0,39.5,39.5,3512
2022-01-07,39.0,43.25,38.0,39.5,39.5,16184
2022-01-10,39.04999923706055,39.875,36.25,37.25,37.25,6100
2022-01-11,37.75,38.75,36.25,37.5,37.5,2972
2022-01-12,38.0,38.29999923706055,36.25,37.25,37.25,4064
2022-01-13,37.0,37.5,35.25,36.25,36.25,2752
2022-01-14,35.25,35.67499923706055,33.75,33.75,33.75,4692
2022-01-18,34.0,34.75,31.25,31.5,31.5,2500
2022-01-19,31.875,32.5,30.5,31.5,31.5,2384
2022-01-20,32.0,34.0,31.75,31.75,31.75,2900
2022-01-21,31.75,32.5,30.0,30.75,30.75,2612
2022-01-24,28.75,31.5,27.5,30.5,30.5,4508
2022-01-25,30.0,31.475000381469727,28.774999618530273,31.450000762939453,31.450000762939453,1044
2022-01-26,32.25,32.75,28.75,30.25,30.25,1972
2022-01-27,31.5,31.5,27.5,27.975000381469727,27.975000381469727,1780
2022-01-28,29.5,29.5,27.5,27.75,27.75,9624
2022-01-31,29.75,30.0,28.0,29.5,29.5,3696
2022-02-01,29.5,32.5,28.799999237060547,32.5,32.5,3256
2022-02-02,32.599998474121094,37.25,32.5,35.25,35.25,9676
2022-02-03,35.0,35.0,30.25,31.25,31.25,5432
2022-02-04,31.5,32.474998474121094,30.274999618530273,32.0,32.0,768
2022-02-07,31.75,34.5,31.0,31.75,31.75,3804
2022-02-08,32.0,32.5,30.524999618530273,32.0,32.0,1016
2022-02-09,32.5,34.0,32.29999923706055,33.0,33.0,1012
2022-02-10,33.25,34.5,32.32500076293945,33.25,33.25,2608
2022-02-11,34.5,34.5,31.5,32.25,32.25,2068
2022-02-14,33.0,34.0,30.75,31.5,31.5,1628
2022-02-15,32.5,33.07500076293945,30.75,32.75,32.75,3260
2022-02-16,33.5,33.57500076293945,31.200000762939453,33.25,33.25,1684
2022-02-17,33.375,34.25,30.25,31.5,31.5,5616
2022-02-18,33.75,33.75,30.25,30.75,30.75,1588
2022-02-22,30.5,31.5,28.25,29.0,29.0,3708
2022-02-23,30.375,30.5,27.75,28.5,28.5,2832
2022-02-24,25.75,31.75,25.75,31.5,31.5,7360
2022-02-25,30.5,30.5,28.25,29.0,29.0,4960
2022-02-28,28.0,29.774999618530273,27.75,29.725000381469727,29.725000381469727,1640
2022-03-01,29.25,30.75,28.0,28.5,28.5,3884
2022-03-02,30.0,30.25,27.5,27.75,27.75,3024
2022-03-03,27.75,29.0,27.25,28.5,28.5,2732
2022-03-04,27.25,28.5,25.424999237060547,26.625,26.625,5844
2022-03-07,25.75,25.75,23.5,24.25,24.25,13404
2022-03-08,25.0,25.0,22.875,24.274999618530273,24.274999618530273,3644
2022-03-09,25.0,25.0,20.25,23.25,23.25,10700
2022-03-10,22.75,23.5,21.325000762939453,22.825000762939453,22.825000762939453,3856
2022-03-11,23.0,23.25,20.5,21.0,21.0,4528
2022-03-14,21.75,23.0,20.75,23.0,23.0,19572
2022-03-15,24.25,32.75,23.0,25.75,25.75,168084
2022-03-16,25.5,29.5,23.0,27.25,27.25,52100
2022-03-17,25.25,27.5,25.0,26.75,26.75,7988
2022-03-18,25.25,29.475000381469727,25.0,28.75,28.75,19284
2022-03-21,29.0,29.25,26.975000381469727,27.75,27.75,5716
2022-03-22,27.0,34.0,27.0,31.25,31.25,46236
2022-03-23,31.0,34.0,30.25,31.25,31.25,16748
2022-03-24,32.75,39.75,30.75,33.5,33.5,48648
2022-03-25,33.5,34.25,28.0,30.5,30.5,21556
2022-03-28,31.25,31.25,29.25,29.5,29.5,6708
2022-03-29,30.25,31.5,29.5,30.5,30.5,9608
2022-03-30,32.0,32.0,29.5,29.5,29.5,4264
2022-03-31,30.0,30.0,25.5,26.0,26.0,13552
2022-04-01,28.0,28.0,26.25,26.25,26.25,3628
2022-04-04,26.75,28.75,26.25,27.5,27.5,4728
2022-04-05,28.25,28.25,26.0,26.75,26.75,2716
2022-04-06,27.25,28.75,25.75,28.25,28.25,5468
2022-04-07,27.5,28.0,25.75,26.25,26.25,5448
2022-04-08,26.75,28.0,26.0,26.75,26.75,4016
2022-04-11,27.0,27.75,26.25,26.75,26.75,3428
2022-04-12,27.0,27.25,25.5,25.5,25.5,3064
2022-04-13,26.25,27.0,25.5,26.25,26.25,532
2022-04-14,26.850000381469727,27.0,25.5,26.25,26.25,732
2022-04-18,24.75,26.25,24.5,25.0,25.0,996
2022-04-19,26.25,26.25,24.5,25.25,25.25,1856
2022-04-20,25.5,26.125,24.75,26.0,26.0,540
2022-04-21,24.75,25.75,23.75,24.274999618530273,24.274999618530273,4400
2022-04-22,25.5,25.5,23.75,23.875,23.875,1940
2022-04-25,23.75,25.0,23.125,23.924999237060547,23.924999237060547,1264
2022-04-26,24.25,24.424999237060547,21.850000381469727,22.649999618530273,22.649999618530273,3652
2022-04-27,22.5,23.75,18.75,19.174999237060547,19.174999237060547,8868
2022-04-28,19.25,21.25,18.75,20.475000381469727,20.475000381469727,3484
2022-04-29,21.25,21.25,19.0,20.25,20.25,2364
2022-05-02,20.5,20.5,19.075000762939453,19.975000381469727,19.975000381469727,2916
2022-05-03,21.0,21.25,19.375,20.25,20.25,2128
2022-05-04,19.850000381469727,20.225000381469727,19.024999618530273,20.0,20.0,3580
2022-05-05,20.0,20.25,19.125,20.25,20.25,1312
2022-05-06,20.25,20.25,18.5,19.25,19.25,2096
2022-05-09,19.0,20.0,17.575000762939453,18.0,18.0,3440
2022-05-10,18.75,18.75,17.5,18.0,18.0,1616
2022-05-11,17.75,18.25,16.75,17.25,17.25,2276
2022-05-12,16.424999237060547,18.100000381469727,15.75,17.5,17.5,3676
2022-05-13,19.125,19.125,16.774999618530273,18.0,18.0,1740
2022-05-16,18.0,18.0,16.25,17.25,17.25,1628
2022-05-17,17.5,18.0,17.0,17.75,17.75,2864
2022-05-18,17.75,17.75,16.75,17.174999237060547,17.174999237060547,1184
2022-05-19,17.25,17.25,16.774999618530273,17.225000381469727,17.225000381469727,664
2022-05-20,19.0,19.0,16.600000381469727,17.25,17.25,3212
2022-05-23,17.424999237060547,19.0,16.5,17.225000381469727,17.225000381469727,1912
2022-05-24,17.5,17.5,15.75,16.975000381469727,16.975000381469727,2068
2022-05-25,15.25,17.25,15.25,17.25,17.25,2592
2022-05-26,18.049999237060547,18.125,17.125,17.5,17.5,1460
2022-05-27,18.25,18.75,15.75,17.475000381469727,17.475000381469727,2660
2022-05-31,17.850000381469727,18.200000762939453,17.0,17.75,17.75,3204
2022-06-01,18.5,18.5,16.5,17.25,17.25,3044
2022-06-02,17.25,17.475000381469727,15.774999618530273,17.225000381469727,17.225000381469727,4588
2022-06-03,17.5,17.5,16.424999237060547,17.450000762939453,17.450000762939453,444
2022-06-06,17.450000762939453,18.299999237060547,17.424999237060547,17.5,17.5,1700
2022-06-07,17.75,20.774999618530273,17.5,19.25,19.25,2080
2022-06-08,20.725000381469727,20.725000381469727,20.0,20.5,20.5,880
2022-06-09,21.424999237060547,23.75,20.75,22.75,22.75,4216
2022-06-10,23.25,23.25,20.0,21.375,21.375,988
2022-06-13,20.0,21.299999237060547,17.625,18.75,18.75,1244
2022-06-14,18.774999618530273,20.25,18.774999618530273,20.0,20.0,588
2022-06-15,19.975000381469727,23.0,17.975000381469727,20.200000762939453,20.200000762939453,1400
2022-06-16,20.674999237060547,20.674999237060547,17.5,19.0,19.0,888
2022-06-17,18.875,20.75,17.5,18.325000762939453,18.325000762939453,624
2022-06-21,18.25,18.350000381469727,17.875,18.25,18.25,396
2022-06-22,18.450000762939453,18.700000762939453,17.5,18.125,18.125,224
2022-06-23,18.75,33.25,18.125,21.5,21.5,281396
2022-06-24,24.625,24.625,18.774999618530273,20.799999237060547,20.799999237060547,17564
2022-06-27,21.5,22.25,19.5,20.75,20.75,3132
2022-06-28,21.799999237060547,21.799999237060547,19.024999618530273,19.924999237060547,19.924999237060547,2968
2022-06-29,19.75,20.0,17.5,19.0,19.0,4056
2022-06-30,19.899999618530273,19.950000762939453,17.25,18.0,18.0,3428
2022-07-01,18.75,18.75,17.25,18.0,18.0,1496
2022-07-05,18.75,19.200000762939453,17.875,18.625,18.625,268
2022-07-06,18.725000381469727,19.200000762939453,17.549999237060547,18.75,18.75,616
2022-07-07,18.75,19.950000762939453,18.25,19.5,19.5,6876
2022-07-08,19.5,20.5,18.875,20.100000381469727,20.100000381469727,2956
2022-07-11,20.25,20.25,18.5,19.725000381469727,19.725000381469727,3636
2022-07-12,19.725000381469727,19.725000381469727,18.424999237060547,19.25,19.25,264
2022-07-13,19.0,19.25,18.274999618530273,19.0,19.0,1184
2022-07-14,19.0,21.25,18.274999618530273,18.75,18.75,16384
2022-07-15,18.25,19.5,18.0,18.850000381469727,18.850000381469727,1000
2022-07-18,18.450000762939453,19.0,18.0,18.75,18.75,2004
2022-07-19,18.75,18.75,17.549999237060547,17.549999237060547,17.549999237060547,1272
2022-07-20,18.725000381469727,18.75,17.75,18.450000762939453,18.450000762939453,1804
2022-07-21,18.725000381469727,18.725000381469727,17.0,18.625,18.625,340
2022-07-22,18.5,18.5,17.5,18.25,18.25,1752
2022-07-25,18.024999618530273,18.700000762939453,17.524999618530273,18.225000381469727,18.225000381469727,1632
2022-07-26,18.5,18.5,17.0,17.125,17.125,3476
2022-07-27,17.125,18.25,17.0,17.674999237060547,17.674999237060547,676
2022-07-28,17.549999237060547,18.225000381469727,15.75,17.549999237060547,17.549999237060547,1244
2022-07-29,17.549999237060547,18.0,16.774999618530273,17.725000381469727,17.725000381469727,1096
2022-08-01,17.725000381469727,17.75,17.0,17.75,17.75,884
2022-08-02,17.725000381469727,27.5,16.375,21.725000381469727,21.725000381469727,32680
2022-08-03,22.125,22.25,18.799999237060547,21.024999618530273,21.024999618530273,19456
2022-08-04,20.399999618530273,21.399999618530273,19.5,20.5,20.5,4532
2022-08-05,20.0,26.75,19.799999237060547,22.75,22.75,69924
2022-08-08,23.5,26.5,22.725000381469727,23.799999237060547,23.799999237060547,15124
2022-08-09,24.75,25.5,22.524999618530273,23.5,23.5,7340
2022-08-10,23.5,23.5,20.75,21.799999237060547,21.799999237060547,5140
2022-08-11,22.200000762939453,22.200000762939453,20.024999618530273,21.549999237060547,21.549999237060547,3268
2022-08-12,21.0,21.225000381469727,20.25,20.5,20.5,2276
2022-08-15,20.274999618530273,21.75,20.0,21.274999618530273,21.274999618530273,5648
2022-08-16,21.25,22.200000762939453,20.5,21.5,21.5,1256
2022-08-17,20.924999237060547,21.5,20.524999618530273,21.0,21.0,432
2022-08-18,20.625,21.575000762939453,18.5,19.725000381469727,19.725000381469727,5332
2022-08-19,19.75,20.5,17.674999237060547,18.649999618530273,18.649999618530273,2744
2022-08-22,18.25,19.0,17.0,17.75,17.75,4608
2022-08-23,18.0,19.0,17.475000381469727,18.424999237060547,18.424999237060547,3624
2022-08-24,18.5,18.5,17.924999237060547,18.450000762939453,18.450000762939453,632
2022-08-25,18.450000762939453,19.0,17.924999237060547,18.25,18.25,892
2022-08-26,18.975000381469727,18.975000381469727,17.274999618530273,17.75,17.75,1752
2022-08-29,17.725000381469727,21.25,17.274999618530273,19.5,19.5,11928
2022-08-30,21.0,21.0,17.350000381469727,18.75,18.75,4336
2022-08-31,18.0,19.0,17.25,18.75,18.75,4872
2022-09-01,18.75,18.75,17.450000762939453,18.0,18.0,1000
2022-09-02,18.549999237060547,18.549999237060547,17.024999618530273,17.149999618530273,17.149999618530273,1556
2022-09-06,17.325000762939453,17.649999618530273,16.625,17.25,17.25,1792
2022-09-07,17.75,17.75,17.0,17.5,17.5,548
2022-09-08,18.424999237060547,18.424999237060547,16.75,17.625,17.625,1896
2022-09-09,18.475000381469727,21.25,18.475000381469727,19.5,19.5,9944
2022-09-12,20.100000381469727,21.125,19.524999618530273,20.0,20.0,2424
2022-09-13,19.674999237060547,20.625,18.774999618530273,20.0,20.0,1212
2022-09-14,19.299999237060547,20.625,19.299999237060547,20.0,20.0,712
2022-09-15,19.899999618530273,20.75,19.299999237060547,20.075000762939453,20.075000762939453,800
2022-09-16,19.75,20.774999618530273,19.75,20.075000762939453,20.075000762939453,1392
2022-09-19,18.75,21.0,18.024999618530273,18.75,18.75,2832
2022-09-20,19.0,19.225000381469727,17.799999237060547,18.75,18.75,1124
2022-09-21,18.174999237060547,19.399999618530273,17.0,17.0,17.0,3760
2022-09-22,18.0,18.0,15.0,15.5,15.5,3684
2022-09-23,16.0,16.950000762939453,14.5,15.574999809265137,15.574999809265137,1092
2022-09-26,14.425000190734863,15.25,14.25,14.75,14.75,816
2022-09-27,15.574999809265137,15.574999809265137,13.75,14.899999618530273,14.899999618530273,844
2022-09-28,15.0,15.0,14.625,15.0,15.0,436
2022-09-29,15.0,15.0,14.125,15.0,15.0,880
2022-09-30,16.25,16.25,15.25,15.449999809265137,15.449999809265137,868
2022-10-03,15.75,16.25,15.0,15.300000190734863,15.300000190734863,440
2022-10-04,15.75,17.25,15.0,16.475000381469727,16.475000381469727,380
2022-10-05,16.75,16.75,15.25,16.049999237060547,16.049999237060547,244
2022-10-06,16.850000381469727,16.850000381469727,15.274999618530273,15.675000190734863,15.675000190734863,324
2022-10-07,16.975000381469727,16.975000381469727,15.375,15.425000190734863,15.425000190734863,668
2022-10-10,15.875,15.949999809265137,15.5,15.75,15.75,432
2022-10-11,16.25,16.549999237060547,14.5,15.024999618530273,15.024999618530273,1488
2022-10-12,17.0,17.0,15.5,16.350000381469727,16.350000381469727,1112
2022-10-13,16.5,16.674999237060547,15.0,15.75,15.75,1088
2022-10-14,16.25,16.25,14.75,15.25,15.25,1260
2022-10-17,14.0,15.75,13.25,14.5,14.5,3280
2022-10-18,15.0,15.0,13.75,14.625,14.625,604
2022-10-19,14.625,14.625,13.0,13.5,13.5,1632
2022-10-20,14.25,14.25,12.75,14.0,14.0,1360
2022-10-21,14.0,14.324999809265137,13.0,13.875,13.875,1100
2022-10-24,14.0,15.5,13.25,14.0,14.0,1172
2022-10-25,13.75,14.5,13.675000190734863,14.0,14.0,1524
2022-10-26,15.5,15.5,14.25,14.600000381469727,14.600000381469727,396
2022-10-27,15.375,15.375,13.75,14.75,14.75,140
2022-10-28,14.649999618530273,14.649999618530273,13.75,14.0,14.0,520
2022-10-31,14.25,14.850000381469727,13.75,14.5,14.5,708
2022-11-01,14.949999809265137,15.375,13.75,14.5,14.5,1120
2022-11-02,15.225000381469727,15.225000381469727,13.25,14.625,14.625,428
2022-11-03,15.375,15.375,13.5,14.125,14.125,200
2022-11-04,15.375,15.375,14.0,14.75,14.75,564
2022-11-07,15.300000190734863,15.375,13.5,14.875,14.875,1028
2022-11-08,15.375,15.375,12.574999809265137,13.75,13.75,1768
2022-11-09,14.100000381469727,14.25,12.449999809265137,12.5,12.5,1484
2022-11-10,12.75,14.0,12.75,13.925000190734863,13.925000190734863,784
2022-11-11,14.0,14.5,13.925000190734863,14.25,14.25,460
2022-11-14,14.25,14.75,12.899999618530273,13.875,13.875,708
2022-11-15,14.0,15.125,13.0,14.0,14.0,14516
2022-11-16,14.300000190734863,14.850000381469727,11.149999618530273,14.850000381469727,14.850000381469727,27180
2022-11-17,13.399999618530273,14.0,12.600000381469727,13.050000190734863,13.050000190734863,10040
2022-11-18,12.350000381469727,12.949999809265137,11.850000381469727,11.960000038146973,11.960000038146973,3880
2022-11-21,11.5,12.0,10.199999809265137,10.800000190734863,10.800000190734863,2920
2022-11-22,11.399999618530273,12.300000190734863,10.800000190734863,11.199999809265137,11.199999809265137,7000
2022-11-23,12.234999656677246,12.300000190734863,10.550000190734863,11.399999618530273,11.399999618530273,3680
2022-11-25,11.5,11.5,11.029999732971191,11.100000381469727,11.100000381469727,500
2022-11-28,11.050000190734863,12.399999618530273,10.800000190734863,12.399999618530273,12.399999618530273,580
2022-11-29,11.949999809265137,11.949999809265137,11.005000114440918,11.100000381469727,11.100000381469727,1620
2022-11-30,11.649999618530273,12.0,11.25,11.704999923706055,11.704999923706055,2280
2022-12-01,11.649999618530273,12.0,11.600000381469727,11.949999809265137,11.949999809265137,1020
2022-12-02,12.25,12.579999923706055,11.079999923706055,11.979999542236328,11.979999542236328,1540
2022-12-05,11.850000381469727,12.0,11.550000190734863,12.0,12.0,880
2022-12-06,12.0,14.300000190734863,11.5,13.045000076293945,13.045000076293945,5000
2022-12-07,12.524999618530273,13.25,11.975000381469727,11.994999885559082,11.994999885559082,1680
2022-12-08,11.5,12.399999618530273,11.5,12.25,12.25,2440
2022-12-09,12.265000343322754,12.375,11.5,11.930000305175781,11.930000305175781,600
2022-12-12,11.600000381469727,12.75,11.350000381469727,12.75,12.75,3360
2022-12-13,12.484999656677246,12.484999656677246,11.550000190734863,12.300000190734863,12.300000190734863,1000
2022-12-14,12.65999984741211,12.65999984741211,11.550000190734863,11.640000343322754,11.640000343322754,580
2022-12-15,13.800000190734863,15.949999809265137,11.050000190734863,12.100000381469727,12.100000381469727,17500
2022-12-16,12.350000381469727,12.350000381469727,11.050000190734863,11.199999809265137,11.199999809265137,1400
2022-12-19,12.449999809265137,12.449999809265137,10.149999618530273,10.149999618530273,10.149999618530273,2440
2022-12-20,10.805000305175781,11.600000381469727,8.925000190734863,9.949999809265137,9.949999809265137,3440
2022-12-21,9.40999984741211,10.699999809265137,9.40999984741211,10.149999618530273,10.149999618530273,1440
2022-12-22,10.539999961853027,11.149999618530273,9.100000381469727,9.850000381469727,9.850000381469727,3280
2022-12-23,10.300000190734863,10.300000190734863,9.0,9.149999618530273,9.149999618530273,1720
2022-12-27,8.649999618530273,9.149999618530273,8.5,8.899999618530273,8.899999618530273,2100
2022-12-28,8.949999809265137,10.324999809265137,8.5,9.800000190734863,9.800000190734863,4000
2022-12-29,9.5,9.819999694824219,9.050000190734863,9.600000381469727,9.600000381469727,3160
2022-12-30,9.75,10.300000190734863,8.75,9.3100004196167,9.3100004196167,5600
2023-01-03,9.5,10.050000190734863,9.279999732971191,9.75,9.75,2120
2023-01-04,9.449999809265137,11.300000190734863,9.449999809265137,10.199999809265137,10.199999809265137,7580
2023-01-05,10.350000381469727,18.25,10.295000076293945,16.25,16.25,290740
2023-01-06,14.149999618530273,14.5,11.75,13.25,13.25,138720
2023-01-09,12.5,13.949999809265137,10.600000381469727,11.25,11.25,19340
2023-01-10,11.699999809265137,11.729999542236328,10.069999694824219,10.619999885559082,10.619999885559082,7180
2023-01-11,10.5,12.449999809265137,10.050000190734863,11.050000190734863,11.050000190734863,19480
2023-01-12,11.470000267028809,12.220000267028809,10.210000038146973,11.600000381469727,11.600000381469727,8080
2023-01-13,11.550000190734863,11.859999656677246,10.399999618530273,11.600000381469727,11.600000381469727,1800
2023-01-17,11.75,12.899999618530273,11.404999732971191,12.25,12.25,7620
2023-01-18,12.75,12.75,11.600000381469727,12.199999809265137,12.199999809265137,4060
2023-01-19,12.100000381469727,12.100000381469727,11.359999656677246,11.5,11.5,3980
2023-01-20,12.5,12.5,10.100000381469727,10.760000228881836,10.760000228881836,58360
2023-01-23,11.25,11.699999809265137,10.75,11.100000381469727,11.100000381469727,7820
2023-01-24,11.649999618530273,11.649999618530273,10.800000190734863,11.199999809265137,11.199999809265137,2800
2023-01-25,11.199999809265137,11.75,10.899999618530273,11.5,11.5,4440
2023-01-26,11.600000381469727,12.25,11.300000190734863,12.25,12.25,8640
2023-01-27,12.25,12.25,11.399999618530273,11.710000038146973,11.710000038146973,6240
2023-01-30,12.0,12.0,10.5,11.699999809265137,11.699999809265137,4340
2023-01-31,11.880000114440918,12.649999618530273,10.899999618530273,11.899999618530273,11.899999618530273,7080
2023-02-01,12.199999809265137,13.699999809265137,12.199999809265137,13.100000381469727,13.100000381469727,12420
2023-02-02,13.289999961853027,13.635000228881836,12.75,13.399999618530273,13.399999618530273,5100
2023-02-03,13.795000076293945,14.800000190734863,12.960000038146973,13.649999618530273,13.649999618530273,35780
2023-02-06,12.800000190734863,13.5,12.600000381469727,12.899999618530273,12.899999618530273,3220
2023-02-07,12.699999809265137,13.449999809265137,12.149999618530273,12.399999618530273,12.399999618530273,13400
2023-02-08,12.100000381469727,12.699999809265137,11.75,12.0,12.0,4300
2023-02-09,12.800000190734863,12.800000190734863,11.375,12.0,12.0,6460
2023-02-10,11.800000190734863,11.875,11.125,11.875,11.875,4420
2023-02-13,12.0,13.0,11.279999732971191,12.350000381469727,12.350000381469727,3620
2023-02-14,12.300000190734863,12.300000190734863,11.5,11.649999618530273,11.649999618530273,1620
2023-02-15,12.300000190734863,12.300000190734863,11.5,11.649999618530273,11.649999618530273,1580
2023-02-16,12.350000381469727,12.350000381469727,11.600000381469727,11.760000228881836,11.760000228881836,2020
2023-02-17,11.899999618530273,12.135000228881836,11.800000190734863,11.800000190734863,11.800000190734863,1000
2023-02-21,11.399999618530273,12.100000381469727,11.25,11.399999618530273,11.399999618530273,1540
2023-02-22,11.25,11.850000381469727,11.25,11.5,11.5,580
2023-02-23,11.75,12.050000190734863,10.899999618530273,11.5,11.5,1960
2023-02-24,11.0,11.539999961853027,10.699999809265137,11.0,11.0,2840
2023-02-27,11.350000381469727,11.350000381469727,10.449999809265137,10.699999809265137,10.699999809265137,5460
2023-02-28,11.0,11.0,10.25,10.75,10.75,400
2023-03-01,10.850000381469727,10.970000267028809,10.260000228881836,10.800000190734863,10.800000190734863,3680
2023-03-02,10.25,10.800000190734863,10.149999618530273,10.649999618530273,10.649999618530273,2660
2023-03-03,10.800000190734863,10.949999809265137,9.5,9.949999809265137,9.949999809265137,7320
2023-03-06,9.744999885559082,9.744999885559082,9.0,9.475000381469727,9.475000381469727,8200
2023-03-07,9.149999618530273,10.550000190734863,9.0,9.699999809265137,9.699999809265137,17220
2023-03-08,10.0,10.699999809265137,6.625,7.099999904632568,7.099999904632568,151560
2023-03-09,7.099999904632568,7.300000190734863,6.5,6.650000095367432,6.650000095367432,10740
2023-03-10,6.800000190734863,6.900000095367432,6.0,6.199999809265137,6.199999809265137,10460
2023-03-13,6.0,6.75,5.75,6.099999904632568,6.099999904632568,3040
2023-03-14,6.329999923706055,6.329999923706055,5.050000190734863,5.800000190734863,5.800000190734863,7220
2023-03-15,5.449999809265137,6.010000228881836,5.0,5.800000190734863,5.800000190734863,5460
2023-03-16,5.800000190734863,5.949999809265137,5.150000095367432,5.800000190734863,5.800000190734863,3740
2023-03-17,5.994999885559082,5.994999885559082,5.554999828338623,5.849999904632568,5.849999904632568,2020
2023-03-20,6.019999980926514,6.019999980926514,5.25,5.25,5.25,1820
2023-03-21,5.994999885559082,5.994999885559082,5.0,5.449999809265137,5.449999809265137,5820
2023-03-22,5.5,5.925000190734863,5.25,5.400000095367432,5.400000095367432,2220
2023-03-23,5.449999809265137,5.550000190734863,5.349999904632568,5.349999904632568,5.349999904632568,1040
2023-03-24,5.5,5.800000190734863,5.25,5.400000095367432,5.400000095367432,3980
2023-03-27,5.704999923706055,5.704999923706055,5.449999809265137,5.550000190734863,5.550000190734863,680
2023-03-28,5.75,5.75,5.550000190734863,5.550000190734863,5.550000190734863,1560
2023-03-29,5.550000190734863,5.75,5.150000095367432,5.449999809265137,5.449999809265137,3400
2023-03-30,5.599999904632568,5.949999809265137,5.300000190734863,5.349999904632568,5.349999904632568,2880
2023-03-31,5.5,5.699999809265137,5.03000020980835,5.550000190734863,5.550000190734863,6160
2023-04-03,5.690000057220459,5.690000057220459,5.25,5.550000190734863,5.550000190734863,660
2023-04-04,5.699999809265137,5.699999809265137,5.5,5.550000190734863,5.550000190734863,600
2023-04-05,5.614999771118164,5.650000095367432,5.5,5.650000095367432,5.650000095367432,1320
2023-04-06,5.619999885559082,5.650000095367432,5.5,5.5,5.5,500
2023-04-10,5.650000095367432,5.650000095367432,5.414999961853027,5.449999809265137,5.449999809265137,540
2023-04-11,5.599999904632568,6.099999904632568,5.599999904632568,5.800000190734863,5.800000190734863,3740
2023-04-12,5.900000095367432,5.934999942779541,5.045000076293945,5.34499979019165,5.34499979019165,10980
2023-04-13,5.449999809265137,5.639999866485596,5.099999904632568,5.199999809265137,5.199999809265137,4460
2023-04-14,5.300000190734863,5.349999904632568,5.0,5.050000190734863,5.050000190734863,1980
2023-04-17,5.0,5.949999809265137,5.0,5.75,5.75,53720
2023-04-18,5.5,5.900000095367432,5.050000190734863,5.150000095367432,5.150000095367432,11760
2023-04-19,5.914999961853027,5.914999961853027,5.25,5.400000095367432,5.400000095367432,1120
2023-04-20,5.150000095367432,5.699999809265137,5.09499979019165,5.400000095367432,5.400000095367432,1440
2023-04-21,5.5,5.900000095367432,5.25,5.800000190734863,5.800000190734863,4380
2023-04-24,5.5,5.849999904632568,5.5,5.75,5.75,1620
2023-04-25,5.755000114440918,5.849999904632568,5.75,5.849999904632568,5.849999904632568,1380
2023-04-26,5.949999809265137,6.75,5.75,6.0,6.0,6120
2023-04-27,6.25,6.25,5.550000190734863,5.75,5.75,4800
2023-04-28,6.400000095367432,10.850000381469727,5.800000190734863,8.149999618530273,8.149999618530273,387600
2023-05-01,8.0,12.399999618530273,7.0,10.899999618530273,10.899999618530273,235200
2023-05-02,17.899999618530273,39.400001525878906,9.800000190734863,10.899999618530273,10.899999618530273,11236200
2023-05-03,11.199999809265137,14.699999809265137,9.199999809265137,11.850000381469727,11.850000381469727,559780
2023-05-04,11.800000190734863,11.800000190734863,9.550000190734863,10.449999809265137,10.449999809265137,116000
2023-05-05,9.399999618530273,10.449999809265137,8.75,10.25,10.25,70560
2023-05-08,11.25,12.449999809265137,10.600000381469727,11.949999809265137,11.949999809265137,219100
2023-05-09,10.899999618530273,11.399999618530273,10.0,10.25,10.25,30920
2023-05-10,9.899999618530273,11.199999809265137,9.0,10.149999618530273,10.149999618530273,68860
2023-05-11,9.75,13.449999809265137,9.75,10.399999618530273,10.399999618530273,209820
2023-05-12,11.100000381469727,11.199999809265137,9.649999618530273,10.100000381469727,10.100000381469727,59060
2023-05-15,10.0,10.899999618530273,9.649999618530273,10.25,10.25,47840
2023-05-16,10.449999809265137,11.5,9.75,10.649999618530273,10.649999618530273,94700
2023-05-17,10.100000381469727,10.149999618530273,8.850000381469727,9.199999809265137,9.199999809265137,40820
2023-05-18,8.949999809265137,9.414999961853027,8.75,9.100000381469727,9.100000381469727,11860
2023-05-19,9.149999618530273,9.649999618530273,8.949999809265137,9.5,9.5,16220
2023-05-22,9.25,9.850000381469727,9.109999656677246,9.399999618530273,9.399999618530273,9380
2023-05-23,9.300000190734863,9.800000190734863,9.199999809265137,9.350000381469727,9.350000381469727,12040
2023-05-24,9.350000381469727,9.75,9.199999809265137,9.350000381469727,9.350000381469727,12180
2023-05-25,9.25,9.350000381469727,8.0,8.0,8.0,21820
2023-05-26,8.050000190734863,8.850000381469727,8.050000190734863,8.300000190734863,8.300000190734863,5580
2023-05-30,8.100000381469727,9.0,8.0,8.050000190734863,8.050000190734863,10580
2023-05-31,8.100000381469727,8.699999809265137,7.75,7.75,7.75,10660
2023-06-01,7.900000095367432,8.449999809265137,6.800000190734863,7.900000095367432,7.900000095367432,22460
2023-06-02,8.199999809265137,9.899999618530273,7.835000038146973,9.399999618530273,9.399999618530273,48700
2023-06-05,9.100000381469727,9.710000038146973,8.550000190734863,8.75,8.75,10620
2023-06-06,8.524999618530273,9.0,8.350000381469727,8.600000381469727,8.600000381469727,7880
2023-06-07,8.5,8.75,8.350000381469727,8.5,8.5,8020
2023-06-08,9.350000381469727,9.350000381469727,8.399999618530273,8.949999809265137,8.949999809265137,20500
2023-06-09,8.350000381469727,8.699999809265137,8.050000190734863,8.5,8.5,5940
2023-06-12,8.800000190734863,11.425000190734863,8.399999618530273,8.399999618530273,8.399999618530273,173380
2023-06-13,9.300000190734863,9.899999618530273,8.600000381469727,8.949999809265137,8.949999809265137,28880
2023-06-14,8.75,9.199999809265137,8.550000190734863,8.550000190734863,8.550000190734863,18360
2023-06-15,8.5,8.899999618530273,7.300000190734863,8.199999809265137,8.199999809265137,20500
2023-06-16,8.199999809265137,8.350000381469727,8.0,8.050000190734863,8.050000190734863,5580
2023-06-20,8.0,8.25,7.75,8.0,8.0,7860
2023-06-21,7.599999904632568,8.100000381469727,7.599999904632568,7.849999904632568,7.849999904632568,6700
2023-06-22,8.0,8.100000381469727,7.75,7.849999904632568,7.849999904632568,2960
2023-06-23,8.079999923706055,8.149999618530273,7.599999904632568,7.599999904632568,7.599999904632568,5380
2023-06-26,7.650000095367432,7.744999885559082,6.909999847412109,7.199999809265137,7.199999809265137,6300
2023-06-27,7.199999809265137,7.78000020980835,7.099999904632568,7.300000190734863,7.300000190734863,4420
2023-06-28,7.25,7.449999809265137,7.150000095367432,7.199999809265137,7.199999809265137,3820
2023-06-29,7.199999809265137,7.449999809265137,7.150000095367432,7.400000095367432,7.400000095367432,3000
2023-06-30,7.099999904632568,7.400000095367432,6.75,6.75,6.75,11520
2023-07-03,6.900000095367432,6.900000095367432,6.550000190734863,6.800000190734863,6.800000190734863,3000
2023-07-05,6.849999904632568,7.150000095367432,6.75,6.949999809265137,6.949999809265137,3080
2023-07-06,6.800000190734863,6.900000095367432,6.300000190734863,6.599999904632568,6.599999904632568,4880
2023-07-07,6.550000190734863,6.849999904632568,6.5,6.75,6.75,3480
2023-07-10,6.5,7.050000190734863,6.5,7.0,7.0,4380
2023-07-11,7.199999809265137,7.199999809265137,6.804999828338623,7.0,7.0,2080
2023-07-12,7.099999904632568,7.199999809265137,6.800000190734863,6.804999828338623,6.804999828338623,4600
2023-07-13,6.699999809265137,7.150000095367432,6.699999809265137,7.050000190734863,7.050000190734863,4940
2023-07-14,7.050000190734863,7.199999809265137,6.5,6.625,6.625,4900
2023-07-17,6.275000095367432,6.724999904632568,6.25,6.400000095367432,6.400000095367432,6460
2023-07-18,6.300000190734863,6.699999809265137,6.25,6.300000190734863,6.300000190734863,5380
2023-07-19,6.75,6.75,6.150000095367432,6.300000190734863,6.300000190734863,1700
2023-07-20,6.599999904632568,6.599999904632568,6.199999809265137,6.400000095367432,6.400000095367432,1020
2023-07-21,6.414999961853027,6.449999809265137,6.054999828338623,6.25,6.25,6400
2023-07-24,6.0,6.199999809265137,5.199999809265137,6.0,6.0,8740
2023-07-25,6.0,6.150000095367432,5.699999809265137,6.099999904632568,6.099999904632568,4380
2023-07-26,5.849999904632568,6.5,5.75,6.349999904632568,6.349999904632568,8960
2023-07-27,6.150000095367432,6.449999809265137,5.949999809265137,5.949999809265137,5.949999809265137,1300
2023-07-28,6.050000190734863,6.5,6.050000190734863,6.400000095367432,6.400000095367432,9200
2023-07-31,6.300000190734863,6.650000095367432,6.0,6.300000190734863,6.300000190734863,2880
2023-08-01,6.25,6.510000228881836,6.150000095367432,6.5,6.5,4020
2023-08-02,6.474999904632568,6.5,5.900000095367432,6.0,6.0,3140
2023-08-03,6.150000095367432,6.175000190734863,5.849999904632568,6.150000095367432,6.150000095367432,1220
2023-08-04,5.900000095367432,6.244999885559082,5.900000095367432,6.0,6.0,1500
2023-08-07,5.900000095367432,6.199999809265137,5.550000190734863,5.949999809265137,5.949999809265137,1980
2023-08-08,6.0,6.050000190734863,5.75,5.849999904632568,5.849999904632568,3180
2023-08-09,5.949999809265137,6.0,5.75,5.75,5.75,2620
2023-08-10,6.150000095367432,6.150000095367432,5.75,5.949999809265137,5.949999809265137,2760
2023-08-11,5.75,6.0,5.75,6.0,6.0,2680
2023-08-14,5.699999809265137,6.150000095367432,5.699999809265137,5.800000190734863,5.800000190734863,3740
2023-08-15,6.195000171661377,6.195000171661377,5.550000190734863,5.824999809265137,5.824999809265137,3260
2023-08-16,5.699999809265137,6.050000190734863,5.394999980926514,5.75,5.75,3240
2023-08-17,5.699999809265137,5.724999904632568,5.534999847412109,5.599999904632568,5.599999904632568,1400
2023-08-18,5.349999904632568,5.599999904632568,5.349999904632568,5.449999809265137,5.449999809265137,295460
2023-08-21,6.550000190734863,7.375,6.25,7.199999809265137,7.199999809265137,2319060
2023-08-22,7.75,8.800000190734863,6.550000190734863,7.75,7.75,316320
2023-08-23,7.050000190734863,7.300000190734863,6.650000095367432,6.849999904632568,6.849999904632568,32200
2023-08-24,6.599999904632568,10.699999809265137,6.599999904632568,7.5,7.5,701300
2023-08-25,7.050000190734863,7.494999885559082,6.599999904632568,7.25,7.25,34400
2023-08-28,7.050000190734863,7.550000190734863,7.050000190734863,7.150000095367432,7.150000095367432,14580
2023-08-29,7.099999904632568,7.434999942779541,7.010000228881836,7.150000095367432,7.150000095367432,8140
2023-08-30,7.25,7.449999809265137,7.019999980926514,7.349999904632568,7.349999904632568,7260
2023-08-31,7.150000095367432,7.550000190734863,7.150000095367432,7.349999904632568,7.349999904632568,5040
2023-09-01,7.150000095367432,8.234999656677246,7.150000095367432,7.650000095367432,7.650000095367432,13900
2023-09-05,7.25,7.349999904632568,7.099999904632568,7.349999904632568,7.349999904632568,5820
2023-09-06,7.25,7.324999809265137,6.849999904632568,6.949999809265137,6.949999809265137,6520
2023-09-07,7.199999809265137,7.199999809265137,5.75,6.150000095367432,6.150000095367432,17180
2023-09-08,6.150000095367432,6.150000095367432,5.599999904632568,5.599999904632568,5.599999904632568,6700
2023-09-11,5.650000095367432,5.900000095367432,5.650000095367432,5.650000095367432,5.650000095367432,4280
2023-09-12,6.0,6.050000190734863,5.650000095367432,5.949999809265137,5.949999809265137,12960
2023-09-13,5.900000095367432,7.25,5.900000095367432,6.550000190734863,6.550000190734863,71600
2023-09-14,6.800000190734863,7.0,6.25,6.75,6.75,41460
2023-09-15,7.5,7.75,6.800000190734863,7.400000095367432,7.400000095367432,71320
2023-09-18,7.300000190734863,8.149999618530273,7.199999809265137,7.400000095367432,7.400000095367432,93140
2023-09-19,7.300000190734863,7.614999771118164,6.050000190734863,6.300000190734863,6.300000190734863,45880
2023-09-20,6.0,6.454999923706055,5.75,6.0,6.0,18660
2023-09-21,6.329999923706055,6.329999923706055,5.75,5.949999809265137,5.949999809265137,5380
2023-09-22,5.900000095367432,6.099999904632568,5.650000095367432,5.75,5.75,6160
2023-09-25,5.75,6.050000190734863,5.5,5.900000095367432,5.900000095367432,13620
2023-09-26,5.699999809265137,5.800000190734863,5.480000019073486,5.599999904632568,5.599999904632568,3720
2023-09-27,5.400000095367432,5.75,5.199999809265137,5.400000095367432,5.400000095367432,6620
2023-09-28,5.25,5.579999923706055,5.25,5.349999904632568,5.349999904632568,1120
2023-09-29,5.425000190734863,5.599999904632568,5.25,5.25,5.25,2480
2023-10-02,5.5,5.5,5.050000190734863,5.25,5.25,10220
2023-10-03,5.434999942779541,5.434999942779541,5.150000095367432,5.400000095367432,5.400000095367432,620
2023-10-04,5.199999809265137,5.349999904632568,5.050000190734863,5.150000095367432,5.150000095367432,1200
2023-10-05,5.199999809265137,5.25,5.0,5.199999809265137,5.199999809265137,7000
2023-10-06,5.300000190734863,5.349999904632568,5.0,5.195000171661377,5.195000171661377,6360
2023-10-09,5.195000171661377,5.25,3.6500000953674316,4.03000020980835,4.03000020980835,59640
2023-10-10,3.9100000858306885,4.349999904632568,3.9100000858306885,4.25,4.25,6320
2023-10-11,4.324999809265137,4.324999809265137,3.930000066757202,4.085000038146973,4.085000038146973,45400
2023-10-12,4.300000190734863,6.0,4.300000190734863,5.224999904632568,5.224999904632568,328540
2023-10-13,4.25,6.0,4.199999809265137,5.050000190734863,5.050000190734863,122260
2023-10-16,4.599999904632568,5.75,4.25,5.099999904632568,5.099999904632568,41180
2023-10-17,5.300000190734863,5.300000190734863,4.949999809265137,4.949999809265137,4.949999809265137,7300
2023-10-18,4.75,5.0,4.704999923706055,4.800000190734863,4.800000190734863,5160
2023-10-19,4.699999809265137,4.75,4.5,4.605000019073486,4.605000019073486,5740
2023-10-20,4.605000019073486,4.75,4.300000190734863,4.400000095367432,4.400000095367432,7860
2023-10-23,4.300000190734863,4.650000095367432,4.300000190734863,4.300000190734863,4.300000190734863,4040
2023-10-24,4.289999961853027,4.505000114440918,4.25,4.400000095367432,4.400000095367432,4320
2023-10-25,4.514999866485596,4.800000190734863,4.295000076293945,4.425000190734863,4.425000190734863,2640
2023-10-26,4.190000057220459,4.474999904632568,4.190000057220459,4.210000038146973,4.210000038146973,3220
2023-10-27,4.199999809265137,4.400000095367432,3.9049999713897705,4.400000095367432,4.400000095367432,2800
2023-10-30,4.150000095367432,4.5,4.150000095367432,4.335000038146973,4.335000038146973,1580
2023-10-31,4.25,4.5,4.164999961853027,4.400000095367432,4.400000095367432,2400
2023-11-01,4.449999809265137,4.449999809265137,4.099999904632568,4.099999904632568,4.099999904632568,1880
2023-11-02,4.5,4.5,3.9549999237060547,4.394999980926514,4.394999980926514,3400
2023-11-03,4.300000190734863,4.394999980926514,4.039999961853027,4.329999923706055,4.329999923706055,3360
2023-11-06,4.329999923706055,4.349999904632568,4.010000228881836,4.199999809265137,4.199999809265137,7800
2023-11-07,4.195000171661377,4.195000171661377,3.7200000286102295,3.9049999713897705,3.9049999713897705,18880
2023-11-08,4.099999904632568,4.099999904632568,3.75,3.950000047683716,3.950000047683716,5000
2023-11-09,3.950000047683716,4.0,3.700000047683716,3.799999952316284,3.799999952316284,2360
2023-11-10,4.0,4.0,3.25,3.5999999046325684,3.5999999046325684,16920
2023-11-13,3.490000009536743,3.6500000953674316,3.25,3.4000000953674316,3.4000000953674316,3700
2023-11-14,3.5999999046325684,3.5999999046325684,3.25,3.5999999046325684,3.5999999046325684,3820
2023-11-15,3.799999952316284,3.9749999046325684,3.700000047683716,3.859999895095825,3.859999895095825,5560
2023-11-16,3.809999942779541,3.924999952316284,3.5,3.7200000286102295,3.7200000286102295,4060
2023-11-17,3.7249999046325684,3.799999952316284,3.5350000858306885,3.6500000953674316,3.6500000953674316,3980
2023-11-20,3.75,3.7699999809265137,3.244999885559082,3.5950000286102295,3.5950000286102295,9940
2023-11-21,3.5,3.630000114440918,3.5,3.630000114440918,3.630000114440918,6540
2023-11-22,3.5,3.744999885559082,3.3499999046325684,3.700000047683716,3.700000047683716,2660
2023-11-24,3.700000047683716,3.734999895095825,3.5,3.680000066757202,3.680000066757202,3980
2023-11-27,3.549999952316284,3.799999952316284,3.4000000953674316,3.569999933242798,3.569999933242798,4280
2023-11-28,3.700000047683716,3.7950000762939453,3.509999990463257,3.6600000858306885,3.6600000858306885,4220
2023-11-29,3.5799999237060547,3.799999952316284,3.5199999809265137,3.684999942779541,3.684999942779541,2700
2023-11-30,3.6549999713897705,3.8499999046325684,3.4549999237060547,3.75,3.75,7420
2023-12-01,3.75,3.75,3.484999895095825,3.75,3.75,760
2023-12-04,3.75,3.75,3.5,3.680000066757202,3.680000066757202,3760
2023-12-05,3.549999952316284,3.740000009536743,3.450000047683716,3.7249999046325684,3.7249999046325684,580
2023-12-06,3.4649999141693115,3.7249999046325684,3.4600000381469727,3.700000047683716,3.700000047683716,440
2023-12-07,3.740000009536743,3.9000000953674316,3.4649999141693115,3.5,3.5,11880
2023-12-08,3.75,3.75,3.430000066757202,3.5199999809265137,3.5199999809265137,4160
2023-12-11,3.5199999809265137,3.7200000286102295,3.4000000953674316,3.7200000286102295,3.7200000286102295,6320
2023-12-12,3.700000047683716,3.700000047683716,3.4100000858306885,3.5,3.5,5740
2023-12-13,3.4100000858306885,3.5,3.25,3.4000000953674316,3.4000000953674316,8800
2023-12-14,3.5,3.5,3.4000000953674316,3.4000000953674316,3.4000000953674316,1540
2023-12-15,3.6449999809265137,3.6600000858306885,3.4000000953674316,3.4049999713897705,3.4049999713897705,3320
2023-12-18,3.4049999713897705,3.575000047683716,3.4000000953674316,3.4049999713897705,3.4049999713897705,3500
2023-12-19,3.549999952316284,3.674999952316284,3.3499999046325684,3.5899999141693115,3.5899999141693115,10440
2023-12-20,3.3499999046325684,3.5999999046325684,3.299999952316284,3.5,3.5,9100
2023-12-21,3.5999999046325684,3.5999999046325684,3.259999990463257,3.299999952316284,3.299999952316284,2340
2023-12-22,3.5999999046325684,3.5999999046325684,3.25,3.490000009536743,3.490000009536743,6200
2023-12-26,3.450000047683716,3.5999999046325684,3.25,3.384999990463257,3.384999990463257,5560
2023-12-27,3.490000009536743,3.490000009536743,3.0,3.1500000953674316,3.1500000953674316,9200
2023-12-28,3.299999952316284,4.650000095367432,3.1500000953674316,3.75,3.75,81900
2023-12-29,3.924999952316284,3.9749999046325684,3.255000114440918,3.450000047683716,3.450000047683716,272120
2024-01-02,3.200000047683716,3.619999885559082,3.200000047683716,3.25,3.25,22800
2024-01-03,3.484999895095825,3.484999895095825,3.1500000953674316,3.4149999618530273,3.4149999618530273,13640
2024-01-04,3.325000047683716,3.4149999618530273,3.009999990463257,3.1500000953674316,3.1500000953674316,29140
2024-01-05,3.2950000762939453,3.2950000762939453,3.109999895095825,3.1500000953674316,3.1500000953674316,3360
2024-01-08,3.1500000953674316,3.375,2.700000047683716,2.990000009536743,2.990000009536743,124520
2024-01-09,2.984999895095825,3.0,2.7699999809265137,2.8499999046325684,2.8499999046325684,13240
2024-01-10,2.7699999809265137,2.950000047683716,2.7699999809265137,2.9049999713897705,2.9049999713897705,6540
2024-01-11,2.9000000953674316,2.994999885559082,2.799999952316284,2.8949999809265137,2.8949999809265137,11460
2024-01-12,3.0,3.0,2.7850000858306885,2.994999885559082,2.994999885559082,1500
2024-01-16,2.8949999809265137,2.944999933242798,2.75,2.9000000953674316,2.9000000953674316,9120
2024-01-17,2.8450000286102295,2.8450000286102295,2.7100000381469727,2.799999952316284,2.799999952316284,4080
2024-01-18,2.930000066757202,2.930000066757202,2.7100000381469727,2.799999952316284,2.799999952316284,1140
2024-01-19,2.799999952316284,2.799999952316284,2.549999952316284,2.744999885559082,2.744999885559082,2720
2024-01-22,2.744999885559082,2.799999952316284,2.549999952316284,2.7149999141693115,2.7149999141693115,4680
2024-01-23,2.7699999809265137,2.799999952316284,2.559999942779541,2.6050000190734863,2.6050000190734863,1960
2024-01-24,2.799999952316284,2.799999952316284,2.609999895095825,2.7200000286102295,2.7200000286102295,740
2024-01-25,2.799999952316284,2.799999952316284,2.6700000762939453,2.6700000762939453,2.6700000762939453,1580
2024-01-26,2.694999933242798,2.734999895095825,2.694999933242798,2.734999895095825,2.734999895095825,920
2024-01-29,2.799999952316284,2.9000000953674316,2.700000047683716,2.755000114440918,2.755000114440918,4120
2024-01-30,2.9000000953674316,2.9000000953674316,2.734999895095825,2.9000000953674316,2.9000000953674316,1460
2024-01-31,2.9000000953674316,2.9000000953674316,2.700000047683716,2.700000047683716,2.700000047683716,5140
2024-02-01,2.865000009536743,2.865000009536743,2.6500000953674316,2.825000047683716,2.825000047683716,4300
2024-02-02,2.8499999046325684,2.8499999046325684,2.555000066757202,2.759999990463257,2.759999990463257,3720
2024-02-05,2.694999933242798,2.694999933242798,2.6050000190734863,2.615000009536743,2.615000009536743,4060
2024-02-06,2.5999999046325684,2.640000104904175,2.555000066757202,2.625,2.625,2980
2024-02-07,2.6449999809265137,2.75,2.575000047683716,2.75,2.75,34880
2024-02-08,3.0,3.25,2.625,3.115000009536743,3.115000009536743,58740
2024-02-09,2.9000000953674316,3.1500000953674316,2.9000000953674316,3.125,3.125,10340
2024-02-12,2.890000104904175,2.890000104904175,2.6449999809265137,2.8450000286102295,2.8450000286102295,7580
2024-02-13,2.9000000953674316,2.9000000953674316,2.6500000953674316,2.6500000953674316,2.6500000953674316,5180
2024-02-14,3.1050000190734863,3.25,2.6600000858306885,3.119999885559082,3.119999885559082,503820
2024-02-15,2.950000047683716,3.130000114440918,2.6549999713897705,2.994999885559082,2.994999885559082,78860
2024-02-16,3.424999952316284,4.539999961853027,2.8499999046325684,4.25,4.25,1572820
2024-02-20,3.3350000381469727,3.6700000762939453,3.0,3.244999885559082,3.244999885559082,87740
2024-02-21,3.0799999237060547,3.0999999046325684,2.875,2.9800000190734863,2.9800000190734863,36620
2024-02-22,2.9000000953674316,2.950000047683716,2.799999952316284,2.944999933242798,2.944999933242798,13240
2024-02-23,2.819999933242798,2.944999933242798,2.700000047683716,2.7049999237060547,2.7049999237060547,18220
2024-02-26,2.799999952316284,2.825000047683716,2.700000047683716,2.700000047683716,2.700000047683716,14080
2024-02-27,2.75,2.825000047683716,2.6500000953674316,2.75,2.75,14500
2024-02-28,2.75,2.924999952316284,2.6549999713897705,2.7850000858306885,2.7850000858306885,7840
2024-02-29,2.7850000858306885,2.825000047683716,2.694999933242798,2.7950000762939453,2.7950000762939453,11360
2024-03-01,2.7249999046325684,2.8499999046325684,2.6500000953674316,2.6600000858306885,2.6600000858306885,14760
2024-03-04,2.75,2.865000009536743,2.6500000953674316,2.6500000953674316,2.6500000953674316,9060
2024-03-05,2.765000104904175,2.765000104904175,2.549999952316284,2.559999942779541,2.559999942779541,16180
2024-03-06,2.7149999141693115,2.7149999141693115,2.5999999046325684,2.6500000953674316,2.6500000953674316,8920
2024-03-07,2.75,2.9000000953674316,2.6500000953674316,2.825000047683716,2.825000047683716,33740
2024-03-08,2.799999952316284,3.0,2.7049999237060547,2.7049999237060547,2.7049999237060547,16920
2024-03-11,2.805000066757202,2.950000047683716,2.75,2.805000066757202,2.805000066757202,7160
2024-03-12,2.805000066757202,3.0,2.75,2.815000057220459,2.815000057220459,5640
2024-03-13,2.799999952316284,2.8499999046325684,2.6549999713897705,2.700000047683716,2.700000047683716,7500
2024-03-14,2.700000047683716,2.7950000762939453,2.5850000381469727,2.609999895095825,2.609999895095825,9120
2024-03-15,2.6649999618530273,2.7699999809265137,2.5850000381469727,2.6700000762939453,2.6700000762939453,3920
2024-03-18,2.75,2.75,2.549999952316284,2.6500000953674316,2.6500000953674316,6820
2024-03-19,2.559999942779541,2.75,2.549999952316284,2.549999952316284,2.549999952316284,7100
2024-03-20,2.555000066757202,2.640000104904175,2.555000066757202,2.555000066757202,2.555000066757202,2660
2024-03-21,2.634999990463257,2.7049999237060547,2.565000057220459,2.569999933242798,2.569999933242798,3140
2024-03-22,2.5999999046325684,2.6500000953674316,2.5350000858306885,2.5350000858306885,2.5350000858306885,5020
2024-03-25,2.6500000953674316,2.6500000953674316,2.5,2.505000114440918,2.505000114440918,1240
2024-03-26,2.5,2.5450000762939453,2.005000114440918,2.244999885559082,2.244999885559082,51880
2024-03-27,2.1500000953674316,2.3499999046325684,2.0999999046325684,2.2799999713897705,2.2799999713897705,8800
2024-03-28,2.1500000953674316,2.3499999046325684,2.1500000953674316,2.1500000953674316,2.1500000953674316,5300
2024-04-01,2.299999952316284,2.3499999046325684,2.055000066757202,2.1500000953674316,2.1500000953674316,6400
2024-04-02,2.244999885559082,2.244999885559082,2.115000009536743,2.234999895095825,2.234999895095825,6400
2024-04-03,2.244999885559082,2.244999885559082,2.049999952316284,2.1500000953674316,2.1500000953674316,5120
2024-04-04,2.0899999141693115,2.244999885559082,2.055000066757202,2.244999885559082,2.244999885559082,10580
2024-04-05,2.240000009536743,2.25,2.174999952316284,2.25,2.25,8960
2024-04-08,2.180000066757202,2.365000009536743,2.1700000762939453,2.2699999809265137,2.2699999809265137,23860
2024-04-09,2.200000047683716,2.5199999809265137,2.200000047683716,2.440000057220459,2.440000057220459,36940
2024-04-10,2.444999933242798,2.6500000953674316,2.4049999713897705,2.640000104904175,2.640000104904175,35180
2024-04-11,2.359999895095825,2.5,2.359999895095825,2.380000114440918,2.380000114440918,7640
2024-04-12,2.2950000762939453,2.640000104904175,2.2850000858306885,2.5199999809265137,2.5199999809265137,11340
2024-04-15,2.494999885559082,2.549999952316284,2.3550000190734863,2.3550000190734863,2.3550000190734863,13840
2024-04-16,2.200000047683716,2.3550000190734863,2.1500000953674316,2.255000114440918,2.255000114440918,10780
2024-04-17,2.2899999618530273,2.440000057220459,2.1500000953674316,2.424999952316284,2.424999952316284,2311320
2024-04-18,7.349999904632568,7.400000095367432,3.5,4.0,4.0,11733180
2024-04-19,3.5,3.75,3.0299999713897705,3.75,3.75,432440
2024-04-22,3.200000047683716,3.555000066757202,3.069999933242798,3.450000047683716,3.450000047683716,122240
2024-04-23,3.015000104904175,3.200000047683716,2.2750000953674316,2.549999952316284,2.549999952316284,199860
2024-04-24,2.4000000953674316,2.6649999618530273,2.325000047683716,2.5,2.5,51680
2024-04-25,2.5,2.5850000381469727,2.3499999046325684,2.359999895095825,2.359999895095825,67500
2024-04-26,2.359999895095825,2.555000066757202,2.359999895095825,2.5,2.5,42140
2024-04-29,2.494999885559082,2.825000047683716,2.4600000381469727,2.700000047683716,2.700000047683716,64640
2024-04-30,2.700000047683716,2.7049999237060547,2.549999952316284,2.6500000953674316,2.6500000953674316,14520
2024-05-01,2.740000009536743,2.740000009536743,2.549999952316284,2.5799999237060547,2.5799999237060547,14880
2024-05-02,2.700000047683716,2.744999885559082,2.505000114440918,2.6500000953674316,2.6500000953674316,33860
2024-05-03,2.6449999809265137,2.700000047683716,2.5,2.5899999141693115,2.5899999141693115,37300
2024-05-06,2.5350000858306885,2.6449999809265137,2.5,2.549999952316284,2.549999952316284,11720
2024-05-07,2.559999942779541,2.565000057220459,2.450000047683716,2.4649999141693115,2.4649999141693115,27120
2024-05-08,2.450000047683716,2.549999952316284,2.450000047683716,2.505000114440918,2.505000114440918,19100
2024-05-09,2.484999895095825,2.5999999046325684,2.4000000953674316,2.5199999809265137,2.5199999809265137,37680
2024-05-10,2.549999952316284,2.869999885559082,2.484999895095825,2.799999952316284,2.799999952316284,92380
2024-05-13,3.200000047683716,3.3450000286102295,2.9049999713897705,3.174999952316284,3.174999952316284,268560
2024-05-14,3.700000047683716,4.25,2.8399999141693115,3.190000057220459,3.190000057220459,1057500
2024-05-15,3.049999952316284,3.7699999809265137,2.819999933242798,3.4800000190734863,3.4800000190734863,900200
2024-05-16,3.2699999809265137,3.424999952316284,2.5399999618530273,2.7799999713897705,2.7799999713897705,330100
2024-05-17,2.759999990463257,3.1500000953674316,2.7200000286102295,2.9200000762939453,2.9200000762939453,321700
2024-05-20,3.0299999713897705,3.5799999237060547,2.930000066757202,3.180000066757202,3.180000066757202,663000
2024-05-21,3.0799999237060547,3.390000104904175,2.869999885559082,3.2100000381469727,3.2100000381469727,520200
2024-05-22,3.0799999237060547,3.390000104904175,2.990000009536743,2.990000009536743,2.990000009536743,177200
2024-05-23,2.9800000190734863,3.0799999237060547,2.630000114440918,2.690000057220459,2.690000057220459,147600
2024-05-24,3.390000104904175,3.8299999237060547,2.7200000286102295,3.180000066757202,3.180000066757202,12670800
2024-05-28,3.0399999618530273,3.2899999618530273,2.990000009536743,3.109999895095825,3.109999895095825,315900
2024-05-29,2.8399999141693115,3.3499999046325684,2.7699999809265137,3.2899999618530273,3.2899999618530273,766700
2024-05-30,3.309999942779541,3.490000009536743,2.7200000286102295,2.9200000762939453,2.9200000762939453,699100
2024-05-31,2.869999885559082,2.890000104904175,2.5899999141693115,2.5999999046325684,2.5999999046325684,219400
2024-06-03,2.619999885559082,2.7699999809265137,2.5190000534057617,2.559999942779541,2.559999942779541,170700
2024-06-04,2.5199999809265137,2.5399999618530273,2.2799999713897705,2.4800000190734863,2.4800000190734863,104200
2024-06-05,2.4100000858306885,2.494999885559082,2.319999933242798,2.369999885559082,2.369999885559082,59500
2024-06-06,2.3580000400543213,2.630000114440918,2.180000066757202,2.559999942779541,2.559999942779541,119900
2024-06-07,2.509999990463257,2.5320000648498535,2.3399999141693115,2.4000000953674316,2.4000000953674316,37300
2024-06-10,2.309999942779541,2.4549999237060547,2.2899999618530273,2.2899999618530273,2.2899999618530273,31200
2024-06-11,2.2799999713897705,2.4100000858306885,2.2799999713897705,2.3399999141693115,2.3399999141693115,10600
2024-06-12,2.4600000381469727,2.5899999141693115,2.3499999046325684,2.380000114440918,2.380000114440918,80100
2024-06-13,2.3299999237060547,2.7300000190734863,2.319999933242798,2.630000114440918,2.630000114440918,222500
2024-06-14,2.549999952316284,2.6500000953674316,2.3399999141693115,2.4200000762939453,2.4200000762939453,49700
2024-06-17,2.4549999237060547,2.6040000915527344,2.2300000190734863,2.3299999237060547,2.3299999237060547,46000
2024-06-18,2.3499999046325684,2.5199999809265137,2.190000057220459,2.2899999618530273,2.2899999618530273,83200
2024-06-20,2.2699999809265137,2.4000000953674316,2.25,2.2899999618530273,2.2899999618530273,20700
2024-06-21,2.4000000953674316,2.4000000953674316,2.259999990463257,2.3299999237060547,2.3299999237060547,12700
2024-06-24,2.2799999713897705,2.440000057220459,2.2300000190734863,2.2899999618530273,2.2899999618530273,62000
2024-06-25,2.3499999046325684,2.5199999809265137,2.1500000953674316,2.2300000190734863,2.2300000190734863,294800
2024-06-26,2.1600000858306885,2.2920000553131104,2.140000104904175,2.200000047683716,2.200000047683716,33700
2024-06-27,2.25,2.299999952316284,2.1500000953674316,2.200000047683716,2.200000047683716,50800
2024-06-28,2.2100000381469727,2.2200000286102295,2.109999895095825,2.200000047683716,2.200000047683716,24200
2024-07-01,2.200000047683716,2.200000047683716,2.119999885559082,2.190000057220459,2.190000057220459,31900
2024-07-02,2.130000114440918,2.2200000286102295,2.109999895095825,2.130000114440918,2.130000114440918,23500
2024-07-03,2.1600000858306885,2.177999973297119,2.109999895095825,2.119999885559082,2.119999885559082,16600
2024-07-05,2.190000057220459,2.390000104904175,2.130000114440918,2.200000047683716,2.200000047683716,26400
2024-07-08,2.2100000381469727,2.299999952316284,2.1600000858306885,2.190000057220459,2.190000057220459,14800
2024-07-09,2.1700000762939453,2.259999990463257,2.1700000762939453,2.200000047683716,2.200000047683716,16900
2024-07-10,2.2100000381469727,2.2100000381469727,2.1600000858306885,2.200000047683716,2.200000047683716,19000
2024-07-11,2.309999942779541,2.309999942779541,2.1700000762939453,2.2100000381469727,2.2100000381469727,42700
2024-07-12,2.380000114440918,2.4100000858306885,1.909999966621399,2.2799999713897705,2.2799999713897705,2078300
2024-07-15,2.0299999713897705,2.117000102996826,2.0,2.0399999618530273,2.0399999618530273,86300
2024-07-16,2.0199999809265137,2.109999895095825,2.0199999809265137,2.0899999141693115,2.0899999141693115,34100
2024-07-17,2.0999999046325684,2.1700000762939453,2.0399999618530273,2.069999933242798,2.069999933242798,43000
2024-07-18,2.0299999713897705,2.0999999046325684,2.0299999713897705,2.0299999713897705,2.0299999713897705,11800
2024-07-19,2.0399999618530273,2.109999895095825,1.9800000190734863,2.049999952316284,2.049999952316284,11600
2024-07-22,2.009999990463257,2.135999917984009,2.0,2.109999895095825,2.109999895095825,24300
2024-07-23,2.0999999046325684,2.440000057220459,2.069999933242798,2.319999933242798,2.319999933242798,426500
2024-07-24,2.4700000286102295,4.150000095367432,1.8200000524520874,1.909999966621399,1.909999966621399,22412000
2024-07-25,1.8899999856948853,2.390000104904175,1.8899999856948853,2.180000066757202,2.180000066757202,723700
2024-07-26,2.009999990463257,2.0999999046325684,1.7000000476837158,1.8600000143051147,1.8600000143051147,283300
2024-07-29,1.8600000143051147,1.899999976158142,1.6799999475479126,1.7899999618530273,1.7899999618530273,83000
2024-07-30,1.7599999904632568,1.8580000400543213,1.7599999904632568,1.809999942779541,1.809999942779541,41700
2024-07-31,1.8899999856948853,1.8899999856948853,1.75,1.809999942779541,1.809999942779541,32700
2024-08-01,1.7799999713897705,1.840000033378601,1.7599999904632568,1.809999942779541,1.809999942779541,13000
2024-08-02,1.7000000476837158,1.7999999523162842,1.6749999523162842,1.7200000286102295,1.7200000286102295,41300
2024-08-05,1.5800000429153442,1.6749999523162842,1.5399999618530273,1.5399999618530273,1.5399999618530273,37100
2024-08-06,1.6100000143051147,1.6799999475479126,1.5399999618530273,1.6200000047683716,1.6200000047683716,287500
2024-08-07,1.6699999570846558,1.690000057220459,1.5700000524520874,1.600000023841858,1.600000023841858,40700
2024-08-08,1.5299999713897705,1.7999999523162842,1.5299999713897705,1.7699999809265137,1.7699999809265137,139000
2024-08-09,1.7899999618530273,1.850000023841858,1.7000000476837158,1.850000023841858,1.850000023841858,107200
2024-08-12,1.850000023841858,1.850000023841858,1.7000000476837158,1.7100000381469727,1.7100000381469727,21600
2024-08-13,1.7200000286102295,1.7999999523162842,1.7100000381469727,1.7300000190734863,1.7300000190734863,9400
2024-08-14,1.75,1.7599999904632568,1.5499999523162842,1.600000023841858,1.600000023841858,22400
2024-08-15,1.6100000143051147,1.7400000095367432,1.6100000143051147,1.7100000381469727,1.7100000381469727,12800
2024-08-16,1.6699999570846558,1.7599999904632568,1.649999976158142,1.6699999570846558,1.6699999570846558,16500
2024-08-19,1.6799999475479126,1.7799999713897705,1.6799999475479126,1.7599999904632568,1.7599999904632568,21500
2024-08-20,1.7300000190734863,1.909999966621399,1.7300000190734863,1.8600000143051147,1.8600000143051147,168800
2024-08-21,1.809999942779541,1.9600000381469727,1.7799999713897705,1.9299999475479126,1.9299999475479126,222800
2024-08-22,1.9800000190734863,2.062000036239624,1.8669999837875366,1.9600000381469727,1.9600000381469727,127100
2024-08-23,1.909999966621399,1.9600000381469727,1.850000023841858,1.8700000047683716,1.8700000047683716,42500
2024-08-26,1.9600000381469727,1.9600000381469727,1.7300000190734863,1.809999942779541,1.809999942779541,35000
2024-08-27,1.7599999904632568,1.8600000143051147,1.7599999904632568,1.809999942779541,1.809999942779541,113000
2024-08-28,1.840000033378601,1.899999976158142,1.75,1.809999942779541,1.809999942779541,50800
2024-08-29,1.7599999904632568,1.8600000143051147,1.75,1.75,1.75,31700
2024-08-30,1.809999942779541,1.8589999675750732,1.7000000476837158,1.7300000190734863,1.7300000190734863,21200
2024-09-03,1.7330000400543213,1.7599999904632568,1.7200000286102295,1.7300000190734863,1.7300000190734863,7000
2024-09-04,1.7300000190734863,1.840000033378601,1.7300000190734863,1.8300000429153442,1.8300000429153442,23800
2024-09-05,1.8200000524520874,1.8250000476837158,1.7300000190734863,1.7400000095367432,1.7400000095367432,11000
2024-09-06,1.75,1.7599999904632568,1.6799999475479126,1.7300000190734863,1.7300000190734863,17500
2024-09-09,1.7799999713897705,1.7799999713897705,1.690000057220459,1.690000057220459,1.690000057220459,6900
2024-09-10,1.7000000476837158,1.7890000343322754,1.7000000476837158,1.7610000371932983,1.7610000371932983,17800
2024-09-11,1.850000023841858,2.049999952316284,1.840000033378601,1.899999976158142,1.899999976158142,184600
2024-09-12,1.899999976158142,2.0299999713897705,1.649999976158142,1.659999966621399,1.659999966621399,100200
2024-09-13,1.7200000286102295,1.7699999809265137,1.7100000381469727,1.7699999809265137,1.7699999809265137,32500
2024-09-16,1.7699999809265137,1.7899999618530273,1.7200000286102295,1.7699999809265137,1.7699999809265137,21200
2024-09-17,1.7799999713897705,1.9600000381469727,1.7799999713897705,1.9199999570846558,1.9199999570846558,50300
2024-09-18,1.899999976158142,1.9500000476837158,1.8600000143051147,1.940000057220459,1.940000057220459,14600
2024-09-19,1.8600000143051147,1.909999966621399,1.850000023841858,1.850000023841858,1.850000023841858,6800
2024-09-20,1.7999999523162842,1.8359999656677246,1.7899999618530273,1.8359999656677246,1.8359999656677246,6300
2024-09-23,1.8200000524520874,1.8259999752044678,1.7799999713897705,1.7999999523162842,1.7999999523162842,8900
2024-09-24,1.7799999713897705,1.8769999742507935,1.7319999933242798,1.809999942779541,1.809999942779541,20700
2024-09-25,1.7999999523162842,1.940000057220459,1.7999999523162842,1.899999976158142,1.899999976158142,63700
2024-09-26,1.9800000190734863,2.0859999656677246,1.840000033378601,1.9299999475479126,1.9299999475479126,96900
2024-09-27,2.0,2.125,1.9199999570846558,2.049999952316284,2.049999952316284,142000
2024-09-30,2.0250000953674316,2.200000047683716,2.009999990463257,2.130000114440918,2.130000114440918,93700
2024-10-01,2.180000066757202,2.180000066757202,1.8300000429153442,1.9199999570846558,1.9199999570846558,44100
2024-10-02,1.9299999475479126,2.140000104904175,1.8799999952316284,2.119999885559082,2.119999885559082,93400
2024-10-03,2.0,2.0,1.9500000476837158,1.9500000476837158,1.9500000476837158,25600
2024-10-04,1.940000057220459,2.0,1.8899999856948853,1.9299999475479126,1.9299999475479126,37900
2024-10-07,2.0209999084472656,2.0209999084472656,1.8600000143051147,1.909999966621399,1.909999966621399,55200
2024-10-08,1.8639999628067017,1.9049999713897705,1.850000023841858,1.8600000143051147,1.8600000143051147,15000
2024-10-09,1.7899999618530273,1.9199999570846558,1.7899999618530273,1.8300000429153442,1.8300000429153442,12400
2024-10-10,1.8509999513626099,1.8600000143051147,1.7899999618530273,1.7899999618530273,1.7899999618530273,14500
2024-10-11,1.7999999523162842,1.9500000476837158,1.7799999713897705,1.9500000476837158,1.9500000476837158,17700
2024-10-14,1.9199999570846558,1.9199999570846558,1.840000033378601,1.840000033378601,1.840000033378601,9400
2024-10-15,1.7999999523162842,1.809999942779541,1.7300000190734863,1.7300000190734863,1.7300000190734863,46200
2024-10-16,1.8799999952316284,1.9800000190734863,1.7599999904632568,1.9299999475479126,1.9299999475479126,364200
2024-10-17,1.9600000381469727,1.9600000381469727,1.8179999589920044,1.8700000047683716,1.8700000047683716,55700
2024-10-18,1.8200000524520874,1.9500000476837158,1.8200000524520874,1.909999966621399,1.909999966621399,25600
2024-10-21,1.940000057220459,1.9800000190734863,1.875,1.940000057220459,1.940000057220459,29300
2024-10-22,1.940000057220459,2.25,1.8600000143051147,2.069999933242798,2.069999933242798,208700
2024-10-23,2.069999933242798,2.2209999561309814,2.010999917984009,2.140000104904175,2.140000104904175,112800
2024-10-24,2.0999999046325684,2.1579999923706055,1.9500000476837158,2.009999990463257,2.009999990463257,48800
2024-10-25,2.115999937057495,2.130000114440918,2.0299999713897705,2.0299999713897705,2.0299999713897705,17600
2024-10-28,1.9600000381469727,2.0899999141693115,1.9600000381469727,2.0799999237060547,2.0799999237060547,27300
2024-10-29,2.009999990463257,2.190000057220459,1.975000023841858,1.9800000190734863,1.9800000190734863,17100
2024-10-30,1.940000057220459,2.0350000858306885,1.86899995803833,1.9500000476837158,1.9500000476837158,19400
2024-10-31,1.9199999570846558,1.9199999570846558,1.8350000381469727,1.850000023841858,1.850000023841858,22500
2024-11-01,1.8890000581741333,1.8899999856948853,1.8200000524520874,1.8300000429153442,1.8300000429153442,14200
