Date,Adj Close,Close,High,Low,Open,Volume
1996-06-11,1.1709116697311401,3.34375,3.34375,3.34375,3.34375,30000
1996-06-12,1.1709116697311401,3.34375,3.34375,3.34375,3.34375,0
1996-06-13,1.1709116697311401,3.34375,3.34375,3.34375,3.34375,1600
1996-06-14,1.1709116697311401,3.34375,3.34375,3.34375,3.34375,0
1996-06-17,1.1709116697311401,3.34375,3.34375,3.34375,3.34375,0
1996-06-18,1.1709116697311401,3.34375,3.34375,3.34375,3.34375,0
1996-06-19,1.1709116697311401,3.34375,3.34375,3.34375,3.34375,0
1996-06-20,1.1709116697311401,3.34375,3.34375,3.34375,3.34375,0
1996-06-21,1.1709116697311401,3.34375,3.34375,3.34375,3.34375,0
1996-06-24,1.1709116697311401,3.34375,3.34375,3.34375,3.34375,0
1996-06-25,1.1709116697311401,3.34375,3.34375,3.34375,3.34375,0
1996-06-26,1.1709116697311401,3.34375,3.34375,3.34375,3.34375,0
1996-06-27,1.1709116697311401,3.34375,3.34375,3.34375,3.34375,0
1996-06-28,1.1709116697311401,3.34375,3.34375,3.34375,3.34375,0
1996-07-01,1.1709116697311401,3.34375,3.34375,3.34375,3.34375,0
1996-07-02,1.1709116697311401,3.34375,3.34375,3.34375,3.34375,0
1996-07-03,1.1709116697311401,3.34375,3.34375,3.34375,3.34375,0
1996-07-05,1.1709116697311401,3.34375,3.34375,3.34375,3.34375,0
1996-07-08,1.1709116697311401,3.34375,3.34375,3.34375,3.34375,0
1996-07-09,1.1709116697311401,3.34375,3.34375,3.34375,3.34375,0
1996-07-10,1.1709116697311401,3.34375,3.34375,3.34375,3.34375,0
1996-07-11,1.1709116697311401,3.34375,3.34375,3.34375,3.34375,0
1996-07-12,1.1709116697311401,3.34375,3.34375,3.34375,3.34375,0
1996-07-15,1.1709116697311401,3.34375,3.34375,3.34375,3.34375,0
1996-07-16,1.1709116697311401,3.34375,3.34375,3.34375,3.34375,0
1996-07-17,1.1709116697311401,3.34375,3.34375,3.34375,3.34375,0
1996-07-18,1.1709116697311401,3.34375,3.34375,3.34375,3.34375,0
1996-07-19,1.1709116697311401,3.34375,3.34375,3.34375,3.34375,0
1996-07-22,1.1709116697311401,3.34375,3.34375,3.34375,3.34375,0
1996-07-23,1.1709116697311401,3.34375,3.34375,3.34375,3.34375,0
1996-07-24,1.1709116697311401,3.34375,3.34375,3.34375,3.34375,0
1996-07-25,1.1709116697311401,3.34375,3.34375,3.34375,3.34375,0
1996-07-26,1.1709116697311401,3.34375,3.34375,3.34375,3.34375,0
1996-07-29,1.1709116697311401,3.34375,3.34375,3.34375,3.34375,0
1996-07-30,1.1709116697311401,3.34375,3.34375,3.34375,3.34375,0
1996-07-31,1.1709116697311401,3.34375,3.34375,3.34375,3.34375,0
1996-08-01,1.1709116697311401,3.34375,3.34375,3.34375,3.34375,0
1996-08-02,1.1709116697311401,3.34375,3.34375,3.34375,3.34375,0
1996-08-05,1.1709116697311401,3.34375,3.34375,3.34375,3.34375,0
1996-08-06,1.2037415504455566,3.4375,3.4375,3.4375,3.4375,6000
1996-08-07,1.2037415504455566,3.4375,3.4375,3.4375,3.4375,0
1996-08-08,1.2037415504455566,3.4375,3.4375,3.4375,3.4375,0
1996-08-09,1.2037415504455566,3.4375,3.4375,3.4375,3.4375,0
1996-08-12,1.2037415504455566,3.4375,3.4375,3.4375,3.4375,0
1996-08-13,1.2037415504455566,3.4375,3.4375,3.4375,3.4375,0
1996-08-14,1.2037415504455566,3.4375,3.4375,3.4375,3.4375,0
1996-08-15,1.2037415504455566,3.4375,3.4375,3.4375,3.4375,0
1996-08-16,1.2037415504455566,3.4375,3.4375,3.4375,3.4375,0
1996-08-19,1.2037415504455566,3.4375,3.4375,3.4375,3.4375,0
1996-08-20,1.2037415504455566,3.4375,3.4375,3.4375,3.4375,0
1996-08-21,1.2037415504455566,3.4375,3.4375,3.4375,3.4375,0
1996-08-22,1.2037415504455566,3.4375,3.4375,3.4375,3.4375,0
1996-08-23,1.2037415504455566,3.4375,3.4375,3.4375,3.4375,0
1996-08-26,1.2037415504455566,3.4375,3.4375,3.4375,3.4375,0
1996-08-27,1.2037415504455566,3.4375,3.4375,3.4375,3.4375,0
1996-08-28,1.2037415504455566,3.4375,3.4375,3.4375,3.4375,0
1996-08-29,1.2037415504455566,3.4375,3.4375,3.4375,3.4375,0
1996-08-30,1.2037415504455566,3.4375,3.4375,3.4375,3.4375,0
1996-09-03,1.2037415504455566,3.4375,3.4375,3.4375,3.4375,0
1996-09-04,1.2037415504455566,3.4375,3.4375,3.4375,3.4375,0
1996-09-05,1.2037415504455566,3.4375,3.4375,3.4375,3.4375,0
1996-09-06,1.2037415504455566,3.4375,3.4375,3.4375,3.4375,0
1996-09-09,1.2037415504455566,3.4375,3.4375,3.4375,3.4375,0
1996-09-10,1.2037415504455566,3.4375,3.4375,3.4375,3.4375,0
1996-09-11,1.2037415504455566,3.4375,3.4375,3.4375,3.4375,0
1996-09-12,1.2037415504455566,3.4375,3.4375,3.4375,3.4375,0
1996-09-13,1.2037415504455566,3.4375,3.4375,3.4375,3.4375,0
1996-09-16,1.2037415504455566,3.4375,3.4375,3.4375,3.4375,0
1996-09-17,1.2037415504455566,3.4375,3.4375,3.4375,3.4375,0
1996-09-18,1.2037415504455566,3.4375,3.4375,3.4375,3.4375,0
1996-09-19,1.2037415504455566,3.4375,3.4375,3.4375,3.4375,0
1996-09-20,1.2037415504455566,3.4375,3.4375,3.4375,3.4375,0
1996-09-23,1.2037415504455566,3.4375,3.4375,3.4375,3.4375,0
1996-09-24,1.2037415504455566,3.4375,3.4375,3.4375,3.4375,0
1996-09-25,1.2037415504455566,3.4375,3.4375,3.4375,3.4375,0
1996-09-26,1.2037415504455566,3.4375,3.4375,3.4375,3.4375,0
1996-09-27,1.2037415504455566,3.4375,3.4375,3.4375,3.4375,0
1996-09-30,1.2037415504455566,3.4375,3.4375,3.4375,3.4375,0
1996-10-01,1.2037415504455566,3.4375,3.4375,3.4375,3.4375,0
1996-10-02,1.2037415504455566,3.4375,3.4375,3.4375,3.4375,0
1996-10-03,1.2037415504455566,3.4375,3.4375,3.4375,3.4375,0
1996-10-04,1.2037415504455566,3.4375,3.4375,3.4375,3.4375,0
1996-10-07,1.2037415504455566,3.4375,3.4375,3.4375,3.4375,0
1996-10-08,1.2037415504455566,3.4375,3.4375,3.4375,3.4375,0
1996-10-09,1.2037415504455566,3.4375,3.4375,3.4375,3.4375,0
1996-10-10,1.2037415504455566,3.4375,3.4375,3.4375,3.4375,0
1996-10-11,1.2037415504455566,3.4375,3.4375,3.4375,3.4375,0
1996-10-14,1.2037415504455566,3.4375,3.4375,3.4375,3.4375,0
1996-10-15,1.2037415504455566,3.4375,3.4375,3.4375,3.4375,0
1996-10-16,1.2037415504455566,3.4375,3.4375,3.4375,3.4375,0
1996-10-17,1.2037415504455566,3.4375,3.4375,3.4375,3.4375,0
1996-10-18,1.2037415504455566,3.4375,3.4375,3.4375,3.4375,0
1996-10-21,1.2037415504455566,3.4375,3.4375,3.4375,3.4375,0
1996-10-22,1.2037415504455566,3.4375,3.4375,3.4375,3.4375,0
1996-10-23,1.2037415504455566,3.4375,3.4375,3.4375,3.4375,0
1996-10-24,1.2037415504455566,3.4375,3.4375,3.4375,3.4375,0
1996-10-25,1.2037415504455566,3.4375,3.4375,3.4375,3.4375,0
1996-10-28,1.2037415504455566,3.4375,3.4375,3.4375,3.4375,0
1996-10-29,1.2037415504455566,3.4375,3.4375,3.4375,3.4375,0
1996-10-30,1.2037415504455566,3.4375,3.4375,3.4375,3.4375,0
1996-10-31,1.2037415504455566,3.4375,3.4375,3.4375,3.4375,0
1996-11-01,1.2037415504455566,3.4375,3.4375,3.4375,3.4375,0
1996-11-04,1.2037415504455566,3.4375,3.4375,3.4375,3.4375,0
1996-11-05,1.2037415504455566,3.4375,3.4375,3.4375,3.4375,0
1996-11-06,1.2037415504455566,3.4375,3.4375,3.4375,3.4375,0
1996-11-07,1.2037415504455566,3.4375,3.4375,3.4375,3.4375,0
1996-11-08,1.2037415504455566,3.4375,3.4375,3.4375,3.4375,0
1996-11-11,1.2037415504455566,3.4375,3.4375,3.4375,3.4375,0
1996-11-12,1.2037415504455566,3.4375,3.4375,3.4375,3.4375,0
1996-11-13,1.2037415504455566,3.4375,3.4375,3.4375,3.4375,0
1996-11-14,1.2037415504455566,3.4375,3.4375,3.4375,3.4375,0
1996-11-15,1.2037415504455566,3.4375,3.4375,3.4375,3.4375,0
1996-11-18,1.2037415504455566,3.4375,3.4375,3.4375,3.4375,0
1996-11-19,1.2037415504455566,3.4375,3.4375,3.4375,3.4375,0
1996-11-20,1.2037415504455566,3.4375,3.4375,3.4375,3.4375,0
1996-11-21,1.2037415504455566,3.4375,3.4375,3.4375,3.4375,0
1996-11-22,1.2037415504455566,3.4375,3.4375,3.4375,3.4375,0
1996-11-25,1.2037415504455566,3.4375,3.4375,3.4375,3.4375,0
1996-11-26,1.2037415504455566,3.4375,3.4375,3.4375,3.4375,0
1996-11-27,1.2037415504455566,3.4375,3.4375,3.4375,3.4375,0
1996-11-29,1.2037415504455566,3.4375,3.4375,3.4375,3.4375,0
1996-12-02,1.2037415504455566,3.4375,3.4375,3.4375,3.4375,0
1996-12-03,1.2037415504455566,3.4375,3.4375,3.4375,3.4375,0
1996-12-04,1.2037415504455566,3.4375,3.4375,3.4375,3.4375,0
1996-12-05,1.2037415504455566,3.4375,3.4375,3.4375,3.4375,0
1996-12-06,1.2037415504455566,3.4375,3.4375,3.4375,3.4375,0
1996-12-09,1.2037415504455566,3.4375,3.4375,3.4375,3.4375,0
1996-12-10,1.3131718635559082,3.75,3.75,3.75,3.75,2400
1996-12-11,1.3131718635559082,3.75,3.75,3.75,3.75,0
1996-12-12,1.3131718635559082,3.75,3.75,3.75,3.75,0
1996-12-13,1.3131718635559082,3.75,3.75,3.75,3.75,0
1996-12-16,1.3131718635559082,3.75,3.75,3.75,3.75,0
1996-12-17,1.3131718635559082,3.75,3.75,3.75,3.75,0
1996-12-18,1.3131718635559082,3.75,3.75,3.75,3.75,0
1996-12-19,1.3131718635559082,3.75,3.75,3.75,3.75,0
1996-12-20,1.3131718635559082,3.75,3.75,3.75,3.75,0
1996-12-23,1.3131718635559082,3.75,3.75,3.75,3.75,0
1996-12-24,1.3131718635559082,3.75,3.75,3.75,3.75,0
1996-12-26,1.3131718635559082,3.75,3.75,3.75,3.75,0
1996-12-27,1.3131718635559082,3.75,3.75,3.75,3.75,0
1996-12-30,1.3131718635559082,3.75,3.75,3.75,3.75,0
1996-12-31,1.3131718635559082,3.75,3.75,3.75,3.75,0
1997-01-02,1.3131718635559082,3.75,3.75,3.75,3.75,0
1997-01-03,1.3131718635559082,3.75,3.75,3.75,3.75,0
1997-01-06,1.3131718635559082,3.75,3.75,3.75,3.75,0
1997-01-07,1.3131718635559082,3.75,3.75,3.75,3.75,0
1997-01-08,1.3131718635559082,3.75,3.75,3.75,3.75,0
1997-01-09,1.3131718635559082,3.75,3.75,3.75,3.75,0
1997-01-10,1.3131718635559082,3.75,3.75,3.75,3.75,0
1997-01-13,1.3131718635559082,3.75,3.75,3.75,3.75,0
1997-01-14,1.3131718635559082,3.75,3.75,3.75,3.75,0
1997-01-15,1.3131718635559082,3.75,3.75,3.75,3.75,0
1997-01-16,1.3131718635559082,3.75,3.75,3.75,3.75,0
1997-01-17,1.3131718635559082,3.75,3.75,3.75,3.75,0
1997-01-20,1.3131718635559082,3.75,3.75,3.75,3.75,0
1997-01-21,1.3131718635559082,3.75,3.75,3.75,3.75,0
1997-01-22,1.3131718635559082,3.75,3.75,3.75,3.75,0
1997-01-23,1.3131718635559082,3.75,3.75,3.75,3.75,0
1997-01-24,1.3131718635559082,3.75,3.75,3.75,3.75,0
1997-01-27,1.3022289276123047,3.71875,3.71875,3.71875,3.71875,400
1997-01-28,1.3022289276123047,3.71875,3.71875,3.71875,3.71875,0
1997-01-29,1.3022289276123047,3.71875,3.71875,3.71875,3.71875,0
1997-01-30,1.3022289276123047,3.71875,3.71875,3.71875,3.71875,0
1997-01-31,1.3022289276123047,3.71875,3.71875,3.71875,3.71875,0
1997-02-03,1.3022289276123047,3.71875,3.71875,3.71875,3.71875,0
1997-02-04,1.3022289276123047,3.71875,3.71875,3.71875,3.71875,0
1997-02-05,1.3022289276123047,3.71875,3.71875,3.71875,3.71875,0
1997-02-06,1.3022289276123047,3.71875,3.71875,3.71875,3.71875,0
1997-02-07,1.3022289276123047,3.71875,3.71875,3.71875,3.71875,0
1997-02-10,1.3022289276123047,3.71875,3.71875,3.71875,3.71875,0
1997-02-11,1.3022289276123047,3.71875,3.71875,3.71875,3.71875,0
1997-02-12,1.3022289276123047,3.71875,3.71875,3.71875,3.71875,0
1997-02-13,1.378831148147583,3.9375,3.9375,3.9375,3.9375,520000
1997-02-14,1.378831148147583,3.9375,3.9375,3.9375,3.9375,0
1997-02-18,1.378831148147583,3.9375,3.9375,3.9375,3.9375,0
1997-02-19,1.378831148147583,3.9375,3.9375,3.9375,3.9375,0
1997-02-20,1.378831148147583,3.9375,3.9375,3.9375,3.9375,0
1997-02-21,1.378831148147583,3.9375,3.9375,3.9375,3.9375,0
1997-02-24,1.378831148147583,3.9375,3.9375,3.9375,3.9375,0
1997-02-25,1.378831148147583,3.9375,3.9375,3.9375,3.9375,0
1997-02-26,1.378831148147583,3.9375,3.9375,3.9375,3.9375,0
1997-02-27,1.378831148147583,3.9375,3.9375,3.9375,3.9375,0
1997-02-28,1.378831148147583,3.9375,3.9375,3.9375,3.9375,0
1997-03-03,1.378831148147583,3.9375,3.9375,3.9375,3.9375,0
1997-03-04,1.378831148147583,3.9375,3.9375,3.9375,3.9375,0
1997-03-05,1.378831148147583,3.9375,3.9375,3.9375,3.9375,0
1997-03-06,1.378831148147583,3.9375,3.9375,3.9375,3.9375,0
1997-03-07,1.378831148147583,3.9375,3.9375,3.9375,3.9375,0
1997-03-10,1.378831148147583,3.9375,3.9375,3.9375,3.9375,0
1997-03-11,1.378831148147583,3.9375,3.9375,3.9375,3.9375,0
1997-03-12,1.378831148147583,3.9375,3.9375,3.9375,3.9375,0
1997-03-13,1.378831148147583,3.9375,3.9375,3.9375,3.9375,0
1997-03-14,1.378831148147583,3.9375,3.9375,3.9375,3.9375,0
1997-03-17,1.378831148147583,3.9375,3.9375,3.9375,3.9375,0
1997-03-18,1.378831148147583,3.9375,3.9375,3.9375,3.9375,0
1997-03-19,1.378831148147583,3.9375,3.9375,3.9375,3.9375,0
1997-03-20,1.378831148147583,3.9375,3.9375,3.9375,3.9375,0
1997-03-21,1.378831148147583,3.9375,3.9375,3.9375,3.9375,0
1997-03-24,1.378831148147583,3.9375,3.9375,3.9375,3.9375,0
1997-03-25,1.378831148147583,3.9375,3.9375,3.9375,3.9375,0
1997-03-26,1.378831148147583,3.9375,3.9375,3.9375,3.9375,0
1997-03-27,1.378831148147583,3.9375,3.9375,3.9375,3.9375,0
1997-03-31,1.378831148147583,3.9375,3.9375,3.9375,3.9375,0
1997-04-01,1.378831148147583,3.9375,3.9375,3.9375,3.9375,0
1997-04-02,1.378831148147583,3.9375,3.9375,3.9375,3.9375,0
1997-04-03,1.378831148147583,3.9375,3.9375,3.9375,3.9375,0
1997-04-04,1.378831148147583,3.9375,3.9375,3.9375,3.9375,0
1997-04-07,1.378831148147583,3.9375,3.9375,3.9375,3.9375,0
1997-04-08,1.378831148147583,3.9375,3.9375,3.9375,3.9375,0
1997-04-09,1.378831148147583,3.9375,3.9375,3.9375,3.9375,0
1997-04-10,1.378831148147583,3.9375,3.9375,3.9375,3.9375,0
1997-04-11,1.378831148147583,3.9375,3.9375,3.9375,3.9375,0
1997-04-14,1.378831148147583,3.9375,3.9375,3.9375,3.9375,0
1997-04-15,1.378831148147583,3.9375,3.9375,3.9375,3.9375,0
1997-04-16,1.378831148147583,3.9375,3.9375,3.9375,3.9375,0
1997-04-17,1.378831148147583,3.9375,3.9375,3.9375,3.9375,0
1997-04-18,1.378831148147583,3.9375,3.9375,3.9375,3.9375,0
1997-04-21,1.378831148147583,3.9375,3.9375,3.9375,3.9375,0
1997-04-22,1.378831148147583,3.9375,3.9375,3.9375,3.9375,0
1997-04-23,1.378831148147583,3.9375,3.9375,3.9375,3.9375,0
1997-04-24,1.378831148147583,3.9375,3.9375,3.9375,3.9375,0
1997-04-25,1.378831148147583,3.9375,3.9375,3.9375,3.9375,0
1997-04-28,1.2256275415420532,3.5,3.5,3.5,3.5,1600
1997-04-29,1.2256275415420532,3.5,3.5,3.5,3.5,0
1997-04-30,1.2256275415420532,3.5,3.5,3.5,3.5,0
1997-05-01,1.2256275415420532,3.5,3.5,3.5,3.5,0
1997-05-02,1.2256275415420532,3.5,3.5,3.5,3.5,0
1997-05-05,1.2256275415420532,3.5,3.5,3.5,3.5,0
1997-05-06,1.2256275415420532,3.5,3.5,3.5,3.5,0
1997-05-07,1.2256275415420532,3.5,3.5,3.5,3.5,0
1997-05-08,1.2256275415420532,3.5,3.5,3.5,3.5,0
1997-05-09,1.2256275415420532,3.5,3.5,3.5,3.5,0
1997-05-12,1.2256275415420532,3.5,3.5,3.5,3.5,0
1997-05-13,1.2256275415420532,3.5,3.5,3.5,3.5,0
1997-05-14,1.2256275415420532,3.5,3.5,3.5,3.5,0
1997-05-15,1.2256275415420532,3.5,3.5,3.5,3.5,0
1997-05-16,1.2256275415420532,3.5,3.5,3.5,3.5,0
1997-05-19,1.2256275415420532,3.5,3.5,3.5,3.5,0
1997-05-20,1.2256275415420532,3.5,3.5,3.5,3.5,0
1997-05-21,1.2256275415420532,3.5,3.5,3.5,3.5,0
1997-05-22,1.2256275415420532,3.5,3.5,3.5,3.5,0
1997-05-23,1.2256275415420532,3.5,3.5,3.5,3.5,0
1997-05-27,1.2256275415420532,3.5,3.5,3.5,3.5,0
1997-05-28,1.2256275415420532,3.5,3.5,3.5,3.5,0
1997-05-29,1.2256275415420532,3.5,3.5,3.5,3.5,0
1997-05-30,1.2256275415420532,3.5,3.5,3.5,3.5,0
1997-06-02,1.2256275415420532,3.5,3.5,3.5,3.5,0
1997-06-03,1.2256275415420532,3.5,3.5,3.5,3.5,0
1997-06-04,1.2256275415420532,3.5,3.5,3.5,3.5,0
1997-06-05,1.2256275415420532,3.5,3.5,3.5,3.5,0
1997-06-06,1.2256275415420532,3.5,3.5,3.5,3.5,0
1997-06-09,1.2256275415420532,3.5,3.5,3.5,3.5,0
1997-06-10,1.2256275415420532,3.5,3.5,3.5,3.5,0
1997-06-11,1.2256275415420532,3.5,3.5,3.5,3.5,0
1997-06-12,1.2256275415420532,3.5,3.5,3.5,3.5,0
1997-06-13,1.2256275415420532,3.5,3.5,3.5,3.5,0
1997-06-16,1.2256275415420532,3.5,3.5,3.5,3.5,0
1997-06-17,1.597692847251892,4.5625,4.5625,4.5625,4.5625,2000
1997-06-18,1.597692847251892,4.5625,4.5625,4.5625,4.5625,0
1997-06-19,1.597692847251892,4.5625,4.5625,4.5625,4.5625,0
1997-06-20,1.597692847251892,4.5625,4.5625,4.5625,4.5625,0
1997-06-23,1.597692847251892,4.5625,4.5625,4.5625,4.5625,0
1997-06-24,1.597692847251892,4.5625,4.5625,4.5625,4.5625,0
1997-06-25,1.597692847251892,4.5625,4.5625,4.5625,4.5625,0
1997-06-26,1.597692847251892,4.5625,4.5625,4.5625,4.5625,0
1997-06-27,1.597692847251892,4.5625,4.5625,4.5625,4.5625,0
1997-06-30,1.5758064985275269,4.5,4.5,4.5,4.5,4000
1997-07-01,1.5758064985275269,4.5,4.5,4.5,4.5,0
1997-07-02,1.5758064985275269,4.5,4.5,4.5,4.5,0
1997-07-03,1.5758064985275269,4.5,4.5,4.5,4.5,0
1997-07-07,1.5758064985275269,4.5,4.5,4.5,4.5,0
1997-07-08,1.5758064985275269,4.5,4.5,4.5,4.5,0
1997-07-09,1.5758064985275269,4.5,4.5,4.5,4.5,0
1997-07-10,1.641465425491333,4.6875,4.6875,4.6875,4.6875,2400
1997-07-11,1.641465425491333,4.6875,4.6875,4.6875,4.6875,0
1997-07-14,1.641465425491333,4.6875,4.6875,4.6875,4.6875,0
1997-07-15,1.641465425491333,4.6875,4.6875,4.6875,4.6875,0
1997-07-16,1.641465425491333,4.6875,4.6875,4.6875,4.6875,0
1997-07-17,1.641465425491333,4.6875,4.6875,4.6875,4.6875,0
1997-07-18,1.641465425491333,4.6875,4.6875,4.6875,4.6875,0
1997-07-21,1.641465425491333,4.6875,4.6875,4.6875,4.6875,0
1997-07-22,1.641465425491333,4.6875,4.6875,4.6875,4.6875,0
1997-07-23,1.641465425491333,4.6875,4.6875,4.6875,4.6875,0
1997-07-24,1.641465425491333,4.6875,4.6875,4.6875,4.6875,0
1997-07-25,1.641465425491333,4.6875,4.6875,4.6875,4.6875,0
1997-07-28,1.641465425491333,4.6875,4.6875,4.6875,4.6875,0
1997-07-29,1.641465425491333,4.6875,4.6875,4.6875,4.6875,0
1997-07-30,1.641465425491333,4.6875,4.6875,4.6875,4.6875,0
1997-07-31,1.641465425491333,4.6875,4.6875,4.6875,4.6875,0
1997-08-01,1.641465425491333,4.6875,4.6875,4.6875,4.6875,0
1997-08-04,1.641465425491333,4.6875,4.6875,4.6875,4.6875,0
1997-08-05,1.641465425491333,4.6875,4.6875,4.6875,4.6875,0
1997-08-06,1.641465425491333,4.6875,4.6875,4.6875,4.6875,0
1997-08-07,1.641465425491333,4.6875,4.6875,4.6875,4.6875,0
1997-08-08,1.641465425491333,4.6875,4.6875,4.6875,4.6875,0
1997-08-11,1.641465425491333,4.6875,4.6875,4.6875,4.6875,0
1997-08-12,1.641465425491333,4.6875,4.6875,4.6875,4.6875,0
1997-08-13,1.641465425491333,4.6875,4.6875,4.6875,4.6875,0
1997-08-14,1.641465425491333,4.6875,4.6875,4.6875,4.6875,0
1997-08-15,1.641465425491333,4.6875,4.6875,4.6875,4.6875,0
1997-08-18,1.641465425491333,4.6875,4.6875,4.6875,4.6875,0
1997-08-19,1.641465425491333,4.6875,4.6875,4.6875,4.6875,0
1997-08-20,1.641465425491333,4.6875,4.6875,4.6875,4.6875,0
1997-08-21,1.707123875617981,4.875,4.875,4.875,4.875,2400
1997-08-22,1.707123875617981,4.875,4.875,4.875,4.875,0
1997-08-25,1.707123875617981,4.875,4.875,4.875,4.875,0
1997-08-26,1.707123875617981,4.875,4.875,4.875,4.875,0
1997-08-27,1.707123875617981,4.875,4.875,4.875,4.875,0
1997-08-28,1.707123875617981,4.875,4.875,4.875,4.875,0
1997-08-29,1.7399531602859497,4.96875,4.96875,4.96875,4.96875,320000
1997-09-02,1.7399531602859497,4.96875,4.96875,4.96875,4.96875,0
1997-09-03,1.7618393898010254,5.03125,5.03125,5.03125,5.03125,80000
1997-09-04,1.7618393898010254,5.03125,5.03125,5.03125,5.03125,0
1997-09-05,1.7727829217910767,5.0625,5.0625,5.0625,5.0625,320000
1997-09-08,1.7727829217910767,5.0625,5.0625,5.0625,5.0625,0
1997-09-09,1.7727829217910767,5.0625,5.0625,5.0625,5.0625,0
1997-09-10,1.8056116104125977,5.15625,5.15625,5.15625,5.15625,12000
1997-09-11,1.8056116104125977,5.15625,5.15625,5.15625,5.15625,0
1997-09-12,1.8056116104125977,5.15625,5.15625,5.15625,5.15625,0
1997-09-15,1.8056116104125977,5.15625,5.15625,5.15625,5.15625,0
1997-09-16,1.8056116104125977,5.15625,5.15625,5.15625,5.15625,0
1997-09-17,1.8056116104125977,5.15625,5.15625,5.15625,5.15625,0
1997-09-18,1.8056116104125977,5.15625,5.15625,5.15625,5.15625,0
1997-09-19,1.8056116104125977,5.15625,5.15625,5.15625,5.15625,0
1997-09-22,1.8056116104125977,5.15625,5.15625,5.15625,5.15625,0
1997-09-23,1.8056116104125977,5.15625,5.15625,5.15625,5.15625,0
1997-09-24,1.8056116104125977,5.15625,5.15625,5.15625,5.15625,0
1997-09-25,1.8056116104125977,5.15625,5.15625,5.15625,5.15625,0
1997-09-26,1.8056116104125977,5.15625,5.15625,5.15625,5.15625,0
1997-09-29,1.8056116104125977,5.15625,5.15625,5.15625,5.15625,0
1997-09-30,1.8056116104125977,5.15625,5.15625,5.15625,5.15625,0
1997-10-01,1.8384411334991455,5.25,5.25,5.25,5.25,194400
1997-10-02,1.8384411334991455,5.25,5.25,5.25,5.25,0
1997-10-03,1.8384411334991455,5.25,5.25,5.25,5.25,0
1997-10-06,1.8384411334991455,5.25,5.25,5.25,5.25,0
1997-10-07,1.8384411334991455,5.25,5.25,5.25,5.25,0
1997-10-08,1.8384411334991455,5.25,5.25,5.25,5.25,0
1997-10-09,1.8384411334991455,5.25,5.25,5.25,5.25,0
1997-10-10,1.8384411334991455,5.25,5.25,5.25,5.25,0
1997-10-13,1.8384411334991455,5.25,5.25,5.25,5.25,0
1997-10-14,1.8384411334991455,5.25,5.25,5.25,5.25,0
1997-10-15,1.8384411334991455,5.25,5.25,5.25,5.25,0
1997-10-16,1.8384411334991455,5.25,5.25,5.25,5.25,0
1997-10-17,1.8384411334991455,5.25,5.25,5.25,5.25,0
1997-10-20,1.8384411334991455,5.25,5.25,5.25,5.25,0
1997-10-21,1.8384411334991455,5.25,5.25,5.25,5.25,0
1997-10-22,1.8384411334991455,5.25,5.25,5.25,5.25,0
1997-10-23,1.8384411334991455,5.25,5.25,5.25,5.25,0
1997-10-24,1.7618393898010254,5.03125,5.03125,5.03125,5.03125,800
1997-10-27,1.7618393898010254,5.03125,5.03125,5.03125,5.03125,0
1997-10-28,1.7618393898010254,5.03125,5.03125,5.03125,5.03125,0
1997-10-29,1.7618393898010254,5.03125,5.03125,5.03125,5.03125,0
1997-10-30,1.7618393898010254,5.03125,5.03125,5.03125,5.03125,0
1997-10-31,1.7618393898010254,5.03125,5.03125,5.03125,5.03125,0
1997-11-03,1.7618393898010254,5.03125,5.03125,5.03125,5.03125,0
1997-11-04,1.7618393898010254,5.03125,5.03125,5.03125,5.03125,0
1997-11-05,1.7618393898010254,5.03125,5.03125,5.03125,5.03125,0
1997-11-06,1.9041002988815308,5.4375,5.4375,5.4375,5.4375,800
1997-11-07,1.9041002988815308,5.4375,5.4375,5.4375,5.4375,0
1997-11-10,1.9041002988815308,5.4375,5.4375,5.4375,5.4375,0
1997-11-11,1.9041002988815308,5.4375,5.4375,5.4375,5.4375,0
1997-11-12,1.9041002988815308,5.4375,5.4375,5.4375,5.4375,0
1997-11-13,1.9041002988815308,5.4375,5.4375,5.4375,5.4375,0
1997-11-14,1.9041002988815308,5.4375,5.4375,5.4375,5.4375,0
1997-11-17,1.9041002988815308,5.4375,5.4375,5.4375,5.4375,0
1997-11-18,1.9041002988815308,5.4375,5.4375,5.4375,5.4375,0
1997-11-19,1.9041002988815308,5.4375,5.4375,5.4375,5.4375,0
1997-11-20,1.9041002988815308,5.4375,5.4375,5.4375,5.4375,0
1997-11-21,1.9041002988815308,5.4375,5.4375,5.4375,5.4375,0
1997-11-24,1.9041002988815308,5.4375,5.4375,5.4375,5.4375,0
1997-11-25,1.9041002988815308,5.4375,5.4375,5.4375,5.4375,0
1997-11-26,1.9041002988815308,5.4375,5.4375,5.4375,5.4375,0
1997-11-28,1.9041002988815308,5.4375,5.4375,5.4375,5.4375,0
1997-12-01,1.9041002988815308,5.4375,5.4375,5.4375,5.4375,0
1997-12-02,1.9041002988815308,5.4375,5.4375,5.4375,5.4375,0
1997-12-03,1.9041002988815308,5.4375,5.4375,5.4375,5.4375,0
1997-12-04,1.9041002988815308,5.4375,5.4375,5.4375,5.4375,0
1997-12-05,1.9041002988815308,5.4375,5.4375,5.4375,5.4375,0
1997-12-08,1.9041002988815308,5.4375,5.4375,5.4375,5.4375,0
1997-12-09,1.9041002988815308,5.4375,5.4375,5.4375,5.4375,0
1997-12-10,1.9041002988815308,5.4375,5.4375,5.4375,5.4375,0
1997-12-11,1.9041002988815308,5.4375,5.4375,5.4375,5.4375,0
1997-12-12,1.9041002988815308,5.4375,5.4375,5.4375,5.4375,0
1997-12-15,1.9041002988815308,5.4375,5.4375,5.4375,5.4375,0
1997-12-16,1.9041002988815308,5.4375,5.4375,5.4375,5.4375,0
1997-12-17,1.9041002988815308,5.4375,5.4375,5.4375,5.4375,0
1997-12-18,2.0354175567626953,5.8125,5.8125,5.8125,5.8125,4000
1997-12-19,2.0354175567626953,5.8125,5.8125,5.8125,5.8125,0
1997-12-22,2.0354175567626953,5.8125,5.8125,5.8125,5.8125,0
1997-12-23,2.0354175567626953,5.8125,5.8125,5.8125,5.8125,0
1997-12-24,2.0354175567626953,5.8125,5.8125,5.8125,5.8125,0
1997-12-26,2.0354175567626953,5.8125,5.8125,5.8125,5.8125,0
1997-12-29,2.0354175567626953,5.8125,5.8125,5.8125,5.8125,0
1997-12-30,2.0354175567626953,5.8125,5.8125,5.8125,5.8125,0
1997-12-31,2.0354175567626953,5.8125,5.8125,5.8125,5.8125,0
1998-01-02,2.0354175567626953,5.8125,5.8125,5.8125,5.8125,0
1998-01-05,2.0354175567626953,5.8125,5.8125,5.8125,5.8125,0
1998-01-06,2.0354175567626953,5.8125,5.8125,5.8125,5.8125,0
1998-01-07,2.0354175567626953,5.8125,5.8125,5.8125,5.8125,0
1998-01-08,2.0354175567626953,5.8125,5.8125,5.8125,5.8125,0
1998-01-09,2.0354175567626953,5.8125,5.8125,5.8125,5.8125,0
1998-01-12,1.9369287490844727,5.53125,5.53125,5.53125,5.53125,2000
1998-01-13,1.9369287490844727,5.53125,5.53125,5.53125,5.53125,0
1998-01-14,1.9369287490844727,5.53125,5.53125,5.53125,5.53125,0
1998-01-15,1.9369287490844727,5.53125,5.53125,5.53125,5.53125,0
1998-01-16,1.9369287490844727,5.53125,5.53125,5.53125,5.53125,0
1998-01-20,1.9369287490844727,5.53125,5.53125,5.53125,5.53125,0
1998-01-21,1.9369287490844727,5.53125,5.53125,5.53125,5.53125,0
1998-01-22,1.9369287490844727,5.53125,5.53125,5.53125,5.53125,0
1998-01-23,1.9369287490844727,5.53125,5.53125,5.53125,5.53125,0
1998-01-26,1.9369287490844727,5.53125,5.53125,5.53125,5.53125,2000
1998-01-27,1.9369287490844727,5.53125,5.53125,5.53125,5.53125,0
1998-01-28,1.9369287490844727,5.53125,5.53125,5.53125,5.53125,0
1998-01-29,1.9369287490844727,5.53125,5.53125,5.53125,5.53125,0
1998-01-30,1.9369287490844727,5.53125,5.53125,5.53125,5.53125,0
1998-02-02,1.9369287490844727,5.53125,5.53125,5.53125,5.53125,0
1998-02-03,1.9369287490844727,5.53125,5.53125,5.53125,5.53125,0
1998-02-04,1.9369287490844727,5.53125,5.53125,5.53125,5.53125,0
1998-02-05,1.9369287490844727,5.53125,5.53125,5.53125,5.53125,0
1998-02-06,1.9369287490844727,5.53125,5.53125,5.53125,5.53125,0
1998-02-09,1.9369287490844727,5.53125,5.53125,5.53125,5.53125,0
1998-02-10,1.9369287490844727,5.53125,5.53125,5.53125,5.53125,0
1998-02-11,1.9369287490844727,5.53125,5.53125,5.53125,5.53125,0
1998-02-12,1.9369287490844727,5.53125,5.53125,5.53125,5.53125,0
1998-02-13,1.9369287490844727,5.53125,5.53125,5.53125,5.53125,0
1998-02-17,1.9369287490844727,5.53125,5.53125,5.53125,5.53125,0
1998-02-18,1.9369287490844727,5.53125,5.53125,5.53125,5.53125,0
1998-02-19,1.9369287490844727,5.53125,5.53125,5.53125,5.53125,0
1998-02-20,1.9369287490844727,5.53125,5.53125,5.53125,5.53125,0
1998-02-23,1.9369287490844727,5.53125,5.53125,5.53125,5.53125,0
1998-02-24,1.9369287490844727,5.53125,5.53125,5.53125,5.53125,0
1998-02-25,1.9369287490844727,5.53125,5.53125,5.53125,5.53125,0
1998-02-26,1.9369287490844727,5.53125,5.53125,5.53125,5.53125,0
1998-02-27,1.9369287490844727,5.53125,5.53125,5.53125,5.53125,0
1998-03-02,1.9369287490844727,5.53125,5.53125,5.53125,5.53125,0
1998-03-03,1.9369287490844727,5.53125,5.53125,5.53125,5.53125,0
1998-03-04,1.9369287490844727,5.53125,5.53125,5.53125,5.53125,0
1998-03-05,1.9369287490844727,5.53125,5.53125,5.53125,5.53125,0
1998-03-06,1.9369287490844727,5.53125,5.53125,5.53125,5.53125,0
1998-03-09,1.9369287490844727,5.53125,5.53125,5.53125,5.53125,0
1998-03-10,1.9369287490844727,5.53125,5.53125,5.53125,5.53125,0
1998-03-11,1.9369287490844727,5.53125,5.53125,5.53125,5.53125,0
1998-03-12,1.9369287490844727,5.53125,5.53125,5.53125,5.53125,0
1998-03-13,1.9369287490844727,5.53125,5.53125,5.53125,5.53125,0
1998-03-16,1.9369287490844727,5.53125,5.53125,5.53125,5.53125,0
1998-03-17,1.9369287490844727,5.53125,5.53125,5.53125,5.53125,0
1998-03-18,1.9369287490844727,5.53125,5.53125,5.53125,5.53125,0
1998-03-19,1.9369287490844727,5.53125,5.53125,5.53125,5.53125,0
1998-03-20,1.9369287490844727,5.53125,5.53125,5.53125,5.53125,0
1998-03-23,1.9369287490844727,5.53125,5.53125,5.53125,5.53125,0
1998-03-24,1.9369287490844727,5.53125,5.53125,5.53125,5.53125,0
1998-03-25,1.9369287490844727,5.53125,5.53125,5.53125,5.53125,0
1998-03-26,1.9369287490844727,5.53125,5.53125,5.53125,5.53125,0
1998-03-27,1.9369287490844727,5.53125,5.53125,5.53125,5.53125,0
1998-03-30,1.9369287490844727,5.53125,5.53125,5.53125,5.53125,0
1998-03-31,2.6591739654541016,7.59375,7.59375,7.59375,7.59375,2800
1998-04-01,2.5169131755828857,7.1875,7.1875,7.1875,7.1875,8000
1998-04-02,2.5278563499450684,7.21875,7.21875,7.21875,7.21875,2000
1998-04-03,2.5278563499450684,7.21875,7.21875,7.21875,7.21875,0
1998-04-06,2.5278563499450684,7.21875,7.21875,7.21875,7.21875,172000
1998-04-07,2.5278563499450684,7.21875,7.21875,7.21875,7.21875,0
1998-04-08,2.5278563499450684,7.21875,7.21875,7.21875,7.21875,0
1998-04-09,2.5278563499450684,7.21875,7.21875,7.21875,7.21875,0
1998-04-13,2.5278563499450684,7.21875,7.21875,7.21875,7.21875,0
1998-04-14,2.5278563499450684,7.21875,7.21875,7.21875,7.21875,0
1998-04-15,2.5278563499450684,7.21875,7.21875,7.21875,7.21875,0
1998-04-16,2.5278563499450684,7.21875,7.21875,7.21875,7.21875,0
1998-04-17,2.5278563499450684,7.21875,7.21875,7.21875,7.21875,400
1998-04-20,2.5278563499450684,7.21875,7.21875,7.21875,7.21875,0
1998-04-21,2.5278563499450684,7.21875,7.21875,7.21875,7.21875,0
1998-04-22,2.5278563499450684,7.21875,7.21875,7.21875,7.21875,0
1998-04-23,2.5278563499450684,7.21875,7.21875,7.21875,7.21875,0
1998-04-24,2.5278563499450684,7.21875,7.21875,7.21875,7.21875,0
1998-04-27,2.221449375152588,6.34375,6.375,6.34375,6.375,16400
1998-04-28,2.221449375152588,6.34375,6.34375,6.34375,6.34375,0
1998-04-29,2.221449375152588,6.34375,6.34375,6.34375,6.34375,0
1998-04-30,2.221449375152588,6.34375,6.34375,6.34375,6.34375,0
1998-05-01,2.221449375152588,6.34375,6.34375,6.34375,6.34375,0
1998-05-04,2.221449375152588,6.34375,6.34375,6.34375,6.34375,0
1998-05-05,2.2871081829071045,6.53125,6.53125,6.53125,6.53125,7200
1998-05-06,2.2871081829071045,6.53125,6.53125,6.53125,6.53125,0
1998-05-07,2.2871081829071045,6.53125,6.53125,6.53125,6.53125,0
1998-05-08,2.2871081829071045,6.53125,6.53125,6.53125,6.53125,0
1998-05-11,2.2871081829071045,6.53125,6.53125,6.53125,6.53125,0
1998-05-12,2.2871081829071045,6.53125,6.53125,6.53125,6.53125,0
1998-05-13,2.2871081829071045,6.53125,6.53125,6.53125,6.53125,0
1998-05-14,2.2871081829071045,6.53125,6.53125,6.53125,6.53125,0
1998-05-15,2.2871081829071045,6.53125,6.53125,6.53125,6.53125,0
1998-05-18,2.2871081829071045,6.53125,6.53125,6.53125,6.53125,0
1998-05-19,2.2871081829071045,6.53125,6.53125,6.53125,6.53125,0
1998-05-20,2.3089938163757324,6.59375,6.59375,6.59375,6.59375,10000
1998-05-21,2.3089938163757324,6.59375,6.59375,6.59375,6.59375,0
1998-05-22,2.3089938163757324,6.59375,6.59375,6.59375,6.59375,0
1998-05-26,2.3089938163757324,6.59375,6.59375,6.59375,6.59375,0
1998-05-27,2.3089938163757324,6.59375,6.59375,6.59375,6.59375,0
1998-05-28,2.3089938163757324,6.59375,6.59375,6.59375,6.59375,0
1998-05-29,2.3089938163757324,6.59375,6.59375,6.59375,6.59375,0
1998-06-01,2.2761638164520264,6.5,6.5,6.5,6.5,20000
1998-06-02,2.2761638164520264,6.5,6.5,6.5,6.5,0
1998-06-03,2.2761638164520264,6.5,6.5,6.5,6.5,0
1998-06-04,2.2761638164520264,6.5,6.5,6.5,6.5,0
1998-06-05,2.2761638164520264,6.5,6.5,6.5,6.5,0
1998-06-08,2.2761638164520264,6.5,6.5,6.5,6.5,0
1998-06-09,2.2761638164520264,6.5,6.5,6.5,6.5,0
1998-06-10,2.2761638164520264,6.5,6.5,6.5,6.5,0
1998-06-11,2.2761638164520264,6.5,6.5,6.5,6.5,0
1998-06-12,2.2761638164520264,6.5,6.5,6.5,6.5,0
1998-06-15,2.2761638164520264,6.5,6.5,6.5,6.5,0
1998-06-16,2.2761638164520264,6.5,6.5,6.5,6.5,0
1998-06-17,2.2761638164520264,6.5,6.5,6.5,6.5,0
1998-06-18,2.2761638164520264,6.5,6.5,6.5,6.5,0
1998-06-19,2.2761638164520264,6.5,6.5,6.5,6.5,0
1998-06-22,2.2761638164520264,6.5,6.5,6.5,6.5,0
1998-06-23,2.2761638164520264,6.5,6.5,6.5,6.5,0
1998-06-24,2.2761638164520264,6.5,6.5,6.5,6.5,0
1998-06-25,2.2761638164520264,6.5,6.5,6.5,6.5,0
1998-06-26,2.2761638164520264,6.5,6.5,6.5,6.5,0
1998-06-29,2.2761638164520264,6.5,6.5,6.5,6.5,0
1998-06-30,2.2761638164520264,6.5,6.5,6.5,6.5,0
1998-07-01,2.2761638164520264,6.5,6.5,6.5,6.5,0
1998-07-02,2.2761638164520264,6.5,6.5,6.5,6.5,0
1998-07-06,2.2761638164520264,6.5,6.5,6.5,6.5,0
1998-07-07,2.2761638164520264,6.5,6.5,6.5,6.5,0
1998-07-08,2.1776785850524902,6.21875,6.21875,6.21875,6.21875,4000
1998-07-09,2.1776785850524902,6.21875,6.21875,6.21875,6.21875,0
1998-07-10,2.1776785850524902,6.21875,6.21875,6.21875,6.21875,0
1998-07-13,2.1776785850524902,6.21875,6.21875,6.21875,6.21875,0
1998-07-14,2.1776785850524902,6.21875,6.21875,6.21875,6.21875,0
1998-07-15,2.1776785850524902,6.21875,6.21875,6.21875,6.21875,0
1998-07-16,2.1776785850524902,6.21875,6.21875,6.21875,6.21875,0
1998-07-17,2.1776785850524902,6.21875,6.21875,6.21875,6.21875,0
1998-07-20,2.1776785850524902,6.21875,6.21875,6.21875,6.21875,0
1998-07-21,2.1776785850524902,6.21875,6.21875,6.21875,6.21875,0
1998-07-22,2.1776785850524902,6.21875,6.21875,6.21875,6.21875,0
1998-07-23,2.1776785850524902,6.21875,6.21875,6.21875,6.21875,0
1998-07-24,2.1776785850524902,6.21875,6.21875,6.21875,6.21875,0
1998-07-27,2.1776785850524902,6.21875,6.21875,6.21875,6.21875,0
1998-07-28,2.1776785850524902,6.21875,6.21875,6.21875,6.21875,0
1998-07-29,2.1776785850524902,6.21875,6.21875,6.21875,6.21875,0
1998-07-30,2.1776785850524902,6.21875,6.21875,6.21875,6.21875,0
1998-07-31,2.1776785850524902,6.21875,6.21875,6.21875,6.21875,0
1998-08-03,2.1776785850524902,6.21875,6.21875,6.21875,6.21875,0
1998-08-04,2.1776785850524902,6.21875,6.21875,6.21875,6.21875,0
1998-08-05,2.1776785850524902,6.21875,6.21875,6.21875,6.21875,0
1998-08-06,2.1776785850524902,6.21875,6.21875,6.21875,6.21875,0
1998-08-07,2.1776785850524902,6.21875,6.21875,6.21875,6.21875,0
1998-08-10,2.1776785850524902,6.21875,6.21875,6.21875,6.21875,0
1998-08-11,2.1776785850524902,6.21875,6.21875,6.21875,6.21875,0
1998-08-12,2.1776785850524902,6.21875,6.21875,6.21875,6.21875,0
1998-08-13,2.1776785850524902,6.21875,6.21875,6.21875,6.21875,0
1998-08-14,2.1776785850524902,6.21875,6.21875,6.21875,6.21875,0
1998-08-17,2.1776785850524902,6.21875,6.21875,6.21875,6.21875,0
1998-08-18,2.1776785850524902,6.21875,6.21875,6.21875,6.21875,0
1998-08-19,2.1776785850524902,6.21875,6.21875,6.21875,6.21875,0
1998-08-20,2.1776785850524902,6.21875,6.21875,6.21875,6.21875,0
1998-08-21,2.1776785850524902,6.21875,6.21875,6.21875,6.21875,0
1998-08-24,2.1776785850524902,6.21875,6.21875,6.21875,6.21875,0
1998-08-25,1.9041002988815308,5.4375,5.4375,5.4375,5.4375,4000
1998-08-26,1.9041002988815308,5.4375,5.4375,5.4375,5.4375,0
1998-08-27,1.9041002988815308,5.4375,5.4375,5.4375,5.4375,0
1998-08-28,1.9041002988815308,5.4375,5.4375,5.4375,5.4375,0
1998-08-31,1.9041002988815308,5.4375,5.4375,5.4375,5.4375,0
1998-09-01,1.9041002988815308,5.4375,5.4375,5.4375,5.4375,0
1998-09-02,1.9041002988815308,5.4375,5.4375,5.4375,5.4375,0
1998-09-03,1.9041002988815308,5.4375,5.4375,5.4375,5.4375,0
1998-09-04,1.9041002988815308,5.4375,5.4375,5.4375,5.4375,0
1998-09-08,1.9041002988815308,5.4375,5.4375,5.4375,5.4375,0
1998-09-09,1.9041002988815308,5.4375,5.4375,5.4375,5.4375,0
1998-09-10,1.9041002988815308,5.4375,5.4375,5.4375,5.4375,0
1998-09-11,1.9041002988815308,5.4375,5.4375,5.4375,5.4375,0
1998-09-14,1.9041002988815308,5.4375,5.4375,5.4375,5.4375,0
1998-09-15,1.9041002988815308,5.4375,5.4375,5.4375,5.4375,0
1998-09-16,1.9041002988815308,5.4375,5.4375,5.4375,5.4375,0
1998-09-17,1.9041002988815308,5.4375,5.4375,5.4375,5.4375,0
1998-09-18,1.9041002988815308,5.4375,5.4375,5.4375,5.4375,0
1998-09-21,1.9041002988815308,5.4375,5.4375,5.4375,5.4375,0
1998-09-22,1.9041002988815308,5.4375,5.4375,5.4375,5.4375,0
1998-09-23,1.9041002988815308,5.4375,5.4375,5.4375,5.4375,0
1998-09-24,1.9041002988815308,5.4375,5.4375,5.4375,5.4375,0
1998-09-25,1.9041002988815308,5.4375,5.4375,5.4375,5.4375,0
1998-09-28,1.9041002988815308,5.4375,5.4375,5.4375,5.4375,0
1998-09-29,1.9041002988815308,5.4375,5.4375,5.4375,5.4375,0
1998-09-30,1.9041002988815308,5.4375,5.4375,5.4375,5.4375,0
1998-10-01,1.9041002988815308,5.4375,5.4375,5.4375,5.4375,0
1998-10-02,1.9041002988815308,5.4375,5.4375,5.4375,5.4375,0
1998-10-05,1.9041002988815308,5.4375,5.4375,5.4375,5.4375,0
1998-10-06,1.9041002988815308,5.4375,5.4375,5.4375,5.4375,0
1998-10-07,1.9041002988815308,5.4375,5.4375,5.4375,5.4375,0
1998-10-08,1.9041002988815308,5.4375,5.4375,5.4375,5.4375,0
1998-10-09,1.6742949485778809,4.78125,4.78125,4.78125,4.78125,20000
1998-10-12,1.6742949485778809,4.78125,4.78125,4.78125,4.78125,0
1998-10-13,1.6742949485778809,4.78125,4.78125,4.78125,4.78125,0
1998-10-14,1.8493832349777222,5.28125,5.28125,5.28125,5.28125,4000
1998-10-15,1.8493832349777222,5.28125,5.28125,5.28125,5.28125,0
1998-10-16,1.8493832349777222,5.28125,5.28125,5.28125,5.28125,0
1998-10-19,1.8493832349777222,5.28125,5.28125,5.28125,5.28125,0
1998-10-20,1.8493832349777222,5.28125,5.28125,5.28125,5.28125,0
1998-10-21,1.8493832349777222,5.28125,5.28125,5.28125,5.28125,0
1998-10-22,1.8493832349777222,5.28125,5.28125,5.28125,5.28125,0
1998-10-23,1.8493832349777222,5.28125,5.28125,5.28125,5.28125,0
1998-10-26,1.8493832349777222,5.28125,5.28125,5.28125,5.28125,0
1998-10-27,1.750896692276001,5.0,5.0,5.0,5.0,1600
1998-10-28,1.750896692276001,5.0,5.0,5.0,5.0,0
1998-10-29,1.750896692276001,5.0,5.0,5.0,5.0,0
1998-10-30,1.750896692276001,5.0,5.0,5.0,5.0,10000
1998-11-02,1.750896692276001,5.0,5.0,5.0,5.0,0
1998-11-03,1.750896692276001,5.0,5.0,5.0,5.0,0
1998-11-04,1.750896692276001,5.0,5.0,5.0,5.0,0
1998-11-05,1.750896692276001,5.0,5.0,5.0,5.0,0
1998-11-06,1.750896692276001,5.0,5.0,5.0,5.0,0
1998-11-09,1.750896692276001,5.0,5.0,5.0,5.0,0
1998-11-10,1.750896692276001,5.0,5.0,5.0,5.0,0
1998-11-11,1.750896692276001,5.0,5.0,5.0,5.0,0
1998-11-12,1.750896692276001,5.0,5.0,5.0,5.0,0
1998-11-13,1.750896692276001,5.0,5.0,5.0,5.0,0
1998-11-16,1.750896692276001,5.0,5.0,5.0,5.0,0
1998-11-17,1.750896692276001,5.0,5.0,5.0,5.0,0
1998-11-18,1.750896692276001,5.0,5.0,5.0,5.0,0
1998-11-19,1.750896692276001,5.0,5.0,5.0,5.0,0
1998-11-20,1.750896692276001,5.0,5.0,5.0,5.0,0
1998-11-23,1.750896692276001,5.0,5.0,5.0,5.0,0
1998-11-24,1.750896692276001,5.0,5.0,5.0,5.0,0
1998-11-25,1.750896692276001,5.0,5.0,5.0,5.0,0
1998-11-27,1.750896692276001,5.0,5.0,5.0,5.0,0
1998-11-30,1.915042519569397,5.46875,5.46875,5.46875,5.46875,4000
1998-12-01,1.915042519569397,5.46875,5.46875,5.46875,5.46875,0
1998-12-02,1.915042519569397,5.46875,5.46875,5.46875,5.46875,0
1998-12-03,1.915042519569397,5.46875,5.46875,5.46875,5.46875,0
1998-12-04,1.915042519569397,5.46875,5.46875,5.46875,5.46875,0
1998-12-07,1.915042519569397,5.46875,5.46875,5.46875,5.46875,0
1998-12-08,1.915042519569397,5.46875,5.46875,5.46875,5.46875,0
1998-12-09,1.915042519569397,5.46875,5.46875,5.46875,5.46875,0
1998-12-10,1.915042519569397,5.46875,5.46875,5.46875,5.46875,0
1998-12-11,1.915042519569397,5.46875,5.46875,5.46875,5.46875,0
1998-12-14,1.915042519569397,5.46875,5.46875,5.46875,5.46875,0
1998-12-15,1.915042519569397,5.46875,5.46875,5.46875,5.46875,0
1998-12-16,1.915042519569397,5.46875,5.46875,5.46875,5.46875,0
1998-12-17,1.915042519569397,5.46875,5.46875,5.46875,5.46875,0
1998-12-18,1.915042519569397,5.46875,5.46875,5.46875,5.46875,0
1998-12-21,1.915042519569397,5.46875,5.46875,5.46875,5.46875,0
1998-12-22,1.915042519569397,5.46875,5.46875,5.46875,5.46875,0
1998-12-23,1.915042519569397,5.46875,5.46875,5.46875,5.46875,0
1998-12-24,1.915042519569397,5.46875,5.46875,5.46875,5.46875,0
1998-12-28,1.915042519569397,5.46875,5.46875,5.46875,5.46875,0
1998-12-29,1.915042519569397,5.46875,5.46875,5.46875,5.46875,0
1998-12-30,1.915042519569397,5.46875,5.46875,5.46875,5.46875,0
1998-12-31,1.915042519569397,5.46875,5.46875,5.46875,5.46875,0
1999-01-04,1.915042519569397,5.46875,5.46875,5.46875,5.46875,0
1999-01-05,1.915042519569397,5.46875,5.46875,5.46875,5.46875,0
1999-01-06,1.915042519569397,5.46875,5.46875,5.46875,5.46875,0
1999-01-07,1.9041002988815308,5.4375,5.4375,5.4375,5.4375,1200
1999-01-08,1.9041002988815308,5.4375,5.4375,5.4375,5.4375,0
1999-01-11,1.9041002988815308,5.4375,5.4375,5.4375,5.4375,0
1999-01-12,1.9041002988815308,5.4375,5.4375,5.4375,5.4375,0
1999-01-13,1.9041002988815308,5.4375,5.4375,5.4375,5.4375,0
1999-01-14,1.9041002988815308,5.4375,5.4375,5.4375,5.4375,0
1999-01-15,1.9041002988815308,5.4375,5.4375,5.4375,5.4375,0
1999-01-19,1.9041002988815308,5.4375,5.4375,5.4375,5.4375,0
1999-01-20,1.9041002988815308,5.4375,5.4375,5.4375,5.4375,0
1999-01-21,1.9041002988815308,5.4375,5.4375,5.4375,5.4375,0
1999-01-22,1.9041002988815308,5.4375,5.4375,5.4375,5.4375,0
1999-01-25,1.9041002988815308,5.4375,5.4375,5.4375,5.4375,0
1999-01-26,1.9041002988815308,5.4375,5.4375,5.4375,5.4375,0
1999-01-27,2.8999226093292236,8.28125,8.375,8.0,8.0,878000
1999-01-28,2.8999226093292236,8.28125,8.28125,8.28125,8.28125,0
1999-01-29,2.8999226093292236,8.28125,8.28125,8.28125,8.28125,0
1999-02-01,2.8999226093292236,8.28125,8.28125,8.28125,8.28125,0
1999-02-02,2.8999226093292236,8.28125,8.28125,8.28125,8.28125,0
1999-02-03,2.8999226093292236,8.28125,8.28125,8.28125,8.28125,0
1999-02-04,2.8999226093292236,8.28125,8.28125,8.28125,8.28125,0
1999-02-05,2.8999226093292236,8.28125,8.28125,8.28125,8.28125,0
1999-02-08,2.8999226093292236,8.28125,8.28125,8.28125,8.28125,0
1999-02-09,2.8999226093292236,8.28125,8.28125,8.28125,8.28125,0
1999-02-10,2.8999226093292236,8.28125,8.28125,8.28125,8.28125,0
1999-02-11,2.8999226093292236,8.28125,8.28125,8.28125,8.28125,0
1999-02-12,2.8999226093292236,8.28125,8.28125,8.28125,8.28125,0
1999-02-16,2.8999226093292236,8.28125,8.28125,8.28125,8.28125,0
1999-02-17,2.8999226093292236,8.28125,8.28125,8.28125,8.28125,0
1999-02-18,2.8999226093292236,8.28125,8.28125,8.28125,8.28125,0
1999-02-19,2.8999226093292236,8.28125,8.28125,8.28125,8.28125,0
1999-02-22,2.8999226093292236,8.28125,8.28125,8.28125,8.28125,0
1999-02-23,2.8999226093292236,8.28125,8.28125,8.28125,8.28125,0
1999-02-24,2.8999226093292236,8.28125,8.28125,8.28125,8.28125,0
1999-02-25,2.8999226093292236,8.28125,8.28125,8.28125,8.28125,0
1999-02-26,2.8999226093292236,8.28125,8.28125,8.28125,8.28125,0
1999-03-01,2.8999226093292236,8.28125,8.28125,8.28125,8.28125,0
1999-03-02,2.8999226093292236,8.28125,8.28125,8.28125,8.28125,0
1999-03-03,2.8999226093292236,8.28125,8.28125,8.28125,8.28125,0
1999-03-04,2.8999226093292236,8.28125,8.28125,8.28125,8.28125,0
1999-03-05,2.8999226093292236,8.28125,8.28125,8.28125,8.28125,0
1999-03-08,2.8999226093292236,8.28125,8.28125,8.28125,8.28125,0
1999-03-09,2.8999226093292236,8.28125,8.28125,8.28125,8.28125,0
1999-03-10,2.8999226093292236,8.28125,8.28125,8.28125,8.28125,0
1999-03-11,2.8999226093292236,8.28125,8.28125,8.28125,8.28125,0
1999-03-12,2.8999226093292236,8.28125,8.28125,8.28125,8.28125,0
1999-03-15,2.8999226093292236,8.28125,8.28125,8.28125,8.28125,0
1999-03-16,2.8999226093292236,8.28125,8.28125,8.28125,8.28125,0
1999-03-17,2.8999226093292236,8.28125,8.28125,8.28125,8.28125,0
1999-03-18,2.8999226093292236,8.28125,8.28125,8.28125,8.28125,0
1999-03-19,2.8999226093292236,8.28125,8.28125,8.28125,8.28125,0
1999-03-22,2.8999226093292236,8.28125,8.28125,8.28125,8.28125,0
1999-03-23,2.8999226093292236,8.28125,8.28125,8.28125,8.28125,0
1999-03-24,2.8999226093292236,8.28125,8.28125,8.28125,8.28125,0
1999-03-25,2.8999226093292236,8.28125,8.28125,8.28125,8.28125,0
1999-03-26,2.8999226093292236,8.28125,8.28125,8.28125,8.28125,0
1999-03-29,2.8999226093292236,8.28125,8.28125,8.28125,8.28125,0
1999-03-30,2.8999226093292236,8.28125,8.28125,8.28125,8.28125,0
1999-03-31,2.8999226093292236,8.28125,8.28125,8.28125,8.28125,0
1999-04-01,2.8999226093292236,8.28125,8.28125,8.28125,8.28125,0
1999-04-05,2.8999226093292236,8.28125,8.28125,8.28125,8.28125,0
1999-04-06,2.8999226093292236,8.28125,8.28125,8.28125,8.28125,0
1999-04-07,2.8999226093292236,8.28125,8.28125,8.28125,8.28125,0
1999-04-08,2.8999226093292236,8.28125,8.28125,8.28125,8.28125,0
1999-04-09,2.8999226093292236,8.28125,8.28125,8.28125,8.28125,0
1999-04-12,2.8999226093292236,8.28125,8.28125,8.28125,8.28125,0
1999-04-13,2.8999226093292236,8.28125,8.28125,8.28125,8.28125,0
1999-04-14,2.8999226093292236,8.28125,8.28125,8.28125,8.28125,0
1999-04-15,2.8999226093292236,8.28125,8.28125,8.28125,8.28125,0
1999-04-16,2.8999226093292236,8.28125,8.28125,8.28125,8.28125,0
1999-04-19,2.8999226093292236,8.28125,8.28125,8.28125,8.28125,0
1999-04-20,2.8999226093292236,8.28125,8.28125,8.28125,8.28125,0
1999-04-21,2.8999226093292236,8.28125,8.28125,8.28125,8.28125,0
1999-04-22,2.8999226093292236,8.28125,8.28125,8.28125,8.28125,0
1999-04-23,2.8999226093292236,8.28125,8.28125,8.28125,8.28125,0
1999-04-26,2.8999226093292236,8.28125,8.28125,8.28125,8.28125,0
1999-04-27,2.2652225494384766,6.46875,6.46875,6.46875,6.46875,400
1999-04-28,2.2652225494384766,6.46875,6.46875,6.46875,6.46875,0
1999-04-29,2.2652225494384766,6.46875,6.46875,6.46875,6.46875,0
1999-04-30,2.2652225494384766,6.46875,6.46875,6.46875,6.46875,0
1999-05-03,2.2652225494384766,6.46875,6.46875,6.46875,6.46875,0
1999-05-04,2.2652225494384766,6.46875,6.46875,6.46875,6.46875,0
1999-05-05,2.2652225494384766,6.46875,6.46875,6.46875,6.46875,0
1999-05-06,2.2652225494384766,6.46875,6.46875,6.46875,6.46875,0
1999-05-07,2.2652225494384766,6.46875,6.46875,6.46875,6.46875,0
1999-05-10,2.2652225494384766,6.46875,6.46875,6.46875,6.46875,0
1999-05-11,2.2105064392089844,6.3125,6.3125,6.3125,6.3125,800
1999-05-12,2.166733741760254,6.1875,6.1875,6.1875,6.1875,2000
1999-05-13,2.166733741760254,6.1875,6.1875,6.1875,6.1875,0
1999-05-14,2.166733741760254,6.1875,6.1875,6.1875,6.1875,0
1999-05-17,2.0573034286499023,5.875,5.875,5.875,5.875,36000
1999-05-18,2.0573034286499023,5.875,5.875,5.875,5.875,0
1999-05-19,2.046360492706299,5.84375,5.84375,5.84375,5.84375,1200
1999-05-20,2.046360492706299,5.84375,5.84375,5.84375,5.84375,0
1999-05-21,2.1010751724243164,6.0,6.0,6.0,6.0,36800
1999-05-24,2.1010751724243164,6.0,6.0,6.0,6.0,0
1999-05-25,2.0573034286499023,5.875,5.875,5.875,5.875,4000
1999-05-26,2.0573034286499023,5.875,5.875,5.875,5.875,0
1999-05-27,2.0573034286499023,5.875,5.875,5.875,5.875,0
1999-05-28,2.0354175567626953,5.8125,5.8125,5.8125,5.8125,1600
1999-06-01,2.0354175567626953,5.8125,5.8125,5.8125,5.8125,0
1999-06-02,2.0354175567626953,5.8125,5.8125,5.8125,5.8125,0
1999-06-03,2.0354175567626953,5.8125,5.8125,5.8125,5.8125,0
1999-06-04,2.0354175567626953,5.8125,5.8125,5.8125,5.8125,0
1999-06-07,2.090132713317871,5.96875,5.96875,5.96875,5.96875,400
1999-06-08,2.090132713317871,5.96875,5.96875,5.96875,5.96875,0
1999-06-09,2.090132713317871,5.96875,5.96875,5.96875,5.96875,0
1999-06-10,2.090132713317871,5.96875,5.96875,5.96875,5.96875,0
1999-06-11,2.090132713317871,5.96875,5.96875,5.96875,5.96875,0
1999-06-14,2.090132713317871,5.96875,5.96875,5.96875,5.96875,0
1999-06-15,2.090132713317871,5.96875,5.96875,5.96875,5.96875,0
1999-06-16,2.090132713317871,5.96875,5.96875,5.96875,5.96875,0
1999-06-17,2.090132713317871,5.96875,5.96875,5.96875,5.96875,0
1999-06-18,2.090132713317871,5.96875,5.96875,5.96875,5.96875,0
1999-06-21,2.090132713317871,5.96875,5.96875,5.96875,5.96875,400
1999-06-22,2.090132713317871,5.96875,5.96875,5.96875,5.96875,0
1999-06-23,2.090132713317871,5.96875,5.96875,5.96875,5.96875,800
1999-06-24,2.090132713317871,5.96875,5.96875,5.96875,5.96875,0
1999-06-25,2.090132713317871,5.96875,5.96875,5.96875,5.96875,16800
1999-06-28,2.090132713317871,5.96875,5.96875,5.96875,5.96875,0
1999-06-29,2.0573034286499023,5.875,5.875,5.875,5.875,400
1999-06-30,2.0573034286499023,5.875,5.875,5.875,5.875,0
1999-07-01,2.0573034286499023,5.875,5.875,5.875,5.875,0
1999-07-02,2.0573034286499023,5.875,5.875,5.875,5.875,0
1999-07-06,2.0573034286499023,5.875,5.875,5.875,5.875,0
1999-07-07,2.0573034286499023,5.875,5.875,5.875,5.875,0
1999-07-08,2.133904457092285,6.09375,6.09375,6.09375,6.09375,400
1999-07-09,2.133904457092285,6.09375,6.09375,6.09375,6.09375,0
1999-07-12,2.133904457092285,6.09375,6.09375,6.09375,6.09375,0
1999-07-13,2.133904457092285,6.09375,6.09375,6.09375,6.09375,0
1999-07-14,2.133904457092285,6.09375,6.09375,6.09375,6.09375,0
1999-07-15,2.133904457092285,6.09375,6.09375,6.09375,6.09375,0
1999-07-16,2.133904457092285,6.09375,6.09375,6.09375,6.09375,0
1999-07-19,2.133904457092285,6.09375,6.09375,6.09375,6.09375,0
1999-07-20,2.133904457092285,6.09375,6.09375,6.09375,6.09375,0
1999-07-21,2.133904457092285,6.09375,6.09375,6.09375,6.09375,0
1999-07-22,2.133904457092285,6.09375,6.09375,6.09375,6.09375,0
1999-07-23,2.133904457092285,6.09375,6.09375,6.09375,6.09375,0
1999-07-26,2.133904457092285,6.09375,6.09375,6.09375,6.09375,0
1999-07-27,2.133904457092285,6.09375,6.09375,6.09375,6.09375,0
1999-07-28,1.9588160514831543,5.59375,5.59375,5.59375,5.59375,400
1999-07-29,1.9588160514831543,5.59375,5.59375,5.59375,5.59375,0
1999-07-30,1.9588160514831543,5.59375,5.59375,5.59375,5.59375,0
1999-08-02,1.9588160514831543,5.59375,5.59375,5.59375,5.59375,0
1999-08-03,1.9588160514831543,5.59375,5.59375,5.59375,5.59375,0
1999-08-04,1.9588160514831543,5.59375,5.59375,5.59375,5.59375,0
1999-08-05,1.9588160514831543,5.59375,5.59375,5.59375,5.59375,0
1999-08-06,1.9588160514831543,5.59375,5.59375,5.59375,5.59375,0
1999-08-09,1.7837251424789429,5.09375,5.09375,5.09375,5.09375,400
1999-08-10,1.7837251424789429,5.09375,5.09375,5.09375,5.09375,0
1999-08-11,1.7837251424789429,5.09375,5.09375,5.09375,5.09375,0
1999-08-12,1.7837251424789429,5.09375,5.09375,5.09375,5.09375,0
1999-08-13,1.7837251424789429,5.09375,5.09375,5.09375,5.09375,0
1999-08-16,1.8165552616119385,5.1875,5.1875,5.1875,5.1875,400
1999-08-17,1.8165552616119385,5.1875,5.1875,5.1875,5.1875,0
1999-08-18,1.8165552616119385,5.1875,5.1875,5.1875,5.1875,0
1999-08-19,1.8165552616119385,5.1875,5.1875,5.1875,5.1875,0
1999-08-20,1.8384411334991455,5.25,5.25,5.25,5.25,400
1999-08-23,1.8384411334991455,5.25,5.25,5.25,5.25,0
1999-08-24,1.8384411334991455,5.25,5.25,5.25,5.25,0
1999-08-25,1.8384411334991455,5.25,5.25,5.25,5.25,0
1999-08-26,1.8384411334991455,5.25,5.25,5.25,5.25,0
1999-08-27,1.8384411334991455,5.25,5.25,5.25,5.25,0
1999-08-30,1.8384411334991455,5.25,5.25,5.25,5.25,0
1999-08-31,1.8603280782699585,5.3125,5.3125,5.3125,5.3125,400
1999-09-01,1.8603280782699585,5.3125,5.3125,5.3125,5.3125,0
1999-09-02,1.8603280782699585,5.3125,5.3125,5.3125,5.3125,0
1999-09-03,1.8603280782699585,5.3125,5.3125,5.3125,5.3125,0
1999-09-07,1.8603280782699585,5.3125,5.3125,5.3125,5.3125,0
1999-09-08,1.925986409187317,5.5,5.5,5.5,5.5,2800
1999-09-09,1.925986409187317,5.5,5.5,5.5,5.5,0
1999-09-10,1.925986409187317,5.5,5.5,5.5,5.5,0
1999-09-13,1.925986409187317,5.5,5.5,5.5,5.5,0
1999-09-14,1.925986409187317,5.5,5.5,5.5,5.5,0
1999-09-15,1.925986409187317,5.5,5.5,5.5,5.5,0
1999-09-16,1.925986409187317,5.5,5.5,5.5,5.5,0
1999-09-17,1.925986409187317,5.5,5.5,5.5,5.5,0
1999-09-20,1.925986409187317,5.5,5.5,5.5,5.5,0
1999-09-21,1.925986409187317,5.5,5.5,5.5,5.5,0
1999-09-22,1.925986409187317,5.5,5.5,5.5,5.5,0
1999-09-23,1.925986409187317,5.5,5.5,5.5,5.5,0
1999-09-24,1.925986409187317,5.5,5.5,5.5,5.5,0
1999-09-27,1.925986409187317,5.5,5.5,5.5,5.5,0
1999-09-28,1.925986409187317,5.5,5.5,5.5,5.5,0
1999-09-29,1.925986409187317,5.5,5.5,5.5,5.5,0
1999-09-30,1.925986409187317,5.5,5.5,5.5,5.5,0
1999-10-01,1.925986409187317,5.5,5.5,5.5,5.5,0
1999-10-04,1.7618393898010254,5.03125,5.03125,5.03125,5.03125,3200
1999-10-05,1.7618393898010254,5.03125,5.03125,5.03125,5.03125,0
1999-10-06,1.7618393898010254,5.03125,5.03125,5.03125,5.03125,0
1999-10-07,1.7618393898010254,5.03125,5.03125,5.03125,5.03125,0
1999-10-08,1.7618393898010254,5.03125,5.03125,5.03125,5.03125,1200
1999-10-11,1.7618393898010254,5.03125,5.03125,5.03125,5.03125,0
1999-10-12,1.7618393898010254,5.03125,5.03125,5.03125,5.03125,800
1999-10-13,1.750896692276001,5.0,5.0,5.0,5.0,1200
1999-10-14,1.750896692276001,5.0,5.0,5.0,5.0,0
1999-10-15,1.750896692276001,5.0,5.0,5.0,5.0,0
1999-10-18,1.750896692276001,5.0,5.0,5.0,5.0,0
1999-10-19,1.750896692276001,5.0,5.0,5.0,5.0,0
1999-10-20,1.750896692276001,5.0,5.0,5.0,5.0,0
1999-10-21,1.750896692276001,5.0,5.0,5.0,5.0,0
1999-10-22,1.750896692276001,5.0,5.0,5.0,5.0,0
1999-10-25,1.750896692276001,5.0,5.0,5.0,5.0,0
1999-10-26,1.750896692276001,5.0,5.0,5.0,5.0,0
1999-10-27,1.750896692276001,5.0,5.0,5.0,5.0,0
1999-10-28,1.707123875617981,4.875,4.875,4.875,4.875,400
1999-10-29,1.707123875617981,4.875,4.875,4.875,4.875,0
1999-11-01,1.707123875617981,4.875,4.875,4.875,4.875,0
1999-11-02,1.707123875617981,4.875,4.875,4.875,4.875,0
1999-11-03,1.707123875617981,4.875,4.875,4.875,4.875,0
1999-11-04,1.707123875617981,4.875,4.875,4.875,4.875,0
1999-11-05,1.707123875617981,4.875,4.875,4.875,4.875,0
1999-11-08,1.707123875617981,4.875,4.875,4.875,4.875,0
1999-11-09,1.707123875617981,4.875,4.875,4.875,4.875,0
1999-11-10,1.729009747505188,4.9375,4.9375,4.9375,4.9375,18000
1999-11-11,1.729009747505188,4.9375,4.9375,4.9375,4.9375,0
1999-11-12,1.729009747505188,4.9375,4.9375,4.9375,4.9375,800
1999-11-15,1.707123875617981,4.875,4.875,4.875,4.875,2800
1999-11-16,1.707123875617981,4.875,4.875,4.875,4.875,0
1999-11-17,1.707123875617981,4.875,4.875,4.875,4.875,0
1999-11-18,1.707123875617981,4.875,4.875,4.875,4.875,0
1999-11-19,1.707123875617981,4.875,4.875,4.875,4.875,0
1999-11-22,1.7399531602859497,4.96875,4.96875,4.96875,4.96875,6400
1999-11-23,1.7399531602859497,4.96875,4.96875,4.96875,4.96875,0
1999-11-24,1.7399531602859497,4.96875,4.96875,4.96875,4.96875,0
1999-11-26,1.7399531602859497,4.96875,4.96875,4.96875,4.96875,0
1999-11-29,1.7399531602859497,4.96875,4.96875,4.96875,4.96875,0
1999-11-30,1.7399531602859497,4.96875,4.96875,4.96875,4.96875,0
1999-12-01,1.7399531602859497,4.96875,4.96875,4.96875,4.96875,0
1999-12-02,1.871270775794983,5.34375,5.34375,5.34375,5.34375,13200
1999-12-03,1.871270775794983,5.34375,5.34375,5.34375,5.34375,0
1999-12-06,1.871270775794983,5.34375,5.34375,5.34375,5.34375,0
1999-12-07,1.871270775794983,5.34375,5.34375,5.34375,5.34375,0
1999-12-08,1.871270775794983,5.34375,5.34375,5.34375,5.34375,0
1999-12-09,1.871270775794983,5.34375,5.34375,5.34375,5.34375,0
1999-12-10,1.871270775794983,5.34375,5.34375,5.34375,5.34375,0
1999-12-13,1.871270775794983,5.34375,5.34375,5.34375,5.34375,0
1999-12-14,1.871270775794983,5.34375,5.34375,5.34375,5.34375,0
1999-12-15,1.871270775794983,5.34375,5.34375,5.34375,5.34375,0
1999-12-16,1.871270775794983,5.34375,5.34375,5.34375,5.34375,1600
1999-12-17,1.9697585105895996,5.625,5.625,5.625,5.625,6800
1999-12-20,1.9697585105895996,5.625,5.625,5.625,5.625,0
1999-12-21,2.0573034286499023,5.875,5.875,5.875,5.875,400
1999-12-22,2.0573034286499023,5.875,5.875,5.875,5.875,0
1999-12-23,2.0573034286499023,5.875,5.875,5.875,5.875,0
1999-12-27,2.0573034286499023,5.875,5.875,5.875,5.875,0
1999-12-28,2.0573034286499023,5.875,5.875,5.875,5.875,0
1999-12-29,2.0573034286499023,5.875,5.875,5.875,5.875,0
1999-12-30,2.0573034286499023,5.875,5.875,5.875,5.875,0
1999-12-31,2.0573034286499023,5.875,5.875,5.875,5.875,0
2000-01-03,2.0573034286499023,5.875,5.875,5.875,5.875,0
2000-01-04,2.0573034286499023,5.875,5.875,5.875,5.875,0
2000-01-05,2.1448473930358887,6.125,6.125,6.125,6.125,400
2000-01-06,2.221449375152588,6.34375,6.34375,6.34375,6.34375,2400
2000-01-07,2.221449375152588,6.34375,6.34375,6.34375,6.34375,0
2000-01-10,2.221449375152588,6.34375,6.34375,6.34375,6.34375,0
2000-01-11,2.221449375152588,6.34375,6.34375,6.34375,6.34375,0
2000-01-12,2.221449375152588,6.34375,6.34375,6.34375,6.34375,0
2000-01-13,2.221449375152588,6.34375,6.34375,6.34375,6.34375,0
2000-01-14,2.221449375152588,6.34375,6.34375,6.34375,6.34375,0
2000-01-18,2.221449375152588,6.34375,6.34375,6.34375,6.34375,0
2000-01-19,2.068246603012085,5.90625,5.90625,5.90625,5.90625,800
2000-01-20,2.068246603012085,5.90625,5.90625,5.90625,5.90625,0
2000-01-21,2.068246603012085,5.90625,5.90625,5.90625,5.90625,0
2000-01-24,2.068246603012085,5.90625,5.90625,5.90625,5.90625,0
2000-01-25,2.068246603012085,5.90625,5.90625,5.90625,5.90625,0
2000-01-26,2.068246603012085,5.90625,5.90625,5.90625,5.90625,0
2000-01-27,2.068246603012085,5.90625,5.90625,5.90625,5.90625,0
2000-01-28,2.068246603012085,5.90625,5.90625,5.90625,5.90625,0
2000-01-31,2.068246603012085,5.90625,5.90625,5.90625,5.90625,0
2000-02-01,2.068246603012085,5.90625,5.90625,5.90625,5.90625,0
2000-02-02,2.068246603012085,5.90625,5.90625,5.90625,5.90625,0
2000-02-03,2.068246603012085,5.90625,5.90625,5.90625,5.90625,0
2000-02-04,2.319936990737915,6.625,6.625,6.625,6.625,3600
2000-02-07,2.319936990737915,6.625,6.625,6.625,6.625,0
2000-02-08,2.319936990737915,6.625,6.625,6.625,6.625,0
2000-02-09,2.319936990737915,6.625,6.625,6.625,6.625,0
2000-02-10,2.319936990737915,6.625,6.625,6.625,6.625,0
2000-02-11,2.319936990737915,6.625,6.625,6.625,6.625,0
2000-02-14,2.319936990737915,6.625,6.625,6.625,6.625,0
2000-02-15,2.319936990737915,6.625,6.625,6.625,6.625,0
2000-02-16,2.319936990737915,6.625,6.625,6.625,6.625,0
2000-02-17,2.319936990737915,6.625,6.625,6.625,6.625,0
2000-02-18,2.319936990737915,6.625,6.625,6.625,6.625,0
2000-02-22,2.319936990737915,6.625,6.625,6.625,6.625,16000
2000-02-23,2.319936990737915,6.625,6.625,6.625,6.625,0
2000-02-24,2.319936990737915,6.625,6.625,6.625,6.625,0
2000-02-25,2.319936990737915,6.625,6.625,6.625,6.625,0
2000-02-28,2.319936990737915,6.625,6.625,6.625,6.625,0
2000-02-29,2.319936990737915,6.625,6.625,6.625,6.625,0
2000-03-01,2.3637101650238037,6.75,6.75,6.75,6.75,400
2000-03-02,2.3637101650238037,6.75,6.75,6.75,6.75,0
2000-03-03,2.3637101650238037,6.75,6.75,6.75,6.75,0
2000-03-06,2.330881118774414,6.65625,6.65625,6.65625,6.65625,4000
2000-03-07,2.330881118774414,6.65625,6.65625,6.65625,6.65625,0
2000-03-08,2.330881118774414,6.65625,6.65625,6.65625,6.65625,0
2000-03-09,2.330881118774414,6.65625,6.65625,6.65625,6.65625,0
2000-03-10,2.330881118774414,6.65625,6.65625,6.65625,6.65625,0
2000-03-13,2.330881118774414,6.65625,6.65625,6.65625,6.65625,0
2000-03-14,2.330881118774414,6.65625,6.65625,6.65625,6.65625,0
2000-03-15,2.330881118774414,6.65625,6.65625,6.65625,6.65625,0
2000-03-16,2.330881118774414,6.65625,6.65625,6.65625,6.65625,0
2000-03-17,2.330881118774414,6.65625,6.65625,6.65625,6.65625,0
2000-03-20,2.330881118774414,6.65625,6.65625,6.65625,6.65625,0
2000-03-21,2.330881118774414,6.65625,6.65625,6.65625,6.65625,0
2000-03-22,2.330881118774414,6.65625,6.65625,6.65625,6.65625,0
2000-03-23,2.330881118774414,6.65625,6.65625,6.65625,6.65625,0
2000-03-24,2.330881118774414,6.65625,6.65625,6.65625,6.65625,0
2000-03-27,2.330881118774414,6.65625,6.65625,6.65625,6.65625,0
2000-03-28,2.330881118774414,6.65625,6.65625,6.65625,6.65625,0
2000-03-29,2.330881118774414,6.65625,6.65625,6.65625,6.65625,0
2000-03-30,2.330881118774414,6.65625,6.65625,6.65625,6.65625,0
2000-03-31,2.330881118774414,6.65625,6.65625,6.65625,6.65625,0
2000-04-03,2.582571268081665,7.375,7.375,7.375,7.375,400
2000-04-04,2.582571268081665,7.375,7.375,7.375,7.375,0
2000-04-05,2.582571268081665,7.375,7.375,7.375,7.375,0
2000-04-06,2.484083890914917,7.09375,7.09375,7.09375,7.09375,400
2000-04-07,2.484083890914917,7.09375,7.09375,7.09375,7.09375,0
2000-04-10,2.3637101650238037,6.75,6.75,6.75,6.75,4000
2000-04-11,2.3637101650238037,6.75,6.75,6.75,6.75,0
2000-04-12,2.352766990661621,6.71875,6.71875,6.6875,6.71875,4400
2000-04-13,2.352766990661621,6.71875,6.71875,6.71875,6.71875,0
2000-04-14,2.352766990661621,6.71875,6.71875,6.71875,6.71875,3600
2000-04-17,2.385596752166748,6.8125,6.8125,6.5625,6.71875,8800
2000-04-18,2.319936990737915,6.625,6.75,6.625,6.75,2000
2000-04-19,2.319936990737915,6.625,6.625,6.625,6.625,0
2000-04-20,2.319936990737915,6.625,6.625,6.625,6.625,0
2000-04-24,2.319936990737915,6.625,6.625,6.625,6.625,0
2000-04-25,2.319936990737915,6.625,6.625,6.625,6.625,0
2000-04-26,2.319936990737915,6.625,6.625,6.625,6.625,0
2000-04-27,2.319936990737915,6.625,6.625,6.625,6.625,0
2000-04-28,2.319936990737915,6.625,6.625,6.625,6.625,0
2000-05-01,2.319936990737915,6.625,6.625,6.625,6.625,0
2000-05-02,2.319936990737915,6.625,6.625,6.625,6.625,0
2000-05-03,2.319936990737915,6.625,6.625,6.625,6.625,0
2000-05-04,2.2761638164520264,6.5,6.5,6.5,6.5,3600
2000-05-05,2.2761638164520264,6.5,6.5,6.5,6.5,0
2000-05-08,2.3089938163757324,6.59375,6.59375,6.59375,6.59375,400
2000-05-09,2.3089938163757324,6.59375,6.59375,6.59375,6.59375,0
2000-05-10,2.3089938163757324,6.59375,6.59375,6.59375,6.59375,0
2000-05-11,2.3089938163757324,6.59375,6.59375,6.59375,6.59375,0
2000-05-12,2.3746538162231445,6.78125,6.875,6.75,6.75,37600
2000-05-15,2.418426036834717,6.90625,6.90625,6.78125,6.78125,11200
2000-05-16,2.440312385559082,6.96875,6.96875,6.9375,6.9375,800
2000-05-17,2.440312385559082,6.96875,6.96875,6.96875,6.96875,0
2000-05-18,2.440312385559082,6.96875,6.96875,6.96875,6.96875,0
2000-05-19,2.440312385559082,6.96875,6.96875,6.96875,6.96875,0
2000-05-22,2.440312385559082,6.96875,6.96875,6.96875,6.96875,0
2000-05-23,2.385596752166748,6.8125,6.8125,6.8125,6.8125,4800
2000-05-24,2.385596752166748,6.8125,6.8125,6.8125,6.8125,0
2000-05-25,2.133904457092285,6.09375,6.125,6.09375,6.125,12400
2000-05-26,2.133904457092285,6.09375,6.09375,6.09375,6.09375,0
2000-05-30,2.133904457092285,6.09375,6.09375,6.09375,6.09375,0
2000-05-31,2.0791900157928467,5.9375,5.9375,5.9375,5.9375,32000
2000-06-01,2.232393264770508,6.375,6.375,6.21875,6.21875,86000
2000-06-02,2.3637101650238037,6.75,6.75,6.4375,6.4375,4000
2000-06-05,2.3637101650238037,6.75,6.75,6.75,6.75,0
2000-06-06,2.3637101650238037,6.75,6.75,6.75,6.75,0
2000-06-07,2.3637101650238037,6.75,6.75,6.75,6.75,0
2000-06-08,2.418426036834717,6.90625,6.90625,6.875,6.875,11600
2000-06-09,2.418426036834717,6.90625,6.90625,6.90625,6.90625,2400
2000-06-12,2.418426036834717,6.90625,6.90625,6.90625,6.90625,0
2000-06-13,2.418426036834717,6.90625,6.90625,6.90625,6.90625,0
2000-06-14,2.418426036834717,6.90625,6.90625,6.90625,6.90625,0
2000-06-15,2.4074831008911133,6.875,6.875,6.875,6.875,400
2000-06-16,2.396538734436035,6.84375,6.84375,6.84375,6.84375,400
2000-06-19,2.1557905673980713,6.15625,6.84375,6.15625,6.15625,0
2000-06-20,2.1557905673980713,6.15625,6.84375,6.15625,6.15625,0
2000-06-21,2.1557905673980713,6.15625,6.15625,6.15625,6.15625,0
2000-06-22,2.1557905673980713,6.15625,6.15625,6.15625,6.15625,0
2000-06-23,2.4950270652770996,7.125,7.15625,7.125,7.125,2000
2000-06-26,2.5059704780578613,7.15625,7.15625,7.15625,7.15625,1200
2000-06-27,2.5059704780578613,7.15625,7.15625,7.15625,7.15625,0
2000-06-28,2.4950270652770996,7.125,7.1875,6.9375,7.15625,126000
2000-06-29,2.4950270652770996,7.125,7.125,7.125,7.125,0
2000-06-30,2.4950270652770996,7.125,7.125,7.125,7.125,0
2000-07-03,2.4950270652770996,7.125,7.125,7.125,7.125,0
2000-07-05,2.3746538162231445,6.78125,6.78125,6.78125,6.78125,400
2000-07-06,2.418426036834717,6.90625,6.9375,6.90625,6.90625,22000
2000-07-07,2.418426036834717,6.90625,7.0,6.90625,6.90625,63600
2000-07-10,2.429368257522583,6.9375,6.96875,6.90625,6.90625,68800
2000-07-11,2.440312385559082,6.96875,7.0,6.96875,6.96875,16400
2000-07-12,2.440312385559082,6.96875,7.03125,6.96875,6.96875,71600
2000-07-13,2.473141670227051,7.0625,7.0625,7.03125,7.03125,17600
2000-07-14,2.5169131755828857,7.1875,7.25,7.03125,7.0625,74400
2000-07-17,2.5059704780578613,7.15625,7.15625,7.15625,7.15625,30400
2000-07-18,2.5606865882873535,7.3125,7.3125,6.8125,7.15625,72400
2000-07-19,2.5606865882873535,7.3125,7.3125,7.3125,7.3125,0
2000-07-20,2.5606865882873535,7.3125,7.34375,7.3125,7.3125,0
2000-07-21,2.6154003143310547,7.46875,7.46875,7.46875,7.46875,1600
2000-07-24,2.648231029510498,7.5625,7.5625,7.5625,7.5625,400
2000-07-25,2.670117139816284,7.625,7.625,7.53125,7.5625,9200
2000-07-26,2.681060552597046,7.65625,7.65625,7.65625,7.65625,8000
2000-07-27,2.681060552597046,7.65625,7.65625,7.65625,7.65625,400
2000-07-28,2.681060552597046,7.65625,7.65625,7.65625,7.65625,0
2000-07-31,2.7029480934143066,7.71875,7.8125,7.71875,7.71875,1600
2000-08-01,2.6263437271118164,7.5,7.5,7.5,7.5,800
2000-08-02,2.637287139892578,7.53125,7.53125,7.53125,7.53125,800
2000-08-03,2.648231029510498,7.5625,7.5625,7.5625,7.5625,800
2000-08-04,2.637287139892578,7.53125,7.53125,7.53125,7.53125,400
2000-08-07,2.637287139892578,7.53125,7.53125,7.53125,7.53125,0
2000-08-08,2.6263437271118164,7.5,7.5,7.5,7.5,800
2000-08-09,2.648231029510498,7.5625,7.5625,7.5625,7.5625,400
2000-08-10,2.549741744995117,7.28125,7.28125,7.28125,7.28125,400
2000-08-11,2.549741744995117,7.28125,7.28125,7.28125,7.28125,400
2000-08-14,2.484083890914917,7.09375,7.09375,7.09375,7.09375,1200
2000-08-15,2.473141670227051,7.0625,7.0625,7.0625,7.0625,400
2000-08-16,2.5387988090515137,7.25,7.25,7.25,7.25,800
2000-08-17,2.5278563499450684,7.21875,7.28125,7.1875,7.25,4000
2000-08-18,2.5278563499450684,7.21875,7.21875,7.21875,7.21875,0
2000-08-21,2.2652225494384766,6.46875,6.46875,6.4375,6.46875,1061600
2000-08-22,3.0859546661376953,8.8125,8.8125,6.46875,6.46875,1206400
2000-08-23,2.112018346786499,6.03125,6.03125,5.75,6.03125,2000
2000-08-24,2.112018346786499,6.03125,6.03125,6.03125,6.03125,0
2000-08-25,2.243335723876953,6.40625,6.40625,6.34375,6.34375,1200
2000-08-28,2.243335723876953,6.40625,6.40625,6.40625,6.40625,0
2000-08-29,2.3089938163757324,6.59375,6.59375,6.59375,6.59375,3200
2000-08-30,2.330881118774414,6.65625,6.65625,6.625,6.625,3200
2000-08-31,2.330881118774414,6.65625,6.65625,6.65625,6.65625,0
2000-09-01,2.3637101650238037,6.75,6.75,6.75,6.75,800
2000-09-05,2.385596752166748,6.8125,6.8125,6.8125,6.8125,200000
2000-09-06,2.385596752166748,6.8125,6.8125,6.78125,6.8125,476000
2000-09-07,2.3637101650238037,6.75,6.75,6.75,6.75,4000
2000-09-08,2.396538734436035,6.84375,6.84375,6.65625,6.75,181200
2000-09-11,2.330881118774414,6.65625,6.65625,6.625,6.65625,42000
2000-09-12,2.3089938163757324,6.59375,6.625,6.59375,6.625,24400
2000-09-13,2.3089938163757324,6.59375,6.59375,6.59375,6.59375,101200
2000-09-14,2.3089938163757324,6.59375,6.59375,6.59375,6.59375,0
2000-09-15,2.319936990737915,6.625,6.625,6.625,6.625,100400
2000-09-18,2.319936990737915,6.625,6.625,6.59375,6.625,34400
2000-09-19,2.330881118774414,6.65625,6.65625,6.625,6.625,132800
2000-09-20,2.319936990737915,6.625,6.65625,6.625,6.65625,220400
2000-09-21,2.352766990661621,6.71875,6.71875,6.625,6.625,912400
2000-09-22,2.352766990661621,6.71875,6.71875,6.71875,6.71875,0
2000-09-25,2.319936990737915,6.625,6.65625,6.625,6.65625,800
2000-09-26,2.330881118774414,6.65625,6.6875,6.625,6.625,4800
2000-09-27,2.330881118774414,6.65625,6.65625,6.59375,6.65625,800
2000-09-28,2.2652225494384766,6.46875,6.46875,6.46875,6.46875,1600
2000-09-29,2.330881118774414,6.65625,6.65625,6.65625,6.65625,400
2000-10-02,2.330881118774414,6.65625,6.65625,6.65625,6.65625,0
2000-10-03,2.243335723876953,6.40625,6.4375,6.40625,6.4375,800
2000-10-04,2.243335723876953,6.40625,6.40625,6.40625,6.40625,0
2000-10-05,2.221449375152588,6.34375,6.34375,6.3125,6.34375,22800
2000-10-06,2.221449375152588,6.34375,6.34375,6.34375,6.34375,400
2000-10-09,2.221449375152588,6.34375,6.34375,6.34375,6.34375,0
2000-10-10,2.221449375152588,6.34375,6.34375,6.34375,6.34375,1600
2000-10-11,2.243335723876953,6.40625,6.40625,6.375,6.375,60000
2000-10-12,2.1886212825775146,6.25,6.28125,6.25,6.28125,32800
2000-10-13,2.1557905673980713,6.15625,6.21875,6.15625,6.21875,43600
2000-10-16,2.090132713317871,5.96875,6.0,5.78125,6.0,69600
2000-10-17,2.090132713317871,5.96875,6.34375,5.9375,6.34375,136400
2000-10-18,2.1448473930358887,6.125,6.15625,5.875,6.0,147600
2000-10-19,2.1612625122070312,6.171875,6.171875,6.125,6.140625,162000
2000-10-20,2.2378652095794678,6.390625,6.703125,6.21875,6.21875,331200
2000-10-23,2.325409412384033,6.640625,6.640625,6.421875,6.4375,149600
2000-10-24,2.319936990737915,6.625,6.6875,6.625,6.671875,71600
2000-10-25,2.2871081829071045,6.53125,6.578125,6.40625,6.578125,85200
2000-10-26,2.2597503662109375,6.453125,6.5,6.453125,6.5,38000
2000-10-27,2.254279613494873,6.4375,6.546875,6.421875,6.4375,178400
2000-10-30,2.2378652095794678,6.390625,6.484375,6.359375,6.453125,841200
2000-10-31,2.221449375152588,6.34375,6.375,6.28125,6.328125,3666400
2000-11-01,2.1886212825775146,6.25,6.375,6.234375,6.34375,269200
2000-11-02,2.166733741760254,6.1875,6.21875,6.125,6.21875,529200
2000-11-03,2.166733741760254,6.1875,6.1875,6.0625,6.1875,491200
2000-11-06,2.1612625122070312,6.171875,6.234375,6.125,6.1875,388800
2000-11-07,2.1393773555755615,6.109375,6.171875,6.109375,6.171875,96800
2000-11-08,2.112018346786499,6.03125,6.078125,6.0,6.078125,108400
2000-11-09,2.122962713241577,6.0625,6.0625,5.9375,5.984375,162400
2000-11-10,2.133904457092285,6.09375,6.09375,6.046875,6.09375,364000
2000-11-13,2.1010751724243164,6.0,6.0625,5.9375,6.0625,28800
2000-11-14,2.112018346786499,6.03125,6.078125,6.0,6.015625,176000
2000-11-15,2.1010751724243164,6.0,6.015625,5.96875,6.015625,99200
2000-11-16,2.090132713317871,5.96875,6.03125,5.90625,6.03125,226800
2000-11-17,2.0573034286499023,5.875,5.96875,5.828125,5.96875,812000
2000-11-20,2.0573034286499023,5.875,5.921875,5.84375,5.921875,74400
2000-11-21,2.0791900157928467,5.9375,6.03125,5.9375,5.9375,339200
2000-11-22,2.0737178325653076,5.921875,5.953125,5.84375,5.84375,73200
2000-11-24,2.090132713317871,5.96875,5.96875,5.890625,5.9375,167200
2000-11-27,2.0791900157928467,5.9375,6.078125,5.90625,6.0,3206400
2000-11-28,2.0573034286499023,5.875,5.96875,5.875,5.96875,2334000
2000-11-29,2.0573034286499023,5.875,5.890625,5.875,5.875,2464400
2000-11-30,2.068246603012085,5.90625,5.9375,5.875,5.890625,216800
2000-12-01,2.0354175567626953,5.8125,5.90625,5.8125,5.90625,85600
2000-12-04,2.0573034286499023,5.875,5.890625,5.84375,5.84375,778000
2000-12-05,2.0573034286499023,5.875,5.890625,5.8125,5.890625,868400
2000-12-06,2.062774419784546,5.890625,5.9375,5.859375,5.875,66800
2000-12-07,2.0827698707580566,5.859375,5.921875,5.859375,5.875,2419600
2000-12-08,2.127202033996582,5.984375,5.984375,5.84375,5.890625,7794400
2000-12-11,2.154973030090332,6.0625,6.109375,6.015625,6.03125,101200
2000-12-12,2.166079521179199,6.09375,6.140625,6.03125,6.078125,169600
2000-12-13,2.193849802017212,6.171875,6.203125,6.078125,6.125,89600
2000-12-14,2.2105135917663574,6.21875,6.234375,6.140625,6.171875,52800
2000-12-15,2.2438366413116455,6.3125,6.34375,6.21875,6.21875,34400
2000-12-18,2.221621036529541,6.25,6.28125,6.21875,6.28125,32000
2000-12-19,2.249391794204712,6.328125,6.359375,6.265625,6.28125,261600
2000-12-20,2.21606707572937,6.234375,6.28125,6.15625,6.28125,220400
2000-12-21,2.232729911804199,6.28125,6.34375,6.25,6.25,424800
2000-12-22,2.2549448013305664,6.34375,6.375,6.28125,6.28125,117600
2000-12-26,2.2438366413116455,6.3125,6.375,6.3125,6.34375,32800
2000-12-27,2.277160167694092,6.40625,6.421875,6.328125,6.328125,74800
2000-12-28,2.304931640625,6.484375,6.484375,6.4375,6.46875,162000
2000-12-29,2.304931640625,6.484375,6.578125,6.4375,6.5,154400
2001-01-02,2.2604994773864746,6.359375,6.546875,6.359375,6.5,66000
2001-01-03,2.232729911804199,6.28125,6.375,6.1875,6.375,220400
2001-01-04,2.28826904296875,6.4375,6.46875,6.3125,6.3125,152000
2001-01-05,2.293823003768921,6.453125,6.46875,6.421875,6.4375,246800
2001-01-08,2.26605224609375,6.375,6.40625,6.34375,6.390625,118400
2001-01-09,2.2549448013305664,6.34375,6.40625,6.34375,6.359375,98000
2001-01-10,2.2271738052368164,6.265625,6.34375,6.265625,6.328125,178000
2001-01-11,2.26605224609375,6.375,6.375,6.25,6.25,467200
2001-01-12,2.2382826805114746,6.296875,6.328125,6.296875,6.328125,23200
2001-01-16,2.2382826805114746,6.296875,6.3125,6.265625,6.296875,131600
2001-01-17,2.21606707572937,6.234375,6.25,6.21875,6.25,217600
2001-01-18,2.199404001235962,6.1875,6.234375,6.1875,6.234375,97600
2001-01-19,2.1827425956726074,6.140625,6.25,6.125,6.25,69200
2001-01-22,2.21606707572937,6.234375,6.25,6.109375,6.15625,204000
2001-01-23,2.204958438873291,6.203125,6.234375,6.15625,6.234375,54800
2001-01-24,2.188295602798462,6.15625,6.1875,6.140625,6.1875,34800
2001-01-25,2.221621036529541,6.25,6.296875,6.15625,6.171875,352000
2001-01-26,2.28826904296875,6.4375,6.453125,6.234375,6.234375,260800
2001-01-29,2.2998218536376953,6.46999979019165,6.485000133514404,6.40500020980835,6.412499904632568,207200
2001-01-30,2.310483932495117,6.5,6.5,6.462500095367432,6.497499942779541,88400
2001-01-31,2.3291471004486084,6.552499771118164,6.599999904632568,6.527500152587891,6.527500152587891,92000
2001-02-01,2.354917049407959,6.625,6.625,6.5625,6.5625,74800
2001-02-02,2.354029893875122,6.622499942779541,6.699999809265137,6.570000171661377,6.602499961853027,119200
2001-02-05,2.3558058738708496,6.627500057220459,6.65749979019165,6.582499980926514,6.599999904632568,129600
2001-02-06,2.328258991241455,6.550000190734863,6.662499904632568,6.550000190734863,6.650000095367432,26000
2001-02-07,2.314929246902466,6.512499809265137,6.545000076293945,6.489999771118164,6.545000076293945,26800
2001-02-08,2.314929246902466,6.512499809265137,6.512499809265137,6.5,6.5,11600
2001-02-09,2.2838258743286133,6.425000190734863,6.537499904632568,6.380000114440918,6.517499923706055,84800
2001-02-12,2.242948532104492,6.309999942779541,6.335000038146973,6.237500190734863,6.237500190734863,45600
2001-02-13,2.2411704063415527,6.304999828338623,6.337500095367432,6.289999961853027,6.309999942779541,54800
2001-02-14,2.23317289352417,6.28249979019165,6.284999847412109,6.235000133514404,6.255000114440918,40800
2001-02-15,2.2482798099517822,6.324999809265137,6.349999904632568,6.292500019073486,6.307499885559082,53200
2001-02-16,2.119426965713501,5.962500095367432,6.21750020980835,5.949999809265137,6.147500038146973,198000
2001-02-20,2.0394482612609863,5.737500190734863,5.877500057220459,5.732500076293945,5.877500057220459,108400
2001-02-21,1.989682674407959,5.597499847412109,5.75,5.574999809265137,5.747499942779541,139200
2001-02-22,1.9967923164367676,5.617499828338623,5.644999980926514,5.567500114440918,5.607500076293945,143600
2001-02-23,1.989682674407959,5.597499847412109,5.599999904632568,5.554999828338623,5.599999904632568,84000
2001-02-26,2.00034761428833,5.627500057220459,5.627500057220459,5.612500190734863,5.619999885559082,49200
2001-02-27,2.0145657062530518,5.667500019073486,5.730000019073486,5.619999885559082,5.639999866485596,46000
2001-02-28,2.026118040084839,5.699999809265137,5.699999809265137,5.619999885559082,5.642499923706055,25600
2001-03-01,2.021674871444702,5.6875,5.732500076293945,5.614999771118164,5.639999866485596,39600
2001-03-02,2.043891429901123,5.75,5.900000095367432,5.695000171661377,5.712500095367432,68800
2001-03-05,2.0794365406036377,5.849999904632568,5.912499904632568,5.6875,5.6875,56800
2001-03-06,2.1371989250183105,6.012499809265137,6.025000095367432,5.869999885559082,5.869999885559082,15600
2001-03-07,2.1678590774536133,6.010000228881836,6.052499771118164,5.922500133514404,5.922500133514404,92400
2001-03-08,2.1353964805603027,5.920000076293945,6.0,5.897500038146973,6.0,106400
2001-03-09,2.0930123329162598,5.802499771118164,5.875,5.802499771118164,5.875,3200
2001-03-12,2.031691551208496,5.632500171661377,5.78000020980835,5.630000114440918,5.78000020980835,166000
2001-03-13,2.0894038677215576,5.792500019073486,5.792500019073486,5.647500038146973,5.647500038146973,30800
2001-03-14,2.042513608932495,5.662499904632568,5.800000190734863,5.550000190734863,5.75,133600
2001-03-15,1.9730777740478516,5.46999979019165,5.71999979019165,5.46999979019165,5.71999979019165,125600
2001-03-16,1.853140950202942,5.137499809265137,5.510000228881836,5.137499809265137,5.472499847412109,182800
2001-03-19,1.909050464630127,5.292500019073486,5.292500019073486,5.172500133514404,5.230000019073486,69600
2001-03-20,1.8269895315170288,5.065000057220459,5.322500228881836,5.0625,5.295000076293945,68000
2001-03-21,1.7800971269607544,4.934999942779541,5.059999942779541,4.875,5.059999942779541,95600
2001-03-22,1.7701778411865234,4.90749979019165,4.972499847412109,4.902500152587891,4.9375,22800
2001-03-23,1.8098554611206055,5.017499923706055,5.0625,4.952499866485596,4.952499866485596,56800
2001-03-26,1.8152663707733154,5.03249979019165,5.125,5.017499923706055,5.039999961853027,82400
2001-03-27,1.790018081665039,4.962500095367432,5.039999961853027,4.962500095367432,4.977499961853027,45600
2001-03-28,1.806248664855957,5.007500171661377,5.034999847412109,4.909999847412109,4.9375,71200
2001-03-29,1.7882137298583984,4.957499980926514,5.037499904632568,4.957499980926514,4.997499942779541,84400
2001-03-30,1.818873405456543,5.042500019073486,5.047500133514404,4.860000133514404,4.949999809265137,47600
2001-04-02,1.8567484617233276,5.147500038146973,5.177499771118164,5.017499923706055,5.017499923706055,83200
2001-04-03,1.859453797340393,5.15500020980835,5.1875,5.099999904632568,5.1875,72400
2001-04-04,1.835105538368225,5.087500095367432,5.127500057220459,5.059999942779541,5.125,45600
2001-04-05,1.8856046199798584,5.227499961853027,5.227499961853027,5.087500095367432,5.087500095367432,100400
2001-04-06,1.8702752590179443,5.184999942779541,5.28000020980835,5.15749979019165,5.204999923706055,34000
2001-04-09,1.9234791994094849,5.332499980926514,5.335000038146973,5.190000057220459,5.190000057220459,48000
2001-04-10,1.9288896322250366,5.347499847412109,5.400000095367432,5.332499980926514,5.335000038146973,80400
2001-04-11,1.9234791994094849,5.332499980926514,5.372499942779541,5.324999809265137,5.340000152587891,19600
2001-04-12,1.8720781803131104,5.190000057220459,5.332499980926514,5.164999961853027,5.332499980926514,51600
2001-04-16,1.8396142721176147,5.099999904632568,5.15500020980835,5.065000057220459,5.137499809265137,126000
2001-04-17,1.8648642301559448,5.170000076293945,5.199999809265137,5.09499979019165,5.125,306400
2001-04-18,1.9243805408477783,5.335000038146973,5.349999904632568,5.114999771118164,5.152500152587891,319200
2001-04-19,1.9180688858032227,5.317500114440918,5.347499847412109,5.275000095367432,5.335000038146973,188800
2001-04-20,1.8937205076217651,5.25,5.335000038146973,5.224999904632568,5.309999942779541,28800
2001-04-23,1.8585517406463623,5.152500152587891,5.275000095367432,5.099999904632568,5.275000095367432,36800
2001-04-24,1.8053473234176636,5.005000114440918,5.119999885559082,4.989999771118164,5.119999885559082,55200
2001-04-25,1.8098554611206055,5.017499923706055,5.070000171661377,4.965000152587891,5.010000228881836,79600
2001-04-26,1.8756844997406006,5.199999809265137,5.199999809265137,5.019999980926514,5.019999980926514,25600
2001-04-27,1.8396142721176147,5.099999904632568,5.1875,5.099999904632568,5.1875,20400
2001-04-30,1.8468290567398071,5.119999885559082,5.119999885559082,4.985000133514404,5.082499980926514,54000
2001-05-01,1.835105538368225,5.087500095367432,5.097499847412109,5.042500019073486,5.097499847412109,22400
2001-05-02,1.887407898902893,5.232500076293945,5.28249979019165,5.125,5.125,246400
2001-05-03,1.8423199653625488,5.107500076293945,5.242499828338623,5.067500114440918,5.242499828338623,55200
2001-05-04,1.8396142721176147,5.099999904632568,5.132500171661377,5.057499885559082,5.125,188800
2001-05-07,1.8089540004730225,5.014999866485596,5.099999904632568,5.012499809265137,5.09499979019165,105600
2001-05-08,1.806248664855957,5.007500171661377,5.042500019073486,4.985000133514404,5.034999847412109,124400
2001-05-09,1.8161686658859253,5.034999847412109,5.082499980926514,5.005000114440918,5.022500038146973,84800
2001-05-10,1.818873405456543,5.042500019073486,5.212500095367432,5.03000020980835,5.212500095367432,220400
2001-05-11,1.7990349531173706,4.987500190734863,5.042500019073486,4.974999904632568,5.039999961853027,41600
2001-05-14,1.8080521821975708,5.012499809265137,5.019999980926514,4.965000152587891,4.965000152587891,61600
2001-05-15,1.8215796947479248,5.050000190734863,5.050000190734863,4.989999771118164,5.017499923706055,97600
2001-05-16,1.8278911113739014,5.067500114440918,5.085000038146973,5.047500133514404,5.0625,129200
2001-05-17,1.8982291221618652,5.262499809265137,5.304999828338623,5.079999923706055,5.079999923706055,114400
2001-05-18,1.8666677474975586,5.175000190734863,5.267499923706055,5.175000190734863,5.267499923706055,38400
2001-05-21,1.8856046199798584,5.227499961853027,5.242499828338623,5.184999942779541,5.192500114440918,13200
2001-05-22,1.909952163696289,5.295000076293945,5.327499866485596,5.275000095367432,5.277500152587891,71200
2001-05-23,1.9370050430297852,5.369999885559082,5.385000228881836,5.287499904632568,5.302499771118164,86000
2001-05-24,1.9739781618118286,5.472499847412109,5.505000114440918,5.387499809265137,5.387499809265137,104000
2001-05-25,1.9577468633651733,5.427499771118164,5.489999771118164,5.400000095367432,5.440000057220459,139200
2001-05-29,1.953237533569336,5.414999961853027,5.442500114440918,5.375,5.382500171661377,50800
2001-05-30,1.9027385711669922,5.275000095367432,5.425000190734863,5.272500038146973,5.389999866485596,40000
2001-05-31,1.9135594367980957,5.304999828338623,5.307499885559082,5.175000190734863,5.292500019073486,69600
2001-06-01,1.900934100151062,5.269999980926514,5.327499866485596,5.230000019073486,5.3125,35200
2001-06-04,1.9225778579711914,5.329999923706055,5.332499980926514,5.199999809265137,5.292500019073486,266000
2001-06-05,1.9676661491394043,5.454999923706055,5.482500076293945,5.347499847412109,5.347499847412109,30800
2001-06-06,1.9914937019348145,5.432499885559082,5.474999904632568,5.427499771118164,5.432499885559082,77600
2001-06-07,2.0107405185699463,5.485000133514404,5.485000133514404,5.434999942779541,5.434999942779541,30000
2001-06-08,1.993327021598816,5.4375,5.487500190734863,5.432499885559082,5.487500190734863,20400
2001-06-11,1.9979102611541748,5.449999809265137,5.462500095367432,5.447500228881836,5.449999809265137,21200
2001-06-12,1.9475044012069702,5.3125,5.412499904632568,5.3125,5.412499904632568,35600
2001-06-13,1.9475044012069702,5.3125,5.372499942779541,5.309999942779541,5.3125,17600
2001-06-14,1.9035128355026245,5.192500114440918,5.287499904632568,5.192500114440918,5.287499904632568,15600
2001-06-15,1.8146148920059204,4.949999809265137,5.175000190734863,4.914999961853027,5.175000190734863,88800
2001-06-18,1.7266333103179932,4.710000038146973,4.974999904632568,4.697500228881836,4.954999923706055,76800
2001-06-19,1.7880381345748901,4.877500057220459,4.900000095367432,4.787499904632568,4.787499904632568,80400
2001-06-20,1.7972025871276855,4.902500152587891,4.90500020980835,4.864999771118164,4.880000114440918,46400
2001-06-21,1.8191978931427002,4.962500095367432,5.022500038146973,4.902500152587891,4.902500152587891,44000
2001-06-22,1.8237800598144531,4.974999904632568,5.03000020980835,4.96750020980835,4.96750020980835,28000
2001-06-25,1.8586057424545288,5.070000171661377,5.085000038146973,4.977499961853027,4.977499961853027,31200
2001-06-26,1.827445149421692,4.985000133514404,5.105000019073486,4.985000133514404,5.050000190734863,40000
2001-06-27,1.8246963024139404,4.977499961853027,5.074999809265137,4.977499961853027,5.017499923706055,73600
2001-06-28,1.8888493776321411,5.152500152587891,5.152500152587891,4.974999904632568,5.014999866485596,70800
2001-06-29,1.9245914220809937,5.25,5.25,5.119999885559082,5.152500152587891,59600
2001-07-02,1.8833504915237427,5.137499809265137,5.255000114440918,5.137499809265137,5.255000114440918,22000
2001-07-03,1.915427565574646,5.224999904632568,5.447500228881836,5.224999904632568,5.447500228881836,48000
2001-07-05,1.8586057424545288,5.070000171661377,5.215000152587891,5.070000171661377,5.190000057220459,82800
2001-07-06,1.8384430408477783,5.014999866485596,5.070000171661377,4.994999885559082,5.070000171661377,62000
2001-07-09,1.8384430408477783,5.014999866485596,5.017499923706055,4.96999979019165,5.010000228881836,37200
2001-07-10,1.8347774744033813,5.005000114440918,5.014999866485596,4.965000152587891,5.014999866485596,72400
2001-07-11,1.798117995262146,4.90500020980835,5.019999980926514,4.90500020980835,5.019999980926514,40400
2001-07-12,1.7852874994277954,4.869999885559082,4.909999847412109,4.860000133514404,4.90500020980835,45200
2001-07-13,1.6771440505981445,4.574999809265137,4.795000076293945,4.574999809265137,4.784999847412109,136400
2001-07-16,1.5030149221420288,4.099999904632568,4.527500152587891,4.059999942779541,4.527500152587891,554800
2001-07-17,1.4828521013259888,4.045000076293945,4.102499961853027,3.947499990463257,4.102499961853027,300400
2001-07-18,1.5030149221420288,4.099999904632568,4.199999809265137,4.047500133514404,4.050000190734863,148400
2001-07-19,1.5442557334899902,4.212500095367432,4.297500133514404,4.125,4.125,79600
2001-07-20,1.5442557334899902,4.212500095367432,4.237500190734863,4.190000057220459,4.224999904632568,65200
2001-07-23,1.5451723337173462,4.215000152587891,4.28000020980835,4.212500095367432,4.212500095367432,96000
2001-07-24,1.5928289890289307,4.34499979019165,4.34499979019165,4.212500095367432,4.212500095367432,133600
2001-07-25,1.5690008401870728,4.28000020980835,4.375,4.252500057220459,4.375,129600
2001-07-26,1.565334439277649,4.269999980926514,4.304999828338623,4.195000171661377,4.304999828338623,369200
2001-07-27,1.5140125751495361,4.130000114440918,4.272500038146973,4.112500190734863,4.272500038146973,68800
2001-07-30,1.5103466510772705,4.119999885559082,4.15749979019165,4.099999904632568,4.130000114440918,60400
2001-07-31,1.5158452987670898,4.135000228881836,4.162499904632568,4.097499847412109,4.127500057220459,93600
2001-08-01,1.4929333925247192,4.072500228881836,4.159999847412109,4.072500228881836,4.139999866485596,264400
2001-08-02,1.446193814277649,3.944999933242798,4.079999923706055,3.930000066757202,4.077499866485596,122000
2001-08-03,1.4782698154449463,4.03249979019165,4.047500133514404,3.952500104904175,3.9749999046325684,92000
2001-08-06,1.4434443712234497,3.9375,4.052499771118164,3.9149999618530273,4.017499923706055,32000
2001-08-07,1.5534207820892334,4.237500190734863,4.237500190734863,3.9774999618530273,3.9774999618530273,256800
2001-08-08,1.4801033735275269,4.037499904632568,4.235000133514404,4.005000114440918,4.235000133514404,90000
2001-08-09,1.457190752029419,3.9749999046325684,4.057499885559082,3.9600000381469727,4.03249979019165,146000
2001-08-10,1.4361116886138916,3.9175000190734863,3.9600000381469727,3.9124999046325684,3.9600000381469727,58400
2001-08-13,1.3884553909301758,3.7874999046325684,3.9149999618530273,3.759999990463257,3.9149999618530273,46400
2001-08-14,1.3609614372253418,3.7125000953674316,3.7850000858306885,3.692500114440918,3.7850000858306885,126400
2001-08-15,1.3123890161514282,3.5799999237060547,3.744999885559082,3.5625,3.7200000286102295,248000
2001-08-16,1.3114725351333618,3.577500104904175,3.6024999618530273,3.5250000953674316,3.6024999618530273,115600
2001-08-17,1.2738958597183228,3.4749999046325684,3.5625,3.4749999046325684,3.5625,89200
2001-08-20,1.2628990411758423,3.444999933242798,3.4774999618530273,3.432499885559082,3.4774999618530273,92400
2001-08-21,1.2619824409484863,3.442500114440918,3.572499990463257,3.434999942779541,3.440000057220459,97200
2001-08-22,1.2876434326171875,3.512500047683716,3.5399999618530273,3.444999933242798,3.444999933242798,73600
2001-08-23,1.2876434326171875,3.512500047683716,3.555000066757202,3.490000009536743,3.5350000858306885,28400
2001-08-24,1.3426315784454346,3.6624999046325684,3.6624999046325684,3.5250000953674316,3.5374999046325684,37600
2001-08-27,1.3921217918395996,3.797499895095825,3.809999942779541,3.6500000953674316,3.6500000953674316,112000
2001-08-28,1.3435485363006592,3.6649999618530273,3.805000066757202,3.637500047683716,3.799999952316284,68800
2001-08-29,1.2803117036819458,3.492500066757202,3.692500114440918,3.447499990463257,3.6875,66000
2001-08-30,1.2995572090148926,3.5450000762939453,3.552500009536743,3.450000047683716,3.502500057220459,72400
2001-08-31,1.2858105897903442,3.507499933242798,3.5425000190734863,3.4649999141693115,3.5425000190734863,42400
2001-09-04,1.2858105897903442,3.507499933242798,3.5824999809265137,3.507499933242798,3.5374999046325684,87200
2001-09-05,1.2784782648086548,3.487499952316284,3.5299999713897705,3.4600000381469727,3.515000104904175,86800
2001-09-06,1.3095003366470337,3.4825000762939453,3.492500066757202,3.4375,3.4625000953674316,41200
2001-09-07,1.2822391986846924,3.4100000858306885,3.4800000190734863,3.359999895095825,3.4800000190734863,62800
2001-09-10,1.2812994718551636,3.4075000286102295,3.4124999046325684,3.372499942779541,3.384999990463257,58000
2001-09-17,1.1609715223312378,3.0875000953674316,3.25,3.052500009536743,3.25,162800
2001-09-18,1.1609715223312378,3.0875000953674316,3.125,3.072499990463257,3.0950000286102295,43200
2001-09-19,1.0998682975769043,2.924999952316284,3.0850000381469727,2.8924999237060547,3.0850000381469727,90400
2001-09-20,1.1139684915542603,2.9625000953674316,3.0625,2.9024999141693115,2.924999952316284,116400
2001-09-21,1.1158487796783447,2.9674999713897705,2.990000009536743,2.884999990463257,2.922499895095825,139200
2001-09-24,1.0998682975769043,2.924999952316284,3.065000057220459,2.890000104904175,3.059999942779541,125600
2001-09-25,1.073546051979065,2.8550000190734863,2.9175000190734863,2.744999885559082,2.9175000190734863,88400
2001-09-26,1.0312435626983643,2.742500066757202,2.805000066757202,2.737499952316284,2.805000066757202,63200
2001-09-27,1.0143227577209473,2.697499990463257,2.75,2.6624999046325684,2.75,134800
2001-09-28,1.0622652769088745,2.825000047683716,2.8375000953674316,2.7049999237060547,2.7049999237060547,112400
2001-10-01,1.0556846857070923,2.807499885559082,2.825000047683716,2.75,2.825000047683716,138400
2001-10-02,1.1459306478500366,3.047499895095825,3.065000057220459,2.797499895095825,2.799999952316284,226800
2001-10-03,1.1590923070907593,3.0824999809265137,3.0950000286102295,2.9825000762939453,3.0450000762939453,69200
2001-10-04,1.1656724214553833,3.0999999046325684,3.1500000953674316,3.049999952316284,3.0850000381469727,462800
2001-10-05,1.1750725507736206,3.125,3.125,2.9749999046325684,3.0950000286102295,444400
2001-10-08,1.1703722476959229,3.112499952316284,3.132499933242798,3.075000047683716,3.122499942779541,106800
2001-10-09,1.1731922626495361,3.119999885559082,3.127500057220459,3.002500057220459,3.109999895095825,110800
2001-10-10,1.1778926849365234,3.132499933242798,3.237499952316284,3.1050000190734863,3.125,75200
2001-10-11,1.130889654159546,3.007499933242798,3.1475000381469727,2.994999885559082,3.137500047683716,312000
2001-10-12,1.1177287101745605,2.9725000858306885,3.0250000953674316,2.825000047683716,3.0199999809265137,344800
2001-10-15,1.0726064443588257,2.8524999618530273,3.0625,2.8524999618530273,2.987499952316284,417600
2001-10-16,1.1026883125305176,2.932499885559082,3.0225000381469727,2.9124999046325684,2.924999952316284,177600
2001-10-17,1.1045682430267334,2.9375,2.9725000858306885,2.932499885559082,2.940000057220459,127200
2001-10-18,1.1045682430267334,2.9375,2.9600000381469727,2.924999952316284,2.934999942779541,54000
2001-10-19,1.147810697555542,3.052500009536743,3.0824999809265137,2.940000057220459,2.940000057220459,87600
2001-10-22,1.1628516912460327,3.0924999713897705,3.1075000762939453,3.047499895095825,3.0625,67600
2001-10-23,1.1807128190994263,3.140000104904175,3.182499885559082,3.0950000286102295,3.0950000286102295,161600
2001-10-24,1.1741323471069336,3.122499942779541,3.134999990463257,3.0875000953674316,3.134999990463257,33600
2001-10-25,1.3189010620117188,3.507499933242798,3.549999952316284,3.1524999141693115,3.1524999141693115,162800
2001-10-26,1.3442836999893188,3.575000047683716,3.617500066757202,3.5199999809265137,3.5374999046325684,156000
2001-10-29,1.3452231884002686,3.577500104904175,3.6500000953674316,3.5274999141693115,3.567500114440918,65600
2001-10-30,1.3715444803237915,3.6475000381469727,3.674999952316284,3.5450000762939453,3.569999933242798,70400
2001-10-31,1.3518034219741821,3.5950000286102295,3.6500000953674316,3.565000057220459,3.6475000381469727,131200
2001-11-01,1.3395832777023315,3.5625,3.577500104904175,3.5625,3.577500104904175,130800
2001-11-02,1.3330026865005493,3.5450000762939453,3.557499885559082,3.512500047683716,3.552500009536743,187600
2001-11-05,1.3442836999893188,3.575000047683716,3.577500104904175,3.5250000953674316,3.5250000953674316,45600
2001-11-06,1.3715444803237915,3.6475000381469727,3.672499895095825,3.555000066757202,3.5924999713897705,322000
2001-11-07,1.445809006690979,3.8450000286102295,3.8550000190734863,3.6549999713897705,3.6549999713897705,115600
2001-11-08,1.455209493637085,3.869999885559082,3.8924999237060547,3.802500009536743,3.8475000858306885,202000
2001-11-09,1.400686264038086,3.7249999046325684,3.865000009536743,3.6624999046325684,3.865000009536743,176400
2001-11-12,1.3847053050994873,3.682499885559082,3.7249999046325684,3.6549999713897705,3.7249999046325684,33200
2001-11-13,1.3988064527511597,3.7200000286102295,3.755000114440918,3.690000057220459,3.7149999141693115,43600
2001-11-14,1.3818851709365845,3.674999952316284,3.762500047683716,3.6500000953674316,3.7200000286102295,65600
2001-11-15,1.377184271812439,3.6624999046325684,3.674999952316284,3.5875000953674316,3.6700000762939453,23600
2001-11-16,1.3865853548049927,3.6875,3.6875,3.625,3.6449999809265137,34000
2001-11-19,1.4260679483413696,3.7925000190734863,3.8375000953674316,3.694999933242798,3.694999933242798,321600
2001-11-20,1.4166672229766846,3.7674999237060547,3.7874999046325684,3.692500114440918,3.7874999046325684,291200
2001-11-21,1.4326484203338623,3.809999942779541,3.8375000953674316,3.744999885559082,3.7674999237060547,164000
2001-11-23,1.4317084550857544,3.807499885559082,3.8125,3.75,3.799999952316284,39600
2001-11-26,1.445809006690979,3.8450000286102295,3.8499999046325684,3.7874999046325684,3.807499885559082,31600
2001-11-27,1.4589699506759644,3.880000114440918,3.9024999141693115,3.827500104904175,3.8324999809265137,107200
2001-11-28,1.4627302885055542,3.890000104904175,3.932499885559082,3.862499952316284,3.865000009536743,122800
2001-11-29,1.4749512672424316,3.922499895095825,3.9749999046325684,3.8924999237060547,3.8924999237060547,96000
2001-11-30,1.4824715852737427,3.942500114440918,3.9825000762939453,3.887500047683716,3.9200000762939453,122800
2001-12-03,1.42982816696167,3.802500009536743,3.887500047683716,3.7950000762939453,3.887500047683716,85200
2001-12-04,1.42982816696167,3.802500009536743,3.8424999713897705,3.802500009536743,3.8125,149600
2001-12-05,1.4523894786834717,3.862499952316284,3.867500066757202,3.805000066757202,3.805000066757202,82400
2001-12-06,1.4646098613739014,3.8949999809265137,3.924999952316284,3.867500066757202,3.867500066757202,31200
2001-12-07,1.4978322982788086,3.944999933242798,3.9625000953674316,3.884999990463257,3.884999990463257,62000
2001-12-10,1.47979736328125,3.8975000381469727,3.930000066757202,3.890000104904175,3.924999952316284,68400
2001-12-11,1.4835951328277588,3.9075000286102295,3.9574999809265137,3.8975000381469727,3.8975000381469727,125600
2001-12-12,1.4883408546447754,3.9200000762939453,3.9649999141693115,3.875,3.875,200000
2001-12-13,1.4598642587661743,3.8450000286102295,4.114999771118164,3.8375000953674316,4.114999771118164,118000
2001-12-14,1.435185194015503,3.7799999713897705,3.8450000286102295,3.677500009536743,3.8450000286102295,176000
2001-12-17,1.4465758800506592,3.809999942779541,3.8424999713897705,3.752500057220459,3.7774999141693115,77200
2001-12-18,1.4095572233200073,3.7125000953674316,3.807499885559082,3.5399999618530273,3.807499885559082,164000
2001-12-19,1.329824686050415,3.502500057220459,3.637500047683716,3.502500057220459,3.637500047683716,118800
2001-12-20,1.3573518991470337,3.575000047683716,3.5999999046325684,3.424999952316284,3.4674999713897705,116400
2001-12-21,1.3601981401443481,3.5824999809265137,3.5875000953674316,3.4625000953674316,3.549999952316284,155600
2001-12-24,1.3383680582046509,3.5250000953674316,3.5625,3.450000047683716,3.5625,88000
2001-12-26,1.3231803178787231,3.484999895095825,3.5374999046325684,3.450000047683716,3.5,90000
2001-12-27,1.332671880722046,3.509999990463257,3.509999990463257,3.447499990463257,3.4749999046325684,134400
2001-12-28,1.385826587677002,3.6500000953674316,3.6500000953674316,3.487499952316284,3.5,114800
2001-12-31,1.3715896606445312,3.612499952316284,3.6500000953674316,3.549999952316284,3.6475000381469727,83600
2002-01-02,1.3507065773010254,3.557499885559082,3.6500000953674316,3.5450000762939453,3.619999885559082,85600
2002-01-03,1.333620548248291,3.512500047683716,3.5325000286102295,3.487499952316284,3.5325000286102295,78800
2002-01-04,1.3060940504074097,3.440000057220459,3.5,3.369999885559082,3.5,209200
2002-01-07,1.3079928159713745,3.444999933242798,3.5,3.440000057220459,3.452500104904175,50800
2002-01-08,1.2966021299362183,3.4149999618530273,3.4749999046325684,3.4049999713897705,3.432499885559082,37200
2002-01-09,1.286161184310913,3.387500047683716,3.4600000381469727,3.387500047683716,3.430000066757202,60400
2002-01-10,1.2387012243270874,3.262500047683716,3.384999990463257,3.240000009536743,3.382499933242798,104400
2002-01-11,1.2538888454437256,3.302500009536743,3.372499942779541,3.25,3.25,56400
2002-01-14,1.2728722095489502,3.3524999618530273,3.384999990463257,3.2774999141693115,3.2874999046325684,57200
2002-01-15,1.2700248956680298,3.3450000286102295,3.369999885559082,3.3125,3.3575000762939453,94400
2002-01-16,1.2529395818710327,3.299999952316284,3.3375000953674316,3.299999952316284,3.3375000953674316,111600
2002-01-17,1.2548377513885498,3.305000066757202,3.3125,3.2925000190734863,3.299999952316284,10800
2002-01-18,1.2605329751968384,3.319999933242798,3.3450000286102295,3.302500009536743,3.305000066757202,54400
2002-01-22,1.2719229459762573,3.3499999046325684,3.3575000762939453,3.299999952316284,3.3125,59600
2002-01-23,1.2624317407608032,3.325000047683716,3.375,3.317500114440918,3.375,34000
2002-01-24,1.2624317407608032,3.325000047683716,3.325000047683716,3.297499895095825,3.325000047683716,22400
2002-01-25,1.2586349248886108,3.315000057220459,3.375,3.2874999046325684,3.325000047683716,64400
2002-01-28,1.2453458309173584,3.2799999713897705,3.325000047683716,3.2750000953674316,3.325000047683716,59600
2002-01-29,1.2491427659988403,3.2899999618530273,3.322499990463257,3.2750000953674316,3.2750000953674316,105200
2002-01-30,1.2719229459762573,3.3499999046325684,3.3499999046325684,3.2899999618530273,3.299999952316284,150800
2002-01-31,1.2814158201217651,3.375,3.375,3.305000066757202,3.325000047683716,65200
2002-02-01,1.3079928159713745,3.444999933242798,3.444999933242798,3.3499999046325684,3.3499999046325684,84400
2002-02-04,1.2994505167007446,3.422499895095825,3.502500057220459,3.4075000286102295,3.4549999237060547,90000
2002-02-05,1.2111749649047852,3.190000057220459,3.430000066757202,3.174999952316284,3.430000066757202,80800
2002-02-06,1.1096110343933105,2.922499895095825,3.174999952316284,2.8949999809265137,3.174999952316284,279200
2002-02-07,1.154223084449768,3.0399999618530273,3.115000009536743,2.9024999141693115,2.9024999141693115,119600
2002-02-08,1.1172044277191162,2.942500114440918,3.0425000190734863,2.9075000286102295,3.0425000190734863,79200
2002-02-11,1.1247977018356323,2.9625000953674316,3.0225000381469727,2.950000047683716,2.9674999713897705,74400
2002-02-12,1.0963220596313477,2.887500047683716,2.9625000953674316,2.869999885559082,2.9625000953674316,126000
2002-02-13,1.0820844173431396,2.8499999046325684,2.927500009536743,2.799999952316284,2.890000104904175,52000
2002-02-14,1.0953723192214966,2.884999990463257,3.007499933242798,2.825000047683716,2.825000047683716,221600
2002-02-15,1.1191024780273438,2.947499990463257,2.9700000286102295,2.887500047683716,2.8924999237060547,74800
2002-02-19,1.1105601787567139,2.924999952316284,2.992500066757202,2.924999952316284,2.9600000381469727,58000
2002-02-20,1.106763243675232,2.9149999618530273,2.940000057220459,2.9000000953674316,2.9124999046325684,71600
2002-02-21,1.0678458213806152,2.8125,2.9124999046325684,2.797499895095825,2.9124999046325684,40400
2002-02-22,1.0479134321212769,2.759999990463257,2.8299999237060547,2.755000114440918,2.799999952316284,52800
2002-02-25,1.0621508359909058,2.797499895095825,2.817500114440918,2.762500047683716,2.7674999237060547,32400
2002-02-26,1.0583544969558716,2.7874999046325684,2.802500009536743,2.7774999141693115,2.7874999046325684,24800
2002-02-27,1.046964168548584,2.757499933242798,2.7750000953674316,2.742500066757202,2.7750000953674316,36000
2002-02-28,1.031776785850525,2.7174999713897705,2.755000114440918,2.7100000381469727,2.75,26400
2002-03-01,1.0108940601348877,2.6624999046325684,2.75,2.6500000953674316,2.7325000762939453,84800
2002-03-04,1.0156406164169312,2.674999952316284,2.680000066757202,2.637500047683716,2.637500047683716,58800
2002-03-05,1.0042500495910645,2.6449999809265137,2.75,2.5999999046325684,2.75,204800
2002-03-06,1.0555065870285034,2.7799999713897705,2.7950000762939453,2.632499933242798,2.632499933242798,80800
2002-03-07,1.1026533842086792,2.865000009536743,2.944999933242798,2.7799999713897705,2.7799999713897705,37600
2002-03-08,1.084371566772461,2.817500114440918,2.924999952316284,2.815000057220459,2.875,166000
2002-03-11,1.0805227756500244,2.807499885559082,2.8375000953674316,2.7950000762939453,2.817500114440918,26800
2002-03-12,1.0882205963134766,2.827500104904175,2.8299999237060547,2.752500057220459,2.7925000190734863,92400
2002-03-13,1.0814850330352783,2.809999942779541,2.8575000762939453,2.799999952316284,2.819999933242798,34400
2002-03-14,1.0728261470794678,2.7874999046325684,2.8475000858306885,2.7874999046325684,2.8125,32800
2002-03-15,1.0978426933288574,2.8524999618530273,2.8575000762939453,2.7874999046325684,2.7874999046325684,45200
2002-03-18,1.120934247970581,2.9124999046325684,2.930000066757202,2.862499952316284,2.862499952316284,68400
2002-03-19,1.1459510326385498,2.9774999618530273,3.012500047683716,2.9200000762939453,2.9200000762939453,28400
2002-03-20,1.1324806213378906,2.942500114440918,2.9700000286102295,2.9149999618530273,2.9700000286102295,46000
2002-03-21,1.1016910076141357,2.862499952316284,2.9674999713897705,2.8575000762939453,2.9674999713897705,40000
2002-03-22,1.063204288482666,2.762500047683716,2.8499999046325684,2.75,2.8499999046325684,30800
2002-03-25,1.041074275970459,2.7049999237060547,2.75,2.5999999046325684,2.75,128000
2002-03-26,1.0247169733047485,2.6624999046325684,2.737499952316284,2.6624999046325684,2.737499952316284,164400
2002-03-27,1.0391496419906616,2.700000047683716,2.75,2.6500000953674316,2.6500000953674316,63600
2002-03-28,1.0199061632156372,2.6500000953674316,2.7174999713897705,2.619999885559082,2.6875,78000
2002-04-01,1.0266414880752563,2.6675000190734863,2.7249999046325684,2.615000009536743,2.625,58800
2002-04-02,1.0006625652313232,2.5999999046325684,2.6875,2.494999885559082,2.6875,108800
2002-04-03,0.9929655194282532,2.5799999237060547,2.630000114440918,2.5299999713897705,2.630000114440918,58400
2002-04-04,0.9910410046577454,2.575000047683716,2.5824999809265137,2.5450000762939453,2.5824999809265137,57200
2002-04-05,0.9891161918640137,2.569999933242798,2.5999999046325684,2.552500009536743,2.575000047683716,62800
2002-04-08,0.9535161256790161,2.4774999618530273,2.5625,2.4000000953674316,2.5625,463600
2002-04-09,0.9564024806022644,2.484999895095825,2.5625,2.4625000953674316,2.492500066757202,248400
2002-04-10,0.9544781446456909,2.4800000190734863,2.5374999046325684,2.424999952316284,2.5,79600
2002-04-11,0.8996342420578003,2.3375000953674316,2.4600000381469727,2.3324999809265137,2.4600000381469727,78000
2002-04-12,0.8948231339454651,2.325000047683716,2.3450000286102295,2.234999895095825,2.3450000286102295,190400
2002-04-15,0.9641000032424927,2.505000114440918,2.5225000381469727,2.325000047683716,2.3499999046325684,133200
2002-04-16,1.0218302011489868,2.6549999713897705,2.6549999713897705,2.5299999713897705,2.5299999713897705,163600
2002-04-17,1.0526200532913208,2.734999895095825,2.737499952316284,2.6475000381469727,2.680000066757202,62400
2002-04-18,1.0401116609573364,2.702500104904175,2.7300000190734863,2.677500009536743,2.7274999618530273,94800
2002-04-19,1.0468469858169556,2.7200000286102295,2.737499952316284,2.6875,2.7274999618530273,36800
2002-04-22,1.0006625652313232,2.5999999046325684,2.7249999046325684,2.5899999141693115,2.7200000286102295,28000
2002-04-23,0.9641000032424927,2.505000114440918,2.577500104904175,2.490000009536743,2.567500114440918,79200
2002-04-24,0.970835268497467,2.5225000381469727,2.6675000190734863,2.492500066757202,2.492500066757202,75600
2002-04-25,0.9487050771713257,2.4649999141693115,2.5374999046325684,2.434999942779541,2.5374999046325684,83200
2002-04-26,0.9198402166366577,2.390000104904175,2.4674999713897705,2.3375000953674316,2.4674999713897705,104000
2002-04-29,0.9121420979499817,2.369999885559082,2.4000000953674316,2.3550000190734863,2.4000000953674316,44400
2002-04-30,0.910217821598053,2.365000009536743,2.3975000381469727,2.3524999618530273,2.372499942779541,69200
2002-05-01,0.8871257305145264,2.305000066757202,2.3975000381469727,2.2725000381469727,2.390000104904175,61200
2002-05-02,0.8274711966514587,2.1500000953674316,2.375,2.1050000190734863,2.2874999046325684,430800
2002-05-03,0.8034164309501648,2.0875000953674316,2.174999952316284,2.049999952316284,2.1624999046325684,271600
2002-05-06,0.8370926380157471,2.174999952316284,2.1875,2.0824999809265137,2.0999999046325684,146800
2002-05-07,0.8467144966125488,2.200000047683716,2.262500047683716,2.172499895095825,2.172499895095825,64000
2002-05-08,0.8544121384620667,2.2200000286102295,2.262500047683716,2.2125000953674316,2.2249999046325684,65200
2002-05-09,0.8544121384620667,2.2200000286102295,2.237499952316284,2.180000066757202,2.2325000762939453,48800
2002-05-10,0.8447901010513306,2.194999933242798,2.244999885559082,2.174999952316284,2.244999885559082,62000
2002-05-13,0.8024543523788452,2.0850000381469727,2.194999933242798,2.072499990463257,2.194999933242798,65600
2002-05-14,0.7880219221115112,2.047499895095825,2.0999999046325684,2.005000114440918,2.0999999046325684,2597600
2002-05-15,0.8447901010513306,2.194999933242798,2.2049999237060547,2.0625,2.0625,122000
2002-05-16,0.8438279032707214,2.192500114440918,2.259999990463257,2.1575000286102295,2.2174999713897705,95200
2002-05-17,0.8130383491516113,2.112499952316284,2.2125000953674316,2.0899999141693115,2.2125000953674316,99200
2002-05-20,0.8370926380157471,2.174999952316284,2.2125000953674316,2.0999999046325684,2.0999999046325684,28800
2002-05-21,0.8216979503631592,2.134999990463257,2.1875,2.0824999809265137,2.1875,78000
2002-05-22,0.8265088200569153,2.1475000381469727,2.1700000762939453,2.130000114440918,2.1500000953674316,35200
2002-05-23,0.8168869614601135,2.122499942779541,2.200000047683716,2.0950000286102295,2.1624999046325684,94800
2002-05-24,0.7986059188842773,2.075000047683716,2.137500047683716,2.0250000953674316,2.137500047683716,110000
2002-05-28,0.7697407007217407,2.0,2.112499952316284,2.0,2.0950000286102295,389200
2002-05-29,0.7562695145606995,1.965000033378601,2.012500047683716,1.912500023841858,2.012500047683716,158800
2002-05-30,0.7928326725959778,2.059999942779541,2.069999933242798,1.975000023841858,1.9800000190734863,56400
2002-05-31,0.8900129199028015,2.3125,2.3499999046325684,2.075000047683716,2.075000047683716,212800
2002-06-03,0.8803906440734863,2.2874999046325684,2.3375000953674316,2.2699999809265137,2.325000047683716,334000
2002-06-04,0.915028989315033,2.377500057220459,2.4000000953674316,2.297499895095825,2.297499895095825,52800
2002-06-05,0.9121420979499817,2.369999885559082,2.4049999713897705,2.3499999046325684,2.384999990463257,61200
2002-06-06,0.8652153611183167,2.2125000953674316,2.3299999237060547,2.2125000953674316,2.3299999237060547,68400
2002-06-07,0.8407744765281677,2.1500000953674316,2.200000047683716,2.0450000762939453,2.200000047683716,147200
2002-06-10,0.830997884273529,2.125,2.1500000953674316,2.075000047683716,2.075000047683716,126800
2002-06-11,0.8173109292984009,2.0899999141693115,2.127500057220459,2.072499990463257,2.115000009536743,30000
2002-06-12,0.7987355589866638,2.0425000190734863,2.1600000858306885,2.0350000858306885,2.109999895095825,86400
2002-06-13,0.7782050967216492,1.9900000095367432,2.0250000953674316,1.962499976158142,2.0250000953674316,112800
2002-06-14,0.7918922901153564,2.0250000953674316,2.0250000953674316,1.9175000190734863,1.9800000190734863,222400
2002-06-17,0.7870039939880371,2.012500047683716,2.0625,1.9500000476837158,2.0250000953674316,117200
2002-06-18,0.7674510478973389,1.962499976158142,2.015000104904175,1.962499976158142,2.012500047683716,64400
2002-06-19,0.7576744556427002,1.9375,1.972499966621399,1.934999942779541,1.9500000476837158,50400
2002-06-20,0.7430096864700317,1.899999976158142,1.9500000476837158,1.875,1.9375,188000
2002-06-21,0.6784855127334595,1.7350000143051147,1.899999976158142,1.690000057220459,1.899999976158142,178000
2002-06-24,0.6951051950454712,1.777500033378601,1.7799999713897705,1.6649999618530273,1.722499966621399,122000
2002-06-25,0.6413348317146301,1.6399999856948853,1.8075000047683716,1.6375000476837158,1.7725000381469727,91200
2002-06-26,0.627647876739502,1.6050000190734863,1.6399999856948853,1.524999976158142,1.524999976158142,263600
2002-06-27,0.6667534112930298,1.7050000429153442,1.7050000429153442,1.5800000429153442,1.6100000143051147,119600
2002-06-28,0.6647982001304626,1.7000000476837158,1.7999999523162842,1.649999976158142,1.6875,162000
2002-07-01,0.6452454924583435,1.649999976158142,1.690000057220459,1.649999976158142,1.6749999523162842,16800
2002-07-02,0.6599105000495911,1.6875,1.6875,1.6074999570846558,1.6475000381469727,100400
2002-07-03,0.6247150897979736,1.597499966621399,1.690000057220459,1.597499966621399,1.690000057220459,28800
2002-07-05,0.6501336097717285,1.662500023841858,1.6749999523162842,1.597499966621399,1.597499966621399,27200
2002-07-08,0.6452454924583435,1.649999976158142,1.6725000143051147,1.627500057220459,1.6575000286102295,55200
2002-07-09,0.6481783986091614,1.6575000286102295,1.659999966621399,1.6100000143051147,1.649999976158142,53200
2002-07-10,0.6237375736236572,1.5950000286102295,1.6575000286102295,1.5750000476837158,1.6575000286102295,50800
2002-07-11,0.6775076985359192,1.7324999570846558,1.7324999570846558,1.5774999856948853,1.5950000286102295,147600
2002-07-12,0.6980383396148682,1.784999966621399,1.8250000476837158,1.7324999570846558,1.7324999570846558,260000
2002-07-15,0.6599105000495911,1.6875,1.7625000476837158,1.6875,1.7625000476837158,212800
2002-07-16,0.6305809020996094,1.6124999523162842,1.6974999904632568,1.6124999523162842,1.662500023841858,205200
2002-07-17,0.6159161925315857,1.5750000476837158,1.6449999809265137,1.5549999475479126,1.622499942779541,50400
2002-07-18,0.6159161925315857,1.5750000476837158,1.6124999523162842,1.5724999904632568,1.5724999904632568,39600
2002-07-19,0.6208042502403259,1.587499976158142,1.6200000047683716,1.5625,1.5625,34400
2002-07-22,0.5944079756736755,1.5199999809265137,1.6124999523162842,1.5099999904632568,1.6124999523162842,72000
2002-07-23,0.5152187943458557,1.3174999952316284,1.527500033378601,1.3025000095367432,1.5125000476837158,46400
2002-07-24,0.5455256700515747,1.3949999809265137,1.4049999713897705,1.274999976158142,1.2975000143051147,219200
2002-07-25,0.405722439289093,1.037500023841858,1.4075000286102295,1.0,1.3899999856948853,119200
2002-07-26,0.35195207595825195,0.8999999761581421,1.0625,0.875,1.0625,406000
2002-07-29,0.4272305965423584,1.0924999713897705,1.1825000047683716,1.024999976158142,1.024999976158142,342000
2002-07-30,0.47415754199028015,1.212499976158142,1.247499942779541,1.1124999523162842,1.1549999713897705,148800
2002-07-31,0.46926939487457275,1.2000000476837158,1.2374999523162842,1.2000000476837158,1.212499976158142,81200
2002-08-01,0.4682918190956116,1.1974999904632568,1.225000023841858,1.162500023841858,1.184999942779541,100400
2002-08-02,0.4585152566432953,1.1725000143051147,1.2050000429153442,1.159999966621399,1.1649999618530273,96400
2002-08-05,0.460470587015152,1.1775000095367432,1.2200000286102295,1.1749999523162842,1.1974999904632568,28400
2002-08-06,0.45362719893455505,1.159999966621399,1.1699999570846558,1.125,1.152500033378601,54400
2002-08-07,0.43016359210014343,1.100000023841858,1.1775000095367432,1.100000023841858,1.1649999618530273,37200
2002-08-08,0.44580602645874023,1.1399999856948853,1.1475000381469727,1.1050000190734863,1.1050000190734863,34400
2002-08-09,0.46438100934028625,1.1875,1.1974999904632568,1.1074999570846558,1.1375000476837158,90800
2002-08-12,0.4506940245628357,1.152500033378601,1.1875,1.149999976158142,1.1875,49600
2002-08-13,0.4594927430152893,1.1749999523162842,1.1950000524520874,1.1475000381469727,1.1475000381469727,53600
2002-08-14,0.46926939487457275,1.2000000476837158,1.2000000476837158,1.149999976158142,1.1775000095367432,48000
2002-08-15,0.49762117862701416,1.2725000381469727,1.274999976158142,1.1924999952316284,1.2000000476837158,56400
2002-08-16,0.5328162312507629,1.3624999523162842,1.3799999952316284,1.2625000476837158,1.274999976158142,135600
2002-08-19,0.5513914227485657,1.409999966621399,1.4474999904632568,1.337499976158142,1.337499976158142,122800
2002-08-20,0.5152187943458557,1.3174999952316284,1.4424999952316284,1.3174999952316284,1.4249999523162842,183600
2002-08-21,0.5582351684570312,1.4275000095367432,1.440000057220459,1.3324999809265137,1.3324999809265137,45200
2002-08-22,0.5670337080955505,1.4500000476837158,1.4574999809265137,1.412500023841858,1.4249999523162842,50400
2002-08-23,0.573877215385437,1.4674999713897705,1.4700000286102295,1.4424999952316284,1.4500000476837158,42400
2002-08-26,0.6041842699050903,1.5449999570846558,1.5700000524520874,1.4674999713897705,1.472499966621399,112400
2002-08-27,0.6413348317146301,1.6399999856948853,1.6549999713897705,1.5549999475479126,1.5549999475479126,104800
2002-08-28,0.6501336097717285,1.662500023841858,1.6725000143051147,1.600000023841858,1.649999976158142,33200
2002-08-29,0.6305809020996094,1.6124999523162842,1.6399999856948853,1.590000033378601,1.6399999856948853,36000
2002-08-30,0.6344910264015198,1.622499942779541,1.6449999809265137,1.6074999570846558,1.625,32800
2002-09-03,0.6149383187294006,1.5724999904632568,1.597499966621399,1.5199999809265137,1.597499966621399,68400
2002-09-04,0.6247150897979736,1.597499966621399,1.6200000047683716,1.5850000381469727,1.5850000381469727,21200
2002-09-05,0.6198265552520752,1.5850000381469727,1.6150000095367432,1.5750000476837158,1.5950000286102295,21200
2002-09-06,0.6518694758415222,1.627500057220459,1.627500057220459,1.5674999952316284,1.5674999952316284,59200
2002-09-09,0.6438584327697754,1.6074999570846558,1.627500057220459,1.590000033378601,1.627500057220459,22800
2002-09-10,0.61982661485672,1.5475000143051147,1.6050000190734863,1.497499942779541,1.6050000190734863,36400
2002-09-11,0.6438584327697754,1.6074999570846558,1.6449999809265137,1.5525000095367432,1.5525000095367432,35600
2002-09-12,0.6438584327697754,1.6074999570846558,1.6150000095367432,1.559999942779541,1.6024999618530273,36800
2002-09-13,0.6608814597129822,1.649999976158142,1.649999976158142,1.5674999952316284,1.5824999809265137,34400
2002-09-16,0.6408544778823853,1.600000023841858,1.6549999713897705,1.597499966621399,1.649999976158142,47200
2002-09-17,0.6678907871246338,1.6675000190734863,1.6875,1.6124999523162842,1.6150000095367432,44800
2002-09-18,0.6829105615615845,1.7050000429153442,1.715000033378601,1.6399999856948853,1.6575000286102295,60800
2002-09-19,0.6809079647064209,1.7000000476837158,1.7100000381469727,1.6325000524520874,1.6775000095367432,63600
2002-09-20,0.7079441547393799,1.7675000429153442,1.7675000429153442,1.7000000476837158,1.7100000381469727,141600
2002-09-23,0.6929241418838501,1.7300000190734863,1.7649999856948853,1.712499976158142,1.75,129600
2002-09-24,0.6869159936904907,1.715000033378601,1.7324999570846558,1.652500033378601,1.7100000381469727,110800
2002-09-25,0.6829105615615845,1.7050000429153442,1.7400000095367432,1.6875,1.7300000190734863,44000
2002-09-26,0.68992018699646,1.722499966621399,1.7274999618530273,1.6699999570846558,1.7100000381469727,57200
2002-09-27,0.6879175305366516,1.7174999713897705,1.7374999523162842,1.690000057220459,1.7374999523162842,15600
2002-09-30,0.68992018699646,1.722499966621399,1.725000023841858,1.6775000095367432,1.7050000429153442,88400
2002-10-01,0.6628842353820801,1.6549999713897705,1.722499966621399,1.5800000429153442,1.7000000476837158,118400
2002-10-02,0.6408544778823853,1.600000023841858,1.659999966621399,1.600000023841858,1.659999966621399,68800
2002-10-03,0.6508679389953613,1.625,1.6449999809265137,1.6024999618530273,1.6024999618530273,19600
2002-10-04,0.6438584327697754,1.6074999570846558,1.6449999809265137,1.5724999904632568,1.6449999809265137,70800
2002-10-07,0.6488653421401978,1.6200000047683716,1.625,1.5824999809265137,1.5824999809265137,19200
2002-10-08,0.5957943797111511,1.4874999523162842,1.5625,1.4550000429153442,1.5625,86800
2002-10-09,0.576769232749939,1.440000057220459,1.472499966621399,1.3949999809265137,1.462499976158142,53200
2002-10-10,0.6258347630500793,1.5625,1.5800000429153442,1.475000023841858,1.475000023841858,74400
2002-10-11,0.6288387179374695,1.5700000524520874,1.622499942779541,1.5499999523162842,1.5700000524520874,81200
2002-10-14,0.6098135709762573,1.5225000381469727,1.5499999523162842,1.5099999904632568,1.5499999523162842,10000
2002-10-15,0.6628842353820801,1.6549999713897705,1.6649999618530273,1.5475000143051147,1.5475000143051147,91600
2002-10-16,0.6708947420120239,1.6749999523162842,1.7000000476837158,1.6399999856948853,1.6675000190734863,65600
2002-10-17,0.6829105615615845,1.7050000429153442,1.722499966621399,1.662500023841858,1.662500023841858,37600
2002-10-18,0.6809079647064209,1.7000000476837158,1.7000000476837158,1.6475000381469727,1.662500023841858,29200
2002-10-21,0.6769027709960938,1.690000057220459,1.7200000286102295,1.6699999570846558,1.6974999904632568,70400
2002-10-22,0.6829105615615845,1.7050000429153442,1.7300000190734863,1.6749999523162842,1.7024999856948853,58800
2002-10-23,0.7009349465370178,1.75,1.75,1.6699999570846558,1.7174999713897705,62000
2002-10-24,0.6829105615615845,1.7050000429153442,1.809999942779541,1.7050000429153442,1.752500057220459,56400
2002-10-25,0.7059418559074402,1.7625000476837158,1.7625000476837158,1.652500033378601,1.725000023841858,100400
2002-10-28,0.7199602127075195,1.7975000143051147,1.8025000095367432,1.7424999475479126,1.7675000429153442,46400
2002-10-29,0.6919228434562683,1.7274999618530273,1.7949999570846558,1.6875,1.7949999570846558,72800
2002-10-30,0.6738987565040588,1.6825000047683716,1.725000023841858,1.6749999523162842,1.725000023841858,38800
2002-10-31,0.6939254999160767,1.7324999570846558,1.7350000143051147,1.6825000047683716,1.684999942779541,33200
2002-11-01,0.7950602173805237,1.9850000143051147,1.9874999523162842,1.7450000047683716,1.7450000047683716,95600
2002-11-04,0.9092126488685608,2.2699999809265137,2.359999895095825,1.9850000143051147,1.9850000143051147,294800
2002-11-05,0.9202269911766052,2.297499895095825,2.369999885559082,2.2125000953674316,2.2950000762939453,146400
2002-11-06,0.9012017846107483,2.25,2.307499885559082,2.2300000190734863,2.302500009536743,76000
2002-11-07,0.9012017846107483,2.25,2.2699999809265137,2.2125000953674316,2.25,64000
2002-11-08,0.9002005457878113,2.247499942779541,2.265000104904175,2.2249999046325684,2.25,79200
2002-11-11,0.9452611804008484,2.359999895095825,2.375,2.2249999046325684,2.2249999046325684,78000
2002-11-12,0.9482650756835938,2.367500066757202,2.430000066757202,2.3424999713897705,2.369999885559082,83200
2002-11-13,0.9512683153152466,2.375,2.3949999809265137,2.325000047683716,2.365000009536743,104800
2002-11-14,0.9532718062400818,2.380000114440918,2.3949999809265137,2.367500066757202,2.382499933242798,23200
2002-11-15,0.9292395114898682,2.319999933242798,2.362499952316284,2.2874999046325684,2.362499952316284,180000
2002-11-18,0.9142195582389832,2.2825000286102295,2.317500114440918,2.25,2.317500114440918,63600
2002-11-19,0.9122166037559509,2.2774999141693115,2.2899999618530273,2.25,2.2799999713897705,40000
2002-11-20,0.9342454671859741,2.3324999809265137,2.3350000381469727,2.25,2.2674999237060547,51600
2002-11-21,0.9362484812736511,2.3375000953674316,2.390000104904175,2.322499990463257,2.3450000286102295,41200
2002-11-22,0.9342454671859741,2.3324999809265137,2.4000000953674316,2.302500009536743,2.325000047683716,54800
2002-11-25,0.9222301840782166,2.302500009536743,2.362499952316284,2.2750000953674316,2.362499952316284,63600
2002-11-26,0.8951933979988098,2.234999895095825,2.299999952316284,2.1475000381469727,2.299999952316284,60400
2002-11-27,0.9402537941932678,2.3475000858306885,2.3499999046325684,2.2300000190734863,2.234999895095825,94800
2002-11-29,0.9502672553062439,2.372499942779541,2.377500057220459,2.3125,2.3499999046325684,33200
2002-12-02,1.0033384561538696,2.505000114440918,2.515000104904175,2.367500066757202,2.367500066757202,204000
2002-12-03,1.0644192695617676,2.6575000286102295,2.6675000190734863,2.4625000953674316,2.490000009536743,113600
2002-12-04,1.0554077625274658,2.634999990463257,2.6500000953674316,2.555000066757202,2.6500000953674316,64400
2002-12-05,1.0053409337997437,2.509999990463257,2.612499952316284,2.497499942779541,2.609999895095825,48800
2002-12-06,1.0413886308670044,2.5999999046325684,2.609999895095825,2.442500114440918,2.442500114440918,53200
2002-12-09,1.0363085269927979,2.549999952316284,2.640000104904175,2.5325000286102295,2.5899999141693115,41600
2002-12-10,1.0373249053955078,2.552500009536743,2.5625,2.4825000762939453,2.5374999046325684,69200
2002-12-11,1.0373249053955078,2.552500009536743,2.5625,2.5,2.549999952316284,31200
2002-12-12,1.0363085269927979,2.549999952316284,2.5950000286102295,2.5250000953674316,2.5374999046325684,60400
2002-12-13,1.0363085269927979,2.549999952316284,2.575000047683716,2.549999952316284,2.557499885559082,11200
2002-12-16,1.061708688735962,2.612499952316284,2.6449999809265137,2.549999952316284,2.549999952316284,79600
2002-12-17,1.0586607456207275,2.6050000190734863,2.6624999046325684,2.5999999046325684,2.6075000762939453,79200
2002-12-18,1.0261491537094116,2.5250000953674316,2.637500047683716,2.5199999809265137,2.555000066757202,104400
2002-12-19,1.0373249053955078,2.552500009536743,2.625,2.5,2.5,167600
2002-12-20,1.0789803266525269,2.6549999713897705,2.6624999046325684,2.5399999618530273,2.5399999618530273,120400
2002-12-23,1.0718684196472168,2.637500047683716,2.6549999713897705,2.617500066757202,2.630000114440918,116800
2002-12-24,1.0637404918670654,2.617500066757202,2.674999952316284,2.5975000858306885,2.612499952316284,66800
2002-12-26,1.0434212684631348,2.567500114440918,2.5999999046325684,2.565000057220459,2.5924999713897705,33200
2002-12-27,1.0312292575836182,2.5374999046325684,2.549999952316284,2.5225000381469727,2.5250000953674316,46800
2002-12-30,1.033260703086853,2.5425000190734863,2.565000057220459,2.509999990463257,2.512500047683716,317600
2002-12-31,1.0464688539505005,2.575000047683716,2.5824999809265137,2.5174999237060547,2.5174999237060547,54000
2003-01-02,1.0749167203903198,2.6449999809265137,2.6449999809265137,2.569999933242798,2.575000047683716,54400
2003-01-03,1.0698360204696655,2.632499933242798,2.6500000953674316,2.5975000858306885,2.6500000953674316,64800
2003-01-06,1.112507939338684,2.737499952316284,2.75,2.6475000381469727,2.6575000286102295,80800
2003-01-07,1.0972684621810913,2.700000047683716,2.757499933242798,2.694999933242798,2.757499933242798,58800
2003-01-08,1.118604063987732,2.752500057220459,2.7874999046325684,2.6424999237060547,2.674999952316284,210800
2003-01-09,1.1226680278778076,2.762500047683716,2.7925000190734863,2.734999895095825,2.7750000953674316,86800
2003-01-10,1.1287636756896973,2.7774999141693115,2.7950000762939453,2.744999885559082,2.752500057220459,24400
2003-01-13,1.141971468925476,2.809999942779541,2.825000047683716,2.7674999237060547,2.825000047683716,68400
2003-01-14,1.1572116613388062,2.8475000858306885,2.862499952316284,2.797499895095825,2.825000047683716,33600
2003-01-15,1.180579423904419,2.9049999713897705,2.934999942779541,2.8424999713897705,2.8450000286102295,89600
2003-01-16,1.2161381244659424,2.992500066757202,3.0,2.880000114440918,2.880000114440918,128000
2003-01-17,1.2212185859680176,3.005000114440918,3.009999990463257,2.927500009536743,3.0,95600
2003-01-21,1.195819616317749,2.942500114440918,3.005000114440918,2.8499999046325684,3.005000114440918,120000
2003-01-22,1.184643030166626,2.9149999618530273,2.947499990463257,2.867500066757202,2.924999952316284,148800
2003-01-23,1.1226680278778076,2.762500047683716,2.934999942779541,2.762500047683716,2.924999952316284,125600
2003-01-24,1.0860921144485474,2.672499895095825,2.762500047683716,2.637500047683716,2.762500047683716,134800
2003-01-27,1.1165720224380493,2.747499942779541,2.755000114440918,2.5799999237060547,2.6549999713897705,122800
2003-01-28,1.091172218322754,2.684999942779541,2.762500047683716,2.6500000953674316,2.757499933242798,43600
2003-01-29,1.0972684621810913,2.700000047683716,2.700000047683716,2.6075000762939453,2.680000066757202,58800
2003-01-30,1.0789803266525269,2.6549999713897705,2.757499933242798,2.630000114440918,2.702500104904175,70000
2003-01-31,1.1064125299453735,2.7225000858306885,2.75,2.625,2.637500047683716,77200
2003-02-03,1.1064125299453735,2.7225000858306885,2.740000009536743,2.690000057220459,2.697499990463257,62000
2003-02-04,1.072884440422058,2.640000104904175,2.7125000953674316,2.5975000858306885,2.7125000953674316,49600
2003-02-05,1.0515491962432861,2.5875000953674316,2.632499933242798,2.575000047683716,2.632499933242798,36800
2003-02-06,1.0261491537094116,2.5250000953674316,2.5625,2.4774999618530273,2.5625,72400
2003-02-07,1.0017656087875366,2.4649999141693115,2.5,2.430000066757202,2.5,58800
2003-02-10,0.9753496050834656,2.4000000953674316,2.4649999141693115,2.362499952316284,2.4649999141693115,66000
2003-02-11,0.9916056394577026,2.440000057220459,2.4749999046325684,2.382499933242798,2.3924999237060547,106800
2003-02-12,1.0159893035888672,2.5,2.5325000286102295,2.422499895095825,2.422499895095825,62800
2003-02-13,1.0200530290603638,2.509999990463257,2.5299999713897705,2.487499952316284,2.487499952316284,53200
2003-02-14,1.0505329370498657,2.5850000381469727,2.6549999713897705,2.512500047683716,2.512500047683716,56800
2003-02-18,1.1206367015838623,2.757499933242798,2.7874999046325684,2.609999895095825,2.609999895095825,69600
2003-02-19,1.1206367015838623,2.757499933242798,2.762500047683716,2.734999895095825,2.744999885559082,37600
2003-02-20,1.1368919610977173,2.797499895095825,2.809999942779541,2.757499933242798,2.7725000381469727,73200
2003-02-21,1.1348598003387451,2.7925000190734863,2.8125,2.7799999713897705,2.7799999713897705,19200
2003-02-24,1.1358755826950073,2.7950000762939453,2.825000047683716,2.7750000953674316,2.8125,79600
2003-02-25,1.1328281164169312,2.7874999046325684,2.7925000190734863,2.742500066757202,2.7874999046325684,137600
2003-02-26,1.1358755826950073,2.7950000762939453,2.807499885559082,2.759999990463257,2.7699999809265137,34400
2003-02-27,1.139939785003662,2.805000066757202,2.867500066757202,2.762500047683716,2.7750000953674316,74400
2003-02-28,1.0972684621810913,2.700000047683716,2.797499895095825,2.690000057220459,2.797499895095825,334000
2003-03-03,1.0525649785995483,2.5899999141693115,2.700000047683716,2.5899999141693115,2.700000047683716,160800
2003-03-04,1.0200530290603638,2.509999990463257,2.609999895095825,2.509999990463257,2.5824999809265137,80000
2003-03-05,1.0302129983901978,2.5350000858306885,2.559999942779541,2.494999885559082,2.5250000953674316,78800
2003-03-06,1.0261491537094116,2.5250000953674316,2.549999952316284,2.507499933242798,2.5274999141693115,50800
2003-03-07,1.0467755794525146,2.5374999046325684,2.5799999237060547,2.487499952316284,2.487499952316284,62400
2003-03-10,1.0003665685653687,2.424999952316284,2.5325000286102295,2.424999952316284,2.5325000286102295,155200
2003-03-11,0.989022433757782,2.3975000381469727,2.444999933242798,2.3975000381469727,2.427500009536743,23200
2003-03-12,0.9869594573974609,2.3924999237060547,2.4375,2.3424999713897705,2.3949999809265137,90800
2003-03-13,1.0003665685653687,2.424999952316284,2.424999952316284,2.3499999046325684,2.375,51200
2003-03-14,1.0282115936279297,2.492500066757202,2.515000104904175,2.4375,2.4375,246400
2003-03-17,1.057088017463684,2.5625,2.5625,2.422499895095825,2.4749999046325684,139600
2003-03-18,0.9838656783103943,2.384999990463257,2.5625,2.3524999618530273,2.5625,105600
2003-03-19,1.0343996286392212,2.507499933242798,2.507499933242798,2.4000000953674316,2.4000000953674316,40000
2003-03-20,1.0766831636428833,2.609999895095825,2.625,2.4825000762939453,2.4825000762939453,90000
2003-03-21,1.109684944152832,2.690000057220459,2.692500114440918,2.575000047683716,2.575000047683716,141600
2003-03-24,1.061213493347168,2.572499990463257,2.6700000762939453,2.5425000190734863,2.625,53600
2003-03-25,1.0581194162368774,2.565000057220459,2.577500104904175,2.512500047683716,2.577500104904175,23600
2003-03-26,1.0467755794525146,2.5374999046325684,2.5850000381469727,2.5374999046325684,2.5625,25200
2003-03-27,1.1179351806640625,2.7100000381469727,2.7100000381469727,2.549999952316284,2.549999952316284,34000
2003-03-28,1.127217411994934,2.7325000762939453,2.7699999809265137,2.684999942779541,2.690000057220459,71600
2003-03-31,1.0962780714035034,2.6575000286102295,2.7325000762939453,2.637500047683716,2.7325000762939453,61600
2003-04-01,1.0766831636428833,2.609999895095825,2.6575000286102295,2.5975000858306885,2.6575000286102295,53600
2003-04-02,1.1241230964660645,2.7249999046325684,2.734999895095825,2.617500066757202,2.617500066757202,47600
2003-04-03,1.1055597066879272,2.680000066757202,2.7249999046325684,2.6575000286102295,2.7249999046325684,16000
2003-04-04,1.0973093509674072,2.6600000858306885,2.700000047683716,2.625,2.700000047683716,38000
2003-04-07,1.1230921745300293,2.7225000858306885,2.7225000858306885,2.6424999237060547,2.6424999237060547,26800
2003-04-08,1.1468114852905273,2.7799999713897705,2.7799999713897705,2.700000047683716,2.700000047683716,20000
2003-04-09,1.1519685983657837,2.7925000190734863,2.815000057220459,2.7799999713897705,2.7799999713897705,16000
2003-04-10,1.1612499952316284,2.815000057220459,2.815000057220459,2.7725000381469727,2.805000066757202,68000
2003-04-11,1.167438268661499,2.8299999237060547,2.8499999046325684,2.819999933242798,2.819999933242798,38800
2003-04-14,1.1921892166137695,2.890000104904175,2.9000000953674316,2.817500114440918,2.817500114440918,46000
2003-04-15,1.2138471603393555,2.942500114440918,2.942500114440918,2.762500047683716,2.875,87600
2003-04-16,1.1921892166137695,2.890000104904175,2.9749999046325684,2.859999895095825,2.9749999046325684,25600
2003-04-17,1.2241599559783936,2.9674999713897705,2.9674999713897705,2.887500047683716,2.9000000953674316,17600
2003-04-21,1.2550996541976929,3.0425000190734863,3.047499895095825,2.9549999237060547,2.9700000286102295,69200
2003-04-22,1.3025394678115845,3.1575000286102295,3.1575000286102295,2.992500066757202,3.055000066757202,101200
2003-04-23,1.2819128036499023,3.1075000762939453,3.1575000286102295,3.072499990463257,3.1575000286102295,100400
2003-04-24,1.2819128036499023,3.1075000762939453,3.127500057220459,3.069999933242798,3.0875000953674316,60800
2003-04-25,1.2788186073303223,3.0999999046325684,3.2049999237060547,3.0625,3.1075000762939453,38000
2003-04-28,1.2788186073303223,3.0999999046325684,3.134999990463257,3.0799999237060547,3.125,40000
2003-04-29,1.3097580671310425,3.174999952316284,3.174999952316284,3.0625,3.0625,58000
2003-04-30,1.3829805850982666,3.3524999618530273,3.4000000953674316,3.1575000286102295,3.1575000286102295,164800
2003-05-01,1.372667670249939,3.327500104904175,3.4000000953674316,3.299999952316284,3.365000009536743,68000
2003-05-02,1.3633862733840942,3.305000066757202,3.327500104904175,3.2249999046325684,3.325000047683716,56000
2003-05-05,1.380918264389038,3.3475000858306885,3.3499999046325684,3.2950000762939453,3.297499895095825,40000
2003-05-06,1.432483434677124,3.4725000858306885,3.4800000190734863,3.3550000190734863,3.3550000190734863,138800
2003-05-07,1.4170137643814087,3.434999942779541,3.4700000286102295,3.4075000286102295,3.4700000286102295,35600
2003-05-08,1.4077321290969849,3.4124999046325684,3.4375,3.377500057220459,3.424999952316284,37600
2003-05-09,1.394325613975525,3.380000114440918,3.4049999713897705,3.3350000381469727,3.387500047683716,68800
2003-05-12,1.3767927885055542,3.3375000953674316,3.382499933242798,3.3375000953674316,3.377500057220459,53200
2003-05-13,1.394325613975525,3.380000114440918,3.434999942779541,3.3375000953674316,3.3375000953674316,110000
2003-05-14,1.3974190950393677,3.387500047683716,3.422499895095825,3.3450000286102295,3.3550000190734863,36800
2003-05-15,1.3798868656158447,3.3450000286102295,3.3924999237060547,3.325000047683716,3.375,32800
2003-05-16,1.3974190950393677,3.387500047683716,3.4024999141693115,3.3125,3.3125,70000
2003-05-19,1.3757613897323608,3.3350000381469727,3.369999885559082,3.325000047683716,3.369999885559082,30800
2003-05-20,1.4056696891784668,3.4075000286102295,3.4175000190734863,3.3450000286102295,3.3550000190734863,50000
2003-05-21,1.4139196872711182,3.427500009536743,3.427500009536743,3.362499952316284,3.4075000286102295,28000
2003-05-22,1.433514952659607,3.4749999046325684,3.4749999046325684,3.3975000381469727,3.427500009536743,79200
2003-05-23,1.4788926839828491,3.5850000381469727,3.5850000381469727,3.4649999141693115,3.4649999141693115,44800
2003-05-27,1.512925148010254,3.6675000190734863,3.682499885559082,3.5875000953674316,3.5875000953674316,47200
2003-05-28,1.4902360439300537,3.612499952316284,3.6549999713897705,3.549999952316284,3.5875000953674316,153200
2003-05-29,1.4850798845291138,3.5999999046325684,3.6524999141693115,3.575000047683716,3.5875000953674316,50800
2003-05-30,1.4953933954238892,3.625,3.625,3.577500104904175,3.5999999046325684,23200
2003-06-02,1.489205241203308,3.609999895095825,3.6500000953674316,3.575000047683716,3.6500000953674316,27200
2003-06-03,1.553146243095398,3.765000104904175,3.8125,3.619999885559082,3.625,236000
2003-06-04,1.6139929294586182,3.9124999046325684,3.9749999046325684,3.7950000762939453,3.7950000762939453,186800
2003-06-05,1.6738083362579346,4.057499885559082,4.057499885559082,3.887500047683716,3.9124999046325684,100000
2003-06-06,1.6355160474777222,3.940000057220459,4.0625,3.9375,4.0625,87200
2003-06-09,1.5960803031921387,3.8450000286102295,3.9000000953674316,3.8125,3.8949999809265137,77600
2003-06-10,1.5940053462982178,3.8399999141693115,3.8450000286102295,3.805000066757202,3.8375000953674316,40400
2003-06-11,1.622024655342102,3.9075000286102295,3.924999952316284,3.875,3.875,31200
2003-06-12,1.6261752843856812,3.9175000190734863,3.9700000286102295,3.882499933242798,3.9075000286102295,40000
2003-06-13,1.618910789489746,3.9000000953674316,3.947499990463257,3.9000000953674316,3.9175000190734863,10800
2003-06-16,1.6458932161331177,3.9649999141693115,3.984999895095825,3.877500057220459,3.9075000286102295,18000
2003-06-17,1.6676859855651855,4.017499923706055,4.025000095367432,3.9649999141693115,3.9725000858306885,16000
2003-06-18,1.6967430114746094,4.087500095367432,4.110000133514404,3.987499952316284,4.027500152587891,64000
2003-06-19,1.6780637502670288,4.042500019073486,4.179999828338623,4.037499904632568,4.070000171661377,150400
2003-06-20,1.6552326679229736,3.987499952316284,4.005000114440918,3.940000057220459,4.0,57200
2003-06-23,1.6448554992675781,3.9625000953674316,3.984999895095825,3.865000009536743,3.984999895095825,31200
2003-06-24,1.624099612236023,3.9124999046325684,3.9649999141693115,3.875,3.932499885559082,86400
2003-06-25,1.6469310522079468,3.9674999713897705,4.012499809265137,3.9124999046325684,3.950000047683716,29200
2003-06-26,1.670799732208252,4.025000095367432,4.074999809265137,3.9075000286102295,4.0,88400
2003-06-27,1.72683846950531,4.159999847412109,4.159999847412109,4.014999866485596,4.027500152587891,92000
2003-06-30,1.7123098373413086,4.125,4.199999809265137,4.105000019073486,4.199999809265137,62400
2003-07-01,1.7392915487289429,4.190000057220459,4.190000057220459,4.077499866485596,4.137499809265137,46000
2003-07-02,1.7237260341644287,4.152500152587891,4.190000057220459,4.125,4.190000057220459,40400
2003-07-03,1.7174986600875854,4.137499809265137,4.175000190734863,4.125,4.142499923706055,28800
2003-07-07,1.7174986600875854,4.137499809265137,4.199999809265137,4.057499885559082,4.125,111200
2003-07-08,1.7143847942352295,4.130000114440918,4.15500020980835,4.087500095367432,4.15500020980835,66400
2003-07-09,1.7123098373413086,4.125,4.159999847412109,4.099999904632568,4.099999904632568,44800
2003-07-10,1.6541948318481445,3.984999895095825,4.112500190734863,3.9700000286102295,4.112500190734863,58000
2003-07-11,1.6417419910430908,3.9549999237060547,4.045000076293945,3.9375,3.987499952316284,54000
2003-07-14,1.6417419910430908,3.9549999237060547,4.03000020980835,3.930000066757202,3.930000066757202,14800
2003-07-15,1.5722123384475708,3.7874999046325684,3.9375,3.7774999141693115,3.9375,41600
2003-07-16,1.57428777217865,3.7925000190734863,3.799999952316284,3.7249999046325684,3.762500047683716,35600
2003-07-17,1.568061351776123,3.7774999141693115,3.7874999046325684,3.7249999046325684,3.7750000953674316,14400
2003-07-18,1.5981565713882446,3.8499999046325684,3.8575000762939453,3.7274999618530273,3.7774999141693115,28800
2003-07-21,1.6344780921936035,3.9375,3.950000047683716,3.8375000953674316,3.8375000953674316,42400
2003-07-22,1.6230621337890625,3.9100000858306885,3.950000047683716,3.875,3.950000047683716,27600
2003-07-23,1.6490060091018677,3.9725000858306885,3.9749999046325684,3.9024999141693115,3.9075000286102295,17600
2003-07-24,1.6396669149398804,3.950000047683716,4.045000076293945,3.932499885559082,3.987499952316284,59600
2003-07-25,1.6666479110717773,4.014999866485596,4.014999866485596,3.947499990463257,3.947499990463257,36800
2003-07-28,1.6936299800872803,4.079999923706055,4.079999923706055,3.9749999046325684,3.9749999046325684,34800
2003-07-29,1.7330650091171265,4.175000190734863,4.235000133514404,4.107500076293945,4.142499923706055,175600
2003-07-30,1.7662733793258667,4.255000114440918,4.269999980926514,4.175000190734863,4.175000190734863,62800
2003-07-31,1.7569340467453003,4.232500076293945,4.385000228881836,4.230000019073486,4.287499904632568,64400
2003-08-01,1.7091963291168213,4.117499828338623,4.255000114440918,4.099999904632568,4.210000038146973,86800
2003-08-04,1.661460041999817,4.002500057220459,4.087500095367432,3.9625000953674316,4.087500095367432,146000
2003-08-05,1.6811776161193848,4.050000190734863,4.162499904632568,4.050000190734863,4.052499771118164,123600
2003-08-06,1.7091963291168213,4.117499828338623,4.125,3.950000047683716,4.037499904632568,28000
2003-08-07,1.7392915487289429,4.190000057220459,4.192500114440918,4.087500095367432,4.099999904632568,22000
2003-08-08,1.7527823448181152,4.222499847412109,4.25,4.170000076293945,4.170000076293945,34800
2003-08-11,1.7797644138336182,4.287499904632568,4.287499904632568,4.204999923706055,4.239999771118164,15600
2003-08-12,1.7704250812530518,4.264999866485596,4.300000190734863,4.262499809265137,4.284999847412109,30800
2003-08-13,1.7953307628631592,4.324999809265137,4.34250020980835,4.269999980926514,4.269999980926514,8400
2003-08-14,1.785990834236145,4.302499771118164,4.340000152587891,4.300000190734863,4.322500228881836,21600
2003-08-15,1.7880667448043823,4.307499885559082,4.324999809265137,4.284999847412109,4.297500133514404,10800
2003-08-18,1.8150490522384644,4.372499942779541,4.429999828338623,4.320000171661377,4.337500095367432,50000
2003-08-19,1.8129725456237793,4.367499828338623,4.402500152587891,4.300000190734863,4.402500152587891,30800
2003-08-20,1.7942930459976196,4.322500228881836,4.349999904632568,4.309999942779541,4.349999904632568,5200
2003-08-21,1.8077846765518188,4.355000019073486,4.355000019073486,4.300000190734863,4.300000190734863,39600
2003-08-22,1.7994825839996338,4.335000038146973,4.349999904632568,4.304999828338623,4.324999809265137,27200
2003-08-25,1.7766512632369995,4.28000020980835,4.349999904632568,4.277500152587891,4.317500114440918,42400
2003-08-26,1.8046716451644897,4.347499847412109,4.347499847412109,4.252500057220459,4.297500133514404,34000
2003-08-27,1.7901418209075928,4.3125,4.337500095367432,4.257500171661377,4.337500095367432,52000
2003-08-28,1.7590092420578003,4.237500190734863,4.302499771118164,4.210000038146973,4.300000190734863,29600
2003-08-29,1.764198899269104,4.25,4.309999942779541,4.232500076293945,4.237500190734863,70000
2003-09-02,1.7880667448043823,4.307499885559082,4.329999923706055,4.222499847412109,4.224999904632568,102400
2003-09-03,1.7849535942077637,4.300000190734863,4.337500095367432,4.272500038146973,4.332499980926514,65200
2003-09-04,1.7870285511016846,4.304999828338623,4.329999923706055,4.28000020980835,4.309999942779541,14000
2003-09-05,1.8015575408935547,4.340000152587891,4.340000152587891,4.255000114440918,4.255000114440918,44400
2003-09-08,1.8193531036376953,4.34499979019165,4.34499979019165,4.247499942779541,4.25,35200
2003-09-09,1.8319149017333984,4.375,4.387499809265137,4.337500095367432,4.349999904632568,32400
2003-09-10,1.7900428771972656,4.275000095367432,4.362500190734863,4.275000095367432,4.362500190734863,11600
2003-09-11,1.7795753479003906,4.25,4.28000020980835,4.210000038146973,4.277500152587891,16000
2003-09-12,1.791089415550232,4.277500152587891,4.300000190734863,4.224999904632568,4.224999904632568,20400
2003-09-15,1.7691069841384888,4.224999904632568,4.28249979019165,4.210000038146973,4.28249979019165,45600
2003-09-16,1.7711992263793945,4.230000019073486,4.262499809265137,4.212500095367432,4.260000228881836,44400
2003-09-17,1.7649190425872803,4.215000152587891,4.224999904632568,4.182499885559082,4.212500095367432,63200
2003-09-18,1.772247314453125,4.232500076293945,4.25,4.1875,4.25,34400
2003-09-19,1.8183064460754395,4.34250020980835,4.34250020980835,4.235000133514404,4.262499809265137,96400
2003-09-22,1.7638723850250244,4.212500095367432,4.28000020980835,4.175000190734863,4.28000020980835,52400
2003-09-23,1.770153522491455,4.227499961853027,4.235000133514404,4.15500020980835,4.167500019073486,58800
2003-09-24,1.8287742137908936,4.367499828338623,4.367499828338623,4.202499866485596,4.202499866485596,29200
2003-09-25,1.8099318742752075,4.322500228881836,4.352499961853027,4.277500152587891,4.34250020980835,32000
2003-09-26,1.7774808406829834,4.244999885559082,4.309999942779541,4.207499980926514,4.300000190734863,33600
2003-09-29,1.7282813787460327,4.127500057220459,4.262499809265137,4.059999942779541,4.262499809265137,48400
2003-09-30,1.6518641710281372,3.944999933242798,4.152500152587891,3.9149999618530273,4.152500152587891,51600
2003-10-01,1.7209534645080566,4.110000133514404,4.117499828338623,3.9124999046325684,3.9124999046325684,64800
2003-10-02,1.7345625162124634,4.142499923706055,4.150000095367432,4.059999942779541,4.097499847412109,14000
2003-10-03,1.7691069841384888,4.224999904632568,4.267499923706055,4.175000190734863,4.182499885559082,26000
2003-10-06,1.7900428771972656,4.275000095367432,4.275000095367432,4.199999809265137,4.199999809265137,85200
2003-10-07,1.7377018928527832,4.150000095367432,4.260000228881836,4.142499923706055,4.257500171661377,58800
2003-10-08,1.7042045593261719,4.070000171661377,4.139999866485596,4.005000114440918,4.139999866485596,30800
2003-10-09,1.6905959844589233,4.037499904632568,4.070000171661377,4.03249979019165,4.070000171661377,7200
2003-10-10,1.725140929222107,4.119999885559082,4.170000076293945,4.072500228881836,4.072500228881836,26000
2003-10-13,1.701064109802246,4.0625,4.099999904632568,4.0625,4.099999904632568,9600
2003-10-14,1.7586389780044556,4.199999809265137,4.199999809265137,4.112500190734863,4.112500190734863,37200
2003-10-15,1.7711992263793945,4.230000019073486,4.275000095367432,4.192500114440918,4.237500190734863,64000
2003-10-16,1.791089415550232,4.277500152587891,4.277500152587891,4.21999979019165,4.21999979019165,8800
2003-10-17,1.8183064460754395,4.34250020980835,4.40500020980835,4.287499904632568,4.287499904632568,41200
2003-10-20,1.8287742137908936,4.367499828338623,4.380000114440918,4.335000038146973,4.335000038146973,14000
2003-10-21,1.8507577180862427,4.420000076293945,4.452499866485596,4.347499847412109,4.347499847412109,30000
2003-10-22,1.7984172105789185,4.295000076293945,4.432499885559082,4.28249979019165,4.417500019073486,134800
2003-10-23,1.7303740978240967,4.132500171661377,4.235000133514404,4.074999809265137,4.232500076293945,111600
2003-10-24,1.8036513328552246,4.307499885559082,4.317500114440918,4.107500076293945,4.107500076293945,168400
2003-10-27,1.8036513328552246,4.307499885559082,4.349999904632568,4.244999885559082,4.244999885559082,67200
2003-10-28,1.788995385169983,4.272500038146973,4.284999847412109,4.25,4.25,39200
2003-10-29,1.7879492044448853,4.269999980926514,4.289999961853027,4.175000190734863,4.25,117200
2003-10-30,1.823541283607483,4.355000019073486,4.380000114440918,4.272500038146973,4.284999847412109,637200
2003-10-31,1.8287742137908936,4.367499828338623,4.440000057220459,4.34250020980835,4.402500152587891,48400
2003-11-03,1.810978651046753,4.324999809265137,4.429999828338623,4.324999809265137,4.429999828338623,40800
2003-11-04,1.8329616785049438,4.377500057220459,4.385000228881836,4.244999885559082,4.300000190734863,455200
2003-11-05,1.784808874130249,4.262499809265137,4.377500057220459,4.242499828338623,4.377500057220459,488400
2003-11-06,1.774340271949768,4.237500190734863,4.284999847412109,4.215000152587891,4.275000095367432,26400
2003-11-07,1.7816675901412964,4.255000114440918,4.284999847412109,4.237500190734863,4.237500190734863,10800
2003-11-10,1.808884859085083,4.320000171661377,4.320000171661377,4.252500057220459,4.28000020980835,26400
2003-11-11,1.8120253086090088,4.327499866485596,4.337500095367432,4.287499904632568,4.332499980926514,12800
2003-11-12,1.8120253086090088,4.327499866485596,4.362500190734863,4.300000190734863,4.349999904632568,18800
2003-11-13,1.8287742137908936,4.367499828338623,4.375,4.327499866485596,4.349999904632568,28000
2003-11-14,1.8298214673995972,4.369999885559082,4.385000228881836,4.332499980926514,4.357500076293945,26800
2003-11-17,1.801557183265686,4.302499771118164,4.347499847412109,4.255000114440918,4.337500095367432,29200
2003-11-18,1.823541283607483,4.355000019073486,4.355000019073486,4.315000057220459,4.337500095367432,51600
2003-11-19,1.8559919595718384,4.432499885559082,4.445000171661377,4.380000114440918,4.380000114440918,22800
2003-11-20,1.8654125928878784,4.454999923706055,4.465000152587891,4.432499885559082,4.434999942779541,28000
2003-11-21,1.8601783514022827,4.442500114440918,4.449999809265137,4.355000019073486,4.434999942779541,46800
2003-11-24,1.8413364887237549,4.397500038146973,4.462500095367432,4.385000228881836,4.462500095367432,20000
2003-11-25,1.867506742477417,4.460000038146973,4.46750020980835,4.402500152587891,4.402500152587891,48800
2003-11-26,1.8769274950027466,4.482500076293945,4.492499828338623,4.440000057220459,4.454999923706055,15200
2003-11-28,1.8790215253829956,4.487500190734863,4.487500190734863,4.465000152587891,4.46999979019165,8800
2003-12-01,1.8842549324035645,4.5,4.5,4.454999923706055,4.480000019073486,110800
2003-12-02,1.8811150789260864,4.492499828338623,4.512499809265137,4.474999904632568,4.474999904632568,71600
2003-12-03,1.9030979871749878,4.545000076293945,4.5625,4.46999979019165,4.485000133514404,267200
2003-12-04,1.8999569416046143,4.537499904632568,4.577499866485596,4.487500190734863,4.487500190734863,104000
2003-12-05,1.9324084520339966,4.614999771118164,4.614999771118164,4.550000190734863,4.5625,116800
2003-12-08,1.9397361278533936,4.632500171661377,4.644999980926514,4.625,4.639999866485596,48400
2003-12-09,1.968231439590454,4.662499904632568,4.690000057220459,4.5625,4.5625,33200
2003-12-10,1.952401041984558,4.625,4.637499809265137,4.559999942779541,4.637499809265137,74400
2003-12-11,1.9291828870773315,4.570000171661377,4.59499979019165,4.474999904632568,4.5625,106800
2003-12-12,1.9334050416946411,4.579999923706055,4.607500076293945,4.550000190734863,4.587500095367432,74400
2003-12-15,1.9471248388290405,4.612500190734863,4.672500133514404,4.547500133514404,4.605000019073486,37600
2003-12-16,1.9386810064315796,4.59250020980835,4.690000057220459,4.554999828338623,4.662499904632568,55600
2003-12-17,1.9196854829788208,4.547500133514404,4.610000133514404,4.534999847412109,4.550000190734863,31600
2003-12-18,1.9228510856628418,4.554999828338623,4.579999923706055,4.412499904632568,4.547500133514404,135600
2003-12-19,1.8996331691741943,4.5,4.5625,4.40500020980835,4.5625,141200
2003-12-22,1.9144083261489868,4.534999847412109,4.537499904632568,4.502500057220459,4.525000095367432,13200
2003-12-23,1.913352131843567,4.53249979019165,4.565000057220459,4.5,4.510000228881836,37200
2003-12-24,1.9344598054885864,4.582499980926514,4.59499979019165,4.482500076293945,4.482500076293945,21200
2003-12-26,1.9207402467727661,4.550000190734863,4.607500076293945,4.542500019073486,4.607500076293945,14800
2003-12-29,1.9228510856628418,4.554999828338623,4.602499961853027,4.53000020980835,4.574999809265137,48800
2003-12-30,1.9397361278533936,4.59499979019165,4.650000095367432,4.550000190734863,4.550000190734863,43600
2003-12-31,1.9640097618103027,4.652500152587891,4.672500133514404,4.59499979019165,4.625,23200
2004-01-02,2.057936429977417,4.875,4.880000114440918,4.662499904632568,4.662499904632568,498400
2004-01-05,2.1476399898529053,5.087500095367432,5.087500095367432,4.90500020980835,4.90500020980835,248800
2004-01-06,2.1307554244995117,5.047500133514404,5.190000057220459,5.002500057220459,5.087500095367432,87200
2004-01-07,2.124422550201416,5.03249979019165,5.082499980926514,4.989999771118164,5.082499980926514,114800
2004-01-08,2.1254777908325195,5.034999847412109,5.079999923706055,5.012499809265137,5.065000057220459,6800
2004-01-09,2.1212575435638428,5.025000095367432,5.107500076293945,4.900000095367432,5.0,73600
2004-01-12,2.084319829940796,4.9375,5.050000190734863,4.912499904632568,5.050000190734863,61600
2004-01-13,2.0853750705718994,4.940000057220459,5.0,4.925000190734863,4.954999923706055,319600
2004-01-14,2.044217109680176,4.84250020980835,4.962500095367432,4.802499771118164,4.962500095367432,55600
2004-01-15,2.0421054363250732,4.837500095367432,4.867499828338623,4.767499923706055,4.867499828338623,48000
2004-01-16,2.023108720779419,4.792500019073486,4.809999942779541,4.787499904632568,4.809999942779541,28800
2004-01-20,2.0157217979431152,4.775000095367432,4.807499885559082,4.762499809265137,4.762499809265137,17600
2004-01-21,2.0072789192199707,4.755000114440918,4.804999828338623,4.71750020980835,4.78000020980835,15600
2004-01-22,2.0516037940979004,4.860000133514404,4.862500190734863,4.78000020980835,4.78000020980835,28400
2004-01-23,2.030496597290039,4.809999942779541,4.849999904632568,4.797500133514404,4.824999809265137,21200
2004-01-26,1.9735080003738403,4.675000190734863,4.792500019073486,4.675000190734863,4.789999961853027,46800
2004-01-27,1.9608430862426758,4.644999980926514,4.724999904632568,4.59499979019165,4.699999809265137,63600
2004-01-28,1.9608430862426758,4.644999980926514,4.690000057220459,4.552499771118164,4.65500020980835,45600
2004-01-29,1.8943560123443604,4.487500190734863,4.622499942779541,4.387499809265137,4.607500076293945,54400
2004-01-30,1.8806366920471191,4.454999923706055,4.462500095367432,4.352499961853027,4.462500095367432,86800
2004-02-02,1.996725082397461,4.730000019073486,4.735000133514404,4.46999979019165,4.46999979019165,130000
2004-02-03,2.028385877609253,4.804999828338623,4.804999828338623,4.690000057220459,4.724999904632568,33600
2004-02-04,1.978784441947937,4.6875,4.829999923706055,4.6875,4.792500019073486,35600
2004-02-05,1.9735080003738403,4.675000190734863,4.697500228881836,4.622499942779541,4.625,38000
2004-02-06,1.9893382787704468,4.712500095367432,4.767499923706055,4.650000095367432,4.650000095367432,31200
2004-02-09,1.968231439590454,4.662499904632568,4.737500190734863,4.662499904632568,4.737500190734863,19200
2004-02-10,1.966119408607483,4.65749979019165,4.6875,4.637499809265137,4.637499809265137,5600
2004-02-11,1.996725082397461,4.730000019073486,4.730000019073486,4.625,4.695000171661377,16800
2004-02-12,2.04738187789917,4.849999904632568,4.849999904632568,4.65500020980835,4.690000057220459,25200
2004-02-13,1.9439581632614136,4.605000019073486,4.849999904632568,4.582499980926514,4.849999904632568,49600
2004-02-17,1.9735080003738403,4.675000190734863,4.732500076293945,4.65500020980835,4.65500020980835,36800
2004-02-18,1.918628454208374,4.545000076293945,4.699999809265137,4.507500171661377,4.699999809265137,21600
2004-02-19,1.900688648223877,4.502500057220459,4.577499866485596,4.5,4.550000190734863,85600
2004-02-20,1.8753595352172852,4.442500114440918,4.482500076293945,4.402500152587891,4.482500076293945,710400
2004-02-23,1.877470850944519,4.447500228881836,4.46750020980835,4.4375,4.445000171661377,48800
2004-02-24,1.8911901712417603,4.480000019073486,4.485000133514404,4.372499942779541,4.372499942779541,34000
2004-02-25,1.8542519807815552,4.392499923706055,4.452499866485596,4.367499828338623,4.452499866485596,20400
2004-02-26,1.8605842590332031,4.40749979019165,4.425000190734863,4.25,4.362500190734863,160400
2004-02-27,1.858473777770996,4.402500152587891,4.422500133514404,4.295000076293945,4.412499904632568,60000
2004-03-01,1.7993746995925903,4.262499809265137,4.425000190734863,4.199999809265137,4.425000190734863,58400
2004-03-02,1.8014848232269287,4.267499923706055,4.320000171661377,4.227499961853027,4.25,134000
2004-03-03,1.8394782543182373,4.357500076293945,4.357500076293945,4.264999866485596,4.292500019073486,262800
2004-03-04,1.9302380084991455,4.572500228881836,4.587500095367432,4.362500190734863,4.362500190734863,131600
2004-03-05,1.9302380084991455,4.572500228881836,4.675000190734863,4.565000057220459,4.597499847412109,136000
2004-03-08,1.900688648223877,4.502500057220459,4.617499828338623,4.477499961853027,4.597499847412109,86000
2004-03-09,1.8549280166625977,4.357500076293945,4.497499942779541,4.329999923706055,4.497499942779541,26800
2004-03-10,1.8357713222503662,4.3125,4.375,4.25,4.375,102800
2004-03-11,1.8325780630111694,4.304999828338623,4.400000095367432,4.197500228881836,4.304999828338623,71600
2004-03-12,1.8634411096572876,4.377500057220459,4.387499809265137,4.262499809265137,4.349999904632568,52400
2004-03-15,1.8240655660629272,4.284999847412109,4.402500152587891,4.284999847412109,4.402500152587891,22800
2004-03-16,1.78256094455719,4.1875,4.387499809265137,4.170000076293945,4.3125,105600
2004-03-17,1.814487338066101,4.262499809265137,4.262499809265137,4.202499866485596,4.25,91200
2004-03-18,1.7900104522705078,4.204999923706055,4.324999809265137,4.190000057220459,4.324999809265137,277200
2004-03-19,1.7804316282272339,4.182499885559082,4.25,4.142499923706055,4.25,79600
2004-03-22,1.7336068153381348,4.072500228881836,4.162499904632568,4.0625,4.162499904632568,86000
2004-03-23,1.7602119445800781,4.135000228881836,4.147500038146973,4.09499979019165,4.125,121600
2004-03-24,1.7442491054534912,4.097499847412109,4.162499904632568,4.065000057220459,4.162499904632568,112000
2004-03-25,1.8091658353805542,4.25,4.322500228881836,4.147500038146973,4.147500038146973,309200
2004-03-26,1.798524022102356,4.224999904632568,4.3125,4.224999904632568,4.25,54400
2004-03-29,1.8102304935455322,4.252500057220459,4.304999828338623,4.235000133514404,4.235000133514404,73600
2004-03-30,1.785753607749939,4.195000171661377,4.25,4.172500133514404,4.212500095367432,106400
2004-03-31,1.7868176698684692,4.197500228881836,4.224999904632568,4.142499923706055,4.224999904632568,129600
2004-04-01,1.8006525039672852,4.230000019073486,4.247499942779541,4.125,4.222499847412109,677600
2004-04-02,1.8027795553207397,4.235000133514404,4.300000190734863,4.222499847412109,4.300000190734863,50800
2004-04-05,1.819808006286621,4.275000095367432,4.292500019073486,4.232500076293945,4.25,52800
2004-04-06,1.8027795553207397,4.235000133514404,4.324999809265137,4.199999809265137,4.324999809265137,465200
2004-04-07,1.7889457941055298,4.202499866485596,4.287499904632568,4.152500152587891,4.287499904632568,101600
2004-04-08,1.7367991209030151,4.079999923706055,4.239999771118164,4.045000076293945,4.239999771118164,48800
2004-04-12,1.724029302597046,4.050000190734863,4.090000152587891,4.03249979019165,4.090000152587891,42000
2004-04-13,1.6921015977859497,3.9749999046325684,4.057499885559082,3.952500104904175,4.012499809265137,43200
2004-04-14,1.6623046398162842,3.9049999713897705,3.9549999237060547,3.8324999809265137,3.9549999237060547,90400
2004-04-15,1.6952952146530151,3.9825000762939453,4.0,3.9175000190734863,3.9175000190734863,36000
2004-04-16,1.6889100074768066,3.9674999713897705,4.014999866485596,3.9674999713897705,4.007500171661377,11200
2004-04-19,1.6921015977859497,3.9749999046325684,3.987499952316284,3.947499990463257,3.987499952316284,126800
2004-04-20,1.6654963493347168,3.9124999046325684,3.9549999237060547,3.9000000953674316,3.9200000762939453,115200
2004-04-21,1.671882152557373,3.927500009536743,3.950000047683716,3.887500047683716,3.887500047683716,51600
2004-04-22,1.724029302597046,4.050000190734863,4.067500114440918,3.940000057220459,3.9625000953674316,46400
2004-04-23,1.7208366394042969,4.042500019073486,4.042500019073486,3.997499942779541,4.002500057220459,43200
2004-04-26,1.7389272451400757,4.085000038146973,4.142499923706055,4.025000095367432,4.025000095367432,67600
2004-04-27,1.7346705198287964,4.074999809265137,4.085000038146973,4.059999942779541,4.085000038146973,35600
2004-04-28,1.6559191942214966,3.890000104904175,4.054999828338623,3.869999885559082,4.054999828338623,23200
2004-04-29,1.682524561882019,3.952500104904175,3.9574999809265137,3.930000066757202,3.950000047683716,12800
2004-04-30,1.6740107536315918,3.932499885559082,3.990000009536743,3.8949999809265137,3.9375,101200
2004-05-03,1.7229641675949097,4.047500133514404,4.047500133514404,3.890000104904175,3.890000104904175,71200
2004-05-04,1.7708537578582764,4.159999847412109,4.164999961853027,4.072500228881836,4.072500228881836,30800
2004-05-05,1.7878817319869995,4.199999809265137,4.287499904632568,4.15749979019165,4.184999942779541,64800
2004-05-06,1.7953306436538696,4.21750020980835,4.21750020980835,4.112500190734863,4.1875,44000
2004-05-07,1.7602119445800781,4.135000228881836,4.242499828338623,4.107500076293945,4.230000019073486,38000
2004-05-10,1.7038085460662842,4.002500057220459,4.127500057220459,4.0,4.127500057220459,69600
2004-05-11,1.7155158519744873,4.03000020980835,4.042500019073486,4.025000095367432,4.025000095367432,19200
2004-05-12,1.68465256690979,3.9574999809265137,4.0,3.9124999046325684,4.0,142400
2004-05-13,1.6676254272460938,3.9175000190734863,3.934999942779541,3.887500047683716,3.934999942779541,6400
2004-05-14,1.6654963493347168,3.9124999046325684,3.9749999046325684,3.7300000190734863,3.8499999046325684,35600
2004-05-17,1.6463409662246704,3.867500066757202,3.987499952316284,3.8375000953674316,3.9175000190734863,31200
2004-05-18,1.6484688520431519,3.872499942779541,3.890000104904175,3.8575000762939453,3.890000104904175,12800
2004-05-19,1.7027442455291748,4.0,4.072500228881836,3.987499952316284,3.987499952316284,100400
2004-05-20,1.6963591575622559,3.984999895095825,4.054999828338623,3.9725000858306885,4.019999980926514,54400
2004-05-21,1.664433240890503,3.9100000858306885,3.940000057220459,3.9024999141693115,3.940000057220459,6000
2004-05-24,1.6548545360565186,3.887500047683716,3.9725000858306885,3.875,3.9725000858306885,47600
2004-05-25,1.658047080039978,3.8949999809265137,3.927500009536743,3.8475000858306885,3.9149999618530273,72800
2004-05-26,1.6431479454040527,3.859999895095825,3.9100000858306885,3.8299999237060547,3.9100000858306885,26400
2004-05-27,1.699552297592163,3.992500066757202,3.994999885559082,3.9024999141693115,3.9024999141693115,24000
2004-05-28,1.6878448724746704,3.9649999141693115,3.984999895095825,3.9649999141693115,3.984999895095825,2400
2004-06-01,1.6676254272460938,3.9175000190734863,3.940000057220459,3.872499942779541,3.940000057220459,21600
2004-06-02,1.6527259349822998,3.882499933242798,3.940000057220459,3.8575000762939453,3.940000057220459,42400
2004-06-03,1.653791069984436,3.884999990463257,3.9075000286102295,3.884999990463257,3.8949999809265137,4800
2004-06-04,1.664433240890503,3.9100000858306885,3.940000057220459,3.9075000286102295,3.9075000286102295,8000
2004-06-07,1.676139235496521,3.9375,3.952500104904175,3.875,3.875,13200
2004-06-08,1.6632453203201294,3.869999885559082,3.932499885559082,3.869999885559082,3.922499895095825,8800
2004-06-09,1.6299378871917725,3.7925000190734863,3.859999895095825,3.7925000190734863,3.859999895095825,19200
2004-06-10,1.619193196296692,3.7674999237060547,3.7699999809265137,3.7325000762939453,3.75,22000
2004-06-14,1.5310888290405273,3.5625,3.690000057220459,3.555000066757202,3.690000057220459,49600
2004-06-15,1.5891087055206299,3.697499990463257,3.757499933242798,3.615000009536743,3.622499942779541,101200
2004-06-16,1.5998531579971313,3.7225000858306885,3.7249999046325684,3.672499895095825,3.700000047683716,52000
2004-06-17,1.5934067964553833,3.7074999809265137,3.755000114440918,3.640000104904175,3.755000114440918,44400
2004-06-18,1.5998531579971313,3.7225000858306885,3.765000104904175,3.7100000381469727,3.7174999713897705,16000
2004-06-21,1.6138207912445068,3.755000114440918,3.7825000286102295,3.75,3.75,6800
2004-06-22,1.6213421821594238,3.7725000381469727,3.802500009536743,3.755000114440918,3.7674999237060547,16400
2004-06-23,1.6406828165054321,3.817500114440918,3.819999933242798,3.7825000286102295,3.7899999618530273,20800
2004-06-24,1.6095235347747803,3.744999885559082,3.802500009536743,3.7149999141693115,3.802500009536743,288400
2004-06-25,1.620267391204834,3.7699999809265137,3.822499990463257,3.7300000190734863,3.822499990463257,91200
2004-06-28,1.6020013093948364,3.7274999618530273,3.7825000286102295,3.7249999046325684,3.765000104904175,31600
2004-06-29,1.5987789630889893,3.7200000286102295,3.7249999046325684,3.6700000762939453,3.702500104904175,80800
2004-06-30,1.6148946285247803,3.757499933242798,3.7725000381469727,3.692500114440918,3.700000047683716,27200
2004-07-01,1.6578733921051025,3.8575000762939453,3.865000009536743,3.7750000953674316,3.7750000953674316,8000
2004-07-02,1.6492780447006226,3.8375000953674316,3.8450000286102295,3.7725000381469727,3.7725000381469727,378000
2004-07-06,1.632086992263794,3.797499895095825,3.8299999237060547,3.7750000953674316,3.8299999237060547,22400
2004-07-07,1.6525007486343384,3.8450000286102295,3.862499952316284,3.825000047683716,3.8324999809265137,16800
2004-07-08,1.6525007486343384,3.8450000286102295,3.865000009536743,3.797499895095825,3.8125,33200
2004-07-09,1.6310126781463623,3.7950000762939453,3.8475000858306885,3.7950000762939453,3.815000057220459,31600
2004-07-12,1.6138207912445068,3.755000114440918,3.7750000953674316,3.6524999141693115,3.7750000953674316,69600
2004-07-13,1.6567988395690918,3.8550000190734863,3.862499952316284,3.757499933242798,3.757499933242798,109200
2004-07-14,1.6933305263519287,3.940000057220459,3.940000057220459,3.877500057220459,3.890000104904175,14800
2004-07-15,1.676138997077942,3.9000000953674316,3.9375,3.8949999809265137,3.9375,34800
2004-07-16,1.6567988395690918,3.8550000190734863,3.9649999141693115,3.8324999809265137,3.9000000953674316,24000
2004-07-19,1.684734582901001,3.9200000762939453,3.944999933242798,3.865000009536743,3.9075000286102295,40800
2004-07-20,1.6890320777893066,3.930000066757202,3.9375,3.8499999046325684,3.9024999141693115,22800
2004-07-21,1.811519742012024,4.215000152587891,4.21999979019165,3.9049999713897705,3.9049999713897705,131600
2004-07-22,1.7857328653335571,4.15500020980835,4.232500076293945,4.110000133514404,4.110000133514404,22800
2004-07-23,1.8222635984420776,4.239999771118164,4.262499809265137,4.105000019073486,4.105000019073486,45600
2004-07-26,1.8265618085861206,4.25,4.352499961853027,4.177499771118164,4.192500114440918,25200
2004-07-27,1.8523491621017456,4.309999942779541,4.335000038146973,4.199999809265137,4.300000190734863,43200
2004-07-28,1.8566464185714722,4.320000171661377,4.332499980926514,4.284999847412109,4.332499980926514,24800
2004-07-29,1.892102599143982,4.402500152587891,4.402500152587891,4.297500133514404,4.332499980926514,41200
2004-07-30,1.8684651851654053,4.347499847412109,4.412499904632568,4.28000020980835,4.352499961853027,56400
2004-08-02,1.8630932569503784,4.335000038146973,4.375,4.335000038146973,4.367499828338623,3200
2004-08-03,1.8931784629821777,4.40500020980835,4.409999847412109,4.320000171661377,4.320000171661377,32000
2004-08-04,1.8684651851654053,4.347499847412109,4.537499904632568,4.347499847412109,4.394999980926514,55600
2004-08-05,1.8749125003814697,4.362500190734863,4.397500038146973,4.28249979019165,4.3125,27200
2004-08-06,1.8233386278152466,4.242499828338623,4.372499942779541,4.242499828338623,4.372499942779541,17600
2004-08-09,1.8437528610229492,4.289999961853027,4.307499885559082,4.264999866485596,4.267499923706055,51600
2004-08-10,1.9361560344696045,4.505000114440918,4.505000114440918,4.25,4.25,34400
2004-08-11,1.9071452617645264,4.4375,4.462500095367432,4.357500076293945,4.460000038146973,111600
2004-08-12,1.8888801336288452,4.394999980926514,4.4375,4.355000019073486,4.4375,19200
2004-08-13,1.9297088384628296,4.489999771118164,4.505000114440918,4.420000076293945,4.420000076293945,26800
2004-08-16,1.9275593757629395,4.485000133514404,4.527500152587891,4.482500076293945,4.482500076293945,46400
2004-08-17,1.9694632291793823,4.582499980926514,4.607500076293945,4.485000133514404,4.485000133514404,9600
2004-08-18,1.9769848585128784,4.599999904632568,4.6875,4.542500019073486,4.579999923706055,60000
2004-08-19,2.037153482437134,4.739999771118164,4.807499885559082,4.637499809265137,4.637499809265137,50000
2004-08-20,2.0629405975341797,4.800000190734863,4.804999828338623,4.702499866485596,4.71750020980835,21600
2004-08-23,2.011366367340088,4.679999828338623,4.809999942779541,4.679999828338623,4.809999942779541,75600
2004-08-24,2.0049192905426025,4.664999961853027,4.71750020980835,4.652500152587891,4.652500152587891,46400
2004-08-25,2.032855272293091,4.730000019073486,4.757500171661377,4.619999885559082,4.644999980926514,33200
2004-08-26,2.0210366249084473,4.702499866485596,4.702499866485596,4.692500114440918,4.702499866485596,6800
2004-08-27,1.9995485544204712,4.652500152587891,4.710000038146973,4.627500057220459,4.707499980926514,16400
2004-08-30,1.992026686668396,4.635000228881836,4.652500152587891,4.559999942779541,4.652500152587891,11200
2004-08-31,2.01566481590271,4.690000057220459,4.690000057220459,4.547500133514404,4.625,52400
2004-09-01,2.0382277965545654,4.742499828338623,4.789999961853027,4.679999828338623,4.679999828338623,96400
2004-09-02,2.0446741580963135,4.757500171661377,4.777500152587891,4.739999771118164,4.75,11600
2004-09-03,2.024259567260742,4.710000038146973,4.75,4.710000038146973,4.747499942779541,136800
2004-09-07,2.0812063217163086,4.84250020980835,4.90749979019165,4.724999904632568,4.724999904632568,124000
2004-09-08,2.0812058448791504,4.804999828338623,4.817500114440918,4.757500171661377,4.762499809265137,197600
2004-09-09,2.0887863636016846,4.822500228881836,4.827499866485596,4.804999828338623,4.804999828338623,25200
2004-09-10,2.0898683071136475,4.824999809265137,4.824999809265137,4.804999828338623,4.817500114440918,6800
2004-09-13,2.0790395736694336,4.800000190734863,4.855000019073486,4.800000190734863,4.8125,47600
2004-09-14,2.075791835784912,4.792500019073486,4.817500114440918,4.757500171661377,4.804999828338623,14400
2004-09-15,2.0335612297058105,4.695000171661377,4.730000019073486,4.684999942779541,4.730000019073486,38000
2004-09-16,2.0747082233428955,4.789999961853027,4.789999961853027,4.6875,4.6875,63200
2004-09-17,2.08012318611145,4.802499771118164,4.802499771118164,4.702499866485596,4.775000095367432,164800
2004-09-20,2.08012318611145,4.802499771118164,4.852499961853027,4.682499885559082,4.787499904632568,65600
2004-09-21,2.0498030185699463,4.732500076293945,4.797500133514404,4.6875,4.797500133514404,78000
2004-09-22,2.0563011169433594,4.747499942779541,4.78249979019165,4.710000038146973,4.715000152587891,63200
2004-09-23,2.050886392593384,4.735000133514404,4.75,4.699999809265137,4.727499961853027,21600
2004-09-24,2.0411417484283447,4.712500095367432,4.737500190734863,4.712500095367432,4.735000133514404,10400
2004-09-27,2.015153169631958,4.652500152587891,4.71999979019165,4.650000095367432,4.662499904632568,31600
2004-09-28,2.0541350841522217,4.742499828338623,4.742499828338623,4.625,4.625,50400
2004-09-29,2.046556234359741,4.724999904632568,4.75,4.699999809265137,4.727499961853027,56800
2004-09-30,2.0822877883911133,4.807499885559082,4.807499885559082,4.712500095367432,4.712500095367432,80800
2004-10-01,2.151590347290039,4.96750020980835,5.0,4.795000076293945,4.795000076293945,146000
2004-10-04,2.206815004348755,5.09499979019165,5.102499961853027,4.90500020980835,4.927499771118164,42400
2004-10-05,2.166750192642212,5.002500057220459,5.144999980926514,5.002500057220459,5.03249979019165,70000
2004-10-06,2.216560125350952,5.117499828338623,5.117499828338623,5.017499923706055,5.017499923706055,12000
2004-10-07,2.2198078632354736,5.125,5.139999866485596,5.0625,5.0625,494000
2004-10-08,2.2707018852233887,5.242499828338623,5.28000020980835,5.162499904632568,5.162499904632568,470000
2004-10-11,2.268535852432251,5.237500190734863,5.25,5.212500095367432,5.25,212400
2004-10-12,2.303187131881714,5.317500114440918,5.322500228881836,5.224999904632568,5.224999904632568,408000
2004-10-13,2.2793643474578857,5.262499809265137,5.40500020980835,5.210000038146973,5.239999771118164,184800
2004-10-14,2.3075172901153564,5.327499866485596,5.362500190734863,5.239999771118164,5.239999771118164,51600
2004-10-15,2.2880263328552246,5.28249979019165,5.352499961853027,5.262499809265137,5.315000057220459,64800
2004-10-18,2.3313405513763428,5.382500171661377,5.389999866485596,5.349999904632568,5.357500076293945,158000
2004-10-19,2.383316993713379,5.502500057220459,5.545000076293945,5.382500171661377,5.382500171661377,683600
2004-10-20,2.4472031593322754,5.650000095367432,5.699999809265137,5.539999961853027,5.539999961853027,332400
2004-10-21,2.440706253051758,5.635000228881836,5.650000095367432,5.574999809265137,5.625,399200
2004-10-22,2.372487783432007,5.477499961853027,5.610000133514404,5.4375,5.610000133514404,50800
2004-10-25,2.396311044692993,5.53249979019165,5.599999904632568,5.487500190734863,5.539999961853027,55600
2004-10-26,2.4396238327026367,5.632500171661377,5.635000228881836,5.5,5.5,86000
2004-10-27,2.4287962913513184,5.607500076293945,5.690000057220459,5.557499885559082,5.632500171661377,55200
2004-10-28,2.408221483230591,5.559999942779541,5.692500114440918,5.53249979019165,5.607500076293945,180800
2004-10-29,2.478605270385742,5.722499847412109,5.775000095367432,5.662499904632568,5.662499904632568,108400
2004-11-01,2.6074633598327637,6.019999980926514,6.027500152587891,5.699999809265137,5.78249979019165,858400
2004-11-02,2.5988011360168457,6.0,6.042500019073486,5.949999809265137,6.019999980926514,228000
2004-11-03,2.5923025608062744,5.985000133514404,6.137499809265137,5.862500190734863,6.137499809265137,444800
2004-11-04,2.5305819511413574,5.84250020980835,6.042500019073486,5.84250020980835,6.005000114440918,374800
2004-11-05,2.6107115745544434,6.027500152587891,6.027500152587891,5.90500020980835,5.90500020980835,389600
2004-11-08,2.6107115745544434,6.027500152587891,6.054999828338623,5.962500095367432,5.962500095367432,64400
2004-11-09,2.6074633598327637,6.019999980926514,6.152500152587891,6.007500171661377,6.152500152587891,240000
2004-11-10,2.6410305500030518,6.097499847412109,6.099999904632568,6.034999847412109,6.034999847412109,318400
2004-11-11,2.7666397094726562,6.387499809265137,6.394999980926514,6.099999904632568,6.159999847412109,172800
2004-11-12,2.794793128967285,6.452499866485596,6.512499809265137,6.349999904632568,6.462500095367432,426800
2004-11-15,2.815366744995117,6.5,6.5,6.385000228881836,6.442500114440918,399200
2004-11-16,2.7547287940979004,6.360000133514404,6.675000190734863,6.212500095367432,6.675000190734863,1411200
2004-11-17,2.7124974727630615,6.262499809265137,6.422500133514404,6.25,6.422500133514404,145200
2004-11-18,2.683262586593628,6.195000171661377,6.297500133514404,6.099999904632568,6.137499809265137,117600
2004-11-19,2.7568929195404053,6.364999771118164,6.375,6.207499980926514,6.207499980926514,358000
2004-11-22,2.802372455596924,6.46999979019165,6.489999771118164,6.349999904632568,6.412499904632568,234000
2004-11-23,2.786130428314209,6.432499885559082,6.572500228881836,6.425000190734863,6.53249979019165,62800
2004-11-24,2.818615198135376,6.507500171661377,6.519999980926514,6.447500228881836,6.46999979019165,31600
2004-11-26,2.824030876159668,6.519999980926514,6.612500190734863,6.487500190734863,6.612500190734863,20800
2004-11-29,2.7839648723602295,6.427499771118164,6.5625,6.402500152587891,6.5625,557600
2004-11-30,2.750396966934204,6.349999904632568,6.432499885559082,6.300000190734863,6.427499771118164,101600
2004-12-01,2.673515796661377,6.172500133514404,6.28249979019165,6.0,6.0,825200
2004-12-02,2.6962554454803467,6.224999904632568,6.25,6.114999771118164,6.212500095367432,472800
2004-12-03,2.884666681289673,6.659999847412109,6.704999923706055,6.262499809265137,6.262499809265137,1154800
2004-12-06,2.933396339416504,6.772500038146973,6.775000095367432,6.510000228881836,6.637499809265137,1584000
2004-12-07,2.9074082374572754,6.712500095367432,6.84250020980835,6.652500152587891,6.772500038146973,4083200
2004-12-08,2.8463144302368164,6.522500038146973,6.614999771118164,6.492499828338623,6.612500190734863,1555200
2004-12-09,2.828859567642212,6.482500076293945,6.534999847412109,6.385000228881836,6.425000190734863,1178000
2004-12-10,2.851768970489502,6.534999847412109,6.565000057220459,6.400000095367432,6.547500133514404,3064400
2004-12-13,2.847404956817627,6.525000095367432,6.53249979019165,6.4375,6.487500190734863,1277200
2004-12-14,2.815767288208008,6.452499866485596,6.492499828338623,6.427499771118164,6.462500095367432,4746800
2004-12-15,2.8746790885925293,6.587500095367432,6.664999961853027,6.425000190734863,6.425000190734863,1156000
2004-12-16,2.9270448684692383,6.707499980926514,6.752500057220459,6.605000019073486,6.614999771118164,2891200
2004-12-17,3.009958267211914,6.897500038146973,6.897500038146973,6.699999809265137,6.699999809265137,886000
2004-12-20,3.136509656906128,7.1875,7.202499866485596,6.887499809265137,6.927499771118164,288400
2004-12-21,3.1037802696228027,7.112500190734863,7.357500076293945,7.054999828338623,7.1875,464400
2004-12-22,3.060142993927002,7.012499809265137,7.09250020980835,6.989999771118164,7.072500228881836,154800
2004-12-23,3.0874154567718506,7.074999809265137,7.074999809265137,6.992499828338623,7.012499809265137,88400
2004-12-27,3.0983264446258545,7.099999904632568,7.199999809265137,7.045000076293945,7.099999904632568,75200
2004-12-28,3.121236562728882,7.152500152587891,7.199999809265137,7.099999904632568,7.125,52800
2004-12-29,3.1321449279785156,7.177499771118164,7.199999809265137,7.037499904632568,7.077499866485596,119600
2004-12-30,3.1506922245025635,7.21999979019165,7.262499809265137,7.167500019073486,7.172500133514404,73200
2004-12-31,3.152874708175659,7.224999904632568,7.28249979019165,7.207499980926514,7.25,173200
2005-01-03,3.109236240386963,7.125,7.287499904632568,7.117499828338623,7.287499904632568,90800
2005-01-04,3.017594814300537,6.914999961853027,7.150000095367432,6.897500038146973,7.099999904632568,328400
2005-01-05,3.0546860694885254,7.0,7.0625,6.900000095367432,6.900000095367432,158400
2005-01-06,3.120145559310913,7.150000095367432,7.150000095367432,7.03000020980835,7.045000076293945,252400
2005-01-07,3.128873825073242,7.170000076293945,7.269999980926514,7.15500020980835,7.242499828338623,96000
2005-01-10,3.1081438064575195,7.122499942779541,7.177499771118164,7.039999961853027,7.125,130800
2005-01-11,3.09505295753479,7.09250020980835,7.197500228881836,7.072500228881836,7.122499942779541,134400
2005-01-12,3.152874708175659,7.224999904632568,7.340000152587891,7.207499980926514,7.237500190734863,194400
2005-01-13,3.110325813293457,7.127500057220459,7.222499847412109,7.042500019073486,7.215000152587891,185600
2005-01-14,3.0917792320251465,7.085000038146973,7.085000038146973,6.987500190734863,7.045000076293945,103200
2005-01-18,3.0819616317749023,7.0625,7.065000057220459,6.947500228881836,6.962500095367432,142800
2005-01-19,3.1223249435424805,7.15500020980835,7.175000190734863,7.072500228881836,7.099999904632568,98400
2005-01-20,3.1343297958374023,7.182499885559082,7.242499828338623,7.112500190734863,7.125,120400
2005-01-21,3.1856014728546143,7.300000190734863,7.307499885559082,7.137499809265137,7.137499809265137,123600
2005-01-24,3.117964267730713,7.144999980926514,7.324999809265137,7.135000228881836,7.320000171661377,109600
2005-01-25,3.0743257999420166,7.045000076293945,7.079999923706055,6.962500095367432,7.079999923706055,114000
2005-01-26,3.1223249435424805,7.15500020980835,7.192500114440918,7.0625,7.0625,162800
2005-01-27,3.1343297958374023,7.182499885559082,7.199999809265137,7.065000057220459,7.152500152587891,312000
2005-01-28,3.0961434841156006,7.09499979019165,7.184999942779541,7.09499979019165,7.162499904632568,65200
2005-01-31,3.0546860694885254,7.0,7.074999809265137,6.942500114440918,7.074999809265137,208000
2005-02-01,3.0361411571502686,6.957499980926514,7.099999904632568,6.952499866485596,6.989999771118164,146400
2005-02-02,2.985957145690918,6.84250020980835,6.940000057220459,6.829999923706055,6.940000057220459,283200
2005-02-03,2.9870476722717285,6.84499979019165,7.012499809265137,6.824999809265137,6.84250020980835,124800
2005-02-04,3.0154130458831787,6.909999847412109,6.945000171661377,6.822500228881836,6.847499847412109,69600
2005-02-07,3.0546860694885254,7.0,7.012499809265137,6.787499904632568,6.855000019073486,84400
2005-02-08,3.0470495223999023,6.982500076293945,7.050000190734863,6.889999866485596,7.050000190734863,95200
2005-02-09,3.0350513458251953,6.954999923706055,6.96999979019165,6.875,6.920000076293945,113600
2005-02-10,3.0361411571502686,6.957499980926514,7.019999980926514,6.957499980926514,7.012499809265137,185200
2005-02-11,3.066688299179077,7.027500152587891,7.03000020980835,6.927499771118164,6.949999809265137,392800
2005-02-14,3.1517832279205322,7.222499847412109,7.222499847412109,6.992499828338623,7.027500152587891,118400
2005-02-15,3.184511184692383,7.297500133514404,7.302499771118164,7.15500020980835,7.202499866485596,182400
2005-02-16,3.229241132736206,7.400000095367432,7.420000076293945,7.235000133514404,7.235000133514404,268000
2005-02-17,3.2106945514678955,7.357500076293945,7.494999885559082,7.242499828338623,7.494999885559082,166000
2005-02-18,3.1932387351989746,7.317500114440918,7.46999979019165,7.267499923706055,7.417500019073486,104000
2005-02-22,3.261970043182373,7.474999904632568,7.474999904632568,7.347499847412109,7.347499847412109,166000
2005-02-23,3.23142147064209,7.40500020980835,7.474999904632568,7.349999904632568,7.409999847412109,214800
2005-02-24,3.1866936683654785,7.302499771118164,7.372499942779541,7.264999866485596,7.372499942779541,610400
2005-02-25,3.1976029872894287,7.327499866485596,7.347499847412109,7.224999904632568,7.337500095367432,549200
2005-02-28,3.25215220451355,7.452499866485596,7.477499961853027,7.320000171661377,7.320000171661377,135200
2005-03-01,3.3187003135681152,7.605000019073486,7.664999961853027,7.477499961853027,7.477499961853027,628800
2005-03-02,3.3394277095794678,7.652500152587891,7.695000171661377,7.485000133514404,7.630000114440918,119200
2005-03-03,3.3481557369232178,7.672500133514404,7.682499885559082,7.53249979019165,7.625,239200
2005-03-04,3.4234323501586914,7.84499979019165,7.877500057220459,7.6875,7.6875,273600
2005-03-07,3.383065700531006,7.752500057220459,7.885000228881836,7.710000038146973,7.885000228881836,118800
2005-03-08,3.4637975692749023,7.9375,8.0,7.8125,7.8125,101200
2005-03-09,3.4212496280670166,7.840000152587891,7.987500190734863,7.829999923706055,7.882500171661377,118400
2005-03-10,3.360156297683716,7.699999809265137,7.869999885559082,7.699999809265137,7.829999923706055,80800
2005-03-11,3.383065700531006,7.752500057220459,7.802499771118164,7.724999904632568,7.724999904632568,104000
2005-03-14,3.363429307937622,7.707499980926514,7.767499923706055,7.65749979019165,7.752500057220459,101600
2005-03-15,3.3568837642669678,7.692500114440918,7.775000095367432,7.659999847412109,7.737500190734863,29600
2005-03-16,3.3121538162231445,7.590000152587891,7.760000228881836,7.554999828338623,7.75,146800
2005-03-17,3.412522077560425,7.820000171661377,7.832499980926514,7.590000152587891,7.590000152587891,268400
2005-03-18,3.3568837642669678,7.692500114440918,7.954999923706055,7.670000076293945,7.849999904632568,249600
2005-03-21,3.379793405532837,7.744999885559082,8.074999809265137,7.632500171661377,8.050000190734863,2616000
2005-03-22,3.4081592559814453,7.809999942779541,7.857500076293945,7.737500190734863,7.775000095367432,790800
2005-03-23,3.42234206199646,7.84250020980835,7.90500020980835,7.739999771118164,7.762499809265137,901600
2005-03-24,3.391793727874756,7.772500038146973,7.880000114440918,7.747499942779541,7.880000114440918,650000
2005-03-28,3.3907034397125244,7.769999980926514,7.784999847412109,7.659999847412109,7.784999847412109,475600
2005-03-29,3.304516077041626,7.572500228881836,7.835000038146973,7.525000095367432,7.820000171661377,564800
2005-03-30,3.3427019119262695,7.659999847412109,7.659999847412109,7.505000114440918,7.574999809265137,558000
2005-03-31,3.3612475395202637,7.702499866485596,7.757500171661377,7.677499771118164,7.722499847412109,741600
2005-04-01,3.328517436981201,7.627500057220459,7.764999866485596,7.582499980926514,7.764999866485596,330000
2005-04-04,3.3132450580596924,7.59250020980835,7.625,7.539999961853027,7.625,383200
2005-04-05,3.311063289642334,7.587500095367432,7.614999771118164,7.554999828338623,7.612500190734863,514000
2005-04-06,3.293606996536255,7.547500133514404,7.625,7.449999809265137,7.625,338800
2005-04-07,3.3023362159729004,7.567500114440918,7.622499942779541,7.539999961853027,7.5625,468800
2005-04-08,3.273970127105713,7.502500057220459,7.574999809265137,7.502500057220459,7.565000057220459,445600
2005-04-11,3.3121538162231445,7.590000152587891,7.602499961853027,7.429999828338623,7.5,518800
2005-04-12,3.2946972846984863,7.550000190734863,7.637499809265137,7.519999980926514,7.637499809265137,312800
2005-04-13,3.2881524562835693,7.534999847412109,7.610000133514404,7.485000133514404,7.537499904632568,705600
2005-04-14,3.2892439365386963,7.537499904632568,7.5625,7.477499961853027,7.5,310400
2005-04-15,3.2346951961517334,7.412499904632568,7.572500228881836,7.397500038146973,7.527500152587891,184000
2005-04-18,3.1976029872894287,7.327499866485596,7.389999866485596,7.255000114440918,7.362500190734863,232400
2005-04-19,3.172511577606201,7.269999980926514,7.287499904632568,7.117499828338623,7.204999923706055,1430800
2005-04-20,3.196512460708618,7.324999809265137,7.324999809265137,7.224999904632568,7.224999904632568,555200
2005-04-21,3.196512460708618,7.324999809265137,7.324999809265137,7.25,7.324999809265137,232400
2005-04-22,3.1779654026031494,7.28249979019165,7.362500190734863,7.25,7.300000190734863,153200
2005-04-25,3.1517832279205322,7.222499847412109,7.267499923706055,7.132500171661377,7.257500171661377,370800
2005-04-26,3.1637818813323975,7.25,7.295000076293945,7.159999847412109,7.159999847412109,646000
2005-04-27,3.181239604949951,7.289999961853027,7.289999961853027,7.159999847412109,7.1875,299200
2005-04-28,3.180148124694824,7.287499904632568,7.425000190734863,7.255000114440918,7.255000114440918,174400
2005-04-29,3.264151096343994,7.480000019073486,7.480000019073486,7.389999866485596,7.392499923706055,488400
2005-05-02,3.2194230556488037,7.377500057220459,7.514999866485596,7.369999885559082,7.485000133514404,1491600
2005-05-03,3.172511577606201,7.269999980926514,7.322500228881836,7.25,7.322500228881836,329600
2005-05-04,3.336155652999878,7.644999980926514,7.662499904632568,7.289999961853027,7.289999961853027,1243600
2005-05-05,3.397249937057495,7.784999847412109,7.820000171661377,7.632500171661377,7.670000076293945,371600
2005-05-06,3.4910709857940674,8.0,8.0,7.797500133514404,7.797500133514404,345200
2005-05-09,3.5270750522613525,8.082500457763672,8.170000076293945,8.020000457763672,8.042499542236328,244000
2005-05-10,3.531437635421753,8.092499732971191,8.172499656677246,8.02750015258789,8.125,208000
2005-05-11,3.4637975692749023,7.9375,8.0625,7.769999980926514,8.0625,529200
2005-05-12,3.492161750793457,8.0024995803833,8.024999618530273,7.909999847412109,7.925000190734863,326000
2005-05-13,3.4517972469329834,7.909999847412109,7.962500095367432,7.867499828338623,7.962500095367432,200000
2005-05-16,3.4583418369293213,7.925000190734863,7.925000190734863,7.852499961853027,7.869999885559082,189200
2005-05-17,3.43979549407959,7.882500171661377,7.925000190734863,7.84499979019165,7.925000190734863,110400
2005-05-18,3.4419784545898438,7.887499809265137,7.914999961853027,7.849999904632568,7.914999961853027,118000
2005-05-19,3.4583418369293213,7.925000190734863,7.940000057220459,7.885000228881836,7.900000095367432,94800
2005-05-20,3.440887689590454,7.885000228881836,7.945000171661377,7.860000133514404,7.920000076293945,198800
2005-05-23,3.545618772506714,8.125,8.149999618530273,7.9375,7.980000019073486,403200
2005-05-24,3.4747068881988525,7.962500095367432,8.072500228881836,7.902500152587891,8.032500267028809,253200
2005-05-25,3.43979549407959,7.882500171661377,7.987500190734863,7.882500171661377,7.977499961853027,287600
2005-05-26,3.4507060050964355,7.90749979019165,7.9375,7.804999828338623,7.837500095367432,266000
2005-05-27,3.489980936050415,7.997499942779541,8.024999618530273,7.927499771118164,7.945000171661377,174000
2005-05-31,3.496525764465332,8.012499809265137,8.09749984741211,7.974999904632568,8.024999618530273,498800
2005-06-01,3.512890100479126,8.050000190734863,8.1274995803833,8.005000114440918,8.02750015258789,358400
2005-06-02,3.5085256099700928,8.039999961853027,8.074999809265137,8.007499694824219,8.074999809265137,255200
2005-06-03,3.5052525997161865,8.032500267028809,8.0649995803833,8.005000114440918,8.029999732971191,164000
2005-06-06,3.5270750522613525,8.082500457763672,8.082500457763672,7.977499961853027,8.082500457763672,284800
2005-06-07,3.565255880355835,8.170000076293945,8.170000076293945,8.069999694824219,8.109999656677246,206800
2005-06-08,3.5784285068511963,8.149999618530273,8.1850004196167,8.104999542236328,8.175000190734863,240400
2005-06-09,3.6772196292877197,8.375,8.392499923706055,8.112500190734863,8.15999984741211,463600
2005-06-10,3.7035651206970215,8.4350004196167,8.662500381469727,8.420000076293945,8.4375,334000
2005-06-13,3.705758810043335,8.4399995803833,8.4399995803833,8.300000190734863,8.332500457763672,320400
2005-06-14,3.6860005855560303,8.395000457763672,8.482500076293945,8.387499809265137,8.457500457763672,261600
2005-06-15,3.704662322998047,8.4375,8.557499885559082,8.430000305175781,8.512499809265137,394800
2005-06-16,3.7485690116882324,8.537500381469727,8.545000076293945,8.4375,8.4375,356000
2005-06-17,3.750763416290283,8.542499542236328,8.5649995803833,8.425000190734863,8.5649995803833,360000
2005-06-20,3.733200788497925,8.5024995803833,8.602499961853027,8.482500076293945,8.602499961853027,766800
2005-06-21,3.795769453048706,8.645000457763672,8.647500038146973,8.484999656677246,8.53499984741211,407200
2005-06-22,3.81113600730896,8.680000305175781,8.727499961853027,8.657500267028809,8.71500015258789,417600
2005-06-23,3.81333327293396,8.6850004196167,8.782500267028809,8.680000305175781,8.717499732971191,200000
2005-06-24,3.835284948348999,8.734999656677246,8.800000190734863,8.604999542236328,8.692500114440918,507600
2005-06-27,3.774914026260376,8.59749984741211,8.75,8.547499656677246,8.75,339600
2005-06-28,3.822112798690796,8.704999923706055,8.732500076293945,8.587499618530273,8.600000381469727,307600
2005-06-29,3.8166253566741943,8.692500114440918,8.72249984741211,8.625,8.710000038146973,342000
2005-06-30,3.733200788497925,8.5024995803833,8.710000038146973,8.479999542236328,8.710000038146973,528400
2005-07-01,3.781498908996582,8.612500190734863,8.662500381469727,8.5649995803833,8.5649995803833,160400
2005-07-05,3.704662322998047,8.4375,8.467499732971191,8.362500190734863,8.467499732971191,469600
2005-07-06,3.725515842437744,8.484999656677246,8.602499961853027,8.390000343322754,8.460000038146973,511600
2005-07-07,3.7793033123016357,8.607500076293945,8.672499656677246,8.4375,8.475000381469727,383200
2005-07-08,3.812234401702881,8.682499885559082,8.742500305175781,8.592499732971191,8.625,253200
2005-07-11,3.850653886795044,8.770000457763672,8.835000038146973,8.6899995803833,8.739999771118164,321200
2005-07-12,3.8572375774383545,8.78499984741211,8.867500305175781,8.774999618530273,8.822500228881836,199200
2005-07-13,3.8144290447235107,8.6875,8.774999618530273,8.619999885559082,8.770000457763672,233200
2005-07-14,3.729907512664795,8.494999885559082,8.772500038146973,8.46500015258789,8.772500038146973,260000
2005-07-15,3.782597064971924,8.614999771118164,8.654999732971191,8.477499961853027,8.512499809265137,154000
2005-07-18,3.749666690826416,8.539999961853027,8.770000457763672,8.477499961853027,8.757499694824219,275200
2005-07-19,3.8363828659057617,8.737500190734863,8.737500190734863,8.522500038146973,8.585000038146973,248400
2005-07-20,3.749666690826416,8.539999961853027,8.737500190734863,8.512499809265137,8.725000381469727,431600
2005-07-21,3.67612361907959,8.3725004196167,8.572500228881836,8.329999923706055,8.572500228881836,415600
2005-07-22,3.7562527656555176,8.555000305175781,8.5600004196167,8.317500114440918,8.337499618530273,286000
2005-07-25,3.7167365550994873,8.46500015258789,8.609999656677246,8.40999984741211,8.609999656677246,432800
2005-07-26,3.7266151905059814,8.487500190734863,8.487500190734863,8.380000114440918,8.449999809265137,368800
2005-07-27,3.844069004058838,8.755000114440918,8.770000457763672,8.457500457763672,8.487500190734863,288400
2005-07-28,3.850653886795044,8.770000457763672,8.835000038146973,8.704999923706055,8.75,301200
2005-07-29,3.8308944702148438,8.725000381469727,8.800000190734863,8.637499809265137,8.774999618530273,312400
2005-08-01,3.858335256576538,8.787500381469727,8.8125,8.75,8.787500381469727,183600
2005-08-02,3.9274911880493164,8.944999694824219,9.039999961853027,8.8774995803833,8.8774995803833,792800
2005-08-03,3.9724948406219482,9.047499656677246,9.0625,8.822500228881836,8.930000305175781,380000
2005-08-04,3.9922537803649902,9.092499732971191,9.147500038146973,9.012499809265137,9.055000305175781,197200
2005-08-05,3.9373698234558105,8.967499732971191,9.072500228881836,8.904999732971191,9.072500228881836,472000
2005-08-08,3.9911539554595947,9.09000015258789,9.112500190734863,8.957500457763672,9.047499656677246,255200
2005-08-09,3.977984666824341,9.0600004196167,9.102499961853027,8.989999771118164,9.09000015258789,236000
2005-08-10,4.006523132324219,9.125,9.147500038146973,9.0600004196167,9.117500305175781,244400
2005-08-11,4.106410980224609,9.352499961853027,9.354999542236328,9.180000305175781,9.1875,162000
2005-08-12,4.048234939575195,9.220000267028809,9.385000228881836,9.170000076293945,9.359999656677246,390400
2005-08-15,4.0570149421691895,9.239999771118164,9.262499809265137,9.09000015258789,9.262499809265137,290000
2005-08-16,4.03396463394165,9.1875,9.25,9.0,9.142499923706055,364400
2005-08-17,3.9373698234558105,8.967499732971191,9.170000076293945,8.930000305175781,9.09749984741211,404400
2005-08-18,3.8528475761413574,8.774999618530273,8.927499771118164,8.71500015258789,8.927499771118164,375600
2005-08-19,3.960421562194824,9.020000457763672,9.020000457763672,8.779999732971191,8.779999732971191,351200
2005-08-22,4.0240864753723145,9.164999961853027,9.197500228881836,9.045000076293945,9.069999694824219,360000
2005-08-23,3.998838424682617,9.107500076293945,9.234999656677246,9.092499732971191,9.204999923706055,377600
2005-08-24,4.0131096839904785,9.140000343322754,9.220000267028809,9.130000114440918,9.132499694824219,232400
2005-08-25,4.008719444274902,9.130000114440918,9.1850004196167,9.079999923706055,9.1850004196167,113600
2005-08-26,4.026281833648682,9.170000076293945,9.22249984741211,9.074999809265137,9.085000038146973,322000
2005-08-29,3.9757890701293945,9.055000305175781,9.204999923706055,9.020000457763672,9.199999809265137,246000
2005-08-30,3.9944493770599365,9.09749984741211,9.107500076293945,8.982500076293945,9.022500038146973,264000
2005-08-31,4.055917739868164,9.237500190734863,9.237500190734863,9.085000038146973,9.125,181200
2005-09-01,4.121779918670654,9.387499809265137,9.462499618530273,9.212499618530273,9.212499618530273,281200
2005-09-02,4.136049270629883,9.420000076293945,9.47249984741211,9.260000228881836,9.354999542236328,281200
2005-09-06,4.1558074951171875,9.46500015258789,9.517499923706055,9.40250015258789,9.5,204800
2005-09-07,4.178981304168701,9.467499732971191,9.475000381469727,9.352499961853027,9.46500015258789,225600
2005-09-08,4.193326950073242,9.5,9.507499694824219,9.412500381469727,9.460000038146973,280400
2005-09-09,4.172360420227051,9.452500343322754,9.5625,9.432499885559082,9.524999618530273,890400
2005-09-12,4.174567222595215,9.457500457763672,9.460000038146973,9.390000343322754,9.460000038146973,294000
2005-09-13,4.249606132507324,9.6274995803833,9.664999961853027,9.507499694824219,9.507499694824219,169600
2005-09-14,4.306986331939697,9.757499694824219,9.779999732971191,9.65250015258789,9.65999984741211,218000
2005-09-15,4.300368309020996,9.742500305175781,9.78499984741211,9.592499732971191,9.744999885559082,310400
2005-09-16,4.3411946296691895,9.835000038146973,9.984999656677246,9.807499885559082,9.807499885559082,252400
2005-09-19,4.406302452087402,9.982500076293945,10.079999923706055,9.8100004196167,9.835000038146973,812400
2005-09-20,4.3709917068481445,9.90250015258789,10.074999809265137,9.869999885559082,10.074999809265137,326000
2005-09-21,4.394164085388184,9.954999923706055,10.02750015258789,9.897500038146973,9.917499542236328,332400
2005-09-22,4.433891773223877,10.045000076293945,10.082500457763672,9.930000305175781,10.0,206800
2005-09-23,4.553069591522217,10.3149995803833,10.359999656677246,10.020000457763672,10.029999732971191,254000
2005-09-26,4.443823337554932,10.067500114440918,10.364999771118164,9.975000381469727,10.364999771118164,504800
2005-09-27,4.439408779144287,10.057499885559082,10.112500190734863,10.024999618530273,10.042499542236328,262800
2005-09-28,4.362164497375488,9.882499694824219,10.100000381469727,9.800000190734863,10.100000381469727,217600
2005-09-29,4.400786399841309,9.970000267028809,10.037500381469727,9.824999809265137,9.944999694824219,286400
2005-09-30,4.495687484741211,10.1850004196167,10.237500190734863,9.942500114440918,9.982500076293945,159200
2005-10-03,4.482445240020752,10.154999732971191,10.194999694824219,10.015000343322754,10.157500267028809,480000
2005-10-04,4.419543743133545,10.012499809265137,10.137499809265137,9.962499618530273,10.125,248800
2005-10-05,4.283812999725342,9.704999923706055,10.015000343322754,9.609999656677246,10.015000343322754,348400
2005-10-06,4.266157150268555,9.664999961853027,9.732500076293945,9.430000305175781,9.617500305175781,377600
2005-10-07,4.340091705322266,9.832500457763672,9.9399995803833,9.619999885559082,9.619999885559082,157600
2005-10-10,4.376509666442871,9.914999961853027,9.962499618530273,9.782500267028809,9.962499618530273,129200
2005-10-11,4.384233474731445,9.932499885559082,10.0625,9.932499885559082,10.012499809265137,548800
2005-10-12,4.380924701690674,9.925000190734863,10.095000267028809,9.842499732971191,10.050000190734863,1407600
2005-10-13,4.363266468048096,9.885000228881836,9.9350004196167,9.762499809265137,9.837499618530273,719600
2005-10-14,4.309196472167969,9.762499809265137,9.867500305175781,9.727499961853027,9.845000267028809,146400
2005-10-17,4.324643135070801,9.797499656677246,9.822500228881836,9.7524995803833,9.755000114440918,260400
2005-10-18,4.33457612991333,9.819999694824219,9.892499923706055,9.675000190734863,9.739999771118164,287200
2005-10-19,4.1756696701049805,9.460000038146973,9.770000457763672,9.3774995803833,9.770000457763672,385600
2005-10-20,4.1061482429504395,9.302499771118164,9.5625,9.302499771118164,9.425000190734863,429600
2005-10-21,4.0642170906066895,9.207500457763672,9.345000267028809,9.142499923706055,9.317500114440918,579600
2005-10-24,4.222017765045166,9.5649995803833,9.5649995803833,9.270000457763672,9.270000457763672,318400
2005-10-25,4.291537761688232,9.72249984741211,9.824999809265137,9.670000076293945,9.675000190734863,282800
2005-10-26,4.265054702758789,9.662500381469727,9.890000343322754,9.6274995803833,9.762499809265137,294400
2005-10-27,4.245194435119629,9.617500305175781,9.827500343322754,9.567500114440918,9.662500381469727,166800
2005-10-28,4.169050216674805,9.444999694824219,9.72249984741211,9.427499771118164,9.680000305175781,656000
2005-10-31,4.160221576690674,9.425000190734863,9.524999618530273,9.375,9.46500015258789,488400
2005-11-01,4.1778788566589355,9.46500015258789,9.567500114440918,9.3774995803833,9.392499923706055,303600
2005-11-02,4.150291442871094,9.40250015258789,9.5,9.399999618530273,9.5,220400
2005-11-03,4.080769062042236,9.244999885559082,9.417499542236328,9.082500457763672,9.40250015258789,392000
2005-11-04,4.10945987701416,9.3100004196167,9.354999542236328,9.274999618530273,9.300000190734863,270400
2005-11-07,4.199947357177734,9.515000343322754,9.517499923706055,9.327500343322754,9.390000343322754,295600
2005-11-08,4.1061482429504395,9.302499771118164,9.479999542236328,9.279999732971191,9.479999542236328,174000
2005-11-09,4.091803073883057,9.270000457763672,9.407500267028809,9.149999618530273,9.317500114440918,388000
2005-11-10,4.105044364929199,9.300000190734863,9.399999618530273,9.232500076293945,9.399999618530273,530800
2005-11-11,4.239673137664795,9.604999542236328,9.612500190734863,9.300000190734863,9.300000190734863,231600
2005-11-14,4.329057693481445,9.807499885559082,9.899999618530273,9.614999771118164,9.65999984741211,418800
2005-11-15,4.192223072052002,9.4975004196167,9.770000457763672,9.484999656677246,9.770000457763672,362400
2005-11-16,4.0829758644104,9.25,9.582500457763672,9.164999961853027,9.5,1397600
2005-11-17,4.129323959350586,9.354999542236328,9.404999732971191,9.272500038146973,9.354999542236328,382800
2005-11-18,4.094012260437012,9.274999618530273,9.412500381469727,9.274999618530273,9.367500305175781,167200
2005-11-21,4.1061482429504395,9.302499771118164,9.397500038146973,9.274999618530273,9.3100004196167,264800
2005-11-22,4.095113754272461,9.27750015258789,9.350000381469727,9.234999656677246,9.295000076293945,219200
2005-11-23,4.1271162033081055,9.350000381469727,9.385000228881836,9.287500381469727,9.295000076293945,231600
2005-11-25,4.287127494812012,9.712499618530273,9.727499961853027,9.619999885559082,9.625,152800
2005-11-28,4.276089191436768,9.6875,9.712499618530273,9.5649995803833,9.692500114440918,238400
2005-11-29,4.216500282287598,9.552499771118164,9.782500267028809,9.492500305175781,9.734999656677246,201600
2005-11-30,4.226430892944336,9.574999809265137,9.645000457763672,9.4975004196167,9.567500114440918,417600
2005-12-01,4.183395862579346,9.477499961853027,9.595000267028809,9.350000381469727,9.574999809265137,422400
2005-12-02,4.171255111694336,9.449999809265137,9.492500305175781,9.40999984741211,9.492500305175781,257200
2005-12-05,4.102839946746826,9.295000076293945,9.422499656677246,9.25,9.3725004196167,1027600
2005-12-06,4.10945987701416,9.3100004196167,9.369999885559082,9.265000343322754,9.282500267028809,713600
2005-12-07,4.19686222076416,9.447500228881836,9.449999809265137,9.192500114440918,9.27750015258789,1064800
2005-12-08,4.174652099609375,9.397500038146973,9.47249984741211,9.282500267028809,9.422499656677246,823200
2005-12-09,4.175759792327881,9.399999618530273,9.4375,9.369999885559082,9.397500038146973,648400
2005-12-12,4.203525066375732,9.462499618530273,9.462499618530273,9.34000015258789,9.449999809265137,2140000
2005-12-13,4.179094314575195,9.407500267028809,9.442500114440918,9.337499618530273,9.427499771118164,237200
2005-12-14,4.204636573791504,9.46500015258789,9.475000381469727,9.385000228881836,9.397500038146973,208800
2005-12-15,4.24683952331543,9.5600004196167,9.569999694824219,9.422499656677246,9.422499656677246,184400
2005-12-16,4.291261196136475,9.65999984741211,9.725000381469727,9.600000381469727,9.702500343322754,257200
2005-12-19,4.270161151885986,9.612500190734863,9.824999809265137,9.552499771118164,9.779999732971191,445200
2005-12-20,4.220184803009033,9.5,9.680000305175781,9.5,9.675000190734863,215600
2005-12-21,4.240174293518066,9.545000076293945,9.604999542236328,9.482500076293945,9.52750015258789,205200
2005-12-22,4.272383213043213,9.617500305175781,9.664999961853027,9.52750015258789,9.607500076293945,150000
2005-12-23,4.380107402801514,9.859999656677246,9.859999656677246,9.637499809265137,9.637499809265137,239600
2005-12-27,4.3545637130737305,9.802499771118164,9.90999984741211,9.765000343322754,9.869999885559082,164400
2005-12-28,4.441189765930176,9.9975004196167,10.225000381469727,9.779999732971191,9.819999694824219,386400
2005-12-29,4.511153697967529,10.154999732971191,10.199999809265137,9.992500305175781,9.992500305175781,221200
2005-12-30,4.47117280960083,10.0649995803833,10.145000457763672,9.984999656677246,10.109999656677246,139600
2006-01-03,4.586673736572266,10.324999809265137,10.375,10.09000015258789,10.114999771118164,206400
2006-01-04,4.572235584259033,10.292499542236328,10.422499656677246,10.1899995803833,10.34749984741211,178000
2006-01-05,4.526703357696533,10.1899995803833,10.305000305175781,10.142499923706055,10.194999694824219,222000
2006-01-06,4.5400309562683105,10.220000267028809,10.232500076293945,10.100000381469727,10.162500381469727,344800
2006-01-09,4.380107402801514,9.859999656677246,10.107500076293945,9.84749984741211,10.107500076293945,306400
2006-01-10,4.343459606170654,9.77750015258789,9.930000305175781,9.762499809265137,9.859999656677246,208000
2006-01-11,4.490053176879883,10.107500076293945,10.140000343322754,9.862500190734863,9.862500190734863,335600
2006-01-12,4.432302951812744,9.977499961853027,10.167499542236328,9.904999732971191,10.114999771118164,232000
2006-01-13,4.4056501388549805,9.917499542236328,10.067500114440918,9.875,10.0600004196167,139600
2006-01-17,4.193531513214111,9.4399995803833,9.787500381469727,9.4375,9.787500381469727,462800
2006-01-18,4.13800048828125,9.3149995803833,9.470000267028809,9.260000228881836,9.3149995803833,407600
2006-01-19,4.247950077056885,9.5625,9.6225004196167,9.350000381469727,9.350000381469727,261600
2006-01-20,4.237952709197998,9.539999961853027,9.697500228881836,9.454999923706055,9.630000114440918,210000
2006-01-23,4.280155658721924,9.635000228881836,9.654999732971191,9.542499542236328,9.542499542236328,142000
2006-01-24,4.205747604370117,9.467499732971191,9.59000015258789,9.3125,9.59000015258789,431600
2006-01-25,4.194641590118408,9.442500114440918,9.577500343322754,9.3774995803833,9.460000038146973,133200
2006-01-26,4.200192928314209,9.454999923706055,9.542499542236328,9.404999732971191,9.404999732971191,99200
2006-01-27,4.205747604370117,9.467499732971191,9.505000114440918,9.432499885559082,9.46500015258789,112800
2006-01-30,4.267939567565918,9.607500076293945,9.625,9.454999923706055,9.46500015258789,205600
2006-01-31,4.367889881134033,9.832500457763672,9.837499618530273,9.552499771118164,9.574999809265137,220400
2006-02-01,4.2923736572265625,9.662500381469727,9.802499771118164,9.632499694824219,9.802499771118164,138400
2006-02-02,4.267939567565918,9.607500076293945,9.670000076293945,9.454999923706055,9.600000381469727,285600
2006-02-03,4.24683952331543,9.5600004196167,9.5600004196167,9.460000038146973,9.557499885559082,388800
2006-02-06,4.305697917938232,9.692500114440918,9.787500381469727,9.492500305175781,9.492500305175781,294400
2006-02-07,4.277932643890381,9.630000114440918,9.800000190734863,9.5625,9.729999542236328,201600
2006-02-08,4.2457275390625,9.557499885559082,9.640000343322754,9.444999694824219,9.577500343322754,171600
2006-02-09,4.184646129608154,9.420000076293945,9.5649995803833,9.407500267028809,9.545000076293945,161200
2006-02-10,4.095799922943115,9.220000267028809,9.449999809265137,9.180000305175781,9.4350004196167,319200
2006-02-13,4.068036079406738,9.157500267028809,9.220000267028809,9.09749984741211,9.162500381469727,379200
2006-02-14,4.164655685424805,9.375,9.3774995803833,9.207500457763672,9.207500457763672,160000
2006-02-15,4.199084281921387,9.452500343322754,9.4975004196167,9.324999809265137,9.3725004196167,186000
2006-02-16,4.223515510559082,9.507499694824219,9.587499618530273,9.442500114440918,9.452500343322754,242000
2006-02-17,4.205747604370117,9.467499732971191,9.552499771118164,9.307499885559082,9.52750015258789,428800
2006-02-21,4.215742588043213,9.489999771118164,9.5024995803833,9.387499809265137,9.404999732971191,240400
2006-02-22,4.167988300323486,9.382499694824219,9.4975004196167,9.369999885559082,9.470000267028809,151200
2006-02-23,4.074698448181152,9.172499656677246,9.329999923706055,9.172499656677246,9.329999923706055,206800
2006-02-24,4.112457275390625,9.257499694824219,9.27750015258789,9.140000343322754,9.162500381469727,95200
2006-02-27,4.237952709197998,9.539999961853027,9.587499618530273,9.262499809265137,9.262499809265137,684400
2006-02-28,4.315693378448486,9.71500015258789,9.757499694824219,9.5,9.5,1053600
2006-03-01,4.4367475509643555,9.987500190734863,10.0,9.667499542236328,9.6899995803833,906800
2006-03-02,4.486722469329834,10.100000381469727,10.305000305175781,9.930000305175781,10.024999618530273,1094800
2006-03-03,4.480061054229736,10.085000038146973,10.102499961853027,9.897500038146973,10.037500381469727,204000
2006-03-06,4.511153697967529,10.154999732971191,10.197500228881836,9.989999771118164,10.022500038146973,335200
2006-03-07,4.464509963989258,10.050000190734863,10.237500190734863,9.947500228881836,10.104999542236328,384000
2006-03-08,4.466968059539795,9.994999885559082,10.007499694824219,9.90999984741211,9.957500457763672,174800
2006-03-09,4.526186943054199,10.1274995803833,10.142499923706055,9.962499618530273,9.962499618530273,194000
2006-03-10,4.534007549285889,10.145000457763672,10.197500228881836,10.042499542236328,10.107500076293945,137200
2006-03-13,4.535123348236084,10.147500038146973,10.15999984741211,10.074999809265137,10.107500076293945,82400
2006-03-14,4.469203472137451,10.0,10.107500076293945,9.982500076293945,10.100000381469727,168800
2006-03-15,4.500487804412842,10.069999694824219,10.137499809265137,9.979999542236328,9.979999542236328,98800
2006-03-16,4.56305456161499,10.210000038146973,10.217499732971191,9.984999656677246,10.0625,563200
2006-03-17,4.459145545959473,9.977499961853027,10.147500038146973,9.977499961853027,10.147500038146973,295200
2006-03-20,4.508307933807373,10.087499618530273,10.117500305175781,9.882499694824219,9.977499961853027,344400
2006-03-21,4.504955291748047,10.079999923706055,10.102499961853027,10.0024995803833,10.050000190734863,210800
2006-03-22,4.487080097198486,10.039999961853027,10.1225004196167,9.952500343322754,10.029999732971191,74400
2006-03-23,4.439034938812256,9.932499885559082,10.010000228881836,9.857500076293945,9.984999656677246,100000
2006-03-24,4.4759063720703125,10.015000343322754,10.039999961853027,9.842499732971191,9.875,114000
2006-03-27,4.3898749351501465,9.822500228881836,10.010000228881836,9.800000190734863,9.920000076293945,290000
2006-03-28,4.40663480758667,9.859999656677246,9.942500114440918,9.789999961853027,9.797499656677246,102000
2006-03-29,4.374234199523926,9.787500381469727,9.9350004196167,9.782500267028809,9.832500457763672,102000
2006-03-30,4.339597702026367,9.710000038146973,9.864999771118164,9.65250015258789,9.850000381469727,196000
2006-03-31,4.323955535888672,9.675000190734863,9.75,9.625,9.675000190734863,136800
2006-04-03,4.265854358673096,9.545000076293945,9.625,9.489999771118164,9.512499809265137,526000
2006-04-04,4.312780857086182,9.649999618530273,9.739999771118164,9.505000114440918,9.664999961853027,446800
2006-04-05,4.366410255432129,9.770000457763672,9.787500381469727,9.529999732971191,9.604999542236328,219200
2006-04-06,4.469203472137451,10.0,10.015000343322754,9.772500038146973,9.774999618530273,304400
2006-04-07,4.441269874572754,9.9375,10.069999694824219,9.9375,10.0625,95600
2006-04-10,4.415571689605713,9.880000114440918,9.96500015258789,9.84749984741211,9.932499885559082,100800
2006-04-11,4.376467227935791,9.792499542236328,9.912500381469727,9.7524995803833,9.895000457763672,201200
2006-04-12,4.331774711608887,9.692500114440918,9.835000038146973,9.65250015258789,9.827500343322754,195200
2006-04-13,4.426746368408203,9.904999732971191,9.925000190734863,9.675000190734863,9.699999809265137,206000
2006-04-17,4.487080097198486,10.039999961853027,10.050000190734863,9.914999961853027,9.914999961853027,120400
2006-04-18,4.529537677764893,10.135000228881836,10.135000228881836,9.982500076293945,9.9975004196167,102400
2006-04-19,4.489315032958984,10.045000076293945,10.142499923706055,9.979999542236328,10.142499923706055,236800
2006-04-20,4.417807579040527,9.885000228881836,10.022500038146973,9.835000038146973,9.982500076293945,295200
2006-04-21,4.527301788330078,10.130000114440918,10.167499542236328,9.890000343322754,9.890000343322754,196800
2006-04-24,4.5451812744140625,10.170000076293945,10.244999885559082,10.069999694824219,10.069999694824219,84000
2006-04-25,4.585399627685547,10.260000228881836,10.28499984741211,10.170000076293945,10.170000076293945,438400
2006-04-26,4.608865261077881,10.3125,10.364999771118164,10.287500381469727,10.357500076293945,277200
2006-04-27,4.614450931549072,10.324999809265137,10.369999885559082,10.257499694824219,10.262499809265137,190400
2006-04-28,4.6178059577941895,10.332500457763672,10.350000381469727,10.2475004196167,10.262499809265137,376400
2006-05-01,4.678135871887207,10.467499732971191,10.489999771118164,10.342499732971191,10.385000228881836,290000
2006-05-02,4.794339179992676,10.727499961853027,10.895000457763672,10.467499732971191,10.467499732971191,426000
2006-05-03,4.707189083099365,10.532500267028809,10.827500343322754,10.522500038146973,10.8125,376800
2006-05-04,4.649088382720947,10.40250015258789,10.484999656677246,10.3149995803833,10.484999656677246,151600
2006-05-05,4.633446216583252,10.367500305175781,10.425000190734863,10.267499923706055,10.387499809265137,104800
2006-05-08,4.603280067443848,10.300000190734863,10.487500190734863,10.239999771118164,10.367500305175781,301200
2006-05-09,4.580932140350342,10.25,10.399999618530273,10.25,10.3125,141200
2006-05-10,4.598809719085693,10.289999961853027,10.350000381469727,10.15250015258789,10.207500457763672,132000
2006-05-11,4.4904303550720215,10.047499656677246,10.295000076293945,10.007499694824219,10.295000076293945,548400
2006-05-12,4.4479756355285645,9.952500343322754,10.117500305175781,9.890000343322754,9.949999809265137,512800
2006-05-15,4.442387580871582,9.9399995803833,9.975000381469727,9.77750015258789,9.899999618530273,201600
2006-05-16,4.433448791503906,9.920000076293945,9.987500190734863,9.774999618530273,9.914999961853027,226000
2006-05-17,4.38652229309082,9.8149995803833,9.989999771118164,9.792499542236328,9.904999732971191,144400
2006-05-18,4.401047706604004,9.84749984741211,9.90999984741211,9.71500015258789,9.819999694824219,152400
2006-05-19,4.425627708435059,9.90250015258789,9.960000038146973,9.78499984741211,9.822500228881836,101200
2006-05-22,4.284848690032959,9.587499618530273,9.869999885559082,9.422499656677246,9.84000015258789,330800
2006-05-23,4.36194372177124,9.760000228881836,9.954999923706055,9.75,9.75,192400
2006-05-24,4.339597702026367,9.710000038146973,9.787500381469727,9.604999542236328,9.75,444800
2006-05-25,4.459145545959473,9.977499961853027,10.007499694824219,9.862500190734863,9.8725004196167,178800
2006-05-26,4.542945384979248,10.164999961853027,10.194999694824219,9.952500343322754,10.037500381469727,254400
2006-05-30,4.551882743835449,10.1850004196167,10.305000305175781,10.157500267028809,10.282500267028809,223600
2006-05-31,4.519481182098389,10.112500190734863,10.3125,10.042499542236328,10.255000114440918,248800
2006-06-01,4.614450931549072,10.324999809265137,10.350000381469727,9.75,9.875,591600
2006-06-02,4.598809719085693,10.289999961853027,10.475000381469727,10.225000381469727,10.324999809265137,135600
2006-06-05,4.500487804412842,10.069999694824219,10.260000228881836,10.045000076293945,10.225000381469727,361200
2006-06-06,4.458030700683594,9.975000381469727,10.042499542236328,9.875,9.960000038146973,460400
2006-06-07,4.433859825134277,9.859999656677246,10.024999618530273,9.852499961853027,9.927499771118164,248400
2006-06-08,4.439480781555176,9.8725004196167,9.912500381469727,9.607500076293945,9.78499984741211,775200
2006-06-09,4.414748191833496,9.817500114440918,10.0649995803833,9.802499771118164,9.922499656677246,113200
2006-06-12,4.494566440582275,9.994999885559082,10.067500114440918,9.802499771118164,9.802499771118164,2651200
2006-06-13,4.408002853393555,9.802499771118164,9.975000381469727,9.7475004196167,9.907500267028809,501200
2006-06-14,4.373153209686279,9.725000381469727,10.057499885559082,9.569999694824219,10.057499885559082,727200
2006-06-15,4.413624286651611,9.8149995803833,9.829999923706055,9.6899995803833,9.725000381469727,312800
2006-06-16,4.387767314910889,9.757499694824219,9.8774995803833,9.712499618530273,9.787500381469727,156800
2006-06-19,4.388892650604248,9.760000228881836,9.887499809265137,9.632499694824219,9.737500190734863,244800
2006-06-20,4.402381896972656,9.789999961853027,9.84749984741211,9.71500015258789,9.762499809265137,152400
2006-06-21,4.509183406829834,10.02750015258789,10.117500305175781,9.787500381469727,9.787500381469727,178000
2006-06-22,4.483325481414795,9.970000267028809,10.119999885559082,9.952500343322754,10.024999618530273,366800
2006-06-23,4.470959663391113,9.942500114440918,10.039999961853027,9.84000015258789,9.987500190734863,206000
2006-06-26,4.530541896820068,10.074999809265137,10.087499618530273,9.895000457763672,9.917499542236328,126400
2006-06-27,4.483325481414795,9.970000267028809,10.0625,9.949999809265137,10.0625,166000
2006-06-28,4.4529709815979,9.90250015258789,9.970000267028809,9.819999694824219,9.942500114440918,127200
2006-06-29,4.44959831237793,9.895000457763672,10.047499656677246,9.802499771118164,10.0024995803833,218000
2006-06-30,4.539534568786621,10.095000267028809,10.095000267028809,9.895000457763672,9.895000457763672,232400
2006-07-03,4.5474042892456055,10.112500190734863,10.112500190734863,10.057499885559082,10.069999694824219,179600
2006-07-05,4.42936372756958,9.850000381469727,10.087499618530273,9.772500038146973,10.0625,276000
2006-07-06,4.421494483947754,9.832500457763672,9.9975004196167,9.782500267028809,9.875,303200
2006-07-07,4.468709468841553,9.9375,9.9375,9.819999694824219,9.84000015258789,86000
2006-07-10,4.411376953125,9.8100004196167,9.890000343322754,9.732500076293945,9.857500076293945,189200
2006-07-11,4.469834327697754,9.9399995803833,9.9399995803833,9.732500076293945,9.800000190734863,144000
2006-07-12,4.447350025177002,9.890000343322754,9.979999542236328,9.827500343322754,9.890000343322754,94000
2006-07-13,4.358537197113037,9.692500114440918,9.859999656677246,9.649999618530273,9.859999656677246,140400
2006-07-14,4.375401020050049,9.729999542236328,9.75,9.640000343322754,9.640000343322754,102800
2006-07-17,4.302328586578369,9.567500114440918,9.694999694824219,9.5600004196167,9.694999694824219,86800
2006-07-18,4.269725799560547,9.494999885559082,9.65250015258789,9.475000381469727,9.59749984741211,159200
2006-07-19,4.376523494720459,9.732500076293945,9.739999771118164,9.467499732971191,9.494999885559082,119600
2006-07-20,4.512554168701172,10.03499984741211,10.09749984741211,9.75,9.75,317200
2006-07-21,4.53278923034668,10.079999923706055,10.149999618530273,9.947500228881836,10.010000228881836,130000
2006-07-24,4.609234809875488,10.25,10.317500114440918,10.032500267028809,10.057499885559082,196000
2006-07-25,4.619354724884033,10.272500038146973,10.272500038146973,10.119999885559082,10.232500076293945,112400
2006-07-26,4.689053058624268,10.427499771118164,10.449999809265137,10.25,10.3125,96400
2006-07-27,4.63958740234375,10.317500114440918,10.492500305175781,10.2524995803833,10.477499961853027,96800
2006-07-28,4.669941425323486,10.385000228881836,10.430000305175781,10.282500267028809,10.342499732971191,160000
2006-07-31,4.723904132843018,10.505000114440918,10.520000457763672,10.322500228881836,10.322500228881836,144800
2006-08-01,4.7992262840271,10.672499656677246,10.675000190734863,10.529999732971191,10.529999732971191,121600
2006-08-02,4.755383491516113,10.574999809265137,10.739999771118164,10.52750015258789,10.699999809265137,137200
2006-08-03,4.738518714904785,10.537500381469727,10.59000015258789,10.457500457763672,10.512499809265137,70800
2006-08-04,4.782363414764404,10.635000228881836,10.699999809265137,10.524999618530273,10.625,79600
2006-08-07,4.7610039710998535,10.587499618530273,10.75,10.5625,10.699999809265137,210000
2006-08-08,4.917268753051758,10.9350004196167,10.957500457763672,10.640000343322754,10.640000343322754,405200
2006-08-09,5.036434173583984,11.199999809265137,11.317500114440918,10.932499885559082,10.932499885559082,856400
2006-08-10,5.043177604675293,11.21500015258789,11.234999656677246,11.074999809265137,11.137499809265137,140400
2006-08-11,5.1342387199401855,11.417499542236328,11.647500038146973,11.1899995803833,11.1899995803833,192400
2006-08-14,5.1095075607299805,11.362500190734863,11.537500381469727,11.305000305175781,11.467499732971191,270800
2006-08-15,5.210682392120361,11.587499618530273,11.657500267028809,11.34749984741211,11.34749984741211,134000
2006-08-16,5.2050652503967285,11.574999809265137,11.725000381469727,11.522500038146973,11.600000381469727,154800
2006-08-17,5.209559917449951,11.585000038146973,11.670000076293945,11.492500305175781,11.550000190734863,127600
2006-08-18,5.171338081359863,11.5,11.600000381469727,11.364999771118164,11.574999809265137,172000
2006-08-21,5.22305154800415,11.614999771118164,11.635000228881836,11.477499961853027,11.515000343322754,200400
2006-08-22,5.250033378601074,11.675000190734863,11.6899995803833,11.53499984741211,11.65250015258789,189600
2006-08-23,5.278136730194092,11.737500190734863,11.789999961853027,11.645000457763672,11.662500381469727,158800
2006-08-24,5.300621509552002,11.787500381469727,11.850000381469727,11.692500114440918,11.770000457763672,196800
2006-08-25,5.298372745513916,11.782500267028809,11.875,11.782500267028809,11.800000190734863,107200
2006-08-28,5.306241989135742,11.800000190734863,11.827500343322754,11.734999656677246,11.787500381469727,110400
2006-08-29,5.283758640289307,11.75,11.8125,11.637499809265137,11.800000190734863,140400
2006-08-30,5.375944137573242,11.954999923706055,11.970000267028809,11.755000114440918,11.832500457763672,183600
2006-08-31,5.344466209411621,11.885000228881836,12.005000114440918,11.880000114440918,11.9375,204800
2006-09-01,5.339966773986816,11.875,11.962499618530273,11.835000038146973,11.947500228881836,166800
2006-09-05,5.328728199005127,11.850000381469727,11.887499809265137,11.734999656677246,11.832500457763672,137200
2006-09-06,5.255653381347656,11.6875,11.795000076293945,11.6875,11.755000114440918,168000
2006-09-07,5.2590250968933105,11.694999694824219,11.822500228881836,11.637499809265137,11.662500381469727,190800
2006-09-08,5.071285247802734,11.27750015258789,11.550000190734863,11.270000457763672,11.550000190734863,836800
2006-09-11,5.957159519195557,13.2475004196167,13.8125,12.710000038146973,12.710000038146973,1172400
2006-09-12,6.171881675720215,13.725000381469727,13.829999923706055,13.305000305175781,13.460000038146973,1337600
2006-09-13,6.1661200523376465,13.649999618530273,13.75,13.552499771118164,13.645000457763672,1014400
2006-09-14,6.195479393005371,13.71500015258789,13.827500343322754,13.6899995803833,13.712499618530273,260000
2006-09-15,6.125463962554932,13.5600004196167,13.717499732971191,13.457500457763672,13.699999809265137,201600
2006-09-18,6.065608024597168,13.427499771118164,13.602499961853027,13.359999656677246,13.4975004196167,326800
2006-09-19,6.028340816497803,13.345000267028809,13.4375,13.297499656677246,13.34749984741211,269200
2006-09-20,6.154828071594238,13.625,13.819999694824219,13.470000267028809,13.552499771118164,368800
2006-09-21,6.206776142120361,13.739999771118164,13.779999732971191,13.667499542236328,13.6850004196167,200400
2006-09-22,6.4044060707092285,14.177499771118164,14.295000076293945,13.787500381469727,13.84749984741211,266400
2006-09-25,6.4371562004089355,14.25,14.385000228881836,14.229999542236328,14.25,254800
2006-09-26,6.319708347320557,13.989999771118164,14.324999809265137,13.922499656677246,14.25,258400
2006-09-27,6.314062118530273,13.977499961853027,14.164999961853027,13.944999694824219,13.979999542236328,120400
2006-09-28,6.32309627532959,13.9975004196167,14.100000381469727,13.9350004196167,14.039999961853027,370800
2006-09-29,6.320836544036865,13.992500305175781,14.077500343322754,13.90250015258789,13.9350004196167,275600
2006-10-02,6.430381774902344,14.234999656677246,14.239999771118164,13.949999809265137,14.0,274400
2006-10-03,6.36149263381958,14.082500457763672,14.182499885559082,14.015000343322754,14.172499656677246,138400
2006-10-04,6.362621784210205,14.085000038146973,14.100000381469727,13.932499885559082,14.047499656677246,106800
2006-10-05,6.386337757110596,14.137499809265137,14.21500015258789,13.987500190734863,14.107500076293945,346800
2006-10-06,6.307284832000732,13.962499618530273,14.109999656677246,13.899999618530273,14.109999656677246,180000
2006-10-09,6.380692958831787,14.125,14.149999618530273,14.012499809265137,14.012499809265137,64000
2006-10-10,6.219197750091553,13.767499923706055,14.024999618530273,13.677499771118164,14.024999618530273,386000
2006-10-11,6.090452671051025,13.482500076293945,13.677499771118164,13.4399995803833,13.619999885559082,308400
2006-10-12,6.125463962554932,13.5600004196167,13.585000038146973,13.234999656677246,13.532500267028809,610400
2006-10-13,6.155957221984863,13.6274995803833,13.664999961853027,13.5,13.587499618530273,171200
2006-10-16,6.216938018798828,13.762499809265137,13.762499809265137,13.5024995803833,13.702500343322754,510400
2006-10-17,6.111911773681641,13.529999732971191,13.699999809265137,13.432499885559082,13.699999809265137,236000
2006-10-18,6.063352108001709,13.422499656677246,13.607500076293945,13.237500190734863,13.524999618530273,242800
2006-10-19,6.0859375,13.47249984741211,13.507499694824219,13.337499618530273,13.425000190734863,199200
2006-10-20,6.09722900390625,13.4975004196167,13.619999885559082,13.449999809265137,13.567500114440918,139600
2006-10-23,6.122076511383057,13.552499771118164,13.625,13.512499809265137,13.512499809265137,134400
2006-10-24,6.282441139221191,13.907500267028809,13.914999961853027,13.539999961853027,13.539999961853027,157600
2006-10-25,6.281309604644775,13.904999732971191,13.922499656677246,13.707500457763672,13.887499809265137,175200
2006-10-26,6.388596057891846,14.142499923706055,14.147500038146973,13.8774995803833,13.8774995803833,244800
2006-10-27,6.3829498291015625,14.130000114440918,14.327500343322754,14.057499885559082,14.15999984741211,107600
2006-10-30,6.380692958831787,14.125,14.172499656677246,13.9375,14.112500190734863,171200
2006-10-31,6.477815628051758,14.34000015258789,14.5,14.234999656677246,14.324999809265137,220400
2006-11-01,5.49416971206665,12.162500381469727,13.1274995803833,11.8125,13.125,3588000
2006-11-02,5.686156749725342,12.587499618530273,12.595000267028809,12.02750015258789,12.595000267028809,2459600
2006-11-03,5.640984535217285,12.487500190734863,12.829999923706055,12.375,12.824999809265137,1142800
2006-11-06,5.542731761932373,12.270000457763672,12.489999771118164,12.25,12.477499961853027,565600
2006-11-07,5.523533821105957,12.227499961853027,12.387499809265137,12.225000381469727,12.307499885559082,300800
2006-11-08,5.503204345703125,12.182499885559082,12.272500038146973,12.125,12.257499694824219,468400
2006-11-09,5.472714900970459,12.114999771118164,12.180000305175781,12.072500228881836,12.157500267028809,433200
2006-11-10,5.479489803314209,12.130000114440918,12.2475004196167,12.114999771118164,12.114999771118164,226800
2006-11-13,5.418506145477295,11.994999885559082,12.119999885559082,11.952500343322754,12.079999923706055,210400
2006-11-14,5.424153804779053,12.007499694824219,12.077500343322754,11.954999923706055,11.994999885559082,194400
2006-11-15,5.495299816131592,12.164999961853027,12.1850004196167,12.005000114440918,12.022500038146973,178400
2006-11-16,5.493041038513184,12.15999984741211,12.262499809265137,12.102499961853027,12.217499732971191,184400
2006-11-17,5.443352222442627,12.050000190734863,12.140000343322754,12.024999618530273,12.100000381469727,192000
2006-11-20,5.3755903244018555,11.899999618530273,12.09749984741211,11.8149995803833,12.0,415600
2006-11-21,5.415118217468262,11.987500190734863,11.987500190734863,11.77750015258789,11.852499961853027,192800
2006-11-22,5.424153804779053,12.007499694824219,12.112500190734863,11.982500076293945,12.037500381469727,108800
2006-11-24,5.520147800445557,12.220000267028809,12.305000305175781,12.09749984741211,12.09749984741211,92400
2006-11-27,5.589030742645264,12.3725004196167,12.3725004196167,12.232500076293945,12.232500076293945,331600
2006-11-28,5.6138787269592285,12.427499771118164,12.460000038146973,12.295000076293945,12.357500076293945,640400
2006-11-29,5.503204345703125,12.182499885559082,12.442500114440918,12.175000190734863,12.442500114440918,289600
2006-11-30,5.425282955169678,12.010000228881836,12.199999809265137,12.010000228881836,12.125,271600
2006-12-01,5.3722028732299805,11.892499923706055,12.037500381469727,11.854999542236328,12.022500038146973,217600
2006-12-04,5.458029270172119,12.082500457763672,12.085000038146973,11.890000343322754,11.890000343322754,437600
2006-12-05,5.467067241668701,12.102499961853027,12.1225004196167,11.954999923706055,12.1225004196167,231600
2006-12-06,5.515629291534424,12.210000038146973,12.244999885559082,12.052499771118164,12.102499961853027,269200
2006-12-07,5.461963653564453,12.010000228881836,12.157500267028809,11.920000076293945,12.149999618530273,221600
2006-12-08,5.451730728149414,11.987500190734863,12.052499771118164,11.925000190734863,12.024999618530273,265200
2006-12-11,5.3528151512146,11.770000457763672,12.010000228881836,11.72249984741211,11.987500190734863,326800
2006-12-12,5.350539684295654,11.765000343322754,11.8100004196167,11.572500228881836,11.8100004196167,315600
2006-12-13,5.386925220489502,11.845000267028809,11.8725004196167,11.77750015258789,11.8100004196167,295200
2006-12-14,5.269816875457764,11.587499618530273,11.895000457763672,11.395000457763672,11.895000457763672,599600
2006-12-15,5.234569549560547,11.510000228881836,11.710000038146973,11.460000038146973,11.587499618530273,291600
2006-12-18,5.212968826293945,11.462499618530273,11.592499732971191,11.352499961853027,11.5,419200
2006-12-19,5.101546764373779,11.217499732971191,11.324999809265137,11.0649995803833,11.324999809265137,872400
2006-12-20,5.242530345916748,11.52750015258789,11.595000267028809,11.407500267028809,11.425000190734863,228400
2006-12-21,5.169764995574951,11.367500305175781,11.5,11.27750015258789,11.489999771118164,609600
2006-12-22,5.111776351928711,11.239999771118164,11.362500190734863,11.1875,11.332500457763672,174400
2006-12-26,5.095859527587891,11.204999923706055,11.27750015258789,11.1875,11.194999694824219,93200
2006-12-27,5.145886421203613,11.3149995803833,11.387499809265137,11.1899995803833,11.1899995803833,190000
2006-12-28,5.150435447692871,11.324999809265137,11.375,11.305000305175781,11.369999885559082,157200
2006-12-29,5.078807353973389,11.167499542236328,11.337499618530273,11.164999961853027,11.292499542236328,264800
2007-01-03,5.042425155639648,11.087499618530273,11.229999542236328,11.057499885559082,11.229999542236328,427600
2007-01-04,5.06402587890625,11.135000228881836,11.182499885559082,11.102499961853027,11.112500190734863,186800
2007-01-05,5.102682113647461,11.220000267028809,11.262499809265137,11.112500190734863,11.175000190734863,173200
2007-01-08,5.167489051818848,11.362500190734863,11.399999618530273,11.140000343322754,11.1899995803833,150400
2007-01-09,5.275501728057861,11.600000381469727,11.607500076293945,11.350000381469727,11.364999771118164,326400
2007-01-10,5.161805629730225,11.350000381469727,11.609999656677246,11.342499732971191,11.587499618530273,308800
2007-01-11,5.147024154663086,11.317500114440918,11.462499618530273,11.267499923706055,11.350000381469727,138400
2007-01-12,5.2311601638793945,11.5024995803833,11.522500038146973,11.369999885559082,11.369999885559082,301600
2007-01-16,5.242530345916748,11.52750015258789,11.675000190734863,11.489999771118164,11.675000190734863,199200
2007-01-17,5.239119529724121,11.520000457763672,11.602499961853027,11.470000267028809,11.507499694824219,147200
2007-01-18,5.13906717300415,11.300000190734863,11.537500381469727,11.270000457763672,11.537500381469727,185200
2007-01-19,5.176585674285889,11.382499694824219,11.425000190734863,11.300000190734863,11.300000190734863,258800
2007-01-22,5.111776351928711,11.239999771118164,11.412500381469727,11.204999923706055,11.412500381469727,128000
2007-01-23,5.148161888122559,11.319999694824219,11.322500228881836,11.132499694824219,11.234999656677246,347200
2007-01-24,5.230023384094238,11.5,11.507499694824219,11.225000381469727,11.257499694824219,336000
2007-01-25,5.290280342102051,11.632499694824219,11.727499961853027,11.520000457763672,11.522500038146973,220000
2007-01-26,5.331211566925049,11.72249984741211,11.77750015258789,11.617500305175781,11.625,142400
2007-01-29,5.228887557983398,11.4975004196167,11.732500076293945,11.430000305175781,11.699999809265137,1248000
2007-01-30,5.275501728057861,11.600000381469727,11.645000457763672,11.529999732971191,11.5600004196167,270800
2007-01-31,5.252761363983154,11.550000190734863,11.630000114440918,11.537500381469727,11.604999542236328,252800
2007-02-01,5.277773380279541,11.604999542236328,11.682499885559082,11.542499542236328,11.579999923706055,481600
2007-02-02,5.282321453094482,11.614999771118164,11.637499809265137,11.517499923706055,11.552499771118164,252000
2007-02-05,5.306201457977295,11.667499542236328,11.704999923706055,11.587499618530273,11.614999771118164,167600
2007-02-06,5.252761363983154,11.550000190734863,11.734999656677246,11.520000457763672,11.699999809265137,493600
2007-02-07,5.288008689880371,11.6274995803833,11.692500114440918,11.595000267028809,11.600000381469727,322800
2007-02-08,5.419896602630615,11.917499542236328,11.954999923706055,11.6875,11.6875,456400
2007-02-09,5.442633628845215,11.967499732971191,12.007499694824219,11.822500228881836,11.96500015258789,337200
2007-02-12,5.485840797424316,12.0625,12.112500190734863,11.912500381469727,11.975000381469727,409600
2007-02-13,5.468783855438232,12.024999618530273,12.282500267028809,11.962499618530273,12.125,313200
2007-02-14,5.488112449645996,12.067500114440918,12.202500343322754,12.032500267028809,12.032500267028809,162400
2007-02-15,5.514264106750488,12.125,12.197500228881836,12.010000228881836,12.112500190734863,329600
2007-02-16,5.576797008514404,12.262499809265137,12.327500343322754,12.154999732971191,12.175000190734863,418000
2007-02-20,5.54041051864624,12.182499885559082,12.1875,11.992500305175781,12.087499618530273,220000
2007-02-21,5.5688371658325195,12.244999885559082,12.27750015258789,12.132499694824219,12.232500076293945,262000
2007-02-22,5.584754467010498,12.279999732971191,12.297499656677246,12.199999809265137,12.265000343322754,86800
2007-02-23,5.582481384277344,12.274999618530273,12.367500305175781,12.25,12.25,105200
2007-02-26,5.565426826477051,12.237500190734863,12.357500076293945,12.220000267028809,12.292499542236328,175600
2007-02-27,5.381242275238037,11.832500457763672,12.242500305175781,11.645000457763672,12.242500305175781,257200
2007-02-28,5.382377624511719,11.835000038146973,11.984999656677246,11.782500267028809,11.887499809265137,204400
2007-03-01,5.415348529815674,11.907500267028809,11.949999809265137,11.4399995803833,11.5625,336000
2007-03-02,5.323253631591797,11.704999923706055,11.885000228881836,11.677499771118164,11.824999809265137,379200
2007-03-05,5.326664447784424,11.712499618530273,11.8125,11.649999618530273,11.6850004196167,224400
2007-03-06,5.441497325897217,11.96500015258789,12.012499809265137,11.8100004196167,11.8100004196167,310000
2007-03-07,5.441385269165039,11.885000228881836,11.925000190734863,11.827500343322754,11.912500381469727,166800
2007-03-08,5.448252201080322,11.899999618530273,11.922499656677246,11.845000267028809,11.907500267028809,231200
2007-03-09,5.488311290740967,11.987500190734863,12.017499923706055,11.925000190734863,11.949999809265137,75200
2007-03-12,5.497468948364258,12.007499694824219,12.032500267028809,11.984999656677246,12.024999618530273,133600
2007-03-13,5.440237998962402,11.882499694824219,12.017499923706055,11.862500190734863,12.007499694824219,158800
2007-03-14,5.453973770141602,11.912500381469727,11.977499961853027,11.802499771118164,11.932499885559082,89600
2007-03-15,5.4734320640563965,11.954999923706055,12.024999618530273,11.917499542236328,11.9350004196167,49600
2007-03-16,5.47114372253418,11.949999809265137,12.015000343322754,11.907500267028809,11.989999771118164,88400
2007-03-19,5.49289083480835,11.9975004196167,12.012499809265137,11.942500114440918,12.012499809265137,128800
2007-03-20,5.587890625,12.204999923706055,12.229999542236328,12.0600004196167,12.0600004196167,194400
2007-03-21,5.635965824127197,12.3100004196167,12.367500305175781,12.1899995803833,12.25,619600
2007-03-22,5.529515743255615,12.077500343322754,12.317500114440918,12.042499542236328,12.317500114440918,248000
2007-03-23,5.55126428604126,12.125,12.227499961853027,12.045000076293945,12.09000015258789,146000
2007-03-26,5.597048759460449,12.225000381469727,12.270000457763672,12.010000228881836,12.074999809265137,304400
2007-03-27,5.578732967376709,12.1850004196167,12.232500076293945,12.15999984741211,12.232500076293945,84000
2007-03-28,5.548975944519043,12.119999885559082,12.21500015258789,12.055000305175781,12.147500038146973,134800
2007-03-29,5.726385116577148,12.507499694824219,12.789999961853027,12.300000190734863,12.5,540400
2007-03-30,5.722952365875244,12.5,12.577500343322754,12.404999732971191,12.532500267028809,146000
2007-04-02,5.7378315925598145,12.532500267028809,12.547499656677246,12.4375,12.5,125200
2007-04-03,5.704639434814453,12.460000038146973,12.569999694824219,12.460000038146973,12.529999732971191,158800
2007-04-04,5.697770595550537,12.444999694824219,12.537500381469727,12.399999618530273,12.475000381469727,115200
2007-04-05,5.722952365875244,12.5,12.507499694824219,12.452500343322754,12.5,138000
2007-04-09,5.750424861907959,12.5600004196167,12.567500114440918,12.489999771118164,12.512499809265137,220400
2007-04-10,5.940423965454102,12.975000381469727,13.104999542236328,12.6225004196167,12.822500228881836,631200
2007-04-11,5.885481357574463,12.854999542236328,12.992500305175781,12.717499732971191,12.9375,538400
2007-04-12,5.954159259796143,13.005000114440918,13.005000114440918,12.807499885559082,12.845000267028809,98400
2007-04-13,6.005665302276611,13.117500305175781,13.154999732971191,12.984999656677246,12.987500190734863,180000
2007-04-16,6.211694717407227,13.567500114440918,13.90999984741211,13.212499618530273,13.25,655200
2007-04-17,6.415430068969727,14.012499809265137,14.217499732971191,13.90250015258789,13.90250015258789,929600
2007-04-18,6.318140506744385,13.800000190734863,14.132499694824219,13.729999542236328,14.005000114440918,789200
2007-04-19,6.2528977394104,13.657500267028809,13.739999771118164,13.547499656677246,13.737500190734863,232000
2007-04-20,6.4211530685424805,14.024999618530273,14.037500381469727,13.667499542236328,13.862500190734863,538000
2007-04-23,6.365067958831787,13.90250015258789,13.987500190734863,13.822500228881836,13.987500190734863,403600
2007-04-24,6.311272144317627,13.78499984741211,13.84000015258789,13.654999732971191,13.84000015258789,298000
2007-04-25,6.391397476196289,13.960000038146973,13.977499961853027,13.817500114440918,13.817500114440918,192800
2007-04-26,6.446335315704346,14.079999923706055,14.170000076293945,13.487500190734863,13.925000190734863,444800
2007-04-27,6.363925933837891,13.899999618530273,14.09000015258789,13.880000114440918,14.067500114440918,317200
2007-04-30,6.2094035148620605,13.5625,13.987500190734863,13.5625,13.967499732971191,432800
2007-05-01,6.185366153717041,13.510000228881836,13.77750015258789,13.337499618530273,13.635000228881836,179200
2007-05-02,6.25518798828125,13.662500381469727,13.8100004196167,13.4375,13.512499809265137,428800
2007-05-03,6.220850467681885,13.587499618530273,13.760000228881836,13.4975004196167,13.645000457763672,546400
2007-05-04,6.329586505889893,13.824999809265137,13.862500190734863,13.694999694824219,13.694999694824219,355200
2007-05-07,6.35361909866333,13.8774995803833,13.977499961853027,13.774999618530273,13.887499809265137,154800
2007-05-08,6.312417507171631,13.787500381469727,13.842499732971191,13.739999771118164,13.8100004196167,125600
2007-05-09,6.27464485168457,13.704999923706055,13.789999961853027,13.604999542236328,13.787500381469727,187600
2007-05-10,6.1750664710998535,13.487500190734863,13.732500076293945,13.460000038146973,13.59749984741211,176000
2007-05-11,6.161330223083496,13.457500457763672,13.5649995803833,13.322500228881836,13.40999984741211,224400
2007-05-14,6.1865129470825195,13.512499809265137,13.552499771118164,13.40999984741211,13.487500190734863,112800
2007-05-15,6.287235736846924,13.732500076293945,13.837499618530273,13.5625,13.574999809265137,248400
2007-05-16,6.342175006866455,13.852499961853027,13.9975004196167,13.824999809265137,13.84749984741211,244000
2007-05-17,6.489830017089844,14.175000190734863,14.237500190734863,13.899999618530273,13.899999618530273,291200
2007-05-18,6.661518573760986,14.550000190734863,14.6225004196167,14.1850004196167,14.237500190734863,282400
2007-05-21,6.669528961181641,14.567500114440918,14.59749984741211,14.470000267028809,14.574999809265137,97200
2007-05-22,6.741638660430908,14.725000381469727,14.75,14.520000457763672,14.637499809265137,264800
2007-05-23,6.848085403442383,14.957500457763672,15.0625,14.680000305175781,14.680000305175781,564800
2007-05-24,6.7805562019348145,14.8100004196167,15.197500228881836,14.805000305175781,14.885000228881836,410400
2007-05-25,6.848085403442383,14.957500457763672,15.225000381469727,14.862500190734863,14.8774995803833,350000
2007-05-29,6.854948997497559,14.97249984741211,15.147500038146973,14.90250015258789,15.067500114440918,150400
2007-05-30,6.8652567863464355,14.994999885559082,15.010000228881836,14.7524995803833,14.800000190734863,398400
2007-05-31,6.887001037597656,15.042499542236328,15.262499809265137,15.0,15.045000076293945,262400
2007-06-01,7.02091646194458,15.335000038146973,15.390000343322754,15.135000228881836,15.135000228881836,146000
2007-06-04,7.0792951583862305,15.462499618530273,15.462499618530273,15.09749984741211,15.367500305175781,315600
2007-06-05,6.982000827789307,15.25,15.444999694824219,15.137499809265137,15.335000038146973,193600
2007-06-06,6.878735065460205,14.9375,15.162500381469727,14.899999618530273,15.119999885559082,290800
2007-06-07,6.776273727416992,14.71500015258789,14.962499618530273,14.612500190734863,14.9399995803833,247200
2007-06-08,6.8246259689331055,14.819999694824219,14.885000228881836,14.612500190734863,14.612500190734863,128400
2007-06-11,6.790090084075928,14.744999885559082,14.795000076293945,14.677499771118164,14.710000038146973,143600
2007-06-12,6.65424108505249,14.449999809265137,14.697500228881836,14.422499656677246,14.670000076293945,179200
2007-06-13,6.665752410888672,14.475000381469727,14.532500267028809,14.307499885559082,14.47249984741211,131200
2007-06-14,6.653088569641113,14.447500228881836,14.489999771118164,14.390000343322754,14.475000381469727,164000
2007-06-15,6.7958455085754395,14.757499694824219,14.824999809265137,14.489999771118164,14.489999771118164,153600
2007-06-18,6.755551338195801,14.670000076293945,14.800000190734863,14.607500076293945,14.697500228881836,120000
2007-06-19,7.0111284255981445,15.225000381469727,15.227499961853027,14.600000381469727,14.71500015258789,189200
2007-06-20,6.99155855178833,15.182499885559082,15.234999656677246,15.012499809265137,15.162500381469727,204000
2007-06-21,6.78087854385376,14.725000381469727,15.180000305175781,14.617500305175781,14.957500457763672,1071200
2007-06-22,6.798146724700928,14.762499809265137,14.852499961853027,14.600000381469727,14.680000305175781,490000
2007-06-25,6.58171272277832,14.292499542236328,14.762499809265137,14.199999809265137,14.762499809265137,373200
2007-06-26,6.635820388793945,14.40999984741211,14.857500076293945,14.350000381469727,14.857500076293945,415200
2007-06-27,6.732524871826172,14.619999885559082,14.707500457763672,14.112500190734863,14.375,610400
2007-06-28,6.739433288574219,14.635000228881836,14.954999923706055,14.59000015258789,14.619999885559082,208800
2007-06-29,6.783179759979248,14.729999542236328,14.920000076293945,14.532500267028809,14.702500343322754,234400
2007-07-02,7.001920223236084,15.204999923706055,15.274999618530273,14.9399995803833,14.979999542236328,183200
2007-07-03,6.916725158691406,15.020000457763672,15.177499771118164,15.0,15.135000228881836,142400
2007-07-05,6.993861198425293,15.1875,15.295000076293945,15.067500114440918,15.295000076293945,227200
2007-07-06,7.061784744262695,15.335000038146973,15.40250015258789,15.272500038146973,15.272500038146973,189200
2007-07-09,7.008829116821289,15.220000267028809,15.614999771118164,15.069999694824219,15.392499923706055,242400
2007-07-10,6.83268404006958,14.837499618530273,15.177499771118164,14.765000343322754,15.177499771118164,210400
2007-07-11,6.723313808441162,14.600000381469727,14.8725004196167,14.520000457763672,14.744999885559082,216000
2007-07-12,6.818868637084961,14.807499885559082,14.942500114440918,14.725000381469727,14.770000457763672,323200
2007-07-13,6.853409290313721,14.882499694824219,14.942500114440918,14.782500267028809,14.824999809265137,995200
2007-07-16,6.877585411071777,14.9350004196167,14.960000038146973,14.787500381469727,14.862500190734863,987200
2007-07-17,6.936300277709961,15.0625,15.107500076293945,14.864999771118164,14.925000190734863,344800
2007-07-18,6.8741302490234375,14.927499771118164,15.162500381469727,14.867500305175781,15.100000381469727,229200
2007-07-19,6.919026851654053,15.024999618530273,15.0625,14.920000076293945,14.949999809265137,158000
2007-07-20,6.852256774902344,14.880000114440918,15.0625,14.774999618530273,15.029999732971191,179600
2007-07-23,6.833835601806641,14.84000015258789,14.989999771118164,14.694999694824219,14.942500114440918,143600
2007-07-24,6.762457370758057,14.6850004196167,15.055000305175781,14.632499694824219,15.055000305175781,504000
2007-07-25,6.695684909820557,14.539999961853027,14.789999961853027,14.282500267028809,14.664999961853027,560000
2007-07-26,6.4596781730651855,14.02750015258789,14.397500038146973,13.792499542236328,14.397500038146973,472000
2007-07-27,6.33534574508667,13.757499694824219,14.0600004196167,13.757499694824219,14.02750015258789,408000
2007-07-30,6.269721984863281,13.614999771118164,13.8774995803833,13.582500457763672,13.8774995803833,416800
2007-07-31,6.2973527908325195,13.675000190734863,13.897500038146973,13.5600004196167,13.739999771118164,1179600
2007-08-01,6.209857940673828,13.484999656677246,13.717499732971191,13.350000381469727,13.600000381469727,620400
2007-08-02,6.413629531860352,13.927499771118164,14.045000076293945,13.582500457763672,13.649999618530273,644800
2007-08-03,6.101640701293945,13.25,13.71500015258789,13.25,13.5,1001200
2007-08-06,6.003783702850342,13.037500381469727,13.332500457763672,12.702500343322754,13.332500457763672,346000
2007-08-07,5.939313888549805,12.897500038146973,13.140000343322754,12.739999771118164,13.077500343322754,646800
2007-08-08,5.913982391357422,12.842499732971191,13.052499771118164,12.767499923706055,13.022500038146973,719600
2007-08-09,5.704457759857178,12.387499809265137,12.75,12.3725004196167,12.670000076293945,1105600
2007-08-10,5.863329887390137,12.732500076293945,12.732500076293945,12.069999694824219,12.460000038146973,514400
2007-08-13,5.8126749992370605,12.6225004196167,13.03499984741211,12.609999656677246,12.8125,510000
2007-08-14,5.714817523956299,12.40999984741211,12.649999618530273,12.270000457763672,12.5600004196167,566000
2007-08-15,5.614657402038574,12.192500114440918,12.524999618530273,12.170000076293945,12.329999923706055,278800
2007-08-16,5.552491188049316,12.057499885559082,12.15250015258789,11.712499618530273,12.114999771118164,489200
2007-08-17,5.558246612548828,12.069999694824219,12.704999923706055,11.984999656677246,12.625,366000
2007-08-20,5.5455851554870605,12.042499542236328,12.180000305175781,11.869999885559082,12.162500381469727,317200
2007-08-21,5.766624927520752,12.522500038146973,12.569999694824219,12.072500228881836,12.079999923706055,267600
2007-08-22,5.862181663513184,12.729999542236328,12.954999923706055,12.670000076293945,12.845000267028809,189200
2007-08-23,5.8426079750061035,12.6875,12.90250015258789,12.555000305175781,12.822500228881836,307600
2007-08-24,5.881750106811523,12.772500038146973,12.817500114440918,12.5024995803833,12.670000076293945,213600
2007-08-27,5.80001163482666,12.595000267028809,12.805000305175781,12.555000305175781,12.75,178000
2007-08-28,5.672224521636963,12.317500114440918,12.552499771118164,12.265000343322754,12.452500343322754,253600
2007-08-29,5.808072090148926,12.612500190734863,12.65999984741211,12.324999809265137,12.324999809265137,249600
2007-08-30,5.828794479370117,12.657500267028809,12.7475004196167,12.477499961853027,12.482500076293945,224000
2007-08-31,5.977304935455322,12.979999542236328,13.0,12.734999656677246,12.887499809265137,226400
2007-09-04,5.973849296569824,12.97249984741211,13.109999656677246,12.897500038146973,12.947500228881836,283200
2007-09-05,5.928951263427734,12.875,13.007499694824219,12.787500381469727,12.930000305175781,407600
2007-09-06,5.941123962402344,12.8125,12.944999694824219,12.710000038146973,12.822500228881836,262000
2007-09-07,5.949236869812012,12.829999923706055,13.0,12.662500381469727,12.819999694824219,302400
2007-09-10,5.928372859954834,12.78499984741211,12.899999618530273,12.682499885559082,12.7475004196167,316400
2007-09-11,6.0350213050842285,13.015000343322754,13.015000343322754,12.875,12.895000457763672,237600
2007-09-12,6.06748104095459,13.085000038146973,13.1225004196167,12.975000381469727,13.0,223600
2007-09-13,6.133555889129639,13.227499961853027,13.2524995803833,13.074999809265137,13.154999732971191,183200
2007-09-14,6.189200401306152,13.34749984741211,13.40250015258789,13.220000267028809,13.220000267028809,509600
2007-09-17,6.24484920501709,13.467499732971191,13.557499885559082,13.270000457763672,13.332500457763672,562400
2007-09-18,6.255277633666992,13.489999771118164,13.512499809265137,13.282500267028809,13.512499809265137,520400
2007-09-19,6.299330711364746,13.585000038146973,13.765000343322754,13.484999656677246,13.517499923706055,298400
2007-09-20,6.337583541870117,13.667499542236328,13.800000190734863,13.609999656677246,13.654999732971191,162400
2007-09-21,6.414096355438232,13.832500457763672,13.90999984741211,13.667499542236328,13.720000267028809,175600
2007-09-24,6.448871612548828,13.907500267028809,14.020000457763672,13.832500457763672,13.875,252400
2007-09-25,6.392068862915039,13.78499984741211,13.922499656677246,13.762499809265137,13.887499809265137,205200
2007-09-26,6.474377155303955,13.962499618530273,13.962499618530273,13.78499984741211,13.857500076293945,156000
2007-09-27,6.562478542327881,14.15250015258789,14.15250015258789,14.02750015258789,14.02750015258789,291200
2007-09-28,6.509154319763184,14.037500381469727,14.204999923706055,14.007499694824219,14.204999923706055,231600
2007-10-01,6.571753025054932,14.172499656677246,14.412500381469727,14.024999618530273,14.104999542236328,275600
2007-10-02,6.523065567016602,14.067500114440918,14.1875,13.932499885559082,14.170000076293945,269200
2007-10-03,6.498719215393066,14.015000343322754,14.182499885559082,13.982500076293945,14.067500114440918,287600
2007-10-04,6.502199649810791,14.022500038146973,14.0600004196167,13.962499618530273,14.024999618530273,514000
2007-10-05,6.606531143188477,14.2475004196167,14.414999961853027,14.220000267028809,14.329999923706055,238400
2007-10-08,6.611166954040527,14.257499694824219,14.375,14.21500015258789,14.305000305175781,132400
2007-10-09,6.576389789581299,14.182499885559082,14.319999694824219,14.0649995803833,14.319999694824219,161600
2007-10-10,6.565958023071289,14.15999984741211,14.202500343322754,14.03499984741211,14.079999923706055,163600
2007-10-11,6.611166954040527,14.257499694824219,14.369999885559082,14.147500038146973,14.242500305175781,165200
2007-10-12,6.626236915588379,14.289999961853027,14.395000457763672,14.204999923706055,14.22249984741211,100000
2007-10-15,6.593777179718018,14.220000267028809,14.295000076293945,14.154999732971191,14.225000381469727,142800
2007-10-16,6.555522918701172,14.137499809265137,14.21500015258789,14.0600004196167,14.1850004196167,113600
2007-10-17,6.499881267547607,14.017499923706055,14.242500305175781,13.90250015258789,14.242500305175781,205200
2007-10-18,6.491764545440674,14.0,14.057499885559082,13.9399995803833,14.017499923706055,175200
2007-10-19,6.504515171051025,14.02750015258789,14.119999885559082,13.692500114440918,14.005000114440918,228400
2007-10-22,6.424529075622559,13.854999542236328,13.9375,13.137499809265137,13.137499809265137,1463600
2007-10-23,6.648261070251465,14.337499618530273,14.342499732971191,13.817500114440918,13.944999694824219,756400
2007-10-24,6.619280815124512,14.274999618530273,14.302499771118164,13.979999542236328,14.202500343322754,350000
2007-10-25,6.58682107925415,14.204999923706055,14.444999694824219,14.079999923706055,14.422499656677246,459200
2007-10-26,6.657538414001465,14.357500076293945,14.442500114440918,14.239999771118164,14.25,248000
2007-10-29,6.6923136711120605,14.432499885559082,14.4375,14.302499771118164,14.357500076293945,321600
2007-10-30,6.708541393280029,14.467499732971191,14.467499732971191,14.287500381469727,14.322500228881836,153600
2007-10-31,6.7966461181640625,14.657500267028809,14.65999984741211,14.385000228881836,14.47249984741211,196000
2007-11-01,6.669128894805908,14.382499694824219,14.625,14.319999694824219,14.625,192000
2007-11-02,6.656378269195557,14.354999542236328,14.449999809265137,14.0024995803833,14.4375,342800
2007-11-05,6.451193332672119,13.912500381469727,14.375,13.567500114440918,14.375,535200
2007-11-06,6.557841777801514,14.142499923706055,14.164999961853027,13.887499809265137,13.887499809265137,200400
2007-11-07,6.438441276550293,13.885000228881836,14.279999732971191,13.854999542236328,14.007499694824219,244400
2007-11-08,6.319037914276123,13.6274995803833,13.930000305175781,13.414999961853027,13.805000305175781,249600
2007-11-09,6.270350456237793,13.522500038146973,13.642499923706055,13.317500114440918,13.317500114440918,335600
2007-11-12,6.047774314880371,13.042499542236328,13.5600004196167,13.017499923706055,13.417499542236328,306400
2007-11-13,6.01879358291626,12.979999542236328,13.212499618530273,12.817500114440918,13.02750015258789,318000
2007-11-14,5.8947529792785645,12.712499618530273,13.079999923706055,12.667499542236328,13.079999923706055,303600
2007-11-15,5.771873950958252,12.447500228881836,12.6875,12.329999923706055,12.579999923706055,538800
2007-11-16,5.811286926269531,12.532500267028809,12.675000190734863,12.462499618530273,12.484999656677246,270400
2007-11-19,5.7776713371276855,12.460000038146973,12.517499923706055,12.292499542236328,12.442500114440918,323200
2007-11-20,5.684931755065918,12.260000228881836,12.569999694824219,12.194999694824219,12.390000343322754,416000
2007-11-21,5.589874744415283,12.055000305175781,12.149999618530273,11.8725004196167,12.032500267028809,262400
2007-11-23,5.431056976318359,11.712499618530273,12.069999694824219,11.675000190734863,12.069999694824219,285200
2007-11-26,5.315131187438965,11.462499618530273,11.772500038146973,11.4399995803833,11.692500114440918,530800
2007-11-27,5.320929527282715,11.475000381469727,11.555000305175781,11.28499984741211,11.332500457763672,408000
2007-11-28,5.540024757385254,11.947500228881836,11.982500076293945,11.462499618530273,11.462499618530273,229600
2007-11-29,5.239781379699707,11.300000190734863,11.737500190734863,11.109999656677246,11.737500190734863,619600
2007-11-30,5.238622665405273,11.297499656677246,11.577500343322754,11.107500076293945,11.237500190734863,417600
2007-12-03,5.120380401611328,11.042499542236328,11.417499542236328,11.015000343322754,11.300000190734863,369600
2007-12-04,5.031117916107178,10.850000381469727,11.0,10.744999885559082,10.952500343322754,393200
2007-12-05,5.067054271697998,10.927499771118164,11.114999771118164,10.875,10.9399995803833,407600
2007-12-06,5.200366020202637,11.21500015258789,11.227499961853027,10.914999961853027,11.02750015258789,344400
2007-12-07,5.1677327156066895,11.045000076293945,11.244999885559082,11.017499923706055,11.1875,256800
2007-12-10,5.159544467926025,11.02750015258789,11.074999809265137,10.944999694824219,10.944999694824219,565600
2007-12-11,5.036726474761963,10.765000343322754,11.02750015258789,10.71500015258789,10.9375,628000
2007-12-12,4.9337921142578125,10.545000076293945,11.007499694824219,10.367500305175781,10.800000190734863,770400
2007-12-13,4.86945915222168,10.407500267028809,10.537500381469727,9.917499542236328,10.537500381469727,812400
2007-12-14,5.033217906951904,10.757499694824219,10.767499923706055,10.212499618530273,10.475000381469727,1240400
2007-12-17,5.097549915313721,10.895000457763672,11.057499885559082,10.569999694824219,10.569999694824219,758800
2007-12-18,5.2262163162231445,11.170000076293945,11.182499885559082,10.637499809265137,11.007499694824219,640400
2007-12-19,5.379448413848877,11.4975004196167,11.550000190734863,11.164999961853027,11.207500457763672,710000
2007-12-20,5.412201404571533,11.567500114440918,11.725000381469727,11.449999809265137,11.614999771118164,1056000
2007-12-21,5.557241916656494,11.8774995803833,12.022500038146973,11.484999656677246,11.552499771118164,2610800
2007-12-24,5.604030132293701,11.977499961853027,12.015000343322754,11.845000267028809,11.845000267028809,260800
2007-12-26,5.589993476867676,11.947500228881836,12.042499542236328,11.925000190734863,12.024999618530273,98000
2007-12-27,5.664856433868408,12.107500076293945,12.242500305175781,11.987500190734863,12.132499694824219,330800
2007-12-28,5.716323375701904,12.217499732971191,12.300000190734863,12.15999984741211,12.175000190734863,450000
2007-12-31,5.644968509674072,12.0649995803833,12.220000267028809,12.039999961853027,12.170000076293945,265200
2008-01-02,5.692926406860352,12.167499542236328,12.217499732971191,12.042499542236328,12.217499732971191,948400
2008-01-03,5.621574401855469,12.015000343322754,12.154999732971191,11.922499656677246,12.15250015258789,256800
2008-01-04,5.482381820678711,11.717499732971191,11.952500343322754,11.697500228881836,11.952500343322754,960000
2008-01-07,5.358397483825684,11.452500343322754,11.869999885559082,11.319999694824219,11.827500343322754,738800
2008-01-08,5.322132110595703,11.375,11.725000381469727,11.375,11.524999618530273,799200
2008-01-09,5.212183475494385,11.140000343322754,11.34000015258789,10.880000114440918,11.34000015258789,493200
2008-01-10,5.340847015380859,11.414999961853027,11.524999618530273,10.987500190734863,11.0649995803833,450800
2008-01-11,5.18761682510376,11.087499618530273,11.287500381469727,11.039999961853027,11.244999885559082,345200
2008-01-14,5.1759209632873535,11.0625,11.107500076293945,10.970000267028809,11.039999961853027,254000
2008-01-15,5.040236473083496,10.772500038146973,11.024999618530273,10.702500343322754,11.024999618530273,374800
2008-01-16,4.890513896942139,10.452500343322754,10.795000076293945,10.34000015258789,10.600000381469727,463200
2008-01-17,4.748978614807129,10.149999618530273,10.40999984741211,10.0625,10.40999984741211,407200
2008-01-18,4.729096412658691,10.107500076293945,10.359999656677246,9.954999923706055,10.100000381469727,329600
2008-01-22,4.6448774337768555,9.927499771118164,10.015000343322754,9.694999694824219,9.725000381469727,521200
2008-01-23,4.758337020874023,10.170000076293945,10.212499618530273,9.602499961853027,9.602499961853027,473600
2008-01-24,4.984088897705078,10.65250015258789,10.717499732971191,10.3100004196167,10.3100004196167,674000
2008-01-25,4.953676223754883,10.587499618530273,10.8125,10.529999732971191,10.602499961853027,334000
2008-01-28,4.901042461395264,10.475000381469727,10.582500457763672,10.362500190734863,10.582500457763672,270000
2008-01-29,4.908059597015381,10.489999771118164,10.569999694824219,10.430000305175781,10.569999694824219,123600
2008-01-30,4.897531986236572,10.467499732971191,10.707500457763672,10.414999961853027,10.572500228881836,162400
2008-01-31,4.9150776863098145,10.505000114440918,10.569999694824219,10.109999656677246,10.225000381469727,330400
2008-02-01,4.9595255851745605,10.600000381469727,10.677499771118164,10.505000114440918,10.582500457763672,349600
2008-02-04,4.948997974395752,10.577500343322754,10.692500114440918,10.457500457763672,10.457500457763672,137200
2008-02-05,4.81448221206665,10.289999961853027,10.585000038146973,10.145000457763672,10.585000038146973,232000
2008-02-06,4.718567371368408,10.085000038146973,10.335000038146973,10.017499923706055,10.335000038146973,305600
2008-02-07,4.6881561279296875,10.020000457763672,10.15999984741211,9.914999961853027,9.977499961853027,232400
2008-02-08,4.795768737792969,10.25,10.369999885559082,10.092499732971191,10.092499732971191,256400
2008-02-11,4.712721347808838,10.072500228881836,10.2475004196167,10.029999732971191,10.172499656677246,228000
2008-02-12,4.731435775756836,10.112500190734863,10.217499732971191,10.02750015258789,10.172499656677246,256800
2008-02-13,4.816824436187744,10.295000076293945,10.295000076293945,10.1225004196167,10.237500190734863,209200
2008-02-14,4.751319885253906,10.154999732971191,10.34749984741211,10.092499732971191,10.305000305175781,230400
2008-02-15,4.683475971221924,10.010000228881836,10.239999771118164,9.882499694824219,10.22249984741211,307200
2008-02-19,4.7220778465271,10.092499732971191,10.117500305175781,9.927499771118164,10.0625,201200
2008-02-20,4.759507656097412,10.172499656677246,10.172499656677246,10.032500267028809,10.112500190734863,289600
2008-02-21,4.868290424346924,10.404999732971191,10.404999732971191,10.1850004196167,10.1850004196167,228400
2008-02-22,5.013332843780518,10.71500015258789,10.72249984741211,10.329999923706055,10.454999923706055,495600
2008-02-25,5.212183475494385,11.140000343322754,11.1875,10.729999542236328,10.729999542236328,696800
2008-02-26,5.458988189697266,11.667499542236328,11.727499961853027,11.272500038146973,11.327500343322754,505600
2008-02-27,5.473024368286133,11.697500228881836,11.742500305175781,11.507499694824219,11.667499542236328,484800
2008-02-28,5.475363254547119,11.702500343322754,11.859999656677246,11.654999732971191,11.702500343322754,393200
2008-02-29,5.22855806350708,11.175000190734863,11.702500343322754,11.077500343322754,11.702500343322754,325200
2008-03-03,5.212183475494385,11.140000343322754,11.295000076293945,11.114999771118164,11.147500038146973,316400
2008-03-04,5.091700553894043,10.882499694824219,11.1850004196167,10.787500381469727,11.125,421600
2008-03-05,5.144338607788086,10.994999885559082,11.050000190734863,10.949999809265137,10.97249984741211,302400
2008-03-06,5.096380710601807,10.892499923706055,11.287500381469727,10.854999542236328,10.97249984741211,396800
2008-03-07,5.094843864440918,10.774999618530273,10.962499618530273,10.697500228881836,10.720000267028809,332000
2008-03-10,4.961267471313477,10.492500305175781,10.845000267028809,10.364999771118164,10.845000267028809,433200
2008-03-11,4.91043758392334,10.385000228881836,10.59749984741211,10.182499885559082,10.59749984741211,492800
2008-03-12,4.922259330749512,10.40999984741211,10.59749984741211,10.352499961853027,10.477499961853027,356800
2008-03-13,4.996729373931885,10.567500114440918,10.75,10.270000457763672,10.380000114440918,411200
2008-03-14,5.085386753082275,10.755000114440918,10.77750015258789,10.470000267028809,10.517499923706055,773600
2008-03-17,4.911616325378418,10.387499809265137,10.827500343322754,10.342499732971191,10.390000343322754,1084000
2008-03-18,4.98963737487793,10.552499771118164,10.5649995803833,10.327500343322754,10.327500343322754,2329200
2008-03-19,4.74376106262207,10.032500267028809,10.510000228881836,9.994999885559082,10.467499732971191,2082800
2008-03-20,4.736668586730957,10.017499923706055,10.182499885559082,9.8100004196167,9.987500190734863,484000
2008-03-24,4.934079647064209,10.4350004196167,10.569999694824219,9.920000076293945,9.9350004196167,319200
2008-03-25,4.983726978302002,10.539999961853027,10.614999771118164,10.25,10.390000343322754,284400
2008-03-26,4.877337455749512,10.3149995803833,10.5600004196167,10.28499984741211,10.489999771118164,396000
2008-03-27,4.898616313934326,10.359999656677246,10.845000267028809,10.324999809265137,10.3774995803833,453600
2008-03-28,4.902162075042725,10.367500305175781,10.625,10.352499961853027,10.479999542236328,244400
2008-03-31,4.947082996368408,10.462499618530273,10.547499656677246,10.1899995803833,10.25,406800
2008-04-01,5.178772449493408,10.952500343322754,11.017499923706055,10.635000228881836,10.704999923706055,440800
2008-04-02,5.230784893035889,11.0625,11.27750015258789,10.8125,10.9375,521200
2008-04-03,5.350176811218262,11.3149995803833,11.335000038146973,11.09000015258789,11.125,291200
2008-04-04,5.309986114501953,11.229999542236328,11.319999694824219,11.142499923706055,11.25,189200
2008-04-07,5.236694812774658,11.074999809265137,11.232500076293945,11.0024995803833,11.204999923706055,278000
2008-04-08,5.174044609069824,10.942500114440918,11.045000076293945,10.892499923706055,11.045000076293945,190400
2008-04-09,5.142127990722656,10.875,10.882499694824219,10.7475004196167,10.84749984741211,290000
2008-04-10,5.242604732513428,11.087499618530273,11.09749984741211,10.84749984741211,10.90250015258789,217200
2008-04-11,5.138580322265625,10.867500305175781,11.192500114440918,10.792499542236328,11.095000267028809,277200
2008-04-14,5.116122722625732,10.819999694824219,10.914999961853027,10.717499732971191,10.887499809265137,211600
2008-04-15,5.097209930419922,10.779999732971191,10.835000038146973,10.662500381469727,10.71500015258789,307600
2008-04-16,5.13621711730957,10.862500190734863,10.992500305175781,10.772500038146973,10.824999809265137,244800
2008-04-17,5.159857749938965,10.912500381469727,10.944999694824219,10.737500190734863,10.817500114440918,253600
2008-04-18,5.281614780426025,11.170000076293945,11.177499771118164,11.015000343322754,11.100000381469727,366000
2008-04-21,5.227241516113281,11.055000305175781,11.279999732971191,10.975000381469727,11.25,266000
2008-04-22,5.210690021514893,11.020000457763672,11.095000267028809,10.920000076293945,10.942500114440918,170000
2008-04-23,5.092479228973389,10.770000457763672,10.957500457763672,10.697500228881836,10.957500457763672,183200
2008-04-24,5.194138526916504,10.984999656677246,11.037500381469727,10.697500228881836,10.697500228881836,152800
2008-04-25,5.166952610015869,10.927499771118164,11.007499694824219,10.850000381469727,10.989999771118164,257200
2008-04-28,5.21187162399292,11.022500038146973,11.102499961853027,10.9399995803833,11.047499656677246,273200
2008-04-29,5.215418338775635,11.029999732971191,11.217499732971191,10.96500015258789,11.102499961853027,190400
2008-04-30,5.242604732513428,11.087499618530273,11.204999923706055,10.979999542236328,11.117500305175781,231600
2008-05-01,5.263882160186768,11.132499694824219,11.182499885559082,10.8774995803833,11.012499809265137,365600
2008-05-02,5.278069496154785,11.162500381469727,11.234999656677246,11.024999618530273,11.1875,398400
2008-05-05,5.16340446472168,10.920000076293945,11.135000228881836,10.882499694824219,11.135000228881836,302800
2008-05-06,5.195321559906006,10.987500190734863,11.055000305175781,10.800000190734863,10.857500076293945,200000
2008-05-07,5.1681342124938965,10.930000305175781,11.074999809265137,10.857500076293945,11.0,403600
2008-05-08,5.28989315032959,11.1875,11.21500015258789,10.8125,10.827500343322754,322400
2008-05-09,5.20477819442749,11.007499694824219,11.3725004196167,10.984999656677246,11.177499771118164,380000
2008-05-12,5.220146179199219,11.039999961853027,11.107500076293945,10.9350004196167,11.052499771118164,447600
2008-05-13,5.226058006286621,11.052499771118164,11.082500457763672,10.970000267028809,11.017499923706055,303600
2008-05-14,5.286344051361084,11.180000305175781,11.25,11.095000267028809,11.09749984741211,370800
2008-05-15,5.396279811859131,11.412500381469727,11.427499771118164,11.267499923706055,11.267499923706055,231200
2008-05-16,5.442380905151367,11.510000228881836,11.670000076293945,11.479999542236328,11.532500267028809,260400
2008-05-19,5.3797287940979,11.3774995803833,11.614999771118164,11.335000038146973,11.579999923706055,232000
2008-05-20,5.489664554595947,11.609999656677246,11.675000190734863,11.432499885559082,11.447500228881836,439600
2008-05-21,5.588959693908691,11.819999694824219,11.97249984741211,11.52750015258789,11.52750015258789,501200
2008-05-22,5.5428595542907715,11.72249984741211,11.789999961853027,11.579999923706055,11.757499694824219,306000
2008-05-23,5.55586051940918,11.75,11.867500305175781,11.604999542236328,11.667499542236328,358400
2008-05-27,5.507397174835205,11.647500038146973,11.744999885559082,11.447500228881836,11.744999885559082,405200
2008-05-28,5.533402442932129,11.702500343322754,11.787500381469727,11.550000190734863,11.672499656677246,299200
2008-05-29,5.598416805267334,11.84000015258789,11.907500267028809,11.760000228881836,11.765000343322754,259600
2008-05-30,5.515671253204346,11.664999961853027,11.800000190734863,11.59000015258789,11.800000190734863,396400
2008-06-02,5.4388346672058105,11.5024995803833,11.600000381469727,11.395000457763672,11.539999961853027,274800
2008-06-03,5.365544319152832,11.34749984741211,11.5024995803833,11.324999809265137,11.449999809265137,212800
2008-06-04,5.2662482261657715,11.137499809265137,11.337499618530273,11.100000381469727,11.262499809265137,311600
2008-06-05,5.216602802276611,11.032500267028809,11.180000305175781,10.984999656677246,11.1225004196167,320400
2008-06-06,5.181491851806641,10.84749984741211,10.920000076293945,10.8100004196167,10.890000343322754,239600
2008-06-09,5.144472599029541,10.770000457763672,10.914999961853027,10.604999542236328,10.90250015258789,383200
2008-06-10,5.127753734588623,10.734999656677246,10.75,10.587499618530273,10.614999771118164,302000
2008-06-11,5.009530067443848,10.487500190734863,10.765000343322754,10.417499542236328,10.710000038146973,435200
2008-06-12,4.9999775886535645,10.467499732971191,10.482500076293945,10.352499961853027,10.417499542236328,264800
2008-06-13,4.979677200317383,10.425000190734863,10.524999618530273,10.357500076293945,10.420000076293945,361200
2008-06-16,5.028639316558838,10.52750015258789,10.600000381469727,10.40250015258789,10.477499961853027,268800
2008-06-17,5.115811824798584,10.710000038146973,10.732500076293945,10.550000190734863,10.5600004196167,187600
2008-06-18,5.108647346496582,10.694999694824219,10.824999809265137,10.587499618530273,10.619999885559082,368000
2008-06-19,5.173131942749023,10.829999923706055,10.850000381469727,10.617500305175781,10.694999694824219,255200
2008-06-20,5.164774417877197,10.8125,10.84749984741211,10.734999656677246,10.824999809265137,345200
2008-06-23,5.132530212402344,10.744999885559082,10.800000190734863,10.649999618530273,10.760000228881836,222400
2008-06-24,4.964153289794922,10.392499923706055,10.699999809265137,10.327500343322754,10.604999542236328,507200
2008-06-25,4.928328514099121,10.317500114440918,10.399999618530273,10.2475004196167,10.397500038146973,399200
2008-06-26,4.789804458618164,10.02750015258789,10.287500381469727,9.984999656677246,10.287500381469727,274000
2008-06-27,4.805327892303467,10.0600004196167,10.204999923706055,9.982500076293945,10.1225004196167,238400
2008-06-30,4.816076278686523,10.082500457763672,10.114999771118164,9.957500457763672,10.045000076293945,312800
2008-07-01,4.847124099731445,10.147500038146973,10.25,10.005000114440918,10.017499923706055,296000
2008-07-02,4.758756637573242,9.962499618530273,10.255000114440918,9.899999618530273,10.255000114440918,436800
2008-07-03,4.639340877532959,9.712499618530273,10.172499656677246,9.712499618530273,9.927499771118164,317600
2008-07-07,4.565300941467285,9.557499885559082,9.922499656677246,9.5,9.712499618530273,543600
2008-07-08,4.626204490661621,9.6850004196167,9.6899995803833,9.524999618530273,9.592499732971191,412000
2008-07-09,4.691884994506836,9.822500228881836,9.875,9.712499618530273,9.782500267028809,366800
2008-07-10,4.626204490661621,9.6850004196167,9.852499961853027,9.602499961853027,9.852499961853027,314400
2008-07-11,4.560525417327881,9.547499656677246,9.635000228881836,9.267499923706055,9.635000228881836,317600
2008-07-14,4.402894496917725,9.217499732971191,9.65999984741211,9.074999809265137,9.5625,403600
2008-07-15,4.295419216156006,8.992500305175781,9.107500076293945,8.899999618530273,9.0625,513200
2008-07-16,4.392146587371826,9.194999694824219,9.34749984741211,8.954999923706055,8.954999923706055,462000
2008-07-17,4.605902194976807,9.642499923706055,9.710000038146973,9.295000076293945,9.345000267028809,557200
2008-07-18,4.5617170333862305,9.550000190734863,9.699999809265137,9.494999885559082,9.649999618530273,378400
2008-07-21,4.52708625793457,9.477499961853027,9.604999542236328,9.412500381469727,9.604999542236328,355600
2008-07-22,4.438718795776367,9.292499542236328,9.489999771118164,9.270000457763672,9.442500114440918,406800
2008-07-23,4.382595539093018,9.175000190734863,9.3774995803833,9.104999542236328,9.287500381469727,807200
2008-07-24,4.272729396820068,8.944999694824219,9.212499618530273,8.917499542236328,9.15999984741211,454400
2008-07-25,4.27750825881958,8.954999923706055,9.087499618530273,8.90999984741211,9.012499809265137,289200
2008-07-28,4.23571252822876,8.867500305175781,8.96500015258789,8.8149995803833,8.912500381469727,319200
2008-07-29,4.165255069732666,8.720000267028809,8.8774995803833,8.657500267028809,8.8100004196167,597200
2008-07-30,4.160479545593262,8.710000038146973,8.710000038146973,8.630000114440918,8.710000038146973,743600
2008-07-31,4.2070512771606445,8.807499885559082,8.829999923706055,8.649999618530273,8.649999618530273,1216400
2008-08-01,4.190333366394043,8.772500038146973,8.952500343322754,8.7475004196167,8.887499809265137,415600
2008-08-04,4.170032024383545,8.729999542236328,8.819999694824219,8.640000343322754,8.725000381469727,205200
2008-08-05,4.256011009216309,8.90999984741211,8.979999542236328,8.587499618530273,8.720000267028809,385200
2008-08-06,4.25720739364624,8.912500381469727,8.949999809265137,8.795000076293945,8.795000076293945,355600
2008-08-07,4.241682529449463,8.880000114440918,8.949999809265137,8.829999923706055,8.882499694824219,298800
2008-08-08,4.410058975219727,9.232500076293945,9.322500228881836,8.887499809265137,8.887499809265137,513200
2008-08-11,4.303778648376465,9.010000228881836,9.220000267028809,8.899999618530273,9.220000267028809,437200
2008-08-12,4.358709812164307,9.125,9.1899995803833,9.024999618530273,9.047499656677246,338400
2008-08-13,4.218993186950684,8.832500457763672,9.0600004196167,8.762499809265137,9.0600004196167,400000
2008-08-14,4.246459007263184,8.890000343322754,8.9350004196167,8.787500381469727,8.792499542236328,323200
2008-08-15,4.189138889312744,8.770000457763672,8.859999656677246,8.6899995803833,8.84000015258789,306800
2008-08-18,4.181974411010742,8.755000114440918,8.824999809265137,8.667499542236328,8.824999809265137,456800
2008-08-19,4.160479545593262,8.710000038146973,8.78499984741211,8.675000190734863,8.7475004196167,229200
2008-08-20,4.228545665740967,8.852499961853027,8.852499961853027,8.702500343322754,8.762499809265137,225200
2008-08-21,4.413641929626465,9.239999771118164,9.244999885559082,8.864999771118164,8.882499694824219,294800
2008-08-22,4.443495750427246,9.302499771118164,9.479999542236328,9.234999656677246,9.479999542236328,602000
2008-08-25,4.395728588104248,9.202500343322754,9.4350004196167,9.199999809265137,9.302499771118164,481600
2008-08-26,4.331244468688965,9.067500114440918,9.2475004196167,9.029999732971191,9.2475004196167,309200
2008-08-27,4.467380523681641,9.352499961853027,9.3774995803833,9.100000381469727,9.112500190734863,336400
2008-08-28,4.653669357299805,9.742500305175781,9.7524995803833,9.395000457763672,9.40999984741211,543200
2008-08-29,4.632175922393799,9.697500228881836,9.702500343322754,9.569999694824219,9.667499542236328,457600
2008-09-02,4.517535209655762,9.457500457763672,9.779999732971191,9.425000190734863,9.712499618530273,692000
2008-09-03,4.48170804977417,9.382499694824219,9.520000457763672,9.300000190734863,9.47249984741211,431600
2008-09-04,4.4721574783325195,9.362500190734863,9.5024995803833,9.244999885559082,9.4350004196167,472800
2008-09-05,4.425585746765137,9.265000343322754,9.274999618530273,9.1225004196167,9.262499809265137,358000
2008-09-08,4.370261192321777,9.045000076293945,9.295000076293945,9.0,9.242500305175781,300000
2008-09-09,4.32556676864624,8.952500343322754,9.27750015258789,8.90250015258789,9.15250015258789,374800
2008-09-10,4.369052886962891,9.042499542236328,9.09749984741211,8.994999885559082,9.055000305175781,404000
2008-09-11,4.4717254638671875,9.255000114440918,9.34000015258789,8.887499809265137,8.982500076293945,465200
2008-09-12,4.556281566619873,9.430000305175781,9.505000114440918,9.104999542236328,9.212499618530273,282400
2008-09-15,4.4608540534973145,9.232500076293945,9.324999809265137,9.039999961853027,9.154999732971191,474800
2008-09-16,4.416162490844727,9.140000343322754,9.154999732971191,8.9350004196167,9.082500457763672,782800
2008-09-17,4.067071914672852,8.417499542236328,9.15250015258789,8.367500305175781,9.109999656677246,785600
2008-09-18,4.040497779846191,8.362500190734863,8.869999885559082,8.3149995803833,8.542499542236328,1778800
2008-09-19,4.365429401397705,9.03499984741211,9.092499732971191,8.395000457763672,8.720000267028809,778000
2008-09-22,4.292953968048096,8.885000228881836,9.295000076293945,8.832500457763672,9.0024995803833,497600
2008-09-23,4.254302501678467,8.805000305175781,9.02750015258789,8.742500305175781,8.897500038146973,448400
2008-09-24,4.210815906524658,8.71500015258789,8.90999984741211,8.694999694824219,8.795000076293945,357200
2008-09-25,4.276043891906738,8.850000381469727,8.932499885559082,8.707500457763672,8.805000305175781,508000
2008-09-26,4.343687057495117,8.989999771118164,8.989999771118164,8.770000457763672,8.770000457763672,563200
2008-09-29,4.1890740394592285,8.670000076293945,8.97249984741211,8.542499542236328,8.904999732971191,859200
2008-09-30,4.295370101928711,8.890000343322754,9.017499923706055,8.640000343322754,8.640000343322754,1041600
2008-10-01,4.492260932922363,9.297499656677246,9.329999923706055,8.667499542236328,8.757499694824219,555200
2008-10-02,4.222893714904785,8.739999771118164,9.21500015258789,8.675000190734863,9.132499694824219,704800
2008-10-03,4.180617332458496,8.65250015258789,9.032500267028809,8.625,8.897500038146973,617600
2008-10-06,3.9945969581604004,8.267499923706055,8.635000228881836,7.847499847412109,8.467499732971191,1229200
2008-10-07,3.7505970001220703,7.762499809265137,8.522500038146973,7.702499866485596,8.412500381469727,1652000
2008-10-08,3.734894275665283,7.730000019073486,7.977499961853027,7.090000152587891,7.840000152587891,1414400
2008-10-09,3.5778653621673584,7.40500020980835,8.082500457763672,7.237500190734863,7.892499923706055,1128800
2008-10-10,3.454655647277832,7.150000095367432,9.0625,6.707499980926514,7.107500076293945,1378000
2008-10-13,3.8460233211517334,7.960000038146973,7.960000038146973,7.1875,7.227499961853027,296800
2008-10-14,3.527130365371704,7.300000190734863,8.197500228881836,7.085000038146973,8.182499885559082,1000400
2008-10-15,3.4836459159851074,7.210000038146973,7.434999942779541,7.045000076293945,7.357500076293945,869200
2008-10-16,3.7131505012512207,7.684999942779541,7.732500076293945,7.042500019073486,7.25,1663200
2008-10-17,3.7602603435516357,7.78249979019165,7.982500076293945,7.377500057220459,7.445000171661377,952400
2008-10-20,3.9354095458984375,8.145000457763672,8.15250015258789,7.744999885559082,7.744999885559082,764000
2008-10-21,3.785625696182251,7.835000038146973,8.15999984741211,7.752500057220459,8.15999984741211,1331200
2008-10-22,3.6406760215759277,7.534999847412109,7.704999923706055,7.409999847412109,7.5625,975600
2008-10-23,3.623765707015991,7.5,7.617499828338623,7.195000171661377,7.412499904632568,1534000
2008-10-24,3.4993488788604736,7.242499828338623,7.349999904632568,6.849999904632568,6.9375,844000
2008-10-27,3.4027156829833984,7.042500019073486,7.352499961853027,7.027500152587891,7.197500228881836,1115200
2008-10-28,3.6298043727874756,7.512499809265137,7.53000020980835,7.019999980926514,7.239999771118164,953200
2008-10-29,3.810992479324341,7.887499809265137,8.282500267028809,7.550000190734863,7.702499866485596,1312000
2008-10-30,3.912458658218384,8.09749984741211,8.242500305175781,7.902500152587891,8.242500305175781,571600
2008-10-31,3.9378256797790527,8.149999618530273,8.2475004196167,7.864999771118164,7.987500190734863,1153200
2008-11-03,3.9897658824920654,8.257499694824219,8.297499656677246,8.107500076293945,8.2475004196167,436800
2008-11-04,4.198736667633057,8.6899995803833,8.7475004196167,8.425000190734863,8.614999771118164,584000
2008-11-05,4.064656734466553,8.412500381469727,8.869999885559082,8.352499961853027,8.734999656677246,722400
2008-11-06,3.8230721950531006,7.912499904632568,8.479999542236328,7.787499904632568,8.479999542236328,726000
2008-11-07,3.75301194190979,7.767499923706055,8.007499694824219,7.630000114440918,8.0,971600
2008-11-10,3.8218631744384766,7.909999847412109,7.962500095367432,7.364999771118164,7.712500095367432,2156400
2008-11-11,3.5742409229278564,7.397500038146973,7.802499771118164,7.277500152587891,7.802499771118164,946400
2008-11-12,3.417210102081299,7.072500228881836,7.380000114440918,6.922500133514404,7.300000190734863,946400
2008-11-13,3.647923231124878,7.550000190734863,7.550000190734863,6.992499828338623,7.175000190734863,1025600
2008-11-14,3.4812307357788086,7.204999923706055,7.545000076293945,7.192500114440918,7.5,938800
2008-11-17,3.5210912227630615,7.287499904632568,7.480000019073486,7.105000019073486,7.15749979019165,911600
2008-11-18,3.530754804611206,7.307499885559082,7.522500038146973,7.144999980926514,7.3125,1170800
2008-11-19,3.4160022735595703,7.070000171661377,7.5,7.057499885559082,7.232500076293945,1322000
2008-11-20,3.1116063594818115,6.440000057220459,6.992499828338623,6.367499828338623,6.90749979019165,996800
2008-11-21,3.165961980819702,6.552499771118164,6.795000076293945,6.119999885559082,6.767499923706055,1355600
2008-11-24,3.5065970420837402,7.257500171661377,7.297500133514404,6.797500133514404,6.835000038146973,1086800
2008-11-25,3.5500833988189697,7.347499847412109,7.635000228881836,7.130000114440918,7.40500020980835,984800
2008-11-26,3.484854221343994,7.212500095367432,7.369999885559082,6.570000171661377,7.074999809265137,966000
2008-11-28,3.473982095718384,7.190000057220459,7.232500076293945,6.809999942779541,6.860000133514404,286400
2008-12-01,3.408754348754883,7.054999828338623,7.387499809265137,7.027500152587891,7.28249979019165,1214400
2008-12-02,3.4075474739074707,7.052499771118164,7.357500076293945,6.78000020980835,7.275000095367432,1490000
2008-12-03,3.267428159713745,6.762499809265137,6.962500095367432,6.579999923706055,6.625,1570800
2008-12-04,3.191328763961792,6.605000019073486,6.885000228881836,6.519999980926514,6.695000171661377,1006000
2008-12-05,3.088656187057495,6.392499923706055,6.692500114440918,6.197500228881836,6.472499847412109,1221600
2008-12-08,3.347151041030884,6.927499771118164,6.965000152587891,6.642499923706055,6.659999847412109,1488400
2008-12-09,3.288365125656128,6.712500095367432,6.864999771118164,6.465000152587891,6.75,1615600
2008-12-10,3.207533121109009,6.547500133514404,6.894999980926514,6.385000228881836,6.889999866485596,771600
2008-12-11,3.140174627304077,6.409999847412109,6.675000190734863,6.347499847412109,6.664999961853027,858000
2008-12-12,3.2393767833709717,6.612500190734863,6.712500095367432,6.177499771118164,6.182499885559082,865600
2008-12-15,3.1009840965270996,6.329999923706055,6.652500152587891,6.235000133514404,6.619999885559082,900000
2008-12-16,3.148746967315674,6.427499771118164,6.505000114440918,6.195000171661377,6.329999923706055,1165200
2008-12-17,3.148746967315674,6.427499771118164,6.71750020980835,6.047500133514404,6.355000019073486,1658800
2008-12-18,3.038522958755493,6.202499866485596,6.372499942779541,6.175000190734863,6.340000152587891,1019200
2008-12-19,3.0446465015411377,6.215000152587891,6.28000020980835,6.112500190734863,6.132500171661377,904000
2008-12-22,3.1071066856384277,6.34250020980835,6.402500152587891,6.224999904632568,6.25,1063600
2008-12-23,3.081387758255005,6.289999961853027,6.487500190734863,6.235000133514404,6.287499904632568,1128000
2008-12-24,3.1560959815979004,6.442500114440918,6.472499847412109,6.269999980926514,6.28000020980835,393200
2008-12-26,3.315307855606079,6.767499923706055,6.989999771118164,6.417500019073486,6.512499809265137,1412400
2008-12-29,3.312859296798706,6.762499809265137,6.925000190734863,6.512499809265137,6.772500038146973,3755200
2008-12-30,3.486769914627075,7.117499828338623,7.15500020980835,6.684999942779541,6.78249979019165,1962800
2008-12-31,3.4806461334228516,7.105000019073486,7.162499904632568,7.002500057220459,7.127500057220459,1192800
2009-01-02,3.502690076828003,7.150000095367432,7.179999828338623,7.067500114440918,7.072500228881836,678400
2009-01-05,3.574948787689209,7.297500133514404,7.297500133514404,7.09250020980835,7.182499885559082,1270000
2009-01-06,3.4904427528381348,7.125,7.434999942779541,7.067500114440918,7.355000019073486,1700800
2009-01-07,3.416959047317505,6.974999904632568,7.195000171661377,6.887499809265137,7.037499904632568,1611600
2009-01-08,3.4610493183135986,7.065000057220459,7.074999809265137,6.840000152587891,6.997499942779541,1104800
2009-01-09,3.4022631645202637,6.945000171661377,7.0625,6.889999866485596,7.0625,927600
2009-01-12,3.3177576065063477,6.772500038146973,6.949999809265137,6.737500190734863,6.864999771118164,1200800
2009-01-13,3.386343479156494,6.912499904632568,6.949999809265137,6.744999885559082,6.78000020980835,1114000
2009-01-14,3.2626452445983887,6.659999847412109,6.75,6.567500114440918,6.75,1036800
2009-01-15,3.2834653854370117,6.702499866485596,6.710000038146973,6.445000171661377,6.675000190734863,790000
2009-01-16,3.288365125656128,6.712500095367432,6.940000057220459,6.602499961853027,6.927499771118164,559600
2009-01-20,3.153646230697632,6.4375,6.807499885559082,6.340000152587891,6.804999828338623,1222000
2009-01-21,3.1683435440063477,6.46750020980835,6.489999771118164,6.269999980926514,6.440000057220459,822400
2009-01-22,3.1450726985931396,6.420000076293945,6.485000133514404,6.287499904632568,6.300000190734863,581600
2009-01-23,3.1940629482269287,6.519999980926514,6.59250020980835,6.297500133514404,6.317500114440918,779200
2009-01-26,3.206308364868164,6.545000076293945,6.692500114440918,6.449999809265137,6.605000019073486,498400
2009-01-27,3.19651198387146,6.525000095367432,6.607500076293945,6.417500019073486,6.53000020980835,349600
2009-01-28,3.337353229522705,6.8125,6.864999771118164,6.662499904632568,6.670000076293945,667600
2009-01-29,3.287140130996704,6.710000038146973,6.952499866485596,6.670000076293945,6.787499904632568,1623600
2009-01-30,3.2773427963256836,6.690000057220459,6.760000228881836,6.582499980926514,6.6875,1186400
2009-02-02,3.1879372596740723,6.507500171661377,6.607500076293945,6.485000133514404,6.577499866485596,1247600
2009-02-03,3.19651198387146,6.525000095367432,6.559999942779541,6.389999866485596,6.482500076293945,1053200
2009-02-04,3.1928374767303467,6.517499923706055,6.784999847412109,6.445000171661377,6.570000171661377,996400
2009-02-05,3.1952857971191406,6.522500038146973,6.59250020980835,6.440000057220459,6.547500133514404,853600
2009-02-06,3.217331647872925,6.567500114440918,6.622499942779541,6.40500020980835,6.454999923706055,1096800
2009-02-09,3.2344768047332764,6.602499961853027,6.625,6.502500057220459,6.542500019073486,828400
2009-02-10,3.123028039932251,6.375,6.590000152587891,6.332499980926514,6.5,649200
2009-02-11,3.1132287979125977,6.355000019073486,6.46750020980835,6.315000057220459,6.387499809265137,621200
2009-02-12,3.229579210281372,6.59250020980835,6.617499828338623,6.257500171661377,6.317500114440918,1422000
2009-02-13,3.1989598274230957,6.53000020980835,6.639999866485596,6.489999771118164,6.539999961853027,597600
2009-02-17,3.033623218536377,6.192500114440918,6.297500133514404,6.067500114440918,6.277500152587891,630400
2009-02-18,3.0005571842193604,6.125,6.347499847412109,6.087500095367432,6.320000171661377,915600
2009-02-19,2.984635353088379,6.09250020980835,6.25,6.070000171661377,6.179999828338623,602800
2009-02-20,2.984635353088379,6.09250020980835,6.167500019073486,6.0,6.0,678400
2009-02-23,2.9172749519348145,5.954999923706055,6.242499828338623,5.934999942779541,6.099999904632568,659200
2009-02-24,3.0262744426727295,6.177499771118164,6.197500228881836,5.882500171661377,5.917500019073486,814800
2009-02-25,2.9540176391601562,6.03000020980835,6.227499961853027,5.882500171661377,6.152500152587891,744400
2009-02-26,3.0875113010406494,6.302499771118164,6.380000114440918,6.074999809265137,6.135000228881836,1109600
2009-02-27,3.1046578884124756,6.337500095367432,6.394999980926514,6.139999866485596,6.144999980926514,1014400
2009-03-02,2.928297519683838,5.977499961853027,6.237500190734863,5.934999942779541,6.175000190734863,1543600
2009-03-03,2.886657476425171,5.892499923706055,6.054999828338623,5.855000019073486,5.96999979019165,1544800
2009-03-04,3.003005266189575,6.130000114440918,6.15500020980835,5.860000133514404,5.902500152587891,1060800
2009-03-05,2.9099276065826416,5.940000057220459,6.170000076293945,5.877500057220459,6.110000133514404,803200
2009-03-06,2.8842074871063232,5.887499809265137,6.027500152587891,5.809999942779541,5.934999942779541,536400
2009-03-09,2.8280951976776123,5.682499885559082,5.767499923706055,5.614999771118164,5.71999979019165,758400
2009-03-10,2.9637131690979004,5.954999923706055,6.072500228881836,5.75,5.75,600800
2009-03-11,2.8940370082855225,5.815000057220459,6.014999866485596,5.769999980926514,5.965000152587891,720400
2009-03-12,2.9425628185272217,5.912499904632568,5.922500133514404,5.800000190734863,5.822500228881836,1004800
2009-03-13,3.042099952697754,6.112500190734863,6.119999885559082,5.889999866485596,5.980000019073486,656400
2009-03-16,3.0806703567504883,6.190000057220459,6.315000057220459,6.017499923706055,6.117499828338623,824000
2009-03-17,3.20011305809021,6.429999828338623,6.429999828338623,6.127500057220459,6.247499942779541,571200
2009-03-18,3.2784993648529053,6.587500095367432,6.659999847412109,6.262499809265137,6.40500020980835,810400
2009-03-19,3.2523715496063232,6.534999847412109,6.672500133514404,6.474999904632568,6.650000095367432,635600
2009-03-20,3.210066556930542,6.449999809265137,6.619999885559082,6.440000057220459,6.534999847412109,441600
2009-03-23,3.36808180809021,6.767499923706055,6.769999980926514,6.527500152587891,6.527500152587891,601200
2009-03-24,3.3282673358917236,6.6875,6.8125,6.684999942779541,6.760000228881836,627600
2009-03-25,3.3830130100250244,6.797500133514404,6.827499866485596,6.690000057220459,6.767499923706055,842400
2009-03-26,3.4091410636901855,6.849999904632568,6.869999885559082,6.702499866485596,6.769999980926514,1239200
2009-03-27,3.4228286743164062,6.877500057220459,6.909999847412109,6.670000076293945,6.78000020980835,1190000
2009-03-30,3.2971625328063965,6.625,6.667500019073486,6.425000190734863,6.667500019073486,2169200
2009-03-31,3.27974271774292,6.590000152587891,6.712500095367432,6.577499866485596,6.704999923706055,1926800
2009-04-01,3.3394663333892822,6.710000038146973,6.742499828338623,6.497499942779541,6.559999942779541,2178000
2009-04-02,3.4638843536376953,6.960000038146973,7.050000190734863,6.829999923706055,6.829999923706055,1562800
2009-04-03,3.4190962314605713,6.869999885559082,7.017499923706055,6.755000114440918,6.9375,2183600
2009-04-06,3.488771438598633,7.010000228881836,7.025000095367432,6.832499980926514,6.974999904632568,1789600
2009-04-07,3.4501991271972656,6.932499885559082,7.0,6.862500190734863,6.927499771118164,1359600
2009-04-08,3.425316572189331,6.882500171661377,7.017499923706055,6.769999980926514,6.949999809265137,1087200
2009-04-09,3.0669825077056885,6.162499904632568,6.715000152587891,6.074999809265137,6.664999961853027,2918000
2009-04-13,3.0396101474761963,6.107500076293945,6.142499923706055,5.977499961853027,5.977499961853027,1074000
2009-04-14,2.9537596702575684,5.934999942779541,6.107500076293945,5.90749979019165,6.107500076293945,1066800
2009-04-15,2.9624691009521484,5.952499866485596,5.957499980926514,5.862500190734863,5.922500133514404,702000
2009-04-16,3.008505344390869,6.045000076293945,6.072500228881836,5.900000095367432,6.047500133514404,628000
2009-04-17,3.015969753265381,6.059999942779541,6.135000228881836,6.025000095367432,6.079999923706055,748400
2009-04-20,2.8952829837799072,5.817500114440918,5.989999771118164,5.804999828338623,5.980000019073486,610400
2009-04-21,2.921410322189331,5.869999885559082,5.880000114440918,5.767499923706055,5.767499923706055,502000
2009-04-22,2.913944721221924,5.855000019073486,6.034999847412109,5.815000057220459,5.840000152587891,658000
2009-04-23,2.9301202297210693,5.887499809265137,5.892499923706055,5.802499771118164,5.827499866485596,617200
2009-04-24,2.9599807262420654,5.947500228881836,5.992499828338623,5.882500171661377,5.882500171661377,520000
2009-04-27,2.881596326828003,5.789999961853027,5.960000038146973,5.760000228881836,5.942500114440918,715200
2009-04-28,2.8977694511413574,5.822500228881836,5.867499828338623,5.75,5.767499923706055,577200
2009-04-29,2.908968687057495,5.84499979019165,5.914999961853027,5.815000057220459,5.885000228881836,536800
2009-04-30,2.8927929401397705,5.8125,5.929999828338623,5.804999828338623,5.877500057220459,516400
2009-05-01,2.9027462005615234,5.832499980926514,5.882500171661377,5.75,5.784999847412109,437200
2009-05-04,2.986109495162964,6.0,6.0,5.84250020980835,5.922500133514404,604000
2009-05-05,2.988598585128784,6.005000114440918,6.070000171661377,5.922500133514404,5.987500190734863,1461200
2009-05-06,3.1155083179473877,6.260000228881836,6.264999866485596,5.994999885559082,6.025000095367432,758400
2009-05-07,3.1764726638793945,6.382500171661377,6.432499885559082,6.272500038146973,6.315000057220459,975200
2009-05-08,3.23868465423584,6.507500171661377,6.554999828338623,6.46999979019165,6.53249979019165,920800
2009-05-11,3.1864280700683594,6.402500152587891,6.485000133514404,6.360000133514404,6.477499961853027,545200
2009-05-12,3.193892478942871,6.417500019073486,6.489999771118164,6.357500076293945,6.400000095367432,494000
2009-05-13,3.109285831451416,6.247499942779541,6.380000114440918,6.227499961853027,6.377500057220459,488000
2009-05-14,3.1752283573150635,6.380000114440918,6.414999961853027,6.230000019073486,6.247499942779541,480800
2009-05-15,3.0844013690948486,6.197500228881836,6.394999980926514,6.167500019073486,6.317500114440918,377200
2009-05-18,3.1155083179473877,6.260000228881836,6.28249979019165,6.130000114440918,6.190000057220459,256000
2009-05-19,3.1814515590667725,6.392499923706055,6.425000190734863,6.309999942779541,6.377500057220459,590000
2009-05-20,3.2399284839630127,6.510000228881836,6.59250020980835,6.394999980926514,6.402500152587891,564000
2009-05-21,3.2859649658203125,6.602499961853027,6.610000133514404,6.447500228881836,6.507500171661377,605200
2009-05-22,3.282231330871582,6.59499979019165,6.699999809265137,6.585000038146973,6.659999847412109,406000
2009-05-26,3.415362596511841,6.862500190734863,6.864999771118164,6.567500114440918,6.574999809265137,764000
2009-05-27,3.401676654815674,6.835000038146973,6.992499828338623,6.822500228881836,6.862500190734863,532000
2009-05-28,3.4166066646575928,6.864999771118164,6.952499866485596,6.775000095367432,6.837500095367432,427200
2009-05-29,3.536052703857422,7.105000019073486,7.119999885559082,6.872499942779541,6.90500020980835,579200
2009-06-01,3.5684010982513428,7.170000076293945,7.287499904632568,7.15500020980835,7.190000057220459,454000
2009-06-02,3.6119489669799805,7.257500171661377,7.322500228881836,7.177499771118164,7.215000152587891,583600
2009-06-03,3.5273404121398926,7.087500095367432,7.257500171661377,7.052499771118164,7.257500171661377,655200
2009-06-04,3.570889711380005,7.175000190734863,7.190000057220459,7.025000095367432,7.102499961853027,369200
2009-06-05,3.5223641395568848,7.077499866485596,7.162499904632568,7.047500133514404,7.15749979019165,458000
2009-06-08,3.559130907058716,7.042500019073486,7.0625,6.932499885559082,6.934999942779541,431600
2009-06-09,3.5705013275146484,7.065000057220459,7.147500038146973,7.03000020980835,7.147500038146973,321200
2009-06-10,3.518699884414673,6.962500095367432,7.105000019073486,6.914999961853027,7.099999904632568,300400
2009-06-11,3.5907180309295654,7.105000019073486,7.179999828338623,7.005000114440918,7.054999828338623,464400
2009-06-12,3.49343204498291,6.912499904632568,7.077499866485596,6.84250020980835,7.077499866485596,420400
2009-06-15,3.3670876026153564,6.662499904632568,6.877500057220459,6.590000152587891,6.877500057220459,489600
2009-06-16,3.3418190479278564,6.612500190734863,6.744999885559082,6.53249979019165,6.697500228881836,604400
2009-06-17,3.3152847290039062,6.559999942779541,6.607500076293945,6.4375,6.59250020980835,530400
2009-06-18,3.3190765380859375,6.567500114440918,6.632500171661377,6.480000019073486,6.574999809265137,507600
2009-06-19,3.3203394412994385,6.570000171661377,6.632500171661377,6.512499809265137,6.607500076293945,307200
2009-06-22,3.2116827964782715,6.355000019073486,6.494999885559082,6.335000038146973,6.46750020980835,426400
2009-06-23,3.218001127243042,6.367499828338623,6.377500057220459,6.277500152587891,6.337500095367432,337200
2009-06-24,3.257166624069214,6.445000171661377,6.570000171661377,6.409999847412109,6.409999847412109,360800
2009-06-25,3.255903720855713,6.442500114440918,6.462500095367432,6.372499942779541,6.429999828338623,400000
2009-06-26,3.262221336364746,6.454999923706055,6.477499961853027,6.425000190734863,6.447500228881836,335200
2009-06-29,3.295071601867676,6.519999980926514,6.522500038146973,6.409999847412109,6.417500019073486,709600
2009-06-30,3.259692907333374,6.449999809265137,6.537499904632568,6.392499923706055,6.4375,796800
2009-07-01,3.267273426055908,6.465000152587891,6.537499904632568,6.442500114440918,6.512499809265137,349600
2009-07-02,3.242004871368408,6.414999961853027,6.567500114440918,6.412499904632568,6.445000171661377,522800
2009-07-06,3.268538236618042,6.46750020980835,6.487500190734863,6.402500152587891,6.412499904632568,397200
2009-07-07,3.1624093055725098,6.257500171661377,6.489999771118164,6.252500057220459,6.392499923706055,571600
2009-07-08,3.1737797260284424,6.28000020980835,6.397500038146973,6.172500133514404,6.315000057220459,533200
2009-07-09,3.187678337097168,6.307499885559082,6.337500095367432,6.235000133514404,6.284999847412109,262800
2009-07-10,3.1510376930236816,6.235000133514404,6.300000190734863,6.172500133514404,6.300000190734863,361600
2009-07-13,3.178832530975342,6.289999961853027,6.295000076293945,6.172500133514404,6.264999866485596,380400
2009-07-14,3.191467761993408,6.315000057220459,6.400000095367432,6.275000095367432,6.357500076293945,402400
2009-07-15,3.2773826122283936,6.485000133514404,6.505000114440918,6.400000095367432,6.40749979019165,276000
2009-07-16,3.348134994506836,6.625,6.650000095367432,6.457499980926514,6.485000133514404,383600
2009-07-17,3.3178131580352783,6.565000057220459,6.65500020980835,6.547500133514404,6.644999980926514,274000
2009-07-20,3.3443448543548584,6.617499828338623,6.650000095367432,6.565000057220459,6.630000114440918,308000
2009-07-21,3.4201507568359375,6.767499923706055,6.767499923706055,6.625,6.644999980926514,320800
2009-07-22,3.4163620471954346,6.760000228881836,6.820000171661377,6.75,6.75,226400
2009-07-23,3.546497344970703,7.017499923706055,7.034999847412109,6.737500190734863,6.795000076293945,450800
2009-07-24,3.5881896018981934,7.099999904632568,7.114999771118164,7.005000114440918,7.005000114440918,270000
2009-07-27,3.511120080947876,6.947500228881836,7.142499923706055,6.934999942779541,7.099999904632568,332000
2009-07-28,3.4353137016296387,6.797500133514404,6.929999828338623,6.747499942779541,6.929999828338623,452400
2009-07-29,3.3948822021484375,6.71750020980835,6.795000076293945,6.670000076293945,6.752500057220459,344400
2009-07-30,3.4289958477020264,6.784999847412109,6.887499809265137,6.744999885559082,6.822500228881836,517200
2009-07-31,3.4643728733062744,6.855000019073486,6.920000076293945,6.804999828338623,6.804999828338623,725600
2009-08-03,3.5982987880706787,7.119999885559082,7.125,6.922500133514404,6.940000057220459,293200
2009-08-04,3.5970349311828613,7.117499828338623,7.117499828338623,7.017499923706055,7.117499828338623,257600
2009-08-05,3.5679750442504883,7.059999942779541,7.137499809265137,7.012499809265137,7.117499828338623,471600
2009-08-06,3.501012086868286,6.927499771118164,7.099999904632568,6.885000228881836,7.070000171661377,378000
2009-08-07,3.691793441772461,7.304999828338623,7.364999771118164,6.880000114440918,6.929999828338623,590000
2009-08-10,3.6778953075408936,7.277500152587891,7.34250020980835,7.182499885559082,7.264999866485596,488400
2009-08-11,3.642519235610962,7.207499980926514,7.247499942779541,7.162499904632568,7.162499904632568,631600
2009-08-12,3.7435946464538574,7.40749979019165,7.487500190734863,7.224999904632568,7.224999904632568,467200
2009-08-13,3.7347490787506104,7.389999866485596,7.570000171661377,7.385000228881836,7.517499923706055,476800
2009-08-14,3.761281967163086,7.442500114440918,7.5,7.385000228881836,7.454999923706055,408000
2009-08-17,3.645045757293701,7.212500095367432,7.315000057220459,7.207499980926514,7.304999828338623,310400
2009-08-18,3.645045757293701,7.212500095367432,7.264999866485596,7.170000076293945,7.215000152587891,240800
2009-08-19,3.6564157009124756,7.235000133514404,7.252500057220459,7.137499809265137,7.139999866485596,492400
2009-08-20,3.6968462467193604,7.315000057220459,7.355000019073486,7.190000057220459,7.237500190734863,289200
2009-08-21,3.784025192260742,7.487500190734863,7.53000020980835,7.409999847412109,7.427499771118164,399200
2009-08-24,3.7701268196105957,7.460000038146973,7.539999961853027,7.434999942779541,7.5,639600
2009-08-25,3.777707815170288,7.474999904632568,7.597499847412109,7.4375,7.510000228881836,536400
2009-08-26,3.73980450630188,7.400000095367432,7.414999961853027,7.360000133514404,7.380000114440918,333200
2009-08-27,3.795396327972412,7.510000228881836,7.525000095367432,7.269999980926514,7.385000228881836,428400
2009-08-28,3.736013174057007,7.392499923706055,7.59499979019165,7.372499942779541,7.557499885559082,521200
2009-08-31,3.736013174057007,7.392499923706055,7.425000190734863,7.227499961853027,7.277500152587891,415200
2009-09-01,3.6336753368377686,7.190000057220459,7.477499961853027,7.170000076293945,7.414999961853027,542800
2009-09-02,3.6147236824035645,7.152500152587891,7.197500228881836,7.0625,7.137499809265137,458000
2009-09-03,3.682948589324951,7.287499904632568,7.360000133514404,7.167500019073486,7.167500019073486,700400
2009-09-04,3.847198009490967,7.612500190734863,7.622499942779541,7.324999809265137,7.324999809265137,671600
2009-09-08,3.942687511444092,7.690000057220459,7.8125,7.607500076293945,7.607500076293945,489600
2009-09-09,3.926024913787842,7.65749979019165,7.744999885559082,7.637499809265137,7.730000019073486,422800
2009-09-10,4.022156715393066,7.84499979019165,7.872499942779541,7.637499809265137,7.690000057220459,356400
2009-09-11,4.024719715118408,7.849999904632568,7.860000133514404,7.760000228881836,7.795000076293945,461200
2009-09-14,4.020875930786133,7.84250020980835,7.949999809265137,7.762499809265137,7.860000133514404,320000
2009-09-15,4.077272415161133,7.952499866485596,8.012499809265137,7.860000133514404,7.882500171661377,352400
2009-09-16,4.087526798248291,7.972499847412109,8.0024995803833,7.90749979019165,8.0024995803833,332000
2009-09-17,4.015747547149658,7.832499980926514,7.932499885559082,7.8125,7.84499979019165,310000
2009-09-18,3.977295398712158,7.757500171661377,7.860000133514404,7.699999809265137,7.852499961853027,286000
2009-09-21,3.9016716480255127,7.610000133514404,7.644999980926514,7.559999942779541,7.639999866485596,727200
2009-09-22,3.8773176670074463,7.5625,7.727499961853027,7.554999828338623,7.677499771118164,384800
2009-09-23,3.9234609603881836,7.652500152587891,7.75,7.570000171661377,7.590000152587891,416000
2009-09-24,3.835019826889038,7.480000019073486,7.71999979019165,7.454999923706055,7.71999979019165,379600
2009-09-25,3.811948537826538,7.434999942779541,7.497499942779541,7.425000190734863,7.485000133514404,170800
2009-09-28,3.851684093475342,7.512499809265137,7.53000020980835,7.447500228881836,7.447500228881836,273200
2009-09-29,3.91448974609375,7.635000228881836,7.704999923706055,7.46750020980835,7.497499942779541,526800
2009-09-30,3.9849863052368164,7.772500038146973,7.795000076293945,7.619999885559082,7.71999979019165,712400
2009-10-01,3.8375840187072754,7.485000133514404,7.764999866485596,7.477499961853027,7.764999866485596,414000
2009-10-02,3.83886456489563,7.487500190734863,7.527500152587891,7.349999904632568,7.392499923706055,344400
2009-10-05,3.878600835800171,7.565000057220459,7.602499961853027,7.489999771118164,7.5625,325600
2009-10-06,3.932433605194092,7.670000076293945,7.777500152587891,7.644999980926514,7.675000190734863,381200
2009-10-07,3.8721909523010254,7.552499771118164,7.672500133514404,7.534999847412109,7.644999980926514,598400
2009-10-08,3.9414069652557373,7.6875,7.712500095367432,7.534999847412109,7.627500057220459,456000
2009-10-09,3.92987060546875,7.664999961853027,7.732500076293945,7.630000114440918,7.715000152587891,241200
2009-10-12,3.919617176055908,7.644999980926514,7.727499961853027,7.622499942779541,7.650000095367432,111600
2009-10-13,3.94525408744812,7.695000171661377,7.739999771118164,7.59250020980835,7.727499961853027,203200
2009-10-14,3.904235363006592,7.614999771118164,7.829999923706055,7.587500095367432,7.732500076293945,406800
2009-10-15,3.7901577949523926,7.392499923706055,7.585000038146973,7.367499828338623,7.537499904632568,607200
2009-10-16,3.7952864170074463,7.402500152587891,7.492499828338623,7.315000057220459,7.375,443600
2009-10-19,3.829892635345459,7.46999979019165,7.494999885559082,7.355000019073486,7.420000076293945,475600
2009-10-20,3.8055408000946045,7.422500133514404,7.46999979019165,7.372499942779541,7.452499866485596,396400
2009-10-21,3.761960506439209,7.337500095367432,7.482500076293945,7.304999828338623,7.389999866485596,418400
2009-10-22,3.810666799545288,7.432499885559082,7.5,7.28000020980835,7.3125,600400
2009-10-23,3.7696518898010254,7.352499961853027,7.440000057220459,7.322500228881836,7.440000057220459,382800
2009-10-26,3.73376202583313,7.28249979019165,7.570000171661377,7.260000228881836,7.40749979019165,653600
2009-10-27,3.740170478820801,7.295000076293945,7.352499961853027,7.237500190734863,7.267499923706055,789200
2009-10-28,3.673518657684326,7.164999961853027,7.277500152587891,7.147500038146973,7.277500152587891,460800
2009-10-29,3.7247889041900635,7.264999866485596,7.28249979019165,7.152500152587891,7.167500019073486,536400
2009-10-30,3.78759503364563,7.387499809265137,7.482500076293945,7.267499923706055,7.382500171661377,1568400
2009-11-02,3.7504239082336426,7.315000057220459,7.477499961853027,7.260000228881836,7.387499809265137,846800
2009-11-03,3.73504376411438,7.284999847412109,7.362500190734863,7.264999866485596,7.28000020980835,1106400
2009-11-04,3.7747771739959717,7.362500190734863,7.392499923706055,7.320000171661377,7.364999771118164,669200
2009-11-05,3.841428518295288,7.492499828338623,7.492499828338623,7.364999771118164,7.364999771118164,419200
2009-11-06,3.78374981880188,7.380000114440918,7.527500152587891,7.367499828338623,7.527500152587891,450800
2009-11-09,3.870910406112671,7.550000190734863,7.597499847412109,7.510000228881836,7.517499923706055,468800
2009-11-10,3.873473882675171,7.554999828338623,7.570000171661377,7.434999942779541,7.545000076293945,484800
2009-11-11,3.83886456489563,7.487500190734863,7.625,7.457499980926514,7.565000057220459,390000
2009-11-12,3.777341604232788,7.367499828338623,7.477499961853027,7.340000152587891,7.477499961853027,280000
2009-11-13,3.791440725326538,7.394999980926514,7.414999961853027,7.340000152587891,7.357500076293945,281200
2009-11-16,3.850402355194092,7.510000228881836,7.539999961853027,7.425000190734863,7.457499980926514,371600
2009-11-17,3.851684093475342,7.512499809265137,7.539999961853027,7.452499866485596,7.465000152587891,160400
2009-11-18,3.8901357650756836,7.587500095367432,7.597499847412109,7.5,7.59250020980835,332000
2009-11-19,3.9670417308807373,7.737500190734863,7.762499809265137,7.5,7.585000038146973,615600
2009-11-20,3.951660394668579,7.707499980926514,7.787499904632568,7.625,7.724999904632568,399200
2009-11-23,4.010621547698975,7.822500228881836,7.887499809265137,7.787499904632568,7.855000019073486,314000
2009-11-24,4.000368595123291,7.802499771118164,7.849999904632568,7.712500095367432,7.849999904632568,216800
2009-11-25,4.052919864654541,7.90500020980835,7.934999942779541,7.8125,7.849999904632568,225200
2009-11-27,3.909362554550171,7.625,7.684999942779541,7.482500076293945,7.514999866485596,268800
2009-11-30,3.926024913787842,7.65749979019165,7.724999904632568,7.632500171661377,7.632500171661377,356000
2009-12-01,4.010621547698975,7.822500228881836,7.882500171661377,7.75,7.757500171661377,292800
2009-12-02,4.075991630554199,7.949999809265137,7.960000038146973,7.78249979019165,7.817500114440918,372400
2009-12-03,4.079836845397949,7.957499980926514,8.029999732971191,7.837500095367432,7.942500114440918,431600
2009-12-04,4.052919864654541,7.90500020980835,8.077500343322754,7.889999866485596,8.015000343322754,395600
2009-12-07,4.128542423248291,8.052499771118164,8.09749984741211,7.949999809265137,7.952499866485596,508400
2009-12-08,4.083682060241699,7.965000152587891,8.072500228881836,7.922500133514404,8.037500381469727,471200
2009-12-09,4.057809352874756,7.802499771118164,7.925000190734863,7.662499904632568,7.925000190734863,596800
2009-12-10,4.022703647613525,7.735000133514404,7.864999771118164,7.670000076293945,7.802499771118164,460800
2009-12-11,3.8978898525238037,7.494999885559082,7.702499866485596,7.409999847412109,7.679999828338623,1107200
2009-12-14,3.8094775676727295,7.324999809265137,7.485000133514404,7.287499904632568,7.485000133514404,744800
2009-12-15,3.8068783283233643,7.320000171661377,7.367499828338623,7.1875,7.349999904632568,826800
2009-12-16,3.8978898525238037,7.494999885559082,7.527500152587891,7.34499979019165,7.527500152587891,597200
2009-12-17,3.8653838634490967,7.432499885559082,7.510000228881836,7.357500076293945,7.510000228881836,624800
2009-12-18,3.909590482711792,7.517499923706055,7.534999847412109,7.412499904632568,7.477499961853027,462800
2009-12-21,3.957695960998535,7.610000133514404,7.702499866485596,7.559999942779541,7.622499942779541,373200
2009-12-22,3.932992458343506,7.5625,7.664999961853027,7.522500038146973,7.664999961853027,326000
2009-12-23,3.9902000427246094,7.672500133514404,7.684999942779541,7.587500095367432,7.587500095367432,250000
2009-12-24,3.9902000427246094,7.672500133514404,7.71750020980835,7.659999847412109,7.684999942779541,93600
2009-12-28,4.021402359008789,7.732500076293945,7.739999771118164,7.672500133514404,7.727499961853027,88400
2009-12-29,4.039605140686035,7.767499923706055,7.862500190734863,7.764999866485596,7.769999980926514,185200
2009-12-30,3.998000383377075,7.6875,7.742499828338623,7.650000095367432,7.664999961853027,248400
2009-12-31,4.050008773803711,7.787499904632568,7.835000038146973,7.704999923706055,7.704999923706055,310400
2010-01-04,4.117615222930908,7.917500019073486,7.934999942779541,7.867499828338623,7.894999980926514,580400
2010-01-05,4.118916034698486,7.920000076293945,8.0,7.832499980926514,7.942500114440918,739600
2010-01-06,4.092913627624512,7.869999885559082,8.005000114440918,7.809999942779541,7.932499885559082,1178800
2010-01-07,4.072110652923584,7.829999923706055,7.889999866485596,7.809999942779541,7.860000133514404,892000
2010-01-08,4.134517669677734,7.949999809265137,7.96999979019165,7.837500095367432,7.889999866485596,287200
2010-01-11,4.147518634796143,7.974999904632568,7.982500076293945,7.912499904632568,7.965000152587891,308400
2010-01-12,4.122817039489746,7.927499771118164,7.974999904632568,7.90500020980835,7.957499980926514,327200
2010-01-13,4.144918441772461,7.96999979019165,8.0024995803833,7.875,7.929999828338623,588400
2010-01-14,4.126716613769531,7.934999942779541,8.010000228881836,7.932499885559082,8.0,489600
2010-01-15,4.098114490509033,7.880000114440918,7.952499866485596,7.8125,7.945000171661377,619200
2010-01-19,4.139719486236572,7.960000038146973,7.994999885559082,7.892499923706055,7.892499923706055,545600
2010-01-20,4.066908359527588,7.820000171661377,7.914999961853027,7.802499771118164,7.885000228881836,449600
2010-01-21,3.9732983112335205,7.639999866485596,7.795000076293945,7.612500190734863,7.752500057220459,920400
2010-01-22,3.93689227104187,7.570000171661377,7.664999961853027,7.557499885559082,7.664999961853027,527200
2010-01-25,3.929091691970825,7.554999828338623,7.612500190734863,7.5,7.599999904632568,552400
2010-01-26,3.8965868949890137,7.492499828338623,7.554999828338623,7.420000076293945,7.554999828338623,406400
2010-01-27,3.9082889556884766,7.514999866485596,7.53249979019165,7.449999809265137,7.454999923706055,466000
2010-01-28,3.9017882347106934,7.502500057220459,7.579999923706055,7.377500057220459,7.579999923706055,564800
2010-01-29,3.883586883544922,7.46750020980835,7.537499904632568,7.422500133514404,7.537499904632568,791200
2010-02-01,3.8757855892181396,7.452499866485596,7.53249979019165,7.412499904632568,7.487500190734863,475200
2010-02-02,3.892688512802124,7.485000133514404,7.507500171661377,7.440000057220459,7.465000152587891,316800
2010-02-03,3.85758376121521,7.417500019073486,7.485000133514404,7.380000114440918,7.485000133514404,474400
2010-02-04,3.78737473487854,7.28249979019165,7.382500171661377,7.247499942779541,7.367499828338623,410800
2010-02-05,3.8198776245117188,7.34499979019165,7.34499979019165,7.215000152587891,7.28000020980835,342000
2010-02-08,3.792576313018799,7.292500019073486,7.367499828338623,7.289999961853027,7.315000057220459,203200
2010-02-09,3.871884346008301,7.445000171661377,7.507500171661377,7.332499980926514,7.377500057220459,421600
2010-02-10,3.9121909141540527,7.522500038146973,7.557499885559082,7.367499828338623,7.477499961853027,568400
2010-02-11,3.9954004287719727,7.682499885559082,7.732500076293945,7.545000076293945,7.550000190734863,400000
2010-02-12,3.9498939514160156,7.59499979019165,7.630000114440918,7.512499809265137,7.630000114440918,871600
2010-02-16,4.0305070877075195,7.75,7.762499809265137,7.614999771118164,7.614999771118164,1204000
2010-02-17,4.031805515289307,7.752500057220459,7.804999828338623,7.722499847412109,7.804999828338623,1896400
2010-02-18,4.043505668640137,7.775000095367432,7.784999847412109,7.712500095367432,7.772500038146973,1358800
2010-02-19,4.035706043243408,7.760000228881836,7.775000095367432,7.675000190734863,7.75,404000
2010-02-22,4.09031343460083,7.864999771118164,7.889999866485596,7.772500038146973,7.820000171661377,626400
2010-02-23,4.021402359008789,7.732500076293945,7.875,7.704999923706055,7.875,433200
2010-02-24,4.033103942871094,7.755000114440918,7.789999961853027,7.695000171661377,7.775000095367432,353200
2010-02-25,4.047407627105713,7.78249979019165,7.784999847412109,7.614999771118164,7.6875,408800
2010-02-26,4.0825114250183105,7.849999904632568,7.880000114440918,7.744999885559082,7.784999847412109,342400
2010-03-01,4.183923721313477,8.045000076293945,8.047499656677246,7.880000114440918,7.922500133514404,386000
2010-03-02,4.248932838439941,8.170000076293945,8.192500114440918,8.102499961853027,8.102499961853027,410000
2010-03-03,4.324342727661133,8.3149995803833,8.332500457763672,8.15999984741211,8.1899995803833,589200
2010-03-04,4.337343692779541,8.34000015258789,8.3774995803833,8.307499885559082,8.342499732971191,703600
2010-03-05,4.385448455810547,8.432499885559082,8.432499885559082,8.354999542236328,8.369999885559082,300000
2010-03-08,4.463459014892578,8.582500457763672,8.725000381469727,8.492500305175781,8.517499923706055,722400
2010-03-09,4.422867298126221,8.390000343322754,8.420000076293945,8.217499732971191,8.327500343322754,629600
2010-03-10,4.520392894744873,8.574999809265137,8.585000038146973,8.404999732971191,8.432499885559082,418000
2010-03-11,4.48349142074585,8.505000114440918,8.59749984741211,8.479999542236328,8.59749984741211,330800
2010-03-12,4.467675685882568,8.475000381469727,8.567500114440918,8.412500381469727,8.512499809265137,407600
2010-03-15,4.458451271057129,8.457500457763672,8.494999885559082,8.369999885559082,8.494999885559082,290400
2010-03-16,4.4782185554504395,8.494999885559082,8.4975004196167,8.432499885559082,8.462499618530273,196800
2010-03-17,4.499305725097656,8.53499984741211,8.572500228881836,8.47249984741211,8.5,185600
2010-03-18,4.488763332366943,8.515000343322754,8.579999923706055,8.475000381469727,8.579999923706055,194000
2010-03-19,4.59023904800415,8.707500457763672,8.707500457763672,8.574999809265137,8.707500457763672,556800
2010-03-22,4.617917537689209,8.760000228881836,8.772500038146973,8.625,8.707500457763672,289200
2010-03-23,4.700944423675537,8.917499542236328,8.954999923706055,8.755000114440918,8.805000305175781,504000
2010-03-24,4.665360450744629,8.850000381469727,8.932499885559082,8.822500228881836,8.892499923706055,236800
2010-03-25,4.62318754196167,8.770000457763672,8.984999656677246,8.755000114440918,8.882499694824219,352400
2010-03-26,4.604737281799316,8.734999656677246,8.837499618530273,8.712499618530273,8.789999961853027,224000
2010-03-29,4.674589157104492,8.867500305175781,8.897500038146973,8.789999961853027,8.8125,206000
2010-03-30,4.706214904785156,8.927499771118164,8.984999656677246,8.842499732971191,8.9350004196167,263200
2010-03-31,4.720712661743164,8.954999923706055,9.022500038146973,8.922499656677246,8.97249984741211,290400
2010-04-01,4.765519618988037,9.039999961853027,9.140000343322754,9.020000457763672,9.042499542236328,398400
2010-04-05,4.822192192077637,9.147500038146973,9.15250015258789,9.015000343322754,9.042499542236328,305600
2010-04-06,4.90653657913208,9.307499885559082,9.335000038146973,9.157500267028809,9.217499732971191,388400
2010-04-07,4.913125991821289,9.319999694824219,9.414999961853027,9.262499809265137,9.28499984741211,336400
2010-04-08,4.814284801483154,9.132499694824219,9.337499618530273,9.077500343322754,9.337499618530273,440000
2010-04-09,4.783972263336182,9.074999809265137,9.15250015258789,8.960000038146973,9.104999542236328,474000
2010-04-12,4.7879252433776855,9.082500457763672,9.100000381469727,9.010000228881836,9.055000305175781,354000
2010-04-13,4.744436740875244,9.0,9.042499542236328,8.954999923706055,9.032500267028809,771600
2010-04-14,4.7918806076049805,9.09000015258789,9.119999885559082,9.007499694824219,9.012499809265137,389600
2010-04-15,4.768158912658691,9.045000076293945,9.107500076293945,9.012499809265137,9.0600004196167,237200
2010-04-16,4.648227214813232,8.817500114440918,9.050000190734863,8.805000305175781,9.024999618530273,644000
2010-04-19,4.657453536987305,8.835000038146973,8.854999542236328,8.710000038146973,8.805000305175781,516000
2010-04-20,4.780019283294678,9.067500114440918,9.092499732971191,8.989999771118164,8.994999885559082,466800
2010-04-21,4.777381420135498,9.0625,9.137499809265137,9.012499809265137,9.09749984741211,372800
2010-04-22,4.768158912658691,9.045000076293945,9.09000015258789,8.917499542236328,9.0625,490400
2010-04-23,4.834052562713623,9.170000076293945,9.180000305175781,9.0,9.069999694824219,265200
2010-04-26,4.836688041687012,9.175000190734863,9.244999885559082,9.109999656677246,9.142499923706055,288400
2010-04-27,4.7378458976745605,8.987500190734863,9.239999771118164,8.925000190734863,9.170000076293945,629600
2010-04-28,4.716758728027344,8.947500228881836,9.042499542236328,8.880000114440918,9.020000457763672,322000
2010-04-29,4.74575138092041,9.0024995803833,9.0649995803833,8.977499961853027,9.0024995803833,428000
2010-04-30,4.653500080108643,8.827500343322754,9.0,8.827500343322754,8.989999771118164,979200
2010-05-03,4.729938507080078,8.97249984741211,8.977499961853027,8.892499923706055,8.925000190734863,456000
2010-05-04,4.598148345947266,8.72249984741211,8.84000015258789,8.65250015258789,8.84000015258789,536000
2010-05-05,4.74575138092041,9.0024995803833,9.125,8.600000381469727,8.602499961853027,884400
2010-05-06,4.670633316040039,8.859999656677246,9.005000114440918,8.5024995803833,9.0,802400
2010-05-07,4.72466516494751,8.962499618530273,9.007499694824219,8.672499656677246,8.802499771118164,2315600
2010-05-10,4.823507308959961,9.149999618530273,9.375,9.107500076293945,9.265000343322754,538800
2010-05-11,4.874906539916992,9.2475004196167,9.297499656677246,9.085000038146973,9.130000114440918,1151200
2010-05-12,4.910490036010742,9.3149995803833,9.385000228881836,9.270000457763672,9.282500267028809,520400
2010-05-13,4.886767387390137,9.270000457763672,9.327500343322754,9.239999771118164,9.297499656677246,693600
2010-05-14,4.909172058105469,9.3125,9.322500228881836,9.145000457763672,9.229999542236328,1324000
2010-05-17,4.727302074432373,8.967499732971191,9.307499885559082,8.882499694824219,9.307499885559082,1127600
2010-05-18,4.758933067321777,9.02750015258789,9.147500038146973,8.9375,9.0649995803833,1148400
2010-05-19,4.687765121459961,8.892499923706055,9.057499885559082,8.824999809265137,8.987500190734863,836400
2010-05-20,4.505894660949707,8.547499656677246,8.795000076293945,8.547499656677246,8.725000381469727,1038400
2010-05-21,4.53488826751709,8.602499961853027,8.635000228881836,8.2524995803833,8.452500343322754,1123200
2010-05-24,4.532251834869385,8.59749984741211,8.707500457763672,8.552499771118164,8.577500343322754,226000
2010-05-25,4.519075393676758,8.572500228881836,8.574999809265137,8.25,8.3774995803833,788000
2010-05-26,4.429457664489746,8.40250015258789,8.642499923706055,8.395000457763672,8.585000038146973,661600
2010-05-27,4.62318754196167,8.770000457763672,8.800000190734863,8.557499885559082,8.569999694824219,828800
2010-05-28,4.552021503448486,8.635000228881836,8.890000343322754,8.617500305175781,8.774999618530273,763200
2010-06-01,4.603421688079834,8.732500076293945,8.96500015258789,8.574999809265137,8.574999809265137,837200
2010-06-02,4.782654285430908,9.072500228881836,9.100000381469727,8.832500457763672,8.882499694824219,754000
2010-06-03,4.826145172119141,9.154999732971191,9.1875,9.042499542236328,9.042499542236328,491600
2010-06-04,4.683811664581299,8.885000228881836,9.050000190734863,8.827500343322754,9.050000190734863,644800
2010-06-07,4.711487293243408,8.9375,9.029999732971191,8.84000015258789,8.907500267028809,651200
2010-06-08,4.7304511070251465,8.854999542236328,8.897500038146973,8.664999961853027,8.807499885559082,788800
2010-06-09,4.698399066925049,8.795000076293945,8.979999542236328,8.767499923706055,8.925000190734863,498800
2010-06-10,4.739800453186035,8.8725004196167,8.992500305175781,8.807499885559082,8.920000076293945,478000
2010-06-11,4.733123302459717,8.859999656677246,8.887499809265137,8.779999732971191,8.822500228881836,469200
2010-06-14,4.799898624420166,8.984999656677246,9.112500190734863,8.8774995803833,8.899999618530273,709200
2010-06-15,4.88403844833374,9.142499923706055,9.175000190734863,9.005000114440918,9.005000114440918,596400
2010-06-16,4.908076286315918,9.1875,9.225000381469727,9.069999694824219,9.072500228881836,268000
2010-06-17,4.954819679260254,9.274999618530273,9.297499656677246,9.1225004196167,9.217499732971191,306800
2010-06-18,5.013585090637207,9.385000228881836,9.40999984741211,9.270000457763672,9.270000457763672,453600
2010-06-21,5.034953594207764,9.425000190734863,9.579999923706055,9.40250015258789,9.4975004196167,456800
2010-06-22,5.026939392089844,9.40999984741211,9.550000190734863,9.399999618530273,9.407500267028809,394400
2010-06-23,5.013585090637207,9.385000228881836,9.397500038146973,9.255000114440918,9.322500228881836,333600
2010-06-24,5.002900123596191,9.364999771118164,9.475000381469727,9.27750015258789,9.475000381469727,1542800
2010-06-25,5.044303894042969,9.442500114440918,9.4975004196167,9.367500305175781,9.4350004196167,775600
2010-06-28,5.041630268096924,9.4375,9.507499694824219,9.427499771118164,9.460000038146973,506800
2010-06-29,4.851986408233643,9.082500457763672,9.324999809265137,9.045000076293945,9.324999809265137,979200
2010-06-30,4.834623336791992,9.050000190734863,9.140000343322754,8.992500305175781,9.140000343322754,715200
2010-07-01,4.8947224617004395,9.162500381469727,9.1899995803833,8.987500190734863,9.085000038146973,592000
2010-07-02,4.901400566101074,9.175000190734863,9.197500228881836,9.074999809265137,9.102499961853027,946000
2010-07-06,4.921432971954346,9.212499618530273,9.270000457763672,9.140000343322754,9.225000381469727,645200
2010-07-07,4.96016263961792,9.28499984741211,9.307499885559082,9.202500343322754,9.260000228881836,917600
2010-07-08,5.037625789642334,9.430000305175781,9.430000305175781,9.282500267028809,9.362500190734863,673200
2010-07-09,5.099057674407959,9.545000076293945,9.5600004196167,9.4350004196167,9.4350004196167,491200
2010-07-12,5.080360412597656,9.510000228881836,9.552499771118164,9.470000267028809,9.550000190734863,353200
2010-07-13,5.149807453155518,9.640000343322754,9.720000267028809,9.592499732971191,9.6274995803833,424000
2010-07-14,5.109743118286133,9.5649995803833,9.667499542236328,9.547499656677246,9.640000343322754,559200
2010-07-15,5.1471381187438965,9.635000228881836,9.65250015258789,9.404999732971191,9.547499656677246,506800
2010-07-16,5.008242607116699,9.375,9.607500076293945,9.364999771118164,9.607500076293945,396000
2010-07-19,5.05632209777832,9.46500015258789,9.484999656677246,9.350000381469727,9.390000343322754,304000
2010-07-20,5.092380523681641,9.532500267028809,9.552499771118164,9.3725004196167,9.457500457763672,372400
2010-07-21,5.109743118286133,9.5649995803833,9.625,9.4975004196167,9.625,418400
2010-07-22,5.1685075759887695,9.675000190734863,9.760000228881836,9.602499961853027,9.6274995803833,428000
2010-07-23,5.193882942199707,9.72249984741211,9.737500190734863,9.595000267028809,9.675000190734863,300000
2010-07-26,5.203229904174805,9.739999771118164,9.887499809265137,9.704999923706055,9.7524995803833,674800
2010-07-27,5.123097896575928,9.59000015258789,9.914999961853027,9.5649995803833,9.822500228881836,736800
2010-07-28,5.041630268096924,9.4375,9.600000381469727,9.390000343322754,9.585000038146973,480400
2010-07-29,5.013585090637207,9.385000228881836,9.555000305175781,9.305000305175781,9.417499542236328,1006800
2010-07-30,5.020261764526367,9.397500038146973,9.482500076293945,9.260000228881836,9.369999885559082,882400
2010-08-02,5.081695556640625,9.512499809265137,9.557499885559082,9.470000267028809,9.515000343322754,655600
2010-08-03,5.065670013427734,9.482500076293945,9.612500190734863,9.412500381469727,9.524999618530273,1100000
2010-08-04,5.071014881134033,9.492500305175781,9.600000381469727,9.487500190734863,9.574999809265137,367600
2010-08-05,5.181861400604248,9.699999809265137,9.734999656677246,9.492500305175781,9.4975004196167,1176000
2010-08-06,5.108406066894531,9.5625,9.592499732971191,9.412500381469727,9.592499732971191,434800
2010-08-09,5.204565525054932,9.742500305175781,9.797499656677246,9.617500305175781,9.662500381469727,459600
2010-08-10,5.179192543029785,9.694999694824219,9.737500190734863,9.595000267028809,9.6850004196167,405200
2010-08-11,5.042965412139893,9.4399995803833,9.537500381469727,9.354999542236328,9.53499984741211,467600
2010-08-12,5.0670061111450195,9.484999656677246,9.529999732971191,9.3100004196167,9.350000381469727,336400
2010-08-13,5.104401588439941,9.555000305175781,9.574999809265137,9.482500076293945,9.484999656677246,263200
2010-08-16,5.096386909484863,9.539999961853027,9.574999809265137,9.432499885559082,9.479999542236328,543600
2010-08-17,5.172513008117676,9.682499885559082,9.697500228881836,9.609999656677246,9.632499694824219,243600
2010-08-18,5.23394775390625,9.797499656677246,9.837499618530273,9.6274995803833,9.694999694824219,360400
2010-08-19,5.153817176818848,9.647500038146973,9.765000343322754,9.59000015258789,9.75,455600
2010-08-20,5.172513008117676,9.682499885559082,9.697500228881836,9.5649995803833,9.604999542236328,323600
2010-08-23,5.252643585205078,9.832500457763672,9.882499694824219,9.65999984741211,9.772500038146973,399600
2010-08-24,5.372842311859131,10.057499885559082,10.100000381469727,9.694999694824219,9.694999694824219,853600
2010-08-25,5.260659694671631,9.84749984741211,10.052499771118164,9.7524995803833,10.052499771118164,888000
2010-08-26,5.276683330535889,9.8774995803833,9.947500228881836,9.84749984741211,9.917499542236328,239600
2010-08-27,5.336781978607178,9.989999771118164,10.02750015258789,9.717499732971191,9.912500381469727,491600
2010-08-30,5.299386978149414,9.920000076293945,10.005000114440918,9.885000228881836,9.944999694824219,266000
2010-08-31,5.249975204467773,9.827500343322754,9.899999618530273,9.755000114440918,9.899999618530273,564800
2010-09-01,5.324764728546143,9.967499732971191,9.994999885559082,9.882499694824219,9.914999961853027,718400
2010-09-02,5.323427677154541,9.96500015258789,9.987500190734863,9.899999618530273,9.970000267028809,450000
2010-09-03,5.4182515144348145,10.142499923706055,10.28499984741211,10.067500114440918,10.072500228881836,410400
2010-09-07,5.459653377532959,10.220000267028809,10.225000381469727,10.095000267028809,10.162500381469727,400400
2010-09-08,5.413703918457031,10.015000343322754,10.1875,10.005000114440918,10.137499809265137,288800
2010-09-09,5.378568649291992,9.949999809265137,10.137499809265137,9.920000076293945,10.117500305175781,526800
2010-09-10,5.360998153686523,9.917499542236328,9.9375,9.800000190734863,9.914999961853027,503200
2010-09-13,5.394785404205322,9.979999542236328,10.017499923706055,9.912500381469727,10.017499923706055,229200
2010-09-14,5.4339752197265625,10.052499771118164,10.199999809265137,9.96500015258789,9.9975004196167,412800
2010-09-15,5.451544761657715,10.085000038146973,10.100000381469727,9.97249984741211,10.055000305175781,584800
2010-09-16,5.429923057556152,10.045000076293945,10.175000190734863,9.977499961853027,10.055000305175781,492400
2010-09-17,5.467759609222412,10.114999771118164,10.142499923706055,9.989999771118164,10.0600004196167,207200
2010-09-20,5.5299248695373535,10.229999542236328,10.3100004196167,10.100000381469727,10.15250015258789,262400
2010-09-21,5.512356758117676,10.197500228881836,10.270000457763672,10.114999771118164,10.270000457763672,330400
2010-09-22,5.483977317810059,10.145000457763672,10.239999771118164,10.095000267028809,10.170000076293945,248000
2010-09-23,5.500191688537598,10.175000190734863,10.199999809265137,10.020000457763672,10.112500190734863,336800
2010-09-24,5.625875473022461,10.407500267028809,10.414999961853027,10.267499923706055,10.267499923706055,442000
2010-09-27,5.639389514923096,10.432499885559082,10.5,10.367500305175781,10.385000228881836,716000
2010-09-28,5.692091464996338,10.529999732971191,10.555000305175781,10.3725004196167,10.4350004196167,341200
2010-09-29,5.728581428527832,10.59749984741211,10.664999961853027,10.494999885559082,10.529999732971191,430400
2010-09-30,5.723176002502441,10.587499618530273,10.737500190734863,10.547499656677246,10.667499542236328,475600
2010-10-01,5.738041400909424,10.614999771118164,10.704999923706055,10.5625,10.6274995803833,464000
2010-10-04,5.819126129150391,10.765000343322754,10.765000343322754,10.532500267028809,10.552499771118164,529600
2010-10-05,5.91912841796875,10.949999809265137,11.055000305175781,10.787500381469727,11.055000305175781,456800
2010-10-06,5.898857593536377,10.912500381469727,10.96500015258789,10.8774995803833,10.949999809265137,338800
2010-10-07,5.886693954467773,10.890000343322754,10.97249984741211,10.774999618530273,10.90999984741211,510400
2010-10-08,5.9542646408081055,11.015000343322754,11.032500267028809,10.8125,10.90999984741211,238800
2010-10-11,5.9299397468566895,10.970000267028809,11.015000343322754,10.927499771118164,11.010000228881836,148800
2010-10-12,6.027238368988037,11.149999618530273,11.177499771118164,10.922499656677246,10.927499771118164,373600
2010-10-13,5.961021423339844,11.02750015258789,11.242500305175781,11.024999618530273,11.175000190734863,561600
2010-10-14,5.893451690673828,10.90250015258789,11.164999961853027,10.817500114440918,11.03499984741211,486000
2010-10-15,5.8826398849487305,10.882499694824219,10.942500114440918,10.727499961853027,10.930000305175781,407200
2010-10-18,5.927237033843994,10.96500015258789,11.007499694824219,10.787500381469727,10.835000038146973,267600
2010-10-19,5.813718318939209,10.755000114440918,10.8149995803833,10.664999961853027,10.8149995803833,570000
2010-10-20,5.851556777954102,10.824999809265137,10.867500305175781,10.717499732971191,10.7524995803833,343600
2010-10-21,5.846151351928711,10.8149995803833,10.96500015258789,10.725000381469727,10.859999656677246,261200
2010-10-22,5.809665203094482,10.7475004196167,10.832500457763672,10.672499656677246,10.8100004196167,353200
2010-10-25,5.970480442047119,11.045000076293945,11.117500305175781,10.850000381469727,10.850000381469727,485600
2010-10-26,5.692091464996338,10.529999732971191,10.982500076293945,10.475000381469727,10.982500076293945,931600
2010-10-27,5.70966100692749,10.5625,10.587499618530273,10.305000305175781,10.392499923706055,537600
2010-10-28,5.7515549659729,10.640000343322754,10.712499618530273,10.577500343322754,10.6274995803833,590400
2010-10-29,5.6974992752075195,10.539999961853027,10.697500228881836,10.484999656677246,10.607500076293945,495600
2010-11-01,5.689390182495117,10.524999618530273,10.662500381469727,10.447500228881836,10.595000267028809,435600
2010-11-02,5.80155611038208,10.732500076293945,10.75,10.619999885559082,10.635000228881836,343600
2010-11-03,5.72587776184082,10.592499732971191,10.772500038146973,10.507499694824219,10.75,658400
2010-11-04,5.71641731262207,10.574999809265137,10.795000076293945,10.520000457763672,10.760000228881836,454400
2010-11-05,5.928586959838867,10.967499732971191,10.992500305175781,10.727499961853027,10.734999656677246,728400
2010-11-08,5.885342121124268,10.887499809265137,11.067500114440918,10.829999923706055,10.857500076293945,489200
2010-11-09,5.788042068481445,10.707500457763672,10.970000267028809,10.642499923706055,10.930000305175781,546400
2010-11-10,5.873180389404297,10.864999771118164,10.869999885559082,10.607500076293945,10.739999771118164,496400
2010-11-11,5.771825313568115,10.677499771118164,10.789999961853027,10.630000114440918,10.789999961853027,648800
2010-11-12,5.686687469482422,10.520000457763672,10.625,10.3774995803833,10.612500190734863,530400
2010-11-15,5.758309364318848,10.65250015258789,10.712499618530273,10.487500190734863,10.5625,361600
2010-11-16,5.738041400909424,10.614999771118164,10.657500267028809,10.462499618530273,10.572500228881836,748000
2010-11-17,5.851556777954102,10.824999809265137,10.854999542236328,10.572500228881836,10.602499961853027,628800
2010-11-18,5.888045787811279,10.892499923706055,11.024999618530273,10.869999885559082,10.895000457763672,476800
2010-11-19,5.958318710327148,11.022500038146973,11.024999618530273,10.832500457763672,10.892499923706055,298000
2010-11-22,5.959670066833496,11.024999618530273,11.047499656677246,10.925000190734863,10.977499961853027,428800
2010-11-23,5.8826398849487305,10.882499694824219,10.9399995803833,10.845000267028809,10.932499885559082,566000
2010-11-24,6.033998966217041,11.162500381469727,11.170000076293945,10.954999923706055,10.954999923706055,378000
2010-11-26,5.971831321716309,11.047499656677246,11.069999694824219,10.957500457763672,10.979999542236328,176000
2010-11-29,5.963726043701172,11.032500267028809,11.039999961853027,10.857500076293945,10.977499961853027,355200
2010-11-30,5.883990287780762,10.885000228881836,11.072500228881836,10.867500305175781,10.9399995803833,350400
2010-12-01,5.979940891265869,11.0625,11.117500305175781,10.96500015258789,10.984999656677246,376400
2010-12-02,6.151568412780762,11.380000114440918,11.399999618530273,11.114999771118164,11.1274995803833,528000
2010-12-03,6.170487880706787,11.414999961853027,11.430000305175781,11.227499961853027,11.337499618530273,366800
2010-12-06,6.075889587402344,11.239999771118164,11.352499961853027,11.167499542236328,11.327500343322754,473600
2010-12-07,6.048861503601074,11.1899995803833,11.287500381469727,11.177499771118164,11.287500381469727,317200
2010-12-08,5.979672431945801,10.932499885559082,11.130000114440918,10.895000457763672,11.052499771118164,608400
2010-12-09,5.930442810058594,10.842499732971191,10.975000381469727,10.762499809265137,10.927499771118164,560800
2010-12-10,5.93317985534668,10.84749984741211,10.899999618530273,10.8125,10.845000267028809,315200
2010-12-13,5.983770847320557,10.9399995803833,11.154999732971191,10.819999694824219,10.885000228881836,652000
2010-12-14,6.053511619567871,11.067500114440918,11.114999771118164,10.977499961853027,10.977499961853027,358400
2010-12-15,6.102736949920654,11.157500267028809,11.1850004196167,11.102499961853027,11.102499961853027,394400
2010-12-16,6.063084602355957,11.085000038146973,11.180000305175781,10.979999542236328,11.114999771118164,450000
2010-12-17,6.0288987159729,11.022500038146973,11.164999961853027,10.949999809265137,11.107500076293945,326400
2010-12-20,5.9687323570251465,10.912500381469727,11.052499771118164,10.817500114440918,11.029999732971191,303600
2010-12-21,5.972835540771484,10.920000076293945,10.920000076293945,10.8149995803833,10.887499809265137,303200
2010-12-22,6.012489318847656,10.992500305175781,11.007499694824219,10.845000267028809,10.984999656677246,310000
2010-12-23,5.979672431945801,10.932499885559082,11.015000343322754,10.914999961853027,10.952500343322754,278400
2010-12-27,6.0029168128967285,10.975000381469727,10.977499961853027,10.8774995803833,10.927499771118164,91600
2010-12-28,5.993343830108643,10.957500457763672,11.055000305175781,10.892499923706055,10.987500190734863,174400
2010-12-29,6.016590118408203,11.0,11.012499809265137,10.927499771118164,10.930000305175781,255600
2010-12-30,5.959160804748535,10.895000457763672,11.0024995803833,10.864999771118164,10.96500015258789,380800
2010-12-31,5.956425666809082,10.890000343322754,10.912500381469727,10.84749984741211,10.899999618530273,443200
2011-01-03,5.970098495483398,10.914999961853027,11.137499809265137,10.887499809265137,10.97249984741211,310000
2011-01-04,5.938650608062744,10.857500076293945,10.9975004196167,10.772500038146973,10.947500228881836,448400
2011-01-05,5.993343830108643,10.957500457763672,11.020000457763672,10.78499984741211,10.845000267028809,352000
2011-01-06,5.98103666305542,10.9350004196167,10.992500305175781,10.897500038146973,10.979999542236328,237200
2011-01-07,6.031634330749512,11.02750015258789,11.057499885559082,10.824999809265137,10.97249984741211,392400
2011-01-10,5.983770847320557,10.9399995803833,11.007499694824219,10.774999618530273,11.007499694824219,256800
2011-01-11,6.071287155151367,11.100000381469727,11.132499694824219,10.925000190734863,10.9350004196167,390000
2011-01-12,6.090431213378906,11.135000228881836,11.220000267028809,11.082500457763672,11.135000228881836,261600
2011-01-13,6.072657108306885,11.102499961853027,11.147500038146973,11.047499656677246,11.104999542236328,195200
2011-01-14,6.110940933227539,11.172499656677246,11.260000228881836,11.032500267028809,11.067500114440918,539200
2011-01-18,6.177944183349609,11.295000076293945,11.337499618530273,11.229999542236328,11.255000114440918,378000
2011-01-19,6.164272308349609,11.270000457763672,11.335000038146973,11.2475004196167,11.3149995803833,295600
2011-01-20,6.209397792816162,11.352499961853027,11.367500305175781,11.15250015258789,11.22249984741211,444800
2011-01-21,6.25999116897583,11.444999694824219,11.4975004196167,11.367500305175781,11.375,295200
2011-01-24,6.359809875488281,11.6274995803833,11.692500114440918,11.385000228881836,11.449999809265137,641200
2011-01-25,6.351607799530029,11.612500190734863,11.647500038146973,11.515000343322754,11.542499542236328,359200
2011-01-26,6.465098857879639,11.819999694824219,11.837499618530273,11.555000305175781,11.604999542236328,484400
2011-01-27,6.466468334197998,11.822500228881836,11.850000381469727,11.7524995803833,11.832500457763672,292800
2011-01-28,6.421342372894287,11.739999771118164,11.817500114440918,11.635000228881836,11.805000305175781,760000
2011-01-31,6.496551513671875,11.8774995803833,11.907500267028809,11.707500457763672,11.725000381469727,391600
2011-02-01,6.584064483642578,12.037500381469727,12.069999694824219,11.917499542236328,11.952500343322754,388800
2011-02-02,6.5854315757751465,12.039999961853027,12.109999656677246,11.979999542236328,12.024999618530273,310000
2011-02-03,6.608679294586182,12.082500457763672,12.104999542236328,11.979999542236328,12.015000343322754,160800
2011-02-04,6.600473403930664,12.067500114440918,12.15999984741211,11.970000267028809,12.107500076293945,298400
2011-02-07,6.577226638793945,12.024999618530273,12.100000381469727,12.0,12.0649995803833,150000
2011-02-08,6.452794551849365,11.797499656677246,11.927499771118164,11.657500267028809,11.917499542236328,588400
2011-02-09,6.443222999572754,11.779999732971191,11.8149995803833,11.712499618530273,11.742500305175781,315200
2011-02-10,6.296908378601074,11.512499809265137,11.734999656677246,11.487500190734863,11.670000076293945,641600
2011-02-11,6.2928080558776855,11.505000114440918,11.607500076293945,11.452500343322754,11.595000267028809,395200
2011-02-14,6.287339687347412,11.494999885559082,11.6225004196167,11.460000038146973,11.507499694824219,506800
2011-02-15,6.331094264984131,11.574999809265137,11.667499542236328,11.512499809265137,11.512499809265137,385600
2011-02-16,6.488346099853516,11.862500190734863,11.90250015258789,11.619999885559082,11.619999885559082,482800
2011-02-17,6.459632873535156,11.8100004196167,11.952500343322754,11.78499984741211,11.854999542236328,486000
2011-02-18,6.500654697418213,11.885000228881836,11.920000076293945,11.822500228881836,11.829999923706055,196400
2011-02-22,6.419976234436035,11.737500190734863,11.859999656677246,11.619999885559082,11.717499732971191,352000
2011-02-23,6.359809875488281,11.6274995803833,11.779999732971191,11.547499656677246,11.670000076293945,343200
2011-02-24,6.335197448730469,11.582500457763672,11.6850004196167,11.479999542236328,11.647500038146973,370800
2011-02-25,6.398098945617676,11.697500228881836,11.699999809265137,11.572500228881836,11.602499961853027,240000
2011-02-28,6.50338888168335,11.890000343322754,11.975000381469727,11.675000190734863,11.675000190734863,385600
2011-03-01,6.407670974731445,11.71500015258789,11.864999771118164,11.697500228881836,11.837499618530273,293600
2011-03-02,6.425445079803467,11.7475004196167,11.7475004196167,11.670000076293945,11.732500076293945,259600
2011-03-03,6.477407455444336,11.842499732971191,11.852499961853027,11.727499961853027,11.760000228881836,302800
2011-03-04,6.506122589111328,11.895000457763672,11.920000076293945,11.789999961853027,11.862500190734863,241200
2011-03-07,6.430915832519531,11.757499694824219,11.90250015258789,11.739999771118164,11.90250015258789,462800
2011-03-08,6.519795894622803,11.920000076293945,11.979999542236328,11.760000228881836,11.805000305175781,548800
2011-03-09,6.496147632598877,11.742500305175781,11.904999732971191,11.6875,11.837499618530273,438400
2011-03-10,6.359226226806641,11.494999885559082,11.677499771118164,11.417499542236328,11.567500114440918,581600
2011-03-11,6.399334907531738,11.567500114440918,11.609999656677246,11.380000114440918,11.427499771118164,298400
2011-03-14,6.450506210327148,11.65999984741211,11.664999961853027,11.4350004196167,11.489999771118164,446400
2011-03-15,6.3564581871032715,11.489999771118164,11.579999923706055,11.25,11.319999694824219,589600
2011-03-16,6.314968585968018,11.414999961853027,11.600000381469727,11.332500457763672,11.390000343322754,607200
2011-03-17,6.377206802368164,11.52750015258789,11.587499618530273,11.4375,11.572500228881836,364400
2011-03-18,6.4560394287109375,11.670000076293945,11.710000038146973,11.595000267028809,11.6274995803833,244000
2011-03-21,6.5127434730529785,11.772500038146973,11.832500457763672,11.717499732971191,11.817500114440918,332400
2011-03-22,6.599877834320068,11.930000305175781,11.9350004196167,11.707500457763672,11.757499694824219,332400
2011-03-23,6.604022979736328,11.9375,11.970000267028809,11.8125,11.859999656677246,430800
2011-03-24,6.5680670738220215,11.8725004196167,11.987500190734863,11.8149995803833,11.987500190734863,521600
2011-03-25,6.487847328186035,11.727499961853027,11.9375,11.710000038146973,11.875,415600
2011-03-28,6.518276691436768,11.782500267028809,11.837499618530273,11.744999885559082,11.744999885559082,278800
2011-03-29,6.646900177001953,12.015000343322754,12.045000076293945,11.770000457763672,11.770000457763672,379600
2011-03-30,6.664879322052002,12.047499656677246,12.157500267028809,11.994999885559082,12.0625,354800
2011-03-31,6.7063703536987305,12.1225004196167,12.237500190734863,12.085000038146973,12.114999771118164,357600
2011-04-01,6.858504772186279,12.397500038146973,12.442500114440918,12.225000381469727,12.225000381469727,431600
2011-04-04,6.714667320251465,12.137499809265137,12.395000457763672,12.112500190734863,12.395000457763672,703200
2011-04-05,6.804567337036133,12.300000190734863,12.319999694824219,12.092499732971191,12.09749984741211,376000
2011-04-06,6.875100612640381,12.427499771118164,12.454999923706055,12.335000038146973,12.40250015258789,313200
2011-04-07,6.86680269241333,12.412500381469727,12.46500015258789,12.319999694824219,12.432499885559082,266000
2011-04-08,6.7976508140563965,12.287500381469727,12.430000305175781,12.232500076293945,12.430000305175781,306800
2011-04-11,6.740946292877197,12.1850004196167,12.257499694824219,12.140000343322754,12.220000267028809,364400
2011-04-12,6.685624122619629,12.085000038146973,12.1225004196167,12.024999618530273,12.100000381469727,332800
2011-04-13,6.685624122619629,12.085000038146973,12.332500457763672,12.085000038146973,12.132499694824219,1382000
2011-04-14,6.698070049285889,12.107500076293945,12.135000228881836,11.954999923706055,11.979999542236328,2026400
2011-04-15,6.729879856109619,12.164999961853027,12.199999809265137,12.007499694824219,12.007499694824219,421200
2011-04-18,6.742328643798828,12.1875,12.202500343322754,11.949999809265137,12.015000343322754,461200
2011-04-19,6.854358673095703,12.390000343322754,12.40999984741211,12.21500015258789,12.220000267028809,452000
2011-04-20,6.933187484741211,12.532500267028809,12.552499771118164,12.407500267028809,12.5,398000
2011-04-21,6.9802117347717285,12.617500305175781,12.647500038146973,12.512499809265137,12.577500343322754,321200
2011-04-25,6.955316066741943,12.572500228881836,12.635000228881836,12.5600004196167,12.632499694824219,178800
2011-04-26,6.947019100189209,12.557499885559082,12.600000381469727,12.532500267028809,12.59749984741211,278400
2011-04-27,6.94425106048584,12.552499771118164,12.5600004196167,12.354999542236328,12.550000190734863,586800
2011-04-28,6.920740604400635,12.510000228881836,12.569999694824219,12.4399995803833,12.507499694824219,363600
2011-04-29,6.938720703125,12.542499542236328,12.569999694824219,12.40999984741211,12.482500076293945,620000
2011-05-02,6.98712682723999,12.630000114440918,12.692500114440918,12.545000076293945,12.557499885559082,348000
2011-05-03,6.984358310699463,12.625,12.672499656677246,12.52750015258789,12.604999542236328,536000
2011-05-04,6.908294677734375,12.487500190734863,12.579999923706055,12.40250015258789,12.579999923706055,364000
2011-05-05,7.071493148803711,12.782500267028809,12.907500267028809,12.352499961853027,12.3774995803833,990400
2011-05-06,7.089474201202393,12.8149995803833,12.994999885559082,12.680000305175781,12.920000076293945,766400
2011-05-09,7.177987098693848,12.975000381469727,12.9975004196167,12.757499694824219,12.862500190734863,780000
2011-05-10,7.313525199890137,13.220000267028809,13.22249984741211,12.957500457763672,12.957500457763672,508000
2011-05-11,7.216712951660156,13.045000076293945,13.260000228881836,12.994999885559082,13.199999809265137,439200
2011-05-12,7.189051151275635,12.994999885559082,13.055000305175781,12.822500228881836,12.984999656677246,576000
2011-05-13,7.083942890167236,12.805000305175781,13.017499923706055,12.725000381469727,13.005000114440918,488400
2011-05-16,7.020320415496826,12.6899995803833,12.827500343322754,12.640000343322754,12.727499961853027,527600
2011-05-17,7.099155902862549,12.832500457763672,12.845000267028809,12.607500076293945,12.607500076293945,424400
2011-05-18,7.194582939147949,13.005000114440918,13.042499542236328,12.805000305175781,12.837499618530273,424000
2011-05-19,7.219480991363525,13.050000190734863,13.09000015258789,12.992500305175781,13.045000076293945,308400
2011-05-20,7.1876678466796875,12.992500305175781,13.079999923706055,12.792499542236328,12.97249984741211,401200
2011-05-23,7.10053825378418,12.835000038146973,12.854999542236328,12.77750015258789,12.782500267028809,222800
2011-05-24,7.1323466300964355,12.892499923706055,12.9350004196167,12.78499984741211,12.864999771118164,529600
2011-05-25,7.146177291870117,12.917499542236328,12.970000267028809,12.835000038146973,12.84749984741211,788000
2011-05-26,7.172454833984375,12.96500015258789,12.96500015258789,12.845000267028809,12.845000267028809,373200
2011-05-27,7.216712951660156,13.045000076293945,13.154999732971191,12.97249984741211,12.97249984741211,428400
2011-05-31,7.238841533660889,13.085000038146973,13.217499732971191,13.03499984741211,13.177499771118164,716400
2011-06-01,7.177987098693848,12.975000381469727,13.237500190734863,12.9350004196167,13.107500076293945,668000
2011-06-02,7.184903144836426,12.987500190734863,13.052499771118164,12.852499961853027,12.882499694824219,663200
2011-06-03,7.172454833984375,12.96500015258789,13.005000114440918,12.8149995803833,12.827500343322754,344800
2011-06-06,7.179369926452637,12.977499961853027,13.012499809265137,12.869999885559082,12.97249984741211,479600
2011-06-07,7.168307781219482,12.957500457763672,13.1875,12.944999694824219,13.032500267028809,642400
2011-06-08,7.200885772705078,12.875,12.947500228881836,12.779999732971191,12.817500114440918,489600
2011-06-09,7.15753698348999,12.797499656677246,12.890000343322754,12.767499923706055,12.890000343322754,726000
2011-06-10,7.132369518280029,12.7524995803833,12.797499656677246,12.6899995803833,12.732500076293945,672800
2011-06-13,7.177116394042969,12.832500457763672,12.852499961853027,12.717499732971191,12.7524995803833,433200
2011-06-14,7.203681945800781,12.880000114440918,12.960000038146973,12.859999656677246,12.904999732971191,327200
2011-06-15,7.05546760559082,12.614999771118164,12.827500343322754,12.524999618530273,12.807499885559082,616800
2011-06-16,7.014919281005859,12.542499542236328,12.640000343322754,12.382499694824219,12.555000305175781,598400
2011-06-17,7.066656589508057,12.635000228881836,12.712499618530273,12.577500343322754,12.587499618530273,406400
2011-06-20,7.167328357696533,12.8149995803833,12.837499618530273,12.577500343322754,12.630000114440918,391200
2011-06-21,7.302957534790039,13.057499885559082,13.072500228881836,12.837499618530273,12.837499618530273,492000
2011-06-22,7.286177635192871,13.02750015258789,13.149999618530273,13.020000457763672,13.055000305175781,341600
2011-06-23,7.172917366027832,12.824999809265137,12.967499732971191,12.805000305175781,12.914999961853027,611600
2011-06-24,7.082036972045898,12.662500381469727,12.824999809265137,12.577500343322754,12.824999809265137,579600
2011-06-27,7.09042501449585,12.677499771118164,12.712499618530273,12.569999694824219,12.579999923706055,425600
2011-06-28,7.107203483581543,12.707500457763672,12.727499961853027,12.677499771118164,12.710000038146973,262400
2011-06-29,7.248423099517822,12.960000038146973,12.97249984741211,12.77750015258789,12.77750015258789,302400
2011-06-30,7.354690074920654,13.149999618530273,13.180000305175781,13.032500267028809,13.085000038146973,548800
2011-07-01,7.439981460571289,13.302499771118164,13.390000343322754,13.154999732971191,13.1875,360000
2011-07-05,7.508494853973389,13.425000190734863,13.4975004196167,13.362500190734863,13.380000114440918,452800
2011-07-06,7.522475242614746,13.449999809265137,13.537500381469727,13.3774995803833,13.422499656677246,512400
2011-07-07,7.5686187744140625,13.532500267028809,13.640000343322754,13.452500343322754,13.550000190734863,628800
2011-07-08,7.536461353302002,13.475000381469727,13.552499771118164,13.414999961853027,13.432499885559082,600800
2011-07-11,7.358881950378418,13.157500267028809,13.40250015258789,13.09000015258789,13.34749984741211,823600
2011-07-12,7.379857540130615,13.194999694824219,13.229999542236328,13.039999961853027,13.09000015258789,613600
2011-07-13,7.564421653747559,13.524999618530273,13.630000114440918,13.229999542236328,13.267499923706055,661600
2011-07-14,7.627343654632568,13.637499809265137,13.72249984741211,13.550000190734863,13.552499771118164,495600
2011-07-15,7.652512550354004,13.682499885559082,13.760000228881836,13.595000267028809,13.710000038146973,426800
2011-07-18,7.563023090362549,13.522500038146973,13.53499984741211,13.357500076293945,13.53499984741211,642000
2011-07-19,7.616159439086914,13.617500305175781,13.720000267028809,13.557499885559082,13.604999542236328,352800
2011-07-20,7.599381923675537,13.587499618530273,13.614999771118164,13.53499984741211,13.612500190734863,206000
2011-07-21,7.614760398864746,13.614999771118164,13.787500381469727,13.577500343322754,13.632499694824219,474800
2011-07-22,7.5686187744140625,13.532500267028809,13.609999656677246,13.510000228881836,13.567500114440918,328000
2011-07-25,7.564421653747559,13.524999618530273,13.567500114440918,13.40250015258789,13.53499984741211,262400
2011-07-26,7.435784816741943,13.295000076293945,13.550000190734863,13.244999885559082,13.520000457763672,498400
2011-07-27,7.31833553314209,13.085000038146973,13.300000190734863,13.0,13.255000114440918,516000
2011-07-28,7.340708255767822,13.125,13.255000114440918,12.852499961853027,12.925000190734863,531200
2011-07-29,7.364477157592773,13.167499542236328,13.242500305175781,12.957500457763672,13.0024995803833,1129600
2011-08-01,7.4315948486328125,13.287500381469727,13.430000305175781,13.199999809265137,13.3149995803833,345200
2011-08-02,7.140759468078613,12.767499923706055,13.172499656677246,12.742500305175781,13.117500305175781,739600
2011-08-03,7.245625019073486,12.954999923706055,12.984999656677246,12.399999618530273,12.829999923706055,836800
2011-08-04,6.975770950317383,12.47249984741211,12.7524995803833,12.40250015258789,12.7524995803833,823600
2011-08-05,7.075040817260742,12.649999618530273,12.71500015258789,12.170000076293945,12.520000457763672,1553200
2011-08-08,6.705910682678223,11.989999771118164,12.475000381469727,11.885000228881836,12.09000015258789,2168000
2011-08-09,6.876493453979492,12.295000076293945,12.3100004196167,11.7475004196167,12.017499923706055,2111200
2011-08-10,6.8457350730896,12.239999771118164,12.392499923706055,12.045000076293945,12.172499656677246,2140400
2011-08-11,7.16872501373291,12.817500114440918,12.875,12.244999885559082,12.307499885559082,816000
2011-08-12,7.0316972732543945,12.572500228881836,12.925000190734863,12.5,12.90250015258789,1198400
2011-08-15,7.202284336090088,12.8774995803833,12.892499923706055,12.657500267028809,12.694999694824219,352800
2011-08-16,7.178513050079346,12.835000038146973,12.869999885559082,12.65250015258789,12.77750015258789,372800
2011-08-17,7.241433620452881,12.947500228881836,13.119999885559082,12.887499809265137,12.887499809265137,1121600
2011-08-18,7.063856601715088,12.630000114440918,12.727499961853027,12.487500190734863,12.702500343322754,900000
2011-08-19,6.915641784667969,12.364999771118164,12.6850004196167,12.357500076293945,12.489999771118164,2024400
2011-08-22,6.963184833526611,12.449999809265137,12.692500114440918,12.417499542236328,12.6225004196167,983600
2011-08-23,7.121184349060059,12.732500076293945,12.765000343322754,12.505000114440918,12.505000114440918,1361600
2011-08-24,7.080635070800781,12.65999984741211,12.920000076293945,12.595000267028809,12.680000305175781,806000
2011-08-25,7.1421613693237305,12.770000457763672,12.8100004196167,12.510000228881836,12.6899995803833,758000
2011-08-26,7.087629795074463,12.672499656677246,12.857500076293945,12.467499732971191,12.707500457763672,793200
2011-08-29,7.279183387756348,13.015000343322754,13.047499656677246,12.755000114440918,12.755000114440918,480000
2011-08-30,7.2638044357299805,12.987500190734863,13.057499885559082,12.84000015258789,12.992500305175781,586000
2011-08-31,7.31833553314209,13.085000038146973,13.137499809265137,12.947500228881836,13.079999923706055,689600
2011-09-01,7.349095344543457,13.140000343322754,13.2524995803833,13.074999809265137,13.104999542236328,648800
2011-09-02,7.286177635192871,13.02750015258789,13.0625,12.852499961853027,12.930000305175781,602400
2011-09-06,7.217663288116455,12.904999732971191,12.907500267028809,12.537500381469727,12.692500114440918,760800
2011-09-07,7.263598442077637,12.84749984741211,12.942500114440918,12.779999732971191,12.842499732971191,698400
2011-09-08,7.156182289123535,12.657500267028809,12.914999961853027,12.642499923706055,12.789999961853027,1244800
2011-09-09,6.96112585067749,12.3125,12.5649995803833,12.27750015258789,12.5649995803833,872400
2011-09-12,6.925788402557373,12.25,12.397500038146973,12.03499984741211,12.1875,859600
2011-09-13,6.917311191558838,12.234999656677246,12.305000305175781,12.135000228881836,12.207500457763672,642000
2011-09-14,7.096816539764404,12.552499771118164,12.707500457763672,12.227499961853027,12.262499809265137,1458000
2011-09-15,7.166073322296143,12.675000190734863,12.819999694824219,12.612500190734863,12.647500038146973,550800
2011-09-16,7.10105562210083,12.5600004196167,12.8125,12.482500076293945,12.702500343322754,779600
2011-09-19,6.978085994720459,12.342499732971191,12.375,12.1899995803833,12.332500457763672,493600
2011-09-20,7.014834880828857,12.407500267028809,12.587499618530273,12.27750015258789,12.302499771118164,574400
2011-09-21,6.863598346710205,12.140000343322754,12.397500038146973,12.135000228881836,12.392499923706055,565600
2011-09-22,6.698227882385254,11.84749984741211,11.904999732971191,11.672499656677246,11.797499656677246,1264400
2011-09-23,6.73921537399292,11.920000076293945,12.012499809265137,11.78499984741211,11.8125,650400
2011-09-26,6.737803936004639,11.917499542236328,12.032500267028809,11.732500076293945,11.979999542236328,718000
2011-09-27,6.76890230178833,11.97249984741211,12.157500267028809,11.942500114440918,12.132499694824219,654000
2011-09-28,6.628970146179199,11.725000381469727,12.039999961853027,11.725000381469727,11.967499732971191,633200
2011-09-29,6.645930767059326,11.755000114440918,11.880000114440918,11.692500114440918,11.84749984741211,667600
2011-09-30,6.535684585571289,11.5600004196167,11.765000343322754,11.550000190734863,11.582500457763672,868000
2011-10-03,6.440986633300781,11.392499923706055,11.595000267028809,11.354999542236328,11.592499732971191,883600
2011-10-04,6.422610282897949,11.359999656677246,11.367500305175781,11.157500267028809,11.292499542236328,1177600
2011-10-05,6.593637943267822,11.662500381469727,11.682499885559082,11.432499885559082,11.4350004196167,966000
2011-10-06,6.686922073364258,11.827500343322754,11.84749984741211,11.5649995803833,11.6225004196167,904000
2011-10-07,6.734979152679443,11.912500381469727,12.057499885559082,11.845000267028809,11.885000228881836,1076800
2011-10-10,6.920138835906982,12.239999771118164,12.25,12.017499923706055,12.087499618530273,513600
2011-10-11,6.821197509765625,12.0649995803833,12.137499809265137,11.960000038146973,12.119999885559082,736400
2011-10-12,6.98374080657959,12.352499961853027,12.430000305175781,12.212499618530273,12.404999732971191,708400
2011-10-13,7.00777006149292,12.395000457763672,12.452500343322754,12.192500114440918,12.282500267028809,505600
2011-10-14,7.171727180480957,12.6850004196167,12.6850004196167,12.529999732971191,12.5625,520000
2011-10-17,7.1335649490356445,12.617500305175781,12.725000381469727,12.572500228881836,12.609999656677246,673600
2011-10-18,7.188687801361084,12.71500015258789,12.819999694824219,12.5625,12.647500038146973,1889600
2011-10-19,7.180206298828125,12.699999809265137,12.854999542236328,12.694999694824219,12.742500305175781,468000
2011-10-20,7.298935413360596,12.90999984741211,12.917499542236328,12.697500228881836,12.720000267028809,801200
2011-10-21,7.363951683044434,13.024999618530273,13.079999923706055,12.949999809265137,12.994999885559082,401200
2011-10-24,7.400701999664307,13.09000015258789,13.175000190734863,13.020000457763672,13.020000457763672,294000
2011-10-25,7.199995994567871,12.734999656677246,13.02750015258789,12.707500457763672,13.02750015258789,611600
2011-10-26,7.188687801361084,12.71500015258789,12.84000015258789,12.635000228881836,12.84000015258789,678800
2011-10-27,7.27349328994751,12.864999771118164,13.005000114440918,12.827500343322754,12.979999542236328,546800
2011-10-28,7.197167873382568,12.729999542236328,12.917499542236328,12.675000190734863,12.805000305175781,540000
2011-10-31,7.2070631980896,12.7475004196167,12.862500190734863,12.552499771118164,12.625,639600
2011-11-01,7.0445170402526855,12.460000038146973,12.654999732971191,12.272500038146973,12.295000076293945,743200
2011-11-02,7.140631675720215,12.630000114440918,12.712499618530273,12.557499885559082,12.577500343322754,345600
2011-11-03,7.180206298828125,12.699999809265137,12.78499984741211,12.602499961853027,12.744999885559082,368400
2011-11-04,7.113778591156006,12.582500457763672,12.7475004196167,12.517499923706055,12.592499732971191,287600
2011-11-07,7.180206298828125,12.699999809265137,12.742500305175781,12.569999694824219,12.585000038146973,278400
2011-11-08,7.246635913848877,12.817500114440918,12.84000015258789,12.600000381469727,12.71500015258789,398800
2011-11-09,7.064305782318115,12.494999885559082,12.720000267028809,12.482500076293945,12.632499694824219,354000
2011-11-10,7.093989372253418,12.547499656677246,12.6225004196167,12.444999694824219,12.537500381469727,436400
2011-11-11,7.180206298828125,12.699999809265137,12.707500457763672,12.537500381469727,12.550000190734863,208400
2011-11-14,7.113778591156006,12.582500457763672,12.675000190734863,12.522500038146973,12.647500038146973,364000
2011-11-15,7.068546772003174,12.5024995803833,12.582500457763672,12.447500228881836,12.479999542236328,216800
2011-11-16,6.9893927574157715,12.362500190734863,12.457500457763672,12.329999923706055,12.397500038146973,450000
2011-11-17,6.963955879211426,12.317500114440918,12.447500228881836,12.22249984741211,12.327500343322754,414800
2011-11-18,6.922961711883545,12.244999885559082,12.430000305175781,12.204999923706055,12.327500343322754,436800
2011-11-21,6.842398166656494,12.102499961853027,12.137499809265137,11.9375,12.100000381469727,386400
2011-11-22,6.9088263511657715,12.220000267028809,12.2475004196167,12.045000076293945,12.055000305175781,397200
2011-11-23,6.81412935256958,12.052499771118164,12.157500267028809,11.960000038146973,12.102499961853027,550800
2011-11-25,6.753353118896484,11.944999694824219,12.104999542236328,11.944999694824219,12.0,134800
2011-11-28,6.93144416809082,12.260000228881836,12.385000228881836,12.149999618530273,12.149999618530273,408800
2011-11-29,7.002114772796631,12.385000228881836,12.444999694824219,12.225000381469727,12.265000343322754,302800
2011-11-30,7.245223522186279,12.8149995803833,12.829999923706055,12.602499961853027,12.612500190734863,543600
2011-12-01,7.33144474029541,12.967499732971191,13.005000114440918,12.75,12.797499656677246,598800
2011-12-02,7.332855224609375,12.970000267028809,13.022500038146973,12.887499809265137,13.012499809265137,393200
2011-12-05,7.332855224609375,12.970000267028809,13.15250015258789,12.845000267028809,13.039999961853027,486800
2011-12-06,7.359711170196533,13.017499923706055,13.042499542236328,12.952500343322754,12.96500015258789,430000
2011-12-07,7.464034557342529,13.057499885559082,13.117500305175781,12.819999694824219,12.850000381469727,441600
2011-12-08,7.36113977432251,12.8774995803833,13.0649995803833,12.84000015258789,13.0649995803833,347200
2011-12-09,7.399725914001465,12.944999694824219,13.0024995803833,12.869999885559082,12.882499694824219,312400
2011-12-12,7.355426788330078,12.867500305175781,12.867500305175781,12.737500190734863,12.84000015258789,406800
2011-12-13,7.325416088104248,12.8149995803833,12.987500190734863,12.77750015258789,12.899999618530273,419200
2011-12-14,7.391151428222656,12.930000305175781,13.005000114440918,12.702500343322754,12.727499961853027,743200
2011-12-15,7.459747791290283,13.050000190734863,13.074999809265137,12.957500457763672,13.010000228881836,384000
2011-12-16,7.3468499183654785,12.852499961853027,13.087499618530273,12.8100004196167,13.085000038146973,522000
2011-12-19,7.359711170196533,12.875,13.042499542236328,12.859999656677246,12.942500114440918,418400
2011-12-20,7.475467681884766,13.077500343322754,13.232500076293945,13.052499771118164,13.052499771118164,545200
2011-12-21,7.555494785308838,13.217499732971191,13.22249984741211,13.069999694824219,13.102499961853027,1368800
2011-12-22,7.569784641265869,13.242500305175781,13.28499984741211,13.167499542236328,13.227499961853027,358000
2011-12-23,7.609800815582275,13.3125,13.362500190734863,13.244999885559082,13.295000076293945,301200
2011-12-27,7.594079494476318,13.28499984741211,13.34749984741211,13.197500228881836,13.327500343322754,90400
2011-12-28,7.54548978805542,13.199999809265137,13.327500343322754,13.164999961853027,13.307499885559082,330000
2011-12-29,7.596937656402588,13.289999961853027,13.300000190734863,13.154999732971191,13.197500228881836,369600
2011-12-30,7.652672290802002,13.387499809265137,13.4375,13.324999809265137,13.324999809265137,309600
2012-01-03,7.665533542633057,13.40999984741211,13.607500076293945,13.392499923706055,13.5625,349200
2012-01-04,7.622661590576172,13.335000038146973,13.507499694824219,13.272500038146973,13.350000381469727,604400
2012-01-05,7.679823398590088,13.4350004196167,13.460000038146973,13.2524995803833,13.2524995803833,534400
2012-01-06,7.525487899780273,13.164999961853027,13.420000076293945,13.145000457763672,13.399999618530273,627200
2012-01-09,7.5469207763671875,13.202500343322754,13.2524995803833,13.085000038146973,13.199999809265137,497600
2012-01-10,7.536917209625244,13.1850004196167,13.3125,13.182499885559082,13.297499656677246,574000
2012-01-11,7.491184234619141,13.104999542236328,13.1850004196167,13.077500343322754,13.180000305175781,485600
2012-01-12,7.484042167663574,13.092499732971191,13.260000228881836,13.007499694824219,13.192500114440918,496000
2012-01-13,7.404013633728027,12.952500343322754,13.02750015258789,12.890000343322754,12.992500305175781,270400
2012-01-17,7.506906986236572,13.132499694824219,13.204999923706055,13.057499885559082,13.130000114440918,488000
2012-01-18,7.522623538970947,13.15999984741211,13.177499771118164,13.077500343322754,13.082500457763672,258400
2012-01-19,7.511197566986084,13.140000343322754,13.345000267028809,13.107500076293945,13.262499809265137,536000
2012-01-20,7.494045257568359,13.109999656677246,13.194999694824219,13.067500114440918,13.109999656677246,257600
2012-01-23,7.604082107543945,13.302499771118164,13.319999694824219,13.154999732971191,13.15999984741211,340800
2012-01-24,7.53262996673584,13.177499771118164,13.274999618530273,13.067500114440918,13.234999656677246,402800
2012-01-25,7.61265754699707,13.317500114440918,13.352499961853027,13.119999885559082,13.157500267028809,275600
2012-01-26,7.656960487365723,13.395000457763672,13.507499694824219,13.3100004196167,13.34749984741211,368000
2012-01-27,7.64695405960083,13.3774995803833,13.482500076293945,13.329999923706055,13.359999656677246,467200
2012-01-30,7.681255340576172,13.4375,13.460000038146973,13.262499809265137,13.282500267028809,372000
2012-01-31,7.662675380706787,13.404999732971191,13.5600004196167,13.352499961853027,13.512499809265137,407200
2012-02-01,7.787005424499512,13.6225004196167,13.680000305175781,13.452500343322754,13.477499961853027,399200
2012-02-02,7.759853363037109,13.574999809265137,13.729999542236328,13.542499542236328,13.672499656677246,422800
2012-02-03,7.76556921005249,13.585000038146973,13.737500190734863,13.572500228881836,13.637499809265137,431200
2012-02-06,7.771285533905029,13.595000267028809,13.6225004196167,13.47249984741211,13.5,366400
2012-02-07,7.74841833114624,13.555000305175781,13.59749984741211,13.460000038146973,13.552499771118164,412800
2012-02-08,7.812726974487305,13.667499542236328,13.72249984741211,13.547499656677246,13.585000038146973,284000
2012-02-09,7.834163188934326,13.704999923706055,13.782500267028809,13.664999961853027,13.717499732971191,304000
2012-02-10,7.70554780960083,13.479999542236328,13.542499542236328,13.305000305175781,13.524999618530273,462000
2012-02-13,7.721264839172363,13.507499694824219,13.6875,13.505000114440918,13.5625,323600
2012-02-14,7.722696304321289,13.510000228881836,13.512499809265137,13.425000190734863,13.489999771118164,355200
2012-02-15,7.74841833114624,13.555000305175781,13.614999771118164,13.520000457763672,13.529999732971191,523600
2012-02-16,7.758424758911133,13.572500228881836,13.595000267028809,13.457500457763672,13.512499809265137,390800
2012-02-17,7.718410968780518,13.5024995803833,13.612500190734863,13.484999656677246,13.602499961853027,393600
2012-02-21,7.7155537605285645,13.4975004196167,13.602499961853027,13.417499542236328,13.487500190734863,411200
2012-02-22,8.108543395996094,14.1850004196167,14.2524995803833,13.702500343322754,13.832500457763672,944000
2012-02-23,8.058527946472168,14.09749984741211,14.227499961853027,13.970000267028809,14.207500457763672,655600
2012-02-24,8.112833976745605,14.192500114440918,14.369999885559082,14.074999809265137,14.112500190734863,724400
2012-02-27,8.127123832702637,14.217499732971191,14.295000076293945,13.9399995803833,13.957500457763672,588400
2012-02-28,8.137125015258789,14.234999656677246,14.3725004196167,14.135000228881836,14.135000228881836,480400
2012-02-29,8.212868690490723,14.367500305175781,14.432499885559082,14.1899995803833,14.300000190734863,834400
2012-03-01,8.238592147827148,14.412500381469727,14.489999771118164,14.350000381469727,14.444999694824219,620000
2012-03-02,8.202864646911621,14.350000381469727,14.404999732971191,14.28499984741211,14.40250015258789,380000
2012-03-05,8.20429515838623,14.352499961853027,14.422499656677246,14.21500015258789,14.272500038146973,420400
2012-03-06,8.127123832702637,14.217499732971191,14.302499771118164,14.074999809265137,14.257499694824219,487200
2012-03-07,8.170581817626953,14.147500038146973,14.237500190734863,14.0649995803833,14.074999809265137,1123200
2012-03-08,8.20090103149414,14.199999809265137,14.2524995803833,14.112500190734863,14.194999694824219,1184400
2012-03-09,8.271645545959473,14.322500228881836,14.332500457763672,14.182499885559082,14.182499885559082,424800
2012-03-12,8.24277400970459,14.272500038146973,14.40250015258789,14.227499961853027,14.292499542236328,627200
2012-03-13,8.387155532836914,14.522500038146973,14.539999961853027,14.239999771118164,14.327500343322754,1505600
2012-03-14,8.249993324279785,14.28499984741211,14.550000190734863,14.162500381469727,14.520000457763672,1464400
2012-03-15,8.306302070617676,14.382499694824219,14.520000457763672,14.147500038146973,14.232500076293945,905200
2012-03-16,8.241329193115234,14.270000457763672,14.4375,14.227499961853027,14.40999984741211,586400
2012-03-19,8.221115112304688,14.234999656677246,14.425000190734863,14.180000305175781,14.22249984741211,590400
2012-03-20,8.24710464477539,14.279999732971191,14.367500305175781,13.9975004196167,14.154999732971191,570000
2012-03-21,8.226893424987793,14.244999885559082,14.324999809265137,14.199999809265137,14.265000343322754,243600
2012-03-22,8.232666015625,14.255000114440918,14.282500267028809,14.09749984741211,14.104999542236328,306000
2012-03-23,8.15325927734375,14.117500305175781,14.27750015258789,14.087499618530273,14.232500076293945,360400
2012-03-26,8.293307304382324,14.359999656677246,14.444999694824219,14.1875,14.270000457763672,627200
2012-03-27,8.312074661254883,14.392499923706055,14.432499885559082,14.292499542236328,14.34000015258789,286000
2012-03-28,8.429027557373047,14.595000267028809,14.694999694824219,14.335000038146973,14.354999542236328,721200
2012-03-29,8.268762588500977,14.317500114440918,14.59749984741211,14.225000381469727,14.59749984741211,358400
2012-03-30,8.20667839050293,14.210000038146973,14.354999542236328,14.095000267028809,14.3100004196167,608400
2012-04-02,8.319296836853027,14.404999732971191,14.5,14.212499618530273,14.212499618530273,274000
2012-04-03,8.338067054748535,14.4375,14.579999923706055,14.380000114440918,14.47249984741211,418000
2012-04-04,8.316408157348633,14.399999618530273,14.46500015258789,14.324999809265137,14.342499732971191,265200
2012-04-05,8.329402923583984,14.422499656677246,14.4399995803833,14.3125,14.4399995803833,636000
2012-04-09,8.316408157348633,14.399999618530273,14.457500457763672,14.292499542236328,14.319999694824219,244800
2012-04-10,8.083953857421875,13.9975004196167,14.385000228881836,13.9375,14.385000228881836,535600
2012-04-11,8.073844909667969,13.979999542236328,13.987500190734863,13.867500305175781,13.982500076293945,975600
2012-04-12,8.192238807678223,14.1850004196167,14.234999656677246,13.97249984741211,13.97249984741211,459600
2012-04-13,8.218230247497559,14.229999542236328,14.282500267028809,14.095000267028809,14.137499809265137,440800
2012-04-16,8.235555648803711,14.260000228881836,14.272500038146973,14.172499656677246,14.225000381469727,259600
2012-04-17,8.353948593139648,14.46500015258789,14.53499984741211,14.385000228881836,14.427499771118164,294400
2012-04-18,8.416031837463379,14.572500228881836,14.614999771118164,14.427499771118164,14.4375,293200
2012-04-19,8.437690734863281,14.609999656677246,14.65250015258789,14.512499809265137,14.529999732971191,373600
2012-04-20,8.424694061279297,14.587499618530273,14.697500228881836,14.53499984741211,14.662500381469727,220000
2012-04-23,8.385711669921875,14.520000457763672,14.609999656677246,14.432499885559082,14.545000076293945,344000
2012-04-24,8.447794914245605,14.6274995803833,14.667499542236328,14.492500305175781,14.492500305175781,452000
2012-04-25,8.39004135131836,14.52750015258789,14.710000038146973,14.487500190734863,14.710000038146973,350800
2012-04-26,8.405924797058105,14.555000305175781,14.587499618530273,14.4975004196167,14.4975004196167,240800
2012-04-27,8.481005668640137,14.6850004196167,14.717499732971191,14.602499961853027,14.632499694824219,367600
2012-04-30,8.476675033569336,14.677499771118164,14.729999542236328,14.532500267028809,14.625,216000
2012-05-01,8.431915283203125,14.600000381469727,14.742500305175781,14.600000381469727,14.630000114440918,253200
2012-05-02,8.443467140197754,14.619999885559082,14.637499809265137,14.482500076293945,14.4975004196167,224000
2012-05-03,8.405924797058105,14.555000305175781,14.662500381469727,14.520000457763672,14.602499961853027,224000
2012-05-04,8.24277400970459,14.272500038146973,14.52750015258789,14.2475004196167,14.46500015258789,289600
2012-05-07,8.329402923583984,14.422499656677246,14.47249984741211,14.22249984741211,14.22249984741211,236000
2012-05-08,8.234107971191406,14.257499694824219,14.369999885559082,14.242500305175781,14.345000267028809,218800
2012-05-09,8.107051849365234,14.037500381469727,14.170000076293945,13.864999771118164,14.170000076293945,768000
2012-05-10,8.234107971191406,14.257499694824219,14.292499542236328,14.0024995803833,14.109999656677246,327200
2012-05-11,8.387155532836914,14.522500038146973,14.53499984741211,14.272500038146973,14.282500267028809,524000
2012-05-14,8.421804428100586,14.582500457763672,14.59749984741211,14.317500114440918,14.342499732971191,378800
2012-05-15,8.392930030822754,14.532500267028809,14.682499885559082,14.532500267028809,14.572500228881836,280000
2012-05-16,8.39004135131836,14.52750015258789,14.647500038146973,14.382499694824219,14.522500038146973,310800
2012-05-17,8.284645080566406,14.345000267028809,14.542499542236328,14.3125,14.542499542236328,358000
2012-05-18,8.18502140045166,14.172499656677246,14.475000381469727,14.095000267028809,14.417499542236328,388400
2012-05-21,8.20811939239502,14.212499618530273,14.382499694824219,14.15250015258789,14.154999732971191,198400
2012-05-22,8.174915313720703,14.154999732971191,14.287500381469727,14.09749984741211,14.212499618530273,448000
2012-05-23,8.069512367248535,13.97249984741211,14.095000267028809,13.954999923706055,14.074999809265137,432000
2012-05-24,8.037748336791992,13.917499542236328,14.012499809265137,13.774999618530273,13.992500305175781,401600
2012-05-25,7.988662242889404,13.832500457763672,13.962499618530273,13.802499771118164,13.864999771118164,280800
2012-05-29,8.102721214294434,14.029999732971191,14.047499656677246,13.857500076293945,13.922499656677246,335600
2012-05-30,8.057962417602539,13.952500343322754,13.970000267028809,13.8725004196167,13.954999923706055,189600
2012-05-31,8.18502140045166,14.172499656677246,14.212499618530273,13.920000076293945,13.9375,429200
2012-06-01,8.050741195678711,13.9399995803833,14.21500015258789,13.930000305175781,14.085000038146973,452000
2012-06-04,8.076735496520996,13.984999656677246,14.020000457763672,13.875,13.949999809265137,374000
2012-06-05,8.199462890625,14.197500228881836,14.207500457763672,13.962499618530273,13.962499618530273,612400
2012-06-06,8.230971336364746,14.104999542236328,14.244999885559082,14.03499984741211,14.164999961853027,369200
2012-06-07,8.169696807861328,14.0,14.237500190734863,13.989999771118164,14.207500457763672,261600
2012-06-08,8.12155532836914,13.917499542236328,14.047499656677246,13.792499542236328,13.899999618530273,315200
2012-06-11,8.143438339233398,13.954999923706055,14.272500038146973,13.954999923706055,13.962499618530273,417600
2012-06-12,8.18282699584961,14.022500038146973,14.167499542236328,13.967499732971191,14.010000228881836,283600
2012-06-13,8.181370735168457,14.020000457763672,14.182499885559082,13.952500343322754,13.984999656677246,336800
2012-06-14,8.239725112915039,14.119999885559082,14.232500076293945,13.9975004196167,14.020000457763672,306400
2012-06-15,8.140521049499512,13.949999809265137,14.22249984741211,13.932499885559082,14.119999885559082,326800
2012-06-18,8.279115676879883,14.1875,14.225000381469727,13.880000114440918,13.890000343322754,383600
2012-06-19,8.410412788391113,14.412500381469727,14.555000305175781,14.239999771118164,14.239999771118164,428800
2012-06-20,8.549003601074219,14.649999618530273,14.6875,14.357500076293945,14.387499809265137,630400
2012-06-21,8.340384483337402,14.292499542236328,14.677499771118164,14.257499694824219,14.602499961853027,372400
2012-06-22,8.372479438781738,14.34749984741211,14.407500267028809,14.172499656677246,14.34000015258789,284400
2012-06-25,8.373940467834473,14.350000381469727,14.390000343322754,14.132499694824219,14.232500076293945,295200
2012-06-26,8.411869049072266,14.414999961853027,14.4375,14.257499694824219,14.297499656677246,190400
2012-06-27,8.308289527893066,14.237500190734863,14.4350004196167,14.212499618530273,14.395000457763672,309200
2012-06-28,8.354975700378418,14.317500114440918,14.375,14.057499885559082,14.192500114440918,290000
2012-06-29,8.531499862670898,14.619999885559082,14.672499656677246,14.449999809265137,14.517499923706055,482800
2012-07-02,8.605900764465332,14.7475004196167,14.8125,14.537500381469727,14.692500114440918,101600
2012-07-03,8.757624626159668,15.007499694824219,15.055000305175781,14.720000267028809,14.770000457763672,366800
2012-07-05,8.84807300567627,15.162500381469727,15.337499618530273,15.102499961853027,15.217499732971191,482000
2012-07-06,8.769295692443848,15.02750015258789,15.2524995803833,14.957500457763672,15.077500343322754,528000
2012-07-09,8.814519882202148,15.104999542236328,15.109999656677246,14.962499618530273,14.962499618530273,376000
2012-07-10,8.84515380859375,15.157500267028809,15.305000305175781,15.074999809265137,15.087499618530273,402400
2012-07-11,8.724066734313965,14.949999809265137,15.167499542236328,14.850000381469727,15.164999961853027,621200
2012-07-12,8.789717674255371,15.0625,15.132499694824219,14.737500190734863,14.797499656677246,484800
2012-07-13,8.79992961883545,15.079999923706055,15.242500305175781,14.9350004196167,15.057499885559082,405200
2012-07-16,8.783885955810547,15.052499771118164,15.085000038146973,14.9375,14.987500190734863,406800
2012-07-17,8.79263687133789,15.067500114440918,15.137499809265137,15.020000457763672,15.02750015258789,261600
2012-07-18,8.875794410705566,15.210000038146973,15.307499885559082,15.0600004196167,15.069999694824219,292400
2012-07-19,8.801389694213867,15.082500457763672,15.232500076293945,14.954999923706055,15.210000038146973,372000
2012-07-20,8.667173385620117,14.852499961853027,15.047499656677246,14.845000267028809,14.96500015258789,420400
2012-07-23,8.741573333740234,14.979999542236328,15.017499923706055,14.582500457763672,14.739999771118164,534800
2012-07-24,8.728449821472168,14.957500457763672,15.022500038146973,14.90250015258789,15.0,355600
2012-07-25,8.748871803283691,14.992500305175781,15.0625,14.914999961853027,15.0,314000
2012-07-26,8.856827735900879,15.177499771118164,15.27750015258789,15.03499984741211,15.03499984741211,534400
2012-07-27,8.948738098144531,15.335000038146973,15.417499542236328,15.145000457763672,15.202500343322754,716800
2012-07-30,8.989585876464844,15.404999732971191,15.47249984741211,15.262499809265137,15.295000076293945,451200
2012-07-31,8.942899703979492,15.324999809265137,15.449999809265137,15.317500114440918,15.354999542236328,646800
2012-08-01,8.91810131072998,15.282500267028809,15.477499961853027,15.282500267028809,15.3725004196167,675600
2012-08-02,8.837861061096191,15.145000457763672,15.300000190734863,15.102499961853027,15.192500114440918,468800
2012-08-03,8.991044998168945,15.407500267028809,15.5024995803833,15.274999618530273,15.289999961853027,440000
2012-08-06,9.062532424926758,15.529999732971191,15.604999542236328,15.4399995803833,15.4399995803833,146000
2012-08-07,9.187993049621582,15.744999885559082,15.802499771118164,15.567500114440918,15.577500343322754,368400
2012-08-08,9.214251518249512,15.789999961853027,16.05500030517578,15.702500343322754,15.734999656677246,669200
2012-08-09,9.344094276428223,16.012500762939453,16.0625,15.77750015258789,15.78499984741211,390000
2012-08-10,9.363055229187012,16.045000076293945,16.082500457763672,15.90999984741211,16.002500534057617,220800
2012-08-13,9.28719711303711,15.914999961853027,16.0049991607666,15.850000381469727,15.97249984741211,456400
2012-08-14,9.319291114807129,15.970000267028809,16.0,15.899999618530273,15.979999542236328,225600
2012-08-15,9.387859344482422,16.087499618530273,16.147499084472656,15.792499542236328,15.922499656677246,625200
2012-08-16,9.166110038757324,15.707500457763672,16.092500686645508,15.65999984741211,16.092500686645508,555600
2012-08-17,9.14714527130127,15.675000190734863,15.692500114440918,15.65250015258789,15.6899995803833,400000
2012-08-20,9.255097389221191,15.859999656677246,15.904999732971191,15.645000457763672,15.675000190734863,346800
2012-08-21,9.135472297668457,15.654999732971191,15.932499885559082,15.617500305175781,15.932499885559082,277200
2012-08-22,9.06690788269043,15.537500381469727,15.7524995803833,15.494999885559082,15.5649995803833,504800
2012-08-23,9.106293678283691,15.604999542236328,15.755000114440918,15.452500343322754,15.5600004196167,456400
2012-08-24,9.220088005065918,15.800000190734863,15.859999656677246,15.59000015258789,15.6225004196167,597600
2012-08-27,9.284276962280273,15.90999984741211,15.960000038146973,15.77750015258789,15.8100004196167,762400
2012-08-28,9.208416938781738,15.779999732971191,16.065000534057617,15.734999656677246,16.002500534057617,818000
2012-08-29,9.265315055847168,15.8774995803833,15.9399995803833,15.760000228881836,15.887499809265137,506800
2012-08-30,9.134012222290039,15.65250015258789,15.890000343322754,15.595000267028809,15.854999542236328,563200
2012-08-31,9.026058197021484,15.467499732971191,15.755000114440918,15.382499694824219,15.71500015258789,977600
2012-09-04,9.074198722839355,15.550000190734863,15.595000267028809,15.387499809265137,15.427499771118164,600000
2012-09-05,9.176319122314453,15.725000381469727,15.725000381469727,15.324999809265137,15.507499694824219,782400
2012-09-06,9.217131614685059,15.640000343322754,15.8149995803833,15.555000305175781,15.632499694824219,812000
2012-09-07,9.149360656738281,15.524999618530273,15.65999984741211,15.387499809265137,15.632499694824219,723600
2012-09-10,9.215658187866211,15.637499809265137,15.734999656677246,15.53499984741211,15.577500343322754,513600
2012-09-11,9.240707397460938,15.680000305175781,15.732500076293945,15.454999923706055,15.712499618530273,609600
2012-09-12,9.337944984436035,15.845000267028809,15.887499809265137,15.614999771118164,15.680000305175781,533200
2012-09-13,9.317317962646484,15.8100004196167,16.014999389648438,15.702500343322754,15.875,507200
2012-09-14,9.140518188476562,15.510000228881836,15.84749984741211,15.425000190734863,15.84749984741211,548000
2012-09-17,9.180299758911133,15.577500343322754,15.645000457763672,15.414999961853027,15.494999885559082,470000
2012-09-18,9.289325714111328,15.762499809265137,15.772500038146973,15.539999961853027,15.604999542236328,559200
2012-09-19,9.174406051635742,15.567500114440918,15.792499542236328,15.547499656677246,15.742500305175781,421200
2012-09-20,9.258382797241211,15.710000038146973,15.72249984741211,15.387499809265137,15.4350004196167,444400
2012-09-21,9.141989707946777,15.512499809265137,15.862500190734863,15.510000228881836,15.832500457763672,421200
2012-09-24,9.25249195098877,15.699999809265137,15.805000305175781,15.479999542236328,15.512499809265137,372800
2012-09-25,9.251019477844238,15.697500228881836,15.800000190734863,15.614999771118164,15.704999923706055,582800
2012-09-26,9.236284255981445,15.672499656677246,15.8100004196167,15.59000015258789,15.697500228881836,344000
2012-09-27,9.274595260620117,15.737500190734863,15.829999923706055,15.630000114440918,15.71500015258789,381200
2012-09-28,9.212711334228516,15.632499694824219,15.84749984741211,15.604999542236328,15.697500228881836,602800
2012-10-01,9.273119926452637,15.734999656677246,15.917499542236328,15.619999885559082,15.65999984741211,790000
2012-10-02,9.289325714111328,15.762499809265137,15.850000381469727,15.692500114440918,15.734999656677246,376000
2012-10-03,9.274595260620117,15.737500190734863,15.835000038146973,15.729999542236328,15.782500267028809,233200
2012-10-04,9.446972846984863,16.030000686645508,16.082500457763672,15.77750015258789,15.787500381469727,309600
2012-10-05,9.469071388244629,16.0674991607666,16.287500381469727,16.03499984741211,16.227500915527344,398400
2012-10-08,9.448445320129395,16.032499313354492,16.287500381469727,15.960000038146973,16.100000381469727,91600
2012-10-09,9.351205825805664,15.867500305175781,16.059999465942383,15.817500114440918,16.045000076293945,189600
2012-10-10,9.314373970031738,15.805000305175781,15.979999542236328,15.782500267028809,15.895000457763672,450000
2012-10-11,9.312899589538574,15.802499771118164,15.907500267028809,15.734999656677246,15.867500305175781,340400
2012-10-12,9.23923110961914,15.677499771118164,15.835000038146973,15.65999984741211,15.8125,477600
2012-10-15,9.287854194641113,15.760000228881836,15.867500305175781,15.619999885559082,15.729999542236328,584800
2012-10-16,9.31142807006836,15.800000190734863,15.882499694824219,15.72249984741211,15.762499809265137,366400
2012-10-17,9.38803768157959,15.930000305175781,15.962499618530273,15.770000457763672,15.882499694824219,321200
2012-10-18,9.3600435256958,15.882499694824219,16.114999771118164,15.862500190734863,16.0,381200
2012-10-19,9.249543190002441,15.694999694824219,15.8774995803833,15.677499771118164,15.8774995803833,299200
2012-10-22,9.162616729736328,15.547499656677246,15.727499961853027,15.4399995803833,15.702500343322754,406400
2012-10-23,9.121365547180176,15.477499961853027,15.5024995803833,15.302499771118164,15.494999885559082,304800
2012-10-24,9.147887229919434,15.522500038146973,15.632499694824219,15.4375,15.574999809265137,222400
2012-10-25,9.167038917541504,15.555000305175781,15.677499771118164,15.470000267028809,15.6225004196167,354400
2012-10-26,9.25396728515625,15.702500343322754,15.729999542236328,15.537500381469727,15.537500381469727,259600
2012-10-31,9.474964141845703,16.077499389648438,16.11750030517578,15.962499618530273,15.987500190734863,421200
2012-11-01,9.538317680358887,16.184999465942383,16.25749969482422,15.925000190734863,16.092500686645508,401600
2012-11-02,9.460232734680176,16.052499771118164,16.262500762939453,16.020000457763672,16.262500762939453,243600
2012-11-05,9.43371295928955,16.00749969482422,16.112499237060547,15.982500076293945,16.112499237060547,245600
2012-11-06,9.424872398376465,15.992500305175781,16.167499542236328,15.967499732971191,16.167499542236328,186800
2012-11-07,9.262805938720703,15.717499732971191,15.9350004196167,15.697500228881836,15.917499542236328,314400
2012-11-08,9.292272567749023,15.767499923706055,15.8100004196167,15.662500381469727,15.795000076293945,224000
2012-11-09,9.411611557006836,15.970000267028809,16.1200008392334,15.787500381469727,15.787500381469727,343600
2012-11-12,9.495589256286621,16.112499237060547,16.135000228881836,15.979999542236328,16.059999465942383,233600
2012-11-13,9.585461616516113,16.264999389648438,16.280000686645508,16.024999618530273,16.09000015258789,285600
2012-11-14,9.312899589538574,15.802499771118164,16.264999389648438,15.770000457763672,16.264999389648438,426400
2012-11-15,9.192087173461914,15.59749984741211,15.792499542236328,15.529999732971191,15.792499542236328,592000
2012-11-16,9.167038917541504,15.555000305175781,15.654999732971191,15.404999732971191,15.6225004196167,668400
2012-11-19,9.385093688964844,15.925000190734863,15.925000190734863,15.617500305175781,15.662500381469727,382800
2012-11-20,9.340889930725098,15.850000381469727,15.90250015258789,15.694999694824219,15.90250015258789,221600
2012-11-21,9.43371295928955,16.00749969482422,16.010000228881836,15.875,15.9350004196167,212800
2012-11-23,9.545682907104492,16.197500228881836,16.2549991607666,16.09749984741211,16.09749984741211,78000
2012-11-26,9.52358341217041,16.15999984741211,16.202499389648438,16.045000076293945,16.1825008392334,349600
2012-11-27,9.51032543182373,16.137500762939453,16.270000457763672,16.125,16.197500228881836,208400
2012-11-28,9.430763244628906,16.002500534057617,16.15999984741211,15.970000267028809,16.15999984741211,290000
2012-11-29,9.461709022521973,16.05500030517578,16.127500534057617,16.002500534057617,16.104999542236328,306000
2012-11-30,9.551575660705566,16.207500457763672,16.309999465942383,16.024999618530273,16.024999618530273,616400
2012-12-03,9.486751556396484,16.09749984741211,16.342500686645508,16.077499389648438,16.315000534057617,278400
2012-12-04,9.449915885925293,16.03499984741211,16.13249969482422,16.002500534057617,16.112499237060547,388000
2012-12-05,9.614933013916016,16.315000534057617,16.332500457763672,16.012500762939453,16.012500762939453,410400
2012-12-06,9.589884757995605,16.272499084472656,16.332500457763672,16.142499923706055,16.332500457763672,176800
2012-12-07,9.601635932922363,16.13249969482422,16.202499389648438,16.09749984741211,16.202499389648438,323200
2012-12-10,9.629907608032227,16.18000030517578,16.22249984741211,16.11750030517578,16.1825008392334,156000
2012-12-11,9.67306137084961,16.252500534057617,16.287500381469727,16.174999237060547,16.21500015258789,210800
2012-12-12,9.775725364685059,16.424999237060547,16.49250030517578,16.302499771118164,16.315000534057617,233600
2012-12-13,9.894761085510254,16.625,16.635000228881836,16.457500457763672,16.457500457763672,258000
2012-12-14,9.780193328857422,16.4325008392334,16.6299991607666,16.40250015258789,16.6299991607666,164000
2012-12-17,9.817390441894531,16.4950008392334,16.549999237060547,16.309999465942383,16.462499618530273,250800
2012-12-18,9.765313148498535,16.407499313354492,16.514999389648438,16.34749984741211,16.514999389648438,264400
2012-12-19,9.787631034851074,16.44499969482422,16.475000381469727,16.315000534057617,16.434999465942383,199600
2012-12-20,9.714722633361816,16.322500228881836,16.450000762939453,16.315000534057617,16.447500228881836,240800
2012-12-21,9.754897117614746,16.389999389648438,16.407499313354492,16.202499389648438,16.3174991607666,234000
2012-12-24,9.763822555541992,16.405000686645508,16.475000381469727,16.392499923706055,16.415000915527344,89600
2012-12-26,9.73257827758789,16.352500915527344,16.520000457763672,16.2549991607666,16.47249984741211,60000
2012-12-27,9.734062194824219,16.354999542236328,16.375,16.280000686645508,16.375,122400
2012-12-28,9.683475494384766,16.270000457763672,16.325000762939453,16.262500762939453,16.325000762939453,130400
2012-12-31,9.692401885986328,16.28499984741211,16.28499984741211,16.06999969482422,16.262500762939453,234000
2013-01-02,9.750432014465332,16.38249969482422,16.549999237060547,16.25749969482422,16.502500534057617,256000
2013-01-03,9.72811222076416,16.344999313354492,16.43000030517578,16.232500076293945,16.417499542236328,214400
2013-01-04,9.734062194824219,16.354999542236328,16.40250015258789,16.334999084472656,16.372499465942383,144800
2013-01-07,9.670085906982422,16.247499465942383,16.329999923706055,16.197500228881836,16.329999923706055,115600
2013-01-08,9.632885932922363,16.184999465942383,16.270000457763672,16.112499237060547,16.247499465942383,152400
2013-01-09,9.618005752563477,16.15999984741211,16.274999618530273,16.1299991607666,16.232500076293945,289600
2013-01-10,9.778704643249512,16.43000030517578,16.462499618530273,16.18000030517578,16.225000381469727,194800
2013-01-11,9.805486679077148,16.475000381469727,16.520000457763672,16.377500534057617,16.46500015258789,128400
2013-01-14,9.772751808166504,16.420000076293945,16.475000381469727,16.38249969482422,16.4424991607666,106800
2013-01-15,9.790605545043945,16.450000762939453,16.459999084472656,16.247499465942383,16.3700008392334,133200
2013-01-16,9.748942375183105,16.3799991607666,16.417499542236328,16.30500030517578,16.397499084472656,138000
2013-01-17,9.766799926757812,16.40999984741211,16.487499237060547,16.360000610351562,16.422500610351562,98400
2013-01-18,9.83821964263916,16.530000686645508,16.547500610351562,16.3125,16.397499084472656,118800
2013-01-22,9.64330005645752,16.202499389648438,16.44499969482422,16.19499969482422,16.424999237060547,166000
2013-01-23,9.601635932922363,16.13249969482422,16.3174991607666,16.104999542236328,16.227500915527344,234800
2013-01-24,9.722161293029785,16.334999084472656,16.377500534057617,16.079999923706055,16.137500762939453,201600
2013-01-25,9.610566139221191,16.147499084472656,16.302499771118164,16.059999465942383,16.280000686645508,407600
2013-01-28,9.708771705627441,16.3125,16.344999313354492,16.127500534057617,16.1825008392334,218800
2013-01-29,9.862029075622559,16.56999969482422,16.635000228881836,16.309999465942383,16.3125,252400
2013-01-30,9.832268714904785,16.520000457763672,16.575000762939453,16.44499969482422,16.559999465942383,133200
2013-01-31,10.010819435119629,16.81999969482422,16.86750030517578,16.549999237060547,16.582500457763672,312400
2013-02-01,10.071825981140137,16.922500610351562,16.9424991607666,16.68000030517578,16.815000534057617,237600
2013-02-04,9.960230827331543,16.735000610351562,16.8700008392334,16.6875,16.850000381469727,279200
2013-02-05,9.94534969329834,16.709999084472656,16.872499465942383,16.6200008392334,16.850000381469727,382000
2013-02-06,10.101585388183594,16.97249984741211,17.010000228881836,16.700000762939453,16.719999313354492,202800
2013-02-07,9.997429847717285,16.797500610351562,16.959999084472656,16.762500762939453,16.9424991607666,235600
2013-02-08,9.796555519104004,16.459999084472656,16.712499618530273,16.334999084472656,16.707500457763672,442000
2013-02-11,9.85012435913086,16.549999237060547,16.607500076293945,16.399999618530273,16.412500381469727,256000
2013-02-12,9.909639358520508,16.649999618530273,16.72249984741211,16.514999389648438,16.579999923706055,223200
2013-02-13,9.920060157775879,16.667499542236328,16.790000915527344,16.645000457763672,16.68000030517578,332800
2013-02-14,9.930472373962402,16.684999465942383,16.684999465942383,16.602500915527344,16.625,235200
2013-02-15,9.995942115783691,16.795000076293945,16.940000534057617,16.517499923706055,16.594999313354492,324000
2013-02-19,10.198301315307617,17.135000228881836,17.157499313354492,16.672500610351562,16.69499969482422,570800
2013-02-20,10.000404357910156,16.802499771118164,17.05500030517578,16.712499618530273,17.05500030517578,450400
2013-02-21,10.143248558044434,17.042499542236328,17.149999618530273,16.792499542236328,16.8075008392334,314400
2013-02-22,10.125391960144043,17.012500762939453,17.102500915527344,16.86750030517578,16.889999389648438,249200
2013-02-25,10.02718734741211,16.84749984741211,17.094999313354492,16.84000015258789,17.047500610351562,314800
2013-02-26,10.02718734741211,16.84749984741211,16.959999084472656,16.6875,16.795000076293945,269600
2013-02-27,10.272696495056152,17.260000228881836,17.337499618530273,16.732500076293945,16.790000915527344,349600
2013-02-28,10.211691856384277,17.157499313354492,17.260000228881836,16.860000610351562,17.229999542236328,524800
2013-03-01,10.257820129394531,17.235000610351562,17.25,16.982500076293945,17.049999237060547,220400
2013-03-04,10.292040824890137,17.292499542236328,17.350000381469727,17.13249969482422,17.184999465942383,380400
2013-03-05,10.353043556213379,17.395000457763672,17.502500534057617,17.302499771118164,17.342500686645508,482000
2013-03-06,10.302456855773926,17.309999465942383,17.462499618530273,17.25,17.450000762939453,227200
2013-03-07,10.092658996582031,16.957500457763672,17.21500015258789,16.872499465942383,17.197500228881836,246400
2013-03-08,10.08521842956543,16.94499969482422,17.072500228881836,16.927499771118164,17.072500228881836,176000
2013-03-11,10.0137939453125,16.825000762939453,16.97249984741211,16.822500228881836,16.97249984741211,90000
2013-03-12,10.043557167053223,16.875,16.975000381469727,16.829999923706055,16.844999313354492,164000
2013-03-13,9.90517807006836,16.642499923706055,16.90999984741211,16.592500686645508,16.877500534057617,211600
2013-03-14,10.021233558654785,16.837499618530273,16.969999313354492,16.697500228881836,16.74250030517578,129600
2013-03-15,10.173005104064941,17.092500686645508,17.135000228881836,16.852500915527344,16.852500915527344,278400
2013-03-18,10.109025001525879,16.985000610351562,17.135000228881836,16.927499771118164,17.0625,126400
2013-03-19,10.077778816223145,16.9325008392334,17.012500762939453,16.86750030517578,16.985000610351562,134400
2013-03-20,10.153660774230957,17.059999465942383,17.112499237060547,16.982500076293945,17.037500381469727,306400
2013-03-21,10.106047630310059,16.979999542236328,17.170000076293945,16.96500015258789,17.149999618530273,117200
2013-03-22,10.131341934204102,17.022499084472656,17.2450008392334,16.975000381469727,17.024999618530273,184000
2013-03-25,10.100096702575684,16.969999313354492,17.225000381469727,16.93000030517578,17.1299991607666,127600
2013-03-26,10.193836212158203,17.127500534057617,17.202499389648438,16.832500457763672,17.052499771118164,450800
2013-03-27,10.111997604370117,16.989999771118164,17.112499237060547,16.9375,17.09749984741211,856000
2013-03-28,10.283113479614258,17.27750015258789,17.322500228881836,16.947500228881836,16.977500915527344,298000
2013-04-01,10.216153144836426,17.165000915527344,17.252500534057617,17.087499618530273,17.2450008392334,268000
2013-04-02,10.272696495056152,17.260000228881836,17.40250015258789,17.239999771118164,17.25749969482422,234800
2013-04-03,10.165563583374023,17.079999923706055,17.387500762939453,17.0,17.30500030517578,316800
2013-04-04,10.1908597946167,17.122499465942383,17.24250030517578,17.0625,17.135000228881836,275200
2013-04-05,10.079264640808105,16.934999465942383,17.024999618530273,16.822500228881836,16.9424991607666,388000
2013-04-08,10.097122192382812,16.96500015258789,17.135000228881836,16.854999542236328,16.97249984741211,196400
2013-04-09,10.110509872436523,16.987499237060547,17.059999465942383,16.885000228881836,17.022499084472656,363200
2013-04-10,10.232522964477539,17.1924991607666,17.235000610351562,17.030000686645508,17.030000686645508,130800
2013-04-11,10.262282371520996,17.24250030517578,17.34000015258789,17.1924991607666,17.27750015258789,145200
2013-04-12,10.30691909790039,17.3174991607666,17.350000381469727,17.19499969482422,17.207500457763672,341200
2013-04-15,10.156638145446777,17.065000534057617,17.462499618530273,17.0625,17.219999313354492,162800
2013-04-16,10.284602165222168,17.280000686645508,17.322500228881836,17.047500610351562,17.13249969482422,208800
2013-04-17,10.299479484558105,17.30500030517578,17.920000076293945,17.030000686645508,17.344999313354492,355200
2013-04-18,10.391732215881348,17.459999084472656,17.584999084472656,17.299999237060547,17.399999618530273,156600
2013-04-19,10.507791519165039,17.655000686645508,17.684999465942383,17.399999618530273,17.459999084472656,147800
2013-04-22,10.478031158447266,17.604999542236328,17.7450008392334,17.584999084472656,17.700000762939453,114200
2013-04-23,10.489933967590332,17.625,17.760000228881836,17.55500030517578,17.700000762939453,148600
2013-04-24,10.445297241210938,17.549999237060547,17.670000076293945,17.475000381469727,17.665000915527344,146200
2013-04-25,10.409588813781738,17.489999771118164,17.610000610351562,17.405000686645508,17.549999237060547,292600
2013-04-26,10.436368942260742,17.53499984741211,17.635000228881836,17.46500015258789,17.5,181600
2013-04-29,10.57921028137207,17.774999618530273,17.795000076293945,17.545000076293945,17.584999084472656,250000
2013-04-30,10.730979919433594,18.030000686645508,18.030000686645508,17.665000915527344,17.80500030517578,1627400
2013-05-01,10.677412986755371,17.940000534057617,17.989999771118164,17.780000686645508,17.780000686645508,306800
2013-05-02,10.67146110534668,17.93000030517578,17.9950008392334,17.80500030517578,17.93000030517578,114600
2013-05-03,10.67146110534668,17.93000030517578,18.1200008392334,17.8700008392334,18.084999084472656,115000
2013-05-06,10.710147857666016,17.9950008392334,18.030000686645508,17.864999771118164,17.915000915527344,113600
2013-05-07,10.698244094848633,17.975000381469727,18.104999542236328,17.954999923706055,18.079999923706055,329800
2013-05-08,10.900602340698242,18.315000534057617,18.389999389648438,17.979999542236328,17.979999542236328,164800
2013-05-09,10.98987865447998,18.46500015258789,18.739999771118164,18.434999465942383,18.434999465942383,217000
2013-05-10,11.046424865722656,18.559999465942383,18.565000534057617,18.344999313354492,18.520000457763672,192800
2013-05-13,11.010709762573242,18.5,18.575000762939453,18.40999984741211,18.565000534057617,148600
2013-05-14,10.966075897216797,18.424999237060547,18.53499984741211,18.364999771118164,18.424999237060547,129400
2013-05-15,10.82323169708252,18.184999465942383,18.3799991607666,18.139999389648438,18.3799991607666,305600
2013-05-16,10.897625923156738,18.309999465942383,18.44499969482422,18.200000762939453,18.309999465942383,145000
2013-05-17,10.805377006530762,18.155000686645508,18.170000076293945,18.0,18.0,166200
2013-05-20,10.784546852111816,18.1200008392334,18.270000457763672,18.030000686645508,18.05500030517578,79200
2013-05-21,10.900602340698242,18.315000534057617,18.44499969482422,18.045000076293945,18.135000228881836,124400
2013-05-22,10.796449661254883,18.139999389648438,18.485000610351562,18.135000228881836,18.295000076293945,302200
2013-05-23,10.766690254211426,18.09000015258789,18.204999923706055,18.0,18.200000762939453,100600
2013-05-24,10.716100692749023,18.0049991607666,18.06999969482422,17.834999084472656,18.03499984741211,116200
2013-05-28,10.656585693359375,17.905000686645508,18.1200008392334,17.8799991607666,18.1200008392334,127200
2013-05-29,10.65955924987793,17.90999984741211,17.959999084472656,17.735000610351562,17.90999984741211,150200
2013-05-30,10.51672077178955,17.670000076293945,17.959999084472656,17.6200008392334,17.940000534057617,150200
2013-05-31,10.329237937927246,17.354999542236328,17.684999465942383,17.264999389648438,17.655000686645508,1235400
2013-06-03,10.37387752532959,17.43000030517578,17.69499969482422,17.385000228881836,17.399999618530273,190000
2013-06-04,10.3084077835083,17.31999969482422,17.46500015258789,17.024999618530273,17.344999313354492,252600
2013-06-05,10.11795425415039,17.0,17.229999542236328,16.809999465942383,17.229999542236328,234600
2013-06-06,10.23183822631836,17.024999618530273,17.065000534057617,16.565000534057617,16.84000015258789,189600
2013-06-07,10.228833198547363,17.020000457763672,17.100000381469727,16.81999969482422,16.9950008392334,330400
2013-06-10,10.240854263305664,17.040000915527344,17.200000762939453,16.94499969482422,17.049999237060547,311200
2013-06-11,10.114645957946777,16.829999923706055,17.065000534057617,16.78499984741211,17.014999389648438,207800
2013-06-12,9.907305717468262,16.485000610351562,16.915000915527344,16.399999618530273,16.8799991607666,315600
2013-06-13,10.258880615234375,17.06999969482422,17.15999984741211,16.43000030517578,16.4950008392334,428800
2013-06-14,10.249870300292969,17.05500030517578,17.2549991607666,16.920000076293945,17.104999542236328,457400
2013-06-17,10.306963920593262,17.149999618530273,17.295000076293945,17.09000015258789,17.21500015258789,432000
2013-06-18,10.424156188964844,17.344999313354492,17.584999084472656,17.165000915527344,17.165000915527344,208400
2013-06-19,10.030506134033203,16.690000534057617,17.31999969482422,16.68000030517578,17.31999969482422,266800
2013-06-20,9.690950393676758,16.125,16.540000915527344,16.125,16.469999313354492,824200
2013-06-21,9.654888153076172,16.065000534057617,16.344999313354492,15.885000228881836,16.040000915527344,491800
2013-06-24,9.471588134765625,15.760000228881836,16.0049991607666,15.600000381469727,15.779999732971191,366400
2013-06-25,9.537696838378906,15.869999885559082,16.079999923706055,15.78499984741211,16.049999237060547,366600
2013-06-26,8.82552433013916,14.6850004196167,15.890000343322754,14.204999923706055,15.890000343322754,4119200
2013-06-27,8.555078506469727,14.234999656677246,14.550000190734863,14.074999809265137,14.539999961853027,2008200
2013-06-28,8.771435737609863,14.595000267028809,14.880000114440918,14.210000038146973,14.350000381469727,940600
2013-07-01,8.915674209594727,14.835000038146973,14.854999542236328,14.65999984741211,14.65999984741211,261800
2013-07-02,9.002816200256348,14.979999542236328,15.395000457763672,14.65999984741211,14.734999656677246,732000
2013-07-03,9.06291389465332,15.079999923706055,15.194999694824219,14.755000114440918,14.925000190734863,228200
2013-07-05,8.95173454284668,14.895000457763672,15.130000114440918,14.835000038146973,14.989999771118164,401000
2013-07-08,9.053901672363281,15.0649995803833,15.170000076293945,14.845000267028809,14.9350004196167,338600
2013-07-09,9.041881561279297,15.045000076293945,15.204999923706055,14.90999984741211,15.175000190734863,283800
2013-07-10,8.978776931762695,14.9399995803833,15.119999885559082,14.800000190734863,15.114999771118164,258200
2013-07-11,9.186117172241211,15.28499984741211,15.385000228881836,15.130000114440918,15.145000457763672,422200
2013-07-12,9.189120292663574,15.289999961853027,15.404999732971191,15.265000343322754,15.345000267028809,225000
2013-07-15,9.17409896850586,15.265000343322754,15.385000228881836,15.229999542236328,15.350000381469727,220800
2013-07-16,9.222175598144531,15.345000267028809,15.404999732971191,15.265000343322754,15.305000305175781,183800
2013-07-17,9.189120292663574,15.289999961853027,15.529999732971191,15.274999618530273,15.364999771118164,344200
2013-07-18,9.138038635253906,15.204999923706055,15.454999923706055,15.194999694824219,15.359999656677246,222000
2013-07-19,9.168087005615234,15.255000114440918,15.329999923706055,15.104999542236328,15.199999809265137,216000
2013-07-22,8.915674209594727,14.835000038146973,15.3100004196167,14.819999694824219,15.274999618530273,1023000
2013-07-23,9.002816200256348,14.979999542236328,15.145000457763672,14.954999923706055,14.979999542236328,387200
2013-07-24,9.038875579833984,15.039999961853027,15.239999771118164,15.020000457763672,15.100000381469727,325000
2013-07-25,9.138038635253906,15.204999923706055,15.239999771118164,14.989999771118164,15.029999732971191,218000
2013-07-26,9.186117172241211,15.28499984741211,15.34000015258789,15.029999732971191,15.130000114440918,427000
2013-07-29,9.357400894165039,15.569999694824219,15.600000381469727,15.244999885559082,15.25,616200
2013-07-30,9.261240005493164,15.40999984741211,15.774999618530273,15.375,15.645000457763672,455600
2013-07-31,9.198138236999512,15.305000305175781,15.510000228881836,15.140000343322754,15.479999542236328,1920600
2013-08-01,9.120010375976562,15.175000190734863,15.345000267028809,15.024999618530273,15.319999694824219,336400
2013-08-02,9.086955070495605,15.119999885559082,15.15999984741211,15.010000228881836,15.119999885559082,353200
2013-08-05,9.177101135253906,15.270000457763672,15.319999694824219,15.104999542236328,15.135000228881836,100600
2013-08-06,9.071928024291992,15.095000267028809,15.1899995803833,14.904999732971191,15.029999732971191,421200
2013-08-07,8.981781959533691,14.944999694824219,15.03499984741211,14.765000343322754,15.03499984741211,489200
2013-08-08,8.91266918182373,14.829999923706055,15.015000343322754,14.789999961853027,14.949999809265137,537600
2013-08-09,9.020848274230957,15.010000228881836,15.015000343322754,14.6850004196167,14.755000114440918,295600
2013-08-12,8.990795135498047,14.960000038146973,14.984999656677246,14.774999618530273,14.84000015258789,393000
2013-08-13,9.06592082977295,15.085000038146973,15.175000190734863,14.890000343322754,14.920000076293945,469000
2013-08-14,8.945720672607422,14.885000228881836,15.109999656677246,14.864999771118164,15.085000038146973,222200
2013-08-15,9.387451171875,15.619999885559082,15.989999771118164,15.265000343322754,15.265000343322754,761000
2013-08-16,9.29429817199707,15.46500015258789,15.670000076293945,15.454999923706055,15.619999885559082,310400
2013-08-19,9.246217727661133,15.385000228881836,15.475000381469727,15.270000457763672,15.375,190600
2013-08-20,9.2071533203125,15.319999694824219,15.430000305175781,15.239999771118164,15.335000038146973,297800
2013-08-21,9.110993385314941,15.15999984741211,15.329999923706055,15.149999618530273,15.199999809265137,207200
2013-08-22,9.110993385314941,15.15999984741211,15.255000114440918,15.039999961853027,15.125,148600
2013-08-23,9.10498332977295,15.149999618530273,15.1850004196167,15.095000267028809,15.180000305175781,172200
2013-08-26,9.047892570495605,15.055000305175781,15.175000190734863,14.949999809265137,15.140000343322754,186200
2013-08-27,9.189120292663574,15.289999961853027,15.300000190734863,14.954999923706055,15.010000228881836,205600
2013-08-28,9.246217727661133,15.385000228881836,15.53499984741211,15.210000038146973,15.210000038146973,434800
2013-08-29,9.447548866271973,15.720000267028809,15.904999732971191,15.585000038146973,15.654999732971191,393800
2013-08-30,9.246217727661133,15.385000228881836,15.795000076293945,15.324999809265137,15.795000076293945,410000
2013-09-03,9.8381929397583,16.3700008392334,16.75,16.3700008392334,16.649999618530273,2540200
2013-09-04,9.856222152709961,16.399999618530273,16.469999313354492,16.2549991607666,16.34000015258789,958400
2013-09-05,9.79311752319336,16.295000076293945,16.354999542236328,16.165000915527344,16.344999313354492,503600
2013-09-06,9.727556228637695,16.024999618530273,16.344999313354492,15.920000076293945,16.344999313354492,334000
2013-09-09,9.709345817565918,15.994999885559082,16.149999618530273,15.96500015258789,16.09000015258789,174800
2013-09-10,9.809508323669434,16.15999984741211,16.229999542236328,16.049999237060547,16.049999237060547,321200
2013-09-11,9.85806655883789,16.239999771118164,16.28499984741211,16.094999313354492,16.139999389648438,149200
2013-09-12,9.74880313873291,16.059999465942383,16.2549991607666,15.824999809265137,16.209999084472656,1422800
2013-09-13,9.812541961669922,16.165000915527344,16.30500030517578,16.065000534057617,16.075000762939453,181600
2013-09-16,9.836822509765625,16.204999923706055,16.395000457763672,16.155000686645508,16.264999389648438,145400
2013-09-17,9.946086883544922,16.385000228881836,16.440000534057617,16.170000076293945,16.190000534057617,298600
2013-09-18,10.061421394348145,16.575000762939453,16.649999618530273,16.270000457763672,16.385000228881836,190400
2013-09-19,10.216211318969727,16.829999923706055,16.94499969482422,16.645000457763672,16.649999618530273,291400
2013-09-20,10.188897132873535,16.78499984741211,17.0,16.639999389648438,16.684999465942383,312400
2013-09-23,10.440811157226562,17.200000762939453,17.334999084472656,16.774999618530273,17.0049991607666,1062600
2013-09-24,10.455989837646484,17.225000381469727,17.424999237060547,17.19499969482422,17.295000076293945,386800
2013-09-25,10.228350639343262,16.850000381469727,17.28499984741211,16.78499984741211,17.264999389648438,531000
2013-09-26,10.289056777954102,16.950000762939453,17.010000228881836,16.825000762939453,16.8799991607666,196800
2013-09-27,10.170685768127441,16.7549991607666,16.94499969482422,16.639999389648438,16.94499969482422,151200
2013-09-30,10.052315711975098,16.559999465942383,16.719999313354492,16.524999618530273,16.645000457763672,397200
2013-10-01,10.05838394165039,16.56999969482422,16.760000228881836,16.415000915527344,16.450000762939453,508000
2013-10-02,9.96733570098877,16.420000076293945,16.520000457763672,16.395000457763672,16.520000457763672,212800
2013-10-03,9.927873611450195,16.354999542236328,16.424999237060547,16.274999618530273,16.40999984741211,288200
2013-10-04,9.979475021362305,16.440000534057617,16.489999771118164,16.274999618530273,16.299999237060547,141600
2013-10-07,9.955190658569336,16.399999618530273,16.514999389648438,16.299999237060547,16.299999237060547,392800
2013-10-08,9.93091106414795,16.360000610351562,16.545000076293945,16.334999084472656,16.364999771118164,175600
2013-10-09,10.043211936950684,16.545000076293945,16.7450008392334,16.28499984741211,16.385000228881836,243000
2013-10-10,10.201038360595703,16.80500030517578,16.889999389648438,16.665000915527344,16.68000030517578,161400
2013-10-11,10.176753997802734,16.764999389648438,16.915000915527344,16.625,16.770000457763672,113400
2013-10-14,10.21924877166748,16.834999084472656,16.885000228881836,16.6200008392334,16.690000534057617,42800
2013-10-15,10.18586254119873,16.780000686645508,16.850000381469727,16.639999389648438,16.834999084472656,107800
2013-10-16,10.198001861572266,16.799999237060547,16.81999969482422,16.704999923706055,16.78499984741211,163800
2013-10-17,10.176753997802734,16.764999389648438,16.829999923706055,16.610000610351562,16.75,531800
2013-10-18,10.413496017456055,17.155000686645508,17.28499984741211,16.770000457763672,16.770000457763672,211400
2013-10-21,10.413496017456055,17.155000686645508,17.434999465942383,17.05500030517578,17.19499969482422,139000
2013-10-22,10.537933349609375,17.360000610351562,17.389999389648438,17.225000381469727,17.2450008392334,187000
2013-10-23,10.674517631530762,17.584999084472656,18.024999618530273,17.295000076293945,17.520000457763672,4877400
2013-10-24,10.544007301330566,17.3700008392334,17.65999984741211,17.315000534057617,17.53499984741211,1319600
2013-10-25,10.6775484085083,17.59000015258789,17.684999465942383,17.190000534057617,17.334999084472656,1461600
2013-10-28,10.63506031036377,17.520000457763672,17.65999984741211,17.43000030517578,17.614999771118164,602400
2013-10-29,10.613814353942871,17.485000610351562,17.71500015258789,17.475000381469727,17.549999237060547,495800
2013-10-30,10.61077880859375,17.479999542236328,17.594999313354492,17.375,17.59000015258789,461200
2013-10-31,10.641130447387695,17.530000686645508,17.594999313354492,17.364999771118164,17.520000457763672,403800
2013-11-01,10.628989219665527,17.510000228881836,17.639999389648438,17.43000030517578,17.514999389648438,281600
2013-11-04,10.553110122680664,17.385000228881836,17.6299991607666,17.25,17.53499984741211,314400
2013-11-05,10.531864166259766,17.350000381469727,17.469999313354492,17.2450008392334,17.25,451200
2013-11-06,10.525794982910156,17.34000015258789,17.454999923706055,17.25,17.334999084472656,535400
2013-11-07,10.513652801513672,17.31999969482422,17.420000076293945,17.184999465942383,17.360000610351562,410600
2013-11-08,10.6987943649292,17.625,17.795000076293945,17.34000015258789,17.3700008392334,500000
2013-11-11,10.668442726135254,17.575000762939453,17.719999313354492,17.540000915527344,17.584999084472656,258200
2013-11-12,10.795917510986328,17.78499984741211,17.799999237060547,17.475000381469727,17.545000076293945,408000
2013-11-13,10.747358322143555,17.704999923706055,17.795000076293945,17.559999465942383,17.639999389648438,631400
2013-11-14,10.735217094421387,17.684999465942383,17.850000381469727,17.625,17.700000762939453,418200
2013-11-15,10.880904197692871,17.924999237060547,17.924999237060547,17.670000076293945,17.719999313354492,309600
2013-11-18,10.853588104248047,17.8799991607666,17.975000381469727,17.84000015258789,17.934999465942383,217400
2013-11-19,10.732181549072266,17.68000030517578,17.969999313354492,17.65999984741211,17.895000457763672,257200
2013-11-20,10.777710914611816,17.7549991607666,17.80500030517578,17.545000076293945,17.770000457763672,482400
2013-11-21,10.777710914611816,17.7549991607666,17.854999542236328,17.700000762939453,17.719999313354492,214400
2013-11-22,10.674517631530762,17.584999084472656,17.790000915527344,17.55500030517578,17.709999084472656,243000
2013-11-25,10.814131736755371,17.815000534057617,17.815000534057617,17.44499969482422,17.565000534057617,254600
2013-11-26,10.738250732421875,17.690000534057617,17.760000228881836,17.594999313354492,17.75,726800
2013-11-27,10.726113319396973,17.670000076293945,17.7450008392334,17.55500030517578,17.604999542236328,191400
2013-11-29,10.741287231445312,17.69499969482422,17.84000015258789,17.65999984741211,17.68000030517578,115400
2013-12-02,10.674517631530762,17.584999084472656,17.704999923706055,17.565000534057617,17.594999313354492,218600
2013-12-03,10.653271675109863,17.549999237060547,17.6200008392334,17.43000030517578,17.6200008392334,624800
2013-12-04,10.613814353942871,17.485000610351562,17.610000610351562,17.424999237060547,17.514999389648438,398200
2013-12-05,10.452950477600098,17.219999313354492,17.459999084472656,17.200000762939453,17.454999923706055,397600
2013-12-06,10.474197387695312,17.2549991607666,17.325000762939453,17.125,17.2549991607666,392800
2013-12-09,10.578107833862305,17.2549991607666,17.31999969482422,17.059999465942383,17.075000762939453,337000
2013-12-10,10.645545959472656,17.364999771118164,17.43000030517578,17.184999465942383,17.264999389648438,302800
2013-12-11,10.593436241149902,17.280000686645508,17.40999984741211,17.149999618530273,17.354999542236328,303400
2013-12-12,10.495347023010254,17.1200008392334,17.204999923706055,17.040000915527344,17.1299991607666,275000
2013-12-13,10.434042930603027,17.020000457763672,17.219999313354492,16.864999771118164,17.135000228881836,337200
2013-12-16,10.38193416595459,16.934999465942383,17.170000076293945,16.895000457763672,17.020000457763672,389200
2013-12-17,10.409523963928223,16.979999542236328,17.170000076293945,16.899999618530273,16.924999237060547,335800
2013-12-18,10.449370384216309,17.045000076293945,17.149999618530273,16.860000610351562,16.969999313354492,332600
2013-12-19,10.430980682373047,17.014999389648438,17.165000915527344,16.979999542236328,17.059999465942383,348800
2013-12-20,10.299172401428223,16.799999237060547,17.190000534057617,16.780000686645508,16.93000030517578,867200
2013-12-23,10.467761993408203,17.075000762939453,17.094999313354492,16.864999771118164,16.940000534057617,450200
2013-12-24,10.522933959960938,17.165000915527344,17.270000457763672,17.020000457763672,17.05500030517578,168600
2013-12-26,10.627152442932129,17.334999084472656,17.3700008392334,17.174999237060547,17.21500015258789,131600
2013-12-27,10.522933959960938,17.165000915527344,17.344999313354492,17.1200008392334,17.295000076293945,318000
2013-12-30,10.58117389678955,17.260000228881836,17.260000228881836,17.040000915527344,17.104999542236328,196200
2013-12-31,10.556653022766113,17.219999313354492,17.364999771118164,17.200000762939453,17.264999389648438,168200
2014-01-02,10.513739585876465,17.149999618530273,17.25,17.05500030517578,17.184999465942383,305600
2014-01-03,10.593436241149902,17.280000686645508,17.309999465942383,17.114999771118164,17.225000381469727,237800
2014-01-06,10.452434539794922,17.049999237060547,17.19499969482422,16.954999923706055,17.184999465942383,300800
2014-01-07,10.47082805633545,17.079999923706055,17.309999465942383,17.010000228881836,17.024999618530273,296600
2014-01-08,10.385002136230469,16.940000534057617,17.079999923706055,16.940000534057617,17.079999923706055,279200
2014-01-09,10.240935325622559,16.704999923706055,16.940000534057617,16.65999984741211,16.889999389648438,285200
2014-01-10,10.28691291809082,16.780000686645508,16.81999969482422,16.594999313354492,16.684999465942383,320600
2014-01-13,10.385002136230469,16.940000534057617,16.979999542236328,16.725000381469727,16.7549991607666,427200
2014-01-14,10.372737884521484,16.920000076293945,17.165000915527344,16.860000610351562,16.885000228881836,413000
2014-01-15,10.434042930603027,17.020000457763672,17.075000762939453,16.90999984741211,16.90999984741211,274600
2014-01-16,10.516805648803711,17.155000686645508,17.165000915527344,16.9950008392334,17.075000762939453,231800
2014-01-17,10.44324016571045,17.03499984741211,17.209999084472656,17.0049991607666,17.110000610351562,182400
2014-01-21,10.44017505645752,17.030000686645508,17.149999618530273,16.975000381469727,17.125,187200
2014-01-22,10.296109199523926,16.795000076293945,17.145000457763672,16.795000076293945,17.05500030517578,525400
2014-01-23,10.28691291809082,16.780000686645508,16.834999084472656,16.625,16.739999771118164,244400
2014-01-24,10.127522468566895,16.520000457763672,16.850000381469727,16.520000457763672,16.774999618530273,230800
2014-01-27,10.20721435546875,16.649999618530273,16.905000686645508,16.475000381469727,16.575000762939453,513800
2014-01-28,10.326760292053223,16.844999313354492,16.959999084472656,16.600000381469727,16.604999542236328,320800
2014-01-29,10.268519401550293,16.75,16.875,16.68000030517578,16.78499984741211,370200
2014-01-30,10.627152442932129,17.334999084472656,17.350000381469727,16.75,16.790000915527344,419600
2014-01-31,10.694586753845215,17.44499969482422,17.5,17.079999923706055,17.1299991607666,276400
2014-02-03,10.58117389678955,17.260000228881836,17.565000534057617,17.209999084472656,17.510000228881836,459600
2014-02-04,10.400327682495117,16.96500015258789,17.364999771118164,16.920000076293945,17.30500030517578,318000
2014-02-05,10.247062683105469,16.71500015258789,16.979999542236328,16.6200008392334,16.979999542236328,354400
2014-02-06,10.369673728942871,16.915000915527344,17.020000457763672,16.604999542236328,16.670000076293945,265000
2014-02-07,10.400327682495117,16.96500015258789,17.209999084472656,16.8700008392334,17.15999984741211,328400
2014-02-10,10.363543510437012,16.905000686645508,17.104999542236328,16.860000610351562,17.0,227600
2014-02-11,10.391130447387695,16.950000762939453,17.09000015258789,16.8799991607666,16.915000915527344,381200
2014-02-12,10.375805854797363,16.924999237060547,17.094999313354492,16.834999084472656,16.915000915527344,421400
2014-02-13,10.42177963256836,17.0,17.125,16.934999465942383,16.934999465942383,375200
2014-02-14,10.553587913513184,17.21500015258789,17.290000915527344,17.010000228881836,17.03499984741211,311000
2014-02-18,10.60876178741455,17.30500030517578,17.389999389648438,17.190000534057617,17.2549991607666,271000
2014-02-19,10.489219665527344,17.110000610351562,17.25,17.075000762939453,17.239999771118164,287400
2014-02-20,10.495347023010254,17.1200008392334,17.209999084472656,17.024999618530273,17.024999618530273,242400
2014-02-21,10.688458442687988,17.434999465942383,17.44499969482422,17.065000534057617,17.125,352200
2014-02-24,10.860112190246582,17.71500015258789,17.75,17.415000915527344,17.479999542236328,309400
2014-02-25,10.743627548217773,17.524999618530273,17.7450008392334,17.485000610351562,17.655000686645508,214600
2014-02-26,10.639413833618164,17.354999542236328,17.639999389648438,17.30500030517578,17.4950008392334,248400
2014-02-27,10.719112396240234,17.485000610351562,17.510000228881836,17.299999237060547,17.3799991607666,448000
2014-02-28,10.835586547851562,17.674999237060547,17.875,17.53499984741211,17.53499984741211,431400
2014-03-03,10.823326110839844,17.655000686645508,17.709999084472656,17.524999618530273,17.584999084472656,206000
2014-03-04,10.780415534973145,17.584999084472656,17.774999618530273,17.549999237060547,17.709999084472656,532200
2014-03-05,10.826393127441406,17.65999984741211,17.674999237060547,17.5,17.6299991607666,172200
2014-03-06,10.896892547607422,17.774999618530273,17.834999084472656,17.674999237060547,17.719999313354492,205800
2014-03-07,10.753960609436035,17.3799991607666,17.575000762939453,17.264999389648438,17.540000915527344,201000
2014-03-10,10.744681358337402,17.364999771118164,17.395000457763672,17.25,17.360000610351562,260000
2014-03-11,10.747771263122559,17.3700008392334,17.424999237060547,17.2549991607666,17.350000381469727,419000
2014-03-12,10.778709411621094,17.420000076293945,17.450000762939453,17.200000762939453,17.21500015258789,212200
2014-03-13,10.744681358337402,17.364999771118164,17.520000457763672,17.225000381469727,17.489999771118164,226200
2014-03-14,10.760149955749512,17.389999389648438,17.43000030517578,17.19499969482422,17.219999313354492,200400
2014-03-17,10.763237953186035,17.395000457763672,17.584999084472656,17.290000915527344,17.475000381469727,237200
2014-03-18,10.902464866638184,17.6200008392334,17.735000610351562,17.405000686645508,17.43000030517578,176400
2014-03-19,10.794177055358887,17.44499969482422,17.635000228881836,17.329999923706055,17.53499984741211,196200
2014-03-20,10.744681358337402,17.364999771118164,17.5,17.209999084472656,17.30500030517578,238800
2014-03-21,10.766337394714355,17.399999618530273,17.639999389648438,17.395000457763672,17.489999771118164,768600
2014-03-24,10.868431091308594,17.565000534057617,17.584999084472656,17.3799991607666,17.475000381469727,221400
2014-03-25,10.781801223754883,17.424999237060547,17.600000381469727,17.385000228881836,17.40999984741211,498800
2014-03-26,10.9519624710083,17.700000762939453,17.719999313354492,17.44499969482422,17.459999084472656,620000
2014-03-27,11.143776893615723,18.010000228881836,18.049999237060547,17.68000030517578,17.68000030517578,274400
2014-03-28,11.317028045654297,18.290000915527344,18.315000534057617,17.950000762939453,17.969999313354492,305600
2014-03-31,11.122116088867188,17.975000381469727,18.375,17.950000762939453,18.325000762939453,342400
2014-04-01,11.091182708740234,17.924999237060547,18.09000015258789,17.75,18.014999389648438,328800
2014-04-02,11.050963401794434,17.860000610351562,18.030000686645508,17.84000015258789,17.915000915527344,227400
2014-04-03,10.71683406829834,17.31999969482422,17.690000534057617,17.225000381469727,17.690000534057617,613800
2014-04-04,10.886990547180176,17.594999313354492,17.610000610351562,17.3700008392334,17.405000686645508,260200
2014-04-07,10.921025276184082,17.649999618530273,17.709999084472656,17.520000457763672,17.524999618530273,255000
2014-04-08,11.044778823852539,17.850000381469727,17.889999389648438,17.614999771118164,17.71500015258789,186200
2014-04-09,11.02621078491211,17.81999969482422,17.889999389648438,17.719999313354492,17.844999313354492,138600
2014-04-10,10.787992477416992,17.434999465942383,17.854999542236328,17.434999465942383,17.799999237060547,296200
2014-04-11,10.741582870483398,17.360000610351562,17.46500015258789,17.334999084472656,17.399999618530273,127200
2014-04-14,10.695178985595703,17.28499984741211,17.364999771118164,16.954999923706055,17.364999771118164,409400
2014-04-15,10.766337394714355,17.399999618530273,17.540000915527344,17.149999618530273,17.190000534057617,179600
2014-04-16,10.81893253326416,17.485000610351562,17.6299991607666,17.434999465942383,17.44499969482422,169200
2014-04-17,10.794177055358887,17.44499969482422,17.584999084472656,17.334999084472656,17.510000228881836,180400
2014-04-21,10.787992477416992,17.434999465942383,17.510000228881836,17.389999389648438,17.389999389648438,150200
2014-04-22,10.738492012023926,17.354999542236328,17.5,17.2450008392334,17.475000381469727,178000
2014-04-23,10.70136833190918,17.295000076293945,17.424999237060547,17.260000228881836,17.334999084472656,224400
2014-04-24,10.791085243225098,17.440000534057617,17.514999389648438,17.280000686645508,17.280000686645508,161000
2014-04-25,10.65186595916748,17.21500015258789,17.424999237060547,17.1200008392334,17.399999618530273,200400
2014-04-28,10.747771263122559,17.3700008392334,17.469999313354492,17.280000686645508,17.280000686645508,124400
2014-04-29,10.8715238571167,17.56999969482422,17.59000015258789,17.459999084472656,17.479999542236328,157200
2014-04-30,10.911741256713867,17.635000228881836,17.670000076293945,17.4950008392334,17.520000457763672,170800
2014-05-01,10.911741256713867,17.635000228881836,17.739999771118164,17.53499984741211,17.594999313354492,158000
2014-05-02,10.908651351928711,17.6299991607666,17.725000381469727,17.584999084472656,17.610000610351562,161000
2014-05-05,10.973621368408203,17.735000610351562,17.809999465942383,17.600000381469727,17.600000381469727,186600
2014-05-06,11.088088989257812,17.920000076293945,17.975000381469727,17.71500015258789,17.815000534057617,301000
2014-05-07,11.242778778076172,18.170000076293945,18.309999465942383,17.885000228881836,17.90999984741211,455600
2014-05-08,11.36343002319336,18.364999771118164,18.420000076293945,18.049999237060547,18.290000915527344,190200
2014-05-09,11.258246421813965,18.19499969482422,18.31999969482422,18.104999542236328,18.30500030517578,212600
2014-05-12,11.347966194152832,18.34000015258789,18.375,18.21500015258789,18.225000381469727,157800
2014-05-13,11.409844398498535,18.440000534057617,18.579999923706055,18.389999389648438,18.389999389648438,233200
2014-05-14,11.446966171264648,18.5,18.55500030517578,18.405000686645508,18.405000686645508,223800
2014-05-15,11.617125511169434,18.774999618530273,18.78499984741211,18.530000686645508,18.55500030517578,198200
2014-05-16,11.558341979980469,18.68000030517578,18.834999084472656,18.600000381469727,18.78499984741211,182000
2014-05-19,11.592371940612793,18.735000610351562,18.790000915527344,18.545000076293945,18.770000457763672,133000
2014-05-20,11.502655982971191,18.59000015258789,18.665000915527344,18.489999771118164,18.575000762939453,175600
2014-05-21,11.713032722473145,18.93000030517578,18.94499969482422,18.53499984741211,18.59000015258789,193000
2014-05-22,11.830595016479492,19.1200008392334,19.2450008392334,18.84000015258789,18.94499969482422,256800
2014-05-23,11.858440399169922,19.165000915527344,19.190000534057617,19.09000015258789,19.145000457763672,172800
2014-05-27,11.771809577941895,19.024999618530273,19.30500030517578,19.010000228881836,19.225000381469727,201000
2014-05-28,11.740876197814941,18.975000381469727,19.104999542236328,18.954999923706055,19.014999389648438,297000
2014-05-29,11.68828010559082,18.889999389648438,19.09000015258789,18.790000915527344,19.06999969482422,262000
2014-05-30,11.685189247131348,18.885000228881836,19.104999542236328,18.790000915527344,18.885000228881836,282200
2014-06-02,11.774907112121582,19.030000686645508,19.094999313354492,18.809999465942383,18.8799991607666,216600
2014-06-03,11.898656845092773,19.229999542236328,19.290000915527344,18.985000610351562,19.010000228881836,489600
2014-06-04,11.948153495788574,19.309999465942383,19.3799991607666,19.139999389648438,19.264999389648438,327800
2014-06-05,11.852251052856445,19.155000686645508,19.334999084472656,19.020000457763672,19.260000228881836,448800
2014-06-06,11.732985496520996,18.790000915527344,18.940000534057617,18.735000610351562,18.90999984741211,255400
2014-06-09,11.742354393005371,18.80500030517578,18.975000381469727,18.795000076293945,18.875,295000
2014-06-10,11.761083602905273,18.834999084472656,18.924999237060547,18.80500030517578,18.8799991607666,291600
2014-06-11,11.714249610900879,18.760000228881836,18.96500015258789,18.71500015258789,18.885000228881836,183200
2014-06-12,11.817283630371094,18.924999237060547,18.940000534057617,18.774999618530273,18.790000915527344,198600
2014-06-13,11.901579856872559,19.059999465942383,19.1200008392334,18.905000686645508,18.950000762939453,452200
2014-06-16,11.973390579223633,19.174999237060547,19.280000686645508,19.0049991607666,19.014999389648438,474600
2014-06-17,11.848505020141602,18.975000381469727,19.200000762939453,18.94499969482422,19.15999984741211,563400
2014-06-18,11.90782356262207,19.06999969482422,19.145000457763672,18.93000030517578,18.969999313354492,652000
2014-06-19,11.764206886291504,18.84000015258789,19.18000030517578,18.815000534057617,19.149999618530273,536000
2014-06-20,11.714249610900879,18.760000228881836,19.084999084472656,18.584999084472656,19.079999923706055,527000
2014-06-23,11.636198043823242,18.635000228881836,18.760000228881836,18.5,18.760000228881836,297800
2014-06-24,11.523804664611816,18.454999923706055,18.639999389648438,18.399999618530273,18.575000762939453,401000
2014-06-25,11.480093002319336,18.385000228881836,18.625,18.354999542236328,18.510000228881836,236600
2014-06-26,11.523804664611816,18.454999923706055,18.655000686645508,18.40999984741211,18.434999465942383,299800
2014-06-27,11.6892728805542,18.719999313354492,18.7450008392334,18.46500015258789,18.4950008392334,153000
2014-06-30,11.626835823059082,18.6200008392334,18.78499984741211,18.594999313354492,18.7450008392334,299400
2014-07-01,11.739229202270508,18.799999237060547,18.825000762939453,18.65999984741211,18.704999923706055,92800
2014-07-02,11.592490196228027,18.565000534057617,18.844999313354492,18.489999771118164,18.799999237060547,326000
2014-07-03,11.65805435180664,18.670000076293945,18.7549991607666,18.524999618530273,18.524999618530273,168000
2014-07-07,11.49882698059082,18.415000915527344,18.604999542236328,18.200000762939453,18.56999969482422,888200
2014-07-08,11.255301475524902,18.024999618530273,18.354999542236328,17.829999923706055,18.334999084472656,750800
2014-07-09,11.476971626281738,18.3799991607666,18.385000228881836,17.985000610351562,18.014999389648438,285200
2014-07-10,11.430140495300293,18.30500030517578,18.364999771118164,18.139999389648438,18.225000381469727,216400
2014-07-11,11.358328819274902,18.190000534057617,18.325000762939453,18.110000610351562,18.325000762939453,178000
2014-07-14,11.386429786682129,18.235000610351562,18.325000762939453,18.1299991607666,18.209999084472656,228600
2014-07-15,11.071091651916504,17.729999542236328,18.25,17.700000762939453,18.25,432000
2014-07-16,11.214709281921387,17.959999084472656,18.084999084472656,17.665000915527344,17.71500015258789,340800
2014-07-17,11.20222282409668,17.940000534057617,18.084999084472656,17.844999313354492,17.96500015258789,212200
2014-07-18,11.274032592773438,18.05500030517578,18.190000534057617,17.940000534057617,18.014999389648438,197400
2014-07-21,11.255301475524902,18.024999618530273,18.09000015258789,17.959999084472656,18.084999084472656,145600
2014-07-22,11.205344200134277,17.94499969482422,18.079999923706055,17.860000610351562,18.024999618530273,280400
2014-07-23,11.080456733703613,17.7450008392334,17.950000762939453,17.670000076293945,17.950000762939453,359800
2014-07-24,11.064847946166992,17.719999313354492,17.829999923706055,17.690000534057617,17.735000610351562,264200
2014-07-25,10.852540969848633,17.3799991607666,17.71500015258789,17.325000762939453,17.704999923706055,506200
2014-07-28,10.796344757080078,17.290000915527344,17.475000381469727,17.19499969482422,17.375,397200
2014-07-29,10.805709838867188,17.30500030517578,17.4950008392334,17.28499984741211,17.31999969482422,479400
2014-07-30,10.94308090209961,17.524999618530273,17.530000686645508,17.2549991607666,17.31999969482422,222600
2014-07-31,10.896247863769531,17.450000762939453,17.56999969482422,17.395000457763672,17.485000610351562,342000
2014-08-01,10.852540969848633,17.3799991607666,17.545000076293945,17.329999923706055,17.454999923706055,360800
2014-08-04,10.846299171447754,17.3700008392334,17.46500015258789,17.299999237060547,17.46500015258789,139400
2014-08-05,10.880638122558594,17.424999237060547,17.5049991607666,17.260000228881836,17.364999771118164,462400
2014-08-06,10.836933135986328,17.354999542236328,17.485000610351562,17.334999084472656,17.44499969482422,254400
2014-08-07,10.924352645874023,17.4950008392334,17.670000076293945,17.315000534057617,17.614999771118164,411800
2014-08-08,10.821321487426758,17.329999923706055,17.524999618530273,17.280000686645508,17.524999618530273,221200
2014-08-11,10.939967155456543,17.520000457763672,17.549999237060547,17.360000610351562,17.3700008392334,261600
2014-08-12,10.94932746887207,17.53499984741211,17.579999923706055,17.454999923706055,17.53499984741211,333400
2014-08-13,10.961817741394043,17.55500030517578,17.625,17.510000228881836,17.584999084472656,257400
2014-08-14,11.0336275100708,17.670000076293945,17.684999465942383,17.59000015258789,17.59000015258789,152600
2014-08-15,11.027384757995605,17.65999984741211,17.774999618530273,17.440000534057617,17.7549991607666,355000
2014-08-18,11.042993545532227,17.684999465942383,17.760000228881836,17.65999984741211,17.68000030517578,142400
2014-08-19,10.989916801452637,17.600000381469727,17.725000381469727,17.59000015258789,17.670000076293945,146400
2014-08-20,11.005525588989258,17.625,17.665000915527344,17.514999389648438,17.600000381469727,179400
2014-08-21,11.005525588989258,17.625,17.690000534057617,17.56999969482422,17.665000915527344,216600
2014-08-22,11.042993545532227,17.684999465942383,17.709999084472656,17.56999969482422,17.645000457763672,251800
2014-08-25,11.052358627319336,17.700000762939453,17.7450008392334,17.59000015258789,17.670000076293945,191800
2014-08-26,11.186612129211426,17.915000915527344,18.020000457763672,17.735000610351562,17.774999618530273,263200
2014-08-27,11.286520957946777,18.075000762939453,18.165000915527344,17.895000457763672,18.1200008392334,381000
2014-08-28,11.380181312561035,18.225000381469727,18.239999771118164,17.975000381469727,18.010000228881836,197400
2014-08-29,11.395798683166504,18.25,18.350000381469727,18.125,18.229999542236328,385600
2014-09-02,11.383307456970215,18.229999542236328,18.28499984741211,18.114999771118164,18.190000534057617,313000
2014-09-03,11.442626953125,18.325000762939453,18.395000457763672,18.260000228881836,18.270000457763672,482800
2014-09-04,11.461359024047852,18.354999542236328,18.46500015258789,18.290000915527344,18.399999618530273,223000
2014-09-05,11.439504623413086,18.31999969482422,18.405000686645508,18.315000534057617,18.3700008392334,252600
2014-09-08,11.297344207763672,17.920000076293945,18.21500015258789,17.864999771118164,18.170000076293945,237200
2014-09-09,11.413970947265625,18.104999542236328,18.114999771118164,17.850000381469727,17.920000076293945,221000
2014-09-10,11.45810317993164,18.174999237060547,18.174999237060547,17.96500015258789,18.094999313354492,212800
2014-09-11,11.413970947265625,18.104999542236328,18.200000762939453,18.045000076293945,18.065000534057617,213000
2014-09-12,11.316255569458008,17.950000762939453,18.145000457763672,17.875,18.1200008392334,327600
2014-09-15,11.28158187866211,17.895000457763672,18.09000015258789,17.795000076293945,17.9950008392334,335600
2014-09-16,11.360386848449707,18.020000457763672,18.09000015258789,17.829999923706055,18.0,284200
2014-09-17,11.158645629882812,17.700000762939453,18.020000457763672,17.635000228881836,18.0049991607666,391200
2014-09-18,11.294191360473633,17.915000915527344,18.014999389648438,17.7450008392334,17.854999542236328,262600
2014-09-19,11.221687316894531,17.799999237060547,18.030000686645508,17.55500030517578,18.030000686645508,724200
2014-09-22,11.1618013381958,17.704999923706055,17.760000228881836,17.510000228881836,17.575000762939453,325600
2014-09-23,11.199625968933105,17.764999389648438,17.875,17.655000686645508,17.684999465942383,297400
2014-09-24,11.25321102142334,17.850000381469727,17.8799991607666,17.6200008392334,17.71500015258789,296000
2014-09-25,10.915931701660156,17.315000534057617,17.7450008392334,17.28499984741211,17.690000534057617,338000
2014-09-26,10.88440990447998,17.264999389648438,17.3700008392334,17.135000228881836,17.270000457763672,355400
2014-09-29,10.8150634765625,17.155000686645508,17.315000534057617,17.100000381469727,17.2549991607666,337200
2014-09-30,10.77408504486084,17.09000015258789,17.2549991607666,17.045000076293945,17.09000015258789,275000
2014-10-01,10.808756828308105,17.145000457763672,17.165000915527344,17.030000686645508,17.030000686645508,331400
2014-10-02,10.982128143310547,17.420000076293945,17.454999923706055,17.139999389648438,17.174999237060547,444600
2014-10-03,10.915931701660156,17.315000534057617,17.489999771118164,17.135000228881836,17.31999969482422,351400
2014-10-06,11.064083099365234,17.549999237060547,17.655000686645508,17.31999969482422,17.344999313354492,312800
2014-10-07,11.019951820373535,17.479999542236328,17.514999389648438,17.375,17.5,336800
2014-10-08,11.086149215698242,17.584999084472656,17.625,17.3700008392334,17.434999465942383,317600
2014-10-09,11.064083099365234,17.549999237060547,17.584999084472656,17.3799991607666,17.540000915527344,297200
2014-10-10,10.802452087402344,17.135000228881836,17.559999465942383,17.1200008392334,17.434999465942383,329200
2014-10-13,10.786693572998047,17.110000610351562,17.239999771118164,17.010000228881836,17.010000228881836,183400
2014-10-14,10.597563743591309,16.809999465942383,17.03499984741211,16.764999389648438,16.975000381469727,408800
2014-10-15,10.55028247833252,16.735000610351562,17.014999389648438,16.454999923706055,16.739999771118164,690200
2014-10-16,10.644845008850098,16.885000228881836,17.09000015258789,16.3799991607666,16.5,405000
2014-10-17,10.644845008850098,16.885000228881836,17.014999389648438,16.709999084472656,16.969999313354492,305200
2014-10-20,10.70788860321045,16.985000610351562,17.040000915527344,16.725000381469727,16.899999618530273,257200
2014-10-21,10.997886657714844,17.44499969482422,17.44499969482422,16.889999389648438,17.06999969482422,379600
2014-10-22,10.881255149841309,17.260000228881836,17.350000381469727,17.104999542236328,17.334999084472656,299000
2014-10-23,10.960062026977539,17.385000228881836,17.46500015258789,17.190000534057617,17.354999542236328,302000
2014-10-24,11.111363410949707,17.625,17.665000915527344,17.420000076293945,17.420000076293945,277800
2014-10-27,11.215386390686035,17.790000915527344,17.81999969482422,17.514999389648438,17.565000534057617,341400
2014-10-28,11.423430442810059,18.1200008392334,18.155000686645508,17.799999237060547,17.844999313354492,231400
2014-10-29,11.382452011108398,18.05500030517578,18.364999771118164,17.989999771118164,18.170000076293945,318200
2014-10-30,11.3919038772583,18.06999969482422,18.235000610351562,18.010000228881836,18.014999389648438,209000
2014-10-31,11.300490379333496,17.924999237060547,18.165000915527344,17.844999313354492,18.059999465942383,280000
2014-11-03,11.231149673461914,17.815000534057617,17.94499969482422,17.7549991607666,17.860000610351562,297200
2014-11-04,11.335169792175293,17.979999542236328,17.985000610351562,17.764999389648438,17.795000076293945,439600
2014-11-05,11.489624977111816,18.225000381469727,18.299999237060547,17.954999923706055,17.975000381469727,433400
2014-11-06,11.265820503234863,17.8700008392334,18.25,17.7549991607666,18.209999084472656,612800
2014-11-07,11.404513359069824,18.09000015258789,18.145000457763672,17.899999618530273,17.905000686645508,294200
2014-11-10,11.45810317993164,18.174999237060547,18.264999389648438,18.094999313354492,18.100000381469727,228600
2014-11-11,11.543210983276367,18.309999465942383,18.360000610351562,18.145000457763672,18.190000534057617,210000
2014-11-12,11.65983772277832,18.4950008392334,18.549999237060547,18.2549991607666,18.325000762939453,396600
2014-11-13,11.735494613647461,18.614999771118164,18.665000915527344,18.405000686645508,18.510000228881836,290000
2014-11-14,11.915164947509766,18.899999618530273,18.940000534057617,18.56999969482422,18.639999389648438,1173200
2014-11-17,12.082230567932129,19.165000915527344,19.399999618530273,18.829999923706055,18.864999771118164,463400
2014-11-18,12.19570541381836,19.344999313354492,19.40999984741211,19.19499969482422,19.19499969482422,444400
2014-11-19,12.126361846923828,19.235000610351562,19.329999923706055,19.149999618530273,19.260000228881836,804600
2014-11-20,11.90571117401123,18.885000228881836,19.469999313354492,18.834999084472656,19.219999313354492,912600
2014-11-21,11.908863067626953,18.889999389648438,19.155000686645508,18.864999771118164,19.03499984741211,868200
2014-11-24,11.8804931640625,18.844999313354492,19.040000915527344,18.795000076293945,18.94499969482422,568800
2014-11-25,11.874189376831055,18.834999084472656,19.030000686645508,18.815000534057617,18.844999313354492,686200
2014-11-26,11.962451934814453,18.975000381469727,19.09000015258789,18.795000076293945,18.81999969482422,480000
2014-11-28,11.978208541870117,19.0,19.209999084472656,18.799999237060547,18.81999969482422,379000
2014-12-01,12.053860664367676,19.1200008392334,19.399999618530273,18.979999542236328,19.03499984741211,609600
2014-12-02,11.568429946899414,18.350000381469727,19.03499984741211,18.260000228881836,18.950000762939453,3823800
2014-12-03,11.65983772277832,18.4950008392334,18.579999923706055,18.2450008392334,18.364999771118164,849200
2014-12-04,11.499082565307617,18.239999771118164,18.540000915527344,18.1299991607666,18.459999084472656,649600
2014-12-05,11.442339897155762,18.149999618530273,18.389999389648438,17.989999771118164,18.260000228881836,545600
2014-12-08,11.300490379333496,17.924999237060547,18.2450008392334,17.81999969482422,18.040000915527344,784800
2014-12-09,11.423996925354004,17.94499969482422,17.94499969482422,17.584999084472656,17.649999618530273,709000
2014-12-10,11.099325180053711,17.434999465942383,17.90999984741211,17.334999084472656,17.90999984741211,461200
2014-12-11,11.48447322845459,18.040000915527344,18.135000228881836,17.405000686645508,17.524999618530273,761800
2014-12-12,11.303041458129883,17.7549991607666,17.96500015258789,17.625,17.875,466800
2014-12-15,11.350787162780762,17.829999923706055,17.94499969482422,17.684999465942383,17.725000381469727,539400
2014-12-16,11.573601722717285,18.18000030517578,18.3700008392334,17.7450008392334,17.795000076293945,861800
2014-12-17,11.649992942810059,18.299999237060547,18.415000915527344,17.969999313354492,18.184999465942383,741000
2014-12-18,11.557686805725098,18.155000686645508,18.40999984741211,17.9950008392334,18.375,657200
2014-12-19,11.503570556640625,18.06999969482422,18.2549991607666,17.920000076293945,18.21500015258789,1254200
2014-12-22,11.48765754699707,18.045000076293945,18.19499969482422,17.93000030517578,18.030000686645508,637000
2014-12-23,11.535406112670898,18.1200008392334,18.219999313354492,17.959999084472656,18.06999969482422,324800
2014-12-24,11.586333274841309,18.200000762939453,18.334999084472656,18.110000610351562,18.155000686645508,224800
2014-12-26,11.665911674499512,18.325000762939453,18.350000381469727,18.225000381469727,18.28499984741211,80200
2014-12-29,11.573601722717285,18.18000030517578,18.309999465942383,18.139999389648438,18.229999542236328,294800
2014-12-30,11.509942054748535,18.079999923706055,18.270000457763672,18.059999465942383,18.19499969482422,244600
2014-12-31,11.4717435836792,18.020000457763672,18.170000076293945,17.920000076293945,18.139999389648438,279800
2015-01-02,11.382614135742188,17.8799991607666,17.975000381469727,17.81999969482422,17.81999969482422,303000
2015-01-05,11.201184272766113,17.594999313354492,17.850000381469727,17.56999969482422,17.774999618530273,452000
2015-01-06,11.08341121673584,17.40999984741211,17.68000030517578,17.399999618530273,17.56999969482422,857600
2015-01-07,11.223465919494629,17.6299991607666,17.770000457763672,17.405000686645508,17.40999984741211,626800
2015-01-08,11.338053703308105,17.809999465942383,17.975000381469727,17.59000015258789,17.735000610351562,460800
2015-01-09,11.143888473510742,17.5049991607666,17.844999313354492,17.475000381469727,17.760000228881836,571800
2015-01-12,11.131157875061035,17.485000610351562,17.5049991607666,17.295000076293945,17.479999542236328,732200
2015-01-13,11.271210670471191,17.704999923706055,17.885000228881836,17.44499969482422,17.530000686645508,452000
2015-01-14,11.2616605758667,17.690000534057617,17.764999389648438,17.540000915527344,17.625,326800
2015-01-15,11.182085990905762,17.565000534057617,17.739999771118164,17.389999389648438,17.690000534057617,720600
2015-01-16,11.357151985168457,17.84000015258789,17.905000686645508,17.43000030517578,17.44499969482422,598400
2015-01-20,11.268024444580078,17.700000762939453,17.90999984741211,17.655000686645508,17.860000610351562,755600
2015-01-21,10.984735488891602,17.2549991607666,17.774999618530273,17.239999771118164,17.704999923706055,944600
2015-01-22,11.360335350036621,17.844999313354492,17.854999542236328,17.2549991607666,17.30500030517578,664400
2015-01-23,11.315773963928223,17.774999618530273,17.924999237060547,17.625,17.78499984741211,512800
2015-01-26,11.127973556518555,17.479999542236328,17.725000381469727,17.31999969482422,17.725000381469727,468400
2015-01-27,11.080228805541992,17.405000686645508,17.434999465942383,17.209999084472656,17.399999618530273,397200
2015-01-28,10.936990737915039,17.18000030517578,17.65999984741211,17.094999313354492,17.43000030517578,534400
2015-01-29,11.08341121673584,17.40999984741211,17.434999465942383,16.989999771118164,17.165000915527344,624800
2015-01-30,10.917889595031738,17.149999618530273,17.4950008392334,17.010000228881836,17.190000534057617,575400
2015-02-02,11.105690956115723,17.44499969482422,17.575000762939453,17.184999465942383,17.219999313354492,469200
2015-02-03,11.10887336730957,17.450000762939453,17.600000381469727,17.364999771118164,17.524999618530273,880800
2015-02-04,11.061127662658691,17.375,17.55500030517578,17.125,17.434999465942383,665400
2015-02-05,11.194816589355469,17.584999084472656,17.90999984741211,17.44499969482422,17.44499969482422,744600
2015-02-06,10.972002029418945,17.235000610351562,17.625,17.104999542236328,17.625,1192800
2015-02-09,10.806485176086426,16.975000381469727,17.264999389648438,16.860000610351562,17.2549991607666,905000
2015-02-10,10.84786319732666,17.040000915527344,17.174999237060547,16.979999542236328,16.979999542236328,967600
2015-02-11,10.959273338317871,17.21500015258789,17.290000915527344,17.065000534057617,17.184999465942383,660200
2015-02-12,11.08341121673584,17.40999984741211,17.55500030517578,17.125,17.53499984741211,692400
2015-02-13,11.086593627929688,17.415000915527344,17.549999237060547,17.360000610351562,17.375,409800
2015-02-17,11.217096328735352,17.6200008392334,17.7549991607666,17.459999084472656,17.459999084472656,590600
2015-02-18,11.172536849975586,17.549999237060547,17.65999984741211,17.440000534057617,17.545000076293945,355800
2015-02-19,11.197999000549316,17.59000015258789,17.645000457763672,17.364999771118164,17.479999542236328,365800
2015-02-20,11.264845848083496,17.69499969482422,17.760000228881836,17.530000686645508,17.565000534057617,387400
2015-02-23,11.283944129943848,17.725000381469727,17.780000686645508,17.559999465942383,17.670000076293945,374000
2015-02-24,11.245745658874512,17.665000915527344,17.905000686645508,17.514999389648438,17.635000228881836,400000
2015-02-25,11.338053703308105,17.809999465942383,17.834999084472656,17.5,17.71500015258789,433800
2015-02-26,11.328502655029297,17.795000076293945,17.915000915527344,17.594999313354492,17.774999618530273,456200
2015-02-27,11.318955421447754,17.780000686645508,18.09000015258789,17.71500015258789,17.829999923706055,787600
2015-03-02,11.175718307495117,17.55500030517578,17.760000228881836,17.485000610351562,17.7549991607666,523200
2015-03-03,11.207550048828125,17.604999542236328,17.709999084472656,17.53499984741211,17.625,435600
2015-03-04,11.2202787399292,17.625,17.770000457763672,17.415000915527344,17.56999969482422,563400
2015-03-05,11.14707088470459,17.510000228881836,17.729999542236328,17.454999923706055,17.645000457763672,432800
2015-03-06,10.95290470123291,17.204999923706055,17.440000534057617,17.1200008392334,17.440000534057617,613600
2015-03-09,10.752758026123047,16.735000610351562,17.145000457763672,16.704999923706055,17.125,477400
2015-03-10,10.460406303405762,16.280000686645508,16.690000534057617,16.274999618530273,16.68000030517578,615000
2015-03-11,10.601759910583496,16.5,16.520000457763672,16.264999389648438,16.325000762939453,429200
2015-03-12,10.772031784057617,16.764999389648438,16.864999771118164,16.674999237060547,16.700000762939453,503400
2015-03-13,10.627462387084961,16.540000915527344,16.719999313354492,16.364999771118164,16.709999084472656,398200
2015-03-16,10.627462387084961,16.540000915527344,16.725000381469727,16.5,16.59000015258789,1210800
2015-03-17,10.701353073120117,16.655000686645508,16.7450008392334,16.475000381469727,16.559999465942383,755600
2015-03-18,10.916598320007324,16.989999771118164,17.049999237060547,16.510000228881836,16.6299991607666,490800
2015-03-19,10.65316390991211,16.579999923706055,16.860000610351562,16.55500030517578,16.825000762939453,480400
2015-03-20,10.752758026123047,16.735000610351562,16.844999313354492,16.655000686645508,16.780000686645508,950600
2015-03-23,10.784883499145508,16.78499984741211,16.8700008392334,16.690000534057617,16.809999465942383,320600
2015-03-24,10.916598320007324,16.989999771118164,17.075000762939453,16.80500030517578,16.875,426600
2015-03-25,10.759182929992676,16.7450008392334,17.065000534057617,16.69499969482422,17.0,371200
2015-03-26,10.797736167907715,16.80500030517578,16.895000457763672,16.68000030517578,16.764999389648438,416000
2015-03-27,10.701353073120117,16.655000686645508,16.885000228881836,16.530000686645508,16.80500030517578,408800
2015-03-30,10.666014671325684,16.600000381469727,16.719999313354492,16.5,16.594999313354492,401000
2015-03-31,10.678865432739258,16.6200008392334,16.65999984741211,16.420000076293945,16.510000228881836,388000
2015-04-01,10.707778930664062,16.665000915527344,16.7549991607666,16.530000686645508,16.625,311200
2015-04-02,10.836284637451172,16.864999771118164,16.954999923706055,16.68000030517578,16.68000030517578,290000
2015-04-06,10.91981315612793,16.9950008392334,17.174999237060547,16.924999237060547,16.985000610351562,420000
2015-04-07,10.939088821411133,17.024999618530273,17.219999313354492,16.979999542236328,16.979999542236328,312800
2015-04-08,10.993704795837402,17.110000610351562,17.239999771118164,17.049999237060547,17.18000030517578,274800
2015-04-09,11.032258033752441,17.170000076293945,17.389999389648438,17.020000457763672,17.100000381469727,518800
2015-04-10,11.090084075927734,17.260000228881836,17.28499984741211,17.125,17.174999237060547,298600
2015-04-13,11.112573623657227,17.295000076293945,17.31999969482422,17.19499969482422,17.274999618530273,268600
2015-04-14,11.1157865524292,17.299999237060547,17.475000381469727,17.219999313354492,17.375,242600
2015-04-15,11.173613548278809,17.389999389648438,17.479999542236328,17.260000228881836,17.280000686645508,403200
2015-04-16,11.106145858764648,17.28499984741211,17.489999771118164,17.18000030517578,17.450000762939453,520400
2015-04-17,11.070806503295898,17.229999542236328,17.334999084472656,17.075000762939453,17.260000228881836,466200
2015-04-20,11.074020385742188,17.235000610351562,17.3700008392334,17.139999389648438,17.2450008392334,444400
2015-04-21,11.070806503295898,17.229999542236328,17.274999618530273,17.110000610351562,17.21500015258789,389800
2015-04-22,11.20252799987793,17.434999465942383,17.4950008392334,17.225000381469727,17.280000686645508,690600
2015-04-23,11.305334091186523,17.594999313354492,17.665000915527344,17.415000915527344,17.450000762939453,498800
2015-04-24,11.295694351196289,17.579999923706055,17.68000030517578,17.475000381469727,17.610000610351562,368000
2015-04-27,11.266778945922852,17.53499984741211,17.690000534057617,17.524999618530273,17.670000076293945,237400
2015-04-28,11.401710510253906,17.7450008392334,17.770000457763672,17.575000762939453,17.604999542236328,268600
2015-04-29,11.331034660339355,17.635000228881836,17.7450008392334,17.549999237060547,17.729999542236328,301000
2015-04-30,11.122210502624512,17.309999465942383,17.56999969482422,17.25,17.56999969482422,550800
2015-05-01,11.080446243286133,17.2450008392334,17.325000762939453,17.104999542236328,17.239999771118164,346600
2015-05-04,11.074020385742188,17.235000610351562,17.364999771118164,17.200000762939453,17.334999084472656,317800
2015-05-05,10.874838829040527,16.924999237060547,17.30500030517578,16.8799991607666,17.30500030517578,794800
2015-05-06,11.218588829040527,17.459999084472656,17.459999084472656,16.905000686645508,17.100000381469727,727000
2015-05-07,11.321393966674805,17.6200008392334,17.68000030517578,17.360000610351562,17.56999969482422,704000
2015-05-08,11.1607666015625,17.3700008392334,17.540000915527344,17.0,17.344999313354492,5414200
2015-05-11,11.247505187988281,17.5049991607666,17.68000030517578,17.344999313354492,17.375,1926400
2015-05-12,11.118999481201172,17.30500030517578,17.5049991607666,17.280000686645508,17.5049991607666,1031200
2015-05-13,11.173613548278809,17.389999389648438,17.44499969482422,17.19499969482422,17.40999984741211,580800
2015-05-14,11.122210502624512,17.309999465942383,17.524999618530273,17.295000076293945,17.475000381469727,564400
2015-05-15,11.102937698364258,17.280000686645508,17.31999969482422,17.149999618530273,17.2450008392334,535400
2015-05-18,11.035468101501465,17.174999237060547,17.350000381469727,17.145000457763672,17.21500015258789,275800
2015-05-19,10.91981315612793,16.9950008392334,17.065000534057617,16.895000457763672,17.040000915527344,599000
2015-05-20,10.890897750854492,16.950000762939453,17.1299991607666,16.94499969482422,16.9950008392334,358400
2015-05-21,11.009767532348633,17.135000228881836,17.15999984741211,16.969999313354492,16.969999313354492,270600
2015-05-22,10.990490913391113,17.104999542236328,17.19499969482422,17.0049991607666,17.05500030517578,456200
2015-05-26,10.94872760772705,17.040000915527344,17.19499969482422,16.959999084472656,17.1200008392334,556400
2015-05-27,10.961578369140625,17.059999465942383,17.149999618530273,16.915000915527344,17.03499984741211,487200
2015-05-28,10.990490913391113,17.104999542236328,17.149999618530273,16.924999237060547,16.954999923706055,443800
2015-05-29,10.939088821411133,17.024999618530273,17.049999237060547,16.80500030517578,17.0,413400
2015-06-01,10.9133882522583,16.985000610351562,17.030000686645508,16.844999313354492,17.0,411600
2015-06-02,10.993704795837402,17.110000610351562,17.174999237060547,17.0049991607666,17.03499984741211,471600
2015-06-03,11.000129699707031,17.1200008392334,17.200000762939453,17.0,17.049999237060547,376400
2015-06-04,10.95194149017334,17.045000076293945,17.18000030517578,16.985000610351562,17.079999923706055,472200
2015-06-05,10.9133882522583,16.985000610351562,17.020000457763672,16.8799991607666,16.959999084472656,404200
2015-06-08,10.877045631408691,16.760000228881836,16.90999984741211,16.739999771118164,16.84000015258789,432000
2015-06-09,10.912738800048828,16.815000534057617,16.854999542236328,16.604999542236328,16.780000686645508,331200
2015-06-10,10.928963661193848,16.84000015258789,17.020000457763672,16.809999465942383,16.954999923706055,347400
2015-06-11,10.86731243133545,16.7450008392334,16.885000228881836,16.635000228881836,16.875,468000
2015-06-12,10.779695510864258,16.610000610351562,16.760000228881836,16.59000015258789,16.639999389648438,360600
2015-06-15,10.818636894226074,16.670000076293945,16.69499969482422,16.485000610351562,16.55500030517578,421600
2015-06-16,10.841353416442871,16.704999923706055,16.764999389648438,16.540000915527344,16.655000686645508,351200
2015-06-17,10.815391540527344,16.665000915527344,16.790000915527344,16.565000534057617,16.704999923706055,311800
2015-06-18,10.932209014892578,16.844999313354492,16.864999771118164,16.719999313354492,16.7450008392334,310200
2015-06-19,10.893271446228027,16.78499984741211,16.96500015258789,16.645000457763672,16.690000534057617,823400
2015-06-22,11.214522361755371,17.280000686645508,17.325000762939453,16.975000381469727,17.114999771118164,652800
2015-06-23,11.136640548706055,17.15999984741211,17.3700008392334,17.125,17.219999313354492,342000
2015-06-24,11.221012115478516,17.290000915527344,17.360000610351562,17.049999237060547,17.059999465942383,426400
2015-06-25,11.311871528625488,17.43000030517578,17.479999542236328,17.239999771118164,17.260000228881836,458400
2015-06-26,11.331335067749023,17.459999084472656,17.485000610351562,17.295000076293945,17.364999771118164,394200
2015-06-29,11.11068058013916,17.1200008392334,17.315000534057617,17.1200008392334,17.174999237060547,381200
2015-06-30,11.175579071044922,17.219999313354492,17.309999465942383,17.049999237060547,17.114999771118164,1442200
2015-07-01,11.266437530517578,17.360000610351562,17.40999984741211,17.165000915527344,17.2549991607666,356800
2015-07-02,11.279419898986816,17.3799991607666,17.420000076293945,17.084999084472656,17.114999771118164,679800
2015-07-06,11.224254608154297,17.295000076293945,17.385000228881836,17.200000762939453,17.204999923706055,894000
2015-07-07,11.221012115478516,17.290000915527344,17.309999465942383,17.079999923706055,17.204999923706055,599800
2015-07-08,11.12366008758545,17.139999389648438,17.344999313354492,17.104999542236328,17.209999084472656,686800
2015-07-09,11.113927841186523,17.125,17.30500030517578,17.065000534057617,17.229999542236328,819200
2015-07-10,11.25345516204834,17.34000015258789,17.375,17.1299991607666,17.174999237060547,488400
2015-07-13,11.26319408416748,17.354999542236328,17.420000076293945,17.260000228881836,17.280000686645508,271200
2015-07-14,11.298890113830566,17.40999984741211,17.450000762939453,17.155000686645508,17.315000534057617,459800
2015-07-15,11.243724822998047,17.325000762939453,17.385000228881836,17.18000030517578,17.3700008392334,802400
2015-07-16,11.246968269348145,17.329999923706055,17.415000915527344,17.299999237060547,17.399999618530273,298800
2015-07-17,11.237236022949219,17.315000534057617,17.3700008392334,17.260000228881836,17.334999084472656,224200
2015-07-20,11.204785346984863,17.264999389648438,17.334999084472656,17.19499969482422,17.334999084472656,247600
2015-07-21,11.03604793548584,17.0049991607666,17.299999237060547,16.924999237060547,17.235000610351562,288800
2015-07-22,10.873802185058594,16.7549991607666,16.934999465942383,16.670000076293945,16.8700008392334,670200
2015-07-23,10.90625286102295,16.80500030517578,16.94499969482422,16.600000381469727,16.764999389648438,1037200
2015-07-24,10.980884552001953,16.920000076293945,16.954999923706055,16.700000762939453,16.790000915527344,565800
2015-07-27,10.948436737060547,16.8700008392334,17.024999618530273,16.795000076293945,16.899999618530273,427800
2015-07-28,11.09121322631836,17.09000015258789,17.125,16.799999237060547,16.940000534057617,459000
2015-07-29,11.074986457824707,17.065000534057617,17.31999969482422,16.950000762939453,17.084999084472656,482600
2015-07-30,11.107436180114746,17.114999771118164,17.165000915527344,16.90999984741211,17.040000915527344,304800
2015-07-31,11.087964057922363,17.084999084472656,17.28499984741211,16.969999313354492,17.184999465942383,542400
2015-08-03,11.062007904052734,17.045000076293945,17.149999618530273,16.979999542236328,17.05500030517578,282000
2015-08-04,10.86731243133545,16.7450008392334,17.094999313354492,16.6299991607666,16.959999084472656,638000
2015-08-05,10.951680183410645,16.875,16.950000762939453,16.7549991607666,16.81999969482422,717000
2015-08-06,11.09121322631836,17.09000015258789,17.170000076293945,16.860000610351562,16.889999389648438,592600
2015-08-07,11.013333320617676,16.969999313354492,17.204999923706055,16.905000686645508,16.969999313354492,825200
2015-08-10,10.95492172241211,16.8799991607666,16.93000030517578,16.799999237060547,16.815000534057617,802200
2015-08-11,10.847841262817383,16.71500015258789,16.760000228881836,16.469999313354492,16.7450008392334,470400
2015-08-12,11.029557228088379,16.9950008392334,17.0,16.65999984741211,16.729999542236328,641600
2015-08-13,11.05227279663086,17.030000686645508,17.084999084472656,16.84000015258789,16.940000534057617,543800
2015-08-14,11.03280258178711,17.0,17.1200008392334,16.94499969482422,17.049999237060547,355000
2015-08-17,11.023067474365234,16.985000610351562,17.0,16.844999313354492,16.905000686645508,379400
2015-08-18,11.113927841186523,17.125,17.139999389648438,16.924999237060547,16.979999542236328,618000
2015-08-19,11.049026489257812,17.024999618530273,17.174999237060547,16.940000534057617,17.049999237060547,473400
2015-08-20,10.912738800048828,16.815000534057617,16.940000534057617,16.725000381469727,16.940000534057617,382200
2015-08-21,10.838107109069824,16.700000762939453,16.969999313354492,16.665000915527344,16.665000915527344,668800
2015-08-24,10.393548011779785,16.014999389648438,16.30500030517578,15.789999961853027,15.984999656677246,1007400
2015-08-25,10.159912109375,15.654999732971191,16.389999389648438,15.640000343322754,16.329999923706055,862600
2015-08-26,10.422752380371094,16.059999465942383,16.110000610351562,15.699999809265137,15.9399995803833,545400
2015-08-27,10.630430221557617,16.3799991607666,16.5,16.114999771118164,16.225000381469727,575800
2015-08-28,10.610960960388184,16.350000381469727,16.354999542236328,16.1200008392334,16.28499984741211,364400
2015-08-31,10.627185821533203,16.375,16.420000076293945,16.045000076293945,16.174999237060547,495600
2015-09-01,10.32540512084961,15.90999984741211,16.149999618530273,15.8149995803833,16.09000015258789,1915400
2015-09-02,10.377324104309082,15.989999771118164,16.110000610351562,15.904999732971191,16.024999618530273,618600
2015-09-03,10.610960960388184,16.350000381469727,16.40999984741211,16.045000076293945,16.05500030517578,378400
2015-09-04,10.500630378723145,16.18000030517578,16.395000457763672,16.139999389648438,16.200000762939453,509000
2015-09-08,10.55502700805664,16.104999542236328,16.2549991607666,16.03499984741211,16.190000534057617,478200
2015-09-09,10.502598762512207,16.024999618530273,16.260000228881836,15.979999542236328,16.079999923706055,345000
2015-09-10,10.502598762512207,16.024999618530273,16.19499969482422,15.970000267028809,16.0,307400
2015-09-11,10.371521949768066,15.824999809265137,15.989999771118164,15.725000381469727,15.970000267028809,368000
2015-09-14,10.246994018554688,15.635000228881836,15.880000114440918,15.619999885559082,15.84000015258789,412800
2015-09-15,10.338753700256348,15.774999618530273,15.795000076293945,15.524999618530273,15.645000457763672,517000
2015-09-16,10.489489555358887,16.0049991607666,16.049999237060547,15.795000076293945,15.829999923706055,418600
2015-09-17,10.476381301879883,15.984999656677246,16.170000076293945,15.850000381469727,15.984999656677246,393000
2015-09-18,10.515708923339844,16.045000076293945,16.114999771118164,15.899999618530273,15.970000267028809,995000
2015-09-21,10.653338432312012,16.2549991607666,16.270000457763672,16.049999237060547,16.114999771118164,370200
2015-09-22,10.548474311828613,16.094999313354492,16.209999084472656,16.020000457763672,16.1200008392334,404400
2015-09-23,10.4239501953125,15.904999732971191,16.139999389648438,15.854999542236328,16.1299991607666,438800
2015-09-24,10.44361400604248,15.9350004196167,16.03499984741211,15.765000343322754,15.795000076293945,332800
2015-09-25,10.49604606628418,16.014999389648438,16.1200008392334,15.949999809265137,16.06999969482422,393000
2015-09-28,10.4239501953125,15.904999732971191,16.184999465942383,15.904999732971191,15.960000038146973,1245400
2015-09-29,10.381351470947266,15.84000015258789,16.014999389648438,15.805000305175781,15.9350004196167,389600
2015-09-30,10.335474014282227,15.770000457763672,15.984999656677246,15.694999694824219,15.960000038146973,465600
2015-10-01,10.276491165161133,15.680000305175781,15.930000305175781,15.654999732971191,15.904999732971191,507400
2015-10-02,10.574694633483887,16.135000228881836,16.135000228881836,15.614999771118164,15.654999732971191,598800
2015-10-05,10.676278114318848,16.290000915527344,16.389999389648438,16.219999313354492,16.274999618530273,379200
2015-10-06,10.528813362121582,16.065000534057617,16.309999465942383,15.960000038146973,16.280000686645508,467200
2015-10-07,10.597625732421875,16.170000076293945,16.184999465942383,15.979999542236328,16.155000686645508,546400
2015-10-08,10.758198738098145,16.415000915527344,16.424999237060547,16.114999771118164,16.204999923706055,285400
2015-10-09,10.790966033935547,16.46500015258789,16.604999542236328,16.364999771118164,16.450000762939453,468200
2015-10-12,10.833569526672363,16.530000686645508,16.6200008392334,16.440000534057617,16.5,221800
2015-10-13,10.771307945251465,16.434999465942383,16.559999465942383,16.264999389648438,16.395000457763672,340400
2015-10-14,10.728708267211914,16.3700008392334,16.565000534057617,16.309999465942383,16.405000686645508,319200
2015-10-15,10.797523498535156,16.475000381469727,16.549999237060547,16.350000381469727,16.375,992800
2015-10-16,10.722151756286621,16.360000610351562,16.4950008392334,16.270000457763672,16.469999313354492,456000
2015-10-19,10.653338432312012,16.2549991607666,16.3799991607666,16.225000381469727,16.309999465942383,312600
2015-10-20,10.830293655395508,16.524999618530273,16.575000762939453,16.280000686645508,16.280000686645508,320200
2015-10-21,10.840124130249023,16.540000915527344,16.665000915527344,16.524999618530273,16.524999618530273,370800
2015-10-22,11.069510459899902,16.889999389648438,16.924999237060547,16.655000686645508,16.670000076293945,394200
2015-10-23,10.997420310974121,16.780000686645508,16.889999389648438,16.71500015258789,16.8799991607666,369800
2015-10-26,11.007247924804688,16.795000076293945,16.915000915527344,16.729999542236328,16.864999771118164,203600
2015-10-27,10.889277458190918,16.614999771118164,16.774999618530273,16.59000015258789,16.71500015258789,288200
2015-10-28,10.984309196472168,16.760000228881836,16.844999313354492,16.6200008392334,16.719999313354492,609200
2015-10-29,10.96464729309082,16.729999542236328,16.780000686645508,16.604999542236328,16.635000228881836,388400
2015-10-30,10.935154914855957,16.684999465942383,16.850000381469727,16.56999969482422,16.770000457763672,670800
2015-11-02,10.89910888671875,16.6299991607666,16.709999084472656,16.510000228881836,16.69499969482422,564400
2015-11-03,10.954817771911621,16.71500015258789,16.764999389648438,16.3799991607666,16.545000076293945,437000
2015-11-04,10.89910888671875,16.6299991607666,16.905000686645508,16.56999969482422,16.69499969482422,610800
2015-11-05,10.43050479888916,15.914999961853027,16.385000228881836,15.875,16.31999969482422,754000
2015-11-06,10.233888626098633,15.614999771118164,15.875,15.53499984741211,15.869999885559082,616200
2015-11-09,10.1814603805542,15.53499984741211,15.604999542236328,15.444999694824219,15.579999923706055,465000
2015-11-10,10.129027366638184,15.454999923706055,15.550000190734863,15.350000381469727,15.510000228881836,400600
2015-11-11,10.1814603805542,15.53499984741211,15.630000114440918,15.385000228881836,15.539999961853027,302600
2015-11-12,10.060211181640625,15.350000381469727,15.475000381469727,15.289999961853027,15.4350004196167,503000
2015-11-13,9.886534690856934,15.085000038146973,15.319999694824219,15.050000190734863,15.3100004196167,341000
2015-11-16,10.109369277954102,15.425000190734863,15.454999923706055,15.024999618530273,15.100000381469727,403000
2015-11-17,10.132304191589355,15.460000038146973,15.524999618530273,15.359999656677246,15.444999694824219,401400
2015-11-18,10.214229583740234,15.585000038146973,15.619999885559082,15.369999885559082,15.484999656677246,258200
2015-11-19,10.319091796875,15.744999885559082,15.78499984741211,15.640000343322754,15.649999618530273,335400
2015-11-20,10.26010513305664,15.654999732971191,15.8149995803833,15.625,15.774999618530273,232400
2015-11-23,10.142133712768555,15.475000381469727,15.649999618530273,15.454999923706055,15.635000228881836,438600
2015-11-24,10.1814603805542,15.53499984741211,15.6899995803833,15.420000076293945,15.489999771118164,524600
2015-11-25,10.224058151245117,15.600000381469727,15.625,15.515000343322754,15.579999923706055,461800
2015-11-27,10.276491165161133,15.680000305175781,15.739999771118164,15.65999984741211,15.675000190734863,138600
2015-11-30,10.404290199279785,15.875,15.989999771118164,15.71500015258789,15.725000381469727,719600
2015-12-01,10.410842895507812,15.885000228881836,16.020000457763672,15.845000267028809,15.90999984741211,387400
2015-12-02,10.355137825012207,15.800000190734863,15.930000305175781,15.765000343322754,15.875,690000
2015-12-03,10.276491165161133,15.680000305175781,15.864999771118164,15.574999809265137,15.850000381469727,347600
2015-12-04,10.256828308105469,15.649999618530273,15.71500015258789,15.494999885559082,15.630000114440918,492200
2015-12-07,10.027441024780273,15.300000190734863,15.539999961853027,15.244999885559082,15.484999656677246,545600
2015-12-08,9.834104537963867,15.005000114440918,15.210000038146973,14.925000190734863,15.194999694824219,465000
2015-12-09,9.696293830871582,14.635000228881836,14.960000038146973,14.5600004196167,14.859999656677246,764400
2015-12-10,9.689667701721191,14.625,14.805000305175781,14.59000015258789,14.664999961853027,423800
2015-12-11,9.4180269241333,14.21500015258789,14.550000190734863,14.164999961853027,14.529999732971191,551200
2015-12-14,9.606851577758789,14.5,14.524999618530273,14.239999771118164,14.244999885559082,561800
2015-12-15,9.616790771484375,14.515000343322754,14.59000015258789,14.414999961853027,14.59000015258789,450400
2015-12-16,9.759233474731445,14.729999542236328,14.800000190734863,14.460000038146973,14.524999618530273,504200
2015-12-17,8.98737621307373,13.5649995803833,14.265000343322754,13.1899995803833,14.265000343322754,2451600
2015-12-18,9.13976001739502,13.795000076293945,13.875,13.449999809265137,13.46500015258789,778800
2015-12-21,9.12319564819336,13.770000457763672,13.90999984741211,13.71500015258789,13.895000457763672,466000
2015-12-22,9.176199913024902,13.850000381469727,13.949999809265137,13.71500015258789,13.845000267028809,429400
2015-12-23,9.318642616271973,14.0649995803833,14.095000267028809,13.949999809265137,13.949999809265137,1189600
2015-12-24,9.33520793914795,14.09000015258789,14.1850004196167,14.039999961853027,14.039999961853027,464800
2015-12-28,9.239141464233398,13.944999694824219,14.055000305175781,13.864999771118164,14.055000305175781,501800
2015-12-29,9.398151397705078,14.1850004196167,14.244999885559082,13.904999732971191,14.039999961853027,1747800
2015-12-30,9.282205581665039,14.010000228881836,14.119999885559082,13.994999885559082,14.119999885559082,1274600
2015-12-31,9.159634590148926,13.824999809265137,13.989999771118164,13.78499984741211,13.979999542236328,1192400
2016-01-04,9.020501136779785,13.614999771118164,13.699999809265137,13.40999984741211,13.649999618530273,639400
2016-01-05,9.03044319152832,13.630000114440918,13.75,13.430000305175781,13.614999771118164,758800
2016-01-06,8.861492156982422,13.375,13.53499984741211,13.350000381469727,13.46500015258789,631600
2016-01-07,8.851553916931152,13.359999656677246,13.430000305175781,13.199999809265137,13.244999885559082,819400
2016-01-08,8.75217342376709,13.210000038146973,13.430000305175781,13.170000076293945,13.430000305175781,578400
2016-01-11,8.712419509887695,13.149999618530273,13.3149995803833,13.135000228881836,13.295000076293945,486000
2016-01-12,8.781987190246582,13.255000114440918,13.300000190734863,13.029999732971191,13.210000038146973,564200
2016-01-13,8.569974899291992,12.9350004196167,13.319999694824219,12.895000457763672,13.270000457763672,404400
2016-01-14,8.596475601196289,12.975000381469727,13.010000228881836,12.84000015258789,12.930000305175781,576400
2016-01-15,8.298330307006836,12.524999618530273,12.725000381469727,12.5,12.725000381469727,618200
2016-01-19,8.377839088439941,12.645000457763672,12.904999732971191,12.595000267028809,12.619999885559082,511600
2016-01-20,8.304959297180176,12.53499984741211,12.619999885559082,12.170000076293945,12.479999542236328,923800
2016-01-21,8.540160179138184,12.890000343322754,12.9399995803833,12.515000343322754,12.5600004196167,1216800
2016-01-22,8.795236587524414,13.274999618530273,13.300000190734863,13.045000076293945,13.125,438400
2016-01-25,8.583224296569824,12.954999923706055,13.210000038146973,12.9399995803833,13.210000038146973,402400
2016-01-26,8.861492156982422,13.375,13.505000114440918,13.104999542236328,13.164999961853027,568400
2016-01-27,8.75879955291748,13.220000267028809,13.515000343322754,13.104999542236328,13.21500015258789,790200
2016-01-28,9.109944343566895,13.75,13.795000076293945,13.305000305175781,13.444999694824219,792200
2016-01-29,9.186137199401855,13.864999771118164,14.024999618530273,13.8100004196167,13.845000267028809,970800
2016-02-01,9.26232624053955,13.979999542236328,14.100000381469727,13.739999771118164,13.890000343322754,573600
2016-02-02,9.259016036987305,13.975000381469727,13.989999771118164,13.675000190734863,13.770000457763672,427000
2016-02-03,9.550536155700684,14.414999961853027,14.4399995803833,14.140000343322754,14.1850004196167,761400
2016-02-04,9.653227806091309,14.569999694824219,14.645000457763672,14.475000381469727,14.53499984741211,588600
2016-02-05,9.63335132598877,14.539999961853027,14.5649995803833,14.420000076293945,14.515000343322754,661400
2016-02-08,9.543910026550293,14.404999732971191,14.539999961853027,14.324999809265137,14.404999732971191,757600
2016-02-09,9.474344253540039,14.300000190734863,14.550000190734863,14.194999694824219,14.324999809265137,666600
2016-02-10,9.484280586242676,14.3149995803833,14.46500015258789,14.1899995803833,14.260000228881836,523000
2016-02-11,9.44452953338623,14.255000114440918,14.270000457763672,13.729999542236328,13.899999618530273,633200
2016-02-12,9.42133903503418,14.220000267028809,14.260000228881836,13.875,14.114999771118164,1398000
2016-02-16,9.25239086151123,13.96500015258789,14.300000190734863,13.880000114440918,14.295000076293945,741400
2016-02-17,9.295456886291504,14.029999732971191,14.109999656677246,13.899999618530273,14.095000267028809,769800
2016-02-18,9.447843551635742,14.260000228881836,14.300000190734863,14.045000076293945,14.050000190734863,435800
2016-02-19,9.477654457092285,14.305000305175781,14.430000305175781,14.145000457763672,14.1899995803833,489000
2016-02-22,9.570408821105957,14.444999694824219,14.609999656677246,14.414999961853027,14.505000114440918,600400
2016-02-23,9.560473442077637,14.430000305175781,14.494999885559082,14.375,14.375,321400
2016-02-24,9.673104286193848,14.600000381469727,14.619999885559082,14.1850004196167,14.265000343322754,475600
2016-02-25,9.653227806091309,14.569999694824219,14.710000038146973,14.53499984741211,14.654999732971191,374800
2016-02-26,9.600225448608398,14.489999771118164,14.654999732971191,14.479999542236328,14.645000457763672,538800
2016-02-29,9.653227806091309,14.569999694824219,14.604999542236328,14.350000381469727,14.470000267028809,487400
2016-03-01,9.802298545837402,14.795000076293945,14.795000076293945,14.460000038146973,14.574999809265137,476600
2016-03-02,9.6598539352417,14.579999923706055,14.71500015258789,14.484999656677246,14.71500015258789,351600
2016-03-03,9.689667701721191,14.625,14.694999694824219,14.520000457763672,14.529999732971191,405800
2016-03-04,9.742671012878418,14.704999923706055,14.725000381469727,14.529999732971191,14.649999618530273,285000
2016-03-07,9.842053413391113,14.854999542236328,14.994999885559082,14.619999885559082,14.635000228881836,624600
2016-03-08,9.914932250976562,14.96500015258789,14.989999771118164,14.770000457763672,14.805000305175781,540000
2016-03-09,10.202312469482422,15.229999542236328,15.239999771118164,14.805000305175781,14.850000381469727,631200
2016-03-10,10.14537525177002,15.145000457763672,15.28499984741211,15.074999809265137,15.175000190734863,503600
2016-03-11,10.32958984375,15.420000076293945,15.479999542236328,15.274999618530273,15.28499984741211,386800
2016-03-14,10.299445152282715,15.375,15.404999732971191,15.180000305175781,15.364999771118164,346400
2016-03-15,10.326241493225098,15.414999961853027,15.4350004196167,15.244999885559082,15.28499984741211,396600
2016-03-16,10.436771392822266,15.579999923706055,15.619999885559082,15.319999694824219,15.359999656677246,396600
2016-03-17,10.718118667602539,16.0,16.030000686645508,15.71500015258789,15.71500015258789,464400
2016-03-18,10.567398071289062,15.774999618530273,15.989999771118164,15.699999809265137,15.989999771118164,712400
2016-03-21,10.661181449890137,15.914999961853027,15.960000038146973,15.710000038146973,15.710000038146973,500800
2016-03-22,10.657831192016602,15.90999984741211,15.944999694824219,15.805000305175781,15.835000038146973,393400
2016-03-23,10.543952941894531,15.739999771118164,15.739999771118164,15.579999923706055,15.649999618530273,462800
2016-03-24,10.530553817749023,15.720000267028809,15.734999656677246,15.475000381469727,15.595000267028809,384200
2016-03-28,10.677929878234863,15.9399995803833,15.9399995803833,15.680000305175781,15.755000114440918,292400
2016-03-29,10.795156478881836,16.114999771118164,16.165000915527344,15.8100004196167,15.920000076293945,290600
2016-03-30,10.979376792907715,16.389999389648438,16.459999084472656,16.204999923706055,16.204999923706055,404400
2016-03-31,10.895642280578613,16.264999389648438,16.479999542236328,16.260000228881836,16.43000030517578,399200
2016-04-01,10.85209846496582,16.200000762939453,16.2549991607666,16.084999084472656,16.094999313354492,434800
2016-04-04,10.791810035705566,16.110000610351562,16.229999542236328,16.05500030517578,16.149999618530273,260600
2016-04-05,10.70472526550293,15.979999542236328,16.079999923706055,15.850000381469727,15.944999694824219,420200
2016-04-06,10.728171348571777,16.014999389648438,16.135000228881836,15.850000381469727,15.979999542236328,326600
2016-04-07,10.597541809082031,15.819999694824219,15.850000381469727,15.670000076293945,15.84000015258789,363800
2016-04-08,10.654480934143066,15.904999732971191,16.075000762939453,15.869999885559082,15.970000267028809,349400
2016-04-11,10.687976837158203,15.954999923706055,16.1299991607666,15.954999923706055,16.030000686645508,371200
2016-04-12,10.75831413269043,16.059999465942383,16.145000457763672,15.920000076293945,15.994999885559082,561400
2016-04-13,10.634387969970703,15.875,16.19499969482422,15.864999771118164,16.155000686645508,528400
2016-04-14,10.647783279418945,15.895000457763672,16.014999389648438,15.795000076293945,15.904999732971191,503600
2016-04-15,10.54060173034668,15.734999656677246,15.930000305175781,15.675000190734863,15.895000457763672,625000
2016-04-18,10.661181449890137,15.914999961853027,15.930000305175781,15.640000343322754,15.640000343322754,728000
2016-04-19,10.657831192016602,15.90999984741211,16.065000534057617,15.854999542236328,16.045000076293945,436000
2016-04-20,10.600893020629883,15.824999809265137,15.930000305175781,15.8100004196167,15.890000343322754,666400
2016-04-21,10.396578788757324,15.520000457763672,15.805000305175781,15.449999809265137,15.805000305175781,428000
2016-04-22,10.423373222351074,15.5600004196167,15.71500015258789,15.454999923706055,15.619999885559082,479000
2016-04-25,10.443470001220703,15.59000015258789,15.6899995803833,15.510000228881836,15.510000228881836,259000
2016-04-26,10.430071830749512,15.569999694824219,15.725000381469727,15.529999732971191,15.654999732971191,352400
2016-04-27,10.473614692687988,15.635000228881836,15.675000190734863,15.454999923706055,15.600000381469727,411400
2016-04-28,10.597541809082031,15.819999694824219,15.890000343322754,15.604999542236328,15.619999885559082,296800
2016-04-29,10.604242324829102,15.829999923706055,15.899999618530273,15.744999885559082,15.885000228881836,595200
2016-05-02,10.637737274169922,15.880000114440918,16.079999923706055,15.819999694824219,15.914999961853027,777600
2016-05-03,10.393228530883789,15.515000343322754,15.819999694824219,15.460000038146973,15.755000114440918,321400
2016-05-04,10.32958984375,15.420000076293945,15.470000267028809,15.319999694824219,15.404999732971191,531000
2016-05-05,10.306145668029785,15.385000228881836,15.53499984741211,15.34000015258789,15.484999656677246,549000
2016-05-06,10.353034973144531,15.454999923706055,15.515000343322754,15.319999694824219,15.34000015258789,316600
2016-05-09,10.332942008972168,15.425000190734863,15.494999885559082,15.359999656677246,15.454999923706055,672400
2016-05-10,10.470267295837402,15.630000114440918,15.664999961853027,15.479999542236328,15.494999885559082,365200
2016-05-11,10.574098587036133,15.78499984741211,15.904999732971191,15.59000015258789,15.630000114440918,487800
2016-05-12,10.637737274169922,15.880000114440918,15.954999923706055,15.6899995803833,15.869999885559082,264600
2016-05-13,10.487013816833496,15.654999732971191,15.854999542236328,15.614999771118164,15.854999542236328,256400
2016-05-16,10.594193458557129,15.8149995803833,15.869999885559082,15.664999961853027,15.704999923706055,364200
2016-05-17,10.510458946228027,15.6899995803833,15.800000190734863,15.625,15.720000267028809,340000
2016-05-18,10.450165748596191,15.600000381469727,15.765000343322754,15.520000457763672,15.635000228881836,370600
2016-05-19,10.322890281677246,15.40999984741211,15.475000381469727,15.34000015258789,15.460000038146973,246200
2016-05-20,10.369783401489258,15.479999542236328,15.579999923706055,15.46500015258789,15.470000267028809,700400
2016-05-23,10.376482963562012,15.489999771118164,15.5649995803833,15.4399995803833,15.484999656677246,211800
2016-05-24,10.480314254760742,15.645000457763672,15.654999732971191,15.4399995803833,15.484999656677246,444200
2016-05-25,10.587495803833008,15.805000305175781,15.829999923706055,15.664999961853027,15.694999694824219,366400
2016-05-26,10.70472526550293,15.979999542236328,16.05500030517578,15.864999771118164,15.954999923706055,432200
2016-05-27,10.677929878234863,15.9399995803833,15.975000381469727,15.864999771118164,15.9350004196167,294400
2016-05-31,10.610940933227539,15.84000015258789,15.9350004196167,15.755000114440918,15.9350004196167,376200
2016-06-01,10.627687454223633,15.864999771118164,15.90999984741211,15.729999542236328,15.824999809265137,365400
2016-06-02,10.610940933227539,15.84000015258789,15.859999656677246,15.75,15.8100004196167,252800
2016-06-03,10.77506160736084,16.084999084472656,16.135000228881836,15.984999656677246,16.010000228881836,240800
2016-06-06,10.858797073364258,16.209999084472656,16.225000381469727,16.110000610351562,16.145000457763672,272000
2016-06-07,10.965978622436523,16.3700008392334,16.40999984741211,16.204999923706055,16.260000228881836,278600
2016-06-08,10.935836791992188,16.145000457763672,16.389999389648438,16.065000534057617,16.31999969482422,332600
2016-06-09,10.871489524841309,16.049999237060547,16.145000457763672,15.9350004196167,16.065000534057617,281600
2016-06-10,10.76988410949707,15.899999618530273,16.065000534057617,15.779999732971191,16.010000228881836,303400
2016-06-13,10.617480278015137,15.675000190734863,15.824999809265137,15.664999961853027,15.765000343322754,242000
2016-06-14,10.739404678344727,15.854999542236328,15.904999732971191,15.630000114440918,15.664999961853027,327200
2016-06-15,10.739404678344727,15.854999542236328,15.979999542236328,15.800000190734863,15.819999694824219,278800
2016-06-16,10.861326217651367,16.03499984741211,16.09000015258789,15.630000114440918,15.734999656677246,378200
2016-06-17,10.888422012329102,16.075000762939453,16.155000686645508,16.030000686645508,16.075000762939453,661400
2016-06-20,11.003570556640625,16.2450008392334,16.309999465942383,16.165000915527344,16.239999771118164,271400
2016-06-21,10.973092079162598,16.200000762939453,16.30500030517578,16.135000228881836,16.30500030517578,314800
2016-06-22,10.895193099975586,16.084999084472656,16.264999389648438,16.075000762939453,16.225000381469727,375200
2016-06-23,10.993413925170898,16.229999542236328,16.274999618530273,16.174999237060547,16.260000228881836,295400
2016-06-24,10.664898872375488,15.744999885559082,15.979999542236328,15.59000015258789,15.670000076293945,284200
2016-06-27,10.631028175354004,15.694999694824219,15.755000114440918,15.53499984741211,15.65999984741211,360200
2016-06-28,10.786820411682129,15.925000190734863,15.930000305175781,15.6899995803833,15.779999732971191,411000
2016-06-29,10.95276927947998,16.170000076293945,16.170000076293945,15.930000305175781,15.989999771118164,271000
2016-06-30,10.905356407165527,16.100000381469727,16.184999465942383,16.065000534057617,16.170000076293945,438400
2016-07-01,11.064533233642578,16.334999084472656,16.360000610351562,16.110000610351562,16.145000457763672,188600
2016-07-05,11.162750244140625,16.479999542236328,16.655000686645508,16.225000381469727,16.225000381469727,510000
2016-07-06,11.274514198303223,16.645000457763672,16.649999618530273,16.350000381469727,16.459999084472656,658000
2016-07-07,11.244030952453613,16.600000381469727,16.75,16.530000686645508,16.739999771118164,431200
2016-07-08,11.128880500793457,16.43000030517578,16.6200008392334,16.389999389648438,16.594999313354492,390600
2016-07-11,11.101788520812988,16.389999389648438,16.434999465942383,16.170000076293945,16.329999923706055,535600
2016-07-12,11.240641593933105,16.594999313354492,16.6200008392334,16.46500015258789,16.4950008392334,270800
2016-07-13,11.298218727111816,16.68000030517578,16.760000228881836,16.469999313354492,16.575000762939453,338600
2016-07-14,11.386272430419922,16.809999465942383,16.860000610351562,16.645000457763672,16.790000915527344,555600
2016-07-15,11.25080680847168,16.610000610351562,16.809999465942383,16.549999237060547,16.809999465942383,335000
2016-07-18,11.237257957458496,16.59000015258789,16.69499969482422,16.5049991607666,16.59000015258789,271200
2016-07-19,11.210160255432129,16.549999237060547,16.594999313354492,16.485000610351562,16.514999389648438,347200
2016-07-20,11.22709846496582,16.575000762939453,16.639999389648438,16.5,16.530000686645508,282400
2016-07-21,11.200004577636719,16.53499984741211,16.71500015258789,16.520000457763672,16.625,267600
2016-07-22,11.32531452178955,16.719999313354492,16.774999618530273,16.559999465942383,16.565000534057617,234400
2016-07-25,11.230483055114746,16.579999923706055,16.690000534057617,16.53499984741211,16.649999618530273,274000
2016-07-26,11.298218727111816,16.68000030517578,16.690000534057617,16.46500015258789,16.604999542236328,340200
2016-07-27,11.267738342285156,16.635000228881836,16.704999923706055,16.485000610351562,16.704999923706055,275400
2016-07-28,11.274514198303223,16.645000457763672,16.704999923706055,16.565000534057617,16.670000076293945,195000
2016-07-29,11.328701972961426,16.725000381469727,16.8700008392334,16.625,16.709999084472656,443600
2016-08-01,11.28128433227539,16.655000686645508,16.68000030517578,16.475000381469727,16.540000915527344,338600
2016-08-02,11.09840202331543,16.385000228881836,16.65999984741211,16.309999465942383,16.635000228881836,936400
2016-08-03,11.115334510803223,16.40999984741211,16.434999465942383,16.280000686645508,16.395000457763672,359400
2016-08-04,11.081463813781738,16.360000610351562,16.510000228881836,16.299999237060547,16.415000915527344,321400
2016-08-05,11.18306827545166,16.510000228881836,16.594999313354492,16.389999389648438,16.459999084472656,476200
2016-08-08,11.196617126464844,16.530000686645508,16.584999084472656,16.44499969482422,16.565000534057617,515400
2016-08-09,11.301608085632324,16.684999465942383,16.760000228881836,16.53499984741211,16.53499984741211,377200
2016-08-10,11.393047332763672,16.81999969482422,16.90999984741211,16.80500030517578,16.815000534057617,343000
2016-08-11,11.460783004760742,16.920000076293945,17.03499984741211,16.864999771118164,16.940000534057617,402000
2016-08-12,11.413371086120605,16.850000381469727,16.959999084472656,16.829999923706055,16.940000534057617,442600
2016-08-15,11.423527717590332,16.864999771118164,16.924999237060547,16.825000762939453,16.885000228881836,267200
2016-08-16,11.37273120880127,16.790000915527344,16.895000457763672,16.760000228881836,16.889999389648438,370400
2016-08-17,11.355792999267578,16.764999389648438,16.780000686645508,16.584999084472656,16.780000686645508,206600
2016-08-18,11.426919937133789,16.8700008392334,16.885000228881836,16.69499969482422,16.809999465942383,201200
2016-08-19,11.365958213806152,16.780000686645508,16.815000534057617,16.639999389648438,16.75,174400
2016-08-22,11.362570762634277,16.774999618530273,16.81999969482422,16.59000015258789,16.670000076293945,427600
2016-08-23,11.365958213806152,16.780000686645508,16.854999542236328,16.739999771118164,16.854999542236328,234200
2016-08-24,11.349020004272461,16.7549991607666,16.799999237060547,16.649999618530273,16.75,368400
2016-08-25,11.315153121948242,16.704999923706055,16.78499984741211,16.670000076293945,16.739999771118164,297400
2016-08-26,11.22709846496582,16.575000762939453,16.90999984741211,16.5,16.7549991607666,282800
2016-08-29,11.274514198303223,16.645000457763672,16.690000534057617,16.559999465942383,16.565000534057617,222000
2016-08-30,11.17629623413086,16.5,16.649999618530273,16.454999923706055,16.594999313354492,249800
2016-08-31,11.101788520812988,16.389999389648438,16.5049991607666,16.315000534057617,16.5,323000
2016-09-01,11.294832229614258,16.674999237060547,16.709999084472656,16.364999771118164,16.364999771118164,424200
2016-09-02,11.454011917114258,16.90999984741211,16.924999237060547,16.790000915527344,16.790000915527344,502200
2016-09-06,11.555612564086914,17.059999465942383,17.059999465942383,16.899999618530273,17.040000915527344,492400
2016-09-07,11.383793830871582,16.6299991607666,16.899999618530273,16.600000381469727,16.875,433200
2016-09-08,11.298226356506348,16.5049991607666,16.635000228881836,16.43000030517578,16.579999923706055,272400
2016-09-09,11.034684181213379,16.1200008392334,16.344999313354492,16.03499984741211,16.329999923706055,289800
2016-09-12,11.051796913146973,16.145000457763672,16.225000381469727,15.930000305175781,15.975000381469727,394400
2016-09-13,10.825899124145508,15.8149995803833,15.970000267028809,15.800000190734863,15.970000267028809,379200
2016-09-14,10.815633773803711,15.800000190734863,15.930000305175781,15.75,15.78499984741211,242800
2016-09-15,10.955960273742676,16.0049991607666,16.049999237060547,15.779999732971191,15.779999732971191,267000
2016-09-16,10.89093017578125,15.90999984741211,15.949999809265137,15.789999961853027,15.864999771118164,343200
2016-09-19,10.901198387145996,15.925000190734863,16.040000915527344,15.875,15.920000076293945,236400
2016-09-20,10.966228485107422,16.020000457763672,16.125,15.920000076293945,15.9399995803833,600200
2016-09-21,11.157898902893066,16.299999237060547,16.325000762939453,16.05500030517578,16.110000610351562,251600
2016-09-22,11.270846366882324,16.46500015258789,16.5049991607666,16.375,16.450000762939453,459000
2016-09-23,11.154476165771484,16.295000076293945,16.405000686645508,16.28499984741211,16.389999389648438,345800
2016-09-26,11.127094268798828,16.2549991607666,16.360000610351562,16.204999923706055,16.260000228881836,204800
2016-09-27,11.151056289672852,16.290000915527344,16.3700008392334,16.139999389648438,16.18000030517578,321000
2016-09-28,11.277691841125488,16.475000381469727,16.5049991607666,16.2450008392334,16.3700008392334,329200
2016-09-29,11.257155418395996,16.44499969482422,16.6200008392334,16.420000076293945,16.520000457763672,251400
2016-09-30,11.294803619384766,16.5,16.6299991607666,16.46500015258789,16.530000686645508,392000
2016-10-03,11.305072784423828,16.514999389648438,16.610000610351562,16.3700008392334,16.5049991607666,689200
2016-10-04,11.178434371948242,16.329999923706055,16.524999618530273,16.2450008392334,16.475000381469727,265000
2016-10-05,11.109983444213867,16.229999542236328,16.360000610351562,16.19499969482422,16.360000610351562,345000
2016-10-06,11.11340618133545,16.235000610351562,16.264999389648438,16.06999969482422,16.165000915527344,324600
2016-10-07,10.897773742675781,15.920000076293945,16.18000030517578,15.770000457763672,16.18000030517578,661400
2016-10-10,11.034684181213379,16.1200008392334,16.149999618530273,15.944999694824219,15.944999694824219,263800
2016-10-11,10.949114799499512,15.994999885559082,16.075000762939453,15.90999984741211,16.049999237060547,358600
2016-10-12,11.058642387390137,16.155000686645508,16.209999084472656,15.949999809265137,15.975000381469727,271000
2016-10-13,11.123671531677246,16.25,16.290000915527344,15.970000267028809,16.06999969482422,240000
2016-10-14,11.127094268798828,16.2549991607666,16.3700008392334,16.25,16.295000076293945,343600
2016-10-17,11.055219650268555,16.149999618530273,16.264999389648438,16.100000381469727,16.25,182600
2016-10-18,11.161319732666016,16.30500030517578,16.395000457763672,16.184999465942383,16.260000228881836,304400
2016-10-19,11.133940696716309,16.264999389648438,16.415000915527344,16.235000610351562,16.34000015258789,217800
2016-10-20,10.99703311920166,16.065000534057617,16.21500015258789,16.0049991607666,16.18000030517578,338600
2016-10-21,11.01756763458252,16.094999313354492,16.114999771118164,15.899999618530273,15.930000305175781,263000
2016-10-24,11.031258583068848,16.114999771118164,16.135000228881836,16.045000076293945,16.06999969482422,165400
2016-10-25,10.99703311920166,16.065000534057617,16.174999237060547,16.045000076293945,16.149999618530273,243800
2016-10-26,10.990187644958496,16.05500030517578,16.225000381469727,16.010000228881836,16.010000228881836,413200
2016-10-27,11.041528701782227,16.1299991607666,16.219999313354492,16.079999923706055,16.100000381469727,355000
2016-10-28,11.07575511932373,16.18000030517578,16.325000762939453,16.100000381469727,16.125,321400
2016-10-31,11.086024284362793,16.19499969482422,16.295000076293945,16.114999771118164,16.139999389648438,337800
2016-11-01,11.062061309814453,16.15999984741211,16.270000457763672,16.094999313354492,16.270000457763672,804200
2016-11-02,10.887507438659668,15.904999732971191,16.170000076293945,15.899999618530273,16.170000076293945,380000
2016-11-03,10.846437454223633,15.845000267028809,15.930000305175781,15.779999732971191,15.914999961853027,448800
2016-11-04,10.825899124145508,15.8149995803833,15.885000228881836,15.6850004196167,15.864999771118164,376600
2016-11-07,10.990187644958496,16.05500030517578,16.06999969482422,15.9350004196167,15.975000381469727,349400
2016-11-08,11.079176902770996,16.184999465942383,16.209999084472656,16.059999465942383,16.084999084472656,300800
2016-11-09,10.894352912902832,15.914999961853027,15.989999771118164,15.850000381469727,15.914999961853027,439800
2016-11-10,10.634231567382812,15.53499984741211,15.795000076293945,15.454999923706055,15.795000076293945,529600
2016-11-11,10.552088737487793,15.414999961853027,15.520000457763672,15.329999923706055,15.470000267028809,329400
2016-11-14,10.40491008758545,15.199999809265137,15.425000190734863,15.154999732971191,15.399999618530273,470800
2016-11-15,10.589736938476562,15.470000267028809,15.489999771118164,15.194999694824219,15.255000114440918,383000
2016-11-16,10.617116928100586,15.510000228881836,15.539999961853027,15.404999732971191,15.460000038146973,331000
2016-11-17,10.65134334564209,15.5600004196167,15.664999961853027,15.505000114440918,15.515000343322754,396400
2016-11-18,10.59658145904541,15.479999542236328,15.545000076293945,15.404999732971191,15.545000076293945,479600
2016-11-21,10.712950706481934,15.649999618530273,15.680000305175781,15.545000076293945,15.604999542236328,413600
2016-11-22,10.67530345916748,15.595000267028809,15.6899995803833,15.574999809265137,15.6899995803833,478200
2016-11-23,10.716373443603516,15.654999732971191,15.739999771118164,15.479999542236328,15.494999885559082,1167400
2016-11-25,10.774557113647461,15.739999771118164,15.774999618530273,15.649999618530273,15.694999694824219,235800
2016-11-28,10.774557113647461,15.739999771118164,15.914999961853027,15.670000076293945,15.789999961853027,720600
2016-11-29,10.801941871643066,15.779999732971191,15.819999694824219,15.654999732971191,15.694999694824219,475800
2016-11-30,10.68899154663086,15.614999771118164,15.914999961853027,15.604999542236328,15.880000114440918,532000
2016-12-01,10.68899154663086,15.614999771118164,15.770000457763672,15.59000015258789,15.704999923706055,510400
2016-12-02,10.843012809753418,15.84000015258789,15.875,15.619999885559082,15.619999885559082,544800
2016-12-05,10.877241134643555,15.890000343322754,15.904999732971191,15.774999618530273,15.904999732971191,601600
2016-12-06,10.887507438659668,15.904999732971191,15.914999961853027,15.770000457763672,15.875,516200
2016-12-07,11.012836456298828,15.904999732971191,15.930000305175781,15.675000190734863,15.739999771118164,541200
2016-12-08,11.123619079589844,16.065000534057617,16.094999313354492,15.824999809265137,15.885000228881836,442200
2016-12-09,11.151317596435547,16.104999542236328,16.184999465942383,15.954999923706055,16.05500030517578,617600
2016-12-12,11.23786735534668,16.229999542236328,16.274999618530273,16.135000228881836,16.15999984741211,630200
2016-12-13,11.334809303283691,16.3700008392334,16.43000030517578,16.2450008392334,16.2549991607666,660800
2016-12-14,11.089000701904297,16.014999389648438,16.415000915527344,15.970000267028809,16.395000457763672,759600
2016-12-15,11.050917625427246,15.960000038146973,16.040000915527344,15.835000038146973,15.9399995803833,590600
2016-12-16,11.064764022827148,15.979999542236328,16.094999313354492,15.869999885559082,15.960000038146973,719800
2016-12-19,11.033607482910156,15.9350004196167,16.024999618530273,15.914999961853027,15.96500015258789,424000
2016-12-20,10.981674194335938,15.859999656677246,16.014999389648438,15.789999961853027,16.014999389648438,735200
2016-12-21,10.940131187438965,15.800000190734863,15.845000267028809,15.734999656677246,15.84000015258789,727800
2016-12-22,10.947056770324707,15.8100004196167,15.84000015258789,15.614999771118164,15.720000267028809,501400
2016-12-23,10.943593978881836,15.805000305175781,15.854999542236328,15.744999885559082,15.75,334200
2016-12-27,10.926280975341797,15.779999732971191,15.904999732971191,15.729999542236328,15.885000228881836,207400
2016-12-28,10.91589641571045,15.765000343322754,15.84000015258789,15.725000381469727,15.765000343322754,629000
2016-12-29,11.023219108581543,15.920000076293945,15.949999809265137,15.8100004196167,15.845000267028809,481000
2016-12-30,11.026684761047363,15.925000190734863,15.994999885559082,15.850000381469727,15.975000381469727,526400
2017-01-03,11.113231658935547,16.049999237060547,16.104999542236328,15.84000015258789,15.84000015258789,556200
2017-01-04,11.320959091186523,16.350000381469727,16.405000686645508,16.1200008392334,16.15999984741211,610600
2017-01-05,11.55638313293457,16.690000534057617,16.7450008392334,16.44499969482422,16.485000610351562,571600
2017-01-06,11.528684616088867,16.649999618530273,16.735000610351562,16.56999969482422,16.690000534057617,479000
2017-01-09,11.494065284729004,16.600000381469727,16.729999542236328,16.510000228881836,16.604999542236328,756800
2017-01-10,11.487140655517578,16.59000015258789,16.684999465942383,16.55500030517578,16.610000610351562,588800
2017-01-11,11.573688507080078,16.71500015258789,16.739999771118164,16.420000076293945,16.55500030517578,644600
2017-01-12,11.604846000671387,16.760000228881836,16.84000015258789,16.700000762939453,16.78499984741211,443200
2017-01-13,11.642930030822754,16.815000534057617,16.8799991607666,16.704999923706055,16.735000610351562,586800
2017-01-17,11.60831069946289,16.764999389648438,16.94499969482422,16.7549991607666,16.850000381469727,708000
2017-01-18,11.35557746887207,16.399999618530273,16.75,16.3700008392334,16.71500015258789,860200
2017-01-19,11.345191955566406,16.385000228881836,16.5,16.344999313354492,16.399999618530273,673200
2017-01-20,11.404048919677734,16.469999313354492,16.545000076293945,16.3799991607666,16.3799991607666,672200
2017-01-23,11.449053764343262,16.53499984741211,16.565000534057617,16.395000457763672,16.46500015258789,571800
2017-01-24,11.625621795654297,16.790000915527344,16.815000534057617,16.510000228881836,16.559999465942383,816600
2017-01-25,11.63254451751709,16.799999237060547,16.899999618530273,16.7549991607666,16.850000381469727,776400
2017-01-26,11.670628547668457,16.854999542236328,16.940000534057617,16.704999923706055,16.809999465942383,667400
2017-01-27,11.573688507080078,16.71500015258789,16.920000076293945,16.625,16.850000381469727,832800
2017-01-30,11.462902069091797,16.55500030517578,16.729999542236328,16.475000381469727,16.729999542236328,933200
2017-01-31,11.570229530334473,16.709999084472656,16.735000610351562,16.575000762939453,16.635000228881836,779400
2017-02-01,11.48021411895752,16.579999923706055,16.65999984741211,16.440000534057617,16.600000381469727,886200
2017-02-02,11.50098705291748,16.610000610351562,16.649999618530273,16.520000457763672,16.645000457763672,632000
2017-02-03,11.584077835083008,16.729999542236328,16.84000015258789,16.549999237060547,16.704999923706055,940600
2017-02-06,11.563301086425781,16.700000762939453,16.725000381469727,16.59000015258789,16.6299991607666,731400
2017-02-07,11.577153205871582,16.719999313354492,16.790000915527344,16.469999313354492,16.790000915527344,1441000
2017-02-08,11.597920417785645,16.75,16.80500030517578,16.684999465942383,16.739999771118164,1324800
2017-02-09,11.35557746887207,16.399999618530273,16.69499969482422,16.395000457763672,16.655000686645508,1547800
2017-02-10,11.404048919677734,16.469999313354492,16.540000915527344,16.40999984741211,16.5049991607666,954800
2017-02-13,11.410970687866211,16.479999542236328,16.540000915527344,16.389999389648438,16.459999084472656,880400
2017-02-14,11.390202522277832,16.450000762939453,16.5,16.3700008392334,16.469999313354492,727800
2017-02-15,11.397123336791992,16.459999084472656,16.5049991607666,16.360000610351562,16.485000610351562,1043200
2017-02-16,11.476751327514648,16.575000762939453,16.6200008392334,16.389999389648438,16.459999084472656,1033800
2017-02-17,11.615234375,16.774999618530273,16.78499984741211,16.575000762939453,16.575000762939453,1232000
2017-02-21,11.577153205871582,16.719999313354492,16.729999542236328,16.610000610351562,16.68000030517578,822200
2017-02-22,11.649853706359863,16.825000762939453,16.864999771118164,16.625,16.665000915527344,808000
2017-02-23,11.629083633422852,16.795000076293945,16.940000534057617,16.774999618530273,16.8700008392334,1173600
2017-02-24,11.483675956726074,16.584999084472656,16.760000228881836,16.53499984741211,16.739999771118164,759600
2017-02-27,11.47329044342041,16.56999969482422,16.584999084472656,16.450000762939453,16.584999084472656,925600
2017-02-28,11.262104034423828,16.264999389648438,16.530000686645508,16.25,16.459999084472656,968000
2017-03-01,11.217096328735352,16.200000762939453,16.315000534057617,16.059999465942383,16.295000076293945,721000
2017-03-02,11.134007453918457,16.079999923706055,16.190000534057617,16.045000076293945,16.149999618530273,1021600
2017-03-03,11.123619079589844,16.065000534057617,16.09000015258789,16.010000228881836,16.049999237060547,928400
2017-03-06,11.192864418029785,16.165000915527344,16.18000030517578,16.024999618530273,16.049999237060547,677400
2017-03-07,11.140931129455566,16.09000015258789,16.229999542236328,16.045000076293945,16.174999237060547,661200
2017-03-08,10.979186058044434,15.680000305175781,15.895000457763672,15.654999732971191,15.895000457763672,715400
2017-03-09,11.014195442199707,15.729999542236328,15.75,15.640000343322754,15.664999961853027,573800
2017-03-10,11.098217964172363,15.850000381469727,15.864999771118164,15.744999885559082,15.8100004196167,654000
2017-03-13,11.126227378845215,15.890000343322754,15.890000343322754,15.800000190734863,15.84000015258789,501400
2017-03-14,11.038703918457031,15.765000343322754,15.824999809265137,15.710000038146973,15.770000457763672,595600
2017-03-15,11.238258361816406,16.049999237060547,16.084999084472656,15.795000076293945,15.795000076293945,799200
2017-03-16,11.213750839233398,16.014999389648438,16.1200008392334,16.010000228881836,16.079999923706055,499000
2017-03-17,11.26276683807373,16.084999084472656,16.155000686645508,16.014999389648438,16.075000762939453,663800
2017-03-20,11.19274616241455,15.984999656677246,16.149999618530273,15.944999694824219,16.075000762939453,895400
2017-03-21,11.16823959350586,15.949999809265137,16.110000610351562,15.9399995803833,16.040000915527344,595600
2017-03-22,11.245260238647461,16.059999465942383,16.075000762939453,15.885000228881836,15.9350004196167,496400
2017-03-23,11.27677059173584,16.104999542236328,16.19499969482422,15.960000038146973,16.030000686645508,567600
2017-03-24,11.27677059173584,16.104999542236328,16.170000076293945,16.020000457763672,16.03499984741211,522200
2017-03-27,11.29077434539795,16.125,16.209999084472656,16.040000915527344,16.079999923706055,617600
2017-03-28,11.287272453308105,16.1200008392334,16.165000915527344,15.979999542236328,16.1299991607666,994400
2017-03-29,11.332786560058594,16.184999465942383,16.184999465942383,16.03499984741211,16.104999542236328,891800
2017-03-30,11.332786560058594,16.184999465942383,16.264999389648438,16.170000076293945,16.204999923706055,727200
2017-03-31,11.371298789978027,16.239999771118164,16.295000076293945,16.165000915527344,16.204999923706055,584200
2017-04-03,11.339787483215332,16.19499969482422,16.2450008392334,16.030000686645508,16.184999465942383,1048400
2017-04-04,11.427314758300781,16.31999969482422,16.344999313354492,16.03499984741211,16.114999771118164,719600
2017-04-05,11.539346694946289,16.479999542236328,16.56999969482422,16.395000457763672,16.399999618530273,1075000
2017-04-06,11.535844802856445,16.475000381469727,16.530000686645508,16.415000915527344,16.4950008392334,692000
2017-04-07,11.560352325439453,16.510000228881836,16.565000534057617,16.459999084472656,16.520000457763672,530200
2017-04-10,11.665382385253906,16.65999984741211,16.725000381469727,16.514999389648438,16.600000381469727,554200
2017-04-11,11.675887107849121,16.674999237060547,16.709999084472656,16.549999237060547,16.65999984741211,682200
2017-04-12,11.773913383483887,16.815000534057617,16.860000610351562,16.665000915527344,16.69499969482422,699400
2017-04-13,11.675887107849121,16.674999237060547,16.854999542236328,16.670000076293945,16.834999084472656,834600
2017-04-17,11.74240779876709,16.770000457763672,16.864999771118164,16.709999084472656,16.709999084472656,831600
2017-04-18,11.581358909606934,16.540000915527344,16.735000610351562,16.5049991607666,16.665000915527344,1657200
2017-04-19,11.434316635131836,16.329999923706055,16.510000228881836,16.290000915527344,16.4950008392334,1203000
2017-04-20,11.479830741882324,16.395000457763672,16.424999237060547,16.295000076293945,16.354999542236328,1063800
2017-04-21,11.5043363571167,16.43000030517578,16.459999084472656,16.334999084472656,16.360000610351562,710600
2017-04-24,11.542847633361816,16.485000610351562,16.575000762939453,16.440000534057617,16.540000915527344,713800
2017-04-25,11.560352325439453,16.510000228881836,16.56999969482422,16.44499969482422,16.44499969482422,970000
2017-04-26,11.66888427734375,16.665000915527344,16.729999542236328,16.46500015258789,16.4950008392334,1262400
2017-04-27,11.640875816345215,16.625,16.684999465942383,16.5049991607666,16.68000030517578,1074600
2017-04-28,11.651381492614746,16.639999389648438,16.649999618530273,16.46500015258789,16.579999923706055,719600
2017-05-01,11.556851387023926,16.5049991607666,16.65999984741211,16.469999313354492,16.53499984741211,643200
2017-05-02,11.633875846862793,16.614999771118164,16.674999237060547,16.475000381469727,16.4950008392334,706400
2017-05-03,11.535844802856445,16.475000381469727,16.610000610351562,16.450000762939453,16.59000015258789,942600
2017-05-04,11.451822280883789,16.354999542236328,16.485000610351562,16.280000686645508,16.475000381469727,860600
2017-05-05,11.654882431030273,16.645000457763672,16.665000915527344,16.34000015258789,16.350000381469727,664800
2017-05-08,11.682887077331543,16.684999465942383,16.739999771118164,16.6200008392334,16.6200008392334,768200
2017-05-09,11.651381492614746,16.639999389648438,16.68000030517578,16.485000610351562,16.655000686645508,942600
2017-05-10,11.714397430419922,16.729999542236328,16.84000015258789,16.65999984741211,16.709999084472656,859800
2017-05-11,11.700390815734863,16.709999084472656,16.844999313354492,16.59000015258789,16.655000686645508,1292800
2017-05-12,11.724903106689453,16.7450008392334,16.81999969482422,16.674999237060547,16.71500015258789,750200
2017-05-15,11.805423736572266,16.860000610351562,16.959999084472656,16.809999465942383,16.834999084472656,818600
2017-05-16,11.763412475585938,16.799999237060547,16.950000762939453,16.780000686645508,16.905000686645508,843800
2017-05-17,11.633875846862793,16.614999771118164,16.735000610351562,16.540000915527344,16.729999542236328,810400
2017-05-18,11.67238712310791,16.670000076293945,16.735000610351562,16.5,16.65999984741211,1019200
2017-05-19,11.822929382324219,16.885000228881836,16.889999389648438,16.65999984741211,16.760000228881836,675200
2017-05-22,11.924460411071777,17.030000686645508,17.079999923706055,16.90999984741211,16.920000076293945,351400
2017-05-23,11.861441612243652,16.940000534057617,17.094999313354492,16.8799991607666,17.065000534057617,581200
2017-05-24,11.962969779968262,17.084999084472656,17.100000381469727,16.899999618530273,16.934999465942383,598400
2017-05-25,11.945466041564941,17.059999465942383,17.139999389648438,17.03499984741211,17.104999542236328,670000
2017-05-26,11.952468872070312,17.06999969482422,17.100000381469727,17.045000076293945,17.100000381469727,325400
2017-05-30,11.959467887878418,17.079999923706055,17.114999771118164,16.954999923706055,16.969999313354492,661400
2017-05-31,11.91395378112793,17.014999389648438,17.135000228881836,16.969999313354492,17.1200008392334,1355800
2017-06-01,11.903451919555664,17.0,17.079999923706055,16.985000610351562,17.059999465942383,572400
2017-06-02,11.889450073242188,16.979999542236328,17.049999237060547,16.940000534057617,17.020000457763672,694200
2017-06-05,11.931461334228516,17.040000915527344,17.05500030517578,16.815000534057617,16.985000610351562,679200
2017-06-06,11.976973533630371,17.104999542236328,17.110000610351562,17.020000457763672,17.059999465942383,572000
2017-06-07,11.724302291870117,16.565000534057617,16.8799991607666,16.510000228881836,16.8799991607666,984600
2017-06-08,11.745528221130371,16.594999313354492,16.614999771118164,16.469999313354492,16.594999313354492,593800
2017-06-09,11.770302772521973,16.6299991607666,16.725000381469727,16.549999237060547,16.655000686645508,900800
2017-06-12,11.876468658447266,16.780000686645508,16.844999313354492,16.614999771118164,16.625,1057800
2017-06-13,11.99679183959961,16.950000762939453,16.985000610351562,16.815000534057617,16.924999237060547,936400
2017-06-14,11.918936729431152,16.84000015258789,17.05500030517578,16.764999389648438,17.024999618530273,780600
2017-06-15,12.000330924987793,16.954999923706055,16.989999771118164,16.610000610351562,16.719999313354492,1059200
2017-06-16,12.180811882019043,17.209999084472656,17.31999969482422,16.93000030517578,17.06999969482422,1517000
2017-06-19,12.166658401489258,17.190000534057617,17.290000915527344,17.104999542236328,17.174999237060547,1318200
2017-06-20,12.035717010498047,17.0049991607666,17.145000457763672,16.940000534057617,17.110000610351562,684600
2017-06-21,11.929553031921387,16.854999542236328,17.110000610351562,16.795000076293945,17.010000228881836,925800
2017-06-22,11.947246551513672,16.8799991607666,17.0049991607666,16.81999969482422,16.940000534057617,1236400
2017-06-23,12.010948181152344,16.969999313354492,17.010000228881836,16.799999237060547,16.860000610351562,700200
2017-06-26,12.053415298461914,17.030000686645508,17.174999237060547,17.010000228881836,17.030000686645508,664000
2017-06-27,12.156039237976074,17.174999237060547,17.204999923706055,17.0049991607666,17.065000534057617,1145200
2017-06-28,12.315285682678223,17.399999618530273,17.420000076293945,17.114999771118164,17.270000457763672,1109200
2017-06-29,12.163118362426758,17.184999465942383,17.34000015258789,17.100000381469727,17.34000015258789,1263000
2017-06-30,12.216202735900879,17.260000228881836,17.315000534057617,17.1200008392334,17.235000610351562,973000
2017-07-03,12.180811882019043,17.209999084472656,17.299999237060547,17.204999923706055,17.299999237060547,405400
2017-07-05,12.187889099121094,17.219999313354492,17.2549991607666,17.020000457763672,17.204999923706055,1276800
2017-07-06,12.244510650634766,17.299999237060547,17.389999389648438,17.1299991607666,17.170000076293945,1382400
2017-07-07,12.2657470703125,17.329999923706055,17.354999542236328,17.165000915527344,17.309999465942383,872200
2017-07-10,12.26220703125,17.325000762939453,17.440000534057617,17.299999237060547,17.334999084472656,933400
2017-07-11,12.187889099121094,17.219999313354492,17.315000534057617,17.110000610351562,17.295000076293945,833600
2017-07-12,12.442689895629883,17.579999923706055,17.7549991607666,17.264999389648438,17.30500030517578,1513000
2017-07-13,12.368374824523926,17.475000381469727,17.549999237060547,17.395000457763672,17.540000915527344,1017400
2017-07-14,12.502849578857422,17.665000915527344,17.68000030517578,17.514999389648438,17.530000686645508,609600
2017-07-17,12.47453784942627,17.625,17.764999389648438,17.565000534057617,17.69499969482422,848000
2017-07-18,12.502849578857422,17.665000915527344,17.735000610351562,17.55500030517578,17.684999465942383,965800
2017-07-19,12.609017372131348,17.815000534057617,17.860000610351562,17.709999084472656,17.7450008392334,646400
2017-07-20,12.711644172668457,17.959999084472656,18.030000686645508,17.774999618530273,17.815000534057617,1055800
2017-07-21,12.754110336303711,18.020000457763672,18.03499984741211,17.795000076293945,17.985000610351562,837400
2017-07-24,12.754110336303711,18.020000457763672,18.05500030517578,17.875,18.040000915527344,849200
2017-07-25,12.754110336303711,18.020000457763672,18.084999084472656,17.924999237060547,18.030000686645508,638800
2017-07-26,12.771803855895996,18.045000076293945,18.149999618530273,17.969999313354492,18.020000457763672,957800
2017-07-27,12.803654670715332,18.09000015258789,18.1299991607666,17.924999237060547,18.03499984741211,963400
2017-07-28,12.85319995880127,18.15999984741211,18.174999237060547,18.045000076293945,18.149999618530273,595800
2017-07-31,12.789499282836914,18.06999969482422,18.19499969482422,18.0049991607666,18.19499969482422,961200
2017-08-01,12.899208068847656,18.225000381469727,18.385000228881836,17.94499969482422,18.094999313354492,1311400
2017-08-02,12.93105697631836,18.270000457763672,18.325000762939453,18.184999465942383,18.184999465942383,816200
2017-08-03,12.870892524719238,18.184999465942383,18.28499984741211,18.155000686645508,18.2450008392334,1110800
2017-08-04,12.835503578186035,18.135000228881836,18.219999313354492,18.100000381469727,18.184999465942383,714600
2017-08-07,12.888587951660156,18.209999084472656,18.219999313354492,18.125,18.155000686645508,383400
2017-08-08,12.824888229370117,18.1200008392334,18.145000457763672,18.045000076293945,18.100000381469727,780600
2017-08-09,12.750571250915527,18.014999389648438,18.079999923706055,17.975000381469727,18.0049991607666,659800
2017-08-10,12.626709938049316,17.84000015258789,18.014999389648438,17.780000686645508,18.014999389648438,877400
2017-08-11,12.520544052124023,17.690000534057617,17.7450008392334,17.434999465942383,17.614999771118164,1681800
2017-08-14,12.612557411193848,17.81999969482422,17.885000228881836,17.684999465942383,17.700000762939453,1213000
2017-08-15,12.570091247558594,17.760000228881836,17.854999542236328,17.729999542236328,17.854999542236328,427200
2017-08-16,12.580705642700195,17.774999618530273,17.844999313354492,17.655000686645508,17.795000076293945,939600
2017-08-17,12.502849578857422,17.665000915527344,17.799999237060547,17.645000457763672,17.770000457763672,704800
2017-08-18,12.520544052124023,17.690000534057617,17.774999618530273,17.635000228881836,17.770000457763672,674800
2017-08-21,12.594861030578613,17.795000076293945,17.844999313354492,17.649999618530273,17.670000076293945,756000
2017-08-22,12.541779518127441,17.719999313354492,17.854999542236328,17.690000534057617,17.854999542236328,477200
2017-08-23,12.609017372131348,17.815000534057617,17.834999084472656,17.670000076293945,17.670000076293945,520400
2017-08-24,12.637331008911133,17.854999542236328,17.889999389648438,17.780000686645508,17.815000534057617,443200
2017-08-25,12.644407272338867,17.864999771118164,17.94499969482422,17.829999923706055,17.905000686645508,693200
2017-08-28,12.693952560424805,17.934999465942383,17.989999771118164,17.8799991607666,17.924999237060547,612000
2017-08-29,12.739959716796875,18.0,18.049999237060547,17.81999969482422,17.875,1246000
2017-08-30,12.647943496704102,17.8700008392334,17.975000381469727,17.81999969482422,17.934999465942383,991600
2017-08-31,12.803654670715332,18.09000015258789,18.149999618530273,17.905000686645508,17.959999084472656,834200
2017-09-01,12.86028003692627,18.170000076293945,18.219999313354492,18.1200008392334,18.18000030517578,565600
2017-09-05,12.81781005859375,18.110000610351562,18.219999313354492,18.100000381469727,18.184999465942383,788600
2017-09-06,12.913359642028809,18.2450008392334,18.469999313354492,18.075000762939453,18.125,853600
2017-09-07,12.867913246154785,17.979999542236328,18.145000457763672,17.96500015258789,18.1299991607666,771000
2017-09-08,12.828551292419434,17.924999237060547,18.040000915527344,17.81999969482422,18.0,954200
2017-09-11,12.914433479309082,18.045000076293945,18.094999313354492,17.905000686645508,17.94499969482422,918200
2017-09-12,12.935905456542969,18.075000762939453,18.21500015258789,18.010000228881836,18.059999465942383,694400
2017-09-13,12.871491432189941,17.985000610351562,18.09000015258789,17.979999542236328,18.084999084472656,736800
2017-09-14,12.939483642578125,18.079999923706055,18.110000610351562,17.889999389648438,17.954999923706055,685000
2017-09-15,13.007471084594727,18.174999237060547,18.235000610351562,18.065000534057617,18.139999389648438,828600
2017-09-18,12.960952758789062,18.110000610351562,18.280000686645508,18.024999618530273,18.184999465942383,677600
2017-09-19,13.007471084594727,18.174999237060547,18.204999923706055,18.06999969482422,18.139999389648438,834600
2017-09-20,12.964533805847168,18.114999771118164,18.280000686645508,18.0049991607666,18.190000534057617,662200
2017-09-21,12.935905456542969,18.075000762939453,18.110000610351562,18.010000228881836,18.084999084472656,525800
2017-09-22,12.860756874084473,17.969999313354492,18.165000915527344,17.950000762939453,18.104999542236328,660200
2017-09-25,12.832132339477539,17.93000030517578,18.049999237060547,17.8700008392334,17.9950008392334,649400
2017-09-26,12.839287757873535,17.940000534057617,17.9950008392334,17.854999542236328,17.96500015258789,584400
2017-09-27,12.8858060836792,18.0049991607666,18.170000076293945,17.950000762939453,17.950000762939453,929200
2017-09-28,12.960952758789062,18.110000610351562,18.21500015258789,17.924999237060547,17.975000381469727,630800
2017-09-29,12.871491432189941,17.985000610351562,18.1200008392334,17.90999984741211,18.114999771118164,788000
2017-10-02,12.839287757873535,17.940000534057617,18.05500030517578,17.934999465942383,17.969999313354492,742600
2017-10-03,12.8858060836792,18.0049991607666,18.024999618530273,17.905000686645508,17.940000534057617,629200
2017-10-04,12.892962455749512,18.014999389648438,18.05500030517578,17.93000030517578,18.05500030517578,528800
2017-10-05,12.749828338623047,17.815000534057617,17.969999313354492,17.799999237060547,17.959999084472656,563800
2017-10-06,12.810659408569336,17.899999618530273,17.920000076293945,17.735000610351562,17.81999969482422,540800
2017-10-09,12.835711479187012,17.934999465942383,17.94499969482422,17.889999389648438,17.94499969482422,382600
2017-10-10,12.853601455688477,17.959999084472656,18.049999237060547,17.920000076293945,17.979999542236328,795600
2017-10-11,12.928746223449707,18.065000534057617,18.065000534057617,17.950000762939453,17.979999542236328,571400
2017-10-12,12.860756874084473,17.969999313354492,18.010000228881836,17.915000915527344,18.010000228881836,902200
2017-10-13,12.892962455749512,18.014999389648438,18.05500030517578,17.979999542236328,18.014999389648438,776400
2017-10-16,12.860756874084473,17.969999313354492,18.010000228881836,17.924999237060547,17.959999084472656,427200
2017-10-17,12.892962455749512,18.014999389648438,18.040000915527344,17.93000030517578,17.96500015258789,595200
2017-10-18,12.928746223449707,18.065000534057617,18.09000015258789,17.985000610351562,18.03499984741211,550200
2017-10-19,12.878650665283203,17.9950008392334,18.084999084472656,17.934999465942383,18.059999465942383,743200
2017-10-20,12.767718315124512,17.84000015258789,18.010000228881836,17.75,17.875,1029800
2017-10-23,12.839287757873535,17.940000534057617,17.9950008392334,17.825000762939453,17.844999313354492,673600
2017-10-24,12.892962455749512,18.014999389648438,18.059999465942383,17.915000915527344,17.979999542236328,731000
2017-10-25,13.175658226013184,18.40999984741211,18.475000381469727,18.094999313354492,18.235000610351562,2021800
2017-10-26,13.10766887664795,18.315000534057617,18.6299991607666,18.290000915527344,18.405000686645508,1020600
2017-10-27,13.018207550048828,18.190000534057617,18.344999313354492,18.125,18.28499984741211,800800
2017-10-30,13.068305015563965,18.260000228881836,18.280000686645508,18.184999465942383,18.19499969482422,699000
2017-10-31,12.960952758789062,18.110000610351562,18.229999542236328,18.075000762939453,18.225000381469727,1278400
2017-11-01,13.02894115447998,18.204999923706055,18.2549991607666,18.059999465942383,18.06999969482422,1144000
2017-11-02,13.003896713256836,18.170000076293945,18.309999465942383,18.1200008392334,18.274999618530273,872600
2017-11-03,13.03252124786377,18.209999084472656,18.280000686645508,18.125,18.235000610351562,741800
2017-11-06,13.096933364868164,18.299999237060547,18.334999084472656,18.104999542236328,18.19499969482422,615200
2017-11-07,13.157763481140137,18.385000228881836,18.399999618530273,18.219999313354492,18.260000228881836,945600
2017-11-08,13.272276878356934,18.545000076293945,18.614999771118164,18.385000228881836,18.43000030517578,1500400
2017-11-09,13.411831855773926,18.739999771118164,18.815000534057617,18.200000762939453,18.34000015258789,1449400
2017-11-10,13.68736743927002,19.125,19.235000610351562,18.729999542236328,18.8799991607666,2176200
2017-11-13,13.61938190460205,19.030000686645508,19.155000686645508,18.94499969482422,19.084999084472656,955800
2017-11-14,13.583595275878906,18.979999542236328,19.05500030517578,18.905000686645508,19.0049991607666,902800
2017-11-15,13.461928367614746,18.809999465942383,18.959999084472656,18.774999618530273,18.940000534057617,863400
2017-11-16,13.49413013458252,18.854999542236328,18.90999984741211,18.825000762939453,18.860000610351562,1300000
2017-11-17,13.587173461914062,18.985000610351562,19.014999389648438,18.799999237060547,18.844999313354492,635800
2017-11-20,13.61938190460205,19.030000686645508,19.084999084472656,19.0,19.0049991607666,705400
2017-11-21,13.637269973754883,19.05500030517578,19.139999389648438,19.024999618530273,19.030000686645508,619400
2017-11-22,13.637269973754883,19.05500030517578,19.135000228881836,18.93000030517578,19.1200008392334,838000
2017-11-24,13.68736743927002,19.125,19.165000915527344,19.079999923706055,19.139999389648438,328800
2017-11-27,13.6766357421875,19.110000610351562,19.25,19.094999313354492,19.209999084472656,615800
2017-11-28,13.551387786865234,18.934999465942383,19.114999771118164,18.915000915527344,19.09000015258789,694600
2017-11-29,13.372467994689941,18.684999465942383,18.9950008392334,18.635000228881836,18.969999313354492,994200
2017-11-30,13.22575569152832,18.479999542236328,18.71500015258789,18.44499969482422,18.670000076293945,1024400
2017-12-01,13.447614669799805,18.790000915527344,18.885000228881836,18.600000381469727,18.700000762939453,901000
2017-12-04,13.472663879394531,18.825000762939453,18.940000534057617,18.75,18.860000610351562,901600
2017-12-05,13.43687915802002,18.774999618530273,18.94499969482422,18.764999389648438,18.889999389648438,700400
2017-12-06,13.465509414672852,18.815000534057617,18.94499969482422,18.780000686645508,18.780000686645508,783600
2017-12-07,13.519186019897461,18.889999389648438,18.979999542236328,18.764999389648438,18.795000076293945,884600
2017-12-08,13.523884773254395,18.700000762939453,18.75,18.56999969482422,18.6200008392334,579600
2017-12-11,13.61428451538086,18.825000762939453,18.854999542236328,18.670000076293945,18.719999313354492,563400
2017-12-12,13.61428451538086,18.825000762939453,18.889999389648438,18.774999618530273,18.829999923706055,662400
2017-12-13,13.704684257507324,18.950000762939453,19.014999389648438,18.829999923706055,18.854999542236328,608600
2017-12-14,13.603434562683105,18.809999465942383,18.940000534057617,18.739999771118164,18.905000686645508,711800
2017-12-15,13.480496406555176,18.639999389648438,18.825000762939453,18.600000381469727,18.80500030517578,880400
2017-12-18,13.538346290588379,18.719999313354492,18.81999969482422,18.690000534057617,18.700000762939453,840600
2017-12-19,13.487724304199219,18.649999618530273,18.764999389648438,18.594999313354492,18.725000381469727,640000
2017-12-20,13.411789894104004,18.545000076293945,18.690000534057617,18.375,18.674999237060547,679000
2017-12-21,13.502187728881836,18.670000076293945,18.834999084472656,18.565000534057617,18.625,525000
2017-12-22,13.560044288635254,18.75,18.760000228881836,18.56999969482422,18.645000457763672,535800
2017-12-26,13.646829605102539,18.8700008392334,18.959999084472656,18.80500030517578,18.80500030517578,206800
2017-12-27,13.617898941040039,18.829999923706055,18.924999237060547,18.764999389648438,18.924999237060547,405000
2017-12-28,13.690218925476074,18.93000030517578,18.94499969482422,18.75,18.860000610351562,671000
2017-12-29,13.69383430480957,18.934999465942383,19.0049991607666,18.829999923706055,18.950000762939453,525000
2018-01-02,13.682988166809082,18.920000076293945,18.985000610351562,18.81999969482422,18.954999923706055,557600
2018-01-03,13.686603546142578,18.924999237060547,18.9950008392334,18.809999465942383,18.895000457763672,933200
2018-01-04,13.686603546142578,18.924999237060547,19.0,18.854999542236328,18.854999542236328,860800
2018-01-05,13.748075485229492,19.010000228881836,19.094999313354492,18.950000762939453,19.065000534057617,895400
2018-01-08,13.672139167785645,18.905000686645508,18.940000534057617,18.790000915527344,18.889999389648438,888600
2018-01-09,13.505807876586914,18.674999237060547,18.895000457763672,18.649999618530273,18.895000457763672,784600
2018-01-10,13.415404319763184,18.549999237060547,18.649999618530273,18.479999542236328,18.579999923706055,811800
2018-01-11,13.49857234954834,18.665000915527344,18.719999313354492,18.549999237060547,18.604999542236328,816800
2018-01-12,13.639595985412598,18.860000610351562,18.915000915527344,18.6299991607666,18.690000534057617,1045400
2018-01-16,13.654060363769531,18.8799991607666,18.959999084472656,18.860000610351562,18.924999237060547,587200
2018-01-17,13.690218925476074,18.93000030517578,19.100000381469727,18.735000610351562,18.905000686645508,787600
2018-01-18,13.625130653381348,18.84000015258789,18.934999465942383,18.825000762939453,18.924999237060547,470600
2018-01-19,13.570891380310059,18.764999389648438,18.975000381469727,18.729999542236328,18.854999542236328,621000
2018-01-22,13.628748893737793,18.844999313354492,18.90999984741211,18.7549991607666,18.81999969482422,578600
2018-01-23,13.523884773254395,18.700000762939453,18.829999923706055,18.625,18.809999465942383,787000
2018-01-24,13.545581817626953,18.729999542236328,18.799999237060547,18.545000076293945,18.78499984741211,846200
2018-01-25,13.487724304199219,18.649999618530273,18.799999237060547,18.565000534057617,18.770000457763672,691400
2018-01-26,13.625130653381348,18.84000015258789,18.844999313354492,18.670000076293945,18.670000076293945,473800
2018-01-29,13.458793640136719,18.610000610351562,18.799999237060547,18.610000610351562,18.799999237060547,705000
2018-01-30,13.455180168151855,18.604999542236328,18.639999389648438,18.4950008392334,18.614999771118164,876400
2018-01-31,13.621514320373535,18.834999084472656,18.8799991607666,18.709999084472656,18.719999313354492,784400
2018-02-01,13.411789894104004,18.545000076293945,18.770000457763672,18.53499984741211,18.760000228881836,960000
2018-02-02,13.259915351867676,18.334999084472656,18.639999389648438,18.2549991607666,18.639999389648438,1013800
2018-02-05,13.097193717956543,18.110000610351562,18.354999542236328,18.100000381469727,18.229999542236328,1245800
2018-02-06,13.15866756439209,18.19499969482422,18.329999923706055,17.770000457763672,17.93000030517578,1302600
2018-02-07,13.014026641845703,17.9950008392334,18.260000228881836,17.915000915527344,18.149999618530273,1088200
2018-02-08,12.894697189331055,17.829999923706055,18.18000030517578,17.829999923706055,17.940000534057617,985200
2018-02-09,12.887467384338379,17.81999969482422,17.905000686645508,17.53499984741211,17.850000381469727,966000
2018-02-12,12.981484413146973,17.950000762939453,18.045000076293945,17.690000534057617,17.860000610351562,1183800
2018-02-13,12.847688674926758,17.764999389648438,17.989999771118164,17.7450008392334,17.940000534057617,1149400
2018-02-14,12.818761825561523,17.725000381469727,17.770000457763672,17.530000686645508,17.700000762939453,886800
2018-02-15,13.086345672607422,18.094999313354492,18.114999771118164,17.690000534057617,17.7549991607666,869000
2018-02-16,13.071883201599121,18.075000762939453,18.25,18.024999618530273,18.05500030517578,773600
2018-02-20,13.021257400512695,18.0049991607666,18.06999969482422,17.864999771118164,17.950000762939453,898400
2018-02-21,13.227370262145996,18.290000915527344,18.354999542236328,17.975000381469727,18.0049991607666,1245800
2018-02-22,13.129739761352539,18.155000686645508,18.344999313354492,18.09000015258789,18.264999389648438,879600
2018-02-23,13.299691200256348,18.389999389648438,18.440000534057617,18.204999923706055,18.2450008392334,468400
2018-02-26,13.332233428955078,18.434999465942383,18.440000534057617,18.315000534057617,18.364999771118164,605600
2018-02-27,13.245453834533691,18.315000534057617,18.434999465942383,18.270000457763672,18.315000534057617,612800
2018-02-28,13.053799629211426,18.049999237060547,18.354999542236328,18.045000076293945,18.34000015258789,886000
2018-03-01,13.035723686218262,18.024999618530273,18.079999923706055,17.875,18.014999389648438,788600
2018-03-02,13.108041763305664,18.125,18.139999389648438,17.895000457763672,17.93000030517578,768800
2018-03-05,13.082730293273926,18.09000015258789,18.200000762939453,17.90999984741211,17.915000915527344,1118600
2018-03-06,13.205674171447754,18.260000228881836,18.270000457763672,18.125,18.2549991607666,835200
2018-03-07,13.234603881835938,18.299999237060547,18.3700008392334,18.149999618530273,18.184999465942383,1569200
2018-03-08,13.23131275177002,18.100000381469727,18.190000534057617,18.010000228881836,18.1200008392334,861200
2018-03-09,13.33365535736084,18.239999771118164,18.2450008392334,18.09000015258789,18.15999984741211,513000
2018-03-12,13.271519660949707,18.155000686645508,18.239999771118164,18.104999542236328,18.239999771118164,864200
2018-03-13,13.121664047241211,17.950000762939453,18.204999923706055,17.934999465942383,18.170000076293945,862800
2018-03-14,13.128971099853516,17.959999084472656,18.030000686645508,17.899999618530273,18.030000686645508,707600
2018-03-15,13.114351272583008,17.940000534057617,18.079999923706055,17.889999389648438,17.950000762939453,808800
2018-03-16,12.964495658874512,17.735000610351562,18.05500030517578,17.709999084472656,17.950000762939453,1749400
2018-03-19,12.927946090698242,17.684999465942383,17.7549991607666,17.56999969482422,17.71500015258789,955200
2018-03-20,12.935251235961914,17.69499969482422,17.739999771118164,17.575000762939453,17.68000030517578,1245200
2018-03-21,12.990079879760742,17.770000457763672,17.8799991607666,17.725000381469727,17.78499984741211,839600
2018-03-22,12.803672790527344,17.514999389648438,17.69499969482422,17.475000381469727,17.655000686645508,1177400
2018-03-23,12.653815269470215,17.309999465942383,17.665000915527344,17.30500030517578,17.579999923706055,902400
2018-03-26,12.598987579345703,17.235000610351562,17.389999389648438,17.139999389648438,17.375,870800
2018-03-27,12.639192581176758,17.290000915527344,17.44499969482422,17.204999923706055,17.239999771118164,842200
2018-03-28,12.71960163116455,17.399999618530273,17.485000610351562,17.260000228881836,17.274999618530273,994600
2018-03-29,12.851188659667969,17.579999923706055,17.59000015258789,17.34000015258789,17.44499969482422,622800
2018-04-02,12.697675704956055,17.3700008392334,17.584999084472656,17.325000762939453,17.584999084472656,670200
2018-04-03,12.683053016662598,17.350000381469727,17.4950008392334,17.299999237060547,17.43000030517578,680200
2018-04-04,12.781740188598633,17.485000610351562,17.514999389648438,17.184999465942383,17.290000915527344,728800
2018-04-05,12.949874877929688,17.71500015258789,17.7549991607666,17.40999984741211,17.469999313354492,946000
2018-04-06,12.869462966918945,17.604999542236328,17.8700008392334,17.55500030517578,17.719999313354492,1117200
2018-04-09,12.949874877929688,17.71500015258789,17.78499984741211,17.565000534057617,17.6299991607666,727400
2018-04-10,13.022974967956543,17.815000534057617,17.90999984741211,17.700000762939453,17.8799991607666,642600
2018-04-11,13.074146270751953,17.885000228881836,17.924999237060547,17.739999771118164,17.739999771118164,642800
2018-04-12,12.935251235961914,17.69499969482422,17.924999237060547,17.68000030517578,17.844999313354492,685400
2018-04-13,12.887736320495605,17.6299991607666,17.735000610351562,17.559999465942383,17.69499969482422,586600
2018-04-16,12.957183837890625,17.725000381469727,17.790000915527344,17.6200008392334,17.639999389648438,448800
2018-04-17,13.004701614379883,17.790000915527344,17.84000015258789,17.719999313354492,17.7549991607666,380200
2018-04-18,13.012008666992188,17.799999237060547,17.899999618530273,17.729999542236328,17.7549991607666,468200
2018-04-19,12.909667015075684,17.65999984741211,17.799999237060547,17.645000457763672,17.799999237060547,490200
2018-04-20,12.927946090698242,17.684999465942383,17.864999771118164,17.540000915527344,17.600000381469727,850000
2018-04-23,12.869462966918945,17.604999542236328,17.704999923706055,17.579999923706055,17.649999618530273,361400
2018-04-24,12.82194709777832,17.540000915527344,17.725000381469727,17.489999771118164,17.6299991607666,639800
2018-04-25,12.927946090698242,17.684999465942383,17.719999313354492,17.46500015258789,17.475000381469727,741600
2018-04-26,13.033939361572266,17.829999923706055,17.94499969482422,17.674999237060547,17.780000686645508,621000
2018-04-27,13.085110664367676,17.899999618530273,17.989999771118164,17.84000015258789,17.8799991607666,555200
2018-04-30,13.081454277038574,17.895000457763672,18.114999771118164,17.895000457763672,18.114999771118164,588200
2018-05-01,13.121664047241211,17.950000762939453,17.979999542236328,17.774999618530273,17.834999084472656,646000
2018-05-02,13.052218437194824,17.854999542236328,18.024999618530273,17.795000076293945,17.975000381469727,447200
2018-05-03,13.033939361572266,17.829999923706055,17.8799991607666,17.719999313354492,17.780000686645508,478400
2018-05-04,13.114351272583008,17.940000534057617,18.0049991607666,17.71500015258789,17.719999313354492,402200
2018-05-07,13.052218437194824,17.854999542236328,18.040000915527344,17.829999923706055,17.96500015258789,479200
2018-05-08,12.964495658874512,17.735000610351562,17.854999542236328,17.610000610351562,17.770000457763672,495000
2018-05-09,13.070490837097168,17.8799991607666,17.895000457763672,17.6200008392334,17.799999237060547,652200
2018-05-10,13.085110664367676,17.899999618530273,18.010000228881836,17.639999389648438,17.899999618530273,831200
2018-05-11,13.059526443481445,17.864999771118164,17.985000610351562,17.735000610351562,17.790000915527344,588200
2018-05-14,13.019319534301758,17.809999465942383,17.985000610351562,17.770000457763672,17.905000686645508,578000
2018-05-15,12.990079879760742,17.770000457763672,17.780000686645508,17.524999618530273,17.684999465942383,560200
2018-05-16,13.055870056152344,17.860000610351562,17.8799991607666,17.719999313354492,17.78499984741211,468000
2018-05-17,13.03028678894043,17.825000762939453,17.860000610351562,17.774999618530273,17.860000610351562,477400
2018-05-18,12.97180461883545,17.7450008392334,17.799999237060547,17.674999237060547,17.780000686645508,1116600
2018-05-21,13.033939361572266,17.829999923706055,17.834999084472656,17.690000534057617,17.825000762939453,457600
2018-05-22,12.975457191467285,17.75,17.959999084472656,17.68000030517578,17.895000457763672,549600
2018-05-23,12.942562103271484,17.704999923706055,17.760000228881836,17.6200008392334,17.684999465942383,504000
2018-05-24,12.88408088684082,17.625,17.729999542236328,17.584999084472656,17.68000030517578,912200
2018-05-25,12.902359008789062,17.649999618530273,17.670000076293945,17.4950008392334,17.559999465942383,1017200
2018-05-29,12.843873977661133,17.56999969482422,17.69499969482422,17.46500015258789,17.579999923706055,975800
2018-05-30,12.927946090698242,17.684999465942383,17.75,17.549999237060547,17.655000686645508,563400
2018-05-31,12.854844093322754,17.584999084472656,17.665000915527344,17.489999771118164,17.645000457763672,868600
2018-06-01,12.843873977661133,17.56999969482422,17.655000686645508,17.530000686645508,17.579999923706055,481800
2018-06-04,12.909667015075684,17.65999984741211,17.739999771118164,17.6200008392334,17.625,570400
2018-06-05,12.957183837890625,17.725000381469727,17.739999771118164,17.600000381469727,17.635000228881836,660000
2018-06-06,13.03028678894043,17.825000762939453,17.920000076293945,17.770000457763672,17.774999618530273,968600
2018-06-07,13.025110244750977,17.614999771118164,17.700000762939453,17.56999969482422,17.625,591600
2018-06-08,13.076869010925293,17.684999465942383,17.69499969482422,17.575000762939453,17.59000015258789,349200
2018-06-11,13.058382987976074,17.65999984741211,17.68000030517578,17.584999084472656,17.625,457200
2018-06-12,13.047290802001953,17.645000457763672,17.725000381469727,17.614999771118164,17.68000030517578,514000
2018-06-13,13.065777778625488,17.670000076293945,17.739999771118164,17.604999542236328,17.65999984741211,433000
2018-06-14,13.050990104675293,17.649999618530273,17.725000381469727,17.594999313354492,17.725000381469727,445200
2018-06-15,13.021410942077637,17.610000610351562,17.639999389648438,17.489999771118164,17.604999542236328,753600
2018-06-18,12.977046966552734,17.549999237060547,17.6299991607666,17.454999923706055,17.549999237060547,588800
2018-06-19,12.90310287475586,17.450000762939453,17.53499984741211,17.399999618530273,17.43000030517578,535000
2018-06-20,12.925285339355469,17.479999542236328,17.584999084472656,17.454999923706055,17.520000457763672,533200
2018-06-21,12.869829177856445,17.405000686645508,17.475000381469727,17.34000015258789,17.475000381469727,504400
2018-06-22,13.025110244750977,17.614999771118164,17.6299991607666,17.395000457763672,17.469999313354492,555600
2018-06-25,12.862435340881348,17.395000457763672,17.55500030517578,17.299999237060547,17.55500030517578,724800
2018-06-26,13.028804779052734,17.6200008392334,17.690000534057617,17.364999771118164,17.454999923706055,855600
2018-06-27,12.995530128479004,17.575000762939453,17.735000610351562,17.565000534057617,17.655000686645508,787400
2018-06-28,13.014017105102539,17.600000381469727,17.665000915527344,17.469999313354492,17.625,670400
2018-06-29,13.12862777709961,17.7549991607666,17.795000076293945,17.614999771118164,17.71500015258789,2096200
2018-07-02,13.069476127624512,17.674999237060547,17.75,17.614999771118164,17.739999771118164,432800
2018-07-03,13.076869010925293,17.684999465942383,17.844999313354492,17.635000228881836,17.774999618530273,426800
2018-07-05,13.091657638549805,17.704999923706055,17.795000076293945,17.594999313354492,17.78499984741211,872800
2018-07-06,13.306096076965332,17.9950008392334,18.045000076293945,17.674999237060547,17.704999923706055,599000
2018-07-09,13.27282428741455,17.950000762939453,18.03499984741211,17.875,18.03499984741211,577600
2018-07-10,13.383735656738281,18.100000381469727,18.139999389648438,17.895000457763672,17.934999465942383,564000
2018-07-11,13.276514053344727,17.954999923706055,18.174999237060547,17.94499969482422,18.059999465942383,696000
2018-07-12,13.483558654785156,18.235000610351562,18.260000228881836,17.985000610351562,17.985000610351562,442400
2018-07-13,13.487255096435547,18.239999771118164,18.264999389648438,18.125,18.174999237060547,488800
2018-07-16,13.5501070022583,18.325000762939453,18.354999542236328,18.239999771118164,18.2450008392334,372400
2018-07-17,13.502046585083008,18.260000228881836,18.344999313354492,18.225000381469727,18.290000915527344,560000
2018-07-18,13.424403190612793,18.155000686645508,18.2549991607666,18.139999389648438,18.229999542236328,433600
2018-07-19,13.36524772644043,18.075000762939453,18.1299991607666,17.985000610351562,18.024999618530273,606000
2018-07-20,13.43179702758789,18.165000915527344,18.264999389648438,18.139999389648438,18.19499969482422,522600
2018-07-23,13.357853889465332,18.065000534057617,18.165000915527344,17.989999771118164,18.165000915527344,425000
2018-07-24,13.31348705291748,18.0049991607666,18.100000381469727,17.989999771118164,18.100000381469727,452200
2018-07-25,13.331974983215332,18.030000686645508,18.100000381469727,17.934999465942383,18.084999084472656,581400
2018-07-26,13.306096076965332,17.9950008392334,18.049999237060547,17.954999923706055,18.040000915527344,763200
2018-07-27,13.350458145141602,18.05500030517578,18.09000015258789,17.959999084472656,18.049999237060547,759200
2018-07-30,13.413312911987305,18.139999389648438,18.204999923706055,18.110000610351562,18.155000686645508,441200
2018-07-31,13.490952491760254,18.2450008392334,18.385000228881836,18.135000228881836,18.184999465942383,657800
2018-08-01,13.557498931884766,18.334999084472656,18.385000228881836,18.219999313354492,18.225000381469727,654400
2018-08-02,13.47986125946045,18.229999542236328,18.31999969482422,18.09000015258789,18.31999969482422,564600
2018-08-03,13.428098678588867,18.15999984741211,18.295000076293945,17.915000915527344,18.295000076293945,686400
2018-08-06,13.542712211608887,18.315000534057617,18.360000610351562,18.09000015258789,18.28499984741211,572800
2018-08-07,13.413312911987305,18.139999389648438,18.315000534057617,18.114999771118164,18.315000534057617,750200
2018-08-08,13.483558654785156,18.235000610351562,18.260000228881836,18.03499984741211,18.125,923600
2018-08-09,13.513136863708496,18.274999618530273,18.3700008392334,18.209999084472656,18.2450008392334,667400
2018-08-10,13.331974983215332,18.030000686645508,18.229999542236328,17.969999313354492,18.229999542236328,591200
2018-08-13,13.394826889038086,18.114999771118164,18.184999465942383,18.0,18.0,490400
2018-08-14,13.616654396057129,18.415000915527344,18.424999237060547,18.209999084472656,18.2450008392334,837200
2018-08-15,13.575984954833984,18.360000610351562,18.389999389648438,18.170000076293945,18.31999969482422,651600
2018-08-16,13.635140419006348,18.440000534057617,18.604999542236328,18.395000457763672,18.399999618530273,733600
2018-08-17,13.845877647399902,18.725000381469727,18.815000534057617,18.46500015258789,18.520000457763672,807800
2018-08-20,13.79411792755127,18.655000686645508,18.774999618530273,18.540000915527344,18.71500015258789,531000
2018-08-21,13.786722183227539,18.645000457763672,18.764999389648438,18.625,18.65999984741211,572600
2018-08-22,13.760843276977539,18.610000610351562,18.735000610351562,18.55500030517578,18.614999771118164,603800
2018-08-23,13.749752044677734,18.594999313354492,18.635000228881836,18.524999618530273,18.524999618530273,590200
2018-08-24,13.757147789001465,18.604999542236328,18.700000762939453,18.559999465942383,18.674999237060547,574400
2018-08-27,13.838479995727539,18.71500015258789,18.75,18.559999465942383,18.559999465942383,560600
2018-08-28,13.805208206176758,18.670000076293945,18.834999084472656,18.579999923706055,18.774999618530273,638000
2018-08-29,13.882851600646973,18.774999618530273,18.850000381469727,18.575000762939453,18.674999237060547,798600
2018-08-30,13.83108901977539,18.704999923706055,18.80500030517578,18.670000076293945,18.684999465942383,540000
2018-08-31,13.694294929504395,18.520000457763672,18.674999237060547,18.424999237060547,18.594999313354492,931400
2018-09-04,13.509438514709473,18.270000457763672,18.420000076293945,18.2549991607666,18.344999313354492,782600
2018-09-05,13.675810813903809,18.4950008392334,18.530000686645508,18.229999542236328,18.2549991607666,843800
2018-09-06,13.805208206176758,18.670000076293945,18.68000030517578,18.424999237060547,18.479999542236328,886400
2018-09-07,13.711407661437988,18.344999313354492,18.479999542236328,18.264999389648438,18.385000228881836,684400
2018-09-10,13.72261905670166,18.360000610351562,18.44499969482422,18.315000534057617,18.389999389648438,768400
2018-09-11,13.819786071777344,18.489999771118164,18.514999389648438,18.329999923706055,18.375,615200
2018-09-12,13.849682807922363,18.530000686645508,18.649999618530273,18.485000610351562,18.545000076293945,822000
2018-09-13,13.92816162109375,18.635000228881836,18.729999542236328,18.485000610351562,18.549999237060547,656000
2018-09-14,13.838468551635742,18.514999389648438,18.635000228881836,18.475000381469727,18.635000228881836,468400
2018-09-17,13.883315086364746,18.575000762939453,18.725000381469727,18.545000076293945,18.545000076293945,496600
2018-09-18,13.909473419189453,18.610000610351562,18.645000457763672,18.524999618530273,18.565000534057617,651600
2018-09-19,13.681511878967285,18.30500030517578,18.65999984741211,18.295000076293945,18.610000610351562,864800
2018-09-20,13.759993553161621,18.40999984741211,18.5,18.295000076293945,18.40999984741211,985600
2018-09-21,13.74130630493164,18.385000228881836,18.44499969482422,18.31999969482422,18.43000030517578,955000
2018-09-24,13.591818809509277,18.184999465942383,18.415000915527344,18.1299991607666,18.405000686645508,582400
2018-09-25,13.532029151916504,18.104999542236328,18.21500015258789,18.06999969482422,18.21500015258789,667000
2018-09-26,13.715145111083984,18.350000381469727,18.44499969482422,18.125,18.125,972200
2018-09-27,13.789892196655273,18.450000762939453,18.53499984741211,18.334999084472656,18.334999084472656,1263600
2018-09-28,13.767464637756348,18.420000076293945,18.510000228881836,18.309999465942383,18.46500015258789,894200
2018-10-01,13.692721366882324,18.31999969482422,18.6200008392334,18.280000686645508,18.514999389648438,924200
2018-10-02,13.599296569824219,18.19499969482422,18.334999084472656,18.075000762939453,18.280000686645508,934200
2018-10-03,13.416183471679688,17.950000762939453,18.235000610351562,17.934999465942383,18.235000610351562,920600
2018-10-04,13.315279960632324,17.815000534057617,17.934999465942383,17.770000457763672,17.924999237060547,1132400
2018-10-05,13.31153678894043,17.809999465942383,17.899999618530273,17.739999771118164,17.834999084472656,744000
2018-10-08,13.188214302062988,17.645000457763672,17.795000076293945,17.600000381469727,17.795000076293945,625000
2018-10-09,13.105998039245605,17.53499984741211,17.704999923706055,17.4950008392334,17.604999542236328,1334600
2018-10-10,12.80329418182373,17.1299991607666,17.3799991607666,17.1299991607666,17.3799991607666,1301600
2018-10-11,12.691179275512695,16.979999542236328,17.114999771118164,16.94499969482422,17.094999313354492,1119000
2018-10-12,12.69865608215332,16.989999771118164,17.149999618530273,16.81999969482422,17.09000015258789,969600
2018-10-15,12.818243980407715,17.149999618530273,17.235000610351562,17.010000228881836,17.014999389648438,646000
2018-10-16,13.020045280456543,17.420000076293945,17.454999923706055,17.15999984741211,17.264999389648438,796200
2018-10-17,12.99388599395752,17.385000228881836,17.43000030517578,17.19499969482422,17.344999313354492,741800
2018-10-18,12.919144630432129,17.28499984741211,17.424999237060547,17.19499969482422,17.354999542236328,676200
2018-10-19,13.020045280456543,17.420000076293945,17.530000686645508,17.274999618530273,17.34000015258789,913600
2018-10-22,12.971464157104492,17.354999542236328,17.4950008392334,17.28499984741211,17.454999923706055,517200
2018-10-23,13.034996032714844,17.440000534057617,17.475000381469727,17.200000762939453,17.25,1022800
2018-10-24,13.023783683776855,17.424999237060547,17.56999969482422,17.3799991607666,17.424999237060547,1085800
2018-10-25,12.978936195373535,17.364999771118164,17.469999313354492,17.325000762939453,17.415000915527344,1061000
2018-10-26,12.80329418182373,17.1299991607666,17.325000762939453,17.0,17.235000610351562,935400
2018-10-29,12.732288360595703,17.03499984741211,17.329999923706055,16.954999923706055,17.2450008392334,749800
2018-10-30,12.818243980407715,17.149999618530273,17.204999923706055,16.9950008392334,17.030000686645508,759600
2018-10-31,12.78834342956543,17.110000610351562,17.260000228881836,17.06999969482422,17.19499969482422,843600
2018-11-01,12.93409538269043,17.30500030517578,17.385000228881836,17.170000076293945,17.235000610351562,1080400
2018-11-02,12.795820236206055,17.1200008392334,17.354999542236328,17.084999084472656,17.354999542236328,864200
2018-11-05,12.773397445678711,17.09000015258789,17.219999313354492,17.079999923706055,17.149999618530273,660800
2018-11-06,12.728551864624023,17.030000686645508,17.084999084472656,16.93000030517578,17.05500030517578,764000
2018-11-07,12.821979522705078,17.155000686645508,17.264999389648438,17.045000076293945,17.100000381469727,960800
2018-11-08,13.031258583068848,17.434999465942383,17.524999618530273,17.225000381469727,17.44499969482422,741800
2018-11-09,12.982675552368164,17.3700008392334,17.665000915527344,17.299999237060547,17.385000228881836,851800
2018-11-12,13.027521133422852,17.43000030517578,17.600000381469727,17.344999313354492,17.395000457763672,660000
2018-11-13,13.0462064743042,17.454999923706055,17.514999389648438,17.325000762939453,17.489999771118164,759200
2018-11-14,13.091049194335938,17.514999389648438,17.56999969482422,17.434999465942383,17.5049991607666,689200
2018-11-15,13.113475799560547,17.545000076293945,17.600000381469727,17.46500015258789,17.46500015258789,647200
2018-11-16,13.259218215942383,17.739999771118164,17.78499984741211,17.485000610351562,17.584999084472656,865800
2018-11-19,13.341436386108398,17.850000381469727,17.889999389648438,17.700000762939453,17.729999542236328,930000
2018-11-20,13.147106170654297,17.59000015258789,17.920000076293945,17.524999618530273,17.829999923706055,807200
2018-11-21,13.296594619750977,17.790000915527344,17.854999542236328,17.59000015258789,17.635000228881836,538800
2018-11-23,13.337700843811035,17.844999313354492,17.940000534057617,17.799999237060547,17.815000534057617,328800
2018-11-26,13.419913291931152,17.954999923706055,18.079999923706055,17.924999237060547,17.959999084472656,746600
2018-11-27,13.363860130310059,17.8799991607666,18.0049991607666,17.81999969482422,17.924999237060547,531600
2018-11-28,13.363860130310059,17.8799991607666,17.90999984741211,17.735000610351562,17.850000381469727,637600
2018-11-29,13.378806114196777,17.899999618530273,18.030000686645508,17.799999237060547,17.844999313354492,708400
2018-11-30,13.416183471679688,17.950000762939453,18.0,17.844999313354492,17.93000030517578,877200
2018-12-03,13.472233772277832,18.024999618530273,18.125,17.8799991607666,18.075000762939453,655200
2018-12-04,13.446075439453125,17.989999771118164,18.2450008392334,17.899999618530273,18.020000457763672,685400
2018-12-06,13.412439346313477,17.94499969482422,17.954999923706055,17.600000381469727,17.834999084472656,868200
2018-12-07,13.416183471679688,17.950000762939453,18.229999542236328,17.899999618530273,17.989999771118164,838400
2018-12-10,13.196550369262695,17.454999923706055,17.700000762939453,17.299999237060547,17.700000762939453,856400
2018-12-11,13.219232559204102,17.485000610351562,17.645000457763672,17.459999084472656,17.530000686645508,966200
2018-12-12,13.283493995666504,17.56999969482422,17.645000457763672,17.540000915527344,17.600000381469727,684600
2018-12-13,13.230569839477539,17.5,17.6299991607666,17.415000915527344,17.5,641600
2018-12-14,13.170088768005371,17.420000076293945,17.475000381469727,17.30500030517578,17.399999618530273,552000
2018-12-17,12.950840950012207,17.1299991607666,17.434999465942383,17.075000762939453,17.3799991607666,1391200
2018-12-18,12.841217994689941,16.985000610351562,17.204999923706055,16.940000534057617,17.100000381469727,869600
2018-12-19,12.807193756103516,16.940000534057617,17.25,16.860000610351562,17.059999465942383,1043400
2018-12-20,12.784512519836426,16.90999984741211,16.9950008392334,16.65999984741211,16.915000915527344,1158000
2018-12-21,12.459419250488281,16.479999542236328,16.979999542236328,16.44499969482422,16.8799991607666,1330200
2018-12-24,12.349796295166016,16.334999084472656,16.485000610351562,16.299999237060547,16.405000686645508,639400
2018-12-26,12.561482429504395,16.614999771118164,16.6200008392334,16.229999542236328,16.315000534057617,902000
2018-12-27,12.485878944396973,16.514999389648438,16.514999389648438,16.260000228881836,16.329999923706055,852000
2018-12-28,12.50855827331543,16.545000076293945,16.65999984741211,16.514999389648438,16.524999618530273,841800
2018-12-31,12.527461051940918,16.56999969482422,16.69499969482422,16.469999313354492,16.645000457763672,892800
2019-01-02,12.565263748168945,16.6200008392334,16.639999389648438,16.350000381469727,16.520000457763672,587200
2019-01-03,12.587944984436035,16.649999618530273,16.790000915527344,16.549999237060547,16.665000915527344,1042400
2019-01-04,12.618185997009277,16.690000534057617,16.889999389648438,16.665000915527344,16.825000762939453,629800
2019-01-07,12.739153861999512,16.850000381469727,16.885000228881836,16.674999237060547,16.739999771118164,854400
2019-01-08,12.77695369720459,16.899999618530273,16.94499969482422,16.78499984741211,16.885000228881836,988200
2019-01-09,12.916821479797363,17.084999084472656,17.100000381469727,16.825000762939453,16.934999465942383,1040400
2019-01-10,12.939497947692871,17.114999771118164,17.174999237060547,16.93000030517578,17.05500030517578,540000
2019-01-11,12.95840072631836,17.139999389648438,17.264999389648438,17.024999618530273,17.1200008392334,1163800
2019-01-14,12.99620246887207,17.190000534057617,17.325000762939453,17.1200008392334,17.139999389648438,755800
2019-01-15,12.992420196533203,17.184999465942383,17.25,17.110000610351562,17.219999313354492,653400
2019-01-16,12.977302551269531,17.165000915527344,17.260000228881836,17.1200008392334,17.200000762939453,550600
2019-01-17,13.075587272644043,17.295000076293945,17.299999237060547,17.075000762939453,17.1299991607666,660800
2019-01-18,13.158751487731934,17.405000686645508,17.43000030517578,17.290000915527344,17.354999542236328,565000
2019-01-22,13.011322021484375,17.209999084472656,17.299999237060547,17.135000228881836,17.209999084472656,749400
2019-01-23,13.064245223999023,17.280000686645508,17.344999313354492,17.2450008392334,17.2450008392334,647200
2019-01-24,13.094490051269531,17.31999969482422,17.44499969482422,17.235000610351562,17.264999389648438,875200
2019-01-25,13.196550369262695,17.454999923706055,17.454999923706055,17.309999465942383,17.375,662200
2019-01-28,13.22679328918457,17.4950008392334,17.524999618530273,17.3700008392334,17.405000686645508,805600
2019-01-29,13.128506660461426,17.364999771118164,17.5,17.299999237060547,17.5,873400
2019-01-30,13.25703239440918,17.53499984741211,17.55500030517578,17.334999084472656,17.3700008392334,711600
2019-01-31,13.241909980773926,17.514999389648438,17.549999237060547,17.424999237060547,17.530000686645508,1119400
2019-02-01,13.385558128356934,17.704999923706055,17.735000610351562,17.514999389648438,17.549999237060547,789800
2019-02-04,13.393118858337402,17.71500015258789,17.719999313354492,17.594999313354492,17.625,582200
2019-02-05,13.487624168395996,17.84000015258789,17.8799991607666,17.764999389648438,17.795000076293945,614000
2019-02-06,13.396902084350586,17.719999313354492,17.815000534057617,17.635000228881836,17.815000534057617,1159800
2019-02-07,13.400679588317871,17.725000381469727,17.739999771118164,17.594999313354492,17.674999237060547,924800
2019-02-08,13.446044921875,17.78499984741211,17.790000915527344,17.68000030517578,17.709999084472656,609000
2019-02-11,13.204109191894531,17.46500015258789,17.80500030517578,17.40999984741211,17.75,927400
2019-02-12,13.36287784576416,17.674999237060547,17.729999542236328,17.479999542236328,17.520000457763672,779000
2019-02-13,13.377999305725098,17.69499969482422,17.729999542236328,17.594999313354492,17.700000762939453,767800
2019-02-14,13.332635879516602,17.635000228881836,17.790000915527344,17.565000534057617,17.649999618530273,772600
2019-02-15,13.457382202148438,17.799999237060547,17.834999084472656,17.56999969482422,17.700000762939453,1041000
2019-02-19,13.506525993347168,17.864999771118164,17.895000457763672,17.704999923706055,17.780000686645508,841200
2019-02-20,13.487624168395996,17.84000015258789,17.895000457763672,17.774999618530273,17.834999084472656,1312400
2019-02-21,13.529205322265625,17.895000457763672,17.975000381469727,17.760000228881836,17.864999771118164,929000
2019-02-22,13.616148948669434,18.010000228881836,18.045000076293945,17.899999618530273,17.96500015258789,775400
2019-02-25,13.687973022460938,18.104999542236328,18.125,17.985000610351562,18.040000915527344,920200
2019-02-26,13.767356872558594,18.209999084472656,18.295000076293945,18.030000686645508,18.030000686645508,767600
2019-02-27,13.771134376525879,18.21500015258789,18.260000228881836,18.114999771118164,18.229999542236328,691600
2019-02-28,13.729552268981934,18.15999984741211,18.280000686645508,18.145000457763672,18.18000030517578,920800
2019-03-01,13.377999305725098,17.69499969482422,18.155000686645508,17.674999237060547,18.135000228881836,1275200
2019-03-04,13.408241271972656,17.735000610351562,17.790000915527344,17.625,17.7450008392334,961000
2019-03-05,13.35909652709961,17.670000076293945,17.790000915527344,17.649999618530273,17.729999542236328,687400
2019-03-06,13.343978881835938,17.649999618530273,17.68000030517578,17.530000686645508,17.649999618530273,687200
2019-03-07,13.366661071777344,17.68000030517578,17.829999923706055,17.649999618530273,17.71500015258789,839800
2019-03-08,13.374218940734863,17.690000534057617,17.725000381469727,17.5,17.5,799800
2019-03-11,13.483839988708496,17.834999084472656,17.854999542236328,17.65999984741211,17.65999984741211,832200
2019-03-12,13.495183944702148,17.850000381469727,17.864999771118164,17.760000228881836,17.834999084472656,622600
2019-03-13,13.589689254760742,17.975000381469727,18.010000228881836,17.864999771118164,17.864999771118164,582200
2019-03-14,13.536765098571777,17.905000686645508,18.0,17.864999771118164,17.934999465942383,747800
2019-03-15,13.63883113861084,18.040000915527344,18.079999923706055,17.924999237060547,18.0,663800
2019-03-18,13.725772857666016,18.155000686645508,18.165000915527344,17.96500015258789,18.040000915527344,1265400
2019-03-19,13.721992492675781,18.149999618530273,18.264999389648438,18.114999771118164,18.21500015258789,511000
2019-03-20,13.721992492675781,18.149999618530273,18.235000610351562,18.065000534057617,18.135000228881836,498600
2019-03-21,13.74845027923584,18.184999465942383,18.184999465942383,18.03499984741211,18.104999542236328,710800
2019-03-22,13.733333587646484,18.165000915527344,18.235000610351562,18.079999923706055,18.125,589800
2019-03-25,13.737112998962402,18.170000076293945,18.21500015258789,18.110000610351562,18.149999618530273,1000400
2019-03-26,13.790037155151367,18.239999771118164,18.31999969482422,18.19499969482422,18.204999923706055,440400
2019-03-27,13.842957496643066,18.309999465942383,18.344999313354492,18.209999084472656,18.270000457763672,693400
2019-03-28,13.963923454284668,18.469999313354492,18.55500030517578,18.315000534057617,18.350000381469727,1001400
2019-03-29,14.001727104187012,18.520000457763672,18.674999237060547,18.3799991607666,18.674999237060547,1236400
2019-04-01,14.00928783416748,18.530000686645508,18.59000015258789,18.395000457763672,18.59000015258789,724400
2019-04-02,14.073548316955566,18.614999771118164,18.625,18.434999465942383,18.520000457763672,581200
2019-04-03,14.08867073059082,18.635000228881836,18.69499969482422,18.584999084472656,18.639999389648438,548600
2019-04-04,14.058427810668945,18.594999313354492,18.649999618530273,18.545000076293945,18.635000228881836,492000
2019-04-05,13.997944831848145,18.514999389648438,18.600000381469727,18.459999084472656,18.565000534057617,598200
2019-04-08,14.092453956604004,18.639999389648438,18.674999237060547,18.479999542236328,18.53499984741211,748600
2019-04-09,14.03952693939209,18.56999969482422,18.6200008392334,18.514999389648438,18.594999313354492,969800
2019-04-10,14.126470565795898,18.684999465942383,18.709999084472656,18.565000534057617,18.579999923706055,387800
2019-04-11,14.100013732910156,18.649999618530273,18.799999237060547,18.600000381469727,18.655000686645508,627200
2019-04-12,14.183173179626465,18.760000228881836,18.764999389648438,18.56999969482422,18.68000030517578,672800
2019-04-15,14.224757194519043,18.815000534057617,18.860000610351562,18.75,18.75,410200
2019-04-16,14.23609733581543,18.829999923706055,18.920000076293945,18.770000457763672,18.770000457763672,447400
2019-04-17,14.149147987365723,18.71500015258789,18.889999389648438,18.674999237060547,18.889999389648438,557400
2019-04-18,14.107571601867676,18.65999984741211,18.65999984741211,18.344999313354492,18.655000686645508,783200
2019-04-22,13.994166374206543,18.510000228881836,18.684999465942383,18.5,18.68000030517578,494200
2019-04-23,13.88076114654541,18.360000610351562,18.5,18.274999618530273,18.5,862200
2019-04-24,13.88076114654541,18.360000610351562,18.424999237060547,18.2549991607666,18.34000015258789,779800
2019-04-25,13.831618309020996,18.295000076293945,18.395000457763672,18.2450008392334,18.395000457763672,743400
2019-04-26,13.865635871887207,18.34000015258789,18.389999389648438,18.295000076293945,18.295000076293945,2562600
2019-04-29,13.816499710083008,18.274999618530273,18.389999389648438,18.270000457763672,18.375,562000
2019-04-30,13.926121711730957,18.420000076293945,18.44499969482422,18.190000534057617,18.315000534057617,562800
2019-05-01,13.835396766662598,18.299999237060547,18.450000762939453,18.295000076293945,18.420000076293945,532600
2019-05-02,13.865635871887207,18.34000015258789,18.395000457763672,18.209999084472656,18.274999618530273,588200
2019-05-03,13.945022583007812,18.44499969482422,18.479999542236328,18.325000762939453,18.325000762939453,431600
2019-05-06,13.911002159118652,18.399999618530273,18.450000762939453,18.290000915527344,18.364999771118164,627400
2019-05-07,13.865635871887207,18.34000015258789,18.415000915527344,18.260000228881836,18.299999237060547,881400
2019-05-08,13.835396766662598,18.299999237060547,18.53499984741211,18.290000915527344,18.360000610351562,1165600
2019-05-09,13.733333587646484,18.165000915527344,18.315000534057617,17.905000686645508,18.315000534057617,851400
2019-05-10,13.846738815307617,18.315000534057617,18.424999237060547,18.05500030517578,18.145000457763672,814800
2019-05-13,13.793818473815918,18.2450008392334,18.2549991607666,18.09000015258789,18.229999542236328,731200
2019-05-14,13.805159568786621,18.260000228881836,18.28499984741211,18.15999984741211,18.219999313354492,649400
2019-05-15,13.812718391418457,18.270000457763672,18.3700008392334,18.225000381469727,18.2450008392334,573000
2019-05-16,13.907220840454102,18.395000457763672,18.4950008392334,18.30500030517578,18.30500030517578,618000
2019-05-17,13.858078956604004,18.329999923706055,18.40999984741211,18.260000228881836,18.364999771118164,704200
2019-05-20,13.797595024108887,18.25,18.375,18.235000610351562,18.344999313354492,332600
2019-05-21,14.058427810668945,18.594999313354492,18.594999313354492,18.360000610351562,18.360000610351562,1057200
2019-05-22,14.028188705444336,18.55500030517578,18.6299991607666,18.485000610351562,18.53499984741211,746200
2019-05-23,14.164274215698242,18.735000610351562,18.829999923706055,18.420000076293945,18.46500015258789,860600
2019-05-24,14.149147987365723,18.71500015258789,18.850000381469727,18.670000076293945,18.770000457763672,541600
2019-05-28,14.122692108154297,18.68000030517578,18.850000381469727,18.674999237060547,18.7549991607666,786800
2019-05-29,14.024401664733887,18.549999237060547,18.71500015258789,18.510000228881836,18.690000534057617,901200
2019-05-30,14.020628929138184,18.545000076293945,18.604999542236328,18.440000534057617,18.565000534057617,863400
2019-05-31,13.945022583007812,18.44499969482422,18.485000610351562,18.389999389648438,18.40999984741211,745800
2019-06-03,14.118910789489746,18.674999237060547,18.719999313354492,18.450000762939453,18.459999084472656,740400
2019-06-04,14.213414192199707,18.799999237060547,18.815000534057617,18.674999237060547,18.774999618530273,958800
2019-06-05,14.292799949645996,18.905000686645508,19.049999237060547,18.8799991607666,18.905000686645508,1025200
2019-06-06,14.413763999938965,19.065000534057617,19.145000457763672,19.0,19.0049991607666,992000
2019-06-07,14.402677536010742,18.84000015258789,19.084999084472656,18.81999969482422,19.030000686645508,999800
2019-06-10,14.444722175598145,18.895000457763672,18.90999984741211,18.7549991607666,18.844999313354492,709600
2019-06-11,14.38356876373291,18.815000534057617,18.94499969482422,18.780000686645508,18.889999389648438,753800
2019-06-12,14.379745483398438,18.809999465942383,18.895000457763672,18.780000686645508,18.834999084472656,951200
2019-06-13,13.978397369384766,18.28499984741211,19.15999984741211,18.25,19.15999984741211,1989800
2019-06-14,13.84461498260498,18.110000610351562,18.25,17.954999923706055,18.25,1495000
2019-06-17,13.722299575805664,17.950000762939453,18.125,17.81999969482422,18.110000610351562,907400
2019-06-18,13.913414001464844,18.200000762939453,18.270000457763672,18.014999389648438,18.014999389648438,779000
2019-06-19,14.024263381958008,18.344999313354492,18.360000610351562,18.21500015258789,18.225000381469727,704400
2019-06-20,14.05484390258789,18.385000228881836,18.489999771118164,18.235000610351562,18.469999313354492,697800
2019-06-21,13.963107109069824,18.264999389648438,18.3799991607666,18.2549991607666,18.325000762939453,713800
2019-06-24,14.035731315612793,18.360000610351562,18.454999923706055,18.30500030517578,18.30500030517578,1343400
2019-06-25,14.024263381958008,18.344999313354492,18.420000076293945,18.295000076293945,18.399999618530273,1331200
2019-06-26,14.016618728637695,18.334999084472656,18.40999984741211,18.295000076293945,18.40999984741211,815400
2019-06-27,14.104534149169922,18.450000762939453,18.4950008392334,18.280000686645508,18.350000381469727,743200
2019-06-28,14.108355522155762,18.454999923706055,18.559999465942383,18.399999618530273,18.459999084472656,853000
2019-07-01,14.131291389465332,18.485000610351562,18.540000915527344,18.405000686645508,18.489999771118164,385200
2019-07-02,14.280365943908691,18.68000030517578,18.700000762939453,18.434999465942383,18.565000534057617,680200
2019-07-03,14.265074729919434,18.65999984741211,18.8799991607666,18.645000457763672,18.75,770400
2019-07-05,14.352989196777344,18.774999618530273,18.795000076293945,18.510000228881836,18.625,1058000
2019-07-08,14.226848602294922,18.610000610351562,18.7450008392334,18.579999923706055,18.725000381469727,638400
2019-07-09,14.276541709899902,18.674999237060547,18.704999923706055,18.520000457763672,18.55500030517578,658600
2019-07-10,14.257429122924805,18.649999618530273,18.834999084472656,18.565000534057617,18.735000610351562,686400
2019-07-11,14.326228141784668,18.739999771118164,18.795000076293945,18.635000228881836,18.655000686645508,1032000
2019-07-12,14.307119369506836,18.71500015258789,18.834999084472656,18.639999389648438,18.780000686645508,701200
2019-07-15,14.299473762512207,18.704999923706055,18.774999618530273,18.670000076293945,18.71500015258789,295800
2019-07-16,14.11600112915039,18.46500015258789,18.719999313354492,18.399999618530273,18.719999313354492,897400
2019-07-17,14.234492301940918,18.6200008392334,18.625,18.510000228881836,18.510000228881836,667600
2019-07-18,14.192450523376465,18.565000534057617,18.625,18.485000610351562,18.579999923706055,543000
2019-07-19,14.112176895141602,18.459999084472656,18.6200008392334,18.459999084472656,18.575000762939453,884800
2019-07-22,13.95163631439209,18.25,18.479999542236328,18.25,18.44499969482422,811800
2019-07-23,13.970748901367188,18.274999618530273,18.274999618530273,18.100000381469727,18.25,831800
2019-07-24,13.921060562133789,18.209999084472656,18.30500030517578,18.165000915527344,18.28499984741211,740000
2019-07-25,13.775812149047852,18.020000457763672,18.260000228881836,17.989999771118164,18.260000228881836,842400
2019-07-26,13.783456802368164,18.030000686645508,18.059999465942383,17.885000228881836,18.040000915527344,677000
2019-07-29,13.863726615905762,18.135000228881836,18.204999923706055,18.024999618530273,18.059999465942383,676400
2019-07-30,13.7337646484375,17.96500015258789,18.100000381469727,17.90999984741211,18.100000381469727,955400
2019-07-31,13.726118087768555,17.954999923706055,18.040000915527344,17.815000534057617,17.979999542236328,806400
2019-08-01,13.829323768615723,18.09000015258789,18.219999313354492,17.889999389648438,17.940000534057617,991000
2019-08-02,13.821678161621094,18.079999923706055,18.204999923706055,17.979999542236328,18.09000015258789,705800
2019-08-05,13.634380340576172,17.834999084472656,17.9950008392334,17.790000915527344,17.8799991607666,685400
2019-08-06,13.592338562011719,17.780000686645508,18.0049991607666,17.665000915527344,17.959999084472656,858400
2019-08-07,13.695540428161621,17.915000915527344,17.9950008392334,17.6200008392334,17.665000915527344,725000
2019-08-08,13.771984100341797,18.014999389648438,18.104999542236328,17.885000228881836,17.940000534057617,589200
2019-08-09,13.75670051574707,17.9950008392334,18.065000534057617,17.90999984741211,17.96500015258789,528400
2019-08-12,13.680252075195312,17.895000457763672,18.100000381469727,17.875,17.985000610351562,576600
2019-08-13,13.794922828674316,18.045000076293945,18.1299991607666,17.8700008392334,17.885000228881836,698000
2019-08-14,13.63820743560791,17.84000015258789,17.940000534057617,17.790000915527344,17.8799991607666,807600
2019-08-15,13.7337646484375,17.96500015258789,17.985000610351562,17.790000915527344,17.80500030517578,876800
2019-08-16,13.833145141601562,18.094999313354492,18.125,18.0,18.065000534057617,736200
2019-08-19,13.882837295532227,18.15999984741211,18.184999465942383,17.790000915527344,18.100000381469727,630200
2019-08-20,13.687895774841309,17.905000686645508,18.145000457763672,17.895000457763672,18.1299991607666,670000
2019-08-21,13.714653968811035,17.940000534057617,18.045000076293945,17.864999771118164,17.9950008392334,588800
2019-08-22,13.649674415588379,17.854999542236328,17.954999923706055,17.78499984741211,17.954999923706055,721400
2019-08-23,13.584692001342773,17.770000457763672,17.889999389648438,17.684999465942383,17.8700008392334,826200
2019-08-26,13.584692001342773,17.770000457763672,17.81999969482422,17.649999618530273,17.81999969482422,1004400
2019-08-27,13.477665901184082,17.6299991607666,17.8700008392334,17.6299991607666,17.799999237060547,1098600
2019-08-28,13.615266799926758,17.809999465942383,17.864999771118164,17.59000015258789,17.6299991607666,1295600
2019-08-29,13.821678161621094,18.079999923706055,18.1200008392334,17.80500030517578,17.80500030517578,1429200
2019-08-30,13.859901428222656,18.1299991607666,18.270000457763672,18.094999313354492,18.114999771118164,1283600
2019-09-03,13.943997383117676,18.239999771118164,18.264999389648438,18.040000915527344,18.040000915527344,1747200
2019-09-04,14.058667182922363,18.389999389648438,18.44499969482422,18.280000686645508,18.280000686645508,903200
2019-09-05,14.047201156616211,18.375,18.559999465942383,18.325000762939453,18.469999313354492,946000
2019-09-06,14.180977821350098,18.549999237060547,18.579999923706055,18.415000915527344,18.415000915527344,945600
2019-09-09,14.164355278015137,18.315000534057617,18.420000076293945,18.2450008392334,18.395000457763672,900800
2019-09-10,14.172087669372559,18.325000762939453,18.375,18.260000228881836,18.31999969482422,734400
2019-09-11,14.110217094421387,18.2450008392334,18.344999313354492,18.235000610351562,18.344999313354492,863000
2019-09-12,14.187554359436035,18.344999313354492,18.415000915527344,18.139999389648438,18.25,1045400
2019-09-13,14.087017059326172,18.21500015258789,18.3700008392334,18.165000915527344,18.30500030517578,824000
2019-09-16,14.03674602508545,18.149999618530273,18.200000762939453,18.075000762939453,18.149999618530273,693400
2019-09-17,14.199156761169434,18.360000610351562,18.424999237060547,18.094999313354492,18.094999313354492,772600
2019-09-18,14.233956336975098,18.405000686645508,18.46500015258789,18.31999969482422,18.354999542236328,509600
2019-09-19,14.210756301879883,18.375,18.5,18.3700008392334,18.43000030517578,466600
2019-09-20,14.291959762573242,18.479999542236328,18.510000228881836,18.360000610351562,18.420000076293945,860000
2019-09-23,14.12955093383789,18.270000457763672,18.485000610351562,18.2450008392334,18.485000610351562,640400
2019-09-24,14.087017059326172,18.21500015258789,18.315000534057617,18.155000686645508,18.280000686645508,644000
2019-09-25,13.916874885559082,17.9950008392334,18.219999313354492,17.9950008392334,18.165000915527344,834600
2019-09-26,13.820199966430664,17.8700008392334,18.045000076293945,17.8700008392334,17.975000381469727,732200
2019-09-27,13.669391632080078,17.674999237060547,17.934999465942383,17.55500030517578,17.934999465942383,1168400
2019-09-30,13.773797988891602,17.809999465942383,17.94499969482422,17.7450008392334,17.790000915527344,1381800
2019-10-01,13.882072448730469,17.950000762939453,18.045000076293945,17.799999237060547,17.799999237060547,1139000
2019-10-02,13.711928367614746,17.729999542236328,17.950000762939453,17.600000381469727,17.950000762939453,1394200
2019-10-03,13.769930839538574,17.80500030517578,17.8799991607666,17.69499969482422,17.75,1025200
2019-10-04,13.824068069458008,17.875,17.885000228881836,17.739999771118164,17.850000381469727,643000
2019-10-07,13.824068069458008,17.875,17.934999465942383,17.829999923706055,17.850000381469727,538200
2019-10-08,13.708063125610352,17.725000381469727,17.860000610351562,17.719999313354492,17.84000015258789,749800
2019-10-09,13.789265632629395,17.829999923706055,17.875,17.700000762939453,17.725000381469727,946200
2019-10-10,13.882072448730469,17.950000762939453,18.075000762939453,17.850000381469727,17.850000381469727,677600
2019-10-11,13.963274955749512,18.05500030517578,18.200000762939453,18.040000915527344,18.079999923706055,673400
2019-10-14,13.889805793762207,17.959999084472656,18.030000686645508,17.915000915527344,18.030000686645508,268200
2019-10-15,13.947811126708984,18.03499984741211,18.09000015258789,17.924999237060547,17.969999313354492,587600
2019-10-16,13.994210243225098,18.094999313354492,18.145000457763672,18.0,18.030000686645508,442400
2019-10-17,14.001948356628418,18.104999542236328,18.239999771118164,18.065000534057617,18.125,437800
2019-10-18,14.048345565795898,18.165000915527344,18.229999542236328,18.094999313354492,18.125,530200
2019-10-21,14.164355278015137,18.315000534057617,18.3700008392334,18.190000534057617,18.190000534057617,932200
2019-10-22,14.14115047454834,18.28499984741211,18.420000076293945,18.264999389648438,18.334999084472656,2695600
2019-10-23,13.545652389526367,17.514999389648438,18.155000686645508,17.485000610351562,18.149999618530273,1671800
2019-10-24,13.584325790405273,17.565000534057617,17.7450008392334,17.479999542236328,17.55500030517578,1093000
2019-10-25,13.619123458862305,17.610000610351562,17.655000686645508,17.5,17.584999084472656,1061800
2019-10-28,13.619123458862305,17.610000610351562,17.725000381469727,17.600000381469727,17.639999389648438,706400
2019-10-29,13.657793998718262,17.65999984741211,17.7450008392334,17.575000762939453,17.575000762939453,666400
2019-10-30,13.75059986114502,17.780000686645508,17.795000076293945,17.645000457763672,17.704999923706055,614400
2019-10-31,13.754467964172363,17.78499984741211,17.850000381469727,17.735000610351562,17.84000015258789,577600
2019-11-01,13.711928367614746,17.729999542236328,17.864999771118164,17.684999465942383,17.825000762939453,702400
2019-11-04,13.680994987487793,17.690000534057617,17.78499984741211,17.670000076293945,17.7549991607666,668000
2019-11-05,13.75059986114502,17.780000686645508,17.875,17.690000534057617,17.709999084472656,836400
2019-11-06,13.878202438354492,17.94499969482422,17.969999313354492,17.735000610351562,17.834999084472656,869600
2019-11-07,14.462100982666016,18.700000762939453,18.825000762939453,18.059999465942383,18.059999465942383,1413200
2019-11-08,14.581974029541016,18.854999542236328,18.854999542236328,18.649999618530273,18.665000915527344,1050600
2019-11-11,14.543307304382324,18.80500030517578,18.834999084472656,18.739999771118164,18.770000457763672,486000
2019-11-12,14.628376960754395,18.915000915527344,18.950000762939453,18.704999923706055,18.790000915527344,762800
2019-11-13,14.732784271240234,19.049999237060547,19.110000610351562,18.80500030517578,18.915000915527344,776000
2019-11-14,14.6786470413208,18.979999542236328,19.049999237060547,18.93000030517578,19.045000076293945,527200
2019-11-15,14.75985050201416,19.084999084472656,19.100000381469727,18.975000381469727,18.975000381469727,408000
2019-11-18,14.697980880737305,19.0049991607666,19.104999542236328,18.934999465942383,19.06999969482422,763200
2019-11-19,14.551042556762695,18.815000534057617,19.020000457763672,18.760000228881836,18.96500015258789,779800
2019-11-20,14.554905891418457,18.81999969482422,18.8799991607666,18.655000686645508,18.790000915527344,645800
2019-11-21,14.523974418640137,18.780000686645508,18.864999771118164,18.725000381469727,18.834999084472656,474600
2019-11-22,14.496906280517578,18.7450008392334,18.809999465942383,18.700000762939453,18.809999465942383,2402000
2019-11-25,14.500772476196289,18.75,18.84000015258789,18.725000381469727,18.770000457763672,639600
2019-11-26,14.551042556762695,18.815000534057617,18.834999084472656,18.584999084472656,18.68000030517578,1105200
2019-11-27,14.581974029541016,18.854999542236328,18.920000076293945,18.780000686645508,18.780000686645508,1109000
2019-11-29,14.597442626953125,18.875,18.90999984741211,18.81999969482422,18.854999542236328,279200
2019-12-02,14.543307304382324,18.80500030517578,18.924999237060547,18.764999389648438,18.860000610351562,1096200
2019-12-03,14.508504867553711,18.760000228881836,18.860000610351562,18.69499969482422,18.764999389648438,674000
2019-12-04,14.690247535705566,18.9950008392334,19.020000457763672,18.795000076293945,18.864999771118164,821400
2019-12-05,14.918395042419434,19.290000915527344,19.30500030517578,19.049999237060547,19.049999237060547,1327800
2019-12-06,14.937726974487305,19.315000534057617,19.385000228881836,19.239999771118164,19.280000686645508,1172800
2019-12-09,15.011200904846191,19.40999984741211,19.44499969482422,19.299999237060547,19.334999084472656,989400
2019-12-10,14.831282615661621,18.959999084472656,19.225000381469727,18.940000534057617,19.100000381469727,972600
2019-12-11,14.889949798583984,19.03499984741211,19.065000534057617,18.885000228881836,18.94499969482422,712200
2019-12-12,14.858660697937012,18.9950008392334,19.104999542236328,18.979999542236328,19.040000915527344,775200
2019-12-13,14.807816505432129,18.93000030517578,19.030000686645508,18.844999313354492,18.979999542236328,783200
2019-12-16,14.858660697937012,18.9950008392334,19.104999542236328,18.96500015258789,19.0049991607666,784400
2019-12-17,14.909506797790527,19.059999465942383,19.1200008392334,18.9950008392334,19.020000457763672,902800
2019-12-18,14.925150871276855,19.079999923706055,19.110000610351562,18.8700008392334,19.094999313354492,907400
2019-12-19,14.98773193359375,19.15999984741211,19.19499969482422,19.030000686645508,19.084999084472656,821400
2019-12-20,15.011199951171875,19.190000534057617,19.260000228881836,19.075000762939453,19.204999923706055,987000
2019-12-23,15.026841163635254,19.209999084472656,19.25,19.170000076293945,19.200000762939453,591200
2019-12-24,14.991642951965332,19.165000915527344,19.209999084472656,19.09000015258789,19.209999084472656,319400
2019-12-26,14.999466896057129,19.174999237060547,19.200000762939453,19.114999771118164,19.165000915527344,440000
2019-12-27,15.108977317810059,19.315000534057617,19.325000762939453,19.209999084472656,19.219999313354492,608200
2019-12-30,15.101158142089844,19.30500030517578,19.344999313354492,19.264999389648438,19.325000762939453,706800
2019-12-31,15.148094177246094,19.364999771118164,19.40999984741211,19.280000686645508,19.280000686645508,832400
2020-01-02,15.183293342590332,19.40999984741211,19.424999237060547,19.315000534057617,19.420000076293945,636000
2020-01-03,15.140270233154297,19.354999542236328,19.469999313354492,19.30500030517578,19.30500030517578,739600
2020-01-06,15.175469398498535,19.399999618530273,19.424999237060547,19.280000686645508,19.290000915527344,797600
2020-01-07,15.191113471984863,19.420000076293945,19.475000381469727,19.309999465942383,19.354999542236328,644000
2020-01-08,15.167647361755371,19.389999389648438,19.540000915527344,19.344999313354492,19.395000457763672,818800
2020-01-09,15.026841163635254,19.209999084472656,19.415000915527344,19.184999465942383,19.354999542236328,730600
2020-01-10,15.058134078979492,19.25,19.34000015258789,19.239999771118164,19.280000686645508,691600
2020-01-13,15.089424133300781,19.290000915527344,19.299999237060547,19.18000030517578,19.2450008392334,628200
2020-01-14,15.050312042236328,19.239999771118164,19.264999389648438,19.184999465942383,19.264999389648438,685800
2020-01-15,15.116801261901855,19.325000762939453,19.360000610351562,19.21500015258789,19.235000610351562,739600
2020-01-16,15.245868682861328,19.489999771118164,19.540000915527344,19.280000686645508,19.360000610351562,581200
2020-01-17,15.359295845031738,19.635000228881836,19.635000228881836,19.450000762939453,19.489999771118164,513000
2020-01-21,15.437520980834961,19.735000610351562,19.7450008392334,19.6200008392334,19.639999389648438,726400
2020-01-22,15.480545043945312,19.790000915527344,19.885000228881836,19.725000381469727,19.75,683200
2020-01-23,15.527477264404297,19.850000381469727,19.885000228881836,19.704999923706055,19.790000915527344,1044200
2020-01-24,15.570504188537598,19.905000686645508,19.954999923706055,19.860000610351562,19.875,723200
2020-01-27,15.664368629455566,20.024999618530273,20.100000381469727,19.69499969482422,19.729999542236328,905000
2020-01-28,15.899043083190918,20.325000762939453,20.34000015258789,19.985000610351562,20.0049991607666,794200
2020-01-29,15.730863571166992,20.110000610351562,20.354999542236328,20.045000076293945,20.299999237060547,1142400
2020-01-30,15.773885726928711,20.165000915527344,20.184999465942383,19.989999771118164,20.075000762939453,887800
2020-01-31,15.687838554382324,20.05500030517578,20.125,19.899999618530273,20.125,988000
2020-02-03,15.633078575134277,19.985000610351562,20.165000915527344,19.979999542236328,20.125,708200
2020-02-04,15.726947784423828,20.104999542236328,20.149999618530273,20.040000915527344,20.1299991607666,684800
2020-02-05,15.723037719726562,20.100000381469727,20.21500015258789,20.06999969482422,20.174999237060547,1156400
2020-02-06,15.906864166259766,20.334999084472656,20.360000610351562,20.135000228881836,20.135000228881836,1725800
2020-02-07,16.03984260559082,20.5049991607666,20.5049991607666,20.270000457763672,20.360000610351562,1656600
2020-02-10,16.17282485961914,20.674999237060547,20.684999465942383,20.420000076293945,20.420000076293945,1072800
2020-02-11,16.215845108032227,20.729999542236328,20.8799991607666,20.645000457763672,20.65999984741211,1102600
2020-02-12,16.33709716796875,20.885000228881836,20.905000686645508,20.71500015258789,20.780000686645508,994400
2020-02-13,16.082866668701172,20.559999465942383,20.71500015258789,20.18000030517578,20.639999389648438,1860600
2020-02-14,15.863845825195312,20.280000686645508,20.489999771118164,20.084999084472656,20.434999465942383,1632200
2020-02-18,15.969443321228027,20.415000915527344,20.459999084472656,20.104999542236328,20.280000686645508,1232600
2020-02-19,15.887303352355957,20.309999465942383,20.4950008392334,20.084999084472656,20.4950008392334,1459600
2020-02-20,15.347564697265625,19.6200008392334,19.625,19.40999984741211,19.46500015258789,2463600
2020-02-21,15.347564697265625,19.6200008392334,19.700000762939453,19.549999237060547,19.600000381469727,1085600
2020-02-24,15.136359214782715,19.350000381469727,19.5049991607666,19.274999618530273,19.31999969482422,1322000
2020-02-25,14.94861888885498,19.110000610351562,19.420000076293945,19.079999923706055,19.3700008392334,1138000
2020-02-26,14.807816505432129,18.93000030517578,19.329999923706055,18.864999771118164,19.125,1437800
2020-02-27,14.627899169921875,18.700000762939453,18.875,18.4950008392334,18.75,3020200
2020-02-28,14.185935974121094,18.135000228881836,18.475000381469727,17.8700008392334,18.40999984741211,3130600
2020-03-02,14.68657112121582,18.774999618530273,18.84000015258789,18.084999084472656,18.170000076293945,2180200
2020-03-03,14.569232940673828,18.625,19.114999771118164,18.575000762939453,18.739999771118164,2081400
2020-03-04,15.011199951171875,19.190000534057617,19.200000762939453,18.795000076293945,18.90999984741211,1194600
2020-03-05,14.67092227935791,18.7549991607666,19.270000457763672,18.549999237060547,18.989999771118164,3157200
2020-03-06,14.569232940673828,18.625,18.725000381469727,18.19499969482422,18.485000610351562,2143400
2020-03-09,13.564054489135742,17.34000015258789,18.235000610351562,17.260000228881836,17.774999618530273,2675400
2020-03-10,14.033282279968262,17.719999313354492,17.764999389648438,17.19499969482422,17.3700008392334,2541400
2020-03-11,13.617506980895996,17.19499969482422,17.635000228881836,17.030000686645508,17.4950008392334,2330000
2020-03-12,11.752477645874023,14.84000015258789,16.600000381469727,14.739999771118164,16.424999237060547,2356000
2020-03-13,13.237374305725098,16.71500015258789,16.71500015258789,15.149999618530273,15.300000190734863,1999800
2020-03-16,11.471336364746094,14.484999656677246,15.404999732971191,13.755000114440918,14.420000076293945,3186800
2020-03-17,12.298918724060059,15.529999732971191,15.760000228881836,14.614999771118164,14.614999771118164,1685800
2020-03-18,11.617846488952637,14.670000076293945,15.789999961853027,14.15999984741211,14.8100004196167,1200700
2020-03-19,12.291000366210938,15.520000457763672,15.720000267028809,14.34000015258789,14.579999923706055,1245900
2020-03-20,11.704959869384766,14.779999732971191,16.079999923706055,14.75,15.6899995803833,1168700
2020-03-23,10.841739654541016,13.6899995803833,15.069999694824219,13.630000114440918,14.520000457763672,2548100
2020-03-24,11.245631217956543,14.199999809265137,14.479999542236328,13.539999961853027,14.260000228881836,2317300
2020-03-25,11.934624671936035,15.069999694824219,15.789999961853027,14.039999961853027,14.369999885559082,2127000
2020-03-26,12.314759254455566,15.550000190734863,15.850000381469727,15.0,15.170000076293945,1781900
2020-03-27,12.013818740844727,15.170000076293945,15.680000305175781,14.90999984741211,15.199999809265137,1868900
2020-03-30,12.005899429321289,15.15999984741211,15.34000015258789,14.729999542236328,15.260000228881836,1299500
2020-03-31,12.496905326843262,15.779999732971191,15.84000015258789,14.890000343322754,15.100000381469727,2142100
2020-04-01,12.227643966674805,15.4399995803833,15.5600004196167,15.199999809265137,15.329999923706055,2253100
2020-04-02,12.560260772705078,15.859999656677246,15.949999809265137,15.3100004196167,15.399999618530273,1366400
2020-04-03,12.496905326843262,15.779999732971191,16.06999969482422,15.600000381469727,15.779999732971191,1308100
2020-04-06,13.003752708435059,16.420000076293945,16.489999771118164,16.040000915527344,16.34000015258789,1259700
2020-04-07,13.019591331481934,16.440000534057617,17.040000915527344,16.420000076293945,16.639999389648438,1140700
2020-04-08,12.663213729858398,15.989999771118164,16.530000686645508,15.9399995803833,16.290000915527344,832000
2020-04-09,12.631536483764648,15.949999809265137,16.329999923706055,15.8100004196167,16.06999969482422,1085700
2020-04-13,12.845361709594727,16.219999313354492,16.290000915527344,15.649999618530273,16.0,861100
2020-04-14,13.2730131149292,16.760000228881836,16.790000915527344,16.43000030517578,16.719999313354492,1063600
2020-04-15,12.805765151977539,16.170000076293945,16.579999923706055,16.0,16.440000534057617,1127500
2020-04-16,12.58402156829834,15.890000343322754,16.459999084472656,15.850000381469727,16.299999237060547,951400
2020-04-17,12.853282928466797,16.229999542236328,16.299999237060547,15.960000038146973,16.290000915527344,1164400
2020-04-20,12.639458656311035,15.960000038146973,16.329999923706055,15.850000381469727,16.079999923706055,1246000
2020-04-21,12.17220687866211,15.369999885559082,15.760000228881836,15.329999923706055,15.699999809265137,1734300
2020-04-22,12.528583526611328,15.819999694824219,15.890000343322754,15.369999885559082,15.699999809265137,1685600
2020-04-23,12.54442310333252,15.84000015258789,16.170000076293945,15.729999542236328,15.9399995803833,2121500
2020-04-24,12.68697452545166,16.020000457763672,16.110000610351562,15.779999732971191,15.859999656677246,1170900
2020-04-27,12.81368350982666,16.18000030517578,16.200000762939453,15.930000305175781,16.09000015258789,1075600
2020-04-28,12.900798797607422,16.290000915527344,16.43000030517578,16.15999984741211,16.420000076293945,772700
2020-04-29,13.209656715393066,16.68000030517578,16.809999465942383,16.469999313354492,16.520000457763672,2564800
2020-04-30,12.94831657409668,16.350000381469727,16.709999084472656,16.100000381469727,16.6200008392334,1730700
2020-05-01,12.671133041381836,16.0,16.209999084472656,15.930000305175781,16.200000762939453,852900
2020-05-04,12.758249282836914,16.110000610351562,16.15999984741211,15.84000015258789,15.859999656677246,1031200
2020-05-05,12.805765151977539,16.170000076293945,16.3700008392334,16.09000015258789,16.25,1117600
2020-05-06,12.766167640686035,16.1200008392334,16.31999969482422,16.06999969482422,16.149999618530273,1112100
2020-05-07,12.853282928466797,16.229999542236328,16.350000381469727,16.040000915527344,16.350000381469727,1932900
2020-05-08,12.98791217803955,16.399999618530273,16.520000457763672,16.309999465942383,16.420000076293945,855000
2020-05-11,13.090868949890137,16.530000686645508,16.56999969482422,16.239999771118164,16.299999237060547,1203700
2020-05-12,12.861199378967285,16.239999771118164,16.690000534057617,16.239999771118164,16.6200008392334,1532100
2020-05-13,12.528583526611328,15.819999694824219,16.329999923706055,15.710000038146973,16.270000457763672,1212400
2020-05-14,12.663213729858398,15.989999771118164,16.06999969482422,15.600000381469727,15.65999984741211,1101600
2020-05-15,12.639458656311035,15.960000038146973,16.15999984741211,15.789999961853027,15.989999771118164,952900
2020-05-18,12.845361709594727,16.219999313354492,16.329999923706055,16.110000610351562,16.139999389648438,909800
2020-05-19,12.877039909362793,16.260000228881836,16.440000534057617,16.1200008392334,16.329999923706055,1007000
2020-05-20,12.821603775024414,16.190000534057617,16.440000534057617,16.18000030517578,16.399999618530273,890000
2020-05-21,12.805765151977539,16.170000076293945,16.270000457763672,16.100000381469727,16.149999618530273,714300
2020-05-22,12.805765151977539,16.170000076293945,16.200000762939453,15.970000267028809,16.100000381469727,1136800
2020-05-26,13.352206230163574,16.860000610351562,16.90999984741211,16.459999084472656,16.5,1595500
2020-05-27,13.439322471618652,16.969999313354492,17.100000381469727,16.790000915527344,17.040000915527344,2033800
2020-05-28,13.605630874633789,17.18000030517578,17.260000228881836,16.920000076293945,16.959999084472656,1351800
2020-05-29,13.748183250427246,17.360000610351562,17.3700008392334,17.100000381469727,17.190000534057617,3683400
2020-06-01,13.938247680664062,17.600000381469727,17.6200008392334,17.3799991607666,17.389999389648438,1237300
2020-06-02,14.231266021728516,17.969999313354492,18.0,17.670000076293945,17.690000534057617,1205500
2020-06-03,14.405496597290039,18.190000534057617,18.229999542236328,18.020000457763672,18.09000015258789,1197100
2020-06-04,14.429254531860352,18.219999313354492,18.219999313354492,18.06999969482422,18.170000076293945,978900
2020-06-05,14.690594673156738,18.549999237060547,18.709999084472656,18.43000030517578,18.479999542236328,966800
2020-06-08,15.062808990478516,19.020000457763672,19.020000457763672,18.540000915527344,18.639999389648438,1728100
2020-06-09,14.484395980834961,18.079999923706055,18.530000686645508,17.899999618530273,18.510000228881836,1566700
2020-06-10,14.32417106628418,17.8799991607666,18.139999389648438,17.8700008392334,18.139999389648438,1305700
2020-06-11,13.547075271606445,16.90999984741211,17.600000381469727,16.889999389648438,17.559999465942383,1584500
2020-06-12,13.771392822265625,17.190000534057617,17.280000686645508,16.93000030517578,17.18000030517578,1552400
2020-06-15,13.731334686279297,17.139999389648438,17.25,16.780000686645508,16.850000381469727,1070100
2020-06-16,13.907585144042969,17.360000610351562,17.75,17.280000686645508,17.5,1193600
2020-06-17,13.691280364990234,17.09000015258789,17.479999542236328,17.06999969482422,17.40999984741211,1444300
2020-06-18,13.795426368713379,17.219999313354492,17.350000381469727,16.950000762939453,17.06999969482422,1403000
2020-06-19,13.963663101196289,17.43000030517578,17.520000457763672,17.260000228881836,17.5,1686500
2020-06-22,13.891563415527344,17.34000015258789,17.65999984741211,17.290000915527344,17.43000030517578,1274400
2020-06-23,13.7233247756958,17.1299991607666,17.510000228881836,17.110000610351562,17.43000030517578,1233700
2020-06-24,13.410882949829102,16.739999771118164,17.049999237060547,16.6200008392334,17.040000915527344,1344200
2020-06-25,13.53105354309082,16.889999389648438,16.90999984741211,16.510000228881836,16.719999313354492,1193500
2020-06-26,13.106457710266113,16.360000610351562,16.889999389648438,16.34000015258789,16.84000015258789,1121500
2020-06-29,13.314749717712402,16.6200008392334,16.770000457763672,16.40999984741211,16.40999984741211,2062000
2020-06-30,13.434918403625488,16.770000457763672,16.829999923706055,16.520000457763672,16.600000381469727,1557300
2020-07-01,13.434918403625488,16.770000457763672,16.920000076293945,16.68000030517578,16.790000915527344,464100
2020-07-02,13.378838539123535,16.700000762939453,16.979999542236328,16.670000076293945,16.950000762939453,1084200
2020-07-06,13.418895721435547,16.75,16.969999313354492,16.6200008392334,16.950000762939453,1866400
2020-07-07,13.218613624572754,16.5,16.770000457763672,16.5,16.639999389648438,547500
2020-07-08,13.314749717712402,16.6200008392334,16.6299991607666,16.440000534057617,16.530000686645508,864300
2020-07-09,13.17054557800293,16.440000534057617,16.6200008392334,16.219999313354492,16.6200008392334,1548600
2020-07-10,13.362815856933594,16.68000030517578,16.690000534057617,16.399999618530273,16.399999618530273,1310300
2020-07-13,13.370828628540039,16.690000534057617,16.90999984741211,16.65999984741211,16.729999542236328,1474100
2020-07-14,13.627189636230469,17.010000228881836,17.040000915527344,16.700000762939453,16.700000762939453,1362700
2020-07-15,13.963663101196289,17.43000030517578,17.440000534057617,17.110000610351562,17.110000610351562,1721000
2020-07-16,14.099853515625,17.600000381469727,17.639999389648438,17.34000015258789,17.43000030517578,1275000
2020-07-17,14.075820922851562,17.56999969482422,17.700000762939453,17.469999313354492,17.6200008392334,959900
2020-07-20,13.955655097961426,17.420000076293945,17.56999969482422,17.25,17.56999969482422,1196200
2020-07-21,13.947639465332031,17.40999984741211,17.639999389648438,17.3799991607666,17.479999542236328,785800
2020-07-22,13.731334686279297,17.139999389648438,17.399999618530273,17.049999237060547,17.290000915527344,1464100
2020-07-23,13.65122127532959,17.040000915527344,17.260000228881836,17.010000228881836,17.100000381469727,1198800
2020-07-24,13.667245864868164,17.059999465942383,17.15999984741211,16.989999771118164,17.0,1041800
2020-07-27,13.819461822509766,17.25,17.280000686645508,17.049999237060547,17.049999237060547,1292300
2020-07-28,13.707301139831543,17.110000610351562,17.290000915527344,17.110000610351562,17.290000915527344,960000
2020-07-29,13.859517097473145,17.299999237060547,17.360000610351562,17.059999465942383,17.200000762939453,1356200
2020-07-30,13.891563415527344,17.34000015258789,17.3700008392334,17.010000228881836,17.100000381469727,974800
2020-07-31,13.907585144042969,17.360000610351562,17.579999923706055,17.010000228881836,17.489999771118164,1323000
2020-08-03,13.915596008300781,17.3700008392334,17.479999542236328,17.31999969482422,17.399999618530273,435900
2020-08-04,14.412293434143066,17.989999771118164,18.0,17.360000610351562,17.3700008392334,1653100
2020-08-05,14.364229202270508,17.93000030517578,18.15999984741211,17.829999923706055,18.100000381469727,751100
2020-08-06,14.460362434387207,18.049999237060547,18.149999618530273,17.850000381469727,17.850000381469727,731300
2020-08-07,14.468374252319336,18.059999465942383,18.09000015258789,17.8700008392334,17.90999984741211,699400
2020-08-10,14.51644229888916,18.1200008392334,18.15999984741211,17.93000030517578,18.059999465942383,822600
2020-08-11,14.652634620666504,18.290000915527344,18.350000381469727,18.149999618530273,18.219999313354492,919900
2020-08-12,14.71672534942627,18.3700008392334,18.639999389648438,18.309999465942383,18.389999389648438,815500
2020-08-13,14.596552848815918,18.219999313354492,18.350000381469727,18.170000076293945,18.25,1101100
2020-08-14,14.644622802734375,18.280000686645508,18.329999923706055,18.09000015258789,18.190000534057617,573800
2020-08-17,14.604569435119629,18.229999542236328,18.329999923706055,18.18000030517578,18.309999465942383,899000
2020-08-18,14.724736213684082,18.3799991607666,18.43000030517578,18.25,18.299999237060547,647300
2020-08-19,14.660645484924316,18.299999237060547,18.540000915527344,18.290000915527344,18.399999618530273,605000
2020-08-20,14.668655395507812,18.309999465942383,18.40999984741211,18.209999084472656,18.239999771118164,516900
2020-08-21,14.692688941955566,18.34000015258789,18.360000610351562,18.139999389648438,18.329999923706055,499800
2020-08-24,14.80484676361084,18.479999542236328,18.56999969482422,18.360000610351562,18.389999389648438,689400
2020-08-25,14.884961128234863,18.579999923706055,18.59000015258789,18.3700008392334,18.510000228881836,820700
2020-08-26,14.79683780670166,18.469999313354492,18.700000762939453,18.40999984741211,18.59000015258789,1723100
2020-08-27,14.933029174804688,18.639999389648438,18.790000915527344,18.469999313354492,18.5,1024700
2020-08-28,14.860923767089844,18.549999237060547,18.719999313354492,18.450000762939453,18.690000534057617,681900
2020-08-31,14.74876594543457,18.40999984741211,18.68000030517578,18.399999618530273,18.649999618530273,710500
2020-09-01,14.79683780670166,18.469999313354492,18.510000228881836,18.18000030517578,18.43000030517578,940100
2020-09-02,15.093253135681152,18.84000015258789,18.899999618530273,18.469999313354492,18.510000228881836,822900
2020-09-03,14.692688941955566,18.34000015258789,18.850000381469727,18.270000457763672,18.799999237060547,1815200
2020-09-04,14.596552848815918,18.219999313354492,18.520000457763672,18.15999984741211,18.329999923706055,1418900
2020-09-08,14.468374252319336,18.059999465942383,18.219999313354492,17.920000076293945,18.219999313354492,1353000
2020-09-09,14.687350273132324,18.110000610351562,18.219999313354492,17.940000534057617,17.989999771118164,871600
2020-09-10,14.476484298706055,17.850000381469727,18.170000076293945,17.829999923706055,18.1299991607666,1025600
2020-09-11,14.581915855407715,17.979999542236328,18.09000015258789,17.829999923706055,17.860000610351562,720300
2020-09-14,14.663015365600586,18.079999923706055,18.270000457763672,18.049999237060547,18.100000381469727,1152000
2020-09-15,14.776555061340332,18.219999313354492,18.389999389648438,18.149999618530273,18.18000030517578,1070700
2020-09-16,14.711675643920898,18.139999389648438,18.450000762939453,18.139999389648438,18.25,1369900
2020-09-17,14.727895736694336,18.15999984741211,18.219999313354492,17.979999542236328,18.010000228881836,1303400
2020-09-18,14.476484298706055,17.850000381469727,18.18000030517578,17.829999923706055,18.1299991607666,2968200
2020-09-21,14.176410675048828,17.479999542236328,17.68000030517578,17.43000030517578,17.600000381469727,1896400
2020-09-22,14.427824020385742,17.790000915527344,17.8700008392334,17.510000228881836,17.510000228881836,1040800
2020-09-23,14.273731231689453,17.600000381469727,17.940000534057617,17.540000915527344,17.850000381469727,1720600
2020-09-24,14.289953231811523,17.6200008392334,17.690000534057617,17.43000030517578,17.6299991607666,1362400
2020-09-25,14.435931205749512,17.799999237060547,17.809999465942383,17.389999389648438,17.559999465942383,1060400
2020-09-28,14.541366577148438,17.93000030517578,17.969999313354492,17.81999969482422,17.8799991607666,854500
2020-09-29,14.427824020385742,17.790000915527344,17.959999084472656,17.729999542236328,17.8799991607666,1000500
2020-09-30,14.281843185424805,17.610000610351562,17.829999923706055,17.56999969482422,17.829999923706055,1286000
2020-10-01,14.289953231811523,17.6200008392334,17.760000228881836,17.559999465942383,17.6200008392334,1325100
2020-10-02,14.411604881286621,17.770000457763672,17.829999923706055,17.540000915527344,17.6200008392334,1022800
2020-10-05,14.581915855407715,17.979999542236328,18.0,17.729999542236328,17.90999984741211,823700
2020-10-06,14.581915855407715,17.979999542236328,18.06999969482422,17.829999923706055,18.0,1268400
2020-10-07,14.646796226501465,18.059999465942383,18.100000381469727,17.920000076293945,18.049999237060547,1239800
2020-10-08,14.906319618225098,18.3799991607666,18.389999389648438,18.09000015258789,18.149999618530273,821500
2020-10-09,14.898209571838379,18.3700008392334,18.5,18.270000457763672,18.40999984741211,581300
2020-10-12,14.979310035705566,18.469999313354492,18.5,18.3700008392334,18.450000762939453,317400
2020-10-13,14.89009952545166,18.360000610351562,18.479999542236328,18.34000015258789,18.399999618530273,699000
2020-10-14,14.78467082977295,18.229999542236328,18.329999923706055,18.06999969482422,18.290000915527344,865300
2020-10-15,14.833329200744629,18.290000915527344,18.309999465942383,17.93000030517578,18.0,889200
2020-10-16,14.760336875915527,18.200000762939453,18.329999923706055,18.15999984741211,18.280000686645508,993400
2020-10-19,14.54947566986084,17.940000534057617,18.299999237060547,17.90999984741211,18.190000534057617,885400
2020-10-20,14.5900239944458,17.989999771118164,18.09000015258789,17.829999923706055,18.049999237060547,910100
2020-10-21,14.468378067016602,17.84000015258789,18.059999465942383,17.829999923706055,17.950000762939453,759700
2020-10-22,14.833329200744629,18.290000915527344,18.290000915527344,17.8799991607666,17.93000030517578,1375200
2020-10-23,14.906319618225098,18.3799991607666,18.3799991607666,18.18000030517578,18.3799991607666,864900
2020-10-26,14.557584762573242,17.950000762939453,18.209999084472656,17.860000610351562,18.18000030517578,1059900
2020-10-27,14.427824020385742,17.790000915527344,17.979999542236328,17.770000457763672,17.920000076293945,1152800
2020-10-28,13.803348541259766,17.020000457763672,17.600000381469727,17.0,17.600000381469727,2160100
2020-10-29,13.96554946899414,17.219999313354492,17.290000915527344,16.8700008392334,17.0,1298500
2020-10-30,13.876338005065918,17.110000610351562,17.15999984741211,16.940000534057617,17.1200008392334,1211100
2020-11-02,13.81956672668457,17.040000915527344,17.299999237060547,16.979999542236328,17.270000457763672,1561100
2020-11-03,13.957438468933105,17.209999084472656,17.3799991607666,17.190000534057617,17.25,1141900
2020-11-04,14.200742721557617,17.510000228881836,17.639999389648438,17.170000076293945,17.350000381469727,1308400
2020-11-05,14.322392463684082,17.65999984741211,17.84000015258789,17.610000610351562,17.6299991607666,1397200
2020-11-06,14.48459529876709,17.860000610351562,18.290000915527344,17.770000457763672,17.799999237060547,1561800
2020-11-09,14.979310035705566,18.469999313354492,18.780000686645508,18.299999237060547,18.549999237060547,2663600
2020-11-10,15.287492752075195,18.850000381469727,19.0,18.520000457763672,18.639999389648438,2308200
2020-11-11,15.482131004333496,19.09000015258789,19.18000030517578,18.889999389648438,18.920000076293945,925700
2020-11-12,15.474023818969727,19.079999923706055,19.139999389648438,18.889999389648438,19.06999969482422,2307500
2020-11-13,15.295597076416016,18.860000610351562,19.209999084472656,18.790000915527344,19.09000015258789,2398400
2020-11-16,15.433472633361816,19.030000686645508,19.1200008392334,18.84000015258789,18.989999771118164,1259000
2020-11-17,15.368593215942383,18.950000762939453,19.049999237060547,18.809999465942383,18.979999542236328,911000
2020-11-18,15.23883056640625,18.790000915527344,18.899999618530273,18.739999771118164,18.8700008392334,930300
2020-11-19,15.206395149230957,18.75,18.860000610351562,18.649999618530273,18.780000686645508,833000
2020-11-20,15.255053520202637,18.809999465942383,18.84000015258789,18.649999618530273,18.770000457763672,545700
2020-11-23,15.279380798339844,18.84000015258789,18.93000030517578,18.729999542236328,18.889999389648438,852100
2020-11-24,15.530792236328125,19.149999618530273,19.209999084472656,18.8799991607666,18.969999313354492,761200
2020-11-25,15.579452514648438,19.209999084472656,19.229999542236328,19.030000686645508,19.15999984741211,1284200
2020-11-27,15.749763488769531,19.420000076293945,19.440000534057617,19.270000457763672,19.270000457763672,430200
2020-11-30,15.668664932250977,19.31999969482422,19.549999237060547,19.209999084472656,19.450000762939453,1205600
2020-12-01,15.652444839477539,19.299999237060547,19.540000915527344,19.270000457763672,19.479999542236328,892200
2020-12-02,15.709217071533203,19.3700008392334,19.43000030517578,19.290000915527344,19.299999237060547,709900
2020-12-03,15.993066787719727,19.719999313354492,19.850000381469727,19.350000381469727,19.350000381469727,970700
2020-12-04,16.147157669067383,19.90999984741211,19.920000076293945,19.75,19.760000228881836,578400
2020-12-07,16.252588272094727,20.040000915527344,20.110000610351562,19.81999969482422,19.950000762939453,1088200
2020-12-08,16.179601669311523,19.950000762939453,20.149999618530273,19.93000030517578,20.0,1113300
2020-12-09,16.447235107421875,20.280000686645508,20.309999465942383,19.989999771118164,20.040000915527344,1576000
2020-12-10,16.46611213684082,20.059999465942383,20.139999389648438,19.809999465942383,20.059999465942383,1292400
2020-12-11,16.49894905090332,20.100000381469727,20.170000076293945,19.899999618530273,19.969999313354492,705700
2020-12-14,16.37582015991211,19.950000762939453,20.239999771118164,19.920000076293945,20.209999084472656,999900
2020-12-15,16.482526779174805,20.079999923706055,20.170000076293945,19.8799991607666,20.0,675300
2020-12-16,16.482526779174805,20.079999923706055,20.209999084472656,19.989999771118164,20.030000686645508,789300
2020-12-17,16.384029388427734,19.959999084472656,20.219999313354492,19.899999618530273,20.139999389648438,942100
2020-12-18,16.326568603515625,19.889999389648438,20.010000228881836,19.799999237060547,19.979999542236328,1165800
2020-12-21,16.170610427856445,19.700000762939453,19.780000686645508,19.3799991607666,19.75,1140900
2020-12-22,16.154191970825195,19.68000030517578,19.709999084472656,19.549999237060547,19.68000030517578,923600
2020-12-23,16.318361282348633,19.8799991607666,20.030000686645508,19.770000457763672,19.809999465942383,1325200
2020-12-24,16.384029388427734,19.959999084472656,20.0,19.829999923706055,19.950000762939453,460400
2020-12-28,16.416860580444336,20.0,20.15999984741211,19.989999771118164,20.110000610351562,560900
2020-12-29,16.359403610229492,19.93000030517578,20.190000534057617,19.90999984741211,20.0,872400
2020-12-30,16.285524368286133,19.84000015258789,19.979999542236328,19.829999923706055,19.950000762939453,828500
2020-12-31,16.25269317626953,19.799999237060547,19.920000076293945,19.75,19.799999237060547,814600
2021-01-04,16.342985153198242,19.90999984741211,19.950000762939453,19.760000228881836,19.950000762939453,1214600
2021-01-05,16.67131996154785,20.309999465942383,20.34000015258789,19.90999984741211,19.90999984741211,1157900
2021-01-06,17.04070472717285,20.760000228881836,20.8799991607666,20.290000915527344,20.329999923706055,2137700
2021-01-07,17.02428436279297,20.739999771118164,20.790000915527344,20.579999923706055,20.770000457763672,1038000
2021-01-08,17.172039031982422,20.920000076293945,21.040000915527344,20.809999465942383,20.889999389648438,1102600
2021-01-11,17.098159790039062,20.829999923706055,21.030000686645508,20.709999084472656,20.709999084472656,1096200
2021-01-12,17.016075134277344,20.729999542236328,20.850000381469727,20.59000015258789,20.84000015258789,932600
2021-01-13,16.942195892333984,20.639999389648438,20.760000228881836,20.530000686645508,20.760000228881836,965900
2021-01-14,17.02428436279297,20.739999771118164,20.850000381469727,20.6299991607666,20.690000534057617,792900
2021-01-15,17.106369018554688,20.84000015258789,20.899999618530273,20.520000457763672,20.719999313354492,1230900
2021-01-19,17.089956283569336,20.81999969482422,20.950000762939453,20.75,20.90999984741211,705500
2021-01-20,17.114578247070312,20.850000381469727,20.969999313354492,20.770000457763672,20.889999389648438,961400
2021-01-21,17.130992889404297,20.8700008392334,20.959999084472656,20.739999771118164,20.8799991607666,818900
2021-01-22,17.048908233642578,20.770000457763672,20.829999923706055,20.700000762939453,20.780000686645508,427100
2021-01-25,17.28695297241211,21.059999465942383,21.149999618530273,20.729999542236328,20.739999771118164,1035100
2021-01-26,17.426496505737305,21.229999542236328,21.270000457763672,21.040000915527344,21.040000915527344,1684900
2021-01-27,17.098159790039062,20.829999923706055,21.1200008392334,20.780000686645508,21.1200008392334,1991100
2021-01-28,17.27874755859375,21.049999237060547,21.139999389648438,20.719999313354492,20.84000015258789,1418500
2021-01-29,16.933992385864258,20.6299991607666,21.15999984741211,20.59000015258789,21.15999984741211,1658000
2021-02-01,16.925785064697266,20.6200008392334,20.81999969482422,20.559999465942383,20.81999969482422,953000
2021-02-02,17.122787475585938,20.860000610351562,20.889999389648438,20.6200008392334,20.719999313354492,1013600
2021-02-03,17.188453674316406,20.940000534057617,21.270000457763672,20.81999969482422,21.0,1349200
2021-02-04,17.114578247070312,20.850000381469727,21.0,20.84000015258789,21.0,1721400
2021-02-05,17.336210250854492,21.1200008392334,21.229999542236328,20.799999237060547,20.950000762939453,2269300
2021-02-08,17.557832717895508,21.389999389648438,21.399999618530273,21.1200008392334,21.239999771118164,1526500
2021-02-09,17.607084274291992,21.450000762939453,21.6200008392334,21.219999313354492,21.43000030517578,1428000
2021-02-10,17.49216651916504,21.309999465942383,21.600000381469727,21.200000762939453,21.600000381469727,1306900
2021-02-11,17.360828399658203,21.149999618530273,21.459999084472656,21.100000381469727,21.299999237060547,2753900
2021-02-12,17.20486831665039,20.959999084472656,21.15999984741211,20.600000381469727,21.149999618530273,3427200
2021-02-16,17.139204025268555,20.8799991607666,21.030000686645508,20.850000381469727,21.010000228881836,1077100
2021-02-17,17.016075134277344,20.729999542236328,20.889999389648438,20.6200008392334,20.860000610351562,1392100
2021-02-18,17.02428436279297,20.739999771118164,20.81999969482422,20.540000915527344,20.75,1475500
2021-02-19,16.942195892333984,20.639999389648438,20.850000381469727,20.510000228881836,20.850000381469727,1043300
2021-02-22,16.835491180419922,20.510000228881836,20.65999984741211,20.489999771118164,20.600000381469727,1828200
2021-02-23,16.810867309570312,20.479999542236328,20.600000381469727,20.299999237060547,20.479999542236328,1336300
2021-02-24,16.6877384185791,20.329999923706055,20.489999771118164,20.239999771118164,20.450000762939453,1834400
2021-02-25,16.6549072265625,20.290000915527344,20.559999465942383,20.280000686645508,20.360000610351562,5511700
2021-02-26,16.449691772460938,20.040000915527344,20.360000610351562,20.030000686645508,20.290000915527344,1641000
2021-03-01,16.851911544799805,20.530000686645508,20.559999465942383,20.18000030517578,20.280000686645508,1744000
2021-03-02,16.966825485229492,20.670000076293945,20.760000228881836,20.579999923706055,20.59000015258789,863700
2021-03-03,16.909364700317383,20.600000381469727,20.719999313354492,20.420000076293945,20.610000610351562,843000
2021-03-04,16.753406524658203,20.40999984741211,20.739999771118164,20.360000610351562,20.59000015258789,1864200
2021-03-05,17.139204025268555,20.8799991607666,20.920000076293945,20.5,20.540000915527344,1967100
2021-03-08,17.38545799255371,21.18000030517578,21.25,20.739999771118164,20.889999389648438,1158100
2021-03-09,17.401872634887695,21.200000762939453,21.469999313354492,21.200000762939453,21.299999237060547,1152400
2021-03-10,17.473297119140625,21.040000915527344,21.110000610351562,20.780000686645508,21.09000015258789,1118100
2021-03-11,17.581260681152344,21.170000076293945,21.239999771118164,20.989999771118164,21.059999465942383,1019300
2021-03-12,17.72243881225586,21.34000015258789,21.350000381469727,21.030000686645508,21.170000076293945,916200
2021-03-15,17.464994430541992,21.030000686645508,21.850000381469727,20.979999542236328,21.5,2428300
2021-03-16,17.27397918701172,20.799999237060547,21.190000534057617,20.6200008392334,21.059999465942383,5631100
2021-03-17,17.381942749023438,20.93000030517578,21.030000686645508,20.639999389648438,20.850000381469727,2478300
2021-03-18,17.348722457885742,20.889999389648438,21.15999984741211,20.809999465942383,20.93000030517578,1544900
2021-03-19,17.323810577392578,20.860000610351562,21.010000228881836,20.81999969482422,20.93000030517578,1500700
2021-03-22,17.48160171508789,21.049999237060547,21.100000381469727,20.729999542236328,20.979999542236328,1277300
2021-03-23,17.381942749023438,20.93000030517578,21.06999969482422,20.899999618530273,21.0,1005400
2021-03-24,17.27397918701172,20.799999237060547,21.0,20.790000915527344,20.959999084472656,1108400
2021-03-25,17.27397918701172,20.799999237060547,20.809999465942383,20.610000610351562,20.790000915527344,1017300
2021-03-26,16.750778198242188,20.170000076293945,20.170000076293945,19.739999771118164,20.010000228881836,2630600
2021-03-29,16.617900848388672,20.010000228881836,20.079999923706055,19.920000076293945,20.059999465942383,3240400
2021-03-30,16.63450813293457,20.030000686645508,20.040000915527344,19.84000015258789,20.040000915527344,1752500
2021-03-31,16.55146026611328,19.93000030517578,20.079999923706055,19.920000076293945,20.049999237060547,4900900
2021-04-01,16.800609588623047,20.229999542236328,20.25,19.979999542236328,20.0,1341700
2021-04-05,16.82552146911621,20.260000228881836,20.440000534057617,20.239999771118164,20.309999465942383,1087400
2021-04-06,16.883651733398438,20.329999923706055,20.40999984741211,20.229999542236328,20.260000228881836,2023100
2021-04-07,16.842132568359375,20.280000686645508,20.350000381469727,20.200000762939453,20.329999923706055,785300
2021-04-08,16.983314514160156,20.450000762939453,20.520000457763672,20.31999969482422,20.43000030517578,867300
2021-04-09,17.124494552612305,20.6200008392334,20.6299991607666,20.43000030517578,20.459999084472656,859400
2021-04-12,16.991613388061523,20.459999084472656,20.6299991607666,20.450000762939453,20.6299991607666,932000
2021-04-13,17.01652717590332,20.489999771118164,20.540000915527344,20.3700008392334,20.540000915527344,971800
2021-04-14,17.008224487304688,20.479999542236328,20.579999923706055,20.40999984741211,20.5,942200
2021-04-15,17.074661254882812,20.559999465942383,20.6200008392334,20.5,20.549999237060547,834400
2021-04-16,17.307199478149414,20.84000015258789,20.850000381469727,20.530000686645508,20.6200008392334,2094600
2021-04-19,17.058055877685547,20.540000915527344,20.8799991607666,20.489999771118164,20.850000381469727,1541700
2021-04-20,16.958396911621094,20.420000076293945,20.559999465942383,20.360000610351562,20.5,937800
2021-04-21,17.091272354125977,20.579999923706055,20.610000610351562,20.360000610351562,20.469999313354492,801700
2021-04-22,17.099576950073242,20.59000015258789,20.670000076293945,20.440000534057617,20.610000610351562,983000
2021-04-23,17.166015625,20.670000076293945,20.700000762939453,20.56999969482422,20.649999618530273,882600
2021-04-26,17.232452392578125,20.75,20.780000686645508,20.670000076293945,20.719999313354492,761700
2021-04-27,17.14109992980957,20.639999389648438,20.780000686645508,20.6299991607666,20.770000457763672,798600
2021-04-28,17.199234008789062,20.709999084472656,20.780000686645508,20.600000381469727,20.65999984741211,2796600
2021-04-29,17.315502166748047,20.850000381469727,20.979999542236328,20.799999237060547,20.799999237060547,784700
2021-04-30,17.232452392578125,20.75,20.93000030517578,20.739999771118164,20.829999923706055,822500
2021-05-03,17.307199478149414,20.84000015258789,20.950000762939453,20.770000457763672,20.770000457763672,785500
2021-05-04,17.33211326599121,20.8700008392334,20.889999389648438,20.59000015258789,20.790000915527344,1301200
2021-05-05,17.48990249633789,21.059999465942383,21.190000534057617,20.889999389648438,20.889999389648438,920100
2021-05-06,17.830400466918945,21.469999313354492,21.479999542236328,21.149999618530273,21.149999618530273,1586700
2021-05-07,17.988191604614258,21.65999984741211,21.729999542236328,21.360000610351562,21.479999542236328,1353700
2021-05-10,18.05463218688965,21.739999771118164,22.0,21.729999542236328,21.739999771118164,1079800
2021-05-11,18.08785057067871,21.780000686645508,21.799999237060547,21.459999084472656,21.65999984741211,1380600
2021-05-12,17.9300594329834,21.59000015258789,21.8700008392334,21.559999465942383,21.780000686645508,753600
2021-05-13,17.9217529296875,21.579999923706055,21.68000030517578,21.469999313354492,21.549999237060547,1057900
2021-05-14,18.079545974731445,21.770000457763672,21.81999969482422,21.670000076293945,21.729999542236328,684700
2021-05-17,18.170896530151367,21.8799991607666,21.920000076293945,21.770000457763672,21.809999465942383,637600
2021-05-18,18.229028701782227,21.950000762939453,22.049999237060547,21.709999084472656,21.8700008392334,817200
2021-05-19,18.112764358520508,21.809999465942383,21.889999389648438,21.68000030517578,21.860000610351562,1041800
2021-05-20,18.361907958984375,22.110000610351562,22.209999084472656,21.75,21.829999923706055,724400
2021-05-21,18.378517150878906,22.1299991607666,22.360000610351562,22.100000381469727,22.219999313354492,868000
2021-05-24,18.378517150878906,22.1299991607666,22.219999313354492,22.100000381469727,22.18000030517578,412000
2021-05-25,18.528005599975586,22.309999465942383,22.389999389648438,22.1200008392334,22.139999389648438,1253000
2021-05-26,18.635969161987305,22.440000534057617,22.459999084472656,22.219999313354492,22.270000457763672,1234100
2021-05-27,18.635969161987305,22.440000534057617,22.649999618530273,22.389999389648438,22.559999465942383,1439900
2021-05-28,18.735624313354492,22.559999465942383,22.639999389648438,22.450000762939453,22.520000457763672,2813900
2021-06-01,18.868499755859375,22.719999313354492,22.809999465942383,22.6299991607666,22.700000762939453,922600
2021-06-02,18.984769821166992,22.860000610351562,22.8799991607666,22.770000457763672,22.770000457763672,680200
2021-06-03,18.968156814575195,22.84000015258789,22.920000076293945,22.770000457763672,22.770000457763672,920200
2021-06-04,19.16747283935547,23.079999923706055,23.100000381469727,22.899999618530273,22.899999618530273,675400
2021-06-07,19.29204559326172,23.229999542236328,23.270000457763672,23.1299991607666,23.170000076293945,1410500
2021-06-08,19.200693130493164,23.1200008392334,23.280000686645508,23.020000457763672,23.219999313354492,928800
2021-06-09,19.05034065246582,22.68000030517578,22.940000534057617,22.6200008392334,22.860000610351562,1272600
2021-06-10,19.033540725708008,22.65999984741211,22.799999237060547,22.610000610351562,22.68000030517578,1024000
2021-06-11,18.983142852783203,22.600000381469727,22.729999542236328,22.559999465942383,22.65999984741211,706800
2021-06-14,19.117536544799805,22.760000228881836,22.760000228881836,22.56999969482422,22.600000381469727,704200
2021-06-15,19.159536361694336,22.809999465942383,22.920000076293945,22.75,22.760000228881836,760100
2021-06-16,19.00834083557129,22.6299991607666,22.8799991607666,22.610000610351562,22.75,751100
2021-06-17,18.924345016479492,22.530000686645508,22.6200008392334,22.469999313354492,22.600000381469727,585200
2021-06-18,18.65555763244629,22.209999084472656,22.469999313354492,22.170000076293945,22.3799991607666,1245500
2021-06-21,18.857147216796875,22.450000762939453,22.459999084472656,22.239999771118164,22.239999771118164,589300
2021-06-22,18.94954490661621,22.559999465942383,22.59000015258789,22.219999313354492,22.440000534057617,909700
2021-06-23,18.815149307250977,22.399999618530273,22.6299991607666,22.389999389648438,22.579999923706055,806400
2021-06-24,18.756349563598633,22.329999923706055,22.469999313354492,22.209999084472656,22.440000534057617,1561700
2021-06-25,18.789949417114258,22.3700008392334,22.3799991607666,22.260000228881836,22.280000686645508,906900
2021-06-28,18.848751068115234,22.440000534057617,22.489999771118164,22.25,22.360000610351562,1169300
2021-06-29,18.907546997070312,22.510000228881836,22.639999389648438,22.43000030517578,22.450000762939453,1091400
2021-06-30,18.840349197387695,22.43000030517578,22.559999465942383,22.25,22.559999465942383,976700
2021-07-01,18.882349014282227,22.479999542236328,22.579999923706055,22.440000534057617,22.5,345000
2021-07-02,18.974742889404297,22.59000015258789,22.6299991607666,22.3799991607666,22.489999771118164,511500
2021-07-06,18.70595359802246,22.270000457763672,22.559999465942383,22.219999313354492,22.549999237060547,1385700
2021-07-07,18.764751434326172,22.34000015258789,22.389999389648438,22.229999542236328,22.260000228881836,1033700
2021-07-08,18.596759796142578,22.139999389648438,22.190000534057617,22.0,22.100000381469727,762000
2021-07-09,18.873947143554688,22.469999313354492,22.489999771118164,22.190000534057617,22.239999771118164,592500
2021-07-12,18.848751068115234,22.440000534057617,22.559999465942383,22.399999618530273,22.469999313354492,493900
2021-07-13,18.865549087524414,22.459999084472656,22.530000686645508,22.360000610351562,22.389999389648438,551600
2021-07-14,18.882349014282227,22.479999542236328,22.6200008392334,22.469999313354492,22.540000915527344,404900
2021-07-15,18.638757705688477,22.190000534057617,22.350000381469727,22.1200008392334,22.350000381469727,1054600
2021-07-16,18.588359832763672,22.1299991607666,22.329999923706055,21.940000534057617,21.940000534057617,1017200
2021-07-19,18.252376556396484,21.729999542236328,21.899999618530273,21.479999542236328,21.860000610351562,2350800
2021-07-20,18.395170211791992,21.899999618530273,21.950000762939453,21.610000610351562,21.719999313354492,956600
2021-07-21,18.47076416015625,21.989999771118164,22.079999923706055,21.920000076293945,22.030000686645508,758700
2021-07-22,18.445566177368164,21.959999084472656,22.059999465942383,21.780000686645508,21.969999313354492,852300
2021-07-23,18.487564086914062,22.010000228881836,22.09000015258789,21.889999389648438,21.959999084472656,1909700
2021-07-26,18.487564086914062,22.010000228881836,22.030000686645508,21.899999618530273,22.010000228881836,824000
2021-07-27,18.529565811157227,22.059999465942383,22.190000534057617,21.889999389648438,21.889999389648438,730600
2021-07-28,18.51276397705078,22.040000915527344,22.09000015258789,21.8799991607666,22.020000457763672,890500
2021-07-29,18.546361923217773,22.079999923706055,22.280000686645508,22.079999923706055,22.190000534057617,633200
2021-07-30,18.647159576416016,22.200000762939453,22.40999984741211,22.079999923706055,22.079999923706055,959800
2021-08-02,18.537961959838867,22.06999969482422,22.299999237060547,22.020000457763672,22.299999237060547,387200
2021-08-03,18.857147216796875,22.450000762939453,22.479999542236328,22.100000381469727,22.100000381469727,1033300
2021-08-04,18.756349563598633,22.329999923706055,22.489999771118164,22.31999969482422,22.420000076293945,1026400
2021-08-05,18.91594696044922,22.520000457763672,22.65999984741211,22.450000762939453,22.450000762939453,837400
2021-08-06,18.96634292602539,22.579999923706055,22.649999618530273,22.479999542236328,22.600000381469727,718100
2021-08-09,18.91594696044922,22.520000457763672,22.700000762939453,22.450000762939453,22.649999618530273,1019000
2021-08-10,19.016740798950195,22.639999389648438,22.68000030517578,22.5,22.520000457763672,1388600
2021-08-11,19.033540725708008,22.65999984741211,22.75,22.540000915527344,22.75,726500
2021-08-12,19.058740615844727,22.690000534057617,22.760000228881836,22.6299991607666,22.690000534057617,481300
2021-08-13,19.159536361694336,22.809999465942383,22.860000610351562,22.639999389648438,22.670000076293945,536600
2021-08-16,19.2015323638916,22.860000610351562,22.920000076293945,22.709999084472656,22.739999771118164,661200
2021-08-17,19.167932510375977,22.81999969482422,22.889999389648438,22.670000076293945,22.780000686645508,1263500
2021-08-18,19.041942596435547,22.670000076293945,22.860000610351562,22.670000076293945,22.799999237060547,511700
2021-08-19,18.840349197387695,22.43000030517578,22.520000457763672,22.299999237060547,22.479999542236328,737800
2021-08-20,18.999942779541016,22.6200008392334,22.639999389648438,22.260000228881836,22.350000381469727,567700
2021-08-23,19.18473243713379,22.84000015258789,22.899999618530273,22.729999542236328,22.729999542236328,767100
2021-08-24,19.2015323638916,22.860000610351562,22.940000534057617,22.719999313354492,22.850000381469727,1906800
2021-08-25,19.26032829284668,22.93000030517578,23.0,22.84000015258789,22.8799991607666,824200
2021-08-26,19.159536361694336,22.809999465942383,23.0,22.809999465942383,22.93000030517578,1115200
2021-08-27,19.35272789001465,23.040000915527344,23.1200008392334,22.829999923706055,22.84000015258789,630100
2021-08-30,19.478715896606445,23.190000534057617,23.280000686645508,23.059999465942383,23.059999465942383,1234900
2021-08-31,19.35272789001465,23.040000915527344,23.280000686645508,23.030000686645508,23.200000762939453,1650200
2021-09-01,19.394725799560547,23.09000015258789,23.209999084472656,23.010000228881836,23.09000015258789,816900
2021-09-02,19.57951545715332,23.309999465942383,23.350000381469727,23.1299991607666,23.149999618530273,660200
2021-09-03,19.562719345092773,23.290000915527344,23.3799991607666,23.260000228881836,23.350000381469727,783700
2021-09-07,19.52071762084961,23.239999771118164,23.399999618530273,23.1299991607666,23.18000030517578,1252900
2021-09-08,19.82310676574707,23.600000381469727,23.670000076293945,23.200000762939453,23.239999771118164,2126700
2021-09-09,19.7458553314209,23.260000228881836,23.350000381469727,23.170000076293945,23.350000381469727,1701900
2021-09-10,19.56757926940918,23.049999237060547,23.360000610351562,23.049999237060547,23.280000686645508,1080800
2021-09-13,19.62700653076172,23.1200008392334,23.309999465942383,23.079999923706055,23.18000030517578,1207700
2021-09-14,19.372325897216797,22.81999969482422,23.25,22.770000457763672,23.25,1214800
2021-09-15,19.295928955078125,22.729999542236328,22.8799991607666,22.530000686645508,22.8799991607666,1608600
2021-09-16,19.244993209838867,22.670000076293945,22.81999969482422,22.520000457763672,22.700000762939453,1085700
2021-09-17,19.126142501831055,22.530000686645508,22.65999984741211,22.3799991607666,22.610000610351562,1903700
2021-09-20,18.913911819458008,22.280000686645508,22.399999618530273,22.100000381469727,22.25,1587600
2021-09-21,19.015783309936523,22.399999618530273,22.610000610351562,22.350000381469727,22.350000381469727,846900
2021-09-22,19.092185974121094,22.489999771118164,22.670000076293945,22.43000030517578,22.510000228881836,895600
2021-09-23,19.2619686126709,22.690000534057617,22.84000015258789,22.610000610351562,22.610000610351562,682200
2021-09-24,19.202547073364258,22.6200008392334,22.690000534057617,22.479999542236328,22.690000534057617,729200
2021-09-27,19.126142501831055,22.530000686645508,22.65999984741211,22.43000030517578,22.65999984741211,1067800
2021-09-28,18.778087615966797,22.1200008392334,22.469999313354492,21.989999771118164,22.469999313354492,2166500
2021-09-29,18.531898498535156,21.829999923706055,22.170000076293945,21.809999465942383,22.15999984741211,1914100
2021-09-30,18.642255783081055,21.959999084472656,22.100000381469727,21.799999237060547,21.8799991607666,1186500
2021-10-01,18.684703826904297,22.010000228881836,22.040000915527344,21.760000228881836,21.989999771118164,768500
2021-10-04,18.642255783081055,21.959999084472656,22.1200008392334,21.860000610351562,22.030000686645508,843100
2021-10-05,18.65923500061035,21.979999542236328,22.059999465942383,21.829999923706055,21.979999542236328,884000
2021-10-06,18.642255783081055,21.959999084472656,21.979999542236328,21.780000686645508,21.860000610351562,1068900
2021-10-07,18.735637664794922,22.06999969482422,22.1299991607666,21.93000030517578,22.0,974700
2021-10-08,18.795061111450195,22.139999389648438,22.229999542236328,22.079999923706055,22.149999618530273,635200
2021-10-11,18.7611083984375,22.100000381469727,22.280000686645508,22.100000381469727,22.1299991607666,391800
2021-10-12,18.67621421813965,22.0,22.15999984741211,21.950000762939453,22.15999984741211,916300
2021-10-13,18.82901954650879,22.18000030517578,22.190000534057617,22.010000228881836,22.049999237060547,798800
2021-10-14,19.14311981201172,22.549999237060547,22.729999542236328,22.350000381469727,22.350000381469727,1165200
2021-10-15,19.18556785583496,22.600000381469727,22.739999771118164,22.549999237060547,22.56999969482422,748600
2021-10-18,19.126142501831055,22.530000686645508,22.610000610351562,22.389999389648438,22.530000686645508,784100
2021-10-19,19.117652893066406,22.520000457763672,22.610000610351562,22.399999618530273,22.610000610351562,649500
2021-10-20,19.151611328125,22.559999465942383,22.6200008392334,22.479999542236328,22.59000015258789,899300
2021-10-21,19.075204849243164,22.469999313354492,22.6299991607666,22.399999618530273,22.59000015258789,659700
2021-10-22,19.126142501831055,22.530000686645508,22.6200008392334,22.420000076293945,22.479999542236328,664000
2021-10-25,19.202547073364258,22.6200008392334,22.649999618530273,22.3799991607666,22.540000915527344,901400
2021-10-26,19.228012084960938,22.649999618530273,22.81999969482422,22.600000381469727,22.709999084472656,700400
2021-10-27,19.346866607666016,22.790000915527344,22.920000076293945,22.649999618530273,22.649999618530273,845200
2021-10-28,19.53362274169922,23.010000228881836,23.100000381469727,22.81999969482422,22.84000015258789,623500
2021-10-29,19.482690811157227,22.950000762939453,22.989999771118164,22.84000015258789,22.899999618530273,607300
2021-11-01,19.482690811157227,22.950000762939453,23.09000015258789,22.899999618530273,23.010000228881836,907500
2021-11-02,19.406286239624023,22.860000610351562,23.020000457763672,22.790000915527344,22.93000030517578,779700
2021-11-03,19.380821228027344,22.829999923706055,22.860000610351562,22.75,22.780000686645508,814500
2021-11-04,19.28743553161621,22.719999313354492,22.860000610351562,22.610000610351562,22.81999969482422,875300
2021-11-05,19.737361907958984,23.25,23.34000015258789,22.690000534057617,22.690000534057617,1227800
2021-11-08,19.881681442260742,23.420000076293945,23.559999465942383,23.260000228881836,23.329999923706055,886700
2021-11-09,19.94959259033203,23.5,23.510000228881836,23.360000610351562,23.489999771118164,851100
2021-11-10,19.856210708618164,23.389999389648438,23.65999984741211,23.389999389648438,23.489999771118164,822100
2021-11-11,19.525131225585938,23.0,23.3700008392334,22.8799991607666,23.229999542236328,1789000
2021-11-12,19.62700653076172,23.1200008392334,23.149999618530273,22.950000762939453,23.059999465942383,815800
2021-11-15,19.576068878173828,23.059999465942383,23.239999771118164,23.040000915527344,23.190000534057617,558400
2021-11-16,19.49966812133789,22.969999313354492,23.15999984741211,22.969999313354492,23.100000381469727,633300
2021-11-17,19.45722007751465,22.920000076293945,22.920000076293945,22.770000457763672,22.899999618530273,887800
2021-11-18,19.550600051879883,23.030000686645508,23.079999923706055,22.829999923706055,22.940000534057617,736600
2021-11-19,19.53362274169922,23.010000228881836,23.059999465942383,22.920000076293945,23.059999465942383,661700
2021-11-22,19.44024085998535,22.899999618530273,23.1200008392334,22.8700008392334,23.040000915527344,981700
2021-11-23,19.576068878173828,23.059999465942383,23.079999923706055,22.780000686645508,22.829999923706055,864100
2021-11-24,19.77980613708496,23.299999237060547,23.329999923706055,22.940000534057617,23.020000457763672,913800
2021-11-26,19.508153915405273,22.979999542236328,23.1200008392334,22.84000015258789,22.899999618530273,666400
2021-11-29,19.63549041748047,23.1299991607666,23.15999984741211,22.90999984741211,23.1200008392334,945100
2021-11-30,19.406286239624023,22.860000610351562,23.079999923706055,22.700000762939453,23.040000915527344,1394700
2021-12-01,19.389307022094727,22.84000015258789,23.239999771118164,22.84000015258789,23.040000915527344,971000
2021-12-02,19.49966812133789,22.969999313354492,23.139999389648438,22.81999969482422,22.81999969482422,1028600
2021-12-03,19.542110443115234,23.020000457763672,23.1299991607666,22.93000030517578,23.0,726600
2021-12-06,19.813764572143555,23.34000015258789,23.389999389648438,23.149999618530273,23.190000534057617,1376800
2021-12-07,20.05146598815918,23.6200008392334,23.729999542236328,23.5,23.5,1060100
2021-12-08,19.805278778076172,23.329999923706055,23.670000076293945,23.290000915527344,23.6200008392334,943400
2021-12-09,19.6241455078125,22.860000610351562,23.020000457763672,22.809999465942383,23.0,865600
2021-12-10,19.838756561279297,23.110000610351562,23.200000762939453,22.799999237060547,22.940000534057617,1319800
2021-12-13,19.61556053161621,22.850000381469727,23.1200008392334,22.790000915527344,23.030000686645508,1117800
2021-12-14,19.50395965576172,22.719999313354492,22.899999618530273,22.59000015258789,22.729999542236328,915500
2021-12-15,19.581222534179688,22.809999465942383,22.899999618530273,22.610000610351562,22.739999771118164,1037300
2021-12-16,19.70998764038086,22.959999084472656,23.040000915527344,22.84000015258789,22.889999389648438,821200
2021-12-17,19.675657272338867,22.920000076293945,23.1299991607666,22.479999542236328,22.670000076293945,1218600
2021-12-20,19.718576431274414,22.969999313354492,22.979999542236328,22.65999984741211,22.760000228881836,985100
2021-12-21,19.752912521362305,23.010000228881836,23.18000030517578,22.979999542236328,23.049999237060547,1015000
2021-12-22,19.984697341918945,23.280000686645508,23.290000915527344,23.010000228881836,23.06999969482422,698900
2021-12-23,19.941774368286133,23.229999542236328,23.360000610351562,23.209999084472656,23.350000381469727,589100
2021-12-27,20.147798538208008,23.469999313354492,23.479999542236328,23.190000534057617,23.229999542236328,442200
2021-12-28,20.053373336791992,23.360000610351562,23.510000228881836,23.350000381469727,23.399999618530273,648600
2021-12-29,20.02761459350586,23.329999923706055,23.3799991607666,23.209999084472656,23.329999923706055,850200
2021-12-30,20.070537567138672,23.3799991607666,23.43000030517578,23.229999542236328,23.34000015258789,676800
2021-12-31,20.233644485473633,23.56999969482422,23.610000610351562,23.3799991607666,23.3799991607666,893500
2022-01-03,20.250812530517578,23.59000015258789,23.739999771118164,23.559999465942383,23.639999389648438,404700
2022-01-04,20.122045516967773,23.440000534057617,23.649999618530273,23.40999984741211,23.549999237060547,1198000
2022-01-05,20.01044273376465,23.309999465942383,23.610000610351562,23.299999237060547,23.440000534057617,1315100
2022-01-06,20.07912254333496,23.389999389648438,23.469999313354492,23.200000762939453,23.3799991607666,778300
2022-01-07,20.13062858581543,23.450000762939453,23.510000228881836,23.15999984741211,23.260000228881836,753300
2022-01-10,19.958940505981445,23.25,23.440000534057617,23.139999389648438,23.399999618530273,1052100
2022-01-11,20.225059509277344,23.559999465942383,23.649999618530273,23.209999084472656,23.489999771118164,875700
2022-01-12,20.319490432739258,23.670000076293945,23.780000686645508,23.600000381469727,23.600000381469727,1199500
2022-01-13,20.439672470092773,23.809999465942383,23.959999084472656,23.670000076293945,23.739999771118164,847700
2022-01-14,20.39674949645996,23.760000228881836,23.84000015258789,23.59000015258789,23.809999465942383,1447000
2022-01-18,20.5255184173584,23.90999984741211,24.0,23.670000076293945,23.739999771118164,922200
2022-01-19,20.422504425048828,23.790000915527344,23.989999771118164,23.709999084472656,23.989999771118164,1407500
2022-01-20,20.31089973449707,23.65999984741211,23.989999771118164,23.649999618530273,23.850000381469727,934800
2022-01-21,20.02761459350586,23.329999923706055,23.649999618530273,23.260000228881836,23.559999465942383,1257200
2022-01-24,19.864511489868164,23.139999389648438,23.239999771118164,22.739999771118164,23.1200008392334,1560100
2022-01-25,20.096290588378906,23.40999984741211,23.579999923706055,22.809999465942383,23.020000457763672,1477400
2022-01-26,20.01044273376465,23.309999465942383,23.84000015258789,23.18000030517578,23.489999771118164,2131800
2022-01-27,19.890262603759766,23.170000076293945,23.520000457763672,23.15999984741211,23.40999984741211,1330800
2022-01-28,20.096290588378906,23.40999984741211,23.420000076293945,23.030000686645508,23.190000534057617,1458300
2022-01-31,20.19930648803711,23.530000686645508,23.610000610351562,23.309999465942383,23.309999465942383,1065600
2022-02-01,20.250812530517578,23.59000015258789,23.65999984741211,23.3799991607666,23.489999771118164,2252400
2022-02-02,20.508346557617188,23.889999389648438,23.989999771118164,23.6200008392334,23.6200008392334,1471100
2022-02-03,20.705793380737305,24.1200008392334,24.25,23.760000228881836,23.850000381469727,2732800
2022-02-04,20.740129470825195,24.15999984741211,24.260000228881836,23.940000534057617,24.030000686645508,1413400
2022-02-07,20.757299423217773,24.18000030517578,24.270000457763672,24.030000686645508,24.270000457763672,1546600
2022-02-08,20.722959518432617,24.139999389648438,24.219999313354492,24.06999969482422,24.1299991607666,1544600
2022-02-09,21.040586471557617,24.510000228881836,24.549999237060547,24.190000534057617,24.219999313354492,2464900
2022-02-10,21.195106506347656,24.690000534057617,25.059999465942383,24.34000015258789,24.34000015258789,2183900
2022-02-11,21.263782501220703,24.770000457763672,24.950000762939453,24.649999618530273,24.700000762939453,1426800
2022-02-14,21.36679458618164,24.889999389648438,24.979999542236328,24.670000076293945,24.84000015258789,3087700
2022-02-15,21.51272964477539,25.059999465942383,25.190000534057617,24.950000762939453,24.959999084472656,1630800
2022-02-16,21.5299015045166,25.079999923706055,25.219999313354492,24.979999542236328,25.059999465942383,1486300
2022-02-17,21.57282257080078,25.1299991607666,25.190000534057617,24.920000076293945,24.920000076293945,2225000
2022-02-18,21.607160568237305,25.170000076293945,25.34000015258789,25.110000610351562,25.18000030517578,1738600
2022-02-22,21.521318435668945,25.06999969482422,25.329999923706055,24.81999969482422,25.170000076293945,2825200
2022-02-23,21.272367477416992,24.780000686645508,25.3799991607666,24.770000457763672,25.18000030517578,2397900
2022-02-24,21.435474395751953,24.969999313354492,24.989999771118164,24.239999771118164,24.350000381469727,2889000
2022-02-25,21.864696502685547,25.469999313354492,25.549999237060547,25.020000457763672,25.079999923706055,1575100
2022-02-28,21.667251586914062,25.239999771118164,25.389999389648438,25.100000381469727,25.18000030517578,2024400
2022-03-01,21.58140754699707,25.139999389648438,25.459999084472656,25.079999923706055,25.190000534057617,1461200
2022-03-02,22.03638458251953,25.670000076293945,25.760000228881836,25.209999084472656,25.209999084472656,1719000
2022-03-03,22.216659545898438,25.8799991607666,25.959999084472656,25.719999313354492,25.729999542236328,1642900
2022-03-04,22.620136260986328,26.350000381469727,26.469999313354492,25.68000030517578,25.770000457763672,1455000
2022-03-07,22.53428840637207,26.25,26.479999542236328,25.8799991607666,26.040000915527344,2024200
2022-03-08,22.03638458251953,25.670000076293945,26.34000015258789,25.600000381469727,26.149999618530273,3075400
2022-03-09,22.422687530517578,26.1200008392334,26.170000076293945,25.670000076293945,25.84000015258789,1665900
2022-03-10,22.566598892211914,26.030000686645508,26.100000381469727,25.690000534057617,25.75,1524300
2022-03-11,22.679304122924805,26.15999984741211,26.34000015258789,26.06999969482422,26.079999923706055,1231500
2022-03-14,22.124460220336914,25.520000457763672,26.200000762939453,25.40999984741211,26.139999389648438,1679300
2022-03-15,22.089784622192383,25.479999542236328,25.649999618530273,25.260000228881836,25.43000030517578,2167600
2022-03-16,22.3065185546875,25.729999542236328,25.799999237060547,25.3700008392334,25.600000381469727,1492800
2022-03-17,22.38454246520996,25.81999969482422,25.93000030517578,25.68000030517578,25.770000457763672,2789200
2022-03-18,22.228490829467773,25.639999389648438,25.780000686645508,25.350000381469727,25.75,2730000
2022-03-21,22.245832443237305,25.65999984741211,25.770000457763672,25.530000686645508,25.700000762939453,1532800
2022-03-22,22.219818115234375,25.6299991607666,25.770000457763672,25.5,25.770000457763672,1236900
2022-03-23,22.10712242126465,25.5,25.639999389648438,25.489999771118164,25.639999389648438,1312100
2022-03-24,22.219818115234375,25.6299991607666,25.709999084472656,25.5,25.56999969482422,1009800
2022-03-25,22.341196060180664,25.770000457763672,25.790000915527344,25.6200008392334,25.670000076293945,1926400
2022-03-28,22.202484130859375,25.610000610351562,25.729999542236328,25.40999984741211,25.729999542236328,1560800
2022-03-29,22.367202758789062,25.799999237060547,25.93000030517578,25.65999984741211,25.739999771118164,1856200
2022-03-30,22.40188217163086,25.84000015258789,25.940000534057617,25.729999542236328,25.899999618530273,1878200
2022-03-31,22.661962509155273,26.139999389648438,26.31999969482422,25.770000457763672,25.799999237060547,1935900
2022-04-01,23.078102111816406,26.6200008392334,26.649999618530273,26.1200008392334,26.190000534057617,1938100
2022-04-04,23.104110717773438,26.649999618530273,26.700000762939453,26.440000534057617,26.6200008392334,1340800
2022-04-05,23.28616714477539,26.860000610351562,27.06999969482422,26.690000534057617,26.690000534057617,1191600
2022-04-06,23.450885772705078,27.049999237060547,27.149999618530273,26.81999969482422,26.940000534057617,1541000
2022-04-07,23.624277114868164,27.25,27.3700008392334,26.90999984741211,27.049999237060547,1473300
2022-04-08,23.754314422607422,27.399999618530273,27.5,27.100000381469727,27.15999984741211,1274000
2022-04-11,23.29483413696289,26.8700008392334,27.469999313354492,26.829999923706055,27.139999389648438,1898000
2022-04-12,22.93071746826172,26.450000762939453,27.030000686645508,26.43000030517578,26.90999984741211,2745200
2022-04-13,23.095436096191406,26.639999389648438,26.709999084472656,26.3700008392334,26.440000534057617,2989400
2022-04-14,23.1734619140625,26.729999542236328,26.989999771118164,26.579999923706055,26.700000762939453,2062900
2022-04-18,23.060762405395508,26.600000381469727,27.020000457763672,26.520000457763672,26.690000534057617,1440900
2022-04-19,23.069429397583008,26.610000610351562,26.6299991607666,26.469999313354492,26.540000915527344,1208200
2022-04-20,23.537578582763672,27.149999618530273,27.34000015258789,26.700000762939453,26.81999969482422,1869600
2022-04-21,23.234148025512695,26.799999237060547,27.219999313354492,26.75,27.15999984741211,1556000
2022-04-22,22.70531463623047,26.190000534057617,26.6299991607666,26.079999923706055,26.579999923706055,1729300
2022-04-25,22.69664764404297,26.18000030517578,26.290000915527344,25.709999084472656,25.950000762939453,2292200
2022-04-26,22.17647361755371,25.579999923706055,26.190000534057617,25.559999465942383,26.190000534057617,2274700
2022-04-27,22.089784622192383,25.479999542236328,25.799999237060547,25.389999389648438,25.540000915527344,2266200
2022-04-28,22.18514633178711,25.59000015258789,25.739999771118164,25.329999923706055,25.540000915527344,1397100
2022-04-29,21.68231964111328,25.010000228881836,25.59000015258789,24.959999084472656,25.59000015258789,1761700
2022-05-02,21.465578079223633,24.760000228881836,25.030000686645508,24.489999771118164,25.030000686645508,1839700
2022-05-03,21.62162971496582,24.940000534057617,25.290000915527344,24.799999237060547,24.799999237060547,2319600
2022-05-04,21.821027755737305,25.170000076293945,25.209999084472656,24.780000686645508,24.940000534057617,2811600
2022-05-05,21.36154556274414,24.639999389648438,25.170000076293945,24.549999237060547,25.049999237060547,2048000
2022-05-06,21.734333038330078,25.06999969482422,25.170000076293945,24.469999313354492,24.65999984741211,3083200
2022-05-09,21.196828842163086,24.450000762939453,24.959999084472656,24.399999618530273,24.940000534057617,2198800
2022-05-10,20.87605857849121,24.079999923706055,24.59000015258789,23.93000030517578,24.219999313354492,2366500
2022-05-11,20.720006942749023,23.899999618530273,24.3700008392334,23.84000015258789,24.049999237060547,2176700
2022-05-12,20.607303619384766,23.770000457763672,23.93000030517578,23.520000457763672,23.93000030517578,2108700
2022-05-13,21.032108306884766,24.260000228881836,24.329999923706055,23.829999923706055,23.850000381469727,1496200
2022-05-16,21.482921600341797,24.780000686645508,24.979999542236328,24.15999984741211,24.200000762939453,2169000
2022-05-17,21.47425079345703,24.770000457763672,24.8799991607666,24.579999923706055,24.8799991607666,1522100
2022-05-18,21.075454711914062,24.309999465942383,24.719999313354492,24.229999542236328,24.670000076293945,1479200
2022-05-19,20.737346649169922,23.920000076293945,24.440000534057617,23.829999923706055,24.18000030517578,4926000
2022-05-20,21.014768600463867,24.239999771118164,24.329999923706055,23.8799991607666,24.110000610351562,2030000
2022-05-23,21.28352165222168,24.549999237060547,24.649999618530273,24.329999923706055,24.43000030517578,911000
2022-05-24,21.23150634765625,24.489999771118164,24.6299991607666,24.290000915527344,24.610000610351562,1278900
2022-05-25,21.248844146728516,24.510000228881836,24.639999389648438,24.299999237060547,24.34000015258789,1939900
2022-05-26,21.248844146728516,24.510000228881836,24.709999084472656,24.479999542236328,24.600000381469727,1230700
2022-05-27,21.47425079345703,24.770000457763672,24.81999969482422,24.489999771118164,24.549999237060547,1034300
2022-05-31,21.708324432373047,25.040000915527344,25.270000457763672,24.809999465942383,24.93000030517578,2532400
2022-06-01,21.51759910583496,24.81999969482422,25.1200008392334,24.709999084472656,25.100000381469727,1702200
2022-06-02,21.907726287841797,25.270000457763672,25.309999465942383,24.860000610351562,25.09000015258789,1474900
2022-06-03,21.71699333190918,25.049999237060547,25.280000686645508,25.020000457763672,25.25,941700
2022-06-06,21.829694747924805,25.18000030517578,25.280000686645508,25.049999237060547,25.1299991607666,1409500
2022-06-07,22.05510139465332,25.440000534057617,25.5,25.1200008392334,25.1200008392334,1428200
2022-06-08,21.595623016357422,24.90999984741211,25.3700008392334,24.799999237060547,25.31999969482422,1203500
2022-06-09,21.18369483947754,24.170000076293945,24.6299991607666,24.15999984741211,24.540000915527344,1065700
2022-06-10,20.833114624023438,23.770000457763672,23.940000534057617,23.65999984741211,23.940000534057617,1688400
2022-06-13,20.324777603149414,23.190000534057617,23.530000686645508,23.079999923706055,23.530000686645508,1470300
2022-06-14,19.825204849243164,22.6200008392334,23.219999313354492,22.489999771118164,22.969999313354492,1815000
2022-06-15,19.947904586791992,22.760000228881836,22.850000381469727,22.399999618530273,22.690000534057617,1882700
2022-06-16,18.72088050842285,21.360000610351562,22.469999313354492,21.34000015258789,22.329999923706055,4600600
2022-06-17,19.308101654052734,22.030000686645508,22.15999984741211,21.5,21.610000610351562,3327000
2022-06-21,19.544740676879883,22.299999237060547,22.399999618530273,22.200000762939453,22.31999969482422,1696800
2022-06-22,19.2642765045166,21.979999542236328,22.209999084472656,21.8799991607666,22.170000076293945,1426200
2022-06-23,19.211692810058594,21.920000076293945,22.1200008392334,21.809999465942383,21.940000534057617,1570600
2022-06-24,19.641151428222656,22.40999984741211,22.440000534057617,21.940000534057617,22.079999923706055,1581800
2022-06-27,19.772615432739258,22.559999465942383,22.649999618530273,22.170000076293945,22.3799991607666,1386000
2022-06-28,19.448328018188477,22.190000534057617,22.670000076293945,22.15999984741211,22.56999969482422,1448900
2022-06-29,19.57103157043457,22.329999923706055,22.350000381469727,21.989999771118164,22.25,1242000
2022-06-30,19.52721405029297,22.280000686645508,22.350000381469727,22.079999923706055,22.149999618530273,1364500
2022-07-01,19.746322631835938,22.530000686645508,22.579999923706055,22.139999389648438,22.270000457763672,677500
2022-07-05,19.39574432373047,22.1299991607666,22.18000030517578,21.65999984741211,22.1200008392334,1512400
2022-07-06,19.439565658569336,22.18000030517578,22.299999237060547,22.049999237060547,22.139999389648438,1279300
2022-07-07,19.53597640991211,22.290000915527344,22.389999389648438,22.190000534057617,22.299999237060547,1324100
2022-07-08,19.448328018188477,22.190000534057617,22.34000015258789,22.1200008392334,22.270000457763672,656400
2022-07-11,19.518449783325195,22.270000457763672,22.329999923706055,22.020000457763672,22.09000015258789,1332100
2022-07-12,19.39574432373047,22.1299991607666,22.3700008392334,21.920000076293945,22.299999237060547,1367000
2022-07-13,19.50091552734375,22.25,22.440000534057617,21.979999542236328,21.979999542236328,1202900
2022-07-14,19.246746063232422,21.959999084472656,22.15999984741211,21.739999771118164,21.75,1229500
2022-07-15,19.246746063232422,21.959999084472656,22.239999771118164,21.8799991607666,22.15999984741211,1213000
2022-07-18,19.273040771484375,21.989999771118164,22.170000076293945,21.899999618530273,22.139999389648438,979800
2022-07-19,19.606090545654297,22.3700008392334,22.520000457763672,22.1200008392334,22.1200008392334,1120500
2022-07-20,19.57103157043457,22.329999923706055,22.43000030517578,22.219999313354492,22.43000030517578,1096500
2022-07-21,19.614856719970703,22.3799991607666,22.40999984741211,22.149999618530273,22.260000228881836,807100
2022-07-22,19.606090545654297,22.3700008392334,22.559999465942383,22.18000030517578,22.399999618530273,795200
2022-07-25,19.772615432739258,22.559999465942383,22.739999771118164,22.40999984741211,22.40999984741211,971600
2022-07-26,19.641151428222656,22.40999984741211,22.520000457763672,22.260000228881836,22.489999771118164,1007900
2022-07-27,19.825204849243164,22.6200008392334,22.739999771118164,22.399999618530273,22.40999984741211,1301300
2022-07-28,20.105663299560547,22.940000534057617,23.079999923706055,22.559999465942383,22.6200008392334,1251100
2022-07-29,20.158252716064453,23.0,23.18000030517578,22.90999984741211,23.020000457763672,1024600
2022-08-01,20.088136672973633,22.920000076293945,23.010000228881836,22.790000915527344,22.90999984741211,620000
2022-08-02,19.833965301513672,22.6299991607666,22.950000762939453,22.6299991607666,22.940000534057617,964600
2022-08-03,19.75508689880371,22.540000915527344,22.739999771118164,22.459999084472656,22.690000534057617,1197100
2022-08-04,19.720029830932617,22.5,22.739999771118164,22.5,22.59000015258789,1432700
2022-08-05,19.597326278686523,22.360000610351562,22.5,22.079999923706055,22.459999084472656,1328700
2022-08-08,19.842731475830078,22.639999389648438,22.969999313354492,22.510000228881836,22.510000228881836,1124800
2022-08-09,19.877790451049805,22.68000030517578,22.75,22.559999465942383,22.700000762939453,771500
2022-08-10,20.19331169128418,23.040000915527344,23.06999969482422,22.84000015258789,22.84000015258789,1113200
2022-08-11,20.465007781982422,23.350000381469727,23.559999465942383,23.06999969482422,23.170000076293945,1441900
2022-08-12,20.684120178222656,23.600000381469727,23.639999389648438,23.280000686645508,23.350000381469727,1430600
2022-08-15,20.43871307373047,23.31999969482422,23.479999542236328,23.1299991607666,23.479999542236328,993300
2022-08-16,20.69288444519043,23.610000610351562,23.639999389648438,23.290000915527344,23.329999923706055,809300
2022-08-17,20.55265235900879,23.450000762939453,23.549999237060547,23.34000015258789,23.450000762939453,730300
2022-08-18,20.517595291137695,23.40999984741211,23.5,23.34000015258789,23.43000030517578,1014800
2022-08-19,20.736703872680664,23.65999984741211,23.68000030517578,23.34000015258789,23.40999984741211,952100
2022-08-22,20.421184539794922,23.299999237060547,23.579999923706055,23.18000030517578,23.520000457763672,842300
2022-08-23,20.359834671020508,23.229999542236328,23.34000015258789,23.139999389648438,23.270000457763672,860800
2022-08-24,20.359834671020508,23.229999542236328,23.290000915527344,23.079999923706055,23.190000534057617,662000
2022-08-25,20.587711334228516,23.489999771118164,23.530000686645508,23.139999389648438,23.329999923706055,674900
2022-08-26,20.23713493347168,23.09000015258789,23.559999465942383,23.049999237060547,23.540000915527344,786900
2022-08-29,20.280956268310547,23.139999389648438,23.209999084472656,22.959999084472656,23.020000457763672,966900
2022-08-30,19.991729736328125,22.809999465942383,23.299999237060547,22.760000228881836,23.290000915527344,1602400
2022-08-31,19.737558364868164,22.520000457763672,22.809999465942383,22.510000228881836,22.770000457763672,1127200
2022-09-01,19.70250129699707,22.479999542236328,22.520000457763672,22.290000915527344,22.520000457763672,1365500
2022-09-02,19.816438674926758,22.610000610351562,22.940000534057617,22.5,22.6200008392334,1497900
2022-09-06,19.430801391601562,22.170000076293945,22.790000915527344,22.15999984741211,22.690000534057617,1148500
2022-09-07,19.53597640991211,22.290000915527344,22.31999969482422,21.969999313354492,22.139999389648438,1460900
2022-09-08,19.52533531188965,22.020000457763672,22.1200008392334,21.81999969482422,21.84000015258789,1239100
2022-09-09,19.959823608398438,22.510000228881836,22.549999237060547,22.190000534057617,22.190000534057617,1362300
2022-09-12,20.110563278198242,22.68000030517578,22.889999389648438,22.6200008392334,22.700000762939453,1120600
2022-09-13,19.418928146362305,21.899999618530273,22.5,21.860000610351562,22.389999389648438,1220100
2022-09-14,19.214984893798828,21.670000076293945,21.90999984741211,21.639999389648438,21.81999969482422,930200
2022-09-15,19.188385009765625,21.639999389648438,21.790000915527344,21.510000228881836,21.6299991607666,1200300
2022-09-16,19.23272132873535,21.690000534057617,21.719999313354492,21.389999389648438,21.450000762939453,987200
2022-09-19,19.2681884765625,21.729999542236328,21.729999542236328,21.40999984741211,21.530000686645508,744600
2022-09-20,18.93124008178711,21.350000381469727,21.56999969482422,21.260000228881836,21.56999969482422,917100
2022-09-21,18.771631240844727,21.170000076293945,21.510000228881836,21.170000076293945,21.450000762939453,879100
2022-09-22,18.940107345581055,21.360000610351562,21.479999542236328,21.06999969482422,21.1299991607666,1015500
2022-09-23,18.523353576660156,20.889999389648438,21.190000534057617,20.809999465942383,21.110000610351562,1299400
2022-09-26,18.062265396118164,20.3700008392334,20.719999313354492,20.200000762939453,20.700000762939453,2002400
2022-09-27,18.106599807739258,20.420000076293945,20.559999465942383,20.329999923706055,20.450000762939453,1575200
2022-09-28,18.452415466308594,20.809999465942383,20.90999984741211,20.31999969482422,20.440000534057617,3884200
2022-09-29,17.929258346557617,20.219999313354492,20.670000076293945,20.110000610351562,20.639999389648438,2270900
2022-09-30,17.61004066467285,19.860000610351562,20.270000457763672,19.84000015258789,20.229999542236328,1583900
2022-10-03,18.346012115478516,20.690000534057617,20.829999923706055,20.1200008392334,20.139999389648438,1480500
2022-10-04,18.74502944946289,21.139999389648438,21.15999984741211,20.850000381469727,20.889999389648438,1609900
2022-10-05,18.434682846069336,20.790000915527344,20.93000030517578,20.489999771118164,20.84000015258789,1538900
2022-10-06,17.76078224182129,20.030000686645508,20.690000534057617,20.0,20.690000534057617,1265400
2022-10-07,17.76078224182129,20.030000686645508,20.219999313354492,19.899999618530273,19.90999984741211,1854000
2022-10-10,17.503639221191406,19.739999771118164,20.079999923706055,19.670000076293945,20.040000915527344,977400
2022-10-11,17.31743049621582,19.530000686645508,19.850000381469727,19.450000762939453,19.65999984741211,1836300
2022-10-12,17.078018188476562,19.260000228881836,19.790000915527344,19.260000228881836,19.450000762939453,1523900
2022-10-13,17.689847946166992,19.950000762939453,20.020000457763672,18.850000381469727,18.959999084472656,1764700
2022-10-14,17.281959533691406,19.489999771118164,20.030000686645508,19.459999084472656,19.979999542236328,1388200
2022-10-17,17.787385940551758,20.059999465942383,20.280000686645508,19.729999542236328,19.84000015258789,1253800
2022-10-18,18.062265396118164,20.3700008392334,20.489999771118164,20.110000610351562,20.350000381469727,1718200
2022-10-19,17.97359275817871,20.270000457763672,20.31999969482422,20.010000228881836,20.309999465942383,1376400
2022-10-20,17.77851676940918,20.049999237060547,20.65999984741211,20.010000228881836,20.3700008392334,1403900
2022-10-21,18.12433433532715,20.440000534057617,20.549999237060547,19.950000762939453,19.989999771118164,1408700
2022-10-24,18.14206886291504,20.459999084472656,20.56999969482422,20.219999313354492,20.489999771118164,1021600
2022-10-25,18.487884521484375,20.850000381469727,20.899999618530273,20.489999771118164,20.520000457763672,1410200
2022-10-26,18.56768798828125,20.940000534057617,21.260000228881836,20.829999923706055,20.850000381469727,1652700
2022-10-27,18.594287872314453,20.969999313354492,21.290000915527344,20.920000076293945,21.020000457763672,1278500
2022-10-28,18.771631240844727,21.170000076293945,21.18000030517578,20.899999618530273,20.940000534057617,1028200
2022-10-31,18.523353576660156,20.889999389648438,21.100000381469727,20.6299991607666,21.100000381469727,1348900
2022-11-01,18.434682846069336,20.790000915527344,21.219999313354492,20.729999542236328,21.219999313354492,1230000
2022-11-02,18.28394317626953,20.6200008392334,21.09000015258789,20.6200008392334,20.770000457763672,1545400
2022-11-03,18.079999923706055,20.389999389648438,20.5,20.110000610351562,20.239999771118164,1750000
2022-11-04,18.886903762817383,21.299999237060547,21.3799991607666,20.899999618530273,21.0,1749500
2022-11-07,18.78049659729004,21.18000030517578,21.489999771118164,21.020000457763672,21.489999771118164,1397700
2022-11-08,18.8248348236084,21.229999542236328,21.540000915527344,21.079999923706055,21.15999984741211,1409100
2022-11-09,18.70069694519043,21.09000015258789,21.34000015258789,21.040000915527344,21.219999313354492,1692400
2022-11-10,19.250455856323242,21.709999084472656,21.829999923706055,21.489999771118164,21.6299991607666,1424400
2022-11-11,19.41006088256836,21.889999389648438,21.920000076293945,21.610000610351562,21.760000228881836,1070200
2022-11-14,19.401195526123047,21.8799991607666,22.079999923706055,21.850000381469727,21.850000381469727,927500
2022-11-15,19.30365753173828,21.770000457763672,22.020000457763672,21.639999389648438,21.920000076293945,1141700
2022-11-16,19.330259323120117,21.799999237060547,21.959999084472656,21.739999771118164,21.799999237060547,1033400
2022-11-17,19.294788360595703,21.760000228881836,21.84000015258789,21.440000534057617,21.639999389648438,979800
2022-11-18,19.339122772216797,21.809999465942383,21.940000534057617,21.670000076293945,21.799999237060547,1163700
2022-11-21,19.13518524169922,21.579999923706055,21.8700008392334,21.549999237060547,21.65999984741211,1303600
2022-11-22,19.152917861938477,21.600000381469727,21.709999084472656,21.389999389648438,21.559999465942383,1471200
2022-11-23,19.117450714111328,21.559999465942383,21.65999984741211,21.34000015258789,21.56999969482422,1568100
2022-11-25,19.294788360595703,21.760000228881836,21.799999237060547,21.670000076293945,21.670000076293945,557700
2022-11-28,19.00217628479004,21.43000030517578,21.670000076293945,21.299999237060547,21.56999969482422,1241100
2022-11-29,18.647491455078125,21.030000686645508,21.40999984741211,20.959999084472656,21.40999984741211,1229800
2022-11-30,18.895771026611328,21.309999465942383,21.329999923706055,20.959999084472656,21.030000686645508,3144200
2022-12-01,18.87803840637207,21.290000915527344,21.530000686645508,21.229999542236328,21.3799991607666,3333300
2022-12-02,18.81596565246582,21.219999313354492,21.360000610351562,21.049999237060547,21.170000076293945,1866400
2022-12-05,18.93124008178711,21.350000381469727,21.389999389648438,21.1200008392334,21.1200008392334,2228200
2022-12-06,18.6031551361084,20.979999542236328,21.350000381469727,20.920000076293945,21.350000381469727,1337900
2022-12-07,18.514482498168945,20.8799991607666,21.09000015258789,20.84000015258789,20.959999084472656,1529200
2022-12-08,18.592588424682617,20.709999084472656,20.8700008392334,20.559999465942383,20.559999465942383,1579600
2022-12-09,18.4848575592041,20.59000015258789,20.780000686645508,20.549999237060547,20.639999389648438,1119700
2022-12-12,18.457927703857422,20.559999465942383,20.690000534057617,20.389999389648438,20.59000015258789,1299800
2022-12-13,18.520771026611328,20.6299991607666,20.959999084472656,20.610000610351562,20.809999465942383,1429600
2022-12-14,18.341218948364258,20.43000030517578,20.68000030517578,20.360000610351562,20.56999969482422,2026200
2022-12-15,17.982112884521484,20.030000686645508,20.34000015258789,19.950000762939453,20.299999237060547,2272600
2022-12-16,17.712787628173828,19.729999542236328,19.90999984741211,19.610000610351562,19.790000915527344,2810100
2022-12-19,17.542213439941406,19.540000915527344,19.850000381469727,19.440000534057617,19.790000915527344,1747300
2022-12-20,17.64994239807129,19.65999984741211,19.760000228881836,19.440000534057617,19.510000228881836,1314600
2022-12-21,17.70380973815918,19.719999313354492,19.81999969482422,19.610000610351562,19.760000228881836,1299000
2022-12-22,17.578121185302734,19.579999923706055,19.690000534057617,19.40999984741211,19.68000030517578,1379500
2022-12-23,17.658920288085938,19.670000076293945,19.690000534057617,19.440000534057617,19.559999465942383,1266800
2022-12-27,17.730743408203125,19.75,19.790000915527344,19.600000381469727,19.670000076293945,440100
2022-12-28,17.236974716186523,19.200000762939453,19.799999237060547,19.200000762939453,19.780000686645508,1584200
2022-12-29,17.497323989868164,19.489999771118164,19.549999237060547,19.290000915527344,19.290000915527344,1274800
2022-12-30,17.335729598999023,19.309999465942383,19.510000228881836,19.1200008392334,19.479999542236328,1685000
2023-01-03,17.299816131591797,19.270000457763672,19.350000381469727,19.020000457763672,19.31999969482422,1423700
2023-01-04,17.748701095581055,19.770000457763672,19.809999465942383,19.43000030517578,19.43000030517578,1356800
2023-01-05,17.587100982666016,19.59000015258789,19.719999313354492,19.450000762939453,19.700000762939453,960000
2023-01-06,18.053937911987305,20.110000610351562,20.18000030517578,19.670000076293945,19.790000915527344,1088200
2023-01-09,18.071887969970703,20.1299991607666,20.3700008392334,20.020000457763672,20.1200008392334,1859500
2023-01-10,18.044958114624023,20.100000381469727,20.18000030517578,19.989999771118164,20.15999984741211,1493800
2023-01-11,18.1885986328125,20.260000228881836,20.290000915527344,20.06999969482422,20.200000762939453,1300100
2023-01-12,18.68236541748047,20.809999465942383,20.90999984741211,20.260000228881836,20.5,2247600
2023-01-13,18.87089729309082,21.020000457763672,21.079999923706055,20.68000030517578,20.709999084472656,1313500
2023-01-17,19.14920425415039,21.329999923706055,21.540000915527344,21.100000381469727,21.15999984741211,1524200
2023-01-18,18.87089729309082,21.020000457763672,21.440000534057617,20.940000534057617,21.34000015258789,1117800
2023-01-19,18.826005935668945,20.969999313354492,21.079999923706055,20.809999465942383,20.93000030517578,1488700
2023-01-20,19.08635711669922,21.260000228881836,21.329999923706055,20.850000381469727,20.979999542236328,967800
2023-01-23,19.10431480407715,21.280000686645508,21.3700008392334,21.06999969482422,21.25,1156500
2023-01-24,19.140222549438477,21.31999969482422,21.5,21.06999969482422,21.40999984741211,1496700
2023-01-25,19.10431480407715,21.280000686645508,21.360000610351562,21.030000686645508,21.209999084472656,2692500
2023-01-26,19.229999542236328,21.420000076293945,21.459999084472656,21.239999771118164,21.399999618530273,905800
2023-01-27,19.158180236816406,21.34000015258789,21.489999771118164,21.260000228881836,21.40999984741211,1142200
2023-01-30,19.14920425415039,21.329999923706055,21.469999313354492,21.270000457763672,21.34000015258789,1469500
2023-01-31,19.346708297729492,21.549999237060547,21.559999465942383,21.270000457763672,21.329999923706055,1406000
2023-02-01,19.55319595336914,21.780000686645508,21.809999465942383,21.43000030517578,21.510000228881836,1989300
2023-02-02,19.355688095092773,21.559999465942383,21.81999969482422,21.5,21.75,1542900
2023-02-03,19.176136016845703,21.360000610351562,21.549999237060547,21.260000228881836,21.43000030517578,1578900
2023-02-06,19.00555992126465,21.170000076293945,21.260000228881836,21.06999969482422,21.229999542236328,1280400
2023-02-07,18.817028045654297,20.959999084472656,21.170000076293945,20.860000610351562,21.170000076293945,1582300
2023-02-08,18.745206832885742,20.8799991607666,20.979999542236328,20.719999313354492,20.93000030517578,1882200
2023-02-09,18.044958114624023,20.100000381469727,20.799999237060547,20.020000457763672,20.6200008392334,4320000
2023-02-10,18.341218948364258,20.43000030517578,20.610000610351562,19.969999313354492,20.190000534057617,2198000
2023-02-13,18.359176635742188,20.450000762939453,20.559999465942383,20.270000457763672,20.399999618530273,2029100
2023-02-14,18.42201805114746,20.520000457763672,20.579999923706055,20.260000228881836,20.479999542236328,1826800
2023-02-15,18.33224105834961,20.420000076293945,20.5,20.309999465942383,20.3799991607666,1233400
2023-02-16,18.20655632019043,20.280000686645508,20.489999771118164,20.079999923706055,20.31999969482422,1113600
2023-02-17,18.493837356567383,20.600000381469727,20.65999984741211,20.229999542236328,20.280000686645508,1265000
2023-02-21,18.161666870117188,20.229999542236328,20.549999237060547,20.170000076293945,20.450000762939453,1080100
2023-02-22,18.170644760131836,20.239999771118164,20.3799991607666,20.209999084472656,20.299999237060547,1062400
2023-02-23,18.053937911987305,20.110000610351562,20.290000915527344,19.93000030517578,20.280000686645508,1989800
2023-02-24,17.928251266479492,19.969999313354492,19.979999542236328,19.760000228881836,19.93000030517578,933000
2023-02-27,17.955181121826172,20.0,20.219999313354492,19.979999542236328,20.059999465942383,951800
2023-02-28,17.84745216369629,19.8799991607666,19.969999313354492,19.809999465942383,19.950000762939453,1474700
2023-03-01,17.82949447631836,19.860000610351562,20.010000228881836,19.790000915527344,19.90999984741211,1011100
2023-03-02,17.856430053710938,19.889999389648438,20.020000457763672,19.770000457763672,19.809999465942383,1213200
2023-03-03,18.027002334594727,20.079999923706055,20.139999389648438,19.8700008392334,19.940000534057617,2357300
2023-03-06,18.107803344726562,20.170000076293945,20.270000457763672,20.030000686645508,20.1200008392334,1572100
2023-03-07,17.802562713623047,19.829999923706055,20.209999084472656,19.81999969482422,20.18000030517578,1936100
2023-03-08,17.7756290435791,19.799999237060547,19.920000076293945,19.739999771118164,19.850000381469727,1646400
2023-03-09,17.525524139404297,19.270000457763672,19.68000030517578,19.260000228881836,19.459999084472656,1511900
2023-03-10,17.38910484313965,19.1200008392334,19.34000015258789,19.020000457763672,19.299999237060547,2167500
2023-03-13,17.598281860351562,19.350000381469727,19.399999618530273,19.040000915527344,19.049999237060547,2849800
2023-03-14,17.79836654663086,19.56999969482422,19.649999618530273,19.420000076293945,19.5,1517400
2023-03-15,17.70741844177246,19.469999313354492,19.520000457763672,19.1299991607666,19.350000381469727,1811700
2023-03-16,17.843841552734375,19.6200008392334,19.639999389648438,19.170000076293945,19.40999984741211,1527200
2023-03-17,17.807458877563477,19.579999923706055,19.639999389648438,19.420000076293945,19.6299991607666,2055500
2023-03-20,18.21672248840332,20.030000686645508,20.059999465942383,19.600000381469727,19.610000610351562,1718400
2023-03-21,17.998451232910156,19.790000915527344,20.1299991607666,19.739999771118164,20.09000015258789,1168600
2023-03-22,17.898406982421875,19.68000030517578,19.93000030517578,19.670000076293945,19.790000915527344,926500
2023-03-23,18.007543563842773,19.799999237060547,19.950000762939453,19.670000076293945,19.75,1740000
2023-03-24,18.089399337768555,19.889999389648438,19.889999389648438,19.68000030517578,19.719999313354492,1250100
2023-03-27,18.116683959960938,19.920000076293945,19.969999313354492,19.799999237060547,19.969999313354492,1218100
2023-03-28,18.098491668701172,19.899999618530273,20.059999465942383,19.84000015258789,19.920000076293945,1066800
2023-03-29,18.116683959960938,19.920000076293945,20.0,19.790000915527344,19.989999771118164,1476100
2023-03-30,18.28948402404785,20.110000610351562,20.110000610351562,19.950000762939453,20.040000915527344,1271600
2023-03-31,18.06211280822754,19.860000610351562,20.18000030517578,19.780000686645508,20.18000030517578,2055200
2023-04-03,18.262197494506836,20.079999923706055,20.1200008392334,19.829999923706055,19.899999618530273,2175600
2023-04-04,18.62598419189453,20.479999542236328,20.489999771118164,20.059999465942383,20.100000381469727,1364500
2023-04-05,18.91701889038086,20.799999237060547,20.81999969482422,20.40999984741211,20.5,2737900
2023-04-06,18.862449645996094,20.739999771118164,20.889999389648438,20.6299991607666,20.84000015258789,1555000
2023-04-10,18.93520736694336,20.81999969482422,20.81999969482422,20.520000457763672,20.59000015258789,912700
2023-04-11,19.044342041015625,20.940000534057617,21.040000915527344,20.809999465942383,20.829999923706055,1111900
2023-04-12,19.117101669311523,21.020000457763672,21.18000030517578,20.989999771118164,21.040000915527344,1753500
2023-04-13,19.408132553100586,21.34000015258789,21.34000015258789,21.040000915527344,21.06999969482422,1273800
2023-04-14,19.262615203857422,21.18000030517578,21.31999969482422,21.09000015258789,21.290000915527344,1117600
2023-04-17,19.235332489013672,21.149999618530273,21.239999771118164,21.040000915527344,21.170000076293945,1365400
2023-04-18,19.24442481994629,21.15999984741211,21.25,21.149999618530273,21.18000030517578,968800
2023-04-19,19.24442481994629,21.15999984741211,21.25,21.09000015258789,21.110000610351562,1014800
2023-04-20,19.171667098999023,21.079999923706055,21.209999084472656,21.030000686645508,21.049999237060547,1077400
2023-04-21,19.289899826049805,21.209999084472656,21.260000228881836,21.0,21.110000610351562,1258000
2023-04-24,19.34446907043457,21.270000457763672,21.34000015258789,21.110000610351562,21.170000076293945,1018300
2023-04-25,19.026155471801758,20.920000076293945,21.25,20.889999389648438,21.139999389648438,1900700
2023-04-26,18.998870849609375,20.889999389648438,21.170000076293945,20.860000610351562,20.93000030517578,1642100
2023-04-27,19.208049774169922,21.1200008392334,21.15999984741211,20.889999389648438,20.889999389648438,1500800
2023-04-28,19.289899826049805,21.209999084472656,21.239999771118164,21.0,21.0,796000
2023-05-01,19.208049774169922,21.1200008392334,21.280000686645508,21.110000610351562,21.260000228881836,969300
2023-05-02,19.08981704711914,20.989999771118164,21.079999923706055,20.780000686645508,21.030000686645508,1487700
2023-05-03,19.144384384155273,21.049999237060547,21.200000762939453,21.0,21.139999389648438,1954700
2023-05-04,18.96249008178711,20.850000381469727,21.1200008392334,20.760000228881836,21.1200008392334,1877300
2023-05-05,19.135290145874023,21.040000915527344,21.06999969482422,20.690000534057617,20.969999313354492,1828000
2023-05-08,18.807878494262695,20.68000030517578,20.989999771118164,20.510000228881836,20.969999313354492,1571600
2023-05-09,18.68964958190918,20.549999237060547,20.65999984741211,20.520000457763672,20.579999923706055,1267900
2023-05-10,18.762407302856445,20.6299991607666,20.81999969482422,20.530000686645508,20.610000610351562,1226600
2023-05-11,18.66236686706543,20.520000457763672,20.56999969482422,20.31999969482422,20.530000686645508,1027200
2023-05-12,18.607797622680664,20.459999084472656,20.6200008392334,20.309999465942383,20.549999237060547,1012700
2023-05-15,18.72602653503418,20.59000015258789,20.610000610351562,20.40999984741211,20.469999313354492,855800
2023-05-16,18.516849517822266,20.360000610351562,20.670000076293945,20.34000015258789,20.520000457763672,1095800
2023-05-17,18.407712936401367,20.239999771118164,20.440000534057617,19.969999313354492,20.440000534057617,1694300
2023-05-18,18.407712936401367,20.239999771118164,20.239999771118164,20.020000457763672,20.1299991607666,1352400
2023-05-19,18.444093704223633,20.280000686645508,20.43000030517578,20.209999084472656,20.209999084472656,1109900
2023-05-22,18.407712936401367,20.239999771118164,20.350000381469727,20.1200008392334,20.350000381469727,552500
2023-05-23,18.134872436523438,19.940000534057617,20.239999771118164,19.90999984741211,20.209999084472656,1242400
2023-05-24,17.898406982421875,19.68000030517578,19.90999984741211,19.639999389648438,19.899999618530273,1277600
2023-05-25,17.543716430664062,19.290000915527344,19.600000381469727,19.270000457763672,19.600000381469727,1302000
2023-05-26,17.598281860351562,19.350000381469727,19.40999984741211,19.209999084472656,19.329999923706055,1583900
2023-05-30,17.516429901123047,19.260000228881836,19.489999771118164,19.209999084472656,19.360000610351562,918500
2023-05-31,17.252681732177734,18.969999313354492,19.229999542236328,18.889999389648438,19.209999084472656,2059800
2023-06-01,17.352725982666016,19.079999923706055,19.200000762939453,18.959999084472656,19.0,1358500
2023-06-02,17.44367218017578,19.18000030517578,19.190000534057617,18.860000610351562,19.079999923706055,3109300
2023-06-05,17.4163875579834,19.149999618530273,19.389999389648438,19.1299991607666,19.219999313354492,1078400
2023-06-06,17.44367218017578,19.18000030517578,19.229999542236328,19.100000381469727,19.18000030517578,1282100
2023-06-07,17.561904907226562,19.309999465942383,19.31999969482422,19.149999618530273,19.190000534057617,1470300
2023-06-08,17.51762580871582,18.989999771118164,19.09000015258789,18.8700008392334,18.989999771118164,939500
2023-06-09,17.499174118041992,18.969999313354492,19.06999969482422,18.889999389648438,19.0,1148500
2023-06-12,17.600648880004883,19.079999923706055,19.1299991607666,18.979999542236328,18.979999542236328,1107500
2023-06-13,17.785140991210938,19.280000686645508,19.299999237060547,19.1299991607666,19.139999389648438,1274000
2023-06-14,17.637548446655273,19.1200008392334,19.389999389648438,19.079999923706055,19.329999923706055,1303900
2023-06-15,17.75746726989746,19.25,19.260000228881836,19.049999237060547,19.100000381469727,1370600
2023-06-16,17.988082885742188,19.5,19.59000015258789,19.299999237060547,19.299999237060547,2265200
2023-06-20,17.766691207885742,19.260000228881836,19.399999618530273,19.209999084472656,19.399999618530273,1474000
2023-06-21,17.858938217163086,19.360000610351562,19.399999618530273,19.139999389648438,19.239999771118164,1265600
2023-06-22,17.868162155151367,19.3700008392334,19.3700008392334,19.200000762939453,19.329999923706055,1418800
2023-06-23,17.729793548583984,19.219999313354492,19.43000030517578,19.200000762939453,19.299999237060547,1819500
2023-06-26,17.692893981933594,19.18000030517578,19.299999237060547,19.1299991607666,19.200000762939453,1943000
2023-06-27,17.646770477294922,19.1299991607666,19.25,18.989999771118164,19.25,1933800
2023-06-28,17.748241424560547,19.239999771118164,19.260000228881836,18.920000076293945,19.040000915527344,1554200
2023-06-29,17.84048843383789,19.34000015258789,19.34000015258789,19.06999969482422,19.18000030517578,1288600
2023-06-30,17.95118522644043,19.459999084472656,19.520000457763672,19.290000915527344,19.3799991607666,1506700
2023-07-03,18.108003616333008,19.6299991607666,19.65999984741211,19.450000762939453,19.450000762939453,348200
2023-07-05,18.043428421020508,19.559999465942383,19.65999984741211,19.450000762939453,19.5,1006200
2023-07-06,17.803590774536133,19.299999237060547,19.59000015258789,19.260000228881836,19.440000534057617,1529200
2023-07-07,17.88661003112793,19.389999389648438,19.520000457763672,19.229999542236328,19.260000228881836,1285800
2023-07-10,17.655994415283203,19.139999389648438,19.40999984741211,19.139999389648438,19.350000381469727,1336000
2023-07-11,17.646770477294922,19.1299991607666,19.18000030517578,19.049999237060547,19.149999618530273,1110900
2023-07-12,17.739017486572266,19.229999542236328,19.309999465942383,19.15999984741211,19.309999465942383,926700
2023-07-13,17.969633102416992,19.479999542236328,19.510000228881836,19.15999984741211,19.25,1665200
2023-07-14,16.945697784423828,18.3700008392334,19.280000686645508,18.31999969482422,19.190000534057617,5232100
2023-07-17,16.72430419921875,18.1299991607666,18.559999465942383,18.059999465942383,18.360000610351562,3193600
2023-07-18,16.668956756591797,18.06999969482422,18.190000534057617,17.600000381469727,18.110000610351562,4576800
2023-07-19,17.019495010375977,18.450000762939453,18.489999771118164,18.219999313354492,18.260000228881836,2967900
2023-07-20,17.056392669677734,18.489999771118164,18.639999389648438,18.420000076293945,18.469999313354492,1903700
2023-07-21,17.305458068847656,18.760000228881836,18.799999237060547,18.469999313354492,18.510000228881836,1552500
2023-07-24,17.259334564208984,18.709999084472656,19.010000228881836,18.68000030517578,18.860000610351562,1676400
2023-07-25,17.111738204956055,18.549999237060547,18.739999771118164,18.329999923706055,18.739999771118164,2358700
2023-07-26,16.834999084472656,18.25,18.469999313354492,18.15999984741211,18.3799991607666,2201700
2023-07-27,16.63205909729004,18.030000686645508,18.40999984741211,18.020000457763672,18.260000228881836,2027900
2023-07-28,16.456790924072266,17.84000015258789,18.1299991607666,17.829999923706055,18.06999969482422,1953700
2023-07-31,16.410667419433594,17.790000915527344,18.049999237060547,17.739999771118164,17.850000381469727,2153400
2023-08-01,16.346094131469727,17.719999313354492,17.84000015258789,17.469999313354492,17.709999084472656,2212000
2023-08-02,15.967881202697754,17.309999465942383,17.690000534057617,17.309999465942383,17.600000381469727,1607900
2023-08-03,15.940210342407227,17.280000686645508,17.31999969482422,17.1200008392334,17.260000228881836,2262600
2023-08-04,15.829513549804688,17.15999984741211,17.459999084472656,16.68000030517578,17.100000381469727,2795400
2023-08-07,15.903308868408203,17.239999771118164,17.459999084472656,17.100000381469727,17.149999618530273,1384200
2023-08-08,15.783390045166016,17.110000610351562,17.15999984741211,16.920000076293945,17.1299991607666,1854000
2023-08-09,16.18927574157715,17.549999237060547,17.56999969482422,17.030000686645508,17.079999923706055,1872200
2023-08-10,16.355318069458008,17.729999542236328,17.81999969482422,17.600000381469727,17.65999984741211,1537500
2023-08-11,16.32764434814453,17.700000762939453,17.709999084472656,17.549999237060547,17.65999984741211,1078500
2023-08-14,16.226173400878906,17.59000015258789,17.739999771118164,17.559999465942383,17.68000030517578,931100
2023-08-15,15.801837921142578,17.1299991607666,17.520000457763672,17.110000610351562,17.5,1599700
2023-08-16,15.764941215515137,17.09000015258789,17.239999771118164,17.059999465942383,17.1200008392334,1311800
2023-08-17,15.663467407226562,16.979999542236328,17.18000030517578,16.950000762939453,17.06999969482422,1577200
2023-08-18,15.543548583984375,16.850000381469727,16.979999542236328,16.799999237060547,16.950000762939453,1178500
2023-08-21,15.663467407226562,16.979999542236328,17.030000686645508,16.829999923706055,16.8700008392334,1446200
2023-08-22,15.515874862670898,16.81999969482422,17.06999969482422,16.770000457763672,17.06999969482422,1053300
2023-08-23,15.645018577575684,16.959999084472656,17.010000228881836,16.780000686645508,16.829999923706055,1209200
2023-08-24,15.774164199829102,17.100000381469727,17.139999389648438,16.889999389648438,16.899999618530273,1131100
2023-08-25,15.8479642868042,17.18000030517578,17.239999771118164,16.959999084472656,17.18000030517578,1377200
2023-08-28,16.02323341369629,17.3700008392334,17.450000762939453,17.25,17.280000686645508,1006900
2023-08-29,16.31842041015625,17.690000534057617,17.719999313354492,17.309999465942383,17.3799991607666,1582600
2023-08-30,16.32764434814453,17.700000762939453,17.8700008392334,17.690000534057617,17.75,926100
2023-08-31,16.19849967956543,17.559999465942383,17.809999465942383,17.540000915527344,17.670000076293945,2115100
2023-09-01,16.115476608276367,17.469999313354492,17.700000762939453,17.469999313354492,17.600000381469727,1603000
2023-09-05,15.866412162780762,17.200000762939453,17.479999542236328,17.18000030517578,17.479999542236328,1589800
2023-09-06,15.700368881225586,17.020000457763672,17.170000076293945,16.959999084472656,17.149999618530273,1806000
2023-09-07,15.68818473815918,16.739999771118164,16.969999313354492,16.670000076293945,16.790000915527344,1742300
2023-09-08,15.68818473815918,16.739999771118164,16.84000015258789,16.68000030517578,16.81999969482422,701400
2023-09-11,15.800642967224121,16.860000610351562,17.010000228881836,16.770000457763672,16.81999969482422,1357500
2023-09-12,15.913103103637695,16.979999542236328,17.020000457763672,16.829999923706055,16.899999618530273,1187000
2023-09-13,15.79127311706543,16.850000381469727,17.040000915527344,16.81999969482422,17.040000915527344,1443400
2023-09-14,16.203628540039062,17.290000915527344,17.299999237060547,16.979999542236328,16.979999542236328,1646100
2023-09-15,16.138023376464844,17.219999313354492,17.40999984741211,17.190000534057617,17.280000686645508,2405000
2023-09-18,16.09116554260254,17.170000076293945,17.290000915527344,17.010000228881836,17.219999313354492,1086700
2023-09-19,15.950592041015625,17.020000457763672,17.260000228881836,16.979999542236328,17.200000762939453,1246400
2023-09-20,15.997451782226562,17.06999969482422,17.229999542236328,17.059999465942383,17.059999465942383,931300
2023-09-21,15.753786087036133,16.809999465942383,17.030000686645508,16.790000915527344,16.920000076293945,1528800
2023-09-22,15.913103103637695,16.979999542236328,17.020000457763672,16.81999969482422,16.8700008392334,1764900
2023-09-25,15.819389343261719,16.8799991607666,16.979999542236328,16.809999465942383,16.8700008392334,1624000
2023-09-26,15.54761028289795,16.59000015258789,16.899999618530273,16.59000015258789,16.799999237060547,1454000
2023-09-27,15.31331729888916,16.34000015258789,16.6299991607666,16.110000610351562,16.59000015258789,1821000
2023-09-28,15.37891960144043,16.40999984741211,16.479999542236328,16.219999313354492,16.31999969482422,1230800
2023-09-29,15.31331729888916,16.34000015258789,16.559999465942383,16.34000015258789,16.5,2652200
2023-10-02,14.647928237915039,15.630000114440918,16.280000686645508,15.470000267028809,16.270000457763672,2944000
2023-10-03,14.694787979125977,15.680000305175781,15.720000267028809,15.5,15.510000228881836,2404400
2023-10-04,15.14462661743164,16.15999984741211,16.200000762939453,15.670000076293945,15.670000076293945,4145300
2023-10-05,15.472634315490723,16.510000228881836,16.520000457763672,16.209999084472656,16.209999084472656,3199400
2023-10-06,15.453892707824707,16.489999771118164,16.690000534057617,16.190000534057617,16.3799991607666,3614000
2023-10-09,15.435148239135742,16.469999313354492,16.6299991607666,16.3799991607666,16.3799991607666,1538800
2023-10-10,15.641325950622559,16.690000534057617,16.829999923706055,16.59000015258789,16.600000381469727,1854200
2023-10-11,15.810015678405762,16.8700008392334,16.899999618530273,16.700000762939453,16.739999771118164,1042700
2023-10-12,15.641325950622559,16.690000534057617,16.850000381469727,16.579999923706055,16.850000381469727,1660000
2023-10-13,15.660069465637207,16.709999084472656,16.889999389648438,16.700000762939453,16.719999313354492,1698800
2023-10-16,15.847501754760742,16.90999984741211,16.93000030517578,16.59000015258789,16.729999542236328,1486000
2023-10-17,15.706928253173828,16.760000228881836,16.920000076293945,16.709999084472656,16.809999465942383,1927400
2023-10-18,15.37891960144043,16.40999984741211,16.65999984741211,16.40999984741211,16.639999389648438,1140700
2023-10-19,15.332061767578125,16.360000610351562,16.59000015258789,16.299999237060547,16.40999984741211,2196100
2023-10-20,15.107141494750977,16.1200008392334,16.420000076293945,16.1200008392334,16.329999923706055,1425700
2023-10-23,15.088397979736328,16.100000381469727,16.360000610351562,15.949999809265137,16.049999237060547,1894500
2023-10-24,15.24771499633789,16.270000457763672,16.329999923706055,16.1299991607666,16.219999313354492,1649300
2023-10-25,15.135255813598633,16.149999618530273,16.420000076293945,16.049999237060547,16.170000076293945,1676500
2023-10-26,15.135255813598633,16.149999618530273,16.290000915527344,16.049999237060547,16.09000015258789,1174900
2023-10-27,14.863475799560547,15.859999656677246,16.209999084472656,15.789999961853027,16.209999084472656,1925600
2023-10-30,15.163370132446289,16.18000030517578,16.329999923706055,15.970000267028809,15.970000267028809,1571700
2023-10-31,15.107141494750977,16.1200008392334,16.329999923706055,16.1200008392334,16.239999771118164,2172100
2023-11-01,15.407034873962402,16.440000534057617,16.479999542236328,16.139999389648438,16.209999084472656,1882900
2023-11-02,16.147396087646484,17.229999542236328,17.309999465942383,16.639999389648438,16.639999389648438,2990600
2023-11-03,16.625350952148438,17.739999771118164,17.889999389648438,17.190000534057617,17.479999542236328,2988200
2023-11-06,16.531635284423828,17.639999389648438,17.90999984741211,17.59000015258789,17.81999969482422,1568300
2023-11-07,16.353572845458984,17.450000762939453,17.760000228881836,17.40999984741211,17.549999237060547,1817100
2023-11-08,16.175512313842773,17.260000228881836,17.59000015258789,17.18000030517578,17.530000686645508,2071200
2023-11-09,16.166141510009766,17.25,17.43000030517578,17.219999313354492,17.40999984741211,1349700
2023-11-10,16.147396087646484,17.229999542236328,17.329999923706055,17.030000686645508,17.329999923706055,2088400
2023-11-13,16.147396087646484,17.229999542236328,17.469999313354492,17.040000915527344,17.1200008392334,1169100
2023-11-14,16.59723472595215,17.709999084472656,17.729999542236328,17.440000534057617,17.440000534057617,1641200
2023-11-15,16.747182846069336,17.8700008392334,17.8700008392334,17.729999542236328,17.770000457763672,1544900
2023-11-16,16.559749603271484,17.670000076293945,17.90999984741211,17.639999389648438,17.809999465942383,1179300
2023-11-17,16.550378799438477,17.65999984741211,17.8700008392334,17.600000381469727,17.799999237060547,2016800
2023-11-20,16.522262573242188,17.6299991607666,17.68000030517578,17.5,17.610000610351562,1646200
2023-11-21,16.484777450561523,17.59000015258789,17.760000228881836,17.579999923706055,17.68000030517578,1366800
2023-11-22,16.456661224365234,17.559999465942383,17.719999313354492,17.540000915527344,17.649999618530273,1735800
2023-11-24,16.625350952148438,17.739999771118164,17.739999771118164,17.610000610351562,17.649999618530273,541200
2023-11-27,16.587865829467773,17.700000762939453,17.809999465942383,17.59000015258789,17.6299991607666,1227000
2023-11-28,16.61598014831543,17.729999542236328,17.809999465942383,17.59000015258789,17.649999618530273,1006600
2023-11-29,16.43791961669922,17.540000915527344,17.799999237060547,17.540000915527344,17.799999237060547,1454500
2023-11-30,16.784671783447266,17.90999984741211,17.969999313354492,17.479999542236328,17.549999237060547,2507300
2023-12-01,17.337600708007812,18.5,18.59000015258789,17.93000030517578,17.950000762939453,2859700
2023-12-04,17.46880340576172,18.639999389648438,18.719999313354492,18.34000015258789,18.360000610351562,1992400
2023-12-05,17.440689086914062,18.610000610351562,18.739999771118164,18.579999923706055,18.639999389648438,1833400
2023-12-06,17.64686393737793,18.829999923706055,19.139999389648438,18.690000534057617,18.690000534057617,1980800
2023-12-07,17.75932502746582,18.950000762939453,19.020000457763672,18.709999084472656,18.90999984741211,1355000
2023-12-08,17.556747436523438,18.459999084472656,18.700000762939453,18.3799991607666,18.700000762939453,1554500
2023-12-11,17.318979263305664,18.209999084472656,18.489999771118164,18.1299991607666,18.469999313354492,1612500
2023-12-12,17.21436309814453,18.100000381469727,18.229999542236328,17.950000762939453,18.190000534057617,1393200
2023-12-13,17.575769424438477,18.479999542236328,18.520000457763672,17.989999771118164,18.059999465942383,1779900
2023-12-14,17.471153259277344,18.3700008392334,18.68000030517578,18.290000915527344,18.600000381469727,2344300
2023-12-15,17.033658981323242,17.90999984741211,18.440000534057617,17.8799991607666,18.329999923706055,1812800
2023-12-18,16.871976852416992,17.739999771118164,18.110000610351562,17.690000534057617,18.049999237060547,2058900
2023-12-19,16.93855094909668,17.809999465942383,17.959999084472656,17.780000686645508,17.860000610351562,1897400
2023-12-20,16.67225456237793,17.530000686645508,17.8799991607666,17.530000686645508,17.760000228881836,1999400
2023-12-21,16.7958927154541,17.65999984741211,17.799999237060547,17.579999923706055,17.610000610351562,1847900
2023-12-22,16.700782775878906,17.559999465942383,17.8799991607666,17.510000228881836,17.75,2169500
2023-12-26,16.862464904785156,17.729999542236328,17.739999771118164,17.43000030517578,17.540000915527344,1089000
2023-12-27,16.852954864501953,17.719999313354492,17.729999542236328,17.56999969482422,17.600000381469727,2654700
2023-12-28,16.95757293701172,17.829999923706055,17.860000610351562,17.65999984741211,17.709999084472656,6471100
2023-12-29,16.919530868530273,17.790000915527344,17.93000030517578,17.670000076293945,17.780000686645508,2426600
2024-01-02,17.033658981323242,17.90999984741211,18.020000457763672,17.670000076293945,17.690000534057617,2591800
2024-01-03,17.024147033691406,17.899999618530273,17.979999542236328,17.690000534057617,17.81999969482422,2034900
2024-01-04,16.98610496520996,17.860000610351562,17.920000076293945,17.450000762939453,17.68000030517578,2933700
2024-01-05,17.043169021606445,17.920000076293945,18.020000457763672,17.709999084472656,17.790000915527344,2264600
2024-01-08,17.24289321899414,18.1299991607666,18.239999771118164,17.90999984741211,17.93000030517578,2124000
2024-01-09,17.21436309814453,18.100000381469727,18.110000610351562,17.860000610351562,18.110000610351562,1805900
2024-01-10,17.37604331970215,18.270000457763672,18.290000915527344,18.079999923706055,18.110000610351562,1372900
2024-01-11,17.176319122314453,18.059999465942383,18.389999389648438,17.969999313354492,18.299999237060547,2141400
2024-01-12,17.23338508605957,18.1200008392334,18.3799991607666,18.110000610351562,18.170000076293945,1371900
2024-01-16,17.461641311645508,18.360000610351562,18.399999618530273,18.049999237060547,18.049999237060547,3403900
2024-01-17,17.290449142456055,18.18000030517578,18.25,17.989999771118164,18.200000762939453,2380600
2024-01-18,17.347511291503906,18.239999771118164,18.270000457763672,17.989999771118164,18.18000030517578,2357200
2024-01-19,17.433107376098633,18.329999923706055,18.3799991607666,18.1299991607666,18.280000686645508,1809000
2024-01-22,17.30946922302246,18.200000762939453,18.3700008392334,18.170000076293945,18.3700008392334,2659500
2024-01-23,17.452131271362305,18.350000381469727,18.3700008392334,18.110000610351562,18.299999237060547,1895200
2024-01-24,17.21436309814453,18.100000381469727,18.549999237060547,18.049999237060547,18.469999313354492,1777900
2024-01-25,17.26191520690918,18.149999618530273,18.329999923706055,18.1200008392334,18.200000762939453,1897900
2024-01-26,17.23338508605957,18.1200008392334,18.299999237060547,18.09000015258789,18.209999084472656,1360900
2024-01-29,17.366533279418945,18.260000228881836,18.350000381469727,17.920000076293945,18.1299991607666,1746400
2024-01-30,17.223873138427734,18.110000610351562,18.239999771118164,18.06999969482422,18.170000076293945,1597000
2024-01-31,17.024147033691406,17.899999618530273,18.200000762939453,17.790000915527344,18.1299991607666,2511500
2024-02-01,17.23338508605957,18.1200008392334,18.15999984741211,17.860000610351562,18.0,2195400
2024-02-02,16.84344482421875,17.709999084472656,17.989999771118164,17.469999313354492,17.979999542236328,2371000
2024-02-05,16.42497444152832,17.270000457763672,17.600000381469727,17.25,17.540000915527344,3081700
2024-02-06,16.54861068725586,17.399999618530273,17.489999771118164,17.170000076293945,17.290000915527344,3244200
2024-02-07,16.605674743652344,17.459999084472656,17.5,17.299999237060547,17.40999984741211,1980800
2024-02-08,16.225248336791992,17.059999465942383,17.420000076293945,16.940000534057617,17.420000076293945,2749900
2024-02-09,16.700782775878906,17.559999465942383,17.979999542236328,17.229999542236328,17.510000228881836,4987000
2024-02-12,16.757848739624023,17.6200008392334,17.719999313354492,17.3799991607666,17.530000686645508,2192400
2024-02-13,16.24427032470703,17.079999923706055,17.450000762939453,16.899999618530273,17.389999389648438,2882700
2024-02-14,16.434484481811523,17.280000686645508,17.309999465942383,17.1200008392334,17.18000030517578,1668100
2024-02-15,16.738828659057617,17.600000381469727,17.719999313354492,17.299999237060547,17.299999237060547,2608900
2024-02-16,16.881486892700195,17.75,17.889999389648438,17.520000457763672,17.530000686645508,1625600
2024-02-20,17.014636993408203,17.889999389648438,17.979999542236328,17.68000030517578,17.690000534057617,1822500
2024-02-21,17.05268096923828,17.93000030517578,18.010000228881836,17.75,17.90999984741211,1288700
2024-02-22,17.166807174682617,18.049999237060547,18.09000015258789,17.920000076293945,17.940000534057617,3717900
2024-02-23,17.128765106201172,18.010000228881836,18.15999984741211,17.889999389648438,18.049999237060547,1600000
2024-02-26,16.786380767822266,17.649999618530273,18.0,17.549999237060547,17.979999542236328,2207400
2024-02-27,16.84344482421875,17.709999084472656,17.75,17.6200008392334,17.68000030517578,1130300
2024-02-28,16.56763458251953,17.420000076293945,17.610000610351562,17.360000610351562,17.610000610351562,1826700
2024-02-29,16.58665657043457,17.440000534057617,17.6299991607666,17.3799991607666,17.5,1704900
2024-03-01,16.700782775878906,17.559999465942383,17.610000610351562,17.309999465942383,17.440000534057617,1721400
2024-03-04,16.4725284576416,17.31999969482422,17.59000015258789,17.290000915527344,17.450000762939453,2320100
2024-03-05,16.32986831665039,17.170000076293945,17.3700008392334,17.09000015258789,17.360000610351562,2571500
2024-03-06,16.643718719482422,17.5,17.540000915527344,17.280000686645508,17.280000686645508,1562400
2024-03-07,16.7958927154541,17.65999984741211,17.770000457763672,17.520000457763672,17.649999618530273,1820600
2024-03-08,16.72728157043457,17.309999465942383,17.5,17.200000762939453,17.3799991607666,1665600
2024-03-11,16.71761703491211,17.299999237060547,17.3799991607666,17.110000610351562,17.309999465942383,1452800
2024-03-12,16.5533390045166,17.1299991607666,17.389999389648438,17.040000915527344,17.290000915527344,1904200
2024-03-13,16.36007308959961,16.93000030517578,17.219999313354492,16.850000381469727,17.139999389648438,2270800
2024-03-14,15.944548606872559,16.5,16.899999618530273,16.350000381469727,16.8799991607666,3437600
2024-03-15,16.00252914428711,16.559999465942383,16.639999389648438,16.34000015258789,16.479999542236328,3355800
2024-03-18,15.963875770568848,16.520000457763672,16.59000015258789,16.3799991607666,16.59000015258789,1968000
2024-03-19,15.92522144317627,16.479999542236328,16.6200008392334,16.31999969482422,16.389999389648438,1501300
2024-03-20,16.12815284729004,16.690000534057617,16.700000762939453,16.3799991607666,16.450000762939453,1760600
2024-03-21,15.95421314239502,16.510000228881836,16.770000457763672,16.489999771118164,16.639999389648438,2895300
2024-03-22,15.451716423034668,15.989999771118164,16.579999923706055,15.930000305175781,16.579999923706055,3534300
2024-03-25,15.25844955444336,15.789999961853027,15.970000267028809,15.6899995803833,15.930000305175781,3037200
2024-03-26,15.171480178833008,15.699999809265137,15.949999809265137,15.699999809265137,15.90999984741211,4205700
2024-03-27,15.374410629272461,15.90999984741211,15.979999542236328,15.699999809265137,15.800000190734863,9034900
2024-03-28,15.471044540405273,16.010000228881836,16.139999389648438,15.880000114440918,15.930000305175781,4002300
2024-04-01,15.355083465576172,15.890000343322754,16.010000228881836,15.5600004196167,15.960000038146973,4577000
2024-04-02,15.403399467468262,15.9399995803833,15.960000038146973,15.619999885559082,15.829999923706055,4799500
2024-04-03,15.461380958557129,16.0,16.219999313354492,15.899999618530273,15.920000076293945,3788700
2024-04-04,15.422727584838867,15.960000038146973,16.18000030517578,15.949999809265137,16.079999923706055,2055900
2024-04-05,15.480708122253418,16.020000457763672,16.15999984741211,15.819999694824219,15.869999885559082,2707400
2024-04-08,15.683637619018555,16.229999542236328,16.260000228881836,15.949999809265137,16.079999923706055,2600700
2024-04-09,15.867241859436035,16.420000076293945,16.520000457763672,16.209999084472656,16.270000457763672,2870200
2024-04-10,15.654648780822754,16.200000762939453,16.209999084472656,15.979999542236328,16.190000534057617,2657000
2024-04-11,15.635320663452148,16.18000030517578,16.280000686645508,16.010000228881836,16.170000076293945,1769600
2024-04-12,15.316431045532227,15.850000381469727,16.149999618530273,15.760000228881836,16.139999389648438,2140100
2024-04-15,15.219797134399414,15.75,16.059999465942383,15.520000457763672,15.949999809265137,2936000
2024-04-16,15.152153015136719,15.680000305175781,15.75,15.350000381469727,15.65999984741211,4492600
2024-04-17,15.229460716247559,15.760000228881836,15.899999618530273,15.630000114440918,15.75,2033500
2024-04-18,15.248785972595215,15.779999732971191,15.880000114440918,15.670000076293945,15.829999923706055,1697000
2024-04-19,15.384074211120605,15.920000076293945,15.970000267028809,15.770000457763672,15.770000457763672,1818300
2024-04-22,15.529024124145508,16.06999969482422,16.09000015258789,15.90999984741211,15.989999771118164,1946500
2024-04-23,15.664310455322266,16.209999084472656,16.239999771118164,16.09000015258789,16.100000381469727,1874800
2024-04-24,15.538686752319336,16.079999923706055,16.239999771118164,15.880000114440918,16.229999542236328,2458300
2024-04-25,15.558014869689941,16.100000381469727,16.1299991607666,15.850000381469727,15.899999618530273,2016700
2024-04-26,15.529024124145508,16.06999969482422,16.139999389648438,15.979999542236328,16.1200008392334,1544900
2024-04-29,15.587002754211426,16.1299991607666,16.270000457763672,16.049999237060547,16.15999984741211,2476200
2024-04-30,15.529024124145508,16.06999969482422,16.1299991607666,15.970000267028809,16.020000457763672,1994200
2024-05-01,15.683637619018555,16.229999542236328,16.360000610351562,15.970000267028809,16.049999237060547,2112400
2024-05-02,15.818925857543945,16.3700008392334,16.3799991607666,15.979999542236328,16.360000610351562,2451100
2024-05-03,15.828587532043457,16.3799991607666,16.59000015258789,16.34000015258789,16.530000686645508,2415000
2024-05-06,15.905895233154297,16.459999084472656,16.59000015258789,16.420000076293945,16.489999771118164,1934900
2024-05-07,15.87690544128418,16.43000030517578,16.549999237060547,16.3799991607666,16.510000228881836,1302000
2024-05-08,15.847914695739746,16.399999618530273,16.540000915527344,16.299999237060547,16.360000610351562,2376800
2024-05-09,15.857579231262207,16.40999984741211,16.600000381469727,16.200000762939453,16.440000534057617,3329500
2024-05-10,15.558014869689941,16.100000381469727,16.43000030517578,16.09000015258789,16.389999389648438,4331000
2024-05-13,15.722291946411133,16.270000457763672,16.31999969482422,16.079999923706055,16.200000762939453,2333300
2024-05-14,15.88656997680664,16.440000534057617,16.459999084472656,16.290000915527344,16.329999923706055,1520900
2024-05-15,15.95421314239502,16.510000228881836,16.709999084472656,16.479999542236328,16.610000610351562,1528600
2024-05-16,15.905895233154297,16.459999084472656,16.6200008392334,16.389999389648438,16.610000610351562,1665000
2024-05-17,16.060510635375977,16.6200008392334,16.65999984741211,16.420000076293945,16.520000457763672,1912200
2024-05-20,15.93488597869873,16.489999771118164,16.649999618530273,16.40999984741211,16.6200008392334,955300
2024-05-21,15.838252067565918,16.389999389648438,16.6200008392334,16.31999969482422,16.6200008392334,1787300
2024-05-22,15.983203887939453,16.540000915527344,16.59000015258789,16.290000915527344,16.34000015258789,2148600
2024-05-23,15.818925857543945,16.3700008392334,16.610000610351562,16.239999771118164,16.530000686645508,1784600
2024-05-24,15.731954574584961,16.280000686645508,16.420000076293945,16.25,16.3799991607666,1428900
2024-05-28,15.751280784606934,16.299999237060547,16.5,16.200000762939453,16.450000762939453,2034300
2024-05-29,15.461380958557129,16.0,16.18000030517578,15.930000305175781,16.18000030517578,1564500
2024-05-30,15.587002754211426,16.1299991607666,16.25,16.0,16.079999923706055,2626300
2024-05-31,15.896232604980469,16.450000762939453,16.469999313354492,16.190000534057617,16.209999084472656,2202200
2024-06-03,15.88656997680664,16.440000534057617,16.540000915527344,16.299999237060547,16.459999084472656,1882700
2024-06-04,16.12815284729004,16.690000534057617,16.729999542236328,16.350000381469727,16.40999984741211,2121600
2024-06-05,16.099163055419922,16.65999984741211,16.739999771118164,16.520000457763672,16.649999618530273,1751000
2024-06-06,16.147480010986328,16.709999084472656,16.790000915527344,16.600000381469727,16.6299991607666,3271400
2024-06-07,16.00252914428711,16.559999465942383,16.670000076293945,16.520000457763672,16.610000610351562,1693500
2024-06-10,15.818682670593262,16.09000015258789,16.25,16.040000915527344,16.190000534057617,3635000
2024-06-11,15.799018859863281,16.06999969482422,16.100000381469727,15.890000343322754,16.049999237060547,1815800
2024-06-12,15.818682670593262,16.09000015258789,16.360000610351562,16.079999923706055,16.25,3602800
2024-06-13,15.553235054016113,15.819999694824219,16.079999923706055,15.6899995803833,16.059999465942383,3394400
2024-06-14,15.53357219696045,15.800000190734863,15.829999923706055,15.520000457763672,15.760000228881836,2072800
2024-06-17,15.366438865661621,15.630000114440918,15.75,15.600000381469727,15.699999809265137,1491900
2024-06-18,15.307450294494629,15.569999694824219,15.640000343322754,15.5,15.640000343322754,2212200
2024-06-20,15.464752197265625,15.729999542236328,15.75,15.4399995803833,15.510000228881836,1911500
2024-06-21,15.494247436523438,15.760000228881836,15.8100004196167,15.65999984741211,15.8100004196167,2344700
2024-06-24,15.58272933959961,15.850000381469727,15.970000267028809,15.739999771118164,15.859999656677246,2106000
2024-06-25,15.2681245803833,15.529999732971191,15.869999885559082,15.470000267028809,15.819999694824219,1844000
2024-06-26,14.933857917785645,15.1899995803833,15.470000267028809,15.119999885559082,15.470000267028809,3111900
2024-06-27,14.924027442932129,15.180000305175781,15.220000267028809,15.100000381469727,15.1899995803833,1703100
2024-06-28,14.8847017288208,15.140000343322754,15.25,15.119999885559082,15.25,1432600
2024-07-01,14.855207443237305,15.109999656677246,15.399999618530273,15.100000381469727,15.149999618530273,954300
2024-07-02,14.65857982635498,14.90999984741211,15.079999923706055,14.630000114440918,15.069999694824219,3119100
2024-07-03,14.806051254272461,15.0600004196167,15.220000267028809,14.90999984741211,14.979999542236328,1047800
2024-07-05,15.012510299682617,15.270000457763672,15.300000190734863,15.069999694824219,15.180000305175781,1473700
2024-07-08,15.150148391723633,15.40999984741211,15.449999809265137,15.239999771118164,15.289999961853027,1654000
2024-07-09,15.179642677307129,15.4399995803833,15.470000267028809,15.260000228881836,15.359999656677246,2438200
2024-07-10,15.042003631591797,15.300000190734863,15.510000228881836,15.279999732971191,15.470000267028809,1758800
2024-07-11,15.1403169631958,15.399999618530273,15.550000190734863,15.289999961853027,15.449999809265137,2666800
2024-07-12,15.27795696258545,15.539999961853027,15.619999885559082,15.420000076293945,15.579999923706055,1775000
2024-07-15,15.248462677001953,15.510000228881836,15.600000381469727,15.40999984741211,15.460000038146973,1314900
2024-07-16,15.464752197265625,15.729999542236328,15.779999732971191,15.460000038146973,15.529999732971191,1100900
2024-07-17,15.563066482543945,15.829999923706055,15.890000343322754,15.65999984741211,15.720000267028809,1737700
2024-07-18,15.641716957092285,15.90999984741211,16.040000915527344,15.789999961853027,15.869999885559082,1885300
2024-07-19,15.553235054016113,15.819999694824219,15.9399995803833,15.699999809265137,15.930000305175781,1704300
2024-07-22,15.464752197265625,15.729999542236328,15.90999984741211,15.710000038146973,15.800000190734863,1877100
2024-07-23,15.425426483154297,15.6899995803833,15.829999923706055,15.65999984741211,15.710000038146973,1459800
2024-07-24,15.494247436523438,15.760000228881836,15.829999923706055,15.640000343322754,15.710000038146973,1649900
2024-07-25,15.563066482543945,15.829999923706055,15.899999618530273,15.680000305175781,15.729999542236328,1955400
2024-07-26,15.612223625183105,15.880000114440918,15.949999809265137,15.800000190734863,15.8100004196167,2611100
2024-07-29,15.622055053710938,15.890000343322754,15.9399995803833,15.75,15.920000076293945,1638300
2024-07-30,15.720368385314941,15.989999771118164,16.079999923706055,15.84000015258789,15.850000381469727,1853200
2024-07-31,15.867838859558105,16.139999389648438,16.239999771118164,16.010000228881836,16.010000228881836,1724000
2024-08-01,16.084129333496094,16.360000610351562,16.389999389648438,16.040000915527344,16.1299991607666,2346500
2024-08-02,16.329914093017578,16.610000610351562,16.649999618530273,16.079999923706055,16.420000076293945,4975000
2024-08-05,15.926828384399414,16.200000762939453,16.420000076293945,15.989999771118164,16.1299991607666,2974100
2024-08-06,16.06446647644043,16.34000015258789,16.600000381469727,15.890000343322754,16.030000686645508,2888500
2024-08-07,16.133285522460938,16.40999984741211,16.510000228881836,16.34000015258789,16.43000030517578,2035100
2024-08-08,16.123455047607422,16.399999618530273,16.489999771118164,16.34000015258789,16.440000534057617,2067400
2024-08-09,16.123455047607422,16.399999618530273,16.440000534057617,16.309999465942383,16.440000534057617,1076800
2024-08-12,16.113622665405273,16.389999389648438,16.459999084472656,16.299999237060547,16.459999084472656,1623800
2024-08-13,15.936657905578613,16.209999084472656,16.469999313354492,16.190000534057617,16.469999313354492,3144000
2024-08-14,15.730199813842773,16.0,16.239999771118164,15.970000267028809,16.100000381469727,2243700
2024-08-15,15.681042671203613,15.949999809265137,16.049999237060547,15.880000114440918,15.989999771118164,2546300
2024-08-16,15.730199813842773,16.0,16.020000457763672,15.930000305175781,15.930000305175781,1265800
2024-08-19,15.759695053100586,16.030000686645508,16.149999618530273,16.0,16.079999923706055,1645900
2024-08-20,15.622055053710938,15.890000343322754,16.0,15.850000381469727,15.960000038146973,3252500
2024-08-21,15.622055053710938,15.890000343322754,15.960000038146973,15.869999885559082,15.880000114440918,2915800
2024-08-22,15.572897911071777,15.84000015258789,15.989999771118164,15.800000190734863,15.960000038146973,1478800
2024-08-23,15.818682670593262,16.09000015258789,16.18000030517578,15.899999618530273,15.899999618530273,2443100
2024-08-26,15.98581600189209,16.260000228881836,16.280000686645508,16.100000381469727,16.100000381469727,2207100
2024-08-27,15.897333145141602,16.170000076293945,16.239999771118164,16.09000015258789,16.170000076293945,1782500
2024-08-28,15.799018859863281,16.06999969482422,16.219999313354492,16.0,16.149999618530273,1364100
2024-08-29,15.740031242370605,16.010000228881836,16.139999389648438,15.979999542236328,16.1200008392334,1168000
2024-08-30,15.867838859558105,16.139999389648438,16.260000228881836,16.040000915527344,16.1200008392334,1758400
2024-09-03,16.123455047607422,16.399999618530273,16.420000076293945,16.079999923706055,16.139999389648438,1814700
2024-09-04,16.339746475219727,16.6200008392334,16.709999084472656,16.360000610351562,16.40999984741211,2436500
2024-09-05,16.536373138427734,16.81999969482422,16.920000076293945,16.65999984741211,16.719999313354492,2367000
2024-09-06,16.575698852539062,16.860000610351562,16.959999084472656,16.799999237060547,16.860000610351562,1879400
2024-09-09,16.732999801635742,17.020000457763672,17.110000610351562,16.8700008392334,16.8700008392334,2722400
2024-09-10,16.610000610351562,16.610000610351562,16.760000228881836,16.489999771118164,16.739999771118164,1994600
2024-09-11,16.579999923706055,16.579999923706055,16.610000610351562,16.3700008392334,16.530000686645508,2093400
2024-09-12,16.969999313354492,16.969999313354492,17.0,16.520000457763672,16.56999969482422,3203600
2024-09-13,16.93000030517578,16.93000030517578,17.270000457763672,16.809999465942383,17.030000686645508,2574200
2024-09-16,16.950000762939453,16.950000762939453,17.059999465942383,16.899999618530273,17.0,1264000
2024-09-17,16.860000610351562,16.860000610351562,17.030000686645508,16.790000915527344,16.889999389648438,1241100
2024-09-18,16.780000686645508,16.780000686645508,16.959999084472656,16.770000457763672,16.8799991607666,2776200
2024-09-19,16.850000381469727,16.850000381469727,16.959999084472656,16.760000228881836,16.850000381469727,1989000
2024-09-20,16.739999771118164,16.739999771118164,16.8700008392334,16.670000076293945,16.809999465942383,2908800
2024-09-23,16.670000076293945,16.670000076293945,16.799999237060547,16.600000381469727,16.780000686645508,2264400
2024-09-24,16.68000030517578,16.68000030517578,16.739999771118164,16.559999465942383,16.709999084472656,1472900
2024-09-25,16.479999542236328,16.479999542236328,16.760000228881836,16.469999313354492,16.719999313354492,2218500
2024-09-26,16.65999984741211,16.65999984741211,16.709999084472656,16.510000228881836,16.549999237060547,1717000
2024-09-27,16.770000457763672,16.770000457763672,16.84000015258789,16.610000610351562,16.670000076293945,1611100
2024-09-30,16.780000686645508,16.780000686645508,16.8799991607666,16.68000030517578,16.81999969482422,1570100
2024-10-01,16.780000686645508,16.780000686645508,16.84000015258789,16.68000030517578,16.760000228881836,3111700
2024-10-02,16.649999618530273,16.649999618530273,16.770000457763672,16.549999237060547,16.690000534057617,1557100
2024-10-03,16.43000030517578,16.43000030517578,16.639999389648438,16.389999389648438,16.600000381469727,1964200
2024-10-04,16.299999237060547,16.299999237060547,16.5,16.270000457763672,16.3700008392334,1666100
2024-10-07,16.260000228881836,16.260000228881836,16.299999237060547,16.1299991607666,16.299999237060547,2004900
2024-10-08,16.15999984741211,16.15999984741211,16.280000686645508,16.079999923706055,16.25,1244600
2024-10-09,16.139999389648438,16.139999389648438,16.15999984741211,16.030000686645508,16.030000686645508,1485000
2024-10-10,16.049999237060547,16.049999237060547,16.15999984741211,15.9399995803833,16.15999984741211,2116900
2024-10-11,16.190000534057617,16.190000534057617,16.25,16.020000457763672,16.040000915527344,1677800
2024-10-14,16.1299991607666,16.1299991607666,16.229999542236328,16.110000610351562,16.229999542236328,620800
2024-10-15,16.139999389648438,16.139999389648438,16.260000228881836,16.079999923706055,16.100000381469727,2077800
2024-10-16,16.239999771118164,16.239999771118164,16.280000686645508,16.149999618530273,16.229999542236328,1728700
2024-10-17,16.34000015258789,16.34000015258789,16.389999389648438,16.170000076293945,16.18000030517578,2601500
2024-10-18,16.350000381469727,16.350000381469727,16.440000534057617,16.31999969482422,16.3700008392334,1015000
2024-10-21,16.200000762939453,16.200000762939453,16.3799991607666,16.139999389648438,16.350000381469727,1651300
2024-10-22,16.190000534057617,16.190000534057617,16.219999313354492,16.059999465942383,16.1200008392334,1590500
2024-10-23,16.170000076293945,16.170000076293945,16.209999084472656,16.049999237060547,16.110000610351562,1781200
2024-10-24,15.9399995803833,15.9399995803833,16.190000534057617,15.850000381469727,16.110000610351562,2383100
2024-10-25,15.819999694824219,15.819999694824219,15.989999771118164,15.760000228881836,15.930000305175781,2201400
2024-10-28,16.139999389648438,16.139999389648438,16.209999084472656,15.890000343322754,15.970000267028809,2731300
2024-10-29,16.020000457763672,16.020000457763672,16.110000610351562,15.899999618530273,16.06999969482422,3889300
2024-10-30,15.920000076293945,15.920000076293945,16.030000686645508,15.869999885559082,15.979999542236328,1653400
2024-10-31,15.8100004196167,15.8100004196167,15.949999809265137,15.800000190734863,15.90999984741211,2290800
2024-11-01,15.6899995803833,15.6899995803833,15.899999618530273,15.59000015258789,15.899999618530273,2242000
2024-11-04,15.710000038146973,15.710000038146973,15.8100004196167,15.520000457763672,15.699999809265137,5452800
2024-11-05,15.630000114440918,15.630000114440918,15.729999542236328,15.5600004196167,15.680000305175781,4144000
2024-11-06,15.109999656677246,15.109999656677246,15.529999732971191,15.0,15.510000228881836,4543900
2024-11-07,15.170000076293945,15.170000076293945,15.260000228881836,15.0600004196167,15.210000038146973,3269300
2024-11-08,15.65999984741211,15.65999984741211,15.90999984741211,15.539999961853027,15.720000267028809,4655100
2024-11-11,15.739999771118164,15.739999771118164,15.859999656677246,15.59000015258789,15.600000381469727,3426700
2024-11-12,15.670000076293945,15.670000076293945,15.760000228881836,15.430000305175781,15.760000228881836,3296900
2024-11-13,15.579999923706055,15.579999923706055,15.770000457763672,15.5600004196167,15.609999656677246,3347000
2024-11-14,15.180000305175781,15.180000305175781,15.65999984741211,15.15999984741211,15.600000381469727,4007000
2024-11-15,15.170000076293945,15.170000076293945,15.260000228881836,15.069999694824219,15.180000305175781,2235200
2024-11-18,15.4399995803833,15.4399995803833,15.520000457763672,15.170000076293945,15.1899995803833,3056400
2024-11-19,15.5,15.5,15.510000228881836,15.289999961853027,15.369999885559082,2692800
2024-11-20,15.510000228881836,15.510000228881836,15.529999732971191,15.390000343322754,15.5,2545200
2024-11-21,15.319999694824219,15.319999694824219,15.489999771118164,15.180000305175781,15.489999771118164,3297200
2024-11-22,15.199999809265137,15.199999809265137,15.40999984741211,15.140000343322754,15.350000381469727,3618200
2024-11-25,15.479999542236328,15.479999542236328,15.510000228881836,15.229999542236328,15.279999732971191,3266800
2024-11-26,15.229999542236328,15.229999542236328,15.4399995803833,15.149999618530273,15.289999961853027,3091000
2024-11-27,15.470000267028809,15.470000267028809,15.529999732971191,15.229999542236328,15.25,2232700
2024-11-29,15.539999961853027,15.539999961853027,15.550000190734863,15.390000343322754,15.489999771118164,1154700
