Date,Open,High,Low,Close,Adj Close,Volume
1993-03-02,5.351589202880859,5.752957820892334,5.351589202880859,5.752957820892334,1.4653681516647339,7474
1993-03-03,5.351589202880859,5.752957820892334,5.351589202880859,5.752957820892334,1.4653681516647339,9717
1993-03-04,5.752957820892334,5.752957820892334,5.752957820892334,5.752957820892334,1.4653681516647339,0
1993-03-05,5.752957820892334,5.752957820892334,5.752957820892334,5.752957820892334,1.4653681516647339,0
1993-03-08,5.752957820892334,5.752957820892334,5.752957820892334,5.752957820892334,1.4653681516647339,0
1993-03-09,5.752957820892334,5.752957820892334,5.752957820892334,5.752957820892334,1.4653681516647339,0
1993-03-10,5.752957820892334,5.752957820892334,5.752957820892334,5.752957820892334,1.4653681516647339,0
1993-03-11,5.752957820892334,5.752957820892334,5.752957820892334,5.752957820892334,1.4653681516647339,0
1993-03-12,5.752957820892334,5.752957820892334,5.752957820892334,5.752957820892334,1.4653681516647339,0
1993-03-15,5.752957820892334,5.752957820892334,5.752957820892334,5.752957820892334,1.4653681516647339,0
1993-03-16,5.752957820892334,5.752957820892334,5.752957820892334,5.752957820892334,1.4653681516647339,0
1993-03-17,5.752957820892334,5.752957820892334,5.752957820892334,5.752957820892334,1.4653681516647339,0
1993-03-18,5.752957820892334,5.752957820892334,5.752957820892334,5.752957820892334,1.4653681516647339,0
1993-03-19,5.752957820892334,5.752957820892334,5.752957820892334,5.752957820892334,1.4653681516647339,0
1993-03-22,5.752957820892334,5.752957820892334,5.752957820892334,5.752957820892334,1.4653681516647339,0
1993-03-23,5.752957820892334,5.752957820892334,5.752957820892334,5.752957820892334,1.4653681516647339,0
1993-03-24,5.752957820892334,5.752957820892334,5.752957820892334,5.752957820892334,1.4653681516647339,0
1993-03-25,5.752957820892334,5.752957820892334,5.752957820892334,5.752957820892334,1.4653681516647339,0
1993-03-26,5.752957820892334,5.752957820892334,5.752957820892334,5.752957820892334,1.4653681516647339,0
1993-03-29,5.752957820892334,5.752957820892334,5.752957820892334,5.752957820892334,1.4653681516647339,0
1993-03-30,5.752957820892334,5.752957820892334,5.752957820892334,5.752957820892334,1.4653681516647339,0
1993-03-31,5.752957820892334,5.752957820892334,5.752957820892334,5.752957820892334,1.4653681516647339,0
1993-04-01,5.752957820892334,5.752957820892334,5.752957820892334,5.752957820892334,1.4653681516647339,0
1993-04-02,5.752957820892334,5.752957820892334,5.752957820892334,5.752957820892334,1.4653681516647339,0
1993-04-05,5.752957820892334,5.752957820892334,5.752957820892334,5.752957820892334,1.4653681516647339,0
1993-04-06,5.752957820892334,5.752957820892334,5.752957820892334,5.752957820892334,1.4653681516647339,0
1993-04-07,5.752957820892334,5.752957820892334,5.752957820892334,5.752957820892334,1.4653681516647339,0
1993-04-08,5.752957820892334,5.752957820892334,5.752957820892334,5.752957820892334,1.4653681516647339,0
1993-04-12,5.752957820892334,5.752957820892334,5.752957820892334,5.752957820892334,1.4653681516647339,0
1993-04-13,5.752957820892334,5.752957820892334,5.752957820892334,5.752957820892334,1.4653681516647339,0
1993-04-14,5.752957820892334,5.752957820892334,5.752957820892334,5.752957820892334,1.4653681516647339,0
1993-04-15,5.752957820892334,5.752957820892334,5.752957820892334,5.752957820892334,1.4653681516647339,0
1993-04-16,5.752957820892334,5.752957820892334,5.752957820892334,5.752957820892334,1.4653681516647339,0
1993-04-19,5.752957820892334,5.752957820892334,5.752957820892334,5.752957820892334,1.4653681516647339,0
1993-04-20,5.752957820892334,5.752957820892334,5.752957820892334,5.752957820892334,1.4653681516647339,0
1993-04-21,6.4219069480896,6.957066059112549,6.4219069480896,6.957066059112549,1.7720727920532227,1495
1993-04-22,6.957066059112549,6.957066059112549,6.957066059112549,6.957066059112549,1.7720727920532227,0
1993-04-23,6.957066059112549,6.957066059112549,6.957066059112549,6.957066059112549,1.7720727920532227,0
1993-04-26,6.957066059112549,6.957066059112549,6.957066059112549,6.957066059112549,1.7720727920532227,0
1993-04-27,6.957066059112549,6.957066059112549,6.957066059112549,6.957066059112549,1.7720727920532227,0
1993-04-28,6.957066059112549,6.957066059112549,6.957066059112549,6.957066059112549,1.7720727920532227,0
1993-04-29,6.957066059112549,6.957066059112549,6.957066059112549,6.957066059112549,1.7720727920532227,0
1993-04-30,6.957066059112549,6.957066059112549,6.957066059112549,6.957066059112549,1.7720727920532227,0
1993-05-03,6.957066059112549,6.957066059112549,6.957066059112549,6.957066059112549,1.7720727920532227,0
1993-05-04,6.957066059112549,6.957066059112549,6.957066059112549,6.957066059112549,1.7720727920532227,0
1993-05-05,6.957066059112549,6.957066059112549,6.957066059112549,6.957066059112549,1.7720727920532227,0
1993-05-06,6.689486026763916,6.689486026763916,6.154327869415283,6.154327869415283,1.567603349685669,2242
1993-05-07,8.294962882995605,8.294962882995605,8.294962882995605,8.294962882995605,2.126725912094116,374
1993-05-10,8.294962882995605,8.294962882995605,8.294962882995605,8.294962882995605,2.126725912094116,0
1993-05-11,8.294962882995605,8.294962882995605,8.294962882995605,8.294962882995605,2.126725912094116,0
1993-05-12,8.294962882995605,8.294962882995605,8.294962882995605,8.294962882995605,2.126725912094116,0
1993-05-13,8.294962882995605,8.294962882995605,8.294962882995605,8.294962882995605,2.126725912094116,0
1993-05-14,8.294962882995605,8.294962882995605,8.294962882995605,8.294962882995605,2.126725912094116,0
1993-05-17,8.294962882995605,8.294962882995605,8.294962882995605,8.294962882995605,2.126725912094116,0
1993-05-18,8.294962882995605,8.294962882995605,8.294962882995605,8.294962882995605,2.126725912094116,0
1993-05-19,8.294962882995605,8.294962882995605,8.294962882995605,8.294962882995605,2.126725912094116,0
1993-05-20,8.294962882995605,8.294962882995605,8.294962882995605,8.294962882995605,2.126725912094116,0
1993-05-21,8.294962882995605,8.294962882995605,8.294962882995605,8.294962882995605,2.126725912094116,0
1993-05-24,8.294962882995605,8.294962882995605,8.294962882995605,8.294962882995605,2.126725912094116,0
1993-05-25,8.294962882995605,8.294962882995605,8.294962882995605,8.294962882995605,2.126725912094116,0
1993-05-26,8.294962882995605,8.294962882995605,8.294962882995605,8.294962882995605,2.126725912094116,0
1993-05-27,8.294962882995605,8.294962882995605,8.294962882995605,8.294962882995605,2.126725912094116,0
1993-05-28,8.294962882995605,8.294962882995605,8.294962882995605,8.294962882995605,2.126725912094116,0
1993-06-01,6.4219069480896,6.957066059112549,6.4219069480896,6.4219069480896,1.6464977264404297,8596
1993-06-02,6.4219069480896,6.4219069480896,6.4219069480896,6.4219069480896,1.6464977264404297,0
1993-06-03,6.4219069480896,6.4219069480896,6.4219069480896,6.4219069480896,1.6464977264404297,0
1993-06-04,6.4219069480896,6.4219069480896,6.4219069480896,6.4219069480896,1.6464977264404297,0
1993-06-07,6.4219069480896,6.4219069480896,6.4219069480896,6.4219069480896,1.6464977264404297,0
1993-06-08,6.4219069480896,6.4219069480896,6.4219069480896,6.4219069480896,1.6464977264404297,0
1993-06-09,6.4219069480896,6.4219069480896,6.4219069480896,6.4219069480896,1.6464977264404297,0
1993-06-10,6.4219069480896,6.4219069480896,6.4219069480896,6.4219069480896,1.6464977264404297,0
1993-06-11,6.4219069480896,6.4219069480896,6.4219069480896,6.4219069480896,1.6464977264404297,0
1993-06-14,6.4219069480896,6.4219069480896,6.4219069480896,6.4219069480896,1.6464977264404297,0
1993-06-15,6.4219069480896,6.4219069480896,6.4219069480896,6.4219069480896,1.6464977264404297,0
1993-06-16,6.4219069480896,6.4219069480896,6.4219069480896,6.4219069480896,1.6464977264404297,0
1993-06-17,6.4219069480896,6.4219069480896,6.4219069480896,6.4219069480896,1.6464977264404297,0
1993-06-18,6.4219069480896,6.4219069480896,6.4219069480896,6.4219069480896,1.6464977264404297,0
1993-06-21,6.4219069480896,6.4219069480896,6.4219069480896,6.4219069480896,1.6464977264404297,0
1993-06-22,6.4219069480896,6.4219069480896,6.4219069480896,6.4219069480896,1.6464977264404297,0
1993-06-23,6.4219069480896,6.4219069480896,6.4219069480896,6.4219069480896,1.6464977264404297,0
1993-06-24,6.4219069480896,6.4219069480896,6.4219069480896,6.4219069480896,1.6464977264404297,0
1993-06-25,6.4219069480896,6.4219069480896,6.4219069480896,6.4219069480896,1.6464977264404297,0
1993-06-28,6.4219069480896,6.4219069480896,6.4219069480896,6.4219069480896,1.6464977264404297,0
1993-06-29,6.4219069480896,6.4219069480896,6.4219069480896,6.4219069480896,1.6464977264404297,0
1993-06-30,6.4219069480896,6.4219069480896,6.4219069480896,6.4219069480896,1.6464977264404297,0
1993-07-01,6.4219069480896,6.4219069480896,6.4219069480896,6.4219069480896,1.6464977264404297,0
1993-07-02,6.4219069480896,6.4219069480896,6.4219069480896,6.4219069480896,1.6464977264404297,0
1993-07-06,6.4219069480896,6.4219069480896,6.4219069480896,6.4219069480896,1.6464977264404297,0
1993-07-07,6.4219069480896,6.4219069480896,6.4219069480896,6.4219069480896,1.6464977264404297,0
1993-07-08,6.4219069480896,6.4219069480896,6.4219069480896,6.4219069480896,1.6464977264404297,0
1993-07-09,6.4219069480896,6.4219069480896,6.4219069480896,6.4219069480896,1.6464977264404297,0
1993-07-12,6.4219069480896,6.4219069480896,6.4219069480896,6.4219069480896,1.6464977264404297,0
1993-07-13,6.4219069480896,6.4219069480896,6.4219069480896,6.4219069480896,1.6464977264404297,0
1993-07-14,6.4219069480896,6.4219069480896,6.4219069480896,6.4219069480896,1.6464977264404297,0
1993-07-15,6.4219069480896,6.4219069480896,6.4219069480896,6.4219069480896,1.6464977264404297,0
1993-07-16,6.4219069480896,6.4219069480896,6.4219069480896,6.4219069480896,1.6464977264404297,0
1993-07-19,6.4219069480896,6.4219069480896,6.4219069480896,6.4219069480896,1.6464977264404297,0
1993-07-20,6.4219069480896,6.4219069480896,6.4219069480896,6.4219069480896,1.6464977264404297,0
1993-07-21,6.4219069480896,6.4219069480896,6.4219069480896,6.4219069480896,1.6464977264404297,0
1993-07-22,6.4219069480896,6.4219069480896,6.4219069480896,6.4219069480896,1.6464977264404297,0
1993-07-23,6.4219069480896,6.4219069480896,6.4219069480896,6.4219069480896,1.6464977264404297,0
1993-07-26,6.4219069480896,6.4219069480896,6.4219069480896,6.4219069480896,1.6464977264404297,0
1993-07-27,6.4219069480896,6.4219069480896,6.4219069480896,6.4219069480896,1.6464977264404297,0
1993-07-28,6.4219069480896,6.4219069480896,6.4219069480896,6.4219069480896,1.6464977264404297,0
1993-07-29,6.4219069480896,6.4219069480896,6.4219069480896,6.4219069480896,1.6464977264404297,0
1993-07-30,6.4219069480896,6.4219069480896,6.4219069480896,6.4219069480896,1.6464977264404297,0
1993-08-02,6.4219069480896,6.4219069480896,6.4219069480896,6.4219069480896,1.6464977264404297,0
1993-08-03,6.4219069480896,6.4219069480896,6.4219069480896,6.4219069480896,1.6464977264404297,0
1993-08-04,6.4219069480896,6.4219069480896,6.4219069480896,6.4219069480896,1.6464977264404297,0
1993-08-05,6.4219069480896,6.4219069480896,6.4219069480896,6.4219069480896,1.6464977264404297,0
1993-08-06,6.4219069480896,6.4219069480896,6.4219069480896,6.4219069480896,1.6464977264404297,0
1993-08-09,6.4219069480896,6.4219069480896,6.4219069480896,6.4219069480896,1.6464977264404297,0
1993-08-10,6.4219069480896,6.4219069480896,6.4219069480896,6.4219069480896,1.6464977264404297,0
1993-08-11,6.4219069480896,6.4219069480896,6.4219069480896,6.4219069480896,1.6464977264404297,0
1993-08-12,6.4219069480896,6.4219069480896,6.4219069480896,6.4219069480896,1.6464977264404297,0
1993-08-13,6.4219069480896,6.4219069480896,6.4219069480896,6.4219069480896,1.6464977264404297,0
1993-08-16,6.4219069480896,6.4219069480896,6.4219069480896,6.4219069480896,1.6464977264404297,0
1993-08-17,6.4219069480896,6.4219069480896,6.4219069480896,6.4219069480896,1.6464977264404297,0
1993-08-18,6.4219069480896,6.4219069480896,6.4219069480896,6.4219069480896,1.6464977264404297,0
1993-08-19,6.4219069480896,6.4219069480896,6.4219069480896,6.4219069480896,1.6464977264404297,0
1993-08-20,6.4219069480896,6.4219069480896,6.4219069480896,6.4219069480896,1.6464977264404297,0
1993-08-23,6.4219069480896,6.4219069480896,6.4219069480896,6.4219069480896,1.6464977264404297,0
1993-08-24,6.4219069480896,6.4219069480896,6.4219069480896,6.4219069480896,1.6568528413772583,0
1993-08-25,6.4219069480896,6.4219069480896,6.4219069480896,6.4219069480896,1.6568528413772583,0
1993-08-26,6.4219069480896,6.4219069480896,6.4219069480896,6.4219069480896,1.6568528413772583,0
1993-08-27,6.4219069480896,6.4219069480896,6.4219069480896,6.4219069480896,1.6568528413772583,0
1993-08-30,6.4219069480896,6.4219069480896,6.4219069480896,6.4219069480896,1.6568528413772583,0
1993-08-31,6.4219069480896,6.4219069480896,6.4219069480896,6.4219069480896,1.6568528413772583,0
1993-09-01,6.4219069480896,6.4219069480896,6.4219069480896,6.4219069480896,1.6568528413772583,0
1993-09-02,6.4219069480896,6.4219069480896,6.4219069480896,6.4219069480896,1.6568528413772583,0
1993-09-03,6.4219069480896,6.4219069480896,6.4219069480896,6.4219069480896,1.6568528413772583,0
1993-09-07,6.4219069480896,6.4219069480896,6.4219069480896,6.4219069480896,1.6568528413772583,0
1993-09-08,6.4219069480896,6.4219069480896,6.4219069480896,6.4219069480896,1.6568528413772583,0
1993-09-09,6.4219069480896,6.4219069480896,6.4219069480896,6.4219069480896,1.6568528413772583,0
1993-09-10,6.4219069480896,6.4219069480896,6.4219069480896,6.4219069480896,1.6568528413772583,0
1993-09-13,6.4219069480896,6.4219069480896,6.4219069480896,6.4219069480896,1.6568528413772583,0
1993-09-14,6.4219069480896,6.4219069480896,6.4219069480896,6.4219069480896,1.6568528413772583,0
1993-09-15,6.4219069480896,6.4219069480896,6.4219069480896,6.4219069480896,1.6568528413772583,0
1993-09-16,6.4219069480896,6.4219069480896,6.4219069480896,6.4219069480896,1.6568528413772583,0
1993-09-17,6.4219069480896,6.4219069480896,6.4219069480896,6.4219069480896,1.6568528413772583,0
1993-09-20,6.4219069480896,6.4219069480896,6.4219069480896,6.4219069480896,1.6568528413772583,0
1993-09-21,6.4219069480896,6.4219069480896,6.4219069480896,6.4219069480896,1.6568528413772583,0
1993-09-22,6.4219069480896,6.689486026763916,6.4219069480896,6.689486026763916,1.7258896827697754,7474
1993-09-23,6.689486026763916,6.689486026763916,6.689486026763916,6.689486026763916,1.7258896827697754,0
1993-09-24,6.689486026763916,6.689486026763916,6.689486026763916,6.689486026763916,1.7258896827697754,0
1993-09-27,6.689486026763916,6.689486026763916,6.689486026763916,6.689486026763916,1.7258896827697754,0
1993-09-28,6.689486026763916,6.689486026763916,6.689486026763916,6.689486026763916,1.7258896827697754,0
1993-09-29,6.689486026763916,6.689486026763916,6.689486026763916,6.689486026763916,1.7258896827697754,3737
1993-09-30,6.957066059112549,6.957066059112549,6.957066059112549,6.957066059112549,1.794924020767212,2242
1993-10-01,6.957066059112549,6.957066059112549,6.957066059112549,6.957066059112549,1.794924020767212,1495
1993-10-04,6.957066059112549,6.957066059112549,6.957066059112549,6.957066059112549,1.794924020767212,0
1993-10-05,6.957066059112549,6.957066059112549,6.957066059112549,6.957066059112549,1.794924020767212,0
1993-10-06,6.957066059112549,7.224645137786865,6.957066059112549,7.224645137786865,1.8639596700668335,3363
1993-10-07,7.224645137786865,7.224645137786865,7.224645137786865,7.224645137786865,1.8639596700668335,374
1993-10-08,7.224645137786865,7.224645137786865,7.224645137786865,7.224645137786865,1.8639596700668335,0
1993-10-11,7.224645137786865,7.224645137786865,7.224645137786865,7.224645137786865,1.8639596700668335,0
1993-10-12,7.224645137786865,7.224645137786865,7.224645137786865,7.224645137786865,1.8639596700668335,0
1993-10-13,7.224645137786865,7.224645137786865,7.224645137786865,7.224645137786865,1.8639596700668335,0
1993-10-14,7.224645137786865,7.224645137786865,7.224645137786865,7.224645137786865,1.8639596700668335,0
1993-10-15,9.097702026367188,9.097702026367188,9.097702026367188,9.097702026367188,2.3472089767456055,747
1993-10-18,9.097702026367188,9.097702026367188,9.097702026367188,9.097702026367188,2.3472089767456055,0
1993-10-19,9.097702026367188,9.097702026367188,9.097702026367188,9.097702026367188,2.3472089767456055,0
1993-10-20,9.097702026367188,9.097702026367188,9.097702026367188,9.097702026367188,2.3472089767456055,0
1993-10-21,9.097702026367188,9.097702026367188,9.097702026367188,9.097702026367188,2.3472089767456055,0
1993-10-22,9.097702026367188,9.097702026367188,9.097702026367188,9.097702026367188,2.3472089767456055,0
1993-10-25,7.090856075286865,8.963912010192871,7.090856075286865,8.963912010192871,2.3126907348632812,7101
1993-10-26,8.963912010192871,8.963912010192871,8.963912010192871,8.963912010192871,2.3126907348632812,0
1993-10-27,9.231491088867188,9.231491088867188,9.231491088867188,9.231491088867188,2.3817265033721924,374
1993-10-28,9.231491088867188,9.231491088867188,9.231491088867188,9.231491088867188,2.3817265033721924,0
1993-10-29,9.231491088867188,9.231491088867188,9.231491088867188,9.231491088867188,2.3817265033721924,1121
1993-11-01,9.231491088867188,9.231491088867188,9.231491088867188,9.231491088867188,2.3817265033721924,0
1993-11-02,9.231491088867188,9.231491088867188,9.231491088867188,9.231491088867188,2.3817265033721924,0
1993-11-03,9.231491088867188,9.231491088867188,9.231491088867188,9.231491088867188,2.3817265033721924,0
1993-11-04,7.224645137786865,7.224645137786865,7.224645137786865,7.224645137786865,1.8639596700668335,1495
1993-11-05,7.224645137786865,7.224645137786865,7.224645137786865,7.224645137786865,1.8639596700668335,0
1993-11-08,7.224645137786865,7.224645137786865,7.224645137786865,7.224645137786865,1.8639596700668335,0
1993-11-09,7.224645137786865,7.224645137786865,7.224645137786865,7.224645137786865,1.8639596700668335,0
1993-11-10,7.224645137786865,7.224645137786865,7.224645137786865,7.224645137786865,1.8639596700668335,0
1993-11-11,7.224645137786865,7.224645137786865,7.224645137786865,7.224645137786865,1.8639596700668335,0
1993-11-12,7.224645137786865,7.224645137786865,7.224645137786865,7.224645137786865,1.8639596700668335,0
1993-11-15,7.224645137786865,7.224645137786865,7.224645137786865,7.224645137786865,1.8639596700668335,0
1993-11-16,7.224645137786865,7.224645137786865,7.224645137786865,7.224645137786865,1.8639596700668335,0
1993-11-17,7.224645137786865,7.224645137786865,7.224645137786865,7.224645137786865,1.8639596700668335,0
1993-11-18,7.224645137786865,7.224645137786865,7.224645137786865,7.224645137786865,1.8639596700668335,0
1993-11-19,7.224645137786865,7.224645137786865,7.224645137786865,7.224645137786865,1.8639596700668335,0
1993-11-22,7.224645137786865,7.224645137786865,7.224645137786865,7.224645137786865,1.8639596700668335,0
1993-11-23,7.224645137786865,7.224645137786865,7.224645137786865,7.224645137786865,1.8694992065429688,0
1993-11-24,7.224645137786865,7.224645137786865,7.224645137786865,7.224645137786865,1.8694992065429688,0
1993-11-26,7.224645137786865,7.224645137786865,7.224645137786865,7.224645137786865,1.8694992065429688,0
1993-11-29,7.224645137786865,7.224645137786865,7.224645137786865,7.224645137786865,1.8694992065429688,0
1993-11-30,7.224645137786865,7.224645137786865,7.224645137786865,7.224645137786865,1.8694992065429688,0
1993-12-01,7.224645137786865,7.224645137786865,7.224645137786865,7.224645137786865,1.8694992065429688,0
1993-12-02,7.224645137786865,7.224645137786865,7.224645137786865,7.224645137786865,1.8694992065429688,0
1993-12-03,7.224645137786865,7.224645137786865,7.224645137786865,7.224645137786865,1.8694992065429688,0
1993-12-06,7.224645137786865,7.224645137786865,7.224645137786865,7.224645137786865,1.8694992065429688,0
1993-12-07,7.224645137786865,7.224645137786865,7.224645137786865,7.224645137786865,1.8694992065429688,0
1993-12-08,9.900440216064453,9.900440216064453,9.900440216064453,9.900440216064453,2.561905860900879,1121
1993-12-09,9.900440216064453,9.900440216064453,9.900440216064453,9.900440216064453,2.561905860900879,0
1993-12-10,9.900440216064453,9.900440216064453,9.900440216064453,9.900440216064453,2.561905860900879,0
1993-12-13,8.027383804321289,8.562542915344238,8.027383804321289,8.562542915344238,2.215703010559082,7474
1993-12-14,8.562542915344238,8.562542915344238,8.562542915344238,8.562542915344238,2.215703010559082,0
1993-12-15,8.562542915344238,8.562542915344238,8.562542915344238,8.562542915344238,2.215703010559082,0
1993-12-16,8.562542915344238,8.562542915344238,8.562542915344238,8.562542915344238,2.215703010559082,0
1993-12-17,8.562542915344238,8.562542915344238,8.562542915344238,8.562542915344238,2.215703010559082,0
1993-12-20,8.562542915344238,8.562542915344238,8.562542915344238,8.562542915344238,2.215703010559082,0
1993-12-21,8.963912010192871,9.097702026367188,8.963912010192871,9.097702026367188,2.3541836738586426,747
1993-12-22,9.097702026367188,9.097702026367188,9.097702026367188,9.097702026367188,2.3541836738586426,0
1993-12-23,9.097702026367188,9.097702026367188,9.097702026367188,9.097702026367188,2.3541836738586426,0
1993-12-27,9.097702026367188,9.097702026367188,9.097702026367188,9.097702026367188,2.3541836738586426,0
1993-12-28,9.097702026367188,9.097702026367188,9.097702026367188,9.097702026367188,2.3541836738586426,0
1993-12-29,9.63286018371582,9.63286018371582,9.63286018371582,9.63286018371582,2.4926655292510986,561
1993-12-30,9.63286018371582,9.63286018371582,9.63286018371582,9.63286018371582,2.4926655292510986,0
1993-12-31,9.63286018371582,9.63286018371582,9.63286018371582,9.63286018371582,2.4926655292510986,0
1994-01-03,9.63286018371582,9.63286018371582,9.63286018371582,9.63286018371582,2.4926655292510986,0
1994-01-04,9.63286018371582,9.63286018371582,9.63286018371582,9.63286018371582,2.4926655292510986,374
1994-01-05,9.63286018371582,9.63286018371582,9.63286018371582,9.63286018371582,2.4926655292510986,0
1994-01-06,9.63286018371582,9.63286018371582,9.63286018371582,9.63286018371582,2.4926655292510986,0
1994-01-07,9.63286018371582,9.63286018371582,9.63286018371582,9.63286018371582,2.4926655292510986,0
1994-01-10,9.63286018371582,9.63286018371582,9.63286018371582,9.63286018371582,2.4926655292510986,0
1994-01-11,8.562542915344238,9.63286018371582,8.562542915344238,9.63286018371582,2.4926655292510986,2242
1994-01-12,9.63286018371582,9.63286018371582,9.63286018371582,9.63286018371582,2.4926655292510986,0
1994-01-13,9.63286018371582,9.63286018371582,9.63286018371582,9.63286018371582,2.4926655292510986,0
1994-01-14,9.63286018371582,9.63286018371582,9.63286018371582,9.63286018371582,2.4926655292510986,0
1994-01-17,9.63286018371582,9.63286018371582,9.63286018371582,9.63286018371582,2.4926655292510986,0
1994-01-18,8.562542915344238,9.63286018371582,8.562542915344238,9.63286018371582,2.4926655292510986,747
1994-01-19,9.365281105041504,9.365281105041504,9.365281105041504,9.365281105041504,2.4234254360198975,374
1994-01-20,8.562542915344238,8.562542915344238,8.562542915344238,8.562542915344238,2.215703010559082,4485
1994-01-21,9.63286018371582,9.63286018371582,9.63286018371582,9.63286018371582,2.4926655292510986,1121
1994-01-24,9.63286018371582,9.63286018371582,9.63286018371582,9.63286018371582,2.4926655292510986,0
1994-01-25,9.63286018371582,9.63286018371582,9.63286018371582,9.63286018371582,2.4926655292510986,0
1994-01-26,10.703178405761719,10.703178405761719,10.301809310913086,10.301809310913086,2.6657679080963135,2429
1994-01-27,11.238336563110352,11.238336563110352,10.703178405761719,10.703178405761719,2.7696266174316406,747
1994-01-28,9.900440216064453,9.900440216064453,9.900440216064453,9.900440216064453,2.561905860900879,374
1994-01-31,11.238336563110352,11.238336563110352,11.238336563110352,11.238336563110352,2.908109188079834,747
1994-02-01,11.238336563110352,11.238336563110352,11.238336563110352,11.238336563110352,2.908109188079834,1682
1994-02-02,11.238336563110352,11.238336563110352,11.238336563110352,11.238336563110352,2.908109188079834,0
1994-02-03,11.238336563110352,11.238336563110352,11.238336563110352,11.238336563110352,2.908109188079834,0
1994-02-04,11.238336563110352,11.238336563110352,10.435599327087402,10.970758438110352,2.8388705253601074,2616
1994-02-07,10.970758438110352,10.970758438110352,10.970758438110352,10.970758438110352,2.8388705253601074,0
1994-02-08,11.238336563110352,11.7734956741333,11.238336563110352,11.7734956741333,3.0465924739837646,934
1994-02-09,10.703178405761719,11.7734956741333,10.703178405761719,11.7734956741333,3.0465924739837646,374
1994-02-10,12.30865478515625,12.30865478515625,12.30865478515625,12.30865478515625,3.185072183609009,4672
1994-02-11,12.30865478515625,12.30865478515625,12.30865478515625,12.30865478515625,3.185072183609009,0
1994-02-14,12.30865478515625,12.30865478515625,12.30865478515625,12.30865478515625,3.185072183609009,0
1994-02-15,13.914132118225098,15.519609451293945,13.914132118225098,15.519609451293945,4.015960693359375,2990
1994-02-16,16.054767608642578,16.054767608642578,14.984450340270996,14.984450340270996,3.8774802684783936,8035
1994-02-17,14.449291229248047,16.58992576599121,14.449291229248047,14.449291229248047,3.7389988899230957,9156
1994-02-18,14.449291229248047,14.449291229248047,12.8438138961792,12.8438138961792,3.3334295749664307,11959
1994-02-22,12.30865478515625,12.8438138961792,12.30865478515625,12.8438138961792,3.3334295749664307,5980
1994-02-23,11.238336563110352,11.7734956741333,11.238336563110352,11.238336563110352,2.9167532920837402,5419
1994-02-24,12.30865478515625,12.30865478515625,11.238336563110352,11.238336563110352,2.9167532920837402,1121
1994-02-25,11.238336563110352,11.238336563110352,11.238336563110352,11.238336563110352,2.9167532920837402,747
1994-02-28,12.30865478515625,12.30865478515625,12.30865478515625,12.30865478515625,3.1945364475250244,3363
1994-03-01,11.238336563110352,12.8438138961792,11.238336563110352,12.8438138961792,3.3334295749664307,747
1994-03-02,12.8438138961792,12.8438138961792,12.8438138961792,12.8438138961792,3.3334295749664307,0
1994-03-03,12.8438138961792,12.8438138961792,12.8438138961792,12.8438138961792,3.3334295749664307,0
1994-03-04,11.238336563110352,11.238336563110352,11.238336563110352,11.238336563110352,2.9167532920837402,747
1994-03-07,11.238336563110352,11.238336563110352,11.238336563110352,11.238336563110352,2.9167532920837402,747
1994-03-08,11.238336563110352,11.238336563110352,11.238336563110352,11.238336563110352,2.9167532920837402,0
1994-03-09,11.238336563110352,11.238336563110352,11.238336563110352,11.238336563110352,2.9167532920837402,747
1994-03-10,11.238336563110352,11.238336563110352,11.238336563110352,11.238336563110352,2.9167532920837402,0
1994-03-11,12.8438138961792,12.8438138961792,12.8438138961792,12.8438138961792,3.3334295749664307,1869
1994-03-14,12.8438138961792,12.8438138961792,12.8438138961792,12.8438138961792,3.3334295749664307,0
1994-03-15,11.238336563110352,11.238336563110352,11.238336563110352,11.238336563110352,2.9167532920837402,187
1994-03-16,11.238336563110352,11.238336563110352,11.238336563110352,11.238336563110352,2.9167532920837402,747
1994-03-17,12.8438138961792,12.8438138961792,11.238336563110352,11.238336563110352,2.9167532920837402,747
1994-03-18,11.238336563110352,11.238336563110352,11.238336563110352,11.238336563110352,2.9167532920837402,0
1994-03-21,11.238336563110352,11.238336563110352,11.238336563110352,11.238336563110352,2.9167532920837402,0
1994-03-22,11.238336563110352,11.238336563110352,11.238336563110352,11.238336563110352,2.9167532920837402,0
1994-03-23,11.238336563110352,11.238336563110352,11.238336563110352,11.238336563110352,2.9167532920837402,0
1994-03-24,11.238336563110352,11.238336563110352,11.238336563110352,11.238336563110352,2.9167532920837402,0
1994-03-25,11.238336563110352,11.238336563110352,11.238336563110352,11.238336563110352,2.9167532920837402,0
1994-03-28,11.238336563110352,11.7734956741333,11.238336563110352,11.7734956741333,3.0556442737579346,747
1994-03-29,11.7734956741333,11.7734956741333,11.7734956741333,11.7734956741333,3.0556442737579346,0
1994-03-30,11.238336563110352,11.238336563110352,11.238336563110352,11.238336563110352,2.9167532920837402,747
1994-03-31,11.238336563110352,11.238336563110352,11.238336563110352,11.238336563110352,2.9167532920837402,0
1994-04-04,11.238336563110352,11.238336563110352,11.238336563110352,11.238336563110352,2.9167532920837402,187
1994-04-05,11.238336563110352,11.238336563110352,11.238336563110352,11.238336563110352,2.9167532920837402,0
1994-04-06,11.238336563110352,11.238336563110352,11.238336563110352,11.238336563110352,2.9167532920837402,0
1994-04-07,12.8438138961792,12.8438138961792,12.8438138961792,12.8438138961792,3.3334295749664307,187
1994-04-08,12.8438138961792,12.8438138961792,12.8438138961792,12.8438138961792,3.3334295749664307,0
1994-04-11,12.8438138961792,12.8438138961792,12.8438138961792,12.8438138961792,3.3334295749664307,0
1994-04-12,12.8438138961792,12.8438138961792,12.8438138961792,12.8438138961792,3.3334295749664307,0
1994-04-13,12.8438138961792,12.8438138961792,12.8438138961792,12.8438138961792,3.3334295749664307,0
1994-04-14,12.8438138961792,12.8438138961792,12.8438138961792,12.8438138961792,3.3334295749664307,0
1994-04-15,11.7734956741333,11.7734956741333,11.238336563110352,11.238336563110352,2.9167532920837402,2803
1994-04-18,11.238336563110352,11.238336563110352,11.238336563110352,11.238336563110352,2.9167532920837402,0
1994-04-19,11.7734956741333,12.30865478515625,11.7734956741333,12.30865478515625,3.1945364475250244,2429
1994-04-20,11.238336563110352,11.7734956741333,11.238336563110352,11.7734956741333,3.0556442737579346,2616
1994-04-21,11.7734956741333,11.7734956741333,11.7734956741333,11.7734956741333,3.0556442737579346,0
1994-04-22,11.7734956741333,11.7734956741333,11.7734956741333,11.7734956741333,3.0556442737579346,0
1994-04-25,11.7734956741333,11.7734956741333,11.7734956741333,11.7734956741333,3.0556442737579346,0
1994-04-26,11.7734956741333,11.7734956741333,11.7734956741333,11.7734956741333,3.0556442737579346,0
1994-04-28,11.7734956741333,11.7734956741333,11.7734956741333,11.7734956741333,3.0556442737579346,1869
1994-04-29,11.639705657958984,11.639705657958984,11.639705657958984,11.639705657958984,3.0209221839904785,187
1994-05-02,12.041075706481934,12.30865478515625,11.505916595458984,11.505916595458984,2.9861977100372314,5232
1994-05-03,11.505916595458984,11.505916595458984,11.505916595458984,11.505916595458984,2.9861977100372314,747
1994-05-04,11.505916595458984,11.505916595458984,11.505916595458984,11.505916595458984,2.997349500656128,1869
1994-05-05,11.505916595458984,11.505916595458984,11.505916595458984,11.505916595458984,2.997349500656128,1869
1994-05-06,12.30865478515625,12.30865478515625,12.30865478515625,12.30865478515625,3.2064688205718994,561
1994-05-09,11.238336563110352,11.238336563110352,11.238336563110352,11.238336563110352,2.9276463985443115,934
1994-05-10,11.238336563110352,11.238336563110352,11.238336563110352,11.238336563110352,2.9276463985443115,0
1994-05-11,11.238336563110352,11.505916595458984,10.16801929473877,10.16801929473877,2.64882230758667,9530
1994-05-12,10.16801929473877,10.16801929473877,10.16801929473877,10.16801929473877,2.64882230758667,0
1994-05-13,10.16801929473877,10.16801929473877,10.16801929473877,10.16801929473877,2.64882230758667,0
1994-05-16,10.16801929473877,10.16801929473877,10.16801929473877,10.16801929473877,2.64882230758667,0
1994-05-17,10.16801929473877,10.16801929473877,10.16801929473877,10.16801929473877,2.64882230758667,0
1994-05-18,11.505916595458984,11.505916595458984,11.505916595458984,11.505916595458984,2.997349500656128,561
1994-05-19,11.505916595458984,11.505916595458984,11.505916595458984,11.505916595458984,2.997349500656128,0
1994-05-20,9.766650199890137,9.766650199890137,9.766650199890137,9.766650199890137,2.5442633628845215,374
1994-05-23,9.766650199890137,9.766650199890137,9.766650199890137,9.766650199890137,2.5442633628845215,0
1994-05-24,11.372126579284668,11.372126579284668,11.372126579284668,11.372126579284668,2.962498664855957,1869
1994-05-25,11.372126579284668,11.372126579284668,11.372126579284668,11.372126579284668,2.962498664855957,0
1994-05-26,11.7734956741333,11.7734956741333,10.435599327087402,10.435599327087402,2.7185277938842773,1308
1994-05-27,10.435599327087402,10.435599327087402,10.435599327087402,10.435599327087402,2.7185277938842773,0
1994-05-31,11.238336563110352,11.238336563110352,11.238336563110352,11.238336563110352,2.9276463985443115,187
1994-06-01,11.238336563110352,11.238336563110352,11.238336563110352,11.238336563110352,2.9276463985443115,0
1994-06-02,11.238336563110352,11.238336563110352,11.238336563110352,11.238336563110352,2.9276463985443115,0
1994-06-03,11.7734956741333,11.7734956741333,11.7734956741333,11.7734956741333,3.0670578479766846,187
1994-06-06,11.7734956741333,11.7734956741333,11.7734956741333,11.7734956741333,3.0670578479766846,2803
1994-06-07,11.7734956741333,11.7734956741333,11.7734956741333,11.7734956741333,3.0670578479766846,0
1994-06-08,11.7734956741333,11.7734956741333,11.7734956741333,11.7734956741333,3.0670578479766846,0
1994-06-09,11.7734956741333,11.7734956741333,11.7734956741333,11.7734956741333,3.0670578479766846,0
1994-06-10,11.7734956741333,11.7734956741333,11.7734956741333,11.7734956741333,3.0670578479766846,0
1994-06-13,11.7734956741333,11.7734956741333,11.7734956741333,11.7734956741333,3.0670578479766846,0
1994-06-14,11.7734956741333,11.7734956741333,11.7734956741333,11.7734956741333,3.0670578479766846,0
1994-06-15,11.7734956741333,11.7734956741333,11.7734956741333,11.7734956741333,3.0670578479766846,0
1994-06-16,11.7734956741333,11.7734956741333,11.7734956741333,11.7734956741333,3.0670578479766846,0
1994-06-17,11.7734956741333,11.7734956741333,11.7734956741333,11.7734956741333,3.0670578479766846,187
1994-06-20,11.7734956741333,11.7734956741333,11.7734956741333,11.7734956741333,3.0670578479766846,561
1994-06-21,11.7734956741333,11.7734956741333,11.7734956741333,11.7734956741333,3.0670578479766846,0
1994-06-22,11.7734956741333,11.7734956741333,11.7734956741333,11.7734956741333,3.0670578479766846,0
1994-06-23,11.7734956741333,11.7734956741333,11.7734956741333,11.7734956741333,3.0670578479766846,0
1994-06-24,11.7734956741333,11.7734956741333,11.7734956741333,11.7734956741333,3.0670578479766846,0
1994-06-27,11.7734956741333,11.7734956741333,11.7734956741333,11.7734956741333,3.0670578479766846,0
1994-06-28,11.7734956741333,11.7734956741333,11.7734956741333,11.7734956741333,3.0670578479766846,0
1994-06-29,11.7734956741333,11.7734956741333,11.7734956741333,11.7734956741333,3.0670578479766846,0
1994-06-30,11.7734956741333,12.576233863830566,11.7734956741333,12.576233863830566,3.276175022125244,8596
1994-07-01,12.576233863830566,12.576233863830566,12.576233863830566,12.576233863830566,3.276175022125244,0
1994-07-05,12.576233863830566,12.576233863830566,12.576233863830566,12.576233863830566,3.276175022125244,0
1994-07-06,12.576233863830566,12.576233863830566,12.576233863830566,12.576233863830566,3.276175022125244,0
1994-07-07,12.576233863830566,12.576233863830566,12.576233863830566,12.576233863830566,3.276175022125244,0
1994-07-08,12.576233863830566,12.576233863830566,12.576233863830566,12.576233863830566,3.276175022125244,0
1994-07-11,12.576233863830566,12.576233863830566,12.576233863830566,12.576233863830566,3.276175022125244,0
1994-07-12,12.576233863830566,12.576233863830566,12.576233863830566,12.576233863830566,3.276175022125244,0
1994-07-13,12.576233863830566,12.576233863830566,12.576233863830566,12.576233863830566,3.276175022125244,0
1994-07-14,12.576233863830566,12.576233863830566,12.576233863830566,12.576233863830566,3.276175022125244,0
1994-07-15,12.576233863830566,12.576233863830566,12.576233863830566,12.576233863830566,3.276175022125244,0
1994-07-18,10.569389343261719,10.569389343261719,10.569389343261719,10.569389343261719,2.753380298614502,187
1994-07-19,10.569389343261719,10.569389343261719,10.569389343261719,10.569389343261719,2.753380298614502,0
1994-07-20,10.569389343261719,10.569389343261719,10.569389343261719,10.569389343261719,2.753380298614502,0
1994-07-21,10.569389343261719,10.569389343261719,10.569389343261719,10.569389343261719,2.753380298614502,0
1994-07-22,10.569389343261719,10.569389343261719,10.569389343261719,10.569389343261719,2.753380298614502,0
1994-07-25,10.569389343261719,10.569389343261719,10.569389343261719,10.569389343261719,2.753380298614502,0
1994-07-26,10.569389343261719,10.569389343261719,10.569389343261719,10.569389343261719,2.753380298614502,0
1994-07-27,10.569389343261719,10.569389343261719,10.569389343261719,10.569389343261719,2.753380298614502,0
1994-07-28,10.569389343261719,10.569389343261719,10.569389343261719,10.569389343261719,2.753380298614502,0
1994-07-29,10.569389343261719,10.569389343261719,10.569389343261719,10.569389343261719,2.753380298614502,0
1994-08-01,11.7734956741333,11.7734956741333,11.7734956741333,11.7734956741333,3.0670578479766846,374
1994-08-02,11.7734956741333,11.7734956741333,11.7734956741333,11.7734956741333,3.0670578479766846,0
1994-08-03,12.710023880004883,12.710023880004883,12.710023880004883,12.710023880004883,3.311028242111206,374
1994-08-04,12.710023880004883,12.710023880004883,12.710023880004883,12.710023880004883,3.311028242111206,0
1994-08-05,12.710023880004883,12.710023880004883,12.710023880004883,12.710023880004883,3.311028242111206,0
1994-08-08,12.710023880004883,12.710023880004883,12.710023880004883,12.710023880004883,3.311028242111206,0
1994-08-09,12.710023880004883,12.710023880004883,12.710023880004883,12.710023880004883,3.311028242111206,0
1994-08-10,12.710023880004883,12.710023880004883,12.710023880004883,12.710023880004883,3.311028242111206,0
1994-08-11,12.710023880004883,12.710023880004883,12.710023880004883,12.710023880004883,3.311028242111206,0
1994-08-12,11.7734956741333,11.7734956741333,11.7734956741333,11.7734956741333,3.0670578479766846,1495
1994-08-15,11.7734956741333,11.7734956741333,11.7734956741333,11.7734956741333,3.0782508850097656,0
1994-08-16,11.7734956741333,11.7734956741333,11.7734956741333,11.7734956741333,3.0782508850097656,0
1994-08-17,11.7734956741333,11.7734956741333,11.7734956741333,11.7734956741333,3.0782508850097656,0
1994-08-18,11.7734956741333,11.7734956741333,11.7734956741333,11.7734956741333,3.0782508850097656,0
1994-08-19,10.703178405761719,10.703178405761719,10.703178405761719,10.703178405761719,2.7984089851379395,5419
1994-08-22,10.703178405761719,10.703178405761719,10.703178405761719,10.703178405761719,2.7984089851379395,1121
1994-08-23,10.703178405761719,10.703178405761719,10.703178405761719,10.703178405761719,2.7984089851379395,187
1994-08-24,10.703178405761719,10.703178405761719,10.703178405761719,10.703178405761719,2.7984089851379395,0
1994-08-25,10.703178405761719,10.703178405761719,10.703178405761719,10.703178405761719,2.7984089851379395,0
1994-08-26,10.703178405761719,10.703178405761719,10.703178405761719,10.703178405761719,2.7984089851379395,0
1994-08-29,10.970758438110352,10.970758438110352,10.970758438110352,10.970758438110352,2.868370532989502,561
1994-08-30,10.970758438110352,10.970758438110352,10.970758438110352,10.970758438110352,2.868370532989502,0
1994-08-31,10.970758438110352,10.970758438110352,10.970758438110352,10.970758438110352,2.868370532989502,0
1994-09-01,10.970758438110352,10.970758438110352,10.970758438110352,10.970758438110352,2.868370532989502,0
1994-09-02,10.970758438110352,10.970758438110352,10.970758438110352,10.970758438110352,2.868370532989502,0
1994-09-06,10.970758438110352,10.970758438110352,10.970758438110352,10.970758438110352,2.868370532989502,0
1994-09-07,10.970758438110352,10.970758438110352,10.970758438110352,10.970758438110352,2.868370532989502,0
1994-09-08,10.970758438110352,10.970758438110352,10.970758438110352,10.970758438110352,2.868370532989502,0
1994-09-09,10.970758438110352,10.970758438110352,10.970758438110352,10.970758438110352,2.868370532989502,0
1994-09-12,9.900440216064453,11.505916595458984,9.900440216064453,9.900440216064453,2.588528633117676,3550
1994-09-13,9.900440216064453,9.900440216064453,9.900440216064453,9.900440216064453,2.588528633117676,0
1994-09-14,9.900440216064453,9.900440216064453,9.900440216064453,9.900440216064453,2.588528633117676,0
1994-09-15,9.900440216064453,9.900440216064453,9.900440216064453,9.900440216064453,2.588528633117676,0
1994-09-16,10.703178405761719,10.703178405761719,10.703178405761719,10.703178405761719,2.7984089851379395,934
1994-09-19,10.703178405761719,10.703178405761719,10.703178405761719,10.703178405761719,2.7984089851379395,2055
1994-09-20,10.703178405761719,10.703178405761719,10.703178405761719,10.703178405761719,2.7984089851379395,0
1994-09-21,10.703178405761719,10.703178405761719,10.703178405761719,10.703178405761719,2.7984089851379395,0
1994-09-22,10.703178405761719,10.703178405761719,10.703178405761719,10.703178405761719,2.7984089851379395,0
1994-09-23,10.703178405761719,10.703178405761719,10.703178405761719,10.703178405761719,2.7984089851379395,0
1994-09-26,10.703178405761719,10.703178405761719,10.703178405761719,10.703178405761719,2.7984089851379395,0
1994-09-27,10.703178405761719,10.703178405761719,10.703178405761719,10.703178405761719,2.7984089851379395,0
1994-09-28,10.703178405761719,10.703178405761719,10.703178405761719,10.703178405761719,2.7984089851379395,0
1994-09-29,10.703178405761719,12.041075706481934,10.703178405761719,12.041075706481934,3.1482114791870117,747
1994-09-30,12.041075706481934,12.041075706481934,12.041075706481934,12.041075706481934,3.1482114791870117,0
1994-10-03,10.569389343261719,10.569389343261719,10.569389343261719,10.569389343261719,2.763430118560791,934
1994-10-04,10.569389343261719,10.569389343261719,10.569389343261719,10.569389343261719,2.763430118560791,0
1994-10-05,10.569389343261719,10.569389343261719,10.569389343261719,10.569389343261719,2.763430118560791,0
1994-10-06,10.569389343261719,10.569389343261719,10.569389343261719,10.569389343261719,2.763430118560791,0
1994-10-07,11.505916595458984,11.505916595458984,11.505916595458984,11.505916595458984,3.008289337158203,747
1994-10-10,11.505916595458984,11.505916595458984,11.505916595458984,11.505916595458984,3.008289337158203,0
1994-10-11,11.505916595458984,11.505916595458984,11.505916595458984,11.505916595458984,3.008289337158203,0
1994-10-12,11.505916595458984,11.505916595458984,11.505916595458984,11.505916595458984,3.008289337158203,0
1994-10-13,11.505916595458984,11.505916595458984,11.505916595458984,11.505916595458984,3.008289337158203,0
1994-10-14,11.505916595458984,11.505916595458984,11.505916595458984,11.505916595458984,3.008289337158203,0
1994-10-17,10.10112476348877,11.238336563110352,10.10112476348877,11.238336563110352,2.9383320808410645,3550
1994-10-18,11.238336563110352,11.238336563110352,11.238336563110352,11.238336563110352,2.9383320808410645,0
1994-10-19,11.238336563110352,11.238336563110352,11.238336563110352,11.238336563110352,2.9383320808410645,0
1994-10-20,11.238336563110352,11.238336563110352,11.238336563110352,11.238336563110352,2.9383320808410645,0
1994-10-21,9.900440216064453,9.900440216064453,9.900440216064453,9.900440216064453,2.588528633117676,934
1994-10-24,9.900440216064453,9.900440216064453,9.900440216064453,9.900440216064453,2.588528633117676,374
1994-10-25,10.10112476348877,10.970758438110352,10.10112476348877,10.970758438110352,2.868370532989502,1869
1994-10-26,10.970758438110352,10.970758438110352,10.970758438110352,10.970758438110352,2.868370532989502,0
1994-10-27,10.970758438110352,10.970758438110352,10.970758438110352,10.970758438110352,2.868370532989502,0
1994-10-28,10.970758438110352,10.970758438110352,10.970758438110352,10.970758438110352,2.868370532989502,0
1994-10-31,11.7734956741333,11.7734956741333,11.7734956741333,11.7734956741333,3.0782508850097656,187
1994-11-01,11.7734956741333,11.7734956741333,11.7734956741333,11.7734956741333,3.0782508850097656,0
1994-11-02,10.10112476348877,10.970758438110352,10.10112476348877,10.970758438110352,2.868370532989502,1121
1994-11-03,10.10112476348877,10.970758438110352,10.10112476348877,10.970758438110352,2.868370532989502,1869
1994-11-04,10.10112476348877,10.970758438110352,10.10112476348877,10.970758438110352,2.868370532989502,1121
1994-11-07,10.970758438110352,10.970758438110352,10.970758438110352,10.970758438110352,2.868370532989502,374
1994-11-08,10.970758438110352,10.970758438110352,10.970758438110352,10.970758438110352,2.868370532989502,0
1994-11-09,10.970758438110352,10.970758438110352,10.970758438110352,10.970758438110352,2.868370532989502,0
1994-11-10,10.301809310913086,10.970758438110352,10.301809310913086,10.970758438110352,2.868370532989502,1308
1994-11-11,10.970758438110352,10.970758438110352,10.970758438110352,10.970758438110352,2.868370532989502,0
1994-11-14,9.900440216064453,12.041075706481934,9.900440216064453,12.041075706481934,3.1482114791870117,1308
1994-11-15,12.041075706481934,12.041075706481934,12.041075706481934,12.041075706481934,3.1482114791870117,0
1994-11-16,12.041075706481934,12.041075706481934,12.041075706481934,12.041075706481934,3.1482114791870117,0
1994-11-17,10.435599327087402,10.970758438110352,10.435599327087402,10.970758438110352,2.868370532989502,2429
1994-11-18,10.16801929473877,10.16801929473877,10.08440113067627,10.08440113067627,2.646956443786621,16444
1994-11-21,10.970758438110352,10.970758438110352,10.970758438110352,10.970758438110352,2.8796074390411377,187
1994-11-22,10.970758438110352,10.970758438110352,10.970758438110352,10.970758438110352,2.8796074390411377,1121
1994-11-23,10.970758438110352,10.970758438110352,10.970758438110352,10.970758438110352,2.8796074390411377,374
1994-11-25,10.970758438110352,10.970758438110352,10.970758438110352,10.970758438110352,2.8796074390411377,747
1994-11-28,10.970758438110352,10.970758438110352,10.970758438110352,10.970758438110352,2.8796074390411377,0
1994-11-29,10.970758438110352,10.970758438110352,10.970758438110352,10.970758438110352,2.8796074390411377,187
1994-11-30,12.041075706481934,12.041075706481934,11.7734956741333,11.7734956741333,3.09031081199646,747
1994-12-01,11.7734956741333,11.7734956741333,11.7734956741333,11.7734956741333,3.09031081199646,0
1994-12-02,11.7734956741333,11.7734956741333,11.7734956741333,11.7734956741333,3.09031081199646,0
1994-12-05,11.7734956741333,11.7734956741333,11.7734956741333,11.7734956741333,3.09031081199646,0
1994-12-06,11.7734956741333,11.7734956741333,11.7734956741333,11.7734956741333,3.09031081199646,0
1994-12-07,11.7734956741333,11.7734956741333,11.7734956741333,11.7734956741333,3.09031081199646,0
1994-12-08,11.7734956741333,11.7734956741333,11.7734956741333,11.7734956741333,3.09031081199646,0
1994-12-09,11.7734956741333,11.7734956741333,11.7734956741333,11.7734956741333,3.09031081199646,0
1994-12-12,10.970758438110352,10.970758438110352,10.03423023223877,10.03423023223877,2.6337873935699463,747
1994-12-13,10.03423023223877,10.03423023223877,10.03423023223877,10.03423023223877,2.6337873935699463,0
1994-12-14,10.03423023223877,10.03423023223877,10.03423023223877,10.03423023223877,2.6337873935699463,0
1994-12-15,10.970758438110352,10.970758438110352,10.970758438110352,10.970758438110352,2.8796074390411377,187
1994-12-16,9.900440216064453,9.900440216064453,9.900440216064453,9.900440216064453,2.5986697673797607,1308
1994-12-19,9.900440216064453,9.900440216064453,9.900440216064453,9.900440216064453,2.5986697673797607,0
1994-12-20,12.041075706481934,12.041075706481934,10.970758438110352,10.970758438110352,2.8796074390411377,374
1994-12-21,10.970758438110352,10.970758438110352,10.970758438110352,10.970758438110352,2.8796074390411377,0
1994-12-22,10.970758438110352,10.970758438110352,10.970758438110352,10.970758438110352,2.8796074390411377,0
1994-12-23,10.970758438110352,10.970758438110352,10.970758438110352,10.970758438110352,2.8796074390411377,0
1994-12-27,10.970758438110352,10.970758438110352,10.970758438110352,10.970758438110352,2.8796074390411377,0
1994-12-28,10.970758438110352,10.970758438110352,10.970758438110352,10.970758438110352,2.8796074390411377,0
1994-12-29,10.970758438110352,10.970758438110352,10.970758438110352,10.970758438110352,2.8796074390411377,0
1994-12-30,9.900440216064453,9.900440216064453,9.900440216064453,9.900440216064453,2.5986697673797607,187
1995-01-03,9.900440216064453,9.900440216064453,9.900440216064453,9.900440216064453,2.5986697673797607,0
1995-01-04,9.900440216064453,9.900440216064453,9.900440216064453,9.900440216064453,2.5986697673797607,2055
1995-01-05,9.900440216064453,9.900440216064453,9.900440216064453,9.900440216064453,2.5986697673797607,374
1995-01-06,9.900440216064453,9.900440216064453,9.900440216064453,9.900440216064453,2.5986697673797607,0
1995-01-09,9.900440216064453,9.900440216064453,9.465622901916504,9.465622901916504,2.484539031982422,4485
1995-01-10,10.435599327087402,10.435599327087402,10.435599327087402,10.435599327087402,2.7391393184661865,747
1995-01-11,10.435599327087402,10.435599327087402,10.435599327087402,10.435599327087402,2.7391393184661865,0
1995-01-12,10.435599327087402,10.435599327087402,10.435599327087402,10.435599327087402,2.7391393184661865,0
1995-01-13,9.63286018371582,9.63286018371582,9.63286018371582,9.63286018371582,2.5284347534179688,187
1995-01-16,9.63286018371582,9.63286018371582,9.63286018371582,9.63286018371582,2.5284347534179688,0
1995-01-17,10.703178405761719,10.703178405761719,10.703178405761719,10.703178405761719,2.8093717098236084,374
1995-01-18,10.703178405761719,10.703178405761719,10.703178405761719,10.703178405761719,2.8093717098236084,374
1995-01-19,10.703178405761719,10.703178405761719,10.703178405761719,10.703178405761719,2.8093717098236084,0
1995-01-20,10.703178405761719,10.703178405761719,10.703178405761719,10.703178405761719,2.8093717098236084,0
1995-01-23,10.703178405761719,10.703178405761719,10.703178405761719,10.703178405761719,2.8093717098236084,0
1995-01-24,10.703178405761719,10.703178405761719,10.703178405761719,10.703178405761719,2.8093717098236084,0
1995-01-25,9.900440216064453,9.900440216064453,9.63286018371582,9.63286018371582,2.5284347534179688,1495
1995-01-26,9.63286018371582,9.63286018371582,9.63286018371582,9.63286018371582,2.5284347534179688,0
1995-01-27,9.63286018371582,9.63286018371582,9.63286018371582,9.63286018371582,2.5284347534179688,0
1995-01-30,9.63286018371582,9.63286018371582,9.63286018371582,9.63286018371582,2.5284347534179688,0
1995-01-31,9.63286018371582,9.63286018371582,9.63286018371582,9.63286018371582,2.5284347534179688,0
1995-02-01,9.63286018371582,9.63286018371582,9.63286018371582,9.63286018371582,2.5284347534179688,0
1995-02-02,10.703178405761719,10.703178405761719,10.16801929473877,10.16801929473877,2.6689047813415527,561
1995-02-03,10.16801929473877,10.16801929473877,10.16801929473877,10.16801929473877,2.6689047813415527,0
1995-02-06,10.16801929473877,10.16801929473877,10.16801929473877,10.16801929473877,2.6689047813415527,0
1995-02-07,10.16801929473877,10.16801929473877,10.16801929473877,10.16801929473877,2.6689047813415527,0
1995-02-08,10.703178405761719,10.703178405761719,10.703178405761719,10.703178405761719,2.8093717098236084,374
1995-02-09,10.703178405761719,10.703178405761719,10.703178405761719,10.703178405761719,2.8093717098236084,0
1995-02-10,10.703178405761719,10.703178405761719,10.703178405761719,10.703178405761719,2.8093717098236084,0
1995-02-13,10.703178405761719,10.703178405761719,10.703178405761719,10.703178405761719,2.8093717098236084,0
1995-02-14,9.097702026367188,9.097702026367188,9.097702026367188,9.097702026367188,2.3879668712615967,2242
1995-02-15,9.097702026367188,9.097702026367188,9.097702026367188,9.097702026367188,2.3879668712615967,187
1995-02-16,9.097702026367188,9.097702026367188,9.097702026367188,9.097702026367188,2.3879668712615967,0
1995-02-17,10.16801929473877,10.16801929473877,10.16801929473877,10.16801929473877,2.6689047813415527,187
1995-02-21,10.16801929473877,10.16801929473877,10.16801929473877,10.16801929473877,2.6689047813415527,0
1995-02-22,10.16801929473877,10.16801929473877,10.16801929473877,10.16801929473877,2.6689047813415527,0
1995-02-23,10.16801929473877,10.16801929473877,10.16801929473877,10.16801929473877,2.6689047813415527,0
1995-02-24,10.16801929473877,10.970758438110352,10.16801929473877,10.970758438110352,2.8796074390411377,2990
1995-02-27,10.16801929473877,10.16801929473877,10.16801929473877,10.16801929473877,2.6819875240325928,374
1995-02-28,10.16801929473877,10.16801929473877,9.097702026367188,9.097702026367188,2.399672746658325,2242
1995-03-01,9.097702026367188,9.097702026367188,9.097702026367188,9.097702026367188,2.399672746658325,374
1995-03-02,9.097702026367188,9.097702026367188,9.097702026367188,9.097702026367188,2.399672746658325,0
1995-03-03,9.097702026367188,9.097702026367188,9.097702026367188,9.097702026367188,2.399672746658325,0
1995-03-06,9.097702026367188,9.097702026367188,9.097702026367188,9.097702026367188,2.399672746658325,0
1995-03-07,9.097702026367188,9.097702026367188,9.097702026367188,9.097702026367188,2.399672746658325,0
1995-03-08,9.097702026367188,9.097702026367188,9.097702026367188,9.097702026367188,2.399672746658325,0
1995-03-09,9.097702026367188,9.097702026367188,9.097702026367188,9.097702026367188,2.399672746658325,0
1995-03-10,9.097702026367188,9.097702026367188,9.097702026367188,9.097702026367188,2.399672746658325,0
1995-03-13,9.097702026367188,9.097702026367188,9.097702026367188,9.097702026367188,2.399672746658325,0
1995-03-14,9.097702026367188,9.097702026367188,9.097702026367188,9.097702026367188,2.399672746658325,374
1995-03-15,9.097702026367188,9.097702026367188,9.097702026367188,9.097702026367188,2.399672746658325,0
1995-03-16,10.16801929473877,10.16801929473877,10.16801929473877,10.16801929473877,2.6819875240325928,934
1995-03-17,10.16801929473877,10.16801929473877,10.16801929473877,10.16801929473877,2.6819875240325928,0
1995-03-20,10.16801929473877,10.16801929473877,10.16801929473877,10.16801929473877,2.6819875240325928,0
1995-03-21,9.097702026367188,9.097702026367188,9.097702026367188,9.097702026367188,2.399672746658325,374
1995-03-22,9.097702026367188,9.097702026367188,9.097702026367188,9.097702026367188,2.399672746658325,0
1995-03-23,9.097702026367188,9.097702026367188,9.097702026367188,9.097702026367188,2.399672746658325,0
1995-03-24,9.097702026367188,9.097702026367188,9.097702026367188,9.097702026367188,2.399672746658325,0
1995-03-27,9.097702026367188,9.097702026367188,9.097702026367188,9.097702026367188,2.399672746658325,2242
1995-03-28,10.16801929473877,10.16801929473877,10.16801929473877,10.16801929473877,2.6819875240325928,561
1995-03-29,10.435599327087402,10.435599327087402,9.63286018371582,9.63286018371582,2.540830135345459,374
1995-03-30,9.63286018371582,9.63286018371582,9.63286018371582,9.63286018371582,2.540830135345459,0
1995-03-31,9.63286018371582,9.63286018371582,9.63286018371582,9.63286018371582,2.540830135345459,0
1995-04-03,9.63286018371582,9.63286018371582,9.63286018371582,9.63286018371582,2.540830135345459,0
1995-04-04,9.63286018371582,9.63286018371582,9.63286018371582,9.63286018371582,2.540830135345459,0
1995-04-05,9.63286018371582,9.63286018371582,9.63286018371582,9.63286018371582,2.540830135345459,0
1995-04-06,10.435599327087402,10.435599327087402,10.435599327087402,10.435599327087402,2.752565860748291,374
1995-04-07,10.435599327087402,10.435599327087402,10.435599327087402,10.435599327087402,2.752565860748291,0
1995-04-10,8.830121994018555,9.69975471496582,8.830121994018555,9.69975471496582,2.558474540710449,934
1995-04-11,9.69975471496582,9.69975471496582,9.69975471496582,9.69975471496582,2.558474540710449,0
1995-04-12,10.16801929473877,10.16801929473877,8.562542915344238,8.562542915344238,2.2585155963897705,2803
1995-04-13,8.562542915344238,8.562542915344238,8.562542915344238,8.562542915344238,2.2585155963897705,0
1995-04-17,8.696331977844238,8.696331977844238,8.562542915344238,8.562542915344238,2.2585155963897705,1869
1995-04-18,8.696331977844238,9.298385620117188,8.562542915344238,8.562542915344238,2.2585155963897705,7101
1995-04-19,8.696331977844238,8.696331977844238,8.696331977844238,8.696331977844238,2.293804168701172,747
1995-04-20,8.696331977844238,8.696331977844238,8.696331977844238,8.696331977844238,2.293804168701172,0
1995-04-21,8.696331977844238,8.696331977844238,8.294962882995605,8.294962882995605,2.187936782836914,2055
1995-04-24,8.696331977844238,9.097702026367188,8.696331977844238,9.097702026367188,2.399672746658325,561
1995-04-25,8.696331977844238,8.696331977844238,8.696331977844238,8.696331977844238,2.293804168701172,187
1995-04-26,8.696331977844238,8.696331977844238,8.696331977844238,8.696331977844238,2.293804168701172,0
1995-04-27,8.696331977844238,8.696331977844238,8.696331977844238,8.696331977844238,2.293804168701172,0
1995-04-28,8.696331977844238,8.696331977844238,8.696331977844238,8.696331977844238,2.293804168701172,187
1995-05-01,8.696331977844238,8.696331977844238,8.696331977844238,8.696331977844238,2.293804168701172,187
1995-05-02,8.696331977844238,8.696331977844238,8.696331977844238,8.696331977844238,2.293804168701172,0
1995-05-03,8.696331977844238,8.696331977844238,8.562542915344238,8.562542915344238,2.2585155963897705,3363
1995-05-04,8.294962882995605,8.294962882995605,8.294962882995605,8.294962882995605,2.187936782836914,934
1995-05-05,8.696331977844238,8.696331977844238,8.696331977844238,8.696331977844238,2.293804168701172,187
1995-05-08,8.696331977844238,8.696331977844238,8.696331977844238,8.696331977844238,2.293804168701172,0
1995-05-09,8.696331977844238,8.696331977844238,8.696331977844238,8.696331977844238,2.3080081939697266,0
1995-05-10,8.696331977844238,8.696331977844238,8.696331977844238,8.696331977844238,2.3080081939697266,0
1995-05-11,8.696331977844238,8.696331977844238,8.696331977844238,8.696331977844238,2.3080081939697266,0
1995-05-12,8.696331977844238,8.696331977844238,8.696331977844238,8.696331977844238,2.3080081939697266,0
1995-05-15,8.696331977844238,8.696331977844238,8.562542915344238,8.562542915344238,2.27250075340271,3177
1995-05-16,8.562542915344238,8.562542915344238,8.562542915344238,8.562542915344238,2.27250075340271,0
1995-05-17,10.16801929473877,10.16801929473877,9.63286018371582,9.63286018371582,2.5565638542175293,374
1995-05-18,9.63286018371582,9.63286018371582,9.63286018371582,9.63286018371582,2.5565638542175293,0
1995-05-19,9.63286018371582,9.63286018371582,9.63286018371582,9.63286018371582,2.5565638542175293,0
1995-05-22,9.63286018371582,9.63286018371582,9.63286018371582,9.63286018371582,2.5565638542175293,0
1995-05-23,9.63286018371582,9.63286018371582,9.63286018371582,9.63286018371582,2.5565638542175293,0
1995-05-24,9.63286018371582,9.63286018371582,9.63286018371582,9.63286018371582,2.5565638542175293,0
1995-05-25,9.63286018371582,9.63286018371582,9.63286018371582,9.63286018371582,2.5565638542175293,0
1995-05-26,9.365281105041504,9.365281105041504,9.365281105041504,9.365281105041504,2.4855475425720215,561
1995-05-30,9.365281105041504,9.365281105041504,9.365281105041504,9.365281105041504,2.4855475425720215,0
1995-05-31,9.365281105041504,9.365281105041504,9.365281105041504,9.365281105041504,2.4855475425720215,0
1995-06-01,9.365281105041504,9.365281105041504,9.365281105041504,9.365281105041504,2.4855475425720215,0
1995-06-02,8.294962882995605,8.294962882995605,8.294962882995605,8.294962882995605,2.2014853954315186,374
1995-06-05,8.294962882995605,8.294962882995605,8.294962882995605,8.294962882995605,2.2014853954315186,0
1995-06-06,9.365281105041504,9.365281105041504,9.365281105041504,9.365281105041504,2.4855475425720215,187
1995-06-07,9.365281105041504,9.365281105041504,9.365281105041504,9.365281105041504,2.4855475425720215,0
1995-06-08,9.365281105041504,9.365281105041504,9.365281105041504,9.365281105041504,2.4855475425720215,0
1995-06-09,9.365281105041504,9.365281105041504,9.365281105041504,9.365281105041504,2.4855475425720215,0
1995-06-12,9.365281105041504,9.365281105041504,9.365281105041504,9.365281105041504,2.4855475425720215,0
1995-06-13,9.365281105041504,9.365281105041504,9.365281105041504,9.365281105041504,2.4855475425720215,0
1995-06-14,9.365281105041504,9.365281105041504,9.365281105041504,9.365281105041504,2.4855475425720215,0
1995-06-15,9.365281105041504,9.365281105041504,9.365281105041504,9.365281105041504,2.4855475425720215,0
1995-06-16,9.365281105041504,9.365281105041504,9.365281105041504,9.365281105041504,2.4855475425720215,0
1995-06-19,9.365281105041504,9.365281105041504,9.365281105041504,9.365281105041504,2.4855475425720215,0
1995-06-20,9.365281105041504,9.365281105041504,9.365281105041504,9.365281105041504,2.4855475425720215,0
1995-06-21,9.365281105041504,9.365281105041504,9.365281105041504,9.365281105041504,2.4855475425720215,0
1995-06-22,9.365281105041504,9.365281105041504,9.365281105041504,9.365281105041504,2.4855475425720215,0
1995-06-23,9.365281105041504,9.365281105041504,9.365281105041504,9.365281105041504,2.4855475425720215,0
1995-06-26,8.830121994018555,8.830121994018555,8.562542915344238,8.562542915344238,2.27250075340271,1121
1995-06-27,8.562542915344238,8.562542915344238,8.562542915344238,8.562542915344238,2.27250075340271,0
1995-06-28,8.294962882995605,8.294962882995605,8.294962882995605,8.294962882995605,2.2014853954315186,1495
1995-06-29,8.294962882995605,8.294962882995605,8.294962882995605,8.294962882995605,2.2014853954315186,0
1995-06-30,10.435599327087402,10.435599327087402,9.63286018371582,9.63286018371582,2.5565638542175293,6914
1995-07-03,9.63286018371582,9.63286018371582,9.63286018371582,9.63286018371582,2.5565638542175293,0
1995-07-05,9.63286018371582,9.63286018371582,9.63286018371582,9.63286018371582,2.5565638542175293,0
1995-07-06,9.63286018371582,9.63286018371582,9.63286018371582,9.63286018371582,2.5565638542175293,0
1995-07-07,8.545819282531738,8.545819282531738,8.545819282531738,8.545819282531738,2.2680609226226807,187
1995-07-10,8.545819282531738,8.545819282531738,8.545819282531738,8.545819282531738,2.2680609226226807,0
1995-07-11,8.830121994018555,8.830121994018555,8.562542915344238,8.562542915344238,2.27250075340271,1121
1995-07-12,8.562542915344238,8.562542915344238,8.562542915344238,8.562542915344238,2.27250075340271,0
1995-07-13,8.562542915344238,8.562542915344238,8.562542915344238,8.562542915344238,2.27250075340271,0
1995-07-14,8.562542915344238,8.562542915344238,8.562542915344238,8.562542915344238,2.27250075340271,0
1995-07-17,8.562542915344238,8.562542915344238,8.562542915344238,8.562542915344238,2.27250075340271,0
1995-07-18,8.562542915344238,8.562542915344238,8.562542915344238,8.562542915344238,2.27250075340271,0
1995-07-19,8.830121994018555,8.830121994018555,8.830121994018555,8.830121994018555,2.3435165882110596,561
1995-07-20,8.830121994018555,8.830121994018555,8.830121994018555,8.830121994018555,2.3435165882110596,0
1995-07-21,10.435599327087402,10.435599327087402,10.435599327087402,10.435599327087402,2.76961088180542,187
1995-07-24,10.435599327087402,10.435599327087402,10.435599327087402,10.435599327087402,2.76961088180542,0
1995-07-25,10.435599327087402,10.435599327087402,10.435599327087402,10.435599327087402,2.76961088180542,0
1995-07-26,10.435599327087402,10.435599327087402,10.435599327087402,10.435599327087402,2.76961088180542,0
1995-07-27,10.435599327087402,10.435599327087402,10.435599327087402,10.435599327087402,2.76961088180542,0
1995-07-28,10.435599327087402,10.435599327087402,10.435599327087402,10.435599327087402,2.76961088180542,0
1995-07-31,10.435599327087402,10.435599327087402,10.435599327087402,10.435599327087402,2.76961088180542,0
1995-08-01,8.562542915344238,8.562542915344238,8.562542915344238,8.562542915344238,2.27250075340271,1682
1995-08-02,8.830121994018555,8.830121994018555,8.830121994018555,8.830121994018555,2.3435165882110596,1869
1995-08-03,8.830121994018555,8.830121994018555,8.830121994018555,8.830121994018555,2.3435165882110596,561
1995-08-04,8.830121994018555,8.830121994018555,8.830121994018555,8.830121994018555,2.3435165882110596,0
1995-08-07,8.830121994018555,8.830121994018555,8.830121994018555,8.830121994018555,2.3435165882110596,0
1995-08-08,8.294962882995605,8.294962882995605,8.294962882995605,8.294962882995605,2.2014853954315186,187
1995-08-09,8.863570213317871,8.863570213317871,8.863570213317871,8.863570213317871,2.35239315032959,187
1995-08-10,8.863570213317871,8.863570213317871,8.863570213317871,8.863570213317871,2.35239315032959,0
1995-08-11,8.863570213317871,8.863570213317871,8.863570213317871,8.863570213317871,2.35239315032959,0
1995-08-14,8.863570213317871,8.863570213317871,8.863570213317871,8.863570213317871,2.35239315032959,0
1995-08-15,8.863570213317871,8.863570213317871,8.863570213317871,8.863570213317871,2.35239315032959,0
1995-08-16,8.863570213317871,8.863570213317871,8.863570213317871,8.863570213317871,2.35239315032959,0
1995-08-17,8.863570213317871,8.863570213317871,8.863570213317871,8.863570213317871,2.35239315032959,0
1995-08-18,8.863570213317871,8.863570213317871,8.863570213317871,8.863570213317871,2.368121385574341,0
1995-08-21,8.863570213317871,8.863570213317871,8.863570213317871,8.863570213317871,2.368121385574341,0
1995-08-22,8.863570213317871,8.863570213317871,8.863570213317871,8.863570213317871,2.368121385574341,0
1995-08-23,8.863570213317871,8.863570213317871,8.863570213317871,8.863570213317871,2.368121385574341,0
1995-08-24,8.863570213317871,8.863570213317871,8.863570213317871,8.863570213317871,2.368121385574341,0
1995-08-25,8.863570213317871,8.863570213317871,8.863570213317871,8.863570213317871,2.368121385574341,0
1995-08-28,8.027383804321289,8.027383804321289,8.027383804321289,8.027383804321289,2.1447131633758545,747
1995-08-29,8.027383804321289,8.027383804321289,8.027383804321289,8.027383804321289,2.1447131633758545,187
1995-08-30,8.027383804321289,8.027383804321289,8.027383804321289,8.027383804321289,2.1447131633758545,0
1995-08-31,8.027383804321289,8.027383804321289,8.027383804321289,8.027383804321289,2.1447131633758545,0
1995-09-01,8.027383804321289,8.027383804321289,8.027383804321289,8.027383804321289,2.1447131633758545,0
1995-09-05,8.027383804321289,8.027383804321289,8.027383804321289,8.027383804321289,2.1447131633758545,0
1995-09-06,8.671246528625488,8.671246528625488,8.027383804321289,8.027383804321289,2.1447131633758545,1682
1995-09-07,8.027383804321289,8.027383804321289,8.027383804321289,8.027383804321289,2.1447131633758545,0
1995-09-08,8.027383804321289,8.027383804321289,8.027383804321289,8.027383804321289,2.1447131633758545,0
1995-09-11,8.027383804321289,8.027383804321289,8.027383804321289,8.027383804321289,2.1447131633758545,0
1995-09-12,8.027383804321289,8.027383804321289,8.027383804321289,8.027383804321289,2.1447131633758545,0
1995-09-13,8.027383804321289,8.027383804321289,8.027383804321289,8.027383804321289,2.1447131633758545,0
1995-09-14,8.027383804321289,8.027383804321289,8.027383804321289,8.027383804321289,2.1447131633758545,0
1995-09-15,8.027383804321289,8.027383804321289,8.027383804321289,8.027383804321289,2.1447131633758545,0
1995-09-18,8.027383804321289,8.027383804321289,8.027383804321289,8.027383804321289,2.1447131633758545,0
1995-09-19,8.027383804321289,8.027383804321289,8.027383804321289,8.027383804321289,2.1447131633758545,0
1995-09-20,8.027383804321289,8.027383804321289,8.027383804321289,8.027383804321289,2.1447131633758545,0
1995-09-21,8.027383804321289,8.027383804321289,8.027383804321289,8.027383804321289,2.1447131633758545,0
1995-09-22,8.830121994018555,8.830121994018555,8.830121994018555,8.830121994018555,2.359184980392456,1121
1995-09-25,8.830121994018555,8.830121994018555,8.830121994018555,8.830121994018555,2.359184980392456,0
1995-09-26,8.830121994018555,8.830121994018555,8.830121994018555,8.830121994018555,2.359184980392456,0
1995-09-27,8.830121994018555,8.830121994018555,8.830121994018555,8.830121994018555,2.359184980392456,0
1995-09-28,8.830121994018555,8.830121994018555,8.830121994018555,8.830121994018555,2.359184980392456,187
1995-09-29,8.830121994018555,8.830121994018555,8.830121994018555,8.830121994018555,2.359184980392456,0
1995-10-02,8.830121994018555,8.830121994018555,8.830121994018555,8.830121994018555,2.359184980392456,0
1995-10-03,8.830121994018555,8.830121994018555,8.830121994018555,8.830121994018555,2.359184980392456,0
1995-10-04,8.830121994018555,8.830121994018555,8.830121994018555,8.830121994018555,2.359184980392456,0
1995-10-05,8.830121994018555,8.830121994018555,8.830121994018555,8.830121994018555,2.359184980392456,0
1995-10-06,8.830121994018555,8.830121994018555,8.027383804321289,8.027383804321289,2.1447131633758545,5232
1995-10-09,8.027383804321289,8.027383804321289,8.027383804321289,8.027383804321289,2.1447131633758545,0
1995-10-10,8.027383804321289,8.027383804321289,8.027383804321289,8.027383804321289,2.1447131633758545,0
1995-10-11,8.027383804321289,8.027383804321289,8.027383804321289,8.027383804321289,2.1447131633758545,0
1995-10-12,8.027383804321289,8.027383804321289,8.027383804321289,8.027383804321289,2.1447131633758545,0
1995-10-13,8.027383804321289,8.027383804321289,8.027383804321289,8.027383804321289,2.1447131633758545,0
1995-10-16,9.766650199890137,9.766650199890137,9.766650199890137,9.766650199890137,2.609400749206543,187
1995-10-17,9.766650199890137,9.766650199890137,9.766650199890137,9.766650199890137,2.609400749206543,0
1995-10-18,9.766650199890137,9.766650199890137,9.766650199890137,9.766650199890137,2.609400749206543,0
1995-10-19,9.766650199890137,9.766650199890137,9.766650199890137,9.766650199890137,2.609400749206543,0
1995-10-20,9.766650199890137,9.766650199890137,9.766650199890137,9.766650199890137,2.609400749206543,1308
1995-10-23,9.766650199890137,9.766650199890137,9.766650199890137,9.766650199890137,2.609400749206543,0
1995-10-24,9.766650199890137,9.766650199890137,9.766650199890137,9.766650199890137,2.609400749206543,0
1995-10-25,8.161172866821289,8.161172866821289,8.027383804321289,8.027383804321289,2.1447131633758545,4111
1995-10-26,8.027383804321289,8.027383804321289,8.027383804321289,8.027383804321289,2.1447131633758545,0
1995-10-27,8.027383804321289,8.027383804321289,8.027383804321289,8.027383804321289,2.1447131633758545,0
1995-10-30,8.027383804321289,8.027383804321289,8.027383804321289,8.027383804321289,2.1447131633758545,4672
1995-10-31,8.027383804321289,8.027383804321289,8.027383804321289,8.027383804321289,2.1447131633758545,0
1995-11-01,8.027383804321289,8.027383804321289,8.027383804321289,8.027383804321289,2.1447131633758545,0
1995-11-02,8.294962882995605,8.294962882995605,8.294962882995605,8.294962882995605,2.2162036895751953,934
1995-11-03,8.294962882995605,8.294962882995605,8.294962882995605,8.294962882995605,2.2162036895751953,0
1995-11-06,8.294962882995605,8.294962882995605,8.294962882995605,8.294962882995605,2.2162036895751953,561
1995-11-07,8.294962882995605,8.294962882995605,8.294962882995605,8.294962882995605,2.2162036895751953,0
1995-11-08,8.294962882995605,8.294962882995605,8.294962882995605,8.294962882995605,2.2162036895751953,0
1995-11-09,7.492225170135498,7.492225170135498,7.492225170135498,7.492225170135498,2.0017309188842773,374
1995-11-10,7.492225170135498,7.492225170135498,7.492225170135498,7.492225170135498,2.0017309188842773,0
1995-11-13,8.027383804321289,8.027383804321289,8.027383804321289,8.027383804321289,2.1447131633758545,187
1995-11-14,7.308263778686523,7.308263778686523,7.308263778686523,7.308263778686523,1.9525830745697021,2803
1995-11-15,7.308263778686523,7.308263778686523,7.308263778686523,7.308263778686523,1.9525830745697021,0
1995-11-16,8.027383804321289,8.027383804321289,8.027383804321289,8.027383804321289,2.1447131633758545,561
1995-11-17,8.027383804321289,8.027383804321289,8.027383804321289,8.027383804321289,2.1447131633758545,0
1995-11-20,8.027383804321289,8.027383804321289,8.027383804321289,8.027383804321289,2.1447131633758545,0
1995-11-21,6.957066059112549,6.957066059112549,6.957066059112549,6.957066059112549,1.8587511777877808,1495
1995-11-22,6.957066059112549,6.957066059112549,6.957066059112549,6.957066059112549,1.8587511777877808,0
1995-11-24,6.957066059112549,6.957066059112549,6.957066059112549,6.957066059112549,1.8587511777877808,0
1995-11-27,6.957066059112549,6.957066059112549,6.957066059112549,6.957066059112549,1.8587511777877808,0
1995-11-28,6.957066059112549,6.957066059112549,6.957066059112549,6.957066059112549,1.8587511777877808,0
1995-11-29,6.957066059112549,6.957066059112549,6.957066059112549,6.957066059112549,1.8587511777877808,0
1995-11-30,8.830121994018555,8.830121994018555,8.830121994018555,8.830121994018555,2.379317283630371,187
1995-12-01,8.830121994018555,8.830121994018555,8.830121994018555,8.830121994018555,2.379317283630371,0
1995-12-04,8.830121994018555,8.830121994018555,8.830121994018555,8.830121994018555,2.379317283630371,0
1995-12-05,8.830121994018555,8.830121994018555,8.830121994018555,8.830121994018555,2.379317283630371,0
1995-12-06,8.830121994018555,8.830121994018555,8.830121994018555,8.830121994018555,2.379317283630371,0
1995-12-07,8.830121994018555,8.830121994018555,8.830121994018555,8.830121994018555,2.379317283630371,0
1995-12-08,8.830121994018555,8.830121994018555,8.830121994018555,8.830121994018555,2.379317283630371,0
1995-12-11,8.027383804321289,8.027383804321289,8.027383804321289,8.027383804321289,2.163015365600586,374
1995-12-12,6.957066059112549,6.957066059112549,6.957066059112549,6.957066059112549,1.8746130466461182,187
1995-12-13,6.957066059112549,6.957066059112549,6.957066059112549,6.957066059112549,1.8746130466461182,0
1995-12-14,6.957066059112549,6.957066059112549,6.957066059112549,6.957066059112549,1.8746130466461182,0
1995-12-15,6.957066059112549,6.957066059112549,6.957066059112549,6.957066059112549,1.8746130466461182,3177
1995-12-18,6.689486026763916,7.759803771972656,6.689486026763916,7.759803771972656,2.090914487838745,1308
1995-12-19,7.6260151863098145,7.6260151863098145,7.6260151863098145,7.6260151863098145,2.054865598678589,187
1995-12-20,7.6260151863098145,7.6260151863098145,7.6260151863098145,7.6260151863098145,2.054865598678589,0
1995-12-21,7.492225170135498,7.492225170135498,7.492225170135498,7.492225170135498,2.0188138484954834,1682
1995-12-22,7.492225170135498,7.492225170135498,7.492225170135498,7.492225170135498,2.0188138484954834,374
1995-12-26,7.492225170135498,7.492225170135498,7.492225170135498,7.492225170135498,2.0188138484954834,0
1995-12-27,7.492225170135498,7.492225170135498,7.492225170135498,7.492225170135498,2.0188138484954834,0
1995-12-28,7.492225170135498,7.492225170135498,7.492225170135498,7.492225170135498,2.0188138484954834,0
1995-12-29,7.492225170135498,7.492225170135498,7.492225170135498,7.492225170135498,2.0188138484954834,187
1996-01-02,6.823276042938232,7.492225170135498,6.689486026763916,7.492225170135498,2.0188138484954834,2990
1996-01-03,7.492225170135498,7.492225170135498,7.492225170135498,7.492225170135498,2.0188138484954834,0
1996-01-04,7.492225170135498,7.492225170135498,7.492225170135498,7.492225170135498,2.0188138484954834,0
1996-01-05,7.492225170135498,7.492225170135498,7.492225170135498,7.492225170135498,2.0188138484954834,0
1996-01-08,7.492225170135498,7.492225170135498,7.492225170135498,7.492225170135498,2.0188138484954834,0
1996-01-09,7.090856075286865,7.090856075286865,6.957066059112549,7.090856075286865,1.9106639623641968,14201
1996-01-10,6.689486026763916,6.689486026763916,6.689486026763916,6.689486026763916,1.802512526512146,11212
1996-01-11,6.689486026763916,6.689486026763916,6.689486026763916,6.689486026763916,1.802512526512146,0
1996-01-12,6.689486026763916,6.689486026763916,6.689486026763916,6.689486026763916,1.802512526512146,0
1996-01-15,6.689486026763916,6.689486026763916,6.689486026763916,6.689486026763916,1.802512526512146,0
1996-01-16,6.689486026763916,6.689486026763916,6.689486026763916,6.689486026763916,1.802512526512146,0
1996-01-17,6.689486026763916,6.689486026763916,6.689486026763916,6.689486026763916,1.802512526512146,0
1996-01-18,6.689486026763916,6.689486026763916,6.689486026763916,6.689486026763916,1.802512526512146,0
1996-01-19,6.689486026763916,6.689486026763916,6.689486026763916,6.689486026763916,1.802512526512146,0
1996-01-22,6.689486026763916,6.689486026763916,6.689486026763916,6.689486026763916,1.802512526512146,0
1996-01-23,6.689486026763916,7.090856075286865,6.689486026763916,7.090856075286865,1.9106639623641968,1869
1996-01-24,7.090856075286865,7.090856075286865,7.090856075286865,7.090856075286865,1.9106639623641968,0
1996-01-25,7.090856075286865,7.090856075286865,7.090856075286865,7.090856075286865,1.9106639623641968,0
1996-01-26,7.090856075286865,7.090856075286865,7.090856075286865,7.090856075286865,1.9106639623641968,0
1996-01-29,7.090856075286865,7.090856075286865,7.090856075286865,7.090856075286865,1.9106639623641968,0
1996-01-30,7.090856075286865,7.090856075286865,7.090856075286865,7.090856075286865,1.9106639623641968,0
1996-01-31,7.090856075286865,7.090856075286865,7.090856075286865,7.090856075286865,1.9106639623641968,0
1996-02-01,7.090856075286865,7.090856075286865,7.090856075286865,7.090856075286865,1.9106639623641968,0
1996-02-02,7.090856075286865,7.090856075286865,7.090856075286865,7.090856075286865,1.9106639623641968,0
1996-02-05,7.090856075286865,7.090856075286865,7.090856075286865,7.090856075286865,1.9106639623641968,0
1996-02-06,7.224645137786865,7.224645137786865,7.224645137786865,7.224645137786865,1.946714162826538,374
1996-02-07,7.224645137786865,7.224645137786865,7.224645137786865,7.224645137786865,1.946714162826538,0
1996-02-08,7.224645137786865,7.224645137786865,7.224645137786865,7.224645137786865,1.946714162826538,0
1996-02-09,7.224645137786865,7.224645137786865,7.224645137786865,7.224645137786865,1.946714162826538,0
1996-02-12,8.027383804321289,8.027383804321289,8.027383804321289,8.027383804321289,2.163015365600586,561
1996-02-13,7.492225170135498,7.492225170135498,7.492225170135498,7.492225170135498,2.0188138484954834,3363
1996-02-14,7.893593788146973,7.893593788146973,7.492225170135498,7.492225170135498,2.0188138484954834,3737
1996-02-15,7.893593788146973,7.893593788146973,7.492225170135498,7.893593788146973,2.126965045928955,3177
1996-02-16,7.893593788146973,7.893593788146973,7.893593788146973,7.893593788146973,2.126965045928955,187
1996-02-20,7.6260151863098145,7.6260151863098145,7.6260151863098145,7.6260151863098145,2.054865598678589,1495
1996-02-21,7.6260151863098145,7.6260151863098145,7.6260151863098145,7.6260151863098145,2.054865598678589,0
1996-02-22,7.6260151863098145,7.6260151863098145,7.6260151863098145,7.6260151863098145,2.054865598678589,0
1996-02-23,7.6260151863098145,7.6260151863098145,7.6260151863098145,7.6260151863098145,2.054865598678589,0
1996-02-26,7.6260151863098145,7.6260151863098145,7.6260151863098145,7.6260151863098145,2.054865598678589,0
1996-02-27,7.6260151863098145,7.6260151863098145,7.6260151863098145,7.6260151863098145,2.054865598678589,0
1996-02-28,7.6260151863098145,7.6260151863098145,7.6260151863098145,7.6260151863098145,2.054865598678589,0
1996-02-29,7.759803771972656,7.759803771972656,7.759803771972656,7.759803771972656,2.090914487838745,374
1996-03-01,7.759803771972656,7.759803771972656,7.759803771972656,7.759803771972656,2.090914487838745,0
1996-03-04,7.759803771972656,7.759803771972656,7.759803771972656,7.759803771972656,2.090914487838745,0
1996-03-05,7.759803771972656,7.759803771972656,7.759803771972656,7.759803771972656,2.090914487838745,0
1996-03-06,7.759803771972656,7.759803771972656,7.759803771972656,7.759803771972656,2.1068973541259766,0
1996-03-07,7.759803771972656,7.759803771972656,7.759803771972656,7.759803771972656,2.1068973541259766,0
1996-03-08,7.759803771972656,7.759803771972656,7.759803771972656,7.759803771972656,2.1068973541259766,0
1996-03-11,7.759803771972656,7.759803771972656,7.759803771972656,7.759803771972656,2.1068973541259766,0
1996-03-12,7.759803771972656,7.759803771972656,7.759803771972656,7.759803771972656,2.1068973541259766,0
1996-03-13,7.759803771972656,7.759803771972656,7.759803771972656,7.759803771972656,2.1068973541259766,0
1996-03-14,7.759803771972656,7.759803771972656,7.759803771972656,7.759803771972656,2.1068973541259766,0
1996-03-15,7.759803771972656,7.759803771972656,7.759803771972656,7.759803771972656,2.1068973541259766,0
1996-03-18,7.759803771972656,7.759803771972656,7.759803771972656,7.759803771972656,2.1068973541259766,0
1996-03-19,7.759803771972656,7.759803771972656,7.759803771972656,7.759803771972656,2.1068973541259766,0
1996-03-20,7.6260151863098145,7.6260151863098145,7.6260151863098145,7.6260151863098145,2.070572853088379,1869
1996-03-21,8.094279289245605,8.094279289245605,8.094279289245605,8.094279289245605,2.197711944580078,1682
1996-03-22,8.094279289245605,8.094279289245605,7.6260151863098145,7.893593788146973,2.143224000930786,8969
1996-03-25,7.6260151863098145,7.6260151863098145,7.6260151863098145,7.6260151863098145,2.070572853088379,187
1996-03-26,8.094279289245605,8.094279289245605,8.027383804321289,8.027383804321289,2.1795496940612793,747
1996-03-27,8.027383804321289,8.027383804321289,7.893593788146973,7.893593788146973,2.143224000930786,18686
1996-03-28,7.893593788146973,8.094279289245605,7.893593788146973,8.094279289245605,2.197711944580078,2055
1996-03-29,8.094279289245605,8.094279289245605,8.094279289245605,8.094279289245605,2.197711944580078,0
1996-04-01,8.094279289245605,8.094279289245605,7.6260151863098145,7.6260151863098145,2.070572853088379,3363
1996-04-02,8.044107437133789,8.044107437133789,7.6260151863098145,7.893593788146973,2.143224000930786,1121
1996-04-03,7.893593788146973,7.893593788146973,7.893593788146973,7.893593788146973,2.143224000930786,0
1996-04-04,7.6260151863098145,7.6260151863098145,7.6260151863098145,7.6260151863098145,2.070572853088379,4672
1996-04-08,7.6260151863098145,7.6260151863098145,7.6260151863098145,7.6260151863098145,2.070572853088379,0
1996-04-09,8.027383804321289,8.027383804321289,7.6260151863098145,7.6260151863098145,2.070572853088379,3737
1996-04-10,7.6260151863098145,7.6260151863098145,7.6260151863098145,7.6260151863098145,2.070572853088379,0
1996-04-11,7.6260151863098145,7.6260151863098145,7.6260151863098145,7.6260151863098145,2.070572853088379,0
1996-04-12,7.6260151863098145,7.6260151863098145,7.6260151863098145,7.6260151863098145,2.070572853088379,0
1996-04-15,7.759803771972656,7.759803771972656,7.759803771972656,7.759803771972656,2.1068973541259766,1121
1996-04-16,7.759803771972656,7.759803771972656,7.759803771972656,7.759803771972656,2.1068973541259766,374
1996-04-17,7.759803771972656,7.759803771972656,7.759803771972656,7.759803771972656,2.1068973541259766,0
1996-04-18,7.492225170135498,7.759803771972656,7.224645137786865,7.759803771972656,2.1068973541259766,2990
1996-04-19,7.759803771972656,7.759803771972656,7.559120178222656,7.759803771972656,2.1068973541259766,50639
1996-04-22,7.759803771972656,7.759803771972656,7.559120178222656,7.6260151863098145,2.070572853088379,36998
1996-04-23,7.759803771972656,7.759803771972656,7.759803771972656,7.759803771972656,2.1068973541259766,2803
1996-04-24,7.692908763885498,7.692908763885498,7.692908763885498,7.692908763885498,2.088736057281494,561
1996-04-25,7.759803771972656,7.759803771972656,7.759803771972656,7.759803771972656,2.1068973541259766,3363
1996-04-26,7.759803771972656,7.759803771972656,7.759803771972656,7.759803771972656,2.1068973541259766,747
1996-04-29,7.759803771972656,7.759803771972656,7.701271057128906,7.701271057128906,2.0910043716430664,2803
1996-04-30,7.358435153961182,7.759803771972656,7.358435153961182,7.759803771972656,2.1068973541259766,5232
1996-05-01,7.759803771972656,7.759803771972656,7.759803771972656,7.759803771972656,2.1068973541259766,0
1996-05-02,7.358435153961182,7.759803771972656,7.358435153961182,7.759803771972656,2.1068973541259766,1121
1996-05-03,7.759803771972656,7.759803771972656,7.759803771972656,7.759803771972656,2.1068973541259766,0
1996-05-06,7.759803771972656,7.759803771972656,7.759803771972656,7.759803771972656,2.1068973541259766,187
1996-05-07,7.759803771972656,7.759803771972656,7.42533016204834,7.692908763885498,2.088736057281494,13454
1996-05-08,7.759803771972656,7.759803771972656,7.559120178222656,7.759803771972656,2.1068973541259766,3737
1996-05-09,7.759803771972656,7.759803771972656,7.559120178222656,7.759803771972656,2.1068973541259766,22610
1996-05-10,7.759803771972656,7.759803771972656,7.759803771972656,7.759803771972656,2.1068973541259766,0
1996-05-13,7.759803771972656,7.759803771972656,7.759803771972656,7.759803771972656,2.1068973541259766,3924
1996-05-14,7.759803771972656,7.893593788146973,7.759803771972656,7.8266987800598145,2.12506103515625,5045
1996-05-15,7.893593788146973,7.893593788146973,7.893593788146973,7.893593788146973,2.143224000930786,561
1996-05-16,7.492225170135498,7.492225170135498,7.492225170135498,7.492225170135498,2.0481321811676025,747
1996-05-17,7.893593788146973,7.893593788146973,7.893593788146973,7.893593788146973,2.157853841781616,1308
1996-05-20,7.893593788146973,7.893593788146973,7.759803771972656,7.893593788146973,2.157853841781616,1308
1996-05-21,7.759803771972656,7.759803771972656,7.759803771972656,7.759803771972656,2.12127947807312,187
1996-05-22,7.759803771972656,7.759803771972656,7.759803771972656,7.759803771972656,2.12127947807312,0
1996-05-23,7.759803771972656,7.759803771972656,7.759803771972656,7.759803771972656,2.12127947807312,0
1996-05-24,7.759803771972656,7.759803771972656,7.759803771972656,7.759803771972656,2.12127947807312,0
1996-05-28,7.759803771972656,7.759803771972656,7.759803771972656,7.759803771972656,2.12127947807312,0
1996-05-29,7.6260151863098145,7.6260151863098145,7.6260151863098145,7.6260151863098145,2.0847055912017822,2990
1996-05-30,7.6260151863098145,7.6260151863098145,7.6260151863098145,7.6260151863098145,2.0847055912017822,0
1996-05-31,7.6260151863098145,7.6260151863098145,7.6260151863098145,7.6260151863098145,2.0847055912017822,0
1996-06-03,7.6260151863098145,7.6260151863098145,7.6260151863098145,7.6260151863098145,2.0847055912017822,0
1996-06-04,7.6260151863098145,7.6260151863098145,7.6260151863098145,7.6260151863098145,2.0847055912017822,0
1996-06-05,8.161172866821289,8.161172866821289,8.161172866821289,8.161172866821289,2.231001615524292,934
1996-06-06,7.8266987800598145,8.194621086120605,7.8266987800598145,8.194621086120605,2.2401442527770996,2055
1996-06-07,8.194621086120605,8.194621086120605,8.194621086120605,8.194621086120605,2.2401442527770996,0
1996-06-10,8.194621086120605,8.194621086120605,8.194621086120605,8.194621086120605,2.2401442527770996,0
1996-06-11,8.194621086120605,8.194621086120605,8.194621086120605,8.194621086120605,2.2401442527770996,0
1996-06-12,8.194621086120605,8.194621086120605,8.194621086120605,8.194621086120605,2.2401442527770996,0
1996-06-13,8.194621086120605,8.194621086120605,8.194621086120605,8.194621086120605,2.2401442527770996,0
1996-06-14,8.194621086120605,8.194621086120605,8.194621086120605,8.194621086120605,2.2401442527770996,0
1996-06-17,8.562542915344238,8.562542915344238,8.562542915344238,8.562542915344238,2.340721845626831,187
1996-06-18,8.420391082763672,8.696331977844238,8.228068351745605,8.228068351745605,2.2492880821228027,4111
1996-06-19,7.893593788146973,7.893593788146973,7.893593788146973,7.893593788146973,2.157853841781616,1308
1996-06-20,8.696331977844238,8.696331977844238,8.294962882995605,8.294962882995605,2.2675745487213135,374
1996-06-21,8.294962882995605,8.696331977844238,8.194621086120605,8.595990180969238,2.349865436553955,36811
1996-06-24,8.595990180969238,8.595990180969238,8.595990180969238,8.595990180969238,2.349865436553955,0
1996-06-25,8.963912010192871,8.963912010192871,8.963912010192871,8.963912010192871,2.450443983078003,187
1996-06-26,8.963912010192871,8.963912010192871,8.963912010192871,8.963912010192871,2.450443983078003,0
1996-06-27,8.963912010192871,8.963912010192871,8.963912010192871,8.963912010192871,2.450443983078003,0
1996-06-28,8.294962882995605,8.294962882995605,8.294962882995605,8.294962882995605,2.2675745487213135,2055
1996-07-01,8.294962882995605,8.294962882995605,8.294962882995605,8.294962882995605,2.2675745487213135,0
1996-07-02,8.294962882995605,8.294962882995605,8.294962882995605,8.294962882995605,2.2675745487213135,0
1996-07-03,8.428752899169922,8.428752899169922,8.428752899169922,8.428752899169922,2.3041481971740723,3737
1996-07-05,8.428752899169922,8.428752899169922,8.428752899169922,8.428752899169922,2.3041481971740723,0
1996-07-08,8.428752899169922,8.428752899169922,8.428752899169922,8.428752899169922,2.3041481971740723,0
1996-07-09,8.428752899169922,8.428752899169922,8.428752899169922,8.428752899169922,2.3041481971740723,0
1996-07-10,8.428752899169922,8.428752899169922,8.428752899169922,8.428752899169922,2.3041481971740723,0
1996-07-11,8.562542915344238,8.963912010192871,8.562542915344238,8.963912010192871,2.450443983078003,12520
1996-07-12,8.562542915344238,8.963912010192871,8.562542915344238,8.963912010192871,2.450443983078003,2616
1996-07-15,8.562542915344238,8.963912010192871,8.562542915344238,8.963912010192871,2.450443983078003,2616
1996-07-16,8.562542915344238,8.562542915344238,8.562542915344238,8.562542915344238,2.340721845626831,561
1996-07-17,8.562542915344238,8.562542915344238,8.562542915344238,8.562542915344238,2.340721845626831,0
1996-07-18,8.562542915344238,8.562542915344238,8.562542915344238,8.562542915344238,2.340721845626831,1869
1996-07-19,8.562542915344238,8.562542915344238,8.562542915344238,8.562542915344238,2.340721845626831,0
1996-07-22,8.562542915344238,8.963912010192871,8.562542915344238,8.963912010192871,2.450443983078003,3924
1996-07-23,8.562542915344238,8.562542915344238,8.562542915344238,8.562542915344238,2.340721845626831,187
1996-07-24,8.562542915344238,8.562542915344238,8.562542915344238,8.562542915344238,2.340721845626831,0
1996-07-25,8.562542915344238,8.562542915344238,8.562542915344238,8.562542915344238,2.340721845626831,0
1996-07-26,8.562542915344238,8.562542915344238,8.562542915344238,8.562542915344238,2.340721845626831,0
1996-07-29,8.562542915344238,8.562542915344238,8.562542915344238,8.562542915344238,2.340721845626831,0
1996-07-30,8.562542915344238,8.562542915344238,8.562542915344238,8.562542915344238,2.340721845626831,0
1996-07-31,8.562542915344238,8.562542915344238,8.562542915344238,8.562542915344238,2.340721845626831,0
1996-08-01,8.562542915344238,8.562542915344238,8.562542915344238,8.562542915344238,2.340721845626831,0
1996-08-02,8.562542915344238,8.562542915344238,8.562542915344238,8.562542915344238,2.340721845626831,0
1996-08-05,8.562542915344238,8.562542915344238,8.562542915344238,8.562542915344238,2.340721845626831,0
1996-08-06,8.562542915344238,8.562542915344238,8.562542915344238,8.562542915344238,2.340721845626831,0
1996-08-07,8.562542915344238,8.963912010192871,8.562542915344238,8.963912010192871,2.450443983078003,3924
1996-08-08,8.562542915344238,8.562542915344238,8.562542915344238,8.562542915344238,2.340721845626831,374
1996-08-09,8.562542915344238,8.562542915344238,8.562542915344238,8.562542915344238,2.340721845626831,0
1996-08-12,8.562542915344238,8.562542915344238,8.562542915344238,8.562542915344238,2.340721845626831,0
1996-08-13,8.562542915344238,8.963912010192871,8.562542915344238,8.963912010192871,2.450443983078003,2242
1996-08-14,8.963912010192871,8.963912010192871,8.963912010192871,8.963912010192871,2.450443983078003,0
1996-08-15,8.830121994018555,8.830121994018555,8.830121994018555,8.830121994018555,2.413870096206665,1121
1996-08-16,8.830121994018555,8.830121994018555,8.830121994018555,8.830121994018555,2.413870096206665,0
1996-08-19,8.830121994018555,8.830121994018555,8.830121994018555,8.830121994018555,2.413870096206665,0
1996-08-20,8.830121994018555,8.830121994018555,8.830121994018555,8.830121994018555,2.413870096206665,0
1996-08-21,8.830121994018555,8.830121994018555,8.830121994018555,8.830121994018555,2.413870096206665,0
1996-08-22,8.963912010192871,8.963912010192871,8.562542915344238,8.562542915344238,2.340721845626831,3924
1996-08-23,8.562542915344238,9.097702026367188,8.562542915344238,9.097702026367188,2.487017869949341,2990
1996-08-26,9.097702026367188,9.097702026367188,9.097702026367188,9.097702026367188,2.487017869949341,2055
1996-08-27,9.097702026367188,9.097702026367188,9.097702026367188,9.097702026367188,2.487017869949341,0
1996-08-28,9.097702026367188,9.097702026367188,9.097702026367188,9.097702026367188,2.5032150745391846,0
1996-08-29,9.097702026367188,9.097702026367188,9.097702026367188,9.097702026367188,2.5032150745391846,0
1996-08-30,9.097702026367188,9.097702026367188,9.097702026367188,9.097702026367188,2.5032150745391846,0
1996-09-03,9.097702026367188,9.097702026367188,9.097702026367188,9.097702026367188,2.5032150745391846,0
1996-09-04,9.097702026367188,9.097702026367188,9.097702026367188,9.097702026367188,2.5032150745391846,0
1996-09-05,9.097702026367188,9.097702026367188,9.097702026367188,9.097702026367188,2.5032150745391846,0
1996-09-06,9.097702026367188,9.097702026367188,9.097702026367188,9.097702026367188,2.5032150745391846,0
1996-09-09,9.097702026367188,9.097702026367188,9.097702026367188,9.097702026367188,2.5032150745391846,187
1996-09-10,9.097702026367188,9.097702026367188,9.097702026367188,9.097702026367188,2.5032150745391846,0
1996-09-11,9.097702026367188,9.097702026367188,9.097702026367188,9.097702026367188,2.5032150745391846,0
1996-09-12,9.097702026367188,9.097702026367188,9.097702026367188,9.097702026367188,2.5032150745391846,0
1996-09-13,9.097702026367188,9.365281105041504,9.097702026367188,9.365281105041504,2.576838254928589,4672
1996-09-16,9.365281105041504,9.63286018371582,9.365281105041504,9.63286018371582,2.650463342666626,2429
1996-09-17,9.63286018371582,9.63286018371582,9.63286018371582,9.63286018371582,2.650463342666626,0
1996-09-18,9.030806541442871,9.030806541442871,9.030806541442871,9.030806541442871,2.484809398651123,187
1996-09-19,9.030806541442871,9.030806541442871,9.030806541442871,9.030806541442871,2.484809398651123,0
1996-09-20,9.030806541442871,9.030806541442871,9.030806541442871,9.030806541442871,2.484809398651123,0
1996-09-23,9.63286018371582,9.63286018371582,9.63286018371582,9.63286018371582,2.650463342666626,374
1996-09-24,9.63286018371582,9.63286018371582,9.63286018371582,9.63286018371582,2.650463342666626,0
1996-09-25,9.63286018371582,9.63286018371582,9.63286018371582,9.63286018371582,2.650463342666626,2803
1996-09-26,9.63286018371582,9.63286018371582,9.63286018371582,9.63286018371582,2.650463342666626,0
1996-09-27,9.365281105041504,9.766650199890137,9.365281105041504,9.766650199890137,2.687274932861328,4858
1996-09-30,9.766650199890137,9.766650199890137,9.766650199890137,9.766650199890137,2.687274932861328,0
1996-10-01,9.365281105041504,9.365281105041504,9.365281105041504,9.365281105041504,2.576838254928589,374
1996-10-02,9.365281105041504,9.365281105041504,9.365281105041504,9.365281105041504,2.576838254928589,0
1996-10-03,9.365281105041504,9.365281105041504,9.365281105041504,9.365281105041504,2.576838254928589,0
1996-10-04,9.365281105041504,9.365281105041504,9.365281105041504,9.365281105041504,2.576838254928589,0
1996-10-07,9.365281105041504,9.365281105041504,9.365281105041504,9.365281105041504,2.576838254928589,3177
1996-10-08,9.365281105041504,9.365281105041504,9.365281105041504,9.365281105041504,2.576838254928589,0
1996-10-09,9.365281105041504,9.766650199890137,9.365281105041504,9.766650199890137,2.687274932861328,2055
1996-10-10,9.766650199890137,9.766650199890137,9.766650199890137,9.766650199890137,2.687274932861328,0
1996-10-11,9.766650199890137,9.766650199890137,9.766650199890137,9.766650199890137,2.687274932861328,0
1996-10-14,9.766650199890137,9.766650199890137,9.766650199890137,9.766650199890137,2.687274932861328,0
1996-10-15,9.766650199890137,9.766650199890137,9.766650199890137,9.766650199890137,2.687274932861328,0
1996-10-16,9.766650199890137,9.766650199890137,9.766650199890137,9.766650199890137,2.687274932861328,0
1996-10-17,9.766650199890137,9.766650199890137,9.766650199890137,9.766650199890137,2.687274932861328,0
1996-10-18,9.766650199890137,9.766650199890137,9.766650199890137,9.766650199890137,2.687274932861328,0
1996-10-21,9.766650199890137,9.766650199890137,9.766650199890137,9.766650199890137,2.687274932861328,0
1996-10-22,9.365281105041504,9.365281105041504,9.365281105041504,9.365281105041504,2.576838254928589,747
1996-10-23,9.365281105041504,9.365281105041504,9.365281105041504,9.365281105041504,2.576838254928589,0
1996-10-24,9.365281105041504,9.365281105041504,9.365281105041504,9.365281105041504,2.576838254928589,0
1996-10-25,9.365281105041504,9.365281105041504,9.365281105041504,9.365281105041504,2.576838254928589,0
1996-10-28,9.365281105041504,9.365281105041504,9.365281105041504,9.365281105041504,2.576838254928589,0
1996-10-29,9.365281105041504,9.900440216064453,9.365281105041504,9.900440216064453,2.724086046218872,934
1996-10-30,9.908802032470703,9.908802032470703,9.365281105041504,9.365281105041504,2.576838254928589,2055
1996-10-31,9.365281105041504,9.365281105041504,9.365281105041504,9.365281105041504,2.576838254928589,0
1996-11-01,9.365281105041504,9.365281105041504,9.365281105041504,9.365281105041504,2.576838254928589,0
1996-11-04,9.365281105041504,9.365281105041504,9.365281105041504,9.365281105041504,2.576838254928589,0
1996-11-05,9.365281105041504,9.365281105041504,9.365281105041504,9.365281105041504,2.576838254928589,1869
1996-11-06,9.900440216064453,9.900440216064453,9.900440216064453,9.900440216064453,2.724086046218872,3363
1996-11-07,9.900440216064453,9.900440216064453,9.900440216064453,9.900440216064453,2.724086046218872,0
1996-11-08,9.900440216064453,9.900440216064453,9.900440216064453,9.900440216064453,2.724086046218872,0
1996-11-11,9.900440216064453,9.900440216064453,9.900440216064453,9.900440216064453,2.724086046218872,0
1996-11-12,9.900440216064453,9.900440216064453,9.900440216064453,9.900440216064453,2.724086046218872,0
1996-11-13,10.16801929473877,10.16801929473877,10.16801929473877,10.16801929473877,2.797710657119751,2242
1996-11-14,10.16801929473877,10.16801929473877,10.16801929473877,10.16801929473877,2.797710657119751,0
1996-11-15,10.16801929473877,10.16801929473877,10.16801929473877,10.16801929473877,2.797710657119751,0
1996-11-18,10.16801929473877,10.16801929473877,10.16801929473877,10.16801929473877,2.797710657119751,0
1996-11-19,9.63286018371582,9.63286018371582,9.49907112121582,9.49907112121582,2.61365008354187,2242
1996-11-20,10.03423023223877,10.03423023223877,10.03423023223877,10.03423023223877,2.760899066925049,374
1996-11-21,10.03423023223877,10.03423023223877,10.03423023223877,10.03423023223877,2.760899066925049,0
1996-11-22,10.03423023223877,10.03423023223877,10.03423023223877,10.03423023223877,2.760899066925049,0
1996-11-25,10.03423023223877,10.03423023223877,10.03423023223877,10.03423023223877,2.760899066925049,0
1996-11-26,10.03423023223877,10.03423023223877,10.03423023223877,10.03423023223877,2.760899066925049,0
1996-11-27,10.03423023223877,10.03423023223877,10.03423023223877,10.03423023223877,2.760899066925049,0
1996-11-29,10.03423023223877,10.03423023223877,10.03423023223877,10.03423023223877,2.760899066925049,0
1996-12-02,10.435599327087402,10.435599327087402,10.435599327087402,10.435599327087402,2.8882784843444824,2055
1996-12-03,10.435599327087402,10.435599327087402,10.435599327087402,10.435599327087402,2.8882784843444824,0
1996-12-04,10.435599327087402,10.435599327087402,10.435599327087402,10.435599327087402,2.8882784843444824,0
1996-12-05,10.435599327087402,10.435599327087402,10.435599327087402,10.435599327087402,2.8882784843444824,0
1996-12-06,10.435599327087402,10.435599327087402,10.435599327087402,10.435599327087402,2.8882784843444824,0
1996-12-09,9.63286018371582,9.63286018371582,9.63286018371582,9.63286018371582,2.6661040782928467,187
1996-12-10,9.63286018371582,9.63286018371582,9.63286018371582,9.63286018371582,2.6661040782928467,0
1996-12-11,9.63286018371582,9.63286018371582,9.63286018371582,9.63286018371582,2.6661040782928467,0
1996-12-12,9.63286018371582,9.63286018371582,9.63286018371582,9.63286018371582,2.6661040782928467,0
1996-12-13,9.63286018371582,9.63286018371582,9.63286018371582,9.63286018371582,2.6661040782928467,0
1996-12-16,9.63286018371582,9.63286018371582,9.63286018371582,9.63286018371582,2.6661040782928467,0
1996-12-17,9.63286018371582,9.63286018371582,9.63286018371582,9.63286018371582,2.6661040782928467,0
1996-12-18,9.63286018371582,9.63286018371582,9.63286018371582,9.63286018371582,2.6661040782928467,0
1996-12-19,10.435599327087402,10.435599327087402,10.435599327087402,10.435599327087402,2.8882784843444824,934
1996-12-20,10.970758438110352,11.071100234985352,10.435599327087402,11.071100234985352,3.064168930053711,10277
1996-12-23,10.703178405761719,11.505916595458984,10.703178405761719,11.505916595458984,3.1845128536224365,1495
1996-12-24,11.505916595458984,11.505916595458984,11.505916595458984,11.505916595458984,3.1845128536224365,0
1996-12-26,11.505916595458984,11.505916595458984,11.505916595458984,11.505916595458984,3.1845128536224365,0
1996-12-27,11.639705657958984,11.639705657958984,11.639705657958984,11.639705657958984,3.2215423583984375,374
1996-12-30,11.639705657958984,11.639705657958984,11.639705657958984,11.639705657958984,3.2215423583984375,934
1996-12-31,11.639705657958984,11.639705657958984,11.639705657958984,11.639705657958984,3.2215423583984375,0
1997-01-02,11.639705657958984,11.639705657958984,11.639705657958984,11.639705657958984,3.2215423583984375,0
1997-01-03,11.639705657958984,11.639705657958984,11.639705657958984,11.639705657958984,3.2215423583984375,0
1997-01-06,10.703178405761719,11.472469329833984,10.703178405761719,11.472469329833984,3.1752562522888184,374
1997-01-07,10.703178405761719,10.703178405761719,10.703178405761719,10.703178405761719,2.9623374938964844,1869
1997-01-08,10.703178405761719,10.703178405761719,10.703178405761719,10.703178405761719,2.9623374938964844,1682
1997-01-09,10.703178405761719,10.703178405761719,10.703178405761719,10.703178405761719,2.9623374938964844,0
1997-01-10,10.703178405761719,10.703178405761719,10.703178405761719,10.703178405761719,2.9623374938964844,0
1997-01-13,10.703178405761719,10.703178405761719,10.703178405761719,10.703178405761719,2.9623374938964844,0
1997-01-14,10.703178405761719,10.703178405761719,10.703178405761719,10.703178405761719,2.9623374938964844,0
1997-01-15,10.703178405761719,10.703178405761719,10.703178405761719,10.703178405761719,2.9623374938964844,0
1997-01-16,10.703178405761719,10.703178405761719,10.703178405761719,10.703178405761719,2.9623374938964844,0
1997-01-17,10.703178405761719,10.703178405761719,10.703178405761719,10.703178405761719,2.9623374938964844,0
1997-01-20,10.703178405761719,10.703178405761719,10.703178405761719,10.703178405761719,2.9623374938964844,0
1997-01-21,10.703178405761719,10.703178405761719,10.703178405761719,10.703178405761719,2.9623374938964844,187
1997-01-22,10.703178405761719,10.703178405761719,10.703178405761719,10.703178405761719,2.9623374938964844,0
1997-01-23,10.703178405761719,10.703178405761719,10.703178405761719,10.703178405761719,2.9623374938964844,0
1997-01-24,11.639705657958984,11.639705657958984,11.639705657958984,11.639705657958984,3.2215423583984375,374
1997-01-27,10.703178405761719,10.703178405761719,10.703178405761719,10.703178405761719,2.9623374938964844,3177
1997-01-28,10.703178405761719,10.703178405761719,10.703178405761719,10.703178405761719,2.9623374938964844,0
1997-01-29,10.703178405761719,11.639705657958984,10.703178405761719,11.639705657958984,3.2215423583984375,2055
1997-01-30,10.703178405761719,10.703178405761719,10.703178405761719,10.703178405761719,2.9623374938964844,2990
1997-01-31,10.703178405761719,10.703178405761719,10.703178405761719,10.703178405761719,2.9623374938964844,0
1997-02-03,10.703178405761719,10.703178405761719,10.703178405761719,10.703178405761719,2.9623374938964844,0
1997-02-04,10.703178405761719,10.703178405761719,10.703178405761719,10.703178405761719,2.9623374938964844,0
1997-02-05,11.505916595458984,11.505916595458984,11.079462051391602,11.079462051391602,3.066481828689575,934
1997-02-06,10.703178405761719,11.505916595458984,10.703178405761719,11.464106559753418,3.172940254211426,14949
1997-02-07,11.464106559753418,11.464106559753418,11.464106559753418,11.464106559753418,3.172940254211426,0
1997-02-10,11.464106559753418,11.464106559753418,11.464106559753418,11.464106559753418,3.172940254211426,0
1997-02-11,11.464106559753418,11.464106559753418,11.464106559753418,11.464106559753418,3.172940254211426,0
1997-02-12,11.505916595458984,11.505916595458984,11.505916595458984,11.505916595458984,3.1845128536224365,747
1997-02-13,11.505916595458984,11.505916595458984,11.505916595458984,11.505916595458984,3.1845128536224365,0
1997-02-14,11.238336563110352,11.238336563110352,11.238336563110352,11.238336563110352,3.110454559326172,187
1997-02-18,11.238336563110352,11.238336563110352,11.238336563110352,11.238336563110352,3.110454559326172,0
1997-02-19,11.238336563110352,11.238336563110352,11.238336563110352,11.238336563110352,3.110454559326172,0
1997-02-20,11.037652969360352,11.037652969360352,11.037652969360352,11.037652969360352,3.0549113750457764,374
1997-02-21,10.703178405761719,10.970758438110352,10.703178405761719,10.970758438110352,3.036395311355591,1869
1997-02-24,10.970758438110352,10.970758438110352,10.970758438110352,10.970758438110352,3.036395311355591,0
1997-02-25,10.970758438110352,10.970758438110352,10.970758438110352,10.970758438110352,3.036395311355591,0
1997-02-26,10.703178405761719,10.703178405761719,10.703178405761719,10.703178405761719,2.9623374938964844,561
1997-02-27,11.238336563110352,11.238336563110352,11.238336563110352,11.238336563110352,3.1276564598083496,561
1997-02-28,11.238336563110352,11.238336563110352,11.238336563110352,11.238336563110352,3.1276564598083496,0
1997-03-03,11.238336563110352,11.238336563110352,11.238336563110352,11.238336563110352,3.1276564598083496,0
1997-03-04,11.238336563110352,11.238336563110352,11.238336563110352,11.238336563110352,3.1276564598083496,187
1997-03-05,11.238336563110352,11.238336563110352,11.238336563110352,11.238336563110352,3.1276564598083496,0
1997-03-06,11.238336563110352,11.238336563110352,11.238336563110352,11.238336563110352,3.1276564598083496,0
1997-03-07,11.238336563110352,11.238336563110352,11.238336563110352,11.238336563110352,3.1276564598083496,0
1997-03-10,10.703178405761719,11.104546546936035,10.703178405761719,11.104546546936035,3.090423107147217,3363
1997-03-11,11.104546546936035,11.104546546936035,11.104546546936035,11.104546546936035,3.090423107147217,0
1997-03-12,11.104546546936035,11.104546546936035,11.104546546936035,11.104546546936035,3.090423107147217,0
1997-03-13,10.435599327087402,11.037652969360352,10.435599327087402,11.037652969360352,3.071805477142334,20555
1997-03-14,11.037652969360352,11.037652969360352,11.037652969360352,11.037652969360352,3.071805477142334,0
1997-03-17,11.037652969360352,11.037652969360352,11.037652969360352,11.037652969360352,3.071805477142334,0
1997-03-18,11.037652969360352,11.037652969360352,11.037652969360352,11.037652969360352,3.071805477142334,0
1997-03-19,11.037652969360352,11.037652969360352,11.037652969360352,11.037652969360352,3.071805477142334,0
1997-03-20,11.037652969360352,11.037652969360352,11.037652969360352,11.037652969360352,3.071805477142334,0
1997-03-21,10.937310218811035,10.937310218811035,10.937310218811035,10.937310218811035,3.043881416320801,374
1997-03-24,10.435599327087402,10.770072937011719,10.435599327087402,10.703178405761719,2.97871994972229,6166
1997-03-25,10.435599327087402,10.970758438110352,10.435599327087402,10.970758438110352,3.0531883239746094,14949
1997-03-26,10.903862953186035,10.970758438110352,10.903862953186035,10.970758438110352,3.0531883239746094,4111
1997-03-27,10.970758438110352,10.970758438110352,10.970758438110352,10.970758438110352,3.0531883239746094,187
1997-03-31,10.970758438110352,10.970758438110352,10.970758438110352,10.970758438110352,3.0531883239746094,187
1997-04-01,10.703178405761719,10.703178405761719,10.16801929473877,10.301809310913086,2.867018699645996,6353
1997-04-02,9.900440216064453,10.10112476348877,9.900440216064453,10.10112476348877,2.8111679553985596,3924
1997-04-03,9.900440216064453,9.900440216064453,9.900440216064453,9.900440216064453,2.7553157806396484,3737
1997-04-04,9.63286018371582,9.63286018371582,9.63286018371582,9.63286018371582,2.6808481216430664,7474
1997-04-07,9.63286018371582,9.63286018371582,9.63286018371582,9.63286018371582,2.6808481216430664,0
1997-04-08,9.49907112121582,9.49907112121582,9.49907112121582,9.49907112121582,2.6436140537261963,2242
1997-04-09,9.63286018371582,9.766650199890137,9.63286018371582,9.69975471496582,2.699465036392212,22050
1997-04-10,9.69975471496582,9.69975471496582,9.69975471496582,9.69975471496582,2.699465036392212,0
1997-04-11,9.69975471496582,9.69975471496582,9.69975471496582,9.69975471496582,2.699465036392212,0
1997-04-14,9.69975471496582,9.69975471496582,9.69975471496582,9.69975471496582,2.699465036392212,0
1997-04-15,9.69975471496582,9.69975471496582,9.69975471496582,9.69975471496582,2.699465036392212,0
1997-04-16,9.69975471496582,9.69975471496582,9.69975471496582,9.69975471496582,2.699465036392212,0
1997-04-17,9.69975471496582,9.69975471496582,9.69975471496582,9.69975471496582,2.699465036392212,0
1997-04-18,9.69975471496582,9.69975471496582,9.69975471496582,9.69975471496582,2.699465036392212,0
1997-04-21,9.365281105041504,9.365281105041504,9.365281105041504,9.365281105041504,2.606381893157959,3737
1997-04-22,9.365281105041504,9.365281105041504,9.365281105041504,9.365281105041504,2.606381893157959,0
1997-04-23,9.365281105041504,9.365281105041504,9.365281105041504,9.365281105041504,2.606381893157959,0
1997-04-24,9.365281105041504,9.365281105041504,9.365281105041504,9.365281105041504,2.606381893157959,0
1997-04-25,9.365281105041504,9.365281105041504,9.365281105041504,9.365281105041504,2.606381893157959,0
1997-04-28,9.365281105041504,9.365281105041504,9.365281105041504,9.365281105041504,2.606381893157959,0
1997-04-29,9.766650199890137,9.766650199890137,9.766650199890137,9.766650199890137,2.7180817127227783,374
1997-04-30,9.365281105041504,9.365281105041504,9.365281105041504,9.365281105041504,2.606381893157959,1495
1997-05-01,9.365281105041504,9.365281105041504,9.365281105041504,9.365281105041504,2.606381893157959,0
1997-05-02,10.301809310913086,10.301809310913086,10.03423023223877,10.03423023223877,2.792550802230835,1308
1997-05-05,9.63286018371582,9.63286018371582,9.365281105041504,9.365281105041504,2.606381893157959,561
1997-05-06,9.365281105041504,9.365281105041504,9.365281105041504,9.365281105041504,2.606381893157959,0
1997-05-07,9.365281105041504,9.365281105041504,9.365281105041504,9.365281105041504,2.606381893157959,0
1997-05-08,9.365281105041504,9.365281105041504,9.365281105041504,9.365281105041504,2.606381893157959,0
1997-05-09,9.365281105041504,9.365281105041504,9.365281105041504,9.365281105041504,2.606381893157959,0
1997-05-12,9.365281105041504,9.365281105041504,9.365281105041504,9.365281105041504,2.606381893157959,0
1997-05-13,9.766650199890137,9.766650199890137,9.766650199890137,9.766650199890137,2.7180817127227783,187
1997-05-14,9.766650199890137,9.766650199890137,9.766650199890137,9.766650199890137,2.7180817127227783,0
1997-05-15,9.766650199890137,9.766650199890137,9.766650199890137,9.766650199890137,2.7180817127227783,0
1997-05-16,9.766650199890137,9.766650199890137,9.766650199890137,9.766650199890137,2.7345645427703857,0
1997-05-19,9.365281105041504,9.63286018371582,9.231491088867188,9.63286018371582,2.6971044540405273,8596
1997-05-20,9.766650199890137,9.766650199890137,9.766650199890137,9.766650199890137,2.7345645427703857,561
1997-05-21,9.766650199890137,9.766650199890137,9.766650199890137,9.766650199890137,2.7345645427703857,0
1997-05-22,9.097702026367188,9.097702026367188,9.097702026367188,9.097702026367188,2.54726505279541,374
1997-05-23,9.766650199890137,9.766650199890137,9.766650199890137,9.766650199890137,2.7345645427703857,374
1997-05-27,9.097702026367188,9.097702026367188,9.097702026367188,9.097702026367188,2.54726505279541,9343
1997-05-28,9.63286018371582,9.63286018371582,9.63286018371582,9.63286018371582,2.6971044540405273,187
1997-05-29,9.766650199890137,9.766650199890137,9.766650199890137,9.766650199890137,2.7345645427703857,374
1997-05-30,9.766650199890137,9.766650199890137,9.766650199890137,9.766650199890137,2.7345645427703857,0
1997-06-02,9.63286018371582,9.63286018371582,9.63286018371582,9.63286018371582,2.6971044540405273,374
1997-06-03,9.63286018371582,9.63286018371582,9.63286018371582,9.63286018371582,2.6971044540405273,0
1997-06-04,9.900440216064453,9.900440216064453,9.63286018371582,9.63286018371582,2.6971044540405273,3924
1997-06-05,9.866991996765137,9.866991996765137,9.866991996765137,9.866991996765137,2.7626583576202393,1682
1997-06-06,9.69975471496582,9.69975471496582,9.69975471496582,9.69975471496582,2.715834617614746,187
1997-06-09,9.900440216064453,9.900440216064453,9.69975471496582,9.69975471496582,2.715834617614746,561
1997-06-10,9.097702026367188,9.097702026367188,9.097702026367188,9.097702026367188,2.54726505279541,7101
1997-06-11,9.097702026367188,9.56596565246582,9.097702026367188,9.097702026367188,2.54726505279541,41857
1997-06-12,9.49907112121582,9.49907112121582,9.365281105041504,9.365281105041504,2.6221861839294434,14949
1997-06-13,9.365281105041504,9.365281105041504,9.365281105041504,9.365281105041504,2.6221861839294434,374
1997-06-16,9.365281105041504,9.365281105041504,9.365281105041504,9.365281105041504,2.6221861839294434,0
1997-06-17,9.097702026367188,9.097702026367188,9.097702026367188,9.097702026367188,2.54726505279541,5045
1997-06-18,9.097702026367188,9.432175636291504,9.097702026367188,9.432175636291504,2.6409146785736084,44846
1997-06-19,9.432175636291504,9.432175636291504,9.432175636291504,9.432175636291504,2.6409146785736084,0
1997-06-20,9.365281105041504,9.365281105041504,9.365281105041504,9.365281105041504,2.6221861839294434,3737
1997-06-23,9.49907112121582,9.63286018371582,9.49907112121582,9.63286018371582,2.6971044540405273,2616
1997-06-24,9.63286018371582,9.63286018371582,9.482346534729004,9.482346534729004,2.6549627780914307,9343
1997-06-25,9.482346534729004,9.482346534729004,9.482346534729004,9.482346534729004,2.6549627780914307,0
1997-06-26,9.63286018371582,9.63286018371582,9.63286018371582,9.63286018371582,2.6971044540405273,9343
1997-06-27,9.63286018371582,9.63286018371582,9.63286018371582,9.63286018371582,2.6971044540405273,0
1997-06-30,9.63286018371582,9.63286018371582,9.63286018371582,9.63286018371582,2.6971044540405273,0
1997-07-01,9.365281105041504,9.49907112121582,9.365281105041504,9.49907112121582,2.6596450805664062,3363
1997-07-02,9.900440216064453,9.900440216064453,9.900440216064453,9.900440216064453,2.772023916244507,1869
1997-07-03,9.900440216064453,9.900440216064453,9.900440216064453,9.900440216064453,2.772023916244507,0
1997-07-07,9.900440216064453,9.900440216064453,9.900440216064453,9.900440216064453,2.772023916244507,187
1997-07-08,9.900440216064453,9.900440216064453,9.900440216064453,9.900440216064453,2.772023916244507,0
1997-07-09,9.900440216064453,9.900440216064453,9.900440216064453,9.900440216064453,2.772023916244507,0
1997-07-10,9.900440216064453,9.900440216064453,9.900440216064453,9.900440216064453,2.772023916244507,0
1997-07-11,9.900440216064453,9.900440216064453,9.900440216064453,9.900440216064453,2.772023916244507,0
1997-07-14,9.900440216064453,9.900440216064453,9.900440216064453,9.900440216064453,2.772023916244507,0
1997-07-15,9.49907112121582,9.49907112121582,9.49907112121582,9.49907112121582,2.6596450805664062,1121
1997-07-16,9.49907112121582,9.49907112121582,9.49907112121582,9.49907112121582,2.6596450805664062,0
1997-07-17,9.69975471496582,9.900440216064453,9.49907112121582,9.900440216064453,2.772023916244507,2242
1997-07-18,9.766650199890137,9.766650199890137,9.766650199890137,9.766650199890137,2.7345645427703857,374
1997-07-21,9.766650199890137,9.766650199890137,9.766650199890137,9.766650199890137,2.7345645427703857,0
1997-07-22,9.766650199890137,9.766650199890137,9.766650199890137,9.766650199890137,2.7345645427703857,0
1997-07-23,9.766650199890137,9.766650199890137,9.766650199890137,9.766650199890137,2.7345645427703857,0
1997-07-24,9.766650199890137,9.766650199890137,9.766650199890137,9.766650199890137,2.7345645427703857,0
1997-07-25,9.766650199890137,9.766650199890137,9.766650199890137,9.766650199890137,2.7345645427703857,0
1997-07-28,9.766650199890137,9.766650199890137,9.766650199890137,9.766650199890137,2.7345645427703857,0
1997-07-29,9.49907112121582,10.16801929473877,9.49907112121582,10.16801929473877,2.846942663192749,13828
1997-07-30,10.16801929473877,10.16801929473877,10.16801929473877,10.16801929473877,2.846942663192749,4111
1997-07-31,10.16801929473877,10.16801929473877,10.16801929473877,10.16801929473877,2.846942663192749,1869
1997-08-01,10.16801929473877,10.16801929473877,10.16801929473877,10.16801929473877,2.846942663192749,0
1997-08-04,10.16801929473877,10.16801929473877,10.16801929473877,10.16801929473877,2.846942663192749,0
1997-08-05,10.16801929473877,10.16801929473877,10.16801929473877,10.16801929473877,2.846942663192749,0
1997-08-06,9.49907112121582,9.49907112121582,9.49907112121582,9.49907112121582,2.6596450805664062,934
1997-08-07,9.49907112121582,9.49907112121582,9.49907112121582,9.49907112121582,2.6596450805664062,0
1997-08-08,9.49907112121582,9.56596565246582,9.49907112121582,9.56596565246582,2.678375244140625,14762
1997-08-11,10.16801929473877,10.301809310913086,10.03423023223877,10.16801929473877,2.846942663192749,6914
1997-08-12,10.16801929473877,10.16801929473877,10.16801929473877,10.16801929473877,2.846942663192749,2055
1997-08-13,10.16801929473877,10.16801929473877,10.16801929473877,10.16801929473877,2.846942663192749,0
1997-08-14,10.16801929473877,10.16801929473877,10.16801929473877,10.16801929473877,2.846942663192749,0
1997-08-15,10.16801929473877,10.16801929473877,10.16801929473877,10.16801929473877,2.846942663192749,2242
1997-08-18,10.569389343261719,10.569389343261719,10.569389343261719,10.569389343261719,2.9593241214752197,561
1997-08-19,10.301809310913086,10.301809310913086,10.301809310913086,10.301809310913086,2.8844032287597656,934
1997-08-20,10.703178405761719,10.836968421936035,10.703178405761719,10.836968421936035,3.034243106842041,1682
1997-08-21,10.836968421936035,10.836968421936035,10.703178405761719,10.703178405761719,2.996781826019287,1495
1997-08-22,10.703178405761719,10.703178405761719,10.703178405761719,10.703178405761719,2.996781826019287,0
1997-08-25,10.836968421936035,10.836968421936035,10.836968421936035,10.836968421936035,3.034243106842041,934
1997-08-26,10.836968421936035,10.836968421936035,10.836968421936035,10.836968421936035,3.034243106842041,187
1997-08-27,10.836968421936035,10.836968421936035,10.836968421936035,10.836968421936035,3.034243106842041,1869
1997-08-28,10.743314743041992,11.037652969360352,10.743314743041992,11.037652969360352,3.1107096672058105,1529
1997-08-29,11.184821128845215,11.479159355163574,10.743314743041992,10.743314743041992,3.027756929397583,2888
1997-09-02,11.331990242004395,11.331990242004395,10.743314743041992,10.743314743041992,3.027756929397583,1019
1997-09-03,11.184821128845215,11.184821128845215,11.184821128845215,11.184821128845215,3.152186155319214,340
1997-09-04,11.184821128845215,11.184821128845215,11.184821128845215,11.184821128845215,3.152186155319214,0
1997-09-05,11.184821128845215,11.184821128845215,11.184821128845215,11.184821128845215,3.152186155319214,0
1997-09-08,11.184821128845215,11.184821128845215,11.184821128845215,11.184821128845215,3.152186155319214,0
1997-09-09,10.743314743041992,10.743314743041992,10.743314743041992,10.743314743041992,3.027756929397583,170
1997-09-10,10.890483856201172,10.964068412780762,10.890483856201172,10.964068412780762,3.0899717807769775,5266
1997-09-11,11.184821128845215,11.331990242004395,11.037652969360352,11.331990242004395,3.193662643432617,6115
1997-09-12,11.331990242004395,11.331990242004395,11.331990242004395,11.331990242004395,3.193662643432617,0
1997-09-15,11.331990242004395,11.331990242004395,11.331990242004395,11.331990242004395,3.193662643432617,0
1997-09-16,11.331990242004395,11.331990242004395,11.331990242004395,11.331990242004395,3.193662643432617,0
1997-09-17,11.184821128845215,11.184821128845215,11.184821128845215,11.184821128845215,3.152186155319214,6115
1997-09-18,10.890483856201172,10.890483856201172,10.890483856201172,10.890483856201172,3.0692338943481445,1189
1997-09-19,10.890483856201172,10.890483856201172,10.890483856201172,10.890483856201172,3.0692338943481445,0
1997-09-22,10.890483856201172,11.331990242004395,10.890483856201172,11.331990242004395,3.193662643432617,12740
1997-09-23,11.331990242004395,11.331990242004395,10.890483856201172,11.331990242004395,3.193662643432617,11042
1997-09-24,10.890483856201172,11.331990242004395,10.890483856201172,11.331990242004395,3.193662643432617,3058
1997-09-25,11.331990242004395,11.331990242004395,11.331990242004395,11.331990242004395,3.193662643432617,6625
1997-09-26,11.331990242004395,11.626326560974121,11.331990242004395,11.626326560974121,3.2766144275665283,10362
1997-09-29,12.06783390045166,12.362171173095703,11.699912071228027,12.362171173095703,3.483995199203491,1869
1997-09-30,12.362171173095703,12.656508445739746,11.7734956741333,12.656508445739746,3.5669469833374023,4077
1997-10-01,12.656508445739746,12.656508445739746,12.656508445739746,12.656508445739746,3.5669469833374023,170
1997-10-02,12.06783390045166,12.06783390045166,12.06783390045166,12.06783390045166,3.401043653488159,679
1997-10-03,12.06783390045166,12.06783390045166,12.06783390045166,12.06783390045166,3.401043653488159,0
1997-10-06,12.656508445739746,12.656508445739746,12.656508445739746,12.656508445739746,3.5669469833374023,849
1997-10-07,12.656508445739746,12.656508445739746,12.656508445739746,12.656508445739746,3.5669469833374023,0
1997-10-08,12.656508445739746,12.656508445739746,12.656508445739746,12.656508445739746,3.5669469833374023,679
1997-10-09,12.80367660522461,13.098013877868652,12.80367660522461,12.80367660522461,3.608424186706543,3737
1997-10-10,12.362171173095703,13.245182991027832,12.362171173095703,13.245182991027832,3.7328524589538574,2888
1997-10-13,13.245182991027832,13.245182991027832,13.245182991027832,13.245182991027832,3.7328524589538574,0
1997-10-14,13.245182991027832,13.245182991027832,13.245182991027832,13.245182991027832,3.7328524589538574,0
1997-10-15,13.245182991027832,13.245182991027832,13.245182991027832,13.245182991027832,3.7328524589538574,0
1997-10-16,13.245182991027832,13.245182991027832,13.245182991027832,13.245182991027832,3.7328524589538574,0
1997-10-17,13.245182991027832,13.245182991027832,13.245182991027832,13.245182991027832,3.7328524589538574,0
1997-10-20,13.539521217346191,13.539521217346191,13.539521217346191,13.539521217346191,3.8158063888549805,3058
1997-10-21,13.245182991027832,13.833857536315918,13.245182991027832,13.833857536315918,3.8987555503845215,1189
1997-10-22,13.833857536315918,13.833857536315918,13.833857536315918,13.833857536315918,3.8987555503845215,0
1997-10-23,12.950845718383789,12.950845718383789,12.950845718383789,12.950845718383789,3.6498992443084717,2718
1997-10-24,12.950845718383789,12.950845718383789,12.950845718383789,12.950845718383789,3.6498992443084717,0
1997-10-27,12.950845718383789,12.950845718383789,12.950845718383789,12.950845718383789,3.6498992443084717,0
1997-10-28,12.950845718383789,13.539521217346191,12.950845718383789,12.950845718383789,3.6498992443084717,7814
1997-10-29,13.245182991027832,13.245182991027832,13.245182991027832,13.245182991027832,3.7328524589538574,170
1997-10-30,13.245182991027832,13.981026649475098,12.950845718383789,13.981026649475098,3.940232753753662,7305
1997-10-31,13.245182991027832,13.245182991027832,13.245182991027832,13.245182991027832,3.7328524589538574,170
1997-11-03,13.245182991027832,13.245182991027832,13.245182991027832,13.245182991027832,3.7328524589538574,0
1997-11-04,12.950845718383789,12.950845718383789,12.950845718383789,12.950845718383789,3.6498992443084717,340
1997-11-05,12.950845718383789,12.950845718383789,12.950845718383789,12.950845718383789,3.6498992443084717,0
1997-11-06,12.950845718383789,12.950845718383789,12.950845718383789,12.950845718383789,3.6498992443084717,170
1997-11-07,12.950845718383789,12.950845718383789,12.950845718383789,12.950845718383789,3.6498992443084717,0
1997-11-10,12.950845718383789,12.950845718383789,12.950845718383789,12.950845718383789,3.6498992443084717,0
1997-11-11,12.950845718383789,12.950845718383789,12.950845718383789,12.950845718383789,3.6498992443084717,0
1997-11-12,13.686689376831055,13.686689376831055,13.686689376831055,13.686689376831055,3.8572804927825928,3397
1997-11-13,13.686689376831055,13.686689376831055,13.686689376831055,13.686689376831055,3.8572804927825928,0
1997-11-14,12.950845718383789,12.950845718383789,12.950845718383789,12.950845718383789,3.6498992443084717,340
1997-11-17,12.950845718383789,12.950845718383789,12.950845718383789,12.950845718383789,3.6498992443084717,0
1997-11-18,12.950845718383789,12.950845718383789,12.950845718383789,12.950845718383789,3.6498992443084717,0
1997-11-19,13.981026649475098,13.981026649475098,13.981026649475098,13.981026649475098,3.940232753753662,170
1997-11-20,13.981026649475098,13.981026649475098,13.981026649475098,13.981026649475098,3.940232753753662,0
1997-11-21,13.981026649475098,13.981026649475098,13.981026649475098,13.981026649475098,3.940232753753662,0
1997-11-24,12.950845718383789,12.950845718383789,12.950845718383789,12.950845718383789,3.6498992443084717,170
1997-11-25,13.245182991027832,13.981026649475098,13.245182991027832,13.981026649475098,3.940232753753662,2208
1997-11-26,13.245182991027832,13.981026649475098,13.245182991027832,13.981026649475098,3.960242986679077,2548
1997-11-28,13.981026649475098,13.981026649475098,13.981026649475098,13.981026649475098,3.960242986679077,0
1997-12-01,12.950845718383789,12.950845718383789,12.950845718383789,12.950845718383789,3.6684343814849854,5946
1997-12-02,13.981026649475098,13.981026649475098,13.392352104187012,13.392352104187012,3.7934951782226562,510
1997-12-03,13.098013877868652,13.098013877868652,13.098013877868652,13.098013877868652,3.710120677947998,510
1997-12-04,13.098013877868652,13.098013877868652,13.098013877868652,13.098013877868652,3.710120677947998,0
1997-12-05,13.098013877868652,13.098013877868652,13.098013877868652,13.098013877868652,3.710120677947998,0
1997-12-08,13.098013877868652,13.098013877868652,13.098013877868652,13.098013877868652,3.710120677947998,0
1997-12-09,13.098013877868652,13.098013877868652,13.098013877868652,13.098013877868652,3.710120677947998,0
1997-12-10,13.098013877868652,13.098013877868652,13.098013877868652,13.098013877868652,3.710120677947998,0
1997-12-11,13.098013877868652,13.098013877868652,13.098013877868652,13.098013877868652,3.710120677947998,0
1997-12-12,14.128194808959961,14.128194808959961,14.128194808959961,14.128194808959961,4.00192928314209,170
1997-12-15,14.716870307922363,14.716870307922363,14.716870307922363,14.716870307922363,4.168677806854248,1699
1997-12-16,13.539521217346191,13.539521217346191,13.539521217346191,13.539521217346191,3.8351826667785645,3907
1997-12-17,14.716870307922363,14.716870307922363,14.716870307922363,14.716870307922363,4.168677806854248,170
1997-12-18,15.011207580566406,15.30554485321045,15.011207580566406,15.30554485321045,4.335421085357666,3228
1997-12-19,15.011207580566406,15.011207580566406,15.011207580566406,15.011207580566406,4.252049446105957,1699
1997-12-22,13.833857536315918,15.011207580566406,13.833857536315918,15.011207580566406,4.252049446105957,510
1997-12-23,13.833857536315918,13.833857536315918,13.833857536315918,13.833857536315918,3.9185564517974854,170
1997-12-24,15.30554485321045,15.30554485321045,15.30554485321045,15.30554485321045,4.335421085357666,340
1997-12-26,15.30554485321045,15.30554485321045,15.30554485321045,15.30554485321045,4.335421085357666,0
1997-12-29,15.30554485321045,15.30554485321045,13.833857536315918,13.981026649475098,3.960242986679077,679
1997-12-30,15.30554485321045,16.482894897460938,15.30554485321045,16.114973068237305,4.564701557159424,8154
1997-12-31,16.482894897460938,16.482894897460938,15.894220352172852,15.894220352172852,4.502169609069824,679
1998-01-02,16.482894897460938,16.482894897460938,16.482894897460938,16.482894897460938,4.668916702270508,1019
1998-01-05,15.894220352172852,15.894220352172852,15.894220352172852,15.894220352172852,4.502169609069824,340
1998-01-06,16.482894897460938,16.482894897460938,16.482894897460938,16.482894897460938,4.668916702270508,170
1998-01-07,16.482894897460938,16.482894897460938,16.482894897460938,16.482894897460938,4.668916702270508,2038
1998-01-08,16.482894897460938,16.482894897460938,16.482894897460938,16.482894897460938,4.668916702270508,0
1998-01-09,16.482894897460938,16.482894897460938,16.482894897460938,16.482894897460938,4.668916702270508,0
1998-01-12,16.482894897460938,16.482894897460938,16.482894897460938,16.482894897460938,4.668916702270508,0
1998-01-13,15.894220352172852,15.894220352172852,15.894220352172852,15.894220352172852,4.502169609069824,849
1998-01-14,15.894220352172852,15.894220352172852,15.894220352172852,15.894220352172852,4.502169609069824,0
1998-01-15,15.894220352172852,16.482894897460938,15.894220352172852,16.482894897460938,4.668916702270508,2548
1998-01-16,16.482894897460938,16.482894897460938,16.482894897460938,16.482894897460938,4.668916702270508,0
1998-01-20,16.0413875579834,16.0413875579834,15.599882125854492,15.599882125854492,4.418796062469482,3058
1998-01-21,15.599882125854492,15.599882125854492,15.599882125854492,15.599882125854492,4.418796062469482,0
1998-01-22,15.599882125854492,15.599882125854492,15.599882125854492,15.599882125854492,4.418796062469482,0
1998-01-23,16.482894897460938,16.482894897460938,16.482894897460938,16.482894897460938,4.668916702270508,340
1998-01-26,16.482894897460938,16.482894897460938,16.482894897460938,16.482894897460938,4.668916702270508,340
1998-01-27,16.482894897460938,16.482894897460938,16.482894897460938,16.482894897460938,4.668916702270508,0
1998-01-28,16.482894897460938,16.482894897460938,16.482894897460938,16.482894897460938,4.668916702270508,0
1998-01-29,17.071569442749023,17.071569442749023,17.071569442749023,17.071569442749023,4.835665225982666,510
1998-01-30,17.071569442749023,17.071569442749023,17.071569442749023,17.071569442749023,4.835665225982666,0
1998-02-02,17.071569442749023,17.071569442749023,17.071569442749023,17.071569442749023,4.835665225982666,0
1998-02-03,15.894220352172852,15.894220352172852,15.894220352172852,15.894220352172852,4.502169609069824,2548
1998-02-04,15.894220352172852,15.894220352172852,15.894220352172852,15.894220352172852,4.502169609069824,0
1998-02-05,17.365907669067383,17.365907669067383,17.365907669067383,17.365907669067383,4.919037818908691,170
1998-02-06,16.482894897460938,16.482894897460938,16.482894897460938,16.482894897460938,4.668916702270508,340
1998-02-09,15.30554485321045,15.30554485321045,15.30554485321045,15.30554485321045,4.335421085357666,340
1998-02-10,15.30554485321045,15.30554485321045,15.30554485321045,15.30554485321045,4.335421085357666,170
1998-02-11,15.30554485321045,15.30554485321045,15.30554485321045,15.30554485321045,4.335421085357666,0
1998-02-12,15.30554485321045,15.30554485321045,15.30554485321045,15.30554485321045,4.335421085357666,170
1998-02-13,15.30554485321045,15.30554485321045,15.30554485321045,15.30554485321045,4.335421085357666,0
1998-02-17,17.071569442749023,17.071569442749023,17.071569442749023,17.071569442749023,4.835665225982666,340
1998-02-18,17.071569442749023,17.071569442749023,17.071569442749023,17.071569442749023,4.835665225982666,0
1998-02-19,17.071569442749023,17.071569442749023,17.071569442749023,17.071569442749023,4.835665225982666,0
1998-02-20,17.071569442749023,17.071569442749023,17.071569442749023,17.071569442749023,4.835665225982666,0
1998-02-23,17.365907669067383,17.365907669067383,17.365907669067383,17.365907669067383,4.919037818908691,510
1998-02-24,17.365907669067383,17.365907669067383,17.365907669067383,17.365907669067383,4.919037818908691,0
1998-02-25,17.365907669067383,17.365907669067383,17.365907669067383,17.365907669067383,4.919037818908691,0
1998-02-26,17.365907669067383,17.365907669067383,17.365907669067383,17.365907669067383,4.9391303062438965,0
1998-02-27,16.482894897460938,16.482894897460938,16.482894897460938,16.482894897460938,4.687985420227051,170
1998-03-02,17.365907669067383,17.365907669067383,17.365907669067383,17.365907669067383,4.9391303062438965,340
1998-03-03,17.365907669067383,17.365907669067383,17.365907669067383,17.365907669067383,4.9391303062438965,0
1998-03-04,17.365907669067383,17.365907669067383,17.365907669067383,17.365907669067383,4.9391303062438965,0
1998-03-05,17.365907669067383,17.365907669067383,17.365907669067383,17.365907669067383,4.9391303062438965,0
1998-03-06,17.071569442749023,17.071569442749023,17.071569442749023,17.071569442749023,4.8554158210754395,170
1998-03-09,17.071569442749023,17.071569442749023,17.071569442749023,17.071569442749023,4.8554158210754395,0
1998-03-10,17.365907669067383,17.365907669067383,17.365907669067383,17.365907669067383,4.9391303062438965,679
1998-03-11,17.365907669067383,17.365907669067383,17.365907669067383,17.365907669067383,4.9391303062438965,0
1998-03-12,15.894220352172852,15.894220352172852,15.894220352172852,15.894220352172852,4.520559787750244,340
1998-03-13,17.51307487487793,17.51307487487793,17.51307487487793,17.51307487487793,4.98098611831665,510
1998-03-16,17.51307487487793,17.51307487487793,17.51307487487793,17.51307487487793,4.98098611831665,0
1998-03-17,17.51307487487793,17.51307487487793,17.51307487487793,17.51307487487793,4.98098611831665,0
1998-03-18,17.51307487487793,17.51307487487793,17.51307487487793,17.51307487487793,4.98098611831665,0
1998-03-19,16.482894897460938,16.482894897460938,16.482894897460938,16.482894897460938,4.687985420227051,170
1998-03-20,17.365907669067383,17.365907669067383,15.894220352172852,15.894220352172852,4.520559787750244,1699
1998-03-23,15.894220352172852,15.894220352172852,15.894220352172852,15.894220352172852,4.520559787750244,0
1998-03-24,15.894220352172852,15.894220352172852,15.894220352172852,15.894220352172852,4.520559787750244,0
1998-03-25,17.51307487487793,17.51307487487793,17.51307487487793,17.51307487487793,4.98098611831665,170
1998-03-26,16.40930938720703,17.51307487487793,15.599882125854492,16.335725784301758,4.646129131317139,9513
1998-03-27,16.335725784301758,16.335725784301758,16.335725784301758,16.335725784301758,4.646129131317139,0
1998-03-30,16.335725784301758,16.335725784301758,16.335725784301758,16.335725784301758,4.646129131317139,0
1998-03-31,16.335725784301758,16.335725784301758,16.335725784301758,16.335725784301758,4.646129131317139,0
1998-04-01,16.335725784301758,16.335725784301758,16.335725784301758,16.335725784301758,4.646129131317139,0
1998-04-02,16.482894897460938,16.482894897460938,16.482894897460938,16.482894897460938,4.687985420227051,510
1998-04-03,15.894220352172852,16.482894897460938,15.894220352172852,16.482894897460938,4.687985420227051,2038
1998-04-06,16.482894897460938,16.482894897460938,16.482894897460938,16.482894897460938,4.687985420227051,0
1998-04-07,16.482894897460938,16.482894897460938,16.482894897460938,16.482894897460938,4.687985420227051,0
1998-04-08,16.482894897460938,16.482894897460938,16.482894897460938,16.482894897460938,4.687985420227051,0
1998-04-09,16.482894897460938,16.482894897460938,16.482894897460938,16.482894897460938,4.687985420227051,0
1998-04-13,15.894220352172852,15.894220352172852,15.894220352172852,15.894220352172852,4.520559787750244,340
1998-04-14,17.51307487487793,17.51307487487793,17.51307487487793,17.51307487487793,4.98098611831665,170
1998-04-15,15.967803955078125,17.51307487487793,15.894220352172852,16.777231216430664,4.771702289581299,38052
1998-04-16,16.188556671142578,16.188556671142578,16.188556671142578,16.188556671142578,4.604273796081543,340
1998-04-17,16.482894897460938,16.482894897460938,15.673466682434082,15.673466682434082,4.457773685455322,8833
1998-04-20,16.188556671142578,16.777231216430664,16.188556671142578,16.777231216430664,4.771702289581299,2208
1998-04-21,16.777231216430664,16.777231216430664,15.894220352172852,15.894220352172852,4.520559787750244,12401
1998-04-22,16.482894897460938,16.482894897460938,15.599882125854492,15.599882125854492,4.436845302581787,3397
1998-04-23,16.482894897460938,16.482894897460938,16.482894897460938,16.482894897460938,4.687985420227051,679
1998-04-24,16.482894897460938,16.482894897460938,16.482894897460938,16.482894897460938,4.687985420227051,340
1998-04-27,16.0413875579834,16.0413875579834,16.0413875579834,16.0413875579834,4.5624165534973145,849
1998-04-28,16.188556671142578,16.630062103271484,16.188556671142578,16.630062103271484,4.7298455238342285,3058
1998-04-29,16.574874877929688,16.574874877929688,16.574874877929688,16.574874877929688,4.714146137237549,849
1998-04-30,16.0413875579834,16.0413875579834,16.0413875579834,16.0413875579834,4.5624165534973145,510
1998-05-01,16.0413875579834,16.0413875579834,16.0413875579834,16.0413875579834,4.5624165534973145,0
1998-05-04,15.894220352172852,15.894220352172852,15.894220352172852,15.894220352172852,4.520559787750244,849
1998-05-05,15.599882125854492,15.747051239013672,15.599882125854492,15.599882125854492,4.436845302581787,4587
1998-05-06,16.482894897460938,16.482894897460938,16.482894897460938,16.482894897460938,4.687985420227051,1869
1998-05-07,16.482894897460938,16.482894897460938,16.482894897460938,16.482894897460938,4.687985420227051,0
1998-05-08,16.482894897460938,16.482894897460938,16.482894897460938,16.482894897460938,4.687985420227051,0
1998-05-11,15.599882125854492,16.482894897460938,15.599882125854492,16.482894897460938,4.687985420227051,340
1998-05-12,16.630062103271484,16.630062103271484,16.630062103271484,16.630062103271484,4.7298455238342285,679
1998-05-13,16.630062103271484,16.630062103271484,16.630062103271484,16.630062103271484,4.7298455238342285,0
1998-05-14,16.630062103271484,16.630062103271484,16.630062103271484,16.630062103271484,4.7298455238342285,0
1998-05-15,16.630062103271484,16.630062103271484,16.630062103271484,16.630062103271484,4.7298455238342285,170
1998-05-18,15.599882125854492,15.599882125854492,15.599882125854492,15.599882125854492,4.436845302581787,1189
1998-05-19,15.599882125854492,16.188556671142578,15.599882125854492,16.188556671142578,4.604273796081543,3397
1998-05-20,15.599882125854492,15.599882125854492,15.599882125854492,15.599882125854492,4.436845302581787,340
1998-05-21,16.188556671142578,16.188556671142578,16.188556671142578,16.188556671142578,4.604273796081543,2038
1998-05-22,15.894220352172852,15.894220352172852,15.894220352172852,15.894220352172852,4.520559787750244,849
1998-05-26,15.894220352172852,15.894220352172852,15.894220352172852,15.894220352172852,4.520559787750244,0
1998-05-27,16.482894897460938,16.482894897460938,16.482894897460938,16.482894897460938,4.687985420227051,510
1998-05-28,16.482894897460938,16.482894897460938,16.482894897460938,16.482894897460938,4.708163738250732,0
1998-05-29,16.482894897460938,16.482894897460938,16.482894897460938,16.482894897460938,4.708163738250732,0
1998-06-01,15.894220352172852,15.894220352172852,15.894220352172852,15.894220352172852,4.5400166511535645,4756
1998-06-02,15.599882125854492,15.599882125854492,15.599882125854492,15.599882125854492,4.455942630767822,679
1998-06-03,15.599882125854492,16.70364761352539,15.599882125854492,16.70364761352539,4.771219253540039,2208
1998-06-04,16.70364761352539,16.70364761352539,16.70364761352539,16.70364761352539,4.771219253540039,0
1998-06-05,16.188556671142578,16.188556671142578,16.188556671142578,16.188556671142578,4.624091625213623,1019
1998-06-08,16.70364761352539,16.70364761352539,15.599882125854492,15.599882125854492,4.455942630767822,2038
1998-06-09,15.599882125854492,15.599882125854492,15.599882125854492,15.599882125854492,4.455942630767822,0
1998-06-10,15.599882125854492,16.188556671142578,15.599882125854492,16.188556671142578,4.624091625213623,2378
1998-06-11,16.335725784301758,16.335725784301758,16.0413875579834,16.0413875579834,4.582052707672119,2038
1998-06-12,15.599882125854492,15.599882125854492,15.599882125854492,15.599882125854492,4.455942630767822,849
1998-06-15,16.188556671142578,16.188556671142578,16.188556671142578,16.188556671142578,4.624091625213623,510
1998-06-16,16.188556671142578,16.188556671142578,16.188556671142578,16.188556671142578,4.624091625213623,0
1998-06-17,16.188556671142578,16.188556671142578,16.188556671142578,16.188556671142578,4.624091625213623,0
1998-06-18,15.30554485321045,15.30554485321045,15.30554485321045,15.30554485321045,4.371866703033447,8494
1998-06-19,15.30554485321045,15.747051239013672,15.30554485321045,15.379129409790039,4.392885208129883,7644
1998-06-22,15.489505767822266,15.894220352172852,15.489505767822266,15.894220352172852,4.5400166511535645,3228
1998-06-23,15.599882125854492,15.599882125854492,15.599882125854492,15.599882125854492,4.455942630767822,170
1998-06-24,16.188556671142578,16.188556671142578,16.188556671142578,16.188556671142578,4.624091625213623,679
1998-06-25,16.188556671142578,16.188556671142578,16.188556671142578,16.188556671142578,4.624091625213623,0
1998-06-26,16.188556671142578,16.188556671142578,16.188556671142578,16.188556671142578,4.624091625213623,0
1998-06-29,15.30554485321045,15.30554485321045,15.30554485321045,15.30554485321045,4.371866703033447,2888
1998-06-30,15.30554485321045,15.30554485321045,15.30554485321045,15.30554485321045,4.371866703033447,0
1998-07-01,15.30554485321045,15.30554485321045,15.30554485321045,15.30554485321045,4.371866703033447,1019
1998-07-02,15.30554485321045,15.30554485321045,15.30554485321045,15.30554485321045,4.371866703033447,0
1998-07-06,15.30554485321045,16.0413875579834,15.30554485321045,15.30554485321045,4.371866703033447,2038
1998-07-07,16.0413875579834,16.0413875579834,15.30554485321045,15.30554485321045,4.371866703033447,1529
1998-07-08,15.15837574005127,15.15837574005127,15.15837574005127,15.15837574005127,4.329828262329102,170
1998-07-09,15.452713966369629,15.452713966369629,15.452713966369629,15.452713966369629,4.413903713226318,170
1998-07-10,15.452713966369629,15.452713966369629,15.452713966369629,15.452713966369629,4.413903713226318,340
1998-07-13,15.452713966369629,15.452713966369629,15.452713966369629,15.452713966369629,4.413903713226318,0
1998-07-14,15.747051239013672,15.747051239013672,15.747051239013672,15.747051239013672,4.497978210449219,170
1998-07-15,15.747051239013672,15.747051239013672,15.747051239013672,15.747051239013672,4.497978210449219,0
1998-07-16,15.747051239013672,15.747051239013672,15.747051239013672,15.747051239013672,4.497978210449219,0
1998-07-17,15.011207580566406,15.011207580566406,15.011207580566406,15.011207580566406,4.287792205810547,3907
1998-07-20,15.011207580566406,15.011207580566406,14.716870307922363,14.716870307922363,4.2037200927734375,9003
1998-07-21,15.30554485321045,15.30554485321045,14.716870307922363,14.864039421081543,4.245753288269043,6625
1998-07-22,14.569701194763184,14.643285751342773,14.569701194763184,14.643285751342773,4.182699203491211,1529
1998-07-23,14.569701194763184,14.569701194763184,14.496116638183594,14.496116638183594,4.140663146972656,1359
1998-07-24,14.496116638183594,14.496116638183594,14.496116638183594,14.496116638183594,4.140663146972656,0
1998-07-27,14.569701194763184,14.569701194763184,14.569701194763184,14.569701194763184,4.16168212890625,510
1998-07-28,14.569701194763184,14.569701194763184,14.569701194763184,14.569701194763184,4.16168212890625,0
1998-07-29,14.569701194763184,14.569701194763184,14.569701194763184,14.569701194763184,4.16168212890625,0
1998-07-30,14.42253303527832,14.42253303527832,14.42253303527832,14.42253303527832,4.119643211364746,170
1998-07-31,14.42253303527832,14.42253303527832,14.42253303527832,14.42253303527832,4.119643211364746,0
1998-08-03,14.42253303527832,14.42253303527832,14.42253303527832,14.42253303527832,4.119643211364746,0
1998-08-04,14.42253303527832,14.42253303527832,14.42253303527832,14.42253303527832,4.119643211364746,0
1998-08-05,14.42253303527832,14.42253303527832,14.42253303527832,14.42253303527832,4.119643211364746,0
1998-08-06,14.42253303527832,14.42253303527832,14.42253303527832,14.42253303527832,4.119643211364746,0
1998-08-07,14.42253303527832,14.42253303527832,14.42253303527832,14.42253303527832,4.119643211364746,0
1998-08-10,14.42253303527832,14.42253303527832,14.42253303527832,14.42253303527832,4.119643211364746,0
1998-08-11,14.42253303527832,14.42253303527832,14.42253303527832,14.42253303527832,4.119643211364746,340
1998-08-12,14.569701194763184,14.569701194763184,14.569701194763184,14.569701194763184,4.16168212890625,340
1998-08-13,14.569701194763184,14.569701194763184,14.569701194763184,14.569701194763184,4.16168212890625,0
1998-08-14,14.42253303527832,14.459324836730957,14.42253303527832,14.459324836730957,4.130155086517334,2208
1998-08-17,14.459324836730957,14.459324836730957,14.459324836730957,14.459324836730957,4.130155086517334,0
1998-08-18,14.42253303527832,14.42253303527832,14.42253303527832,14.42253303527832,4.119643211364746,170
1998-08-19,14.42253303527832,14.42253303527832,14.128194808959961,14.128194808959961,4.03557014465332,4756
1998-08-20,14.937623023986816,14.937623023986816,14.937623023986816,14.937623023986816,4.266772270202637,340
1998-08-21,14.937623023986816,14.937623023986816,14.937623023986816,14.937623023986816,4.266772270202637,0
1998-08-24,14.937623023986816,14.937623023986816,14.937623023986816,14.937623023986816,4.266772270202637,0
1998-08-25,14.42253303527832,14.716870307922363,14.42253303527832,14.716870307922363,4.2037200927734375,340
1998-08-26,14.716870307922363,14.716870307922363,14.716870307922363,14.716870307922363,4.2037200927734375,0
1998-08-27,14.716870307922363,14.716870307922363,14.716870307922363,14.716870307922363,4.2037200927734375,0
1998-08-28,14.128194808959961,14.128194808959961,13.833857536315918,13.833857536315918,3.9705541133880615,1189
1998-08-31,13.833857536315918,13.833857536315918,13.833857536315918,13.833857536315918,3.9705541133880615,0
1998-09-01,13.539521217346191,13.539521217346191,13.539521217346191,13.539521217346191,3.886075735092163,510
1998-09-02,14.348947525024414,14.348947525024414,14.348947525024414,14.348947525024414,4.118391513824463,170
1998-09-03,14.348947525024414,14.348947525024414,14.348947525024414,14.348947525024414,4.118391513824463,170
1998-09-04,14.348947525024414,14.348947525024414,14.348947525024414,14.348947525024414,4.118391513824463,0
1998-09-08,13.686689376831055,13.686689376831055,13.686689376831055,13.686689376831055,3.9283134937286377,510
1998-09-09,13.686689376831055,13.686689376831055,13.686689376831055,13.686689376831055,3.9283134937286377,0
1998-09-10,13.686689376831055,13.686689376831055,13.686689376831055,13.686689376831055,3.9283134937286377,170
1998-09-11,13.686689376831055,13.686689376831055,13.686689376831055,13.686689376831055,3.9283134937286377,170
1998-09-14,13.686689376831055,13.686689376831055,13.686689376831055,13.686689376831055,3.9283134937286377,170
1998-09-15,14.348947525024414,14.348947525024414,14.348947525024414,14.348947525024414,4.118391513824463,170
1998-09-16,14.201780319213867,14.201780319213867,14.201780319213867,14.201780319213867,4.076152801513672,170
1998-09-17,14.201780319213867,14.201780319213867,14.201780319213867,14.201780319213867,4.076152801513672,0
1998-09-18,14.238572120666504,14.238572120666504,14.054611206054688,14.054611206054688,4.033915042877197,6455
1998-09-21,13.686689376831055,13.686689376831055,13.686689376831055,13.686689376831055,3.9283134937286377,170
1998-09-22,13.686689376831055,13.686689376831055,13.686689376831055,13.686689376831055,3.9283134937286377,0
1998-09-23,13.686689376831055,13.686689376831055,13.539521217346191,13.539521217346191,3.886075735092163,1869
1998-09-24,13.539521217346191,13.539521217346191,13.539521217346191,13.539521217346191,3.886075735092163,0
1998-09-25,13.539521217346191,13.539521217346191,13.539521217346191,13.539521217346191,3.886075735092163,510
1998-09-28,13.539521217346191,13.539521217346191,13.539521217346191,13.539521217346191,3.886075735092163,0
1998-09-29,13.539521217346191,13.539521217346191,13.539521217346191,13.539521217346191,3.886075735092163,0
1998-09-30,13.245182991027832,13.245182991027832,13.245182991027832,13.245182991027832,3.801593542098999,1359
1998-10-01,13.245182991027832,13.245182991027832,13.245182991027832,13.245182991027832,3.801593542098999,0
1998-10-02,13.245182991027832,13.245182991027832,13.245182991027832,13.245182991027832,3.801593542098999,0
1998-10-05,12.362171173095703,12.656508445739746,11.626326560974121,12.656508445739746,3.632634162902832,9513
1998-10-06,12.656508445739746,12.656508445739746,12.656508445739746,12.656508445739746,3.632634162902832,0
1998-10-07,12.656508445739746,12.656508445739746,12.656508445739746,12.656508445739746,3.632634162902832,849
1998-10-08,11.92066478729248,11.92066478729248,11.7734956741333,11.7734956741333,3.3791940212249756,2038
1998-10-09,11.7734956741333,11.7734956741333,11.7734956741333,11.7734956741333,3.3791940212249756,0
1998-10-12,11.7734956741333,11.7734956741333,11.7734956741333,11.7734956741333,3.3791940212249756,0
1998-10-13,11.7734956741333,11.7734956741333,11.736703872680664,11.736703872680664,3.3686349391937256,679
1998-10-14,11.7734956741333,11.7734956741333,11.7734956741333,11.7734956741333,3.3791940212249756,849
1998-10-15,11.7734956741333,11.7734956741333,11.7734956741333,11.7734956741333,3.3791940212249756,0
1998-10-16,11.7734956741333,11.7734956741333,11.7734956741333,11.7734956741333,3.3791940212249756,0
1998-10-19,12.80367660522461,12.80367660522461,12.80367660522461,12.80367660522461,3.6748743057250977,170
1998-10-20,12.80367660522461,12.80367660522461,12.80367660522461,12.80367660522461,3.6748743057250977,0
1998-10-21,12.80367660522461,12.80367660522461,12.80367660522461,12.80367660522461,3.6748743057250977,0
1998-10-22,12.80367660522461,12.80367660522461,12.80367660522461,12.80367660522461,3.6748743057250977,0
1998-10-23,11.331990242004395,11.331990242004395,11.331990242004395,11.331990242004395,3.2524759769439697,340
1998-10-26,11.331990242004395,11.699912071228027,11.184821128845215,11.699912071228027,3.3580760955810547,2718
1998-10-27,11.699912071228027,11.699912071228027,11.184821128845215,11.184821128845215,3.210235118865967,6455
1998-10-28,11.699912071228027,11.699912071228027,11.699912071228027,11.699912071228027,3.3580760955810547,170
1998-10-29,11.699912071228027,11.699912071228027,11.699912071228027,11.699912071228027,3.3580760955810547,0
1998-10-30,11.626326560974121,12.362171173095703,11.184821128845215,12.362171173095703,3.5481557846069336,5946
1998-11-02,12.362171173095703,12.362171173095703,12.362171173095703,12.362171173095703,3.5481557846069336,0
1998-11-03,11.221612930297852,11.221612930297852,11.221612930297852,11.221612930297852,3.2207961082458496,1699
1998-11-04,11.221612930297852,11.221612930297852,11.221612930297852,11.221612930297852,3.2207961082458496,0
1998-11-05,11.221612930297852,11.221612930297852,11.221612930297852,11.221612930297852,3.2207961082458496,0
1998-11-06,11.221612930297852,11.221612930297852,11.221612930297852,11.221612930297852,3.2207961082458496,0
1998-11-09,11.221612930297852,11.221612930297852,11.221612930297852,11.221612930297852,3.2207961082458496,0
1998-11-10,11.221612930297852,11.221612930297852,11.221612930297852,11.221612930297852,3.2207961082458496,0
1998-11-11,11.331990242004395,11.331990242004395,11.331990242004395,11.331990242004395,3.2524759769439697,340
1998-11-12,11.184821128845215,11.184821128845215,11.184821128845215,11.184821128845215,3.210235118865967,1699
1998-11-13,11.111236572265625,11.184821128845215,11.111236572265625,11.184821128845215,3.210235118865967,3397
1998-11-16,11.037652969360352,11.037652969360352,11.037652969360352,11.037652969360352,3.167994499206543,170
1998-11-17,11.037652969360352,11.037652969360352,11.037652969360352,11.037652969360352,3.167994499206543,0
1998-11-18,11.111236572265625,12.656508445739746,11.111236572265625,11.184821128845215,3.210235118865967,1019
1998-11-19,11.405573844909668,12.656508445739746,11.405573844909668,12.656508445739746,3.632634162902832,2888
1998-11-20,12.362171173095703,12.362171173095703,12.362171173095703,12.362171173095703,3.5481557846069336,510
1998-11-23,12.362171173095703,12.362171173095703,12.362171173095703,12.362171173095703,3.5481557846069336,0
1998-11-24,12.656508445739746,12.656508445739746,12.656508445739746,12.656508445739746,3.632634162902832,170
1998-11-25,12.656508445739746,12.656508445739746,12.656508445739746,12.656508445739746,3.632634162902832,340
1998-11-27,11.512271881103516,12.748489379882812,11.512271881103516,12.748489379882812,3.6824116706848145,4368
1998-11-30,11.66679859161377,11.66679859161377,11.66679859161377,11.66679859161377,3.3699653148651123,324
1998-12-01,11.66679859161377,11.66679859161377,11.66679859161377,11.66679859161377,3.3699653148651123,0
1998-12-02,11.66679859161377,11.66679859161377,11.66679859161377,11.66679859161377,3.3699653148651123,0
1998-12-03,11.628167152404785,12.748489379882812,11.628167152404785,12.748489379882812,3.6824116706848145,1618
1998-12-04,12.748489379882812,12.748489379882812,12.748489379882812,12.748489379882812,3.6824116706848145,0
1998-12-07,12.748489379882812,12.748489379882812,12.748489379882812,12.748489379882812,3.6824116706848145,0
1998-12-08,12.748489379882812,12.748489379882812,12.748489379882812,12.748489379882812,3.6824116706848145,0
1998-12-09,12.980278968811035,12.980278968811035,12.980278968811035,12.980278968811035,3.7493650913238525,162
1998-12-10,12.980278968811035,12.980278968811035,12.980278968811035,12.980278968811035,3.7493650913238525,0
1998-12-11,12.980278968811035,12.980278968811035,12.980278968811035,12.980278968811035,3.7493650913238525,162
1998-12-14,12.980278968811035,12.980278968811035,12.980278968811035,12.980278968811035,3.7493650913238525,324
1998-12-15,12.980278968811035,12.980278968811035,12.980278968811035,12.980278968811035,3.7493650913238525,0
1998-12-16,11.898590087890625,11.898590087890625,11.898590087890625,11.898590087890625,3.4369189739227295,971
1998-12-17,12.362171173095703,12.362171173095703,12.362171173095703,12.362171173095703,3.570827007293701,809
1998-12-18,12.362171173095703,12.362171173095703,12.362171173095703,12.362171173095703,3.570827007293701,0
1998-12-21,11.512271881103516,11.512271881103516,11.512271881103516,11.512271881103516,3.325331449508667,647
1998-12-22,12.980278968811035,14.79597282409668,12.980278968811035,14.332391738891602,4.139927387237549,8089
1998-12-23,13.289334297180176,13.289334297180176,12.980278968811035,12.980278968811035,3.7493650913238525,2265
1998-12-24,12.980278968811035,12.980278968811035,12.980278968811035,12.980278968811035,3.7493650913238525,0
1998-12-28,14.216497421264648,14.216497421264648,14.216497421264648,14.216497421264648,4.106450080871582,809
1998-12-29,14.216497421264648,14.216497421264648,14.216497421264648,14.216497421264648,4.106450080871582,0
1998-12-30,15.452713966369629,15.452713966369629,15.452713966369629,15.452713966369629,4.463529586791992,1618
1998-12-31,14.216497421264648,15.452713966369629,14.216497421264648,15.452713966369629,4.463529586791992,1618
1999-01-04,15.452713966369629,15.452713966369629,15.452713966369629,15.452713966369629,4.463529586791992,0
1999-01-05,15.452713966369629,15.452713966369629,15.452713966369629,15.452713966369629,4.463529586791992,0
1999-01-06,13.289334297180176,13.289334297180176,13.289334297180176,13.289334297180176,3.8386383056640625,1294
1999-01-07,13.289334297180176,13.289334297180176,13.289334297180176,13.289334297180176,3.8386383056640625,0
1999-01-08,13.289334297180176,13.289334297180176,13.289334297180176,13.289334297180176,3.8386383056640625,0
1999-01-11,13.289334297180176,13.289334297180176,13.289334297180176,13.289334297180176,3.8386383056640625,0
1999-01-12,13.907442092895508,13.907442092895508,13.907442092895508,13.907442092895508,4.017177581787109,324
1999-01-13,14.216497421264648,14.216497421264648,14.216497421264648,14.216497421264648,4.106450080871582,324
1999-01-14,14.216497421264648,14.216497421264648,14.216497421264648,14.216497421264648,4.106450080871582,324
1999-01-15,15.452713966369629,15.452713966369629,15.452713966369629,15.452713966369629,4.463529586791992,324
1999-01-19,15.452713966369629,15.452713966369629,15.452713966369629,15.452713966369629,4.463529586791992,1456
1999-01-20,15.761768341064453,15.761768341064453,15.761768341064453,15.761768341064453,4.552804470062256,1132
1999-01-21,16.37987518310547,16.37987518310547,15.143658638000488,15.143658638000488,4.374259948730469,1618
1999-01-22,15.143658638000488,15.143658638000488,15.143658638000488,15.143658638000488,4.374259948730469,0
1999-01-25,15.143658638000488,15.568609237670898,15.143658638000488,15.568609237670898,4.497007846832275,5339
1999-01-26,15.568609237670898,15.568609237670898,15.568609237670898,15.568609237670898,4.497007846832275,0
1999-01-27,16.07082176208496,16.07082176208496,16.07082176208496,16.07082176208496,4.642070770263672,1618
1999-01-28,15.452713966369629,15.452713966369629,15.452713966369629,15.452713966369629,4.463529586791992,809
1999-01-29,15.452713966369629,16.68893051147461,15.452713966369629,15.993558883666992,4.619755744934082,2912
1999-02-01,15.993558883666992,15.993558883666992,15.993558883666992,15.993558883666992,4.619755744934082,0
1999-02-02,15.452713966369629,15.452713966369629,14.83460521697998,15.452713966369629,4.463529586791992,3397
1999-02-03,14.83460521697998,14.83460521697998,14.83460521697998,14.83460521697998,4.284989833831787,809
1999-02-04,15.452713966369629,16.07082176208496,14.83460521697998,16.07082176208496,4.642070770263672,1780
1999-02-05,16.07082176208496,16.07082176208496,16.07082176208496,16.07082176208496,4.642070770263672,0
1999-02-08,16.07082176208496,16.07082176208496,16.07082176208496,16.07082176208496,4.642070770263672,0
1999-02-09,16.07082176208496,16.07082176208496,16.07082176208496,16.07082176208496,4.642070770263672,0
1999-02-10,16.07082176208496,16.07082176208496,16.07082176208496,16.07082176208496,4.642070770263672,0
1999-02-11,16.07082176208496,16.07082176208496,16.07082176208496,16.07082176208496,4.642070770263672,0
1999-02-12,16.07082176208496,16.07082176208496,16.07082176208496,16.07082176208496,4.642070770263672,0
1999-02-16,16.07082176208496,16.07082176208496,16.07082176208496,16.07082176208496,4.642070770263672,0
1999-02-17,16.07082176208496,16.07082176208496,16.07082176208496,16.07082176208496,4.642070770263672,0
1999-02-18,14.525550842285156,14.525550842285156,14.525550842285156,14.525550842285156,4.19572114944458,647
1999-02-19,14.525550842285156,14.525550842285156,14.525550842285156,14.525550842285156,4.19572114944458,647
1999-02-22,15.375450134277344,15.375450134277344,14.525550842285156,14.525550842285156,4.19572114944458,1132
1999-02-23,14.525550842285156,14.525550842285156,14.525550842285156,14.525550842285156,4.19572114944458,1618
1999-02-24,14.216497421264648,14.525550842285156,14.216497421264648,14.525550842285156,4.19572114944458,1780
1999-02-25,13.598387718200684,13.598387718200684,13.44386100769043,13.44386100769043,3.9040379524230957,1294
1999-02-26,13.598387718200684,13.598387718200684,13.598387718200684,13.598387718200684,3.948913335800171,485
1999-03-01,12.980278968811035,13.289334297180176,12.980278968811035,13.289334297180176,3.859166383743286,1456
1999-03-02,13.289334297180176,13.289334297180176,13.289334297180176,13.289334297180176,3.859166383743286,0
1999-03-03,13.289334297180176,13.289334297180176,13.289334297180176,13.289334297180176,3.859166383743286,0
1999-03-04,13.134806632995605,13.134806632995605,13.134806632995605,13.134806632995605,3.8142895698547363,485
1999-03-05,12.362171173095703,12.362171173095703,12.20764446258545,12.20764446258545,3.54504656791687,1132
1999-03-08,12.593961715698242,12.593961715698242,12.362171173095703,12.362171173095703,3.589921712875366,3236
1999-03-09,12.362171173095703,12.362171173095703,12.362171173095703,12.362171173095703,3.589921712875366,2589
1999-03-10,11.898590087890625,13.134806632995605,11.898590087890625,13.134806632995605,3.8142895698547363,2427
1999-03-11,12.980278968811035,12.980278968811035,12.980278968811035,12.980278968811035,3.769416332244873,324
1999-03-12,12.980278968811035,12.980278968811035,12.980278968811035,12.980278968811035,3.769416332244873,0
1999-03-15,12.980278968811035,12.980278968811035,12.980278968811035,12.980278968811035,3.769416332244873,0
1999-03-16,12.362171173095703,12.362171173095703,12.362171173095703,12.362171173095703,3.589921712875366,1618
1999-03-17,12.362171173095703,12.362171173095703,12.362171173095703,12.362171173095703,3.589921712875366,0
1999-03-18,12.362171173095703,12.362171173095703,12.362171173095703,12.362171173095703,3.589921712875366,0
1999-03-19,12.362171173095703,12.362171173095703,12.362171173095703,12.362171173095703,3.589921712875366,0
1999-03-22,13.44386100769043,13.44386100769043,10.816900253295898,10.816900253295898,3.141181468963623,12781
1999-03-23,11.744062423706055,11.744062423706055,11.125953674316406,11.125953674316406,3.230929136276245,647
1999-03-24,11.125953674316406,11.125953674316406,11.125953674316406,11.125953674316406,3.230929136276245,324
1999-03-25,12.825752258300781,12.825752258300781,12.825752258300781,12.825752258300781,3.724541664123535,485
1999-03-26,12.748489379882812,12.748489379882812,12.748489379882812,12.748489379882812,3.7021055221557617,1294
1999-03-29,12.748489379882812,12.748489379882812,12.748489379882812,12.748489379882812,3.7021055221557617,0
1999-03-30,12.323538780212402,12.323538780212402,12.323538780212402,12.323538780212402,3.578702449798584,324
1999-03-31,12.053116798400879,12.20764446258545,12.053116798400879,12.20764446258545,3.54504656791687,647
1999-04-01,12.20764446258545,12.362171173095703,12.20764446258545,12.362171173095703,3.589921712875366,2427
1999-04-05,12.362171173095703,12.362171173095703,12.362171173095703,12.362171173095703,3.589921712875366,0
1999-04-06,12.362171173095703,12.362171173095703,12.362171173095703,12.362171173095703,3.589921712875366,0
1999-04-07,12.362171173095703,12.362171173095703,12.362171173095703,12.362171173095703,3.589921712875366,0
1999-04-08,12.362171173095703,12.362171173095703,12.362171173095703,12.362171173095703,3.589921712875366,0
1999-04-09,12.362171173095703,12.362171173095703,12.323538780212402,12.323538780212402,3.578702449798584,647
1999-04-12,12.323538780212402,12.323538780212402,12.323538780212402,12.323538780212402,3.578702449798584,0
1999-04-13,12.323538780212402,12.323538780212402,12.323538780212402,12.323538780212402,3.578702449798584,0
1999-04-14,12.323538780212402,12.323538780212402,12.323538780212402,12.323538780212402,3.578702449798584,0
1999-04-15,12.284907341003418,12.284907341003418,12.284907341003418,12.284907341003418,3.5674850940704346,162
1999-04-16,12.362171173095703,12.362171173095703,12.362171173095703,12.362171173095703,3.589921712875366,647
1999-04-19,12.825752258300781,12.980278968811035,12.825752258300781,12.980278968811035,3.769416332244873,485
1999-04-20,12.980278968811035,12.980278968811035,12.980278968811035,12.980278968811035,3.769416332244873,0
1999-04-21,13.521123886108398,13.521123886108398,13.521123886108398,13.521123886108398,3.926476001739502,1132
1999-04-22,13.521123886108398,13.521123886108398,13.521123886108398,13.521123886108398,3.926476001739502,0
1999-04-23,12.980278968811035,12.980278968811035,12.980278968811035,12.980278968811035,3.769416332244873,1941
1999-04-26,12.980278968811035,12.980278968811035,12.980278968811035,12.980278968811035,3.769416332244873,0
1999-04-27,12.980278968811035,12.980278968811035,12.980278968811035,12.980278968811035,3.769416332244873,0
1999-04-28,11.125953674316406,11.744062423706055,9.271628379821777,11.744062423706055,3.4104244709014893,5824
1999-04-29,11.280481338500977,11.280481338500977,11.280481338500977,11.280481338500977,3.2758028507232666,4854
1999-04-30,11.125953674316406,11.125953674316406,11.125953674316406,11.125953674316406,3.230929136276245,162
1999-05-03,11.125953674316406,11.125953674316406,11.125953674316406,11.125953674316406,3.230929136276245,0
1999-05-04,11.125953674316406,11.125953674316406,11.125953674316406,11.125953674316406,3.230929136276245,0
1999-05-05,10.507844924926758,10.507844924926758,10.507844924926758,10.507844924926758,3.0514326095581055,324
1999-05-06,9.889737129211426,10.430582046508789,9.889737129211426,10.430582046508789,3.0289947986602783,2589
1999-05-07,9.580681800842285,9.580681800842285,8.962574005126953,8.962574005126953,2.6026923656463623,485
1999-05-10,9.889737129211426,10.430582046508789,9.889737129211426,10.430582046508789,3.0289947986602783,3074
1999-05-11,9.889737129211426,9.889737129211426,9.889737129211426,9.889737129211426,2.871936559677124,1618
1999-05-12,9.889737129211426,9.889737129211426,9.889737129211426,9.889737129211426,2.871936559677124,0
1999-05-13,9.889737129211426,9.889737129211426,9.889737129211426,9.889737129211426,2.871936559677124,0
1999-05-14,9.889737129211426,9.889737129211426,9.889737129211426,9.889737129211426,2.871936559677124,1618
1999-05-17,9.580681800842285,9.580681800842285,9.271628379821777,9.271628379821777,2.69244122505188,12134
1999-05-18,9.271628379821777,9.426155090332031,9.117100715637207,9.271628379821777,2.69244122505188,3236
1999-05-19,8.653519630432129,9.735210418701172,8.653519630432129,9.735210418701172,2.82706356048584,3236
1999-05-20,9.426155090332031,10.198790550231934,9.117100715637207,9.271628379821777,2.69244122505188,1618
1999-05-21,9.889737129211426,9.889737129211426,9.889737129211426,9.889737129211426,2.871936559677124,485
1999-05-24,9.580681800842285,9.580681800842285,9.580681800842285,9.580681800842285,2.7821879386901855,324
1999-05-25,9.65794563293457,9.65794563293457,9.65794563293457,9.65794563293457,2.8046250343322754,162
1999-05-26,9.271628379821777,9.271628379821777,9.271628379821777,9.271628379821777,2.69244122505188,647
1999-05-27,9.271628379821777,9.271628379821777,9.271628379821777,9.271628379821777,2.715066909790039,0
1999-05-28,9.65794563293457,9.889737129211426,9.271628379821777,9.271628379821777,2.715066909790039,1294
1999-06-01,9.271628379821777,9.271628379821777,9.271628379821777,9.271628379821777,2.715066909790039,0
1999-06-02,9.271628379821777,9.271628379821777,9.271628379821777,9.271628379821777,2.715066909790039,0
1999-06-03,9.348892211914062,9.348892211914062,9.348892211914062,9.348892211914062,2.7376928329467773,1618
1999-06-04,9.81247329711914,9.81247329711914,9.348892211914062,9.348892211914062,2.7376928329467773,2265
1999-06-07,9.271628379821777,9.735210418701172,9.271628379821777,9.735210418701172,2.8508193492889404,1941
1999-06-08,9.271628379821777,9.271628379821777,9.271628379821777,9.271628379821777,2.715066909790039,2427
1999-06-09,9.426155090332031,9.81247329711914,9.426155090332031,9.81247329711914,2.8734447956085205,647
1999-06-10,9.271628379821777,9.271628379821777,9.271628379821777,9.271628379821777,2.715066909790039,324
1999-06-11,9.81247329711914,9.81247329711914,9.81247329711914,9.81247329711914,2.8734447956085205,324
1999-06-14,9.310259819030762,9.81247329711914,9.310259819030762,9.580681800842285,2.805567741394043,2750
1999-06-15,9.81247329711914,9.889737129211426,9.735210418701172,9.735210418701172,2.8508193492889404,2589
1999-06-16,9.735210418701172,9.735210418701172,9.735210418701172,9.735210418701172,2.8508193492889404,0
1999-06-17,9.889737129211426,9.889737129211426,9.889737129211426,9.889737129211426,2.8960704803466797,485
1999-06-18,9.889737129211426,9.889737129211426,9.889737129211426,9.889737129211426,2.8960704803466797,0
1999-06-21,10.430582046508789,10.430582046508789,10.430582046508789,10.430582046508789,3.054450035095215,162
1999-06-22,10.237422943115234,10.507844924926758,10.237422943115234,10.507844924926758,3.0770750045776367,3721
1999-06-23,10.507844924926758,10.507844924926758,10.507844924926758,10.507844924926758,3.0770750045776367,0
1999-06-24,10.469212532043457,10.469212532043457,10.469212532043457,10.469212532043457,3.0657618045806885,2427
1999-06-25,10.469212532043457,10.469212532043457,10.469212532043457,10.469212532043457,3.0657618045806885,0
1999-06-28,10.469212532043457,10.469212532043457,10.469212532043457,10.469212532043457,3.0657618045806885,0
1999-06-29,10.469212532043457,10.469212532043457,10.469212532043457,10.469212532043457,3.0657618045806885,0
1999-06-30,10.469212532043457,10.469212532043457,10.469212532043457,10.469212532043457,3.0657618045806885,0
1999-07-01,10.469212532043457,10.469212532043457,10.469212532043457,10.469212532043457,3.0657618045806885,0
1999-07-02,11.43500804901123,11.43500804901123,11.43500804901123,11.43500804901123,3.3485827445983887,1618
1999-07-06,11.744062423706055,12.362171173095703,11.744062423706055,12.362171173095703,3.6200907230377197,647
1999-07-07,12.593961715698242,12.671224594116211,12.593961715698242,12.671224594116211,3.7105906009674072,647
1999-07-08,12.671224594116211,12.748489379882812,12.671224594116211,12.748489379882812,3.7332165241241455,2427
1999-07-09,12.748489379882812,12.748489379882812,12.748489379882812,12.748489379882812,3.7332165241241455,0
1999-07-12,13.289334297180176,13.289334297180176,12.516697883605957,12.980278968811035,3.8010921478271484,1132
1999-07-13,12.980278968811035,12.980278968811035,12.980278968811035,12.980278968811035,3.8010921478271484,0
1999-07-14,12.980278968811035,13.21207046508789,12.671224594116211,12.671224594116211,3.7105906009674072,5662
1999-07-15,12.671224594116211,12.671224594116211,12.671224594116211,12.671224594116211,3.7105906009674072,0
1999-07-16,12.362171173095703,12.362171173095703,12.362171173095703,12.362171173095703,3.6200907230377197,1941
1999-07-19,12.439434051513672,12.439434051513672,12.439434051513672,12.439434051513672,3.6427130699157715,324
1999-07-20,12.980278968811035,12.980278968811035,12.439434051513672,12.439434051513672,3.6427130699157715,324
1999-07-21,12.439434051513672,12.439434051513672,12.439434051513672,12.439434051513672,3.6427130699157715,0
1999-07-22,11.125953674316406,11.125953674316406,11.125953674316406,11.125953674316406,3.25808048248291,971
1999-07-23,11.125953674316406,11.125953674316406,11.125953674316406,11.125953674316406,3.25808048248291,0
1999-07-26,11.125953674316406,11.125953674316406,11.125953674316406,11.125953674316406,3.25808048248291,0
1999-07-27,11.125953674316406,11.125953674316406,11.125953674316406,11.125953674316406,3.25808048248291,0
1999-07-28,11.43500804901123,11.744062423706055,11.43500804901123,11.744062423706055,3.4390852451324463,485
1999-07-29,11.744062423706055,11.744062423706055,11.744062423706055,11.744062423706055,3.4390852451324463,0
1999-07-30,11.744062423706055,11.744062423706055,11.744062423706055,11.744062423706055,3.4390852451324463,0
1999-08-02,11.43500804901123,11.744062423706055,11.43500804901123,11.744062423706055,3.4390852451324463,1618
1999-08-03,11.125953674316406,11.125953674316406,10.662371635437012,10.662371635437012,3.122326374053955,3236
1999-08-04,11.125953674316406,11.125953674316406,11.125953674316406,11.125953674316406,3.25808048248291,324
1999-08-05,11.125953674316406,11.125953674316406,11.125953674316406,11.125953674316406,3.25808048248291,0
1999-08-06,11.280481338500977,11.280481338500977,11.280481338500977,11.280481338500977,3.303331136703491,162
1999-08-09,11.280481338500977,11.280481338500977,11.280481338500977,11.280481338500977,3.303331136703491,0
1999-08-10,10.662371635437012,10.662371635437012,9.889737129211426,9.889737129211426,2.8960704803466797,5015
1999-08-11,9.889737129211426,9.889737129211426,9.889737129211426,9.889737129211426,2.8960704803466797,0
1999-08-12,10.894163131713867,10.894163131713867,10.894163131713867,10.894163131713867,3.1902027130126953,324
1999-08-13,9.77384090423584,9.77384090423584,9.77384090423584,9.77384090423584,2.8621318340301514,971
1999-08-16,9.735210418701172,10.121526718139648,9.735210418701172,10.121526718139648,2.96394681930542,2589
1999-08-17,9.735210418701172,9.735210418701172,9.735210418701172,9.735210418701172,2.8508193492889404,1132
1999-08-18,9.735210418701172,9.735210418701172,9.580681800842285,9.735210418701172,2.8508193492889404,3397
1999-08-19,9.735210418701172,9.735210418701172,9.735210418701172,9.735210418701172,2.8508193492889404,0
1999-08-20,9.735210418701172,9.735210418701172,9.735210418701172,9.735210418701172,2.8508193492889404,0
1999-08-23,9.735210418701172,10.16015911102295,9.735210418701172,10.16015911102295,2.9752585887908936,4854
1999-08-24,10.16015911102295,10.16015911102295,10.16015911102295,10.16015911102295,2.9752585887908936,0
1999-08-25,10.16015911102295,10.16015911102295,10.16015911102295,10.16015911102295,2.9752585887908936,0
1999-08-26,10.16015911102295,10.16015911102295,10.16015911102295,10.16015911102295,2.9752585887908936,0
1999-08-27,10.16015911102295,10.16015911102295,10.16015911102295,10.16015911102295,2.9752585887908936,0
1999-08-30,10.16015911102295,10.16015911102295,10.16015911102295,10.16015911102295,2.998976945877075,0
1999-08-31,10.16015911102295,10.16015911102295,10.16015911102295,10.16015911102295,2.998976945877075,0
1999-09-01,10.507844924926758,10.507844924926758,10.507844924926758,10.507844924926758,3.101605176925659,162
1999-09-02,10.507844924926758,10.507844924926758,10.507844924926758,10.507844924926758,3.101605176925659,0
1999-09-03,10.198790550231934,10.198790550231934,10.198790550231934,10.198790550231934,3.0103816986083984,485
1999-09-07,10.507844924926758,10.507844924926758,10.507844924926758,10.507844924926758,3.101605176925659,324
1999-09-08,10.507844924926758,10.507844924926758,10.507844924926758,10.507844924926758,3.101605176925659,0
1999-09-09,9.889737129211426,9.889737129211426,9.889737129211426,9.889737129211426,2.919156789779663,647
1999-09-10,10.507844924926758,11.43500804901123,10.507844924926758,11.43500804901123,3.3752760887145996,1294
1999-09-13,11.43500804901123,11.43500804901123,11.43500804901123,11.43500804901123,3.3752760887145996,0
1999-09-14,11.43500804901123,11.43500804901123,11.43500804901123,11.43500804901123,3.3752760887145996,0
1999-09-15,11.589534759521484,11.589534759521484,11.589534759521484,11.589534759521484,3.4208855628967285,2589
1999-09-16,11.589534759521484,11.589534759521484,11.589534759521484,11.589534759521484,3.4208855628967285,324
1999-09-17,10.816900253295898,10.816900253295898,10.816900253295898,10.816900253295898,3.1928296089172363,2912
1999-09-20,11.280481338500977,11.280481338500977,11.280481338500977,11.280481338500977,3.3296632766723633,324
1999-09-21,11.048689842224121,11.048689842224121,11.048689842224121,11.048689842224121,3.2612476348876953,1456
1999-09-22,11.048689842224121,11.048689842224121,11.048689842224121,11.048689842224121,3.2612476348876953,0
1999-09-23,10.971426963806152,10.971426963806152,10.971426963806152,10.971426963806152,3.2384397983551025,2912
1999-09-24,11.357745170593262,11.43500804901123,11.357745170593262,11.43500804901123,3.3752760887145996,1941
1999-09-27,11.43500804901123,11.43500804901123,11.43500804901123,11.43500804901123,3.3752760887145996,0
1999-09-28,11.43500804901123,11.43500804901123,11.43500804901123,11.43500804901123,3.3752760887145996,0
1999-09-29,10.971426963806152,10.971426963806152,10.662371635437012,10.739636421203613,3.1700222492218018,12619
1999-09-30,10.739636421203613,10.739636421203613,8.03541088104248,9.889737129211426,2.919156789779663,33489
1999-10-01,9.889737129211426,9.889737129211426,9.889737129211426,9.889737129211426,2.919156789779663,324
1999-10-04,9.271628379821777,9.271628379821777,9.271628379821777,9.271628379821777,2.7367103099823,324
1999-10-05,9.426155090332031,9.889737129211426,9.426155090332031,9.426155090332031,2.782322645187378,6471
1999-10-06,9.271628379821777,9.580681800842285,9.271628379821777,9.310259819030762,2.7481131553649902,5986
1999-10-07,9.348892211914062,9.426155090332031,9.348892211914062,9.426155090332031,2.782322645187378,324
1999-10-08,9.387523651123047,9.426155090332031,9.387523651123047,9.426155090332031,2.782322645187378,1294
1999-10-11,9.426155090332031,9.426155090332031,9.426155090332031,9.426155090332031,2.782322645187378,0
1999-10-12,9.503418922424316,9.580681800842285,9.503418922424316,9.580681800842285,2.8279333114624023,324
1999-10-13,10.121526718139648,10.353318214416504,9.271628379821777,9.271628379821777,2.7367103099823,10840
1999-10-14,9.580681800842285,9.580681800842285,9.271628379821777,9.271628379821777,2.7367103099823,2750
1999-10-15,9.271628379821777,9.271628379821777,9.271628379821777,9.271628379821777,2.7367103099823,0
1999-10-18,9.271628379821777,9.271628379821777,9.271628379821777,9.271628379821777,2.7367103099823,324
1999-10-19,9.271628379821777,9.271628379821777,9.271628379821777,9.271628379821777,2.7367103099823,162
1999-10-20,9.271628379821777,9.271628379821777,9.271628379821777,9.271628379821777,2.7367103099823,0
1999-10-21,9.271628379821777,9.271628379821777,9.271628379821777,9.271628379821777,2.7367103099823,0
1999-10-22,9.271628379821777,9.580681800842285,9.271628379821777,9.426155090332031,2.782322645187378,809
1999-10-25,9.271628379821777,9.889737129211426,9.271628379821777,9.503418922424316,2.8051276206970215,809
1999-10-26,9.271628379821777,9.271628379821777,9.271628379821777,9.271628379821777,2.7367103099823,485
1999-10-27,9.580681800842285,9.580681800842285,9.580681800842285,9.580681800842285,2.8279333114624023,971
1999-10-28,9.348892211914062,9.735210418701172,9.348892211914062,9.735210418701172,2.8735454082489014,1941
1999-10-29,9.348892211914062,9.348892211914062,9.348892211914062,9.348892211914062,2.7595157623291016,809
1999-11-01,9.348892211914062,9.348892211914062,9.348892211914062,9.348892211914062,2.7595157623291016,0
1999-11-02,9.735210418701172,9.735210418701172,9.735210418701172,9.735210418701172,2.8735454082489014,324
1999-11-03,9.426155090332031,9.426155090332031,9.426155090332031,9.426155090332031,2.782322645187378,485
1999-11-04,9.65794563293457,9.65794563293457,9.580681800842285,9.580681800842285,2.8279333114624023,485
1999-11-05,9.580681800842285,9.580681800842285,9.580681800842285,9.580681800842285,2.8279333114624023,0
1999-11-08,9.580681800842285,9.580681800842285,9.580681800842285,9.580681800842285,2.8279333114624023,0
1999-11-09,9.580681800842285,9.580681800842285,9.580681800842285,9.580681800842285,2.8279333114624023,0
1999-11-10,9.580681800842285,9.580681800842285,9.271628379821777,9.271628379821777,2.7367103099823,1132
1999-11-11,9.271628379821777,9.271628379821777,9.271628379821777,9.271628379821777,2.7367103099823,0
1999-11-12,9.271628379821777,9.271628379821777,9.271628379821777,9.271628379821777,2.7367103099823,162
1999-11-15,9.271628379821777,9.271628379821777,8.730783462524414,8.730783462524414,2.5770692825317383,6471
1999-11-16,8.730783462524414,8.730783462524414,8.730783462524414,8.730783462524414,2.5770692825317383,0
1999-11-17,8.653519630432129,8.653519630432129,8.42172908782959,8.42172908782959,2.4858458042144775,2750
1999-11-18,9.271628379821777,9.271628379821777,8.962574005126953,8.962574005126953,2.6454861164093018,1618
1999-11-19,9.271628379821777,9.271628379821777,9.271628379821777,9.271628379821777,2.7367103099823,324
1999-11-22,9.271628379821777,9.271628379821777,9.271628379821777,9.271628379821777,2.7367103099823,0
1999-11-23,9.271628379821777,9.271628379821777,9.271628379821777,9.271628379821777,2.7367103099823,0
1999-11-24,8.730783462524414,9.117100715637207,8.730783462524414,9.117100715637207,2.6910979747772217,485
1999-11-26,9.117100715637207,9.117100715637207,9.117100715637207,9.117100715637207,2.6910979747772217,0
1999-11-29,9.572956085205078,9.572956085205078,9.086195945739746,9.086195945739746,2.7070274353027344,924
1999-11-30,9.248449325561523,9.248449325561523,8.761689186096191,9.248449325561523,2.7553670406341553,1695
1999-12-01,8.923941612243652,9.248449325561523,8.923941612243652,9.248449325561523,2.7553670406341553,1079
1999-12-02,9.248449325561523,9.248449325561523,9.248449325561523,9.248449325561523,2.7553670406341553,0
1999-12-03,9.248449325561523,9.248449325561523,9.248449325561523,9.248449325561523,2.7553670406341553,0
1999-12-06,9.086195945739746,9.086195945739746,8.842815399169922,8.842815399169922,2.6345179080963135,1079
1999-12-07,8.761689186096191,8.761689186096191,8.761689186096191,8.761689186096191,2.610347032546997,154
1999-12-08,8.761689186096191,8.761689186096191,8.274928092956543,8.274928092956543,2.4653286933898926,3082
1999-12-09,8.437182426452637,8.437182426452637,8.274928092956543,8.274928092956543,2.4653286933898926,2003
1999-12-10,8.761689186096191,9.086195945739746,8.761689186096191,9.086195945739746,2.7070274353027344,1695
1999-12-13,8.802251815795898,8.802251815795898,8.112674713134766,8.437182426452637,2.513667583465576,6780
1999-12-14,8.112674713134766,8.315491676330566,8.112674713134766,8.315491676330566,2.4774129390716553,616
1999-12-15,8.761689186096191,8.761689186096191,8.761689186096191,8.761689186096191,2.610347032546997,2003
1999-12-16,8.599434852600098,8.599434852600098,8.599434852600098,8.599434852600098,2.5620076656341553,616
1999-12-17,8.599434852600098,9.086195945739746,8.599434852600098,9.086195945739746,2.7070274353027344,1849
1999-12-20,9.086195945739746,9.086195945739746,9.086195945739746,9.086195945739746,2.7070274353027344,0
1999-12-21,9.086195945739746,9.248449325561523,9.086195945739746,9.086195945739746,2.7070274353027344,18181
1999-12-22,8.599434852600098,9.086195945739746,8.599434852600098,8.761689186096191,2.610347032546997,616
1999-12-23,8.761689186096191,8.761689186096191,8.761689186096191,8.761689186096191,2.610347032546997,0
1999-12-27,8.761689186096191,8.761689186096191,8.761689186096191,8.761689186096191,2.610347032546997,0
1999-12-28,8.761689186096191,9.4107027053833,8.761689186096191,9.4107027053833,2.803706407546997,2003
1999-12-29,8.761689186096191,9.4107027053833,8.761689186096191,9.4107027053833,2.803706407546997,7088
1999-12-30,9.4107027053833,10.18140697479248,9.4107027053833,10.18140697479248,3.0333211421966553,6317
1999-12-31,9.329575538635254,10.221969604492188,9.329575538635254,10.221969604492188,3.0454065799713135,1079
2000-01-03,9.329575538635254,9.329575538635254,8.112674713134766,8.761689186096191,2.610347032546997,15716
2000-01-04,9.086195945739746,9.086195945739746,9.086195945739746,9.086195945739746,2.7070274353027344,154
2000-01-05,8.35605525970459,8.923941612243652,7.788167953491211,8.923941612243652,2.658686399459839,6780
2000-01-06,8.923941612243652,8.923941612243652,8.923941612243652,8.923941612243652,2.658686399459839,0
2000-01-07,8.031547546386719,8.031547546386719,6.490139961242676,7.382534027099609,2.19946026802063,42372
2000-01-10,7.382534027099609,7.382534027099609,7.382534027099609,7.382534027099609,2.19946026802063,154
2000-01-11,7.788167953491211,7.788167953491211,7.139153957366943,7.3014068603515625,2.1752898693084717,8628
2000-01-12,7.463661193847656,7.463661193847656,7.463661193847656,7.463661193847656,2.2236287593841553,308
2000-01-13,7.463661193847656,7.788167953491211,7.463661193847656,7.788167953491211,2.3203089237213135,2157
2000-01-14,7.788167953491211,7.788167953491211,7.788167953491211,7.788167953491211,2.3203089237213135,0
2000-01-18,7.788167953491211,7.788167953491211,7.139153957366943,7.788167953491211,2.3203089237213135,1541
2000-01-19,7.788167953491211,7.788167953491211,7.788167953491211,7.788167953491211,2.3203089237213135,0
2000-01-20,7.788167953491211,7.788167953491211,7.5447869300842285,7.707040786743164,2.2961394786834717,2465
2000-01-21,7.707040786743164,7.707040786743164,7.707040786743164,7.707040786743164,2.2961394786834717,0
2000-01-24,7.788167953491211,7.788167953491211,7.625914096832275,7.625914096832275,2.2719695568084717,770
2000-01-25,7.625914096832275,7.625914096832275,7.625914096832275,7.625914096832275,2.2719695568084717,0
2000-01-26,7.625914096832275,7.625914096832275,7.625914096832275,7.625914096832275,2.2719695568084717,0
2000-01-27,7.625914096832275,7.625914096832275,7.625914096832275,7.625914096832275,2.2719695568084717,0
2000-01-28,7.707040786743164,7.707040786743164,7.707040786743164,7.707040786743164,2.2961394786834717,154
2000-01-31,7.788167953491211,8.031547546386719,7.788167953491211,8.031547546386719,2.3928189277648926,1695
2000-02-01,7.463661193847656,7.463661193847656,7.139153957366943,7.139153957366943,2.12695050239563,1233
2000-02-02,7.139153957366943,7.139153957366943,7.139153957366943,7.139153957366943,2.12695050239563,0
2000-02-03,7.463661193847656,7.463661193847656,7.463661193847656,7.463661193847656,2.2236287593841553,308
2000-02-04,7.463661193847656,7.463661193847656,7.463661193847656,7.463661193847656,2.2236287593841553,0
2000-02-07,8.193800926208496,8.193800926208496,8.193800926208496,8.193800926208496,2.441159248352051,462
2000-02-08,8.193800926208496,8.193800926208496,8.193800926208496,8.193800926208496,2.441159248352051,0
2000-02-09,7.95042085647583,8.193800926208496,7.5447869300842285,7.95042085647583,2.3686487674713135,11094
2000-02-10,7.95042085647583,7.95042085647583,7.95042085647583,7.95042085647583,2.3686487674713135,0
2000-02-11,7.666478157043457,7.666478157043457,7.625914096832275,7.625914096832275,2.2719695568084717,8012
2000-02-14,8.112674713134766,8.112674713134766,8.031547546386719,8.031547546386719,2.3928189277648926,3544
2000-02-15,8.031547546386719,8.031547546386719,8.031547546386719,8.031547546386719,2.3928189277648926,0
2000-02-16,8.031547546386719,8.031547546386719,8.031547546386719,8.031547546386719,2.3928189277648926,0
2000-02-17,7.625914096832275,7.625914096832275,7.625914096832275,7.625914096832275,2.2719695568084717,1079
2000-02-18,7.625914096832275,7.625914096832275,7.625914096832275,7.625914096832275,2.2719695568084717,0
2000-02-22,7.625914096832275,7.625914096832275,7.625914096832275,7.625914096832275,2.2719695568084717,0
2000-02-23,7.95042085647583,8.274928092956543,7.909858226776123,8.274928092956543,2.4653286933898926,4006
2000-02-24,8.274928092956543,8.274928092956543,8.274928092956543,8.274928092956543,2.4653286933898926,0
2000-02-25,8.274928092956543,8.274928092956543,8.274928092956543,8.274928092956543,2.4653286933898926,308
2000-02-28,8.599434852600098,8.599434852600098,7.95042085647583,7.95042085647583,2.3686487674713135,616
2000-02-29,7.95042085647583,7.95042085647583,7.909858226776123,7.909858226776123,2.3818411827087402,924
2000-03-01,7.95042085647583,7.95042085647583,7.95042085647583,7.95042085647583,2.394055128097534,770
2000-03-02,7.95042085647583,7.95042085647583,7.95042085647583,7.95042085647583,2.394055128097534,1541
2000-03-03,7.95042085647583,7.95042085647583,7.95042085647583,7.95042085647583,2.394055128097534,0
2000-03-06,7.95042085647583,7.95042085647583,7.95042085647583,7.95042085647583,2.394055128097534,0
2000-03-07,7.788167953491211,7.788167953491211,7.788167953491211,7.788167953491211,2.3451972007751465,308
2000-03-08,7.788167953491211,7.788167953491211,7.788167953491211,7.788167953491211,2.3451972007751465,0
2000-03-09,7.788167953491211,7.788167953491211,7.788167953491211,7.788167953491211,2.3451972007751465,154
2000-03-10,7.788167953491211,7.788167953491211,7.625914096832275,7.625914096832275,2.2963383197784424,616
2000-03-13,7.788167953491211,8.112674713134766,7.788167953491211,8.112674713134766,2.4429128170013428,2311
2000-03-14,8.112674713134766,8.112674713134766,8.112674713134766,8.112674713134766,2.4429128170013428,0
2000-03-15,8.437182426452637,8.437182426452637,8.35605525970459,8.35605525970459,2.516200065612793,1233
2000-03-16,8.437182426452637,9.086195945739746,8.437182426452637,9.086195945739746,2.7360634803771973,1695
2000-03-17,8.883378982543945,8.883378982543945,8.883378982543945,8.883378982543945,2.674990177154541,462
2000-03-20,8.437182426452637,8.761689186096191,8.437182426452637,8.761689186096191,2.638345718383789,1387
2000-03-21,8.761689186096191,8.761689186096191,8.761689186096191,8.761689186096191,2.638345718383789,616
2000-03-22,8.437182426452637,8.437182426452637,8.437182426452637,8.437182426452637,2.5406301021575928,308
2000-03-23,8.437182426452637,8.437182426452637,8.437182426452637,8.437182426452637,2.5406301021575928,154
2000-03-24,8.437182426452637,8.437182426452637,8.437182426452637,8.437182426452637,2.5406301021575928,0
2000-03-27,8.437182426452637,8.437182426452637,8.437182426452637,8.437182426452637,2.5406301021575928,1541
2000-03-28,9.086195945739746,9.086195945739746,9.086195945739746,9.086195945739746,2.7360634803771973,308
2000-03-29,9.086195945739746,9.086195945739746,9.086195945739746,9.086195945739746,2.7360634803771973,0
2000-03-30,9.086195945739746,9.086195945739746,9.086195945739746,9.086195945739746,2.7360634803771973,308
2000-03-31,9.086195945739746,9.086195945739746,9.086195945739746,9.086195945739746,2.7360634803771973,0
2000-04-03,9.086195945739746,9.086195945739746,8.193800926208496,8.193800926208496,2.4673430919647217,616
2000-04-04,8.193800926208496,8.193800926208496,8.193800926208496,8.193800926208496,2.4673430919647217,0
2000-04-05,9.086195945739746,9.4107027053833,9.086195945739746,9.4107027053833,2.8337795734405518,3390
2000-04-06,9.126758575439453,9.735210418701172,9.126758575439453,9.4107027053833,2.8337795734405518,3236
2000-04-07,9.4107027053833,9.4107027053833,9.4107027053833,9.4107027053833,2.8337795734405518,0
2000-04-10,9.4107027053833,9.735210418701172,9.218027114868164,9.218027114868164,2.7757606506347656,9091
2000-04-11,9.329575538635254,9.4107027053833,9.329575538635254,9.4107027053833,2.8337795734405518,924
2000-04-12,9.4107027053833,9.4107027053833,9.4107027053833,9.4107027053833,2.8337795734405518,0
2000-04-13,9.4107027053833,9.4107027053833,9.4107027053833,9.4107027053833,2.8337795734405518,0
2000-04-14,9.4107027053833,9.4107027053833,9.4107027053833,9.4107027053833,2.8337795734405518,0
2000-04-17,9.086195945739746,9.086195945739746,8.923941612243652,8.923941612243652,2.687204599380493,1541
2000-04-18,8.923941612243652,8.923941612243652,8.923941612243652,8.923941612243652,2.687204599380493,0
2000-04-19,8.923941612243652,8.923941612243652,8.923941612243652,8.923941612243652,2.687204599380493,0
2000-04-20,8.761689186096191,9.086195945739746,8.761689186096191,9.086195945739746,2.7360634803771973,616
2000-04-24,9.086195945739746,9.086195945739746,9.086195945739746,9.086195945739746,2.7360634803771973,0
2000-04-25,8.680562019348145,9.086195945739746,8.680562019348145,9.086195945739746,2.7360634803771973,1541
2000-04-26,9.086195945739746,9.086195945739746,9.086195945739746,9.086195945739746,2.7360634803771973,154
2000-04-27,8.680562019348145,8.680562019348145,8.599434852600098,8.599434852600098,2.5894885063171387,18027
2000-04-28,8.599434852600098,8.599434852600098,8.599434852600098,8.599434852600098,2.5894885063171387,0
2000-05-01,9.248449325561523,9.248449325561523,9.248449325561523,9.248449325561523,2.784921407699585,154
2000-05-02,8.599434852600098,8.599434852600098,8.599434852600098,8.599434852600098,2.5894885063171387,154
2000-05-03,8.599434852600098,8.599434852600098,8.599434852600098,8.599434852600098,2.5894885063171387,0
2000-05-04,8.599434852600098,8.599434852600098,8.599434852600098,8.599434852600098,2.5894885063171387,0
2000-05-05,9.248449325561523,9.248449325561523,8.599434852600098,8.599434852600098,2.5894885063171387,616
2000-05-08,7.788167953491211,7.788167953491211,7.788167953491211,7.788167953491211,2.3451972007751465,1079
2000-05-09,9.248449325561523,9.248449325561523,9.248449325561523,9.248449325561523,2.784921407699585,154
2000-05-10,9.248449325561523,9.248449325561523,9.248449325561523,9.248449325561523,2.784921407699585,0
2000-05-11,9.0050687789917,9.0050687789917,9.0050687789917,9.0050687789917,2.7116339206695557,1079
2000-05-12,7.95042085647583,7.95042085647583,7.95042085647583,7.95042085647583,2.394055128097534,154
2000-05-15,8.437182426452637,8.437182426452637,8.437182426452637,8.437182426452637,2.5406301021575928,308
2000-05-16,7.788167953491211,7.788167953491211,7.788167953491211,7.788167953491211,2.3451972007751465,154
2000-05-17,8.437182426452637,8.437182426452637,7.139153957366943,8.437182426452637,2.5406301021575928,2003
2000-05-18,8.437182426452637,8.437182426452637,8.437182426452637,8.437182426452637,2.5406301021575928,0
2000-05-19,8.437182426452637,8.437182426452637,8.437182426452637,8.437182426452637,2.5406301021575928,0
2000-05-22,7.463661193847656,7.463661193847656,7.463661193847656,7.463661193847656,2.2474794387817383,308
2000-05-23,7.463661193847656,7.463661193847656,7.463661193847656,7.463661193847656,2.2474794387817383,0
2000-05-24,7.463661193847656,7.463661193847656,7.139153957366943,7.463661193847656,2.2474794387817383,2311
2000-05-25,7.463661193847656,7.463661193847656,7.463661193847656,7.463661193847656,2.2474794387817383,0
2000-05-26,7.463661193847656,7.463661193847656,7.463661193847656,7.463661193847656,2.2474794387817383,0
2000-05-30,8.437182426452637,8.437182426452637,8.437182426452637,8.437182426452637,2.5696775913238525,308
2000-05-31,8.437182426452637,8.437182426452637,8.437182426452637,8.437182426452637,2.5696775913238525,0
2000-06-01,8.437182426452637,8.437182426452637,8.437182426452637,8.437182426452637,2.5696775913238525,0
2000-06-02,8.437182426452637,8.437182426452637,8.437182426452637,8.437182426452637,2.5696775913238525,0
2000-06-05,7.3014068603515625,8.437182426452637,7.3014068603515625,8.437182426452637,2.5696775913238525,1695
2000-06-06,7.3014068603515625,7.3014068603515625,7.3014068603515625,7.3014068603515625,2.2237606048583984,1233
2000-06-07,7.3014068603515625,7.3014068603515625,7.3014068603515625,7.3014068603515625,2.2237606048583984,0
2000-06-08,7.3014068603515625,7.3014068603515625,7.3014068603515625,7.3014068603515625,2.2237606048583984,0
2000-06-09,7.3014068603515625,7.3014068603515625,7.3014068603515625,7.3014068603515625,2.2237606048583984,770
2000-06-12,7.3014068603515625,7.3014068603515625,7.3014068603515625,7.3014068603515625,2.2237606048583984,0
2000-06-13,6.571266174316406,6.814647197723389,6.571266174316406,6.814647197723389,2.075510025024414,13405
2000-06-14,6.571266174316406,6.571266174316406,6.571266174316406,6.571266174316406,2.0013840198516846,308
2000-06-15,6.814647197723389,6.814647197723389,6.814647197723389,6.814647197723389,2.075510025024414,1695
2000-06-16,6.814647197723389,6.814647197723389,6.814647197723389,6.814647197723389,2.075510025024414,462
2000-06-19,6.571266174316406,6.895772933959961,6.571266174316406,6.895772933959961,2.100217819213867,1695
2000-06-20,6.571266174316406,6.571266174316406,6.571266174316406,6.571266174316406,2.0013840198516846,616
2000-06-21,6.976900100708008,6.976900100708008,6.490139961242676,6.490139961242676,1.9766756296157837,1233
2000-06-22,6.165633201599121,6.165633201599121,6.165633201599121,6.165633201599121,1.8778430223464966,308
2000-06-23,6.976900100708008,6.976900100708008,6.976900100708008,6.976900100708008,2.1249277591705322,1541
2000-06-26,6.814647197723389,6.814647197723389,5.841125965118408,5.841125965118408,1.779008388519287,462
2000-06-27,6.490139961242676,6.490139961242676,6.165633201599121,6.490139961242676,1.9766756296157837,6009
2000-06-28,6.246758937835693,6.246758937835693,6.246758937835693,6.246758937835693,1.9025506973266602,616
2000-06-29,6.246758937835693,6.246758937835693,6.246758937835693,6.246758937835693,1.9025506973266602,0
2000-06-30,6.490139961242676,6.490139961242676,6.490139961242676,6.490139961242676,1.9766756296157837,924
2000-07-03,6.246758937835693,6.246758937835693,6.084506034851074,6.084506034851074,1.8531337976455688,1079
2000-07-05,6.490139961242676,6.490139961242676,6.490139961242676,6.490139961242676,1.9766756296157837,616
2000-07-06,6.490139961242676,6.490139961242676,6.490139961242676,6.490139961242676,1.9766756296157837,0
2000-07-07,6.490139961242676,6.490139961242676,6.490139961242676,6.490139961242676,1.9766756296157837,0
2000-07-10,7.139153957366943,7.139153957366943,6.652392864227295,6.652392864227295,2.0260937213897705,4160
2000-07-11,6.976900100708008,6.976900100708008,6.976900100708008,6.976900100708008,2.1249277591705322,1541
2000-07-12,6.976900100708008,6.976900100708008,6.976900100708008,6.976900100708008,2.1249277591705322,0
2000-07-13,6.530703067779541,6.530703067779541,6.530703067779541,6.530703067779541,1.9890302419662476,308
2000-07-14,7.139153957366943,7.139153957366943,6.530703067779541,6.530703067779541,1.9890302419662476,462
2000-07-17,6.530703067779541,6.530703067779541,6.490139961242676,6.490139961242676,1.9766756296157837,2773
2000-07-18,6.814647197723389,6.976900100708008,6.814647197723389,6.976900100708008,2.1249277591705322,616
2000-07-19,5.841125965118408,6.32788610458374,5.192111968994141,6.32788610458374,1.927259087562561,14329
2000-07-20,6.32788610458374,6.32788610458374,6.32788610458374,6.32788610458374,1.927259087562561,0
2000-07-21,6.32788610458374,6.32788610458374,6.32788610458374,6.32788610458374,1.927259087562561,154
2000-07-24,6.32788610458374,6.32788610458374,6.32788610458374,6.32788610458374,1.927259087562561,0
2000-07-25,6.003378868103027,6.490139961242676,5.841125965118408,5.841125965118408,1.779008388519287,3544
2000-07-26,5.841125965118408,5.841125965118408,5.841125965118408,5.841125965118408,1.779008388519287,0
2000-07-27,6.003378868103027,6.003378868103027,5.841125965118408,5.841125965118408,1.779008388519287,770
2000-07-28,5.841125965118408,5.841125965118408,5.841125965118408,5.841125965118408,1.779008388519287,0
2000-07-31,6.490139961242676,6.490139961242676,5.841125965118408,5.841125965118408,1.779008388519287,924
2000-08-01,5.841125965118408,5.841125965118408,5.841125965118408,5.841125965118408,1.779008388519287,0
2000-08-02,6.32788610458374,6.32788610458374,6.003378868103027,6.003378868103027,1.8284249305725098,1387
2000-08-03,6.490139961242676,6.490139961242676,6.490139961242676,6.490139961242676,1.9766756296157837,154
2000-08-04,6.490139961242676,6.490139961242676,6.490139961242676,6.490139961242676,1.9766756296157837,0
2000-08-07,6.490139961242676,6.490139961242676,6.490139961242676,6.490139961242676,1.9766756296157837,0
2000-08-08,6.003378868103027,6.652392864227295,6.003378868103027,6.003378868103027,1.8284249305725098,462
2000-08-09,6.652392864227295,6.652392864227295,6.652392864227295,6.652392864227295,2.0260937213897705,462
2000-08-10,6.652392864227295,6.652392864227295,6.652392864227295,6.652392864227295,2.0260937213897705,0
2000-08-11,6.003378868103027,6.003378868103027,6.003378868103027,6.003378868103027,1.8284249305725098,154
2000-08-14,6.003378868103027,6.003378868103027,6.003378868103027,6.003378868103027,1.8284249305725098,154
2000-08-15,6.003378868103027,6.003378868103027,6.003378868103027,6.003378868103027,1.8284249305725098,0
2000-08-16,6.652392864227295,6.652392864227295,6.652392864227295,6.652392864227295,2.0260937213897705,308
2000-08-17,6.490139961242676,6.490139961242676,6.490139961242676,6.490139961242676,1.9766756296157837,616
2000-08-18,6.490139961242676,6.490139961242676,6.490139961242676,6.490139961242676,1.9766756296157837,0
2000-08-21,6.490139961242676,6.490139961242676,6.409012794494629,6.409012794494629,1.9519675970077515,15408
2000-08-22,6.409012794494629,6.409012794494629,6.409012794494629,6.409012794494629,1.9519675970077515,0
2000-08-23,6.084506034851074,6.084506034851074,6.084506034851074,6.084506034851074,1.8531337976455688,154
2000-08-24,6.084506034851074,6.084506034851074,6.084506034851074,6.084506034851074,1.8531337976455688,0
2000-08-25,6.084506034851074,6.084506034851074,6.084506034851074,6.084506034851074,1.8531337976455688,0
2000-08-28,6.490139961242676,6.490139961242676,6.490139961242676,6.490139961242676,1.9766756296157837,9245
2000-08-29,6.449575901031494,6.449575901031494,6.449575901031494,6.449575901031494,1.9643220901489258,308
2000-08-30,6.32788610458374,6.32788610458374,6.32788610458374,6.32788610458374,1.9528050422668457,0
2000-08-31,6.32788610458374,6.32788610458374,6.32788610458374,6.32788610458374,1.9528050422668457,0
2000-09-01,6.32788610458374,6.32788610458374,6.32788610458374,6.32788610458374,1.9528050422668457,0
2000-09-05,6.32788610458374,6.490139961242676,6.32788610458374,6.490139961242676,2.002878189086914,5393
2000-09-06,6.368450164794922,6.490139961242676,6.368450164794922,6.490139961242676,2.002878189086914,462
2000-09-07,6.368450164794922,6.490139961242676,6.368450164794922,6.490139961242676,2.002878189086914,2465
2000-09-08,6.490139961242676,6.490139961242676,6.490139961242676,6.490139961242676,2.002878189086914,4776
2000-09-11,6.490139961242676,6.571266174316406,6.490139961242676,6.571266174316406,2.0279126167297363,6317
2000-09-12,6.490139961242676,6.490139961242676,6.490139961242676,6.490139961242676,2.002878189086914,5239
2000-09-13,6.490139961242676,6.490139961242676,6.490139961242676,6.490139961242676,2.002878189086914,3082
2000-09-14,6.490139961242676,6.490139961242676,6.490139961242676,6.490139961242676,2.002878189086914,616
2000-09-15,6.490139961242676,7.139153957366943,6.490139961242676,6.571266174316406,2.0279126167297363,6625
2000-09-18,6.530703067779541,6.976900100708008,6.530703067779541,6.530703067779541,2.0153958797454834,1695
2000-09-19,6.976900100708008,6.976900100708008,6.976900100708008,6.976900100708008,2.1530933380126953,154
2000-09-20,6.976900100708008,7.220280170440674,6.652392864227295,7.139153957366943,2.203165292739868,12943
2000-09-21,7.463661193847656,7.625914096832275,7.463661193847656,7.625914096832275,2.3533802032470703,1079
2000-09-22,7.625914096832275,7.625914096832275,7.625914096832275,7.625914096832275,2.3533802032470703,0
2000-09-25,7.0580267906188965,7.0580267906188965,7.0580267906188965,7.0580267906188965,2.178129196166992,154
2000-09-26,7.0580267906188965,7.0580267906188965,7.0580267906188965,7.0580267906188965,2.178129196166992,308
2000-09-27,7.0580267906188965,7.0580267906188965,7.0580267906188965,7.0580267906188965,2.178129196166992,0
2000-09-28,7.139153957366943,7.139153957366943,7.139153957366943,7.139153957366943,2.203165292739868,308
2000-09-29,7.788167953491211,7.788167953491211,7.788167953491211,7.788167953491211,2.4034523963928223,154
2000-10-02,7.788167953491211,7.788167953491211,7.788167953491211,7.788167953491211,2.4034523963928223,0
2000-10-03,7.788167953491211,7.788167953491211,6.733520030975342,7.139153957366943,2.203165292739868,13405
2000-10-04,7.139153957366943,7.139153957366943,7.139153957366943,7.139153957366943,2.203165292739868,0
2000-10-05,7.139153957366943,7.139153957366943,7.139153957366943,7.139153957366943,2.203165292739868,0
2000-10-06,7.139153957366943,7.139153957366943,7.139153957366943,7.139153957366943,2.203165292739868,0
2000-10-09,7.0580267906188965,7.0580267906188965,7.0580267906188965,7.0580267906188965,2.178129196166992,1233
2000-10-10,7.0580267906188965,7.0580267906188965,7.0580267906188965,7.0580267906188965,2.178129196166992,0
2000-10-11,7.0580267906188965,7.0580267906188965,7.0580267906188965,7.0580267906188965,2.178129196166992,154
2000-10-12,7.3014068603515625,7.3014068603515625,7.3014068603515625,7.3014068603515625,2.253237009048462,4160
2000-10-13,7.3014068603515625,7.3014068603515625,7.3014068603515625,7.3014068603515625,2.253237009048462,0
2000-10-16,7.3014068603515625,7.3014068603515625,7.3014068603515625,7.3014068603515625,2.253237009048462,0
2000-10-17,7.3014068603515625,7.3014068603515625,7.3014068603515625,7.3014068603515625,2.253237009048462,0
2000-10-18,7.3014068603515625,7.3014068603515625,7.3014068603515625,7.3014068603515625,2.253237009048462,0
2000-10-19,7.5447869300842285,7.5447869300842285,7.5447869300842285,7.5447869300842285,2.3283450603485107,308
2000-10-20,7.5447869300842285,7.788167953491211,7.5447869300842285,7.788167953491211,2.4034523963928223,5085
2000-10-23,7.0580267906188965,7.0580267906188965,7.0580267906188965,7.0580267906188965,2.178129196166992,154
2000-10-24,7.869294166564941,7.869294166564941,7.869294166564941,7.869294166564941,2.428487539291382,154
2000-10-25,7.869294166564941,7.869294166564941,7.869294166564941,7.869294166564941,2.428487539291382,0
2000-10-26,7.869294166564941,7.869294166564941,7.869294166564941,7.869294166564941,2.428487539291382,0
2000-10-27,7.139153957366943,7.139153957366943,6.652392864227295,6.652392864227295,2.052949905395508,34206
2000-10-30,6.652392864227295,6.652392864227295,6.652392864227295,6.652392864227295,2.052949905395508,0
2000-10-31,6.733520030975342,7.139153957366943,6.733520030975342,7.139153957366943,2.203165292739868,924
2000-11-01,6.652392864227295,6.652392864227295,6.652392864227295,6.652392864227295,2.052949905395508,154
2000-11-02,6.652392864227295,6.652392864227295,6.652392864227295,6.652392864227295,2.052949905395508,0
2000-11-03,6.652392864227295,6.652392864227295,6.652392864227295,6.652392864227295,2.052949905395508,0
2000-11-06,6.652392864227295,6.652392864227295,6.652392864227295,6.652392864227295,2.052949905395508,924
2000-11-07,6.652392864227295,6.652392864227295,6.652392864227295,6.652392864227295,2.052949905395508,3698
2000-11-08,6.652392864227295,6.652392864227295,6.652392864227295,6.652392864227295,2.052949905395508,0
2000-11-09,6.652392864227295,6.652392864227295,6.652392864227295,6.652392864227295,2.052949905395508,0
2000-11-10,6.652392864227295,6.652392864227295,6.652392864227295,6.652392864227295,2.052949905395508,0
2000-11-13,6.814647197723389,6.814647197723389,6.652392864227295,6.652392864227295,2.052949905395508,924
2000-11-14,6.652392864227295,6.652392864227295,6.652392864227295,6.652392864227295,2.052949905395508,0
2000-11-15,6.652392864227295,6.652392864227295,6.571266174316406,6.571266174316406,2.0279126167297363,1233
2000-11-16,6.571266174316406,6.571266174316406,6.571266174316406,6.571266174316406,2.0279126167297363,0
2000-11-17,7.625914096832275,7.625914096832275,7.625914096832275,7.625914096832275,2.3533802032470703,308
2000-11-20,7.625914096832275,7.625914096832275,7.625914096832275,7.625914096832275,2.3533802032470703,616
2000-11-21,7.625914096832275,7.625914096832275,7.625914096832275,7.625914096832275,2.3533802032470703,0
2000-11-22,6.652392864227295,6.652392864227295,6.652392864227295,6.652392864227295,2.052949905395508,1233
2000-11-24,6.652392864227295,6.652392864227295,6.652392864227295,6.652392864227295,2.052949905395508,0
2000-11-27,7.463661193847656,7.463661193847656,7.463661193847656,7.463661193847656,2.3033087253570557,308
2000-11-28,7.139153957366943,7.139153957366943,7.139153957366943,7.139153957366943,2.203165292739868,616
2000-11-29,7.027604103088379,7.027604103088379,7.027604103088379,7.027604103088379,2.195991277694702,0
2000-11-30,8.007209777832031,8.007209777832031,8.007209777832031,8.007209777832031,2.502098560333252,293
2000-12-01,8.007209777832031,8.007209777832031,8.007209777832031,8.007209777832031,2.502098560333252,0
2000-12-04,8.007209777832031,8.007209777832031,8.007209777832031,8.007209777832031,2.502098560333252,147
2000-12-05,8.007209777832031,8.007209777832031,8.007209777832031,8.007209777832031,2.502098560333252,0
2000-12-06,8.007209777832031,8.007209777832031,8.007209777832031,8.007209777832031,2.502098560333252,0
2000-12-07,8.007209777832031,8.007209777832031,8.007209777832031,8.007209777832031,2.502098560333252,0
2000-12-08,6.985013008117676,6.985013008117676,6.985013008117676,6.985013008117676,2.182681083679199,293
2000-12-11,6.985013008117676,6.985013008117676,6.985013008117676,6.985013008117676,2.182681083679199,0
2000-12-12,7.155378818511963,7.155378818511963,7.155378818511963,7.155378818511963,2.2359182834625244,293
2000-12-13,7.155378818511963,7.155378818511963,7.155378818511963,7.155378818511963,2.2359182834625244,0
2000-12-14,7.155378818511963,7.155378818511963,7.155378818511963,7.155378818511963,2.2359182834625244,0
2000-12-15,6.985013008117676,7.325745105743408,6.388731002807617,7.325745105743408,2.289153814315796,7631
2000-12-18,6.644280910491943,6.644280910491943,6.644280910491943,6.644280910491943,2.0762085914611816,293
2000-12-19,7.112788200378418,7.112788200378418,7.112788200378418,7.112788200378418,2.222609043121338,147
2000-12-20,7.581294059753418,7.836843967437744,7.496110916137695,7.496110916137695,2.342390298843384,8364
2000-12-21,7.836843967437744,7.836843967437744,7.027604103088379,7.027604103088379,2.195991277694702,3082
2000-12-22,7.666478157043457,7.666478157043457,7.666478157043457,7.666478157043457,2.395627021789551,587
2000-12-26,7.2405619621276855,7.2405619621276855,7.2405619621276855,7.2405619621276855,2.2625362873077393,293
2000-12-27,7.2405619621276855,7.2405619621276855,7.2405619621276855,7.2405619621276855,2.2625362873077393,880
2000-12-28,7.325745105743408,7.325745105743408,7.325745105743408,7.325745105743408,2.289153814315796,293
2000-12-29,8.51830768585205,8.51830768585205,8.51830768585205,8.51830768585205,2.661806583404541,440
2001-01-02,8.51830768585205,8.51830768585205,8.51830768585205,8.51830768585205,2.661806583404541,0
2001-01-03,8.51830768585205,8.688674926757812,8.51830768585205,8.688674926757812,2.7150425910949707,587
2001-01-04,8.859041213989258,8.859041213989258,8.177576065063477,8.177576065063477,2.55533504486084,2641
2001-01-05,7.836843967437744,8.859041213989258,7.836843967437744,8.859041213989258,2.768279552459717,2201
2001-01-08,8.859041213989258,8.859041213989258,8.859041213989258,8.859041213989258,2.768279552459717,147
2001-01-09,8.859041213989258,8.859041213989258,8.859041213989258,8.859041213989258,2.768279552459717,0
2001-01-10,8.859041213989258,8.859041213989258,8.859041213989258,8.859041213989258,2.768279552459717,0
2001-01-11,8.859041213989258,8.859041213989258,8.859041213989258,8.859041213989258,2.768279552459717,0
2001-01-12,8.347942352294922,8.859041213989258,8.177576065063477,8.347942352294922,2.6085710525512695,8805
2001-01-16,7.325745105743408,7.325745105743408,7.325745105743408,7.325745105743408,2.289153814315796,880
2001-01-17,7.325745105743408,7.325745105743408,7.325745105743408,7.325745105743408,2.289153814315796,0
2001-01-18,7.155378818511963,7.155378818511963,7.155378818511963,7.155378818511963,2.2359182834625244,14674
2001-01-19,7.581294059753418,8.177576065063477,7.325745105743408,7.325745105743408,2.289153814315796,17462
2001-01-22,7.325745105743408,7.325745105743408,7.325745105743408,7.325745105743408,2.289153814315796,0
2001-01-23,7.325745105743408,7.836843967437744,7.325745105743408,7.836843967437744,2.4488625526428223,6016
2001-01-24,7.836843967437744,7.836843967437744,7.836843967437744,7.836843967437744,2.4488625526428223,0
2001-01-25,7.496110916137695,7.496110916137695,7.496110916137695,7.496110916137695,2.342390298843384,587
2001-01-26,7.496110916137695,7.496110916137695,7.496110916137695,7.496110916137695,2.342390298843384,0
2001-01-29,8.007209777832031,8.007209777832031,8.007209777832031,8.007209777832031,2.502098560333252,880
2001-01-30,7.496110916137695,7.496110916137695,7.496110916137695,7.496110916137695,2.342390298843384,1908
2001-01-31,7.496110916137695,7.496110916137695,7.496110916137695,7.496110916137695,2.342390298843384,0
2001-02-01,7.325745105743408,7.325745105743408,6.985013008117676,6.985013008117676,2.182681083679199,2495
2001-02-02,7.325745105743408,7.410927772521973,7.325745105743408,7.410927772521973,2.3157715797424316,13207
2001-02-05,7.410927772521973,7.410927772521973,7.410927772521973,7.410927772521973,2.3157715797424316,0
2001-02-06,7.155378818511963,7.155378818511963,7.155378818511963,7.155378818511963,2.2359182834625244,5283
2001-02-07,7.155378818511963,7.155378818511963,7.155378818511963,7.155378818511963,2.2359182834625244,0
2001-02-08,7.155378818511963,7.155378818511963,7.155378818511963,7.155378818511963,2.2359182834625244,0
2001-02-09,7.496110916137695,7.496110916137695,7.496110916137695,7.496110916137695,2.342390298843384,293
2001-02-12,7.496110916137695,7.496110916137695,7.496110916137695,7.496110916137695,2.342390298843384,0
2001-02-13,7.496110916137695,7.496110916137695,7.496110916137695,7.496110916137695,2.342390298843384,0
2001-02-14,7.155378818511963,7.155378818511963,7.155378818511963,7.155378818511963,2.2359182834625244,2348
2001-02-15,7.155378818511963,7.155378818511963,7.155378818511963,7.155378818511963,2.2359182834625244,1174
2001-02-16,7.155378818511963,7.155378818511963,7.155378818511963,7.155378818511963,2.2359182834625244,0
2001-02-20,7.155378818511963,7.155378818511963,7.155378818511963,7.155378818511963,2.2359182834625244,17316
2001-02-21,7.2405619621276855,7.325745105743408,7.2405619621276855,7.2405619621276855,2.2625362873077393,8364
2001-02-22,7.070196151733398,7.325745105743408,7.070196151733398,7.325745105743408,2.289153814315796,11886
2001-02-23,7.325745105743408,7.325745105743408,7.325745105743408,7.325745105743408,2.289153814315796,0
2001-02-26,7.155378818511963,7.155378818511963,7.155378818511963,7.155378818511963,2.2359182834625244,880
2001-02-27,7.325745105743408,7.325745105743408,7.325745105743408,7.325745105743408,2.289153814315796,440
2001-02-28,7.325745105743408,7.325745105743408,7.325745105743408,7.325745105743408,2.289153814315796,0
2001-03-01,7.325745105743408,7.325745105743408,7.325745105743408,7.325745105743408,2.289153814315796,0
2001-03-02,7.155378818511963,7.325745105743408,7.155378818511963,7.325745105743408,2.289153814315796,2495
2001-03-05,6.985013008117676,6.985013008117676,6.985013008117676,6.985013008117676,2.2093987464904785,3815
2001-03-06,6.985013008117676,7.325745105743408,6.985013008117676,7.325745105743408,2.3171746730804443,2935
2001-03-07,6.985013008117676,6.985013008117676,6.985013008117676,6.985013008117676,2.2093987464904785,147
2001-03-08,7.325745105743408,7.325745105743408,7.325745105743408,7.325745105743408,2.3171746730804443,440
2001-03-09,7.325745105743408,7.325745105743408,7.325745105743408,7.325745105743408,2.3171746730804443,0
2001-03-12,7.325745105743408,7.325745105743408,7.070196151733398,7.070196151733398,2.2363440990448,4256
2001-03-13,7.070196151733398,7.070196151733398,7.070196151733398,7.070196151733398,2.2363440990448,0
2001-03-14,6.985013008117676,6.985013008117676,6.985013008117676,6.985013008117676,2.2093987464904785,147
2001-03-15,6.985013008117676,7.155378818511963,6.985013008117676,7.155378818511963,2.2632875442504883,6457
2001-03-16,6.644280910491943,7.155378818511963,6.644280910491943,6.985013008117676,2.2093987464904785,4989
2001-03-19,7.155378818511963,7.155378818511963,6.814647197723389,6.814647197723389,2.1555116176605225,1908
2001-03-20,7.155378818511963,7.155378818511963,7.155378818511963,7.155378818511963,2.2632875442504883,6457
2001-03-21,7.325745105743408,7.325745105743408,7.155378818511963,7.283154010772705,2.303704023361206,13941
2001-03-22,7.070196151733398,7.070196151733398,7.070196151733398,7.070196151733398,2.2363440990448,293
2001-03-23,7.325745105743408,7.325745105743408,7.325745105743408,7.325745105743408,2.3171746730804443,147
2001-03-26,7.325745105743408,7.325745105743408,7.325745105743408,7.325745105743408,2.3171746730804443,0
2001-03-27,7.070196151733398,7.325745105743408,7.070196151733398,7.325745105743408,2.3171746730804443,1467
2001-03-28,7.2405619621276855,7.2405619621276855,7.2405619621276855,7.2405619621276855,2.290231704711914,147
2001-03-29,7.2405619621276855,7.2405619621276855,7.2405619621276855,7.2405619621276855,2.290231704711914,0
2001-03-30,7.2405619621276855,7.2405619621276855,7.2405619621276855,7.2405619621276855,2.290231704711914,0
2001-04-02,7.325745105743408,7.325745105743408,7.325745105743408,7.325745105743408,2.3171746730804443,440
2001-04-03,7.325745105743408,7.325745105743408,7.325745105743408,7.325745105743408,2.3171746730804443,0
2001-04-04,7.155378818511963,7.155378818511963,7.155378818511963,7.155378818511963,2.2632875442504883,293
2001-04-05,7.155378818511963,7.155378818511963,7.155378818511963,7.155378818511963,2.2632875442504883,1467
2001-04-06,7.155378818511963,7.155378818511963,7.155378818511963,7.155378818511963,2.2632875442504883,0
2001-04-09,7.155378818511963,7.155378818511963,7.155378818511963,7.155378818511963,2.2632875442504883,3375
2001-04-10,7.155378818511963,7.155378818511963,7.155378818511963,7.155378818511963,2.2632875442504883,0
2001-04-11,7.2235260009765625,7.2235260009765625,7.2235260009765625,7.2235260009765625,2.2848424911499023,1467
2001-04-12,7.2235260009765625,7.2235260009765625,7.2235260009765625,7.2235260009765625,2.2848424911499023,1467
2001-04-16,7.2235260009765625,7.2235260009765625,7.2235260009765625,7.2235260009765625,2.2848424911499023,440
2001-04-17,7.257598876953125,7.257598876953125,7.257598876953125,7.257598876953125,2.2956197261810303,1027
2001-04-18,7.257598876953125,7.257598876953125,7.087233066558838,7.2235260009765625,2.2848424911499023,4402
2001-04-19,7.2235260009765625,7.2235260009765625,7.2235260009765625,7.2235260009765625,2.2848424911499023,0
2001-04-20,7.359817981719971,7.359817981719971,7.325745105743408,7.325745105743408,2.3171746730804443,8805
2001-04-23,7.325745105743408,7.325745105743408,7.325745105743408,7.325745105743408,2.3171746730804443,0
2001-04-24,7.325745105743408,7.325745105743408,7.325745105743408,7.325745105743408,2.3171746730804443,0
2001-04-25,7.325745105743408,7.325745105743408,7.325745105743408,7.325745105743408,2.3171746730804443,0
2001-04-26,7.325745105743408,7.325745105743408,7.325745105743408,7.325745105743408,2.3171746730804443,147
2001-04-27,7.325745105743408,7.325745105743408,7.325745105743408,7.325745105743408,2.3171746730804443,293
2001-04-30,7.325745105743408,7.325745105743408,7.325745105743408,7.325745105743408,2.3171746730804443,0
2001-05-01,7.2235260009765625,7.2235260009765625,7.2235260009765625,7.2235260009765625,2.2848424911499023,587
2001-05-02,7.257598876953125,7.7005510330200195,7.257598876953125,7.257598876953125,2.2956197261810303,1761
2001-05-03,7.257598876953125,7.257598876953125,7.257598876953125,7.257598876953125,2.2956197261810303,0
2001-05-04,7.257598876953125,7.257598876953125,7.257598876953125,7.257598876953125,2.2956197261810303,0
2001-05-07,7.63240385055542,7.63240385055542,7.2235260009765625,7.2235260009765625,2.2848424911499023,880
2001-05-08,7.325745105743408,7.325745105743408,7.325745105743408,7.325745105743408,2.3171746730804443,293
2001-05-09,7.2235260009765625,7.2235260009765625,7.2235260009765625,7.2235260009765625,2.2848424911499023,440
2001-05-10,7.2235260009765625,7.2235260009765625,7.2235260009765625,7.2235260009765625,2.2848424911499023,0
2001-05-11,6.882792949676514,6.882792949676514,6.882792949676514,6.882792949676514,2.177067279815674,880
2001-05-14,7.42796516418457,7.42796516418457,7.42796516418457,7.42796516418457,2.349508047103882,293
2001-05-15,6.678353786468506,6.678353786468506,6.678353786468506,6.678353786468506,2.1124019622802734,1174
2001-05-16,7.63240385055542,7.63240385055542,7.63240385055542,7.63240385055542,2.4141738414764404,147
2001-05-17,7.63240385055542,7.63240385055542,7.63240385055542,7.63240385055542,2.4141738414764404,0
2001-05-18,7.63240385055542,7.63240385055542,7.63240385055542,7.63240385055542,2.4141738414764404,0
2001-05-21,7.7686967849731445,7.7686967849731445,7.7686967849731445,7.7686967849731445,2.4572839736938477,293
2001-05-22,7.496110916137695,7.496110916137695,7.496110916137695,7.496110916137695,2.371062755584717,880
2001-05-23,7.496110916137695,7.496110916137695,7.496110916137695,7.496110916137695,2.371062755584717,0
2001-05-24,7.496110916137695,7.496110916137695,7.496110916137695,7.496110916137695,2.371062755584717,0
2001-05-25,7.496110916137695,7.496110916137695,7.496110916137695,7.496110916137695,2.371062755584717,0
2001-05-29,7.496110916137695,7.496110916137695,7.496110916137695,7.496110916137695,2.371062755584717,293
2001-05-30,7.407520771026611,7.407520771026611,7.407520771026611,7.407520771026611,2.371063709259033,0
2001-05-31,7.496110916137695,7.496110916137695,7.496110916137695,7.496110916137695,2.399419069290161,293
2001-06-01,7.496110916137695,7.496110916137695,7.496110916137695,7.496110916137695,2.399419069290161,587
2001-06-04,7.496110916137695,7.496110916137695,7.496110916137695,7.496110916137695,2.399419069290161,0
2001-06-05,7.155378818511963,7.155378818511963,7.155378818511963,7.155378818511963,2.2903552055358887,147
2001-06-06,7.496110916137695,7.666478157043457,7.496110916137695,7.666478157043457,2.4539525508880615,1321
2001-06-07,7.666478157043457,7.666478157043457,7.666478157043457,7.666478157043457,2.4539525508880615,0
2001-06-08,7.666478157043457,7.666478157043457,7.666478157043457,7.666478157043457,2.4539525508880615,2935
2001-06-11,7.666478157043457,7.666478157043457,7.666478157043457,7.666478157043457,2.4539525508880615,0
2001-06-12,7.666478157043457,7.666478157043457,7.666478157043457,7.666478157043457,2.4539525508880615,0
2001-06-13,8.177576065063477,8.177576065063477,8.177576065063477,8.177576065063477,2.6175496578216553,587
2001-06-14,8.177576065063477,8.31386947631836,8.177576065063477,8.31386947631836,2.6611745357513428,3669
2001-06-15,8.688674926757812,8.859041213989258,8.688674926757812,8.824968338012695,2.8247711658477783,3082
2001-06-18,8.347942352294922,8.347942352294922,8.347942352294922,8.347942352294922,2.672081708908081,293
2001-06-19,8.31386947631836,8.347942352294922,8.31386947631836,8.347942352294922,2.672081708908081,587
2001-06-20,8.347942352294922,8.859041213989258,8.347942352294922,8.7908935546875,2.8138656616210938,1174
2001-06-21,8.7908935546875,8.7908935546875,8.7908935546875,8.7908935546875,2.8138656616210938,0
2001-06-22,9.16569995880127,9.16569995880127,9.16569995880127,9.16569995880127,2.933835983276367,293
2001-06-25,9.131627082824707,9.131627082824707,9.131627082824707,9.131627082824707,2.9229302406311035,7044
2001-06-26,9.131627082824707,9.131627082824707,9.131627082824707,9.131627082824707,2.9229302406311035,0
2001-06-27,9.131627082824707,9.131627082824707,9.131627082824707,9.131627082824707,2.9229302406311035,0
2001-06-28,9.131627082824707,9.131627082824707,9.131627082824707,9.131627082824707,2.9229302406311035,0
2001-06-29,9.131627082824707,9.131627082824707,9.131627082824707,9.131627082824707,2.9229302406311035,0
2001-07-02,8.7908935546875,8.7908935546875,8.51830768585205,8.51830768585205,2.7266128063201904,2054
2001-07-03,8.51830768585205,8.51830768585205,8.51830768585205,8.51830768585205,2.7266128063201904,0
2001-07-05,8.51830768585205,8.51830768585205,8.51830768585205,8.51830768585205,2.7266128063201904,0
2001-07-06,8.51830768585205,8.51830768585205,8.51830768585205,8.51830768585205,2.7266128063201904,2201
2001-07-09,8.51830768585205,8.51830768585205,8.51830768585205,8.51830768585205,2.7266128063201904,0
2001-07-10,8.688674926757812,8.688674926757812,8.382015228271484,8.382015228271484,2.682988166809082,2641
2001-07-11,9.097553253173828,9.097553253173828,9.097553253173828,9.097553253173828,2.9120230674743652,440
2001-07-12,9.097553253173828,9.097553253173828,9.097553253173828,9.097553253173828,2.9120230674743652,0
2001-07-13,9.097553253173828,9.097553253173828,9.097553253173828,9.097553253173828,2.9120230674743652,0
2001-07-16,9.097553253173828,9.097553253173828,9.097553253173828,9.097553253173828,2.9120230674743652,0
2001-07-17,8.859041213989258,8.859041213989258,8.859041213989258,8.859041213989258,2.8356785774230957,440
2001-07-18,8.859041213989258,8.859041213989258,8.859041213989258,8.859041213989258,2.8356785774230957,0
2001-07-19,8.859041213989258,8.859041213989258,8.859041213989258,8.859041213989258,2.8356785774230957,0
2001-07-20,8.859041213989258,8.859041213989258,8.859041213989258,8.859041213989258,2.8356785774230957,0
2001-07-23,8.859041213989258,8.859041213989258,8.859041213989258,8.859041213989258,2.8356785774230957,0
2001-07-24,8.859041213989258,8.859041213989258,8.859041213989258,8.859041213989258,2.8356785774230957,0
2001-07-25,8.859041213989258,8.859041213989258,8.859041213989258,8.859041213989258,2.8356785774230957,0
2001-07-26,8.859041213989258,8.859041213989258,8.859041213989258,8.859041213989258,2.8356785774230957,0
2001-07-27,8.859041213989258,8.859041213989258,8.859041213989258,8.859041213989258,2.8356785774230957,0
2001-07-30,8.859041213989258,8.859041213989258,8.859041213989258,8.859041213989258,2.8356785774230957,0
2001-07-31,8.859041213989258,8.859041213989258,8.859041213989258,8.859041213989258,2.8356785774230957,0
2001-08-01,8.859041213989258,8.859041213989258,8.859041213989258,8.859041213989258,2.8356785774230957,0
2001-08-02,8.859041213989258,8.859041213989258,8.859041213989258,8.859041213989258,2.8356785774230957,0
2001-08-03,8.177576065063477,8.177576065063477,8.177576065063477,8.177576065063477,2.6175496578216553,147
2001-08-06,8.177576065063477,8.177576065063477,8.177576065063477,8.177576065063477,2.6175496578216553,0
2001-08-07,8.177576065063477,8.177576065063477,8.177576065063477,8.177576065063477,2.6175496578216553,0
2001-08-08,8.51830768585205,8.51830768585205,8.51830768585205,8.51830768585205,2.7266128063201904,1614
2001-08-09,9.199772834777832,9.199772834777832,8.450161933898926,8.450161933898926,2.7048003673553467,4696
2001-08-10,9.16569995880127,9.16569995880127,9.16569995880127,9.16569995880127,2.933835983276367,587
2001-08-13,8.51830768585205,9.520060539245605,8.51830768585205,9.199772834777832,2.9447431564331055,6603
2001-08-14,8.51830768585205,8.586455345153809,8.51830768585205,8.586455345153809,2.748427391052246,2054
2001-08-15,8.586455345153809,8.586455345153809,8.586455345153809,8.586455345153809,2.748427391052246,0
2001-08-16,8.586455345153809,8.586455345153809,8.586455345153809,8.586455345153809,2.748427391052246,0
2001-08-17,8.586455345153809,8.586455345153809,8.586455345153809,8.586455345153809,2.748427391052246,0
2001-08-20,8.586455345153809,8.586455345153809,8.586455345153809,8.586455345153809,2.748427391052246,0
2001-08-21,8.586455345153809,8.586455345153809,8.586455345153809,8.586455345153809,2.748427391052246,734
2001-08-22,8.51830768585205,8.51830768585205,8.347942352294922,8.347942352294922,2.672081708908081,4256
2001-08-23,8.51830768585205,8.824968338012695,8.51830768585205,8.824968338012695,2.8247711658477783,1174
2001-08-24,8.824968338012695,8.824968338012695,8.586455345153809,8.586455345153809,2.748427391052246,8951
2001-08-27,8.824968338012695,8.824968338012695,8.27979564666748,8.824968338012695,2.8247711658477783,6603
2001-08-28,8.51830768585205,8.51830768585205,8.51830768585205,8.51830768585205,2.7266128063201904,147
2001-08-29,8.824968338012695,8.859041213989258,8.824968338012695,8.859041213989258,2.865478754043579,4256
2001-08-30,8.859041213989258,8.859041213989258,8.859041213989258,8.859041213989258,2.865478754043579,1761
2001-08-31,8.177576065063477,8.177576065063477,7.925434112548828,8.177576065063477,2.645057439804077,2054
2001-09-04,8.177576065063477,8.177576065063477,8.177576065063477,8.177576065063477,2.645057439804077,0
2001-09-05,8.177576065063477,8.177576065063477,8.177576065063477,8.177576065063477,2.645057439804077,293
2001-09-06,8.177576065063477,8.177576065063477,8.177576065063477,8.177576065063477,2.645057439804077,0
2001-09-07,8.177576065063477,8.177576065063477,8.177576065063477,8.177576065063477,2.645057439804077,0
2001-09-10,8.177576065063477,8.859041213989258,8.177576065063477,8.859041213989258,2.865478754043579,880
2001-09-17,9.438285827636719,9.438285827636719,8.51830768585205,8.859041213989258,2.865478754043579,3082
2001-09-18,9.199772834777832,9.199772834777832,9.199772834777832,9.199772834777832,2.975689172744751,293
2001-09-19,9.438285827636719,9.676797866821289,9.438285827636719,9.438285827636719,3.0528361797332764,3375
2001-09-20,9.5541353225708,9.5541353225708,9.438285827636719,9.540505409240723,3.0858993530273438,4696
2001-09-21,9.84716510772705,9.84716510772705,9.097553253173828,9.370139122009277,3.0307934284210205,7631
2001-09-24,9.540505409240723,9.540505409240723,8.927186965942383,8.927186965942383,2.8875198364257812,3082
2001-09-25,8.927186965942383,8.927186965942383,8.927186965942383,8.927186965942383,2.8875198364257812,1908
2001-09-26,8.927186965942383,8.927186965942383,8.927186965942383,8.927186965942383,2.8875198364257812,0
2001-09-27,8.927186965942383,8.927186965942383,8.927186965942383,8.927186965942383,2.8875198364257812,0
2001-09-28,9.40421199798584,9.40421199798584,9.40421199798584,9.40421199798584,3.0418155193328857,147
2001-10-01,9.40421199798584,9.40421199798584,9.40421199798584,9.40421199798584,3.0418155193328857,0
2001-10-02,9.40421199798584,9.40421199798584,9.40421199798584,9.40421199798584,3.0418155193328857,0
2001-10-03,9.40421199798584,9.40421199798584,9.40421199798584,9.40421199798584,3.0418155193328857,0
2001-10-04,9.40421199798584,9.40421199798584,9.40421199798584,9.40421199798584,3.0418155193328857,0
2001-10-05,9.199772834777832,9.199772834777832,9.029406547546387,9.097553253173828,2.9426283836364746,1321
2001-10-08,8.995333671569824,8.995333671569824,8.927186965942383,8.927186965942383,2.8875198364257812,734
2001-10-09,9.199772834777832,9.199772834777832,9.199772834777832,9.199772834777832,2.975689172744751,587
2001-10-10,9.199772834777832,9.199772834777832,9.199772834777832,9.199772834777832,2.975689172744751,0
2001-10-11,8.859041213989258,8.859041213989258,8.586455345153809,8.586455345153809,2.777310371398926,734
2001-10-12,8.586455345153809,8.586455345153809,8.586455345153809,8.586455345153809,2.777310371398926,147
2001-10-15,8.552382469177246,8.552382469177246,8.552382469177246,8.552382469177246,2.7662901878356934,293
2001-10-16,8.859041213989258,8.859041213989258,8.859041213989258,8.859041213989258,2.865478754043579,293
2001-10-17,8.859041213989258,8.859041213989258,8.859041213989258,8.859041213989258,2.865478754043579,0
2001-10-18,8.824968338012695,8.824968338012695,8.824968338012695,8.824968338012695,2.8544576168060303,734
2001-10-19,8.824968338012695,8.824968338012695,8.824968338012695,8.824968338012695,2.8544576168060303,0
2001-10-22,8.824968338012695,8.824968338012695,8.824968338012695,8.824968338012695,2.8544576168060303,0
2001-10-23,8.586455345153809,8.586455345153809,8.586455345153809,8.586455345153809,2.777310371398926,293
2001-10-24,8.586455345153809,8.586455345153809,8.586455345153809,8.586455345153809,2.777310371398926,0
2001-10-25,8.586455345153809,8.586455345153809,8.586455345153809,8.586455345153809,2.777310371398926,293
2001-10-26,8.559196472167969,8.824968338012695,8.559196472167969,8.824968338012695,2.8544576168060303,587
2001-10-29,8.559196472167969,8.559196472167969,8.559196472167969,8.559196472167969,2.76849365234375,880
2001-10-30,8.559196472167969,8.559196472167969,8.484234809875488,8.484234809875488,2.744245767593384,4402
2001-10-31,8.484234809875488,8.484234809875488,8.484234809875488,8.484234809875488,2.744245767593384,0
2001-11-01,8.484234809875488,8.484234809875488,8.484234809875488,8.484234809875488,2.744245767593384,0
2001-11-02,8.484234809875488,8.484234809875488,8.484234809875488,8.484234809875488,2.744245767593384,0
2001-11-05,8.859041213989258,8.859041213989258,8.859041213989258,8.859041213989258,2.865478754043579,1467
2001-11-06,8.51830768585205,8.51830768585205,8.51830768585205,8.51830768585205,2.75526762008667,293
2001-11-07,8.51830768585205,8.51830768585205,8.51830768585205,8.51830768585205,2.75526762008667,0
2001-11-08,8.51830768585205,8.51830768585205,8.51830768585205,8.51830768585205,2.75526762008667,0
2001-11-09,8.51830768585205,8.51830768585205,8.51830768585205,8.51830768585205,2.75526762008667,0
2001-11-12,8.51830768585205,8.51830768585205,8.51830768585205,8.51830768585205,2.75526762008667,0
2001-11-13,8.51830768585205,8.51830768585205,8.51830768585205,8.51830768585205,2.75526762008667,0
2001-11-14,8.51830768585205,8.51830768585205,8.51830768585205,8.51830768585205,2.75526762008667,0
2001-11-15,8.859041213989258,8.859041213989258,8.859041213989258,8.859041213989258,2.865478754043579,587
2001-11-16,8.688674926757812,8.688674926757812,8.688674926757812,8.688674926757812,2.8103740215301514,734
2001-11-19,8.688674926757812,8.688674926757812,8.688674926757812,8.688674926757812,2.8103740215301514,0
2001-11-20,8.688674926757812,8.688674926757812,8.688674926757812,8.688674926757812,2.8103740215301514,0
2001-11-21,8.859041213989258,8.859041213989258,8.859041213989258,8.859041213989258,2.865478754043579,587
2001-11-23,8.859041213989258,8.859041213989258,8.859041213989258,8.859041213989258,2.865478754043579,1174
2001-11-26,8.484234809875488,8.859041213989258,8.484234809875488,8.859041213989258,2.865478754043579,1908
2001-11-27,8.859041213989258,8.859041213989258,8.859041213989258,8.859041213989258,2.865478754043579,293
2001-11-28,8.859041213989258,9.710871696472168,8.859041213989258,9.370139122009277,3.0307934284210205,3375
2001-11-29,9.280527114868164,9.280527114868164,9.280527114868164,9.280527114868164,3.031907796859741,0
2001-11-30,10.017531394958496,10.017531394958496,10.017531394958496,10.017531394958496,3.2726857662200928,419
2001-12-03,9.301993370056152,9.301993370056152,9.301993370056152,9.301993370056152,3.0389208793640137,839
2001-12-04,8.94422435760498,8.94422435760498,8.94422435760498,8.94422435760498,2.922039747238159,559
2001-12-05,8.94422435760498,8.94422435760498,8.94422435760498,8.94422435760498,2.922039747238159,0
2001-12-06,8.94422435760498,8.94422435760498,8.94422435760498,8.94422435760498,2.922039747238159,0
2001-12-07,8.94422435760498,8.94422435760498,8.94422435760498,8.94422435760498,2.922039747238159,0
2001-12-10,8.94422435760498,8.94422435760498,8.94422435760498,8.94422435760498,2.922039747238159,0
2001-12-11,8.94422435760498,8.94422435760498,8.94422435760498,8.94422435760498,2.922039747238159,0
2001-12-12,10.017531394958496,10.017531394958496,10.017531394958496,10.017531394958496,3.2726857662200928,280
2001-12-13,9.480876922607422,9.480876922607422,9.480876922607422,9.480876922607422,3.097362756729126,699
2001-12-14,9.373546600341797,9.373546600341797,9.373546600341797,9.373546600341797,3.0622971057891846,3354
2001-12-17,9.445099830627441,10.017531394958496,9.445099830627441,10.017531394958496,3.2726857662200928,1537
2001-12-18,9.588208198547363,9.588208198547363,9.588208198547363,9.588208198547363,3.1324245929718018,140
2001-12-19,9.588208198547363,9.588208198547363,9.588208198547363,9.588208198547363,3.1324245929718018,0
2001-12-20,9.445099830627441,9.731315612792969,9.387857437133789,9.387857437133789,3.066973924636841,9643
2001-12-21,9.659762382507324,9.659762382507324,9.652606010437012,9.652606010437012,3.1534652709960938,280
2001-12-24,9.301993370056152,9.301993370056152,9.12310791015625,9.12310791015625,2.9804794788360596,280
2001-12-26,9.301993370056152,9.301993370056152,9.301993370056152,9.301993370056152,3.0389208793640137,559
2001-12-27,9.301993370056152,9.301993370056152,9.301993370056152,9.301993370056152,3.0389208793640137,0
2001-12-28,9.301993370056152,9.301993370056152,8.94422435760498,9.301993370056152,3.0389208793640137,4053
2001-12-31,9.12310791015625,9.945977210998535,9.12310791015625,9.945977210998535,3.249307632446289,1537
2002-01-02,9.945977210998535,9.945977210998535,9.917354583740234,9.917354583740234,3.239957571029663,699
2002-01-03,9.917354583740234,9.917354583740234,9.917354583740234,9.917354583740234,3.239957571029663,0
2002-01-04,9.917354583740234,9.917354583740234,9.917354583740234,9.917354583740234,3.239957571029663,0
2002-01-07,9.917354583740234,9.917354583740234,9.917354583740234,9.917354583740234,3.239957571029663,0
2002-01-08,9.917354583740234,9.917354583740234,9.917354583740234,9.917354583740234,3.239957571029663,0
2002-01-09,8.765338897705078,9.301993370056152,8.765338897705078,9.301993370056152,3.0389208793640137,4891
2002-01-10,10.017531394958496,10.017531394958496,9.301993370056152,9.309147834777832,3.041256904602051,699
2002-01-11,9.20181655883789,9.301993370056152,9.20181655883789,9.266216278076172,3.0272328853607178,978
2002-01-14,9.15888500213623,9.301993370056152,9.15888500213623,9.266216278076172,3.0272328853607178,1118
2002-01-15,9.15888500213623,9.15888500213623,9.051554679870605,9.051554679870605,2.9571049213409424,559
2002-01-16,8.801115989685059,8.94422435760498,8.801115989685059,8.94422435760498,2.922039747238159,1817
2002-01-17,8.94422435760498,8.94422435760498,8.94422435760498,8.94422435760498,2.922039747238159,0
2002-01-18,8.94422435760498,8.94422435760498,8.94422435760498,8.94422435760498,2.922039747238159,978
2002-01-22,8.94422435760498,8.94422435760498,8.94422435760498,8.94422435760498,2.922039747238159,0
2002-01-23,8.87267017364502,8.87267017364502,8.87267017364502,8.87267017364502,2.898663282394409,7267
2002-01-24,8.87267017364502,8.87267017364502,8.87267017364502,8.87267017364502,2.898663282394409,0
2002-01-25,8.87267017364502,8.87267017364502,8.87267017364502,8.87267017364502,2.898663282394409,0
2002-01-28,8.94422435760498,8.94422435760498,8.94422435760498,8.94422435760498,2.922039747238159,10202
2002-01-29,9.29483699798584,9.29483699798584,8.87267017364502,8.87267017364502,2.898663282394409,978
2002-01-30,9.29483699798584,9.29483699798584,8.94422435760498,8.94422435760498,2.922039747238159,1398
2002-01-31,8.94422435760498,8.94422435760498,8.94422435760498,8.94422435760498,2.922039747238159,0
2002-02-01,8.94422435760498,8.94422435760498,8.94422435760498,8.94422435760498,2.922039747238159,0
2002-02-04,8.94422435760498,8.94422435760498,8.94422435760498,8.94422435760498,2.922039747238159,0
2002-02-05,9.29483699798584,9.29483699798584,9.29483699798584,9.29483699798584,3.0365827083587646,280
2002-02-06,9.29483699798584,9.29483699798584,8.94422435760498,8.94422435760498,2.922039747238159,10202
2002-02-07,9.29483699798584,9.29483699798584,9.015777587890625,9.015777587890625,2.9454164505004883,10342
2002-02-08,8.94422435760498,8.94422435760498,8.94422435760498,8.94422435760498,2.922039747238159,140
2002-02-11,8.808272361755371,8.808272361755371,8.808272361755371,8.808272361755371,2.877624273300171,1118
2002-02-12,8.808272361755371,8.808272361755371,8.808272361755371,8.808272361755371,2.877624273300171,0
2002-02-13,8.808272361755371,8.808272361755371,8.808272361755371,8.808272361755371,2.877624273300171,0
2002-02-14,8.808272361755371,8.808272361755371,8.808272361755371,8.808272361755371,2.877624273300171,0
2002-02-15,9.230439186096191,9.230439186096191,9.230439186096191,9.230439186096191,3.01554536819458,280
2002-02-19,9.230439186096191,9.230439186096191,9.230439186096191,9.230439186096191,3.01554536819458,0
2002-02-20,9.230439186096191,9.230439186096191,9.230439186096191,9.230439186096191,3.01554536819458,0
2002-02-21,9.230439186096191,9.230439186096191,9.230439186096191,9.230439186096191,3.01554536819458,0
2002-02-22,9.266216278076172,9.301993370056152,9.266216278076172,9.301993370056152,3.0389208793640137,1537
2002-02-25,9.301993370056152,9.301993370056152,9.301993370056152,9.301993370056152,3.0389208793640137,0
2002-02-26,9.301993370056152,9.301993370056152,9.301993370056152,9.301993370056152,3.0389208793640137,559
2002-02-27,9.301993370056152,9.301993370056152,9.301993370056152,9.301993370056152,3.0389208793640137,0
2002-02-28,9.301993370056152,9.301993370056152,9.301993370056152,9.301993370056152,3.0389208793640137,0
2002-03-01,9.301993370056152,9.301993370056152,9.301993370056152,9.301993370056152,3.0389208793640137,699
2002-03-04,9.208972930908203,9.208972930908203,9.208972930908203,9.208972930908203,3.0389211177825928,0
2002-03-05,9.480876922607422,9.480876922607422,9.480876922607422,9.480876922607422,3.1286487579345703,140
2002-03-06,9.480876922607422,9.480876922607422,9.409322738647461,9.409322738647461,3.1050350666046143,839
2002-03-07,9.409322738647461,9.409322738647461,9.409322738647461,9.409322738647461,3.1050350666046143,0
2002-03-08,9.301993370056152,9.301993370056152,9.301993370056152,9.301993370056152,3.069617748260498,2236
2002-03-11,9.480876922607422,9.566741943359375,9.480876922607422,9.566741943359375,3.156982898712158,280
2002-03-12,9.566741943359375,9.566741943359375,9.566741943359375,9.566741943359375,3.156982898712158,0
2002-03-13,9.516654014587402,9.516654014587402,9.309147834777832,9.309147834777832,3.0719776153564453,3913
2002-03-14,9.309147834777832,9.309147834777832,8.836893081665039,9.301993370056152,3.069617748260498,6988
2002-03-15,9.301993370056152,9.337770462036133,9.301993370056152,9.337770462036133,3.0814225673675537,2236
2002-03-18,9.337770462036133,9.337770462036133,9.337770462036133,9.337770462036133,3.0814225673675537,0
2002-03-19,9.337770462036133,9.337770462036133,9.337770462036133,9.337770462036133,3.0814225673675537,1398
2002-03-20,9.015777587890625,9.566741943359375,8.836893081665039,9.480876922607422,3.1286487579345703,10621
2002-03-21,9.516654014587402,9.516654014587402,9.516654014587402,9.516654014587402,3.140453815460205,140
2002-03-22,9.516654014587402,9.516654014587402,9.516654014587402,9.516654014587402,3.140453815460205,0
2002-03-25,9.409322738647461,9.409322738647461,9.409322738647461,9.409322738647461,3.1050350666046143,839
2002-03-26,9.445099830627441,9.566741943359375,9.445099830627441,9.566741943359375,3.156982898712158,2516
2002-03-27,9.623985290527344,9.738471031188965,9.623985290527344,9.738471031188965,3.2136521339416504,1118
2002-03-28,9.802868843078613,10.017531394958496,9.802868843078613,10.017531394958496,3.3057432174682617,978
2002-04-01,10.017531394958496,10.017531394958496,10.017531394958496,10.017531394958496,3.3057432174682617,1398
2002-04-02,10.05330753326416,10.05330753326416,9.516654014587402,9.516654014587402,3.140453815460205,419
2002-04-03,9.659762382507324,9.659762382507324,9.659762382507324,9.659762382507324,3.187678813934326,140
2002-04-04,9.659762382507324,9.659762382507324,9.659762382507324,9.659762382507324,3.187678813934326,699
2002-04-05,10.017531394958496,10.017531394958496,10.017531394958496,10.017531394958496,3.3057432174682617,699
2002-04-08,10.081929206848145,10.167794227600098,10.081929206848145,10.167794227600098,3.355328321456909,559
2002-04-09,10.167794227600098,10.339523315429688,10.160637855529785,10.267969131469727,3.3883867263793945,7687
2002-04-10,10.017531394958496,10.017531394958496,10.017531394958496,10.017531394958496,3.3057432174682617,1537
2002-04-11,9.838645935058594,9.838645935058594,9.838645935058594,9.838645935058594,3.2467103004455566,559
2002-04-12,9.838645935058594,9.838645935058594,9.767091751098633,9.767091751098633,3.223095655441284,978
2002-04-15,9.681227684020996,9.681227684020996,9.681227684020996,9.681227684020996,3.19476318359375,1258
2002-04-16,10.103395462036133,10.103395462036133,10.103395462036133,10.103395462036133,3.334076166152954,140
2002-04-17,10.103395462036133,10.103395462036133,10.103395462036133,10.103395462036133,3.334076166152954,0
2002-04-18,10.103395462036133,10.103395462036133,10.103395462036133,10.103395462036133,3.334076166152954,0
2002-04-19,10.010375022888184,10.010375022888184,10.010375022888184,10.010375022888184,3.3033812046051025,419
2002-04-22,10.010375022888184,10.010375022888184,10.010375022888184,10.010375022888184,3.3033812046051025,0
2002-04-23,10.010375022888184,10.010375022888184,10.010375022888184,10.010375022888184,3.3033812046051025,0
2002-04-24,9.759937286376953,9.759937286376953,9.759937286376953,9.759937286376953,3.2207369804382324,280
2002-04-25,9.759937286376953,9.759937286376953,9.759937286376953,9.759937286376953,3.2207369804382324,0
2002-04-26,9.838645935058594,9.838645935058594,9.430789947509766,9.445099830627441,3.1168408393859863,5730
2002-04-29,9.480876922607422,9.480876922607422,9.480876922607422,9.480876922607422,3.1286487579345703,1398
2002-04-30,9.480876922607422,9.480876922607422,9.480876922607422,9.480876922607422,3.1286487579345703,0
2002-05-01,9.445099830627441,9.445099830627441,9.445099830627441,9.445099830627441,3.1168408393859863,419
2002-05-02,9.695539474487305,9.695539474487305,9.409322738647461,9.695539474487305,3.1994872093200684,10342
2002-05-03,9.695539474487305,9.695539474487305,9.695539474487305,9.695539474487305,3.1994872093200684,0
2002-05-06,9.695539474487305,9.695539474487305,9.695539474487305,9.695539474487305,3.1994872093200684,0
2002-05-07,9.695539474487305,9.695539474487305,9.695539474487305,9.695539474487305,3.1994872093200684,0
2002-05-08,9.301993370056152,9.301993370056152,9.04439926147461,9.301993370056152,3.069617748260498,10062
2002-05-09,9.015777587890625,9.659762382507324,9.015777587890625,9.659762382507324,3.187678813934326,1118
2002-05-10,9.659762382507324,9.659762382507324,9.659762382507324,9.659762382507324,3.187678813934326,0
2002-05-13,9.659762382507324,9.659762382507324,9.659762382507324,9.659762382507324,3.187678813934326,0
2002-05-14,9.659762382507324,9.659762382507324,9.659762382507324,9.659762382507324,3.187678813934326,0
2002-05-15,9.409322738647461,9.409322738647461,9.12310791015625,9.12310791015625,3.010584592819214,14255
2002-05-16,9.459410667419434,9.631139755249023,8.980001449584961,9.301993370056152,3.069617748260498,7826
2002-05-17,9.301993370056152,9.301993370056152,9.301993370056152,9.301993370056152,3.069617748260498,0
2002-05-20,9.230439186096191,9.373546600341797,9.12310791015625,9.373546600341797,3.093229293823242,22361
2002-05-21,9.480876922607422,9.480876922607422,9.480876922607422,9.480876922607422,3.1286487579345703,280
2002-05-22,9.480876922607422,9.480876922607422,9.301993370056152,9.301993370056152,3.069617748260498,2795
2002-05-23,9.301993370056152,9.301993370056152,9.301993370056152,9.301993370056152,3.069617748260498,0
2002-05-24,9.301993370056152,9.301993370056152,9.301993370056152,9.301993370056152,3.069617748260498,0
2002-05-28,9.051554679870605,9.051554679870605,9.051554679870605,9.051554679870605,2.9869730472564697,1398
2002-05-29,9.287681579589844,9.287681579589844,9.287681579589844,9.287681579589844,3.0967183113098145,280
2002-05-30,9.301993370056152,9.301993370056152,9.301993370056152,9.301993370056152,3.1014904975891113,1537
2002-05-31,9.051554679870605,9.301993370056152,9.051554679870605,9.301993370056152,3.1014904975891113,419
2002-06-03,9.301993370056152,9.301993370056152,9.301993370056152,9.301993370056152,3.1014904975891113,0
2002-06-04,9.337770462036133,9.337770462036133,9.337770462036133,9.337770462036133,3.1134181022644043,1398
2002-06-05,9.051554679870605,9.08017635345459,9.051554679870605,9.08017635345459,3.0275306701660156,7966
2002-06-06,9.373546600341797,9.373546600341797,9.08017635345459,9.08017635345459,3.0275306701660156,9643
2002-06-07,9.051554679870605,9.051554679870605,9.051554679870605,9.051554679870605,3.0179882049560547,140
2002-06-10,9.051554679870605,9.051554679870605,9.051554679870605,9.051554679870605,3.0179882049560547,0
2002-06-11,9.051554679870605,9.051554679870605,9.051554679870605,9.051554679870605,3.0179882049560547,0
2002-06-12,9.08733081817627,9.552431106567383,9.08733081817627,9.480876922607422,3.161135196685791,2096
2002-06-13,9.08733081817627,9.08733081817627,9.08733081817627,9.08733081817627,3.0299158096313477,1957
2002-06-14,9.301993370056152,9.301993370056152,9.08733081817627,9.08733081817627,3.0299158096313477,1258
2002-06-17,9.301993370056152,9.301993370056152,9.29483699798584,9.29483699798584,3.099104404449463,1817
2002-06-18,9.287681579589844,9.301993370056152,9.151729583740234,9.223283767700195,3.0752463340759277,9084
2002-06-19,9.08733081817627,9.12310791015625,9.08733081817627,9.12310791015625,3.0418453216552734,1677
2002-06-20,9.230439186096191,9.301993370056152,9.230439186096191,9.230439186096191,3.0776326656341553,20544
2002-06-21,9.316304206848145,9.316304206848145,9.280527114868164,9.280527114868164,3.0943329334259033,7128
2002-06-24,9.094487190246582,9.373546600341797,9.094487190246582,9.373546600341797,3.125347375869751,2516
2002-06-25,9.373546600341797,9.373546600341797,9.373546600341797,9.373546600341797,3.125347375869751,0
2002-06-26,9.373546600341797,9.373546600341797,9.373546600341797,9.373546600341797,3.125347375869751,0
2002-06-27,9.445099830627441,9.874423027038574,9.445099830627441,9.874423027038574,3.292351484298706,1817
2002-06-28,9.373546600341797,9.903044700622559,9.373546600341797,9.903044700622559,3.301893949508667,1118
2002-07-01,9.903044700622559,9.903044700622559,9.373546600341797,9.373546600341797,3.125347375869751,978
2002-07-02,9.301993370056152,9.903044700622559,9.301993370056152,9.903044700622559,3.301893949508667,559
2002-07-03,9.903044700622559,9.903044700622559,9.903044700622559,9.903044700622559,3.301893949508667,0
2002-07-05,9.623985290527344,9.623985290527344,9.623985290527344,9.623985290527344,3.208848714828491,280
2002-07-08,9.588208198547363,9.659762382507324,9.588208198547363,9.659762382507324,3.2207775115966797,839
2002-07-09,9.659762382507324,9.659762382507324,9.659762382507324,9.659762382507324,3.2207775115966797,0
2002-07-10,9.831491470336914,9.831491470336914,9.831491470336914,9.831491470336914,3.2780370712280273,280
2002-07-11,9.838645935058594,9.838645935058594,9.838645935058594,9.838645935058594,3.2804226875305176,280
2002-07-12,9.838645935058594,9.838645935058594,9.838645935058594,9.838645935058594,3.2804226875305176,0
2002-07-15,9.194662094116211,9.194662094116211,9.194662094116211,9.194662094116211,3.065703868865967,280
2002-07-16,9.194662094116211,9.194662094116211,9.194662094116211,9.194662094116211,3.065703868865967,0
2002-07-17,9.194662094116211,9.194662094116211,9.194662094116211,9.194662094116211,3.065703868865967,0
2002-07-18,9.194662094116211,9.194662094116211,9.194662094116211,9.194662094116211,3.065703868865967,0
2002-07-19,9.266216278076172,9.266216278076172,9.194662094116211,9.194662094116211,3.065703868865967,2376
2002-07-22,9.08733081817627,9.831491470336914,9.08733081817627,9.831491470336914,3.2780370712280273,280
2002-07-23,9.831491470336914,9.831491470336914,9.194662094116211,9.194662094116211,3.065703868865967,3634
2002-07-24,9.230439186096191,9.731315612792969,9.230439186096191,9.301993370056152,3.1014904975891113,1957
2002-07-25,9.731315612792969,10.05330753326416,9.731315612792969,10.05330753326416,3.3519949913024902,1118
2002-07-26,9.15888500213623,9.981754302978516,9.15888500213623,9.981754302978516,3.3281383514404297,1677
2002-07-29,9.301993370056152,9.445099830627441,9.301993370056152,9.445099830627441,3.149204730987549,839
2002-07-30,9.12310791015625,9.12310791015625,8.693785667419434,9.12310791015625,3.0418453216552734,4053
2002-07-31,9.12310791015625,9.12310791015625,9.12310791015625,9.12310791015625,3.0418453216552734,0
2002-08-01,9.12310791015625,9.12310791015625,9.12310791015625,9.12310791015625,3.0418453216552734,0
2002-08-02,8.94422435760498,8.94422435760498,8.94422435760498,8.94422435760498,2.9822022914886475,140
2002-08-05,8.94422435760498,8.94422435760498,8.94422435760498,8.94422435760498,2.9822022914886475,0
2002-08-06,9.015777587890625,9.12310791015625,9.015777587890625,9.12310791015625,3.0418453216552734,3214
2002-08-07,9.12310791015625,9.12310791015625,9.12310791015625,9.12310791015625,3.0418453216552734,0
2002-08-08,8.94422435760498,8.94422435760498,8.94422435760498,8.94422435760498,2.9822022914886475,839
2002-08-09,8.94422435760498,8.94422435760498,8.94422435760498,8.94422435760498,2.9822022914886475,0
2002-08-12,8.94422435760498,9.480876922607422,8.765338897705078,9.480876922607422,3.161135196685791,2096
2002-08-13,8.758184432983398,8.758184432983398,8.758184432983398,8.758184432983398,2.9201722145080566,699
2002-08-14,8.758184432983398,8.758184432983398,8.758184432983398,8.758184432983398,2.9201722145080566,0
2002-08-15,8.758184432983398,8.758184432983398,8.758184432983398,8.758184432983398,2.9201722145080566,0
2002-08-16,8.758184432983398,8.758184432983398,8.758184432983398,8.758184432983398,2.9201722145080566,0
2002-08-19,8.729561805725098,8.729561805725098,8.658008575439453,8.658008575439453,2.8867716789245605,699
2002-08-20,8.658008575439453,8.658008575439453,8.658008575439453,8.658008575439453,2.8867716789245605,0
2002-08-21,8.658008575439453,8.658008575439453,8.658008575439453,8.658008575439453,2.8867716789245605,0
2002-08-22,8.829737663269043,9.659762382507324,8.829737663269043,9.552431106567383,3.184990644454956,26553
2002-08-23,9.523810386657715,9.523810386657715,9.301993370056152,9.301993370056152,3.1014904975891113,1677
2002-08-26,9.616828918457031,9.616828918457031,9.12310791015625,9.12310791015625,3.0418453216552734,699
2002-08-27,9.12310791015625,9.12310791015625,9.12310791015625,9.12310791015625,3.0418453216552734,0
2002-08-28,9.230439186096191,9.230439186096191,9.230439186096191,9.230439186096191,3.1093361377716064,280
2002-08-29,9.230439186096191,9.230439186096191,9.230439186096191,9.230439186096191,3.1093361377716064,0
2002-08-30,9.623985290527344,9.623985290527344,9.480876922607422,9.480876922607422,3.1936991214752197,12019
2002-09-03,9.588208198547363,9.588208198547363,9.445099830627441,9.445099830627441,3.181645631790161,1258
2002-09-04,9.373546600341797,9.659762382507324,9.373546600341797,9.659762382507324,3.2539548873901367,5171
2002-09-05,9.788558959960938,9.788558959960938,9.623985290527344,9.623985290527344,3.241903781890869,17889
2002-09-06,9.623985290527344,9.659762382507324,9.602519035339355,9.602519035339355,3.2346742153167725,2096
2002-09-09,9.552431106567383,9.552431106567383,9.552431106567383,9.552431106567383,3.217801094055176,280
2002-09-10,9.552431106567383,9.552431106567383,9.552431106567383,9.552431106567383,3.217801094055176,699
2002-09-11,9.552431106567383,9.552431106567383,9.552431106567383,9.552431106567383,3.217801094055176,0
2002-09-12,9.552431106567383,9.552431106567383,9.552431106567383,9.552431106567383,3.217801094055176,0
2002-09-13,9.831491470336914,9.838645935058594,9.831491470336914,9.838645935058594,3.3142149448394775,9643
2002-09-16,9.838645935058594,9.838645935058594,9.838645935058594,9.838645935058594,3.3142149448394775,0
2002-09-17,9.623985290527344,10.196414947509766,9.623985290527344,10.031841278076172,3.3792927265167236,4053
2002-09-18,10.024685859680176,10.160637855529785,10.024685859680176,10.160637855529785,3.4226784706115723,839
2002-09-19,10.024685859680176,10.18925952911377,10.024685859680176,10.18925952911377,3.432321071624756,559
2002-09-20,10.017531394958496,10.18925952911377,10.017531394958496,10.017531394958496,3.3744733333587646,9783
2002-09-23,10.160637855529785,10.160637855529785,10.160637855529785,10.160637855529785,3.4226784706115723,140
2002-09-24,10.160637855529785,10.160637855529785,10.160637855529785,10.160637855529785,3.4226784706115723,0
2002-09-25,10.160637855529785,10.196414947509766,9.910200119018555,9.910200119018555,3.3383166790008545,1677
2002-09-26,9.910200119018555,9.910200119018555,9.910200119018555,9.910200119018555,3.3383166790008545,559
2002-09-27,9.659762382507324,9.659762382507324,9.437945365905762,9.437945365905762,3.179234743118286,559
2002-09-30,9.409322738647461,9.652606010437012,9.309147834777832,9.652606010437012,3.251544952392578,1537
2002-10-01,9.266216278076172,9.266216278076172,9.266216278076172,9.266216278076172,3.121386766433716,280
2002-10-02,9.223283767700195,9.223283767700195,8.693785667419434,8.693785667419434,2.9285600185394287,2516
2002-10-03,9.301993370056152,9.301993370056152,8.693785667419434,8.693785667419434,2.9285600185394287,419
2002-10-04,8.693785667419434,8.693785667419434,8.693785667419434,8.693785667419434,2.9285600185394287,0
2002-10-07,8.693785667419434,8.693785667419434,8.693785667419434,8.693785667419434,2.9285600185394287,0
2002-10-08,8.479124069213867,8.479124069213867,8.479124069213867,8.479124069213867,2.8562495708465576,419
2002-10-09,8.228686332702637,8.228686332702637,7.870916843414307,8.056957244873047,2.7140402793884277,3773
2002-10-10,8.121355056762695,8.94422435760498,7.906693935394287,8.751029014587402,2.947843074798584,1817
2002-10-11,8.751029014587402,8.751029014587402,8.751029014587402,8.751029014587402,2.947843074798584,0
2002-10-14,8.94422435760498,9.29483699798584,8.94422435760498,9.29483699798584,3.1310291290283203,1398
2002-10-15,9.29483699798584,9.29483699798584,8.228686332702637,9.187506675720215,3.0948729515075684,1957
2002-10-16,8.922758102416992,8.937067985534668,8.622232437133789,8.629386901855469,2.906867504119873,3214
2002-10-17,8.586455345153809,9.659762382507324,7.870916843414307,9.12310791015625,3.073179244995117,11600
2002-10-18,9.29483699798584,9.724160194396973,9.29483699798584,9.623985290527344,3.241903781890869,5171
2002-10-21,9.516654014587402,9.781402587890625,9.516654014587402,9.781402587890625,3.2949297428131104,559
2002-10-22,9.788558959960938,9.802868843078613,9.516654014587402,9.516654014587402,3.2057487964630127,3634
2002-10-23,9.552431106567383,9.552431106567383,9.516654014587402,9.552431106567383,3.217801094055176,1398
2002-10-24,9.488033294677734,9.488033294677734,9.488033294677734,9.488033294677734,3.196108102798462,280
2002-10-25,9.480876922607422,9.488033294677734,9.480876922607422,9.480876922607422,3.1936991214752197,1537
2002-10-28,9.309147834777832,9.309147834777832,9.309147834777832,9.309147834777832,3.1358487606048584,280
2002-10-29,9.309147834777832,9.309147834777832,9.309147834777832,9.309147834777832,3.1358487606048584,0
2002-10-30,9.309147834777832,9.309147834777832,9.309147834777832,9.309147834777832,3.1358487606048584,0
2002-10-31,9.309147834777832,9.309147834777832,9.309147834777832,9.309147834777832,3.1358487606048584,0
2002-11-01,9.309147834777832,9.309147834777832,9.309147834777832,9.309147834777832,3.1358487606048584,0
2002-11-04,9.309147834777832,9.309147834777832,9.309147834777832,9.309147834777832,3.1358487606048584,0
2002-11-05,9.395012855529785,9.395012855529785,9.373546600341797,9.373546600341797,3.1575427055358887,559
2002-11-06,9.316304206848145,9.802868843078613,9.309147834777832,9.802868843078613,3.3021621704101562,9503
2002-11-07,9.530964851379395,9.530964851379395,9.516654014587402,9.516654014587402,3.2057487964630127,1537
2002-11-08,9.316304206848145,9.559585571289062,9.309147834777832,9.559585571289062,3.220210313796997,839
2002-11-11,9.559585571289062,9.559585571289062,9.559585571289062,9.559585571289062,3.220210313796997,0
2002-11-12,9.559585571289062,9.559585571289062,9.559585571289062,9.559585571289062,3.220210313796997,0
2002-11-13,9.316304206848145,9.373546600341797,9.316304206848145,9.373546600341797,3.1575427055358887,1537
2002-11-14,9.373546600341797,9.373546600341797,9.373546600341797,9.373546600341797,3.1575427055358887,0
2002-11-15,9.373546600341797,9.373546600341797,9.373546600341797,9.373546600341797,3.1575427055358887,0
2002-11-18,9.373546600341797,9.373546600341797,9.373546600341797,9.373546600341797,3.1575427055358887,0
2002-11-19,9.445099830627441,9.445099830627441,9.445099830627441,9.445099830627441,3.181645631790161,839
2002-11-20,9.480876922607422,9.480876922607422,9.395012855529785,9.395012855529785,3.164773941040039,699
2002-11-21,9.395012855529785,9.395012855529785,9.395012855529785,9.395012855529785,3.164773941040039,0
2002-11-22,9.559585571289062,9.924510955810547,9.559585571289062,9.924510955810547,3.3431379795074463,1957
2002-11-25,9.960288047790527,9.960288047790527,9.960288047790527,9.960288047790527,3.355189085006714,140
2002-11-26,9.981754302978516,9.981754302978516,9.974597930908203,9.974597930908203,3.36000919342041,1398
2002-11-27,9.879790306091309,9.879790306091309,9.879790306091309,9.879790306091309,3.360985040664673,0
2002-11-29,9.879790306091309,9.879790306091309,9.879790306091309,9.879790306091309,3.360985040664673,0
2002-12-02,10.47332763671875,10.47332763671875,10.435763359069824,10.435763359069824,3.550119161605835,799
2002-12-03,10.435763359069824,10.435763359069824,10.435763359069824,10.435763359069824,3.550119161605835,0
2002-12-04,10.435763359069824,10.435763359069824,10.435763359069824,10.435763359069824,3.550119161605835,0
2002-12-05,10.435763359069824,10.435763359069824,10.435763359069824,10.435763359069824,3.550119161605835,0
2002-12-06,10.435763359069824,10.435763359069824,10.435763359069824,10.435763359069824,3.550119161605835,0
2002-12-09,10.435763359069824,10.435763359069824,10.435763359069824,10.435763359069824,3.550119161605835,0
2002-12-10,10.435763359069824,10.435763359069824,10.435763359069824,10.435763359069824,3.550119161605835,0
2002-12-11,10.240421295166016,10.240421295166016,10.240421295166016,10.240421295166016,3.4836666584014893,13842
2002-12-12,10.368144035339355,10.368144035339355,10.368144035339355,10.368144035339355,3.527116060256958,399
2002-12-13,10.368144035339355,10.368144035339355,10.368144035339355,10.368144035339355,3.527116060256958,0
2002-12-16,10.368144035339355,10.368144035339355,10.368144035339355,10.368144035339355,3.527116060256958,6123
2002-12-17,10.405710220336914,10.405710220336914,10.405710220336914,10.405710220336914,3.539896011352539,5191
2002-12-18,10.262960433959961,10.262960433959961,10.240421295166016,10.240421295166016,3.4836666584014893,3328
2002-12-19,10.240421295166016,10.240421295166016,10.240421295166016,10.240421295166016,3.4836666584014893,0
2002-12-20,10.240421295166016,10.443276405334473,10.225394248962402,10.443276405334473,3.552676200866699,17037
2002-12-23,10.435763359069824,10.435763359069824,10.300525665283203,10.300525665283203,3.5041134357452393,666
2002-12-24,10.300525665283203,10.300525665283203,10.300525665283203,10.300525665283203,3.5041134357452393,0
2002-12-26,10.300525665283203,10.300525665283203,10.300525665283203,10.300525665283203,3.5041134357452393,0
2002-12-27,10.330578804016113,10.330578804016113,10.330578804016113,10.330578804016113,3.5143368244171143,133
2002-12-30,10.368144035339355,10.480840682983398,10.232908248901367,10.232908248901367,3.481109619140625,2928
2002-12-31,10.47332763671875,10.480840682983398,10.47332763671875,10.480840682983398,3.565455675125122,1464
2003-01-02,10.47332763671875,10.47332763671875,10.47332763671875,10.47332763671875,3.562896966934204,266
2003-01-03,10.47332763671875,10.47332763671875,10.47332763671875,10.47332763671875,3.562896966934204,0
2003-01-06,10.47332763671875,10.47332763671875,10.47332763671875,10.47332763671875,3.562896966934204,0
2003-01-07,10.47332763671875,10.47332763671875,10.47332763671875,10.47332763671875,3.562896966934204,0
2003-01-08,10.368144035339355,10.368144035339355,10.15777587890625,10.323064804077148,3.5117805004119873,3594
2003-01-09,10.255447387695312,10.518406867980957,10.142749786376953,10.50338077545166,3.5731263160705566,13842
2003-01-10,10.50338077545166,10.50338077545166,10.50338077545166,10.50338077545166,3.5731263160705566,0
2003-01-13,10.47332763671875,10.548460006713867,10.360630989074707,10.360630989074707,3.524561643600464,3993
2003-01-14,10.360630989074707,10.360630989074707,10.360630989074707,10.360630989074707,3.524561643600464,0
2003-01-15,10.360630989074707,10.360630989074707,10.360630989074707,10.360630989074707,3.524561643600464,0
2003-01-16,10.443276405334473,10.443276405334473,10.443276405334473,10.443276405334473,3.552676200866699,799
2003-01-17,10.555973052978516,10.578512191772461,10.510893821716309,10.578512191772461,3.5986809730529785,1730
2003-01-21,10.262960433959961,10.390684127807617,10.262960433959961,10.34560489654541,3.5194475650787354,1198
2003-01-22,10.34560489654541,10.34560489654541,10.34560489654541,10.34560489654541,3.5194475650787354,0
2003-01-23,10.34560489654541,10.34560489654541,10.34560489654541,10.34560489654541,3.5194475650787354,0
2003-01-24,10.262960433959961,10.525919914245605,10.262960433959961,10.323064804077148,3.5117805004119873,3061
2003-01-27,10.510893821716309,10.510893821716309,10.510893821716309,10.510893821716309,3.5756795406341553,133
2003-01-28,10.510893821716309,10.510893821716309,10.510893821716309,10.510893821716309,3.5756795406341553,0
2003-01-29,10.375657081604004,10.593539237976074,10.375657081604004,10.593539237976074,3.6037940979003906,4259
2003-01-30,10.593539237976074,10.593539237976074,10.593539237976074,10.593539237976074,3.6037940979003906,1730
2003-01-31,10.586026191711426,10.706235885620117,10.586026191711426,10.593539237976074,3.6037940979003906,19433
2003-02-03,10.586026191711426,10.586026191711426,10.255447387695312,10.34560489654541,3.5194475650787354,5457
2003-02-04,10.631104469299316,10.631104469299316,10.586026191711426,10.586026191711426,3.601238250732422,1597
2003-02-05,10.586026191711426,10.586026191711426,10.586026191711426,10.586026191711426,3.601238250732422,0
2003-02-06,10.368144035339355,10.368144035339355,10.368144035339355,10.368144035339355,3.527116060256958,133
2003-02-07,10.368144035339355,10.368144035339355,10.368144035339355,10.368144035339355,3.527116060256958,0
2003-02-10,10.368144035339355,10.368144035339355,10.368144035339355,10.368144035339355,3.527116060256958,0
2003-02-11,10.330578804016113,10.330578804016113,10.217881202697754,10.217881202697754,3.4760000705718994,399
2003-02-12,10.217881202697754,10.217881202697754,10.217881202697754,10.217881202697754,3.4760000705718994,0
2003-02-13,10.210368156433105,10.240421295166016,10.142749786376953,10.240421295166016,3.4836666584014893,1331
2003-02-14,10.240421295166016,10.240421295166016,10.240421295166016,10.240421295166016,3.4836666584014893,0
2003-02-18,10.180315971374512,10.217881202697754,10.15777587890625,10.180315971374512,3.4632198810577393,3594
2003-02-19,10.180315971374512,10.308038711547852,10.15777587890625,10.308038711547852,3.5066683292388916,15706
2003-02-20,10.308038711547852,10.308038711547852,10.308038711547852,10.308038711547852,3.5066683292388916,0
2003-02-21,10.308038711547852,10.308038711547852,10.308038711547852,10.308038711547852,3.5066683292388916,0
2003-02-24,10.330578804016113,10.330578804016113,10.330578804016113,10.330578804016113,3.5143368244171143,133
2003-02-25,10.15777587890625,10.480840682983398,10.120209693908691,10.480840682983398,3.565455675125122,15706
2003-02-26,10.217881202697754,10.255447387695312,10.217881202697754,10.255447387695312,3.4887776374816895,799
2003-02-27,10.172801971435547,10.172801971435547,10.172801971435547,10.172801971435547,3.460663318634033,266
2003-02-28,10.172801971435547,10.172801971435547,10.172801971435547,10.172801971435547,3.460663318634033,0
2003-03-03,10.172801971435547,10.172801971435547,10.172801971435547,10.172801971435547,3.460663318634033,0
2003-03-04,10.172801971435547,10.172801971435547,10.172801971435547,10.172801971435547,3.460663318634033,0
2003-03-05,10.172801971435547,10.172801971435547,10.172801971435547,10.172801971435547,3.460663318634033,0
2003-03-06,10.0751314163208,10.0751314163208,10.0751314163208,10.0751314163208,3.460662841796875,0
2003-03-07,10.217881202697754,10.330578804016113,10.217881202697754,10.285499572753906,3.532921552658081,532
2003-03-10,10.285499572753906,10.285499572753906,10.285499572753906,10.285499572753906,3.532921552658081,0
2003-03-11,10.308038711547852,10.308038711547852,10.308038711547852,10.308038711547852,3.540663242340088,399
2003-03-12,10.217881202697754,10.3155517578125,10.217881202697754,10.3155517578125,3.543245315551758,2662
2003-03-13,10.330578804016113,10.330578804016113,10.217881202697754,10.217881202697754,3.509697198867798,3061
2003-03-14,10.323064804077148,10.323064804077148,10.225394248962402,10.323064804077148,3.5458250045776367,1198
2003-03-17,10.330578804016113,10.330578804016113,10.330578804016113,10.330578804016113,3.548405647277832,1065
2003-03-18,10.330578804016113,10.330578804016113,10.330578804016113,10.330578804016113,3.548405647277832,0
2003-03-19,10.120209693908691,10.277985572814941,10.120209693908691,10.277985572814941,3.530341148376465,1863
2003-03-20,10.135236740112305,10.300525665283203,10.135236740112305,10.300525665283203,3.538083076477051,399
2003-03-21,10.232908248901367,10.330578804016113,10.232908248901367,10.330578804016113,3.548405647277832,10116
2003-03-24,10.330578804016113,10.330578804016113,10.330578804016113,10.330578804016113,3.548405647277832,0
2003-03-25,10.330578804016113,10.330578804016113,10.330578804016113,10.330578804016113,3.548405647277832,0
2003-03-26,10.202855110168457,10.202855110168457,9.96994686126709,9.96994686126709,3.4245338439941406,1464
2003-03-27,10.217881202697754,10.232908248901367,10.180315971374512,10.232908248901367,3.514857769012451,3061
2003-03-28,10.232908248901367,10.593539237976074,10.232908248901367,10.593539237976074,3.6387290954589844,16238
2003-03-31,10.480840682983398,10.480840682983398,10.368144035339355,10.368144035339355,3.5613086223602295,1331
2003-04-01,10.3155517578125,10.443276405334473,10.142749786376953,10.443276405334473,3.5871176719665527,1065
2003-04-02,10.443276405334473,10.443276405334473,10.443276405334473,10.443276405334473,3.5871176719665527,0
2003-04-03,10.443276405334473,10.47332763671875,10.443276405334473,10.47332763671875,3.5974364280700684,532
2003-04-04,10.47332763671875,10.47332763671875,10.390684127807617,10.443276405334473,3.5871176719665527,1597
2003-04-07,10.240421295166016,10.510893821716309,10.240421295166016,10.293012619018555,3.5355024337768555,10648
2003-04-08,10.255447387695312,10.676182746887207,10.255447387695312,10.480840682983398,3.600019693374634,1597
2003-04-09,10.856498718261719,10.894064903259277,9.932381629943848,10.150262832641602,3.486470937728882,7853
2003-04-10,10.886550903320312,10.886550903320312,10.232908248901367,10.879037857055664,3.7367942333221436,1198
2003-04-11,10.879037857055664,10.879037857055664,10.879037857055664,10.879037857055664,3.7367942333221436,0
2003-04-14,10.81893253326416,10.81893253326416,10.47332763671875,10.47332763671875,3.5974364280700684,532
2003-04-15,10.886550903320312,10.886550903320312,10.886550903320312,10.886550903320312,3.739374876022339,266
2003-04-16,10.47332763671875,10.50338077545166,10.47332763671875,10.50338077545166,3.6077637672424316,932
2003-04-17,10.518406867980957,10.518406867980957,10.518406867980957,10.518406867980957,3.6129205226898193,133
2003-04-21,10.368144035339355,10.69120979309082,10.368144035339355,10.375657081604004,3.5638890266418457,1464
2003-04-22,10.886550903320312,10.886550903320312,10.886550903320312,10.886550903320312,3.739374876022339,932
2003-04-23,10.540946960449219,10.623591423034668,10.510893821716309,10.623591423034668,3.649052858352661,1198
2003-04-24,10.405710220336914,10.405710220336914,10.368144035339355,10.368144035339355,3.5613086223602295,399
2003-04-25,10.308038711547852,10.330578804016113,10.210368156433105,10.210368156433105,3.5071139335632324,1730
2003-04-28,10.3155517578125,10.330578804016113,10.3155517578125,10.330578804016113,3.548405647277832,532
2003-04-29,10.18782901763916,10.18782901763916,10.180315971374512,10.180315971374512,3.496793508529663,532
2003-04-30,10.330578804016113,10.330578804016113,10.180315971374512,10.323064804077148,3.5458250045776367,7853
2003-05-01,10.330578804016113,10.375657081604004,10.330578804016113,10.375657081604004,3.5638890266418457,1464
2003-05-02,10.405710220336914,10.443276405334473,10.405710220336914,10.443276405334473,3.5871176719665527,34473
2003-05-05,10.398197174072266,10.398197174072266,10.383171081542969,10.383171081542969,3.56646990776062,266
2003-05-06,10.368144035339355,10.405710220336914,10.368144035339355,10.405710220336914,3.5742130279541016,532
2003-05-07,10.405710220336914,10.405710220336914,10.150262832641602,10.150262832641602,3.486470937728882,6123
2003-05-08,10.293012619018555,10.293012619018555,10.150262832641602,10.150262832641602,3.486470937728882,666
2003-05-09,10.150262832641602,10.150262832641602,10.150262832641602,10.150262832641602,3.486470937728882,666
2003-05-12,10.150262832641602,10.150262832641602,10.150262832641602,10.150262832641602,3.486470937728882,0
2003-05-13,10.293012619018555,10.293012619018555,10.293012619018555,10.293012619018555,3.5355024337768555,3993
2003-05-14,10.293012619018555,10.293012619018555,10.293012619018555,10.293012619018555,3.5355024337768555,0
2003-05-15,10.293012619018555,10.293012619018555,10.293012619018555,10.293012619018555,3.5355024337768555,0
2003-05-16,10.368144035339355,10.368144035339355,10.368144035339355,10.368144035339355,3.5613086223602295,266
2003-05-19,10.330578804016113,10.330578804016113,10.330578804016113,10.330578804016113,3.548405647277832,399
2003-05-20,10.330578804016113,10.330578804016113,10.330578804016113,10.330578804016113,3.548405647277832,0
2003-05-21,10.330578804016113,10.330578804016113,10.330578804016113,10.330578804016113,3.548405647277832,0
2003-05-22,10.330578804016113,10.330578804016113,10.330578804016113,10.330578804016113,3.548405647277832,532
2003-05-23,10.150262832641602,10.15777587890625,10.127723693847656,10.142749786376953,3.4838905334472656,2130
2003-05-27,10.142749786376953,10.142749786376953,10.015026092529297,10.135236740112305,3.481308937072754,5590
2003-05-28,10.067618370056152,10.067618370056152,10.067618370056152,10.067618370056152,3.4917311668395996,799
2003-05-29,10.142749786376953,10.330578804016113,10.142749786376953,10.180315971374512,3.530818223953247,1331
2003-05-30,10.180315971374512,10.180315971374512,10.180315971374512,10.180315971374512,3.530818223953247,0
2003-06-02,10.217881202697754,10.255447387695312,10.217881202697754,10.255447387695312,3.556877851486206,666
2003-06-03,10.368144035339355,10.368144035339355,10.323064804077148,10.323064804077148,3.5803279876708984,532
2003-06-04,10.368144035339355,10.368144035339355,10.217881202697754,10.368144035339355,3.595961809158325,9983
2003-06-05,10.368144035339355,10.405710220336914,10.368144035339355,10.383171081542969,3.6011738777160645,1065
2003-06-06,10.405710220336914,10.405710220336914,10.405710220336914,10.405710220336914,3.6089913845062256,1331
2003-06-09,10.405710220336914,10.405710220336914,10.405710220336914,10.405710220336914,3.6089913845062256,0
2003-06-10,10.308038711547852,10.405710220336914,10.308038711547852,10.405710220336914,3.6089913845062256,3993
2003-06-11,10.405710220336914,10.405710220336914,10.405710220336914,10.405710220336914,3.6089913845062256,1331
2003-06-12,10.405710220336914,10.405710220336914,10.405710220336914,10.405710220336914,3.6089913845062256,0
2003-06-13,10.308038711547852,10.308038711547852,10.022539138793945,10.285499572753906,3.5673012733459473,10914
2003-06-16,10.293012619018555,10.293012619018555,10.293012619018555,10.293012619018555,3.5699057579040527,399
2003-06-17,10.293012619018555,10.405710220336914,10.18782901763916,10.18782901763916,3.5334246158599854,1464
2003-06-18,10.217881202697754,10.390684127807617,10.217881202697754,10.368144035339355,3.595961809158325,5324
2003-06-19,10.390684127807617,10.405710220336914,10.293012619018555,10.293012619018555,3.5699057579040527,2795
2003-06-20,10.293012619018555,10.405710220336914,10.285499572753906,10.285499572753906,3.5673012733459473,7454
2003-06-23,10.368144035339355,10.368144035339355,10.368144035339355,10.368144035339355,3.595961809158325,2396
2003-06-24,10.368144035339355,10.368144035339355,10.368144035339355,10.368144035339355,3.595961809158325,0
2003-06-25,10.368144035339355,10.368144035339355,10.368144035339355,10.368144035339355,3.595961809158325,0
2003-06-26,10.368144035339355,10.368144035339355,10.368144035339355,10.368144035339355,3.595961809158325,0
2003-06-27,10.293012619018555,10.293012619018555,10.293012619018555,10.293012619018555,3.5699057579040527,399
2003-06-30,10.405710220336914,10.405710220336914,10.405710220336914,10.405710220336914,3.6089913845062256,266
2003-07-01,10.405710220336914,10.405710220336914,10.405710220336914,10.405710220336914,3.6089913845062256,0
2003-07-02,10.18782901763916,10.293012619018555,10.165288925170898,10.293012619018555,3.5699057579040527,4259
2003-07-03,10.293012619018555,10.293012619018555,10.293012619018555,10.293012619018555,3.5699057579040527,532
2003-07-07,10.368144035339355,10.368144035339355,10.368144035339355,10.368144035339355,3.595961809158325,133
2003-07-08,10.368144035339355,10.368144035339355,10.368144035339355,10.368144035339355,3.595961809158325,532
2003-07-09,10.405710220336914,10.405710220336914,10.368144035339355,10.368144035339355,3.595961809158325,799
2003-07-10,10.368144035339355,10.368144035339355,10.368144035339355,10.368144035339355,3.595961809158325,0
2003-07-11,10.368144035339355,10.368144035339355,10.368144035339355,10.368144035339355,3.595961809158325,0
2003-07-14,10.368144035339355,10.368144035339355,10.368144035339355,10.368144035339355,3.595961809158325,0
2003-07-15,10.368144035339355,10.368144035339355,10.368144035339355,10.368144035339355,3.595961809158325,0
2003-07-16,10.368144035339355,10.368144035339355,10.368144035339355,10.368144035339355,3.595961809158325,266
2003-07-17,10.368144035339355,10.368144035339355,10.368144035339355,10.368144035339355,3.595961809158325,0
2003-07-18,10.368144035339355,10.368144035339355,10.293012619018555,10.293012619018555,3.5699057579040527,532
2003-07-21,10.293012619018555,10.368144035339355,10.293012619018555,10.368144035339355,3.595961809158325,799
2003-07-22,10.368144035339355,10.368144035339355,10.368144035339355,10.368144035339355,3.595961809158325,1997
2003-07-23,10.368144035339355,10.368144035339355,10.368144035339355,10.368144035339355,3.595961809158325,1065
2003-07-24,10.368144035339355,10.368144035339355,10.180315971374512,10.180315971374512,3.530818223953247,3061
2003-07-25,10.360630989074707,10.360630989074707,10.360630989074707,10.360630989074707,3.5933589935302734,399
2003-07-28,10.308038711547852,10.368144035339355,10.308038711547852,10.368144035339355,3.595961809158325,1331
2003-07-29,10.368144035339355,10.368144035339355,10.368144035339355,10.368144035339355,3.595961809158325,0
2003-07-30,10.368144035339355,10.368144035339355,10.368144035339355,10.368144035339355,3.595961809158325,0
2003-07-31,10.255447387695312,10.368144035339355,10.255447387695312,10.368144035339355,3.595961809158325,1597
2003-08-01,10.368144035339355,10.368144035339355,10.368144035339355,10.368144035339355,3.595961809158325,0
2003-08-04,10.443276405334473,10.443276405334473,10.300525665283203,10.368144035339355,3.595961809158325,1730
2003-08-05,10.255447387695312,10.255447387695312,10.255447387695312,10.255447387695312,3.556877851486206,799
2003-08-06,10.360630989074707,10.360630989074707,10.360630989074707,10.360630989074707,3.5933589935302734,2263
2003-08-07,10.360630989074707,10.360630989074707,10.262960433959961,10.360630989074707,3.5933589935302734,1065
2003-08-08,10.300525665283203,10.300525665283203,10.293012619018555,10.293012619018555,3.5699057579040527,1464
2003-08-11,10.293012619018555,10.293012619018555,10.293012619018555,10.293012619018555,3.5699057579040527,0
2003-08-12,10.293012619018555,10.293012619018555,10.293012619018555,10.293012619018555,3.5699057579040527,266
2003-08-13,10.293012619018555,10.293012619018555,10.293012619018555,10.293012619018555,3.5699057579040527,0
2003-08-14,10.368144035339355,10.42824935913086,10.368144035339355,10.42824935913086,3.6168088912963867,2263
2003-08-15,10.42824935913086,10.42824935913086,10.42824935913086,10.42824935913086,3.6168088912963867,133
2003-08-18,10.360630989074707,10.518406867980957,10.360630989074707,10.518406867980957,3.648077964782715,6655
2003-08-19,10.518406867980957,10.518406867980957,10.518406867980957,10.518406867980957,3.648077964782715,0
2003-08-20,10.465814590454102,10.518406867980957,10.300525665283203,10.300525665283203,3.5725088119506836,8785
2003-08-21,10.518406867980957,10.518406867980957,10.300525665283203,10.300525665283203,3.5725088119506836,932
2003-08-22,10.300525665283203,10.300525665283203,10.300525665283203,10.300525665283203,3.5725088119506836,0
2003-08-25,10.300525665283203,10.518406867980957,10.300525665283203,10.480840682983398,3.635050058364868,799
2003-08-26,10.480840682983398,10.480840682983398,10.480840682983398,10.480840682983398,3.635050058364868,0
2003-08-27,10.405710220336914,10.443276405334473,10.293012619018555,10.405710220336914,3.6089913845062256,14109
2003-08-28,10.435763359069824,10.458301544189453,10.413223266601562,10.443276405334473,3.6220219135284424,20897
2003-08-29,10.435763359069824,10.435763359069824,10.420736312866211,10.435763359069824,3.619415521621704,2130
2003-09-02,10.50338077545166,10.518406867980957,10.375657081604004,10.518406867980957,3.648077964782715,8785
2003-09-03,10.47332763671875,10.47332763671875,10.368144035339355,10.398197174072266,3.6063857078552246,3194
2003-09-04,10.330578804016113,10.518406867980957,10.105183601379395,10.360630989074707,3.6274306774139404,5457
2003-09-05,10.360630989074707,10.360630989074707,10.360630989074707,10.360630989074707,3.6274306774139404,0
2003-09-08,10.405710220336914,10.405710220336914,10.398197174072266,10.405710220336914,3.6432127952575684,1997
2003-09-09,10.368144035339355,10.405710220336914,10.368144035339355,10.405710220336914,3.6432127952575684,2928
2003-09-10,10.375657081604004,10.375657081604004,10.368144035339355,10.368144035339355,3.630059003829956,532
2003-09-11,10.330578804016113,10.330578804016113,10.285499572753906,10.285499572753906,3.6011266708374023,1198
2003-09-12,10.285499572753906,10.285499572753906,10.285499572753906,10.285499572753906,3.6011266708374023,0
2003-09-15,10.330578804016113,10.405710220336914,10.293012619018555,10.368144035339355,3.630059003829956,2396
2003-09-16,10.293012619018555,10.360630989074707,10.293012619018555,10.300525665283203,3.6063854694366455,1863
2003-09-17,10.300525665283203,10.300525665283203,10.300525665283203,10.300525665283203,3.6063854694366455,0
2003-09-18,10.368144035339355,10.510893821716309,10.330578804016113,10.383171081542969,3.6353206634521484,3993
2003-09-19,10.383171081542969,10.721261978149414,10.383171081542969,10.480840682983398,3.669517755508423,16238
2003-09-22,10.69120979309082,10.728775024414062,10.262960433959961,10.293012619018555,3.6037561893463135,7720
2003-09-23,10.435763359069824,10.721261978149414,10.435763359069824,10.601052284240723,3.71160626411438,1597
2003-09-24,10.548460006713867,10.706235885620117,10.518406867980957,10.518406867980957,3.682669162750244,15040
2003-09-25,10.413223266601562,10.66115665435791,10.413223266601562,10.555973052978516,3.695822238922119,2795
2003-09-26,10.548460006713867,10.623591423034668,10.142749786376953,10.42824935913086,3.6511049270629883,6389
2003-09-29,10.510893821716309,10.510893821716309,10.450789451599121,10.450789451599121,3.6589972972869873,799
2003-09-30,10.450789451599121,10.450789451599121,10.450789451599121,10.450789451599121,3.6589972972869873,0
2003-10-01,10.450789451599121,10.450789451599121,10.450789451599121,10.450789451599121,3.6589972972869873,0
2003-10-02,10.255447387695312,10.323064804077148,10.255447387695312,10.323064804077148,3.6142778396606445,666
2003-10-03,10.510893821716309,10.518406867980957,10.50338077545166,10.518406867980957,3.682669162750244,1597
2003-10-06,10.518406867980957,10.518406867980957,10.510893821716309,10.518406867980957,3.682669162750244,1331
2003-10-07,10.443276405334473,10.450789451599121,10.375657081604004,10.443276405334473,3.656367778778076,932
2003-10-08,10.518406867980957,10.894064903259277,10.518406867980957,10.743802070617676,3.7615842819213867,15706
2003-10-09,10.743802070617676,10.743802070617676,10.743802070617676,10.743802070617676,3.7615842819213867,0
2003-10-10,10.743802070617676,10.743802070617676,10.743802070617676,10.743802070617676,3.7615842819213867,0
2003-10-13,10.638618469238281,10.638618469238281,10.638618469238281,10.638618469238281,3.7247567176818848,133
2003-10-14,10.638618469238281,10.653643608093262,10.53343391418457,10.540946960449219,3.6905601024627686,2795
2003-10-15,10.593539237976074,10.593539237976074,10.518406867980957,10.518406867980957,3.682669162750244,666
2003-10-16,10.518406867980957,10.518406867980957,10.518406867980957,10.518406867980957,3.682669162750244,0
2003-10-17,10.518406867980957,10.518406867980957,10.518406867980957,10.518406867980957,3.682669162750244,0
2003-10-20,10.518406867980957,10.518406867980957,10.518406867980957,10.518406867980957,3.682669162750244,0
2003-10-21,10.518406867980957,10.518406867980957,10.518406867980957,10.518406867980957,3.682669162750244,0
2003-10-22,10.518406867980957,10.518406867980957,10.518406867980957,10.518406867980957,3.682669162750244,0
2003-10-23,10.668669700622559,10.706235885620117,10.668669700622559,10.706235885620117,3.7484302520751953,2396
2003-10-24,11.00676155090332,11.00676155090332,10.751315116882324,10.894064903259277,3.8141934871673584,932
2003-10-27,10.894064903259277,10.894064903259277,10.894064903259277,10.894064903259277,3.8141934871673584,532
2003-10-28,10.969196319580078,10.969196319580078,10.969196319580078,10.969196319580078,3.840498208999634,266
2003-10-29,10.894064903259277,11.044327735900879,10.61607837677002,10.969196319580078,3.840498208999634,12911
2003-10-30,10.743802070617676,10.743802070617676,10.743802070617676,10.743802070617676,3.7615842819213867,133
2003-10-31,11.051840782165527,11.051840782165527,11.051840782165527,11.051840782165527,3.8694334030151367,266
2003-11-03,11.051840782165527,11.247182846069336,11.051840782165527,11.19459056854248,3.919412851333618,3194
2003-11-04,11.262208938598633,11.262208938598633,11.262208938598633,11.262208938598633,3.9430863857269287,133
2003-11-05,11.262208938598633,11.262208938598633,11.262208938598633,11.262208938598633,3.9430863857269287,0
2003-11-06,11.262208938598633,11.269721984863281,11.262208938598633,11.269721984863281,3.945716619491577,8252
2003-11-07,11.27723503112793,11.27723503112793,11.27723503112793,11.27723503112793,3.948347568511963,399
2003-11-10,11.27723503112793,11.525169372558594,11.202103614807129,11.525169372558594,4.035154342651367,2263
2003-11-11,11.525169372558594,11.525169372558594,11.344853401184082,11.525169372558594,4.035154342651367,1863
2003-11-12,11.570247650146484,11.65289306640625,11.570247650146484,11.65289306640625,4.079873085021973,1730
2003-11-13,11.65289306640625,11.900826454162598,11.65289306640625,11.900826454162598,4.166677474975586,2130
2003-11-14,12.021037101745605,12.021037101745605,12.013524055480957,12.013524055480957,4.20613431930542,1597
2003-11-17,12.021037101745605,12.021037101745605,11.720511436462402,11.720511436462402,4.103546619415283,4525
2003-11-18,11.728023529052734,11.833208084106445,11.645379066467285,11.720511436462402,4.103546619415283,7321
2003-11-19,11.712998390197754,12.021037101745605,11.712998390197754,11.833208084106445,4.143004417419434,16371
2003-11-20,12.021037101745605,12.126220703125,11.758076667785645,11.758076667785645,4.116697788238525,10914
2003-11-21,12.013524055480957,12.021037101745605,11.803155899047852,12.021037101745605,4.208763599395752,5324
2003-11-24,12.697219848632812,12.697219848632812,11.833208084106445,12.171299934387207,4.26137638092041,20364
2003-11-25,12.036063194274902,12.479338645935059,12.028550148010254,12.479338645935059,4.369223594665527,13842
2003-11-26,12.389181137084961,13.185574531555176,12.381668090820312,13.072877883911133,4.577032566070557,12112
2003-11-28,13.214876174926758,13.471074104309082,12.768594741821289,13.471074104309082,4.755530834197998,5929
2003-12-01,13.471074104309082,14.041321754455566,13.471074104309082,14.016529083251953,4.948088645935059,6413
2003-12-02,13.94214916229248,14.024792671203613,13.842974662780762,14.024792671203613,4.951003551483154,2662
2003-12-03,14.00826358795166,14.04958724975586,13.892561912536621,14.04958724975586,4.959755897521973,2662
2003-12-04,14.132230758666992,14.214876174926758,14.132230758666992,14.214876174926758,5.018108367919922,968
2003-12-05,14.256197929382324,14.462809562683105,14.256197929382324,14.462809562683105,5.10563325881958,484
2003-12-08,14.421487808227539,14.421487808227539,14.363636016845703,14.421487808227539,5.091042995452881,605
2003-12-09,14.462809562683105,14.586776733398438,14.355372428894043,14.479338645935059,5.111466407775879,1331
2003-12-10,14.297520637512207,14.462809562683105,14.297520637512207,14.462809562683105,5.10563325881958,726
2003-12-11,14.462809562683105,14.462809562683105,14.462809562683105,14.462809562683105,5.10563325881958,0
2003-12-12,14.297520637512207,14.297520637512207,14.297520637512207,14.297520637512207,5.047280311584473,968
2003-12-15,14.462809562683105,15.28925609588623,14.297520637512207,15.264463424682617,5.38862943649292,4235
2003-12-16,15.190082550048828,15.198347091674805,14.900826454162598,15.082645416259766,5.324444770812988,1694
2003-12-17,14.900826454162598,14.966941833496094,14.900826454162598,14.966941833496094,5.283599376678467,968
2003-12-18,14.966941833496094,15.148759841918945,14.966941833496094,15.148759841918945,5.347784996032715,1089
2003-12-19,14.958678245544434,15.082645416259766,14.752065658569336,14.752065658569336,5.207744121551514,9680
2003-12-22,14.462809562683105,14.983470916748047,14.462809562683105,14.983470916748047,5.28943395614624,484
2003-12-23,14.462809562683105,14.776860237121582,14.04958724975586,14.776860237121582,5.216495990753174,6776
2003-12-24,14.669421195983887,14.669421195983887,14.669421195983887,14.669421195983887,5.1785664558410645,605
2003-12-26,14.090909004211426,14.479338645935059,14.090909004211426,14.479338645935059,5.111466407775879,726
2003-12-29,14.190082550048828,15.082645416259766,13.933883666992188,15.082645416259766,5.324444770812988,4961
2003-12-30,14.785123825073242,14.958678245544434,14.785123825073242,14.867769241333008,5.248587608337402,2057
2003-12-31,14.958678245544434,15.016529083251953,14.958678245544434,14.958678245544434,5.280683517456055,1089
2004-01-02,14.39669418334961,14.876032829284668,14.39669418334961,14.876032829284668,5.2515058517456055,363
2004-01-05,14.528925895690918,14.537190437316895,14.528925895690918,14.537190437316895,5.1318888664245605,1694
2004-01-06,14.586776733398438,14.586776733398438,14.578512191772461,14.578512191772461,5.146474838256836,484
2004-01-07,14.851240158081055,14.876032829284668,14.62809944152832,14.669421195983887,5.1785664558410645,3751
2004-01-08,14.62809944152832,14.95041275024414,14.62809944152832,14.743802070617676,5.204828262329102,1089
2004-01-09,14.694214820861816,14.694214820861816,14.62809944152832,14.62809944152832,5.1639814376831055,847
2004-01-12,14.62809944152832,14.669421195983887,14.553718566894531,14.553718566894531,5.137723922729492,12221
2004-01-13,14.545454978942871,14.545454978942871,14.355372428894043,14.429752349853516,5.093962669372559,2541
2004-01-14,14.214876174926758,14.264463424682617,14.214876174926758,14.264463424682617,5.035612106323242,605
2004-01-15,14.223139762878418,14.223139762878418,14.214876174926758,14.214876174926758,5.018108367919922,968
2004-01-16,14.214876174926758,14.214876174926758,14.214876174926758,14.214876174926758,5.018108367919922,0
2004-01-20,13.925620079040527,13.925620079040527,13.801652908325195,13.801652908325195,4.8722333908081055,11737
2004-01-21,14.107438087463379,14.107438087463379,13.966941833496094,13.966941833496094,4.930582046508789,1694
2004-01-22,13.735536575317383,13.735536575317383,13.735536575317383,13.735536575317383,4.8488898277282715,363
2004-01-23,13.735536575317383,13.735536575317383,13.735536575317383,13.735536575317383,4.8488898277282715,0
2004-01-26,13.834711074829102,13.834711074829102,13.595041275024414,13.801652908325195,4.8722333908081055,3993
2004-01-27,13.595041275024414,13.595041275024414,13.595041275024414,13.595041275024414,4.7992939949035645,484
2004-01-28,13.60330581665039,13.785123825073242,13.60330581665039,13.785123825073242,4.866397857666016,847
2004-01-29,13.793388366699219,13.793388366699219,13.793388366699219,13.793388366699219,4.869311809539795,1210
2004-01-30,13.793388366699219,13.793388366699219,13.793388366699219,13.793388366699219,4.869311809539795,0
2004-02-02,13.793388366699219,14.190082550048828,13.760331153869629,13.801652908325195,4.8722333908081055,4235
2004-02-03,14.041321754455566,14.04958724975586,14.041321754455566,14.04958724975586,4.959755897521973,968
2004-02-04,14.04958724975586,14.04958724975586,14.04958724975586,14.04958724975586,4.959755897521973,242
2004-02-05,14.041321754455566,14.702479362487793,14.033058166503906,14.702479362487793,5.190240859985352,4477
2004-02-06,14.851240158081055,14.859503746032715,14.851240158081055,14.859503746032715,5.245672702789307,242
2004-02-09,14.380165100097656,14.380165100097656,13.884298324584961,13.884298324584961,4.901405334472656,1936
2004-02-10,14.619834899902344,14.619834899902344,14.619834899902344,14.619834899902344,5.161061763763428,121
2004-02-11,14.619834899902344,14.776860237121582,14.619834899902344,14.776860237121582,5.216495990753174,1694
2004-02-12,14.04958724975586,14.380165100097656,14.04958724975586,14.04958724975586,4.959755897521973,847
2004-02-13,14.297520637512207,14.669421195983887,13.925620079040527,13.925620079040527,4.915994167327881,1331
2004-02-17,14.256197929382324,14.256197929382324,13.842974662780762,14.00826358795166,4.945168495178223,3872
2004-02-18,14.041321754455566,14.041321754455566,14.041321754455566,14.041321754455566,4.956839084625244,242
2004-02-19,13.851240158081055,13.851240158081055,13.842974662780762,13.842974662780762,4.88681697845459,2420
2004-02-20,13.842974662780762,13.842974662780762,13.842974662780762,13.842974662780762,4.88681697845459,121
2004-02-23,13.801652908325195,13.801652908325195,13.60330581665039,13.60330581665039,4.802211761474609,363
2004-02-24,13.801652908325195,13.801652908325195,13.636363983154297,13.636363983154297,4.813881874084473,726
2004-02-25,13.818181991577148,13.818181991577148,13.636363983154297,13.818181991577148,4.87806510925293,3146
2004-02-26,13.818181991577148,13.826445579528809,13.471074104309082,13.471074104309082,4.755530834197998,3751
2004-02-27,13.429752349853516,13.636363983154297,13.429752349853516,13.636363983154297,4.813881874084473,1694
2004-03-01,13.586776733398438,13.586776733398438,13.181818008422852,13.223139762878418,4.668004512786865,4477
2004-03-02,13.231405258178711,13.363636016845703,13.223139762878418,13.363636016845703,4.717602252960205,2057
2004-03-03,13.388429641723633,13.388429641723633,13.140496253967285,13.140496253967285,4.6388325691223145,1573
2004-03-04,12.983470916748047,12.983470916748047,12.983470916748047,12.983470916748047,4.583400249481201,121
2004-03-05,12.851240158081055,13.223139762878418,12.851240158081055,13.223139762878418,4.706954479217529,3025
2004-03-08,13.223139762878418,13.223139762878418,13.223139762878418,13.223139762878418,4.706954479217529,0
2004-03-09,12.851240158081055,12.851240158081055,12.851240158081055,12.851240158081055,4.574571132659912,484
2004-03-10,12.975207328796387,13.090909004211426,12.851240158081055,12.851240158081055,4.574571132659912,1815
2004-03-11,12.851240158081055,13.181818008422852,12.851240158081055,13.181818008422852,4.6922454833984375,363
2004-03-12,12.851240158081055,12.851240158081055,12.851240158081055,12.851240158081055,4.574571132659912,968
2004-03-15,12.876032829284668,13.223139762878418,12.876032829284668,13.223139762878418,4.706954479217529,605
2004-03-16,13.214876174926758,13.214876174926758,13.214876174926758,13.214876174926758,4.704015731811523,363
2004-03-17,13.223139762878418,13.223139762878418,12.851240158081055,12.851240158081055,4.574571132659912,847
2004-03-18,13.429752349853516,13.429752349853516,13.223139762878418,13.223139762878418,4.706954479217529,2299
2004-03-19,13.239668846130371,13.239668846130371,13.223139762878418,13.223139762878418,4.706954479217529,3872
2004-03-22,13.115701675415039,13.115701675415039,12.429752349853516,12.570247650146484,4.474548816680908,12463
2004-03-23,12.570247650146484,12.570247650146484,12.570247650146484,12.570247650146484,4.474548816680908,0
2004-03-24,12.570247650146484,12.570247650146484,12.570247650146484,12.570247650146484,4.474548816680908,0
2004-03-25,13.181818008422852,13.181818008422852,13.181818008422852,13.181818008422852,4.6922454833984375,242
2004-03-26,13.181818008422852,13.181818008422852,12.735536575317383,12.735536575317383,4.533385753631592,1573
2004-03-29,12.809917449951172,12.809917449951172,12.404958724975586,12.561983108520508,4.471608638763428,2541
2004-03-30,12.801652908325195,12.809917449951172,12.801652908325195,12.809917449951172,4.559866428375244,484
2004-03-31,13.05785083770752,13.05785083770752,13.04958724975586,13.05785083770752,4.6481194496154785,2178
2004-04-01,13.173554420471191,13.173554420471191,12.644627571105957,12.644627571105957,4.5010247230529785,5929
2004-04-02,12.892561912536621,12.892561912536621,12.892561912536621,12.892561912536621,4.589282989501953,726
2004-04-05,12.892561912536621,13.247934341430664,12.892561912536621,13.206611633300781,4.7010722160339355,15609
2004-04-06,13.024792671203613,13.173554420471191,13.024792671203613,13.173554420471191,4.689304828643799,1573
2004-04-07,13.173554420471191,13.173554420471191,13.173554420471191,13.173554420471191,4.689304828643799,0
2004-04-08,13.157025337219238,13.190082550048828,12.933883666992188,12.933883666992188,4.60399055480957,3872
2004-04-12,13.181818008422852,13.181818008422852,13.181818008422852,13.181818008422852,4.6922454833984375,121
2004-04-13,13.181818008422852,13.190082550048828,13.181818008422852,13.181818008422852,4.6922454833984375,2057
2004-04-14,13.05785083770752,13.05785083770752,13.05785083770752,13.05785083770752,4.6481194496154785,605
2004-04-15,12.851240158081055,12.851240158081055,12.851240158081055,12.851240158081055,4.574571132659912,363
2004-04-16,12.809917449951172,13.0,12.809917449951172,12.818181991577148,4.562805652618408,847
2004-04-19,12.818181991577148,12.975207328796387,12.528925895690918,12.842974662780762,4.571630954742432,5445
2004-04-20,12.809917449951172,12.809917449951172,12.809917449951172,12.809917449951172,4.559866428375244,847
2004-04-21,12.842974662780762,12.842974662780762,12.842974662780762,12.842974662780762,4.571630954742432,363
2004-04-22,12.842974662780762,12.842974662780762,12.842974662780762,12.842974662780762,4.571630954742432,0
2004-04-23,12.644627571105957,12.644627571105957,12.644627571105957,12.644627571105957,4.5010247230529785,1089
2004-04-26,12.561983108520508,12.561983108520508,12.561983108520508,12.561983108520508,4.471608638763428,121
2004-04-27,12.561983108520508,12.561983108520508,12.561983108520508,12.561983108520508,4.471608638763428,1452
2004-04-28,12.561983108520508,12.561983108520508,12.561983108520508,12.561983108520508,4.471608638763428,1573
2004-04-29,12.561983108520508,12.561983108520508,12.561983108520508,12.561983108520508,4.471608638763428,0
2004-04-30,12.561983108520508,12.561983108520508,12.561983108520508,12.561983108520508,4.471608638763428,605
2004-05-03,12.68595027923584,12.68595027923584,12.561983108520508,12.561983108520508,4.471608638763428,968
2004-05-04,12.60330581665039,12.60330581665039,12.561983108520508,12.561983108520508,4.471608638763428,847
2004-05-05,12.561983108520508,12.561983108520508,12.231405258178711,12.231405258178711,4.3539347648620605,3146
2004-05-06,12.231405258178711,12.39669418334961,12.231405258178711,12.39669418334961,4.412771224975586,1452
2004-05-07,12.198347091674805,12.272727012634277,12.148759841918945,12.272727012634277,4.368643283843994,2299
2004-05-10,11.842974662780762,11.842974662780762,11.735536575317383,11.735536575317383,4.177423477172852,363
2004-05-11,12.190082550048828,12.190082550048828,11.785123825073242,11.785123825073242,4.19507360458374,363
2004-05-12,11.785123825073242,11.785123825073242,11.785123825073242,11.785123825073242,4.19507360458374,0
2004-05-13,11.776860237121582,11.776860237121582,11.776860237121582,11.776860237121582,4.1921305656433105,363
2004-05-14,12.190082550048828,12.190082550048828,12.190082550048828,12.190082550048828,4.339224815368652,484
2004-05-17,11.818181991577148,11.818181991577148,11.776860237121582,11.776860237121582,4.1921305656433105,1815
2004-05-18,12.115701675415039,12.272727012634277,12.115701675415039,12.272727012634277,4.368643283843994,1210
2004-05-19,11.983470916748047,12.066116333007812,11.68595027923584,12.066116333007812,4.295097351074219,1452
2004-05-20,12.31404972076416,12.31404972076416,11.801652908325195,12.280991554260254,4.371585369110107,3751
2004-05-21,12.305785179138184,12.31404972076416,12.305785179138184,12.31404972076416,4.383352279663086,1210
2004-05-24,12.388429641723633,12.388429641723633,12.388429641723633,12.388429641723633,4.4098286628723145,121
2004-05-25,11.983470916748047,12.380165100097656,11.983470916748047,12.37190055847168,4.4039435386657715,726
2004-05-26,12.264463424682617,12.264463424682617,12.264463424682617,12.264463424682617,4.403944492340088,0
2004-05-27,12.264463424682617,12.264463424682617,12.264463424682617,12.264463424682617,4.403944492340088,0
2004-05-28,12.264463424682617,12.264463424682617,12.264463424682617,12.264463424682617,4.403944492340088,0
2004-06-01,11.983470916748047,11.99173641204834,11.892561912536621,11.99173641204834,4.306013584136963,847
2004-06-02,11.99173641204834,11.99173641204834,11.99173641204834,11.99173641204834,4.306013584136963,0
2004-06-03,11.99173641204834,11.99173641204834,11.99173641204834,11.99173641204834,4.306013584136963,0
2004-06-04,12.231405258178711,12.231405258178711,12.115701675415039,12.115701675415039,4.350529193878174,363
2004-06-07,12.115701675415039,12.115701675415039,12.115701675415039,12.115701675415039,4.350529193878174,0
2004-06-08,12.04958724975586,12.115701675415039,12.041321754455566,12.041321754455566,4.323818206787109,1331
2004-06-09,12.041321754455566,12.34710693359375,12.041321754455566,12.115701675415039,4.350529193878174,1815
2004-06-10,12.041321754455566,12.05785083770752,12.041321754455566,12.05785083770752,4.3297576904296875,484
2004-06-14,12.107438087463379,12.107438087463379,12.107438087463379,12.107438087463379,4.347560405731201,1210
2004-06-15,12.115701675415039,12.115701675415039,12.115701675415039,12.115701675415039,4.350529193878174,242
2004-06-16,12.115701675415039,12.115701675415039,12.115701675415039,12.115701675415039,4.350529193878174,0
2004-06-17,12.115701675415039,12.115701675415039,12.115701675415039,12.115701675415039,4.350529193878174,0
2004-06-18,12.39669418334961,12.429752349853516,12.39669418334961,12.429752349853516,4.463296413421631,2662
2004-06-21,12.479338645935059,12.809917449951172,12.479338645935059,12.644627571105957,4.540454864501953,9922
2004-06-22,12.247934341430664,12.330578804016113,12.066116333007812,12.157025337219238,4.365365982055664,4961
2004-06-23,12.429752349853516,12.438016891479492,12.39669418334961,12.39669418334961,4.451427459716797,2420
2004-06-24,12.157025337219238,12.388429641723633,12.157025337219238,12.388429641723633,4.448459625244141,363
2004-06-25,12.404958724975586,12.404958724975586,12.39669418334961,12.404958724975586,4.454395294189453,1210
2004-06-28,12.404958724975586,12.404958724975586,12.39669418334961,12.39669418334961,4.451427459716797,726
2004-06-29,12.190082550048828,12.190082550048828,12.190082550048828,12.190082550048828,4.377236843109131,363
2004-06-30,12.190082550048828,12.190082550048828,11.39669418334961,11.669421195983887,4.1902756690979,10406
2004-07-01,11.586776733398438,11.900826454162598,11.487603187561035,11.611570358276367,4.169502258300781,4114
2004-07-02,11.776860237121582,11.776860237121582,11.776860237121582,11.776860237121582,4.228854179382324,3630
2004-07-06,11.818181991577148,11.818181991577148,11.818181991577148,11.818181991577148,4.243693828582764,363
2004-07-07,11.776860237121582,11.776860237121582,11.776860237121582,11.776860237121582,4.228854179382324,242
2004-07-08,11.776860237121582,11.776860237121582,11.776860237121582,11.776860237121582,4.228854179382324,0
2004-07-09,11.776860237121582,11.776860237121582,11.776860237121582,11.776860237121582,4.228854179382324,0
2004-07-12,11.768594741821289,11.776860237121582,11.768594741821289,11.768594741821289,4.225890636444092,1694
2004-07-13,11.495867729187012,11.884298324584961,11.363636016845703,11.776860237121582,4.228854179382324,2662
2004-07-14,11.876032829284668,11.876032829284668,11.363636016845703,11.785123825073242,4.231823444366455,7865
2004-07-15,11.785123825073242,11.785123825073242,11.785123825073242,11.785123825073242,4.231823444366455,0
2004-07-16,11.785123825073242,11.785123825073242,11.785123825073242,11.785123825073242,4.231823444366455,0
2004-07-19,11.785123825073242,11.785123825073242,11.785123825073242,11.785123825073242,4.231823444366455,0
2004-07-20,11.785123825073242,11.785123825073242,11.785123825073242,11.785123825073242,4.231823444366455,0
2004-07-21,11.446281433105469,11.776860237121582,11.446281433105469,11.776860237121582,4.228854179382324,968
2004-07-22,11.776860237121582,11.776860237121582,11.776860237121582,11.776860237121582,4.228854179382324,726
2004-07-23,11.776860237121582,11.776860237121582,11.776860237121582,11.776860237121582,4.228854179382324,0
2004-07-26,11.776860237121582,11.776860237121582,11.776860237121582,11.776860237121582,4.228854179382324,2178
2004-07-27,11.776860237121582,11.776860237121582,11.776860237121582,11.776860237121582,4.228854179382324,121
2004-07-28,11.198347091674805,11.363636016845703,11.198347091674805,11.363636016845703,4.080476760864258,847
2004-07-29,12.190082550048828,12.190082550048828,12.190082550048828,12.190082550048828,4.377236843109131,121
2004-07-30,12.190082550048828,12.190082550048828,11.231405258178711,11.586776733398438,4.160599231719971,2057
2004-08-02,11.570247650146484,11.65289306640625,11.570247650146484,11.644627571105957,4.181374549865723,4356
2004-08-03,11.65289306640625,11.677685737609863,11.65289306640625,11.669421195983887,4.1902756690979,2783
2004-08-04,11.65289306640625,11.65289306640625,11.65289306640625,11.65289306640625,4.184340000152588,3509
2004-08-05,11.65289306640625,11.65289306640625,11.65289306640625,11.65289306640625,4.184340000152588,363
2004-08-06,11.363636016845703,11.694214820861816,11.363636016845703,11.694214820861816,4.199181079864502,363
2004-08-09,11.694214820861816,11.694214820861816,11.694214820861816,11.694214820861816,4.199181079864502,0
2004-08-10,11.570247650146484,11.570247650146484,11.37190055847168,11.37190055847168,4.0834455490112305,484
2004-08-11,11.37190055847168,11.37190055847168,11.37190055847168,11.37190055847168,4.0834455490112305,0
2004-08-12,11.694214820861816,11.694214820861816,11.68595027923584,11.68595027923584,4.196212291717529,7260
2004-08-13,11.413223266601562,11.68595027923584,11.404958724975586,11.677685737609863,4.1932454109191895,847
2004-08-16,11.404958724975586,11.404958724975586,11.404958724975586,11.404958724975586,4.095312595367432,242
2004-08-17,11.404958724975586,11.404958724975586,11.404958724975586,11.404958724975586,4.095312595367432,0
2004-08-18,11.528925895690918,11.528925895690918,11.528925895690918,11.528925895690918,4.139829158782959,363
2004-08-19,11.528925895690918,11.528925895690918,11.528925895690918,11.528925895690918,4.139829158782959,0
2004-08-20,11.487603187561035,11.859503746032715,11.487603187561035,11.859503746032715,4.258530616760254,2904
2004-08-23,11.694214820861816,11.694214820861816,11.694214820861816,11.694214820861816,4.199181079864502,242
2004-08-24,11.735536575317383,11.735536575317383,11.495867729187012,11.495867729187012,4.127957820892334,4235
2004-08-25,11.495867729187012,11.495867729187012,11.495867729187012,11.495867729187012,4.127957820892334,0
2004-08-26,11.495867729187012,11.495867729187012,11.495867729187012,11.495867729187012,4.127957820892334,0
2004-08-27,11.677685737609863,11.735536575317383,11.65289306640625,11.65289306640625,4.184340000152588,7502
2004-08-30,11.570247650146484,11.669421195983887,11.570247650146484,11.570247650146484,4.154664039611816,1452
2004-08-31,11.570247650146484,11.702479362487793,11.570247650146484,11.65289306640625,4.184340000152588,6655
2004-09-01,11.677685737609863,11.677685737609863,11.65289306640625,11.65289306640625,4.184340000152588,4598
2004-09-02,11.776860237121582,11.776860237121582,11.462809562683105,11.65289306640625,4.184340000152588,2057
2004-09-03,11.776860237121582,11.909090995788574,11.776860237121582,11.909090995788574,4.31613302230835,1331
2004-09-07,11.776860237121582,11.776860237121582,11.776860237121582,11.776860237121582,4.268208026885986,121
2004-09-08,11.776860237121582,11.776860237121582,11.462809562683105,11.65289306640625,4.223278999328613,3993
2004-09-09,11.471074104309082,11.768594741821289,11.471074104309082,11.768594741821289,4.265214443206787,363
2004-09-10,11.768594741821289,11.768594741821289,11.768594741821289,11.768594741821289,4.265214443206787,0
2004-09-13,11.727272987365723,11.735536575317383,11.694214820861816,11.694214820861816,4.238257884979248,1573
2004-09-14,11.65289306640625,11.65289306640625,11.65289306640625,11.65289306640625,4.223278999328613,726
2004-09-15,11.735536575317383,11.735536575317383,11.694214820861816,11.694214820861816,4.238257884979248,9559
2004-09-16,11.570247650146484,11.694214820861816,11.570247650146484,11.694214820861816,4.238257884979248,3509
2004-09-17,11.735536575317383,11.735536575317383,11.65289306640625,11.65289306640625,4.223278999328613,7865
2004-09-20,11.735536575317383,12.39669418334961,11.735536575317383,12.00826358795166,4.352075576782227,2662
2004-09-21,12.39669418334961,12.528925895690918,12.272727012634277,12.438016891479492,4.50782585144043,1694
2004-09-22,12.355372428894043,12.479338645935059,11.983470916748047,12.024792671203613,4.358065605163574,7381
2004-09-23,12.024792671203613,12.272727012634277,12.024792671203613,12.272727012634277,4.447923183441162,847
2004-09-24,12.272727012634277,12.272727012634277,12.272727012634277,12.272727012634277,4.447923183441162,605
2004-09-27,12.264463424682617,12.297520637512207,12.264463424682617,12.272727012634277,4.447923183441162,7623
2004-09-28,12.157025337219238,12.157025337219238,12.05785083770752,12.05785083770752,4.370047569274902,242
2004-09-29,12.05785083770752,12.05785083770752,12.05785083770752,12.05785083770752,4.370047569274902,0
2004-09-30,12.0,12.0,12.0,12.0,4.3490800857543945,121
2004-10-01,11.900826454162598,11.917354583740234,11.900826454162598,11.909090995788574,4.31613302230835,726
2004-10-04,12.00826358795166,12.115701675415039,11.99173641204834,11.99173641204834,4.346083164215088,2662
2004-10-05,11.619834899902344,11.619834899902344,11.446281433105469,11.570247650146484,4.193326473236084,1815
2004-10-06,11.768594741821289,12.024792671203613,11.702479362487793,11.859503746032715,4.298158168792725,8954
2004-10-07,11.867769241333008,11.867769241333008,11.867769241333008,11.867769241333008,4.301155090332031,242
2004-10-08,11.876032829284668,11.876032829284668,11.876032829284668,11.876032829284668,4.304152011871338,121
2004-10-11,11.570247650146484,11.570247650146484,11.404958724975586,11.545454978942871,4.184341907501221,3267
2004-10-12,11.413223266601562,11.413223266601562,11.413223266601562,11.413223266601562,4.136419296264648,605
2004-10-13,11.446281433105469,11.446281433105469,11.421487808227539,11.421487808227539,4.139413833618164,484
2004-10-14,11.421487808227539,11.570247650146484,11.421487808227539,11.570247650146484,4.193326473236084,1210
2004-10-15,11.487603187561035,11.570247650146484,11.322314262390137,11.380165100097656,4.124436378479004,3993
2004-10-18,11.553718566894531,11.801652908325195,11.553718566894531,11.570247650146484,4.193326473236084,1936
2004-10-19,11.561983108520508,11.570247650146484,11.561983108520508,11.570247650146484,4.193326473236084,1452
2004-10-20,11.570247650146484,11.983470916748047,10.669421195983887,10.785123825073242,3.908780336380005,22264
2004-10-21,10.65289306640625,10.95041275024414,10.65289306640625,10.876032829284668,3.9417288303375244,4477
2004-10-22,10.867769241333008,11.140496253967285,10.867769241333008,11.140496253967285,4.037574291229248,605
2004-10-25,11.140496253967285,11.140496253967285,11.140496253967285,11.140496253967285,4.037574291229248,0
2004-10-26,10.66115665435791,10.95041275024414,10.66115665435791,10.95041275024414,3.9686853885650635,1331
2004-10-27,10.785123825073242,10.785123825073242,10.785123825073242,10.785123825073242,3.908780336380005,484
2004-10-28,10.743802070617676,10.743802070617676,10.223139762878418,10.719008445739746,3.884817600250244,5203
2004-10-29,10.743802070617676,10.94214916229248,10.66115665435791,10.94214916229248,3.9656901359558105,2783
2004-11-01,10.909090995788574,10.95041275024414,10.884298324584961,10.95041275024414,3.9686853885650635,3146
2004-11-02,11.239668846130371,11.322314262390137,10.958678245544434,11.322314262390137,4.103469371795654,4719
2004-11-03,11.570247650146484,11.735536575317383,11.570247650146484,11.735536575317383,4.253232002258301,847
2004-11-04,11.776860237121582,11.859503746032715,11.776860237121582,11.859503746032715,4.298158168792725,484
2004-11-05,11.859503746032715,11.859503746032715,11.859503746032715,11.859503746032715,4.298158168792725,0
2004-11-08,12.024792671203613,12.024792671203613,12.024792671203613,12.024792671203613,4.358065605163574,1089
2004-11-09,12.066116333007812,12.066116333007812,11.818181991577148,11.818181991577148,4.2831830978393555,726
2004-11-10,11.818181991577148,12.05785083770752,11.818181991577148,11.966941833496094,4.337098121643066,1694
2004-11-11,11.983470916748047,12.066116333007812,11.983470916748047,11.983470916748047,4.34309196472168,2662
2004-11-12,12.066116333007812,12.066116333007812,12.066116333007812,12.066116333007812,4.37304162979126,121
2004-11-15,12.066116333007812,12.066116333007812,12.024792671203613,12.024792671203613,4.358065605163574,847
2004-11-16,12.066116333007812,12.305785179138184,12.066116333007812,12.305785179138184,4.459903717041016,2662
2004-11-17,12.39669418334961,12.39669418334961,12.39669418334961,12.39669418334961,4.492851734161377,605
2004-11-18,11.776860237121582,12.727272987365723,11.776860237121582,12.702479362487793,4.60367488861084,3509
2004-11-19,12.024792671203613,13.34710693359375,11.900826454162598,13.223139762878418,4.792374134063721,5324
2004-11-22,13.223139762878418,14.173554420471191,13.223139762878418,13.239668846130371,4.798364162445068,10406
2004-11-23,13.297520637512207,13.95041275024414,13.297520637512207,13.842974662780762,5.017017364501953,2420
2004-11-24,13.966941833496094,15.462809562683105,13.966941833496094,15.280991554260254,5.53818941116333,8833
2004-11-26,15.280991554260254,15.280991554260254,14.983470916748047,15.190082550048828,5.505239486694336,5203
2004-11-29,14.876032829284668,15.206611633300781,14.876032829284668,15.181818008422852,5.5022454261779785,7018
2004-11-30,15.165288925170898,15.272727012634277,15.0,15.0,5.436349391937256,18997
2004-12-01,15.0,15.390909194946289,14.854544639587402,15.227272987365723,5.562544822692871,9020
2004-12-02,15.227272987365723,15.227272987365723,15.227272987365723,15.227272987365723,5.562544822692871,990
2004-12-03,15.027273178100586,15.03636360168457,15.027273178100586,15.027273178100586,5.489485263824463,1650
2004-12-06,14.590909004211426,14.590909004211426,14.100000381469727,14.118182182312012,5.157390594482422,3740
2004-12-07,14.345455169677734,14.345455169677734,14.190909385681152,14.190909385681152,5.183958530426025,440
2004-12-08,14.090909004211426,14.090909004211426,13.918182373046875,13.918182373046875,5.084329605102539,1210
2004-12-09,13.863636016845703,13.909090995788574,13.681818008422852,13.681818008422852,4.997986793518066,4180
2004-12-10,13.636363983154297,13.636363983154297,13.363636016845703,13.363636016845703,4.881753444671631,1320
2004-12-13,13.363636016845703,13.363636016845703,13.363636016845703,13.363636016845703,4.881753444671631,0
2004-12-14,13.527273178100586,13.636363983154297,13.527273178100586,13.636363983154297,4.981382369995117,1540
2004-12-15,13.636363983154297,13.636363983154297,13.445454597473145,13.57272720336914,4.95813512802124,1540
2004-12-16,13.5,13.627272605895996,13.454545021057129,13.481818199157715,4.924928188323975,2750
2004-12-17,13.454545021057129,13.581817626953125,13.381817817687988,13.581817626953125,4.961457252502441,17820
2004-12-20,13.418182373046875,13.454545021057129,13.363636016845703,13.363636016845703,4.881753444671631,35530
2004-12-21,13.409090995788574,13.627272605895996,13.409090995788574,13.5090913772583,4.934889793395996,12100
2004-12-22,13.409090995788574,13.618182182312012,13.318181991577148,13.363636016845703,4.881753444671631,44770
2004-12-23,13.545454978942871,13.545454978942871,13.53636360168457,13.53636360168457,4.944850921630859,2970
2004-12-27,13.53636360168457,13.53636360168457,13.53636360168457,13.53636360168457,4.944850921630859,770
2004-12-28,13.53636360168457,13.53636360168457,13.53636360168457,13.53636360168457,4.944850921630859,0
2004-12-29,13.481818199157715,13.481818199157715,13.481818199157715,13.481818199157715,4.924928188323975,14960
2004-12-30,13.46363639831543,13.46363639831543,13.46363639831543,13.46363639831543,4.918284893035889,1210
2004-12-31,13.53636360168457,13.545454978942871,13.454545021057129,13.53636360168457,4.944850921630859,57750
2005-01-03,13.272727012634277,13.545454978942871,13.272727012634277,13.545454978942871,4.948174476623535,1210
2005-01-04,13.636363983154297,13.636363983154297,13.409090995788574,13.409090995788574,4.8983612060546875,330
2005-01-05,14.0,14.545454978942871,14.0,14.090909004211426,5.147427558898926,2420
2005-01-06,13.636363983154297,13.9909086227417,13.272727012634277,13.9909086227417,5.110899925231934,5610
2005-01-07,13.409090995788574,13.945454597473145,13.272727012634277,13.845455169677734,5.057765960693359,6600
2005-01-10,14.0,14.0,14.0,14.0,5.114220142364502,330
2005-01-11,14.0,14.0,13.863636016845703,14.0,5.114220142364502,2200
2005-01-12,14.0,14.0,13.863636016845703,13.863636016845703,5.064406394958496,330
2005-01-13,13.818181991577148,13.818181991577148,13.800000190734863,13.800000190734863,5.041159629821777,660
2005-01-14,13.645455360412598,13.82727336883545,13.645455360412598,13.772727012634277,5.031197547912598,2200
2005-01-18,13.663636207580566,14.0,13.409090995788574,13.763635635375977,5.0278754234313965,5500
2005-01-19,13.409090995788574,13.854544639587402,13.409090995788574,13.409090995788574,4.8983612060546875,3410
2005-01-20,13.627272605895996,13.627272605895996,13.409090995788574,13.409090995788574,4.8983612060546875,660
2005-01-21,13.409090995788574,13.409090995788574,13.409090995788574,13.409090995788574,4.8983612060546875,1100
2005-01-24,13.627272605895996,13.627272605895996,13.627272605895996,13.627272605895996,4.978060245513916,220
2005-01-25,13.409090995788574,13.418182373046875,13.409090995788574,13.418182373046875,4.9016804695129395,1100
2005-01-26,13.409090995788574,13.409090995788574,13.409090995788574,13.409090995788574,4.8983612060546875,440
2005-01-27,13.409090995788574,13.418182373046875,13.409090995788574,13.409090995788574,4.8983612060546875,2530
2005-01-28,13.409090995788574,13.409090995788574,13.409090995788574,13.409090995788574,4.8983612060546875,3850
2005-01-31,13.409090995788574,13.590909004211426,13.409090995788574,13.545454978942871,4.948174476623535,880
2005-02-01,13.409090995788574,13.636363983154297,13.409090995788574,13.636363983154297,4.981382369995117,4950
2005-02-02,13.545454978942871,13.545454978942871,13.418182373046875,13.42727279663086,4.905001163482666,1100
2005-02-03,13.418182373046875,13.518181800842285,13.409090995788574,13.5090913772583,4.934889793395996,2530
2005-02-04,13.627272605895996,13.636363983154297,13.57272720336914,13.636363983154297,4.981382369995117,1980
2005-02-07,13.581817626953125,13.636363983154297,13.581817626953125,13.636363983154297,4.981382369995117,1650
2005-02-08,13.545454978942871,13.545454978942871,13.545454978942871,13.545454978942871,4.948174476623535,1870
2005-02-09,13.545454978942871,13.545454978942871,13.545454978942871,13.545454978942871,4.948174476623535,0
2005-02-10,13.545454978942871,13.545454978942871,13.545454978942871,13.545454978942871,4.948174476623535,0
2005-02-11,13.545454978942871,13.545454978942871,13.545454978942871,13.545454978942871,4.948174476623535,0
2005-02-14,13.409090995788574,13.581817626953125,12.918182373046875,13.5,4.931570529937744,20790
2005-02-15,13.57272720336914,13.590909004211426,13.472726821899414,13.590909004211426,4.96477746963501,990
2005-02-16,13.590909004211426,13.590909004211426,13.590909004211426,13.590909004211426,4.96477746963501,0
2005-02-17,13.590909004211426,13.590909004211426,13.590909004211426,13.590909004211426,4.96477746963501,0
2005-02-18,13.590909004211426,13.590909004211426,13.590909004211426,13.590909004211426,4.96477746963501,0
2005-02-22,13.545454978942871,13.57272720336914,13.32727336883545,13.372727394104004,4.885076522827148,5060
2005-02-23,13.227272987365723,13.5,12.981818199157715,13.5,4.931570529937744,5610
2005-02-24,13.409090995788574,13.409090995788574,13.263635635375977,13.263635635375977,4.845224380493164,1210
2005-02-25,13.136363983154297,13.445454597473145,12.863636016845703,13.445454597473145,4.911645412445068,3520
2005-02-28,13.445454597473145,13.5,13.318181991577148,13.5,4.931570529937744,3960
2005-03-01,13.399999618530273,13.409090995788574,13.090909004211426,13.190909385681152,4.818658351898193,14410
2005-03-02,13.5,13.5,13.181818008422852,13.318181991577148,4.865152359008789,1100
2005-03-03,13.4909086227417,13.5,12.736364364624023,12.736364364624023,4.652609825134277,5500
2005-03-04,13.090909004211426,13.4909086227417,13.090909004211426,13.181818008422852,4.860435485839844,2530
2005-03-07,13.181818008422852,13.181818008422852,13.17272663116455,13.17272663116455,4.857084274291992,770
2005-03-08,13.5,13.5,13.127272605895996,13.363636016845703,4.927475929260254,2970
2005-03-09,13.363636016845703,13.363636016845703,13.363636016845703,13.363636016845703,4.927475929260254,0
2005-03-10,13.363636016845703,13.363636016845703,13.363636016845703,13.363636016845703,4.927475929260254,0
2005-03-11,13.409090995788574,13.409090995788574,13.409090995788574,13.409090995788574,4.944238662719727,110
2005-03-14,13.399999618530273,13.399999618530273,13.399999618530273,13.399999618530273,4.940886497497559,110
2005-03-15,13.399999618530273,13.399999618530273,13.181818008422852,13.181818008422852,4.860435485839844,1650
2005-03-16,13.390909194946289,13.399999618530273,13.390909194946289,13.399999618530273,4.940886497497559,2640
2005-03-17,13.399999618530273,13.399999618530273,13.399999618530273,13.399999618530273,4.940886497497559,0
2005-03-18,13.363636016845703,13.363636016845703,13.127272605895996,13.363636016845703,4.927475929260254,2750
2005-03-21,12.818181991577148,13.181818008422852,12.818181991577148,13.181818008422852,4.860435485839844,330
2005-03-22,13.181818008422852,13.181818008422852,13.181818008422852,13.181818008422852,4.860435485839844,330
2005-03-23,12.909090995788574,13.363636016845703,12.909090995788574,13.227272987365723,4.877197742462158,880
2005-03-24,13.227272987365723,13.227272987365723,13.227272987365723,13.227272987365723,4.877197742462158,0
2005-03-28,13.227272987365723,13.227272987365723,13.227272987365723,13.227272987365723,4.877197742462158,0
2005-03-29,12.727272987365723,13.0,12.727272987365723,12.736364364624023,4.696186542510986,7260
2005-03-30,12.890909194946289,12.981818199157715,12.890909194946289,12.981818199157715,4.786690711975098,440
2005-03-31,12.872727394104004,12.945454597473145,12.727272987365723,12.945454597473145,4.773284912109375,3300
2005-04-01,12.727272987365723,12.727272987365723,12.272727012634277,12.636363983154297,4.659315586090088,2970
2005-04-04,12.5,12.5,12.354544639587402,12.4909086227417,4.605684280395508,2530
2005-04-05,12.454545021057129,12.454545021057129,12.445454597473145,12.445454597473145,4.588921070098877,660
2005-04-06,12.272727012634277,12.345455169677734,12.272727012634277,12.272727012634277,4.5252366065979,990
2005-04-07,12.263635635375977,12.32727336883545,12.263635635375977,12.272727012634277,4.5252366065979,3190
2005-04-08,12.272727012634277,12.272727012634277,12.272727012634277,12.272727012634277,4.5252366065979,440
2005-04-11,12.272727012634277,12.272727012634277,12.272727012634277,12.272727012634277,4.5252366065979,0
2005-04-12,12.272727012634277,12.272727012634277,12.272727012634277,12.272727012634277,4.5252366065979,440
2005-04-13,12.090909004211426,12.227272987365723,11.681818008422852,12.227272987365723,4.508477210998535,2200
2005-04-14,12.227272987365723,12.227272987365723,12.227272987365723,12.227272987365723,4.508477210998535,0
2005-04-15,12.227272987365723,12.227272987365723,12.227272987365723,12.227272987365723,4.508477210998535,0
2005-04-18,11.363636016845703,12.272727012634277,11.363636016845703,12.227272987365723,4.508477210998535,990
2005-04-19,12.227272987365723,12.227272987365723,12.227272987365723,12.227272987365723,4.508477210998535,0
2005-04-20,12.0,12.0,11.818181991577148,11.818181991577148,4.357632637023926,4840
2005-04-21,11.818181991577148,12.272727012634277,11.818181991577148,12.272727012634277,4.5252366065979,550
2005-04-22,11.609090805053711,12.272727012634277,11.609090805053711,11.9909086227417,4.421323776245117,6600
2005-04-25,12.254545211791992,12.254545211791992,11.981818199157715,12.0,4.424674987792969,770
2005-04-26,11.818181991577148,11.818181991577148,11.818181991577148,11.818181991577148,4.357632637023926,660
2005-04-27,11.818181991577148,11.818181991577148,11.181818008422852,11.718181610107422,4.3207621574401855,1760
2005-04-28,11.718181610107422,11.718181610107422,11.5,11.609090805053711,4.280536651611328,2200
2005-04-29,11.818181991577148,11.818181991577148,11.818181991577148,11.818181991577148,4.357632637023926,220
2005-05-02,10.909090995788574,11.709091186523438,10.909090995788574,11.381817817687988,4.196736812591553,5610
2005-05-03,11.363636016845703,11.818181991577148,11.363636016845703,11.818181991577148,4.357632637023926,440
2005-05-04,11.363636016845703,11.863636016845703,11.363636016845703,11.863636016845703,4.374393463134766,2310
2005-05-05,11.909090995788574,11.909090995788574,11.800000190734863,11.818181991577148,4.357632637023926,2090
2005-05-06,11.363636016845703,11.727272987365723,11.363636016845703,11.727272987365723,4.324112415313721,330
2005-05-09,11.727272987365723,11.727272987365723,11.227272987365723,11.399999618530273,4.203442096710205,4180
2005-05-10,11.627272605895996,11.627272605895996,11.272727012634277,11.5,4.240312576293945,6600
2005-05-11,11.227272987365723,11.227272987365723,11.227272987365723,11.227272987365723,4.13975191116333,2310
2005-05-12,11.136363983154297,11.272727012634277,11.136363983154297,11.272727012634277,4.156512260437012,2200
2005-05-13,12.272727012634277,12.272727012634277,11.300000190734863,11.300000190734863,4.166568279266357,14850
2005-05-16,11.272727012634277,11.590909004211426,11.272727012634277,11.272727012634277,4.156512260437012,3300
2005-05-17,11.281818389892578,11.818181991577148,10.636363983154297,11.609090805053711,4.280536651611328,11110
2005-05-18,11.363636016845703,11.909090995788574,11.363636016845703,11.909090995788574,4.3911542892456055,3190
2005-05-19,11.727272987365723,12.045454978942871,11.636363983154297,12.045454978942871,4.441433429718018,3190
2005-05-20,12.045454978942871,12.272727012634277,11.93636417388916,12.090909004211426,4.458192348480225,3850
2005-05-23,12.181818008422852,12.181818008422852,12.181818008422852,12.181818008422852,4.491714954376221,110
2005-05-24,12.272727012634277,12.272727012634277,12.181818008422852,12.181818008422852,4.491714954376221,440
2005-05-25,12.054545402526855,12.181818008422852,11.854544639587402,11.854544639587402,4.413863182067871,1320
2005-05-26,11.854544639587402,11.854544639587402,11.854544639587402,11.854544639587402,4.413863182067871,0
2005-05-27,11.818181991577148,12.227272987365723,11.818181991577148,12.227272987365723,4.552644729614258,2420
2005-05-31,11.863636016845703,12.227272987365723,11.818181991577148,12.181818008422852,4.5357184410095215,1650
2005-06-01,12.263635635375977,12.263635635375977,12.045454978942871,12.045454978942871,4.4849443435668945,550
2005-06-02,12.227272987365723,12.354544639587402,12.227272987365723,12.354544639587402,4.600030899047852,2310
2005-06-03,12.32727336883545,12.32727336883545,12.045454978942871,12.045454978942871,4.4849443435668945,1210
2005-06-06,12.090909004211426,12.090909004211426,12.081817626953125,12.081817626953125,4.498482704162598,880
2005-06-07,11.818181991577148,12.318181991577148,11.763635635375977,12.045454978942871,4.4849443435668945,990
2005-06-08,12.309090614318848,12.354544639587402,12.309090614318848,12.354544639587402,4.600030899047852,330
2005-06-09,12.272727012634277,12.272727012634277,12.272727012634277,12.272727012634277,4.569568157196045,1650
2005-06-10,12.272727012634277,12.272727012634277,12.136363983154297,12.272727012634277,4.569568157196045,1760
2005-06-13,12.272727012634277,12.272727012634277,12.090909004211426,12.090909004211426,4.501867294311523,2640
2005-06-14,12.272727012634277,12.272727012634277,11.699999809265137,12.272727012634277,4.569568157196045,2200
2005-06-15,12.254545211791992,12.272727012634277,12.254545211791992,12.272727012634277,4.569568157196045,440
2005-06-16,11.818181991577148,11.818181991577148,11.818181991577148,11.818181991577148,4.400322437286377,330
2005-06-17,11.681818008422852,11.681818008422852,11.681818008422852,11.681818008422852,4.349549770355225,660
2005-06-20,12.181818008422852,12.181818008422852,11.245454788208008,11.363636016845703,4.2310791015625,13640
2005-06-21,11.681818008422852,11.681818008422852,11.363636016845703,11.627272605895996,4.329241752624512,1430
2005-06-22,11.818181991577148,11.818181991577148,11.818181991577148,11.818181991577148,4.400322437286377,990
2005-06-23,11.818181991577148,11.909090995788574,11.818181991577148,11.909090995788574,4.434172630310059,990
2005-06-24,11.818181991577148,11.818181991577148,11.818181991577148,11.818181991577148,4.400322437286377,990
2005-06-27,12.181818008422852,12.181818008422852,11.381817817687988,12.181818008422852,4.5357184410095215,2640
2005-06-28,12.181818008422852,12.181818008422852,12.0,12.0,4.468021392822266,440
2005-06-29,12.0,12.0,12.0,12.0,4.468021392822266,440
2005-06-30,11.42727279663086,11.981818199157715,11.42727279663086,11.981818199157715,4.461249351501465,440
2005-07-01,11.981818199157715,11.981818199157715,11.981818199157715,11.981818199157715,4.461249351501465,0
2005-07-05,12.0,12.0,12.0,12.0,4.468021392822266,110
2005-07-06,12.0,12.0,12.0,12.0,4.468021392822266,440
2005-07-07,12.0,12.0,12.0,12.0,4.468021392822266,110
2005-07-08,11.909090995788574,11.909090995788574,11.909090995788574,11.909090995788574,4.434172630310059,110
2005-07-11,11.409090995788574,11.800000190734863,11.409090995788574,11.699999809265137,4.356319904327393,1760
2005-07-12,11.699999809265137,11.699999809265137,11.699999809265137,11.699999809265137,4.356319904327393,0
2005-07-13,11.881817817687988,11.881817817687988,11.590909004211426,11.590909004211426,4.315702438354492,1320
2005-07-14,11.67272663116455,11.699999809265137,11.67272663116455,11.699999809265137,4.356319904327393,440
2005-07-15,11.681818008422852,11.681818008422852,11.681818008422852,11.681818008422852,4.349549770355225,660
2005-07-18,11.681818008422852,11.681818008422852,11.681818008422852,11.681818008422852,4.349549770355225,660
2005-07-19,11.681818008422852,11.681818008422852,11.363636016845703,11.590909004211426,4.315702438354492,2420
2005-07-20,11.272727012634277,11.590909004211426,11.272727012634277,11.590909004211426,4.315702438354492,5390
2005-07-21,11.590909004211426,11.590909004211426,11.590909004211426,11.590909004211426,4.315702438354492,0
2005-07-22,11.272727012634277,11.781818389892578,11.0,11.227272987365723,4.180306911468506,3630
2005-07-25,11.0,11.609090805053711,11.0,11.609090805053711,4.322470664978027,1650
2005-07-26,11.818181991577148,11.818181991577148,11.818181991577148,11.818181991577148,4.400322437286377,220
2005-07-27,11.818181991577148,11.818181991577148,11.818181991577148,11.818181991577148,4.400322437286377,0
2005-07-28,11.818181991577148,11.818181991577148,11.818181991577148,11.818181991577148,4.400322437286377,0
2005-07-29,11.363636016845703,11.381817817687988,11.363636016845703,11.363636016845703,4.2310791015625,1320
2005-08-01,11.363636016845703,11.363636016845703,11.145455360412598,11.263635635375977,4.193847179412842,1540
2005-08-02,11.109090805053711,11.145455360412598,11.090909004211426,11.145455360412598,4.149842739105225,2420
2005-08-03,11.290908813476562,11.290908813476562,11.136363983154297,11.136363983154297,4.146460056304932,1210
2005-08-04,11.136363983154297,11.136363983154297,11.136363983154297,11.136363983154297,4.146460056304932,770
2005-08-05,11.018181800842285,11.07272720336914,11.018181800842285,11.07272720336914,4.122766017913818,1210
2005-08-08,11.07272720336914,11.07272720336914,11.07272720336914,11.07272720336914,4.122766017913818,0
2005-08-09,11.07272720336914,11.07272720336914,11.07272720336914,11.07272720336914,4.122766017913818,0
2005-08-10,11.272727012634277,11.272727012634277,11.018181800842285,11.145455360412598,4.149842739105225,2750
2005-08-11,11.209091186523438,11.209091186523438,11.136363983154297,11.136363983154297,4.146460056304932,1650
2005-08-12,11.090909004211426,11.090909004211426,10.909090995788574,11.090909004211426,4.129533767700195,1210
2005-08-15,11.090909004211426,11.090909004211426,11.090909004211426,11.090909004211426,4.129533767700195,0
2005-08-16,11.263635635375977,11.272727012634277,11.209091186523438,11.272727012634277,4.197231769561768,3850
2005-08-17,11.227272987365723,11.227272987365723,11.136363983154297,11.136363983154297,4.146460056304932,10340
2005-08-18,11.136363983154297,11.136363983154297,11.136363983154297,11.136363983154297,4.146460056304932,5390
2005-08-19,10.96363639831543,11.136363983154297,10.93636417388916,11.045454978942871,4.112611293792725,31790
2005-08-22,11.136363983154297,11.136363983154297,11.045454978942871,11.136363983154297,4.146460056304932,37290
2005-08-23,11.53636360168457,11.53636360168457,11.03636360168457,11.136363983154297,4.146460056304932,1650
2005-08-24,11.136363983154297,11.181818008422852,11.136363983154297,11.181818008422852,4.163382053375244,8360
2005-08-25,11.181818008422852,11.227272987365723,11.181818008422852,11.227272987365723,4.180306911468506,2860
2005-08-26,11.227272987365723,11.227272987365723,11.227272987365723,11.227272987365723,4.180306911468506,0
2005-08-29,11.53636360168457,11.53636360168457,11.245454788208008,11.245454788208008,4.187077045440674,2310
2005-08-30,11.272727012634277,11.272727012634277,11.272727012634277,11.272727012634277,4.197231769561768,660
2005-08-31,11.272727012634277,11.272727012634277,11.272727012634277,11.272727012634277,4.197231769561768,880
2005-09-01,11.363636016845703,11.727272987365723,11.363636016845703,11.454545021057129,4.264928340911865,1650
2005-09-02,11.136363983154297,11.136363983154297,11.136363983154297,11.136363983154297,4.146460056304932,220
2005-09-06,11.154544830322266,11.590909004211426,11.154544830322266,11.590909004211426,4.361992835998535,5830
2005-09-07,11.300000190734863,11.590909004211426,11.300000190734863,11.590909004211426,4.361992835998535,2640
2005-09-08,11.272727012634277,11.590909004211426,11.227272987365723,11.590909004211426,4.361992835998535,2420
2005-09-09,11.227272987365723,11.227272987365723,11.227272987365723,11.227272987365723,4.22514533996582,660
2005-09-12,11.363636016845703,11.454545021057129,11.363636016845703,11.454545021057129,4.31067419052124,1210
2005-09-13,11.454545021057129,11.454545021057129,11.454545021057129,11.454545021057129,4.31067419052124,550
2005-09-14,11.590909004211426,11.590909004211426,11.590909004211426,11.590909004211426,4.361992835998535,220
2005-09-15,11.590909004211426,11.590909004211426,11.590909004211426,11.590909004211426,4.361992835998535,880
2005-09-16,11.209091186523438,11.518181800842285,10.92727279663086,11.309090614318848,4.255935192108154,2200
2005-09-19,11.5,11.5,11.5,11.5,4.327780723571777,1100
2005-09-20,11.781818389892578,11.800000190734863,11.445454597473145,11.445454597473145,4.307254314422607,770
2005-09-21,11.445454597473145,11.445454597473145,11.445454597473145,11.445454597473145,4.307254314422607,0
2005-09-22,11.445454597473145,11.445454597473145,11.445454597473145,11.445454597473145,4.307254314422607,0
2005-09-23,11.445454597473145,11.445454597473145,11.445454597473145,11.445454597473145,4.307254314422607,0
2005-09-26,11.272727012634277,11.272727012634277,11.272727012634277,11.272727012634277,4.242251396179199,330
2005-09-27,11.681818008422852,11.818181991577148,11.363636016845703,11.46363639831543,4.314095973968506,4950
2005-09-28,11.409090995788574,11.409090995788574,11.409090995788574,11.409090995788574,4.293568134307861,7370
2005-09-29,11.409090995788574,11.409090995788574,11.409090995788574,11.409090995788574,4.293568134307861,0
2005-09-30,11.318181991577148,11.318181991577148,11.318181991577148,11.318181991577148,4.259356498718262,550
2005-10-03,11.363636016845703,11.363636016845703,11.136363983154297,11.136363983154297,4.190935134887695,550
2005-10-04,11.136363983154297,11.136363983154297,11.136363983154297,11.136363983154297,4.190935134887695,0
2005-10-05,11.363636016845703,11.363636016845703,11.136363983154297,11.136363983154297,4.190935134887695,990
2005-10-06,11.57272720336914,11.57272720336914,11.57272720336914,11.57272720336914,4.355151176452637,220
2005-10-07,11.109090805053711,11.109090805053711,10.909090995788574,10.909090995788574,4.105403900146484,4730
2005-10-10,10.790908813476562,11.127272605895996,10.790908813476562,11.127272605895996,4.187513828277588,330
2005-10-11,10.800000190734863,10.800000190734863,10.281818389892578,10.318181991577148,3.883028984069824,7480
2005-10-12,10.654544830322266,11.136363983154297,10.654544830322266,10.745454788208008,4.043821811676025,1870
2005-10-13,10.754545211791992,10.909090995788574,10.754545211791992,10.909090995788574,4.105403900146484,770
2005-10-14,10.909090995788574,10.909090995788574,10.818181991577148,10.818181991577148,4.071192264556885,1430
2005-10-17,10.818181991577148,10.818181991577148,10.818181991577148,10.818181991577148,4.071192264556885,110
2005-10-18,10.454545021057129,10.454545021057129,10.454545021057129,10.454545021057129,3.9343461990356445,330
2005-10-19,10.809090614318848,10.809090614318848,10.454545021057129,10.454545021057129,3.9343461990356445,550
2005-10-20,10.818181991577148,10.909090995788574,10.818181991577148,10.909090995788574,4.105403900146484,440
2005-10-21,10.909090995788574,10.909090995788574,10.909090995788574,10.909090995788574,4.105403900146484,550
2005-10-24,10.909090995788574,10.909090995788574,10.636363983154297,10.636363983154297,4.002769470214844,1540
2005-10-25,11.118182182312012,11.136363983154297,11.118182182312012,11.136363983154297,4.190935134887695,880
2005-10-26,11.136363983154297,11.136363983154297,11.136363983154297,11.136363983154297,4.190935134887695,330
2005-10-27,10.781818389892578,10.781818389892578,10.781818389892578,10.781818389892578,4.057507514953613,660
2005-10-28,10.699999809265137,10.699999809265137,10.690909385681152,10.699999809265137,4.0267157554626465,1430
2005-10-31,10.854544639587402,10.863636016845703,10.854544639587402,10.863636016845703,4.088296890258789,660
2005-11-01,10.909090995788574,10.909090995788574,10.890909194946289,10.890909194946289,4.0985636711120605,220
2005-11-02,10.890909194946289,10.890909194946289,10.890909194946289,10.890909194946289,4.0985636711120605,0
2005-11-03,11.136363983154297,11.136363983154297,10.909090995788574,10.909090995788574,4.105403900146484,1540
2005-11-04,10.909090995788574,10.909090995788574,10.899999618530273,10.899999618530273,4.101982593536377,1100
2005-11-07,10.618182182312012,10.618182182312012,10.618182182312012,10.618182182312012,3.995926856994629,440
2005-11-08,10.618182182312012,10.618182182312012,10.618182182312012,10.618182182312012,3.995926856994629,0
2005-11-09,10.909090995788574,10.909090995788574,10.909090995788574,10.909090995788574,4.105403900146484,1100
2005-11-10,10.627272605895996,10.909090995788574,10.109090805053711,10.109090805053711,3.804340362548828,3850
2005-11-11,10.445454597473145,10.681818008422852,10.445454597473145,10.590909004211426,3.985663414001465,3300
2005-11-14,10.67272663116455,10.863636016845703,10.67272663116455,10.727272987365723,4.03698205947876,880
2005-11-15,10.909090995788574,10.909090995788574,10.699999809265137,10.699999809265137,4.0267157554626465,2860
2005-11-16,10.918182373046875,10.918182373046875,10.772727012634277,10.863636016845703,4.088296890258789,660
2005-11-17,10.954545021057129,11.518181800842285,10.945454597473145,11.5090913772583,4.33120059967041,19580
2005-11-18,11.809090614318848,11.818181991577148,11.809090614318848,11.809090614318848,4.444099426269531,2860
2005-11-21,11.545454978942871,12.263635635375977,11.545454978942871,12.263635635375977,4.615159511566162,6710
2005-11-22,12.272727012634277,12.390909194946289,11.363636016845703,12.272727012634277,4.618581771850586,9460
2005-11-23,12.272727012634277,12.727272987365723,12.272727012634277,12.718181610107422,4.786217212677002,4070
2005-11-25,12.518181800842285,12.518181800842285,12.518181800842285,12.518181800842285,4.7109503746032715,110
2005-11-28,12.809090614318848,13.181818008422852,12.527273178100586,12.772727012634277,4.80674409866333,7480
2005-11-29,12.772727012634277,12.972726821899414,11.772727012634277,11.818181991577148,4.447520732879639,18480
2005-11-30,11.190909385681152,11.727272987365723,10.9909086227417,11.46363639831543,4.353612899780273,6380
2005-12-01,11.46363639831543,11.46363639831543,11.46363639831543,11.46363639831543,4.353612899780273,0
2005-12-02,11.46363639831543,11.46363639831543,11.46363639831543,11.46363639831543,4.353612899780273,0
2005-12-05,10.909090995788574,11.100000381469727,10.909090995788574,10.92727279663086,4.149917125701904,2420
2005-12-06,10.92727279663086,10.92727279663086,10.909090995788574,10.909090995788574,4.14301061630249,330
2005-12-07,11.136363983154297,11.136363983154297,10.863636016845703,10.863636016845703,4.125746250152588,770
2005-12-08,10.863636016845703,10.981818199157715,10.863636016845703,10.981818199157715,4.170630931854248,330
2005-12-09,10.654544830322266,11.109090805053711,10.654544830322266,11.109090805053711,4.218964576721191,1430
2005-12-12,10.945454597473145,10.945454597473145,10.945454597473145,10.945454597473145,4.156820774078369,660
2005-12-13,10.727272987365723,10.727272987365723,10.709091186523438,10.709091186523438,4.067055702209473,440
2005-12-14,10.681818008422852,10.681818008422852,10.681818008422852,10.681818008422852,4.056697845458984,990
2005-12-15,10.718181610107422,10.854544639587402,10.681818008422852,10.854544639587402,4.122293949127197,2750
2005-12-16,10.854544639587402,11.57272720336914,10.854544639587402,11.454545021057129,4.350160121917725,2640
2005-12-19,11.56363582611084,11.57272720336914,11.454545021057129,11.454545021057129,4.350160121917725,880
2005-12-20,11.454545021057129,11.454545021057129,10.727272987365723,10.818181991577148,4.108484745025635,63360
2005-12-21,10.899999618530273,11.390909194946289,10.890909194946289,10.918182373046875,4.1464619636535645,1760
2005-12-22,10.600000381469727,10.909090995788574,10.600000381469727,10.909090995788574,4.14301061630249,330
2005-12-23,11.127272605895996,11.127272605895996,11.127272605895996,11.127272605895996,4.225870609283447,330
2005-12-27,10.818181991577148,10.818181991577148,10.818181991577148,10.818181991577148,4.108484745025635,220
2005-12-28,10.909090995788574,11.136363983154297,10.109090805053711,11.136363983154297,4.229322910308838,2860
2005-12-29,10.909090995788574,10.909090995788574,10.318181991577148,10.318181991577148,3.9185967445373535,2090
2005-12-30,11.045454978942871,11.045454978942871,11.045454978942871,11.045454978942871,4.194798469543457,1210
2006-01-03,11.018181800842285,11.018181800842285,11.0,11.018181800842285,4.184440612792969,1980
2006-01-04,11.090909004211426,11.090909004211426,10.909090995788574,10.909090995788574,4.14301061630249,880
2006-01-05,10.909090995788574,10.909090995788574,10.909090995788574,10.909090995788574,4.14301061630249,2640
2006-01-06,11.163636207580566,11.17272663116455,10.709091186523438,10.709091186523438,4.067055702209473,990
2006-01-09,10.909090995788574,10.909090995788574,10.818181991577148,10.845455169677734,4.118843078613281,5280
2006-01-10,10.836363792419434,10.890909194946289,10.254545211791992,10.636363983154297,4.0394368171691895,15950
2006-01-11,10.790908813476562,10.854544639587402,10.32727336883545,10.854544639587402,4.122293949127197,7370
2006-01-12,10.9909086227417,11.17272663116455,10.636363983154297,10.863636016845703,4.125746250152588,10010
2006-01-13,10.863636016845703,10.899999618530273,10.863636016845703,10.899999618530273,4.139557838439941,1870
2006-01-17,10.909090995788574,10.945454597473145,10.909090995788574,10.945454597473145,4.156820774078369,1320
2006-01-18,10.945454597473145,10.945454597473145,10.945454597473145,10.945454597473145,4.156820774078369,990
2006-01-19,11.363636016845703,11.363636016845703,11.354544639587402,11.354544639587402,4.312182903289795,1980
2006-01-20,11.354544639587402,11.354544639587402,11.054545402526855,11.054545402526855,4.198248386383057,2970
2006-01-23,11.272727012634277,11.272727012634277,11.272727012634277,11.272727012634277,4.281111717224121,110
2006-01-24,11.045454978942871,11.136363983154297,10.909090995788574,10.909090995788574,4.14301061630249,2750
2006-01-25,10.909090995788574,10.909090995788574,10.863636016845703,10.863636016845703,4.125746250152588,1320
2006-01-26,10.909090995788574,10.909090995788574,10.909090995788574,10.909090995788574,4.14301061630249,1540
2006-01-27,11.17272663116455,11.336363792419434,11.100000381469727,11.100000381469727,4.215513229370117,990
2006-01-30,11.145455360412598,11.145455360412598,11.136363983154297,11.136363983154297,4.229322910308838,1320
2006-01-31,11.354544639587402,11.354544639587402,10.681818008422852,10.909090995788574,4.14301061630249,1430
2006-02-01,10.909090995788574,10.909090995788574,10.909090995788574,10.909090995788574,4.14301061630249,1760
2006-02-02,10.909090995788574,10.909090995788574,10.727272987365723,10.727272987365723,4.073959827423096,880
2006-02-03,10.727272987365723,10.727272987365723,10.727272987365723,10.727272987365723,4.073959827423096,0
2006-02-06,10.46363639831543,10.46363639831543,10.46363639831543,10.46363639831543,3.9738376140594482,220
2006-02-07,10.636363983154297,10.636363983154297,10.5,10.5,3.987647533416748,550
2006-02-08,10.681818008422852,10.681818008422852,10.681818008422852,10.681818008422852,4.056697845458984,110
2006-02-09,10.681818008422852,10.681818008422852,10.681818008422852,10.681818008422852,4.056697845458984,770
2006-02-10,10.5,10.663636207580566,10.254545211791992,10.663636207580566,4.04979133605957,1650
2006-02-13,10.590909004211426,10.881817817687988,10.590909004211426,10.727272987365723,4.073959827423096,1210
2006-02-14,10.727272987365723,10.727272987365723,10.727272987365723,10.727272987365723,4.073959827423096,0
2006-02-15,10.590909004211426,10.636363983154297,10.227272987365723,10.309090614318848,3.915144443511963,1870
2006-02-16,10.227272987365723,10.5,10.227272987365723,10.32727336883545,3.9220499992370605,1760
2006-02-17,10.318181991577148,10.454545021057129,10.309090614318848,10.309090614318848,3.915144443511963,2090
2006-02-21,10.363636016845703,10.454545021057129,10.245454788208008,10.245454788208008,3.8909764289855957,2310
2006-02-22,10.272727012634277,10.272727012634277,10.0,10.0,3.7977607250213623,17160
2006-02-23,10.0090913772583,10.163636207580566,10.0,10.0,3.7977607250213623,6160
2006-02-24,10.181818008422852,10.42727279663086,10.054545402526855,10.054545402526855,3.8184735774993896,1980
2006-02-27,10.42727279663086,10.42727279663086,10.07272720336914,10.07272720336914,3.8253769874572754,1210
2006-02-28,10.82727336883545,10.82727336883545,10.82727336883545,10.82727336883545,4.111937046051025,1100
2006-03-01,10.854544639587402,10.854544639587402,10.018181800842285,10.06363582611084,3.821927785873413,1540
2006-03-02,10.227272987365723,10.227272987365723,10.227272987365723,10.227272987365723,3.884073495864868,220
2006-03-03,10.663636207580566,10.67272663116455,10.181818008422852,10.181818008422852,3.866809844970703,2420
2006-03-06,10.354544639587402,10.354544639587402,10.354544639587402,10.354544639587402,3.9324076175689697,330
2006-03-07,10.127272605895996,10.136363983154297,10.127272605895996,10.136363983154297,3.849545955657959,1760
2006-03-08,10.027273178100586,10.06363582611084,9.845455169677734,9.845455169677734,3.7831757068634033,2640
2006-03-09,9.845455169677734,10.190909385681152,9.845455169677734,9.845455169677734,3.7831757068634033,1430
2006-03-10,9.972726821899414,10.0,9.972726821899414,10.0,3.842562198638916,7260
2006-03-13,10.027273178100586,10.227272987365723,9.972726821899414,9.9909086227417,3.8390679359436035,4840
2006-03-14,10.027273178100586,10.100000381469727,9.972726821899414,9.972726821899414,3.832080125808716,1210
2006-03-15,10.03636360168457,10.381817817687988,10.03636360168457,10.381817817687988,3.9892778396606445,2420
2006-03-16,10.018181800842285,10.363636016845703,10.0090913772583,10.363636016845703,3.9822885990142822,990
2006-03-17,10.100000381469727,10.290908813476562,10.090909004211426,10.181818008422852,3.912425994873047,2420
2006-03-20,10.336363792419434,10.336363792419434,10.090909004211426,10.090909004211426,3.877493143081665,5940
2006-03-21,10.07272720336914,10.07272720336914,10.07272720336914,10.07272720336914,3.8705039024353027,220
2006-03-22,10.0090913772583,10.090909004211426,9.57272720336914,9.57272720336914,3.678377151489258,6160
2006-03-23,9.600000381469727,9.772727012634277,9.600000381469727,9.645455360412598,3.7063252925872803,1540
2006-03-24,9.645455360412598,9.645455360412598,9.645455360412598,9.645455360412598,3.7063252925872803,0
2006-03-27,9.800000190734863,9.818181991577148,9.699999809265137,9.818181991577148,3.7726948261260986,1320
2006-03-28,9.945454597473145,9.945454597473145,9.727272987365723,9.909090995788574,3.8076298236846924,3300
2006-03-29,10.090909004211426,10.090909004211426,9.918182373046875,9.918182373046875,3.8111207485198975,1430
2006-03-30,9.954545021057129,9.954545021057129,9.954545021057129,9.954545021057129,3.825093984603882,220
2006-03-31,10.0,10.0,10.0,10.0,3.842562198638916,880
2006-04-03,10.090909004211426,10.090909004211426,9.772727012634277,9.772727012634277,3.7552313804626465,770
2006-04-04,9.772727012634277,9.772727012634277,9.727272987365723,9.727272987365723,3.737762928009033,2420
2006-04-05,9.727272987365723,9.727272987365723,9.727272987365723,9.727272987365723,3.737762928009033,0
2006-04-06,9.654544830322266,9.67272663116455,9.645455360412598,9.67272663116455,3.7168047428131104,2970
2006-04-07,9.690909385681152,9.690909385681152,9.681818008422852,9.681818008422852,3.72029709815979,440
2006-04-10,9.636363983154297,9.636363983154297,9.636363983154297,9.636363983154297,3.702829360961914,660
2006-04-11,9.890909194946289,9.93636417388916,9.645455360412598,9.93636417388916,3.818108081817627,1760
2006-04-12,9.681818008422852,9.681818008422852,9.636363983154297,9.636363983154297,3.702829360961914,3740
2006-04-13,9.745454788208008,9.745454788208008,9.56363582611084,9.56363582611084,3.6748852729797363,1100
2006-04-17,9.763635635375977,9.763635635375977,9.618182182312012,9.745454788208008,3.744750738143921,1980
2006-04-18,9.763635635375977,9.763635635375977,9.754545211791992,9.754545211791992,3.7482426166534424,1430
2006-04-19,9.57272720336914,9.772727012634277,9.57272720336914,9.590909004211426,3.685364246368408,4510
2006-04-20,9.636363983154297,9.772727012634277,9.590909004211426,9.718181610107422,3.734269142150879,1980
2006-04-21,9.772727012634277,9.772727012634277,9.772727012634277,9.772727012634277,3.7552313804626465,220
2006-04-24,9.772727012634277,9.96363639831543,9.772727012634277,9.96363639831543,3.8285884857177734,440
2006-04-25,9.618182182312012,9.863636016845703,9.618182182312012,9.863636016845703,3.790160655975342,990
2006-04-26,9.93636417388916,10.090909004211426,9.93636417388916,10.090909004211426,3.877493143081665,1980
2006-04-27,10.07272720336914,10.07272720336914,9.800000190734863,9.818181991577148,3.7726948261260986,7700
2006-04-28,9.93636417388916,9.93636417388916,9.909090995788574,9.909090995788574,3.8076298236846924,990
2006-05-01,9.972726821899414,10.0,9.96363639831543,9.96363639831543,3.8285884857177734,7370
2006-05-02,9.9909086227417,10.07272720336914,9.945454597473145,10.0,3.842562198638916,6050
2006-05-03,9.981818199157715,10.090909004211426,9.981818199157715,10.0,3.842562198638916,7920
2006-05-04,9.981818199157715,10.0,9.981818199157715,9.981818199157715,3.835574150085449,7370
2006-05-05,10.0,10.109090805053711,10.0,10.109090805053711,3.8844778537750244,8250
2006-05-08,10.090909004211426,10.272727012634277,10.090909004211426,10.272727012634277,3.9473581314086914,2750
2006-05-09,10.318181991577148,10.318181991577148,10.272727012634277,10.318181991577148,3.9648232460021973,2310
2006-05-10,10.272727012634277,10.272727012634277,10.227272987365723,10.227272987365723,3.929891586303711,1540
2006-05-11,10.227272987365723,10.227272987365723,10.227272987365723,10.227272987365723,3.929891586303711,0
2006-05-12,10.227272987365723,10.43636417388916,10.227272987365723,10.42727279663086,4.00674295425415,1870
2006-05-15,10.518181800842285,10.518181800842285,10.518181800842285,10.518181800842285,4.0416741371154785,330
2006-05-16,10.272727012634277,10.5090913772583,10.272727012634277,10.272727012634277,3.9473581314086914,2530
2006-05-17,10.5090913772583,10.5090913772583,10.454545021057129,10.481818199157715,4.027703762054443,3410
2006-05-18,10.609090805053711,10.754545211791992,10.609090805053711,10.754545211791992,4.1324992179870605,2530
2006-05-19,10.809090614318848,10.909090995788574,10.727272987365723,10.781818389892578,4.142980098724365,4620
2006-05-22,10.636363983154297,10.899999618530273,10.609090805053711,10.609090805053711,4.0766072273254395,1320
2006-05-23,10.609090805053711,10.609090805053711,10.481818199157715,10.481818199157715,4.027703762054443,770
2006-05-24,10.227272987365723,10.227272987365723,10.154544830322266,10.227272987365723,3.9747061729431152,1760
2006-05-25,10.899999618530273,10.899999618530273,10.790908813476562,10.790908813476562,4.193755626678467,550
2006-05-26,10.300000190734863,10.345455169677734,10.290908813476562,10.345455169677734,4.020637035369873,1430
2006-05-30,10.07272720336914,10.07272720336914,9.800000190734863,10.0,3.8863794803619385,660
2006-05-31,10.0,10.554545402526855,9.92727279663086,10.399999618530273,4.041835308074951,3630
2006-06-01,10.5,10.5,10.472726821899414,10.472726821899414,4.070099353790283,1100
2006-06-02,10.472726821899414,10.472726821899414,10.472726821899414,10.472726821899414,4.070099353790283,0
2006-06-05,10.472726821899414,10.472726821899414,10.472726821899414,10.472726821899414,4.070099353790283,0
2006-06-06,10.4909086227417,10.4909086227417,10.454545021057129,10.454545021057129,4.063033103942871,990
2006-06-07,10.454545021057129,10.454545021057129,10.454545021057129,10.454545021057129,4.063033103942871,0
2006-06-08,10.227272987365723,10.227272987365723,9.800000190734863,10.090909004211426,3.9217100143432617,3630
2006-06-09,9.727272987365723,9.727272987365723,9.727272987365723,9.727272987365723,3.780388116836548,220
2006-06-12,9.727272987365723,9.727272987365723,9.727272987365723,9.727272987365723,3.780388116836548,0
2006-06-13,10.0,10.0,10.0,10.0,3.8863794803619385,110
2006-06-14,9.681818008422852,9.681818008422852,9.43636417388916,9.43636417388916,3.667330026626587,3190
2006-06-15,9.763635635375977,9.836363792419434,9.56363582611084,9.56363582611084,3.7167913913726807,68200
2006-06-16,9.590909004211426,9.590909004211426,9.545454978942871,9.545454978942871,3.7097275257110596,3850
2006-06-19,9.545454978942871,9.545454978942871,9.545454978942871,9.545454978942871,3.7097275257110596,0
2006-06-20,9.545454978942871,9.881817817687988,9.545454978942871,9.881817817687988,3.8404488563537598,3850
2006-06-21,9.881817817687988,9.881817817687988,9.590909004211426,9.590909004211426,3.7273902893066406,2970
2006-06-22,9.545454978942871,9.854544639587402,9.43636417388916,9.854544639587402,3.8298492431640625,4840
2006-06-23,9.854544639587402,9.854544639587402,9.854544639587402,9.854544639587402,3.8298492431640625,1430
2006-06-26,9.56363582611084,9.654544830322266,9.56363582611084,9.654544830322266,3.7521228790283203,880
2006-06-27,9.654544830322266,9.654544830322266,9.654544830322266,9.654544830322266,3.7521228790283203,550
2006-06-28,9.636363983154297,9.96363639831543,9.636363983154297,9.800000190734863,3.8086516857147217,6380
2006-06-29,9.800000190734863,9.800000190734863,9.800000190734863,9.800000190734863,3.8086516857147217,0
2006-06-30,9.772727012634277,10.0,9.772727012634277,10.0,3.8863794803619385,8470
2006-07-03,10.0,10.0,9.918182373046875,9.918182373046875,3.8545804023742676,4180
2006-07-05,10.081817626953125,10.090909004211426,9.809090614318848,9.809090614318848,3.812185525894165,990
2006-07-06,9.818181991577148,10.045454978942871,9.790908813476562,9.790908813476562,3.805119752883911,3740
2006-07-07,9.790908813476562,10.190909385681152,9.790908813476562,10.118182182312012,3.932311534881592,4510
2006-07-10,10.136363983154297,10.181818008422852,9.809090614318848,10.018181800842285,3.893444061279297,4290
2006-07-11,10.0,10.0,9.854544639587402,9.854544639587402,3.8298492431640625,1540
2006-07-12,9.854544639587402,10.181818008422852,9.854544639587402,10.0,3.8863794803619385,4730
2006-07-13,9.772727012634277,9.772727012634277,9.772727012634277,9.772727012634277,3.7980520725250244,330
2006-07-14,9.772727012634277,9.854544639587402,9.736364364624023,9.736364364624023,3.783919334411621,1320
2006-07-17,9.709091186523438,9.9909086227417,9.709091186523438,9.709091186523438,3.7733211517333984,2090
2006-07-18,9.727272987365723,9.754545211791992,9.709091186523438,9.754545211791992,3.7909860610961914,2310
2006-07-19,9.754545211791992,9.981818199157715,9.754545211791992,9.981818199157715,3.8793129920959473,3850
2006-07-20,9.754545211791992,9.972726821899414,9.709091186523438,9.709091186523438,3.7733211517333984,2860
2006-07-21,9.727272987365723,9.727272987365723,9.590909004211426,9.636363983154297,3.7450571060180664,1540
2006-07-24,9.636363983154297,9.681818008422852,9.590909004211426,9.590909004211426,3.7273902893066406,2420
2006-07-25,9.545454978942871,9.818181991577148,9.545454978942871,9.590909004211426,3.7273902893066406,2860
2006-07-26,9.636363983154297,9.636363983154297,9.472726821899414,9.636363983154297,3.7450571060180664,7150
2006-07-27,9.727272987365723,9.772727012634277,9.727272987365723,9.772727012634277,3.7980520725250244,2310
2006-07-28,9.727272987365723,9.818181991577148,9.727272987365723,9.772727012634277,3.7980520725250244,990
2006-07-31,9.727272987365723,9.92727279663086,9.727272987365723,9.92727279663086,3.8581154346466064,550
2006-08-01,9.781818389892578,9.781818389892578,9.781818389892578,9.781818389892578,3.8015859127044678,1100
2006-08-02,9.800000190734863,9.800000190734863,9.800000190734863,9.800000190734863,3.8086516857147217,1100
2006-08-03,9.772727012634277,9.972726821899414,9.772727012634277,9.909090995788574,3.851048707962036,2530
2006-08-04,9.909090995788574,9.909090995788574,9.772727012634277,9.818181991577148,3.815718173980713,1760
2006-08-07,9.772727012634277,9.981818199157715,9.772727012634277,9.899999618530273,3.847515344619751,5720
2006-08-08,9.909090995788574,9.96363639831543,9.909090995788574,9.96363639831543,3.872246742248535,550
2006-08-09,9.96363639831543,9.96363639831543,9.899999618530273,9.899999618530273,3.847515344619751,3080
2006-08-10,9.899999618530273,9.909090995788574,9.899999618530273,9.909090995788574,3.851048707962036,550
2006-08-11,9.909090995788574,10.090909004211426,9.899999618530273,10.090909004211426,3.9217100143432617,12320
2006-08-14,10.090909004211426,10.090909004211426,9.772727012634277,9.772727012634277,3.7980520725250244,8360
2006-08-15,9.772727012634277,9.772727012634277,9.772727012634277,9.772727012634277,3.7980520725250244,220
2006-08-16,10.045454978942871,10.309090614318848,9.800000190734863,9.845455169677734,3.826320171356201,4950
2006-08-17,9.845455169677734,9.845455169677734,9.845455169677734,9.845455169677734,3.826320171356201,0
2006-08-18,10.03636360168457,10.181818008422852,10.03636360168457,10.181818008422852,3.957040786743164,660
2006-08-21,10.181818008422852,10.181818008422852,10.181818008422852,10.181818008422852,3.957040786743164,220
2006-08-22,10.181818008422852,10.181818008422852,10.17272663116455,10.17272663116455,3.9535069465637207,1650
2006-08-23,9.800000190734863,9.981818199157715,9.772727012634277,9.772727012634277,3.7980520725250244,2860
2006-08-24,9.772727012634277,9.772727012634277,9.772727012634277,9.772727012634277,3.7980520725250244,0
2006-08-25,10.109090805053711,10.109090805053711,9.818181991577148,9.818181991577148,3.815718173980713,1980
2006-08-28,9.899999618530273,9.899999618530273,9.899999618530273,9.899999618530273,3.847515344619751,220
2006-08-29,9.918182373046875,9.918182373046875,9.909090995788574,9.909090995788574,3.851048707962036,330
2006-08-30,9.790908813476562,9.790908813476562,9.790908813476562,9.790908813476562,3.805119752883911,110
2006-08-31,10.03636360168457,10.03636360168457,9.772727012634277,9.845455169677734,3.826320171356201,4730
2006-09-01,9.772727012634277,9.863636016845703,9.772727012634277,9.863636016845703,3.8333818912506104,6160
2006-09-05,9.863636016845703,10.236364364624023,9.863636016845703,10.236364364624023,3.9782400131225586,990
2006-09-06,9.763635635375977,9.763635635375977,9.763635635375977,9.763635635375977,3.8388402462005615,220
2006-09-07,9.763635635375977,9.763635635375977,9.763635635375977,9.763635635375977,3.8388402462005615,0
2006-09-08,10.0,10.0,10.0,10.0,3.9317731857299805,440
2006-09-11,10.0,10.0,10.0,10.0,3.9317731857299805,0
2006-09-12,10.0,10.0,10.0,10.0,3.9317731857299805,0
2006-09-13,10.0,10.0,10.0,10.0,3.9317731857299805,0
2006-09-14,10.0,10.0,10.0,10.0,3.9317731857299805,0
2006-09-15,10.090909004211426,10.118182182312012,10.090909004211426,10.118182182312012,3.9782400131225586,550
2006-09-18,10.0,10.045454978942871,9.790908813476562,10.045454978942871,3.9496448040008545,660
2006-09-19,10.090909004211426,10.090909004211426,9.972726821899414,9.972726821899414,3.921051263809204,880
2006-09-20,10.0,10.0,9.872727394104004,9.872727394104004,3.881732225418091,2090
2006-09-21,9.790908813476562,9.881817817687988,9.772727012634277,9.790908813476562,3.8495631217956543,1760
2006-09-22,9.790908813476562,9.790908813476562,9.790908813476562,9.790908813476562,3.8495631217956543,0
2006-09-25,9.82727336883545,9.82727336883545,9.82727336883545,9.82727336883545,3.863859176635742,220
2006-09-26,9.82727336883545,9.82727336883545,9.82727336883545,9.82727336883545,3.863859176635742,0
2006-09-27,9.872727394104004,9.872727394104004,9.772727012634277,9.772727012634277,3.8424136638641357,2200
2006-09-28,9.863636016845703,9.863636016845703,9.56363582611084,9.57272720336914,3.763777732849121,1210
2006-09-29,9.690909385681152,9.9909086227417,9.690909385681152,9.945454597473145,3.910325765609741,4950
2006-10-02,9.954545021057129,9.954545021057129,9.954545021057129,9.954545021057129,3.913900852203369,110
2006-10-03,9.872727394104004,9.872727394104004,9.736364364624023,9.736364364624023,3.8281171321868896,440
2006-10-04,9.872727394104004,9.872727394104004,9.736364364624023,9.754545211791992,3.8352646827697754,660
2006-10-05,9.772727012634277,9.772727012634277,9.772727012634277,9.772727012634277,3.8424136638641357,880
2006-10-06,9.772727012634277,9.772727012634277,9.772727012634277,9.772727012634277,3.8424136638641357,0
2006-10-09,9.863636016845703,9.872727394104004,9.790908813476562,9.790908813476562,3.8495631217956543,1100
2006-10-10,9.872727394104004,10.0,9.863636016845703,9.863636016845703,3.8781557083129883,3850
2006-10-11,9.772727012634277,9.772727012634277,9.772727012634277,9.772727012634277,3.8424136638641357,550
2006-10-12,9.772727012634277,9.772727012634277,9.772727012634277,9.772727012634277,3.8424136638641357,770
2006-10-13,9.763635635375977,10.0,9.618182182312012,9.618182182312012,3.781651020050049,2860
2006-10-16,9.972726821899414,9.972726821899414,9.618182182312012,9.618182182312012,3.781651020050049,770
2006-10-17,9.754545211791992,9.772727012634277,9.754545211791992,9.772727012634277,3.8424136638641357,1980
2006-10-18,9.709091186523438,9.972726821899414,9.681818008422852,9.681818008422852,3.806670904159546,1980
2006-10-19,9.645455360412598,9.645455360412598,9.636363983154297,9.636363983154297,3.788800001144409,1650
2006-10-20,9.800000190734863,10.399999618530273,9.727272987365723,10.272727012634277,4.039001941680908,4730
2006-10-23,10.363636016845703,10.363636016845703,9.636363983154297,9.718181610107422,3.820967435836792,7040
2006-10-24,9.763635635375977,9.772727012634277,9.727272987365723,9.727272987365723,3.82454252243042,660
2006-10-25,9.727272987365723,9.727272987365723,9.727272987365723,9.727272987365723,3.82454252243042,0
2006-10-26,9.772727012634277,9.781818389892578,9.772727012634277,9.772727012634277,3.8424136638641357,1320
2006-10-27,9.772727012634277,9.781818389892578,9.772727012634277,9.772727012634277,3.8424136638641357,10010
2006-10-30,9.727272987365723,9.772727012634277,9.727272987365723,9.727272987365723,3.82454252243042,1760
2006-10-31,9.772727012634277,9.772727012634277,9.718181610107422,9.727272987365723,3.82454252243042,440
2006-11-01,9.727272987365723,9.727272987365723,9.727272987365723,9.727272987365723,3.82454252243042,110
2006-11-02,9.636363983154297,9.727272987365723,9.454545021057129,9.454545021057129,3.717312812805176,6490
2006-11-03,9.681818008422852,9.681818008422852,9.354544639587402,9.545454978942871,3.7530572414398193,990
2006-11-06,9.5090913772583,9.5090913772583,9.5090913772583,9.5090913772583,3.7387583255767822,2200
2006-11-07,9.53636360168457,9.727272987365723,9.53636360168457,9.727272987365723,3.82454252243042,990
2006-11-08,9.727272987365723,9.845455169677734,9.727272987365723,9.845455169677734,3.8710103034973145,660
2006-11-09,9.57272720336914,9.627272605895996,9.363636016845703,9.618182182312012,3.781651020050049,4620
2006-11-10,9.727272987365723,9.727272987365723,9.318181991577148,9.363636016845703,3.6815693378448486,1320
2006-11-13,9.545454978942871,9.690909385681152,9.545454978942871,9.545454978942871,3.7530572414398193,660
2006-11-14,9.472726821899414,9.4909086227417,9.46363639831543,9.4909086227417,3.7316079139709473,660
2006-11-15,9.481818199157715,9.481818199157715,9.454545021057129,9.454545021057129,3.717312812805176,3410
2006-11-16,9.545454978942871,9.600000381469727,9.53636360168457,9.545454978942871,3.7530572414398193,5280
2006-11-17,9.545454978942871,9.545454978942871,9.545454978942871,9.545454978942871,3.7530572414398193,0
2006-11-20,9.590909004211426,9.590909004211426,9.590909004211426,9.590909004211426,3.7709274291992188,880
2006-11-21,9.545454978942871,9.545454978942871,9.545454978942871,9.545454978942871,3.7530572414398193,1100
2006-11-22,9.545454978942871,11.363636016845703,9.545454978942871,11.17272663116455,4.392860412597656,28710
2006-11-24,11.363636016845703,11.363636016845703,11.272727012634277,11.336363792419434,4.457200050354004,2970
2006-11-27,11.363636016845703,11.363636016845703,11.254545211791992,11.254545211791992,4.425031661987305,9790
2006-11-28,11.272727012634277,11.718181610107422,11.136363983154297,11.363636016845703,4.467923164367676,26950
2006-11-29,11.880000114440918,11.880000114440918,11.300000190734863,11.300000190734863,4.489523410797119,13800
2006-11-30,11.300000190734863,11.300000190734863,11.0,11.15999984741211,4.43389892578125,5400
2006-12-01,11.199999809265137,11.199999809265137,11.199999809265137,11.199999809265137,4.449790954589844,100
2006-12-04,11.199999809265137,11.229999542236328,10.890000343322754,10.989999771118164,4.366359233856201,2600
2006-12-05,10.710000038146973,10.710000038146973,10.3100004196167,10.600000381469727,4.211410045623779,6100
2006-12-06,10.369999885559082,10.5,10.170000076293945,10.180000305175781,4.0445427894592285,6500
2006-12-07,10.199999809265137,10.229999542236328,9.720000267028809,10.010000228881836,3.9770002365112305,14200
2006-12-08,10.199999809265137,10.380000114440918,10.050000190734863,10.270000457763672,4.080300331115723,2100
2006-12-11,10.380000114440918,10.649999618530273,10.380000114440918,10.550000190734863,4.1915459632873535,8000
2006-12-12,10.539999961853027,10.539999961853027,10.020000457763672,10.489999771118164,4.167705059051514,3300
2006-12-13,10.539999961853027,10.550000190734863,10.430000305175781,10.430000305175781,4.143868446350098,1800
2006-12-14,10.279999732971191,10.460000038146973,10.279999732971191,10.4399995803833,4.147842884063721,2400
2006-12-15,10.199999809265137,10.449999809265137,10.199999809265137,10.329999923706055,4.1041388511657715,5300
2006-12-18,10.220000267028809,10.329999923706055,10.199999809265137,10.229999542236328,4.064406871795654,5400
2006-12-19,10.199999809265137,10.449999809265137,10.100000381469727,10.140000343322754,4.028650283813477,8800
2006-12-20,10.25,10.25,9.9399995803833,10.020000457763672,3.9809749126434326,5800
2006-12-21,10.0,10.0,9.739999771118164,9.989999771118164,3.9690539836883545,5700
2006-12-22,9.90999984741211,9.979999542236328,9.789999961853027,9.899999618530273,3.933297872543335,2500
2006-12-26,9.949999809265137,9.949999809265137,9.770000457763672,9.9399995803833,3.949190139770508,4400
2006-12-27,9.779999732971191,9.899999618530273,9.779999732971191,9.880000114440918,3.925352096557617,3500
2006-12-28,9.760000228881836,9.880000114440918,9.75,9.850000381469727,3.91343355178833,2400
2006-12-29,9.949999809265137,9.979999542236328,9.859999656677246,9.960000038146973,3.957136869430542,11700
2007-01-03,9.949999809265137,10.199999809265137,9.949999809265137,10.180000305175781,4.0445427894592285,7800
2007-01-04,9.960000038146973,10.25,9.960000038146973,10.050000190734863,3.9928934574127197,5500
2007-01-05,10.210000038146973,10.210000038146973,10.050000190734863,10.100000381469727,4.012758731842041,8700
2007-01-08,10.100000381469727,10.100000381469727,10.050000190734863,10.050000190734863,3.9928934574127197,4000
2007-01-09,9.880000114440918,9.970000267028809,9.779999732971191,9.779999732971191,3.885622262954712,4900
2007-01-10,9.779999732971191,9.949999809265137,9.729999542236328,9.949999809265137,3.953165054321289,6000
2007-01-11,9.899999618530273,10.0,9.800000190734863,10.0,3.9730286598205566,3100
2007-01-12,10.069999694824219,10.069999694824219,9.729999542236328,9.819999694824219,3.901514768600464,2900
2007-01-16,9.859999656677246,9.859999656677246,9.859999656677246,9.859999656677246,3.917405843734741,200
2007-01-17,9.739999771118164,10.0,9.739999771118164,10.0,3.9730286598205566,2200
2007-01-18,10.100000381469727,10.100000381469727,10.0,10.0,3.9730286598205566,2700
2007-01-19,10.0,10.0,9.989999771118164,10.0,3.9730286598205566,2300
2007-01-22,10.100000381469727,10.100000381469727,10.020000457763672,10.100000381469727,4.012758731842041,7200
2007-01-23,10.09000015258789,10.130000114440918,10.09000015258789,10.130000114440918,4.0246782302856445,3900
2007-01-24,10.289999961853027,10.289999961853027,10.0,10.0,3.9730286598205566,4500
2007-01-25,10.0,10.25,10.0,10.25,4.072354316711426,1500
2007-01-26,10.319999694824219,10.319999694824219,10.3100004196167,10.3100004196167,4.096192836761475,1300
2007-01-29,10.09000015258789,10.130000114440918,10.050000190734863,10.050000190734863,3.9928934574127197,2100
2007-01-30,10.050000190734863,10.050000190734863,10.050000190734863,10.050000190734863,3.9928934574127197,0
2007-01-31,10.109999656677246,10.149999618530273,10.109999656677246,10.149999618530273,4.032624244689941,400
2007-02-01,10.149999618530273,10.199999809265137,10.149999618530273,10.199999809265137,4.052489280700684,2900
2007-02-02,10.1899995803833,10.199999809265137,10.1899995803833,10.1899995803833,4.048516273498535,3000
2007-02-05,10.4399995803833,10.59000015258789,10.260000228881836,10.270000457763672,4.080300331115723,1700
2007-02-06,10.210000038146973,10.4399995803833,10.199999809265137,10.199999809265137,4.052489280700684,1000
2007-02-07,10.229999542236328,10.229999542236328,10.199999809265137,10.199999809265137,4.052489280700684,500
2007-02-08,10.199999809265137,10.350000381469727,10.199999809265137,10.199999809265137,4.052489280700684,4200
2007-02-09,10.350000381469727,10.350000381469727,10.350000381469727,10.350000381469727,4.112085342407227,900
2007-02-12,10.569999694824219,10.569999694824219,10.199999809265137,10.199999809265137,4.052489280700684,3300
2007-02-13,10.199999809265137,10.199999809265137,10.199999809265137,10.199999809265137,4.052489280700684,900
2007-02-14,10.199999809265137,10.199999809265137,10.199999809265137,10.199999809265137,4.052489280700684,0
2007-02-15,10.300000190734863,10.579999923706055,10.199999809265137,10.199999809265137,4.052489280700684,8900
2007-02-16,10.199999809265137,10.539999961853027,10.199999809265137,10.539999961853027,4.187572002410889,900
2007-02-20,10.539999961853027,10.539999961853027,10.539999961853027,10.539999961853027,4.187572002410889,0
2007-02-21,10.680000305175781,10.6899995803833,10.229999542236328,10.329999923706055,4.1041388511657715,2100
2007-02-22,10.350000381469727,10.359999656677246,10.239999771118164,10.239999771118164,4.068379878997803,2800
2007-02-23,10.329999923706055,10.609999656677246,10.300000190734863,10.300000190734863,4.092220306396484,2800
2007-02-26,10.229999542236328,10.300000190734863,10.199999809265137,10.210000038146973,4.056462287902832,1500
2007-02-27,10.199999809265137,10.369999885559082,10.199999809265137,10.199999809265137,4.052489280700684,2100
2007-02-28,10.649999618530273,10.670000076293945,10.199999809265137,10.329999923706055,4.1041388511657715,7200
2007-03-01,10.40999984741211,10.40999984741211,10.199999809265137,10.260000228881836,4.076326370239258,1200
2007-03-02,10.260000228881836,10.260000228881836,10.260000228881836,10.260000228881836,4.076326370239258,0
2007-03-05,10.199999809265137,10.5,10.199999809265137,10.5,4.171679973602295,3100
2007-03-06,10.260000228881836,10.260000228881836,10.260000228881836,10.260000228881836,4.076326370239258,300
2007-03-07,10.130000114440918,10.369999885559082,10.119999885559082,10.369999885559082,4.172904968261719,2100
2007-03-08,10.449999809265137,10.449999809265137,10.350000381469727,10.350000381469727,4.164857387542725,2800
2007-03-09,10.449999809265137,10.449999809265137,10.199999809265137,10.199999809265137,4.104495048522949,3200
2007-03-12,10.199999809265137,10.210000038146973,10.199999809265137,10.210000038146973,4.108520030975342,300
2007-03-13,10.199999809265137,10.199999809265137,10.199999809265137,10.199999809265137,4.104495048522949,700
2007-03-14,10.199999809265137,10.359999656677246,10.199999809265137,10.210000038146973,4.108520030975342,2500
2007-03-15,10.4399995803833,10.4399995803833,10.4399995803833,10.4399995803833,4.2010722160339355,200
2007-03-16,10.199999809265137,10.220000267028809,10.199999809265137,10.210000038146973,4.108520030975342,400
2007-03-19,10.199999809265137,10.470000267028809,10.199999809265137,10.470000267028809,4.213145732879639,600
2007-03-20,10.5,10.5,10.479999542236328,10.479999542236328,4.217169284820557,1300
2007-03-21,10.399999618530273,10.399999618530273,10.369999885559082,10.369999885559082,4.172904968261719,1200
2007-03-22,10.369999885559082,10.470000267028809,10.369999885559082,10.470000267028809,4.213145732879639,600
2007-03-23,10.5,10.5,10.369999885559082,10.420000076293945,4.193023204803467,1700
2007-03-26,10.670000076293945,10.670000076293945,10.539999961853027,10.65999984741211,4.289600372314453,1700
2007-03-27,10.380000114440918,10.40999984741211,10.369999885559082,10.369999885559082,4.172904968261719,2700
2007-03-28,10.369999885559082,10.369999885559082,10.199999809265137,10.199999809265137,4.104495048522949,1400
2007-03-29,10.359999656677246,10.359999656677246,10.300000190734863,10.300000190734863,4.144735813140869,900
2007-03-30,10.369999885559082,10.369999885559082,10.199999809265137,10.199999809265137,4.104495048522949,1200
2007-04-02,10.199999809265137,10.279999732971191,10.199999809265137,10.270000457763672,4.132663726806641,1700
2007-04-03,10.199999809265137,10.569999694824219,10.199999809265137,10.449999809265137,4.20509672164917,2300
2007-04-04,10.449999809265137,10.449999809265137,10.449999809265137,10.449999809265137,4.20509672164917,0
2007-04-05,10.5,10.520000457763672,10.489999771118164,10.520000457763672,4.23326301574707,10300
2007-04-09,10.5,10.5,10.5,10.5,4.225216865539551,2500
2007-04-10,10.550000190734863,10.680000305175781,10.550000190734863,10.65999984741211,4.289600372314453,800
2007-04-11,10.699999809265137,10.699999809265137,10.539999961853027,10.539999961853027,4.241312026977539,1400
2007-04-12,10.529999732971191,10.649999618530273,10.529999732971191,10.550000190734863,4.245336055755615,1800
2007-04-13,10.5,10.710000038146973,10.5,10.710000038146973,4.309720039367676,1900
2007-04-16,10.600000381469727,10.649999618530273,10.600000381469727,10.649999618530273,4.2855753898620605,900
2007-04-17,10.59000015258789,10.699999809265137,10.59000015258789,10.619999885559082,4.273504257202148,1000
2007-04-18,10.710000038146973,10.710000038146973,10.710000038146973,10.710000038146973,4.309720039367676,1000
2007-04-19,10.649999618530273,10.649999618530273,10.5,10.510000228881836,4.229238986968994,900
2007-04-20,10.680000305175781,10.699999809265137,10.5,10.699999809265137,4.305698394775391,900
2007-04-23,10.520000457763672,10.520000457763672,10.520000457763672,10.520000457763672,4.23326301574707,100
2007-04-24,10.710000038146973,10.710000038146973,10.649999618530273,10.649999618530273,4.2855753898620605,500
2007-04-25,10.710000038146973,10.710000038146973,10.5,10.5,4.225216865539551,1800
2007-04-26,10.5600004196167,10.5600004196167,10.5600004196167,10.5600004196167,4.249359130859375,100
2007-04-27,10.5600004196167,10.5600004196167,10.5600004196167,10.5600004196167,4.249359130859375,0
2007-04-30,10.59000015258789,10.600000381469727,10.5,10.510000228881836,4.229238986968994,1400
2007-05-01,10.5,10.600000381469727,10.5,10.5,4.225216865539551,3800
2007-05-02,10.5,10.5,10.5,10.5,4.225216865539551,900
2007-05-03,10.5,10.710000038146973,10.5,10.710000038146973,4.309720039367676,19800
2007-05-04,10.600000381469727,10.600000381469727,10.600000381469727,10.600000381469727,4.265456199645996,200
2007-05-07,10.710000038146973,10.710000038146973,10.510000228881836,10.510000228881836,4.229238986968994,500
2007-05-08,10.510000228881836,10.5600004196167,10.5,10.5,4.225216865539551,700
2007-05-09,10.5,10.5,10.5,10.5,4.225216865539551,800
2007-05-10,10.5,10.5,10.5,10.5,4.225216865539551,0
2007-05-11,10.710000038146973,10.710000038146973,10.600000381469727,10.600000381469727,4.265456199645996,1100
2007-05-14,10.699999809265137,10.699999809265137,10.510000228881836,10.510000228881836,4.229238986968994,500
2007-05-15,10.550000190734863,10.550000190734863,10.5,10.5,4.225216865539551,3000
2007-05-16,10.5,10.5,10.5,10.5,4.225216865539551,1400
2007-05-17,10.5,10.550000190734863,10.5,10.550000190734863,4.245336055755615,1900
2007-05-18,10.619999885559082,10.630000114440918,10.510000228881836,10.529999732971191,4.237287521362305,1300
2007-05-21,10.529999732971191,10.579999923706055,10.510000228881836,10.579999923706055,4.257406234741211,2100
2007-05-22,10.640000343322754,10.710000038146973,10.640000343322754,10.710000038146973,4.309720039367676,1800
2007-05-23,10.579999923706055,10.579999923706055,10.390000343322754,10.390000343322754,4.232325553894043,800
2007-05-24,10.539999961853027,10.539999961853027,10.5,10.5,4.277132034301758,5300
2007-05-25,10.5,10.529999732971191,10.5,10.5,4.277132034301758,2500
2007-05-29,10.5,10.520000457763672,10.5,10.520000457763672,4.285279750823975,2500
2007-05-30,10.5,10.510000228881836,10.5,10.5,4.277132034301758,3200
2007-05-31,10.5,10.5,10.5,10.5,4.277132034301758,0
2007-06-01,10.5,10.609999656677246,10.5,10.600000381469727,4.317866802215576,1100
2007-06-04,10.609999656677246,10.699999809265137,10.550000190734863,10.699999809265137,4.358603477478027,3600
2007-06-05,10.710000038146973,10.710000038146973,10.600000381469727,10.609999656677246,4.321940898895264,1700
2007-06-06,10.5,10.5,10.5,10.5,4.277132034301758,1700
2007-06-07,10.5,10.510000228881836,10.5,10.5,4.277132034301758,4700
2007-06-08,10.640000343322754,10.649999618530273,10.640000343322754,10.640000343322754,4.334160804748535,300
2007-06-11,10.5,10.5,10.399999618530273,10.479999542236328,4.268984794616699,1700
2007-06-12,10.5,10.5,10.5,10.5,4.277132034301758,100
2007-06-13,10.5,10.6899995803833,10.5,10.6899995803833,4.354528903961182,10700
2007-06-14,10.649999618530273,10.649999618530273,10.649999618530273,10.649999618530273,4.338234901428223,100
2007-06-15,10.649999618530273,10.649999618530273,10.5,10.5,4.277132034301758,2900
2007-06-18,10.550000190734863,10.550000190734863,10.5,10.5,4.277132034301758,1300
2007-06-19,10.510000228881836,10.710000038146973,10.5,10.710000038146973,4.362677574157715,2600
2007-06-20,10.600000381469727,10.640000343322754,10.59000015258789,10.640000343322754,4.334160804748535,23100
2007-06-21,10.569999694824219,10.59000015258789,10.569999694824219,10.59000015258789,4.31379508972168,400
2007-06-22,10.59000015258789,10.59000015258789,10.449999809265137,10.449999809265137,4.256763458251953,5100
2007-06-25,10.569999694824219,10.579999923706055,10.5600004196167,10.5600004196167,4.301573753356934,3900
2007-06-26,10.5,10.520000457763672,10.449999809265137,10.449999809265137,4.256763458251953,2600
2007-06-27,10.449999809265137,10.579999923706055,10.449999809265137,10.489999771118164,4.2730584144592285,2800
2007-06-28,10.550000190734863,10.550000190734863,10.550000190734863,10.550000190734863,4.2975006103515625,600
2007-06-29,10.5,10.550000190734863,10.5,10.550000190734863,4.2975006103515625,8300
2007-07-02,10.5,10.5,10.5,10.5,4.277132034301758,1500
2007-07-03,10.460000038146973,10.460000038146973,10.460000038146973,10.460000038146973,4.260838985443115,2300
2007-07-05,10.460000038146973,10.460000038146973,10.460000038146973,10.460000038146973,4.260838985443115,0
2007-07-06,10.550000190734863,10.579999923706055,10.550000190734863,10.579999923706055,4.309720039367676,1200
2007-07-09,10.5,10.5,10.5,10.5,4.277132034301758,2700
2007-07-10,10.5,10.5,10.460000038146973,10.460000038146973,4.260838985443115,2700
2007-07-11,10.5,10.5,10.5,10.5,4.277132034301758,800
2007-07-12,10.539999961853027,10.579999923706055,10.539999961853027,10.579999923706055,4.309720039367676,1900
2007-07-13,10.5,10.5,10.5,10.5,4.277132034301758,400
2007-07-16,10.5,10.5,10.5,10.5,4.277132034301758,1200
2007-07-17,10.5,10.5,10.5,10.5,4.277132034301758,700
2007-07-18,10.5,10.579999923706055,10.5,10.579999923706055,4.309720039367676,1300
2007-07-19,10.5,10.5,10.5,10.5,4.277132034301758,1300
2007-07-20,10.579999923706055,10.579999923706055,10.5,10.5,4.277132034301758,2500
2007-07-23,10.5600004196167,10.569999694824219,10.5,10.5,4.277132034301758,1400
2007-07-24,10.5,10.579999923706055,10.5,10.5,4.277132034301758,3900
2007-07-25,10.359999656677246,10.569999694824219,10.260000228881836,10.569999694824219,4.305647373199463,1200
2007-07-26,10.569999694824219,10.579999923706055,10.350000381469727,10.579999923706055,4.309720039367676,1400
2007-07-27,10.5600004196167,10.579999923706055,10.5600004196167,10.579999923706055,4.309720039367676,1900
2007-07-30,10.449999809265137,10.539999961853027,10.449999809265137,10.5,4.277132034301758,400
2007-07-31,10.550000190734863,10.550000190734863,10.449999809265137,10.470000267028809,4.264912128448486,1000
2007-08-01,10.449999809265137,10.449999809265137,10.449999809265137,10.449999809265137,4.256763458251953,700
2007-08-02,10.270000457763672,10.390000343322754,10.25,10.390000343322754,4.232325553894043,3100
2007-08-03,10.449999809265137,10.449999809265137,10.449999809265137,10.449999809265137,4.256763458251953,3200
2007-08-06,10.350000381469727,10.350000381469727,10.25,10.300000190734863,4.1956634521484375,1800
2007-08-07,10.399999618530273,10.399999618530273,10.25,10.350000381469727,4.216029167175293,2200
2007-08-08,10.350000381469727,10.350000381469727,10.350000381469727,10.350000381469727,4.216029167175293,0
2007-08-09,10.430000305175781,10.430000305175781,10.270000457763672,10.279999732971191,4.187516689300537,400
2007-08-10,10.279999732971191,10.279999732971191,10.279999732971191,10.279999732971191,4.187516689300537,0
2007-08-13,10.279999732971191,10.279999732971191,10.279999732971191,10.279999732971191,4.187516689300537,0
2007-08-14,10.569999694824219,10.569999694824219,10.569999694824219,10.569999694824219,4.305647373199463,400
2007-08-15,10.569999694824219,10.569999694824219,10.569999694824219,10.569999694824219,4.305647373199463,0
2007-08-16,10.569999694824219,10.569999694824219,10.569999694824219,10.569999694824219,4.305647373199463,0
2007-08-17,10.3100004196167,10.489999771118164,10.300000190734863,10.449999809265137,4.256763458251953,2200
2007-08-20,10.600000381469727,10.600000381469727,10.399999618530273,10.59000015258789,4.31379508972168,1000
2007-08-21,10.600000381469727,10.600000381469727,10.579999923706055,10.600000381469727,4.317866802215576,3200
2007-08-22,10.75,10.819999694824219,10.739999771118164,10.819999694824219,4.40748405456543,2000
2007-08-23,10.850000381469727,10.949999809265137,10.5,10.5,4.277132034301758,4600
2007-08-24,11.390000343322754,11.390000343322754,10.289999961853027,10.380000114440918,4.228250026702881,7400
2007-08-27,10.3100004196167,10.3100004196167,10.300000190734863,10.300000190734863,4.1956634521484375,700
2007-08-28,10.300000190734863,10.300000190734863,10.300000190734863,10.300000190734863,4.1956634521484375,500
2007-08-29,10.300000190734863,10.300000190734863,10.300000190734863,10.300000190734863,4.1956634521484375,200
2007-08-30,10.470000267028809,10.470000267028809,10.470000267028809,10.470000267028809,4.264912128448486,100
2007-08-31,10.5,10.5,10.5,10.5,4.277132034301758,1000
2007-09-04,10.5,10.529999732971191,10.5,10.5,4.277132034301758,3900
2007-09-05,10.430000305175781,11.369999885559082,10.399999618530273,11.34000015258789,4.677211284637451,1300
2007-09-06,11.390000343322754,11.399999618530273,11.380000114440918,11.380000114440918,4.693708896636963,3000
2007-09-07,11.380000114440918,11.380000114440918,10.5,10.550000190734863,4.351375579833984,1400
2007-09-10,11.180000305175781,11.180000305175781,11.0,11.0,4.536978721618652,600
2007-09-11,10.609999656677246,10.609999656677246,10.5,10.579999923706055,4.363748550415039,2200
2007-09-12,10.5,10.5,10.5,10.5,4.330751895904541,500
2007-09-13,10.5,10.5,10.5,10.5,4.330751895904541,300
2007-09-14,10.5,10.5,10.5,10.5,4.330751895904541,0
2007-09-17,10.59000015258789,10.619999885559082,10.5,10.619999885559082,4.380247592926025,2000
2007-09-18,10.619999885559082,10.619999885559082,10.619999885559082,10.619999885559082,4.380247592926025,0
2007-09-19,10.6899995803833,10.75,10.510000228881836,10.75,4.433865070343018,1400
2007-09-20,10.90999984741211,10.960000038146973,10.680000305175781,10.680000305175781,4.404994487762451,1000
2007-09-21,10.899999618530273,10.899999618530273,10.899999618530273,10.899999618530273,4.495733737945557,300
2007-09-24,10.9399995803833,10.949999809265137,10.899999618530273,10.899999618530273,4.495733737945557,1300
2007-09-25,10.680000305175781,11.350000381469727,10.680000305175781,11.350000381469727,4.681335926055908,3500
2007-09-26,11.350000381469727,11.350000381469727,11.350000381469727,11.350000381469727,4.681335926055908,0
2007-09-27,11.220000267028809,11.229999542236328,11.220000267028809,11.229999542236328,4.631840705871582,500
2007-09-28,11.5,11.5,10.529999732971191,11.390000343322754,4.697835922241211,2100
2007-10-01,11.390000343322754,11.390000343322754,10.5600004196167,10.619999885559082,4.380247592926025,5000
2007-10-02,10.5,10.699999809265137,10.5,10.699999809265137,4.413242340087891,600
2007-10-03,10.979999542236328,10.979999542236328,10.770000457763672,10.819999694824219,4.462736129760742,1200
2007-10-04,10.760000228881836,11.0,10.75,11.0,4.536978721618652,1900
2007-10-05,11.0,11.0,10.760000228881836,10.770000457763672,4.442113876342773,1700
2007-10-08,11.0,11.0,10.649999618530273,10.65999984741211,4.396744251251221,2700
2007-10-09,10.800000190734863,11.0,10.5600004196167,10.5600004196167,4.355498313903809,1200
2007-10-10,10.9399995803833,10.989999771118164,10.930000305175781,10.930000305175781,4.508106231689453,1200
2007-10-11,11.0,11.0,10.819999694824219,10.859999656677246,4.479233741760254,1100
2007-10-12,10.680000305175781,10.880000114440918,10.680000305175781,10.800000190734863,4.454488277435303,2100
2007-10-15,10.800000190734863,10.800000190734863,10.800000190734863,10.800000190734863,4.454488277435303,0
2007-10-16,10.65999984741211,10.65999984741211,10.260000228881836,10.300000190734863,4.248260974884033,21500
2007-10-17,10.579999923706055,10.579999923706055,10.489999771118164,10.5,4.330751895904541,900
2007-10-18,10.319999694824219,10.460000038146973,10.319999694824219,10.460000038146973,4.3142547607421875,300
2007-10-19,10.460000038146973,10.460000038146973,10.460000038146973,10.460000038146973,4.3142547607421875,0
2007-10-22,10.420000076293945,10.420000076293945,10.420000076293945,10.420000076293945,4.297755718231201,300
2007-10-23,10.399999618530273,10.399999618530273,10.300000190734863,10.300000190734863,4.248260974884033,3100
2007-10-24,10.350000381469727,10.350000381469727,10.350000381469727,10.350000381469727,4.268884181976318,200
2007-10-25,10.34000015258789,10.34000015258789,10.300000190734863,10.300000190734863,4.248260974884033,1300
2007-10-26,10.300000190734863,10.300000190734863,10.300000190734863,10.300000190734863,4.248260974884033,0
2007-10-29,10.329999923706055,10.34000015258789,10.329999923706055,10.34000015258789,4.264758586883545,300
2007-10-30,10.34000015258789,10.34000015258789,10.34000015258789,10.34000015258789,4.264758586883545,0
2007-10-31,10.329999923706055,10.34000015258789,10.329999923706055,10.329999923706055,4.26063346862793,800
2007-11-01,10.300000190734863,10.489999771118164,10.300000190734863,10.319999694824219,4.256509304046631,1600
2007-11-02,10.3100004196167,10.3100004196167,10.300000190734863,10.300000190734863,4.248260974884033,1500
2007-11-05,10.399999618530273,10.5,10.399999618530273,10.460000038146973,4.3142547607421875,1800
2007-11-06,10.3100004196167,10.380000114440918,10.3100004196167,10.380000114440918,4.281257629394531,500
2007-11-07,10.380000114440918,10.380000114440918,10.380000114440918,10.380000114440918,4.281257629394531,0
2007-11-08,10.40999984741211,10.5,10.40999984741211,10.5,4.330751895904541,6500
2007-11-09,10.380000114440918,10.399999618530273,10.380000114440918,10.399999618530273,4.289506435394287,600
2007-11-12,10.779999732971191,11.0,10.430000305175781,10.430000305175781,4.301879405975342,1700
2007-11-13,10.420000076293945,10.420000076293945,10.300000190734863,10.300000190734863,4.248260974884033,5300
2007-11-14,10.489999771118164,10.5,10.489999771118164,10.5,4.330751895904541,500
2007-11-15,10.300000190734863,10.300000190734863,10.300000190734863,10.300000190734863,4.248260974884033,400
2007-11-16,10.300000190734863,10.300000190734863,10.300000190734863,10.300000190734863,4.248260974884033,1400
2007-11-19,10.5,10.5,10.300000190734863,10.300000190734863,4.248260974884033,500
2007-11-20,10.300000190734863,10.300000190734863,10.300000190734863,10.300000190734863,4.248260974884033,400
2007-11-21,10.300000190734863,10.300000190734863,10.300000190734863,10.300000190734863,4.248260974884033,0
2007-11-23,10.4399995803833,10.4399995803833,10.329999923706055,10.329999923706055,4.26063346862793,400
2007-11-26,10.329999923706055,10.329999923706055,10.329999923706055,10.329999923706055,4.26063346862793,0
2007-11-27,10.300000190734863,10.59000015258789,10.300000190734863,10.59000015258789,4.36787223815918,1500
2007-11-28,10.59000015258789,10.59000015258789,10.59000015258789,10.59000015258789,4.42215633392334,0
2007-11-29,10.3100004196167,10.3100004196167,10.300000190734863,10.300000190734863,4.301059246063232,300
2007-11-30,10.3100004196167,10.3100004196167,10.3100004196167,10.3100004196167,4.305235385894775,200
2007-12-03,10.329999923706055,10.34000015258789,10.300000190734863,10.300000190734863,4.301059246063232,900
2007-12-04,10.300000190734863,10.989999771118164,10.300000190734863,10.989999771118164,4.589189529418945,4700
2007-12-05,10.3100004196167,10.3100004196167,10.300000190734863,10.300000190734863,4.301059246063232,900
2007-12-06,10.300000190734863,10.300000190734863,10.300000190734863,10.300000190734863,4.301059246063232,0
2007-12-07,10.300000190734863,10.300000190734863,10.300000190734863,10.300000190734863,4.301059246063232,0
2007-12-10,10.40999984741211,10.699999809265137,10.300000190734863,10.3100004196167,4.305235385894775,1100
2007-12-11,10.300000190734863,10.300000190734863,10.300000190734863,10.300000190734863,4.301059246063232,500
2007-12-12,10.619999885559082,10.619999885559082,10.300000190734863,10.300000190734863,4.301059246063232,3500
2007-12-13,10.489999771118164,10.489999771118164,10.300000190734863,10.300000190734863,4.301059246063232,1800
2007-12-14,10.300000190734863,10.300000190734863,10.300000190734863,10.300000190734863,4.301059246063232,900
2007-12-17,10.680000305175781,10.680000305175781,10.300000190734863,10.300000190734863,4.301059246063232,200
2007-12-18,10.300000190734863,10.300000190734863,10.300000190734863,10.300000190734863,4.301059246063232,600
2007-12-19,10.619999885559082,10.619999885559082,10.300000190734863,10.5,4.384576797485352,2500
2007-12-20,10.5,10.5,10.300000190734863,10.300000190734863,4.301059246063232,6400
2007-12-21,10.5,10.5,10.300000190734863,10.319999694824219,4.30941104888916,2000
2007-12-24,10.300000190734863,10.300000190734863,10.300000190734863,10.300000190734863,4.301059246063232,1800
2007-12-26,10.100000381469727,10.119999885559082,10.100000381469727,10.119999885559082,4.225895404815674,2300
2007-12-27,10.149999618530273,10.180000305175781,10.149999618530273,10.149999618530273,4.238422870635986,1500
2007-12-28,10.149999618530273,10.300000190734863,10.149999618530273,10.149999618530273,4.238422870635986,3200
2007-12-31,10.149999618530273,10.479999542236328,10.149999618530273,10.479999542236328,4.376223087310791,2500
2008-01-02,10.149999618530273,10.149999618530273,10.149999618530273,10.149999618530273,4.238422870635986,1800
2008-01-03,10.149999618530273,10.149999618530273,10.149999618530273,10.149999618530273,4.238422870635986,200
2008-01-04,10.479999542236328,10.479999542236328,10.149999618530273,10.300000190734863,4.301059246063232,1400
2008-01-07,10.479999542236328,10.489999771118164,10.449999809265137,10.449999809265137,4.363696098327637,1300
2008-01-08,10.300000190734863,10.300000190734863,10.300000190734863,10.300000190734863,4.301059246063232,800
2008-01-09,10.34000015258789,10.34000015258789,10.300000190734863,10.300000190734863,4.301059246063232,3000
2008-01-10,10.779999732971191,10.779999732971191,10.319999694824219,10.319999694824219,4.30941104888916,200
2008-01-11,10.699999809265137,10.789999961853027,10.600000381469727,10.600000381469727,4.426331520080566,500
2008-01-14,10.5,10.5,10.319999694824219,10.319999694824219,4.30941104888916,300
2008-01-15,10.319999694824219,10.319999694824219,9.1899995803833,10.09000015258789,4.213366985321045,7600
2008-01-16,9.399999618530273,9.399999618530273,9.369999885559082,9.369999885559082,3.912713050842285,1700
2008-01-17,9.050000190734863,9.9399995803833,9.050000190734863,9.050000190734863,3.779087781906128,2600
2008-01-18,9.050000190734863,9.050000190734863,8.699999809265137,8.699999809265137,3.632935047149658,2000
2008-01-22,8.34000015258789,8.960000038146973,8.279999732971191,8.699999809265137,3.632935047149658,2600
2008-01-23,8.75,8.949999809265137,8.75,8.760000228881836,3.657989740371704,2200
2008-01-24,9.0,9.0,8.760000228881836,8.760000228881836,3.657989740371704,1800
2008-01-25,9.0600004196167,9.0600004196167,8.800000190734863,8.960000038146973,3.7415049076080322,1100
2008-01-28,8.979999542236328,8.979999542236328,8.979999542236328,8.979999542236328,3.749854803085327,200
2008-01-29,8.979999542236328,8.979999542236328,8.979999542236328,8.979999542236328,3.749854803085327,300
2008-01-30,9.4399995803833,9.5,8.989999771118164,8.989999771118164,3.7540316581726074,2100
2008-01-31,9.010000228881836,9.010000228881836,8.979999542236328,8.979999542236328,3.749854803085327,800
2008-02-01,9.520000457763672,9.520000457763672,8.979999542236328,8.979999542236328,3.749854803085327,1100
2008-02-04,8.979999542236328,8.979999542236328,8.979999542236328,8.979999542236328,3.749854803085327,200
2008-02-05,9.5,9.5,9.5,9.5,3.9669973850250244,2600
2008-02-06,9.5,9.899999618530273,9.5,9.899999618530273,4.134029388427734,400
2008-02-07,9.5,9.5,9.5,9.5,3.9669973850250244,400
2008-02-08,9.899999618530273,9.899999618530273,9.720000267028809,9.739999771118164,4.067215442657471,1400
2008-02-11,9.5,10.399999618530273,9.170000076293945,9.170000076293945,3.8291966915130615,4100
2008-02-12,9.170000076293945,9.170000076293945,9.170000076293945,9.170000076293945,3.8291966915130615,0
2008-02-13,10.0,10.989999771118164,10.0,10.079999923706055,4.209190845489502,2100
2008-02-14,10.029999732971191,10.029999732971191,9.3100004196167,9.319999694824219,3.891831159591675,800
2008-02-15,10.489999771118164,10.489999771118164,9.25,9.25,3.862602472305298,600
2008-02-19,9.25,10.40999984741211,9.25,10.25,4.280179500579834,600
2008-02-20,9.5,9.5,9.5,9.5,3.9669973850250244,100
2008-02-21,10.199999809265137,10.199999809265137,10.199999809265137,10.199999809265137,4.259302139282227,100
2008-02-22,10.199999809265137,10.199999809265137,10.199999809265137,10.199999809265137,4.259302139282227,0
2008-02-25,9.979999542236328,9.989999771118164,9.300000190734863,9.989999771118164,4.171610355377197,1000
2008-02-26,9.989999771118164,9.989999771118164,9.989999771118164,9.989999771118164,4.171610355377197,0
2008-02-27,9.989999771118164,9.989999771118164,9.989999771118164,9.989999771118164,4.171610355377197,0
2008-02-28,9.989999771118164,9.989999771118164,9.989999771118164,9.989999771118164,4.171610355377197,0
2008-02-29,9.300000190734863,9.319999694824219,9.300000190734863,9.319999694824219,3.891831159591675,400
2008-03-03,9.300000190734863,9.449999809265137,9.25,9.25,3.862602472305298,5300
2008-03-04,9.25,9.25,9.25,9.25,3.862602472305298,0
2008-03-05,9.149999618530273,9.880000114440918,9.149999618530273,9.640000343322754,4.082838535308838,1100
2008-03-06,9.640000343322754,9.640000343322754,9.640000343322754,9.640000343322754,4.082838535308838,0
2008-03-07,9.180000305175781,9.180000305175781,9.149999618530273,9.149999618530273,3.875307321548462,1800
2008-03-10,9.199999809265137,9.199999809265137,9.199999809265137,9.199999809265137,3.896484851837158,600
2008-03-11,9.199999809265137,9.199999809265137,9.199999809265137,9.199999809265137,3.896484851837158,0
2008-03-12,9.199999809265137,9.199999809265137,9.199999809265137,9.199999809265137,3.896484851837158,0
2008-03-13,9.199999809265137,9.199999809265137,9.199999809265137,9.199999809265137,3.896484851837158,0
2008-03-14,9.199999809265137,9.210000038146973,9.199999809265137,9.210000038146973,3.9007201194763184,800
2008-03-17,9.199999809265137,9.5,9.199999809265137,9.25,3.9176621437072754,2600
2008-03-18,9.229999542236328,9.229999542236328,9.199999809265137,9.199999809265137,3.896484851837158,6700
2008-03-19,9.649999618530273,9.649999618530273,9.199999809265137,9.199999809265137,3.896484851837158,600
2008-03-20,9.630000114440918,9.649999618530273,9.350000381469727,9.350000381469727,3.960015296936035,4300
2008-03-24,9.239999771118164,9.239999771118164,9.239999771118164,9.239999771118164,3.913426399230957,400
2008-03-25,9.239999771118164,9.239999771118164,9.239999771118164,9.239999771118164,3.913426399230957,0
2008-03-26,9.640000343322754,9.649999618530273,9.630000114440918,9.630000114440918,4.078604221343994,600
2008-03-27,9.25,9.649999618530273,9.25,9.649999618530273,4.087073802947998,500
2008-03-28,9.75,10.59000015258789,9.75,10.0,4.235309600830078,400
2008-03-31,9.649999618530273,9.75,9.5,9.739999771118164,4.125191688537598,4600
2008-04-01,9.25,9.289999961853027,9.25,9.289999961853027,3.934603452682495,500
2008-04-02,9.25,9.25,9.25,9.25,3.9176621437072754,100
2008-04-03,9.25,10.59000015258789,9.25,9.25,3.9176621437072754,700
2008-04-04,9.25,9.5,9.25,9.479999542236328,4.015072822570801,1000
2008-04-07,9.25,9.25,9.25,9.25,3.9176621437072754,500
2008-04-08,9.25,9.25,9.25,9.25,3.9176621437072754,600
2008-04-09,9.489999771118164,9.489999771118164,9.25,9.25,3.9176621437072754,800
2008-04-10,9.25,9.34000015258789,9.25,9.260000228881836,3.9218966960906982,2000
2008-04-11,9.270000457763672,9.5,9.270000457763672,9.5,4.0235443115234375,500
2008-04-14,9.25,9.25,9.25,9.25,3.9176621437072754,2100
2008-04-15,9.25,10.859999656677246,9.25,10.050000190734863,4.256486892700195,5700
2008-04-16,10.300000190734863,10.300000190734863,9.989999771118164,9.989999771118164,4.231072902679443,300
2008-04-17,10.0,10.350000381469727,9.989999771118164,10.0,4.235309600830078,1800
2008-04-18,9.989999771118164,9.989999771118164,9.989999771118164,9.989999771118164,4.231072902679443,300
2008-04-21,10.0,10.039999961853027,9.5,10.039999961853027,4.252251148223877,1300
2008-04-22,9.550000190734863,10.239999771118164,9.399999618530273,10.239999771118164,4.336959362030029,2200
2008-04-23,10.239999771118164,10.239999771118164,10.239999771118164,10.239999771118164,4.336959362030029,0
2008-04-24,10.029999732971191,10.029999732971191,9.550000190734863,9.550000190734863,4.044721603393555,400
2008-04-25,10.0,10.0,10.0,10.0,4.235309600830078,200
2008-04-28,9.75,9.75,9.75,9.75,4.129427433013916,100
2008-04-29,9.800000190734863,9.800000190734863,9.800000190734863,9.800000190734863,4.150603294372559,700
2008-04-30,10.25,10.25,10.25,10.25,4.341192245483398,200
2008-05-01,10.25,10.25,10.25,10.25,4.341192245483398,100
2008-05-02,9.350000381469727,9.359999656677246,9.350000381469727,9.350000381469727,3.960015296936035,700
2008-05-05,9.350000381469727,9.369999885559082,9.350000381469727,9.369999885559082,3.9684863090515137,500
2008-05-06,10.649999618530273,10.649999618530273,10.489999771118164,10.489999771118164,4.442839622497559,900
2008-05-07,10.039999961853027,10.140000343322754,10.039999961853027,10.140000343322754,4.294605255126953,400
2008-05-08,10.729999542236328,10.729999542236328,10.729999542236328,10.729999542236328,4.544485092163086,1400
2008-05-09,9.699999809265137,9.699999809265137,9.699999809265137,9.699999809265137,4.108250617980957,800
2008-05-12,9.699999809265137,9.699999809265137,9.699999809265137,9.699999809265137,4.108250617980957,0
2008-05-13,10.399999618530273,10.399999618530273,10.399999618530273,10.399999618530273,4.404722690582275,600
2008-05-14,9.779999732971191,9.960000038146973,9.75,9.760000228881836,4.133661270141602,1300
2008-05-15,9.75,9.75,9.75,9.75,4.129427433013916,300
2008-05-16,9.75,9.75,9.75,9.75,4.129427433013916,0
2008-05-19,9.75,9.75,9.75,9.75,4.129427433013916,0
2008-05-20,10.75,10.75,9.75,9.75,4.129427433013916,1400
2008-05-21,10.449999809265137,10.5,10.449999809265137,10.5,4.507171630859375,1000
2008-05-22,10.979999542236328,11.0,9.75,11.0,4.721797466278076,1700
2008-05-23,11.0,11.0,11.0,11.0,4.721797466278076,0
2008-05-27,10.699999809265137,10.699999809265137,9.75,9.75,4.185230731964111,1700
2008-05-28,9.75,9.789999961853027,9.699999809265137,9.699999809265137,4.163766384124756,6600
2008-05-29,9.699999809265137,9.699999809265137,9.699999809265137,9.699999809265137,4.163766384124756,0
2008-05-30,9.800000190734863,9.829999923706055,9.649999618530273,9.649999618530273,4.142304420471191,3800
2008-06-02,9.649999618530273,9.649999618530273,9.619999885559082,9.619999885559082,4.129427433013916,1400
2008-06-03,9.40999984741211,9.40999984741211,9.399999618530273,9.399999618530273,4.034991264343262,900
2008-06-04,9.319999694824219,9.5,9.300000190734863,9.5,4.077916145324707,600
2008-06-05,9.5,9.5,9.5,9.5,4.077916145324707,100
2008-06-06,9.5,9.5,9.5,9.5,4.077916145324707,200
2008-06-09,9.5,9.5,9.5,9.5,4.077916145324707,400
2008-06-10,9.5,9.5,9.5,9.5,4.077916145324707,0
2008-06-11,9.5,9.5,9.300000190734863,9.5,4.077916145324707,800
2008-06-12,9.270000457763672,9.270000457763672,9.25,9.25,3.9706032276153564,2100
2008-06-13,9.25,9.25,9.25,9.25,3.9706032276153564,0
2008-06-16,9.289999961853027,9.289999961853027,9.25,9.270000457763672,3.979187250137329,1200
2008-06-17,9.819999694824219,9.819999694824219,9.260000228881836,9.260000228881836,3.9748952388763428,500
2008-06-18,9.260000228881836,9.260000228881836,9.260000228881836,9.260000228881836,3.9748952388763428,0
2008-06-19,9.25,9.699999809265137,9.25,9.25,3.9706032276153564,2000
2008-06-20,9.869999885559082,9.869999885559082,9.550000190734863,9.850000381469727,4.228154182434082,1300
2008-06-23,10.25,10.25,9.170000076293945,9.170000076293945,3.936262607574463,1300
2008-06-24,9.75,9.789999961853027,9.25,9.789999961853027,4.202398777008057,1400
2008-06-25,9.5,9.5,9.5,9.5,4.077916145324707,300
2008-06-26,9.359999656677246,9.5,9.300000190734863,9.5,4.077916145324707,1500
2008-06-27,9.5,9.5,9.5,9.5,4.077916145324707,0
2008-06-30,9.25,9.739999771118164,9.25,9.739999771118164,4.18093729019165,700
2008-07-01,9.739999771118164,9.739999771118164,9.739999771118164,9.739999771118164,4.18093729019165,0
2008-07-02,9.739999771118164,9.739999771118164,9.739999771118164,9.739999771118164,4.18093729019165,0
2008-07-03,9.25,9.5600004196167,8.59000015258789,9.5600004196167,4.103670597076416,2500
2008-07-07,9.5600004196167,9.5600004196167,9.5600004196167,9.5600004196167,4.103670597076416,0
2008-07-08,9.5600004196167,9.5600004196167,9.5600004196167,9.5600004196167,4.103670597076416,0
2008-07-09,9.5600004196167,9.5600004196167,9.5600004196167,9.5600004196167,4.103670597076416,0
2008-07-10,8.699999809265137,9.050000190734863,8.6899995803833,9.050000190734863,3.884751796722412,400
2008-07-11,9.050000190734863,9.050000190734863,9.050000190734863,9.050000190734863,3.884751796722412,0
2008-07-14,8.59000015258789,8.59000015258789,8.59000015258789,8.59000015258789,3.68729567527771,200
2008-07-15,8.59000015258789,8.59000015258789,8.59000015258789,8.59000015258789,3.68729567527771,0
2008-07-16,8.779999732971191,9.5,8.59000015258789,9.109999656677246,3.9105074405670166,3800
2008-07-17,8.989999771118164,9.0,8.0,8.649999618530273,3.7130515575408936,14000
2008-07-18,8.850000381469727,9.359999656677246,8.760000228881836,9.359999656677246,4.017820835113525,3400
2008-07-21,8.760000228881836,9.300000190734863,8.75,9.300000190734863,3.992065668106079,1300
2008-07-22,9.300000190734863,9.300000190734863,9.300000190734863,9.300000190734863,3.992065668106079,200
2008-07-23,9.949999809265137,9.949999809265137,9.949999809265137,9.949999809265137,4.271080017089844,100
2008-07-24,9.0,9.0,9.0,9.0,3.863288640975952,500
2008-07-25,9.6899995803833,9.800000190734863,9.050000190734863,9.050000190734863,3.884751796722412,1500
2008-07-28,9.050000190734863,9.050000190734863,9.050000190734863,9.050000190734863,3.884751796722412,0
2008-07-29,9.25,9.25,9.25,9.25,3.9706032276153564,300
2008-07-30,9.25,9.25,9.25,9.25,3.9706032276153564,0
2008-07-31,9.25,9.25,9.25,9.25,3.9706032276153564,0
2008-08-01,9.699999809265137,9.949999809265137,9.699999809265137,9.930000305175781,4.262495994567871,1200
2008-08-04,9.989999771118164,10.0,9.989999771118164,10.0,4.292542457580566,500
2008-08-05,9.5,9.5,9.199999809265137,9.199999809265137,3.9491400718688965,1100
2008-08-06,9.199999809265137,9.229999542236328,9.199999809265137,9.220000267028809,3.9577252864837646,1700
2008-08-07,9.25,9.25,9.25,9.25,3.9706032276153564,500
2008-08-08,9.010000228881836,9.010000228881836,9.010000228881836,9.010000228881836,3.867581367492676,400
2008-08-11,9.25,9.920000076293945,9.010000228881836,9.920000076293945,4.258204460144043,4600
2008-08-12,9.720000267028809,10.0,9.720000267028809,10.0,4.292542457580566,1700
2008-08-13,10.100000381469727,10.149999618530273,9.449999809265137,10.149999618530273,4.356931209564209,5300
2008-08-14,9.300000190734863,10.220000267028809,9.260000228881836,10.220000267028809,4.386978626251221,2600
2008-08-15,10.0,11.0,10.0,11.0,4.721797466278076,1800
2008-08-18,10.989999771118164,10.989999771118164,10.989999771118164,10.989999771118164,4.717504024505615,400
2008-08-19,10.739999771118164,10.739999771118164,10.739999771118164,10.739999771118164,4.610191345214844,100
2008-08-20,10.75,10.899999618530273,10.75,10.899999618530273,4.678873062133789,1700
2008-08-21,10.899999618530273,10.899999618530273,10.899999618530273,10.899999618530273,4.678873062133789,200
2008-08-22,11.0,11.0,11.0,11.0,4.721797466278076,100
2008-08-25,11.0,11.0,11.0,11.0,4.721797466278076,0
2008-08-26,11.0,11.0,11.0,11.0,4.721797466278076,300
2008-08-27,11.0,11.0,9.319999694824219,10.0,4.292542457580566,3900
2008-08-28,10.850000381469727,10.880000114440918,10.140000343322754,10.170000076293945,4.365517616271973,600
2008-08-29,10.010000228881836,10.010000228881836,9.25,9.25,3.9706032276153564,2800
2008-09-02,9.960000038146973,10.0,9.59000015258789,9.59000015258789,4.116549015045166,3000
2008-09-03,9.699999809265137,9.699999809265137,9.670000076293945,9.670000076293945,4.2123847007751465,200
2008-09-04,10.0,10.710000038146973,9.710000038146973,10.710000038146973,4.665423393249512,7200
2008-09-05,10.850000381469727,10.850000381469727,10.850000381469727,10.850000381469727,4.726409435272217,200
2008-09-08,10.729999542236328,10.850000381469727,9.739999771118164,10.75,4.68284797668457,1900
2008-09-09,10.850000381469727,11.0,10.449999809265137,10.899999618530273,4.7481889724731445,1700
2008-09-10,11.0,11.0,10.470000267028809,11.0,4.791751384735107,2800
2008-09-11,10.510000228881836,10.75,10.5,10.75,4.68284797668457,1900
2008-09-12,10.75,10.75,10.75,10.75,4.68284797668457,300
2008-09-15,10.899999618530273,10.899999618530273,10.899999618530273,10.899999618530273,4.7481889724731445,100
2008-09-16,10.899999618530273,10.989999771118164,9.569999694824219,10.399999618530273,4.530381202697754,4700
2008-09-17,10.350000381469727,10.350000381469727,10.010000228881836,10.010000228881836,4.3604936599731445,600
2008-09-18,9.779999732971191,10.369999885559082,9.75,10.260000228881836,4.469394207000732,1600
2008-09-19,10.399999618530273,10.800000190734863,9.75,9.75,4.247234344482422,2900
2008-09-22,11.0,11.0,11.0,11.0,4.791751384735107,400
2008-09-23,11.0,11.0,11.0,11.0,4.791751384735107,100
2008-09-24,10.039999961853027,11.0,9.75,10.970000267028809,4.778680801391602,2000
2008-09-25,9.75,10.970000267028809,9.75,10.069999694824219,4.386629104614258,2700
2008-09-26,10.380000114440918,10.989999771118164,9.760000228881836,9.760000228881836,4.251590728759766,3300
2008-09-29,9.75,10.5,9.699999809265137,10.5,4.573943614959717,1700
2008-09-30,9.779999732971191,10.0,9.779999732971191,10.0,4.356136322021484,1900
2008-10-01,10.25,10.449999809265137,9.899999618530273,10.0600004196167,4.3822736740112305,7600
2008-10-02,9.75,10.989999771118164,9.75,10.989999771118164,4.7873945236206055,3200
2008-10-03,10.989999771118164,10.989999771118164,10.25,10.350000381469727,4.50860071182251,3000
2008-10-06,9.930000305175781,11.0,9.930000305175781,11.0,4.791751384735107,1000
2008-10-07,11.0,11.0,10.050000190734863,11.0,4.791751384735107,400
2008-10-08,10.989999771118164,10.989999771118164,10.050000190734863,10.100000381469727,4.399697780609131,1700
2008-10-09,10.0,10.100000381469727,10.0,10.0,4.356136322021484,1000
2008-10-10,9.5600004196167,10.0,9.0,9.989999771118164,4.351779937744141,3900
2008-10-13,9.0,10.5,8.75,9.25,4.0294270515441895,4800
2008-10-14,9.479999542236328,10.5,9.479999542236328,10.380000114440918,4.521668910980225,1500
2008-10-15,10.09000015258789,10.09000015258789,10.039999961853027,10.039999961853027,4.373561382293701,2100
2008-10-16,10.5,10.5,10.5,10.5,4.573943614959717,100
2008-10-17,10.069999694824219,10.100000381469727,10.029999732971191,10.100000381469727,4.399697780609131,400
2008-10-20,10.140000343322754,10.140000343322754,10.100000381469727,10.100000381469727,4.399697780609131,1300
2008-10-21,10.970000267028809,10.970000267028809,10.970000267028809,10.970000267028809,4.778680801391602,200
2008-10-22,10.0,10.989999771118164,8.859999656677246,10.989999771118164,4.7873945236206055,3900
2008-10-23,10.199999809265137,10.979999542236328,10.199999809265137,10.979999542236328,4.783039569854736,600
2008-10-24,8.630000114440918,10.960000038146973,8.630000114440918,10.5,4.573943614959717,2800
2008-10-27,10.399999618530273,10.399999618530273,10.399999618530273,10.399999618530273,4.530381202697754,100
2008-10-28,10.09000015258789,10.1899995803833,10.09000015258789,10.1899995803833,4.438903331756592,900
2008-10-29,10.0,10.010000228881836,10.0,10.0,4.356136322021484,600
2008-10-30,9.300000190734863,10.0,9.100000381469727,10.0,4.356136322021484,3400
2008-10-31,10.4399995803833,10.460000038146973,9.550000190734863,10.460000038146973,4.556518077850342,1300
2008-11-03,9.300000190734863,10.5,9.300000190734863,10.5,4.573943614959717,700
2008-11-04,9.640000343322754,10.380000114440918,9.600000381469727,10.380000114440918,4.521668910980225,1100
2008-11-05,10.380000114440918,10.380000114440918,10.380000114440918,10.380000114440918,4.521668910980225,0
2008-11-06,10.380000114440918,10.380000114440918,10.380000114440918,10.380000114440918,4.521668910980225,0
2008-11-07,10.489999771118164,10.489999771118164,9.649999618530273,9.699999809265137,4.225451946258545,600
2008-11-10,10.0,10.0,9.600000381469727,9.600000381469727,4.1818928718566895,1500
2008-11-11,9.600000381469727,9.600000381469727,9.600000381469727,9.600000381469727,4.1818928718566895,0
2008-11-12,9.600000381469727,9.600000381469727,9.600000381469727,9.600000381469727,4.1818928718566895,0
2008-11-13,9.949999809265137,9.949999809265137,9.949999809265137,9.949999809265137,4.33435583114624,100
2008-11-14,9.949999809265137,9.949999809265137,9.949999809265137,9.949999809265137,4.33435583114624,0
2008-11-17,9.3100004196167,9.930000305175781,9.3100004196167,9.3100004196167,4.055562973022461,1000
2008-11-18,9.25,9.25,8.600000381469727,9.25,4.0294270515441895,5000
2008-11-19,8.699999809265137,9.239999771118164,8.5600004196167,9.239999771118164,4.025069236755371,700
2008-11-20,8.609999656677246,8.609999656677246,8.350000381469727,8.350000381469727,3.637373208999634,1800
2008-11-21,8.5,8.75,7.860000133514404,8.75,3.811619520187378,4800
2008-11-24,8.520000457763672,8.739999771118164,7.309999942779541,7.599999904632568,3.3106634616851807,2600
2008-11-25,8.729999542236328,8.770000457763672,7.949999809265137,8.770000457763672,3.8920280933380127,3200
2008-11-26,8.770000457763672,9.029999732971191,8.770000457763672,9.029999732971191,4.007412910461426,1400
2008-11-28,9.029999732971191,9.029999732971191,9.0,9.010000228881836,3.9985361099243164,800
2008-12-01,8.0600004196167,9.029999732971191,7.949999809265137,7.949999809265137,3.5281214714050293,4300
2008-12-02,7.989999771118164,7.989999771118164,7.510000228881836,7.880000114440918,3.4970555305480957,3800
2008-12-03,8.390000343322754,9.109999656677246,8.0,9.0,3.9940989017486572,11100
2008-12-04,8.100000381469727,9.199999809265137,8.100000381469727,9.0,3.9940989017486572,2400
2008-12-05,7.760000228881836,9.199999809265137,7.760000228881836,8.800000190734863,3.905341625213623,1800
2008-12-08,9.170000076293945,9.199999809265137,9.170000076293945,9.199999809265137,4.082855224609375,200
2008-12-09,9.15999984741211,9.210000038146973,9.029999732971191,9.199999809265137,4.082855224609375,1300
2008-12-10,9.0,9.5,8.989999771118164,9.0,3.9940989017486572,4900
2008-12-11,9.0,9.0,9.0,9.0,3.9940989017486572,0
2008-12-12,9.0,9.0,9.0,9.0,3.9940989017486572,0
2008-12-15,8.920000076293945,9.430000305175781,8.850000381469727,9.430000305175781,4.184927463531494,1600
2008-12-16,9.5,9.5600004196167,9.3100004196167,9.40999984741211,4.176050186157227,900
2008-12-17,8.930000305175781,9.819999694824219,8.880000114440918,9.180000305175781,4.073980331420898,2600
2008-12-18,9.640000343322754,9.640000343322754,9.40999984741211,9.59000015258789,4.255932807922363,800
2008-12-19,9.859999656677246,9.880000114440918,9.0,9.0,3.9940989017486572,3700
2008-12-22,9.859999656677246,9.859999656677246,8.899999618530273,9.40999984741211,4.176050186157227,1500
2008-12-23,9.899999618530273,15.949999809265137,9.260000228881836,9.989999771118164,4.433448314666748,47600
2008-12-24,10.0,10.5,9.930000305175781,10.5,4.659781455993652,1400
2008-12-26,10.199999809265137,11.09000015258789,9.470000267028809,9.859999656677246,4.375757217407227,5900
2008-12-29,9.930000305175781,9.970000267028809,9.399999618530273,9.859999656677246,4.375757217407227,2200
2008-12-30,9.9399995803833,10.199999809265137,9.859999656677246,10.149999618530273,4.50445556640625,1800
2008-12-31,10.149999618530273,10.199999809265137,9.449999809265137,10.0,4.4378862380981445,2500
2009-01-02,9.449999809265137,9.949999809265137,9.40999984741211,9.90999984741211,4.397945880889893,1900
2009-01-05,9.970000267028809,10.0,9.859999656677246,9.859999656677246,4.375757217407227,400
2009-01-06,9.859999656677246,9.859999656677246,9.859999656677246,9.859999656677246,4.375757217407227,0
2009-01-07,9.859999656677246,9.859999656677246,9.859999656677246,9.859999656677246,4.375757217407227,0
2009-01-08,9.460000038146973,9.460000038146973,9.210000038146973,9.210000038146973,4.087294578552246,3400
2009-01-09,9.229999542236328,9.4399995803833,9.109999656677246,9.4399995803833,4.189365386962891,2100
2009-01-12,9.079999923706055,9.449999809265137,8.760000228881836,9.449999809265137,4.193802833557129,7700
2009-01-13,9.369999885559082,9.390000343322754,9.25,9.25,4.105045795440674,1400
2009-01-14,9.350000381469727,9.390000343322754,9.25,9.25,4.105045795440674,1900
2009-01-15,9.210000038146973,9.210000038146973,9.210000038146973,9.210000038146973,4.087294578552246,200
2009-01-16,9.0,9.140000343322754,8.75,9.079999923706055,4.029601573944092,2900
2009-01-20,9.229999542236328,9.300000190734863,8.760000228881836,8.760000228881836,3.887589454650879,6900
2009-01-21,9.0,9.0,8.75,8.75,3.8831515312194824,800
2009-01-22,8.760000228881836,9.25,8.5,8.75,3.8831515312194824,1600
2009-01-23,8.75,8.75,8.75,8.75,3.8831515312194824,0
2009-01-26,9.289999961853027,9.289999961853027,8.859999656677246,8.859999656677246,3.93196702003479,300
2009-01-27,8.859999656677246,8.859999656677246,8.859999656677246,8.859999656677246,3.93196702003479,0
2009-01-28,9.289999961853027,9.289999961853027,9.220000267028809,9.239999771118164,4.100606918334961,900
2009-01-29,8.760000228881836,8.850000381469727,8.760000228881836,8.850000381469727,3.927530527114868,300
2009-01-30,9.199999809265137,9.220000267028809,9.1899995803833,9.220000267028809,4.091732978820801,300
2009-02-02,8.960000038146973,9.25,8.850000381469727,9.25,4.105045795440674,2500
2009-02-03,9.300000190734863,9.300000190734863,9.09000015258789,9.09000015258789,4.0340375900268555,700
2009-02-04,9.09000015258789,9.270000457763672,9.09000015258789,9.270000457763672,4.113921642303467,900
2009-02-05,9.34000015258789,9.350000381469727,9.199999809265137,9.199999809265137,4.082855224609375,700
2009-02-06,9.350000381469727,9.350000381469727,8.850000381469727,8.850000381469727,3.927530527114868,2800
2009-02-09,9.229999542236328,9.350000381469727,8.90999984741211,8.90999984741211,3.9541563987731934,1600
2009-02-10,8.899999618530273,8.899999618530273,8.800000190734863,8.800000190734863,3.905341625213623,900
2009-02-11,8.800000190734863,8.800000190734863,8.800000190734863,8.800000190734863,3.905341625213623,500
2009-02-12,8.800000190734863,8.800000190734863,8.800000190734863,8.800000190734863,3.905341625213623,0
2009-02-13,9.1899995803833,9.449999809265137,9.1899995803833,9.449999809265137,4.193802833557129,1500
2009-02-17,8.890000343322754,9.210000038146973,8.800000190734863,9.0,3.9940989017486572,3700
2009-02-18,8.800000190734863,9.199999809265137,8.800000190734863,9.199999809265137,4.082855224609375,400
2009-02-19,8.600000381469727,9.149999618530273,8.600000381469727,9.149999618530273,4.060666561126709,300
2009-02-20,9.15999984741211,9.15999984741211,8.729999542236328,8.8100004196167,3.909777879714966,400
2009-02-23,8.539999961853027,8.569999694824219,8.050000190734863,8.420000076293945,3.736701726913452,9800
2009-02-24,8.5,8.760000228881836,7.139999866485596,7.960000038146973,3.5325570106506348,13200
2009-02-25,8.34000015258789,8.34000015258789,8.34000015258789,8.34000015258789,3.701197624206543,300
2009-02-26,8.449999809265137,8.449999809265137,7.579999923706055,8.239999771118164,3.656818389892578,2600
2009-02-27,8.180000305175781,8.260000228881836,7.949999809265137,8.100000381469727,3.5946881771087646,2000
2009-03-02,7.570000171661377,8.470000267028809,7.570000171661377,8.449999809265137,3.7500154972076416,4600
2009-03-03,8.449999809265137,8.449999809265137,8.449999809265137,8.449999809265137,3.7500154972076416,0
2009-03-04,8.010000228881836,8.039999961853027,7.420000076293945,7.489999771118164,3.379976987838745,11600
2009-03-05,7.5,7.820000171661377,7.360000133514404,7.360000133514404,3.321312427520752,5100
2009-03-06,7.400000095367432,7.5,7.400000095367432,7.5,3.384489059448242,2800
2009-03-09,7.5,7.650000095367432,7.360000133514404,7.360000133514404,3.321312427520752,3000
2009-03-10,7.360000133514404,7.619999885559082,7.010000228881836,7.619999885559082,3.43864107131958,7300
2009-03-11,7.519999980926514,7.519999980926514,7.150000095367432,7.150000095367432,3.226546287536621,7500
2009-03-12,7.03000020980835,7.03000020980835,7.0,7.0,3.1588568687438965,600
2009-03-13,7.599999904632568,7.630000114440918,7.599999904632568,7.619999885559082,3.43864107131958,1300
2009-03-16,7.619999885559082,7.619999885559082,7.619999885559082,7.619999885559082,3.43864107131958,0
2009-03-17,7.869999885559082,9.300000190734863,7.869999885559082,8.010000228881836,3.614635944366455,9500
2009-03-18,8.6899995803833,8.739999771118164,8.680000305175781,8.680000305175781,3.9169838428497314,300
2009-03-19,8.729999542236328,8.729999542236328,7.949999809265137,8.050000190734863,3.6326847076416016,900
2009-03-20,8.779999732971191,8.949999809265137,8.029999732971191,8.180000305175781,3.6913511753082275,1600
2009-03-23,9.210000038146973,9.279999732971191,8.25,8.630000114440918,3.894418954849243,2500
2009-03-24,8.510000228881836,8.510000228881836,8.510000228881836,8.510000228881836,3.8402674198150635,100
2009-03-25,8.489999771118164,9.25,8.489999771118164,8.5,3.8357558250427246,400
2009-03-26,8.489999771118164,8.880000114440918,8.489999771118164,8.880000114440918,4.007236003875732,400
2009-03-27,9.529999732971191,9.649999618530273,8.65999984741211,8.710000038146973,3.9305200576782227,3500
2009-03-30,8.710000038146973,8.710000038146973,8.710000038146973,8.710000038146973,3.9305200576782227,0
2009-03-31,8.760000228881836,9.489999771118164,8.239999771118164,9.449999809265137,4.264455795288086,2900
2009-04-01,8.739999771118164,8.739999771118164,8.710000038146973,8.710000038146973,3.9305200576782227,300
2009-04-02,8.720000267028809,8.720000267028809,8.25,8.25,3.7229392528533936,500
2009-04-03,8.5,8.5,8.460000038146973,8.460000038146973,3.817704439163208,2800
2009-04-06,8.239999771118164,8.239999771118164,7.570000171661377,7.579999923706055,3.420591354370117,900
2009-04-07,8.449999809265137,8.5,8.100000381469727,8.4399995803833,3.808677911758423,1300
2009-04-08,7.78000020980835,8.5,7.78000020980835,8.5,3.8357558250427246,1000
2009-04-09,7.820000171661377,8.029999732971191,7.75,8.029999732971191,3.6236608028411865,1000
2009-04-13,7.869999885559082,8.5,7.849999904632568,8.5,3.8357558250427246,4900
2009-04-14,8.489999771118164,8.5,7.880000114440918,8.5,3.8357558250427246,3400
2009-04-15,8.479999542236328,8.859999656677246,8.479999542236328,8.609999656677246,3.885392904281616,2700
2009-04-16,8.550000190734863,8.550000190734863,8.039999961853027,8.039999961853027,3.6281721591949463,3400
2009-04-17,8.020000457763672,8.270000457763672,8.020000457763672,8.100000381469727,3.6552486419677734,2600
2009-04-20,8.069999694824219,8.069999694824219,8.0,8.0,3.610121965408325,2100
2009-04-21,8.220000267028809,8.279999732971191,8.100000381469727,8.100000381469727,3.6552486419677734,900
2009-04-22,8.100000381469727,8.100000381469727,8.100000381469727,8.100000381469727,3.6552486419677734,0
2009-04-23,8.100000381469727,8.100000381469727,8.100000381469727,8.100000381469727,3.6552486419677734,0
2009-04-24,8.100000381469727,8.100000381469727,8.100000381469727,8.100000381469727,3.6552486419677734,0
2009-04-27,8.859999656677246,8.890000343322754,8.829999923706055,8.890000343322754,4.011749744415283,800
2009-04-28,8.300000190734863,8.319999694824219,8.300000190734863,8.319999694824219,3.7545275688171387,200
2009-04-29,8.600000381469727,8.600000381469727,8.600000381469727,8.600000381469727,3.8808834552764893,400
2009-04-30,8.25,8.25,8.100000381469727,8.100000381469727,3.6552486419677734,700
2009-05-01,8.819999694824219,8.880000114440918,8.819999694824219,8.880000114440918,4.007236003875732,500
2009-05-04,8.869999885559082,8.880000114440918,8.869999885559082,8.880000114440918,4.007236003875732,500
2009-05-05,9.140000343322754,9.140000343322754,9.140000343322754,9.140000343322754,4.124566555023193,500
2009-05-06,8.640000343322754,8.640000343322754,8.640000343322754,8.640000343322754,3.898932695388794,400
2009-05-07,9.119999885559082,9.119999885559082,9.119999885559082,9.119999885559082,4.11553955078125,300
2009-05-08,8.609999656677246,9.09000015258789,8.600000381469727,8.819999694824219,3.980160713195801,800
2009-05-11,8.970000267028809,9.069999694824219,8.829999923706055,8.829999923706055,3.9846720695495605,1600
2009-05-12,9.0600004196167,9.079999923706055,8.800000190734863,9.079999923706055,4.097489356994629,500
2009-05-13,8.649999618530273,8.649999618530273,8.5,8.5,3.8357558250427246,2200
2009-05-14,8.520000457763672,8.520000457763672,8.5,8.5,3.8357558250427246,1100
2009-05-15,8.979999542236328,8.979999542236328,8.649999618530273,8.649999618530273,3.903445243835449,500
2009-05-18,8.960000038146973,8.989999771118164,8.529999732971191,8.529999732971191,3.849292278289795,500
2009-05-19,8.529999732971191,8.529999732971191,8.529999732971191,8.529999732971191,3.849292278289795,0
2009-05-20,9.079999923706055,9.079999923706055,8.65999984741211,8.65999984741211,3.9731667041778564,700
2009-05-21,8.65999984741211,8.65999984741211,8.65999984741211,8.65999984741211,3.9731667041778564,0
2009-05-22,8.949999809265137,9.020000457763672,8.539999961853027,8.8100004196167,4.041988372802734,3900
2009-05-26,8.520000457763672,8.520000457763672,8.5,8.510000228881836,3.904348373413086,1100
2009-05-27,8.510000228881836,8.510000228881836,8.510000228881836,8.510000228881836,3.904348373413086,0
2009-05-28,8.449999809265137,8.449999809265137,8.399999618530273,8.399999618530273,3.8538806438446045,5300
2009-05-29,8.399999618530273,8.550000190734863,8.0,8.0,3.6703617572784424,4100
2009-06-01,7.329999923706055,8.300000190734863,7.329999923706055,7.539999961853027,3.4593169689178467,5300
2009-06-02,7.619999885559082,7.889999866485596,7.610000133514404,7.800000190734863,3.578603744506836,900
2009-06-03,8.34000015258789,8.34000015258789,7.78000020980835,7.920000076293945,3.6336612701416016,1900
2009-06-04,7.920000076293945,7.920000076293945,7.920000076293945,7.920000076293945,3.6336612701416016,0
2009-06-05,7.75,7.900000095367432,7.75,7.900000095367432,3.624483108520508,300
2009-06-08,7.900000095367432,7.900000095367432,7.900000095367432,7.900000095367432,3.624483108520508,0
2009-06-09,7.900000095367432,7.900000095367432,7.900000095367432,7.900000095367432,3.624483108520508,0
2009-06-10,7.900000095367432,7.900000095367432,7.900000095367432,7.900000095367432,3.624483108520508,0
2009-06-11,8.149999618530273,8.390000343322754,8.149999618530273,8.390000343322754,3.849292278289795,1200
2009-06-12,8.319999694824219,8.319999694824219,8.319999694824219,8.319999694824219,3.817176580429077,100
2009-06-15,8.319999694824219,8.319999694824219,8.319999694824219,8.319999694824219,3.817176580429077,0
2009-06-16,8.09000015258789,8.479999542236328,8.0,8.359999656677246,3.835528612136841,800
2009-06-17,8.020000457763672,8.229999542236328,7.75,8.010000228881836,3.6749510765075684,3400
2009-06-18,8.010000228881836,8.010000228881836,8.010000228881836,8.010000228881836,3.6749510765075684,0
2009-06-19,8.460000038146973,8.479999542236328,8.40999984741211,8.449999809265137,3.8768205642700195,2800
2009-06-22,8.479999542236328,8.479999542236328,8.399999618530273,8.479999542236328,3.890584707260132,1800
2009-06-23,7.860000133514404,7.889999866485596,7.760000228881836,7.760000228881836,3.5602526664733887,2100
2009-06-24,7.920000076293945,8.0600004196167,7.900000095367432,8.050000190734863,3.6933019161224365,2700
2009-06-25,8.25,8.25,7.5,7.849999904632568,3.6015422344207764,4300
2009-06-26,7.849999904632568,7.849999904632568,7.849999904632568,7.849999904632568,3.6015422344207764,0
2009-06-29,7.849999904632568,7.849999904632568,7.849999904632568,7.849999904632568,3.6015422344207764,200
2009-06-30,8.029999732971191,8.210000038146973,7.900000095367432,7.900000095367432,3.624483108520508,500
2009-07-01,7.900000095367432,7.900000095367432,7.579999923706055,7.679999828338623,3.523548126220703,600
2009-07-02,8.0,8.0,7.739999771118164,7.800000190734863,3.578603744506836,1000
2009-07-06,7.579999923706055,7.960000038146973,7.28000020980835,7.519999980926514,3.4501399993896484,2500
2009-07-07,7.5,7.5,7.5,7.5,3.4409642219543457,100
2009-07-08,7.5,7.5,7.5,7.5,3.4409642219543457,100
2009-07-09,7.5,7.5,7.5,7.5,3.4409642219543457,0
2009-07-10,7.510000228881836,7.510000228881836,7.5,7.510000228881836,3.4455533027648926,1100
2009-07-13,7.510000228881836,7.510000228881836,7.510000228881836,7.510000228881836,3.4455533027648926,0
2009-07-14,7.510000228881836,7.510000228881836,7.510000228881836,7.510000228881836,3.4455533027648926,0
2009-07-15,7.96999979019165,8.0,7.949999809265137,7.980000019073486,3.661186695098877,6500
2009-07-16,7.980000019073486,7.980000019073486,7.980000019073486,7.980000019073486,3.661186695098877,0
2009-07-17,7.989999771118164,7.989999771118164,7.980000019073486,7.980000019073486,3.661186695098877,400
2009-07-20,8.4399995803833,8.4399995803833,8.4399995803833,8.4399995803833,3.872231960296631,100
2009-07-21,7.800000190734863,8.470000267028809,7.800000190734863,7.809999942779541,3.5831923484802246,1500
2009-07-22,7.809999942779541,7.809999942779541,7.809999942779541,7.809999942779541,3.5831923484802246,200
2009-07-23,7.809999942779541,7.809999942779541,7.809999942779541,7.809999942779541,3.5831923484802246,0
2009-07-24,7.849999904632568,8.460000038146973,7.849999904632568,8.460000038146973,3.881408214569092,300
2009-07-27,7.889999866485596,7.889999866485596,7.889999866485596,7.889999866485596,3.6198952198028564,200
2009-07-28,7.900000095367432,8.100000381469727,7.849999904632568,7.849999904632568,3.6015422344207764,1100
2009-07-29,7.849999904632568,7.849999904632568,7.849999904632568,7.849999904632568,3.6015422344207764,0
2009-07-30,7.900000095367432,7.900000095367432,7.849999904632568,7.900000095367432,3.624483108520508,1300
2009-07-31,7.900000095367432,7.949999809265137,7.849999904632568,7.849999904632568,3.6015422344207764,1100
2009-08-03,7.900000095367432,7.900000095367432,7.900000095367432,7.900000095367432,3.624483108520508,400
2009-08-04,7.900000095367432,7.900000095367432,7.900000095367432,7.900000095367432,3.624483108520508,0
2009-08-05,8.069999694824219,8.100000381469727,8.0600004196167,8.0600004196167,3.697890281677246,2100
2009-08-06,8.100000381469727,8.100000381469727,8.050000190734863,8.050000190734863,3.6933019161224365,800
2009-08-07,8.0,8.220000267028809,8.0,8.0600004196167,3.697890281677246,1800
2009-08-10,8.0600004196167,8.100000381469727,8.0600004196167,8.100000381469727,3.716242790222168,600
2009-08-11,8.079999923706055,8.079999923706055,8.079999923706055,8.079999923706055,3.70706844329834,500
2009-08-12,8.109999656677246,8.109999656677246,8.100000381469727,8.100000381469727,3.716242790222168,200
2009-08-13,8.25,8.25,8.25,8.25,3.785062789916992,700
2009-08-14,8.25,8.25,8.170000076293945,8.170000076293945,3.7483584880828857,300
2009-08-17,8.170000076293945,8.170000076293945,8.170000076293945,8.170000076293945,3.7483584880828857,0
2009-08-18,7.949999809265137,8.399999618530273,7.949999809265137,8.399999618530273,3.8538806438446045,900
2009-08-19,8.15999984741211,8.399999618530273,8.15999984741211,8.369999885559082,3.840117931365967,1200
2009-08-20,7.820000171661377,8.399999618530273,7.809999942779541,8.399999618530273,3.8538806438446045,1600
2009-08-21,8.399999618530273,8.399999618530273,8.100000381469727,8.100000381469727,3.716242790222168,300
2009-08-24,8.489999771118164,8.489999771118164,7.869999885559082,7.880000114440918,3.615307331085205,900
2009-08-25,7.820000171661377,7.989999771118164,7.820000171661377,7.989999771118164,3.665775775909424,900
2009-08-26,7.909999847412109,8.199999809265137,7.909999847412109,8.199999809265137,3.7621231079101562,1500
2009-08-27,8.0,8.5,8.0,8.5,3.899759531021118,500
2009-08-28,8.0600004196167,9.239999771118164,8.010000228881836,9.0600004196167,4.156687259674072,9100
2009-08-31,8.569999694824219,9.25,8.569999694824219,9.25,4.243856906890869,1600
2009-09-01,8.220000267028809,9.0,8.210000038146973,9.0,4.129158973693848,1100
2009-09-02,8.5,8.539999961853027,8.5,8.5,3.961381196975708,1000
2009-09-03,8.579999923706055,8.579999923706055,8.5,8.5,3.961381196975708,1600
2009-09-04,8.5,8.510000228881836,8.5,8.5,3.961381196975708,500
2009-09-08,8.5,8.550000190734863,8.5,8.550000190734863,3.984684705734253,2400
2009-09-09,8.5,8.5,8.5,8.5,3.961381196975708,200
2009-09-10,9.210000038146973,9.210000038146973,7.909999847412109,8.140000343322754,3.7936079502105713,900
2009-09-11,8.140000343322754,8.140000343322754,8.140000343322754,8.140000343322754,3.7936079502105713,0
2009-09-14,8.100000381469727,8.100000381469727,8.100000381469727,8.100000381469727,3.7749643325805664,300
2009-09-15,8.470000267028809,8.489999771118164,8.199999809265137,8.489999771118164,3.9567222595214844,700
2009-09-16,8.489999771118164,8.5,8.100000381469727,8.199999809265137,3.8215699195861816,900
2009-09-17,8.100000381469727,8.5,8.100000381469727,8.5,3.961381196975708,4600
2009-09-18,8.5,8.5,8.020000457763672,8.489999771118164,3.9567222595214844,3200
2009-09-21,8.5,8.5,8.479999542236328,8.479999542236328,3.9520604610443115,1300
2009-09-22,8.229999542236328,8.460000038146973,8.1899995803833,8.460000038146973,3.9427402019500732,1000
2009-09-23,8.5,8.5,8.020000457763672,8.289999961853027,3.863513708114624,1600
2009-09-24,8.109999656677246,8.5,8.039999961853027,8.039999961853027,3.7470009326934814,1500
2009-09-25,8.5,8.5,8.449999809265137,8.449999809265137,3.9380788803100586,500
2009-09-28,8.399999618530273,8.399999618530273,8.399999618530273,8.399999618530273,3.9147772789001465,100
2009-09-29,8.399999618530273,8.399999618530273,8.399999618530273,8.399999618530273,3.9147772789001465,300
2009-09-30,8.40999984741211,8.5,8.069999694824219,8.069999694824219,3.76098370552063,2900
2009-10-01,8.069999694824219,8.069999694824219,8.069999694824219,8.069999694824219,3.76098370552063,0
2009-10-02,8.479999542236328,8.5,8.199999809265137,8.199999809265137,3.8215699195861816,5200
2009-10-05,8.199999809265137,8.199999809265137,8.199999809265137,8.199999809265137,3.8215699195861816,100
2009-10-06,8.199999809265137,8.199999809265137,8.199999809265137,8.199999809265137,3.8215699195861816,0
2009-10-07,8.460000038146973,8.460000038146973,8.449999809265137,8.449999809265137,3.9380788803100586,500
2009-10-08,8.479999542236328,8.479999542236328,8.180000305175781,8.399999618530273,3.9147772789001465,700
2009-10-09,8.199999809265137,8.5,8.199999809265137,8.5,3.961381196975708,1200
2009-10-12,8.25,8.25,8.25,8.25,3.844871759414673,100
2009-10-13,8.25,8.5,8.199999809265137,8.260000228881836,3.849531412124634,7500
2009-10-14,7.989999771118164,8.199999809265137,7.989999771118164,8.199999809265137,3.8215699195861816,1000
2009-10-15,8.470000267028809,8.5,8.470000267028809,8.5,3.961381196975708,2300
2009-10-16,8.479999542236328,8.5,8.479999542236328,8.5,3.961381196975708,200
2009-10-19,8.5,8.5,8.0600004196167,8.119999885559082,3.7842843532562256,800
2009-10-20,8.140000343322754,8.140000343322754,8.079999923706055,8.119999885559082,3.7842843532562256,1200
2009-10-21,8.119999885559082,8.25,8.119999885559082,8.25,3.844871759414673,300
2009-10-22,8.25,8.25,8.25,8.25,3.844871759414673,0
2009-10-23,8.0,8.239999771118164,8.0,8.239999771118164,3.8402109146118164,4300
2009-10-26,8.229999542236328,8.239999771118164,8.229999542236328,8.239999771118164,3.8402109146118164,1300
2009-10-27,8.25,8.25,7.820000171661377,8.170000076293945,3.8075876235961914,7200
2009-10-28,8.0,8.0,7.820000171661377,7.820000171661377,3.6444714069366455,6600
2009-10-29,7.860000133514404,7.860000133514404,7.800000190734863,7.800000190734863,3.635150671005249,20300
2009-10-30,7.800000190734863,7.829999923706055,7.599999904632568,7.800000190734863,3.635150671005249,10500
2009-11-02,7.650000095367432,7.96999979019165,7.650000095367432,7.760000228881836,3.6165096759796143,2600
2009-11-03,7.840000152587891,7.840000152587891,7.840000152587891,7.840000152587891,3.6537926197052,200
2009-11-04,7.800000190734863,7.800000190734863,7.010000228881836,7.099999904632568,3.3089194297790527,11000
2009-11-05,7.400000095367432,7.849999904632568,7.110000133514404,7.119999885559082,3.318239688873291,12900
2009-11-06,7.449999809265137,7.639999866485596,7.25,7.639999866485596,3.5605835914611816,2900
2009-11-09,7.75,7.75,7.75,7.75,3.611848831176758,400
2009-11-10,7.800000190734863,7.800000190734863,7.360000133514404,7.75,3.611848831176758,6400
2009-11-11,7.449999809265137,7.900000095367432,7.349999904632568,7.349999904632568,3.425431728363037,1600
2009-11-12,7.420000076293945,7.940000057220459,7.420000076293945,7.5,3.4953360557556152,1200
2009-11-13,7.889999866485596,7.889999866485596,7.889999866485596,7.889999866485596,3.6770944595336914,500
2009-11-16,7.880000114440918,7.889999866485596,7.650000095367432,7.769999980926514,3.6211698055267334,400
2009-11-17,7.75,7.849999904632568,7.690000057220459,7.690000057220459,3.5838847160339355,1400
2009-11-18,7.860000133514404,7.860000133514404,7.5,7.510000228881836,3.499998092651367,5400
2009-11-19,7.820000171661377,7.880000114440918,7.639999866485596,7.639999866485596,3.5605835914611816,1200
2009-11-20,7.559999942779541,7.659999847412109,7.559999942779541,7.659999847412109,3.569904088973999,3100
2009-11-23,7.630000114440918,7.869999885559082,7.630000114440918,7.840000152587891,3.6537926197052,6300
2009-11-24,7.900000095367432,8.460000038146973,7.710000038146973,8.0,3.7961480617523193,2700
2009-11-25,8.0,8.0,8.0,8.0,3.7961480617523193,0
2009-11-27,8.0,8.0,8.0,8.0,3.7961480617523193,0
2009-11-30,8.069999694824219,8.079999923706055,7.730000019073486,7.730000019073486,3.6680281162261963,1400
2009-12-01,7.730000019073486,7.940000057220459,7.599999904632568,7.619999885559082,3.6158320903778076,1800
2009-12-02,7.900000095367432,7.96999979019165,7.849999904632568,7.96999979019165,3.781912088394165,2000
2009-12-03,7.96999979019165,7.96999979019165,7.96999979019165,7.96999979019165,3.781912088394165,0
2009-12-04,7.96999979019165,8.0,7.889999866485596,7.889999866485596,3.743950843811035,4300
2009-12-07,7.769999980926514,7.800000190734863,7.659999847412109,7.800000190734863,3.701244354248047,1300
2009-12-08,7.730000019073486,7.730000019073486,7.679999828338623,7.679999828338623,3.644301652908325,200
2009-12-09,7.849999904632568,7.849999904632568,7.650000095367432,7.650000095367432,3.6300666332244873,4600
2009-12-10,7.650000095367432,7.900000095367432,7.650000095367432,7.800000190734863,3.701244354248047,3100
2009-12-11,7.800000190734863,7.800000190734863,7.800000190734863,7.800000190734863,3.701244354248047,0
2009-12-14,7.880000114440918,7.889999866485596,7.880000114440918,7.880000114440918,3.7392048835754395,1000
2009-12-15,7.900000095367432,8.0600004196167,7.610000133514404,7.739999771118164,3.6727733612060547,3300
2009-12-16,8.100000381469727,8.100000381469727,8.100000381469727,8.100000381469727,3.843600034713745,200
2009-12-17,8.100000381469727,8.100000381469727,8.100000381469727,8.100000381469727,3.843600034713745,100
2009-12-18,8.420000076293945,8.449999809265137,8.100000381469727,8.100000381469727,3.843600034713745,6300
2009-12-21,8.369999885559082,8.5,8.319999694824219,8.460000038146973,4.0144267082214355,9100
2009-12-22,8.630000114440918,8.779999732971191,8.630000114440918,8.729999542236328,4.142545223236084,1500
2009-12-23,8.420000076293945,8.420000076293945,8.399999618530273,8.399999618530273,3.985954999923706,700
2009-12-24,8.399999618530273,8.399999618530273,8.399999618530273,8.399999618530273,3.985954999923706,0
2009-12-28,8.399999618530273,8.489999771118164,8.399999618530273,8.489999771118164,4.028661251068115,4800
2009-12-29,8.470000267028809,8.600000381469727,8.470000267028809,8.600000381469727,4.080860614776611,2500
2009-12-30,8.550000190734863,8.550000190734863,8.550000190734863,8.550000190734863,4.057133197784424,200
2009-12-31,8.529999732971191,8.529999732971191,8.430000305175781,8.529999732971191,4.047641754150391,2200
2010-01-04,8.529999732971191,8.529999732971191,8.529999732971191,8.529999732971191,4.047641754150391,0
2010-01-05,8.640000343322754,9.0,8.609999656677246,9.0,4.270666122436523,2800
2010-01-06,9.029999732971191,9.029999732971191,8.59000015258789,8.59000015258789,4.076114654541016,7000
2010-01-07,8.5,8.789999961853027,8.5,8.789999961853027,4.171018123626709,10800
2010-01-08,9.0,9.25,9.0,9.239999771118164,4.384550094604492,1900
2010-01-11,9.489999771118164,9.489999771118164,8.949999809265137,9.329999923706055,4.427258491516113,8000
2010-01-12,9.489999771118164,9.859999656677246,9.350000381469727,9.760000228881836,4.63129997253418,3200
2010-01-13,9.539999961853027,9.539999961853027,9.5,9.5,4.5079264640808105,600
2010-01-14,9.84000015258789,10.0,9.84000015258789,9.899999618530273,4.697732925415039,1200
2010-01-15,9.899999618530273,9.899999618530273,9.899999618530273,9.899999618530273,4.697732925415039,700
2010-01-19,9.899999618530273,9.979999542236328,9.5600004196167,9.720000267028809,4.612318515777588,1800
2010-01-20,9.5600004196167,9.5600004196167,9.069999694824219,9.079999923706055,4.308628559112549,1400
2010-01-21,9.09000015258789,9.09000015258789,9.0600004196167,9.0600004196167,4.29913854598999,200
2010-01-22,9.050000190734863,9.050000190734863,8.510000228881836,8.859999656677246,4.2042341232299805,5800
2010-01-25,8.539999961853027,9.149999618530273,8.510000228881836,8.850000381469727,4.199488639831543,3300
2010-01-26,8.890000343322754,8.890000343322754,8.75,8.75,4.152037620544434,600
2010-01-27,8.789999961853027,9.449999809265137,8.5,8.59000015258789,4.076114654541016,4300
2010-01-28,8.59000015258789,8.59000015258789,8.59000015258789,8.59000015258789,4.076114654541016,0
2010-01-29,8.579999923706055,8.699999809265137,8.529999732971191,8.529999732971191,4.047641754150391,700
2010-02-01,8.529999732971191,8.529999732971191,8.529999732971191,8.529999732971191,4.047641754150391,0
2010-02-02,9.289999961853027,9.34000015258789,9.0,9.0,4.270666122436523,1500
2010-02-03,8.720000267028809,9.039999961853027,8.720000267028809,9.020000457763672,4.280155181884766,1400
2010-02-04,9.050000190734863,9.34000015258789,8.25,8.25,3.9147772789001465,19200
2010-02-05,8.199999809265137,8.199999809265137,8.079999923706055,8.119999885559082,3.8530895709991455,1700
2010-02-08,8.199999809265137,8.399999618530273,8.199999809265137,8.25,3.9147772789001465,900
2010-02-09,8.40999984741211,8.84000015258789,8.270000457763672,8.460000038146973,4.0144267082214355,5800
2010-02-10,8.5,8.5,8.350000381469727,8.350000381469727,3.962228298187256,900
2010-02-11,8.65999984741211,8.760000228881836,8.350000381469727,8.5,4.033407211303711,1200
2010-02-12,8.140000343322754,8.920000076293945,8.109999656677246,8.609999656677246,4.085604190826416,3900
2010-02-16,8.609999656677246,8.609999656677246,8.609999656677246,8.609999656677246,4.085604190826416,0
2010-02-17,8.289999961853027,8.600000381469727,8.260000228881836,8.600000381469727,4.080860614776611,4100
2010-02-18,8.239999771118164,8.359999656677246,8.239999771118164,8.359999656677246,3.9669740200042725,200
2010-02-19,8.25,8.579999923706055,8.25,8.579999923706055,4.071368217468262,600
2010-02-22,8.300000190734863,8.449999809265137,8.199999809265137,8.449999809265137,4.0096821784973145,2000
2010-02-23,8.199999809265137,8.40999984741211,8.199999809265137,8.40999984741211,3.9907009601593018,300
2010-02-24,8.40999984741211,8.5,8.40999984741211,8.5,4.033407211303711,300
2010-02-25,8.600000381469727,8.600000381469727,8.600000381469727,8.600000381469727,4.080860614776611,200
2010-02-26,8.600000381469727,8.600000381469727,8.109999656677246,8.149999618530273,3.8673253059387207,5300
2010-03-01,8.529999732971191,8.529999732971191,8.319999694824219,8.319999694824219,3.9479939937591553,200
2010-03-02,8.319999694824219,8.319999694824219,8.319999694824219,8.319999694824219,3.9479939937591553,0
2010-03-03,8.569999694824219,8.569999694824219,8.199999809265137,8.359999656677246,4.034869194030762,2300
2010-03-04,8.359999656677246,8.359999656677246,8.359999656677246,8.359999656677246,4.034869194030762,0
2010-03-05,8.489999771118164,8.489999771118164,8.40999984741211,8.449999809265137,4.078307151794434,1100
2010-03-08,8.40999984741211,8.449999809265137,8.40999984741211,8.449999809265137,4.078307151794434,1500
2010-03-09,8.539999961853027,8.569999694824219,8.40999984741211,8.40999984741211,4.059000015258789,6000
2010-03-10,8.40999984741211,8.430000305175781,8.40999984741211,8.430000305175781,4.068652629852295,700
2010-03-11,8.600000381469727,8.600000381469727,8.40999984741211,8.40999984741211,4.059000015258789,1000
2010-03-12,8.40999984741211,8.40999984741211,8.40999984741211,8.40999984741211,4.059000015258789,0
2010-03-15,8.4399995803833,8.449999809265137,8.40999984741211,8.449999809265137,4.078307151794434,1000
2010-03-16,8.430000305175781,9.0,8.430000305175781,9.0,4.343759059906006,800
2010-03-17,8.600000381469727,8.600000381469727,8.5,8.59000015258789,4.145876884460449,3700
2010-03-18,8.59000015258789,8.75,8.59000015258789,8.75,4.223099708557129,2600
2010-03-19,9.239999771118164,9.239999771118164,8.420000076293945,8.420000076293945,4.0638275146484375,4700
2010-03-22,8.859999656677246,9.1899995803833,8.6899995803833,8.6899995803833,4.194140434265137,2700
2010-03-23,8.4399995803833,8.529999732971191,8.399999618530273,8.5,4.102438926696777,1600
2010-03-24,8.5,8.5600004196167,8.5,8.5600004196167,4.131396770477295,600
2010-03-25,8.550000190734863,8.699999809265137,8.550000190734863,8.699999809265137,4.198966026306152,1200
2010-03-26,8.5,8.5,8.34000015258789,8.399999618530273,4.054174900054932,2200
2010-03-29,8.399999618530273,8.399999618530273,8.399999618530273,8.399999618530273,4.054174900054932,0
2010-03-30,8.5,8.550000190734863,8.5,8.550000190734863,4.126572608947754,2400
2010-03-31,8.399999618530273,8.600000381469727,8.399999618530273,8.600000381469727,4.150705337524414,300
2010-04-01,8.699999809265137,8.699999809265137,8.649999618530273,8.649999618530273,4.174834728240967,1100
2010-04-05,8.600000381469727,8.699999809265137,8.529999732971191,8.579999923706055,4.141048431396484,2400
2010-04-06,8.449999809265137,8.449999809265137,8.449999809265137,8.449999809265137,4.078307151794434,200
2010-04-07,8.510000228881836,8.550000190734863,8.5,8.5,4.102438926696777,2900
2010-04-08,8.649999618530273,8.649999618530273,8.600000381469727,8.600000381469727,4.150705337524414,1300
2010-04-09,8.6899995803833,8.699999809265137,8.350000381469727,8.65999984741211,4.179661273956299,4000
2010-04-12,8.65999984741211,8.699999809265137,8.65999984741211,8.699999809265137,4.198966026306152,300
2010-04-13,8.699999809265137,8.699999809265137,8.699999809265137,8.699999809265137,4.198966026306152,0
2010-04-14,8.520000457763672,8.520000457763672,8.5,8.5,4.102438926696777,12400
2010-04-15,8.350000381469727,8.720000267028809,8.350000381469727,8.5,4.102438926696777,33200
2010-04-16,8.5,8.5,8.5,8.5,4.102438926696777,100
2010-04-19,8.399999618530273,8.5,8.399999618530273,8.5,4.102438926696777,1600
2010-04-20,8.5,8.5,8.5,8.5,4.102438926696777,1400
2010-04-21,8.5,8.5,8.380000114440918,8.380000114440918,4.044520854949951,2100
2010-04-22,8.40999984741211,8.520000457763672,8.40999984741211,8.5,4.102438926696777,1500
2010-04-23,8.5,8.5,8.369999885559082,8.399999618530273,4.054174900054932,2600
2010-04-26,8.399999618530273,8.699999809265137,8.399999618530273,8.600000381469727,4.150705337524414,3100
2010-04-27,8.5,8.600000381469727,8.489999771118164,8.5,4.102438926696777,18000
2010-04-28,8.5,8.5,8.399999618530273,8.5,4.102438926696777,3700
2010-04-29,8.5,8.520000457763672,8.449999809265137,8.449999809265137,4.078307151794434,7200
2010-04-30,8.489999771118164,8.5,8.489999771118164,8.5,4.102438926696777,3800
2010-05-03,8.399999618530273,8.399999618530273,8.3100004196167,8.3100004196167,4.010737895965576,500
2010-05-04,8.470000267028809,8.5,8.300000190734863,8.350000381469727,4.030041694641113,1600
2010-05-05,8.350000381469727,8.390000343322754,8.25,8.390000343322754,4.049349308013916,3600
2010-05-06,8.479999542236328,8.489999771118164,8.25,8.25,3.981778383255005,500
2010-05-07,8.25,8.25,8.25,8.25,3.981778383255005,0
2010-05-10,8.449999809265137,8.489999771118164,8.350000381469727,8.430000305175781,4.068652629852295,3300
2010-05-11,8.319999694824219,8.4399995803833,8.319999694824219,8.390000343322754,4.049349308013916,3900
2010-05-12,8.260000228881836,8.489999771118164,8.25,8.489999771118164,4.097611427307129,1200
2010-05-13,8.489999771118164,8.489999771118164,8.34000015258789,8.399999618530273,4.054174900054932,2100
2010-05-14,8.420000076293945,8.489999771118164,8.270000457763672,8.319999694824219,4.015563488006592,4700
2010-05-17,8.449999809265137,8.489999771118164,8.449999809265137,8.489999771118164,4.097611427307129,1100
2010-05-18,8.489999771118164,8.59000015258789,8.479999542236328,8.479999542236328,4.092784404754639,18700
2010-05-19,8.34000015258789,8.5,8.34000015258789,8.5,4.171304225921631,1600
2010-05-20,8.34000015258789,8.420000076293945,8.149999618530273,8.210000038146973,4.028989791870117,6100
2010-05-21,8.25,8.25,8.25,8.25,4.048619270324707,100
2010-05-24,8.489999771118164,8.489999771118164,8.239999771118164,8.25,4.048619270324707,4600
2010-05-25,8.180000305175781,8.479999542236328,8.15999984741211,8.359999656677246,4.102599620819092,7300
2010-05-26,8.470000267028809,8.470000267028809,8.199999809265137,8.449999809265137,4.146769046783447,5600
2010-05-27,8.380000114440918,8.4399995803833,8.369999885559082,8.430000305175781,4.1369524002075195,500
2010-05-28,8.4399995803833,8.449999809265137,8.369999885559082,8.369999885559082,4.107507228851318,2300
2010-06-01,8.489999771118164,8.489999771118164,8.430000305175781,8.430000305175781,4.1369524002075195,1700
2010-06-02,8.430000305175781,8.470000267028809,8.390000343322754,8.399999618530273,4.122231483459473,2000
2010-06-03,8.369999885559082,8.399999618530273,8.319999694824219,8.390000343322754,4.1173224449157715,1700
2010-06-04,8.25,8.25,8.25,8.25,4.048619270324707,300
2010-06-07,7.840000152587891,8.399999618530273,7.829999923706055,8.289999961853027,4.068249225616455,9700
2010-06-08,8.109999656677246,8.34000015258789,8.069999694824219,8.149999618530273,3.9995455741882324,1600
2010-06-09,8.390000343322754,8.399999618530273,8.029999732971191,8.0600004196167,3.9553778171539307,1800
2010-06-10,8.0600004196167,8.0600004196167,8.0600004196167,8.0600004196167,3.9553778171539307,0
2010-06-11,8.0600004196167,8.0600004196167,8.0600004196167,8.0600004196167,3.9553778171539307,0
2010-06-14,8.079999923706055,8.399999618530273,8.079999923706055,8.289999961853027,4.068249225616455,3600
2010-06-15,8.399999618530273,8.399999618530273,8.390000343322754,8.399999618530273,4.122231483459473,1200
2010-06-16,8.350000381469727,8.350000381469727,8.0,8.0,3.9259328842163086,4300
2010-06-17,8.149999618530273,8.149999618530273,8.0,8.039999961853027,3.9455628395080566,1100
2010-06-18,8.390000343322754,8.5,8.289999961853027,8.369999885559082,4.107507228851318,2400
2010-06-21,8.399999618530273,8.399999618530273,8.079999923706055,8.1899995803833,4.019174098968506,4300
2010-06-22,8.369999885559082,8.369999885559082,8.369999885559082,8.369999885559082,4.107507228851318,300
2010-06-23,8.399999618530273,8.399999618530273,8.130000114440918,8.359999656677246,4.102599620819092,9400
2010-06-24,8.180000305175781,8.470000267028809,8.180000305175781,8.420000076293945,4.132045269012451,3500
2010-06-25,8.40999984741211,8.40999984741211,8.390000343322754,8.390000343322754,4.1173224449157715,1500
2010-06-28,8.390000343322754,8.390000343322754,8.3100004196167,8.390000343322754,4.1173224449157715,500
2010-06-29,8.390000343322754,8.420000076293945,8.319999694824219,8.390000343322754,4.1173224449157715,3700
2010-06-30,8.319999694824219,8.420000076293945,8.3100004196167,8.420000076293945,4.132045269012451,2200
2010-07-01,8.390000343322754,8.390000343322754,8.210000038146973,8.25,4.048619270324707,2400
2010-07-02,8.149999618530273,8.149999618530273,8.149999618530273,8.149999618530273,3.9995455741882324,100
2010-07-06,8.170000076293945,8.170000076293945,8.100000381469727,8.100000381469727,3.9750068187713623,1500
2010-07-07,8.25,8.25,8.09000015258789,8.119999885559082,3.9848225116729736,1300
2010-07-08,8.210000038146973,8.210000038146973,8.050000190734863,8.050000190734863,3.9504706859588623,1200
2010-07-09,8.199999809265137,8.199999809265137,8.050000190734863,8.050000190734863,3.9504706859588623,400
2010-07-12,8.229999542236328,8.5,8.050000190734863,8.5,4.171304225921631,4900
2010-07-13,8.5,8.5,8.5,8.5,4.171304225921631,0
2010-07-14,8.399999618530273,8.399999618530273,8.399999618530273,8.399999618530273,4.122231483459473,200
2010-07-15,8.25,8.75,8.25,8.75,4.293990612030029,2900
2010-07-16,8.75,8.75,8.75,8.75,4.293990612030029,0
2010-07-19,8.75,8.75,8.75,8.75,4.293990612030029,0
2010-07-20,8.75,8.75,8.75,8.75,4.293990612030029,0
2010-07-21,8.600000381469727,8.729999542236328,8.5,8.729999542236328,4.28417444229126,1900
2010-07-22,8.729999542236328,8.989999771118164,8.65999984741211,8.989999771118164,4.411768436431885,6500
2010-07-23,9.0,9.0,8.850000381469727,8.850000381469727,4.343064785003662,500
2010-07-26,8.65999984741211,8.65999984741211,8.4399995803833,8.5,4.171304225921631,9500
2010-07-27,8.5,8.5,8.260000228881836,8.300000190734863,4.073156356811523,800
2010-07-28,8.5,8.819999694824219,8.300000190734863,8.300000190734863,4.073156356811523,800
2010-07-29,8.300000190734863,8.300000190734863,8.300000190734863,8.300000190734863,4.073156356811523,0
2010-07-30,8.300000190734863,8.300000190734863,8.300000190734863,8.300000190734863,4.073156356811523,0
2010-08-02,8.329999923706055,8.489999771118164,8.300000190734863,8.449999809265137,4.146769046783447,1300
2010-08-03,8.350000381469727,8.350000381469727,8.350000381469727,8.350000381469727,4.097692489624023,200
2010-08-04,8.350000381469727,8.350000381469727,8.350000381469727,8.350000381469727,4.097692489624023,0
2010-08-05,8.350000381469727,8.350000381469727,8.350000381469727,8.350000381469727,4.097692489624023,0
2010-08-06,8.350000381469727,8.350000381469727,8.350000381469727,8.350000381469727,4.097692489624023,0
2010-08-09,8.5,8.84000015258789,8.5,8.84000015258789,4.338156223297119,400
2010-08-10,8.380000114440918,8.75,8.350000381469727,8.350000381469727,4.097692489624023,5200
2010-08-11,8.380000114440918,8.4399995803833,8.350000381469727,8.350000381469727,4.097692489624023,2600
2010-08-12,8.369999885559082,8.380000114440918,8.010000228881836,8.109999656677246,3.979915142059326,11200
2010-08-13,8.010000228881836,8.010000228881836,8.010000228881836,8.010000228881836,3.930839776992798,200
2010-08-16,8.010000228881836,8.010000228881836,8.010000228881836,8.010000228881836,3.930839776992798,0
2010-08-17,8.149999618530273,8.149999618530273,7.420000076293945,7.699999809265137,3.77871036529541,6800
2010-08-18,7.809999942779541,7.980000019073486,7.710000038146973,7.949999809265137,3.9013960361480713,5700
2010-08-19,7.909999847412109,7.909999847412109,7.900000095367432,7.900000095367432,3.8768575191497803,700
2010-08-20,8.0,8.0,7.900000095367432,7.980000019073486,3.916118860244751,1200
2010-08-23,7.980000019073486,8.100000381469727,7.699999809265137,8.100000381469727,3.9750068187713623,5900
2010-08-24,8.100000381469727,8.350000381469727,8.020000457763672,8.079999923706055,3.9651942253112793,800
2010-08-25,8.029999732971191,8.029999732971191,8.029999732971191,8.029999732971191,3.9406564235687256,300
2010-08-26,8.029999732971191,8.029999732971191,8.029999732971191,8.029999732971191,3.9406564235687256,0
2010-08-27,8.029999732971191,8.029999732971191,8.029999732971191,8.029999732971191,3.9406564235687256,0
2010-08-30,8.470000267028809,8.489999771118164,8.470000267028809,8.489999771118164,4.1663970947265625,500
2010-08-31,8.59000015258789,8.59000015258789,8.300000190734863,8.5,4.171304225921631,1000
2010-09-01,8.050000190734863,8.619999885559082,7.800000190734863,8.0,3.9916772842407227,3600
2010-09-02,8.600000381469727,8.670000076293945,7.900000095367432,8.069999694824219,4.026607036590576,1800
2010-09-03,8.069999694824219,8.069999694824219,8.069999694824219,8.069999694824219,4.026607036590576,0
2010-09-07,7.949999809265137,8.0,7.949999809265137,8.0,3.9916772842407227,200
2010-09-08,8.0,8.050000190734863,8.0,8.050000190734863,4.016627311706543,600
2010-09-09,8.449999809265137,8.449999809265137,8.069999694824219,8.399999618530273,4.1912641525268555,1500
2010-09-10,8.399999618530273,8.420000076293945,8.010000228881836,8.199999809265137,4.0914716720581055,3100
2010-09-13,8.050000190734863,8.050000190734863,7.869999885559082,7.909999847412109,3.9467716217041016,2900
2010-09-14,8.0,8.0,7.900000095367432,7.940000057220459,3.9617435932159424,1600
2010-09-15,7.960000038146973,8.25,7.949999809265137,8.25,4.116419315338135,1600
2010-09-16,8.199999809265137,8.25,8.0,8.140000343322754,4.061534881591797,1600
2010-09-17,8.369999885559082,8.369999885559082,8.369999885559082,8.369999885559082,4.176294326782227,300
2010-09-20,8.369999885559082,8.369999885559082,8.199999809265137,8.199999809265137,4.0914716720581055,2600
2010-09-21,8.359999656677246,8.470000267028809,8.180000305175781,8.449999809265137,4.216212272644043,3800
2010-09-22,8.300000190734863,8.300000190734863,8.270000457763672,8.270000457763672,4.12639856338501,500
2010-09-23,8.149999618530273,8.149999618530273,8.149999618530273,8.149999618530273,4.06652307510376,200
2010-09-24,8.380000114440918,8.399999618530273,8.15999984741211,8.350000381469727,4.166314125061035,1500
2010-09-27,8.3100004196167,8.3100004196167,8.3100004196167,8.3100004196167,4.146358013153076,100
2010-09-28,8.3100004196167,8.3100004196167,8.3100004196167,8.3100004196167,4.146358013153076,0
2010-09-29,8.25,8.25,8.25,8.25,4.116419315338135,100
2010-09-30,8.350000381469727,8.350000381469727,8.010000228881836,8.010000228881836,3.9966676235198975,400
2010-10-01,8.0,8.0,7.849999904632568,7.96999979019165,3.976710796356201,1800
2010-10-04,8.460000038146973,8.460000038146973,8.140000343322754,8.149999618530273,4.06652307510376,800
2010-10-05,8.100000381469727,8.350000381469727,8.100000381469727,8.350000381469727,4.166314125061035,1100
2010-10-06,8.3100004196167,8.470000267028809,8.199999809265137,8.399999618530273,4.1912641525268555,1800
2010-10-07,8.470000267028809,8.470000267028809,8.0,8.069999694824219,4.026607036590576,3700
2010-10-08,8.329999923706055,8.329999923706055,8.0600004196167,8.0600004196167,4.021615505218506,1200
2010-10-11,8.010000228881836,8.020000457763672,8.010000228881836,8.010000228881836,3.9966676235198975,1600
2010-10-12,8.199999809265137,8.350000381469727,8.069999694824219,8.350000381469727,4.166314125061035,2900
2010-10-13,8.0600004196167,8.079999923706055,8.0,8.020000457763672,4.001657962799072,1900
2010-10-14,8.329999923706055,8.329999923706055,8.100000381469727,8.100000381469727,4.041574001312256,1600
2010-10-15,8.270000457763672,8.270000457763672,8.109999656677246,8.109999656677246,4.046565055847168,1600
2010-10-18,8.100000381469727,8.119999885559082,8.100000381469727,8.100000381469727,4.041574001312256,2600
2010-10-19,8.100000381469727,8.100000381469727,8.100000381469727,8.100000381469727,4.041574001312256,0
2010-10-20,8.069999694824219,8.329999923706055,8.069999694824219,8.15999984741211,4.0715107917785645,600
2010-10-21,8.119999885559082,8.119999885559082,8.0,8.0,3.9916772842407227,4500
2010-10-22,8.350000381469727,8.350000381469727,8.109999656677246,8.109999656677246,4.046565055847168,500
2010-10-25,8.3100004196167,8.3100004196167,8.010000228881836,8.1899995803833,4.086481094360352,1000
2010-10-26,8.25,8.25,8.15999984741211,8.1899995803833,4.086481094360352,600
2010-10-27,8.15999984741211,8.270000457763672,8.15999984741211,8.15999984741211,4.0715107917785645,500
2010-10-28,8.15999984741211,8.3100004196167,8.050000190734863,8.3100004196167,4.146358013153076,2000
2010-10-29,8.0600004196167,8.289999961853027,8.0600004196167,8.130000114440918,4.056543827056885,1300
2010-11-01,8.279999732971191,8.3100004196167,8.109999656677246,8.109999656677246,4.046565055847168,400
2010-11-02,8.260000228881836,8.279999732971191,8.170000076293945,8.25,4.116419315338135,1200
2010-11-03,8.220000267028809,8.239999771118164,8.149999618530273,8.149999618530273,4.06652307510376,1000
2010-11-04,8.050000190734863,8.25,8.039999961853027,8.25,4.116419315338135,1000
2010-11-05,8.229999542236328,8.25,8.229999542236328,8.25,4.116419315338135,1500
2010-11-08,8.050000190734863,8.050000190734863,8.050000190734863,8.050000190734863,4.016627311706543,2000
2010-11-09,8.220000267028809,8.470000267028809,8.199999809265137,8.470000267028809,4.226190567016602,6900
2010-11-10,8.390000343322754,8.449999809265137,8.390000343322754,8.449999809265137,4.216212272644043,1800
2010-11-11,8.449999809265137,8.449999809265137,8.329999923706055,8.449999809265137,4.216212272644043,2300
2010-11-12,8.449999809265137,8.449999809265137,8.449999809265137,8.449999809265137,4.216212272644043,800
2010-11-15,8.449999809265137,8.449999809265137,8.449999809265137,8.449999809265137,4.216212272644043,0
2010-11-16,8.449999809265137,8.479999542236328,8.449999809265137,8.479999542236328,4.2311787605285645,900
2010-11-17,8.470000267028809,8.479999542236328,8.470000267028809,8.479999542236328,4.2311787605285645,200
2010-11-18,8.479999542236328,8.59000015258789,8.479999542236328,8.59000015258789,4.28606653213501,3300
2010-11-19,8.520000457763672,8.600000381469727,8.520000457763672,8.600000381469727,4.291056156158447,700
2010-11-22,8.600000381469727,8.75,8.5,8.5,4.241158962249756,6700
2010-11-23,8.5,8.630000114440918,8.220000267028809,8.220000267028809,4.170135498046875,1800
2010-11-24,8.390000343322754,8.600000381469727,8.390000343322754,8.539999961853027,4.332476615905762,1100
2010-11-26,8.6899995803833,9.0,8.6899995803833,9.0,4.565841197967529,500
2010-11-29,8.75,8.75,8.729999542236328,8.75,4.439013481140137,800
2010-11-30,8.039999961853027,8.079999923706055,8.0,8.0,4.058523178100586,4000
2010-12-01,8.399999618530273,8.399999618530273,8.229999542236328,8.229999542236328,4.17520809173584,400
2010-12-02,8.229999542236328,8.229999542236328,8.229999542236328,8.229999542236328,4.17520809173584,0
2010-12-03,8.199999809265137,8.199999809265137,8.010000228881836,8.050000190734863,4.08389139175415,4600
2010-12-06,8.029999732971191,8.029999732971191,8.029999732971191,8.029999732971191,4.073745250701904,100
2010-12-07,8.010000228881836,8.149999618530273,8.010000228881836,8.029999732971191,4.073745250701904,1900
2010-12-08,8.020000457763672,8.020000457763672,8.020000457763672,8.020000457763672,4.068671703338623,100
2010-12-09,8.039999961853027,8.079999923706055,8.0,8.0,4.058523178100586,1800
2010-12-10,8.300000190734863,8.300000190734863,8.100000381469727,8.199999809265137,4.159989356994629,1500
2010-12-13,8.0600004196167,8.359999656677246,8.0,8.029999732971191,4.073745250701904,2800
2010-12-14,8.390000343322754,8.4399995803833,8.350000381469727,8.430000305175781,4.276670932769775,1500
2010-12-15,8.449999809265137,8.449999809265137,8.100000381469727,8.449999809265137,4.286818027496338,6100
2010-12-16,8.449999809265137,8.449999809265137,8.449999809265137,8.449999809265137,4.286818027496338,0
2010-12-17,8.449999809265137,8.949999809265137,8.350000381469727,8.949999809265137,4.540474891662598,3000
2010-12-20,8.970000267028809,8.970000267028809,8.329999923706055,8.329999923706055,4.225940704345703,4900
2010-12-21,8.930000305175781,9.0,8.90999984741211,8.949999809265137,4.540474891662598,2900
2010-12-22,8.210000038146973,8.720000267028809,8.210000038146973,8.369999885559082,4.246232032775879,5200
2010-12-23,8.449999809265137,8.9399995803833,8.239999771118164,8.359999656677246,4.241158962249756,8000
2010-12-27,8.899999618530273,8.9399995803833,8.479999542236328,8.9399995803833,4.535402297973633,4000
2010-12-28,8.529999732971191,9.010000228881836,8.510000228881836,8.899999618530273,4.515110015869141,4700
2010-12-29,9.0,9.0,8.84000015258789,8.84000015258789,4.4846696853637695,800
2010-12-30,9.0,9.0,8.880000114440918,8.960000038146973,4.545548439025879,2600
2010-12-31,8.960000038146973,8.960000038146973,8.65999984741211,8.710000038146973,4.418720245361328,3300
2011-01-03,8.550000190734863,8.890000343322754,8.550000190734863,8.75,4.439013481140137,600
2011-01-04,8.75,8.75,8.75,8.75,4.439013481140137,0
2011-01-05,8.569999694824219,9.0,8.569999694824219,9.0,4.565841197967529,2000
2011-01-06,8.930000305175781,8.930000305175781,8.3100004196167,8.3100004196167,4.215794086456299,13800
2011-01-07,8.300000190734863,8.449999809265137,8.300000190734863,8.449999809265137,4.286818027496338,800
2011-01-10,8.619999885559082,8.619999885559082,8.609999656677246,8.609999656677246,4.3679890632629395,1000
2011-01-11,8.619999885559082,8.630000114440918,7.53000020980835,7.610000133514404,3.8606724739074707,34100
2011-01-12,7.650000095367432,7.949999809265137,7.650000095367432,7.940000057220459,4.028088569641113,10400
2011-01-13,7.860000133514404,7.989999771118164,7.690000057220459,7.769999980926514,3.9418437480926514,5400
2011-01-14,7.960000038146973,7.989999771118164,7.809999942779541,7.840000152587891,3.9773552417755127,1800
2011-01-18,7.960000038146973,8.0,7.960000038146973,8.0,4.058523178100586,3600
2011-01-19,7.989999771118164,8.039999961853027,7.989999771118164,8.039999961853027,4.078818321228027,2000
2011-01-20,7.949999809265137,8.069999694824219,7.800000190734863,8.0,4.058523178100586,7000
2011-01-21,8.039999961853027,8.039999961853027,7.989999771118164,7.989999771118164,4.0534515380859375,600
2011-01-24,7.869999885559082,7.949999809265137,7.800000190734863,7.809999942779541,3.9621353149414062,3900
2011-01-25,8.5,8.5,8.180000305175781,8.199999809265137,4.159989356994629,2500
2011-01-26,8.130000114440918,8.449999809265137,8.100000381469727,8.399999618530273,4.261452674865723,6500
2011-01-27,8.399999618530273,8.399999618530273,8.399999618530273,8.399999618530273,4.261452674865723,0
2011-01-28,8.210000038146973,8.300000190734863,8.0600004196167,8.300000190734863,4.210720539093018,2400
2011-01-31,8.289999961853027,8.5600004196167,8.289999961853027,8.5600004196167,4.34262228012085,1200
2011-02-01,8.40999984741211,8.75,8.300000190734863,8.75,4.439013481140137,3800
2011-02-02,8.369999885559082,8.899999618530273,8.369999885559082,8.899999618530273,4.515110015869141,2800
2011-02-03,8.369999885559082,8.479999542236328,8.350000381469727,8.359999656677246,4.241158962249756,2400
2011-02-04,8.789999961853027,8.789999961853027,8.359999656677246,8.420000076293945,4.2715983390808105,500
2011-02-07,8.520000457763672,8.729999542236328,8.260000228881836,8.319999694824219,4.2208662033081055,2600
2011-02-08,8.399999618530273,8.399999618530273,8.399999618530273,8.399999618530273,4.261452674865723,500
2011-02-09,8.390000343322754,8.579999923706055,8.390000343322754,8.520000457763672,4.322329998016357,2800
2011-02-10,8.569999694824219,8.600000381469727,8.319999694824219,8.319999694824219,4.2208662033081055,5200
2011-02-11,8.319999694824219,8.369999885559082,8.25,8.25,4.185355186462402,2400
2011-02-14,8.390000343322754,8.470000267028809,8.319999694824219,8.399999618530273,4.261452674865723,3500
2011-02-15,8.369999885559082,8.789999961853027,8.350000381469727,8.569999694824219,4.3476948738098145,4300
2011-02-16,8.720000267028809,8.720000267028809,8.640000343322754,8.710000038146973,4.418720245361328,1400
2011-02-17,8.789999961853027,8.789999961853027,8.649999618530273,8.649999618530273,4.388280391693115,1300
2011-02-18,8.789999961853027,9.0,8.399999618530273,8.949999809265137,4.540474891662598,12000
2011-02-22,8.949999809265137,8.949999809265137,8.949999809265137,8.949999809265137,4.540474891662598,0
2011-02-23,8.710000038146973,8.770000457763672,8.699999809265137,8.770000457763672,4.449159622192383,2200
2011-02-24,8.8100004196167,8.960000038146973,8.8100004196167,8.960000038146973,4.545548439025879,3800
2011-02-25,8.699999809265137,9.0,8.470000267028809,9.0,4.565841197967529,3200
2011-02-28,9.0,9.010000228881836,8.9399995803833,8.989999771118164,4.560768127441406,23600
2011-03-01,9.010000228881836,9.100000381469727,9.010000228881836,9.100000381469727,4.616570949554443,5100
2011-03-02,8.949999809265137,9.100000381469727,8.699999809265137,8.710000038146973,4.487762928009033,3400
2011-03-03,8.720000267028809,8.75,8.359999656677246,8.40999984741211,4.333189487457275,3400
2011-03-04,8.430000305175781,8.449999809265137,8.270000457763672,8.359999656677246,4.307426929473877,4100
2011-03-07,8.319999694824219,8.369999885559082,7.949999809265137,8.210000038146973,4.230142116546631,4600
2011-03-08,8.15999984741211,8.210000038146973,8.15999984741211,8.199999809265137,4.22498893737793,2700
2011-03-09,8.199999809265137,8.199999809265137,8.199999809265137,8.199999809265137,4.22498893737793,800
2011-03-10,8.470000267028809,8.470000267028809,8.149999618530273,8.149999618530273,4.1992268562316895,1200
2011-03-11,8.149999618530273,8.180000305175781,8.010000228881836,8.0600004196167,4.152853488922119,5700
2011-03-14,8.180000305175781,8.180000305175781,8.0600004196167,8.15999984741211,4.204377174377441,1000
2011-03-15,8.3100004196167,8.34000015258789,8.289999961853027,8.329999923706055,4.291971206665039,2100
2011-03-16,8.350000381469727,8.350000381469727,8.149999618530273,8.199999809265137,4.22498893737793,2200
2011-03-17,8.149999618530273,8.180000305175781,8.149999618530273,8.180000305175781,4.214683532714844,1300
2011-03-18,8.300000190734863,8.300000190734863,8.149999618530273,8.149999618530273,4.1992268562316895,4900
2011-03-21,8.300000190734863,8.300000190734863,8.270000457763672,8.300000190734863,4.27651309967041,2600
2011-03-22,8.300000190734863,8.300000190734863,8.300000190734863,8.300000190734863,4.27651309967041,400
2011-03-23,8.170000076293945,8.300000190734863,8.149999618530273,8.15999984741211,4.204377174377441,1200
2011-03-24,8.109999656677246,8.420000076293945,8.109999656677246,8.210000038146973,4.230142116546631,7500
2011-03-25,8.329999923706055,8.329999923706055,8.319999694824219,8.319999694824219,4.286816596984863,300
2011-03-28,8.4399995803833,8.4399995803833,8.25,8.25,4.250750541687012,1400
2011-03-29,8.359999656677246,8.359999656677246,8.25,8.25,4.250750541687012,1000
2011-03-30,8.430000305175781,8.5,8.260000228881836,8.5,4.379560947418213,3400
2011-03-31,8.5,8.640000343322754,8.399999618530273,8.399999618530273,4.328038215637207,1800
2011-04-01,8.489999771118164,8.489999771118164,8.489999771118164,8.489999771118164,4.37440824508667,500
2011-04-04,8.40999984741211,8.729999542236328,8.40999984741211,8.609999656677246,4.436238765716553,500
2011-04-05,8.4399995803833,8.850000381469727,8.399999618530273,8.399999618530273,4.328038215637207,4200
2011-04-06,8.399999618530273,8.40999984741211,8.319999694824219,8.319999694824219,4.286816596984863,4500
2011-04-07,8.300000190734863,8.380000114440918,8.25,8.25,4.250750541687012,500
2011-04-08,8.25,8.390000343322754,8.069999694824219,8.180000305175781,4.214683532714844,11600
2011-04-11,8.109999656677246,8.399999618530273,8.109999656677246,8.399999618530273,4.328038215637207,4000
2011-04-12,8.350000381469727,8.350000381469727,8.34000015258789,8.34000015258789,4.297121047973633,600
2011-04-13,8.34000015258789,8.710000038146973,8.34000015258789,8.609999656677246,4.436238765716553,5500
2011-04-14,8.460000038146973,8.460000038146973,8.300000190734863,8.430000305175781,4.343493461608887,3800
2011-04-15,8.399999618530273,8.600000381469727,8.399999618530273,8.539999961853027,4.400170803070068,2000
2011-04-18,8.329999923706055,8.329999923706055,8.329999923706055,8.329999923706055,4.291971206665039,200
2011-04-19,8.770000457763672,8.770000457763672,8.40999984741211,8.569999694824219,4.415627479553223,4200
2011-04-20,8.529999732971191,8.529999732971191,8.470000267028809,8.470000267028809,4.364104270935059,300
2011-04-21,8.729999542236328,8.729999542236328,8.319999694824219,8.630000114440918,4.446542263031006,1500
2011-04-25,8.399999618530273,8.680000305175781,8.399999618530273,8.579999923706055,4.420780181884766,2900
2011-04-26,8.600000381469727,8.800000190734863,8.449999809265137,8.449999809265137,4.353799819946289,4200
2011-04-27,8.720000267028809,8.779999732971191,8.59000015258789,8.609999656677246,4.436238765716553,1400
2011-04-28,8.539999961853027,8.539999961853027,8.5,8.5,4.379560947418213,1700
2011-04-29,8.800000190734863,8.979999542236328,8.800000190734863,8.800000190734863,4.534134864807129,3100
2011-05-02,8.800000190734863,8.800000190734863,8.670000076293945,8.729999542236328,4.498065948486328,1900
2011-05-03,8.729999542236328,8.729999542236328,8.729999542236328,8.729999542236328,4.498065948486328,600
2011-05-04,8.890000343322754,8.890000343322754,8.729999542236328,8.729999542236328,4.498065948486328,900
2011-05-05,8.739999771118164,8.899999618530273,8.510000228881836,8.899999618530273,4.585658550262451,3400
2011-05-06,8.90999984741211,8.90999984741211,8.550000190734863,8.760000228881836,4.51352596282959,8000
2011-05-09,8.819999694824219,8.850000381469727,8.479999542236328,8.75,4.508372783660889,6900
2011-05-10,8.630000114440918,9.0,8.630000114440918,8.720000267028809,4.49291467666626,7000
2011-05-11,8.720000267028809,8.970000267028809,8.649999618530273,8.699999809265137,4.48261022567749,3500
2011-05-12,8.9399995803833,8.949999809265137,8.800000190734863,8.880000114440918,4.575354099273682,600
2011-05-13,8.829999923706055,8.880000114440918,8.829999923706055,8.850000381469727,4.559896469116211,800
2011-05-16,8.609999656677246,8.859999656677246,8.609999656677246,8.850000381469727,4.559896469116211,4800
2011-05-17,8.630000114440918,8.829999923706055,8.609999656677246,8.829999923706055,4.549590587615967,11600
2011-05-18,8.680000305175781,8.850000381469727,8.680000305175781,8.760000228881836,4.586240291595459,1900
2011-05-19,8.850000381469727,8.880000114440918,8.600000381469727,8.609999656677246,4.507707595825195,7200
2011-05-20,8.680000305175781,8.779999732971191,8.600000381469727,8.770000457763672,4.591475486755371,1600
2011-05-23,8.630000114440918,8.630000114440918,8.550000190734863,8.579999923706055,4.492001056671143,1200
2011-05-24,8.619999885559082,8.699999809265137,8.619999885559082,8.680000305175781,4.544355392456055,1000
2011-05-25,8.6899995803833,8.770000457763672,8.600000381469727,8.609999656677246,4.507707595825195,6900
2011-05-26,8.75,8.75,8.699999809265137,8.699999809265137,4.554826736450195,1400
2011-05-27,8.699999809265137,8.699999809265137,8.699999809265137,8.699999809265137,4.554826736450195,300
2011-05-31,8.75,8.880000114440918,8.619999885559082,8.619999885559082,4.512943267822266,2500
2011-06-01,8.619999885559082,8.619999885559082,8.619999885559082,8.619999885559082,4.512943267822266,0
2011-06-02,8.510000228881836,8.550000190734863,8.510000228881836,8.510000228881836,4.455353736877441,600
2011-06-03,8.510000228881836,8.510000228881836,8.510000228881836,8.510000228881836,4.455353736877441,0
2011-06-06,8.529999732971191,8.970000267028809,8.529999732971191,8.899999618530273,4.659535884857178,3100
2011-06-07,8.899999618530273,8.899999618530273,8.619999885559082,8.619999885559082,4.512943267822266,2600
2011-06-08,8.640000343322754,8.850000381469727,8.630000114440918,8.630000114440918,4.518176555633545,1000
2011-06-09,8.630000114440918,8.630000114440918,8.630000114440918,8.630000114440918,4.518176555633545,0
2011-06-10,8.760000228881836,8.8100004196167,8.760000228881836,8.8100004196167,4.612416744232178,500
2011-06-13,8.850000381469727,8.850000381469727,8.720000267028809,8.800000190734863,4.607181072235107,700
2011-06-14,8.800000190734863,8.84000015258789,8.649999618530273,8.720000267028809,4.5652971267700195,1500
2011-06-15,8.850000381469727,8.850000381469727,8.720000267028809,8.770000457763672,4.591475486755371,800
2011-06-16,8.720000267028809,8.729999542236328,8.649999618530273,8.649999618530273,4.52864933013916,1800
2011-06-17,8.670000076293945,8.8100004196167,8.670000076293945,8.789999961853027,4.6019463539123535,2400
2011-06-20,8.850000381469727,8.850000381469727,8.829999923706055,8.829999923706055,4.622885704040527,2000
2011-06-21,8.850000381469727,8.850000381469727,8.65999984741211,8.819999694824219,4.617650985717773,2900
2011-06-22,8.819999694824219,8.819999694824219,8.819999694824219,8.819999694824219,4.617650985717773,0
2011-06-23,8.829999923706055,8.850000381469727,8.829999923706055,8.850000381469727,4.633358955383301,300
2011-06-24,8.850000381469727,8.970000267028809,8.850000381469727,8.899999618530273,4.659535884857178,1800
2011-06-27,8.899999618530273,8.899999618530273,8.899999618530273,8.899999618530273,4.659535884857178,0
2011-06-28,8.899999618530273,8.899999618530273,8.899999618530273,8.899999618530273,4.659535884857178,0
2011-06-29,8.880000114440918,8.880000114440918,8.829999923706055,8.829999923706055,4.622885704040527,900
2011-06-30,8.65999984741211,8.829999923706055,8.649999618530273,8.829999923706055,4.622885704040527,1900
2011-07-01,8.829999923706055,8.829999923706055,8.829999923706055,8.829999923706055,4.622885704040527,0
2011-07-05,8.829999923706055,8.829999923706055,8.829999923706055,8.829999923706055,4.622885704040527,0
2011-07-06,8.829999923706055,8.829999923706055,8.829999923706055,8.829999923706055,4.622885704040527,0
2011-07-07,8.720000267028809,8.720000267028809,8.720000267028809,8.720000267028809,4.5652971267700195,200
2011-07-08,8.880000114440918,8.880000114440918,8.850000381469727,8.850000381469727,4.633358955383301,1800
2011-07-11,8.539999961853027,8.850000381469727,8.510000228881836,8.789999961853027,4.6019463539123535,4100
2011-07-12,8.5600004196167,8.600000381469727,8.5600004196167,8.600000381469727,4.5024733543396,200
2011-07-13,8.770000457763672,8.800000190734863,8.630000114440918,8.75,4.581005573272705,4900
2011-07-14,8.75,8.75,8.75,8.75,4.581005573272705,0
2011-07-15,8.800000190734863,8.800000190734863,8.760000228881836,8.789999961853027,4.6019463539123535,4400
2011-07-18,8.670000076293945,8.800000190734863,8.649999618530273,8.789999961853027,4.6019463539123535,3200
2011-07-19,8.789999961853027,8.789999961853027,8.789999961853027,8.789999961853027,4.6019463539123535,0
2011-07-20,8.800000190734863,8.850000381469727,8.800000190734863,8.850000381469727,4.633358955383301,6000
2011-07-21,8.850000381469727,8.850000381469727,8.600000381469727,8.850000381469727,4.633358955383301,16200
2011-07-22,8.850000381469727,8.899999618530273,8.800000190734863,8.850000381469727,4.633358955383301,11900
2011-07-25,8.670000076293945,8.760000228881836,8.670000076293945,8.739999771118164,4.575768947601318,500
2011-07-26,8.829999923706055,8.899999618530273,8.75,8.779999732971191,4.596710205078125,3100
2011-07-27,8.779999732971191,8.930000305175781,8.699999809265137,8.770000457763672,4.591475486755371,7400
2011-07-28,8.75,8.779999732971191,8.600000381469727,8.699999809265137,4.554826736450195,10500
2011-07-29,8.729999542236328,8.739999771118164,8.699999809265137,8.739999771118164,4.575768947601318,3400
2011-08-01,8.949999809265137,8.949999809265137,8.699999809265137,8.75,4.581005573272705,2400
2011-08-02,8.710000038146973,8.760000228881836,8.710000038146973,8.720000267028809,4.5652971267700195,1900
2011-08-03,8.720000267028809,8.819999694824219,8.699999809265137,8.770000457763672,4.591475486755371,8000
2011-08-04,8.859999656677246,8.859999656677246,8.699999809265137,8.699999809265137,4.554826736450195,3000
2011-08-05,8.720000267028809,8.75,8.699999809265137,8.75,4.581005573272705,2000
2011-08-08,8.5,8.5,8.300000190734863,8.460000038146973,4.42917537689209,5400
2011-08-09,8.949999809265137,8.949999809265137,8.880000114440918,8.880000114440918,4.649064540863037,200
2011-08-10,8.880000114440918,8.949999809265137,8.300000190734863,8.949999809265137,4.685710906982422,7000
2011-08-11,8.949999809265137,8.949999809265137,8.680000305175781,8.710000038146973,4.560062408447266,800
2011-08-12,8.949999809265137,8.949999809265137,8.779999732971191,8.899999618530273,4.659535884857178,2200
2011-08-15,8.75,8.949999809265137,8.729999542236328,8.729999542236328,4.570531845092773,2700
2011-08-16,8.930000305175781,8.949999809265137,8.729999542236328,8.729999542236328,4.570531845092773,1700
2011-08-17,8.859999656677246,8.859999656677246,8.670000076293945,8.670000076293945,4.539121150970459,1400
2011-08-18,8.670000076293945,8.75,8.5,8.5600004196167,4.481531143188477,2600
2011-08-19,8.5600004196167,8.5600004196167,8.5600004196167,8.5600004196167,4.481531143188477,0
2011-08-22,8.670000076293945,8.869999885559082,8.5,8.779999732971191,4.596710205078125,1500
2011-08-23,8.760000228881836,8.84000015258789,8.5600004196167,8.84000015258789,4.628121852874756,3600
2011-08-24,8.8100004196167,8.8100004196167,8.59000015258789,8.8100004196167,4.612416744232178,3000
2011-08-25,8.75,8.770000457763672,8.520000457763672,8.760000228881836,4.586240291595459,5400
2011-08-26,8.729999542236328,8.760000228881836,8.6899995803833,8.760000228881836,4.586240291595459,3300
2011-08-29,8.569999694824219,8.760000228881836,8.539999961853027,8.65999984741211,4.5338850021362305,2800
2011-08-30,8.75,8.760000228881836,8.739999771118164,8.75,4.581005573272705,4700
2011-08-31,8.75,8.75,8.640000343322754,8.739999771118164,4.650172233581543,5000
2011-09-01,8.75,8.75,8.5600004196167,8.5600004196167,4.554401397705078,2200
2011-09-02,8.609999656677246,8.630000114440918,8.609999656677246,8.630000114440918,4.5916428565979,300
2011-09-06,8.510000228881836,8.680000305175781,8.449999809265137,8.680000305175781,4.6182475090026855,3300
2011-09-07,8.739999771118164,8.760000228881836,8.520000457763672,8.760000228881836,4.660812854766846,12500
2011-09-08,8.75,8.75,8.65999984741211,8.65999984741211,4.607605934143066,400
2011-09-09,8.529999732971191,8.699999809265137,8.3100004196167,8.569999694824219,4.55972146987915,10100
2011-09-12,8.430000305175781,8.5,8.430000305175781,8.5,4.522478103637695,600
2011-09-13,8.510000228881836,8.510000228881836,8.510000228881836,8.510000228881836,4.527798175811768,100
2011-09-14,8.510000228881836,8.539999961853027,8.510000228881836,8.539999961853027,4.543760299682617,400
2011-09-15,8.699999809265137,8.699999809265137,8.550000190734863,8.619999885559082,4.586324214935303,2100
2011-09-16,8.619999885559082,8.619999885559082,8.619999885559082,8.619999885559082,4.586324214935303,0
2011-09-19,8.640000343322754,8.640000343322754,8.640000343322754,8.640000343322754,4.5969648361206055,100
2011-09-20,8.699999809265137,8.699999809265137,8.630000114440918,8.640000343322754,4.5969648361206055,9300
2011-09-21,8.680000305175781,8.680000305175781,8.40999984741211,8.619999885559082,4.586324214935303,13400
2011-09-22,8.600000381469727,8.600000381469727,8.600000381469727,8.600000381469727,4.575684070587158,3000
2011-09-23,8.600000381469727,8.619999885559082,8.600000381469727,8.600000381469727,4.575684070587158,5400
2011-09-26,8.600000381469727,8.600000381469727,8.3100004196167,8.600000381469727,4.575684070587158,7500
2011-09-27,8.600000381469727,8.600000381469727,8.5,8.529999732971191,4.5384392738342285,5600
2011-09-28,8.529999732971191,8.529999732971191,8.529999732971191,8.529999732971191,4.5384392738342285,0
2011-09-29,8.520000457763672,8.619999885559082,8.5,8.619999885559082,4.586324214935303,800
2011-09-30,8.609999656677246,8.619999885559082,8.5,8.619999885559082,4.586324214935303,5500
2011-10-03,8.579999923706055,8.619999885559082,7.809999942779541,7.929999828338623,4.219205856323242,36900
2011-10-04,7.679999828338623,7.980000019073486,7.590000152587891,7.980000019073486,4.2458086013793945,17500
2011-10-05,8.039999961853027,8.220000267028809,8.039999961853027,8.149999618530273,4.336257457733154,1300
2011-10-06,8.09000015258789,8.289999961853027,8.020000457763672,8.289999961853027,4.4107465744018555,4000
2011-10-07,8.210000038146973,8.449999809265137,8.210000038146973,8.34000015258789,4.437348365783691,8700
2011-10-10,8.300000190734863,8.34000015258789,8.25,8.260000228881836,4.3947834968566895,2200
2011-10-11,8.260000228881836,8.260000228881836,8.260000228881836,8.260000228881836,4.3947834968566895,0
2011-10-12,8.34000015258789,8.350000381469727,8.279999732971191,8.279999732971191,4.405425071716309,3700
2011-10-13,8.279999732971191,8.279999732971191,8.279999732971191,8.279999732971191,4.405425071716309,0
2011-10-14,8.279999732971191,8.279999732971191,8.279999732971191,8.279999732971191,4.405425071716309,0
2011-10-17,8.25,8.25,8.25,8.25,4.389462947845459,400
2011-10-18,8.300000190734863,8.300000190734863,8.199999809265137,8.25,4.389462947845459,1200
2011-10-19,8.25,8.300000190734863,8.010000228881836,8.300000190734863,4.416065216064453,6000
2011-10-20,8.25,8.25,8.09000015258789,8.220000267028809,4.373502731323242,2600
2011-10-21,8.25,8.25,7.880000114440918,7.949999809265137,4.229846954345703,8000
2011-10-24,8.050000190734863,8.050000190734863,7.960000038146973,7.960000038146973,4.235166549682617,9700
2011-10-25,7.949999809265137,8.0,7.900000095367432,7.949999809265137,4.229846954345703,5000
2011-10-26,8.119999885559082,8.119999885559082,8.010000228881836,8.020000457763672,4.267090797424316,2400
2011-10-27,8.0,8.0,7.920000076293945,7.929999828338623,4.219205856323242,5100
2011-10-28,8.010000228881836,8.079999923706055,8.010000228881836,8.0600004196167,4.28837251663208,1500
2011-10-31,8.09000015258789,8.100000381469727,8.079999923706055,8.079999923706055,4.299015522003174,700
2011-11-01,7.929999828338623,7.949999809265137,7.929999828338623,7.949999809265137,4.229846954345703,1700
2011-11-02,8.100000381469727,8.300000190734863,7.949999809265137,8.130000114440918,4.325616359710693,3200
2011-11-03,8.130000114440918,8.130000114440918,8.130000114440918,8.130000114440918,4.325616359710693,0
2011-11-04,8.130000114440918,8.199999809265137,8.130000114440918,8.199999809265137,4.362861156463623,2700
2011-11-07,8.130000114440918,8.130000114440918,8.09000015258789,8.100000381469727,4.309654712677002,1000
2011-11-08,8.300000190734863,8.34000015258789,8.300000190734863,8.34000015258789,4.437348365783691,600
2011-11-09,8.25,8.34000015258789,8.029999732971191,8.34000015258789,4.437348365783691,3400
2011-11-10,8.270000457763672,8.34000015258789,8.180000305175781,8.34000015258789,4.437348365783691,7700
2011-11-11,8.34000015258789,8.34000015258789,8.34000015258789,8.34000015258789,4.437348365783691,100
2011-11-14,8.329999923706055,8.34000015258789,8.149999618530273,8.149999618530273,4.336257457733154,7000
2011-11-15,8.3100004196167,8.34000015258789,8.25,8.34000015258789,4.437348365783691,800
2011-11-16,8.279999732971191,8.279999732971191,8.229999542236328,8.229999542236328,4.37882137298584,3200
2011-11-17,8.329999923706055,8.460000038146973,8.329999923706055,8.460000038146973,4.501194477081299,4900
2011-11-18,8.460000038146973,8.600000381469727,8.460000038146973,8.600000381469727,4.575684070587158,1100
2011-11-21,8.59000015258789,8.59000015258789,8.010000228881836,8.130000114440918,4.325616359710693,9700
2011-11-22,8.109999656677246,8.289999961853027,8.109999656677246,8.289999961853027,4.488031387329102,1200
2011-11-23,8.109999656677246,8.369999885559082,8.0,8.109999656677246,4.390579700469971,7200
2011-11-25,8.359999656677246,8.420000076293945,8.199999809265137,8.199999809265137,4.439305782318115,7100
2011-11-28,8.100000381469727,8.390000343322754,8.100000381469727,8.25,4.466375827789307,3000
2011-11-29,8.109999656677246,8.239999771118164,8.109999656677246,8.239999771118164,4.460962295532227,300
2011-11-30,8.399999618530273,8.6899995803833,8.15999984741211,8.630000114440918,4.6720991134643555,12700
2011-12-01,8.529999732971191,8.529999732971191,8.510000228881836,8.529999732971191,4.6179609298706055,500
2011-12-02,8.510000228881836,8.510000228881836,8.329999923706055,8.329999923706055,4.50968599319458,2100
2011-12-05,8.369999885559082,8.649999618530273,8.210000038146973,8.5600004196167,4.63420295715332,6400
2011-12-06,8.569999694824219,8.59000015258789,8.569999694824219,8.59000015258789,4.650443077087402,800
2011-12-07,8.59000015258789,8.59000015258789,8.59000015258789,8.59000015258789,4.650443077087402,0
2011-12-08,8.319999694824219,8.319999694824219,8.010000228881836,8.010000228881836,4.33644437789917,7200
2011-12-09,8.029999732971191,8.369999885559082,8.029999732971191,8.069999694824219,4.368927001953125,1900
2011-12-12,8.039999961853027,8.270000457763672,8.039999961853027,8.270000457763672,4.477202415466309,1200
2011-12-13,8.25,8.4399995803833,8.25,8.4399995803833,4.569237232208252,4500
2011-12-14,8.4399995803833,8.510000228881836,8.25,8.4399995803833,4.569237232208252,5100
2011-12-15,8.470000267028809,8.579999923706055,8.25,8.579999923706055,4.645029544830322,2000
2011-12-16,8.59000015258789,8.59000015258789,8.59000015258789,8.59000015258789,4.650443077087402,200
2011-12-19,8.579999923706055,8.600000381469727,8.25,8.600000381469727,4.655858516693115,4500
2011-12-20,8.600000381469727,8.649999618530273,8.260000228881836,8.649999618530273,4.68292760848999,9700
2011-12-21,8.649999618530273,8.6899995803833,8.640000343322754,8.649999618530273,4.68292760848999,6500
2011-12-22,8.609999656677246,8.649999618530273,8.609999656677246,8.649999618530273,4.68292760848999,5300
2011-12-23,8.649999618530273,8.649999618530273,8.600000381469727,8.600000381469727,4.655858516693115,5600
2011-12-27,8.5,8.5,8.260000228881836,8.5,4.601719856262207,1000
2011-12-28,8.579999923706055,8.649999618530273,8.579999923706055,8.600000381469727,4.655858516693115,3500
2011-12-29,8.470000267028809,8.649999618530273,8.460000038146973,8.640000343322754,4.677514553070068,3800
2011-12-30,8.640000343322754,8.649999618530273,8.449999809265137,8.460000038146973,4.5800652503967285,4000
2012-01-03,8.569999694824219,8.600000381469727,8.569999694824219,8.600000381469727,4.655858516693115,2400
2012-01-04,8.619999885559082,8.649999618530273,8.619999885559082,8.649999618530273,4.68292760848999,600
2012-01-05,8.600000381469727,8.600000381469727,8.600000381469727,8.600000381469727,4.655858516693115,700
2012-01-06,8.640000343322754,8.649999618530273,8.640000343322754,8.649999618530273,4.68292760848999,900
2012-01-09,8.649999618530273,8.649999618530273,8.579999923706055,8.649999618530273,4.68292760848999,5100
2012-01-10,8.649999618530273,8.649999618530273,8.600000381469727,8.649999618530273,4.68292760848999,2800
2012-01-11,8.640000343322754,8.640000343322754,8.5600004196167,8.5600004196167,4.63420295715332,700
2012-01-12,8.5600004196167,8.5600004196167,8.5600004196167,8.5600004196167,4.63420295715332,0
2012-01-13,8.640000343322754,8.640000343322754,8.640000343322754,8.640000343322754,4.677514553070068,700
2012-01-17,8.640000343322754,8.640000343322754,8.449999809265137,8.449999809265137,4.57465124130249,3700
2012-01-18,8.449999809265137,8.649999618530273,8.449999809265137,8.649999618530273,4.68292760848999,7700
2012-01-19,8.600000381469727,8.649999618530273,8.5,8.649999618530273,4.68292760848999,5400
2012-01-20,8.5,8.649999618530273,8.5,8.600000381469727,4.655858516693115,2200
2012-01-23,8.600000381469727,8.600000381469727,8.600000381469727,8.600000381469727,4.655858516693115,1200
2012-01-24,8.649999618530273,8.649999618530273,8.649999618530273,8.649999618530273,4.68292760848999,5200
2012-01-25,8.600000381469727,8.600000381469727,8.5,8.550000190734863,4.62878942489624,2800
2012-01-26,8.579999923706055,8.579999923706055,8.449999809265137,8.449999809265137,4.57465124130249,2300
2012-01-27,8.59000015258789,8.600000381469727,8.59000015258789,8.600000381469727,4.655858516693115,900
2012-01-30,8.59000015258789,8.640000343322754,8.460000038146973,8.640000343322754,4.677514553070068,4600
2012-01-31,8.640000343322754,8.640000343322754,8.640000343322754,8.640000343322754,4.677514553070068,0
2012-02-01,8.550000190734863,8.630000114440918,8.550000190734863,8.600000381469727,4.655858516693115,4800
2012-02-02,8.640000343322754,8.640000343322754,8.539999961853027,8.550000190734863,4.62878942489624,7200
2012-02-03,8.5,8.600000381469727,8.359999656677246,8.59000015258789,4.650443077087402,3100
2012-02-06,8.59000015258789,8.59000015258789,8.5,8.5,4.601719856262207,1900
2012-02-07,8.569999694824219,8.59000015258789,8.510000228881836,8.510000228881836,4.607132911682129,11700
2012-02-08,8.579999923706055,8.59000015258789,8.539999961853027,8.59000015258789,4.650443077087402,4200
2012-02-09,8.59000015258789,8.59000015258789,8.539999961853027,8.550000190734863,4.62878942489624,4000
2012-02-10,8.59000015258789,8.59000015258789,8.550000190734863,8.59000015258789,4.650443077087402,5200
2012-02-13,8.600000381469727,8.649999618530273,8.600000381469727,8.649999618530273,4.68292760848999,9000
2012-02-14,8.649999618530273,8.649999618530273,8.649999618530273,8.649999618530273,4.68292760848999,0
2012-02-15,8.600000381469727,8.600000381469727,8.59000015258789,8.600000381469727,4.655858516693115,9500
2012-02-16,8.510000228881836,8.649999618530273,8.510000228881836,8.649999618530273,4.68292760848999,800
2012-02-17,8.710000038146973,8.770000457763672,8.550000190734863,8.75,4.737066268920898,6200
2012-02-21,8.75,8.75,8.600000381469727,8.609999656677246,4.661272048950195,4400
2012-02-22,8.699999809265137,8.699999809265137,8.6899995803833,8.699999809265137,4.709995746612549,1100
2012-02-23,8.699999809265137,8.699999809265137,8.649999618530273,8.699999809265137,4.709995746612549,3800
2012-02-24,8.699999809265137,9.479999542236328,8.699999809265137,8.899999618530273,4.818272590637207,53300
2012-02-27,8.960000038146973,9.050000190734863,8.960000038146973,9.010000228881836,4.877824783325195,9900
2012-02-28,9.010000228881836,9.100000381469727,9.0,9.09000015258789,4.921133518218994,8100
2012-02-29,9.100000381469727,9.270000457763672,8.899999618530273,9.180000305175781,4.969858646392822,34800
2012-03-01,9.0,9.079999923706055,8.760000228881836,9.050000190734863,4.975356101989746,8600
2012-03-02,9.199999809265137,9.199999809265137,8.760000228881836,9.069999694824219,4.9863505363464355,10600
2012-03-05,8.640000343322754,8.800000190734863,8.600000381469727,8.680000305175781,4.77194356918335,10600
2012-03-06,8.680000305175781,8.979999542236328,8.609999656677246,8.850000381469727,4.865403652191162,8400
2012-03-07,9.050000190734863,9.100000381469727,8.609999656677246,9.100000381469727,5.002842903137207,5300
2012-03-08,9.0,9.0,8.800000190734863,9.0,4.947867393493652,6700
2012-03-09,8.880000114440918,9.0,8.880000114440918,8.970000267028809,4.931373596191406,600
2012-03-12,8.90999984741211,9.0,8.800000190734863,8.949999809265137,4.9203782081604,6700
2012-03-13,8.989999771118164,9.0,8.949999809265137,9.0,4.947867393493652,1300
2012-03-14,9.100000381469727,9.100000381469727,8.859999656677246,8.949999809265137,4.9203782081604,4300
2012-03-15,8.960000038146973,9.050000190734863,8.960000038146973,9.050000190734863,4.975356101989746,1600
2012-03-16,9.050000190734863,9.050000190734863,8.8100004196167,8.8100004196167,4.843412399291992,2600
2012-03-19,8.789999961853027,9.100000381469727,8.600000381469727,9.100000381469727,5.002842903137207,14500
2012-03-20,9.149999618530273,9.25,9.050000190734863,9.140000343322754,5.024834632873535,19200
2012-03-21,9.199999809265137,9.5,9.039999961853027,9.329999923706055,5.1292901039123535,16000
2012-03-22,9.260000228881836,9.5,9.180000305175781,9.199999809265137,5.057819843292236,10200
2012-03-23,9.25,9.399999618530273,9.25,9.399999618530273,5.1677703857421875,4100
2012-03-26,9.520000457763672,9.550000190734863,9.300000190734863,9.470000267028809,5.2062554359436035,21500
2012-03-27,9.40999984741211,9.550000190734863,9.40999984741211,9.550000190734863,5.250236988067627,6400
2012-03-28,9.5600004196167,9.5600004196167,9.260000228881836,9.300000190734863,5.112795829772949,11400
2012-03-29,9.380000114440918,9.789999961853027,9.380000114440918,9.75,5.3601908683776855,12400
2012-03-30,9.609999656677246,9.850000381469727,9.329999923706055,9.850000381469727,5.415165424346924,3500
2012-04-02,9.869999885559082,9.869999885559082,9.729999542236328,9.75,5.3601908683776855,2100
2012-04-03,9.75,9.75,9.710000038146973,9.710000038146973,5.338198661804199,800
2012-04-04,9.75,9.979999542236328,9.729999542236328,9.949999809265137,5.470142364501953,5700
2012-04-05,9.850000381469727,9.850000381469727,9.699999809265137,9.699999809265137,5.332699298858643,3900
2012-04-09,9.800000190734863,9.800000190734863,9.399999618530273,9.399999618530273,5.1677703857421875,2300
2012-04-10,9.600000381469727,9.630000114440918,9.399999618530273,9.4399995803833,5.189762592315674,10100
2012-04-11,9.470000267028809,9.5,9.399999618530273,9.489999771118164,5.217251300811768,3400
2012-04-12,9.520000457763672,9.75,9.4399995803833,9.75,5.3601908683776855,1100
2012-04-13,9.75,9.800000190734863,9.670000076293945,9.699999809265137,5.332699298858643,3400
2012-04-16,9.75,9.75,9.649999618530273,9.649999618530273,5.305213451385498,3700
2012-04-17,9.729999542236328,9.75,9.729999542236328,9.75,5.3601908683776855,2100
2012-04-18,9.75,9.75,9.75,9.75,5.3601908683776855,300
2012-04-19,9.449999809265137,9.75,9.4399995803833,9.739999771118164,5.354691982269287,8300
2012-04-20,9.75,10.25,9.600000381469727,10.25,5.63507080078125,6200
2012-04-23,10.140000343322754,10.25,9.600000381469727,9.600000381469727,5.2777252197265625,1800
2012-04-24,9.630000114440918,9.800000190734863,9.630000114440918,9.710000038146973,5.338198661804199,2600
2012-04-25,9.779999732971191,9.819999694824219,9.630000114440918,9.630000114440918,5.294219017028809,4100
2012-04-26,9.6899995803833,9.6899995803833,9.569999694824219,9.609999656677246,5.283222675323486,2200
2012-04-27,9.65999984741211,9.670000076293945,9.4399995803833,9.5,5.222749710083008,1400
2012-04-30,9.430000305175781,9.75,9.430000305175781,9.75,5.3601908683776855,900
2012-05-01,9.59000015258789,9.720000267028809,9.59000015258789,9.59000015258789,5.272227764129639,2900
2012-05-02,9.539999961853027,9.720000267028809,9.539999961853027,9.720000267028809,5.343696117401123,600
2012-05-03,9.699999809265137,9.75,9.399999618530273,9.75,5.3601908683776855,3100
2012-05-04,9.729999542236328,10.220000267028809,9.729999542236328,10.220000267028809,5.618577480316162,6100
2012-05-07,9.619999885559082,10.0,9.619999885559082,9.630000114440918,5.294219017028809,4900
2012-05-08,9.710000038146973,10.010000228881836,9.5,9.880000114440918,5.431661605834961,1600
2012-05-09,9.880000114440918,9.880000114440918,9.880000114440918,9.880000114440918,5.431661605834961,0
2012-05-10,10.020000457763672,10.09000015258789,9.760000228881836,9.760000228881836,5.365687847137451,6700
2012-05-11,9.75,9.789999961853027,9.609999656677246,9.609999656677246,5.283222675323486,3100
2012-05-14,9.640000343322754,9.699999809265137,9.4399995803833,9.65999984741211,5.310709476470947,16100
2012-05-15,9.40999984741211,10.09000015258789,9.40999984741211,10.09000015258789,5.547107696533203,4000
2012-05-16,10.0,10.0,9.520000457763672,9.609999656677246,5.283222675323486,6000
2012-05-17,9.520000457763672,9.520000457763672,9.390000343322754,9.390000343322754,5.238591194152832,2000
2012-05-18,9.260000228881836,9.289999961853027,9.0,9.029999732971191,5.037750720977783,7200
2012-05-21,8.9399995803833,9.8100004196167,8.859999656677246,9.100000381469727,5.0768022537231445,7800
2012-05-22,9.100000381469727,9.609999656677246,9.100000381469727,9.109999656677246,5.082381725311279,2300
2012-05-23,9.100000381469727,9.710000038146973,8.90999984741211,8.90999984741211,4.970803260803223,700
2012-05-24,8.920000076293945,9.25,8.319999694824219,8.5600004196167,4.775543212890625,4300
2012-05-25,8.649999618530273,8.649999618530273,8.350000381469727,8.59000015258789,4.79227876663208,4200
2012-05-29,8.5600004196167,9.100000381469727,8.5600004196167,8.65999984741211,4.8313307762146,3800
2012-05-30,8.819999694824219,8.819999694824219,8.6899995803833,8.800000190734863,4.909435749053955,2000
2012-05-31,8.800000190734863,8.800000190734863,8.65999984741211,8.65999984741211,4.8313307762146,300
2012-06-01,8.319999694824219,8.6899995803833,8.319999694824219,8.5600004196167,4.775543212890625,8100
2012-06-04,8.579999923706055,8.75,8.510000228881836,8.5600004196167,4.775543212890625,5200
2012-06-05,8.5600004196167,8.729999542236328,8.510000228881836,8.59000015258789,4.79227876663208,5000
2012-06-06,9.180000305175781,9.1899995803833,8.569999694824219,9.100000381469727,5.0768022537231445,8200
2012-06-07,9.109999656677246,9.119999885559082,8.65999984741211,9.119999885559082,5.087960720062256,2800
2012-06-08,9.140000343322754,9.140000343322754,8.729999542236328,8.890000343322754,4.959647178649902,1000
2012-06-11,8.890000343322754,8.890000343322754,8.890000343322754,8.890000343322754,4.959647178649902,0
2012-06-12,9.0,9.079999923706055,8.75,9.079999923706055,5.065645217895508,2500
2012-06-13,9.09000015258789,9.25,9.0,9.149999618530273,5.104698181152344,9800
2012-06-14,9.25,9.25,9.25,9.25,5.160485744476318,700
2012-06-15,9.25,9.25,8.789999961853027,9.25,5.160485744476318,5600
2012-06-18,9.239999771118164,9.239999771118164,9.239999771118164,9.239999771118164,5.154907703399658,300
2012-06-19,9.25,9.350000381469727,9.25,9.279999732971191,5.177225112915039,2400
2012-06-20,9.300000190734863,9.399999618530273,9.25,9.25,5.160485744476318,5100
2012-06-21,9.25,9.25,8.75,8.949999809265137,4.993119239807129,8200
2012-06-22,9.25,9.25,9.25,9.25,5.160485744476318,2900
2012-06-25,9.25,9.25,9.25,9.25,5.160485744476318,0
2012-06-26,9.0,9.0,8.949999809265137,8.949999809265137,4.993119239807129,8600
2012-06-27,9.0,9.050000190734863,9.0,9.050000190734863,5.048908710479736,11700
2012-06-28,9.199999809265137,9.25,9.140000343322754,9.25,5.160485744476318,6500
2012-06-29,9.25,9.25,8.960000038146973,9.010000228881836,5.026594161987305,2900
2012-07-02,9.109999656677246,9.109999656677246,9.039999961853027,9.100000381469727,5.0768022537231445,1000
2012-07-03,9.25,9.5,9.0,9.5,5.299959182739258,10900
2012-07-05,9.260000228881836,9.260000228881836,9.260000228881836,9.260000228881836,5.166065692901611,300
2012-07-06,9.5,9.5,9.460000038146973,9.460000038146973,5.277644157409668,900
2012-07-09,9.479999542236328,9.600000381469727,9.260000228881836,9.270000457763672,5.1716437339782715,4000
2012-07-10,9.380000114440918,9.380000114440918,9.380000114440918,9.380000114440918,5.233011722564697,300
2012-07-11,9.5,9.5,9.380000114440918,9.380000114440918,5.233011722564697,1400
2012-07-12,9.380000114440918,9.449999809265137,9.239999771118164,9.449999809265137,5.272064685821533,5500
2012-07-13,9.449999809265137,9.449999809265137,9.020000457763672,9.239999771118164,5.154907703399658,9400
2012-07-16,9.270000457763672,9.479999542236328,9.029999732971191,9.199999809265137,5.13259220123291,15300
2012-07-17,9.239999771118164,9.25,9.020000457763672,9.020000457763672,5.032172203063965,6900
2012-07-18,9.010000228881836,9.100000381469727,9.010000228881836,9.010000228881836,5.026594161987305,2700
2012-07-19,9.029999732971191,9.239999771118164,9.029999732971191,9.199999809265137,5.13259220123291,1700
2012-07-20,9.029999732971191,9.25,9.029999732971191,9.119999885559082,5.087960720062256,3000
2012-07-23,9.029999732971191,9.25,9.029999732971191,9.25,5.160485744476318,1100
2012-07-24,9.170000076293945,9.25,9.039999961853027,9.039999961853027,5.043330669403076,3200
2012-07-25,9.0600004196167,9.109999656677246,9.029999732971191,9.069999694824219,5.060066223144531,1800
2012-07-26,9.180000305175781,9.180000305175781,9.180000305175781,9.180000305175781,5.121433734893799,800
2012-07-27,9.180000305175781,9.25,9.180000305175781,9.25,5.160485744476318,4800
2012-07-30,9.279999732971191,9.279999732971191,9.229999542236328,9.25,5.160485744476318,5100
2012-07-31,9.130000114440918,9.130000114440918,9.100000381469727,9.100000381469727,5.0768022537231445,900
2012-08-01,9.149999618530273,9.149999618530273,9.149999618530273,9.149999618530273,5.104698181152344,700
2012-08-02,9.149999618530273,9.149999618530273,9.149999618530273,9.149999618530273,5.104698181152344,100
2012-08-03,9.220000267028809,9.239999771118164,9.220000267028809,9.220000267028809,5.14375114440918,1700
2012-08-06,9.25,9.5,9.25,9.260000228881836,5.166065692901611,3700
2012-08-07,9.5,9.5,9.25,9.300000190734863,5.188381671905518,4600
2012-08-08,9.279999732971191,9.279999732971191,9.25,9.25,5.160485744476318,900
2012-08-09,9.460000038146973,9.479999542236328,9.369999885559082,9.479999542236328,5.28879976272583,1000
2012-08-10,9.149999618530273,9.489999771118164,9.149999618530273,9.479999542236328,5.28879976272583,5700
2012-08-13,9.380000114440918,9.380000114440918,9.380000114440918,9.380000114440918,5.233011722564697,600
2012-08-14,9.600000381469727,9.600000381469727,9.600000381469727,9.600000381469727,5.355749130249023,900
2012-08-15,9.260000228881836,9.430000305175781,9.260000228881836,9.430000305175781,5.26090669631958,1300
2012-08-16,9.279999732971191,9.279999732971191,8.229999542236328,8.229999542236328,4.591436862945557,55600
2012-08-17,8.010000228881836,8.59000015258789,8.010000228881836,8.329999923706055,4.647229194641113,24500
2012-08-20,8.329999923706055,8.329999923706055,7.139999866485596,7.349999904632568,4.100495338439941,23300
2012-08-21,7.230000019073486,7.679999828338623,7.150000095367432,7.599999904632568,4.239967346191406,20100
2012-08-22,7.650000095367432,8.699999809265137,7.380000114440918,8.380000114440918,4.675121784210205,17400
2012-08-23,8.199999809265137,8.649999618530273,8.199999809265137,8.239999771118164,4.597016334533691,4400
2012-08-24,8.119999885559082,8.119999885559082,7.980000019073486,7.980000019073486,4.45196533203125,1500
2012-08-27,7.900000095367432,7.900000095367432,7.599999904632568,7.650000095367432,4.267862796783447,3100
2012-08-28,8.15999984741211,8.15999984741211,7.650000095367432,7.679999828338623,4.284598350524902,2600
2012-08-29,7.960000038146973,7.960000038146973,7.710000038146973,7.710000038146973,4.30133581161499,1600
2012-08-30,7.590000152587891,7.599999904632568,7.579999923706055,7.579999923706055,4.26755428314209,2300
2012-08-31,7.639999866485596,7.659999847412109,7.519999980926514,7.599999904632568,4.27881383895874,2100
2012-09-04,7.519999980926514,8.239999771118164,7.519999980926514,7.96999979019165,4.487125396728516,3800
2012-09-05,7.909999847412109,7.909999847412109,7.730000019073486,7.730000019073486,4.352006435394287,1500
2012-09-06,7.53000020980835,7.579999923706055,7.53000020980835,7.550000190734863,4.250665664672852,2800
2012-09-07,7.590000152587891,7.789999961853027,7.53000020980835,7.53000020980835,4.239405632019043,1800
2012-09-10,7.510000228881836,7.650000095367432,7.489999771118164,7.489999771118164,4.216886043548584,6200
2012-09-11,7.679999828338623,7.690000057220459,7.5,7.519999980926514,4.233774185180664,1500
2012-09-12,7.489999771118164,7.539999961853027,7.489999771118164,7.489999771118164,4.216886043548584,2900
2012-09-13,7.599999904632568,7.599999904632568,7.5,7.5,4.22251558303833,400
2012-09-14,7.5,7.5,7.349999904632568,7.349999904632568,4.138065338134766,12900
2012-09-17,7.389999866485596,7.559999942779541,7.329999923706055,7.329999923706055,4.126804351806641,800
2012-09-18,7.300000190734863,7.300000190734863,7.300000190734863,7.300000190734863,4.1099162101745605,300
2012-09-19,7.340000152587891,7.340000152587891,7.300000190734863,7.309999942779541,4.11554479598999,4300
2012-09-20,7.389999866485596,7.449999809265137,7.309999942779541,7.309999942779541,4.11554479598999,4400
2012-09-21,7.380000114440918,7.449999809265137,7.25,7.380000114440918,4.154955863952637,5100
2012-09-24,7.25,7.389999866485596,7.25,7.309999942779541,4.11554479598999,6800
2012-09-25,7.260000228881836,7.260000228881836,7.199999809265137,7.210000038146973,4.059246063232422,8000
2012-09-26,7.260000228881836,7.429999828338623,7.210000038146973,7.25,4.081762790679932,2000
2012-09-27,7.25,7.480000019073486,7.130000114440918,7.130000114440918,4.014204502105713,8300
2012-09-28,7.179999828338623,7.179999828338623,7.099999904632568,7.099999904632568,3.997314214706421,2300
2012-10-01,7.079999923706055,7.099999904632568,7.0,7.0,3.9410135746002197,5300
2012-10-02,7.010000228881836,7.03000020980835,6.710000038146973,6.789999961853027,3.8227834701538086,6700
2012-10-03,6.820000171661377,6.820000171661377,6.320000171661377,6.349999904632568,3.5750627517700195,12300
2012-10-04,6.440000057220459,6.570000171661377,6.349999904632568,6.5,3.659512758255005,7700
2012-10-05,6.460000038146973,6.53000020980835,6.460000038146973,6.460000038146973,3.636993646621704,2000
2012-10-08,6.5,6.809999942779541,6.489999771118164,6.5,3.659512758255005,5600
2012-10-09,6.5,6.550000190734863,6.5,6.510000228881836,3.6651432514190674,5000
2012-10-10,6.78000020980835,6.820000171661377,6.519999980926514,6.570000171661377,3.6989238262176514,5900
2012-10-11,6.599999904632568,6.679999828338623,6.550000190734863,6.550000190734863,3.6876630783081055,700
2012-10-12,6.699999809265137,6.699999809265137,6.5,6.5,3.659512758255005,7200
2012-10-15,6.519999980926514,6.519999980926514,6.519999980926514,6.519999980926514,3.67077374458313,300
2012-10-16,6.590000152587891,6.769999980926514,6.590000152587891,6.610000133514404,3.7214438915252686,800
2012-10-17,6.789999961853027,6.789999961853027,6.599999904632568,6.599999904632568,3.7158122062683105,500
2012-10-18,6.730000019073486,6.730000019073486,6.170000076293945,6.260000228881836,3.5243937969207764,17100
2012-10-19,6.28000020980835,6.309999942779541,6.099999904632568,6.150000095367432,3.462460517883301,6400
2012-10-22,6.239999771118164,6.480000019073486,6.230000019073486,6.230000019073486,3.507502317428589,800
2012-10-23,6.210000038146973,6.269999980926514,6.210000038146973,6.269999980926514,3.5300230979919434,1100
2012-10-24,6.230000019073486,6.800000190734863,6.210000038146973,6.269999980926514,3.5300230979919434,7100
2012-10-25,6.25,6.519999980926514,6.25,6.260000228881836,3.5243937969207764,1200
2012-10-26,6.28000020980835,6.28000020980835,6.110000133514404,6.199999809265137,3.490612745285034,3100
2012-10-31,6.199999809265137,6.389999866485596,6.199999809265137,6.199999809265137,3.490612745285034,4100
2012-11-01,6.199999809265137,6.25,6.199999809265137,6.25,3.518763780593872,1000
2012-11-02,6.199999809265137,6.25,6.199999809265137,6.199999809265137,3.490612745285034,1100
2012-11-05,6.199999809265137,6.210000038146973,6.199999809265137,6.199999809265137,3.490612745285034,3600
2012-11-06,6.369999885559082,6.369999885559082,6.199999809265137,6.21999979019165,3.5018723011016846,1300
2012-11-07,6.210000038146973,6.230000019073486,5.880000114440918,5.889999866485596,3.316082715988159,7900
2012-11-08,6.03000020980835,6.190000057220459,6.0,6.190000057220459,3.484982490539551,1800
2012-11-09,6.179999828338623,6.190000057220459,6.050000190734863,6.050000190734863,3.4061620235443115,2400
2012-11-12,6.019999980926514,6.090000152587891,6.010000228881836,6.090000152587891,3.428682327270508,5100
2012-11-13,6.300000190734863,6.300000190734863,6.039999961853027,6.079999923706055,3.4230520725250244,5800
2012-11-14,6.010000228881836,6.090000152587891,6.010000228881836,6.090000152587891,3.428682327270508,1600
2012-11-15,6.099999904632568,6.099999904632568,6.0,6.099999904632568,3.434311628341675,2100
2012-11-16,6.25,6.309999942779541,6.139999866485596,6.260000228881836,3.5243937969207764,7400
2012-11-19,6.25,6.369999885559082,6.25,6.289999961853027,3.541280746459961,7000
2012-11-20,6.25,6.420000076293945,6.25,6.269999980926514,3.5300230979919434,3600
2012-11-21,6.400000095367432,6.860000133514404,6.309999942779541,6.309999942779541,3.592651605606079,14600
2012-11-23,6.320000171661377,6.409999847412109,6.320000171661377,6.409999847412109,3.6495883464813232,900
2012-11-26,6.400000095367432,6.800000190734863,6.400000095367432,6.409999847412109,3.6495883464813232,3600
2012-11-27,6.400000095367432,6.449999809265137,6.349999904632568,6.360000133514404,3.621119499206543,3400
2012-11-28,6.360000133514404,6.360000133514404,6.360000133514404,6.360000133514404,3.621119499206543,0
2012-11-29,6.369999885559082,6.550000190734863,6.320000171661377,6.320000171661377,3.598345994949341,11800
2012-11-30,6.730000019073486,6.769999980926514,6.480000019073486,6.480000019073486,3.6894419193267822,500
2012-12-03,6.440000057220459,6.639999866485596,6.400000095367432,6.639999866485596,3.7805395126342773,800
2012-12-04,6.460000038146973,6.460000038146973,6.409999847412109,6.409999847412109,3.6495883464813232,200
2012-12-05,6.400000095367432,6.429999828338623,6.349999904632568,6.360000133514404,3.621119499206543,16200
2012-12-06,6.349999904632568,6.409999847412109,6.300000190734863,6.300000190734863,3.5869574546813965,5600
2012-12-07,6.300000190734863,6.349999904632568,6.25,6.25,3.5584917068481445,4900
2012-12-10,6.25,6.409999847412109,6.25,6.260000228881836,3.56418514251709,3900
2012-12-11,6.309999942779541,6.420000076293945,6.28000020980835,6.420000076293945,3.6552822589874268,400
2012-12-12,6.349999904632568,6.349999904632568,6.25,6.25,3.5584917068481445,4600
2012-12-13,6.289999961853027,6.300000190734863,6.260000228881836,6.300000190734863,3.5869574546813965,9300
2012-12-14,6.25,6.25,6.25,6.25,3.5584917068481445,600
2012-12-17,6.150000095367432,6.429999828338623,6.150000095367432,6.289999961853027,3.5812630653381348,6000
2012-12-18,6.349999904632568,6.349999904632568,6.260000228881836,6.260000228881836,3.56418514251709,1900
2012-12-19,6.309999942779541,6.349999904632568,6.230000019073486,6.320000171661377,3.598345994949341,24000
2012-12-20,6.380000114440918,6.659999847412109,6.380000114440918,6.659999847412109,3.7919278144836426,7100
2012-12-21,6.670000076293945,6.679999828338623,6.46999979019165,6.590000152587891,3.7520735263824463,5400
2012-12-24,6.519999980926514,6.519999980926514,6.519999980926514,6.519999980926514,3.7122175693511963,200
2012-12-26,6.46999979019165,6.480000019073486,6.269999980926514,6.340000152587891,3.6097335815429688,7500
2012-12-27,6.400000095367432,6.420000076293945,6.400000095367432,6.400000095367432,3.6438937187194824,1100
2012-12-28,6.329999923706055,6.590000152587891,6.239999771118164,6.590000152587891,3.7520735263824463,4200
2012-12-31,6.389999866485596,6.429999828338623,6.099999904632568,6.260000228881836,3.56418514251709,11400
2013-01-02,6.210000038146973,6.409999847412109,6.199999809265137,6.260000228881836,3.56418514251709,3300
2013-01-03,6.25,6.260000228881836,6.25,6.25,3.5584917068481445,1900
2013-01-04,6.340000152587891,6.340000152587891,6.199999809265137,6.340000152587891,3.6097335815429688,6600
2013-01-07,6.25,6.340000152587891,6.25,6.340000152587891,3.6097335815429688,5300
2013-01-08,6.349999904632568,6.5,6.349999904632568,6.400000095367432,3.6438937187194824,10200
2013-01-09,6.340000152587891,6.5,6.340000152587891,6.5,3.7008297443389893,700
2013-01-10,6.440000057220459,6.510000228881836,6.440000057220459,6.440000057220459,3.666670083999634,2800
2013-01-11,6.449999809265137,6.449999809265137,6.440000057220459,6.440000057220459,3.666670083999634,700
2013-01-14,6.440000057220459,6.440000057220459,6.440000057220459,6.440000057220459,3.666670083999634,200
2013-01-15,6.46999979019165,6.510000228881836,6.409999847412109,6.429999828338623,3.660973310470581,9400
2013-01-16,6.46999979019165,6.46999979019165,6.159999847412109,6.320000171661377,3.598345994949341,9400
2013-01-17,6.5,6.5,6.5,6.5,3.7008297443389893,200
2013-01-18,6.300000190734863,6.309999942779541,6.300000190734863,6.300000190734863,3.5869574546813965,500
2013-01-22,6.300000190734863,6.300000190734863,5.800000190734863,6.239999771118164,3.5527963638305664,44400
2013-01-23,6.050000190734863,6.199999809265137,6.019999980926514,6.099999904632568,3.47308611869812,9600
2013-01-24,6.010000228881836,6.239999771118164,6.010000228881836,6.239999771118164,3.5527963638305664,7100
2013-01-25,6.480000019073486,6.480000019073486,6.25,6.25,3.5584917068481445,600
2013-01-28,6.230000019073486,6.25,6.230000019073486,6.239999771118164,3.5527963638305664,2600
2013-01-29,6.300000190734863,6.679999828338623,6.199999809265137,6.679999828338623,3.8033149242401123,1000
2013-01-30,6.550000190734863,6.550000190734863,6.199999809265137,6.420000076293945,3.6552822589874268,4100
2013-01-31,6.460000038146973,6.460000038146973,6.349999904632568,6.349999904632568,3.6154258251190186,1200
2013-02-01,6.369999885559082,6.46999979019165,6.369999885559082,6.46999979019165,3.683748245239258,1000
2013-02-04,6.590000152587891,6.639999866485596,6.550000190734863,6.550000190734863,3.7292978763580322,4100
2013-02-05,6.599999904632568,6.599999904632568,6.599999904632568,6.599999904632568,3.7577645778656006,300
2013-02-06,6.639999866485596,6.670000076293945,6.5,6.630000114440918,3.7748467922210693,1800
2013-02-07,6.670000076293945,6.670000076293945,6.670000076293945,6.670000076293945,3.797619581222534,500
2013-02-08,6.71999979019165,6.71999979019165,6.699999809265137,6.710000038146973,3.820394992828369,1600
2013-02-11,6.71999979019165,6.829999923706055,6.400000095367432,6.800000190734863,3.8716375827789307,6800
2013-02-12,6.840000152587891,6.849999904632568,6.840000152587891,6.840000152587891,3.894411087036133,700
2013-02-13,6.840000152587891,6.840000152587891,6.349999904632568,6.409999847412109,3.6495883464813232,3800
2013-02-14,6.550000190734863,6.849999904632568,6.550000190734863,6.650000095367432,3.786234140396118,6200
2013-02-15,6.75,6.849999904632568,6.75,6.760000228881836,3.8488640785217285,4800
2013-02-19,6.670000076293945,6.760000228881836,6.670000076293945,6.760000228881836,3.8488640785217285,900
2013-02-20,6.679999828338623,6.690000057220459,6.679999828338623,6.690000057220459,3.809009075164795,900
2013-02-21,6.690000057220459,6.690000057220459,6.690000057220459,6.690000057220459,3.809009075164795,0
2013-02-22,6.739999771118164,6.75,6.539999961853027,6.539999961853027,3.723604440689087,1400
2013-02-25,6.559999942779541,6.559999942779541,6.559999942779541,6.559999942779541,3.7349908351898193,300
2013-02-26,6.559999942779541,6.559999942779541,6.559999942779541,6.559999942779541,3.7349908351898193,0
2013-02-27,6.599999904632568,6.599999904632568,6.599999904632568,6.599999904632568,3.7577645778656006,500
2013-02-28,6.590000152587891,6.599999904632568,6.559999942779541,6.579999923706055,3.7463788986206055,1700
2013-03-01,6.550000190734863,6.579999923706055,6.550000190734863,6.550000190734863,3.7292978763580322,2700
2013-03-04,6.619999885559082,6.75,6.619999885559082,6.75,3.8431694507598877,2200
2013-03-05,6.75,6.75,6.75,6.75,3.8431694507598877,1000
2013-03-06,6.869999885559082,6.869999885559082,6.610000133514404,6.75,3.8834421634674072,1200
2013-03-07,6.869999885559082,6.869999885559082,6.869999885559082,6.869999885559082,3.952479839324951,100
2013-03-08,6.760000228881836,7.0,6.760000228881836,7.0,4.027273178100586,7400
2013-03-11,7.0,7.019999980926514,6.949999809265137,7.019999980926514,4.038780212402344,6900
2013-03-12,7.03000020980835,7.110000133514404,7.0,7.110000133514404,4.090559005737305,2800
2013-03-13,7.110000133514404,7.110000133514404,7.110000133514404,7.110000133514404,4.090559005737305,0
2013-03-14,7.099999904632568,7.150000095367432,7.099999904632568,7.150000095367432,4.11357307434082,1400
2013-03-15,7.21999979019165,7.559999942779541,7.139999866485596,7.170000076293945,4.125079154968262,10100
2013-03-18,7.269999980926514,7.340000152587891,7.139999866485596,7.340000152587891,4.222884178161621,3700
2013-03-19,7.340000152587891,7.340000152587891,7.110000133514404,7.119999885559082,4.096312522888184,5700
2013-03-20,7.679999828338623,7.710000038146973,7.090000152587891,7.289999961853027,4.194117546081543,10500
2013-03-21,7.5,7.5,7.489999771118164,7.5,4.31493616104126,1600
2013-03-22,7.420000076293945,7.420000076293945,7.25,7.389999866485596,4.251649379730225,6300
2013-03-25,7.289999961853027,7.489999771118164,7.25,7.489999771118164,4.309183120727539,4500
2013-03-26,7.449999809265137,7.46999979019165,7.449999809265137,7.46999979019165,4.297675609588623,3900
2013-03-27,7.400000095367432,7.449999809265137,7.25,7.449999809265137,4.286170959472656,5500
2013-03-28,7.289999961853027,7.349999904632568,7.239999771118164,7.300000190734863,4.19987154006958,11900
2013-04-01,7.400000095367432,7.440000057220459,6.800000190734863,7.150000095367432,4.11357307434082,5700
2013-04-02,7.019999980926514,7.03000020980835,7.019999980926514,7.03000020980835,4.044533729553223,300
2013-04-03,7.010000228881836,7.25,6.980000019073486,7.25,4.1711039543151855,3900
2013-04-04,7.010000228881836,7.110000133514404,7.010000228881836,7.110000133514404,4.090559005737305,800
2013-04-05,7.110000133514404,7.110000133514404,7.110000133514404,7.110000133514404,4.090559005737305,0
2013-04-08,7.199999809265137,7.21999979019165,7.050000190734863,7.050000190734863,4.056040287017822,2100
2013-04-09,7.019999980926514,7.039999961853027,7.019999980926514,7.019999980926514,4.038780212402344,2000
2013-04-10,7.010000228881836,7.309999942779541,7.010000228881836,7.179999828338623,4.130832195281982,3300
2013-04-11,7.179999828338623,7.429999828338623,7.179999828338623,7.429999828338623,4.274663925170898,300
2013-04-12,7.340000152587891,7.420000076293945,7.340000152587891,7.420000076293945,4.268909454345703,500
2013-04-15,7.420000076293945,7.420000076293945,7.230000019073486,7.230000019073486,4.159598350524902,2800
2013-04-16,7.28000020980835,7.28000020980835,7.28000020980835,7.28000020980835,4.188363075256348,100
2013-04-17,7.179999828338623,7.179999828338623,7.150000095367432,7.150000095367432,4.11357307434082,3100
2013-04-18,7.019999980926514,7.110000133514404,7.019999980926514,7.019999980926514,4.038780212402344,13900
2013-04-19,7.03000020980835,7.03000020980835,7.019999980926514,7.019999980926514,4.038780212402344,2700
2013-04-22,7.010000228881836,7.170000076293945,7.010000228881836,7.099999904632568,4.084805488586426,3000
2013-04-23,7.079999923706055,7.079999923706055,6.949999809265137,6.949999809265137,3.9985082149505615,1700
2013-04-24,6.949999809265137,7.019999980926514,6.949999809265137,6.949999809265137,3.9985082149505615,8400
2013-04-25,6.960000038146973,7.039999961853027,6.960000038146973,7.039999961853027,4.050284385681152,2000
2013-04-26,7.230000019073486,7.230000019073486,7.150000095367432,7.150000095367432,4.11357307434082,1400
2013-04-29,7.159999847412109,7.25,7.159999847412109,7.25,4.1711039543151855,5000
2013-04-30,7.25,7.25,7.150000095367432,7.150000095367432,4.11357307434082,900
2013-05-01,7.150000095367432,7.150000095367432,7.150000095367432,7.150000095367432,4.11357307434082,100
2013-05-02,7.019999980926514,7.150000095367432,7.019999980926514,7.070000171661377,4.0675458908081055,12900
2013-05-03,7.139999866485596,7.150000095367432,7.099999904632568,7.130000114440918,4.1020660400390625,4700
2013-05-06,7.070000171661377,7.110000133514404,7.070000171661377,7.110000133514404,4.090559005737305,500
2013-05-07,7.059999942779541,7.239999771118164,7.059999942779541,7.239999771118164,4.165350914001465,3500
2013-05-08,7.110000133514404,7.25,7.0,7.21999979019165,4.153846740722656,10000
2013-05-09,7.079999923706055,7.25,7.070000171661377,7.150000095367432,4.11357307434082,3500
2013-05-10,7.21999979019165,7.21999979019165,7.21999979019165,7.21999979019165,4.153846740722656,500
2013-05-13,7.099999904632568,7.239999771118164,7.099999904632568,7.239999771118164,4.165350914001465,1900
2013-05-14,7.099999904632568,7.21999979019165,7.099999904632568,7.21999979019165,4.153846740722656,3400
2013-05-15,7.130000114440918,7.239999771118164,7.0,7.110000133514404,4.090559005737305,5900
2013-05-16,7.210000038146973,7.210000038146973,7.050000190734863,7.099999904632568,4.084805488586426,1800
2013-05-17,7.099999904632568,7.099999904632568,7.050000190734863,7.050000190734863,4.056040287017822,500
2013-05-20,7.099999904632568,7.179999828338623,6.980000019073486,6.980000019073486,4.015767574310303,22700
2013-05-21,7.0,7.039999961853027,6.980000019073486,7.010000228881836,4.033027172088623,7200
2013-05-22,6.960000038146973,7.099999904632568,6.949999809265137,7.0,4.027273178100586,5100
2013-05-23,7.010000228881836,7.110000133514404,7.010000228881836,7.110000133514404,4.090559005737305,3400
2013-05-24,7.070000171661377,7.070000171661377,7.050000190734863,7.050000190734863,4.056040287017822,500
2013-05-28,7.139999866485596,7.139999866485596,7.050000190734863,7.059999942779541,4.061792850494385,1600
2013-05-29,7.239999771118164,7.25,7.090000152587891,7.090000152587891,4.079051494598389,3100
2013-05-30,7.159999847412109,7.170000076293945,7.159999847412109,7.159999847412109,4.119327068328857,1200
2013-05-31,7.139999866485596,7.199999809265137,7.139999866485596,7.159999847412109,4.119327068328857,1600
2013-06-03,7.159999847412109,7.159999847412109,7.159999847412109,7.159999847412109,4.119327068328857,0
2013-06-04,7.119999885559082,7.25,7.050000190734863,7.230000019073486,4.159598350524902,4300
2013-06-05,7.230000019073486,7.25,7.179999828338623,7.25,4.1711039543151855,3800
2013-06-06,7.070000171661377,7.110000133514404,7.010000228881836,7.019999980926514,4.078155994415283,10000
2013-06-07,7.03000020980835,7.070000171661377,7.0,7.0,4.0665364265441895,10300
2013-06-10,7.010000228881836,7.019999980926514,7.0,7.0,4.0665364265441895,3500
2013-06-11,6.949999809265137,6.96999979019165,6.949999809265137,6.96999979019165,4.049108028411865,600
2013-06-12,7.0,7.070000171661377,6.940000057220459,6.940000057220459,4.031679630279541,2300
2013-06-13,7.0,7.050000190734863,7.0,7.0,4.0665364265441895,1900
2013-06-14,7.050000190734863,7.050000190734863,7.0,7.050000190734863,4.095584869384766,1600
2013-06-17,7.139999866485596,7.25,7.050000190734863,7.099999904632568,4.124629974365234,1700
2013-06-18,7.090000152587891,7.090000152587891,7.010000228881836,7.010000228881836,4.0723466873168945,1200
2013-06-19,7.239999771118164,7.239999771118164,7.039999961853027,7.039999961853027,4.089772701263428,700
2013-06-20,7.139999866485596,7.139999866485596,7.050000190734863,7.050000190734863,4.095584869384766,2800
2013-06-21,7.099999904632568,7.21999979019165,7.099999904632568,7.190000057220459,4.176913738250732,6700
2013-06-24,7.050000190734863,7.25,7.050000190734863,7.210000038146973,4.188533782958984,8500
2013-06-25,7.070000171661377,7.239999771118164,7.070000171661377,7.239999771118164,4.205959320068359,1700
2013-06-26,7.25,7.25,7.239999771118164,7.25,4.211769104003906,6400
2013-06-27,7.239999771118164,7.239999771118164,7.239999771118164,7.239999771118164,4.205959320068359,300
2013-06-28,7.239999771118164,7.25,7.239999771118164,7.25,4.211769104003906,500
2013-07-01,7.199999809265137,7.25,7.199999809265137,7.239999771118164,4.205959320068359,1600
2013-07-02,7.389999866485596,7.389999866485596,7.050000190734863,7.119999885559082,4.13624906539917,4400
2013-07-03,7.130000114440918,7.21999979019165,7.130000114440918,7.199999809265137,4.182722568511963,500
2013-07-05,7.199999809265137,7.199999809265137,7.199999809265137,7.199999809265137,4.182722568511963,0
2013-07-08,7.099999904632568,7.099999904632568,7.099999904632568,7.099999904632568,4.124629974365234,1500
2013-07-09,7.099999904632568,7.25,7.099999904632568,7.21999979019165,4.194343090057373,5700
2013-07-10,7.090000152587891,7.199999809265137,7.090000152587891,7.199999809265137,4.182722568511963,2800
2013-07-11,7.199999809265137,7.25,7.190000057220459,7.25,4.211769104003906,2200
2013-07-12,7.260000228881836,7.269999980926514,7.260000228881836,7.269999980926514,4.223390579223633,1100
2013-07-15,7.150000095367432,7.289999961853027,7.099999904632568,7.269999980926514,4.223390579223633,2800
2013-07-16,7.269999980926514,7.269999980926514,7.159999847412109,7.159999847412109,4.159487247467041,2200
2013-07-17,7.260000228881836,7.260000228881836,7.019999980926514,7.099999904632568,4.124629974365234,4700
2013-07-18,7.190000057220459,7.269999980926514,7.190000057220459,7.190000057220459,4.176913738250732,2600
2013-07-19,7.25,7.260000228881836,7.110000133514404,7.25,4.211769104003906,5700
2013-07-22,7.25,7.25,7.25,7.25,4.211769104003906,0
2013-07-23,7.150000095367432,7.239999771118164,7.019999980926514,7.239999771118164,4.205959320068359,7600
2013-07-24,7.25,7.25,7.199999809265137,7.199999809265137,4.182722568511963,700
2013-07-25,7.199999809265137,7.400000095367432,7.150000095367432,7.199999809265137,4.182722568511963,2900
2013-07-26,7.25,7.25,7.25,7.25,4.211769104003906,1000
2013-07-29,7.210000038146973,7.380000114440918,7.070000171661377,7.380000114440918,4.287292003631592,6300
2013-07-30,7.199999809265137,7.300000190734863,7.150000095367432,7.150000095367432,4.153677463531494,10000
2013-07-31,7.159999847412109,7.360000133514404,7.159999847412109,7.289999961853027,4.235007286071777,1000
2013-08-01,7.179999828338623,7.179999828338623,7.150000095367432,7.150000095367432,4.153677463531494,5100
2013-08-02,7.150000095367432,7.380000114440918,7.070000171661377,7.130000114440918,4.1420578956604,4200
2013-08-05,7.039999961853027,7.150000095367432,7.0,7.019999980926514,4.078155994415283,26800
2013-08-06,7.070000171661377,7.119999885559082,7.070000171661377,7.110000133514404,4.130438804626465,8700
2013-08-07,7.139999866485596,7.230000019073486,7.139999866485596,7.159999847412109,4.159487247467041,900
2013-08-08,7.150000095367432,7.28000020980835,7.150000095367432,7.28000020980835,4.229197025299072,2100
2013-08-09,7.21999979019165,7.389999866485596,7.110000133514404,7.110000133514404,4.130438804626465,2800
2013-08-12,7.090000152587891,7.150000095367432,6.949999809265137,7.090000152587891,4.1188201904296875,17100
2013-08-13,7.050000190734863,7.059999942779541,7.050000190734863,7.059999942779541,4.1013922691345215,2000
2013-08-14,7.139999866485596,7.139999866485596,6.96999979019165,6.96999979019165,4.049108028411865,1900
2013-08-15,6.900000095367432,6.949999809265137,6.869999885559082,6.880000114440918,3.9968245029449463,2700
2013-08-16,6.880000114440918,6.880000114440918,6.880000114440918,6.880000114440918,3.9968245029449463,0
2013-08-19,6.929999828338623,6.929999828338623,6.929999828338623,6.929999828338623,4.025871276855469,100
2013-08-20,6.989999771118164,7.150000095367432,6.960000038146973,6.96999979019165,4.049108028411865,3100
2013-08-21,6.96999979019165,6.96999979019165,6.940000057220459,6.940000057220459,4.031679630279541,1600
2013-08-22,6.889999866485596,6.889999866485596,6.889999866485596,6.889999866485596,4.0026350021362305,700
2013-08-23,7.0,7.0,7.0,7.0,4.0665364265441895,2800
2013-08-26,7.0,7.0,7.0,7.0,4.0665364265441895,0
2013-08-27,6.880000114440918,7.0,6.880000114440918,7.0,4.0665364265441895,2100
2013-08-28,7.0,7.0,7.0,7.0,4.0665364265441895,0
2013-08-29,7.0,7.019999980926514,6.989999771118164,7.010000228881836,4.0723466873168945,1700
2013-08-30,6.880000114440918,6.880000114440918,6.880000114440918,6.880000114440918,3.9968245029449463,500
2013-09-03,7.0,7.070000171661377,7.0,7.050000190734863,4.095584869384766,2100
2013-09-04,6.900000095367432,6.96999979019165,6.869999885559082,6.920000076293945,4.020060062408447,1300
2013-09-05,7.019999980926514,7.190000057220459,6.949999809265137,7.190000057220459,4.176913738250732,500
2013-09-06,7.159999847412109,7.159999847412109,6.869999885559082,6.900000095367432,4.047852039337158,7000
2013-09-09,6.900000095367432,7.300000190734863,6.860000133514404,6.860000133514404,4.024385929107666,4700
2013-09-10,6.900000095367432,6.960000038146973,6.900000095367432,6.909999847412109,4.053719520568848,4600
2013-09-11,6.909999847412109,6.909999847412109,6.889999866485596,6.889999866485596,4.04198694229126,3400
2013-09-12,6.900000095367432,7.0,6.78000020980835,7.0,4.1065168380737305,5900
2013-09-13,6.949999809265137,6.949999809265137,6.949999809265137,6.949999809265137,4.07718563079834,600
2013-09-16,6.949999809265137,6.949999809265137,6.949999809265137,6.949999809265137,4.07718563079834,0
2013-09-17,6.900000095367432,6.940000057220459,6.889999866485596,6.940000057220459,4.071317195892334,2200
2013-09-18,6.989999771118164,6.989999771118164,6.75,6.909999847412109,4.053719520568848,15000
2013-09-19,6.699999809265137,6.920000076293945,6.550000190734863,6.550000190734863,3.8425254821777344,11000
2013-09-20,6.679999828338623,6.800000190734863,6.630000114440918,6.630000114440918,3.8894588947296143,10900
2013-09-23,6.639999866485596,6.800000190734863,6.639999866485596,6.800000190734863,3.989187240600586,4500
2013-09-24,6.800000190734863,6.869999885559082,6.800000190734863,6.869999885559082,4.030251979827881,2800
2013-09-25,6.820000171661377,6.980000019073486,6.78000020980835,6.78000020980835,3.9774560928344727,15100
2013-09-26,6.849999904632568,6.909999847412109,6.690000057220459,6.690000057220459,3.924656867980957,4800
2013-09-27,6.670000076293945,6.75,6.5,6.659999847412109,3.9070563316345215,15600
2013-09-30,6.940000057220459,6.940000057220459,6.599999904632568,6.670000076293945,3.9129226207733154,6700
2013-10-01,6.730000019073486,6.880000114440918,6.679999828338623,6.800000190734863,3.989187240600586,8000
2013-10-02,6.869999885559082,6.869999885559082,6.550000190734863,6.820000171661377,4.000920295715332,5100
2013-10-03,6.800000190734863,6.849999904632568,6.650000095367432,6.710000038146973,3.9363906383514404,3600
2013-10-04,6.75,6.769999980926514,6.639999866485596,6.710000038146973,3.9363906383514404,600
2013-10-07,6.630000114440918,6.849999904632568,6.630000114440918,6.739999771118164,3.953989267349243,2100
2013-10-08,6.760000228881836,6.769999980926514,6.75,6.75,3.9598536491394043,3800
2013-10-09,6.710000038146973,6.75,6.599999904632568,6.610000133514404,3.877725124359131,5500
2013-10-10,6.809999942779541,6.809999942779541,6.579999923706055,6.579999923706055,3.860126256942749,6700
2013-10-11,6.599999904632568,6.599999904632568,6.599999904632568,6.599999904632568,3.8718581199645996,700
2013-10-14,6.650000095367432,6.650000095367432,6.599999904632568,6.599999904632568,3.8718581199645996,4900
2013-10-15,6.599999904632568,6.71999979019165,6.599999904632568,6.639999866485596,3.8953254222869873,15300
2013-10-16,6.650000095367432,6.650000095367432,6.550000190734863,6.550000190734863,3.8425254821777344,6700
2013-10-17,6.599999904632568,6.75,6.570000171661377,6.570000171661377,3.8542604446411133,4000
2013-10-18,6.599999904632568,6.829999923706055,6.559999942779541,6.599999904632568,3.8718581199645996,8900
2013-10-21,6.559999942779541,6.78000020980835,6.559999942779541,6.78000020980835,3.9774560928344727,4900
2013-10-22,6.769999980926514,6.78000020980835,6.599999904632568,6.610000133514404,3.877725124359131,4700
2013-10-23,6.679999828338623,6.739999771118164,6.659999847412109,6.739999771118164,3.953989267349243,4200
2013-10-24,6.670000076293945,6.75,6.670000076293945,6.75,3.9598536491394043,1900
2013-10-25,6.75,6.849999904632568,6.75,6.829999923706055,4.0067853927612305,2600
2013-10-28,6.820000171661377,6.849999904632568,6.75,6.75,3.9598536491394043,900
2013-10-29,6.75,6.75,6.75,6.75,3.9598536491394043,0
2013-10-30,6.789999961853027,6.829999923706055,6.789999961853027,6.820000171661377,4.000920295715332,4700
2013-10-31,6.809999942779541,6.820000171661377,6.769999980926514,6.820000171661377,4.000920295715332,3400
2013-11-01,6.820000171661377,6.829999923706055,6.820000171661377,6.829999923706055,4.0067853927612305,2900
2013-11-04,6.840000152587891,6.880000114440918,6.800000190734863,6.880000114440918,4.03611946105957,4900
2013-11-05,6.909999847412109,6.909999847412109,6.809999942779541,6.900000095367432,4.047852039337158,3900
2013-11-06,6.940000057220459,6.940000057220459,6.900000095367432,6.900000095367432,4.047852039337158,3300
2013-11-07,6.900000095367432,7.199999809265137,6.900000095367432,7.0,4.1065168380737305,17700
2013-11-08,6.949999809265137,7.059999942779541,6.949999809265137,7.0,4.1065168380737305,4300
2013-11-11,7.0,7.150000095367432,6.989999771118164,7.150000095367432,4.194514751434326,2400
2013-11-12,7.190000057220459,7.239999771118164,6.96999979019165,6.96999979019165,4.088916778564453,2800
2013-11-13,7.239999771118164,7.25,7.239999771118164,7.25,4.253177165985107,900
2013-11-14,7.239999771118164,7.239999771118164,7.019999980926514,7.03000020980835,4.124115467071533,500
2013-11-15,7.199999809265137,7.309999942779541,7.199999809265137,7.25,4.253177165985107,4400
2013-11-18,7.309999942779541,7.380000114440918,7.309999942779541,7.309999942779541,4.288375377655029,3600
2013-11-19,7.480000019073486,7.650000095367432,7.449999809265137,7.559999942779541,4.435037612915039,12900
2013-11-20,7.559999942779541,7.849999904632568,7.5,7.570000171661377,4.440905570983887,2500
2013-11-21,7.659999847412109,7.849999904632568,7.659999847412109,7.75,4.546501159667969,400
2013-11-22,7.690000057220459,7.75,7.510000228881836,7.510000228881836,4.405705451965332,4300
2013-11-25,7.429999828338623,7.650000095367432,7.349999904632568,7.369999885559082,4.370128154754639,3800
2013-11-26,7.349999904632568,7.650000095367432,7.349999904632568,7.650000095367432,4.536158561706543,2200
2013-11-27,7.650000095367432,7.650000095367432,7.579999923706055,7.599999904632568,4.506509304046631,3000
2013-11-29,7.650000095367432,7.650000095367432,7.21999979019165,7.21999979019165,4.281185150146484,500
2013-12-02,7.239999771118164,7.449999809265137,7.21999979019165,7.329999923706055,4.346409320831299,20800
2013-12-03,7.420000076293945,7.519999980926514,7.349999904632568,7.380000114440918,4.376058578491211,2000
2013-12-04,7.320000171661377,7.380000114440918,7.320000171661377,7.320000171661377,4.340481281280518,1500
2013-12-05,7.320000171661377,7.320000171661377,7.25,7.25,4.298971652984619,7200
2013-12-06,7.420000076293945,7.420000076293945,7.420000076293945,7.420000076293945,4.399775505065918,500
2013-12-09,7.260000228881836,7.369999885559082,7.25,7.25,4.298971652984619,4700
2013-12-10,7.369999885559082,7.400000095367432,7.25,7.25,4.298971652984619,5700
2013-12-11,7.300000190734863,7.400000095367432,7.25,7.25,4.298971652984619,4300
2013-12-12,7.300000190734863,7.380000114440918,7.25,7.25,4.298971652984619,5200
2013-12-13,7.25,7.380000114440918,7.25,7.25,4.298971652984619,9600
2013-12-16,7.289999961853027,7.360000133514404,7.25,7.360000133514404,4.364199161529541,800
2013-12-17,7.360000133514404,7.380000114440918,7.340000152587891,7.380000114440918,4.376058578491211,11400
2013-12-18,7.489999771118164,7.619999885559082,7.449999809265137,7.449999809265137,4.417566299438477,9700
2013-12-19,7.659999847412109,7.699999809265137,7.449999809265137,7.550000190734863,4.476861000061035,6300
2013-12-20,7.599999904632568,7.909999847412109,7.46999979019165,7.510000228881836,4.4531426429748535,12600
2013-12-23,7.570000171661377,7.889999866485596,7.5,7.519999980926514,4.459070682525635,6300
2013-12-24,7.519999980926514,7.519999980926514,7.519999980926514,7.519999980926514,4.459070682525635,0
2013-12-26,7.5,8.180000305175781,7.5,8.149999618530273,4.832638263702393,15000
2013-12-27,8.180000305175781,8.90999984741211,8.170000076293945,8.600000381469727,5.099470615386963,13900
2013-12-30,8.649999618530273,8.649999618530273,7.929999828338623,8.289999961853027,4.915653228759766,5700
2013-12-31,8.210000038146973,8.600000381469727,8.029999732971191,8.029999732971191,4.761482238769531,4900
2014-01-02,8.1899995803833,9.25,8.069999694824219,9.239999771118164,5.478966236114502,23300
2014-01-03,9.25,9.470000267028809,8.300000190734863,8.75,5.188415050506592,11400
2014-01-06,8.760000228881836,8.8100004196167,8.270000457763672,8.270000457763672,4.9037933349609375,1900
2014-01-07,8.270000457763672,8.470000267028809,8.130000114440918,8.4399995803833,5.004595756530762,15100
2014-01-08,8.460000038146973,8.75,8.260000228881836,8.449999809265137,5.01052713394165,31200
2014-01-09,8.5,8.5,8.25,8.25,4.891933441162109,700
2014-01-10,8.649999618530273,8.649999618530273,8.350000381469727,8.350000381469727,4.951231479644775,2400
2014-01-13,8.3100004196167,8.789999961853027,8.300000190734863,8.619999885559082,5.111331462860107,11100
2014-01-14,8.989999771118164,8.989999771118164,8.399999618530273,8.699999809265137,5.158767223358154,2600
2014-01-15,8.699999809265137,9.0,8.510000228881836,8.75,5.188415050506592,9200
2014-01-16,8.779999732971191,9.109999656677246,8.380000114440918,8.699999809265137,5.158767223358154,5000
2014-01-17,9.25,9.25,8.380000114440918,9.0,5.3366570472717285,3200
2014-01-21,8.819999694824219,8.819999694824219,8.390000343322754,8.680000305175781,5.146908283233643,2000
2014-01-22,8.6899995803833,9.170000076293945,8.609999656677246,9.170000076293945,5.4374589920043945,13500
2014-01-23,9.149999618530273,9.149999618530273,9.149999618530273,9.149999618530273,5.425598621368408,100
2014-01-24,8.949999809265137,9.0,8.869999885559082,8.869999885559082,5.2595720291137695,700
2014-01-27,9.130000114440918,9.130000114440918,8.850000381469727,8.859999656677246,5.253640651702881,700
2014-01-28,8.850000381469727,9.029999732971191,8.75,8.75,5.188415050506592,5200
2014-01-29,8.760000228881836,8.760000228881836,8.380000114440918,8.430000305175781,4.998668193817139,8900
2014-01-30,8.569999694824219,8.829999923706055,8.329999923706055,8.829999923706055,5.235851764678955,500
2014-01-31,8.829999923706055,8.829999923706055,8.829999923706055,8.829999923706055,5.235851764678955,0
2014-02-03,8.3100004196167,8.6899995803833,8.3100004196167,8.609999656677246,5.105401039123535,2900
2014-02-04,8.600000381469727,8.640000343322754,8.119999885559082,8.300000190734863,4.921581745147705,21100
2014-02-05,8.15999984741211,8.350000381469727,8.15999984741211,8.300000190734863,4.921581745147705,4000
2014-02-06,8.119999885559082,8.430000305175781,8.119999885559082,8.430000305175781,4.998668193817139,4500
2014-02-07,8.430000305175781,8.430000305175781,8.430000305175781,8.430000305175781,4.998668193817139,0
2014-02-10,8.390000343322754,8.390000343322754,8.140000343322754,8.140000343322754,4.826710224151611,2500
2014-02-11,8.119999885559082,8.40999984741211,8.119999885559082,8.170000076293945,4.8444976806640625,4100
2014-02-12,8.119999885559082,8.119999885559082,8.119999885559082,8.119999885559082,4.814848899841309,200
2014-02-13,8.15999984741211,8.15999984741211,8.149999618530273,8.15999984741211,4.83856725692749,500
2014-02-14,8.359999656677246,8.430000305175781,8.359999656677246,8.430000305175781,4.998668193817139,2100
2014-02-18,8.5,8.5,8.229999542236328,8.300000190734863,4.921581745147705,3600
2014-02-19,8.350000381469727,8.359999656677246,8.350000381469727,8.350000381469727,4.951231479644775,700
2014-02-20,8.359999656677246,8.359999656677246,8.350000381469727,8.350000381469727,4.951231479644775,800
2014-02-21,8.59000015258789,8.59000015258789,8.239999771118164,8.239999771118164,4.886004447937012,3300
2014-02-24,8.220000267028809,8.220000267028809,8.220000267028809,8.220000267028809,4.874147415161133,100
2014-02-25,8.229999542236328,8.229999542236328,8.229999542236328,8.229999542236328,4.880074501037598,100
2014-02-26,8.25,8.25,8.25,8.25,4.891933441162109,800
2014-02-27,8.220000267028809,8.220000267028809,8.220000267028809,8.220000267028809,4.874147415161133,200
2014-02-28,8.539999961853027,8.550000190734863,8.119999885559082,8.319999694824219,4.933442115783691,3700
2014-03-03,8.210000038146973,8.40999984741211,8.210000038146973,8.40999984741211,4.986807346343994,1700
2014-03-04,8.430000305175781,8.430000305175781,8.430000305175781,8.430000305175781,4.998668193817139,600
2014-03-05,8.329999923706055,8.380000114440918,8.25,8.369999885559082,4.9630913734436035,1800
2014-03-06,8.039999961853027,8.34000015258789,8.039999961853027,8.34000015258789,4.99302339553833,3900
2014-03-07,8.34000015258789,8.470000267028809,8.329999923706055,8.329999923706055,4.987037181854248,300
2014-03-10,8.359999656677246,8.390000343322754,8.300000190734863,8.390000343322754,5.0229597091674805,300
2014-03-11,8.380000114440918,8.380000114440918,8.380000114440918,8.380000114440918,5.016971588134766,100
2014-03-12,8.380000114440918,8.380000114440918,8.380000114440918,8.380000114440918,5.016971588134766,0
2014-03-13,8.380000114440918,8.380000114440918,8.380000114440918,8.380000114440918,5.016971588134766,0
2014-03-14,8.170000076293945,8.180000305175781,8.119999885559082,8.15999984741211,4.885261535644531,2000
2014-03-17,8.289999961853027,8.359999656677246,8.119999885559082,8.350000381469727,4.9990105628967285,1900
2014-03-18,8.380000114440918,8.399999618530273,8.380000114440918,8.399999618530273,5.028944492340088,1900
2014-03-19,8.289999961853027,8.289999961853027,8.15999984741211,8.15999984741211,4.885261535644531,300
2014-03-20,8.369999885559082,8.369999885559082,8.170000076293945,8.300000190734863,4.969076156616211,5000
2014-03-21,8.390000343322754,8.539999961853027,8.300000190734863,8.539999961853027,5.112761497497559,15400
2014-03-24,8.600000381469727,8.600000381469727,8.369999885559082,8.369999885559082,5.010985851287842,3100
2014-03-25,8.210000038146973,8.5,8.210000038146973,8.300000190734863,4.969076156616211,13200
2014-03-26,8.479999542236328,8.479999542236328,8.350000381469727,8.350000381469727,4.9990105628967285,2100
2014-03-27,8.449999809265137,8.550000190734863,8.390000343322754,8.5,5.088812351226807,5200
2014-03-28,8.489999771118164,8.489999771118164,8.329999923706055,8.329999923706055,4.987037181854248,5900
2014-03-31,8.460000038146973,8.5,8.380000114440918,8.5,5.088812351226807,3300
2014-04-01,8.319999694824219,8.319999694824219,8.119999885559082,8.119999885559082,4.861314296722412,16600
2014-04-02,8.119999885559082,8.119999885559082,8.119999885559082,8.119999885559082,4.861314296722412,0
2014-04-03,8.1899995803833,8.1899995803833,8.1899995803833,8.1899995803833,4.903221607208252,100
2014-04-04,8.300000190734863,8.300000190734863,8.300000190734863,8.300000190734863,4.969076156616211,200
2014-04-07,8.149999618530273,8.15999984741211,8.149999618530273,8.15999984741211,4.885261535644531,1100
2014-04-08,8.15999984741211,8.15999984741211,8.15999984741211,8.15999984741211,4.885261535644531,0
2014-04-09,8.239999771118164,8.239999771118164,8.15999984741211,8.15999984741211,4.885261535644531,1200
2014-04-10,8.15999984741211,8.220000267028809,8.119999885559082,8.119999885559082,4.861314296722412,13800
2014-04-11,8.119999885559082,8.130000114440918,8.119999885559082,8.130000114440918,4.867300510406494,4200
2014-04-14,8.15999984741211,8.15999984741211,7.920000076293945,8.039999961853027,4.813418388366699,3400
2014-04-15,8.039999961853027,8.039999961853027,8.039999961853027,8.039999961853027,4.813418388366699,0
2014-04-16,8.25,8.25,8.25,8.25,4.939142227172852,1800
2014-04-17,8.109999656677246,8.109999656677246,8.109999656677246,8.109999656677246,4.855327129364014,200
2014-04-21,8.239999771118164,8.279999732971191,8.239999771118164,8.270000457763672,4.95111608505249,1500
2014-04-22,8.270000457763672,8.270000457763672,8.0,8.020000457763672,4.801446437835693,7400
2014-04-23,7.940000057220459,8.15999984741211,7.940000057220459,8.15999984741211,4.885261535644531,3200
2014-04-24,7.949999809265137,8.039999961853027,7.949999809265137,7.96999979019165,4.771512508392334,1700
2014-04-25,7.980000019073486,7.980000019073486,7.980000019073486,7.980000019073486,4.7774977684021,400
2014-04-28,8.050000190734863,8.050000190734863,8.050000190734863,8.050000190734863,4.819406509399414,800
2014-04-29,8.050000190734863,8.050000190734863,7.710000038146973,7.829999923706055,4.687694549560547,15900
2014-04-30,8.210000038146973,8.210000038146973,7.769999980926514,7.980000019073486,4.7774977684021,12800
2014-05-01,8.1899995803833,8.1899995803833,8.1899995803833,8.1899995803833,4.903221607208252,200
2014-05-02,8.119999885559082,8.119999885559082,8.050000190734863,8.050000190734863,4.819406509399414,700
2014-05-05,8.0,8.0,7.809999942779541,7.809999942779541,4.675722122192383,3700
2014-05-06,7.789999961853027,7.809999942779541,7.789999961853027,7.809999942779541,4.675722122192383,300
2014-05-07,7.889999866485596,7.909999847412109,7.889999866485596,7.900000095367432,4.729602813720703,1100
2014-05-08,8.0,8.0,7.869999885559082,7.940000057220459,4.7535505294799805,2200
2014-05-09,7.940000057220459,7.940000057220459,7.940000057220459,7.940000057220459,4.7535505294799805,0
2014-05-12,7.940000057220459,7.940000057220459,7.940000057220459,7.940000057220459,4.7535505294799805,0
2014-05-13,7.760000228881836,7.869999885559082,7.480000019073486,7.559999942779541,4.526050090789795,27700
2014-05-14,7.650000095367432,7.900000095367432,7.650000095367432,7.900000095367432,4.729602813720703,200
2014-05-15,7.510000228881836,7.650000095367432,7.429999828338623,7.650000095367432,4.579932689666748,1200
2014-05-16,7.610000133514404,7.610000133514404,7.579999923706055,7.579999923706055,4.53802490234375,1500
2014-05-19,7.630000114440918,7.710000038146973,7.599999904632568,7.699999809265137,4.609866619110107,5700
2014-05-20,7.78000020980835,7.78000020980835,7.71999979019165,7.71999979019165,4.621840953826904,3200
2014-05-21,7.71999979019165,7.78000020980835,7.510000228881836,7.539999961853027,4.514078140258789,8700
2014-05-22,7.610000133514404,7.820000171661377,7.5,7.550000190734863,4.520064353942871,6300
2014-05-23,7.800000190734863,7.800000190734863,7.800000190734863,7.800000190734863,4.669736385345459,100
2014-05-27,7.71999979019165,7.949999809265137,7.5,7.519999980926514,4.502103805541992,7500
2014-05-28,7.650000095367432,7.650000095367432,7.599999904632568,7.599999904632568,4.549998760223389,2300
2014-05-29,7.449999809265137,7.46999979019165,7.449999809265137,7.449999809265137,4.460196018218994,1500
2014-05-30,7.610000133514404,7.610000133514404,7.460000038146973,7.460000038146973,4.466182708740234,4900
2014-06-02,7.610000133514404,7.760000228881836,7.550000190734863,7.659999847412109,4.58591890335083,1800
2014-06-03,7.670000076293945,7.670000076293945,7.449999809265137,7.449999809265137,4.460196018218994,5800
2014-06-04,7.449999809265137,7.449999809265137,7.449999809265137,7.449999809265137,4.460196018218994,0
2014-06-05,7.5,7.889999866485596,7.5,7.849999904632568,4.699668884277344,28400
2014-06-06,7.550000190734863,8.029999732971191,7.550000190734863,7.880000114440918,4.766202449798584,9600
2014-06-09,7.670000076293945,7.980000019073486,7.659999847412109,7.789999961853027,4.711765289306641,2800
2014-06-10,7.699999809265137,7.989999771118164,7.559999942779541,7.829999923706055,4.735959053039551,10400
2014-06-11,7.679999828338623,8.109999656677246,7.659999847412109,7.840000152587891,4.742009162902832,7500
2014-06-12,7.849999904632568,7.849999904632568,7.849999904632568,7.849999904632568,4.748056888580322,400
2014-06-13,8.0,8.199999809265137,7.769999980926514,8.079999923706055,4.887172222137451,18300
2014-06-16,7.929999828338623,8.199999809265137,7.900000095367432,8.010000228881836,4.844832897186279,11700
2014-06-17,8.399999618530273,8.399999618530273,7.849999904632568,8.199999809265137,4.959754467010498,12300
2014-06-18,8.25,8.25,8.149999618530273,8.149999618530273,4.929511070251465,2500
2014-06-19,8.34000015258789,8.34000015258789,8.149999618530273,8.149999618530273,4.929511070251465,2000
2014-06-20,8.300000190734863,8.399999618530273,7.920000076293945,8.289999961853027,5.014190673828125,5500
2014-06-23,8.140000343322754,8.149999618530273,8.119999885559082,8.140000343322754,4.923463821411133,4400
2014-06-24,8.220000267028809,8.220000267028809,8.100000381469727,8.220000267028809,4.9718499183654785,2100
2014-06-25,8.239999771118164,8.579999923706055,8.020000457763672,8.470000267028809,5.1230621337890625,28000
2014-06-26,8.140000343322754,8.369999885559082,8.050000190734863,8.300000190734863,5.020238399505615,11200
2014-06-27,8.15999984741211,8.380000114440918,8.140000343322754,8.140000343322754,4.923463821411133,8300
2014-06-30,8.289999961853027,8.34000015258789,8.140000343322754,8.140000343322754,4.923463821411133,1200
2014-07-01,8.109999656677246,8.390000343322754,8.109999656677246,8.279999732971191,5.008141040802002,12200
2014-07-02,8.109999656677246,8.399999618530273,7.900000095367432,8.279999732971191,5.008141040802002,9100
2014-07-03,8.25,8.25,8.25,8.25,4.98999547958374,400
2014-07-07,8.119999885559082,8.15999984741211,8.069999694824219,8.15999984741211,4.935560703277588,4700
2014-07-08,7.960000038146973,8.390000343322754,7.900000095367432,8.15999984741211,4.935560703277588,8500
2014-07-09,7.909999847412109,8.489999771118164,7.909999847412109,8.140000343322754,4.923463821411133,5600
2014-07-10,8.300000190734863,8.300000190734863,8.149999618530273,8.239999771118164,4.983947277069092,2500
2014-07-11,8.470000267028809,8.470000267028809,8.100000381469727,8.100000381469727,4.89926815032959,600
2014-07-14,8.449999809265137,8.449999809265137,8.029999732971191,8.25,4.98999547958374,600
2014-07-15,8.069999694824219,8.140000343322754,8.039999961853027,8.100000381469727,4.89926815032959,1400
2014-07-16,8.050000190734863,8.079999923706055,8.050000190734863,8.079999923706055,4.887172222137451,1100
2014-07-17,8.010000228881836,8.010000228881836,8.010000228881836,8.010000228881836,4.844832897186279,200
2014-07-18,8.029999732971191,8.119999885559082,8.029999732971191,8.069999694824219,4.881124019622803,2600
2014-07-21,8.170000076293945,8.170000076293945,8.010000228881836,8.010000228881836,4.844832897186279,4100
2014-07-22,8.079999923706055,8.119999885559082,8.0,8.0,4.838784694671631,5700
2014-07-23,7.949999809265137,8.050000190734863,7.909999847412109,7.920000076293945,4.790396690368652,4300
2014-07-24,8.130000114440918,8.130000114440918,7.920000076293945,7.920000076293945,4.790396690368652,4600
2014-07-25,7.920000076293945,7.920000076293945,7.920000076293945,7.920000076293945,4.790396690368652,0
2014-07-28,7.920000076293945,7.920000076293945,7.920000076293945,7.920000076293945,4.790396690368652,0
2014-07-29,8.010000228881836,8.010000228881836,8.0,8.0,4.838784694671631,2300
2014-07-30,8.039999961853027,8.039999961853027,8.010000228881836,8.010000228881836,4.844832897186279,1300
2014-07-31,7.960000038146973,8.1899995803833,7.929999828338623,8.109999656677246,4.905318737030029,2200
2014-08-01,7.929999828338623,8.0600004196167,7.929999828338623,8.039999961853027,4.862977027893066,4200
2014-08-04,7.929999828338623,7.929999828338623,7.929999828338623,7.929999828338623,4.796444416046143,100
2014-08-05,8.039999961853027,8.039999961853027,8.0,8.0,4.838784694671631,4600
2014-08-06,7.929999828338623,7.960000038146973,7.929999828338623,7.960000038146973,4.814590930938721,400
2014-08-07,7.960000038146973,8.100000381469727,7.960000038146973,8.100000381469727,4.89926815032959,1400
2014-08-08,7.96999979019165,8.170000076293945,7.96999979019165,8.100000381469727,4.89926815032959,2100
2014-08-11,8.050000190734863,8.180000305175781,8.0,8.020000457763672,4.850881576538086,31400
2014-08-12,8.100000381469727,8.130000114440918,8.0,8.039999961853027,4.862977027893066,18600
2014-08-13,8.010000228881836,8.010000228881836,8.0,8.0,4.838784694671631,200
2014-08-14,8.0,8.220000267028809,8.0,8.1899995803833,4.953705787658691,25300
2014-08-15,8.0,8.1899995803833,8.0,8.010000228881836,4.844832897186279,12400
2014-08-18,8.020000457763672,8.199999809265137,8.0,8.0600004196167,4.875075817108154,11800
2014-08-19,8.100000381469727,8.100000381469727,8.029999732971191,8.029999732971191,4.856929302215576,2000
2014-08-20,8.100000381469727,8.100000381469727,8.010000228881836,8.010000228881836,4.844832897186279,900
2014-08-21,8.09000015258789,8.100000381469727,8.039999961853027,8.050000190734863,4.869027614593506,1600
2014-08-22,8.050000190734863,8.0600004196167,8.039999961853027,8.039999961853027,4.862977027893066,1500
2014-08-25,8.0,8.069999694824219,8.0,8.069999694824219,4.881124019622803,3300
2014-08-26,8.069999694824219,8.069999694824219,8.010000228881836,8.069999694824219,4.881124019622803,4300
2014-08-27,8.020000457763672,8.069999694824219,8.020000457763672,8.069999694824219,4.881124019622803,4000
2014-08-28,8.010000228881836,8.010000228881836,8.010000228881836,8.010000228881836,4.844832897186279,300
2014-08-29,8.100000381469727,8.25,8.100000381469727,8.180000305175781,4.947657585144043,4000
2014-09-02,8.029999732971191,8.180000305175781,8.029999732971191,8.180000305175781,4.947657585144043,400
2014-09-03,8.1899995803833,8.25,8.039999961853027,8.229999542236328,4.97790002822876,3700
2014-09-04,8.210000038146973,8.239999771118164,8.199999809265137,8.220000267028809,4.9718499183654785,5300
2014-09-05,8.0600004196167,8.180000305175781,7.989999771118164,8.180000305175781,4.996283054351807,5900
2014-09-08,8.180000305175781,8.180000305175781,7.929999828338623,8.100000381469727,4.9474196434021,4800
2014-09-09,8.100000381469727,8.100000381469727,8.100000381469727,8.100000381469727,4.9474196434021,0
2014-09-10,7.980000019073486,7.980000019073486,7.929999828338623,7.929999828338623,4.8435845375061035,600
2014-09-11,8.050000190734863,8.0600004196167,8.0,8.0600004196167,4.922987937927246,2400
2014-09-12,8.149999618530273,8.149999618530273,8.130000114440918,8.140000343322754,4.971850395202637,5200
2014-09-15,8.140000343322754,8.140000343322754,8.010000228881836,8.020000457763672,4.898556232452393,5100
2014-09-16,8.079999923706055,8.130000114440918,8.079999923706055,8.130000114440918,4.965743064880371,1600
2014-09-17,8.050000190734863,8.050000190734863,8.050000190734863,8.050000190734863,4.9168806076049805,400
2014-09-18,8.119999885559082,8.119999885559082,8.0,8.0,4.886340618133545,3300
2014-09-19,8.130000114440918,8.170000076293945,8.130000114440918,8.15999984741211,4.984066486358643,12700
2014-09-22,8.229999542236328,8.239999771118164,8.010000228881836,8.220000267028809,5.02071475982666,9600
2014-09-23,8.199999809265137,8.199999809265137,8.0,8.0,4.886340618133545,1400
2014-09-24,8.119999885559082,8.25,8.119999885559082,8.25,5.039038181304932,9900
2014-09-25,8.229999542236328,8.25,8.1899995803833,8.220000267028809,5.02071475982666,5600
2014-09-26,8.100000381469727,8.25,8.0,8.039999961853027,4.910770893096924,1500
2014-09-29,8.220000267028809,8.220000267028809,8.220000267028809,8.220000267028809,5.02071475982666,300
2014-09-30,8.010000228881836,8.180000305175781,7.920000076293945,8.0600004196167,4.922987937927246,8900
2014-10-01,7.929999828338623,8.170000076293945,7.920000076293945,8.020000457763672,4.898556232452393,1800
2014-10-02,8.180000305175781,8.180000305175781,8.180000305175781,8.180000305175781,4.996283054351807,200
2014-10-03,8.180000305175781,8.180000305175781,8.180000305175781,8.180000305175781,4.996283054351807,0
2014-10-06,8.180000305175781,8.180000305175781,8.180000305175781,8.180000305175781,4.996283054351807,0
2014-10-07,8.069999694824219,8.069999694824219,8.050000190734863,8.050000190734863,4.9168806076049805,1400
2014-10-08,8.149999618530273,8.149999618530273,8.149999618530273,8.149999618530273,4.977958679199219,100
2014-10-09,8.149999618530273,8.15999984741211,8.149999618530273,8.149999618530273,4.977958679199219,600
2014-10-10,8.1899995803833,8.1899995803833,8.020000457763672,8.050000190734863,4.9168806076049805,2500
2014-10-13,8.050000190734863,8.050000190734863,8.050000190734863,8.050000190734863,4.9168806076049805,0
2014-10-14,8.020000457763672,8.220000267028809,8.020000457763672,8.210000038146973,5.014607906341553,2800
2014-10-15,7.960000038146973,8.1899995803833,7.960000038146973,8.1899995803833,5.002391815185547,1200
2014-10-16,8.1899995803833,8.1899995803833,8.1899995803833,8.1899995803833,5.002391815185547,0
2014-10-17,8.010000228881836,8.100000381469727,8.0,8.100000381469727,4.9474196434021,7600
2014-10-20,8.0,8.010000228881836,7.960000038146973,7.960000038146973,4.861908435821533,1700
2014-10-21,7.960000038146973,7.960000038146973,7.960000038146973,7.960000038146973,4.861908435821533,400
2014-10-22,8.0,8.020000457763672,8.0,8.0,4.886340618133545,3700
2014-10-23,8.029999732971191,8.039999961853027,8.029999732971191,8.029999732971191,4.904663562774658,800
2014-10-24,8.0600004196167,8.069999694824219,7.989999771118164,7.989999771118164,4.880232334136963,2000
2014-10-27,8.010000228881836,8.010000228881836,7.989999771118164,7.989999771118164,4.880232334136963,1400
2014-10-28,8.0,8.0,7.920000076293945,7.96999979019165,4.868016719818115,4300
2014-10-29,7.929999828338623,7.929999828338623,7.929999828338623,7.929999828338623,4.8435845375061035,100
2014-10-30,7.920000076293945,7.96999979019165,7.920000076293945,7.960000038146973,4.861908435821533,1500
2014-10-31,8.050000190734863,8.050000190734863,7.920000076293945,7.920000076293945,4.837477684020996,1100
2014-11-03,7.920000076293945,8.039999961853027,7.920000076293945,8.039999961853027,4.910770893096924,300
2014-11-04,8.010000228881836,8.010000228881836,7.920000076293945,7.920000076293945,4.837477684020996,3200
2014-11-05,7.929999828338623,8.029999732971191,7.920000076293945,8.029999732971191,4.904663562774658,300
2014-11-06,7.929999828338623,8.039999961853027,7.929999828338623,8.039999961853027,4.910770893096924,200
2014-11-07,7.929999828338623,7.929999828338623,7.769999980926514,7.800000190734863,4.764182090759277,5100
2014-11-10,7.800000190734863,7.96999979019165,7.800000190734863,7.96999979019165,4.868016719818115,1500
2014-11-11,7.769999980926514,7.849999904632568,7.769999980926514,7.849999904632568,4.794721603393555,900
2014-11-12,7.849999904632568,7.849999904632568,7.849999904632568,7.849999904632568,4.794721603393555,0
2014-11-13,7.849999904632568,7.849999904632568,7.849999904632568,7.849999904632568,4.794721603393555,0
2014-11-14,7.860000133514404,7.900000095367432,7.860000133514404,7.869999885559082,4.806936740875244,1500
2014-11-17,7.980000019073486,7.980000019073486,7.869999885559082,7.869999885559082,4.806936740875244,800
2014-11-18,7.989999771118164,8.0,7.96999979019165,7.96999979019165,4.868016719818115,1500
2014-11-19,8.050000190734863,8.100000381469727,8.029999732971191,8.09000015258789,4.941311359405518,7000
2014-11-20,8.0,8.149999618530273,8.0,8.149999618530273,4.977958679199219,3700
2014-11-21,8.149999618530273,8.149999618530273,8.149999618530273,8.149999618530273,4.977958679199219,400
2014-11-24,8.229999542236328,8.229999542236328,8.0600004196167,8.199999809265137,5.0084991455078125,4400
2014-11-25,8.220000267028809,8.220000267028809,8.220000267028809,8.220000267028809,5.02071475982666,800
2014-11-26,8.199999809265137,8.25,8.1899995803833,8.210000038146973,5.014607906341553,4900
2014-11-28,8.239999771118164,8.239999771118164,8.15999984741211,8.210000038146973,5.014607906341553,2700
2014-12-01,8.109999656677246,8.149999618530273,8.100000381469727,8.140000343322754,4.971850395202637,8700
2014-12-02,8.25,8.25,8.199999809265137,8.229999542236328,5.026822566986084,1000
2014-12-03,8.239999771118164,8.25,8.100000381469727,8.229999542236328,5.026822566986084,4700
2014-12-04,8.149999618530273,8.25,8.149999618530273,8.25,5.039038181304932,3500
2014-12-05,8.180000305175781,8.229999542236328,8.050000190734863,8.229999542236328,5.0822649002075195,4100
2014-12-08,8.229999542236328,8.25,8.050000190734863,8.119999885559082,5.014337539672852,3700
2014-12-09,8.229999542236328,8.229999542236328,8.15999984741211,8.15999984741211,5.039038181304932,900
2014-12-10,8.170000076293945,8.1899995803833,7.949999809265137,8.010000228881836,4.946408748626709,7300
2014-12-11,7.96999979019165,8.079999923706055,7.960000038146973,7.960000038146973,4.915531158447266,1600
2014-12-12,8.220000267028809,8.220000267028809,8.109999656677246,8.109999656677246,5.00816011428833,500
2014-12-15,8.170000076293945,8.170000076293945,8.010000228881836,8.010000228881836,4.946408748626709,1000
2014-12-16,8.130000114440918,8.199999809265137,7.96999979019165,8.199999809265137,5.063736915588379,900
2014-12-17,7.980000019073486,8.210000038146973,7.96999979019165,8.210000038146973,5.0699143409729,1700
2014-12-18,8.210000038146973,8.210000038146973,7.980000019073486,8.0,4.940232753753662,1400
2014-12-19,8.109999656677246,8.180000305175781,7.980000019073486,8.180000305175781,5.051387786865234,4500
2014-12-22,8.220000267028809,8.220000267028809,7.980000019073486,8.199999809265137,5.063736915588379,5700
2014-12-23,8.180000305175781,8.220000267028809,8.180000305175781,8.210000038146973,5.0699143409729,4500
2014-12-24,8.0,8.0,8.0,8.0,4.940232753753662,0
2014-12-26,8.010000228881836,8.149999618530273,8.010000228881836,8.149999618530273,5.032862186431885,2000
2014-12-29,8.020000457763672,8.220000267028809,8.020000457763672,8.1899995803833,5.057563304901123,7600
2014-12-30,8.1899995803833,8.1899995803833,8.1899995803833,8.1899995803833,5.057563304901123,200
2014-12-31,8.199999809265137,8.25,8.069999694824219,8.069999694824219,4.983459949493408,4400
2015-01-02,8.069999694824219,8.069999694824219,8.069999694824219,8.069999694824219,4.983459949493408,0
2015-01-05,8.119999885559082,8.260000228881836,8.119999885559082,8.15999984741211,5.039038181304932,1800
2015-01-06,8.229999542236328,8.229999542236328,8.229999542236328,8.229999542236328,5.0822649002075195,200
2015-01-07,8.140000343322754,8.229999542236328,8.119999885559082,8.119999885559082,5.014337539672852,4100
2015-01-08,8.119999885559082,8.119999885559082,8.119999885559082,8.119999885559082,5.014337539672852,200
2015-01-09,8.119999885559082,8.119999885559082,8.119999885559082,8.119999885559082,5.014337539672852,0
2015-01-12,8.130000114440918,8.220000267028809,8.119999885559082,8.220000267028809,5.076088905334473,2300
2015-01-13,8.140000343322754,8.220000267028809,8.0,8.0,4.940232753753662,5100
2015-01-14,8.0,8.0,8.0,8.0,4.940232753753662,0
2015-01-15,8.229999542236328,8.229999542236328,7.980000019073486,8.029999732971191,4.958758354187012,2800
2015-01-16,8.079999923706055,8.100000381469727,7.980000019073486,8.029999732971191,4.958758354187012,4400
2015-01-20,8.0,8.0,7.980000019073486,7.980000019073486,4.927882671356201,300
2015-01-21,8.079999923706055,8.09000015258789,8.079999923706055,8.09000015258789,4.9958109855651855,400
2015-01-22,8.010000228881836,8.100000381469727,7.989999771118164,8.09000015258789,4.9958109855651855,4600
2015-01-23,7.980000019073486,8.050000190734863,7.980000019073486,8.050000190734863,4.9711103439331055,2100
2015-01-26,8.09000015258789,8.100000381469727,7.980000019073486,7.989999771118164,4.934057235717773,1100
2015-01-27,7.980000019073486,8.079999923706055,7.96999979019165,8.0,4.940232753753662,13000
2015-01-28,8.050000190734863,8.119999885559082,7.909999847412109,8.119999885559082,5.014337539672852,5600
2015-01-29,8.119999885559082,8.119999885559082,7.940000057220459,8.050000190734863,4.9711103439331055,2100
2015-01-30,7.960000038146973,7.960000038146973,7.909999847412109,7.929999828338623,4.897006511688232,4000
2015-02-02,7.900000095367432,8.100000381469727,7.869999885559082,7.880000114440918,4.866128921508789,11000
2015-02-03,7.929999828338623,8.0,7.880000114440918,7.880000114440918,4.866128921508789,1000
2015-02-04,7.75,8.0,7.630000114440918,7.809999942779541,4.822901725769043,12800
2015-02-05,7.889999866485596,7.889999866485596,7.849999904632568,7.880000114440918,4.866128921508789,3300
2015-02-06,7.949999809265137,8.050000190734863,7.949999809265137,8.050000190734863,4.9711103439331055,4600
2015-02-09,8.050000190734863,8.050000190734863,8.039999961853027,8.050000190734863,4.9711103439331055,2100
2015-02-10,8.0,8.0,8.0,8.0,4.940232753753662,800
2015-02-11,7.920000076293945,7.940000057220459,7.900000095367432,7.900000095367432,4.878480434417725,1400
2015-02-12,8.0600004196167,8.0600004196167,7.989999771118164,7.989999771118164,4.934057235717773,2000
2015-02-13,8.0,8.039999961853027,7.900000095367432,8.0,4.940232753753662,6900
2015-02-17,7.900000095367432,7.900000095367432,7.869999885559082,7.869999885559082,4.859954357147217,1000
2015-02-18,7.949999809265137,7.949999809265137,7.849999904632568,7.940000057220459,4.903181552886963,5300
2015-02-19,7.860000133514404,7.949999809265137,7.860000133514404,7.949999809265137,4.909355640411377,2500
2015-02-20,7.940000057220459,7.980000019073486,7.920000076293945,7.949999809265137,4.909355640411377,3000
2015-02-23,7.940000057220459,8.0,7.849999904632568,7.860000133514404,4.853779315948486,6600
2015-02-24,7.860000133514404,7.980000019073486,7.849999904632568,7.980000019073486,4.927882671356201,7700
2015-02-25,7.860000133514404,8.020000457763672,7.849999904632568,8.020000457763672,4.952584266662598,4500
2015-02-26,7.889999866485596,7.949999809265137,7.889999866485596,7.949999809265137,4.909355640411377,3600
2015-02-27,7.900000095367432,7.900000095367432,7.849999904632568,7.849999904632568,4.847605228424072,3300
2015-03-02,7.889999866485596,8.100000381469727,7.889999866485596,8.0,4.940232753753662,4400
2015-03-03,8.079999923706055,8.09000015258789,7.980000019073486,7.980000019073486,4.927882671356201,6200
2015-03-04,7.989999771118164,8.010000228881836,7.889999866485596,8.0,4.940232753753662,4400
2015-03-05,7.909999847412109,8.050000190734863,7.889999866485596,8.020000457763672,4.952584266662598,13500
2015-03-06,8.039999961853027,8.039999961853027,8.020000457763672,8.039999961853027,5.02128267288208,2200
2015-03-09,8.039999961853027,8.100000381469727,7.849999904632568,7.920000076293945,4.946338653564453,8000
2015-03-10,7.940000057220459,7.989999771118164,7.880000114440918,7.989999771118164,4.990055084228516,5600
2015-03-11,7.860000133514404,7.989999771118164,7.829999923706055,7.900000095367432,4.933847904205322,1500
2015-03-12,7.900000095367432,7.989999771118164,7.78000020980835,7.989999771118164,4.990055084228516,2600
2015-03-13,7.960000038146973,8.0,7.869999885559082,7.869999885559082,4.915111541748047,6100
2015-03-16,7.949999809265137,8.0,7.949999809265137,7.980000019073486,4.983811378479004,1600
2015-03-17,8.0,8.0,7.869999885559082,7.989999771118164,4.990055084228516,4800
2015-03-18,7.869999885559082,8.029999732971191,7.869999885559082,7.989999771118164,4.990055084228516,12200
2015-03-19,7.980000019073486,7.989999771118164,7.900000095367432,7.949999809265137,4.965073108673096,3600
2015-03-20,8.100000381469727,8.100000381469727,7.920000076293945,7.920000076293945,4.946338653564453,2300
2015-03-23,8.020000457763672,8.020000457763672,7.909999847412109,7.949999809265137,4.965073108673096,6500
2015-03-24,8.010000228881836,8.010000228881836,7.869999885559082,7.869999885559082,4.915111541748047,2800
2015-03-25,8.0,8.0,7.989999771118164,8.0,4.99630069732666,5200
2015-03-26,8.0,8.010000228881836,8.0,8.0,4.99630069732666,7000
2015-03-27,8.010000228881836,8.010000228881836,7.989999771118164,8.0,4.99630069732666,3100
2015-03-30,7.989999771118164,7.989999771118164,7.889999866485596,7.900000095367432,4.933847904205322,7700
2015-03-31,7.909999847412109,7.909999847412109,7.900000095367432,7.900000095367432,4.933847904205322,7200
2015-04-01,7.989999771118164,7.989999771118164,7.889999866485596,7.900000095367432,4.933847904205322,3100
2015-04-02,7.880000114440918,7.880000114440918,7.880000114440918,7.880000114440918,4.921356678009033,600
2015-04-06,7.900000095367432,7.900000095367432,7.880000114440918,7.880000114440918,4.921356678009033,2600
2015-04-07,7.880000114440918,7.900000095367432,7.880000114440918,7.880000114440918,4.921356678009033,900
2015-04-08,7.869999885559082,7.900000095367432,7.869999885559082,7.900000095367432,4.933847904205322,1200
2015-04-09,7.880000114440918,7.900000095367432,7.869999885559082,7.900000095367432,4.933847904205322,3100
2015-04-10,7.900000095367432,7.900000095367432,7.800000190734863,7.869999885559082,4.915111541748047,7600
2015-04-13,7.900000095367432,7.900000095367432,7.900000095367432,7.900000095367432,4.933847904205322,200
2015-04-14,7.900000095367432,7.900000095367432,7.809999942779541,7.820000171661377,4.883883953094482,2100
2015-04-15,7.900000095367432,7.900000095367432,7.900000095367432,7.900000095367432,4.933847904205322,7400
2015-04-16,7.800000190734863,7.869999885559082,7.800000190734863,7.869999885559082,4.915111541748047,400
2015-04-17,7.900000095367432,7.900000095367432,7.900000095367432,7.900000095367432,4.933847904205322,100
2015-04-20,7.900000095367432,7.900000095367432,7.809999942779541,7.889999866485596,4.9276018142700195,2500
2015-04-21,7.900000095367432,7.900000095367432,7.849999904632568,7.849999904632568,4.902621746063232,1700
2015-04-22,7.849999904632568,7.849999904632568,7.849999904632568,7.849999904632568,4.902621746063232,0
2015-04-23,7.849999904632568,7.849999904632568,7.849999904632568,7.849999904632568,4.902621746063232,200
2015-04-24,7.849999904632568,7.900000095367432,7.849999904632568,7.900000095367432,4.933847904205322,4000
2015-04-27,7.900000095367432,7.900000095367432,7.860000133514404,7.869999885559082,4.915111541748047,3900
2015-04-28,7.809999942779541,7.900000095367432,7.809999942779541,7.860000133514404,4.908866882324219,9300
2015-04-29,7.900000095367432,7.980000019073486,7.829999923706055,7.829999923706055,4.890130519866943,20800
2015-04-30,7.880000114440918,7.900000095367432,7.849999904632568,7.900000095367432,4.933847904205322,15300
2015-05-01,7.949999809265137,7.949999809265137,7.809999942779541,7.809999942779541,4.877638339996338,12300
2015-05-04,7.900000095367432,8.0,7.889999866485596,7.949999809265137,4.965073108673096,19600
2015-05-05,7.989999771118164,8.029999732971191,7.96999979019165,8.029999732971191,5.015036582946777,11700
2015-05-06,8.029999732971191,8.039999961853027,7.949999809265137,7.980000019073486,4.983811378479004,5900
2015-05-07,8.029999732971191,8.029999732971191,8.029999732971191,8.029999732971191,5.015036582946777,5600
2015-05-08,8.100000381469727,8.100000381469727,7.96999979019165,8.020000457763672,5.008792400360107,3300
2015-05-11,8.119999885559082,8.149999618530273,7.940000057220459,8.0,4.99630069732666,26300
2015-05-12,8.010000228881836,8.180000305175781,8.010000228881836,8.100000381469727,5.058754920959473,6400
2015-05-13,8.100000381469727,8.140000343322754,8.100000381469727,8.140000343322754,5.083737373352051,3200
2015-05-14,8.130000114440918,8.149999618530273,8.069999694824219,8.079999923706055,5.046264171600342,8700
2015-05-15,8.079999923706055,8.15999984741211,8.050000190734863,8.15999984741211,5.096227645874023,4800
2015-05-18,8.130000114440918,8.130000114440918,8.130000114440918,8.130000114440918,5.07749080657959,500
2015-05-19,8.15999984741211,8.220000267028809,8.0600004196167,8.1899995803833,5.114962577819824,12700
2015-05-20,8.199999809265137,8.25,8.0600004196167,8.0600004196167,5.033773899078369,4700
2015-05-21,8.220000267028809,8.229999542236328,8.180000305175781,8.180000305175781,5.108717441558838,3400
2015-05-22,8.199999809265137,8.199999809265137,8.170000076293945,8.199999809265137,5.121206760406494,1900
2015-05-26,8.199999809265137,8.329999923706055,8.199999809265137,8.25,5.152435779571533,12600
2015-05-27,8.369999885559082,8.369999885559082,8.239999771118164,8.239999771118164,5.1461896896362305,3800
2015-05-28,8.34000015258789,8.34000015258789,8.170000076293945,8.170000076293945,5.102473258972168,6600
2015-05-29,8.170000076293945,8.170000076293945,8.170000076293945,8.170000076293945,5.102473258972168,0
2015-06-01,8.279999732971191,8.329999923706055,8.25,8.329999923706055,5.202398300170898,1900
2015-06-02,8.34000015258789,8.449999809265137,8.34000015258789,8.34000015258789,5.208644390106201,800
2015-06-03,8.34000015258789,8.4399995803833,8.25,8.25,5.152435779571533,2100
2015-06-04,8.220000267028809,8.270000457763672,8.220000267028809,8.270000457763672,5.164926528930664,600
2015-06-05,8.25,8.5,8.25,8.3100004196167,5.1899094581604,9200
2015-06-08,8.5,8.5,8.399999618530273,8.5,5.366693496704102,3600
2015-06-09,8.329999923706055,8.5,8.319999694824219,8.319999694824219,5.253044605255127,3900
2015-06-10,8.279999732971191,8.4399995803833,8.270000457763672,8.300000190734863,5.240417957305908,700
2015-06-11,8.380000114440918,8.380000114440918,8.279999732971191,8.279999732971191,5.227790355682373,2000
2015-06-12,8.270000457763672,8.399999618530273,8.270000457763672,8.289999961853027,5.234103679656982,1200
2015-06-15,8.279999732971191,8.279999732971191,8.25,8.25,5.20884895324707,400
2015-06-16,8.399999618530273,8.399999618530273,8.1899995803833,8.289999961853027,5.234103679656982,9800
2015-06-17,8.300000190734863,8.300000190734863,8.300000190734863,8.300000190734863,5.240417957305908,100
2015-06-18,8.489999771118164,8.489999771118164,8.210000038146973,8.239999771118164,5.202536582946777,2900
2015-06-19,8.359999656677246,8.5,8.34000015258789,8.5,5.366693496704102,2200
2015-06-22,8.5,8.5,8.489999771118164,8.5,5.366693496704102,3900
2015-06-23,8.489999771118164,8.489999771118164,8.289999961853027,8.289999961853027,5.234103679656982,4100
2015-06-24,8.420000076293945,8.5,8.420000076293945,8.5,5.366693496704102,3500
2015-06-25,8.350000381469727,8.350000381469727,8.350000381469727,8.350000381469727,5.2719879150390625,400
2015-06-26,8.5,9.5,8.5,9.010000228881836,5.688694000244141,12000
2015-06-29,9.399999618530273,9.399999618530273,8.600000381469727,8.649999618530273,5.461400032043457,6600
2015-06-30,10.170000076293945,10.170000076293945,8.6899995803833,8.970000267028809,5.663440227508545,5600
2015-07-01,8.970000267028809,8.970000267028809,8.970000267028809,8.970000267028809,5.663440227508545,0
2015-07-02,9.399999618530273,9.399999618530273,8.699999809265137,8.699999809265137,5.492969036102295,1800
2015-07-06,8.640000343322754,9.0600004196167,8.489999771118164,8.609999656677246,5.4361443519592285,13100
2015-07-07,8.510000228881836,8.640000343322754,8.4399995803833,8.640000343322754,5.455085754394531,2500
2015-07-08,8.5,8.5600004196167,8.5,8.529999732971191,5.385634899139404,3100
2015-07-09,8.489999771118164,8.489999771118164,8.390000343322754,8.390000343322754,5.297241687774658,1800
2015-07-10,8.479999542236328,8.579999923706055,8.479999542236328,8.579999923706055,5.417202472686768,800
2015-07-13,8.579999923706055,8.579999923706055,8.579999923706055,8.579999923706055,5.417202472686768,0
2015-07-14,8.369999885559082,8.5,8.369999885559082,8.479999542236328,5.354066371917725,4200
2015-07-15,8.380000114440918,8.539999961853027,8.380000114440918,8.539999961853027,5.391949653625488,3100
2015-07-16,8.369999885559082,8.399999618530273,7.699999809265137,7.869999885559082,4.968927383422852,27900
2015-07-17,8.100000381469727,8.539999961853027,7.949999809265137,8.539999961853027,5.391949653625488,5700
2015-07-20,8.279999732971191,8.289999961853027,8.149999618530273,8.149999618530273,5.145710468292236,3400
2015-07-21,8.100000381469727,8.229999542236328,8.100000381469727,8.229999542236328,5.19622278213501,6400
2015-07-22,8.229999542236328,8.539999961853027,8.199999809265137,8.300000190734863,5.240417957305908,9500
2015-07-23,8.390000343322754,8.399999618530273,8.350000381469727,8.399999618530273,5.303556442260742,1900
2015-07-24,8.529999732971191,8.550000190734863,8.199999809265137,8.270000457763672,5.22147798538208,4400
2015-07-27,8.270000457763672,8.270000457763672,8.270000457763672,8.270000457763672,5.22147798538208,0
2015-07-28,8.289999961853027,8.289999961853027,8.289999961853027,8.289999961853027,5.234103679656982,300
2015-07-29,8.289999961853027,8.289999961853027,8.289999961853027,8.289999961853027,5.234103679656982,0
2015-07-30,8.260000228881836,8.40999984741211,8.260000228881836,8.399999618530273,5.303556442260742,900
2015-07-31,8.399999618530273,8.40999984741211,8.399999618530273,8.40999984741211,5.309869289398193,1200
2015-08-03,8.319999694824219,8.390000343322754,8.319999694824219,8.390000343322754,5.297241687774658,1000
2015-08-04,8.390000343322754,8.390000343322754,8.390000343322754,8.390000343322754,5.297241687774658,0
2015-08-05,8.550000190734863,8.550000190734863,8.300000190734863,8.300000190734863,5.240417957305908,2700
2015-08-06,8.300000190734863,8.550000190734863,8.079999923706055,8.550000190734863,5.398262023925781,3400
2015-08-07,8.550000190734863,8.550000190734863,8.550000190734863,8.550000190734863,5.398262023925781,0
2015-08-10,8.289999961853027,8.550000190734863,8.289999961853027,8.40999984741211,5.309869289398193,6800
2015-08-11,8.470000267028809,8.760000228881836,8.470000267028809,8.640000343322754,5.455085754394531,2900
2015-08-12,8.579999923706055,8.59000015258789,8.260000228881836,8.399999618530273,5.303556442260742,2100
2015-08-13,8.369999885559082,8.420000076293945,8.369999885559082,8.40999984741211,5.309869289398193,900
2015-08-14,8.399999618530273,8.449999809265137,8.399999618530273,8.430000305175781,5.322498321533203,4500
2015-08-17,8.430000305175781,8.4399995803833,8.220000267028809,8.319999694824219,5.253044605255127,3300
2015-08-18,8.34000015258789,8.399999618530273,8.329999923706055,8.34000015258789,5.26567268371582,4200
2015-08-19,8.25,8.4399995803833,8.25,8.3100004196167,5.246732234954834,500
2015-08-20,8.199999809265137,8.260000228881836,8.199999809265137,8.260000228881836,5.215163230895996,600
2015-08-21,8.260000228881836,8.260000228881836,8.260000228881836,8.260000228881836,5.215163230895996,0
2015-08-24,8.510000228881836,8.510000228881836,8.25,8.25,5.20884895324707,3000
2015-08-25,8.270000457763672,8.289999961853027,8.260000228881836,8.260000228881836,5.215163230895996,1000
2015-08-26,8.229999542236328,8.289999961853027,8.210000038146973,8.289999961853027,5.234103679656982,1100
2015-08-27,8.289999961853027,8.289999961853027,8.210000038146973,8.210000038146973,5.183595180511475,1100
2015-08-28,8.210000038146973,8.399999618530273,8.210000038146973,8.229999542236328,5.19622278213501,4800
2015-08-31,8.210000038146973,8.210000038146973,8.210000038146973,8.210000038146973,5.183595180511475,600
2015-09-01,8.399999618530273,8.399999618530273,8.210000038146973,8.390000343322754,5.297241687774658,2400
2015-09-02,8.380000114440918,8.380000114440918,8.199999809265137,8.229999542236328,5.19622278213501,8800
2015-09-03,8.109999656677246,8.3100004196167,8.109999656677246,8.3100004196167,5.30474328994751,3300
2015-09-04,8.170000076293945,8.170000076293945,8.109999656677246,8.109999656677246,5.1770710945129395,2000
2015-09-08,8.100000381469727,8.100000381469727,7.909999847412109,7.940000057220459,5.0685505867004395,5100
2015-09-09,7.989999771118164,8.010000228881836,7.920000076293945,7.920000076293945,5.055783748626709,3700
2015-09-10,8.010000228881836,8.149999618530273,8.0,8.149999618530273,5.2026047706604,2400
2015-09-11,8.149999618530273,8.390000343322754,8.0,8.380000114440918,5.349427223205566,4800
2015-09-14,8.130000114440918,8.220000267028809,8.039999961853027,8.0600004196167,5.145153522491455,3000
2015-09-15,8.170000076293945,8.239999771118164,8.079999923706055,8.079999923706055,5.15792179107666,3200
2015-09-16,8.010000228881836,8.029999732971191,7.989999771118164,8.029999732971191,5.126001834869385,6300
2015-09-17,8.039999961853027,8.390000343322754,8.039999961853027,8.390000343322754,5.35581111907959,1600
2015-09-18,8.25,10.899999618530273,8.220000267028809,10.899999618530273,6.958085060119629,94400
2015-09-21,9.25,9.25,8.760000228881836,8.819999694824219,5.63030481338501,39000
2015-09-22,9.199999809265137,9.199999809265137,8.90999984741211,9.149999618530273,5.8409624099731445,5400
2015-09-23,9.0600004196167,9.149999618530273,9.0600004196167,9.119999885559082,5.821810722351074,7900
2015-09-24,9.149999618530273,9.5,9.109999656677246,9.359999656677246,5.975015640258789,13100
2015-09-25,9.4399995803833,9.5,9.010000228881836,9.5,6.064386367797852,8100
2015-09-28,9.4399995803833,9.4399995803833,9.229999542236328,9.34000015258789,5.962251663208008,1100
2015-09-29,9.25,9.5,9.0600004196167,9.25,5.904798984527588,9700
2015-09-30,9.350000381469727,9.350000381469727,8.890000343322754,9.069999694824219,5.78989315032959,1100
2015-10-01,9.199999809265137,9.199999809265137,8.760000228881836,9.0,5.745208263397217,3200
2015-10-02,9.399999618530273,9.399999618530273,9.050000190734863,9.229999542236328,5.892030239105225,800
2015-10-05,9.4399995803833,9.4399995803833,9.079999923706055,9.079999923706055,5.7962775230407715,300
2015-10-06,9.199999809265137,9.199999809265137,9.199999809265137,9.199999809265137,5.872878074645996,300
2015-10-07,9.199999809265137,9.4399995803833,9.199999809265137,9.430000305175781,6.019701957702637,1200
2015-10-08,9.149999618530273,9.369999885559082,9.149999618530273,9.369999885559082,5.981398105621338,500
2015-10-09,9.180000305175781,9.180000305175781,9.180000305175781,9.180000305175781,5.860114097595215,100
2015-10-12,9.300000190734863,9.300000190734863,9.300000190734863,9.300000190734863,5.936715126037598,400
2015-10-13,9.4399995803833,9.4399995803833,9.4399995803833,9.4399995803833,6.0260844230651855,200
2015-10-14,9.4399995803833,9.4399995803833,9.4399995803833,9.4399995803833,6.0260844230651855,200
2015-10-15,9.199999809265137,9.5,9.199999809265137,9.5,6.064386367797852,1600
2015-10-16,9.399999618530273,9.399999618530273,9.15999984741211,9.199999809265137,5.872878074645996,3700
2015-10-19,9.300000190734863,9.300000190734863,9.300000190734863,9.300000190734863,5.936715126037598,600
2015-10-20,9.300000190734863,9.300000190734863,9.300000190734863,9.300000190734863,5.936715126037598,0
2015-10-21,9.0,9.0,8.84000015258789,8.899999618530273,5.6813740730285645,2200
2015-10-22,8.899999618530273,8.899999618530273,8.899999618530273,8.899999618530273,5.6813740730285645,0
2015-10-23,8.84000015258789,8.84000015258789,8.84000015258789,8.84000015258789,5.64307165145874,400
2015-10-26,8.850000381469727,9.029999732971191,8.65999984741211,9.029999732971191,5.764358997344971,2300
2015-10-27,9.029999732971191,9.029999732971191,8.510000228881836,8.649999618530273,5.521783351898193,1300
2015-10-28,8.649999618530273,8.649999618530273,8.649999618530273,8.649999618530273,5.521783351898193,0
2015-10-29,8.649999618530273,8.649999618530273,8.649999618530273,8.649999618530273,5.521783351898193,0
2015-10-30,8.739999771118164,8.739999771118164,8.739999771118164,8.739999771118164,5.579236030578613,200
2015-11-02,8.880000114440918,8.9399995803833,8.800000190734863,8.800000190734863,5.6175360679626465,900
2015-11-03,8.84000015258789,8.84000015258789,8.600000381469727,8.680000305175781,5.540934085845947,6400
2015-11-04,8.640000343322754,8.640000343322754,8.630000114440918,8.630000114440918,5.5090179443359375,1200
2015-11-05,8.630000114440918,8.630000114440918,8.630000114440918,8.630000114440918,5.5090179443359375,0
2015-11-06,8.770000457763672,8.84000015258789,8.770000457763672,8.84000015258789,5.64307165145874,900
2015-11-09,8.760000228881836,8.760000228881836,8.649999618530273,8.720000267028809,5.566468238830566,700
2015-11-10,8.800000190734863,8.920000076293945,8.800000190734863,8.899999618530273,5.6813740730285645,2400
2015-11-11,9.0,9.239999771118164,9.0,9.239999771118164,5.898414611816406,500
2015-11-12,9.0,9.0,9.0,9.0,5.745208263397217,300
2015-11-13,8.920000076293945,8.920000076293945,8.130000114440918,8.149999618530273,5.2026047706604,19200
2015-11-16,8.40999984741211,8.600000381469727,8.40999984741211,8.600000381469727,5.489865779876709,1200
2015-11-17,8.569999694824219,8.649999618530273,8.550000190734863,8.59000015258789,5.483483791351318,4500
2015-11-18,8.920000076293945,8.920000076293945,8.270000457763672,8.359999656677246,5.336661338806152,3100
2015-11-19,8.630000114440918,8.9399995803833,8.630000114440918,8.869999885559082,5.662221431732178,3000
2015-11-20,9.15999984741211,9.15999984741211,8.460000038146973,8.640000343322754,5.515400409698486,7600
2015-11-23,8.699999809265137,9.029999732971191,8.699999809265137,9.029999732971191,5.764358997344971,1200
2015-11-24,9.149999618530273,9.15999984741211,9.100000381469727,9.100000381469727,5.809044361114502,1100
2015-11-25,9.270000457763672,9.270000457763672,9.270000457763672,9.270000457763672,5.917564868927002,400
2015-11-27,9.270000457763672,9.470000267028809,8.34000015258789,8.989999771118164,5.738824367523193,3900
2015-11-30,9.100000381469727,9.149999618530273,8.960000038146973,8.979999542236328,5.732440948486328,2400
2015-12-01,9.09000015258789,9.1899995803833,9.09000015258789,9.1899995803833,5.866496562957764,1500
2015-12-02,9.210000038146973,9.420000076293945,9.0,9.15999984741211,5.847345352172852,4700
2015-12-03,9.479999542236328,9.479999542236328,9.369999885559082,9.369999885559082,5.981398105621338,1000
2015-12-04,9.479999542236328,9.489999771118164,8.869999885559082,9.399999618530273,6.09817361831665,5300
2015-12-07,8.899999618530273,9.319999694824219,8.760000228881836,8.760000228881836,5.682978630065918,6400
2015-12-08,9.149999618530273,9.25,8.880000114440918,9.239999771118164,5.994375705718994,7400
2015-12-09,9.399999618530273,9.399999618530273,8.850000381469727,9.020000457763672,5.8516526222229,1100
2015-12-10,9.020000457763672,9.020000457763672,9.020000457763672,9.020000457763672,5.8516526222229,1100
2015-12-11,9.109999656677246,9.390000343322754,8.760000228881836,9.390000343322754,6.091686248779297,2500
2015-12-14,9.149999618530273,9.220000267028809,9.100000381469727,9.100000381469727,5.9035515785217285,1500
2015-12-15,9.3100004196167,9.399999618530273,9.289999961853027,9.369999885559082,6.078710079193115,1300
2015-12-16,9.199999809265137,9.199999809265137,8.869999885559082,8.880000114440918,5.760828495025635,3900
2015-12-17,9.390000343322754,9.390000343322754,8.899999618530273,8.899999618530273,5.773804187774658,500
2015-12-18,9.140000343322754,9.489999771118164,9.140000343322754,9.489999771118164,6.156558513641357,3700
2015-12-21,9.239999771118164,9.239999771118164,9.069999694824219,9.229999542236328,5.987888336181641,3300
2015-12-22,9.369999885559082,9.5,9.140000343322754,9.470000267028809,6.143585681915283,5200
2015-12-23,9.180000305175781,9.4399995803833,9.180000305175781,9.4399995803833,6.1241230964660645,9400
2015-12-24,9.449999809265137,9.5,9.210000038146973,9.489999771118164,6.156558513641357,6700
2015-12-28,9.4399995803833,9.4399995803833,9.399999618530273,9.399999618530273,6.09817361831665,2200
2015-12-29,9.4399995803833,9.479999542236328,9.420000076293945,9.479999542236328,6.150074005126953,2400
2015-12-30,9.550000190734863,9.75,9.5,9.5,6.1630473136901855,3300
2015-12-31,9.65999984741211,9.65999984741211,9.420000076293945,9.59000015258789,6.221436023712158,4400
2016-01-04,9.680000305175781,9.75,9.550000190734863,9.550000190734863,6.195487022399902,7400
2016-01-05,9.5,9.5,9.15999984741211,9.15999984741211,5.942475318908691,4600
2016-01-06,9.359999656677246,9.550000190734863,8.8100004196167,9.0,5.8386759757995605,5600
2016-01-07,9.270000457763672,9.399999618530273,9.100000381469727,9.399999618530273,6.09817361831665,2000
2016-01-08,9.350000381469727,9.350000381469727,9.350000381469727,9.350000381469727,6.065738201141357,300
2016-01-11,9.229999542236328,9.229999542236328,9.229999542236328,9.229999542236328,5.987888336181641,200
2016-01-12,9.140000343322754,9.140000343322754,9.140000343322754,9.140000343322754,5.929501056671143,100
2016-01-13,9.140000343322754,9.140000343322754,9.140000343322754,9.140000343322754,5.929501056671143,0
2016-01-14,9.140000343322754,9.140000343322754,9.140000343322754,9.140000343322754,5.929501056671143,0
2016-01-15,9.430000305175781,9.430000305175781,9.430000305175781,9.430000305175781,6.117636203765869,200
2016-01-19,9.270000457763672,9.270000457763672,9.270000457763672,9.270000457763672,6.013837814331055,1300
2016-01-20,9.40999984741211,9.40999984741211,9.050000190734863,9.050000190734863,5.871115684509277,900
2016-01-21,9.050000190734863,9.069999694824219,9.050000190734863,9.069999694824219,5.884088039398193,1100
2016-01-22,9.359999656677246,9.359999656677246,9.199999809265137,9.199999809265137,5.968424320220947,800
2016-01-25,9.050000190734863,9.050000190734863,9.050000190734863,9.050000190734863,5.871115684509277,500
2016-01-26,9.0600004196167,9.0600004196167,9.0600004196167,9.0600004196167,5.877601623535156,1700
2016-01-27,9.210000038146973,9.210000038146973,9.050000190734863,9.050000190734863,5.871115684509277,2600
2016-01-28,9.279999732971191,9.279999732971191,9.050000190734863,9.050000190734863,5.871115684509277,2000
2016-01-29,9.0600004196167,9.279999732971191,9.010000228881836,9.039999961853027,5.864626884460449,6100
2016-02-01,9.0,9.0,8.800000190734863,8.800000190734863,5.708927631378174,1400
2016-02-02,8.949999809265137,8.960000038146973,8.920000076293945,8.960000038146973,5.812727928161621,2100
2016-02-03,9.0,9.0,9.0,9.0,5.8386759757995605,1200
2016-02-04,9.0,9.199999809265137,9.0,9.0,5.8386759757995605,2500
2016-02-05,9.0,9.0,9.0,9.0,5.8386759757995605,0
2016-02-08,9.0,9.0,9.0,9.0,5.8386759757995605,0
2016-02-09,9.0,9.0,9.0,9.0,5.8386759757995605,0
2016-02-10,9.199999809265137,9.199999809265137,9.199999809265137,9.199999809265137,5.968424320220947,200
2016-02-11,9.029999732971191,9.029999732971191,9.029999732971191,9.029999732971191,5.8581390380859375,600
2016-02-12,9.029999732971191,9.069999694824219,9.029999732971191,9.069999694824219,5.884088039398193,1300
2016-02-16,9.170000076293945,9.170000076293945,9.170000076293945,9.170000076293945,5.948964595794678,400
2016-02-17,9.170000076293945,9.210000038146973,9.020000457763672,9.100000381469727,5.9035515785217285,2600
2016-02-18,9.149999618530273,9.15999984741211,9.149999618530273,9.15999984741211,5.942475318908691,600
2016-02-19,9.170000076293945,9.369999885559082,9.170000076293945,9.369999885559082,6.078710079193115,2200
2016-02-22,9.050000190734863,9.069999694824219,9.050000190734863,9.069999694824219,5.884088039398193,400
2016-02-23,9.069999694824219,9.069999694824219,9.069999694824219,9.069999694824219,5.884088039398193,0
2016-02-24,9.09000015258789,9.09000015258789,9.010000228881836,9.010000228881836,5.845163345336914,5000
2016-02-25,9.020000457763672,9.029999732971191,9.020000457763672,9.020000457763672,5.8516526222229,900
2016-02-26,9.020000457763672,9.020000457763672,9.0,9.0,5.8386759757995605,3200
2016-02-29,9.130000114440918,9.130000114440918,8.880000114440918,8.880000114440918,5.760828495025635,4000
2016-03-01,9.390000343322754,9.390000343322754,8.920000076293945,9.0,5.8386759757995605,6200
2016-03-02,8.920000076293945,9.34000015258789,8.920000076293945,8.960000038146973,5.812727928161621,4500
2016-03-03,8.920000076293945,9.25,8.920000076293945,9.050000190734863,5.871115684509277,2800
2016-03-04,9.170000076293945,9.239999771118164,9.15999984741211,9.15999984741211,6.008872032165527,1800
2016-03-07,9.15999984741211,9.199999809265137,9.15999984741211,9.199999809265137,6.035112380981445,600
2016-03-08,9.1899995803833,9.1899995803833,9.09000015258789,9.09000015258789,5.962952613830566,1500
2016-03-09,9.050000190734863,9.15999984741211,9.050000190734863,9.15999984741211,6.008872032165527,500
2016-03-10,9.069999694824219,9.34000015258789,9.069999694824219,9.180000305175781,6.0219926834106445,1200
2016-03-11,9.289999961853027,9.390000343322754,9.180000305175781,9.1899995803833,6.02855110168457,1600
2016-03-14,9.210000038146973,9.210000038146973,9.210000038146973,9.210000038146973,6.041670322418213,400
2016-03-15,9.3100004196167,9.3100004196167,9.029999732971191,9.199999809265137,6.035112380981445,1300
2016-03-16,9.199999809265137,9.199999809265137,9.199999809265137,9.199999809265137,6.035112380981445,0
2016-03-17,9.380000114440918,9.380000114440918,9.34000015258789,9.34000015258789,6.126952171325684,500
2016-03-18,9.369999885559082,9.390000343322754,9.34000015258789,9.380000114440918,6.153191566467285,5600
2016-03-21,9.390000343322754,9.390000343322754,8.720000267028809,9.25,6.067911624908447,5300
2016-03-22,9.25,9.25,9.25,9.25,6.067911624908447,0
2016-03-23,9.350000381469727,9.449999809265137,9.350000381469727,9.449999809265137,6.199111461639404,8800
2016-03-24,9.449999809265137,9.449999809265137,9.449999809265137,9.449999809265137,6.199111461639404,2800
2016-03-28,9.449999809265137,9.449999809265137,9.350000381469727,9.350000381469727,6.133512496948242,500
2016-03-29,9.260000228881836,9.260000228881836,9.069999694824219,9.069999694824219,5.949831962585449,700
2016-03-30,9.069999694824219,9.069999694824219,9.069999694824219,9.069999694824219,5.949831962585449,0
2016-03-31,9.399999618530273,9.399999618530273,9.069999694824219,9.069999694824219,5.949831962585449,2300
2016-04-01,9.350000381469727,9.390000343322754,9.220000267028809,9.220000267028809,6.048232555389404,600
2016-04-04,9.149999618530273,9.449999809265137,9.140000343322754,9.140000343322754,5.995753288269043,5100
2016-04-05,9.140000343322754,9.140000343322754,9.140000343322754,9.140000343322754,5.995753288269043,0
2016-04-06,9.020000457763672,9.1899995803833,9.020000457763672,9.1899995803833,6.02855110168457,300
2016-04-07,9.25,9.25,9.15999984741211,9.15999984741211,6.008872032165527,500
2016-04-08,9.100000381469727,9.100000381469727,8.90999984741211,9.020000457763672,5.917035102844238,4000
2016-04-11,9.020000457763672,9.300000190734863,9.020000457763672,9.199999809265137,6.035112380981445,33000
2016-04-12,9.1899995803833,9.25,9.1899995803833,9.25,6.067911624908447,800
2016-04-13,9.109999656677246,9.4399995803833,9.109999656677246,9.180000305175781,6.0219926834106445,1900
2016-04-14,9.199999809265137,9.25,9.199999809265137,9.25,6.067911624908447,1800
2016-04-15,9.239999771118164,9.25,9.0600004196167,9.0600004196167,5.943272590637207,4100
2016-04-18,9.430000305175781,9.430000305175781,9.25,9.25,6.067911624908447,1100
2016-04-19,9.3100004196167,9.3100004196167,9.3100004196167,9.3100004196167,6.107271194458008,300
2016-04-20,9.430000305175781,9.430000305175781,9.430000305175781,9.430000305175781,6.185988426208496,200
2016-04-21,9.430000305175781,9.430000305175781,9.430000305175781,9.430000305175781,6.185988426208496,0
2016-04-22,9.329999923706055,9.329999923706055,9.180000305175781,9.180000305175781,6.0219926834106445,2900
2016-04-25,9.180000305175781,9.609999656677246,9.180000305175781,9.510000228881836,6.238471031188965,10200
2016-04-26,9.180000305175781,9.5,9.180000305175781,9.5,6.231910228729248,1100
2016-04-27,9.5,9.699999809265137,9.5,9.569999694824219,6.277829647064209,4400
2016-04-28,9.75,9.75,9.5,9.600000381469727,6.297509670257568,5500
2016-04-29,9.600000381469727,9.729999542236328,9.600000381469727,9.609999656677246,6.304068088531494,1400
2016-05-02,9.710000038146973,9.75,9.6899995803833,9.699999809265137,6.363106727600098,1300
2016-05-03,9.65999984741211,9.75,9.600000381469727,9.600000381469727,6.297509670257568,1100
2016-05-04,9.619999885559082,9.720000267028809,9.600000381469727,9.699999809265137,6.363106727600098,1700
2016-05-05,9.75,9.75,9.729999542236328,9.729999542236328,6.382787227630615,7800
2016-05-06,9.600000381469727,9.699999809265137,9.600000381469727,9.649999618530273,6.33030891418457,7100
2016-05-09,9.649999618530273,9.649999618530273,9.649999618530273,9.649999618530273,6.33030891418457,0
2016-05-10,9.75,9.760000228881836,9.729999542236328,9.729999542236328,6.382787227630615,12400
2016-05-11,9.75,9.760000228881836,9.65999984741211,9.75,6.395908832550049,4400
2016-05-12,9.819999694824219,9.890000343322754,9.65999984741211,9.65999984741211,6.3368682861328125,4700
2016-05-13,9.819999694824219,9.819999694824219,9.75,9.75,6.395908832550049,2500
2016-05-16,9.75,9.75,9.699999809265137,9.75,6.395908832550049,1600
2016-05-17,9.75,9.949999809265137,9.75,9.760000228881836,6.402467727661133,5500
2016-05-18,9.869999885559082,9.869999885559082,9.229999542236328,9.329999923706055,6.120391368865967,14800
2016-05-19,9.869999885559082,9.869999885559082,9.619999885559082,9.720000267028809,6.376226902008057,1800
2016-05-20,9.5600004196167,9.75,9.329999923706055,9.329999923706055,6.120391368865967,3500
2016-05-23,9.329999923706055,9.710000038146973,9.329999923706055,9.369999885559082,6.1466288566589355,5300
2016-05-24,9.579999923706055,9.6899995803833,9.579999923706055,9.619999885559082,6.310628414154053,800
2016-05-25,9.75,9.75,9.600000381469727,9.600000381469727,6.297509670257568,1600
2016-05-26,9.699999809265137,9.699999809265137,9.699999809265137,9.699999809265137,6.363106727600098,1400
2016-05-27,9.739999771118164,9.739999771118164,9.699999809265137,9.739999771118164,6.389347076416016,3700
2016-05-31,9.850000381469727,9.880000114440918,9.84000015258789,9.880000114440918,6.481186866760254,2000
2016-06-01,9.920000076293945,9.920000076293945,9.859999656677246,9.920000076293945,6.507424831390381,3600
2016-06-02,9.920000076293945,10.0,9.890000343322754,9.890000343322754,6.48774528503418,5500
2016-06-03,9.890000343322754,9.920000076293945,9.890000343322754,9.899999618530273,6.49430513381958,4100
2016-06-06,9.899999618530273,9.920000076293945,9.760000228881836,9.920000076293945,6.507424831390381,6300
2016-06-07,9.949999809265137,9.949999809265137,9.8100004196167,9.9399995803833,6.520544528961182,4900
2016-06-08,9.90999984741211,9.920000076293945,9.90999984741211,9.90999984741211,6.566929817199707,2200
2016-06-09,9.949999809265137,9.949999809265137,9.609999656677246,9.75,6.460906028747559,4900
2016-06-10,9.75,9.75,9.569999694824219,9.75,6.460906028747559,2600
2016-06-13,9.680000305175781,9.699999809265137,9.520000457763672,9.569999694824219,6.34162712097168,2400
2016-06-14,9.5,9.859999656677246,9.5,9.800000190734863,6.494039058685303,6500
2016-06-15,9.800000190734863,9.800000190734863,9.550000190734863,9.550000190734863,6.328375339508057,1400
2016-06-16,9.800000190734863,9.800000190734863,9.6899995803833,9.800000190734863,6.494039058685303,3900
2016-06-17,9.890000343322754,9.890000343322754,9.649999618530273,9.84000015258789,6.520545482635498,11100
2016-06-20,9.899999618530273,9.949999809265137,9.75,9.75,6.460906028747559,14700
2016-06-21,9.920000076293945,9.949999809265137,9.8100004196167,9.8100004196167,6.500665664672852,87300
2016-06-22,9.989999771118164,10.0,9.989999771118164,10.0,6.626569747924805,400
2016-06-23,9.90999984741211,9.970000267028809,9.899999618530273,9.899999618530273,6.560303211212158,4100
2016-06-24,9.970000267028809,10.0,9.640000343322754,9.899999618530273,6.560303211212158,12600
2016-06-27,10.0,10.0,9.770000457763672,9.920000076293945,6.573558807373047,2400
2016-06-28,9.789999961853027,9.8100004196167,9.789999961853027,9.8100004196167,6.500665664672852,1600
2016-06-29,9.899999618530273,9.9399995803833,9.899999618530273,9.9399995803833,6.586811065673828,1300
2016-06-30,9.899999618530273,9.949999809265137,9.770000457763672,9.770000457763672,6.474160194396973,1100
2016-07-01,9.84000015258789,9.84000015258789,9.84000015258789,9.84000015258789,6.520545482635498,200
2016-07-05,9.779999732971191,9.850000381469727,9.760000228881836,9.850000381469727,6.527170658111572,700
2016-07-06,9.8100004196167,9.930000305175781,9.8100004196167,9.930000305175781,6.580185413360596,1700
2016-07-07,9.800000190734863,9.859999656677246,9.770000457763672,9.84000015258789,6.520545482635498,1400
2016-07-08,9.859999656677246,9.930000305175781,9.859999656677246,9.930000305175781,6.580185413360596,300
2016-07-11,9.829999923706055,9.829999923706055,9.829999923706055,9.829999923706055,6.513917446136475,100
2016-07-12,9.9399995803833,9.9399995803833,9.9399995803833,9.9399995803833,6.586811065673828,600
2016-07-13,9.770000457763672,9.819999694824219,9.770000457763672,9.819999694824219,6.5072922706604,3500
2016-07-14,9.819999694824219,9.819999694824219,9.819999694824219,9.819999694824219,6.5072922706604,0
2016-07-15,9.9399995803833,9.9399995803833,9.75,9.779999732971191,6.480784893035889,6600
2016-07-18,9.770000457763672,9.770000457763672,9.770000457763672,9.770000457763672,6.474160194396973,100
2016-07-19,9.789999961853027,9.789999961853027,9.789999961853027,9.789999961853027,6.487411975860596,400
2016-07-20,9.84000015258789,9.84000015258789,9.84000015258789,9.84000015258789,6.520545482635498,1100
2016-07-21,9.920000076293945,9.920000076293945,9.920000076293945,9.920000076293945,6.573558807373047,400
2016-07-22,9.920000076293945,9.920000076293945,9.920000076293945,9.920000076293945,6.573558807373047,0
2016-07-25,9.899999618530273,10.25,9.850000381469727,10.220000267028809,6.772355556488037,66700
2016-07-26,10.229999542236328,10.229999542236328,9.930000305175781,9.970000267028809,6.606692314147949,2800
2016-07-27,10.0,10.0,9.930000305175781,9.949999809265137,6.593437671661377,900
2016-07-28,9.880000114440918,10.0,9.880000114440918,10.0,6.626569747924805,3800
2016-07-29,10.0,10.170000076293945,10.0,10.09000015258789,6.686212062835693,6900
2016-08-01,10.0,10.0,10.0,10.0,6.626569747924805,400
2016-08-02,10.149999618530273,10.149999618530273,10.0,10.0,6.626569747924805,3000
2016-08-03,10.119999885559082,10.119999885559082,10.069999694824219,10.069999694824219,6.672954082489014,300
2016-08-04,10.140000343322754,10.140000343322754,9.859999656677246,9.90999984741211,6.566929817199707,7700
2016-08-05,9.920000076293945,10.0600004196167,9.920000076293945,9.949999809265137,6.593437671661377,1500
2016-08-08,9.90999984741211,9.90999984741211,9.90999984741211,9.90999984741211,6.566929817199707,200
2016-08-09,9.979999542236328,9.979999542236328,9.930000305175781,9.930000305175781,6.580185413360596,1500
2016-08-10,9.970000267028809,9.970000267028809,9.970000267028809,9.970000267028809,6.606692314147949,200
2016-08-11,9.9399995803833,9.9399995803833,9.9399995803833,9.9399995803833,6.586811065673828,1000
2016-08-12,10.0,10.0,10.0,10.0,6.626569747924805,400
2016-08-15,10.0,10.0,10.0,10.0,6.626569747924805,1400
2016-08-16,9.850000381469727,10.0,9.850000381469727,9.9399995803833,6.586811065673828,2900
2016-08-17,9.949999809265137,9.949999809265137,9.920000076293945,9.920000076293945,6.573558807373047,4300
2016-08-18,9.949999809265137,9.949999809265137,9.949999809265137,9.949999809265137,6.593437671661377,1900
2016-08-19,10.0,10.0,9.949999809265137,9.970000267028809,6.606692314147949,3200
2016-08-22,10.0,10.0,9.960000038146973,10.0,6.626569747924805,6100
2016-08-23,9.899999618530273,10.1899995803833,9.899999618530273,10.09000015258789,6.686212062835693,17200
2016-08-24,10.100000381469727,10.239999771118164,10.09000015258789,10.180000305175781,6.745846748352051,4900
2016-08-25,10.170000076293945,10.180000305175781,10.0,10.100000381469727,6.692834854125977,7600
2016-08-26,9.989999771118164,9.989999771118164,9.989999771118164,9.989999771118164,6.6199421882629395,1500
2016-08-29,10.09000015258789,10.149999618530273,10.09000015258789,10.140000343322754,6.7193450927734375,3100
2016-08-30,10.149999618530273,10.149999618530273,10.050000190734863,10.069999694824219,6.672954082489014,4900
2016-08-31,10.069999694824219,10.140000343322754,10.069999694824219,10.140000343322754,6.7193450927734375,2100
2016-09-01,10.149999618530273,11.229999542236328,10.119999885559082,10.449999809265137,6.9247660636901855,30100
2016-09-02,10.75,11.350000381469727,10.75,10.859999656677246,7.196454048156738,14800
2016-09-06,10.989999771118164,11.25,10.399999618530273,10.5,6.95789909362793,11300
2016-09-07,10.380000114440918,11.199999809265137,10.380000114440918,10.5,7.031561374664307,7600
2016-09-08,10.520000457763672,10.800000190734863,10.520000457763672,10.800000190734863,7.232464790344238,3700
2016-09-09,10.649999618530273,10.829999923706055,10.470000267028809,10.800000190734863,7.232464790344238,2700
2016-09-12,10.649999618530273,10.9399995803833,10.550000190734863,10.890000343322754,7.292734146118164,1400
2016-09-13,10.890000343322754,10.890000343322754,10.890000343322754,10.890000343322754,7.292734146118164,0
2016-09-14,10.760000228881836,10.899999618530273,10.720000267028809,10.720000267028809,7.178890228271484,1100
2016-09-15,10.880000114440918,10.880000114440918,10.510000228881836,10.779999732971191,7.219071388244629,2900
2016-09-16,10.890000343322754,11.300000190734863,10.65999984741211,11.300000190734863,7.567299842834473,7600
2016-09-19,11.289999961853027,11.289999961853027,10.5600004196167,10.75,7.198980331420898,1600
2016-09-20,10.75,10.989999771118164,10.649999618530273,10.800000190734863,7.232464790344238,17400
2016-09-21,10.90999984741211,11.1899995803833,10.850000381469727,10.899999618530273,7.299429893493652,8300
2016-09-22,11.039999961853027,11.079999923706055,10.90999984741211,10.90999984741211,7.306128025054932,2400
2016-09-23,11.149999618530273,11.199999809265137,10.75,10.75,7.198980331420898,13600
2016-09-26,10.920000076293945,11.300000190734863,10.899999618530273,11.170000076293945,7.480243682861328,4400
2016-09-27,11.130000114440918,11.149999618530273,10.949999809265137,11.149999618530273,7.466851234436035,1900
2016-09-28,11.25,11.25,11.069999694824219,11.109999656677246,7.440064430236816,1400
2016-09-29,10.989999771118164,10.989999771118164,10.899999618530273,10.899999618530273,7.299429893493652,2300
2016-09-30,10.90999984741211,10.90999984741211,10.880000114440918,10.880000114440918,7.286038398742676,1100
2016-10-03,11.130000114440918,11.130000114440918,10.75,10.800000190734863,7.232464790344238,1500
2016-10-04,10.670000076293945,11.100000381469727,10.550000190734863,10.949999809265137,7.332915306091309,2300
2016-10-05,10.949999809265137,10.949999809265137,10.949999809265137,10.949999809265137,7.332915306091309,0
2016-10-06,10.9399995803833,11.09000015258789,10.710000038146973,10.859999656677246,7.272643566131592,3100
2016-10-07,11.010000228881836,11.010000228881836,10.859999656677246,11.0,7.366400241851807,900
2016-10-10,10.859999656677246,10.859999656677246,10.859999656677246,10.859999656677246,7.272643566131592,900
2016-10-11,10.859999656677246,10.859999656677246,10.859999656677246,10.859999656677246,7.272643566131592,0
2016-10-12,10.770000457763672,10.770000457763672,10.770000457763672,10.770000457763672,7.212374210357666,500
2016-10-13,10.5600004196167,11.100000381469727,10.5600004196167,10.850000381469727,7.26594877243042,1400
2016-10-14,11.119999885559082,11.119999885559082,10.930000305175781,10.930000305175781,7.319521903991699,2200
2016-10-17,10.479999542236328,10.819999694824219,10.350000381469727,10.819999694824219,7.245859146118164,3500
2016-10-18,10.760000228881836,10.760000228881836,10.399999618530273,10.5,7.031561374664307,3700
2016-10-19,10.739999771118164,10.739999771118164,10.739999771118164,10.739999771118164,7.192283630371094,100
2016-10-20,11.0,11.0,11.0,11.0,7.366400241851807,500
2016-10-21,11.0,11.0,10.600000381469727,10.600000381469727,7.098530292510986,500
2016-10-24,10.729999542236328,10.729999542236328,10.550000190734863,10.550000190734863,7.065047740936279,1000
2016-10-25,10.5,10.600000381469727,10.449999809265137,10.449999809265137,6.9980788230896,1800
2016-10-26,10.449999809265137,10.449999809265137,10.449999809265137,10.449999809265137,6.9980788230896,0
2016-10-27,10.800000190734863,10.800000190734863,10.800000190734863,10.800000190734863,7.232464790344238,700
2016-10-28,10.829999923706055,10.829999923706055,10.640000343322754,10.640000343322754,7.1253180503845215,600
2016-10-31,10.880000114440918,10.899999618530273,10.699999809265137,10.699999809265137,7.165495872497559,800
2016-11-01,10.699999809265137,10.699999809265137,10.699999809265137,10.699999809265137,7.165495872497559,0
2016-11-02,10.699999809265137,10.699999809265137,10.699999809265137,10.699999809265137,7.165495872497559,0
2016-11-03,10.699999809265137,10.699999809265137,10.699999809265137,10.699999809265137,7.165495872497559,0
2016-11-04,10.5,10.75,10.449999809265137,10.449999809265137,6.9980788230896,1500
2016-11-07,10.510000228881836,10.539999961853027,10.5,10.539999961853027,7.058349132537842,2600
2016-11-08,10.75,10.75,10.75,10.75,7.198980331420898,200
2016-11-09,10.649999618530273,10.75,10.649999618530273,10.75,7.198980331420898,1100
2016-11-10,10.5,10.619999885559082,10.5,10.619999885559082,7.111923694610596,500
2016-11-11,10.649999618530273,10.899999618530273,10.649999618530273,10.899999618530273,7.299429893493652,1900
2016-11-14,11.100000381469727,11.100000381469727,10.949999809265137,10.949999809265137,7.332915306091309,1500
2016-11-15,10.850000381469727,11.25,10.699999809265137,11.149999618530273,7.466851234436035,1800
2016-11-16,11.25,11.25,10.569999694824219,10.800000190734863,7.232464790344238,3000
2016-11-17,10.800000190734863,11.010000228881836,10.800000190734863,11.010000228881836,7.373092174530029,3400
2016-11-18,11.050000190734863,11.350000381469727,11.050000190734863,11.350000381469727,7.600786209106445,2000
2016-11-21,11.350000381469727,11.350000381469727,11.050000190734863,11.329999923706055,7.587391376495361,7600
2016-11-22,11.350000381469727,11.899999618530273,11.350000381469727,11.800000190734863,7.902138710021973,15800
2016-11-23,11.850000381469727,12.399999618530273,11.84000015258789,12.25,8.203489303588867,8100
2016-11-25,12.399999618530273,12.399999618530273,12.100000381469727,12.100000381469727,8.103039741516113,2200
2016-11-28,12.5,12.5,12.149999618530273,12.199999809265137,8.17000675201416,6700
2016-11-29,12.210000038146973,12.380000114440918,12.15999984741211,12.199999809265137,8.17000675201416,5700
2016-11-30,12.199999809265137,12.25,12.149999618530273,12.199999809265137,8.17000675201416,12100
2016-12-01,12.100000381469727,12.350000381469727,11.8100004196167,12.199999809265137,8.17000675201416,6700
2016-12-02,12.300000190734863,12.5,12.149999618530273,12.449999809265137,8.337424278259277,2100
2016-12-05,12.5,12.5,12.25,12.300000190734863,8.236971855163574,12000
2016-12-06,12.5,12.800000190734863,12.449999809265137,12.699999809265137,8.504844665527344,15800
2016-12-07,15.25,15.25,12.149999618530273,13.300000190734863,9.020288467407227,21900
2016-12-08,13.149999618530273,13.5,12.449999809265137,12.899999618530273,8.749002456665039,9000
2016-12-09,12.600000381469727,13.020000457763672,12.550000190734863,12.75,8.64726734161377,10100
2016-12-12,12.859999656677246,12.859999656677246,12.569999694824219,12.649999618530273,8.579445838928223,4300
2016-12-13,12.649999618530273,13.399999618530273,12.649999618530273,13.300000190734863,9.020288467407227,6400
2016-12-14,13.0,13.300000190734863,12.699999809265137,12.75,8.64726734161377,4500
2016-12-15,12.800000190734863,13.100000381469727,12.800000190734863,13.100000381469727,8.884644508361816,3100
2016-12-16,13.100000381469727,13.100000381469727,12.699999809265137,12.75,8.64726734161377,4000
2016-12-19,12.75,12.8100004196167,12.680000305175781,12.75,8.64726734161377,7300
2016-12-20,12.899999618530273,13.300000190734863,12.899999618530273,13.25,8.986374855041504,7200
2016-12-21,13.300000190734863,13.449999809265137,13.300000190734863,13.449999809265137,9.122018814086914,2700
2016-12-22,13.449999809265137,13.5,13.100000381469727,13.5,9.155932426452637,1700
2016-12-23,13.010000228881836,13.5,13.010000228881836,13.5,9.155932426452637,3600
2016-12-27,13.5,13.5,13.319999694824219,13.5,9.155932426452637,700
2016-12-28,13.5,13.5,13.449999809265137,13.449999809265137,9.122018814086914,600
2016-12-29,13.5,13.5,13.420000076293945,13.420000076293945,9.101672172546387,1100
2016-12-30,13.5,13.5,13.25,13.5,9.155932426452637,2100
2017-01-03,13.350000381469727,13.350000381469727,13.350000381469727,13.350000381469727,9.054197311401367,400
2017-01-04,13.449999809265137,13.449999809265137,13.25,13.350000381469727,9.054197311401367,4100
2017-01-05,13.449999809265137,13.449999809265137,13.1899995803833,13.1899995803833,8.945683479309082,2600
2017-01-06,13.350000381469727,13.350000381469727,13.130000114440918,13.210000038146973,8.959249496459961,1200
2017-01-09,13.050000190734863,13.40999984741211,13.0,13.399999618530273,9.088109970092773,2300
2017-01-10,13.329999923706055,13.449999809265137,13.329999923706055,13.449999809265137,9.122018814086914,600
2017-01-11,13.380000114440918,13.380000114440918,13.380000114440918,13.380000114440918,9.074546813964844,400
2017-01-12,13.260000228881836,13.300000190734863,13.130000114440918,13.300000190734863,9.020288467407227,2400
2017-01-13,13.449999809265137,13.449999809265137,13.109999656677246,13.449999809265137,9.122018814086914,2200
2017-01-17,13.449999809265137,13.449999809265137,12.600000381469727,12.800000190734863,8.68117904663086,12700
2017-01-18,12.649999618530273,12.800000190734863,12.550000190734863,12.649999618530273,8.579445838928223,3100
2017-01-19,12.550000190734863,12.649999618530273,12.550000190734863,12.600000381469727,8.545534133911133,2700
2017-01-20,12.649999618530273,12.649999618530273,12.649999618530273,12.649999618530273,8.579445838928223,600
2017-01-23,12.699999809265137,12.850000381469727,12.680000305175781,12.699999809265137,8.613358497619629,1600
2017-01-24,12.850000381469727,12.850000381469727,12.649999618530273,12.649999618530273,8.579445838928223,700
2017-01-25,12.670000076293945,12.75,12.670000076293945,12.720000267028809,8.626920700073242,2000
2017-01-26,12.75,12.75,12.600000381469727,12.649999618530273,8.579445838928223,2400
2017-01-27,12.600000381469727,12.699999809265137,12.600000381469727,12.699999809265137,8.613358497619629,1800
2017-01-30,12.699999809265137,12.699999809265137,12.5,12.5,8.477715492248535,7800
2017-01-31,12.5,12.649999618530273,12.5,12.5,8.477715492248535,1900
2017-02-01,12.699999809265137,12.699999809265137,12.5,12.550000190734863,8.511626243591309,1000
2017-02-02,12.600000381469727,12.699999809265137,12.600000381469727,12.619999885559082,8.559099197387695,1500
2017-02-03,12.649999618530273,12.699999809265137,12.600000381469727,12.699999809265137,8.613358497619629,2600
2017-02-06,12.65999984741211,12.699999809265137,12.630000114440918,12.630000114440918,8.56588077545166,3500
2017-02-07,12.699999809265137,12.699999809265137,12.680000305175781,12.699999809265137,8.613358497619629,3500
2017-02-08,12.699999809265137,12.699999809265137,12.699999809265137,12.699999809265137,8.613358497619629,400
2017-02-09,12.699999809265137,12.800000190734863,12.680000305175781,12.680000305175781,8.59979248046875,1700
2017-02-10,12.800000190734863,12.800000190734863,12.699999809265137,12.75,8.64726734161377,2500
2017-02-13,12.699999809265137,12.699999809265137,12.699999809265137,12.699999809265137,8.613358497619629,1100
2017-02-14,12.800000190734863,12.800000190734863,12.800000190734863,12.800000190734863,8.68117904663086,300
2017-02-15,12.75,12.75,12.680000305175781,12.680000305175781,8.59979248046875,600
2017-02-16,12.75,12.800000190734863,12.609999656677246,12.649999618530273,8.579445838928223,3500
2017-02-17,12.75,12.75,12.600000381469727,12.600000381469727,8.545534133911133,5000
2017-02-21,12.600000381469727,12.800000190734863,12.600000381469727,12.779999732971191,8.667614936828613,3500
2017-02-22,12.699999809265137,12.800000190734863,12.600000381469727,12.800000190734863,8.68117904663086,2000
2017-02-23,12.649999618530273,12.649999618530273,12.600000381469727,12.649999618530273,8.579445838928223,3100
2017-02-24,12.649999618530273,12.680000305175781,12.649999618530273,12.680000305175781,8.59979248046875,1800
2017-02-27,12.649999618530273,12.649999618530273,12.600000381469727,12.649999618530273,8.579445838928223,1900
2017-02-28,12.600000381469727,12.600000381469727,12.600000381469727,12.600000381469727,8.545534133911133,600
2017-03-01,12.699999809265137,12.699999809265137,12.600000381469727,12.640000343322754,8.572662353515625,3700
2017-03-02,12.649999618530273,12.649999618530273,12.619999885559082,12.649999618530273,8.579445838928223,2400
2017-03-03,12.600000381469727,12.65999984741211,12.600000381469727,12.65999984741211,8.586228370666504,1600
2017-03-06,12.630000114440918,12.649999618530273,12.630000114440918,12.649999618530273,8.579445838928223,300
2017-03-07,12.630000114440918,12.630000114440918,12.600000381469727,12.630000114440918,8.56588077545166,1800
2017-03-08,12.600000381469727,12.649999618530273,12.600000381469727,12.649999618530273,8.654824256896973,2500
2017-03-09,12.5,12.5,12.479999542236328,12.5,8.55219841003418,1600
2017-03-10,12.460000038146973,12.649999618530273,12.449999809265137,12.550000190734863,8.586407661437988,2400
2017-03-13,12.649999618530273,12.699999809265137,12.550000190734863,12.550000190734863,8.586407661437988,5100
2017-03-14,12.550000190734863,12.600000381469727,12.449999809265137,12.449999809265137,8.517988204956055,1900
2017-03-15,12.199999809265137,12.550000190734863,12.100000381469727,12.149999618530273,8.312736511230469,3500
2017-03-16,12.149999618530273,12.149999618530273,10.199999809265137,11.739999771118164,8.032224655151367,39400
2017-03-17,11.600000381469727,12.100000381469727,11.550000190734863,12.0,8.210108757019043,10000
2017-03-20,12.050000190734863,12.550000190734863,12.050000190734863,12.5,8.55219841003418,4900
2017-03-21,12.600000381469727,12.600000381469727,11.699999809265137,12.25,8.38115406036377,8800
2017-03-22,12.100000381469727,12.399999618530273,11.5,12.399999618530273,8.483778953552246,13500
2017-03-23,12.399999618530273,12.5,12.399999618530273,12.449999809265137,8.517988204956055,1600
2017-03-24,12.350000381469727,12.470000267028809,12.350000381469727,12.470000267028809,8.531672477722168,2500
2017-03-27,12.5,12.5,12.449999809265137,12.449999809265137,8.517988204956055,2200
2017-03-28,12.300000190734863,12.600000381469727,12.300000190734863,12.550000190734863,8.586407661437988,6600
2017-03-29,12.380000114440918,12.649999618530273,12.380000114440918,12.649999618530273,8.654824256896973,400
2017-03-30,12.649999618530273,12.649999618530273,12.649999618530273,12.649999618530273,8.654824256896973,1100
2017-03-31,12.149999618530273,12.350000381469727,11.40999984741211,12.300000190734863,8.415362358093262,18300
2017-04-03,12.300000190734863,12.40999984741211,12.25,12.25,8.38115406036377,2300
2017-04-04,12.399999618530273,12.399999618530273,11.899999618530273,11.899999618530273,8.141691207885742,1100
2017-04-05,12.0,12.350000381469727,12.0,12.0,8.210108757019043,11700
2017-04-06,12.0,12.050000190734863,12.0,12.0,8.210108757019043,1500
2017-04-07,11.850000381469727,12.039999961853027,11.800000190734863,12.0,8.210108757019043,5800
2017-04-10,12.100000381469727,12.100000381469727,12.0,12.0,8.210108757019043,14400
2017-04-11,12.149999618530273,12.149999618530273,11.949999809265137,12.0,8.210108757019043,8600
2017-04-12,11.899999618530273,12.130000114440918,11.760000228881836,11.850000381469727,8.107486724853516,4400
2017-04-13,12.0,12.0,11.899999618530273,11.899999618530273,8.141691207885742,3200
2017-04-17,11.850000381469727,12.0,11.399999618530273,12.0,8.210108757019043,12900
2017-04-18,11.699999809265137,11.859999656677246,11.460000038146973,11.600000381469727,7.936440467834473,4400
2017-04-19,11.649999618530273,11.930000305175781,11.649999618530273,11.699999809265137,8.00485897064209,4800
2017-04-20,11.699999809265137,11.899999618530273,11.600000381469727,11.75,8.03906536102295,4000
2017-04-21,11.800000190734863,11.800000190734863,11.710000038146973,11.710000038146973,8.011699676513672,3000
2017-04-24,11.729999542236328,12.0,11.729999542236328,11.800000190734863,8.073275566101074,4400
2017-04-25,11.84000015258789,11.850000381469727,11.699999809265137,11.850000381469727,8.107486724853516,5500
2017-04-26,11.880000114440918,11.949999809265137,11.75,11.949999809265137,8.175899505615234,800
2017-04-27,11.949999809265137,12.0,11.899999618530273,12.0,8.210108757019043,13100
2017-04-28,11.979999542236328,11.979999542236328,11.800000190734863,11.869999885559082,8.12116813659668,4700
2017-05-01,11.949999809265137,11.949999809265137,11.449999809265137,11.75,8.03906536102295,8800
2017-05-02,11.75,12.0,11.75,12.0,8.210108757019043,1700
2017-05-03,11.75,11.949999809265137,11.75,11.949999809265137,8.175899505615234,2300
2017-05-04,12.0,12.0,11.770000457763672,11.770000457763672,8.052749633789062,3300
2017-05-05,11.75,11.949999809265137,11.75,11.949999809265137,8.175899505615234,1600
2017-05-08,11.949999809265137,11.949999809265137,11.949999809265137,11.949999809265137,8.175899505615234,800
2017-05-09,12.100000381469727,12.100000381469727,12.0,12.0,8.210108757019043,500
2017-05-10,12.100000381469727,12.100000381469727,12.0,12.0,8.210108757019043,4100
2017-05-11,12.0,12.0,12.0,12.0,8.210108757019043,0
2017-05-12,11.949999809265137,11.949999809265137,11.949999809265137,11.949999809265137,8.175899505615234,6100
2017-05-15,11.949999809265137,12.100000381469727,11.949999809265137,12.050000190734863,8.244319915771484,2900
2017-05-16,11.949999809265137,12.0,11.949999809265137,11.949999809265137,8.175899505615234,3800
2017-05-17,11.949999809265137,11.970000267028809,11.949999809265137,11.949999809265137,8.175899505615234,11900
2017-05-18,11.949999809265137,11.949999809265137,11.949999809265137,11.949999809265137,8.175899505615234,0
2017-05-19,11.949999809265137,11.949999809265137,11.949999809265137,11.949999809265137,8.175899505615234,3000
2017-05-22,11.949999809265137,11.970000267028809,11.949999809265137,11.970000267028809,8.189587593078613,800
2017-05-23,12.0,12.0,11.979999542236328,12.0,8.210108757019043,400
2017-05-24,12.0,12.0,12.0,12.0,8.210108757019043,0
2017-05-25,11.949999809265137,11.960000038146973,11.75,11.800000190734863,8.073275566101074,13800
2017-05-26,11.949999809265137,11.949999809265137,11.829999923706055,11.829999923706055,8.09380054473877,2800
2017-05-30,11.899999618530273,11.949999809265137,11.899999618530273,11.899999618530273,8.141691207885742,1300
2017-05-31,11.850000381469727,11.949999809265137,11.75,11.949999809265137,8.175899505615234,800
2017-06-01,11.949999809265137,11.949999809265137,11.800000190734863,11.850000381469727,8.107486724853516,1300
2017-06-02,11.850000381469727,11.850000381469727,11.850000381469727,11.850000381469727,8.107486724853516,300
2017-06-05,11.850000381469727,11.850000381469727,11.329999923706055,11.600000381469727,7.936440467834473,5000
2017-06-06,11.800000190734863,12.0,11.800000190734863,11.899999618530273,8.141691207885742,3100
2017-06-07,11.539999961853027,11.800000190734863,11.539999961853027,11.600000381469727,8.01048755645752,3100
2017-06-08,11.729999542236328,11.729999542236328,11.729999542236328,11.729999542236328,8.100259780883789,300
2017-06-09,11.550000190734863,11.699999809265137,11.350000381469727,11.350000381469727,7.837845325469971,4900
2017-06-12,11.350000381469727,11.350000381469727,11.350000381469727,11.350000381469727,7.837845325469971,0
2017-06-13,11.460000038146973,11.550000190734863,11.350000381469727,11.350000381469727,7.837845325469971,2900
2017-06-14,11.640000343322754,11.640000343322754,11.390000343322754,11.390000343322754,7.865470886230469,1500
2017-06-15,11.550000190734863,11.949999809265137,11.550000190734863,11.949999809265137,8.252182006835938,600
2017-06-16,11.550000190734863,11.720000267028809,11.550000190734863,11.720000267028809,8.093355178833008,1000
2017-06-19,11.800000190734863,12.0,11.5,11.899999618530273,8.217656135559082,3000
2017-06-20,12.0,12.0,11.850000381469727,11.890000343322754,8.210749626159668,4500
2017-06-21,12.0,12.0,11.600000381469727,12.0,8.286710739135742,2600
2017-06-22,11.75,12.0,11.75,11.949999809265137,8.252182006835938,5000
2017-06-23,11.880000114440918,11.899999618530273,11.880000114440918,11.899999618530273,8.217656135559082,1600
2017-06-26,11.84000015258789,11.84000015258789,11.84000015258789,11.84000015258789,8.176219940185547,1000
2017-06-27,11.579999923706055,11.579999923706055,11.579999923706055,11.579999923706055,7.996678352355957,300
2017-06-28,12.0,12.0,11.550000190734863,12.0,8.286710739135742,4800
2017-06-29,11.979999542236328,12.0,11.779999732971191,11.779999732971191,8.134786605834961,3100
2017-06-30,11.649999618530273,12.199999809265137,11.649999618530273,12.199999809265137,8.424821853637695,5300
2017-07-03,12.199999809265137,12.199999809265137,12.199999809265137,12.199999809265137,8.424821853637695,0
2017-07-05,12.25,12.25,11.699999809265137,11.699999809265137,8.079543113708496,1000
2017-07-06,11.850000381469727,11.850000381469727,11.850000381469727,11.850000381469727,8.183126449584961,200
2017-07-07,11.6899995803833,11.6899995803833,11.6899995803833,11.6899995803833,8.072635650634766,500
2017-07-10,11.899999618530273,11.949999809265137,11.899999618530273,11.899999618530273,8.217656135559082,1200
2017-07-11,11.850000381469727,12.0,11.850000381469727,11.949999809265137,8.252182006835938,1400
2017-07-12,12.0,12.0,11.949999809265137,11.949999809265137,8.252182006835938,800
2017-07-13,11.949999809265137,11.979999542236328,11.949999809265137,11.979999542236328,8.27290153503418,1300
2017-07-14,11.949999809265137,12.0,11.949999809265137,12.0,8.286710739135742,400
2017-07-17,11.960000038146973,11.960000038146973,11.600000381469727,11.920000076293945,8.231464385986328,4000
2017-07-18,11.600000381469727,12.0,11.600000381469727,11.75,8.114070892333984,900
2017-07-19,11.600000381469727,11.600000381469727,11.600000381469727,11.600000381469727,8.01048755645752,500
2017-07-20,11.829999923706055,11.829999923706055,11.829999923706055,11.829999923706055,8.169315338134766,200
2017-07-21,11.899999618530273,11.899999618530273,11.899999618530273,11.899999618530273,8.217656135559082,800
2017-07-24,12.0,12.0,11.949999809265137,11.949999809265137,8.252182006835938,600
2017-07-25,12.0,12.0,11.899999618530273,11.899999618530273,8.217656135559082,2900
2017-07-26,11.850000381469727,11.859999656677246,11.850000381469727,11.859999656677246,8.190031051635742,500
2017-07-27,11.859999656677246,11.859999656677246,11.859999656677246,11.859999656677246,8.190031051635742,0
2017-07-28,11.859999656677246,11.859999656677246,11.859999656677246,11.859999656677246,8.190031051635742,0
2017-07-31,11.850000381469727,12.0,11.850000381469727,12.0,8.286710739135742,3600
2017-08-01,12.0,12.0,12.0,12.0,8.286710739135742,0
2017-08-02,12.0,12.0,12.0,12.0,8.286710739135742,300
2017-08-03,11.850000381469727,11.859999656677246,11.850000381469727,11.850000381469727,8.183126449584961,2000
2017-08-04,11.850000381469727,11.850000381469727,11.850000381469727,11.850000381469727,8.183126449584961,0
2017-08-07,11.850000381469727,11.850000381469727,11.699999809265137,11.699999809265137,8.079543113708496,5300
2017-08-08,11.800000190734863,11.829999923706055,11.75,11.75,8.114070892333984,3700
2017-08-09,11.649999618530273,11.75,11.649999618530273,11.75,8.114070892333984,1600
2017-08-10,11.600000381469727,11.619999885559082,11.600000381469727,11.619999885559082,8.024296760559082,800
2017-08-11,11.550000190734863,11.550000190734863,11.550000190734863,11.550000190734863,7.975958824157715,200
2017-08-14,11.600000381469727,11.699999809265137,11.600000381469727,11.699999809265137,8.079543113708496,4800
2017-08-15,11.699999809265137,11.699999809265137,11.699999809265137,11.699999809265137,8.079543113708496,200
2017-08-16,11.729999542236328,11.729999542236328,11.550000190734863,11.550000190734863,7.975958824157715,3400
2017-08-17,11.720000267028809,11.720000267028809,11.680000305175781,11.680000305175781,8.0657320022583,1600
2017-08-18,11.699999809265137,12.0,11.699999809265137,12.0,8.286710739135742,7800
2017-08-21,11.949999809265137,12.0,11.649999618530273,11.800000190734863,8.148600578308105,8600
2017-08-22,11.850000381469727,11.90999984741211,11.850000381469727,11.90999984741211,8.224559783935547,1700
2017-08-23,12.0,12.0,11.75,11.75,8.114070892333984,5100
2017-08-24,11.75,11.8100004196167,11.75,11.8100004196167,8.155506134033203,3700
2017-08-25,11.75,11.819999694824219,11.75,11.819999694824219,8.162409782409668,2500
2017-08-28,12.0,12.0,11.899999618530273,11.899999618530273,8.217656135559082,2400
2017-08-29,11.869999885559082,12.0,11.850000381469727,11.949999809265137,8.252182006835938,1900
2017-08-30,11.850000381469727,11.949999809265137,11.850000381469727,11.850000381469727,8.183126449584961,600
2017-08-31,12.0,12.0,11.899999618530273,11.899999618530273,8.217656135559082,3100
2017-09-01,11.850000381469727,11.850000381469727,11.850000381469727,11.850000381469727,8.183126449584961,100
2017-09-05,11.850000381469727,12.0,11.850000381469727,12.0,8.286710739135742,1200
2017-09-06,12.0,12.100000381469727,12.0,12.100000381469727,8.355766296386719,10800
2017-09-07,11.930000305175781,12.100000381469727,11.930000305175781,12.100000381469727,8.43946361541748,1400
2017-09-08,11.949999809265137,12.050000190734863,11.949999809265137,12.050000190734863,8.40459156036377,2700
2017-09-11,11.850000381469727,12.100000381469727,11.850000381469727,11.930000305175781,8.320894241333008,2200
2017-09-12,12.149999618530273,12.149999618530273,11.75,11.800000190734863,8.230218887329102,1600
2017-09-13,11.800000190734863,11.800000190734863,11.699999809265137,11.800000190734863,8.230218887329102,1400
2017-09-14,11.699999809265137,11.800000190734863,11.600000381469727,11.699999809265137,8.160472869873047,2800
2017-09-15,11.699999809265137,11.699999809265137,11.649999618530273,11.649999618530273,8.12559986114502,2800
2017-09-18,11.75,11.75,11.600000381469727,11.649999618530273,8.12559986114502,2300
2017-09-19,11.600000381469727,11.800000190734863,11.600000381469727,11.65999984741211,8.132574081420898,8500
2017-09-20,11.800000190734863,11.800000190734863,11.75,11.75,8.19534683227539,3400
2017-09-21,11.850000381469727,11.850000381469727,11.699999809265137,11.699999809265137,8.160472869873047,6400
2017-09-22,11.800000190734863,11.949999809265137,11.800000190734863,11.949999809265137,8.334842681884766,5600
2017-09-25,11.850000381469727,11.899999618530273,11.850000381469727,11.899999618530273,8.299968719482422,1400
2017-09-26,11.899999618530273,11.899999618530273,11.899999618530273,11.899999618530273,8.299968719482422,1300
2017-09-27,12.0,12.149999618530273,11.649999618530273,12.0,8.36971664428711,8700
2017-09-28,11.850000381469727,12.050000190734863,11.800000190734863,11.800000190734863,8.230218887329102,1000
2017-09-29,11.949999809265137,12.0,11.949999809265137,12.0,8.36971664428711,600
2017-10-02,11.880000114440918,12.050000190734863,11.8100004196167,12.0,8.36971664428711,3500
2017-10-03,12.0,12.149999618530273,11.850000381469727,12.0,8.36971664428711,4900
2017-10-04,12.199999809265137,12.850000381469727,12.199999809265137,12.850000381469727,8.962573051452637,12600
2017-10-05,12.699999809265137,12.699999809265137,12.25,12.300000190734863,8.578957557678223,4000
2017-10-06,12.550000190734863,12.550000190734863,12.399999618530273,12.399999618530273,8.648706436157227,400
2017-10-09,12.399999618530273,12.399999618530273,12.399999618530273,12.399999618530273,8.648706436157227,0
2017-10-10,12.100000381469727,12.5,12.100000381469727,12.100000381469727,8.43946361541748,1200
2017-10-11,12.5,12.5,12.5,12.5,8.718454360961914,800
2017-10-12,12.399999618530273,12.449999809265137,12.399999618530273,12.399999618530273,8.648706436157227,900
2017-10-13,12.399999618530273,12.399999618530273,12.399999618530273,12.399999618530273,8.648706436157227,0
2017-10-16,12.199999809265137,12.600000381469727,12.199999809265137,12.449999809265137,8.683581352233887,4100
2017-10-17,12.5600004196167,12.5600004196167,12.449999809265137,12.5,8.718454360961914,3000
2017-10-18,12.5,12.5,12.34000015258789,12.34000015258789,8.606857299804688,1000
2017-10-19,12.649999618530273,12.649999618530273,12.199999809265137,12.199999809265137,8.509211540222168,300
2017-10-20,12.199999809265137,12.199999809265137,12.199999809265137,12.199999809265137,8.509211540222168,600
2017-10-23,12.550000190734863,12.550000190734863,12.350000381469727,12.449999809265137,8.683581352233887,4700
2017-10-24,12.489999771118164,12.550000190734863,12.489999771118164,12.550000190734863,8.75333023071289,11400
2017-10-25,12.5,12.600000381469727,12.5,12.600000381469727,8.788203239440918,1700
2017-10-26,12.449999809265137,12.489999771118164,12.449999809265137,12.489999771118164,8.71147632598877,3400
2017-10-27,12.699999809265137,12.699999809265137,12.699999809265137,12.699999809265137,8.857950210571289,5500
2017-10-30,12.75,12.75,12.699999809265137,12.710000038146973,8.864925384521484,1700
2017-10-31,12.75,13.130000114440918,12.710000038146973,13.130000114440918,9.157864570617676,4900
2017-11-01,12.699999809265137,12.779999732971191,12.699999809265137,12.699999809265137,8.857950210571289,1300
2017-11-02,12.649999618530273,12.649999618530273,12.630000114440918,12.649999618530273,8.823075294494629,1000
2017-11-03,12.699999809265137,12.699999809265137,12.699999809265137,12.699999809265137,8.857950210571289,200
2017-11-06,12.449999809265137,12.550000190734863,12.449999809265137,12.550000190734863,8.75333023071289,600
2017-11-07,12.649999618530273,12.699999809265137,12.649999618530273,12.680000305175781,8.843999862670898,900
2017-11-08,12.649999618530273,12.649999618530273,12.600000381469727,12.600000381469727,8.788203239440918,400
2017-11-09,12.600000381469727,12.600000381469727,12.600000381469727,12.600000381469727,8.788203239440918,0
2017-11-10,12.850000381469727,12.850000381469727,12.350000381469727,12.350000381469727,8.613834381103516,400
2017-11-13,12.800000190734863,12.850000381469727,12.550000190734863,12.550000190734863,8.75333023071289,600
2017-11-14,12.550000190734863,12.550000190734863,12.550000190734863,12.550000190734863,8.75333023071289,300
2017-11-15,12.550000190734863,12.550000190734863,12.550000190734863,12.550000190734863,8.75333023071289,0
2017-11-16,12.550000190734863,12.550000190734863,12.550000190734863,12.550000190734863,8.75333023071289,0
2017-11-17,12.520000457763672,12.75,12.25,12.75,8.89282512664795,1100
2017-11-20,12.800000190734863,12.800000190734863,12.800000190734863,12.800000190734863,8.92769718170166,200
2017-11-21,12.550000190734863,12.550000190734863,12.550000190734863,12.550000190734863,8.75333023071289,300
2017-11-22,12.550000190734863,12.550000190734863,12.25,12.25,8.544085502624512,4600
2017-11-24,12.300000190734863,12.449999809265137,12.300000190734863,12.449999809265137,8.683581352233887,400
2017-11-27,12.470000267028809,12.5,12.300000190734863,12.300000190734863,8.578957557678223,1300
2017-11-28,12.569999694824219,12.569999694824219,12.300000190734863,12.510000228881836,8.725430488586426,4100
2017-11-29,12.5,12.850000381469727,12.350000381469727,12.800000190734863,8.92769718170166,11300
2017-11-30,12.5,12.800000190734863,12.5,12.600000381469727,8.788203239440918,3600
2017-12-01,12.449999809265137,12.800000190734863,12.449999809265137,12.800000190734863,8.92769718170166,600
2017-12-04,12.75,12.75,12.5,12.699999809265137,8.857950210571289,8400
2017-12-05,12.699999809265137,12.800000190734863,12.600000381469727,12.800000190734863,8.92769718170166,4600
2017-12-06,12.800000190734863,12.800000190734863,12.350000381469727,12.800000190734863,8.92769718170166,10200
2017-12-07,12.800000190734863,12.800000190734863,12.149999618530273,12.149999618530273,8.588401794433594,6400
2017-12-08,12.149999618530273,12.460000038146973,12.149999618530273,12.149999618530273,8.588401794433594,6000
2017-12-11,12.449999809265137,12.800000190734863,12.149999618530273,12.800000190734863,9.047863006591797,18100
2017-12-12,12.600000381469727,12.800000190734863,12.600000381469727,12.699999809265137,8.977177619934082,7600
2017-12-13,12.75,12.75,12.600000381469727,12.75,9.01252269744873,8400
2017-12-14,12.600000381469727,12.899999618530273,12.600000381469727,12.75,9.01252269744873,9000
2017-12-15,12.800000190734863,12.899999618530273,12.75,12.899999618530273,9.118552207946777,8300
2017-12-18,12.899999618530273,13.5,12.75,13.5,9.542669296264648,14200
2017-12-19,13.5,13.5,13.25,13.5,9.542669296264648,11800
2017-12-20,13.649999618530273,13.649999618530273,12.949999809265137,13.600000381469727,9.613354682922363,4400
2017-12-21,13.699999809265137,13.720000267028809,13.050000190734863,13.199999809265137,9.330611228942871,8000
2017-12-22,13.399999618530273,13.449999809265137,13.350000381469727,13.399999618530273,9.471982955932617,1800
2017-12-26,13.5,13.5,13.449999809265137,13.449999809265137,9.507325172424316,5700
2017-12-27,13.470000267028809,13.5,13.449999809265137,13.449999809265137,9.507325172424316,2500
2017-12-28,13.390000343322754,13.449999809265137,13.350000381469727,13.350000381469727,9.436640739440918,5700
2017-12-29,13.399999618530273,13.399999618530273,13.149999618530273,13.25,9.365950584411621,1000
2018-01-02,13.0,13.59000015258789,13.0,13.100000381469727,9.25992202758789,8100
2018-01-03,13.350000381469727,13.350000381469727,12.800000190734863,12.850000381469727,9.083208084106445,3100
2018-01-04,12.899999618530273,12.920000076293945,12.800000190734863,12.920000076293945,9.132688522338867,1600
2018-01-05,12.760000228881836,13.199999809265137,12.760000228881836,13.170000076293945,9.309401512145996,6100
2018-01-08,14.0,14.0,12.949999809265137,12.949999809265137,9.15389347076416,4100
2018-01-09,13.149999618530273,13.149999618530273,13.149999618530273,13.149999618530273,9.295268058776855,100
2018-01-10,12.949999809265137,13.399999618530273,12.949999809265137,13.199999809265137,9.330611228942871,5600
2018-01-11,13.149999618530273,13.399999618530273,13.149999618530273,13.25,9.365950584411621,6400
2018-01-12,13.119999885559082,13.25,13.119999885559082,13.199999809265137,9.330611228942871,3200
2018-01-16,13.949999809265137,13.949999809265137,13.199999809265137,13.649999618530273,9.648697853088379,15100
2018-01-17,13.600000381469727,13.850000381469727,13.449999809265137,13.529999732971191,9.563873291015625,6500
2018-01-18,13.899999618530273,13.899999618530273,13.75,13.789999961853027,9.747660636901855,1100
2018-01-19,13.649999618530273,13.899999618530273,13.600000381469727,13.699999809265137,9.684041976928711,1700
2018-01-22,13.229999542236328,13.779999732971191,13.229999542236328,13.5,9.542669296264648,8400
2018-01-23,13.699999809265137,13.899999618530273,13.380000114440918,13.649999618530273,9.648697853088379,7800
2018-01-24,13.65999984741211,13.65999984741211,13.65999984741211,13.65999984741211,9.655769348144531,100
2018-01-25,13.850000381469727,13.850000381469727,13.550000190734863,13.600000381469727,9.613354682922363,1400
2018-01-26,13.649999618530273,13.649999618530273,13.25,13.25,9.365950584411621,2300
2018-01-29,13.550000190734863,13.550000190734863,12.649999618530273,12.850000381469727,9.083208084106445,4800
2018-01-30,12.899999618530273,12.899999618530273,12.850000381469727,12.850000381469727,9.083208084106445,2000
2018-01-31,12.899999618530273,12.899999618530273,12.890000343322754,12.890000343322754,9.111479759216309,400
2018-02-01,12.920000076293945,12.920000076293945,12.920000076293945,12.920000076293945,9.132688522338867,700
2018-02-02,12.649999618530273,12.869999885559082,12.5,12.699999809265137,8.977177619934082,1800
2018-02-05,12.699999809265137,12.710000038146973,12.699999809265137,12.710000038146973,8.984247207641602,600
2018-02-06,12.710000038146973,12.710000038146973,12.710000038146973,12.710000038146973,8.984247207641602,0
2018-02-07,12.800000190734863,12.899999618530273,12.779999732971191,12.829999923706055,9.069069862365723,1600
2018-02-08,12.699999809265137,12.699999809265137,12.600000381469727,12.600000381469727,8.90649127960205,2400
2018-02-09,12.5,12.649999618530273,12.5,12.649999618530273,8.94183349609375,1900
2018-02-12,12.630000114440918,12.699999809265137,12.600000381469727,12.600000381469727,8.90649127960205,4200
2018-02-13,12.600000381469727,12.649999618530273,12.0,12.0,8.482372283935547,5200
2018-02-14,12.0,12.0,11.699999809265137,11.8100004196167,8.34807014465332,5400
2018-02-15,12.050000190734863,12.050000190734863,11.800000190734863,12.0,8.482372283935547,900
2018-02-16,11.949999809265137,12.109999656677246,11.949999809265137,12.0,8.482372283935547,800
2018-02-20,12.079999923706055,12.149999618530273,12.050000190734863,12.050000190734863,8.517716407775879,400
2018-02-21,12.149999618530273,12.149999618530273,12.0,12.029999732971191,8.503580093383789,3800
2018-02-22,12.050000190734863,12.050000190734863,11.949999809265137,12.050000190734863,8.517716407775879,2200
2018-02-23,12.079999923706055,12.100000381469727,11.979999542236328,11.979999542236328,8.46823501586914,2300
2018-02-26,12.0,12.0,11.989999771118164,11.989999771118164,8.475303649902344,800
2018-02-27,12.100000381469727,12.149999618530273,12.039999961853027,12.149999618530273,8.588401794433594,3000
2018-02-28,12.100000381469727,12.199999809265137,11.899999618530273,11.949999809265137,8.447030067443848,13500
2018-03-01,11.949999809265137,12.079999923706055,11.949999809265137,12.079999923706055,8.538921356201172,900
2018-03-02,12.079999923706055,12.380000114440918,12.079999923706055,12.380000114440918,8.750977516174316,3000
2018-03-05,12.5,12.5,12.170000076293945,12.199999809265137,8.623744010925293,700
2018-03-06,12.300000190734863,12.300000190734863,12.0,12.0,8.482372283935547,3700
2018-03-07,12.0,12.25,11.949999809265137,12.0,8.482372283935547,7800
2018-03-08,12.25,12.25,12.050000190734863,12.050000190734863,8.611001968383789,2300
2018-03-09,12.300000190734863,12.300000190734863,12.050000190734863,12.239999771118164,8.74677562713623,5000
2018-03-12,12.050000190734863,12.25,12.050000190734863,12.149999618530273,8.682461738586426,3500
2018-03-13,12.050000190734863,12.649999618530273,12.050000190734863,12.449999809265137,8.896843910217285,10700
2018-03-14,12.449999809265137,12.449999809265137,12.399999618530273,12.399999618530273,8.861113548278809,8600
2018-03-15,12.449999809265137,12.75,12.449999809265137,12.75,9.111227035522461,5600
2018-03-16,12.850000381469727,12.850000381469727,12.800000190734863,12.800000190734863,9.146955490112305,6600
2018-03-19,12.399999618530273,12.75,12.399999618530273,12.699999809265137,9.075495719909668,7400
2018-03-20,12.949999809265137,12.949999809265137,12.800000190734863,12.899999618530273,9.218419075012207,6000
2018-03-21,13.0,13.079999923706055,12.5,12.5,8.932574272155762,4600
2018-03-22,12.600000381469727,13.149999618530273,12.600000381469727,13.149999618530273,9.39706802368164,4600
2018-03-23,13.149999618530273,13.149999618530273,12.8100004196167,13.050000190734863,9.325606346130371,5500
2018-03-26,12.75,13.399999618530273,12.649999618530273,12.649999618530273,9.039764404296875,11600
2018-03-27,12.699999809265137,12.899999618530273,12.699999809265137,12.710000038146973,9.082643508911133,2700
2018-03-28,12.960000038146973,13.079999923706055,12.899999618530273,12.899999618530273,9.218419075012207,4200
2018-03-29,13.149999618530273,13.15999984741211,12.949999809265137,12.949999809265137,9.254146575927734,5200
2018-04-02,12.75,12.819999694824219,12.350000381469727,12.350000381469727,8.825385093688965,3800
2018-04-03,12.350000381469727,12.949999809265137,12.350000381469727,12.949999809265137,9.254146575927734,1400
2018-04-04,12.949999809265137,12.949999809265137,12.600000381469727,12.600000381469727,9.004036903381348,1000
2018-04-05,12.75,12.75,12.300000190734863,12.5,8.932574272155762,4800
2018-04-06,12.600000381469727,12.600000381469727,12.350000381469727,12.350000381469727,8.825385093688965,1800
2018-04-09,12.5,13.100000381469727,12.449999809265137,12.5,8.932574272155762,2300
2018-04-10,12.5,12.600000381469727,12.5,12.579999923706055,8.989742279052734,800
2018-04-11,12.600000381469727,12.600000381469727,12.600000381469727,12.600000381469727,9.004036903381348,500
2018-04-12,12.600000381469727,12.600000381469727,12.600000381469727,12.600000381469727,9.004036903381348,0
2018-04-13,12.550000190734863,12.550000190734863,12.550000190734863,12.550000190734863,8.968305587768555,1200
2018-04-16,12.550000190734863,12.550000190734863,12.479999542236328,12.479999542236328,8.918281555175781,1100
2018-04-17,12.5,12.5,12.489999771118164,12.5,8.932574272155762,1200
2018-04-18,12.449999809265137,12.550000190734863,12.399999618530273,12.550000190734863,8.968305587768555,1800
2018-04-19,12.600000381469727,12.630000114440918,12.510000228881836,12.510000228881836,8.939719200134277,2100
2018-04-20,12.510000228881836,12.75,12.510000228881836,12.75,9.111227035522461,1300
2018-04-23,12.680000305175781,12.680000305175781,12.609999656677246,12.609999656677246,9.011181831359863,400
2018-04-24,12.680000305175781,12.680000305175781,12.680000305175781,12.680000305175781,9.061203956604004,200
2018-04-25,12.649999618530273,12.649999618530273,12.609999656677246,12.609999656677246,9.011181831359863,1400
2018-04-26,12.579999923706055,12.579999923706055,12.5,12.5,8.932574272155762,700
2018-04-27,12.619999885559082,12.75,12.579999923706055,12.649999618530273,9.039764404296875,4300
2018-04-30,12.949999809265137,13.149999618530273,12.949999809265137,13.149999618530273,9.39706802368164,1200
2018-05-01,13.149999618530273,13.199999809265137,13.039999961853027,13.199999809265137,9.432798385620117,1100
2018-05-02,13.199999809265137,13.199999809265137,13.100000381469727,13.100000381469727,9.361334800720215,2600
2018-05-03,13.5,13.550000190734863,13.350000381469727,13.390000343322754,9.568572044372559,5800
2018-05-04,13.5,13.600000381469727,13.329999923706055,13.5,9.64717960357666,3100
2018-05-07,13.5,13.5,13.5,13.5,9.64717960357666,0
2018-05-08,13.800000190734863,13.800000190734863,13.199999809265137,13.479999542236328,9.632889747619629,2800
2018-05-09,13.479999542236328,13.699999809265137,13.479999542236328,13.649999618530273,9.754369735717773,1800
2018-05-10,13.25,13.369999885559082,13.25,13.369999885559082,9.554279327392578,500
2018-05-11,13.430000305175781,13.489999771118164,13.430000305175781,13.489999771118164,9.640030860900879,400
2018-05-14,13.489999771118164,13.489999771118164,13.489999771118164,13.489999771118164,9.640030860900879,0
2018-05-15,13.430000305175781,13.550000190734863,13.380000114440918,13.380000114440918,9.561427116394043,1800
2018-05-16,13.550000190734863,13.550000190734863,13.050000190734863,13.050000190734863,9.325606346130371,700
2018-05-17,13.100000381469727,13.149999618530273,13.050000190734863,13.100000381469727,9.361334800720215,2600
2018-05-18,13.100000381469727,13.100000381469727,13.100000381469727,13.100000381469727,9.361334800720215,0
2018-05-21,13.199999809265137,13.5,13.15999984741211,13.170000076293945,9.411357879638672,4100
2018-05-22,13.149999618530273,13.199999809265137,13.149999618530273,13.199999809265137,9.432798385620117,1000
2018-05-23,13.15999984741211,13.199999809265137,13.140000343322754,13.140000343322754,9.38991928100586,1400
2018-05-24,13.140000343322754,13.140000343322754,13.140000343322754,13.140000343322754,9.38991928100586,0
2018-05-25,13.149999618530273,13.149999618530273,13.149999618530273,13.149999618530273,9.39706802368164,200
2018-05-29,13.199999809265137,13.199999809265137,13.199999809265137,13.199999809265137,9.432798385620117,700
2018-05-30,13.199999809265137,13.899999618530273,13.199999809265137,13.199999809265137,9.432798385620117,3400
2018-05-31,13.199999809265137,13.199999809265137,13.199999809265137,13.199999809265137,9.432798385620117,0
2018-06-01,13.350000381469727,13.350000381469727,13.199999809265137,13.25,9.468527793884277,1600
2018-06-04,13.25,13.949999809265137,13.199999809265137,13.300000190734863,9.504260063171387,11900
2018-06-05,13.449999809265137,13.949999809265137,13.449999809265137,13.649999618530273,9.754369735717773,600
2018-06-06,13.649999618530273,14.0,13.449999809265137,13.449999809265137,9.611451148986816,1700
2018-06-07,13.199999809265137,14.0,13.199999809265137,14.0,10.102123260498047,1500
2018-06-08,13.600000381469727,13.600000381469727,13.100000381469727,13.100000381469727,9.4527006149292,3400
2018-06-11,13.300000190734863,13.649999618530273,13.300000190734863,13.300000190734863,9.597017288208008,2500
2018-06-12,13.899999618530273,13.899999618530273,13.039999961853027,13.109999656677246,9.459918022155762,5700
2018-06-13,13.59000015258789,13.59000015258789,12.850000381469727,13.050000190734863,9.416624069213867,8100
2018-06-14,13.100000381469727,13.199999809265137,13.0,13.199999809265137,9.524859428405762,4100
2018-06-15,13.199999809265137,13.25,13.050000190734863,13.050000190734863,9.416624069213867,4200
2018-06-18,13.149999618530273,13.149999618530273,13.0,13.050000190734863,9.416624069213867,4900
2018-06-19,13.149999618530273,13.899999618530273,12.989999771118164,13.149999618530273,9.488780975341797,3400
2018-06-20,13.899999618530273,13.899999618530273,12.600000381469727,13.300000190734863,9.597017288208008,8300
2018-06-21,13.449999809265137,13.800000190734863,12.949999809265137,13.050000190734863,9.416624069213867,13000
2018-06-22,13.649999618530273,14.0,13.449999809265137,13.899999618530273,10.029966354370117,31000
2018-06-25,13.5,13.899999618530273,13.5,13.899999618530273,10.029966354370117,4200
2018-06-26,14.0,14.0,13.199999809265137,13.199999809265137,9.524859428405762,4100
2018-06-27,13.680000305175781,13.75,13.5,13.550000190734863,9.777411460876465,1200
2018-06-28,13.329999923706055,13.399999618530273,13.199999809265137,13.399999618530273,9.669178009033203,1800
2018-06-29,13.34000015258789,13.5,13.229999542236328,13.5,9.741333961486816,1600
2018-07-02,13.210000038146973,13.210000038146973,13.029999732971191,13.029999732971191,9.402192115783691,1400
2018-07-03,13.199999809265137,13.600000381469727,13.199999809265137,13.3100004196167,9.604233741760254,2000
2018-07-05,13.3100004196167,13.3100004196167,13.3100004196167,13.3100004196167,9.604233741760254,0
2018-07-06,13.109999656677246,13.300000190734863,13.109999656677246,13.25,9.560937881469727,1800
2018-07-09,13.149999618530273,13.300000190734863,13.149999618530273,13.300000190734863,9.597017288208008,5900
2018-07-10,13.270000457763672,13.300000190734863,13.25,13.25,9.560937881469727,900
2018-07-11,13.100000381469727,13.300000190734863,13.100000381469727,13.300000190734863,9.597017288208008,1800
2018-07-12,13.100000381469727,13.180000305175781,13.100000381469727,13.180000305175781,9.510428428649902,1400
2018-07-13,13.300000190734863,13.300000190734863,13.220000267028809,13.220000267028809,9.539291381835938,500
2018-07-16,13.279999732971191,13.279999732971191,13.270000457763672,13.270000457763672,9.575369834899902,200
2018-07-17,13.15999984741211,13.15999984741211,13.100000381469727,13.100000381469727,9.4527006149292,3200
2018-07-18,13.100000381469727,13.25,13.100000381469727,13.25,9.560937881469727,600
2018-07-19,13.239999771118164,13.300000190734863,13.100000381469727,13.100000381469727,9.4527006149292,2700
2018-07-20,13.550000190734863,13.550000190734863,13.430000305175781,13.430000305175781,9.690823554992676,800
2018-07-23,13.649999618530273,13.649999618530273,13.449999809265137,13.510000228881836,9.748550415039062,3100
2018-07-24,13.699999809265137,13.699999809265137,13.600000381469727,13.619999885559082,9.827925682067871,2700
2018-07-25,13.649999618530273,13.699999809265137,13.649999618530273,13.699999809265137,9.885650634765625,1900
2018-07-26,13.649999618530273,13.649999618530273,13.600000381469727,13.649999618530273,9.849573135375977,2100
2018-07-27,13.649999618530273,13.649999618530273,13.5,13.5,9.741333961486816,2900
2018-07-30,13.569999694824219,13.569999694824219,13.25,13.25,9.560937881469727,1800
2018-07-31,13.699999809265137,13.699999809265137,13.199999809265137,13.199999809265137,9.524859428405762,1600
2018-08-01,13.199999809265137,13.199999809265137,13.199999809265137,13.199999809265137,9.524859428405762,0
2018-08-02,13.199999809265137,13.199999809265137,13.199999809265137,13.199999809265137,9.524859428405762,0
2018-08-03,13.199999809265137,13.229999542236328,13.109999656677246,13.109999656677246,9.459918022155762,5400
2018-08-06,13.109999656677246,13.109999656677246,13.109999656677246,13.109999656677246,9.459918022155762,0
2018-08-07,13.25,13.25,13.109999656677246,13.109999656677246,9.459918022155762,1400
2018-08-08,13.34000015258789,13.34000015258789,13.149999618530273,13.149999618530273,9.488780975341797,1700
2018-08-09,13.5,13.5,13.5,13.5,9.741333961486816,100
2018-08-10,13.5,13.5,13.5,13.5,9.741333961486816,0
2018-08-13,13.25,13.5,13.25,13.5,9.741333961486816,900
2018-08-14,13.229999542236328,13.5,13.100000381469727,13.149999618530273,9.488780975341797,1700
2018-08-15,13.5,13.5,13.079999923706055,13.5,9.741333961486816,2100
2018-08-16,13.399999618530273,13.399999618530273,13.399999618530273,13.399999618530273,9.669178009033203,100
2018-08-17,13.050000190734863,13.199999809265137,13.050000190734863,13.199999809265137,9.524859428405762,900
2018-08-20,13.199999809265137,13.430000305175781,13.199999809265137,13.430000305175781,9.690823554992676,2000
2018-08-21,13.100000381469727,13.319999694824219,13.0600004196167,13.100000381469727,9.4527006149292,1500
2018-08-22,13.100000381469727,13.100000381469727,13.100000381469727,13.100000381469727,9.4527006149292,1000
2018-08-23,13.300000190734863,13.649999618530273,13.100000381469727,13.649999618530273,9.849573135375977,4000
2018-08-24,13.619999885559082,13.649999618530273,13.34000015258789,13.399999618530273,9.669178009033203,5300
2018-08-27,13.649999618530273,13.649999618530273,13.25,13.25,9.560937881469727,12600
2018-08-28,13.5,13.619999885559082,13.25,13.5600004196167,9.78463077545166,2400
2018-08-29,13.75,13.75,13.699999809265137,13.699999809265137,9.885650634765625,400
2018-08-30,13.5,13.699999809265137,13.210000038146973,13.210000038146973,9.53207778930664,8300
2018-08-31,13.479999542236328,13.479999542236328,13.479999542236328,13.479999542236328,9.726903915405273,300
2018-09-04,13.479999542236328,13.75,13.40999984741211,13.579999923706055,9.799060821533203,3600
2018-09-05,13.510000228881836,13.75,13.260000228881836,13.300000190734863,9.597017288208008,7100
2018-09-06,13.300000190734863,13.300000190734863,13.300000190734863,13.300000190734863,9.597017288208008,0
2018-09-07,13.350000381469727,13.550000190734863,13.199999809265137,13.4399995803833,9.793766975402832,3800
2018-09-10,13.149999618530273,13.550000190734863,13.149999618530273,13.5,9.837489128112793,1800
2018-09-11,13.550000190734863,13.75,13.15999984741211,13.550000190734863,9.873924255371094,7000
2018-09-12,13.25,13.300000190734863,13.25,13.25,9.655311584472656,2500
2018-09-13,13.149999618530273,13.25,13.050000190734863,13.149999618530273,9.582443237304688,3300
2018-09-14,13.050000190734863,13.25,13.050000190734863,13.100000381469727,9.546008110046387,2700
2018-09-17,13.050000190734863,13.130000114440918,13.050000190734863,13.100000381469727,9.546008110046387,1800
2018-09-18,13.050000190734863,13.25,13.050000190734863,13.050000190734863,9.509574890136719,2000
2018-09-19,13.050000190734863,13.170000076293945,13.050000190734863,13.050000190734863,9.509574890136719,4600
2018-09-20,13.199999809265137,13.359999656677246,13.050000190734863,13.300000190734863,9.691747665405273,5600
2018-09-21,13.399999618530273,13.470000267028809,13.100000381469727,13.199999809265137,9.618881225585938,14100
2018-09-24,13.199999809265137,13.199999809265137,13.1899995803833,13.1899995803833,9.611591339111328,3200
2018-09-25,13.199999809265137,13.640000343322754,13.199999809265137,13.640000343322754,9.939510345458984,7300
2018-09-26,13.600000381469727,13.600000381469727,13.550000190734863,13.600000381469727,9.910359382629395,2200
2018-09-27,13.600000381469727,13.600000381469727,13.100000381469727,13.100000381469727,9.546008110046387,3200
2018-09-28,13.100000381469727,13.149999618530273,13.100000381469727,13.149999618530273,9.582443237304688,700
2018-10-01,13.100000381469727,13.130000114440918,13.0600004196167,13.09000015258789,9.538723945617676,1400
2018-10-02,13.0600004196167,13.09000015258789,13.050000190734863,13.050000190734863,9.509574890136719,1500
2018-10-03,13.100000381469727,13.489999771118164,13.050000190734863,13.199999809265137,9.618881225585938,2200
2018-10-04,13.300000190734863,13.380000114440918,13.029999732971191,13.029999732971191,9.495000839233398,7700
2018-10-05,13.430000305175781,13.430000305175781,13.199999809265137,13.239999771118164,9.648028373718262,4900
2018-10-08,13.25,13.5,13.25,13.25,9.655311584472656,1700
2018-10-09,13.34000015258789,13.5,13.069999694824219,13.069999694824219,9.524147033691406,3000
2018-10-10,13.390000343322754,13.420000076293945,13.0600004196167,13.0600004196167,9.516860008239746,1100
2018-10-11,12.970000267028809,13.390000343322754,12.970000267028809,13.0,9.473139762878418,2900
2018-10-12,13.0,13.140000343322754,12.850000381469727,12.850000381469727,9.363834381103516,6100
2018-10-15,12.90999984741211,12.979999542236328,12.899999618530273,12.899999618530273,9.400269508361816,1000
2018-10-16,13.140000343322754,13.140000343322754,12.850000381469727,12.850000381469727,9.363834381103516,500
2018-10-17,12.850000381469727,12.880000114440918,12.75,12.800000190734863,9.327397346496582,4800
2018-10-18,12.75,13.020000457763672,12.75,12.960000038146973,9.443990707397461,600
2018-10-19,12.949999809265137,13.109999656677246,12.890000343322754,12.890000343322754,9.392980575561523,1300
2018-10-22,12.970000267028809,13.039999961853027,12.970000267028809,13.039999961853027,9.502286911010742,1600
2018-10-23,12.899999618530273,13.109999656677246,12.899999618530273,13.0,9.473139762878418,3900
2018-10-24,12.989999771118164,13.220000267028809,12.989999771118164,13.100000381469727,9.546008110046387,1700
2018-10-25,13.079999923706055,13.25,12.949999809265137,12.949999809265137,9.436701774597168,9900
2018-10-26,12.829999923706055,12.829999923706055,12.75,12.75,9.290963172912598,900
2018-10-29,13.1899995803833,13.279999732971191,12.9399995803833,12.9399995803833,9.429414749145508,1400
2018-10-30,12.9399995803833,13.0,12.789999961853027,12.789999961853027,9.320110321044922,2400
2018-10-31,12.789999961853027,12.789999961853027,12.789999961853027,12.789999961853027,9.320110321044922,0
2018-11-01,12.789999961853027,12.789999961853027,12.789999961853027,12.789999961853027,9.320110321044922,200
2018-11-02,12.850000381469727,12.899999618530273,12.850000381469727,12.899999618530273,9.400269508361816,500
2018-11-05,13.260000228881836,13.260000228881836,12.90999984741211,12.90999984741211,9.407554626464844,1400
2018-11-06,12.970000267028809,13.149999618530273,12.920000076293945,13.149999618530273,9.582443237304688,800
2018-11-07,12.949999809265137,12.949999809265137,12.949999809265137,12.949999809265137,9.436701774597168,400
2018-11-08,13.1899995803833,13.289999961853027,12.970000267028809,12.979999542236328,9.458562850952148,2100
2018-11-09,12.9399995803833,13.0,12.899999618530273,13.0,9.473139762878418,14500
2018-11-12,12.880000114440918,13.100000381469727,12.819999694824219,12.819999694824219,9.341973304748535,1200
2018-11-13,13.170000076293945,13.170000076293945,12.819999694824219,13.140000343322754,9.575155258178711,1500
2018-11-14,13.140000343322754,13.140000343322754,13.140000343322754,13.140000343322754,9.575155258178711,600
2018-11-15,13.140000343322754,13.140000343322754,13.140000343322754,13.140000343322754,9.575155258178711,100
2018-11-16,13.140000343322754,13.140000343322754,13.0,13.0,9.473139762878418,700
2018-11-19,12.899999618530273,12.949999809265137,12.899999618530273,12.949999809265137,9.436701774597168,1300
2018-11-20,12.850000381469727,12.869999885559082,11.460000038146973,12.100000381469727,8.817306518554688,16300
2018-11-21,12.100000381469727,12.25,12.100000381469727,12.25,8.926612854003906,900
2018-11-23,12.329999923706055,12.390000343322754,12.210000038146973,12.25,8.926612854003906,2700
2018-11-26,12.25,12.829999923706055,12.100000381469727,12.25,8.926612854003906,3700
2018-11-27,12.0,12.65999984741211,12.0,12.279999732971191,8.948472023010254,800
2018-11-28,12.84000015258789,12.84000015258789,12.199999809265137,12.350000381469727,8.999483108520508,1900
2018-11-29,12.350000381469727,12.350000381469727,12.350000381469727,12.350000381469727,8.999483108520508,0
2018-11-30,12.789999961853027,12.789999961853027,12.399999618530273,12.399999618530273,9.035917282104492,2900
2018-12-03,12.770000457763672,12.770000457763672,12.5,12.600000381469727,9.181657791137695,3600
2018-12-04,12.800000190734863,12.899999618530273,12.550000190734863,12.550000190734863,9.145223617553711,4200
2018-12-06,12.5,12.5,12.350000381469727,12.350000381469727,8.999483108520508,4000
2018-12-07,12.199999809265137,12.229999542236328,11.90999984741211,11.90999984741211,8.80721664428711,5100
2018-12-10,11.899999618530273,11.9399995803833,11.600000381469727,11.649999618530273,8.614952087402344,7100
2018-12-11,11.75,11.75,11.75,11.75,8.6889009475708,300
2018-12-12,11.729999542236328,11.850000381469727,11.729999542236328,11.829999923706055,8.74805736541748,700
2018-12-13,11.829999923706055,11.989999771118164,11.829999923706055,11.989999771118164,8.866375923156738,400
2018-12-14,12.319999694824219,12.319999694824219,11.800000190734863,11.800000190734863,8.725873947143555,3100
2018-12-17,12.34000015258789,12.350000381469727,12.050000190734863,12.350000381469727,9.132586479187012,5900
2018-12-18,12.279999732971191,12.4399995803833,11.829999923706055,12.4399995803833,9.199141502380371,2100
2018-12-19,11.850000381469727,12.119999885559082,11.850000381469727,11.899999618530273,8.799822807312012,4100
2018-12-20,12.09000015258789,12.09000015258789,11.819999694824219,11.819999694824219,8.740662574768066,2000
2018-12-21,11.899999618530273,11.899999618530273,10.25,10.899999618530273,8.060341835021973,13000
2018-12-24,10.520000457763672,11.210000038146973,10.4399995803833,10.4399995803833,7.720180034637451,1700
2018-12-26,11.289999961853027,11.34000015258789,10.600000381469727,10.960000038146973,8.10470962524414,3200
2018-12-27,11.319999694824219,11.399999618530273,11.020000457763672,11.020000457763672,8.149079322814941,6200
2018-12-28,11.380000114440918,11.699999809265137,11.050000190734863,11.699999809265137,8.651925086975098,5700
2018-12-31,11.600000381469727,11.699999809265137,11.430000305175781,11.430000305175781,8.452266693115234,5100
2019-01-02,11.59000015258789,11.59000015258789,11.300000190734863,11.460000038146973,8.474451065063477,1300
2019-01-03,11.420000076293945,11.5,11.420000076293945,11.449999809265137,8.467053413391113,1100
2019-01-04,12.0,12.100000381469727,11.470000267028809,11.75,8.6889009475708,2200
2019-01-07,11.970000267028809,11.970000267028809,11.020000457763672,11.039999961853027,8.16386890411377,6300
2019-01-08,11.020000457763672,11.220000267028809,11.020000457763672,11.119999885559082,8.223024368286133,900
2019-01-09,11.59000015258789,11.59000015258789,11.109999656677246,11.109999656677246,8.2156343460083,3200
2019-01-10,11.329999923706055,11.520000457763672,11.329999923706055,11.430000305175781,8.452266693115234,1000
2019-01-11,11.4399995803833,11.449999809265137,11.4399995803833,11.449999809265137,8.467053413391113,600
2019-01-14,11.5,11.5600004196167,11.470000267028809,11.5600004196167,8.5483980178833,1600
2019-01-15,11.359999656677246,11.470000267028809,11.329999923706055,11.470000267028809,8.481846809387207,1100
2019-01-16,11.470000267028809,11.470000267028809,11.470000267028809,11.470000267028809,8.481846809387207,100
2019-01-17,11.5,11.5,11.25,11.25,8.319158554077148,2200
2019-01-18,11.25,11.640000343322754,11.25,11.25,8.319158554077148,800
2019-01-22,11.430000305175781,11.430000305175781,11.350000381469727,11.350000381469727,8.393105506896973,900
2019-01-23,11.479999542236328,11.619999885559082,11.260000228881836,11.260000228881836,8.326553344726562,7000
2019-01-24,11.260000228881836,11.260000228881836,11.260000228881836,11.260000228881836,8.326553344726562,0
2019-01-25,11.329999923706055,11.34000015258789,11.329999923706055,11.34000015258789,8.385713577270508,400
2019-01-28,11.319999694824219,11.350000381469727,11.319999694824219,11.329999923706055,8.378317832946777,1100
2019-01-29,11.0600004196167,11.199999809265137,11.050000190734863,11.109999656677246,8.2156343460083,4500
2019-01-30,11.100000381469727,11.100000381469727,11.100000381469727,11.100000381469727,8.208236694335938,400
2019-01-31,11.149999618530273,11.199999809265137,11.149999618530273,11.199999809265137,8.282184600830078,600
2019-02-01,11.270000457763672,11.270000457763672,11.109999656677246,11.109999656677246,8.2156343460083,700
2019-02-04,11.279999732971191,11.279999732971191,11.050000190734863,11.050000190734863,8.171263694763184,900
2019-02-05,11.279999732971191,11.75,11.199999809265137,11.260000228881836,8.326553344726562,9100
2019-02-06,11.329999923706055,11.40999984741211,10.899999618530273,10.90999984741211,8.067733764648438,9700
2019-02-07,10.960000038146973,11.479999542236328,10.800000190734863,10.800000190734863,7.986392974853516,5300
2019-02-08,11.180000305175781,11.180000305175781,10.800000190734863,10.800000190734863,7.986392974853516,2200
2019-02-11,11.149999618530273,11.149999618530273,10.800000190734863,10.800000190734863,7.986392974853516,3700
2019-02-12,10.8100004196167,11.0,10.760000228881836,10.760000228881836,7.956815242767334,9800
2019-02-13,11.050000190734863,11.050000190734863,11.050000190734863,11.050000190734863,8.171263694763184,400
2019-02-14,10.850000381469727,11.25,10.850000381469727,11.130000114440918,8.230423927307129,7300
2019-02-15,11.199999809265137,11.3100004196167,11.149999618530273,11.15999984741211,8.252607345581055,900
2019-02-19,11.5,11.5,11.149999618530273,11.149999618530273,8.245210647583008,1500
2019-02-20,11.25,11.25,11.149999618530273,11.149999618530273,8.245210647583008,1100
2019-02-21,11.34000015258789,11.600000381469727,11.220000267028809,11.220000267028809,8.296976089477539,1500
2019-02-22,11.25,11.300000190734863,11.25,11.300000190734863,8.356133460998535,400
2019-02-25,11.369999885559082,11.369999885559082,11.100000381469727,11.100000381469727,8.208236694335938,7900
2019-02-26,11.25,11.25,11.100000381469727,11.100000381469727,8.208236694335938,1500
2019-02-27,11.100000381469727,11.489999771118164,11.100000381469727,11.300000190734863,8.356133460998535,1000
2019-02-28,11.119999885559082,11.229999542236328,11.100000381469727,11.229999542236328,8.304368019104004,2000
2019-03-01,11.010000228881836,11.149999618530273,10.869999885559082,10.930000305175781,8.082524299621582,3200
2019-03-04,11.0,11.239999771118164,10.8100004196167,10.850000381469727,8.023368835449219,10900
2019-03-05,11.239999771118164,11.239999771118164,10.760000228881836,10.920000076293945,8.0751314163208,6700
2019-03-06,11.100000381469727,11.140000343322754,10.8100004196167,11.100000381469727,8.208236694335938,3100
2019-03-07,10.729999542236328,10.760000228881836,10.710000038146973,10.760000228881836,8.053308486938477,1800
2019-03-08,10.75,10.75,10.75,10.75,8.04582405090332,700
2019-03-11,10.699999809265137,11.079999923706055,10.40999984741211,10.550000190734863,7.896135330200195,6400
2019-03-12,10.550000190734863,10.649999618530273,10.550000190734863,10.649999618530273,7.9709792137146,3800
2019-03-13,10.859999656677246,10.880000114440918,10.699999809265137,10.800000190734863,8.083245277404785,4200
2019-03-14,10.890000343322754,10.920000076293945,10.25,10.25,7.671601295471191,9300
2019-03-15,10.770000457763672,10.779999732971191,10.399999618530273,10.399999618530273,7.783865451812744,4600
2019-03-18,10.399999618530273,10.760000228881836,10.399999618530273,10.550000190734863,7.896135330200195,3700
2019-03-19,10.770000457763672,10.850000381469727,10.770000457763672,10.819999694824219,8.098214149475098,6400
2019-03-20,10.930000305175781,10.9399995803833,10.75,10.9399995803833,8.188028335571289,6700
2019-03-21,10.970000267028809,11.039999961853027,10.930000305175781,10.930000305175781,8.18054485321045,5800
2019-03-22,11.0,11.029999732971191,10.920000076293945,10.920000076293945,8.173060417175293,6300
2019-03-25,10.989999771118164,11.149999618530273,10.65999984741211,11.020000457763672,8.247905731201172,13700
2019-03-26,10.710000038146973,10.859999656677246,10.65999984741211,10.859999656677246,8.128152847290039,1700
2019-03-27,10.899999618530273,10.949999809265137,10.899999618530273,10.949999809265137,8.195513725280762,600
2019-03-28,10.9399995803833,10.9399995803833,10.890000343322754,10.890000343322754,8.150606155395508,1500
2019-03-29,10.890000343322754,10.9399995803833,10.800000190734863,10.850000381469727,8.120667457580566,1900
2019-04-01,10.770000457763672,10.930000305175781,10.75,10.8100004196167,8.090729713439941,5200
2019-04-02,10.779999732971191,10.850000381469727,10.760000228881836,10.770000457763672,8.06079387664795,9800
2019-04-03,10.800000190734863,10.800000190734863,10.789999961853027,10.789999961853027,8.075761795043945,3400
2019-04-04,10.75,10.75,10.640000343322754,10.640000343322754,7.963494300842285,1200
2019-04-05,10.800000190734863,10.800000190734863,10.569999694824219,10.569999694824219,7.911101818084717,400
2019-04-08,10.600000381469727,10.699999809265137,10.600000381469727,10.699999809265137,8.008401870727539,1300
2019-04-09,10.699999809265137,10.800000190734863,10.699999809265137,10.779999732971191,8.068276405334473,3700
2019-04-10,10.850000381469727,10.880000114440918,10.619999885559082,10.619999885559082,7.948525905609131,1200
2019-04-11,10.619999885559082,10.619999885559082,10.619999885559082,10.619999885559082,7.948525905609131,100
2019-04-12,10.680000305175781,10.960000038146973,10.680000305175781,10.9399995803833,8.188028335571289,1100
2019-04-15,10.890000343322754,10.890000343322754,10.890000343322754,10.890000343322754,8.150606155395508,600
2019-04-16,11.0,11.050000190734863,11.0,11.050000190734863,8.27035903930664,1400
2019-04-17,11.079999923706055,11.079999923706055,10.949999809265137,10.949999809265137,8.195513725280762,1900
2019-04-18,10.899999618530273,11.050000190734863,10.760000228881836,10.989999771118164,8.225451469421387,7500
2019-04-22,11.050000190734863,11.229999542236328,11.0,11.100000381469727,8.307780265808105,2900
2019-04-23,11.260000228881836,11.489999771118164,11.130000114440918,11.149999618530273,8.34520149230957,2000
2019-04-24,11.180000305175781,11.380000114440918,11.170000076293945,11.25,8.420049667358398,4600
2019-04-25,11.25,11.390000343322754,11.25,11.390000343322754,8.524829864501953,9000
2019-04-26,11.380000114440918,11.380000114440918,11.369999885559082,11.369999885559082,8.509860038757324,600
2019-04-29,11.369999885559082,11.369999885559082,11.369999885559082,11.369999885559082,8.509860038757324,100
2019-04-30,11.420000076293945,11.420000076293945,11.300000190734863,11.300000190734863,8.457470893859863,7700
2019-05-01,11.420000076293945,11.489999771118164,11.350000381469727,11.420000076293945,8.547283172607422,3400
2019-05-02,11.489999771118164,11.850000381469727,11.390000343322754,11.390000343322754,8.524829864501953,600
2019-05-03,11.710000038146973,11.84000015258789,11.670000076293945,11.84000015258789,8.861631393432617,900
2019-05-06,11.770000457763672,11.850000381469727,11.75,11.75,8.794272422790527,2800
2019-05-07,11.34000015258789,11.75,11.319999694824219,11.319999694824219,8.472437858581543,6900
2019-05-08,11.600000381469727,11.600000381469727,11.460000038146973,11.460000038146973,8.577223777770996,700
2019-05-09,11.460000038146973,11.460000038146973,11.460000038146973,11.460000038146973,8.577223777770996,100
2019-05-10,11.3100004196167,11.850000381469727,11.3100004196167,11.760000228881836,8.801758766174316,3000
2019-05-13,11.75,11.75,11.489999771118164,11.489999771118164,8.599674224853516,1600
2019-05-14,11.550000190734863,11.550000190734863,11.470000267028809,11.489999771118164,8.599674224853516,2600
2019-05-15,11.470000267028809,11.470000267028809,11.329999923706055,11.329999923706055,8.479925155639648,1100
2019-05-16,11.40999984741211,11.40999984741211,11.40999984741211,11.40999984741211,8.539800643920898,1300
2019-05-17,11.399999618530273,11.399999618530273,11.300000190734863,11.300000190734863,8.457470893859863,2200
2019-05-20,11.329999923706055,11.329999923706055,11.329999923706055,11.329999923706055,8.479925155639648,400
2019-05-21,11.34000015258789,11.350000381469727,11.130000114440918,11.130000114440918,8.33023452758789,18800
2019-05-22,11.079999923706055,11.109999656677246,11.0,11.0,8.232935905456543,2200
2019-05-23,11.149999618530273,11.149999618530273,11.050000190734863,11.0600004196167,8.27784252166748,2400
2019-05-24,11.140000343322754,11.149999618530273,11.069999694824219,11.149999618530273,8.34520149230957,5300
2019-05-28,11.119999885559082,11.149999618530273,11.119999885559082,11.149999618530273,8.34520149230957,700
2019-05-29,11.260000228881836,11.510000228881836,11.260000228881836,11.460000038146973,8.577223777770996,6300
2019-05-30,11.5,11.550000190734863,11.15999984741211,11.260000228881836,8.427535057067871,6100
2019-05-31,11.319999694824219,11.319999694824219,11.300000190734863,11.300000190734863,8.457470893859863,1400
2019-06-03,11.550000190734863,11.550000190734863,11.550000190734863,11.550000190734863,8.644584655761719,200
2019-06-04,11.739999771118164,11.739999771118164,11.460000038146973,11.520000457763672,8.622129440307617,3800
2019-06-05,11.430000305175781,11.470000267028809,11.329999923706055,11.470000267028809,8.58470630645752,1300
2019-06-06,11.479999542236328,11.75,11.479999542236328,11.550000190734863,8.644584655761719,1400
2019-06-07,11.460000038146973,11.84000015258789,11.420000076293945,11.420000076293945,8.648368835449219,7900
2019-06-10,11.510000228881836,11.630000114440918,11.510000228881836,11.630000114440918,8.807404518127441,1700
2019-06-11,11.630000114440918,11.640000343322754,11.270000457763672,11.520000457763672,8.724099159240723,1200
2019-06-12,11.630000114440918,11.630000114440918,11.630000114440918,11.630000114440918,8.807404518127441,200
2019-06-13,11.5,11.5,11.5,11.5,8.708952903747559,1400
2019-06-14,11.279999732971191,11.529999732971191,11.270000457763672,11.529999732971191,8.731671333312988,3000
2019-06-17,11.529999732971191,11.529999732971191,11.529999732971191,11.529999732971191,8.731671333312988,100
2019-06-18,11.510000228881836,11.510000228881836,11.300000190734863,11.300000190734863,8.55749225616455,4700
2019-06-19,11.279999732971191,11.279999732971191,11.270000457763672,11.270000457763672,8.534774780273438,1700
2019-06-20,11.739999771118164,11.75,11.300000190734863,11.670000076293945,8.83769416809082,10200
2019-06-21,11.5,11.5,11.270000457763672,11.270000457763672,8.534774780273438,10600
2019-06-24,11.319999694824219,11.369999885559082,11.319999694824219,11.369999885559082,8.610503196716309,1000
2019-06-25,11.380000114440918,11.40999984741211,11.380000114440918,11.40999984741211,8.640795707702637,6500
2019-06-26,11.4399995803833,11.470000267028809,11.4399995803833,11.470000267028809,8.686233520507812,4100
2019-06-27,11.489999771118164,11.489999771118164,11.420000076293945,11.420000076293945,8.648368835449219,1200
2019-06-28,11.430000305175781,11.5,11.270000457763672,11.270000457763672,8.534774780273438,3300
2019-07-01,11.399999618530273,11.420000076293945,11.359999656677246,11.420000076293945,8.648368835449219,1000
2019-07-02,11.359999656677246,11.4399995803833,11.350000381469727,11.420000076293945,8.648368835449219,2300
2019-07-03,11.4399995803833,11.4399995803833,11.399999618530273,11.430000305175781,8.655943870544434,1100
2019-07-05,11.430000305175781,11.5,11.430000305175781,11.5,8.708952903747559,5200
2019-07-08,11.5,11.5,11.40999984741211,11.40999984741211,8.640795707702637,3700
2019-07-09,11.40999984741211,11.40999984741211,11.40999984741211,11.40999984741211,8.640795707702637,100
2019-07-10,11.5,11.5,11.40999984741211,11.40999984741211,8.640795707702637,500
2019-07-11,11.449999809265137,11.5,11.449999809265137,11.5,8.708952903747559,900
2019-07-12,11.4399995803833,11.4399995803833,11.260000228881836,11.260000228881836,8.527202606201172,9500
2019-07-15,11.34000015258789,11.5,11.34000015258789,11.5,8.708952903747559,4300
2019-07-16,11.369999885559082,11.369999885559082,11.34000015258789,11.34000015258789,8.587785720825195,600
2019-07-17,11.399999618530273,11.40999984741211,11.399999618530273,11.40999984741211,8.640795707702637,1700
2019-07-18,11.399999618530273,11.449999809265137,11.390000343322754,11.390000343322754,8.625648498535156,900
2019-07-19,11.5,11.5,11.359999656677246,11.399999618530273,8.633222579956055,800
2019-07-22,11.369999885559082,11.420000076293945,11.350000381469727,11.420000076293945,8.648368835449219,2100
2019-07-23,11.399999618530273,11.399999618530273,11.369999885559082,11.369999885559082,8.610503196716309,400
2019-07-24,11.479999542236328,11.489999771118164,11.420000076293945,11.489999771118164,8.701377868652344,2100
2019-07-25,11.5,11.5,11.449999809265137,11.479999542236328,8.693806648254395,5600
2019-07-26,11.479999542236328,11.479999542236328,11.300000190734863,11.399999618530273,8.633222579956055,5100
2019-07-29,11.470000267028809,11.5,11.399999618530273,11.399999618530273,8.633222579956055,2100
2019-07-30,11.449999809265137,11.5,11.40999984741211,11.5,8.708952903747559,3100
2019-07-31,11.5,11.5,11.289999961853027,11.289999961853027,8.549920082092285,5200
2019-08-01,11.4399995803833,11.4399995803833,11.25,11.25,8.51962947845459,2000
2019-08-02,11.270000457763672,11.399999618530273,11.270000457763672,11.399999618530273,8.633222579956055,2400
2019-08-05,11.5,11.5,11.350000381469727,11.350000381469727,8.595358848571777,1200
2019-08-06,11.270000457763672,11.369999885559082,11.25,11.270000457763672,8.534774780273438,9000
2019-08-07,11.260000228881836,11.40999984741211,11.260000228881836,11.40999984741211,8.640795707702637,3400
2019-08-08,11.399999618530273,11.489999771118164,11.210000038146973,11.210000038146973,8.489337921142578,1700
2019-08-09,11.399999618530273,11.399999618530273,11.270000457763672,11.270000457763672,8.534774780273438,400
2019-08-12,11.149999618530273,11.460000038146973,11.050000190734863,11.460000038146973,8.678661346435547,2200
2019-08-13,11.319999694824219,11.319999694824219,11.319999694824219,11.319999694824219,8.572637557983398,900
2019-08-14,11.270000457763672,11.270000457763672,11.239999771118164,11.239999771118164,8.512056350708008,1300
2019-08-15,11.210000038146973,11.210000038146973,11.109999656677246,11.170000076293945,8.4590425491333,700
2019-08-16,11.170000076293945,11.229999542236328,11.170000076293945,11.229999542236328,8.504481315612793,600
2019-08-19,11.229999542236328,11.229999542236328,11.170000076293945,11.1899995803833,8.474189758300781,1800
2019-08-20,11.15999984741211,11.229999542236328,11.079999923706055,11.140000343322754,8.436326026916504,10000
2019-08-21,11.09000015258789,11.199999809265137,11.09000015258789,11.109999656677246,8.413605690002441,1400
2019-08-22,11.0,11.229999542236328,11.0,11.100000381469727,8.406031608581543,8800
2019-08-23,11.15999984741211,11.300000190734863,11.15999984741211,11.300000190734863,8.55749225616455,1400
2019-08-26,11.100000381469727,11.210000038146973,11.100000381469727,11.210000038146973,8.489337921142578,2800
2019-08-27,11.109999656677246,11.109999656677246,11.010000228881836,11.010000228881836,8.337879180908203,3100
2019-08-28,11.140000343322754,11.140000343322754,11.050000190734863,11.050000190734863,8.368170738220215,2400
2019-08-29,11.119999885559082,11.1899995803833,11.119999885559082,11.149999618530273,8.443896293640137,2900
2019-08-30,11.15999984741211,11.479999542236328,11.15999984741211,11.449999809265137,8.671089172363281,3800
2019-09-03,11.329999923706055,11.329999923706055,11.25,11.289999961853027,8.549920082092285,4900
2019-09-04,11.300000190734863,11.3100004196167,11.15999984741211,11.25,8.51962947845459,3000
2019-09-05,11.260000228881836,11.449999809265137,11.260000228881836,11.34000015258789,8.587785720825195,6700
2019-09-06,11.380000114440918,11.5,11.34000015258789,11.430000305175781,8.655943870544434,6100
2019-09-09,11.430000305175781,11.430000305175781,11.260000228881836,11.359999656677246,8.708066940307617,2000
2019-09-10,11.270000457763672,11.34000015258789,11.260000228881836,11.34000015258789,8.692737579345703,2300
2019-09-11,11.260000228881836,11.399999618530273,11.260000228881836,11.390000343322754,8.731062889099121,3600
2019-09-12,11.300000190734863,11.640000343322754,11.300000190734863,11.5,8.815386772155762,27800
2019-09-13,11.359999656677246,11.65999984741211,11.199999809265137,11.34000015258789,8.692737579345703,15000
2019-09-16,11.34000015258789,11.380000114440918,11.279999732971191,11.380000114440918,8.723400115966797,3300
2019-09-17,11.359999656677246,11.359999656677246,11.350000381469727,11.359999656677246,8.708066940307617,1000
2019-09-18,11.270000457763672,11.470000267028809,11.270000457763672,11.399999618530273,8.738728523254395,2400
2019-09-19,11.399999618530273,11.5,11.300000190734863,11.5,8.815386772155762,32900
2019-09-20,11.600000381469727,11.850000381469727,11.600000381469727,11.850000381469727,9.083680152893066,7500
2019-09-23,11.649999618530273,11.760000228881836,11.510000228881836,11.75,9.007023811340332,9400
2019-09-24,11.739999771118164,12.260000228881836,11.319999694824219,11.319999694824219,8.677406311035156,31400
2019-09-25,11.3100004196167,11.680000305175781,11.260000228881836,11.260000228881836,8.631412506103516,4700
2019-09-26,11.680000305175781,11.680000305175781,11.350000381469727,11.350000381469727,8.70040225982666,900
2019-09-27,11.260000228881836,11.460000038146973,11.260000228881836,11.260000228881836,8.631412506103516,5400
2019-09-30,11.260000228881836,11.300000190734863,11.149999618530273,11.149999618530273,8.547091484069824,5200
2019-10-01,11.149999618530273,11.319999694824219,11.119999885559082,11.119999885559082,8.524096488952637,5500
2019-10-02,11.130000114440918,11.149999618530273,11.0600004196167,11.0600004196167,8.47810173034668,5700
2019-10-03,11.109999656677246,11.119999885559082,11.0600004196167,11.0600004196167,8.47810173034668,3200
2019-10-04,11.210000038146973,11.25,10.880000114440918,10.970000267028809,8.409110069274902,9800
2019-10-07,10.9399995803833,10.989999771118164,10.869999885559082,10.869999885559082,8.332456588745117,5100
2019-10-08,10.930000305175781,10.989999771118164,10.869999885559082,10.970000267028809,8.409110069274902,1900
2019-10-09,10.9399995803833,11.029999732971191,10.9399995803833,10.989999771118164,8.424440383911133,11100
2019-10-10,11.119999885559082,11.369999885559082,11.119999885559082,11.369999885559082,8.715733528137207,5100
2019-10-11,11.300000190734863,11.380000114440918,11.300000190734863,11.380000114440918,8.723400115966797,2300
2019-10-14,11.579999923706055,11.770000457763672,11.579999923706055,11.770000457763672,9.022358894348145,4200
2019-10-15,11.640000343322754,11.699999809265137,11.350000381469727,11.510000228881836,8.823051452636719,2200
2019-10-16,11.479999542236328,11.729999542236328,11.479999542236328,11.699999809265137,8.968697547912598,9300
2019-10-17,11.770000457763672,12.0,11.699999809265137,11.710000038146973,8.976363182067871,6800
2019-10-18,11.699999809265137,11.699999809265137,11.699999809265137,11.699999809265137,8.968697547912598,700
2019-10-21,11.800000190734863,11.800000190734863,11.800000190734863,11.800000190734863,9.045352935791016,3100
2019-10-22,11.920000076293945,11.920000076293945,11.680000305175781,11.789999961853027,9.037686347961426,8800
2019-10-23,11.970000267028809,11.989999771118164,11.84000015258789,11.850000381469727,9.083680152893066,2300
2019-10-24,11.90999984741211,11.90999984741211,11.760000228881836,11.770000457763672,9.022358894348145,1200
2019-10-25,11.800000190734863,11.800000190734863,11.800000190734863,11.800000190734863,9.045352935791016,400
2019-10-28,11.84000015258789,12.100000381469727,11.829999923706055,11.829999923706055,9.068349838256836,3100
2019-10-29,12.09000015258789,12.09000015258789,11.829999923706055,11.829999923706055,9.068349838256836,3400
2019-10-30,11.970000267028809,11.970000267028809,11.970000267028809,11.970000267028809,9.175667762756348,100
2019-10-31,11.949999809265137,11.949999809265137,11.9399995803833,11.9399995803833,9.152668952941895,300
2019-11-01,12.09000015258789,12.09000015258789,12.020000457763672,12.050000190734863,9.236991882324219,3000
2019-11-04,12.010000228881836,12.0600004196167,11.949999809265137,11.949999809265137,9.160334587097168,2700
2019-11-05,11.970000267028809,12.0,11.960000038146973,12.0,9.198663711547852,1400
2019-11-06,11.949999809265137,12.079999923706055,11.949999809265137,12.050000190734863,9.236991882324219,2800
2019-11-07,12.399999618530273,12.399999618530273,12.25,12.359999656677246,9.474623680114746,6800
2019-11-08,12.319999694824219,12.319999694824219,12.25,12.25,9.390300750732422,3800
2019-11-11,11.970000267028809,11.970000267028809,11.970000267028809,11.970000267028809,9.175667762756348,300
2019-11-12,12.0,12.550000190734863,11.949999809265137,12.550000190734863,9.620266914367676,3700
2019-11-13,12.460000038146973,12.460000038146973,12.3100004196167,12.319999694824219,9.443961143493652,3400
2019-11-14,12.289999961853027,12.430000305175781,12.289999961853027,12.40999984741211,9.512951850891113,4900
2019-11-15,12.550000190734863,12.550000190734863,12.350000381469727,12.350000381469727,9.466958999633789,1500
2019-11-18,12.550000190734863,12.550000190734863,12.479999542236328,12.550000190734863,9.620266914367676,4000
2019-11-19,12.449999809265137,12.550000190734863,12.449999809265137,12.449999809265137,9.543611526489258,2300
2019-11-20,12.550000190734863,12.550000190734863,12.170000076293945,12.170000076293945,9.328977584838867,5100
2019-11-21,12.449999809265137,12.539999961853027,12.359999656677246,12.479999542236328,9.566608428955078,1700
2019-11-22,12.470000267028809,12.489999771118164,12.390000343322754,12.470000267028809,9.558944702148438,5400
2019-11-25,12.539999961853027,12.720000267028809,12.489999771118164,12.699999809265137,9.735251426696777,5400
2019-11-26,12.680000305175781,12.760000228881836,12.640000343322754,12.680000305175781,9.719922065734863,3600
2019-11-27,12.680000305175781,12.680000305175781,12.680000305175781,12.680000305175781,9.719922065734863,0
2019-11-29,12.75,12.75,12.75,12.75,9.773578643798828,400
2019-12-02,12.800000190734863,13.0,12.760000228881836,12.960000038146973,9.934556007385254,9100
2019-12-03,13.0,13.0,12.899999618530273,12.9399995803833,9.919225692749023,6900
2019-12-04,13.0,13.0,12.899999618530273,12.899999618530273,9.88856315612793,12400
2019-12-05,13.0,13.229999542236328,12.960000038146973,13.0,9.965219497680664,8400
2019-12-06,13.229999542236328,13.5,13.119999885559082,13.300000190734863,10.195184707641602,7300
2019-12-09,13.4399995803833,13.4399995803833,13.010000228881836,13.319999694824219,10.319137573242188,5000
2019-12-10,13.199999809265137,13.260000228881836,13.199999809265137,13.25,10.264907836914062,1900
2019-12-11,13.25,13.25,13.25,13.25,10.264907836914062,200
2019-12-12,13.34000015258789,13.34000015258789,13.239999771118164,13.260000228881836,10.272655487060547,1400
2019-12-13,13.239999771118164,13.25,13.180000305175781,13.1899995803833,10.218426704406738,3700
2019-12-16,13.149999618530273,13.300000190734863,13.149999618530273,13.199999809265137,10.226173400878906,2800
2019-12-17,13.399999618530273,13.399999618530273,12.989999771118164,13.109999656677246,10.156449317932129,4800
2019-12-18,13.109999656677246,13.25,13.109999656677246,13.170000076293945,10.202932357788086,2700
2019-12-19,13.229999542236328,13.380000114440918,13.199999809265137,13.300000190734863,10.303645133972168,4000
2019-12-20,13.489999771118164,13.890000343322754,13.449999809265137,13.890000343322754,10.760722160339355,13700
2019-12-23,13.699999809265137,14.25,13.699999809265137,13.989999771118164,10.838193893432617,15300
2019-12-24,14.109999656677246,14.529999732971191,14.109999656677246,14.489999771118164,11.225549697875977,8700
2019-12-26,14.510000228881836,14.550000190734863,14.489999771118164,14.520000457763672,11.248791694641113,6600
2019-12-27,14.569999694824219,14.920000076293945,14.550000190734863,14.680000305175781,11.3727445602417,10900
2019-12-30,14.710000038146973,15.5600004196167,14.640000343322754,15.300000190734863,11.853065490722656,16700
2019-12-31,15.5,15.5,14.300000190734863,14.300000190734863,11.078353881835938,2800
2020-01-02,14.390000343322754,14.75,14.300000190734863,14.75,11.426974296569824,10900
2020-01-03,14.760000228881836,14.760000228881836,14.380000114440918,14.399999618530273,11.155826568603516,2500
2020-01-06,14.510000228881836,14.779999732971191,14.420000076293945,14.5,11.233295440673828,2000
2020-01-07,14.529999732971191,14.5600004196167,14.430000305175781,14.460000038146973,11.202308654785156,2100
2020-01-08,14.550000190734863,14.550000190734863,14.079999923706055,14.079999923706055,10.907919883728027,6700
2020-01-09,14.079999923706055,14.149999618530273,14.0,14.010000228881836,10.85368824005127,2500
2020-01-10,14.260000228881836,14.5,14.010000228881836,14.420000076293945,11.171319961547852,2100
2020-01-13,14.199999809265137,14.199999809265137,14.199999809265137,14.199999809265137,11.000884056091309,700
2020-01-14,14.149999618530273,14.220000267028809,14.0600004196167,14.0600004196167,10.892424583435059,400
2020-01-15,14.199999809265137,14.390000343322754,14.199999809265137,14.329999923706055,11.101594924926758,2000
2020-01-16,14.5,14.5,14.350000381469727,14.350000381469727,11.117091178894043,2000
2020-01-17,14.5,14.5,14.350000381469727,14.350000381469727,11.117091178894043,3700
2020-01-21,14.5,14.5,14.079999923706055,14.149999618530273,10.96214771270752,9000
2020-01-22,14.149999618530273,14.149999618530273,13.569999694824219,13.569999694824219,10.512816429138184,7700
2020-01-23,13.760000228881836,13.760000228881836,13.359999656677246,13.600000381469727,10.536057472229004,10500
2020-01-24,13.600000381469727,13.600000381469727,13.600000381469727,13.600000381469727,10.536057472229004,1400
2020-01-27,13.479999542236328,13.9399995803833,13.3100004196167,13.9399995803833,10.799459457397461,1300
2020-01-28,13.739999771118164,13.739999771118164,13.420000076293945,13.420000076293945,10.39660930633545,1200
2020-01-29,13.449999809265137,13.489999771118164,13.319999694824219,13.40999984741211,10.388863563537598,2700
2020-01-30,13.40999984741211,13.40999984741211,13.40999984741211,13.40999984741211,10.388863563537598,0
2020-01-31,13.5,14.279999732971191,13.5,14.239999771118164,11.031871795654297,5800
2020-02-03,14.319999694824219,14.319999694824219,14.199999809265137,14.199999809265137,11.000884056091309,3800
2020-02-04,14.3100004196167,14.3100004196167,14.109999656677246,14.15999984741211,10.969895362854004,3900
2020-02-05,14.15999984741211,14.170000076293945,13.619999885559082,14.0,10.845942497253418,4500
2020-02-06,14.100000381469727,14.100000381469727,14.0600004196167,14.0600004196167,10.892424583435059,500
2020-02-07,13.979999542236328,13.979999542236328,13.829999923706055,13.829999923706055,10.714241027832031,2800
2020-02-10,13.949999809265137,14.050000190734863,13.819999694824219,13.949999809265137,10.807205200195312,3900
2020-02-11,13.90999984741211,14.050000190734863,13.800000190734863,13.920000076293945,10.783964157104492,3500
2020-02-12,13.930000305175781,14.050000190734863,13.819999694824219,14.029999732971191,10.869183540344238,3800
2020-02-13,14.15999984741211,14.479999542236328,14.15999984741211,14.479999542236328,11.217803001403809,3200
2020-02-14,14.5,14.890000343322754,14.430000305175781,14.5,11.233295440673828,8300
2020-02-18,14.5,14.699999809265137,14.5,14.649999618530273,11.349501609802246,6800
2020-02-19,14.4399995803833,14.579999923706055,14.399999618530273,14.449999809265137,11.194560050964355,21900
2020-02-20,14.399999618530273,14.529999732971191,14.399999618530273,14.520000457763672,11.248791694641113,1000
2020-02-21,14.399999618530273,14.399999618530273,14.319999694824219,14.329999923706055,11.101594924926758,1100
2020-02-24,14.0,14.3100004196167,14.0,14.0,10.845942497253418,5900
2020-02-25,14.25,14.25,13.75,13.75,10.652264595031738,12800
2020-02-26,13.989999771118164,14.109999656677246,13.5,13.5,10.458585739135742,5500
2020-02-27,13.350000381469727,14.029999732971191,13.25,13.4399995803833,10.412105560302734,7400
2020-02-28,13.329999923706055,13.859999656677246,13.25,13.859999656677246,10.737481117248535,14000
2020-03-02,13.9399995803833,14.229999542236328,13.75,13.949999809265137,10.807205200195312,6600
2020-03-03,14.0,14.0,13.609999656677246,13.619999885559082,10.551551818847656,1800
2020-03-04,13.5,13.949999809265137,13.5,13.699999809265137,10.613527297973633,3600
2020-03-05,13.65999984741211,13.819999694824219,13.510000228881836,13.510000228881836,10.46633243560791,1200
2020-03-06,13.8100004196167,13.8100004196167,13.289999961853027,13.529999732971191,10.481828689575195,9000
2020-03-09,13.25,13.25,12.5,12.600000381469727,9.865620613098145,12000
2020-03-10,12.800000190734863,12.800000190734863,12.350000381469727,12.630000114440918,9.88910961151123,17400
2020-03-11,12.350000381469727,12.399999618530273,11.75,11.84000015258789,9.270548820495605,7900
2020-03-12,11.270000457763672,11.270000457763672,10.100000381469727,10.710000038146973,8.385778427124023,11000
2020-03-13,10.789999961853027,10.789999961853027,9.949999809265137,10.079999923706055,7.8924946784973145,12000
2020-03-16,10.600000381469727,10.729999542236328,7.639999866485596,10.069999694824219,7.8846659660339355,7100
2020-03-17,9.039999961853027,9.789999961853027,8.65999984741211,9.649999618530273,7.55580997467041,7600
2020-03-18,9.800000190734863,9.9399995803833,9.300000190734863,9.90999984741211,7.7593865394592285,6900
2020-03-19,9.59000015258789,9.880000114440918,8.920000076293945,9.3100004196167,7.289596080780029,6200
2020-03-20,9.630000114440918,10.199999809265137,9.25,9.619999885559082,7.532320976257324,12100
2020-03-23,9.619999885559082,10.4399995803833,9.0,10.4399995803833,8.174370765686035,32500
2020-03-24,10.4399995803833,10.4399995803833,8.949999809265137,9.529999732971191,7.461852550506592,12500
2020-03-25,9.529999732971191,9.84000015258789,9.449999809265137,9.600000381469727,7.516661643981934,5000
2020-03-26,9.970000267028809,9.970000267028809,9.600000381469727,9.800000190734863,7.6732587814331055,2300
2020-03-27,9.90999984741211,11.119999885559082,9.90999984741211,11.119999885559082,8.706799507141113,17500
2020-03-30,11.119999885559082,11.520000457763672,10.619999885559082,10.619999885559082,8.3153076171875,4700
2020-03-31,10.729999542236328,11.020000457763672,10.729999542236328,11.020000457763672,8.628500938415527,2700
2020-04-01,11.020000457763672,11.020000457763672,10.460000038146973,10.729999542236328,8.401434898376465,7500
2020-04-02,10.5,10.630000114440918,10.5,10.5,8.22134780883789,3400
2020-04-03,10.510000228881836,10.949999809265137,10.260000228881836,10.260000228881836,8.033432960510254,5600
2020-04-06,10.100000381469727,10.100000381469727,9.829999923706055,9.829999923706055,7.696747779846191,4100
2020-04-07,10.1899995803833,10.1899995803833,9.100000381469727,9.100000381469727,7.1251702308654785,16200
2020-04-08,9.579999923706055,9.600000381469727,9.119999885559082,9.199999809265137,7.203467845916748,8300
2020-04-09,9.199999809265137,9.9399995803833,9.199999809265137,9.300000190734863,7.281764030456543,8800
2020-04-13,9.300000190734863,9.579999923706055,9.300000190734863,9.550000190734863,7.477510929107666,3200
2020-04-14,9.899999618530273,10.100000381469727,9.84000015258789,9.899999618530273,7.751556396484375,1600
2020-04-15,9.640000343322754,9.75,9.329999923706055,9.420000076293945,7.375723361968994,5900
2020-04-16,9.5600004196167,9.65999984741211,9.350000381469727,9.350000381469727,7.320915699005127,2400
2020-04-17,10.210000038146973,10.229999542236328,9.420000076293945,9.529999732971191,7.461852550506592,3800
2020-04-20,9.550000190734863,9.699999809265137,9.399999618530273,9.539999961853027,7.469680309295654,4600
2020-04-21,9.600000381469727,9.649999618530273,9.300000190734863,9.550000190734863,7.477510929107666,2500
2020-04-22,9.350000381469727,9.6899995803833,9.350000381469727,9.670000076293945,7.571471214294434,5600
2020-04-23,9.520000457763672,9.65999984741211,9.300000190734863,9.529999732971191,7.461852550506592,5900
2020-04-24,9.489999771118164,9.640000343322754,9.380000114440918,9.640000343322754,7.547979354858398,2000
2020-04-27,9.670000076293945,10.25,9.65999984741211,10.020000457763672,7.845517158508301,4700
2020-04-28,10.0,10.149999618530273,9.5600004196167,10.149999618530273,7.94730281829834,7500
2020-04-29,10.25,10.899999618530273,10.029999732971191,10.270000457763672,8.041261672973633,12400
2020-04-30,10.0,10.5,9.630000114440918,10.220000267028809,8.00211238861084,2400
2020-05-01,10.039999961853027,10.199999809265137,9.869999885559082,10.029999732971191,7.853343963623047,2800
2020-05-04,9.829999923706055,10.140000343322754,9.819999694824219,10.069999694824219,7.8846659660339355,10700
2020-05-05,10.079999923706055,10.15999984741211,10.069999694824219,10.119999885559082,7.923813819885254,1700
2020-05-06,10.149999618530273,10.800000190734863,9.34000015258789,10.260000228881836,8.033432960510254,27400
2020-05-07,10.260000228881836,10.260000228881836,10.260000228881836,10.260000228881836,8.033432960510254,0
2020-05-08,9.989999771118164,10.739999771118164,9.729999542236328,10.739999771118164,8.40926456451416,5200
2020-05-11,10.65999984741211,10.65999984741211,10.069999694824219,10.069999694824219,7.8846659660339355,6300
2020-05-12,10.069999694824219,10.449999809265137,10.010000228881836,10.329999923706055,8.088240623474121,4000
2020-05-13,10.119999885559082,10.119999885559082,9.829999923706055,9.899999618530273,7.751556396484375,6200
2020-05-14,9.989999771118164,10.020000457763672,9.529999732971191,9.729999542236328,7.618448734283447,3700
2020-05-15,10.069999694824219,10.069999694824219,9.640000343322754,9.640000343322754,7.547979354858398,1400
2020-05-18,9.670000076293945,10.020000457763672,9.65999984741211,9.729999542236328,7.618448734283447,10200
2020-05-19,9.710000038146973,10.109999656677246,9.710000038146973,9.930000305175781,7.775047779083252,4500
2020-05-20,10.09000015258789,10.09000015258789,9.949999809265137,9.949999809265137,7.790706157684326,2200
2020-05-21,9.970000267028809,10.1899995803833,9.869999885559082,9.869999885559082,7.7280683517456055,4600
2020-05-22,9.8100004196167,10.180000305175781,9.8100004196167,10.180000305175781,7.970792293548584,5500
2020-05-26,9.989999771118164,10.180000305175781,9.989999771118164,10.180000305175781,7.970792293548584,1300
2020-05-27,10.25,11.649999618530273,10.199999809265137,11.550000190734863,9.04348373413086,19900
2020-05-28,11.539999961853027,11.640000343322754,10.979999542236328,11.050000190734863,8.651989936828613,13800
2020-05-29,11.050000190734863,11.550000190734863,11.039999961853027,11.380000114440918,8.910377502441406,4900
2020-06-01,11.069999694824219,11.479999542236328,11.069999694824219,11.079999923706055,8.675480842590332,2100
2020-06-02,11.3100004196167,11.550000190734863,11.0600004196167,11.390000343322754,8.918205261230469,3100
2020-06-03,11.550000190734863,11.550000190734863,11.140000343322754,11.449999809265137,8.96518325805664,4400
2020-06-04,11.479999542236328,11.479999542236328,11.109999656677246,11.300000190734863,8.847737312316895,2400
2020-06-05,11.449999809265137,12.140000343322754,11.34000015258789,12.0,9.395825386047363,14600
2020-06-08,12.6899995803833,13.75,12.6899995803833,13.699999809265137,10.726900100708008,30100
2020-06-09,13.600000381469727,13.600000381469727,12.119999885559082,12.789999961853027,10.120015144348145,8700
2020-06-10,12.40999984741211,12.649999618530273,12.40999984741211,12.649999618530273,10.00924301147461,1800
2020-06-11,11.210000038146973,11.550000190734863,9.850000381469727,10.649999618530273,8.426753044128418,9300
2020-06-12,11.270000457763672,11.270000457763672,10.220000267028809,10.4399995803833,8.260594367980957,1500
2020-06-15,10.399999618530273,10.399999618530273,9.850000381469727,10.229999542236328,8.094430923461914,2700
2020-06-16,10.319999694824219,10.850000381469727,10.319999694824219,10.350000381469727,8.189380645751953,8600
2020-06-17,10.720000267028809,11.470000267028809,10.670000076293945,10.720000267028809,8.482142448425293,8300
2020-06-18,11.050000190734863,11.479999542236328,10.720000267028809,10.739999771118164,8.497965812683105,1400
2020-06-19,11.479999542236328,12.899999618530273,10.550000190734863,12.140000343322754,9.60571002960205,12200
2020-06-22,11.130000114440918,12.140000343322754,11.109999656677246,12.100000381469727,9.574060440063477,9000
2020-06-23,12.149999618530273,12.149999618530273,11.470000267028809,12.050000190734863,9.534497261047363,6300
2020-06-24,12.270000457763672,12.270000457763672,11.40999984741211,11.420000076293945,9.036011695861816,7400
2020-06-25,11.390000343322754,12.0,11.1899995803833,11.850000381469727,9.37624740600586,9200
2020-06-26,11.460000038146973,11.529999732971191,11.010000228881836,11.010000228881836,8.711604118347168,6600
2020-06-29,11.109999656677246,11.449999809265137,11.010000228881836,11.449999809265137,9.059749603271484,6100
2020-06-30,11.15999984741211,11.520000457763672,11.15999984741211,11.520000457763672,9.11513614654541,4100
2020-07-01,11.520000457763672,11.550000190734863,11.520000457763672,11.550000190734863,9.138875007629395,700
2020-07-02,11.649999618530273,11.680000305175781,11.5,11.600000381469727,9.178437232971191,4000
2020-07-06,11.649999618530273,11.649999618530273,11.479999542236328,11.550000190734863,9.138875007629395,2400
2020-07-07,11.619999885559082,11.789999961853027,11.300000190734863,11.300000190734863,8.94106388092041,1300
2020-07-08,11.420000076293945,11.84000015258789,11.100000381469727,11.84000015258789,9.368334770202637,1900
2020-07-09,11.470000267028809,11.550000190734863,11.210000038146973,11.470000267028809,9.075576782226562,3200
2020-07-10,11.199999809265137,11.40999984741211,11.199999809265137,11.369999885559082,8.996451377868652,2000
2020-07-13,11.489999771118164,11.489999771118164,11.0,11.0,8.703689575195312,3700
2020-07-14,11.0,11.1899995803833,10.949999809265137,11.010000228881836,8.711604118347168,4800
2020-07-15,11.130000114440918,11.420000076293945,11.130000114440918,11.390000343322754,9.012274742126465,1000
2020-07-16,11.130000114440918,11.300000190734863,11.130000114440918,11.279999732971191,8.925238609313965,400
2020-07-17,11.25,11.449999809265137,11.25,11.399999618530273,9.020185470581055,2000
2020-07-20,11.420000076293945,11.420000076293945,11.300000190734863,11.300000190734863,8.94106388092041,2300
2020-07-21,11.260000228881836,11.5,10.949999809265137,10.949999809265137,8.664128303527832,8800
2020-07-22,10.949999809265137,11.430000305175781,10.75,10.949999809265137,8.664128303527832,5100
2020-07-23,10.949999809265137,10.949999809265137,10.949999809265137,10.949999809265137,8.664128303527832,600
2020-07-24,10.949999809265137,10.949999809265137,10.949999809265137,10.949999809265137,8.664128303527832,700
2020-07-27,10.949999809265137,11.029999732971191,10.699999809265137,10.699999809265137,8.466315269470215,2300
2020-07-28,10.90999984741211,10.949999809265137,10.720000267028809,10.949999809265137,8.664128303527832,1900
2020-07-29,10.819999694824219,11.039999961853027,10.819999694824219,11.039999961853027,8.735340118408203,1400
2020-07-30,10.970000267028809,11.020000457763672,10.5,10.5,8.308067321777344,3400
2020-07-31,10.550000190734863,10.75,10.550000190734863,10.670000076293945,8.44257926940918,2200
2020-08-03,10.8100004196167,10.930000305175781,10.649999618530273,10.930000305175781,8.648303031921387,1700
2020-08-04,10.920000076293945,10.930000305175781,10.649999618530273,10.899999618530273,8.624566078186035,2000
2020-08-05,10.680000305175781,10.850000381469727,10.680000305175781,10.850000381469727,8.585001945495605,900
2020-08-06,10.850000381469727,10.850000381469727,10.829999923706055,10.850000381469727,8.585001945495605,1100
2020-08-07,10.899999618530273,10.899999618530273,10.899999618530273,10.899999618530273,8.624566078186035,900
2020-08-10,11.0,11.0,10.350000381469727,10.890000343322754,8.616652488708496,7600
2020-08-11,11.010000228881836,11.09000015258789,10.899999618530273,10.899999618530273,8.624566078186035,7700
2020-08-12,11.050000190734863,11.180000305175781,11.010000228881836,11.130000114440918,8.806551933288574,3600
2020-08-13,11.130000114440918,11.130000114440918,10.920000076293945,11.029999732971191,8.727426528930664,4800
2020-08-14,11.039999961853027,11.039999961853027,11.039999961853027,11.039999961853027,8.735340118408203,300
2020-08-17,11.050000190734863,11.050000190734863,11.020000457763672,11.020000457763672,8.719514846801758,1200
2020-08-18,11.149999618530273,11.180000305175781,11.0,11.0,8.703689575195312,9600
2020-08-19,11.039999961853027,11.180000305175781,11.039999961853027,11.180000305175781,8.846114158630371,1300
2020-08-20,11.180000305175781,11.180000305175781,10.739999771118164,10.949999809265137,8.664128303527832,1800
2020-08-21,11.0,11.079999923706055,10.569999694824219,11.079999923706055,8.766989707946777,700
2020-08-24,11.15999984741211,11.1899995803833,10.899999618530273,11.100000381469727,8.782814979553223,2300
2020-08-25,11.25,11.449999809265137,11.25,11.449999809265137,9.059749603271484,800
2020-08-26,11.449999809265137,11.449999809265137,11.350000381469727,11.350000381469727,8.980626106262207,800
2020-08-27,11.350000381469727,11.520000457763672,11.350000381469727,11.460000038146973,9.067663192749023,3200
2020-08-28,11.479999542236328,11.479999542236328,11.34000015258789,11.479999542236328,9.083486557006836,2300
2020-08-31,11.279999732971191,11.550000190734863,11.020000457763672,11.039999961853027,8.735340118408203,3900
2020-09-01,11.0,11.5600004196167,11.0,11.460000038146973,9.067663192749023,3800
2020-09-02,11.550000190734863,11.550000190734863,11.279999732971191,11.279999732971191,8.925238609313965,2400
2020-09-03,11.3100004196167,11.399999618530273,11.3100004196167,11.399999618530273,9.020185470581055,1300
2020-09-04,11.479999542236328,11.75,11.460000038146973,11.699999809265137,9.257560729980469,6700
2020-09-08,11.579999923706055,12.699999809265137,11.579999923706055,12.579999923706055,9.953856468200684,15300
2020-09-09,11.899999618530273,12.699999809265137,11.4399995803833,12.670000076293945,10.140336990356445,8200
2020-09-10,12.380000114440918,12.550000190734863,12.25,12.520000457763672,10.020284652709961,5400
2020-09-11,12.0,12.649999618530273,11.699999809265137,12.449999809265137,9.96426010131836,1600
2020-09-14,11.90999984741211,12.149999618530273,11.779999732971191,11.779999732971191,9.428030967712402,6500
2020-09-15,11.920000076293945,12.079999923706055,11.779999732971191,11.779999732971191,9.428030967712402,2100
2020-09-16,12.0,13.260000228881836,11.9399995803833,12.489999771118164,9.9962739944458,12500
2020-09-17,12.449999809265137,12.449999809265137,12.0600004196167,12.119999885559082,9.70014762878418,3600
2020-09-18,12.579999923706055,12.800000190734863,11.979999542236328,11.979999542236328,9.58810043334961,11400
2020-09-21,11.779999732971191,11.9399995803833,11.779999732971191,11.899999618530273,9.524072647094727,3500
2020-09-22,12.1899995803833,12.329999923706055,11.920000076293945,11.920000076293945,9.540079116821289,1100
2020-09-23,12.479999542236328,12.75,12.329999923706055,12.390000343322754,9.916238784790039,7600
2020-09-24,12.270000457763672,12.270000457763672,12.270000457763672,12.270000457763672,9.820199966430664,700
2020-09-25,12.510000228881836,12.75,12.399999618530273,12.399999618530273,9.92424488067627,7100
2020-09-28,12.449999809265137,12.600000381469727,12.449999809265137,12.460000038146973,9.972264289855957,1400
2020-09-29,12.600000381469727,12.869999885559082,12.449999809265137,12.449999809265137,9.96426010131836,6900
2020-09-30,12.15999984741211,12.5600004196167,12.15999984741211,12.5600004196167,10.052298545837402,3600
2020-10-01,12.5600004196167,12.600000381469727,12.069999694824219,12.260000228881836,9.8121976852417,12100
2020-10-02,12.380000114440918,12.699999809265137,12.380000114440918,12.609999656677246,10.092315673828125,5000
2020-10-05,12.649999618530273,12.75,12.25,12.359999656677246,9.892230033874512,4900
2020-10-06,12.479999542236328,13.319999694824219,12.479999542236328,12.880000114440918,10.3084077835083,3400
2020-10-07,12.890000343322754,13.170000076293945,12.34000015258789,12.34000015258789,9.87622356414795,8000
2020-10-08,12.319999694824219,12.600000381469727,12.319999694824219,12.399999618530273,9.92424488067627,1500
2020-10-09,12.149999618530273,12.149999618530273,12.149999618530273,12.149999618530273,9.72415542602539,400
2020-10-12,12.399999618530273,13.020000457763672,12.369999885559082,13.020000457763672,10.42045783996582,3200
2020-10-13,13.020000457763672,13.020000457763672,12.130000114440918,12.130000114440918,9.708149909973145,4900
2020-10-14,12.050000190734863,13.069999694824219,12.029999732971191,12.510000228881836,10.012282371520996,3400
2020-10-15,12.069999694824219,12.069999694824219,12.069999694824219,12.069999694824219,9.660130500793457,200
2020-10-16,12.329999923706055,12.420000076293945,12.109999656677246,12.420000076293945,9.940250396728516,1500
2020-10-19,12.449999809265137,12.449999809265137,12.399999618530273,12.40999984741211,9.932247161865234,800
2020-10-20,12.359999656677246,12.920000076293945,12.079999923706055,12.390000343322754,9.916238784790039,4300
2020-10-21,12.100000381469727,13.350000381469727,12.0600004196167,13.0,10.404449462890625,21000
2020-10-22,13.0,13.0,12.5600004196167,12.680000305175781,10.148340225219727,3800
2020-10-23,12.369999885559082,12.5600004196167,12.289999961853027,12.319999694824219,9.860217094421387,3300
2020-10-26,12.40999984741211,12.40999984741211,12.40999984741211,12.40999984741211,9.932247161865234,300
2020-10-27,12.5600004196167,12.5600004196167,12.430000305175781,12.430000305175781,9.948254585266113,1500
2020-10-28,12.390000343322754,12.390000343322754,12.199999809265137,12.199999809265137,9.764175415039062,800
2020-10-29,12.100000381469727,12.100000381469727,12.010000228881836,12.010000228881836,9.612110137939453,2900
2020-10-30,12.0,12.0,12.0,12.0,9.604106903076172,300
2020-11-02,12.0,12.0,12.0,12.0,9.604106903076172,200
2020-11-03,12.399999618530273,12.399999618530273,12.0,12.029999732971191,9.628118515014648,3800
2020-11-04,12.470000267028809,12.470000267028809,12.470000267028809,12.470000267028809,9.980268478393555,300
2020-11-05,12.25,12.25,12.020000457763672,12.069999694824219,9.660130500793457,1100
2020-11-06,12.069999694824219,12.199999809265137,11.850000381469727,12.170000076293945,9.740164756774902,3100
2020-11-09,12.100000381469727,12.100000381469727,11.84000015258789,11.850000381469727,9.48405647277832,3600
2020-11-10,11.920000076293945,11.960000038146973,11.800000190734863,11.800000190734863,9.444040298461914,5400
2020-11-11,11.800000190734863,11.800000190734863,11.800000190734863,11.800000190734863,9.444040298461914,0
2020-11-12,12.020000457763672,12.350000381469727,11.989999771118164,12.350000381469727,9.88422679901123,6200
2020-11-13,12.380000114440918,12.5,12.380000114440918,12.5,10.004277229309082,1700
2020-11-16,12.449999809265137,12.449999809265137,12.130000114440918,12.15999984741211,9.732159614562988,3900
2020-11-17,12.489999771118164,12.5,12.380000114440918,12.430000305175781,9.948254585266113,1400
2020-11-18,12.279999732971191,12.420000076293945,12.25,12.390000343322754,9.916238784790039,3800
2020-11-19,12.25,12.699999809265137,12.199999809265137,12.5,10.004277229309082,4700
2020-11-20,12.489999771118164,12.489999771118164,12.489999771118164,12.489999771118164,9.9962739944458,200
2020-11-23,12.789999961853027,13.0,12.380000114440918,12.380000114440918,9.908238410949707,3900
2020-11-24,12.479999542236328,12.5,12.449999809265137,12.460000038146973,9.972264289855957,3100
2020-11-25,12.5,12.5,12.260000228881836,12.5,10.004277229309082,3500
2020-11-27,12.630000114440918,12.630000114440918,12.460000038146973,12.460000038146973,9.972264289855957,700
2020-11-30,12.84000015258789,12.9399995803833,12.680000305175781,12.9399995803833,10.356429100036621,4000
2020-12-01,12.84000015258789,12.9399995803833,12.649999618530273,12.930000305175781,10.348426818847656,5800
2020-12-02,12.760000228881836,12.8100004196167,12.479999542236328,12.8100004196167,10.252384185791016,2500
2020-12-03,12.760000228881836,12.920000076293945,12.760000228881836,12.920000076293945,10.340423583984375,1400
2020-12-04,12.899999618530273,12.9399995803833,12.640000343322754,12.720000267028809,10.180355072021484,7900
2020-12-07,12.859999656677246,12.859999656677246,12.6899995803833,12.699999809265137,10.164345741271973,4300
2020-12-08,12.710000038146973,12.9399995803833,12.710000038146973,12.899999618530273,10.32441520690918,8200
2020-12-09,12.9399995803833,13.0600004196167,12.800000190734863,13.050000190734863,10.561543464660645,9600
2020-12-10,13.0,13.069999694824219,12.960000038146973,13.050000190734863,10.561543464660645,4400
2020-12-11,13.010000228881836,13.010000228881836,12.609999656677246,12.609999656677246,10.205445289611816,3000
2020-12-14,12.920000076293945,12.920000076293945,12.779999732971191,12.850000381469727,10.39968204498291,900
2020-12-15,12.850000381469727,12.850000381469727,12.729999542236328,12.850000381469727,10.39968204498291,1000
2020-12-16,12.850000381469727,12.869999885559082,12.75,12.800000190734863,10.359217643737793,5000
2020-12-17,12.699999809265137,12.9399995803833,12.699999809265137,12.9399995803833,10.472518920898438,2600
2020-12-18,13.050000190734863,13.09000015258789,12.619999885559082,12.619999885559082,10.213539123535156,10200
2020-12-21,12.529999732971191,12.989999771118164,12.529999732971191,12.829999923706055,10.383493423461914,8600
2020-12-22,13.029999732971191,13.09000015258789,13.0,13.09000015258789,10.593916893005371,3100
2020-12-23,13.119999885559082,13.59000015258789,13.0,13.0,10.521078109741211,9000
2020-12-24,13.289999961853027,13.40999984741211,13.09000015258789,13.300000190734863,10.763871192932129,4500
2020-12-28,13.520000457763672,13.630000114440918,13.350000381469727,13.350000381469727,10.804339408874512,6400
2020-12-29,13.289999961853027,13.350000381469727,13.289999961853027,13.350000381469727,10.804339408874512,1100
2020-12-30,13.350000381469727,13.350000381469727,13.130000114440918,13.260000228881836,10.731498718261719,3300
2020-12-31,13.050000190734863,13.289999961853027,13.050000190734863,13.180000305175781,10.666754722595215,2400
2021-01-04,13.350000381469727,13.350000381469727,13.0,13.010000228881836,10.52917194366455,4300
2021-01-05,13.359999656677246,13.359999656677246,13.100000381469727,13.319999694824219,10.780058860778809,3500
2021-01-06,13.3100004196167,13.390000343322754,13.119999885559082,13.119999885559082,10.618195533752441,3800
2021-01-07,13.260000228881836,13.319999694824219,13.25,13.3100004196167,10.771965026855469,1000
2021-01-08,13.300000190734863,13.300000190734863,12.710000038146973,12.8100004196167,10.367310523986816,12600
2021-01-11,13.300000190734863,13.300000190734863,12.970000267028809,13.020000457763672,10.53726577758789,5400
2021-01-12,13.220000267028809,13.220000267028809,13.039999961853027,13.069999694824219,10.577730178833008,3600
2021-01-13,13.260000228881836,13.260000228881836,13.1899995803833,13.1899995803833,10.674846649169922,700
2021-01-14,13.09000015258789,13.300000190734863,13.020000457763672,13.199999809265137,10.682940483093262,2600
2021-01-15,13.149999618530273,13.289999961853027,13.079999923706055,13.25,10.723404884338379,3200
2021-01-19,13.279999732971191,14.0,13.279999732971191,14.0,11.330392837524414,9600
2021-01-20,13.65999984741211,13.850000381469727,13.65999984741211,13.699999809265137,11.08759593963623,2000
2021-01-21,13.84000015258789,14.0,13.789999961853027,13.979999542236328,11.314207077026367,6200
2021-01-22,13.90999984741211,14.149999618530273,13.90999984741211,14.069999694824219,11.387042045593262,4000
2021-01-25,14.149999618530273,14.300000190734863,14.0,14.0,11.330392837524414,4600
2021-01-26,14.010000228881836,14.010000228881836,13.649999618530273,13.800000190734863,11.168529510498047,4400
2021-01-27,14.029999732971191,14.029999732971191,13.65999984741211,13.859999656677246,11.21708869934082,3100
2021-01-28,13.84000015258789,13.84000015258789,13.050000190734863,13.130000114440918,10.626290321350098,15900
2021-01-29,13.130000114440918,13.180000305175781,13.0600004196167,13.09000015258789,10.593916893005371,4500
2021-02-01,13.15999984741211,13.710000038146973,13.100000381469727,13.430000305175781,10.869083404541016,2800
2021-02-02,13.270000457763672,13.270000457763672,13.020000457763672,13.109999656677246,10.610103607177734,3000
2021-02-03,13.15999984741211,13.15999984741211,12.819999694824219,12.899999618530273,10.440145492553711,34000
2021-02-04,13.020000457763672,13.020000457763672,12.75,12.75,10.318750381469727,6300
2021-02-05,12.800000190734863,12.800000190734863,12.75,12.800000190734863,10.359217643737793,6000
2021-02-08,12.800000190734863,13.050000190734863,12.75,12.800000190734863,10.359217643737793,7100
2021-02-09,12.8100004196167,12.920000076293945,12.760000228881836,12.760000228881836,10.326842308044434,7100
2021-02-10,13.0,13.0,12.8100004196167,12.8100004196167,10.367310523986816,3100
2021-02-11,12.970000267028809,13.109999656677246,12.90999984741211,12.979999542236328,10.504891395568848,11800
2021-02-12,12.960000038146973,13.050000190734863,12.960000038146973,13.020000457763672,10.53726577758789,1800
2021-02-16,13.0600004196167,13.15999984741211,12.75,12.899999618530273,10.440145492553711,15400
2021-02-17,12.869999885559082,12.899999618530273,12.75,12.75,10.318750381469727,3100
2021-02-18,12.829999923706055,13.020000457763672,12.779999732971191,13.0,10.521078109741211,9000
2021-02-19,13.09000015258789,13.899999618530273,13.0600004196167,13.760000228881836,11.13615608215332,26000
2021-02-22,13.789999961853027,14.40999984741211,13.699999809265137,14.40999984741211,11.662211418151855,12200
2021-02-23,14.4399995803833,14.75,14.079999923706055,14.4399995803833,11.686490058898926,16800
2021-02-24,14.289999961853027,14.699999809265137,13.9399995803833,14.449999809265137,11.694581985473633,8100
2021-02-25,14.420000076293945,14.600000381469727,14.0,14.329999923706055,11.597465515136719,9600
2021-02-26,14.449999809265137,14.59000015258789,14.229999542236328,14.5,11.735048294067383,4700
2021-03-01,14.399999618530273,14.5,14.399999618530273,14.5,11.735048294067383,5600
2021-03-02,14.5,14.739999771118164,14.460000038146973,14.739999771118164,11.929285049438477,4900
2021-03-03,14.739999771118164,14.75,14.4399995803833,14.649999618530273,11.856444358825684,15400
2021-03-04,14.649999618530273,14.970000267028809,14.59000015258789,14.84000015258789,12.010214805603027,8500
2021-03-05,14.800000190734863,15.0,14.640000343322754,15.0,12.139705657958984,27100
2021-03-08,15.0,15.880000114440918,14.960000038146973,15.880000114440918,12.851900100708008,29100
2021-03-09,14.9399995803833,15.890000343322754,14.869999885559082,14.90999984741211,12.254386901855469,12100
2021-03-10,14.880000114440918,15.25,14.6899995803833,15.0,12.328357696533203,11400
2021-03-11,14.40999984741211,14.84000015258789,14.40999984741211,14.649999618530273,12.040695190429688,9200
2021-03-12,14.789999961853027,14.789999961853027,14.75,14.75,12.122883796691895,1100
2021-03-15,14.770000457763672,14.770000457763672,14.270000457763672,14.289999961853027,11.744815826416016,8500
2021-03-16,14.09000015258789,14.09000015258789,13.8100004196167,13.850000381469727,11.383183479309082,5300
2021-03-17,13.960000038146973,14.850000381469727,13.710000038146973,14.069999694824219,11.563997268676758,7600
2021-03-18,14.100000381469727,14.779999732971191,13.800000190734863,13.800000190734863,11.34208869934082,6000
2021-03-19,14.1899995803833,14.470000267028809,14.1899995803833,14.449999809265137,11.876317024230957,6200
2021-03-22,14.4399995803833,14.699999809265137,13.970000267028809,14.25,11.71194076538086,4700
2021-03-23,14.350000381469727,14.520000457763672,14.09000015258789,14.100000381469727,11.588656425476074,6300
2021-03-24,14.34000015258789,14.40999984741211,14.239999771118164,14.319999694824219,11.76947021484375,5000
2021-03-25,14.079999923706055,14.359999656677246,14.079999923706055,14.239999771118164,11.703720092773438,3500
2021-03-26,14.170000076293945,14.34000015258789,14.170000076293945,14.319999694824219,11.76947021484375,2800
2021-03-29,14.380000114440918,14.739999771118164,14.380000114440918,14.5,11.917411804199219,11300
2021-03-30,14.649999618530273,14.770000457763672,14.5,14.680000305175781,12.065353393554688,19200
2021-03-31,14.59000015258789,14.960000038146973,14.25,14.319999694824219,11.76947021484375,12700
2021-04-01,14.4399995803833,14.529999732971191,14.329999923706055,14.489999771118164,11.909192085266113,6600
2021-04-05,14.5,14.779999732971191,14.5,14.760000228881836,12.131104469299316,9400
2021-04-06,14.760000228881836,14.869999885559082,14.760000228881836,14.869999885559082,12.22150993347168,3700
2021-04-07,14.989999771118164,14.989999771118164,14.5600004196167,14.829999923706055,12.18863582611084,4300
2021-04-08,14.529999732971191,14.529999732971191,14.529999732971191,14.529999732971191,11.942069053649902,400
2021-04-09,14.65999984741211,14.65999984741211,14.579999923706055,14.579999923706055,11.983161926269531,600
2021-04-12,14.720000267028809,14.84000015258789,14.720000267028809,14.84000015258789,12.196854591369629,1500
2021-04-13,14.850000381469727,14.850000381469727,14.6899995803833,14.699999809265137,12.081789016723633,1200
2021-04-14,14.539999961853027,14.670000076293945,14.430000305175781,14.670000076293945,12.057134628295898,2300
2021-04-15,14.479999542236328,14.670000076293945,14.479999542236328,14.65999984741211,12.04891586303711,800
2021-04-16,14.779999732971191,14.90999984741211,14.600000381469727,14.770000457763672,12.139321327209473,9100
2021-04-19,14.8100004196167,14.8100004196167,14.800000190734863,14.800000190734863,12.163979530334473,1000
2021-04-20,14.949999809265137,15.050000190734863,14.949999809265137,14.949999809265137,12.287261962890625,6300
2021-04-21,14.989999771118164,15.0,14.989999771118164,15.0,12.328357696533203,600
2021-04-22,14.770000457763672,15.039999961853027,14.760000228881836,14.760000228881836,12.131104469299316,3400
2021-04-23,15.199999809265137,15.34000015258789,15.199999809265137,15.270000457763672,12.550267219543457,10500
2021-04-26,15.149999618530273,15.510000228881836,15.149999618530273,15.5,12.739302635192871,1300
2021-04-27,15.1899995803833,15.319999694824219,15.149999618530273,15.319999694824219,12.591361045837402,1300
2021-04-28,15.5,15.5,15.229999542236328,15.229999542236328,12.517394065856934,2300
2021-04-29,15.25,15.300000190734863,15.25,15.300000190734863,12.57492446899414,800
2021-04-30,15.199999809265137,15.5,15.0,15.0,12.328357696533203,6700
2021-05-03,15.1899995803833,15.199999809265137,14.680000305175781,14.9399995803833,12.27904224395752,6000
2021-05-04,14.989999771118164,14.989999771118164,14.949999809265137,14.949999809265137,12.287261962890625,1900
2021-05-05,15.050000190734863,15.199999809265137,14.960000038146973,15.069999694824219,12.38588809967041,3100
2021-05-06,15.050000190734863,15.289999961853027,14.949999809265137,15.010000228881836,12.336575508117676,6100
2021-05-07,15.029999732971191,15.25,15.029999732971191,15.119999885559082,12.426983833312988,800
2021-05-10,14.949999809265137,15.100000381469727,14.949999809265137,14.960000038146973,12.295483589172363,8300
2021-05-11,14.949999809265137,15.029999732971191,14.949999809265137,14.949999809265137,12.287261962890625,1900
2021-05-12,14.84000015258789,14.979999542236328,14.84000015258789,14.979999542236328,12.311918258666992,2300
2021-05-13,14.710000038146973,15.300000190734863,14.710000038146973,14.880000114440918,12.229730606079102,4100
2021-05-14,15.010000228881836,15.229999542236328,15.0,15.0,12.328357696533203,6900
2021-05-17,15.119999885559082,15.210000038146973,15.020000457763672,15.069999694824219,12.38588809967041,1400
2021-05-18,15.020000457763672,15.229999542236328,15.020000457763672,15.100000381469727,12.41054630279541,4800
2021-05-19,15.109999656677246,15.229999542236328,15.100000381469727,15.109999656677246,12.4187650680542,1100
2021-05-20,15.149999618530273,15.199999809265137,15.100000381469727,15.199999809265137,12.492735862731934,5200
2021-05-21,15.229999542236328,15.350000381469727,15.220000267028809,15.25,12.533828735351562,1600
2021-05-24,15.3100004196167,15.3100004196167,15.1899995803833,15.1899995803833,12.484516143798828,2100
2021-05-25,15.300000190734863,15.300000190734863,15.130000114440918,15.149999618530273,12.451640129089355,1800
2021-05-26,15.140000343322754,15.140000343322754,15.039999961853027,15.09000015258789,12.402328491210938,2100
2021-05-27,15.069999694824219,15.069999694824219,14.90999984741211,14.949999809265137,12.287261962890625,3000
2021-05-28,15.0600004196167,15.210000038146973,14.979999542236328,14.979999542236328,12.311918258666992,1100
2021-06-01,15.170000076293945,15.25,15.029999732971191,15.1899995803833,12.484516143798828,7100
2021-06-02,15.350000381469727,15.350000381469727,15.199999809265137,15.329999923706055,12.599581718444824,6300
2021-06-03,15.130000114440918,15.289999961853027,15.0,15.170000076293945,12.46807861328125,14900
2021-06-04,15.140000343322754,15.399999618530273,15.140000343322754,15.279999732971191,12.558486938476562,9200
2021-06-07,15.5,15.5,15.199999809265137,15.359999656677246,12.624235153198242,10400
2021-06-08,15.369999885559082,15.670000076293945,15.359999656677246,15.65999984741211,12.870805740356445,13700
2021-06-09,15.420000076293945,15.4399995803833,15.180000305175781,15.4399995803833,12.808587074279785,4300
2021-06-10,15.460000038146973,15.5,15.369999885559082,15.369999885559082,12.750515937805176,9600
2021-06-11,15.239999771118164,15.430000305175781,15.0600004196167,15.0600004196167,12.4933500289917,5500
2021-06-14,14.979999542236328,15.25,14.039999961853027,14.619999885559082,12.128338813781738,11200
2021-06-15,14.779999732971191,15.149999618530273,14.579999923706055,14.979999542236328,12.426983833312988,1600
2021-06-16,15.140000343322754,15.199999809265137,14.949999809265137,14.949999809265137,12.40209674835205,9700
2021-06-17,14.949999809265137,14.960000038146973,14.550000190734863,14.699999809265137,12.194704055786133,8600
2021-06-18,14.829999923706055,15.039999961853027,14.319999694824219,15.0,12.443575859069824,24900
2021-06-21,14.770000457763672,15.180000305175781,14.239999771118164,14.569999694824219,12.086859703063965,11400
2021-06-22,14.479999542236328,15.119999885559082,14.479999542236328,14.65999984741211,12.161520957946777,5600
2021-06-23,14.619999885559082,15.100000381469727,14.420000076293945,14.630000114440918,12.136634826660156,10400
2021-06-24,14.600000381469727,14.899999618530273,14.529999732971191,14.529999732971191,12.053677558898926,6400
2021-06-25,14.539999961853027,14.920000076293945,14.1899995803833,14.920000076293945,12.377208709716797,23000
2021-06-28,14.770000457763672,15.199999809265137,14.430000305175781,14.550000190734863,12.070267677307129,11700
2021-06-29,14.5600004196167,14.569999694824219,14.550000190734863,14.550000190734863,12.070267677307129,1300
2021-06-30,14.4399995803833,14.510000228881836,14.260000228881836,14.260000228881836,11.829693794250488,4200
2021-07-01,14.279999732971191,14.579999923706055,14.279999732971191,14.289999961853027,11.854580879211426,4600
2021-07-02,14.430000305175781,14.630000114440918,14.430000305175781,14.630000114440918,12.136634826660156,600
2021-07-06,14.479999542236328,14.520000457763672,14.399999618530273,14.399999618530273,11.945834159851074,1700
2021-07-07,14.279999732971191,14.289999961853027,14.0,14.010000228881836,11.622300148010254,10100
2021-07-08,14.0,14.149999618530273,14.0,14.109999656677246,11.705255508422852,2200
2021-07-09,14.029999732971191,14.270000457763672,14.0,14.0600004196167,11.663778305053711,4100
2021-07-12,14.010000228881836,14.170000076293945,14.010000228881836,14.109999656677246,11.705255508422852,7500
2021-07-13,14.020000457763672,14.079999923706055,14.020000457763672,14.079999923706055,11.680371284484863,1500
2021-07-14,14.0,14.229999542236328,13.029999732971191,13.5,11.199216842651367,19900
2021-07-15,13.319999694824219,13.59000015258789,13.020000457763672,13.020000457763672,10.801024436950684,9200
2021-07-16,12.880000114440918,13.40999984741211,12.880000114440918,13.029999732971191,10.809318542480469,11200
2021-07-19,12.729999542236328,13.319999694824219,12.729999542236328,13.170000076293945,10.925458908081055,6500
2021-07-20,13.229999542236328,13.430000305175781,12.899999618530273,12.899999618530273,10.701473236083984,12000
2021-07-21,12.899999618530273,13.199999809265137,12.899999618530273,13.100000381469727,10.867390632629395,3700
2021-07-22,13.149999618530273,13.180000305175781,12.90999984741211,12.989999771118164,10.776138305664062,2700
2021-07-23,13.0,13.210000038146973,12.989999771118164,13.0,10.784433364868164,7500
2021-07-26,12.9399995803833,13.119999885559082,12.850000381469727,12.920000076293945,10.718067169189453,5600
2021-07-27,12.859999656677246,13.029999732971191,12.859999656677246,13.0,10.784433364868164,7300
2021-07-28,13.109999656677246,13.109999656677246,13.0,13.0,10.784433364868164,1100
2021-07-29,13.0,13.119999885559082,12.989999771118164,13.0,10.784433364868164,8000
2021-07-30,13.0,13.0,12.949999809265137,13.0,10.784433364868164,11200
2021-08-02,12.899999618530273,13.5600004196167,12.899999618530273,13.0,10.784433364868164,7700
2021-08-03,12.9399995803833,13.0,12.859999656677246,12.979999542236328,10.767841339111328,15200
2021-08-04,12.949999809265137,13.0,12.949999809265137,12.989999771118164,10.776138305664062,4100
2021-08-05,13.109999656677246,13.550000190734863,13.079999923706055,13.34000015258789,11.066485404968262,22300
2021-08-06,13.40999984741211,13.479999542236328,13.199999809265137,13.479999542236328,11.182625770568848,12200
2021-08-09,13.960000038146973,14.0600004196167,13.609999656677246,14.0600004196167,11.663778305053711,10500
2021-08-10,14.199999809265137,14.829999923706055,14.0,14.100000381469727,11.696961402893066,16600
2021-08-11,14.0,14.600000381469727,13.350000381469727,14.220000267028809,11.7965087890625,51100
2021-08-12,14.100000381469727,14.579999923706055,13.59000015258789,14.569999694824219,12.086859703063965,12200
2021-08-13,14.680000305175781,14.680000305175781,14.15999984741211,14.399999618530273,11.945834159851074,4100
2021-08-16,14.5,14.550000190734863,14.5,14.550000190734863,12.070267677307129,1800
2021-08-17,14.369999885559082,14.369999885559082,14.3100004196167,14.3100004196167,11.871171951293945,1000
2021-08-18,14.460000038146973,14.5,14.039999961853027,14.5,12.028789520263672,16700
2021-08-19,14.279999732971191,14.8100004196167,14.0,14.369999885559082,11.920944213867188,7300
2021-08-20,14.510000228881836,14.649999618530273,14.510000228881836,14.649999618530273,12.153225898742676,2700
2021-08-23,14.640000343322754,14.640000343322754,14.359999656677246,14.390000343322754,11.937536239624023,2100
2021-08-24,14.5,14.789999961853027,14.369999885559082,14.789999961853027,12.269365310668945,1800
2021-08-25,14.569999694824219,15.359999656677246,14.569999694824219,15.100000381469727,12.526534080505371,6000
2021-08-26,15.789999961853027,15.789999961853027,15.119999885559082,15.149999618530273,12.568010330200195,7800
2021-08-27,15.369999885559082,16.540000915527344,15.369999885559082,15.789999961853027,13.09893798828125,6400
2021-08-30,15.789999961853027,16.81999969482422,15.369999885559082,15.619999885559082,12.95790958404541,15000
2021-08-31,15.489999771118164,16.170000076293945,15.109999656677246,15.149999618530273,12.568010330200195,16300
2021-09-01,15.020000457763672,16.5,15.010000228881836,15.390000343322754,12.767107963562012,28900
2021-09-02,15.510000228881836,16.399999618530273,15.430000305175781,15.680000305175781,13.007683753967285,11500
2021-09-03,15.779999732971191,15.779999732971191,15.600000381469727,15.600000381469727,12.941317558288574,1000
2021-09-07,15.600000381469727,15.680000305175781,15.470000267028809,15.489999771118164,12.850065231323242,1700
2021-09-08,15.390000343322754,15.5,15.359999656677246,15.5,12.85836124420166,4900
2021-09-09,15.289999961853027,15.5,15.229999542236328,15.229999542236328,12.75617790222168,8000
2021-09-10,15.210000038146973,15.329999923706055,15.010000228881836,15.010000228881836,12.57191276550293,2100
2021-09-13,15.229999542236328,15.279999732971191,14.90999984741211,14.90999984741211,12.488155364990234,1800
2021-09-14,14.970000267028809,15.149999618530273,14.899999618530273,14.949999809265137,12.521658897399902,1400
2021-09-15,15.039999961853027,15.039999961853027,14.989999771118164,15.0,12.56353759765625,700
2021-09-16,15.149999618530273,15.3100004196167,15.0,15.010000228881836,12.57191276550293,5000
2021-09-17,15.010000228881836,15.149999618530273,14.850000381469727,14.989999771118164,12.555159568786621,15400
2021-09-20,15.149999618530273,15.350000381469727,15.039999961853027,15.229999542236328,12.75617790222168,8200
2021-09-21,15.34000015258789,15.390000343322754,14.90999984741211,14.90999984741211,12.488155364990234,7200
2021-09-22,15.09000015258789,15.5,14.210000038146973,14.210000038146973,11.901856422424316,20700
2021-09-23,14.539999961853027,14.890000343322754,14.460000038146973,14.510000228881836,12.153127670288086,6300
2021-09-24,14.680000305175781,14.800000190734863,14.619999885559082,14.6899995803833,12.3038911819458,1900
2021-09-27,14.850000381469727,15.140000343322754,14.800000190734863,14.819999694824219,12.412773132324219,8200
2021-09-28,15.140000343322754,15.140000343322754,15.109999656677246,15.109999656677246,12.655668258666992,1800
2021-09-29,14.970000267028809,15.100000381469727,14.829999923706055,14.829999923706055,12.421151161193848,1500
2021-09-30,15.109999656677246,15.109999656677246,14.300000190734863,14.300000190734863,11.977238655090332,5500
2021-10-01,14.609999656677246,15.229999542236328,14.609999656677246,14.920000076293945,12.496533393859863,5200
2021-10-04,15.260000228881836,15.279999732971191,14.920000076293945,14.920000076293945,12.496533393859863,2500
2021-10-05,15.390000343322754,15.390000343322754,15.180000305175781,15.180000305175781,12.714298248291016,2300
2021-10-06,15.220000267028809,15.380000114440918,15.010000228881836,15.380000114440918,12.88181209564209,2900
2021-10-07,15.40999984741211,15.40999984741211,15.079999923706055,15.15999984741211,12.697547912597656,2500
2021-10-08,15.420000076293945,15.420000076293945,15.420000076293945,15.420000076293945,12.915316581726074,200
2021-10-11,15.229999542236328,15.399999618530273,14.979999542236328,15.039999961853027,12.597039222717285,4000
2021-10-12,15.039999961853027,15.039999961853027,15.039999961853027,15.039999961853027,12.597039222717285,200
2021-10-13,15.149999618530273,15.149999618530273,14.960000038146973,14.960000038146973,12.530034065246582,400
2021-10-14,15.149999618530273,15.149999618530273,15.0,15.0,12.56353759765625,900
2021-10-15,15.180000305175781,15.180000305175781,15.050000190734863,15.100000381469727,12.647293090820312,800
2021-10-18,14.949999809265137,15.050000190734863,14.949999809265137,15.050000190734863,12.605415344238281,700
2021-10-19,15.09000015258789,15.09000015258789,15.09000015258789,15.09000015258789,12.638917922973633,600
2021-10-20,15.119999885559082,15.149999618530273,15.050000190734863,15.050000190734863,12.605415344238281,2800
2021-10-21,15.229999542236328,15.229999542236328,15.229999542236328,15.229999542236328,12.75617790222168,500
2021-10-22,15.130000114440918,15.130000114440918,15.130000114440918,15.130000114440918,12.6724214553833,300
2021-10-25,15.0,15.119999885559082,15.0,15.0,12.56353759765625,2600
2021-10-26,15.220000267028809,15.220000267028809,14.949999809265137,14.949999809265137,12.521658897399902,2900
2021-10-27,15.09000015258789,15.220000267028809,14.979999542236328,15.0,12.56353759765625,2600
2021-10-28,15.09000015258789,15.149999618530273,14.979999542236328,15.149999618530273,12.689170837402344,5500
2021-10-29,15.149999618530273,15.149999618530273,15.0,15.010000228881836,12.57191276550293,2700
2021-11-01,15.149999618530273,15.149999618530273,15.100000381469727,15.100000381469727,12.647293090820312,1500
2021-11-02,14.899999618530273,15.050000190734863,14.890000343322754,15.050000190734863,12.605415344238281,2600
2021-11-03,14.84000015258789,14.949999809265137,14.8100004196167,14.850000381469727,12.43790340423584,2100
2021-11-04,14.8100004196167,14.979999542236328,14.600000381469727,14.979999542236328,12.546784400939941,5700
2021-11-05,14.760000228881836,15.100000381469727,14.760000228881836,14.890000343322754,12.471404075622559,6900
2021-11-08,14.779999732971191,15.100000381469727,14.75,14.949999809265137,12.521658897399902,5500
2021-11-09,15.0600004196167,15.100000381469727,14.949999809265137,15.100000381469727,12.647293090820312,4800
2021-11-10,15.140000343322754,15.149999618530273,14.899999618530273,15.079999923706055,12.63054370880127,2600
2021-11-11,15.079999923706055,15.079999923706055,15.079999923706055,15.079999923706055,12.63054370880127,0
2021-11-12,15.149999618530273,15.149999618530273,15.079999923706055,15.149999618530273,12.689170837402344,1600
2021-11-15,15.149999618530273,15.149999618530273,15.149999618530273,15.149999618530273,12.689170837402344,0
2021-11-16,15.050000190734863,15.149999618530273,15.010000228881836,15.100000381469727,12.647293090820312,3500
2021-11-17,15.069999694824219,15.069999694824219,15.069999694824219,15.069999694824219,12.622167587280273,400
2021-11-18,15.149999618530273,15.449999809265137,15.109999656677246,15.449999809265137,12.940442085266113,5400
2021-11-19,15.279999732971191,15.4399995803833,15.140000343322754,15.140000343322754,12.680797576904297,2000
2021-11-22,15.350000381469727,15.449999809265137,15.350000381469727,15.449999809265137,12.940442085266113,1700
2021-11-23,15.4399995803833,15.449999809265137,15.420000076293945,15.430000305175781,12.923691749572754,5000
2021-11-24,15.449999809265137,15.5,15.350000381469727,15.5,12.982321739196777,10900
2021-11-26,15.369999885559082,15.369999885559082,15.369999885559082,15.369999885559082,12.873435974121094,900
2021-11-29,15.3100004196167,15.489999771118164,15.3100004196167,15.40999984741211,12.906940460205078,2600
2021-11-30,15.359999656677246,15.449999809265137,15.210000038146973,15.399999618530273,12.898563385009766,5900
2021-12-01,15.520000457763672,15.520000457763672,15.350000381469727,15.399999618530273,12.898563385009766,4200
2021-12-02,15.350000381469727,15.5,15.350000381469727,15.489999771118164,12.973943710327148,9300
2021-12-03,15.510000228881836,15.609999656677246,15.489999771118164,15.5,12.982321739196777,4500
2021-12-06,15.680000305175781,15.949999809265137,15.649999618530273,15.899999618530273,13.317349433898926,8100
2021-12-07,15.760000228881836,16.0,15.760000228881836,15.949999809265137,13.35922908782959,7900
2021-12-08,16.0,16.030000686645508,15.869999885559082,15.869999885559082,13.292222023010254,9400
2021-12-09,15.800000190734863,16.270000457763672,15.720000267028809,15.739999771118164,13.309133529663086,9300
2021-12-10,15.75,16.049999237060547,15.75,15.949999809265137,13.486701011657715,5100
2021-12-13,16.0,16.0,15.829999923706055,15.829999923706055,13.385232925415039,4700
2021-12-14,15.829999923706055,16.239999771118164,15.800000190734863,15.989999771118164,13.520523071289062,3200
2021-12-15,15.960000038146973,16.25,15.8100004196167,15.8100004196167,13.368324279785156,9800
2021-12-16,16.010000228881836,16.450000762939453,15.819999694824219,16.0,13.528979301452637,21900
2021-12-17,15.970000267028809,16.110000610351562,15.8100004196167,15.819999694824219,13.376778602600098,24400
2021-12-20,16.100000381469727,16.100000381469727,15.5,15.569999694824219,13.165387153625488,35800
2021-12-21,15.819999694824219,16.170000076293945,15.40999984741211,15.40999984741211,13.030098915100098,26300
2021-12-22,15.520000457763672,15.800000190734863,15.520000457763672,15.609999656677246,13.199209213256836,3700
2021-12-23,15.880000114440918,16.350000381469727,15.779999732971191,16.239999771118164,13.731914520263672,11100
2021-12-27,16.229999542236328,16.299999237060547,16.059999465942383,16.059999465942383,13.579712867736816,2900
2021-12-28,16.399999618530273,16.399999618530273,16.34000015258789,16.34000015258789,13.816473007202148,600
2021-12-29,16.3799991607666,16.81999969482422,16.299999237060547,16.520000457763672,13.968669891357422,10400
2021-12-30,16.6299991607666,16.989999771118164,16.579999923706055,16.610000610351562,14.04477310180664,4300
2021-12-31,16.68000030517578,17.100000381469727,16.510000228881836,16.65999984741211,14.08704948425293,1500
2022-01-03,17.760000228881836,17.760000228881836,16.649999618530273,16.8799991607666,14.273072242736816,5300
2022-01-04,16.920000076293945,17.579999923706055,16.920000076293945,17.5,14.797319412231445,2400
2022-01-05,17.350000381469727,17.5,17.299999237060547,17.299999237060547,14.62820816040039,10200
2022-01-06,17.3799991607666,17.3799991607666,16.899999618530273,17.239999771118164,14.577474594116211,7900
2022-01-07,17.290000915527344,18.6299991607666,17.040000915527344,17.969999313354492,15.194735527038574,13400
2022-01-10,20.829999923706055,20.829999923706055,17.25,18.09000015258789,15.296201705932617,11500
2022-01-11,18.079999923706055,18.270000457763672,17.299999237060547,17.979999542236328,15.2031888961792,7700
2022-01-12,17.979999542236328,18.850000381469727,17.559999465942383,18.229999542236328,15.414579391479492,6600
2022-01-13,18.25,18.479999542236328,17.40999984741211,17.760000228881836,15.017167091369629,7500
2022-01-14,17.3700008392334,17.670000076293945,17.3700008392334,17.670000076293945,14.94106674194336,1200
2022-01-18,17.649999618530273,17.940000534057617,17.360000610351562,17.510000228881836,14.805778503417969,1700
2022-01-19,17.360000610351562,17.360000610351562,17.110000610351562,17.25,14.585929870605469,8400
2022-01-20,17.190000534057617,17.6200008392334,17.059999465942383,17.520000457763672,14.81423282623291,3500
2022-01-21,17.010000228881836,17.850000381469727,17.010000228881836,17.229999542236328,14.569019317626953,4900
2022-01-24,17.34000015258789,17.34000015258789,16.90999984741211,16.90999984741211,14.298439025878906,4200
2022-01-25,16.809999465942383,16.860000610351562,16.809999465942383,16.809999465942383,14.213882446289062,1300
2022-01-26,17.149999618530273,17.40999984741211,17.0,17.170000076293945,14.51828384399414,2300
2022-01-27,16.979999542236328,16.979999542236328,16.889999389648438,16.889999389648438,14.281526565551758,800
2022-01-28,16.889999389648438,17.0,16.889999389648438,17.0,14.374539375305176,1200
2022-01-31,17.0,17.25,17.0,17.1299991607666,14.48446273803711,1600
2022-02-01,17.1299991607666,17.1299991607666,17.059999465942383,17.100000381469727,14.459097862243652,1000
2022-02-02,17.229999542236328,17.360000610351562,16.809999465942383,17.040000915527344,14.408366203308105,4500
2022-02-03,17.040000915527344,17.040000915527344,17.040000915527344,17.040000915527344,14.408366203308105,400
2022-02-04,16.809999465942383,16.899999618530273,16.809999465942383,16.899999618530273,14.289984703063965,1300
2022-02-07,16.950000762939453,17.0,16.950000762939453,17.0,14.374539375305176,1000
2022-02-08,16.899999618530273,17.0,16.899999618530273,17.0,14.374539375305176,800
2022-02-09,16.81999969482422,16.81999969482422,16.81999969482422,16.81999969482422,14.22234058380127,500
2022-02-10,17.0,17.0,17.0,17.0,14.374539375305176,500
2022-02-11,16.950000762939453,17.0,16.950000762939453,17.0,14.374539375305176,500
2022-02-14,16.850000381469727,17.600000381469727,16.850000381469727,16.850000381469727,14.247708320617676,6700
2022-02-15,16.850000381469727,16.8799991607666,16.850000381469727,16.8799991607666,14.273072242736816,1300
2022-02-16,16.5,17.200000762939453,16.5,17.200000762939453,14.543655395507812,700
2022-02-17,16.809999465942383,17.239999771118164,16.809999465942383,17.239999771118164,14.577474594116211,1200
2022-02-18,17.299999237060547,17.299999237060547,16.850000381469727,16.850000381469727,14.247708320617676,1400
2022-02-22,17.25,17.790000915527344,17.190000534057617,17.25,14.585929870605469,10100
2022-02-23,17.200000762939453,17.200000762939453,16.860000610351562,16.860000610351562,14.256162643432617,2400
2022-02-24,17.059999465942383,17.1299991607666,16.75,16.770000457763672,14.180063247680664,5400
2022-02-25,16.770000457763672,16.959999084472656,16.770000457763672,16.8700008392334,14.264616966247559,1300
2022-02-28,17.200000762939453,17.25,17.010000228881836,17.010000228881836,14.38299560546875,3500
2022-03-01,17.149999618530273,17.3700008392334,16.850000381469727,17.100000381469727,14.459097862243652,16000
2022-03-02,17.100000381469727,17.299999237060547,17.100000381469727,17.149999618530273,14.501374244689941,3900
2022-03-03,17.34000015258789,17.34000015258789,17.170000076293945,17.290000915527344,14.619754791259766,3600
2022-03-04,17.170000076293945,17.170000076293945,17.170000076293945,17.170000076293945,14.51828384399414,900
2022-03-07,17.25,17.399999618530273,17.170000076293945,17.170000076293945,14.51828384399414,4100
2022-03-08,17.18000030517578,17.290000915527344,17.18000030517578,17.25,14.585929870605469,4900
2022-03-09,17.219999313354492,17.219999313354492,16.739999771118164,16.81999969482422,14.476625442504883,6700
2022-03-10,16.81999969482422,16.979999542236328,16.690000534057617,16.75,14.416376113891602,2800
2022-03-11,16.670000076293945,16.81999969482422,16.670000076293945,16.670000076293945,14.347521781921387,1300
2022-03-14,16.6200008392334,16.6200008392334,16.520000457763672,16.520000457763672,14.218419075012207,11400
2022-03-15,16.579999923706055,16.700000762939453,16.510000228881836,16.510000228881836,14.20981502532959,7600
2022-03-16,16.690000534057617,17.209999084472656,16.510000228881836,16.549999237060547,14.244241714477539,5300
2022-03-17,16.34000015258789,16.969999313354492,16.34000015258789,16.510000228881836,14.20981502532959,4900
2022-03-18,17.190000534057617,17.190000534057617,16.549999237060547,17.059999465942383,14.683185577392578,12800
2022-03-21,17.010000228881836,17.350000381469727,16.969999313354492,17.350000381469727,14.932784080505371,7200
2022-03-22,17.149999618530273,17.299999237060547,17.110000610351562,17.299999237060547,14.889747619628906,4600
2022-03-23,16.639999389648438,17.399999618530273,16.59000015258789,17.360000610351562,14.941391944885254,4800
2022-03-24,17.450000762939453,18.489999771118164,17.229999542236328,18.34000015258789,15.784856796264648,15900
2022-03-25,18.360000610351562,18.579999923706055,18.15999984741211,18.3799991607666,15.819282531738281,6200
2022-03-28,17.729999542236328,17.979999542236328,17.729999542236328,17.979999542236328,15.47500991821289,500
2022-03-29,17.549999237060547,18.34000015258789,17.549999237060547,18.34000015258789,15.784856796264648,700
2022-03-30,18.34000015258789,18.34000015258789,17.709999084472656,18.34000015258789,15.784856796264648,1600
2022-03-31,18.0,18.200000762939453,17.420000076293945,18.200000762939453,15.664362907409668,3400
2022-04-01,17.639999389648438,18.200000762939453,17.639999389648438,18.010000228881836,15.500832557678223,2700
2022-04-04,18.200000762939453,18.209999084472656,18.200000762939453,18.209999084472656,15.672967910766602,600
2022-04-05,18.31999969482422,18.329999923706055,18.0,18.0,15.492225646972656,1300
2022-04-06,18.06999969482422,18.06999969482422,17.950000762939453,17.950000762939453,15.44919204711914,500
2022-04-07,17.6299991607666,17.940000534057617,17.610000610351562,17.940000534057617,15.44058609008789,1200
2022-04-08,17.940000534057617,17.940000534057617,17.940000534057617,17.940000534057617,15.44058609008789,200
2022-04-11,17.649999618530273,18.0,17.549999237060547,18.0,15.492225646972656,5600
2022-04-12,17.770000457763672,18.5,17.770000457763672,18.5,15.922564506530762,5500
2022-04-13,18.649999618530273,20.0,18.649999618530273,19.600000381469727,16.869314193725586,10400
2022-04-14,19.0,20.540000915527344,19.0,19.0,16.3529052734375,5900
2022-04-18,18.790000915527344,20.5,18.600000381469727,20.25,17.428754806518555,16100
2022-04-19,20.360000610351562,20.600000381469727,20.329999923706055,20.600000381469727,17.729990005493164,2400
2022-04-20,20.399999618530273,20.709999084472656,19.40999984741211,19.84000015258789,17.07587432861328,16100
2022-04-21,20.020000457763672,20.200000762939453,19.110000610351562,19.110000610351562,16.44757843017578,6900
2022-04-22,19.149999618530273,19.760000228881836,17.469999313354492,18.479999542236328,15.905353546142578,4700
2022-04-25,18.5,19.399999618530273,17.84000015258789,17.850000381469727,15.363123893737793,8100
2022-04-26,18.0,18.920000076293945,17.25,18.920000076293945,16.284053802490234,4100
2022-04-27,17.510000228881836,18.829999923706055,17.5,17.5,15.061883926391602,13100
2022-04-28,17.3700008392334,17.5,16.959999084472656,16.959999084472656,14.597118377685547,14900
2022-04-29,16.959999084472656,16.959999084472656,16.270000457763672,16.829999923706055,14.485230445861816,14500
2022-05-02,16.829999923706055,18.18000030517578,16.829999923706055,18.170000076293945,15.638542175292969,8200
2022-05-03,17.280000686645508,17.649999618530273,17.100000381469727,17.56999969482422,15.12213134765625,3400
2022-05-04,17.270000457763672,18.139999389648438,17.270000457763672,18.09000015258789,15.56968879699707,1300
2022-05-05,17.350000381469727,17.350000381469727,16.75,16.799999237060547,14.459409713745117,3900
2022-05-06,16.56999969482422,16.84000015258789,16.56999969482422,16.84000015258789,14.493837356567383,1400
2022-05-09,16.889999389648438,18.139999389648438,16.850000381469727,17.5,15.061883926391602,6900
2022-05-10,17.110000610351562,17.389999389648438,16.5,16.90999984741211,14.554085731506348,12000
2022-05-11,17.25,17.510000228881836,16.350000381469727,16.700000762939453,14.373345375061035,12100
2022-05-12,16.969999313354492,16.969999313354492,16.260000228881836,16.260000228881836,13.994644165039062,5800
2022-05-13,16.219999313354492,16.329999923706055,16.139999389648438,16.270000457763672,14.003249168395996,2700
2022-05-16,16.8700008392334,17.299999237060547,16.299999237060547,16.93000030517578,14.571298599243164,5400
2022-05-17,16.530000686645508,16.950000762939453,16.530000686645508,16.559999465942383,14.252847671508789,2100
2022-05-18,16.110000610351562,16.34000015258789,15.34000015258789,15.979999542236328,13.753653526306152,15000
2022-05-19,15.90999984741211,16.200000762939453,15.90999984741211,16.059999465942383,13.822507858276367,4700
2022-05-20,17.149999618530273,17.149999618530273,15.630000114440918,15.779999732971191,13.581517219543457,3200
2022-05-23,16.280000686645508,16.280000686645508,15.859999656677246,16.200000762939453,13.943002700805664,2000
2022-05-24,16.200000762939453,16.219999313354492,15.630000114440918,15.920000076293945,13.702012062072754,3700
2022-05-25,16.440000534057617,16.5,15.630000114440918,15.859999656677246,13.650372505187988,4200
2022-05-26,16.709999084472656,16.920000076293945,15.789999961853027,16.020000457763672,13.788081169128418,4500
2022-05-27,16.200000762939453,16.280000686645508,16.049999237060547,16.110000610351562,13.865543365478516,1500
2022-05-31,16.06999969482422,16.06999969482422,15.84000015258789,15.890000343322754,13.676193237304688,4400
2022-06-01,16.0,16.010000228881836,15.899999618530273,16.0,13.770867347717285,4500
2022-06-02,16.43000030517578,16.450000762939453,16.09000015258789,16.329999923706055,14.054891586303711,3000
2022-06-03,16.299999237060547,16.420000076293945,15.819999694824219,16.420000076293945,14.132351875305176,1500
2022-06-06,16.43000030517578,16.43000030517578,16.219999313354492,16.43000030517578,14.140961647033691,4500
2022-06-07,16.440000534057617,17.18000030517578,15.899999618530273,16.5,14.201205253601074,7000
2022-06-08,16.25,16.700000762939453,16.020000457763672,16.700000762939453,14.373345375061035,10100
2022-06-09,15.869999885559082,16.600000381469727,15.869999885559082,16.600000381469727,14.421126365661621,5700
2022-06-10,16.360000610351562,16.399999618530273,15.880000114440918,16.200000762939453,14.073628425598145,3200
2022-06-13,16.1299991607666,16.190000534057617,15.609999656677246,15.65999984741211,13.60450553894043,7000
2022-06-14,15.550000190734863,16.34000015258789,15.170000076293945,15.399999618530273,13.378632545471191,11700
2022-06-15,15.75,15.880000114440918,15.399999618530273,15.5,13.465507507324219,4500
2022-06-16,15.180000305175781,15.600000381469727,14.680000305175781,15.449999809265137,13.422070503234863,6900
2022-06-17,15.609999656677246,16.649999618530273,15.40999984741211,16.639999389648438,14.455873489379883,10300
2022-06-21,16.440000534057617,16.440000534057617,15.970000267028809,16.149999618530273,14.03018856048584,5800
2022-06-22,15.869999885559082,16.649999618530273,15.300000190734863,16.5,14.334246635437012,12700
2022-06-23,16.399999618530273,16.670000076293945,16.049999237060547,16.049999237060547,13.943313598632812,1500
2022-06-24,17.030000686645508,17.200000762939453,16.25,16.25,14.11706256866455,6400
2022-06-27,16.149999618530273,16.799999237060547,15.899999618530273,16.25,14.11706256866455,6900
2022-06-28,16.25,16.25,15.859999656677246,16.059999465942383,13.95200252532959,1900
2022-06-29,16.700000762939453,16.75,15.979999542236328,16.329999923706055,14.186563491821289,3300
2022-06-30,15.850000381469727,16.600000381469727,15.800000190734863,16.389999389648438,14.238687515258789,4600
2022-07-01,16.200000762939453,16.299999237060547,15.699999809265137,15.989999771118164,13.891189575195312,7000
2022-07-05,15.920000076293945,16.209999084472656,15.899999618530273,15.899999618530273,13.813003540039062,1000
2022-07-06,16.0,16.0,15.960000038146973,15.989999771118164,13.891189575195312,1700
2022-07-07,15.989999771118164,16.100000381469727,15.800000190734863,16.100000381469727,13.986753463745117,1500
2022-07-08,15.970000267028809,15.979999542236328,15.109999656677246,15.119999885559082,13.135384559631348,9400
2022-07-11,15.289999961853027,15.289999961853027,15.119999885559082,15.130000114440918,13.144072532653809,3500
2022-07-12,15.300000190734863,15.300000190734863,15.149999618530273,15.149999618530273,13.161446571350098,400
2022-07-13,15.300000190734863,15.300000190734863,15.300000190734863,15.300000190734863,13.291759490966797,500
2022-07-14,15.0600004196167,15.180000305175781,14.90999984741211,14.989999771118164,13.022449493408203,4500
2022-07-15,14.920000076293945,15.399999618530273,14.920000076293945,15.119999885559082,13.135384559631348,7900
2022-07-18,15.079999923706055,15.640000343322754,14.729999542236328,15.5600004196167,13.517632484436035,8500
2022-07-19,15.300000190734863,15.789999961853027,15.199999809265137,15.199999809265137,13.204883575439453,2000
2022-07-20,15.029999732971191,15.029999732971191,15.029999732971191,15.029999732971191,13.057198524475098,200
2022-07-21,15.350000381469727,15.470000267028809,15.100000381469727,15.100000381469727,13.118010520935059,2700
2022-07-22,15.25,15.380000114440918,15.25,15.25,13.248322486877441,500
2022-07-25,14.609999656677246,15.350000381469727,14.609999656677246,15.350000381469727,13.335195541381836,1400
2022-07-26,15.100000381469727,15.649999618530273,15.09000015258789,15.199999809265137,13.204883575439453,900
2022-07-27,15.210000038146973,15.210000038146973,15.210000038146973,15.210000038146973,13.21357250213623,200
2022-07-28,15.5,15.5,15.210000038146973,15.210000038146973,13.21357250213623,900
2022-07-29,15.300000190734863,15.300000190734863,15.300000190734863,15.300000190734863,13.291759490966797,700
2022-08-01,15.369999885559082,15.369999885559082,15.369999885559082,15.369999885559082,13.352569580078125,100
2022-08-02,15.5,15.5,15.350000381469727,15.369999885559082,13.352569580078125,2900
2022-08-03,15.369999885559082,15.539999961853027,15.369999885559082,15.479999542236328,13.448132514953613,3000
2022-08-04,15.479999542236328,15.479999542236328,15.479999542236328,15.479999542236328,13.448132514953613,0
2022-08-05,15.449999809265137,15.449999809265137,15.449999809265137,15.449999809265137,13.422070503234863,1300
2022-08-08,15.449999809265137,15.449999809265137,15.260000228881836,15.260000228881836,13.25700855255127,2400
2022-08-09,15.319999694824219,15.319999694824219,15.260000228881836,15.260000228881836,13.25700855255127,800
2022-08-10,15.289999961853027,15.399999618530273,15.210000038146973,15.210000038146973,13.21357250213623,2100
2022-08-11,15.329999923706055,15.329999923706055,15.220000267028809,15.220000267028809,13.222258567810059,1300
2022-08-12,15.399999618530273,15.460000038146973,15.399999618530273,15.460000038146973,13.430756568908691,1000
2022-08-15,15.399999618530273,15.399999618530273,15.109999656677246,15.180000305175781,13.18751049041748,3800
2022-08-16,15.210000038146973,15.329999923706055,15.199999809265137,15.199999809265137,13.204883575439453,3200
2022-08-17,15.109999656677246,15.380000114440918,15.029999732971191,15.380000114440918,13.361257553100586,900
2022-08-18,15.0,15.75,15.0,15.710000038146973,13.647941589355469,7600
2022-08-19,15.59000015258789,15.600000381469727,15.210000038146973,15.420000076293945,13.396008491516113,3700
2022-08-22,15.800000190734863,15.800000190734863,15.010000228881836,15.050000190734863,13.074573516845703,3800
2022-08-23,15.489999771118164,15.489999771118164,15.199999809265137,15.350000381469727,13.335195541381836,3300
2022-08-24,15.359999656677246,15.359999656677246,15.359999656677246,15.359999656677246,13.343883514404297,200
2022-08-25,15.5,15.970000267028809,15.5,15.970000267028809,13.873815536499023,6100
2022-08-26,15.970000267028809,15.970000267028809,15.970000267028809,15.970000267028809,13.873815536499023,0
2022-08-29,15.949999809265137,15.949999809265137,15.550000190734863,15.699999809265137,13.639254570007324,1000
2022-08-30,15.5,15.5,15.5,15.5,13.465507507324219,500
2022-08-31,15.649999618530273,15.649999618530273,15.510000228881836,15.510000228881836,13.474196434020996,1900
2022-09-01,15.3100004196167,15.520000457763672,15.1899995803833,15.1899995803833,13.196196556091309,3300
2022-09-02,15.229999542236328,15.970000267028809,15.119999885559082,15.329999923706055,13.317821502685547,1200
2022-09-06,15.569999694824219,15.569999694824219,15.380000114440918,15.569999694824219,13.526320457458496,1200
2022-09-07,15.5,17.200000762939453,15.489999771118164,16.600000381469727,14.421126365661621,15800
2022-09-08,16.479999542236328,16.479999542236328,15.739999771118164,15.800000190734863,13.8580322265625,1800
2022-09-09,16.170000076293945,16.170000076293945,15.899999618530273,15.899999618530273,13.945740699768066,1300
2022-09-12,16.25,16.350000381469727,15.609999656677246,15.609999656677246,13.691384315490723,4100
2022-09-13,15.550000190734863,16.020000457763672,15.329999923706055,15.329999923706055,13.445798873901367,7200
2022-09-14,15.109999656677246,15.8100004196167,15.0600004196167,15.119999885559082,13.26161003112793,10500
2022-09-15,15.329999923706055,15.9399995803833,15.109999656677246,15.9399995803833,13.98082447052002,2400
2022-09-16,15.979999542236328,18.040000915527344,15.130000114440918,18.040000915527344,15.822717666625977,31000
2022-09-19,17.600000381469727,17.600000381469727,16.100000381469727,16.690000534057617,14.638643264770508,14400
2022-09-20,17.100000381469727,17.229999542236328,16.399999618530273,16.700000762939453,14.64741325378418,14300
2022-09-21,16.950000762939453,17.219999313354492,16.489999771118164,16.8799991607666,14.805288314819336,3300
2022-09-22,16.889999389648438,17.18000030517578,16.5,16.770000457763672,14.708809852600098,6100
2022-09-23,16.989999771118164,17.149999618530273,16.09000015258789,16.899999618530273,14.822832107543945,4800
2022-09-26,16.700000762939453,16.84000015258789,16.59000015258789,16.59000015258789,14.550932884216309,2800
2022-09-27,16.399999618530273,16.700000762939453,16.110000610351562,16.290000915527344,14.28780746459961,4300
2022-09-28,16.110000610351562,16.170000076293945,15.800000190734863,15.800000190734863,13.8580322265625,1200
2022-09-29,15.8100004196167,16.200000762939453,15.8100004196167,15.90999984741211,13.954511642456055,1300
2022-09-30,15.229999542236328,17.15999984741211,15.229999542236328,16.06999969482422,14.09484577178955,8800
2022-10-03,15.229999542236328,15.229999542236328,15.229999542236328,15.229999542236328,13.3580904006958,400
2022-10-04,16.219999313354492,16.940000534057617,15.760000228881836,15.760000228881836,13.82294750213623,10800
2022-10-05,15.270000457763672,15.729999542236328,15.270000457763672,15.420000076293945,13.524738311767578,1900
2022-10-06,15.5,16.200000762939453,15.5,16.200000762939453,14.208868980407715,3200
2022-10-07,16.010000228881836,16.010000228881836,15.420000076293945,15.420000076293945,13.524738311767578,1000
2022-10-10,15.670000076293945,16.15999984741211,15.670000076293945,16.139999389648438,14.156242370605469,2700
2022-10-11,15.90999984741211,16.139999389648438,15.90999984741211,16.139999389648438,14.156242370605469,2200
2022-10-12,15.75,16.700000762939453,15.75,16.700000762939453,14.64741325378418,2400
2022-10-13,16.25,16.639999389648438,15.510000228881836,15.510000228881836,13.60367488861084,4800
2022-10-14,15.699999809265137,15.800000190734863,15.3100004196167,15.40999984741211,13.51596736907959,4500
2022-10-17,15.510000228881836,15.510000228881836,15.25,15.25,13.375632286071777,700
2022-10-18,15.300000190734863,15.300000190734863,15.289999961853027,15.300000190734863,13.419486999511719,1900
2022-10-19,15.119999885559082,15.119999885559082,15.119999885559082,15.119999885559082,13.26161003112793,1000
2022-10-20,15.100000381469727,15.100000381469727,14.989999771118164,15.010000228881836,13.165130615234375,1600
2022-10-21,15.010000228881836,15.010000228881836,15.010000228881836,15.010000228881836,13.165130615234375,400
2022-10-24,14.850000381469727,15.300000190734863,14.850000381469727,15.25,13.375632286071777,3100
2022-10-25,15.270000457763672,15.510000228881836,15.270000457763672,15.5,13.594903945922852,9100
2022-10-26,15.5,15.6899995803833,15.010000228881836,15.210000038146973,13.340548515319824,1800
2022-10-27,15.020000457763672,15.3100004196167,14.8100004196167,15.270000457763672,13.393173217773438,4700
2022-10-28,14.899999618530273,15.300000190734863,14.869999885559082,15.100000381469727,13.24406909942627,4600
2022-10-31,15.15999984741211,15.3100004196167,15.020000457763672,15.020000457763672,13.173901557922363,3200
2022-11-01,15.25,15.3100004196167,15.199999809265137,15.3100004196167,13.428257942199707,1600
2022-11-02,15.3100004196167,15.3100004196167,15.069999694824219,15.279999732971191,13.401944160461426,1700
2022-11-03,15.15999984741211,15.15999984741211,14.90999984741211,14.90999984741211,13.077422142028809,1100
2022-11-04,15.0,15.3100004196167,15.0,15.010000228881836,13.165130615234375,9000
2022-11-07,15.199999809265137,15.3100004196167,15.149999618530273,15.3100004196167,13.428257942199707,1300
2022-11-08,15.25,15.25,15.100000381469727,15.149999618530273,13.287922859191895,2200
2022-11-09,15.100000381469727,15.100000381469727,15.100000381469727,15.100000381469727,13.24406909942627,600
2022-11-10,15.050000190734863,15.739999771118164,15.050000190734863,15.649999618530273,13.72646713256836,6800
2022-11-11,15.380000114440918,15.380000114440918,15.380000114440918,15.380000114440918,13.489654541015625,400
2022-11-14,15.109999656677246,15.3100004196167,14.949999809265137,15.170000076293945,13.305464744567871,1800
2022-11-15,15.149999618530273,15.149999618530273,14.90999984741211,14.90999984741211,13.077422142028809,7800
2022-11-16,14.779999732971191,14.800000190734863,14.399999618530273,14.399999618530273,12.630104064941406,4700
2022-11-17,14.399999618530273,14.6899995803833,14.350000381469727,14.350000381469727,12.586252212524414,1900
2022-11-18,14.399999618530273,14.399999618530273,14.350000381469727,14.359999656677246,12.59502124786377,2100
2022-11-21,14.880000114440918,14.880000114440918,14.449999809265137,14.880000114440918,13.051109313964844,1400
2022-11-22,14.40999984741211,15.0,14.40999984741211,14.5600004196167,12.770439147949219,1000
2022-11-23,14.899999618530273,15.170000076293945,14.899999618530273,15.170000076293945,13.305464744567871,1000
2022-11-25,15.220000267028809,15.220000267028809,15.0,15.0,13.15635871887207,700
2022-11-28,14.979999542236328,15.0,14.930000305175781,14.930000305175781,13.094963073730469,1100
2022-11-29,14.930000305175781,14.930000305175781,14.930000305175781,14.930000305175781,13.094963073730469,0
2022-11-30,14.930000305175781,14.930000305175781,14.930000305175781,14.930000305175781,13.094963073730469,0
2022-12-01,15.279999732971191,15.279999732971191,14.5,14.630000114440918,12.831835746765137,3700
2022-12-02,15.029999732971191,15.229999542236328,14.800000190734863,14.800000190734863,12.980940818786621,3000
2022-12-05,14.819999694824219,15.029999732971191,14.720000267028809,14.720000267028809,12.910774230957031,1600
2022-12-06,14.510000228881836,15.640000343322754,14.510000228881836,15.640000343322754,13.717698097229004,17200
2022-12-07,15.569999694824219,15.569999694824219,15.09000015258789,15.09000015258789,13.235298156738281,2100
2022-12-08,15.09000015258789,15.09000015258789,15.09000015258789,15.09000015258789,13.37713623046875,0
2022-12-09,15.1899995803833,15.5,15.010000228881836,15.010000228881836,13.3062162399292,5900
2022-12-12,15.0600004196167,15.449999809265137,14.609999656677246,14.609999656677246,12.951620101928711,16100
2022-12-13,15.0,15.0,14.59000015258789,15.0,13.297351837158203,1600
2022-12-14,14.970000267028809,14.970000267028809,14.970000267028809,14.970000267028809,13.270756721496582,2200
2022-12-15,14.75,14.979999542236328,14.75,14.979999542236328,13.279621124267578,800
2022-12-16,14.869999885559082,15.260000228881836,14.75,14.949999809265137,13.253026962280273,3100
2022-12-19,14.880000114440918,14.890000343322754,14.869999885559082,14.890000343322754,13.19983959197998,1200
2022-12-20,15.180000305175781,15.649999618530273,14.949999809265137,15.100000381469727,13.386000633239746,20600
2022-12-21,15.710000038146973,15.710000038146973,14.859999656677246,15.170000076293945,13.448055267333984,5500
2022-12-22,15.369999885559082,15.489999771118164,15.359999656677246,15.489999771118164,13.731732368469238,4500
2022-12-23,15.489999771118164,15.489999771118164,15.489999771118164,15.489999771118164,13.731732368469238,0
2022-12-27,15.100000381469727,15.100000381469727,15.100000381469727,15.100000381469727,13.386000633239746,400
2022-12-28,15.100000381469727,15.100000381469727,14.6899995803833,14.739999771118164,13.066864013671875,2600
2022-12-29,14.680000305175781,14.680000305175781,14.5,14.520000457763672,12.871838569641113,2200
2022-12-30,14.720000267028809,14.720000267028809,14.720000267028809,14.720000267028809,13.049135208129883,500
2023-01-03,14.520000457763672,14.770000457763672,14.239999771118164,14.770000457763672,13.093461036682129,10700
2023-01-04,14.800000190734863,14.800000190734863,14.800000190734863,14.800000190734863,13.120054244995117,900
2023-01-05,14.260000228881836,14.260000228881836,14.260000228881836,14.260000228881836,12.641350746154785,1100
2023-01-06,14.430000305175781,14.600000381469727,14.25,14.350000381469727,12.721135139465332,7400
2023-01-09,14.350000381469727,14.4399995803833,14.260000228881836,14.300000190734863,12.67680835723877,5700
2023-01-10,14.770000457763672,14.770000457763672,14.380000114440918,14.380000114440918,12.747729301452637,700
2023-01-11,14.829999923706055,14.829999923706055,14.789999961853027,14.789999961853027,13.111188888549805,1700
2023-01-12,14.850000381469727,14.850000381469727,14.609999656677246,14.609999656677246,12.951620101928711,800
2023-01-13,14.600000381469727,14.600000381469727,14.600000381469727,14.600000381469727,12.942756652832031,600
2023-01-17,14.75,14.75,14.520000457763672,14.630000114440918,12.96934986114502,2000
2023-01-18,14.649999618530273,14.729999542236328,14.649999618530273,14.729999542236328,13.057999610900879,600
2023-01-19,14.569999694824219,14.59000015258789,14.430000305175781,14.550000190734863,12.898431777954102,1200
2023-01-20,14.800000190734863,14.800000190734863,14.800000190734863,14.800000190734863,13.120054244995117,1100
2023-01-23,14.5,14.520000457763672,14.40999984741211,14.520000457763672,12.871838569641113,2100
2023-01-24,14.260000228881836,14.5,14.260000228881836,14.260000228881836,12.641350746154785,3200
2023-01-25,14.260000228881836,14.260000228881836,14.260000228881836,14.260000228881836,12.641350746154785,300
2023-01-26,14.510000228881836,14.510000228881836,14.369999885559082,14.460000038146973,12.818647384643555,1000
2023-01-27,14.260000228881836,14.479999542236328,14.25,14.4399995803833,12.800917625427246,2200
2023-01-30,14.260000228881836,14.260000228881836,14.260000228881836,14.260000228881836,12.641350746154785,300
2023-01-31,14.520000457763672,14.529999732971191,14.270000457763672,14.449999809265137,12.809782028198242,3900
2023-02-01,14.489999771118164,14.520000457763672,14.449999809265137,14.449999809265137,12.809782028198242,3100
2023-02-02,14.449999809265137,14.5,14.289999961853027,14.300000190734863,12.67680835723877,1800
2023-02-03,14.529999732971191,14.529999732971191,14.260000228881836,14.359999656677246,12.729997634887695,4800
2023-02-06,14.380000114440918,14.59000015258789,14.380000114440918,14.579999923706055,12.925026893615723,3200
2023-02-07,14.739999771118164,15.460000038146973,14.65999984741211,14.84000015258789,13.155513763427734,6200
2023-02-08,14.989999771118164,15.069999694824219,14.8100004196167,15.069999694824219,13.359406471252441,7100
2023-02-09,14.989999771118164,14.989999771118164,14.75,14.75,13.075728416442871,3800
2023-02-10,14.6899995803833,14.920000076293945,14.65999984741211,14.6899995803833,13.022539138793945,4500
2023-02-13,14.65999984741211,14.680000305175781,14.470000267028809,14.470000267028809,12.82751178741455,1600
2023-02-14,14.550000190734863,14.65999984741211,14.539999961853027,14.550000190734863,12.898431777954102,2200
2023-02-15,14.649999618530273,14.6899995803833,14.649999618530273,14.6899995803833,13.022539138793945,1800
2023-02-16,14.630000114440918,14.6899995803833,14.630000114440918,14.6899995803833,13.022539138793945,1700
2023-02-17,14.5,14.5,14.5,14.5,12.854106903076172,700
2023-02-21,14.640000343322754,14.869999885559082,14.579999923706055,14.640000343322754,12.978217124938965,3700
2023-02-22,14.5,14.5,14.470000267028809,14.470000267028809,12.82751178741455,4700
2023-02-23,14.640000343322754,14.640000343322754,14.609999656677246,14.609999656677246,12.951620101928711,900
2023-02-24,14.5,14.779999732971191,14.5,14.779999732971191,13.102324485778809,3800
2023-02-27,14.920000076293945,14.920000076293945,14.779999732971191,14.880000114440918,13.190973281860352,2000
2023-02-28,14.9399995803833,14.970000267028809,14.9399995803833,14.949999809265137,13.253026962280273,3300
2023-03-01,14.949999809265137,15.380000114440918,14.949999809265137,14.970000267028809,13.270756721496582,3800
2023-03-02,15.130000114440918,15.130000114440918,14.75,14.75,13.075728416442871,1800
2023-03-03,15.0600004196167,15.119999885559082,14.779999732971191,14.779999732971191,13.102324485778809,1500
2023-03-06,14.930000305175781,15.220000267028809,14.930000305175781,15.0,13.297351837158203,8100
2023-03-07,15.020000457763672,15.25,15.020000457763672,15.1899995803833,13.465785026550293,7300
2023-03-08,15.079999923706055,15.329999923706055,14.989999771118164,14.989999771118164,13.28848648071289,6500
2023-03-09,14.880000114440918,15.029999732971191,14.670000076293945,14.670000076293945,13.282149314880371,4900
2023-03-10,14.670000076293945,15.109999656677246,13.510000228881836,13.510000228881836,12.231889724731445,13300
2023-03-13,12.90999984741211,12.90999984741211,12.010000228881836,12.710000038146973,11.507574081420898,18100
2023-03-14,13.170000076293945,13.979999542236328,12.25,12.260000228881836,11.100146293640137,10700
2023-03-15,12.649999618530273,12.960000038146973,12.539999961853027,12.920000076293945,11.697708129882812,5500
2023-03-16,13.029999732971191,14.079999923706055,13.0,14.079999923706055,12.747965812683105,10900
2023-03-17,14.140000343322754,14.140000343322754,13.510000228881836,13.779999732971191,12.476347923278809,13400
2023-03-20,13.8100004196167,14.640000343322754,13.8100004196167,14.640000343322754,13.254988670349121,16600
2023-03-21,14.640000343322754,15.430000305175781,14.350000381469727,15.430000305175781,13.970251083374023,23200
2023-03-22,15.289999961853027,16.0,15.239999771118164,15.300000190734863,13.852548599243164,21000
2023-03-23,15.430000305175781,15.4399995803833,15.25,15.25,13.807278633117676,3300
2023-03-24,14.829999923706055,14.829999923706055,14.829999923706055,14.829999923706055,13.42701244354248,500
2023-03-27,15.130000114440918,15.130000114440918,14.710000038146973,14.710000038146973,13.318365097045898,2600
2023-03-28,14.539999961853027,14.720000267028809,14.539999961853027,14.680000305175781,13.291203498840332,2500
2023-03-29,14.680000305175781,14.680000305175781,14.680000305175781,14.680000305175781,13.291203498840332,200
2023-03-30,14.510000228881836,14.510000228881836,14.510000228881836,14.510000228881836,13.137286186218262,800
2023-03-31,14.609999656677246,14.899999618530273,14.5,14.5,13.1282320022583,7300
2023-04-03,15.170000076293945,15.170000076293945,14.369999885559082,14.369999885559082,13.010530471801758,900
2023-04-04,14.739999771118164,14.739999771118164,14.25,14.25,12.901884078979492,1500
2023-04-05,14.260000228881836,14.329999923706055,13.90999984741211,14.079999923706055,12.747965812683105,5100
2023-04-06,14.010000228881836,14.289999961853027,13.869999885559082,14.220000267028809,12.87472152709961,2100
2023-04-10,13.9399995803833,14.0,13.649999618530273,13.850000381469727,12.539726257324219,4400
2023-04-11,13.260000228881836,13.630000114440918,13.260000228881836,13.630000114440918,12.340537071228027,1200
2023-04-12,13.329999923706055,13.75,13.329999923706055,13.720000267028809,12.422024726867676,6100
2023-04-13,13.5600004196167,13.5600004196167,13.260000228881836,13.3100004196167,12.050810813903809,2100
2023-04-14,13.710000038146973,13.710000038146973,13.260000228881836,13.260000228881836,12.005542755126953,2100
2023-04-17,13.270000457763672,13.3100004196167,13.270000457763672,13.3100004196167,12.050810813903809,600
2023-04-18,13.350000381469727,13.350000381469727,12.619999885559082,12.619999885559082,11.426087379455566,2700
2023-04-19,12.989999771118164,12.989999771118164,12.5,12.5,11.317441940307617,7700
2023-04-20,12.5,12.5,12.5,12.5,11.317441940307617,600
2023-04-21,12.819999694824219,12.819999694824219,12.550000190734863,12.550000190734863,11.362711906433105,800
2023-04-24,12.569999694824219,12.699999809265137,12.569999694824219,12.640000343322754,11.444196701049805,3700
2023-04-25,12.770000457763672,12.770000457763672,12.600000381469727,12.600000381469727,11.407980918884277,900
2023-04-26,12.5,12.609999656677246,12.5,12.609999656677246,11.417034149169922,700
2023-04-27,12.609999656677246,12.760000228881836,12.609999656677246,12.75,11.543790817260742,7100
2023-04-28,13.010000228881836,13.010000228881836,12.930000305175781,13.010000228881836,11.779193878173828,4500
2023-05-01,12.59000015258789,12.850000381469727,12.59000015258789,12.649999618530273,11.453248977661133,3200
2023-05-02,12.579999923706055,12.949999809265137,12.550000190734863,12.550000190734863,11.362711906433105,2900
2023-05-03,12.880000114440918,12.880000114440918,12.5,12.5,11.317441940307617,9000
2023-05-04,12.829999923706055,12.829999923706055,12.5,12.770000457763672,11.561898231506348,1200
2023-05-05,12.640000343322754,12.640000343322754,12.25,12.489999771118164,11.30838680267334,4800
2023-05-08,12.449999809265137,12.449999809265137,12.140000343322754,12.220000267028809,11.063931465148926,4900
2023-05-09,12.220000267028809,12.220000267028809,12.0,12.050000190734863,10.910014152526855,3100
2023-05-10,12.359999656677246,12.649999618530273,12.300000190734863,12.300000190734863,11.136362075805664,2600
2023-05-11,12.300000190734863,12.300000190734863,11.800000190734863,11.800000190734863,10.683664321899414,4300
2023-05-12,11.649999618530273,11.800000190734863,11.399999618530273,11.399999618530273,10.32150650024414,16500
2023-05-15,11.40999984741211,11.449999809265137,11.140000343322754,11.140000343322754,10.086104393005371,4800
2023-05-16,11.140000343322754,11.140000343322754,11.140000343322754,11.140000343322754,10.086104393005371,0
2023-05-17,11.75,12.529999732971191,11.739999771118164,12.039999961853027,10.900959014892578,19300
2023-05-18,12.359999656677246,12.359999656677246,11.819999694824219,11.819999694824219,10.70177173614502,1700
2023-05-19,11.8100004196167,11.920000076293945,11.529999732971191,11.850000381469727,10.728935241699219,2300
2023-05-22,11.930000305175781,12.170000076293945,11.739999771118164,11.739999771118164,10.629341125488281,2000
2023-05-23,12.100000381469727,12.420000076293945,11.899999618530273,11.899999618530273,10.774205207824707,1000
2023-05-24,11.90999984741211,11.989999771118164,11.90999984741211,11.989999771118164,10.855690002441406,800
2023-05-25,11.710000038146973,11.75,11.710000038146973,11.75,10.638395309448242,400
2023-05-26,11.399999618530273,11.4399995803833,11.399999618530273,11.4399995803833,10.357721328735352,700
2023-05-30,11.4399995803833,11.4399995803833,11.4399995803833,11.4399995803833,10.357721328735352,800
2023-05-31,11.4399995803833,11.4399995803833,11.4399995803833,11.4399995803833,10.357721328735352,600
2023-06-01,11.100000381469727,11.369999885559082,11.100000381469727,11.220000267028809,10.158536911010742,1900
2023-06-02,11.289999961853027,11.449999809265137,11.289999961853027,11.390000343322754,10.312453269958496,3600
2023-06-05,11.319999694824219,11.449999809265137,11.319999694824219,11.350000381469727,10.276238441467285,3400
2023-06-06,11.430000305175781,11.449999809265137,11.399999618530273,11.4399995803833,10.357721328735352,2400
2023-06-07,11.3100004196167,12.0,11.3100004196167,11.9399995803833,10.810419082641602,10600
2023-06-08,11.949999809265137,11.949999809265137,11.729999542236328,11.729999542236328,10.769105911254883,1100
2023-06-09,11.84000015258789,11.84000015258789,11.600000381469727,11.600000381469727,10.64975643157959,1100
2023-06-12,11.550000190734863,11.649999618530273,11.550000190734863,11.649999618530273,10.695659637451172,1600
2023-06-13,11.5,11.630000114440918,11.359999656677246,11.359999656677246,10.42941665649414,3900
2023-06-14,11.390000343322754,12.149999618530273,11.390000343322754,11.869999885559082,10.897638320922852,13100
2023-06-15,11.819999694824219,12.239999771118164,11.819999694824219,12.010000228881836,11.026169776916504,7700
2023-06-16,11.789999961853027,12.390000343322754,11.600000381469727,12.390000343322754,11.375041007995605,17800
2023-06-20,12.34000015258789,12.65999984741211,12.010000228881836,12.020000457763672,11.035351753234863,15800
2023-06-21,12.130000114440918,12.649999618530273,12.0,12.649999618530273,11.613740921020508,5700
2023-06-22,12.430000305175781,13.020000457763672,12.170000076293945,12.170000076293945,11.173062324523926,16200
2023-06-23,12.5600004196167,13.25,11.8100004196167,11.850000381469727,10.879277229309082,12400
2023-06-26,12.260000228881836,12.569999694824219,11.850000381469727,11.850000381469727,10.879277229309082,4700
2023-06-27,12.020000457763672,12.020000457763672,11.90999984741211,11.920000076293945,10.94354248046875,1600
2023-06-28,12.220000267028809,12.229999542236328,11.710000038146973,11.869999885559082,10.897638320922852,15300
2023-06-29,11.979999542236328,12.079999923706055,11.90999984741211,12.079999923706055,11.090435028076172,2600
2023-06-30,12.609999656677246,12.609999656677246,11.970000267028809,11.970000267028809,10.989446640014648,1700
2023-07-03,12.039999961853027,12.239999771118164,12.039999961853027,12.239999771118164,11.237327575683594,700
2023-07-05,12.15999984741211,12.180000305175781,12.15999984741211,12.180000305175781,11.182244300842285,700
2023-07-06,12.069999694824219,12.069999694824219,12.069999694824219,12.069999694824219,11.081254005432129,800
2023-07-07,12.229999542236328,12.229999542236328,11.989999771118164,11.989999771118164,11.007806777954102,700
2023-07-10,11.989999771118164,12.0,11.75,11.75,10.787467956542969,1700
2023-07-11,11.760000228881836,11.899999618530273,11.760000228881836,11.760000228881836,10.796649932861328,2900
2023-07-12,11.899999618530273,11.899999618530273,11.5,11.5,10.557947158813477,2600
2023-07-13,11.640000343322754,11.640000343322754,11.640000343322754,11.640000343322754,10.686478614807129,300
2023-07-14,12.09000015258789,12.09000015258789,12.0,12.069999694824219,11.081254005432129,3600
2023-07-17,12.050000190734863,12.050000190734863,11.829999923706055,12.010000228881836,11.026169776916504,800
2023-07-18,11.609999656677246,11.609999656677246,11.609999656677246,11.609999656677246,10.658936500549316,500
2023-07-19,12.25,12.25,11.800000190734863,11.800000190734863,10.833372116088867,1100
2023-07-20,12.229999542236328,12.350000381469727,12.0,12.0,11.016988754272461,2600
2023-07-21,11.619999885559082,11.989999771118164,11.529999732971191,11.619999885559082,10.66811752319336,5500
2023-07-24,11.720000267028809,11.75,11.720000267028809,11.75,10.787467956542969,700
2023-07-25,11.869999885559082,11.869999885559082,11.649999618530273,11.760000228881836,10.796649932861328,2200
2023-07-26,11.859999656677246,11.859999656677246,11.850000381469727,11.859999656677246,10.888456344604492,1800
2023-07-27,11.600000381469727,11.979999542236328,11.449999809265137,11.859999656677246,10.888456344604492,5000
2023-07-28,12.149999618530273,12.149999618530273,11.960000038146973,11.970000267028809,10.989446640014648,900
2023-07-31,11.979999542236328,12.239999771118164,11.979999542236328,12.140000343322754,11.14552116394043,4300
2023-08-01,11.869999885559082,12.100000381469727,11.8100004196167,11.8100004196167,10.842552185058594,1500
2023-08-02,12.989999771118164,12.989999771118164,11.6899995803833,11.760000228881836,10.796649932861328,5100
2023-08-03,11.970000267028809,11.970000267028809,11.760000228881836,11.760000228881836,10.796649932861328,1200
2023-08-04,11.789999961853027,11.829999923706055,11.789999961853027,11.829999923706055,10.86091423034668,1800
2023-08-07,11.9399995803833,11.979999542236328,11.84000015258789,11.84000015258789,10.870095252990723,3700
2023-08-08,11.84000015258789,11.90999984741211,11.829999923706055,11.829999923706055,10.86091423034668,900
2023-08-09,11.779999732971191,11.84000015258789,11.359999656677246,11.460000038146973,10.521224021911621,5600
2023-08-10,11.5600004196167,12.329999923706055,11.550000190734863,11.630000114440918,10.677299499511719,14100
2023-08-11,11.850000381469727,12.010000228881836,11.850000381469727,11.859999656677246,10.888456344604492,1700
2023-08-14,11.850000381469727,11.859999656677246,11.850000381469727,11.850000381469727,10.879277229309082,1000
2023-08-15,11.5600004196167,11.5600004196167,11.5600004196167,11.5600004196167,10.613032341003418,300
2023-08-16,11.710000038146973,11.75,11.550000190734863,11.550000190734863,10.603852272033691,6700
2023-08-17,11.720000267028809,11.720000267028809,11.720000267028809,11.720000267028809,10.759926795959473,1200
2023-08-18,11.75,11.75,11.670000076293945,11.670000076293945,10.714021682739258,2400
2023-08-21,11.710000038146973,11.880000114440918,11.539999961853027,11.739999771118164,10.778286933898926,4300
2023-08-22,11.550000190734863,11.920000076293945,11.550000190734863,11.670000076293945,10.714021682739258,2100
2023-08-23,11.729999542236328,11.729999542236328,11.539999961853027,11.539999961853027,10.594671249389648,500
2023-08-24,11.539999961853027,11.8100004196167,11.460000038146973,11.8100004196167,10.842552185058594,4900
2023-08-25,11.8100004196167,11.979999542236328,11.8100004196167,11.9399995803833,10.96190357208252,5300
2023-08-28,11.979999542236328,11.979999542236328,11.819999694824219,11.819999694824219,10.851733207702637,5900
2023-08-29,11.75,11.75,11.510000228881836,11.510000228881836,10.56712818145752,700
2023-08-30,11.920000076293945,11.9399995803833,11.649999618530273,11.649999618530273,10.695659637451172,800
2023-08-31,11.850000381469727,11.850000381469727,11.649999618530273,11.649999618530273,10.695659637451172,2600
2023-09-01,11.789999961853027,11.800000190734863,11.75,11.75,10.787467956542969,2700
2023-09-05,11.859999656677246,11.920000076293945,11.789999961853027,11.819999694824219,10.851733207702637,1700
2023-09-06,11.819999694824219,11.819999694824219,11.75,11.75,10.787467956542969,1800
2023-09-07,11.739999771118164,11.739999771118164,11.5,11.739999771118164,10.9346284866333,1700
2023-09-08,11.489999771118164,11.510000228881836,11.489999771118164,11.5,10.71109390258789,2400
2023-09-11,11.579999923706055,11.579999923706055,11.489999771118164,11.5,10.71109390258789,1400
2023-09-12,11.680000305175781,11.6899995803833,11.479999542236328,11.520000457763672,10.729722023010254,2000
2023-09-13,11.449999809265137,11.449999809265137,11.390000343322754,11.390000343322754,10.60863971710205,1300
2023-09-14,11.229999542236328,11.600000381469727,11.229999542236328,11.600000381469727,10.80423355102539,1200
2023-09-15,11.510000228881836,11.59000015258789,11.229999542236328,11.229999542236328,10.459614753723145,3000
2023-09-18,11.34000015258789,11.579999923706055,11.029999732971191,11.529999732971191,10.739034652709961,2600
2023-09-19,11.579999923706055,11.640000343322754,11.260000228881836,11.260000228881836,10.487556457519531,800
2023-09-20,11.569999694824219,11.6899995803833,11.210000038146973,11.6899995803833,10.888057708740234,6200
2023-09-21,11.680000305175781,11.6899995803833,11.380000114440918,11.6899995803833,10.888057708740234,6900
2023-09-22,11.5600004196167,11.6899995803833,11.449999809265137,11.6899995803833,10.888057708740234,4700
2023-09-25,11.6899995803833,11.859999656677246,11.609999656677246,11.609999656677246,10.813547134399414,8200
2023-09-26,11.609999656677246,11.609999656677246,11.609999656677246,11.609999656677246,10.813547134399414,0
2023-09-27,11.539999961853027,11.539999961853027,11.539999961853027,11.539999961853027,10.748350143432617,2200
2023-09-28,11.510000228881836,11.510000228881836,11.510000228881836,11.510000228881836,10.720406532287598,400
2023-09-29,11.569999694824219,11.569999694824219,11.550000190734863,11.550000190734863,10.757662773132324,1400
2023-10-02,11.699999809265137,11.699999809265137,11.350000381469727,11.600000381469727,10.80423355102539,4400
2023-10-03,11.449999809265137,11.5,11.010000228881836,11.130000114440918,10.366475105285645,3500
2023-10-04,11.010000228881836,11.260000228881836,10.760000228881836,11.15999984741211,10.394416809082031,3000
2023-10-05,10.720000267028809,10.720000267028809,10.710000038146973,10.710000038146973,9.975287437438965,2600
2023-10-06,10.699999809265137,10.710000038146973,10.449999809265137,10.449999809265137,9.733122825622559,3700
2023-10-09,10.289999961853027,10.800000190734863,10.260000228881836,10.5,9.779693603515625,7700
2023-10-10,10.449999809265137,10.449999809265137,10.199999809265137,10.239999771118164,9.537529945373535,4600
2023-10-11,10.449999809265137,10.779999732971191,10.399999618530273,10.420000076293945,9.705182075500488,2300
2023-10-12,10.279999732971191,10.600000381469727,10.25,10.520000457763672,9.798321723937988,2700
2023-10-13,10.3100004196167,10.3100004196167,10.3100004196167,10.3100004196167,9.602726936340332,600
2023-10-16,10.720000267028809,11.0,10.25,10.25,9.546843528747559,6500
2023-10-17,10.260000228881836,10.640000343322754,10.25,10.25,9.546843528747559,5000
2023-10-18,10.329999923706055,10.329999923706055,10.199999809265137,10.199999809265137,9.500272750854492,4800
2023-10-19,10.020000457763672,10.449999809265137,9.899999618530273,10.0,9.313994407653809,14600
2023-10-20,9.930000305175781,10.449999809265137,9.930000305175781,10.180000305175781,9.481645584106445,2400
2023-10-23,10.890000343322754,10.890000343322754,9.880000114440918,10.0,9.313994407653809,9300
2023-10-24,10.199999809265137,10.199999809265137,9.84000015258789,9.899999618530273,9.220853805541992,1900
2023-10-25,10.0,10.300000190734863,10.0,10.279999732971191,9.574785232543945,7000
2023-10-26,10.300000190734863,10.3100004196167,9.920000076293945,9.920000076293945,9.239481925964355,2000
2023-10-27,10.0,10.020000457763672,10.0,10.020000457763672,9.332622528076172,2000
2023-10-30,9.989999771118164,10.0,9.850000381469727,9.989999771118164,9.304679870605469,3300
2023-10-31,9.989999771118164,9.989999771118164,9.989999771118164,9.989999771118164,9.304679870605469,0
2023-11-01,10.010000228881836,10.399999618530273,9.970000267028809,9.970000267028809,9.286052703857422,7700
2023-11-02,11.430000305175781,11.430000305175781,10.489999771118164,10.710000038146973,9.975287437438965,5500
2023-11-03,10.75,10.8100004196167,10.75,10.800000190734863,10.059114456176758,1700
2023-11-06,10.770000457763672,11.0,10.75,10.75,10.012543678283691,3200
2023-11-07,10.75,10.850000381469727,10.75,10.850000381469727,10.105684280395508,1000
2023-11-08,10.699999809265137,10.699999809265137,9.699999809265137,10.640000343322754,9.910089492797852,3900
2023-11-09,10.09000015258789,10.130000114440918,10.09000015258789,10.130000114440918,9.435074806213379,1100
2023-11-10,10.010000228881836,10.649999618530273,9.899999618530273,10.3100004196167,9.602726936340332,5000
2023-11-13,10.149999618530273,10.4399995803833,9.930000305175781,10.149999618530273,9.453703880310059,4900
2023-11-14,10.25,10.970000267028809,10.25,10.359999656677246,9.649296760559082,7000
2023-11-15,10.359999656677246,10.970000267028809,10.359999656677246,10.930000305175781,10.180195808410645,1100
2023-11-16,10.899999618530273,11.0,10.329999923706055,10.869999885559082,10.124311447143555,12100
2023-11-17,10.380000114440918,10.789999961853027,10.380000114440918,10.739999771118164,10.003229141235352,1300
2023-11-20,10.979999542236328,10.979999542236328,10.979999542236328,10.979999542236328,10.226764678955078,400
2023-11-21,10.550000190734863,11.130000114440918,10.550000190734863,10.619999885559082,9.891461372375488,800
2023-11-22,10.890000343322754,11.180000305175781,10.890000343322754,11.149999618530273,10.385103225708008,2400
2023-11-24,11.15999984741211,11.180000305175781,10.760000228881836,11.180000305175781,10.413045883178711,2100
2023-11-27,11.010000228881836,11.470000267028809,10.899999618530273,10.899999618530273,10.152253150939941,6400
2023-11-28,11.180000305175781,11.430000305175781,11.149999618530273,11.279999732971191,10.506184577941895,1600
2023-11-29,11.350000381469727,11.449999809265137,11.0,11.0,10.245393753051758,9500
2023-11-30,10.949999809265137,11.229999542236328,10.779999732971191,11.0,10.245393753051758,2400
2023-12-01,11.220000267028809,11.25,10.970000267028809,11.069999694824219,10.310590744018555,5500
2023-12-04,11.15999984741211,11.479999542236328,11.15999984741211,11.479999542236328,10.692464828491211,9100
2023-12-05,11.359999656677246,11.720000267028809,11.359999656677246,11.680000305175781,10.878746032714844,8300
2023-12-06,11.9399995803833,11.970000267028809,11.180000305175781,11.180000305175781,10.413045883178711,7700
2023-12-07,11.390000343322754,11.5,10.800000190734863,11.010000228881836,10.413045883178711,2600
2023-12-08,11.010000228881836,11.029999732971191,10.890000343322754,11.0,10.403587341308594,3200
2023-12-11,11.029999732971191,11.489999771118164,10.989999771118164,11.0600004196167,10.460335731506348,4000
2023-12-12,11.079999923706055,11.710000038146973,11.079999923706055,11.149999618530273,10.545454978942871,26600
2023-12-13,11.399999618530273,11.399999618530273,11.09000015258789,11.140000343322754,10.53599739074707,3300
2023-12-14,11.430000305175781,11.710000038146973,11.319999694824219,11.600000381469727,10.971056938171387,7600
2023-12-15,11.329999923706055,11.75,11.329999923706055,11.630000114440918,10.999429702758789,5200
2023-12-18,11.619999885559082,12.229999542236328,11.619999885559082,12.100000381469727,11.44394588470459,6400
2023-12-19,11.699999809265137,12.1899995803833,11.699999809265137,12.1899995803833,11.52906608581543,3400
2023-12-20,12.270000457763672,13.5600004196167,12.1899995803833,13.449999809265137,12.72075080871582,19700
2023-12-21,13.329999923706055,14.5,13.010000228881836,13.850000381469727,13.0990629196167,27200
2023-12-22,13.8100004196167,14.199999809265137,13.25,13.949999809265137,13.19364070892334,18500
2023-12-26,14.170000076293945,14.170000076293945,12.850000381469727,13.729999542236328,12.985568046569824,12100
2023-12-27,13.640000343322754,13.640000343322754,12.819999694824219,13.40999984741211,12.682918548583984,3500
2023-12-28,13.359999656677246,13.420000076293945,13.010000228881836,13.010000228881836,12.304607391357422,1600
2023-12-29,13.069999694824219,13.069999694824219,12.699999809265137,12.84000015258789,12.143824577331543,4500
2024-01-02,12.630000114440918,13.430000305175781,12.630000114440918,13.329999923706055,12.607256889343262,3600
2024-01-03,13.350000381469727,13.350000381469727,13.180000305175781,13.239999771118164,12.522136688232422,4200
2024-01-04,13.140000343322754,13.140000343322754,13.079999923706055,13.079999923706055,12.370811462402344,500
2024-01-05,12.850000381469727,12.949999809265137,12.260000228881836,12.59000015258789,11.907379150390625,10500
2024-01-08,12.279999732971191,12.789999961853027,12.279999732971191,12.279999732971191,11.61418628692627,900
2024-01-09,12.380000114440918,12.399999618530273,12.0,12.0,11.349369049072266,1900
2024-01-10,12.239999771118164,12.239999771118164,11.800000190734863,11.800000190734863,11.160212516784668,900
2024-01-11,12.0,12.1899995803833,11.800000190734863,11.800000190734863,11.160212516784668,1400
2024-01-12,11.850000381469727,12.220000267028809,11.75,11.75,11.112922668457031,2500
2024-01-16,12.260000228881836,12.260000228881836,11.789999961853027,11.989999771118164,11.339910507202148,8200
2024-01-17,11.979999542236328,12.430000305175781,11.979999542236328,12.010000228881836,11.35882568359375,5000
2024-01-18,12.050000190734863,12.050000190734863,12.050000190734863,12.050000190734863,11.39665699005127,400
2024-01-19,12.430000305175781,12.430000305175781,12.119999885559082,12.329999923706055,11.661476135253906,2100
2024-01-22,11.819999694824219,12.489999771118164,11.819999694824219,12.069999694824219,11.415572166442871,4700
2024-01-23,12.170000076293945,12.34000015258789,11.949999809265137,12.050000190734863,11.39665699005127,3100
2024-01-24,12.119999885559082,12.550000190734863,12.119999885559082,12.369999885559082,11.699307441711426,3700
2024-01-25,12.399999618530273,12.550000190734863,12.399999618530273,12.5,11.822258949279785,1500
2024-01-26,12.600000381469727,12.600000381469727,12.5,12.5600004196167,11.879006385803223,1600
2024-01-29,12.399999618530273,12.449999809265137,12.0,12.0,11.349369049072266,1400
2024-01-30,12.0,12.1899995803833,12.0,12.119999885559082,11.462862014770508,1900
2024-01-31,12.260000228881836,12.260000228881836,12.039999961853027,12.039999961853027,11.387199401855469,2300
2024-02-01,12.039999961853027,12.1899995803833,12.039999961853027,12.15999984741211,11.500693321228027,900
2024-02-02,12.029999732971191,12.229999542236328,12.029999732971191,12.029999732971191,11.377741813659668,4100
2024-02-05,12.029999732971191,12.029999732971191,11.75,11.75,11.112922668457031,11100
2024-02-06,11.75,11.899999618530273,11.75,11.899999618530273,11.254790306091309,1600
2024-02-07,12.020000457763672,12.020000457763672,11.600000381469727,11.739999771118164,11.10346508026123,1300
2024-02-08,11.729999542236328,11.739999771118164,11.729999542236328,11.739999771118164,11.10346508026123,1000
2024-02-09,11.789999961853027,11.899999618530273,11.619999885559082,11.890000343322754,11.245332717895508,5500
2024-02-12,11.630000114440918,11.960000038146973,11.630000114440918,11.640000343322754,11.008888244628906,2600
2024-02-13,11.510000228881836,11.760000228881836,11.510000228881836,11.760000228881836,11.122381210327148,3300
2024-02-14,11.760000228881836,11.880000114440918,11.520000457763672,11.729999542236328,11.09400749206543,2000
2024-02-15,11.770000457763672,11.789999961853027,11.520000457763672,11.720000267028809,11.084549903869629,4500
2024-02-16,11.869999885559082,11.869999885559082,11.6899995803833,11.6899995803833,11.05617618560791,900
2024-02-20,11.75,11.75,11.65999984741211,11.65999984741211,11.027803421020508,1300
2024-02-21,11.800000190734863,11.800000190734863,11.5600004196167,11.680000305175781,11.04671859741211,6500
2024-02-22,11.880000114440918,11.880000114440918,11.850000381469727,11.880000114440918,11.23587417602539,3100
2024-02-23,11.880000114440918,11.880000114440918,11.84000015258789,11.84000015258789,11.198042869567871,1000
2024-02-26,11.8100004196167,11.869999885559082,11.8100004196167,11.869999885559082,11.22641658782959,800
2024-02-27,11.880000114440918,11.880000114440918,11.84000015258789,11.850000381469727,11.207501411437988,4300
2024-02-28,11.890000343322754,11.90999984741211,11.869999885559082,11.90999984741211,11.26424789428711,1000
2024-02-29,11.90999984741211,11.90999984741211,11.90999984741211,11.90999984741211,11.26424789428711,300
2024-03-01,12.069999694824219,12.300000190734863,12.069999694824219,12.25,11.585813522338867,5100
2024-03-04,12.279999732971191,12.710000038146973,12.140000343322754,12.3100004196167,11.642560958862305,11100
2024-03-05,12.430000305175781,12.510000228881836,12.319999694824219,12.319999694824219,11.652017593383789,2100
2024-03-06,12.510000228881836,12.970000267028809,11.920000076293945,12.350000381469727,11.680392265319824,18800
2024-03-07,11.739999771118164,12.25,11.739999771118164,12.020000457763672,11.673593521118164,3400
2024-03-08,12.140000343322754,12.149999618530273,11.470000267028809,12.0,11.654170036315918,15100
2024-03-11,11.899999618530273,12.050000190734863,11.899999618530273,12.050000190734863,11.702728271484375,1600
2024-03-12,11.819999694824219,11.819999694824219,11.550000190734863,11.789999961853027,11.450221061706543,1500
2024-03-13,11.569999694824219,11.720000267028809,11.569999694824219,11.720000267028809,11.38223934173584,1300
2024-03-14,11.720000267028809,11.720000267028809,11.720000267028809,11.720000267028809,11.38223934173584,400
2024-03-15,11.979999542236328,12.069999694824219,11.979999542236328,12.020000457763672,11.673593521118164,3500
2024-03-18,12.069999694824219,12.5,11.8100004196167,12.149999618530273,11.799846649169922,11800
2024-03-19,12.34000015258789,12.5,12.0,12.0,11.654170036315918,3100
2024-03-20,12.470000267028809,13.649999618530273,11.880000114440918,12.899999618530273,12.52823257446289,18700
2024-03-21,13.350000381469727,13.960000038146973,12.149999618530273,13.529999732971191,13.140076637268066,8000
2024-03-22,13.520000457763672,14.239999771118164,13.300000190734863,14.239999771118164,13.829614639282227,4800
2024-03-25,14.390000343322754,15.5,14.390000343322754,15.329999923706055,14.888201713562012,14100
2024-03-26,15.109999656677246,15.109999656677246,14.359999656677246,14.960000038146973,14.528864860534668,8700
2024-03-27,14.210000038146973,14.960000038146973,14.210000038146973,14.960000038146973,14.528864860534668,5200
2024-03-28,14.449999809265137,14.470000267028809,14.449999809265137,14.470000267028809,14.052987098693848,1000
2024-04-01,14.5,14.930000305175781,14.5,14.930000305175781,14.499730110168457,3200
2024-04-02,14.9399995803833,14.9399995803833,14.140000343322754,14.600000381469727,14.179240226745605,3300
2024-04-03,14.399999618530273,14.579999923706055,14.210000038146973,14.5,14.082121849060059,3900
2024-04-04,14.489999771118164,14.670000076293945,14.449999809265137,14.449999809265137,14.033562660217285,1700
2024-04-05,14.239999771118164,14.239999771118164,14.130000114440918,14.15999984741211,13.751920700073242,1500
2024-04-08,14.130000114440918,14.15999984741211,13.640000343322754,13.760000228881836,13.363449096679688,3400
2024-04-09,13.25,13.899999618530273,12.899999618530273,13.40999984741211,13.023534774780273,5200
2024-04-10,13.020000457763672,13.579999923706055,13.0,13.0,12.625350952148438,3000
2024-04-11,12.850000381469727,14.0,12.850000381469727,13.579999923706055,13.18863582611084,2900
2024-04-12,13.8100004196167,13.8100004196167,13.25,13.5,13.110940933227539,2100
2024-04-15,13.399999618530273,13.399999618530273,12.880000114440918,12.880000114440918,12.508809089660645,5800
2024-04-16,13.180000305175781,13.680000305175781,12.699999809265137,12.699999809265137,12.333995819091797,1600
2024-04-17,13.6899995803833,13.6899995803833,12.760000228881836,12.760000228881836,12.392267227172852,3900
2024-04-18,13.949999809265137,13.949999809265137,13.010000228881836,13.010000228881836,12.635062217712402,1400
2024-04-19,13.59000015258789,13.59000015258789,13.140000343322754,13.140000343322754,12.761316299438477,600
2024-04-22,13.220000267028809,13.729999542236328,12.800000190734863,13.729999542236328,13.334311485290527,3300
2024-04-23,12.949999809265137,12.949999809265137,12.949999809265137,12.949999809265137,12.576791763305664,400
2024-04-24,12.960000038146973,12.960000038146973,12.960000038146973,12.960000038146973,12.586503028869629,1100
2024-04-25,12.859999656677246,12.890000343322754,12.850000381469727,12.890000343322754,12.51852035522461,3000
2024-04-26,12.800000190734863,12.800000190734863,12.699999809265137,12.800000190734863,12.431114196777344,4200
2024-04-29,12.800000190734863,12.800000190734863,12.800000190734863,12.800000190734863,12.431114196777344,400
2024-04-30,12.789999961853027,12.789999961853027,12.25,12.489999771118164,12.130047798156738,3700
2024-05-01,12.5,12.5,12.4399995803833,12.4399995803833,12.081488609313965,7200
2024-05-02,11.90999984741211,12.420000076293945,11.899999618530273,12.420000076293945,12.062066078186035,5500
2024-05-03,12.25,12.25,12.25,12.25,11.896965026855469,500
2024-05-06,12.25,12.300000190734863,12.130000114440918,12.130000114440918,11.780423164367676,3500
2024-05-07,12.079999923706055,12.5,12.079999923706055,12.380000114440918,12.023219108581543,3300
2024-05-08,12.489999771118164,12.789999961853027,12.489999771118164,12.789999961853027,12.421402931213379,4300
2024-05-09,12.649999618530273,12.729999542236328,12.649999618530273,12.729999542236328,12.363131523132324,2300
2024-05-10,12.75,12.75,12.390000343322754,12.630000114440918,12.266014099121094,1600
2024-05-13,12.699999809265137,12.699999809265137,12.100000381469727,12.460000038146973,12.100913047790527,5800
2024-05-14,12.399999618530273,12.649999618530273,12.399999618530273,12.449999809265137,12.091201782226562,4700
2024-05-15,12.40999984741211,12.720000267028809,12.1899995803833,12.199999809265137,11.848405838012695,2800
2024-05-16,12.5,12.5,12.199999809265137,12.300000190734863,11.945524215698242,2900
2024-05-17,12.569999694824219,12.569999694824219,12.350000381469727,12.390000343322754,12.032930374145508,2000
2024-05-20,12.720000267028809,12.739999771118164,12.5,12.5,12.139760971069336,2100
2024-05-21,12.630000114440918,12.630000114440918,12.5,12.5,12.139760971069336,1300
2024-05-22,12.390000343322754,12.649999618530273,12.390000343322754,12.649999618530273,12.285436630249023,700
2024-05-23,12.5,12.5,12.5,12.5,12.139760971069336,300
2024-05-24,12.5,12.5,12.3100004196167,12.3100004196167,11.955236434936523,800
2024-05-28,12.300000190734863,12.300000190734863,12.039999961853027,12.130000114440918,11.780423164367676,1800
2024-05-29,12.130000114440918,12.220000267028809,12.130000114440918,12.180000305175781,11.82898235321045,800
2024-05-30,12.119999885559082,12.15999984741211,12.119999885559082,12.15999984741211,11.809558868408203,800
2024-05-31,12.220000267028809,12.270000457763672,12.039999961853027,12.039999961853027,11.69301700592041,1900
2024-06-03,12.180000305175781,12.279999732971191,12.039999961853027,12.279999732971191,11.92609977722168,900
2024-06-04,12.119999885559082,12.3100004196167,12.119999885559082,12.149999618530273,11.799846649169922,3200
2024-06-05,12.220000267028809,12.3100004196167,11.979999542236328,12.0,11.654170036315918,10000
2024-06-06,12.149999618530273,12.210000038146973,12.149999618530273,12.210000038146973,11.858118057250977,2400
2024-06-07,12.170000076293945,12.229999542236328,12.170000076293945,12.170000076293945,11.819271087646484,2100
2024-06-10,11.899999618530273,12.270000457763672,11.4399995803833,11.5,11.331521987915039,9800
2024-06-11,11.699999809265137,11.949999809265137,11.399999618530273,11.949999809265137,11.774930000305176,3500
2024-06-12,11.800000190734863,12.0600004196167,11.40999984741211,11.989999771118164,11.814343452453613,11600
2024-06-13,11.5,11.979999542236328,11.5,11.979999542236328,11.804490089416504,1800
2024-06-14,11.699999809265137,11.960000038146973,11.699999809265137,11.949999809265137,11.774930000305176,1200
2024-06-17,11.930000305175781,11.930000305175781,11.460000038146973,11.600000381469727,11.430057525634766,3100
2024-06-18,11.800000190734863,11.9399995803833,11.770000457763672,11.90999984741211,11.735515594482422,2700
2024-06-20,11.960000038146973,11.960000038146973,11.729999542236328,11.960000038146973,11.784783363342285,10700
2024-06-21,11.9399995803833,12.75,11.920000076293945,11.920000076293945,11.745368957519531,25500
2024-06-24,12.239999771118164,13.84000015258789,12.239999771118164,13.279999732971191,13.085444450378418,22200
2024-06-25,13.170000076293945,13.649999618530273,12.6899995803833,12.960000038146973,12.770133018493652,12900
2024-06-26,13.380000114440918,13.380000114440918,12.930000305175781,13.020000457763672,12.829254150390625,2100
2024-06-27,13.34000015258789,13.34000015258789,12.5,12.5,12.316872596740723,8900
2024-06-28,12.699999809265137,13.130000114440918,12.289999961853027,12.550000190734863,12.36613941192627,14900
2024-07-01,12.25,12.869999885559082,12.180000305175781,12.6899995803833,12.504088401794434,9700
2024-07-02,12.550000190734863,12.6899995803833,12.0600004196167,12.369999885559082,12.188776969909668,12200
2024-07-03,12.670000076293945,12.670000076293945,12.149999618530273,12.260000228881836,12.080388069152832,3000
2024-07-05,12.270000457763672,12.630000114440918,12.149999618530273,12.149999618530273,11.971999168395996,17000
2024-07-08,12.40999984741211,12.40999984741211,12.0,12.079999923706055,11.90302562713623,13400
2024-07-09,12.100000381469727,12.100000381469727,11.630000114440918,11.630000114440918,11.459617614746094,20900
2024-07-10,12.0600004196167,12.369999885559082,11.800000190734863,12.229999542236328,12.050827026367188,12100
2024-07-11,12.220000267028809,12.510000228881836,12.220000267028809,12.399999618530273,12.218337059020996,2900
2024-07-12,12.430000305175781,12.430000305175781,12.399999618530273,12.399999618530273,12.218337059020996,1100
2024-07-15,12.229999542236328,12.789999961853027,12.079999923706055,12.25,12.070534706115723,7100
2024-07-16,12.5,13.520000457763672,12.5,13.0,12.809547424316406,16400
2024-07-17,12.770000457763672,12.770000457763672,12.300000190734863,12.710000038146973,12.523796081542969,3900
2024-07-18,13.029999732971191,13.0600004196167,13.010000228881836,13.0600004196167,12.868668556213379,1400
2024-07-19,12.479999542236328,13.020000457763672,12.479999542236328,12.680000305175781,12.494235038757324,1600
2024-07-22,12.6899995803833,12.6899995803833,12.199999809265137,12.199999809265137,12.02126693725586,7900
2024-07-23,12.319999694824219,12.479999542236328,12.199999809265137,12.479999542236328,12.297164916992188,3500
2024-07-24,12.5,12.550000190734863,12.319999694824219,12.380000114440918,12.198630332946777,4400
2024-07-25,12.25,12.619999885559082,12.25,12.529999732971191,12.34643268585205,2400
2024-07-26,12.729999542236328,12.729999542236328,12.5,12.65999984741211,12.474528312683105,3700
2024-07-29,12.5,12.5,12.390000343322754,12.5,12.316872596740723,1800
2024-07-30,12.449999809265137,12.449999809265137,12.430000305175781,12.4399995803833,12.257750511169434,2000
2024-07-31,12.399999618530273,12.449999809265137,12.350000381469727,12.350000381469727,12.16907024383545,2900
2024-08-01,12.25,12.260000228881836,12.119999885559082,12.199999809265137,12.02126693725586,9500
2024-08-02,12.25,12.369999885559082,12.029999732971191,12.130000114440918,11.952292442321777,5700
2024-08-05,12.239999771118164,12.239999771118164,11.6899995803833,11.779999732971191,11.607419967651367,3700
2024-08-06,12.0,12.239999771118164,12.0,12.149999618530273,11.971999168395996,1800
2024-08-07,12.029999732971191,12.239999771118164,12.029999732971191,12.239999771118164,12.060681343078613,600
2024-08-08,12.25,12.25,12.0,12.199999809265137,12.02126693725586,1600
2024-08-09,12.100000381469727,12.149999618530273,11.5600004196167,11.5600004196167,11.390644073486328,7000
2024-08-12,11.789999961853027,12.0,11.789999961853027,11.829999923706055,11.65668773651123,2300
2024-08-13,12.0,12.0,11.899999618530273,11.899999618530273,11.725662231445312,1200
2024-08-14,12.09000015258789,12.09000015258789,12.09000015258789,12.09000015258789,11.91287899017334,1200
2024-08-15,12.0,12.0,11.75,11.779999732971191,11.607419967651367,2300
2024-08-16,11.75,11.869999885559082,11.699999809265137,11.869999885559082,11.696102142333984,2500
2024-08-19,11.75,11.75,11.510000228881836,11.640000343322754,11.46947193145752,7700
2024-08-20,11.699999809265137,11.800000190734863,11.5,11.5,11.331521987915039,7500
2024-08-21,11.729999542236328,11.729999542236328,11.399999618530273,11.460000038146973,11.292108535766602,4600
2024-08-22,11.399999618530273,12.010000228881836,11.399999618530273,11.760000228881836,11.587713241577148,3500
2024-08-23,12.0,12.25,11.640000343322754,12.050000190734863,11.873464584350586,10700
2024-08-26,12.479999542236328,12.479999542236328,12.210000038146973,12.210000038146973,12.031121253967285,4800
2024-08-27,12.25,12.25,12.09000015258789,12.09000015258789,11.91287899017334,5600
2024-08-28,12.25,12.25,11.949999809265137,12.140000343322754,11.962146759033203,3900
2024-08-29,12.390000343322754,12.390000343322754,12.199999809265137,12.220000267028809,12.040974617004395,7900
2024-08-30,12.1899995803833,12.470000267028809,12.149999618530273,12.470000267028809,12.287311553955078,4900
2024-09-03,12.479999542236328,12.479999542236328,11.649999618530273,11.949999809265137,11.774930000305176,17800
2024-09-04,12.09000015258789,12.109999656677246,11.670000076293945,11.6899995803833,11.518738746643066,3200
2024-09-05,12.170000076293945,12.170000076293945,11.819999694824219,12.100000381469727,11.92273235321045,3500
2024-09-06,12.239999771118164,12.630000114440918,12.140000343322754,12.630000114440918,12.444968223571777,9100
2024-09-09,12.739999771118164,12.739999771118164,12.039999961853027,12.149999618530273,11.971999168395996,6100
2024-09-10,12.0,12.3100004196167,12.0,12.109999656677246,12.109999656677246,10000
2024-09-11,12.0,12.100000381469727,11.880000114440918,11.899999618530273,11.899999618530273,10500
2024-09-12,11.779999732971191,11.899999618530273,11.779999732971191,11.899999618530273,11.899999618530273,1100
2024-09-13,12.0,12.0,11.699999809265137,11.890000343322754,11.890000343322754,4100
2024-09-16,11.819999694824219,12.09000015258789,11.720000267028809,12.010000228881836,12.010000228881836,9700
2024-09-17,11.899999618530273,11.949999809265137,11.75,11.8100004196167,11.8100004196167,8600
2024-09-18,11.789999961853027,11.890000343322754,11.75,11.75,11.75,4500
2024-09-19,11.979999542236328,12.569999694824219,11.960000038146973,12.300000190734863,12.300000190734863,15400
2024-09-20,12.329999923706055,13.020000457763672,12.300000190734863,13.020000457763672,13.020000457763672,30500
2024-09-23,13.0,13.0,12.65999984741211,12.65999984741211,12.65999984741211,7200
2024-09-24,12.760000228881836,13.4399995803833,12.75,13.029999732971191,13.029999732971191,12800
2024-09-25,12.960000038146973,14.380000114440918,12.960000038146973,13.779999732971191,13.779999732971191,20600
2024-09-26,13.430000305175781,13.430000305175781,13.010000228881836,13.289999961853027,13.289999961853027,1500
2024-09-27,12.90999984741211,13.489999771118164,12.90999984741211,13.380000114440918,13.380000114440918,10600
2024-09-30,13.550000190734863,13.550000190734863,12.920000076293945,13.130000114440918,13.130000114440918,7900
2024-10-01,13.0,13.100000381469727,12.9399995803833,13.100000381469727,13.100000381469727,4300
2024-10-02,13.0600004196167,13.270000457763672,12.859999656677246,12.960000038146973,12.960000038146973,5700
2024-10-03,13.0600004196167,13.680000305175781,13.0600004196167,13.350000381469727,13.350000381469727,2200
2024-10-04,12.920000076293945,13.390000343322754,12.920000076293945,13.390000343322754,13.390000343322754,1200
2024-10-07,13.770000457763672,13.770000457763672,13.359999656677246,13.359999656677246,13.359999656677246,2500
2024-10-08,13.350000381469727,13.350000381469727,13.09000015258789,13.09000015258789,13.09000015258789,1200
2024-10-09,13.020000457763672,13.149999618530273,12.960000038146973,12.979999542236328,12.979999542236328,1000
2024-10-10,13.100000381469727,13.359999656677246,13.069999694824219,13.180000305175781,13.180000305175781,2100
