Date,Open,High,Low,Close,Adj Close,Volume
2020-12-16,26.0,30.010000228881836,22.610000610351562,29.469999313354492,29.469999313354492,13459800
2020-12-17,28.64299964904785,39.849998474121094,28.25,35.77000045776367,35.77000045776367,7042200
2020-12-18,38.02000045776367,48.65999984741211,37.060001373291016,44.09000015258789,44.09000015258789,7266500
2020-12-21,44.0,47.9900016784668,40.0,41.099998474121094,41.099998474121094,2833800
2020-12-22,43.099998474121094,48.08000183105469,40.650001525878906,47.84000015258789,47.84000015258789,3727400
2020-12-23,47.5,51.39799880981445,43.02000045776367,46.31999969482422,46.31999969482422,3142400
2020-12-24,46.59000015258789,47.470001220703125,42.505001068115234,43.959999084472656,43.959999084472656,873100
2020-12-28,44.310001373291016,45.0,38.04999923706055,42.630001068115234,42.630001068115234,1882200
2020-12-29,42.040000915527344,42.4900016784668,39.5099983215332,40.75,40.75,646400
2020-12-30,41.20000076293945,41.5,38.11000061035156,38.869998931884766,38.869998931884766,1049500
2020-12-31,38.20000076293945,40.95000076293945,36.2599983215332,40.75,40.75,969000
2021-01-04,40.34000015258789,45.0,38.04999923706055,43.9900016784668,43.9900016784668,1347100
2021-01-05,45.099998474121094,53.630001068115234,44.20000076293945,48.369998931884766,48.369998931884766,3590700
2021-01-06,47.04999923706055,57.0,45.13999938964844,52.13999938964844,52.13999938964844,2903200
2021-01-07,55.9900016784668,61.2599983215332,55.040000915527344,55.38999938964844,55.38999938964844,1518900
2021-01-08,58.0,58.0,50.279998779296875,52.72999954223633,52.72999954223633,1407700
2021-01-11,51.0,56.0,50.529998779296875,54.709999084472656,54.709999084472656,1338200
2021-01-12,56.11000061035156,63.5,55.529998779296875,62.47999954223633,62.47999954223633,1829500
2021-01-13,60.61000061035156,69.4800033569336,57.70000076293945,57.880001068115234,57.880001068115234,1785600
2021-01-14,60.91999816894531,67.43000030517578,59.4900016784668,60.63999938964844,60.63999938964844,1288700
2021-01-15,60.63999938964844,62.599998474121094,55.599998474121094,56.0,56.0,1409500
2021-01-19,58.130001068115234,61.630001068115234,53.0,54.279998779296875,54.279998779296875,1872400
2021-01-20,54.5099983215332,56.220001220703125,53.25,55.220001220703125,55.220001220703125,935500
2021-01-21,55.04999923706055,65.29000091552734,55.04999923706055,63.77000045776367,63.77000045776367,1702400
2021-01-22,62.400001525878906,64.87999725341797,58.529998779296875,64.47000122070312,64.47000122070312,1241600
2021-01-25,65.0,72.66999816894531,64.01000213623047,67.36000061035156,67.36000061035156,1781000
2021-01-26,67.70999908447266,68.69000244140625,63.29999923706055,64.44999694824219,64.44999694824219,1506600
2021-01-27,60.06999969482422,70.80000305175781,58.0,64.69999694824219,64.69999694824219,1398400
2021-01-28,64.54000091552734,67.41300201416016,63.52000045776367,65.1500015258789,65.1500015258789,617800
2021-01-29,64.55999755859375,67.4000015258789,60.119998931884766,62.189998626708984,62.189998626708984,721700
2021-02-01,63.0,70.8499984741211,61.900001525878906,70.25,70.25,813000
2021-02-02,71.04000091552734,80.0,71.04000091552734,75.47000122070312,75.47000122070312,1061300
2021-02-03,76.93000030517578,81.91000366210938,76.51000213623047,79.75,79.75,854600
2021-02-04,80.55000305175781,81.08999633789062,74.19000244140625,75.75,75.75,718600
2021-02-05,76.13999938964844,79.77999877929688,74.01000213623047,75.23999786376953,75.23999786376953,542300
2021-02-08,77.33999633789062,78.33999633789062,74.0999984741211,76.0,76.0,712600
2021-02-09,75.91999816894531,82.75,75.51699829101562,80.25,80.25,902200
2021-02-10,80.91000366210938,91.38999938964844,78.70999908447266,91.04000091552734,91.04000091552734,1080800
2021-02-11,93.5,105.58000183105469,92.55000305175781,95.12999725341797,95.12999725341797,1433000
2021-02-12,93.0,102.20999908447266,92.62000274658203,102.18000030517578,102.18000030517578,646000
2021-02-16,104.7699966430664,105.0,90.2699966430664,92.27999877929688,92.27999877929688,1053900
2021-02-17,91.75,92.26899719238281,84.13500213623047,87.23999786376953,87.23999786376953,941800
2021-02-18,84.0,84.5199966430664,78.5,82.31999969482422,82.31999969482422,1016600
2021-02-19,83.75,93.0,83.5,89.7300033569336,89.7300033569336,753500
2021-02-22,87.30000305175781,89.48999786376953,75.05999755859375,77.01000213623047,77.01000213623047,1081700
2021-02-23,72.94999694824219,75.37999725341797,61.0099983215332,73.05999755859375,73.05999755859375,1703100
2021-02-24,73.73999786376953,83.29000091552734,72.01000213623047,74.51000213623047,74.51000213623047,985600
2021-02-25,74.08000183105469,79.62000274658203,66.08000183105469,68.5199966430664,68.5199966430664,1423200
2021-02-26,68.79000091552734,71.87999725341797,63.349998474121094,65.63999938964844,65.63999938964844,1558600
2021-03-01,66.77999877929688,73.45999908447266,65.87000274658203,66.6500015258789,66.6500015258789,1309100
2021-03-02,67.20999908447266,67.76000213623047,58.290000915527344,60.36000061035156,60.36000061035156,1772300
2021-03-03,61.70000076293945,63.005001068115234,55.599998474121094,57.58000183105469,57.58000183105469,1610300
2021-03-04,56.150001525878906,59.54499816894531,49.09000015258789,54.91999816894531,54.91999816894531,2218900
2021-03-05,54.540000915527344,55.290000915527344,42.51100158691406,51.15999984741211,51.15999984741211,2322100
2021-03-08,50.66600036621094,52.222999572753906,45.141998291015625,46.869998931884766,46.869998931884766,1382300
2021-03-09,49.39500045776367,55.45000076293945,49.04999923706055,53.2400016784668,53.2400016784668,2035200
2021-03-10,57.29999923706055,58.54999923706055,52.119998931884766,52.9900016784668,52.9900016784668,1540900
2021-03-11,54.75,59.54999923706055,54.04999923706055,59.2400016784668,59.2400016784668,1260700
2021-03-12,53.5,58.5,53.5,58.0,58.0,1130200
2021-03-15,58.88999938964844,63.0099983215332,56.83000183105469,62.93000030517578,62.93000030517578,1432500
2021-03-16,62.27000045776367,64.5,56.849998474121094,60.04999923706055,60.04999923706055,1266400
2021-03-17,56.775001525878906,62.2599983215332,54.5,60.790000915527344,60.790000915527344,2762900
2021-03-18,83.54000091552734,124.75,81.95999908447266,115.08999633789062,115.08999633789062,21497900
2021-03-19,108.0,128.8000030517578,106.59700012207031,125.27999877929688,125.27999877929688,8769700
2021-03-22,127.94000244140625,165.66000366210938,124.05400085449219,164.8699951171875,164.8699951171875,8566600
2021-03-23,159.9739990234375,164.05999755859375,115.58000183105469,118.4800033569336,118.4800033569336,11899100
2021-03-24,121.87899780273438,134.16000366210938,110.11000061035156,112.27999877929688,112.27999877929688,5499400
2021-03-25,106.30000305175781,130.35899353027344,105.94999694824219,123.7300033569336,123.7300033569336,3820900
2021-03-26,125.0,144.86000061035156,118.25,142.9499969482422,142.9499969482422,3260400
2021-03-29,140.8000030517578,156.92999267578125,132.52999877929688,134.49000549316406,134.49000549316406,2652400
2021-03-30,133.47999572753906,137.61000061035156,122.5999984741211,129.27999877929688,129.27999877929688,1521900
2021-03-31,131.6300048828125,137.78799438476562,128.0,128.86000061035156,128.86000061035156,1137700
2021-04-01,133.94000244140625,147.47999572753906,133.0,144.27999877929688,144.27999877929688,1871600
2021-04-05,147.70799255371094,156.27000427246094,136.0,140.52000427246094,140.52000427246094,2029200
2021-04-06,140.2899932861328,145.77999877929688,138.05999755859375,144.3000030517578,144.3000030517578,1018700
2021-04-07,136.5500030517578,138.97000122070312,123.80999755859375,126.06999969482422,126.06999969482422,2674500
2021-04-08,128.50999450683594,128.97999572753906,119.18000030517578,123.33000183105469,123.33000183105469,2548900
2021-04-09,122.0,134.0,118.0,127.29000091552734,127.29000091552734,4545400
2021-04-12,127.75,127.94999694824219,111.19999694824219,112.45999908447266,112.45999908447266,2891100
2021-04-13,111.87999725341797,114.2699966430664,102.69000244140625,110.45999908447266,110.45999908447266,3733100
2021-04-14,110.2300033569336,115.55999755859375,104.30000305175781,104.51000213623047,104.51000213623047,2062500
2021-04-15,109.29000091552734,116.95999908447266,105.69000244140625,110.4000015258789,110.4000015258789,2347300
2021-04-16,111.08000183105469,111.2300033569336,103.0,104.6500015258789,104.6500015258789,1584800
2021-04-19,104.41999816894531,104.41999816894531,93.62200164794922,97.55000305175781,97.55000305175781,2723600
2021-04-20,96.33000183105469,101.0,90.375,91.79000091552734,91.79000091552734,1626200
2021-04-21,91.4000015258789,101.33999633789062,89.33000183105469,100.61000061035156,100.61000061035156,1713100
2021-04-22,102.5,108.30000305175781,99.2300033569336,101.44000244140625,101.44000244140625,2104600
2021-04-23,102.9800033569336,111.94999694824219,102.45999908447266,107.37999725341797,107.37999725341797,2117700
2021-04-26,108.80899810791016,114.80000305175781,108.01000213623047,111.23999786376953,111.23999786376953,1936400
2021-04-27,114.94000244140625,123.08799743652344,112.30000305175781,116.33000183105469,116.33000183105469,2629900
2021-04-28,116.93000030517578,120.45999908447266,111.23899841308594,113.75,113.75,1648300
2021-04-29,115.69999694824219,116.0,103.0,108.55999755859375,108.55999755859375,2145300
2021-04-30,103.9000015258789,112.5,103.68000030517578,109.0199966430664,109.0199966430664,1199500
2021-05-03,111.12000274658203,117.98999786376953,105.7300033569336,114.19999694824219,114.19999694824219,1773500
2021-05-04,115.0,115.0,101.0999984741211,107.36000061035156,107.36000061035156,2081700
2021-05-05,109.14800262451172,109.14800262451172,97.5,98.19000244140625,98.19000244140625,1387400
2021-05-06,97.26000213623047,98.0,88.37999725341797,92.04000091552734,92.04000091552734,2312400
2021-05-07,96.46900177001953,100.86000061035156,94.19999694824219,95.97000122070312,95.97000122070312,1648200
2021-05-10,93.05000305175781,94.56999969482422,86.20999908447266,88.20999908447266,88.20999908447266,2291300
2021-05-11,83.43000030517578,89.48999786376953,81.19999694824219,89.44000244140625,89.44000244140625,3806700
2021-05-12,115.27999877929688,115.47699737548828,88.87999725341797,91.81999969482422,91.81999969482422,12764700
2021-05-13,96.25,97.87000274658203,80.8499984741211,84.05000305175781,84.05000305175781,5638200
2021-05-14,87.76000213623047,103.94999694824219,86.25,103.36000061035156,103.36000061035156,4400700
2021-05-17,100.01000213623047,115.9000015258789,96.01000213623047,115.0,115.0,4925000
2021-05-18,111.69000244140625,124.9000015258789,111.41000366210938,119.48999786376953,119.48999786376953,5006100
2021-05-19,110.75,136.7449951171875,108.41000366210938,132.91000366210938,132.91000366210938,6595300
2021-05-20,135.0,145.39999389648438,129.25999450683594,139.0800018310547,139.0800018310547,4889200
2021-05-21,140.60000610351562,156.24000549316406,137.38499450683594,153.85000610351562,153.85000610351562,4072500
2021-05-24,152.07000732421875,164.63999938964844,138.0,139.77000427246094,139.77000427246094,4718600
2021-05-25,141.75999450683594,146.7209930419922,132.55999755859375,133.6999969482422,133.6999969482422,2304400
2021-05-26,135.17999267578125,149.58999633789062,133.0,146.5800018310547,146.5800018310547,3491400
2021-05-27,145.16000366210938,171.8699951171875,138.6199951171875,166.8300018310547,166.8300018310547,5054100
2021-05-28,164.0,164.49000549316406,143.7100067138672,148.22000122070312,148.22000122070312,5253100
2021-06-01,150.0,155.21299743652344,136.0,144.49000549316406,144.49000549316406,3523100
2021-06-02,145.49000549316406,159.8000030517578,138.0800018310547,157.13999938964844,157.13999938964844,2793500
2021-06-03,150.5,172.25,145.14999389648438,164.8300018310547,164.8300018310547,6058700
2021-06-04,167.2209930419922,191.88999938964844,160.11000061035156,164.0399932861328,164.0399932861328,6401400
2021-06-07,169.7220001220703,178.0,164.1999969482422,170.0,170.0,3840500
2021-06-08,171.0,182.0,161.9199981689453,162.00999450683594,162.00999450683594,3756300
2021-06-09,164.07000732421875,167.5,150.27999877929688,152.42999267578125,152.42999267578125,4171100
2021-06-10,150.38999938964844,155.8699951171875,144.0,146.4199981689453,146.4199981689453,3922100
2021-06-11,143.27999877929688,143.63999938964844,125.0,125.50499725341797,125.50499725341797,10197700
2021-06-14,120.26000213623047,134.82000732421875,120.0,124.69000244140625,124.69000244140625,16323900
2021-06-15,125.7699966430664,126.97000122070312,117.43000030517578,123.02999877929688,123.02999877929688,7099300
2021-06-16,119.5270004272461,122.0,114.19999694824219,119.01000213623047,119.01000213623047,8832200
2021-06-17,120.94999694824219,128.3000030517578,119.36000061035156,126.30999755859375,126.30999755859375,9289300
2021-06-18,126.80000305175781,128.4600067138672,120.41999816894531,123.86000061035156,123.86000061035156,5368500
2021-06-21,125.5,125.72000122070312,118.4260025024414,121.3499984741211,121.3499984741211,4223300
2021-06-22,120.5999984741211,123.3499984741211,115.69000244140625,119.6500015258789,119.6500015258789,5954900
2021-06-23,120.30000305175781,125.75,119.40699768066406,125.13999938964844,125.13999938964844,5762200
2021-06-24,128.6320037841797,134.5,122.27999877929688,123.41999816894531,123.41999816894531,8849800
2021-06-25,124.39600372314453,125.0,117.7699966430664,122.19999694824219,122.19999694824219,4328000
2021-06-28,123.53299713134766,126.98999786376953,120.26000213623047,123.88999938964844,123.88999938964844,4051000
2021-06-29,125.0,125.5,120.7699966430664,122.93000030517578,122.93000030517578,2995500
2021-06-30,122.0,134.3800048828125,120.11000061035156,124.9000015258789,124.9000015258789,10763500
2021-07-01,126.0,130.8800048828125,122.68000030517578,123.91999816894531,123.91999816894531,5055900
2021-07-02,125.5479965209961,127.88500213623047,118.16500091552734,121.20999908447266,121.20999908447266,4128900
2021-07-06,122.04000091552734,123.4800033569336,115.89399719238281,120.0,120.0,3391600
2021-07-07,120.5,121.54000091552734,114.22000122070312,117.4000015258789,117.4000015258789,2895200
2021-07-08,112.56999969482422,121.68000030517578,110.81999969482422,119.75,119.75,2991400
2021-07-09,122.94999694824219,123.2040023803711,117.22000122070312,120.0,120.0,3218400
2021-07-12,123.62100219726562,130.89999389648438,122.76000213623047,129.89999389648438,129.89999389648438,6942300
2021-07-13,128.1199951171875,129.0,118.52999877929688,119.37999725341797,119.37999725341797,5274200
2021-07-14,120.99500274658203,120.99500274658203,112.0199966430664,113.12999725341797,113.12999725341797,3836000
2021-07-15,111.96499633789062,114.30000305175781,107.26000213623047,113.08999633789062,113.08999633789062,3463300
2021-07-16,115.29000091552734,115.9000015258789,109.51499938964844,113.79000091552734,113.79000091552734,2148700
2021-07-19,109.83000183105469,115.38999938964844,109.19999694824219,115.27999877929688,115.27999877929688,2504100
2021-07-20,116.91999816894531,118.30000305175781,113.13999938964844,117.62999725341797,117.62999725341797,1894500
2021-07-21,118.05000305175781,121.98999786376953,116.58000183105469,119.1500015258789,119.1500015258789,2123900
2021-07-22,120.0,120.74600219726562,115.30000305175781,116.91000366210938,116.91000366210938,1440200
2021-07-23,116.91999816894531,118.76599884033203,113.80999755859375,116.56999969482422,116.56999969482422,1327300
2021-07-26,116.79000091552734,123.5,115.5999984741211,121.81999969482422,121.81999969482422,1962100
2021-07-27,121.6500015258789,123.69000244140625,112.60399627685547,115.75,115.75,2360300
2021-07-28,117.30999755859375,122.63999938964844,116.37699890136719,121.79000091552734,121.79000091552734,1829200
2021-07-29,123.0,127.4000015258789,122.98999786376953,123.87000274658203,123.87000274658203,2836200
2021-07-30,121.05000305175781,125.25,120.36000061035156,120.76000213623047,120.76000213623047,1317700
2021-08-02,122.0,134.14999389648438,121.0,133.41000366210938,133.41000366210938,4736600
2021-08-03,133.81300354003906,139.41000366210938,125.05999755859375,128.67999267578125,128.67999267578125,3793900
2021-08-04,128.00999450683594,133.4600067138672,125.76000213623047,127.9800033569336,127.9800033569336,1862100
2021-08-05,128.13999938964844,137.39999389648438,124.30000305175781,133.1699981689453,133.1699981689453,5132300
2021-08-06,135.2899932861328,139.55999755859375,130.66000366210938,132.1300048828125,132.1300048828125,4450000
2021-08-09,134.89999389648438,140.02999877929688,133.47799682617188,137.19000244140625,137.19000244140625,3915600
2021-08-10,139.49000549316406,140.61000061035156,135.10000610351562,135.67999267578125,135.67999267578125,5023000
2021-08-11,166.82000732421875,172.0,156.77000427246094,171.1999969482422,171.1999969482422,17993600
2021-08-12,167.67999267578125,186.13999938964844,166.25,178.1199951171875,178.1199951171875,14085200
2021-08-13,187.81500244140625,205.19000244140625,184.5,203.2899932861328,203.2899932861328,14229600
2021-08-16,198.1999969482422,213.89999389648438,188.27999877929688,200.88999938964844,200.88999938964844,10637000
2021-08-17,190.64999389648438,208.49000549316406,190.16000366210938,200.17999267578125,200.17999267578125,7450200
2021-08-18,204.60000610351562,220.11000061035156,203.60000610351562,212.27000427246094,212.27000427246094,8752000
2021-08-19,210.14999389648438,213.99000549316406,192.50999450683594,193.8699951171875,193.8699951171875,7321700
2021-08-20,197.14999389648438,208.60000610351562,192.50999450683594,195.63999938964844,195.63999938964844,6125600
2021-08-23,201.24200439453125,206.47000122070312,198.88400268554688,202.9600067138672,202.9600067138672,4427800
2021-08-24,206.05999755859375,220.6999969482422,204.1999969482422,219.4499969482422,219.4499969482422,5521800
2021-08-25,218.85000610351562,223.82200622558594,214.08999633789062,214.13999938964844,214.13999938964844,3929400
2021-08-26,214.77000427246094,219.97999572753906,211.25,216.75,216.75,2380700
2021-08-27,218.05599975585938,224.49000549316406,212.08999633789062,223.17999267578125,223.17999267578125,2938500
2021-08-30,226.8699951171875,228.0,215.3300018310547,215.63999938964844,215.63999938964844,3462500
2021-08-31,215.53599548339844,230.3800048828125,215.3179931640625,229.1199951171875,229.1199951171875,3614300
2021-09-01,228.32699584960938,228.69000244140625,222.75,226.80999755859375,226.80999755859375,2525800
2021-09-02,227.52000427246094,245.38999938964844,227.52000427246094,239.8000030517578,239.8000030517578,4254900
2021-09-03,240.0,254.1300048828125,240.0,247.2899932861328,247.2899932861328,4561100
2021-09-07,250.35299682617188,271.0,249.0989990234375,262.70001220703125,262.70001220703125,5062200
2021-09-08,275.25,276.57000732421875,260.92999267578125,274.3299865722656,274.3299865722656,6904100
2021-09-09,270.60101318359375,291.25,262.0899963378906,289.6000061035156,289.6000061035156,6710600
2021-09-10,289.010009765625,294.2300109863281,268.25,270.4599914550781,270.4599914550781,6401800
2021-09-13,270.7900085449219,280.0,259.010009765625,278.0,278.0,4412400
2021-09-14,274.7550048828125,282.25,264.20001220703125,269.0400085449219,269.0400085449219,3986800
2021-09-15,268.09698486328125,279.4700012207031,261.2799987792969,279.0899963378906,279.0899963378906,4649100
2021-09-16,278.1400146484375,296.82000732421875,278.0,293.260009765625,293.260009765625,5304200
2021-09-17,298.0,308.7799987792969,292.8599853515625,303.32000732421875,303.32000732421875,9988900
2021-09-20,290.0,303.989990234375,288.2699890136719,293.4700012207031,293.4700012207031,5458300
2021-09-21,297.6400146484375,329.4700012207031,294.4200134277344,320.7699890136719,320.7699890136719,8816700
2021-09-22,324.0,334.44000244140625,311.6700134277344,323.510009765625,323.510009765625,6209400
2021-09-23,328.77301025390625,346.5400085449219,324.0,336.3399963378906,336.3399963378906,5852600
2021-09-24,332.04998779296875,337.2300109863281,323.5899963378906,327.8800048828125,327.8800048828125,3796900
2021-09-27,328.5,342.2699890136719,319.17999267578125,331.989990234375,331.989990234375,4048000
2021-09-28,326.9100036621094,326.95001220703125,304.0,313.3999938964844,313.3999938964844,5090200
2021-09-29,319.010009765625,332.1000061035156,317.3299865722656,320.0,320.0,4826700
2021-09-30,323.6820068359375,327.6419982910156,313.5,316.44000244140625,316.44000244140625,3394700
2021-10-01,311.8340148925781,315.5679931640625,285.54998779296875,298.7699890136719,298.7699890136719,5595700
2021-10-04,293.07501220703125,296.8399963378906,281.1300048828125,289.7699890136719,289.7699890136719,3515400
2021-10-05,294.614013671875,303.989990234375,288.6520080566406,296.29998779296875,296.29998779296875,3037500
2021-10-06,289.25,313.6000061035156,286.7799987792969,307.70001220703125,307.70001220703125,4922300
2021-10-07,315.5,323.5899963378906,304.0,307.3800048828125,307.3800048828125,3390000
2021-10-08,308.6400146484375,316.1700134277344,304.80999755859375,311.2300109863281,311.2300109863281,2258600
2021-10-11,309.510009765625,319.0,305.260009765625,310.9200134277344,310.9200134277344,2892800
2021-10-12,316.2300109863281,337.5199890136719,310.92999267578125,333.04998779296875,333.04998779296875,4692100
2021-10-13,337.70001220703125,345.69000244140625,328.3599853515625,344.8900146484375,344.8900146484375,4122600
2021-10-14,351.9100036621094,380.2179870605469,347.57000732421875,379.67999267578125,379.67999267578125,6764000
2021-10-15,385.0,401.489990234375,380.6000061035156,390.0,390.0,8525500
2021-10-18,369.2300109863281,389.29998779296875,357.47198486328125,383.2099914550781,383.2099914550781,7331600
2021-10-19,388.30999755859375,394.9800109863281,362.79998779296875,367.0799865722656,367.0799865722656,4634200
2021-10-20,364.5,368.97900390625,351.5,355.82000732421875,355.82000732421875,3842900
2021-10-21,356.7099914550781,370.260009765625,352.82000732421875,354.3399963378906,354.3399963378906,2845100
2021-10-22,351.7799987792969,353.8800048828125,336.6600036621094,342.55999755859375,342.55999755859375,3695900
2021-10-25,348.6570129394531,362.70001220703125,345.5,359.80999755859375,359.80999755859375,3226500
2021-10-26,352.5610046386719,355.7200012207031,310.0199890136719,327.0799865722656,327.0799865722656,7312900
2021-10-27,320.0,334.80999755859375,311.5,314.5,314.5,3677000
2021-10-28,328.1700134277344,336.760009765625,321.4599914550781,330.0,330.0,3087700
2021-10-29,329.3699951171875,340.989990234375,318.4800109863281,322.0400085449219,322.0400085449219,2804800
2021-11-01,323.7799987792969,346.8800048828125,323.0199890136719,344.7300109863281,344.7300109863281,3517100
2021-11-02,348.0,355.4200134277344,332.8800048828125,344.0899963378906,344.0899963378906,2601500
2021-11-03,343.281005859375,343.29998779296875,320.20001220703125,330.1099853515625,330.1099853515625,3148700
2021-11-04,328.25,337.0,320.3299865722656,321.7099914550781,321.7099914550781,2233400
2021-11-05,325.0,334.989990234375,320.25,331.55999755859375,331.55999755859375,2469500
2021-11-08,340.8999938964844,342.510009765625,321.29998779296875,334.6000061035156,334.6000061035156,3152300
2021-11-09,334.0,338.5,307.8599853515625,313.7099914550781,313.7099914550781,6648000
2021-11-10,242.75,270.8699951171875,239.97999572753906,256.5899963378906,256.5899963378906,14442600
2021-11-11,264.489990234375,265.989990234375,243.5,246.02000427246094,246.02000427246094,5351400
2021-11-12,246.4600067138672,265.70001220703125,244.8000030517578,264.17999267578125,264.17999267578125,5418800
2021-11-15,260.51800537109375,261.989990234375,232.5,233.77999877929688,233.77999877929688,7801600
2021-11-16,230.69000244140625,241.0,227.10000610351562,236.00999450683594,236.00999450683594,4008400
2021-11-17,235.69000244140625,247.6999969482422,231.32000732421875,232.02000427246094,232.02000427246094,2975000
2021-11-18,234.63999938964844,238.4499969482422,223.00999450683594,226.3699951171875,226.3699951171875,3488500
2021-11-19,227.52000427246094,228.6300048828125,205.2899932861328,206.97000122070312,206.97000122070312,6476800
2021-11-22,210.74000549316406,215.2899932861328,197.55099487304688,205.49000549316406,205.49000549316406,5849700
2021-11-23,203.8300018310547,205.99000549316406,189.0,197.36000061035156,197.36000061035156,5662100
2021-11-24,191.28599548339844,210.00999450683594,190.22999572753906,207.60000610351562,207.60000610351562,4320500
2021-11-26,200.0800018310547,212.6699981689453,200.0800018310547,209.41000366210938,209.41000366210938,2185100
2021-11-29,214.92999267578125,217.41200256347656,201.7209930419922,212.50999450683594,212.50999450683594,3665100
2021-11-30,213.11000061035156,220.2100067138672,204.14999389648438,204.88999938964844,204.88999938964844,4677500
2021-12-01,206.2899932861328,209.02999877929688,176.00399780273438,179.64999389648438,179.64999389648438,6290500
2021-12-02,179.64999389648438,185.0,159.66000366210938,177.0,177.0,10661300
2021-12-03,187.67999267578125,191.75999450683594,167.6699981689453,171.58999633789062,171.58999633789062,7713500
2021-12-06,166.89999389648438,180.7100067138672,157.25999450683594,176.16000366210938,176.16000366210938,4783700
2021-12-07,183.2100067138672,198.02000427246094,181.1199951171875,193.8800048828125,193.8800048828125,4981400
2021-12-08,193.2100067138672,199.8000030517578,182.8300018310547,194.3699951171875,194.3699951171875,4457700
2021-12-09,192.0,197.17999267578125,176.8300018310547,179.60000610351562,179.60000610351562,4463800
2021-12-10,180.80299377441406,183.1739959716797,159.0399932861328,160.75,160.75,7049900
2021-12-13,160.7899932861328,163.7899932861328,149.43499755859375,151.05999755859375,151.05999755859375,6843300
2021-12-14,147.0,147.88999938964844,137.85000610351562,144.9499969482422,144.9499969482422,8425900
2021-12-15,144.875,156.38999938964844,141.0,154.22999572753906,154.22999572753906,6309200
2021-12-16,158.0780029296875,159.6999969482422,138.11000061035156,140.63999938964844,140.63999938964844,6866200
2021-12-17,136.70799255371094,140.86500549316406,128.4499969482422,139.17999267578125,139.17999267578125,6523600
2021-12-20,134.01499938964844,136.47000122070312,129.5,131.5,131.5,4792500
2021-12-21,135.42999267578125,150.8300018310547,134.1999969482422,149.47999572753906,149.47999572753906,5556100
2021-12-22,145.44700622558594,150.82000732421875,142.22000122070312,145.27999877929688,145.27999877929688,4402200
2021-12-23,145.75,149.55999755859375,142.57000732421875,148.13999938964844,148.13999938964844,2565900
2021-12-27,151.52000427246094,163.1999969482422,150.80999755859375,160.0399932861328,160.0399932861328,5081000
2021-12-28,162.11000061035156,162.81399536132812,147.8000030517578,148.97000122070312,148.97000122070312,5134200
2021-12-29,148.91000366210938,150.52699279785156,141.05999755859375,147.89999389648438,147.89999389648438,3769900
2021-12-30,147.27000427246094,162.76400756835938,146.39999389648438,155.42999267578125,155.42999267578125,5677700
2021-12-31,153.22999572753906,156.89999389648438,151.07000732421875,151.3000030517578,151.3000030517578,2545000
2022-01-03,153.6199951171875,155.60000610351562,144.1199951171875,144.66000366210938,144.66000366210938,3547700
2022-01-04,144.91000366210938,146.8300018310547,133.33999633789062,136.5800018310547,136.5800018310547,5711700
2022-01-05,135.1219940185547,142.74000549316406,123.0999984741211,123.81999969482422,123.81999969482422,6367800
2022-01-06,122.5,124.30000305175781,113.31999969482422,118.43000030517578,118.43000030517578,7782500
2022-01-07,119.02999877929688,125.25,114.5770034790039,116.94999694824219,116.94999694824219,5847500
2022-01-10,113.51000213623047,114.61000061035156,107.29000091552734,114.41999816894531,114.41999816894531,8062200
2022-01-11,113.3499984741211,124.6500015258789,112.0999984741211,121.05999755859375,121.05999755859375,5315300
2022-01-12,125.5999984741211,128.2899932861328,117.197998046875,118.41000366210938,118.41000366210938,5298800
2022-01-13,119.27999877929688,120.97000122070312,108.55999755859375,109.25,109.25,4647200
2022-01-14,107.8499984741211,114.28099822998047,107.62899780273438,111.11000061035156,111.11000061035156,4903500
2022-01-18,107.5,115.27999877929688,105.30000305175781,109.91000366210938,109.91000366210938,5940700
2022-01-19,110.52999877929688,112.87999725341797,105.48999786376953,106.01000213623047,106.01000213623047,3993900
2022-01-20,108.0,117.76000213623047,106.5999984741211,107.1500015258789,107.1500015258789,5544100
2022-01-21,105.00199890136719,106.27999877929688,91.83000183105469,92.72000122070312,92.72000122070312,9072100
2022-01-24,86.4010009765625,92.1500015258789,75.1500015258789,91.36000061035156,91.36000061035156,12875300
2022-01-25,88.63999938964844,98.2699966430664,88.33999633789062,94.19999694824219,94.19999694824219,7108300
2022-01-26,98.2300033569336,106.06999969482422,94.0,96.05000305175781,96.05000305175781,9932900
2022-01-27,100.5,103.0,87.02999877929688,90.12999725341797,90.12999725341797,9377000
2022-01-28,89.04000091552734,96.69000244140625,87.26000213623047,95.0,95.0,6893500
2022-01-31,96.16999816894531,110.01000213623047,95.0,109.01000213623047,109.01000213623047,6744000
2022-02-01,111.30000305175781,120.74800109863281,106.4000015258789,117.33000183105469,117.33000183105469,11497000
2022-02-02,115.04000091552734,116.4000015258789,103.11000061035156,105.79000091552734,105.79000091552734,7537800
2022-02-03,99.62999725341797,105.19999694824219,97.0999984741211,97.93000030517578,97.93000030517578,5422800
2022-02-04,99.56999969482422,101.4000015258789,93.22000122070312,98.62999725341797,98.62999725341797,6249900
2022-02-07,99.48999786376953,105.1500015258789,95.27999877929688,96.04000091552734,96.04000091552734,4936300
2022-02-08,95.0,100.91000366210938,94.66999816894531,99.97000122070312,99.97000122070312,4141300
2022-02-09,102.89299774169922,113.24400329589844,102.76499938964844,112.29000091552734,112.29000091552734,6599700
2022-02-10,107.83999633789062,120.04000091552734,102.18000030517578,106.0,106.0,11233200
2022-02-11,106.12000274658203,108.87999725341797,98.25,100.0199966430664,100.0199966430664,6731500
2022-02-14,100.02999877929688,108.77999877929688,97.54900360107422,104.5999984741211,104.5999984741211,7228000
2022-02-15,107.5,109.8740005493164,98.80000305175781,109.11000061035156,109.11000061035156,18894000
2022-02-16,137.1999969482422,150.10000610351562,133.02999877929688,148.00999450683594,148.00999450683594,33838000
2022-02-17,157.1999969482422,157.38999938964844,136.56100463867188,139.6300048828125,139.6300048828125,21890300
2022-02-18,139.3800048828125,144.27999877929688,126.41999816894531,130.0500030517578,130.0500030517578,12845900
2022-02-22,127.30000305175781,134.77999877929688,119.32499694824219,120.51000213623047,120.51000213623047,10516000
2022-02-23,123.94000244140625,126.04000091552734,111.70999908447266,112.43000030517578,112.43000030517578,9434600
2022-02-24,104.0,132.49000549316406,101.80000305175781,131.5500030517578,131.5500030517578,13921300
2022-02-25,134.0,139.53900146484375,126.43000030517578,135.8800048828125,135.8800048828125,11202400
2022-02-28,136.83999633789062,158.66000366210938,136.60000610351562,157.99000549316406,157.99000549316406,17160900
2022-03-01,160.0,161.0,144.1300048828125,145.39999389648438,145.39999389648438,12414200
2022-03-02,148.69000244140625,157.75,139.5,156.93499755859375,156.93499755859375,11287900
2022-03-03,153.60000610351562,156.9199981689453,143.5800018310547,150.05999755859375,150.05999755859375,10955700
2022-03-04,151.39999389648438,151.6699981689453,126.0009994506836,128.27000427246094,128.27000427246094,17401700
2022-03-07,129.1999969482422,134.94000244140625,111.80999755859375,112.5,112.5,14597300
2022-03-08,113.51000213623047,121.0,107.02999877929688,112.0,112.0,15815200
2022-03-09,120.79000091552734,123.43099975585938,113.83000183105469,117.13999938964844,117.13999938964844,13439400
2022-03-10,115.38999938964844,119.37000274658203,107.0,112.69999694824219,112.69999694824219,11410700
2022-03-11,114.47000122070312,114.66600036621094,100.0,100.08000183105469,100.08000183105469,13306000
2022-03-14,98.0,98.47000122070312,85.80000305175781,89.33999633789062,89.33999633789062,16966300
2022-03-15,90.56999969482422,98.80000305175781,85.0,97.4800033569336,97.4800033569336,17654300
2022-03-16,101.0,108.44999694824219,97.77999877929688,106.94999694824219,106.94999694824219,18429500
2022-03-17,105.0,118.3499984741211,102.55000305175781,116.56999969482422,116.56999969482422,14887000
2022-03-18,114.30000305175781,126.3499984741211,113.91000366210938,125.47000122070312,125.47000122070312,14864200
2022-03-21,124.04000091552734,133.8000030517578,122.75399780273438,125.8499984741211,125.8499984741211,14454200
2022-03-22,113.0,130.30999755859375,112.0,127.2300033569336,127.2300033569336,24467900
2022-03-23,123.25,127.33200073242188,118.0,118.66999816894531,118.66999816894531,11117000
2022-03-24,120.0,120.83000183105469,111.41000366210938,115.44999694824219,115.44999694824219,11260600
2022-03-25,114.25499725341797,114.73999786376953,99.75,103.7699966430664,103.7699966430664,13385500
2022-03-28,104.30000305175781,109.62000274658203,101.08300018310547,108.16000366210938,108.16000366210938,10224000
2022-03-29,111.94999694824219,122.97000122070312,110.27999877929688,120.16999816894531,120.16999816894531,16719400
2022-03-30,117.12000274658203,125.4000015258789,112.6500015258789,114.13999938964844,114.13999938964844,12155200
2022-03-31,113.7969970703125,116.0,108.87999725341797,109.08999633789062,109.08999633789062,9253000
2022-04-01,109.26000213623047,111.98999786376953,105.55999755859375,109.02999877929688,109.02999877929688,8758800
2022-04-04,110.94999694824219,116.9000015258789,110.30699920654297,113.8499984741211,113.8499984741211,8395800
2022-04-05,113.61000061035156,114.30000305175781,102.41000366210938,103.72000122070312,103.72000122070312,9985500
2022-04-06,101.66999816894531,101.66999816894531,93.75,97.30000305175781,97.30000305175781,13593100
2022-04-07,97.58999633789062,99.5,91.12000274658203,95.30000305175781,95.30000305175781,9990000
2022-04-08,93.81999969482422,96.44999694824219,90.44000244140625,91.16999816894531,91.16999816894531,8988400
2022-04-11,88.66000366210938,91.3499984741211,86.68000030517578,89.7300033569336,89.7300033569336,8731900
2022-04-12,93.7699966430664,95.36000061035156,83.51000213623047,83.95999908447266,83.95999908447266,11783100
2022-04-13,83.87000274658203,88.80000305175781,82.08000183105469,88.0199966430664,88.0199966430664,8371900
2022-04-14,87.61000061035156,88.62000274658203,82.33999633789062,82.61000061035156,82.61000061035156,9169000
2022-04-18,82.29000091552734,83.87999725341797,79.01000213623047,81.72000122070312,81.72000122070312,8451400
2022-04-19,81.58999633789062,88.0199966430664,81.27999877929688,87.5,87.5,7136300
2022-04-20,87.9000015258789,88.72000122070312,78.44000244140625,79.62999725341797,79.62999725341797,10153800
2022-04-21,81.76000213623047,83.08999633789062,72.5,75.30000305175781,75.30000305175781,11187400
2022-04-22,75.22000122070312,77.55000305175781,72.94999694824219,74.93000030517578,74.93000030517578,9213400
2022-04-25,74.83000183105469,80.6500015258789,74.30999755859375,79.58999633789062,79.58999633789062,8505400
2022-04-26,77.83999633789062,79.29000091552734,73.80000305175781,75.48999786376953,75.48999786376953,6521700
2022-04-27,74.58000183105469,77.37999725341797,71.08999633789062,71.83999633789062,71.83999633789062,6507600
2022-04-28,74.2300033569336,80.27999877929688,71.54000091552734,78.0999984741211,78.0999984741211,9306900
2022-04-29,77.47000122070312,83.97000122070312,74.69000244140625,75.0199966430664,75.0199966430664,7514600
2022-05-02,73.13999938964844,83.62000274658203,72.44999694824219,83.5999984741211,83.5999984741211,7461300
2022-05-03,82.23500061035156,86.05500030517578,80.16000366210938,85.45999908447266,85.45999908447266,5908700
2022-05-04,83.7249984741211,94.43000030517578,83.5,93.56999969482422,93.56999969482422,11244100
2022-05-05,90.51399993896484,92.16999816894531,86.72000122070312,89.04000091552734,89.04000091552734,6928800
2022-05-06,88.33999633789062,89.69999694824219,79.56999969482422,83.88999938964844,83.88999938964844,7899600
2022-05-09,80.8499984741211,85.76000213623047,76.2300033569336,77.12999725341797,77.12999725341797,18088500
2022-05-10,33.97999954223633,38.470001220703125,29.020000457763672,33.61000061035156,33.61000061035156,68822500
2022-05-11,31.639999389648438,32.470001220703125,25.43000030517578,28.0,28.0,28747800
2022-05-12,27.40999984741211,33.650001525878906,26.780000686645508,32.779998779296875,32.779998779296875,17912400
2022-05-13,35.25,38.290000915527344,33.15999984741211,38.130001068115234,38.130001068115234,16614800
2022-05-16,37.380001068115234,40.33000183105469,36.9900016784668,37.790000915527344,37.790000915527344,8817800
2022-05-17,38.88999938964844,46.869998931884766,38.68000030517578,46.65999984741211,46.65999984741211,17297700
2022-05-18,43.650001525878906,53.0,43.349998474121094,48.34000015258789,48.34000015258789,24315600
2022-05-19,49.0,54.75,44.04999923706055,51.58000183105469,51.58000183105469,19498800
2022-05-20,48.43000030517578,50.439998626708984,40.130001068115234,44.70000076293945,44.70000076293945,23575300
2022-05-23,43.52000045776367,45.099998474121094,41.040000915527344,41.95000076293945,41.95000076293945,8816600
2022-05-24,40.20000076293945,40.599998474121094,35.5,37.150001525878906,37.150001525878906,10413600
2022-05-25,37.38999938964844,41.150001525878906,36.619998931884766,40.470001220703125,40.470001220703125,7670700
2022-05-26,38.63999938964844,44.369998931884766,38.599998474121094,43.099998474121094,43.099998474121094,6699800
2022-05-27,44.209999084472656,51.40999984741211,43.369998931884766,50.33000183105469,50.33000183105469,12756700
2022-05-31,51.65999984741211,54.689998626708984,48.20000076293945,50.400001525878906,50.400001525878906,12798400
2022-06-01,52.13999938964844,54.150001525878906,45.25,45.959999084472656,45.959999084472656,10214000
2022-06-02,45.0,53.11000061035156,43.47999954223633,51.709999084472656,51.709999084472656,8716000
2022-06-03,49.27000045776367,50.766998291015625,46.439998626708984,48.540000915527344,48.540000915527344,6496800
2022-06-06,50.34000015258789,51.11000061035156,45.650001525878906,46.099998474121094,46.099998474121094,5305300
2022-06-07,45.380001068115234,46.698001861572266,43.900001525878906,45.540000915527344,45.540000915527344,6649600
2022-06-08,45.154998779296875,47.459999084472656,42.849998474121094,43.349998474121094,43.349998474121094,6034300
2022-06-09,44.09000015258789,44.5,38.810001373291016,39.66999816894531,39.66999816894531,8168900
2022-06-10,38.69499969482422,39.72999954223633,36.349998474121094,37.4900016784668,37.4900016784668,6874500
2022-06-13,34.650001525878906,35.91999816894531,32.47999954223633,33.61000061035156,33.61000061035156,7887700
2022-06-14,34.099998474121094,35.63999938964844,33.354000091552734,34.27000045776367,34.27000045776367,5108600
2022-06-15,34.70000076293945,36.349998474121094,33.599998474121094,34.9900016784668,34.9900016784668,5933900
2022-06-16,33.185001373291016,33.70899963378906,30.610000610351562,32.08000183105469,32.08000183105469,6175200
2022-06-17,32.189998626708984,35.29999923706055,32.150001525878906,35.13999938964844,35.13999938964844,5901900
2022-06-21,36.79999923706055,39.68000030517578,36.310001373291016,38.22999954223633,38.22999954223633,6189500
2022-06-22,36.939998626708984,39.290000915527344,35.779998779296875,36.04999923706055,36.04999923706055,4338500
2022-06-23,36.79999923706055,38.915000915527344,35.720001220703125,38.7400016784668,38.7400016784668,4707100
2022-06-24,39.720001220703125,41.29999923706055,38.79999923706055,40.95000076293945,40.95000076293945,7497000
2022-06-27,40.84000015258789,41.20000076293945,37.650001525878906,38.779998779296875,38.779998779296875,4753300
2022-06-28,38.86000061035156,39.279998779296875,35.369998931884766,35.849998474121094,35.849998474121094,4752800
2022-06-29,31.489999771118164,34.2400016784668,31.399999618530273,32.189998626708984,32.189998626708984,9706200
2022-06-30,31.06999969482422,32.11000061035156,29.889999389648438,31.6200008392334,31.6200008392334,5781600
2022-07-01,32.060001373291016,33.369998931884766,31.270000457763672,32.81999969482422,32.81999969482422,4344600
2022-07-05,32.380001068115234,35.47999954223633,30.950000762939453,35.459999084472656,35.459999084472656,5190600
2022-07-06,34.959999084472656,36.25,32.650001525878906,33.09000015258789,33.09000015258789,5702400
2022-07-07,33.400001525878906,34.400001525878906,32.119998931884766,33.7400016784668,33.7400016784668,9352100
2022-07-08,26.829999923706055,27.610000610351562,26.0,27.09000015258789,27.09000015258789,28769300
2022-07-11,25.950000762939453,28.6299991607666,25.90999984741211,27.030000686645508,27.030000686645508,13419800
2022-07-12,26.799999237060547,27.329999923706055,25.510000228881836,26.600000381469727,26.600000381469727,7623400
2022-07-13,25.440000534057617,26.010000228881836,24.81999969482422,25.1299991607666,25.1299991607666,9059000
2022-07-14,24.93000030517578,25.25,23.780000686645508,24.18000030517578,24.18000030517578,5940600
2022-07-15,24.56999969482422,26.3799991607666,24.170000076293945,25.729999542236328,25.729999542236328,6529100
2022-07-18,26.479999542236328,28.6299991607666,26.079999923706055,26.100000381469727,26.100000381469727,6760800
2022-07-19,27.6299991607666,28.729999542236328,26.260000228881836,28.290000915527344,28.290000915527344,6853200
2022-07-20,28.299999237060547,31.200000762939453,28.100000381469727,28.68000030517578,28.68000030517578,9280400
2022-07-21,28.68000030517578,29.288999557495117,27.0,28.450000762939453,28.450000762939453,7444100
2022-07-22,28.1299991607666,28.309999465942383,25.549999237060547,26.030000686645508,26.030000686645508,5431500
2022-07-25,25.899999618530273,26.024999618530273,24.5,24.600000381469727,24.600000381469727,5095800
2022-07-26,23.899999618530273,24.100000381469727,22.416000366210938,22.65999984741211,22.65999984741211,6510600
2022-07-27,23.280000686645508,25.209999084472656,22.760000228881836,24.770000457763672,24.770000457763672,6911200
2022-07-28,24.459999084472656,25.209999084472656,23.100000381469727,24.3700008392334,24.3700008392334,6808200
2022-07-29,24.1299991607666,24.770000457763672,23.6200008392334,24.329999923706055,24.329999923706055,3907600
2022-08-01,24.030000686645508,24.56999969482422,23.170000076293945,23.940000534057617,23.940000534057617,5652100
2022-08-02,23.34000015258789,26.700000762939453,23.280000686645508,25.440000534057617,25.440000534057617,10618700
2022-08-03,26.670000076293945,30.420000076293945,26.40999984741211,29.059999465942383,29.059999465942383,12024300
2022-08-04,28.979999542236328,30.8799991607666,27.729999542236328,28.329999923706055,28.329999923706055,7733100
2022-08-05,27.405000686645508,30.3700008392334,26.829999923706055,29.600000381469727,29.600000381469727,11041200
2022-08-08,31.209999084472656,34.9900016784668,31.059999465942383,32.27000045776367,32.27000045776367,23752000
2022-08-09,28.239999771118164,33.4900016784668,27.520000457763672,28.450000762939453,28.450000762939453,21850400
2022-08-10,29.954999923706055,33.91400146484375,28.510000228881836,33.5,33.5,18630100
2022-08-11,34.375,35.459999084472656,30.93000030517578,31.709999084472656,31.709999084472656,12420100
2022-08-12,32.369998931884766,35.18600082397461,31.719999313354492,34.7599983215332,34.7599983215332,8940700
2022-08-15,33.95000076293945,35.28799819946289,32.34000015258789,33.08000183105469,33.08000183105469,7882100
2022-08-16,32.93000030517578,37.66999816894531,30.780000686645508,36.279998779296875,36.279998779296875,15433400
2022-08-17,34.93000030517578,36.5,32.529998779296875,33.0099983215332,33.0099983215332,11354200
2022-08-18,33.27000045776367,33.290000915527344,30.702999114990234,31.1299991607666,31.1299991607666,8599100
2022-08-19,30.0,30.049999237060547,28.200000762939453,28.459999084472656,28.459999084472656,7461200
2022-08-22,27.261999130249023,28.59000015258789,26.270000457763672,26.84000015258789,26.84000015258789,7525200
2022-08-23,26.975000381469727,28.219999313354492,26.31999969482422,26.649999618530273,26.649999618530273,5573500
2022-08-24,27.010000228881836,27.940000534057617,26.520000457763672,26.850000381469727,26.850000381469727,5007300
2022-08-25,27.350000381469727,28.219999313354492,26.719999313354492,28.110000610351562,28.110000610351562,6940800
2022-08-26,27.989999771118164,28.309999465942383,25.100000381469727,25.209999084472656,25.209999084472656,8996600
2022-08-29,24.84000015258789,26.034000396728516,24.760000228881836,25.520000457763672,25.520000457763672,5273400
2022-08-30,25.93000030517578,26.5,24.25,25.030000686645508,25.030000686645508,5094600
2022-08-31,25.739999771118164,26.68000030517578,25.3799991607666,25.899999618530273,25.899999618530273,9094400
2022-09-01,25.219999313354492,26.06999969482422,24.25,25.950000762939453,25.950000762939453,6069500
2022-09-02,26.639999389648438,26.899999618530273,24.260000228881836,24.3799991607666,24.3799991607666,6343900
2022-09-06,24.280000686645508,25.0,23.399999618530273,24.530000686645508,24.530000686645508,5081800
2022-09-07,24.280000686645508,26.989999771118164,24.239999771118164,26.649999618530273,26.649999618530273,4806900
2022-09-08,26.155000686645508,27.09000015258789,25.510000228881836,26.760000228881836,26.760000228881836,4738100
2022-09-09,27.5,28.579999923706055,27.3700008392334,27.530000686645508,27.530000686645508,6564900
2022-09-12,27.65999984741211,29.334999084472656,27.141000747680664,28.010000228881836,28.010000228881836,6511700
2022-09-13,25.920000076293945,26.389999389648438,24.959999084472656,24.969999313354492,24.969999313354492,7928800
2022-09-14,25.399999618530273,25.739999771118164,24.15999984741211,25.309999465942383,25.309999465942383,6540000
2022-09-15,24.56999969482422,26.670000076293945,24.540000915527344,25.959999084472656,25.959999084472656,6251500
2022-09-16,25.520000457763672,25.639999389648438,23.950000762939453,24.469999313354492,24.469999313354492,7760600
2022-09-19,23.84000015258789,24.65999984741211,22.722000122070312,23.459999084472656,23.459999084472656,7339900
2022-09-20,23.0,23.829999923706055,22.6299991607666,23.030000686645508,23.030000686645508,6531400
2022-09-21,22.899999618530273,24.989999771118164,22.56999969482422,22.8700008392334,22.8700008392334,9904700
2022-09-22,22.969999313354492,23.110000610351562,21.15999984741211,21.309999465942383,21.309999465942383,7719500
2022-09-23,21.110000610351562,21.799999237060547,20.40999984741211,21.5,21.5,6329700
2022-09-26,21.59000015258789,22.479999542236328,20.790000915527344,20.799999237060547,20.799999237060547,5327500
2022-09-27,21.68000030517578,22.649999618530273,21.0,21.270000457763672,21.270000457763672,5275500
2022-09-28,21.5,22.690000534057617,21.139999389648438,22.469999313354492,22.469999313354492,4682800
2022-09-29,21.809999465942383,21.920000076293945,20.219999313354492,21.0,21.0,7550900
2022-09-30,20.969999313354492,21.989999771118164,20.700000762939453,20.790000915527344,20.790000915527344,5443800
2022-10-03,20.969999313354492,21.1299991607666,20.200000762939453,20.540000915527344,20.540000915527344,5931200
2022-10-04,21.200000762939453,22.65999984741211,21.200000762939453,22.520000457763672,22.520000457763672,7863400
2022-10-05,21.760000228881836,22.09000015258789,20.950000762939453,21.739999771118164,21.739999771118164,3951300
2022-10-06,21.809999465942383,22.989999771118164,21.540000915527344,22.579999923706055,22.579999923706055,6168600
2022-10-07,21.808000564575195,21.889999389648438,20.6200008392334,20.8799991607666,20.8799991607666,5480900
2022-10-10,21.15999984741211,21.93000030517578,20.440000534057617,21.530000686645508,21.530000686645508,4337100
2022-10-11,21.610000610351562,24.09000015258789,20.549999237060547,23.309999465942383,23.309999465942383,8340100
2022-10-12,23.31999969482422,25.06999969482422,22.809999465942383,24.700000762939453,24.700000762939453,6597600
2022-10-13,22.93199920654297,25.770000457763672,22.15999984741211,24.329999923706055,24.329999923706055,8525200
2022-10-14,25.155000686645508,25.600000381469727,22.54599952697754,22.940000534057617,22.940000534057617,4867500
2022-10-17,23.90999984741211,24.420000076293945,22.950000762939453,23.149999618530273,23.149999618530273,5726000
2022-10-18,24.5,26.094999313354492,24.200000762939453,24.899999618530273,24.899999618530273,8761900
2022-10-19,24.420000076293945,25.03499984741211,22.25,22.8700008392334,22.8700008392334,8152600
2022-10-20,22.920000076293945,24.739999771118164,22.729999542236328,22.770000457763672,22.770000457763672,4973500
2022-10-21,22.520000457763672,22.600000381469727,21.010000228881836,21.850000381469727,21.850000381469727,7576000
2022-10-24,21.71299934387207,21.71299934387207,20.1200008392334,21.260000228881836,21.260000228881836,6146300
2022-10-25,20.68000030517578,23.81999969482422,20.65999984741211,23.780000686645508,23.780000686645508,7480800
2022-10-26,23.309999465942383,25.190000534057617,23.030000686645508,23.670000076293945,23.670000076293945,4519400
2022-10-27,23.8799991607666,23.979999542236328,22.639999389648438,23.350000381469727,23.350000381469727,3637400
2022-10-28,23.25,23.969999313354492,22.760000228881836,23.68000030517578,23.68000030517578,3125300
2022-10-31,23.350000381469727,25.530000686645508,23.139999389648438,23.18000030517578,23.18000030517578,5314600
2022-11-01,24.670000076293945,25.139999389648438,22.030000686645508,22.170000076293945,22.170000076293945,6024500
2022-11-02,22.1200008392334,22.19499969482422,20.350000381469727,20.43000030517578,20.43000030517578,7371900
2022-11-03,20.25,20.700000762939453,19.520000457763672,19.770000457763672,19.770000457763672,6407500
2022-11-04,20.489999771118164,20.700000762939453,18.809999465942383,19.3700008392334,19.3700008392334,6316100
2022-11-07,19.520000457763672,19.700000762939453,17.93000030517578,18.6200008392334,18.6200008392334,6298800
2022-11-08,18.18199920654297,19.639999389648438,17.579999923706055,19.040000915527344,19.040000915527344,9781800
2022-11-09,15.199999809265137,17.440000534057617,14.020000457763672,17.059999465942383,17.059999465942383,17873700
2022-11-10,18.520000457763672,21.889999389648438,18.15999984741211,21.700000762939453,21.700000762939453,12070000
2022-11-11,21.010000228881836,23.239999771118164,20.8700008392334,22.540000915527344,22.540000915527344,6042500
2022-11-14,22.010000228881836,22.540000915527344,20.34000015258789,20.559999465942383,20.559999465942383,6262200
2022-11-15,21.389999389648438,23.489999771118164,21.020000457763672,21.639999389648438,21.639999389648438,8714300
2022-11-16,20.899999618530273,21.25,19.34000015258789,20.200000762939453,20.200000762939453,6426800
2022-11-17,19.489999771118164,19.64699935913086,18.829999923706055,19.459999084472656,19.459999084472656,4322400
2022-11-18,20.0,20.18000030517578,18.68000030517578,19.209999084472656,19.209999084472656,3859800
2022-11-21,18.6299991607666,19.399999618530273,18.079999923706055,18.559999465942383,18.559999465942383,3991200
2022-11-22,18.709999084472656,19.0049991607666,17.799999237060547,18.100000381469727,18.100000381469727,4279200
2022-11-23,18.209999084472656,18.59000015258789,17.969999313354492,18.280000686645508,18.280000686645508,2937800
2022-11-25,18.0,20.0,17.81999969482422,18.520000457763672,18.520000457763672,1376200
2022-11-28,18.110000610351562,19.149999618530273,17.770000457763672,18.270000457763672,18.270000457763672,3302000
2022-11-29,18.440000534057617,19.8799991607666,18.309999465942383,18.600000381469727,18.600000381469727,4026900
2022-11-30,18.799999237060547,19.549999237060547,17.729999542236328,19.549999237060547,19.549999237060547,6487300
2022-12-01,20.0,20.09000015258789,18.700000762939453,19.040000915527344,19.040000915527344,4596600
2022-12-02,18.700000762939453,19.100000381469727,18.350000381469727,18.670000076293945,18.670000076293945,3484200
2022-12-05,18.739999771118164,18.889999389648438,17.309999465942383,17.31999969482422,17.31999969482422,4167900
2022-12-06,17.402000427246094,17.479999542236328,16.420000076293945,17.1299991607666,17.1299991607666,4713100
2022-12-07,17.0,17.219999313354492,16.450000762939453,16.860000610351562,16.860000610351562,2177900
2022-12-08,17.084999084472656,17.670000076293945,16.41200065612793,17.149999618530273,17.149999618530273,2983200
2022-12-09,17.0,17.510000228881836,16.6200008392334,17.079999923706055,17.079999923706055,2515500
2022-12-12,17.25,17.641000747680664,16.809999465942383,17.360000610351562,17.360000610351562,3554300
2022-12-13,18.90999984741211,19.1200008392334,16.65999984741211,17.079999923706055,17.079999923706055,5865700
2022-12-14,16.950000762939453,17.540000915527344,16.679000854492188,16.81999969482422,16.81999969482422,4417600
2022-12-15,16.34000015258789,16.56999969482422,15.699999809265137,15.859999656677246,15.859999656677246,3952100
2022-12-16,15.569999694824219,15.970000267028809,14.970000267028809,15.34000015258789,15.34000015258789,4674800
2022-12-19,15.380000114440918,15.380000114440918,14.319999694824219,14.550000190734863,14.550000190734863,3705500
2022-12-20,14.375,15.0600004196167,14.1899995803833,14.399999618530273,14.399999618530273,2798300
2022-12-21,14.399999618530273,14.600000381469727,13.90999984741211,14.029999732971191,14.029999732971191,3620100
2022-12-22,13.640000343322754,13.729999542236328,12.880000114440918,13.319999694824219,13.319999694824219,4094000
2022-12-23,13.270000457763672,13.420000076293945,12.890000343322754,13.199999809265137,13.199999809265137,2362800
2022-12-27,12.989999771118164,13.029999732971191,12.229999542236328,12.399999618530273,12.399999618530273,3750700
2022-12-28,12.25,12.5600004196167,12.010000228881836,12.25,12.25,3332400
2022-12-29,12.470000267028809,13.1899995803833,12.244999885559082,13.15999984741211,13.15999984741211,4808900
2022-12-30,12.720000267028809,13.265000343322754,12.630000114440918,13.220000267028809,13.220000267028809,3280700
2023-01-03,13.579999923706055,13.800000190734863,12.529999732971191,12.890000343322754,12.890000343322754,3752300
2023-01-04,13.119999885559082,14.5,13.020000457763672,13.869999885559082,13.869999885559082,5289000
2023-01-05,13.539999961853027,13.604999542236328,12.949999809265137,13.0,13.0,3837100
2023-01-06,12.970000267028809,13.545000076293945,12.859999656677246,13.09000015258789,13.09000015258789,3697900
2023-01-09,13.479999542236328,14.09000015258789,13.369999885559082,13.479999542236328,13.479999542236328,3406500
2023-01-10,13.350000381469727,14.300000190734863,13.220000267028809,14.210000038146973,14.210000038146973,2618300
2023-01-11,14.359999656677246,15.829999923706055,14.1899995803833,15.399999618530273,15.399999618530273,7671700
2023-01-12,15.550000190734863,17.510000228881836,14.970000267028809,17.209999084472656,17.209999084472656,8588100
2023-01-13,16.43000030517578,18.100000381469727,16.149999618530273,16.989999771118164,16.989999771118164,8868900
2023-01-17,17.020000457763672,18.33300018310547,16.6299991607666,17.290000915527344,17.290000915527344,5803100
2023-01-18,17.780000686645508,18.190000534057617,16.393999099731445,16.479999542236328,16.479999542236328,6094700
2023-01-19,15.930000305175781,16.020000457763672,15.149999618530273,15.569999694824219,15.569999694824219,5773100
2023-01-20,15.630000114440918,17.5,15.630000114440918,17.290000915527344,17.290000915527344,6926700
2023-01-23,17.639999389648438,18.760000228881836,17.049999237060547,18.56999969482422,18.56999969482422,7488400
2023-01-24,18.190000534057617,19.549999237060547,17.84000015258789,17.989999771118164,17.989999771118164,6882500
2023-01-25,17.469999313354492,18.27400016784668,16.549999237060547,18.139999389648438,18.139999389648438,5080600
2023-01-26,18.75,18.899999618530273,17.260000228881836,17.43000030517578,17.43000030517578,4452900
2023-01-27,17.549999237060547,19.454999923706055,17.450000762939453,19.25,19.25,9566500
2023-01-30,18.81999969482422,20.350000381469727,18.299999237060547,18.760000228881836,18.760000228881836,9936800
2023-01-31,20.399999618530273,20.700000762939453,17.610000610351562,18.68000030517578,18.68000030517578,11031200
2023-02-01,18.360000610351562,20.43000030517578,18.34000015258789,20.200000762939453,20.200000762939453,7432300
2023-02-02,21.5,26.350000381469727,21.5,23.850000381469727,23.850000381469727,17585000
2023-02-03,21.639999389648438,24.18000030517578,21.549999237060547,22.100000381469727,22.100000381469727,8204300
2023-02-06,21.360000610351562,21.850000381469727,20.399999618530273,21.040000915527344,21.040000915527344,5186600
2023-02-07,21.040000915527344,21.18000030517578,19.43000030517578,20.5,20.5,6083800
2023-02-08,20.475000381469727,21.301000595092773,18.940000534057617,18.959999084472656,18.959999084472656,6310900
2023-02-09,18.030000686645508,18.450000762939453,16.5,16.530000686645508,16.530000686645508,9719100
2023-02-10,16.399999618530273,16.649999618530273,15.75,16.309999465942383,16.309999465942383,5916200
2023-02-13,16.209999084472656,16.25,15.479999542236328,16.09000015258789,16.09000015258789,5915500
2023-02-14,15.75,17.299999237060547,15.279999732971191,16.850000381469727,16.850000381469727,14872800
2023-02-15,18.510000228881836,21.969999313354492,18.200000762939453,21.59000015258789,21.59000015258789,29305400
2023-02-16,20.270000457763672,20.739999771118164,18.815000534057617,18.93000030517578,18.93000030517578,9925700
2023-02-17,18.549999237060547,19.288999557495117,17.700000762939453,18.31999969482422,18.31999969482422,6788900
2023-02-21,17.739999771118164,18.579999923706055,17.459999084472656,18.549999237060547,18.549999237060547,4071300
2023-02-22,18.469999313354492,20.309999465942383,18.010000228881836,18.56999969482422,18.56999969482422,7294800
2023-02-23,19.020000457763672,19.170000076293945,17.579999923706055,18.520000457763672,18.520000457763672,4389700
2023-02-24,17.950000762939453,18.420000076293945,17.6200008392334,18.040000915527344,18.040000915527344,3767100
2023-02-27,18.229999542236328,18.329999923706055,17.479999542236328,18.25,18.25,3744700
2023-02-28,18.059999465942383,19.3799991607666,18.059999465942383,18.510000228881836,18.510000228881836,5325600
2023-03-01,18.670000076293945,18.735000610351562,17.6200008392334,17.934999465942383,17.934999465942383,3828800
2023-03-02,17.469999313354492,17.739999771118164,16.510000228881836,17.670000076293945,17.670000076293945,5783200
2023-03-03,18.0,19.09000015258789,17.729999542236328,18.81999969482422,18.81999969482422,4792500
2023-03-06,19.190000534057617,19.899999618530273,18.56999969482422,18.600000381469727,18.600000381469727,4486100
2023-03-07,18.149999618530273,18.889999389648438,17.34000015258789,17.389999389648438,17.389999389648438,4416900
2023-03-08,17.5,17.84000015258789,17.049999237060547,17.6200008392334,17.6200008392334,2953600
2023-03-09,17.34000015258789,17.559999465942383,16.200000762939453,16.219999313354492,16.219999313354492,5317300
2023-03-10,15.949999809265137,16.010000228881836,15.010000228881836,15.510000228881836,15.510000228881836,5664600
2023-03-13,15.180000305175781,15.760000228881836,14.315999984741211,15.270000457763672,15.270000457763672,5206900
2023-03-14,16.079999923706055,16.329999923706055,14.329999923706055,14.630000114440918,14.630000114440918,6253600
2023-03-15,14.15999984741211,15.359999656677246,14.020000457763672,15.170000076293945,15.170000076293945,7599200
2023-03-16,14.859999656677246,15.8100004196167,14.520000457763672,15.800000190734863,15.800000190734863,5882700
2023-03-17,15.739999771118164,16.042999267578125,14.930000305175781,15.229999542236328,15.229999542236328,3569400
2023-03-20,15.15999984741211,15.210000038146973,13.920999526977539,14.170000076293945,14.170000076293945,5252100
2023-03-21,14.600000381469727,15.529999732971191,14.321000099182129,15.210000038146973,15.210000038146973,4845400
2023-03-22,15.319999694824219,15.6899995803833,14.100000381469727,14.109999656677246,14.109999656677246,5516900
2023-03-23,14.359999656677246,14.779999732971191,13.095000267028809,13.579999923706055,13.579999923706055,7572500
2023-03-24,13.399999618530273,13.579999923706055,12.850000381469727,12.9399995803833,12.9399995803833,6995300
2023-03-27,13.319999694824219,13.329999923706055,12.84000015258789,13.130000114440918,13.130000114440918,3751300
2023-03-28,13.050000190734863,13.300000190734863,12.720000267028809,12.989999771118164,12.989999771118164,4049200
2023-03-29,13.289999961853027,13.800000190734863,13.210000038146973,13.739999771118164,13.739999771118164,3950300
2023-03-30,13.930000305175781,14.489999771118164,13.625,14.1899995803833,14.1899995803833,4055700
2023-03-31,14.380000114440918,15.9399995803833,14.199999809265137,15.890000343322754,15.890000343322754,10383200
2023-04-03,15.699999809265137,16.43000030517578,15.5600004196167,16.34000015258789,16.34000015258789,5469200
2023-04-04,16.25,16.45599937438965,15.569999694824219,16.06999969482422,16.06999969482422,3504300
2023-04-05,15.65999984741211,16.920000076293945,15.600000381469727,16.799999237060547,16.799999237060547,6232900
2023-04-06,16.6200008392334,17.3700008392334,16.1200008392334,16.979999542236328,16.979999542236328,4623500
2023-04-10,16.69499969482422,17.250999450683594,16.43000030517578,17.18000030517578,17.18000030517578,2990600
2023-04-11,16.989999771118164,17.75,16.895999908447266,17.739999771118164,17.739999771118164,4186200
2023-04-12,18.290000915527344,18.290000915527344,16.329999923706055,16.389999389648438,16.389999389648438,5609800
2023-04-13,16.65999984741211,17.1299991607666,15.710000038146973,15.770000457763672,15.770000457763672,3513100
2023-04-14,15.84000015258789,16.350000381469727,14.90999984741211,15.399999618530273,15.399999618530273,3941500
2023-04-17,15.446999549865723,15.614999771118164,14.960000038146973,15.470000267028809,15.470000267028809,2466400
2023-04-18,15.5,15.760000228881836,15.180000305175781,15.640000343322754,15.640000343322754,1878600
2023-04-19,15.399999618530273,15.930000305175781,15.3100004196167,15.770000457763672,15.770000457763672,1802000
2023-04-20,15.449999809265137,15.611000061035156,15.149999618530273,15.289999961853027,15.289999961853027,2288400
2023-04-21,15.170000076293945,15.390000343322754,14.970000267028809,15.020000457763672,15.020000457763672,2287100
2023-04-24,15.0,15.199999809265137,14.515000343322754,14.819999694824219,14.819999694824219,2000100
2023-04-25,14.699999809265137,14.984999656677246,14.479999542236328,14.510000228881836,14.510000228881836,2130400
2023-04-26,14.630000114440918,15.039999961853027,14.130000114440918,14.3100004196167,14.3100004196167,2009900
2023-04-27,14.369999885559082,14.90999984741211,14.135000228881836,14.470000267028809,14.470000267028809,2709200
2023-04-28,14.470000267028809,14.699999809265137,13.770000457763672,13.899999618530273,13.899999618530273,4463300
2023-05-01,13.84000015258789,14.050000190734863,12.920999526977539,12.979999542236328,12.979999542236328,6968800
2023-05-02,12.880000114440918,13.02299976348877,12.010000228881836,12.100000381469727,12.100000381469727,6946800
2023-05-03,12.119999885559082,12.869999885559082,11.930000305175781,12.210000038146973,12.210000038146973,5170600
2023-05-04,12.1899995803833,12.704999923706055,12.010000228881836,12.460000038146973,12.460000038146973,3566500
2023-05-05,12.619999885559082,13.390000343322754,12.619999885559082,13.239999771118164,13.239999771118164,5265200
2023-05-08,13.25,13.71500015258789,12.9399995803833,13.380000114440918,13.380000114440918,3981000
2023-05-09,13.170000076293945,14.130000114440918,13.0,14.09000015258789,14.09000015258789,15239200
2023-05-10,19.639999389648438,19.780000686645508,17.479999542236328,18.969999313354492,18.969999313354492,29984000
2023-05-11,19.149999618530273,19.5,16.69099998474121,16.770000457763672,16.770000457763672,10169200
2023-05-12,17.0,17.010000228881836,15.880000114440918,16.389999389648438,16.389999389648438,4982100
2023-05-15,16.229999542236328,20.639999389648438,16.1299991607666,20.260000228881836,20.260000228881836,18967600
2023-05-16,20.0,20.399999618530273,18.75,19.3799991607666,19.3799991607666,9840500
2023-05-17,19.399999618530273,22.229999542236328,19.399999618530273,21.389999389648438,21.389999389648438,14206600
2023-05-18,21.649999618530273,24.899999618530273,21.559999465942383,24.59000015258789,24.59000015258789,17978900
2023-05-19,24.6200008392334,24.889999389648438,22.68000030517578,23.049999237060547,23.049999237060547,10271100
2023-05-22,23.3799991607666,29.360000610351562,22.93000030517578,27.649999618530273,27.649999618530273,24507700
2023-05-23,27.389999389648438,29.989999771118164,25.90999984741211,25.979999542236328,25.979999542236328,20129100
2023-05-24,25.200000762939453,26.8799991607666,24.780000686645508,26.649999618530273,26.649999618530273,12570500
2023-05-25,27.825000762939453,27.899999618530273,23.59000015258789,23.729999542236328,23.729999542236328,14088000
2023-05-26,23.6200008392334,25.329999923706055,23.5,24.8700008392334,24.8700008392334,8174000
2023-05-30,25.614999771118164,29.40999984741211,25.100000381469727,29.09000015258789,29.09000015258789,12167600
2023-05-31,28.649999618530273,29.25,26.81999969482422,27.239999771118164,27.239999771118164,8496100
2023-06-01,26.6200008392334,32.02000045776367,25.8799991607666,29.75,29.75,16560300
2023-06-02,30.809999465942383,31.139999389648438,28.809999465942383,29.56999969482422,29.56999969482422,9928600
2023-06-05,29.56999969482422,30.68000030517578,28.020000457763672,28.229999542236328,28.229999542236328,6937500
2023-06-06,27.860000610351562,31.649999618530273,27.479999542236328,31.079999923706055,31.079999923706055,11069200
2023-06-07,31.780000686645508,32.5,28.389999389648438,28.540000915527344,28.540000915527344,13239600
2023-06-08,28.979999542236328,33.41999816894531,28.030000686645508,32.7599983215332,32.7599983215332,16162000
2023-06-09,32.380001068115234,33.86000061035156,31.200000762939453,32.09000015258789,32.09000015258789,10058400
2023-06-12,32.65999984741211,34.86000061035156,32.45000076293945,33.720001220703125,33.720001220703125,10127500
2023-06-13,34.7400016784668,37.040000915527344,33.86000061035156,36.970001220703125,36.970001220703125,13273300
2023-06-14,37.5,38.619998931884766,34.91999816894531,37.029998779296875,37.029998779296875,15542800
2023-06-15,36.0,38.2400016784668,35.15999984741211,37.70000076293945,37.70000076293945,10957700
2023-06-16,38.29999923706055,38.84000015258789,36.83000183105469,37.2400016784668,37.2400016784668,8120400
2023-06-20,36.75,37.66999816894531,33.09000015258789,33.38999938964844,33.38999938964844,9803400
2023-06-21,33.36000061035156,33.652000427246094,30.628000259399414,31.719999313354492,31.719999313354492,9462700
2023-06-22,31.0,33.08599853515625,30.399999618530273,31.989999771118164,31.989999771118164,6583900
2023-06-23,30.510000228881836,31.110000610351562,28.989999771118164,30.1200008392334,30.1200008392334,15888800
2023-06-26,30.084999084472656,31.329999923706055,29.520999908447266,30.200000762939453,30.200000762939453,5603500
2023-06-27,30.989999771118164,33.790000915527344,30.299999237060547,33.63999938964844,33.63999938964844,8173500
2023-06-28,32.900001525878906,35.90999984741211,32.779998779296875,34.84000015258789,34.84000015258789,8520600
2023-06-29,35.27000045776367,37.08000183105469,34.349998474121094,35.5099983215332,35.5099983215332,8593800
2023-06-30,36.779998779296875,37.689998626708984,34.86000061035156,35.810001373291016,35.810001373291016,8108600
2023-07-03,35.65999984741211,38.4900016784668,35.63999938964844,38.189998626708984,38.189998626708984,6119800
2023-07-05,37.869998931884766,39.650001525878906,37.11000061035156,38.86000061035156,38.86000061035156,7480700
2023-07-06,37.27000045776367,37.57099914550781,34.380001068115234,36.63999938964844,36.63999938964844,8744600
2023-07-07,36.31999969482422,38.665000915527344,36.20000076293945,36.70000076293945,36.70000076293945,6224300
2023-07-10,37.16999816894531,41.27000045776367,35.70000076293945,41.2400016784668,41.2400016784668,9941600
2023-07-11,41.43000030517578,44.59000015258789,40.22999954223633,43.11000061035156,43.11000061035156,13187500
2023-07-12,44.630001068115234,44.90999984741211,42.04999923706055,44.08000183105469,44.08000183105469,8648900
2023-07-13,44.060001373291016,47.900001525878906,43.529998779296875,47.400001525878906,47.400001525878906,8546100
2023-07-14,47.45000076293945,48.89699935913086,45.23500061035156,46.529998779296875,46.529998779296875,8747800
2023-07-17,46.27000045776367,53.867000579833984,45.58000183105469,52.90999984741211,52.90999984741211,13609600
2023-07-18,52.150001525878906,55.939998626708984,51.869998931884766,53.95000076293945,53.95000076293945,12425300
2023-07-19,55.2599983215332,61.5,54.88999938964844,58.400001525878906,58.400001525878906,23116100
2023-07-20,56.29999923706055,58.400001525878906,53.400001525878906,55.38999938964844,55.38999938964844,12863500
2023-07-21,56.75,57.75,52.35300064086914,54.16999816894531,54.16999816894531,8786300
2023-07-24,54.150001525878906,55.75,52.13999938964844,53.63999938964844,53.63999938964844,6420100
2023-07-25,55.15999984741211,65.9800033569336,54.709999084472656,62.9900016784668,62.9900016784668,24504000
2023-07-26,62.380001068115234,65.63999938964844,61.619998931884766,64.16000366210938,64.16000366210938,11940300
2023-07-27,66.25,67.22000122070312,57.43000030517578,58.939998626708984,58.939998626708984,15001600
2023-07-28,61.40999984741211,65.61000061035156,60.25,65.18000030517578,65.18000030517578,11789900
2023-07-31,67.0,68.9209976196289,65.08000183105469,68.69000244140625,68.69000244140625,12304300
2023-08-01,67.16000366210938,72.58000183105469,65.45999908447266,72.08999633789062,72.08999633789062,12473100
2023-08-02,69.07499694824219,71.05000305175781,64.81999969482422,67.98999786376953,67.98999786376953,11154400
2023-08-03,66.94000244140625,71.0780029296875,65.54000091552734,68.20999908447266,68.20999908447266,8092000
2023-08-04,68.16000366210938,68.20999908447266,59.5099983215332,60.724998474121094,60.724998474121094,13559400
2023-08-07,60.5,60.5,51.61000061035156,51.970001220703125,51.970001220703125,14754300
2023-08-08,48.22999954223633,53.599998474121094,46.29999923706055,51.75,51.75,16934000
2023-08-09,42.779998779296875,44.0,33.349998474121094,34.029998779296875,34.029998779296875,34562100
2023-08-10,33.29999923706055,36.5,32.029998779296875,32.04999923706055,32.04999923706055,22537700
2023-08-11,31.579999923706055,33.790000915527344,30.81999969482422,33.5,33.5,15330400
2023-08-14,33.349998474121094,35.099998474121094,32.202999114990234,34.81999969482422,34.81999969482422,11575900
2023-08-15,34.7400016784668,35.709999084472656,32.95000076293945,33.11000061035156,33.11000061035156,9940800
2023-08-16,32.5,33.869998931884766,32.22999954223633,32.380001068115234,32.380001068115234,7346400
2023-08-17,32.40999984741211,32.70800018310547,30.520000457763672,31.780000686645508,31.780000686645508,8999900
2023-08-18,30.600000381469727,32.61600112915039,30.399999618530273,32.09000015258789,32.09000015258789,6234600
2023-08-21,32.369998931884766,33.849998474121094,31.75,33.34000015258789,33.34000015258789,6152700
2023-08-22,34.27000045776367,34.529998779296875,32.099998474121094,32.56999969482422,32.56999969482422,6484300
2023-08-23,32.25,33.27000045776367,31.610000610351562,32.56999969482422,32.56999969482422,6147100
2023-08-24,33.04999923706055,33.209999084472656,29.93000030517578,30.3700008392334,30.3700008392334,6810500
2023-08-25,30.40999984741211,31.406999588012695,29.34000015258789,29.889999389648438,29.889999389648438,5832000
2023-08-28,30.079999923706055,30.639999389648438,29.299999237060547,29.479999542236328,29.479999542236328,4186200
2023-08-29,29.34000015258789,32.45000076293945,28.809999465942383,32.0,32.0,8040800
2023-08-30,32.15999984741211,33.95000076293945,31.190000534057617,33.33000183105469,33.33000183105469,7636600
2023-08-31,33.33000183105469,34.09000015258789,31.639999389648438,32.16999816894531,32.16999816894531,5789800
2023-09-01,32.619998931884766,34.25,32.01100158691406,32.95000076293945,32.95000076293945,5146300
2023-09-05,32.529998779296875,33.630001068115234,32.029998779296875,33.5,33.5,4274100
2023-09-06,33.400001525878906,35.56999969482422,32.18000030517578,32.61000061035156,32.61000061035156,7717900
2023-09-07,31.850000381469727,32.15999984741211,29.459999084472656,31.780000686645508,31.780000686645508,6394800
2023-09-08,31.670000076293945,32.369998931884766,30.350000381469727,30.56999969482422,30.56999969482422,4354700
2023-09-11,31.09000015258789,31.573999404907227,29.93000030517578,30.15999984741211,30.15999984741211,5584300
2023-09-12,29.549999237060547,32.130001068115234,29.3799991607666,31.34000015258789,31.34000015258789,6824300
2023-09-13,31.479999542236328,32.040000915527344,30.219999313354492,30.260000228881836,30.260000228881836,4965400
2023-09-14,30.459999084472656,31.19499969482422,29.892000198364258,30.049999237060547,30.049999237060547,5025200
2023-09-15,29.8700008392334,30.049999237060547,29.020000457763672,29.639999389648438,29.639999389648438,5072800
2023-09-18,29.5,29.530000686645508,28.65999984741211,28.93000030517578,28.93000030517578,3619100
2023-09-19,28.700000762939453,29.149999618530273,27.850000381469727,28.530000686645508,28.530000686645508,4528800
2023-09-20,29.209999084472656,30.25,27.809999465942383,27.84000015258789,27.84000015258789,5463900
2023-09-21,26.760000228881836,27.450000762939453,25.920000076293945,27.09000015258789,27.09000015258789,5479400
2023-09-22,27.389999389648438,27.899999618530273,26.15999984741211,26.549999237060547,26.549999237060547,4067100
2023-09-25,26.0,26.96500015258789,25.850000381469727,26.8700008392334,26.8700008392334,3308300
2023-09-26,26.3700008392334,27.139999389648438,26.079999923706055,26.739999771118164,26.739999771118164,3979100
2023-09-27,27.190000534057617,27.969999313354492,26.190000534057617,26.93000030517578,26.93000030517578,5312200
2023-09-28,26.940000534057617,28.059999465942383,26.190000534057617,27.59000015258789,27.59000015258789,5513000
2023-09-29,28.219999313354492,29.610000610351562,28.139999389648438,28.540000915527344,28.540000915527344,5873500
2023-10-02,28.739999771118164,29.038999557495117,27.3700008392334,27.559999465942383,27.559999465942383,4105200
2023-10-03,26.93000030517578,27.360000610351562,25.950000762939453,26.15999984741211,26.15999984741211,4061000
2023-10-04,26.479999542236328,27.110000610351562,25.729999542236328,26.860000610351562,26.860000610351562,3056300
2023-10-05,26.40999984741211,27.26099967956543,25.65999984741211,26.829999923706055,26.829999923706055,3729000
2023-10-06,25.600000381469727,27.746999740600586,25.049999237060547,27.549999237060547,27.549999237060547,5846100
2023-10-09,26.729999542236328,28.56999969482422,26.729999542236328,28.44499969482422,28.44499969482422,2948500
2023-10-10,28.75,30.399999618530273,28.739999771118164,29.40999984741211,29.40999984741211,4454400
2023-10-11,29.950000762939453,30.43199920654297,28.559999465942383,29.010000228881836,29.010000228881836,4379200
2023-10-12,29.209999084472656,29.275999069213867,27.59000015258789,27.739999771118164,27.739999771118164,4043500
2023-10-13,27.799999237060547,28.149999618530273,26.510000228881836,27.1299991607666,27.1299991607666,2878100
2023-10-16,27.350000381469727,29.219999313354492,26.940000534057617,28.969999313354492,28.969999313354492,4016300
2023-10-17,28.5,29.600000381469727,28.34000015258789,29.170000076293945,29.170000076293945,3250600
2023-10-18,28.6200008392334,29.040000915527344,26.510000228881836,26.799999237060547,26.799999237060547,4472200
2023-10-19,26.6200008392334,27.399999618530273,26.219999313354492,26.68000030517578,26.68000030517578,4105900
2023-10-20,26.43000030517578,26.780000686645508,24.599000930786133,24.690000534057617,24.690000534057617,5192900
2023-10-23,23.969999313354492,25.14699935913086,23.1200008392334,24.3700008392334,24.3700008392334,4144700
2023-10-24,24.559999465942383,25.89699935913086,24.420000076293945,24.579999923706055,24.579999923706055,4445200
2023-10-25,24.020000457763672,24.079999923706055,22.530000686645508,23.010000228881836,23.010000228881836,4657700
2023-10-26,23.0,23.700000762939453,22.360000610351562,23.139999389648438,23.139999389648438,4123100
2023-10-27,23.5,23.729999542236328,22.81999969482422,23.030000686645508,23.030000686645508,3032500
2023-10-30,23.700000762939453,24.43000030517578,22.719999313354492,23.31999969482422,23.31999969482422,3594600
2023-10-31,23.399999618530273,24.530000686645508,23.257999420166016,24.030000686645508,24.030000686645508,3290900
2023-11-01,24.200000762939453,24.670000076293945,23.459999084472656,24.59000015258789,24.59000015258789,3113900
2023-11-02,26.030000686645508,27.469999313354492,25.639999389648438,27.43000030517578,27.43000030517578,6892000
2023-11-03,28.510000228881836,30.579999923706055,28.299999237060547,30.31999969482422,30.31999969482422,8670400
2023-11-06,31.0,31.43000030517578,28.3439998626709,29.299999237060547,29.299999237060547,8395300
2023-11-07,29.350000381469727,30.200000762939453,28.790000915527344,29.40999984741211,29.40999984741211,11295300
2023-11-08,21.280000686645508,22.709999084472656,20.719999313354492,21.3799991607666,21.3799991607666,22941600
2023-11-09,21.799999237060547,22.729999542236328,20.950000762939453,21.1200008392334,21.1200008392334,12245800
2023-11-10,21.209999084472656,21.31999969482422,19.84000015258789,20.8700008392334,20.8700008392334,7904700
2023-11-13,20.56999969482422,21.950000762939453,20.25,21.84000015258789,21.84000015258789,4687700
2023-11-14,23.219999313354492,25.621000289916992,22.81999969482422,25.43000030517578,25.43000030517578,12078100
2023-11-15,25.5,27.280000686645508,24.649999618530273,26.0,26.0,9661300
2023-11-16,25.600000381469727,25.611000061035156,23.760000228881836,24.270000457763672,24.270000457763672,5641000
2023-11-17,24.68000030517578,25.68000030517578,23.850000381469727,25.579999923706055,25.579999923706055,5227300
2023-11-20,25.761999130249023,26.360000610351562,25.1299991607666,25.989999771118164,25.989999771118164,5408100
2023-11-21,25.510000228881836,25.760000228881836,23.704999923706055,23.780000686645508,23.780000686645508,5137100
2023-11-22,24.1200008392334,24.600000381469727,23.356000900268555,23.479999542236328,23.479999542236328,4287600
2023-11-24,23.299999237060547,23.750999450683594,22.889999389648438,23.729999542236328,23.729999542236328,2392500
2023-11-27,23.799999237060547,25.104999542236328,23.479999542236328,24.34000015258789,24.34000015258789,5961200
2023-11-28,24.209999084472656,26.229999542236328,23.6200008392334,26.170000076293945,26.170000076293945,6943600
2023-11-29,26.700000762939453,27.96500015258789,26.389999389648438,26.540000915527344,26.540000915527344,8705700
2023-11-30,26.649999618530273,27.700000762939453,25.610000610351562,26.760000228881836,26.760000228881836,7846700
2023-12-01,26.479999542236328,32.75,26.049999237060547,32.369998931884766,32.369998931884766,17578000
2023-12-04,31.510000228881836,34.404998779296875,31.25,34.290000915527344,34.290000915527344,15498900
2023-12-05,34.0,34.12099838256836,31.6200008392334,33.040000915527344,33.040000915527344,9879000
2023-12-06,33.88999938964844,37.33000183105469,33.85499954223633,34.15999984741211,34.15999984741211,16600500
2023-12-07,33.59000015258789,34.810001373291016,32.32500076293945,33.869998931884766,33.869998931884766,8585200
2023-12-08,33.65999984741211,37.47999954223633,33.36000061035156,36.91999816894531,36.91999816894531,13721600
2023-12-11,37.7599983215332,38.02000045776367,34.529998779296875,35.650001525878906,35.650001525878906,11922800
2023-12-12,35.560001373291016,36.9900016784668,34.04999923706055,35.5,35.5,8440600
2023-12-13,35.56999969482422,43.0,34.75,42.709999084472656,42.709999084472656,25055100
2023-12-14,45.0,46.900001525878906,43.2599983215332,45.2400016784668,45.2400016784668,26378300
2023-12-15,45.0,46.290000915527344,43.61000061035156,44.52000045776367,44.52000045776367,11329500
2023-12-18,43.82500076293945,48.09000015258789,43.33000183105469,45.81999969482422,45.81999969482422,15909400
2023-12-19,47.310001373291016,49.4900016784668,46.220001220703125,47.310001373291016,47.310001373291016,13440200
2023-12-20,47.04999923706055,49.617000579833984,43.310001373291016,43.630001068115234,43.630001068115234,15618500
2023-12-21,45.209999084472656,46.369998931884766,44.361000061035156,45.150001525878906,45.150001525878906,8442700
2023-12-22,46.0,47.02000045776367,43.5099983215332,44.15999984741211,44.15999984741211,10132400
2023-12-26,44.54999923706055,45.43000030517578,43.82099914550781,44.97999954223633,44.97999954223633,6959600
2023-12-27,45.7400016784668,47.40999984741211,44.25,46.91999816894531,46.91999816894531,13721100
2023-12-28,46.0,46.619998931884766,44.11000061035156,44.15999984741211,44.15999984741211,9755200
2023-12-29,44.11000061035156,44.4900016784668,39.779998779296875,40.86000061035156,40.86000061035156,14462500
2024-01-02,39.59000015258789,40.81999969482422,38.34000015258789,38.79999923706055,38.79999923706055,8003500
2024-01-03,36.31999969482422,37.5099983215332,34.75,34.810001373291016,34.810001373291016,10007600
2024-01-04,35.5,35.880001068115234,33.87099838256836,33.95000076293945,33.95000076293945,7417500
2024-01-05,33.0,35.02000045776367,32.70000076293945,33.2400016784668,33.2400016784668,7716600
2024-01-08,34.15800094604492,35.560001373291016,33.380001068115234,35.540000915527344,35.540000915527344,8228300
2024-01-09,34.9900016784668,35.869998931884766,34.560001373291016,34.86000061035156,34.86000061035156,6007700
2024-01-10,34.90999984741211,37.209999084472656,33.3120002746582,35.56999969482422,35.56999969482422,11727000
2024-01-11,34.34000015258789,35.150001525878906,32.209999084472656,33.22999954223633,33.22999954223633,11078100
2024-01-12,33.58000183105469,34.4900016784668,31.940000534057617,31.950000762939453,31.950000762939453,8425200
2024-01-16,31.040000915527344,31.540000915527344,29.829999923706055,30.450000762939453,30.450000762939453,8079600
2024-01-17,29.610000610351562,31.09000015258789,29.209999084472656,31.059999465942383,31.059999465942383,7001000
2024-01-18,31.75,31.8700008392334,30.170000076293945,31.139999389648438,31.139999389648438,7162600
2024-01-19,31.052000045776367,33.0359992980957,30.75,32.689998626708984,32.689998626708984,8282600
2024-01-22,33.779998779296875,38.0099983215332,33.709999084472656,36.040000915527344,36.040000915527344,15981200
2024-01-23,36.560001373291016,36.78900146484375,34.86000061035156,35.08000183105469,35.08000183105469,8080900
2024-01-24,36.29999923706055,37.900001525878906,33.47999954223633,33.66999816894531,33.66999816894531,12746700
2024-01-25,34.310001373291016,35.439998626708984,32.7400016784668,33.22999954223633,33.22999954223633,9114600
2024-01-26,33.790000915527344,35.117000579833984,32.599998474121094,32.619998931884766,32.619998931884766,9407400
2024-01-29,32.619998931884766,35.70000076293945,32.16999816894531,35.619998931884766,35.619998931884766,10181500
2024-01-30,34.84000015258789,35.95000076293945,33.529998779296875,33.56999969482422,33.56999969482422,8540300
2024-01-31,32.65999984741211,35.119998931884766,31.570999145507812,31.760000228881836,31.760000228881836,10103800
2024-02-01,32.189998626708984,32.7400016784668,30.65999984741211,32.29999923706055,32.29999923706055,7200700
2024-02-02,31.459999084472656,32.9900016784668,30.81999969482422,32.70000076293945,32.70000076293945,6204800
2024-02-05,31.700000762939453,32.34000015258789,30.860000610351562,31.989999771118164,31.989999771118164,5244300
2024-02-06,32.13999938964844,34.02000045776367,31.825000762939453,33.29999923706055,33.29999923706055,7100700
2024-02-07,33.15999984741211,33.18000030517578,31.34000015258789,32.41999816894531,32.41999816894531,6526200
2024-02-08,32.40999984741211,34.83000183105469,32.0099983215332,34.310001373291016,34.310001373291016,8712100
2024-02-09,34.5,35.34000015258789,33.0099983215332,33.900001525878906,33.900001525878906,9509400
2024-02-12,33.84000015258789,36.959999084472656,33.73400115966797,35.470001220703125,35.470001220703125,10121500
2024-02-13,33.380001068115234,34.560001373291016,32.47200012207031,32.91999816894531,32.91999816894531,14968900
2024-02-14,29.399999618530273,29.600000381469727,25.299999237060547,26.459999084472656,26.459999084472656,28193600
2024-02-15,26.920000076293945,27.81999969482422,26.270000457763672,27.110000610351562,27.110000610351562,9448700
2024-02-16,26.829999923706055,27.530000686645508,25.908000946044922,26.190000534057617,26.190000534057617,9656900
2024-02-20,25.350000381469727,26.1200008392334,25.094999313354492,25.540000915527344,25.540000915527344,7274200
2024-02-21,24.959999084472656,25.059999465942383,24.219999313354492,24.510000228881836,24.510000228881836,6463200
2024-02-22,25.110000610351562,25.329999923706055,24.2810001373291,24.469999313354492,24.469999313354492,6094500
2024-02-23,24.299999237060547,24.860000610351562,24.030000686645508,24.239999771118164,24.239999771118164,4804900
2024-02-26,24.1299991607666,25.780000686645508,24.010000228881836,25.3700008392334,25.3700008392334,5710600
2024-02-27,26.0,26.639999389648438,25.43000030517578,26.219999313354492,26.219999313354492,5875100
2024-02-28,25.729999542236328,27.139999389648438,25.350000381469727,25.520000457763672,25.520000457763672,5372900
2024-02-29,26.200000762939453,26.6200008392334,25.559999465942383,25.75,25.75,5034600
2024-03-01,25.809999465942383,26.450000762939453,25.040000915527344,26.31999969482422,26.31999969482422,4761200
2024-03-04,26.209999084472656,26.450000762939453,25.34000015258789,25.43000030517578,25.43000030517578,4514000
2024-03-05,24.540000915527344,25.450000762939453,24.25,24.40999984741211,24.40999984741211,4519700
2024-03-06,25.059999465942383,26.700000762939453,24.530000686645508,25.989999771118164,25.989999771118164,7033100
2024-03-07,26.350000381469727,26.899999618530273,25.860000610351562,26.360000610351562,26.360000610351562,4313300
2024-03-08,27.149999618530273,28.969999313354492,26.8799991607666,27.34000015258789,27.34000015258789,8642600
2024-03-11,27.5,27.739999771118164,26.06999969482422,26.270000457763672,26.270000457763672,4641000
2024-03-12,26.489999771118164,26.489999771118164,25.15999984741211,25.299999237060547,25.299999237060547,3844900
2024-03-13,25.100000381469727,26.100000381469727,25.040000915527344,25.149999618530273,25.149999618530273,3854600
2024-03-14,25.049999237060547,25.049999237060547,22.809999465942383,23.25,23.25,7536400
2024-03-15,23.010000228881836,23.871999740600586,22.84000015258789,23.6299991607666,23.6299991607666,4349100
2024-03-18,23.700000762939453,24.655000686645508,23.260000228881836,24.139999389648438,24.139999389648438,3379000
2024-03-19,23.549999237060547,24.43000030517578,23.459999084472656,24.18000030517578,24.18000030517578,2619400
2024-03-20,24.229999542236328,26.670000076293945,23.950000762939453,26.559999465942383,26.559999465942383,6644700
2024-03-21,27.010000228881836,27.809999465942383,26.31999969482422,26.34000015258789,26.34000015258789,7841700
2024-03-22,26.18000030517578,26.600000381469727,25.719999313354492,26.0,26.0,3960800
2024-03-25,26.040000915527344,26.799999237060547,26.040000915527344,26.110000610351562,26.110000610351562,2709800
2024-03-26,26.600000381469727,27.780000686645508,26.40999984741211,26.579999923706055,26.579999923706055,5632600
2024-03-27,26.889999389648438,28.200000762939453,25.950000762939453,28.170000076293945,28.170000076293945,5573200
2024-03-28,28.020000457763672,28.700000762939453,26.459999084472656,26.889999389648438,26.889999389648438,6126000
2024-04-01,27.0,27.0,25.8799991607666,26.43000030517578,26.43000030517578,4405500
2024-04-02,25.299999237060547,25.844999313354492,24.68000030517578,25.739999771118164,25.739999771118164,4064700
2024-04-03,25.299999237060547,26.56999969482422,25.190000534057617,26.290000915527344,26.290000915527344,2783600
2024-04-04,26.440000534057617,27.385000228881836,25.079999923706055,25.100000381469727,25.100000381469727,4076900
2024-04-05,24.739999771118164,25.360000610351562,24.540000915527344,24.65999984741211,24.65999984741211,3009600
2024-04-08,25.014999389648438,25.489999771118164,24.59000015258789,25.290000915527344,25.290000915527344,2651600
2024-04-09,25.350000381469727,26.334999084472656,25.149999618530273,26.270000457763672,26.270000457763672,3399300
2024-04-10,25.030000686645508,25.3799991607666,24.270000457763672,24.43000030517578,24.43000030517578,5455900
2024-04-11,24.5,24.90999984741211,23.851999282836914,24.75,24.75,3186800
2024-04-12,24.31999969482422,24.68000030517578,23.434999465942383,23.81999969482422,23.81999969482422,3915800
2024-04-15,23.68000030517578,24.200000762939453,21.79199981689453,21.940000534057617,21.940000534057617,4968600
2024-04-16,21.43000030517578,22.739999771118164,21.100000381469727,22.540000915527344,22.540000915527344,4863100
2024-04-17,22.739999771118164,23.149999618530273,22.299999237060547,22.440000534057617,22.440000534057617,3042200
2024-04-18,22.34000015258789,23.020000457763672,21.860000610351562,22.309999465942383,22.309999465942383,3023100
2024-04-19,22.09000015258789,22.479999542236328,21.520000457763672,21.8700008392334,21.8700008392334,3370200
2024-04-22,22.190000534057617,22.290000915527344,21.5,22.079999923706055,22.079999923706055,3101500
2024-04-23,22.040000915527344,23.7450008392334,21.969999313354492,22.940000534057617,22.940000534057617,5408500
2024-04-24,22.969999313354492,23.489999771118164,22.670000076293945,23.1200008392334,23.1200008392334,2224900
2024-04-25,22.139999389648438,22.950000762939453,21.729999542236328,22.829999923706055,22.829999923706055,2874100
2024-04-26,22.899999618530273,23.719999313354492,22.510000228881836,23.459999084472656,23.459999084472656,3596300
2024-04-29,23.489999771118164,23.889999389648438,22.829999923706055,23.040000915527344,23.040000915527344,2409500
2024-04-30,22.75,22.84000015258789,22.09000015258789,22.1299991607666,22.1299991607666,2383700
2024-05-01,22.010000228881836,24.1200008392334,22.010000228881836,22.8700008392334,22.8700008392334,4999200
2024-05-02,23.700000762939453,23.93000030517578,22.8799991607666,23.510000228881836,23.510000228881836,2500300
2024-05-03,24.670000076293945,24.979999542236328,23.510000228881836,24.149999618530273,24.149999618530273,4310800
2024-05-06,24.790000915527344,26.070999145507812,24.6299991607666,25.75,25.75,6343600
2024-05-07,25.549999237060547,26.110000610351562,24.40999984741211,24.469999313354492,24.469999313354492,9331400
2024-05-08,20.899999618530273,23.239999771118164,20.68000030517578,23.110000610351562,23.110000610351562,12077000
2024-05-09,23.059999465942383,26.8700008392334,22.6200008392334,26.170000076293945,26.170000076293945,10308800
2024-05-10,26.139999389648438,26.531999588012695,24.950000762939453,25.399999618530273,25.399999618530273,5377100
2024-05-13,26.239999771118164,28.530000686645508,26.059999465942383,27.43000030517578,27.43000030517578,9346300
2024-05-14,28.489999771118164,30.139999389648438,27.8799991607666,28.59000015258789,28.59000015258789,11488200
2024-05-15,29.780000686645508,30.170000076293945,27.388999938964844,28.110000610351562,28.110000610351562,6932700
2024-05-16,28.09000015258789,28.290000915527344,25.600000381469727,25.610000610351562,25.610000610351562,6334500
2024-05-17,25.559999465942383,25.899999618530273,24.920000076293945,25.40999984741211,25.40999984741211,4407300
2024-05-20,25.450000762939453,26.34000015258789,25.049999237060547,25.559999465942383,25.559999465942383,3784700
2024-05-21,25.15999984741211,25.43000030517578,24.610000610351562,24.700000762939453,24.700000762939453,3319100
2024-05-22,24.600000381469727,25.3700008392334,24.111000061035156,24.329999923706055,24.329999923706055,3379900
2024-05-23,24.270000457763672,24.399999618530273,22.920000076293945,23.15999984741211,23.15999984741211,4553700
2024-05-24,23.350000381469727,23.690000534057617,23.072999954223633,23.350000381469727,23.350000381469727,2567100
2024-05-28,23.709999084472656,23.799999237060547,23.083999633789062,23.510000228881836,23.510000228881836,2273200
2024-05-29,22.989999771118164,23.81999969482422,22.579999923706055,23.31999969482422,23.31999969482422,2797500
2024-05-30,23.450000762939453,24.520000457763672,23.360000610351562,24.280000686645508,24.280000686645508,3236300
2024-05-31,24.799999237060547,25.559999465942383,23.809999465942383,24.719999313354492,24.719999313354492,4510100
2024-06-03,25.479999542236328,25.5,23.707000732421875,24.1200008392334,24.1200008392334,3884000
2024-06-04,24.459999084472656,25.40999984741211,24.299999237060547,24.510000228881836,24.510000228881836,4209700
2024-06-05,24.725000381469727,26.77899932861328,24.420000076293945,26.43000030517578,26.43000030517578,6303000
2024-06-06,26.035999298095703,26.8799991607666,25.725000381469727,26.8700008392334,26.8700008392334,4295200
2024-06-07,25.260000228881836,25.690000534057617,24.239999771118164,24.59000015258789,24.59000015258789,7148000
2024-06-10,24.007999420166016,24.450000762939453,23.760000228881836,23.81999969482422,23.81999969482422,3485600
2024-06-11,23.729999542236328,24.34000015258789,23.30500030517578,24.31999969482422,24.31999969482422,3114400
2024-06-12,25.920000076293945,27.2189998626709,24.65999984741211,24.979999542236328,24.979999542236328,11141200
2024-06-13,25.15999984741211,25.239999771118164,22.899999618530273,23.06999969482422,23.06999969482422,8039800
2024-06-14,23.049999237060547,23.049999237060547,22.260000228881836,22.389999389648438,22.389999389648438,4503300
2024-06-17,22.260000228881836,22.790000915527344,21.770000457763672,22.389999389648438,22.389999389648438,4318600
2024-06-18,22.229999542236328,22.790000915527344,22.030000686645508,22.219999313354492,22.219999313354492,3039400
2024-06-20,22.25,22.600000381469727,21.844999313354492,21.8799991607666,21.8799991607666,4180900
2024-06-21,21.670000076293945,21.81999969482422,21.260000228881836,21.639999389648438,21.639999389648438,4461200
2024-06-24,21.68000030517578,23.610000610351562,21.68000030517578,23.219999313354492,23.219999313354492,4902300
2024-06-25,23.0,23.149999618530273,22.260000228881836,22.559999465942383,22.559999465942383,3216100
2024-06-26,22.469999313354492,23.31999969482422,22.219999313354492,23.0,23.0,3214500
2024-06-27,22.93000030517578,23.610000610351562,22.6299991607666,23.610000610351562,23.610000610351562,2833700
2024-06-28,23.83799934387207,24.06999969482422,23.15999984741211,23.59000015258789,23.59000015258789,4183100
2024-07-01,23.6299991607666,23.670000076293945,22.8700008392334,22.899999618530273,22.899999618530273,2982800
2024-07-02,22.8700008392334,23.209999084472656,22.309999465942383,22.969999313354492,22.969999313354492,2932700
2024-07-03,23.200000762939453,23.479999542236328,22.899999618530273,23.06999969482422,23.06999969482422,1642400
2024-07-05,23.0,23.459999084472656,22.6299991607666,23.200000762939453,23.200000762939453,2638000
2024-07-08,23.40999984741211,24.149999618530273,23.18000030517578,23.219999313354492,23.219999313354492,2838500
2024-07-09,23.239999771118164,24.389999389648438,22.850000381469727,24.239999771118164,24.239999771118164,3480800
2024-07-10,24.639999389648438,24.844999313354492,23.84000015258789,24.81999969482422,24.81999969482422,3635200
2024-07-11,26.100000381469727,26.989999771118164,25.530000686645508,26.920000076293945,26.920000076293945,8725200
2024-07-12,26.889999389648438,27.549999237060547,26.301000595092773,27.110000610351562,27.110000610351562,6053500
2024-07-15,27.76799964904785,31.25,27.475000381469727,29.959999084472656,29.959999084472656,15678200
2024-07-16,30.219999313354492,32.36000061035156,29.31999969482422,31.959999084472656,31.959999084472656,9564500
2024-07-17,30.829999923706055,32.779998779296875,30.209999084472656,30.90999984741211,30.90999984741211,7486000
2024-07-18,30.825000762939453,31.510000228881836,28.209999084472656,28.40999984741211,28.40999984741211,8455300
2024-07-19,28.079999923706055,29.010000228881836,27.6299991607666,27.790000915527344,27.790000915527344,4627200
2024-07-22,28.149999618530273,28.899999618530273,27.020000457763672,27.649999618530273,27.649999618530273,4255600
2024-07-23,27.5,28.329999923706055,27.25,27.6299991607666,27.6299991607666,2726000
2024-07-24,27.149999618530273,27.780000686645508,24.815000534057617,25.020000457763672,25.020000457763672,5783700
2024-07-25,25.15999984741211,26.316999435424805,24.719999313354492,25.760000228881836,25.760000228881836,4412500
2024-07-26,26.985000610351562,27.094999313354492,25.97100067138672,26.110000610351562,26.110000610351562,3934200
2024-07-29,26.309999465942383,27.729999542236328,25.739999771118164,26.049999237060547,26.049999237060547,4393600
2024-07-30,26.31999969482422,26.979999542236328,24.8700008392334,26.030000686645508,26.030000686645508,4136500
2024-07-31,27.59000015258789,29.399999618530273,27.139999389648438,27.93000030517578,27.93000030517578,10318700
2024-08-01,28.0,28.16900062561035,25.020000457763672,25.399999618530273,25.399999618530273,7176100
2024-08-02,24.20199966430664,24.559999465942383,23.549999237060547,23.760000228881836,23.760000228881836,5209000
2024-08-05,20.979999542236328,24.510000228881836,20.600000381469727,23.815000534057617,23.815000534057617,8130900
2024-08-06,23.969999313354492,24.56999969482422,23.200000762939453,23.8700008392334,23.8700008392334,8194700
2024-08-07,30.0,36.400001525878906,28.84000015258789,33.29999923706055,33.29999923706055,46522500
2024-08-08,33.560001373291016,35.290000915527344,32.279998779296875,34.209999084472656,34.209999084472656,12796600
2024-08-09,34.61000061035156,38.5,32.81999969482422,36.25,36.25,17062500
2024-08-12,35.38999938964844,36.099998474121094,33.7599983215332,34.18000030517578,34.18000030517578,8275200
2024-08-13,35.224998474121094,38.08000183105469,34.75,37.83000183105469,37.83000183105469,9445000
2024-08-14,38.59000015258789,38.91999816894531,36.040000915527344,36.08000183105469,36.08000183105469,7122700
2024-08-15,36.88999938964844,38.25,36.119998931884766,36.59000015258789,36.59000015258789,7388800
2024-08-16,36.41999816894531,38.5099983215332,35.5099983215332,36.810001373291016,36.810001373291016,7619000
2024-08-19,37.0,40.66999816894531,36.77000045776367,40.470001220703125,40.470001220703125,9250700
2024-08-20,40.150001525878906,40.869998931884766,37.90999984741211,38.380001068115234,38.380001068115234,6722600
2024-08-21,38.93000030517578,40.86000061035156,38.060001373291016,40.63999938964844,40.63999938964844,6815000
2024-08-22,40.650001525878906,41.099998474121094,39.150001525878906,39.709999084472656,39.709999084472656,6088500
2024-08-23,40.02000045776367,42.349998474121094,39.79999923706055,42.0,42.0,8195100
2024-08-26,42.439998626708984,44.150001525878906,41.11000061035156,43.150001525878906,43.150001525878906,6659600
2024-08-27,42.56999969482422,44.31999969482422,41.599998474121094,44.11000061035156,44.11000061035156,6034100
2024-08-28,43.79999923706055,44.5,41.053001403808594,42.08000183105469,42.08000183105469,6221400
2024-08-29,43.72999954223633,45.709999084472656,42.72100067138672,42.79999923706055,42.79999923706055,7338200
2024-08-30,42.900001525878906,44.029998779296875,41.4640007019043,42.5,42.5,5167900
2024-09-03,41.77000045776367,41.77000045776367,38.150001525878906,38.2599983215332,38.2599983215332,5917800
2024-09-04,37.56999969482422,38.88999938964844,36.0,36.33000183105469,36.33000183105469,6294800
2024-09-05,36.439998626708984,37.790000915527344,35.481998443603516,35.720001220703125,35.720001220703125,4876400
2024-09-06,36.290000915527344,36.845001220703125,33.77000045776367,34.400001525878906,34.400001525878906,6141700
2024-09-09,34.86800003051758,36.09000015258789,34.54999923706055,35.189998626708984,35.189998626708984,4102100
2024-09-10,35.04999923706055,35.2599983215332,31.920000076293945,33.65999984741211,33.65999984741211,6608400
2024-09-11,33.5,35.29999923706055,32.810001373291016,35.13999938964844,35.13999938964844,4728800
2024-09-12,35.13999938964844,37.22999954223633,34.75,36.09000015258789,36.09000015258789,5016100
2024-09-13,36.470001220703125,38.119998931884766,36.29999923706055,38.029998779296875,38.029998779296875,5833200
2024-09-16,34.41999816894531,36.779998779296875,32.7400016784668,35.119998931884766,35.119998931884766,17769800
2024-09-17,35.2400016784668,38.36800003051758,34.599998474121094,37.689998626708984,37.689998626708984,14279500
2024-09-18,37.380001068115234,40.380001068115234,36.89500045776367,38.310001373291016,38.310001373291016,11575700
2024-09-19,40.34000015258789,41.4900016784668,38.369998931884766,40.0,40.0,10618400
2024-09-20,39.9900016784668,40.79999923706055,39.02799987792969,39.7400016784668,39.7400016784668,7024100
2024-09-23,40.0,40.34000015258789,38.11000061035156,38.529998779296875,38.529998779296875,5796000
2024-09-24,38.439998626708984,38.63999938964844,36.13999938964844,37.63999938964844,37.63999938964844,6558400
2024-09-25,38.75,41.70000076293945,38.611000061035156,39.54999923706055,39.54999923706055,11813900
2024-09-26,40.119998931884766,41.2400016784668,38.2140007019043,40.88999938964844,40.88999938964844,8443400
2024-09-27,41.709999084472656,42.54999923706055,39.720001220703125,40.849998474121094,40.849998474121094,6794700
