Date,Open,High,Low,Close,Adj Close,Volume
2021-04-28,3.3499999046325684,3.3499999046325684,2.950000047683716,3.243000030517578,3.243000030517578,281800
2021-04-29,3.4509999752044678,3.4509999752044678,3.25,3.2899999618530273,3.2899999618530273,239200
2021-04-30,3.380000114440918,3.578000068664551,3.299999952316284,3.5199999809265137,3.5199999809265137,413200
2021-05-03,3.75,3.809999942779541,3.4570000171661377,3.759999990463257,3.759999990463257,671900
2021-05-04,3.7300000190734863,3.7699999809265137,3.5399999618530273,3.690000057220459,3.690000057220459,319400
2021-05-05,3.359999895095825,3.5899999141693115,3.3299999237060547,3.4800000190734863,3.4800000190734863,558900
2021-05-06,3.4800000190734863,3.5299999713897705,3.4000000953674316,3.509999990463257,3.509999990463257,390200
2021-05-07,3.5899999141693115,3.700000047683716,3.369999885559082,3.5199999809265137,3.5199999809265137,382700
2021-05-10,3.549999952316284,3.5999999046325684,3.4000000953674316,3.4600000381469727,3.4600000381469727,382300
2021-05-11,3.359999895095825,3.4130001068115234,3.328000068664551,3.3499999046325684,3.3499999046325684,211900
2021-05-12,3.3299999237060547,3.3499999046325684,3.009999990463257,3.180000066757202,3.180000066757202,288500
2021-05-13,3.130000114440918,3.1700000762939453,3.069999933242798,3.140000104904175,3.140000104904175,118200
2021-05-14,3.369999885559082,3.369999885559082,3.174999952316284,3.3499999046325684,3.3499999046325684,206500
2021-05-17,3.319999933242798,3.4100000858306885,3.240000009536743,3.2899999618530273,3.2899999618530273,244100
2021-05-18,3.4100000858306885,3.4100000858306885,3.2300000190734863,3.2699999809265137,3.2699999809265137,184500
2021-05-19,3.259999990463257,3.259999990463257,3.059999942779541,3.2100000381469727,3.2100000381469727,191600
2021-05-20,3.2200000286102295,3.247999906539917,3.1600000858306885,3.2100000381469727,3.2100000381469727,122600
2021-05-21,3.2699999809265137,3.2799999713897705,3.1600000858306885,3.190000057220459,3.190000057220459,79100
2021-05-24,3.1700000762939453,3.190000057220459,2.890000104904175,3.119999885559082,3.119999885559082,541900
2021-05-25,3.130000114440918,3.180000066757202,2.9000000953674316,2.9200000762939453,2.9200000762939453,304600
2021-05-26,2.9200000762939453,2.940000057220459,2.7799999713897705,2.809999942779541,2.809999942779541,383000
2021-05-27,2.859999895095825,2.9600000381469727,2.8499999046325684,2.9000000953674316,2.9000000953674316,296800
2021-05-28,3.0399999618530273,3.1500000953674316,2.869999885559082,2.930000066757202,2.930000066757202,238100
2021-06-01,3.0,3.0999999046325684,2.9600000381469727,3.0299999713897705,3.0299999713897705,339000
2021-06-02,3.0799999237060547,3.1410000324249268,3.009999990463257,3.0999999046325684,3.0999999046325684,224600
2021-06-03,3.0799999237060547,3.0899999141693115,2.9600000381469727,3.059999942779541,3.059999942779541,159400
2021-06-04,3.0799999237060547,3.0799999237060547,2.9100000858306885,2.990000009536743,2.990000009536743,222100
2021-06-07,2.9600000381469727,2.9800000190734863,2.9000000953674316,2.9200000762939453,2.9200000762939453,278700
2021-06-08,2.9000000953674316,2.930000066757202,2.569999933242798,2.7799999713897705,2.7799999713897705,677400
2021-06-09,2.799999952316284,2.9000000953674316,2.799999952316284,2.809999942779541,2.809999942779541,253600
2021-06-10,2.8399999141693115,2.8929998874664307,2.75,2.7699999809265137,2.7699999809265137,160900
2021-06-11,2.740000009536743,2.7899999618530273,2.7100000381469727,2.7100000381469727,2.7100000381469727,211700
2021-06-14,2.700000047683716,2.760999917984009,2.5799999237060547,2.5899999141693115,2.5899999141693115,295400
2021-06-15,2.609999895095825,2.680000066757202,2.4609999656677246,2.5199999809265137,2.5199999809265137,232900
2021-06-16,2.5199999809265137,2.549999952316284,2.450000047683716,2.509999990463257,2.509999990463257,306400
2021-06-17,2.5,2.5399999618530273,2.4000000953674316,2.4040000438690186,2.4040000438690186,286400
2021-06-18,2.4200000762939453,2.427000045776367,2.25,2.4100000858306885,2.4100000858306885,308600
2021-06-21,2.440000057220459,2.624000072479248,2.430000066757202,2.559999942779541,2.559999942779541,406000
2021-06-22,2.559999942779541,2.75,2.559999942779541,2.640000104904175,2.640000104904175,316100
2021-06-23,2.7100000381469727,2.7100000381469727,2.444999933242798,2.4600000381469727,2.4600000381469727,361000
2021-06-24,2.4600000381469727,2.5,2.4000000953674316,2.430000066757202,2.430000066757202,135300
2021-06-25,2.4700000286102295,2.4800000190734863,2.4000000953674316,2.430000066757202,2.430000066757202,225800
2021-06-28,2.440000057220459,2.450000047683716,2.319999933242798,2.3359999656677246,2.3359999656677246,265900
2021-06-29,2.3499999046325684,2.555000066757202,2.309999942779541,2.5,2.5,299400
2021-06-30,2.5399999618530273,3.0299999713897705,2.450000047683716,3.0,3.0,489600
2021-07-01,3.059999942779541,3.0999999046325684,2.9100000858306885,3.0,3.0,226700
2021-07-02,2.950000047683716,3.0,2.740000009536743,2.8399999141693115,2.8399999141693115,283600
2021-07-06,2.740000009536743,2.8499999046325684,2.569999933242798,2.609999895095825,2.609999895095825,224800
2021-07-07,2.609999895095825,2.609999895095825,2.4200000762939453,2.4800000190734863,2.4800000190734863,177100
2021-07-08,2.509999990463257,2.5260000228881836,2.4000000953674316,2.440000057220459,2.440000057220459,246800
2021-07-09,2.4700000286102295,2.7699999809265137,2.4700000286102295,2.680000066757202,2.680000066757202,205700
2021-07-12,2.690000057220459,2.7300000190734863,2.621999979019165,2.7100000381469727,2.7100000381469727,179700
2021-07-13,2.7200000286102295,2.7200000286102295,2.569999933242798,2.630000114440918,2.630000114440918,128900
2021-07-14,2.6500000953674316,2.686000108718872,2.5299999713897705,2.5299999713897705,2.5299999713897705,116400
2021-07-15,2.5399999618530273,2.618000030517578,2.450000047683716,2.559999942779541,2.559999942779541,132300
2021-07-16,2.5999999046325684,2.619999885559082,2.380000114440918,2.430000066757202,2.430000066757202,241000
2021-07-19,2.3499999046325684,2.369999885559082,2.299999952316284,2.319999933242798,2.319999933242798,222300
2021-07-20,2.3399999141693115,2.440000057220459,2.319999933242798,2.440000057220459,2.440000057220459,151200
2021-07-21,2.450000047683716,2.7200000286102295,2.450000047683716,2.7200000286102295,2.7200000286102295,126500
2021-07-22,2.7200000286102295,2.859999895095825,2.5899999141693115,2.8499999046325684,2.8499999046325684,126900
2021-07-23,2.8499999046325684,2.9000000953674316,2.759999990463257,2.869999885559082,2.869999885559082,106900
2021-07-26,2.8499999046325684,2.930000066757202,2.740000009536743,2.9000000953674316,2.9000000953674316,119000
2021-07-27,2.9100000858306885,2.930000066757202,2.7639999389648438,2.880000114440918,2.880000114440918,63600
2021-07-28,2.8499999046325684,2.9200000762939453,2.7950000762939453,2.9000000953674316,2.9000000953674316,86200
2021-07-29,2.9100000858306885,2.9200000762939453,2.7899999618530273,2.7899999618530273,2.7899999618530273,79300
2021-07-30,2.7799999713897705,2.9800000190734863,2.740000009536743,2.930000066757202,2.930000066757202,128200
2021-08-02,2.9200000762939453,2.950000047683716,2.8399999141693115,2.930000066757202,2.930000066757202,45800
2021-08-03,2.990000009536743,3.0,2.759999990463257,2.799999952316284,2.799999952316284,137600
2021-08-04,2.799999952316284,2.869999885559082,2.6530001163482666,2.6700000762939453,2.6700000762939453,75000
2021-08-05,2.680000066757202,2.7920000553131104,2.6500000953674316,2.6500000953674316,2.6500000953674316,55900
2021-08-06,2.700000047683716,2.700000047683716,2.5999999046325684,2.609999895095825,2.609999895095825,74800
2021-08-09,2.619999885559082,2.6500000953674316,2.5,2.509999990463257,2.509999990463257,113400
2021-08-10,2.549999952316284,2.609999895095825,2.509999990463257,2.569999933242798,2.569999933242798,68800
2021-08-11,2.609999895095825,2.680000066757202,2.609999895095825,2.6700000762939453,2.6700000762939453,120400
2021-08-12,2.700000047683716,2.700000047683716,2.5399999618530273,2.5899999141693115,2.5899999141693115,86900
2021-08-13,2.5999999046325684,2.5999999046325684,2.5,2.513000011444092,2.513000011444092,83500
2021-08-16,2.5199999809265137,2.549999952316284,2.4100000858306885,2.450000047683716,2.450000047683716,104500
2021-08-17,2.4600000381469727,2.5299999713897705,2.4200000762939453,2.5,2.5,113500
2021-08-18,2.490000009536743,2.6089999675750732,2.4700000286102295,2.5899999141693115,2.5899999141693115,65100
2021-08-19,2.549999952316284,2.6089999675750732,2.3499999046325684,2.390000104904175,2.390000104904175,172900
2021-08-20,2.4200000762939453,2.440000057220459,2.309999942779541,2.3499999046325684,2.3499999046325684,214900
2021-08-23,2.4100000858306885,2.490000009536743,2.4100000858306885,2.4100000858306885,2.4100000858306885,153700
2021-08-24,2.450000047683716,2.5,2.4100000858306885,2.5,2.5,110000
2021-08-25,2.509999990463257,2.559999942779541,2.430000066757202,2.559999942779541,2.559999942779541,102900
2021-08-26,2.559999942779541,2.559999942779541,2.4000000953674316,2.430000066757202,2.430000066757202,116900
2021-08-27,2.430000066757202,2.569999933242798,2.4100000858306885,2.490000009536743,2.490000009536743,112500
2021-08-30,2.549999952316284,2.8399999141693115,2.5199999809265137,2.7699999809265137,2.7699999809265137,310500
2021-08-31,2.7899999618530273,2.880000114440918,2.757999897003174,2.880000114440918,2.880000114440918,160800
2021-09-01,2.869999885559082,2.9700000286102295,2.819999933242798,2.9200000762939453,2.9200000762939453,144000
2021-09-02,2.9800000190734863,3.2899999618530273,2.9200000762939453,3.25,3.25,766300
2021-09-03,3.299999952316284,3.299999952316284,3.119999885559082,3.200000047683716,3.200000047683716,437900
2021-09-07,3.200000047683716,3.25,3.059999942779541,3.130000114440918,3.130000114440918,496800
2021-09-08,3.1500000953674316,3.2699999809265137,3.0280001163482666,3.25,3.25,395700
2021-09-09,3.25,3.259999990463257,3.0999999046325684,3.1700000762939453,3.1700000762939453,289200
2021-09-10,3.246999979019165,3.559999942779541,3.200000047683716,3.5,3.5,836200
2021-09-13,3.9000000953674316,4.659999847412109,3.8499999046325684,4.349999904632568,4.349999904632568,5272000
2021-09-14,4.329999923706055,4.579999923706055,3.869999885559082,4.300000190734863,4.300000190734863,1962100
2021-09-15,4.546999931335449,5.389999866485596,4.449999809265137,5.389999866485596,5.389999866485596,5933000
2021-09-16,5.480000019073486,5.599999904632568,5.0,5.320000171661377,5.320000171661377,3805500
2021-09-17,5.25,5.320000171661377,4.510000228881836,4.599999904632568,4.599999904632568,2422500
2021-09-20,4.150000095367432,4.260000228881836,3.890000104904175,4.110000133514404,4.110000133514404,2081300
2021-09-21,4.473999977111816,4.820000171661377,4.289999961853027,4.360000133514404,4.360000133514404,1528200
2021-09-22,4.78000020980835,4.78000020980835,4.230000019073486,4.25,4.25,930000
2021-09-23,4.300000190734863,4.329999923706055,4.0,4.150000095367432,4.150000095367432,1447500
2021-09-24,3.940000057220459,4.079999923706055,3.7300000190734863,3.880000114440918,3.880000114440918,1075400
2021-09-27,3.9200000762939453,4.400000095367432,3.7899999618530273,4.329999923706055,4.329999923706055,1017000
2021-09-28,4.449999809265137,4.460000038146973,3.9100000858306885,4.289999961853027,4.289999961853027,1087200
2021-09-29,4.329999923706055,4.329999923706055,3.799999952316284,3.8499999046325684,3.8499999046325684,964500
2021-09-30,3.9000000953674316,4.159999847412109,3.559999942779541,3.609999895095825,3.609999895095825,1188500
2021-10-01,3.7100000381469727,3.950000047683716,3.609999895095825,3.940000057220459,3.940000057220459,882200
2021-10-04,4.0,4.429999828338623,3.940000057220459,4.070000171661377,4.070000171661377,1079300
2021-10-05,4.159999847412109,4.183000087738037,3.859999895095825,3.9800000190734863,3.9800000190734863,597200
2021-10-06,3.8499999046325684,3.930000066757202,3.6500000953674316,3.8499999046325684,3.8499999046325684,593400
2021-10-07,3.9200000762939453,4.059999942779541,3.859999895095825,4.0,4.0,637100
2021-10-08,3.9600000381469727,4.199999809265137,3.799999952316284,3.8299999237060547,3.8299999237060547,414600
2021-10-11,4.0,4.159999847412109,3.996999979019165,4.070000171661377,4.070000171661377,608400
2021-10-12,4.099999904632568,4.690000057220459,3.950000047683716,4.679999828338623,4.679999828338623,3975100
2021-10-13,4.699999809265137,4.949999809265137,4.489999771118164,4.940000057220459,4.940000057220459,2344200
2021-10-14,5.050000190734863,5.070000171661377,4.599999904632568,4.699999809265137,4.699999809265137,1330100
2021-10-15,4.730000019073486,4.7789998054504395,4.449999809265137,4.739999771118164,4.739999771118164,801300
2021-10-18,4.869999885559082,5.190000057220459,4.789999961853027,5.03000020980835,5.03000020980835,1465500
2021-10-19,5.099999904632568,5.28000020980835,4.909999847412109,5.119999885559082,5.119999885559082,1132200
2021-10-20,5.190000057220459,5.800000190734863,5.039999961853027,5.78000020980835,5.78000020980835,2605300
2021-10-21,5.699999809265137,5.738999843597412,5.349999904632568,5.659999847412109,5.659999847412109,1798800
2021-10-22,5.699999809265137,5.710000038146973,5.269999980926514,5.599999904632568,5.599999904632568,1086700
2021-10-25,5.730000019073486,5.949999809265137,5.5,5.579999923706055,5.579999923706055,1257300
2021-10-26,5.710000038146973,5.809999942779541,5.380000114440918,5.489999771118164,5.489999771118164,975800
2021-10-27,5.440000057220459,5.440000057220459,4.920000076293945,5.170000076293945,5.170000076293945,1763800
2021-10-28,5.199999809265137,5.21999979019165,5.0,5.050000190734863,5.050000190734863,621100
2021-10-29,5.050000190734863,5.099999904632568,4.510000228881836,4.820000171661377,4.820000171661377,1478700
2021-11-01,4.929999828338623,5.179999828338623,4.820000171661377,5.070000171661377,5.070000171661377,703400
2021-11-02,5.070000171661377,5.159999847412109,4.940000057220459,5.079999923706055,5.079999923706055,591600
2021-11-03,4.960000038146973,5.599999904632568,4.955999851226807,5.360000133514404,5.360000133514404,2098500
2021-11-04,5.510000228881836,5.639999866485596,5.159999847412109,5.269999980926514,5.269999980926514,1125500
2021-11-05,5.389999866485596,5.473999977111816,5.090000152587891,5.289999961853027,5.289999961853027,572600
2021-11-08,5.400000095367432,5.679999828338623,5.369999885559082,5.579999923706055,5.579999923706055,1494500
2021-11-09,5.610000133514404,5.710000038146973,5.309999942779541,5.699999809265137,5.699999809265137,858100
2021-11-10,5.670000076293945,5.829999923706055,5.340000152587891,5.570000171661377,5.570000171661377,1221900
2021-11-11,5.519999980926514,5.75,5.460000038146973,5.579999923706055,5.579999923706055,707700
2021-11-12,5.579999923706055,5.739999771118164,5.440000057220459,5.5,5.5,580600
2021-11-15,5.53000020980835,5.550000190734863,5.210000038146973,5.28000020980835,5.28000020980835,661800
2021-11-16,5.284999847412109,5.300000190734863,4.949999809265137,5.019999980926514,5.019999980926514,657400
2021-11-17,4.989999771118164,5.329999923706055,4.849999904632568,5.210000038146973,5.210000038146973,636300
2021-11-18,5.255000114440918,5.309999942779541,5.0,5.070000171661377,5.070000171661377,626900
2021-11-19,4.980000019073486,5.0,4.710000038146973,4.769999980926514,4.769999980926514,745100
2021-11-22,4.800000190734863,4.800000190734863,4.420000076293945,4.440000057220459,4.440000057220459,713500
2021-11-23,4.550000190734863,4.980000019073486,4.541999816894531,4.769999980926514,4.769999980926514,552000
2021-11-24,4.769999980926514,4.829999923706055,4.599999904632568,4.789999961853027,4.789999961853027,451900
2021-11-26,4.449999809265137,4.599999904632568,4.380000114440918,4.579999923706055,4.579999923706055,531200
2021-11-29,4.619999885559082,4.769999980926514,4.449999809265137,4.489999771118164,4.489999771118164,667600
2021-11-30,4.449999809265137,4.550000190734863,4.070000171661377,4.179999828338623,4.179999828338623,835400
2021-12-01,4.255000114440918,4.380000114440918,3.880000114440918,3.9000000953674316,3.9000000953674316,895400
2021-12-02,4.019999980926514,4.159999847412109,3.930000066757202,4.150000095367432,4.150000095367432,484500
2021-12-03,4.369999885559082,4.369999885559082,3.799999952316284,3.9100000858306885,3.9100000858306885,822400
2021-12-06,3.9100000858306885,3.9600000381469727,3.5999999046325684,3.740000009536743,3.740000009536743,978600
2021-12-07,3.9600000381469727,4.449999809265137,3.884000062942505,4.289999961853027,4.289999961853027,772000
2021-12-08,4.179999828338623,4.429999828338623,4.159999847412109,4.429999828338623,4.429999828338623,342200
2021-12-09,4.380000114440918,4.422999858856201,4.019999980926514,4.119999885559082,4.119999885559082,473700
2021-12-10,4.199999809265137,4.25,3.8299999237060547,3.990000009536743,3.990000009536743,456400
2021-12-13,3.930000066757202,4.014999866485596,3.700000047683716,3.759999990463257,3.759999990463257,405000
2021-12-14,3.6500000953674316,3.7100000381469727,3.509999990463257,3.640000104904175,3.640000104904175,650100
2021-12-15,3.630000114440918,4.0,3.4200000762939453,3.940000057220459,3.940000057220459,987700
2021-12-16,4.150000095367432,4.170000076293945,3.700000047683716,3.759999990463257,3.759999990463257,611100
2021-12-17,3.75,3.940000057220459,3.569999933242798,3.7100000381469727,3.7100000381469727,417500
2021-12-20,3.6600000858306885,3.7699999809265137,3.5199999809265137,3.690000057220459,3.690000057220459,529200
2021-12-21,3.809999942779541,3.890000104904175,3.7100000381469727,3.799999952316284,3.799999952316284,560000
2021-12-22,3.799999952316284,3.799999952316284,3.630000114440918,3.7300000190734863,3.7300000190734863,453700
2021-12-23,3.7100000381469727,3.9200000762939453,3.7100000381469727,3.819999933242798,3.819999933242798,492500
2021-12-27,3.8299999237060547,4.150000095367432,3.809999942779541,4.050000190734863,4.050000190734863,520200
2021-12-28,4.099999904632568,4.150000095367432,3.7100000381469727,3.740000009536743,3.740000009536743,510800
2021-12-29,3.930000066757202,3.9600000381469727,3.619999885559082,3.6700000762939453,3.6700000762939453,362600
2021-12-30,3.640000104904175,3.7200000286102295,3.5,3.5799999237060547,3.5799999237060547,816100
2021-12-31,3.549999952316284,3.75,3.549999952316284,3.6500000953674316,3.6500000953674316,317100
2022-01-03,3.8299999237060547,4.179999828338623,3.7860000133514404,3.9700000286102295,3.9700000286102295,734300
2022-01-04,4.034999847412109,4.034999847412109,3.740000009536743,3.990000009536743,3.990000009536743,629800
2022-01-05,4.104000091552734,4.449999809265137,4.010000228881836,4.170000076293945,4.170000076293945,1378400
2022-01-06,4.340000152587891,4.385000228881836,3.740000009536743,3.9000000953674316,3.9000000953674316,1144100
2022-01-07,3.950000047683716,4.099999904632568,3.7699999809265137,4.050000190734863,4.050000190734863,612700
2022-01-10,4.039999961853027,4.050000190734863,3.7200000286102295,3.9000000953674316,3.9000000953674316,618600
2022-01-11,3.8299999237060547,3.9600000381469727,3.7269999980926514,3.869999885559082,3.869999885559082,400100
2022-01-12,3.859999895095825,4.079999923706055,3.8499999046325684,3.9600000381469727,3.9600000381469727,549500
2022-01-13,3.940000057220459,4.035999774932861,3.630000114440918,3.680000066757202,3.680000066757202,637800
2022-01-14,3.5999999046325684,3.759999990463257,3.549999952316284,3.7300000190734863,3.7300000190734863,417600
2022-01-18,3.7100000381469727,3.7699999809265137,3.552000045776367,3.609999895095825,3.609999895095825,553400
2022-01-19,3.700000047683716,3.700000047683716,3.450000047683716,3.5299999713897705,3.5299999713897705,680700
2022-01-20,3.5,3.630000114440918,3.2799999713897705,3.3499999046325684,3.3499999046325684,913900
2022-01-21,3.240000009536743,3.2799999713897705,3.0,3.0199999809265137,3.0199999809265137,1115500
2022-01-24,2.869999885559082,3.369999885559082,2.619999885559082,3.3299999237060547,3.3299999237060547,1613400
2022-01-25,3.2300000190734863,3.4000000953674316,3.0999999046325684,3.3399999141693115,3.3399999141693115,375100
2022-01-26,3.359999895095825,3.430000066757202,3.049999952316284,3.0999999046325684,3.0999999046325684,452400
2022-01-27,3.1600000858306885,3.1600000858306885,2.9100000858306885,2.950000047683716,2.950000047683716,382500
2022-01-28,3.009999990463257,3.1019999980926514,2.8299999237060547,3.0899999141693115,3.0899999141693115,415600
2022-01-31,3.0899999141693115,3.2799999713897705,3.0399999618530273,3.25,3.25,429400
2022-02-01,3.3299999237060547,3.4100000858306885,3.200000047683716,3.4000000953674316,3.4000000953674316,308500
2022-02-02,3.450000047683716,3.450000047683716,3.130000114440918,3.1700000762939453,3.1700000762939453,459700
2022-02-03,3.061000108718872,3.140000104904175,2.9200000762939453,2.9800000190734863,2.9800000190734863,416900
2022-02-04,3.0450000762939453,3.2100000381469727,2.950000047683716,3.180000066757202,3.180000066757202,435300
2022-02-07,3.190000057220459,3.369999885559082,3.1700000762939453,3.319999933242798,3.319999933242798,317400
2022-02-08,3.25,3.359999895095825,3.1500000953674316,3.3299999237060547,3.3299999237060547,224800
2022-02-09,3.375,3.5999999046325684,3.375,3.5999999046325684,3.5999999046325684,437400
2022-02-10,3.5899999141693115,3.799999952316284,3.4000000953674316,3.4600000381469727,3.4600000381469727,577100
2022-02-11,3.450000047683716,3.490000009536743,3.2899999618530273,3.359999895095825,3.359999895095825,260700
2022-02-14,3.3299999237060547,3.4100000858306885,3.174999952316284,3.2100000381469727,3.2100000381469727,455100
2022-02-15,3.25,3.440000057220459,3.2300000190734863,3.440000057220459,3.440000057220459,252600
2022-02-16,3.430000066757202,3.440000057220459,3.2799999713897705,3.309999942779541,3.309999942779541,250100
2022-02-17,3.299999952316284,3.359999895095825,3.1050000190734863,3.1600000858306885,3.1600000858306885,330800
2022-02-18,3.1500000953674316,3.2200000286102295,3.0299999713897705,3.0799999237060547,3.0799999237060547,325800
2022-02-22,3.049999952316284,3.2200000286102295,3.049999952316284,3.1600000858306885,3.1600000858306885,259900
2022-02-23,3.2699999809265137,3.319999933242798,3.1600000858306885,3.25,3.25,287500
2022-02-24,3.1700000762939453,3.4100000858306885,3.0999999046325684,3.4000000953674316,3.4000000953674316,670600
2022-02-25,3.4000000953674316,3.6600000858306885,3.2799999713897705,3.640000104904175,3.640000104904175,740100
2022-02-28,3.759999990463257,4.224999904632568,3.759999990463257,4.119999885559082,4.119999885559082,1251900
2022-03-01,4.190000057220459,4.340000152587891,4.090000152587891,4.329999923706055,4.329999923706055,831100
2022-03-02,4.380000114440918,4.699999809265137,4.210000038146973,4.699999809265137,4.699999809265137,1069400
2022-03-03,4.710000038146973,4.730000019073486,4.409999847412109,4.5,4.5,572900
2022-03-04,4.099999904632568,4.46999979019165,3.819999933242798,4.269999980926514,4.269999980926514,1550800
2022-03-07,4.519999980926514,4.590000152587891,4.239999771118164,4.239999771118164,4.239999771118164,1061300
2022-03-08,4.409999847412109,4.559999942779541,4.119999885559082,4.460000038146973,4.460000038146973,1414700
2022-03-09,4.380000114440918,4.820000171661377,4.182000160217285,4.710000038146973,4.710000038146973,1766500
2022-03-10,4.829999923706055,5.0,4.590000152587891,4.760000228881836,4.760000228881836,1337900
2022-03-11,4.579999923706055,4.789999961853027,4.480000019073486,4.570000171661377,4.570000171661377,644700
2022-03-14,4.550000190734863,4.599999904632568,4.03000020980835,4.079999923706055,4.079999923706055,747400
2022-03-15,4.010000228881836,4.179999828338623,3.759999990463257,4.150000095367432,4.150000095367432,764300
2022-03-16,4.199999809265137,4.409999847412109,3.990000009536743,4.159999847412109,4.159999847412109,345800
2022-03-17,4.289999961853027,4.519999980926514,4.28000020980835,4.46999979019165,4.46999979019165,1003400
2022-03-18,4.559999942779541,4.730000019073486,4.409999847412109,4.730000019073486,4.730000019073486,655900
2022-03-21,4.699999809265137,4.949999809265137,4.599999904632568,4.639999866485596,4.639999866485596,1093500
2022-03-22,4.760000228881836,4.800000190734863,4.369999885559082,4.53000020980835,4.53000020980835,553600
2022-03-23,4.539999961853027,4.650000095367432,4.409999847412109,4.429999828338623,4.429999828338623,573700
2022-03-24,4.429999828338623,4.46999979019165,4.230000019073486,4.380000114440918,4.380000114440918,524700
2022-03-25,4.380000114440918,4.380000114440918,4.199999809265137,4.329999923706055,4.329999923706055,406400
2022-03-28,4.400000095367432,4.400000095367432,4.059999942779541,4.130000114440918,4.130000114440918,629600
2022-03-29,4.130000114440918,4.159999847412109,3.8499999046325684,3.869999885559082,3.869999885559082,898800
2022-03-30,4.0,4.163000106811523,3.7699999809265137,3.809999942779541,3.809999942779541,1347600
2022-03-31,3.859999895095825,4.090000152587891,3.7200000286102295,3.930000066757202,3.930000066757202,1210900
2022-04-01,4.039999961853027,4.21999979019165,3.9749999046325684,4.110000133514404,4.110000133514404,1028900
2022-04-04,4.190000057220459,4.199999809265137,4.0,4.039999961853027,4.039999961853027,503500
2022-04-05,4.019999980926514,4.309999942779541,4.010000228881836,4.019999980926514,4.019999980926514,771600
2022-04-06,4.0,4.099999904632568,3.859999895095825,4.079999923706055,4.079999923706055,500800
2022-04-07,4.099999904632568,4.400000095367432,4.039999961853027,4.349999904632568,4.349999904632568,1194700
2022-04-08,4.449999809265137,4.571000099182129,4.349999904632568,4.389999866485596,4.389999866485596,922700
2022-04-11,4.440000057220459,4.480000019073486,4.21999979019165,4.480000019073486,4.480000019073486,788100
2022-04-12,4.519999980926514,4.590000152587891,4.349999904632568,4.420000076293945,4.420000076293945,662600
2022-04-13,4.420000076293945,4.599999904632568,4.375,4.480000019073486,4.480000019073486,650100
2022-04-14,4.409999847412109,4.46999979019165,4.260000228881836,4.369999885559082,4.369999885559082,618700
2022-04-18,4.369999885559082,4.410999774932861,4.079999923706055,4.139999866485596,4.139999866485596,832700
2022-04-19,4.110000133514404,4.139999866485596,3.950000047683716,4.039999961853027,4.039999961853027,605100
2022-04-20,4.059999942779541,4.159999847412109,3.9100000858306885,4.139999866485596,4.139999866485596,616600
2022-04-21,4.119999885559082,4.190000057220459,3.8299999237060547,3.9000000953674316,3.9000000953674316,946800
2022-04-22,3.8299999237060547,4.0,3.5799999237060547,3.6500000953674316,3.6500000953674316,1154900
2022-04-25,3.4800000190734863,3.569999933242798,3.359999895095825,3.5399999618530273,3.5399999618530273,1016300
2022-04-26,3.549999952316284,3.609999895095825,3.4000000953674316,3.4100000858306885,3.4100000858306885,560700
2022-04-27,3.450000047683716,3.5799999237060547,3.4200000762939453,3.490000009536743,3.490000009536743,523900
2022-04-28,3.490000009536743,3.569999933242798,3.2899999618530273,3.5299999713897705,3.5299999713897705,504500
2022-04-29,3.549999952316284,3.640000104904175,3.3499999046325684,3.369999885559082,3.369999885559082,606400
2022-05-02,3.3399999141693115,3.3399999141693115,3.130000114440918,3.25,3.25,712000
2022-05-03,3.2799999713897705,3.359999895095825,3.2100000381469727,3.3499999046325684,3.3499999046325684,353500
2022-05-04,3.3299999237060547,3.5299999713897705,3.2200000286102295,3.490000009536743,3.490000009536743,439400
2022-05-05,3.490000009536743,3.5,3.2100000381469727,3.3399999141693115,3.3399999141693115,467500
2022-05-06,3.25,3.369999885559082,3.059999942779541,3.319999933242798,3.319999933242798,766800
2022-05-09,3.0899999141693115,3.119999885559082,2.809999942779541,2.8299999237060547,2.8299999237060547,1165000
2022-05-10,3.0299999713897705,3.0999999046325684,2.799999952316284,2.869999885559082,2.869999885559082,526300
2022-05-11,2.880000114440918,2.9200000762939453,2.5899999141693115,2.619999885559082,2.619999885559082,1122800
2022-05-12,2.505000114440918,2.640000104904175,2.3949999809265137,2.5299999713897705,2.5299999713897705,925400
2022-05-13,2.6500000953674316,2.9000000953674316,2.640000104904175,2.799999952316284,2.799999952316284,539500
2022-05-16,2.8499999046325684,2.869999885559082,2.7100000381469727,2.7799999713897705,2.7799999713897705,349100
2022-05-17,2.859999895095825,2.9649999141693115,2.7799999713897705,2.930000066757202,2.930000066757202,337400
2022-05-18,2.940000057220459,2.947999954223633,2.6500000953674316,2.700000047683716,2.700000047683716,358400
2022-05-19,2.700000047683716,2.7899999618530273,2.6600000858306885,2.7300000190734863,2.7300000190734863,353300
2022-05-20,2.740000009536743,2.880000114440918,2.700000047683716,2.880000114440918,2.880000114440918,349100
2022-05-23,2.9200000762939453,2.9200000762939453,2.7300000190734863,2.8499999046325684,2.8499999046325684,432500
2022-05-24,2.8399999141693115,2.8399999141693115,2.640000104904175,2.7200000286102295,2.7200000286102295,533500
2022-05-25,2.7300000190734863,2.8499999046325684,2.7100000381469727,2.7699999809265137,2.7699999809265137,363300
2022-05-26,2.8299999237060547,2.9600000381469727,2.7869999408721924,2.9200000762939453,2.9200000762939453,426200
2022-05-27,2.9700000286102295,3.0,2.944999933242798,3.0,3.0,247400
2022-05-31,3.0399999618530273,3.200000047683716,3.0399999618530273,3.119999885559082,3.119999885559082,513300
2022-06-01,3.180000066757202,3.200000047683716,2.9100000858306885,2.940000057220459,2.940000057220459,513000
2022-06-02,3.015000104904175,3.190000057220459,2.940000057220459,3.140000104904175,3.140000104904175,368700
2022-06-03,3.119999885559082,3.119999885559082,3.009999990463257,3.0299999713897705,3.0299999713897705,296200
2022-06-06,3.049999952316284,3.069000005722046,2.930000066757202,2.950000047683716,2.950000047683716,203400
2022-06-07,2.9600000381469727,3.25,2.9200000762939453,3.200000047683716,3.200000047683716,823000
2022-06-08,3.2899999618530273,3.569999933242798,3.25,3.299999952316284,3.299999952316284,881400
2022-06-09,3.2899999618530273,3.2899999618530273,3.049999952316284,3.049999952316284,3.049999952316284,505800
2022-06-10,2.990000009536743,3.059999942779541,2.8499999046325684,2.950000047683716,2.950000047683716,483900
2022-06-13,2.819999933242798,2.8299999237060547,2.5799999237060547,2.700000047683716,2.700000047683716,684900
2022-06-14,2.6500000953674316,2.7699999809265137,2.5,2.569999933242798,2.569999933242798,530700
2022-06-15,2.5799999237060547,2.690000057220459,2.4800000190734863,2.630000114440918,2.630000114440918,544000
2022-06-16,2.549999952316284,2.569999933242798,2.4000000953674316,2.450000047683716,2.450000047683716,556300
2022-06-17,2.4800000190734863,2.575000047683716,2.430000066757202,2.4800000190734863,2.4800000190734863,342300
2022-06-21,2.7200000286102295,2.7200000286102295,2.549999952316284,2.569999933242798,2.569999933242798,505200
2022-06-22,2.509999990463257,2.5199999809265137,2.430000066757202,2.4800000190734863,2.4800000190734863,288100
2022-06-23,2.450000047683716,2.4700000286102295,2.319999933242798,2.4200000762939453,2.4200000762939453,577900
2022-06-24,2.450000047683716,2.630000114440918,2.4200000762939453,2.5999999046325684,2.5999999046325684,531200
2022-06-27,2.640000104904175,2.740000009536743,2.559999942779541,2.609999895095825,2.609999895095825,315900
2022-06-28,2.5999999046325684,2.6500000953674316,2.434999942779541,2.4800000190734863,2.4800000190734863,341800
2022-06-29,2.549999952316284,2.549999952316284,2.3299999237060547,2.369999885559082,2.369999885559082,255100
2022-06-30,2.4000000953674316,2.4100000858306885,2.2100000381469727,2.2699999809265137,2.2699999809265137,657100
2022-07-01,2.25,2.380000114440918,2.200000047683716,2.369999885559082,2.369999885559082,290700
2022-07-05,2.319999933242798,2.319999933242798,2.130000114440918,2.2200000286102295,2.2200000286102295,580100
2022-07-06,2.2149999141693115,2.299999952316284,2.109999895095825,2.180000066757202,2.180000066757202,382000
2022-07-07,2.200000047683716,2.390000104904175,2.200000047683716,2.390000104904175,2.390000104904175,314500
2022-07-08,2.4000000953674316,2.430000066757202,2.309999942779541,2.430000066757202,2.430000066757202,214500
2022-07-11,2.359999895095825,2.365000009536743,2.2699999809265137,2.2799999713897705,2.2799999713897705,288600
2022-07-12,2.2899999618530273,2.3299999237060547,2.244999885559082,2.299999952316284,2.299999952316284,414200
2022-07-13,2.2300000190734863,2.3399999141693115,2.2300000190734863,2.240000009536743,2.240000009536743,139900
2022-07-14,2.2300000190734863,2.25,2.0999999046325684,2.2300000190734863,2.2300000190734863,337400
2022-07-15,2.2899999618530273,2.2899999618530273,2.1600000858306885,2.25,2.25,191200
2022-07-18,2.319999933242798,2.4100000858306885,2.2799999713897705,2.319999933242798,2.319999933242798,392800
2022-07-19,2.390000104904175,2.4600000381469727,2.305000066757202,2.430000066757202,2.430000066757202,328400
2022-07-20,2.450000047683716,2.5799999237060547,2.440000057220459,2.559999942779541,2.559999942779541,381300
2022-07-21,2.5999999046325684,2.5999999046325684,2.380000114440918,2.450000047683716,2.450000047683716,418200
2022-07-22,2.440000057220459,2.4509999752044678,2.259999990463257,2.2799999713897705,2.2799999713897705,430400
2022-07-25,2.309999942779541,2.369999885559082,2.25,2.319999933242798,2.319999933242798,233000
2022-07-26,2.359999895095825,2.4749999046325684,2.3499999046325684,2.440000057220459,2.440000057220459,273500
2022-07-27,2.5,2.700000047683716,2.4700000286102295,2.630000114440918,2.630000114440918,509300
2022-07-28,2.740000009536743,2.819999933242798,2.559999942779541,2.819999933242798,2.819999933242798,519900
2022-07-29,2.9100000858306885,3.0299999713897705,2.8499999046325684,2.9100000858306885,2.9100000858306885,627200
2022-08-01,2.9000000953674316,2.9100000858306885,2.759999990463257,2.859999895095825,2.859999895095825,197100
2022-08-02,2.8499999046325684,3.0,2.809999942779541,2.9700000286102295,2.9700000286102295,241800
2022-08-03,3.0,3.0199999809265137,2.819999933242798,2.819999933242798,2.819999933242798,286900
2022-08-04,2.8299999237060547,2.880000114440918,2.759999990463257,2.809999942779541,2.809999942779541,174000
2022-08-05,2.7699999809265137,2.9800000190734863,2.759999990463257,2.9000000953674316,2.9000000953674316,199700
2022-08-08,3.009999990463257,3.0899999141693115,2.880000114440918,2.9600000381469727,2.9600000381469727,372900
2022-08-09,2.9600000381469727,3.009999990463257,2.880000114440918,2.950000047683716,2.950000047683716,283600
2022-08-10,3.0,3.0,2.9000000953674316,2.9100000858306885,2.9100000858306885,182900
2022-08-11,2.9600000381469727,3.009999990463257,2.799999952316284,2.8399999141693115,2.8399999141693115,323500
2022-08-12,2.8499999046325684,2.8499999046325684,2.700000047683716,2.7300000190734863,2.7300000190734863,425800
2022-08-15,2.700000047683716,2.700000047683716,2.569999933242798,2.6700000762939453,2.6700000762939453,256700
2022-08-16,2.700000047683716,2.700000047683716,2.5299999713897705,2.5999999046325684,2.5999999046325684,310600
2022-08-17,2.569999933242798,2.5769999027252197,2.450000047683716,2.4800000190734863,2.4800000190734863,364400
2022-08-18,2.5,2.509999990463257,2.434999942779541,2.509999990463257,2.509999990463257,170000
2022-08-19,2.4700000286102295,2.4700000286102295,2.3499999046325684,2.4100000858306885,2.4100000858306885,334200
2022-08-22,2.3499999046325684,2.380000114440918,2.315000057220459,2.380000114440918,2.380000114440918,181400
2022-08-23,2.369999885559082,2.559999942779541,2.369999885559082,2.440000057220459,2.440000057220459,244300
2022-08-24,2.549999952316284,2.8399999141693115,2.5399999618530273,2.7799999713897705,2.7799999713897705,1752700
2022-08-25,2.880000114440918,3.059999942779541,2.809999942779541,2.9600000381469727,2.9600000381469727,955700
2022-08-26,3.0199999809265137,3.0199999809265137,2.7799999713897705,2.8399999141693115,2.8399999141693115,372600
2022-08-29,2.7799999713897705,3.180000066757202,2.7799999713897705,3.119999885559082,3.119999885559082,1338200
2022-08-30,3.2100000381469727,3.299999952316284,2.9800000190734863,3.299999952316284,3.299999952316284,1010100
2022-08-31,3.240000009536743,3.299999952316284,3.0999999046325684,3.190000057220459,3.190000057220459,775100
2022-09-01,3.130000114440918,3.130000114440918,2.859999895095825,2.9100000858306885,2.9100000858306885,761500
2022-09-02,2.990000009536743,2.990000009536743,2.740000009536743,2.859999895095825,2.859999895095825,559100
2022-09-06,2.9200000762939453,3.0299999713897705,2.869999885559082,2.869999885559082,2.869999885559082,793700
2022-09-07,2.940000057220459,3.0190000534057617,2.7899999618530273,2.950000047683716,2.950000047683716,491800
2022-09-08,2.9600000381469727,3.2200000286102295,2.9600000381469727,3.200000047683716,3.200000047683716,573200
2022-09-09,3.299999952316284,3.319999933242798,3.0899999141693115,3.190000057220459,3.190000057220459,480100
2022-09-12,3.2149999141693115,3.240000009536743,3.069999933242798,3.0799999237060547,3.0799999237060547,332200
2022-09-13,3.0299999713897705,3.0309998989105225,2.819999933242798,2.8399999141693115,2.8399999141693115,481400
2022-09-14,2.859999895095825,3.0299999713897705,2.8499999046325684,2.9600000381469727,2.9600000381469727,459800
2022-09-15,2.930000066757202,2.940000057220459,2.7300000190734863,2.7799999713897705,2.7799999713897705,318300
2022-09-16,2.700000047683716,2.7100000381469727,2.5999999046325684,2.619999885559082,2.619999885559082,608800
2022-09-19,2.5999999046325684,2.740000009536743,2.5799999237060547,2.700000047683716,2.700000047683716,375000
2022-09-20,2.680000066757202,2.7300000190734863,2.5799999237060547,2.6700000762939453,2.6700000762939453,250100
2022-09-21,2.6700000762939453,2.6700000762939453,2.5199999809265137,2.549999952316284,2.549999952316284,453300
2022-09-22,2.5,2.569999933242798,2.4100000858306885,2.440000057220459,2.440000057220459,729300
2022-09-23,2.3399999141693115,2.3949999809265137,2.180000066757202,2.200000047683716,2.200000047683716,700400
2022-09-26,2.200000047683716,2.2869999408721924,2.1500000953674316,2.1600000858306885,2.1600000858306885,406600
2022-09-27,2.2200000286102295,2.3499999046325684,2.1700000762939453,2.25,2.25,405700
2022-09-28,2.2799999713897705,2.4600000381469727,2.2100000381469727,2.450000047683716,2.450000047683716,399100
2022-09-29,2.4200000762939453,2.4200000762939453,2.2699999809265137,2.3499999046325684,2.3499999046325684,237200
2022-09-30,2.3499999046325684,2.4100000858306885,2.0999999046325684,2.240000009536743,2.240000009536743,491100
2022-10-03,2.2699999809265137,2.4600000381469727,2.259999990463257,2.450000047683716,2.450000047683716,409500
2022-10-04,2.490000009536743,2.5739998817443848,2.450000047683716,2.5399999618530273,2.5399999618530273,576100
2022-10-05,2.5,2.5999999046325684,2.4000000953674316,2.5999999046325684,2.5999999046325684,378700
2022-10-06,2.4700000286102295,2.5199999809265137,2.359999895095825,2.369999885559082,2.369999885559082,785700
2022-10-07,2.369999885559082,2.369999885559082,2.2899999618530273,2.319999933242798,2.319999933242798,444800
2022-10-10,2.299999952316284,2.309999942779541,2.1649999618530273,2.1700000762939453,2.1700000762939453,335800
2022-10-11,2.190000057220459,2.2899999618530273,2.140000104904175,2.200000047683716,2.200000047683716,446500
2022-10-12,2.2300000190734863,2.2799999713897705,2.140000104904175,2.2200000286102295,2.2200000286102295,639900
2022-10-13,2.180000066757202,2.299999952316284,2.130000114440918,2.2899999618530273,2.2899999618530273,296300
2022-10-14,2.2899999618530273,2.299999952316284,2.1600000858306885,2.190000057220459,2.190000057220459,325000
2022-10-17,2.25,2.319999933242798,2.2100000381469727,2.240000009536743,2.240000009536743,421900
2022-10-18,2.2899999618530273,2.319999933242798,2.180000066757202,2.2100000381469727,2.2100000381469727,409700
2022-10-19,2.2200000286102295,2.240000009536743,2.1700000762939453,2.2300000190734863,2.2300000190734863,289500
2022-10-20,2.25,2.2899999618530273,2.130000114440918,2.180000066757202,2.180000066757202,520500
2022-10-21,2.1600000858306885,2.299999952316284,2.1600000858306885,2.299999952316284,2.299999952316284,430200
2022-10-24,2.2799999713897705,2.299999952316284,2.2019999027252197,2.2699999809265137,2.2699999809265137,209400
2022-10-25,2.240000009536743,2.3499999046325684,2.240000009536743,2.2799999713897705,2.2799999713897705,467700
2022-10-26,2.2799999713897705,2.369999885559082,2.2300000190734863,2.259999990463257,2.259999990463257,552000
2022-10-27,2.2899999618530273,2.3299999237060547,2.2309999465942383,2.25,2.25,317100
2022-10-28,2.240000009536743,2.309999942779541,2.2279999256134033,2.309999942779541,2.309999942779541,275100
2022-10-31,2.2699999809265137,2.309000015258789,2.2200000286102295,2.2200000286102295,2.2200000286102295,309000
2022-11-01,2.2699999809265137,2.2799999713897705,2.200000047683716,2.2100000381469727,2.2100000381469727,223500
2022-11-02,2.2200000286102295,2.2300000190734863,2.0999999046325684,2.119999885559082,2.119999885559082,481900
2022-11-03,2.109999895095825,2.2100000381469727,2.0999999046325684,2.140000104904175,2.140000104904175,352600
2022-11-04,2.2100000381469727,2.25,2.140000104904175,2.1700000762939453,2.1700000762939453,501600
2022-11-07,2.4000000953674316,2.630000114440918,2.3399999141693115,2.559999942779541,2.559999942779541,3323000
2022-11-08,2.7100000381469727,2.799999952316284,2.569999933242798,2.7300000190734863,2.7300000190734863,1668400
2022-11-09,2.8299999237060547,2.8299999237060547,2.4800000190734863,2.559999942779541,2.559999942779541,1132000
2022-11-10,2.6600000858306885,2.7300000190734863,2.5199999809265137,2.6600000858306885,2.6600000858306885,865000
2022-11-11,2.680000066757202,2.75,2.634999990463257,2.7100000381469727,2.7100000381469727,640600
2022-11-14,2.8499999046325684,3.058000087738037,2.7699999809265137,2.9700000286102295,2.9700000286102295,3224600
2022-11-15,3.059999942779541,3.069999933242798,2.8499999046325684,2.9200000762939453,2.9200000762939453,1149900
2022-11-16,2.940000057220459,2.940000057220459,2.6600000858306885,2.6600000858306885,2.6600000858306885,808100
2022-11-17,2.680000066757202,2.7799999713897705,2.619999885559082,2.690000057220459,2.690000057220459,568100
2022-11-18,2.75,2.7699999809265137,2.619999885559082,2.6600000858306885,2.6600000858306885,374100
2022-11-21,2.6600000858306885,2.690000057220459,2.5399999618530273,2.690000057220459,2.690000057220459,610300
2022-11-22,2.690000057220459,2.7799999713897705,2.6700000762939453,2.740000009536743,2.740000009536743,514700
2022-11-23,2.7300000190734863,2.7339999675750732,2.609999895095825,2.6700000762939453,2.6700000762939453,452000
2022-11-25,2.619999885559082,2.7200000286102295,2.5999999046325684,2.6700000762939453,2.6700000762939453,209700
2022-11-28,2.7899999618530273,2.799999952316284,2.7100000381469727,2.744999885559082,2.744999885559082,1176100
2022-11-29,2.75,2.9100000858306885,2.740000009536743,2.869999885559082,2.869999885559082,873400
2022-11-30,2.9000000953674316,2.930000066757202,2.7799999713897705,2.930000066757202,2.930000066757202,890800
2022-12-01,2.950000047683716,2.950000047683716,2.7300000190734863,2.7799999713897705,2.7799999713897705,619000
2022-12-02,2.75,2.75,2.6500000953674316,2.740000009536743,2.740000009536743,497300
2022-12-05,2.759999990463257,2.7799999713897705,2.5429999828338623,2.549999952316284,2.549999952316284,834300
2022-12-06,2.5799999237060547,2.640000104904175,2.430000066757202,2.4600000381469727,2.4600000381469727,761400
2022-12-07,2.4600000381469727,2.4779999256134033,2.359999895095825,2.380000114440918,2.380000114440918,731500
2022-12-08,2.4100000858306885,2.450000047683716,2.359999895095825,2.4100000858306885,2.4100000858306885,535800
2022-12-09,2.430000066757202,2.4800000190734863,2.3399999141693115,2.369999885559082,2.369999885559082,613400
2022-12-12,2.3499999046325684,2.424999952316284,2.3399999141693115,2.4000000953674316,2.4000000953674316,682900
2022-12-13,2.4800000190734863,2.509999990463257,2.3399999141693115,2.390000104904175,2.390000104904175,612900
2022-12-14,2.390000104904175,2.4200000762939453,2.2899999618530273,2.3299999237060547,2.3299999237060547,441700
2022-12-15,2.390000104904175,2.440000057220459,2.2850000858306885,2.319999933242798,2.319999933242798,518000
2022-12-16,2.2699999809265137,2.319999933242798,2.25,2.299999952316284,2.299999952316284,565500
2022-12-19,2.2799999713897705,2.2899999618530273,2.190000057220459,2.200000047683716,2.200000047683716,706400
2022-12-20,2.2100000381469727,2.3299999237060547,2.200000047683716,2.319999933242798,2.319999933242798,709200
2022-12-21,2.319999933242798,2.390000104904175,2.319999933242798,2.359999895095825,2.359999895095825,503600
2022-12-22,2.319999933242798,2.3299999237060547,2.259999990463257,2.319999933242798,2.319999933242798,329000
2022-12-23,2.299999952316284,2.3299999237060547,2.2699999809265137,2.299999952316284,2.299999952316284,183900
2022-12-27,2.3499999046325684,2.359999895095825,2.2799999713897705,2.2899999618530273,2.2899999618530273,445500
2022-12-28,2.2899999618530273,2.2899999618530273,2.2219998836517334,2.240000009536743,2.240000009536743,389000
2022-12-29,2.240000009536743,2.3499999046325684,2.240000009536743,2.3499999046325684,2.3499999046325684,399900
2022-12-30,2.3299999237060547,2.369999885559082,2.2799999713897705,2.369999885559082,2.369999885559082,466400
2023-01-03,2.369999885559082,2.369999885559082,2.2200000286102295,2.25,2.25,860600
2023-01-04,2.240000009536743,2.3499999046325684,2.240000009536743,2.319999933242798,2.319999933242798,447300
2023-01-05,2.309999942779541,2.3499999046325684,2.2899999618530273,2.309999942779541,2.309999942779541,198100
2023-01-06,2.380000114440918,2.5,2.3399999141693115,2.4800000190734863,2.4800000190734863,646200
2023-01-09,2.549999952316284,2.5899999141693115,2.490000009536743,2.509999990463257,2.509999990463257,1020900
2023-01-10,2.5399999618530273,2.5899999141693115,2.505000114440918,2.5899999141693115,2.5899999141693115,364900
2023-01-11,2.5899999141693115,2.5999999046325684,2.4700000286102295,2.5199999809265137,2.5199999809265137,525700
2023-01-12,2.5399999618530273,2.568000078201294,2.4700000286102295,2.5199999809265137,2.5199999809265137,293000
2023-01-13,2.5199999809265137,2.569999933242798,2.499000072479248,2.549999952316284,2.549999952316284,232700
2023-01-17,2.559999942779541,2.5899999141693115,2.4600000381469727,2.4700000286102295,2.4700000286102295,498400
2023-01-18,2.4600000381469727,2.5199999809265137,2.36299991607666,2.390000104904175,2.390000104904175,484700
2023-01-19,2.359999895095825,2.380000114440918,2.2899999618530273,2.3499999046325684,2.3499999046325684,344700
2023-01-20,2.359999895095825,2.5199999809265137,2.3450000286102295,2.5199999809265137,2.5199999809265137,360100
2023-01-23,2.5199999809265137,2.6600000858306885,2.509999990463257,2.6500000953674316,2.6500000953674316,547100
2023-01-24,2.640000104904175,2.6489999294281006,2.559999942779541,2.5999999046325684,2.5999999046325684,305900
2023-01-25,2.569999933242798,2.609999895095825,2.509999990463257,2.5799999237060547,2.5799999237060547,581500
2023-01-26,2.630000114440918,2.6600000858306885,2.4700000286102295,2.509999990463257,2.509999990463257,402100
2023-01-27,2.509999990463257,2.640000104904175,2.4700000286102295,2.5899999141693115,2.5899999141693115,913800
2023-01-30,2.690000057220459,2.9700000286102295,2.640000104904175,2.8299999237060547,2.8299999237060547,2554500
2023-01-31,2.9000000953674316,2.9000000953674316,2.700000047683716,2.8299999237060547,2.8299999237060547,980800
2023-02-01,2.799999952316284,2.930000066757202,2.7130000591278076,2.9000000953674316,2.9000000953674316,890000
2023-02-02,2.880000114440918,3.0,2.700000047683716,2.75,2.75,1271600
2023-02-03,2.700000047683716,2.7799999713897705,2.630000114440918,2.640000104904175,2.640000104904175,599900
2023-02-06,2.6500000953674316,2.680000066757202,2.509999990463257,2.509999990463257,2.509999990463257,805300
2023-02-07,2.5,2.7200000286102295,2.5,2.7100000381469727,2.7100000381469727,813000
2023-02-08,2.700000047683716,2.740000009536743,2.559999942779541,2.5799999237060547,2.5799999237060547,565300
2023-02-09,2.609999895095825,2.7300000190734863,2.569999933242798,2.569999933242798,2.569999933242798,635900
2023-02-10,2.630000114440918,2.6700000762939453,2.552000045776367,2.6600000858306885,2.6600000858306885,374200
2023-02-13,2.640000104904175,2.6500000953674316,2.565000057220459,2.5999999046325684,2.5999999046325684,558300
2023-02-14,2.559999942779541,2.640000104904175,2.549999952316284,2.5899999141693115,2.5899999141693115,430400
2023-02-15,2.5799999237060547,2.5799999237060547,2.515000104904175,2.569999933242798,2.569999933242798,281100
2023-02-16,2.5199999809265137,2.549999952316284,2.4800000190734863,2.5,2.5,453200
2023-02-17,2.5,2.5,2.3949999809265137,2.4600000381469727,2.4600000381469727,592100
2023-02-21,2.4100000858306885,2.440000057220459,2.3399999141693115,2.359999895095825,2.359999895095825,561400
2023-02-22,2.369999885559082,2.377000093460083,2.299999952316284,2.3299999237060547,2.3299999237060547,434700
2023-02-23,2.3299999237060547,2.4000000953674316,2.3299999237060547,2.380000114440918,2.380000114440918,376100
2023-02-24,2.359999895095825,2.359999895095825,2.299999952316284,2.299999952316284,2.299999952316284,322300
2023-02-27,2.369999885559082,2.4549999237060547,2.3399999141693115,2.4000000953674316,2.4000000953674316,737000
2023-02-28,2.4800000190734863,2.490000009536743,2.369999885559082,2.390000104904175,2.390000104904175,426900
2023-03-01,2.4100000858306885,2.4649999141693115,2.390000104904175,2.4200000762939453,2.4200000762939453,430000
2023-03-02,2.4000000953674316,2.4200000762939453,2.369999885559082,2.4100000858306885,2.4100000858306885,259200
2023-03-03,2.4100000858306885,2.430000066757202,2.359999895095825,2.4000000953674316,2.4000000953674316,541400
2023-03-06,2.4000000953674316,2.4000000953674316,2.2899999618530273,2.299999952316284,2.299999952316284,540300
2023-03-07,2.299999952316284,2.3399999141693115,2.200000047683716,2.2200000286102295,2.2200000286102295,653300
2023-03-08,2.25,2.25,2.190000057220459,2.200000047683716,2.200000047683716,373100
2023-03-09,2.2300000190734863,2.2699999809265137,2.1700000762939453,2.180000066757202,2.180000066757202,551300
2023-03-10,2.1500000953674316,2.2149999141693115,2.119999885559082,2.130000114440918,2.130000114440918,1002100
2023-03-13,2.130000114440918,2.181999921798706,2.0199999809265137,2.1600000858306885,2.1600000858306885,919700
2023-03-14,2.180000066757202,2.180000066757202,2.0950000286102295,2.0999999046325684,2.0999999046325684,475200
2023-03-15,2.0999999046325684,2.0999999046325684,1.940000057220459,1.9900000095367432,1.9900000095367432,1168600
2023-03-16,1.9700000286102295,2.0799999237060547,1.9299999475479126,2.049999952316284,2.049999952316284,570100
2023-03-17,2.049999952316284,2.130000114440918,2.009999990463257,2.0999999046325684,2.0999999046325684,582700
2023-03-20,2.130000114440918,2.200000047683716,2.109999895095825,2.1600000858306885,2.1600000858306885,407200
2023-03-21,2.1500000953674316,2.200000047683716,2.130000114440918,2.180000066757202,2.180000066757202,349600
2023-03-22,2.190000057220459,2.2200000286102295,2.119999885559082,2.130000114440918,2.130000114440918,377100
2023-03-23,2.130000114440918,2.1600000858306885,2.009999990463257,2.049999952316284,2.049999952316284,538400
2023-03-24,2.009999990463257,2.0199999809265137,1.9500000476837158,2.0199999809265137,2.0199999809265137,603000
2023-03-27,1.9900000095367432,2.0399999618530273,1.9550000429153442,2.0199999809265137,2.0199999809265137,469400
2023-03-28,2.009999990463257,2.0450000762939453,1.9700000286102295,2.0399999618530273,2.0399999618530273,436900
2023-03-29,2.0399999618530273,2.109999895095825,2.0199999809265137,2.0899999141693115,2.0899999141693115,402000
2023-03-30,2.0999999046325684,2.180000066757202,2.055000066757202,2.180000066757202,2.180000066757202,669400
2023-03-31,2.1700000762939453,2.1700000762939453,2.0399999618530273,2.059999942779541,2.059999942779541,661300
2023-04-03,2.069999933242798,2.0950000286102295,2.0399999618530273,2.0899999141693115,2.0899999141693115,402100
2023-04-04,2.0999999046325684,2.0999999046325684,1.9700000286102295,1.9900000095367432,1.9900000095367432,636500
2023-04-05,1.9900000095367432,2.0350000858306885,1.9700000286102295,1.9900000095367432,1.9900000095367432,451300
2023-04-06,2.009999990463257,2.0199999809265137,1.9700000286102295,2.009999990463257,2.009999990463257,302600
2023-04-10,1.9900000095367432,2.0299999713897705,1.968999981880188,2.0299999713897705,2.0299999713897705,405500
2023-04-11,2.0299999713897705,2.049999952316284,2.0299999713897705,2.0399999618530273,2.0399999618530273,308300
2023-04-12,2.049999952316284,2.059999942779541,2.0,2.0299999713897705,2.0299999713897705,218300
2023-04-13,2.0399999618530273,2.0999999046325684,2.0399999618530273,2.049999952316284,2.049999952316284,360600
2023-04-14,2.065000057220459,2.0999999046325684,2.0490000247955322,2.0899999141693115,2.0899999141693115,395500
2023-04-17,2.0999999046325684,2.109999895095825,2.049999952316284,2.069999933242798,2.069999933242798,178000
2023-04-18,2.059999942779541,2.0899999141693115,2.0199999809265137,2.049999952316284,2.049999952316284,416100
2023-04-19,2.0399999618530273,2.0399999618530273,1.9800000190734863,2.0,2.0,242300
2023-04-20,1.9700000286102295,1.9900000095367432,1.899999976158142,1.9299999475479126,1.9299999475479126,732300
2023-04-21,1.9299999475479126,1.940000057220459,1.840000033378601,1.850000023841858,1.850000023841858,817100
2023-04-24,1.850000023841858,1.8700000047683716,1.809999942779541,1.840000033378601,1.840000033378601,527300
2023-04-25,1.850000023841858,1.8899999856948853,1.809999942779541,1.8700000047683716,1.8700000047683716,475200
2023-04-26,1.8899999856948853,1.9299999475479126,1.850000023841858,1.8600000143051147,1.8600000143051147,374800
2023-04-27,1.8700000047683716,1.9299999475479126,1.8700000047683716,1.9299999475479126,1.9299999475479126,257700
2023-04-28,1.9299999475479126,1.9900000095367432,1.8799999952316284,1.9700000286102295,1.9700000286102295,486000
2023-05-01,1.9700000286102295,1.9800000190734863,1.8600000143051147,1.8700000047683716,1.8700000047683716,531900
2023-05-02,1.8700000047683716,1.8700000047683716,1.809999942779541,1.8600000143051147,1.8600000143051147,390700
2023-05-03,1.850000023841858,1.8799999952316284,1.8300000429153442,1.840000033378601,1.840000033378601,304900
2023-05-04,1.8200000524520874,1.8700000047683716,1.8200000524520874,1.8700000047683716,1.8700000047683716,329800
2023-05-05,1.8899999856948853,1.9299999475479126,1.8799999952316284,1.9299999475479126,1.9299999475479126,233200
2023-05-08,1.9299999475479126,1.9500000476837158,1.899999976158142,1.9500000476837158,1.9500000476837158,297000
2023-05-09,1.9500000476837158,2.0450000762939453,1.9249999523162842,2.0399999618530273,2.0399999618530273,884000
2023-05-10,2.0299999713897705,2.059999942779541,1.9700000286102295,2.0,2.0,410700
2023-05-11,1.9800000190734863,2.0,1.8899999856948853,1.899999976158142,1.899999976158142,384900
2023-05-12,1.899999976158142,1.9600000381469727,1.8899999856948853,1.9299999475479126,1.9299999475479126,425900
2023-05-15,1.9600000381469727,1.9700000286102295,1.9299999475479126,1.9299999475479126,1.9299999475479126,209300
2023-05-16,1.940000057220459,1.940000057220459,1.8700000047683716,1.8799999952316284,1.8799999952316284,346100
2023-05-17,1.8799999952316284,1.9040000438690186,1.8650000095367432,1.8899999856948853,1.8899999856948853,252400
2023-05-18,1.8899999856948853,1.899999976158142,1.850000023841858,1.899999976158142,1.899999976158142,299800
2023-05-19,1.8899999856948853,1.940000057220459,1.8799999952316284,1.899999976158142,1.899999976158142,311300
2023-05-22,1.899999976158142,2.0199999809265137,1.899999976158142,2.009999990463257,2.009999990463257,452100
2023-05-23,1.9800000190734863,2.009999990463257,1.9500000476837158,1.9900000095367432,1.9900000095367432,290200
2023-05-24,1.9900000095367432,1.9900000095367432,1.909999966621399,1.9199999570846558,1.9199999570846558,345000
2023-05-25,1.909999966621399,1.940000057220459,1.8799999952316284,1.909999966621399,1.909999966621399,307400
2023-05-26,1.909999966621399,1.9199999570846558,1.8700000047683716,1.8899999856948853,1.8899999856948853,539700
2023-05-30,1.8899999856948853,1.8919999599456787,1.8600000143051147,1.8799999952316284,1.8799999952316284,346800
2023-05-31,1.8700000047683716,1.9199999570846558,1.8200000524520874,1.9199999570846558,1.9199999570846558,467500
2023-06-01,1.8700000047683716,2.140000104904175,1.8700000047683716,2.119999885559082,2.119999885559082,1717300
2023-06-02,2.140000104904175,2.180000066757202,2.0299999713897705,2.049999952316284,2.049999952316284,546900
2023-06-05,2.0199999809265137,2.109999895095825,2.009999990463257,2.0999999046325684,2.0999999046325684,473500
2023-06-06,2.119999885559082,2.140000104904175,2.0399999618530273,2.109999895095825,2.109999895095825,287900
2023-06-07,2.069999933242798,2.1689999103546143,2.069999933242798,2.119999885559082,2.119999885559082,319600
2023-06-08,2.1600000858306885,2.1700000762939453,2.0899999141693115,2.1600000858306885,2.1600000858306885,282100
2023-06-09,2.140000104904175,2.1500000953674316,2.049999952316284,2.0799999237060547,2.0799999237060547,405900
2023-06-12,2.0999999046325684,2.240000009536743,2.049999952316284,2.2200000286102295,2.2200000286102295,903500
2023-06-13,2.240000009536743,2.319999933242798,2.140000104904175,2.1500000953674316,2.1500000953674316,1011200
2023-06-14,2.1600000858306885,2.1700000762939453,2.0810000896453857,2.140000104904175,2.140000104904175,405700
2023-06-15,2.109999895095825,2.1600000858306885,2.0999999046325684,2.1500000953674316,2.1500000953674316,250500
2023-06-16,2.180000066757202,2.180000066757202,2.130000114440918,2.130000114440918,2.130000114440918,154700
2023-06-20,2.130000114440918,2.1500000953674316,2.0799999237060547,2.109999895095825,2.109999895095825,230000
2023-06-21,2.0799999237060547,2.109999895095825,2.059999942779541,2.069999933242798,2.069999933242798,265200
2023-06-22,2.059999942779541,2.069999933242798,1.9600000381469727,1.9700000286102295,1.9700000286102295,615800
2023-06-23,2.0,2.0,1.940000057220459,1.9500000476837158,1.9500000476837158,216100
2023-06-26,1.9800000190734863,2.0,1.9600000381469727,1.9900000095367432,1.9900000095367432,226500
2023-06-27,2.0,2.0,1.9700000286102295,1.9800000190734863,1.9800000190734863,168200
2023-06-28,2.0,2.0290000438690186,1.9600000381469727,1.9900000095367432,1.9900000095367432,300700
2023-06-29,2.009999990463257,2.0250000953674316,1.9700000286102295,1.9800000190734863,1.9800000190734863,148000
2023-06-30,2.0,2.0199999809265137,1.9600000381469727,2.0,2.0,228800
2023-07-03,1.9800000190734863,2.0,1.9600000381469727,1.9700000286102295,1.9700000286102295,139000
2023-07-05,1.9600000381469727,1.9700000286102295,1.9199999570846558,1.9600000381469727,1.9600000381469727,343100
2023-07-06,1.9600000381469727,1.9700000286102295,1.8899999856948853,1.9199999570846558,1.9199999570846558,423700
2023-07-07,1.9199999570846558,1.9600000381469727,1.9019999504089355,1.9199999570846558,1.9199999570846558,328300
2023-07-10,1.9199999570846558,1.9600000381469727,1.899999976158142,1.9299999475479126,1.9299999475479126,404400
2023-07-11,1.940000057220459,1.9550000429153442,1.909999966621399,1.940000057220459,1.940000057220459,374100
2023-07-12,1.9550000429153442,1.9850000143051147,1.899999976158142,1.9600000381469727,1.9600000381469727,417900
2023-07-13,1.9800000190734863,2.0850000381469727,1.9600000381469727,2.0799999237060547,2.0799999237060547,499200
2023-07-14,2.0999999046325684,2.0999999046325684,2.0199999809265137,2.0299999713897705,2.0299999713897705,463200
2023-07-17,2.009999990463257,2.109999895095825,2.009999990463257,2.0899999141693115,2.0899999141693115,339300
2023-07-18,2.049999952316284,2.130000114440918,2.049999952316284,2.0999999046325684,2.0999999046325684,261900
2023-07-19,2.059999942779541,2.0999999046325684,2.0250000953674316,2.0399999618530273,2.0399999618530273,412900
2023-07-20,2.0399999618530273,2.069999933242798,2.0199999809265137,2.0399999618530273,2.0399999618530273,318100
2023-07-21,2.0199999809265137,2.0299999713897705,1.9700000286102295,2.009999990463257,2.009999990463257,244500
2023-07-24,2.0199999809265137,2.0899999141693115,2.010999917984009,2.0399999618530273,2.0399999618530273,328700
2023-07-25,2.059999942779541,2.1700000762939453,2.049999952316284,2.1600000858306885,2.1600000858306885,382400
2023-07-26,2.1600000858306885,2.1700000762939453,2.049999952316284,2.0999999046325684,2.0999999046325684,441700
2023-07-27,2.119999885559082,2.119999885559082,2.0299999713897705,2.059999942779541,2.059999942779541,305700
2023-07-28,2.0999999046325684,2.130000114440918,2.075000047683716,2.119999885559082,2.119999885559082,238700
2023-07-31,2.1500000953674316,2.2799999713897705,2.130000114440918,2.2799999713897705,2.2799999713897705,918100
2023-08-01,2.2699999809265137,2.2699999809265137,2.1500000953674316,2.190000057220459,2.190000057220459,530800
2023-08-02,2.190000057220459,2.190000057220459,2.059999942779541,2.1600000858306885,2.1600000858306885,525400
2023-08-03,2.1500000953674316,2.2100000381469727,2.0999999046325684,2.130000114440918,2.130000114440918,567300
2023-08-04,2.1600000858306885,2.180000066757202,2.109999895095825,2.130000114440918,2.130000114440918,451300
2023-08-07,2.1500000953674316,2.299999952316284,2.140000104904175,2.240000009536743,2.240000009536743,591400
2023-08-08,2.2300000190734863,2.259999990463257,2.119999885559082,2.25,2.25,717300
2023-08-09,2.2799999713897705,2.2799999713897705,2.190000057220459,2.240000009536743,2.240000009536743,425200
2023-08-10,2.259999990463257,2.2699999809265137,2.1700000762939453,2.200000047683716,2.200000047683716,580000
2023-08-11,2.180000066757202,2.259999990463257,2.140000104904175,2.25,2.25,455100
2023-08-14,2.259999990463257,2.259999990463257,2.180000066757202,2.240000009536743,2.240000009536743,440300
2023-08-15,2.25,2.25,2.140000104904175,2.1600000858306885,2.1600000858306885,541400
2023-08-16,2.130000114440918,2.1549999713897705,2.0299999713897705,2.0399999618530273,2.0399999618530273,1105000
2023-08-17,2.0299999713897705,2.069999933242798,2.0199999809265137,2.0399999618530273,2.0399999618530273,699600
2023-08-18,2.0299999713897705,2.1700000762939453,2.0209999084472656,2.1500000953674316,2.1500000953674316,572500
2023-08-21,2.200000047683716,2.375,2.1700000762939453,2.3399999141693115,2.3399999141693115,1740300
2023-08-22,2.390000104904175,2.4000000953674316,2.2200000286102295,2.3399999141693115,2.3399999141693115,1167100
2023-08-23,2.3399999141693115,2.490000009536743,2.3299999237060547,2.450000047683716,2.450000047683716,932900
2023-08-24,2.430000066757202,2.4600000381469727,2.3299999237060547,2.3499999046325684,2.3499999046325684,666000
2023-08-25,2.3299999237060547,2.390000104904175,2.2750000953674316,2.390000104904175,2.390000104904175,624500
2023-08-28,2.4200000762939453,2.5299999713897705,2.4200000762939453,2.509999990463257,2.509999990463257,1069700
2023-08-29,2.5199999809265137,2.5299999713897705,2.4200000762939453,2.4600000381469727,2.4600000381469727,748700
2023-08-30,2.450000047683716,2.5399999618530273,2.380000114440918,2.4800000190734863,2.4800000190734863,971700
2023-08-31,2.509999990463257,2.509999990463257,2.440000057220459,2.4800000190734863,2.4800000190734863,542900
2023-09-01,2.4800000190734863,2.569999933242798,2.4800000190734863,2.5199999809265137,2.5199999809265137,792900
2023-09-05,2.559999942779541,2.690000057220459,2.5399999618530273,2.6500000953674316,2.6500000953674316,1365100
2023-09-06,2.6500000953674316,2.6600000858306885,2.5399999618530273,2.569999933242798,2.569999933242798,1094200
2023-09-07,2.5399999618530273,2.5399999618530273,2.434999942779541,2.4800000190734863,2.4800000190734863,1141200
2023-09-08,2.4800000190734863,2.5250000953674316,2.4200000762939453,2.490000009536743,2.490000009536743,758400
2023-09-11,2.5399999618530273,2.630000114440918,2.5,2.559999942779541,2.559999942779541,1120300
2023-09-12,2.569999933242798,2.674999952316284,2.559999942779541,2.6700000762939453,2.6700000762939453,891300
2023-09-13,2.6700000762939453,2.7750000953674316,2.621000051498413,2.7699999809265137,2.7699999809265137,1294600
2023-09-14,2.799999952316284,2.940000057220459,2.7209999561309814,2.869999885559082,2.869999885559082,1818500
2023-09-15,2.9100000858306885,3.0199999809265137,2.819999933242798,2.869999885559082,2.869999885559082,1806800
2023-09-18,2.859999895095825,2.9600000381469727,2.7799999713897705,2.9200000762939453,2.9200000762939453,1451000
2023-09-19,2.9100000858306885,2.940000057220459,2.6500000953674316,2.700000047683716,2.700000047683716,2143900
2023-09-20,2.6700000762939453,2.8550000190734863,2.6700000762939453,2.75,2.75,1360600
2023-09-21,2.700000047683716,2.809999942779541,2.6549999713897705,2.700000047683716,2.700000047683716,995300
2023-09-22,2.7799999713897705,2.9679999351501465,2.7200000286102295,2.890000104904175,2.890000104904175,1217900
2023-09-25,2.9000000953674316,3.1700000762939453,2.9000000953674316,3.109999895095825,3.109999895095825,3250900
2023-09-26,3.119999885559082,3.180000066757202,3.0,3.0199999809265137,3.0199999809265137,1816900
2023-09-27,3.0799999237060547,3.1500000953674316,2.819999933242798,2.940000057220459,2.940000057220459,1598100
2023-09-28,2.9200000762939453,3.1500000953674316,2.9200000762939453,3.059999942779541,3.059999942779541,1586300
2023-09-29,3.130000114440918,3.130000114440918,2.8350000381469727,2.869999885559082,2.869999885559082,1359600
2023-10-02,2.950000047683716,3.0199999809265137,2.7799999713897705,2.8299999237060547,2.8299999237060547,2361300
2023-10-03,2.819999933242798,2.9100000858306885,2.7799999713897705,2.819999933242798,2.819999933242798,1794900
2023-10-04,2.799999952316284,2.9100000858306885,2.678999900817871,2.869999885559082,2.869999885559082,2180400
2023-10-05,2.880000114440918,2.9800000190734863,2.815000057220459,2.890000104904175,2.890000104904175,1394500
2023-10-06,2.890000104904175,3.2100000381469727,2.8499999046325684,3.1700000762939453,3.1700000762939453,2073800
2023-10-09,3.180000066757202,3.2899999618530273,3.0850000381469727,3.130000114440918,3.130000114440918,1232100
2023-10-10,2.9200000762939453,3.0199999809265137,2.8299999237060547,2.930000066757202,2.930000066757202,4973400
2023-10-11,2.940000057220459,2.940000057220459,2.6600000858306885,2.700000047683716,2.700000047683716,3281400
2023-10-12,2.7200000286102295,2.7899999618530273,2.690000057220459,2.75,2.75,1440100
2023-10-13,2.740000009536743,2.7699999809265137,2.6700000762939453,2.7100000381469727,2.7100000381469727,1242100
2023-10-16,2.690000057220459,2.7249999046325684,2.5799999237060547,2.640000104904175,2.640000104904175,1397600
2023-10-17,2.630000114440918,2.7699999809265137,2.630000114440918,2.630000114440918,2.630000114440918,2016700
2023-10-18,2.630000114440918,2.7100000381469727,2.609999895095825,2.6600000858306885,2.6600000858306885,1065200
2023-10-19,2.680000066757202,2.75,2.5439999103546143,2.7100000381469727,2.7100000381469727,2094800
2023-10-20,2.740000009536743,2.819999933242798,2.6700000762939453,2.759999990463257,2.759999990463257,1574400
2023-10-23,2.7699999809265137,2.825000047683716,2.640000104904175,2.7699999809265137,2.7699999809265137,1528500
2023-10-24,2.7699999809265137,2.805000066757202,2.740000009536743,2.799999952316284,2.799999952316284,1853700
2023-10-25,2.809999942779541,2.9000000953674316,2.7950000762939453,2.809999942779541,2.809999942779541,1629600
2023-10-26,2.799999952316284,2.809999942779541,2.6500000953674316,2.700000047683716,2.700000047683716,1106500
2023-10-27,2.7300000190734863,2.740000009536743,2.609999895095825,2.640000104904175,2.640000104904175,1250100
2023-10-30,2.640000104904175,2.7049999237060547,2.630000114440918,2.690000057220459,2.690000057220459,1230700
2023-10-31,2.680000066757202,2.9000000953674316,2.6700000762939453,2.859999895095825,2.859999895095825,1543100
2023-11-01,2.9000000953674316,2.9000000953674316,2.7200000286102295,2.7699999809265137,2.7699999809265137,1534100
2023-11-02,2.7899999618530273,2.859999895095825,2.7699999809265137,2.799999952316284,2.799999952316284,983800
2023-11-03,2.8399999141693115,2.8399999141693115,2.6500000953674316,2.6700000762939453,2.6700000762939453,1537400
2023-11-06,2.7100000381469727,2.734999895095825,2.634999990463257,2.6700000762939453,2.6700000762939453,949500
2023-11-07,2.6600000858306885,2.7699999809265137,2.6089999675750732,2.7200000286102295,2.7200000286102295,964200
2023-11-08,2.7200000286102295,2.740000009536743,2.6449999809265137,2.680000066757202,2.680000066757202,968300
2023-11-09,2.6700000762939453,2.799999952316284,2.6700000762939453,2.700000047683716,2.700000047683716,981500
2023-11-10,2.7300000190734863,2.809999942779541,2.680000066757202,2.759999990463257,2.759999990463257,872600
2023-11-13,2.799999952316284,2.880000114440918,2.7699999809265137,2.8299999237060547,2.8299999237060547,748900
2023-11-14,2.869999885559082,2.890000104904175,2.7899999618530273,2.859999895095825,2.859999895095825,1013200
2023-11-15,2.8399999141693115,2.9000000953674316,2.740000009536743,2.759999990463257,2.759999990463257,707000
2023-11-16,2.7699999809265137,2.8399999141693115,2.7200000286102295,2.799999952316284,2.799999952316284,849100
2023-11-17,2.859999895095825,2.990000009536743,2.8499999046325684,2.9600000381469727,2.9600000381469727,1500000
2023-11-20,3.0,3.0450000762939453,2.9200000762939453,2.950000047683716,2.950000047683716,1196500
2023-11-21,2.940000057220459,2.999000072479248,2.8610000610351562,2.930000066757202,2.930000066757202,886300
2023-11-22,3.0299999713897705,3.1600000858306885,2.9800000190734863,3.0999999046325684,3.0999999046325684,2907400
2023-11-24,3.0799999237060547,3.1700000762939453,3.0299999713897705,3.0999999046325684,3.0999999046325684,632900
2023-11-27,3.069999933242798,3.0999999046325684,3.0,3.0299999713897705,3.0299999713897705,955100
2023-11-28,3.0299999713897705,3.0420000553131104,2.9000000953674316,2.940000057220459,2.940000057220459,960200
2023-11-29,2.990000009536743,2.990000009536743,2.809999942779541,2.809999942779541,2.809999942779541,885900
2023-11-30,2.819999933242798,2.9600000381469727,2.809999942779541,2.950000047683716,2.950000047683716,734600
2023-12-01,2.9600000381469727,3.0199999809265137,2.8550000190734863,2.880000114440918,2.880000114440918,954400
2023-12-04,2.9200000762939453,2.950000047683716,2.869999885559082,2.930000066757202,2.930000066757202,746000
2023-12-05,2.9000000953674316,2.930000066757202,2.819999933242798,2.819999933242798,2.819999933242798,651500
2023-12-06,2.8299999237060547,2.859999895095825,2.7699999809265137,2.809999942779541,2.809999942779541,1178500
2023-12-07,2.8499999046325684,2.8499999046325684,2.7750000953674316,2.8299999237060547,2.8299999237060547,664700
2023-12-08,2.8499999046325684,2.9100000858306885,2.8399999141693115,2.880000114440918,2.880000114440918,816500
2023-12-11,2.880000114440918,2.9000000953674316,2.75,2.799999952316284,2.799999952316284,940600
2023-12-12,2.819999933242798,2.819999933242798,2.680000066757202,2.7899999618530273,2.7899999618530273,1535300
2023-12-13,2.75,2.809999942779541,2.630000114440918,2.7200000286102295,2.7200000286102295,1004100
2023-12-14,2.700000047683716,2.869999885559082,2.630000114440918,2.859999895095825,2.859999895095825,1640600
2023-12-15,2.869999885559082,2.869999885559082,2.7249999046325684,2.7300000190734863,2.7300000190734863,1092900
2023-12-18,2.7300000190734863,2.819999933242798,2.7100000381469727,2.759999990463257,2.759999990463257,1230100
2023-12-19,2.759999990463257,2.7699999809265137,2.6600000858306885,2.6600000858306885,2.6600000858306885,1169300
2023-12-20,2.6600000858306885,2.7100000381469727,2.5899999141693115,2.5999999046325684,2.5999999046325684,1160400
2023-12-21,2.609999895095825,2.680000066757202,2.559999942779541,2.6700000762939453,2.6700000762939453,1512000
2023-12-22,2.690000057220459,2.819999933242798,2.680000066757202,2.75,2.75,1029900
2023-12-26,2.759999990463257,2.7699999809265137,2.6600000858306885,2.7200000286102295,2.7200000286102295,978500
2023-12-27,2.7200000286102295,2.7799999713897705,2.6700000762939453,2.6700000762939453,2.6700000762939453,1077300
2023-12-28,2.7100000381469727,2.7300000190734863,2.5799999237060547,2.640000104904175,2.640000104904175,1067100
2023-12-29,2.6700000762939453,2.7200000286102295,2.6500000953674316,2.700000047683716,2.700000047683716,576800
2024-01-02,2.7249999046325684,2.75,2.619999885559082,2.630000114440918,2.630000114440918,888800
2024-01-03,2.609999895095825,2.6500000953674316,2.569999933242798,2.5799999237060547,2.5799999237060547,760200
2024-01-04,2.5999999046325684,2.6549999713897705,2.5799999237060547,2.5899999141693115,2.5899999141693115,732600
2024-01-05,2.6050000190734863,2.619999885559082,2.4800000190734863,2.4800000190734863,2.4800000190734863,1483500
2024-01-08,2.490000009536743,2.5299999713897705,2.430000066757202,2.5199999809265137,2.5199999809265137,1283600
2024-01-09,2.5399999618530273,2.6600000858306885,2.4790000915527344,2.5999999046325684,2.5999999046325684,1515700
2024-01-10,2.700000047683716,2.740000009536743,2.625,2.6500000953674316,2.6500000953674316,1518200
2024-01-11,2.6500000953674316,2.7249999046325684,2.5850000381469727,2.7200000286102295,2.7200000286102295,1105600
2024-01-12,2.859999895095825,3.190000057220459,2.8320000171661377,3.109999895095825,3.109999895095825,5508800
2024-01-16,3.3399999141693115,3.630000114440918,3.2699999809265137,3.5199999809265137,3.5199999809265137,7767800
2024-01-17,3.509999990463257,3.6700000762939453,3.380000114440918,3.640000104904175,3.640000104904175,3013900
2024-01-18,3.7200000286102295,3.7200000286102295,3.490000009536743,3.6500000953674316,3.6500000953674316,2283200
2024-01-19,3.6700000762939453,3.680000066757202,3.5,3.630000114440918,3.630000114440918,2470800
2024-01-22,3.5999999046325684,3.619999885559082,3.3450000286102295,3.359999895095825,3.359999895095825,2403900
2024-01-23,3.309999942779541,3.5899999141693115,3.309999942779541,3.559999942779541,3.559999942779541,1440000
2024-01-24,3.569999933242798,3.6500000953674316,3.515000104904175,3.5399999618530273,3.5399999618530273,1229600
2024-01-25,3.5299999713897705,3.5399999618530273,3.2799999713897705,3.3399999141693115,3.3399999141693115,2475400
2024-01-26,3.2300000190734863,3.3499999046325684,3.200000047683716,3.319999933242798,3.319999933242798,1307800
2024-01-29,3.3399999141693115,3.359999895095825,3.2049999237060547,3.2799999713897705,3.2799999713897705,1070800
2024-01-30,3.25,3.4800000190734863,3.240000009536743,3.430000066757202,3.430000066757202,1357000
2024-01-31,3.450000047683716,3.450000047683716,3.3550000190734863,3.380000114440918,3.380000114440918,1333300
2024-02-01,3.509999990463257,3.759999990463257,3.4800000190734863,3.5799999237060547,3.5799999237060547,2827200
2024-02-02,3.490000009536743,3.490000009536743,3.2200000286102295,3.309999942779541,3.309999942779541,4298500
2024-02-05,3.299999952316284,3.299999952316284,3.049999952316284,3.1700000762939453,3.1700000762939453,2971700
2024-02-06,3.190000057220459,3.190000057220459,3.0299999713897705,3.059999942779541,3.059999942779541,1779300
2024-02-07,3.0399999618530273,3.140000104904175,3.0199999809265137,3.130000114440918,3.130000114440918,1742000
2024-02-08,3.0999999046325684,3.1050000190734863,2.9200000762939453,2.990000009536743,2.990000009536743,2398300
2024-02-09,2.990000009536743,3.069999933242798,2.924999952316284,3.009999990463257,3.009999990463257,1996500
2024-02-12,3.0,3.140000104904175,2.9700000286102295,3.0299999713897705,3.0299999713897705,1236900
2024-02-13,3.009999990463257,3.009999990463257,2.869999885559082,2.890000104904175,2.890000104904175,2129900
2024-02-14,2.9200000762939453,2.994999885559082,2.869999885559082,2.9100000858306885,2.9100000858306885,1323500
2024-02-15,2.940000057220459,2.9649999141693115,2.8499999046325684,2.880000114440918,2.880000114440918,1169800
2024-02-16,2.859999895095825,2.9200000762939453,2.8499999046325684,2.8499999046325684,2.8499999046325684,789000
2024-02-20,2.8499999046325684,2.884999990463257,2.7100000381469727,2.7200000286102295,2.7200000286102295,1813500
2024-02-21,2.7200000286102295,2.8399999141693115,2.680000066757202,2.7899999618530273,2.7899999618530273,1467400
2024-02-22,2.8299999237060547,2.8350000381469727,2.5899999141693115,2.5999999046325684,2.5999999046325684,2527300
2024-02-23,2.630000114440918,2.690000057220459,2.569999933242798,2.619999885559082,2.619999885559082,2502300
2024-02-26,2.609999895095825,2.684999942779541,2.559999942779541,2.630000114440918,2.630000114440918,1684900
2024-02-27,2.6500000953674316,2.7300000190734863,2.625,2.680000066757202,2.680000066757202,2219700
2024-02-28,2.7100000381469727,2.7200000286102295,2.5399999618530273,2.549999952316284,2.549999952316284,3539400
2024-02-29,2.5999999046325684,2.7100000381469727,2.565000057220459,2.569999933242798,2.569999933242798,1651700
2024-03-01,2.5799999237060547,2.7049999237060547,2.559999942779541,2.6500000953674316,2.6500000953674316,2017600
2024-03-04,2.740000009536743,2.759999990463257,2.5250000953674316,2.549999952316284,2.549999952316284,2496500
2024-03-05,2.549999952316284,2.640000104904175,2.5299999713897705,2.559999942779541,2.559999942779541,1528700
2024-03-06,2.5999999046325684,2.640000104904175,2.559999942779541,2.569999933242798,2.569999933242798,1029200
2024-03-07,2.5999999046325684,2.740000009536743,2.5799999237060547,2.700000047683716,2.700000047683716,1819400
2024-03-08,2.740000009536743,2.756999969482422,2.5199999809265137,2.559999942779541,2.559999942779541,2419200
2024-03-11,2.5799999237060547,2.5999999046325684,2.5250000953674316,2.5799999237060547,2.5799999237060547,1317400
2024-03-12,2.5799999237060547,2.630000114440918,2.509999990463257,2.5399999618530273,2.5399999618530273,1215300
2024-03-13,2.5899999141693115,2.609999895095825,2.4100000858306885,2.430000066757202,2.430000066757202,2856700
2024-03-14,2.450000047683716,2.4749999046325684,2.3299999237060547,2.359999895095825,2.359999895095825,2160300
2024-03-15,2.440000057220459,2.496000051498413,2.4000000953674316,2.450000047683716,2.450000047683716,1893700
2024-03-18,2.509999990463257,2.509999990463257,2.4000000953674316,2.4000000953674316,2.4000000953674316,1258700
2024-03-19,2.4000000953674316,2.450000047683716,2.359999895095825,2.380000114440918,2.380000114440918,1273800
2024-03-20,2.4000000953674316,2.509999990463257,2.359999895095825,2.490000009536743,2.490000009536743,1362600
2024-03-21,2.5399999618530273,2.5399999618530273,2.440000057220459,2.4700000286102295,2.4700000286102295,1317500
2024-03-22,2.4700000286102295,2.494999885559082,2.4100000858306885,2.430000066757202,2.430000066757202,1071100
2024-03-25,2.430000066757202,2.5299999713897705,2.369999885559082,2.390000104904175,2.390000104904175,1275400
2024-03-26,2.380000114440918,2.430000066757202,2.369999885559082,2.4000000953674316,2.4000000953674316,989500
2024-03-27,2.4000000953674316,2.450000047683716,2.369999885559082,2.450000047683716,2.450000047683716,912200
2024-03-28,2.430000066757202,2.4549999237060547,2.375,2.390000104904175,2.390000104904175,1655000
2024-04-01,2.430000066757202,2.549999952316284,2.4100000858306885,2.549999952316284,2.549999952316284,1725400
2024-04-02,2.549999952316284,2.5999999046325684,2.4600000381469727,2.5799999237060547,2.5799999237060547,1593700
2024-04-03,2.5999999046325684,2.7149999141693115,2.575000047683716,2.7100000381469727,2.7100000381469727,1761600
2024-04-04,2.7799999713897705,2.7799999713897705,2.549999952316284,2.5799999237060547,2.5799999237060547,1816100
2024-04-05,2.559999942779541,2.638000011444092,2.5299999713897705,2.569999933242798,2.569999933242798,1259500
2024-04-08,2.5799999237060547,2.5850000381469727,2.4800000190734863,2.509999990463257,2.509999990463257,1191500
2024-04-09,2.5199999809265137,2.559999942779541,2.5,2.5199999809265137,2.5199999809265137,809100
2024-04-10,2.490000009536743,2.509999990463257,2.4200000762939453,2.4600000381469727,2.4600000381469727,1287000
2024-04-11,2.4600000381469727,2.559999942779541,2.4200000762939453,2.5399999618530273,2.5399999618530273,1410400
2024-04-12,2.5399999618530273,2.609999895095825,2.4200000762939453,2.430000066757202,2.430000066757202,1876600
2024-04-15,2.440000057220459,2.549999952316284,2.3540000915527344,2.369999885559082,2.369999885559082,1394200
2024-04-16,2.359999895095825,2.390000104904175,2.2699999809265137,2.3499999046325684,2.3499999046325684,1118900
2024-04-17,2.3499999046325684,2.4100000858306885,2.3299999237060547,2.3399999141693115,2.3399999141693115,615600
2024-04-18,2.3399999141693115,2.365000009536743,2.2799999713897705,2.3299999237060547,2.3299999237060547,1187200
2024-04-19,2.309999942779541,2.3889999389648438,2.309999942779541,2.3399999141693115,2.3399999141693115,674800
2024-04-22,2.3399999141693115,2.359999895095825,2.2829999923706055,2.3399999141693115,2.3399999141693115,929300
2024-04-23,2.3399999141693115,2.369999885559082,2.299999952316284,2.309999942779541,2.309999942779541,765500
2024-04-24,2.319999933242798,2.3499999046325684,2.259999990463257,2.2699999809265137,2.2699999809265137,1522300
2024-04-25,2.259999990463257,2.2799999713897705,2.2100000381469727,2.2699999809265137,2.2699999809265137,985800
2024-04-26,2.2699999809265137,2.369999885559082,2.240000009536743,2.3499999046325684,2.3499999046325684,956100
2024-04-29,2.4000000953674316,2.4549999237060547,2.3499999046325684,2.440000057220459,2.440000057220459,1279200
2024-04-30,2.4200000762939453,2.4200000762939453,2.2899999618530273,2.2899999618530273,2.2899999618530273,1140000
2024-05-01,2.4100000858306885,2.509999990463257,2.319999933242798,2.3399999141693115,2.3399999141693115,2430800
2024-05-02,2.390000104904175,2.5,2.3499999046325684,2.4600000381469727,2.4600000381469727,1467900
2024-05-03,2.490000009536743,2.509999990463257,2.3929998874664307,2.4700000286102295,2.4700000286102295,910600
2024-05-06,2.4700000286102295,2.619999885559082,2.4700000286102295,2.5799999237060547,2.5799999237060547,1047400
2024-05-07,2.5999999046325684,2.6600000858306885,2.555000066757202,2.5799999237060547,2.5799999237060547,965100
2024-05-08,2.559999942779541,2.569999933242798,2.490000009536743,2.509999990463257,2.509999990463257,863200
2024-05-09,2.509999990463257,2.625,2.509999990463257,2.609999895095825,2.609999895095825,830400
2024-05-10,2.6500000953674316,2.6500000953674316,2.509999990463257,2.5399999618530273,2.5399999618530273,709100
2024-05-13,2.549999952316284,2.619999885559082,2.509999990463257,2.5199999809265137,2.5199999809265137,740800
2024-05-14,2.5,2.6050000190734863,2.5,2.559999942779541,2.559999942779541,804300
2024-05-15,2.5799999237060547,2.7200000286102295,2.559999942779541,2.6700000762939453,2.6700000762939453,2244100
2024-05-16,2.6700000762939453,2.6700000762939453,2.609999895095825,2.6500000953674316,2.6500000953674316,1054300
2024-05-17,2.6600000858306885,2.7699999809265137,2.640000104904175,2.740000009536743,2.740000009536743,1513400
2024-05-20,2.75,2.859999895095825,2.75,2.8399999141693115,2.8399999141693115,1230800
2024-05-21,2.809999942779541,2.8399999141693115,2.759999990463257,2.799999952316284,2.799999952316284,1103000
2024-05-22,2.7899999618530273,2.7899999618530273,2.693000078201294,2.7100000381469727,2.7100000381469727,911500
2024-05-23,2.7300000190734863,2.7300000190734863,2.609999895095825,2.630000114440918,2.630000114440918,645600
2024-05-24,2.630000114440918,2.7200000286102295,2.630000114440918,2.700000047683716,2.700000047683716,601800
2024-05-28,2.75,2.809999942779541,2.7200000286102295,2.7699999809265137,2.7699999809265137,807200
2024-05-29,2.759999990463257,2.759999990463257,2.6500000953674316,2.7100000381469727,2.7100000381469727,554600
2024-05-30,2.680000066757202,2.75,2.6700000762939453,2.6700000762939453,2.6700000762939453,581800
2024-05-31,2.6600000858306885,2.734999895095825,2.630000114440918,2.6500000953674316,2.6500000953674316,526100
2024-06-03,2.6500000953674316,2.6600000858306885,2.549999952316284,2.5899999141693115,2.5899999141693115,757700
2024-06-04,2.549999952316284,2.549999952316284,2.4100000858306885,2.4200000762939453,2.4200000762939453,1203100
2024-06-05,2.4700000286102295,2.5,2.4000000953674316,2.430000066757202,2.430000066757202,1342500
2024-06-06,2.430000066757202,2.509999990463257,2.4200000762939453,2.5,2.5,1042100
2024-06-07,2.4700000286102295,2.4700000286102295,2.359999895095825,2.380000114440918,2.380000114440918,872000
2024-06-10,2.4000000953674316,2.4700000286102295,2.369999885559082,2.440000057220459,2.440000057220459,907400
2024-06-11,2.430000066757202,2.430000066757202,2.2750000953674316,2.309999942779541,2.309999942779541,1570800
2024-06-12,2.380000114440918,2.4149999618530273,2.299999952316284,2.369999885559082,2.369999885559082,1174100
2024-06-13,2.359999895095825,2.490000009536743,2.359999895095825,2.450000047683716,2.450000047683716,919500
2024-06-14,2.4700000286102295,2.4700000286102295,2.380000114440918,2.4000000953674316,2.4000000953674316,530100
2024-06-17,2.4000000953674316,2.4100000858306885,2.3499999046325684,2.390000104904175,2.390000104904175,1049900
2024-06-18,2.369999885559082,2.4800000190734863,2.369999885559082,2.4600000381469727,2.4600000381469727,884300
2024-06-20,2.4700000286102295,2.490000009536743,2.4000000953674316,2.430000066757202,2.430000066757202,930700
2024-06-21,2.430000066757202,2.430000066757202,2.3499999046325684,2.369999885559082,2.369999885559082,586400
2024-06-24,2.369999885559082,2.380000114440918,2.2899999618530273,2.299999952316284,2.299999952316284,520400
2024-06-25,2.2899999618530273,2.299999952316284,2.240000009536743,2.259999990463257,2.259999990463257,827600
2024-06-26,2.2300000190734863,2.3350000381469727,2.2300000190734863,2.259999990463257,2.259999990463257,1045600
2024-06-27,2.2699999809265137,2.3399999141693115,2.2660000324249268,2.299999952316284,2.299999952316284,713600
2024-06-28,2.319999933242798,2.3499999046325684,2.240000009536743,2.25,2.25,555900
2024-07-01,2.259999990463257,2.309999942779541,2.259999990463257,2.2699999809265137,2.2699999809265137,316900
2024-07-02,2.2799999713897705,2.299999952316284,2.2200000286102295,2.25,2.25,616300
2024-07-03,2.240000009536743,2.359999895095825,2.240000009536743,2.319999933242798,2.319999933242798,568000
2024-07-05,2.309999942779541,2.3299999237060547,2.25,2.2899999618530273,2.2899999618530273,508500
2024-07-08,2.2899999618530273,2.3299999237060547,2.240000009536743,2.2699999809265137,2.2699999809265137,949100
2024-07-09,2.240000009536743,2.2950000762939453,2.2300000190734863,2.259999990463257,2.259999990463257,629200
2024-07-10,2.2699999809265137,2.5250000953674316,2.2699999809265137,2.509999990463257,2.509999990463257,3364600
2024-07-11,2.549999952316284,2.630000114440918,2.5,2.609999895095825,2.609999895095825,2093200
2024-07-12,2.619999885559082,2.680000066757202,2.5850000381469727,2.630000114440918,2.630000114440918,1467000
2024-07-15,2.609999895095825,2.6649999618530273,2.5810000896453857,2.6500000953674316,2.6500000953674316,1209400
2024-07-16,2.6700000762939453,2.6700000762939453,2.575000047683716,2.5899999141693115,2.5899999141693115,927100
2024-07-17,2.5799999237060547,2.5799999237060547,2.430000066757202,2.4800000190734863,2.4800000190734863,1228700
2024-07-18,2.5,2.5299999713897705,2.309999942779541,2.3299999237060547,2.3299999237060547,1212500
2024-07-19,2.3299999237060547,2.390000104904175,2.2950000762939453,2.3399999141693115,2.3399999141693115,1019600
2024-07-22,2.4200000762939453,2.4200000762939453,2.2909998893737793,2.3499999046325684,2.3499999046325684,747200
2024-07-23,2.3499999046325684,2.369999885559082,2.2899999618530273,2.369999885559082,2.369999885559082,798700
2024-07-24,2.369999885559082,2.390000104904175,2.2899999618530273,2.2899999618530273,2.2899999618530273,759100
2024-07-25,2.299999952316284,2.299999952316284,2.200000047683716,2.25,2.25,1434700
2024-07-26,2.2699999809265137,2.319000005722046,2.255000114440918,2.309999942779541,2.309999942779541,1018400
2024-07-29,2.319999933242798,2.319999933242798,2.200000047683716,2.2300000190734863,2.2300000190734863,1065800
2024-07-30,2.240000009536743,2.25,2.1600000858306885,2.2300000190734863,2.2300000190734863,1114100
2024-07-31,2.259999990463257,2.450000047683716,2.25,2.4100000858306885,2.4100000858306885,1346400
2024-08-01,2.380000114440918,2.3949999809265137,2.1600000858306885,2.2100000381469727,2.2100000381469727,1699900
2024-08-02,2.1600000858306885,2.1700000762939453,2.0799999237060547,2.140000104904175,2.140000104904175,1810100
2024-08-05,1.9900000095367432,2.109999895095825,1.9199999570846558,2.049999952316284,2.049999952316284,2661500
2024-08-06,2.119999885559082,2.2200000286102295,2.059999942779541,2.200000047683716,2.200000047683716,3671200
2024-08-07,2.2200000286102295,2.2899999618530273,2.1500000953674316,2.1500000953674316,2.1500000953674316,3139100
2024-08-08,2.180000066757202,2.180000066757202,2.0899999141693115,2.109999895095825,2.109999895095825,1098100
2024-08-09,2.119999885559082,2.140000104904175,2.065000057220459,2.069999933242798,2.069999933242798,962300
2024-08-12,2.0999999046325684,2.140000104904175,2.0799999237060547,2.0999999046325684,2.0999999046325684,1128900
2024-08-13,2.0999999046325684,2.109999895095825,2.069999933242798,2.0899999141693115,2.0899999141693115,791200
2024-08-14,2.0999999046325684,2.140000104904175,2.0899999141693115,2.119999885559082,2.119999885559082,674700
2024-08-15,2.119999885559082,2.2200000286102295,2.119999885559082,2.200000047683716,2.200000047683716,1055700
2024-08-16,2.2300000190734863,2.23799991607666,2.1700000762939453,2.200000047683716,2.200000047683716,1058200
2024-08-19,2.2200000286102295,2.2300000190734863,2.1500000953674316,2.1600000858306885,2.1600000858306885,735100
2024-08-20,2.1600000858306885,2.1700000762939453,2.109999895095825,2.140000104904175,2.140000104904175,728300
2024-08-21,2.140000104904175,2.1449999809265137,2.0850000381469727,2.0999999046325684,2.0999999046325684,1012600
2024-08-22,2.119999885559082,2.119999885559082,2.015000104904175,2.0199999809265137,2.0199999809265137,1181500
2024-08-23,2.130000114440918,2.4000000953674316,2.130000114440918,2.319999933242798,2.319999933242798,4474400
2024-08-26,2.3399999141693115,2.359999895095825,2.2300000190734863,2.240000009536743,2.240000009536743,1388400
2024-08-27,2.240000009536743,2.299999952316284,2.180000066757202,2.299999952316284,2.299999952316284,1563000
2024-08-28,2.25,2.259999990463257,2.1600000858306885,2.200000047683716,2.200000047683716,1341700
2024-08-29,2.180000066757202,2.2200000286102295,2.1549999713897705,2.200000047683716,2.200000047683716,912000
2024-08-30,2.200000047683716,2.2149999141693115,2.1600000858306885,2.190000057220459,2.190000057220459,634000
2024-09-03,2.190000057220459,2.190000057220459,1.9900000095367432,2.0,2.0,2012900
2024-09-04,2.0,2.055999994277954,1.9900000095367432,2.0199999809265137,2.0199999809265137,1546400
2024-09-05,2.0299999713897705,2.0399999618530273,1.9199999570846558,1.9299999475479126,1.9299999475479126,1282900
2024-09-06,1.940000057220459,1.9670000076293945,1.8600000143051147,1.940000057220459,1.940000057220459,1800700
2024-09-09,1.9600000381469727,1.965000033378601,1.899999976158142,1.909999966621399,1.909999966621399,1080200
2024-09-10,1.909999966621399,2.0799999237060547,1.8849999904632568,2.0799999237060547,2.0799999237060547,2346700
2024-09-11,2.0799999237060547,2.240000009536743,2.065000057220459,2.2100000381469727,2.2100000381469727,2622900
2024-09-12,2.2300000190734863,2.319999933242798,2.2200000286102295,2.25,2.25,1489100
2024-09-13,2.259999990463257,2.2799999713897705,2.109999895095825,2.119999885559082,2.119999885559082,1571500
2024-09-16,2.1500000953674316,2.180000066757202,2.0999999046325684,2.180000066757202,2.180000066757202,822600
2024-09-17,2.190000057220459,2.2300000190734863,2.1700000762939453,2.2100000381469727,2.2100000381469727,1341900
2024-09-18,2.2100000381469727,2.2690000534057617,2.1500000953674316,2.180000066757202,2.180000066757202,1280100
2024-09-19,2.25,2.2699999809265137,2.2100000381469727,2.240000009536743,2.240000009536743,793700
2024-09-20,2.369999885559082,2.4100000858306885,2.2899999618530273,2.3299999237060547,2.3299999237060547,1917200
2024-09-23,2.369999885559082,2.4700000286102295,2.3299999237060547,2.450000047683716,2.450000047683716,2200300
2024-09-24,2.5199999809265137,2.5390000343322754,2.430000066757202,2.5199999809265137,2.5199999809265137,1454400
2024-09-25,2.490000009536743,2.5799999237060547,2.4709999561309814,2.5299999713897705,2.5299999713897705,1546200
2024-09-26,2.5799999237060547,2.619999885559082,2.484999895095825,2.490000009536743,2.490000009536743,1678700
2024-09-27,2.5,2.509999990463257,2.4100000858306885,2.4700000286102295,2.4700000286102295,828300
2024-09-30,2.4600000381469727,2.494999885559082,2.390000104904175,2.450000047683716,2.450000047683716,900800
2024-10-01,2.450000047683716,2.559999942779541,2.450000047683716,2.549999952316284,2.549999952316284,909300
2024-10-02,2.5,2.625,2.490000009536743,2.5999999046325684,2.5999999046325684,1933300
2024-10-03,2.609999895095825,2.7170000076293945,2.559999942779541,2.569999933242798,2.569999933242798,1399500
2024-10-04,2.5799999237060547,2.6500000953674316,2.5350000858306885,2.630000114440918,2.630000114440918,1106600
2024-10-07,2.7300000190734863,2.7950000762939453,2.5399999618530273,2.5999999046325684,2.5999999046325684,2837500
2024-10-08,2.5999999046325684,2.61899995803833,2.5199999809265137,2.5999999046325684,2.5999999046325684,1146600
2024-10-09,2.5899999141693115,2.5899999141693115,2.4539999961853027,2.509999990463257,2.509999990463257,1229800
2024-10-10,2.490000009536743,2.569999933242798,2.4700000286102295,2.5299999713897705,2.5299999713897705,809700
